time,gaze_x,gaze_y,gaze_z,cam_x,cam_y,cam_z,cam_qx,cam_qy,cam_qz,cam_qw,gaze_o_x,gaze_o_y,gaze_o_z,gaze_dir_x,gaze_dir_y,gaze_dir_z,p0Id,p0_x,p0_y,p0_z,p1Id,p1_x,p1_y,p1_z
PREF,CourseWidth,13
PREF,SlopeAngle,8
PREF,PlayerFSpeed,95
PREF,PlayerHSpeed,8
PREF,CameraHeight,3
PREF,SubjectID,4
PREF,Method,4
PREF,RandomSeed,10
PREF,ThresholdAngleDeg,4.14
PREF,Blur_OuterAngleDeg,140
PREF,Blur_SigmaPx,1.3
PREF,"SnowPlaneNormal",0,0.9902681,0.1391731
PREF,"SnowPlanePoint",0,-56.21634,400
START_REL_SEC,0
0,NaN,NaN,NaN,-0.1950149,6.353455,0.0343927,-0.020458,0.006051898,-0.003347861,0.9997668,NaN,NaN,NaN,NaN,NaN,NaN,-1,NaN,NaN,NaN,-1,NaN,NaN,NaN
0,NaN,NaN,NaN,-0.1982496,2.983445,0.03733122,-0.02051008,0.006295055,-0.002684704,0.9997663,-0.1977832,2.982506,0.03416419,-0.008000775,-0.1203873,0.9926947,-1,NaN,NaN,NaN,-1,NaN,NaN,NaN
0.01998901,NaN,NaN,NaN,-0.2004767,2.983414,0.03825544,-0.01977346,0.006513059,-0.002480471,0.9997802,-0.1997628,2.982506,0.03416419,-0.008000775,-0.1203873,0.9926947,-1,NaN,NaN,NaN,-1,NaN,NaN,NaN
0.04040527,NaN,NaN,NaN,-0.2026843,2.983474,0.03920813,-0.01933372,0.006202549,-0.001903974,0.999792,-0.2020618,2.982452,0.03648651,-0.0077978,-0.1191326,0.9928477,-1,NaN,NaN,NaN,-1,NaN,NaN,NaN
0.06335449,NaN,NaN,NaN,-0.2094944,2.983863,0.04104139,-0.01925679,0.005598128,-0.001147958,0.9997983,-0.2081152,2.982452,0.03648651,-0.0077978,-0.1191326,0.9928477,-1,NaN,NaN,NaN,-1,NaN,NaN,NaN
0.08865356,NaN,NaN,NaN,-0.2177418,2.984255,0.0427283,-0.01955537,0.004488349,0.0001349663,0.9997987,-0.215946,2.982441,0.03877056,-0.005960288,-0.1146163,0.9933919,-1,NaN,NaN,NaN,-1,NaN,NaN,NaN
0.1139526,NaN,NaN,NaN,-0.2270499,2.984541,0.04435987,-0.02055398,0.003432333,0.001108316,0.9997823,-0.2250928,2.982738,0.04090416,-0.007109832,-0.1056654,0.9943763,-1,NaN,NaN,NaN,-1,NaN,NaN,NaN
0.1390991,NaN,NaN,NaN,-0.2345592,2.984799,0.04591902,-0.02181199,0.002414972,0.002732753,0.9997555,-0.2328584,2.983165,0.04295278,0.05617079,-0.1045094,0.9929364,-1,NaN,NaN,NaN,-1,NaN,NaN,NaN
0.1617126,NaN,NaN,NaN,-0.2444744,2.984707,0.04794067,-0.02187273,0.001028121,0.005441452,0.9997455,-0.2416719,2.983165,0.04295278,0.05617079,-0.1045094,0.9929364,-1,NaN,NaN,NaN,-1,NaN,NaN,NaN
0.1864014,NaN,NaN,NaN,-0.2506942,2.984512,0.04922069,-0.02057973,0.0003407001,0.006535429,0.9997668,-0.2482707,2.983562,0.04492521,0.01102221,-0.1026395,0.9946576,-1,NaN,NaN,NaN,-1,NaN,NaN,NaN
0.2092896,NaN,NaN,NaN,-0.2560304,2.985413,0.05038416,-0.02246932,-0.0006075203,0.00619014,0.9997282,-0.2539758,2.98368,0.04666853,0.009180719,-0.07951841,0.9967911,-1,NaN,NaN,NaN,-1,NaN,NaN,NaN
0.2298584,NaN,NaN,NaN,-0.2600789,2.985713,0.05132152,-0.02474249,-0.001764089,0.005396213,0.9996778,-0.2575745,2.98368,0.04666853,0.009180719,-0.07951841,0.9967911,-1,NaN,NaN,NaN,-1,NaN,NaN,NaN
0.2528687,NaN,NaN,NaN,-0.2592203,2.98489,0.05163441,-0.02378372,-0.002451092,0.00537388,0.9996997,-0.2576741,2.983892,0.04801536,-0.007213204,-0.07861923,0.9968786,-1,NaN,NaN,NaN,-1,NaN,NaN,NaN
0.2764893,NaN,NaN,NaN,-0.2626607,2.984982,0.05261061,-0.02338597,-0.003305554,0.003766947,0.999714,-0.2614579,2.984116,0.04948437,-0.01186859,-0.08665457,0.9961677,-1,NaN,NaN,NaN,-1,NaN,NaN,NaN
0.2961426,NaN,NaN,NaN,-0.2626545,2.98545,0.05384377,-0.02558908,-0.004241437,0.00248546,0.9996605,-0.2614523,2.984116,0.04948437,-0.01186859,-0.08665457,0.9961677,-1,NaN,NaN,NaN,-1,NaN,NaN,NaN
0.3182373,NaN,NaN,NaN,-0.2611588,2.985669,0.05414183,-0.02695004,-0.004117519,0.001964627,0.9996264,-0.2606539,2.984098,0.05081415,-0.01478856,-0.08571048,0.9962103,-1,NaN,NaN,NaN,-1,NaN,NaN,NaN
0.346344,NaN,NaN,NaN,-0.2663023,2.985089,0.05491249,-0.02703132,-0.002188325,-0.002696765,0.9996286,-0.2656066,2.984127,0.05208278,-0.01701043,-0.08334613,0.9963755,-1,NaN,NaN,NaN,-1,NaN,NaN,NaN
0.3600159,NaN,NaN,NaN,-0.2646292,2.984936,0.05532327,-0.02577906,-0.001514733,-0.001922444,0.9996647,-0.2641194,2.984127,0.05208278,-0.01701043,-0.08334613,0.9963755,-1,NaN,NaN,NaN,-1,NaN,NaN,NaN
0.3880615,NaN,NaN,NaN,-0.2649397,2.984887,0.05608515,-0.02525373,-0.001836091,0.0008100411,0.9996791,-0.2646961,2.984129,0.05324578,-0.01461865,-0.08419278,0.9963422,-1,NaN,NaN,NaN,-1,NaN,NaN,NaN
0.401886,NaN,NaN,NaN,-0.2663206,2.985138,0.05654778,-0.02509353,-0.00153476,0.0007921541,0.9996836,-0.2659235,2.984129,0.05324578,-0.01461865,-0.08419278,0.9963422,-1,NaN,NaN,NaN,-1,NaN,NaN,NaN
0.4299622,NaN,NaN,NaN,-0.2634767,2.985414,0.05747446,-0.02540162,0.0004029572,0.0003145561,0.9996772,-0.2635277,2.984082,0.05430794,-0.014245,-0.08604654,0.9961893,-1,NaN,NaN,NaN,-1,NaN,NaN,NaN
0.4434204,NaN,NaN,NaN,-0.2621325,2.985456,0.05800679,-0.02571577,0.00173232,0.0003357641,0.9996678,-0.2624298,2.984056,0.0553304,-0.0132459,-0.08618721,0.996191,-1,NaN,NaN,NaN,-1,NaN,NaN,NaN
0.4715881,NaN,NaN,NaN,-0.2606779,2.985667,0.05892941,-0.02620954,0.002872378,0.0009404337,0.9996519,-0.2611368,2.984056,0.0553304,-0.0132459,-0.08618721,0.996191,-1,NaN,NaN,NaN,-1,NaN,NaN,NaN
0.485199,0.04065064,-26.76642,190.8122,-0.2593054,2.985662,0.05960219,-0.02668318,0.003157586,0.001129975,0.9996383,-0.2598975,2.984271,0.05618072,0.001556742,-0.1540989,0.9880542,-1,NaN,NaN,NaN,-1,NaN,NaN,NaN
0.5132446,0.2830031,-18.00155,128.4469,-0.2561413,2.985447,0.06077321,-0.02615781,0.004274189,0.001206286,0.999648,-0.256936,2.984437,0.05728114,0.004150357,-0.1613132,0.9868945,-1,NaN,NaN,NaN,-1,NaN,NaN,NaN
0.5287781,0.2841075,-18.00158,128.4472,-0.2549001,2.985506,0.06149876,-0.02596154,0.005091429,0.0002324069,0.99965,-0.2558326,2.984437,0.05728114,0.004150357,-0.1613132,0.9868945,-1,NaN,NaN,NaN,-1,NaN,NaN,NaN
0.5550232,0.2139388,-17.0672,121.7987,-0.2517783,2.9854,0.06275517,-0.02507992,0.005656898,0.0006659162,0.9996693,-0.2528099,2.984504,0.05857551,0.003782977,-0.1625182,0.9866983,-1,NaN,NaN,NaN,-1,NaN,NaN,NaN
0.5726318,0.2981751,-17.98171,128.3058,-0.2507307,2.984926,0.06329021,-0.02368904,0.005800724,0.000470046,0.9997025,-0.2515554,2.984507,0.05996203,0.004230337,-0.1613413,0.9868896,-1,NaN,NaN,NaN,-1,NaN,NaN,NaN
0.6065674,0.6342781,-22.16617,158.0797,-0.2483968,2.984758,0.06453258,-0.02169851,0.006535381,-0.0001625782,0.9997432,-0.2491406,2.984344,0.06134856,0.005521028,-0.1571811,0.9875544,-1,NaN,NaN,NaN,-1,NaN,NaN,NaN
0.6366882,0.5553529,-22.3302,159.2469,-0.2463814,2.984702,0.06587338,-0.02246763,0.007220984,-0.0009910567,0.9997211,-0.2470028,2.984062,0.06283772,0.004977815,-0.1570497,0.9875782,-1,NaN,NaN,NaN,-1,NaN,NaN,NaN
0.6677551,0.5561737,-22.33022,159.247,-0.2454585,2.983977,0.06705949,-0.02031139,0.008208632,-0.000259229,0.99976,-0.2461824,2.984062,0.06283772,0.004977815,-0.1570497,0.9875782,-1,NaN,NaN,NaN,-1,NaN,NaN,NaN
0.6996155,0.5572543,-20.52476,146.4005,-0.2459712,2.984143,0.06852011,-0.02073892,0.008614212,0.0002105059,0.9997478,-0.2463231,2.983844,0.06436968,0.005421715,-0.158612,0.9873261,-1,NaN,NaN,NaN,-1,NaN,NaN,NaN
0.7292786,0.2284782,-18.58823,132.6214,-0.2448218,2.984199,0.06991863,-0.02214721,0.008627235,0.001669083,0.9997161,-0.2450598,2.9834,0.06586897,0.003525968,-0.1606226,0.9870096,-1,NaN,NaN,NaN,-1,NaN,NaN,NaN
0.7585144,-1.106178,-21.6211,154.2014,-0.2447941,2.984099,0.07115857,-0.02052754,0.009181857,0.002105587,0.9997449,-0.2449194,2.983121,0.06746018,-0.005517782,-0.1576307,0.9874827,-1,NaN,NaN,NaN,-1,NaN,NaN,NaN
0.7872009,-2.017262,-21.96293,156.6336,-0.2448743,2.984129,0.07230164,-0.01848626,0.009943128,0.002116745,0.9997774,-0.2449155,2.983091,0.0690999,-0.01117851,-0.1573392,0.9874814,-1,NaN,NaN,NaN,-1,NaN,NaN,NaN
0.8141785,-2.191125,-19.49107,139.0454,-0.2460075,2.984175,0.07326663,-0.01661265,0.009711028,0.00273044,0.9998112,-0.2458865,2.983083,0.07066071,-0.01381623,-0.1596247,0.9870811,-1,NaN,NaN,NaN,-1,NaN,NaN,NaN
0.8431091,-1.96722,-18.28802,130.4854,-0.2464408,2.98429,0.07426628,-0.01621951,0.01021528,0.001608424,0.999815,-0.2462997,2.983176,0.07193983,-0.01302267,-0.160965,0.9868742,-1,NaN,NaN,NaN,-1,NaN,NaN,NaN
0.8697815,-1.674824,-16.27447,116.1581,-0.2480787,2.984275,0.07518008,-0.01550379,0.01058653,0.001569789,0.9998226,-0.2478342,2.983183,0.07325876,-0.01212601,-0.1636442,0.986445,-1,NaN,NaN,NaN,-1,NaN,NaN,NaN
0.900116,-1.676719,-16.27446,116.1581,-0.2502117,2.983987,0.0759826,-0.0141852,0.01040307,0.001427979,0.9998443,-0.2497302,2.983183,0.07325876,-0.01212601,-0.1636442,0.986445,-1,NaN,NaN,NaN,-1,NaN,NaN,NaN
0.9250488,-1.817892,-18.44336,131.5906,-0.253107,2.98346,0.07669088,-0.01261745,0.01023185,0.001380164,0.9998671,-0.252423,2.983195,0.07446492,-0.01174754,-0.1607884,0.986919,-1,NaN,NaN,NaN,-1,NaN,NaN,NaN
0.9538574,-2.487698,-21.15534,150.8873,-0.2591052,2.982798,0.07718511,-0.01021576,0.01028973,0.0005281842,0.9998947,-0.2580326,2.982958,0.0756402,-0.01459707,-0.1580275,0.9873268,-1,NaN,NaN,NaN,-1,NaN,NaN,NaN
0.9824829,-2.345564,-19.56903,139.6001,-0.2645765,2.98233,0.07728283,-0.007258586,0.009926796,0.0003261736,0.9999243,-0.2633327,2.982448,0.07664371,-0.01473107,-0.159544,0.9870809,-1,NaN,NaN,NaN,-1,NaN,NaN,NaN
1.010193,-1.86473,-18.30434,130.6014,-0.2714936,2.982138,0.077123,-0.005015644,0.009506792,0.0003330936,0.9999422,-0.270005,2.981906,0.07713342,-0.01205766,-0.1609446,0.9868898,-1,NaN,NaN,NaN,-1,NaN,NaN,NaN
1.038177,-1.587615,-15.20979,108.5826,-0.2796293,2.982009,0.07674634,-0.004136893,0.009084612,-9.205868E-05,0.9999502,-0.2779611,2.981409,0.07728338,-0.01190298,-0.1653333,0.9861659,-1,NaN,NaN,NaN,-1,NaN,NaN,NaN
1.06665,-1.596303,-15.2098,108.5826,-0.2894023,2.982135,0.0761922,-0.003186838,0.008796186,-0.001029782,0.9999558,-0.2866483,2.981409,0.07728338,-0.01190298,-0.1653333,0.9861659,-1,NaN,NaN,NaN,-1,NaN,NaN,NaN
1.093903,-1.975781,-16.93513,120.859,-0.3012734,2.982195,0.07529947,-0.002428315,0.008404911,-0.001307315,0.9999609,-0.2980521,2.981225,0.07723439,-0.01370421,-0.162683,0.9865832,-1,NaN,NaN,NaN,-1,NaN,NaN,NaN
1.121613,-1.909816,-15.31543,109.3342,-0.3153141,2.982371,0.07428212,-0.002438781,0.00731349,-0.001254719,0.9999695,-0.3117045,2.981121,0.07668567,-0.01442463,-0.1651455,0.9861637,-1,NaN,NaN,NaN,-1,NaN,NaN,NaN
1.149475,-2.029453,-14.86335,106.1175,-0.3304971,2.982109,0.0729079,-0.002368213,0.006387085,-0.001567695,0.9999756,-0.3266604,2.981138,0.07577109,-0.01583313,-0.165924,0.9860114,-1,NaN,NaN,NaN,-1,NaN,NaN,NaN
1.177429,-1.528701,-17.07889,121.8818,-0.3480353,2.981926,0.07154728,-0.001717156,0.005996733,-0.002471029,0.9999775,-0.3440107,2.981181,0.07461238,-0.009596232,-0.1624907,0.9866634,-1,NaN,NaN,NaN,-1,NaN,NaN,NaN
1.2052,-1.672215,-15.90856,113.5545,-0.3674026,2.981972,0.06999499,-0.002085359,0.006090254,-0.004040427,0.9999712,-0.3632631,2.981059,0.07327282,-0.01137723,-0.164186,0.9863638,-1,NaN,NaN,NaN,-1,NaN,NaN,NaN
1.233459,-1.689652,-15.90857,113.5546,-0.3870178,2.981468,0.06802309,-0.001892851,0.005265951,-0.003096891,0.9999796,-0.3806989,2.981059,0.07327282,-0.01137723,-0.164186,0.9863638,-1,NaN,NaN,NaN,-1,NaN,NaN,NaN
1.260925,-2.055931,-16.51053,117.8377,-0.4099645,2.981189,0.06591621,-0.001585108,0.00565362,-0.004262662,0.9999737,-0.4034046,2.98094,0.07146418,-0.01384259,-0.1632727,0.9864839,-1,NaN,NaN,NaN,-1,NaN,NaN,NaN
1.288727,-2.114104,-15.67702,111.907,-0.4337657,2.980365,0.06361401,-0.001249479,0.006689996,-0.004636819,0.9999661,-0.4271277,2.980674,0.0693624,-0.01487688,-0.164536,0.9862589,-1,NaN,NaN,NaN,-1,NaN,NaN,NaN
1.316589,-2.130028,-15.92269,113.6551,-0.4605124,2.979936,0.06131063,-0.0004540524,0.008070589,-0.005348713,0.9999531,-0.4537942,2.980101,0.06701112,-0.01455538,-0.1641403,0.9863296,-1,NaN,NaN,NaN,-1,NaN,NaN,NaN
1.344421,-1.711601,-15.16924,108.294,-0.4876482,2.979662,0.05876043,-8.725259E-05,0.009214939,-0.004815062,0.999946,-0.4810507,2.979426,0.06438637,-0.01121255,-0.1653673,0.9861683,-1,NaN,NaN,NaN,-1,NaN,NaN,NaN
1.372314,-1.445632,-14.54572,103.8574,-0.5187852,2.979032,0.05585577,0.0007694466,0.01028678,-0.005101539,0.9999338,-0.512103,2.978972,0.06152487,-0.008868025,-0.1664753,0.9860058,-1,NaN,NaN,NaN,-1,NaN,NaN,NaN
1.400482,-1.474715,-14.54571,103.8574,-0.5515042,2.978565,0.05296929,0.001656203,0.01096654,-0.005107665,0.9999255,-0.5411865,2.978972,0.06152487,-0.008868025,-0.1664753,0.9860058,-1,NaN,NaN,NaN,-1,NaN,NaN,NaN
1.427917,-1.510903,-13.77538,98.37613,-0.5876461,2.978207,0.05007625,0.001518905,0.01172769,-0.006077838,0.9999117,-0.5770512,2.978453,0.05840397,-0.009362916,-0.1679761,0.9857466,-1,NaN,NaN,NaN,-1,NaN,NaN,NaN
1.455811,-1.342515,-13.56501,96.87928,-0.6250554,2.977336,0.04693434,0.0009474626,0.01206762,-0.00656016,0.9999053,-0.6144627,2.977875,0.05514979,-0.007411717,-0.1684099,0.9856892,-1,NaN,NaN,NaN,-1,NaN,NaN,NaN
1.483856,-1.123914,-15.93076,113.7125,-0.66583,2.976469,0.04367923,0.001359167,0.01202306,-0.007260198,0.9999005,-0.6552249,2.977295,0.05159724,-0.004067643,-0.1640985,0.9864356,-1,NaN,NaN,NaN,-1,NaN,NaN,NaN
1.511627,-1.086321,-15.88645,113.3972,-0.7094796,2.975888,0.04041213,0.001865771,0.01225376,-0.008553324,0.9998866,-0.6989402,2.976503,0.04788566,-0.003371202,-0.1641559,0.9864287,-1,NaN,NaN,NaN,-1,NaN,NaN,NaN
1.539337,-1.638103,-12.3182,88.00775,-0.7556852,2.974783,0.03732044,0.001538617,0.0126361,-0.009273739,0.999876,-0.7453488,2.97556,0.04412687,-0.009998613,-0.1712862,0.9851706,-1,NaN,NaN,NaN,-1,NaN,NaN,NaN
1.56723,-1.681174,-12.31821,88.00784,-0.8041391,2.973728,0.0342814,0.0003676667,0.01242325,-0.008348151,0.999888,-0.788419,2.97556,0.04412687,-0.009998613,-0.1712862,0.9851706,-1,NaN,NaN,NaN,-1,NaN,NaN,NaN
1.59491,-1.72695,-12.31422,87.97944,-0.855689,2.972637,0.03130106,-0.00151354,0.0121969,-0.008241782,0.9998906,-0.8400043,2.974487,0.04040456,-0.009936357,-0.1712779,0.9851727,-1,NaN,NaN,NaN,-1,NaN,NaN,NaN
1.622833,-2.019886,-13.05545,93.25361,-0.9110816,2.972067,0.02866459,-0.003146376,0.01304126,-0.01073433,0.9998524,-0.8954501,2.973369,0.03657043,-0.01188724,-0.1694526,0.9854667,-1,NaN,NaN,NaN,-1,NaN,NaN,NaN
1.650787,-2.203285,-14.64725,104.5799,-0.9683223,2.971316,0.02618514,-0.003786133,0.0130994,-0.01050145,0.9998519,-0.9530066,2.972209,0.03292108,-0.01179188,-0.1661764,0.9860255,-1,NaN,NaN,NaN,-1,NaN,NaN,NaN
1.678497,-2.323823,-16.4527,117.4263,-1.02887,2.970686,0.02387431,-0.004038225,0.01351226,-0.0109461,0.9998407,-1.013959,2.971374,0.02963877,-0.01100726,-0.1632276,0.986527,-1,NaN,NaN,NaN,-1,NaN,NaN,NaN
1.706421,-2.190511,-14.51524,103.6405,-1.093099,2.969749,0.02136922,-0.003630857,0.01444763,-0.0116926,0.9998207,-1.078634,2.970463,0.02658641,-0.01058073,-0.1663959,0.9860023,-1,NaN,NaN,NaN,-1,NaN,NaN,NaN
1.734222,-2.251588,-14.51524,103.6406,-1.161811,2.969064,0.01899171,-0.002636705,0.01578185,-0.01260473,0.9997926,-1.139711,2.970463,0.02658641,-0.01058073,-0.1663959,0.9860023,-1,NaN,NaN,NaN,-1,NaN,NaN,NaN
1.762024,-2.203567,-13.59627,97.10175,-1.234042,2.96857,0.01692874,-0.004492782,0.01620227,-0.01195464,0.9997872,-1.212,2.969505,0.02365482,-0.01006806,-0.1682038,0.9857008,-1,NaN,NaN,NaN,-1,NaN,NaN,NaN
1.789856,-2.281008,-12.97502,92.68128,-1.31095,2.967712,0.0151038,-0.007451729,0.01627326,-0.01135977,0.9997753,-1.289056,2.968544,0.02082455,-0.01054959,-0.1695631,0.9854629,-1,NaN,NaN,NaN,-1,NaN,NaN,NaN
1.81778,-2.39137,-14.25226,101.7693,-1.389387,2.967244,0.01348344,-0.009659054,0.01623273,-0.01105608,0.9997604,-1.368157,2.967675,0.01832855,-0.00991457,-0.1668551,0.9859316,-1,NaN,NaN,NaN,-1,NaN,NaN,NaN
1.845673,-2.451786,-13.15481,93.9606,-1.470084,2.967808,0.01244906,-0.01097312,0.01597482,-0.01114091,0.9997501,-1.449748,2.966921,0.01589262,-0.01051199,-0.169127,0.9855382,-1,NaN,NaN,NaN,-1,NaN,NaN,NaN
1.873505,-2.751812,-14.25321,101.7761,-1.551883,2.969088,0.01195992,-0.01093393,0.01565343,-0.0109597,0.9997577,-1.532794,2.966564,0.0139215,-0.01181034,-0.1668323,0.9859146,-1,NaN,NaN,NaN,-1,NaN,NaN,NaN
1.901306,-2.823794,-14.25321,101.7761,-1.632863,2.970407,0.01148316,-0.009736746,0.01522741,-0.008775526,0.9997982,-1.604777,2.966564,0.0139215,-0.01181034,-0.1668323,0.9859146,-1,NaN,NaN,NaN,-1,NaN,NaN,NaN
1.929108,-2.932008,-13.78576,98.45005,-1.715232,2.972159,0.01125119,-0.008795225,0.01461163,-0.006707995,0.9998322,-1.688668,2.967225,0.01265776,-0.01245075,-0.1677638,0.9857486,-1,NaN,NaN,NaN,-1,NaN,NaN,NaN
1.957092,-2.99631,-13.50709,96.46725,-1.795391,2.97393,0.01100995,-0.007947055,0.01371798,-0.004813418,0.9998628,-1.770731,2.968503,0.01189315,-0.01252379,-0.1683588,0.9856462,-1,NaN,NaN,NaN,-1,NaN,NaN,NaN
1.985107,-3.273328,-14.27299,101.9169,-1.874724,2.974808,0.01044905,-0.005818856,0.01285899,-0.002858402,0.9998963,-1.852118,2.970221,0.01144111,-0.01374958,-0.1668206,0.9858913,-1,NaN,NaN,NaN,-1,NaN,NaN,NaN
2.012726,-3.279117,-15.31788,109.3517,-1.951874,2.976181,0.009949501,-0.00311867,0.01168382,-0.002228826,0.9999244,-1.931463,2.972093,0.01107526,-0.01215548,-0.1649708,0.9862235,-1,NaN,NaN,NaN,-1,NaN,NaN,NaN
2.040222,-3.712247,-14.48562,103.4298,-2.028886,2.977726,0.009568777,-0.002723902,0.01190776,-0.005397967,0.9999108,-2.010478,2.973617,0.01068377,-0.01622333,-0.1664428,0.9859177,-1,NaN,NaN,NaN,-1,NaN,NaN,NaN
2.068054,-3.779746,-14.48562,103.4299,-2.104822,2.979517,0.009323932,-0.003432895,0.01157114,-0.007829012,0.9998966,-2.077977,2.973617,0.01068377,-0.01622333,-0.1664428,0.9859177,-1,NaN,NaN,NaN,-1,NaN,NaN,NaN
2.095886,-4.856297,-18.74942,133.7683,-2.18133,2.980334,0.008840621,-0.005115783,0.01215389,-0.01135998,0.9998486,-2.156349,2.975275,0.01011372,-0.01992024,-0.1602851,0.9868697,-1,NaN,NaN,NaN,-1,NaN,NaN,NaN
2.123749,-5.658873,-22.36641,159.5045,-2.258695,2.981308,0.008698612,-0.004602586,0.01414669,-0.01503057,0.9997764,-2.235351,2.977148,0.009629965,-0.02119405,-0.1568948,0.9873879,-1,NaN,NaN,NaN,-1,NaN,NaN,NaN
2.15155,-4.15154,-19.59839,139.8091,-2.33673,2.981446,0.00854728,-0.005183971,0.01691583,-0.01717095,0.9996961,-2.314949,2.978651,0.009174943,-0.01296816,-0.1594164,0.9871263,-1,NaN,NaN,NaN,-1,NaN,NaN,NaN
2.179504,-3.920196,-20.00461,142.6995,-2.418048,2.981252,0.008290361,-0.004793358,0.01899815,-0.01862389,0.9996346,-2.397537,2.979723,0.008805156,-0.01053465,-0.1590193,0.9872192,-1,NaN,NaN,NaN,-1,NaN,NaN,NaN
2.207275,-3.463792,-19.50589,139.1509,-2.4992,2.980826,0.007990523,-0.00256282,0.02021948,-0.01848023,0.9996215,-2.480019,2.980249,0.00857687,-0.006979528,-0.1595316,0.9871681,-1,NaN,NaN,NaN,-1,NaN,NaN,NaN
2.235046,-3.535453,-19.50589,139.1509,-2.57982,2.980264,0.007789739,-0.0002153199,0.02238938,-0.0180481,0.9995865,-2.551681,2.980249,0.00857687,-0.006979528,-0.1595316,0.9871681,-1,NaN,NaN,NaN,-1,NaN,NaN,NaN
2.262909,-3.801025,-16.40787,117.1073,-2.659802,2.979907,0.007791494,-0.0005025826,0.02463078,-0.01719265,0.9995487,-2.633399,2.980154,0.008314848,-0.009836853,-0.1633378,0.9865211,-1,NaN,NaN,NaN,-1,NaN,NaN,NaN
2.29071,-3.661846,-14.41588,102.9336,-2.742052,2.9788,0.007459148,-0.0006238585,0.02689198,-0.01765521,0.9994823,-2.717217,2.979529,0.008069754,-0.009049078,-0.1666396,0.9859764,-1,NaN,NaN,NaN,-1,NaN,NaN,NaN
2.318665,-3.546361,-18.50202,132.008,-2.825228,2.977962,0.006924818,0.001859572,0.02868822,-0.01835248,0.9994183,-2.801904,2.978968,0.007884741,-0.005566495,-0.1606192,0.9870008,-1,NaN,NaN,NaN,-1,NaN,NaN,NaN
2.346588,-3.267418,-16.85692,120.3025,-2.908534,2.977895,0.006452812,0.003142482,0.0293127,-0.01795914,0.9994041,-2.886812,2.978103,0.007572412,-0.003121765,-0.1626891,0.9866724,-1,NaN,NaN,NaN,-1,NaN,NaN,NaN
2.374298,-3.206645,-14.85307,106.0443,-2.994082,2.977147,0.005596742,0.003579849,0.02881777,-0.01803904,0.9994155,-2.973835,2.977308,0.007077217,-0.002165135,-0.1658236,0.9861531,-1,NaN,NaN,NaN,-1,NaN,NaN,NaN
2.402191,-3.285472,-14.85307,106.0443,-3.082762,2.976387,0.004492626,0.004691221,0.02895278,-0.02088233,0.9993516,-3.052662,2.977308,0.007077217,-0.002165135,-0.1658236,0.9861531,-1,NaN,NaN,NaN,-1,NaN,NaN,NaN
2.430023,-3.326757,-14.9639,106.833,-3.172161,2.976135,0.003472616,0.00378268,0.02829298,-0.02237038,0.9993422,-3.143294,2.976694,0.00635159,-0.001693654,-0.1656217,0.9861879,-1,NaN,NaN,NaN,-1,NaN,NaN,NaN
2.457947,-3.336038,-14.54659,103.8637,-3.265336,2.975942,0.002669615,0.001579237,0.02794641,-0.02552007,0.9992824,-3.237581,2.975933,0.005329013,-0.0009347741,-0.1663644,0.986064,-1,NaN,NaN,NaN,-1,NaN,NaN,NaN
2.485626,-3.660609,-15.07961,107.6562,-3.356159,2.975279,0.001749545,0.0006979257,0.02682692,-0.02574664,0.9993083,-3.330096,2.975348,0.004178524,-0.003027885,-0.1654049,0.9862211,-1,NaN,NaN,NaN,-1,NaN,NaN,NaN
2.513489,-3.934234,-16.37365,116.8638,-3.448227,2.974643,0.001053428,-0.0007683598,0.02689263,-0.0272998,0.9992652,-3.423926,2.974852,0.003129959,-0.00430811,-0.1633437,0.9865599,-1,NaN,NaN,NaN,-1,NaN,NaN,NaN
2.541199,-4.223124,-16.41688,117.1714,-3.540262,2.973476,-4.940381E-05,-0.0008972269,0.02761796,-0.02865255,0.9992074,-3.517934,2.974246,0.002097845,-0.00593767,-0.1632728,0.9865631,-1,NaN,NaN,NaN,-1,NaN,NaN,NaN
2.569061,-3.825524,-14.81714,105.7887,-3.633569,2.972051,-0.001261025,0.0007416634,0.0281702,-0.02923223,0.9991754,-3.613188,2.973393,0.0009903908,-0.001979377,-0.1658429,0.9861502,-1,NaN,NaN,NaN,-1,NaN,NaN,NaN
2.597076,-3.905015,-14.81714,105.7887,-3.722996,2.971202,-0.001995479,-0.0001758579,0.02835235,-0.0289902,0.9991776,-3.692679,2.973393,0.0009903908,-0.001979377,-0.1658429,0.9861502,-1,NaN,NaN,NaN,-1,NaN,NaN,NaN
2.624725,-3.623788,-14.41031,102.8939,-3.80993,2.969744,-0.002261325,-0.004200315,0.02918106,-0.02938216,0.9991334,-3.782279,2.972082,-0.0002644061,0.001518824,-0.1665742,0.9860277,-1,NaN,NaN,NaN,-1,NaN,NaN,NaN
2.652588,-3.52494,-15.53918,110.9263,-3.892097,2.967162,-0.0027879,-0.006441748,0.03043211,-0.03016506,0.9990608,-3.867514,2.970554,-0.001223683,0.00304614,-0.164587,0.9863579,-1,NaN,NaN,NaN,-1,NaN,NaN,NaN
2.680389,-3.218504,-19.46609,138.8677,-3.967737,2.964593,-0.003232148,-0.005658788,0.03162622,-0.02973669,0.9990413,-3.946432,2.968939,-0.002006173,0.005174649,-0.1594845,0.9871868,-1,NaN,NaN,NaN,-1,NaN,NaN,NaN
2.708282,-3.272795,-14.38023,102.6799,-4.03583,2.961281,-0.003414283,-0.005299366,0.03335798,-0.03036104,0.9989682,-4.017978,2.966525,-0.002627611,0.007155577,-0.1665713,0.9860035,-1,NaN,NaN,NaN,-1,NaN,NaN,NaN
2.736145,-3.254386,-11.65398,83.2816,-4.096263,2.957759,-0.003295796,-0.00685852,0.03645295,-0.034016,0.9987327,-4.081707,2.96344,-0.003111482,0.009783627,-0.1728608,0.9848977,-1,NaN,NaN,NaN,-1,NaN,NaN,NaN
2.764343,-3.300512,-11.65398,83.28161,-4.148155,2.953291,-0.003165763,-0.00886305,0.03916773,-0.03506777,0.9985778,-4.127832,2.96344,-0.003111482,0.009783627,-0.1728608,0.9848977,-1,NaN,NaN,NaN,-1,NaN,NaN,NaN
2.791779,-2.914615,-12.39801,88.57569,-4.19137,2.948776,-0.003252659,-0.007224021,0.03979576,-0.03546702,0.9985521,-4.175139,2.959689,-0.003298879,0.01401997,-0.1708132,0.9852037,-1,NaN,NaN,NaN,-1,NaN,NaN,NaN
2.819855,-2.43611,-13.12663,93.76007,-4.222942,2.943905,-0.00342011,-0.004210671,0.04139623,-0.03760135,0.9984261,-4.210985,2.954943,-0.00320828,0.01865366,-0.1690147,0.985437,-1,NaN,NaN,NaN,-1,NaN,NaN,NaN
2.847534,-2.47457,-12.29934,87.8736,-4.23851,2.938765,-0.003537029,-0.002835037,0.04160067,-0.03587952,0.9984859,-4.231163,2.949621,-0.003188133,0.01969114,-0.1709384,0.9850849,-1,NaN,NaN,NaN,-1,NaN,NaN,NaN
2.875336,-2.062615,-11.34567,81.08791,-4.236898,2.934246,-0.003548227,-0.003211857,0.04154074,-0.03363563,0.9985654,-4.234235,2.943833,-0.003255248,0.02636448,-0.1734812,0.9844843,-1,NaN,NaN,NaN,-1,NaN,NaN,NaN
2.903168,-2.256736,-12.20715,87.21766,-4.216518,2.929637,-0.003963828,-0.003650201,0.04066569,-0.03095354,0.9986866,-4.218378,2.937992,-0.003397107,0.02215345,-0.1710389,0.9850152,-1,NaN,NaN,NaN,-1,NaN,NaN,NaN
2.931488,-2.222303,-12.20715,87.21766,-4.17778,2.924325,-0.004623295,-0.003017232,0.03920728,-0.02770289,0.9988425,-4.183944,2.937992,-0.003397107,0.02215345,-0.1710389,0.9850152,-1,NaN,NaN,NaN,-1,NaN,NaN,NaN
2.958862,-1.89291,-12.27944,87.732,-4.116374,2.919526,-0.005129811,-0.003241277,0.03805116,-0.02548544,0.9989455,-4.128913,2.932335,-0.003662825,0.02510314,-0.1707793,0.9849895,-1,NaN,NaN,NaN,-1,NaN,NaN,NaN
2.986755,-1.903403,-12.28071,87.74106,-4.032119,2.915184,-0.005536871,-0.004736213,0.03626886,-0.02257205,0.9990759,-4.05056,2.926468,-0.004215717,0.02410392,-0.1707153,0.9850255,-1,NaN,NaN,NaN,-1,NaN,NaN,NaN
3.014557,-1.782942,-12.20593,87.20894,-3.927175,2.911579,-0.005614252,-0.005291655,0.03400388,-0.02111648,0.9991846,-3.95047,2.920695,-0.004902482,0.02448011,-0.1708403,0.9849946,-1,NaN,NaN,NaN,-1,NaN,NaN,NaN
3.042389,-1.507235,-13.15934,93.99276,-3.800218,2.908959,-0.005312199,-0.007295229,0.03261289,-0.02205896,0.999198,-3.827555,2.915306,-0.005332708,0.02432434,-0.1685134,0.9853991,-1,NaN,NaN,NaN,-1,NaN,NaN,NaN
3.070374,-0.5585085,-13.11172,93.6539,-3.662382,2.90634,-0.00509519,-0.009188237,0.03181314,-0.02515793,0.9991349,-3.691478,2.910944,-0.005423307,0.0329538,-0.1685325,0.9851451,-1,NaN,NaN,NaN,-1,NaN,NaN,NaN
3.098846,-0.4227195,-13.11172,93.65396,-3.509622,2.903344,-0.005365606,-0.006993604,0.02872786,-0.02517732,0.9992456,-3.555691,2.910944,-0.005423307,0.0329538,-0.1685325,0.9851451,-1,NaN,NaN,NaN,-1,NaN,NaN,NaN
3.125916,-0.2201243,-14.56906,104.0234,-3.339771,2.90167,-0.005901983,-0.003540252,0.02527803,-0.02354871,0.9993968,-3.3882,2.907442,-0.005204797,0.03001948,-0.1656007,0.9857358,-1,NaN,NaN,NaN,-1,NaN,NaN,NaN
3.153778,-0.7770805,-13.73205,98.06779,-3.155385,2.900333,-0.006796569,-0.001144841,0.02271238,-0.02167559,0.9995065,-3.205283,2.904196,-0.005207777,0.02440315,-0.1671923,0.9856223,-1,NaN,NaN,NaN,-1,NaN,NaN,NaN
3.18161,2.057109,-15.11323,107.8954,-2.957274,2.901013,-0.007463011,-0.0005138302,0.02098012,-0.02213182,0.9995347,-3.007702,2.901543,-0.005673647,0.04624899,-0.1645008,0.9852921,-1,NaN,NaN,NaN,-1,NaN,NaN,NaN
3.209534,2.07057,-15.84096,113.0735,-2.745515,2.903563,-0.007875469,-0.003202987,0.02088159,-0.02446697,0.9994774,-2.795582,2.900008,-0.006489754,0.04241553,-0.1633546,0.9856552,-1,NaN,NaN,NaN,-1,NaN,NaN,NaN
3.237427,6.395073,-26.58309,189.5078,-2.523597,2.906966,-0.008111281,-0.005376293,0.02086508,-0.02466316,0.9994636,-2.572075,2.900515,-0.007292867,0.04670284,-0.153557,0.9870355,-1,NaN,NaN,NaN,-1,NaN,NaN,NaN
3.26593,6.60092,-26.58307,189.5076,-2.292013,2.912365,-0.007780891,-0.009876356,0.02227771,-0.02498106,0.999391,-2.366223,2.900515,-0.007292867,0.04670284,-0.153557,0.9870355,-1,NaN,NaN,NaN,-1,NaN,NaN,NaN
3.29303,11.07533,-39.81824,283.6807,-2.053005,2.918185,-0.007657189,-0.01187753,0.02579504,-0.02704195,0.9992309,-2.12573,2.903221,-0.007799745,0.04596615,-0.1487564,0.987805,-1,NaN,NaN,NaN,-1,NaN,NaN,NaN
3.320862,NaN,NaN,NaN,-1.811252,2.92405,-0.007731427,-0.008536601,0.02927318,-0.03050615,0.9990694,-1.881082,2.908106,-0.007843256,0.0478477,-0.142056,0.9887016,-1,NaN,NaN,NaN,-1,NaN,NaN,NaN
3.348724,7.666764,-28.68236,204.4449,-1.566629,2.930673,-0.007645976,-0.005849752,0.03158024,-0.03255629,0.9989538,-1.632478,2.914487,-0.007756233,0.04490463,-0.1525764,0.987271,-1,NaN,NaN,NaN,-1,NaN,NaN,NaN
3.376648,4.672768,-17.13666,122.2928,-1.31897,2.938014,-0.007193168,-0.005243846,0.03312984,-0.03324526,0.9988842,-1.380323,2.921578,-0.007725477,0.04878289,-0.1616528,0.9856412,-1,NaN,NaN,NaN,-1,NaN,NaN,NaN
3.404388,4.038519,-15.34579,109.5501,-1.069095,2.94426,-0.00717642,-0.004274256,0.03408429,-0.03153236,0.9989123,-1.125688,2.929464,-0.007472634,0.04644431,-0.1643585,0.9853067,-1,NaN,NaN,NaN,-1,NaN,NaN,NaN
3.433136,4.259828,-15.34579,109.5501,-0.8201233,2.950615,-0.007080107,-0.002190386,0.03485206,-0.03019876,0.9989338,-0.9043804,2.929464,-0.007472634,0.04644431,-0.1643585,0.9853067,-1,NaN,NaN,NaN,-1,NaN,NaN,NaN
3.460022,4.083442,-14.10909,100.7506,-0.5644547,2.957141,-0.006929178,-0.003229053,0.03589645,-0.02740887,0.9989744,-0.6442031,2.937546,-0.007242441,0.04621401,-0.1666355,0.984935,-1,NaN,NaN,NaN,-1,NaN,NaN,NaN
3.487885,3.77723,-14.14258,100.9889,-0.3100648,2.962811,-0.00658319,-0.00485923,0.03683424,-0.02384516,0.9990251,-0.3847292,2.94532,-0.007161975,0.04059815,-0.1666853,0.985174,-1,NaN,NaN,NaN,-1,NaN,NaN,NaN
3.515717,3.816725,-13.39999,95.70506,-0.05575538,2.967862,-0.006221122,-0.005936524,0.03676391,-0.02059809,0.999094,-0.1251028,2.95297,-0.006961465,0.04056255,-0.1682768,0.9849049,-1,NaN,NaN,NaN,-1,NaN,NaN,NaN
3.54361,3.452276,-12.85996,91.86253,0.1980963,2.971832,-0.005767768,-0.005495529,0.03599202,-0.01733142,0.9991866,0.1342761,2.960101,-0.00660038,0.03557019,-0.1695969,0.9848714,-1,NaN,NaN,NaN,-1,NaN,NaN,NaN
3.571442,3.901976,-13.29343,94.94688,0.4515443,2.975009,-0.005188383,-0.005201864,0.03555065,-0.01573484,0.9992305,0.3933892,2.966191,-0.006134748,0.03639651,-0.1686701,0.9850004,-1,NaN,NaN,NaN,-1,NaN,NaN,NaN
3.599915,4.125767,-13.29342,94.94682,0.7033113,2.977105,-0.004556023,-0.004499746,0.03507331,-0.01373526,0.9992803,0.6171822,2.966191,-0.006134748,0.03639651,-0.1686701,0.9850004,-1,NaN,NaN,NaN,-1,NaN,NaN,NaN
3.627167,4.248473,-13.38546,95.60172,0.951686,2.978123,-0.004143436,-0.004765182,0.03443146,-0.01113561,0.9993337,0.8717889,2.971044,-0.005513072,0.03479142,-0.1685282,0.9850826,-1,NaN,NaN,NaN,-1,NaN,NaN,NaN
3.655029,3.762526,-11.10181,79.35272,1.195884,2.978325,-0.003362893,-0.003702397,0.03340372,-0.007862998,0.9994042,1.122417,2.974473,-0.004904389,0.03273959,-0.174558,0.9841024,-1,NaN,NaN,NaN,-1,NaN,NaN,NaN
3.68277,3.921065,-10.89909,77.91024,1.438751,2.978003,-0.002499853,-0.006166737,0.03196916,-0.004718489,0.9994587,1.371534,2.97637,-0.004292369,0.03219857,-0.1752362,0.9839998,-1,NaN,NaN,NaN,-1,NaN,NaN,NaN
3.710693,3.698231,-11.1558,79.73682,1.677331,2.977051,-0.001413614,-0.007698764,0.03022462,-0.001255715,0.9995127,1.61639,2.977143,-0.003577471,0.02569858,-0.1744594,0.984329,-1,NaN,NaN,NaN,-1,NaN,NaN,NaN
3.738586,4.044456,-12.55735,89.70935,1.913626,2.975537,-8.008745E-05,-0.006623381,0.03008276,-0.0001224417,0.9995255,1.858732,2.976856,-0.002533793,0.02399963,-0.1705685,0.9850535,-1,NaN,NaN,NaN,-1,NaN,NaN,NaN
3.766998,4.250338,-12.55734,89.70932,2.145245,2.973562,0.001399192,-0.00733443,0.03009701,0.002805535,0.9995161,2.064616,2.976856,-0.002533793,0.02399963,-0.1705685,0.9850535,-1,NaN,NaN,NaN,-1,NaN,NaN,NaN
3.79425,4.459932,-12.7367,90.9855,2.370306,2.972646,0.003876157,-0.00831698,0.02868256,0.006075825,0.9995356,2.296453,2.975701,-0.001180768,0.02342473,-0.1701235,0.9851443,-1,NaN,NaN,NaN,-1,NaN,NaN,NaN
3.822052,4.713488,-13.0402,93.14503,2.59258,2.967755,0.005267456,-0.009129411,0.02783817,0.009006612,0.9995302,2.525264,2.973919,0.000534296,0.02314687,-0.1693962,0.9852762,-1,NaN,NaN,NaN,-1,NaN,NaN,NaN
3.849823,4.404193,-13.8466,98.88288,2.800891,2.964504,0.007012388,-0.005473017,0.02751389,0.008120399,0.9995735,2.740912,2.9715,0.002429485,0.01658068,-0.1676541,0.9857064,-1,NaN,NaN,NaN,-1,NaN,NaN,NaN
3.877747,4.116359,-12.78371,91.32003,3.006452,2.95988,0.008715264,-0.004476383,0.02732036,0.00883416,0.9995778,2.953142,2.967928,0.004673243,0.01255207,-0.1699733,0.9853687,-1,NaN,NaN,NaN,-1,NaN,NaN,NaN
3.905579,4.104831,-11.67066,83.40031,3.197018,2.955641,0.01052029,-0.004219769,0.02688659,0.009281895,0.9995866,3.150858,2.963524,0.006853104,0.01126652,-0.1728316,0.9848869,-1,NaN,NaN,NaN,-1,NaN,NaN,NaN
3.933624,4.265647,-11.67067,83.40032,3.377936,2.949566,0.0117034,-0.004403574,0.02573889,0.01174511,0.99959,3.311675,2.963524,0.006853104,0.01126652,-0.1728316,0.9848869,-1,NaN,NaN,NaN,-1,NaN,NaN,NaN
3.961182,4.478071,-13.2028,94.30203,3.544697,2.944717,0.01265625,-0.001976817,0.02453238,0.0138827,0.9996008,3.486802,2.958449,0.008973002,0.01036098,-0.1689215,0.985575,-1,NaN,NaN,NaN,-1,NaN,NaN,NaN
3.989105,4.11821,-16.18057,115.49,3.702858,2.938352,0.01308335,-0.0001162793,0.02287626,0.0178391,0.9995792,3.652622,2.952649,0.01078725,0.003977525,-0.1634557,0.9865426,-1,NaN,NaN,NaN,-1,NaN,NaN,NaN
4.017059,4.055659,-15.51579,110.7598,3.842596,2.932371,0.0132523,0.0005611489,0.02116946,0.0206207,0.9995631,3.800182,2.946313,0.0121218,0.002275426,-0.1644345,0.9863853,-1,NaN,NaN,NaN,-1,NaN,NaN,NaN
4.0448,4.795568,-13.72644,98.02795,3.971891,2.92581,0.01320853,-0.003186981,0.01945704,0.02395801,0.9995186,3.936439,2.939236,0.01292765,0.008640918,-0.1676198,0.9858139,-1,NaN,NaN,NaN,-1,NaN,NaN,NaN
4.072632,5.004002,-23.28108,166.0127,4.085374,2.918274,0.01242722,-0.006498119,0.01797161,0.02601778,0.9994788,4.056421,2.931735,0.01306534,0.005638372,-0.1559738,0.9877452,-1,NaN,NaN,NaN,-1,NaN,NaN,NaN
4.1008,5.09206,-23.28108,166.0126,4.184438,2.910114,0.0114534,-0.006528987,0.01662135,0.02670241,0.999484,4.144479,2.931735,0.01306534,0.005638372,-0.1559738,0.9877452,-1,NaN,NaN,NaN,-1,NaN,NaN,NaN
4.128265,0.534067,-30.6603,218.5186,4.263971,2.902474,0.01001856,-0.005148118,0.01639244,0.02545099,0.9995284,4.232251,2.923689,0.01284754,-0.01672611,-0.1518933,0.9882554,-1,NaN,NaN,NaN,-1,NaN,NaN,NaN
4.156097,-0.6757013,-35.76074,254.81,4.32305,2.895716,0.008471613,-0.00322895,0.01627257,0.02423643,0.9995686,4.299532,2.914757,0.01211345,-0.01930147,-0.150042,0.9884912,-1,NaN,NaN,NaN,-1,NaN,NaN,NaN
4.18396,-0.3762222,-33.00092,235.1729,4.358614,2.891124,0.007210272,-0.004959805,0.01678661,0.02155289,0.9996145,4.343204,2.905628,0.0107677,-0.01983499,-0.1509094,0.9883486,-1,NaN,NaN,NaN,-1,NaN,NaN,NaN
4.211823,0.5685354,-29.69069,211.6195,4.374994,2.88658,0.005527224,-0.008002874,0.01557362,0.02290118,0.9995844,4.366708,2.897527,0.009138465,-0.01773698,-0.1521828,0.9881932,-1,NaN,NaN,NaN,-1,NaN,NaN,NaN
4.239624,0.197197,-30.61508,218.1968,4.36939,2.882511,0.003656435,-0.008175129,0.01513606,0.02246935,0.9995995,4.367286,2.890825,0.007377028,-0.01888743,-0.1517571,0.9882374,-1,NaN,NaN,NaN,-1,NaN,NaN,NaN
4.267487,0.1744414,-30.61508,218.1968,4.34379,2.879497,0.002039911,-0.0103053,0.01544905,0.02169039,0.9995923,4.34453,2.890825,0.007377028,-0.01888743,-0.1517571,0.9882374,-1,NaN,NaN,NaN,-1,NaN,NaN,NaN
4.295441,-1.198558,-37.88275,269.909,4.291667,2.877665,0.0005663639,-0.01039728,0.01475337,0.02126594,0.999611,4.300336,2.885255,0.005376458,-0.02014094,-0.1493221,0.9885834,-1,NaN,NaN,NaN,-1,NaN,NaN,NaN
4.323273,-0.3241592,-31.84877,226.9749,4.221409,2.876961,-0.000891377,-0.01005927,0.01242813,0.02395253,0.9995853,4.236595,2.880831,0.003410935,-0.01985885,-0.1512228,0.9883002,-1,NaN,NaN,NaN,-1,NaN,NaN,NaN
4.351044,1.105785,-27.74978,197.8092,4.132992,2.876121,-0.002528906,-0.01036675,0.008307189,0.02802043,0.9995191,4.153216,2.877831,0.001534343,-0.01522285,-0.1529943,0.9881098,-1,NaN,NaN,NaN,-1,NaN,NaN,NaN
4.379303,0.5350676,-26.29591,187.4644,4.028634,2.875906,-0.004531387,-0.009057623,0.004339933,0.02866745,0.9995385,4.052375,2.876122,-0.0003368855,-0.01853619,-0.1537365,0.987938,-1,NaN,NaN,NaN,-1,NaN,NaN,NaN
4.406769,-0.3108838,-24.41337,174.0694,3.908542,2.876563,-0.006550644,-0.006842616,0.001350134,0.02757985,0.9995952,3.934476,2.875245,-0.002333045,-0.0240873,-0.1548301,0.9876474,-1,NaN,NaN,NaN,-1,NaN,NaN,NaN
4.434631,-0.434413,-24.41336,174.0693,3.769568,2.879596,-0.007990027,-0.007940137,-0.001231819,0.02475709,0.9996612,3.810944,2.875245,-0.002333045,-0.0240873,-0.1548301,0.9876474,-1,NaN,NaN,NaN,-1,NaN,NaN,NaN
4.462555,-1.719244,-27.40395,195.3484,3.616573,2.883771,-0.009295191,-0.01115645,-0.004188776,0.0235289,0.9996522,3.66108,2.875278,-0.004357219,-0.02720651,-0.153112,0.9878342,-1,NaN,NaN,NaN,-1,NaN,NaN,NaN
4.490326,-2.465536,-28.82968,205.493,3.448896,2.888848,-0.01061979,-0.01113742,-0.006430864,0.02301303,0.9996525,3.495552,2.876929,-0.006551862,-0.02865679,-0.1524235,0.9878998,-1,NaN,NaN,NaN,-1,NaN,NaN,NaN
4.51825,-2.466683,-35.96632,256.2729,3.268659,2.896276,-0.01132614,-0.01055365,-0.007650018,0.0232572,0.9996445,3.316285,2.880688,-0.008454084,-0.02230452,-0.1498303,0.9884601,-1,NaN,NaN,NaN,-1,NaN,NaN,NaN
4.546051,-3.111839,-35.32401,251.7027,3.075931,2.904672,-0.0116097,-0.01149376,-0.008224994,0.02361245,0.9996213,3.123455,2.886389,-0.009955764,-0.02448356,-0.1500373,0.9883772,-1,NaN,NaN,NaN,-1,NaN,NaN,NaN
4.573853,-2.883843,-31.84463,226.9455,2.875672,2.913136,-0.0120329,-0.01065459,-0.007884473,0.02286711,0.9996507,2.921808,2.894342,-0.01089978,-0.02527789,-0.151254,0.9881717,-1,NaN,NaN,NaN,-1,NaN,NaN,NaN
4.601685,-3.071767,-31.84463,226.9455,2.664258,2.922468,-0.01221947,-0.009428063,-0.007323325,0.02041012,0.9997205,2.733884,2.894342,-0.01089978,-0.02527789,-0.151254,0.9881717,-1,NaN,NaN,NaN,-1,NaN,NaN,NaN
4.629639,-0.2736345,-20.83935,148.6389,2.442039,2.93225,-0.0123342,-0.01041609,-0.006348282,0.0159584,0.9997983,2.511098,2.903914,-0.01157784,-0.01849577,-0.1576992,0.987314,-1,NaN,NaN,NaN,-1,NaN,NaN,NaN
4.657562,0.1174247,-17.29728,123.4357,2.212304,2.941115,-0.01266046,-0.01041776,-0.006629229,0.01385892,0.9998277,2.279908,2.914487,-0.01198733,-0.01728465,-0.1615519,0.9867128,-1,NaN,NaN,NaN,-1,NaN,NaN,NaN
4.685211,-0.1572969,-17.59382,125.5457,1.974355,2.949378,-0.01269176,-0.009911344,-0.00597769,0.009633247,0.9998866,2.039712,2.925959,-0.01236701,-0.01726629,-0.1612648,0.9867601,-1,NaN,NaN,NaN,-1,NaN,NaN,NaN
4.713135,-0.5871127,-18.473,131.8014,1.732137,2.957004,-0.01232646,-0.01049108,-0.0047113,0.006094346,0.9999153,1.794348,2.93685,-0.012573,-0.01783028,-0.1602982,0.9869075,-1,NaN,NaN,NaN,-1,NaN,NaN,NaN
4.740997,-0.9337074,-18.7419,133.7147,1.483786,2.96469,-0.01143034,-0.01129956,-0.002805144,0.001862489,0.9999305,1.542351,2.946924,-0.0125252,-0.01827386,-0.1600683,0.9869368,-1,NaN,NaN,NaN,-1,NaN,NaN,NaN
4.768555,-1.155052,-18.7419,133.7147,1.234773,2.970173,-0.01074254,-0.01200663,-0.0004293025,-0.001446981,0.9999268,1.321007,2.946924,-0.0125252,-0.01827386,-0.1600683,0.9869368,-1,NaN,NaN,NaN,-1,NaN,NaN,NaN
4.796417,-2.17065,-15.33835,109.4972,0.9792604,2.974519,-0.01010376,-0.01053892,0.002251059,-0.005725045,0.9999256,1.061691,2.956353,-0.01207042,-0.02910079,-0.1647074,0.9859131,-1,NaN,NaN,NaN,-1,NaN,NaN,NaN
4.824219,-2.745081,-14.53323,103.7685,0.7221676,2.977736,-0.008949775,-0.008449169,0.003786474,-0.008102678,0.9999244,0.8004016,2.964749,-0.01142979,-0.03366889,-0.1661657,0.9855229,-1,NaN,NaN,NaN,-1,NaN,NaN,NaN
4.852081,-3.488962,-13.80858,98.6123,0.462429,2.980202,-0.007477435,-0.007619648,0.005944908,-0.01165668,0.9998853,0.5358988,2.970924,-0.01044929,-0.04019999,-0.1675924,0.9850364,-1,NaN,NaN,NaN,-1,NaN,NaN,NaN
4.879944,-2.936552,-11.63554,83.15034,0.2017495,2.980248,-0.006649858,-0.008291855,0.008379132,-0.0154118,0.9998118,0.270031,2.975429,-0.009226918,-0.03795031,-0.1729227,0.984204,-1,NaN,NaN,NaN,-1,NaN,NaN,NaN
4.907684,-2.930373,-11.33676,81.02439,-0.06051811,2.980105,-0.005365363,-0.006108423,0.01000768,-0.01953014,0.9997406,0.002414137,2.978325,-0.007820845,-0.03561836,-0.1738551,0.9841269,-1,NaN,NaN,NaN,-1,NaN,NaN,NaN
4.935455,-3.158629,-11.33676,81.02439,-0.3173057,2.977788,-0.004339078,-0.00647861,0.01203606,-0.0231721,0.9996381,-0.2258415,2.978325,-0.007820845,-0.03561836,-0.1738551,0.9841269,-1,NaN,NaN,NaN,-1,NaN,NaN,NaN
4.963379,-3.080943,-10.7078,76.54909,-0.5767661,2.975571,-0.003351687,-0.006759404,0.01468697,-0.02803941,0.9994761,-0.4911376,2.979093,-0.006449699,-0.03328262,-0.1758957,0.983846,-1,NaN,NaN,NaN,-1,NaN,NaN,NaN
4.99115,-2.998972,-10.5522,75.44195,-0.82677,2.972422,-0.002505011,-0.006166006,0.01727697,-0.03060731,0.9993632,-0.748,2.978169,-0.005140543,-0.02935395,-0.1764437,0.983873,-1,NaN,NaN,NaN,-1,NaN,NaN,NaN
5.019226,-2.870815,-17.4693,124.6597,-1.072391,2.970659,-0.001100277,-0.004457555,0.02067515,-0.03465378,0.9991756,-1.000694,2.975888,-0.003889203,-0.01480194,-0.161823,0.9867088,-1,NaN,NaN,NaN,-1,NaN,NaN,NaN
5.046844,-2.808441,-22.81454,162.6931,-1.312364,2.966371,0.0001772278,-0.008703495,0.0260593,-0.04163082,0.9987553,-1.247767,2.972849,-0.002782464,-0.009473888,-0.1565394,0.9876263,-1,NaN,NaN,NaN,-1,NaN,NaN,NaN
5.074738,-2.390149,-25.75772,183.6349,-1.550702,2.96193,0.001290893,-0.009345395,0.03018358,-0.04717064,0.998387,-1.492509,2.969534,-0.001292348,-0.004829346,-0.1545541,0.9879725,-1,NaN,NaN,NaN,-1,NaN,NaN,NaN
5.102539,-2.59223,-25.75772,183.6349,-1.778043,2.956014,0.002280292,-0.007841818,0.03271949,-0.04835712,0.9982633,-1.69459,2.969534,-0.001292348,-0.004829346,-0.1545541,0.9879725,-1,NaN,NaN,NaN,-1,NaN,NaN,NaN
5.130615,-1.582181,-25.42224,181.2478,-1.99972,2.951082,0.00366026,-0.008238835,0.03445929,-0.04950804,0.9981451,-1.923758,2.965047,0.0002514124,0.001861891,-0.154735,0.9879543,-1,NaN,NaN,NaN,-1,NaN,NaN,NaN
5.158264,-2.176319,-20.34954,145.1537,-2.208724,2.944707,0.00495189,-0.01066459,0.03520933,-0.04952972,0.9980949,-2.140755,2.959343,0.001574874,-0.0002419101,-0.1585512,0.9873507,-1,NaN,NaN,NaN,-1,NaN,NaN,NaN
5.185974,-2.088861,-21.91703,156.3069,-2.408538,2.937533,0.005892362,-0.009584911,0.03632918,-0.05069119,0.9980074,-2.34841,2.953048,0.002977252,0.001639916,-0.1571366,0.9875755,-1,NaN,NaN,NaN,-1,NaN,NaN,NaN
5.213837,-1.865409,-35.4712,252.7499,-2.593031,2.931321,0.006807453,-0.006860336,0.03588495,-0.05014988,0.9980733,-2.541034,2.945945,0.004438043,0.002642782,-0.1502728,0.988641,-1,NaN,NaN,NaN,-1,NaN,NaN,NaN
5.24176,-2.680911,-35.36882,252.0214,-2.760826,2.923677,0.0071925,-0.00395429,0.03578675,-0.05160956,0.9980181,-2.717043,2.93816,0.005745888,0.000141746,-0.1502763,0.988644,-1,NaN,NaN,NaN,-1,NaN,NaN,NaN
5.269623,-2.812663,-35.36876,252.021,-2.909046,2.916039,0.007219066,-0.002625372,0.03754023,-0.05455172,0.9978016,-2.848794,2.93816,0.005745888,0.000141746,-0.1502763,0.988644,-1,NaN,NaN,NaN,-1,NaN,NaN,NaN
5.297852,-3.091937,-25.24843,180.0111,-3.042226,2.908356,0.007396054,-0.00391761,0.04052711,-0.05749211,0.9975154,-2.991729,2.9298,0.006570339,-0.0005499942,-0.1546583,0.9879678,-1,NaN,NaN,NaN,-1,NaN,NaN,NaN
5.325195,-2.838032,-22.3802,159.6026,-3.16078,2.90018,0.007318038,-0.005847028,0.04272899,-0.05973618,0.9972821,-3.119122,2.921002,0.007088661,0.001739543,-0.1565776,0.9876641,-1,NaN,NaN,NaN,-1,NaN,NaN,NaN
5.353241,-2.351048,-22.20653,158.3669,-3.264936,2.891058,0.006981406,-0.006396646,0.04294014,-0.06115571,0.9971836,-3.231059,2.911927,0.007368445,0.00548836,-0.1566558,0.987638,-1,NaN,NaN,NaN,-1,NaN,NaN,NaN
5.381073,-1.775076,-24.69853,176.0984,-3.351833,2.882562,0.006231503,-0.005455213,0.04307202,-0.06378827,0.9970186,-3.325138,2.902291,0.007323623,0.008696116,-0.1548453,0.9879005,-1,NaN,NaN,NaN,-1,NaN,NaN,NaN
5.408844,-1.088308,-24.66836,175.8837,-3.418925,2.874645,0.005666844,-0.004688734,0.04309329,-0.06522237,0.9969289,-3.39921,2.892025,0.006820321,0.01297982,-0.1548004,0.9878605,-1,NaN,NaN,NaN,-1,NaN,NaN,NaN
5.436646,-0.8326601,-23.84255,170.0078,-3.468714,2.86741,0.005020373,-0.005434057,0.04278937,-0.06695172,0.9968235,-3.455107,2.881911,0.006285667,0.01523711,-0.1552762,0.9877536,-1,NaN,NaN,NaN,-1,NaN,NaN,NaN
5.465271,-0.8575339,-23.84255,170.0078,-3.496696,2.860546,0.003803771,-0.005597685,0.0421049,-0.0676231,0.9968064,-3.47998,2.881911,0.006285667,0.01523711,-0.1552762,0.9877536,-1,NaN,NaN,NaN,-1,NaN,NaN,NaN
5.49234,-0.9313325,-24.37166,173.7725,-3.504899,2.855174,0.0025322,-0.004859783,0.04295483,-0.06984846,0.9966205,-3.496059,2.872488,0.005596042,0.0145799,-0.1548769,0.9878262,-1,NaN,NaN,NaN,-1,NaN,NaN,NaN
5.520203,-1.559765,-20.24994,144.4449,-3.491643,2.850462,0.001203804,-0.006123605,0.04299665,-0.07020698,0.9965866,-3.489928,2.863813,0.00454092,0.01319401,-0.1579986,0.9873512,-1,NaN,NaN,NaN,-1,NaN,NaN,NaN
5.548065,-1.563681,-20.06081,143.0992,-3.45853,2.846987,-0.0001016406,-0.006791117,0.04301131,-0.07046011,0.9965638,-3.462955,2.856465,0.003151536,0.01310458,-0.1581242,0.9873322,-1,NaN,NaN,NaN,-1,NaN,NaN,NaN
5.575958,-1.688742,-22.56203,160.8963,-3.40271,2.844227,-0.001532081,-0.006725678,0.0442293,-0.07064954,0.9964975,-3.412589,2.850664,0.001608253,0.01058235,-0.1560033,0.9876999,-1,NaN,NaN,NaN,-1,NaN,NaN,NaN
5.603729,-0.9176017,-22.10422,157.6389,-3.326115,2.842853,-0.003158398,-0.005532946,0.04549971,-0.07052504,0.9964564,-3.340371,2.846238,-2.18153E-05,0.01517839,-0.156312,0.9875911,-1,NaN,NaN,NaN,-1,NaN,NaN,NaN
5.632385,-0.8324708,-22.10421,157.6388,-3.230341,2.842447,-0.004944625,-0.005261082,0.04694152,-0.07059007,0.9963864,-3.255238,2.846238,-2.18153E-05,0.01517839,-0.156312,0.9875911,-1,NaN,NaN,NaN,-1,NaN,NaN,NaN
5.659668,-0.478797,-22.66296,161.6145,-3.11499,2.842348,-0.007206969,-0.003626383,0.04798805,-0.06971557,0.9964054,-3.145149,2.843366,-0.001781702,0.01629417,-0.1558701,0.9876431,-1,NaN,NaN,NaN,-1,NaN,NaN,NaN
5.687286,0.276944,-22.66619,161.6375,-2.981313,2.844395,-0.009246686,-0.002612885,0.04894947,-0.06971832,0.9963616,-3.015509,2.841807,-0.003810644,0.02011583,-0.1558457,0.9875766,-1,NaN,NaN,NaN,-1,NaN,NaN,NaN
5.715149,0.5746349,-21.62136,154.2032,-2.829631,2.848261,-0.01098393,-0.003915828,0.04880071,-0.06909068,0.9964085,-2.866735,2.841563,-0.006181121,0.02203527,-0.1566374,0.9874104,-1,NaN,NaN,NaN,-1,NaN,NaN,NaN
5.743011,-1.85026,-25.03803,178.514,-2.657157,2.854625,-0.01218029,-0.003945608,0.04784817,-0.06828486,0.99651,-2.696382,2.84328,-0.008567214,0.00468276,-0.1543058,0.9880121,-1,NaN,NaN,NaN,-1,NaN,NaN,NaN
5.770844,-3.784553,-27.34579,194.9346,-2.464546,2.863808,-0.01318967,-0.004327212,0.04695883,-0.065392,0.9967448,-2.50514,2.847716,-0.01061213,-0.006485461,-0.1530539,0.9881966,-1,NaN,NaN,NaN,-1,NaN,NaN,NaN
5.799866,-3.600977,-27.3458,194.9346,-2.258024,2.87451,-0.01435765,-0.004032061,0.04687867,-0.06292712,0.9969084,-2.321565,2.847716,-0.01061213,-0.006485461,-0.1530539,0.9881966,-1,NaN,NaN,NaN,-1,NaN,NaN,NaN
5.826599,-3.461032,-25.2873,180.2877,-2.036935,2.886544,-0.01577086,-0.001535179,0.04660711,-0.06021929,0.9970953,-2.102067,2.855663,-0.01220226,-0.007446863,-0.154218,0.9880088,-1,NaN,NaN,NaN,-1,NaN,NaN,NaN
5.854401,-3.445006,-23.87967,170.2719,-1.805009,2.899904,-0.01698789,-8.718297E-05,0.04622489,-0.05755243,0.9972718,-1.870047,2.866771,-0.01361012,-0.00913652,-0.1551594,0.9878472,-1,NaN,NaN,NaN,-1,NaN,NaN,NaN
5.882233,-2.988725,-20.22343,144.2563,-1.562733,2.913682,-0.01816237,-0.002229437,0.04578429,-0.05407922,0.997484,-1.626414,2.880466,-0.01508772,-0.009323478,-0.1581202,0.9873759,-1,NaN,NaN,NaN,-1,NaN,NaN,NaN
5.910126,-2.850588,-24.41917,174.1106,-1.311779,2.92653,-0.01937567,-0.004946487,0.04450077,-0.048276,0.99783,-1.373043,2.895706,-0.01657808,-0.008382621,-0.1549668,0.9878841,-1,NaN,NaN,NaN,-1,NaN,NaN,NaN
5.938202,-3.589292,-30.31827,216.0849,-1.059,2.938222,-0.02037772,-0.006896747,0.04402295,-0.04571565,0.9979602,-1.116362,2.911516,-0.01804769,-0.01130963,-0.1519723,0.9883201,-1,NaN,NaN,NaN,-1,NaN,NaN,NaN
5.966675,-3.358652,-30.31826,216.0849,-0.7995307,2.949044,-0.02106689,-0.007401188,0.04199899,-0.04139534,0.9982324,-0.8857219,2.911516,-0.01804769,-0.01130963,-0.1519723,0.9883201,-1,NaN,NaN,NaN,-1,NaN,NaN,NaN
5.993652,-2.088111,-25.85092,184.2981,-0.5392967,2.957999,-0.02145237,-0.006594685,0.03906912,-0.03647051,0.998549,-0.621276,2.926701,-0.01936841,-0.007862692,-0.1542571,0.9879995,-1,NaN,NaN,NaN,-1,NaN,NaN,NaN
6.021576,-1.946044,-29.21318,208.2218,-0.2759055,2.965871,-0.02173005,-0.004485974,0.03528273,-0.03223716,0.9988472,-0.353259,2.940509,-0.02029037,-0.007558921,-0.1525927,0.9882603,-1,NaN,NaN,NaN,-1,NaN,NaN,NaN
6.049408,10.54307,-47.40173,337.64,-0.01055716,2.971941,-0.02217988,-0.003224516,0.03123707,-0.02776798,0.9991211,-0.0827695,2.952523,-0.02105951,0.03110968,-0.1474242,0.988584,-1,NaN,NaN,NaN,-1,NaN,NaN,NaN
6.077301,8.635169,-35.17815,250.6647,0.2542018,2.97696,-0.02281112,-0.002486912,0.02762184,-0.02510025,0.9993002,0.1875628,2.962434,-0.0216254,0.03329605,-0.1503303,0.988075,-1,NaN,NaN,NaN,-1,NaN,NaN,NaN
6.105072,4.158713,-18.42166,131.4361,0.5205298,2.980504,-0.02348617,-0.002679434,0.02504557,-0.02357441,0.9994048,0.4595304,2.970217,-0.02227628,0.02776353,-0.1605528,0.9866367,-1,NaN,NaN,NaN,-1,NaN,NaN,NaN
6.133545,4.39262,-18.42167,131.4362,0.7836728,2.982337,-0.02390907,-0.004976601,0.02284428,-0.02128308,0.9995002,0.6934353,2.970217,-0.02227628,0.02776353,-0.1605528,0.9866367,-1,NaN,NaN,NaN,-1,NaN,NaN,NaN
6.160767,4.850251,-17.70999,126.3723,1.044386,2.982976,-0.02364368,-0.0100909,0.02032968,-0.01851752,0.999571,0.9604882,2.976033,-0.02295339,0.03035654,-0.1614382,0.9864158,-1,NaN,NaN,NaN,-1,NaN,NaN,NaN
6.18869,5.436968,-22.80629,162.6343,1.304273,2.98175,-0.02271064,-0.01326298,0.01818016,-0.01600301,0.9996187,1.226691,2.979807,-0.02343333,0.02555665,-0.1565233,0.9873435,-1,NaN,NaN,NaN,-1,NaN,NaN,NaN
6.216492,7.46855,-39.82973,283.7624,1.558119,2.979394,-0.021692,-0.01432562,0.01757011,-0.01467765,0.9996353,1.487252,2.981371,-0.02347243,0.02083646,-0.1491369,0.988597,-1,NaN,NaN,NaN,-1,NaN,NaN,NaN
6.244293,4.858903,-23.24563,165.7605,1.808215,2.975353,-0.02013901,-0.01345205,0.0169096,-0.01104377,0.9997056,1.7438,2.980787,-0.02282977,0.0185562,-0.156227,0.9875469,-1,NaN,NaN,NaN,-1,NaN,NaN,NaN
6.272095,4.34455,-19.29137,137.6244,2.054816,2.972779,-0.0178684,-0.01229926,0.0155395,-0.00805958,0.9997711,1.99706,2.978155,-0.02157319,0.01683324,-0.159689,0.9870238,-1,NaN,NaN,NaN,-1,NaN,NaN,NaN
6.300995,4.561187,-19.29137,137.6244,2.298532,2.967965,-0.01575929,-0.01181475,0.01461446,-0.004571092,0.999813,2.213696,2.978155,-0.02157319,0.01683324,-0.159689,0.9870238,-1,NaN,NaN,NaN,-1,NaN,NaN,NaN
6.327789,4.617554,-19.09775,136.2467,2.533655,2.963436,-0.01388941,-0.01106038,0.013901,-0.002751513,0.9998385,2.456125,2.974455,-0.01962459,0.0156558,-0.1598748,0.9870132,-1,NaN,NaN,NaN,-1,NaN,NaN,NaN
6.355499,4.704435,-19.45679,138.8014,2.764055,2.958478,-0.01135486,-0.01101797,0.01190698,-0.0001059645,0.9998685,2.69367,2.969979,-0.01726055,0.01429796,-0.1594702,0.9870992,-1,NaN,NaN,NaN,-1,NaN,NaN,NaN
6.383636,4.116256,-19.66525,140.2847,2.982604,2.95315,-0.008884665,-0.0125489,0.01184937,-0.003236336,0.9998459,2.919859,2.964689,-0.01476252,0.008418336,-0.1592336,0.987205,-1,NaN,NaN,NaN,-1,NaN,NaN,NaN
6.411194,3.984781,-18.86526,134.5924,3.190373,2.94703,-0.006594409,-0.01266863,0.01089907,-0.002604942,0.9998569,3.135298,2.958861,-0.01200676,0.006229476,-0.1600421,0.9870905,-1,NaN,NaN,NaN,-1,NaN,NaN,NaN
6.439301,3.945765,-19.85837,141.6588,3.388107,2.939466,-0.004455477,-0.01112324,0.009108543,0.0008502221,0.9998963,3.340445,2.95242,-0.009114742,0.004218426,-0.158967,0.9872749,-1,NaN,NaN,NaN,-1,NaN,NaN,NaN
6.467194,4.10909,-19.85835,141.6587,3.571848,2.933136,-0.002593347,-0.01075606,0.007571012,0.003110941,0.9999087,3.50377,2.95242,-0.009114742,0.004218426,-0.158967,0.9872749,-1,NaN,NaN,NaN,-1,NaN,NaN,NaN
6.49472,3.836637,-18.35898,130.9901,3.743199,2.925007,-0.0009871903,-0.01040022,0.005777448,0.006132811,0.9999105,3.683784,2.94489,-0.006484866,0.001151704,-0.1605202,0.9870319,-1,NaN,NaN,NaN,-1,NaN,NaN,NaN
6.522614,3.671136,-17.86131,127.449,3.900172,2.915781,-0.0003198527,-0.007311994,0.003585845,0.009099478,0.9999255,3.849141,2.936769,-0.003959298,-0.001378411,-0.1610521,0.986945,-1,NaN,NaN,NaN,-1,NaN,NaN,NaN
6.550537,3.389367,-16.83323,120.1339,4.040615,2.907141,0.0002954965,-0.004510864,0.002273619,0.01037234,0.9999334,3.997779,2.927744,-0.001871467,-0.004997161,-0.1623056,0.9867279,-1,NaN,NaN,NaN,-1,NaN,NaN,NaN
6.578583,3.313816,-13.80181,98.56412,4.165781,2.898467,0.0005640846,-0.004154949,0.001319319,0.01115447,0.9999284,4.13063,2.917625,-0.0005543232,-0.008170103,-0.1672345,0.9858833,-1,NaN,NaN,NaN,-1,NaN,NaN,NaN
6.60611,2.638521,-17.27858,123.3027,4.271243,2.889521,0.0004336475,-0.00381165,0.0002625883,0.01224519,0.9999178,4.24351,2.907253,0.0001395941,-0.01284462,-0.1615458,0.9867817,-1,NaN,NaN,NaN,-1,NaN,NaN,NaN
6.634033,2.71679,-17.27858,123.3027,4.359295,2.880482,0.0002552094,-0.004074996,-0.0007337034,0.01377459,0.9998966,4.321779,2.907253,0.0001395941,-0.01284462,-0.1615458,0.9867817,-1,NaN,NaN,NaN,-1,NaN,NaN,NaN
6.66214,2.438283,-17.53899,125.1556,4.425897,2.872823,7.299813E-05,-0.004502393,-0.000752449,0.01405721,0.9998908,4.397519,2.89661,0.0004829168,-0.01544803,-0.1611289,0.9868125,-1,NaN,NaN,NaN,-1,NaN,NaN,NaN
6.689667,1.62386,-22.40128,159.7526,4.470003,2.86481,-0.0005914159,-0.004915719,-0.001707733,0.01514214,0.9998719,4.450388,2.885947,0.0004607439,-0.01747296,-0.1563199,0.9875519,-1,NaN,NaN,NaN,-1,NaN,NaN,NaN
6.71759,1.425804,-22.76539,162.3434,4.490259,2.857382,-0.00159277,-0.004201271,-0.003423601,0.01582997,0.99986,4.47904,2.875838,0.0002042055,-0.01857381,-0.1559837,0.987585,-1,NaN,NaN,NaN,-1,NaN,NaN,NaN
6.745361,1.603044,-22.579,161.0172,4.489967,2.851655,-0.002667992,-0.004209687,-0.004526079,0.01803786,0.9998182,4.485848,2.866245,-0.0004321337,-0.01768145,-0.1560664,0.9875883,-1,NaN,NaN,NaN,-1,NaN,NaN,NaN
6.773193,1.393999,-21.36765,152.3979,4.464972,2.846676,-0.003687341,-0.005450054,-0.004756421,0.01941387,0.9997854,4.467047,2.857664,-0.001426697,-0.01991046,-0.1569573,0.9874047,-1,NaN,NaN,NaN,-1,NaN,NaN,NaN
6.801086,1.350152,-21.36764,152.3978,4.415641,2.844141,-0.004479871,-0.006254445,-0.004864424,0.02057713,0.9997569,4.423197,2.857664,-0.001426697,-0.01991046,-0.1569573,0.9874047,-1,NaN,NaN,NaN,-1,NaN,NaN,NaN
6.828979,0.9360718,-22.42064,159.8903,4.340153,2.843721,-0.00520543,-0.006653257,-0.003260642,0.02070313,0.9997582,4.355938,2.85051,-0.002620101,-0.02112152,-0.1560778,0.9875189,-1,NaN,NaN,NaN,-1,NaN,NaN,NaN
6.856842,1.490641,-19.80198,141.2576,4.24502,2.843503,-0.006400634,-0.007089339,-0.003690362,0.02559021,0.9996406,4.267347,2.84565,-0.003635883,-0.01940503,-0.158273,0.9872047,-1,NaN,NaN,NaN,-1,NaN,NaN,NaN
6.884583,1.414529,-21.87635,156.0175,4.127248,2.84435,-0.007705703,-0.008721186,-0.003597647,0.02851912,0.9995488,4.15491,2.843204,-0.004728913,-0.01734506,-0.1564607,0.9875318,-1,NaN,NaN,NaN,-1,NaN,NaN,NaN
6.912659,1.593515,-20.2769,144.6368,3.990033,2.846191,-0.008707128,-0.01276354,-0.002983034,0.03068011,0.9994433,4.021516,2.84252,-0.006014943,-0.0165735,-0.1578128,0.98733,-1,NaN,NaN,NaN,-1,NaN,NaN,NaN
6.940369,0.3458939,-27.46487,195.7819,3.833978,2.848536,-0.00944792,-0.01752001,-0.002954394,0.03102427,0.9993607,3.868034,2.843306,-0.007421136,-0.01777489,-0.1529538,0.9880735,-1,NaN,NaN,NaN,-1,NaN,NaN,NaN
6.968201,0.1870232,-27.46485,195.7817,3.655246,2.852429,-0.009476177,-0.01831703,-0.003270239,0.02954041,0.9993905,3.709161,2.843306,-0.007421136,-0.01777489,-0.1529538,0.9880735,4,-5.7,-17.18548,137.9348,5,5.7,-35.75169,270.0402
6.996063,-1.747785,-43.48019,309.7368,3.456025,2.857518,-0.00913287,-0.01729134,-0.00363791,0.02734245,0.99947,3.51406,2.84536,-0.008617759,-0.01679841,-0.1478941,0.9888606,4,-5.7,-16.81678,135.3114,5,5.7,-35.38299,267.4168
7.024139,-0.003025532,-28.6806,204.4322,3.238497,2.863655,-0.008589251,-0.01396499,-0.005568445,0.02824503,0.999488,3.299165,2.84885,-0.009212017,-0.0159615,-0.152401,0.9881898,4,-5.7,-16.44568,132.6709,5,5.7,-35.01189,264.7763
7.051697,1.494996,-21.37173,152.4269,3.004693,2.872162,-0.007410754,-0.01334768,-0.00726223,0.02857352,0.9994762,3.066584,2.853944,-0.00917542,-0.01018151,-0.1569456,0.9875547,4,-5.7,-16.08141,130.0789,5,5.7,-34.64762,262.1844
7.07962,1.08463,-18.42814,131.4822,2.754904,2.881718,-0.005955828,-0.01456697,-0.009212314,0.0280102,0.999459,2.816821,2.860941,-0.008511424,-0.01300305,-0.1598108,0.987062,4,-5.7,-15.71217,127.4516,5,5.7,-34.27837,259.5571
7.10733,0.9736961,-19.28048,137.5469,2.489288,2.891631,-0.004459091,-0.01495773,-0.01184124,0.02499838,0.9995055,2.550186,2.870187,-0.007352591,-0.01131436,-0.1589739,0.987218,4,-5.7,-15.34591,124.8456,5,5.7,-33.91212,256.951
7.135071,0.7272031,-19.28049,137.547,2.211985,2.901749,-0.002714843,-0.01453097,-0.01558542,0.02170868,0.9995372,2.303694,2.870187,-0.007352591,-0.01131436,-0.1589739,0.987218,4,-5.7,-14.97913,122.2358,5,5.7,-33.54534,254.3413
7.162903,0.8120545,-26.32373,187.6622,1.924154,2.911864,-0.0007900898,-0.01358634,-0.01839235,0.01716809,0.9995911,2.014675,2.881136,-0.00579071,-0.006331895,-0.153766,0.988087,4,-5.7,-14.61093,119.6159,5,5.7,-33.17713,251.7214
7.190826,-0.9014028,-30.96076,220.6564,1.62649,2.921935,0.001255128,-0.0108069,-0.02065974,0.01308491,0.9996425,1.714648,2.892968,-0.003949046,-0.01171764,-0.1516353,0.988367,4,-5.7,-14.242,116.9909,5,5.7,-32.8082,249.0963
7.218842,-0.7997947,-30.32692,216.1464,1.31931,2.931998,0.003723429,-0.008568386,-0.02176193,0.008827179,0.9996876,1.404295,2.905161,-0.001871943,-0.01007818,-0.1519534,0.9883363,4,-5.7,-13.87158,114.3552,5,5.7,-32.43778,246.4606
7.246429,0.1831015,-28.35951,202.1476,1.003198,2.941251,0.006178782,-0.00758345,-0.02241626,0.004187726,0.9997113,1.084209,2.917258,0.0006114244,-0.004405226,-0.152902,0.9882315,4,-5.7,-13.50689,111.7603,5,5.7,-32.0731,243.8658
7.274384,1.7569,-37.4306,266.6918,0.6792343,2.950008,0.008585555,-0.006271398,-0.02282763,-0.00204167,0.9997177,0.7556553,2.929143,0.003402352,0.003712065,-0.1496318,0.9887348,4,-5.7,-13.13707,109.1289,5,5.7,-31.70328,241.2344
7.302124,1.467222,-37.4306,266.6918,0.3533473,2.957591,0.0108002,-0.005694492,-0.02450529,-0.005682002,0.9996674,0.4659779,2.929143,0.003402352,0.003712065,-0.1496318,0.9887348,4,-5.7,-12.77034,106.5194,5,5.7,-31.33654,238.6249
7.329895,0.03770861,-28.25871,201.4304,0.0211565,2.963753,0.01277478,-0.005365504,-0.02505359,-0.01043952,0.9996173,0.1288299,2.940481,0.006257296,-0.0004470541,-0.1530677,0.9882156,4,-5.7,-12.40324,103.9074,5,5.7,-30.96944,236.0129
7.357788,-6.79037,-14.7078,105.0106,-0.31182,2.967975,0.01452764,-0.004372966,-0.02470282,-0.0144465,0.9995809,-0.2100945,2.950592,0.009043574,-0.06168282,-0.165528,0.9842742,4,-5.7,-12.03466,101.2848,5,5.7,-30.60086,233.3903
7.385834,-6.640894,-12.84259,91.73892,-0.6461731,2.972537,0.0163583,-0.00474841,-0.02300182,-0.01888688,0.9995458,-0.5510626,2.958916,0.01163435,-0.06528731,-0.1694034,0.983382,4,-5.7,-11.66372,98.64543,5,5.7,-30.22992,230.7509
7.413513,-6.161143,-12.21047,87.2412,-0.9766685,2.974633,0.01833228,-0.003836799,-0.02104768,-0.02089536,0.9995528,-0.8890408,2.965411,0.01399815,-0.05944121,-0.1711031,0.9834584,4,-5.7,-11.2978,96.04176,5,5.7,-29.864,228.1472
7.441315,-9.738638,-21.90142,156.1959,-1.308427,2.975853,0.01986465,-0.00340274,-0.01719647,-0.02543227,0.9995228,-1.228079,2.97048,0.01632893,-0.05373625,-0.157043,0.9861287,4,-5.7,-10.93022,93.42628,5,5.7,-29.49642,225.5318
7.469269,-9.806787,-21.89853,156.1753,-1.642092,2.975902,0.02146989,-0.005367435,-0.0136109,-0.0289789,0.999473,-1.569019,2.973487,0.01831424,-0.05202588,-0.15708,0.9862146,4,-5.7,-10.56061,90.79638,5,5.7,-29.12681,222.9019
7.497223,-10.09996,-21.89854,156.1754,-1.971905,2.974001,0.02321058,-0.00805101,-0.01045659,-0.0323065,0.999391,-1.862186,2.973487,0.01831424,-0.05202588,-0.15708,0.9862146,4,-5.7,-10.19108,88.16706,5,5.7,-28.75729,220.2726
7.524902,-10.63874,-25.21117,179.746,-2.297491,2.970319,0.02403964,-0.007702054,-0.007397026,-0.03502567,0.9993293,-2.195878,2.974653,0.02027762,-0.04635919,-0.1547666,0.9868628,4,-5.7,-9.824903,85.56155,5,5.7,-28.39111,217.667
7.552765,-7.948945,-18.07873,128.996,-2.616409,2.96535,0.02512905,-0.004103873,-0.004758209,-0.0373854,0.9992812,-2.52336,2.9737,0.02214313,-0.0414821,-0.1609595,0.9860889,4,-5.7,-9.456531,82.94044,5,5.7,-28.02273,215.0459
7.580597,-7.854393,-17.40347,124.1913,-2.92687,2.961914,0.02695821,-0.005987374,-0.0004031658,-0.04216098,0.9990928,-2.842804,2.970229,0.02354407,-0.03979728,-0.1617886,0.9860227,4,-5.7,-9.088601,80.32249,5,5.7,-27.6548,212.428
7.608368,-7.755414,-17.53212,125.1066,-3.229932,2.955049,0.02772281,-0.007117094,0.00391987,-0.04428061,0.9989861,-3.154944,2.965623,0.02515328,-0.03627174,-0.1616116,0.9861876,4,-5.7,-8.721577,77.71098,5,5.7,-27.28778,209.8165
7.63623,-8.02622,-18.53077,132.2124,-3.522459,2.948494,0.0276318,-0.001201697,0.006386667,-0.04570857,0.9989337,-3.456463,2.959883,0.0266546,-0.03410283,-0.1603788,0.9864662,4,-5.7,-8.352975,75.08824,5,5.7,-26.91918,207.1937
7.664581,-8.272942,-18.53077,132.2124,-3.800019,2.942785,0.02778165,0.00176356,0.008737981,-0.04611158,0.9988966,-3.703183,2.959883,0.0266546,-0.03410283,-0.1603788,0.9864662,4,-5.7,-7.978028,72.42036,5,5.7,-26.54423,204.5258
7.691803,-8.279639,-17.16368,122.4851,-4.067185,2.935968,0.0279138,0.0003391095,0.01039946,-0.04694968,0.9988431,-3.98059,2.952599,0.0272274,-0.03462128,-0.1620013,0.986183,4,-5.7,-7.618188,69.85996,5,5.7,-26.18439,201.9654
7.719635,-7.952166,-15.86941,113.2759,-4.326413,2.927597,0.02731713,0.0008536708,0.01380509,-0.05317618,0.9984894,-4.249249,2.945203,0.02765191,-0.03223845,-0.1638045,0.9859659,4,-5.7,-7.250403,67.24303,5,5.7,-25.8166,199.3485
7.747559,-7.939254,-17.74823,126.6444,-4.571858,2.920916,0.02674181,0.002527086,0.01686877,-0.05892687,0.9981166,-4.503926,2.937207,0.02779722,-0.02676713,-0.1611754,0.9865627,4,-5.7,-6.881103,64.61533,5,5.7,-25.4473,196.7208
7.77533,-7.655144,-18.86631,134.6,-4.808921,2.913178,0.02562962,0.00332991,0.01985687,-0.06401634,0.9977458,-4.749388,2.928509,0.02739882,-0.0213099,-0.1598365,0.9869135,4,-5.7,-6.514005,62.00329,5,5.7,-25.08021,194.1088
7.803162,-7.163984,-18.67721,133.2544,-5.036584,2.905056,0.02393558,0.005572304,0.02167374,-0.06896347,0.9973682,-4.984734,2.919615,0.02649713,-0.01614442,-0.1599947,0.9869859,4,-5.7,-6.145995,59.38477,5,5.7,-24.7122,191.4902
7.831635,-7.355083,-18.67722,133.2545,-5.25157,2.896236,0.02163866,0.007883824,0.02306324,-0.07087003,0.9971877,-5.175832,2.919615,0.02649713,-0.01614442,-0.1599947,0.9869859,4,-5.7,-5.769446,56.70548,5,5.7,-24.33565,188.8109
7.859192,-7.813505,-18.06118,128.8712,-5.45345,2.888544,0.01948865,0.008263029,0.02453622,-0.0718524,0.9970793,-5.386679,2.910372,0.02512395,-0.01858721,-0.1606226,0.9868408,4,-5.7,-5.405191,54.11367,5,5.7,-23.97139,186.2191
7.886719,-7.454912,-16.95335,120.9885,-5.638839,2.880595,0.01726846,0.005975515,0.02554649,-0.07202916,0.9970574,-5.581164,2.900542,0.02300191,-0.01528362,-0.1619426,0.9866818,4,-5.7,-5.041073,51.52283,5,5.7,-23.60727,183.6283
7.914581,-7.052729,-18.90288,134.8602,-5.809219,2.87239,0.01481728,0.004930511,0.02507662,-0.07259648,0.9970339,-5.760201,2.890681,0.02051377,-0.009462427,-0.159548,0.9871448,4,-5.7,-4.672793,48.90239,5,5.7,-23.23899,181.0079
7.942444,-6.950028,-17.28469,123.3462,-5.96373,2.864736,0.01229724,0.004469268,0.02417863,-0.07417775,0.9969419,-5.922866,2.880996,0.01779866,-0.008219228,-0.1613637,0.9868608,4,-5.7,-4.304544,46.28217,5,5.7,-22.87075,178.3876
7.970032,-6.805118,-18.24504,130.1794,-6.100217,2.857045,0.009972434,0.003731292,0.02364138,-0.0756909,0.9968441,-6.067161,2.871584,0.01490295,-0.005596154,-0.1601342,0.9870794,4,-5.7,-3.939518,43.68487,5,5.7,-22.50572,175.7903
7.998657,-6.908391,-18.24502,130.1793,-6.2164,2.850333,0.007995477,0.002596177,0.02281374,-0.07602981,0.9968412,-6.170434,2.871584,0.01490295,-0.005596154,-0.1601342,0.9870794,4,-5.7,-3.561045,40.99189,5,5.7,-22.12725,173.0974
8.026001,-6.712891,-17.25983,123.1693,-6.314937,2.843905,0.00611273,0.0004964545,0.02281773,-0.07829941,0.9966686,-6.278353,2.862344,0.01201153,-0.003482107,-0.1612469,0.986908,4,-5.7,-3.199725,38.42097,5,5.7,-21.76593,170.5264
8.053802,-6.267408,-17.42362,124.3348,-6.395181,2.837448,0.004257087,-0.0007928797,0.02296534,-0.08211008,0.9963584,-6.367182,2.853435,0.009145498,0.0007920653,-0.1609695,0.9869591,4,-5.7,-2.832211,35.80597,5,5.7,-21.39841,167.9114
8.081635,-4.865166,-20.70701,147.6972,-6.453918,2.832044,0.002552605,-0.0006424077,0.02294374,-0.08431566,0.9961747,-6.433747,2.845483,0.006857157,0.01048765,-0.1574735,0.9874675,4,-5.7,-2.464251,33.18779,5,5.7,-21.03045,165.2933
8.109375,-4.979231,-17.7196,126.4407,-6.490717,2.827574,0.0009373901,-0.0005179159,0.02263036,-0.08439431,0.9961753,-6.477787,2.838054,0.004730225,0.01169788,-0.1604749,0.9869706,4,-5.7,-2.09745,30.57787,5,5.7,-20.66365,162.6833
8.137482,-4.365422,-18.51793,132.1211,-6.504079,2.823985,-0.0001748899,-0.002339724,0.02226898,-0.08485496,0.9961417,-6.497743,2.831431,0.002793312,0.01593078,-0.1595031,0.9870688,4,-5.7,-1.725712,27.93282,5,5.7,-20.29192,160.0383
8.165741,-4.356588,-18.51796,132.1213,-6.494144,2.821865,-0.00118132,-0.004882175,0.02296385,-0.08775378,0.9958655,-6.488912,2.831431,0.002793312,0.01593078,-0.1595031,0.9870688,4,-5.7,-1.351976,25.27355,5,5.7,-19.91818,157.379
8.193054,-4.069687,-19.17717,136.8118,-6.45844,2.820456,-0.002448272,-0.005729578,0.02309263,-0.08770884,0.995862,-6.461742,2.826024,0.001152635,0.01726003,-0.1587653,0.9871655,4,-5.7,-0.9909153,22.70446,5,5.7,-19.55712,154.8099
8.220978,-4.655498,-13.793,98.50148,-6.402233,2.819823,-0.003769754,-0.006449401,0.02447367,-0.08714946,0.9958737,-6.412803,2.822369,-0.0004045963,0.0175891,-0.1663053,0.9859174,4,-5.7,-0.6217195,20.0775,5,5.7,-19.18792,152.183
8.248688,-4.316622,-14.144,100.999,-6.319983,2.820138,-0.00525016,-0.006987985,0.02613524,-0.08647038,0.9958871,-6.336916,2.820104,-0.001896501,0.0197226,-0.1656076,0.9859945,4,-5.7,-0.2553911,17.47094,5,5.7,-18.82159,149.5764
8.276611,-3.068323,-14.32152,102.2621,-6.213931,2.82234,-0.006422165,-0.006716813,0.02923527,-0.08584819,0.9958566,-6.236073,2.819059,-0.003725767,0.03053527,-0.1652252,0.9857831,4,-5.7,0.1135216,14.84599,5,5.7,-18.45268,146.9514
8.304504,-2.968015,-12.39914,88.58366,-6.084105,2.825165,-0.007407807,-0.006512135,0.03079402,-0.08110782,0.9962083,-6.110204,2.819654,-0.00520134,0.03493594,-0.1692078,0.984961,4,-5.7,0.4826741,12.21933,5,5.7,-18.08353,144.3248
8.332977,-2.831679,-12.39912,88.58355,-5.930724,2.829449,-0.00851848,-0.004713021,0.03066269,-0.07655825,0.9965824,-5.973865,2.819654,-0.00520134,0.03493594,-0.1692078,0.984961,4,-5.7,0.8589199,9.542202,5,5.7,-17.70728,141.6477
8.360077,-2.276122,-12.21084,87.24387,-5.749477,2.835207,-0.01016624,3.264099E-05,0.03152701,-0.07329381,0.996812,-5.798451,2.821933,-0.006474376,0.03975275,-0.1696588,0.9847008,4,-5.7,1.217167,6.993144,5,5.7,-17.34904,139.0986
8.388123,-2.643571,-11.59894,82.88993,-5.545164,2.843016,-0.01221584,0.003305181,0.03519633,-0.07179561,0.9967927,-5.598744,2.825913,-0.00766921,0.0350991,-0.1713264,0.9845889,4,-5.7,1.587976,4.354694,5,5.7,-16.97823,136.4602
8.415894,-2.537328,-10.28754,73.55883,-5.319129,2.852033,-0.01481217,0.00183006,0.04205042,-0.07125819,0.9965695,-5.375786,2.831892,-0.009106636,0.0379562,-0.1754346,0.9837591,4,-5.7,1.955095,1.742512,5,5.7,-16.61111,133.848
8.443726,-1.866725,-9.470036,67.74197,-5.074692,2.863009,-0.01684956,-0.003235478,0.04983112,-0.06928405,0.9963464,-5.132525,2.840232,-0.01161182,0.04737147,-0.1785643,0.9827872,5,5.7,-16.24319,131.2301,6,-0.7,-34.33566,259.9648
8.471588,7.838004,-26.1046,186.1032,-4.820517,2.87378,-0.01887998,-0.008709963,0.05749425,-0.06762619,0.9960147,-4.877091,2.850897,-0.0143795,0.06735219,-0.153378,0.9858696,5,5.7,-15.87444,128.6063,6,-0.7,-33.96692,257.3411
8.500671,8.073153,-26.1046,186.1032,-4.555974,2.883568,-0.02141282,-0.009303728,0.06245691,-0.0624494,0.9960486,-4.641942,2.850897,-0.0143795,0.06735219,-0.153378,0.9858696,5,5.7,-15.49016,125.872,6,-0.7,-33.58263,254.6068
8.527283,27.31894,-51.86276,369.382,-4.285127,2.892383,-0.02378876,-0.004647622,0.06494424,-0.05683571,0.9962583,-4.368917,2.863412,-0.01718616,0.0845521,-0.1460249,0.985661,5,5.7,-15.13844,123.3694,6,-0.7,-33.23092,252.1041
8.555054,26.15554,-48.93143,348.5244,-4.000452,2.902314,-0.02535994,-0.0001004338,0.06542328,-0.05167082,0.9965189,-4.081694,2.875786,-0.01993096,0.08549593,-0.1464852,0.9855113,5,5.7,-14.77118,120.7562,6,-0.7,-32.86365,249.4909
8.582977,12.85,-31.99492,230.1235,-3.706353,2.913086,-0.02646805,-0.0009991769,0.06489238,-0.0474271,0.9967641,-3.784618,2.887224,-0.02253628,0.07128061,-0.1494726,0.9861932,5,5.7,-14.40187,118.1285,6,-0.7,-32.49435,246.8632
8.610718,10.18432,-26.26147,187.2194,-3.405834,2.922931,-0.02753143,-0.001881476,0.06269565,-0.04326037,0.997093,-3.480227,2.898945,-0.02466762,0.07192127,-0.1534815,0.9855307,5,5.7,-14.03529,115.5201,6,-0.7,-32.12776,244.2548
8.638641,10.05986,-25.42321,181.2548,-3.095833,2.933171,-0.02821934,-0.001220463,0.05906343,-0.03795109,0.9975319,-3.166108,2.911275,-0.02607489,0.07189665,-0.154027,0.9854474,5,5.7,-13.66576,112.8908,6,-0.7,-31.75823,241.6255
8.667236,10.34317,-25.42319,181.2547,-2.777098,2.942595,-0.02860457,-0.002781451,0.05580544,-0.0338971,0.9978622,-2.882787,2.911275,-0.02607489,0.07189665,-0.154027,0.9854474,5,5.7,-13.28794,110.2024,6,-0.7,-31.38041,238.9371
8.694183,12.85,-33.812,241.0002,-2.451617,2.950944,-0.02882127,-0.004856986,0.05177662,-0.03002671,0.9981954,-2.553269,2.92333,-0.02736378,0.06305141,-0.1503716,0.9866169,5,5.7,-12.93146,107.6659,6,-0.7,-31.02393,236.4006
8.722168,12.85,-35.68844,257.2362,-2.121476,2.957717,-0.02903728,-0.005195532,0.04806233,-0.02728333,0.9984581,-2.218207,2.934986,-0.02819455,0.05782486,-0.148219,0.9872626,5,5.7,-12.56178,105.0355,6,-0.7,-30.65425,233.7702
8.749969,20.76866,-52.65565,375.0237,-1.786868,2.963698,-0.02925502,-0.004064455,0.04485935,-0.02425253,0.9986906,-1.878077,2.945646,-0.02873325,0.05962377,-0.1463858,0.9874291,5,5.7,-12.19392,102.4181,6,-0.7,-30.28639,231.1528
8.777832,12.85,-35.86638,257.5601,-1.449016,2.968189,-0.02906295,-0.003419083,0.04250395,-0.0213589,0.9988621,-1.534147,2.954708,-0.02908719,0.05513385,-0.1487997,0.9873292,5,5.7,-11.82548,99.79643,6,-0.7,-29.91795,228.5311
8.805695,12.85,-36.2532,259.072,-1.109573,2.971243,-0.02890381,-0.003464725,0.0401724,-0.0184172,0.999017,-1.187992,2.96185,-0.02914214,0.0534928,-0.1494318,0.987324,5,5.7,-11.45715,97.17568,6,-0.7,-29.54962,225.9104
8.834045,12.85,-35.41172,253.5123,-0.7706963,2.97323,-0.02870988,-0.00210625,0.03728965,-0.01492924,0.9991908,-0.8867685,2.96185,-0.02914214,0.0534928,-0.1494318,0.987324,5,5.7,-11.08239,94.50909,6,-0.7,-29.17486,223.2438
8.861267,12.85,-37.08826,268.2218,-0.4324362,2.975021,-0.0287607,-0.0007115919,0.03407317,-0.01215256,0.9993452,-0.5411862,2.967168,-0.02899742,0.04931293,-0.1475038,0.9878314,5,5.7,-10.72264,91.94936,6,-0.7,-28.81511,220.6841
8.889252,12.20533,-38.3936,273.544,-0.09576566,2.975542,-0.02855896,-0.0008462076,0.03130707,-0.009993212,0.9994595,-0.1968326,2.970937,-0.0290519,0.04477956,-0.1493518,0.9877697,5,5.7,-10.35261,89.31645,6,-0.7,-28.44508,218.0512
8.917114,10.33754,-31.79869,226.6187,0.2381998,2.975337,-0.02823403,-0.0003188946,0.02824664,-0.007727162,0.9995711,0.145092,2.973213,-0.02886438,0.04440653,-0.1514945,0.9874601,5,5.7,-9.984036,86.69391,6,-0.7,-28.07651,215.4286
8.945038,12.85,-40.42703,289.4686,0.5723382,2.973687,-0.02838992,7.201848E-05,0.02554849,-0.005035901,0.999661,0.4869727,2.974187,-0.02858472,0.04219558,-0.1481304,0.9880673,5,5.7,-9.615013,84.06818,6,-0.7,-27.70749,212.8029
8.972687,NaN,NaN,NaN,0.9005019,2.974019,-0.02774962,0.0004717479,0.02440112,-0.00455219,0.9996918,0.8232683,2.973978,-0.02839923,0.04360679,-0.1429632,0.9887669,5,5.7,-9.249402,81.46672,6,-0.7,-27.34188,210.2014
9.000763,NaN,NaN,NaN,1.230645,2.972588,-0.02667586,-0.003724337,0.02202713,0.0001599891,0.9997505,1.116729,2.973978,-0.02839923,0.04360679,-0.1429632,0.9887669,5,5.7,-8.878165,78.82523,6,-0.7,-26.97064,207.5599
9.02832,NaN,NaN,NaN,1.553087,2.971836,-0.02535451,-0.005372568,0.02029908,0.000685693,0.9997793,1.44765,2.973194,-0.02816832,0.04250943,-0.1429394,0.9888181,5,5.7,-8.513823,76.2328,6,-0.7,-26.60629,204.9675
9.056274,NaN,NaN,NaN,1.875198,2.96964,-0.02416787,-0.004642304,0.01850259,0.002551731,0.9998148,1.777835,2.972316,-0.02730978,0.04155864,-0.1391243,0.9894025,5,5.7,-8.144181,73.60266,6,-0.7,-26.23665,202.3374
9.084106,NaN,NaN,NaN,2.19127,2.967159,-0.02279676,-0.0001758849,0.01555842,0.004801197,0.9998674,2.102151,2.97116,-0.02597702,0.03763094,-0.1401294,0.9894179,5,5.7,-7.776336,70.98531,6,-0.7,-25.86881,199.72
9.111908,NaN,NaN,NaN,2.504866,2.963829,-0.02174472,0.00143655,0.01343641,0.005214843,0.9998952,2.423774,2.968946,-0.02453446,0.03317744,-0.1387654,0.9897693,5,5.7,-7.408535,68.36827,6,-0.7,-25.50101,197.103
9.139832,NaN,NaN,NaN,2.810004,2.960494,-0.0205217,0.004777562,0.01099819,0.005778546,0.9999114,2.737231,2.96604,-0.023049,0.0299856,-0.1433028,0.9892246,5,5.7,-7.039357,65.74143,6,-0.7,-25.13183,194.4761
9.167633,NaN,NaN,NaN,3.111645,2.957232,-0.01939701,0.00420074,0.008946985,0.005363985,0.9999368,3.005357,2.96604,-0.023049,0.0299856,-0.1433028,0.9892246,5,5.7,-6.671932,63.12707,6,-0.7,-24.7644,191.8618
9.195435,12.85,-41.47715,297.8406,3.403921,2.953421,-0.01858564,0.005764388,0.007199883,0.005793366,0.9999408,3.306684,2.96241,-0.0216018,0.03167273,-0.1474877,0.9885567,5,5.7,-6.304209,60.51058,6,-0.7,-24.39668,189.2453
9.223389,12.85,-27.94024,203.2209,3.691169,2.948811,-0.01827594,0.007253376,0.0056341,0.005905947,0.9999405,3.602658,2.958528,-0.02019668,0.04493705,-0.1501512,0.9876413,5,5.7,-5.934742,57.88169,6,-0.7,-24.02721,186.6164
9.251068,11.91979,-27.39545,195.2881,3.962942,2.945735,-0.01728621,0.005692508,0.004802972,0.004386586,0.9999627,3.883946,2.954132,-0.0191524,0.04062307,-0.1534244,0.987325,5,5.7,-5.568734,55.27741,6,-0.7,-23.66121,184.0121
9.279053,10.74546,-38.05943,271.1662,4.227527,2.941385,-0.01648062,0.002269428,0.003960341,0.003891151,0.999982,4.15743,2.94946,-0.01826024,0.02401349,-0.1494783,0.9884734,5,5.7,-5.198903,52.64592,6,-0.7,-23.29137,181.3806
9.307068,NaN,NaN,NaN,4.476351,2.937133,-0.01615787,0.002755509,0.00323844,0.003411218,0.9999852,4.415344,2.944887,-0.01733053,0.01543595,-0.1403032,0.9899882,5,5.7,-4.828368,50.00943,6,-0.7,-22.92084,178.7441
9.334595,NaN,NaN,NaN,4.714056,2.932016,-0.01610368,0.004212861,0.003110587,0.003707099,0.9999794,4.626638,2.944887,-0.01733053,0.01543595,-0.1403032,0.9899882,5,5.7,-4.464384,47.41955,6,-0.7,-22.55686,176.1543
9.362488,NaN,NaN,NaN,4.934808,2.927687,-0.01644876,0.004623555,0.002875596,0.003904851,0.9999776,4.857828,2.940027,-0.01656926,0.01039184,-0.137211,0.9904873,5,5.7,-4.095664,44.79597,6,-0.7,-22.18814,173.5307
9.39035,NaN,NaN,NaN,5.136415,2.922831,-0.01723511,0.006093361,0.0008496345,0.005472093,0.9999661,5.070021,2.934605,-0.0162046,0.009226713,-0.1371456,0.990508,5,5.7,-3.727311,42.17501,6,-0.7,-21.81978,170.9097
9.418427,NaN,NaN,NaN,5.322343,2.918064,-0.01821531,0.006353375,-0.0005346239,0.005007657,0.9999672,5.265911,2.929071,-0.01630461,0.007669653,-0.1386063,0.9903178,5,5.7,-3.356153,39.53408,6,-0.7,-21.44863,168.2688
9.446075,NaN,NaN,NaN,5.495486,2.913351,-0.01903233,0.001017138,-0.0009577572,0.00631537,0.9999791,5.447748,2.923392,-0.01698375,0.000919559,-0.1405149,0.9900782,5,5.7,-2.990674,36.93356,6,-0.7,-21.08315,165.6683
9.473969,NaN,NaN,NaN,5.65325,2.907501,-0.02000767,-0.004387469,-0.0001576245,0.006909586,0.9999665,5.613301,2.917711,-0.01808977,-0.001212979,-0.1355655,0.9907676,5,5.7,-2.621683,34.30805,6,-0.7,-20.71416,163.0428
9.501709,NaN,NaN,NaN,5.794642,2.900335,-0.02123825,-0.005818982,0.001504898,0.006523389,0.9999607,5.738983,2.917711,-0.01808977,-0.001212979,-0.1355655,0.9907676,5,5.7,-2.254744,31.69714,6,-0.7,-20.34722,160.4319
9.529633,NaN,NaN,NaN,5.916011,2.892508,-0.02241012,-0.005160525,0.00209263,0.007507164,0.9999564,5.869891,2.911599,-0.01915443,0.001066302,-0.129219,0.9916155,5,5.7,-1.885595,29.07052,6,-0.7,-19.97807,157.8052
9.557556,NaN,NaN,NaN,6.018461,2.884902,-0.02299225,-0.005120694,0.003855378,0.005384034,0.999965,5.981553,2.904302,-0.02034724,0.002872729,-0.1299902,0.9915111,5,5.7,-1.516632,26.44521,6,-0.7,-19.60911,155.1799
9.58551,NaN,NaN,NaN,6.100828,2.878142,-0.02346886,-0.004913303,0.005250931,0.005984152,0.9999563,6.072586,2.895723,-0.02159512,-0.003797337,-0.1402534,0.9901084,5,5.7,-1.146964,23.81488,6,-0.7,-19.23944,152.5496
9.613129,NaN,NaN,NaN,6.155827,2.87093,-0.02448252,-0.00275582,0.00543797,0.006155214,0.9999624,6.136317,2.886833,-0.02245712,-0.0028177,-0.1416622,0.9899111,5,5.7,-0.7817886,21.21652,6,-0.7,-18.87426,149.9512
9.641144,NaN,NaN,NaN,6.192606,2.864024,-0.02594429,-0.0008910073,0.005752444,0.006008119,0.9999651,6.180383,2.878136,-0.02340662,-0.0009673141,-0.1432515,0.9896858,5,5.7,-0.4115812,18.58236,6,-0.7,-18.50406,147.3171
9.669128,NaN,NaN,NaN,6.20428,2.857873,-0.02815289,0.002689849,0.006583452,0.006524514,0.9999534,6.19076,2.878136,-0.02340662,-0.0009673141,-0.1432515,0.9896858,5,5.7,-0.04143301,15.94862,6,-0.7,-18.13391,144.6833
9.696686,6.117747,-50.11297,356.9316,6.190526,2.853336,-0.03023219,0.004265955,0.008983701,0.003842032,0.9999432,6.186329,2.869637,-0.02468526,-0.0001900539,-0.1468204,0.9891632,5,5.7,0.3231208,13.35468,6,-0.7,-17.76935,142.0894
9.724548,NaN,NaN,NaN,6.154283,2.850732,-0.03198546,0.0006083446,0.01160091,0.001261352,0.9999317,6.158222,2.861638,-0.0266664,-0.00517575,-0.1446936,0.989463,5,5.7,0.6914524,10.73387,6,-0.7,-17.40102,139.4686
9.752228,3.923487,-47.37559,337.4542,6.093466,2.847277,-0.03423605,-0.001553284,0.01408473,-0.0008444878,0.9998993,6.104539,2.85517,-0.02898932,-0.006392153,-0.1472146,0.9890839,5,5.7,1.057233,8.131206,6,-0.7,-17.03524,136.8659
9.780273,NaN,NaN,NaN,6.00696,2.846128,-0.03593951,0.0008169435,0.01548451,-0.001785809,0.9998782,6.024304,2.850565,-0.03132641,-0.003067172,-0.1445336,0.9894951,5,5.7,1.428019,5.492928,6,-0.7,-16.66446,134.2276
9.807861,-1.429731,-51.98258,370.2346,5.898714,2.846791,-0.03659652,-7.880008E-05,0.01545689,-0.0006269593,0.9998804,5.920839,2.847174,-0.03366995,-0.01963409,-0.1464556,0.9890224,5,5.7,1.792895,2.896699,6,-0.7,-16.29958,131.6314
9.835632,-8.286787,-52.88565,376.6602,5.769447,2.8482,-0.03704055,-0.0007196243,0.01501489,0.0009988237,0.9998865,5.794835,2.845782,-0.03496587,-0.03695421,-0.1462553,0.9885564,5,5.7,2.16004,0.2843266,6,-0.7,-15.93243,129.0191
9.863708,-8.418437,-52.88557,376.6597,5.621318,2.851452,-0.03742722,-0.001293303,0.01447156,0.003005879,0.99989,5.663165,2.845782,-0.03496587,-0.03695421,-0.1462553,0.9885564,6,-0.7,-15.56108,126.3768,7,5.7,-33.65358,255.1115
9.891357,NaN,NaN,NaN,5.454619,2.856392,-0.03680919,-0.004169716,0.013924,0.002493014,0.9998913,5.500292,2.846261,-0.03629243,-0.04194562,-0.1452084,0.9885116,6,-0.7,-15.19582,123.7777,7,5.7,-33.28831,252.5125
9.919189,NaN,NaN,NaN,5.270627,2.862312,-0.03549688,-0.006785052,0.01450625,-0.0005191832,0.9998717,5.318771,2.848837,-0.03702831,-0.04237159,-0.1432911,0.9887731,6,-0.7,-14.82779,121.1591,7,5.7,-32.92029,249.8939
9.947052,NaN,NaN,NaN,5.067433,2.86861,-0.03419957,-0.004994591,0.01428658,0.0004009269,0.9998854,5.117029,2.853639,-0.03680098,-0.04325493,-0.1446454,0.9885377,6,-0.7,-14.45918,118.5363,7,5.7,-32.55168,247.2711
9.974884,NaN,NaN,NaN,4.851671,2.875162,-0.0328915,-0.0008698221,0.01329219,0.003127355,0.9999064,4.901245,2.86015,-0.03570807,-0.04307962,-0.1426753,0.9888316,6,-0.7,-14.09135,115.919,7,5.7,-32.18385,244.6538
10.00272,-9.512094,-50.97641,363.0752,4.621626,2.883402,-0.03086843,0.0014466,0.0117324,0.004206308,0.9999213,4.670295,2.867642,-0.03419614,-0.03860689,-0.1465727,0.9884462,6,-0.7,-13.72335,113.3006,7,5.7,-31.81585,242.0354
10.03082,-9.726662,-50.97641,363.0752,4.380237,2.892181,-0.02868448,0.001202242,0.01075497,0.002721308,0.9999378,4.455726,2.867642,-0.03419614,-0.03860689,-0.1465727,0.9884462,6,-0.7,-13.3516,110.6554,7,5.7,-31.4441,239.3902
10.05853,-6.856428,-40.14367,285.9963,4.127179,2.900215,-0.02688524,0.000828005,0.009075612,0.001011783,0.999958,4.201902,2.876226,-0.0322634,-0.0382037,-0.1486228,0.9881557,6,-0.7,-12.98558,108.0511,7,5.7,-31.07807,236.7859
10.08627,-3.320153,-26.99838,192.4629,3.864912,2.908546,-0.02479928,0.00046855,0.007039636,-0.001548024,0.9999739,3.937803,2.885991,-0.03005695,-0.03723287,-0.153305,0.9874772,6,-0.7,-12.61847,105.439,7,5.7,-30.71097,234.1738
10.11414,-5.803911,-33.46563,238.4796,3.595566,2.916796,-0.02221531,2.869219E-05,0.006330282,-0.004945545,0.9999678,3.66549,2.895959,-0.02766001,-0.03921906,-0.1505974,0.9878169,6,-0.7,-12.25034,102.8196,7,5.7,-30.34283,231.5544
10.14203,-4.131649,-28.02967,199.8009,3.319966,2.924674,-0.01932313,-0.000374787,0.006934911,-0.008676305,0.9999383,3.386007,2.905887,-0.02503717,-0.03715247,-0.1528844,0.9875455,6,-0.7,-11.88165,100.1962,7,5.7,-29.97414,228.931
10.16974,-6.98817,-36.15139,257.5898,3.038428,2.931989,-0.01647976,-0.000233395,0.008276343,-0.01168197,0.9998975,3.100019,2.915663,-0.02210295,-0.03868873,-0.1498242,0.9879554,6,-0.7,-11.51499,97.58732,7,5.7,-29.60749,226.3221
10.198,-7.242837,-36.15139,257.5898,2.751928,2.938805,-0.01357052,0.001145474,0.01002431,-0.0135367,0.9998575,2.845352,2.915663,-0.02210295,-0.03868873,-0.1498242,0.9879554,6,-0.7,-11.14137,94.92883,7,5.7,-29.23386,223.6636
10.22559,-3.489193,-27.41231,195.4081,2.46063,2.945061,-0.01044448,0.002050117,0.01177302,-0.01529714,0.9998116,2.549673,2.924968,-0.01900697,-0.0305209,-0.153327,0.9877041,6,-0.7,-10.77689,92.33543,7,5.7,-28.86939,221.0703
10.2533,-2.897319,-25.00116,178.2519,2.166607,2.950727,-0.007536978,0.001177727,0.01329184,-0.01732791,0.9997609,2.250674,2.933571,-0.01539588,-0.02851819,-0.1547492,0.9875422,6,-0.7,-10.41034,89.72729,7,5.7,-28.50283,218.4621
10.28107,-1.866203,-23.82918,169.9129,1.871334,2.955838,-0.004815529,0.000500733,0.0147509,-0.01944339,0.9997021,1.949793,2.941387,-0.01170182,-0.02217793,-0.1555861,0.9875733,6,-0.7,-10.04307,87.11402,7,5.7,-28.13556,215.8488
10.30905,-1.734276,-24.10862,171.9012,1.574013,2.959713,-0.002320803,-0.001317374,0.01700216,-0.02332054,0.9995826,1.646449,2.948495,-0.008281589,-0.01942291,-0.1554483,0.987653,6,-0.7,-9.673137,84.48183,7,5.7,-27.76563,213.2166
10.33688,2.768991,-31.91661,227.4578,1.278463,2.96224,0.0001676314,-0.005453526,0.01909235,-0.02703705,0.9994373,1.344403,2.954417,-0.005028963,0.0061905,-0.151531,0.9884331,6,-0.7,-9.305161,81.86356,7,5.7,-27.39766,210.5984
10.36526,2.506849,-31.91657,227.4575,0.9835565,2.963711,0.00214189,-0.006259521,0.02192771,-0.03063254,0.9992706,1.082263,2.954417,-0.005028963,0.0061905,-0.151531,0.9884331,6,-0.7,-8.929835,79.19297,7,5.7,-27.02233,207.9278
10.39267,4.478894,-34.32892,244.6223,0.6915293,2.963943,0.004067446,-0.00575735,0.02424794,-0.0328091,0.9991509,0.7833401,2.958852,-0.001856685,0.0149329,-0.1506715,0.9884711,6,-0.7,-8.567809,76.61702,7,5.7,-26.66031,205.3519
10.42047,4.201015,-31.02388,221.1057,0.4003631,2.96404,0.006005724,-0.003812232,0.0256379,-0.03475381,0.9990598,0.4852793,2.961608,0.0009336472,0.01660795,-0.1519024,0.988256,6,-0.7,-8.199884,73.9991,7,5.7,-26.29238,202.7339
10.44827,4.996939,-30.58035,217.9498,0.1146894,2.964262,0.007980951,-0.005347561,0.02842528,-0.03911792,0.9988159,0.1921332,2.96307,0.003040552,0.02178404,-0.1520793,0.9881282,6,-0.7,-7.832391,71.38425,7,5.7,-25.92489,200.1191
10.47614,4.066541,-22.80508,162.626,-0.1663089,2.962612,0.01006876,-0.006253874,0.03105533,-0.0422566,0.9986044,-0.09632874,2.963397,0.005485177,0.02527514,-0.1564551,0.9873616,6,-0.7,-7.463953,68.76267,7,5.7,-25.55645,197.4975
10.50403,NaN,NaN,NaN,-0.4388647,2.96096,0.012558,-0.007342367,0.03317288,-0.04617542,0.9983554,-0.3765829,2.962775,0.00801003,0.03050532,-0.1457137,0.9888564,6,-0.7,-7.095217,66.13898,7,5.7,-25.18772,194.8738
10.53241,NaN,NaN,NaN,-0.7040488,2.958112,0.01500981,-0.00703768,0.03542787,-0.05000328,0.9980958,-0.6123021,2.962775,0.00801003,0.03050532,-0.1457137,0.9888564,6,-0.7,-6.720238,63.47087,7,5.7,-24.81274,192.2057
10.5596,1.360482,-25.21845,179.7979,-0.9590167,2.95328,0.016734,-0.004386092,0.03750739,-0.0517218,0.9979473,-0.8759861,2.961178,0.01075578,0.01228856,-0.1548365,0.9878637,6,-0.7,-6.36074,60.91291,7,5.7,-24.45324,189.6478
10.58749,1.198352,-24.52649,174.8744,-1.207233,2.947659,0.01839729,0.0004996862,0.03907794,-0.05242489,0.9978599,-1.132514,2.958452,0.01362705,0.01316702,-0.155262,0.9877856,6,-0.7,-5.991739,58.28733,7,5.7,-24.08424,187.0222
10.6153,0.2558121,-19.20667,137.022,-1.440746,2.942909,0.01998061,0.001820263,0.04054976,-0.05251356,0.9977949,-1.374899,2.953934,0.01603019,0.01174896,-0.1596629,0.9871017,6,-0.7,-5.624304,55.67289,7,5.7,-23.7168,184.4077
10.64316,0.004182339,-15.97033,113.9942,-1.663782,2.937001,0.02123201,0.001318624,0.04256707,-0.05250712,0.9977121,-1.606473,2.948166,0.01807308,0.01393942,-0.1637302,0.9864067,6,-0.7,-5.255773,53.05065,7,5.7,-23.34827,181.7855
10.67108,0.4620168,-16.27831,116.1856,-1.871596,2.930213,0.02203409,0.002315825,0.04387695,-0.0525188,0.9976529,-1.822615,2.941915,0.01982856,0.01939955,-0.1632052,0.9864014,6,-0.7,-4.886451,50.42279,7,5.7,-22.97895,179.1576
10.6998,0.2909206,-16.27832,116.1857,-2.06408,2.923691,0.0228196,0.004450388,0.04549941,-0.05462026,0.9974601,-1.993713,2.941915,0.01982856,0.01939955,-0.1632052,0.9864014,6,-0.7,-4.506958,47.72256,7,5.7,-22.59946,176.4574
10.7265,1.04009,-20.05742,143.0753,-2.242439,2.917278,0.02340142,0.007134082,0.0480043,-0.05828286,0.9971198,-2.181605,2.934722,0.02126205,0.02222996,-0.1586476,0.987085,6,-0.7,-4.153908,45.21048,7,5.7,-22.24641,173.9453
10.75436,0.3486112,-17.03413,121.5635,-2.408437,2.910295,0.02373498,0.008983949,0.04949668,-0.06150459,0.9968383,-2.356273,2.926969,0.02237713,0.02195539,-0.1620231,0.9865427,6,-0.7,-3.785557,42.58952,7,5.7,-21.87806,171.3244
10.78226,0.5707852,-20.07269,143.1841,-2.558921,2.902809,0.02386093,0.008630356,0.04972196,-0.0638443,0.9966831,-2.514849,2.919004,0.02315259,0.0212761,-0.1585326,0.9871245,6,-0.7,-3.41686,39.96611,7,5.7,-21.50936,168.7009
10.81006,3.004685,-26.81598,191.1649,-2.69699,2.894445,0.02351269,0.008302955,0.05095983,-0.06738178,0.9963905,-2.660142,2.910638,0.02362037,0.02927226,-0.1536085,0.9876981,6,-0.7,-3.049028,37.34885,7,5.7,-21.14153,166.0837
10.83804,3.061664,-26.1477,186.4099,-2.815688,2.887273,0.02333092,0.007516566,0.05126971,-0.06824604,0.996322,-2.786097,2.901768,0.02374732,0.03098528,-0.1539232,0.9875969,6,-0.7,-2.679245,34.71771,7,5.7,-20.77174,163.4525
10.86661,2.969656,-26.14769,186.4098,-2.919193,2.879273,0.02286036,0.005596444,0.05165824,-0.06964582,0.9962176,-2.878101,2.901768,0.02374732,0.03098528,-0.1539232,0.9875969,6,-0.7,-2.301643,32.03093,7,5.7,-20.39414,160.7658
10.89355,3.432701,-27.62577,196.9269,-3.001962,2.871093,0.02198142,0.006104729,0.05205204,-0.07240956,0.9959971,-2.969685,2.892651,0.0235883,0.03211515,-0.1530841,0.9876912,6,-0.7,-1.945225,29.49489,7,5.7,-20.03772,158.2297
10.92136,3.07588,-24.26975,173.0476,-3.062604,2.864038,0.02120832,0.007095803,0.052827,-0.07416492,0.9958206,-3.038789,2.883301,0.02320111,0.03489137,-0.1549401,0.9873075,6,-0.7,-1.57778,26.88038,7,5.7,-19.67028,155.6152
10.94928,3.49872,-23.03661,164.2733,-3.103842,2.857334,0.02030379,0.006056763,0.05452043,-0.07681285,0.9955354,-3.087816,2.873882,0.02244556,0.03957959,-0.1557005,0.9870111,6,-0.7,-1.208324,24.25156,7,5.7,-19.30082,152.9864
10.97717,6.362637,-29.65288,211.3505,-3.124772,2.850694,0.01907922,0.005133547,0.05627641,-0.07891233,0.9952786,-3.11574,2.865015,0.02147532,0.04428606,-0.1519342,0.987398,6,-0.7,-0.839677,21.6285,7,5.7,-18.93218,150.3633
11.00488,7.944683,-32.66613,232.7909,-3.125037,2.844634,0.0178622,0.00369595,0.05782914,-0.07993866,0.9951141,-3.121993,2.856716,0.02032185,0.04694729,-0.1506958,0.9874648,6,-0.7,-0.4731944,19.02084,7,5.7,-18.56569,147.7557
11.03342,7.963089,-32.66614,232.7909,-3.104331,2.838609,0.01651624,0.002361752,0.05885065,-0.08100988,0.9949716,-3.103587,2.856716,0.02032185,0.04694729,-0.1506958,0.9874648,6,-0.7,-0.09615934,16.3381,7,5.7,-18.18866,145.0729
11.06064,8.399602,-32.04773,228.3907,-3.060151,2.833551,0.01494205,0.002787821,0.06025881,-0.08272111,0.9947454,-3.067005,2.849019,0.01904738,0.04957311,-0.1508677,0.9873102,6,-0.7,0.2640748,13.7749,7,5.7,-17.82843,142.5097
11.08844,8.621659,-31.82084,226.7764,-2.99347,2.829473,0.01332539,0.003264814,0.06230213,-0.08375879,0.9945312,-3.007065,2.841685,0.01749051,0.05062847,-0.1509118,0.98725,6,-0.7,0.6313577,11.16155,7,5.7,-17.46114,139.8964
11.11621,12.64879,-40.12514,285.8645,-2.906531,2.825956,0.01147668,0.005268011,0.06429476,-0.08403365,0.9943726,-2.92564,2.835155,0.01572859,0.0538017,-0.1484059,0.9874619,6,-0.7,0.9986613,8.548048,7,5.7,-17.09384,137.2829
11.14456,6.828235,-24.34644,173.5932,-2.795408,2.823944,0.009648223,0.006352164,0.06569374,-0.08253147,0.9944006,-2.819149,2.829722,0.01380146,0.05482758,-0.1544464,0.9864787,6,-0.7,1.373398,5.881655,7,5.7,-16.7191,134.6165
11.17194,9.424817,-31.59733,225.1859,-2.665787,2.823381,0.00794269,0.003905077,0.06691796,-0.08145778,0.9944202,-2.69271,2.825592,0.01170254,0.05312088,-0.1509034,0.9871202,6,-0.7,1.735399,3.305889,7,5.7,-16.3571,132.0407
11.20023,9.560355,-31.59723,225.1853,-2.513269,2.824031,0.006569436,0.001341905,0.06664443,-0.07917624,0.9946295,-2.557138,2.825592,0.01170254,0.05312088,-0.1509034,0.9871202,6,-0.7,2.109387,0.6448264,7,5.7,-15.98312,129.3797
11.22763,7.102746,-23.58744,168.1926,-2.341058,2.826426,0.005857198,0.0001503825,0.06646624,-0.0784281,0.9947016,-2.389466,2.823221,0.009569645,0.05567,-0.1548935,0.9863614,7,5.7,-15.62079,126.8016,8,-0.7,-33.71327,255.5362
11.25552,6.4984,-20.9639,149.5252,-2.146959,2.830844,0.005534165,0.002141163,0.06479892,-0.07634483,0.9949714,-2.198937,2.822809,0.007691979,0.05735234,-0.1568553,0.9859549,7,5.7,-15.25175,124.1757,8,-0.7,-33.34423,252.9103
11.28329,5.397624,-17.99618,128.4088,-1.933382,2.837248,0.005194604,0.005705025,0.06390721,-0.07434151,0.9951667,-1.987841,2.824676,0.006500959,0.05668529,-0.1598053,0.9855197,7,5.7,-14.8846,121.5633,8,-0.7,-32.97708,250.2979
11.31122,4.564133,-15.84532,113.1046,-1.702931,2.844956,0.004646426,0.01059705,0.06338018,-0.07303095,0.9952573,-1.758288,2.82905,0.005771637,0.0550712,-0.1626624,0.9851437,7,5.7,-14.51573,118.9387,8,-0.7,-32.60821,247.6733
11.33932,3.84047,-13.37788,95.54802,-1.457216,2.854506,0.00403778,0.01477367,0.06171343,-0.06998775,0.9955275,-1.512004,2.835988,0.005202055,0.055148,-0.167056,0.9844039,7,5.7,-14.14411,116.2945,8,-0.7,-32.23659,245.0291
11.36707,4.073822,-13.37788,95.54798,-1.194692,2.86654,0.003744527,0.01397801,0.05915216,-0.06616609,0.9959557,-1.27865,2.835988,0.005202055,0.055148,-0.167056,0.9844039,7,5.7,-13.77724,113.6841,8,-0.7,-31.86972,242.4187
11.39471,3.760716,-12.27142,87.67516,-0.9200658,2.878193,0.002787893,0.01183587,0.05620486,-0.0616669,0.9964428,-1.003872,2.845304,0.004579425,0.05347953,-0.1696759,0.9840478,7,5.7,-13.41146,111.0814,8,-0.7,-31.50394,239.816
11.42255,6.253283,-18.59363,132.6599,-0.63701,2.889704,0.001561082,0.01175741,0.05316967,-0.05730564,0.9968705,-0.718975,2.857282,0.003992438,0.0518153,-0.1594155,0.9858508,7,5.7,-13.04353,108.4634,8,-0.7,-31.13601,237.198
11.45041,7.6969,-22.39238,159.6894,-0.3444594,2.901822,0.0006239344,0.01079783,0.04969325,-0.05364361,0.9972644,-0.4235597,2.870995,0.003157377,0.05016466,-0.1560662,0.986472,7,5.7,-12.67523,105.8429,8,-0.7,-30.76771,234.5775
11.47849,7.933148,-24.08901,171.7615,-0.04392513,2.913274,-0.0002547588,0.009300886,0.04581779,-0.05012345,0.9976482,-0.119271,2.88513,0.001994491,0.04626469,-0.1549783,0.986834,7,5.7,-12.30391,103.2008,8,-0.7,-30.39639,231.9354
11.50629,10.67389,-34.6259,246.7354,0.2631674,2.923972,-0.001194856,0.009030282,0.04193446,-0.04675171,0.9979851,0.192367,2.899312,0.000668168,0.04196102,-0.1502259,0.9877608,7,5.7,-11.93645,100.5862,8,-0.7,-30.02893,229.3208
11.53409,10.95415,-34.6259,246.7354,0.5784513,2.934345,-0.001495126,0.008338563,0.03688309,-0.04145119,0.9984248,0.4726194,2.899312,0.000668168,0.04196102,-0.1502259,0.9877608,7,5.7,-11.56886,97.97063,8,-0.7,-29.66134,226.7052
11.56174,7.756026,-20.53376,146.4646,0.896745,2.942869,-0.001611045,0.008117821,0.03208101,-0.03747959,0.9987494,0.7954948,2.912967,-0.0004820824,0.04687442,-0.1578977,0.9863423,7,5.7,-11.20316,95.36851,8,-0.7,-29.29564,224.1031
11.58972,7.834945,-23.51004,167.6419,1.219698,2.950382,-0.001548395,0.008225415,0.0270201,-0.03417059,0.9990169,1.123679,2.925784,-0.001167536,0.03951352,-0.1556447,0.9870225,7,5.7,-10.83324,92.73642,8,-0.7,-28.92572,221.471
11.61758,7.471826,-24.80495,176.8557,1.544052,2.956087,-0.001005639,0.006343237,0.02215055,-0.03094855,0.9992554,1.453991,2.937142,-0.001482248,0.03359649,-0.1548792,0.987362,7,5.7,-10.46501,90.11633,8,-0.7,-28.55749,218.8509
11.64529,10.61925,-36.33443,258.8922,1.872254,2.960049,-0.0007174488,0.004593072,0.01806313,-0.03056406,0.9993591,1.788221,2.946566,-0.001312375,0.03370552,-0.1499244,0.9881228,7,5.7,-10.09866,87.5096,8,-0.7,-28.19114,216.2442
11.67334,11.63693,-52.95187,377.1314,2.197876,2.961985,-0.001113369,0.006197966,0.01671031,-0.03408708,0.9992599,2.120899,2.953865,-0.0010432,0.02495208,-0.1465909,0.9888825,7,5.7,-9.727684,84.86997,8,-0.7,-27.82016,213.6046
11.70117,11.92673,-52.95193,377.1319,2.523875,2.964799,-0.001014303,0.00741388,0.01385316,-0.033822,0.9993044,2.410676,2.953865,-0.0010432,0.02495208,-0.1465909,0.9888825,7,5.7,-9.360006,82.25381,8,-0.7,-27.45249,210.9884
11.72885,10.11953,-32.71766,233.1575,2.845544,2.965077,-0.001461487,0.006021746,0.01110962,-0.03081238,0.9994453,2.740117,2.958702,-0.0009477139,0.03127032,-0.151179,0.9880117,7,5.7,-8.993853,79.6485,8,-0.7,-27.08633,208.3831
11.75677,7.363542,-23.11327,164.8188,3.164474,2.965364,-0.002102358,0.008437109,0.009244562,-0.02692004,0.9995593,3.066984,2.961998,-0.00101006,0.02573944,-0.1562096,0.9873885,7,5.7,-8.624735,77.02209,8,-0.7,-26.71721,205.7567
11.78467,7.17444,-22.02021,157.0412,3.482516,2.96484,-0.00241005,0.006987123,0.007970601,-0.02167882,0.9997089,3.392668,2.963767,-0.001369834,0.02377538,-0.1570702,0.9873012,7,5.7,-8.255758,74.39669,8,-0.7,-26.34824,203.1313
11.81241,7.371525,-19.99719,142.6467,3.793471,2.96425,-0.002408423,0.001623848,0.00676173,-0.01942272,0.9997872,3.711851,2.964209,-0.001875043,0.02532101,-0.1588682,0.986975,7,5.7,-7.889061,71.78751,8,-0.7,-25.98154,200.5221
11.8403,8.494094,-27.15279,193.5614,4.10038,2.962029,-0.001920521,-0.001179399,0.004509717,-0.01655832,0.9998521,4.026923,2.963947,-0.00217557,0.02279825,-0.1537011,0.9878543,7,5.7,-7.520212,69.16301,8,-0.7,-25.61269,197.8976
11.86856,8.760915,-27.15279,193.5614,4.400554,2.959285,-0.001600529,-0.003206558,0.001783014,-0.01477537,0.9998841,4.293745,2.963947,-0.00217557,0.02279825,-0.1537011,0.9878543,7,5.7,-7.146557,66.50431,8,-0.7,-25.23904,195.2389
11.89612,NaN,NaN,NaN,4.695427,2.954937,-0.0009883287,-0.003498109,-0.0006390213,-0.01399679,0.9998957,4.597188,2.962601,-0.002215385,-0.01329778,-0.1455436,0.9892625,7,5.7,-6.782312,63.91257,8,-0.7,-24.87479,192.6472
11.92389,NaN,NaN,NaN,4.980589,2.951608,-0.0001166025,-0.00467016,-0.0008046329,-0.01864439,0.999815,4.891329,2.960085,-0.001850247,-0.01775537,-0.140428,0.9899317,7,5.7,-6.415172,61.30024,8,-0.7,-24.50765,190.0349
11.95175,-3.059289,-54.53399,388.3889,5.252974,2.946619,0.0006576277,-0.005563298,0.0009491444,-0.02289757,0.9997219,5.173206,2.956187,-0.001213908,-0.02096339,-0.1463941,0.9890042,7,5.7,-6.046682,58.6783,8,-0.7,-24.13916,187.4129
11.97964,NaN,NaN,NaN,5.510034,2.94105,0.001199303,-0.00437216,0.003088713,-0.02515683,0.9996692,5.440093,2.951635,-0.0004296303,-0.01531196,-0.1459083,0.9891796,7,5.7,-5.677927,56.05447,8,-0.7,-23.77041,184.7891
12.00739,2.120897,-35.98496,256.4056,5.751069,2.935579,0.002230458,-0.002878113,0.003989309,-0.02276062,0.9997289,5.69094,2.946113,0.0002461672,-0.01376436,-0.1500994,0.9885751,7,5.7,-5.311061,53.44408,8,-0.7,-23.40354,182.1787
12.03531,2.321834,-35.98491,256.4053,5.977118,2.93039,0.003411762,-0.002100336,0.004912049,-0.02010086,0.9997838,5.891872,2.946113,0.0002461672,-0.01376436,-0.1500994,0.9885751,7,5.7,-4.942149,50.81913,8,-0.7,-23.03463,179.5538
12.06329,3.519104,-31.3108,223.1473,6.187347,2.923848,0.004378598,-0.0001813602,0.006545067,-0.01727188,0.9998294,6.113034,2.939806,0.001328826,-0.01148906,-0.151703,0.9883593,7,5.7,-4.571993,48.18534,8,-0.7,-22.66447,176.92
12.09091,1.940023,-28.59091,203.7942,6.381845,2.917365,0.005241757,0.002230489,0.00712499,-0.01268572,0.9998916,6.317752,2.933325,0.002589583,-0.02122413,-0.152836,0.9880236,7,5.7,-4.206714,45.58624,8,-0.7,-22.29919,174.3209
12.1189,3.021021,-27.62825,196.9445,6.558516,2.910535,0.005749662,0.003119111,0.008345157,-0.01076969,0.9999024,6.503989,2.926328,0.003843546,-0.01747363,-0.1532885,0.9880269,7,5.7,-3.836908,42.95494,8,-0.7,-21.92939,171.6896
12.14664,4.808968,-24.14685,172.1731,6.718254,2.902784,0.005530353,0.005249828,0.009582072,-0.00994655,0.9998909,6.672709,2.918718,0.004913688,-0.01069319,-0.1552881,0.9878113,7,5.7,-3.470008,40.34431,8,-0.7,-21.56249,169.0789
12.17432,10.14766,-20.9023,149.0869,6.858767,2.895272,0.00538809,0.005216293,0.01047516,-0.00807051,0.999899,6.821826,2.910402,0.0055089,0.0220242,-0.1576918,0.9872428,7,5.7,-3.104035,37.74027,8,-0.7,-21.19651,166.4749
12.20212,10.25377,-20.90228,149.0868,6.978146,2.888388,0.005091547,0.002489088,0.01032943,-0.006792614,0.9999205,6.927941,2.910402,0.0055089,0.0220242,-0.1576918,0.9872428,7,5.7,-2.736447,35.12475,8,-0.7,-20.82893,163.8594
12.23007,10.45397,-18.92326,135.0054,7.078007,2.880986,0.0040913,0.002835826,0.009436131,-0.005876859,0.9999342,7.038083,2.901517,0.005577803,0.02497081,-0.1595435,0.986875,7,5.7,-2.367101,32.49672,8,-0.7,-20.45958,161.2314
12.258,4.119755,-24.12411,172.0113,7.156622,2.874589,0.003200702,0.004017917,0.008427858,-0.003847151,0.999949,7.126501,2.892879,0.005318046,-0.01726619,-0.1551445,0.9877409,7,5.7,-1.997664,29.86803,8,-0.7,-20.09014,158.6027
12.28564,3.161211,-17.35473,123.8447,7.214767,2.869175,0.002625261,0.0004552403,0.00739935,-0.001637054,0.9999712,7.19311,2.884212,0.004617691,-0.03211448,-0.1612052,0.9863983,7,5.7,-1.632075,27.26673,8,-0.7,-19.72455,156.0014
12.3136,1.263836,-21.06323,150.232,7.251748,2.86312,0.001523689,-0.001765123,0.004870743,0.001080995,0.9999861,7.237659,2.876177,0.003692389,-0.03923925,-0.1572467,0.9867795,7,5.7,-1.262635,24.63803,8,-0.7,-19.35511,153.3727
12.34125,1.351743,-22.49328,160.4073,7.269516,2.859352,0.0006216422,0.0002935158,0.002621532,0.001950233,0.9999946,7.261986,2.869061,0.002837896,-0.03636967,-0.1560714,0.987076,7,5.7,-0.8968965,22.03566,8,-0.7,-18.98937,150.7703
12.36905,2.288347,-17.08746,121.9429,7.265901,2.856255,-0.0005095246,-0.0003245963,0.0002907813,0.004184308,0.9999912,7.264019,2.862903,0.001869559,-0.04023593,-0.1613292,0.9860801,7,5.7,-0.5294423,19.42109,8,-0.7,-18.62192,148.1557
12.39706,2.264463,-17.08746,121.9429,7.239031,2.853374,-0.001878872,-0.001729899,-0.002666474,0.005621867,0.9999792,7.240135,2.862903,0.001869559,-0.04023593,-0.1613292,0.9860801,7,5.7,-0.1592259,16.78687,8,-0.7,-18.2517,145.5215
12.42508,2.016563,-17.59316,125.5412,7.193093,2.851326,-0.003291715,-0.002898969,-0.005530119,0.005949756,0.9999629,7.201087,2.857888,0.0004905462,-0.04072643,-0.1606509,0.9861707,7,5.7,0.2110882,14.15194,8,-0.7,-17.88139,142.8866
12.45261,0.1741567,-21.2714,151.7132,7.127368,2.850286,-0.004471544,-0.004144142,-0.008366823,0.006187494,0.9999373,7.141124,2.854011,-0.001043558,-0.04530526,-0.1568843,0.9865773,7,5.7,0.5752991,11.56045,8,-0.7,-17.51718,140.2951
12.4805,-1.280713,-24.63044,175.614,7.041491,2.850267,-0.005599298,-0.005862548,-0.01055795,0.006036825,0.9999089,7.060142,2.851276,-0.002491832,-0.04687207,-0.1544356,0.9868904,7,5.7,0.9441203,8.936149,8,-0.7,-17.14836,137.6708
12.50833,0.03631068,-19.78332,141.125,6.936102,2.849859,-0.00716147,-0.006089004,-0.01252502,0.007475615,0.9998751,6.95839,2.84974,-0.004031062,-0.04837237,-0.1581627,0.9862275,7,5.7,1.311808,6.319914,8,-0.7,-16.78067,135.0546
12.53622,0.05085279,-19.83263,141.4758,6.810133,2.851135,-0.008338958,-0.004524707,-0.01351899,0.006610474,0.9998766,6.835153,2.849079,-0.005662918,-0.0472943,-0.1581174,0.9862871,7,5.7,1.680952,3.693322,8,-0.7,-16.41153,132.428
12.5643,-0.07843496,-19.83262,141.4757,6.664679,2.853924,-0.008916475,-0.006568383,-0.01446989,0.005272496,0.9998599,6.705861,2.849079,-0.005662918,-0.0472943,-0.1581174,0.9862871,7,5.7,2.051901,1.053878,8,-0.7,-16.04058,129.7885
12.59186,1.054783,-15.6742,111.8871,6.498012,2.858361,-0.008923033,-0.008713191,-0.01609743,0.002941794,0.9998282,6.543312,2.84945,-0.007247925,-0.04833581,-0.1631322,0.9854195,8,-0.7,-15.6762,127.1959,9,5.7,-33.76872,255.931
12.61996,-0.501988,-18.52296,132.157,6.311373,2.864103,-0.008492298,-0.009959022,-0.01683152,-0.0007900409,0.9998085,6.359858,2.851613,-0.008386016,-0.05118548,-0.1594422,0.9858794,8,-0.7,-15.30443,124.5505,9,5.7,-33.39695,253.2856
12.64749,-1.758935,-21.56863,153.8281,6.109092,2.870584,-0.007805544,-0.008169385,-0.01732627,-0.002575284,0.9998132,6.159205,2.855917,-0.008740425,-0.05076876,-0.1566029,0.986356,8,-0.7,-14.94048,121.9609,9,5.7,-33.033,250.696
12.67548,-1.538685,-22.9652,163.7652,5.891819,2.878748,-0.006570728,-0.007644848,-0.01640293,-0.003536688,0.99983,5.942179,2.862085,-0.008456111,-0.04507458,-0.1556176,0.9867885,8,-0.7,-14.57049,119.3283,9,5.7,-32.66301,248.0634
12.70316,-0.4509736,-18.54521,132.3153,5.659394,2.887621,-0.004617435,-0.009108403,-0.0155879,-0.003969626,0.9998292,5.708983,2.87003,-0.007404327,-0.04590614,-0.1595938,0.9861149,8,-0.7,-14.20477,116.7261,9,5.7,-32.29729,245.4612
12.73151,-0.6702701,-18.54521,132.3153,5.412686,2.896354,-0.002931199,-0.009003598,-0.01479068,-0.005571929,0.9998345,5.489687,2.87003,-0.007404327,-0.04590614,-0.1595938,0.9861149,8,-0.7,-13.82998,114.0593,9,5.7,-31.9225,242.7944
12.75897,-0.565879,-18.6643,133.1627,5.152442,2.905014,-0.0009565353,-0.0078382,-0.01443669,-0.00679121,0.999842,5.229232,2.879567,-0.005788565,-0.04291901,-0.1595554,0.9862555,8,-0.7,-13.46647,111.4728,9,5.7,-31.55899,240.2079
12.78671,-1.419577,-19.62538,140.0012,4.883714,2.91365,0.00136974,-0.007568239,-0.01406366,-0.008953147,0.9998325,4.958835,2.889869,-0.0038867,-0.04493507,-0.158617,0.9863172,8,-0.7,-13.0998,108.8638,9,5.7,-31.19232,237.5989
12.81451,-2.622981,-18.5825,132.5807,4.605811,2.922119,0.003800229,-0.007971684,-0.01276395,-0.01217831,0.9998126,4.678164,2.900331,-0.001659393,-0.05427963,-0.159712,0.9856702,8,-0.7,-12.73244,106.2499,9,5.7,-30.82497,234.985
12.84244,-3.202537,-18.58041,132.5658,4.320475,2.929979,0.006417907,-0.007388038,-0.01163834,-0.01565107,0.9997824,4.389102,2.910738,0.000747323,-0.05643912,-0.1597734,0.985539,8,-0.7,-12.36307,103.6217,9,5.7,-30.4556,232.3568
12.87024,-3.460676,-18.58041,132.5658,4.030068,2.937374,0.009308676,-0.005542805,-0.01018885,-0.01915872,0.9997492,4.130963,2.910738,0.000747323,-0.05643912,-0.1597734,0.985539,8,-0.7,-11.99538,101.0055,9,5.7,-30.08791,229.7406
12.89914,-3.09629,-18.28852,130.4889,3.735813,2.943904,0.01213524,-0.002687591,-0.008937448,-0.02117443,0.9997323,3.832626,2.920777,0.003752232,-0.05234147,-0.1602164,0.9856932,8,-0.7,-11.61333,98.28703,9,5.7,-29.70585,227.0221
12.92712,-2.680554,-18.02725,128.6298,3.438687,2.949445,0.01456536,-8.394941E-05,-0.00750324,-0.02340297,0.9996979,3.530604,2.930176,0.007029176,-0.04760714,-0.160634,0.9858652,8,-0.7,-11.24337,95.65461,9,5.7,-29.33589,224.3897
12.95377,-2.52669,-17.48479,124.7701,3.143578,2.953832,0.01651413,0.001895398,-0.006610096,-0.02413126,0.9996851,3.229569,2.938613,0.01017654,-0.0454855,-0.1613842,0.9858429,8,-0.7,-10.89134,93.1498,9,5.7,-28.98386,221.8849
12.9816,-2.833426,-16.38195,116.923,2.847415,2.957488,0.01841753,0.004849024,-0.003922045,-0.02801163,0.9995882,2.927098,2.945826,0.01307654,-0.048556,-0.1629157,0.9854445,8,-0.7,-10.5233,90.53104,9,5.7,-28.61582,219.2661
13.00946,-2.792551,-16.2613,116.0645,2.557039,2.960218,0.02012739,0.007353584,-0.002698123,-0.02928226,0.9995405,2.629548,2.951648,0.01593196,-0.0460463,-0.1631629,0.9855241,8,-0.7,-10.15487,87.90958,9,5.7,-28.2474,216.6447
13.03741,-2.322272,-13.9139,99.36182,2.26755,2.961707,0.02151991,0.006587192,-0.000253141,-0.0330882,0.9994308,2.332998,2.956067,0.01832557,-0.04614973,-0.1672394,0.9848356,8,-0.7,-9.785408,85.28069,9,5.7,-27.87793,214.0158
13.06601,-2.575246,-13.91389,99.36178,1.982953,2.961439,0.02208387,0.006085922,0.001926214,-0.03567141,0.9993433,2.080022,2.956067,0.01832557,-0.04614973,-0.1672394,0.9848356,8,-0.7,-9.407104,82.58891,9,5.7,-27.49963,211.324
13.09296,-4.063684,-17.16807,122.5165,1.704381,2.960606,0.02249115,0.007543713,0.003447533,-0.0378243,0.9992501,1.793629,2.959172,0.02018046,-0.04713112,-0.1619548,0.985672,8,-0.7,-9.050792,80.05362,9,5.7,-27.14331,208.7887
13.12088,-3.671869,-16.85685,120.302,1.432817,2.959203,0.02309707,0.007908644,0.005442947,-0.04050936,0.9991331,1.51401,2.96036,0.02155256,-0.04250291,-0.1624197,0.9858059,8,-0.7,-8.681585,77.42658,9,5.7,-26.77411,206.1617
13.14877,-3.771816,-16.53871,118.0384,1.167518,2.955452,0.0228623,0.006299923,0.009063155,-0.04443352,0.9989514,1.240702,2.95987,0.02236652,-0.04186835,-0.162867,0.9857593,8,-0.7,-8.313087,74.80457,9,5.7,-26.40561,203.5397
13.17664,-4.383279,-19.7638,140.9861,0.9092725,2.952951,0.02259618,0.007598549,0.01320824,-0.04861367,0.9987015,0.9746062,2.958026,0.02283871,-0.03749834,-0.1590237,0.9865624,8,-0.7,-7.944683,72.18324,9,5.7,-26.0372,200.9183
13.20441,-3.544177,-18.95863,135.257,0.6655145,2.948975,0.02196252,0.009427637,0.01718935,-0.0496819,0.9985727,0.7225032,2.954941,0.02299368,-0.03112902,-0.1598779,0.9866459,8,-0.7,-7.577485,69.5705,9,5.7,-25.67001,198.3056
13.23322,-3.757378,-18.95864,135.2571,0.4256668,2.944646,0.02085575,0.0123004,0.0223318,-0.05285367,0.9982768,0.5093052,2.954941,0.02299368,-0.03112902,-0.1598779,0.9866459,8,-0.7,-7.196651,66.86073,9,5.7,-25.28917,195.5958
13.26016,-2.471811,-16.44702,117.3859,0.1970047,2.940416,0.01937623,0.01305265,0.02723202,-0.05477894,0.9980417,0.2721141,2.951046,0.02252638,-0.02306064,-0.1630263,0.9863521,8,-0.7,-6.840024,64.3232,9,5.7,-24.93255,193.0583
13.28793,-2.122205,-14.90338,106.4024,-0.02063536,2.936319,0.01768951,0.0138589,0.03125677,-0.0560502,0.9978424,0.04609974,2.946378,0.02151072,-0.02009739,-0.1654444,0.9860143,8,-0.7,-6.473113,61.71248,9,5.7,-24.56564,190.4476
13.3158,-1.338547,-15.33534,109.476,-0.2280902,2.930054,0.01506146,0.01434202,0.03467002,-0.05754867,0.9976374,-0.1691845,2.941382,0.01997626,-0.01053692,-0.1646885,0.9862894,8,-0.7,-6.104832,59.09203,9,5.7,-24.19736,187.8271
13.34375,-1.968102,-14.87619,106.2089,-0.4283164,2.925316,0.01253759,0.01661293,0.03796348,-0.06112238,0.9972697,-0.3766098,2.935888,0.0179081,-0.01477897,-0.1654071,0.9861146,8,-0.7,-5.735019,56.46067,9,5.7,-23.82754,185.1958
13.3714,-1.743505,-14.78703,105.5745,-0.6151806,2.919825,0.009792689,0.01578229,0.04102126,-0.0641444,0.9969723,-0.5708001,2.929709,0.01525962,-0.01095554,-0.1655118,0.986147,8,-0.7,-5.36937,53.85894,9,5.7,-23.46189,182.594
13.40018,-1.901402,-14.78704,105.5746,-0.792814,2.914006,0.006651791,0.01598871,0.04449454,-0.0687819,0.9965108,-0.7286966,2.929709,0.01525962,-0.01095554,-0.1655118,0.986147,8,-0.7,-4.988894,51.15172,9,5.7,-23.08142,179.8868
13.42715,-1.515019,-13.17066,94.07341,-0.9576292,2.907464,0.003529141,0.01676131,0.04742548,-0.0709898,0.996208,-0.9015868,2.923396,0.01219869,-0.006428075,-0.1686475,0.9856554,8,-0.7,-4.632164,48.61345,9,5.7,-22.72469,177.3485
13.45496,-1.306595,-13.78524,98.44643,-1.110581,2.901593,0.0006275574,0.01530072,0.04895717,-0.07201792,0.9960836,-1.062138,2.916697,0.008786559,-0.002448366,-0.167279,0.9859065,8,-0.7,-4.264885,46.00013,9,5.7,-22.35741,174.7352
13.48291,-1.003971,-13.77062,98.34238,-1.250525,2.894779,-0.002243588,0.01281101,0.04954395,-0.07277617,0.9960346,-1.209407,2.909489,0.00510025,0.002059676,-0.1672324,0.9859154,8,-0.7,-3.895277,43.37022,9,5.7,-21.9878,172.1053
13.51065,-0.8320007,-17.25008,123.1,-1.375057,2.887275,-0.005426366,0.01361219,0.04952123,-0.07403473,0.9959323,-1.341043,2.902032,0.00150311,0.004080886,-0.1615553,0.9868553,8,-0.7,-3.528464,40.76022,9,5.7,-21.62099,169.4953
13.53854,-0.575313,-15.8887,113.4133,-1.482392,2.880524,-0.008154023,0.01361045,0.04952082,-0.07540254,0.9958298,-1.455229,2.893902,-0.002016664,0.007653876,-0.1633789,0.9865338,8,-0.7,-3.159717,38.13644,9,5.7,-21.25224,166.8715
13.56689,-0.6571881,-15.8887,113.4133,-1.574502,2.873623,-0.01087796,0.01221729,0.0489668,-0.07699145,0.9957537,-1.537104,2.893902,-0.002016664,0.007653876,-0.1633789,0.9865338,8,-0.7,-2.78461,35.46743,9,5.7,-20.87713,164.2025
13.59418,-0.9336637,-13.45331,96.08462,-1.650502,2.867573,-0.01326246,0.0102688,0.04843917,-0.07958448,0.9955976,-1.621038,2.885462,-0.005455136,0.007052048,-0.1676259,0.9858255,8,-0.7,-2.424191,32.90291,9,5.7,-20.51671,161.638
13.62204,-0.9677635,-14.16928,101.179,-1.712293,2.860828,-0.01545694,0.005191676,0.04800552,-0.08250555,0.9954202,-1.689926,2.877256,-0.008910775,0.007037513,-0.1661193,0.9860806,8,-0.7,-2.055733,30.2812,9,5.7,-20.14826,159.0163
13.64981,-0.1892115,-13.86871,99.04034,-1.759658,2.854305,-0.01745157,0.002823189,0.04843676,-0.08742528,0.9949888,-1.743448,2.869411,-0.01202667,0.01546986,-0.1666005,0.9859031,8,-0.7,-1.688644,27.66922,9,5.7,-19.78117,156.4043
13.6777,0.964846,-16.36225,116.7828,-1.790654,2.848368,-0.01888216,0.0009378417,0.04924309,-0.09044683,0.9946827,-1.780029,2.86164,-0.01462221,0.02318293,-0.162363,0.9864588,8,-0.7,-1.319695,25.04401,9,5.7,-19.41222,153.7791
13.70572,1.858853,-18.09189,129.0898,-1.802837,2.843467,-0.01980976,-0.001449406,0.04825497,-0.0917066,0.9946152,-1.797397,2.854009,-0.01694417,0.02794317,-0.1600807,0.9867083,8,-0.7,-0.949253,22.40818,9,5.7,-19.04178,151.1432
13.73386,1.863468,-18.09191,129.0899,-1.797648,2.839235,-0.02071626,-0.002455428,0.04823656,-0.09384952,0.9944142,-1.792785,2.854009,-0.01694417,0.02794317,-0.1600807,0.9867083,8,-0.7,-0.5773489,19.76195,9,5.7,-18.66987,148.497
13.76114,1.756722,-14.83218,105.8958,-1.772469,2.835765,-0.02178146,-0.001079526,0.04821858,-0.09335824,0.9944637,-1.774345,2.847107,-0.01873946,0.03286612,-0.1645535,0.9858205,8,-0.7,-0.2163787,17.19351,9,5.7,-18.3089,145.9286
13.78891,0.7986748,-10.43781,74.62819,-1.728948,2.833367,-0.02274789,0.001220427,0.04763389,-0.09209531,0.9946095,-1.736782,2.841311,-0.02003646,0.03342172,-0.175042,0.9839936,8,-0.7,0.1506321,14.58209,9,5.7,-17.94189,143.3172
13.81686,0.7757159,-10.15878,72.64277,-1.663493,2.832273,-0.02403125,0.003619917,0.04627225,-0.08910793,0.99494,-1.676631,2.836732,-0.02109373,0.03320375,-0.1759537,0.9838383,8,-0.7,0.5200484,11.95356,9,5.7,-17.57248,140.6886
13.8447,0.6976157,-9.593128,68.61797,-1.579672,2.832767,-0.02539855,0.003751524,0.04541147,-0.08701874,0.9951641,-1.597332,2.833372,-0.02241397,0.03288178,-0.1780456,0.9834726,8,-0.7,0.8880157,9.335334,9,5.7,-17.20451,138.0704
13.87253,7.940238,-33.40747,238.0658,-1.472086,2.835104,-0.02669995,0.001952913,0.04250467,-0.08269406,0.9956663,-1.493703,2.83179,-0.0238812,0.03914227,-0.15036,0.9878561,8,-0.7,1.256017,6.716871,9,5.7,-16.83651,135.4519
13.9006,8.055987,-33.40752,238.0661,-1.341882,2.838747,-0.02798409,0.001157586,0.04035598,-0.08016432,0.9959638,-1.377966,2.83179,-0.0238812,0.03914227,-0.15036,0.9878561,8,-0.7,1.627315,4.074947,9,5.7,-16.46521,132.81
13.92816,11.28982,-39.49925,281.4109,-1.190681,2.844239,-0.02950804,0.002947517,0.03944367,-0.07921495,0.9960726,-1.232293,2.832319,-0.02534056,0.04395612,-0.1485957,0.9879206,8,-0.7,1.991818,1.481375,9,5.7,-16.10071,130.2164
13.95609,12.85,-45.85314,326.826,-1.01949,2.850502,-0.0313491,0.004785054,0.03729561,-0.07597884,0.9964002,-1.065216,2.835316,-0.02691138,0.04207143,-0.1472052,0.9882109,9,5.7,-15.73172,127.591,10,-5.7,-33.95572,257.2613
13.98401,12.85,-45.23577,322.7796,-0.8317211,2.857982,-0.03347863,0.007379539,0.03574583,-0.07452202,0.9965512,-0.8798851,2.840615,-0.02870977,0.04203145,-0.1471767,0.9882168,9,5.7,-15.36256,124.9642,10,-5.7,-33.58656,254.6346
14.01163,12.31672,-43.24393,308.0558,-0.6273079,2.866068,-0.03623002,0.01024672,0.03582707,-0.0736032,0.9965912,-0.6765717,2.847697,-0.03081322,0.0416737,-0.1478309,0.9881343,9,5.7,-14.99713,122.3641,10,-5.7,-33.22113,252.0344
14.03986,7.961092,-27.40214,195.3357,-0.4089794,2.875517,-0.0390985,0.01020391,0.03614262,-0.07125419,0.996751,-0.4581705,2.856159,-0.03350806,0.04254779,-0.1529142,0.9873231,9,5.7,-14.62409,119.7097,10,-5.7,-32.84809,249.3801
14.06784,8.168126,-27.40214,195.3357,-0.1760659,2.88482,-0.04214691,0.007781249,0.03646683,-0.06678075,0.9970707,-0.2511362,2.856159,-0.03350806,0.04254779,-0.1529142,0.9873231,9,5.7,-14.25414,117.0774,10,-5.7,-32.47814,246.7478
14.09525,8.425474,-26.06815,185.8439,0.0705215,2.894512,-0.04524915,0.006220153,0.03785482,-0.06174904,0.9973543,-0.004755333,2.866123,-0.03654659,0.04476836,-0.1536542,0.98711,9,5.7,-13.89188,114.4998,10,-5.7,-32.11588,244.1701
14.12323,10.16157,-29.55457,210.651,0.3281426,2.903966,-0.04817355,0.004767178,0.0393703,-0.05702682,0.9975847,0.2537596,2.877049,-0.03995657,0.04642777,-0.1519739,0.9872935,9,5.7,-13.52182,111.8667,10,-5.7,-31.74582,241.537
14.151,12.85,-33.75504,242.6047,0.5945402,2.912994,-0.05093047,0.0036471,0.03975311,-0.05237181,0.9978295,0.5223078,2.88844,-0.04362595,0.05017193,-0.1491336,0.9875433,9,5.7,-13.15435,109.252,10,-5.7,-31.37835,238.9223
14.17889,10.42428,-28.91343,206.0891,0.8711362,2.921926,-0.05301408,0.004029013,0.03883144,-0.04664354,0.9981484,0.8018189,2.899826,-0.04722846,0.0460849,-0.1523634,0.9872496,9,5.7,-12.78589,106.6303,10,-5.7,-31.00989,236.3006
14.20667,12.50093,-33.47305,238.5323,1.157629,2.930751,-0.05452423,0.003182132,0.03801534,-0.04184933,0.9983954,1.09165,2.910803,-0.05037904,0.04722174,-0.1505888,0.9874681,9,5.7,-12.41879,104.0182,10,-5.7,-30.64279,233.6886
14.23456,12.76185,-33.4731,238.5327,1.451153,2.939194,-0.05540236,0.001659009,0.03645718,-0.03817131,0.9986046,1.352561,2.910803,-0.05037904,0.04722174,-0.1505888,0.9874681,9,5.7,-12.04973,101.3922,10,-5.7,-30.27373,231.0626
14.26242,12.85,-33.8797,245.4418,1.749431,2.946114,-0.05591708,0.0007604844,0.03413343,-0.0355594,0.9987842,1.654471,2.921554,-0.05287933,0.04505424,-0.1480995,0.9879457,9,5.7,-11.68147,98.77193,10,-5.7,-29.90547,228.4423
14.29019,NaN,NaN,NaN,2.052705,2.952708,-0.05596644,0.0006265529,0.03141662,-0.03424492,0.9989194,1.962012,2.931562,-0.0546279,0.04291322,-0.1454369,0.9884365,9,5.7,-11.31438,96.15997,10,-5.7,-29.53839,225.8303
14.31815,12.85,-36.93638,265.3947,2.363675,2.957567,-0.0559751,0.0007975519,0.02711659,-0.03008214,0.9991792,2.277711,2.940893,-0.05559278,0.03935529,-0.148443,0.9881376,9,5.7,-10.94469,93.52946,10,-5.7,-29.16869,223.1998
14.34604,11.10759,-35.3122,251.6185,2.676955,2.962223,-0.05542411,0.002955782,0.02376756,-0.02869755,0.9993013,2.596443,2.949111,-0.05593431,0.03341523,-0.1502161,0.9880884,9,5.7,-10.57606,90.90654,10,-5.7,-28.80006,220.5769
14.37381,8.956342,-31.52861,224.6969,2.993947,2.965333,-0.05476736,0.001548816,0.02096752,-0.02684224,0.9994186,2.919197,2.955784,-0.05588424,0.02654121,-0.1516044,0.9880849,9,5.7,-10.20877,88.29308,10,-5.7,-28.43277,217.9634
14.40164,9.238055,-31.52865,224.6972,3.310865,2.967563,-0.05376062,0.0007586292,0.01798156,-0.02481727,0.99953,3.200902,2.955784,-0.05588424,0.02654121,-0.1516044,0.9880849,9,5.7,-9.840885,85.67547,10,-5.7,-28.06489,215.3458
14.4295,8.581821,-32.53472,231.8557,3.632571,2.968488,-0.05244565,0.000477314,0.01533887,-0.02258603,0.9996272,3.528264,2.961091,-0.05553746,0.02153505,-0.1512607,0.9882593,9,5.7,-9.472254,83.05252,10,-5.7,-27.69625,212.7229
14.4574,9.128109,-31.91044,227.4138,3.953304,2.968317,-0.05084295,0.001904592,0.01289168,-0.02027774,0.9997094,3.855635,2.964772,-0.05447996,0.0229052,-0.1515084,0.9881905,9,5.7,-9.103404,80.42802,10,-5.7,-27.3274,210.0984
14.4852,8.373517,-30.12876,214.7364,4.271239,2.966909,-0.04939289,0.0006459272,0.01073593,-0.01875053,0.9997663,4.180852,2.966737,-0.05307233,0.01928861,-0.1522579,0.9881526,9,5.7,-8.736077,77.81435,10,-5.7,-26.96008,207.4847
14.513,7.883312,-24.2633,173.0017,4.582898,2.965488,-0.0478112,0.002465736,0.007488817,-0.01654932,0.999832,4.500366,2.967047,-0.05147314,0.01930737,-0.155411,0.9876612,9,5.7,-8.368392,75.19813,10,-5.7,-26.59239,204.8685
14.54077,7.080681,-23.0442,164.3273,4.895831,2.963439,-0.04605891,0.003339431,0.004694819,-0.01482008,0.9998736,4.820805,2.96599,-0.04967308,0.01357792,-0.156276,0.9876201,9,5.7,-8.001245,72.58573,10,-5.7,-26.22524,202.2561
14.5686,7.351152,-23.04422,164.3275,5.200109,2.960793,-0.0442512,0.003992817,0.001790345,-0.01402992,0.9998921,5.091274,2.96599,-0.04967308,0.01357792,-0.156276,0.9876201,9,5.7,-7.633094,69.9662,10,-5.7,-25.85709,199.6366
14.59668,7.610673,-27.90587,198.9197,5.497785,2.958082,-0.04243252,0.005903735,-0.0007962586,-0.01475951,0.9998734,5.3978,2.964216,-0.04766631,0.01098962,-0.1533078,0.9881173,9,5.7,-7.262204,67.32719,10,-5.7,-25.4862,196.9975
14.62445,6.536796,-24.65959,175.8214,5.788629,2.955614,-0.04079561,0.008503788,-0.004551768,-0.01212196,0.99988,5.697524,2.961652,-0.04556048,0.004714342,-0.1551539,0.987879,9,5.7,-6.894674,64.71207,10,-5.7,-25.11867,194.3824
14.65219,5.509238,-39.4371,280.9688,6.068755,2.952942,-0.03931715,0.008197426,-0.006940962,-0.01246026,0.9998648,5.986715,2.958694,-0.04361618,-0.001680122,-0.1491796,0.9888087,9,5.7,-6.528109,62.10383,10,-5.7,-24.75211,191.7742
14.68005,5.45113,-29.63773,211.2426,6.34139,2.949595,-0.03794868,0.01007608,-0.01091525,-0.01082542,0.9998311,6.26814,2.955592,-0.04149926,-0.003821657,-0.1524585,0.9883025,9,5.7,-6.159718,59.48259,10,-5.7,-24.38372,189.1529
14.70792,5.505781,-21.18322,151.0858,6.598714,2.946734,-0.03673271,0.01025462,-0.01122233,-0.01632215,0.9997512,6.534613,2.95216,-0.03957033,-0.006722472,-0.1577023,0.9874638,9,5.7,-5.791436,56.86213,10,-5.7,-24.01544,186.5325
14.73578,5.723745,-21.1832,151.0857,6.843921,2.94291,-0.03579238,0.009084182,-0.01253116,-0.01711888,0.9997337,6.752575,2.95216,-0.03957033,-0.006722472,-0.1577023,0.9874638,9,5.7,-5.423098,54.24127,10,-5.7,-23.6471,183.9116
14.76355,5.485731,-19.25306,137.352,7.073403,2.938552,-0.03502075,0.007526387,-0.01264346,-0.01843153,0.9997218,6.992515,2.948622,-0.03801131,-0.01082613,-0.1595172,0.9871358,9,5.7,-5.055764,51.62755,10,-5.7,-23.27976,181.2979
14.79135,4.942992,-21.32719,152.1102,7.289374,2.933486,-0.03438104,0.007498344,-0.01204073,-0.0180019,0.9997374,7.218503,2.944689,-0.03675127,-0.01476766,-0.15752,0.9874054,9,5.7,-4.688036,49.01103,10,-5.7,-22.91204,178.6814
14.81949,3.847608,-27.32203,194.7656,7.487911,2.927973,-0.03386895,0.008590063,-0.01092723,-0.01751017,0.9997501,7.426971,2.939898,-0.03553557,-0.01815369,-0.1534813,0.9879848,9,5.7,-4.316361,46.36643,10,-5.7,-22.54036,176.0368
14.84705,3.20636,-27.61607,196.8578,7.668497,2.922243,-0.03351743,0.00895195,-0.01026303,-0.01567186,0.9997845,7.617114,2.934265,-0.03460729,-0.02213154,-0.1532903,0.9879333,9,5.7,-3.951804,43.77247,10,-5.7,-22.1758,173.4428
14.87485,2.892326,-25.37704,180.9262,7.830554,2.916696,-0.0332581,0.007807992,-0.009224802,-0.01472471,0.9998185,7.788226,2.928003,-0.03381741,-0.02672059,-0.1544818,0.9876342,9,5.7,-3.584275,41.15737,10,-5.7,-21.80828,170.8277
14.90259,3.019588,-25.37702,180.9261,7.973721,2.910276,-0.03378401,0.007977708,-0.007540643,-0.01296385,0.9998558,7.915484,2.928003,-0.03381741,-0.02672059,-0.1544818,0.9876342,9,5.7,-3.217483,38.5475,10,-5.7,-21.44148,168.2179
14.93045,2.363744,-26.55894,189.3359,8.096464,2.902627,-0.0351336,0.01011274,-0.006498665,-0.009373531,0.9998839,8.048766,2.921263,-0.03340626,-0.02965049,-0.1537553,0.987664,9,5.7,-2.848919,35.92503,10,-5.7,-21.07292,165.5954
14.95834,2.56736,-23.45849,167.275,8.19702,2.895664,-0.03653827,0.008527297,-0.005436391,-0.007213479,0.9999229,8.159372,2.914055,-0.03351152,-0.03299773,-0.1556209,0.9872656,9,5.7,-2.480383,33.30276,10,-5.7,-20.70438,162.9731
14.98627,2.729836,-21.53391,153.5811,8.277077,2.888147,-0.03851213,0.004220538,-0.004124731,-0.005055817,0.9999698,8.248627,2.905918,-0.03446829,-0.03545746,-0.1570224,0.9869583,9,5.7,-2.111162,30.67562,10,-5.7,-20.33516,160.346
15.01398,1.928971,-24.44919,174.3242,8.33521,2.879776,-0.0407489,0.001074867,-0.002477735,-0.002874643,0.9999923,8.315084,2.897445,-0.03613651,-0.03615996,-0.1548443,0.987277,9,5.7,-1.744585,28.06729,10,-5.7,-19.96858,157.7377
15.0419,-1.000709,-33.95404,241.9548,8.37007,2.870775,-0.04273107,-0.003460386,-0.002102583,0.0005645106,0.9999917,8.35755,2.888363,-0.03821599,-0.03820315,-0.1504015,0.9878866,9,5.7,-1.375522,25.44127,10,-5.7,-19.59952,155.1116
15.06982,-0.9920999,-33.95404,241.9548,8.379754,2.862195,-0.04395715,-0.009683669,-0.001959085,0.001200868,0.9999505,8.366158,2.888363,-0.03821599,-0.03820315,-0.1504015,0.9878866,9,5.7,-1.006226,22.8136,10,-5.7,-19.23023,152.484
15.09808,2.53266,-22.40948,159.8109,8.371716,2.85369,-0.04458603,-0.01387778,-0.00181514,0.002156538,0.9998997,8.366997,2.878443,-0.04060292,-0.03602677,-0.1561518,0.9870759,9,5.7,-0.632881,20.15711,10,-5.7,-18.85688,149.8275
15.12531,-1.64444,-35.56964,253.4504,8.330897,2.846191,-0.04453815,-0.01487058,-0.0003241003,0.0003215051,0.9998894,8.335308,2.868297,-0.04266012,-0.03889453,-0.1498059,0.9879501,9,5.7,-0.2728156,17.59511,10,-5.7,-18.49681,147.2655
15.15317,-1.731705,-32.47915,231.4605,8.261023,2.838511,-0.04432151,-0.01633808,-0.0006618202,0.001999375,0.9998643,8.273903,2.858124,-0.04396284,-0.04268612,-0.1507566,0.9876489,9,5.7,0.09568813,14.97307,10,-5.7,-18.12831,144.6434
15.18094,1.859258,-21.33443,152.1616,8.164437,2.830292,-0.04463719,-0.01329416,-0.003795207,0.006565098,0.9998829,8.184263,2.848362,-0.04440498,-0.04100627,-0.1567818,0.9867816,9,5.7,0.462865,12.36047,10,-5.7,-17.76114,142.0308
15.20877,0.953004,-22.22151,158.4734,8.044545,2.823287,-0.04467645,-0.008672111,-0.005226851,0.007844613,0.999918,8.069597,2.838878,-0.04444039,-0.04430032,-0.1559992,0.9867633,9,5.7,0.8306525,9.743527,10,-5.7,-17.39335,139.4139
15.23679,3.020472,-15.32757,109.4206,7.900632,2.818803,-0.04369154,-0.01140051,-0.005961925,0.008532162,0.9998809,7.929318,2.82959,-0.04436386,-0.04419629,-0.163476,0.9855568,9,5.7,1.201086,7.107759,10,-5.7,-17.02291,136.7781
15.26492,2.867491,-15.32758,109.4207,7.728533,2.816015,-0.0421531,-0.01800882,-0.006819844,0.007444116,0.9997869,7.77634,2.82959,-0.04436386,-0.04419629,-0.163476,0.9855568,9,5.7,1.573241,4.459735,10,-5.7,-16.65076,134.1301
15.29236,2.300346,-14.73464,105.2018,7.532569,2.812016,-0.04166532,-0.01737548,-0.008508563,0.008290374,0.9997785,7.585865,2.822043,-0.04402518,-0.04947556,-0.1643408,0.9851621,9,5.7,1.935877,1.87945,10,-5.7,-16.28812,131.5498
15.32025,0.1003123,-19.29789,137.6708,7.309833,2.810681,-0.0408409,-0.008963645,-0.01058328,0.009476031,0.999859,7.36755,2.816817,-0.04298019,-0.05203249,-0.1583384,0.9860129,10,-5.7,-15.91942,128.9264,11,5.7,-34.54577,261.4597
15.34805,-8.690905,-19.32786,137.8841,7.066446,2.814713,-0.03803298,-0.009373751,-0.01248309,0.009685973,0.9998313,7.126976,2.812743,-0.04185414,-0.1125152,-0.1574898,0.9810899,10,-5.7,-15.55189,126.3112,11,5.7,-34.17824,258.8446
15.37592,-10.29553,-20.23355,144.3284,6.792616,2.820734,-0.03485963,-0.01371026,-0.01398483,0.009021841,0.9997675,6.855298,2.81138,-0.04028594,-0.1165146,-0.1565563,0.9807724,10,-5.7,-15.18349,123.69,11,5.7,-33.80984,256.2234
15.40378,-10.3372,-21.89253,156.1326,6.497172,2.827271,-0.03257607,-0.007865904,-0.01618874,0.009694875,0.999791,6.560108,2.814453,-0.03769529,-0.1062637,-0.1553771,0.9821232,10,-5.7,-14.81502,121.0681,11,5.7,-33.44137,253.6015
15.43234,-10.61428,-21.89254,156.1328,6.185464,2.836254,-0.03046025,0.0008604882,-0.01944548,0.01465694,0.9997032,6.283034,2.814453,-0.03769529,-0.1062637,-0.1553771,0.9821232,10,-5.7,-14.43717,118.3796,11,5.7,-33.06352,250.913
15.45944,-10.274,-20.54074,146.5142,5.854486,2.848011,-0.02761821,0.002083996,-0.0218066,0.01524055,0.9996439,5.952407,2.820856,-0.03467274,-0.108695,-0.1564912,0.9816801,10,-5.7,-14.07896,115.8308,11,5.7,-32.70531,248.3642
15.4874,-6.721409,-15.72864,112.2743,5.508428,2.860451,-0.02484911,-0.001237915,-0.02314034,0.01158082,0.9996644,5.604971,2.8299,-0.03172624,-0.1076591,-0.162091,0.9808853,10,-5.7,-13.70966,113.2031,11,5.7,-32.33601,245.7365
15.51517,-8.550055,-18.13867,129.4225,5.147652,2.872728,-0.02291067,-0.00149205,-0.02496395,0.008011118,0.9996552,5.241521,2.842077,-0.02860689,-0.1045897,-0.1591095,0.9817052,10,-5.7,-13.34242,110.59,11,5.7,-31.96877,243.1234
15.54312,-12.85,-22.62114,163.3528,4.775524,2.885294,-0.02133742,0.0001610187,-0.02662116,0.004777377,0.9996342,4.865451,2.856306,-0.02559412,-0.1065276,-0.1532024,0.9824362,10,-5.7,-12.97286,107.9605,11,5.7,-31.59921,240.4939
15.57083,-12.85,-21.2433,153.9777,4.392015,2.898053,-0.0198421,-0.0008021167,-0.026142,-0.0007979757,0.9996576,4.476954,2.87116,-0.02314019,-0.1104772,-0.1537545,0.9819136,10,-5.7,-12.60645,105.3534,11,5.7,-31.23281,237.8868
15.59946,-12.85,-20.75587,150.8648,3.998007,2.910109,-0.01852873,-0.002938386,-0.02563876,-0.00487757,0.9996551,4.126725,2.87116,-0.02314019,-0.1104772,-0.1537545,0.9819136,10,-5.7,-12.22797,102.6603,11,5.7,-30.85432,235.1937
15.6265,-12.85,-21.49785,156.9891,3.592402,2.921228,-0.0173384,-0.003543048,-0.02493438,-0.009272054,0.9996399,3.716604,2.886222,-0.02127755,-0.1037008,-0.1526352,0.9828269,10,-5.7,-11.8703,100.1153,11,5.7,-30.49665,232.6487
15.65439,-11.98991,-36.05188,256.8817,3.178923,2.931669,-0.01635146,-0.002972523,-0.02438423,-0.0119582,0.9996268,3.297628,2.901106,-0.01942325,-0.0587334,-0.1496541,0.9869924,10,-5.7,-11.50153,97.49142,11,5.7,-30.12788,230.0248
15.68243,NaN,NaN,NaN,2.761061,2.941034,-0.01561479,-0.002644509,-0.0242264,-0.0116995,0.9996346,2.873046,2.91509,-0.01784587,-0.02287892,-0.14115,0.9897239,10,-5.7,-11.13089,94.85417,11,5.7,-29.75724,227.3876
15.71017,NaN,NaN,NaN,2.339046,2.948796,-0.0152789,-0.001970475,-0.02356961,-0.01167719,0.9996521,2.443383,2.927853,-0.01668751,-0.01433526,-0.1412813,0.9898657,10,-5.7,-10.76392,92.24309,11,5.7,-29.39027,224.7765
15.73807,NaN,NaN,NaN,1.913789,2.954921,-0.01515035,-0.001354328,-0.02261141,-0.01368634,0.9996498,2.009892,2.93907,-0.01583719,-0.01365001,-0.1420436,0.9897662,10,-5.7,-10.39527,89.61998,11,5.7,-29.02162,222.1534
15.76682,NaN,NaN,NaN,1.48727,2.95927,-0.01548699,-0.00053389,-0.02201292,-0.01587287,0.9996315,1.630764,2.93907,-0.01583719,-0.01365001,-0.1420436,0.9897662,10,-5.7,-10.0151,86.91494,11,5.7,-28.64145,219.4483
15.79352,NaN,NaN,NaN,1.060986,2.962124,-0.01591192,0.001807239,-0.02163526,-0.01722898,0.9996159,1.195688,2.948275,-0.01528883,-0.01416928,-0.1429484,0.9896287,10,-5.7,-9.662177,84.40377,11,5.7,-28.28853,216.9371
15.82126,NaN,NaN,NaN,0.6330037,2.96484,-0.01636215,0.001937064,-0.01989332,-0.02170819,0.9995646,0.7586793,2.955093,-0.0152818,-0.01319617,-0.1452508,0.9893069,10,-5.7,-9.295247,81.79292,11,5.7,-27.9216,214.3263
15.84915,-2.97638,-43.24389,308.0555,0.2043677,2.964433,-0.01727862,-0.001475679,-0.01776561,-0.02731435,0.999468,0.3207438,2.959941,-0.01586819,-0.0105835,-0.1483106,0.9888842,10,-5.7,-8.926615,79.16997,11,5.7,-27.55297,211.7034
15.87704,0.1120521,-29.45728,209.9586,-0.2241066,2.962137,-0.01832702,0.00138323,-0.01703757,-0.03288282,0.999313,-0.1169304,2.962809,-0.01635981,0.001077752,-0.1525916,0.9882888,10,-5.7,-8.557919,76.54655,11,5.7,-27.18427,209.0799
15.90494,-0.2742193,-17.54035,125.1654,-0.6447548,2.959221,-0.01958035,0.004075475,-0.01574218,-0.03615309,0.9992139,-0.5477443,2.962809,-0.0172298,0.002156273,-0.161632,0.9868488,10,-5.7,-8.189153,73.92265,11,5.7,-26.8155,206.456
15.93365,-0.6506587,-17.54036,125.1655,-1.068249,2.956884,-0.02037593,0.001279771,-0.0122821,-0.04301324,0.9989982,-0.9241837,2.962809,-0.0172298,0.002156273,-0.161632,0.9868488,10,-5.7,-7.809255,71.21954,11,5.7,-26.43561,203.7529
15.96045,-8.569862,-13.83552,98.80408,-1.483086,2.95245,-0.02153344,-0.002437335,-0.009015769,-0.04780396,0.9988131,-1.34965,2.960705,-0.01855338,-0.0718432,-0.1671274,0.9833143,10,-5.7,-7.454926,68.69835,11,5.7,-26.08128,201.2318
15.98834,-9.793777,-15.5237,110.8161,-1.891873,2.946335,-0.02357562,0.002374528,-0.006187589,-0.04880866,0.9987862,-1.769332,2.957627,-0.01978874,-0.0712319,-0.1640562,0.9838758,10,-5.7,-7.08639,66.07608,11,5.7,-25.71274,198.6095
16.01624,-9.605448,-14.48326,103.4129,-2.289741,2.94271,-0.02518445,0.006624043,-0.003453672,-0.0494251,0.99875,-2.178592,2.953047,-0.02116394,-0.07062696,-0.1658136,0.9836248,10,-5.7,-6.71734,63.45016,11,5.7,-25.34369,195.9836
16.04434,-10.03055,-15.75969,112.4954,-2.679569,2.938324,-0.0266744,0.003166966,-0.001083046,-0.050791,0.9987037,-2.579726,2.947357,-0.02305365,-0.06518309,-0.1636576,0.9843614,10,-5.7,-6.345983,60.80781,11,5.7,-24.97233,193.3412
16.07202,-12.70881,-22.51166,160.538,-3.059713,2.932039,-0.02871402,-0.0005640053,0.0002526939,-0.05522167,0.998474,-2.970828,2.941958,-0.0250324,-0.05979374,-0.1562919,0.9858993,10,-5.7,-5.97971,58.20164,11,5.7,-24.60606,190.735
16.10028,-12.85,-22.02434,157.4639,-3.428302,2.926078,-0.03082671,0.001062464,0.001143485,-0.06079148,0.9981493,-3.298463,2.941958,-0.0250324,-0.05979374,-0.1562919,0.9858993,10,-5.7,-5.606193,55.54393,11,5.7,-24.23254,188.0773
16.1275,-12.85221,-22.04373,161.5197,-3.783702,2.920092,-0.03272214,0.0001905672,0.003413141,-0.06727254,0.9977288,-3.666156,2.935953,-0.02708423,-0.05610678,-0.1525714,0.9866985,10,-5.7,-5.246331,52.98339,11,5.7,-23.87268,185.5168
16.15546,-12.85,-22.16521,160.1659,-4.129274,2.912628,-0.03475752,-0.000311397,0.005695522,-0.07220295,0.9973737,-4.02353,2.929165,-0.02935028,-0.05435393,-0.1545326,0.9864914,10,-5.7,-4.876738,50.3536,11,5.7,-23.50309,182.887
16.18338,-12.85,-22.75002,164.0094,-4.460188,2.905238,-0.03694551,-0.0008472428,0.009132266,-0.07603953,0.9970627,-4.366051,2.921832,-0.0316906,-0.05102995,-0.1544131,0.9866877,10,-5.7,-4.507694,47.72771,11,5.7,-23.13404,180.2611
16.211,-10.93157,-18.00115,128.4442,-4.777475,2.897269,-0.039172,-0.001401715,0.0128493,-0.07863854,0.9968194,-4.694622,2.913714,-0.03413343,-0.04785911,-0.1604899,0.9858765,10,-5.7,-4.142287,45.12771,11,5.7,-22.76864,177.6611
16.23892,-10.76704,-19.03386,135.7921,-5.07938,2.888911,-0.04154166,-0.000826057,0.01612395,-0.08127177,0.9965612,-5.007301,2.904785,-0.03670681,-0.04182522,-0.1593108,0.9863421,10,-5.7,-3.773316,42.50234,11,5.7,-22.39967,175.0357
16.26761,-11.01917,-19.03387,135.7922,-5.363019,2.880543,-0.04387534,-8.30628E-05,0.01882875,-0.08291092,0.9963791,-5.259425,2.904785,-0.03670681,-0.04182522,-0.1593108,0.9863421,10,-5.7,-3.394121,39.80423,11,5.7,-22.02047,172.3376
16.29453,-10.2961,-18.73853,133.6907,-5.629187,2.87178,-0.04623124,-0.0006591976,0.0213328,-0.0859608,0.9960699,-5.53808,2.895255,-0.0394007,-0.03510099,-0.1595974,0.9865579,10,-5.7,-3.0381,37.27101,11,5.7,-21.66445,169.8044
16.32239,-10.23185,-19.4526,138.7716,-5.876057,2.862746,-0.04886497,9.376556E-05,0.0234707,-0.0891718,0.9957397,-5.796946,2.885311,-0.04212928,-0.03152708,-0.1587971,0.9868078,10,-5.7,-2.669755,34.6501,11,5.7,-21.29611,167.1835
16.35037,-9.792955,-19.28089,137.5498,-6.101862,2.853428,-0.0517915,0.002078708,0.02659056,-0.09228301,0.9953756,-6.034458,2.875016,-0.04498184,-0.02695848,-0.1589173,0.9869238,10,-5.7,-2.299743,32.01733,11,5.7,-20.9261,164.5507
16.37833,-9.018953,-17.32136,123.6071,-6.303056,2.844358,-0.05464944,0.002672128,0.02914846,-0.09320995,0.9952161,-6.247231,2.864325,-0.0481149,-0.02211668,-0.1610699,0.9866952,10,-5.7,-1.930178,29.38774,11,5.7,-20.55653,161.9211
16.40588,-8.133712,-15.49711,110.627,-6.477039,2.835922,-0.05732935,0.0006903596,0.03124291,-0.09469481,0.9950157,-6.432398,2.853378,-0.05146778,-0.01516289,-0.1635482,0.9864188,10,-5.7,-1.565605,26.79367,11,5.7,-20.19196,159.327
16.43399,-8.260921,-15.49711,110.627,-6.62015,2.82806,-0.06023879,-0.0007732436,0.03444752,-0.09715088,0.9946731,-6.559608,2.853378,-0.05146778,-0.01516289,-0.1635482,0.9864188,10,-5.7,-1.194254,24.15137,11,5.7,-19.82061,156.6847
16.46158,-7.138808,-17.37799,124.0099,-6.730024,2.819855,-0.063408,0.0005869381,0.03682405,-0.09574324,0.9947246,-6.68392,2.842755,-0.05494416,-0.003618747,-0.1608616,0.9869704,10,-5.7,-0.8292977,21.55457,11,5.7,-19.45565,154.0879
16.4895,-6.305063,-18.04188,128.7337,-6.804849,2.813009,-0.06625962,0.0005160458,0.04008451,-0.09526143,0.9946448,-6.772634,2.832714,-0.05825019,0.00358366,-0.159991,0.987112,10,-5.7,-0.4603504,18.92937,11,5.7,-19.0867,151.4627
16.51746,-4.825713,-24.58186,175.2683,-6.844502,2.807549,-0.06905104,-0.001271516,0.04500151,-0.0966863,0.9942963,-6.825147,2.823045,-0.06176341,0.01126632,-0.1544198,0.9879411,10,-5.7,-0.09043297,16.29727,11,5.7,-18.71679,148.8306
16.54526,-3.510324,-25.4128,181.1807,-6.854697,2.802915,-0.07215535,-0.001745388,0.048756,-0.09491786,0.9942889,-6.846116,2.814438,-0.06532049,0.01818255,-0.1538594,0.9879255,10,-5.7,0.2769394,13.68328,11,5.7,-18.34941,146.2167
16.57297,-2.797453,-26.74476,190.6581,-6.833644,2.798444,-0.07527828,-0.00286239,0.04979247,-0.09254326,0.9944588,-6.833855,2.807354,-0.06889367,0.02090911,-0.153084,0.9879919,10,-5.7,0.6432616,11.07677,11,5.7,-17.98309,143.6101
16.6008,-2.75233,-26.74478,190.6582,-6.782883,2.795754,-0.07875809,-0.002527613,0.05404857,-0.09795865,0.9937185,-6.788734,2.807354,-0.06889367,0.02090911,-0.153084,0.9879919,10,-5.7,1.011422,8.457166,11,5.7,-17.61493,140.9905
16.62869,-3.270592,-20.88668,148.9757,-6.698174,2.793998,-0.08282833,-0.001151804,0.05974233,-0.09932172,0.9932597,-6.714812,2.80149,-0.07245588,0.02281575,-0.1569189,0.9873479,10,-5.7,1.379957,5.834905,11,5.7,-17.2464,138.3683
16.65656,-3.59266,-23.91777,170.543,-6.595234,2.793109,-0.08668375,-0.0003875159,0.06531585,-0.09922659,0.9929189,-6.6198,2.797013,-0.07633841,0.01752581,-0.1546669,0.9878112,10,-5.7,1.748615,3.211767,11,5.7,-16.87774,135.7451
16.6843,-3.342342,-22.09278,157.5575,-6.469294,2.793132,-0.09077457,-0.004268888,0.06973794,-0.09802192,0.9927286,-6.499383,2.793995,-0.0806129,0.01977827,-0.1559109,0.9875731,10,-5.7,2.115425,0.6017799,11,5.7,-16.51093,133.1352
16.71225,-1.719665,-24.96466,177.9921,-6.326993,2.793386,-0.09491206,-0.007920069,0.07196996,-0.09623866,0.9927214,-6.360375,2.792461,-0.08527124,0.02574063,-0.1539605,0.9877417,11,5.7,-16.14164,130.5075,12,-5.7,-34.43966,260.7047
16.74023,-3.602747,-26.78803,190.966,-6.16704,2.794056,-0.09859217,-0.01239291,0.07267776,-0.09634797,0.9926134,-6.202255,2.792082,-0.09014368,0.01344458,-0.1529875,0.9881367,11,5.7,-15.77168,127.8751,12,-5.7,-34.06971,258.0724
16.76785,-3.44081,-26.78801,190.9658,-5.984858,2.795517,-0.1017884,-0.01521327,0.07139349,-0.0961328,0.9926883,-6.040315,2.792082,-0.09014368,0.01344458,-0.1529875,0.9881367,11,5.7,-15.40618,125.2745,12,-5.7,-33.7042,255.4717
16.79578,-1.589426,-32.68262,232.9082,-5.780624,2.798252,-0.1047811,-0.01420998,0.07105845,-0.09767841,0.9925763,-5.839856,2.792476,-0.09490228,0.01803119,-0.1504926,0.9884467,11,5.7,-15.03705,122.6479,12,-5.7,-33.33507,252.8452
16.8237,NaN,NaN,NaN,-5.551343,2.803082,-0.1073242,-0.009749957,0.06971458,-0.09450391,0.9930327,-5.614074,2.793725,-0.09921455,0.01997106,-0.1440635,0.9893669,11,5.7,-14.6679,120.0213,12,-5.7,-32.96592,250.2185
16.85141,8.159872,-47.29659,336.892,-5.299041,2.810394,-0.1087285,-0.007421744,0.06920625,-0.09105109,0.9934109,-5.36438,2.796256,-0.1030399,0.03966451,-0.1469145,0.9883536,11,5.7,-14.30148,117.4141,12,-5.7,-32.5995,247.6113
16.87936,6.877012,-19.95484,142.3453,-5.017705,2.819865,-0.1093634,-0.00765274,0.06938305,-0.08580848,0.9938633,-5.08528,2.801007,-0.1061786,0.08263946,-0.1572049,0.9841022,11,5.7,-13.93201,114.7852,12,-5.7,-32.23003,244.9824
16.90732,12.85,-27.65575,200.8455,-4.722092,2.829006,-0.1098613,-0.003288098,0.07177243,-0.0828106,0.9939721,-4.789512,2.809027,-0.1079403,0.08646243,-0.1493272,0.9850004,11,5.7,-13.56232,112.1547,12,-5.7,-31.86035,242.352
16.935,12.85,-27.17096,197.6477,-4.406299,2.841053,-0.1098929,0.0007826015,0.07419121,-0.08068685,0.9939742,-4.508807,2.809027,-0.1079403,0.08646243,-0.1493272,0.9850004,11,5.7,-13.19654,109.552,12,-5.7,-31.49456,239.7493
16.96283,12.38906,-25.46446,181.5482,-4.077849,2.853627,-0.1094143,-0.0003405735,0.07611433,-0.07667784,0.9941463,-4.180133,2.819259,-0.1090444,0.08976161,-0.1532236,0.9841064,11,5.7,-12.82839,106.9325,12,-5.7,-31.12641,237.1297
16.99081,11.07832,-21.61928,154.1884,-3.741479,2.865759,-0.1087952,0.002205603,0.07681051,-0.07175382,0.994458,-3.841309,2.831552,-0.1096647,0.09506933,-0.1558031,0.9832026,11,5.7,-12.45853,104.3009,12,-5.7,-30.75656,234.4981
17.01871,9.427018,-19.59621,139.7935,-3.390825,2.877985,-0.1077422,0.00586996,0.07508647,-0.06550522,0.9950058,-3.48719,2.845622,-0.1095566,0.09076682,-0.1577312,0.9833017,11,5.7,-12.08974,101.6768,12,-5.7,-30.38776,231.874
17.04639,7.960289,-17.18172,122.6135,-3.030158,2.89033,-0.1062491,0.008385941,0.07235688,-0.05987693,0.9955446,-3.122071,2.860322,-0.1089982,0.08877166,-0.1605403,0.9830292,11,5.7,-11.72366,99.07197,12,-5.7,-30.02168,229.2692
17.07428,7.111326,-15.52857,110.8508,-2.659075,2.901779,-0.1046138,0.01180897,0.06705695,-0.05236669,0.996304,-2.746006,2.875106,-0.1078055,0.08730593,-0.1630006,0.9827555,11,5.7,-11.355,96.44878,12,-5.7,-29.65302,226.646
17.10205,7.450705,-15.52857,110.8508,-2.277275,2.912731,-0.1028899,0.01603578,0.06084302,-0.04561856,0.9969754,-2.406628,2.875106,-0.1078055,0.08730593,-0.1630006,0.9827555,11,5.7,-10.9876,93.83462,12,-5.7,-29.28562,224.0318
17.12982,8.568089,-18.89551,134.8078,-1.885785,2.923375,-0.100906,0.01776083,0.0559887,-0.04321124,0.9973378,-2.010827,2.889536,-0.1061153,0.07717873,-0.1589334,0.984268,11,5.7,-10.6205,91.22256,12,-5.7,-28.91852,221.4198
17.15787,8.171145,-19.64345,140.1297,-1.488487,2.932822,-0.09887782,0.01781268,0.05173445,-0.04205007,0.9976162,-1.60813,2.903391,-0.1039567,0.06868873,-0.1583669,0.9849882,11,5.7,-10.24987,88.58539,12,-5.7,-28.54789,218.7826
17.18567,6.378093,-15.74389,112.3829,-1.083175,2.941153,-0.09664094,0.01628906,0.04692033,-0.03746652,0.9980628,-1.196727,2.916559,-0.1015381,0.06628699,-0.163297,0.9843476,11,5.7,-9.882326,85.97019,12,-5.7,-28.18035,216.1674
17.21335,7.146609,-15.30887,109.2875,-0.6730959,2.948464,-0.09411651,0.0122867,0.0428904,-0.0318613,0.9984961,-0.7797374,2.928164,-0.09941339,0.0712931,-0.1640321,0.9838754,11,5.7,-9.516314,83.36588,12,-5.7,-27.81433,213.5631
17.24118,8.180685,-18.89369,134.7949,-0.2601647,2.953465,-0.09170996,0.01052866,0.03839701,-0.02556519,0.99888,-0.3590679,2.938488,-0.09688675,0.06237325,-0.1594594,0.9852321,11,5.7,-9.148299,80.74731,12,-5.7,-27.44632,210.9445
17.26904,8.547842,-18.89368,134.7948,0.1528894,2.95648,-0.08945823,0.01201902,0.03528035,-0.02311656,0.9990378,0.008091331,2.938488,-0.09688675,0.06237325,-0.1594594,0.9852321,11,5.7,-8.779958,78.12643,12,-5.7,-27.07798,208.3237
17.29709,18.47168,-45.80835,326.3026,0.5700797,2.958704,-0.08654745,0.01285458,0.03260142,-0.02175141,0.9991491,0.4332957,2.947134,-0.09417176,0.05457727,-0.1475156,0.9875528,11,5.7,-8.408973,75.48673,12,-5.7,-26.70699,205.684
17.32471,22.91466,-48.5665,354.1385,0.987297,2.959478,-0.08318181,0.01207958,0.02844468,-0.01731774,0.9993723,0.8590689,2.952873,-0.09128153,0.06149863,-0.1436538,0.9877153,11,5.7,-8.043962,72.88955,12,-5.7,-26.34198,203.0868
17.35263,NaN,NaN,NaN,1.400588,2.957872,-0.08003289,0.0103021,0.02595133,-0.01593788,0.9994831,1.281736,2.956326,-0.08806419,0.05787863,-0.1409088,0.9883293,11,5.7,-7.674623,70.26157,12,-5.7,-25.97264,200.4588
17.3804,NaN,NaN,NaN,1.806705,2.95624,-0.07550841,0.008152991,0.02384901,-0.01530605,0.9995652,1.698039,2.957722,-0.08439612,0.05182332,-0.1390818,0.988924,11,5.7,-7.307582,67.64993,12,-5.7,-25.6056,197.8472
17.40826,NaN,NaN,NaN,2.211469,2.952474,-0.07072777,0.00320857,0.0196102,-0.01048096,0.9997476,2.112616,2.956836,-0.08010292,0.04825576,-0.1452291,0.9882206,11,5.7,-6.939311,65.02954,12,-5.7,-25.23733,195.2268
17.4361,NaN,NaN,NaN,2.606088,2.949348,-0.06552102,0.002027326,0.01530755,-0.008809442,0.999842,2.517887,2.954562,-0.07516956,0.04142658,-0.1398565,0.9893048,11,5.7,-6.571162,62.41002,12,-5.7,-24.86918,192.6073
17.46423,NaN,NaN,NaN,2.996214,2.944326,-0.06044112,0.004754426,0.01343027,-0.008053457,0.9998661,2.864666,2.954562,-0.07516956,0.04142658,-0.1398565,0.9893048,11,5.7,-6.1991,59.76267,12,-5.7,-24.49712,189.9599
17.49173,17.09829,-57.3798,408.6378,3.370883,2.939189,-0.05523629,0.006925907,0.008990705,-0.004226806,0.9999267,3.251225,2.950912,-0.06949949,0.03349814,-0.1459491,0.9887248,11,5.7,-5.835765,57.17741,12,-5.7,-24.13378,187.3746
17.51968,13.11442,-38.20793,276.63,3.734442,2.933756,-0.0495945,0.007913637,0.002765864,-0.00312171,0.99996,3.626703,2.945969,-0.06345403,0.03389705,-0.1470317,0.9885508,11,5.7,-5.465943,54.54599,12,-5.7,-23.76396,184.7432
17.54749,9.569456,-26.40246,188.2226,4.089084,2.927854,-0.04472452,0.01071873,-2.652406E-05,-0.006183171,0.9999235,3.99268,2.940045,-0.05714846,0.02925382,-0.1539206,0.9876501,11,5.7,-5.098659,51.93263,12,-5.7,-23.39668,182.1299
17.57529,9.400538,-20.43316,145.7487,4.428364,2.921334,-0.04000326,0.01348756,-0.001884252,-0.007126126,0.9998819,4.343264,2.933695,-0.05079234,0.03422935,-0.1581548,0.9868209,11,5.7,-4.731094,49.31727,12,-5.7,-23.02911,179.5145
17.60315,7.807122,-10.19025,72.86665,4.750557,2.914874,-0.03531168,0.01301286,-0.002367705,-0.009826053,0.9998642,4.676737,2.926559,-0.04480934,0.04221803,-0.1769003,0.9833229,11,5.7,-4.362533,46.69482,12,-5.7,-22.66055,176.8921
17.6315,8.07901,-10.19025,72.86662,5.05643,2.907588,-0.03094707,0.01256106,-0.001985312,-0.008742315,0.999881,4.948624,2.926559,-0.04480934,0.04221803,-0.1769003,0.9833229,11,5.7,-3.987511,44.0264,12,-5.7,-22.28553,174.2236
17.659,8.875962,-9.435537,67.49658,5.339273,2.900178,-0.02702048,0.01407783,-0.001955509,-0.007858826,0.9998682,5.244754,2.91883,-0.03921735,0.05281565,-0.1796935,0.9823039,11,5.7,-3.624189,41.44123,12,-5.7,-21.92221,171.6385
17.68674,8.996881,-9.298391,66.52074,5.601999,2.89238,-0.02368395,0.01714269,-0.002449393,-0.006690562,0.9998277,5.520545,2.910726,-0.03370476,0.05130794,-0.180197,0.9822915,11,5.7,-3.25742,38.83153,12,-5.7,-21.55544,169.0288
17.71454,7.220376,-14.66108,104.6783,5.844598,2.884234,-0.02085782,0.01859064,-0.001675665,-0.004625516,0.9998151,5.775314,2.902101,-0.02871811,0.01360958,-0.1654101,0.986131,11,5.7,-2.889956,36.21689,12,-5.7,-21.18797,166.4141
17.74246,6.936856,-15.51082,110.7245,6.062132,2.876447,-0.01886922,0.01675235,6.765127E-06,-0.003098296,0.9998549,6.004482,2.892909,-0.02462387,0.008304592,-0.1639214,0.9864385,11,5.7,-2.520463,33.58781,12,-5.7,-20.81848,163.785
17.77011,6.751967,-23.07547,164.5499,6.253577,2.866903,-0.01761748,0.01575019,4.604459E-05,0.0002298313,0.999876,6.207026,2.88348,-0.02140129,0.003270807,-0.1558096,0.9877817,11,5.7,-2.154905,30.98673,12,-5.7,-20.45292,161.184
17.79877,6.897828,-23.07547,164.5499,6.41767,2.857844,-0.01630611,0.01481597,-0.0007011294,0.002624942,0.9998865,6.352887,2.88348,-0.02140129,0.003270807,-0.1558096,0.9877817,11,5.7,-1.776082,28.29126,12,-5.7,-20.0741,158.4885
17.82599,5.605606,-32.76054,233.4626,6.558221,2.849555,-0.01516648,0.01150711,-0.000518322,0.004437656,0.9999238,6.506463,2.873247,-0.01886737,-0.003814184,-0.1508713,0.9885461,11,5.7,-1.416153,25.73024,12,-5.7,-19.71417,155.9275
17.85367,3.745735,-30.04884,214.1679,6.667984,2.840229,-0.01470633,0.01042591,-8.279085E-05,0.00702547,0.999921,6.6285,2.862547,-0.01703525,-0.01330192,-0.1518628,0.9883121,11,5.7,-1.050114,23.12574,12,-5.7,-19.34813,153.323
17.88153,3.997643,-28.71926,204.7075,6.748312,2.832102,-0.01380576,0.007099662,-0.0008095801,0.008439351,0.9999388,6.720212,2.851755,-0.01573229,-0.01314228,-0.1523983,0.9882318,11,5.7,-0.6819178,20.50588,12,-5.7,-18.97993,150.7031
17.90939,5.260929,-16.77213,119.6992,6.80109,2.82453,-0.01309646,0.003358563,-0.002170265,0.01123778,0.9999289,6.782964,2.841219,-0.01473582,-0.01254569,-0.1616669,0.9867657,11,5.7,-0.3136682,17.88565,12,-5.7,-18.61168,148.0829
17.93744,3.486558,-19.50776,139.1643,6.824292,2.817588,-0.01265965,0.005157597,-0.003208727,0.01436712,0.9998784,6.814869,2.831463,-0.01379371,-0.02360525,-0.1584356,0.9870871,11,5.7,0.05736968,15.24558,12,-5.7,-18.24064,145.4428
17.96558,3.485201,-19.50778,139.1644,6.822768,2.812674,-0.01171231,0.003135212,-0.0046601,0.01792048,0.9998237,6.813515,2.831463,-0.01379371,-0.02360525,-0.1584356,0.9870871,11,5.7,0.4294267,12.59826,12,-5.7,-17.86859,142.7955
17.99295,2.78375,-21.53142,153.5634,6.79152,2.807967,-0.0110506,-0.0007593222,-0.006810069,0.01945738,0.9997872,6.792482,2.822474,-0.01307964,-0.02577182,-0.1565692,0.9873307,11,5.7,0.791065,10.02507,12,-5.7,-17.50695,140.2223
18.02078,1.141097,-24.78316,176.7007,6.729491,2.803923,-0.01046031,0.0005581463,-0.008292645,0.01916767,0.9997817,6.739752,2.815022,-0.01239049,-0.0312874,-0.1542291,0.9875396,11,5.7,1.15915,7.406004,12,-5.7,-17.13886,137.6032
18.04855,-1.044594,-30.87747,220.0638,6.63752,2.801917,-0.009372193,0.001502659,-0.010259,0.01982857,0.9997497,6.655685,2.808963,-0.01143312,-0.0345658,-0.1512151,0.9878964,11,5.7,1.526392,4.79294,12,-5.7,-16.77162,134.9902
18.07648,1.245566,-19.75637,140.9332,6.514179,2.800372,-0.008788144,0.002556687,-0.01302594,0.02080141,0.9996955,6.53912,2.804209,-0.01046896,-0.03706037,-0.1579474,0.9867519,11,5.7,1.895607,2.165843,12,-5.7,-16.4024,132.3631
18.10434,2.130204,-18.55178,132.3621,6.362744,2.799785,-0.00842727,0.00499563,-0.01723775,0.02445661,0.9995399,6.392662,2.801064,-0.009412169,-0.03177372,-0.1591709,0.9867396,12,-5.7,-16.03412,129.7426,13,5.7,-34.29013,259.6407
18.13275,1.977034,-18.55179,132.3622,6.190431,2.800941,-0.007994944,0.003883511,-0.02265155,0.02886433,0.9993191,6.239494,2.801064,-0.009412169,-0.03177372,-0.1591709,0.9867396,12,-5.7,-15.65825,127.0682,13,5.7,-33.91426,256.9663
18.16003,1.267874,-17.69026,126.2321,5.992112,2.804205,-0.006912134,0.001389707,-0.02641144,0.02730167,0.9992774,6.046744,2.799351,-0.008701086,-0.03734017,-0.1600976,0.9863946,12,-5.7,-15.29788,124.5039,13,5.7,-33.55388,254.402
18.18781,-0.07517435,-17.63589,125.8452,5.769204,2.809657,-0.005471583,0.0004110541,-0.02908853,0.02237807,0.9993262,5.827998,2.799476,-0.008130074,-0.04624924,-0.1601038,0.9860161,12,-5.7,-14.93039,121.8891,13,5.7,-33.18639,251.7872
18.21567,-5.950505,-19.2155,137.0848,5.521909,2.817187,-0.00376794,0.003362219,-0.03018239,0.01703967,0.9993936,5.583583,2.802147,-0.007182717,-0.0827843,-0.1580286,0.9839582,12,-5.7,-14.56221,119.2694,13,5.7,-32.81821,249.1675
18.24374,-8.372012,-18.2458,130.185,5.252552,2.826908,-0.002015425,0.006691201,-0.02969787,0.01384213,0.9994407,5.315622,2.807807,-0.005667448,-0.1032324,-0.1587868,0.9819011,12,-5.7,-14.19086,116.6271,13,5.7,-32.44686,246.5252
18.27136,-8.003063,-16.72242,119.3456,4.959763,2.838506,-0.0003362656,0.009839754,-0.02954772,0.01470042,0.9994068,5.022978,2.816434,-0.003796458,-0.1070889,-0.1606317,0.9811878,12,-5.7,-13.82578,114.0294,13,5.7,-32.08179,243.9276
18.3002,-8.280085,-16.7224,119.3455,4.648099,2.851955,0.001390074,0.01164075,-0.02972603,0.01464861,0.999383,4.745944,2.816434,-0.003796458,-0.1070889,-0.1606317,0.9811878,12,-5.7,-13.44454,111.3167,13,5.7,-31.70054,241.2149
18.327,-12.85,-22.19312,159.7629,4.31811,2.8662,0.002933305,0.01043251,-0.02901235,0.0114982,0.9994586,4.416609,2.828007,-0.001772165,-0.1061703,-0.1538518,0.9823734,12,-5.7,-13.09009,108.7947,13,5.7,-31.34609,238.6928
18.35495,-20.00709,-32.71344,233.1274,3.973325,2.879794,0.004351925,0.007623165,-0.02869943,0.0065905,0.9995373,4.070729,2.842207,0.0001695156,-0.1015731,-0.1499928,0.9834557,12,-5.7,-12.7206,106.1656,13,5.7,-30.9766,236.0638
18.38297,-22.69166,-35.76202,254.8674,3.614873,2.892715,0.006338006,0.005489361,-0.02807122,0.0008054511,0.9995905,3.70962,2.858267,0.002011299,-0.1018869,-0.149042,0.9835678,12,-5.7,-12.35032,103.531,13,5.7,-30.60632,233.4291
18.41068,-23.03352,-35.25188,252.1709,3.245767,2.904617,0.008774333,0.004641946,-0.0272035,-0.003977537,0.9996113,3.336376,2.874751,0.004065871,-0.1028497,-0.1487042,0.9835187,12,-5.7,-11.98401,100.9246,13,5.7,-30.24002,230.8227
18.43854,-23.16364,-34.48122,249.6354,2.864626,2.915385,0.01133713,0.005880774,-0.02614802,-0.007751866,0.9996108,2.950246,2.890419,0.006432056,-0.1029085,-0.1472727,0.9837279,12,-5.7,-11.61532,98.3012,13,5.7,-29.87132,228.1993
18.46701,-23.23578,-34.08965,247.0198,2.475638,2.924597,0.0132171,0.008432281,-0.02538234,-0.009362583,0.9995984,2.604478,2.890419,0.006432056,-0.1029085,-0.1472727,0.9837279,12,-5.7,-11.23895,95.62317,13,5.7,-29.49495,225.5213
18.4942,-32.61579,-48.59323,346.118,2.08112,2.932884,0.01510724,0.01304921,-0.02643684,-0.008010628,0.9995332,2.204489,2.904527,0.008755088,-0.09902035,-0.146447,0.9842501,12,-5.7,-10.87942,93.06499,13,5.7,-29.13542,222.9631
18.52203,-25.46666,-39.6624,282.5719,1.682586,2.940324,0.01685157,0.01710687,-0.02738458,-0.008258056,0.9994445,1.799419,2.917033,0.01153529,-0.09498769,-0.1483354,0.9843647,12,-5.7,-10.51169,90.44846,13,5.7,-28.76769,220.3466
18.5499,-12.85,-20.03854,146.0222,1.283058,2.948058,0.01888448,0.01826892,-0.02810261,-0.009796967,0.9993901,1.392302,2.927813,0.01413047,-0.09591555,-0.1546682,0.9832995,12,-5.7,-10.14332,87.82738,13,5.7,-28.39933,217.7255
18.57788,-10.7602,-17.76694,126.7777,0.8844383,2.954386,0.02064978,0.01671726,-0.02710992,-0.01375734,0.999398,0.9852407,2.937402,0.01646841,-0.09106617,-0.1605275,0.9828213,12,-5.7,-9.773301,85.19456,13,5.7,-28.02931,215.0927
18.60553,-11.02623,-17.70863,126.3628,0.4833379,2.958851,0.02239365,0.01523407,-0.02438447,-0.01948069,0.9993967,0.5756689,2.94629,0.01871479,-0.09025488,-0.1606812,0.9828711,12,-5.7,-9.407405,82.59107,13,5.7,-27.66341,212.4892
18.63364,-11.3811,-17.70862,126.3628,0.08410663,2.962377,0.02433696,0.01304725,-0.02143401,-0.0225949,0.9994298,0.2207966,2.94629,0.01871479,-0.09025488,-0.1606812,0.9828711,12,-5.7,-9.036007,79.94844,13,5.7,-27.29201,209.8465
18.66129,-12.62062,-19.39187,138.3397,-0.3160416,2.962052,0.02535643,0.01281577,-0.01665232,-0.02624778,0.9994346,-0.1881336,2.953407,0.02085364,-0.0883851,-0.1588572,0.9833374,12,-5.7,-8.670584,77.34832,13,5.7,-26.92659,207.2464
18.68903,-12.85,-20.46988,148.2599,-0.7147958,2.961765,0.02623087,0.01434617,-0.01209557,-0.029532,0.9993877,-0.5958285,2.958525,0.02294695,-0.08138179,-0.1555915,0.9844635,12,-5.7,-8.303501,74.73639,13,5.7,-26.55951,204.6345
18.71692,-11.49418,-19.47905,138.96,-1.11225,2.959512,0.02703601,0.01542639,-0.007661074,-0.03259584,0.9993202,-1.002257,2.960879,0.02460873,-0.07434414,-0.1590059,0.9844745,12,-5.7,-7.935077,72.11491,13,5.7,-26.19108,202.013
18.7449,-11.03928,-17.91338,127.8197,-1.508352,2.956611,0.02790565,0.01828215,-0.003961921,-0.03517078,0.9992062,-1.407394,2.960789,0.02594256,-0.07417983,-0.1607621,0.9842017,12,-5.7,-7.56472,69.47969,13,5.7,-25.82072,199.3778
18.77258,-9.336407,-15.61181,111.4432,-1.902199,2.952427,0.02842393,0.01632025,0.000692457,-0.03867959,0.9991182,-1.810458,2.958596,0.02705073,-0.06648151,-0.1640444,0.9842102,12,-5.7,-7.198737,66.87558,13,5.7,-25.45474,196.7737
18.80057,-9.682669,-15.6118,111.4431,-2.291749,2.947379,0.02894701,0.01731286,0.004157335,-0.04102898,0.9989994,-2.156724,2.958596,0.02705073,-0.06648151,-0.1640444,0.9842102,12,-5.7,-6.829035,64.24501,13,5.7,-25.08504,194.1431
18.82828,-9.770708,-16.18625,115.5305,-2.670038,2.943843,0.02963228,0.01859443,0.006885201,-0.04155004,0.9989397,-2.545681,2.954936,0.02794504,-0.0615941,-0.1631806,0.9846717,12,-5.7,-6.462616,61.63781,13,5.7,-24.71862,191.5359
18.85614,-9.320829,-15.39421,109.8948,-3.042208,2.938292,0.03039262,0.01592617,0.01052588,-0.04342876,0.9988742,-2.928736,2.949931,0.02848125,-0.05729193,-0.1644174,0.9847256,12,-5.7,-6.094272,59.0169,13,5.7,-24.35028,188.915
18.88394,-9.405472,-15.37017,109.7238,-3.406544,2.932079,0.03080903,0.01430874,0.01381788,-0.04759379,0.9986687,-3.303708,2.944639,0.02927697,-0.05478315,-0.1644351,0.9848654,12,-5.7,-5.726644,56.40109,13,5.7,-23.98265,186.2992
18.91193,-9.562442,-16.97878,121.1697,-3.760474,2.926632,0.03094083,0.01611068,0.01731619,-0.05140122,0.998398,-3.668242,2.938592,0.03006899,-0.04795636,-0.1620518,0.9856163,12,-5.7,-5.356619,53.76823,13,5.7,-23.61262,183.6663
18.93973,-9.033272,-16.38616,116.9529,-4.105669,2.920155,0.0307305,0.0168471,0.02122763,-0.05621753,0.9980507,-4.023686,2.931897,0.03066027,-0.04223461,-0.1628659,0.9857439,12,-5.7,-4.98896,51.1522,13,5.7,-23.24496,181.0503
18.96753,-9.333275,-16.38616,116.953,-4.443169,2.912884,0.03003025,0.01937861,0.02381042,-0.06087239,0.9976734,-4.323686,2.931897,0.03066027,-0.04223461,-0.1628659,0.9857439,12,-5.7,-4.621295,48.53614,13,5.7,-22.8773,178.4342
18.99539,-10.151,-16.16957,115.4118,-4.766489,2.905558,0.02896253,0.0203001,0.0262427,-0.06354745,0.9974272,-4.658235,2.924789,0.03086424,-0.04691496,-0.1630893,0.9854952,12,-5.7,-4.252999,45.91557,13,5.7,-22.509,175.8137
19.02335,-9.258902,-14.29594,102.0802,-5.079989,2.89758,0.02738149,0.0208791,0.0306479,-0.06741162,0.9970359,-4.982658,2.916835,0.03047132,-0.0412846,-0.1661793,0.985231,12,-5.7,-3.883601,43.28716,13,5.7,-22.13961,173.1853
19.05106,-8.665812,-11.99753,85.72623,-5.379203,2.888569,0.02505352,0.02246559,0.03359595,-0.06723709,0.9969182,-5.292697,2.908239,0.02947462,-0.03874966,-0.1712346,0.984468,12,-5.7,-3.517307,40.68085,13,5.7,-21.77331,170.5789
19.07898,-8.352125,-13.79991,98.5508,-5.661419,2.879651,0.0222806,0.0239966,0.03516549,-0.06557529,0.9969391,-5.585804,2.898956,0.02780485,-0.02767248,-0.1670447,0.985561,12,-5.7,-3.147773,38.05148,13,5.7,-21.40378,167.9496
19.10687,-3.499593,-13.30685,95.04252,-5.923068,2.870623,0.01910561,0.0245692,0.0366691,-0.06585079,0.9968528,-5.858451,2.888693,0.02526259,0.02446531,-0.1679749,0.9854877,12,-5.7,-2.779065,35.42799,13,5.7,-21.03507,165.3261
19.13455,-3.709675,-13.30684,95.04249,-6.159408,2.862528,0.01592989,0.02505224,0.0378077,-0.0673922,0.9966952,-6.068532,2.888693,0.02526259,0.02446531,-0.1679749,0.9854877,12,-5.7,-2.413145,32.82433,13,5.7,-20.66915,162.7224
19.16248,1.050691,-18.93449,135.0851,-6.368194,2.854951,0.01260287,0.02378073,0.03757399,-0.06740686,0.9967341,-6.291523,2.877966,0.02198458,0.05358891,-0.1592035,0.9857903,12,-5.7,-2.043888,30.19693,13,5.7,-20.29989,160.095
19.19031,1.68468,-19.51315,139.2024,-6.552741,2.847178,0.009276483,0.01971043,0.03779826,-0.06921203,0.9966908,-6.489637,2.867605,0.01826501,0.05788812,-0.158494,0.9856616,12,-5.7,-1.676047,27.57961,13,5.7,-19.93205,157.4777
19.21829,3.220496,-21.78611,155.3754,-6.705217,2.839679,0.00605912,0.016427,0.03822061,-0.07242528,0.9965059,-6.65541,2.857969,0.01432276,0.0626591,-0.1563579,0.9857109,12,-5.7,-1.305921,24.94602,13,5.7,-19.56193,154.8441
19.24603,7.889242,-31.94953,227.6919,-6.824708,2.833184,0.003329599,0.01396386,0.03874904,-0.0740694,0.9964022,-6.787437,2.848668,0.01040542,0.06359252,-0.150777,0.9865203,12,-5.7,-0.9393039,22.33741,13,5.7,-19.19531,152.2355
19.27386,12.85,-41.22904,296.8047,-6.911619,2.826798,0.0003883032,0.01122293,0.04009935,-0.07512303,0.9963045,-6.885825,2.83986,0.006658196,0.06563288,-0.1465542,0.9870229,12,-5.7,-0.5711196,19.71764,13,5.7,-18.82712,149.6157
19.30173,12.85,-41.34584,297.5913,-6.970467,2.819974,-0.003018372,0.009561852,0.04284522,-0.07746128,0.9960285,-6.938135,2.83986,0.006658196,0.06563288,-0.1465542,0.9870229,12,-5.7,-0.2030428,17.09864,13,5.7,-18.45905,146.9967
19.32953,7.971364,-30.17113,215.0379,-6.997846,2.813779,-0.006429451,0.007453945,0.04540592,-0.07877238,0.9958302,-6.978519,2.831784,0.003102064,0.06855676,-0.1513439,0.9861009,12,-5.7,0.164837,14.48104,13,5.7,-18.09117,144.3791
19.35739,7.61837,-28.12996,200.5143,-6.994589,2.808803,-0.009578601,0.005388789,0.04906115,-0.08124546,0.9954714,-6.986727,2.823856,-0.0006122589,0.07179949,-0.1521708,0.9857428,12,-5.7,0.5332334,11.85976,13,5.7,-17.72277,141.7578
19.38538,12.5907,-35.99637,256.4865,-6.962868,2.804107,-0.01292077,0.002116505,0.05377665,-0.08309439,0.9950874,-6.964797,2.816255,-0.004522085,0.07517092,-0.1491949,0.9859464,12,-5.7,0.9031653,9.227558,13,5.7,-17.35284,139.1256
19.41306,12.85,-35.46702,253.7143,-6.905451,2.800031,-0.01627401,0.001244742,0.05709332,-0.08241025,0.994961,-6.915183,2.809628,-0.008434176,0.0768016,-0.1487316,0.9858907,12,-5.7,1.268915,6.625117,13,5.7,-16.98709,136.5232
19.44064,12.85,-34.16194,246.7621,-6.821132,2.797327,-0.01953419,0.0001940653,0.06005204,-0.0824839,0.9947815,-6.837082,2.803904,-0.01213491,0.078653,-0.1476844,0.9859021,12,-5.7,1.63386,4.028399,13,5.7,-16.62214,133.9265
19.46841,12.85,-33.98374,245.5725,-6.714366,2.795575,-0.02298017,-0.0006617606,0.06184778,-0.08398914,0.9945453,-6.742178,2.803904,-0.01213491,0.078653,-0.1476844,0.9859021,12,-5.7,2.001122,1.415188,13,5.7,-16.25488,131.3133
19.49634,8.063832,-23.98038,170.9884,-6.580453,2.795177,-0.02621595,-0.00166174,0.06172148,-0.08345064,0.9945973,-6.615561,2.799271,-0.01621556,0.08450507,-0.1541628,0.9844251,13,5.7,-15.88586,128.6875,14,-5.7,-35.90125,271.1043
19.52417,8.802865,-25.38148,180.9578,-6.425975,2.795217,-0.02937969,-0.004520342,0.06201792,-0.08355206,0.9945614,-6.466645,2.796083,-0.02032185,0.08307949,-0.1533106,0.9846795,13,5.7,-15.51766,126.0677,14,-5.7,-35.53305,268.4844
19.55194,6.964538,-21.77143,155.271,-6.249666,2.796395,-0.03240633,-0.004917514,0.06190602,-0.08402211,0.994527,-6.294451,2.794482,-0.02433503,0.08403231,-0.1556929,0.9842247,13,5.7,-15.15061,123.456,14,-5.7,-35.166,265.8727
19.57983,9.209814,-24.79181,176.7621,-6.048202,2.799848,-0.03441232,-0.005593345,0.06160027,-0.08325279,0.994607,-6.096189,2.79422,-0.02819872,0.08523077,-0.1536115,0.9844487,13,5.7,-14.78185,120.8321,14,-5.7,-34.79724,263.2488
19.60757,8.655805,-24.29358,173.217,-5.823907,2.805662,-0.03550355,-0.006516054,0.06111816,-0.08174726,0.994756,-5.87392,2.795706,-0.03160131,0.08257656,-0.1539561,0.984621,13,5.7,-14.41504,118.2221,14,-5.7,-34.43043,260.6388
19.63556,8.872249,-24.2936,173.2171,-5.580419,2.812261,-0.0367302,-0.004805617,0.06058809,-0.0802291,0.9949217,-5.657486,2.795706,-0.03160131,0.08257656,-0.1539561,0.984621,13,5.7,-14.045,115.5891,14,-5.7,-34.06039,258.0059
19.66354,5.490527,-18.45561,131.6777,-5.312028,2.821854,-0.03742366,0.0007631705,0.05865151,-0.07619476,0.9953662,-5.392354,2.799765,-0.03407133,0.08130109,-0.1587894,0.9839594,13,5.7,-13.67515,112.9575,14,-5.7,-33.69054,255.3742
19.69122,4.681349,-16.71339,119.2812,-5.026645,2.83394,-0.03732432,0.000548061,0.05658094,-0.07263219,0.9957525,-5.108381,2.806386,-0.03593075,0.08070747,-0.1609229,0.9836617,13,5.7,-13.30936,110.3548,14,-5.7,-33.32475,252.7715
19.71906,4.707293,-16.64634,118.804,-4.727425,2.84523,-0.03780657,0.001986176,0.05454832,-0.06942429,0.9960928,-4.80886,2.815964,-0.03695428,0.07877642,-0.1611125,0.9837871,13,5.7,-12.94108,107.7343,14,-5.7,-32.95647,250.151
19.74692,3.662898,-14.83988,105.9504,-4.409661,2.8588,-0.03801803,0.006442985,0.05228987,-0.06430914,0.9965383,-4.489774,2.828389,-0.03737438,0.07565638,-0.1639607,0.9835614,13,5.7,-12.57292,105.1148,14,-5.7,-32.58831,247.5315
19.77463,5.787054,-19.55357,139.4901,-4.079175,2.873432,-0.03796069,0.006274426,0.05088395,-0.05935194,0.9969197,-4.156642,2.842543,-0.03768408,0.07019249,-0.1580941,0.984926,13,5.7,-12.20649,102.5075,14,-5.7,-32.22188,244.9242
19.80255,6.092356,-19.55358,139.4901,-3.73571,2.887175,-0.03852855,0.006539579,0.04999173,-0.05372858,0.997282,-3.851339,2.842543,-0.03768408,0.07019249,-0.1580941,0.984926,13,5.7,-11.83721,99.87992,14,-5.7,-31.8526,242.2966
19.83066,-1.289618,-12.52011,89.44443,-3.379846,2.901394,-0.0386735,0.007035393,0.04910946,-0.04834543,0.9975979,-3.493085,2.858597,-0.03778994,0.02426169,-0.1693302,0.9852607,13,5.7,-11.46575,97.23682,14,-5.7,-31.48114,239.6535
19.85834,-0.6170741,-14.53865,103.807,-3.012711,2.91536,-0.03837305,0.005663652,0.0473752,-0.04343872,0.9979162,-3.122532,2.875244,-0.03812087,0.0237879,-0.165335,0.9859505,13,5.7,-11.09958,94.63142,14,-5.7,-31.11497,237.0481
19.88602,-0.4000927,-14.15781,101.0973,-2.639385,2.928506,-0.03794478,0.004517713,0.04593375,-0.04141409,0.9980754,-2.744423,2.892095,-0.03841078,0.02285155,-0.1661953,0.985828,13,5.7,-10.73359,92.02722,14,-5.7,-30.74898,234.4439
19.91388,0.5087179,-20.60583,146.9773,-2.259536,2.939268,-0.03794712,0.004156983,0.04330575,-0.03886189,0.9982971,-2.358711,2.908817,-0.03846431,0.01925586,-0.1579097,0.9872658,13,5.7,-10.36531,89.40676,14,-5.7,-30.38069,231.8235
19.9418,0.4393498,-22.61866,161.2993,-1.876678,2.948386,-0.03774693,0.005441005,0.0405669,-0.03861869,0.9984155,-1.968958,2.924413,-0.03823733,0.0147419,-0.1563561,0.9875907,13,5.7,-9.996212,86.78052,14,-5.7,-30.0116,229.1972
19.96948,0.9192983,-32.7363,233.2901,-1.490162,2.955844,-0.0373321,0.006032551,0.03893015,-0.03933606,0.9984491,-1.575076,2.937744,-0.03791738,0.01056703,-0.1511276,0.9884578,13,5.7,-9.630113,84.17558,14,-5.7,-29.6455,226.5923
19.99786,1.264523,-32.7363,233.2901,-1.101784,2.961229,-0.03672849,0.004045898,0.03766656,-0.03874505,0.9985308,-1.229851,2.937744,-0.03791738,0.01056703,-0.1511276,0.9884578,13,5.7,-9.25491,81.50587,14,-5.7,-29.2703,223.9226
20.02536,0.9845978,-37.8054,269.3586,-0.7145166,2.964279,-0.03608064,0.001109913,0.03677809,-0.0364428,0.9986582,-0.8346342,2.948555,-0.03757322,0.00667688,-0.1495737,0.988728,13,5.7,-8.891262,78.91839,14,-5.7,-28.90665,221.3351
20.05304,2.547298,-48.65631,346.5669,-0.3256902,2.965078,-0.03554626,0.001543285,0.03633812,-0.03351365,0.9987763,-0.4377523,2.956774,-0.03713727,0.008518042,-0.1472814,0.989058,13,5.7,-8.525549,76.31621,14,-5.7,-28.54094,218.7329
20.08096,18.01019,-37.39392,266.4307,0.06200328,2.964296,-0.03471211,0.002741703,0.03674433,-0.03100517,0.9988399,-0.04143226,2.961735,-0.03637743,0.06683073,-0.1494047,0.986515,13,5.7,-8.156103,73.68746,14,-5.7,-28.17149,216.1041
20.10864,11.04082,-21.99968,156.8951,0.4483064,2.962688,-0.03330184,0.002130751,0.03673071,-0.02808911,0.9989281,0.3536806,2.963603,-0.03556347,0.0671038,-0.1567428,0.9853572,13,5.7,-7.790343,71.08495,14,-5.7,-27.80573,213.5016
20.13657,12.14108,-23.24108,165.7279,0.8309072,2.958876,-0.03214099,-0.0002754694,0.03643203,-0.02507111,0.9990216,0.7453679,2.963004,-0.03451061,0.067748,-0.1557845,0.9854651,13,5.7,-7.421037,68.4572,14,-5.7,-27.43642,210.8739
20.1647,12.47657,-23.24106,165.7278,1.208348,2.956387,-0.02999004,-0.0005642483,0.03667057,-0.02409957,0.9990366,1.080871,2.963004,-0.03451061,0.067748,-0.1557845,0.9854651,13,5.7,-7.049196,65.81141,14,-5.7,-27.06458,208.2281
20.19223,21.05775,-44.60291,317.7254,1.581156,2.951406,-0.02780107,-0.003343646,0.03675365,-0.02231785,0.9990695,1.463518,2.960419,-0.03313375,0.06087139,-0.1477602,0.9871482,13,5.7,-6.685058,63.22043,14,-5.7,-26.70045,205.6371
20.22006,NaN,NaN,NaN,1.941254,2.946413,-0.02538212,-0.005099155,0.03608409,-0.02207806,0.9990919,1.834284,2.956934,-0.03113377,0.06132743,-0.1447704,0.987563,13,5.7,-6.317297,60.60368,14,-5.7,-26.33269,203.0204
20.24783,11.64001,-23.7497,169.347,2.294599,2.940356,-0.0227702,-0.003948721,0.03464517,-0.02087481,0.9991739,2.198164,2.952261,-0.02859294,0.05498162,-0.1554906,0.9863061,13,5.7,-5.950139,57.99121,14,-5.7,-25.96553,200.4079
20.27573,11.9634,-24.19365,172.5058,2.634474,2.932856,-0.02079169,-0.0004889201,0.03419816,-0.02060269,0.9992026,2.548734,2.946322,-0.02573764,0.05382674,-0.1551683,0.9864205,13,5.7,-5.581164,55.36582,14,-5.7,-25.59655,197.7825
20.30353,10.2243,-19.16157,136.7008,2.962253,2.926193,-0.01855468,0.001451488,0.03312266,-0.0187206,0.999275,2.887017,2.939025,-0.02296698,0.05290313,-0.1593494,0.9858038,13,5.7,-5.213668,52.75095,14,-5.7,-25.22906,195.1676
20.33194,10.5049,-19.16157,136.7008,3.277926,2.918116,-0.01682859,0.00218805,0.03096122,-0.01503001,0.9994053,3.167616,2.939025,-0.02296698,0.05290313,-0.1593494,0.9858038,13,5.7,-4.837929,50.07742,14,-5.7,-24.85332,192.4941
20.35925,9.925258,-17.40557,124.2062,3.579257,2.909748,-0.01568651,0.006664201,0.02815902,-0.01012651,0.99953,3.480616,2.930842,-0.02029371,0.05112968,-0.1613425,0.9855731,13,5.7,-4.477014,47.50938,14,-5.7,-24.4924,189.9261
20.38702,9.014391,-17.48561,124.7758,3.866399,2.901739,-0.01421658,0.007860244,0.02629507,-0.004862487,0.9996115,3.778988,2.921853,-0.01799107,0.04136702,-0.1612477,0.9860466,13,5.7,-4.10966,44.89552,14,-5.7,-24.12505,187.3122
20.41486,8.908488,-17.57517,125.413,4.140755,2.894294,-0.01269618,0.003554054,0.0251022,-0.001395519,0.9996777,4.063653,2.912036,-0.01628768,0.03809318,-0.1610835,0.9862053,13,5.7,-3.74169,42.27728,14,-5.7,-23.75708,184.694
20.44278,9.17858,-18.63501,132.9542,4.397859,2.885105,-0.01172878,0.001886963,0.02308688,0.002072921,0.9997296,4.331243,2.90262,-0.0144881,0.03596245,-0.159788,0.9864961,13,5.7,-3.372495,39.65032,14,-5.7,-23.38788,182.067
20.47064,9.785034,-21.80801,155.5311,4.637525,2.874366,-0.01107575,0.003032035,0.02006292,0.005384564,0.9997797,4.580982,2.89288,-0.0128386,0.03302502,-0.1567524,0.9870856,13,5.7,-3.004109,37.02912,14,-5.7,-23.0195,179.4458
20.49911,9.978271,-21.80803,155.5312,4.854913,2.864664,-0.01005862,0.002492981,0.01825264,0.005212995,0.9998167,4.774216,2.89288,-0.0128386,0.03302502,-0.1567524,0.9870856,13,5.7,-2.62779,34.35147,14,-5.7,-22.64318,176.7682
20.52634,8.454066,-16.6669,118.9504,5.054639,2.854993,-0.009087849,0.001265052,0.01781496,0.005283894,0.9998266,4.985649,2.881929,-0.01181901,0.02875784,-0.1620863,0.9863575,13,5.7,-2.267874,31.79053,14,-5.7,-22.28326,174.2073
20.55411,7.751204,-15.66707,111.8362,5.230515,2.844817,-0.008639115,0.00444153,0.01580647,0.00814567,0.999832,5.172969,2.870196,-0.0107435,0.02273534,-0.1634651,0.9862872,13,5.7,-1.900559,29.17695,14,-5.7,-21.91595,171.5937
20.58215,8.065442,-17.3537,123.837,5.382406,2.835417,-0.008523839,0.008438341,0.01408759,0.008833999,0.9998262,5.335965,2.858262,-0.009578943,0.02174624,-0.1610325,0.9867095,13,5.7,-1.529967,26.54006,14,-5.7,-21.54535,168.9568
20.60983,7.110008,-14.72663,105.1446,5.512962,2.826353,-0.008718424,0.01046769,0.01287225,0.01021691,0.9998102,5.476397,2.846351,-0.008836985,0.01532118,-0.1648122,0.9862059,13,5.7,-1.163981,23.93594,14,-5.7,-21.17937,166.3526
20.63773,6.625226,-13.24629,94.61145,5.620331,2.820282,-0.007709872,0.009011335,0.0114347,0.01117223,0.9998316,5.592614,2.834873,-0.008623958,0.01075832,-0.1675428,0.9858061,13,5.7,-0.7950796,21.31106,14,-5.7,-20.81046,163.7278
20.66632,6.695737,-13.24628,94.6114,5.699656,2.816208,-0.005956704,0.002118866,0.01032442,0.01006955,0.9998938,5.663125,2.834873,-0.008623958,0.01075832,-0.1675428,0.9858061,13,5.7,-0.4170599,18.62132,14,-5.7,-20.43245,161.038
20.69348,6.397163,-13.19173,94.22325,5.758239,2.810206,-0.005501613,0.003528509,0.007234574,0.01359161,0.9998753,5.732319,2.825134,-0.008154035,0.006955485,-0.1675663,0.9858363,13,5.7,-0.05776769,16.06482,14,-5.7,-20.07315,158.4815
20.72122,5.745936,-13.70835,97.89916,5.79468,2.806369,-0.004683515,0.01077335,0.00449574,0.01705141,0.9997865,5.777974,2.817989,-0.006975532,-0.0003226902,-0.1664432,0.986051,13,5.7,0.3089339,13.4556,14,-5.7,-19.70645,155.8723
20.74911,5.338171,-12.51755,89.42623,5.804366,2.8063,-0.002718068,0.01155637,0.003851384,0.01416142,0.9998255,5.79603,2.811711,-0.005805731,-0.005045997,-0.1689409,0.9856133,13,5.7,0.6777358,10.83144,14,-5.7,-19.33765,153.2481
20.7771,5.693065,-11.60221,82.91319,5.787851,2.805751,-0.001604945,0.01105868,0.001128078,0.01295095,0.9998544,5.787074,2.80721,-0.004456878,-0.001117047,-0.1712137,0.9852333,13,5.7,1.047567,8.199953,14,-5.7,-18.96782,150.6167
20.80484,5.525212,-10.85932,77.62726,5.745907,2.806606,-0.0006983147,0.01413846,-0.002377778,0.01082973,0.9998386,5.751602,2.805256,-0.002920628,-0.002872119,-0.1733556,0.9848551,13,5.7,1.41437,5.590015,14,-5.7,-18.60102,148.0067
20.83365,5.467256,-10.85931,77.62725,5.680706,2.809309,0.00053526,0.01363701,-0.004884988,0.008106926,0.9998622,5.693645,2.805256,-0.002920628,-0.002872119,-0.1733556,0.9848551,13,5.7,1.795218,2.880141,14,-5.7,-18.22017,145.2968
20.86026,5.136299,-10.30208,73.66234,5.590609,2.81288,0.00193645,0.01238731,-0.007900476,0.005487958,0.999877,5.611275,2.805031,-0.001537561,-0.006348057,-0.1751764,0.9845166,13,5.7,2.147298,0.3749654,14,-5.7,-17.86809,142.7917
20.88837,4.965283,-11.28936,80.68715,5.475388,2.818142,0.003288023,0.01165566,-0.009739786,0.0007530106,0.9998844,5.502643,2.806705,6.866455E-05,-0.006560326,-0.1720902,0.9850594,14,-5.7,-17.49665,140.1487,15,5.7,-35.73503,269.9218
20.91638,4.544491,-16.24333,115.9364,5.336879,2.826191,0.005218271,0.01104176,-0.01010397,-0.004160278,0.9998794,5.369314,2.810319,0.001472354,-0.007020195,-0.1621683,0.9867381,14,-5.7,-17.12637,137.5141,15,5.7,-35.36475,267.2871
20.94427,4.624211,-17.2287,122.9476,5.172787,2.83595,0.007518032,0.01007685,-0.009540259,-0.008885879,0.9998642,5.209345,2.816267,0.003102303,-0.004697261,-0.1609143,0.9869572,14,-5.7,-16.75739,134.8886,15,5.7,-34.99577,264.6617
20.97192,5.016555,-16.92951,120.8188,4.986354,2.84668,0.009643622,0.009463659,-0.009578794,-0.01181159,0.9998397,5.025694,2.825058,0.005224228,-7.466541E-05,-0.1613698,0.986894,14,-5.7,-16.39204,132.289,15,5.7,-34.63042,262.062
21.00031,4.828827,-16.9295,120.8187,4.77516,2.858808,0.01149028,0.01134964,-0.0106169,-0.01484605,0.999769,4.837966,2.825058,0.005224228,-7.466541E-05,-0.1613698,0.986894,14,-5.7,-16.01648,129.6168,15,5.7,-34.25486,259.3898
21.02762,4.35774,-16.28441,116.2286,4.541532,2.871832,0.01311282,0.01377401,-0.01161927,-0.01996856,0.9996382,4.608529,2.836323,0.007663012,-0.002129246,-0.1623378,0.986733,14,-5.7,-15.6556,127.049,15,5.7,-33.89398,256.822
21.05548,-5.048204,-16.18328,115.5091,4.286463,2.885752,0.01422171,0.01459297,-0.01300147,-0.02505754,0.999495,4.356138,2.84968,0.01013386,-0.08008204,-0.1620739,0.9835237,14,-5.7,-15.2873,124.4284,15,5.7,-33.52567,254.2014
21.08331,-6.948431,-18.16687,129.6232,4.013522,2.898961,0.01460397,0.01418602,-0.01486379,-0.02888954,0.9993714,4.084163,2.864657,0.01227856,-0.08372685,-0.1596092,0.9836233,14,-5.7,-14.91916,121.809,15,5.7,-33.15754,251.582
21.11115,-9.316204,-20.58846,146.8537,3.726752,2.911808,0.01470579,0.01210111,-0.01677114,-0.0312464,0.9992977,3.796586,2.880561,0.01384246,-0.08783987,-0.1572142,0.9836503,14,-5.7,-14.55114,119.1904,15,5.7,-32.78952,248.9634
21.13904,-12.85,-25.47391,182.3709,3.427442,2.924278,0.01481603,0.007751722,-0.01804131,-0.03223908,0.9992873,3.494787,2.896491,0.01459301,-0.08822031,-0.1531281,0.9842606,14,-5.7,-14.18226,116.5656,15,5.7,-32.42063,246.3386
21.16742,-12.85,-24.99341,179.2824,3.116016,2.935291,0.01456754,0.004537247,-0.01840708,-0.03422684,0.9992343,3.217964,2.896491,0.01459301,-0.08822031,-0.1531281,0.9842606,14,-5.7,-13.80707,113.896,15,5.7,-32.04545,243.6691
21.19467,-27.71873,-49.83937,354.9848,2.792914,2.944838,0.01405125,0.004227491,-0.01742727,-0.03780369,0.9991243,2.892538,2.911988,0.01482117,-0.08499081,-0.1464618,0.9855585,14,-5.7,-13.44697,111.3338,15,5.7,-31.68535,241.1068
21.22253,-23.279,-40.65144,304.7127,2.462111,2.95326,0.01344183,0.004329124,-0.01731959,-0.0383076,0.9991066,2.558243,2.926301,0.01471519,-0.08364789,-0.1410826,0.9864577,14,-5.7,-13.07826,108.7102,15,5.7,-31.31663,238.4833
21.25037,-25.67887,-48.86634,348.0613,2.121043,2.960337,0.01305904,0.002805983,-0.01598611,-0.04016751,0.9990611,2.213019,2.938545,0.01398969,-0.0790171,-0.1467622,0.9860107,14,-5.7,-12.71035,106.0925,15,5.7,-30.94873,235.8655
21.27817,-12.98704,-25.41184,185.485,1.770002,2.966208,0.01243113,0.002225921,-0.01389661,-0.04196739,0.9990199,1.857334,2.949354,0.0135392,-0.07886983,-0.1506862,0.9854305,14,-5.7,-12.34271,103.4766,15,5.7,-30.58109,233.2496
21.30606,-19.69724,-38.4776,274.1416,1.409132,2.970579,0.0119219,0.002586162,-0.01262784,-0.04145494,0.9990573,1.49143,2.958363,0.01308823,-0.07620426,-0.1490229,0.985893,14,-5.7,-11.97418,100.8543,15,5.7,-30.21255,230.6273
21.33411,-20.02486,-38.4776,274.1416,1.04057,2.974528,0.01200262,0.001125492,-0.01094574,-0.0417075,0.9990693,1.163819,2.958363,0.01308823,-0.07620426,-0.1490229,0.985893,14,-5.7,-11.6033,98.21539,15,5.7,-29.84168,227.9884
21.36169,-12.7229,-26.45938,188.6274,0.6635065,2.977335,0.01219611,-0.002095811,-0.00898552,-0.04168261,0.9990883,0.781984,2.965352,0.01259315,-0.07056823,-0.1537556,0.9855857,14,-5.7,-11.23841,95.61903,15,5.7,-29.47678,225.392
21.38953,-11.08766,-23.63055,168.4993,0.2806317,2.977879,0.01195562,-0.003850428,-0.008087754,-0.04165713,0.9990919,0.3934751,2.970785,0.01232958,-0.06715686,-0.1555998,0.9855347,14,-5.7,-10.8704,93.00053,15,5.7,-29.10878,222.7735
21.4176,-12.85,-26.77069,193.0865,-0.1017462,2.979194,0.0122969,-0.004509622,-0.007070631,-0.04319888,0.9990313,0.004083812,2.974615,0.01214647,-0.06565753,-0.1519364,0.9862071,14,-5.7,-10.49945,90.36111,15,5.7,-28.73783,220.1341
21.44525,-12.2534,-24.88745,177.4426,-0.4803758,2.977675,0.01317659,-0.005938524,-0.004893214,-0.04369533,0.9990153,-0.382899,2.976813,0.01218522,-0.06594835,-0.1548042,0.9857416,14,-5.7,-10.13361,87.75797,15,5.7,-28.37198,217.531
21.47324,-12.91472,-23.3989,171.1622,-0.8568403,2.97585,0.01427939,-0.007042622,-0.002632618,-0.04472709,0.998971,-0.7682345,2.977509,0.01252353,-0.06996998,-0.1519417,0.9859097,14,-5.7,-9.76372,85.12608,15,5.7,-28.0021,214.8991
21.50116,-16.41149,-30.27871,215.8035,-1.226489,2.97368,0.01619509,-0.006955062,-0.0007572473,-0.04485748,0.998969,-1.096811,2.977509,0.01252353,-0.06996998,-0.1519417,0.9859097,14,-5.7,-9.394513,82.49903,15,5.7,-27.63289,212.272
21.52875,-12.10905,-22.19627,158.2938,-1.587138,2.970088,0.0180595,-0.00807005,0.001370013,-0.0444582,0.9989777,-1.467886,2.97646,0.013381,-0.0662495,-0.1567198,0.9854186,14,-5.7,-9.029901,79.90468,15,5.7,-27.26828,209.6777
21.55673,-9.547552,-19.13654,136.5227,-1.94019,2.96614,0.02035878,-0.007383963,0.003115445,-0.04277223,0.9990527,-1.831514,2.974265,0.0150063,-0.05571067,-0.1596426,0.9856017,14,-5.7,-8.65966,77.27029,15,5.7,-26.89804,207.0433
21.58429,-8.438572,-17.17988,122.6004,-2.279176,2.960948,0.02217094,-0.006138313,0.005317628,-0.03921611,0.9991977,-2.181524,2.970793,0.01717901,-0.05030351,-0.1620013,0.9855075,14,-5.7,-8.295436,74.6787,15,5.7,-26.53381,204.4517
21.61227,-7.533538,-15.38125,109.8025,-2.609695,2.955564,0.02396034,-0.003466191,0.008645922,-0.0387087,0.9992071,-2.522677,2.966069,0.01944232,-0.04497337,-0.1646705,0.9853228,14,-5.7,-7.9254,72.04575,15,5.7,-26.16378,201.8188
21.64026,-6.960531,-13.64005,97.41319,-2.927839,2.950125,0.02605077,-0.003735987,0.01218417,-0.03974677,0.9991286,-2.851127,2.960409,0.02181149,-0.04155887,-0.1678824,0.9849306,14,-5.7,-7.555308,69.41241,15,5.7,-25.79369,199.1854
21.66821,-7.233103,-13.64006,97.41325,-3.23448,2.944044,0.02802898,-0.004532388,0.01537073,-0.04144014,0.9990125,-3.123696,2.960409,0.02181149,-0.04155887,-0.1678824,0.9849306,14,-5.7,-7.185701,66.78252,15,5.7,-25.42408,196.5555
21.69595,-8.119017,-16.41489,117.1572,-3.529709,2.936402,0.02884023,0.0001075156,0.01862833,-0.0437151,0.9988704,-3.429962,2.954125,0.02421772,-0.03946475,-0.1630167,0.9858337,14,-5.7,-6.818955,64.17299,15,5.7,-25.05733,193.946
21.72366,-8.173133,-16.9627,121.0551,-3.815115,2.929163,0.02947717,0.006749209,0.0225105,-0.04741593,0.9985988,-3.725686,2.947198,0.02650595,-0.0362359,-0.1622175,0.9860895,14,-5.7,-6.452742,61.56725,15,5.7,-24.69112,191.3403
21.75153,-7.212965,-14.29578,102.079,-4.088515,2.921703,0.02999954,0.009725225,0.02599746,-0.05065854,0.9983302,-4.008979,2.939217,0.02819192,-0.03094276,-0.1664485,0.9855645,14,-5.7,-6.084458,58.94677,15,5.7,-24.32284,188.7198
21.77954,-7.215001,-11.8851,84.92608,-4.349772,2.914029,0.03011489,0.01259312,0.02755726,-0.05125398,0.998226,-4.279739,2.9306,0.02930188,-0.03403996,-0.1718164,0.9845407,14,-5.7,-5.714123,56.3117,15,5.7,-23.9525,186.0847
21.80719,-7.059307,-12.56768,89.78286,-4.596115,2.90598,0.0300831,0.01424321,0.02814448,-0.05140509,0.9981796,-4.535426,2.92165,0.02992523,-0.02770003,-0.1699982,0.985055,14,-5.7,-5.348611,53.71094,15,5.7,-23.58699,183.4839
21.83502,-7.264678,-12.56767,89.78285,-4.827159,2.89828,0.03007364,0.01417215,0.02822426,-0.05338386,0.9980745,-4.740798,2.92165,0.02992523,-0.02770003,-0.1699982,0.985055,14,-5.7,-4.980347,51.09061,15,5.7,-23.21873,180.8636
21.86298,-7.352662,-14.70688,105.004,-5.038858,2.88956,0.02967398,0.01521216,0.0272674,-0.05490045,0.9980035,-4.963756,2.912375,0.03011811,-0.02243754,-0.1654871,0.9859567,14,-5.7,-4.610852,48.46152,15,5.7,-22.84923,178.2345
21.89075,-7.639139,-16.63976,118.7572,-5.228876,2.880895,0.02923669,0.01887487,0.0259065,-0.05635339,0.9978963,-5.165037,2.902967,0.030128,-0.02055751,-0.1623822,0.9865137,14,-5.7,-4.24371,45.84916,15,5.7,-22.48209,175.6222
21.91858,-7.194811,-16.62461,118.6494,-5.392055,2.87228,0.02859795,0.02120643,0.02582672,-0.05864923,0.9977192,-5.33975,2.8931,0.02987301,-0.0154294,-0.162338,0.9866146,14,-5.7,-3.875725,43.23081,15,5.7,-22.1141,173.0038
21.94644,-6.754864,-13.62202,97.28482,-5.534267,2.863988,0.02813597,0.02163273,0.02535006,-0.06135253,0.9975597,-5.492674,2.882875,0.02936459,-0.01279407,-0.1673006,0.9858229,14,-5.7,-3.507288,40.60925,15,5.7,-21.74567,170.3823
21.97424,-6.936641,-14.85748,106.0756,-5.653071,2.855632,0.02751964,0.02066424,0.02493158,-0.06717278,0.9972157,-5.621096,2.872596,0.02871597,-0.01223455,-0.1648897,0.9862362,14,-5.7,-3.139643,37.99332,15,5.7,-21.37802,167.7663
22.00214,-7.020221,-14.85748,106.0756,-5.747098,2.846792,0.02610336,0.02079603,0.02505615,-0.07092819,0.9969498,-5.704676,2.872596,0.02871597,-0.01223455,-0.1648897,0.9862362,14,-5.7,-2.771132,35.37122,15,5.7,-21.00951,165.1442
22.03012,-6.231961,-14.27086,101.9016,-5.819413,2.83819,0.02471456,0.01977098,0.02676675,-0.07519507,0.9966135,-5.787951,2.862522,0.02807188,-0.004298025,-0.1658521,0.9861413,14,-5.7,-2.400835,32.73642,15,5.7,-20.63921,162.5094
22.05789,-6.107944,-15.99685,114.1826,-5.870918,2.829607,0.02316481,0.01687085,0.02781344,-0.0793106,0.9963191,-5.848954,2.852291,0.02700937,-0.002238417,-0.1629116,0.9866381,14,-5.7,-2.033946,30.12587,15,5.7,-20.27233,159.8989
22.08569,-5.674407,-19.27414,137.5018,-5.897554,2.820837,0.02133908,0.01533568,0.02736026,-0.08147749,0.9961816,-5.884255,2.841856,0.02548027,0.001507063,-0.158829,0.987305,14,-5.7,-1.666178,27.50907,15,5.7,-19.90456,157.2821
22.11359,-4.756916,-23.03654,164.2727,-5.900054,2.812963,0.01971502,0.01271755,0.02850103,-0.08576386,0.9958266,-5.894554,2.831519,0.0236764,0.006841813,-0.1555717,0.9878009,14,-5.7,-1.297266,24.88413,15,5.7,-19.53565,154.6571
22.14139,-4.208071,-19.85695,141.6487,-5.876727,2.805316,0.01793811,0.01022163,0.02929652,-0.08774042,0.99566,-5.878223,2.821383,0.02169645,0.01164349,-0.1581022,0.9873541,14,-5.7,-0.9296857,22.26866,15,5.7,-19.16807,152.0417
22.16901,-4.164041,-19.85692,141.6485,-5.82719,2.799915,0.0165433,0.01029453,0.03099531,-0.08996618,0.9954092,-5.83419,2.821383,0.02169645,0.01164349,-0.1581022,0.9873541,14,-5.7,-0.5645087,19.67029,15,5.7,-18.80289,149.4433
22.19699,-3.659894,-23.37247,166.663,-5.746178,2.796134,0.01552685,0.007856592,0.03224441,-0.09007452,0.9953819,-5.762677,2.811843,0.01970279,0.01246457,-0.1552114,0.9878027,14,-5.7,-0.1946539,17.03864,15,5.7,-18.43303,146.8116
22.2247,-3.423519,-19.57968,139.6759,-5.643835,2.792199,0.01415168,0.006527718,0.03369439,-0.09072492,0.9952844,-5.668157,2.803736,0.01787102,0.01586787,-0.1582334,0.9872742,14,-5.7,0.1715664,14.43284,15,5.7,-18.06681,144.2059
22.25262,-3.19946,-17.1626,122.4774,-5.51258,2.789949,0.01288385,0.005684823,0.03501797,-0.09003429,0.9953066,-5.543407,2.797484,0.01623416,0.01888768,-0.1608396,0.9867998,14,-5.7,0.5410053,11.80415,15,5.7,-17.69738,141.5772
22.28043,-2.731056,-17.05177,121.6889,-5.358503,2.787615,0.01154647,0.003835939,0.03541312,-0.08816943,0.9954684,-5.394218,2.792737,0.01468384,0.02159719,-0.1609311,0.9867293,14,-5.7,0.908264,9.190968,15,5.7,-17.33012,138.964
22.30814,-2.939357,-13.8502,98.90845,-5.17763,2.786416,0.01013761,0.004390445,0.03547683,-0.0882147,0.9954599,-5.216934,2.789177,0.01314056,0.02270512,-0.1658775,0.9858849,14,-5.7,1.274718,6.583514,15,5.7,-16.96367,136.3565
22.33609,-2.724239,-14.04912,100.3239,-4.970083,2.787699,0.009195823,0.004275072,0.03625363,-0.08679078,0.9955575,-5.012074,2.786709,0.01154375,0.02248684,-0.1654773,0.9859572,14,-5.7,1.644259,3.954095,15,5.7,-16.59412,133.7271
22.36386,-2.518535,-14.04912,100.3238,-4.738665,2.790724,0.008515831,0.003875397,0.03652659,-0.08494256,0.9957086,-4.806368,2.786709,0.01154375,0.02248684,-0.1654773,0.9859572,14,-5.7,2.011572,1.340526,15,5.7,-16.22681,131.1135
22.39166,-2.419152,-14.89232,106.3235,-4.481409,2.796004,0.007405168,0.007833023,0.03749236,-0.0844764,0.995689,-4.553267,2.78625,0.01011586,0.01979801,-0.1640027,0.9862612,15,5.7,-15.85923,128.4981,16,-0.7,-33.95185,257.2338
22.41962,-2.397203,-12.55775,89.71223,-4.204034,2.803425,0.005965211,0.01193813,0.04131696,-0.08388129,0.9955472,-4.278212,2.788357,0.008990884,0.02066454,-0.1685906,0.9854696,15,5.7,-15.48962,125.8682,16,-0.7,-33.58224,254.6039
22.44733,-2.108426,-10.39035,74.29034,-3.905216,2.812805,0.004440547,0.01436863,0.04437938,-0.0801286,0.9956925,-3.980183,2.793537,0.007893324,0.02480248,-0.1746984,0.9843096,15,5.7,-15.12319,123.2609,16,-0.7,-33.21581,251.9966
22.47525,1.704587,-16.16662,115.3907,-3.592701,2.823919,0.003034201,0.01476482,0.04860118,-0.0785035,0.995619,-3.666217,2.801498,0.006295085,0.0458822,-0.1620426,0.9857165,15,5.7,-14.7542,120.6353,16,-0.7,-32.84682,249.3711
22.5033,1.996286,-16.16662,115.3907,-3.26454,2.836209,0.001086553,0.0153977,0.05038309,-0.07386813,0.9958755,-3.374518,2.801498,0.006295085,0.0458822,-0.1620426,0.9857165,15,5.7,-14.38318,117.9954,16,-0.7,-32.4758,246.7312
22.53119,12.80141,-31.00316,220.9582,-2.92666,2.848495,-0.001486525,0.0153675,0.05190141,-0.06867137,0.9961699,-3.034905,2.812317,0.004544139,0.07067051,-0.1509036,0.9860191,15,5.7,-14.01434,115.371,16,-0.7,-32.10696,244.1067
22.55869,NaN,NaN,NaN,-2.577597,2.861642,-0.00387543,0.01398758,0.05285653,-0.06270649,0.9965333,-2.682769,2.825496,0.002489209,0.07951578,-0.1435424,0.9864446,15,5.7,-13.65095,112.7853,16,-0.7,-31.74357,241.5211
22.58661,NaN,NaN,NaN,-2.217764,2.875072,-0.006055683,0.01096546,0.05310449,-0.05652022,0.9969279,-2.31896,2.84,-0.0001045465,0.07572965,-0.1427204,0.9868616,15,5.7,-13.28196,110.1598,16,-0.7,-31.37458,238.8955
22.61438,NaN,NaN,NaN,-1.849461,2.888401,-0.007909188,0.008909514,0.0527344,-0.05081276,0.9972752,-1.945819,2.85536,-0.002849221,0.07603363,-0.1396847,0.9872726,15,5.7,-12.91454,107.5455,16,-0.7,-31.00716,236.2813
22.64224,26.41892,-50.26399,358.0062,-1.471773,2.901006,-0.009470008,0.008210137,0.05100136,-0.04445132,0.9976751,-1.562672,2.871238,-0.0054667,0.07708145,-0.1463727,0.9862218,15,5.7,-12.54639,104.926,16,-0.7,-30.63901,233.6617
22.67017,22.88834,-44.7509,326.6341,-1.087348,2.912495,-0.01060885,0.009830159,0.04862974,-0.04012863,0.9979621,-1.171788,2.886973,-0.007505298,0.07269519,-0.1439321,0.9869139,15,5.7,-12.17695,102.2973,16,-0.7,-30.26957,231.033
22.69864,23.04732,-44.37958,324.0899,-0.6976598,2.923886,-0.01166019,0.01210804,0.045807,-0.03643875,0.9982121,-0.8253986,2.886973,-0.007505298,0.07269519,-0.1439321,0.9869139,15,5.7,-11.80048,99.61858,16,-0.7,-29.8931,228.3543
22.72577,12.85,-30.68203,221.6544,-0.3027464,2.934102,-0.01251863,0.01057753,0.04307249,-0.03221278,0.9984965,-0.4241859,2.901853,-0.009396195,0.0591051,-0.1495368,0.986988,15,5.7,-11.44188,97.06698,16,-0.7,-29.5345,225.8027
22.75372,12.85,-31.62404,229.5775,0.09517591,2.942625,-0.01314399,0.009491659,0.03992006,-0.02866908,0.9987465,-0.01927197,2.915841,-0.01093197,0.05534495,-0.1485405,0.9873564,15,5.7,-11.07218,94.43644,16,-0.7,-29.1648,223.1721
22.78168,12.85,-30.70238,220.9473,0.496978,2.949024,-0.01414133,0.01062553,0.03759733,-0.02593483,0.9988999,0.390026,2.928483,-0.01211786,0.05566187,-0.1502376,0.9870818,15,5.7,-10.70264,91.80702,16,-0.7,-28.79526,220.5427
22.80939,12.85,-32.23452,234.0175,0.9018956,2.954555,-0.01466422,0.01192711,0.03545484,-0.02114579,0.9990764,0.8027979,2.938975,-0.01322436,0.05083945,-0.1484329,0.9876148,15,5.7,-10.33629,89.20035,16,-0.7,-28.42891,217.9361
22.83731,12.85,-33.30861,239.3244,1.307359,2.958437,-0.01486947,0.01093784,0.03293523,-0.01634107,0.9992641,1.21659,2.947486,-0.01403749,0.04800284,-0.1496032,0.9875802,15,5.7,-9.966931,86.57219,16,-0.7,-28.05955,215.3079
22.86584,12.85,-32.1837,231.8985,1.713423,2.960506,-0.0151093,0.0108818,0.02968192,-0.01178239,0.9994307,1.577536,2.947486,-0.01403749,0.04800284,-0.1496032,0.9875802,15,5.7,-9.589901,83.88948,16,-0.7,-27.68252,212.6252
22.89291,12.85,-34.13379,245.0528,2.119521,2.961486,-0.01476314,0.01379018,0.02671489,-0.008958318,0.9995079,1.992299,2.953882,-0.01456606,0.0437642,-0.1494895,0.9877943,15,5.7,-9.232063,81.34333,16,-0.7,-27.32468,210.079
22.92072,11.07142,-29.35339,209.2195,2.526315,2.962421,-0.01424011,0.01315058,0.02506724,-0.007744567,0.9995693,2.407961,2.957876,-0.01479924,0.04088626,-0.1524896,0.987459,15,5.7,-8.864351,78.72692,16,-0.7,-26.95697,207.4626
22.94873,9.478124,-25.4403,181.3764,2.927498,2.961013,-0.01398079,0.01375325,0.0229455,-0.00398477,0.9996343,2.818597,2.960082,-0.01471353,0.0362479,-0.1545838,0.9873145,15,5.7,-8.493945,76.09134,16,-0.7,-26.58656,204.8271
22.97653,6.943597,-16.2417,115.9249,3.324121,2.958846,-0.01386841,0.01611453,0.02088046,-0.000836994,0.9996518,3.225039,2.960791,-0.01440251,0.03162641,-0.1633177,0.9860665,15,5.7,-8.12648,73.47669,16,-0.7,-26.2191,202.2124
23.00424,7.195841,-21.57705,153.8879,3.714679,2.957648,-0.01312799,0.01384462,0.01819873,0.002475306,0.9997355,3.625611,2.959804,-0.01407802,0.02290273,-0.157402,0.987269,15,5.7,-7.759987,70.86896,16,-0.7,-25.85261,199.6047
23.03287,7.537796,-21.57703,153.8878,4.099381,2.955152,-0.01226582,0.01054177,0.01515782,0.004726363,0.9998184,3.967568,2.959804,-0.01407802,0.02290273,-0.157402,0.987269,15,5.7,-7.381692,68.17725,16,-0.7,-25.47431,196.913
23.06012,7.352618,-28.06713,200.0672,4.480186,2.952705,-0.01123142,0.01009785,0.01273805,0.005715647,0.9998516,4.358544,2.957952,-0.01364648,0.01478597,-0.1532147,0.9880823,15,5.7,-7.021125,65.61169,16,-0.7,-25.11374,194.3474
23.08786,7.242617,-36.77227,262.0076,4.854712,2.948044,-0.01042148,0.01066878,0.009432018,0.009597057,0.9998526,4.743355,2.955635,-0.01274431,0.009430214,-0.1499014,0.988656,15,5.7,-6.654547,63.00335,16,-0.7,-24.74717,191.7391
23.11575,6.353027,-45.44815,323.7397,5.216599,2.944667,-0.009228535,0.01099731,0.006063879,0.009226032,0.9998786,5.116113,2.952471,-0.01169682,0.003778544,-0.1478551,0.9890018,15,5.7,-6.285839,60.37985,16,-0.7,-24.37846,189.1156
23.14349,5.230288,-37.49318,267.1371,5.569818,2.94021,-0.007915106,0.008337659,0.004057974,0.007453771,0.9999293,5.479989,2.948223,-0.01063156,-0.0009241696,-0.1496767,0.9887346,15,5.7,-5.919015,57.76977,16,-0.7,-24.01164,186.5055
23.17133,3.325227,-47.74947,340.1144,5.910216,2.934457,-0.006639175,0.007340745,0.002921015,0.00612832,0.9999501,5.831048,2.943513,-0.009311795,-0.007286699,-0.1474105,0.9890485,15,5.7,-5.551058,55.15162,16,-0.7,-23.64368,183.8873
23.19989,3.616853,-47.74947,340.1144,6.238296,2.928755,-0.00539486,0.006950825,0.001701802,0.007739268,0.9999445,6.122674,2.943513,-0.009311795,-0.007286699,-0.1474105,0.9890485,15,5.7,-5.173256,52.46342,16,-0.7,-23.26588,181.1991
23.22702,NaN,NaN,NaN,6.549989,2.922876,-0.004221035,0.008374378,7.113815E-05,0.01059138,0.9999089,6.446527,2.937901,-0.00776875,-0.008349096,-0.1446703,0.9894447,15,5.7,-4.814793,49.91282,16,-0.7,-22.90742,178.6485
23.25482,3.960054,-47.71909,339.8983,6.845864,2.916664,-0.002996464,0.009952758,-0.001119077,0.01214994,0.999876,6.754387,2.931467,-0.006215334,-0.008130891,-0.1473818,0.9890463,15,5.7,-4.447059,47.29626,16,-0.7,-22.53968,176.032
23.28265,4.663935,-29.87874,212.9575,7.122912,2.910347,-0.001827214,0.009590507,-0.002162606,0.01327053,0.9998637,7.043342,2.924433,-0.00458324,-0.01104202,-0.1522282,0.9882837,15,5.7,-4.078974,44.6772,16,-0.7,-22.1716,173.4129
23.31058,4.945647,-24.16298,172.2878,7.382069,2.903376,-0.001129263,0.009104084,-0.003983021,0.01621074,0.9998193,7.313761,2.917121,-0.003164649,-0.01357691,-0.155256,0.987781,15,5.7,-3.709799,42.05038,16,-0.7,-21.80242,170.7861
23.33868,3.90362,-23.62135,168.4339,7.618754,2.895649,-0.001055187,0.008646145,-0.005451828,0.01789813,0.9997876,7.561381,2.909456,-0.001981258,-0.02144664,-0.1555587,0.9875938,15,5.7,-3.338251,39.40668,16,-0.7,-21.43087,168.1424
23.36676,4.095745,-23.62134,168.4338,7.834893,2.886958,-0.001374321,0.008121055,-0.00773567,0.0192434,0.9997519,7.753504,2.909456,-0.001981258,-0.02144664,-0.1555587,0.9875938,15,5.7,-2.967036,36.76535,16,-0.7,-21.05966,165.5011
23.3941,2.721935,-26.30249,187.5112,8.028481,2.878058,-0.001995541,0.006891872,-0.009441227,0.01952867,0.999741,7.959728,2.90099,-0.001301885,-0.02758981,-0.1538278,0.9877124,15,5.7,-2.605556,34.19329,16,-0.7,-20.69818,162.929
23.422,2.042926,-28.30722,201.7756,8.201508,2.869297,-0.00262417,0.004299653,-0.01111645,0.02109633,0.9997064,8.144342,2.891469,-0.001268744,-0.02987,-0.1527358,0.9878156,15,5.7,-2.236576,31.56786,16,-0.7,-20.3292,160.3036
23.44971,2.153299,-25.35129,180.7431,8.350516,2.859998,-0.00354922,0.001372685,-0.01270756,0.02109149,0.9996958,8.304359,2.881181,-0.001687407,-0.03360504,-0.1542423,0.9874614,15,5.7,-1.870484,28.96298,16,-0.7,-19.96311,157.6987
23.4776,-0.5229226,-33.30341,237.3254,8.475052,2.851171,-0.004283695,0.0003782352,-0.01321396,0.0194031,0.9997244,8.439078,2.870575,-0.002435923,-0.03730498,-0.1505768,0.9878942,15,5.7,-1.501421,26.33696,16,-0.7,-19.59405,155.0727
23.50537,-5.526911,-40.51347,288.6276,8.575176,2.845068,-0.004241306,-0.0006952435,-0.01289025,0.01809241,0.999753,8.548422,2.860028,-0.003228545,-0.04816842,-0.1484322,0.9877488,15,5.7,-1.13437,23.72526,16,-0.7,-19.227,152.461
23.53375,-5.462388,-40.51342,288.6272,8.647743,2.838656,-0.004938477,-0.002847796,-0.01146042,0.01799047,0.9997685,8.612926,2.860028,-0.003228545,-0.04816842,-0.1484322,0.9877488,15,5.7,-0.7590197,21.0545,16,-0.7,-18.85164,149.7902
23.56104,-6.786231,-37.66119,268.3326,8.694151,2.831858,-0.006130306,-0.0011015,-0.01125371,0.02031597,0.9997297,8.670638,2.850407,-0.003866792,-0.05686494,-0.1490399,0.9871948,15,5.7,-0.3985927,18.48993,16,-0.7,-18.49122,147.2257
23.58899,-12.85,-52.90237,376.9583,8.714341,2.826758,-0.00707534,0.0009280201,-0.01105195,0.02120839,0.9997136,8.700998,2.841939,-0.004553199,-0.05646484,-0.1460533,0.987664,15,5.7,-0.02898169,15.86001,16,-0.7,-18.1216,144.5957
23.61688,-9.366435,-45.32994,322.8986,8.707338,2.82386,-0.007762956,-0.0005870554,-0.009946405,0.02101472,0.9997295,8.702998,2.834103,-0.005587459,-0.05526224,-0.1473014,0.9875467,15,5.7,0.3397596,13.23628,16,-0.7,-17.75286,141.972
23.64456,4.121041,-11.77872,84.16914,8.670846,2.821941,-0.00889309,-0.0001016147,-0.0108133,0.02342824,0.999667,8.674706,2.827698,-0.006740093,-0.05322498,-0.1707254,0.98388,15,5.7,0.7059517,10.63069,16,-0.7,-17.38667,139.3664
23.67255,4.195177,-11.559,82.60571,8.607591,2.820449,-0.01064835,0.004593818,-0.01472125,0.02721421,0.9995108,8.618095,2.823447,-0.007766724,-0.05267097,-0.1712753,0.9838143,15,5.7,1.075809,7.999012,16,-0.7,-17.01681,136.7348
23.70102,4.116629,-11.559,82.60572,8.519227,2.820812,-0.01227973,0.005697359,-0.01819596,0.0266745,0.9994624,8.539549,2.823447,-0.007766724,-0.05267097,-0.1712753,0.9838143,15,5.7,1.452184,5.320964,16,-0.7,-16.64044,134.0567
23.72794,3.090761,-11.24517,80.37271,8.410706,2.821972,-0.01351727,0.001338196,-0.02251256,0.02661329,0.9993914,8.438268,2.820769,-0.009244919,-0.06539023,-0.1720006,0.9829242,15,5.7,1.808222,2.787624,16,-0.7,-16.2844,131.5234
23.75595,0.6398598,-14.61066,104.3195,8.278978,2.823804,-0.01477478,-0.001582434,-0.02629173,0.02427625,0.9993583,8.312178,2.819796,-0.01082122,-0.07234337,-0.1643542,0.9837449,15,5.7,2.178538,0.1526871,16,-0.7,-15.91408,128.8884
23.78369,-1.369507,-17.08985,121.9598,8.129096,2.827057,-0.01619885,-0.002945337,-0.02794451,0.02321913,0.9993355,8.166183,2.820436,-0.01239717,-0.07692932,-0.1606265,0.9840127,16,-0.7,-15.54717,126.2777,17,5.7,-33.63969,255.0127
23.81146,-8.30364,-26.96171,192.2019,7.95483,2.832651,-0.01704994,-0.00169374,-0.0264883,0.02093354,0.9994285,7.994929,2.822459,-0.01422691,-0.08350033,-0.1525894,0.9847559,16,-0.7,-15.18,123.6652,17,5.7,-33.27252,252.4002
23.83942,-8.159211,-27.58101,196.6084,7.759068,2.84071,-0.01752613,-0.0003861487,-0.02383524,0.01929093,0.9995297,7.801276,2.826336,-0.01582587,-0.07996209,-0.1523409,0.985088,16,-0.7,-14.81062,121.0369,17,5.7,-32.90314,249.7719
23.8674,-8.356971,-27.58101,196.6084,7.53659,2.850349,-0.0181919,2.115313E-05,-0.02331695,0.01967599,0.9995345,7.603517,2.826336,-0.01582587,-0.07996209,-0.1523409,0.985088,16,-0.7,-14.44052,118.4035,17,5.7,-32.53304,247.1385
23.89505,-8.64957,-29.02684,206.896,7.297366,2.861761,-0.01892342,0.001183169,-0.02485451,0.02055868,0.9994789,7.367527,2.833068,-0.01707482,-0.07628518,-0.1517403,0.9854722,16,-0.7,-14.07499,115.8026,17,5.7,-32.1675,244.5376
23.92288,-7.238698,-26.62881,189.8332,7.03533,2.875147,-0.01970918,0.002002451,-0.02671239,0.01888451,0.9994628,7.107763,2.842743,-0.01789761,-0.0744652,-0.1529719,0.9854209,16,-0.7,-13.70673,113.1823,17,5.7,-31.79925,241.9173
23.95084,-5.971159,-23.31784,166.2744,6.760277,2.889465,-0.0199776,-0.002143678,-0.03088662,0.01675527,0.9993802,6.833076,2.85516,-0.01862478,-0.07584261,-0.1550291,0.9849944,16,-0.7,-13.33733,110.5539,17,5.7,-31.42985,239.2889
23.97867,-6.436501,-22.74999,162.234,6.477468,2.902643,-0.02027427,-0.006198715,-0.03419814,0.01311826,0.9993098,6.548247,2.870037,-0.01932967,-0.0788024,-0.155484,0.9846902,16,-0.7,-12.96952,107.9368,17,5.7,-31.06204,236.6718
24.0065,-12.85,-33.44011,239.3704,6.188568,2.914978,-0.0204449,-0.006552017,-0.0340752,0.00831532,0.9993632,6.255445,2.886171,-0.01977468,-0.07866102,-0.1495627,0.9856183,16,-0.7,-12.60152,105.3183,17,5.7,-30.69404,234.0534
24.03445,-12.85,-32.9413,236.0832,5.893431,2.926747,-0.02006745,-0.004954167,-0.03198785,0.004651047,0.9994652,5.9931,2.886171,-0.01977468,-0.07866102,-0.1495627,0.9856183,16,-0.7,-12.23197,102.6888,17,5.7,-30.32448,231.4238
24.06235,-21.46047,-48.60542,346.2048,5.590846,2.936965,-0.0193411,-0.003759732,-0.02917409,0.0004907129,0.9995672,5.686594,2.902133,-0.02014625,-0.077323,-0.146709,0.9861529,16,-0.7,-11.86316,100.0646,17,5.7,-29.95568,228.7997
24.09,-9.189415,-29.4625,209.9959,5.281356,2.945614,-0.01853854,-0.002704501,-0.02623391,-0.003828268,0.9996449,5.372838,2.917019,-0.02012825,-0.06836872,-0.1520195,0.9860101,16,-0.7,-11.49724,97.46095,17,5.7,-29.58976,226.196
24.11795,-6.152813,-23.65717,168.6889,4.965567,2.953642,-0.0175478,-0.002995423,-0.02327785,-0.007151883,0.999699,5.052374,2.930151,-0.01972163,-0.06546694,-0.1553379,0.9856897,16,-0.7,-11.12796,94.83337,17,5.7,-29.22048,223.5684
24.14566,-5.045765,-20.88295,148.9493,4.645801,2.960011,-0.01643676,-0.002335708,-0.02104819,-0.009495687,0.9997306,4.72732,2.941504,-0.01885867,-0.06464643,-0.1575926,0.985386,16,-0.7,-10.76132,92.22458,17,5.7,-28.85383,220.9596
24.17355,-3.523839,-17.98319,128.3163,4.321781,2.964532,-0.0154702,-0.0008244091,-0.01879835,-0.01268987,0.9997424,4.397584,2.951216,-0.01764107,-0.06080714,-0.1606986,0.9851287,16,-0.7,-10.39283,89.60269,17,5.7,-28.48535,218.3377
24.20135,-3.816004,-17.98318,128.3163,3.993092,2.967487,-0.01444975,0.0003438974,-0.01554489,-0.01821798,0.9997132,4.105416,2.951216,-0.01764107,-0.06080714,-0.1606986,0.9851287,16,-0.7,-10.02492,86.98483,17,5.7,-28.11744,215.7199
24.22925,-3.019202,-16.6235,118.6416,3.665193,2.969671,-0.01326497,0.001484137,-0.01344958,-0.01986344,0.9997112,3.771434,2.958776,-0.01637292,-0.05637508,-0.1625698,0.9850852,16,-0.7,-9.656228,84.36148,17,5.7,-27.74875,213.0965
24.25714,-3.530914,-18.17545,129.6844,3.333932,2.969534,-0.01241945,0.001904007,-0.01097018,-0.02172247,0.9997021,3.433764,2.964031,-0.01505446,-0.05292495,-0.16064,0.9855931,16,-0.7,-9.287465,81.73759,17,5.7,-27.37998,210.4726
24.28488,-3.050535,-17.20595,122.786,2.997719,2.968473,-0.0119969,0.002297816,-0.008311838,-0.02652128,0.9996111,3.091305,2.967261,-0.01382208,-0.04929351,-0.1619073,0.9855741,16,-0.7,-8.920565,79.12696,17,5.7,-27.01308,207.862
24.31281,-2.684475,-16.18261,115.5045,2.660047,2.96762,-0.01142776,0.002444522,-0.006871998,-0.0300297,0.9995224,2.747144,2.968293,-0.01276374,-0.04633699,-0.1633759,0.9854751,16,-0.7,-8.55163,76.50185,17,5.7,-26.64415,205.2369
24.34085,-3.011662,-15.74998,112.4262,2.319626,2.967137,-0.01008684,-0.0004273672,-0.005926967,-0.03276228,0.9994456,2.399949,2.967692,-0.01197064,-0.04742288,-0.1640262,0.9853154,16,-0.7,-8.180625,73.86201,17,5.7,-26.27314,202.5971
24.36844,-3.31361,-15.74998,112.4262,1.979934,2.964196,-0.008637648,-0.003508502,-0.003377079,-0.03633866,0.9993277,2.098001,2.967692,-0.01197064,-0.04742288,-0.1640262,0.9853154,16,-0.7,-7.816211,71.26907,17,5.7,-25.90873,200.0041
24.39636,-6.342725,-21.80532,155.5123,1.642509,2.959971,-0.007640571,-0.001750318,-0.0006553233,-0.03884276,0.9992436,1.752965,2.966582,-0.01101577,-0.05133868,-0.1570906,0.9862489,16,-0.7,-7.446858,68.641,17,5.7,-25.53938,197.376
24.42422,-8.770061,-29.66358,211.4266,1.309168,2.957161,-0.006537683,4.082732E-05,0.001806498,-0.03945635,0.9992197,1.411616,2.964606,-0.009730339,-0.04753766,-0.1523392,0.9871843,16,-0.7,-7.078256,66.01825,17,5.7,-25.17077,194.7533
24.45203,-3.885746,-18.16469,129.6079,0.9837495,2.952511,-0.00491368,0.001394564,0.004195124,-0.03889938,0.9992334,1.077414,2.961253,-0.008292437,-0.03776554,-0.160751,0.9862723,16,-0.7,-6.710918,63.40451,17,5.7,-24.80343,192.1396
24.47986,-3.061338,-16.21678,115.7478,0.6645943,2.947343,-0.003434006,0.002729381,0.008088052,-0.04153214,0.9991007,0.7491912,2.957181,-0.00669992,-0.03245941,-0.1633305,0.9860373,16,-0.7,-6.343004,60.78666,17,5.7,-24.43552,189.5217
24.50763,-3.033676,-15.31493,109.3308,0.3535226,2.941594,-0.002056852,0.003388751,0.01290327,-0.04474952,0.9989092,0.429045,2.952033,-0.005059481,-0.0312223,-0.1647077,0.9858481,16,-0.7,-5.975756,58.17356,17,5.7,-24.06827,186.9086
24.53546,-3.302863,-15.31493,109.3308,0.05068725,2.936017,-0.0006257023,0.00305316,0.01775771,-0.04820044,0.9986752,0.159858,2.952033,-0.005059481,-0.0312223,-0.1647077,0.9858481,16,-0.7,-5.607669,55.55449,17,5.7,-23.70019,184.2895
24.56339,-2.674615,-14.63145,104.4676,-0.2449251,2.928351,0.0007096481,0.004235364,0.02250126,-0.05106386,0.9984329,-0.145336,2.94592,-0.003385544,-0.02386797,-0.1658719,0.9858584,16,-0.7,-5.238574,52.92824,17,5.7,-23.33109,181.6633
24.59106,-2.117864,-14.02273,100.1363,-0.5250063,2.920839,0.001371478,0.0074241,0.02748677,-0.05266759,0.9982061,-0.4355332,2.939197,-0.001606822,-0.01656192,-0.1669839,0.9858205,16,-0.7,-4.87247,50.32327,17,5.7,-22.96499,179.0583
24.61899,-1.897987,-14.47601,103.3615,-0.7927928,2.912959,0.001531645,0.009828718,0.03356561,-0.05474537,0.9978876,-0.7135876,2.931373,0.0001496077,-0.01129897,-0.1660635,0.9860503,16,-0.7,-4.50356,47.69834,17,5.7,-22.59608,176.4334
24.64676,-1.612667,-12.57334,89.82333,-1.049003,2.905805,0.001830429,0.008491058,0.03803334,-0.05795743,0.9975582,-0.9793611,2.922584,0.001095891,-0.006947843,-0.1700022,0.9854192,16,-0.7,-4.136111,45.0838,17,5.7,-22.22863,173.8188
24.67468,-1.023904,-14.35885,102.5279,-1.290475,2.897944,0.001378883,0.007118227,0.0421792,-0.06047662,0.9972527,-1.230083,2.913462,0.001600504,0.001983034,-0.1661259,0.9861026,16,-0.7,-3.766891,42.45667,17,5.7,-21.85941,171.1917
24.70273,-1.222365,-14.35884,102.5279,-1.513743,2.890061,0.0003436762,0.01046021,0.04554201,-0.06061988,0.9970667,-1.428543,2.913462,0.001600504,0.001983034,-0.1661259,0.9861026,16,-0.7,-3.396369,39.82027,17,5.7,-21.48889,168.5553
24.73013,-1.157001,-16.76867,119.6747,-1.720265,2.882866,-0.0006666791,0.01171544,0.04896057,-0.06185091,0.996815,-1.646203,2.9044,0.001693845,0.004033656,-0.1622117,0.9867477,16,-0.7,-3.033977,37.24171,17,5.7,-21.1265,165.9768
24.75809,-0.6618208,-15.11633,107.9177,-1.906654,2.876549,-0.001761929,0.01162462,0.05084148,-0.06311792,0.9966425,-1.843589,2.895116,0.001075268,0.01080072,-0.1646148,0.9862988,16,-0.7,-2.664279,34.61118,17,5.7,-20.7568,163.3462
24.78583,-0.3763978,-14.25069,101.7583,-2.071619,2.869667,-0.003208968,0.01099165,0.05258375,-0.06502883,0.9964364,-2.019217,2.886176,-1.66893E-06,0.01591812,-0.166048,0.9859892,16,-0.7,-2.297471,32.0012,17,5.7,-20.38999,160.7363
24.81366,-0.5531228,-15.68243,111.9457,-2.210187,2.86338,-0.004791135,0.01125391,0.05386963,-0.06650519,0.9962673,-2.168362,2.877874,-0.001331568,0.01423285,-0.1635461,0.986433,16,-0.7,-1.92967,29.38416,17,5.7,-20.02219,158.1192
24.84146,-0.4662714,-14.27786,101.9517,-2.321559,2.857976,-0.006170003,0.01110871,0.05524173,-0.06829973,0.9960724,-2.289835,2.869917,-0.003019094,0.01763554,-0.1658348,0.9859958,16,-0.7,-1.56195,26.7677,17,5.7,-19.65447,155.5027
24.86942,0.03200198,-16.36988,116.8371,-2.406339,2.852595,-0.007705262,0.01039184,0.05572221,-0.0689299,0.9960099,-2.383946,2.862526,-0.004731417,0.02039829,-0.1623827,0.986517,16,-0.7,-1.192484,24.13881,17,5.7,-19.285,152.8739
24.89752,-0.01878,-16.36989,116.8372,-2.46347,2.847287,-0.009319087,0.01063812,0.05642295,-0.07120143,0.9958081,-2.43473,2.862526,-0.004731417,0.02039829,-0.1623827,0.986517,16,-0.7,-0.8207808,21.494,17,5.7,-18.9133,150.229
24.92499,0.5656379,-18.46535,131.7471,-2.487412,2.842861,-0.01077539,0.009587936,0.05813685,-0.07312389,0.9955808,-2.470531,2.855756,-0.006486297,0.02274247,-0.1597061,0.9869027,16,-0.7,-0.4577818,18.91113,17,5.7,-18.5503,147.6462
24.95288,4.563559,-18.2326,130.091,-2.483493,2.839065,-0.01220477,0.008652531,0.06090689,-0.07487559,0.9952936,-2.477095,2.849467,-0.00825429,0.05334464,-0.1597317,0.9857181,16,-0.7,-0.08874443,16.2853,17,5.7,-18.18126,145.0203
24.98096,8.428787,-26.17029,186.5705,-2.452277,2.836256,-0.0137615,0.008546889,0.06391695,-0.0760299,0.9950181,-2.454681,2.843861,-0.009986997,0.05754295,-0.1534033,0.9864868,16,-0.7,0.2822039,13.64586,17,5.7,-17.81031,142.3809
25.00861,9.915564,-29.80966,212.466,-2.394323,2.834641,-0.01519021,0.006703861,0.06686452,-0.07612054,0.9948316,-2.403889,2.839042,-0.01186323,0.05721346,-0.1516257,0.9867808,16,-0.7,0.6479339,11.04356,17,5.7,-17.44458,139.7786
25.03647,12.85,-34.56935,248.9377,-2.314552,2.833345,-0.01678098,0.005227312,0.07012462,-0.07742294,0.9945154,-2.329207,2.835589,-0.01368701,0.06018647,-0.1483129,0.9871073,16,-0.7,1.016104,8.423893,17,5.7,-17.07641,137.1589
25.06454,12.85,-34.337,247.3913,-2.208478,2.833963,-0.01792512,0.005299844,0.0719406,-0.07649621,0.9944571,-2.234919,2.835589,-0.01368701,0.06018647,-0.1483129,0.9871073,16,-0.7,1.3877,5.779848,17,5.7,-16.70482,134.5149
25.0921,12.85,-34.71989,249.9639,-2.084301,2.83624,-0.01867563,0.00332585,0.07309499,-0.07564874,0.9944462,-2.116529,2.833431,-0.01541448,0.05910321,-0.148299,0.9871749,16,-0.7,1.751705,3.189817,17,5.7,-16.34081,131.9249
25.11987,19.22983,-49.06449,349.4713,-1.940032,2.837853,-0.02020463,0.00398507,0.07211536,-0.0723339,0.9947619,-1.976621,2.832974,-0.01701808,0.05991258,-0.146621,0.9873767,16,-0.7,2.118884,0.5772047,17,5.7,-15.97364,129.3123
25.1478,NaN,NaN,NaN,-1.772825,2.840375,-0.02174705,0.005902022,0.07217249,-0.06933685,0.9949617,-1.812874,2.834319,-0.01836884,0.05314605,-0.1434315,0.9882322,17,5.7,-15.60431,126.6844,18,-5.7,-33.88845,256.7828
25.17563,11.66977,-34.37225,244.9307,-1.582069,2.845228,-0.02223621,0.002693612,0.0741763,-0.06718726,0.9949756,-1.624824,2.836516,-0.01990795,0.05358195,-0.1499647,0.9872383,17,5.7,-15.23614,124.0647,18,-5.7,-33.52028,254.1631
25.20346,12.85,-34.81031,248.9064,-1.373193,2.850941,-0.02210267,-0.00396643,0.07670966,-0.06561741,0.994884,-1.417115,2.840128,-0.0212363,0.056579,-0.1493101,0.9871703,17,5.7,-14.86846,121.4485,18,-5.7,-33.1526,251.5469
25.23199,12.85,-34.29496,245.4991,-1.153499,2.856082,-0.02186556,-0.00506416,0.07797552,-0.06460685,0.9948468,-1.221832,2.840128,-0.0212363,0.056579,-0.1493101,0.9871703,17,5.7,-14.49101,118.7628,18,-5.7,-32.77515,248.8612
25.25937,22.82424,-54.36022,397.3498,-0.9235219,2.862526,-0.02127429,-0.001666153,0.07687199,-0.06417996,0.9949719,-0.9920729,2.84548,-0.02189839,0.05921891,-0.1422409,0.988059,17,5.7,-14.12934,116.1894,18,-5.7,-32.41348,246.2878
25.28702,22.79373,-55.51624,397.6612,-0.6839774,2.869684,-0.02029032,0.001976632,0.07716209,-0.06721439,0.9947484,-0.7511975,2.851797,-0.02192855,0.05847744,-0.1449659,0.9877071,17,5.7,-13.76369,113.5877,18,-5.7,-32.04783,243.6861
25.31494,17.07641,-45.35756,323.0951,-0.4302763,2.878493,-0.0190804,0.003744803,0.07699427,-0.06686656,0.9947798,-0.4956063,2.858895,-0.02156949,0.05370966,-0.1473758,0.9876212,17,5.7,-13.39459,110.9614,18,-5.7,-31.67873,241.0598
25.3428,9.469564,-28.20192,201.0264,-0.1721083,2.887573,-0.01774982,0.005388299,0.07609069,-0.06231658,0.9951372,-0.2344413,2.867367,-0.02057946,0.04764692,-0.1525511,0.9871464,17,5.7,-13.02588,108.3379,18,-5.7,-31.31002,238.4363
25.37051,8.233469,-23.98796,171.0425,0.09261572,2.896831,-0.01651875,0.008808065,0.0737389,-0.05697249,0.99561,0.03397284,2.877332,-0.01909554,0.04729958,-0.154975,0.9867854,17,5.7,-12.65981,105.7332,18,-5.7,-30.94395,235.8316
25.39905,8.474748,-23.98794,171.0424,0.3640611,2.906757,-0.01518256,0.01076586,0.07104656,-0.05362581,0.9959723,0.2752577,2.877332,-0.01909554,0.04729958,-0.154975,0.9867854,17,5.7,-12.28235,103.0474,18,-5.7,-30.56649,233.1458
25.4263,7.138574,-19.31579,137.7982,0.645478,2.916809,-0.01384548,0.01120505,0.06753311,-0.04973989,0.9964135,0.5597734,2.888111,-0.01754415,0.04707617,-0.1588853,0.9861741,17,5.7,-11.92195,100.483,18,-5.7,-30.20609,230.5814
25.45416,11.39118,-32.44907,231.2465,0.9326774,2.92621,-0.01249603,0.01064711,0.06456068,-0.04662155,0.9967673,0.8506721,2.89966,-0.01592004,0.04500915,-0.1509431,0.9875173,17,5.7,-11.55388,97.86402,18,-5.7,-29.83802,227.9624
25.48193,11.3975,-31.99161,227.9915,1.224583,2.934752,-0.01099242,0.01020348,0.06186739,-0.04386415,0.9970679,1.146881,2.911366,-0.01435053,0.04439617,-0.1511674,0.9875107,17,5.7,-11.18662,95.25085,18,-5.7,-29.47076,225.3493
25.51001,11.14428,-29.71301,211.7784,1.520234,2.94212,-0.009614818,0.01138279,0.05856749,-0.04067241,0.9973896,1.447523,2.92271,-0.01271904,0.04520416,-0.1521407,0.9873245,17,5.7,-10.8154,92.60953,18,-5.7,-29.09954,222.7079
25.53769,10.05909,-27.72485,197.6319,1.819114,2.948287,-0.008301173,0.01223742,0.05547921,-0.0378531,0.9976671,1.751908,2.932983,-0.01106107,0.04149875,-0.1531521,0.9873309,17,5.7,-10.44922,90.00395,18,-5.7,-28.73335,220.1024
25.56622,10.32588,-27.72481,197.6316,2.119269,2.953371,-0.006976141,0.01298593,0.052524,-0.03531193,0.9979107,2.018713,2.932983,-0.01106107,0.04149875,-0.1531521,0.9873309,17,5.7,-10.07213,87.32086,18,-5.7,-28.35627,217.4193
25.59341,7.698684,-21.05202,150.1522,2.420511,2.956461,-0.006025441,0.01396249,0.04863995,-0.03084586,0.9982424,2.325843,2.941701,-0.009420276,0.03531015,-0.157686,0.9868578,17,5.7,-9.712579,84.7625,18,-5.7,-27.99672,214.8609
25.62134,8.619205,-22.84983,162.9443,2.721376,2.959356,-0.004733632,0.01503614,0.04493592,-0.02717132,0.9985071,2.633044,2.948775,-0.00782311,0.03625993,-0.1562697,0.9870487,17,5.7,-9.343548,82.13671,18,-5.7,-27.62769,212.2351
25.64902,9.429177,-26.69285,190.2888,3.020277,2.960737,-0.00394793,0.01379667,0.04172137,-0.0239579,0.9987467,2.938704,2.953859,-0.006417751,0.03368172,-0.153849,0.9875202,17,5.7,-8.977421,79.53159,18,-5.7,-27.26156,209.63
25.67694,9.342724,-25.14662,179.2868,3.31541,2.960615,-0.003582116,0.01539563,0.03804315,-0.0205159,0.9989469,3.24084,2.957444,-0.005352616,0.03360363,-0.1547717,0.9873787,17,5.7,-8.608343,76.90546,18,-5.7,-26.89248,207.0039
25.70474,8.515867,-23.42319,167.0239,3.611205,2.95998,-0.002834923,0.01558635,0.03387129,-0.01668909,0.9991653,3.543579,2.959215,-0.004312038,0.02939189,-0.1559501,0.9873275,17,5.7,-8.240757,74.28996,18,-5.7,-26.5249,204.3884
25.73334,8.775068,-23.42319,167.0239,3.902806,2.959592,-0.001637158,0.01256886,0.03110692,-0.01512533,0.9993227,3.802779,2.959215,-0.004312038,0.02939189,-0.1559501,0.9873275,17,5.7,-7.862706,71.59998,18,-5.7,-26.14684,201.6984
25.76038,7.384963,-20.04007,142.9518,4.19111,2.95738,-0.0005201006,0.01001471,0.02893129,-0.0133617,0.999442,4.098623,2.959463,-0.003362656,0.02269089,-0.1588028,0.9870496,17,5.7,-7.505132,69.05572,18,-5.7,-25.78927,199.1541
25.78824,7.762347,-21.43851,152.9022,4.472733,2.955404,0.001068159,0.007586875,0.02592987,-0.01047601,0.9995801,4.388108,2.95877,-0.002312899,0.02178678,-0.1575284,0.9872741,17,5.7,-7.136593,66.43343,18,-5.7,-25.42073,196.5318
25.8161,7.306893,-22.0325,157.1287,4.747081,2.952516,0.003351395,0.004954444,0.02282885,-0.008223119,0.9996933,4.670545,2.956963,-0.001139283,0.01656762,-0.1570416,0.987453,17,5.7,-6.768418,63.81372,18,-5.7,-25.05256,193.9121
25.84387,7.137966,-27.67378,197.2685,5.013144,2.948414,0.005347264,0.003400776,0.01988119,-0.006790741,0.9997736,4.944752,2.954613,0.0007503032,0.01098565,-0.1534155,0.9881007,17,5.7,-6.401268,61.20131,18,-5.7,-24.68541,191.2997
25.87189,6.137594,-27.90382,198.9054,5.269016,2.943174,0.007284401,0.005910931,0.01608995,-0.004944843,0.9998409,5.208791,2.951279,0.003108382,0.004614396,-0.1532918,0.9881701,17,5.7,-6.030716,58.5647,18,-5.7,-24.31485,188.6631
25.90042,6.35316,-27.9038,198.9052,5.511528,2.938398,0.009363014,0.006259621,0.0139693,-0.007276158,0.9998564,5.424357,2.951279,0.003108382,0.004614396,-0.1532918,0.9881701,17,5.7,-5.653533,55.88091,18,-5.7,-23.93767,185.9793
25.92743,7.281225,-24.66948,175.8918,5.745953,2.932174,0.01121077,0.005920519,0.01257625,-0.007761457,0.9998733,5.667875,2.946558,0.005477428,0.009061277,-0.155104,0.9878566,17,5.7,-5.296496,53.34046,18,-5.7,-23.58064,183.4389
25.95541,6.387719,-24.17883,172.4007,5.966901,2.92488,0.01246256,0.008620672,0.01236811,-0.006065116,0.999868,5.897862,2.940804,0.007939816,0.002806974,-0.1554013,0.9878474,17,5.7,-4.926551,50.70816,18,-5.7,-23.21069,180.8066
25.98315,5.662575,-23.62881,168.4871,6.172399,2.918168,0.01379517,0.01085,0.01239678,-0.002994891,0.9998599,6.112486,2.93389,0.01025009,-0.002637879,-0.1557395,0.9877946,17,5.7,-4.559579,48.09702,18,-5.7,-22.84372,178.1954
26.01093,5.516326,-19.07555,136.0889,6.361522,2.911533,0.01479862,0.01107626,0.01207536,-0.0007341933,0.9998655,6.310598,2.925891,0.01209784,-0.005762022,-0.1596085,0.9871636,17,5.7,-4.192565,45.48558,18,-5.7,-22.4767,175.584
26.03885,5.933947,-17.61423,125.6911,6.535676,2.904197,0.01516814,0.01085553,0.01182556,0.002699224,0.9998676,6.493143,2.917534,0.01355386,-0.004391205,-0.1612297,0.9869072,17,5.7,-3.823387,42.85874,18,-5.7,-22.10752,172.9571
26.06702,6.072872,-17.61424,125.6912,6.691968,2.896712,0.0151849,0.01039609,0.01127997,0.005876357,0.9998652,6.632068,2.917534,0.01355386,-0.004391205,-0.1612297,0.9869072,17,5.7,-3.450982,40.20894,18,-5.7,-21.73512,170.3073
26.09448,6.143483,-14.42704,103.0131,6.830925,2.889221,0.01506573,0.009102353,0.0105584,0.00678168,0.9998798,6.780771,2.909305,0.01465321,-0.006101443,-0.1659788,0.9861104,17,5.7,-3.08782,37.6249,18,-5.7,-21.37196,167.7233
26.12238,5.918882,-14.5485,103.8773,6.950431,2.881018,0.01440619,0.00656461,0.009661645,0.006880067,0.9999081,6.909551,2.900687,0.0151403,-0.009406081,-0.1656741,0.9861357,17,5.7,-2.718761,34.99891,18,-5.7,-21.0029,165.0973
26.15048,5.719644,-14.42874,103.0252,7.050524,2.8723,0.01327537,0.005543203,0.007237524,0.009162911,0.9999164,7.01829,2.891752,0.01516426,-0.01243152,-0.1658033,0.9860805,17,5.7,-2.347274,32.35564,18,-5.7,-20.63141,162.4541
26.17801,5.222449,-14.74531,105.2776,7.131419,2.864752,0.01237981,0.004612267,0.005212576,0.0103321,0.9999225,7.107049,2.882247,0.01461422,-0.01765511,-0.1651364,0.9861127,17,5.7,-1.983417,29.76667,18,-5.7,-20.26756,159.8651
26.20584,4.983051,-16.39758,117.0342,7.193134,2.857346,0.01109768,0.001988547,0.003268093,0.01231012,0.9999169,7.175801,2.872389,0.0135473,-0.018486,-0.1624555,0.9865426,17,5.7,-1.615597,27.14949,18,-5.7,-19.89973,157.2479
26.23404,5.018377,-16.39758,117.0342,7.232877,2.849445,0.009324032,0.00132113,4.085898E-05,0.01504919,0.9998859,7.211128,2.872389,0.0135473,-0.018486,-0.1624555,0.9865426,17,5.7,-1.242404,24.49409,18,-5.7,-19.52654,154.5925
26.26169,3.609468,-18.18284,129.737,7.254161,2.842772,0.00760099,0.0009029703,-0.002057761,0.01604152,0.9998689,7.240805,2.863014,0.01222837,-0.02762083,-0.1600798,0.9867175,17,5.7,-0.8770132,21.8942,18,-5.7,-19.16115,151.9926
26.28943,2.365468,-20.68653,147.5517,7.253363,2.836579,0.005843555,-0.001471284,-0.004308671,0.01858063,0.999817,7.247678,2.853995,0.01053214,-0.03265975,-0.1574753,0.9869827,17,5.7,-0.5104004,19.28561,18,-5.7,-18.79454,149.384
26.31729,3.136899,-15.16994,108.2991,7.228747,2.831326,0.004097572,-0.002596593,-0.006424844,0.01831891,0.9998082,7.230135,2.845361,0.008555412,-0.03726032,-0.1639915,0.9857578,17,5.7,-0.1418878,16.66351,18,-5.7,-18.42602,146.7619
26.34509,3.760136,-12.58536,89.9088,7.180613,2.827368,0.002182857,-0.002279539,-0.00780651,0.01775312,0.9998094,7.188311,2.837636,0.006484509,-0.03755667,-0.1689635,0.9849065,17,5.7,0.2256891,14.04807,18,-5.7,-18.05845,144.1465
26.37299,3.91787,-12.48412,89.18847,7.109992,2.824745,0.0003228245,-0.004179906,-0.009653659,0.01911897,0.9997619,7.122892,2.831237,0.004385471,-0.03539652,-0.169144,0.9849555,17,5.7,0.5943898,11.42462,18,-5.7,-17.68975,141.523
26.40085,3.834371,-12.48411,89.18841,7.016053,2.822286,-0.002008767,-0.006192484,-0.01080522,0.02007609,0.9997209,7.039392,2.831237,0.004385471,-0.03539652,-0.169144,0.9849555,17,5.7,0.9626608,8.80424,18,-5.7,-17.32148,138.9026
26.42865,3.547909,-12.83345,91.67408,6.896832,2.821083,-0.004497963,-0.007010506,-0.01196527,0.02089632,0.9996855,6.927163,2.826513,0.002279162,-0.03631221,-0.1682761,0.9850708,17,5.7,1.330618,6.18609,18,-5.7,-16.95352,136.2845
26.45657,2.661436,-14.43313,103.0564,6.753301,2.820807,-0.006699672,-0.009785339,-0.01373479,0.02122188,0.9996326,6.789527,2.823022,-0.0003130436,-0.03947572,-0.1650155,0.9855007,17,5.7,1.699648,3.560302,18,-5.7,-16.58449,133.6587
26.48425,1.586033,-16.72626,119.3729,6.584015,2.821783,-0.008703819,-0.01145156,-0.01517975,0.01864699,0.9996454,6.625192,2.820815,-0.003116727,-0.04162162,-0.1614517,0.9860025,17,5.7,2.06564,0.956136,18,-5.7,-16.2185,131.0545
26.51236,-4.500301,-43.20172,307.7554,6.387021,2.824718,-0.01009118,-0.01166606,-0.01615039,0.01517472,0.9996864,6.432352,2.820112,-0.005797386,-0.03511086,-0.1478019,0.9883936,18,-5.7,-15.84703,128.4114,19,0.7,-33.93961,257.1466
26.54013,NaN,NaN,NaN,6.162273,2.830062,-0.01088233,-0.01224545,-0.01695433,0.01272184,0.9997004,6.210714,2.821204,-0.008154273,-0.0351507,-0.144715,0.9888488,18,-5.7,-15.47988,125.799,19,0.7,-33.57246,254.5342
26.56787,NaN,NaN,NaN,5.912178,2.836212,-0.01176371,-0.01162332,-0.01899517,0.01298894,0.9996676,5.988407,2.821204,-0.008154273,-0.0351507,-0.144715,0.9888488,18,-5.7,-15.11317,123.1897,19,0.7,-33.20575,251.9249
26.59595,NaN,NaN,NaN,5.635394,2.843783,-0.01298097,-0.007969239,-0.02152687,0.01203099,0.9996641,5.716214,2.824796,-0.009882212,-0.036591,-0.1443384,0.9888516,18,-5.7,-14.74197,120.5485,19,0.7,-32.83455,249.2836
26.6236,-2.560309,-28.14919,200.6511,5.339259,2.852536,-0.01425187,-0.005204391,-0.02492711,0.01181809,0.9996059,5.422557,2.830851,-0.01112223,-0.03928643,-0.1524635,0.987528,18,-5.7,-14.37606,117.9449,19,0.7,-32.46864,246.6801
26.65137,-0.900861,-21.13196,150.721,5.019105,2.862385,-0.01561018,-0.005813185,-0.0287739,0.01005634,0.9995185,5.103542,2.838882,-0.01232743,-0.03930985,-0.1569332,0.9868266,18,-5.7,-14.00904,115.3334,19,0.7,-32.10162,244.0686
26.67938,-2.749174,-22.15629,158.0094,4.681559,2.871733,-0.01733886,-0.008237825,-0.03279161,0.007004716,0.9994038,4.765133,2.848744,-0.01376772,-0.04691583,-0.1561198,0.9866233,18,-5.7,-13.63849,112.6968,19,0.7,-31.73107,241.432
26.70721,-8.39445,-26.14348,186.3798,4.327568,2.880514,-0.01929878,-0.009114139,-0.03586185,0.002968699,0.9993109,4.408682,2.859805,-0.01544666,-0.06771557,-0.1533979,0.9858416,18,-5.7,-13.27054,110.0787,19,0.7,-31.36312,238.8139
26.73505,-8.720793,-26.1435,186.3799,3.960443,2.888927,-0.02120625,-0.00800023,-0.038205,-0.0005518023,0.9992378,4.082348,2.859805,-0.01544666,-0.06771557,-0.1533979,0.9858416,18,-5.7,-12.90281,107.4622,19,0.7,-30.99539,236.1974
26.76285,-12.85,-23.72739,170.0642,3.575933,2.89724,-0.02284957,-0.006076511,-0.03771758,-0.006969071,0.9992456,3.695832,2.870918,-0.01749003,-0.09567259,-0.1537988,0.9834595,18,-5.7,-12.53532,104.8473,19,0.7,-30.6279,233.5825
26.79071,-10.01463,-17.10145,122.0425,3.177461,2.906484,-0.02379243,-0.006015793,-0.0377397,-0.009448466,0.9992249,3.294332,2.881507,-0.01972389,-0.1069842,-0.1606333,0.981199,18,-5.7,-12.16668,102.2244,19,0.7,-30.25927,230.9596
26.81879,-9.690868,-16.13024,115.132,2.764471,2.91579,-0.02425281,-0.008059829,-0.03669822,-0.01272112,0.999213,2.877382,2.891815,-0.02177322,-0.1070649,-0.1620428,0.9809583,18,-5.7,-11.79546,99.58298,19,0.7,-29.88804,228.3182
26.84631,-12.85,-20.62837,148.4973,2.340939,2.924306,-0.02467487,-0.007001314,-0.03579891,-0.01456492,0.9992284,2.448701,2.902462,-0.02324307,-0.1012159,-0.1556794,0.9826084,18,-5.7,-11.4315,96.99328,19,0.7,-29.52408,225.7285
26.87424,-12.85,-20.5689,148.7613,1.905275,2.932897,-0.02481225,-0.003118023,-0.0344196,-0.01789769,0.9992424,2.00703,2.913373,-0.02413058,-0.0981582,-0.1551439,0.9830033,18,-5.7,-11.0622,94.36559,19,0.7,-29.15478,223.1008
26.90222,-12.85,-19.94621,144.8158,1.462054,2.941378,-0.02440447,-0.001146914,-0.03267032,-0.02111425,0.9992425,1.613056,2.913373,-0.02413058,-0.0981582,-0.1551439,0.9830033,18,-5.7,-10.69233,91.7338,19,0.7,-28.78491,220.469
26.92996,-9.944834,-15.71387,112.1694,1.011043,2.948768,-0.02369153,-0.00116489,-0.03019482,-0.02474751,0.999237,1.155838,2.923817,-0.02458084,-0.09714257,-0.1630994,0.9818156,18,-5.7,-10.32582,89.12598,19,0.7,-28.4184,217.8612
26.95779,-8.481109,-13.69441,97.80019,0.5539837,2.955033,-0.02292559,-0.0006933995,-0.0271053,-0.02773495,0.9992476,0.6916071,2.933919,-0.02454817,-0.09204838,-0.1668657,0.9816735,18,-5.7,-9.957794,86.50732,19,0.7,-28.05037,215.2425
26.98557,-8.601631,-14.25222,101.7692,0.09006552,2.959387,-0.02209016,0.0005615186,-0.02368543,-0.0301075,0.9992658,0.2198391,2.943347,-0.02406096,-0.08513968,-0.1659617,0.9824499,18,-5.7,-9.590374,83.893,19,0.7,-27.68295,212.6282
27.0134,-8.049353,-13.41028,95.77849,-0.3750004,2.962961,-0.02065158,0.001730355,-0.02046618,-0.03292917,0.9992467,-0.254184,2.951288,-0.02332449,-0.07994958,-0.1678092,0.9825723,18,-5.7,-9.222387,81.27464,19,0.7,-27.31497,210.0098
27.04111,-7.740844,-12.40643,88.63576,-0.8403067,2.964364,-0.01937943,0.001610497,-0.01724902,-0.03503375,0.999236,-0.7290008,2.9574,-0.02209961,-0.07769176,-0.1702325,0.9823364,18,-5.7,-8.856311,78.66987,19,0.7,-26.94889,207.405
27.06894,-7.293518,-11.707,83.65903,-1.304007,2.96478,-0.01784911,0.005036597,-0.01574293,-0.03570746,0.9992256,-1.202866,2.961479,-0.02054513,-0.07150869,-0.1722188,0.9824598,18,-5.7,-8.488154,76.0503,19,0.7,-26.58074,204.7855
27.09695,-7.703992,-11.707,83.65903,-1.765792,2.964473,-0.01671183,0.009461961,-0.0145596,-0.03705456,0.9991624,-1.613342,2.961479,-0.02054513,-0.07150869,-0.1722188,0.9824598,18,-5.7,-8.117639,73.41394,19,0.7,-26.21022,202.1491
27.1246,-7.70126,-11.67133,83.4052,-2.220537,2.962392,-0.01618674,0.0148142,-0.01397052,-0.03822007,0.9990619,-2.079492,2.963405,-0.01897621,-0.06622844,-0.1724077,0.9827967,18,-5.7,-7.752101,70.81301,19,0.7,-25.84468,199.5482
27.15259,-9.419389,-13.7235,98.00719,-2.664639,2.961449,-0.01502147,0.01740116,-0.01263735,-0.04085499,0.9989337,-2.535906,2.963624,-0.0175842,-0.06906066,-0.1674188,0.9834641,18,-5.7,-7.382037,68.17986,19,0.7,-25.47462,196.915
27.18054,-8.403074,-11.07843,79.1865,-3.097544,2.958853,-0.01366937,0.01386354,-0.009207904,-0.04619639,0.9987938,-2.981435,2.962315,-0.01639044,-0.06724901,-0.1741589,0.9824186,18,-5.7,-7.012521,65.55062,19,0.7,-25.1051,194.2858
27.20807,-10.46994,-15.88279,113.3712,-3.525162,2.95608,-0.01235355,0.01217951,-0.00430584,-0.05297202,0.9985124,-3.420918,2.960366,-0.01512003,-0.0612121,-0.1636296,0.9846209,18,-5.7,-6.648493,62.96043,19,0.7,-24.74107,191.6956
27.23605,-10.48539,-17.41855,124.2987,-3.941265,2.952563,-0.01071755,0.009191024,-0.001242459,-0.05401073,0.9984972,-3.848862,2.957702,-0.0137856,-0.05260986,-0.161529,0.9854647,18,-5.7,-6.278582,60.32838,19,0.7,-24.37116,189.0636
27.2641,-10.84785,-17.41854,124.2987,-4.349037,2.947133,-0.009428722,0.008911666,0.001408607,-0.05726492,0.9983183,-4.211326,2.957702,-0.0137856,-0.05260986,-0.161529,0.9854647,18,-5.7,-5.907751,57.68978,19,0.7,-24.00033,186.425
27.29166,-12.12168,-22.74562,162.2027,-4.738703,2.941772,-0.00858194,0.01449175,0.004644156,-0.05980281,0.9980942,-4.614188,2.954047,-0.01201403,-0.04566339,-0.1563151,0.9866511,18,-5.7,-5.543414,55.09739,19,0.7,-23.63599,183.8326
27.31979,-10.81369,-19.83008,141.4576,-5.112289,2.936189,-0.00794044,0.01675046,0.008932352,-0.0589519,0.9980804,-5.001219,2.948956,-0.01032114,-0.04053104,-0.1588408,0.9864719,18,-5.7,-5.171465,52.45084,19,0.7,-23.26405,181.186
27.3475,-8.717804,-13.63704,97.3919,-5.470013,2.929938,-0.007697972,0.01581552,0.01251715,-0.05893736,0.998058,-5.37201,2.942834,-0.009150028,-0.03384417,-0.1677128,0.9852548,18,-5.7,-4.805147,49.84434,19,0.7,-22.89773,178.5795
27.37521,-8.112755,-12.30147,87.88876,-5.808902,2.922754,-0.00720139,0.01376932,0.01815021,-0.06137147,0.997855,-5.7236,2.936005,-0.00842917,-0.02677217,-0.1707468,0.9849512,18,-5.7,-4.438655,47.23662,19,0.7,-22.53123,175.9718
27.40305,-7.768785,-14.79743,105.6484,-6.130555,2.916312,-0.006398162,0.01291423,0.02386764,-0.06391077,0.9975866,-6.057223,2.928498,-0.007678986,-0.01597402,-0.1654365,0.9860911,18,-5.7,-4.070649,44.61812,19,0.7,-22.16323,173.3533
27.43115,-8.039957,-14.79743,105.6485,-6.435623,2.908673,-0.006003368,0.01340876,0.02845028,-0.06768008,0.9972112,-6.328395,2.928498,-0.007678986,-0.01597402,-0.1654365,0.9860911,18,-5.7,-3.699361,41.97627,19,0.7,-21.79194,170.7115
27.45877,-7.352522,-15.47173,110.4464,-6.722399,2.900343,-0.005767279,0.01584527,0.03230333,-0.07079607,0.9968417,-6.628173,2.920537,-0.006919384,-0.006468744,-0.1642512,0.9863973,18,-5.7,-3.33399,39.37652,19,0.7,-21.42657,168.1117
27.48651,-7.352371,-13.33551,95.24636,-6.989607,2.892627,-0.004965271,0.01588909,0.03660849,-0.07519501,0.99637,-6.907879,2.912055,-0.006282449,-0.004599943,-0.168143,0.9857519,18,-5.7,-2.967383,36.76797,19,0.7,-21.05996,165.5032
27.5144,-6.822094,-11.71695,83.72974,-7.237471,2.884164,-0.004741257,0.01543738,0.04028577,-0.07836433,0.9959909,-7.167521,2.902716,-0.005751014,0.004063731,-0.1719903,0.9850903,18,-5.7,-2.598394,34.14248,19,0.7,-20.69097,162.8777
27.54236,-6.579245,-11.92069,85.17937,-7.466036,2.8744,-0.005264101,0.01602971,0.04323584,-0.07891577,0.9958143,-7.406971,2.893078,-0.005155206,0.009572766,-0.1713228,0.9851685,18,-5.7,-2.228947,31.51373,19,0.7,-20.32153,160.2489
27.56998,-6.188248,-13.15496,93.96168,-7.673591,2.864198,-0.006389447,0.01624442,0.04631242,-0.07987003,0.9955964,-7.624713,2.882643,-0.005088449,0.01506736,-0.1682212,0.9856341,18,-5.7,-1.863855,28.91596,19,0.7,-19.95643,157.6512
27.59824,-6.350862,-13.15495,93.96165,-7.856531,2.853485,-0.008052958,0.01510075,0.0494962,-0.08024583,0.9954309,-7.787327,2.882643,-0.005088449,0.01506736,-0.1682212,0.9856341,18,-5.7,-1.489908,26.25519,19,0.7,-19.58249,154.9904
27.6257,-4.677273,-18.90522,134.8769,-8.014025,2.8439,-0.009805905,0.01460565,0.05355509,-0.08310542,0.9949934,-7.957457,2.871046,-0.006054759,0.02400098,-0.159336,0.9869326,18,-5.7,-1.126759,23.67125,19,0.7,-19.21934,152.4064
27.65347,2.82228,-29.90027,213.1107,-8.142636,2.834244,-0.01223735,0.01572973,0.05823836,-0.08466721,0.9945815,-8.098282,2.858968,-0.00726068,0.05058217,-0.1517352,0.9871261,18,-5.7,-0.759701,21.0595,19,0.7,-18.85228,149.7947
27.6814,3.939202,-28.40582,202.4771,-8.245621,2.825627,-0.01478016,0.01525346,0.06302041,-0.08616166,0.994169,-8.212347,2.846992,-0.009147286,0.05920538,-0.1522715,0.9865637,18,-5.7,-0.3905382,18.43277,19,0.7,-18.48311,147.168
27.70926,4.106221,-26.62363,189.7962,-8.323393,2.818647,-0.01709669,0.01174915,0.06727681,-0.08724103,0.9938435,-8.299848,2.835522,-0.01178634,0.06445358,-0.1530499,0.9861144,18,-5.7,-0.02202141,15.81063,19,0.7,-18.1146,144.5458
27.73718,6.150184,-30.06162,214.2587,-8.374829,2.81238,-0.0194201,0.008574426,0.070319,-0.08767854,0.9936268,-8.35976,2.82528,-0.01465333,0.06678376,-0.1513659,0.9862192,18,-5.7,0.3468906,13.18569,19,0.7,-17.74569,141.9209
27.76547,6.125376,-30.0616,214.2586,-8.402727,2.807121,-0.02205839,0.00855663,0.07333308,-0.08922279,0.9932715,-8.384558,2.82528,-0.01465333,0.06678376,-0.1513659,0.9862192,18,-5.7,0.7209467,10.52414,19,0.7,-17.37163,139.2594
27.79276,12.85,-42.41628,303.9489,-8.403053,2.803412,-0.02438545,0.007384282,0.07610789,-0.08875495,0.9931142,-8.394878,2.816652,-0.01747823,0.06896637,-0.1468378,0.9867534,18,-5.7,1.081732,7.957017,19,0.7,-17.01084,136.6922
27.8208,6.52468,-28.40971,202.5049,-8.380433,2.800755,-0.02634313,0.004184805,0.07836145,-0.0874663,0.9930719,-8.380738,2.809539,-0.02040505,0.072547,-0.151949,0.9857223,18,-5.7,1.452471,5.319072,19,0.7,-16.6401,134.0543
27.84836,9.089498,-33.75598,240.5455,-8.330975,2.79901,-0.02838515,0.002945263,0.07920679,-0.08454707,0.9932621,-8.338771,2.80406,-0.02326429,0.0714407,-0.1498643,0.9861222,18,-5.7,1.817026,2.725132,19,0.7,-16.27555,131.4604
27.87628,12.85,-38.43602,276.5539,-8.255423,2.797282,-0.0309171,0.003353007,0.08037409,-0.08317968,0.9932824,-8.269545,2.800433,-0.02583432,0.0753104,-0.1470455,0.9862586,18,-5.7,2.18601,0.09967113,19,0.7,-15.90656,128.8349
27.90411,3.832308,-25.30972,180.4473,-8.154341,2.795955,-0.03355126,0.004543342,0.08100641,-0.08238447,0.9932926,-8.173541,2.797925,-0.02845895,0.06558939,-0.1535555,0.9859608,19,0.7,-15.5385,126.216,20,-5.7,-33.63106,254.9512
27.93253,3.943544,-25.30972,180.4473,-8.0292,2.795236,-0.03620519,0.004834972,0.08088827,-0.08168253,0.9933589,-8.062304,2.797925,-0.02845895,0.06558939,-0.1535555,0.9859608,19,0.7,-15.16296,123.5439,20,-5.7,-33.25552,252.2791
27.95972,3.060331,-23.23643,165.695,-7.877527,2.796573,-0.0383359,0.004201881,0.08093675,-0.08070704,0.9934374,-7.917047,2.796067,-0.03129017,0.06529598,-0.1548473,0.9857783,19,0.7,-14.80339,120.9854,20,-5.7,-32.89595,249.7206
27.98764,3.028944,-22.38314,159.6236,-7.700929,2.799827,-0.03952546,-2.593175E-05,0.08158672,-0.07808471,0.9936028,-7.74569,2.794933,-0.03430569,0.06651432,-0.1554301,0.9856051,19,0.7,-14.43406,118.3575,20,-5.7,-32.52662,247.0927
28.01553,4.314121,-23.13197,164.9517,-7.501589,2.804935,-0.0397758,-0.001613233,0.08099008,-0.0746353,0.9939153,-7.550307,2.795472,-0.03708446,0.07086013,-0.1548512,0.9853933,19,0.7,-14.06524,115.7332,20,-5.7,-32.1578,244.4684
28.04327,9.821075,-32.57903,232.1711,-7.274739,2.813827,-0.03876692,-9.291247E-05,0.07895002,-0.07086477,0.9943566,-7.326435,2.798483,-0.03889382,0.07280871,-0.1502137,0.9859689,19,0.7,-13.69865,113.1248,20,-5.7,-31.79121,241.86
28.07132,10.17663,-32.10232,228.7791,-7.028481,2.823618,-0.03726373,0.001227923,0.07730207,-0.06801017,0.9946847,-7.081169,2.805149,-0.03910029,0.07435243,-0.1503932,0.9858264,19,0.7,-13.32784,110.4863,20,-5.7,-31.4204,239.2215
28.09967,10.41023,-32.10236,228.7794,-6.765698,2.835586,-0.03575821,0.004736315,0.07577127,-0.06698444,0.9948615,-6.847585,2.805149,-0.03910029,0.07435243,-0.1503932,0.9858264,19,0.7,-12.9528,107.8178,20,-5.7,-31.04535,236.5529
28.12686,8.270642,-29.52725,210.4565,-6.486765,2.848161,-0.03469201,0.01076182,0.07287717,-0.06413826,0.9952183,-6.569691,2.814734,-0.03826499,0.06951581,-0.1514979,0.9860101,19,0.7,-12.59348,105.2611,20,-5.7,-30.68603,233.9962
28.15466,3.839757,-21.10663,150.5407,-6.193163,2.862338,-0.03354865,0.01654,0.07056762,-0.06262209,0.995402,-6.275546,2.827072,-0.03678083,0.06619836,-0.1566312,0.9854361,19,0.7,-12.22583,102.6451,20,-5.7,-30.31838,231.3803
28.18262,0.3427525,-14.19911,101.3911,-5.882891,2.876346,-0.03245202,0.01805209,0.06819662,-0.05817051,0.995811,-5.963765,2.841511,-0.03508651,0.061204,-0.1653772,0.9843295,19,0.7,-11.85631,100.0159,20,-5.7,-29.94887,228.751
28.21048,2.761824,-17.82915,127.2202,-5.566678,2.89081,-0.03162456,0.01692203,0.06574419,-0.0549282,0.9961799,-5.64412,2.857522,-0.03341746,0.06506255,-0.1601162,0.9849516,19,0.7,-11.48796,97.39488,20,-5.7,-29.58051,226.1301
28.23825,2.606716,-17.62328,125.7554,-5.241823,2.904484,-0.03068341,0.01394655,0.06197965,-0.05249433,0.9965985,-5.314832,2.874454,-0.03240204,0.06203593,-0.1605237,0.9850806,19,0.7,-11.12062,94.78114,20,-5.7,-29.21317,223.5163
28.26682,2.902519,-17.62327,125.7553,-4.909039,2.916699,-0.03008605,0.01448182,0.05630049,-0.04746587,0.9971799,-5.019024,2.874454,-0.03240204,0.06203593,-0.1605237,0.9850806,19,0.7,-10.74288,92.09339,20,-5.7,-28.83544,220.8286
28.29398,3.894977,-20.16639,143.8506,-4.568961,2.926973,-0.02980186,0.01811666,0.05097339,-0.04282028,0.9976171,-4.674605,2.891405,-0.03140008,0.05870798,-0.157963,0.9856982,19,0.7,-10.38385,89.53876,20,-5.7,-28.47641,218.2739
28.32181,4.578247,-23.40572,166.8996,-4.220929,2.936525,-0.0299517,0.02209755,0.04637167,-0.03774036,0.9979665,-4.321627,2.907277,-0.03035247,0.05259186,-0.1554909,0.9864364,19,0.7,-10.01611,86.92218,20,-5.7,-28.10867,215.6573
28.34973,4.396373,-20.55189,146.5936,-3.869499,2.944847,-0.03067479,0.02491999,0.04347343,-0.03506702,0.998128,-3.964501,2.921023,-0.02980399,0.05621678,-0.157827,0.9858652,19,0.7,-9.646976,84.29562,20,-5.7,-27.73953,213.0308
28.37781,2.358658,-16.41353,117.1476,-3.515865,2.951458,-0.03181114,0.02662286,0.04073265,-0.03207657,0.9983002,-3.604403,2.932867,-0.02993929,0.05014623,-0.1626931,0.9854016,19,0.7,-9.275451,81.65208,20,-5.7,-27.36801,210.3873
28.40546,1.849937,-15.45377,110.3186,-3.161367,2.957174,-0.03271905,0.02461549,0.03741061,-0.02844383,0.9985918,-3.242728,2.942841,-0.03070164,0.04547506,-0.164273,0.9853662,19,0.7,-8.910159,79.05289,20,-5.7,-27.00271,207.7881
28.43375,2.165251,-15.45378,110.3186,-2.80664,2.961331,-0.03340854,0.02020849,0.03484026,-0.02640704,0.9988396,-2.927415,2.942841,-0.03070164,0.04547506,-0.164273,0.9853662,19,0.7,-8.536193,76.39199,20,-5.7,-26.62875,205.1272
28.46115,2.588184,-15.81829,112.9122,-2.451231,2.963703,-0.03386387,0.01677725,0.03220839,-0.02369205,0.9990596,-2.564469,2.951126,-0.03178012,0.04495859,-0.1637694,0.9854737,19,0.7,-8.173795,73.81339,20,-5.7,-26.26635,202.5486
28.48886,3.640257,-20.36356,145.2535,-2.100915,2.963809,-0.03386417,0.01484843,0.03056467,-0.02231418,0.9991733,-2.205898,2.957308,-0.0328058,0.03969895,-0.1583629,0.9865826,19,0.7,-7.807331,71.20586,20,-5.7,-25.89989,199.941
28.51682,5.899219,-26.84978,191.4053,-1.751721,2.962725,-0.03382814,0.01398821,0.02688771,-0.01800146,0.9993785,-1.84832,2.961154,-0.03352034,0.03995617,-0.1537431,0.9873027,19,0.7,-7.437717,68.57593,20,-5.7,-25.53027,197.3111
28.54456,4.803651,-24.58075,175.2603,-1.405751,2.960623,-0.03370675,0.01422957,0.02437484,-0.01470701,0.9994935,-1.493894,2.962366,-0.0339607,0.03546779,-0.155123,0.9872583,19,0.7,-7.070814,65.96527,20,-5.7,-25.16337,194.7004
28.57239,3.533805,-21.68201,154.6348,-1.061308,2.958437,-0.03272403,0.01315356,0.02300289,-0.0117964,0.9995793,-1.141221,2.961365,-0.03412807,0.02983622,-0.1572752,0.9871041,19,0.7,-6.703109,63.34892,20,-5.7,-24.79566,192.0841
28.60068,3.835216,-21.68201,154.6348,-0.7222201,2.955797,-0.03144191,0.009274697,0.02157384,-0.009147506,0.9996824,-0.8398089,2.961365,-0.03412807,0.02983622,-0.1572752,0.9871041,19,0.7,-6.329115,60.68781,20,-5.7,-24.42167,189.423
28.62817,2.41892,-14.97693,106.9256,-0.3902282,2.950968,-0.03101336,0.008870395,0.01974744,-0.006728278,0.999743,-0.4986543,2.959325,-0.03348267,0.02689211,-0.1653236,0.9858727,19,0.7,-5.965479,58.10041,20,-5.7,-24.05803,186.8356
28.65607,2.765532,-15.14892,108.1495,-0.06621875,2.947681,-0.03020536,0.01185372,0.01783487,-0.005262775,0.9997569,-0.1651101,2.956415,-0.03234696,0.02670883,-0.1650057,0.9859309,19,0.7,-5.596786,55.47702,20,-5.7,-23.68934,184.2122
28.68381,2.435086,-15.48939,110.572,0.2477666,2.943762,-0.02896434,0.00966842,0.01652285,-0.006417712,0.9997962,0.1586802,2.952332,-0.03139448,0.02029723,-0.164433,0.9861794,19,0.7,-5.229964,52.86695,20,-5.7,-23.32252,181.6021
28.71167,2.520247,-15.63252,111.5904,0.5480573,2.939754,-0.02791538,0.006370234,0.01367566,-0.006695717,0.9998638,0.4690941,2.947761,-0.03034592,0.01812368,-0.1641727,0.9862651,19,0.7,-4.861282,50.24364,20,-5.7,-22.95384,178.9788
28.73965,1.980663,-16.25593,116.0262,0.8365688,2.93396,-0.02753422,0.004720145,0.01088783,-0.005803209,0.9999127,0.7674364,2.943079,-0.02910161,0.01031313,-0.1632029,0.9865386,19,0.7,-4.491498,47.61249,20,-5.7,-22.58405,176.3477
28.76746,2.224732,-16.25593,116.0262,1.111146,2.928901,-0.02738107,0.007240332,0.008356869,-0.004335485,0.9999295,1.011505,2.943079,-0.02910161,0.01031313,-0.1632029,0.9865386,19,0.7,-4.123726,44.99566,20,-5.7,-22.21628,173.7308
28.79514,2.141614,-16.32574,116.5229,1.372932,2.922373,-0.02781139,0.006767507,0.004918009,-0.0006551794,0.9999648,1.284293,2.93761,-0.02808344,0.007257106,-0.1630618,0.9865892,19,0.7,-3.758046,42.39371,20,-5.7,-21.8506,171.1289
28.82303,1.423934,-11.86182,84.76048,1.614179,2.916349,-0.02839247,0.006739031,0.001384497,0.00185702,0.9999746,1.536912,2.931224,-0.02763534,-0.001312647,-0.1718743,0.9851181,19,0.7,-3.389102,39.76854,20,-5.7,-21.48166,168.5037
28.85126,1.427615,-9.885449,70.69786,1.841268,2.908588,-0.02948483,0.005078009,-0.002303958,0.005893718,0.9999671,1.774405,2.924442,-0.02765834,-0.00482478,-0.1782195,0.983979,19,0.7,-3.01587,37.11285,20,-5.7,-21.10843,165.848
28.87869,1.250568,-10.07716,72.06194,2.04779,2.901513,-0.0306593,0.001837443,-0.005148858,0.006489862,0.999964,1.991139,2.916873,-0.02825284,-0.01010941,-0.1773792,0.9840906,19,0.7,-2.653197,34.5323,20,-5.7,-20.74575,163.2675
28.90656,0.9480323,-10.55681,75.47488,2.235301,2.893843,-0.03173972,-0.0009614774,-0.00727874,0.005748955,0.9999565,2.188226,2.908467,-0.02911735,-0.01616829,-0.1755456,0.9843385,19,0.7,-2.28466,31.91002,20,-5.7,-20.37721,160.6452
28.93445,1.095235,-10.55682,75.47488,2.400904,2.88585,-0.03342853,-0.002376478,-0.00873363,0.00442092,0.9999493,2.335428,2.908467,-0.02911735,-0.01616829,-0.1755456,0.9843385,19,0.7,-1.916026,29.28705,20,-5.7,-20.00858,158.0222
28.96219,0.6527405,-12.244,87.47987,2.542945,2.878803,-0.03491682,-0.003374823,-0.01101416,0.00494091,0.9999214,2.489252,2.899642,-0.0304513,-0.02067447,-0.170479,0.9851444,19,0.7,-1.549051,26.67589,20,-5.7,-19.64161,155.4111
28.99008,0.8805907,-9.775028,69.91217,2.662666,2.872032,-0.03613906,-0.005774871,-0.0115017,0.003924916,0.9999096,2.620012,2.890507,-0.03221309,-0.02446335,-0.178129,0.983703,19,0.7,-1.180492,24.05346,20,-5.7,-19.27305,152.7886
29.01794,0.35037,-10.86423,77.66229,2.758065,2.866262,-0.03732007,-0.007035208,-0.01187742,0.003575173,0.9998984,2.725615,2.881577,-0.03402245,-0.03008977,-0.1741328,0.9842623,19,0.7,-0.8121514,21.43258,20,-5.7,-18.90471,150.1678
29.04578,-0.673997,-15.17058,108.3035,2.828327,2.860903,-0.03838578,-0.006971287,-0.01202464,0.003236832,0.9998982,2.805275,2.873239,-0.03571939,-0.03166237,-0.1642039,0.9859181,19,0.7,-0.444169,18.81425,20,-5.7,-18.53672,147.5494
29.07376,-2.394198,-18.64259,133.0081,2.873233,2.856914,-0.03946469,-0.007291034,-0.01138854,0.003130085,0.9999037,2.858554,2.865969,-0.03714633,-0.03894535,-0.1594703,0.9864343,19,0.7,-0.07408553,16.18097,20,-5.7,-18.16664,144.9161
29.10175,-2.375857,-18.6426,133.0082,2.89387,2.8532,-0.04068343,-0.006170449,-0.01060372,0.004268341,0.9999156,2.876898,2.865969,-0.03714633,-0.03894535,-0.1594703,0.9864343,19,0.7,0.2960068,13.54762,20,-5.7,-17.79655,142.2828
29.1293,NaN,NaN,NaN,2.887477,2.851129,-0.04157113,-0.004604902,-0.00941661,0.004273962,0.999936,2.880592,2.859899,-0.03844321,-0.05026937,-0.1429483,0.9884527,19,0.7,0.6603024,10.95553,20,-5.7,-17.43225,139.6907
29.15729,NaN,NaN,NaN,2.855321,2.849897,-0.04249906,-0.004131584,-0.009402722,0.006486123,0.9999263,2.857423,2.854905,-0.03973746,-0.05356906,-0.1439628,0.9881321,19,0.7,1.030444,8.321829,20,-5.7,-17.06211,137.057
29.185,-8.812622,-29.66805,211.4582,2.799015,2.849741,-0.04375623,-0.00311225,-0.01077688,0.009784697,0.9998892,2.808732,2.851347,-0.04094446,-0.05422936,-0.1517471,0.9869306,19,0.7,1.396519,5.717075,20,-5.7,-16.69604,134.4522
29.21286,-6.455441,-22.82278,162.7517,2.721784,2.850203,-0.04501542,-0.003052602,-0.01287496,0.01266011,0.9998323,2.737392,2.849383,-0.04218137,-0.05569325,-0.1555305,0.9862599,19,0.7,1.764991,3.095256,20,-5.7,-16.32756,131.8304
29.24063,-7.379307,-22.67094,161.6713,2.622273,2.851501,-0.0461066,-0.003804031,-0.01510638,0.01196843,0.9998071,2.642313,2.848817,-0.04355764,-0.06109903,-0.1555869,0.9859309,19,0.7,2.1322,0.4824319,20,-5.7,-15.96035,129.2176
29.26859,-7.483685,-22.67092,161.6712,2.504841,2.854398,-0.04679269,-0.00600844,-0.01745522,0.009578987,0.9997838,2.537929,2.848817,-0.04355764,-0.06109903,-0.1555869,0.9859309,20,-5.7,-15.59061,126.5867,21,0.7,-33.68299,255.3206
29.29654,-12.85,-34.44011,245.8946,2.369039,2.858119,-0.04701008,-0.008069796,-0.01945189,0.007410452,0.9997509,2.406996,2.849424,-0.04509127,-0.06121948,-0.1496261,0.9868456,20,-5.7,-15.22139,123.9596,21,0.7,-33.31377,252.6935
29.32416,-20.20421,-49.61404,353.3815,2.213707,2.863724,-0.04684377,-0.007703838,-0.02002543,0.002296502,0.9997672,2.255439,2.85151,-0.04618704,-0.06273543,-0.1465494,0.987212,20,-5.7,-14.85597,121.3595,21,0.7,-32.94835,250.0934
29.35211,-12.85,-31.07488,222.7115,2.038873,2.870711,-0.04656076,-0.005187276,-0.01821265,-0.003776912,0.9998136,2.083493,2.855283,-0.04674125,-0.06612956,-0.1502519,0.9864336,20,-5.7,-14.48633,118.7294,21,0.7,-32.57871,247.4632
29.38013,-11.39987,-27.44956,195.6729,1.847834,2.879146,-0.04617796,-0.003258539,-0.01722849,-0.00511671,0.9998333,1.894142,2.861077,-0.04675996,-0.06697286,-0.1526996,0.9860007,20,-5.7,-14.11617,116.0956,21,0.7,-32.20855,244.8294
29.40762,-7.706679,-21.01649,149.8993,1.635155,2.888737,-0.04578354,-0.001684492,-0.01709571,-0.005311692,0.9998384,1.682638,2.868988,-0.04644406,-0.06172052,-0.1570109,0.9856663,20,-5.7,-13.75235,113.5068,21,0.7,-31.84473,242.2407
29.43552,-7.911208,-21.01648,149.8992,1.405053,2.899267,-0.04525516,-0.00153418,-0.01748973,-0.007572069,0.9998173,1.478102,2.868988,-0.04644406,-0.06172052,-0.1570109,0.9856663,20,-5.7,-13.38353,110.8825,21,0.7,-31.4759,239.6163
29.46344,-6.671118,-17.92412,127.896,1.161024,2.909238,-0.04498785,-0.001917369,-0.01919559,-0.0099576,0.9997644,1.235602,2.878844,-0.04608238,-0.06088498,-0.1601914,0.9852064,20,-5.7,-13.01472,108.2583,21,0.7,-31.1071,236.9922
29.49115,-7.472633,-18.8649,134.59,0.9055841,2.919052,-0.04472286,-0.001231008,-0.02082992,-0.01425841,0.9996806,0.9800201,2.89031,-0.0455972,-0.06185912,-0.1592114,0.9853047,20,-5.7,-12.64815,105.65,21,0.7,-30.74052,234.3839
29.51904,-7.142114,-18.40956,131.35,0.6420896,2.929259,-0.04410779,-0.0004973421,-0.02084482,-0.01879699,0.9996059,0.7146884,2.902432,-0.04517424,-0.05892127,-0.1598271,0.985385,20,-5.7,-12.27925,103.0252,21,0.7,-30.37163,231.759
29.54694,-7.524068,-17.60883,125.6525,0.3706563,2.937567,-0.04351094,-0.0001950208,-0.01969958,-0.0213677,0.9995776,0.4401906,2.914523,-0.04474401,-0.06241066,-0.1608281,0.9850072,20,-5.7,-11.91039,100.4006,21,0.7,-30.00277,229.1345
29.57465,-7.366435,-16.33213,116.5684,0.09239958,2.945575,-0.042417,0.001455038,-0.01818252,-0.02249905,0.9995805,0.1580431,2.926136,-0.04415393,-0.0635345,-0.1626112,0.9846426,20,-5.7,-11.54431,97.79579,21,0.7,-29.63669,226.5296
29.60248,-7.616405,-16.33218,116.5687,-0.1887933,2.952669,-0.04093571,0.003373406,-0.01557285,-0.02386965,0.9995881,-0.09190616,2.926136,-0.04415393,-0.0635345,-0.1626112,0.9846426,20,-5.7,-11.17629,95.17724,21,0.7,-29.26867,223.9111
29.63043,-6.086989,-12.53099,89.52186,-0.4734769,2.959179,-0.03936486,0.003223712,-0.01186034,-0.02642671,0.9995753,-0.3809774,2.93667,-0.04327655,-0.06265529,-0.1698439,0.9834772,20,-5.7,-10.8066,92.54674,21,0.7,-28.89898,221.2806
29.65808,-6.500145,-11.67017,83.3968,-0.7652274,2.964111,-0.03769894,0.001589596,-0.008331061,-0.02737761,0.9995893,-0.6769408,2.946152,-0.04212856,-0.06858138,-0.1721402,0.9826822,20,-5.7,-10.441,89.94534,21,0.7,-28.53338,218.6792
29.686,-6.543231,-11.62585,83.08147,-1.059546,2.968134,-0.03557435,0.003338202,-0.00549236,-0.02842481,0.9995753,-0.976354,2.954427,-0.04029381,-0.06582235,-0.1723962,0.982826,20,-5.7,-10.07182,87.3185,21,0.7,-28.1642,216.0524
29.71387,-6.274229,-11.61145,82.97902,-1.354616,2.969789,-0.03388392,0.002787601,-0.001325995,-0.03145695,0.9995004,-1.277119,2.961031,-0.03820968,-0.05918323,-0.1725892,0.9832143,20,-5.7,-9.703448,84.6974,21,0.7,-27.79583,213.4313
29.7417,-5.890944,-11.3875,81.3855,-1.655226,2.970595,-0.03245567,0.002991664,0.002925992,-0.03550471,0.9993608,-1.583338,2.965862,-0.03612208,-0.05203097,-0.1733723,0.983481,20,-5.7,-9.335459,82.07903,21,0.7,-27.42784,210.8129
29.76947,-5.500823,-10.51756,75.19555,-1.9526,2.969526,-0.03102834,0.004070699,0.005413383,-0.03627101,0.9993191,-1.887083,2.968539,-0.03411484,-0.04722959,-0.1762559,0.9832107,20,-5.7,-8.968496,79.46795,21,0.7,-27.06088,208.2018
29.79761,-5.767673,-10.51756,75.19561,-2.252803,2.968602,-0.02953846,0.005485313,0.008953422,-0.03973852,0.999155,-2.153931,2.968539,-0.03411484,-0.04722959,-0.1762559,0.9832107,20,-5.7,-8.596166,76.81868,21,0.7,-26.68855,205.5525
29.82513,-5.935386,-10.82848,77.40788,-2.549796,2.965498,-0.02838985,0.006272767,0.01198339,-0.04195903,0.9990278,-2.457619,2.969064,-0.03215122,-0.04416971,-0.1752371,0.983535,20,-5.7,-8.232466,74.23082,21,0.7,-26.32484,202.9647
29.8533,-6.24227,-10.45467,74.74809,-2.849066,2.963206,-0.02739167,0.007458908,0.01617041,-0.04728588,0.9987227,-2.763443,2.968031,-0.03040695,-0.04574198,-0.1764908,0.9832389,20,-5.7,-7.86005,71.58095,21,0.7,-25.95243,200.3148
29.88083,-6.144854,-10.80185,77.2184,-3.143932,2.960457,-0.02586642,0.006153167,0.0198049,-0.04858968,0.9986036,-3.065366,2.965676,-0.02906978,-0.03921656,-0.1753263,0.983729,20,-5.7,-7.495956,68.99029,21,0.7,-25.58834,197.7241
29.90866,-6.8689,-12.03705,86.00729,-3.436311,2.958508,-0.02408879,0.004555812,0.02107003,-0.04893266,0.9985695,-3.364838,2.962663,-0.0275501,-0.04009089,-0.1716157,0.9843479,20,-5.7,-7.128056,66.37254,21,0.7,-25.22043,195.1064
29.93671,-6.80102,-12.55246,89.67458,-3.72431,2.954395,-0.02315689,0.005935287,0.02172586,-0.04973558,0.9985085,-3.66009,2.95967,-0.02574217,-0.03448315,-0.1703022,0.9847884,20,-5.7,-6.757379,63.73503,21,0.7,-24.84976,192.4689
29.9646,-7.05306,-12.55246,89.67458,-4.007854,2.94982,-0.0228584,0.008271216,0.02303365,-0.05190565,0.9983521,-3.912129,2.95967,-0.02574217,-0.03448315,-0.1703022,0.9847884,20,-5.7,-6.388275,61.10873,21,0.7,-24.48065,189.8426
29.99225,-7.004381,-12.42122,88.74079,-4.284807,2.945288,-0.02264305,0.009389486,0.02344057,-0.05380585,0.9982321,-4.197055,2.956146,-0.02420342,-0.0311472,-0.1706116,0.9848459,20,-5.7,-6.023053,58.51003,21,0.7,-24.11543,187.2439
30.02017,-7.12788,-11.45274,81.84969,-4.555408,2.938758,-0.02354356,0.01238408,0.02262625,-0.05429948,0.9981915,-4.475593,2.951551,-0.02332187,-0.03188886,-0.1731852,0.9843729,20,-5.7,-5.653548,55.88087,21,0.7,-23.74592,184.6147
30.04788,-7.209191,-10.82617,77.39143,-4.819282,2.93282,-0.02488884,0.01601477,0.02226961,-0.05685514,0.9980056,-4.747482,2.945869,-0.02290452,-0.0312922,-0.1750646,0.9840595,20,-5.7,-5.287211,53.27425,21,0.7,-23.37959,182.0081
30.07584,-7.12982,-9.679743,69.23421,-5.072524,2.926617,-0.02681625,0.01709249,0.02201059,-0.06020884,0.9977967,-5.008938,2.939079,-0.02348459,-0.03011337,-0.1791687,0.9833574,20,-5.7,-4.917605,50.64437,21,0.7,-23.00998,179.3782
30.1037,-7.154124,-9.865761,70.55774,-5.312318,2.921901,-0.02866257,0.01745569,0.02201411,-0.06374967,0.9975704,-5.257152,2.931811,-0.02513778,-0.02643536,-0.1783416,0.9836134,20,-5.7,-4.549236,48.02329,21,0.7,-22.64161,176.7571
30.13205,-7.355707,-9.865754,70.55769,-5.539102,2.916527,-0.0299836,0.01202607,0.02314785,-0.06681394,0.9974245,-5.458738,2.931811,-0.02513778,-0.02643536,-0.1783416,0.9836134,20,-5.7,-4.174493,45.35685,21,0.7,-22.26687,174.0907
30.1593,-7.486736,-11.19875,80.04243,-5.754396,2.910187,-0.03154352,0.008854704,0.02476075,-0.0694135,0.9972414,-5.683526,2.924983,-0.02719533,-0.02217265,-0.1736686,0.9845545,20,-5.7,-3.814349,42.79429,21,0.7,-21.90673,171.5281
30.18729,-6.782885,-12.59835,90.00113,-5.950826,2.903624,-0.03312583,0.01088055,0.02476585,-0.06902905,0.9972478,-5.889598,2.91854,-0.02906692,-0.009777426,-0.1698397,0.9854231,20,-5.7,-3.444139,40.16011,21,0.7,-21.53652,168.8939
30.21497,-6.76694,-10.9734,78.43899,-6.133337,2.897293,-0.03424486,0.0105209,0.02599734,-0.07209243,0.9970036,-6.081189,2.911584,-0.03089905,-0.008605006,-0.1742335,0.9846668,20,-5.7,-3.078104,37.55564,21,0.7,-21.17048,166.2894
30.24277,-6.624236,-11.0649,79.09004,-6.297688,2.889372,-0.03574045,0.00844191,0.02730611,-0.07605634,0.9966938,-6.254417,2.904232,-0.03263581,-0.004602723,-0.1738596,0.9847597,20,-5.7,-2.710628,34.94091,21,0.7,-20.80301,163.6747
30.27069,-6.260273,-11.84555,84.64468,-6.440768,2.881103,-0.03778052,0.01015573,0.02832261,-0.07797997,0.9965008,-6.405929,2.895998,-0.03428853,0.001694621,-0.1715077,0.9851813,20,-5.7,-2.34158,32.31499,21,0.7,-20.43396,161.0488
30.29953,-6.368571,-11.84555,84.64468,-6.562603,2.873428,-0.03963424,0.01085834,0.03019139,-0.07970057,0.9963024,-6.514226,2.895998,-0.03428853,0.001694621,-0.1715077,0.9851813,20,-5.7,-1.960085,29.60052,21,0.7,-20.05246,158.3343
30.32632,-3.399519,-16.09145,114.8557,-6.662042,2.866032,-0.04133161,0.008564547,0.03189757,-0.08176126,0.9961046,-6.624039,2.886827,-0.03622472,0.02767985,-0.1629129,0.9862521,20,-5.7,-1.606066,27.08155,21,0.7,-19.69844,155.8154
30.35434,0.9249489,-29.21057,208.2032,-6.737497,2.858657,-0.04306688,0.006233785,0.03350183,-0.08268702,0.9959928,-6.709295,2.877324,-0.03840351,0.03620912,-0.1521925,0.9876873,20,-5.7,-1.235742,24.44655,21,0.7,-19.32812,153.1804
30.38214,5.653841,-42.60204,303.4886,-6.787841,2.85243,-0.04457385,0.003845949,0.03456104,-0.08304699,0.9959388,-6.768807,2.868074,-0.04058611,0.04044259,-0.1480304,0.9881555,20,-5.7,-0.8679228,21.82938,21,0.7,-18.9603,150.5632
30.40985,NaN,NaN,NaN,-6.815055,2.84709,-0.04570383,0.00140851,0.03560537,-0.08442019,0.995793,-6.80411,2.8595,-0.04260337,0.04528211,-0.145909,0.9882612,20,-5.7,-0.5015221,19.22231,21,0.7,-18.5939,147.9561
30.43771,11.65917,-53.61157,381.8254,-6.815015,2.842516,-0.04638328,-0.001200788,0.03657418,-0.08556177,0.9956607,-6.811312,2.851911,-0.04434764,0.04779364,-0.1461031,0.9881142,20,-5.7,-0.1331719,16.60136,21,0.7,-18.22555,145.3352
30.46637,NaN,NaN,NaN,-6.791399,2.838789,-0.04680243,-0.003484898,0.03811187,-0.08559701,0.9955946,-6.79032,2.851911,-0.04434764,0.04779364,-0.1461031,0.9881142,20,-5.7,0.2457989,13.90484,21,0.7,-17.84658,142.6387
30.49338,NaN,NaN,NaN,-6.745213,2.835835,-0.04710948,-0.004177045,0.04070747,-0.08688374,0.9953777,-6.752637,2.845597,-0.04563177,0.05023804,-0.1427156,0.9884879,20,-5.7,0.602627,11.36588,21,0.7,-17.48975,140.0997
30.52121,7.835297,-42.93634,305.8672,-6.675959,2.833562,-0.04709579,-0.003634289,0.04240823,-0.08446109,0.9955173,-6.690346,2.840317,-0.04644763,0.04690827,-0.1478285,0.9879,20,-5.7,0.9708236,8.746022,21,0.7,-17.12155,137.4798
30.54913,1.831221,-23.81285,169.7964,-6.586658,2.832154,-0.04665051,-0.00347858,0.04431686,-0.08281668,0.9955729,-6.606383,2.836236,-0.04690075,0.0490193,-0.1548211,0.9867256,20,-5.7,1.33971,6.121263,21,0.7,-16.75267,134.8551
30.57703,0.9688588,-19.64824,140.1637,-6.476685,2.831105,-0.04635958,-0.00448021,0.04573089,-0.08039107,0.9957038,-6.500499,2.833174,-0.04703224,0.0525279,-0.1580995,0.986025,20,-5.7,1.708839,3.494773,21,0.7,-16.38354,132.2286
30.60587,1.939478,-20.57504,146.7582,-6.350461,2.82978,-0.04637073,-0.002126776,0.04683477,-0.07818605,0.9958358,-6.376832,2.831106,-0.0468961,0.05585473,-0.1572025,0.9859856,20,-5.7,2.090072,0.782156,21,0.7,-16.0023,129.516
30.63354,2.07194,-20.57504,146.7582,-6.201441,2.830358,-0.04586679,0.002330057,0.04744536,-0.07541241,0.9960203,-6.24437,2.831106,-0.0468961,0.05585473,-0.1572025,0.9859856,21,0.7,-15.63633,126.9119,22,-5.7,-33.7289,255.6475
30.66077,1.287588,-18.43465,131.5285,-6.036292,2.832242,-0.04489808,0.002106946,0.04903239,-0.07542159,0.9959433,-6.082953,2.829712,-0.04650378,0.05521586,-0.1593004,0.9856848,21,0.7,-15.2767,124.353,22,-5.7,-33.36927,253.0886
30.68832,1.615931,-18.20835,129.9183,-5.847352,2.835737,-0.0439017,0.004327826,0.04696426,-0.0707636,0.9963775,-5.897268,2.829334,-0.04603183,0.05697417,-0.1595332,0.9855471,21,0.7,-14.9123,121.7602,22,-5.7,-33.00487,250.4958
30.71628,0.8591233,-15.54412,110.9613,-5.639138,2.841626,-0.04276893,0.007400132,0.04630926,-0.06971613,0.996464,-5.691366,2.830774,-0.04524219,0.05811932,-0.1630315,0.9849075,21,0.7,-14.54275,119.1307,22,-5.7,-32.63532,247.8663
30.74399,1.429388,-17.35346,123.8355,-5.413305,2.848679,-0.04230136,0.01102208,0.04547256,-0.06981243,0.9964623,-5.466607,2.834449,-0.04413521,0.05485939,-0.1606,0.9854938,21,0.7,-14.17612,116.522,22,-5.7,-32.26869,245.2576
30.77182,0.4507418,-14.60804,104.3007,-5.172356,2.856843,-0.04267648,0.01810041,0.04514611,-0.07090333,0.9962966,-5.225257,2.840617,-0.04302788,0.05357511,-0.1646959,0.9848883,21,0.7,-13.80824,113.9044,22,-5.7,-31.90082,242.64
30.80035,0.6785184,-14.60795,104.3001,-4.916072,2.867136,-0.04326604,0.02312169,0.04477191,-0.06961761,0.9963003,-4.997449,2.840617,-0.04302788,0.05357511,-0.1646959,0.9848883,21,0.7,-13.43087,111.2192,22,-5.7,-31.52344,239.9548
30.82758,-1.054066,-10.19298,72.88586,-4.650069,2.878974,-0.04424227,0.02171751,0.04500559,-0.06754488,0.996464,-4.731,2.84897,-0.04260933,0.04956999,-0.1758229,0.983173,21,0.7,-13.07102,108.6588,22,-5.7,-31.1636,237.3944
30.85553,-1.540629,-8.228275,58.90627,-4.373478,2.890353,-0.04586144,0.01858536,0.04446891,-0.06305368,0.9968458,-4.452727,2.859541,-0.04302192,0.04849163,-0.1846319,0.9816107,21,0.7,-12.70152,106.0297,22,-5.7,-30.79409,234.7652
30.88315,0.7901255,-13.26133,94.71841,-4.090827,2.901665,-0.04765064,0.0168257,0.0439502,-0.05878756,0.9971607,-4.166858,2.872361,-0.04390156,0.05149917,-0.1676164,0.9845063,21,0.7,-12.33639,103.4316,22,-5.7,-30.42896,232.1672
30.91101,1.589127,-15.20946,108.5801,-3.799791,2.912762,-0.04920822,0.01502714,0.04295516,-0.05531084,0.9974316,-3.871883,2.88601,-0.04545236,0.04952946,-0.1641197,0.9851962,21,0.7,-11.96786,100.8094,22,-5.7,-30.06043,229.545
30.93903,2.627027,-17.40804,124.2238,-3.500798,2.922696,-0.0507208,0.01309224,0.04128277,-0.05130465,0.9977435,-3.568309,2.899803,-0.04732323,0.04914133,-0.1610816,0.9857169,21,0.7,-11.59746,98.17387,22,-5.7,-29.69003,226.9095
30.96725,2.892271,-17.40803,124.2237,-3.202396,2.931504,-0.05196077,0.01333094,0.03889328,-0.04812957,0.9979945,-3.303063,2.899803,-0.04732323,0.04914133,-0.1610816,0.9857169,21,0.7,-11.22413,95.51749,22,-5.7,-29.3167,224.2531
30.9946,4.390741,-22.65856,161.5832,-2.90194,2.938641,-0.05307889,0.01413516,0.03611493,-0.04473008,0.998246,-2.997089,2.912836,-0.04922116,0.04510015,-0.1561046,0.9867104,21,0.7,-10.86277,92.94625,22,-5.7,-28.95534,221.6818
31.02252,3.790826,-22.62115,161.3171,-2.601182,2.944748,-0.05402042,0.01498379,0.03373268,-0.04263327,0.9984088,-2.690454,2.92428,-0.05098379,0.03963939,-0.1562355,0.9869242,21,0.7,-10.49353,90.31898,22,-5.7,-28.5861,219.0546
31.05063,3.225802,-23.98385,171.0131,-2.299428,2.949567,-0.05499186,0.01581918,0.03222034,-0.04045296,0.9985366,-2.382489,2.933932,-0.05247653,0.03236898,-0.1553595,0.9873276,21,0.7,-10.12203,87.67564,22,-5.7,-28.2146,216.4112
31.07834,2.346515,-21.69781,154.7471,-1.998565,2.95317,-0.05582442,0.01595482,0.03016714,-0.03628055,0.9987589,-2.075105,2.941795,-0.05388868,0.02819693,-0.1571283,0.9871756,21,0.7,-9.75547,85.06741,22,-5.7,-27.84804,213.803
31.10599,2.505113,-21.2031,151.2271,-1.700955,2.955979,-0.05605663,0.0137452,0.02904705,-0.03390779,0.9989083,-1.770463,2.947861,-0.05495417,0.02789802,-0.1575844,0.9871114,21,0.7,-9.390119,82.4678,22,-5.7,-27.48269,211.2034
31.13406,2.768865,-21.2031,151.2271,-1.404234,2.957137,-0.05623394,0.01101708,0.02680621,-0.02918284,0.9991539,-1.50671,2.947861,-0.05495417,0.02789802,-0.1575844,0.9871114,21,0.7,-9.018856,79.82613,22,-5.7,-27.11143,208.5617
31.16159,2.956397,-23.10932,164.7906,-1.112308,2.956949,-0.0560231,0.01000745,0.02521932,-0.025657,0.9993026,-1.207268,2.952295,-0.05568409,0.02494025,-0.1561085,0.987425,21,0.7,-8.654982,77.23703,22,-5.7,-26.74755,205.9726
31.18948,2.509514,-24.12375,172.0087,-0.8240924,2.95592,-0.05513333,0.007795892,0.02409428,-0.02270372,0.9994215,-0.9114908,2.955031,-0.05605137,0.01963656,-0.1554322,0.9876514,21,0.7,-8.28592,74.61102,22,-5.7,-26.37849,203.3466
31.21738,2.074056,-22.15534,158.0027,-0.5385078,2.95339,-0.05419331,0.005718522,0.02211309,-0.01958515,0.9995474,-0.6186317,2.955874,-0.05594921,0.01682261,-0.1568828,0.987474,21,0.7,-7.91749,71.9895,22,-5.7,-26.01006,200.7251
31.24518,1.906294,-17.0861,121.9331,-0.2558406,2.949788,-0.05290016,0.007182391,0.01959577,-0.01600963,0.9996541,-0.3286332,2.955006,-0.05528069,0.01807552,-0.1620873,0.9866109,21,0.7,-7.549605,69.37186,22,-5.7,-25.64217,198.1075
31.27313,1.603405,-15.72968,112.2817,0.02141174,2.945915,-0.05115826,0.00814786,0.01812288,-0.01329783,0.9997141,-0.04402965,2.952378,-0.05415964,0.01446505,-0.1640351,0.9863485,21,0.7,-7.180246,66.74374,22,-5.7,-25.27282,195.4793
31.30118,1.846205,-15.72968,112.2817,0.2945619,2.941323,-0.04927409,0.008051706,0.01649937,-0.01039785,0.9997774,0.1987705,2.952378,-0.05415964,0.01446505,-0.1640351,0.9863485,21,0.7,-6.809357,64.10473,22,-5.7,-24.90193,192.8403
31.32867,1.348109,-14.91868,106.5111,0.5596983,2.936254,-0.04749427,0.01178055,0.01500207,-0.008171145,0.9997847,0.4720836,2.948504,-0.05248606,0.008107243,-0.1653532,0.9862011,21,0.7,-6.44584,61.51817,22,-5.7,-24.53841,190.2538
31.35663,1.219854,-14.06538,100.4396,0.8158141,2.931848,-0.04550663,0.0151148,0.01520869,-0.007963805,0.9997385,0.7365437,2.943577,-0.05046642,0.004742031,-0.1668846,0.9859651,21,0.7,-6.076385,58.88936,22,-5.7,-24.16895,187.625
31.38446,1.197806,-10.67161,76.29161,1.063081,2.926838,-0.04340435,0.01478842,0.01425269,-0.004763287,0.9997777,0.992069,2.93793,-0.0483495,0.002653163,-0.1755077,0.9844745,21,0.7,-5.708412,56.2711,22,-5.7,-23.80098,185.0067
31.4122,1.596617,-9.470223,67.74328,1.295568,2.921894,-0.04081834,0.01367008,0.01201317,-0.002442387,0.9998314,1.233271,2.932202,-0.04603899,0.00527233,-0.1799658,0.9836588,21,0.7,-5.341516,53.6605,22,-5.7,-23.43409,182.3961
31.44009,3.003478,-9.641399,68.96126,1.516847,2.916633,-0.03826182,0.01136029,0.01064071,-0.001679087,0.9998775,1.462807,2.926181,-0.04340255,0.02196042,-0.1791359,0.9835792,21,0.7,-4.972635,51.03577,22,-5.7,-23.0652,179.7714
31.46796,3.189898,-9.6414,68.96127,1.726569,2.911901,-0.03511366,0.01079504,0.009627253,0.001650579,0.9998941,1.649226,2.926181,-0.04340255,0.02196042,-0.1791359,0.9835792,21,0.7,-4.604251,48.41458,22,-5.7,-22.69682,177.1502
31.49585,3.334394,-10.53096,75.29079,1.925539,2.906924,-0.03163339,0.007316323,0.007593662,0.007802641,0.999914,1.857202,2.920273,-0.040537,0.01930032,-0.1757479,0.984246,21,0.7,-4.235548,45.79112,22,-5.7,-22.32812,174.5267
31.52371,0.7346528,-16.13524,115.1674,2.10725,2.901076,-0.02830758,0.006783073,0.00734061,0.01010001,0.9998991,2.047994,2.914328,-0.03723991,-0.01124664,-0.1631286,0.9865407,21,0.7,-3.86724,43.17048,22,-5.7,-21.95981,171.9061
31.55161,0.3229827,-19.63255,140.0521,2.278521,2.89382,-0.02530716,0.008259992,0.007329971,0.01383643,0.9998433,2.227535,2.90832,-0.03338063,-0.01342177,-0.1588501,0.9872115,21,0.7,-3.498457,40.54646,22,-5.7,-21.59103,169.282
31.57953,-0.1906629,-20.21804,144.2181,2.432769,2.887386,-0.02175761,0.006049931,0.00717315,0.01855564,0.9997838,2.389799,2.901533,-0.02939928,-0.01766093,-0.1582326,0.987244,21,0.7,-3.129219,37.91919,22,-5.7,-21.22179,166.6548
31.60709,0.5663791,-15.19616,108.4855,2.572144,2.879715,-0.01846406,0.0007276153,0.007955015,0.02090693,0.9997495,2.536713,2.893815,-0.02550936,-0.01790786,-0.1644152,0.9862286,21,0.7,-2.764682,35.32537,22,-5.7,-20.85725,164.061
31.63519,0.6726354,-15.19616,108.4855,2.691683,2.870722,-0.01605908,0.001915343,0.00894323,0.02270049,0.9997005,2.642969,2.893815,-0.02550936,-0.01790786,-0.1644152,0.9862286,21,0.7,-2.393149,32.68178,22,-5.7,-20.48572,161.4174
31.66278,0.4863275,-16.86608,120.3677,2.790932,2.862141,-0.01347549,0.004344375,0.008079977,0.02600344,0.9996198,2.751822,2.885505,-0.02154303,-0.01856662,-0.1618721,0.9866371,21,0.7,-2.028254,30.08541,22,-5.7,-20.12082,158.821
31.69067,0.3704339,-15.22351,108.6801,2.871333,2.855211,-0.0103557,0.002454633,0.007567286,0.02689367,0.9996067,2.841152,2.875861,-0.01814938,-0.02241574,-0.1642076,0.9861711,21,0.7,-1.659672,27.46282,22,-5.7,-19.75224,156.1984
31.71857,0.5409588,-14.74093,105.2464,2.931136,2.847723,-0.00757085,0.002281764,0.007503808,0.02719821,0.9995993,2.909288,2.865881,-0.01482308,-0.02218579,-0.1649353,0.9860548,21,0.7,-1.29095,24.83922,22,-5.7,-19.38352,153.5748
31.74643,0.5137053,-13.25401,94.66638,2.968366,2.84146,-0.004716025,0.004117365,0.006974251,0.02788242,0.9995785,2.954245,2.856611,-0.01135135,-0.02540386,-0.1676973,0.9855112,21,0.7,-0.9226385,22.21855,22,-5.7,-19.01521,150.9541
31.77423,0.6614895,-12.40742,88.64259,2.983106,2.835625,-0.001988846,0.003288308,0.006259888,0.02909171,0.9995518,2.975887,2.847934,-0.007950664,-0.02572029,-0.1695354,0.9851884,21,0.7,-0.5548143,19.60135,22,-5.7,-18.64738,148.3369
31.80206,0.6520339,-12.40742,88.64256,2.972467,2.830421,0.0005024557,0.005097929,0.005990149,0.0287103,0.9995569,2.96643,2.847934,-0.007950664,-0.02572029,-0.1695354,0.9851884,21,0.7,-0.1870144,16.98431,22,-5.7,-18.27958,145.7199
31.82996,0.5240299,-12.1488,86.80241,2.937337,2.826964,0.003144898,0.007059367,0.005947798,0.02901751,0.9995363,2.940265,2.840102,-0.004629374,-0.02741836,-0.1700874,0.9850475,21,0.7,0.1817007,14.36077,22,-5.7,-17.91087,143.0964
31.85809,0.5729454,-11.27288,80.56993,2.876451,2.825033,0.005577947,0.007833079,0.004249811,0.03193475,0.9994502,2.887516,2.833364,-0.001379371,-0.02828526,-0.1723857,0.9846234,21,0.7,0.5537364,11.7136,22,-5.7,-17.53883,140.4492
31.88556,1.60969,-6.005433,43.09001,2.795763,2.822789,0.007298026,0.01060916,0.001251459,0.03575205,0.9993036,2.813264,2.828186,0.001761556,-0.0273534,-0.20076,0.9792585,21,0.7,0.916922,9.129398,22,-5.7,-17.17565,137.865
31.91348,1.483801,-5.637308,40.47066,2.691047,2.822274,0.008944305,0.01310171,-0.001422167,0.03781891,0.9991977,2.71398,2.824561,0.004687905,-0.02974357,-0.2045929,0.9783951,21,0.7,1.286244,6.501537,22,-5.7,-16.80633,135.2371
31.94122,-0.6850108,-9.420647,67.39058,2.563278,2.823032,0.0104277,0.01157988,-0.00659585,0.04011836,0.999106,2.590283,2.822213,0.007044673,-0.04776919,-0.1785585,0.982769,21,0.7,1.652847,3.893021,22,-5.7,-16.43972,132.6286
31.96893,-0.8182687,-9.42065,67.3906,2.413364,2.824607,0.01143667,0.01211633,-0.01105881,0.03758312,0.9991589,2.457026,2.822213,0.007044673,-0.04776919,-0.1785585,0.982769,21,0.7,2.019515,1.284043,22,-5.7,-16.07305,130.0196
31.99686,-4.125981,-15.67127,111.8662,2.249628,2.827366,0.01279111,0.01349972,-0.0150879,0.0369815,0.9991109,2.297553,2.821578,0.009016752,-0.05656641,-0.1628503,0.9850279,22,-5.7,-15.70403,127.3939,23,5.7,-34.38735,260.3326
32.0246,-5.464741,-16.20804,115.6855,2.064979,2.833434,0.01556558,0.01062375,-0.01749676,0.03409558,0.9992089,2.115973,2.822484,0.01061916,-0.0645306,-0.1619968,0.984679,22,-5.7,-15.33715,124.7834,23,5.7,-34.02047,257.7221
32.05249,-5.297899,-17.4391,124.4449,1.868923,2.839359,0.01809116,0.01007234,-0.02105132,0.03464489,0.9991272,1.921187,2.825137,0.01227391,-0.05716801,-0.1604727,0.9853833,22,-5.7,-14.96852,122.1605,23,5.7,-33.65184,255.0992
32.08035,-6.385906,-18.50803,132.0509,1.657559,2.846059,0.02026453,0.01520433,-0.02443218,0.03356721,0.9990221,1.710137,2.830427,0.01474941,-0.06042088,-0.1592493,0.9853877,22,-5.7,-14.59992,119.5377,23,5.7,-33.28324,252.4765
32.10818,-7.669683,-18.75823,133.8312,1.435023,2.854522,0.02296658,0.01872689,-0.02726895,0.03123254,0.9989646,1.486649,2.83734,0.0175426,-0.06739834,-0.1589617,0.9849815,22,-5.7,-14.23202,116.92,23,5.7,-32.91534,249.8587
32.13608,-7.882074,-18.75825,133.8313,1.19609,2.863408,0.02555319,0.01947317,-0.029803,0.02697479,0.999002,1.274264,2.83734,0.0175426,-0.06739834,-0.1589617,0.9849815,22,-5.7,-13.86317,114.2955,23,5.7,-32.54649,247.2342
32.16382,-5.664218,-14.79605,105.6387,0.9466493,2.873053,0.02742391,0.02200389,-0.03200778,0.02303122,0.99898,1.024572,2.845662,0.02045357,-0.06234299,-0.1644299,0.9844167,22,-5.7,-13.49661,111.6873,23,5.7,-32.17994,244.626
32.19168,-8.745828,-18.76906,133.9082,0.6905898,2.88259,0.02828511,0.02744837,-0.03299141,0.02115158,0.9988547,0.7668334,2.85545,0.02347219,-0.06997016,-0.1590586,0.9847865,22,-5.7,-13.12811,109.0652,23,5.7,-31.81143,242.004
32.21973,-11.32355,-28.89445,205.9541,0.4247241,2.892589,0.02852975,0.03217447,-0.03197289,0.01788433,0.9988106,0.4985184,2.866431,0.02610934,-0.05664673,-0.1521858,0.9867272,22,-5.7,-12.75743,106.4278,23,5.7,-31.44076,239.3665
32.24722,-7.919158,-20.26874,144.579,0.1504294,2.904726,0.02888579,0.02907949,-0.03036216,0.0131655,0.9990292,0.2211064,2.877856,0.02771044,-0.05551987,-0.1578691,0.985898,22,-5.7,-12.39399,103.8417,23,5.7,-31.07731,236.7804
32.27533,-8.806693,-24.47282,174.4926,-0.1310667,2.91558,0.02839171,0.02456319,-0.02853677,0.008604394,0.9992539,-0.06401218,2.890337,0.02858186,-0.04944587,-0.1547575,0.9867143,22,-5.7,-12.02228,101.1969,23,5.7,-30.7056,234.1356
32.30316,-12.21183,-37.56445,267.6444,-0.4209331,2.925382,0.02774128,0.02089876,-0.02678058,0.004499203,0.9994128,-0.3580823,2.903533,0.0287149,-0.04375408,-0.1493738,0.9878123,22,-5.7,-11.65409,98.57706,23,5.7,-30.33741,231.5158
32.3309,-12.47708,-37.56445,267.6443,-0.7193357,2.934546,0.02719155,0.01835642,-0.0249224,-0.0002678847,0.9995208,-0.623329,2.903533,0.0287149,-0.04375408,-0.1493738,0.9878123,22,-5.7,-11.28766,95.96981,23,5.7,-29.97099,228.9085
32.35867,NaN,NaN,NaN,-1.019447,2.94253,0.02645926,0.01918177,-0.02427837,-0.00187974,0.9995195,-0.9278203,2.916263,0.02826989,-0.04139309,-0.1438413,0.9887347,22,-5.7,-10.9202,93.35516,23,5.7,-29.60352,226.2939
32.38651,-12.88973,-36.66071,265.5251,-1.320633,2.9482,0.02556146,0.02074434,-0.02238387,-0.005418327,0.9995196,-1.234383,2.927935,0.02763152,-0.04337911,-0.1473418,0.9881339,22,-5.7,-10.55253,90.73904,23,5.7,-29.23585,223.6778
32.41437,-8.938176,-23.41313,166.9525,-1.627809,2.9547,0.02512341,0.01758945,-0.02000931,-0.01123103,0.999582,-1.546973,2.9379,0.0268364,-0.04369501,-0.155781,0.9868248,22,-5.7,-10.18402,88.117,23,5.7,-28.86735,221.0557
32.44217,-11.67335,-21.31107,151.9955,-1.933926,2.958295,0.02475104,0.01421448,-0.01787254,-0.01482201,0.9996294,-1.859404,2.94623,0.02592027,-0.06364176,-0.1573045,0.9854974,22,-5.7,-9.816187,85.4997,23,5.7,-28.49951,218.4384
32.47009,-12.85,-24.15388,173.5103,-2.241801,2.959954,0.02458178,0.01390123,-0.01561835,-0.01937966,0.9995936,-2.173675,2.952916,0.02523732,-0.06069052,-0.154091,0.986191,22,-5.7,-9.447052,82.87317,23,5.7,-28.13037,215.8119
32.49863,-12.85,-23.45713,169.051,-2.550529,2.960937,0.02503474,0.01383014,-0.01349542,-0.02289679,0.9995511,-2.4481,2.952916,0.02523732,-0.06069052,-0.154091,0.986191,22,-5.7,-9.069991,80.19024,23,5.7,-27.75331,213.129
32.52576,-11.63204,-21.38268,152.5051,-2.856068,2.960061,0.02514199,0.01261928,-0.01208976,-0.02528056,0.9995277,-2.760528,2.957257,0.02471638,-0.05735935,-0.1573715,0.9858723,22,-5.7,-8.711415,77.63884,23,5.7,-27.39474,210.5776
32.55368,-12.85,-24.76365,176.8045,-3.158566,2.958129,0.02575307,0.01560123,-0.01081276,-0.02728891,0.9994473,-3.070398,2.959351,0.02475095,-0.05457142,-0.1546979,0.9864535,22,-5.7,-8.342092,75.01096,23,5.7,-27.02541,207.9497
32.58154,-11.1724,-20.79487,148.3226,-3.454629,2.958104,0.02790315,0.01471078,-0.009052902,-0.0315081,0.9993542,-3.374357,2.959246,0.02511394,-0.05185208,-0.1579499,0.9860848,22,-5.7,-7.97355,72.38866,23,5.7,-26.65687,205.3274
32.60919,-10.34117,-19.52342,139.2758,-3.744264,2.955965,0.03085648,0.008737318,-0.006872623,-0.03523017,0.9993174,-3.672138,2.958033,0.02607751,-0.04722762,-0.1592054,0.9861152,22,-5.7,-7.608145,69.78867,23,5.7,-26.29147,202.7274
32.63721,-11.27396,-25.28507,180.272,-4.029907,2.951997,0.03296626,0.00769967,-0.003701359,-0.0396728,0.9991763,-3.965574,2.956311,0.02811885,-0.04002636,-0.1546716,0.9871548,22,-5.7,-7.237581,67.15196,23,5.7,-25.9209,200.0907
32.66574,-11.52152,-25.28508,180.2721,-4.308402,2.947102,0.03484093,0.01358225,-0.001801729,-0.04088273,0.99907,-4.213125,2.956311,0.02811885,-0.04002636,-0.1546716,0.9871548,22,-5.7,-6.860322,64.46763,23,5.7,-25.54365,197.4064
32.69278,-12.59511,-32.15374,229.1452,-4.577541,2.94198,0.03765169,0.01559323,-0.0005013645,-0.04287695,0.9989586,-4.490965,2.953552,0.03089333,-0.03494217,-0.1513701,0.9878593,22,-5.7,-6.502919,61.92457,23,5.7,-25.18624,194.8633
32.72073,-9.02072,-18.31062,130.6462,-4.83777,2.93536,0.04049408,0.01253971,0.00155583,-0.04654543,0.9988363,-4.75987,2.948907,0.03364468,-0.03218162,-0.1605704,0.9864996,22,-5.7,-6.133235,59.29413,23,5.7,-24.81656,192.2328
32.74841,-8.710846,-16.91721,120.7316,-5.086081,2.928078,0.04267993,0.01487762,0.004597366,-0.05010441,0.9986226,-5.017052,2.943011,0.0365622,-0.03018448,-0.1622914,0.9862812,22,-5.7,-5.767416,56.6912,23,5.7,-24.45074,189.6299
32.77664,-8.667858,-16.36492,116.8018,-5.319092,2.921632,0.04562334,0.01764752,0.008134067,-0.05247824,0.998433,-5.259163,2.935699,0.03958964,-0.02879066,-0.1630178,0.986203,22,-5.7,-5.393992,54.03415,23,5.7,-24.07732,186.9729
32.8042,-7.487595,-13.44653,96.03641,-5.538381,2.914576,0.04860009,0.01832088,0.0101296,-0.05357456,0.9983444,-5.487143,2.927597,0.04278755,-0.02053836,-0.168111,0.9855541,22,-5.7,-5.029624,51.44154,23,5.7,-23.71295,184.3803
32.83282,-7.668828,-13.44653,96.03643,-5.742266,2.90671,0.05124467,0.02013203,0.01362401,-0.05829897,0.9980032,-5.668374,2.927597,0.04278755,-0.02053836,-0.168111,0.9855541,22,-5.7,-4.651399,48.75032,23,5.7,-23.33472,181.6891
32.86011,-7.105732,-11.93848,85.30608,-5.926589,2.899232,0.05357866,0.02147037,0.01795432,-0.06192451,0.9976883,-5.863147,2.919298,0.04618204,-0.01435621,-0.1716596,0.9850518,22,-5.7,-4.290798,46.18451,23,5.7,-22.97412,179.1232
32.88773,-6.733367,-12.18111,87.03246,-6.1001,2.890731,0.05515975,0.02438871,0.02191851,-0.0663188,0.9972596,-6.045844,2.910339,0.04939699,-0.007787494,-0.1709397,0.9852507,22,-5.7,-3.925622,43.58615,23,5.7,-22.60895,176.5249
32.9158,-6.527501,-11.8352,84.57121,-6.258583,2.881723,0.05634615,0.02785343,0.02354783,-0.06992027,0.9968856,-6.212691,2.901238,0.05234492,-0.003669326,-0.1717643,0.9851313,22,-5.7,-3.554449,40.94511,23,5.7,-22.23777,173.8839
32.94342,-6.591544,-9.988759,71.4331,-6.399191,2.873059,0.05712168,0.02724199,0.02500251,-0.07407816,0.9965668,-6.36134,2.891432,0.05461335,-0.00317382,-0.1775803,0.9841012,22,-5.7,-3.189254,38.34662,23,5.7,-21.87258,171.2854
32.97116,-6.464029,-9.347309,66.86895,-6.524819,2.862965,0.05701336,0.02762083,0.02613229,-0.0777979,0.9962438,-6.494292,2.881099,0.05626202,0.0004455915,-0.1800346,0.9836602,22,-5.7,-2.822287,35.73552,23,5.7,-21.50561,168.6743
32.99982,-6.556434,-9.347312,66.86897,-6.628775,2.85434,0.05729577,0.02825911,0.02721402,-0.0811621,0.9959285,-6.586698,2.881099,0.05626202,0.0004455915,-0.1800346,0.9836602,22,-5.7,-2.443404,33.03962,23,5.7,-21.12673,165.9784
33.02698,-6.054457,-8.695243,62.22926,-6.707569,2.845698,0.0574002,0.02449598,0.02754986,-0.08233018,0.995923,-6.67551,2.870122,0.05720711,0.009820358,-0.1828757,0.983087,22,-5.7,-2.084537,30.48615,23,5.7,-20.76786,163.4249
33.05475,-5.763144,-10.16362,72.67735,-6.765031,2.837037,0.05708639,0.02341142,0.02773038,-0.08466482,0.9957484,-6.742222,2.859128,0.05735576,0.01326938,-0.1764962,0.9842119,22,-5.7,-1.717156,27.8721,23,5.7,-20.40048,160.8108
33.08267,-5.209921,-10.82115,77.3559,-6.796202,2.828714,0.05683751,0.02292032,0.02938962,-0.0877476,0.9954453,-6.782173,2.848521,0.05734873,0.02002523,-0.1741056,0.9845234,22,-5.7,-1.34817,25.24663,23,5.7,-20.03149,158.1854
33.11053,-4.867056,-10.45203,74.72948,-6.804194,2.821057,0.05677741,0.01917069,0.0312328,-0.09094778,0.9951812,-6.797982,2.838075,0.05714309,0.02545034,-0.1751686,0.9842094,22,-5.7,-0.9796572,22.62452,23,5.7,-19.66298,155.5633
33.13831,-5.001603,-8.653682,61.93354,-6.785414,2.813365,0.05646192,0.01725486,0.03285283,-0.09345801,0.9949315,-6.786063,2.82818,0.05692494,0.0283436,-0.1823728,0.9828208,22,-5.7,-0.6123991,20.01135,23,5.7,-19.29572,152.9501
33.16693,-4.961065,-8.653684,61.93356,-6.739808,2.806232,0.05606379,0.018077,0.03619057,-0.09628572,0.9945313,-6.745525,2.82818,0.05692494,0.0283436,-0.1823728,0.9828208,22,-5.7,-0.2341081,17.31967,23,5.7,-18.91743,150.2584
33.19409,-4.416043,-9.43104,67.46474,-6.669338,2.800178,0.05577869,0.0176342,0.04114267,-0.09863743,0.9941162,-6.683617,2.818847,0.05668569,0.03307934,-0.1787011,0.9833472,22,-5.7,0.125222,14.7629,23,5.7,-18.5581,147.7016
33.22186,-3.900712,-9.612579,68.75645,-6.576222,2.794314,0.05530171,0.01566588,0.04553539,-0.09803456,0.9940174,-6.597472,2.809979,0.05633378,0.0385989,-0.1778047,0.9833085,22,-5.7,0.4922768,12.15117,23,5.7,-18.19105,145.0899
33.24957,-3.090958,-9.863974,70.54522,-6.460239,2.789515,0.05480497,0.01534454,0.04959735,-0.0977429,0.9938567,-6.487066,2.801816,0.05599225,0.04736646,-0.1766533,0.9831328,22,-5.7,0.858703,9.543911,23,5.7,-17.82462,142.4827
33.27747,0.8075129,-13.24155,94.57796,-6.319626,2.786065,0.05463083,0.01356852,0.05260038,-0.09653264,0.9938464,-6.350707,2.794852,0.0554564,0.07445617,-0.1668026,0.9831751,22,-5.7,1.22753,6.919567,23,5.7,-17.4558,139.8583
33.30527,12.85,-30.27137,217.1041,-6.159004,2.782876,0.05422081,0.01120358,0.05439936,-0.09479168,0.9939466,-6.192821,2.789155,0.05497599,0.08641026,-0.1500182,0.9848999,22,-5.7,1.595002,4.304872,23,5.7,-17.08832,137.2436
33.33371,12.85,-29.97995,215.1908,-5.970161,2.78019,0.05349866,0.01246451,0.05471623,-0.09207153,0.9941698,-6.024961,2.789155,0.05497599,0.08641026,-0.1500182,0.9848999,22,-5.7,1.97103,1.629297,23,5.7,-16.7123,134.5681
33.36099,24.72989,-45.79456,326.2045,-5.754066,2.781554,0.05359588,0.0139871,0.05753905,-0.09183799,0.9940118,-5.814044,2.78476,0.05460107,0.09223329,-0.1466946,0.9848725,23,5.7,-16.35169,132.0022,24,-5.7,-35.03278,264.9251
33.38879,29.45629,-54.59293,388.8081,-5.511138,2.785398,0.05465865,0.008359991,0.06112269,-0.08839865,0.994173,-5.575569,2.781392,0.05407178,0.08879536,-0.1454269,0.9853763,23,5.7,-15.98389,129.3852,24,-5.7,-34.66498,262.3081
33.41681,NaN,NaN,NaN,-5.250093,2.790307,0.05552338,0.007064714,0.06302603,-0.08370803,0.9944701,-5.316998,2.78073,0.0538727,0.09369656,-0.1441397,0.9851115,23,5.7,-15.6135,126.7497,24,-5.7,-34.29459,259.6726
33.44443,NaN,NaN,NaN,-4.971283,2.796808,0.05560879,0.01651296,0.06475541,-0.08124186,0.9944515,-5.03846,2.783604,0.05447876,0.09930416,-0.1443975,0.9845243,23,5.7,-15.24828,124.151,24,-5.7,-33.92938,257.074
33.47244,12.85,-26.63237,193.1489,-4.673574,2.806805,0.0560338,0.02390909,0.06633216,-0.07606383,0.9946068,-4.739672,2.789077,0.05557036,0.08969182,-0.1500235,0.9846057,23,5.7,-14.87819,121.5177,24,-5.7,-33.55929,254.4406
33.5007,12.85,-26.16603,190.0883,-4.35992,2.818993,0.0563665,0.02263575,0.06675327,-0.06886501,0.9951328,-4.460868,2.789077,0.05557036,0.08969182,-0.1500235,0.9846057,23,5.7,-14.50447,118.8585,24,-5.7,-33.18557,251.7815
33.52798,7.729589,-18.40813,131.3401,-4.031327,2.831428,0.05631392,0.01985699,0.06740764,-0.06198984,0.9955999,-4.13155,2.797789,0.05598319,0.0888384,-0.1588297,0.983301,23,5.7,-14.14371,116.2916,24,-5.7,-32.82481,249.2145
33.556,8.75379,-21.52008,153.4828,-3.690046,2.843794,0.05581053,0.01933018,0.06633645,-0.05407941,0.9961432,-3.788159,2.809922,0.05623019,0.0804749,-0.1561125,0.9844555,23,5.7,-13.77314,113.6548,24,-5.7,-32.45423,246.5777
33.58377,23.49902,-44.61728,317.8277,-3.337334,2.855259,0.05454923,0.01962192,0.06342191,-0.04796722,0.9966403,-3.432167,2.824056,0.05606294,0.08352821,-0.1471413,0.9855823,23,5.7,-13.40611,111.0433,24,-5.7,-32.08721,243.9662
33.61157,22.87947,-45.43814,327.1845,-2.968132,2.866921,0.05464524,0.0183011,0.06088131,-0.04555279,0.996937,-3.059431,2.838607,0.05515194,0.07820266,-0.1455478,0.9862556,23,5.7,-13.03855,108.428,24,-5.7,-31.71965,241.3509
33.63962,17.5525,-37.51258,267.2753,-2.589643,2.878327,0.05488018,0.01633152,0.05784079,-0.04445031,0.997202,-2.67603,2.85298,0.05478394,0.07464179,-0.148946,0.9860242,23,5.7,-12.66775,105.7896,24,-5.7,-31.34885,238.7125
33.66745,17.89794,-37.51264,267.2756,-2.201054,2.889169,0.05563547,0.01719347,0.0532538,-0.04167309,0.9975629,-2.330617,2.85298,0.05478394,0.07464179,-0.148946,0.9860242,23,5.7,-12.29991,103.1723,24,-5.7,-30.98101,236.0952
33.69528,12.85,-25.84395,187.1844,-1.799692,2.900259,0.05626479,0.01865185,0.04891521,-0.03859942,0.9978825,-1.92489,2.867036,0.05477977,0.0778056,-0.151194,0.9854373,23,5.7,-11.93187,100.5535,24,-5.7,-30.61296,233.4764
33.72293,17.72066,-37.31353,265.8589,-1.392785,2.909977,0.05689859,0.02165527,0.04617512,-0.03577663,0.9980576,-1.512372,2.880588,0.05480945,0.07136214,-0.1491361,0.9862382,23,5.7,-11.56635,97.95271,24,-5.7,-30.24744,230.8756
33.75128,12.85,-29.81757,213.4671,-0.9799106,2.918583,0.05734897,0.02564983,0.04512846,-0.0327036,0.9981162,-1.093006,2.893686,0.05549884,0.0644454,-0.1511934,0.9864012,23,5.7,-11.19145,95.28517,24,-5.7,-29.87255,228.2081
33.7789,12.85,-25.53261,184.0584,-0.558596,2.927679,0.05844847,0.02754456,0.04470187,-0.02795737,0.9982291,-0.6648616,2.90575,0.05649257,0.07239725,-0.1523404,0.9856729,23,5.7,-10.82634,92.68726,24,-5.7,-29.50743,225.6102
33.80646,18.98881,-37.67963,268.4637,-0.1379992,2.934629,0.05942469,0.02575551,0.04520288,-0.02330041,0.9983739,-0.2361541,2.916779,0.05744982,0.07064391,-0.1491753,0.986284,23,5.7,-10.46195,90.09451,24,-5.7,-29.14304,223.0174
33.83429,19.36102,-37.67969,268.4641,0.2807139,2.939805,0.06045552,0.02419051,0.04424015,-0.01769165,0.9985713,0.1360353,2.916779,0.05744982,0.07064391,-0.1491753,0.986284,23,5.7,-10.09375,87.47461,24,-5.7,-28.77484,220.3975
33.86215,18.18733,-34.60469,246.5845,0.6993537,2.944195,0.06245643,0.0198046,0.0418621,-0.01344515,0.9988366,0.5635955,2.926647,0.05841243,0.07049814,-0.1501322,0.9861493,23,5.7,-9.725458,84.8541,24,-5.7,-28.40655,217.777
33.88995,18.72773,-37.60474,267.9308,1.117085,2.946163,0.06435332,0.01637587,0.03815162,-0.009201694,0.9990954,0.9908711,2.934649,0.05970252,0.06532881,-0.1493156,0.9866291,23,5.7,-9.357838,82.23834,24,-5.7,-28.03893,215.1613
33.91772,12.85,-27.69113,199.5501,1.529867,2.944941,0.06493201,0.01857293,0.03406707,-0.005233093,0.9992333,1.413708,2.940679,0.06155884,0.05657319,-0.1515298,0.9868324,23,5.7,-8.990521,79.62475,24,-5.7,-27.67162,212.5477
33.94574,12.85,-29.63538,215.0843,1.942123,2.943969,0.06530873,0.02492085,0.03040365,-0.0004698728,0.9992269,1.835723,2.943941,0.06347752,0.05058135,-0.1496155,0.9874496,23,5.7,-8.620297,76.99047,24,-5.7,-27.30139,209.9134
33.97351,10.16359,-21.94172,156.4828,2.350855,2.943109,0.0654593,0.02568038,0.02883223,0.003023525,0.9992498,2.254224,2.944226,0.06465733,0.04987528,-0.1569271,0.98635,23,5.7,-8.253119,74.37786,24,-5.7,-26.93421,207.3008
34.00128,10.51753,-21.9417,156.4827,2.749044,2.941478,0.06531392,0.02290508,0.02629876,0.008291855,0.9993573,2.60817,2.944226,0.06465733,0.04987528,-0.1569271,0.98635,23,5.7,-7.885806,71.76429,24,-5.7,-26.5669,204.6872
34.02924,8.751316,-17.67056,126.092,3.14088,2.939353,0.06505299,0.01969903,0.02173731,0.01426669,0.9994678,3.011261,2.943224,0.06528556,0.04490365,-0.1612588,0.9858901,23,5.7,-7.516332,69.13535,24,-5.7,-26.19743,202.0583
34.05725,10.13639,-23.73164,169.2188,3.523141,2.937522,0.06481804,0.01527182,0.01860285,0.01654297,0.9995735,3.404958,2.941535,0.06539392,0.03927876,-0.1556415,0.9870324,23,5.7,-7.145871,66.49937,24,-5.7,-25.82697,199.4223
34.08493,12.26959,-36.04711,256.8477,3.896205,2.934404,0.06438753,0.01198377,0.0136627,0.02033045,0.9996282,3.78943,2.939468,0.06519127,0.0326331,-0.1500271,0.9881432,23,5.7,-6.77991,63.89543,24,-5.7,-25.461,196.8184
34.11288,11.60188,-38.94831,277.4908,4.256478,2.931747,0.06391828,0.007551853,0.009978056,0.01923379,0.9997367,4.161068,2.936915,0.06489313,0.02651099,-0.1492337,0.9884465,23,5.7,-6.410529,61.26714,24,-5.7,-25.09162,194.1901
34.14087,10.68721,-34.17762,243.5456,4.605567,2.927176,0.06293453,0.0068582,0.00695178,0.01876896,0.9997762,4.521115,2.933852,0.0644896,0.02502773,-0.1506329,0.9882729,23,5.7,-6.040238,58.63238,24,-5.7,-24.72133,191.5553
34.16855,10.98298,-34.17762,243.5456,4.938312,2.922149,0.0622646,0.006688843,0.004864663,0.01735875,0.9998152,4.816888,2.933852,0.0644896,0.02502773,-0.1506329,0.9882729,23,5.7,-5.674423,56.02948,24,-5.7,-24.35552,188.9524
34.19647,9.359491,-31.13912,221.9256,5.25495,2.91674,0.06200035,0.002075131,0.002285093,0.01961736,0.9998028,5.146364,2.929868,0.06378913,0.01876654,-0.1517536,0.9882402,23,5.7,-5.305458,53.40415,24,-5.7,-23.98655,186.3271
34.22424,7.773945,-26.4789,188.7665,5.554466,2.911063,0.0620003,-0.002180904,-0.0001246333,0.02393178,0.9997113,5.458506,2.92467,0.0629822,0.01212305,-0.1539498,0.9880043,23,5.7,-4.937974,50.78936,24,-5.7,-23.61907,183.7123
34.25211,7.033075,-26.333,187.7283,5.838955,2.903607,0.06213669,-0.003197275,-0.00217557,0.02920149,0.9995661,5.754853,2.918632,0.06235456,0.00672973,-0.1540075,0.9880467,23,5.7,-4.569915,48.17049,24,-5.7,-23.25101,181.0934
34.27991,7.004314,-31.98693,227.958,6.102708,2.895575,0.06262007,-0.003222324,-0.003243148,0.03192762,0.9994798,6.030221,2.911727,0.06211209,0.00422499,-0.1513683,0.9884684,23,5.7,-4.202089,45.55328,24,-5.7,-22.88319,178.4762
34.30762,6.691342,-18.37589,131.1107,6.348585,2.886413,0.0633321,-0.003567661,-0.004772366,0.03472518,0.9993792,6.287015,2.903465,0.06243443,0.003045418,-0.1602781,0.9870672,23,5.7,-3.835892,42.94765,24,-5.7,-22.51699,175.8706
34.33542,6.89323,-18.37588,131.1106,6.575709,2.876472,0.06355971,-0.0002072342,-0.006483376,0.03824436,0.9992474,6.488903,2.903465,0.06243443,0.003045418,-0.1602781,0.9870672,23,5.7,-3.468132,40.3309,24,-5.7,-22.14923,173.2538
34.36316,6.680311,-12.9161,92.26237,6.779807,2.866578,0.06410351,0.001081999,-0.0075185,0.04020951,0.9991624,6.705613,2.893804,0.06296813,-0.0002705105,-0.1690084,0.9856147,23,5.7,-3.101499,37.72217,24,-5.7,-21.78259,170.6451
34.39102,6.565854,-11.65934,83.32006,6.957108,2.856959,0.06473789,-0.001918886,-0.008904667,0.039478,0.999179,6.895492,2.882803,0.06339025,-0.003900255,-0.1720602,0.9850788,23,5.7,-2.733202,35.1016,24,-5.7,-21.4143,168.0245
34.41904,6.121438,-12.77465,91.25591,7.113773,2.84603,0.06503835,-0.001203496,-0.01153186,0.04061648,0.9991076,7.063726,2.871134,0.06397903,-0.01018371,-0.1690903,0.985548,23,5.7,-2.362841,32.46635,24,-5.7,-21.04394,165.3893
34.44669,5.726233,-13.05191,93.22876,7.245879,2.836298,0.06531257,0.0007483754,-0.01356137,0.0428776,0.998988,7.206412,2.859201,0.06489253,-0.01565924,-0.1683281,0.9856066,23,5.7,-1.997084,29.86385,24,-5.7,-20.67818,162.7868
34.47449,5.866408,-10.42715,74.5526,7.351323,2.828294,0.06611842,-0.001324544,-0.01364934,0.04148487,0.9990451,7.321675,2.846918,0.06516004,-0.01923052,-0.175409,0.9843078,23,5.7,-1.629534,27.2486,24,-5.7,-20.31063,160.1715
34.50259,5.934929,-10.42716,74.55264,7.42841,2.819909,0.06618588,-0.002336404,-0.01521835,0.04269993,0.9989693,7.390196,2.846918,0.06516004,-0.01923052,-0.175409,0.9843078,23,5.7,-1.25799,24.60493,24,-5.7,-19.93909,157.5278
34.53021,5.733767,-10.61053,75.8574,7.475113,2.8124,0.06601276,0.001941679,-0.01701194,0.04237429,0.9989551,7.449361,2.83555,0.06559587,-0.02228209,-0.1746371,0.9843807,23,5.7,-0.8928798,22.00703,24,-5.7,-19.57397,154.9299
34.55798,5.435621,-10.64704,76.11722,7.495753,2.807248,0.065832,0.00675418,-0.01868522,0.04371129,0.9988467,7.481219,2.825352,0.06637859,-0.02647614,-0.1743728,0.9843237,23,5.7,-0.5255406,19.39328,24,-5.7,-19.20663,152.3162
34.58597,5.26542,-9.681145,69.24448,7.482926,2.803526,0.06503725,0.006443065,-0.02091527,0.04566985,0.9987168,7.478792,2.816105,0.06669033,-0.03147019,-0.1776884,0.9835835,23,5.7,-0.155639,16.76129,24,-5.7,-18.83673,149.6842
34.61374,5.033048,-8.629859,61.76419,7.440604,2.800433,0.06344266,0.006466979,-0.0237841,0.04485317,0.9986895,7.445448,2.808615,0.06610501,-0.03841661,-0.1821535,0.9825194,23,5.7,0.2116398,14.14797,24,-5.7,-18.46945,147.0709
34.64148,3.978757,-8.87396,63.50107,7.370392,2.798883,0.06138879,0.007932246,-0.02541572,0.04390278,0.998681,7.382529,2.803247,0.06505263,-0.05269688,-0.1807853,0.9821098,23,5.7,0.578214,11.53965,24,-5.7,-18.10288,144.4626
34.66946,-0.7390839,-15.5772,111.197,7.268116,2.799631,0.05956008,0.002112331,-0.026499,0.04282769,0.9987288,7.28635,2.799738,0.06359756,-0.07106679,-0.1627314,0.9841077,23,5.7,0.9482554,8.906673,24,-5.7,-17.73284,141.8296
34.69733,-0.8538176,-15.57719,111.1968,7.139031,2.799912,0.05684071,-0.004671235,-0.02798223,0.04276258,0.9986824,7.171608,2.799738,0.06359756,-0.07106679,-0.1627314,0.9841077,23,5.7,1.316668,6.285285,24,-5.7,-17.36443,139.2082
34.7251,-6.762144,-21.67011,154.5502,6.980359,2.800929,0.05414207,-0.006856982,-0.02967033,0.04355894,0.9985867,7.020602,2.798412,0.06130588,-0.08777664,-0.15583,0.9838762,23,5.7,1.683944,3.671976,24,-5.7,-16.99715,136.5949
34.7529,-13.14347,-29.52681,214.7644,6.79356,2.80434,0.05275263,-0.01061372,-0.0319069,0.04206699,0.9985488,6.839874,2.798531,0.05843019,-0.09164847,-0.1482518,0.9846938,23,5.7,2.05166,1.055541,24,-5.7,-16.62943,133.9785
34.78091,NaN,NaN,NaN,6.579757,2.808444,0.05239508,-0.01395053,-0.03372428,0.03813212,0.9986061,6.630588,2.799789,0.05564833,-0.09036029,-0.1415167,0.9858033,24,-5.7,-16.25929,131.3448,25,0.7,-34.35183,260.0796
34.80853,NaN,NaN,NaN,6.335932,2.814403,0.05196843,-0.01088869,-0.03565407,0.03408019,0.9987236,6.390124,2.802879,0.05380118,-0.08792173,-0.1411252,0.9860799,24,-5.7,-15.89422,128.7471,25,0.7,-33.98675,257.4819
34.83646,-21.90054,-41.94937,298.8444,6.068806,2.821949,0.05206383,-0.006884327,-0.03754267,0.03220715,0.9987522,6.124425,2.808016,0.05259669,-0.09236285,-0.1475085,0.9847387,24,-5.7,-15.5247,126.1179,25,0.7,-33.61723,254.8527
34.86478,-22.16044,-41.94949,298.8452,5.776507,2.831532,0.05298643,-0.006401486,-0.03896719,0.02987319,0.9987733,5.864604,2.808016,0.05259669,-0.09236285,-0.1475085,0.9847387,24,-5.7,-15.15043,123.4548,25,0.7,-33.24296,252.1896
34.89209,-10.19046,-23.25098,165.7984,5.46352,2.841803,0.05421401,-0.007261298,-0.03990427,0.02673442,0.9988195,5.553817,2.815335,0.05217934,-0.09342643,-0.1546774,0.9835377,24,-5.7,-14.78926,120.8849,25,0.7,-32.88179,249.6197
34.91986,-9.105365,-21.29907,151.9101,5.131662,2.852346,0.05526523,-0.006543277,-0.04042885,0.0240957,0.9988704,5.222285,2.824984,0.05261266,-0.09277896,-0.1562158,0.9833559,24,-5.7,-14.42199,118.2717,25,0.7,-32.51453,247.0065
34.94778,-24.29708,-44.27083,315.3625,4.780705,2.863017,0.05636472,-0.004030755,-0.04152155,0.02324963,0.9988589,4.870152,2.836482,0.05369008,-0.09110779,-0.1471461,0.9849098,24,-5.7,-14.05303,115.6464,25,0.7,-32.14557,244.3812
34.97568,-18.49134,-35.17016,250.6077,4.41436,2.874024,0.0578741,-0.002200105,-0.04210997,0.02087425,0.9988925,4.501049,2.84904,0.05503094,-0.09035698,-0.1494103,0.9846382,24,-5.7,-13.68433,113.0229,25,0.7,-31.77686,241.7577
35.00336,-12.85,-27.26884,194.4644,4.037623,2.884581,0.05945146,-0.001816035,-0.0426398,0.01911226,0.9989061,4.119791,2.861958,0.05654907,-0.08594061,-0.1525923,0.9845455,24,-5.7,-13.31832,110.4187,25,0.7,-31.41086,239.1535
35.03183,-12.85,-26.65538,190.5063,3.648931,2.894905,0.06122017,-0.002124056,-0.04124498,0.01355542,0.9990549,3.774287,2.861958,0.05654907,-0.08594061,-0.1525923,0.9845455,24,-5.7,-12.94168,107.7387,25,0.7,-31.03421,236.4735
35.05927,-11.941,-24.08582,171.7387,3.251256,2.904735,0.06318371,-0.00236446,-0.03898818,0.007374767,0.9992098,3.372097,2.874844,0.05843389,-0.08777546,-0.1545399,0.9840797,24,-5.7,-12.57901,105.1582,25,0.7,-30.67155,233.893
35.08691,-11.41306,-24.43126,174.1965,2.843323,2.914002,0.06530574,-0.0008712213,-0.03660426,0.001903311,0.9993277,2.958873,2.887473,0.06032753,-0.08126577,-0.1544731,0.9846492,24,-5.7,-12.21363,102.5584,25,0.7,-30.30617,231.2932
35.11475,-12.23947,-25.70408,183.2532,2.426975,2.922873,0.06754699,0.0009149573,-0.03462985,-0.001109673,0.9993992,2.536483,2.899556,0.06248677,-0.07944133,-0.1537845,0.9849058,24,-5.7,-11.84536,99.93803,25,0.7,-29.9379,228.6728
35.14264,-12.85,-27.20027,195.3463,2.00288,2.931632,0.06995855,0.0008316007,-0.032141,-0.005023723,0.9994704,2.105579,2.910873,0.06477082,-0.07547431,-0.1519579,0.9855011,24,-5.7,-11.47664,97.3144,25,0.7,-29.56917,226.0492
35.17044,-12.85,-27.7246,199.7446,1.577375,2.939471,0.07255623,0.001497685,-0.02892342,-0.008440126,0.999545,1.672071,2.921655,0.0673635,-0.07170096,-0.1513122,0.9858822,24,-5.7,-11.10905,94.69891,25,0.7,-29.20159,223.4337
35.19891,-12.85,-26.92376,194.5266,1.150449,2.945931,0.07510652,0.003104191,-0.02580491,-0.01031715,0.9996089,1.292581,2.921655,0.0673635,-0.07170096,-0.1513122,0.9858822,24,-5.7,-10.73255,92.01998,25,0.7,-28.82509,220.7548
35.22623,-18.63838,-40.53692,288.7944,0.722349,2.951209,0.0773487,0.002845261,-0.02228931,-0.01310588,0.9996617,0.8559391,2.931786,0.07043028,-0.0666181,-0.148546,0.986659,24,-5.7,-10.37146,89.45066,25,0.7,-28.464,218.1855
35.25415,-12.85,-29.98093,216.6165,0.2933879,2.954359,0.07898262,0.003596555,-0.01730233,-0.01787863,0.999684,0.4179965,2.940557,0.07349098,-0.06046496,-0.1500299,0.9868308,24,-5.7,-10.00224,86.82355,25,0.7,-28.09478,215.5584
35.28186,-7.717438,-44.36456,316.0294,-0.1339334,2.956155,0.08030388,0.006180365,-0.0128983,-0.02113433,0.9996743,-0.01884717,2.947489,0.07622027,-0.02409056,-0.1480497,0.9886864,24,-5.7,-9.636099,84.21831,25,0.7,-27.72864,212.9531
35.30975,-4.170782,-33.26496,237.0517,-0.5607493,2.956183,0.08100253,0.007754014,-0.009427965,-0.02368527,0.999645,-0.455202,2.952175,0.07844985,-0.01549749,-0.1510598,0.9884031,24,-5.7,-9.267296,81.59414,25,0.7,-27.35983,210.3289
35.33777,-3.137438,-21.44279,152.9325,-0.9873641,2.955613,0.0816559,0.007014967,-0.005741298,-0.02791582,0.9995692,-0.8912958,2.954573,0.08005512,-0.01450962,-0.1576021,0.9873961,24,-5.7,-8.896812,78.95802,25,0.7,-26.98935,207.6928
35.36603,-3.509526,-21.44279,152.9325,-1.405963,2.953399,0.08216863,0.004504983,-0.003860712,-0.02912401,0.9995582,-1.263384,2.954573,0.08005512,-0.01450962,-0.1576021,0.9873961,24,-5.7,-8.523306,76.30038,25,0.7,-26.61584,205.0352
35.39331,-3.575722,-20.69788,147.6322,-1.820965,2.949489,0.08257762,0.004334169,-0.00131914,-0.03355591,0.9994266,-1.689044,2.955041,0.08118236,-0.01262441,-0.1582699,0.9873152,24,-5.7,-8.16232,73.73183,25,0.7,-26.25486,202.4666
35.4212,-4.562593,-44.34089,315.8612,-2.22616,2.945644,0.08312233,0.003172819,0.002100766,-0.03881446,0.9992392,-2.10554,2.953572,0.08192015,-0.007694859,-0.1481142,0.9889403,24,-5.7,-7.793651,71.10862,25,0.7,-25.88619,199.8434
35.44894,-4.890876,-53.45428,380.7062,-2.623792,2.940198,0.08324655,0.003096977,0.006764352,-0.04285304,0.9990537,-2.514469,2.95016,0.08252001,-0.006175889,-0.1465859,0.9891787,24,-5.7,-7.42707,68.50026,25,0.7,-25.51961,197.235
35.47696,NaN,NaN,NaN,-3.013873,2.93633,0.08374515,0.004790932,0.0100804,-0.04676197,0.9988437,-2.915522,2.945398,0.08300436,-0.0004143064,-0.1460249,0.9892808,24,-5.7,-7.056524,65.86369,25,0.7,-25.14906,194.5985
35.50461,-2.483524,-48.34132,344.3257,-3.385136,2.93165,0.08403431,0.003482997,0.01385343,-0.04866171,0.9987131,-3.298348,2.939908,0.08337438,0.002341167,-0.1473421,0.9890828,24,-5.7,-6.691043,63.26316,25,0.7,-24.78358,191.998
35.53326,-2.807778,-48.34125,344.3252,-3.749919,2.925707,0.08364169,0.003525194,0.01838854,-0.04998445,0.9985745,-3.6226,2.939908,0.08337438,0.002341167,-0.1473421,0.9890828,24,-5.7,-6.312153,60.56722,25,0.7,-24.40469,189.302
35.5603,-2.65317,-29.73824,211.9577,-4.104021,2.919888,0.08303998,0.006038371,0.02404383,-0.05427521,0.9982183,-3.98865,2.934397,0.08371615,0.006229427,-0.1524034,0.9882987,24,-5.7,-5.954722,58.02396,25,0.7,-24.04726,186.7588
35.5882,-1.594816,-27.553,196.4089,-4.442724,2.91358,0.08200009,0.005710626,0.03021032,-0.05793437,0.9978468,-4.339458,2.928245,0.08374441,0.01381325,-0.1534062,0.9880667,24,-5.7,-5.58589,55.39959,25,0.7,-23.67843,184.1344
35.61615,-2.086339,-24.60361,175.4228,-4.770742,2.906524,0.08026299,0.006854409,0.03577557,-0.06036382,0.9975116,-4.67892,2.921444,0.08326864,0.01460562,-0.1550657,0.9877962,24,-5.7,-5.216243,52.76941,25,0.7,-23.30878,181.5042
35.64383,-1.111867,-23.04293,164.318,-5.085846,2.897748,0.07723628,0.01162038,0.04108962,-0.06314967,0.9970901,-5.004857,2.914107,0.08230674,0.02340666,-0.156067,0.9874691,24,-5.7,-4.850103,50.16419,25,0.7,-22.94264,178.899
35.67175,-1.160071,-27.83748,198.4331,-5.382365,2.890446,0.07418156,0.01520613,0.04546744,-0.06684309,0.996611,-5.312238,2.905425,0.08009076,0.02068181,-0.1531294,0.9879897,24,-5.7,-4.480842,47.53676,25,0.7,-22.57338,176.2716
35.69992,-1.4089,-27.8375,198.4333,-5.6623,2.884164,0.07128464,0.01188046,0.04917166,-0.07019158,0.99625,-5.561069,2.905425,0.08009076,0.02068181,-0.1531294,0.9879897,24,-5.7,-4.108605,44.88816,25,0.7,-22.20115,173.623
35.72751,-2.958652,-19.5529,139.4851,-5.925262,2.876597,0.0677277,0.007971302,0.0507887,-0.07191359,0.996085,-5.83637,2.89615,0.0768975,0.02037561,-0.1589499,0.9870764,24,-5.7,-3.743929,42.29336,25,0.7,-21.83647,171.0282
35.75516,-1.49753,-23.7626,169.4387,-6.168614,2.868393,0.06389001,0.007505398,0.05129817,-0.07308097,0.9959776,-6.091537,2.887522,0.07335174,0.02678553,-0.1553845,0.9874908,24,-5.7,-3.378416,39.6926,25,0.7,-21.47096,168.4274
35.78308,-2.23067,-19.37062,138.1882,-6.391042,2.860245,0.06017261,0.006087355,0.05053699,-0.07418662,0.9959445,-6.325327,2.878836,0.06938291,0.02925606,-0.1589709,0.9868497,24,-5.7,-3.00895,37.06371,25,0.7,-21.10149,165.7985
35.81088,-2.253533,-19.32238,137.8448,-6.591562,2.852805,0.05680113,0.003837865,0.05042943,-0.07958211,0.9955446,-6.536962,2.869472,0.06499815,0.03067891,-0.1589431,0.986811,24,-5.7,-2.641477,34.449,25,0.7,-20.73402,163.1838
35.83875,-1.684901,-21.01659,149.8998,-6.765803,2.844913,0.05318611,0.003421389,0.04984924,-0.082399,0.9953461,-6.721965,2.860031,0.06064546,0.03317936,-0.1572763,0.9869971,24,-5.7,-2.273115,31.82797,25,0.7,-20.36566,160.5628
35.8671,-1.820071,-21.01661,149.8999,-6.917874,2.837647,0.05005831,0.001660243,0.05044788,-0.08506949,0.9950957,-6.857139,2.860031,0.06064546,0.03317936,-0.1572763,0.9869971,24,-5.7,-1.898413,29.16182,25,0.7,-19.99096,157.8966
35.8945,-1.728348,-21.79639,155.4484,-7.044931,2.830739,0.04701643,-0.001516238,0.05219781,-0.08755353,0.9947903,-6.996647,2.8506,0.05654466,0.03346599,-0.1565659,0.9871004,24,-5.7,-1.53579,26.58163,25,0.7,-19.62833,155.3164
35.92233,-1.389102,-21.20853,151.2655,-7.148653,2.824258,0.04407237,-0.001255352,0.05301398,-0.08741218,0.9947598,-7.111445,2.841581,0.05243349,0.0373471,-0.1569639,0.9868979,24,-5.7,-1.168173,23.9659,25,0.7,-19.26072,152.7007
35.95029,-0.6504517,-22.54968,160.8083,-7.226412,2.820465,0.04192823,-0.001765974,0.05455145,-0.08770281,0.9946504,-7.199324,2.833075,0.04856765,0.04020599,-0.1558343,0.9869646,24,-5.7,-0.7984786,21.33539,25,0.7,-18.89102,150.0702
35.97803,-0.8401786,-20.72832,147.8487,-7.281384,2.816728,0.04014533,-0.004979361,0.05500603,-0.08598096,0.9947647,-7.263156,2.825597,0.0452342,0.04287524,-0.1572293,0.986631,24,-5.7,-0.4316365,18.72517,25,0.7,-18.52418,147.46
36.0058,0.5613352,-23.04636,164.3425,-7.312634,2.813282,0.03795695,-0.003823012,0.05489743,-0.08477038,0.9948797,-7.302051,2.819932,0.04271293,0.04722492,-0.1553445,0.9867309,24,-5.7,-0.06462088,16.11372,25,0.7,-18.15717,144.8485
36.034,0.5579106,-23.04636,164.3425,-7.316486,2.811657,0.03662188,-0.006557539,0.0551728,-0.08400781,0.9949149,-7.305475,2.819932,0.04271293,0.04722492,-0.1553445,0.9867309,24,-5.7,0.3083533,13.45987,25,0.7,-17.78419,142.1947
36.06158,0.4404359,-23.03161,164.2375,-7.300296,2.810513,0.03592106,-0.01285427,0.05499962,-0.08442353,0.9948279,-7.298228,2.815301,0.04000986,0.04650655,-0.1553305,0.9867673,24,-5.7,0.6729775,10.86543,25,0.7,-17.41957,139.6002
36.08945,2.1147,-25.54313,182.1079,-7.2638,2.808196,0.03494973,-0.01435442,0.05334759,-0.08364932,0.9949627,-7.269051,2.812023,0.03782582,0.05085944,-0.1536834,0.9868104,24,-5.7,1.041384,8.244081,25,0.7,-17.05116,136.9789
36.11725,4.710115,-35.3941,252.2015,-7.203402,2.807162,0.03420917,-0.009216212,0.05214077,-0.08413336,0.9950467,-7.214983,2.809626,0.03629148,0.04670622,-0.14963,0.9876383,24,-5.7,1.408882,5.6292,25,0.7,-16.68366,134.364
36.14502,3.49136,-28.83894,205.5589,-7.118055,2.807511,0.0340802,-0.006531154,0.05235446,-0.08344091,0.9951152,-7.135247,2.807643,0.03517866,0.05103614,-0.1519883,0.9870638,24,-5.7,1.776404,3.014141,25,0.7,-16.31614,131.7489
36.17291,1.383818,-23.04105,164.3047,-7.012806,2.809473,0.03412445,-0.003960993,0.05179688,-0.08168699,0.9953033,-7.034116,2.806636,0.03448915,0.05055686,-0.1552374,0.9865827,24,-5.7,2.145153,0.3903563,25,0.7,-15.94739,129.1252
36.20087,1.500956,-23.04104,164.3046,-6.881021,2.814225,0.03459531,-0.001156025,0.05198047,-0.07818301,0.9955823,-6.916973,2.806636,0.03448915,0.05055686,-0.1552374,0.9865827,25,0.7,-15.5781,126.4976,26,-5.7,-33.67055,255.2323
36.22861,-0.2335496,-16.70868,119.2474,-6.725114,2.821819,0.03604877,-0.001363378,0.05192259,-0.07260807,0.9960072,-6.767238,2.807256,0.03424573,0.05400786,-0.1613199,0.9854233,25,0.7,-15.21109,123.8861,26,-5.7,-33.30354,252.6209
36.2565,1.023782,-18.93724,135.1046,-6.547949,2.831272,0.03735698,0.0004959852,0.0518036,-0.06992569,0.9962062,-6.595058,2.810712,0.03459823,0.05560318,-0.1587191,0.9857568,25,0.7,-14.84231,121.2621,26,-5.7,-32.93476,249.9969
36.28448,0.1571469,-20.48743,146.1348,-6.348261,2.84215,0.03806872,0.005584074,0.05261293,-0.06721242,0.9963349,-6.398753,2.817509,0.03555501,0.04426925,-0.1573685,0.9865472,25,0.7,-14.47244,118.6304,26,-5.7,-32.56489,247.3651
36.31219,-2.697037,-24.28689,173.1693,-6.131413,2.854973,0.03846578,0.01073179,0.05479529,-0.06502675,0.9963202,-6.183506,2.827566,0.03684556,0.01989115,-0.1546944,0.9877621,25,0.7,-14.1061,116.0237,26,-5.7,-32.19854,244.7585
36.34024,-3.353596,-19.15014,136.6195,-5.902144,2.868534,0.03841944,0.01393906,0.05599038,-0.0625829,0.9963706,-5.953861,2.840283,0.03787446,0.01879281,-0.1589305,0.9871109,25,0.7,-13.73528,113.3852,26,-5.7,-31.82773,242.12
36.36786,-3.139842,-19.15015,136.6196,-5.661674,2.882427,0.03775918,0.01468246,0.05702728,-0.06026017,0.9964442,-5.740109,2.840283,0.03787446,0.01879281,-0.1589305,0.9871109,25,0.7,-13.37012,110.7869,26,-5.7,-31.46256,239.5217
36.39578,-0.1266656,-39.04083,278.1493,-5.410692,2.89606,0.03649091,0.01252839,0.05828951,-0.0564865,0.9966217,-5.488346,2.855097,0.0383718,0.01906036,-0.1489368,0.988663,25,0.7,-13.00093,108.16,26,-5.7,-31.09337,236.8947
36.42355,-1.566423,-31.51801,224.6217,-5.153204,2.9094,0.03516977,0.0087349,0.05979452,-0.05257028,0.9967873,-5.228728,2.871278,0.03813517,0.01611712,-0.1513408,0.9883503,25,0.7,-12.63382,105.5479,26,-5.7,-30.72626,234.2827
36.45142,1.482253,-54.73308,389.8054,-4.887383,2.921757,0.03386968,0.004166643,0.06016541,-0.04666601,0.9970884,-4.959958,2.887759,0.03713691,0.01634842,-0.1462246,0.9891164,25,0.7,-12.26548,102.927,26,-5.7,-30.35793,231.6618
36.47922,NaN,NaN,NaN,-4.616134,2.932802,0.03283028,0.0007568673,0.05919475,-0.04007059,0.9974416,-4.684828,2.903955,0.03565526,0.01751065,-0.1400649,0.9899875,25,0.7,-11.89791,100.3116,26,-5.7,-29.99035,229.0464
36.50702,NaN,NaN,NaN,-4.338315,2.942049,0.0320641,-0.001149064,0.05733782,-0.03401878,0.9977745,-4.402806,2.918884,0.03417289,0.01741076,-0.1394215,0.9900801,25,0.7,-11.53009,97.69444,26,-5.7,-29.62253,226.4292
36.53494,NaN,NaN,NaN,-4.055944,2.949409,0.0314759,-0.0007345881,0.0545142,-0.02860419,0.998103,-4.15181,2.918884,0.03417289,0.01741076,-0.1394215,0.9900801,25,0.7,-11.16089,95.06747,26,-5.7,-29.25334,223.8022
36.56271,NaN,NaN,NaN,-3.767977,2.955534,0.03124795,0.0003429437,0.05133429,-0.02567249,0.9983515,-3.859758,2.931939,0.03292966,0.01398165,-0.1352152,0.9907176,25,0.7,-10.79384,92.45573,26,-5.7,-28.88628,221.1905
36.59067,NaN,NaN,NaN,-3.472906,2.960432,0.03153978,-0.0002466133,0.04859543,-0.02285282,0.9985571,-3.560433,2.942606,0.03199053,0.01072514,-0.1364218,0.9905928,25,0.7,-10.42415,89.82529,26,-5.7,-28.5166,218.56
36.61856,NaN,NaN,NaN,-3.176526,2.963427,0.03190312,-0.0007581422,0.04562899,-0.01917489,0.9987742,-3.259041,2.951037,0.03144729,0.007248259,-0.1379847,0.9904078,25,0.7,-10.05549,87.20215,26,-5.7,-28.14794,215.9369
36.64661,NaN,NaN,NaN,-2.878348,2.965686,0.03252025,0.001283895,0.04196417,-0.01624418,0.9989862,-2.955278,2.957492,0.03151035,0.004974997,-0.1410892,0.9899844,25,0.7,-9.684772,84.56432,26,-5.7,-27.77722,213.2991
36.67422,-1.849711,-48.37386,344.5572,-2.579344,2.966536,0.03325932,0.002758046,0.03945661,-0.01569919,0.9990941,-2.650196,2.961829,0.0319227,0.002298067,-0.1473767,0.9890777,25,0.7,-9.31935,81.96421,26,-5.7,-27.41179,210.699
36.70221,-1.583481,-48.37387,344.5572,-2.279835,2.967025,0.03371131,0.004419832,0.03604823,-0.01298279,0.999256,-2.383966,2.961829,0.0319227,0.002298067,-0.1473767,0.9890777,25,0.7,-8.949286,79.33107,26,-5.7,-27.04173,208.0658
36.72989,2.464568,-29.66545,211.44,-1.981457,2.966285,0.03503406,0.003812137,0.03239834,-0.009203007,0.9994254,-2.078981,2.964585,0.03236365,0.02123558,-0.1525058,0.9880744,25,0.7,-8.583678,76.72963,26,-5.7,-26.67612,205.4644
36.7576,1.905865,-25.85633,184.3366,-1.684309,2.965086,0.03683196,0.001615551,0.02928877,-0.007212902,0.9995437,-1.775033,2.965759,0.03315425,0.01972828,-0.154476,0.9877996,25,0.7,-8.217175,74.12183,26,-5.7,-26.30962,202.8566
36.78555,1.369593,-17.69781,126.2856,-1.390591,2.962404,0.03881859,0.0001682041,0.02673218,-0.006679052,0.9996203,-1.47424,2.965574,0.03447092,0.02222395,-0.16148,0.9866257,25,0.7,-7.84739,71.49067,26,-5.7,-25.93983,200.2254
36.81332,2.788375,-30.23704,215.5072,-1.103413,2.958269,0.04063378,0.001510861,0.0240773,-0.00631016,0.9996891,-1.179442,2.964274,0.036309,0.01819683,-0.1522647,0.9881722,25,0.7,-7.480518,68.88023,26,-5.7,-25.57296,197.615
36.84103,3.16768,-32.40535,230.9354,-0.8224994,2.953805,0.04245023,0.003966645,0.02102467,-0.005636615,0.9997552,-0.8908119,2.961452,0.038445,0.01737181,-0.1513827,0.9883226,25,0.7,-7.114053,66.27271,26,-5.7,-25.2065,195.0075
36.86896,3.410197,-32.40535,230.9354,-0.5496689,2.948743,0.04442831,0.006380447,0.01871893,-0.006071874,0.999786,-0.6482959,2.961452,0.038445,0.01737181,-0.1513827,0.9883226,25,0.7,-6.744866,63.64581,26,-5.7,-24.83731,192.3806
36.89688,2.093696,-30.73475,219.0485,-0.2862569,2.944368,0.04624342,0.005869436,0.01604754,-0.00612069,0.9998353,-0.3758096,2.957036,0.04073894,0.01114408,-0.1520402,0.9883115,25,0.7,-6.375755,61.01944,26,-5.7,-24.4682,189.7542
36.92453,0.8425195,-23.89842,170.4055,-0.03485752,2.938674,0.04806377,0.004560535,0.01366109,-0.006150927,0.9998774,-0.1151058,2.951584,0.04303634,0.005552478,-0.1556811,0.9877918,25,0.7,-6.009875,58.41607,26,-5.7,-24.10232,187.1508
36.95245,2.382086,-30.14322,214.8396,0.204991,2.933178,0.04958603,0.005263527,0.01090178,-0.005840685,0.9999098,0.1339672,2.945913,0.04537749,0.0103438,-0.1522462,0.9882885,25,0.7,-5.640704,55.78928,26,-5.7,-23.73315,184.524
36.98044,1.908847,-29.67326,211.4957,0.4287179,2.927531,0.05097165,0.004748612,0.007903337,-0.00476358,0.9999461,0.3670086,2.939749,0.04756618,0.007206402,-0.1524301,0.988288,25,0.7,-5.271001,53.15871,26,-5.7,-23.36344,181.8935
37.00806,0.8241266,-29.83349,212.6356,0.6401057,2.920831,0.05182348,0.005900645,0.004165262,-0.002173151,0.9999716,0.5870841,2.933087,0.04941225,0.001102026,-0.1523341,0.9883284,25,0.7,-4.905587,50.55865,26,-5.7,-22.99803,179.2934
37.0361,-0.260165,-27.40524,195.3578,0.8348755,2.914704,0.05206513,0.007268009,0.001376122,3.033085E-05,0.9999727,0.7902133,2.925958,0.05087721,-0.00531431,-0.1534584,0.9881408,25,0.7,-4.534913,47.92117,26,-5.7,-22.62736,176.6559
37.06406,-0.102184,-27.40524,195.3578,1.012604,2.906906,0.05146048,0.008573663,-0.001426369,0.003395274,0.9999565,0.9481944,2.925958,0.05087721,-0.00531431,-0.1534584,0.9881408,25,0.7,-4.165124,45.28999,26,-5.7,-22.25757,174.0247
37.09164,-0.8775033,-31.58414,225.0921,1.173232,2.900251,0.05069195,0.009721463,-0.002940774,0.003127122,0.9999436,1.118503,2.918415,0.05172086,-0.008766768,-0.1515405,0.9884122,25,0.7,-3.800468,42.69532,26,-5.7,-21.89291,171.4301
37.11954,-1.451307,-26.69625,190.3131,1.31988,2.893067,0.04951398,0.008517205,-0.004910588,0.00605178,0.9999334,1.274049,2.910193,0.05172157,-0.01415251,-0.1537435,0.9880095,25,0.7,-3.431928,40.07303,26,-5.7,-21.52437,168.8078
37.14746,-0.9278719,-24.52009,174.8289,1.445113,2.886088,0.04777601,0.007437365,-0.006245404,0.006631298,0.9999309,1.407992,2.90179,0.05102181,-0.01320209,-0.1549859,0.9878284,25,0.7,-3.062679,37.44568,26,-5.7,-21.15512,166.1804
37.17529,-0.8009217,-23.40033,166.8614,1.55046,2.878412,0.0458478,0.005460931,-0.007449328,0.008285257,0.9999231,1.521435,2.893348,0.04972684,-0.01375093,-0.1556878,0.9877106,25,0.7,-2.694568,34.82644,26,-5.7,-20.78701,163.5612
37.20303,-1.189847,-23.03717,164.2774,1.636438,2.872413,0.04409672,0.003719186,-0.0092507,0.01023524,0.9998979,1.614515,2.884813,0.04795837,-0.01686466,-0.1558877,0.9876308,25,0.7,-2.327957,32.21787,26,-5.7,-20.4204,160.9526
37.23111,-1.128961,-23.03716,164.2773,1.704931,2.865856,0.04200641,0.001911718,-0.009471536,0.01043374,0.999899,1.675399,2.884813,0.04795837,-0.01686466,-0.1558877,0.9876308,25,0.7,-1.95665,29.57588,26,-5.7,-20.04909,158.3106
37.25888,-1.145376,-20.18228,143.9638,1.751019,2.860063,0.0397005,0.003429811,-0.009175032,0.01094387,0.9998922,1.730288,2.876484,0.04569471,-0.01972578,-0.1581729,0.9872144,25,0.7,-1.589327,26.96224,26,-5.7,-19.68177,155.697
37.2865,-0.4573335,-20.15578,143.7752,1.777618,2.854803,0.03724919,0.003937189,-0.01035538,0.01498027,0.9998264,1.764763,2.868633,0.04324436,-0.0152636,-0.1581549,0.9872963,25,0.7,-1.224268,24.36471,26,-5.7,-19.31671,153.0995
37.31445,-0.417716,-19.79456,141.205,1.783098,2.850337,0.03487004,0.003562978,-0.01251796,0.01835587,0.9997468,1.777272,2.861358,0.04067588,-0.01535089,-0.1584466,0.9872482,25,0.7,-0.8546309,21.73461,26,-5.7,-18.94707,150.4694
37.34216,-0.401087,-18.8423,134.4294,1.76986,2.847008,0.0326758,0.002303974,-0.01324859,0.01967736,0.999716,1.769781,2.8549,0.03785539,-0.01594479,-0.1593636,0.9870912,25,0.7,-0.4885125,19.12954,26,-5.7,-18.58096,147.8643
37.37,-0.6382496,-18.99099,135.4873,1.736459,2.844329,0.03053537,0.001216343,-0.01453504,0.02259411,0.9996383,1.741119,2.849605,0.03500879,-0.0173395,-0.159162,0.9871002,25,0.7,-0.1203559,16.50997,26,-5.7,-18.2128,145.2447
37.39807,-0.6858341,-18.99097,135.4872,1.682924,2.842296,0.02837143,0.0003895098,-0.01733208,0.02559174,0.9995222,1.693532,2.849605,0.03500879,-0.0173395,-0.159162,0.9871002,25,0.7,0.2510174,13.86751,26,-5.7,-17.84142,142.6023
37.42569,-1.410416,-20.94947,149.4227,1.612174,2.841092,0.02636327,0.0003840914,-0.01992309,0.02701331,0.9994365,1.628543,2.845564,0.03235316,-0.02008512,-0.1572664,0.987352,25,0.7,0.6158149,11.27184,26,-5.7,-17.47663,140.0066
37.45358,-5.606181,-23.50605,167.6136,1.524129,2.841058,0.02428369,0.0005311267,-0.02110085,0.02648727,0.9994263,1.544956,2.842637,0.02990127,-0.04211676,-0.1551811,0.9869878,25,0.7,0.9846898,8.647159,26,-5.7,-17.10775,137.3819
37.48135,-8.205234,-25.33831,180.6508,1.418232,2.841256,0.02192464,0.0009116735,-0.022872,0.02671766,0.9993809,1.442652,2.840771,0.02730334,-0.05270258,-0.1539312,0.986675,25,0.7,1.351917,6.034203,26,-5.7,-16.74052,134.769
37.50931,-8.856359,-24.91082,177.609,1.29154,2.844321,0.02020111,0.000836593,-0.02289986,0.02350691,0.999461,1.319018,2.840089,0.02469218,-0.05652128,-0.1541483,0.9864298,25,0.7,1.721677,3.403225,26,-5.7,-16.37076,132.138
37.53708,-8.817465,-24.62965,175.6084,1.144264,2.850035,0.01962217,-0.003499959,-0.02191901,0.02060752,0.9995412,1.174026,2.841136,0.02239871,-0.05613113,-0.154328,0.986424,25,0.7,2.088819,0.7908719,26,-5.7,-16.00362,129.5256
37.56549,-8.964418,-24.62965,175.6084,0.9789431,2.85613,0.01906503,-0.005590497,-0.02092034,0.01861252,0.9995923,1.027074,2.841136,0.02239871,-0.05613113,-0.154328,0.986424,26,-5.7,-15.62815,126.854,27,5.7,-33.86686,256.6289
37.59283,-12.85,-33.56818,239.8129,0.7958462,2.86375,0.01871059,-0.004485531,-0.0203712,0.01802542,0.99962,0.8472013,2.845078,0.02076423,-0.05638389,-0.1498935,0.9870932,26,-5.7,-15.26664,124.2817,27,5.7,-33.50535,254.0567
37.62082,-12.85,-34.64909,250.9791,0.5927876,2.872558,0.01866028,-0.00221578,-0.02078876,0.01716506,0.9996341,0.6466108,2.851418,0.01958048,-0.0531144,-0.147579,0.987623,26,-5.7,-14.89646,121.6478,27,5.7,-33.13517,251.4227
37.6485,-12.85,-34.36329,248.6953,0.3736239,2.881808,0.01880243,-0.001148064,-0.02176586,0.01458713,0.999656,0.4286569,2.859728,0.01895416,-0.05273553,-0.1478294,0.9876059,26,-5.7,-14.53059,119.0445,27,5.7,-32.76929,248.8194
37.67633,-11.15907,-31.54049,224.7814,0.1390737,2.891299,0.01901356,-0.001979885,-0.02258,0.009894216,0.9996941,0.1939506,2.869667,0.01881242,-0.0498673,-0.1511441,0.9872531,26,-5.7,-14.16279,116.4274,27,5.7,-32.40149,246.2023
37.70419,-11.37775,-31.54051,224.7815,-0.1069297,2.90016,0.01896212,-0.002969478,-0.02264464,0.002833507,0.9997352,-0.02471906,2.869667,0.01881242,-0.0498673,-0.1511441,0.9872531,26,-5.7,-13.79427,113.8053,27,5.7,-32.03298,243.5802
37.73264,-11.97089,-30.92088,220.3726,-0.3631324,2.909212,0.01915206,-0.004908468,-0.02062252,-0.003670354,0.9997686,-0.2812795,2.880541,0.0188787,-0.05236403,-0.1514147,0.9870824,26,-5.7,-13.4183,111.1301,27,5.7,-31.65701,240.905
37.7598,-12.85,-32.16476,230.985,-0.635094,2.917501,0.01965886,-0.007421773,-0.0183211,-0.005438301,0.9997898,-0.5541879,2.891586,0.01897919,-0.05256087,-0.1498553,0.9873099,26,-5.7,-13.05921,108.575,27,5.7,-31.29791,238.3499
37.78772,NaN,NaN,NaN,-0.9223276,2.925166,0.02073617,-0.006300568,-0.01608321,-0.008090922,0.9998181,-0.8426362,2.902374,0.01914108,-0.05004085,-0.1459498,0.9880256,26,-5.7,-12.68974,105.9462,27,5.7,-30.92845,235.7211
37.81567,-12.85,-33.74446,244.272,-1.21794,2.932376,0.02251986,-0.002216613,-0.01443201,-0.009756312,0.9998459,-1.14063,2.912511,0.01963055,-0.04735552,-0.1482496,0.9878155,26,-5.7,-12.32042,103.3183,27,5.7,-30.55913,233.0932
37.84335,-8.518231,-19.55513,139.5013,-1.523531,2.939628,0.02420662,-0.0005966434,-0.01274055,-0.01206808,0.9998459,-1.449615,2.922142,0.02073443,-0.04997014,-0.1588985,0.9860296,26,-5.7,-11.95417,100.7123,27,5.7,-30.19288,230.4872
37.87128,-7.233937,-16.10806,114.9742,-1.834153,2.946195,0.02607618,0.002589537,-0.01059321,-0.01541565,0.9998217,-1.764902,2.931161,0.02249444,-0.04688571,-0.1632221,0.9854746,26,-5.7,-11.58517,98.08667,27,5.7,-29.82387,227.8616
37.89935,-7.513069,-16.10806,114.9742,-2.148176,2.950778,0.02723205,0.005645702,-0.007590681,-0.01859378,0.9997824,-2.044034,2.931161,0.02249444,-0.04688571,-0.1632221,0.9854746,26,-5.7,-11.21409,95.44635,27,5.7,-29.4528,225.2213
37.92688,-7.430228,-15.42458,110.111,-2.46741,2.955559,0.02853866,0.006972387,-0.005038292,-0.02130222,0.9997361,-2.368361,2.939363,0.02449954,-0.04530752,-0.1643711,0.9853575,26,-5.7,-10.84995,92.85536,27,5.7,-29.08866,222.6303
37.95499,-7.76473,-16.71944,119.3244,-2.789222,2.959538,0.0299167,0.005418148,-0.002122402,-0.02594658,0.9996464,-2.695846,2.946402,0.02635527,-0.04188663,-0.1625084,0.9858177,26,-5.7,-10.47848,90.2122,27,5.7,-28.71719,219.9871
37.98267,-11.57658,-29.73519,211.936,-3.111468,2.962637,0.03142495,0.004816645,0.0006995499,-0.02874835,0.9995749,-3.024404,2.952406,0.02803719,-0.03985453,-0.1523296,0.9875259,26,-5.7,-10.11226,87.60642,27,5.7,-28.35097,217.3813
38.01056,-11.01559,-30.73825,219.0731,-3.435197,2.962714,0.03213289,0.004790985,0.00406918,-0.03171086,0.9994774,-3.354776,2.957346,0.02965748,-0.03454668,-0.1519515,0.987784,26,-5.7,-9.743445,84.98215,27,5.7,-27.98215,214.7571
38.03851,-10.81629,-34.65517,246.9434,-3.758835,2.962327,0.03304091,0.007259181,0.007405698,-0.03499737,0.9993336,-3.685323,2.960389,0.03094661,-0.0285395,-0.1505447,0.9881912,26,-5.7,-9.374203,82.35486,27,5.7,-27.61291,212.1298
38.06708,-11.09897,-34.65512,246.9431,-4.076859,2.961932,0.03460658,0.007065985,0.00992927,-0.0369829,0.9992416,-3.96801,2.960389,0.03094661,-0.0285395,-0.1505447,0.9881912,26,-5.7,-8.99649,79.66729,27,5.7,-27.2352,209.4422
38.09409,-9.134965,-27.28627,194.511,-4.393519,2.959977,0.03592855,0.006205089,0.01246604,-0.04048818,0.999083,-4.292476,2.961442,0.03229702,-0.02459657,-0.153638,0.987821,26,-5.7,-8.63918,77.1249,27,5.7,-26.87789,206.8998
38.12189,-8.320677,-27.62237,196.9025,-4.703621,2.956242,0.0366144,0.007389266,0.01496154,-0.04319368,0.9989274,-4.610887,2.961201,0.03379691,-0.01861739,-0.1534822,0.987976,26,-5.7,-8.271564,74.50917,27,5.7,-26.51027,204.2841
38.14972,-8.787313,-31.5087,224.5551,-5.004676,2.953189,0.03730351,0.008047977,0.01753765,-0.04629201,0.9987416,-4.920709,2.959476,0.03514791,-0.01701975,-0.1517197,0.988277,26,-5.7,-7.90353,71.89048,27,5.7,-26.14223,201.6654
38.17749,-7.463254,-27.70698,197.5045,-5.300242,2.949976,0.03867641,0.008983826,0.02107829,-0.05138833,0.9984159,-5.224833,2.956262,0.03623962,-0.01120065,-0.1534333,0.9880955,26,-5.7,-7.536356,69.2779,27,5.7,-25.77506,199.0528
38.20529,-7.543075,-23.09797,164.7097,-5.586259,2.946586,0.03956377,0.009147516,0.02482319,-0.05574763,0.9980944,-5.519552,2.952413,0.03745365,-0.01213635,-0.1562407,0.9876444,26,-5.7,-7.168822,66.66276,27,5.7,-25.40753,196.4377
38.23431,-7.791725,-23.09796,164.7096,-5.865991,2.942471,0.04037102,0.009906508,0.02849403,-0.05801413,0.9978598,-5.768202,2.952413,0.03745365,-0.01213635,-0.1562407,0.9876444,26,-5.7,-6.785319,63.93399,27,5.7,-25.02402,193.7089
38.26108,-6.778337,-21.48066,153.2019,-6.138604,2.938565,0.04180816,0.008907536,0.03186825,-0.05917658,0.997699,-6.049759,2.948461,0.03869069,-0.004697435,-0.1575047,0.987507,26,-5.7,-6.431293,61.41497,27,5.7,-24.67,191.1899
38.28885,-6.185344,-18.18847,129.777,-6.397158,2.934067,0.04265145,0.008296637,0.03405547,-0.05939709,0.9976189,-6.317827,2.944094,0.04010975,0.0010079,-0.1607689,0.9869916,26,-5.7,-6.064105,58.80229,27,5.7,-24.30281,188.5772
38.31668,-6.028093,-22.54302,160.761,-6.641668,2.928793,0.04302254,0.01067195,0.0370717,-0.06044068,0.9974261,-6.571746,2.939348,0.04136336,0.003340879,-0.1565947,0.9876573,26,-5.7,-5.696229,56.18471,27,5.7,-23.93493,185.9596
38.34442,-5.710716,-19.13953,136.5439,-6.871221,2.923163,0.04345945,0.01158955,0.04054341,-0.06121225,0.9972337,-6.810661,2.934068,0.04235733,0.00795454,-0.1596306,0.9871448,26,-5.7,-5.329484,53.57519,27,5.7,-23.56819,183.3501
38.37234,-5.304546,-17.77362,126.8252,-7.087671,2.917032,0.04343909,0.01246277,0.04464534,-0.06486684,0.9968169,-7.035851,2.927987,0.0429486,0.01347604,-0.1611359,0.9868402,26,-5.7,-4.960114,50.94699,27,5.7,-23.19882,180.7219
38.4006,-5.481373,-17.7736,126.8251,-7.2866,2.91076,0.0429614,0.01559025,0.04760638,-0.0669575,0.9964976,-7.212677,2.927987,0.0429486,0.01347604,-0.1611359,0.9868402,26,-5.7,-4.586551,48.28895,27,5.7,-22.82525,178.0639
38.42783,-5.071253,-15.65546,111.7538,-7.468127,2.904407,0.04257736,0.01767298,0.05091175,-0.06847985,0.9961959,-7.404563,2.921189,0.04308057,0.02059978,-0.1640051,0.9862444,26,-5.7,-4.226821,45.72934,27,5.7,-22.46552,175.5042
38.45605,-4.890681,-15.22105,108.6627,-7.630668,2.896949,0.04171868,0.017857,0.05422008,-0.06914136,0.9959723,-7.577211,2.913973,0.04311645,0.02438845,-0.1646305,0.9860537,26,-5.7,-3.853583,43.07361,27,5.7,-22.09229,172.8485
38.48361,-4.939799,-13.26209,94.72402,-7.775209,2.889101,0.04025978,0.01815949,0.05678228,-0.0696524,0.9957885,-7.731201,2.906308,0.04275227,0.02904917,-0.1682589,0.9853147,26,-5.7,-3.489029,40.47967,27,5.7,-21.72773,170.2546
38.51144,-4.370989,-13.0652,93.32307,-7.898508,2.880687,0.03820216,0.01962002,0.05923852,-0.0709008,0.9955295,-7.863524,2.897974,0.04178429,0.03687933,-0.1685626,0.9850008,26,-5.7,-3.121102,37.86174,27,5.7,-21.35981,167.6366
38.53952,-4.268777,-11.93988,85.316,-7.998905,2.872129,0.03591551,0.01957896,0.06148264,-0.07227996,0.995295,-7.972344,2.888682,0.04015326,0.04274924,-0.1711619,0.9843151,26,-5.7,-2.749812,35.21987,27,5.7,-20.98852,164.9948
38.56757,-4.337715,-11.93988,85.316,-8.076459,2.862945,0.03329929,0.0163247,0.0619922,-0.07219965,0.9953279,-8.041281,2.888682,0.04015326,0.04274924,-0.1711619,0.9843151,26,-5.7,-2.379289,32.58346,27,5.7,-20.61799,162.3584
38.59525,-4.124006,-11.45316,81.85282,-8.126163,2.853474,0.03024822,0.01368355,0.06156412,-0.07183027,0.9954211,-8.101664,2.878692,0.03788698,0.04783375,-0.1723492,0.9838738,26,-5.7,-2.013302,29.97933,27,5.7,-20.252,159.7542
38.62283,-3.877805,-10.89667,77.89314,-8.143936,2.845241,0.02766295,0.01137025,0.06256029,-0.0729202,0.9953088,-8.130133,2.868125,0.03506875,0.05370476,-0.1738423,0.983308,26,-5.7,-1.648382,27.38279,27,5.7,-19.88708,157.1577
38.65088,-3.082744,-12.61648,90.13025,-8.129122,2.838427,0.0252816,0.008527368,0.06332073,-0.07257503,0.9953144,-8.125578,2.857121,0.03181243,0.05507896,-0.1690061,0.9840748,26,-5.7,-1.27769,24.74518,27,5.7,-19.51639,154.5201
38.67868,-1.754869,-14.43917,103.0993,-8.090645,2.830424,0.02214211,0.006919742,0.0654512,-0.07467996,0.9950333,-8.09536,2.847038,0.02862763,0.06055728,-0.1650985,0.9844162,26,-5.7,-0.9100192,22.12906,27,5.7,-19.14872,151.904
38.70639,-1.388089,-13.61116,97.20779,-8.024741,2.824055,0.01925873,0.006174172,0.06841873,-0.07714685,0.9946502,-8.036041,2.837778,0.02539849,0.06729476,-0.1665065,0.9837413,26,-5.7,-0.5435585,19.52156,27,5.7,-18.78226,149.2965
38.7345,-1.304873,-13.61117,97.20782,-7.931125,2.818885,0.01702295,0.0007236078,0.06983667,-0.07570857,0.9946811,-7.952827,2.837778,0.02539849,0.06729476,-0.1665065,0.9837413,26,-5.7,-0.1722128,16.8793,27,5.7,-18.41092,146.6542
38.7619,-0.9483444,-13.32359,95.16159,-7.816875,2.813936,0.01477751,-0.003559873,0.0696249,-0.07540379,0.994713,-7.84593,2.829155,0.02193701,0.07129487,-0.1669581,0.9833829,26,-5.7,0.1901312,14.30109,27,5.7,-18.04857,144.076
38.78976,1.267475,-17.50399,124.9065,-7.678637,2.809289,0.01236298,-0.002591114,0.07044271,-0.0774111,0.9945042,-7.713456,2.821789,0.01878428,0.07080004,-0.1602357,0.9845364,26,-5.7,0.5586811,11.67872,27,5.7,-17.68002,141.4536
38.81793,-0.6918059,-13.34626,95.32269,-7.523316,2.805952,0.01054144,-0.003282153,0.07191507,-0.08011555,0.9941826,-7.562095,2.815408,0.01593447,0.07089261,-0.1667678,0.9834443,26,-5.7,0.9309447,9.029925,27,5.7,-17.30776,138.8048
38.84537,-0.3721834,-13.32198,95.14998,-7.347932,2.803062,0.008847048,-0.00563714,0.07039136,-0.07803184,0.9944468,-7.389301,2.809863,0.01322508,0.07252867,-0.1667382,0.9833301,26,-5.7,1.293795,6.448112,27,5.7,-16.94491,136.223
38.87332,0.9365007,-14.90056,106.3821,-7.151724,2.801039,0.006696504,-0.003764972,0.0695821,-0.07778837,0.9945316,-7.194858,2.805254,0.01069343,0.0751921,-0.1637288,0.9836357,26,-5.7,1.663531,3.817301,27,5.7,-16.57517,133.5922
38.90146,1.129409,-14.90056,106.3821,-6.934702,2.801812,0.005283967,-0.003005631,0.06912872,-0.07945988,0.9944336,-7.001949,2.805254,0.01069343,0.0751921,-0.1637288,0.9836357,26,-5.7,2.035461,1.170885,27,5.7,-16.20324,130.9458
38.92902,7.859053,-23.42962,167.0695,-6.691862,2.806835,0.005653732,-0.005857032,0.06565992,-0.0775876,0.9948039,-6.76263,2.802024,0.008481145,0.08614222,-0.1545412,0.9842238,27,5.7,-15.83917,128.3552,28,-0.7,-33.93162,257.0898
38.95688,7.921281,-21.53609,153.5963,-6.426963,2.814962,0.006235744,-0.009042114,0.06100097,-0.07471319,0.9952965,-6.500399,2.801001,0.006590724,0.0923441,-0.1558339,0.9834573,27,5.7,-15.47044,125.7316,28,-0.7,-33.5629,254.4662
38.98477,6.932717,-20.90812,149.128,-6.141737,2.822991,0.005945194,-0.001972057,0.05685624,-0.07231525,0.9957581,-6.216552,2.804087,0.005940199,0.08675544,-0.1564469,0.9838688,27,5.7,-15.10185,123.1089,28,-0.7,-33.19431,251.8435
39.01257,5.042147,-18.73211,133.6449,-5.832912,2.834939,0.005681077,0.006631821,0.05585167,-0.07133328,0.9958656,-5.908195,2.811173,0.006099582,0.08063205,-0.1586324,0.9840398,27,5.7,-14.73407,120.492,28,-0.7,-32.82652,249.2266
39.04053,1.308583,-11.92416,85.20396,-5.502,2.849095,0.005667363,0.00831688,0.05749109,-0.06995481,0.9958574,-5.576668,2.82159,0.005937457,0.07937951,-0.1700026,0.9822413,27,5.7,-14.36466,117.8635,28,-0.7,-32.45711,246.5981
39.0683,1.6128,-11.92416,85.20396,-5.159756,2.863104,0.005049786,0.008173564,0.0601134,-0.06634547,0.9959508,-5.27245,2.82159,0.005937457,0.07937951,-0.1700026,0.9822413,27,5.7,-13.99744,115.2506,28,-0.7,-32.08989,243.9852
39.09622,6.531346,-18.06123,128.8714,-4.807425,2.877359,0.004240742,0.00852407,0.06229195,-0.06231873,0.996074,-4.918319,2.835456,0.005765319,0.08736861,-0.1594558,0.9833314,27,5.7,-13.62814,112.6229,28,-0.7,-31.72059,241.3575
39.12402,8.215433,-19.21066,137.05,-4.451455,2.891295,0.003806599,0.0056636,0.06327993,-0.05862923,0.9962561,-4.557844,2.851579,0.005305886,0.09163322,-0.1582706,0.9831346,27,5.7,-13.26065,110.0081,28,-0.7,-31.3531,238.7427
39.15182,12.85,-25.70828,183.297,-4.090735,2.904282,0.003327684,0.003801048,0.06206006,-0.05495771,0.9965509,-4.191295,2.868493,0.004636526,0.09147836,-0.1534012,0.9839206,27,5.7,-12.89294,107.3917,28,-0.7,-30.9854,236.1263
39.1799,18.49406,-35.24815,251.1628,-3.725644,2.915833,0.002792347,0.005898276,0.05925572,-0.04998589,0.9969731,-3.819707,2.885279,0.00404048,0.0874997,-0.1495339,0.9848773,27,5.7,-12.52204,104.7526,28,-0.7,-30.61449,233.4872
39.20746,12.85,-28.21328,202.1414,-3.351562,2.926893,0.002206381,0.009482875,0.05535457,-0.0440672,0.9974488,-3.439284,2.900988,0.003419042,0.07939552,-0.1516539,0.9852398,27,5.7,-12.15776,102.1607,28,-0.7,-30.25022,230.8952
39.23553,12.85,-27.57064,197.9664,-2.973062,2.936887,0.001743168,0.01019025,0.05301458,-0.04160623,0.9976746,-3.10284,2.900988,0.003419042,0.07939552,-0.1516539,0.9852398,27,5.7,-11.78651,99.51908,28,-0.7,-29.87897,228.2536
39.26324,10.28304,-23.9151,170.5239,-2.592011,2.945321,0.001264481,0.01039916,0.05080903,-0.03893076,0.9978951,-2.715152,2.91524,0.002525806,0.07508722,-0.154992,0.9850581,27,5.7,-11.42017,96.91244,28,-0.7,-29.51263,225.647
39.29105,9.67914,-22.71676,161.9972,-2.206968,2.95208,0.0008286756,0.009022119,0.04971635,-0.03703622,0.9980357,-2.323311,2.928179,0.002014518,0.07298491,-0.1559426,0.9850661,27,5.7,-11.0526,94.29706,28,-0.7,-29.14506,223.0316
39.31906,12.4915,-27.51176,196.1155,-1.816949,2.957321,0.0004841412,0.006321942,0.05067003,-0.03628596,0.9980361,-1.926289,2.939314,0.001514316,0.07245588,-0.1530305,0.9855617,27,5.7,-10.68187,91.65919,28,-0.7,-28.77433,220.3938
39.34677,12.85,-27.61939,200.2414,-1.427863,2.960503,-0.0002664048,0.004824404,0.05294693,-0.03582543,0.9979429,-1.529338,2.948323,0.0009878874,0.07080982,-0.1505281,0.9860666,27,5.7,-10.31555,89.05267,28,-0.7,-28.40801,217.7872
39.3746,12.85,-26.28835,190.796,-1.043927,2.962623,-0.00084646,0.002753011,0.05412361,-0.03368164,0.9979622,-1.136415,2.954936,0.0003991127,0.07227011,-0.1511049,0.9858724,27,5.7,-9.947873,86.4365,28,-0.7,-28.04033,215.1711
39.4025,12.85,-25.58167,186.1853,-0.6636907,2.963381,-0.001077539,0.001404908,0.05500227,-0.03099319,0.9980041,-0.7984269,2.954936,0.0003991127,0.07227011,-0.1511049,0.9858724,27,5.7,-9.579049,83.81218,28,-0.7,-27.6715,212.5468
39.43036,18.73471,-38.78532,276.3313,-0.285694,2.962486,-0.001140787,-0.0004584892,0.05540755,-0.02663288,0.9981084,-0.4109383,2.959292,-0.0002309084,0.06834754,-0.1490231,0.9864689,27,5.7,-9.210385,81.189,28,-0.7,-27.30284,209.9236
39.45813,12.85,-26.60046,190.0214,0.08795446,2.959774,-0.001577011,-0.0009929343,0.05378092,-0.02192116,0.9983117,-0.02775311,2.961551,-0.0007407666,0.06681459,-0.1533788,0.985906,27,5.7,-8.843181,78.5762,28,-0.7,-26.93564,207.3108
39.48587,12.85,-25.03471,179.2557,0.4578594,2.956361,-0.001550083,-0.002686866,0.05007428,-0.02022892,0.9985371,0.3515781,2.961407,-0.001575589,0.06872541,-0.153943,0.9856867,27,5.7,-8.476724,75.96873,28,-0.7,-26.56918,204.7033
39.51379,9.586643,-18.45965,131.7063,0.8242223,2.952227,-0.001365953,-0.00332525,0.04751361,-0.02131739,0.9986376,0.727181,2.959398,-0.001740813,0.06624781,-0.1601638,0.9848648,27,5.7,-8.107281,73.34,28,-0.7,-26.19974,202.0746
39.54166,8.505669,-16.26827,116.1138,1.188451,2.947161,-0.0009850845,-0.001495177,0.04513457,-0.02102723,0.9987586,1.100319,2.955855,-0.001531959,0.06279514,-0.1630148,0.9846233,27,5.7,-7.73897,70.71934,28,-0.7,-25.83142,199.4539
39.56946,8.825491,-16.26827,116.1138,1.548249,2.941394,-0.0003874841,-0.001388923,0.04390699,-0.02125385,0.9988086,1.42014,2.955855,-0.001531959,0.06279514,-0.1630148,0.9846233,27,5.7,-7.371521,68.1048,28,-0.7,-25.46398,196.8394
39.59741,8.03147,-16.0009,114.2113,1.89894,2.93584,0.0004201116,0.0002459968,0.04294309,-0.02167073,0.9988424,1.78073,2.950877,-0.001052737,0.0539123,-0.1634581,0.9850761,27,5.7,-7.001762,65.47383,28,-0.7,-25.09422,194.2084
39.62527,8.02326,-15.19441,108.4729,2.248033,2.929122,0.0007000468,0.001726561,0.04030567,-0.01668953,0.9990466,2.139275,2.944849,-0.000246644,0.05342439,-0.1646978,0.9848962,27,5.7,-6.633632,62.85445,28,-0.7,-24.72609,191.589
39.65305,7.710365,-15.49537,110.6143,2.586575,2.924273,0.001413639,0.002484708,0.03837043,-0.01323139,0.9991729,2.487607,2.938003,0.0001507998,0.04652327,-0.1642008,0.9853292,27,5.7,-6.266336,60.241,28,-0.7,-24.35879,188.9756
39.68091,8.266616,-15.48933,110.5714,2.923213,2.918031,0.002192346,0.002219107,0.03584927,-0.007655637,0.9993254,2.83337,2.930907,0.0006650686,0.04841334,-0.164135,0.9852491,27,5.7,-5.897971,57.61995,28,-0.7,-23.99043,186.3545
39.70877,8.345417,-15.9524,113.8663,3.250998,2.911036,0.00266024,0.005335712,0.03307629,-0.003979371,0.9994307,3.170443,2.923974,0.001548648,0.04479147,-0.1633826,0.9855455,27,5.7,-5.529437,54.99769,28,-0.7,-23.62189,183.7323
39.73654,8.627836,-15.95241,113.8664,3.568716,2.904005,0.002974771,0.00755085,0.03094992,-0.001040717,0.9994919,3.452859,2.923974,0.001548648,0.04479147,-0.1633826,0.9855455,27,5.7,-5.162251,52.38503,28,-0.7,-23.25471,181.1196
39.7645,8.653277,-15.07213,107.6029,3.875214,2.896915,0.003294389,0.007419348,0.02989483,-0.0001106779,0.9995255,3.76991,2.916516,0.002277017,0.04471816,-0.1647264,0.9853251,27,5.7,-4.792856,49.75665,28,-0.7,-22.88531,178.4912
39.7923,10.16365,-20.59952,146.9323,4.170599,2.889091,0.003171862,0.009011522,0.02851796,0.00249692,0.9995496,4.075761,2.908463,0.002753019,0.04087947,-0.1578536,0.986616,27,5.7,-4.425075,47.13975,28,-0.7,-22.51753,175.8743
39.82013,9.106478,-18.09356,129.1015,4.45373,2.881337,0.00280159,0.009051425,0.02659804,0.005520501,0.99959,4.369236,2.900023,0.003124237,0.0361953,-0.1604034,0.9863877,27,5.7,-4.057332,44.52312,28,-0.7,-22.14979,173.2577
39.84784,7.887251,-13.44157,96.00083,4.719002,2.87333,0.002335894,0.008554692,0.0265328,0.005928383,0.9995937,4.645118,2.891179,0.003210902,0.03327615,-0.1676339,0.9852876,27,5.7,-3.69097,41.91632,28,-0.7,-21.78342,170.6509
39.87579,7.881625,-13.11582,93.68298,4.96746,2.865896,0.001747463,0.009498482,0.026478,0.006639446,0.9995823,4.903899,2.881838,0.002902865,0.03131713,-0.1682496,0.9852468,27,5.7,-3.321136,39.28482,28,-0.7,-21.41359,168.0194
39.90381,8.086427,-13.11583,93.68309,5.197859,2.857661,0.0007139603,0.01112954,0.02552176,0.008616635,0.9995751,5.108698,2.881838,0.002902865,0.03131713,-0.1682496,0.9852468,27,5.7,-2.950693,36.64898,28,-0.7,-21.04315,165.3836
39.93201,7.707667,-12.87444,91.96546,5.407696,2.850353,-0.0002953219,0.01248574,0.02522457,0.008127128,0.9995708,5.330735,2.872495,0.002357483,0.02546752,-0.1687199,0.985335,27,5.7,-2.578021,33.99728,28,-0.7,-20.67048,162.7319
39.95926,7.169873,-11.84328,84.62842,5.593117,2.844294,-0.001541261,0.01304698,0.02623096,0.006542239,0.9995494,5.528359,2.862905,0.001538754,0.01910715,-0.1711796,0.9850546,27,5.7,-2.217739,31.43374,28,-0.7,-20.31019,160.1683
39.98703,6.867927,-11.44296,81.77995,5.752347,2.838105,-0.003228801,0.0124109,0.02710974,0.006351808,0.9995353,5.699598,2.853744,0.0004172325,0.01407146,-0.1721913,0.9849631,27,5.7,-1.850606,28.82145,28,-0.7,-19.94306,157.556
40.01492,6.860359,-11.23223,80.28059,5.885686,2.833708,-0.004632864,0.01124042,0.02741188,0.007093831,0.9995359,5.844332,2.845728,-0.001061797,0.01246458,-0.1727082,0.9848942,27,5.7,-1.481768,26.19703,28,-0.7,-19.57422,154.9316
40.04272,6.84551,-11.41855,81.60633,5.990515,2.829954,-0.006350427,0.009736975,0.02763813,0.007876099,0.9995395,5.959813,2.838646,-0.002797365,0.01069036,-0.1720847,0.9850242,27,5.7,-1.114339,23.58264,28,-0.7,-19.20679,152.3172
40.07059,6.859023,-12.08589,86.35467,6.065793,2.826308,-0.008159366,0.01147999,0.02712682,0.007948568,0.9995345,6.044928,2.83305,-0.004516006,0.009288825,-0.1702256,0.9853613,27,5.7,-0.7458253,20.96053,28,-0.7,-18.83828,149.6951
40.09863,6.899102,-12.08589,86.35464,6.110882,2.824276,-0.009883774,0.01222146,0.02672776,0.007261364,0.9995416,6.085007,2.83305,-0.004516006,0.009288825,-0.1702256,0.9853613,27,5.7,-0.3748501,18.3209,28,-0.7,-18.4673,147.0555
40.12628,6.457451,-11.63899,83.17484,6.127368,2.823422,-0.01142139,0.01012026,0.02522975,0.008769049,0.9995921,6.113156,2.828298,-0.006570578,0.004077804,-0.1713508,0.9852017,27,5.7,-0.009321183,15.72003,28,-0.7,-18.10178,144.4546
40.15417,5.724671,-11.76968,84.10473,6.11666,2.823766,-0.01240111,0.008179582,0.02393368,0.008369749,0.9996451,6.112432,2.824797,-0.008715868,-0.004542092,-0.1709535,0.9852687,27,5.7,0.3593396,13.09687,28,-0.7,-17.73312,141.8315
40.18213,5.49639,-12.13264,86.68729,6.077706,2.824941,-0.01248917,0.004333308,0.02292803,0.008301144,0.9996933,6.081973,2.822914,-0.01052368,-0.006655862,-0.1699876,0.9854237,27,5.7,0.7289389,10.46704,28,-0.7,-17.36352,139.2016
40.20984,5.007387,-15.29484,109.1876,6.015621,2.825807,-0.01262516,0.002043074,0.02045023,0.01057711,0.9997329,6.02641,2.82274,-0.01161027,-0.009205556,-0.1636686,0.9864724,27,5.7,1.09534,7.859956,28,-0.7,-16.99712,136.5946
40.23779,1.312133,-15.2717,109.023,5.931192,2.826438,-0.01283822,0.002540846,0.01727971,0.01278334,0.9997658,5.946898,2.823649,-0.0123173,-0.04189663,-0.1635756,0.9856408,27,5.7,1.465056,5.229292,28,-0.7,-16.6274,133.9639
40.26718,1.215765,-15.2717,109.023,5.822779,2.828109,-0.01266393,0.004136985,0.01354027,0.01281219,0.9998177,5.85053,2.823649,-0.0123173,-0.04189663,-0.1635756,0.9856408,27,5.7,1.853476,2.465541,28,-0.7,-16.23898,131.2001
40.29349,0.2145315,-16.049,114.5538,5.692551,2.831435,-0.01170919,0.002270892,0.009206355,0.01115743,0.9998928,5.726375,2.824726,-0.01265883,-0.04741721,-0.1623666,0.9855905,27,5.7,2.201139,-0.008207798,28,-0.7,-15.89132,128.7264
40.32117,-0.6375681,-15.89011,113.4232,5.540822,2.8359,-0.01013827,0.001072501,0.00529635,0.008030236,0.9999532,5.579391,2.826297,-0.01267338,-0.05399591,-0.1625569,0.9852206,28,-0.7,-15.52518,126.1212,29,5.7,-33.61773,254.8564
40.34903,-1.726426,-17.8452,127.3344,5.371661,2.841636,-0.008190233,0.002314742,0.00273478,0.005713716,0.9999773,5.413279,2.829298,-0.01194239,-0.05525611,-0.1600056,0.9855683,28,-0.7,-15.15695,123.5011,29,5.7,-33.2495,252.2363
40.37711,-2.198709,-20.48034,146.0845,5.184803,2.849066,-0.00537147,0.001892759,0.001930058,0.005077436,0.9999834,5.228001,2.834099,-0.01039124,-0.05013649,-0.157392,0.9862627,28,-0.7,-14.7855,120.8581,29,5.7,-32.87806,249.5934
40.40482,-1.960503,-21.32681,152.1075,4.980325,2.85767,-0.001870773,-0.0005003879,0.001605958,0.004317532,0.9999893,5.024031,2.840824,-0.00799334,-0.04530069,-0.1567478,0.9865992,28,-0.7,-14.41941,118.2533,29,5.7,-32.51196,246.9885
40.43329,-2.158252,-21.32679,152.1073,4.757851,2.866571,0.001633313,0.001523905,0.001062304,0.001577041,0.999997,4.826277,2.840824,-0.00799334,-0.04530069,-0.1567478,0.9865992,28,-0.7,-14.04266,115.5725,29,5.7,-32.13521,244.3077
40.46036,-1.971385,-19.07198,136.0635,4.521621,2.87662,0.005595211,0.004993933,0.0008013844,-0.002600899,0.9999838,4.591189,2.849515,-0.004561901,-0.04756219,-0.1588759,0.9861523,28,-0.7,-13.68471,113.0256,29,5.7,-31.77726,241.7608
40.48822,-1.633693,-17.60723,125.6412,4.271619,2.88717,0.009827126,0.0052755,0.0008556544,-0.006740476,0.999963,4.341187,2.85974,-0.0005609989,-0.0468846,-0.1606034,0.9859049,28,-0.7,-13.31637,110.4047,29,5.7,-31.40892,239.1399
40.51617,-0.6747953,-15.64035,111.6461,4.006864,2.896788,0.01384624,0.00635336,0.001400679,-0.01103685,0.999918,4.075515,2.87118,0.003941894,-0.04193938,-0.163434,0.9856625,28,-0.7,-12.94696,107.7762,29,5.7,-31.03951,236.5114
40.54395,-1.241942,-16.26976,116.1246,3.733215,2.906461,0.01787388,0.00722288,0.0009250641,-0.01355083,0.9998817,3.799711,2.883243,0.008697391,-0.04280101,-0.162599,0.9857635,28,-0.7,-12.57979,105.1637,29,5.7,-30.67234,233.8989
40.57175,-2.172661,-17.77326,126.8227,3.447078,2.915671,0.02188359,0.007172723,0.001293659,-0.01742668,0.9998216,3.51066,2.895138,0.01354396,-0.04419101,-0.1607085,0.9860122,28,-0.7,-12.21197,102.5465,29,5.7,-30.30452,231.2817
40.60028,-2.432845,-17.77328,126.8227,3.154375,2.923812,0.0256323,0.008010766,0.001933604,-0.02104102,0.9997447,3.25048,2.895138,0.01354396,-0.04419101,-0.1607085,0.9860122,28,-0.7,-11.8348,99.86278,29,5.7,-29.92735,228.598
40.62753,-4.457266,-22.72715,162.0714,2.853601,2.931321,0.02911211,0.008987065,0.002326667,-0.02452323,0.9996562,2.946422,2.906615,0.01844954,-0.04507989,-0.15608,0.9867151,28,-0.7,-11.47448,97.29896,29,5.7,-29.56703,226.0342
40.65543,-5.568952,-29.47713,210.0999,2.550163,2.938546,0.03188848,0.009669657,0.002176344,-0.02769858,0.9995672,2.638509,2.917201,0.02314305,-0.03858373,-0.1522876,0.9875828,28,-0.7,-11.10581,94.67574,29,5.7,-29.19836,223.411
40.68307,-5.243796,-27.06092,192.9077,2.244246,2.944101,0.03404152,0.01169934,0.003165603,-0.03130948,0.9994363,2.327315,2.926728,0.02707851,-0.03875771,-0.1535115,0.9873865,28,-0.7,-10.74019,92.07423,29,5.7,-28.83275,220.8095
40.711,-4.601584,-23.42437,167.0323,1.937645,2.94916,0.03572847,0.01597754,0.00444594,-0.03353072,0.9993001,2.014535,2.935328,0.03080094,-0.03910272,-0.1557916,0.9870157,28,-0.7,-10.37096,89.447,29,5.7,-28.46351,218.1822
40.73907,-2.75813,-19.33935,137.9659,1.630082,2.953537,0.03693008,0.01766347,0.005364686,-0.03535917,0.9992042,1.700454,2.942547,0.03373671,-0.03189453,-0.1593938,0.9866997,28,-0.7,-9.999943,86.80709,29,5.7,-28.0925,215.5423
40.76724,-3.029246,-19.33935,137.9659,1.325077,2.957,0.03735477,0.01580365,0.007547945,-0.03895531,0.9990875,1.429338,2.942547,0.03373671,-0.03189453,-0.1593938,0.9866997,28,-0.7,-9.627525,84.1572,29,5.7,-27.72008,212.8924
40.7944,-2.810124,-18.63963,132.9872,1.022869,2.959313,0.03729615,0.0116826,0.01029611,-0.04179448,0.9990049,1.119864,2.948634,0.03562093,-0.02916498,-0.1602095,0.9866521,28,-0.7,-9.26833,81.60139,29,5.7,-27.36088,210.3366
40.8223,-2.885987,-19.53439,139.3537,0.7249783,2.959961,0.03710548,0.008106784,0.01340059,-0.0442879,0.9988961,0.814339,2.953697,0.03653502,-0.02621202,-0.159299,0.9868823,28,-0.7,-8.899638,78.97802,29,5.7,-26.99219,207.7133
40.85007,-3.34416,-19.25578,137.3713,0.4352593,2.957905,0.03676762,0.008546043,0.01546812,-0.04524892,0.9988195,0.5164153,2.957089,0.03721797,-0.02773951,-0.1596068,0.9867908,28,-0.7,-8.532238,76.36383,29,5.7,-26.62479,205.0991
40.87793,-3.819068,-16.33993,116.624,0.1491633,2.955386,0.03601354,0.008924115,0.01976582,-0.04836294,0.9985944,0.2223106,2.958164,0.03721952,-0.0341788,-0.1632082,0.9859995,28,-0.7,-8.163813,73.74235,29,5.7,-26.25637,202.4776
40.90579,-4.299685,-20.70184,147.6605,-0.1255819,2.952219,0.03543663,0.007262987,0.02327752,-0.04947051,0.9984779,-0.06078072,2.956991,0.03676605,-0.02834104,-0.1581815,0.9870032,28,-0.7,-7.795444,71.12127,29,5.7,-25.888,199.8565
40.9343,-4.53669,-20.70181,147.6603,-0.3922189,2.947416,0.03456636,0.007125748,0.02748224,-0.05255117,0.9982146,-0.2977914,2.956991,0.03676605,-0.02834104,-0.1581815,0.9870032,28,-0.7,-7.41858,68.43974,29,5.7,-25.51114,197.175
40.96149,-4.039665,-22.95724,163.7085,-0.6471511,2.943633,0.03387825,0.008300068,0.03076187,-0.05432644,0.9980148,-0.562107,2.954012,0.03608549,-0.02098108,-0.1563299,0.987482,28,-0.7,-7.059255,65.88301,29,5.7,-25.15181,194.6182
40.98947,-4.766822,-25.50269,181.8203,-0.8921537,2.938909,0.03298288,0.007364105,0.03358093,-0.05425765,0.997935,-0.8162798,2.949557,0.03522313,-0.02146559,-0.1545976,0.9877443,28,-0.7,-6.689113,63.24932,29,5.7,-24.78167,191.9845
41.01724,-3.826581,-24.94138,177.8264,-1.127493,2.934132,0.03199498,0.009085875,0.03503639,-0.05432301,0.9978672,-1.060293,2.944647,0.03428972,-0.01536937,-0.1549336,0.9878053,28,-0.7,-6.322093,60.63784,29,5.7,-24.41465,189.3731
41.04507,-4.404309,-24.25941,172.9739,-1.342616,2.930627,0.03195187,0.006997851,0.03533459,-0.05386445,0.9978984,-1.284828,2.939221,0.03308785,-0.017816,-0.155337,0.9877009,28,-0.7,-5.954123,58.01959,29,5.7,-24.04668,186.7548
41.07306,-3.901864,-23.51203,167.656,-1.54719,2.925649,0.03202404,0.002991801,0.03668475,-0.05736319,0.9976747,-1.497841,2.933917,0.03231776,-0.01416513,-0.1558264,0.9876829,28,-0.7,-5.584099,55.38673,29,5.7,-23.67665,184.122
41.10129,-4.068538,-23.51203,167.656,-1.734698,2.91921,0.03161219,0.004208712,0.03780097,-0.0605915,0.9974378,-1.664515,2.933917,0.03231776,-0.01416513,-0.1558264,0.9876829,28,-0.7,-5.211036,52.73225,29,5.7,-23.30359,181.4675
41.12866,-2.89156,-23.27552,165.9732,-1.904874,2.913269,0.0314294,0.007570209,0.0394437,-0.06274039,0.9972215,-1.844713,2.928654,0.03202522,-0.006231198,-0.1559766,0.9877411,28,-0.7,-4.84891,50.15559,29,5.7,-22.94147,178.8908
41.15652,-2.627065,-23.59804,168.268,-2.060119,2.90596,0.03129278,0.006526582,0.04152846,-0.06638896,0.9969079,-2.00927,2.922287,0.03184366,-0.003627367,-0.1557136,0.9877956,28,-0.7,-4.480535,47.53447,29,5.7,-22.57309,176.2697
41.18423,-2.125182,-27.03898,192.7516,-2.202575,2.897082,0.03037134,0.008780347,0.04315338,-0.07059953,0.9965321,-2.159907,2.915044,0.0316844,0.0001780501,-0.1535837,0.9881356,28,-0.7,-4.113996,44.92641,29,5.7,-22.20655,173.6616
41.21213,-0.3962107,-34.90098,248.6925,-2.32459,2.88917,0.02937353,0.01070933,0.04492417,-0.07170579,0.9963561,-2.289937,2.906663,0.03127384,0.007528943,-0.1503129,0.9886098,28,-0.7,-3.745445,42.30403,29,5.7,-21.838,171.0393
41.23996,-0.2942229,-27.81511,198.2741,-2.43124,2.88086,0.02836854,0.009021781,0.04651117,-0.07181299,0.9962922,-2.403852,2.897202,0.03043437,0.01051557,-0.1530873,0.9881567,28,-0.7,-3.377357,39.68495,29,5.7,-21.46991,168.4202
41.26779,-0.3742164,-27.81513,198.2742,-2.521235,2.872003,0.02698633,0.008082978,0.04688856,-0.07294907,0.9962001,-2.483847,2.897202,0.03043437,0.01051557,-0.1530873,0.9881567,28,-0.7,-3.009441,37.06709,29,5.7,-21.102,165.8023
41.29575,1.144098,-35.90914,255.866,-2.590294,2.863577,0.02548678,0.009034421,0.04731598,-0.07444897,0.9960607,-2.561729,2.887409,0.02929163,0.01431993,-0.1499162,0.988595,28,-0.7,-2.639977,34.43822,29,5.7,-20.73253,163.1734
41.32358,1.46659,-38.79335,276.3882,-2.638553,2.85609,0.02389128,0.009817272,0.04801884,-0.07669133,0.9958495,-2.618297,2.877224,0.02793443,0.01461424,-0.1490822,0.9887168,28,-0.7,-2.271932,31.81944,29,5.7,-20.36449,160.5547
41.35138,1.269543,-29.03606,206.9615,-2.667962,2.849338,0.02219318,0.01047292,0.04922539,-0.0807725,0.9954612,-2.655171,2.86707,0.0263021,0.01874116,-0.1523428,0.98815,28,-0.7,-1.904301,29.20361,29,5.7,-19.99686,157.9388
41.37939,0.4054092,-23.15755,165.1337,-2.679883,2.843751,0.02037509,0.009795976,0.04998503,-0.08573658,0.995015,-2.673376,2.857637,0.02443969,0.01841659,-0.1556168,0.9876458,28,-0.7,-1.53388,26.56793,29,5.7,-19.62644,155.3032
41.40698,0.5643018,-20.63142,147.1594,-2.671377,2.839434,0.01878224,0.007622175,0.05000734,-0.08772461,0.9948596,-2.670372,2.849368,0.02239096,0.02170428,-0.1575533,0.987272,28,-0.7,-1.169327,23.974,29,5.7,-19.26188,152.7092
41.43481,0.5888143,-20.63142,147.1594,-2.643801,2.836072,0.01741013,0.004748288,0.05062773,-0.08774521,0.9948442,-2.645859,2.849368,0.02239096,0.02170428,-0.1575533,0.987272,28,-0.7,-0.8012401,21.35493,29,5.7,-18.8938,150.0902
41.46277,1.058681,-22.26035,158.7499,-2.597717,2.833189,0.01611103,0.003625944,0.05109894,-0.087065,0.9948847,-2.606424,2.842699,0.02035356,0.02280087,-0.1561678,0.9874673,28,-0.7,-0.4316786,18.72536,29,5.7,-18.52423,147.4606
41.49048,2.578053,-29.69662,211.6617,-2.53133,2.830856,0.01508565,0.002243806,0.05181712,-0.08633764,0.994915,-2.545873,2.837603,0.01850808,0.02392229,-0.1518939,0.9881073,28,-0.7,-0.06505275,16.11668,29,5.7,-18.15761,144.8519
41.51831,2.72578,-26.36591,187.9624,-2.44715,2.82899,0.01421877,-0.0002645068,0.05241895,-0.08559817,0.9949498,-2.466415,2.833716,0.01694882,0.02728841,-0.1534633,0.9877775,28,-0.7,0.3028781,13.49872,29,5.7,-17.78968,142.234
41.5463,1.897168,-22.73932,162.1579,-2.344233,2.828089,0.01343268,-0.001311928,0.05312434,-0.08553292,0.9949172,-2.367257,2.830665,0.01559234,0.02597068,-0.1557232,0.9874592,28,-0.7,0.6728934,10.86592,29,5.7,-17.41966,139.6012
41.57422,1.685702,-18.74216,133.7167,-2.224216,2.827537,0.01283447,-0.001822852,0.0540242,-0.08548487,0.9948722,-2.249949,2.828467,0.01444054,0.02904791,-0.1592066,0.9868178,28,-0.7,1.042116,8.238768,29,5.7,-17.05044,136.974
41.60193,1.81153,-18.74216,133.7167,-2.082659,2.829474,0.01332553,-0.003997613,0.05461943,-0.08441468,0.9949245,-2.124121,2.828467,0.01444054,0.02904791,-0.1592066,0.9868178,28,-0.7,1.408216,5.633832,29,5.7,-16.68434,134.3691
41.62994,2.240182,-19.30394,137.7139,-1.921347,2.833834,0.01485956,-0.008684825,0.05596215,-0.08236602,0.9949918,-1.967175,2.827145,0.01356721,0.03015357,-0.1586106,0.9868807,28,-0.7,1.778915,2.996172,29,5.7,-16.31364,131.7314
41.65778,3.386129,-22.15778,158.0201,-1.742459,2.84001,0.01643445,-0.0117298,0.05515364,-0.07694954,0.9954393,-1.791551,2.827538,0.01356649,0.03234968,-0.156106,0.9872105,28,-0.7,2.146634,0.3797123,29,5.7,-15.94592,129.115
41.68542,8.060887,-38.55442,274.6881,-1.548331,2.848127,0.01833491,-0.01338958,0.05201378,-0.07111193,0.9960213,-1.599243,2.830906,0.01437235,0.03475593,-0.1488992,0.9882414,29,5.7,-15.5804,126.5142,30,-0.7,-33.67298,255.2495
41.71341,2.526214,-18.29665,130.5467,-1.337229,2.85674,0.01974713,-0.009642945,0.04855249,-0.06843223,0.9964271,-1.388898,2.837219,0.01599896,0.02959525,-0.159756,0.9867128,29,5.7,-15.21021,123.8801,30,-0.7,-33.30279,252.6154
41.7413,2.189077,-17.95404,128.1089,-1.109069,2.866554,0.02107985,-0.002639176,0.04641053,-0.06597347,0.996738,-1.160783,2.845948,0.01799333,0.02580548,-0.1602317,0.9867421,29,5.7,-14.84167,121.2578,30,-0.7,-32.93424,249.9931
41.76917,2.405461,-17.95405,128.109,-0.86564,2.878246,0.02216525,0.000969708,0.04543832,-0.06244864,0.9970129,-0.9444011,2.845948,0.01799333,0.02580548,-0.1602317,0.9867421,29,5.7,-14.47304,118.6349,30,-0.7,-32.56562,247.3702
41.79697,1.40969,-13.07161,93.36859,-0.6133462,2.889763,0.02235856,0.003508955,0.04663416,-0.0606579,0.9970624,-0.6921795,2.856391,0.01984787,0.02219006,-0.1681567,0.9855105,29,5.7,-14.10567,116.0209,30,-0.7,-32.19825,244.7562
41.8248,1.878885,-14.73179,105.1814,-0.3501504,2.901976,0.02223538,0.004786799,0.04613537,-0.05473175,0.9974232,-0.427625,2.86872,0.02133775,0.02162736,-0.165034,0.9860507,29,5.7,-13.73756,113.4016,30,-0.7,-31.83013,242.1369
41.85263,2.8431,-14.98979,107.0171,-0.08151717,2.914455,0.022155,0.001979556,0.04600755,-0.05138547,0.9976166,-0.1561327,2.882252,0.02214503,0.02763789,-0.1646907,0.985958,29,5.7,-13.36941,110.7822,30,-0.7,-31.46199,239.5174
41.88046,3.232435,-14.98259,106.966,0.194568,2.925916,0.02180854,0.0001699943,0.04518506,-0.04673306,0.997885,0.1236507,2.896444,0.02221906,0.02865963,-0.1648255,0.9859063,29,5.7,-13.0017,108.1657,30,-0.7,-31.09427,236.901
41.90829,3.360617,-17.24551,123.0675,0.4750035,2.936382,0.02155415,-0.0001768433,0.04379222,-0.04145705,0.9981802,0.4085144,2.911035,0.02211726,0.02366977,-0.161614,0.9865702,29,5.7,-12.63362,105.5467,30,-0.7,-30.7262,234.282
41.93631,3.613258,-17.24552,123.0676,0.7592226,2.944905,0.02127273,0.0007495657,0.04214078,-0.03608663,0.9984595,0.6611536,2.911035,0.02211726,0.02366977,-0.161614,0.9865702,29,5.7,-12.26342,102.9126,30,-0.7,-30.35599,231.6479
41.96405,4.010619,-18.605,132.7408,1.048444,2.95328,0.02117628,0.0003871489,0.0405691,-0.03127513,0.9986871,0.9548262,2.924844,0.02187753,0.02272157,-0.1600868,0.9868414,29,5.7,-11.89638,100.301,30,-0.7,-29.98896,229.0363
41.99185,3.408561,-17.37967,124.022,1.340775,2.959646,0.02116114,-0.0015316,0.03951674,-0.0268205,0.9988577,1.252033,2.936926,0.02156579,0.01715992,-0.1616632,0.9866968,29,5.7,-11.52887,97.68604,30,-0.7,-29.62145,226.4213
42.01987,3.617138,-18.27415,130.3867,1.634779,2.963853,0.02104928,-0.001702206,0.03760871,-0.022406,0.9990399,1.551436,2.947417,0.02136779,0.01563771,-0.1606509,0.9868874,29,5.7,-11.15836,95.04973,30,-0.7,-29.25094,223.785
42.04742,3.924877,-19.99656,142.6421,1.928887,2.965807,0.02083256,-0.001979029,0.03550649,-0.01894053,0.999188,1.851557,2.955833,0.02122188,0.01435112,-0.1588721,0.9871948,29,5.7,-10.79398,92.457,30,-0.7,-28.88656,221.1923
42.07526,3.826169,-19.40688,138.4464,2.223299,2.967484,0.02113794,-0.002393583,0.03321373,-0.0165274,0.9993088,2.152258,2.961522,0.02107239,0.01193681,-0.1595112,0.987124,29,5.7,-10.42606,89.83916,30,-0.7,-28.51864,218.5744
42.10327,4.088226,-19.40687,138.4463,2.518114,2.966725,0.02107349,-0.004117869,0.03091788,-0.0145921,0.999407,2.414315,2.961522,0.02107239,0.01193681,-0.1595112,0.987124,29,5.7,-10.05569,87.2038,30,-0.7,-28.14827,215.9391
42.13116,4.252132,-20.21851,144.2214,2.807152,2.963937,0.02084345,-0.001421585,0.02853191,-0.01348931,0.9995009,2.710452,2.964855,0.02091599,0.01055508,-0.1587245,0.9872665,29,5.7,-9.687058,84.58086,30,-0.7,-27.77964,213.3161
42.15875,4.440149,-20.95263,149.445,3.095835,2.960596,0.02051864,0.0003323024,0.02625728,-0.011111,0.9995935,3.00621,2.965869,0.02093863,0.009475375,-0.158052,0.9873853,29,5.7,-9.322325,81.98565,30,-0.7,-27.4149,210.7209
42.18668,4.232374,-18.80785,134.1841,3.380815,2.957484,0.02050914,8.762628E-05,0.02411431,-0.00807246,0.9996766,3.298343,2.964262,0.0208708,0.006871833,-0.1601815,0.9870636,29,5.7,-8.952886,79.35696,30,-0.7,-27.04547,208.0922
42.21429,4.119548,-16.7026,119.2045,3.660627,2.952846,0.02048425,0.0008967037,0.02186385,-0.005980979,0.9997427,3.585562,2.961043,0.0207361,0.004420543,-0.1627838,0.9866519,29,5.7,-8.587794,76.75919,30,-0.7,-26.68037,205.4945
42.24231,3.917744,-19.70843,140.592,3.933928,2.948277,0.02014417,0.002765259,0.01867291,-0.005214246,0.9998082,3.866536,2.956664,0.02052665,0.0003596277,-0.1591795,0.9872496,29,5.7,-8.217267,74.12276,30,-0.7,-26.30985,202.858
42.2702,3.481745,-17.33231,123.6851,4.199871,2.94347,0.01944258,0.004986505,0.01501388,-0.003729316,0.999868,4.140128,2.951723,0.02038121,-0.005253672,-0.1618593,0.9867999,29,5.7,-7.848479,71.4987,30,-0.7,-25.94106,200.234
42.29828,3.71197,-17.33231,123.6851,4.458873,2.938043,0.01826498,0.007244499,0.01265433,-0.004282359,0.9998845,4.370353,2.951723,0.02038121,-0.005253672,-0.1618593,0.9867999,29,5.7,-7.47753,68.85925,30,-0.7,-25.57011,197.5945
42.32581,3.806981,-17.13261,122.2641,4.705952,2.932608,0.01661953,0.009079277,0.01161069,-0.005465078,0.9998765,4.626203,2.946206,0.01990974,-0.006612776,-0.1620764,0.9867561,29,5.7,-7.113458,66.26875,30,-0.7,-25.20604,195.004
42.3537,3.381384,-18.05474,128.8254,4.943664,2.927173,0.01469264,0.009388994,0.00955081,-0.002789491,0.9999064,4.87253,2.940153,0.01879239,-0.01142511,-0.160862,0.9869108,29,5.7,-6.744767,63.64537,30,-0.7,-24.83735,192.3807
42.38156,3.703865,-20.42563,145.6952,5.169236,2.92255,0.01305246,0.008007631,0.007854879,2.453988E-05,0.9999371,5.106648,2.933753,0.01710117,-0.009507459,-0.1583197,0.9873421,29,5.7,-6.376431,61.02453,30,-0.7,-24.46901,189.7598
42.40933,3.688264,-19.66009,140.2481,5.382518,2.917725,0.01117223,0.004943232,0.007048308,0.002065396,0.9999608,5.328242,2.927388,0.01515377,-0.0115451,-0.1590109,0.9872093,29,5.7,-6.009215,58.41165,30,-0.7,-24.1018,187.147
42.43713,3.059724,-23.03684,164.2748,5.581705,2.911124,0.0087616,0.003742605,0.005734533,0.004844286,0.9999648,5.535456,2.92146,0.01305401,-0.01488548,-0.1560757,0.9876329,29,5.7,-5.641594,55.79589,30,-0.7,-23.73418,184.5312
42.46579,3.226029,-23.03684,164.2748,5.768798,2.904391,0.006465832,0.004238418,0.004003048,0.007188193,0.9999572,5.701761,2.92146,0.01305401,-0.01488548,-0.1560757,0.9876329,29,5.7,-5.262558,53.0989,30,-0.7,-23.35514,181.8342
42.49289,2.066659,-30.56248,217.8226,5.940097,2.897537,0.004079201,0.003015698,0.003010988,0.008554518,0.9999544,5.882241,2.914838,0.01070511,-0.01731188,-0.1518917,0.9882455,29,5.7,-4.904494,50.55114,30,-0.7,-22.99708,179.2865
42.52063,1.152219,-34.09433,242.953,6.096529,2.889645,0.001339959,0.002030847,0.001577228,0.01100394,0.9999362,6.047351,2.907362,0.007983685,-0.01991548,-0.1505386,0.9884036,29,5.7,-4.537612,47.94064,30,-0.7,-22.63019,176.676
42.54852,1.828224,-32.24227,229.7748,6.235655,2.881566,-0.001448828,0.002614214,0.0001481175,0.01342644,0.9999065,6.194833,2.899202,0.005081058,-0.01878252,-0.1511575,0.9883313,29,5.7,-4.168744,45.31601,30,-0.7,-22.26133,174.0513
42.57632,2.530756,-27.22087,194.0457,6.357953,2.873775,-0.003892939,0.002425716,-0.001235396,0.0159482,0.9998692,6.324875,2.890195,0.00196135,-0.01931805,-0.1533128,0.9879889,29,5.7,-3.80111,42.70016,30,-0.7,-21.89369,171.4355
42.60391,2.909013,-25.51638,181.9177,6.46269,2.867253,-0.005752095,0.0004022671,-0.001943469,0.01753565,0.9998443,6.436703,2.880773,-0.001160264,-0.01915603,-0.1542019,0.9878536,29,5.7,-3.436728,40.10745,30,-0.7,-21.52931,168.8428
42.63272,2.987463,-25.51639,181.9177,6.550947,2.86081,-0.007559714,-0.002125148,-0.002054393,0.01912807,0.9998127,6.515153,2.880773,-0.001160264,-0.01915603,-0.1542019,0.9878536,29,5.7,-3.055507,37.39492,30,-0.7,-21.14809,166.1302
42.66006,3.064789,-23.50058,167.5745,6.618614,2.854299,-0.009558408,-0.002087614,-0.001749009,0.01982645,0.9997997,6.5914,2.871896,-0.003982186,-0.02078419,-0.1554269,0.9876288,29,5.7,-2.69414,34.82366,30,-0.7,-20.78672,163.559
42.68768,2.487336,-29.94936,213.4599,6.669224,2.848926,-0.01056258,-0.002908147,-0.002099097,0.02226631,0.9997457,6.649723,2.863751,-0.006416917,-0.01926909,-0.1519029,0.9882076,29,5.7,-2.329074,32.22607,30,-0.7,-20.42166,160.9614
42.71561,0.5126081,-34.46955,245.6228,6.701463,2.844336,-0.0109029,-0.006295885,-0.0006798506,0.02132433,0.9997526,6.688805,2.856192,-0.008363962,-0.02485113,-0.1501874,0.9883451,29,5.7,-1.959713,29.59793,30,-0.7,-20.05229,158.3333
42.74332,-2.424156,-53.01974,377.6143,6.713414,2.839725,-0.0110246,-0.007623771,0.0003430843,0.02145669,0.9997407,6.706926,2.849407,-0.009866357,-0.02391313,-0.1463141,0.9889491,29,5.7,-1.593609,26.99298,30,-0.7,-19.68619,155.7283
42.77103,1.239901,-33.96497,242.0326,6.703233,2.835119,-0.01115601,-0.004960349,0.0001425743,0.0219585,0.9997466,6.702408,2.843421,-0.01070189,-0.02230624,-0.1503077,0.9883876,29,5.7,-1.226939,24.38398,30,-0.7,-19.31952,153.1193
42.79956,1.214254,-33.96487,242.0319,6.674364,2.832082,-0.01073465,-0.001100423,5.301833E-05,0.02314321,0.9997315,6.676746,2.843421,-0.01070189,-0.02230624,-0.1503077,0.9883876,29,5.7,-0.8497715,21.70029,30,-0.7,-18.94235,150.4356
42.82678,3.653836,-18.41752,131.4067,6.622808,2.831258,-0.009393197,-0.0005584703,0.001206457,0.0222772,0.999751,6.632194,2.837905,-0.01099896,-0.02236697,-0.1596247,0.9869244,29,5.7,-0.4897129,19.13834,30,-0.7,-18.58229,147.8737
42.85464,4.532809,-13.06832,93.34518,6.55177,2.830474,-0.008203909,-0.002079986,0.001632035,0.02174699,0.99976,6.566837,2.833442,-0.01062644,-0.02147361,-0.1678778,0.9855739,29,5.7,-0.121698,16.51978,30,-0.7,-18.21428,145.2551
42.88242,4.65681,-12.39323,88.54168,6.462584,2.829576,-0.007314843,-0.0005901,0.001354516,0.02193387,0.9997584,6.482419,2.830842,-0.009760737,-0.02031409,-0.1694027,0.9853376,29,5.7,0.2456088,13.90626,30,-0.7,-17.84697,142.6416
42.91037,3.73617,-13.79185,98.49335,6.351708,2.830464,-0.005886586,0.001298282,0.001431882,0.02006787,0.9997967,6.375488,2.829458,-0.008549213,-0.02641187,-0.1663307,0.9857162,29,5.7,0.6152887,11.27585,30,-0.7,-17.47729,140.0112
42.93817,3.820256,-12.64704,90.34758,6.220042,2.834045,-0.003225878,-0.001057724,0.001595795,0.0160633,0.9998692,6.246917,2.829046,-0.007135987,-0.02646231,-0.1687638,0.9853013,29,5.7,0.9828278,8.660674,30,-0.7,-17.10975,137.396
42.96664,3.683281,-12.64703,90.34755,6.065944,2.838783,-0.0001377872,-0.003170208,0.001310408,0.01171533,0.9999256,6.109941,2.829046,-0.007135987,-0.02646231,-0.1687638,0.9853013,29,5.7,1.359445,5.9809,30,-0.7,-16.73314,134.7162
42.99393,3.38728,-12.92099,92.29688,5.893176,2.843412,0.002497836,-0.001150097,0.0003711283,0.00972706,0.999952,5.941473,2.830787,-0.004980922,-0.0272677,-0.1681605,0.9853824,29,5.7,1.720042,3.415119,30,-0.7,-16.37254,132.1504
43.02173,2.980658,-13.91829,99.39297,5.701252,2.849406,0.005296693,0.004191052,-0.0006152391,0.009018776,0.9999503,5.752509,2.834842,-0.002016187,-0.02748897,-0.1661439,0.9857183,29,5.7,2.087413,0.8011389,30,-0.7,-16.00517,129.5365
43.04965,3.003939,-12.43446,88.83498,5.490868,2.857035,0.008272863,0.006925844,-0.001271337,0.007232739,0.9999491,5.543913,2.840257,0.001234531,-0.02816774,-0.1693931,0.985146,30,-0.7,-15.63569,126.9075,31,5.7,-33.72819,255.6422
43.0777,3.056061,-12.49125,89.23903,5.260854,2.865159,0.01110139,0.008540151,-0.001458138,0.002297305,0.9999598,5.314608,2.84703,0.00450325,-0.02493668,-0.1693503,0.9852404,30,-0.7,-15.2652,124.2713,31,5.7,-33.35769,253.006
43.10519,3.522329,-10.89812,77.90341,5.018218,2.874245,0.01383458,0.009138737,-0.002788097,-0.00156519,0.9999532,5.071342,2.855586,0.008012533,-0.01957917,-0.1738435,0.9845786,30,-0.7,-14.90143,121.6829,31,5.7,-32.99392,250.4177
43.13397,3.29225,-10.89812,77.90338,4.759379,2.883463,0.01621559,0.009994558,-0.003179193,-0.00632001,0.9999251,4.841264,2.855586,0.008012533,-0.01957917,-0.1738435,0.9845786,30,-0.7,-14.52087,118.9751,31,5.7,-32.61336,247.7098
43.16083,2.730482,-11.63615,83.15471,4.488039,2.892573,0.01809143,0.01207483,-0.003182054,-0.01040108,0.999868,4.569746,2.865523,0.01145053,-0.02178745,-0.1717831,0.9848938,30,-0.7,-14.16572,116.4481,31,5.7,-32.25822,245.1829
43.18872,2.651792,-14.14215,100.9858,4.203021,2.901289,0.01941001,0.01384124,-0.002514154,-0.01447369,0.9997963,4.283581,2.876226,0.01450479,-0.01593414,-0.1661813,0.9859665,30,-0.7,-13.79728,113.8265,31,5.7,-31.88977,242.5612
43.21661,2.236184,-13.56995,96.9144,3.90509,2.910268,0.0206288,0.01448363,-0.0009530783,-0.01853786,0.9997228,3.983685,2.887029,0.0169034,-0.01777712,-0.1674148,0.9857262,30,-0.7,-13.42839,111.2017,31,5.7,-31.52089,239.9365
43.24515,-1.92122,-15.07857,107.6488,3.59537,2.918834,0.02173559,0.01341386,0.001264393,-0.02228698,0.9996608,3.671018,2.897861,0.01895285,-0.051181,-0.164523,0.9850445,30,-0.7,-13.05093,108.516,31,5.7,-31.14343,237.2507
43.27237,-4.387853,-21.83188,155.7011,3.273952,2.926906,0.02270816,0.0114078,0.003925472,-0.02584388,0.9995933,3.345975,2.908493,0.02056515,-0.04900295,-0.1567595,0.9864204,30,-0.7,-12.69112,105.9558,31,5.7,-30.78362,234.6906
43.30093,-4.678434,-21.83188,155.7011,2.947049,2.934243,0.0233063,0.009912316,0.005925925,-0.02786657,0.999545,3.055394,2.908493,0.02056515,-0.04900295,-0.1567595,0.9864204,30,-0.7,-12.31368,103.2702,31,5.7,-30.40618,232.0049
43.32791,-5.876379,-26.22753,186.9778,2.609866,2.941166,0.02436947,0.00915813,0.00802663,-0.02952201,0.99949,2.714701,2.918853,0.02161384,-0.04535719,-0.1538803,0.9870479,30,-0.7,-11.95674,100.7304,31,5.7,-30.04923,229.4651
43.3558,-7.450583,-32.805,233.7789,2.265781,2.946625,0.02563838,0.006702488,0.01038751,-0.03173931,0.9994197,2.366057,2.928291,0.02264929,-0.04147723,-0.1509802,0.9876662,30,-0.7,-11.58793,98.10616,31,5.7,-29.68043,226.8409
43.38367,-6.3268,-29.62717,211.1675,1.916518,2.951321,0.02699206,0.004781086,0.0124833,-0.03459831,0.999312,2.011262,2.936699,0.0239135,-0.03899888,-0.1523081,0.9875634,30,-0.7,-11.21964,95.48568,31,5.7,-29.31214,224.2204
43.41153,-8.637627,-38.33444,273.1229,1.565698,2.954354,0.02831571,0.004495664,0.01316684,-0.03476433,0.9992988,1.653975,2.943855,0.02535558,-0.03723563,-0.1493474,0.9880834,30,-0.7,-10.85137,92.86527,31,5.7,-28.94387,221.6
43.4393,-7.674697,-34.58036,246.4113,1.214015,2.956187,0.0300017,0.004118379,0.01453137,-0.03652512,0.9992186,1.295031,2.94928,0.02676547,-0.03596698,-0.1504871,0.9879575,30,-0.7,-10.48391,90.25065,31,5.7,-28.57641,218.9854
43.46759,-7.984954,-34.58039,246.4115,0.8649839,2.95713,0.03152761,0.003299577,0.01495191,-0.0371615,0.999192,0.984781,2.94928,0.02676547,-0.03596698,-0.1504871,0.9879575,30,-0.7,-10.10991,87.58953,31,5.7,-28.20241,216.3243
43.49518,-7.156715,-32.22451,229.6486,0.5212403,2.956878,0.03254152,0.004763885,0.01526499,-0.03770856,0.9991609,0.632638,2.953119,0.02853239,-0.03351273,-0.1513475,0.9879124,30,-0.7,-9.745511,84.99669,31,5.7,-27.83801,213.7314
43.52292,-6.147076,-29.40391,209.5789,0.1883977,2.956362,0.03395414,0.008509926,0.0148887,-0.0377007,0.9991419,0.290256,2.955395,0.03044403,-0.03034616,-0.1525447,0.9878306,30,-0.7,-9.378551,82.38563,31,5.7,-27.47105,211.1204
43.5509,-4.305278,-24.32461,173.4378,-0.1381199,2.95557,0.03515222,0.006089641,0.01590538,-0.04039092,0.9990388,-0.04594952,2.956019,0.03202176,-0.02425719,-0.1553652,0.9875593,30,-0.7,-9.008699,79.754,31,5.7,-27.1012,208.4888
43.57874,-3.609208,-25.33766,180.6461,-0.4596091,2.953818,0.03648876,0.003186284,0.01822761,-0.04612562,0.9987643,-0.3766983,2.955677,0.03348172,-0.01767907,-0.1547404,0.987797,30,-0.7,-8.64046,77.13384,31,5.7,-26.73296,205.8686
43.60638,-3.509624,-30.05372,214.2026,-0.7659686,2.950915,0.03784992,0.003317447,0.02074242,-0.04895384,0.9985802,-0.6927887,2.954437,0.03507948,-0.0129979,-0.1523117,0.988247,30,-0.7,-8.274973,74.53327,31,5.7,-26.36747,203.268
43.6347,-3.774835,-30.05376,214.2029,-1.064326,2.949432,0.03973448,0.003609279,0.0239481,-0.05282175,0.9983103,-0.9579951,2.954437,0.03507948,-0.0129979,-0.1523117,0.988247,30,-0.7,-7.900463,71.86849,31,5.7,-25.99296,200.6032
43.66211,-3.04248,-25.09208,178.8987,-1.353585,2.945301,0.04118673,0.001880744,0.02771038,-0.05716905,0.9979781,-1.257432,2.95222,0.0367012,-0.009859091,-0.154893,0.9878821,30,-0.7,-7.538225,69.29104,31,5.7,-25.63072,198.0258
43.68994,-2.571515,-24.23931,172.8309,-1.634329,2.941492,0.04253999,0.003725367,0.03294951,-0.06286634,0.997471,-1.547827,2.94958,0.03849804,-0.005852266,-0.1554349,0.9878288,30,-0.7,-7.170438,66.6741,31,5.7,-25.26294,195.4088
43.71783,-1.993525,-22.51262,160.5449,-1.898383,2.937157,0.04356302,0.007307554,0.03813273,-0.06360415,0.9972197,-1.821771,2.946026,0.04039729,-0.001056868,-0.1566579,0.9876524,30,-0.7,-6.801558,64.04938,31,5.7,-24.89406,192.7841
43.7457,-1.041209,-18.5998,132.7037,-2.151289,2.932297,0.04399376,0.01094201,0.04183143,-0.06146003,0.9971726,-2.084143,2.941594,0.0421021,0.007759737,-0.1602744,0.987042,30,-0.7,-6.433138,61.42793,31,5.7,-24.52564,190.1627
43.77353,-0.5803825,-14.56208,103.9738,-2.390011,2.926815,0.04439379,0.01233493,0.04573381,-0.06120455,0.9970007,-2.331991,2.936419,0.0433588,0.01661745,-0.1660077,0.9859844,30,-0.7,-6.065128,58.8094,31,5.7,-24.15763,187.5442
43.80124,-0.7772437,-14.56209,103.9739,-2.611481,2.920216,0.04405501,0.01395457,0.05007401,-0.06108764,0.9967779,-2.528854,2.936419,0.0433588,0.01661745,-0.1660077,0.9859844,30,-0.7,-5.698645,56.20174,31,5.7,-23.79115,184.9365
43.82928,-0.01552129,-15.07777,107.6431,-2.815449,2.913986,0.04323452,0.01753437,0.0543223,-0.06133521,0.9964837,-2.743729,2.930415,0.04414701,0.02499969,-0.1650165,0.985974,30,-0.7,-5.328091,53.56512,31,5.7,-23.42059,182.2999
43.85736,0.6555906,-17.67258,126.1062,-3.001019,2.907543,0.0419665,0.02109598,0.05898001,-0.06288685,0.996053,-2.93994,2.92364,0.04423141,0.02813758,-0.16118,0.9865239,30,-0.7,-4.956838,50.92351,31,5.7,-23.04934,179.6583
43.88486,0.7473451,-15.63535,111.6105,-3.169059,2.900429,0.04001152,0.02396006,0.06298122,-0.06520182,0.9955943,-3.117875,2.916252,0.04361248,0.03415566,-0.1639343,0.9858798,30,-0.7,-4.593147,48.33572,31,5.7,-22.68565,177.0705
43.91278,0.167533,-12.91075,92.22396,-3.315999,2.89407,0.0375537,0.02655616,0.06533363,-0.06662428,0.9952826,-3.274038,2.90842,0.04227746,0.03677187,-0.1690218,0.9849262,30,-0.7,-4.22414,45.71009,31,5.7,-22.31664,174.4448
43.9407,2.167518,-20.89783,149.055,-3.446758,2.888099,0.03470071,0.02536594,0.06779784,-0.06916538,0.9949754,-3.413042,2.900367,0.04013968,0.03695579,-0.1575973,0.9868117,30,-0.7,-3.854909,43.08289,31,5.7,-21.94741,171.8176
43.96838,2.068088,-20.89783,149.055,-3.558618,2.881431,0.03139297,0.02131891,0.06881803,-0.07033549,0.9949183,-3.512473,2.900367,0.04013968,0.03695579,-0.1575973,0.9868117,30,-0.7,-3.488656,40.47686,31,5.7,-21.58116,169.2116
43.99634,1.744089,-18.83348,134.3664,-3.649403,2.874231,0.02787104,0.0173695,0.0701254,-0.07163031,0.9948115,-3.613124,2.892702,0.0372709,0.03933914,-0.15954,0.9864073,30,-0.7,-3.119323,37.84891,31,5.7,-21.21182,166.5836
44.02414,2.396343,-19.6104,139.8945,-3.718018,2.866943,0.0239636,0.01451423,0.07153234,-0.07280789,0.9946716,-3.691069,2.885021,0.03378844,0.0429329,-0.1586542,0.9864004,30,-0.7,-2.751781,35.23372,31,5.7,-20.84428,163.9685
44.05197,3.791838,-22.62137,161.3186,-3.767099,2.859936,0.01989516,0.0125235,0.07308549,-0.07585589,0.9943579,-3.748497,2.876939,0.02994466,0.04612791,-0.1559856,0.9866817,30,-0.7,-2.383883,32.61599,31,5.7,-20.47638,161.3507
44.0799,8.47644,-31.71866,226.0491,-3.791745,2.853648,0.01618031,0.008689065,0.07428077,-0.07738847,0.9941921,-3.780825,2.868412,0.02536142,0.05352913,-0.1510464,0.9870763,30,-0.7,-2.014697,29.98909,31,5.7,-20.1072,158.7238
44.10742,8.288906,-30.08327,214.4127,-3.798165,2.846685,0.01204827,0.0061547,0.07597797,-0.07944844,0.9939202,-3.793563,2.860106,0.02064002,0.05561689,-0.1516419,0.9868696,30,-0.7,-1.650416,27.3971,31,5.7,-19.74292,156.1318
44.13541,8.301168,-30.08327,214.4127,-3.784369,2.839884,0.008012127,0.006621036,0.07717311,-0.08110695,0.9936912,-3.781301,2.860106,0.02064002,0.05561689,-0.1516419,0.9868696,30,-0.7,-1.280689,24.76635,31,5.7,-19.37319,153.5011
44.16306,5.141685,-21.56513,153.8031,-3.750213,2.834625,0.004410293,0.005473271,0.07771254,-0.08159038,0.9936166,-3.754437,2.852066,0.01602983,0.05703837,-0.1565533,0.9860212,30,-0.7,-0.9148262,22.1631,31,5.7,-19.00733,150.8978
44.19095,4.599509,-20.04256,142.9694,-3.697075,2.829354,0.0008964012,0.002328891,0.07752839,-0.08092146,0.993698,-3.707505,2.844038,0.01132047,0.05728319,-0.1578205,0.9858049,30,-0.7,-0.5461268,19.53967,31,5.7,-18.63863,148.2744
44.21906,4.270238,-18.7565,133.8186,-3.624062,2.824378,-0.002740752,0.001806825,0.07762715,-0.08123985,0.9936654,-3.639902,2.836713,0.00661397,0.05825974,-0.1590383,0.985552,30,-0.7,-0.1745574,16.89582,31,5.7,-18.26706,145.6305
44.24661,3.860871,-17.56427,125.3355,-3.529111,2.821059,-0.005928178,0.001734965,0.07869676,-0.08228201,0.9934956,-3.549653,2.830127,0.002167344,0.05825982,-0.1603361,0.9853416,30,-0.7,0.1895984,14.30471,31,5.7,-17.9029,143.0394
44.27457,3.906745,-17.72991,126.5141,-3.414462,2.818516,-0.008755301,0.0008642004,0.07924605,-0.08209055,0.9934689,-3.438621,2.824415,-0.001937747,0.05721352,-0.160099,0.9854415,30,-0.7,0.5594994,11.67273,31,5.7,-17.533,140.4074
44.30298,4.026209,-17.72992,126.5142,-3.28007,2.817272,-0.01128904,0.0009042324,0.07929135,-0.08152557,0.9935118,-3.319161,2.824415,-0.001937747,0.05721352,-0.160099,0.9854415,30,-0.7,0.9347929,9.00238,31,5.7,-17.15771,137.7371
44.33005,4.231038,-16.81906,120.033,-3.122689,2.818435,-0.0134071,0.001625266,0.07927564,-0.08019015,0.9936208,-3.166828,2.820141,-0.005806208,0.06070812,-0.1611626,0.985059,30,-0.7,1.293048,6.453263,31,5.7,-16.79945,135.188
44.35788,4.532642,-17.54527,125.2003,-2.941939,2.823087,-0.01428011,0.0001876429,0.08024183,-0.08020514,0.9935434,-2.990527,2.817498,-0.009220481,0.05920147,-0.1602391,0.9853013,30,-0.7,1.660883,3.835981,31,5.7,-16.43161,132.5707
44.38583,5.077274,-17.82161,127.1666,-2.740192,2.83011,-0.01373987,-0.005973477,0.08088803,-0.07879508,0.9935858,-2.792161,2.817393,-0.01184618,0.06096447,-0.1598903,0.9852505,30,-0.7,2.030259,1.207732,31,5.7,-16.06224,129.9424
44.41367,8.464222,-24.17514,172.3742,-2.521389,2.838227,-0.01355889,-0.006471794,0.07916954,-0.0746302,0.9940426,-2.574968,2.821163,-0.01309144,0.0631398,-0.1544082,0.9859875,31,5.7,-15.69412,127.3232,32,-5.7,-34.11784,258.4149
44.44135,22.82838,-45.86165,338.2699,-2.282404,2.84911,-0.01274834,-0.004056737,0.07627857,-0.06872103,0.9947073,-2.336591,2.828226,-0.01361847,0.07343261,-0.1420785,0.9871278,31,5.7,-15.32828,124.7201,32,-5.7,-33.752,255.8118
44.4693,22.85733,-45.48417,335.6508,-2.030638,2.860173,-0.01203983,-0.003897644,0.07364651,-0.06489947,0.9951628,-2.112799,2.828226,-0.01361847,0.07343261,-0.1420785,0.9871278,31,5.7,-14.95853,122.0892,32,-5.7,-33.38225,253.1809
44.49722,22.16411,-43.38808,330.7596,-1.763527,2.871475,-0.01174927,-0.001164708,0.07130704,-0.06225096,0.9955094,-1.846351,2.838243,-0.01333702,0.07170521,-0.1380511,0.987826,31,5.7,-14.58952,119.4636,32,-5.7,-33.01324,250.5553
44.5249,NaN,NaN,NaN,-1.483271,2.882971,-0.01163048,0.001702679,0.07040682,-0.05852555,0.9957986,-1.565452,2.850475,-0.01256466,0.06420096,-0.1383818,0.9882959,31,5.7,-14.22334,116.858,32,-5.7,-32.64706,247.9497
44.5528,9.012564,-24.37782,173.8163,-1.190943,2.895389,-0.01126242,0.0008571167,0.07040375,-0.05344993,0.9960852,-1.271377,2.863787,-0.01197231,0.05834853,-0.1545621,0.9862586,31,5.7,-13.8544,114.2329,32,-5.7,-32.27812,245.3246
44.58081,8.034027,-18.83322,134.3646,-0.8896879,2.907068,-0.01091864,-0.001730179,0.07001153,-0.04715782,0.9964294,-0.96717,2.877676,-0.01159465,0.06598338,-0.1591521,0.9850466,31,5.7,-13.48428,111.5993,32,-5.7,-31.908,242.691
44.60843,9.797893,-21.39257,152.5752,-0.5870174,2.918075,-0.01072252,-0.002510523,0.06971522,-0.04343681,0.9966176,-0.6597924,2.891983,-0.01125658,0.06752976,-0.1568158,0.9853165,31,5.7,-13.1192,109.0016,32,-5.7,-31.54292,240.0934
44.63638,12.46884,-25.95296,185.024,-0.2766407,2.928522,-0.01034202,-0.001495863,0.06749389,-0.03854198,0.9969739,-0.3444315,2.905765,-0.01134098,0.06826093,-0.1537409,0.9857506,31,5.7,-12.74929,106.3696,32,-5.7,-31.17301,237.4613
44.66455,12.74979,-25.95286,185.0234,0.03947018,2.937773,-0.009608423,0.0002556797,0.06435949,-0.03370713,0.9973574,-0.06344402,2.905765,-0.01134098,0.06826093,-0.1537409,0.9857506,31,5.7,-12.37686,103.7196,32,-5.7,-30.80058,234.8114
44.69189,12.85,-28.09808,202.1426,0.3576435,2.945928,-0.008903207,0.001542012,0.06076998,-0.02942993,0.9977167,0.2601594,2.91902,-0.01075196,0.06144198,-0.1513722,0.9865655,31,5.7,-12.01548,101.1483,32,-5.7,-30.4392,232.24
44.71988,12.50896,-29.98952,213.7458,0.679879,2.952609,-0.008188771,0.00223932,0.05670375,-0.02616064,0.9980457,0.5881953,2.931051,-0.009984612,0.05503476,-0.1519849,0.9868494,31,5.7,-11.64559,98.51637,32,-5.7,-30.06931,229.6081
44.74777,10.46964,-27.08208,193.0582,1.008822,2.958264,-0.007460648,0.00353903,0.05161824,-0.02137131,0.9984319,0.922899,2.941487,-0.009115934,0.0488022,-0.1534783,0.9869462,31,5.7,-11.27669,95.89155,32,-5.7,-29.70042,226.9833
44.77551,9.695443,-25.19572,179.636,1.335755,2.962739,-0.006735898,0.002716952,0.04859281,-0.01998483,0.9986151,1.256386,2.95011,-0.00825417,0.0463604,-0.1546206,0.9868856,31,5.7,-10.90978,93.2808,32,-5.7,-29.3335,224.3725
44.80322,9.547379,-23.80333,169.7286,1.666581,2.965602,-0.006099273,0.001269035,0.0444661,-0.01529938,0.9988929,1.593729,2.956986,-0.007394671,0.04623768,-0.1555683,0.9867424,31,5.7,-10.54343,90.67413,32,-5.7,-28.96716,221.7658
44.83157,9.840854,-23.80326,169.7282,1.996765,2.966898,-0.005357247,0.001360302,0.04020339,-0.01083059,0.9991319,1.887225,2.956986,-0.007394671,0.04623768,-0.1555683,0.9867424,31,5.7,-10.16865,88.00742,32,-5.7,-28.59237,219.0991
44.85922,10.36235,-25.73992,183.5082,2.326797,2.967672,-0.005005882,-0.0001160942,0.03684872,-0.007832727,0.9992902,2.224268,2.961938,-0.006558895,0.043771,-0.1543742,0.9870424,31,5.7,-9.803247,85.40743,32,-5.7,-28.22697,216.4992
44.88684,10.17489,-22.54294,160.7605,2.654427,2.96665,-0.004333945,-0.001196326,0.03389758,-0.005595153,0.999409,2.559326,2.965022,-0.006035209,0.04673395,-0.1565332,0.9865664,31,5.7,-9.438087,82.80918,32,-5.7,-27.86181,213.9009
44.91476,10.63311,-26.69142,190.2785,2.98049,2.965375,-0.003321945,-0.003299454,0.03074819,-0.003725019,0.9995148,2.89309,2.966209,-0.005293846,0.04015848,-0.1538764,0.9872737,31,5.7,-9.068703,80.18088,32,-5.7,-27.49243,211.2726
44.94257,9.463095,-22.63723,161.4315,3.301822,2.96328,-0.001935638,-0.004731479,0.02774492,-0.001163443,0.9996032,3.222454,2.965811,-0.004345894,0.0381521,-0.156524,0.986937,31,5.7,-8.701176,77.56579,32,-5.7,-27.1249,208.6575
44.97034,8.350331,-20.98038,149.6423,3.616097,2.959999,-0.0007304017,-0.004666428,0.02452952,0.001658629,0.9996868,3.545097,2.964086,-0.003177047,0.03169151,-0.1579188,0.9869434,31,5.7,-8.334063,74.95364,32,-5.7,-26.75779,206.0454
44.99878,8.622836,-20.9804,149.6424,3.922662,2.956645,0.0005189729,-0.00435498,0.02044767,0.005423341,0.9997668,3.817599,2.964086,-0.003177047,0.03169151,-0.1579188,0.9869434,31,5.7,-7.958137,72.27879,32,-5.7,-26.38186,203.3705
45.026,7.660195,-17.34937,123.8063,4.221261,2.952492,0.001828946,-0.003506043,0.01621103,0.00726318,0.9998361,4.125502,2.961232,-0.001861811,0.02816198,-0.1618209,0.9864182,31,5.7,-7.598312,69.71851,32,-5.7,-26.02204,200.8102
45.05402,6.922017,-15.8584,113.1975,4.511591,2.948287,0.003028947,-0.002706666,0.01288462,0.00656546,0.9998918,4.425152,2.957577,-0.0002714396,0.02175383,-0.1639335,0.9862314,31,5.7,-7.22753,67.08025,32,-5.7,-25.65125,198.172
45.08176,6.799906,-15.15064,108.1616,4.789069,2.942901,0.004026131,-0.002503167,0.01109219,0.004841975,0.9999237,4.712116,2.953109,0.001314998,0.01903443,-0.1650526,0.9861011,31,5.7,-6.86084,64.47112,32,-5.7,-25.28456,195.5628
45.10962,6.522099,-14.51073,103.6084,5.054477,2.937129,0.00511151,-0.003304161,0.009597689,0.004937921,0.9999363,4.986871,2.947786,0.002726912,0.01461041,-0.1661489,0.9859924,31,5.7,-6.492671,61.85145,32,-5.7,-24.91639,192.9432
45.13754,6.641993,-17.54013,125.1637,5.306451,2.931304,0.00633932,-0.004022295,0.007963032,0.007604701,0.9999313,5.24798,2.941683,0.004069686,0.01099099,-0.1614877,0.9868135,31,5.7,-6.123514,59.22477,32,-5.7,-24.54724,190.3165
45.16592,6.853619,-17.54014,125.1638,5.544529,2.92517,0.007255312,-0.004203905,0.005717546,0.01167297,0.9999068,5.459605,2.941683,0.004069686,0.01099099,-0.1614877,0.9868135,31,5.7,-5.748232,56.55449,32,-5.7,-24.17196,187.6462
45.19324,7.031747,-19.12609,136.4484,5.765152,2.918413,0.007952336,-0.002431044,0.004921645,0.01344516,0.9998946,5.690895,2.935047,0.005441427,0.009700737,-0.1596072,0.987133,31,5.7,-5.387177,53.98546,32,-5.7,-23.8109,185.0772
45.2211,6.775983,-19.02763,135.7478,5.974888,2.911599,0.008413341,-0.001151041,0.002929956,0.01790942,0.9998347,5.910312,2.927913,0.006655574,0.006295405,-0.1596673,0.9871508,31,5.7,-5.018483,51.36206,32,-5.7,-23.44221,182.4538
45.24893,6.486588,-13.36072,95.42561,6.164255,2.904016,0.008689687,-0.0009387294,0.0009543002,0.02133784,0.9997715,6.10937,2.920185,0.007517457,0.003896951,-0.1681949,0.985746,31,5.7,-4.650791,48.7458,32,-5.7,-23.07452,179.8375
45.27667,6.339852,-12.51029,89.37448,6.336586,2.895988,0.008699013,-0.0006119926,-0.000323683,0.02248296,0.999747,6.290745,2.911958,0.008256674,0.0005414794,-0.1700598,0.9854336,31,5.7,-4.283819,46.13465,32,-5.7,-22.70754,177.2264
45.3045,6.476921,-12.5103,89.37454,6.490788,2.887658,0.008470347,-0.0001863875,-0.001897276,0.02367591,0.999718,6.427814,2.911958,0.008256674,0.0005414794,-0.1700598,0.9854336,31,5.7,-3.91576,43.51578,32,-5.7,-22.33949,174.6075
45.3331,6.280178,-11.95336,85.41168,6.625135,2.879467,0.008178988,-0.0001419103,-0.003804207,0.02503601,0.9996793,6.572778,2.903054,0.008637667,-0.003375423,-0.1713817,0.9851989,31,5.7,-3.537914,40.82726,32,-5.7,-21.96164,171.919
45.36026,6.139892,-11.92182,85.18729,6.739172,2.871271,0.007651623,-0.001574379,-0.005208194,0.02657798,0.9996319,6.696908,2.893542,0.008652568,-0.006442541,-0.1713565,0.9851881,31,5.7,-3.178766,38.2718,32,-5.7,-21.60249,169.3635
45.38812,5.973553,-11.67517,83.43225,6.831918,2.863447,0.007212989,-0.002203784,-0.006097019,0.02747561,0.9996014,6.799155,2.883749,0.008405447,-0.009748683,-0.1719109,0.9850643,31,5.7,-2.810167,35.64908,32,-5.7,-21.23389,166.7408
45.41614,5.668668,-12.23351,87.40511,6.902859,2.856742,0.007130845,-0.003599242,-0.007049084,0.02887898,0.9995517,6.878801,2.873938,0.007966399,-0.01364278,-0.1703178,0.9852948,31,5.7,-2.439992,33.01515,32,-5.7,-20.86372,164.1069
45.44376,5.238833,-14.62881,104.4486,6.95282,2.851094,0.00709063,-0.004814523,-0.008583665,0.03095466,0.9994724,6.936487,2.864595,0.007497549,-0.01602929,-0.1651731,0.9861344,31,5.7,-2.074871,30.41718,32,-5.7,-20.4986,161.5089
45.47174,5.12415,-16.10728,114.9685,6.979381,2.845942,0.006577448,-0.002804335,-0.009005964,0.03017633,0.9995002,6.9699,2.856811,0.007286787,-0.01583936,-0.1627408,0.9865417,31,5.7,-1.704965,27.78516,32,-5.7,-20.12869,158.8769
45.5,5.129916,-16.10727,114.9684,6.985866,2.840513,0.005885041,-9.461027E-05,-0.009115189,0.02864443,0.9995481,6.975664,2.856811,0.007286787,-0.01583936,-0.1627408,0.9865417,31,5.7,-1.331098,25.12496,32,-5.7,-19.75482,156.2167
45.5274,5.510998,-11.62622,83.08396,6.96792,2.836714,0.005561655,1.63354E-06,-0.008709431,0.02634552,0.999615,6.966164,2.849615,0.006955147,-0.01725333,-0.1716339,0.9850097,31,5.7,-0.9689873,22.54841,32,-5.7,-19.39271,153.6401
45.55542,5.820813,-9.453927,67.62731,6.926358,2.833247,0.004865763,-0.0008400204,-0.009834528,0.02814996,0.999555,6.932197,2.843016,0.006381631,-0.01616822,-0.1788934,0.9837356,31,5.7,-0.5986187,19.9131,32,-5.7,-19.02234,151.0048
45.58298,5.576812,-9.1439,65.42136,6.861298,2.829402,0.00340542,0.001281859,-0.01278847,0.03279047,0.9993796,6.873629,2.837642,0.005788922,-0.01949621,-0.1801291,0.9834498,31,5.7,-0.234047,17.31904,32,-5.7,-18.65777,148.4108
45.61093,5.159763,-10.10694,72.27377,6.777101,2.827156,0.002067653,0.003542107,-0.01403537,0.03255269,0.9993652,6.794312,2.833037,0.004883647,-0.02225804,-0.1762066,0.9841015,31,5.7,0.1355455,14.68925,32,-5.7,-18.28818,145.781
45.63895,4.628096,-9.687849,69.29176,6.670331,2.825537,0.0004890535,0.0026294,-0.01510334,0.03129855,0.9993925,6.6915,2.828975,0.003541231,-0.0292931,-0.1776949,0.9836496,31,5.7,0.5060248,12.05315,32,-5.7,-17.9177,143.1449
45.66721,4.511797,-9.68785,69.29176,6.539493,2.824504,-0.001308788,0.001560044,-0.01749694,0.02934954,0.9994148,6.5752,2.828975,0.003541231,-0.0292931,-0.1776949,0.9836496,31,5.7,0.8795645,9.395279,32,-5.7,-17.54416,140.487
45.6944,3.826728,-10.87454,77.73549,6.385723,2.825806,-0.002414964,0.0002490906,-0.01860178,0.02556993,0.9995,6.427129,2.82605,0.001876235,-0.03292709,-0.173481,0.9842866,31,5.7,1.23893,6.838259,32,-5.7,-17.18479,137.93
45.72214,3.251294,-11.16686,79.81547,6.20667,2.828939,-0.003251198,-0.0008885022,-0.01898718,0.0217821,0.9995821,6.252824,2.824554,7.688999E-05,-0.03701572,-0.172546,0.9843057,31,5.7,1.605977,4.226586,32,-5.7,-16.81775,135.3183
45.7504,3.592615,-8.919998,63.82822,6.002981,2.833192,-0.004368991,0.0005718321,-0.02013329,0.01873454,0.9996216,6.053029,2.824833,-0.001594067,-0.03788286,-0.1808344,0.9827837,31,5.7,1.979364,1.569797,32,-5.7,-16.44436,132.6615
45.77789,3.980533,-7.658512,54.85228,5.777005,2.838535,-0.005816036,0.004380396,-0.02274338,0.01803106,0.9995692,5.829613,2.827421,-0.002967358,-0.03309074,-0.187654,0.9816776,32,-5.7,-16.08084,130.0749,33,0.7,-34.17332,258.8098
45.8056,3.625156,-7.092374,50.824,5.527399,2.845961,-0.006961556,0.006941513,-0.02465278,0.01507336,0.9995583,5.581319,2.832033,-0.004338384,-0.03774551,-0.1914981,0.980767,32,-5.7,-15.71431,127.4669,33,0.7,-33.8068,256.2018
45.83386,3.386608,-7.092376,50.82402,5.259034,2.854092,-0.008329632,0.005972975,-0.02707449,0.01240303,0.9995387,5.342772,2.832033,-0.004338384,-0.03774551,-0.1914981,0.980767,32,-5.7,-15.34067,124.8084,33,0.7,-33.43316,253.5432
45.86133,-0.6258093,-9.973532,71.3245,4.970428,2.862784,-0.01055272,0.006650017,-0.02924198,0.008770904,0.9995117,5.055985,2.838628,-0.00567925,-0.07816035,-0.1762476,0.9812379,32,-5.7,-14.97779,122.2264,33,0.7,-33.07028,250.9612
45.88919,-3.169422,-12.66309,90.46177,4.665134,2.872055,-0.01315669,0.007671631,-0.03116018,0.00578541,0.9994683,4.751012,2.847449,-0.007366061,-0.08597,-0.1683545,0.9819704,32,-5.7,-14.6094,119.6051,33,0.7,-32.70188,248.3399
45.91699,-6.30441,-15.99587,114.1757,4.343472,2.881511,-0.01591179,0.007431833,-0.03229997,0.002709195,0.999447,4.428273,2.857518,-0.009593606,-0.09234167,-0.1622105,0.982426,32,-5.7,-14.24167,116.9886,33,0.7,-32.33416,245.7234
45.94479,-6.70989,-15.98593,114.1051,4.007971,2.891039,-0.01882281,0.00600343,-0.0331516,-0.0001424626,0.9994324,4.090417,2.868311,-0.01263893,-0.09297149,-0.1623016,0.9823515,32,-5.7,-13.87413,114.3734,33,0.7,-31.96661,243.1082
45.97272,-8.044389,-17.03475,121.5679,3.656506,2.900338,-0.02118352,0.004310152,-0.03363418,-0.002863703,0.9994208,3.735673,2.87955,-0.01593161,-0.09518026,-0.1609032,0.9823701,32,-5.7,-13.50498,111.7468,33,0.7,-31.59746,240.4816
46.00082,-8.367463,-17.03475,121.5679,3.293047,2.909055,-0.02330516,0.003469976,-0.03324643,-0.006551782,0.9994197,3.412598,2.87955,-0.01593161,-0.09518026,-0.1609032,0.9823701,32,-5.7,-13.13341,109.1029,33,0.7,-31.22589,237.8377
46.02838,-12.54536,-23.8282,169.9058,2.919459,2.91793,-0.02501083,0.003597467,-0.03257963,-0.009544799,0.9994171,3.035689,2.890885,-0.01894891,-0.09021149,-0.1546988,0.9838344,32,-5.7,-12.76912,106.5108,33,0.7,-30.8616,235.2457
46.05618,-17.50435,-31.26622,222.8301,2.533675,2.926344,-0.02629927,0.002690709,-0.03077015,-0.013348,0.9994338,2.645772,2.901871,-0.02170968,-0.08902012,-0.1509494,0.9845251,32,-5.7,-12.40119,103.8929,33,0.7,-30.49367,232.6277
46.08401,-19.15129,-36.12685,257.4152,2.140324,2.93419,-0.02747391,0.002395159,-0.02992183,-0.01501185,0.9994366,2.247173,2.912435,-0.02403581,-0.08190475,-0.1494268,0.9853747,32,-5.7,-12.03335,101.2756,33,0.7,-30.12583,230.0104
46.11188,-10.12178,-20.84942,148.7107,1.739376,2.941446,-0.0283468,0.002712035,-0.02785119,-0.01859916,0.9994354,1.840148,2.922655,-0.02584958,-0.07916638,-0.1573283,0.9843681,32,-5.7,-11.66501,98.65471,33,0.7,-29.75749,227.3895
46.13995,-9.793561,-20.10862,143.4396,1.332482,2.947966,-0.028872,0.00285812,-0.0251534,-0.02261695,0.9994236,1.42637,2.932176,-0.02726412,-0.0769871,-0.1580976,0.9844177,32,-5.7,-11.29384,96.01365,33,0.7,-29.38632,224.7485
46.16772,-10.16074,-20.10858,143.4393,0.9193888,2.953588,-0.02910371,0.001890561,-0.02219677,-0.02640661,0.999403,1.059176,2.932176,-0.02726412,-0.0769871,-0.1580976,0.9844177,32,-5.7,-10.92663,93.40083,33,0.7,-29.01911,222.1357
46.19556,-10.63753,-20.76784,148.1302,0.5025322,2.958368,-0.02868441,-0.0003282949,-0.01872405,-0.02953475,0.9993883,0.6353101,2.940836,-0.02833843,-0.07491931,-0.1575679,0.9846621,32,-5.7,-10.55865,90.78255,33,0.7,-28.65113,219.5174
46.2233,-11.31043,-22.04144,157.1923,0.08266082,2.962082,-0.0274288,-0.00266608,-0.01491961,-0.0328177,0.9993465,0.2077295,2.948489,-0.02899992,-0.07216387,-0.1565676,0.9850274,32,-5.7,-10.19173,88.17177,33,0.7,-28.28421,216.9066
46.2511,-12.82125,-24.75343,176.4892,-0.3392713,2.964493,-0.02557452,-0.004243712,-0.01141506,-0.03577652,0.9992856,-0.2223689,2.954801,-0.02874279,-0.07033648,-0.1546883,0.9854564,32,-5.7,-9.824089,85.55586,33,0.7,-27.91657,214.2907
46.27896,-12.8018,-25.73847,185.3348,-0.7601539,2.965301,-0.0230367,-0.003706745,-0.008412271,-0.03754758,0.9992526,-0.652128,2.959709,-0.02756822,-0.06463831,-0.1526792,0.9861597,32,-5.7,-9.456007,82.93682,33,0.7,-27.54849,211.6716
46.30725,-7.227778,-14.27458,101.9282,-1.178953,2.965626,-0.02054292,-0.003632208,-0.005287319,-0.03915977,0.9992124,-1.080278,2.962992,-0.0257467,-0.05934824,-0.1664124,0.9842686,32,-5.7,-9.081896,80.27488,33,0.7,-27.17438,209.0097
46.33481,-7.602194,-14.27457,101.9282,-1.600173,2.964458,-0.01751818,-0.003280535,-0.002496988,-0.04188064,0.9991142,-1.454696,2.962992,-0.0257467,-0.05934824,-0.1664124,0.9842686,32,-5.7,-8.717573,77.68259,33,0.7,-26.81005,206.4174
46.36267,-6.786662,-12.40273,88.60934,-2.012912,2.962162,-0.01429118,-0.0007070061,0.0002720952,-0.04421233,0.9990219,-1.877585,2.96448,-0.02306116,-0.05449164,-0.1705789,0.9838362,32,-5.7,-8.349268,75.06196,33,0.7,-26.44175,203.7968
46.39044,-6.497871,-12.126,86.64027,-2.41913,2.95966,-0.01087074,-0.000100432,0.003935367,-0.04538328,0.9989619,-2.294616,2.964104,-0.01968598,-0.04772936,-0.1713532,0.9840528,32,-5.7,-7.982048,72.44905,33,0.7,-26.07453,201.1839
46.41818,-6.203077,-11.59182,82.83944,-2.823622,2.955352,-0.007589049,0.0002536811,0.007630229,-0.04870211,0.9987842,-2.709569,2.962292,-0.01593745,-0.04149234,-0.172859,0.9840722,32,-5.7,-7.615352,69.83987,33,0.7,-25.70783,198.5747
46.44604,-8.113182,-23.45714,167.2656,-3.217435,2.952119,-0.004154034,0.002986148,0.01056129,-0.05094675,0.9986411,-3.114226,2.959101,-0.01207829,-0.02950552,-0.1559176,0.9873293,32,-5.7,-7.246616,67.21619,33,0.7,-25.3391,195.951
46.47391,-6.717597,-20.22817,144.2902,-3.603294,2.947521,-0.0006211976,0.004806336,0.01514068,-0.05215023,0.998513,-3.510877,2.955131,-0.007970333,-0.0219362,-0.15859,0.9871008,32,-5.7,-6.878386,64.5961,33,0.7,-24.97087,193.3309
46.50253,-7.055055,-20.22815,144.2901,-3.982937,2.943631,0.002699771,0.004756527,0.01869887,-0.0541772,0.9983449,-3.848338,2.955131,-0.007970333,-0.0219362,-0.15859,0.9871008,32,-5.7,-6.499771,61.90211,33,0.7,-24.59225,190.6369
46.52957,-6.35009,-21.15227,150.8655,-4.352254,2.938212,0.005580722,0.005778093,0.02086416,-0.05347598,0.9983345,-4.229086,2.950476,-0.003849626,-0.01388115,-0.1577432,0.9873826,32,-5.7,-6.142361,59.359,33,0.7,-24.23484,188.0938
46.55743,-5.672773,-26.53004,189.1304,-4.711665,2.932801,0.008744599,0.007119482,0.02378789,-0.05430015,0.9982159,-4.599811,2.945528,0.0001666546,-0.005605377,-0.1539867,0.9880571,32,-5.7,-5.774156,56.73909,33,0.7,-23.86664,185.4739
46.58533,-5.724815,-23.43616,167.1163,-5.059557,2.926864,0.01195925,0.00643921,0.02531484,-0.05478468,0.9981565,-4.958945,2.939863,0.003975868,-0.004526865,-0.1559025,0.9877621,32,-5.7,-5.405436,54.11551,33,0.7,-23.49792,182.8503
46.61313,-4.974913,-26.60271,189.6475,-5.392217,2.921003,0.01454901,0.00824412,0.02684179,-0.05645712,0.9980102,-5.303019,2.933485,0.007781744,0.001709552,-0.1538934,0.988086,32,-5.7,-5.03788,51.50022,33,0.7,-23.13036,180.235
46.64093,-4.660239,-23.07076,164.5163,-5.708592,2.91437,0.01671736,0.01223623,0.02877083,-0.05770726,0.9978439,-5.630786,2.926725,0.01140022,0.005827393,-0.1560948,0.987725,32,-5.7,-4.67003,48.88283,33,0.7,-22.76251,177.6176
46.66888,-4.927225,-23.07075,164.5163,-6.008952,2.909067,0.01887706,0.01404626,0.03027647,-0.06017601,0.9976296,-5.897772,2.926725,0.01140022,0.005827393,-0.1560948,0.987725,32,-5.7,-4.300693,46.25486,33,0.7,-22.39318,174.9897
46.69666,-4.770096,-19.52782,139.307,-6.290101,2.903267,0.02047759,0.01593054,0.03078172,-0.06070678,0.9975538,-6.191886,2.919472,0.01440382,0.0100767,-0.1590913,0.9872124,32,-5.7,-3.933374,43.64125,33,0.7,-22.02586,172.3761
46.72449,-4.645577,-20.01029,142.74,-6.550488,2.898157,0.02184329,0.01882235,0.03168207,-0.06144136,0.9974302,-6.465165,2.912301,0.01720572,0.0125868,-0.1585644,0.9872684,32,-5.7,-3.565434,41.02322,33,0.7,-21.65792,169.758
46.75253,-4.946095,-17.43628,124.4249,-6.793529,2.892821,0.02302842,0.01695318,0.03337622,-0.0647029,0.9972022,-6.720234,2.905444,0.01952696,0.01407267,-0.1613527,0.9867965,32,-5.7,-3.194613,38.38469,33,0.7,-21.2871,167.1195
46.7803,-4.814277,-17.76879,126.7908,-7.018048,2.886595,0.02345414,0.0157562,0.03438604,-0.06747237,0.9970039,-6.955781,2.898885,0.02135026,0.01667047,-0.1608867,0.9868321,32,-5.7,-2.827299,35.77111,33,0.7,-20.91978,164.5059
46.80801,-3.961384,-22.63752,161.4337,-7.220551,2.879519,0.02319838,0.01639839,0.03577739,-0.06920382,0.9968259,-7.16878,2.892213,0.02265191,0.01962323,-0.1561939,0.9875314,32,-5.7,-2.460895,33.16401,33,0.7,-20.55338,161.8988
46.83594,-4.121918,-22.63754,161.4338,-7.401155,2.872682,0.02270514,0.01659772,0.03777298,-0.07188061,0.9965595,-7.329316,2.892213,0.02265191,0.01962323,-0.1561939,0.9875314,32,-5.7,-2.092017,30.53931,33,0.7,-20.1845,159.2741
46.86371,-4.463266,-19.39515,138.363,-7.562626,2.864863,0.02186792,0.01541812,0.03950384,-0.0752317,0.996264,-7.50266,2.884887,0.02322185,0.02168589,-0.1589666,0.9870457,32,-5.7,-1.724755,27.92611,33,0.7,-19.81724,156.6609
46.89148,-3.679388,-19.23772,137.2428,-7.699232,2.856699,0.020337,0.01594249,0.04107618,-0.07722031,0.99604,-7.650606,2.876832,0.02306974,0.02856025,-0.1590436,0.9868584,32,-5.7,-1.357611,25.31374,33,0.7,-19.4501,154.0486
46.91931,-3.22689,-19.49305,139.0596,-7.812521,2.849273,0.01890162,0.01555155,0.04409814,-0.07982729,0.9957114,-7.774398,2.86795,0.02211022,0.03227528,-0.158704,0.9867986,32,-5.7,-0.9895171,22.69462,33,0.7,-19.082,151.4294
46.94724,-1.107151,-18.13014,129.362,-7.901956,2.842605,0.01778757,0.01230607,0.04634765,-0.08059749,0.9955926,-7.873546,2.858646,0.02073216,0.0515701,-0.159966,0.9857745,32,-5.7,-0.6205464,20.06926,33,0.7,-18.71303,148.8041
46.97513,8.635923,-39.5505,281.7757,-7.968455,2.836231,0.01651222,0.009674292,0.04877594,-0.08197305,0.9953933,-7.948627,2.849726,0.01925588,0.05810757,-0.1485584,0.987195,32,-5.7,-0.2514512,17.44301,33,0.7,-18.34394,146.1778
47.00278,NaN,NaN,NaN,-8.010466,2.829988,0.01491323,0.009474248,0.05105489,-0.08273213,0.9952181,-7.998141,2.841495,0.01775265,0.06188417,-0.1440876,0.987628,32,-5.7,0.1141129,14.84188,33,0.7,-17.97837,143.5767
47.03073,NaN,NaN,NaN,-8.02763,2.825064,0.01375391,0.007344171,0.05352765,-0.08322985,0.9950646,-8.013397,2.841495,0.01775265,0.06188417,-0.1440876,0.987628,32,-5.7,0.483476,12.21373,33,0.7,-17.60901,140.9485
47.05869,NaN,NaN,NaN,-8.019871,2.821023,0.01304517,0.003630176,0.05555975,-0.08300216,0.9949928,-8.014789,2.833786,0.01598656,0.06099824,-0.1442748,0.9876558,32,-5.7,0.8533301,9.582079,33,0.7,-17.23915,138.3169
47.0863,NaN,NaN,NaN,-7.990669,2.81682,0.01197098,0.003148649,0.0566383,-0.08204652,0.9950129,-7.993365,2.827117,0.01452613,0.06674311,-0.1400765,0.9878886,32,-5.7,1.218208,6.985841,33,0.7,-16.87428,135.7207
47.11414,NaN,NaN,NaN,-7.93648,2.813163,0.01084368,0.005599126,0.05689538,-0.08098885,0.9950741,-7.945874,2.821541,0.01334524,0.06882543,-0.1348005,0.9884796,32,-5.7,1.586128,4.36795,33,0.7,-16.50636,133.1028
47.14203,NaN,NaN,NaN,-7.859339,2.811072,0.01036392,0.005159337,0.05834883,-0.08280562,0.9948428,-7.87415,2.816603,0.01210642,0.07080417,-0.1384892,0.9878297,32,-5.7,1.955141,1.742284,33,0.7,-16.13734,130.4771
47.16986,NaN,NaN,NaN,-7.763779,2.809582,0.01018867,0.002707683,0.06010532,-0.08565237,0.9945068,-7.782306,2.812593,0.01104987,0.06880157,-0.1377938,0.9880685,33,0.7,-15.7692,127.8576,34,-5.7,-33.86171,256.5923
47.19791,NaN,NaN,NaN,-7.650717,2.808144,0.009432157,0.005162366,0.06090567,-0.08545186,0.9944656,-7.681808,2.812593,0.01104987,0.06880157,-0.1377938,0.9880685,33,0.7,-15.39857,125.2205,34,-5.7,-33.49109,253.9552
47.22562,NaN,NaN,NaN,-7.515326,2.808747,0.008761631,0.009829204,0.06199165,-0.08245942,0.9946159,-7.551114,2.809869,0.01043355,0.06728395,-0.1356837,0.9884649,33,0.7,-15.03216,122.6133,34,-5.7,-33.12467,251.348
47.25345,NaN,NaN,NaN,-7.356691,2.812562,0.009334922,0.009873887,0.06521598,-0.08017053,0.9945965,-7.396645,2.80807,0.009794474,0.06928928,-0.1389291,0.9878753,33,0.7,-14.66407,119.9942,34,-5.7,-32.75658,248.729
47.28113,NaN,NaN,NaN,-7.177739,2.818969,0.0108008,0.006675541,0.06759423,-0.07551394,0.9948287,-7.220877,2.807975,0.009224296,0.07262695,-0.1437785,0.9869413,33,0.7,-14.29819,117.3908,34,-5.7,-32.3907,246.1256
47.30911,22.929,-52.57787,385.3651,-6.979503,2.82679,0.01199421,0.00896314,0.06731161,-0.06898619,0.9953039,-7.024493,2.811477,0.009592414,0.07671208,-0.1418543,0.9869107,33,0.7,-13.92812,114.7577,34,-5.7,-32.02063,243.4924
47.3371,22.91418,-52.19785,382.7211,-6.764972,2.836532,0.01298518,0.0147431,0.06764903,-0.06628712,0.9953955,-6.833799,2.811477,0.009592414,0.07671208,-0.1418543,0.9869107,33,0.7,-13.55828,112.1261,34,-5.7,-31.65079,240.8609
47.36502,20.90278,-49.45254,379.1065,-6.53158,2.848393,0.01423127,0.01875135,0.06706825,-0.0635842,0.9955437,-6.602867,2.818343,0.01074517,0.07169095,-0.1362393,0.9880786,33,0.7,-13.18896,109.4982,34,-5.7,-31.28146,238.233
47.39267,NaN,NaN,NaN,-6.284664,2.860987,0.01540333,0.01948687,0.06642058,-0.06069316,0.9957535,-6.356895,2.828057,0.01211119,0.07353774,-0.1422202,0.9870996,33,0.7,-12.82352,106.898,34,-5.7,-30.91603,235.6328
47.42053,12.53861,-35.21783,250.9471,-6.021439,2.8744,0.01628746,0.01746512,0.06455421,-0.05530545,0.9962274,-6.093555,2.840511,0.01355517,0.07321479,-0.1495497,0.9860398,33,0.7,-12.45503,104.2761,34,-5.7,-30.54754,233.0108
47.44827,NaN,NaN,NaN,-5.746174,2.887383,0.01683024,0.01521404,0.06222999,-0.05032455,0.9966762,-5.816955,2.854874,0.0149157,0.0680977,-0.1435471,0.9872978,33,0.7,-12.0884,101.6674,34,-5.7,-30.18091,230.4021
47.4762,NaN,NaN,NaN,-5.462018,2.89942,0.01730551,0.01282509,0.05956173,-0.04692161,0.9970388,-5.530072,2.870367,0.01602006,0.0626533,-0.1410582,0.9880167,33,0.7,-11.71917,99.04019,34,-5.7,-29.81168,227.7749
47.50403,NaN,NaN,NaN,-5.1659,2.910788,0.01839365,0.0110269,0.0563826,-0.0447314,0.9973458,-5.266856,2.870367,0.01602006,0.0626533,-0.1410582,0.9880167,33,0.7,-11.35122,96.42205,34,-5.7,-29.44373,225.1568
47.53241,7.650509,-30.50262,217.3965,-4.862063,2.92077,0.01906212,0.01059099,0.05288559,-0.04073476,0.9977132,-4.960273,2.885871,0.01707935,0.05724628,-0.1515661,0.986788,33,0.7,-10.97585,93.75117,34,-5.7,-29.06836,222.4859
47.55966,11.145,-41.63877,296.6346,-4.552686,2.929207,0.01959616,0.01162063,0.04970136,-0.03644839,0.9980313,-4.647218,2.900335,0.01793277,0.05257809,-0.1482871,0.9875457,33,0.7,-10.61559,91.18782,34,-5.7,-28.70811,219.9226
47.58774,6.730876,-33.27844,237.1476,-4.238255,2.936816,0.0201376,0.01320122,0.04751599,-0.03406371,0.9982022,-4.328259,2.91328,0.01868665,0.04605483,-0.1507174,0.9875035,33,0.7,-10.24426,88.54562,34,-5.7,-28.33677,217.2804
47.61545,4.959347,-28.8065,205.3281,-3.921357,2.944116,0.0210115,0.01370504,0.0461193,-0.03252593,0.9983122,-4.005915,2.924413,0.01941335,0.04311474,-0.1525968,0.9873476,33,0.7,-9.877932,85.93906,34,-5.7,-27.97044,214.6738
47.64322,4.957487,-27.13426,193.4295,-3.605653,2.950362,0.02195345,0.01339512,0.04488027,-0.03070418,0.9984306,-3.683771,2.934225,0.02040839,0.04410535,-0.1534709,0.9871684,33,0.7,-9.511124,83.32909,34,-5.7,-27.60363,212.0638
47.6712,4.295437,-25.01427,178.3449,-3.291313,2.955442,0.02308337,0.01003891,0.04290694,-0.02759075,0.9986476,-3.362329,2.942704,0.0212003,0.04238671,-0.1547454,0.9870447,33,0.7,-9.1408,80.69411,34,-5.7,-27.23331,209.4289
47.69931,4.571517,-25.01425,178.3448,-2.980718,2.95902,0.02431397,0.006797215,0.04001081,-0.02381018,0.9988924,-3.086245,2.942704,0.0212003,0.04238671,-0.1547454,0.9870447,33,0.7,-8.769439,78.05173,34,-5.7,-26.86195,206.7865
47.72681,7.672379,-31.64631,225.5344,-2.671851,2.960062,0.02509241,0.005970381,0.03680587,-0.02012062,0.9991021,-2.76968,2.949895,0.02225244,0.04572044,-0.1514791,0.9874026,33,0.7,-8.405817,75.46442,34,-5.7,-26.49833,204.1992
47.75461,5.855272,-27.61061,196.8189,-2.369262,2.959684,0.02555711,0.007907094,0.03357378,-0.01792016,0.9992443,-2.458869,2.955299,0.02351725,0.04171076,-0.1533444,0.9872921,33,0.7,-8.038196,72.84866,34,-5.7,-26.1307,201.5834
47.78253,5.023125,-25.49476,181.7638,-2.069698,2.95854,0.02619305,0.009820823,0.0297007,-0.01400927,0.9994124,-2.151283,2.958154,0.02466023,0.03897168,-0.1545574,0.9872149,33,0.7,-7.669136,70.22267,34,-5.7,-25.76164,198.9574
47.81046,1.866975,-15.02155,107.243,-1.774579,2.956664,0.02677711,0.01095477,0.0248574,-0.008111886,0.9995981,-1.84853,2.958622,0.02550936,0.03415672,-0.1652921,0.985653,33,0.7,-7.299643,67.59359,34,-5.7,-25.39215,196.3283
47.8381,1.391453,-13.82971,98.76264,-1.483952,2.954424,0.0272496,0.01009126,0.02048877,-0.004560871,0.9997288,-1.550352,2.957471,0.02622402,0.02936034,-0.1675425,0.9854276,33,0.7,-6.934189,64.99326,34,-5.7,-25.0267,193.728
47.86691,1.64718,-13.8297,98.76258,-1.196256,2.951168,0.02771403,0.009009233,0.0162687,-0.002098702,0.9998249,-1.294623,2.957471,0.02622402,0.02936034,-0.1675425,0.9854276,33,0.7,-6.553216,62.28249,34,-5.7,-24.64572,191.0172
47.89371,2.043607,-19.24149,137.2695,-0.9135866,2.947413,0.0278268,0.008635944,0.01203907,0.0002339748,0.9998903,-1.004048,2.95524,0.02674401,0.02191618,-0.1596203,0.9869352,33,0.7,-6.199016,59.76223,34,-5.7,-24.29152,188.497
47.92148,1.8554,-20.26521,144.5537,-0.6373423,2.943361,0.02821755,0.009587214,0.008971424,0.001502557,0.9999127,-0.7199335,2.952085,0.0273546,0.01759083,-0.158586,0.9871885,33,0.7,-5.832116,57.15159,34,-5.7,-23.92462,185.8863
47.94949,1.364957,-17.11972,122.1723,-0.3655648,2.938718,0.02838978,0.008769935,0.006390452,0.003431639,0.9999353,-0.4404975,2.947955,0.02778649,0.0145842,-0.1621038,0.986666,33,0.7,-5.461581,54.5151,34,-5.7,-23.55409,183.2498
47.97736,1.289496,-15.85005,113.1381,-0.1037712,2.933789,0.0282984,0.01039306,0.00349012,0.006509779,0.9999188,-0.1707503,2.94321,0.02815211,0.01273434,-0.1638901,0.9863964,33,0.7,-5.093297,51.89462,34,-5.7,-23.1858,180.6294
48.0051,0.9192073,-16.36332,116.7902,0.1515103,2.929072,0.02820248,0.01288639,-0.0003092587,0.01062311,0.9998605,0.09226426,2.937819,0.02845621,0.006987314,-0.1630864,0.9865871,33,0.7,-4.726408,49.28407,34,-5.7,-22.81891,178.0188
48.034,1.138852,-16.36329,116.7901,0.3986112,2.924349,0.02786807,0.01224853,-0.003920942,0.01534077,0.9997996,0.3119096,2.937819,0.02845621,0.006987314,-0.1630864,0.9865871,33,0.7,-4.344228,46.56472,34,-5.7,-22.43673,175.2995
48.06091,1.173259,-14.91638,106.4948,0.6365457,2.919253,0.02739763,0.01080747,-0.006739527,0.0179688,0.9997574,0.5583168,2.932135,0.02835703,0.005696341,-0.1653347,0.9862211,33,0.7,-3.988227,44.03164,34,-5.7,-22.08073,172.7664
48.08868,1.221456,-14.53475,103.7793,0.8656875,2.912281,0.02654524,0.01022422,-0.009445758,0.0196511,0.9997101,0.7956769,2.926423,0.02811003,0.004046896,-0.1659632,0.9861237,33,0.7,-3.621364,41.42127,34,-5.7,-21.71387,170.156
48.11639,1.074177,-14.41026,102.8935,1.07944,2.90653,0.02584182,0.01033071,-0.01192677,0.01887274,0.9996973,1.018023,2.919966,0.02761269,0.0005383034,-0.1661327,0.9861033,33,0.7,-3.254756,38.81272,34,-5.7,-21.34726,167.5475
48.14432,0.8515107,-12.14453,86.77197,1.283016,2.899541,0.02493217,0.008345584,-0.01567728,0.02130598,0.9996153,1.229716,2.912926,0.02683723,-0.004295684,-0.1710237,0.9852576,33,0.7,-2.885579,36.18589,34,-5.7,-20.97808,164.9206
48.17215,0.410507,-13.37129,95.50082,1.472361,2.892772,0.02381222,0.008862767,-0.01876178,0.02083022,0.9995677,1.426932,2.905545,0.02590275,-0.010494,-0.1680488,0.9857228,33,0.7,-2.517875,33.56954,34,-5.7,-20.61038,162.3043
48.2005,0.564991,-13.37128,95.50079,1.646155,2.885798,0.0226974,0.009045868,-0.0201571,0.01959553,0.9995639,1.581416,2.905545,0.02590275,-0.010494,-0.1680488,0.9857228,33,0.7,-2.14289,30.90138,34,-5.7,-20.2354,159.6361
48.22781,0.5462068,-12.24795,87.50784,1.801404,2.880154,0.02207387,0.00921577,-0.02220395,0.01920071,0.9995266,1.746264,2.897628,0.02480817,-0.0135153,-0.1705727,0.9852524,33,0.7,-1.781634,28.33091,34,-5.7,-19.87414,157.0657
48.25568,0.7161082,-11.06672,79.10299,1.940915,2.874249,0.02074,0.008500705,-0.02272695,0.01835442,0.9995371,1.894799,2.889649,0.0240308,-0.01467681,-0.1737819,0.9846748,33,0.7,-1.413467,25.71127,34,-5.7,-19.50597,154.446
48.28348,0.4818637,-11.07333,79.14999,2.061816,2.869321,0.01902689,0.008490852,-0.02303654,0.01919453,0.9995143,2.024392,2.882009,0.02265894,-0.01919442,-0.173653,0.9846198,33,0.7,-1.045806,23.09522,34,-5.7,-19.13831,151.83
48.3114,-0.1762033,-11.10645,79.38563,2.162722,2.864995,0.01717928,0.007786677,-0.02305662,0.02044166,0.9994948,2.133501,2.874989,0.02106404,-0.02864935,-0.1734244,0.9844304,33,0.7,-0.6763926,20.46671,34,-5.7,-18.7689,149.2015
48.33954,-4.312064,-21.56768,153.8212,2.242999,2.86176,0.01527936,0.006344768,-0.02331135,0.02122202,0.9994829,2.221303,2.868871,0.01910567,-0.04191593,-0.1567769,0.9867442,33,0.7,-0.3046075,17.82132,34,-5.7,-18.39711,146.5561
48.36746,-4.260607,-21.5677,153.8214,2.300893,2.85909,0.01309284,0.005277336,-0.02384734,0.02102497,0.9994806,2.272764,2.868871,0.01910567,-0.04191593,-0.1567769,0.9867442,33,0.7,0.06467572,15.19374,34,-5.7,-18.02783,143.9285
48.39792,-5.19837,-24.27025,173.051,2.337381,2.856738,0.0106902,0.004908593,-0.02490649,0.02107458,0.9994556,2.318526,2.863871,0.01693141,-0.04287776,-0.154778,0.9870183,33,0.7,0.4674719,12.32769,34,-5.7,-17.62503,141.0624
48.42484,-7.189749,-27.6961,197.4272,2.354147,2.855477,0.008285156,0.003789674,-0.02579755,0.02120392,0.9994351,2.343432,2.859941,0.014552,-0.04766809,-0.1527872,0.9871088,33,0.7,0.8230759,9.79744,34,-5.7,-17.26943,138.5322
48.45059,-8.904707,-31.39385,223.7381,2.347996,2.854271,0.005461333,0.003018517,-0.02643493,0.02166412,0.9994112,2.344573,2.856906,0.01188588,-0.04964109,-0.1511426,0.9872648,33,0.7,1.163585,7.374594,34,-5.7,-16.92892,136.1093
48.47836,-10.52933,-34.74492,247.5822,2.320453,2.853936,0.002787642,0.003346289,-0.02717093,0.02175878,0.9993885,2.323061,2.854826,0.008941054,-0.05125748,-0.1499541,0.9873633,33,0.7,1.530991,4.760364,34,-5.7,-16.56151,133.4951
48.50632,-10.36046,-34.03645,242.5411,2.273206,2.85482,0.0006359922,0.001831992,-0.02762232,0.02104046,0.9993954,2.280897,2.85352,0.005796432,-0.05146078,-0.1501727,0.9873196,33,0.7,1.90043,2.131665,34,-5.7,-16.19207,130.8664
48.53436,-10.41927,-34.03645,242.5411,2.20705,2.855181,-0.001516348,0.001113366,-0.02882227,0.02135129,0.9993559,2.222092,2.85352,0.005796432,-0.05146078,-0.1501727,0.9873196,34,-5.7,-15.82133,128.2284,35,5.7,-33.99189,257.5186
48.56192,-12.85,-38.96668,278.6407,2.119624,2.856245,-0.003056314,0.002671397,-0.02957737,0.01988535,0.9993612,2.140899,2.853278,0.002792716,-0.05312959,-0.1482151,0.987527,34,-5.7,-15.45692,125.6355,35,5.7,-33.62747,254.9257
48.58987,-12.4931,-35.82915,255.2969,2.014971,2.858895,-0.003907552,0.002334017,-0.03066051,0.01891146,0.9993483,2.041159,2.853716,6.198883E-05,-0.05619935,-0.1495744,0.987152,34,-5.7,-15.08734,123.0058,35,5.7,-33.2579,252.296
48.61765,-12.85,-34.47673,248.6511,1.888368,2.862767,-0.004417116,0.001056876,-0.03064874,0.01547181,0.9994099,1.918689,2.854782,-0.002135873,-0.05863537,-0.1482154,0.9872153,34,-5.7,-14.72005,120.3924,35,5.7,-32.89061,249.6826
48.64542,-12.85,-35.50697,255.072,1.744402,2.867224,-0.004722873,0.002118956,-0.03206676,0.01402549,0.9993851,1.777647,2.857379,-0.003515005,-0.05661757,-0.1484925,0.9872915,34,-5.7,-14.35284,117.7796,35,5.7,-32.5234,247.0698
48.6734,-18.31999,-47.65907,339.4711,1.581952,2.873508,-0.004496821,0.002099646,-0.03285679,0.01098358,0.9993975,1.617078,2.86145,-0.00429821,-0.05799152,-0.1469506,0.9874424,34,-5.7,-13.98313,115.149,35,5.7,-32.15369,244.4391
48.70181,-18.4791,-47.65907,339.4711,1.402943,2.879825,-0.004325112,0.001783353,-0.03270635,0.007638956,0.9994342,1.457959,2.86145,-0.00429821,-0.05799152,-0.1469506,0.9874424,34,-5.7,-13.60724,112.4744,35,5.7,-31.77779,241.7645
48.72897,-12.85,-31.64756,229.7305,1.209283,2.887272,-0.003908426,0.002547638,-0.03189829,0.004139761,0.9994793,1.26649,2.867172,-0.00455606,-0.06065301,-0.1482962,0.9870813,34,-5.7,-13.24823,109.9199,35,5.7,-31.41878,239.2101
48.75687,-12.85,-31.75413,229.9275,1.001467,2.895139,-0.003245699,0.002133015,-0.03089312,0.00116558,0.9995198,1.059783,2.874272,-0.004431367,-0.05971389,-0.1486577,0.9870842,34,-5.7,-12.87932,107.295,35,5.7,-31.04988,236.5851
48.78464,-12.85,-34.46645,248.0175,0.7790636,2.903331,-0.002425678,0.00184667,-0.02919677,-0.002567286,0.9995687,0.837646,2.882498,-0.004042864,-0.05449098,-0.1486874,0.9873818,34,-5.7,-12.5124,104.6842,35,5.7,-30.68295,233.9744
48.81253,-9.19341,-26.42819,188.4057,0.5453511,2.911344,-0.00159813,0.001942483,-0.02692423,-0.005773514,0.999619,0.6030584,2.89161,-0.003379941,-0.05130968,-0.1535645,0.9868056,34,-5.7,-12.14362,102.0602,35,5.7,-30.31417,231.3504
48.84042,-10.92385,-30.68374,218.6854,0.3000739,2.918749,-0.0007663234,0.002975691,-0.02443585,-0.007981472,0.9996651,0.356016,2.901128,-0.002493024,-0.0509159,-0.1515979,0.98713,34,-5.7,-11.77484,99.43618,35,5.7,-29.9454,228.7264
48.86829,-11.1518,-30.68374,218.6854,0.04362462,2.926708,0.0004504177,0.003902963,-0.0208298,-0.01114253,0.9997134,0.1280611,2.901128,-0.002493024,-0.0509159,-0.1515979,0.98713,34,-5.7,-11.40636,96.81427,35,5.7,-29.57691,226.1045
48.89633,-9.665367,-25.52581,181.9849,-0.2222129,2.933729,0.00202593,0.003177006,-0.01688796,-0.01448605,0.9997474,-0.1393633,2.910614,-0.001504064,-0.051648,-0.1541764,0.9866925,34,-5.7,-11.03547,94.17525,35,5.7,-29.20602,223.4654
48.92389,-9.268294,-20.3067,144.849,-0.4964788,2.940592,0.003894981,0.003524571,-0.01305971,-0.01762263,0.9997533,-0.4160823,2.919926,-0.0002920628,-0.06023284,-0.1580403,0.9855939,34,-5.7,-10.67121,91.58347,35,5.7,-28.84177,220.8737
48.9519,-9.138936,-19.25223,137.346,-0.7750838,2.947225,0.006497313,0.003279723,-0.009849221,-0.01933375,0.9997592,-0.6982509,2.928893,0.001246214,-0.06055872,-0.1591412,0.9853967,34,-5.7,-10.30059,88.94633,35,5.7,-28.47115,218.2365
48.97974,-8.282083,-18.22739,130.0539,-1.064237,2.953148,0.008835308,-0.002074297,-0.009554684,-0.0223484,0.9997025,-0.9911685,2.937285,0.003343821,-0.05524962,-0.1603833,0.9855073,34,-5.7,-9.932697,86.32864,35,5.7,-28.10325,215.6188
49.00742,-8.270568,-16.46856,117.5392,-1.353207,2.957509,0.01079109,0.0003692778,-0.01219195,-0.02412333,0.9996346,-1.285138,2.945238,0.006127238,-0.05853862,-0.1626897,0.9849392,34,-5.7,-9.566802,83.72517,35,5.7,-27.73736,213.0154
49.03534,-8.520487,-16.46855,117.5391,-1.63437,2.959912,0.01217265,0.006591425,-0.01191238,-0.02588854,0.9995722,-1.535061,2.945238,0.006127238,-0.05853862,-0.1626897,0.9849392,34,-5.7,-9.197645,81.09848,35,5.7,-27.3682,210.3887
49.06323,-6.92606,-11.74345,83.91823,-1.918607,2.962487,0.0135509,0.01075622,-0.009703696,-0.02938027,0.9994633,-1.825752,2.951926,0.008834362,-0.0597652,-0.1721999,0.9832473,34,-5.7,-8.828661,78.47302,35,5.7,-26.99922,207.7632
49.091,-6.186651,-9.69867,69.36888,-2.196527,2.963759,0.01477818,0.01102972,-0.007882029,-0.03219016,0.9993899,-2.110952,2.956742,0.0109123,-0.05771241,-0.1792023,0.982118,34,-5.7,-8.461617,75.86137,35,5.7,-26.63217,205.1516
49.11893,-6.769909,-10.85689,77.61002,-2.472342,2.963819,0.01585698,0.01070629,-0.004378915,-0.03622834,0.9992766,-2.393862,2.960102,0.01278639,-0.05543568,-0.1750334,0.9830006,34,-5.7,-8.092332,73.23377,35,5.7,-26.26289,202.524
49.1467,-7.508463,-13.4799,96.27376,-2.746297,2.962008,0.01629441,0.009171905,-0.00167191,-0.0394048,0.9991798,-2.674644,2.962043,0.01436949,-0.04943914,-0.1681643,0.9845184,34,-5.7,-7.725121,70.62093,35,5.7,-25.89568,199.9111
49.1745,-7.115303,-13.98087,99.83831,-3.019447,2.959921,0.01635356,0.01012436,0.0004153251,-0.04219731,0.9990579,-2.954321,2.962352,0.01542139,-0.04106119,-0.1671983,0.9850678,34,-5.7,-7.357535,68.00542,35,5.7,-25.52809,197.2956
49.20227,-7.347474,-13.98087,99.83831,-3.28064,2.958214,0.01725092,0.01027395,0.001839787,-0.04216029,0.9990563,-3.186493,2.962352,0.01542139,-0.04106119,-0.1671983,0.9850678,34,-5.7,-6.9907,65.39525,35,5.7,-25.16126,194.6854
49.23029,-7.132558,-13.85972,98.97629,-3.539757,2.954784,0.01797583,0.008334695,0.005454957,-0.04560869,0.9989097,-3.453359,2.960918,0.01586175,-0.03662818,-0.1674575,0.9851986,34,-5.7,-6.62014,62.75858,35,5.7,-24.7907,192.0488
49.25815,-7.857909,-17.43972,124.4494,-3.792082,2.950971,0.01824176,0.01002466,0.008574575,-0.04816743,0.9987522,-3.713355,2.958616,0.01668024,-0.03285112,-0.1616841,0.9862956,34,-5.7,-6.251565,60.13602,35,5.7,-24.42212,189.4262
49.2858,-12.85,-31.21103,225.768,-4.034776,2.947557,0.01870081,0.01267932,0.01189461,-0.04819098,0.9986869,-3.963938,2.955426,0.01751733,-0.03888967,-0.1495287,0.9879923,34,-5.7,-5.886145,57.53593,35,5.7,-24.0567,186.8261
49.314,-12.85,-36.28958,259.1503,-4.27151,2.944732,0.0197442,0.01419118,0.01418137,-0.04825574,0.9986335,-4.208299,2.951442,0.01830649,-0.03295482,-0.1496442,0.9881905,34,-5.7,-5.513481,54.88429,35,5.7,-23.68404,184.1745
49.34158,-10.50389,-24.93809,177.803,-4.499827,2.941654,0.02085742,0.01029048,0.01507345,-0.0502093,0.998572,-4.443912,2.947286,0.01895809,-0.03365538,-0.1548675,0.9873618,34,-5.7,-5.148647,52.28836,35,5.7,-23.3192,181.5786
49.36938,-10.70163,-24.93808,177.8028,-4.722288,2.93739,0.02207842,0.008754647,0.0155631,-0.05414701,0.9983734,-4.641654,2.947286,0.01895809,-0.03365538,-0.1548675,0.9873618,34,-5.7,-4.780938,49.67197,35,5.7,-22.95149,178.9622
49.39731,-10.60341,-26.21452,186.8852,-4.931658,2.932849,0.02338882,0.009593625,0.01607224,-0.05719703,0.9981874,-4.859205,2.943502,0.01992333,-0.03035827,-0.1541011,0.9875886,34,-5.7,-4.411696,47.04468,35,5.7,-22.58225,176.3349
49.42502,-11.16149,-27.76083,197.8878,-5.13335,2.928081,0.02490033,0.01049097,0.01650897,-0.05990114,0.9980127,-5.068781,2.939276,0.02116501,-0.03041382,-0.1532502,0.9877193,34,-5.7,-4.045334,44.43787,35,5.7,-22.21589,173.7281
49.45316,-11.38377,-28.72238,204.7295,-5.321682,2.921601,0.02638112,0.01053297,0.01740077,-0.06313241,0.9977979,-5.265131,2.934351,0.02250159,-0.0295257,-0.1527608,0.987822,34,-5.7,-3.673451,41.79179,35,5.7,-21.84401,171.082
49.48074,-10.32886,-27.00829,192.5331,-5.500496,2.914102,0.02757273,0.01197042,0.01983064,-0.06764758,0.9974403,-5.451386,2.928569,0.02429307,-0.02502761,-0.1536139,0.9878139,34,-5.7,-3.30888,39.19773,35,5.7,-21.47944,168.4879
49.50851,-8.978086,-21.90225,156.2018,-5.662323,2.906898,0.02876935,0.01333797,0.02055615,-0.06793763,0.9973887,-5.620807,2.921307,0.02605247,-0.02122549,-0.1569404,0.98738,34,-5.7,-2.941692,36.58505,35,5.7,-21.11225,165.8752
49.53625,-9.110232,-21.90225,156.2018,-5.810987,2.898608,0.02999096,0.0136619,0.02188802,-0.06940114,0.9972551,-5.752953,2.921307,0.02605247,-0.02122549,-0.1569404,0.98738,34,-5.7,-2.57472,33.97391,35,5.7,-20.74528,163.2641
49.56439,-8.306147,-17.23176,122.9695,-5.944373,2.889508,0.03077134,0.01299741,0.02387953,-0.07314706,0.9969505,-5.895185,2.913005,0.02780282,-0.01934889,-0.1616696,0.9866552,34,-5.7,-2.202713,31.32694,35,5.7,-20.37327,160.6171
49.5921,-7.689247,-15.94365,113.8043,-6.058998,2.881049,0.03141468,0.01334055,0.02504536,-0.07509713,0.9967724,-6.018536,2.903805,0.02932394,-0.01448538,-0.1634112,0.9864517,34,-5.7,-1.836475,28.72103,35,5.7,-20.00703,158.0112
49.62003,-7.362065,-16.45252,117.425,-6.152812,2.872844,0.03187421,0.01349301,0.02671403,-0.07655121,0.9966164,-6.12096,2.893716,0.03036404,-0.01043079,-0.1625946,0.9866378,34,-5.7,-1.467255,26.09389,35,5.7,-19.63781,155.3841
49.64764,-7.077873,-16.97127,121.116,-6.226005,2.864984,0.0323291,0.01237888,0.02751657,-0.07764548,0.9965243,-6.20231,2.883457,0.03118312,-0.007135493,-0.1618086,0.9867964,34,-5.7,-1.101887,23.49416,35,5.7,-19.27244,152.7844
49.67554,-6.457222,-17.49993,124.8777,-6.277369,2.857005,0.03265753,0.009671382,0.02807372,-0.07925358,0.9964122,-6.261225,2.873356,0.03166592,-0.001549387,-0.1610567,0.986944,34,-5.7,-0.7331771,20.87065,35,5.7,-18.90373,150.1609
49.70343,-6.482731,-17.49993,124.8777,-6.306067,2.849653,0.03271247,0.008088894,0.02945086,-0.08054622,0.9962829,-6.286736,2.873356,0.03166592,-0.001549387,-0.1610567,0.986944,34,-5.7,-0.3642884,18.24587,35,5.7,-18.53484,147.5361
49.73141,-6.255663,-19.56141,139.5459,-6.3099,2.84268,0.03262617,0.006653372,0.03175244,-0.08171409,0.9961277,-6.30014,2.86376,0.03223944,0.0003147784,-0.1587011,0.9873266,34,-5.7,0.005593866,15.61403,35,5.7,-18.16496,144.9042
49.75916,-5.22745,-20.37724,145.3508,-6.289317,2.835645,0.03221076,0.00531923,0.03360036,-0.08144283,0.9960973,-6.288355,2.85456,0.03260493,0.00720885,-0.1578598,0.9874353,34,-5.7,0.3722453,13.00517,35,5.7,-17.79831,142.2954
49.7868,-4.684757,-20.37475,145.3331,-6.240881,2.829972,0.03192478,0.003360286,0.03639805,-0.08138368,0.9960124,-6.247965,2.845833,0.03271258,0.01062306,-0.1577995,0.9874141,34,-5.7,0.7379346,10.40315,35,5.7,-17.43262,139.6933
49.81476,-3.389624,-23.28226,166.0211,-6.166341,2.824398,0.03104837,0.002072267,0.03982282,-0.07950561,0.9960365,-6.180449,2.837598,0.0325501,0.0166067,-0.1554252,0.9877081,34,-5.7,1.107415,7.774162,35,5.7,-17.06314,137.0644
49.84253,0.3890839,-26.32004,187.636,-6.068212,2.819617,0.02950452,0.004629914,0.04257954,-0.0765731,0.9961437,-6.087969,2.83021,0.03199005,0.03409591,-0.1534501,0.987568,34,-5.7,1.474629,5.1613,35,5.7,-16.69592,134.4515
49.87045,13.07718,-45.71202,329.9284,-5.939231,2.816918,0.02790252,0.005843125,0.04417589,-0.07237206,0.9963818,-5.963929,2.82362,0.0308888,0.05701069,-0.1453198,0.9877408,34,-5.7,1.843746,2.534894,35,5.7,-16.32681,131.8251
49.89838,NaN,NaN,NaN,-5.783898,2.814382,0.02572414,0.003525872,0.04699498,-0.07087217,0.9963715,-5.825855,2.82362,0.0308888,0.05701069,-0.1453198,0.9877408,34,-5.7,2.213111,-0.09327626,35,5.7,-15.95744,129.1969
49.92603,NaN,NaN,NaN,-5.605756,2.812877,0.02347679,0.001629319,0.05004409,-0.07140473,0.99619,-5.653758,2.81837,0.02922702,0.06886231,-0.1441926,0.9871507,35,5.7,-15.59192,126.5961,36,-5.7,-34.14021,258.574
49.95407,NaN,NaN,NaN,-5.403146,2.813588,0.02214905,-0.002198279,0.05175349,-0.06927888,0.9962516,-5.455597,2.814753,0.02703059,0.07072686,-0.1418806,0.9873539,35,5.7,-15.22106,123.9573,36,-5.7,-33.76936,255.9352
49.98175,NaN,NaN,NaN,-5.177205,2.816667,0.02200137,-0.006043071,0.05270368,-0.06658845,0.9963694,-5.23267,2.812705,0.0246253,0.0720828,-0.1393567,0.9876152,35,5.7,-14.85519,121.354,36,-5.7,-33.40349,253.3319
50.00958,NaN,NaN,NaN,-4.92795,2.822528,0.02277396,-0.008405518,0.05391946,-0.06509899,0.9963856,-4.985168,2.812998,0.02287734,0.06716448,-0.1403659,0.987819,35,5.7,-14.48729,118.7362,36,-5.7,-33.03558,250.7141
50.03751,NaN,NaN,NaN,-4.657191,2.828793,0.02318379,-0.007641144,0.05358794,-0.06050863,0.9966989,-4.714697,2.816536,0.0223918,0.06968218,-0.1425195,0.9873361,35,5.7,-14.11803,116.1088,36,-5.7,-32.66632,248.0867
50.06598,NaN,NaN,NaN,-4.371751,2.837237,0.02369699,-0.003740577,0.05301118,-0.0590793,0.9968378,-4.460972,2.816536,0.0223918,0.06968218,-0.1425195,0.9873361,35,5.7,-13.74171,113.4312,36,-5.7,-32.29,245.4091
50.09317,NaN,NaN,NaN,-4.06848,2.847042,0.02397848,-0.001938226,0.05238876,-0.05777931,0.9969519,-4.158122,2.822725,0.02275527,0.06879631,-0.1402652,0.987721,35,5.7,-13.38199,110.8716,36,-5.7,-31.93028,242.8495
50.121,NaN,NaN,NaN,-3.753065,2.857985,0.02403488,-0.004166812,0.04980427,-0.05576824,0.9971921,-3.841401,2.831236,0.02335024,0.06760453,-0.1426477,0.987462,35,5.7,-13.01401,108.2533,36,-5.7,-31.56231,240.2312
50.1492,NaN,NaN,NaN,-3.425463,2.868868,0.02326283,-0.004750209,0.04641843,-0.05360682,0.9974713,-3.511013,2.841897,0.02372205,0.06744774,-0.1420376,0.9875607,35,5.7,-12.64109,105.5999,36,-5.7,-31.18939,237.5778
50.17664,NaN,NaN,NaN,-3.088432,2.879444,0.02199028,-0.00271363,0.04199899,-0.04992471,0.9978659,-3.169957,2.854249,0.02371943,0.06180368,-0.1430509,0.9877838,35,5.7,-12.2784,103.0192,36,-5.7,-30.82669,234.9971
50.20447,NaN,NaN,NaN,-2.742226,2.890489,0.02083217,-0.002024597,0.03751653,-0.04626653,0.9982224,-2.818963,2.867225,0.02310681,0.05481702,-0.1452387,0.9878769,35,5.7,-11.91072,100.403,36,-5.7,-30.45901,232.3809
50.23315,NaN,NaN,NaN,-2.386239,2.901715,0.02012608,-0.005948368,0.03356153,-0.0417144,0.998548,-2.50253,2.867225,0.02310681,0.05481702,-0.1452387,0.9878769,35,5.7,-11.5314,97.70399,36,-5.7,-30.07969,229.6819
50.26028,NaN,NaN,NaN,-2.021572,2.912319,0.01957103,-0.009922811,0.0303618,-0.03741759,0.9987891,-2.133504,2.8803,0.02193773,0.01634966,-0.1449254,0.9893075,35,5.7,-11.17256,95.15072,36,-5.7,-29.72086,227.1286
50.28802,NaN,NaN,NaN,-1.649612,2.921797,0.01948763,-0.01074234,0.02703148,-0.03152809,0.9990796,-1.756417,2.893582,0.02063632,0.008483796,-0.1435951,0.9896002,35,5.7,-10.80577,92.54089,36,-5.7,-29.35407,224.5188
50.31595,NaN,NaN,NaN,-1.270221,2.929905,0.01961121,-0.007536234,0.02302074,-0.02517715,0.9993895,-1.371302,2.906448,0.01990533,0.003483533,-0.1398789,0.9901626,35,5.7,-10.43646,89.9131,36,-5.7,-28.98475,221.891
50.34384,NaN,NaN,NaN,-0.8878585,2.937921,0.02020909,-0.005479282,0.02122456,-0.02359342,0.9994813,-0.9822803,2.918121,0.01962793,0.001719966,-0.142836,0.9897449,35,5.7,-10.06799,87.2913,36,-5.7,-28.61629,219.2692
50.37149,0.2948634,-44.53127,317.2157,-0.498752,2.944351,0.02065177,-0.00497775,0.01943323,-0.02048708,0.9995888,-0.5862105,2.928458,0.01971757,0.002747105,-0.147975,0.9889873,35,5.7,-9.702132,84.68807,36,-5.7,-28.25043,216.666
50.40045,0.6399585,-44.53122,317.2153,-0.1105187,2.949008,0.02061364,-0.001675493,0.01822901,-0.01776371,0.9996747,-0.2411143,2.928458,0.01971757,0.002747105,-0.147975,0.9889873,35,5.7,-9.319554,81.96589,36,-5.7,-27.86785,213.9438
50.42712,0.5880954,-29.79243,212.3433,0.2788112,2.952537,0.02088665,0.002160883,0.01642478,-0.01290876,0.9997795,0.1560975,2.937465,0.02003205,0.002010867,-0.1523514,0.9883243,35,5.7,-8.966698,79.45518,36,-5.7,-27.51499,211.4331
50.45514,1.421227,-22.24977,158.6747,0.6667526,2.956451,0.02149606,0.001869993,0.01512155,-0.009233355,0.9998413,0.5524482,2.944569,0.02047718,0.005408079,-0.1568329,0.9876103,35,5.7,-8.596215,76.81907,36,-5.7,-27.14451,208.797
50.48294,NaN,NaN,NaN,1.054647,2.957801,0.02167994,0.002516674,0.01442417,-0.005028701,0.9998802,0.9489465,2.949965,0.02089787,0.02400816,-0.1437944,0.9893163,35,5.7,-8.228903,74.20551,36,-5.7,-26.7772,206.1834
50.51077,11.93285,-55.29356,393.7934,1.43825,2.957545,0.02130538,0.004843885,0.01361534,-0.0004230971,0.9998956,1.341725,2.954084,0.02126658,0.02659765,-0.1462782,0.9888859,35,5.7,-7.860801,71.58632,36,-5.7,-26.4091,203.5642
50.53882,10.64139,-25.33099,180.5986,1.813424,2.957833,0.02188048,0.004927442,0.01173729,0.003570498,0.9999126,1.726699,2.956207,0.02144241,0.04871507,-0.1545778,0.9867789,35,5.7,-7.490041,68.94823,36,-5.7,-26.03834,200.9261
50.56708,10.97078,-25.33099,180.5986,2.183991,2.955765,0.02224213,0.001356021,0.009231746,0.007538387,0.9999281,2.056092,2.956207,0.02144241,0.04871507,-0.1545778,0.9867789,35,5.7,-7.116516,66.29046,36,-5.7,-25.66481,198.2684
50.59433,10.48489,-23.76359,169.4461,2.545083,2.952371,0.02231425,0.002551207,0.006484985,0.01108086,0.9999144,2.427823,2.956717,0.02168715,0.04692314,-0.1556152,0.9867027,35,5.7,-6.756118,63.7261,36,-5.7,-25.30441,195.704
50.62201,10.77018,-29.24037,208.4153,2.902368,2.94835,0.02260845,0.004961909,0.003172487,0.01587345,0.9998568,2.795243,2.955693,0.02202046,0.03779295,-0.1525761,0.9875689,35,5.7,-6.390036,61.12128,36,-5.7,-24.93833,193.0992
50.65005,9.153843,-30.37272,216.4724,3.252143,2.943955,0.02304902,0.004492865,-0.0002894402,0.02014149,0.999787,3.154898,2.952716,0.02216291,0.02738207,-0.1521135,0.9879836,35,5.7,-6.019217,58.48278,36,-5.7,-24.56751,190.4607
50.6778,7.784573,-27.19108,193.8338,3.594281,2.938824,0.02347483,0.005533603,-0.003436714,0.02314049,0.999711,3.506764,2.948399,0.02253246,0.0218047,-0.153626,0.9878885,35,5.7,-5.652533,55.87368,36,-5.7,-24.20082,187.8516
50.70557,6.977849,-24.91092,177.6097,3.928272,2.932765,0.02363308,0.00710691,-0.005796134,0.02449179,0.999658,3.850307,2.943084,0.02302301,0.017396,-0.1549296,0.9877723,35,5.7,-5.285215,53.26008,36,-5.7,-23.83351,185.238
50.73416,7.265553,-24.91093,177.6097,4.25194,2.92634,0.0237509,0.008515727,-0.008728862,0.02561204,0.9995976,4.138012,2.943084,0.02302301,0.017396,-0.1549296,0.9877723,35,5.7,-4.907377,50.57162,36,-5.7,-23.45567,182.5495
50.76123,6.759144,-22.01098,156.9754,4.563342,2.919447,0.02367898,0.008547969,-0.009300292,0.02346506,0.9996449,4.460262,2.936736,0.02344084,0.01446391,-0.156964,0.9874984,35,5.7,-4.549399,48.02447,36,-5.7,-23.09769,180.0024
50.78909,6.640087,-29.25595,208.5261,4.863526,2.91168,0.02287738,0.01048094,-0.01099387,0.02609131,0.9995443,4.771117,2.929484,0.02367377,0.008858496,-0.1525519,0.9882558,35,5.7,-4.181074,45.40371,36,-5.7,-22.72937,177.3816
50.81726,6.878147,-25.49759,181.784,5.148418,2.904379,0.02216981,0.01273296,-0.01352423,0.02983706,0.9993823,5.066746,2.921589,0.02363992,0.009845759,-0.1544708,0.9879483,35,5.7,-3.80863,42.75363,36,-5.7,-22.35692,174.7315
50.8447,7.173707,-31.65465,225.5938,5.418086,2.897223,0.02153358,0.01072903,-0.01467243,0.03112651,0.9993501,5.346926,2.912889,0.02311373,0.008004772,-0.1514717,0.9884292,35,5.7,-3.445949,40.17302,36,-5.7,-21.99424,172.1509
50.87262,6.128905,-29.81321,212.4912,5.67138,2.888966,0.02014911,0.01012604,-0.01586974,0.03322757,0.9992706,5.610227,2.904009,0.02240217,0.002412744,-0.1521917,0.988348,35,5.7,-3.076565,37.54471,36,-5.7,-21.62486,169.5226
50.90106,6.339394,-29.81318,212.491,5.90818,2.879828,0.01794259,0.01274051,-0.01827881,0.03678392,0.9990749,5.820716,2.904009,0.02240217,0.002412744,-0.1521917,0.988348,35,5.7,-2.700551,34.86924,36,-5.7,-21.24884,166.8471
50.92822,4.50709,-31.69752,225.8988,6.12423,2.871577,0.0158183,0.0124567,-0.01987043,0.03643578,0.9990608,6.048614,2.894893,0.02125847,-0.006745801,-0.1513783,0.9884529,35,5.7,-2.341315,32.31314,36,-5.7,-20.88961,164.291
50.95615,4.218264,-26.63114,189.8496,6.320937,2.862418,0.01323683,0.009086182,-0.02164337,0.03581071,0.9990829,6.256705,2.884911,0.01934457,-0.01061014,-0.1536318,0.9880713,35,5.7,-1.972255,29.68714,36,-5.7,-20.52055,161.665
50.98398,3.777885,-25.70605,183.2673,6.493696,2.852933,0.01012551,0.008287128,-0.02421784,0.03614557,0.9990187,6.440569,2.874589,0.01690793,-0.01435527,-0.1540861,0.9879532,35,5.7,-1.604441,27.07001,36,-5.7,-20.15273,159.0479
51.01175,2.514535,-29.67361,211.4979,6.643887,2.844483,0.007196574,0.007196933,-0.0264647,0.03664333,0.9989521,6.601188,2.86385,0.01395106,-0.0190955,-0.1520361,0.9881904,35,5.7,-1.237305,24.4577,36,-5.7,-19.7856,156.4356
51.03967,3.657629,-20.63998,147.2203,6.768237,2.836807,0.004270527,0.004266281,-0.02831197,0.03662664,0.9989188,6.735355,2.85305,0.01050949,-0.02064142,-0.157561,0.9872935,35,5.7,-0.8681324,21.8309,36,-5.7,-19.41642,153.8088
51.06787,3.7449,-20.63998,147.2203,6.866416,2.828878,0.001035246,0.002248343,-0.03062981,0.03620702,0.9988723,6.822626,2.85305,0.01050949,-0.02064142,-0.157561,0.9872935,35,5.7,-0.4953158,19.17817,36,-5.7,-19.04361,151.1561
51.09552,2.16154,-25.6057,182.5532,6.938314,2.822897,-0.001440776,-0.0004244745,-0.03227801,0.03550205,0.9988482,6.906383,2.842927,0.006963253,-0.02567408,-0.1539339,0.9877476,35,5.7,-0.1297731,16.5772,36,-5.7,-18.67806,148.5551
51.1232,2.791028,-21.03312,150.0177,6.982283,2.81758,-0.003917885,-0.003288189,-0.03272679,0.0356633,0.9988225,6.961325,2.83355,0.003555298,-0.02744374,-0.1570609,0.9872075,35,5.7,0.2364128,13.97165,36,-5.7,-18.31188,145.9496
51.15115,1.532312,-25.83338,184.1733,6.999228,2.812186,-0.006966218,-0.002546785,-0.03428122,0.03796651,0.9986876,6.988069,2.825315,0.0002212524,-0.0292582,-0.1536912,0.9876856,35,5.7,0.6059646,11.34216,36,-5.7,-17.94233,143.3201
51.17929,1.673755,-24.13148,172.0637,6.986374,2.809081,-0.009511407,-0.002252866,-0.03528985,0.03817804,0.9986451,6.984029,2.818169,-0.003132939,-0.03047583,-0.1546649,0.9874968,35,5.7,0.9780153,8.694878,36,-5.7,-17.57027,140.6728
51.20676,2.343615,-22.61911,161.3026,6.948388,2.807555,-0.0112778,-0.00553376,-0.03633013,0.03898204,0.9985639,6.953158,2.812263,-0.006407738,-0.02821598,-0.1556707,0.987406,35,5.7,1.341154,6.111011,36,-5.7,-17.20714,138.0889
51.23486,2.284486,-22.61913,161.3027,6.881869,2.806365,-0.01303998,-0.007255084,-0.03808555,0.0390765,0.9984838,6.894032,2.812263,-0.006407738,-0.02821598,-0.1556707,0.987406,35,5.7,1.712651,3.467676,36,-5.7,-16.83564,135.4456
51.26251,1.028569,-28.3056,201.764,6.790437,2.806103,-0.0148575,-0.006446787,-0.03970278,0.03707923,0.9985026,6.811212,2.808491,-0.008988857,-0.02831301,-0.152341,0.9879224,35,5.7,2.07844,0.8649507,36,-5.7,-16.46985,132.8429
51.29028,2.555488,-20.98705,149.6898,6.673593,2.806709,-0.01686918,-0.006252565,-0.04173163,0.03625409,0.9984514,6.701535,2.806235,-0.01155376,-0.02734191,-0.1569094,0.9872345,36,-5.7,-16.10271,130.2305,37,5.7,-34.71567,262.6688
51.31824,2.849387,-19.47615,138.9393,6.532302,2.808649,-0.01865982,-0.006982719,-0.0437412,0.03509583,0.9984019,6.565928,2.805292,-0.01386964,-0.02640016,-0.1582744,0.9870421,36,-5.7,-15.73305,127.6003,37,5.7,-34.34601,260.0385
51.34637,2.823386,-16.7203,119.3304,6.367535,2.812799,-0.01962931,-0.01007231,-0.04469123,0.03267226,0.9984157,6.405303,2.80584,-0.01596463,-0.02960602,-0.1613916,0.9864463,36,-5.7,-15.36131,124.9552,37,5.7,-33.97427,257.3934
51.37393,2.231388,-18.83623,134.386,6.177228,2.819091,-0.02033312,-0.01307166,-0.04405242,0.02854643,0.9985358,6.218061,2.808183,-0.01786375,-0.02927206,-0.1589236,0.9868568,36,-5.7,-14.99671,122.361,37,5.7,-33.60968,254.7992
51.40176,2.040244,-18.83623,134.386,5.962193,2.826704,-0.02078252,-0.01426984,-0.0424566,0.02523864,0.9986776,6.026918,2.808183,-0.01786375,-0.02927206,-0.1589236,0.9868568,36,-5.7,-14.62896,119.7442,37,5.7,-33.24192,252.1825
51.4296,1.490918,-21.4124,152.7164,5.725944,2.836388,-0.02082187,-0.01420737,-0.04090461,0.02486495,0.9987526,5.794974,2.812959,-0.0193938,-0.02782107,-0.1565907,0.9872717,36,-5.7,-14.26085,117.125,37,5.7,-32.87381,249.5633
51.45746,2.177884,-20.43157,145.7374,5.468348,2.846946,-0.02046498,-0.01402277,-0.04019135,0.02589716,0.9987579,5.540168,2.820403,-0.02032244,-0.02277368,-0.157492,0.9872576,36,-5.7,-13.89258,114.5046,37,5.7,-32.50554,246.9428
51.48526,0.3182831,-32.20601,229.517,5.190134,2.85867,-0.02019652,-0.0123178,-0.03963572,0.02292426,0.9988753,5.263215,2.830236,-0.02039039,-0.02129155,-0.1508567,0.9883263,36,-5.7,-13.52511,111.8899,37,5.7,-32.13807,244.3282
51.51324,-12.70674,-28.80877,205.3444,4.895366,2.870358,-0.02003669,-0.01145997,-0.03961205,0.01761141,0.9989942,4.968194,2.842372,-0.02035832,-0.08475563,-0.151775,0.9847745,36,-5.7,-13.15513,109.2574,37,5.7,-31.76809,241.6956
51.54111,-19.90755,-34.75563,247.6586,4.58432,2.882222,-0.01986955,-0.01132942,-0.03919742,0.01064154,0.9991106,4.655505,2.855858,-0.02018583,-0.09758101,-0.1494182,0.9839472,36,-5.7,-12.78658,106.635,37,5.7,-31.39953,239.0732
51.56885,-20.1972,-34.75558,247.6582,4.258428,2.893909,-0.01953166,-0.01205823,-0.03794852,0.004577848,0.9991964,4.365824,2.855858,-0.02018583,-0.09758101,-0.1494182,0.9839472,36,-5.7,-12.41993,104.0262,37,5.7,-31.03289,236.4644
51.59683,NaN,NaN,NaN,3.921338,2.904934,-0.0190526,-0.01272716,-0.03579152,-0.000718859,0.9992779,4.026986,2.869837,-0.02001083,-0.09875656,-0.1429134,0.9847959,36,-5.7,-12.04977,101.3923,37,5.7,-30.66273,233.8306
51.62463,-22.80074,-39.63671,296.3523,3.57359,2.915341,-0.01832358,-0.01236832,-0.03152204,-0.007093076,0.9994015,3.676025,2.883836,-0.01975775,-0.08808701,-0.141464,0.9860166,36,-5.7,-11.68214,98.77651,37,5.7,-30.2951,231.2148
51.65244,NaN,NaN,NaN,3.217338,2.925116,-0.01731317,-0.0114126,-0.02679291,-0.01143536,0.9995105,3.315649,2.89761,-0.01922452,-0.08538226,-0.1392088,0.9865752,36,-5.7,-11.3145,96.16064,37,5.7,-29.92746,228.5989
51.68021,-19.02884,-40.21604,286.5113,2.853742,2.93398,-0.01620935,-0.01127639,-0.02110508,-0.01559567,0.9995921,2.946934,2.910543,-0.01844096,-0.07562484,-0.1484108,0.98603,36,-5.7,-10.94754,93.54958,37,5.7,-29.5605,225.9878
51.70786,-5.738664,-16.10238,114.9336,2.483735,2.94137,-0.01512723,-0.01032783,-0.01560459,-0.01765605,0.999669,2.571067,2.922289,-0.0174439,-0.07113842,-0.1628675,0.98408,36,-5.7,-10.58199,90.94856,37,5.7,-29.19495,223.3868
51.73578,-6.073004,-16.10236,114.9335,2.107593,2.947655,-0.01390929,-0.00774011,-0.01047334,-0.01911268,0.9997326,2.236719,2.922289,-0.0174439,-0.07113842,-0.1628675,0.98408,36,-5.7,-10.21285,88.32199,37,5.7,-28.82581,220.7603
51.76346,-5.428399,-15.18409,108.3997,1.728873,2.952662,-0.01251708,-0.006536345,-0.005802751,-0.02116957,0.9997377,1.851764,2.932751,-0.01618099,-0.06608717,-0.1644594,0.9841675,36,-5.7,-9.846646,85.71631,37,5.7,-28.4596,218.1546
51.79123,-5.175873,-13.58612,97.02953,1.345344,2.956435,-0.01099741,-0.007700855,-0.001093566,-0.02550904,0.9996443,1.461466,2.941571,-0.01476395,-0.06727133,-0.167513,0.983572,36,-5.7,-9.479682,83.10522,37,5.7,-28.09264,215.5435
51.81921,-6.972119,-17.32067,123.6022,0.9594176,2.958313,-0.01000524,-0.007464351,0.003304779,-0.02913508,0.9995422,1.068255,2.948658,-0.01324666,-0.06405446,-0.1614777,0.9847954,36,-5.7,-9.109511,80.47132,37,5.7,-27.72247,212.9096
51.84692,-8.368208,-20.01273,142.7572,0.5726061,2.95868,-0.008743651,-0.005021111,0.006503552,-0.03139324,0.9994733,0.6735937,2.95406,-0.01183093,-0.06240588,-0.1585152,0.9853824,36,-5.7,-8.743223,77.86505,37,5.7,-27.35618,210.3033
51.87479,-8.520583,-19.57276,139.6267,0.1857803,2.957485,-0.007633657,-0.005070318,0.009028137,-0.03452267,0.9993503,0.278614,2.956761,-0.01018333,-0.06209029,-0.1589764,0.985328,36,-5.7,-8.374647,75.24249,37,5.7,-26.98761,207.6808
51.90295,-8.862371,-19.57276,139.6267,-0.198731,2.955769,-0.006331229,-0.00346384,0.01076406,-0.03754645,0.999231,-0.06317386,2.956761,-0.01018333,-0.06209029,-0.1589764,0.985328,36,-5.7,-8.002591,72.59518,37,5.7,-26.61555,205.0334
51.93048,-8.42253,-18.03094,128.6561,-0.5792472,2.952451,-0.005271054,-0.002113931,0.01219654,-0.03916516,0.9991561,-0.4527664,2.957314,-0.008623004,-0.06102015,-0.1606957,0.9851159,36,-5.7,-7.638592,70.00519,37,5.7,-26.25155,202.4435
51.95822,-8.055654,-16.84487,120.2168,-0.9576403,2.949684,-0.004367031,-0.001045978,0.01310089,-0.04182624,0.9990385,-0.8404495,2.95597,-0.007172942,-0.05911336,-0.1622261,0.9849814,36,-5.7,-7.271793,67.39528,37,5.7,-25.88475,199.8335
51.98618,-8.548518,-17.12007,122.1749,-1.327099,2.946668,-0.00337906,-0.001022922,0.01470169,-0.04405913,0.9989202,-1.219893,2.953183,-0.005872965,-0.05908493,-0.1618348,0.9850474,36,-5.7,-6.90209,64.76471,37,5.7,-25.51505,197.203
52.01407,-10.33556,-21.21191,151.29,-1.688132,2.94236,-0.00313548,-0.0006537586,0.01608771,-0.04453126,0.9988782,-1.591243,2.949792,-0.004681945,-0.05698064,-0.1574451,0.9858825,36,-5.7,-6.533316,62.14074,37,5.7,-25.14627,194.579
52.04172,-11.44578,-24.31405,173.3628,-2.043807,2.938883,-0.003071398,0.001176672,0.01900649,-0.04848688,0.9986423,-1.9568,2.945914,-0.003701925,-0.05399045,-0.1551039,0.9864218,36,-5.7,-6.167734,59.5395,37,5.7,-24.78069,191.9778
52.06961,-10.06305,-22.49302,160.4055,-2.38591,2.93581,-0.003300147,-1.447648E-05,0.02145746,-0.04856602,0.9985895,-2.309205,2.941583,-0.003474236,-0.0476872,-0.1564264,0.9865378,36,-5.7,-5.798868,56.91488,37,5.7,-24.41183,189.3531
52.09763,-10.36,-22.49302,160.4055,-2.71998,2.932093,-0.003347202,-0.00119864,0.02336049,-0.04722356,0.9986104,-2.606155,2.941583,-0.003474236,-0.0476872,-0.1564264,0.9865378,36,-5.7,-5.428718,54.28112,37,5.7,-24.04168,186.7194
52.12531,-10.05479,-24.21774,172.6775,-3.0413,2.928768,-0.003278677,-0.00192634,0.02553704,-0.0488451,0.9984781,-2.938589,2.937377,-0.003260255,-0.04067614,-0.1552185,0.9870424,36,-5.7,-5.062725,51.67694,37,5.7,-23.67568,184.1152
52.15314,-10.35487,-26.21946,186.9205,-3.352001,2.924762,-0.002970943,-0.005498687,0.02777639,-0.05343856,0.9981697,-3.260026,2.933138,-0.003214121,-0.03747611,-0.1539887,0.9873617,36,-5.7,-4.694465,49.05664,37,5.7,-23.30742,181.4949
52.18103,-11.20029,-26.70571,190.3804,-3.654195,2.919592,-0.002630162,-0.009129513,0.03136194,-0.06021721,0.9976507,-3.572231,2.928855,-0.003185272,-0.03955904,-0.1536846,0.9873278,36,-5.7,-4.325751,46.43311,37,5.7,-22.93871,178.8714
52.20877,-9.213207,-19.37694,138.2335,-3.940026,2.91376,-0.002087428,-0.009168671,0.03424111,-0.06136815,0.9974856,-3.868235,2.924007,-0.002964258,-0.03814411,-0.1591496,0.9865174,36,-5.7,-3.958898,43.82281,37,5.7,-22.57186,176.2611
52.23663,-9.811064,-24.23459,172.7975,-4.213338,2.907499,-0.001290989,-0.00883696,0.03705111,-0.06130217,0.9973922,-4.151121,2.918193,-0.002509952,-0.03234031,-0.1551483,0.9873617,36,-5.7,-3.590695,41.20292,37,5.7,-22.20366,173.6412
52.26501,-10.04351,-24.23461,172.7976,-4.474839,2.900321,-0.0005448065,-0.008495206,0.03840542,-0.06158381,0.9973266,-4.383566,2.918193,-0.002509952,-0.03234031,-0.1551483,0.9873617,36,-5.7,-3.215497,38.53324,37,5.7,-21.82846,170.9715
52.29233,-4.437039,-33.25073,236.9505,-4.717735,2.892649,0.0001045627,-0.007939551,0.03865972,-0.06180567,0.9973077,-4.637395,2.911339,-0.001799345,0.0008358789,-0.1508665,0.9885538,36,-5.7,-2.854399,35.96389,37,5.7,-21.46736,168.4022
52.32016,0.6064316,-37.66311,268.3462,-4.945653,2.885235,0.001112851,-0.0094423,0.0382815,-0.06330962,0.9972148,-4.875658,2.903384,-0.00107193,0.02019546,-0.1494429,0.9885641,36,-5.7,-2.486411,33.34552,37,5.7,-21.09937,165.7838
52.34799,2.166671,-37.98498,270.6364,-5.157381,2.87771,0.002498406,-0.0116468,0.03664982,-0.06537141,0.9971197,-5.097338,2.894673,-0.000180006,0.02653005,-0.1493032,0.9884355,36,-5.7,-2.118234,30.72581,37,5.7,-20.73119,163.1641
52.3761,5.121366,-48.06507,342.3599,-5.352263,2.869847,0.003966434,-0.01179037,0.03441659,-0.06737712,0.9970641,-5.301647,2.885748,0.001069665,0.03009941,-0.1471349,0.9886584,36,-5.7,-1.746693,28.08216,37,5.7,-20.35965,160.5204
52.40369,3.043927,-39.41896,280.8397,-5.527504,2.862598,0.005856531,-0.01241101,0.03238663,-0.06944263,0.9969829,-5.485854,2.876627,0.002608299,0.03002045,-0.1488588,0.9884027,36,-5.7,-1.381885,25.48642,37,5.7,-19.99484,157.9247
52.4321,2.908806,-39.41896,280.8397,-5.679515,2.855359,0.007837091,-0.01390547,0.03071982,-0.07075571,0.9969236,-5.620975,2.876627,0.002608299,0.03002045,-0.1488588,0.9884027,36,-5.7,-1.006309,22.81405,37,5.7,-19.61927,155.2523
52.45959,4.113248,-45.06891,321.0411,-5.810441,2.848526,0.01005023,-0.01448486,0.0308302,-0.07377499,0.996693,-5.762971,2.86754,0.004530072,0.03041213,-0.1476121,0.9885777,36,-5.7,-0.6429257,20.22845,37,5.7,-19.25588,152.6667
52.48727,7.545282,-53.89585,383.8481,-5.916383,2.842564,0.01218696,-0.01415543,0.03104934,-0.07441701,0.9966432,-5.879462,2.85879,0.006753802,0.03457787,-0.1461819,0.9886532,36,-5.7,-0.2769245,17.62421,37,5.7,-18.88988,150.0625
52.5152,NaN,NaN,NaN,-5.994091,2.836917,0.01397805,-0.01302,0.03149304,-0.07351467,0.9967117,-5.967371,2.850488,0.009240866,0.03823017,-0.1454785,0.9886225,36,-5.7,0.09248075,14.99576,37,5.7,-18.52048,147.434
52.54297,NaN,NaN,NaN,-6.048691,2.832011,0.01578585,-0.01108645,0.0333811,-0.07441274,0.9966071,-6.030972,2.842849,0.01175892,0.04367748,-0.1449337,0.9884769,36,-5.7,0.4592987,12.38571,37,5.7,-18.15366,144.824
52.5708,8.480297,-44.35654,315.9724,-6.076341,2.828577,0.01743945,-0.01088401,0.03552836,-0.07519737,0.9964762,-6.066564,2.836072,0.01407444,0.04548817,-0.1475718,0.9880047,36,-5.7,0.8273398,9.766967,37,5.7,-17.78562,142.2052
52.59921,8.477769,-44.35647,315.9719,-6.079161,2.825963,0.01853091,-0.009603987,0.03727648,-0.07416181,0.996503,-6.069071,2.836072,0.01407444,0.04548817,-0.1475718,0.9880047,36,-5.7,1.203304,7.091843,37,5.7,-17.40966,139.5301
52.62646,12.20844,-51.27418,365.194,-6.059028,2.824288,0.01922654,-0.006691426,0.03845751,-0.07273807,0.9965869,-6.05802,2.83067,0.01615679,0.04942012,-0.1463813,0.987993,36,-5.7,1.563498,4.528927,37,5.7,-17.04946,136.9672
52.65442,7.420549,-34.17063,243.4958,-6.015296,2.824088,0.01994365,-0.006177038,0.03943774,-0.07163902,0.9966316,-6.021953,2.826694,0.01781893,0.05450262,-0.1500056,0.9871817,36,-5.7,1.933177,1.898524,37,5.7,-16.67978,134.3368
52.68213,4.434128,-24.95548,177.9267,-5.947823,2.824429,0.01997034,-0.006412096,0.03975111,-0.06957072,0.9967641,-5.961055,2.824136,0.01917148,0.05763473,-0.1540205,0.9863853,37,5.7,-16.31364,131.7316,38,-5.7,-34.93396,264.2218
52.70981,3.416909,-23.42893,167.0649,-5.857017,2.825366,0.01931596,-0.0054856,0.03921464,-0.06687226,0.9969755,-5.875463,2.8232,0.0198487,0.05487066,-0.1550166,0.9863869,37,5.7,-15.94777,129.1283,38,-5.7,-34.56809,261.6185
52.73795,-0.8657004,-28.23569,201.2666,-5.741926,2.827808,0.0187975,-0.005496416,0.03854534,-0.06491064,0.9971312,-5.764549,2.823461,0.01985192,0.02405071,-0.1524837,0.9880133,37,5.7,-15.57546,126.4791,38,-5.7,-34.19578,258.9694
52.76651,-0.7414199,-28.2357,201.2667,-5.602114,2.831441,0.01839419,-0.006684691,0.03782046,-0.06225339,0.9973211,-5.640272,2.823461,0.01985192,0.02405071,-0.1524837,0.9880133,37,5.7,-15.19808,123.7939,38,-5.7,-33.8184,256.2841
52.7933,-5.508492,-25.70811,183.282,-5.436493,2.835956,0.01809246,-0.005696462,0.03723705,-0.05908345,0.997542,-5.480718,2.825091,0.01935017,-0.0001497387,-0.1538422,0.9880954,37,5.7,-14.84361,121.2717,38,-5.7,-33.46393,253.762
52.82123,-5.429655,-26.24013,187.0675,-5.2474,2.842164,0.0181372,-0.005406579,0.038739,-0.0580732,0.9975458,-5.296465,2.828356,0.01875329,-0.0007036087,-0.1535626,0.9881387,37,5.7,-14.47453,118.6456,38,-5.7,-33.09485,251.1358
52.84949,-4.786109,-44.11766,314.2727,-5.036959,2.849149,0.01816656,-0.006265847,0.04020721,-0.05563445,0.9976217,-5.089183,2.833192,0.0183624,0.0009538385,-0.1477639,0.9890223,37,5.7,-14.10085,115.9868,38,-5.7,-32.72117,248.477
52.87683,-3.980669,-44.56002,317.4203,-4.809535,2.857053,0.0183792,-0.006123235,0.04205927,-0.05432295,0.9976184,-4.863019,2.839795,0.01821172,0.002749417,-0.1476984,0.9890286,37,5.7,-13.7392,113.4135,38,-5.7,-32.35952,245.9037
52.90472,-3.762239,-44.56009,317.4207,-4.563803,2.865601,0.01863175,-0.005728588,0.04321212,-0.05222955,0.9976833,-4.64459,2.839795,0.01821172,0.002749417,-0.1476984,0.9890286,37,5.7,-13.37038,110.7892,38,-5.7,-31.9907,243.2794
52.93332,-3.327826,-41.88009,298.3516,-4.302476,2.874584,0.01895346,-0.004881501,0.04456741,-0.05090441,0.9976967,-4.384947,2.847941,0.01822937,0.003504239,-0.1482683,0.988941,37,5.7,-12.9925,108.1004,38,-5.7,-31.61283,240.5907
52.96036,-3.71832,-27.60706,196.7937,-4.02801,2.883307,0.01898176,-0.003426954,0.0454303,-0.04874101,0.9977719,-4.110513,2.857372,0.01845264,0.001969641,-0.1529954,0.9882249,37,5.7,-12.63486,105.5557,38,-5.7,-31.25518,238.0459
52.98825,-3.728447,-25.45883,181.5083,-3.740967,2.892474,0.0189793,-0.001410915,0.04554585,-0.04609776,0.9978971,-3.822158,2.867656,0.01877666,0.0005101709,-0.1542108,0.9880378,37,5.7,-12.26604,102.9314,38,-5.7,-30.88637,235.4216
53.01608,-3.677807,-23.59299,168.2321,-3.442666,2.901138,0.01873077,-0.0004698262,0.04549399,-0.04269387,0.9980518,-3.521482,2.878251,0.01894236,-0.000918019,-0.1554541,0.9878427,37,5.7,-11.89839,100.3154,38,-5.7,-30.51871,232.8057
53.04391,-3.075127,-19.72791,140.7306,-3.133206,2.90948,0.01868046,0.0001102574,0.04543179,-0.03915901,0.9981997,-3.208859,2.888899,0.01878655,0.0009383591,-0.1586945,0.9873273,37,5.7,-11.53012,97.69504,38,-5.7,-30.15044,230.1853
53.07184,12.85,-33.91535,241.9408,-2.814523,2.917604,0.0187777,0.0006184764,0.0450018,-0.03593592,0.9983401,-2.886094,2.899399,0.01876771,0.06417327,-0.150134,0.9865807,37,5.7,-11.16089,95.06785,38,-5.7,-29.78121,227.5581
53.10034,12.85,-33.23516,237.4711,-2.487443,2.92555,0.01907469,0.0006474182,0.04341698,-0.03212209,0.9985403,-2.595356,2.899399,0.01876771,0.06417327,-0.150134,0.9865807,37,5.7,-10.78435,92.38863,38,-5.7,-29.40467,224.8789
53.1275,17.96914,-26.64397,189.9409,-2.150731,2.932949,0.01931381,0.0008796547,0.04185081,-0.02929723,0.9986938,-2.254869,2.909484,0.01880801,0.1046419,-0.1529137,0.9826838,37,5.7,-10.42488,89.83089,38,-5.7,-29.04521,222.3211
53.1554,21.54845,-31.18294,222.2374,-1.808363,2.939547,0.0196076,0.002791255,0.04069803,-0.02723503,0.9987964,-1.907679,2.919235,0.01885188,0.1037696,-0.1508677,0.9830925,37,5.7,-10.05609,87.20682,38,-5.7,-28.67642,219.6971
53.18314,24.54364,-36.62926,260.99,-1.463182,2.945864,0.02046333,0.003541567,0.03936952,-0.02477044,0.9989114,-1.556675,2.928378,0.01904333,0.09840288,-0.1491395,0.9839077,37,5.7,-9.689372,84.59747,38,-5.7,-28.3097,217.0877
53.21091,25.88687,-38.82989,276.6483,-1.11442,2.951276,0.02156299,0.002222186,0.03872538,-0.02253982,0.9989932,-1.201709,2.936651,0.01960039,0.09637582,-0.1485971,0.9841903,37,5.7,-9.322239,81.98518,38,-5.7,-27.94256,214.4754
53.23883,36.41433,-54.22704,386.2047,-0.7648836,2.955584,0.02273321,0.002036635,0.03926522,-0.02120007,0.9990019,-0.8452467,2.944148,0.02052283,0.0950094,-0.1457827,0.9847439,37,5.7,-8.953246,79.35966,38,-5.7,-27.57357,211.8499
53.26727,36.72573,-54.22704,386.2047,-0.4145536,2.957713,0.02367107,0.00481704,0.03914526,-0.01739004,0.9990706,-0.5338423,2.944148,0.02052283,0.0950094,-0.1457827,0.9847439,37,5.7,-8.577271,76.68446,38,-5.7,-27.1976,209.1747
53.29462,28.09882,-41.86016,298.2098,-0.06229115,2.960569,0.02533063,0.007796513,0.03795335,-0.01318324,0.9991622,-0.1744956,2.950377,0.02164412,0.09335471,-0.1479585,0.9845777,37,5.7,-8.21558,74.11089,38,-5.7,-26.83591,206.6011
53.32239,NaN,NaN,NaN,0.2879583,2.961903,0.02714168,0.006119338,0.03844166,-0.01219654,0.9991677,0.1834495,2.954864,0.02300191,0.09294543,-0.143508,0.9852749,37,5.7,-7.848491,71.49892,38,-5.7,-26.46882,203.9892
53.35062,36.26538,-53.21484,379.0025,0.6348072,2.961982,0.0286927,0.007202505,0.03725529,-0.009515011,0.9992346,0.5384934,2.958147,0.02468288,0.09285003,-0.1459871,0.9849196,37,5.7,-7.475256,68.84322,38,-5.7,-26.09558,201.3335
53.3782,NaN,NaN,NaN,0.9780824,2.960313,0.030284,0.007401464,0.03564882,-0.006101959,0.9993183,0.8902067,2.960132,0.02658677,0.09016924,-0.1449415,0.9853231,37,5.7,-7.110336,66.24668,38,-5.7,-25.73066,198.7369
53.40616,NaN,NaN,NaN,1.314584,2.959838,0.0323052,0.00619529,0.03410834,-0.005844704,0.9993819,1.235477,2.960382,0.02852392,0.0772121,-0.1454625,0.9863462,37,5.7,-6.740842,63.6176,38,-5.7,-25.36117,196.1078
53.4342,NaN,NaN,NaN,1.647221,2.955859,0.03343589,0.006381975,0.03214565,-0.003085759,0.9994581,1.531155,2.960382,0.02852392,0.0772121,-0.1454625,0.9863462,37,5.7,-6.370006,60.97895,38,-5.7,-24.99033,193.4692
53.46161,NaN,NaN,NaN,1.968921,2.952361,0.03438732,0.01190774,0.02961129,-0.0007012915,0.9994903,1.862704,2.959509,0.03064954,0.07038639,-0.142751,0.9872528,37,5.7,-6.007853,58.4021,38,-5.7,-24.62818,190.8923
53.48947,NaN,NaN,NaN,2.286988,2.949218,0.03562919,0.01184425,0.02608174,0.003202515,0.9995846,2.190194,2.956979,0.03248799,0.05583691,-0.145162,0.9878311,37,5.7,-5.639133,55.77853,38,-5.7,-24.25946,188.2688
53.51733,17.29798,-40.17262,286.2023,2.592843,2.945095,0.03618754,0.009354011,0.02162623,0.00570647,0.9997061,2.505802,2.953216,0.0338304,0.05104666,-0.1488239,0.9875453,37,5.7,-5.271095,53.15981,38,-5.7,-23.89142,185.65
53.5452,20.79854,-52.63101,374.8484,2.889389,2.940333,0.03659453,0.01183202,0.01709381,0.006244824,0.9997644,2.811889,2.94917,0.03514409,0.04741581,-0.1465187,0.9880708,37,5.7,-4.902592,50.53777,38,-5.7,-23.52292,183.028
53.57312,NaN,NaN,NaN,3.17982,2.936672,0.03715371,0.009847237,0.0126996,0.006992031,0.9998465,3.111037,2.944246,0.03607607,0.04045562,-0.1430571,0.9888873,37,5.7,-4.533311,47.9102,38,-5.7,-23.15364,180.4004
53.60098,NaN,NaN,NaN,3.455184,2.931574,0.03731174,0.007288122,0.008020759,0.008530408,0.9999049,3.355805,2.944246,0.03607607,0.04045562,-0.1430571,0.9888873,37,5.7,-4.16495,45.28918,38,-5.7,-22.78528,177.7794
53.62885,NaN,NaN,NaN,3.723415,2.925362,0.03678164,0.008414903,0.0033741,0.01127028,0.9998955,3.633759,2.939236,0.03674293,0.03226487,-0.1419782,0.9893438,37,5.7,-3.796528,42.66771,38,-5.7,-22.41685,175.1579
53.65662,NaN,NaN,NaN,3.982195,2.920054,0.03624738,0.01012606,-0.0001446605,0.01552212,0.9998283,3.901583,2.93376,0.03712022,0.03399025,-0.1395219,0.9896354,37,5.7,-3.429333,40.05499,38,-5.7,-22.04966,172.5452
53.68442,NaN,NaN,NaN,4.230499,2.914263,0.03572518,0.009249483,-0.003447593,0.02012904,0.9997487,4.158824,2.927396,0.0369662,0.03074535,-0.1398807,0.989691,37,5.7,-3.061918,37.44069,38,-5.7,-21.68225,169.9309
53.71237,NaN,NaN,NaN,4.468946,2.907846,0.03470098,0.01045647,-0.006821454,0.02481425,0.9996142,4.405736,2.920754,0.03648567,0.0266319,-0.1411973,0.9896232,37,5.7,-2.692403,34.81145,38,-5.7,-21.31273,167.3017
53.7403,NaN,NaN,NaN,4.692534,2.901505,0.03355509,0.0108468,-0.007642269,0.0246258,0.9996088,4.637838,2.913587,0.03574491,0.03536281,-0.1412262,0.9893456,37,5.7,-2.323088,32.18364,38,-5.7,-20.94342,164.6739
53.76807,NaN,NaN,NaN,4.900548,2.894415,0.03162788,0.01195161,-0.00772798,0.02426034,0.9996044,4.822741,2.913587,0.03574491,0.03536281,-0.1412262,0.9893456,37,5.7,-1.955715,29.56964,38,-5.7,-20.57604,162.0599
53.79584,NaN,NaN,NaN,5.091441,2.886196,0.02906065,0.01345185,-0.007219492,0.0245959,0.9995809,5.023966,2.906112,0.0346328,0.03076172,-0.142448,0.9893242,37,5.7,-1.588826,26.9591,38,-5.7,-20.20916,159.4493
53.82367,NaN,NaN,NaN,5.263596,2.877537,0.02603881,0.01322387,-0.006673723,0.02646827,0.9995399,5.206353,2.898212,0.03288126,0.02861336,-0.1425259,0.9893774,37,5.7,-1.220587,24.33894,38,-5.7,-19.84092,156.8292
53.85159,NaN,NaN,NaN,5.412578,2.869302,0.02280966,0.01294313,-0.006692737,0.02782365,0.9995067,5.365545,2.889201,0.03030431,0.02510496,-0.1435298,0.9893275,37,5.7,-0.8514583,21.71245,38,-5.7,-19.47179,154.2027
53.87955,NaN,NaN,NaN,5.540735,2.861314,0.01927438,0.01359544,-0.007344574,0.02934816,0.9994498,5.50329,2.879438,0.02709866,0.02561149,-0.144108,0.9892305,37,5.7,-0.481777,19.08203,38,-5.7,-19.10211,151.5723
53.90726,12.85,-56.45276,404.2618,5.64612,2.853785,0.01568794,0.01296561,-0.007561415,0.02988998,0.9994406,5.617558,2.86951,0.02326334,0.01769915,-0.1451728,0.989248,37,5.7,-0.1155801,16.47641,38,-5.7,-18.73591,148.9666
53.93533,12.85,-55.84814,400.1418,5.729048,2.846937,0.01203542,0.01167866,-0.008612871,0.03230942,0.9993726,5.691273,2.86951,0.02326334,0.01769915,-0.1451728,0.989248,37,5.7,0.255537,13.83577,38,-5.7,-18.36479,146.326
53.96295,9.979303,-48.04262,342.2004,5.788862,2.840207,0.008384125,0.009849563,-0.01006192,0.03467662,0.9992994,5.761556,2.859933,0.01908755,0.01219099,-0.1471289,0.9890422,37,5.7,0.6209096,11.23601,38,-5.7,-17.99942,143.7262
53.99084,NaN,NaN,NaN,5.825809,2.834408,0.005250525,0.007203598,-0.01155707,0.03592753,0.9992616,5.807898,2.851038,0.01485217,0.01074682,-0.1451101,0.9893572,37,5.7,0.9896964,8.611958,38,-5.7,-17.63064,141.1022
54.01889,NaN,NaN,NaN,5.840835,2.829195,0.002038705,0.003902016,-0.01256767,0.03679113,0.9992363,5.83111,2.842755,0.01075006,0.008522234,-0.1449663,0.9893999,37,5.7,1.360243,5.975385,38,-5.7,-17.26009,138.4656
54.04645,NaN,NaN,NaN,5.831196,2.825014,-0.0007827692,0.00356671,-0.01303956,0.0370897,0.9992205,5.828878,2.835429,0.00653255,0.00605532,-0.1414355,0.989929,37,5.7,1.724805,3.381386,38,-5.7,-16.89553,135.8716
54.07446,6.896899,-29.61109,211.0532,5.798718,2.821274,-0.003192639,0.002973853,-0.01512089,0.03993141,0.9990836,5.802678,2.829114,0.002642393,0.00512438,-0.151922,0.9883792,37,5.7,2.09524,0.7456064,38,-5.7,-16.52509,133.2358
54.10254,6.845948,-29.61109,211.0532,5.741398,2.818657,-0.005164022,0.002928201,-0.017986,0.04129419,0.9989808,5.751727,2.829114,0.002642393,0.00512438,-0.151922,0.9883792,38,-5.7,-16.15384,130.5942,38,NaN,NaN,NaN
54.12997,2.536704,-17.71097,126.3793,5.666256,2.817228,-0.007178531,0.003730129,-0.02005818,0.04284324,0.9988735,5.683827,2.823904,-0.0005840063,-0.02457232,-0.1603335,0.986757,38,-5.7,-15.7911,128.0132,38,NaN,NaN,NaN
54.15787,-3.149409,-15.01551,107.2001,5.565725,2.816823,-0.009139564,0.005052673,-0.02094516,0.04252577,0.998863,5.589603,2.819819,-0.003456354,-0.08015396,-0.1635851,0.9832676,38,-5.7,-15.4226,125.3912,38,NaN,NaN,NaN
54.18579,-2.017214,-12.30244,87.8956,5.445601,2.817259,-0.01137275,0.005460935,-0.02526706,0.04570134,0.9986206,5.474468,2.817195,-0.006030679,-0.08369981,-0.1689221,0.9820691,38,-5.7,-15.05349,122.7649,38,NaN,NaN,NaN
54.21365,-3.159481,-14.42883,103.0257,5.303924,2.818381,-0.01354865,0.007525373,-0.03003576,0.04632941,0.9984462,5.336639,2.816116,-0.008402824,-0.08106042,-0.1645319,0.9830353,38,-5.7,-14.68506,120.1433,38,NaN,NaN,NaN
54.24127,-6.483307,-18.66619,133.176,5.136405,2.822081,-0.01547035,0.008324109,-0.03122953,0.03994989,0.9986789,5.172208,2.816433,-0.01059043,-0.08607537,-0.1586481,0.9835761,38,-5.7,-14.31982,117.5445,38,NaN,NaN,NaN
54.26926,-6.651093,-18.66616,133.1758,4.947628,2.827026,-0.01723128,0.006782897,-0.03340489,0.03714736,0.9987283,5.004407,2.816433,-0.01059043,-0.08607537,-0.1586481,0.9835761,38,-5.7,-13.94996,114.9128,38,NaN,NaN,NaN
54.29712,-6.443243,-16.72814,119.3861,4.733432,2.833327,-0.01879118,0.00607181,-0.0333792,0.03369696,0.9988561,4.795203,2.818339,-0.0132823,-0.09249019,-0.1608637,0.9826334,38,-5.7,-13.58136,112.2901,38,NaN,NaN,NaN
54.3248,-6.853134,-16.89383,120.565,4.497601,2.842066,-0.01966034,0.003719397,-0.03431058,0.03588641,0.9987598,4.563108,2.822536,-0.01574469,-0.09303107,-0.1606689,0.9826142,38,-5.7,-13.21532,109.6856,38,NaN,NaN,NaN
54.35275,-7.81862,-17.48219,124.7514,4.24067,2.852695,-0.01994985,0.0003452767,-0.03719679,0.03866851,0.9985595,4.308499,2.82905,-0.01775277,-0.09549519,-0.1599412,0.9824966,38,-5.7,-12.84577,107.0561,38,NaN,NaN,NaN
54.38055,-10.54449,-21.97039,156.6866,3.967255,2.863802,-0.01971851,-0.002442338,-0.04018334,0.03830417,0.9984549,4.035529,2.8383,-0.01910222,-0.09151064,-0.1557104,0.9835548,38,-5.7,-12.47827,104.4412,38,NaN,NaN,NaN
54.40833,-10.69008,-21.92349,156.3529,3.68032,2.875457,-0.01905518,-0.004395168,-0.0427824,0.03551866,0.9984432,3.747123,2.849926,-0.01970947,-0.09081156,-0.1558275,0.983601,38,-5.7,-12.11098,101.8278,38,NaN,NaN,NaN
54.43616,-10.95525,-21.9233,156.3517,3.381875,2.886633,-0.01828086,-0.003702185,-0.04580182,0.03309238,0.9983954,3.481838,2.849926,-0.01970947,-0.09081156,-0.1558275,0.983601,38,-5.7,-11.74299,99.20943,38,NaN,NaN,NaN
54.46399,-18.69215,-32.20672,229.522,3.075025,2.897353,-0.01734858,0.0001422642,-0.04784602,0.03042137,0.9983914,3.172974,2.863087,-0.01954043,-0.09374822,-0.1503643,0.9841757,38,-5.7,-11.37504,96.59132,38,NaN,NaN,NaN
54.49185,-20.64291,-33.68493,240.0401,2.761988,2.907941,-0.01652289,0.003424716,-0.04801473,0.02683838,0.9984801,2.856246,2.876624,-0.01865852,-0.09632325,-0.1498662,0.9840031,38,-5.7,-11.0067,93.97045,38,NaN,NaN,NaN
54.51974,-12.85,-20.4865,148.4812,2.440908,2.917935,-0.01571559,0.0052075,-0.04638365,0.02165231,0.9986755,2.530889,2.889935,-0.01776326,-0.1017844,-0.1546957,0.9827051,38,-5.7,-10.63811,91.34781,38,NaN,NaN,NaN
54.54761,-10.62692,-16.53409,118.0053,2.113816,2.927196,-0.01479793,0.006417064,-0.04469213,0.0175416,0.9988262,2.198907,2.902776,-0.01681054,-0.1066174,-0.1615732,0.9810845,38,-5.7,-10.26959,88.72561,38,NaN,NaN,NaN
54.57544,-9.259439,-14.35377,102.4915,1.778936,2.936241,-0.01371282,0.006150749,-0.04322717,0.0124863,0.9989684,1.858863,2.915017,-0.01584077,-0.1063497,-0.165181,0.9805126,38,-5.7,-9.901463,86.10625,38,NaN,NaN,NaN
54.60315,-12.85,-18.35189,133.5259,1.436585,2.94465,-0.01220245,0.004246668,-0.04061925,0.004216729,0.9991568,1.511051,2.926529,-0.01476371,-0.105607,-0.1564754,0.9820197,38,-5.7,-9.535244,83.50047,38,NaN,NaN,NaN
54.63126,-12.85,-17.89575,130.6632,1.090243,2.951616,-0.01027771,0.00330747,-0.03772786,-0.002374621,0.9992797,1.203192,2.926529,-0.01476371,-0.105607,-0.1564754,0.9820197,38,-5.7,-9.163611,80.85617,38,NaN,NaN,NaN
54.65909,-17.41855,-24.5767,175.2316,0.7393596,2.957521,-0.007864946,0.002699038,-0.03358957,-0.008890494,0.9993926,0.8465819,2.936942,-0.01326883,-0.1024235,-0.1542855,0.9827031,38,-5.7,-8.795517,78.23704,38,NaN,NaN,NaN
54.68677,-12.85,-17.45879,128.3134,0.381888,2.962044,-0.005048376,0.002610733,-0.0292232,-0.01391485,0.9994727,0.4831793,2.946179,-0.01128876,-0.1020768,-0.1562173,0.982434,38,-5.7,-8.429561,75.63312,38,NaN,NaN,NaN
54.71463,-8.985614,-12.62647,90.20111,0.02068419,2.965193,-0.001678108,0.003484227,-0.02556971,-0.01751709,0.9995135,0.115433,2.953871,-0.008826137,-0.09892786,-0.1693574,0.9805771,38,-5.7,-8.061452,73.01389,38,NaN,NaN,NaN
54.7424,-7.43007,-10.68731,76.40335,-0.3401819,2.966713,0.001798577,0.004884473,-0.02136165,-0.02142816,0.9995303,-0.2526075,2.959776,-0.005544543,-0.09207869,-0.1750767,0.9802396,38,-5.7,-7.694077,70.39989,38,NaN,NaN,NaN
54.77029,-6.725343,-9.510397,68.02917,-0.6998353,2.96604,0.005198576,0.01012446,-0.01837716,-0.02318554,0.999511,-0.6199746,2.963639,-0.001624703,-0.08793063,-0.1796534,0.9797923,38,-5.7,-7.325427,67.77679,38,NaN,NaN,NaN
54.7984,-7.0448,-9.510401,68.0292,-1.059222,2.965197,0.008573466,0.01429061,-0.01639593,-0.02456884,0.9994615,-0.9394292,2.963639,-0.001624703,-0.08793063,-0.1796534,0.9797923,38,-5.7,-6.953724,65.132,38,NaN,NaN,NaN
54.82593,-6.167169,-8.1732,58.51452,-1.417329,2.963332,0.0120286,0.01474188,-0.01372558,-0.02894469,0.9993781,-1.305668,2.965052,0.002382755,-0.08134916,-0.1863803,0.979104,38,-5.7,-6.589618,62.54124,38,NaN,NaN,NaN
54.85388,-7.25636,-9.299085,66.5256,-1.767195,2.960258,0.01529337,0.0160674,-0.01228136,-0.03109048,0.999312,-1.664549,2.964733,0.006367326,-0.08238874,-0.1806929,0.9800828,38,-5.7,-6.220102,59.912,38,NaN,NaN,NaN
54.8815,-8.960799,-11.96136,85.46865,-2.113666,2.956985,0.01824374,0.01788509,-0.01063722,-0.034083,0.9992024,-2.020111,2.962905,0.01054347,-0.07975169,-0.1714867,0.9819531,38,-5.7,-5.855035,57.31441,38,NaN,NaN,NaN
54.90945,-9.145226,-12.62081,90.1609,-2.453609,2.952396,0.0211522,0.01747888,-0.008180232,-0.03786345,0.9990966,-2.369226,2.959832,0.01452684,-0.07386608,-0.1698468,0.9826983,38,-5.7,-5.485397,54.6843,38,NaN,NaN,NaN
54.93738,-8.698472,-11.87899,84.88259,-2.779902,2.948615,0.02363204,0.01695284,-0.005977571,-0.03911627,0.999073,-2.705284,2.955583,0.01794684,-0.06939798,-0.1717767,0.9826885,38,-5.7,-5.116255,52.05772,38,NaN,NaN,NaN
54.96558,-8.981221,-11.879,84.88262,-3.097993,2.943772,0.02638658,0.01626872,-0.002740502,-0.0392942,0.9990915,-2.988032,2.955583,0.01794684,-0.06939798,-0.1717767,0.9826885,38,-5.7,-4.743375,49.40454,38,NaN,NaN,NaN
54.99307,-8.635311,-11.31526,80.87144,-3.407237,2.938444,0.02883055,0.01443045,0.0004006624,-0.04148242,0.999035,-3.30771,2.950763,0.02118611,-0.06475599,-0.173401,0.9827201,38,-5.7,-4.379706,46.81691,38,NaN,NaN,NaN
55.02084,-8.372334,-11.03417,78.87135,-3.705352,2.933722,0.03156674,0.01478387,0.003353626,-0.04514611,0.9988654,-3.616024,2.945538,0.0245831,-0.05929254,-0.1742722,0.9829108,38,-5.7,-4.012603,44.20483,38,NaN,NaN,NaN
55.04883,-8.837029,-12.43811,88.86092,-3.987622,2.929382,0.03439867,0.01354665,0.005822778,-0.04821961,0.9987279,-3.908685,2.939707,0.02782094,-0.05458412,-0.1703179,0.9838762,38,-5.7,-3.642711,41.57291,38,NaN,NaN,NaN
55.0766,-8.016651,-10.62707,75.97469,-4.262515,2.923317,0.03665338,0.01114164,0.009454161,-0.05361237,0.9984549,-4.192838,2.933867,0.03086376,-0.04950571,-0.1755693,0.9832215,38,-5.7,-3.275679,38.96135,38,NaN,NaN,NaN
55.10434,-8.249814,-10.62707,75.97467,-4.524823,2.917362,0.03890948,0.01212227,0.01155484,-0.05703573,0.9982316,-4.426001,2.933867,0.03086376,-0.04950571,-0.1755693,0.9832215,38,-5.7,-2.908699,36.35014,38,NaN,NaN,NaN
55.13269,-8.324265,-10.7516,76.86076,-4.773338,2.911034,0.04129584,0.01181639,0.01334828,-0.05960657,0.9980628,-4.685082,2.927882,0.03406048,-0.04658457,-0.1751089,0.9834464,38,-5.7,-2.533924,33.68348,38,NaN,NaN,NaN
55.16003,-8.216741,-10.69602,76.46526,-5.007788,2.903914,0.04307413,0.01130196,0.01510185,-0.06256607,0.9978626,-4.929849,2.921184,0.03703916,-0.04230156,-0.1752504,0.9836147,38,-5.7,-2.172547,31.11215,38,NaN,NaN,NaN
55.18796,-7.957396,-9.891829,70.74317,-5.229023,2.895526,0.04406997,0.01339244,0.01703465,-0.06528306,0.9976315,-5.160931,2.913842,0.03985643,-0.03888943,-0.178084,0.9832465,38,-5.7,-1.803191,28.48405,38,NaN,NaN,NaN
55.2157,-7.38262,-8.293834,59.37284,-5.432313,2.887298,0.04473352,0.01575807,0.01834062,-0.0674296,0.997431,-5.373997,2.905568,0.0422442,-0.03324885,-0.1853845,0.9821034,38,-5.7,-1.436593,25.87557,38,NaN,NaN,NaN
55.24359,-6.986441,-7.614879,54.54183,-5.615973,2.879934,0.04544108,0.01526632,0.02005035,-0.07007816,0.9972231,-5.567082,2.896388,0.04377627,-0.0255645,-0.1893219,0.9815822,38,-5.7,-1.067833,23.2517,38,NaN,NaN,NaN
55.27148,-6.921079,-7.338756,52.5771,-5.780275,2.872703,0.04587102,0.01354705,0.02223888,-0.07165468,0.9970895,-5.740323,2.886934,0.04479837,-0.02205724,-0.1910226,0.9813378,38,-5.7,-0.6990377,20.62759,38,NaN,NaN,NaN
55.29974,-7.051181,-7.338755,52.5771,-5.926642,2.865443,0.04593106,0.01411622,0.02303964,-0.07251527,0.9970013,-5.870426,2.886934,0.04479837,-0.02205724,-0.1910226,0.9813378,38,-5.7,-0.3252584,17.96801,38,NaN,NaN,NaN
55.32712,-6.481503,-7.08496,50.77126,-6.05254,2.859104,0.04599534,0.01381919,0.02298462,-0.07404865,0.996894,-6.006622,2.87762,0.04550123,-0.009185821,-0.192711,0.9812126,38,-5.7,0.03663802,15.39298,38,NaN,NaN,NaN
55.35501,-6.314039,-6.297502,45.16821,-6.158254,2.853421,0.04614213,0.01178794,0.02299583,-0.07660052,0.996727,-6.121888,2.868915,0.04586983,-0.004173133,-0.1990778,0.9799748,38,-5.7,0.4053029,12.7698,38,NaN,NaN,NaN
55.38284,-6.020249,-6.028717,43.2557,-6.24288,2.848153,0.04633464,0.009671182,0.02329791,-0.07830401,0.9966104,-6.215327,2.860972,0.04602575,0.004422064,-0.2015114,0.9794762,38,-5.7,0.773523,10.14977,38,NaN,NaN,NaN
55.41077,-5.807902,-5.724803,41.09324,-6.307415,2.843188,0.04642385,0.01036616,0.0232431,-0.07787534,0.9966382,-6.287716,2.853914,0.04621792,0.01144144,-0.2045637,0.9787864,38,-5.7,1.142693,7.522991,38,NaN,NaN,NaN
55.43854,-5.593778,-5.77103,41.42216,-6.349181,2.839457,0.04662813,0.01128345,0.02403513,-0.07886555,0.9965316,-6.33672,2.847602,0.04656124,0.01757603,-0.2038936,0.9788353,38,-5.7,1.509894,4.910221,38,NaN,NaN,NaN
55.46716,-5.610998,-5.771031,41.42216,-6.368553,2.836767,0.04680125,0.01021241,0.02454966,-0.07962198,0.9964705,-6.353939,2.847602,0.04656124,0.01757603,-0.2038936,0.9788353,38,-5.7,1.88818,2.218575,38,NaN,NaN,NaN
55.49438,-5.228977,-6.480099,46.46745,-6.369411,2.834378,0.04651465,0.009822965,0.02586696,-0.08089799,0.9963383,-6.362929,2.842,0.04663014,0.0239427,-0.19683,0.9801453,38,-5.7,1.88818,2.218575,38,NaN,NaN,NaN
55.52197,1.094919,-25.74011,183.5097,-6.348464,2.833422,0.04617047,0.009200692,0.02813551,-0.08122441,0.9962562,-6.349112,2.837688,0.04672468,0.04005944,-0.1537891,0.9872913,38,-5.7,1.88818,2.218575,38,NaN,NaN,NaN
55.5499,2.053005,-27.12261,193.3467,-6.308769,2.833347,0.04577055,0.006628696,0.03059599,-0.08017296,0.9962893,-6.31532,2.834385,0.04656696,0.04274207,-0.1530084,0.9873002,38,-5.7,1.88818,2.218575,38,NaN,NaN,NaN
55.57785,NaN,NaN,NaN,-6.25181,2.833848,0.04512496,0.004810542,0.03280604,-0.07814565,0.9963905,-6.262954,2.832604,0.04622066,0.02844708,-0.1457391,0.988914,38,-5.7,1.88818,2.218575,38,NaN,NaN,NaN
55.60556,0.3004737,-35.80232,255.1059,-6.176485,2.835751,0.04470459,0.003741715,0.03463319,-0.07530521,0.9965519,-6.191208,2.832343,0.04574072,0.02515656,-0.149717,0.9884089,38,-5.7,1.88818,2.218575,38,NaN,NaN,NaN
55.63416,0.3850222,-35.80233,255.106,-6.081367,2.839446,0.04489842,0.0007843412,0.03524366,-0.07128643,0.9968327,-6.10666,2.832343,0.04574072,0.02515656,-0.149717,0.9884089,38,-5.7,1.88818,2.218575,38,NaN,NaN,NaN
55.66119,5.334012,-51.86514,369.3989,-5.967008,2.844481,0.04554097,-0.002129115,0.03495407,-0.06689728,0.9971452,-5.997273,2.833378,0.04518414,0.03033374,-0.1464274,0.9887562,38,-5.7,1.88818,2.218575,38,NaN,NaN,NaN
55.68906,NaN,NaN,NaN,-5.833284,2.851165,0.04659671,-0.002557844,0.03443798,-0.06338208,0.9973918,-5.867622,2.836354,0.04498243,0.03288464,-0.141802,0.9893487,38,-5.7,1.88818,2.218575,38,NaN,NaN,NaN
55.71695,NaN,NaN,NaN,-5.679827,2.859077,0.04784222,-0.002011808,0.03353548,-0.05889579,0.9976987,-5.717486,2.841391,0.0454073,0.03214981,-0.1433319,0.9891524,38,-5.7,1.88818,2.218575,38,NaN,NaN,NaN
55.74475,NaN,NaN,NaN,-5.511369,2.868149,0.04918154,-0.0009541885,0.03331828,-0.05664423,0.997838,-5.550947,2.848535,0.0463984,0.03240238,-0.145254,0.9888637,38,-5.7,1.88818,2.218575,38,NaN,NaN,NaN
55.77264,5.992289,-49.80952,354.7724,-5.323538,2.877857,0.050377,0.002019193,0.03334647,-0.05289556,0.9980411,-5.364167,2.857611,0.04777229,0.03165183,-0.1467898,0.9886612,38,-5.7,1.88818,2.218575,38,NaN,NaN,NaN
55.80081,6.169762,-49.80952,354.7724,-5.123881,2.888408,0.05125438,0.004851386,0.03355166,-0.04845678,0.9982499,-5.186694,2.857611,0.04777229,0.03165183,-0.1467898,0.9886612,38,-5.7,1.88818,2.218575,38,NaN,NaN,NaN
55.82825,2.177375,-35.43113,252.4647,-4.910536,2.899173,0.0514404,0.008638113,0.03247869,-0.04281396,0.9985176,-4.974375,2.868247,0.04925084,0.02800163,-0.1499556,0.9882961,38,-5.7,1.88818,2.218575,38,NaN,NaN,NaN
55.85632,0.5528498,-26.80945,191.1184,-4.686849,2.910205,0.05110416,0.01029608,0.03130856,-0.0382962,0.9987228,-4.750445,2.880181,0.05054557,0.02741664,-0.1534876,0.9877702,38,-5.7,1.88818,2.218575,38,NaN,NaN,NaN
55.884,-0.2282753,-21.55832,153.7548,-4.452282,2.921525,0.05049704,0.007646489,0.02817875,-0.03301844,0.9990282,-4.514646,2.892841,0.05122149,0.02753051,-0.157045,0.9872077,38,-5.7,1.88818,2.218575,38,NaN,NaN,NaN
55.91187,0.3077684,-24.48823,174.602,-4.20769,2.93215,0.04952123,0.003091251,0.02399904,-0.02847424,0.9993017,-4.268008,2.905921,0.05125415,0.02588891,-0.1549911,0.9875766,38,-5.7,1.88818,2.218575,38,NaN,NaN,NaN
55.93979,1.574923,-35.32908,251.7386,-3.954237,2.941664,0.04815544,-0.0001678271,0.02002063,-0.0249797,0.9994875,-4.011786,2.919169,0.05060351,0.02193972,-0.1502058,0.9884113,38,-5.7,1.88818,2.218575,38,NaN,NaN,NaN
55.96759,1.809333,-35.32908,251.7386,-3.690527,2.949988,0.0465428,-0.001927165,0.01673889,-0.02267385,0.9996009,-3.777377,2.919169,0.05060351,0.02193972,-0.1502058,0.9884113,38,-5.7,1.88818,2.218575,38,NaN,NaN,NaN
55.99539,NaN,NaN,NaN,-3.417632,2.957374,0.04473165,-0.003098417,0.01425782,-0.02006038,0.9996923,-3.502288,2.931715,0.04937792,0.01676594,-0.1278718,0.991649,38,-5.7,1.88818,2.218575,38,NaN,NaN,NaN
56.02316,NaN,NaN,NaN,-3.13653,2.964318,0.04273763,-0.006066202,0.01304263,-0.01797909,0.9997349,-3.218294,2.942937,0.0476712,0.03163334,-0.1055622,0.9939095,38,-5.7,1.88818,2.218575,38,NaN,NaN,NaN
RESULT,totalFlags,35
RESULT,totalShort,0
RESULT,totalLong,35
RESULT,totalTight,15
RESULT,passedFlags,34
RESULT,shortTurns,0
RESULT,longTurns,34
RESULT,tightTurns,14
RESULT,passRate,97.14286
RESULT,shortRate,0
RESULT,longRate,97.14286
RESULT,tightRate,93.33334
RESULT,totalValidTime,48.52681
RESULT,timeP0,16.75769
RESULT,timeP1,31.40694
RESULT,timeS0,0
RESULT,timeS1,0.08317778
RESULT,timeOther,0.2789926
RESULT,cntP0,26
RESULT,cntP1,34
RESULT,rateTimeP0,0.3453285
RESULT,rateTimeP1,0.647208
RESULT,rateTimeS0,0
RESULT,rateTimeS1,0.001714058
RESULT,rateTimeOther,0.005749247
RESULT,rateCntP0,0.6666667
RESULT,rateCntP1,0.8717949
flagId,passedCorrect,turnDir,minDistToFlagDuringApproach
4,1,1,1.624399
5,1,-1,2.504841
6,1,1,2.433846
7,1,-1,1.64752
8,1,1,1.326677
9,1,-1,1.293575
10,1,1,2.091775
11,1,-1,0.8663049
12,1,1,1.372745
13,1,-1,2.463575
14,0,1,2.226523
15,1,-1,2.928635
16,1,1,2.287869
17,1,-1,1.778551
18,1,1,2.990431
19,1,-1,2.682164
20,1,1,1.910609
21,1,-1,1.965499
22,1,1,1.290893
23,1,-1,1.687303
24,1,1,2.326907
25,1,-1,1.962933
26,1,1,1.561286
27,1,-1,2.759978
28,1,1,2.372467
29,1,-1,2.07533
30,1,1,2.174826
31,1,-1,1.33595
32,1,1,1.634061
33,1,-1,1.542638
34,1,1,2.819592
35,1,-1,1.847866
36,1,1,1.077511
37,1,-1,2.057983
38,1,1,0.8270932
pId,lastRiseSecBeforePassP
4,0.3262075
5,1.396117
6,1.344527
7,0.2910109
8,1.353234
9,0.9397065
10,0.1189154
11,0.1350885
12,0.3500868
13,1.007082
14,0.2378826
15,1.060094
16,0.6751469
17,0.3451049
18,0.475452
19,1.342818
20,0.8458976
21,0.460064
22,0.2416653
23,0.3186177
24,1.007799
25,1.345811
26,0.6262264
27,0.4744423
28,1.341811
29,1.345988
30,1.350169
31,0.1292942
32,0.7435534
33,1.360268
34,0.05603538
35,0.3167393
36,0.355627
37,1.401447
38,NaN
P1_EVENTS_FORMAT
pId
riseSecBeforePassP,duration,fallSecBeforePassP
4
1.467386,0.4174046,1.04975
0.3262075,0.3342559,0
5
1.396117,1.41975,0
6
1.344527,1.364587,0
7
1.349043,1.029843,0.3186621
0.2910109,0.3062877,0
8
1.353234,1.363875,0
9
1.357434,0.222847,1.134627
0.9397065,0.946337,0
10
1.371629,0.05568495,1.315967
1.009449,0.3060635,0.7035452
0.1189154,0.1113098,0.007568764
11
1.388436,0.1950563,1.19335
0.2191447,0.05570088,0.1632289
0.1350885,0.1390345,0
12
1.380305,0.1391824,1.24089
0.3500868,0.3615481,0
13
1.007082,0.2503242,0.7567883
14
1.49092,0.1951978,1.295973
0.2378826,0.2502629,0
15
1.367076,0.2783676,1.088568
1.060094,1.085773,0
16
1.343474,0.05552209,1.287766
1.204273,0.05579235,1.148514
1.009228,0.3063494,0.7029305
0.6751469,0.6956228,0
17
1.319951,0.05565615,1.263592
1.12509,0.02768729,1.096541
0.6517275,0.2783809,0.3732021
0.3451049,0.3618667,0
18
1.366155,0.2785763,1.087793
0.475452,0.5010546,0
19
1.342818,1.364357,0
20
1.346759,0.3898025,0.9572698
0.8458976,0.8641666,0
21
1.350216,0.8620884,0.4879209
0.460064,0.4730997,0
22
1.355339,0.02791105,1.32759
1.021308,0.0833163,0.937835
0.2416653,0.2510467,0
23
0.4853926,0.05551756,0.4298799
0.3186177,0.3338895,0
24
1.397336,0.1118642,1.28615
1.007799,1.03028,0
25
1.345811,1.364163,0
26
0.7653508,0.1124116,0.6539986
0.6262264,0.6403803,0
27
1.365558,0.1947675,1.170532
1.059036,0.19504,0.8641919
0.8364186,0.05549026,0.780759
0.6693,0.16707,0.5022564
0.4744423,0.5011716,0
28
1.341811,1.364295,0
29
1.345988,1.363945,0
30
1.350169,1.364104,0
31
0.6023329,0.02838437,0.5750247
0.5193284,0.02781026,0.4915724
0.3521153,0.1672698,0.1852693
0.1292942,0.1394567,0
32
1.383838,0.1387869,1.244733
0.854475,0.05585125,0.799063
0.7435534,0.7515965,0
33
1.360268,1.364282,0
34
1.36421,0.1113359,1.253141
0.05603538,0.08362901,0
35
1.346858,0.08336834,1.26331
1.235381,0.02792876,1.206919
1.039742,0.3343567,0.7058239
0.5673141,0.05635959,0.5116608
0.455633,0.02816969,0.4282017
0.3718237,0.02843969,0.344653
0.3167393,0.3342868,0
36
1.385492,0.2507082,1.134677
0.355627,0.3621069,0
37
1.401447,0.4174198,0.9832414
38
NaN
