time,gaze_x,gaze_y,gaze_z,cam_x,cam_y,cam_z,cam_qx,cam_qy,cam_qz,cam_qw,gaze_o_x,gaze_o_y,gaze_o_z,gaze_dir_x,gaze_dir_y,gaze_dir_z,p0Id,p0_x,p0_y,p0_z,p1Id,p1_x,p1_y,p1_z
PREF,CourseWidth,13
PREF,SlopeAngle,8
PREF,PlayerFSpeed,95
PREF,PlayerHSpeed,8
PREF,CameraHeight,3
PREF,SubjectID,12
PREF,Method,0
PREF,RandomSeed,9
PREF,ThresholdAngleDeg,4.14
PREF,Blur_OuterRad,140
PREF,Blur_MaxSigmaPx,0.8000001
PREF,"SnowPlaneNormal",0,0.9902681,0.1391731
PREF,"SnowPlanePoint",0,-56.21634,400
START_REL_SEC,0
0,NaN,NaN,NaN,0.01268385,6.277145,-2.789148E-05,-0.01581955,0.006666694,-0.01148452,0.9997867,NaN,NaN,NaN,NaN,NaN,NaN,-1,NaN,NaN,NaN,-1,NaN,NaN,NaN
0,NaN,NaN,NaN,0.01296335,2.999068,0.0002630645,-0.01446993,0.006855581,-0.0103737,0.999818,NaN,NaN,NaN,NaN,NaN,NaN,-1,NaN,NaN,NaN,-1,NaN,NaN,NaN
0.01998901,NaN,NaN,NaN,0.01294568,2.999024,0.0003630411,-0.01403493,0.006777063,-0.01005542,0.999828,NaN,NaN,NaN,NaN,NaN,NaN,-1,NaN,NaN,NaN,-1,NaN,NaN,NaN
0.03759766,NaN,NaN,NaN,0.01285816,2.998997,0.0004737673,-0.01375996,0.006728608,-0.009902295,0.9998336,NaN,NaN,NaN,NaN,NaN,NaN,-1,NaN,NaN,NaN,-1,NaN,NaN,NaN
0.06848145,NaN,NaN,NaN,0.01256933,2.998899,0.0008036605,-0.0135719,0.006382629,-0.009923437,0.9998383,NaN,NaN,NaN,NaN,NaN,NaN,-1,NaN,NaN,NaN,-1,NaN,NaN,NaN
0.09313965,NaN,NaN,NaN,0.01205472,2.998918,0.001084375,-0.01341391,0.006078281,-0.01003295,0.9998413,NaN,NaN,NaN,NaN,NaN,NaN,-1,NaN,NaN,NaN,-1,NaN,NaN,NaN
0.115509,NaN,NaN,NaN,0.0116451,2.998967,0.001548752,-0.0132188,0.005724311,-0.01002172,0.9998461,NaN,NaN,NaN,NaN,NaN,NaN,-1,NaN,NaN,NaN,-1,NaN,NaN,NaN
0.1401672,NaN,NaN,NaN,0.01194943,2.998874,0.001880779,-0.0126938,0.005580805,-0.009705565,0.9998568,NaN,NaN,NaN,NaN,NaN,NaN,-1,NaN,NaN,NaN,-1,NaN,NaN,NaN
0.164978,NaN,NaN,NaN,0.01260643,2.998663,0.002201272,-0.01203745,0.005619165,-0.009611692,0.9998656,NaN,NaN,NaN,NaN,NaN,NaN,-1,NaN,NaN,NaN,-1,NaN,NaN,NaN
0.1906738,NaN,NaN,NaN,0.01325286,2.998511,0.002527211,-0.01162661,0.005766493,-0.009645792,0.9998693,NaN,NaN,NaN,NaN,NaN,NaN,-1,NaN,NaN,NaN,-1,NaN,NaN,NaN
0.221405,NaN,NaN,NaN,0.0130544,2.998399,0.003027486,-0.01078795,0.006029365,-0.009942497,0.9998743,NaN,NaN,NaN,NaN,NaN,NaN,-1,NaN,NaN,NaN,-1,NaN,NaN,NaN
0.2470093,NaN,NaN,NaN,0.01267116,2.998182,0.003707357,-0.0100355,0.006528885,-0.009330067,0.9998849,NaN,NaN,NaN,NaN,NaN,NaN,-1,NaN,NaN,NaN,-1,NaN,NaN,NaN
0.2674866,NaN,NaN,NaN,0.01123316,2.997954,0.004081283,-0.008166336,0.006731983,-0.009256368,0.9999012,NaN,NaN,NaN,NaN,NaN,NaN,-1,NaN,NaN,NaN,-1,NaN,NaN,NaN
0.2907104,NaN,NaN,NaN,0.01008794,2.997919,0.004624392,-0.007955359,0.006504085,-0.007447794,0.9999195,NaN,NaN,NaN,NaN,NaN,NaN,-1,NaN,NaN,NaN,-1,NaN,NaN,NaN
0.3155518,NaN,NaN,NaN,0.008372096,2.998329,0.005150829,-0.008291042,0.006698519,-0.007617622,0.9999142,NaN,NaN,NaN,NaN,NaN,NaN,-1,NaN,NaN,NaN,-1,NaN,NaN,NaN
0.3433838,NaN,NaN,NaN,0.004520947,2.998219,0.005212286,-0.006874961,0.007067125,-0.00947907,0.9999065,NaN,NaN,NaN,NaN,NaN,NaN,-1,NaN,NaN,NaN,-1,NaN,NaN,NaN
0.3711853,NaN,NaN,NaN,-0.0001372285,2.998198,0.00538158,-0.005432624,0.007655464,-0.009804495,0.9999079,NaN,NaN,NaN,NaN,NaN,NaN,-1,NaN,NaN,NaN,-1,NaN,NaN,NaN
0.3851013,NaN,NaN,NaN,-0.005465738,2.998633,0.005530695,-0.005495052,0.008606929,-0.009087696,0.9999065,NaN,NaN,NaN,NaN,NaN,NaN,-1,NaN,NaN,NaN,-1,NaN,NaN,NaN
0.4130859,NaN,NaN,NaN,-0.008777814,2.998801,0.005475523,-0.006224294,0.009221941,-0.008786586,0.9998995,NaN,NaN,NaN,NaN,NaN,NaN,-1,NaN,NaN,NaN,-1,NaN,NaN,NaN
0.440918,NaN,NaN,NaN,-0.01616026,2.998216,0.005285636,-0.006673151,0.01013722,-0.008219318,0.9998927,NaN,NaN,NaN,NaN,NaN,NaN,-1,NaN,NaN,NaN,-1,NaN,NaN,NaN
0.4549255,NaN,NaN,NaN,-0.02253334,2.999103,0.005577018,-0.007558717,0.01087123,-0.008776724,0.9998739,NaN,NaN,NaN,NaN,NaN,NaN,-1,NaN,NaN,NaN,-1,NaN,NaN,NaN
0.4827576,NaN,NaN,NaN,-0.03188711,2.999769,0.005909581,-0.009222385,0.01129692,-0.009088817,0.9998524,NaN,NaN,NaN,NaN,NaN,NaN,-1,NaN,NaN,NaN,-1,NaN,NaN,NaN
0.4967651,NaN,NaN,NaN,-0.03746067,2.999765,0.005923169,-0.009102318,0.0113803,-0.009606862,0.9998477,NaN,NaN,NaN,NaN,NaN,NaN,-1,NaN,NaN,NaN,-1,NaN,NaN,NaN
0.5244141,NaN,NaN,NaN,-0.04265832,2.999638,0.005744188,-0.007642248,0.01145603,-0.009449122,0.9998605,NaN,NaN,NaN,NaN,NaN,NaN,-1,NaN,NaN,NaN,-1,NaN,NaN,NaN
0.5385132,NaN,NaN,NaN,-0.05426151,2.999379,0.005656076,-0.00559728,0.01166521,-0.00915473,0.9998744,NaN,NaN,NaN,NaN,NaN,NaN,-1,NaN,NaN,NaN,-1,NaN,NaN,NaN
0.5589294,NaN,NaN,NaN,-0.06125671,2.99943,0.005737333,-0.004930314,0.01164145,-0.009428851,0.9998757,NaN,NaN,NaN,NaN,NaN,NaN,-1,NaN,NaN,NaN,-1,NaN,NaN,NaN
0.5819702,NaN,NaN,NaN,-0.07482156,2.999767,0.005944543,-0.005815507,0.01163437,-0.01084591,0.9998566,NaN,NaN,NaN,NaN,NaN,NaN,-1,NaN,NaN,NaN,-1,NaN,NaN,NaN
0.602356,NaN,NaN,NaN,-0.08259001,3.000017,0.006139498,-0.007376222,0.01139448,-0.01229532,0.9998323,NaN,NaN,NaN,NaN,NaN,NaN,-1,NaN,NaN,NaN,-1,NaN,NaN,NaN
0.6228333,NaN,NaN,NaN,-0.0905405,2.999997,0.006253396,-0.008594927,0.01123102,-0.01353245,0.9998085,NaN,NaN,NaN,NaN,NaN,NaN,-1,NaN,NaN,NaN,-1,NaN,NaN,NaN
0.64328,NaN,NaN,NaN,-0.1069072,2.999849,0.006336038,-0.009246956,0.01096947,-0.01552799,0.9997765,NaN,NaN,NaN,NaN,NaN,NaN,-1,NaN,NaN,NaN,-1,NaN,NaN,NaN
0.6638184,NaN,NaN,NaN,-0.1157025,2.999727,0.006317354,-0.009052926,0.01083513,-0.01644192,0.9997652,NaN,NaN,NaN,NaN,NaN,NaN,-1,NaN,NaN,NaN,-1,NaN,NaN,NaN
0.6874695,NaN,NaN,NaN,-0.132774,2.999361,0.006586277,-0.009162147,0.0106954,-0.01770341,0.9997441,NaN,NaN,NaN,NaN,NaN,NaN,-1,NaN,NaN,NaN,-1,NaN,NaN,NaN
0.7080078,NaN,NaN,NaN,-0.142854,2.999204,0.00669162,-0.00877153,0.01078135,-0.01843001,0.9997336,-0.137459,2.99867,0.006102562,-0.0001136248,-0.0002290047,1,-1,NaN,NaN,NaN,-1,NaN,NaN,NaN
0.7281799,NaN,NaN,NaN,-0.1522761,2.998888,0.006775462,-0.008234817,0.01073717,-0.01893623,0.9997292,-0.1480349,2.998551,0.006357431,0.001657399,0.0003731279,0.9999986,-1,NaN,NaN,NaN,-1,NaN,NaN,NaN
0.7483521,NaN,NaN,NaN,-0.1723801,2.998225,0.00681236,-0.006877076,0.0108059,-0.02021782,0.9997135,-0.1659051,2.998551,0.006357431,0.001657399,0.0003731279,0.9999986,-1,NaN,NaN,NaN,-1,NaN,NaN,NaN
0.7683105,NaN,NaN,NaN,-0.1850727,2.997938,0.006931375,-0.00574535,0.01111005,-0.02208559,0.9996779,-0.1795765,2.998227,0.006632686,-0.003521759,-0.1406283,0.9900562,-1,NaN,NaN,NaN,-1,NaN,NaN,NaN
0.7903748,NaN,NaN,NaN,-0.2080974,2.997548,0.007086813,-0.005213298,0.0112271,-0.0239381,0.9996368,-0.2000429,2.998227,0.006632686,-0.003521759,-0.1406283,0.9900562,-1,NaN,NaN,NaN,-1,NaN,NaN,NaN
0.8102417,NaN,NaN,NaN,-0.2200284,2.997072,0.007044814,-0.005106867,0.01131498,-0.02471291,0.9996176,-0.213434,2.997764,0.006917119,-0.004111751,-0.1452695,0.9893836,-1,NaN,NaN,NaN,-1,NaN,NaN,NaN
0.8328247,NaN,NaN,NaN,-0.2441583,2.996346,0.006880792,-0.004390198,0.01151924,-0.02666899,0.9995683,-0.2376942,2.997064,0.007050872,-0.004987588,-0.1447805,0.9894512,-1,NaN,NaN,NaN,-1,NaN,NaN,NaN
0.8528137,NaN,NaN,NaN,-0.2568288,2.995929,0.006770437,-0.00401125,0.01176605,-0.02789399,0.9995336,-0.2489568,2.997064,0.007050872,-0.004987588,-0.1447805,0.9894512,-1,NaN,NaN,NaN,-1,NaN,NaN,NaN
0.8754578,NaN,NaN,NaN,-0.2834216,2.995133,0.006499741,-0.003337937,0.01205346,-0.02993881,0.9994735,-0.2755906,2.996265,0.007062674,-0.005714084,-0.1440573,0.9895529,-1,NaN,NaN,NaN,-1,NaN,NaN,NaN
0.894928,NaN,NaN,NaN,-0.2973494,2.994909,0.006235617,-0.003130604,0.01215189,-0.0309342,0.9994427,-0.2911739,2.995381,0.006888986,-0.005263769,-0.1447703,0.9894513,-1,NaN,NaN,NaN,-1,NaN,NaN,NaN
0.9168091,NaN,NaN,NaN,-0.325464,2.993954,0.005645333,-0.002072505,0.01202569,-0.03224453,0.9994056,-0.3161646,2.995381,0.006888986,-0.005263769,-0.1447703,0.9894513,-1,NaN,NaN,NaN,-1,NaN,NaN,NaN
0.9419556,NaN,NaN,NaN,-0.3560697,2.993015,0.00489153,-0.0003620249,0.0121142,-0.033563,0.9993632,-0.3467903,2.994488,0.006522059,-0.003921494,-0.1454479,0.9893582,-1,NaN,NaN,NaN,-1,NaN,NaN,NaN
0.9628296,NaN,NaN,NaN,-0.3734353,2.992544,0.004388767,0.0002961979,0.01218579,-0.03344613,0.9993662,-0.3658971,2.993521,0.006030202,-0.002163831,-0.1433367,0.9896716,-1,NaN,NaN,NaN,-1,NaN,NaN,NaN
0.9839172,NaN,NaN,NaN,-0.4091084,2.99191,0.003469558,0.0007766862,0.01257284,-0.03387457,0.9993467,-0.3976066,2.993521,0.006030202,-0.002163831,-0.1433367,0.9896716,-1,NaN,NaN,NaN,-1,NaN,NaN,NaN
1.004364,NaN,NaN,NaN,-0.4290047,2.991385,0.002908841,0.0006391477,0.01279251,-0.03430759,0.9993293,-0.4192558,2.992475,0.00526619,-0.002146833,-0.1456966,0.989327,-1,NaN,NaN,NaN,-1,NaN,NaN,NaN
1.026672,NaN,NaN,NaN,-0.4697335,2.990271,0.001707172,0.0007020802,0.01323004,-0.03507067,0.9992971,-0.4599317,2.991433,0.004258752,-0.001816915,-0.1440941,0.9895623,-1,NaN,NaN,NaN,-1,NaN,NaN,NaN
1.047028,NaN,NaN,NaN,-0.4919356,2.989646,0.001050189,0.0006600943,0.01367854,-0.03578549,0.9992657,-0.4796669,2.991433,0.004258752,-0.001816915,-0.1440941,0.9895623,-1,NaN,NaN,NaN,-1,NaN,NaN,NaN
1.069672,NaN,NaN,NaN,-0.5372439,2.988987,-9.176059E-05,0.000283498,0.01441567,-0.03706834,0.9992087,-0.5248551,2.990344,0.003045678,0.0001220946,-0.145064,0.9894223,-1,NaN,NaN,NaN,-1,NaN,NaN,NaN
1.090057,NaN,NaN,NaN,-0.5621222,2.988912,-0.0006750022,-6.535033E-05,0.01495009,-0.03760256,0.999181,-0.5469692,2.990344,0.003045678,0.0001220946,-0.145064,0.9894223,-1,NaN,NaN,NaN,-1,NaN,NaN,NaN
1.111755,NaN,NaN,NaN,-0.6131277,2.987909,-0.002037851,-0.0003232787,0.01598888,-0.0384293,0.9991333,-0.5977049,2.989199,0.001689672,0.001214809,-0.1439366,0.9895862,-1,NaN,NaN,NaN,-1,NaN,NaN,NaN
1.131775,NaN,NaN,NaN,-0.6418086,2.987355,-0.0030055,3.152504E-05,0.01665091,-0.03848331,0.9991206,-0.6291459,2.988259,0.0002354383,0.002600442,-0.1444173,0.9895135,-1,NaN,NaN,NaN,-1,NaN,NaN,NaN
1.154449,NaN,NaN,NaN,-0.7002963,2.986748,-0.004555306,0.0002361862,0.01807048,-0.03972651,0.9990472,-0.6811349,2.988259,0.0002354383,0.002600442,-0.1444173,0.9895135,-1,NaN,NaN,NaN,-1,NaN,NaN,NaN
1.173706,NaN,NaN,NaN,-0.7323137,2.986578,-0.005153471,-0.0003989326,0.0187311,-0.04032575,0.9990109,-0.7162123,2.987214,-0.001655459,-0.0002798253,-0.1439795,0.9895806,-1,NaN,NaN,NaN,-1,NaN,NaN,NaN
1.195007,-0.4798668,-45.15837,321.6777,-0.7974104,2.986209,-0.006383841,-0.001542353,0.01990127,-0.04112823,0.9989545,-0.7812961,2.986323,-0.003281951,0.0009267224,-0.1480173,0.9889843,-1,NaN,NaN,NaN,-1,NaN,NaN,NaN
1.215363,-0.5121568,-45.15831,321.6773,-0.8337362,2.985781,-0.007007299,-0.002588856,0.02062026,-0.04146727,0.9989237,-0.8135858,2.986323,-0.003281951,0.0009267224,-0.1480173,0.9889843,-1,NaN,NaN,NaN,-1,NaN,NaN,NaN
1.236603,-0.6279767,-54.97137,391.5009,-0.9062238,2.984777,-0.008157367,-0.004463737,0.02171846,-0.04116278,0.9989065,-0.8860019,2.985647,-0.00484848,0.0006519541,-0.1464402,0.9892193,-1,NaN,NaN,NaN,-1,NaN,NaN,NaN
1.256836,-0.6635512,-54.97137,391.5009,-0.9462451,2.983984,-0.008538567,-0.005374481,0.0220125,-0.04008163,0.9989395,-0.9215764,2.985647,-0.00484848,0.0006519541,-0.1464402,0.9892193,-1,NaN,NaN,NaN,-1,NaN,NaN,NaN
1.277985,NaN,NaN,NaN,-1.025977,2.982668,-0.009460045,-0.006853886,0.02278751,-0.03885341,0.9989615,-1.001294,2.984838,-0.006258845,0.003253716,-0.1435251,0.9896413,-1,NaN,NaN,NaN,-1,NaN,NaN,NaN
1.298737,NaN,NaN,NaN,-1.068991,2.981871,-0.009871509,-0.007481245,0.02282676,-0.03785391,0.9989945,-1.04916,2.983683,-0.007530332,0.003386535,-0.1403818,0.9900916,-1,NaN,NaN,NaN,-1,NaN,NaN,NaN
1.327393,NaN,NaN,NaN,-1.158532,2.980688,-0.01078039,-0.007588039,0.02280704,-0.03626649,0.9990531,-1.139001,2.982305,-0.008786798,0.001961963,-0.1388508,0.9903113,-1,NaN,NaN,NaN,-1,NaN,NaN,NaN
1.355713,NaN,NaN,NaN,-1.252787,2.980111,-0.01169484,-0.006724985,0.02250149,-0.03435778,0.9991336,-1.222784,2.982305,-0.008786798,0.001961963,-0.1388508,0.9903113,-1,NaN,NaN,NaN,-1,NaN,NaN,NaN
1.38382,NaN,NaN,NaN,-1.353102,2.979893,-0.01264576,-0.005378515,0.02254688,-0.03300793,0.9991863,-1.323064,2.980809,-0.009923697,0.0002411975,-0.1390703,0.9902825,-1,NaN,NaN,NaN,-1,NaN,NaN,NaN
1.411621,NaN,NaN,NaN,-1.454825,2.981207,-0.01356531,-0.00509547,0.02316412,-0.03144609,0.999224,-1.425593,2.979321,-0.01119292,0.0003503894,-0.145226,0.9893984,-1,NaN,NaN,NaN,-1,NaN,NaN,NaN
1.439453,-0.9597201,-51.29668,365.3541,-1.558547,2.982788,-0.01478651,-0.003287064,0.02459156,-0.02929669,0.9992628,-1.530566,2.979002,-0.01223445,0.001545433,-0.1469388,0.9891444,-1,NaN,NaN,NaN,-1,NaN,NaN,NaN
1.467285,NaN,NaN,NaN,-1.664098,2.984178,-0.01655485,-0.0006080372,0.02677124,-0.02905827,0.9992191,-1.637722,2.979946,-0.0133152,0.003968861,-0.1426679,0.9897627,-1,NaN,NaN,NaN,-1,NaN,NaN,NaN
1.495178,NaN,NaN,NaN,-1.769914,2.985296,-0.0186598,0.001282527,0.02943161,-0.02802029,0.9991732,-1.745552,2.981442,-0.01482368,0.006762214,-0.1459929,0.9892625,-1,NaN,NaN,NaN,-1,NaN,NaN,NaN
1.52301,NaN,NaN,NaN,-1.87713,2.986777,-0.02068128,0.001059333,0.03188624,-0.02524081,0.9991722,-1.840855,2.981442,-0.01482368,0.006762214,-0.1459929,0.9892625,-1,NaN,NaN,NaN,-1,NaN,NaN,NaN
1.550781,2.147721,-50.08475,356.7308,-1.987286,2.988013,-0.02266342,-0.001506503,0.03390275,-0.02303321,0.9991586,-1.952808,2.982936,-0.01690149,0.01136837,-0.1471256,0.9890525,-1,NaN,NaN,NaN,-1,NaN,NaN,NaN
1.578857,NaN,NaN,NaN,-2.100997,2.988997,-0.0246441,-0.003733843,0.03562377,-0.02226032,0.9991104,-2.06801,2.98467,-0.01919746,0.01540599,-0.1398172,0.9900575,-1,NaN,NaN,NaN,-1,NaN,NaN,NaN
1.606537,NaN,NaN,NaN,-2.219055,2.989845,-0.0263533,-0.005721883,0.03691657,-0.02158746,0.9990688,-2.187394,2.986293,-0.02158022,0.01808415,-0.1372474,0.9903717,-1,NaN,NaN,NaN,-1,NaN,NaN,NaN
1.634338,NaN,NaN,NaN,-2.341492,2.990707,-0.02780071,-0.006987636,0.03752105,-0.02074384,0.9990562,-2.311398,2.987468,-0.02392697,0.01945774,-0.1369195,0.9903911,-1,NaN,NaN,NaN,-1,NaN,NaN,NaN
1.653198,NaN,NaN,NaN,-2.403749,2.991256,-0.02846405,-0.006818143,0.03776133,-0.02128642,0.9990368,-2.366737,2.987468,-0.02392697,0.01945774,-0.1369195,0.9903911,-1,NaN,NaN,NaN,-1,NaN,NaN,NaN
1.675995,NaN,NaN,NaN,-2.527767,2.992063,-0.02981319,-0.005937154,0.03799225,-0.0209849,0.9990401,-2.492548,2.988589,-0.02602923,0.01435542,-0.1368769,0.9904841,-1,NaN,NaN,NaN,-1,NaN,NaN,NaN
1.694489,NaN,NaN,NaN,-2.590781,2.992345,-0.03053529,-0.003822115,0.03783881,-0.0202083,0.9990723,-2.564571,2.989797,-0.02783823,0.0142785,-0.1376157,0.9903828,-1,NaN,NaN,NaN,-1,NaN,NaN,NaN
1.717804,NaN,NaN,NaN,-2.718373,2.993366,-0.03188657,0.0005170367,0.03765002,-0.019356,0.9991034,-2.677986,2.989797,-0.02783823,0.0142785,-0.1376157,0.9903828,-1,NaN,NaN,NaN,-1,NaN,NaN,NaN
1.736206,NaN,NaN,NaN,-2.783254,2.993372,-0.03254203,0.001892223,0.03736236,-0.0186664,0.9991257,-2.752115,2.990803,-0.02951038,0.01345954,-0.1384325,0.9902804,-1,NaN,NaN,NaN,-1,NaN,NaN,NaN
1.759521,NaN,NaN,NaN,-2.912145,2.993282,-0.03379163,0.004821494,0.03656267,-0.01703046,0.9991747,-2.883601,2.991242,-0.03112173,0.0134291,-0.1440623,0.9894775,-1,NaN,NaN,NaN,-1,NaN,NaN,NaN
1.777954,NaN,NaN,NaN,-2.977125,2.994123,-0.03436863,0.005071239,0.03603281,-0.01661026,0.9991997,-2.941361,2.991242,-0.03112173,0.0134291,-0.1440623,0.9894775,-1,NaN,NaN,NaN,-1,NaN,NaN,NaN
1.80127,1.767423,-42.77181,304.6965,-3.106961,2.994762,-0.03532775,0.005388897,0.03483355,-0.01581385,0.9992535,-3.073775,2.991982,-0.03271031,0.01570877,-0.1484948,0.9887884,-1,NaN,NaN,NaN,-1,NaN,NaN,NaN
1.820038,1.709148,-42.77181,304.6965,-3.17252,2.995287,-0.03571067,0.004579217,0.03428896,-0.01603052,0.9992729,-3.13205,2.991982,-0.03271031,0.01570877,-0.1484948,0.9887884,-1,NaN,NaN,NaN,-1,NaN,NaN,NaN
1.843018,0.342974,-31.9219,227.4953,-3.30336,2.996068,-0.0363543,0.003136872,0.03322087,-0.01614459,0.9993127,-3.265521,2.992867,-0.03413343,0.01567404,-0.1516576,0.9883088,-1,NaN,NaN,NaN,-1,NaN,NaN,NaN
1.861359,0.7123586,-35.61998,253.8085,-3.37002,2.996352,-0.03655368,0.002871302,0.032775,-0.01622013,0.9993271,-3.342249,2.993704,-0.03521037,0.01578922,-0.1503672,0.9885041,-1,NaN,NaN,NaN,-1,NaN,NaN,NaN
1.884827,0.5974923,-35.62002,253.8089,-3.49925,2.997237,-0.03719389,0.003750291,0.0320897,-0.01623806,0.9993461,-3.45712,2.993704,-0.03521037,0.01578922,-0.1503672,0.9885041,-1,NaN,NaN,NaN,-1,NaN,NaN,NaN
1.903168,0.7288164,-34.92801,248.8849,-3.56312,2.997991,-0.03759932,0.005190459,0.03207992,-0.01659615,0.999334,-3.531392,2.994595,-0.03603899,0.01691706,-0.1505886,0.9884518,-1,NaN,NaN,NaN,-1,NaN,NaN,NaN
1.926636,0.2496014,-34.43517,245.3782,-3.690175,2.99809,-0.0382906,0.007940822,0.03189327,-0.01695378,0.999316,-3.661537,2.995766,-0.0368557,0.01575268,-0.1507586,0.9884451,-1,NaN,NaN,NaN,-1,NaN,NaN,NaN
1.945099,0.1929863,-34.43526,245.3788,-3.753879,2.998257,-0.03848762,0.009417977,0.0321349,-0.01795349,0.9992779,-3.718162,2.995766,-0.0368557,0.01575268,-0.1507586,0.9884451,-1,NaN,NaN,NaN,-1,NaN,NaN,NaN
1.968353,-1.225224,-25.56467,182.2614,-3.881,2.998629,-0.03880121,0.01001998,0.03297518,-0.01954225,0.9992149,-3.848204,2.996695,-0.037673,0.01421349,-0.1547693,0.9878483,-1,NaN,NaN,NaN,-1,NaN,NaN,NaN
1.987183,-1.282545,-25.56468,182.2614,-3.945486,2.998316,-0.03891202,0.009154587,0.03358398,-0.01988518,0.9991961,-3.905524,2.996695,-0.037673,0.01421349,-0.1547693,0.9878483,-1,NaN,NaN,NaN,-1,NaN,NaN,NaN
2.010101,-1.602955,-26.5719,189.4281,-4.06934,2.997868,-0.03882962,0.008348693,0.03456677,-0.02045446,0.9991583,-4.032841,2.996736,-0.03852904,0.01267048,-0.1541837,0.9879609,-1,NaN,NaN,NaN,-1,NaN,NaN,NaN
2.028412,NaN,NaN,NaN,-4.130857,2.99729,-0.03875321,0.008134498,0.03525944,-0.02051852,0.9991344,-4.104313,2.997026,-0.03884435,-0.004443447,-0.1367021,0.9906022,-1,NaN,NaN,NaN,-1,NaN,NaN,NaN
2.05188,NaN,NaN,NaN,-4.251189,2.996462,-0.03832319,0.00730318,0.03669317,-0.02009195,0.9990979,-4.211276,2.997026,-0.03884435,-0.004443447,-0.1367021,0.9906022,-1,NaN,NaN,NaN,-1,NaN,NaN,NaN
2.07016,NaN,NaN,NaN,-4.311321,2.995922,-0.03820326,0.007018172,0.03750042,-0.01970371,0.9990777,-4.281263,2.996747,-0.03881419,-0.002393155,-0.1340547,0.9909711,-1,NaN,NaN,NaN,-1,NaN,NaN,NaN
2.093842,NaN,NaN,NaN,-4.432359,2.994075,-0.03789122,0.008703182,0.0389657,-0.02048837,0.9989926,-4.405177,2.995736,-0.03850448,-0.003607593,-0.1326777,0.9911526,-1,NaN,NaN,NaN,-1,NaN,NaN,NaN
2.111969,NaN,NaN,NaN,-4.492706,2.993196,-0.03775104,0.0104446,0.03970425,-0.02107066,0.9989347,-4.458819,2.995736,-0.03850448,-0.003607593,-0.1326777,0.9911526,-1,NaN,NaN,NaN,-1,NaN,NaN,NaN
2.135559,NaN,NaN,NaN,-4.609986,2.992134,-0.03757999,0.01255145,0.04115748,-0.02198771,0.9988319,-4.579309,2.993976,-0.03809798,-0.0006346754,-0.1364892,0.9906414,-1,NaN,NaN,NaN,-1,NaN,NaN,NaN
2.154144,NaN,NaN,NaN,-4.668034,2.991769,-0.03757542,0.01363296,0.04177661,-0.02250598,0.9987805,-4.630906,2.993976,-0.03809798,-0.0006346754,-0.1364892,0.9906414,-1,NaN,NaN,NaN,-1,NaN,NaN,NaN
2.17746,NaN,NaN,NaN,-4.782872,2.990944,-0.03764199,0.01547544,0.04288239,-0.02297083,0.9986961,-4.74881,2.992463,-0.03778148,0.002268804,-0.1404621,0.9900835,-1,NaN,NaN,NaN,-1,NaN,NaN,NaN
2.195526,NaN,NaN,NaN,-4.8403,2.990798,-0.03764363,0.0162035,0.04317237,-0.02351148,0.9986595,-4.815452,2.991165,-0.03761089,-0.001526259,-0.1399939,0.9901512,-1,NaN,NaN,NaN,-1,NaN,NaN,NaN
2.218964,NaN,NaN,NaN,-4.952099,2.991278,-0.0375363,0.01766798,0.04315204,-0.02408511,0.9986219,-4.914829,2.991165,-0.03761089,-0.001526259,-0.1399939,0.9901512,-1,NaN,NaN,NaN,-1,NaN,NaN,NaN
2.237122,NaN,NaN,NaN,-5.009892,2.990787,-0.0376895,0.01586801,0.0432669,-0.02472756,0.9986315,-4.981531,2.990219,-0.03769636,-0.001372537,-0.1418501,0.9898872,-1,NaN,NaN,NaN,-1,NaN,NaN,NaN
2.260956,NaN,NaN,NaN,-5.12205,2.99068,-0.03756644,0.01569814,0.04289046,-0.02585475,0.9986218,-5.096418,2.989843,-0.0376935,-0.0005548103,-0.1437248,0.9896176,-1,NaN,NaN,NaN,-1,NaN,NaN,NaN
2.27948,NaN,NaN,NaN,-5.177479,2.990581,-0.0375185,0.01566249,0.04235458,-0.02645644,0.9986295,-5.145689,2.989843,-0.0376935,-0.0005548103,-0.1437248,0.9896176,-1,NaN,NaN,NaN,-1,NaN,NaN,NaN
2.302795,1.740786,-33.61166,239.5186,-5.287555,2.990397,-0.03740427,0.01553425,0.04155457,-0.02758459,0.9986346,-5.258582,2.989711,-0.03759921,0.02887084,-0.1509725,0.9881163,-1,NaN,NaN,NaN,-1,NaN,NaN,NaN
2.321533,1.692342,-33.61166,239.5186,-5.342055,2.990232,-0.03733288,0.01513503,0.04092471,-0.02806185,0.9986535,-5.307026,2.989711,-0.03759921,0.02887084,-0.1509725,0.9881163,-1,NaN,NaN,NaN,-1,NaN,NaN,NaN
2.344177,1.507369,-34.5767,246.3853,-5.450078,2.989769,-0.03720002,0.01481424,0.03979286,-0.02862445,0.998688,-5.41793,2.989538,-0.0375098,0.02777163,-0.150647,0.9881975,-1,NaN,NaN,NaN,-1,NaN,NaN,NaN
2.362671,3.627011,-41.27605,294.0536,-5.502506,2.989338,-0.03710981,0.01471994,0.03902446,-0.02852456,0.9987226,-5.479326,2.989211,-0.03741705,0.0306051,-0.1487692,0.9883983,-1,NaN,NaN,NaN,-1,NaN,NaN,NaN
2.386749,3.535176,-41.27599,294.0533,-5.605805,2.988477,-0.03684494,0.01454963,0.03736659,-0.02824016,0.9987966,-5.571148,2.989211,-0.03741705,0.0306051,-0.1487692,0.9883983,-1,NaN,NaN,NaN,-1,NaN,NaN,NaN
2.404236,NaN,NaN,NaN,-5.655633,2.988236,-0.03665452,0.01442179,0.03641658,-0.02800545,0.9988401,-5.629758,2.988724,-0.03722239,0.02918192,-0.1446064,0.9890589,-1,NaN,NaN,NaN,-1,NaN,NaN,NaN
2.427734,NaN,NaN,NaN,-5.752259,2.987903,-0.03625062,0.0135298,0.03466158,-0.0280192,0.9989147,-5.729567,2.987943,-0.0369488,0.03185935,-0.140678,0.9895427,-1,NaN,NaN,NaN,-1,NaN,NaN,NaN
2.445892,NaN,NaN,NaN,-5.7978,2.987412,-0.03612156,0.01285273,0.03357731,-0.0279183,0.9989634,-5.770047,2.987943,-0.0369488,0.03185935,-0.140678,0.9895427,-1,NaN,NaN,NaN,-1,NaN,NaN,NaN
2.469513,NaN,NaN,NaN,-5.885508,2.986471,-0.03579557,0.01213789,0.03145877,-0.02748189,0.9990535,-5.861244,2.987191,-0.03661978,0.02809778,-0.1392241,0.9898622,-1,NaN,NaN,NaN,-1,NaN,NaN,NaN
2.488342,NaN,NaN,NaN,-5.92754,2.985728,-0.03559652,0.01188972,0.03012204,-0.02649083,0.9991244,-5.898606,2.987191,-0.03661978,0.02809778,-0.1392241,0.9898622,-1,NaN,NaN,NaN,-1,NaN,NaN,NaN
2.511322,NaN,NaN,NaN,-6.007285,2.984451,-0.03516784,0.01137943,0.0276828,-0.02455085,0.9992505,-5.982032,2.98638,-0.03623736,0.02622618,-0.1412148,0.9896315,-1,NaN,NaN,NaN,-1,NaN,NaN,NaN
2.529114,NaN,NaN,NaN,-6.043442,2.983617,-0.03489595,0.01081218,0.02660362,-0.02380283,0.9993042,-6.026033,2.985224,-0.03576434,0.02100664,-0.1443216,0.9893078,-1,NaN,NaN,NaN,-1,NaN,NaN,NaN
2.553162,NaN,NaN,NaN,-6.11068,2.982112,-0.03413847,0.00934723,0.02432043,-0.02152756,0.9994287,-6.0858,2.985224,-0.03576434,0.02100664,-0.1443216,0.9893078,-1,NaN,NaN,NaN,-1,NaN,NaN,NaN
2.570862,NaN,NaN,NaN,-6.139787,2.98115,-0.03358727,0.008141439,0.02324922,-0.02009521,0.9994946,-6.122532,2.983713,-0.03522885,0.02161843,-0.145563,0.9891127,-1,NaN,NaN,NaN,-1,NaN,NaN,NaN
2.594696,NaN,NaN,NaN,-6.191469,2.979013,-0.03252956,0.005712388,0.02088391,-0.01576461,0.9996413,-6.178003,2.981932,-0.03443122,0.01761615,-0.1423564,0.9896587,-1,NaN,NaN,NaN,-1,NaN,NaN,NaN
2.61264,NaN,NaN,NaN,-6.212501,2.977843,-0.03200798,0.004630029,0.01980517,-0.01273246,0.9997121,-6.196698,2.981932,-0.03443122,0.01761615,-0.1423564,0.9896587,-1,NaN,NaN,NaN,-1,NaN,NaN,NaN
2.636414,NaN,NaN,NaN,-6.248937,2.975453,-0.03102014,0.003409537,0.01773794,-0.007525678,0.9998085,-6.237276,2.979768,-0.03337681,0.01462107,-0.1350632,0.9907291,-1,NaN,NaN,NaN,-1,NaN,NaN,NaN
2.655121,NaN,NaN,NaN,-6.262192,2.974338,-0.03046852,0.003146179,0.01668477,-0.004676912,0.9998449,-6.249059,2.979768,-0.03337681,0.01462107,-0.1350632,0.9907291,-1,NaN,NaN,NaN,-1,NaN,NaN,NaN
2.678314,NaN,NaN,NaN,-6.283408,2.971625,-0.02953492,0.002301699,0.01459631,0.000403918,0.9998907,-6.274466,2.977208,-0.03218234,0.01586382,-0.1310487,0.991249,-1,NaN,NaN,NaN,-1,NaN,NaN,NaN
2.696442,NaN,NaN,NaN,-6.288606,2.969821,-0.02932077,0.002078505,0.01374999,0.00189857,0.9999015,-6.283872,2.974383,-0.0310775,0.01573834,-0.1364446,0.9905227,-1,NaN,NaN,NaN,-1,NaN,NaN,NaN
2.720276,NaN,NaN,NaN,-6.293758,2.966541,-0.02854641,0.001765708,0.01279706,0.003390867,0.9999109,-6.288451,2.974383,-0.0310775,0.01573834,-0.1364446,0.9905227,-1,NaN,NaN,NaN,-1,NaN,NaN,NaN
2.737915,NaN,NaN,NaN,-6.291917,2.965015,-0.02807895,0.001384712,0.01257595,0.003670283,0.9999133,-6.289886,2.971096,-0.03019214,0.01907178,-0.1402056,0.9899387,-1,NaN,NaN,NaN,-1,NaN,NaN,NaN
2.761688,NaN,NaN,NaN,-6.282737,2.961897,-0.02704014,0.0002950781,0.01190187,0.005290564,0.9999151,-6.283431,2.967446,-0.02904177,0.01932525,-0.1402498,0.9899275,-1,NaN,NaN,NaN,-1,NaN,NaN,NaN
2.779968,NaN,NaN,NaN,-6.272563,2.960221,-0.02650888,-0.0004306437,0.01132609,0.006703241,0.9999133,-6.274387,2.967446,-0.02904177,0.01932525,-0.1402498,0.9899275,-1,NaN,NaN,NaN,-1,NaN,NaN,NaN
2.803558,NaN,NaN,NaN,-6.244962,2.956964,-0.02544986,-0.001837067,0.01040064,0.00946544,0.9998994,-6.249874,2.963662,-0.02787709,0.01922419,-0.1452496,0.9892083,-1,NaN,NaN,NaN,-1,NaN,NaN,NaN
2.822571,NaN,NaN,NaN,-6.224832,2.955455,-0.02487947,-0.002488791,0.01017253,0.01075409,0.9998873,-6.231981,2.963662,-0.02787709,0.01922419,-0.1452496,0.9892083,-1,NaN,NaN,NaN,-1,NaN,NaN,NaN
2.845245,NaN,NaN,NaN,-6.180072,2.952101,-0.02389682,-0.003356261,0.009611573,0.01307931,0.9998627,-6.190348,2.959756,-0.02661741,0.01938966,-0.1459536,0.9891014,-1,NaN,NaN,NaN,-1,NaN,NaN,NaN
2.863281,NaN,NaN,NaN,-6.15149,2.950155,-0.02339379,-0.003488597,0.00932771,0.01405822,0.9998516,-6.161315,2.955916,-0.02534568,0.02226668,-0.143448,0.9894074,-1,NaN,NaN,NaN,-1,NaN,NaN,NaN
2.887665,NaN,NaN,NaN,-6.090049,2.947319,-0.02208177,-0.004350095,0.008779173,0.0155482,0.9998312,-6.1067,2.955916,-0.02534568,0.02226668,-0.143448,0.9894074,-1,NaN,NaN,NaN,-1,NaN,NaN,NaN
2.905182,NaN,NaN,NaN,-6.053742,2.946536,-0.02133653,-0.005576459,0.008584295,0.01580535,0.9998227,-6.069013,2.951945,-0.02411747,0.02004066,-0.1413065,0.989763,-1,NaN,NaN,NaN,-1,NaN,NaN,NaN
2.928802,NaN,NaN,NaN,-5.970295,2.943882,-0.02022553,-0.007128225,0.008155741,0.01651804,0.9998049,-5.98749,2.948184,-0.02275264,0.02250684,-0.1390074,0.9900356,-1,NaN,NaN,NaN,-1,NaN,NaN,NaN
2.946869,NaN,NaN,NaN,-5.92093,2.942273,-0.01987119,-0.006474098,0.008173904,0.01623817,0.9998137,-5.943611,2.948184,-0.02275264,0.02250684,-0.1390074,0.9900356,-1,NaN,NaN,NaN,-1,NaN,NaN,NaN
2.970581,NaN,NaN,NaN,-5.82284,2.939666,-0.01902805,-0.005857883,0.008449513,0.01530611,0.99983,-5.846667,2.944829,-0.02138138,0.0217162,-0.1342329,0.9907119,-1,NaN,NaN,NaN,-1,NaN,NaN,NaN
2.989563,NaN,NaN,NaN,-5.767738,2.938478,-0.01869512,-0.004613238,0.00904552,0.01447349,0.9998438,-5.797688,2.944829,-0.02138138,0.0217162,-0.1342329,0.9907119,-1,NaN,NaN,NaN,-1,NaN,NaN,NaN
3.012329,NaN,NaN,NaN,-5.649261,2.936404,-0.01796617,-0.002922978,0.009525903,0.01530253,0.9998333,-5.681274,2.941759,-0.02006829,0.0225693,-0.1364297,0.9903926,-1,NaN,NaN,NaN,-1,NaN,NaN,NaN
3.030548,NaN,NaN,NaN,-5.584689,2.93636,-0.01734106,-0.002947097,0.009930339,0.01595235,0.9998191,-5.610844,2.93874,-0.01901579,0.02320054,-0.1370015,0.9902991,-1,NaN,NaN,NaN,-1,NaN,NaN,NaN
3.054871,NaN,NaN,NaN,-5.445755,2.936613,-0.01609539,-0.003733727,0.01024527,0.01645237,0.9998052,-5.487348,2.93874,-0.01901579,0.02320054,-0.1370015,0.9902991,-1,NaN,NaN,NaN,-1,NaN,NaN,NaN
3.072113,NaN,NaN,NaN,-5.37161,2.937115,-0.01555412,-0.004682143,0.01131926,0.01570961,0.9998016,-5.40621,2.936582,-0.01792562,0.02717041,-0.1391414,0.9898997,-1,NaN,NaN,NaN,-1,NaN,NaN,NaN
3.095978,20.58079,-45.0565,346.2557,-5.216513,2.937757,-0.01467668,-0.003467495,0.01251163,0.01501843,0.9998029,-5.251119,2.935919,-0.0166229,0.07369271,-0.1369117,0.9878383,-1,NaN,NaN,NaN,-1,NaN,NaN,NaN
3.114105,20.4715,-44.71573,343.797,-5.133113,2.938359,-0.0143409,-0.001209658,0.01325531,0.01454086,0.9998057,-5.176986,2.935919,-0.0166229,0.07369271,-0.1369117,0.9878383,-1,NaN,NaN,NaN,-1,NaN,NaN,NaN
3.13797,21.16163,-43.71508,340.4354,-4.960079,2.940855,-0.01380954,0.002225128,0.01504927,0.01320614,0.9997971,-5.00413,2.936159,-0.01542699,0.07592488,-0.1353673,0.9878821,-1,NaN,NaN,NaN,-1,NaN,NaN,NaN
3.156616,21.08099,-43.42241,338.2996,-4.866125,2.942158,-0.01371329,0.003606062,0.0159709,0.0128936,0.9997829,-4.920615,2.936159,-0.01542699,0.07592488,-0.1353673,0.9878821,-1,NaN,NaN,NaN,-1,NaN,NaN,NaN
3.179474,NaN,NaN,NaN,-4.667669,2.944488,-0.01372321,0.005406142,0.01781709,0.01216283,0.9997526,-4.723198,2.937361,-0.01448846,0.07488411,-0.1406389,0.9872249,-1,NaN,NaN,NaN,-1,NaN,NaN,NaN
3.197815,NaN,NaN,NaN,-4.565385,2.946091,-0.01371246,0.005745412,0.01899058,0.01185483,0.9997329,-4.608336,2.939485,-0.01381981,0.07534057,-0.1434914,0.9867796,-1,NaN,NaN,NaN,-1,NaN,NaN,NaN
3.222107,NaN,NaN,NaN,-4.358698,2.949204,-0.01395289,0.004874982,0.02087122,0.01175218,0.9997012,-4.424614,2.939485,-0.01381981,0.07534057,-0.1434914,0.9867796,-1,NaN,NaN,NaN,-1,NaN,NaN,NaN
3.239532,20.36339,-47.01563,334.8929,-4.250126,2.950801,-0.01412222,0.003584133,0.02174607,0.01171347,0.9996885,-4.303123,2.94257,-0.01363921,0.07265338,-0.1471482,0.9864426,-1,NaN,NaN,NaN,-1,NaN,NaN,NaN
3.26297,NaN,NaN,NaN,-4.029287,2.954022,-0.01432444,0.001610514,0.02325028,0.01157362,0.9996614,-4.080091,2.946237,-0.01373863,0.07626692,-0.1445767,0.98655,-1,NaN,NaN,NaN,-1,NaN,NaN,NaN
3.281219,NaN,NaN,NaN,-3.915906,2.955782,-0.01441867,0.000499047,0.02393296,0.01120764,0.9996507,-3.979308,2.946237,-0.01373863,0.07626692,-0.1445767,0.98655,-1,NaN,NaN,NaN,-1,NaN,NaN,NaN
3.304749,22.73436,-43.90621,326.1527,-3.685227,2.958672,-0.01475811,-0.000513954,0.02506407,0.01138492,0.9996209,-3.746002,2.950085,-0.01399529,0.08010335,-0.1417408,0.9866575,-1,NaN,NaN,NaN,-1,NaN,NaN,NaN
3.323364,22.68687,-43.63307,324.2504,-3.564907,2.959895,-0.0149746,0.0002156846,0.02555388,0.01133466,0.9996092,-3.63905,2.950085,-0.01399529,0.08010335,-0.1417408,0.9866575,-1,NaN,NaN,NaN,-1,NaN,NaN,NaN
3.346436,NaN,NaN,NaN,-3.318298,2.962545,-0.01523264,0.001791771,0.02637277,0.01256212,0.9995716,-3.390348,2.953881,-0.01431811,0.06924862,-0.1391646,0.987845,-1,NaN,NaN,NaN,-1,NaN,NaN,NaN
3.364532,22.3451,-51.34592,365.7046,-3.193273,2.96427,-0.01535922,0.002681382,0.0267659,0.01365369,0.9995449,-3.248077,2.957304,-0.01462996,0.06905621,-0.1465225,0.986794,-1,NaN,NaN,NaN,-1,NaN,NaN,NaN
3.388885,22.56891,-51.34593,365.7046,-2.941485,2.967493,-0.01568107,0.004350374,0.0280173,0.01467301,0.9994903,-3.024267,2.957304,-0.01462996,0.06905621,-0.1465225,0.986794,-1,NaN,NaN,NaN,-1,NaN,NaN,NaN
3.406219,17.78958,-40.91218,291.4647,-2.810977,2.969355,-0.01572362,0.005336177,0.0283471,0.01596947,0.9994563,-2.876354,2.960732,-0.0150398,0.06993861,-0.1484768,0.9864397,-1,NaN,NaN,NaN,-1,NaN,NaN,NaN
3.429779,12.85,-29.44859,211.1189,-2.54704,2.972285,-0.01587788,0.0065035,0.02865267,0.01876697,0.9993922,-2.608554,2.964448,-0.01530123,0.07218014,-0.1513452,0.9858421,-1,NaN,NaN,NaN,-1,NaN,NaN,NaN
3.447845,12.85,-29.20028,209.5014,-2.413815,2.973791,-0.01582685,0.006811352,0.02847255,0.02033882,0.9993644,-2.490132,2.964448,-0.01530123,0.07218014,-0.1513452,0.9858421,-1,NaN,NaN,NaN,-1,NaN,NaN,NaN
3.471588,12.85,-27.79865,199.5217,-2.145418,2.977199,-0.01570242,0.006300233,0.02861456,0.02165675,0.9993361,-2.217388,2.968301,-0.01556158,0.07442272,-0.151968,0.9855795,-1,NaN,NaN,NaN,-1,NaN,NaN,NaN
3.490173,12.85,-27.54513,197.8775,-2.005747,2.97828,-0.01560165,0.005993429,0.02821133,0.02340233,0.9993101,-2.093235,2.968301,-0.01556158,0.07442272,-0.151968,0.9855795,-1,NaN,NaN,NaN,-1,NaN,NaN,NaN
3.513336,20.92344,-44.70692,318.4657,-1.728401,2.981227,-0.01526186,0.007042618,0.02731212,0.02641206,0.9992532,-1.8117,2.972107,-0.01566291,0.07042404,-0.1476899,0.9865233,-1,NaN,NaN,NaN,-1,NaN,NaN,NaN
3.531403,NaN,NaN,NaN,-1.587256,2.983028,-0.01501128,0.007493922,0.02616255,0.02795302,0.9992387,-1.650258,2.975769,-0.01549649,0.06531689,-0.1427841,0.9875963,-1,NaN,NaN,NaN,-1,NaN,NaN,NaN
3.555634,NaN,NaN,NaN,-1.302194,2.985165,-0.01464309,0.008274672,0.02421162,0.03015777,0.9992176,-1.396869,2.975769,-0.01549649,0.06531689,-0.1427841,0.9875963,-1,NaN,NaN,NaN,-1,NaN,NaN,NaN
3.573029,22.93456,-52.42115,381.681,-1.156402,2.986272,-0.01421407,0.009032185,0.02323903,0.030468,0.9992248,-1.230652,2.979281,-0.01527321,0.06253093,-0.1433566,0.9876937,-1,NaN,NaN,NaN,-1,NaN,NaN,NaN
3.596832,NaN,NaN,NaN,-0.8645146,2.987738,-0.01357812,0.01008523,0.02166383,0.03097033,0.9992346,-0.9335621,2.982511,-0.0146904,0.05775641,-0.1453577,0.9876919,-1,NaN,NaN,NaN,-1,NaN,NaN,NaN
3.615021,NaN,NaN,NaN,-0.7160996,2.988257,-0.01324787,0.01120601,0.02127993,0.03073003,0.9992384,-0.8016376,2.982511,-0.0146904,0.05775641,-0.1453577,0.9876919,-1,NaN,NaN,NaN,-1,NaN,NaN,NaN
3.638611,18.77834,-50.89579,362.5018,-0.419287,2.989067,-0.01245664,0.01210836,0.02032785,0.03076501,0.9992466,-0.4996023,2.985112,-0.01407969,0.05252776,-0.1468125,0.9877687,-1,NaN,NaN,NaN,-1,NaN,NaN,NaN
3.657135,18.91067,-50.89585,362.5022,-0.2704445,2.989681,-0.01166444,0.01273003,0.01990924,0.03009443,0.9992678,-0.3672979,2.985112,-0.01407969,0.05252776,-0.1468125,0.9877687,-1,NaN,NaN,NaN,-1,NaN,NaN,NaN
3.680389,12.85231,-40.23367,290.9481,0.02883863,2.990474,-0.01027994,0.01152376,0.01864404,0.02977264,0.9993164,-0.06234927,2.986925,-0.01325691,0.04386218,-0.1467905,0.9881946,-1,NaN,NaN,NaN,-1,NaN,NaN,NaN
3.698944,NaN,NaN,NaN,0.1792949,2.990219,-0.009566744,0.009998322,0.01807342,0.02917702,0.9993609,0.1108033,2.988177,-0.0121454,0.03709873,-0.1380641,0.9897283,-1,NaN,NaN,NaN,-1,NaN,NaN,NaN
3.722565,NaN,NaN,NaN,0.4764496,2.991205,-0.007658163,0.009675332,0.01730146,0.02724805,0.9994322,0.3749408,2.988177,-0.0121454,0.03709873,-0.1380641,0.9897283,-1,NaN,NaN,NaN,-1,NaN,NaN,NaN
3.740356,NaN,NaN,NaN,0.6289542,2.990797,-0.006899273,0.009470738,0.01643809,0.02742202,0.9994439,0.5501926,2.989005,-0.01070249,0.03593294,-0.1355855,0.9901139,-1,NaN,NaN,NaN,-1,NaN,NaN,NaN
3.763916,NaN,NaN,NaN,0.9300207,2.990121,-0.005154,0.01140272,0.01553622,0.02735222,0.9994401,0.8576137,2.989453,-0.008766174,0.03306405,-0.1340834,0.9904183,-1,NaN,NaN,NaN,-1,NaN,NaN,NaN
3.782227,NaN,NaN,NaN,1.078947,2.990493,-0.004032937,0.01267361,0.0149519,0.02793228,0.9994176,0.9899927,2.989453,-0.008766174,0.03306405,-0.1340834,0.9904183,-1,NaN,NaN,NaN,-1,NaN,NaN,NaN
3.805664,NaN,NaN,NaN,1.376988,2.990116,-0.001993032,0.01367715,0.01380684,0.02766895,0.9994282,1.294868,2.989516,-0.006780505,0.0348864,-0.1356566,0.9901415,-1,NaN,NaN,NaN,-1,NaN,NaN,NaN
3.823975,NaN,NaN,NaN,1.525347,2.989967,-0.0009247842,0.01483121,0.01357598,0.02757469,0.9994175,1.426742,2.989516,-0.006780505,0.0348864,-0.1356566,0.9901415,-1,NaN,NaN,NaN,-1,NaN,NaN,NaN
3.847443,NaN,NaN,NaN,1.819034,2.989493,0.001036183,0.01637866,0.01311422,0.02694967,0.9994166,1.727719,2.989408,-0.004513264,0.03234286,-0.1384637,0.9898393,-1,NaN,NaN,NaN,-1,NaN,NaN,NaN
3.865631,NaN,NaN,NaN,1.96331,2.989506,0.002211569,0.01831252,0.01307417,0.02660685,0.9993927,1.89563,2.98913,-0.002099395,0.007303144,-0.1431329,0.9896765,-1,NaN,NaN,NaN,-1,NaN,NaN,NaN
3.889709,NaN,NaN,NaN,2.249806,2.989741,0.004685875,0.0175291,0.01308469,0.02537797,0.9994386,2.150293,2.98913,-0.002099395,0.007303144,-0.1431329,0.9896765,-1,NaN,NaN,NaN,-1,NaN,NaN,NaN
3.907501,NaN,NaN,NaN,2.390663,2.989098,0.006112461,0.01667989,0.01300656,0.02545035,0.9994523,2.314735,2.988772,0.0003584624,0.004710464,-0.1457396,0.9893118,-1,NaN,NaN,NaN,-1,NaN,NaN,NaN
3.930939,NaN,NaN,NaN,2.666408,2.988792,0.009084691,0.01554703,0.0128361,0.02470542,0.9994915,2.598441,2.988625,0.003090501,0.003840826,-0.1451122,0.9894078,-1,NaN,NaN,NaN,-1,NaN,NaN,NaN
3.949097,NaN,NaN,NaN,2.801315,2.989147,0.0108171,0.01427216,0.01302169,0.02379631,0.9995301,2.718359,2.988625,0.003090501,0.003840826,-0.1451122,0.9894078,-1,NaN,NaN,NaN,-1,NaN,NaN,NaN
3.972717,NaN,NaN,NaN,3.069499,2.987188,0.01433355,0.01417037,0.01210731,0.02520999,0.9995084,2.994399,2.988208,0.006257415,0.003205769,-0.1437752,0.9896052,-1,NaN,NaN,NaN,-1,NaN,NaN,NaN
3.990936,NaN,NaN,NaN,3.198759,2.986901,0.01628568,0.01468271,0.01144037,0.02503048,0.9995134,3.109297,2.988208,0.006257415,0.003205769,-0.1437752,0.9896052,-1,NaN,NaN,NaN,-1,NaN,NaN,NaN
4.014648,NaN,NaN,NaN,3.4536,2.985514,0.02040356,0.0141769,0.009703882,0.02467891,0.9995478,3.372508,2.987617,0.009982228,0.00186755,-0.1424081,0.9898062,-1,NaN,NaN,NaN,-1,NaN,NaN,NaN
4.032867,NaN,NaN,NaN,3.577404,2.984581,0.02253938,0.01423115,0.008845833,0.02451311,0.9995591,3.518147,2.986454,0.01415789,-0.002076582,-0.14497,0.9894339,-1,NaN,NaN,NaN,-1,NaN,NaN,NaN
4.056458,NaN,NaN,NaN,3.818152,2.982739,0.02710763,0.01560221,0.007353206,0.02362499,0.9995722,3.732146,2.986454,0.01415789,-0.002076582,-0.14497,0.9894339,-1,NaN,NaN,NaN,-1,NaN,NaN,NaN
4.074493,1.371275,-39.09741,278.5519,3.934176,2.981709,0.02945025,0.01666545,0.006932586,0.0221414,0.9995919,3.869579,2.984922,0.01898062,-0.008868511,-0.1493843,0.9887395,-1,NaN,NaN,NaN,-1,NaN,NaN,NaN
4.09848,1.162444,-33.10086,235.8843,4.161884,2.978909,0.03378844,0.02013105,0.006263357,0.01981625,0.9995814,4.104931,2.982961,0.02418447,-0.01233114,-0.1512172,0.9884236,-1,NaN,NaN,NaN,-1,NaN,NaN,NaN
4.116302,1.257938,-33.10091,235.8846,4.26932,2.978489,0.03615332,0.02275991,0.006573141,0.01758976,0.9995646,4.200429,2.982961,0.02418447,-0.01233114,-0.1512172,0.9884236,-1,NaN,NaN,NaN,-1,NaN,NaN,NaN
4.139832,2.510694,-24.68323,175.9897,4.480348,2.97652,0.04085022,0.02576681,0.006616212,0.01468672,0.9995382,4.419546,2.98049,0.02945852,-0.01071596,-0.1552991,0.9878094,-1,NaN,NaN,NaN,-1,NaN,NaN,NaN
4.157867,2.599669,-24.68323,175.9897,4.580444,2.975358,0.04310384,0.02735147,0.006811678,0.01365267,0.9995095,4.508521,2.98049,0.02945852,-0.01071596,-0.1552991,0.9878094,-1,NaN,NaN,NaN,-1,NaN,NaN,NaN
4.181671,2.844913,-20.89384,149.0268,4.773232,2.973001,0.04754578,0.030019,0.00694311,0.01196503,0.9994536,4.709806,2.978091,0.03504479,-0.01235819,-0.1581932,0.9873309,-1,NaN,NaN,NaN,-1,NaN,NaN,NaN
4.199585,2.778427,-21.15876,150.9118,4.863623,2.971738,0.04980255,0.03025695,0.007021576,0.01136769,0.9994528,4.818382,2.975575,0.04039776,-0.01335022,-0.1579439,0.9873578,-1,NaN,NaN,NaN,-1,NaN,NaN,NaN
4.223419,2.931406,-21.15879,150.912,5.035728,2.969073,0.05427602,0.02964949,0.007199116,0.00989667,0.9994854,4.971364,2.975575,0.04039776,-0.01335022,-0.1579439,0.9873578,-1,NaN,NaN,NaN,-1,NaN,NaN,NaN
4.241211,2.260617,-26.35608,187.8927,5.115809,2.966902,0.056229,0.03010013,0.007517625,0.008609191,0.9994816,5.068748,2.972898,0.04580653,-0.01476849,-0.1542466,0.987922,-1,NaN,NaN,NaN,-1,NaN,NaN,NaN
4.265137,2.023223,-29.93664,213.3697,5.267838,2.963074,0.0598693,0.03297417,0.008194544,0.004556801,0.9994123,5.228173,2.969874,0.05114639,-0.01484698,-0.1524399,0.9882013,-1,NaN,NaN,NaN,-1,NaN,NaN,NaN
4.283081,2.085181,-29.93666,213.3699,5.337543,2.961105,0.06204204,0.03327608,0.008251668,0.003824019,0.9994049,5.290133,2.969874,0.05114639,-0.01484698,-0.1524399,0.9882013,-1,NaN,NaN,NaN,-1,NaN,NaN,NaN
4.307037,2.359258,-29.28067,208.7023,5.46914,2.956959,0.06576476,0.03331412,0.008015465,0.002801532,0.9994089,5.429323,2.965981,0.05616355,-0.01454004,-0.1527223,0.9881622,-1,NaN,NaN,NaN,-1,NaN,NaN,NaN
4.324738,2.410575,-29.28067,208.7023,5.526872,2.954511,0.06739585,0.03306621,0.007873368,0.002089247,0.99942,5.48064,2.965981,0.05616355,-0.01454004,-0.1527223,0.9881622,-1,NaN,NaN,NaN,-1,NaN,NaN,NaN
4.348602,0.9183776,-26.38384,188.0903,5.635355,2.949429,0.07030635,0.03353648,0.007572833,0.0006440243,0.9994087,5.5971,2.961454,0.06093001,-0.0245779,-0.1541544,0.9877411,-1,NaN,NaN,NaN,-1,NaN,NaN,NaN
4.366638,0.7609764,-24.99451,178.2047,5.678343,2.946726,0.07166288,0.03311006,0.007692236,-0.000190506,0.9994221,5.653005,2.956272,0.06521785,-0.02711989,-0.1549505,0.98755,-1,NaN,NaN,NaN,-1,NaN,NaN,NaN
4.390442,0.8335835,-24.99451,178.2047,5.760025,2.940518,0.07386806,0.03296779,0.007338561,-0.001055609,0.9994289,5.725612,2.956272,0.06521785,-0.02711989,-0.1549505,0.98755,-1,NaN,NaN,NaN,-1,NaN,NaN,NaN
4.408356,0.7719685,-24.74093,176.4003,5.793594,2.937435,0.0746821,0.03296054,0.007643957,-0.002314202,0.9994248,5.770326,2.950297,0.06905055,-0.02799222,-0.1550787,0.9875054,-1,NaN,NaN,NaN,-1,NaN,NaN,NaN
4.432159,-1.063832,-25.24353,179.9765,5.848633,2.931423,0.07605501,0.03216882,0.008466586,-0.004758142,0.9994352,5.831901,2.943668,0.07212973,-0.03784088,-0.1546795,0.9872398,-1,NaN,NaN,NaN,-1,NaN,NaN,NaN
4.450256,-1.048657,-25.24351,179.9764,5.8657,2.928752,0.07656914,0.03098383,0.009154201,-0.006114923,0.9994593,5.847071,2.943668,0.07212973,-0.03784088,-0.1546795,0.9872398,-1,NaN,NaN,NaN,-1,NaN,NaN,NaN
4.473938,-3.014519,-25.86507,184.399,5.889792,2.923415,0.07729114,0.02889537,0.01069928,-0.009290356,0.999482,5.878462,2.936596,0.07449234,-0.04761384,-0.1542068,0.9868907,-1,NaN,NaN,NaN,-1,NaN,NaN,NaN
4.492004,-4.076815,-27.21277,193.9884,5.890301,2.920707,0.07719532,0.02825898,0.01221432,-0.01119819,0.9994633,5.885674,2.929688,0.07609487,-0.0507013,-0.1534016,0.9868624,-1,NaN,NaN,NaN,-1,NaN,NaN,NaN
4.515625,-4.085536,-27.21277,193.9884,5.880489,2.915433,0.0768788,0.02742327,0.01542548,-0.01444,0.9994006,5.876952,2.929688,0.07609487,-0.0507013,-0.1534016,0.9868624,-1,NaN,NaN,NaN,-1,NaN,NaN,NaN
4.533752,-3.85431,-27.59393,196.7005,5.865425,2.913185,0.07662001,0.0270733,0.01714882,-0.01542972,0.9993673,5.866952,2.923123,0.07686496,-0.0487978,-0.1531864,0.9869917,-1,NaN,NaN,NaN,-1,NaN,NaN,NaN
4.557343,-3.892016,-27.59403,196.7012,5.823042,2.90902,0.07599804,0.02478128,0.02025008,-0.01668548,0.9993485,5.829278,2.923123,0.07686496,-0.0487978,-0.1531864,0.9869917,-1,NaN,NaN,NaN,-1,NaN,NaN,NaN
4.575745,-3.027031,-26.05406,185.7437,5.791873,2.906971,0.07552472,0.02317028,0.02136156,-0.01655786,0.9993661,5.801794,2.916798,0.07695365,-0.0469317,-0.1540014,0.9869554,-1,NaN,NaN,NaN,-1,NaN,NaN,NaN
4.599091,-3.323932,-25.84205,184.2352,5.717495,2.902814,0.07429501,0.02109378,0.02337302,-0.01557974,0.9993829,5.732374,2.911153,0.07647419,-0.04853071,-0.154082,0.9868655,-1,NaN,NaN,NaN,-1,NaN,NaN,NaN
4.617737,-3.367492,-25.84207,184.2353,5.668497,2.900971,0.0736493,0.02017727,0.02372699,-0.01410824,0.9994153,5.688819,2.911153,0.07647419,-0.04853071,-0.154082,0.9868655,-1,NaN,NaN,NaN,-1,NaN,NaN,NaN
4.640869,-5.533416,-30.91249,220.3132,5.557885,2.897828,0.07221702,0.01913616,0.02336315,-0.01078873,0.9994857,5.583595,2.905997,0.075526,-0.04983056,-0.151587,0.9871871,-1,NaN,NaN,NaN,-1,NaN,NaN,NaN
4.659424,-7.389912,-34.8631,248.4232,5.49125,2.89677,0.0715635,0.01879337,0.02198033,-0.009132248,0.99954,5.513965,2.901302,0.07412899,-0.05130048,-0.1501357,0.9873336,-1,NaN,NaN,NaN,-1,NaN,NaN,NaN
4.682556,-7.51682,-34.8631,248.4232,5.348478,2.894668,0.06997409,0.01838812,0.01988379,-0.00630444,0.9996133,5.387056,2.901302,0.07412899,-0.05130048,-0.1501357,0.9873336,-1,NaN,NaN,NaN,-1,NaN,NaN,NaN
4.701569,-7.859937,-30.14187,214.83,5.268076,2.894166,0.0689556,0.0192875,0.0188262,-0.005206469,0.9996232,5.301505,2.89747,0.07247341,-0.06046167,-0.1517778,0.9865637,-1,NaN,NaN,NaN,-1,NaN,NaN,NaN
4.724335,-8.010924,-30.14187,214.83,5.098215,2.893943,0.06690417,0.0206923,0.01706964,-0.003234064,0.999635,5.150517,2.89747,0.07247341,-0.06046167,-0.1517778,0.9865637,-1,NaN,NaN,NaN,-1,NaN,NaN,NaN
4.752228,-8.408721,-29.35919,209.2609,4.908193,2.895752,0.06470236,0.02098136,0.01634938,-0.004065093,0.999638,4.964009,2.894676,0.07062185,-0.06305386,-0.1520804,0.9863548,-1,NaN,NaN,NaN,-1,NaN,NaN,NaN
4.770844,-7.362381,-26.62292,189.7913,4.80589,2.898046,0.06379068,0.02168197,0.01629941,-0.004384686,0.9996224,4.852264,2.893318,0.06839228,-0.06348786,-0.1534161,0.98612,-1,NaN,NaN,NaN,-1,NaN,NaN,NaN
4.793945,-8.395922,-28.35711,202.1308,4.592432,2.902491,0.06149125,0.01913382,0.01619178,-0.005254063,0.999672,4.638844,2.894122,0.06592524,-0.06362074,-0.1525326,0.9862486,-1,NaN,NaN,NaN,-1,NaN,NaN,NaN
4.822296,-8.598389,-28.35711,202.1308,4.364658,2.908854,0.05913214,0.01588865,0.01587537,-0.004312553,0.9997385,4.436378,2.894122,0.06592524,-0.06362074,-0.1525326,0.9862486,-1,NaN,NaN,NaN,-1,NaN,NaN,NaN
4.849548,-10.4182,-32.6076,232.3745,4.121594,2.915872,0.05653172,0.0138351,0.01600727,-0.00347168,0.9997702,4.193917,2.897642,0.06334484,-0.06205705,-0.1507894,0.9866162,-1,NaN,NaN,NaN,-1,NaN,NaN,NaN
4.868164,-8.263611,-28.34776,202.0643,3.994108,2.919412,0.05520277,0.01286191,0.01646418,-0.003299733,0.9997763,4.051563,2.903694,0.06059647,-0.06013931,-0.1526118,0.9864547,-1,NaN,NaN,NaN,-1,NaN,NaN,NaN
4.891388,-8.491646,-28.34774,202.0641,3.73756,2.926652,0.0525877,0.01059673,0.01764991,-0.003350405,0.9997825,3.82352,2.903694,0.06059647,-0.06013931,-0.1526118,0.9864547,-1,NaN,NaN,NaN,-1,NaN,NaN,NaN
4.919373,-6.713973,-24.97092,178.0367,3.469028,2.933312,0.04990008,0.009966797,0.01931783,-0.004078848,0.9997554,3.553553,2.911421,0.05764806,-0.056902,-0.1545222,0.9863493,-1,NaN,NaN,NaN,-1,NaN,NaN,NaN
4.947052,-10.42476,-34.43763,245.3959,3.191569,2.94022,0.04720765,0.01103541,0.02151921,-0.005208626,0.999694,3.273887,2.919919,0.05461013,-0.05511491,-0.1503038,0.9871024,-1,NaN,NaN,NaN,-1,NaN,NaN,NaN
4.965576,-8.107684,-27.62191,196.8995,3.047316,2.943611,0.04579582,0.01223193,0.02286014,-0.005846304,0.9996468,3.110895,2.928348,0.05145168,-0.05622775,-0.1531186,0.9866068,-1,NaN,NaN,NaN,-1,NaN,NaN,NaN
4.989166,-8.367615,-27.62191,196.8995,2.754896,2.950504,0.04311671,0.01473448,0.02534696,-0.007470183,0.9995422,2.850966,2.928348,0.05145168,-0.05622775,-0.1531186,0.9866068,-1,NaN,NaN,NaN,-1,NaN,NaN,NaN
5.007141,-7.65248,-25.95432,185.034,2.604492,2.954365,0.04192673,0.01590358,0.02665142,-0.009001464,0.9994777,2.680745,2.936648,0.04818869,-0.05510662,-0.1540743,0.9865214,-1,NaN,NaN,NaN,-1,NaN,NaN,NaN
5.030518,-6.618185,-22.31517,159.1401,2.302038,2.961452,0.03961179,0.01638019,0.02919858,-0.0113224,0.9993753,2.373957,2.944925,0.04497576,-0.05573453,-0.1565656,0.9860937,-1,NaN,NaN,NaN,-1,NaN,NaN,NaN
5.048553,-6.755695,-22.31517,159.1401,2.14734,2.964956,0.03858607,0.01672141,0.0303953,-0.01162929,0.9993304,2.236447,2.944925,0.04497576,-0.05573453,-0.1565656,0.9860937,-1,NaN,NaN,NaN,-1,NaN,NaN,NaN
5.072266,-6.186088,-20.39669,145.4894,1.835288,2.973125,0.03662774,0.01760118,0.03229084,-0.0112668,0.99926,1.919766,2.95344,0.04196715,-0.05494277,-0.1582709,0.985866,-1,NaN,NaN,NaN,-1,NaN,NaN,NaN
5.090515,-6.32443,-20.39668,145.4893,1.679649,2.977161,0.03544052,0.01801254,0.03245451,-0.01015563,0.9992593,1.78142,2.95344,0.04196715,-0.05494277,-0.1582709,0.985866,-1,NaN,NaN,NaN,-1,NaN,NaN,NaN
5.114136,-6.888356,-19.48169,138.9789,1.366755,2.983205,0.03295777,0.0216549,0.03197111,-0.00797202,0.9992224,1.462995,2.962113,0.03916478,-0.05923432,-0.159189,0.9854695,-1,NaN,NaN,NaN,-1,NaN,NaN,NaN
5.132172,-5.849748,-17.14269,122.3361,1.205263,2.985445,0.03167197,0.02365546,0.03201124,-0.008288922,0.9991732,1.278431,2.971176,0.03644347,-0.05741706,-0.162016,0.9851163,-1,NaN,NaN,NaN,-1,NaN,NaN,NaN
5.156067,-6.132433,-17.1427,122.3361,0.8872464,2.98924,0.02927862,0.02616064,0.03171217,-0.009924477,0.9991054,0.9957499,2.971176,0.03644347,-0.05741706,-0.162016,0.9851163,-1,NaN,NaN,NaN,-1,NaN,NaN,NaN
5.173676,-4.887817,-14.00828,100.0336,0.726912,2.99093,0.02854345,0.02733396,0.03161676,-0.01111607,0.9990644,0.8112552,2.979208,0.03376138,-0.0560974,-0.1672122,0.9843237,-1,NaN,NaN,NaN,-1,NaN,NaN,NaN
5.197601,0.5849684,-32.6848,232.9236,0.4098583,2.994192,0.02664685,0.02829905,0.03102741,-0.01269077,0.9990372,0.4870913,2.985314,0.03102231,0.000415422,-0.1513957,0.9884731,-1,NaN,NaN,NaN,-1,NaN,NaN,NaN
5.215424,0.443378,-32.68484,232.9239,0.250569,2.995473,0.02585897,0.02847249,0.03056248,-0.01328014,0.9990391,0.3455008,2.985314,0.03102231,0.000415422,-0.1513957,0.9884731,-1,NaN,NaN,NaN,-1,NaN,NaN,NaN
5.23938,1.706545,-36.43069,259.577,-0.06751034,2.997478,0.02473124,0.02979032,0.02910452,-0.01437868,0.9990289,0.02039449,2.989865,0.02835774,0.006422682,-0.150156,0.9886414,-1,NaN,NaN,NaN,-1,NaN,NaN,NaN
5.257446,1.565976,-36.43068,259.577,-0.2256512,2.996906,0.02402342,0.02866371,0.02799721,-0.01438982,0.9990934,-0.1201751,2.989865,0.02835774,0.006422682,-0.150156,0.9886414,-1,NaN,NaN,NaN,-1,NaN,NaN,NaN
5.281372,NaN,NaN,NaN,-0.5426278,2.994804,0.02308904,0.03196284,0.02545487,-0.01363769,0.9990718,-0.4442762,2.993416,0.02627003,0.01245023,-0.1442398,0.9894645,-1,NaN,NaN,NaN,-1,NaN,NaN,NaN
5.299316,NaN,NaN,NaN,-0.7005399,2.993531,0.02251533,0.03331054,0.02435453,-0.01479212,0.9990388,-0.6269244,2.995293,0.02476704,0.008664244,-0.1458547,0.9892681,-1,NaN,NaN,NaN,-1,NaN,NaN,NaN
5.323181,NaN,NaN,NaN,-1.011408,2.989469,0.02139102,0.03987295,0.02208879,-0.01532083,0.9988431,-0.9032519,2.995293,0.02476704,0.008664244,-0.1458547,0.9892681,-1,NaN,NaN,NaN,-1,NaN,NaN,NaN
5.340759,0.1152293,-45.97409,327.482,-1.162323,2.987827,0.02062761,0.04172333,0.02066958,-0.01476551,0.9988063,-1.079567,2.994451,0.0234462,0.003608546,-0.1478957,0.9889964,-1,NaN,NaN,NaN,-1,NaN,NaN,NaN
5.364807,-0.9029561,-22.54536,160.778,-1.461594,2.982141,0.01967925,0.04342568,0.01793808,-0.01462711,0.9987885,-1.387327,2.991386,0.0218662,0.002975758,-0.1568861,0.9876122,-1,NaN,NaN,NaN,-1,NaN,NaN,NaN
5.382507,-1.034185,-22.54536,160.778,-1.609227,2.979397,0.01939465,0.04326361,0.01605342,-0.01455454,0.9988287,-1.518557,2.991386,0.0218662,0.002975758,-0.1568861,0.9876122,-1,NaN,NaN,NaN,-1,NaN,NaN,NaN
5.406616,0.8734909,-36.87598,262.7456,-1.89651,2.973776,0.01918961,0.04217968,0.01188677,-0.01431637,0.9989367,-1.814753,2.986378,0.02060139,0.01011586,-0.1500021,0.9886339,-1,NaN,NaN,NaN,-1,NaN,NaN,NaN
5.424255,0.7507306,-36.87589,262.7449,-2.034608,2.970185,0.01882097,0.04217502,0.009303301,-0.01397297,0.9989692,-1.937506,2.986378,0.02060139,0.01011586,-0.1500021,0.9886339,-1,NaN,NaN,NaN,-1,NaN,NaN,NaN
5.448303,4.577269,-28.87766,205.8346,-2.303083,2.963792,0.01858073,0.04267658,0.005615432,-0.01360185,0.9989806,-2.215887,2.980167,0.01964176,0.03260035,-0.1528857,0.987706,-1,NaN,NaN,NaN,-1,NaN,NaN,NaN
5.466064,6.195758,-39.73707,283.1032,-2.432387,2.960781,0.01866073,0.04413439,0.003838204,-0.01290181,0.9989349,-2.369232,2.973102,0.0189178,0.02990399,-0.1491192,0.9883669,-1,NaN,NaN,NaN,-1,NaN,NaN,NaN
5.490051,5.976039,-39.73707,283.1032,-2.679571,2.953678,0.01928753,0.04561864,-0.0002927817,-0.01078331,0.9989007,-2.588952,2.973102,0.0189178,0.02990399,-0.1491192,0.9883669,-1,NaN,NaN,NaN,-1,NaN,NaN,NaN
5.50769,4.490399,-34.04416,242.596,-2.79475,2.950152,0.01975155,0.04658493,-0.002926901,-0.009701842,0.9988629,-2.727899,2.965487,0.01852393,0.02940355,-0.1507579,0.9881333,-1,NaN,NaN,NaN,-1,NaN,NaN,NaN
5.53186,NaN,NaN,NaN,-3.016744,2.94208,0.02033042,0.04921978,-0.006886065,-0.009550062,0.9987186,-2.959503,2.957513,0.01886809,0.02525976,-0.144083,0.9892431,-1,NaN,NaN,NaN,-1,NaN,NaN,NaN
5.549683,NaN,NaN,NaN,-3.119793,2.937431,0.02058409,0.05153202,-0.008762062,-0.009141961,0.9985911,-3.051103,2.957513,0.01886809,0.02525976,-0.144083,0.9892431,-1,NaN,NaN,NaN,-1,NaN,NaN,NaN
5.573669,12.85,-52.81401,379.736,-3.315717,2.9289,0.0210164,0.05387406,-0.01200843,-0.00828138,0.9984412,-3.257102,2.948899,0.01957405,0.04193172,-0.1451679,0.9885181,-1,NaN,NaN,NaN,-1,NaN,NaN,NaN
5.59137,12.85,-53.09025,381.617,-3.405483,2.923917,0.02126068,0.05404983,-0.01353672,-0.007483464,0.9984184,-3.336894,2.948899,0.01957405,0.04193172,-0.1451679,0.9885181,-1,NaN,NaN,NaN,-1,NaN,NaN,NaN
5.615479,12.85,-45.0635,324.5133,-3.573771,2.913667,0.02209288,0.05342348,-0.01672659,-0.005962041,0.9984141,-3.515722,2.939267,0.01990211,0.04982977,-0.1461571,0.9880056,-1,NaN,NaN,NaN,-1,NaN,NaN,NaN
5.633179,NaN,NaN,NaN,-3.649575,2.908031,0.02250991,0.05212874,-0.01845095,-0.005332822,0.9984556,-3.609523,2.928627,0.02069306,0.05009427,-0.142624,0.9885085,-1,NaN,NaN,NaN,-1,NaN,NaN,NaN
5.657471,NaN,NaN,NaN,-3.789057,2.896453,0.02312666,0.05044779,-0.02299175,-0.002114512,0.9984598,-3.733508,2.928627,0.02069306,0.05009427,-0.142624,0.9885085,-1,NaN,NaN,NaN,-1,NaN,NaN,NaN
5.674866,NaN,NaN,NaN,-3.850345,2.890639,0.02332582,0.05034728,-0.02620842,-0.0004293106,0.9983878,-3.81149,2.916739,0.02163649,0.05123341,-0.1422148,0.9885091,-1,NaN,NaN,NaN,-1,NaN,NaN,NaN
5.698975,NaN,NaN,NaN,-3.957722,2.879766,0.0236936,0.04921305,-0.0330471,0.001528502,0.9982404,-3.927425,2.903671,0.02240396,0.05598268,-0.1408554,0.9884461,-1,NaN,NaN,NaN,-1,NaN,NaN,NaN
5.717102,NaN,NaN,NaN,-4.002204,2.875186,0.02427066,0.0490919,-0.03635273,0.001744632,0.998131,-3.966965,2.903671,0.02240396,0.05598268,-0.1408554,0.9884461,-1,NaN,NaN,NaN,-1,NaN,NaN,NaN
5.740723,NaN,NaN,NaN,-4.073826,2.865069,0.02484243,0.04695163,-0.04341914,0.003280614,0.9979477,-4.047972,2.89025,0.02291965,0.05879848,-0.1387353,0.9885825,-1,NaN,NaN,NaN,-1,NaN,NaN,NaN
5.758484,NaN,NaN,NaN,-4.097612,2.860409,0.02486539,0.04752532,-0.04602183,0.003822466,0.997802,-4.069115,2.89025,0.02291965,0.05879848,-0.1387353,0.9885825,-1,NaN,NaN,NaN,-1,NaN,NaN,NaN
5.782532,NaN,NaN,NaN,-4.12626,2.851178,0.02473473,0.04890846,-0.04994362,0.004154021,0.9975452,-4.108625,2.87745,0.02383292,0.06264324,-0.1418161,0.987909,-1,NaN,NaN,NaN,-1,NaN,NaN,NaN
5.800232,NaN,NaN,NaN,-4.127897,2.847263,0.02438787,0.05075588,-0.05020269,0.005292937,0.9974346,-4.12017,2.865457,0.02451277,0.06523509,-0.1419894,0.9877163,-1,NaN,NaN,NaN,-1,NaN,NaN,NaN
5.824158,NaN,NaN,NaN,-4.117357,2.839915,0.02357486,0.0524757,-0.04980294,0.005515977,0.9973643,-4.110802,2.865457,0.02451277,0.06523509,-0.1419894,0.9877163,-1,NaN,NaN,NaN,-1,NaN,NaN,NaN
5.841919,NaN,NaN,NaN,-4.097681,2.837093,0.02326552,0.05179605,-0.04889522,0.005645056,0.997444,-4.09916,2.854258,0.02430356,0.07881001,-0.1438266,0.9864598,-1,NaN,NaN,NaN,-1,NaN,NaN,NaN
5.865967,NaN,NaN,NaN,-4.045446,2.831501,0.02238124,0.04944221,-0.0471918,0.005233907,0.9976478,-4.054046,2.844409,0.02384531,0.07683243,-0.1447546,0.9864801,-1,NaN,NaN,NaN,-1,NaN,NaN,NaN
5.883606,NaN,NaN,NaN,-4.008959,2.829252,0.02169155,0.04845343,-0.04651991,0.005495901,0.9977264,-4.021612,2.844409,0.02384531,0.07683243,-0.1447546,0.9864801,-1,NaN,NaN,NaN,-1,NaN,NaN,NaN
5.907715,23.34314,-41.36474,316.457,-3.922219,2.826235,0.02073344,0.04637415,-0.04602569,0.005223434,0.9978496,-3.941388,2.836344,0.02318239,0.08508631,-0.1378403,0.986793,-1,NaN,NaN,NaN,-1,NaN,NaN,NaN
5.925293,24.56803,-39.80607,315.1452,-3.867928,2.825444,0.01996174,0.04437818,-0.04577764,0.004571096,0.997955,-3.885887,2.830022,0.02200115,0.08912322,-0.1335446,0.9870273,-1,NaN,NaN,NaN,-1,NaN,NaN,NaN
5.949402,24.52893,-39.58408,313.5044,-3.745243,2.824091,0.01788342,0.04134784,-0.04534127,0.003321932,0.9981099,-3.776834,2.830022,0.02200115,0.08912322,-0.1335446,0.9870273,-1,NaN,NaN,NaN,-1,NaN,NaN,NaN
5.96698,NaN,NaN,NaN,-3.671923,2.823652,0.01673123,0.04183515,-0.0451891,0.001870769,0.9981003,-3.700588,2.825773,0.02018416,0.0947701,-0.127827,0.9872583,-1,NaN,NaN,NaN,-1,NaN,NaN,NaN
5.99115,NaN,NaN,NaN,-3.5145,2.824508,0.01451952,0.04264385,-0.0451569,-0.0001762572,0.9980693,-3.545887,2.823572,0.01844645,0.09576076,-0.1286792,0.987052,-1,NaN,NaN,NaN,-1,NaN,NaN,NaN
6.008606,NaN,NaN,NaN,-3.425464,2.82602,0.01362438,0.04177563,-0.04585117,-0.0004917952,0.9980743,-3.466744,2.823572,0.01844645,0.09576076,-0.1286792,0.987052,-1,NaN,NaN,NaN,-1,NaN,NaN,NaN
6.032959,25.12893,-38.22311,306.1129,-3.235207,2.830014,0.01187845,0.03837626,-0.04673717,-0.002557694,0.9981665,-3.279089,2.82314,0.0161624,0.0915973,-0.1323473,0.986962,-1,NaN,NaN,NaN,-1,NaN,NaN,NaN
6.050476,25.00303,-37.9037,303.7309,-3.128145,2.833652,0.01127774,0.03671336,-0.04624453,-0.003900853,0.9982477,-3.183922,2.82314,0.0161624,0.0915973,-0.1323473,0.986962,-1,NaN,NaN,NaN,-1,NaN,NaN,NaN
6.074646,NaN,NaN,NaN,-2.904054,2.841858,0.01052098,0.03266153,-0.04511284,-0.00397574,0.9984399,-2.962541,2.825302,0.01377428,0.01336419,-0.129659,0.9914686,-1,NaN,NaN,NaN,-1,NaN,NaN,NaN
6.092224,NaN,NaN,NaN,-2.78349,2.846997,0.0102535,0.03103868,-0.04404823,-0.003750493,0.99854,-2.829611,2.830783,0.01184011,0.007684514,-0.122869,0.9923932,-1,NaN,NaN,NaN,-1,NaN,NaN,NaN
6.116577,NaN,NaN,NaN,-2.537205,2.858396,0.01022869,0.02919387,-0.04217537,-0.004405719,0.9986739,-2.610691,2.830783,0.01184011,0.007684514,-0.122869,0.9923932,-1,NaN,NaN,NaN,-1,NaN,NaN,NaN
6.134155,NaN,NaN,NaN,-2.408694,2.8648,0.0103395,0.02948245,-0.0408007,-0.006806198,0.9987091,-2.467386,2.839874,0.01068044,0.01133922,-0.1175933,0.9929971,-1,NaN,NaN,NaN,-1,NaN,NaN,NaN
6.158264,NaN,NaN,NaN,-2.141733,2.878408,0.01088339,0.03038299,-0.03784094,-0.01013243,0.9987705,-2.198326,2.852166,0.0102638,0.01362036,-0.1221656,0.9924163,-1,NaN,NaN,NaN,-1,NaN,NaN,NaN
6.175964,NaN,NaN,NaN,-1.999195,2.885468,0.01134744,0.03156891,-0.03588257,-0.01070496,0.9987999,-2.071626,2.852166,0.0102638,0.01362036,-0.1221656,0.9924163,-1,NaN,NaN,NaN,-1,NaN,NaN,NaN
6.200012,NaN,NaN,NaN,-1.70979,2.899653,0.01280429,0.03246769,-0.03144822,-0.01091127,0.9989184,-1.779914,2.867263,0.01056743,0.01575255,-0.1275178,0.9917111,-1,NaN,NaN,NaN,-1,NaN,NaN,NaN
6.217712,NaN,NaN,NaN,-1.560375,2.906648,0.01391056,0.03166797,-0.02843208,-0.0105586,0.9990382,-1.647101,2.867263,0.01056743,0.01575255,-0.1275178,0.9917111,-1,NaN,NaN,NaN,-1,NaN,NaN,NaN
6.241699,NaN,NaN,NaN,-1.256376,2.919724,0.01624231,0.02900539,-0.02302705,-0.0108878,0.9992547,-1.340565,2.883484,0.0114702,0.01651553,-0.1290536,0.9915001,-1,NaN,NaN,NaN,-1,NaN,NaN,NaN
6.259583,NaN,NaN,NaN,-1.100249,2.925809,0.01693876,0.0322405,-0.02018035,-0.01103147,0.9992155,-1.163463,2.900176,0.01325083,0.01091701,-0.1285103,0.9916481,-1,NaN,NaN,NaN,-1,NaN,NaN,NaN
6.283508,NaN,NaN,NaN,-0.7845139,2.937106,0.01921549,0.03573137,-0.01584258,-0.01164302,0.999168,-0.8828096,2.900176,0.01325083,0.01091701,-0.1285103,0.9916481,-1,NaN,NaN,NaN,-1,NaN,NaN,NaN
6.301208,NaN,NaN,NaN,-0.6247216,2.942676,0.02066621,0.03810186,-0.01403528,-0.012747,0.999094,-0.7006131,2.916141,0.01563442,0.007399042,-0.1321825,0.9911978,-1,NaN,NaN,NaN,-1,NaN,NaN,NaN
6.325195,5.197222,-55.83625,397.6548,-0.303668,2.953014,0.02351365,0.03973117,-0.01034501,-0.01484043,0.9990467,-0.3736939,2.930717,0.01838553,0.0138582,-0.1461886,0.9891597,-1,NaN,NaN,NaN,-1,NaN,NaN,NaN
6.343018,5.341815,-55.83625,397.6548,-0.1410002,2.956213,0.02509212,0.03884728,-0.008836068,-0.01516282,0.9990911,-0.2291003,2.930717,0.01838553,0.0138582,-0.1461886,0.9891597,-1,NaN,NaN,NaN,-1,NaN,NaN,NaN
6.367065,1.071155,-30.57023,217.8778,0.1825499,2.964332,0.02755938,0.04367122,-0.006065961,-0.01503402,0.9989144,0.1007599,2.943801,0.0213964,0.004402453,-0.1520453,0.9883637,-1,NaN,NaN,NaN,-1,NaN,NaN,NaN
6.384827,1.215204,-30.57024,217.8779,0.3446057,2.967384,0.0287163,0.04630129,-0.005057555,-0.01505217,0.9988014,0.2448094,2.943801,0.0213964,0.004402453,-0.1520453,0.9883637,-1,NaN,NaN,NaN,-1,NaN,NaN,NaN
6.408691,1.168709,-49.79653,354.6799,0.6680467,2.972658,0.03132023,0.04959504,-0.003189251,-0.01409105,0.9986649,0.5751753,2.954857,0.02460718,0.001655337,-0.1471212,0.9891171,-1,NaN,NaN,NaN,-1,NaN,NaN,NaN
6.426514,0.9346732,-26.04097,185.6505,0.8299356,2.974631,0.0325741,0.05121727,-0.002514381,-0.01270133,0.9986036,0.7622456,2.963753,0.02770996,0.0009177757,-0.1543829,0.9880106,-1,NaN,NaN,NaN,-1,NaN,NaN,NaN
6.4505,1.219853,-26.04095,185.6503,1.150763,2.977587,0.03512193,0.05401251,-0.0009286366,-0.01030898,0.9984866,1.047426,2.963753,0.02770996,0.0009177757,-0.1543829,0.9880106,-1,NaN,NaN,NaN,-1,NaN,NaN,NaN
6.468262,-0.7158415,-23.4637,167.3122,1.308888,2.976417,0.03612523,0.05385396,-0.001328725,-0.007617959,0.9985189,1.231032,2.970413,0.03077638,-0.01149491,-0.1560747,0.9876783,-1,NaN,NaN,NaN,-1,NaN,NaN,NaN
6.492249,0.4704824,-18.80549,134.1673,1.619483,2.977225,0.03908487,0.05558779,-0.0006247535,-0.006545396,0.9984322,1.549863,2.97435,0.03377616,-0.007942782,-0.1602702,0.9870412,-1,NaN,NaN,NaN,-1,NaN,NaN,NaN
6.510071,0.6057981,-18.80549,134.1673,1.771714,2.976398,0.04098022,0.05423794,-0.0003745481,-0.006472687,0.998507,1.685178,2.97435,0.03377616,-0.007942782,-0.1602702,0.9870412,-1,NaN,NaN,NaN,-1,NaN,NaN,NaN
6.534058,-3.451663,-25.74714,183.5597,2.077691,2.973221,0.04439744,0.05485293,-0.0002202168,-0.005340582,0.9984801,1.999208,2.975859,0.03696752,-0.02933148,-0.1545603,0.9875478,-1,NaN,NaN,NaN,-1,NaN,NaN,NaN
6.551758,-3.316296,-25.74714,183.5597,2.229979,2.970661,0.04559609,0.05462326,0.0003401488,-0.005378926,0.9984925,2.134575,2.975859,0.03696752,-0.02933148,-0.1545603,0.9875478,-1,NaN,NaN,NaN,-1,NaN,NaN,NaN
6.575989,-3.222619,-24.096,171.8112,2.523873,2.965612,0.0493602,0.05507863,0.002504304,-0.007216544,0.9984528,2.43714,2.974769,0.04054582,-0.03253055,-0.1555945,0.9872853,-1,NaN,NaN,NaN,-1,NaN,NaN,NaN
6.593567,-2.643983,-22.55109,160.8186,2.669661,2.96107,0.05088527,0.05469251,0.003041614,-0.006571592,0.998477,2.607244,2.971168,0.04442906,-0.03224142,-0.1567013,0.9871197,-1,NaN,NaN,NaN,-1,NaN,NaN,NaN
6.617798,-2.395823,-22.55111,160.8188,2.948845,2.95323,0.05489519,0.05333093,0.005399015,-0.008079655,0.9985297,2.855408,2.971168,0.04442906,-0.03224142,-0.1567013,0.9871197,-1,NaN,NaN,NaN,-1,NaN,NaN,NaN
6.635193,-3.472121,-24.39869,173.965,3.084552,2.949357,0.05678551,0.05216273,0.006588642,-0.009340601,0.9985732,3.015565,2.96485,0.04851985,-0.03682512,-0.1553198,0.9871776,-1,NaN,NaN,NaN,-1,NaN,NaN,NaN
6.659424,-3.547855,-26.78218,190.9245,3.349002,2.936981,0.05953908,0.0503105,0.008275226,-0.006978869,0.998675,3.288823,2.956188,0.05281162,-0.03536907,-0.1538494,0.9874611,-1,NaN,NaN,NaN,-1,NaN,NaN,NaN
6.677002,-3.440124,-26.78218,190.9245,3.4702,2.932508,0.06077595,0.05400109,0.009439923,-0.007225657,0.9984701,3.396554,2.956188,0.05281162,-0.03536907,-0.1538494,0.9874611,-1,NaN,NaN,NaN,-1,NaN,NaN,NaN
6.701233,-4.276471,-29.04568,207.0299,3.703806,2.922203,0.06289456,0.05540032,0.01187671,-0.007565312,0.9983649,3.640646,2.945148,0.05682778,-0.03777602,-0.1526422,0.9875593,-1,NaN,NaN,NaN,-1,NaN,NaN,NaN
6.718689,-4.178964,-29.04566,207.0298,3.813496,2.916484,0.06361488,0.05495305,0.012525,-0.005912572,0.9983929,3.738148,2.945148,0.05682778,-0.03777602,-0.1526422,0.9875593,-1,NaN,NaN,NaN,-1,NaN,NaN,NaN
6.742981,-3.416251,-24.46927,174.4673,4.022009,2.904454,0.06473811,0.05338218,0.01312887,-0.001477165,0.9984868,3.957303,2.932858,0.06020367,-0.0417291,-0.1550767,0.9870207,-1,NaN,NaN,NaN,-1,NaN,NaN,NaN
6.760315,-3.399092,-23.4902,167.5007,4.119559,2.898638,0.06518885,0.05131174,0.01331854,0.0001431392,0.9985939,4.075118,2.919812,0.06271756,-0.04405073,-0.1556526,0.9868292,-1,NaN,NaN,NaN,-1,NaN,NaN,NaN
6.784668,-3.235783,-23.49017,167.5005,4.303271,2.886704,0.0654258,0.04501538,0.01376196,0.001392922,0.9988906,4.238418,2.919812,0.06271756,-0.04405073,-0.1556526,0.9868292,-1,NaN,NaN,NaN,-1,NaN,NaN,NaN
6.802002,-2.414618,-22.80253,162.6078,4.384861,2.880721,0.06554725,0.04006205,0.0141283,-0.00354607,0.9990911,4.339354,2.905943,0.06418502,-0.04100706,-0.1560903,0.9868912,-1,NaN,NaN,NaN,-1,NaN,NaN,NaN
6.826477,4.292718,-39.31723,280.1158,4.539458,2.868422,0.06498566,0.03170479,0.01321719,-0.01276426,0.9993284,4.502432,2.891778,0.06512988,-0.0007404845,-0.1490358,0.9888315,-1,NaN,NaN,NaN,-1,NaN,NaN,NaN
6.843872,4.351568,-39.31723,280.1158,4.605664,2.861772,0.06423028,0.03203283,0.01098461,-0.01708934,0.9992804,4.561281,2.891778,0.06512988,-0.0007404845,-0.1490358,0.9888315,-1,NaN,NaN,NaN,-1,NaN,NaN,NaN
6.868225,4.211948,-21.34421,152.2312,4.728617,2.849479,0.06277316,0.03160207,0.007053904,-0.02235148,0.9992257,4.693216,2.877352,0.06527197,-0.003123451,-0.1571987,0.9875621,-1,NaN,NaN,NaN,-1,NaN,NaN,NaN
6.885742,4.256498,-21.34418,152.231,4.778734,2.844048,0.06193221,0.03077111,0.00560347,-0.0253525,0.9991892,4.737765,2.877352,0.06527197,-0.003123451,-0.1571987,0.9875621,-1,NaN,NaN,NaN,-1,NaN,NaN,NaN
6.909973,1.998216,-38.36262,273.3234,4.860073,2.834325,0.0597684,0.02939344,0.003096063,-0.02991369,0.9991155,4.829473,2.862473,0.06426907,-0.0102446,-0.1491685,0.9887587,-1,NaN,NaN,NaN,-1,NaN,NaN,NaN
6.927551,NaN,NaN,NaN,4.888616,2.829709,0.0582353,0.02875059,0.001708269,-0.03079721,0.9991107,4.870758,2.848297,0.062451,-0.01335635,-0.1456104,0.9892519,-1,NaN,NaN,NaN,-1,NaN,NaN,NaN
6.951721,NaN,NaN,NaN,4.929332,2.821793,0.05535126,0.02931117,-0.0003820769,-0.03142594,0.9990761,4.90695,2.848297,0.062451,-0.01335635,-0.1456104,0.9892519,-1,NaN,NaN,NaN,-1,NaN,NaN,NaN
6.969421,2.091632,-27.89725,198.8585,4.937585,2.818544,0.0539021,0.02908828,-0.001237448,-0.02923328,0.9991485,4.92625,2.83575,0.0600394,-0.01408997,-0.1527638,0.9881623,4,-5.7,-17.17718,137.8759,5,5.7,-35.72037,269.8174
6.99353,1.397182,-30.03117,214.0421,4.936242,2.812296,0.05056813,0.02579042,-0.002348568,-0.0293098,0.9992349,4.932631,2.825196,0.05691934,-0.01632838,-0.1517462,0.9882846,4,-5.7,-16.85856,135.6088,5,5.7,-35.40175,267.5503
7.011353,1.382245,-30.03122,214.0424,4.919444,2.809847,0.04887386,0.02236663,-0.003466159,-0.02891556,0.9993256,4.9177,2.825196,0.05691934,-0.01632838,-0.1517462,0.9882846,4,-5.7,-16.62298,133.9326,5,5.7,-35.16618,265.8741
7.035217,0.5219436,-48.03457,342.1429,4.869855,2.806119,0.04508838,0.0172483,-0.004966021,-0.03085308,0.9993628,4.876656,2.816529,0.05342233,-0.01259039,-0.1470213,0.9890532,4,-5.7,-16.30741,131.6872,5,5.7,-34.8506,263.6287
7.053162,0.487363,-48.03457,342.1429,4.830951,2.804712,0.04290905,0.0152776,-0.004903775,-0.03212463,0.9993551,4.842074,2.816529,0.05342233,-0.01259039,-0.1470213,0.9890532,4,-5.7,-16.07006,129.9983,5,5.7,-34.61325,261.9398
7.077087,NaN,NaN,NaN,4.741909,2.803065,0.03839213,0.01386581,-0.005245343,-0.03090604,0.9994124,4.76127,2.809816,0.04936159,-0.01644311,-0.142538,0.9896528,4,-5.7,-15.75376,127.7477,5,5.7,-34.29695,259.6892
7.094971,NaN,NaN,NaN,4.682606,2.802639,0.03574224,0.01252301,-0.004860681,-0.02958628,0.999472,4.702069,2.805287,0.0446862,-0.01749459,-0.1398684,0.9900156,4,-5.7,-15.5171,126.0638,5,5.7,-34.06029,258.0053
7.118774,NaN,NaN,NaN,4.545861,2.802837,0.03019032,0.00945979,-0.004525293,-0.02976835,0.9995019,4.580519,2.805287,0.0446862,-0.01749459,-0.1398684,0.9900156,4,-5.7,-15.20247,123.8251,5,5.7,-33.74566,255.7666
7.136902,NaN,NaN,NaN,4.463054,2.804236,0.02724128,0.00745857,-0.003993403,-0.03052063,0.9994984,4.49584,2.802626,0.03933001,-0.01612977,-0.1349944,0.9907151,4,-5.7,-14.96299,122.1211,5,5.7,-33.50618,254.0626
7.160522,NaN,NaN,NaN,4.283716,2.809241,0.02182954,0.004528203,-0.002976358,-0.02962843,0.9995463,4.320574,2.802151,0.03313768,-0.01730257,-0.1290872,0.9914823,4,-5.7,-14.65036,119.8967,5,5.7,-33.19355,251.8382
7.17865,NaN,NaN,NaN,4.180177,2.813482,0.01962265,0.0005219232,-0.002170358,-0.02814173,0.9996015,4.228539,2.802151,0.03313768,-0.01730257,-0.1290872,0.9914823,4,-5.7,-14.411,118.1935,5,5.7,-32.95419,250.135
7.202271,NaN,NaN,NaN,3.950867,2.821725,0.01412514,-0.003569741,-0.0007369444,-0.02937082,0.999562,4.004243,2.804805,0.0266391,-0.01396528,-0.1318212,0.9911752,4,-5.7,-14.09864,115.971,5,5.7,-32.64183,247.9125
7.221069,NaN,NaN,NaN,3.825359,2.827322,0.01141137,-0.004013092,-0.00066486,-0.03022182,0.9995349,3.89268,2.804805,0.0266391,-0.01396528,-0.1318212,0.9911752,4,-5.7,-13.85043,114.2049,5,5.7,-32.39363,246.1464
7.24408,NaN,NaN,NaN,3.562621,2.838578,0.005763544,-0.003743303,-0.0004770831,-0.02908652,0.9995698,3.633806,2.811549,0.02027988,-0.01241135,-0.1360372,0.990626,4,-5.7,-13.54602,112.0389,5,5.7,-32.08922,243.9804
7.262207,NaN,NaN,NaN,3.420268,2.845012,0.002695624,-0.001021389,6.568432E-05,-0.0286686,0.9995884,3.477312,2.821834,0.01390457,-0.01082765,-0.1373086,0.9904692,4,-5.7,-13.30612,110.3319,5,5.7,-31.84931,242.2734
7.285828,NaN,NaN,NaN,3.126523,2.859325,-0.00343594,0.004259114,0.001804478,-0.02860466,0.9995801,3.216206,2.821834,0.01390457,-0.01082765,-0.1373086,0.9904692,4,-5.7,-12.99387,108.1101,5,5.7,-31.53706,240.0516
7.303711,NaN,NaN,NaN,2.972493,2.866566,-0.006567251,0.006603272,0.002822638,-0.0275863,0.9995936,3.04524,2.834884,0.007199049,-0.01346565,-0.1410973,0.9899042,4,-5.7,-12.75776,106.4302,5,5.7,-31.30096,238.3717
7.327576,-7.852831,-24.711,176.1872,2.657873,2.880885,-0.01298145,0.008507093,0.004233096,-0.02628475,0.9996094,2.728016,2.850383,3.778934E-05,-0.05922884,-0.1542815,0.9862501,4,-5.7,-12.44166,104.181,5,5.7,-30.98486,236.1225
7.345459,-8.001203,-24.71099,176.187,2.490947,2.887843,-0.01613192,0.006688925,0.004538615,-0.02715718,0.9995986,2.579637,2.850383,3.778934E-05,-0.05922884,-0.1542815,0.9862501,4,-5.7,-12.20563,102.5015,5,5.7,-30.74882,234.443
7.369263,-5.722214,-18.1692,129.6398,2.153533,2.901649,-0.0221454,0.001716227,0.003354527,-0.02748508,0.9996152,2.239429,2.867221,-0.007418513,-0.06050618,-0.1598708,0.9852819,4,-5.7,-11.89044,100.2588,5,5.7,-30.43364,232.2003
7.387939,-5.877607,-18.16919,129.6398,1.97871,2.908336,-0.02513291,-0.001397131,0.002218899,-0.02900293,0.999576,2.084031,2.867221,-0.007418513,-0.06050618,-0.1598708,0.9852819,4,-5.7,-11.64381,98.50394,5,5.7,-30.187,230.4454
7.411072,-10.59486,-25.76369,183.6774,1.618699,2.92174,-0.03107352,-0.004061309,0.001498893,-0.03293732,0.9994481,1.721469,2.884121,-0.01492417,-0.06610296,-0.1537557,0.9858953,4,-5.7,-11.33815,96.32909,5,5.7,-29.88135,228.2706
7.429077,-25.4087,-54.94849,391.3381,1.433608,2.928604,-0.03386122,-0.003960608,0.0009701438,-0.03454755,0.9993948,1.511893,2.900847,-0.02227116,-0.06789082,-0.1458898,0.9869686,4,-5.7,-11.0996,94.63171,5,5.7,-29.6428,226.5732
7.453125,-25.74333,-54.94849,391.3381,1.057151,2.941388,-0.03946348,-0.003199656,2.437085E-05,-0.03739146,0.9992956,1.177265,2.900847,-0.02227116,-0.06789082,-0.1458898,0.9869686,4,-5.7,-10.78223,92.37349,5,5.7,-29.32542,224.315
7.470947,-18.16971,-39.58463,282.0185,0.8641078,2.947381,-0.04219426,-0.001652048,-0.0004904345,-0.03860148,0.9992532,0.9584259,2.917206,-0.02937186,-0.06691131,-0.1486739,0.9866199,4,-5.7,-10.54629,90.69473,5,5.7,-29.08949,222.6362
7.49469,-12.4171,-27.3311,194.8301,0.4774292,2.958207,-0.04764977,0.0002806586,-0.0005379543,-0.04210688,0.9991129,0.5655737,2.932875,-0.03623843,-0.06569204,-0.153135,0.9860194,4,-5.7,-10.23225,88.46017,5,5.7,-28.77544,220.4017
7.512573,-12.59087,-27.3311,194.8301,0.2819444,2.963245,-0.05013017,0.0002598742,0.0004824102,-0.04410427,0.9990268,0.3918095,2.932875,-0.03623843,-0.06569204,-0.153135,0.9860194,4,-5.7,-9.995727,86.77725,5,5.7,-28.53892,218.7187
7.53656,-10.96887,-23.77589,169.5335,-0.1133612,2.97254,-0.05474239,-0.001099653,0.003252622,-0.04691237,0.9988931,-0.01007575,2.947137,-0.04296088,-0.06370701,-0.1553497,0.9858032,4,-5.7,-9.678866,84.52267,5,5.7,-28.22206,216.4642
7.555176,-11.14539,-23.77589,169.5335,-0.3119454,2.976811,-0.05689452,-0.001488592,0.00500476,-0.04844784,0.9988121,-0.186595,2.947137,-0.04296088,-0.06370701,-0.1553497,0.9858032,4,-5.7,-9.433096,82.77393,5,5.7,-27.97629,214.7154
7.57843,-11.4034,-23.96611,170.887,-0.7173359,2.983916,-0.06109977,-0.003336123,0.0089458,-0.05193115,0.998605,-0.5987853,2.960097,-0.04910493,-0.06231719,-0.155301,0.9858997,4,-5.7,-9.125154,80.5828,5,5.7,-27.66835,212.5243
7.595947,-12.57923,-27.56424,196.489,-0.9219469,2.986781,-0.06283149,-0.003543578,0.009975325,-0.05294424,0.9985414,-0.8333206,2.971288,-0.05470753,-0.05895116,-0.1532538,0.9864269,4,-5.7,-8.893304,78.93311,5,5.7,-27.4365,210.8746
7.620544,-12.85,-27.32108,194.9239,-1.331793,2.990543,-0.06665589,-0.004165626,0.0115032,-0.05376682,0.9984785,-1.197628,2.971288,-0.05470753,-0.05895116,-0.1532538,0.9864269,4,-5.7,-8.568459,76.62171,5,5.7,-27.11165,208.5632
7.637695,-12.30165,-27.94448,199.1945,-1.540372,2.992634,-0.06761533,-0.002179637,0.01158836,-0.05369965,0.9984875,-1.436421,2.980583,-0.05969894,-0.05380629,-0.1531457,0.9867377,4,-5.7,-8.342098,75.01107,5,5.7,-26.88529,206.9525
7.661682,-12.85,-27.25535,195.6741,-1.953704,2.994761,-0.0704791,-0.001198945,0.01160818,-0.05482455,0.9984279,-1.858096,2.987216,-0.06415975,-0.05541236,-0.1524588,0.9867552,4,-5.7,-8.0246,72.75195,5,5.7,-26.56779,204.6934
7.679382,-12.85,-26.75238,192.4187,-2.159369,2.994792,-0.0716728,-0.001460553,0.01129239,-0.05551117,0.9983931,-2.040909,2.987216,-0.06415975,-0.05541236,-0.1524588,0.9867552,4,-5.7,-7.790653,71.08733,5,5.7,-26.33385,203.0288
7.703613,-11.18899,-22.21628,158.4363,-2.570812,2.993691,-0.07372321,-0.001876701,0.01093434,-0.05664166,0.9983329,-2.461538,2.991487,-0.06798553,-0.0542977,-0.1568298,0.986132,4,-5.7,-7.470093,68.80643,5,5.7,-26.01328,200.7479
7.722046,-11.37279,-22.21627,158.4362,-2.777594,2.993208,-0.07453412,-0.002287022,0.0108513,-0.05783596,0.9982645,-2.645344,2.991487,-0.06798553,-0.0542977,-0.1568298,0.986132,4,-5.7,-7.226226,67.07124,5,5.7,-25.76942,199.0127
7.745239,-12.85,-24.82575,177.9456,-3.18987,2.989597,-0.07652004,-0.003056866,0.01034986,-0.05893679,0.9982035,-3.066801,2.993212,-0.07107842,-0.05421779,-0.1541707,0.9865556,4,-5.7,-6.919765,64.89065,5,5.7,-25.46296,196.8321
7.762939,-12.85,-27.8574,199.3245,-3.393917,2.986399,-0.07775873,-0.002941824,0.01013038,-0.05970635,0.9981603,-3.303307,2.992637,-0.07336164,-0.0472618,-0.152726,0.9871379,4,-5.7,-6.685961,63.22705,5,5.7,-25.22915,195.1685
7.787598,-12.85,-26.71243,191.924,-3.792527,2.983837,-0.07904867,-0.0009484038,0.008737539,-0.06040531,0.9981353,-3.657627,2.992637,-0.07336164,-0.0472618,-0.152726,0.9871379,4,-5.7,-6.360126,60.90862,5,5.7,-24.90332,192.8501
7.804749,NaN,NaN,NaN,-3.990871,2.981837,-0.07907825,-0.00382537,0.007624072,-0.05982795,0.9981723,-3.888503,2.989382,-0.07580996,0.007387973,-0.1441331,0.9895307,4,-5.7,-6.133138,59.29351,5,5.7,-24.67633,191.2349
7.828674,NaN,NaN,NaN,-4.385006,2.97588,-0.07969619,-0.007541807,0.004471176,-0.05958318,0.9981849,-4.29268,2.984921,-0.07783413,0.01073954,-0.1412489,0.9899158,4,-5.7,-5.816915,57.04346,5,5.7,-24.36011,188.9849
7.846619,NaN,NaN,NaN,-4.5785,2.972526,-0.0801167,-0.007519817,0.002364866,-0.05970322,0.998185,-4.464674,2.984921,-0.07783413,0.01073954,-0.1412489,0.9899158,4,-5.7,-5.579587,55.35479,5,5.7,-24.12278,187.2962
7.870483,NaN,NaN,NaN,-4.957566,2.967238,-0.08031715,-0.007388858,-0.001576111,-0.06022299,0.9981564,-4.854595,2.979483,-0.07935345,0.005821787,-0.1362651,0.9906554,4,-5.7,-5.263974,53.10909,5,5.7,-23.80717,185.0505
7.889038,NaN,NaN,NaN,-5.14419,2.963455,-0.0800987,-0.00664846,-0.004003048,-0.05975059,0.9981832,-5.020483,2.979483,-0.07935345,0.005821787,-0.1362651,0.9906554,4,-5.7,-5.018746,51.3642,5,5.7,-23.56194,183.3056
7.912231,NaN,NaN,NaN,-5.510411,2.955571,-0.07929327,-0.003101757,-0.009510991,-0.05764483,0.9982871,-5.39798,2.972899,-0.08022475,0.006252587,-0.1342599,0.9909264,4,-5.7,-4.712039,49.18187,5,5.7,-23.25523,181.1233
7.930115,NaN,NaN,NaN,-5.689743,2.951219,-0.07858376,-0.0007990864,-0.01182965,-0.05784532,0.9982551,-5.608052,2.965614,-0.08014572,0.007142917,-0.1347422,0.990855,4,-5.7,-4.475284,47.49726,5,5.7,-23.01847,179.4387
7.954712,NaN,NaN,NaN,-6.036874,2.942556,-0.07670761,0.0004018114,-0.014777,-0.05871551,0.9981653,-5.916613,2.965614,-0.08014572,0.007142917,-0.1347422,0.990855,4,-5.7,-4.150059,45.18316,5,5.7,-22.69325,177.1246
7.971863,NaN,NaN,NaN,-6.202251,2.937696,-0.07560264,-0.0003699802,-0.01567838,-0.05763892,0.9982143,-6.11284,2.956801,-0.07937884,0.007626635,-0.1406079,0.990036,4,-5.7,-3.923544,43.57142,5,5.7,-22.46673,175.5129
7.99585,NaN,NaN,NaN,-6.527148,2.927112,-0.07352757,0.001183676,-0.01919029,-0.05192211,0.9984661,-6.449034,2.946733,-0.07782292,0.01467892,-0.1436484,0.98952,4,-5.7,-3.606772,41.31748,5,5.7,-22.14996,173.2589
8.013733,NaN,NaN,NaN,-6.684324,2.921328,-0.07228799,0.002471027,-0.021908,-0.04986798,0.9985125,-6.588747,2.946733,-0.07782292,0.01467892,-0.1436484,0.98952,4,-5.7,-3.369668,39.63039,5,5.7,-21.91286,171.5718
8.037598,NaN,NaN,NaN,-6.985604,2.910273,-0.06973109,0.005230026,-0.02639762,-0.0487758,0.9984472,-6.901562,2.93551,-0.07549095,0.0148783,-0.1440069,0.9894648,4,-5.7,-3.054707,37.38933,5,5.7,-21.5979,169.3308
8.056519,NaN,NaN,NaN,-7.125286,2.904996,-0.06838965,0.006601193,-0.02811157,-0.0489826,0.9983821,-7.025723,2.93551,-0.07549095,0.0148783,-0.1440069,0.9894648,4,-5.7,-2.804326,35.60777,5,5.7,-21.34752,167.5492
8.079346,NaN,NaN,NaN,-7.39417,2.892881,-0.06569773,0.008931275,-0.03246425,-0.04502695,0.9984182,-7.30751,2.922829,-0.07276738,0.006613446,-0.1396793,0.9901747,4,-5.7,-2.502695,33.46156,5,5.7,-21.04589,165.403
8.097595,NaN,NaN,NaN,-7.520535,2.887236,-0.06475949,0.009146948,-0.03488358,-0.04284401,0.9984308,-7.459962,2.909551,-0.07007575,0.004638775,-0.1444431,0.9895023,4,-5.7,-2.261398,31.74464,5,5.7,-20.80459,163.6861
8.121765,NaN,NaN,NaN,-7.754097,2.87626,-0.06130627,0.008170147,-0.03930505,-0.04027819,0.9983817,-7.667572,2.909551,-0.07007575,0.004638775,-0.1444431,0.9895023,4,-5.7,-1.941435,29.46799,5,5.7,-20.48463,161.4094
8.139404,NaN,NaN,NaN,-7.853868,2.871604,-0.05938292,0.007393064,-0.04180412,-0.03741893,0.9983975,-7.793286,2.895732,-0.06755614,-0.004307063,-0.1420697,0.9898473,4,-5.7,-1.708302,27.80916,5,5.7,-20.25149,159.7506
8.16272,NaN,NaN,NaN,-8.046104,2.860699,-0.05558122,0.006459954,-0.04634076,-0.03244361,0.9983778,-7.997135,2.882373,-0.06357658,0.001258252,-0.1412775,0.9899693,4,-5.7,-1.399723,25.61351,5,5.7,-19.94291,157.5549
8.180847,NaN,NaN,NaN,-8.131108,2.855479,-0.05390646,0.006984231,-0.04883436,-0.03134977,0.9982904,-8.072693,2.882373,-0.06357658,0.001258252,-0.1412775,0.9899693,4,-5.7,-1.160244,23.90953,5,5.7,-19.70344,155.851
8.20459,NaN,NaN,NaN,-8.280439,2.845802,-0.05002886,0.008346956,-0.05367646,-0.0288687,0.9981062,-8.234474,2.869564,-0.05944824,0.003800021,-0.1400165,0.9901419,4,-5.7,-0.8463539,21.67608,5,5.7,-19.38955,153.6175
8.223328,NaN,NaN,NaN,-8.340078,2.841322,-0.04812913,0.00978204,-0.05592537,-0.02754685,0.9980069,-8.287485,2.869564,-0.05944824,0.003800021,-0.1400165,0.9901419,4,-5.7,-0.5991211,19.91693,5,5.7,-19.14231,151.8584
8.246399,NaN,NaN,NaN,-8.440234,2.83277,-0.0445343,0.01243326,-0.06037664,-0.02336312,0.9978248,-8.401144,2.857027,-0.05484712,0.002017012,-0.1406211,0.9900615,4,-5.7,-0.2940321,17.74611,5,5.7,-18.83722,149.6875
8.264404,NaN,NaN,NaN,-8.47417,2.828678,-0.0430245,0.01488857,-0.06216025,-0.0206963,0.9977406,-8.451336,2.84524,-0.05041075,0.002136014,-0.1392361,0.9902569,4,-5.7,-0.05608192,16.05301,5,5.7,-18.59928,147.9944
8.288818,NaN,NaN,NaN,-8.526879,2.821146,-0.03973562,0.01829121,-0.06584691,-0.01879529,0.997485,-8.498189,2.84524,-0.05041075,0.002136014,-0.1392361,0.9902569,4,-5.7,0.2671356,13.75319,5,5.7,-18.27606,145.6946
8.306213,NaN,NaN,NaN,-8.536248,2.818164,-0.03808133,0.01953432,-0.06731162,-0.01860127,0.9973674,-8.521459,2.834548,-0.04614675,0.007314019,-0.1439351,0.9895601,4,-5.7,0.4973376,12.11522,5,5.7,-18.04586,144.0567
8.329834,NaN,NaN,NaN,-8.535329,2.81283,-0.03478765,0.02006948,-0.06995527,-0.01608722,0.9972185,-8.530379,2.825033,-0.04192269,0.01450988,-0.1446697,0.9893736,4,-5.7,0.8096846,9.892757,5,5.7,-17.73351,141.8342
8.347839,NaN,NaN,NaN,-8.51977,2.810858,-0.03320615,0.01991903,-0.0705252,-0.01443648,0.9972066,-8.516549,2.825033,-0.04192269,0.01450988,-0.1446697,0.9893736,4,-5.7,1.047807,8.198428,5,5.7,-17.49539,140.1399
8.371521,NaN,NaN,NaN,-8.471853,2.806768,-0.02985712,0.01791586,-0.07112907,-0.01331493,0.9972174,-8.478498,2.817092,-0.03804362,0.02606704,-0.1404254,0.9897481,4,-5.7,1.3607,5.972078,5,5.7,-17.18249,137.9135
8.390076,NaN,NaN,NaN,-8.434508,2.804842,-0.02818823,0.01582109,-0.07130426,-0.01273474,0.9972478,-8.445303,2.817092,-0.03804362,0.02606704,-0.1404254,0.9897481,4,-5.7,1.605943,4.227082,5,5.7,-16.93725,136.1685
8.413269,NaN,NaN,NaN,-8.344384,2.800466,-0.02524145,0.0125452,-0.07200609,-0.01235626,0.9972488,-8.364183,2.8109,-0.03403425,0.02675448,-0.1391732,0.9899066,4,-5.7,1.912632,2.044878,5,5.7,-16.63056,133.9863
8.431458,NaN,NaN,NaN,-8.282964,2.798699,-0.02383908,0.01278592,-0.07265172,-0.01120005,0.9972126,-8.303518,2.805687,-0.03023982,0.02924211,-0.1330328,0.9906802,4,-5.7,2.152927,0.3350906,5,5.7,-16.39027,132.2765
8.455933,NaN,NaN,NaN,-8.146864,2.797244,-0.02055912,0.01250754,-0.07374982,-0.00791994,0.9971669,-8.182541,2.805687,-0.03023982,0.02924211,-0.1330328,0.9906802,5,5.7,-16.06647,129.9726,6,-5.7,-34.46231,260.866
8.473022,NaN,NaN,NaN,-8.064384,2.797681,-0.01881026,0.01185715,-0.07506216,-0.006043078,0.99709,-8.098509,2.800951,-0.02646077,0.0279849,-0.1284523,0.9913207,5,5.7,-15.84054,128.365,6,-5.7,-34.23638,259.2584
8.496887,NaN,NaN,NaN,-7.879983,2.799762,-0.01584293,0.01238446,-0.07702406,-0.004637525,0.9969416,-7.919176,2.797707,-0.02257311,0.02621393,-0.129138,0.9912801,5,5.7,-15.52491,126.1192,6,-5.7,-33.92076,257.0126
8.514832,NaN,NaN,NaN,-7.767856,2.802263,-0.01418479,0.01348727,-0.07786757,-0.002458696,0.9968695,-7.819507,2.797707,-0.02257311,0.02621393,-0.129138,0.9912801,5,5.7,-15.28828,124.4355,6,-5.7,-33.68412,255.3288
8.538696,NaN,NaN,NaN,-7.528056,2.808563,-0.01156778,0.01673574,-0.07752903,0.0002961703,0.9968497,-7.586022,2.797373,-0.01863301,0.02527582,-0.1275841,0.9915056,5,5.7,-14.97203,122.1852,6,-5.7,-33.36787,253.0786
8.556763,NaN,NaN,NaN,-7.393358,2.812409,-0.01065292,0.01952114,-0.07669635,0.001964599,0.9968615,-7.46629,2.797373,-0.01863301,0.02527582,-0.1275841,0.9915056,5,5.7,-14.73314,120.4855,6,-5.7,-33.12898,251.3788
8.580383,NaN,NaN,NaN,-7.106553,2.821961,-0.009143269,0.02619573,-0.07506177,0.003429417,0.9968289,-7.185511,2.800644,-0.01502943,0.02342662,-0.1313802,0.9910553,5,5.7,-14.42094,118.264,6,-5.7,-32.81678,249.1574
8.598267,NaN,NaN,NaN,-6.949174,2.828324,-0.008264121,0.02831385,-0.07365796,0.003602325,0.9968751,-7.014256,2.807457,-0.0120883,0.02707517,-0.1364846,0.9902722,5,5.7,-14.18511,116.586,6,-5.7,-32.58096,247.4794
8.622559,NaN,NaN,NaN,-6.617883,2.842218,-0.006592964,0.02960947,-0.07053237,0.005145933,0.9970567,-6.719774,2.807457,-0.0120883,0.02707517,-0.1364846,0.9902722,5,5.7,-13.8637,114.2991,6,-5.7,-32.25955,245.1925
8.639709,NaN,NaN,NaN,-6.439592,2.849627,-0.005881404,0.02915162,-0.06791819,0.00512568,0.9972517,-6.524855,2.817879,-0.009719491,0.03087505,-0.1434616,0.9891742,5,5.7,-13.63671,112.684,6,-5.7,-32.03256,243.5774
8.663879,NaN,NaN,NaN,-6.072451,2.864139,-0.004596603,0.02999714,-0.06206572,0.003437999,0.9976153,-6.157104,2.832164,-0.007622361,0.03193754,-0.1415211,0.9894199,5,5.7,-13.31712,110.4099,6,-5.7,-31.71296,241.3033
8.681519,NaN,NaN,NaN,-5.880901,2.87134,-0.004113664,0.03103356,-0.05838889,0.002386784,0.9978086,-5.986837,2.832164,-0.007622361,0.03193754,-0.1415211,0.9894199,5,5.7,-13.08372,108.7492,6,-5.7,-31.47956,239.6426
8.705688,NaN,NaN,NaN,-5.488633,2.884911,-0.002720809,0.03131286,-0.05247349,0.003050089,0.9981266,-5.592484,2.848814,-0.005820155,0.0355151,-0.1378837,0.9898115,5,5.7,-12.76478,106.4798,6,-5.7,-31.16062,237.3732
8.723572,NaN,NaN,NaN,-5.289024,2.89091,-0.001964154,0.02974225,-0.04918997,0.003183746,0.9983414,-5.415053,2.848814,-0.005820155,0.0355151,-0.1378837,0.9898115,5,5.7,-12.52809,104.7957,6,-5.7,-30.92393,235.6891
8.747375,NaN,NaN,NaN,-4.883813,2.903728,3.886747E-05,0.02812092,-0.04331946,0.001807198,0.9986638,-5.00577,2.865893,-0.004323959,0.03874212,-0.1338388,0.9902455,5,5.7,-12.21292,102.5532,6,-5.7,-30.60877,233.4466
8.765076,NaN,NaN,NaN,-4.675664,2.909853,0.00111257,0.02728881,-0.04025254,0.001031717,0.9988163,-4.76882,2.882239,-0.002682805,0.03318648,-0.1313563,0.9907796,5,5.7,-11.97942,100.8917,6,-5.7,-30.37527,231.7851
8.789551,NaN,NaN,NaN,-4.252669,2.921329,0.003082727,0.02977502,-0.03330165,0.0002712723,0.9990017,-4.392824,2.882239,-0.002682805,0.03318648,-0.1313563,0.9907796,5,5.7,-11.65544,98.58652,6,-5.7,-30.05129,229.4799
8.806763,NaN,NaN,NaN,-4.034721,2.926358,0.004077251,0.03192287,-0.02923221,7.810549E-05,0.9990628,-4.145742,2.897806,-0.000633359,0.0471974,-0.1291503,0.9905012,5,5.7,-11.42818,96.96948,6,-5.7,-29.82403,227.8629
8.830872,NaN,NaN,NaN,-3.597247,2.936888,0.006218144,0.03756252,-0.02280231,0.001924288,0.9990323,-3.701326,2.912328,0.001783848,0.1169332,-0.1427405,0.9828284,5,5.7,-11.10934,94.70076,6,-5.7,-29.50518,225.5941
8.848511,NaN,NaN,NaN,-3.376405,2.94234,0.007359279,0.04020759,-0.01997174,0.001765792,0.9989902,-3.505022,2.912328,0.001783848,0.1169332,-0.1427405,0.9828284,5,5.7,-10.87596,93.04022,6,-5.7,-29.27181,223.9336
8.872803,25.79514,-29.85353,212.7782,-2.93484,2.952167,0.009607844,0.04431823,-0.01381723,0.001559467,0.9989207,-3.055601,2.925611,0.004183173,0.1328249,-0.1509108,0.9795833,5,5.7,-10.55539,90.75923,6,-5.7,-28.95124,221.6526
8.890442,25.99581,-29.85357,212.7785,-2.709134,2.956797,0.01087179,0.04588998,-0.01150147,0.0009197635,0.9988799,-2.854973,2.925611,0.004183173,0.1328249,-0.1509108,0.9795833,5,5.7,-10.32211,89.09937,6,-5.7,-28.71796,219.9927
8.914612,23.19787,-26.85173,194.5971,-2.263824,2.966183,0.01352623,0.04935656,-0.007859898,-0.0001387596,0.9987504,-2.40098,2.938276,0.006709695,0.1289518,-0.1500644,0.9802307,5,5.7,-10.00229,86.82368,6,-5.7,-28.39813,217.717
8.932129,24.29556,-30.69157,218.7411,-2.040709,2.970116,0.01491387,0.04976746,-0.006743029,-0.001284131,0.9987372,-2.143484,2.950254,0.009430528,0.1186259,-0.1509431,0.981399,5,5.7,-9.770679,85.17572,6,-5.7,-28.16652,216.0691
8.956299,24.69276,-30.69157,218.7411,-1.593869,2.976626,0.01815445,0.05033964,-0.004174378,-0.001091651,0.9987229,-1.746292,2.950254,0.009430528,0.1186259,-0.1509431,0.981399,5,5.7,-9.450895,82.90034,6,-5.7,-27.84674,213.7937
8.973816,19.26278,-26.43581,188.4599,-1.366652,2.97852,0.01946826,0.04971942,-0.003236447,-0.0001819343,0.998758,-1.485372,2.96133,0.01247799,0.1081468,-0.1532284,0.9822552,5,5.7,-9.219795,81.25598,6,-5.7,-27.61564,212.1493
8.998047,26.3842,-36.48738,259.9804,-0.9192291,2.981418,0.02278264,0.04813214,-0.001343701,0.001584008,0.9988388,-1.027971,2.970612,0.01589131,0.1036898,-0.1492546,0.9833471,5,5.7,-8.899235,78.97507,6,-5.7,-27.29508,209.8684
9.015625,26.58086,-36.48743,259.9808,-0.6980266,2.982338,0.02477222,0.04698024,-0.0007740296,0.001822388,0.9988939,-0.8313461,2.970612,0.01589131,0.1036898,-0.1492546,0.9833471,5,5.7,-8.666507,77.31912,6,-5.7,-27.06235,208.2125
9.039795,27.52454,-39.45424,281.0908,-0.2584936,2.983119,0.02862882,0.04330808,-0.0001881458,0.002253347,0.9990592,-0.3811878,2.977063,0.01956856,0.09770142,-0.1485573,0.9840656,5,5.7,-8.347438,75.04883,6,-5.7,-26.74328,205.9422
9.057495,27.71892,-39.45424,281.0908,-0.03981761,2.983269,0.03075371,0.04130882,-0.0004886464,0.002721299,0.9991427,-0.1868092,2.977063,0.01956856,0.09770142,-0.1485573,0.9840656,5,5.7,-8.113282,73.38272,6,-5.7,-26.50913,204.2761
9.081482,31.81293,-45.43087,323.6166,0.3964628,2.981337,0.03452883,0.04028422,-0.0004540943,0.004328572,0.9991789,0.2602282,2.980611,0.02359295,0.0959888,-0.1472762,0.9844267,5,5.7,-7.796169,71.12634,6,-5.7,-26.19201,202.0197
9.099243,NaN,NaN,NaN,0.6126183,2.980923,0.03680643,0.03840028,0.000223808,0.003610026,0.9992559,0.5110754,2.981976,0.02807939,0.09230847,-0.1408401,0.9857197,5,5.7,-7.561154,69.45412,6,-5.7,-25.957,200.3475
9.12323,NaN,NaN,NaN,1.041171,2.978893,0.041406,0.03731147,0.001180038,0.004522445,0.9992928,0.8920108,2.981976,0.02807939,0.09230847,-0.1408401,0.9857197,5,5.7,-7.243601,67.19462,6,-5.7,-25.63944,198.088
9.14093,26.52697,-42.81874,305.0305,1.252253,2.977119,0.04383886,0.03630093,0.001233708,0.005321031,0.999326,1.137711,2.981279,0.03297186,0.08204363,-0.1479996,0.9855785,5,5.7,-7.010301,65.5346,6,-5.7,-25.40615,196.4279
9.164978,NaN,NaN,NaN,1.668716,2.972353,0.04832488,0.03490646,0.001060862,0.007058596,0.9993651,1.565407,2.979268,0.03820288,0.08068173,-0.1449517,0.9861438,5,5.7,-6.691814,63.26845,6,-5.7,-25.08766,194.1618
9.182678,NaN,NaN,NaN,1.871205,2.970716,0.05075039,0.03442949,0.001656935,0.005883259,0.9993885,1.745397,2.979268,0.03820288,0.08068173,-0.1449517,0.9861438,5,5.7,-6.457892,61.60401,6,-5.7,-24.85374,192.4974
9.206787,NaN,NaN,NaN,2.27448,2.964242,0.05517897,0.03589027,0.001116507,0.008154352,0.9993218,2.160343,2.975677,0.0436815,0.0739619,-0.1455911,0.9865764,5,5.7,-6.139132,59.33591,6,-5.7,-24.53498,190.2293
9.224304,NaN,NaN,NaN,2.469975,2.961836,0.05714913,0.03491816,0.001127951,0.006996192,0.9993651,2.334117,2.975677,0.0436815,0.0739619,-0.1455911,0.9865764,5,5.7,-5.907607,57.68852,6,-5.7,-24.30345,188.5819
9.248535,NaN,NaN,NaN,2.853529,2.955144,0.0621492,0.03326106,-0.0008815192,0.009226078,0.9994037,2.730237,2.970504,0.04906392,0.07162961,-0.1451643,0.9868113,5,5.7,-5.586863,55.40631,6,-5.7,-23.98271,186.2997
9.266113,NaN,NaN,NaN,3.042435,2.951006,0.06434436,0.03164416,-0.002179053,0.009596778,0.9994507,2.951791,2.964097,0.05447423,0.01027944,-0.1456976,0.9892758,5,5.7,-5.354775,53.75492,6,-5.7,-23.75062,184.6483
9.290344,NaN,NaN,NaN,3.411851,2.94341,0.06901959,0.02969042,-0.002829112,0.009911482,0.9995061,3.280161,2.964097,0.05447423,0.01027944,-0.1456976,0.9892758,5,5.7,-5.034336,51.47488,6,-5.7,-23.43018,182.3682
9.307861,NaN,NaN,NaN,3.592201,2.939067,0.0713077,0.02918554,-0.002497815,0.009881968,0.9995221,3.492343,2.956546,0.06004405,-0.01694337,-0.1425382,0.9896443,5,5.7,-4.803228,49.83046,6,-5.7,-23.19907,180.7238
9.332214,NaN,NaN,NaN,3.947825,2.92921,0.07585566,0.0291874,-0.002597936,0.009974977,0.9995209,3.858637,2.947821,0.06563187,-0.02098099,-0.1384792,0.9901431,5,5.7,-4.481207,47.53916,6,-5.7,-22.87705,178.4325
9.349548,NaN,NaN,NaN,4.117076,2.924118,0.07788207,0.02956028,-0.002181925,0.007729103,0.9995307,4.009082,2.947821,0.06563187,-0.02098099,-0.1384792,0.9901431,5,5.7,-4.251492,45.90466,6,-5.7,-22.64734,176.798
9.373962,NaN,NaN,NaN,4.4495,2.914183,0.08227949,0.03059533,-0.00188354,0.006497028,0.999509,4.353232,2.937745,0.07111251,-0.02165929,-0.1389382,0.9900642,5,5.7,-3.929197,43.61141,6,-5.7,-22.32504,174.5048
9.391479,NaN,NaN,NaN,4.608686,2.909356,0.08443032,0.03085067,-0.001394682,0.006858091,0.9994995,4.494731,2.937745,0.07111251,-0.02165929,-0.1389382,0.9900642,5,5.7,-3.697456,41.96248,6,-5.7,-22.0933,172.8558
9.415649,NaN,NaN,NaN,4.913881,2.89973,0.08884224,0.03065975,0.0002429933,0.007122948,0.9995046,4.812763,2.926402,0.07646763,-0.0256163,-0.1429335,0.9894007,5,5.7,-3.377978,39.68928,6,-5.7,-21.77382,170.5826
9.432983,NaN,NaN,NaN,5.055123,2.895206,0.09110823,0.0305088,0.001273878,0.006514696,0.9995125,4.982756,2.914693,0.08177483,-0.02488802,-0.1444753,0.9891954,5,5.7,-3.14861,38.05724,6,-5.7,-21.54446,168.9506
9.457336,NaN,NaN,NaN,5.327251,2.886186,0.09526163,0.03029234,0.002235219,0.005211459,0.999525,5.224648,2.914693,0.08177483,-0.02488802,-0.1444753,0.9891954,5,5.7,-2.826484,35.7652,6,-5.7,-21.22233,166.6586
9.474915,NaN,NaN,NaN,5.453074,2.881809,0.09705589,0.03019968,0.001751505,0.005525209,0.9995272,5.378191,2.903037,0.08702111,-0.02783962,-0.1446225,0.9890952,5,5.7,-2.594004,34.11101,6,-5.7,-20.98985,165.0044
9.498962,NaN,NaN,NaN,5.692856,2.872789,0.1005278,0.03004573,0.001074035,0.005770337,0.9995313,5.629774,2.891818,0.09212196,-0.02608191,-0.1442724,0.9891943,5,5.7,-2.276314,31.85053,6,-5.7,-20.67216,162.7439
9.516785,NaN,NaN,NaN,5.803497,2.86827,0.1022179,0.03009392,0.0001174845,0.006891518,0.9995233,5.728122,2.891818,0.09212196,-0.02608191,-0.1442724,0.9891943,5,5.7,-2.040854,30.17514,6,-5.7,-20.4367,161.0685
9.540771,-6.274534,-53.99029,384.5201,6.007149,2.860075,0.1056032,0.03030765,6.913021E-05,0.005296793,0.9995266,5.944101,2.880993,0.09680164,-0.03142658,-0.1462741,0.9887448,5,5.7,-1.72352,27.9172,6,-5.7,-20.11937,158.8105
9.558411,-6.190019,-53.99022,384.5196,6.102211,2.855986,0.1072218,0.03052352,-5.114824E-06,0.004577388,0.9995236,6.028601,2.880993,0.09680164,-0.03142658,-0.1462741,0.9887448,5,5.7,-1.490623,26.26005,6,-5.7,-19.88647,157.1534
9.582458,-12.85,-47.72673,341.1868,6.28128,2.847094,0.1098053,0.03205901,-0.0006006472,0.004379286,0.9994762,6.218939,2.870497,0.1010853,-0.05521706,-0.1465121,0.9876665,5,5.7,-1.172363,23.99551,6,-5.7,-19.56821,154.8889
9.600098,-12.85,-44.406,317.6127,6.360654,2.842991,0.1109806,0.03423296,-0.0006575659,0.003405,0.9994079,6.317732,2.860227,0.105078,-0.05960518,-0.146982,0.9873416,5,5.7,-0.9387027,22.33294,6,-5.7,-19.33455,153.2263
9.624329,-12.85,-44.7286,319.7797,6.507827,2.834901,0.1133159,0.03569754,0.0008228609,0.0005647045,0.9993622,6.448552,2.860227,0.105078,-0.05960518,-0.146982,0.9873416,5,5.7,-0.6187493,20.05635,6,-5.7,-19.0146,150.9497
9.642029,-9.494389,-36.10385,257.2516,6.570434,2.830886,0.1145561,0.03539028,0.002382293,0.0001020642,0.9993708,6.529245,2.84997,0.1085547,-0.06149456,-0.1494947,0.9868484,5,5.7,-0.3849789,18.39299,6,-5.7,-18.78083,149.2863
9.666016,-8.209607,-34.73623,247.5204,6.677343,2.824686,0.1173505,0.03555634,0.005352527,-0.002169204,0.999351,6.645888,2.839923,0.1115692,-0.05925922,-0.1498929,0.9869248,5,5.7,-0.06735569,16.13298,6,-5.7,-18.4632,147.0263
9.683838,-8.171613,-34.73618,247.5201,6.720064,2.822263,0.1185964,0.03527619,0.00630853,-0.002109991,0.9993555,6.683863,2.839923,0.1115692,-0.05925922,-0.1498929,0.9869248,5,5.7,0.1680935,14.45767,6,-5.7,-18.22775,145.351
9.707825,-6.473892,-32.68656,232.9363,6.787727,2.817386,0.120539,0.03682795,0.009225026,-0.004727135,0.9992679,6.762012,2.830691,0.1145357,-0.05611121,-0.150569,0.9870058,5,5.7,0.4851858,12.20144,6,-5.7,-17.91066,143.0948
9.725769,-6.762218,-28.25378,201.3953,6.811475,2.815085,0.121188,0.03850333,0.009678509,-0.004971405,0.9991993,6.797256,2.823238,0.1175469,-0.06643102,-0.1522535,0.9861064,5,5.7,0.7223399,10.514,6,-5.7,-17.67351,141.4073
9.749573,-6.737436,-28.25354,201.3937,6.839242,2.810703,0.1222444,0.03937976,0.01084732,-0.006508212,0.9991443,6.821937,2.823238,0.1175469,-0.06643102,-0.1522535,0.9861064,5,5.7,1.036932,8.275566,6,-5.7,-17.35892,139.1689
9.767456,-4.026242,-22.20593,158.3626,6.839478,2.80873,0.1227696,0.03891675,0.01138205,-0.007970359,0.9991459,6.832096,2.817044,0.1200167,-0.06762102,-0.1558322,0.9854662,5,5.7,1.273703,6.590851,6,-5.7,-17.12214,137.4842
9.791321,-4.037328,-22.20595,158.3627,6.827016,2.805889,0.1234488,0.03659582,0.01303126,-0.009165257,0.9992032,6.821018,2.817044,0.1200167,-0.06762102,-0.1558322,0.9854662,5,5.7,1.589069,4.346906,6,-5.7,-16.80678,135.2402
9.809143,-2.810282,-19.18198,136.8461,6.810016,2.804655,0.1232696,0.03429486,0.0138195,-0.008476742,0.9992803,6.811413,2.81153,0.1219512,-0.06931273,-0.1584368,0.9849333,5,5.7,1.82513,2.667247,6,-5.7,-16.57072,133.5606
9.83313,-4.629092,-23.86256,170.1501,6.761347,2.80198,0.1222567,0.03219338,0.01587571,-0.008980867,0.9993153,6.769346,2.807156,0.1229695,-0.06608435,-0.1546222,0.985761,5,5.7,2.141996,0.4126253,6,-5.7,-16.25385,131.306
9.850952,-4.662906,-23.86254,170.15,6.723296,2.800964,0.1214748,0.03177509,0.01718196,-0.009504038,0.9993022,6.735523,2.807156,0.1229695,-0.06608435,-0.1546222,0.985761,6,-5.7,-16.01815,129.6289,7,5.7,-34.27783,259.5533
9.874939,2.680295,-42.99413,306.2786,6.632031,2.800046,0.1197757,0.03057616,0.01954178,-0.01036488,0.9992877,6.651506,2.803695,0.1229897,-0.01282743,-0.1479317,0.9889144,6,-5.7,-15.70154,127.3761,7,5.7,-33.96121,257.3005
9.892883,NaN,NaN,NaN,6.574286,2.80042,0.1189075,0.0302408,0.02072567,-0.01154095,0.9992611,6.59341,2.800942,0.1220605,-0.007956669,-0.1440283,0.9895416,6,-5.7,-15.46399,125.6858,7,5.7,-33.72366,255.6103
9.916565,NaN,NaN,NaN,6.440282,2.80167,0.116691,0.02909008,0.02209888,-0.01320438,0.9992453,6.474295,2.800942,0.1220605,-0.007956669,-0.1440283,0.9895416,6,-5.7,-15.15069,123.4566,7,5.7,-33.41037,253.381
9.934814,NaN,NaN,NaN,6.355416,2.803393,0.1154679,0.02857531,0.02220078,-0.0143893,0.9992415,6.387816,2.79965,0.1203904,-0.01043244,-0.1443358,0.9894738,6,-5.7,-14.90989,121.7432,7,5.7,-33.16956,251.6676
9.958374,3.051256,-50.87513,362.3548,6.166308,2.808462,0.112575,0.02652234,0.02242856,-0.01902243,0.9992156,6.203406,2.800393,0.1178331,-0.008607597,-0.1465721,0.9891626,6,-5.7,-14.59832,119.5262,7,5.7,-32.85799,249.4507
9.976868,2.953448,-50.87506,362.3543,6.056268,2.812673,0.1112171,0.02715175,0.02225601,-0.02204717,0.9991403,6.105594,2.800393,0.1178331,-0.008607597,-0.1465721,0.9891626,6,-5.7,-14.35334,117.7832,7,5.7,-32.61302,247.7076
10.00012,2.381608,-48.94444,348.6172,5.824757,2.819868,0.1076083,0.02662955,0.02158663,-0.02489857,0.9991021,5.878301,2.80424,0.1148456,-0.009924179,-0.1468711,0.9891058,6,-5.7,-14.04596,115.596,7,5.7,-32.30563,245.5204
10.01849,2.271517,-48.94451,348.6177,5.70091,2.824074,0.1057829,0.02671785,0.02119483,-0.02559715,0.9990904,5.768215,2.80424,0.1148456,-0.009924179,-0.1468711,0.9891058,6,-5.7,-13.80302,113.8674,7,5.7,-32.0627,243.7919
10.04187,0.5915538,-54.34918,387.0738,5.436494,2.833323,0.102009,0.02553989,0.02073791,-0.02634882,0.9991114,5.507006,2.811013,0.111431,-0.01256531,-0.146118,0.9891874,6,-5.7,-13.494,111.6686,7,5.7,-31.75368,241.5931
10.05994,NaN,NaN,NaN,5.290102,2.838044,0.09970881,0.0246148,0.02045019,-0.02684449,0.9991273,5.34637,2.819901,0.107424,-0.01397719,-0.143067,0.9896143,6,-5.7,-13.25509,109.9687,7,5.7,-31.51476,239.8931
10.08362,NaN,NaN,NaN,4.986114,2.8478,0.09506821,0.02312279,0.0193225,-0.02813777,0.9991498,5.076158,2.819901,0.107424,-0.01397719,-0.143067,0.9896143,6,-5.7,-12.94207,107.7414,7,5.7,-31.20174,237.6659
10.10162,NaN,NaN,NaN,4.825701,2.852756,0.09257865,0.02236784,0.01847432,-0.02826994,0.9991792,4.898441,2.830505,0.1026371,-0.01581068,-0.1444717,0.9893826,6,-5.7,-12.70413,106.0484,7,5.7,-30.96381,235.9729
10.12531,NaN,NaN,NaN,4.496418,2.862696,0.0876134,0.02166192,0.01752377,-0.03008596,0.9991589,4.566942,2.84195,0.09734523,-0.0166385,-0.1412388,0.9898357,6,-5.7,-12.39106,103.8208,7,5.7,-30.65074,233.7452
10.14325,NaN,NaN,NaN,4.324749,2.867212,0.08502999,0.02147,0.01676109,-0.03079059,0.9991547,4.414347,2.84195,0.09734523,-0.0166385,-0.1412388,0.9898357,6,-5.7,-12.15358,102.131,7,5.7,-30.41326,232.0555
10.16724,-1.192797,-52.91602,376.8763,3.966725,2.876494,0.07932349,0.02261907,0.01529336,-0.03314815,0.9990774,4.054457,2.85361,0.09188712,-0.01377501,-0.1464056,0.9891287,6,-5.7,-11.8362,99.87279,7,5.7,-30.09588,229.7972
10.185,-1.359861,-52.9161,376.8768,3.778787,2.881606,0.07637021,0.02399111,0.01443095,-0.03472694,0.9990047,3.8874,2.85361,0.09188712,-0.01377501,-0.1464056,0.9891287,6,-5.7,-11.60194,98.20596,7,5.7,-29.86162,228.1304
10.20892,0.6184398,-39.56726,281.8951,3.392629,2.891681,0.07055,0.0251847,0.01256547,-0.03659189,0.9989339,3.499196,2.8652,0.08551717,-0.01010789,-0.1488854,0.9888028,6,-5.7,-11.28547,95.95409,7,5.7,-29.54514,225.8785
10.22687,-0.04425622,-32.60142,232.3304,3.189261,2.896937,0.06767805,0.0254892,0.01091991,-0.03703048,0.9989293,3.270518,2.876812,0.07870102,-0.01410727,-0.1509909,0.9884345,6,-5.7,-11.04834,94.26684,7,5.7,-29.30802,224.1913
10.25073,-0.4113308,-32.60139,232.3303,2.7763,2.906067,0.06220313,0.02622798,0.008502197,-0.03946251,0.9988406,2.903441,2.876812,0.07870102,-0.01410727,-0.1509909,0.9884345,6,-5.7,-10.73265,92.02064,7,5.7,-28.99233,221.9451
10.26855,0.4273992,-41.14643,293.1315,2.564511,2.91007,0.05969838,0.02640858,0.007720691,-0.03997052,0.998822,2.664259,2.888546,0.07198083,-0.007547835,-0.1485872,0.9888705,6,-5.7,-10.49715,90.34492,7,5.7,-28.75683,220.2693
10.29248,0.876394,-33.59887,239.4277,2.13663,2.918085,0.05448797,0.02646734,0.006404576,-0.04012846,0.9988235,2.230226,2.899925,0.06532371,-0.005591277,-0.1507387,0.9885579,6,-5.7,-10.18053,88.09209,7,5.7,-28.44021,218.0165
10.31042,0.6800677,-33.59892,239.428,1.915765,2.921592,0.05197715,0.02656653,0.00530633,-0.0388169,0.9988791,2.033901,2.899925,0.06532371,-0.005591277,-0.1507387,0.9885579,6,-5.7,-9.943703,86.40695,7,5.7,-28.20338,216.3314
10.33441,-0.6805811,-31.59911,225.1986,1.46624,2.92838,0.04706061,0.0275133,0.001752194,-0.0368114,0.9989419,1.578544,2.910455,0.05873752,-0.009917985,-0.1515035,0.988407,6,-5.7,-9.626162,84.14753,7,5.7,-27.88584,214.0719
10.35205,-0.8852154,-31.59911,225.1986,1.236027,2.93214,0.04470639,0.02905579,-0.0002617352,-0.03757668,0.9988713,1.373909,2.910455,0.05873752,-0.009917985,-0.1515035,0.988407,6,-5.7,-9.392717,82.48649,7,5.7,-27.6524,212.4109
10.37616,-0.9080067,-31.41114,223.8612,0.7721217,2.939467,0.04102234,0.03021705,-0.004087575,-0.03779037,0.9988204,0.9037533,2.919716,0.05251217,-0.008001282,-0.1516155,0.9884072,6,-5.7,-9.074049,80.21904,7,5.7,-27.33373,210.1435
10.3938,-0.4260945,-33.73644,240.4065,0.536466,2.941694,0.03908043,0.03059243,-0.006450084,-0.03631158,0.9988514,0.6342968,2.928498,0.04718745,-0.004361202,-0.1507964,0.9885553,6,-5.7,-8.841218,78.56236,7,5.7,-27.10089,208.4868
10.41779,-0.8489561,-33.73633,240.4058,0.06074365,2.946509,0.03528927,0.03292654,-0.01032791,-0.03640187,0.9987413,0.2114325,2.928498,0.04718745,-0.004361202,-0.1507964,0.9885553,6,-5.7,-8.523868,76.3043,7,5.7,-26.78354,206.2287
10.43555,-2.474895,-27.55921,196.4532,-0.182157,2.94883,0.03380565,0.0347162,-0.01163071,-0.03760723,0.9986217,-0.0657867,2.936417,0.04202747,-0.01211952,-0.1534146,0.9880876,6,-5.7,-8.289215,74.63466,7,5.7,-26.54889,204.5591
10.45959,-1.125226,-24.05209,171.4989,-0.6639748,2.954553,0.03118596,0.03685548,-0.01419354,-0.03823275,0.9984882,-0.556752,2.942989,0.03732038,-0.003275101,-0.1555244,0.9878266,6,-5.7,-7.971273,72.37238,7,5.7,-26.23095,202.2968
10.47742,-1.338401,-24.05209,171.4989,-0.903796,2.956608,0.03019811,0.03672709,-0.01595166,-0.03583089,0.9985554,-0.7699264,2.942989,0.03732038,-0.003275101,-0.1555244,0.9878266,6,-5.7,-7.735654,70.69587,7,5.7,-25.99533,200.6203
10.50128,-0.691327,-23.00573,164.0536,-1.38832,2.960523,0.02840439,0.03818763,-0.01921471,-0.03397999,0.9985078,-1.26443,2.949131,0.03345954,0.003451139,-0.1562962,0.9877042,6,-5.7,-7.420006,68.44991,7,5.7,-25.67968,198.3743
10.51904,-0.9057194,-23.00573,164.0536,-1.629511,2.961188,0.02743261,0.03886824,-0.02075419,-0.03473114,0.9984249,-1.478822,2.949131,0.03345954,0.003451139,-0.1562962,0.9877042,6,-5.7,-7.185057,66.77817,7,5.7,-25.44473,196.7026
10.54303,-1.549261,-28.25564,201.4086,-2.11221,2.965792,0.02666306,0.03937898,-0.0211076,-0.03860264,0.9982553,-1.972178,2.954751,0.03045201,0.002075334,-0.1531552,0.9882,6,-5.7,-6.867908,64.52154,7,5.7,-25.12759,194.446
10.56079,-2.940604,-23.24854,165.7813,-2.344911,2.967445,0.02705074,0.03838474,-0.02296164,-0.03651441,0.9983317,-2.243205,2.959257,0.02827561,-0.004155792,-0.1561721,0.9877211,6,-5.7,-6.633041,62.85037,7,5.7,-24.89272,192.7748
10.58484,-3.353881,-23.24855,165.7813,-2.809848,2.9678,0.02666458,0.0387429,-0.02468559,-0.03710686,0.9982548,-2.656481,2.959257,0.02827561,-0.004155792,-0.1561721,0.9877211,6,-5.7,-6.315158,60.58852,7,5.7,-24.57484,190.5129
10.60266,-10.10396,-15.46239,110.3798,-3.040066,2.96727,0.02610751,0.04201042,-0.02445542,-0.03904264,0.9980545,-2.924818,2.963679,0.02715421,-0.06403625,-0.1643563,0.9843203,6,-5.7,-6.080008,58.91533,7,5.7,-24.33969,188.8397
10.62659,-10.36552,-14.14517,101.0073,-3.493236,2.965671,0.02609693,0.04474163,-0.0242529,-0.04018734,0.9978953,-3.390496,2.966045,0.02636755,-0.06794445,-0.1666823,0.983667,6,-5.7,-5.763092,56.66036,7,5.7,-24.02277,186.5848
10.64453,-10.56345,-14.14517,101.0073,-3.71591,2.964127,0.02653776,0.04371865,-0.0241059,-0.04025585,0.9979415,-3.588429,2.966045,0.02636755,-0.06794445,-0.1666823,0.983667,6,-5.7,-5.525697,54.97121,7,5.7,-23.78538,184.8956
10.66833,-9.581712,-12.72826,90.92545,-4.15492,2.959256,0.02766549,0.04319431,-0.02374642,-0.04155804,0.9979195,-4.040006,2.965766,0.02604508,-0.05996829,-0.1698293,0.9836472,6,-5.7,-5.211328,52.73436,7,5.7,-23.47101,182.6588
10.68658,-9.768957,-12.72825,90.92543,-4.365571,2.95763,0.02891889,0.04275461,-0.02389519,-0.04126318,0.9979471,-4.227251,2.965766,0.02604508,-0.05996829,-0.1698293,0.9836472,6,-5.7,-4.970261,51.01907,7,5.7,-23.22994,180.9435
10.71002,-10.43872,-13.36362,95.44629,-4.786628,2.952025,0.03114182,0.04196611,-0.02356552,-0.04219913,0.9979493,-4.661255,2.963048,0.02657497,-0.05957459,-0.1683532,0.9839249,6,-5.7,-4.659745,48.80964,7,5.7,-22.91942,178.7341
10.72803,-10.17854,-13.46259,96.1505,-4.992151,2.947528,0.03261272,0.04196134,-0.02407123,-0.04353816,0.99788,-4.902003,2.958515,0.02816463,-0.05403094,-0.1681499,0.9842796,6,-5.7,-4.42189,47.11721,7,5.7,-22.68157,177.0416
10.75177,-10.53419,-13.4626,96.15057,-5.392257,2.937721,0.03557767,0.03976013,-0.02571729,-0.04387865,0.997914,-5.257653,2.958515,0.02816463,-0.05403094,-0.1681499,0.9842796,6,-5.7,-4.10841,44.88668,7,5.7,-22.36809,174.8111
10.76984,-9.968123,-13.70816,97.89782,-5.58553,2.932126,0.03706497,0.0378258,-0.02560924,-0.0448523,0.9979488,-5.485757,2.951663,0.0306313,-0.04510501,-0.167644,0.9848152,6,-5.7,-3.869636,43.18772,7,5.7,-22.12931,173.1121
10.79352,-9.715789,-14.86409,106.1228,-5.960552,2.920746,0.04058831,0.03596622,-0.0266169,-0.04422939,0.998019,-5.873428,2.941672,0.03384936,-0.0356959,-0.1654174,0.9855774,6,-5.7,-3.555868,40.95515,7,5.7,-21.81555,170.8796
10.81177,-9.8749,-14.86409,106.1228,-6.139551,2.914391,0.04215285,0.03570408,-0.02783647,-0.04395438,0.9980072,-6.032538,2.941672,0.03384936,-0.0356959,-0.1654174,0.9855774,6,-5.7,-3.31516,39.24242,7,5.7,-21.57484,169.1668
10.83545,-9.247857,-12.7198,90.86532,-6.484072,2.900389,0.04522536,0.03610398,-0.02899814,-0.04631127,0.9978532,-6.390686,2.929285,0.03763306,-0.03098538,-0.169711,0.9850066,6,-5.7,-3.001799,37.01274,7,5.7,-21.26148,166.9372
10.8537,-9.39055,-12.7198,90.86532,-6.644601,2.893049,0.04655255,0.03611337,-0.02901641,-0.04660362,0.9978387,-6.533379,2.929285,0.03763306,-0.03098538,-0.169711,0.9850066,6,-5.7,-2.760442,35.29539,7,5.7,-21.02012,165.2198
10.87708,-9.682156,-13.29127,94.93161,-6.949828,2.8774,0.0492525,0.03369747,-0.02896083,-0.04501968,0.9979975,-6.853962,2.9148,0.04138815,-0.02936681,-0.1682774,0.9853022,6,-5.7,-2.451367,33.09621,7,5.7,-20.71104,163.0206
10.89502,-9.216647,-12.64211,90.31252,-7.089859,2.86868,0.05059671,0.03322623,-0.03057723,-0.0411062,0.998134,-7.024147,2.898334,0.04494894,-0.02392987,-0.1696153,0.9852198,6,-5.7,-2.213999,31.40725,7,5.7,-20.47368,161.3317
10.91876,-9.444278,-12.64211,90.31249,-7.345945,2.854275,0.05372151,0.03320248,-0.03490652,-0.03569652,0.9982009,-7.251779,2.898334,0.04494894,-0.02392987,-0.1696153,0.9852198,6,-5.7,-1.900062,29.17347,7,5.7,-20.15974,159.0979
10.93707,-8.972772,-11.75251,83.98267,-7.459357,2.847895,0.05566517,0.03116485,-0.03566581,-0.03707741,0.9981894,-7.393953,2.880095,0.04849553,-0.0185275,-0.1717145,0.9849725,6,-5.7,-1.658509,27.45473,7,5.7,-19.91819,157.3792
10.96051,-9.772652,-13.15331,93.95001,-7.667091,2.834433,0.05936116,0.02428686,-0.03785465,-0.03606775,0.9983369,-7.615336,2.861787,0.05212224,-0.02264222,-0.1680876,0.985512,6,-5.7,-1.348475,25.24873,7,5.7,-19.60815,155.1731
10.97858,-9.854125,-13.15331,93.94996,-7.75875,2.827605,0.0610953,0.02231692,-0.0393482,-0.03540223,0.9983488,-7.696811,2.861787,0.05212224,-0.02264222,-0.1680876,0.985512,6,-5.7,-1.109123,23.54565,7,5.7,-19.3688,153.4701
11.00226,-9.496855,-18.50842,132.0536,-7.919187,2.815989,0.06402995,0.01932445,-0.04200484,-0.03587492,0.9982862,-7.871427,2.844939,0.05621636,-0.01215514,-0.1596832,0.9870935,6,-5.7,-0.7964933,21.32117,7,5.7,-19.05617,151.2456
11.02063,-9.550735,-18.50848,132.054,-7.979796,2.810542,0.06538998,0.01904257,-0.04255076,-0.03755538,0.9982066,-7.925302,2.844939,0.05621636,-0.01215514,-0.1596832,0.9870935,6,-5.7,-0.5530802,19.5892,7,5.7,-18.81276,149.5136
11.04401,NaN,NaN,NaN,-8.085965,2.800258,0.06836626,0.01816476,-0.04250361,-0.03931342,0.9981573,-8.046028,2.829095,0.06032264,0.02494396,-0.126224,0.9916881,6,-5.7,-0.2445419,17.39384,7,5.7,-18.50422,147.3183
11.06207,NaN,NaN,NaN,-8.126954,2.795965,0.06998181,0.01800444,-0.04171695,-0.04022863,0.9981569,-8.103374,2.814797,0.0640676,0.03941788,-0.1217776,0.9917744,6,-5.7,-0.005722016,15.69454,7,5.7,-18.2654,145.619
11.08575,NaN,NaN,NaN,-8.1919,2.788679,0.07335366,0.01532376,-0.04161859,-0.04185335,0.998139,-8.161104,2.814797,0.0640676,0.03941788,-0.1217776,0.9917744,6,-5.7,0.3077978,13.46374,7,5.7,-17.95188,143.3882
11.1037,NaN,NaN,NaN,-8.209126,2.785928,0.07554845,0.0126318,-0.04196289,-0.04209258,0.9981522,-8.192131,2.802233,0.067698,0.04674292,-0.1248212,0.9910776,6,-5.7,0.5452329,11.7743,7,5.7,-17.71445,141.6987
11.12756,NaN,NaN,NaN,-8.228416,2.780676,0.0792242,0.008217791,-0.04302276,-0.04059102,0.9982154,-8.220177,2.792072,0.07165098,0.04671017,-0.1236981,0.9912199,6,-5.7,0.8605809,9.530479,7,5.7,-17.3991,139.4549
11.14557,NaN,NaN,NaN,-8.225846,2.778103,0.08099572,0.007131602,-0.04412243,-0.04033441,0.9981861,-8.217892,2.792072,0.07165098,0.04671017,-0.1236981,0.9912199,6,-5.7,1.098535,7.837351,7,5.7,-17.16115,137.7618
11.16931,NaN,NaN,NaN,-8.201635,2.773864,0.08456916,0.00694952,-0.04548084,-0.04318108,0.9980073,-8.202393,2.78427,0.07598782,0.05209488,-0.1172034,0.9917406,6,-5.7,1.412713,5.601853,7,5.7,-16.84697,135.5263
11.19116,NaN,NaN,NaN,-8.173512,2.772246,0.08633009,0.008223808,-0.04547238,-0.04504852,0.9979155,-8.177395,2.78427,0.07598782,0.05209488,-0.1172034,0.9917406,6,-5.7,1.701059,3.550165,7,5.7,-16.55862,133.4746
11.21362,NaN,NaN,NaN,-8.10586,2.769349,0.08987215,0.009215848,-0.04552551,-0.04572763,0.9978735,-8.118741,2.777985,0.08036339,0.04860122,-0.1219101,0.9913505,6,-5.7,1.998057,1.436916,7,5.7,-16.26163,131.3613
11.22925,NaN,NaN,NaN,-8.058787,2.768366,0.09134951,0.009696191,-0.04536226,-0.04670488,0.9978311,-8.073928,2.77298,0.08476198,0.04559051,-0.1319434,0.9902083,6,-5.7,2.204938,-0.03511488,7,5.7,-16.05474,129.8893
11.25311,NaN,NaN,NaN,-7.941787,2.766831,0.09386103,0.01076778,-0.04345194,-0.05076323,0.997707,-7.969928,2.77298,0.08476198,0.04559051,-0.1319434,0.9902083,7,5.7,-15.73973,127.6479,8,-0.7,-33.83223,256.3825
11.271,NaN,NaN,NaN,-7.865499,2.766986,0.09495549,0.01096151,-0.04203925,-0.04931024,0.9978382,-7.894185,2.769219,0.08887434,0.05308281,-0.1370733,0.9891376,7,5.7,-15.50312,125.9643,8,-0.7,-33.59562,254.6989
11.29462,NaN,NaN,NaN,-7.703202,2.768992,0.09732273,0.011097,-0.04100851,-0.04578169,0.9980477,-7.736829,2.766877,0.09234071,0.05533392,-0.1366259,0.9890761,7,5.7,-15.19065,123.7409,8,-0.7,-33.28315,252.4756
11.31274,NaN,NaN,NaN,-7.606898,2.771683,0.09836248,0.01162893,-0.04134222,-0.04496373,0.9980651,-7.651226,2.766877,0.09234071,0.05533392,-0.1366259,0.9890761,7,5.7,-14.95086,122.0348,8,-0.7,-33.04336,250.7694
11.33655,NaN,NaN,NaN,-7.396839,2.778292,0.1006728,0.01319004,-0.0412898,-0.04438075,0.998074,-7.44641,2.766821,0.09534943,0.04949436,-0.1334843,0.9898143,7,5.7,-14.63588,119.7936,8,-0.7,-32.72838,248.5282
11.35541,NaN,NaN,NaN,-7.275143,2.783267,0.101671,0.01453571,-0.04190579,-0.04152443,0.9981525,-7.338235,2.766821,0.09534943,0.04949436,-0.1334843,0.9898143,7,5.7,-14.38665,118.0202,8,-0.7,-32.47915,246.7549
11.3783,NaN,NaN,NaN,-7.018486,2.794214,0.1032175,0.01829513,-0.04211136,-0.03847632,0.9982042,-7.087233,2.770313,0.09819853,0.04752463,-0.1352151,0.9896759,7,5.7,-14.08421,115.8682,8,-0.7,-32.1767,244.6028
11.39648,NaN,NaN,NaN,-6.873353,2.800907,0.1037746,0.02033982,-0.04106898,-0.0378876,0.9982305,-6.930237,2.778292,0.100665,0.04602744,-0.1360242,0.9896357,7,5.7,-13.84402,114.1591,8,-0.7,-31.93651,242.8938
11.42047,NaN,NaN,NaN,-6.571816,2.815816,0.104862,0.02251296,-0.03869138,-0.03559535,0.9983633,-6.662205,2.778292,0.100665,0.04602744,-0.1360242,0.9896357,7,5.7,-13.52657,111.9004,8,-0.7,-31.61906,240.635
11.43787,NaN,NaN,NaN,-6.410635,2.824097,0.1053502,0.02196095,-0.03834258,-0.03287066,0.9984824,-6.485933,2.790338,0.1026713,0.04646094,-0.135897,0.989633,7,5.7,-13.29639,110.2625,8,-0.7,-31.38888,238.9972
11.46167,NaN,NaN,NaN,-6.076972,2.840504,0.1057259,0.02088082,-0.03839637,-0.02876211,0.9986303,-6.151813,2.806095,0.1041504,0.04439709,-0.1341717,0.9899631,7,5.7,-12.98166,108.0231,8,-0.7,-31.07415,236.7578
11.47955,NaN,NaN,NaN,-5.897064,2.848363,0.1056481,0.01985694,-0.03853839,-0.02737864,0.9986846,-5.991894,2.806095,0.1041504,0.04439709,-0.1341717,0.9899631,7,5.7,-12.74528,106.3412,8,-0.7,-30.83778,235.0759
11.50342,NaN,NaN,NaN,-5.522742,2.864628,0.1056664,0.01908743,-0.03863734,-0.02328543,0.9987996,-5.617505,2.824544,0.1051695,0.04617344,-0.1315425,0.9902346,7,5.7,-12.43006,104.0983,8,-0.7,-30.52255,232.8329
11.52228,NaN,NaN,NaN,-5.327902,2.872349,0.1052517,0.01955311,-0.03743061,-0.02293325,0.9988447,-5.444314,2.824544,0.1051695,0.04617344,-0.1315425,0.9902346,7,5.7,-12.18075,102.3244,8,-0.7,-30.27325,231.0591
11.54523,NaN,NaN,NaN,-4.926762,2.887832,0.1048202,0.02001828,-0.0355082,-0.02183048,0.9989303,-5.041966,2.844025,0.1056168,0.04275505,-0.1287406,0.9907562,7,5.7,-11.87738,100.1658,8,-0.7,-29.96987,228.9004
11.56335,NaN,NaN,NaN,-4.714785,2.895535,0.104341,0.02057015,-0.0339042,-0.02130899,0.9989862,-4.804131,2.863357,0.1055018,0.04098248,-0.121391,0.9917583,7,5.7,-11.63787,98.4616,8,-0.7,-29.73037,227.1963
11.58752,NaN,NaN,NaN,-4.284188,2.910326,0.1032007,0.02171929,-0.03144839,-0.01814909,0.9991046,-4.421378,2.863357,0.1055018,0.04098248,-0.121391,0.9917583,7,5.7,-11.31786,96.18462,8,-0.7,-29.41036,224.9193
11.60492,NaN,NaN,NaN,-4.063452,2.91711,0.1026671,0.02280429,-0.03107149,-0.01529039,0.9991401,-4.172102,2.882493,0.104713,0.03680474,-0.1215057,0.9919082,7,5.7,-11.0883,94.55119,8,-0.7,-29.1808,223.2859
11.62872,NaN,NaN,NaN,-3.620802,2.931001,0.1015642,0.02560358,-0.03006195,-0.0121865,0.9991457,-3.723093,2.900472,0.1037526,0.03306929,-0.1311081,0.9908164,7,5.7,-10.7733,92.30987,8,-0.7,-28.8658,221.0445
11.64679,NaN,NaN,NaN,-3.394971,2.937685,0.1011371,0.02636322,-0.03015212,-0.01121275,0.9991347,-3.522354,2.900472,0.1037526,0.03306929,-0.1311081,0.9908164,7,5.7,-10.53455,90.61107,8,-0.7,-28.62705,219.3457
11.67065,NaN,NaN,NaN,-2.937001,2.949881,0.1001592,0.02713739,-0.02991722,-0.008903625,0.9991443,-3.057578,2.917483,0.1025629,0.02988097,-0.1360949,0.9902451,7,5.7,-10.2191,88.36651,8,-0.7,-28.31159,217.1012
11.68933,NaN,NaN,NaN,-2.704392,2.954265,0.09933267,0.02531059,-0.02893579,-0.008795942,0.9992221,-2.850814,2.917483,0.1025629,0.02988097,-0.1360949,0.9902451,7,5.7,-9.971769,86.60666,8,-0.7,-28.06426,215.3413
11.71228,NaN,NaN,NaN,-2.236215,2.96418,0.0982589,0.02569111,-0.0280168,-0.006855402,0.9992537,-2.375213,2.933537,0.1012142,0.03115459,-0.1377407,0.9899783,7,5.7,-9.66817,84.44643,8,-0.7,-27.76066,213.1811
11.73016,NaN,NaN,NaN,-2.000345,2.969085,0.09801548,0.02470776,-0.02790112,-0.00552118,0.9992901,-2.104547,2.947801,0.09966099,0.0283185,-0.139118,0.9898708,7,5.7,-9.43172,82.764,8,-0.7,-27.52421,211.4987
11.75458,NaN,NaN,NaN,-1.52753,2.976217,0.09736188,0.02324609,-0.02744812,-0.003239018,0.9993476,-1.684267,2.947801,0.09966099,0.0283185,-0.139118,0.9898708,7,5.7,-9.109042,80.46803,8,-0.7,-27.20154,209.2027
11.77179,NaN,NaN,NaN,-1.287208,2.978814,0.09702319,0.0222657,-0.02728452,-0.001410772,0.9993788,-1.40888,2.960164,0.09859145,0.02199188,-0.1383618,0.9901376,7,5.7,-8.88156,78.84942,8,-0.7,-26.97405,207.5841
11.79602,NaN,NaN,NaN,-0.8082258,2.982636,0.09668007,0.02164181,-0.02616665,0.001487759,0.9994222,-0.9205101,2.970356,0.09774423,0.02030242,-0.136662,0.9904097,7,5.7,-8.561099,76.56922,8,-0.7,-26.65359,205.3039
11.81342,NaN,NaN,NaN,-0.5657425,2.98467,0.09666319,0.02170741,-0.02535895,0.002957744,0.9994384,-0.7049694,2.970356,0.09774423,0.02030242,-0.136662,0.9904097,7,5.7,-8.331163,74.93314,8,-0.7,-26.42366,203.6678
11.83759,NaN,NaN,NaN,-0.08527657,2.987922,0.09709589,0.01968566,-0.02472093,0.006993478,0.9994761,-0.2142424,2.977946,0.0968498,0.01215629,-0.1356643,0.9906803,7,5.7,-8.011707,72.6601,8,-0.7,-26.1042,201.3948
11.8562,NaN,NaN,NaN,0.154499,2.988448,0.09745991,0.01801086,-0.02469649,0.009307802,0.9994894,-0.001108482,2.977946,0.0968498,0.01215629,-0.1356643,0.9906803,7,5.7,-7.765467,70.908,8,-0.7,-25.85796,199.6427
11.87939,NaN,NaN,NaN,0.6348134,2.988068,0.0981555,0.01654153,-0.02488665,0.0142334,0.9994521,0.4896896,2.983073,0.09661591,0.01093141,-0.1364984,0.99058,7,5.7,-7.459127,68.72829,8,-0.7,-25.55162,197.463
11.89758,NaN,NaN,NaN,0.8714037,2.988639,0.09944002,0.01677965,-0.02496328,0.01615685,0.9994169,0.7637898,2.986259,0.09713626,0.003797566,-0.1324511,0.9911823,7,5.7,-7.218591,67.01678,8,-0.7,-25.31109,195.7514
11.92181,NaN,NaN,NaN,1.34563,2.988766,0.1012023,0.0161445,-0.02433145,0.01863475,0.9993998,1.185324,2.986259,0.09713626,0.003797566,-0.1324511,0.9911823,7,5.7,-6.898203,64.73711,8,-0.7,-24.9907,193.4718
11.93896,NaN,NaN,NaN,1.58107,2.987573,0.1023417,0.01586444,-0.02354599,0.01924967,0.9994115,1.458318,2.98753,0.09819722,0.004184734,-0.1336098,0.9910252,7,5.7,-6.671163,63.12163,8,-0.7,-24.76366,191.8563
11.96283,NaN,NaN,NaN,2.047221,2.98539,0.1047821,0.01550559,-0.02259271,0.02035712,0.9994172,1.936056,2.987758,0.09988308,0.004816351,-0.1322189,0.9912089,7,5.7,-6.355675,60.87682,8,-0.7,-24.44817,189.6115
11.98071,NaN,NaN,NaN,2.278074,2.983791,0.1063303,0.01793317,-0.0228527,0.02137545,0.9993495,2.141259,2.987758,0.09988308,0.004816351,-0.1322189,0.9912089,7,5.7,-6.119593,59.19701,8,-0.7,-24.21209,187.9317
12.00458,NaN,NaN,NaN,2.738591,2.979185,0.1089077,0.01963804,-0.0233787,0.02243423,0.9992821,2.613319,2.986354,0.1024842,0.0008306935,-0.1326639,0.9911608,7,5.7,-5.803631,56.94882,8,-0.7,-23.89613,185.6835
12.02313,NaN,NaN,NaN,2.963151,2.976967,0.1106407,0.02155191,-0.02345399,0.02243896,0.9992407,2.812928,2.986354,0.1024842,0.0008306935,-0.1326639,0.9911608,7,5.7,-5.558539,55.2049,8,-0.7,-23.65104,183.9396
12.04645,NaN,NaN,NaN,3.407387,2.973029,0.1146162,0.02270217,-0.0244144,0.0222426,0.9991966,3.269848,2.983255,0.1055776,-0.001954464,-0.1387073,0.9903315,7,5.7,-5.250398,53.01236,8,-0.7,-23.3429,181.747
12.06433,NaN,NaN,NaN,3.626544,2.969322,0.1165819,0.0225575,-0.0257121,0.02254824,0.9991605,3.525518,2.978514,0.1092331,-0.002659786,-0.1433544,0.9896679,7,5.7,-5.013799,51.32887,8,-0.7,-23.1063,180.0636
12.08881,NaN,NaN,NaN,4.054576,2.964036,0.12065,0.02563372,-0.02771918,0.02178816,0.9990495,3.905992,2.978514,0.1092331,-0.002659786,-0.1433544,0.9896679,7,5.7,-4.69052,49.02862,8,-0.7,-22.78302,177.7633
12.10596,0.05060387,-52.24178,372.0788,4.264793,2.961809,0.1228113,0.02648669,-0.0288263,0.02121432,0.9990082,4.152494,2.972914,0.1134821,-0.01090744,-0.1468228,0.9891027,7,5.7,-4.463359,47.41229,8,-0.7,-22.55586,176.147
12.12988,-0.9422179,-42.53705,303.026,4.681849,2.955793,0.1268574,0.02639319,-0.03027795,0.02119485,0.9989682,4.581361,2.966621,0.1180626,-0.01802991,-0.1485318,0.9887433,7,5.7,-4.147321,45.16356,8,-0.7,-22.23982,173.8982
12.14764,-0.7612931,-42.53705,303.026,4.88539,2.952404,0.1288786,0.02858166,-0.02986969,0.02027716,0.9989393,4.762287,2.966621,0.1180626,-0.01802991,-0.1485318,0.9887433,7,5.7,-3.912137,43.49014,8,-0.7,-22.00463,172.2248
12.17163,NaN,NaN,NaN,5.284894,2.945909,0.1326109,0.03154807,-0.02807412,0.01808094,0.9989442,5.173949,2.960172,0.1229475,-0.01892518,-0.144761,0.9892856,7,5.7,-3.595308,41.23578,8,-0.7,-21.68781,169.9705
12.18988,NaN,NaN,NaN,5.479467,2.942688,0.1347686,0.03186731,-0.02674013,0.01838961,0.9989651,5.346904,2.960172,0.1229475,-0.01892518,-0.144761,0.9892856,7,5.7,-3.353766,39.51712,8,-0.7,-21.44626,168.2518
12.21344,NaN,NaN,NaN,5.863797,2.935791,0.1395663,0.03082689,-0.02563435,0.01946682,0.9990064,5.742983,2.952959,0.1273415,-0.02280616,-0.1417928,0.9896336,7,5.7,-3.042396,37.30161,8,-0.7,-21.13489,166.0363
12.23126,NaN,NaN,NaN,6.049004,2.93191,0.1420662,0.02898392,-0.02541525,0.01940097,0.9990684,5.961231,2.945234,0.1323744,-0.020761,-0.142278,0.989609,7,5.7,-2.806774,35.62507,8,-0.7,-20.89927,164.3597
12.25574,NaN,NaN,NaN,6.411213,2.923273,0.14692,0.0273925,-0.02558308,0.01895739,0.9991176,6.283195,2.945234,0.1323744,-0.020761,-0.142278,0.989609,7,5.7,-2.483416,33.32426,8,-0.7,-20.57591,162.0589
12.27301,NaN,NaN,NaN,6.583244,2.918628,0.1492534,0.02750169,-0.02587831,0.01808865,0.999123,6.487926,2.937015,0.1379005,-0.02017506,-0.1414129,0.9897451,7,5.7,-2.254602,31.69617,8,-0.7,-20.3471,160.4308
12.29706,NaN,NaN,NaN,6.914252,2.909047,0.1537112,0.02766061,-0.02776228,0.01683207,0.99909,6.831592,2.927762,0.1436447,-0.02883841,-0.1399598,0.9897372,7,5.7,-1.937157,29.43742,8,-0.7,-20.02965,158.1721
12.31476,NaN,NaN,NaN,7.072105,2.904049,0.155729,0.02829969,-0.02931621,0.01586489,0.9990435,6.971906,2.927762,0.1436447,-0.02883841,-0.1399598,0.9897372,7,5.7,-1.702703,27.7692,8,-0.7,-19.7952,156.5039
12.33875,NaN,NaN,NaN,7.375774,2.893784,0.1597832,0.03050299,-0.03210876,0.01397322,0.9989212,7.288352,2.917295,0.1492372,-0.03729541,-0.1402469,0.9894139,7,5.7,-1.385349,25.5111,8,-0.7,-19.47785,154.2458
12.35687,NaN,NaN,NaN,7.515895,2.889187,0.1616718,0.03169552,-0.0337476,0.01290003,0.9988444,7.412904,2.917295,0.1492372,-0.03729541,-0.1402469,0.9894139,7,5.7,-1.146056,23.80845,8,-0.7,-19.23855,152.5431
12.38049,NaN,NaN,NaN,7.784578,2.879846,0.1647197,0.03397157,-0.03560628,0.008693005,0.9987505,7.695665,2.905681,0.1545587,-0.04217174,-0.1445229,0.9886024,7,5.7,-0.8336128,21.5853,8,-0.7,-18.92611,150.32
12.39838,-6.046689,-42.1661,300.3866,7.907097,2.875356,0.1658897,0.0355046,-0.03588765,0.006231694,0.9987055,7.845181,2.893806,0.1593884,-0.04571084,-0.1482685,0.9878902,7,5.7,-0.5971329,19.90266,8,-0.7,-18.68963,148.6373
12.42267,-5.839233,-42.1661,300.3867,8.140485,2.866472,0.1679365,0.03706829,-0.03657749,0.002187539,0.9986407,8.052636,2.893806,0.1593884,-0.04571084,-0.1482685,0.9878902,7,5.7,-0.2762167,17.61922,8,-0.7,-18.36871,146.3539
12.44006,NaN,NaN,NaN,8.244878,2.862313,0.1688543,0.0369984,-0.03615951,0.0006539109,0.9986607,8.182456,2.88241,0.1634214,-0.04507049,-0.1441274,0.9885322,7,5.7,-0.04650229,15.98472,8,-0.7,-18.139,144.7194
12.46405,-10.02411,-54.10263,385.3195,8.440506,2.854882,0.1705185,0.03572519,-0.03525402,-0.002402563,0.9987367,8.389523,2.871496,0.1664987,-0.04724115,-0.1461702,0.9881308,7,5.7,0.270758,13.72729,8,-0.7,-17.82174,142.4619
12.48187,-9.949428,-54.10263,385.3195,8.524519,2.851264,0.1709708,0.03531034,-0.03360029,-0.003024318,0.9988068,8.464201,2.871496,0.1664987,-0.04724115,-0.1461702,0.9881308,7,5.7,0.5064331,12.05038,8,-0.7,-17.58606,140.785
12.50586,NaN,NaN,NaN,8.677437,2.84502,0.1719847,0.03421361,-0.03042855,-0.003897863,0.9989436,8.629387,2.861432,0.1688801,-0.04768204,-0.1441259,0.9884099,7,5.7,0.8239179,9.791358,8,-0.7,-17.26858,138.526
12.52368,NaN,NaN,NaN,8.74227,2.842328,0.1727303,0.03245294,-0.02862352,-0.003673576,0.9990566,8.687016,2.861432,0.1688801,-0.04768204,-0.1441259,0.9884099,7,5.7,1.059565,8.114643,8,-0.7,-17.03293,136.8493
12.54755,NaN,NaN,NaN,8.851578,2.837882,0.1739022,0.02853967,-0.02612667,-0.003868765,0.9992437,8.809435,2.852403,0.1706923,-0.0459023,-0.1416381,0.9888537,7,5.7,1.375235,5.868533,8,-0.7,-16.71726,134.6032
12.56537,NaN,NaN,NaN,8.890048,2.835721,0.1740025,0.02628238,-0.0249787,-0.004900788,0.9993304,8.864744,2.844699,0.1724353,-0.04324963,-0.138518,0.9894151,7,5.7,1.610181,4.196801,8,-0.7,-16.48232,132.9315
12.58942,NaN,NaN,NaN,8.95245,2.831835,0.1740282,0.02282784,-0.02322329,-0.004297609,0.9994605,8.920213,2.844699,0.1724353,-0.04324963,-0.138518,0.9894151,7,5.7,1.928553,1.931469,8,-0.7,-16.16394,130.6661
12.60699,NaN,NaN,NaN,8.969395,2.829921,0.1737249,0.02174705,-0.02243555,-0.003375466,0.9995061,8.951263,2.838551,0.173467,-0.04924643,-0.1361964,0.9894571,7,5.7,2.160866,0.2784792,8,-0.7,-15.93163,129.0131
12.63104,NaN,NaN,NaN,8.985851,2.826461,0.1728424,0.02105308,-0.02054814,-0.002677112,0.9995637,8.977041,2.833412,0.1739142,-0.05244843,-0.1363718,0.9892684,8,-0.7,-15.6135,126.7495,9,5.7,-33.70593,255.4839
12.64886,NaN,NaN,NaN,8.982535,2.825163,0.1722856,0.02117432,-0.01986076,-0.00250713,0.9995754,8.974094,2.833412,0.1739142,-0.05244843,-0.1363718,0.9892684,8,-0.7,-15.37764,125.0713,9,5.7,-33.47007,253.8057
12.67285,NaN,NaN,NaN,8.957417,2.822409,0.1705559,0.0206311,-0.01846361,-0.002162097,0.9996144,8.958416,2.828819,0.1738288,-0.04938268,-0.1416233,0.9886881,8,-0.7,-15.06053,122.815,9,5.7,-33.15296,251.5494
12.69055,NaN,NaN,NaN,8.930241,2.821217,0.1692019,0.02043105,-0.01757686,-0.002510997,0.9996337,8.934258,2.828819,0.1738288,-0.04938268,-0.1416233,0.9886881,8,-0.7,-14.8267,121.1511,9,5.7,-32.91912,249.8855
12.71484,NaN,NaN,NaN,8.861989,2.819249,0.1664033,0.01963732,-0.01622514,-0.002336825,0.9996728,8.875389,2.824916,0.1728138,-0.05175735,-0.1402107,0.988768,8,-0.7,-14.50536,118.8647,9,5.7,-32.59779,247.5991
12.7323,NaN,NaN,NaN,8.814205,2.818783,0.1648419,0.01817119,-0.01555014,-0.001879888,0.9997123,8.829741,2.82166,0.1705812,-0.04797155,-0.1404095,0.9889307,8,-0.7,-14.27453,117.2222,9,5.7,-32.36695,245.9566
12.75659,NaN,NaN,NaN,8.703132,2.81825,0.1615934,0.01577651,-0.01451981,-0.001353062,0.9997693,8.73101,2.82166,0.1705812,-0.04797155,-0.1404095,0.9889307,8,-0.7,-13.9537,114.9394,9,5.7,-32.04613,243.6739
12.77417,NaN,NaN,NaN,8.63526,2.818729,0.1601989,0.0148606,-0.01365463,-0.002314011,0.9997936,8.663058,2.819149,0.1675197,-0.01195669,-0.1443731,0.9894511,8,-0.7,-13.72164,113.2882,9,5.7,-31.81407,242.0226
12.7981,NaN,NaN,NaN,8.483799,2.821128,0.1575518,0.01279957,-0.01137843,-0.005720015,0.999837,8.516577,2.817787,0.1642449,-0.008767873,-0.1450266,0.9893889,8,-0.7,-13.40486,111.0342,9,5.7,-31.49729,239.7687
12.81592,NaN,NaN,NaN,8.393357,2.822938,0.1558417,0.01071163,-0.009977084,-0.007891488,0.9998617,8.436186,2.817787,0.1642449,-0.008767873,-0.1450266,0.9893889,8,-0.7,-13.16947,109.3593,9,5.7,-31.2619,238.0938
12.83997,NaN,NaN,NaN,8.195989,2.829134,0.1527497,0.009574031,-0.00697298,-0.01310598,0.999844,8.244352,2.81828,0.160692,-0.00821788,-0.1446184,0.9894534,8,-0.7,-12.85154,107.0971,9,5.7,-30.94397,235.8316
12.85797,NaN,NaN,NaN,8.085406,2.832848,0.1511517,0.008829841,-0.005673286,-0.01415112,0.9998448,8.146056,2.81828,0.160692,-0.00821788,-0.1446184,0.9894534,8,-0.7,-12.61329,105.4019,9,5.7,-30.70572,234.1363
12.88165,NaN,NaN,NaN,7.848432,2.841238,0.1475446,0.008920508,-0.003082927,-0.01584749,0.9998299,7.914314,2.821601,0.1569408,-0.005982521,-0.1411556,0.9899694,8,-0.7,-12.30015,103.1738,9,5.7,-30.39258,231.9082
12.89966,NaN,NaN,NaN,7.719209,2.846143,0.1457341,0.01066913,-0.001873367,-0.01665053,0.9998028,7.774028,2.827852,0.1532733,-0.005190462,-0.1378458,0.9904401,8,-0.7,-12.06252,101.483,9,5.7,-30.15495,230.2174
12.92371,NaN,NaN,NaN,7.443167,2.856141,0.1409843,0.0142209,0.0006925501,-0.01897099,0.9997187,7.528657,2.827852,0.1532733,-0.005190462,-0.1378458,0.9904401,8,-0.7,-11.74431,99.21878,9,5.7,-29.83674,227.9532
12.94153,NaN,NaN,NaN,7.293455,2.861402,0.1380729,0.01632594,0.001103167,-0.01931963,0.9996795,7.365997,2.836753,0.1494415,-0.006439287,-0.1396776,0.9901761,8,-0.7,-11.5087,97.54234,9,5.7,-29.60113,226.2768
12.96527,NaN,NaN,NaN,6.979297,2.872502,0.1319968,0.01859156,0.001204856,-0.02141778,0.999597,7.052459,2.847871,0.1443056,-0.001964116,-0.1431633,0.9896972,8,-0.7,-11.19483,95.30907,9,5.7,-29.28726,224.0435
12.98322,NaN,NaN,NaN,6.81146,2.878052,0.1288369,0.0177684,0.0005860999,-0.02276969,0.9995826,6.903271,2.847871,0.1443056,-0.001964116,-0.1431633,0.9896972,8,-0.7,-10.95771,93.62182,9,5.7,-29.05013,222.3563
13.00702,6.675911,-49.80068,354.7094,6.470247,2.88934,0.1227742,0.01481373,-0.0004043803,-0.02461451,0.9995872,6.561609,2.860276,0.1380323,0.000318862,-0.1469086,0.98915,8,-0.7,-10.64266,91.38013,9,5.7,-28.73508,220.1146
13.02472,6.517966,-49.80074,354.7099,6.292558,2.895015,0.1200412,0.01263842,-0.0006742813,-0.02505474,0.999606,6.403664,2.860276,0.1380323,0.000318862,-0.1469086,0.98915,8,-0.7,-10.409,89.71758,9,5.7,-28.50143,218.452
13.04858,NaN,NaN,NaN,5.927763,2.90642,0.1142338,0.009473344,-0.001449827,-0.02561995,0.9996259,6.037533,2.873252,0.1312133,0.0009280986,-0.1440175,0.9895747,8,-0.7,-10.09298,87.46896,9,5.7,-28.18541,216.2034
13.06653,NaN,NaN,NaN,5.739026,2.911742,0.1114459,0.008457056,-0.002369706,-0.02522365,0.9996433,5.82467,2.886796,0.1239799,0.003341485,-0.1394991,0.9902166,8,-0.7,-9.856025,85.78294,9,5.7,-27.94845,214.5174
13.09039,NaN,NaN,NaN,5.354954,2.921835,0.1060561,0.008210844,-0.004320052,-0.02541237,0.999634,5.483273,2.886796,0.1239799,0.003341485,-0.1394991,0.9902166,8,-0.7,-9.540216,83.53584,9,5.7,-27.63264,212.2703
13.10852,5.580724,-42.16516,300.3799,5.158302,2.926626,0.1036243,0.009231444,-0.005211886,-0.02574864,0.9996123,5.260768,2.900409,0.1168287,0.001053775,-0.1484244,0.9889232,8,-0.7,-9.300957,81.83342,9,5.7,-27.39338,210.5679
13.13214,5.157682,-53.40591,380.3621,4.762228,2.936452,0.09975694,0.01063046,-0.006348964,-0.02635601,0.9995759,4.858814,2.913295,0.1101458,0.0007774886,-0.1465119,0.9892086,8,-0.7,-8.988436,79.60972,9,5.7,-27.08086,208.3442
13.15015,4.980456,-53.40591,380.3621,4.562849,2.941157,0.09839361,0.01041626,-0.00730509,-0.02509505,0.9996042,4.681588,2.913295,0.1101458,0.0007774886,-0.1465119,0.9892086,8,-0.7,-8.750185,77.91447,9,5.7,-26.84261,206.6489
13.17401,3.943048,-48.67801,346.7212,4.163218,2.950393,0.09585007,0.009760499,-0.01003874,-0.02226747,0.999654,4.274753,2.925333,0.1045492,-0.000946551,-0.1472542,0.9890983,8,-0.7,-8.435199,75.67323,9,5.7,-26.52762,204.4077
13.19196,3.352856,-50.8123,361.9075,3.960966,2.954715,0.09483717,0.009848643,-0.01136534,-0.02251188,0.9996336,4.042434,2.936925,0.09976459,-0.001885232,-0.1469445,0.989143,8,-0.7,-8.197427,73.9814,9,5.7,-26.28985,202.7158
13.21594,2.993914,-50.8123,361.9075,3.557156,2.962046,0.09295319,0.01207746,-0.01212683,-0.02572958,0.9995224,3.683491,2.936925,0.09976459,-0.001885232,-0.1469445,0.989143,8,-0.7,-7.880709,71.72783,9,5.7,-25.97313,200.4623
13.23376,3.141936,-55.12536,392.5966,3.353347,2.964958,0.0924667,0.01497439,-0.01105036,-0.02892573,0.9994083,3.449109,2.947932,0.09630609,-0.0007741791,-0.1463639,0.9892305,8,-0.7,-7.644404,70.04643,9,5.7,-25.73683,198.7809
13.25751,2.775376,-55.12536,392.5966,2.940967,2.969052,0.09123605,0.01894327,-0.009404223,-0.03430645,0.9991876,3.082549,2.947932,0.09630609,-0.0007741791,-0.1463639,0.9892305,8,-0.7,-7.330551,67.81326,9,5.7,-25.42298,196.5477
13.27557,4.554946,-36.64139,261.0762,2.73322,2.970993,0.09112956,0.01985766,-0.008510512,-0.0358014,0.9991254,2.84395,2.957334,0.0937444,0.006481653,-0.1500093,0.9886633,8,-0.7,-7.09239,66.11864,9,5.7,-25.18481,194.8531
13.29926,NaN,NaN,NaN,2.323124,2.975215,0.09170879,0.0207317,-0.007541165,-0.03761773,0.9990487,2.425047,2.964388,0.09199679,0.01200934,-0.1428216,0.9896756,8,-0.7,-6.779111,63.88955,9,5.7,-24.87154,192.624
13.31726,NaN,NaN,NaN,2.117668,2.975851,0.09214787,0.02012632,-0.007576738,-0.03656314,0.9991,2.242419,2.964388,0.09199679,0.01200934,-0.1428216,0.9896756,8,-0.7,-6.541064,62.19576,9,5.7,-24.63349,190.9302
13.34094,7.231194,-51.96369,370.1002,1.706,2.976699,0.09335203,0.02008099,-0.007151813,-0.03970964,0.9989839,1.821974,2.969909,0.09139729,0.01445915,-0.1468406,0.9890545,8,-0.7,-6.227449,59.96427,9,5.7,-24.31988,188.6987
13.35901,NaN,NaN,NaN,1.498545,2.97648,0.0941875,0.02053691,-0.007163063,-0.04220827,0.9988721,1.582909,2.973677,0.09190536,0.01569624,-0.1443464,0.9894028,8,-0.7,-5.988509,58.26412,9,5.7,-24.08093,186.9985
13.38263,NaN,NaN,NaN,1.084183,2.975516,0.09603813,0.02314965,-0.007293925,-0.04566261,0.998662,1.214586,2.973677,0.09190536,0.01569624,-0.1443464,0.9894028,8,-0.7,-5.676362,56.04308,9,5.7,-23.76879,184.7775
13.4007,8.14257,-51.77503,368.7578,0.8781967,2.974812,0.09691577,0.02448662,-0.007898592,-0.046581,0.9985831,0.9763858,2.975233,0.09347153,0.0192238,-0.1468715,0.9889687,8,-0.7,-5.437943,54.34664,9,5.7,-23.53037,183.0811
13.42474,7.781823,-51.7751,368.7583,0.4723459,2.971968,0.09868945,0.02558815,-0.00945634,-0.04778552,0.998485,0.6156296,2.975233,0.09347153,0.0192238,-0.1468715,0.9889687,8,-0.7,-5.120157,52.08548,9,5.7,-23.21258,180.8199
13.44226,6.465553,-30.62807,218.2892,0.2723736,2.968812,0.09956783,0.02788039,-0.01088029,-0.04721878,0.9984362,0.3830281,2.974931,0.09529567,0.02754141,-0.152153,0.9879732,8,-0.7,-4.888296,50.4357,9,5.7,-22.98072,179.1701
13.46619,6.779167,-36.98286,263.506,-0.1175717,2.963951,0.1011908,0.03266409,-0.01182726,-0.04533778,0.9983675,-0.01809697,2.972857,0.09738481,0.02550486,-0.1499229,0.9883687,8,-0.7,-4.571533,48.18181,9,5.7,-22.66396,176.9162
13.48401,6.608904,-36.98285,263.506,-0.3091176,2.960817,0.1024857,0.03492489,-0.01303137,-0.0428463,0.998386,-0.1883599,2.972857,0.09738481,0.02550486,-0.1499229,0.9883687,8,-0.7,-4.336092,46.50656,9,5.7,-22.42852,175.241
13.508,8.264027,-34.25697,244.1103,-0.6833601,2.953512,0.1044138,0.03509954,-0.01540554,-0.04216377,0.9983752,-0.5745741,2.968239,0.09952295,0.03578494,-0.1507142,0.9879295,8,-0.7,-4.019219,44.25189,9,5.7,-22.11164,172.9863
13.5257,8.120705,-30.52889,217.5835,-0.8619628,2.949825,0.1054466,0.03473603,-0.01644385,-0.04363656,0.9983081,-0.7854515,2.961633,0.1019112,0.04044111,-0.1520739,0.9875414,8,-0.7,-3.784989,42.58526,9,5.7,-21.87741,171.3197
13.54974,7.813997,-30.52893,217.5838,-1.207023,2.943768,0.1078099,0.03444684,-0.01782387,-0.04513546,0.9982277,-1.092171,2.961633,0.1019112,0.04044111,-0.1520739,0.9875414,8,-0.7,-3.466863,40.32167,9,5.7,-21.55929,169.0561
13.56738,NaN,NaN,NaN,-1.367151,2.938985,0.108013,0.03495896,-0.01955455,-0.04204549,0.9983125,-1.284261,2.9537,0.1041952,0.03898361,-0.1403927,0.9893281,8,-0.7,-3.233705,38.66267,9,5.7,-21.32613,167.3971
13.5918,NaN,NaN,NaN,-1.680687,2.929314,0.1080607,0.04232833,-0.02260869,-0.03810488,0.9981209,-1.610015,2.945313,0.106478,0.03818431,-0.1419916,0.9891312,8,-0.7,-2.911291,36.36858,9,5.7,-21.00372,165.103
13.60925,NaN,NaN,NaN,-1.832188,2.924951,0.1082197,0.04632656,-0.02403631,-0.03858217,0.9978915,-1.744682,2.945313,0.106478,0.03818431,-0.1419916,0.9891312,8,-0.7,-2.680061,34.72329,9,5.7,-20.77249,163.4577
13.6333,8.591843,-32.90465,234.488,-2.120068,2.916023,0.1082529,0.04871114,-0.02705979,-0.03925085,0.9976745,-2.04466,2.93551,0.1074193,0.0448148,-0.1510054,0.9875166,8,-0.7,-2.362125,32.46106,9,5.7,-20.45455,161.1954
13.6507,8.471841,-32.90465,234.488,-2.255069,2.910842,0.1081882,0.04773809,-0.02859096,-0.03940018,0.997673,-2.164661,2.93551,0.1074193,0.0448148,-0.1510054,0.9875166,8,-0.7,-2.13205,30.82399,9,5.7,-20.22447,159.5584
13.67493,6.612278,-29.75195,212.0553,-2.507542,2.899485,0.1075191,0.04814941,-0.03021794,-0.03976315,0.9975908,-2.430044,2.924783,0.1078855,0.04212744,-0.1522382,0.9874457,8,-0.7,-1.811824,28.54546,9,5.7,-19.90425,157.2799
13.69257,NaN,NaN,NaN,-2.622068,2.89328,0.1071106,0.04824119,-0.0301895,-0.03887593,0.9976222,-2.569717,2.913203,0.1080135,0.03827047,-0.1425562,0.9890466,8,-0.7,-1.578788,26.88732,9,5.7,-19.67121,155.6217
13.7168,NaN,NaN,NaN,-2.839319,2.882005,0.1068934,0.04557336,-0.03139672,-0.03620073,0.9978111,-2.762829,2.913203,0.1080135,0.03827047,-0.1425562,0.9890466,8,-0.7,-1.258364,24.60739,9,5.7,-19.35079,153.3418
13.7345,NaN,NaN,NaN,-2.937386,2.875978,0.1064701,0.04227921,-0.03203572,-0.03569398,0.997954,-2.884305,2.900139,0.1075122,0.05293805,-0.1410768,0.9885823,8,-0.7,-1.024108,22.94057,9,5.7,-19.11653,151.675
13.75861,NaN,NaN,NaN,-3.116007,2.864053,0.106183,0.03969366,-0.03353633,-0.03515555,0.99803,-3.073645,2.886196,0.1064317,0.0502996,-0.1364749,0.9893658,8,-0.7,-0.7057689,20.67547,9,5.7,-18.79819,149.4099
13.77655,NaN,NaN,NaN,-3.191472,2.85888,0.1062585,0.03803078,-0.03392304,-0.035792,0.998059,-3.140724,2.886196,0.1064317,0.0502996,-0.1364749,0.9893658,8,-0.7,-0.4687524,18.98901,9,5.7,-18.56118,147.7234
13.80035,NaN,NaN,NaN,-3.327647,2.849178,0.1066868,0.03632341,-0.0349623,-0.03545479,0.9980988,-3.288314,2.872318,0.1061937,0.06050803,-0.1345039,0.989064,8,-0.7,-0.1538417,16.7483,9,5.7,-18.24627,145.4827
13.81842,NaN,NaN,NaN,-3.384295,2.844202,0.1065378,0.03799953,-0.03538332,-0.03670794,0.9979763,-3.338668,2.872318,0.1061937,0.06050803,-0.1345039,0.989064,8,-0.7,0.08517589,15.04761,9,5.7,-18.00725,143.782
13.84204,20.72186,-46.40836,364.1747,-3.477981,2.834478,0.10543,0.04287282,-0.03564839,-0.03892625,0.9976853,-3.444235,2.859274,0.1063353,0.0656365,-0.1338137,0.9888306,8,-0.7,0.3973039,12.8267,9,5.7,-17.69512,141.5611
13.85999,21.22225,-46.69197,360.9105,-3.513277,2.830583,0.1045387,0.04552133,-0.03546182,-0.03953512,0.9975507,-3.493757,2.846979,0.1061502,0.06771006,-0.1357131,0.9884318,8,-0.7,0.6346358,11.138,9,5.7,-17.45779,139.8724
13.88379,21.07264,-46.48498,359.4029,-3.565395,2.823294,0.102718,0.04679109,-0.03644032,-0.03870479,0.9974892,-3.540083,2.846979,0.1061502,0.06771006,-0.1357131,0.9884318,8,-0.7,0.9493193,8.898907,9,5.7,-17.14311,137.6333
13.90173,22.98368,-49.00955,358.4728,-3.578458,2.820437,0.1017307,0.04590695,-0.03749139,-0.03860016,0.9974954,-3.565204,2.835658,0.1051584,0.07312322,-0.1427965,0.9870472,8,-0.7,1.186905,7.2084,9,5.7,-16.90552,135.9428
13.92566,NaN,NaN,NaN,-3.587961,2.81605,0.09981117,0.04359717,-0.04001216,-0.03911982,0.9974808,-3.582423,2.826073,0.1035016,0.07677395,-0.1424407,0.9868214,8,-0.7,1.502728,4.961201,9,5.7,-16.5897,133.6956
13.94354,NaN,NaN,NaN,-3.580145,2.813968,0.09870766,0.03937799,-0.04142812,-0.03915725,0.9975971,-3.575476,2.826073,0.1035016,0.07677395,-0.1424407,0.9868214,8,-0.7,1.739442,3.276893,9,5.7,-16.35299,132.0113
13.96741,22.64154,-47.05573,353.3321,-3.552312,2.810739,0.09626132,0.03421959,-0.04331695,-0.04149859,0.9976124,-3.5551,2.818701,0.1013073,0.0732374,-0.139433,0.9875195,8,-0.7,2.054694,1.033756,9,5.7,-16.03773,129.7682
13.98523,NaN,NaN,NaN,-3.524193,2.809559,0.09487993,0.03282176,-0.04356719,-0.04336625,0.9975691,-3.530105,2.818701,0.1013073,0.0732374,-0.139433,0.9875195,9,5.7,-15.80165,128.0884,10,-0.7,-33.89424,256.8239
14.00934,NaN,NaN,NaN,-3.451319,2.808135,0.09222035,0.02978418,-0.04353791,-0.04347857,0.9976608,-3.465466,2.81354,0.09876812,0.067958,-0.1296455,0.9892288,9,5.7,-15.48338,125.8237,10,-0.7,-33.57597,254.5592
14.02704,NaN,NaN,NaN,-3.402504,2.807886,0.09084357,0.02846728,-0.04297812,-0.04126933,0.9978173,-3.417826,2.809772,0.0958904,0.02869524,-0.1210161,0.9922357,9,5.7,-15.24868,124.1537,10,-0.7,-33.34126,252.8892
14.05103,NaN,NaN,NaN,-3.288301,2.807692,0.08779921,0.02557407,-0.04079338,-0.03618101,0.9981849,-3.316312,2.809772,0.0958904,0.02869524,-0.1210161,0.9922357,9,5.7,-14.93219,121.9018,10,-0.7,-33.02478,250.6373
14.06879,NaN,NaN,NaN,-3.219227,2.807737,0.08590373,0.02434831,-0.03823723,-0.03434643,0.9983814,-3.246198,2.807586,0.09273386,0.02643579,-0.1183454,0.9926205,9,5.7,-14.69718,120.2297,10,-0.7,-32.78977,248.9651
14.09265,NaN,NaN,NaN,-3.072308,2.81007,0.08320555,0.01834199,-0.03275768,-0.03255664,0.9987646,-3.102494,2.80676,0.08917069,0.03088643,-0.1188262,0.9924346,9,5.7,-14.38136,117.9825,10,-0.7,-32.47395,246.718
14.11078,NaN,NaN,NaN,-2.9889,2.812132,0.08250871,0.01221467,-0.02992989,-0.03197692,0.9989657,-3.028353,2.80676,0.08917069,0.03088643,-0.1188262,0.9924346,9,5.7,-14.14218,116.2806,10,-0.7,-32.23476,245.0161
14.13446,NaN,NaN,NaN,-2.809377,2.817847,0.08137478,0.002236067,-0.02656852,-0.02758382,0.9992639,-2.851675,2.807657,0.0855329,0.03156874,-0.1095493,0.9934799,9,5.7,-13.82864,114.0497,10,-0.7,-31.92123,242.7852
14.15253,NaN,NaN,NaN,-2.710565,2.821503,0.08118478,-0.001103177,-0.02669584,-0.02457802,0.9993408,-2.763842,2.807657,0.0855329,0.03156874,-0.1095493,0.9934799,9,5.7,-13.58998,112.3515,10,-0.7,-31.68257,241.087
14.17639,NaN,NaN,NaN,-2.501297,2.829115,0.08068618,-0.002215069,-0.02726075,-0.02180506,0.9993881,-2.557124,2.811325,0.08295882,0.03317696,-0.106474,0.9937618,9,5.7,-13.27428,110.1051,10,-0.7,-31.36686,238.8406
14.1944,NaN,NaN,NaN,-2.385374,2.833405,0.08078445,-3.907684E-05,-0.02789273,-0.0216943,0.9993755,-2.430066,2.817877,0.08152282,0.02474021,-0.1110916,0.9935022,9,5.7,-13.03614,108.4107,10,-0.7,-31.12873,237.1462
14.21814,NaN,NaN,NaN,-2.142882,2.84414,0.08179882,0.004115432,-0.02832706,-0.01988168,0.9993926,-2.214517,2.817877,0.08152282,0.02474021,-0.1110916,0.9935022,9,5.7,-12.72246,106.1787,10,-0.7,-30.81504,234.9142
14.23596,NaN,NaN,NaN,-2.009853,2.850066,0.08215902,0.007643706,-0.02871763,-0.01895562,0.9993786,-2.069113,2.826869,0.08145225,0.01952986,-0.1294847,0.9913891,9,5.7,-12.48695,104.5031,10,-0.7,-30.57954,233.2386
14.25977,NaN,NaN,NaN,-1.73069,2.862391,0.08277817,0.01189158,-0.02889004,-0.01742128,0.99936,-1.790235,2.838041,0.0817529,0.01951281,-0.1343309,0.9907444,9,5.7,-12.17179,102.2605,10,-0.7,-30.26437,230.996
14.27777,NaN,NaN,NaN,-1.578785,2.868626,0.08304196,0.01298301,-0.02845906,-0.01506662,0.9993971,-1.655208,2.838041,0.0817529,0.01951281,-0.1343309,0.9907444,9,5.7,-11.93429,100.5706,10,-0.7,-30.02687,229.3061
14.30157,NaN,NaN,NaN,-1.263998,2.881248,0.08330274,0.01489939,-0.02720234,-0.00954153,0.9994734,-1.340912,2.851328,0.08229101,0.01795705,-0.1423154,0.9896585,9,5.7,-11.61907,98.32773,10,-0.7,-29.71165,227.0632
14.31946,NaN,NaN,NaN,-1.095277,2.886794,0.08313946,0.0149543,-0.02623056,-0.00643544,0.9995233,-1.190937,2.851328,0.08229101,0.01795705,-0.1423154,0.9896585,9,5.7,-11.38286,96.64703,10,-0.7,-29.47544,225.3825
14.34338,NaN,NaN,NaN,-0.7472363,2.898889,0.08254237,0.01739871,-0.02301096,-0.00326067,0.9995785,-0.8432531,2.865877,0.08285713,0.01727286,-0.1399743,0.9900045,9,5.7,-11.06681,94.39822,10,-0.7,-29.15939,223.1337
14.36102,NaN,NaN,NaN,-0.5645179,2.904979,0.08233844,0.01796964,-0.02001378,-0.002056734,0.9996361,-0.6387954,2.880524,0.08283699,0.01809683,-0.1378563,0.9902869,9,5.7,-10.83308,92.73512,10,-0.7,-28.92566,221.4706
14.38501,NaN,NaN,NaN,-0.1902408,2.916722,0.08155433,0.0189297,-0.01464852,0.002155495,0.9997112,-0.3061047,2.880524,0.08283699,0.01809683,-0.1378563,0.9902869,9,5.7,-10.51575,90.47725,10,-0.7,-28.60834,219.2128
14.40271,NaN,NaN,NaN,0.003504639,2.922553,0.08088325,0.02104445,-0.01212834,0.004962819,0.9996927,-0.08844191,2.895106,0.08262074,0.02023336,-0.1311649,0.9911541,9,5.7,-10.2819,88.81326,10,-0.7,-28.37448,217.5488
14.42682,NaN,NaN,NaN,0.3966146,2.933744,0.07974064,0.02271754,-0.007588923,0.009312709,0.9996698,0.3094618,2.909419,0.08194649,0.03050892,-0.1348716,0.9903933,9,5.7,-9.96326,86.54605,10,-0.7,-28.05584,215.2816
14.44476,NaN,NaN,NaN,0.5976229,2.939045,0.07908112,0.02376089,-0.005207509,0.01172028,0.9996355,0.4881358,2.909419,0.08194649,0.03050892,-0.1348716,0.9903933,9,5.7,-9.726189,84.85921,10,-0.7,-27.81877,213.5947
14.46857,NaN,NaN,NaN,1.004108,2.950237,0.07825887,0.02502461,-0.002714358,0.01544282,0.9995639,0.9002838,2.923415,0.08095157,0.01928249,-0.1393294,0.9900584,9,5.7,-9.411647,82.62112,10,-0.7,-27.50423,211.3566
14.48633,NaN,NaN,NaN,1.208712,2.955508,0.07769477,0.02507169,-0.001879275,0.01711168,0.9995374,1.082155,2.923415,0.08095157,0.01928249,-0.1393294,0.9900584,9,5.7,-9.176184,80.94572,10,-0.7,-27.26877,209.6812
14.51025,NaN,NaN,NaN,1.6242,2.964672,0.07637327,0.02679939,-0.001045581,0.02186327,0.9994012,1.504162,2.936857,0.07970107,0.01430595,-0.1434002,0.9895614,9,5.7,-8.860238,78.69765,10,-0.7,-26.95282,207.4332
14.52802,NaN,NaN,NaN,1.838001,2.968395,0.07571337,0.02864141,-0.0008464456,0.0244451,0.9992905,1.748237,2.949645,0.07822323,0.01673446,-0.1455926,0.9892031,9,5.7,-8.625744,77.02914,10,-0.7,-26.71833,205.7646
14.552,NaN,NaN,NaN,2.270691,2.973601,0.07471564,0.03093646,-0.0003859923,0.02880733,0.9991061,2.132851,2.949645,0.07822323,0.01673446,-0.1455926,0.9892031,9,5.7,-8.308379,74.77097,10,-0.7,-26.40097,203.5065
14.5697,NaN,NaN,NaN,2.487173,2.976137,0.07455058,0.03288187,0.0001341887,0.02917468,0.9990333,2.380503,2.960883,0.07670939,0.01709448,-0.1427509,0.989611,9,5.7,-8.073872,73.10237,10,-0.7,-26.16646,201.8379
14.59381,NaN,NaN,NaN,2.92302,2.97992,0.07424432,0.03266002,0.001729336,0.02717029,0.9990957,2.824435,2.969265,0.0751214,0.006089628,-0.1429698,0.9897083,9,5.7,-7.755061,70.83392,10,-0.7,-25.84765,199.5694
14.61151,NaN,NaN,NaN,3.143423,2.98056,0.07431901,0.03306954,0.002534091,0.02494685,0.9991385,3.020349,2.969265,0.0751214,0.006089628,-0.1429698,0.9897083,9,5.7,-7.521238,69.17018,10,-0.7,-25.61383,197.9057
14.6355,NaN,NaN,NaN,3.57911,2.98132,0.07462263,0.03590725,0.003288891,0.02075635,0.9991342,3.465253,2.975437,0.07441771,-0.0004188501,-0.142631,0.9897758,9,5.7,-7.204206,66.91438,10,-0.7,-25.29679,195.6499
14.6535,NaN,NaN,NaN,3.795514,2.98068,0.07500744,0.03729365,0.002577748,0.01817944,0.9991357,3.657612,2.975437,0.07441771,-0.0004188501,-0.142631,0.9897758,9,5.7,-6.965994,65.21941,10,-0.7,-25.05858,193.9549
14.67731,NaN,NaN,NaN,4.224274,2.980852,0.07617664,0.03748203,0.001542892,0.01407718,0.9991969,4.096862,2.978918,0.07429814,-0.005421283,-0.1433172,0.9896619,9,5.7,-6.651853,62.98418,10,-0.7,-24.74444,191.7197
14.69525,NaN,NaN,NaN,4.437256,2.979161,0.077025,0.03701797,0.0005133451,0.01342914,0.9992243,4.344062,2.979933,0.0747149,-0.005910503,-0.1465049,0.9891923,9,5.7,-6.414565,61.29579,10,-0.7,-24.50715,190.0313
14.71906,2.398943,-54.57927,388.7109,4.861394,2.976969,0.07899655,0.03928237,-0.0006270334,0.01163114,0.9991602,4.721074,2.979933,0.0747149,-0.005910503,-0.1465049,0.9891923,9,5.7,-6.099736,59.05567,10,-0.7,-24.19232,187.7912
14.73688,1.157555,-54.91777,391.1195,5.073243,2.974789,0.08012913,0.03887513,-0.0009065606,0.01075746,0.9991858,4.966686,2.979275,0.07575154,-0.009635447,-0.1464543,0.9891705,9,5.7,-5.863826,57.37708,10,-0.7,-23.95641,186.1126
14.7608,1.661697,-49.81006,354.7762,5.488518,2.969604,0.08282085,0.03971755,-0.00148328,0.009960938,0.9991602,5.392623,2.977,0.07780063,-0.01040344,-0.1471933,0.9890531,9,5.7,-5.547784,55.12833,10,-0.7,-23.64037,183.8638
14.77887,1.841564,-49.81,354.7757,5.690864,2.967455,0.08464567,0.03964896,-0.001806993,0.01023994,0.9991596,5.572486,2.977,0.07780063,-0.01040344,-0.1471933,0.9890531,9,5.7,-5.308925,53.42876,10,-0.7,-23.40151,182.1643
14.80261,NaN,NaN,NaN,6.090044,2.961828,0.08829477,0.03823891,-0.003301248,0.01068185,0.9992061,5.98336,2.972711,0.08058941,-0.01590491,-0.1442157,0.9894184,9,5.7,-4.994905,51.19439,10,-0.7,-23.08749,179.9299
14.82104,NaN,NaN,NaN,6.284511,2.958452,0.09026192,0.03720918,-0.004572611,0.01170103,0.9992285,6.156219,2.972711,0.08058941,-0.01590491,-0.1442157,0.9894184,9,5.7,-4.750995,49.45887,10,-0.7,-22.84358,178.1944
14.8443,NaN,NaN,NaN,6.671658,2.950627,0.09412652,0.03534429,-0.006634135,0.01295929,0.9992691,6.554975,2.967361,0.08403623,-0.01834351,-0.1441165,0.9893907,9,5.7,-4.443491,47.27087,10,-0.7,-22.53608,176.0064
14.86218,-1.981275,-55.6391,396.252,6.858568,2.947616,0.09625809,0.0347179,-0.007425312,0.01319601,0.9992825,6.774351,2.960344,0.08828723,-0.02185792,-0.1462902,0.9890002,9,5.7,-4.207117,45.58898,10,-0.7,-22.2997,174.3245
14.88623,-1.659071,-55.63903,396.2515,7.221034,2.939997,0.1002423,0.03520764,-0.009666391,0.01258596,0.999254,7.096543,2.960344,0.08828723,-0.02185792,-0.1462902,0.9890002,9,5.7,-3.889187,43.32679,10,-0.7,-21.98177,172.0623
14.90393,NaN,NaN,NaN,7.394962,2.93637,0.102251,0.03611727,-0.01063641,0.01137522,0.9992262,7.302855,2.952061,0.09302092,-0.02644884,-0.1435254,0.9892931,9,5.7,-3.6552,41.66189,10,-0.7,-21.74779,170.3974
14.92786,NaN,NaN,NaN,7.729592,2.929376,0.1060402,0.03769209,-0.01093292,0.008183171,0.9991962,7.649834,2.943362,0.09784138,-0.02881865,-0.1432694,0.9892641,9,5.7,-3.338912,39.41138,10,-0.7,-21.4315,168.1469
14.94568,NaN,NaN,NaN,7.88585,2.926246,0.1077827,0.03740508,-0.01058807,0.005955811,0.9992263,7.78873,2.943362,0.09784138,-0.02881865,-0.1432694,0.9892641,9,5.7,-3.102997,37.73276,10,-0.7,-21.19559,166.4683
14.9696,-2.629438,-46.75478,333.0368,8.187216,2.918619,0.1112755,0.03585855,-0.01023166,0.002862959,0.9993004,8.103338,2.934831,0.1023376,-0.03186756,-0.1475375,0.988543,9,5.7,-2.7868,35.48291,10,-0.7,-20.87939,164.2184
14.98816,-2.503182,-46.75472,333.0363,8.329238,2.914272,0.1130125,0.03414961,-0.009704366,0.001459705,0.9993685,8.22958,2.934831,0.1023376,-0.03186756,-0.1475375,0.988543,9,5.7,-2.541195,33.73533,10,-0.7,-20.63378,162.4708
15.01141,-3.019755,-48.9536,348.6822,8.601001,2.904952,0.1166199,0.0303114,-0.008315939,0.0008207645,0.9995056,8.514845,2.926235,0.1069555,-0.03271266,-0.1471336,0.9885755,9,5.7,-2.234022,31.54968,10,-0.7,-20.32661,160.2852
15.02942,NaN,NaN,NaN,8.727279,2.899484,0.1181126,0.0276418,-0.007648152,0.001928466,0.9995868,8.667439,2.916937,0.1113149,-0.03239267,-0.1426795,0.9892387,9,5.7,-1.995816,29.85476,10,-0.7,-20.0884,158.5903
15.05377,NaN,NaN,NaN,8.963221,2.887678,0.1210317,0.0253103,-0.006680854,0.004140131,0.9996487,8.877165,2.916937,0.1113149,-0.03239267,-0.1426795,0.9892387,9,5.7,-1.674147,27.56597,10,-0.7,-19.76674,156.3015
15.07111,NaN,NaN,NaN,9.066679,2.882243,0.1224703,0.02628176,-0.00664299,0.004899177,0.9996205,9.00614,2.906018,0.115378,-0.04248547,-0.140812,0.9891244,9,5.7,-1.444781,25.93394,10,-0.7,-19.53737,154.6694
15.09509,NaN,NaN,NaN,9.258196,2.871632,0.125677,0.02637559,-0.007292125,0.00591273,0.999608,9.209718,2.893374,0.1191624,-0.04135655,-0.1415243,0.9890705,9,5.7,-1.127877,23.67906,10,-0.7,-19.22046,152.4146
15.11292,NaN,NaN,NaN,9.341984,2.865946,0.1272391,0.02617456,-0.007926844,0.006895163,0.9996022,9.284196,2.893374,0.1191624,-0.04135655,-0.1415243,0.9890705,9,5.7,-0.8924144,22.00365,10,-0.7,-18.985,150.7392
15.13696,NaN,NaN,NaN,9.492155,2.854799,0.1301958,0.02723985,-0.008472692,0.007590859,0.9995642,9.446741,2.880257,0.1228993,-0.04591434,-0.1459803,0.9882215,9,5.7,-0.5741542,19.73911,10,-0.7,-18.66674,148.4746
15.15546,NaN,NaN,NaN,9.553434,2.849624,0.1315826,0.02793038,-0.008961254,0.00787886,0.9995387,9.501211,2.880257,0.1228993,-0.04591434,-0.1459803,0.9882215,9,5.7,-0.3300498,18.00222,10,-0.7,-18.42264,146.7377
15.17859,-1.213246,-30.67487,218.6223,9.661081,2.839422,0.1340765,0.02832677,-0.01107324,0.009977165,0.9994876,9.621539,2.867004,0.1266093,-0.04895516,-0.1515533,0.9872361,9,5.7,-0.02420607,15.82603,10,-0.7,-18.11679,144.5615
15.19623,-7.41476,-45.39745,323.3788,9.701838,2.834242,0.135148,0.0282901,-0.01291639,0.01222048,0.9994416,9.677933,2.854081,0.1301392,-0.05222702,-0.1474334,0.9876921,9,5.7,0.2094258,14.16365,10,-0.7,-17.88316,142.8992
15.22089,-7.357697,-45.39745,323.3788,9.766035,2.824794,0.1375208,0.02862602,-0.016167,0.0144415,0.9993551,9.734997,2.854081,0.1301392,-0.05222702,-0.1474334,0.9876921,9,5.7,0.5354089,11.84416,10,-0.7,-17.55718,140.5797
15.23798,NaN,NaN,NaN,9.784741,2.820926,0.1388671,0.02896542,-0.01738986,0.01487099,0.9993185,9.767117,2.841457,0.1332685,-0.05506764,-0.1431717,0.9881647,9,5.7,0.7613008,10.23686,10,-0.7,-17.33129,138.9724
15.26202,NaN,NaN,NaN,9.806613,2.813099,0.140744,0.02818717,-0.01951818,0.01514857,0.9992973,9.797527,2.829587,0.1361327,-0.05891199,-0.1440095,0.9878212,9,5.7,1.079597,7.972059,10,-0.7,-17.01299,136.7076
15.27985,NaN,NaN,NaN,9.803482,2.809272,0.1413734,0.02793707,-0.02015556,0.01531987,0.9992891,9.794744,2.829587,0.1361327,-0.05891199,-0.1440095,0.9878212,9,5.7,1.315237,6.295399,10,-0.7,-16.77735,135.0309
15.30383,NaN,NaN,NaN,9.784128,2.802248,0.1424766,0.02871838,-0.02175959,0.01833613,0.9991825,9.783987,2.819044,0.1388075,-0.05784865,-0.1438157,0.9879122,9,5.7,1.631928,4.042022,10,-0.7,-16.46066,132.7775
15.32239,NaN,NaN,NaN,9.762074,2.799191,0.1429378,0.02904776,-0.02225665,0.02101559,0.9991093,9.764383,2.819044,0.1388075,-0.05784865,-0.1438157,0.9879122,9,5.7,1.877203,2.296804,10,-0.7,-16.21539,131.0323
15.34558,-12.85,-53.91102,384.7582,9.701167,2.793705,0.143843,0.0279103,-0.02324279,0.02468408,0.9990354,9.712136,2.809677,0.1409165,-0.05793612,-0.1456501,0.9876384,9,5.7,2.184247,0.1120725,10,-0.7,-15.90834,128.8476
15.36353,-7.901784,-40.26041,286.8269,9.656086,2.791757,0.1442388,0.02634145,-0.02336885,0.02476506,0.999073,9.669616,2.801448,0.1424291,-0.0605008,-0.148268,0.9870949,10,-0.7,-15.67148,127.1622,11,5.7,-33.76398,255.897
15.38794,-7.995087,-40.26035,286.8265,9.551093,2.787861,0.1443832,0.02307387,-0.02281496,0.02342306,0.9991989,9.576289,2.801448,0.1424291,-0.0605008,-0.148268,0.9870949,10,-0.7,-15.34855,124.8644,11,5.7,-33.44105,253.5992
15.40521,NaN,NaN,NaN,9.486018,2.785978,0.1440657,0.02219807,-0.02171001,0.02320101,0.9992486,9.511567,2.794589,0.1435634,-0.06220518,-0.1439206,0.9876322,10,-0.7,-15.12047,123.2416,11,5.7,-33.21297,251.9764
15.42902,NaN,NaN,NaN,9.337873,2.783134,0.1433687,0.02178117,-0.01963964,0.024226,0.9992762,9.368425,2.789072,0.1444948,-0.0612978,-0.1409799,0.988113,10,-0.7,-14.80522,120.9984,11,5.7,-32.89772,249.7333
15.44702,NaN,NaN,NaN,9.248191,2.782858,0.1426159,0.02175116,-0.01841472,0.02469076,0.9992889,9.288708,2.789072,0.1444948,-0.0612978,-0.1409799,0.988113,10,-0.7,-14.5674,119.3062,11,5.7,-32.6599,248.0411
15.47089,NaN,NaN,NaN,9.053492,2.783383,0.1410224,0.01891718,-0.0168129,0.02496686,0.9993679,9.099582,2.784764,0.1443877,-0.05808448,-0.1410106,0.9883027,10,-0.7,-14.2516,117.0592,11,5.7,-32.3441,245.7941
15.48962,NaN,NaN,NaN,8.938769,2.786197,0.1403607,0.01920945,-0.01636926,0.0246477,0.9993776,8.997606,2.784764,0.1443877,-0.05808448,-0.1410106,0.9883027,10,-0.7,-14.00404,115.2978,11,5.7,-32.09655,244.0326
15.5127,NaN,NaN,NaN,8.690889,2.794136,0.1396493,0.01658682,-0.01486001,0.02018606,0.9995482,8.756411,2.782578,0.1429775,-0.05896882,-0.1406396,0.9883032,10,-0.7,-13.69942,113.1302,11,5.7,-31.79192,241.8651
15.53058,-12.85,-48.7796,347.6642,8.555251,2.79888,0.1388256,0.01542176,-0.01499883,0.01721125,0.9996204,8.609974,2.784104,0.1413255,-0.06096892,-0.1464952,0.9873307,10,-0.7,-13.4627,111.4459,11,5.7,-31.5552,240.1807
15.55524,-12.85,-48.17102,343.5626,8.27031,2.809936,0.136853,0.01607997,-0.01377437,0.01156773,0.9997089,8.356693,2.784104,0.1413255,-0.06096892,-0.1464952,0.9873307,10,-0.7,-13.13658,109.1254,11,5.7,-31.22908,237.8603
15.57239,NaN,NaN,NaN,8.117005,2.816301,0.1354545,0.01727183,-0.01265413,0.01035906,0.9997171,8.189585,2.790807,0.1400596,-0.06011275,-0.1441761,0.9877245,10,-0.7,-12.90997,107.513,11,5.7,-31.00247,236.2478
15.59619,-12.85,-46.97201,336.2981,7.798738,2.829617,0.1322968,0.0190674,-0.01125035,0.009224918,0.9997123,7.870861,2.801983,0.1380281,-0.06086205,-0.1461979,0.9873813,10,-0.7,-12.59526,105.2737,11,5.7,-30.68776,234.0086
15.61444,-12.85,-46.6066,333.8303,7.627604,2.836947,0.1305158,0.02069823,-0.01003714,0.007391004,0.9997082,7.718741,2.801983,0.1380281,-0.06086205,-0.1461979,0.9873813,10,-0.7,-12.35412,103.558,11,5.7,-30.44662,232.2928
15.638,-5.885245,-31.29094,223.0059,7.28022,2.851131,0.1261458,0.02338307,-0.009575807,0.005801904,0.9996639,7.370326,2.8162,0.1351017,-0.05869067,-0.1510136,0.9867879,10,-0.7,-12.04256,101.3411,11,5.7,-30.13506,230.0759
15.65662,-6.047786,-31.29094,223.0059,7.097362,2.858023,0.1236485,0.02410874,-0.00942183,0.004602149,0.9996544,7.207786,2.8162,0.1351017,-0.05869067,-0.1510136,0.9867879,10,-0.7,-11.79582,99.58545,11,5.7,-29.88832,228.3203
15.67969,-4.953551,-28.1091,200.3659,6.724483,2.871246,0.1184666,0.02435647,-0.009260628,0.003065087,0.9996558,6.833435,2.832309,0.1312563,-0.0580772,-0.1524555,0.9866025,10,-0.7,-11.49081,97.41521,11,5.7,-29.58332,226.15
15.69775,-4.334143,-25.58884,182.4333,6.530764,2.877109,0.1157722,0.02333865,-0.009181842,0.002793696,0.9996816,6.615104,2.84914,0.1262631,-0.05923754,-0.153855,0.9863162,10,-0.7,-11.25224,95.71767,11,5.7,-29.34474,224.4525
15.72229,-4.685043,-25.58885,182.4334,6.136009,2.889247,0.1105984,0.0224888,-0.009050205,0.001740363,0.9997046,6.264211,2.84914,0.1262631,-0.05923754,-0.153855,0.9863162,10,-0.7,-10.92813,93.41148,11,5.7,-29.02063,222.1463
15.73944,-5.881495,-26.72415,190.5115,5.930882,2.895208,0.1082534,0.02182482,-0.008899532,-0.0001792806,0.9997222,6.032843,2.865335,0.1202821,-0.06171798,-0.1532778,0.9862539,10,-0.7,-10.70107,91.79592,11,5.7,-28.79358,220.5307
15.76312,-7.476919,-30.92772,220.4214,5.516671,2.906875,0.1039182,0.02197246,-0.009181231,-0.0008421462,0.9997161,5.613312,2.880471,0.1140651,-0.05862948,-0.1514226,0.9867288,10,-0.7,-10.38801,89.56834,11,5.7,-28.48051,218.3032
15.78107,-7.666007,-30.92776,220.4217,5.303967,2.912513,0.1020434,0.02267205,-0.009234677,-0.001216013,0.9996995,5.424242,2.880471,0.1140651,-0.05862948,-0.1514226,0.9867288,10,-0.7,-10.15065,87.87943,11,5.7,-28.24315,216.6142
15.80481,-12.85,-43.09539,310.2471,4.871331,2.921675,0.09817079,0.02422119,-0.008910161,-0.003636488,0.9996604,4.98638,2.895231,0.1085223,-0.05679708,-0.1464497,0.9875863,10,-0.7,-9.836696,85.64555,11,5.7,-27.9292,214.3804
15.8233,-12.85,-42.58722,306.8203,4.649613,2.926611,0.09684272,0.02434325,-0.008341406,-0.00561667,0.9996532,4.789297,2.895231,0.1085223,-0.05679708,-0.1464497,0.9875863,10,-0.7,-9.592209,83.90594,11,5.7,-27.68471,212.6407
15.84662,-8.086962,-30.39854,216.6561,4.204402,2.936897,0.09473587,0.02344357,-0.006772127,-0.00899455,0.9996618,4.337921,2.908489,0.103218,-0.05661793,-0.1517741,0.9867923,10,-0.7,-9.283769,81.71127,11,5.7,-27.37627,210.4461
15.86469,-6.335606,-26.91455,191.8662,3.981642,2.941505,0.09416139,0.02174431,-0.006130909,-0.008044314,0.9997125,4.082427,2.920474,0.09876585,-0.05360342,-0.1535088,0.9866923,10,-0.7,-9.045507,80.01596,11,5.7,-27.13801,208.7508
15.88885,-6.732213,-26.91457,191.8664,3.535468,2.949587,0.09272644,0.02299233,-0.005511884,-0.007115642,0.9996951,3.685828,2.920474,0.09876585,-0.05360342,-0.1535088,0.9866923,10,-0.7,-8.725532,77.73921,11,5.7,-26.81803,206.474
15.90631,-7.614586,-29.56817,210.7478,3.312376,2.952897,0.09213147,0.02526856,-0.005371179,-0.007334973,0.9996394,3.428694,2.932295,0.09564972,-0.05174182,-0.1522767,0.9869826,10,-0.7,-8.494496,76.09531,11,5.7,-26.587,204.8301
15.93011,-6.2525,-26.95149,192.1291,2.871335,2.959205,0.09132603,0.02905611,-0.004425,-0.008682692,0.9995303,2.977206,2.943103,0.09358656,-0.04743703,-0.1536464,0.9869866,10,-0.7,-8.179853,73.85651,11,5.7,-26.27236,202.5913
15.94788,-6.446318,-26.95151,192.1292,2.653296,2.961907,0.09099726,0.03191037,-0.004450902,-0.007503132,0.9994527,2.783394,2.943103,0.09358656,-0.04743703,-0.1536464,0.9869866,10,-0.7,-7.94526,72.18729,11,5.7,-26.03776,200.9221
15.97186,-4.220791,-19.79561,141.2123,2.222896,2.966064,0.09030409,0.03586217,-0.005218867,-0.005097966,0.9993302,2.34177,2.951985,0.09212852,-0.04586239,-0.1589714,0.9862174,10,-0.7,-7.627859,69.92887,11,5.7,-25.72036,198.6637
15.99005,-4.40772,-19.79561,141.2123,2.012602,2.967347,0.08989846,0.03683494,-0.006167907,-0.006162849,0.9992834,2.154842,2.951985,0.09212852,-0.04586239,-0.1589714,0.9862174,10,-0.7,-7.387657,68.21974,11,5.7,-25.48016,196.9546
16.01373,-3.639158,-17.37339,123.9773,1.590153,2.968485,0.08873023,0.03990528,-0.004257262,-0.01291125,0.999111,1.72092,2.959013,0.09105825,-0.04265606,-0.1618074,0.9859,10,-0.7,-7.074406,65.99085,11,5.7,-25.16691,194.7257
16.03131,-2.110135,-13.3677,95.47533,1.384917,2.967323,0.08761217,0.04123134,-0.002513483,-0.01682068,0.9990049,1.48072,2.963844,0.09001541,-0.0370803,-0.1686447,0.9849792,10,-0.7,-6.842561,64.34119,11,5.7,-24.93506,193.076
16.05597,-2.468089,-13.3677,95.47533,0.9822176,2.965783,0.08626759,0.04704233,0.001026064,-0.02063167,0.9986793,1.122765,2.963844,0.09001541,-0.0370803,-0.1686447,0.9849792,10,-0.7,-6.516186,62.01891,11,5.7,-24.60869,190.7537
16.07288,-3.973927,-19.90406,141.984,0.7850515,2.965327,0.08582041,0.04761911,0.002242621,-0.02034692,0.9986558,0.8912602,2.966163,0.08874989,-0.03383093,-0.1590322,0.9866936,10,-0.7,-6.292601,60.42802,11,5.7,-24.38511,189.1628
16.09747,-1.821004,-14.60281,104.2636,0.3961148,2.963097,0.08531564,0.04668687,0.004461933,-0.02108608,0.998677,0.4910076,2.96587,0.0872153,-0.02187898,-0.1662556,0.98584,10,-0.7,-5.967092,58.1119,11,5.7,-24.0596,186.8467
16.11493,-1.989113,-14.60279,104.2635,0.2069904,2.959783,0.08447357,0.04795178,0.005042315,-0.02024301,0.9986318,0.322897,2.96587,0.0872153,-0.02187898,-0.1662556,0.98584,10,-0.7,-5.736949,56.47435,11,5.7,-23.82945,185.2092
16.13904,-2.384202,-19.60447,139.8523,-0.161174,2.955179,0.08305827,0.05261206,0.006137554,-0.01873272,0.9984205,-0.05737942,2.964101,0.08595109,-0.01643284,-0.1593873,0.9870794,10,-0.7,-5.417757,54.20318,11,5.7,-23.51026,182.938
16.15674,-2.545591,-19.60446,139.8522,-0.3427385,2.952164,0.08288084,0.05451378,0.005496982,-0.01847414,0.998327,-0.2187701,2.964101,0.08595109,-0.01643284,-0.1593873,0.9870794,10,-0.7,-5.183753,52.53815,11,5.7,-23.27625,181.273
16.18085,-1.930664,-17.04316,121.6276,-0.69611,2.947051,0.08296087,0.05588324,0.003944308,-0.02023161,0.9982245,-0.5842109,2.960243,0.08454442,-0.01093028,-0.1623844,0.986667,10,-0.7,-4.86518,50.27139,11,5.7,-22.95768,179.0062
16.19812,-2.296413,-22.03193,157.1246,-0.8666912,2.943646,0.08295311,0.05517972,0.002894092,-0.02205066,0.9982288,-0.7852427,2.954481,0.08340526,-0.009502796,-0.1571238,0.9875332,10,-0.7,-4.636415,48.64365,11,5.7,-22.72892,177.3784
16.22284,-2.587792,-22.03191,157.1245,-1.194494,2.936573,0.08252801,0.0567733,0.002508175,-0.02386928,0.9980986,-1.076623,2.954481,0.08340526,-0.009502796,-0.1571238,0.9875332,10,-0.7,-4.309874,46.32019,11,5.7,-22.40238,175.055
16.23987,5.697343,-25.7142,183.3253,-1.353249,2.931706,0.08190271,0.05867976,0.004046835,-0.02578804,0.9979355,-1.265336,2.947867,0.08291745,0.0375142,-0.1544283,0.9872916,10,-0.7,-4.084761,44.71843,11,5.7,-22.17726,173.4532
16.26434,9.022933,-31.83231,226.8579,-1.662129,2.923004,0.08080681,0.06439939,0.00525371,-0.02522319,0.9975916,-1.585333,2.94003,0.08235133,0.04618894,-0.1514006,0.9873928,10,-0.7,-3.760887,42.41395,11,5.7,-21.85339,171.1487
16.28168,8.888762,-31.83231,226.8579,-1.813073,2.91931,0.08069045,0.06543434,0.005826794,-0.02501563,0.9975263,-1.719506,2.94003,0.08235133,0.04618894,-0.1514006,0.9873928,10,-0.7,-3.531875,40.78444,11,5.7,-21.62438,169.5192
16.30609,6.826547,-23.98143,170.996,-2.105469,2.909431,0.08042455,0.06452366,0.006665923,-0.02639414,0.9975448,-2.022452,2.930494,0.08141899,0.05107749,-0.1553389,0.9865398,10,-0.7,-3.208991,38.487,11,5.7,-21.30149,167.2218
16.32367,6.703043,-23.98145,170.9962,-2.24442,2.903861,0.08011931,0.06301832,0.006948132,-0.02619088,0.9976444,-2.145965,2.930494,0.08141899,0.05107749,-0.1553389,0.9865398,10,-0.7,-2.976539,36.83302,11,5.7,-21.06904,165.5678
16.34802,6.988957,-23.68032,168.8535,-2.512015,2.892786,0.07990171,0.06175974,0.006142505,-0.02372714,0.9977902,-2.424809,2.920214,0.08077276,0.05501417,-0.1554539,0.9863101,10,-0.7,-2.655024,34.54532,11,5.7,-20.74752,163.2801
16.36542,12.58871,-34.53829,246.112,-2.640172,2.887392,0.07976373,0.06088055,0.004502766,-0.02184743,0.9978958,-2.57763,2.908752,0.08029461,0.06082913,-0.1501926,0.9867837,10,-0.7,-2.424832,32.90742,11,5.7,-20.51733,161.6422
16.38965,12.37255,-34.53829,246.112,-2.883357,2.876844,0.07994562,0.05800421,0.001127288,-0.02022659,0.9981108,-2.793793,2.908752,0.08029461,0.06082913,-0.1501926,0.9867837,10,-0.7,-2.104151,30.62566,11,5.7,-20.19665,159.3604
16.40698,21.40428,-54.56969,388.6428,-2.996714,2.870658,0.08009247,0.05582273,0.0004584789,-0.02260623,0.9981847,-2.931279,2.896278,0.07968569,0.06183714,-0.1460222,0.9873468,10,-0.7,-1.87559,28.99936,11,5.7,-19.96809,157.7341
16.4314,NaN,NaN,NaN,-3.208123,2.860191,0.08068387,0.05382095,-0.002372999,-0.0234208,0.9982731,-3.153211,2.883207,0.07971287,0.0591297,-0.1406861,0.988287,10,-0.7,-1.552141,26.6979,11,5.7,-19.64464,155.4327
16.44885,NaN,NaN,NaN,-3.301902,2.855566,0.08158256,0.05254835,-0.005233091,-0.02240303,0.9983534,-3.23657,2.883207,0.07971287,0.0591297,-0.1406861,0.988287,10,-0.7,-1.32172,25.05838,11,5.7,-19.41422,153.7932
16.47314,NaN,NaN,NaN,-3.47992,2.844246,0.08186325,0.05093643,-0.009969356,-0.02243263,0.9984002,-3.425815,2.870002,0.08020496,0.05802967,-0.1365107,0.9889375,10,-0.7,-1.000581,22.77335,11,5.7,-19.09308,151.5081
16.49072,NaN,NaN,NaN,-3.557095,2.839235,0.08191391,0.05208274,-0.01183796,-0.02301401,0.9983074,-3.494415,2.870002,0.08020496,0.05802967,-0.1365107,0.9889375,10,-0.7,-0.7684106,21.12137,11,5.7,-18.86091,149.8562
16.51508,NaN,NaN,NaN,-3.695972,2.831177,0.08273294,0.05342034,-0.01428598,-0.02299999,0.9982051,-3.645447,2.857157,0.0808934,0.05631537,-0.1336739,0.989424,10,-0.7,-0.4464002,18.83015,11,5.7,-18.5389,147.5649
16.53253,NaN,NaN,NaN,-3.75261,2.826361,0.08276738,0.0520474,-0.01523677,-0.02138764,0.9982993,-3.719764,2.844582,0.08141732,0.058537,-0.1322497,0.9894865,10,-0.7,-0.2156089,17.18798,11,5.7,-18.30811,145.9228
16.5567,NaN,NaN,NaN,-3.85076,2.818532,0.0830926,0.05358587,-0.01759814,-0.01868619,0.9982334,-3.807009,2.844582,0.08141732,0.058537,-0.1322497,0.9894865,10,-0.7,0.1041428,14.91283,11,5.7,-17.98836,143.6476
16.57434,NaN,NaN,NaN,-3.885916,2.81564,0.08340788,0.05384171,-0.01853201,-0.01853845,0.9982054,-3.858243,2.833283,0.08217967,0.06294189,-0.1323717,0.9891997,10,-0.7,0.3373967,13.25314,11,5.7,-17.75511,141.9879
16.59845,NaN,NaN,NaN,-3.938328,2.810999,0.08425614,0.05187404,-0.0209783,-0.01708796,0.998287,-3.920573,2.823212,0.08279765,0.06399136,-0.1350725,0.9887672,10,-0.7,0.6561831,10.98486,11,5.7,-17.43632,139.7197
16.61627,NaN,NaN,NaN,-3.952197,2.809015,0.08457955,0.04975481,-0.02262245,-0.01599117,0.9983772,-3.9329,2.823212,0.08279765,0.06399136,-0.1350725,0.9887672,10,-0.7,0.8914339,9.310965,11,5.7,-17.20107,138.0458
16.64026,NaN,NaN,NaN,-3.964617,2.804881,0.08493362,0.04714645,-0.02503555,-0.01653036,0.9984374,-3.955208,2.815133,0.08349967,0.063783,-0.1403209,0.9880494,10,-0.7,1.208613,7.054119,11,5.7,-16.88389,135.7889
16.65802,NaN,NaN,NaN,-3.959468,2.80343,0.08527708,0.04532077,-0.02584168,-0.01644715,0.9985027,-3.950632,2.815133,0.08349967,0.063783,-0.1403209,0.9880494,10,-0.7,1.4439,5.379968,11,5.7,-16.6486,134.1148
16.68188,NaN,NaN,NaN,-3.936887,2.800993,0.08622875,0.04018243,-0.02907181,-0.01315292,0.9986828,-3.937174,2.809092,0.08424747,0.06507772,-0.1353216,0.9886622,10,-0.7,1.759679,3.133083,11,5.7,-16.33282,131.8679
16.69983,NaN,NaN,NaN,-3.909017,2.800178,0.08694081,0.0368382,-0.03171528,-0.009898796,0.9987689,-3.914643,2.80442,0.08492982,0.0686733,-0.1340065,0.9885981,10,-0.7,1.996207,1.450096,11,5.7,-16.0963,130.1849
16.72375,NaN,NaN,NaN,-3.829654,2.799227,0.08787282,0.03293179,-0.03343187,-0.005616172,0.9988826,-3.844098,2.80442,0.08492982,0.0686733,-0.1340065,0.9885981,11,5.7,-15.77942,127.9302,12,-5.7,-34.10778,258.3434
16.74164,21.63801,-50.99674,363.22,-3.76585,2.799058,0.08778381,0.03533819,-0.03321742,-0.0007056352,0.998823,-3.785549,2.801047,0.08593047,0.06909011,-0.1461989,0.9868396,11,5.7,-15.54349,126.2515,12,-5.7,-33.87185,256.6646
16.76544,NaN,NaN,NaN,-3.627923,2.799945,0.0875211,0.04118312,-0.03079032,0.003701144,0.9986702,-3.655987,2.799081,0.08712173,0.08568156,-0.1421801,0.9861255,11,5.7,-15.22806,124.0071,12,-5.7,-33.55642,254.4202
16.78326,NaN,NaN,NaN,-3.543522,2.801623,0.08764306,0.04294997,-0.02880845,0.00369562,0.998655,-3.580964,2.799081,0.08712173,0.08568156,-0.1421801,0.9861255,11,5.7,-14.99292,122.334,12,-5.7,-33.32128,252.7471
16.80731,NaN,NaN,NaN,-3.360842,2.807372,0.08865672,0.04140283,-0.02453138,0.003072483,0.9988367,-3.405402,2.798459,0.08758152,0.08780206,-0.1438378,0.9856985,11,5.7,-14.67492,120.0713,12,-5.7,-33.00328,250.4844
16.82477,NaN,NaN,NaN,-3.255248,2.811511,0.08941159,0.03795895,-0.02326792,0.003633715,0.9990018,-3.31154,2.798459,0.08758152,0.08780206,-0.1438378,0.9856985,11,5.7,-14.4442,118.4296,12,-5.7,-32.77256,248.8428
16.84888,NaN,NaN,NaN,-3.034606,2.819965,0.09043324,0.03496283,-0.02126266,0.004403632,0.9991528,-3.09663,2.800443,0.08784795,0.09311359,-0.1448155,0.9850677,11,5.7,-14.12509,116.159,12,-5.7,-32.45344,246.5722
16.86639,NaN,NaN,NaN,-2.914177,2.824904,0.09090361,0.03557049,-0.02052089,0.004327418,0.9991472,-2.966109,2.806091,0.08881652,0.09976735,-0.1383741,0.9853421,11,5.7,-13.89337,114.5102,12,-5.7,-32.22172,244.9234
16.89075,NaN,NaN,NaN,-2.655159,2.835971,0.09201171,0.03644092,-0.01807062,0.004225353,0.9991634,-2.735871,2.806091,0.08881652,0.09976735,-0.1383741,0.9853421,11,5.7,-13.57166,112.2211,12,-5.7,-31.90001,242.6343
16.9082,21.6645,-28.81604,231.9794,-2.513962,2.842024,0.09253795,0.03659257,-0.01640349,0.005205635,0.999182,-2.582446,2.81517,0.0900265,0.1030516,-0.1344353,0.9855493,11,5.7,-13.34056,110.5768,12,-5.7,-31.66892,240.99
16.9325,NaN,NaN,NaN,-2.218808,2.85447,0.09381239,0.03735408,-0.01327117,0.00892675,0.9991741,-2.288041,2.826915,0.0911994,0.09195961,-0.1343324,0.9866601,11,5.7,-13.01985,108.2948,12,-5.7,-31.3482,238.708
16.95007,NaN,NaN,NaN,-2.062516,2.861047,0.09433669,0.03789347,-0.01236199,0.01111802,0.9991435,-2.149114,2.826915,0.0911994,0.09195961,-0.1343324,0.9866601,11,5.7,-12.78729,106.6401,12,-5.7,-31.11565,237.0533
16.97424,NaN,NaN,NaN,-1.740027,2.873969,0.09582241,0.03747121,-0.01181174,0.01379229,0.9991328,-1.826575,2.840626,0.09253597,0.09458843,-0.1379065,0.9859183,11,5.7,-12.46789,104.3674,12,-5.7,-30.79624,234.7806
16.9917,NaN,NaN,NaN,-1.569667,2.88053,0.09651274,0.03690395,-0.01190137,0.01390863,0.9991511,-1.675144,2.840626,0.09253597,0.09458843,-0.1379065,0.9859183,11,5.7,-12.23667,102.7222,12,-5.7,-30.56502,233.1354
17.01593,NaN,NaN,NaN,-1.218102,2.893699,0.09763351,0.03523355,-0.01104299,0.01466797,0.9992105,-1.323243,2.855727,0.09427297,0.09440526,-0.141052,0.9854907,11,5.7,-11.91643,100.4436,12,-5.7,-30.24478,230.8567
17.03339,NaN,NaN,NaN,-1.033003,2.900001,0.09803487,0.0344754,-0.009996397,0.01513255,0.999241,-1.116145,2.871134,0.0957166,0.08437667,-0.1422796,0.9862236,11,5.7,-11.68554,98.80074,12,-5.7,-30.0139,229.2139
17.05804,NaN,NaN,NaN,-0.6551661,2.912714,0.09885964,0.03426172,-0.007368639,0.01699489,0.9992412,-0.7802896,2.871134,0.0957166,0.08437667,-0.1422796,0.9862236,11,5.7,-11.36,96.48436,12,-5.7,-29.68835,226.8975
17.07544,NaN,NaN,NaN,-0.4614022,2.918589,0.0990124,0.03397314,-0.005433518,0.01793013,0.9992471,-0.5624737,2.886739,0.09706068,0.08310814,-0.1420582,0.9863633,11,5.7,-11.12981,94.8465,12,-5.7,-29.45816,225.2597
17.09955,NaN,NaN,NaN,-0.06941704,2.930927,0.0999722,0.03499638,-0.003386717,0.02018868,0.9991778,-0.1657887,2.902164,0.09826612,0.08638856,-0.1414068,0.986175,11,5.7,-10.81133,92.58038,12,-5.7,-29.13968,222.9935
17.11707,NaN,NaN,NaN,0.1311136,2.936445,0.1004648,0.03492176,-0.002548836,0.02125218,0.9991608,0.01246077,2.902164,0.09826612,0.08638856,-0.1414068,0.986175,11,5.7,-10.57932,90.92957,12,-5.7,-28.90767,221.3427
17.14117,33.89374,-55.60421,396.0038,0.5358768,2.947145,0.1012356,0.03512307,-0.001242038,0.02295568,0.9991186,0.4226931,2.917144,0.09933221,0.08334348,-0.1457192,0.9858092,11,5.7,-10.26037,88.66014,12,-5.7,-28.58873,219.0733
17.15881,NaN,NaN,NaN,0.7418728,2.952011,0.1018295,0.03488071,-0.001341,0.02380372,0.9991071,0.6058007,2.917144,0.09933221,0.08334348,-0.1457192,0.9858092,11,5.7,-10.02717,87.00085,12,-5.7,-28.35553,217.414
17.18304,22.81367,-34.32122,244.5675,1.156009,2.960883,0.1033576,0.03341944,-0.001302872,0.02550203,0.9991152,1.026548,2.931203,0.1001545,0.08776376,-0.1500618,0.9847736,11,5.7,-9.707068,84.72318,12,-5.7,-28.03542,215.1363
17.20056,16.92734,-25.59931,182.5079,1.365628,2.964373,0.1039267,0.03375438,-0.00127814,0.02558878,0.9991017,1.266693,2.944146,0.1011816,0.08451986,-0.1540479,0.9844418,11,5.7,-9.475334,83.0743,12,-5.7,-27.80369,213.4874
17.22473,17.30317,-25.59931,182.5079,1.788437,2.970858,0.105877,0.03598991,-0.002537064,0.02764375,0.9989666,1.642524,2.944146,0.1011816,0.08451986,-0.1540479,0.9844418,11,5.7,-9.155614,80.79937,12,-5.7,-27.48397,211.2125
17.24231,12.85,-20.48944,150.1616,2.001727,2.972583,0.1066305,0.03724926,-0.003906623,0.02911408,0.9988742,1.887037,2.955775,0.1028987,0.0719948,-0.1539669,0.9854496,11,5.7,-8.923301,79.14638,12,-5.7,-27.25165,209.5595
17.26654,12.56742,-20.15459,143.7667,2.424296,2.978482,0.1089155,0.04067421,-0.005262956,0.02953121,0.9987222,2.318301,2.964895,0.104706,0.07026152,-0.1584928,0.984857,11,5.7,-8.603383,76.87004,12,-5.7,-26.93174,207.2832
17.28412,12.75484,-20.15459,143.7667,2.635145,2.978718,0.1096905,0.04173859,-0.00563721,0.02793774,0.9987221,2.505723,2.964895,0.104706,0.07026152,-0.1584928,0.984857,11,5.7,-8.370612,75.21379,12,-5.7,-26.69897,205.6269
17.30829,10.26341,-16.08573,114.8152,3.056994,2.979718,0.1114313,0.04522431,-0.007505897,0.02701316,0.9985834,2.936798,2.971779,0.1067638,0.06288327,-0.1635678,0.9845259,11,5.7,-8.051184,72.94094,12,-5.7,-26.37954,203.3541
17.32599,4.560771,-14.1232,100.851,3.266072,2.979753,0.1122659,0.04555354,-0.008238282,0.02500683,0.9986149,3.178931,2.976329,0.1089324,0.01352195,-0.1673269,0.9858088,11,5.7,-7.81684,71.2735,12,-5.7,-26.14519,201.6866
17.35004,4.92987,-14.12321,100.8511,3.681307,2.97939,0.1144992,0.04701529,-0.01042921,0.02433973,0.9985431,3.548028,2.976329,0.1089324,0.01352195,-0.1673269,0.9858088,11,5.7,-7.499454,69.01519,12,-5.7,-25.82781,199.4283
17.36786,0.2762242,-20.72156,147.8008,3.889419,2.978557,0.1154016,0.04524066,-0.01168611,0.02538329,0.9985852,3.789166,2.978099,0.1108043,-0.02347898,-0.1583982,0.9870961,11,5.7,-7.263884,67.33901,12,-5.7,-25.59224,197.7521
17.39178,-1.552164,-28.09901,200.2942,4.296398,2.97684,0.118128,0.04541093,-0.0124254,0.02552316,0.998565,4.206491,2.978312,0.11327,-0.02841526,-0.1533466,0.9877638,11,5.7,-6.947461,65.08755,12,-5.7,-25.27581,195.5007
17.40955,-1.372889,-28.09901,200.2942,4.498083,2.97628,0.1197789,0.04525656,-0.01214917,0.02551695,0.9985756,4.385767,2.978312,0.11327,-0.02841526,-0.1533466,0.9877638,11,5.7,-6.71261,63.4165,12,-5.7,-25.04096,193.8296
17.43353,-1.472297,-27.93591,199.1336,4.903306,2.971337,0.1223877,0.04594466,-0.01278687,0.02677634,0.9985032,4.800864,2.977088,0.1161187,-0.03113205,-0.1534131,0.9876716,11,5.7,-6.395112,61.15738,12,-5.7,-24.72347,191.5705
17.45123,-1.296569,-27.93592,199.1337,5.101004,2.968816,0.123807,0.04737943,-0.01284606,0.02679915,0.9984348,4.976595,2.977088,0.1161187,-0.03113205,-0.1534131,0.9876716,11,5.7,-6.161242,59.49331,12,-5.7,-24.4896,189.9064
17.47534,-4.508038,-41.48666,295.5523,5.486332,2.964635,0.1274902,0.04837629,-0.01136073,0.02236196,0.9985142,5.373254,2.974419,0.1192367,-0.03305627,-0.1487374,0.988324,11,5.7,-5.842573,57.22586,12,-5.7,-24.17093,187.639
17.49316,-2.52194,-33.71563,240.2586,5.674536,2.961086,0.1294356,0.04625974,-0.0101443,0.01884618,0.9987002,5.593832,2.969737,0.1227009,-0.03339034,-0.1509329,0.9879799,11,5.7,-5.606509,55.54618,12,-5.7,-23.93487,185.9593
17.51709,-2.192468,-33.71567,240.2589,6.045202,2.953924,0.1336719,0.04555021,-0.01014745,0.01742488,0.9987585,5.923314,2.969737,0.1227009,-0.03339034,-0.1509329,0.9879799,11,5.7,-5.290504,53.29769,12,-5.7,-23.61886,183.7108
17.53497,NaN,NaN,NaN,6.22451,2.950394,0.1361116,0.04487323,-0.01066762,0.01736272,0.9987849,6.134539,2.963814,0.1268797,-0.03403263,-0.1455533,0.9887649,11,5.7,-5.053772,51.61325,12,-5.7,-23.38213,182.0264
17.55884,NaN,NaN,NaN,6.579695,2.941475,0.1406371,0.04390387,-0.01221973,0.01801711,0.9987985,6.500336,2.956291,0.1316829,-0.0464579,-0.1442326,0.9884526,11,5.7,-4.738472,49.36977,12,-5.7,-23.06683,179.7829
17.57684,NaN,NaN,NaN,6.749854,2.937422,0.1429139,0.04411324,-0.01348425,0.01897427,0.9987553,6.651588,2.956291,0.1316829,-0.0464579,-0.1442326,0.9884526,11,5.7,-4.500673,47.67775,12,-5.7,-22.82903,178.0909
17.60065,NaN,NaN,NaN,7.080105,2.927945,0.1470108,0.04619741,-0.01750507,0.02252231,0.998525,6.99355,2.947351,0.1370203,-0.04928873,-0.1455559,0.9881215,11,5.7,-4.185846,45.43763,12,-5.7,-22.5142,175.8508
17.61847,NaN,NaN,NaN,7.238777,2.92316,0.149257,0.04830356,-0.01997118,0.02362232,0.9983537,7.134592,2.947351,0.1370203,-0.04928873,-0.1455559,0.9881215,11,5.7,-3.950063,43.75995,12,-5.7,-22.27842,174.1731
17.64233,-3.41908,-26.46119,188.6404,7.553405,2.912406,0.153569,0.05043246,-0.02393878,0.02555125,0.9981135,7.460489,2.937099,0.142326,-0.05693522,-0.1538478,0.9864529,11,5.7,-3.634552,41.51497,12,-5.7,-21.96291,171.9281
17.66016,-1.186117,-17.65412,125.9749,7.702013,2.907274,0.1556532,0.04967184,-0.02512525,0.02547053,0.9981246,7.636557,2.925773,0.1475147,-0.06903277,-0.1610268,0.9845328,11,5.7,-3.398779,39.83736,12,-5.7,-21.72713,170.2505
17.6842,-0.930061,-17.65412,125.9749,7.990076,2.896572,0.1592434,0.04824183,-0.02716539,0.02369298,0.998185,7.892612,2.925773,0.1475147,-0.06903277,-0.1610268,0.9845328,11,5.7,-3.081135,37.57721,12,-5.7,-21.40949,167.9903
17.70227,-0.6285821,-15.6766,111.9041,8.127533,2.890803,0.1605982,0.04711274,-0.02782075,0.02300848,0.998237,8.056705,2.913555,0.1524246,-0.07644168,-0.1636172,0.9835579,11,5.7,-2.842085,35.87627,12,-5.7,-21.17044,166.2894
17.7262,-6.026846,-32.6997,233.0299,8.391942,2.879242,0.1640514,0.0450106,-0.02850518,0.02136356,0.9983512,8.331301,2.900813,0.1567092,-0.06083551,-0.1508395,0.9866846,11,5.7,-2.526268,33.62912,12,-5.7,-20.85462,164.0423
17.74359,-5.917016,-32.69968,233.0298,8.51549,2.873011,0.1655392,0.04376335,-0.02812054,0.02021602,0.9984415,8.44112,2.900813,0.1567092,-0.06083551,-0.1508395,0.9866846,11,5.7,-2.295796,31.98922,12,-5.7,-20.62415,162.4024
17.76776,-12.64793,-47.14333,335.8016,8.748191,2.861151,0.1684915,0.04144495,-0.0275932,0.01939602,0.9985714,8.684935,2.887362,0.161147,-0.06274027,-0.147141,0.9871237,11,5.7,-1.97662,29.71817,12,-5.7,-20.30498,160.1313
17.7854,-12.55612,-47.14346,335.8025,8.851535,2.855492,0.1695091,0.04103454,-0.02633801,0.01755925,0.9986562,8.776796,2.887362,0.161147,-0.06274027,-0.147141,0.9871237,11,5.7,-1.743359,28.05843,12,-5.7,-20.07171,158.4716
17.80951,NaN,NaN,NaN,9.039778,2.846014,0.1718296,0.04028865,-0.02275985,0.01113893,0.9988667,8.978237,2.873264,0.1651145,-0.063728,-0.142826,0.987694,11,5.7,-1.424368,25.78869,12,-5.7,-19.75272,156.2018
17.82709,NaN,NaN,NaN,9.12479,2.841135,0.172615,0.03818391,-0.02123645,0.01051709,0.9989897,9.084264,2.859413,0.1682774,-0.06122441,-0.1419186,0.9879831,11,5.7,-1.192142,24.13632,12,-5.7,-19.5205,154.5494
17.85132,NaN,NaN,NaN,9.274924,2.83034,0.1734731,0.03569344,-0.01910545,0.01134786,0.9991157,9.217716,2.859413,0.1682774,-0.06122441,-0.1419186,0.9879831,11,5.7,-0.8716735,21.85607,12,-5.7,-19.20003,152.2692
17.86884,NaN,NaN,NaN,9.333513,2.825353,0.1734765,0.03526493,-0.01810621,0.01060674,0.9991577,9.296129,2.846782,0.1708466,-0.06305902,-0.1431979,0.9876831,11,5.7,-0.6401576,20.20875,12,-5.7,-18.96851,150.6219
17.89307,-12.85,-46.3503,334.3116,9.432698,2.816511,0.1738549,0.03382612,-0.01674632,0.008730554,0.9992493,9.40624,2.834569,0.1726966,-0.06575505,-0.1453145,0.9871981,11,5.7,-0.3198061,17.92933,12,-5.7,-18.64816,148.3424
17.91089,-12.85,-46.41585,334.7569,9.466067,2.813094,0.1740206,0.03199194,-0.0164045,0.007975519,0.9993217,9.435901,2.834569,0.1726966,-0.06575505,-0.1453145,0.9871981,11,5.7,-0.08415458,16.25258,12,-5.7,-18.41251,146.6657
17.93488,-12.85,-42.11427,302.2626,9.512863,2.806587,0.1739321,0.03072158,-0.01511314,0.005635165,0.9993979,9.494413,2.823006,0.1735799,-0.07296628,-0.1467438,0.9864797,11,5.7,0.233165,13.99473,12,-5.7,-18.09519,144.4079
17.95239,-12.85,-42.12846,302.358,9.520804,2.803616,0.1737184,0.02971429,-0.01430959,0.004376139,0.9994465,9.501472,2.823006,0.1735799,-0.07296628,-0.1467438,0.9864797,11,5.7,0.4647703,12.34678,12,-5.7,-17.86359,142.7599
17.97656,NaN,NaN,NaN,9.520803,2.798664,0.173259,0.02573106,-0.01309959,0.005359644,0.9995687,9.513023,2.813237,0.1739285,-0.07531815,-0.1449711,0.9865651,11,5.7,0.7845166,10.07166,12,-5.7,-17.54384,140.4848
17.9942,-12.85,-42.32524,303.5609,9.505378,2.796333,0.1726714,0.024332,-0.01222817,0.00551473,0.9996139,9.505513,2.805215,0.1738191,-0.07269163,-0.1467471,0.9864995,11,5.7,1.017195,8.416066,12,-5.7,-17.31116,138.8292
18.01849,-12.85,-42.2377,302.9724,9.4566,2.793348,0.1716516,0.02236048,-0.01040298,0.005185752,0.9996824,9.462155,2.805215,0.1738191,-0.07269163,-0.1467471,0.9864995,11,5.7,1.338437,6.130316,12,-5.7,-16.98992,136.5434
18.03613,NaN,NaN,NaN,9.418634,2.792364,0.17113,0.02113229,-0.009523835,0.005820354,0.9997144,9.42947,2.798759,0.1732405,-0.07479652,-0.1452613,0.9865621,11,5.7,1.571759,4.470143,12,-5.7,-16.7566,134.8833
18.06,NaN,NaN,NaN,9.324636,2.789508,0.1694768,0.01820531,-0.007693782,0.006295183,0.9997849,9.341854,2.794071,0.1722479,-0.08068776,-0.1452295,0.9861024,11,5.7,1.887775,2.221573,12,-5.7,-16.44058,132.6347
18.07782,NaN,NaN,NaN,9.262104,2.78805,0.1685068,0.01697247,-0.006443504,0.004938599,0.999823,9.286271,2.794071,0.1722479,-0.08068776,-0.1452295,0.9861024,11,5.7,2.123424,0.5448394,12,-5.7,-16.20493,130.958
18.10175,NaN,NaN,NaN,9.1181,2.785988,0.1665664,0.01354561,-0.003307637,0.0006524867,0.9999027,9.149284,2.790533,0.170818,-0.07641304,-0.1408871,0.9870724,12,-5.7,-15.8886,128.7071,13,5.7,-34.50376,261.1609
18.12,NaN,NaN,NaN,9.031277,2.785614,0.1655967,0.01169269,-0.002522763,0.0004165743,0.9999284,9.072107,2.790533,0.170818,-0.07641304,-0.1408871,0.9870724,12,-5.7,-15.64767,126.9928,13,5.7,-34.26283,259.4467
18.14349,NaN,NaN,NaN,8.840923,2.785852,0.1639909,0.00893808,-0.000672292,-0.000459569,0.9999598,8.888782,2.787424,0.1687759,0.001960085,-0.1406772,0.9900536,12,-5.7,-15.33664,124.7797,13,5.7,-33.9518,257.2335
18.1615,NaN,NaN,NaN,8.731851,2.787012,0.1636005,0.006306741,0.0005037151,-0.0006955209,0.9999798,8.772624,2.785337,0.1665362,0.006773994,-0.1372829,0.9905087,12,-5.7,-15.09863,123.0862,13,5.7,-33.71379,255.54
18.18536,NaN,NaN,NaN,8.495895,2.792259,0.1629894,0.003990463,0.003572423,-0.002195776,0.9999833,8.562886,2.785337,0.1665362,0.006773994,-0.1372829,0.9905087,12,-5.7,-14.78355,120.8443,13,5.7,-33.39871,253.2981
18.20337,NaN,NaN,NaN,8.362432,2.795511,0.1623398,0.001825132,0.003416292,-0.003202538,0.9999874,8.419964,2.785344,0.164952,0.008150455,-0.1400786,0.9901068,12,-5.7,-14.54537,119.1495,13,5.7,-33.16053,251.6034
18.22711,NaN,NaN,NaN,8.078601,2.802321,0.1606421,0.003672843,0.002008069,-0.007491812,0.9999632,8.138645,2.788919,0.1634679,0.01112067,-0.1337542,0.9909521,12,-5.7,-14.23138,116.9154,13,5.7,-32.84654,249.3692
18.24518,NaN,NaN,NaN,7.922216,2.807201,0.1595216,0.008765513,0.001007702,-0.01139631,0.9998962,7.999637,2.788919,0.1634679,0.01112067,-0.1337542,0.9909521,12,-5.7,-13.99264,115.2167,13,5.7,-32.6078,247.6705
18.26886,NaN,NaN,NaN,7.602489,2.817815,0.1574415,0.01305153,-0.0014515,-0.01438834,0.9998103,7.681346,2.795597,0.1618743,0.01075936,-0.1438273,0.9895443,12,-5.7,-13.6793,112.9872,13,5.7,-32.29446,245.441
18.28735,NaN,NaN,NaN,7.431782,2.823674,0.1562497,0.01468061,-0.002556037,-0.01615454,0.9997585,7.529607,2.795597,0.1618743,0.01075936,-0.1438273,0.9895443,12,-5.7,-13.43488,111.248,13,5.7,-32.05004,243.7018
18.31061,10.1966,-30.76189,219.2417,7.077153,2.83622,0.1531181,0.01706767,-0.004039492,-0.01967511,0.9996526,7.175716,2.805177,0.1599102,0.01362849,-0.1514357,0.9883732,12,-5.7,-13.12729,109.0594,13,5.7,-31.74245,241.5132
18.32867,8.627354,-25.41435,181.192,6.888832,2.843042,0.1512428,0.01756834,-0.004804887,-0.02034296,0.9996272,6.96568,2.817494,0.1574304,0.009068763,-0.1540786,0.988017,12,-5.7,-12.88826,107.3586,13,5.7,-31.50343,239.8125
18.35248,8.283771,-25.41434,181.1919,6.502302,2.856463,0.1472226,0.01732495,-0.006167722,-0.02089979,0.9996125,6.622097,2.817494,0.1574304,0.009068763,-0.1540786,0.988017,12,-5.7,-12.57367,105.1202,13,5.7,-31.18883,237.574
18.37048,NaN,NaN,NaN,6.299682,2.86282,0.1452022,0.01533837,-0.006447166,-0.02161148,0.999628,6.395483,2.832067,0.1538471,0.01194667,-0.1453534,0.9893076,12,-5.7,-12.33543,103.425,13,5.7,-30.95059,235.8788
18.39417,NaN,NaN,NaN,5.884949,2.875624,0.1413658,0.01362821,-0.006304003,-0.02293705,0.9996242,5.976938,2.847806,0.1495131,0.008572465,-0.1431532,0.9896634,12,-5.7,-12.02237,101.1975,13,5.7,-30.63753,233.6513
18.41223,NaN,NaN,NaN,5.666915,2.881783,0.139433,0.0142282,-0.005996499,-0.02571667,0.99955,5.783131,2.847806,0.1495131,0.008572465,-0.1431532,0.9896634,12,-5.7,-11.78419,99.50271,13,5.7,-30.39935,231.9565
18.43604,NaN,NaN,NaN,5.22558,2.89392,0.135331,0.01795288,-0.006500684,-0.02976995,0.9993744,5.337559,2.863708,0.145015,-0.01016315,-0.1368369,0.9905415,12,-5.7,-11.4692,97.2615,13,5.7,-30.08437,229.7153
18.45453,NaN,NaN,NaN,4.997644,2.899941,0.1331386,0.02127942,-0.007246129,-0.03136506,0.9992552,5.134949,2.863708,0.145015,-0.01016315,-0.1368369,0.9905415,12,-5.7,-11.22458,95.52094,13,5.7,-29.83975,227.9748
18.47772,NaN,NaN,NaN,4.535893,2.911396,0.1288317,0.02755945,-0.008527656,-0.03457922,0.9989856,4.668507,2.878848,0.1401807,-0.01184931,-0.1389014,0.9902353,12,-5.7,-10.91772,93.33749,13,5.7,-29.53288,225.7913
18.49609,-1.529927,-54.22504,386.1904,4.301377,2.917086,0.1267353,0.03091088,-0.009101856,-0.03578165,0.99884,4.401475,2.893371,0.1351343,-0.01519692,-0.1463438,0.989117,12,-5.7,-10.67483,91.60925,13,5.7,-29.28999,224.0631
18.51947,-1.950455,-54.22496,386.1899,3.828274,2.928527,0.1225441,0.03569883,-0.01014875,-0.03790636,0.998592,3.980939,2.893371,0.1351343,-0.01519692,-0.1463438,0.989117,12,-5.7,-10.36618,89.41304,13,5.7,-28.98134,221.8669
18.53723,0.9755647,-20.05128,143.0318,3.587067,2.93414,0.1204387,0.03700061,-0.01102793,-0.03853644,0.998511,3.705725,2.907371,0.1299856,-0.0188599,-0.158598,0.9871631,12,-5.7,-10.13107,87.74017,13,5.7,-28.74623,220.194
18.56116,0.4798759,-16.5069,117.8121,3.105126,2.944786,0.1165245,0.03808421,-0.01289194,-0.03979735,0.9983985,3.214909,2.921105,0.1247953,-0.02292346,-0.1628343,0.9863871,12,-5.7,-9.814694,85.48905,13,5.7,-28.42986,217.9429
18.57886,0.2642477,-16.5069,117.8121,2.862545,2.949407,0.1145165,0.03775833,-0.01343383,-0.04134819,0.9983407,2.999281,2.921105,0.1247953,-0.02292346,-0.1628343,0.9863871,12,-5.7,-9.580752,83.82446,13,5.7,-28.19591,216.2783
18.60297,-3.526253,-17.4304,124.3832,2.376583,2.95731,0.1105032,0.03747022,-0.01286421,-0.04526401,0.9981892,2.503806,2.934325,0.1199033,-0.04783282,-0.1615411,0.9857061,12,-5.7,-9.262346,81.55888,13,5.7,-27.87751,214.0127
18.62134,-3.741767,-17.43039,124.3831,2.134125,2.961548,0.1091303,0.03895718,-0.01199597,-0.04622709,0.998099,2.288288,2.934325,0.1199033,-0.04783282,-0.1615411,0.9857061,12,-5.7,-9.019269,79.8293,13,5.7,-27.63443,212.2831
18.64471,-6.240387,-22.23888,158.5973,1.646292,2.967483,0.1052221,0.04198403,-0.01062705,-0.04933108,0.9978431,1.790429,2.946369,0.1152004,-0.04998277,-0.1567498,0.9863728,12,-5.7,-8.710159,77.62988,13,5.7,-27.32532,210.0837
18.66229,-5.084204,-20.3237,144.9701,1.398247,2.968804,0.103034,0.04257109,-0.009811744,-0.05162595,0.9977105,1.50536,2.956649,0.1105714,-0.04486778,-0.158514,0.9863368,12,-5.7,-8.477425,75.97388,13,5.7,-27.09258,208.4277
18.68671,-5.523136,-20.3237,144.9701,0.9044497,2.970831,0.09911762,0.04542231,-0.009249322,-0.05481554,0.99742,1.066428,2.956649,0.1105714,-0.04486778,-0.158514,0.9863368,12,-5.7,-8.15452,73.6763,13,5.7,-26.76968,206.1301
18.70428,-3.949691,-16.2958,116.3101,0.6574479,2.971733,0.09766537,0.04598067,-0.008997884,-0.05577672,0.9973434,0.7818777,2.964224,0.1059308,-0.04013733,-0.1633805,0.9857463,12,-5.7,-7.922454,72.02506,13,5.7,-26.53761,204.4789
18.72833,-4.927419,-18.6628,133.1522,0.1688679,2.97297,0.0950627,0.04395759,-0.008602232,-0.05710335,0.997363,0.2821271,2.968583,0.1014209,-0.0386183,-0.1603532,0.986304,12,-5.7,-7.604314,69.76138,13,5.7,-26.21947,202.2152
18.74591,-5.145698,-18.6628,133.1522,-0.07669537,2.971552,0.09356861,0.0423762,-0.00794524,-0.05677523,0.9974557,0.0638486,2.968583,0.1014209,-0.0386183,-0.1603532,0.986304,12,-5.7,-7.372223,68.10997,13,5.7,-25.98738,200.5638
18.77008,-6.11182,-19.01828,135.6816,-0.5618814,2.971727,0.0912001,0.04290422,-0.006139595,-0.05776022,0.9973893,-0.4329068,2.97079,0.09746885,-0.04130929,-0.159952,0.9862601,12,-5.7,-7.052744,65.83676,13,5.7,-25.6679,198.2906
18.78833,-6.328165,-19.01828,135.6816,-0.8052683,2.969598,0.09016804,0.04154846,-0.004374135,-0.05845324,0.9974155,-0.6492507,2.97079,0.09746885,-0.04130929,-0.159952,0.9862601,12,-5.7,-6.811319,64.11893,13,5.7,-25.42648,196.5728
18.81183,-8.677073,-27.23754,194.1646,-1.279891,2.965658,0.08873861,0.04106332,-0.002032243,-0.05819298,0.9974584,-1.136602,2.970863,0.09389269,-0.03836365,-0.1536913,0.9873739,12,-5.7,-6.500859,61.9099,13,5.7,-25.11602,194.3637
18.82947,-8.539092,-29.60263,210.9931,-1.514904,2.963975,0.08859926,0.04118865,-0.0009125993,-0.05799321,0.9974666,-1.410044,2.969359,0.09120429,-0.03338798,-0.1525468,0.9877322,12,-5.7,-6.267565,60.24992,13,5.7,-24.88272,192.7038
18.85413,-8.950965,-29.60263,210.9931,-1.978261,2.956935,0.08740893,0.04185125,0.000869669,-0.05796795,0.9974405,-1.821917,2.969359,0.09120429,-0.03338798,-0.1525468,0.9877322,12,-5.7,-5.941515,57.92996,13,5.7,-24.55667,190.3838
18.87109,-6.214009,-23.29026,166.0783,-2.20543,2.9532,0.08707699,0.04499492,0.001521721,-0.05759482,0.9973244,-2.087388,2.965773,0.0893172,-0.02454811,-0.1561898,0.987422,12,-5.7,-5.716748,56.33066,13,5.7,-24.33191,188.7845
18.89551,-5.465518,-20.06626,143.1384,-2.65368,2.946267,0.08680993,0.04897654,0.001834333,-0.05566363,0.997246,-2.548143,2.959767,0.08788931,-0.02013076,-0.1588866,0.9870917,12,-5.7,-5.394394,54.03699,13,5.7,-24.00955,186.4908
18.9129,-5.662861,-20.06626,143.1384,-2.875691,2.941738,0.08699851,0.04972114,0.0009971187,-0.0547561,0.9972606,-2.745486,2.959767,0.08788931,-0.02013076,-0.1588866,0.9870917,12,-5.7,-5.164048,52.39799,13,5.7,-23.77921,184.8518
18.93719,-4.782721,-15.13745,108.0681,-3.310248,2.931711,0.08766697,0.05034153,0.0003118441,-0.05485758,0.9972243,-3.192592,2.951851,0.08691931,-0.01452206,-0.165203,0.9861526,12,-5.7,-4.843198,50.11502,13,5.7,-23.45835,182.5689
18.95538,-4.968485,-15.13745,108.0681,-3.519233,2.926723,0.08856213,0.04913255,0.0009804517,-0.05521461,0.9972644,-3.378357,2.951851,0.08691931,-0.01452206,-0.165203,0.9861526,12,-5.7,-4.602609,48.40314,13,5.7,-23.21777,180.857
18.97906,-5.324757,-15.62113,111.5096,-3.928273,2.917479,0.09089727,0.04572202,0.002728056,-0.05447416,0.9974642,-3.801548,2.942056,0.08694768,-0.01348346,-0.1643216,0.9863147,12,-5.7,-4.289886,46.17801,13,5.7,-22.90504,178.6318
18.99646,-4.105074,-14.86669,106.1415,-4.129126,2.910774,0.09149383,0.04414862,0.003088992,-0.05235005,0.9976476,-4.037724,2.930857,0.08796966,-0.0006262795,-0.1655023,0.9862092,12,-5.7,-4.059338,44.53757,13,5.7,-22.6745,176.9914
19.02124,-4.452249,-14.86668,106.1414,-4.519697,2.898994,0.09355219,0.04308036,0.003859788,-0.04988392,0.9978181,-4.384899,2.930857,0.08796966,-0.0006262795,-0.1655023,0.9862092,12,-5.7,-3.731636,42.20586,13,5.7,-22.34679,174.6597
19.03815,-4.295445,-17.8974,127.7061,-4.707661,2.893013,0.09493297,0.04250335,0.005057916,-0.05029873,0.9978166,-4.607576,2.91866,0.08960581,0.002413957,-0.1609862,0.9869537,12,-5.7,-3.508077,40.61515,13,5.7,-22.12323,173.069
19.0625,-5.816349,-17.61474,125.6948,-5.067856,2.880687,0.09746926,0.04115699,0.006759942,-0.04962397,0.9978967,-4.980916,2.905128,0.09204686,-0.006564211,-0.1612301,0.986895,12,-5.7,-3.186574,38.32753,13,5.7,-21.80173,170.7814
19.08002,-5.969372,-17.61473,125.6948,-5.240007,2.874338,0.09860159,0.04111361,0.006656133,-0.04756299,0.9979995,-5.13394,2.905128,0.09204686,-0.006564211,-0.1612301,0.986895,12,-5.7,-2.955153,36.68089,13,5.7,-21.57031,169.1347
19.10425,-6.055984,-19.24457,137.2917,-5.571346,2.860855,0.1002264,0.04290114,0.005951259,-0.04547459,0.9980262,-5.478796,2.890831,0.09505212,-0.004153248,-0.1592795,0.9872248,12,-5.7,-2.634663,34.40049,13,5.7,-21.24982,166.8543
19.12262,-6.191898,-19.24459,137.2918,-5.724249,2.854706,0.1011488,0.04456518,0.005236942,-0.04442392,0.9980046,-5.61471,2.890831,0.09505212,-0.004153248,-0.1592795,0.9872248,12,-5.7,-2.391199,32.66815,13,5.7,-21.00636,165.122
19.146,-6.253987,-19.31244,137.7746,-6.012599,2.843693,0.1030354,0.04407191,0.003050201,-0.04033092,0.9982093,-5.918379,2.87576,0.09784269,-0.002406576,-0.159108,0.9872583,12,-5.7,-2.082197,30.46949,13,5.7,-20.69736,162.9233
19.1637,0.6712676,-47.67342,339.5732,-6.14474,2.837604,0.1035048,0.04101304,0.002673581,-0.03991769,0.9983574,-6.079709,2.860279,0.1001256,0.01966609,-0.1472083,0.98891,12,-5.7,-1.848519,28.80678,13,5.7,-20.46368,161.2606
19.18842,0.452663,-47.67348,339.5737,-6.39068,2.825855,0.1041303,0.0395366,0.001673128,-0.03844999,0.9984767,-6.298323,2.860279,0.1001256,0.01966609,-0.1472083,0.98891,12,-5.7,-1.521323,26.47866,13,5.7,-20.13648,158.9325
19.20557,NaN,NaN,NaN,-6.496679,2.820658,0.1043497,0.04025843,0.001346227,-0.03728018,0.9984928,-6.432425,2.845935,0.1022156,0.02065838,-0.142786,0.989538,12,-5.7,-1.295188,24.86963,13,5.7,-19.91035,157.3235
19.22943,NaN,NaN,NaN,-6.68887,2.811399,0.1046397,0.03923141,0.0007203929,-0.03383413,0.9986569,-6.638507,2.8321,0.1036036,0.01964019,-0.1379451,0.9902452,12,-5.7,-0.9789083,22.61918,13,5.7,-19.59406,155.073
19.24725,NaN,NaN,NaN,-6.771916,2.807335,0.1043034,0.03967595,0.001129795,-0.03229578,0.9986899,-6.712325,2.8321,0.1036036,0.01964019,-0.1379451,0.9902452,12,-5.7,-0.743559,20.94458,13,5.7,-19.35872,153.3984
19.27136,NaN,NaN,NaN,-6.917595,2.799295,0.1032717,0.04178384,0.0005654991,-0.03061858,0.9986572,-6.872108,2.819455,0.1041609,0.02261315,-0.1365012,0.9903818,12,-5.7,-0.4249855,18.67782,13,5.7,-19.04014,151.1317
19.28961,NaN,NaN,NaN,-6.972932,2.796074,0.1027289,0.04291992,0.0001583584,-0.03128378,0.9985887,-6.921297,2.819455,0.1041609,0.02261315,-0.1365012,0.9903818,12,-5.7,-0.1838477,16.96203,13,5.7,-18.799,149.4159
19.31299,NaN,NaN,NaN,-7.062635,2.790833,0.1016131,0.04226766,-0.001390196,-0.03083964,0.9986293,-7.025948,2.808378,0.103992,0.02497932,-0.1374531,0.9901932,12,-5.7,0.1254549,14.76123,13,5.7,-18.4897,147.2151
19.33051,NaN,NaN,NaN,-7.089556,2.78876,0.1010228,0.04150393,-0.002444931,-0.02977613,0.9986916,-7.069144,2.798937,0.1032045,0.02658967,-0.1394871,0.9898669,12,-5.7,0.35743,13.11064,13,5.7,-18.25772,145.5645
19.35559,NaN,NaN,NaN,-7.12191,2.785759,0.09979992,0.03940226,-0.002696473,-0.02907128,0.9987968,-7.097903,2.798937,0.1032045,0.02658967,-0.1394871,0.9898669,12,-5.7,0.6884441,10.75535,13,5.7,-17.92671,143.2092
19.37225,NaN,NaN,NaN,-7.117403,2.784443,0.09894851,0.03878277,-0.002058856,-0.02841001,0.9988416,-7.107521,2.791713,0.101966,0.02391373,-0.1388734,0.9900214,12,-5.7,0.9086618,9.188424,13,5.7,-17.70649,141.6423
19.39636,NaN,NaN,NaN,-7.093493,2.782504,0.09692396,0.0382269,0.000507012,-0.02996447,0.9988196,-7.093949,2.786637,0.1007146,0.02081064,-0.1413503,0.9897409,12,-5.7,1.228085,6.915609,13,5.7,-17.38707,139.3694
19.41394,NaN,NaN,NaN,-7.063831,2.782564,0.09576754,0.03730683,0.001754262,-0.03034349,0.9988415,-7.067584,2.786637,0.1007146,0.02081064,-0.1413503,0.9897409,12,-5.7,1.460378,5.262757,13,5.7,-17.15478,137.7166
19.43817,NaN,NaN,NaN,-6.986537,2.782228,0.09313796,0.03480997,0.004456058,-0.03183985,0.9988767,-7.000386,2.783312,0.09875262,0.01918152,-0.1422364,0.9896469,12,-5.7,1.780462,2.985245,13,5.7,-16.83469,135.4391
19.45685,NaN,NaN,NaN,-6.932974,2.782539,0.09175097,0.03337757,0.005804759,-0.03223316,0.9989061,-6.952774,2.783312,0.09875262,0.01918152,-0.1422364,0.9896469,12,-5.7,2.027717,1.22593,13,5.7,-16.58744,133.6798
19.47992,NaN,NaN,NaN,-6.810421,2.783364,0.08911099,0.02878333,0.008804686,-0.03467946,0.9989451,-6.839504,2.781681,0.09622598,0.02324209,-0.141865,0.9896131,13,5.7,-16.28284,131.5125,14,-5.7,-34.98383,264.5767
19.49774,NaN,NaN,NaN,-6.738695,2.784251,0.0880381,0.02696034,0.01015983,-0.03604211,0.9989349,-6.766058,2.781361,0.09341562,0.02129122,-0.1386183,0.990117,13,5.7,-16.04694,129.8339,14,-5.7,-34.74792,262.8982
19.52228,NaN,NaN,NaN,-6.574398,2.787657,0.08551179,0.02439947,0.01195785,-0.03669603,0.998957,-6.620016,2.781361,0.09341562,0.02129122,-0.1386183,0.990117,13,5.7,-15.72256,127.5259,14,-5.7,-34.42355,260.5901
19.53955,NaN,NaN,NaN,-6.476624,2.790017,0.08420298,0.02415488,0.01216074,-0.03523373,0.9990132,-6.518661,2.782213,0.09065986,0.02364374,-0.1317644,0.9909991,13,5.7,-15.49456,125.9035,14,-5.7,-34.19554,258.9677
19.56342,NaN,NaN,NaN,-6.267601,2.796591,0.08193393,0.02454781,0.01311316,-0.03321669,0.9990606,-6.313301,2.784797,0.08733082,0.02467793,-0.1361121,0.9903861,13,5.7,-15.17857,123.6552,14,-5.7,-33.87956,256.7194
19.58136,NaN,NaN,NaN,-6.14839,2.801019,0.08086433,0.02456427,0.01377276,-0.03112144,0.9991189,-6.207335,2.784797,0.08733082,0.02467793,-0.1361121,0.9903861,13,5.7,-14.94158,121.9689,14,-5.7,-33.64257,255.0331
19.6051,NaN,NaN,NaN,-5.896672,2.810117,0.07862972,0.02665401,0.0156422,-0.02715626,0.9991534,-5.959445,2.789899,0.08417487,0.02250344,-0.1369366,0.9903242,13,5.7,-14.62718,119.7318,14,-5.7,-33.32817,252.7961
19.62335,NaN,NaN,NaN,-5.758871,2.81561,0.07740337,0.03054118,0.01664491,-0.02456585,0.999093,-5.836956,2.789899,0.08417487,0.02250344,-0.1369366,0.9903242,13,5.7,-14.3862,118.0172,14,-5.7,-33.08719,251.0814
19.64691,NaN,NaN,NaN,-5.468886,2.827926,0.07462422,0.03727699,0.01734063,-0.01893353,0.9989752,-5.550456,2.798221,0.08171582,0.02059982,-0.1408796,0.9898124,13,5.7,-14.07485,115.8018,14,-5.7,-32.77584,248.866
19.66473,-0.5115066,-41.2253,293.6925,-5.313259,2.834701,0.07322404,0.0404173,0.0178595,-0.01768673,0.9988667,-5.378971,2.809149,0.07886147,0.01639224,-0.1482955,0.9888073,13,5.7,-13.83926,114.1255,14,-5.7,-32.54025,247.1897
19.68909,-0.2235575,-41.22536,293.6929,-4.989323,2.848859,0.07043701,0.04325237,0.01943141,-0.01665566,0.9987364,-5.091028,2.809149,0.07886147,0.01639224,-0.1482955,0.9888073,13,5.7,-13.51731,111.8347,14,-5.7,-32.2183,244.8989
19.70648,-3.602926,-31.63764,225.4728,-4.818876,2.856054,0.06912545,0.04283185,0.02075737,-0.01759446,0.9987116,-4.902319,2.822708,0.07562447,0.005698602,-0.1511287,0.9884977,13,5.7,-13.28719,110.1973,14,-5.7,-31.98818,243.2615
19.73065,-3.270504,-18.42836,131.4841,-4.471065,2.870422,0.06706853,0.04140878,0.0226318,-0.01789654,0.9987257,-4.552174,2.838481,0.07233858,0.009627386,-0.1597478,0.9871109,13,5.7,-12.9679,107.9254,14,-5.7,-31.66888,240.9896
19.74811,-3.110847,-18.42838,131.4842,-4.291453,2.877715,0.06639419,0.0411192,0.02256497,-0.01730093,0.9987496,-4.392519,2.838481,0.07233858,0.009627386,-0.1597478,0.9871109,13,5.7,-12.73663,106.2799,14,-5.7,-31.43762,239.3441
19.77222,1.934485,-4.200149,30.24509,-3.929327,2.891726,0.06426023,0.04190842,0.02240131,-0.01691655,0.998727,-4.02643,2.855683,0.06984949,0.1888918,-0.223588,0.9562051,13,5.7,-12.41768,104.0104,14,-5.7,-31.11867,237.0746
19.79016,2.101171,-4.200149,30.2451,-3.741805,2.89783,0.0631379,0.04278113,0.02245369,-0.01735283,0.9986814,-3.859744,2.855683,0.06984949,0.1888918,-0.223588,0.9562051,13,5.7,-12.18074,102.3245,14,-5.7,-30.88173,235.3887
19.81403,2.585239,-4.216147,30.35893,-3.359669,2.910199,0.06084057,0.04701692,0.02438887,-0.01782923,0.9984372,-3.473598,2.872783,0.0669992,0.1911615,-0.2236619,0.9557367,13,5.7,-11.86529,100.08,14,-5.7,-30.56628,233.1442
19.83185,2.329026,-6.26643,44.94745,-3.161706,2.916195,0.05985158,0.04962102,0.02606805,-0.01665634,0.998289,-3.249377,2.88921,0.06428611,0.1208863,-0.1984064,0.9726363,13,5.7,-11.62983,98.40457,14,-5.7,-30.33082,231.4688
19.85626,2.685322,-6.266411,44.94736,-2.760861,2.927951,0.05832703,0.0541383,0.02949157,-0.013355,0.9980085,-2.89307,2.88921,0.06428611,0.1208863,-0.1984064,0.9726363,13,5.7,-11.30681,96.10619,14,-5.7,-30.0078,229.1704
19.87347,5.546614,-9.600492,68.67059,-2.555897,2.933403,0.05770408,0.05559166,0.03159291,-0.01111434,0.9978918,-2.660624,2.904571,0.06187665,0.1168784,-0.1780833,0.9770496,13,5.7,-11.07931,94.48744,14,-5.7,-29.7803,227.5517
19.89764,9.177839,-12.7749,91.25756,-2.143212,2.943892,0.05641557,0.05763586,0.03540207,-0.008092321,0.997677,-2.241569,2.919002,0.05969536,0.1224728,-0.1683167,0.9780951,13,5.7,-10.75994,92.21503,14,-5.7,-29.46094,225.2792
19.91504,9.364585,-12.77489,91.2575,-1.933114,2.948607,0.05583321,0.05782387,0.03712795,-0.007018334,0.9976115,-2.054815,2.919002,0.05969536,0.1224728,-0.1683167,0.9780951,13,5.7,-10.52957,90.57581,14,-5.7,-29.23056,223.64
19.93927,11.80359,-14.87854,106.2257,-1.511813,2.95771,0.05508474,0.05873623,0.04021726,-0.005969553,0.9974452,-1.626528,2.932443,0.05770195,0.1237956,-0.1641774,0.9786319,13,5.7,-10.20923,88.29648,14,-5.7,-28.91022,221.3607
19.95709,11.99549,-14.87853,106.2257,-1.295915,2.960893,0.05474856,0.05723492,0.04049667,-0.00421027,0.9975302,-1.434619,2.932443,0.05770195,0.1237956,-0.1641774,0.9786319,13,5.7,-9.973833,86.62156,14,-5.7,-28.67482,219.6857
19.98102,12.85,-15.67233,112.0597,-0.8678603,2.967875,0.05440708,0.05669003,0.04169246,-0.001388495,0.99752,-0.9990335,2.944692,0.05616999,0.1210773,-0.1627622,0.9792082,13,5.7,-9.657438,84.37029,14,-5.7,-28.35843,217.4345
19.99866,12.54528,-16.97587,121.1491,-0.6492388,2.970419,0.05431827,0.05587303,0.04146527,0.0003969255,0.9975764,-0.7488543,2.955554,0.05517972,0.1076961,-0.161465,0.9809845,13,5.7,-9.424047,82.70962,14,-5.7,-28.12504,215.7738
20.02301,12.85,-16.85138,120.3927,-0.213011,2.975564,0.05442484,0.05439396,0.04129594,0.003088204,0.9976605,-0.3610963,2.955554,0.05517972,0.1076961,-0.161465,0.9809845,13,5.7,-9.102488,80.4216,14,-5.7,-27.80348,213.4858
20.04034,12.85,-16.80175,122.35,0.00600845,2.978127,0.05458724,0.05283949,0.0410032,0.003939066,0.9977531,-0.1093323,2.964131,0.05452037,0.1040422,-0.1586876,0.9818317,13,5.7,-8.873167,78.7899,14,-5.7,-27.57416,211.8541
20.06458,17.18923,-23.77824,169.5503,0.4427502,2.982355,0.05528902,0.05075987,0.04013258,0.006088744,0.9978856,0.3366798,2.971059,0.05430961,0.09774162,-0.155141,0.9830452,13,5.7,-8.552899,76.51108,14,-5.7,-27.25389,209.5753
20.08203,17.38411,-23.7784,169.5513,0.6618748,2.984676,0.05582913,0.0493444,0.03948894,0.007120093,0.9979755,0.5314572,2.971059,0.05430961,0.09774162,-0.155141,0.9830452,13,5.7,-8.321449,74.86422,14,-5.7,-27.02244,207.9284
20.10638,12.8577,-17.55462,129.5782,1.095842,2.986918,0.05723201,0.04843836,0.03753676,0.009386726,0.9980764,0.9752672,2.976968,0.05467045,0.09023862,-0.1559228,0.9836387,13,5.7,-7.999737,72.57512,14,-5.7,-26.70072,205.6393
20.12378,13.05167,-17.55464,129.5783,1.314054,2.989445,0.05833337,0.04641103,0.03765326,0.007006295,0.9981879,1.169233,2.976968,0.05467045,0.09023862,-0.1559228,0.9836387,13,5.7,-7.769593,70.93756,14,-5.7,-26.47058,204.0018
20.14807,12.85,-17.70798,126.8174,1.74924,2.988922,0.06032236,0.04038737,0.03676411,0.00659136,0.9984858,1.614156,2.981741,0.0555855,0.08714706,-0.1604729,0.9831856,13,5.7,-7.448838,68.65527,14,-5.7,-26.14982,201.7195
20.16547,12.85,-17.67541,127.937,1.965832,2.989183,0.06150269,0.03956093,0.03567007,0.00813912,0.9985471,1.864738,2.985679,0.05715513,0.08450002,-0.1589277,0.9836675,13,5.7,-7.218685,67.01764,14,-5.7,-25.91967,200.0818
20.18988,12.85,-16.96097,123.515,2.393178,2.986939,0.06348284,0.03716218,0.03408093,0.008278127,0.9986936,2.2446,2.985679,0.05715513,0.08450002,-0.1589277,0.9836675,13,5.7,-6.895596,64.71874,14,-5.7,-25.59658,197.7829
20.20721,11.41417,-15.24053,108.8013,2.598795,2.985823,0.06448644,0.03820578,0.03291437,0.006069458,0.9987093,2.485283,2.987649,0.05943155,0.08071669,-0.1647819,0.9830218,13,5.7,-6.66697,63.09198,14,-5.7,-25.36796,196.1562
20.23157,11.79776,-17.02777,121.5182,3.015977,2.981315,0.06651564,0.03651366,0.02884909,0.005009408,0.9989041,2.913356,2.987207,0.06175601,0.07198812,-0.1621765,0.9841323,13,5.7,-6.344806,60.79966,14,-5.7,-25.04579,193.8639
20.24896,11.97815,-17.02777,121.5182,3.218922,2.979335,0.06792565,0.03286219,0.02746272,0.003615169,0.999076,3.093751,2.987207,0.06175601,0.07198812,-0.1621765,0.9841323,13,5.7,-6.115007,59.16456,14,-5.7,-24.81599,192.2288
20.27338,12.04857,-17.99207,128.3796,3.623005,2.973821,0.07079,0.02851781,0.02474903,0.004726531,0.9992757,3.509165,2.984211,0.06423569,0.06553714,-0.1609861,0.9847783,13,5.7,-5.791799,56.86481,14,-5.7,-24.49278,189.929
20.29077,12.2258,-17.99207,128.3796,3.822387,2.970018,0.07191505,0.02800879,0.02357327,0.006273344,0.9993101,3.686393,2.984211,0.06423569,0.06553714,-0.1609861,0.9847783,13,5.7,-5.561632,55.22709,14,-5.7,-24.26262,188.2913
20.31512,12.85,-20.15281,143.929,4.207116,2.962937,0.07475272,0.02889845,0.02187612,0.008103073,0.9993101,4.083443,2.979487,0.067191,0.06005593,-0.1584694,0.9855357,13,5.7,-5.239984,52.93845,14,-5.7,-23.94097,186.0027
20.3327,11.14855,-16.79993,119.8971,4.392818,2.959576,0.0762636,0.02903558,0.02122416,0.007851765,0.9993222,4.302305,2.972888,0.0703249,0.05628279,-0.162552,0.9850934,13,5.7,-5.008007,51.28785,14,-5.7,-23.70899,184.3521
20.35699,11.48017,-16.79992,119.897,4.765895,2.951534,0.07949649,0.02910567,0.01880725,0.009582724,0.9993535,4.633929,2.972888,0.0703249,0.05628279,-0.162552,0.9850934,13,5.7,-4.686143,48.99767,14,-5.7,-23.38713,182.0619
20.37463,11.35013,-17.37875,124.0156,4.947616,2.947762,0.08146743,0.02982774,0.01791396,0.009822369,0.9993463,4.8474,2.964854,0.07361639,0.05170382,-0.1617541,0.9854757,13,5.7,-4.453273,47.34071,14,-5.7,-23.15426,180.4049
20.39868,8.84487,-17.32204,123.6121,5.306836,2.939387,0.08535601,0.03221195,0.01551843,0.01088109,0.9993014,5.217235,2.95614,0.07732058,0.0289653,-0.1619138,0.9863797,13,5.7,-4.135163,45.07724,14,-5.7,-22.83615,178.1414
20.41669,8.998244,-17.32203,123.612,5.479387,2.935701,0.08741225,0.03360055,0.01488989,0.009953284,0.9992749,5.370613,2.95614,0.07732058,0.0289653,-0.1619138,0.9863797,13,5.7,-3.897007,43.38267,14,-5.7,-22.59799,176.4469
20.44049,-2.576045,-30.52399,217.5486,5.817415,2.928453,0.09242424,0.03572139,0.01231769,0.009503531,0.9992407,5.720097,2.94674,0.08147776,-0.03767819,-0.1520124,0.9876602,13,5.7,-3.582578,41.14539,14,-5.7,-22.28356,174.2096
20.45819,-2.432617,-30.52394,217.5483,5.978757,2.924013,0.09450889,0.0344427,0.01064375,0.009116094,0.9993085,5.863512,2.94674,0.08147776,-0.03767819,-0.1520124,0.9876602,13,5.7,-3.348348,39.47876,14,-5.7,-22.04933,172.543
20.48218,-1.111469,-23.67969,168.849,6.292999,2.914728,0.09885964,0.03560758,0.00710097,0.00840637,0.9993053,6.190121,2.937372,0.08615792,-0.04269813,-0.1556509,0.9868889,13,5.7,-3.031394,37.22351,14,-5.7,-21.73238,170.2877
20.49982,-0.2388039,-20.9019,149.084,6.444311,2.909832,0.1012238,0.03654634,0.004864428,0.008825944,0.9992811,6.369772,2.927927,0.09142756,-0.04375645,-0.1577812,0.9865041,13,5.7,-2.798065,35.56329,14,-5.7,-21.49905,168.6275
20.52399,0.01708317,-20.9019,149.084,6.732183,2.900893,0.1060703,0.03675904,0.001909878,0.007792493,0.999292,6.625659,2.927927,0.09142756,-0.04375645,-0.1577812,0.9865041,13,5.7,-2.478695,33.29086,14,-5.7,-21.17968,166.3551
20.54163,-0.4778195,-21.35703,152.3225,6.868,2.895851,0.1082519,0.03661872,0.0008071288,0.007458675,0.9993011,6.789207,2.917484,0.09694612,-0.04709062,-0.1572998,0.9864275,13,5.7,-2.245625,31.63248,14,-5.7,-20.94661,164.6967
20.5658,-4.840182,-28.39174,202.3769,7.126975,2.886224,0.1119851,0.03729311,-0.003086586,0.00956272,0.9992539,7.059607,2.906477,0.10254,-0.05804008,-0.1526541,0.9865739,13,5.7,-1.926079,29.3588,14,-5.7,-20.62706,162.423
20.58344,-4.738984,-28.39172,202.3767,7.240813,2.882166,0.1140804,0.03668775,-0.004530352,0.007070587,0.9992915,7.160796,2.906477,0.10254,-0.05804008,-0.1526541,0.9865739,13,5.7,-1.692847,27.69927,14,-5.7,-20.39383,160.7635
20.60748,-11.85795,-43.57513,310.4123,7.458223,2.874485,0.1193635,0.03039585,-0.007046517,0.00211891,0.9995109,7.391232,2.89511,0.1075488,-0.06123389,-0.1478273,0.9871157,13,5.7,-1.374399,25.43339,14,-5.7,-20.07538,158.4976
20.62512,NaN,NaN,NaN,7.559024,2.870508,0.1222045,0.02480258,-0.008514661,0.001095704,0.9996555,7.51447,2.884233,0.112833,-0.06922401,-0.1439792,0.9871565,13,5.7,-1.141786,23.77826,14,-5.7,-19.84277,156.8425
20.64917,NaN,NaN,NaN,7.747512,2.861898,0.1271814,0.02102831,-0.0110834,-0.0004639408,0.9997174,7.682015,2.884233,0.112833,-0.06922401,-0.1439792,0.9871565,13,5.7,-0.8231118,21.51078,14,-5.7,-19.52409,154.575
20.66693,NaN,NaN,NaN,7.83194,2.855888,0.1292713,0.01975091,-0.01230243,0.0003716478,0.9997293,7.78688,2.87443,0.1187774,-0.06093042,-0.1416035,0.9880466,13,5.7,-0.5883912,19.84066,14,-5.7,-19.28937,152.9049
20.69104,NaN,NaN,NaN,7.988182,2.8454,0.1332663,0.02499194,-0.01533804,0.001931359,0.9995682,7.925761,2.87443,0.1187774,-0.06093042,-0.1416035,0.9880466,13,5.7,-0.269837,17.57403,14,-5.7,-18.97082,150.6382
20.70886,NaN,NaN,NaN,8.053991,2.839958,0.1351533,0.02903581,-0.01667763,0.001484461,0.9994382,8.010549,2.864144,0.1247813,-0.06189087,-0.1356243,0.9888253,13,5.7,-0.03409447,15.89663,14,-5.7,-18.73508,148.9608
20.73279,-12.85,-42.95962,308.3866,8.173829,2.830311,0.1391973,0.03238502,-0.01957191,5.837344E-05,0.9992839,8.139977,2.852247,0.13016,-0.0672006,-0.1466693,0.9869003,13,5.7,0.2822782,13.64552,14,-5.7,-18.4187,146.7097
20.75061,-12.85,-43.04693,308.9741,8.218831,2.825937,0.141008,0.03322324,-0.02006106,-0.002105335,0.9992445,8.179979,2.852247,0.13016,-0.0672006,-0.1466693,0.9869003,13,5.7,0.5180545,11.96789,14,-5.7,-18.18293,145.0321
20.77478,-5.455153,-25.79113,183.8726,8.297649,2.818106,0.1445703,0.03524882,-0.02036514,-0.005337581,0.9991568,8.269388,2.839836,0.1350604,-0.07360556,-0.1535497,0.9853957,13,5.7,0.8373318,9.696111,14,-5.7,-17.86365,142.7603
20.79242,-11.56798,-34.97216,249.199,8.326875,2.814502,0.1460485,0.03554942,-0.02023957,-0.00533847,0.9991487,8.310652,2.828337,0.1396489,-0.07866657,-0.1495896,0.9856138,13,5.7,1.070458,8.037334,14,-5.7,-17.63053,141.1015
20.81635,-11.53154,-34.97226,249.1996,8.367921,2.808005,0.1490818,0.03569868,-0.01997004,-0.005445366,0.9991483,8.347136,2.828337,0.1396489,-0.07866657,-0.1495896,0.9856138,13,5.7,1.386615,5.787755,14,-5.7,-17.31437,138.8519
20.83411,-12.85,-34.40552,245.4476,8.374192,2.805392,0.1503403,0.03469081,-0.01932066,-0.006413677,0.9991907,8.364079,2.818267,0.1439127,-0.08519123,-0.1494828,0.9850875,13,5.7,1.621943,4.11331,14,-5.7,-17.07904,137.1775
20.85809,-12.85,-34.40003,245.4114,8.370668,2.800777,0.1527885,0.03198339,-0.01834024,-0.007184831,0.9992943,8.360947,2.818267,0.1439127,-0.08519123,-0.1494828,0.9850875,13,5.7,1.938439,1.861324,14,-5.7,-16.76254,134.9255
20.87573,-12.53741,-32.78748,233.6541,8.353321,2.798844,0.1538256,0.03019669,-0.01743066,-0.008015445,0.9993599,8.35259,2.809917,0.1476762,-0.08809653,-0.15012,0.984735,13,5.7,2.172173,0.1982267,14,-5.7,-16.52881,133.2624
20.89984,-9.205582,-27.90986,198.9481,8.301779,2.79588,0.1552719,0.02781598,-0.01572129,-0.009379586,0.9994454,8.309292,2.803285,0.150911,-0.08674302,-0.152108,0.9845501,14,-5.7,-16.21032,130.9963,15,0.7,-34.30288,259.7314
20.91785,-9.241714,-27.90986,198.9481,8.261129,2.794439,0.1552195,0.02745244,-0.01570648,-0.008023323,0.9994675,8.273159,2.803285,0.150911,-0.08674302,-0.152108,0.9845501,14,-5.7,-15.97213,129.3015,15,0.7,-34.06469,258.0366
20.94165,-12.53714,-30.63636,218.3481,8.162638,2.792134,0.1547526,0.02853219,-0.01684435,-0.005421512,0.9994363,8.183338,2.798231,0.1535107,-0.0934568,-0.1508021,0.9841365,14,-5.7,-15.65734,127.0616,15,0.7,-33.7499,255.7968
20.95941,-12.85,-29.71308,215.1703,8.099206,2.79198,0.1543951,0.028005,-0.01757793,-0.005002121,0.9994407,8.119806,2.794353,0.154881,-0.09598589,-0.1487975,0.9841982,14,-5.7,-15.42253,125.3908,15,0.7,-33.51509,254.126
20.98328,-12.85,-29.51025,213.8287,7.952012,2.79291,0.1532888,0.02364718,-0.0167996,-0.007943186,0.9995477,7.988968,2.794353,0.154881,-0.09598589,-0.1487975,0.9841982,14,-5.7,-15.10736,123.1483,15,0.7,-33.19992,251.8834
21.00116,-12.85,-29.22895,209.7344,7.86037,2.796537,0.1531926,0.02226581,-0.01548864,-0.01187087,0.9995617,7.895118,2.791921,0.1548278,-0.0973839,-0.1503157,0.98383,14,-5.7,-14.87094,121.4661,15,0.7,-32.9635,250.2012
21.02502,-27.03096,-50.19054,357.4835,7.663814,2.804005,0.1522937,0.01620396,-0.01353647,-0.01648687,0.9996412,7.702902,2.792429,0.1540115,-0.09571134,-0.145998,0.9846441,14,-5.7,-14.55507,119.2185,15,0.7,-32.64762,247.9537
21.04285,-27.1304,-50.19046,357.483,7.551888,2.808292,0.1513353,0.01414569,-0.01238594,-0.01708443,0.9996772,7.603413,2.792429,0.1540115,-0.09571134,-0.145998,0.9846441,14,-5.7,-14.31907,117.5394,15,0.7,-32.41163,246.2745
21.06683,NaN,NaN,NaN,7.317083,2.817491,0.1494479,0.01469529,-0.0124179,-0.016137,0.9996847,7.372073,2.797643,0.1531023,-0.02030273,-0.1391873,0.9900579,14,-5.7,-14.00272,115.2884,15,0.7,-32.09528,244.0235
21.08472,NaN,NaN,NaN,7.184888,2.82305,0.1482841,0.01609641,-0.01296965,-0.01688505,0.9996437,7.254566,2.797643,0.1531023,-0.02030273,-0.1391873,0.9900579,14,-5.7,-13.76622,113.6056,15,0.7,-31.85878,242.3407
21.10852,1.835433,-46.92698,334.262,6.907289,2.834414,0.1458282,0.01802964,-0.01199829,-0.02091835,0.9995466,6.980351,2.806609,0.1515322,-0.01522927,-0.1472144,0.9889873,14,-5.7,-13.4514,111.3656,15,0.7,-31.54396,240.1007
21.12634,3.85412,-27.48186,195.9027,6.756922,2.840898,0.1445729,0.01870341,-0.01197502,-0.02250208,0.9995001,6.814675,2.818059,0.1491297,-0.01494424,-0.1529474,0.9881213,14,-5.7,-13.21529,109.6855,15,0.7,-31.30785,238.4207
21.15033,3.573479,-27.48186,195.9027,6.4412,2.854178,0.1419849,0.0194722,-0.01236127,-0.02754725,0.9993544,6.534034,2.818059,0.1491297,-0.01494424,-0.1529474,0.9881213,14,-5.7,-12.89867,107.4326,15,0.7,-30.99122,236.1678
21.16815,3.610966,-23.56101,168.0044,6.276197,2.860754,0.1410061,0.01861181,-0.01313173,-0.02950556,0.9993051,6.351182,2.831584,0.1463089,-0.01612439,-0.1553032,0.9877353,14,-5.7,-12.66289,105.755,15,0.7,-30.75545,234.4901
21.19202,2.568968,-24.01808,171.2566,5.934377,2.873243,0.1385282,0.01717024,-0.01321282,-0.03327903,0.9992113,6.007504,2.846912,0.1439297,-0.01984807,-0.1550713,0.9877039,14,-5.7,-12.34745,103.5105,15,0.7,-30.44,232.2456
21.20996,2.410144,-24.0181,171.2567,5.755703,2.878717,0.1366298,0.01740931,-0.01334369,-0.03359307,0.9991949,5.848683,2.846912,0.1439297,-0.01984807,-0.1550713,0.9877039,14,-5.7,-12.1099,101.8203,15,0.7,-30.20246,230.5554
21.23395,1.331744,-25.5351,182.0508,5.386976,2.890961,0.1335337,0.01933668,-0.01165192,-0.03681339,0.9990672,5.477334,2.862227,0.1406518,-0.02251082,-0.1541993,0.9877833,14,-5.7,-11.7931,99.56611,15,0.7,-29.88566,228.3012
21.25165,1.160481,-25.5351,182.0508,5.194305,2.897412,0.1321953,0.01972802,-0.01023755,-0.03921611,0.9989836,5.306071,2.862227,0.1406518,-0.02251082,-0.1541993,0.9877833,14,-5.7,-11.55875,97.89861,15,0.7,-29.65131,226.6337
21.27551,1.151725,-23.36416,166.6037,4.802687,2.909679,0.1293126,0.0206534,-0.008287393,-0.04287619,0.9988326,4.911419,2.876944,0.1370107,-0.02230423,-0.1556742,0.9875566,14,-5.7,-11.24295,95.6516,15,0.7,-29.33551,224.3867
21.29352,1.611613,-21.19959,151.2021,4.599467,2.915781,0.1275064,0.02228086,-0.007288553,-0.04487589,0.9987175,4.681624,2.891678,0.1332259,-0.02006432,-0.1574505,0.987323,14,-5.7,-11.00542,93.96146,15,0.7,-29.09798,222.6966
21.31732,1.244551,-21.19961,151.2022,4.186526,2.927512,0.1242346,0.02644582,-0.005615849,-0.04810688,0.9984763,4.314566,2.891678,0.1332259,-0.02006432,-0.1574505,0.987323,14,-5.7,-10.69042,91.72012,15,0.7,-28.78298,220.4552
21.33527,1.680499,-19.25702,137.3799,3.973415,2.93372,0.1229132,0.02885913,-0.004464339,-0.05036085,0.9983041,4.073496,2.90643,0.1293563,-0.01720972,-0.1593929,0.9870652,14,-5.7,-10.45309,90.03143,15,0.7,-28.54564,218.7666
21.35907,1.90607,-16.47072,117.5544,3.544562,2.945284,0.120204,0.03118573,-0.001996681,-0.05399776,0.998052,3.638173,2.920805,0.1257913,-0.01455164,-0.1629108,0.9865335,14,-5.7,-10.1388,87.79515,15,0.7,-28.23136,216.5303
21.37744,1.712035,-16.47073,117.5544,3.326274,2.950582,0.1188702,0.03204164,-0.0002707318,-0.05585192,0.9979249,3.444139,2.920805,0.1257913,-0.01455164,-0.1629108,0.9865335,14,-5.7,-9.89595,86.06718,15,0.7,-27.98851,214.8023
21.40082,1.60454,-20.06911,143.1583,2.887589,2.960552,0.1162561,0.0332353,0.003520973,-0.05832027,0.9977383,2.998183,2.934937,0.1223776,-0.009619259,-0.1587793,0.9872673,14,-5.7,-9.586263,83.86363,15,0.7,-27.67882,212.5988
21.41882,1.406882,-20.06915,143.1585,2.665227,2.965228,0.1150023,0.03409526,0.005684104,-0.05903714,0.9976572,2.800529,2.934937,0.1223776,-0.009619259,-0.1587793,0.9872673,14,-5.7,-9.348434,82.17139,15,0.7,-27.44099,210.9066
21.44263,1.329956,-21.96892,156.6761,2.220451,2.973129,0.1125838,0.03391812,0.01050877,-0.05989229,0.9975731,2.347642,2.948196,0.1189793,-0.006419488,-0.1571752,0.9875498,14,-5.7,-9.033772,79.93245,15,0.7,-27.12633,208.6676
21.46063,2.17715,-20.75946,148.0703,1.997431,2.976278,0.1114859,0.03362187,0.01317943,-0.06108993,0.9974788,2.090993,2.960027,0.115895,0.0005749746,-0.1582948,0.9873917,14,-5.7,-8.795751,78.23884,15,0.7,-26.88831,206.974
21.48438,1.779949,-20.75945,148.0703,1.55058,2.981163,0.109155,0.03438486,0.01841431,-0.06220955,0.9973007,1.693792,2.960027,0.115895,0.0005749746,-0.1582948,0.9873917,14,-5.7,-8.481743,76.00455,15,0.7,-26.5743,204.7397
21.50238,2.197857,-20.64583,147.2618,1.328152,2.983335,0.1081324,0.0364448,0.02088805,-0.06280655,0.9971414,1.437076,2.97003,0.1130772,0.005104753,-0.1584599,0.9873522,14,-5.7,-8.24388,74.31207,15,0.7,-26.33643,203.0473
21.52631,1.587413,-18.6433,133.0131,0.8799323,2.986263,0.1061655,0.03804315,0.02614994,-0.06450137,0.9968494,0.9793681,2.977578,0.1103109,0.004515698,-0.1605694,0.9870142,14,-5.7,-7.927676,72.06216,15,0.7,-26.02023,200.7973
21.54425,1.388222,-18.64329,133.013,0.655842,2.98794,0.1054621,0.03809218,0.02836514,-0.06532266,0.9967334,0.7801767,2.977578,0.1103109,0.004515698,-0.1605694,0.9870142,14,-5.7,-7.689961,70.37074,15,0.7,-25.78251,199.1059
21.56805,1.429376,-23.29397,166.1043,0.2082784,2.991718,0.1048621,0.03995049,0.03213458,-0.06672519,0.9964533,0.3229653,2.982762,0.1076167,0.006583137,-0.1563465,0.9876803,14,-5.7,-7.375754,68.13503,15,0.7,-25.46831,196.8702
21.58606,1.228996,-23.29397,166.1044,-0.01714906,2.990477,0.1042633,0.03869898,0.03336988,-0.06732503,0.9964218,0.1225853,2.982762,0.1076167,0.006583137,-0.1563465,0.9876803,14,-5.7,-7.137655,66.44086,15,0.7,-25.23021,195.1761
21.60974,1.298017,-24.67759,175.9493,-0.4663354,2.989087,0.1041384,0.03705592,0.03642609,-0.0687564,0.9962794,-0.3363466,2.986694,0.1057948,0.009181102,-0.1554052,0.9878082,14,-5.7,-6.82401,64.20917,15,0.7,-24.91656,192.9444
21.62775,3.311656,-30.2194,215.3814,-0.6909114,2.987699,0.1040543,0.0385945,0.03733566,-0.06922363,0.996155,-0.5957301,2.988564,0.1046947,0.01793547,-0.1524294,0.9881516,14,-5.7,-6.585978,62.51548,15,0.7,-24.67853,191.2507
21.65155,2.914917,-30.2194,215.3814,-1.137243,2.98367,0.104022,0.04063848,0.03816275,-0.06800495,0.9961262,-0.9924692,2.988564,0.1046947,0.01793547,-0.1524294,0.9881516,14,-5.7,-6.271297,60.27642,15,0.7,-24.36385,189.0116
21.66943,0.8959502,-26.65253,190.0018,-1.360007,2.980716,0.1042691,0.04297478,0.03786279,-0.06709795,0.9961012,-1.250263,2.987898,0.1040976,0.01116604,-0.1542094,0.9879751,14,-5.7,-6.03478,58.59351,15,0.7,-24.12733,187.3287
21.69342,0.5847852,-21.89989,156.185,-1.79614,2.97487,0.1052055,0.04543932,0.03712571,-0.0656246,0.9961177,-1.697496,2.984484,0.1039673,0.01443854,-0.1574276,0.987425,14,-5.7,-5.717987,56.33941,15,0.7,-23.81054,185.0746
21.71155,0.3924206,-21.89989,156.185,-2.012551,2.969876,0.1056148,0.04621878,0.03645649,-0.06467931,0.9961684,-1.889861,2.984484,0.1039673,0.01443854,-0.1574276,0.987425,14,-5.7,-5.477971,54.63161,15,0.7,-23.57052,183.3668
21.73541,-0.232296,-16.39786,117.036,-2.43592,2.962039,0.1075619,0.0475323,0.03526998,-0.06227089,0.9963027,-2.32506,2.978512,0.1044983,0.01765383,-0.1634523,0.9863933,14,-5.7,-5.162369,52.38599,15,0.7,-23.25492,181.1212
21.75317,-0.4172998,-16.39786,117.036,-2.64405,2.959225,0.1091808,0.04801435,0.034867,-0.06164175,0.9963329,-2.510064,2.978512,0.1044983,0.01765383,-0.1634523,0.9863933,14,-5.7,-4.927807,50.717,15,0.7,-23.02036,179.4522
21.77686,-0.3862546,-19.5532,139.4874,-3.057194,2.950358,0.1116565,0.04660981,0.03387191,-0.06182098,0.9964228,-2.935176,2.970145,0.1057061,0.01805022,-0.1594993,0.987033,14,-5.7,-4.615059,48.49168,15,0.7,-22.70761,177.2269
21.79468,1.995937,-30.01551,213.9307,-3.257041,2.945363,0.1127924,0.04744383,0.0333914,-0.0624597,0.9963599,-3.169671,2.961043,0.1075021,0.02386923,-0.152378,0.988034,14,-5.7,-4.378836,46.81086,15,0.7,-22.47139,175.5461
21.81879,1.649545,-30.01549,213.9305,-3.646729,2.935898,0.116048,0.05133564,0.03209979,-0.06200338,0.9962379,-3.51606,2.961043,0.1075021,0.02386923,-0.152378,0.988034,14,-5.7,-4.060818,44.54805,15,0.7,-22.15337,173.2832
21.83618,0.9866192,-26.56901,189.4075,-3.835224,2.931555,0.1179876,0.05215919,0.03154882,-0.06118958,0.996263,-3.738441,2.950967,0.1106328,0.02465552,-0.1540363,0.9877576,14,-5.7,-3.830811,42.91146,15,0.7,-21.92336,171.6467
21.86035,-0.2316523,-19.4044,138.4286,-4.206885,2.920705,0.1219151,0.05345152,0.03085285,-0.06064922,0.9962494,-4.12165,2.940013,0.1143478,0.02775368,-0.1594191,0.9868208,14,-5.7,-3.510695,40.63372,15,0.7,-21.60325,169.3689
21.87799,-0.3897586,-19.4044,138.4286,-4.384755,2.915931,0.1239756,0.05250857,0.03061029,-0.06030148,0.9963281,-4.279756,2.940013,0.1143478,0.02775368,-0.1594191,0.9868208,14,-5.7,-3.277477,38.97428,15,0.7,-21.37003,167.7095
21.90204,-0.2649699,-21.00365,149.8079,-4.730481,2.90497,0.12757,0.05293381,0.03007552,-0.05876191,0.9964139,-4.637884,2.928385,0.1185896,0.02883491,-0.1578074,0.9870488,14,-5.7,-2.959555,36.71215,15,0.7,-21.05211,165.4473
21.91992,-0.4119607,-21.00365,149.8079,-4.895846,2.899521,0.1292831,0.05498329,0.029107,-0.05623981,0.9964772,-4.784875,2.928385,0.1185896,0.02883491,-0.1578074,0.9870488,14,-5.7,-2.722989,35.0289,15,0.7,-20.81554,163.7641
21.94379,-0.2246065,-19.88792,141.869,-5.218713,2.888846,0.1332718,0.05568536,0.02660001,-0.05317767,0.9966764,-5.120423,2.916258,0.1231323,0.03408109,-0.158746,0.9867311,14,-5.7,-2.408032,32.78786,15,0.7,-20.50059,161.5231
21.96136,-0.9141241,-17.87781,127.5664,-5.373688,2.883135,0.1353461,0.05442606,0.0244409,-0.05232311,0.9968464,-5.304183,2.903402,0.1276693,0.03397969,-0.1608496,0.9863938,14,-5.7,-2.175139,31.13074,15,0.7,-20.26769,159.8659
21.98553,-1.178645,-17.87782,127.5664,-5.671275,2.87171,0.1390539,0.05200407,0.02018556,-0.05163093,0.9971071,-5.568705,2.903402,0.1276693,0.03397969,-0.1608496,0.9863938,14,-5.7,-1.855832,28.85875,15,0.7,-19.94839,157.5939
22.00323,-0.541555,-20.47869,146.0726,-5.80809,2.866169,0.1407656,0.05145599,0.01772156,-0.05122648,0.9972032,-5.733849,2.890287,0.1323221,0.035109,-0.1580153,0.9868124,14,-5.7,-1.621482,27.19127,15,0.7,-19.71404,155.9265
22.02734,0.2451868,-22.65082,161.5282,-6.067447,2.855328,0.1438065,0.05142466,0.01299884,-0.04904558,0.9973872,-6.005231,2.876871,0.1368105,0.03822481,-0.1561162,0.9869988,14,-5.7,-1.303198,24.92656,15,0.7,-19.39575,153.6618
22.04498,0.1402826,-22.65081,161.5281,-6.185459,2.849599,0.1450803,0.0531376,0.01079478,-0.04836784,0.9973568,-6.110131,2.876871,0.1368105,0.03822481,-0.1561162,0.9869988,14,-5.7,-1.069759,23.26555,15,0.7,-19.16231,152.0008
22.06903,-0.2838832,-22.18005,158.1785,-6.402208,2.839207,0.1478027,0.05538794,0.00765292,-0.04664352,0.9973455,-6.340216,2.863548,0.1409564,0.03782276,-0.1564012,0.9869692,14,-5.7,-0.7521489,21.00564,15,0.7,-18.8447,149.7408
22.08722,-0.3694387,-22.18005,158.1785,-6.498459,2.834372,0.149213,0.05578168,0.007193539,-0.04548768,0.9973803,-6.425772,2.863548,0.1409564,0.03782276,-0.1564012,0.9869692,14,-5.7,-0.5116488,19.29439,15,0.7,-18.6042,148.0296
22.1109,-0.6983687,-18.23014,130.0734,-6.677378,2.82478,0.1520208,0.05435132,0.006113306,-0.04326069,0.9975656,-6.618227,2.8504,0.144592,0.04492882,-0.1599909,0.9860955,14,-5.7,-0.1982929,17.06475,15,0.7,-18.29085,145.8
22.1286,0.1825791,-18.75479,133.8065,-6.754152,2.820518,0.1535127,0.0528505,0.005452558,-0.04173063,0.9977152,-6.715465,2.83793,0.1479584,0.05088288,-0.1592771,0.9859218,14,-5.7,0.0357611,15.39937,15,0.7,-18.05679,144.1346
22.15277,0.06177093,-18.75479,133.8065,-6.89006,2.813835,0.1562815,0.05109198,0.003696773,-0.03832692,0.9979514,-6.836272,2.83793,0.1479584,0.05088288,-0.1592771,0.9859218,14,-5.7,0.3553957,13.12505,15,0.7,-17.73716,141.8603
22.17029,4.104244,-27.51479,196.1372,-6.940783,2.811141,0.1575358,0.04949814,0.001566757,-0.03558711,0.9981388,-6.906235,2.826584,0.1513584,0.05543322,-0.1527563,0.986708,14,-5.7,0.5869969,11.47712,15,0.7,-17.50555,140.2123
22.19446,8.913493,-39.50788,281.4725,-7.031147,2.805667,0.1597645,0.0479238,-0.002404042,-0.03225131,0.9983273,-7.00675,2.816957,0.1546606,0.0558744,-0.1485452,0.9873258,14,-5.7,0.9061763,9.206041,15,0.7,-17.18637,137.9413
22.21216,8.886151,-39.50788,281.4725,-7.061907,2.803529,0.1607694,0.04741024,-0.004848134,-0.03158101,0.9983643,-7.034092,2.816957,0.1546606,0.0558744,-0.1485452,0.9873258,14,-5.7,1.140393,7.539504,15,0.7,-16.95216,136.2747
22.23615,12.85,-48.50363,346.7118,-7.103795,2.799483,0.1627913,0.04603514,-0.008229446,-0.03113142,0.9984207,-7.086762,2.809319,0.1576872,0.0568162,-0.1462327,0.9876173,14,-5.7,1.457323,5.284431,15,0.7,-16.63523,134.0197
22.25403,12.85,-48.51693,346.8017,-7.109606,2.797921,0.1638328,0.04576547,-0.008793605,-0.0314693,0.9984177,-7.091928,2.809319,0.1576872,0.0568162,-0.1462327,0.9876173,14,-5.7,1.694262,3.59852,15,0.7,-16.39829,132.3337
22.27789,NaN,NaN,NaN,-7.098177,2.796236,0.1654704,0.04488733,-0.00924844,-0.03080953,0.9984741,-7.092423,2.803216,0.1606008,0.0545258,-0.1429502,0.9882268,14,-5.7,2.009951,1.352277,15,0.7,-16.0826,130.0875
22.29572,NaN,NaN,NaN,-7.078439,2.79578,0.1659735,0.04408463,-0.008481558,-0.03046545,0.9985272,-7.080425,2.798597,0.1631073,0.0563162,-0.1437635,0.9880084,15,0.7,-15.84756,128.4151,16,-5.7,-33.94012,257.1503
22.31958,NaN,NaN,NaN,-7.023108,2.795314,0.1668614,0.04186087,-0.0075812,-0.02945521,0.9986604,-7.031242,2.798597,0.1631073,0.0563162,-0.1437635,0.9880084,15,0.7,-15.53142,126.1656,16,-5.7,-33.62398,254.9008
22.33801,NaN,NaN,NaN,-6.982812,2.795427,0.1671088,0.0398459,-0.006817207,-0.02960068,0.9987441,-6.995552,2.795798,0.1649451,0.06693554,-0.1418038,0.9876292,15,0.7,-15.28802,124.4337,16,-5.7,-33.38057,253.1689
22.36157,NaN,NaN,NaN,-6.886543,2.795683,0.1671434,0.03646499,-0.006119614,-0.02851072,0.9989095,-6.905051,2.794526,0.1662697,0.06794703,-0.1376035,0.9881541,15,0.7,-14.97624,122.2154,16,-5.7,-33.0688,250.9506
22.37946,NaN,NaN,NaN,-6.828336,2.796406,0.1670443,0.03485792,-0.006134573,-0.02774237,0.9989883,-6.853312,2.794526,0.1662697,0.06794703,-0.1376035,0.9881541,15,0.7,-14.74044,120.5375,16,-5.7,-32.833,249.2728
22.40302,NaN,NaN,NaN,-6.69639,2.799311,0.1669197,0.03076844,-0.005709127,-0.02773389,0.9991254,-6.726657,2.794366,0.1670167,0.04232603,-0.1347982,0.9899687,15,0.7,-14.42866,118.3191,16,-5.7,-32.52122,247.0543
22.42181,NaN,NaN,NaN,-6.616574,2.801363,0.1666396,0.02890522,-0.005476486,-0.02694915,0.9992038,-6.655709,2.794366,0.1670167,0.04232603,-0.1347982,0.9899687,15,0.7,-14.18045,116.553,16,-5.7,-32.27301,245.2882
22.44482,NaN,NaN,NaN,-6.442918,2.806668,0.1660531,0.02699791,-0.005400032,-0.0237555,0.9993386,-6.487738,2.795565,0.1671318,0.015674,-0.1316717,0.9911695,15,0.7,-13.87606,114.3871,16,-5.7,-31.96862,243.1223
22.46283,NaN,NaN,NaN,-6.34283,2.810172,0.165616,0.02731806,-0.005455494,-0.02157372,0.9993791,-6.380985,2.798814,0.1668338,0.01022307,-0.1295391,0.9915216,15,0.7,-13.63789,112.6925,16,-5.7,-31.73045,241.4277
22.48688,NaN,NaN,NaN,-6.126516,2.818759,0.1648566,0.02964565,-0.005724419,-0.01732107,0.9993941,-6.188706,2.798814,0.1668338,0.01022307,-0.1295391,0.9915216,15,0.7,-13.31982,110.4293,16,-5.7,-31.41238,239.1645
22.50452,NaN,NaN,NaN,-6.007039,2.824123,0.1646394,0.03149077,-0.005582858,-0.01454572,0.9993826,-6.060435,2.804528,0.1664115,0.01025288,-0.1389404,0.9902477,15,0.7,-13.087,108.7727,16,-5.7,-31.17956,237.5079
22.52826,NaN,NaN,NaN,-5.758562,2.835686,0.1634585,0.03291364,-0.004785817,-0.01125105,0.9993834,-5.813157,2.813125,0.1657838,0.007403996,-0.1407535,0.990017,15,0.7,-12.7724,106.5342,16,-5.7,-30.86496,235.2694
22.5462,NaN,NaN,NaN,-5.626693,2.842545,0.1629201,0.03274729,-0.003432382,-0.01142888,0.9993925,-5.69594,2.813125,0.1657838,0.007403996,-0.1407535,0.990017,15,0.7,-12.53512,104.8459,16,-5.7,-30.62769,233.5811
22.57007,NaN,NaN,NaN,-5.353564,2.856199,0.1614285,0.03254922,-0.0006739945,-0.01270817,0.9993892,-5.42283,2.824698,0.1645144,0.006754602,-0.143218,0.9896681,15,0.7,-12.21985,102.6026,16,-5.7,-30.31241,231.3378
22.58893,NaN,NaN,NaN,-5.20849,2.863039,0.1604009,0.03240699,0.0006003007,-0.01260318,0.9993951,-5.293875,2.824698,0.1645144,0.006754602,-0.143218,0.9896681,15,0.7,-11.97029,100.8269,16,-5.7,-30.06285,229.5621
22.61182,NaN,NaN,NaN,-4.910038,2.877328,0.1581875,0.03394127,0.002064813,-0.009422711,0.9993773,-4.99502,2.839049,0.163064,0.01052701,-0.1428678,0.9896858,15,0.7,-11.66803,98.6762,16,-5.7,-29.76059,227.4114
22.62982,NaN,NaN,NaN,-4.755513,2.884076,0.1571644,0.0335257,0.002437238,-0.007388715,0.9994076,-4.821325,2.85516,0.1612229,0.008282063,-0.1413587,0.9899238,15,0.7,-11.43018,96.98382,16,-5.7,-29.52275,225.719
22.65399,NaN,NaN,NaN,-4.440026,2.897252,0.1549864,0.03338296,0.003335562,-0.006649771,0.999415,-4.540893,2.85516,0.1612229,0.008282063,-0.1413587,0.9899238,15,0.7,-11.11075,94.71095,16,-5.7,-29.20332,223.4462
22.67145,NaN,NaN,NaN,-4.278836,2.902771,0.1535533,0.03272435,0.004905399,-0.008046619,0.99942,-4.358671,2.871808,0.1588827,0.003545842,-0.140684,0.9900482,15,0.7,-10.8793,93.06409,16,-5.7,-28.97186,221.7993
22.69568,NaN,NaN,NaN,-3.946588,2.914783,0.1513708,0.03318527,0.007742882,-0.007524703,0.999391,-4.022372,2.887936,0.1562096,0.003395535,-0.1408232,0.990029,15,0.7,-10.55915,90.78608,16,-5.7,-28.65171,219.5213
22.71313,NaN,NaN,NaN,-3.77572,2.920891,0.1504053,0.03305917,0.009579801,-0.006432572,0.9993868,-3.87049,2.887936,0.1562096,0.003395535,-0.1408232,0.990029,15,0.7,-10.32827,89.14332,16,-5.7,-28.42084,217.8785
22.73724,NaN,NaN,NaN,-3.429577,2.931993,0.1487604,0.0345578,0.01268379,-0.003347341,0.9993166,-3.520058,2.903038,0.153549,-3.824388E-05,-0.142063,0.9898576,15,0.7,-10.0097,86.87654,16,-5.7,-28.10226,215.6118
22.75562,NaN,NaN,NaN,-3.251602,2.937104,0.1477071,0.0371564,0.01402008,-9.768853E-05,0.9992112,-3.361858,2.903038,0.153549,-3.824388E-05,-0.142063,0.9898576,15,0.7,-9.766759,85.14795,16,-5.7,-27.85933,213.8832
22.77899,NaN,NaN,NaN,-2.892722,2.947163,0.14564,0.04171398,0.01653345,0.006313862,0.9989729,-2.998438,2.917576,0.1515692,0.001785221,-0.1433967,0.9896637,15,0.7,-9.458056,82.95142,16,-5.7,-27.55062,211.6866
22.79639,-4.995947,-39.42891,280.9105,-2.708905,2.951875,0.1446861,0.04288921,0.01826651,0.009651414,0.9988663,-2.788945,2.930741,0.1488873,-0.007772558,-0.1491811,0.9887793,15,0.7,-9.227588,81.31155,16,-5.7,-27.32015,210.0468
22.82147,-4.66334,-39.42891,280.9105,-2.334723,2.960211,0.1426887,0.04533618,0.02241586,0.01767942,0.9985638,-2.456338,2.930741,0.1488873,-0.007772558,-0.1491811,0.9887793,15,0.7,-8.895757,78.95045,16,-5.7,-26.98832,207.6857
22.83813,-2.663977,-28.59585,203.8293,-2.143403,2.963613,0.1415226,0.04718075,0.02502552,0.02197608,0.998331,-2.238793,2.942936,0.146307,-0.002062885,-0.1530187,0.9882212,15,0.7,-8.675361,77.38225,16,-5.7,-26.76793,206.1175
22.86255,NaN,NaN,NaN,-1.753929,2.968888,0.1391903,0.04935151,0.02840114,0.03128553,0.9978873,-1.843574,2.953908,0.1438131,0.0002970395,-0.1425567,0.9897866,15,0.7,-8.353227,75.09015,16,-5.7,-26.44579,203.8254
22.87988,NaN,NaN,NaN,-1.561086,2.971952,0.138168,0.0550481,0.02973645,0.03495201,0.9974286,-1.672158,2.953908,0.1438131,0.0002970395,-0.1425567,0.9897866,15,0.7,-8.123902,73.45843,16,-5.7,-26.21647,202.1937
22.90424,-1.222962,-40.93813,291.6492,-1.172376,2.974987,0.1361202,0.05827944,0.03021631,0.04203626,0.9969571,-1.276023,2.962994,0.1411736,0.0001799936,-0.1489208,0.9888492,15,0.7,-7.801672,71.16563,16,-5.7,-25.89424,199.9009
22.92267,-1.050932,-40.93808,291.6488,-0.9788428,2.976228,0.1353831,0.05842395,0.02999837,0.04390423,0.9968747,-1.103993,2.962994,0.1411736,0.0001799936,-0.1489208,0.9888492,15,0.7,-7.558073,69.43233,16,-5.7,-25.65064,198.1676
22.94598,-1.086224,-21.85894,155.8937,-0.5942546,2.979069,0.1345278,0.06019467,0.02932884,0.04754171,0.9966225,-0.7108545,2.969403,0.1385838,-0.00237994,-0.1574183,0.9875292,15,0.7,-7.249478,67.23657,16,-5.7,-25.34204,195.9718
22.96362,-0.9708148,-18.001,128.443,-0.4002619,2.978632,0.1338212,0.05817452,0.02851857,0.04756952,0.9967646,-0.4868659,2.973786,0.1363248,-0.003722376,-0.1613312,0.9868933,15,0.7,-7.016572,65.57936,16,-5.7,-25.10914,194.3146
22.98853,-0.6288357,-18.00099,128.4429,-0.01553569,2.978366,0.1333561,0.0587012,0.02738119,0.04878848,0.9967067,-0.144887,2.973786,0.1363248,-0.003722376,-0.1613312,0.9868933,15,0.7,-6.68709,63.23498,16,-5.7,-24.77966,191.9702
23.00525,-2.515471,-40.16419,286.1423,0.1784844,2.976503,0.1332085,0.05902753,0.02638276,0.04994028,0.9966573,0.079109,2.976674,0.1346561,-0.008969882,-0.149145,0.9887747,15,0.7,-6.466429,61.66489,16,-5.7,-24.55899,190.4001
23.02954,-2.750439,-34.2287,243.909,0.5579317,2.97582,0.1334852,0.06078199,0.02615477,0.05024908,0.9965423,0.4676927,2.977178,0.1336241,-0.01304898,-0.1508636,0.9884685,15,0.7,-6.145027,59.378,16,-5.7,-24.23759,188.1132
23.04712,-2.5813,-34.22875,243.9094,0.7482185,2.972499,0.1332745,0.06092169,0.02632579,0.04995317,0.9965441,0.6368366,2.977178,0.1336241,-0.01304898,-0.1508636,0.9884685,15,0.7,-5.912764,57.72536,16,-5.7,-24.00533,186.4606
23.07141,-2.133306,-28.82099,205.4313,1.125968,2.966441,0.1336481,0.06075624,0.02503693,0.0511592,0.9965263,1.02367,2.975732,0.1331823,-0.01519457,-0.1530381,0.9881034,15,0.7,-5.591663,55.44061,16,-5.7,-23.68423,184.1759
23.0896,-1.970793,-28.82097,205.4312,1.308792,2.962935,0.1340456,0.05805526,0.02431778,0.05096977,0.9967148,1.186181,2.975732,0.1331823,-0.01519457,-0.1530381,0.9881034,15,0.7,-5.350668,53.72584,16,-5.7,-23.44323,182.4611
23.11304,-2.430486,-25.87293,184.4548,1.669537,2.95598,0.1354564,0.05506121,0.02119097,0.05208655,0.9968983,1.557441,2.971876,0.133238,-0.02137066,-0.1545747,0.9877499,15,0.7,-5.040813,51.52111,16,-5.7,-23.13338,180.2564
23.13068,-4.114088,-29.3442,209.1542,1.847157,2.952321,0.1362782,0.05336874,0.01925638,0.05217708,0.9970249,1.765073,2.965441,0.133793,-0.02778635,-0.1527033,0.9878814,15,0.7,-4.807799,49.86313,16,-5.7,-22.90036,178.5984
23.1557,-3.804483,-29.3442,209.1542,2.195462,2.944861,0.138557,0.04916815,0.0159111,0.05191218,0.9973137,2.074677,2.965441,0.133793,-0.02778635,-0.1527033,0.9878814,15,0.7,-4.47677,47.50774,16,-5.7,-22.56934,176.243
23.17236,-10.03663,-50.67245,360.9124,2.362389,2.941516,0.1401278,0.04746768,0.01455898,0.05082007,0.9974729,2.27184,2.957418,0.135012,-0.03372653,-0.1469515,0.9885685,15,0.7,-4.256878,45.94312,16,-5.7,-22.34944,174.6784
23.19653,NaN,NaN,NaN,2.698563,2.932033,0.142685,0.04356118,0.01035289,0.05186642,0.9976498,2.617898,2.948728,0.1371566,-0.03938813,-0.1398745,0.9893855,15,0.7,-3.936955,43.66675,16,-5.7,-22.02952,172.402
23.21429,NaN,NaN,NaN,2.85799,2.928231,0.1442816,0.04256432,0.009030804,0.05043764,0.997779,2.759611,2.948728,0.1371566,-0.03938813,-0.1398745,0.9893855,15,0.7,-3.702725,42.00012,16,-5.7,-21.79529,170.7354
23.23822,NaN,NaN,NaN,3.167485,2.920364,0.1472933,0.03958193,0.006422348,0.04684093,0.9980972,3.080552,2.939313,0.140149,-0.04061218,-0.1438455,0.9887664,15,0.7,-3.385994,39.74646,16,-5.7,-21.47856,168.4817
23.25677,NaN,NaN,NaN,3.318762,2.915457,0.1488492,0.03845766,0.004815914,0.04559051,0.9982081,3.215019,2.939313,0.140149,-0.04061218,-0.1438455,0.9887664,15,0.7,-3.140583,38.00027,16,-5.7,-21.23315,166.7355
23.27997,NaN,NaN,NaN,3.607786,2.905578,0.1520665,0.0341561,0.001927469,0.04295576,0.9984911,3.515657,2.929478,0.1435413,-0.0391171,-0.141528,0.9891611,15,0.7,-2.833975,35.81864,16,-5.7,-20.92654,164.5539
23.2984,NaN,NaN,NaN,3.743912,2.900578,0.1536209,0.0305079,0.0002441294,0.04221175,0.9986427,3.678176,2.919118,0.1471226,-0.04581852,-0.1429339,0.9886711,15,0.7,-2.59065,34.0873,16,-5.7,-20.68322,162.8225
23.32233,NaN,NaN,NaN,4.001648,2.890553,0.1567186,0.02231081,-0.002805356,0.03925964,0.998976,3.907274,2.919118,0.1471226,-0.04581852,-0.1429339,0.9886711,15,0.7,-2.274163,31.83537,16,-5.7,-20.36673,160.5706
23.33984,NaN,NaN,NaN,4.122821,2.885459,0.1580376,0.01869349,-0.002919551,0.03738481,0.9991218,4.054206,2.907843,0.1508611,-0.05275686,-0.1348819,0.9894562,15,0.7,-2.042557,30.18741,16,-5.7,-20.13512,158.9227
23.36353,NaN,NaN,NaN,4.353246,2.875387,0.1609772,0.01232004,-0.001821332,0.03563675,0.9992872,4.2955,2.895981,0.1545057,-0.0579965,-0.1339124,0.9892946,15,0.7,-1.729307,27.95853,16,-5.7,-19.82187,156.6938
23.38147,NaN,NaN,NaN,4.457544,2.87037,0.1622392,0.009675266,-0.0001862906,0.03617857,0.9992985,4.388209,2.895981,0.1545057,-0.0579965,-0.1339124,0.9892946,15,0.7,-1.492199,26.27142,16,-5.7,-19.58476,155.0067
23.40521,NaN,NaN,NaN,4.642261,2.861125,0.1649013,0.007011314,0.003185026,0.03392087,0.9993949,4.585525,2.883991,0.1581314,-0.06027258,-0.1255455,0.9902553,15,0.7,-1.178158,24.0369,16,-5.7,-19.27072,152.7721
23.42389,NaN,NaN,NaN,4.718378,2.85758,0.1665813,0.005354604,0.004042596,0.03133304,0.9994866,4.653184,2.883991,0.1581314,-0.06027258,-0.1255455,0.9902553,15,0.7,-0.9314847,22.28172,16,-5.7,-19.02405,151.017
23.44714,NaN,NaN,NaN,4.860414,2.84958,0.168691,0.001945187,0.004832737,0.02851521,0.9995798,4.809008,2.872078,0.1615701,-0.05661039,-0.128396,0.9901059,15,0.7,-0.6239799,20.09372,16,-5.7,-18.71655,148.829
23.46509,NaN,NaN,NaN,4.917616,2.845789,0.1690563,0.002643265,0.004320651,0.02928984,0.9995582,4.884875,2.861354,0.1647719,-0.05581952,-0.1368528,0.9890174,15,0.7,-0.3861785,18.40167,16,-5.7,-18.47874,147.1369
23.48932,NaN,NaN,NaN,5.017631,2.838521,0.1703225,0.002819594,0.002768248,0.03059912,0.9995239,4.973777,2.861354,0.1647719,-0.05581952,-0.1368528,0.9890174,15,0.7,-0.06641644,16.12645,16,-5.7,-18.15898,144.8617
23.50702,NaN,NaN,NaN,5.053761,2.835664,0.1708968,0.002169604,0.001331765,0.03035134,0.9995361,5.026271,2.851547,0.1674967,-0.05832561,-0.1386161,0.9886271,15,0.7,0.1675123,14.46196,16,-5.7,-17.92505,143.1972
23.53058,NaN,NaN,NaN,5.112064,2.830153,0.1719238,4.052394E-05,-0.0007310063,0.02941439,0.999567,5.093969,2.842422,0.1695187,-0.06647541,-0.141151,0.9877537,15,0.7,0.4797209,12.24048,16,-5.7,-17.61285,140.9757
23.54852,NaN,NaN,NaN,5.12883,2.827794,0.1721668,-0.0006724776,-0.00199841,0.02997996,0.9995484,5.108872,2.842422,0.1695187,-0.06647541,-0.141151,0.9877537,15,0.7,0.7166004,10.55499,16,-5.7,-17.37597,139.2902
23.57233,-23.18629,-54.26838,397.9373,5.149674,2.823859,0.1723971,-0.002192052,-0.003849283,0.03022131,0.9995335,5.13875,2.834638,0.1710043,-0.07031316,-0.1417506,0.9874021,15,0.7,1.031519,8.314227,16,-5.7,-17.06105,137.0495
23.59027,-23.18723,-54.26839,397.9374,5.148623,2.82218,0.172171,-0.002009718,-0.004268859,0.03011055,0.9995355,5.137816,2.834638,0.1710043,-0.07031316,-0.1417506,0.9874021,15,0.7,1.268375,6.628909,16,-5.7,-16.82419,135.3642
23.6142,NaN,NaN,NaN,5.130473,2.819561,0.1713102,2.251461E-05,-0.004688133,0.02985552,0.9995433,5.129129,2.82829,0.1720138,-0.07149436,-0.1434761,0.987068,15,0.7,1.585011,4.375929,16,-5.7,-16.50756,133.1112
23.63202,-23.39257,-53.53693,381.2943,5.110739,2.818707,0.1704803,0.001713346,-0.004220545,0.02974789,0.9995471,5.114555,2.823291,0.1722617,-0.07379149,-0.14589,0.986545,15,0.7,1.820357,2.701356,16,-5.7,-16.27221,131.4366
23.65656,NaN,NaN,NaN,5.053366,2.817572,0.1683251,0.003715965,-0.002852399,0.02983442,0.9995439,5.063557,2.823291,0.1722617,-0.07379149,-0.14589,0.986545,15,0.7,2.144782,0.3929493,16,-5.7,-15.94779,129.1282
23.67371,-10.39295,-28.56678,203.6223,5.012949,2.817121,0.1665955,0.004542134,-0.001430232,0.02954324,0.9995522,5.026551,2.819647,0.1715546,-0.07469453,-0.1520408,0.9855477,16,-5.7,-15.72065,127.5121,17,5.7,-34.43556,260.6755
23.69769,-6.704857,-21.88125,156.0526,4.918262,2.816709,0.1627466,0.006899588,0.002328906,0.02818615,0.9995762,4.937347,2.817372,0.1696888,-0.07356554,-0.1560674,0.9850031,16,-5.7,-15.40394,125.2585,17,5.7,-34.11885,258.4219
23.71558,-6.760283,-21.88124,156.0525,4.855898,2.818012,0.1603802,0.008445874,0.005759403,0.02671054,0.9995909,4.881913,2.817372,0.1696888,-0.07356554,-0.1560674,0.9850031,16,-5.7,-15.16716,123.5738,17,5.7,-33.88207,256.7372
23.73944,-11.73167,-32.242,229.7729,4.715368,2.822745,0.155486,0.008186353,0.01124232,0.02608088,0.9995632,4.747867,2.816149,0.1663702,-0.07077273,-0.1505601,0.9860644,16,-5.7,-14.85203,121.3315,17,5.7,-33.56693,254.4949
23.75732,-11.80841,-32.24199,229.7729,4.62904,2.826388,0.1529188,0.004023209,0.01437945,0.02515174,0.9995722,4.67113,2.816149,0.1663702,-0.07077273,-0.1505601,0.9860644,16,-5.7,-14.61561,119.6493,17,5.7,-33.33052,252.8127
23.78119,-11.48196,-32.55851,232.025,4.438136,2.835008,0.1472295,0.0004668007,0.01951871,0.02292903,0.9995465,4.487814,2.817079,0.1616087,-0.06793056,-0.1504771,0.9862769,16,-5.7,-14.30004,117.4039,17,5.7,-33.01495,250.5673
23.79895,NaN,NaN,NaN,4.329688,2.840485,0.1439951,0.001060547,0.02138784,0.02182222,0.9995325,4.373035,2.821962,0.1559139,-0.06729271,-0.1384601,0.9880792,16,-5.7,-14.06505,115.7319,17,5.7,-32.77996,248.8953
23.82306,-21.32569,-49.63161,374.4752,4.098079,2.851075,0.1375648,0.003156409,0.02465658,0.02083976,0.9994738,4.167161,2.821962,0.1559139,-0.06729271,-0.1384601,0.9880792,16,-5.7,-13.7461,113.4624,17,5.7,-32.46101,246.6258
23.84064,-22.42661,-47.63822,372.5872,3.971843,2.85669,0.1341051,0.006190284,0.0252091,0.02194617,0.9994221,4.031528,2.830812,0.1494325,-0.07022323,-0.1339512,0.9884967,16,-5.7,-13.51347,111.8072,17,5.7,-32.22838,244.9706
23.86469,-21.45338,-47.83034,370.734,3.707321,2.868568,0.1272338,0.01196612,0.02604261,0.02330427,0.9993175,3.768318,2.842452,0.1420979,-0.06727766,-0.1351672,0.988536,16,-5.7,-13.19557,109.5452,17,5.7,-31.91047,242.7086
23.88251,-21.4249,-47.51901,368.4572,3.565036,2.87489,0.1239344,0.01371694,0.02583702,0.02367949,0.9992916,3.641842,2.842452,0.1420979,-0.06727766,-0.1351672,0.988536,16,-5.7,-12.96024,107.8708,17,5.7,-31.67515,241.0342
23.90649,NaN,NaN,NaN,3.269905,2.887642,0.1174785,0.01409903,0.02613517,0.02272565,0.9993006,3.347421,2.855718,0.1341442,-0.07950477,-0.1443228,0.9863315,16,-5.7,-12.64303,105.6136,17,5.7,-31.35794,238.7771
23.92438,NaN,NaN,NaN,3.11492,2.894002,0.1145455,0.01187325,0.02662593,0.0206893,0.9993609,3.209657,2.855718,0.1341442,-0.07950477,-0.1443228,0.9863315,16,-5.7,-12.40621,103.9286,17,5.7,-31.12112,237.0921
23.94824,-17.87504,-37.27015,265.5501,2.799428,2.905857,0.10859,0.0086345,0.02800252,0.01890259,0.9993918,2.893559,2.870124,0.1261169,-0.07713664,-0.149085,0.9858111,16,-5.7,-12.09094,101.6853,17,5.7,-30.80585,234.8488
23.96625,-27.66031,-55.56925,395.755,2.634514,2.911278,0.1055398,0.007169634,0.02933166,0.01775812,0.9993863,2.708238,2.88517,0.118523,-0.07571638,-0.1457415,0.986421,16,-5.7,-11.8533,99.99442,17,5.7,-30.56821,233.1579
23.98999,NaN,NaN,NaN,2.296936,2.922688,0.1000404,0.006265559,0.03195053,0.01549011,0.9993498,2.408168,2.88517,0.118523,-0.07571638,-0.1457415,0.986421,16,-5.7,-11.53899,97.75804,17,5.7,-30.2539,230.9215
24.00787,NaN,NaN,NaN,2.121139,2.928693,0.0975879,0.006059949,0.03318114,0.01357021,0.9993389,2.210552,2.899771,0.1110973,-0.07569946,-0.1410983,0.9870972,16,-5.7,-11.30249,96.07521,17,5.7,-30.0174,229.2387
24.03174,-19.14051,-38.75454,276.1121,1.763807,2.940113,0.09285625,0.005664846,0.03519635,0.009340175,0.9993207,1.849362,2.913727,0.1041033,-0.07498429,-0.1488559,0.9860119,16,-5.7,-10.98719,93.83176,17,5.7,-29.7021,226.9952
24.04962,-19.30383,-38.75449,276.1117,1.580044,2.945396,0.09062076,0.00626967,0.03608558,0.006926553,0.9993051,1.686017,2.913727,0.1041033,-0.07498429,-0.1488559,0.9860119,16,-5.7,-10.75081,92.14981,17,5.7,-29.46572,225.3133
24.07349,-20.82311,-42.17069,300.4194,1.210522,2.955822,0.08623105,0.008502558,0.03821047,0.002492128,0.9992305,1.311812,2.927609,0.09777784,-0.07269399,-0.1481088,0.9862958,16,-5.7,-10.43486,89.9017,17,5.7,-29.14977,223.0652
24.09149,-20.99079,-42.17069,300.4194,1.021885,2.960955,0.08434534,0.009998039,0.04008133,-0.0003412532,0.9991464,1.144135,2.927609,0.09777784,-0.07269399,-0.1481088,0.9862958,16,-5.7,-10.19738,88.21193,17,5.7,-28.91228,221.3754
24.11536,-12.756,-23.69937,168.9889,0.6444963,2.970221,0.08091851,0.01026136,0.04352728,-0.004461634,0.9989896,0.7610137,2.94095,0.09206343,-0.07880794,-0.1553205,0.9847156,16,-5.7,-9.881428,85.96384,17,5.7,-28.59633,219.1273
24.13342,-10.89461,-21.28666,151.8216,0.4529803,2.974646,0.07959116,0.0090801,0.04522514,-0.005623462,0.9989197,0.5416937,2.953516,0.0868938,-0.07422134,-0.1573182,0.9847549,16,-5.7,-9.642294,84.26232,17,5.7,-28.3572,217.4258
24.1571,-11.23656,-21.28664,151.8215,0.0682708,2.981742,0.07695121,0.006571887,0.04742088,-0.008678619,0.9988157,0.1997297,2.953516,0.0868938,-0.07422134,-0.1573182,0.9847549,16,-5.7,-9.329206,82.03458,17,5.7,-28.04411,215.198
24.17535,-9.704572,-19.50747,139.162,-0.1241359,2.984998,0.07612924,0.006396655,0.0477421,-0.009956343,0.9987896,-0.0213176,2.965163,0.08249366,-0.06857058,-0.1591368,0.9848723,16,-5.7,-9.088685,80.32319,17,5.7,-27.80359,213.4866
24.19879,-11.29625,-24.07034,171.6285,-0.5089167,2.990099,0.07422242,0.006155244,0.04935965,-0.01353953,0.9986703,-0.4140614,2.975336,0.07912433,-0.06253812,-0.155427,0.9858658,16,-5.7,-8.778329,78.11489,17,5.7,-27.49323,211.2784
24.21692,-11.46737,-24.07036,171.6287,-0.7014158,2.992239,0.07347432,0.00728603,0.05054332,-0.01495481,0.9985834,-0.5851717,2.975336,0.07912433,-0.06253812,-0.155427,0.9858658,16,-5.7,-8.538889,76.41119,17,5.7,-27.2538,209.5746
24.2406,-10.34492,-27.84695,198.5006,-1.083294,2.995072,0.07204031,0.008547854,0.05212,-0.01723883,0.9984555,-0.975799,2.983393,0.0762794,-0.04660704,-0.1533668,0.9870696,16,-5.7,-8.225541,74.1816,17,5.7,-26.94045,207.3451
24.25903,-10.51395,-27.84694,198.5005,-1.27346,2.994522,0.07120036,0.0101174,0.0519212,-0.01681486,0.9984584,-1.144836,2.983393,0.0762794,-0.04660704,-0.1533668,0.9870696,16,-5.7,-7.982144,72.44975,17,5.7,-26.69705,205.6132
24.28235,NaN,NaN,NaN,-1.652024,2.995173,0.06968811,0.01353024,0.05251999,-0.01934637,0.9983408,-1.532516,2.98944,0.07403076,0.02023322,-0.1439076,0.9893843,16,-5.7,-7.673435,70.25317,17,5.7,-26.38834,203.4166
24.30078,8.963249,-56.40632,401.7111,-1.839237,2.994951,0.06918006,0.01400948,0.05328111,-0.02051925,0.9982705,-1.749862,2.992841,0.07210875,0.02637729,-0.1462497,0.988896,16,-5.7,-7.430227,68.52264,17,5.7,-26.14514,201.6861
24.32416,8.634451,-56.40633,401.7112,-2.209135,2.993747,0.06807526,0.01446112,0.05445315,-0.0207736,0.9981955,-2.07866,2.992841,0.07210875,0.02637729,-0.1462497,0.988896,16,-5.7,-7.120921,66.32182,17,5.7,-25.83583,199.4853
24.34204,7.685863,-45.14473,321.5807,-2.391317,2.992625,0.06756498,0.01447938,0.05483752,-0.02057644,0.9981782,-2.291194,2.994097,0.07030189,0.03067529,-0.1480068,0.9885105,16,-5.7,-6.884355,64.63856,17,5.7,-25.59926,197.802
24.36603,8.771527,-48.19424,343.2791,-2.750096,2.989669,0.0666016,0.01493722,0.05552772,-0.02082156,0.9981283,-2.659868,2.993561,0.06887507,0.03292503,-0.1474326,0.988524,16,-5.7,-6.567428,62.38351,17,5.7,-25.28234,195.547
24.38391,8.614987,-48.19424,343.2791,-2.926203,2.986862,0.06617323,0.01582991,0.05550573,-0.02084399,0.9981153,-2.816406,2.993561,0.06887507,0.03292503,-0.1474326,0.988524,16,-5.7,-6.33107,60.70174,17,5.7,-25.04598,193.8652
24.40778,6.719749,-39.04142,278.1534,-3.272173,2.982146,0.06577535,0.01646817,0.05580024,-0.0216284,0.9980719,-3.17275,2.99145,0.06763792,0.03515227,-0.1493608,0.9881577,16,-5.7,-6.015725,58.45794,17,5.7,-24.73064,191.6214
24.4256,NaN,NaN,NaN,-3.440269,2.979496,0.06569596,0.01567101,0.0565084,-0.02342025,0.9980044,-3.369843,2.987169,0.06657326,0.03662698,-0.1441477,0.9888781,16,-5.7,-5.77951,56.77719,17,5.7,-24.49442,189.9407
24.44946,NaN,NaN,NaN,-3.767843,2.9729,0.06521019,0.01771381,0.05710315,-0.02497124,0.9978988,-3.66102,2.987169,0.06657326,0.03662698,-0.1441477,0.9888781,16,-5.7,-5.464256,54.53404,17,5.7,-24.17917,187.6975
24.46729,NaN,NaN,NaN,-3.925647,2.968803,0.06478754,0.0201004,0.05724015,-0.02521144,0.9978396,-3.847473,2.981585,0.06586874,0.03810646,-0.1452842,0.9886559,16,-5.7,-5.228836,52.85894,17,5.7,-23.94375,186.0224
24.49115,NaN,NaN,NaN,-4.234237,2.961612,0.06491534,0.02434412,0.05649509,-0.02482082,0.9977974,-4.121776,2.981585,0.06586874,0.03810646,-0.1452842,0.9886559,16,-5.7,-4.912974,50.61146,17,5.7,-23.62788,183.7749
24.50903,6.266088,-37.66452,268.3563,-4.38419,2.958557,0.06512609,0.02625958,0.05497421,-0.02403677,0.997853,-4.299438,2.974473,0.0653125,0.0389072,-0.1496518,0.987973,16,-5.7,-4.676837,48.93126,17,5.7,-23.39175,182.0947
24.53296,4.307118,-33.96392,242.0251,-4.677117,2.950839,0.06498801,0.02906,0.05266815,-0.02747185,0.9978111,-4.602226,2.966077,0.06494224,0.0363759,-0.1507812,0.9878977,16,-5.7,-4.360318,46.67911,17,5.7,-23.07523,179.8426
24.55078,4.184143,-33.96392,242.0251,-4.815464,2.946199,0.0649007,0.03229792,0.05143594,-0.02931281,0.9977234,-4.725201,2.966077,0.06494224,0.0363759,-0.1507812,0.9878977,16,-5.7,-4.1248,45.00331,17,5.7,-22.83971,178.1668
24.57489,NaN,NaN,NaN,-5.084922,2.937927,0.06503469,0.03716142,0.04926242,-0.0307894,0.9976193,-5.005257,2.957327,0.06472731,0.0333206,-0.1428689,0.9891806,16,-5.7,-3.805483,42.73125,17,5.7,-22.52039,175.8947
24.59253,1.254792,-29.911,213.1871,-5.215023,2.933388,0.06541544,0.0392075,0.04830468,-0.03122113,0.9975744,-5.15944,2.948085,0.06484532,0.02973188,-0.1523117,0.9878852,16,-5.7,-3.572905,41.07637,17,5.7,-22.28782,174.2398
24.6167,1.032053,-29.911,213.1871,-5.465604,2.924879,0.06671284,0.03969725,0.04667477,-0.0312463,0.9976318,-5.382179,2.948085,0.06484532,0.02973188,-0.1523117,0.9878852,16,-5.7,-3.252699,38.79799,17,5.7,-21.96761,171.9615
24.63428,8.14465,-42.00024,299.2065,-5.58452,2.92002,0.06752869,0.03795495,0.04643327,-0.03083643,0.9977237,-5.524264,2.938092,0.06518734,0.04514074,-0.1484061,0.9878957,16,-5.7,-3.020997,37.14935,17,5.7,-21.73591,170.3128
24.65833,7.936542,-42.00024,299.2065,-5.818643,2.90948,0.0691314,0.03619801,0.04608992,-0.03190503,0.9977713,-5.732373,2.938092,0.06518734,0.04514074,-0.1484061,0.9878957,16,-5.7,-2.70309,34.88732,17,5.7,-21.418,168.0508
24.6759,6.703172,-31.85834,227.0432,-5.931573,2.903785,0.07025273,0.03465526,0.0454944,-0.03286952,0.997822,-5.866996,2.927661,0.06606948,0.05465978,-0.1512626,0.9869812,16,-5.7,-2.469947,33.22842,17,5.7,-21.18486,166.3919
24.70001,12.85,-46.15003,332.703,-6.149864,2.891915,0.07280672,0.03167298,0.04342386,-0.03466685,0.9979526,-6.093318,2.916159,0.06770289,0.05625039,-0.1456974,0.9877288,16,-5.7,-2.151957,30.96581,17,5.7,-20.86687,164.1293
24.71765,12.85,-46.38689,334.3088,-6.252747,2.885244,0.07406867,0.0309283,0.04170954,-0.03591014,0.9980052,-6.184769,2.916159,0.06770289,0.05625039,-0.1456974,0.9877288,16,-5.7,-1.918604,29.30541,17,5.7,-20.63351,162.4689
24.7417,NaN,NaN,NaN,-6.440857,2.873325,0.07692425,0.03085629,0.03767963,-0.03536393,0.9981871,-6.382565,2.903231,0.07016683,0.05277619,-0.1408163,0.9886281,16,-5.7,-1.600042,27.03873,17,5.7,-20.31495,160.2022
24.75946,-2.899973,-17.59659,125.5655,-6.525987,2.86732,0.07841853,0.03175636,0.03570047,-0.03391146,0.9982821,-6.486838,2.888981,0.07312119,0.02819775,-0.161045,0.9865441,16,-5.7,-1.365613,25.37068,17,5.7,-20.08052,158.5341
24.78345,-3.039076,-17.59658,125.5654,-6.682476,2.856222,0.08177246,0.03287017,0.03206863,-0.03170821,0.9984417,-6.625939,2.888981,0.07312119,0.02819775,-0.161045,0.9865441,16,-5.7,-1.048675,23.11555,17,5.7,-19.76358,156.279
24.80121,-4.486883,-15.27715,109.0617,-6.749829,2.851327,0.0835312,0.0334711,0.03080521,-0.03145973,0.9984694,-6.711496,2.87445,0.07641029,0.02013062,-0.1642546,0.9862126,16,-5.7,-0.81396,21.44547,17,5.7,-19.52887,154.6089
24.8252,-4.255041,-13.93366,99.50232,-6.873934,2.840853,0.08710589,0.0338396,0.0288833,-0.03286811,0.998469,-6.844193,2.860721,0.08017862,0.02566979,-0.1665055,0.9857063,16,-5.7,-0.496858,19.18917,17,5.7,-19.21177,152.3526
24.84308,-4.302248,-13.93366,99.50232,-6.927042,2.836362,0.08907753,0.03389312,0.02738606,-0.03366864,0.9984827,-6.8914,2.860721,0.08017862,0.02566979,-0.1665055,0.9857063,16,-5.7,-0.2598808,17.50299,17,5.7,-18.97479,150.6664
24.86694,-4.480251,-13.20586,94.32374,-7.021439,2.827785,0.09322435,0.03212796,0.02359812,-0.03397135,0.9986275,-6.994188,2.847888,0.08433449,0.02628817,-0.1678735,0.985458,16,-5.7,0.05570889,15.25745,17,5.7,-18.6592,148.4209
24.88507,-4.510618,-13.20586,94.32371,-7.055601,2.824025,0.09565572,0.0286758,0.02179191,-0.03295556,0.9988077,-7.024554,2.847888,0.08433449,0.02628817,-0.1678735,0.985458,16,-5.7,0.2952746,13.55285,17,5.7,-18.41963,146.7163
24.90869,-3.38066,-12.70094,90.73103,-7.111237,2.816799,0.1006569,0.02196789,0.0195216,-0.03179271,0.9990624,-7.089551,2.836224,0.08882737,0.04029698,-0.1688107,0.9848244,16,-5.7,0.6071204,11.33395,17,5.7,-18.10779,144.4974
24.92664,-3.357943,-13.59799,97.11388,-7.130221,2.812837,0.1030546,0.01959957,0.01991383,-0.03348911,0.9990485,-7.118459,2.82601,0.09394264,0.03818864,-0.1667883,0.9852529,16,-5.7,0.84505,9.640997,17,5.7,-17.86986,142.8044
24.95044,-3.37813,-13.59798,97.11385,-7.152931,2.805677,0.1082439,0.01454577,0.01997771,-0.03477953,0.9990895,-7.138645,2.82601,0.09394264,0.03818864,-0.1667883,0.9852529,16,-5.7,1.159582,7.402986,17,5.7,-17.55533,140.5664
24.96851,-1.831088,-14.31167,102.192,-7.154721,2.802654,0.1111353,0.01189584,0.01995608,-0.03456263,0.9991325,-7.148515,2.816813,0.09968305,0.05129898,-0.1652441,0.9849176,16,-5.7,1.398555,5.702605,17,5.7,-17.31635,138.866
24.99225,-2.715107,-10.46527,74.82339,-7.143458,2.796101,0.1164733,0.007879522,0.01910162,-0.03291847,0.9992445,-7.143128,2.808184,0.1058174,0.05825081,-0.1746127,0.9829127,16,-5.7,1.711873,3.473233,17,5.7,-17.00303,136.6367
25.01056,-2.699038,-10.46526,74.82334,-7.125377,2.793253,0.1190087,0.008471837,0.0187129,-0.03157427,0.9992903,-7.127056,2.808184,0.1058174,0.05825081,-0.1746127,0.9829127,16,-5.7,1.954634,1.745899,17,5.7,-16.76027,134.9093
25.03406,-0.4834662,-14.08589,100.5855,-7.074304,2.789238,0.1239639,0.01031041,0.01814329,-0.02925566,0.9993541,-7.082733,2.800324,0.1122667,0.0646379,-0.1653956,0.9841068,17,5.7,-16.44996,132.7013,18,-5.7,-34.91491,264.0862
25.05231,-0.447733,-14.08589,100.5855,-7.034104,2.787663,0.1260878,0.01187746,0.0172496,-0.02633095,0.9994339,-7.046999,2.800324,0.1122667,0.0646379,-0.1653956,0.9841068,17,5.7,-16.2089,130.9861,18,-5.7,-34.67385,262.371
25.07587,0.3712354,-12.79638,91.41015,-6.937667,2.784754,0.1297466,0.01533673,0.01685469,-0.02493156,0.9994295,-6.958415,2.793446,0.118541,0.07889594,-0.167808,0.9826576,17,5.7,-15.89692,128.7662,18,-5.7,-34.36186,260.1511
25.0946,2.049802,-15.52442,110.8212,-6.8742,2.784303,0.1313481,0.01705703,0.01808497,-0.02618549,0.999348,-6.894723,2.78813,0.1242037,0.07946632,-0.1626952,0.9834712,17,5.7,-15.64977,127.0076,18,-5.7,-34.11471,258.3925
25.11755,2.170942,-15.52444,110.8214,-6.737932,2.784314,0.1345506,0.01701389,0.01973704,-0.02685786,0.9992996,-6.773596,2.78813,0.1242037,0.07946632,-0.1626952,0.9834712,17,5.7,-15.34568,124.8439,18,-5.7,-33.81062,256.2288
25.13605,26.66062,-40.32067,287.2557,-6.662004,2.784876,0.1361674,0.01553097,0.02004068,-0.02664848,0.9993233,-6.69414,2.784596,0.1289866,0.1141293,-0.1474925,0.9824563,17,5.7,-15.10148,123.1064,18,-5.7,-33.56642,254.4913
25.15936,26.99907,-39.10532,278.608,-6.493878,2.788117,0.1388236,0.01553239,0.01947741,-0.02506779,0.9993753,-6.528477,2.78321,0.1332729,0.1182227,-0.1477047,0.9819403,17,5.7,-14.7935,120.915,18,-5.7,-33.25845,252.2999
25.1778,27.08583,-39.10532,278.608,-6.396271,2.790764,0.1396845,0.0164873,0.01932527,-0.02297118,0.9994134,-6.441715,2.78321,0.1332729,0.1182227,-0.1477047,0.9819403,17,5.7,-14.54928,119.1773,18,-5.7,-33.01422,250.5621
25.20111,28.89925,-40.494,288.489,-6.190603,2.796658,0.1408242,0.01988301,0.02006159,-0.01871664,0.9994258,-6.238976,2.784871,0.1367292,0.1196432,-0.1473616,0.9818198,17,5.7,-14.24144,116.9869,18,-5.7,-32.70638,248.3718
25.21954,28.99813,-40.49399,288.489,-6.079365,2.800336,0.1410098,0.02268523,0.02059443,-0.01687773,0.9993881,-6.140098,2.784871,0.1367292,0.1196432,-0.1473616,0.9818198,17,5.7,-13.99761,115.2519,18,-5.7,-32.46255,246.6368
25.24286,32.41609,-43.29183,308.3966,-5.846342,2.809098,0.1410007,0.02589517,0.02200248,-0.01525501,0.9993061,-5.909188,2.789489,0.1392736,0.1220433,-0.1467417,0.9816172,17,5.7,-13.68913,113.057,18,-5.7,-32.15407,244.4419
25.26123,12.85,-20.08979,147.5384,-5.717617,2.814076,0.1403965,0.0271427,0.02291528,-0.01338567,0.9992793,-5.767452,2.796738,0.1406137,0.123851,-0.1522506,0.9805512,17,5.7,-13.44609,111.3277,18,-5.7,-31.91103,242.7125
25.28461,12.99243,-19.97391,146.7921,-5.451335,2.824923,0.1387248,0.03003552,0.02466937,-0.009054185,0.9992034,-5.530758,2.796738,0.1406137,0.123851,-0.1522506,0.9805512,17,5.7,-13.13693,109.1279,18,-5.7,-31.60187,240.5127
25.30261,21.70081,-30.43451,216.912,-5.308942,2.830618,0.1374412,0.03056622,0.02518409,-0.007208885,0.9991894,-5.373562,2.806503,0.1407187,0.122525,-0.1504322,0.9809984,17,5.7,-12.89891,107.4342,18,-5.7,-31.36385,238.8191
25.32642,35.86433,-45.40832,323.4562,-5.016651,2.842173,0.1347093,0.03091872,0.02680162,-0.00743631,0.9991349,-5.079835,2.818366,0.1394534,0.1242811,-0.1463864,0.9813895,17,5.7,-12.58424,105.1953,18,-5.7,-31.04918,236.5801
25.34436,36.00334,-45.40832,323.4562,-4.860267,2.848058,0.1332846,0.02913746,0.02758174,-0.007970729,0.999163,-4.940827,2.818366,0.1394534,0.1242811,-0.1463864,0.9813895,17,5.7,-12.34708,103.5078,18,-5.7,-30.81202,234.8926
25.36829,30.6995,-39.70989,282.9098,-4.539415,2.860733,0.1305454,0.02632905,0.02922647,-0.008494645,0.9991899,-4.618653,2.831614,0.136922,0.122578,-0.147648,0.9814146,17,5.7,-12.03126,101.2607,18,-5.7,-30.4962,232.6455
25.38611,30.85006,-39.70995,282.9102,-4.370091,2.866777,0.1291302,0.0252582,0.02993203,-0.008257004,0.9991986,-4.468143,2.831614,0.136922,0.122578,-0.147648,0.9814146,17,5.7,-11.79548,99.58296,18,-5.7,-30.26042,230.9678
25.41003,22.72435,-30.69952,227.4393,-4.025797,2.878318,0.1257478,0.02472106,0.03207704,-0.009143111,0.9991378,-4.122108,2.846002,0.1340467,0.1160525,-0.1450117,0.9826003,17,5.7,-11.4792,97.3325,18,-5.7,-29.94414,228.7174
25.42767,28.74453,-40.50402,288.5603,-3.844105,2.883965,0.1240469,0.02570061,0.03322664,-0.009245347,0.9990746,-3.917832,2.860512,0.1304463,0.1112878,-0.1477524,0.9827433,17,5.7,-11.24552,95.66979,18,-5.7,-29.71046,227.0546
25.45166,29.07149,-40.50396,288.5599,-3.476227,2.8955,0.120609,0.02746314,0.03510423,-0.00843607,0.9989707,-3.590829,2.860512,0.1304463,0.1112878,-0.1477524,0.9827433,17,5.7,-10.92822,93.41212,18,-5.7,-29.39317,224.797
25.4696,12.85,-20.09811,146.477,-3.285099,2.901561,0.1188684,0.0285483,0.03556494,-0.006914013,0.9989356,-3.375532,2.87462,0.1264858,0.1088754,-0.15415,0.9820305,17,5.7,-10.69162,91.72856,18,-5.7,-29.15656,223.1134
25.49487,10.24249,-16.98977,121.2477,-2.895987,2.912853,0.1152337,0.03110125,0.03609219,-0.004096772,0.998856,-2.981705,2.888536,0.1222827,0.1071166,-0.1610153,0.9811218,17,5.7,-10.35746,89.35091,18,-5.7,-28.8224,220.7358
25.51147,10.41802,-16.98977,121.2477,-2.698519,2.918007,0.1134064,0.03283275,0.03698158,-0.005462195,0.9987615,-2.806178,2.888536,0.1222827,0.1071166,-0.1610153,0.9811218,17,5.7,-10.13816,87.79053,18,-5.7,-28.6031,219.1754
25.5354,8.567064,-14.28834,102.026,-2.300392,2.928699,0.1106732,0.03381136,0.03933959,-0.009145072,0.9986119,-2.402015,2.902371,0.117836,0.1055446,-0.1654092,0.9805612,17,5.7,-9.821231,85.53545,18,-5.7,-28.28617,216.9203
25.55316,8.747474,-14.28834,102.026,-2.097431,2.933876,0.1096699,0.03229413,0.04107676,-0.01092643,0.9985743,-2.221606,2.902371,0.117836,0.1055446,-0.1654092,0.9805612,17,5.7,-9.586317,83.86396,18,-5.7,-28.05126,215.2488
25.57721,8.362804,-13.29805,94.97979,-1.690081,2.944194,0.1081535,0.02868979,0.04405883,-0.01172299,0.9985481,-1.807716,2.915547,0.1139573,0.105092,-0.1675352,0.9802488,17,5.7,-9.269032,81.60636,18,-5.7,-27.73398,212.9912
25.59485,8.510465,-13.75905,98.25993,-1.484841,2.949409,0.1078406,0.02625578,0.04513165,-0.01039746,0.9985819,-1.572227,2.928292,0.1107864,0.1007595,-0.1667619,0.9808354,17,5.7,-9.035498,79.94469,18,-5.7,-27.50044,211.3295
25.61884,8.87911,-13.75903,98.25979,-1.070099,2.958639,0.1069432,0.02293363,0.04606064,-0.007388682,0.998648,-1.203567,2.928292,0.1107864,0.1007595,-0.1667619,0.9808354,17,5.7,-8.71822,77.68714,18,-5.7,-27.18316,209.072
25.6366,11.39324,-17.37394,123.9812,-0.8618962,2.961796,0.1065573,0.02202594,0.04597273,-0.005641669,0.998684,-0.9642856,2.940969,0.1085745,0.09797124,-0.1610579,0.9820703,17,5.7,-8.483422,76.01647,18,-5.7,-26.94837,207.4013
25.66071,9.956364,-14.16983,101.1828,-0.4445025,2.968441,0.1060081,0.02614468,0.04758985,-0.004534259,0.9985145,-0.5385478,2.95257,0.1073031,0.1018416,-0.1661541,0.9808267,17,5.7,-8.164534,73.74747,18,-5.7,-26.62948,205.1323
25.67847,10.14525,-14.16983,101.1828,-0.2320033,2.971222,0.1059066,0.02949784,0.04867512,-0.002608933,0.9983757,-0.3496596,2.95257,0.1073031,0.1018416,-0.1661541,0.9808267,17,5.7,-7.93021,72.08016,18,-5.7,-26.39516,203.465
25.70258,8.117129,-10.58814,75.69775,0.1892352,2.97693,0.1063181,0.03156649,0.04976586,0.001594793,0.9982607,0.07994431,2.962021,0.1064715,0.1040876,-0.1754848,0.9789642,17,5.7,-7.61085,69.8078,18,-5.7,-26.0758,201.1927
25.72034,8.303921,-10.58814,75.69778,0.3993727,2.978975,0.1064091,0.03125433,0.04951078,0.002416578,0.9982816,0.2667332,2.962021,0.1064715,0.1040876,-0.1754848,0.9789642,17,5.7,-7.37659,68.14095,18,-5.7,-25.84154,199.5258
25.74414,7.334646,-9.486309,67.85782,0.8241382,2.981761,0.1062511,0.03426607,0.04915033,0.004503542,0.9981933,0.7001109,2.969554,0.1060901,0.09586652,-0.1799826,0.9789872,17,5.7,-7.061906,65.90186,18,-5.7,-25.52685,197.2867
25.76184,8.789151,-11.85494,84.71147,1.039408,2.982252,0.106189,0.03384868,0.04939454,0.006067266,0.9981872,0.9475633,2.975617,0.1059877,0.09091412,-0.1719432,0.9809028,17,5.7,-6.827504,64.23399,18,-5.7,-25.29245,195.6189
25.78595,9.163567,-11.85494,84.71145,1.460628,2.984493,0.1072127,0.03408229,0.04997689,0.009044679,0.9981277,1.32198,2.975617,0.1059877,0.09091412,-0.1719432,0.9809028,17,5.7,-6.508811,61.96637,18,-5.7,-24.97376,193.3512
25.80365,8.301589,-10.73532,76.74496,1.671445,2.985398,0.107876,0.03007547,0.05013613,0.009240687,0.9982467,1.565751,2.97961,0.1061735,0.08619426,-0.1755014,0.9806986,17,5.7,-6.274854,60.30169,18,-5.7,-24.7398,191.6865
25.82764,8.303868,-9.886018,70.7019,2.093251,2.984819,0.1091563,0.02648649,0.04904176,0.01411279,0.9983457,1.997115,2.982342,0.106807,0.08755124,-0.1786405,0.9800114,17,5.7,-5.957905,58.04648,18,-5.7,-24.42285,189.4313
25.84558,8.492249,-9.886018,70.7019,2.305179,2.984006,0.1099229,0.02648469,0.0481318,0.01654211,0.9983528,2.185496,2.982342,0.106807,0.08755124,-0.1786405,0.9800114,17,5.7,-5.720592,56.35791,18,-5.7,-24.18554,187.7428
25.86938,9.146907,-10.20625,72.98041,2.724344,2.980644,0.1116915,0.02910852,0.04731261,0.01794541,0.9982947,2.614289,2.98378,0.1081504,0.08787018,-0.1774191,0.9802047,17,5.7,-5.405391,54.11514,18,-5.7,-23.87034,185.5
25.88794,9.336391,-10.20625,72.98039,2.937515,2.977737,0.1125467,0.02939926,0.04694976,0.01630346,0.9983314,2.803774,2.98378,0.1081504,0.08787018,-0.1774191,0.9802047,17,5.7,-5.160491,52.37259,18,-5.7,-23.62544,183.7574
25.91119,9.262645,-10.12,72.3667,3.361581,2.972498,0.1159667,0.03013951,0.04411659,0.02000497,0.9983713,3.236853,2.982641,0.1098706,0.081781,-0.1778268,0.9806577,17,5.7,-4.853212,50.18618,18,-5.7,-23.31816,181.571
25.92902,8.036737,-7.963178,57.02018,3.573123,2.970073,0.1183936,0.02706609,0.04117651,0.02341926,0.9985107,3.481081,2.978721,0.1120024,0.07837102,-0.1882337,0.9789924,17,5.7,-4.617186,48.50677,18,-5.7,-23.08213,179.8916
25.95294,8.408624,-7.963173,57.02015,3.991496,2.962802,0.1231836,0.02091981,0.0359073,0.02415786,0.9988441,3.852968,2.978721,0.1120024,0.07837102,-0.1882337,0.9789924,17,5.7,-4.301018,46.25712,18,-5.7,-22.76597,177.642
25.97076,8.264203,-8.453096,60.50609,4.198173,2.95886,0.1259136,0.01945193,0.0333099,0.02388138,0.9989704,4.092979,2.972987,0.1154879,0.06771087,-0.1854781,0.9803128,17,5.7,-4.06559,44.58196,18,-5.7,-22.53054,175.9668
25.99469,8.80406,-10.15925,72.64599,4.605722,2.952274,0.1314415,0.01863749,0.02949003,0.02377104,0.9991086,4.511198,2.965446,0.1202291,0.05814622,-0.1777723,0.9823523,17,5.7,-3.749069,42.3298,18,-5.7,-22.21402,173.7147
26.0127,8.980677,-10.15925,72.64599,4.804417,2.948209,0.1344352,0.01693806,0.02748344,0.02316603,0.9992103,4.687816,2.965446,0.1202291,0.05814622,-0.1777723,0.9823523,17,5.7,-3.510656,40.6334,18,-5.7,-21.97561,172.0183
26.0365,8.740487,-9.728165,69.57868,5.196418,2.93874,0.1402471,0.01701591,0.0225706,0.0236877,0.9993197,5.091374,2.957145,0.1264045,0.05161729,-0.1794359,0.9824146,17,5.7,-3.196546,38.39839,18,-5.7,-21.6615,169.7832
26.05481,8.910545,-9.728168,69.5787,5.387734,2.934999,0.1429269,0.02004755,0.0205327,0.02567139,0.9992585,5.261433,2.957145,0.1264045,0.05161729,-0.1794359,0.9824146,17,5.7,-2.954132,36.67353,18,-5.7,-21.41908,168.0584
26.07819,8.117374,-7.98742,57.19263,5.757597,2.926737,0.148005,0.02430372,0.01726356,0.02867104,0.9991444,5.643997,2.948085,0.1332999,0.04253409,-0.1880555,0.981237,17,5.7,-2.64489,34.47316,18,-5.7,-21.10984,165.858
26.09619,7.666029,-7.462958,53.4609,5.933287,2.922062,0.1502865,0.0270399,0.01473771,0.03168677,0.9990233,5.852191,2.938128,0.1400529,0.0333695,-0.1913509,0.9809543,17,5.7,-2.407101,32.7812,18,-5.7,-20.87205,164.166
26.12018,7.96897,-7.462958,53.4609,6.274096,2.913656,0.1551235,0.0313663,0.0110333,0.031826,0.9989402,6.155132,2.938128,0.1400529,0.0333695,-0.1913509,0.9809543,17,5.7,-2.089588,30.52198,18,-5.7,-20.55454,161.9068
26.13763,6.710956,-12.34694,88.21224,6.439449,2.908896,0.1576656,0.03157119,0.009552088,0.03171013,0.9989527,6.351841,2.927818,0.1462803,0.004017748,-0.1708939,0.9852813,17,5.7,-1.859222,28.88284,18,-5.7,-20.32417,160.2677
26.16168,-2.498869,-37.47641,267.0177,6.754579,2.899781,0.1625587,0.02844386,0.007060446,0.0313562,0.9990785,6.679099,2.917457,0.1523384,-0.03398477,-0.149573,0.9881665,17,5.7,-1.541375,26.62124,18,-5.7,-20.00632,158.0061
26.17944,-2.368834,-37.47641,267.0177,6.900869,2.894783,0.1647472,0.02792117,0.005466775,0.03134473,0.9991037,6.809134,2.917457,0.1523384,-0.03398477,-0.149573,0.9881665,17,5.7,-1.305891,24.94568,18,-5.7,-19.77084,156.3305
26.20349,NaN,NaN,NaN,7.176347,2.884528,0.1689736,0.02624281,0.001719691,0.02977642,0.9992107,7.098309,2.906776,0.1582882,-0.04188387,-0.1427968,0.9888654,17,5.7,-0.9880934,22.68444,18,-5.7,-19.45304,154.0693
26.22235,NaN,NaN,NaN,7.303827,2.879581,0.1712681,0.02397195,-0.000173904,0.0277347,0.9993278,7.211624,2.906776,0.1582882,-0.04188387,-0.1427968,0.9888654,17,5.7,-0.7392665,20.91394,18,-5.7,-19.20422,152.2988
26.24524,NaN,NaN,NaN,7.541358,2.869502,0.1763665,0.01755326,-0.00280476,0.02483554,0.9995335,7.463721,2.895417,0.1637256,-0.04522585,-0.1399294,0.9891281,17,5.7,-0.4362144,18.75762,18,-5.7,-18.90116,150.1425
26.26276,NaN,NaN,NaN,7.647417,2.865082,0.1790994,0.01490699,-0.003780186,0.02327982,0.9996107,7.594926,2.883453,0.1691401,-0.04410147,-0.1328689,0.990152,17,5.7,-0.2046614,17.11003,18,-5.7,-18.66961,148.4949
26.28741,NaN,NaN,NaN,7.83981,2.855265,0.1842714,0.01199039,-0.005706601,0.02166262,0.9996771,7.765943,2.883453,0.1691401,-0.04410147,-0.1328689,0.990152,17,5.7,0.1211019,14.79211,18,-5.7,-18.34385,146.177
26.30457,NaN,NaN,NaN,7.920119,2.850286,0.1867748,0.01074589,-0.007271958,0.02155114,0.9996836,7.870016,2.871578,0.1750263,-0.04949453,-0.1270384,0.9906622,17,5.7,0.3483146,13.1754,18,-5.7,-18.11663,144.5603
26.32867,NaN,NaN,NaN,8.065056,2.840498,0.1919523,0.009454298,-0.01015224,0.01968103,0.9997101,8.027003,2.859865,0.1811981,-0.05216213,-0.1306822,0.9900512,17,5.7,0.6669804,10.90798,18,-5.7,-17.79797,142.2928
26.34662,NaN,NaN,NaN,8.122234,2.835952,0.1945548,0.009420151,-0.01141584,0.01825334,0.9997239,8.077829,2.859865,0.1811981,-0.05216213,-0.1306822,0.9900512,17,5.7,0.9038054,9.222882,18,-5.7,-17.56114,140.6077
26.37061,NaN,NaN,NaN,8.218683,2.827229,0.1994057,0.008564398,-0.01328751,0.01556085,0.999754,8.18681,2.848081,0.1874559,-0.0583613,-0.1414515,0.9882234,17,5.7,1.221042,6.965625,18,-5.7,-17.2439,138.3505
26.38898,NaN,NaN,NaN,8.252687,2.822942,0.2015591,0.008781006,-0.01334732,0.01348448,0.9997814,8.217036,2.848081,0.1874559,-0.0583613,-0.1414515,0.9882234,17,5.7,1.46409,5.236254,18,-5.7,-17.00086,136.6211
26.41223,NaN,NaN,NaN,8.302296,2.815219,0.2056178,0.009686766,-0.01367928,0.01175139,0.9997905,8.279197,2.836857,0.1935397,-0.07789398,-0.1422754,0.9867575,17,5.7,1.771715,3.047387,18,-5.7,-16.69323,134.4322
26.43018,-20.24533,-44.24014,315.1441,8.312394,2.811877,0.2074029,0.009673296,-0.01353172,0.0116235,0.9997941,8.301155,2.826278,0.1992381,-0.08928608,-0.1472117,0.9850669,17,5.7,2.008689,1.361226,18,-5.7,-16.45626,132.7461
26.45453,-20.2405,-44.2402,315.1445,8.317868,2.80549,0.2110782,0.009672236,-0.01321546,0.01167989,0.9997977,8.306021,2.826278,0.1992381,-0.08928608,-0.1472117,0.9850669,18,-5.7,-16.13425,130.4549,19,0.7,-34.22677,259.1898
26.47186,-12.85,-31.43967,228.333,8.305124,2.802851,0.2125536,0.01051509,-0.01217327,0.01211311,0.9997972,8.302772,2.816705,0.2045593,-0.09131199,-0.1478774,0.9847814,18,-5.7,-15.90515,128.8248,19,0.7,-33.99767,257.5597
26.49585,-12.85,-31.77014,228.7345,8.265448,2.797714,0.214788,0.01070774,-0.009920396,0.01477834,0.9997842,8.270692,2.808413,0.2091603,-0.09100232,-0.1489879,0.9846427,18,-5.7,-15.58747,126.5644,19,0.7,-33.68,255.2993
26.51385,-12.85,-31.72387,228.4287,8.233651,2.795703,0.2157358,0.01013643,-0.007787708,0.01723071,0.9997699,8.242428,2.808413,0.2091603,-0.09100232,-0.1489879,0.9846427,18,-5.7,-15.34981,124.8733,19,0.7,-33.44233,253.6082
26.5376,-12.85,-32.09278,230.2649,8.152628,2.7921,0.217249,0.007075805,-0.004733354,0.022507,0.9997104,8.168751,2.801387,0.212652,-0.0899656,-0.1493559,0.9846822,18,-5.7,-15.03565,122.6379,19,0.7,-33.12817,251.3728
26.55621,-12.85,-32.00877,229.7111,8.095701,2.790318,0.217732,0.00457343,-0.003989071,0.02369991,0.9997007,8.118149,2.801387,0.212652,-0.0899656,-0.1493559,0.9846822,18,-5.7,-14.78958,120.8871,19,0.7,-32.8821,249.622
26.57941,-12.85,-30.06296,218.3458,7.96551,2.787404,0.2184886,0.002503777,-0.002919402,0.02257129,0.9997379,7.996305,2.795654,0.2153382,-0.09408271,-0.1482961,0.9844576,18,-5.7,-14.48333,118.7079,19,0.7,-32.57584,247.4429
26.59729,NaN,NaN,NaN,7.884951,2.786848,0.2184764,0.001982806,-0.002555959,0.02065071,0.9997815,7.914223,2.790959,0.2175214,-0.08898801,-0.1448965,0.985437,18,-5.7,-14.24675,117.0246,19,0.7,-32.33926,245.7595
26.6217,NaN,NaN,NaN,7.704304,2.787985,0.2182752,0.00143917,-0.001865726,0.01875054,0.9998214,7.753648,2.790959,0.2175214,-0.08898801,-0.1448965,0.985437,18,-5.7,-13.92365,114.7257,19,0.7,-32.01617,243.4606
26.63904,NaN,NaN,NaN,7.597303,2.790658,0.2180268,0.002690152,-0.002268735,0.0176241,0.9998385,7.642504,2.787569,0.218361,-0.09974257,-0.1428497,0.9847057,18,-5.7,-13.69494,113.0983,19,0.7,-31.78746,241.8332
26.6629,NaN,NaN,NaN,7.359643,2.798332,0.2171082,0.005005446,-0.002198964,0.01045824,0.9999304,7.410035,2.787024,0.2184776,-0.1001766,-0.1432434,0.9846045,18,-5.7,-13.37953,110.854,19,0.7,-31.47205,239.5889
26.68085,NaN,NaN,NaN,7.227351,2.803268,0.2162805,0.006459974,-0.002493281,0.006631402,0.9999541,7.292442,2.787024,0.2184776,-0.1001766,-0.1432434,0.9846045,18,-5.7,-13.14178,109.1623,19,0.7,-31.2343,237.8973
26.70465,-12.85,-26.94341,193.7211,6.948144,2.813174,0.2139171,0.01043612,-0.002610643,0.003010912,0.9999377,7.017442,2.791336,0.2181367,-0.1009629,-0.1511068,0.983348,18,-5.7,-12.82718,106.9239,19,0.7,-30.9197,235.6588
26.72321,-12.85,-26.7385,192.3875,6.794112,2.819894,0.2126754,0.01221699,-0.002612792,0.002711542,0.9999183,6.880524,2.791336,0.2181367,-0.1009629,-0.1511068,0.983348,18,-5.7,-12.58213,105.1803,19,0.7,-30.67465,233.9152
26.74658,-10.01325,-22.31724,159.1546,6.472167,2.834288,0.2100673,0.01254134,-0.002156809,-0.0005261605,0.9999189,6.562167,2.80014,0.2168278,-0.1024681,-0.155274,0.9825428,18,-5.7,-12.27309,102.9813,19,0.7,-30.36561,231.7162
26.76447,-7.398157,-18.14997,129.5029,6.301387,2.841258,0.2085529,0.01250081,-0.001422569,-0.001429162,0.9999199,6.373304,2.812685,0.2141529,-0.1045675,-0.1591708,0.9816977,18,-5.7,-12.03617,101.2955,19,0.7,-30.12869,230.0305
26.78888,-7.711426,-18.14997,129.5029,5.948959,2.855535,0.2054301,0.01331809,-5.692244E-05,-0.002696721,0.9999077,6.060035,2.812685,0.2141529,-0.1045675,-0.1591708,0.9816977,18,-5.7,-11.71371,99.00109,19,0.7,-29.80623,227.736
26.80615,-6.676046,-17.29565,123.4241,5.76453,2.862688,0.2041369,0.01269712,0.000538379,-0.003445534,0.9999134,5.854684,2.82832,0.2109839,-0.09986798,-0.1603849,0.9819893,18,-5.7,-11.48505,97.37408,19,0.7,-29.57757,226.109
26.8299,NaN,NaN,NaN,5.385434,2.876536,0.2012777,0.01160197,0.001740445,-0.005794749,0.9999145,5.472844,2.845293,0.2078124,-0.03023641,-0.1428777,0.9892784,18,-5.7,-11.1715,95.14307,19,0.7,-29.26402,223.878
26.8479,NaN,NaN,NaN,5.185884,2.882468,0.1995878,0.01110047,0.002071239,-0.006996623,0.9999118,5.295466,2.845293,0.2078124,-0.03023641,-0.1428777,0.9892784,18,-5.7,-10.93302,93.44621,19,0.7,-29.02554,222.1811
26.87164,NaN,NaN,NaN,4.780438,2.895013,0.1964725,0.0118543,0.002341326,-0.01010795,0.9998759,4.886839,2.862281,0.2042334,-0.01422635,-0.1420527,0.9897569,18,-5.7,-10.61966,91.21648,19,0.7,-28.71218,219.9514
26.89014,NaN,NaN,NaN,4.570215,2.901382,0.194824,0.01255411,0.001809627,-0.01191145,0.9998487,4.699975,2.862281,0.2042334,-0.01422635,-0.1420527,0.9897569,18,-5.7,-10.37458,89.4727,19,0.7,-28.4671,218.2076
26.91357,1.723429,-43.05209,306.6906,4.143113,2.91365,0.191462,0.01479584,0.0005510747,-0.01637306,0.9997563,4.26913,2.878324,0.2004325,-0.008213978,-0.1481994,0.9889234,18,-5.7,-10.06533,87.27225,19,0.7,-28.15785,216.0072
26.93121,1.611742,-35.66167,254.1051,3.92685,2.919743,0.189666,0.0165316,-0.0006487072,-0.0187843,0.9996867,4.023211,2.893674,0.1965241,-0.009389345,-0.1501198,0.9886233,18,-5.7,-9.831571,85.60896,19,0.7,-27.92409,214.3439
26.95563,1.217896,-35.66166,254.1051,3.483774,2.931942,0.1863165,0.01880979,-0.00284607,-0.0235858,0.9995409,3.629366,2.893674,0.1965241,-0.009389345,-0.1501198,0.9886233,18,-5.7,-9.508788,83.31224,19,0.7,-27.60131,212.0472
26.97284,1.509917,-25.76043,183.654,3.257511,2.937578,0.1844835,0.02017083,-0.003841426,-0.02609319,0.9994486,3.3726,2.908698,0.1923971,-0.01003074,-0.1543862,0.9879597,18,-5.7,-9.280968,81.69122,19,0.7,-27.37349,210.4261
26.99683,0.8117217,-25.28449,180.2676,2.803453,2.948807,0.1808364,0.02320749,-0.005599838,-0.03033566,0.9992546,2.910808,2.923123,0.1884229,-0.01151528,-0.1547428,0.9878877,18,-5.7,-8.964353,79.43839,19,0.7,-27.05687,208.1733
27.01495,0.6071256,-25.28448,180.2675,2.573281,2.954243,0.1790801,0.02387241,-0.006155185,-0.03267982,0.9991618,2.706211,2.923123,0.1884229,-0.01151528,-0.1547428,0.9878877,18,-5.7,-8.724692,77.73312,19,0.7,-26.81721,206.468
27.03857,0.6677178,-36.89799,262.902,2.112768,2.964382,0.1755784,0.02382536,-0.006687065,-0.03682609,0.9990153,2.237227,2.937052,0.1842589,-0.005906512,-0.1499107,0.9886819,18,-5.7,-8.412233,75.50986,19,0.7,-26.50475,204.2448
27.05719,0.4619938,-36.89804,262.9023,1.881331,2.968976,0.1738042,0.02266312,-0.006467309,-0.03827156,0.9989895,2.031505,2.937052,0.1842589,-0.005906512,-0.1499107,0.9886819,18,-5.7,-8.165965,73.75756,19,0.7,-26.25848,202.4925
27.08032,0.156877,-37.75593,269.0066,1.419192,2.976412,0.1700737,0.02136358,-0.00657589,-0.0403886,0.998934,1.560094,2.950271,0.1799001,-0.005160884,-0.1497131,0.988716,18,-5.7,-7.86001,71.58057,19,0.7,-25.95253,200.3155
27.09827,-0.3346651,-38.38044,273.4502,1.1873,2.97901,0.1682676,0.0211562,-0.006181028,-0.04142308,0.9988986,1.292735,2.962343,0.1756203,-0.005888078,-0.1495819,0.9887319,18,-5.7,-7.62339,69.89693,19,0.7,-25.71591,198.6319
27.12262,-0.7445424,-38.38044,273.4502,0.7261881,2.982989,0.164434,0.02111579,-0.006033704,-0.04282458,0.9988412,0.8828577,2.962343,0.1756203,-0.005888078,-0.1495819,0.9887319,18,-5.7,-7.30145,67.60622,19,0.7,-25.39397,196.3411
27.14001,0.5721153,-49.19965,350.433,0.4941353,2.98409,0.1626289,0.02173262,-0.005715501,-0.04387267,0.9987844,0.615084,2.972207,0.1713626,-0.000121338,-0.1473258,0.989088,18,-5.7,-7.070861,65.96548,19,0.7,-25.16338,194.7004
27.16388,NaN,NaN,NaN,0.03152876,2.986911,0.1591585,0.02223022,-0.005093079,-0.04581118,0.9986898,0.1423535,2.979026,0.1669383,0.002062662,-0.1458746,0.9893009,18,-5.7,-6.755567,63.72205,19,0.7,-24.84809,192.457
27.1817,NaN,NaN,NaN,-0.1994034,2.986189,0.1572386,0.01972511,-0.004530199,-0.04699788,0.9986899,-0.06291956,2.979026,0.1669383,0.002062662,-0.1458746,0.9893009,18,-5.7,-6.519942,62.04549,19,0.7,-24.61246,190.7804
27.20569,NaN,NaN,NaN,-0.6604154,2.985838,0.1542781,0.02137279,-0.003077928,-0.04954674,0.9985384,-0.5342468,2.983227,0.1622971,0.002518392,-0.1457147,0.9893234,18,-5.7,-6.202998,59.79033,19,0.7,-24.29552,188.5252
27.22375,NaN,NaN,NaN,-0.8893627,2.985229,0.1528486,0.02148465,-0.001778059,-0.05156511,0.9984369,-0.7377555,2.983227,0.1622971,0.002518392,-0.1457147,0.9893234,18,-5.7,-5.964179,58.09104,19,0.7,-24.0567,186.8259
27.2475,-8.900944,-26.93487,192.0107,-1.345873,2.98349,0.1500826,0.02289419,0.0004137009,-0.05430201,0.998262,-1.205076,2.984876,0.1581883,-0.03960327,-0.1539684,0.9872818,18,-5.7,-5.650039,55.85582,19,0.7,-23.74256,184.5907
27.2652,-9.340634,-21.88809,156.1009,-1.575868,2.981001,0.148606,0.02557797,0.000375446,-0.05380574,0.9982238,-1.470793,2.98476,0.1545057,-0.04977335,-0.1573101,0.9862942,18,-5.7,-5.41597,54.19033,19,0.7,-23.50849,182.9252
27.28961,-9.743162,-21.8881,156.1009,-2.028711,2.977101,0.1462522,0.02724257,-0.0009681097,-0.05192778,0.9982787,-1.87332,2.98476,0.1545057,-0.04977335,-0.1573101,0.9862942,18,-5.7,-5.093277,51.89425,19,0.7,-23.1858,180.6292
27.30682,-8.352129,-18.14304,129.4536,-2.25459,2.97357,0.1453634,0.02705168,-0.001838535,-0.05148249,0.9983058,-2.135091,2.9828,0.1509761,-0.04739877,-0.1610638,0.9858052,18,-5.7,-4.865418,50.27295,19,0.7,-22.95794,179.0078
27.33087,-7.282416,-15.22166,108.6669,-2.696111,2.968353,0.1444178,0.0247211,-0.003091197,-0.05039104,0.9984188,-2.588216,2.978662,0.1477355,-0.04262227,-0.1652548,0.9853295,18,-5.7,-4.547326,48.00961,19,0.7,-22.63984,176.7445
27.34851,-7.476671,-15.22166,108.6669,-2.914648,2.965318,0.1445163,0.0223057,-0.003381383,-0.05026842,0.9984809,-2.782471,2.978662,0.1477355,-0.04262227,-0.1652548,0.9853295,18,-5.7,-4.314279,46.35139,19,0.7,-22.4068,175.0863
27.37274,-7.494018,-14.78011,105.5251,-3.347335,2.957412,0.1440662,0.02103798,-0.005500045,-0.04946747,0.998539,-3.226999,2.972706,0.1456426,-0.03989749,-0.1659925,0.9853196,18,-5.7,-3.993681,44.07022,19,0.7,-22.0862,172.8051
27.39069,-7.683635,-14.78011,105.5251,-3.560654,2.952437,0.1436683,0.02182687,-0.006696604,-0.0505614,0.9984599,-3.416615,2.972706,0.1456426,-0.03989749,-0.1659925,0.9853196,18,-5.7,-3.757198,42.38755,19,0.7,-21.84972,171.1225
27.41461,-8.03921,-16.78936,119.8217,-3.981761,2.94138,0.1429023,0.02396625,-0.008329034,-0.05225629,0.9983113,-3.84972,2.965722,0.1445782,-0.03451863,-0.1627688,0.9860602,18,-5.7,-3.440479,40.13398,19,0.7,-21.533,168.8689
27.43225,-8.165135,-15.13963,108.0832,-4.183296,2.936729,0.1429025,0.02614544,-0.009153906,-0.05181225,0.9982725,-4.086528,2.95644,0.143627,-0.03724007,-0.1652278,0.9855521,18,-5.7,-3.207208,38.47417,19,0.7,-21.29973,167.2091
27.45667,-8.516449,-15.13962,108.0832,-4.578525,2.927279,0.1437453,0.02803522,-0.01016076,-0.04977249,0.9983153,-4.437842,2.95644,0.143627,-0.03724007,-0.1652278,0.9855521,18,-5.7,-2.884881,36.18069,19,0.7,-20.9774,164.9156
27.47424,-8.560401,-17.22873,122.9478,-4.76818,2.922796,0.1446391,0.02677854,-0.0108403,-0.04712,0.9984714,-4.662703,2.944905,0.1430557,-0.03130383,-0.1620219,0.9862905,18,-5.7,-2.651881,34.52282,19,0.7,-20.7444,163.2577
27.49811,-8.07273,-16.05856,114.6218,-5.142574,2.912204,0.1461775,0.0248986,-0.01092613,-0.04631766,0.9985567,-5.049635,2.933038,0.1433611,-0.02604263,-0.1636045,0.9861822,18,-5.7,-2.336484,32.27865,19,0.7,-20.429,161.0135
27.51593,-8.231785,-16.05868,114.6225,-5.321489,2.907068,0.1469966,0.02284837,-0.01039425,-0.04619015,0.9986173,-5.208671,2.933038,0.1433611,-0.02604263,-0.1636045,0.9861822,18,-5.7,-2.1011,30.60381,19,0.7,-20.19362,159.3387
27.53973,-8.166664,-16.6109,118.5517,-5.669987,2.896347,0.148789,0.02036279,-0.009568322,-0.04573758,0.9987001,-5.5702,2.921165,0.144583,-0.0216308,-0.1627192,0.9864353,18,-5.7,-1.785966,28.36151,19,0.7,-19.87849,157.0964
27.55762,-8.315288,-16.61091,118.5518,-5.837185,2.890403,0.1497569,0.02021558,-0.00906149,-0.04572196,0.9987086,-5.718821,2.921165,0.144583,-0.0216308,-0.1627192,0.9864353,18,-5.7,-1.549456,26.67865,19,0.7,-19.64198,155.4136
27.58148,-8.992463,-20.21664,144.2079,-6.159412,2.878906,0.1516329,0.02143759,-0.009516299,-0.04399867,0.9987562,-6.054554,2.908946,0.1463095,-0.02013154,-0.1584644,0.9871594,18,-5.7,-1.234504,24.43765,19,0.7,-19.32702,153.1726
27.59937,-8.134743,-16.98275,121.1976,-6.312179,2.87405,0.1525914,0.02133507,-0.01066586,-0.04303441,0.9987888,-6.236987,2.896014,0.1485417,-0.01546849,-0.1620308,0.9866645,18,-5.7,-0.9978458,22.75374,19,0.7,-19.09037,151.4886
27.62329,-8.396704,-16.98275,121.1976,-6.606884,2.863704,0.1543608,0.02085656,-0.01396206,-0.04354756,0.9987361,-6.498947,2.896014,0.1485417,-0.01546849,-0.1620308,0.9866645,18,-5.7,-0.6810614,20.4997,19,0.7,-18.77358,149.2346
27.64124,-8.256836,-16.02538,114.3855,-6.74392,2.858083,0.1550403,0.02059534,-0.01618356,-0.04510676,0.9986388,-6.664634,2.882716,0.1508483,-0.01374958,-0.1632825,0.9864836,18,-5.7,-0.4443513,18.81543,19,0.7,-18.53687,147.5503
27.66504,-9.162359,-16.40188,117.0644,-7.002437,2.846741,0.1565191,0.01967752,-0.01860752,-0.04771578,0.9984937,-6.935454,2.869761,0.1530228,-0.01879082,-0.162616,0.9865105,18,-5.7,-0.1294137,16.57453,19,0.7,-18.22194,145.3094
27.68298,-9.264421,-16.40187,117.0644,-7.117258,2.841517,0.1569256,0.01958446,-0.019202,-0.04850802,0.9984462,-7.037518,2.869761,0.1530228,-0.01879082,-0.162616,0.9865105,18,-5.7,0.1074602,14.88908,19,0.7,-17.98506,143.624
27.70691,-8.131719,-16.00309,114.2269,-7.332141,2.831738,0.1578343,0.02103197,-0.02047695,-0.05129195,0.9982522,-7.266294,2.856707,0.1549788,-0.007484819,-0.1631135,0.9865789,18,-5.7,0.4237867,12.6383,19,0.7,-17.66874,141.3732
27.72473,-8.212635,-16.00309,114.227,-7.423172,2.827513,0.1582105,0.02049489,-0.02202645,-0.05134386,0.9982277,-7.34721,2.856707,0.1549788,-0.007484819,-0.1631135,0.9865789,18,-5.7,0.6597214,10.95954,19,0.7,-17.4328,139.6945
27.74854,-8.058564,-14.33004,102.3226,-7.585907,2.820274,0.1586919,0.01819792,-0.02268552,-0.05301744,0.99817,-7.525437,2.843931,0.1565505,-0.005145948,-0.1657707,0.9861509,18,-5.7,0.9745929,8.719112,19,0.7,-17.11793,137.454
27.76654,-7.53731,-13.99356,99.92841,-7.654387,2.817433,0.1587587,0.01538175,-0.0235776,-0.05127526,0.9982877,-7.615306,2.83225,0.1577296,0.0007708832,-0.1662966,0.9860755,18,-5.7,1.212763,7.024446,19,0.7,-16.87976,135.7594
27.79041,-7.646946,-13.99356,99.92834,-7.777727,2.812061,0.1586983,0.00807433,-0.02574019,-0.04959771,0.9984049,-7.724941,2.83225,0.1577296,0.0007708832,-0.1662966,0.9860755,18,-5.7,1.527771,4.783043,19,0.7,-16.56475,133.5179
27.80823,-3.732202,-37.98528,270.6387,-7.822523,2.809522,0.1585763,0.003786784,-0.02659279,-0.04987589,0.9983941,-7.788829,2.822416,0.1584208,0.01482841,-0.1491665,0.9887009,18,-5.7,1.763464,3.106001,19,0.7,-16.32906,131.8409
27.83215,NaN,NaN,NaN,-7.892461,2.805331,0.1579547,-0.002803748,-0.02873796,-0.04954129,0.9983546,-7.86993,2.814795,0.1587163,0.02217819,-0.1342914,0.9906937,18,-5.7,2.079623,0.8564112,19,0.7,-16.0129,129.5913
27.84998,NaN,NaN,NaN,-7.910699,2.803855,0.1575038,-0.005717324,-0.03144126,-0.04694363,0.9983863,-7.886142,2.814795,0.1587163,0.02217819,-0.1342914,0.9906937,19,0.7,-15.77705,127.9131,20,-5.7,-33.86943,256.6475
27.87396,NaN,NaN,NaN,-7.936428,2.800555,0.1562183,-0.008515147,-0.03590824,-0.04668237,0.9982278,-7.922897,2.808685,0.1585027,0.02406828,-0.1195503,0.9925364,19,0.7,-15.45993,125.6567,20,-5.7,-33.55231,254.391
27.89185,NaN,NaN,NaN,-7.932192,2.799376,0.155676,-0.007790728,-0.03717479,-0.04846476,0.9981025,-7.919132,2.808685,0.1585027,0.02406828,-0.1195503,0.9925364,19,0.7,-15.22305,123.9712,20,-5.7,-33.31543,252.7055
27.91559,NaN,NaN,NaN,-7.905514,2.798125,0.1545174,-0.008479025,-0.03858826,-0.04867806,0.9980328,-7.904192,2.803911,0.1577621,0.02337041,-0.1193222,0.9925805,19,0.7,-14.90898,121.7365,20,-5.7,-33.00136,250.4708
27.93372,NaN,NaN,NaN,-7.879694,2.797163,0.1536465,-0.008415001,-0.03858423,-0.04916293,0.9980099,-7.88522,2.800249,0.1566687,0.02518426,-0.1305284,0.9911247,19,0.7,-14.67009,120.0367,20,-5.7,-32.76247,248.771
27.9574,NaN,NaN,NaN,-7.809584,2.796049,0.1517214,-0.006212485,-0.03906522,-0.05112882,0.9979084,-7.822899,2.800249,0.1566687,0.02518426,-0.1305284,0.9911247,19,0.7,-14.35642,117.8048,20,-5.7,-32.4488,246.5391
27.97565,NaN,NaN,NaN,-7.760126,2.796064,0.1508,-0.006452111,-0.0385076,-0.05250641,0.997857,-7.777435,2.797648,0.1551007,0.01965303,-0.1369073,0.9903889,19,0.7,-14.11523,116.0887,20,-5.7,-32.20762,244.823
27.99915,NaN,NaN,NaN,-7.648137,2.796771,0.1489991,-0.007401508,-0.03797923,-0.05258111,0.9978668,-7.671489,2.795874,0.1531327,0.01095722,-0.1371449,0.9904904,19,0.7,-13.80424,113.8759,20,-5.7,-31.89663,242.6102
28.01733,NaN,NaN,NaN,-7.580276,2.798202,0.1483805,-0.008463921,-0.0383014,-0.0511665,0.9979196,-7.611169,2.795874,0.1531327,0.01095722,-0.1371449,0.9904904,19,0.7,-13.56431,112.1687,20,-5.7,-31.6567,240.903
28.04102,NaN,NaN,NaN,-7.432304,2.801338,0.1466414,-0.0115807,-0.04000129,-0.04979213,0.9978911,-7.468678,2.795414,0.151265,0.005461746,-0.1330939,0.9910884,19,0.7,-13.25117,109.9406,20,-5.7,-31.34355,238.6749
28.05902,NaN,NaN,NaN,-7.3449,2.804246,0.1460152,-0.01261993,-0.04158557,-0.04890956,0.9978573,-7.390985,2.795414,0.151265,0.005461746,-0.1330939,0.9910884,19,0.7,-13.01265,108.2435,20,-5.7,-31.10504,236.9778
28.0824,NaN,NaN,NaN,-7.156249,2.810953,0.1447988,-0.01539027,-0.04506343,-0.04487329,0.9978572,-7.207988,2.796743,0.1491356,0.003898085,-0.1295621,0.9915637,19,0.7,-12.70371,106.0452,20,-5.7,-30.7961,234.7795
28.10065,NaN,NaN,NaN,-7.047961,2.815382,0.1441649,-0.01445412,-0.04710985,-0.04292352,0.9978623,-7.092389,2.800476,0.1471101,-2.230396E-05,-0.1295416,0.991574,19,0.7,-12.46272,104.3305,20,-5.7,-30.55511,233.0648
28.12427,NaN,NaN,NaN,-6.820168,2.825048,0.1433402,-0.01362776,-0.05118797,-0.03818585,0.9978657,-6.889907,2.800476,0.1471101,-2.230396E-05,-0.1295416,0.991574,19,0.7,-12.15073,102.1105,20,-5.7,-30.24311,230.8448
28.14233,NaN,NaN,NaN,-6.69481,2.830399,0.1429341,-0.01222203,-0.05303477,-0.03629799,0.9978579,-6.754979,2.807322,0.1454983,0.001518499,-0.1299059,0.9915252,19,0.7,-11.91187,100.411,20,-5.7,-30.00426,229.1453
28.16608,NaN,NaN,NaN,-6.424376,2.842028,0.1415738,-0.008113949,-0.05563129,-0.03325316,0.9978645,-6.487102,2.817042,0.144393,-0.002955461,-0.1308166,0.9914022,19,0.7,-11.59774,98.17581,20,-5.7,-29.69012,226.9101
28.18414,NaN,NaN,NaN,-6.275846,2.848687,0.1409132,-0.006336941,-0.05624987,-0.03226544,0.9978751,-6.355075,2.817042,0.144393,-0.002955461,-0.1308166,0.9914022,19,0.7,-11.35854,96.47385,20,-5.7,-29.45092,225.2081
28.20776,NaN,NaN,NaN,-5.968208,2.862002,0.1393779,-0.004964302,-0.058332,-0.02914648,0.9978594,-6.049588,2.829109,0.1429662,-0.0007790827,-0.1354949,0.9907777,19,0.7,-11.04677,94.25547,20,-5.7,-29.13915,222.9898
28.22589,NaN,NaN,NaN,-5.80552,2.868645,0.1383941,-0.00458659,-0.05910209,-0.02835447,0.9978387,-5.868607,2.84329,0.141399,-0.001887272,-0.135913,0.990719,19,0.7,-10.80651,92.54594,20,-5.7,-28.89889,221.2802
28.24945,NaN,NaN,NaN,-5.467465,2.881696,0.1360475,-0.002474409,-0.06125834,-0.02732443,0.9977449,-5.568114,2.84329,0.141399,-0.001887272,-0.135913,0.990719,19,0.7,-10.4956,90.33367,20,-5.7,-28.58798,219.068
28.26758,NaN,NaN,NaN,-5.287977,2.888283,0.1347648,-0.0006893605,-0.0615545,-0.02729772,0.9977302,-5.368198,2.858843,0.1395259,0.008413472,-0.1363901,0.9906195,19,0.7,-10.25525,88.6235,20,-5.7,-28.34763,217.3578
28.29126,NaN,NaN,NaN,-4.924571,2.901586,0.1321511,0.001450539,-0.05998583,-0.02621102,0.997854,-5.045171,2.858843,0.1395259,0.008413472,-0.1363901,0.9906195,19,0.7,-9.942579,86.39874,20,-5.7,-28.03496,215.133
28.30945,NaN,NaN,NaN,-4.734502,2.90848,0.1308842,0.002476834,-0.0586078,-0.02456448,0.9979758,-4.832526,2.874671,0.1370599,0.01136555,-0.1412371,0.9899105,19,0.7,-9.702119,84.68778,20,-5.7,-27.7945,213.4221
28.33301,NaN,NaN,NaN,-4.351513,2.921826,0.1284058,0.004597687,-0.05669235,-0.0213889,0.998152,-4.445473,2.890558,0.1341517,0.01642788,-0.141564,0.9897928,19,0.7,-9.390139,82.46793,20,-5.7,-27.48252,211.2022
28.35126,NaN,NaN,NaN,-4.153824,2.928294,0.127133,0.006204974,-0.05569723,-0.01949436,0.9982381,-4.26975,2.890558,0.1341517,0.01642788,-0.141564,0.9897928,19,0.7,-9.14891,80.75149,20,-5.7,-27.24129,209.4858
28.37494,NaN,NaN,NaN,-3.754725,2.940743,0.1241848,0.01057513,-0.05356002,-0.01620998,0.9983771,-3.865807,2.90662,0.1311187,0.02015064,-0.1441811,0.9893461,19,0.7,-8.836293,78.52711,20,-5.7,-26.92867,207.2614
28.39282,NaN,NaN,NaN,-3.549587,2.946234,0.1228946,0.01211889,-0.05211286,-0.0145892,0.9984611,-3.632282,2.922442,0.1277126,0.01249888,-0.1439923,0.9894999,19,0.7,-8.599365,76.84128,20,-5.7,-26.69175,205.5756
28.4165,NaN,NaN,NaN,-3.135082,2.957448,0.1203381,0.01804149,-0.04794103,-0.01160127,0.9986199,-3.263833,2.922442,0.1277126,0.01249888,-0.1439923,0.9894999,19,0.7,-8.286183,74.61287,20,-5.7,-26.37856,203.3472
28.43481,NaN,NaN,NaN,-2.923023,2.962096,0.1191634,0.01995437,-0.04547123,-0.009017298,0.9987257,-3.022388,2.93748,0.1245646,0.006673952,-0.1411116,0.9899712,19,0.7,-8.044571,72.89371,20,-5.7,-26.13695,201.628
28.45831,NaN,NaN,NaN,-2.498484,2.970919,0.1169259,0.02337556,-0.04235752,-0.002714121,0.9988254,-2.64502,2.93748,0.1245646,0.006673952,-0.1411116,0.9899712,19,0.7,-7.733804,70.68249,20,-5.7,-25.82618,199.4168
28.47644,2.041845,-39.25153,279.6484,-2.286555,2.975045,0.1160249,0.02447052,-0.04167374,2.658682E-05,0.9988316,-2.402079,2.951128,0.1215296,0.01571792,-0.1492686,0.9886717,19,0.7,-7.494164,68.97736,20,-5.7,-25.58654,197.7116
28.50006,-0.09068181,-25.51674,181.9204,-1.857354,2.981115,0.1143559,0.02425325,-0.04019485,0.003352175,0.9988919,-1.964705,2.963002,0.118678,0.01018333,-0.1547573,0.9879,19,0.7,-7.182206,66.75766,20,-5.7,-25.27458,195.4919
28.51801,0.1020304,-25.51674,181.9204,-1.640552,2.984076,0.1137765,0.02564613,-0.03869963,0.003623815,0.9989152,-1.771993,2.963002,0.118678,0.01018333,-0.1547573,0.9879,19,0.7,-6.9445,65.0663,20,-5.7,-25.03688,193.8006
28.54175,NaN,NaN,NaN,-1.203389,2.987089,0.1125271,0.02599981,-0.03590871,0.006999855,0.9989923,-1.326844,2.973048,0.1162109,0.0172098,-0.1445407,0.9893492,19,0.7,-6.630541,62.83236,20,-5.7,-24.72292,191.5667
28.55981,NaN,NaN,NaN,-0.983067,2.98764,0.1123882,0.02674472,-0.03402516,0.008272198,0.9990288,-1.073807,2.980586,0.1143017,0.04044677,-0.1435748,0.9888126,19,0.7,-6.392113,61.13585,20,-5.7,-24.48449,189.8701
28.58362,NaN,NaN,NaN,-0.5465724,2.989436,0.1127208,0.02708035,-0.03217604,0.01126507,0.9990518,-0.6858122,2.980586,0.1143017,0.04044677,-0.1435748,0.9888126,19,0.7,-6.077439,58.89683,20,-5.7,-24.16982,187.6311
28.6015,12.85,-38.13676,273.9556,-0.3292308,2.989386,0.1136685,0.02444916,-0.03245863,0.01255356,0.9990951,-0.4346876,2.985152,0.1129906,0.04791912,-0.1483306,0.9877762,19,0.7,-5.840852,57.21343,20,-5.7,-23.93323,185.9477
28.62531,NaN,NaN,NaN,0.1047143,2.988316,0.115623,0.01956263,-0.03442924,0.0156238,0.9990935,0.00918439,2.987647,0.1129545,0.04573625,-0.1444373,0.9884564,19,0.7,-5.525781,54.97158,20,-5.7,-23.61816,183.7059
28.64319,NaN,NaN,NaN,0.3193489,2.986279,0.117107,0.0199826,-0.03650602,0.0179591,0.9989722,0.1999707,2.987647,0.1129545,0.04573625,-0.1444373,0.9884564,19,0.7,-5.289234,53.28846,20,-5.7,-23.38161,182.0228
28.66705,NaN,NaN,NaN,0.7448784,2.984065,0.1198788,0.01932291,-0.03861671,0.01787301,0.9989074,0.6361526,2.987919,0.114323,0.02869305,-0.1418482,0.9894725,19,0.7,-4.973655,51.043,20,-5.7,-23.06603,179.7773
28.68494,NaN,NaN,NaN,0.9569562,2.980434,0.1212668,0.01732936,-0.03891966,0.01774139,0.9989345,0.8246662,2.987919,0.114323,0.02869305,-0.1418482,0.9894725,19,0.7,-4.737642,49.36368,20,-5.7,-22.83002,178.098
28.7088,NaN,NaN,NaN,1.375711,2.973509,0.1247711,0.01617303,-0.04033696,0.02035448,0.9988479,1.254291,2.98577,0.1168433,0.02501318,-0.1402512,0.9898,19,0.7,-4.421695,47.1156,20,-5.7,-22.51407,175.8499
28.72681,NaN,NaN,NaN,1.580551,2.969088,0.1265006,0.01603657,-0.04127087,0.02192678,0.9987786,1.493087,2.981135,0.1201264,0.02021681,-0.1379237,0.9902365,19,0.7,-4.183847,45.42322,20,-5.7,-22.27622,174.1575
28.75061,NaN,NaN,NaN,1.983865,2.960814,0.1304405,0.01430812,-0.04269711,0.02275742,0.9987264,1.851589,2.981135,0.1201264,0.02021681,-0.1379237,0.9902365,19,0.7,-3.869271,43.1849,20,-5.7,-21.96165,171.9192
28.76849,NaN,NaN,NaN,2.179673,2.955724,0.1327986,0.01334884,-0.04322832,0.02316166,0.9987075,2.081406,2.973722,0.1237817,-0.03118252,-0.1430662,0.9892218,19,0.7,-3.63239,41.4994,20,-5.7,-21.72477,170.2337
28.79254,NaN,NaN,NaN,2.561245,2.945547,0.1371824,0.01393129,-0.04437928,0.02419154,0.9986246,2.474954,2.963973,0.1284944,-0.03726467,-0.1398138,0.9894763,19,0.7,-3.314967,39.24082,20,-5.7,-21.40734,167.9751
28.81042,NaN,NaN,NaN,2.743097,2.940696,0.1394987,0.01493586,-0.0448426,0.02369636,0.9986013,2.6366,2.963973,0.1284944,-0.03726467,-0.1398138,0.9894763,19,0.7,-3.078666,37.55945,20,-5.7,-21.17104,166.2937
28.83423,NaN,NaN,NaN,3.098969,2.929097,0.143974,0.01535647,-0.04623372,0.02375022,0.9985303,3.005338,2.952669,0.1336509,-0.03951847,-0.1388375,0.9895264,19,0.7,-2.763691,35.31829,20,-5.7,-20.85607,164.0526
28.85205,NaN,NaN,NaN,3.267174,2.923404,0.1459969,0.01841488,-0.04599589,0.02276365,0.9985125,3.154853,2.952669,0.1336509,-0.03951847,-0.1388375,0.9895264,19,0.7,-2.52776,33.63956,20,-5.7,-20.62014,162.3739
28.87592,NaN,NaN,NaN,3.592488,2.911515,0.1496491,0.02307631,-0.04604286,0.02257401,0.9984177,3.493894,2.940302,0.1390259,-0.0453879,-0.1401159,0.9890943,19,0.7,-2.212464,31.39611,20,-5.7,-20.30484,160.1304
28.89398,-12.85,-51.9396,371.1518,3.74466,2.904981,0.1513183,0.02616315,-0.04616505,0.02266273,0.998334,3.676147,2.926948,0.1442029,-0.044022,-0.1461523,0.9882821,19,0.7,-1.973485,29.69568,20,-5.7,-20.06586,158.43
28.91785,-12.85,-52.79583,376.9416,4.034803,2.89232,0.154769,0.02993266,-0.04616019,0.02029622,0.9982792,3.934052,2.926948,0.1442029,-0.044022,-0.1461523,0.9882821,19,0.7,-1.65802,27.45103,20,-5.7,-19.75039,156.1853
28.93597,-5.890424,-28.73081,204.7897,4.169067,2.886135,0.1566539,0.02955109,-0.04580044,0.01819298,0.9983477,4.0973,2.912661,0.1488304,-0.04817687,-0.1526358,0.9871076,19,0.7,-1.418707,25.74824,20,-5.7,-19.51108,154.4825
28.95947,-3.564939,-21.51138,153.4209,4.420924,2.874069,0.1601057,0.02917903,-0.04393783,0.01475566,0.998499,4.361505,2.897715,0.1530932,-0.0510062,-0.1570711,0.9862692,19,0.7,-1.108058,23.53785,20,-5.7,-19.20043,152.2722
28.97748,-3.462792,-21.5114,153.421,4.535846,2.868179,0.1616304,0.02773611,-0.0436112,0.01479753,0.9985539,4.463657,2.897715,0.1530932,-0.0510062,-0.1570711,0.9862692,19,0.7,-0.8700676,21.84446,20,-5.7,-18.96244,150.5788
29.00122,-8.324747,-34.76828,247.7484,4.744479,2.855955,0.1650575,0.02562596,-0.04436269,0.01345972,0.9985961,4.68564,2.882769,0.1568841,-0.05188056,-0.1501383,0.9873028,19,0.7,-0.5559839,19.60964,20,-5.7,-18.64836,148.3439
29.0191,-8.244614,-34.76833,247.7488,4.83465,2.849774,0.1668121,0.02465894,-0.0458973,0.009564107,0.998596,4.765792,2.882769,0.1568841,-0.05188056,-0.1501383,0.9873028,19,0.7,-0.3191451,17.92445,20,-5.7,-18.41152,146.6588
29.04297,-11.80081,-40.82104,290.8161,4.999964,2.837196,0.1699877,0.02516516,-0.04897288,-0.0003942798,0.9984829,4.944959,2.868275,0.1611207,-0.05688163,-0.1484028,0.9872898,19,0.7,-0.0034087,15.67787,20,-5.7,-18.09578,144.4122
29.0611,-7.498568,-27.82026,198.3108,5.064767,2.831104,0.1714058,0.02629217,-0.0512439,-0.005735874,0.9983236,5.030158,2.85369,0.1653419,-0.062364,-0.1526852,0.9863052,19,0.7,0.2358203,13.97566,20,-5.7,-17.85655,142.71
29.08478,-7.395622,-27.82026,198.3108,5.180581,2.819535,0.1742394,0.0243825,-0.05453406,-0.01221892,0.9981394,5.133103,2.85369,0.1653419,-0.062364,-0.1526852,0.9863052,19,0.7,0.5493835,11.74454,20,-5.7,-17.54299,140.4788
29.10284,-9.332952,-28.07329,200.1112,5.22552,2.814357,0.1755148,0.02324698,-0.05423795,-0.01493668,0.9981457,5.195742,2.838944,0.1692826,-0.07162692,-0.1523983,0.9857202,19,0.7,0.7876194,10.04941,20,-5.7,-17.30476,138.7837
29.12659,-23.14632,-48.82868,352.9303,5.302011,2.804698,0.177703,0.02157338,-0.05278052,-0.01717163,0.9982254,5.281478,2.824703,0.172868,-0.07948483,-0.1444241,0.9863183,19,0.7,1.10185,7.813541,20,-5.7,-16.99053,136.5478
29.1449,-22.93244,-48.47702,350.5286,5.324893,2.80041,0.1782911,0.02149357,-0.05094222,-0.01550661,0.9983499,5.301817,2.824703,0.172868,-0.07948483,-0.1444241,0.9863183,19,0.7,1.344149,6.089496,20,-5.7,-16.74823,134.8238
29.16833,NaN,NaN,NaN,5.347376,2.793058,0.1789464,0.02040339,-0.04886535,-0.01348287,0.998506,5.334987,2.811831,0.1758481,-0.0737911,-0.1410666,0.9872462,19,0.7,1.653734,3.886684,20,-5.7,-16.43864,132.621
29.18689,NaN,NaN,NaN,5.341918,2.790445,0.1792423,0.02047473,-0.04835406,-0.01435794,0.9985172,5.330135,2.811831,0.1758481,-0.0737911,-0.1410666,0.9872462,19,0.7,1.89898,2.141667,20,-5.7,-16.1934,130.876
29.21014,-19.97036,-49.37153,351.6559,5.316013,2.784884,0.1787491,0.01897739,-0.047743,-0.01344257,0.9985889,5.315464,2.800876,0.1779469,-0.0709822,-0.1464581,0.9866669,19,0.7,2.20663,-0.04738045,20,-5.7,-15.88575,128.6869
29.22852,-13.23575,-36.39323,263.5617,5.287914,2.782731,0.1780094,0.01937307,-0.04764001,-0.01222637,0.9986019,5.29342,2.792039,0.1790304,-0.06941696,-0.1468022,0.9867271,20,-5.7,-15.64298,126.9596,21,0.7,-33.73544,255.694
29.25189,-13.17923,-36.13652,261.8363,5.214939,2.780115,0.1763452,0.01824734,-0.04754052,-0.009566526,0.9986569,5.228553,2.792039,0.1790304,-0.06941696,-0.1468022,0.9867271,20,-5.7,-15.33424,124.7628,21,0.7,-33.4267,253.4973
29.2702,-12.94341,-35.58913,259.673,5.162399,2.779804,0.1753195,0.01571185,-0.04742355,-0.009070958,0.9987102,5.179598,2.785191,0.1787512,-0.06892408,-0.1459423,0.9868892,20,-5.7,-15.09165,123.0366,21,0.7,-33.18411,251.7711
29.29382,-12.85,-34.2516,246.2194,5.045619,2.778988,0.1728476,0.009763515,-0.04746847,-0.007575637,0.9987963,5.068374,2.780749,0.1772667,-0.07182929,-0.1484514,0.9863076,20,-5.7,-14.77947,120.8154,21,0.7,-32.87194,249.5499
29.31195,-12.85,-34.12323,245.3665,4.97574,2.778415,0.1712386,0.007151062,-0.04769619,-0.005994871,0.9988183,5.006259,2.780749,0.1772667,-0.07182929,-0.1484514,0.9863076,20,-5.7,-14.5399,119.1107,21,0.7,-32.63236,247.8452
29.33551,NaN,NaN,NaN,4.819385,2.778732,0.1680882,0.004392152,-0.04759762,-0.005158503,0.9988436,4.855012,2.778543,0.1749312,-0.07878505,-0.1409402,0.9868783,20,-5.7,-14.22809,116.8921,21,0.7,-32.32056,245.6266
29.35394,NaN,NaN,NaN,4.7259,2.780531,0.1664496,0.002957967,-0.04712261,-0.006470068,0.9988638,4.771914,2.778543,0.1749312,-0.07878505,-0.1409402,0.9868783,20,-5.7,-13.98451,115.1589,21,0.7,-32.07697,243.8934
29.37738,NaN,NaN,NaN,4.522665,2.786558,0.1642995,0.0004751507,-0.04640487,-0.008924986,0.9988828,4.574648,2.777589,0.1718361,-0.07822047,-0.1417101,0.9868129,20,-5.7,-13.67488,112.9558,21,0.7,-31.76735,241.6903
29.39557,NaN,NaN,NaN,4.405382,2.791173,0.163337,-0.002998209,-0.04541084,-0.01173716,0.998895,4.44927,2.779011,0.1682134,-0.07664257,-0.1412304,0.9870055,20,-5.7,-13.43467,111.2467,21,0.7,-31.52714,239.9812
29.41895,NaN,NaN,NaN,4.15908,2.800908,0.1608183,-0.005409897,-0.04293332,-0.01539072,0.9989448,4.230335,2.779011,0.1682134,-0.07664257,-0.1412304,0.9870055,20,-5.7,-13.12489,109.0424,21,0.7,-31.21735,237.7769
29.43689,NaN,NaN,NaN,4.022048,2.807059,0.1593879,-0.003685441,-0.0414879,-0.01755688,0.998978,4.082509,2.78479,0.165043,-0.07346607,-0.139896,0.987437,20,-5.7,-12.88809,107.3575,21,0.7,-30.98056,236.092
29.46069,NaN,NaN,NaN,3.737752,2.819833,0.1565468,-0.002054834,-0.03899427,-0.02049712,0.9990271,3.799142,2.794645,0.162161,-0.06938753,-0.1419587,0.9874377,20,-5.7,-12.57311,105.1163,21,0.7,-30.66558,233.8508
29.47864,NaN,NaN,NaN,3.583321,2.82705,0.1549744,-0.0008581663,-0.03759332,-0.02102062,0.9990717,3.66187,2.794645,0.162161,-0.06938753,-0.1419587,0.9874377,20,-5.7,-12.33611,103.43,21,0.7,-30.42858,232.1645
29.5025,NaN,NaN,NaN,3.261744,2.842851,0.1520236,0.0001335556,-0.03462276,-0.02354155,0.9991232,3.341047,2.807938,0.1590128,-0.008078995,-0.144161,0.9895213,20,-5.7,-12.02027,101.1826,21,0.7,-30.11274,229.9171
29.52075,NaN,NaN,NaN,3.090987,2.850947,0.1505085,-0.0003497971,-0.03384894,-0.02443914,0.999128,3.189264,2.807938,0.1590128,-0.008078995,-0.144161,0.9895213,20,-5.7,-11.77919,99.46728,21,0.7,-29.87166,228.2018
29.54425,1.84663,-52.87391,376.5766,2.738492,2.866439,0.1471693,-0.0001574326,-0.03139449,-0.02719147,0.9991372,2.836955,2.82412,0.1555274,-0.002602553,-0.1463731,0.989226,20,-5.7,-11.46827,97.25497,21,0.7,-29.56074,225.9895
29.56213,3.487439,-54.60188,388.8718,2.554926,2.873791,0.144866,3.030733E-05,-0.03136899,-0.02876033,0.999094,2.631026,2.842367,0.1518701,0.002179483,-0.14619,0.9892541,20,-5.7,-11.2322,95.57523,21,0.7,-29.32467,224.3097
29.586,3.155646,-54.60204,388.8729,2.181655,2.88788,0.1409112,0.001634026,-0.03024159,-0.03121723,0.9990537,2.29923,2.842367,0.1518701,0.002179483,-0.14619,0.9892541,20,-5.7,-10.91634,93.32779,21,0.7,-29.00881,222.0623
29.60382,2.02274,-42.35523,301.7324,1.98779,2.895198,0.1390302,0.00183324,-0.02941511,-0.03221872,0.9990463,2.081038,2.861014,0.1481134,-0.0001911696,-0.1482719,0.9889466,20,-5.7,-10.68066,91.65085,21,0.7,-28.77313,220.3853
29.62781,0.125602,-31.84306,226.9344,1.59326,2.909423,0.1352695,0.0001559745,-0.02741809,-0.03527443,0.9990014,1.681667,2.878833,0.1434273,-0.006782046,-0.151334,0.9884594,20,-5.7,-10.36352,89.39425,21,0.7,-28.45599,218.1287
29.64569,-0.05484761,-31.84301,226.9341,1.390251,2.916606,0.1333416,-0.000610652,-0.02603382,-0.03642082,0.9989972,1.501215,2.878833,0.1434273,-0.006782046,-0.151334,0.9884594,20,-5.7,-10.12733,87.7137,21,0.7,-28.2198,216.4482
29.66956,-0.002808929,-33.10767,235.9326,0.9820986,2.930708,0.1293854,-0.001113239,-0.02172784,-0.0362373,0.9991063,1.087456,2.896156,0.1386611,-0.004570778,-0.1509409,0.9885322,20,-5.7,-9.811698,85.46786,21,0.7,-27.90417,214.2023
29.68805,-0.1849789,-33.10772,235.933,0.7771591,2.937108,0.1274806,-0.001335637,-0.01710101,-0.03359221,0.9992885,0.9052876,2.896156,0.1386611,-0.004570778,-0.1509409,0.9885322,20,-5.7,-9.567255,83.72855,21,0.7,-27.65973,212.463
29.7113,1.234367,-37.19645,265.0258,0.36926,2.950169,0.1234012,0.001076445,-0.00680114,-0.02738536,0.9996013,0.4898545,2.913283,0.1340797,0.002778939,-0.1497122,0.9887257,20,-5.7,-9.260041,81.54262,21,0.7,-27.35251,210.2771
29.72913,4.071563,-35.11314,250.2023,0.1605971,2.954386,0.1213875,-0.001183399,-0.0001715757,-0.02185299,0.9997605,0.2503526,2.929748,0.1294868,0.01510486,-0.1503798,0.9885129,20,-5.7,-9.023871,79.86218,21,0.7,-27.11634,208.5967
29.75323,3.698151,-35.11317,250.2025,-0.2594948,2.963621,0.117264,-0.0001613874,0.01067922,-0.01546888,0.9998233,-0.1230624,2.929748,0.1294868,0.01510486,-0.1503798,0.9885129,20,-5.7,-8.705359,77.59585,21,0.7,-26.79783,206.3303
29.77087,7.040182,-36.32787,258.8456,-0.4737639,2.967429,0.1154637,-0.0007116128,0.01452546,-0.01275043,0.9998129,-0.3681904,2.944512,0.1245739,0.02829896,-0.1500151,0.9882786,20,-5.7,-8.471828,75.9342,21,0.7,-26.5643,204.6687
29.79486,4.747096,-37.96795,270.5153,-0.9051924,2.974911,0.1120867,-0.001639273,0.02099319,-0.009323802,0.9997348,-0.8070915,2.956943,0.1196883,0.02030547,-0.1496168,0.9885356,20,-5.7,-8.1549,73.67913,21,0.7,-26.24737,202.4136
29.81287,4.55268,-37.96795,270.5153,-1.12391,2.978112,0.1104927,-0.001682378,0.02262083,-0.008642093,0.9997054,-1.001507,2.956943,0.1196883,0.02030547,-0.1496168,0.9885356,20,-5.7,-7.917236,71.98807,21,0.7,-26.00971,200.7225
29.83655,3.972529,-38.35925,273.2995,-1.560496,2.982534,0.1073963,-0.003185713,0.02527246,-0.009169774,0.9996335,-1.446225,2.967073,0.1150004,0.01960859,-0.1495457,0.9885604,20,-5.7,-7.604259,69.76112,21,0.7,-25.69673,198.4956
29.85535,3.776704,-38.35925,273.2995,-1.780799,2.98416,0.1062872,-0.001608472,0.0257429,-0.0113563,0.9996029,-1.64205,2.967073,0.1150004,0.01960859,-0.1495457,0.9885604,20,-5.7,-7.355334,67.98993,21,0.7,-25.44781,196.7244
29.87823,2.483603,-42.28647,301.243,-2.220496,2.987227,0.1037426,0.001032739,0.02690997,-0.01599006,0.9995094,-2.090292,2.975386,0.1110305,0.01501859,-0.1486193,0.9887804,20,-5.7,-7.052741,65.83687,21,0.7,-25.14521,194.5713
29.89673,1.257485,-36.95638,263.3176,-2.439767,2.987741,0.1025527,0.003466993,0.02731504,-0.01844702,0.9994507,-2.343234,2.981306,0.1075679,0.01352398,-0.1500024,0.9885932,20,-5.7,-6.808451,64.09866,21,0.7,-24.90092,192.8331
29.92035,0.8694157,-36.95638,263.3176,-2.876346,2.988503,0.1004783,0.008862093,0.02871105,-0.02152844,0.9993166,-2.731303,2.981306,0.1075679,0.01352398,-0.1500024,0.9885932,20,-5.7,-6.496041,61.87574,21,0.7,-24.58851,190.6102
29.93811,0.5571219,-29.35401,209.2239,-3.094863,2.988754,0.09956247,0.01111383,0.02993821,-0.02225447,0.9992422,-2.983984,2.985119,0.1044835,0.01673215,-0.1528063,0.9881145,20,-5.7,-6.26096,60.20306,21,0.7,-24.35343,188.9375
29.96179,-1.307976,-17.7023,126.3178,-3.529273,2.986453,0.09807087,0.01396651,0.03233105,-0.02338335,0.999106,-3.42859,2.987019,0.1017932,0.01657791,-0.1617389,0.9866943,20,-5.7,-5.94788,57.97537,21,0.7,-24.04035,186.7098
29.97986,-1.497201,-17.70228,126.3177,-3.742149,2.985349,0.09728563,0.01654444,0.03344827,-0.02318698,0.9990345,-3.617813,2.987019,0.1017932,0.01657791,-0.1617389,0.9866943,20,-5.7,-5.708983,56.27554,21,0.7,-23.80145,185.01
30.00354,-1.138486,-18.66349,133.157,-4.167641,2.9825,0.09577649,0.02075748,0.03674056,-0.02366941,0.9988289,-4.053935,2.986829,0.09948659,0.02162172,-0.1605643,0.9867885,20,-5.7,-5.395726,54.04659,21,0.7,-23.4882,182.7811
30.02264,-1.324686,-18.66351,133.1571,-4.377118,2.979452,0.09467022,0.02513601,0.03877729,-0.02390113,0.9986458,-4.240136,2.986829,0.09948659,0.02162172,-0.1605643,0.9867885,20,-5.7,-5.1438,52.25404,21,0.7,-23.23627,180.9885
30.04523,-1.983665,-13.95577,99.65987,-4.789404,2.97185,0.0919358,0.03444466,0.04218241,-0.02268212,0.9982584,-4.663979,2.984793,0.09754682,0.0265302,-0.1676805,0.9854844,20,-5.7,-4.84451,50.12449,21,0.7,-22.93698,178.8589
30.06335,-1.415999,-14.75388,105.3387,-4.992466,2.968239,0.09110127,0.03830078,0.04325071,-0.02119796,0.9981048,-4.901005,2.980287,0.09533918,0.03263606,-0.1660752,0.9855729,20,-5.7,-4.605479,48.42369,21,0.7,-22.69795,177.1582
30.08746,-1.779404,-14.75388,105.3387,-5.401296,2.963132,0.0901683,0.04267732,0.04628802,-0.02263241,0.9977594,-5.264409,2.980287,0.09533918,0.03263606,-0.1660752,0.9855729,20,-5.7,-4.286259,46.15232,21,0.7,-22.37873,174.8868
30.10504,-2.127614,-12.07956,86.30994,-5.602773,2.959142,0.08995946,0.04328426,0.04616372,-0.02336074,0.9977222,-5.498879,2.973149,0.09281278,0.03849083,-0.1718617,0.9843689,20,-5.7,-4.053911,44.49908,21,0.7,-22.14638,173.2336
30.12878,0.5065132,-22.36667,159.5065,-5.997154,2.950802,0.08953033,0.04364429,0.04631208,-0.0233774,0.9976993,-5.903943,2.965555,0.09095836,0.03968268,-0.1568142,0.9868306,20,-5.7,-3.740226,42.2671,21,0.7,-21.8327,171.0016
30.14679,0.3354588,-22.36669,159.5066,-6.189595,2.947102,0.08966754,0.04444538,0.04608854,-0.02352488,0.9976708,-6.075002,2.965555,0.09095836,0.03968268,-0.1568142,0.9868306,20,-5.7,-3.502171,40.57325,21,0.7,-21.59464,169.3077
30.17059,-0.6691948,-25.36911,180.8698,-6.56674,2.938596,0.08990637,0.04726532,0.04421565,-0.02314319,0.9976349,-6.463779,2.956997,0.08991158,0.03165101,-0.154722,0.987451,20,-5.7,-3.187277,38.33266,21,0.7,-21.27975,167.0671
30.18945,-0.8323371,-25.36911,180.8698,-6.750275,2.933267,0.09025624,0.04985087,0.04242345,-0.02319246,0.9975857,-6.626922,2.956997,0.08991158,0.03165101,-0.154722,0.987451,20,-5.7,-2.938086,36.55957,21,0.7,-21.03056,165.2941
30.21234,-1.314754,-25.16448,179.4138,-7.109508,2.92327,0.09190439,0.05109852,0.03976554,-0.02361179,0.9976223,-6.998207,2.947652,0.08963478,0.03129598,-0.1547997,0.9874501,20,-5.7,-2.635108,34.40378,21,0.7,-20.72758,163.1383
30.23022,-0.9280302,-22.00657,156.9442,-7.281302,2.918215,0.09332328,0.04893339,0.03918253,-0.02458057,0.9977305,-7.201313,2.937007,0.09003162,0.03946728,-0.1569282,0.9868211,20,-5.7,-2.398699,32.72164,21,0.7,-20.49117,161.4561
30.25476,-1.224318,-22.00659,156.9443,-7.614632,2.907066,0.09579186,0.04683756,0.03872928,-0.02523658,0.9978324,-7.497605,2.937007,0.09003162,0.03946728,-0.1569282,0.9868211,20,-5.7,-2.074371,30.41393,21,0.7,-20.16684,159.1484
30.27197,1.369954,-28.32506,201.9025,-7.773117,2.901077,0.09703676,0.04536264,0.03836798,-0.02407675,0.9979432,-7.686855,2.925299,0.09157455,0.04430557,-0.1528756,0.9872518,20,-5.7,-1.846725,28.79414,21,0.7,-19.9392,157.5286
30.29608,3.990671,-36.05257,256.8866,-8.083943,2.888686,0.09971022,0.04465107,0.03669222,-0.02347962,0.9980524,-8.009044,2.912645,0.09408402,0.04615115,-0.1498611,0.9876294,20,-5.7,-1.528498,26.52984,21,0.7,-19.62097,155.2643
30.31366,3.860976,-36.05257,256.8866,-8.22985,2.882827,0.1014295,0.04371236,0.03490236,-0.02311921,0.9981667,-8.138739,2.912645,0.09408402,0.04615115,-0.1498611,0.9876294,20,-5.7,-1.295917,24.87494,21,0.7,-19.38839,153.6094
30.33771,9.557156,-47.26478,336.6656,-8.507025,2.870373,0.1047872,0.04163994,0.03214704,-0.02304476,0.9983495,-8.428393,2.898803,0.09708977,0.05278048,-0.1472103,0.9876959,20,-5.7,-0.9774368,22.60884,21,0.7,-19.06991,151.3433
30.3562,9.444186,-47.26484,336.6661,-8.634144,2.864162,0.1062537,0.04166586,0.03039066,-0.02182221,0.9984309,-8.541388,2.898803,0.09708977,0.05278048,-0.1472103,0.9876959,20,-5.7,-0.7332215,20.87115,21,0.7,-18.82569,149.6056
30.37976,0.8663666,-25.37808,180.9337,-8.872661,2.852673,0.109091,0.04321134,0.02658318,-0.01956423,0.9985206,-8.793753,2.884373,0.1007098,0.05270604,-0.1542012,0.9866327,20,-5.7,-0.4222007,18.65812,21,0.7,-18.51467,147.3926
30.39734,1.211835,-28.97531,206.5293,-8.979397,2.84691,0.1103531,0.04468948,0.02451419,-0.01853179,0.9985282,-8.925577,2.869732,0.1045113,0.04847825,-0.1522866,0.9871467,20,-5.7,-0.1894007,17.00167,21,0.7,-18.28187,145.7361
30.42194,1.038971,-28.97533,206.5295,-9.173876,2.835881,0.112468,0.04646354,0.02145699,-0.01699495,0.9985449,-9.098448,2.869732,0.1045113,0.04847825,-0.1522866,0.9871467,20,-5.7,0.135672,14.68865,21,0.7,-17.9568,143.4231
30.43878,-0.7373859,-28.79751,205.2642,-9.256256,2.830722,0.1130294,0.04803203,0.02005459,-0.01557978,0.9985229,-9.204823,2.855578,0.10799,0.04075658,-0.1523568,0.9874849,20,-5.7,0.3582853,13.10468,21,0.7,-17.73419,141.8392
30.46289,-2.343554,-28.92325,206.1589,-9.407202,2.820578,0.1125038,0.05681535,0.02094877,-0.01914137,0.9979814,-9.367489,2.841962,0.1108969,0.03367172,-0.1522778,0.987764,20,-5.7,0.6772906,10.83484,21,0.7,-17.41518,139.5693
30.48053,-2.393042,-28.92322,206.1588,-9.46287,2.816086,0.1121406,0.06032445,0.02392077,-0.02273174,0.9976332,-9.416971,2.841962,0.1108969,0.03367172,-0.1522778,0.987764,20,-5.7,0.9105314,9.175243,21,0.7,-17.18194,137.9097
30.5047,-5.909503,-16.29203,116.2831,-9.559946,2.809068,0.1118052,0.05929237,0.02894523,-0.02469219,0.9975154,-9.526981,2.829144,0.1123297,0.03071141,-0.1623334,0.986258,20,-5.7,1.229956,6.90242,21,0.7,-16.86252,135.6369
30.52313,-5.942526,-16.29203,116.2831,-9.597097,2.806803,0.111729,0.05450295,0.03102978,-0.02335107,0.9977582,-9.560004,2.829144,0.1123297,0.03071141,-0.1623334,0.986258,20,-5.7,1.473921,5.166522,21,0.7,-16.61855,133.901
30.54645,-4.827341,-16.08183,114.7875,-9.659568,2.801779,0.1106865,0.04945855,0.03214105,-0.02139322,0.9980296,-9.634077,2.817694,0.1123452,0.04132288,-0.1624766,0.9858467,20,-5.7,1.782113,2.973617,21,0.7,-16.31036,131.7081
30.56433,1.678056,-32.11419,228.8635,-9.677189,2.799834,0.1096941,0.04876015,0.03073153,-0.01936539,0.9981499,-9.663429,2.808877,0.1119496,0.04895328,-0.1507385,0.9873608,20,-5.7,2.018139,1.294203,21,0.7,-16.07433,130.0287
30.58881,1.660964,-32.11423,228.8638,-9.696436,2.796093,0.1073097,0.04856857,0.02904638,-0.018402,0.9982278,-9.680536,2.808877,0.1119496,0.04895328,-0.1507385,0.9873608,21,0.7,-15.75032,127.7232,22,-5.7,-33.84281,256.4579
30.60602,NaN,NaN,NaN,-9.690235,2.794738,0.105912,0.04841629,0.02818157,-0.0178844,0.9982695,-9.684262,2.802401,0.1108154,0.0482644,-0.1441151,0.9883833,21,0.7,-15.5227,126.1036,22,-5.7,-33.6152,254.8383
30.62988,-1.942587,-22.9458,163.6272,-9.664546,2.7931,0.1031086,0.04646098,0.0267239,-0.01641344,0.9984277,-9.666374,2.797398,0.1086757,0.04660954,-0.1553485,0.9867596,21,0.7,-15.20694,123.8569,22,-5.7,-33.29944,252.5916
30.64777,-1.919999,-22.94579,163.6271,-9.639128,2.792674,0.1016625,0.04397999,0.02533966,-0.01517804,0.9985957,-9.64378,2.797398,0.1086757,0.04660954,-0.1553485,0.9867596,21,0.7,-14.97099,122.178,22,-5.7,-33.06348,250.9127
30.67175,0.437028,-28.08533,200.1968,-9.566401,2.792523,0.09834397,0.039143,0.02297283,-0.0125389,0.9988908,-9.579736,2.793843,0.1058388,0.04941491,-0.1523338,0.987093,21,0.7,-14.65402,119.9227,22,-5.7,-32.74652,248.6573
30.69006,0.4866296,-28.08529,200.1965,-9.510584,2.792868,0.09635815,0.03700853,0.02178726,-0.009827375,0.9990292,-9.53012,2.793843,0.1058388,0.04941491,-0.1523338,0.987093,21,0.7,-14.41146,118.1968,22,-5.7,-32.50396,246.9314
30.71344,4.439173,-41.76288,297.5175,-9.383018,2.794894,0.09252746,0.03295049,0.01987535,-0.004817851,0.9992478,-9.41251,2.79195,0.1024408,0.04601081,-0.1479968,0.987917,21,0.7,-14.10248,115.9982,22,-5.7,-32.19498,244.7329
30.73145,NaN,NaN,NaN,-9.302155,2.796927,0.09081715,0.02946164,0.01843669,-0.001465377,0.9993948,-9.330825,2.791707,0.09835517,0.04614539,-0.1408419,0.9889561,21,0.7,-13.86431,114.3036,22,-5.7,-31.95681,243.0382
30.75592,NaN,NaN,NaN,-9.124454,2.803938,0.08772433,0.02601768,0.01642469,0.002052921,0.9995245,-9.17287,2.791707,0.09835517,0.04614539,-0.1408419,0.9889561,21,0.7,-13.54133,112.0054,22,-5.7,-31.63382,240.7401
30.77313,NaN,NaN,NaN,-9.017656,2.808498,0.08671324,0.0215791,0.01559677,0.003563712,0.9996392,-9.062662,2.793627,0.09396076,0.04419838,-0.1386832,0.9893501,21,0.7,-13.31308,110.3814,22,-5.7,-31.40558,239.116
30.79706,NaN,NaN,NaN,-8.789159,2.820402,0.08439521,0.01893173,0.01514359,0.005170752,0.9996927,-8.838934,2.798902,0.09002316,0.04019977,-0.1408216,0.9892185,21,0.7,-12.99685,108.1312,22,-5.7,-31.08934,236.8659
30.81512,NaN,NaN,NaN,-8.659529,2.827501,0.08311006,0.01859818,0.01464118,0.006672924,0.9996976,-8.723707,2.798902,0.09002316,0.04019977,-0.1408216,0.9892185,21,0.7,-12.7585,106.4353,22,-5.7,-30.85099,235.1699
30.83875,NaN,NaN,NaN,-8.39035,2.84253,0.08046092,0.02099159,0.0141024,0.008385301,0.9996451,-8.458336,2.80877,0.08665872,0.02969873,-0.1342713,0.9904995,21,0.7,-12.44625,104.2135,22,-5.7,-30.53875,232.9482
30.85767,NaN,NaN,NaN,-8.243824,2.850951,0.07910337,0.02362463,0.01391064,0.007729771,0.9995943,-8.328091,2.80877,0.08665872,0.02969873,-0.1342713,0.9904995,21,0.7,-12.19594,102.4325,22,-5.7,-30.28844,231.1672
30.88049,NaN,NaN,NaN,-7.936891,2.868308,0.07664585,0.02595458,0.01336655,0.007858202,0.9995428,-8.024035,2.823132,0.08364129,0.02663449,-0.1454976,0.989,21,0.7,-11.89372,100.2821,22,-5.7,-29.98622,229.0168
30.89838,-1.134062,-36.7033,261.5167,-7.774138,2.877255,0.07552326,0.02573421,0.01359004,0.007269182,0.99955,-7.843781,2.840896,0.08059871,0.02536803,-0.1495083,0.988435,21,0.7,-11.65707,98.5982,22,-5.7,-29.74956,227.3329
30.92261,-0.837403,-36.7033,261.5167,-7.440396,2.893949,0.07346343,0.02464171,0.01414213,0.006803058,0.9995732,-7.547122,2.840896,0.08059871,0.02536803,-0.1495083,0.988435,21,0.7,-11.33694,96.32035,22,-5.7,-29.42943,225.055
30.94019,-1.985043,-30.20595,215.2857,-7.265048,2.90199,0.07255028,0.02336927,0.01447155,0.008100664,0.9995893,-7.351767,2.860957,0.07766294,0.02464064,-0.1518226,0.9881006,21,0.7,-11.10431,94.66513,22,-5.7,-29.1968,223.3998
30.96405,-1.647768,-34.42517,245.307,-6.910431,2.917001,0.07063626,0.0229382,0.01514053,0.00998232,0.9995725,-6.993821,2.881397,0.07491636,0.02154701,-0.1503623,0.9883962,21,0.7,-10.78949,92.42506,22,-5.7,-28.88198,221.1597
30.98199,-1.486325,-34.42513,245.3067,-6.7288,2.923693,0.06978002,0.02271723,0.01566903,0.01046432,0.9995644,-6.832371,2.881397,0.07491636,0.02154701,-0.1503623,0.9883962,21,0.7,-10.55177,90.73363,22,-5.7,-28.64427,219.4683
31.00574,NaN,NaN,NaN,-6.358415,2.937664,0.06853253,0.02287031,0.01601046,0.01221816,0.9995356,-6.457724,2.900847,0.07243645,0.02231186,-0.1461363,0.9890128,21,0.7,-10.23789,88.50026,22,-5.7,-28.33039,217.2349
31.0238,NaN,NaN,NaN,-6.168605,2.944195,0.06800322,0.02306765,0.01596414,0.01370553,0.9995126,-6.289005,2.900847,0.07243645,0.02231186,-0.1461363,0.9890128,21,0.7,-9.999187,86.80177,22,-5.7,-28.09168,215.5365
31.04749,NaN,NaN,NaN,-5.787456,2.956219,0.0672788,0.0237714,0.01580084,0.0165883,0.9994549,-5.902523,2.918854,0.07013345,0.0202707,-0.1456255,0.9891321,21,0.7,-9.685693,84.57114,22,-5.7,-27.77819,213.3058
31.06543,-0.6435477,-32.8319,233.9704,-5.590805,2.961298,0.06700683,0.02518752,0.01602399,0.01864542,0.9993804,-5.678684,2.935491,0.06855631,0.02127454,-0.151125,0.9882857,21,0.7,-9.448627,82.88434,22,-5.7,-27.54112,211.619
31.08966,-0.2917896,-32.8319,233.9704,-5.195077,2.970748,0.06642804,0.02844757,0.01603268,0.024223,0.9991732,-5.326926,2.935491,0.06855631,0.02127454,-0.151125,0.9882857,21,0.7,-9.128464,80.60625,22,-5.7,-27.22096,209.3409
31.10712,-1.226417,-27.6433,197.0515,-4.994807,2.974995,0.06628746,0.03068107,0.01569775,0.02698931,0.9990414,-5.098562,2.950406,0.06755245,0.01942063,-0.1534418,0.9879668,21,0.7,-8.897741,78.96458,22,-5.7,-26.99024,207.6993
31.1311,-2.680823,-19.70613,140.5758,-4.594638,2.982635,0.06616469,0.03300861,0.014048,0.03170685,0.9988533,-4.691004,2.963195,0.06677258,0.01412238,-0.1592616,0.9871354,21,0.7,-8.580276,76.7057,22,-5.7,-26.67277,205.4404
31.14868,-2.501464,-19.70615,140.5759,-4.392861,2.985492,0.06633274,0.0320004,0.01251294,0.03281046,0.9988708,-4.511647,2.963195,0.06677258,0.01412238,-0.1592616,0.9871354,21,0.7,-8.348378,75.05565,22,-5.7,-26.44087,203.7903
31.17285,-2.486911,-18.81523,134.2367,-3.99311,2.989861,0.0668956,0.03150392,0.01161771,0.03212881,0.9989196,-4.103411,2.974016,0.06620896,0.01189146,-0.1602883,0.9869986,21,0.7,-8.028415,72.77899,22,-5.7,-26.12091,201.5137
31.19043,-2.307792,-18.81522,134.2366,-3.791599,2.991226,0.06732009,0.02987803,0.01084615,0.0313732,0.9990022,-3.92429,2.974016,0.06620896,0.01189146,-0.1602883,0.9869986,21,0.7,-7.796139,71.12626,22,-5.7,-25.88863,199.861
31.21484,-2.409275,-18.54326,132.3016,-3.389443,2.992857,0.06852984,0.02573457,0.008641474,0.03277296,0.9990941,-3.513615,2.982376,0.06626415,0.008242554,-0.1606626,0.986975,21,0.7,-7.473024,68.82718,22,-5.7,-25.56552,197.5619
31.2323,-2.51108,-21.35059,152.2768,-3.192275,2.993869,0.06940772,0.02538725,0.007242888,0.03348889,0.9990904,-3.284972,2.98804,0.06690061,0.005020535,-0.157894,0.9874433,21,0.7,-7.242816,67.18916,22,-5.7,-25.33531,195.9239
31.25665,-2.157139,-21.35058,152.2767,-2.79409,2.992552,0.06986302,0.02601132,0.004349657,0.03441491,0.9990597,-2.93103,2.98804,0.06690061,0.005020535,-0.157894,0.9874433,21,0.7,-6.92092,64.89875,22,-5.7,-25.01341,193.6335
31.27399,-2.63751,-28.62886,204.0641,-2.595857,2.990351,0.07000998,0.02679407,0.002773426,0.03420346,0.9990518,-2.701385,2.991064,0.06773341,0.0003094289,-0.1531732,0.9881993,21,0.7,-6.691662,63.26749,22,-5.7,-24.78416,192.0022
31.29822,-3.406801,-32.48526,231.5039,-2.205698,2.988048,0.07164109,0.02940578,0.0009554998,0.03302079,0.9990216,-2.30144,2.991415,0.068753,-0.004720911,-0.1515184,0.9884432,21,0.7,-6.370908,60.98521,22,-5.7,-24.4634,189.7199
31.31567,-3.23349,-32.4853,231.5042,-2.010722,2.985773,0.0726731,0.0281807,0.0003872029,0.03331986,0.9990473,-2.128129,2.991415,0.068753,-0.004720911,-0.1515184,0.9884432,21,0.7,-6.139922,59.34166,22,-5.7,-24.23242,188.0764
31.34003,-3.009703,-21.4906,153.2728,-1.621876,2.979972,0.07445907,0.02707927,-0.0009614453,0.03625993,0.998975,-1.729931,2.989491,0.07024848,-0.008248534,-0.1577821,0.9874395,21,0.7,-5.818126,57.05196,22,-5.7,-23.91062,185.7867
31.35748,-2.839444,-21.4906,153.2728,-1.430334,2.976687,0.07547397,0.02822626,-0.001560561,0.03874955,0.998849,-1.559672,2.989491,0.07024848,-0.008248534,-0.1577821,0.9874395,21,0.7,-5.587148,55.40847,22,-5.7,-23.67964,184.1432
31.38171,-2.401346,-26.25677,187.1858,-1.055116,2.972385,0.0781109,0.02726749,-0.001606248,0.03781552,0.9989114,-1.174064,2.98556,0.07213306,-0.006480216,-0.1544036,0.9879866,21,0.7,-5.267176,53.13175,22,-5.7,-23.35967,181.8665
31.39923,-1.880324,-26.32727,187.6874,-0.8700967,2.967939,0.07923864,0.02566209,-0.002574846,0.03883043,0.9989129,-0.9580125,2.979787,0.07398963,-0.004857055,-0.1543363,0.9880064,21,0.7,-5.03522,51.4813,22,-5.7,-23.12772,180.216
31.42352,-1.559681,-26.32727,187.6874,-0.5093734,2.960739,0.08246571,0.02340038,-0.003839724,0.03673226,0.9990438,-0.6373696,2.979787,0.07398963,-0.004857055,-0.1543363,0.9880064,21,0.7,-4.714246,49.19745,22,-5.7,-22.80674,177.9322
31.44104,-1.882943,-31.40528,223.8194,-0.3310922,2.955444,0.08406585,0.02108476,-0.004518196,0.03544619,0.999139,-0.4283968,2.972903,0.07681096,-0.006425439,-0.1518652,0.9883804,21,0.7,-4.482402,47.54779,22,-5.7,-22.5749,176.2825
31.46521,-3.351928,-47.17569,336.0319,0.01609915,2.946712,0.08742022,0.02105512,-0.006335698,0.03505972,0.9991433,-0.07063782,2.964624,0.08027554,-0.009659697,-0.1476067,0.9889989,21,0.7,-4.162893,45.27437,22,-5.7,-22.25539,174.0091
31.48309,-3.19443,-47.1757,336.0319,0.193284,2.940095,0.0886467,0.01968129,-0.007167597,0.03479964,0.9991748,0.08685981,2.964624,0.08027554,-0.009659697,-0.1476067,0.9889989,21,0.7,-3.926963,43.59564,22,-5.7,-22.01946,172.3304
31.50702,NaN,NaN,NaN,0.5250451,2.929293,0.09190235,0.01986006,-0.007613256,0.03123153,0.9992858,0.4295698,2.954607,0.08397734,-0.01284898,-0.1464937,0.9891282,21,0.7,-3.610038,41.34061,22,-5.7,-21.70253,170.0753
31.52472,NaN,NaN,NaN,0.6816865,2.924,0.09391212,0.01863876,-0.008497056,0.02999908,0.99934,0.5688066,2.954607,0.08397734,-0.01284898,-0.1464937,0.9891282,21,0.7,-3.376041,39.67563,22,-5.7,-21.46854,168.4103
31.54877,3.239211,-20.35241,145.1741,0.9866269,2.913514,0.09789614,0.01568356,-0.01085387,0.0277137,0.999434,0.8865008,2.942661,0.08760977,0.01600879,-0.1585092,0.9872277,21,0.7,-3.058608,37.41698,22,-5.7,-21.1511,166.1517
31.56659,2.892675,-21.06774,150.2639,1.128531,2.908121,0.09982032,0.01652383,-0.0122257,0.02793869,0.9993983,1.056886,2.929796,0.09172475,0.01207052,-0.1577865,0.9873995,21,0.7,-2.822901,35.73983,22,-5.7,-20.9154,164.4745
31.5907,3.13895,-21.06772,150.2639,1.405591,2.897355,0.1034263,0.01790786,-0.01446079,0.02775101,0.9993498,1.303162,2.929796,0.09172475,0.01207052,-0.1577865,0.9873995,21,0.7,-2.503824,33.46949,22,-5.7,-20.59632,162.2042
31.60834,2.173369,-16.65179,118.843,1.536785,2.892081,0.1053405,0.02014447,-0.01565214,0.02959393,0.9992365,1.46132,2.916946,0.096228,0.005916458,-0.1625979,0.9866747,21,0.7,-2.270796,31.81141,22,-5.7,-20.36329,160.5461
31.63257,1.549984,-15.49166,110.5883,1.786547,2.880567,0.1083486,0.02481861,-0.01726214,0.03089516,0.9990653,1.721978,2.904308,0.1009387,-0.001535551,-0.1642374,0.9864197,21,0.7,-1.950325,29.53114,22,-5.7,-20.04282,158.2659
31.65009,1.651935,-15.49166,110.5883,1.901242,2.875144,0.1097449,0.02798294,-0.01725061,0.02982613,0.9990144,1.823929,2.904308,0.1009387,-0.001535551,-0.1642374,0.9864197,21,0.7,-1.719154,27.88627,22,-5.7,-19.81165,156.621
31.67413,1.378723,-13.90409,99.29211,2.116754,2.865277,0.1126685,0.03086056,-0.01712334,0.02771577,0.9989926,2.051321,2.891168,0.1051552,-0.006685791,-0.166949,0.9859429,21,0.7,-1.40077,25.62085,22,-5.7,-19.49327,154.3556
31.69189,1.465768,-13.90409,99.29211,2.214679,2.86092,0.1143318,0.03005345,-0.01710399,0.02769404,0.9990182,2.138366,2.891168,0.1051552,-0.006685791,-0.166949,0.9859429,21,0.7,-1.165702,23.94825,22,-5.7,-19.2582,152.683
31.71588,1.500521,-10.4737,74.8836,2.396654,2.85207,0.1168991,0.02970224,-0.0167926,0.02868726,0.9990059,2.332808,2.877965,0.1088382,-0.01095663,-0.1757677,0.9843707,21,0.7,-0.8490923,21.69546,22,-5.7,-18.94159,150.4302
31.73395,1.432937,-10.47428,74.88774,2.477921,2.847973,0.1181651,0.03022807,-0.01721375,0.02892417,0.9989761,2.434359,2.865783,0.1123837,-0.0131831,-0.1756136,0.9843709,21,0.7,-0.6100113,19.99431,22,-5.7,-18.70251,148.729
31.75763,1.562177,-10.47428,74.88772,2.623316,2.840626,0.1202793,0.03081689,-0.01876891,0.02865931,0.9989378,2.563599,2.865783,0.1123837,-0.0131831,-0.1756136,0.9843709,21,0.7,-0.2965481,17.7639,22,-5.7,-18.38904,146.4986
31.7757,1.349733,-10.8797,77.77242,2.683723,2.837589,0.1209745,0.03206448,-0.0197813,0.02791597,0.9989001,2.643225,2.854701,0.115784,-0.0163998,-0.1741343,0.9845853,21,0.7,-0.05842225,16.06955,22,-5.7,-18.15092,144.8043
31.79938,-1.936341,-15.81109,112.861,2.791004,2.831678,0.1220367,0.03524621,-0.02106705,0.02717886,0.9987869,2.760343,2.845089,0.1186422,-0.04106499,-0.1631185,0.9857515,21,0.7,0.2554466,13.83625,22,-5.7,-17.83705,142.571
31.81744,-1.899438,-15.81107,112.8609,2.832516,2.829375,0.1223319,0.03664937,-0.02108309,0.02622493,0.9987615,2.797243,2.845089,0.1186422,-0.04106499,-0.1631185,0.9857515,21,0.7,0.4938403,12.14,22,-5.7,-17.59865,140.8747
31.84113,-2.377344,-13.58225,97.00211,2.900444,2.825428,0.1223363,0.03827884,-0.02068751,0.02415094,0.998761,2.875407,2.83688,0.1207422,-0.05337991,-0.1668558,0.9845353,21,0.7,0.8070612,9.911313,22,-5.7,-17.28543,138.646
31.85907,-2.358068,-13.58225,97.00211,2.922129,2.824244,0.1219564,0.03797112,-0.02024138,0.02312391,0.9988062,2.894683,2.83688,0.1207422,-0.05337991,-0.1668558,0.9845353,21,0.7,1.044503,8.221826,22,-5.7,-17.04799,136.9566
31.88293,-3.690829,-14.96823,106.8637,2.951956,2.822057,0.1208721,0.03657601,-0.01973726,0.02236697,0.9988856,2.934916,2.8301,0.121798,-0.0611128,-0.1641636,0.9845383,21,0.7,1.35989,5.977734,22,-5.7,-16.7326,134.7125
31.90082,-3.441694,-14.38051,102.6819,2.953598,2.821112,0.1198915,0.03527139,-0.01984671,0.02283638,0.9989197,2.94602,2.825169,0.1219376,-0.0613088,-0.1651389,0.984363,21,0.7,1.59657,4.293665,22,-5.7,-16.49592,133.0284
31.92474,-3.45274,-14.38051,102.6819,2.941171,2.820066,0.1176046,0.0338425,-0.02007125,0.02246946,0.998973,2.934974,2.825169,0.1219376,-0.0613088,-0.1651389,0.984363,21,0.7,1.912515,2.045605,22,-5.7,-16.17998,130.7803
31.94238,-4.066835,-15.00605,107.1329,2.921823,2.819821,0.1162487,0.03213331,-0.02017624,0.02182721,0.9990416,2.923366,2.821919,0.1211512,-0.06430044,-0.1639933,0.9843636,21,0.7,2.145633,0.3868821,22,-5.7,-15.94686,129.1216
31.96643,-5.255989,-17.29867,123.4457,2.871352,2.819119,0.1131539,0.02873085,-0.02018676,0.02021253,0.999179,2.879788,2.81986,0.1192183,-0.06497121,-0.1606639,0.9848685,22,-5.7,-15.62846,126.8561,23,5.7,-34.25032,259.3576
31.98413,-5.289958,-17.29868,123.4458,2.833144,2.818888,0.11138,0.02730528,-0.02024847,0.01956385,0.9992306,2.845825,2.81986,0.1192183,-0.06497121,-0.1606639,0.9848685,22,-5.7,-15.39464,125.1924,23,5.7,-34.01649,257.6938
32.00812,-8.196267,-22.29869,159.0227,2.737106,2.820353,0.1076446,0.02591971,-0.02043168,0.01700046,0.9993106,2.75767,2.81874,0.1165178,-0.06793074,-0.1557655,0.9854555,22,-5.7,-15.0772,122.9337,23,5.7,-33.69905,255.4351
32.02576,-12.78675,-30.54504,218.1242,2.674004,2.822035,0.1056979,0.02624562,-0.02013449,0.01463451,0.9993457,2.694087,2.818316,0.1126834,-0.0700198,-0.1509024,0.9860657,22,-5.7,-14.84424,121.2761,23,5.7,-33.46609,253.7775
32.04993,-12.79509,-30.29181,216.4694,2.532432,2.827193,0.1018687,0.02675384,-0.01960551,0.009932176,0.9994005,2.568245,2.818316,0.1126834,-0.0700198,-0.1509024,0.9860657,22,-5.7,-14.52442,119.0004,23,5.7,-33.14627,251.5019
32.06757,-10.6658,-25.37452,180.9085,2.445863,2.830391,0.0994522,0.02721251,-0.01843205,0.005896654,0.9994423,2.479163,2.819728,0.1082634,-0.07165147,-0.1536833,0.9855189,22,-5.7,-14.29161,117.3439,23,5.7,-32.91347,249.8454
32.09167,-10.83138,-25.37452,180.9085,2.259578,2.838937,0.09506507,0.02888443,-0.0163136,0.0004936194,0.9994496,2.313576,2.819728,0.1082634,-0.07165147,-0.1536833,0.9855189,22,-5.7,-13.97306,115.0773,23,5.7,-32.59492,247.5788
32.10931,-7.127913,-18.10443,129.179,2.153722,2.843682,0.09273463,0.02925213,-0.01471622,-0.001268302,0.9994629,2.2025,2.824063,0.103585,-0.07117368,-0.1596455,0.9846053,22,-5.7,-13.73987,113.4181,23,5.7,-32.36173,245.9195
32.13354,-5.499897,-15.17009,108.3001,1.927869,2.854392,0.08792505,0.02958394,-0.01202324,-0.004131937,0.9994815,1.979998,2.831724,0.09854245,-0.06803396,-0.1637369,0.9841553,22,-5.7,-13.41888,111.1341,23,5.7,-32.04074,243.6355
32.15112,-5.610906,-15.17009,108.3,1.802984,2.860402,0.08563158,0.02849127,-0.01061425,-0.005573174,0.9995221,1.86899,2.831724,0.09854245,-0.06803396,-0.1637369,0.9841553,22,-5.7,-13.18697,109.484,23,5.7,-31.80882,241.9854
32.17542,-4.004385,-14.68001,104.8129,1.542524,2.873284,0.08125184,0.02535832,-0.007785503,-0.008939498,0.9996082,1.611328,2.842266,0.09301174,-0.05281689,-0.1648005,0.9849117,22,-5.7,-12.86536,107.1956,23,5.7,-31.48722,239.6971
32.19293,-6.033609,-22.79529,162.5563,1.402201,2.87964,0.07890734,0.02308016,-0.006022066,-0.01065369,0.9996588,1.456273,2.855203,0.08741879,-0.04548925,-0.1557864,0.9867428,22,-5.7,-12.63428,105.5513,23,5.7,-31.25613,238.0528
32.21704,-6.290303,-22.79528,162.5562,1.113416,2.891948,0.07436144,0.02101715,-0.00270978,-0.01351255,0.9996842,1.199575,2.855203,0.08741879,-0.04548925,-0.1557864,0.9867428,22,-5.7,-12.31526,103.2815,23,5.7,-30.93712,235.7829
32.23456,-9.695918,-35.56736,253.4342,0.9595222,2.897478,0.07199532,0.02078153,-0.00135557,-0.01446098,0.9996786,1.028806,2.869835,0.08210063,-0.04181575,-0.1498668,0.9878215,22,-5.7,-12.08393,101.6355,23,5.7,-30.70579,234.1369
32.25879,-9.97786,-35.56731,253.4339,0.6423219,2.908214,0.06735642,0.02094078,0.001377866,-0.01733199,0.9996296,0.7468501,2.869835,0.08210063,-0.04181575,-0.1498668,0.9878215,22,-5.7,-11.76337,99.3545,23,5.7,-30.38522,231.856
32.27655,-5.447827,-21.50702,153.3898,0.4774898,2.913568,0.06497091,0.02373867,0.001978908,-0.01804394,0.9995534,0.5630831,2.884712,0.076599,-0.03869077,-0.1570037,0.9868398,22,-5.7,-11.52818,97.68108,23,5.7,-30.15004,230.1826
32.30054,-6.423951,-18.59633,132.6791,0.1394282,2.924577,0.06059825,0.02711959,0.003964216,-0.0214945,0.9993933,0.2223097,2.898706,0.07093918,-0.04941334,-0.1598105,0.9859102,22,-5.7,-11.21108,95.42477,23,5.7,-29.83293,227.9262
32.31818,-6.579772,-18.59632,132.679,-0.03587626,2.929863,0.05865287,0.02843805,0.004316822,-0.02237485,0.9993358,0.06648353,2.898706,0.07093918,-0.04941334,-0.1598105,0.9859102,22,-5.7,-10.97786,93.76537,23,5.7,-29.59972,226.2668
32.34229,-5.96078,-15.77877,112.6311,-0.3922613,2.940688,0.05503521,0.03226039,0.004573915,-0.02413251,0.9991776,-0.2931909,2.911966,0.06547272,-0.04960797,-0.1635986,0.985279,22,-5.7,-10.6595,91.50011,23,5.7,-29.28135,224.0016
32.35999,-4.814137,-12.59173,89.95406,-0.5758026,2.945488,0.05315567,0.03381415,0.004395183,-0.02532939,0.9990975,-0.5015022,2.925086,0.06064618,-0.04722309,-0.1699083,0.9843278,22,-5.7,-10.42537,89.83418,23,5.7,-29.04722,222.3356
32.38409,-5.144166,-12.59173,89.95403,-0.947086,2.955198,0.04985737,0.03719259,0.004452705,-0.02951217,0.9988624,-0.8315319,2.925086,0.06064618,-0.04722309,-0.1699083,0.9843278,22,-5.7,-10.10654,87.56559,23,5.7,-28.72839,220.0671
32.40173,-4.563323,-10.76503,76.95639,-1.136822,2.960099,0.04836311,0.03756472,0.004532248,-0.03233424,0.9987607,-1.047202,2.937531,0.05579996,-0.04496839,-0.1752449,0.9834974,22,-5.7,-9.873608,85.90817,23,5.7,-28.49546,218.4096
32.42584,-4.678782,-9.802616,70.10846,-1.521805,2.969191,0.04579037,0.03813849,0.004920654,-0.03751585,0.9985558,-1.438146,2.949434,0.05149722,-0.0454623,-0.1788963,0.9828171,22,-5.7,-9.55453,83.63782,23,5.7,-28.17638,216.1393
32.4436,-4.853155,-9.802615,70.10846,-1.717974,2.973163,0.04438549,0.03840201,0.005445357,-0.03961423,0.998462,-1.612519,2.949434,0.05149722,-0.0454623,-0.1788963,0.9828171,22,-5.7,-9.319852,81.96799,23,5.7,-27.9417,214.4695
32.46753,-5.093032,-9.901841,70.81449,-2.110689,2.980171,0.04195082,0.03881234,0.007063583,-0.04338177,0.9982794,-2.011816,2.960661,0.04759073,-0.04279923,-0.178665,0.9829787,22,-5.7,-9.003471,79.71683,23,5.7,-27.62532,212.2183
32.48535,-5.270399,-9.901846,70.81452,-2.310226,2.983044,0.04118085,0.03906733,0.007808768,-0.04299679,0.9982806,-2.189182,2.960661,0.04759073,-0.04279923,-0.178665,0.9829787,22,-5.7,-8.768063,78.0418,23,5.7,-27.38991,210.5433
32.50934,-5.466982,-10.52019,75.21425,-2.711545,2.988176,0.03981128,0.03793657,0.009131882,-0.04282508,0.9983203,-2.59737,2.970802,0.04432893,-0.03754814,-0.1765262,0.9835795,22,-5.7,-8.45093,75.78529,23,5.7,-27.07278,208.2868
32.52716,-5.681661,-11.2235,80.21855,-2.917238,2.989832,0.03955165,0.03908124,0.009111684,-0.04296675,0.9982703,-2.832636,2.979291,0.04195464,-0.0349682,-0.1743215,0.9840677,22,-5.7,-8.214684,74.1043,23,5.7,-26.83653,206.6058
32.55115,-6.043753,-11.2235,80.21857,-3.32459,2.992213,0.03903564,0.0413351,0.008999025,-0.04397644,0.9981366,-3.194727,2.979291,0.04195464,-0.0349682,-0.1743215,0.9840677,22,-5.7,-7.898267,71.85288,23,5.7,-26.52011,204.3544
32.56897,-6.250286,-10.6768,76.3286,-3.530729,2.992052,0.03891789,0.04139837,0.009841561,-0.04532444,0.9980656,-3.431342,2.985759,0.04026401,-0.03634842,-0.1761698,0.9836885,22,-5.7,-7.662131,70.17269,23,5.7,-26.28398,202.6742
32.59296,-6.377509,-9.807558,70.14362,-3.94061,2.9927,0.03907125,0.04261836,0.01087409,-0.04579831,0.997982,-3.849814,2.989645,0.03913283,-0.03544766,-0.1794644,0.9831256,22,-5.7,-7.345349,67.91867,23,5.7,-25.9672,200.4202
32.61078,-6.560575,-9.807557,70.14361,-4.146561,2.991375,0.03910168,0.04377446,0.01098121,-0.04573517,0.9979336,-4.032881,2.989645,0.03913283,-0.03544766,-0.1794644,0.9831256,22,-5.7,-7.109383,66.23969,23,5.7,-25.73123,198.7412
32.63458,-6.426336,-10.18449,72.82565,-4.552608,2.98939,0.03946881,0.04829168,0.01076065,-0.04424537,0.9977948,-4.448261,2.991257,0.0388813,-0.02673212,-0.17806,0.9836565,22,-5.7,-6.794963,64.00247,23,5.7,-25.41681,196.504
32.65234,-6.603443,-10.18449,72.82565,-4.751853,2.988878,0.03985803,0.05034035,0.01105271,-0.04307545,0.9977416,-4.625367,2.991257,0.0388813,-0.02673212,-0.17806,0.9836565,22,-5.7,-6.560025,62.3308,23,5.7,-25.18188,194.8323
32.67633,-6.79724,-10.67795,76.33698,-5.143482,2.985416,0.04085058,0.05224565,0.01119081,-0.03982435,0.9977772,-5.027993,2.99045,0.03902268,-0.0228193,-0.1762919,0.9840734,22,-5.7,-6.242751,60.07327,23,5.7,-24.8646,192.5748
32.69434,-6.662882,-10.57652,75.6152,-5.334007,2.983014,0.04144564,0.05247156,0.0106969,-0.03761895,0.9978563,-5.251054,2.988282,0.03947842,-0.01838402,-0.1766333,0.9841051,22,-5.7,-6.00478,58.38002,23,5.7,-24.62663,190.8815
32.71857,-6.997252,-10.57652,75.6152,-5.710174,2.978374,0.04336867,0.05101218,0.01070057,-0.03719728,0.9979477,-5.585424,2.988282,0.03947842,-0.01838402,-0.1766333,0.9841051,22,-5.7,-5.684218,56.09911,23,5.7,-24.30607,188.6006
32.73621,-6.773557,-9.615042,68.77396,-5.891036,2.976767,0.04485849,0.05011122,0.01049428,-0.03605865,0.9980373,-5.798519,2.984613,0.04041803,-0.01395187,-0.1802896,0.9835147,22,-5.7,-5.451334,54.44204,23,5.7,-24.07318,186.9435
32.75995,2.165463,-24.48064,174.5482,-6.250177,2.970378,0.04758899,0.04703255,0.01066389,-0.03497083,0.998224,-6.168676,2.979844,0.04242492,0.04712556,-0.1552759,0.9867465,22,-5.7,-5.137668,52.2102,23,5.7,-23.75952,184.7117
32.77783,2.009341,-24.48066,174.5483,-6.425821,2.966879,0.04941888,0.04587775,0.01006132,-0.03440839,0.9983036,-6.324804,2.979844,0.04242492,0.04712556,-0.1552759,0.9867465,22,-5.7,-4.901139,50.52721,23,5.7,-23.52299,183.0287
32.8017,9.837501,-39.522,281.5728,-6.769207,2.960984,0.05350818,0.04375941,0.008973148,-0.03411862,0.998419,-6.679091,2.973943,0.04531813,0.05791323,-0.1490064,0.9871389,22,-5.7,-4.585698,48.28273,23,5.7,-23.20755,180.7842
32.81934,9.689177,-39.522,281.5728,-6.936072,2.957143,0.05562921,0.04330304,0.008226994,-0.03381886,0.9984556,-6.827416,2.973943,0.04531813,0.05791323,-0.1490064,0.9871389,22,-5.7,-4.352251,46.62167,23,5.7,-22.9741,179.1232
32.84344,12.85,-47.70937,340.8227,-7.258035,2.948718,0.06008079,0.04378599,0.00658666,-0.03258812,0.9984876,-7.161019,2.966892,0.04929209,0.0579859,-0.1468445,0.9874585,22,-5.7,-4.033713,44.35515,23,5.7,-22.65556,176.8566
32.86108,12.85,-44.95496,323.9967,-7.411518,2.94389,0.06256939,0.04432432,0.005915396,-0.03175328,0.9984949,-7.342999,2.958882,0.05395579,0.06154731,-0.1460391,0.9873624,22,-5.7,-3.800444,42.69535,23,5.7,-22.42229,175.1969
32.88513,12.85,-45.58094,328.2289,-7.708308,2.933553,0.0675537,0.0445451,0.005438633,-0.03048841,0.9985272,-7.606812,2.958882,0.05395579,0.06154731,-0.1460391,0.9873624,22,-5.7,-3.482173,40.43074,23,5.7,-22.10402,172.9322
32.90283,3.712289,-26.71404,190.4396,-7.848413,2.927854,0.0698344,0.0458803,0.004933245,-0.02845576,0.9985294,-7.774662,2.949237,0.05916941,0.05951184,-0.1536801,0.9863269,22,-5.7,-3.248423,38.76752,23,5.7,-21.87027,171.269
32.92694,2.952111,-24.18964,172.4776,-8.120054,2.914992,0.07397459,0.05014127,0.003818825,-0.02683868,0.9983742,-8.056875,2.937779,0.06483424,0.0629514,-0.1551196,0.9858879,22,-5.7,-2.929009,36.49477,23,5.7,-21.55086,168.9963
32.94464,2.841492,-24.18967,172.4778,-8.244514,2.908656,0.07588381,0.05383353,0.00240371,-0.02571989,0.9982158,-8.167507,2.937779,0.06483424,0.0629514,-0.1551196,0.9858879,22,-5.7,-2.695065,34.83018,23,5.7,-21.31692,167.3317
32.96869,-0.1062718,-17.90611,127.7681,-8.484398,2.895933,0.08057863,0.05598585,-0.0002923273,-0.0234802,0.9981554,-8.418635,2.924367,0.06974578,0.06411243,-0.1606634,0.9849248,22,-5.7,-2.377433,32.57011,23,5.7,-20.99928,165.0716
32.98651,-0.2041827,-17.90609,127.7679,-8.594535,2.889781,0.0832793,0.05497857,-0.001675982,-0.02251286,0.9982323,-8.516535,2.924367,0.06974578,0.06411243,-0.1606634,0.9849248,22,-5.7,-2.141815,30.8936,23,5.7,-20.76366,163.3951
33.0105,2.071861,-20.9416,149.3666,-8.794974,2.877103,0.08810763,0.05514264,-0.005059645,-0.01969399,0.9982715,-8.729767,2.909428,0.07518291,0.07126492,-0.1573598,0.9849666,22,-5.7,-1.824779,28.63777,23,5.7,-20.44663,161.1393
33.02808,7.955237,-33.74284,240.452,-8.882173,2.870574,0.09025239,0.05640012,-0.006939352,-0.01776254,0.9982261,-8.839005,2.894247,0.08099163,0.06890611,-0.1503206,0.9862331,22,-5.7,-1.59239,26.98423,23,5.7,-20.21424,159.4857
33.05231,7.812048,-33.74289,240.4524,-9.043284,2.85842,0.09493246,0.05830686,-0.01225976,-0.0131956,0.9981362,-8.982215,2.894247,0.08099163,0.06890611,-0.1503206,0.9862331,22,-5.7,-1.272258,24.70638,23,5.7,-19.89411,157.2079
33.06995,12.85,-33.25941,239.0423,-9.112526,2.853207,0.09753101,0.05866991,-0.01515927,-0.01353372,0.9980707,-9.071468,2.879077,0.08671403,0.09033633,-0.1489233,0.9847137,22,-5.7,-1.038354,23.04206,23,5.7,-19.6602,155.5435
33.0943,NaN,NaN,NaN,-9.228741,2.843619,0.1028572,0.05785002,-0.02059855,-0.01208846,0.9980396,-9.198244,2.864391,0.09238338,0.09109628,-0.1403797,0.9858981,22,-5.7,-0.716379,20.75109,23,5.7,-19.33823,153.2526
33.11182,NaN,NaN,NaN,-9.271149,2.838794,0.1050483,0.05755791,-0.02233125,-0.01157694,0.9980252,-9.23594,2.864391,0.09238338,0.09109628,-0.1403797,0.9858981,22,-5.7,-0.4850533,19.10512,23,5.7,-19.1069,151.6066
33.13611,NaN,NaN,NaN,-9.339385,2.829399,0.1090427,0.0607582,-0.02600249,-0.009025403,0.9977729,-9.315659,2.851124,0.09834385,0.09151459,-0.1405719,0.9858319,22,-5.7,-0.1642845,16.82273,23,5.7,-18.78614,149.3242
33.15387,NaN,NaN,NaN,-9.359509,2.825127,0.1109718,0.0630615,-0.02789086,-0.007962817,0.997588,-9.333546,2.851124,0.09834385,0.09151459,-0.1405719,0.9858319,22,-5.7,0.07060891,15.15138,23,5.7,-18.55124,147.6529
33.17761,NaN,NaN,NaN,-9.380992,2.817351,0.114416,0.06548131,-0.03093956,-0.007693453,0.9973444,-9.366767,2.839108,0.1040589,0.1030306,-0.140041,0.9847706,22,-5.7,0.3845329,12.9177,23,5.7,-18.23732,145.4192
33.19519,31.23026,-56.80163,404.5238,-9.377828,2.81453,0.1160138,0.06628794,-0.03197847,-0.008367036,0.9972528,-9.373166,2.828096,0.1090266,0.09884016,-0.1451555,0.9844595,22,-5.7,0.61699,11.26368,23,5.7,-18.00486,143.7652
33.2193,31.25407,-56.80163,404.5239,-9.351047,2.809568,0.1192563,0.06397644,-0.0343905,-0.008576318,0.9973218,-9.34936,2.828096,0.1090266,0.09884016,-0.1451555,0.9844595,22,-5.7,0.9362321,8.992151,23,5.7,-17.68562,141.4936
33.23694,NaN,NaN,NaN,-9.323822,2.807139,0.1205303,0.06225803,-0.03529594,-0.009004326,0.9973952,-9.329193,2.818671,0.1134171,0.1137596,-0.1433755,0.9831085,22,-5.7,1.169044,7.335609,23,5.7,-17.45281,139.8371
33.26111,NaN,NaN,NaN,-9.252398,2.802831,0.122764,0.06073534,-0.03608016,-0.01078411,0.9974434,-9.264671,2.811342,0.11737,0.1193907,-0.1423645,0.9825875,22,-5.7,1.488665,5.061389,23,5.7,-17.13319,137.5629
33.27869,NaN,NaN,NaN,-9.202074,2.801175,0.1236754,0.06019888,-0.03501607,-0.01231625,0.997496,-9.21994,2.811342,0.11737,0.1193907,-0.1423645,0.9825875,22,-5.7,1.72097,3.408449,23,5.7,-16.90088,135.9099
33.3028,NaN,NaN,NaN,-9.085889,2.798371,0.1250984,0.05937304,-0.03454059,-0.01198042,0.9975662,-9.110667,2.805429,0.1206412,0.1179409,-0.1397094,0.9831436,22,-5.7,2.040231,1.136795,23,5.7,-16.58162,133.6383
33.3208,NaN,NaN,NaN,-9.016229,2.797204,0.1254281,0.05943403,-0.0351087,-0.01078204,0.9975564,-9.048747,2.805429,0.1206412,0.1179409,-0.1397094,0.9831436,23,5.7,-16.3435,131.944,24,-0.7,-34.43607,260.6792
33.3446,25.44592,-34.91698,271.5505,-8.85831,2.796625,0.1262058,0.05873548,-0.03610514,-0.008933558,0.9975805,-8.897491,2.800771,0.1231716,0.124352,-0.1365698,0.9827946,23,5.7,-16.02941,129.7091,24,-0.7,-34.12197,258.4443
33.36224,NaN,NaN,NaN,-8.766296,2.797169,0.1265737,0.05614536,-0.03612506,-0.008589701,0.9977319,-8.80043,2.79746,0.1248702,0.1269147,-0.1328101,0.9829823,23,5.7,-15.79553,128.045,24,-0.7,-33.8881,256.7802
33.3866,NaN,NaN,NaN,-8.567531,2.800015,0.1274294,0.05224491,-0.03579534,-0.007890173,0.9979615,-8.623751,2.79746,0.1248702,0.1269147,-0.1328101,0.9829823,23,5.7,-15.47427,125.7591,24,-0.7,-33.56683,254.4943
33.40393,NaN,NaN,NaN,-8.453044,2.802906,0.1277927,0.05116737,-0.03632306,-0.005544859,0.9980139,-8.502213,2.796219,0.1260076,0.1322981,-0.1303985,0.9825953,23,5.7,-15.24454,124.1244,24,-0.7,-33.3371,252.8596
33.4281,NaN,NaN,NaN,-8.208039,2.809399,0.1280467,0.05021925,-0.03730801,-0.0002852679,0.9980412,-8.260078,2.797987,0.1268935,0.131941,-0.1284221,0.9829035,23,5.7,-14.92489,121.85,24,-0.7,-33.01746,250.5853
33.44592,NaN,NaN,NaN,-8.07012,2.813439,0.1281093,0.05068983,-0.03758747,0.002182458,0.9980045,-8.137483,2.797987,0.1268935,0.131941,-0.1284221,0.9829035,23,5.7,-14.68978,120.1771,24,-0.7,-32.78235,248.9124
33.46991,NaN,NaN,NaN,-7.782543,2.823021,0.1281612,0.05110575,-0.0372695,0.005638096,0.9979817,-7.852838,2.803122,0.1276175,0.1335316,-0.1301599,0.9824601,23,5.7,-14.37211,117.9168,24,-0.7,-32.46468,246.652
33.48834,NaN,NaN,NaN,-7.625286,2.829055,0.1282981,0.05055115,-0.03662261,0.006529384,0.9980285,-7.713053,2.803122,0.1276175,0.1335316,-0.1301599,0.9824601,23,5.7,-14.12898,116.1868,24,-0.7,-32.22154,244.922
33.51172,NaN,NaN,NaN,-7.297096,2.840419,0.1279106,0.04856779,-0.03438031,0.006484576,0.998207,-7.387568,2.811389,0.1279956,0.1336256,-0.1325471,0.9821281,23,5.7,-13.81928,113.9832,24,-0.7,-31.91184,242.7184
33.52917,NaN,NaN,NaN,-7.120614,2.846469,0.1276996,0.04841582,-0.03269789,0.006992466,0.9982675,-7.192453,2.822757,0.1281811,0.1370038,-0.1387641,0.980803,23,5.7,-13.58849,112.341,24,-0.7,-31.68106,241.0763
33.55377,NaN,NaN,NaN,-6.749066,2.859268,0.1270705,0.04764208,-0.03006652,0.009895835,0.9983628,-6.862189,2.822757,0.1281811,0.1370038,-0.1387641,0.980803,23,5.7,-13.26343,110.0281,24,-0.7,-31.35599,238.7633
33.57092,NaN,NaN,NaN,-6.543476,2.865911,0.1266845,0.04634535,-0.02839207,0.01348391,0.998431,-6.636887,2.836256,0.1280955,0.1415781,-0.138466,0.9801953,23,5.7,-13.03728,108.419,24,-0.7,-31.12984,237.1542
33.59515,NaN,NaN,NaN,-6.121511,2.878269,0.1256428,0.04479382,-0.02134314,0.01126029,0.9987049,-6.21454,2.850863,0.1274219,0.1410459,-0.1400841,0.9800421,23,5.7,-12.71678,106.1385,24,-0.7,-30.80934,234.8737
33.61285,NaN,NaN,NaN,-5.900222,2.884092,0.1251284,0.04359759,-0.01598444,0.006319616,0.9989014,-6.017838,2.850863,0.1274219,0.1410459,-0.1400841,0.9800421,23,5.7,-12.48244,104.4711,24,-0.7,-30.575,233.2063
33.63696,NaN,NaN,NaN,-5.448413,2.896497,0.1240419,0.04288779,-0.00469536,-0.002537324,0.9990656,-5.563948,2.865981,0.1264406,0.1461491,-0.1364578,0.9798059,23,5.7,-12.16335,102.2007,24,-0.7,-30.25592,230.9359
33.65546,NaN,NaN,NaN,-5.21185,2.902283,0.1231514,0.04182696,0.0006308071,-0.003925057,0.999117,-5.353669,2.865981,0.1264406,0.1461491,-0.1364578,0.9798059,23,5.7,-11.91933,100.4643,24,-0.7,-30.01189,229.1996
33.67859,NaN,NaN,NaN,-4.738292,2.913965,0.1216541,0.04200546,0.009549666,-0.003363211,0.9990661,-4.876,2.880749,0.1250385,0.1434664,-0.1328717,0.9806949,23,5.7,-11.61368,98.28951,24,-0.7,-29.70624,227.0247
33.69635,NaN,NaN,NaN,-4.498571,2.919845,0.1210844,0.04312917,0.01286137,-0.002288907,0.9989842,-4.602775,2.895304,0.1234626,0.07642114,-0.1324554,0.9882385,23,5.7,-11.37895,96.61932,24,-0.7,-29.47151,225.3546
33.72083,NaN,NaN,NaN,-4.015172,2.931544,0.1202304,0.04400929,0.01828724,-0.0004894375,0.9988636,-4.173088,2.895304,0.1234626,0.07642114,-0.1324554,0.9882385,23,5.7,-11.05501,94.31442,24,-0.7,-29.14758,223.0497
33.73792,20.64016,-39.39056,314.2019,-3.770488,2.937406,0.1199735,0.04444346,0.0195358,0.001064028,0.9988204,-3.893225,2.90957,0.1220499,0.07718208,-0.1330763,0.9880959,23,5.7,-10.82886,92.70525,24,-0.7,-28.92142,221.4405
33.76215,NaN,NaN,NaN,-3.276976,2.948924,0.1195675,0.0450227,0.02102645,0.004410212,0.998755,-3.390735,2.923655,0.1208047,0.05935406,-0.1381222,0.9886351,23,5.7,-10.50879,90.42781,24,-0.7,-28.60135,219.1631
33.7796,NaN,NaN,NaN,-3.02337,2.954113,0.1194947,0.04499863,0.02090216,0.006499815,0.9987473,-3.165308,2.923655,0.1208047,0.05935406,-0.1381222,0.9886351,23,5.7,-10.27818,88.78693,24,-0.7,-28.37074,217.5222
33.80383,17.62596,-54.58845,388.7763,-2.515944,2.96314,0.1197562,0.04433151,0.02132822,0.01034926,0.9987356,-2.649152,2.937835,0.1199074,0.05153638,-0.1462235,0.9879082,23,5.7,-9.957269,86.50355,24,-0.7,-28.04983,215.2388
33.82214,17.85307,-54.58845,388.7763,-2.260444,2.967359,0.1202096,0.04404138,0.0210964,0.0109443,0.9987471,-2.42204,2.937835,0.1199074,0.05153638,-0.1462235,0.9879082,23,5.7,-9.715325,84.78203,24,-0.7,-27.80789,213.5173
33.84558,18.8848,-55.93079,398.3275,-1.747196,2.973943,0.121345,0.04158187,0.02102648,0.01126001,0.9988504,-1.899684,2.950688,0.1195736,0.05156493,-0.1460811,0.9879279,23,5.7,-9.405555,82.5779,24,-0.7,-27.49812,211.3131
33.86328,NaN,NaN,NaN,-1.489667,2.976406,0.1220261,0.04140478,0.02095594,0.01130258,0.9988588,-1.603519,2.961725,0.1199411,0.04708836,-0.1441778,0.9884309,23,5.7,-9.171354,80.91147,24,-0.7,-27.26392,209.6467
33.88794,NaN,NaN,NaN,-0.9742686,2.979613,0.1229292,0.04318452,0.02041171,0.01167099,0.9987904,-1.145386,2.961725,0.1199411,0.04708836,-0.1441778,0.9884309,23,5.7,-8.845686,78.59422,24,-0.7,-26.93825,207.3295
33.90479,NaN,NaN,NaN,-0.7180662,2.980981,0.1233347,0.04759055,0.01993559,0.0106854,0.9986108,-0.8496097,2.970479,0.1209778,0.04005162,-0.142802,0.9889406,23,5.7,-8.622643,77.00718,24,-0.7,-26.7152,205.7424
33.92908,12.74889,-53.79564,383.1351,-0.204266,2.98291,0.1247154,0.05229535,0.01753521,0.01194437,0.9984062,-0.3244061,2.976498,0.122034,0.03374463,-0.1465396,0.988629,23,5.7,-8.30127,74.72049,24,-0.7,-26.39383,203.4557
33.94659,12.85,-53.23921,379.3811,0.05364212,2.982394,0.12532,0.05291671,0.01572597,0.01350397,0.9983838,-0.09515445,2.976498,0.122034,0.03374463,-0.1465396,0.988629,23,5.7,-8.070272,73.07686,24,-0.7,-26.16283,201.8121
33.97095,6.065485,-25.46313,181.5389,0.5662086,2.980879,0.1265725,0.05464988,0.01260892,0.01570978,0.9983023,0.4289091,2.980016,0.1234246,0.03068055,-0.1548195,0.9874663,23,5.7,-7.748219,70.78532,24,-0.7,-25.84078,199.5206
33.9892,6.290268,-25.46312,181.5388,0.8190947,2.980377,0.1275476,0.05911552,0.01073047,0.01775135,0.9980356,0.6536968,2.980016,0.1234246,0.03068055,-0.1548195,0.9874663,23,5.7,-7.50669,69.06676,24,-0.7,-25.59925,197.802
34.0127,8.066773,-32.29937,230.1812,1.324933,2.980335,0.1302214,0.0604417,0.008325551,0.01714214,0.9979898,1.171681,2.981125,0.1250209,0.029612,-0.1515174,0.9880109,23,5.7,-7.196098,66.85678,24,-0.7,-25.28866,195.592
34.03009,6.406027,-28.05102,199.9526,1.57874,2.977597,0.1312905,0.05877461,0.006873809,0.01956775,0.9980559,1.465262,2.980388,0.1266898,0.02442519,-0.1534071,0.9878612,23,5.7,-6.966403,65.22241,24,-0.7,-25.05896,193.9577
34.05536,6.85382,-28.05099,199.9524,2.082514,2.973412,0.1339609,0.05843497,0.005190067,0.0211899,0.9980528,1.913061,2.980388,0.1266898,0.02442519,-0.1534071,0.9878612,23,5.7,-6.631536,62.83971,24,-0.7,-24.7241,191.575
34.07178,6.521857,-24.74411,176.4228,2.331564,2.970476,0.1356609,0.05933172,0.00534108,0.02137289,0.9979953,2.202053,2.978571,0.1291417,0.0241989,-0.1552984,0.9875712,23,5.7,-6.414618,61.29626,24,-0.7,-24.50718,190.0315
34.09644,8.828218,-43.14593,307.3584,2.826347,2.96364,0.1395678,0.05865766,0.00604517,0.01929397,0.9980734,2.709106,2.974735,0.1322283,0.01969276,-0.1484273,0.9887273,23,5.7,-6.088992,58.97931,24,-0.7,-24.18155,187.7146
34.11395,9.042655,-43.14599,307.3588,3.06758,2.960582,0.1419822,0.05727228,0.007959768,0.01577463,0.9982022,2.923536,2.974735,0.1322283,0.01969276,-0.1484273,0.9887273,23,5.7,-5.857235,57.33028,24,-0.7,-23.9498,186.0655
34.138,8.612262,-44.27406,315.3855,3.549107,2.952774,0.1471393,0.05541519,0.009838242,0.01405858,0.998316,3.418127,2.968591,0.136129,0.01629216,-0.1481835,0.9888257,23,5.7,-5.53894,55.06549,24,-0.7,-23.6315,183.8007
34.15613,8.822222,-44.27412,315.3859,3.785304,2.947795,0.149742,0.05601702,0.01007927,0.01508932,0.9982649,3.628079,2.968591,0.136129,0.01629216,-0.1481835,0.9888257,23,5.7,-5.299378,53.36092,24,-0.7,-23.39194,182.0962
34.17975,9.957617,-46.64567,332.2605,4.244916,2.939332,0.1549451,0.05673714,0.009296253,0.01700509,0.9982011,4.102153,2.960958,0.1412516,0.01743451,-0.1477027,0.9888781,23,5.7,-4.987391,51.14102,24,-0.7,-23.07996,179.8763
34.19733,9.623668,-54.60532,388.8963,4.463753,2.935961,0.1577371,0.05859734,0.008694515,0.0170709,0.9980978,4.360567,2.951473,0.146928,0.01339135,-0.1464466,0.9891279,23,5.7,-4.755257,49.4893,24,-0.7,-22.84782,178.2245
34.22229,10.00972,-54.60532,388.8963,4.898055,2.926917,0.1630974,0.061239,0.005415246,0.01797472,0.9979466,4.746614,2.951473,0.146928,0.01339135,-0.1464466,0.9891279,23,5.7,-4.424913,47.13877,24,-0.7,-22.51748,175.874
34.23907,2.394935,-40.88792,291.2918,5.109982,2.922902,0.1660547,0.0598857,0.004598986,0.01765555,0.9980385,4.996739,2.941498,0.1531171,-0.008836727,-0.1488615,0.9888185,23,5.7,-4.203218,45.56134,24,-0.7,-22.29578,174.2966
34.26324,NaN,NaN,NaN,5.524693,2.91353,0.1719647,0.05877619,0.002018873,0.02178063,0.9980315,5.424513,2.931358,0.159539,-0.0131354,-0.1439306,0.9895006,23,5.7,-3.883545,43.28675,24,-0.7,-21.97611,172.022
34.2807,NaN,NaN,NaN,5.722528,2.909243,0.1747179,0.05749206,0.0002745949,0.02355914,0.998068,5.600366,2.931358,0.159539,-0.0131354,-0.1439306,0.9895006,23,5.7,-3.652646,41.64381,24,-0.7,-21.74521,170.3791
34.30493,-0.9109671,-47.1614,335.93,6.102923,2.900406,0.1802166,0.05506715,-0.001665879,0.02145477,0.9982508,5.995407,2.920918,0.1663227,-0.02033987,-0.1474968,0.9888534,23,5.7,-3.331889,39.36152,24,-0.7,-21.42446,168.0968
34.32336,-0.7466279,-47.16139,335.9299,6.287805,2.895217,0.1830801,0.05299619,-0.00228579,0.02018251,0.9983881,6.159746,2.920918,0.1663227,-0.02033987,-0.1474968,0.9888534,23,5.7,-3.088805,37.63188,24,-0.7,-21.18137,166.3671
34.3468,NaN,NaN,NaN,6.644807,2.884735,0.1889414,0.04896441,-0.003214069,0.01944862,0.998606,6.531352,2.910306,0.1731973,-0.02330025,-0.1441102,0.9892873,23,5.7,-2.778915,35.4269,24,-0.7,-20.87148,164.1622
34.36456,NaN,NaN,NaN,6.813008,2.879469,0.1917112,0.04669763,-0.00292661,0.0191851,0.9987205,6.732162,2.899164,0.1799858,-0.0255672,-0.1431755,0.9893671,23,5.7,-2.543684,33.75314,24,-0.7,-20.63625,162.4884
34.38928,NaN,NaN,NaN,7.132677,2.868768,0.1969976,0.04323165,-0.001964882,0.01715892,0.9989159,7.016312,2.899164,0.1799858,-0.0255672,-0.1431755,0.9893671,23,5.7,-2.21722,31.43023,24,-0.7,-20.30979,160.1655
34.40625,NaN,NaN,NaN,7.281597,2.863455,0.1995663,0.04097374,-0.001145456,0.01538168,0.9990413,7.196818,2.887172,0.1868536,-0.0264895,-0.140778,0.9896868,23,5.7,-1.992561,29.8317,24,-0.7,-20.08513,158.567
34.42987,NaN,NaN,NaN,7.565147,2.852344,0.2041939,0.03941669,0.0007981695,0.01307422,0.999137,7.493733,2.874642,0.1934807,-0.02613342,-0.1400731,0.9897962,23,5.7,-1.680529,27.61147,24,-0.7,-19.77309,156.3467
34.44757,NaN,NaN,NaN,7.691213,2.847585,0.2062657,0.04015179,0.00197592,0.0119033,0.9991208,7.605792,2.874642,0.1934807,-0.02613342,-0.1400731,0.9897962,23,5.7,-1.446108,25.94348,24,-0.7,-19.53867,154.6787
34.47156,1.056564,-32.44982,231.2518,7.927356,2.837944,0.2102047,0.03883138,0.003278763,0.009934234,0.999191,7.85673,2.861803,0.1996239,-0.0290812,-0.1510116,0.9881042,23,5.7,-1.128988,23.68706,24,-0.7,-19.22155,152.4223
34.49005,1.146519,-32.44982,231.2518,8.028554,2.833387,0.2119557,0.03914528,0.003229011,0.009642918,0.9991819,7.946685,2.861803,0.1996239,-0.0290812,-0.1510116,0.9881042,23,5.7,-0.8843186,21.94614,24,-0.7,-18.97688,150.6814
34.51343,2.244815,-27.93537,199.1298,8.214673,2.824665,0.2150321,0.04073961,0.002929565,0.008378989,0.9991304,8.148668,2.849433,0.2052026,-0.02931711,-0.1528699,0.9878114,23,5.7,-0.5755399,19.74907,24,-0.7,-18.66811,148.4843
34.53137,2.840803,-24.84271,177.1243,8.293795,2.820602,0.2162669,0.04163522,0.00200228,0.008699766,0.999093,8.250549,2.837885,0.2100589,-0.03019703,-0.1545121,0.9875293,23,5.7,-0.3382129,18.0604,24,-0.7,-18.43078,146.7957
34.55573,2.96487,-24.84271,177.1243,8.433371,2.813711,0.2181574,0.04456107,0.0009974577,0.009752871,0.9989585,8.374617,2.837885,0.2100589,-0.03019703,-0.1545121,0.9875293,23,5.7,-0.01636305,15.77032,24,-0.7,-18.10893,144.5056
34.57312,2.106584,-21.62363,154.2193,8.491966,2.810698,0.2189004,0.04519607,-6.66827E-05,0.01165125,0.9989102,8.453314,2.826973,0.2138854,-0.04066763,-0.1566709,0.9868132,23,5.7,0.2136764,14.1335,24,-0.7,-17.87889,142.8688
34.59692,3.920423,-14.8329,105.9009,8.584494,2.805223,0.2197731,0.04749296,-0.0003511757,0.01293629,0.9987878,8.55719,2.817494,0.2168014,-0.04323402,-0.1645754,0.9854166,23,5.7,0.528198,11.89556,24,-0.7,-17.56437,140.6308
34.61481,3.949049,-14.8329,105.9009,8.616696,2.802854,0.2200099,0.04847994,-0.0001840107,0.01338543,0.9987345,8.585815,2.817494,0.2168014,-0.04323402,-0.1645754,0.9854166,23,5.7,0.7650582,10.21021,24,-0.7,-17.32751,138.9455
34.63861,4.006738,-14.34888,102.4568,8.663301,2.79875,0.2200153,0.04965195,0.0002771616,0.01432829,0.9986638,8.643688,2.809471,0.2188038,-0.04468424,-0.1653474,0.9852226,23,5.7,1.079225,7.9748,24,-0.7,-17.01334,136.7101
34.65717,4.013601,-14.34888,102.4568,8.671021,2.79776,0.2199554,0.04859859,0.0007603951,0.01395687,0.9987206,8.650551,2.809471,0.2188038,-0.04468424,-0.1653474,0.9852226,23,5.7,1.325183,6.224722,24,-0.7,-16.76738,134.96
34.68042,3.313765,-15.82704,112.9745,8.669737,2.796961,0.2198018,0.04570514,0.001445096,0.01312833,0.9988677,8.661096,2.803093,0.2197616,-0.04673892,-0.1628387,0.985545,23,5.7,1.632508,4.037992,24,-0.7,-16.46006,132.7733
34.69861,1.810575,-19.59403,139.778,8.654906,2.796913,0.2195323,0.04358591,0.002206195,0.01304162,0.9989622,8.654585,2.798619,0.2200016,-0.0483646,-0.1582422,0.9862151,23,5.7,1.872526,2.330174,24,-0.7,-16.22004,131.0654
34.72278,1.771844,-19.59402,139.7779,8.611327,2.797074,0.2187131,0.04237668,0.003427174,0.01403213,0.9989973,8.615849,2.798619,0.2200016,-0.0483646,-0.1582422,0.9862151,23,5.7,2.192647,0.05239105,24,-0.7,-15.89992,128.7876
34.74011,-0.2305031,-25.01805,178.372,8.576805,2.797156,0.2181576,0.04291462,0.003754932,0.01576323,0.9989474,8.586777,2.796427,0.2199636,-0.04884223,-0.1540749,0.9868512,24,-0.7,-15.67083,127.1576,25,5.7,-33.76329,255.892
34.76398,3.973477,-11.46669,81.94905,8.490253,2.798246,0.2160835,0.04329877,0.004320454,0.01626926,0.9989203,8.506673,2.795876,0.2197758,-0.05455887,-0.1716558,0.9836451,24,-0.7,-15.35594,124.9171,25,5.7,-33.4484,253.6514
34.7818,3.923834,-11.46669,81.94905,8.434407,2.799716,0.2150234,0.04152738,0.004401818,0.01493732,0.9990161,8.457031,2.795876,0.2197758,-0.05455887,-0.1716558,0.9836451,24,-0.7,-15.11999,123.2382,25,5.7,-33.21245,251.9725
34.80566,3.623229,-11.93333,85.26936,8.30597,2.803637,0.2128128,0.03765197,0.004563537,0.01163941,0.9992128,8.335205,2.796306,0.2180175,-0.05450781,-0.1703914,0.9838677,24,-0.7,-14.80429,120.9918,25,5.7,-32.89674,249.7262
34.82385,3.552546,-11.93333,85.26933,8.226449,2.806879,0.2115371,0.03647749,0.004406046,0.009521836,0.9992794,8.26452,2.796306,0.2180175,-0.05450781,-0.1703914,0.9838677,24,-0.7,-14.56422,119.2836,25,5.7,-32.65667,248.018
34.84753,2.062427,-15.49564,110.6165,8.052004,2.815252,0.2097924,0.03326627,0.004337929,0.004422976,0.9994273,8.097307,2.798377,0.2156503,-0.05384973,-0.163239,0.9851158,24,-0.7,-14.2509,117.0543,25,5.7,-32.34336,245.7886
34.8653,-0.6136538,-21.94778,156.5259,7.952882,2.821483,0.2091589,0.0328062,0.003315374,0.003159883,0.9994513,7.992469,2.803166,0.2132769,-0.05429941,-0.1561635,0.9862376,24,-0.7,-14.01565,115.3804,25,5.7,-32.10811,244.1147
34.88965,-0.8002506,-21.94777,156.5258,7.742954,2.832607,0.2066989,0.03076584,0.001266073,0.002415637,0.9995229,7.805866,2.803166,0.2132769,-0.05429941,-0.1561635,0.9862376,24,-0.7,-13.69399,113.0916,25,5.7,-31.78645,241.826
34.90717,-6.757329,-34.09676,242.9702,7.627699,2.838686,0.2051775,0.03144494,0.000232175,0.002724286,0.9995018,7.68199,2.811886,0.2111185,-0.05870286,-0.1500517,0.9869339,24,-0.7,-13.46264,111.4455,25,5.7,-31.5551,240.1799
34.93115,-11.70733,-42.48092,302.6266,7.385584,2.853057,0.2022808,0.03331028,-0.0007740036,0.001442054,0.9994437,7.44108,2.823837,0.2083293,-0.06249643,-0.1478654,0.9870309,24,-0.7,-13.14556,109.1893,25,5.7,-31.23801,237.9237
34.94885,-11.82288,-42.48086,302.6262,7.255555,2.86035,0.2005889,0.03424992,-0.0008747988,-0.0003633115,0.9994129,7.325499,2.823837,0.2083293,-0.06249643,-0.1478654,0.9870309,24,-0.7,-12.91121,107.5219,25,5.7,-31.00367,236.2563
34.97284,-3.52545,-25.31428,180.4798,6.986989,2.874775,0.1968552,0.03631854,-0.001652722,-0.003348443,0.9993334,7.057434,2.838366,0.2051303,-0.0579039,-0.1540363,0.986367,24,-0.7,-12.5937,105.2627,25,5.7,-30.68616,233.9971
34.99078,-3.651837,-25.31429,180.4799,6.844812,2.882269,0.1948797,0.03645572,-0.002206587,-0.005701486,0.9993166,6.931054,2.838366,0.2051303,-0.0579039,-0.1540363,0.986367,24,-0.7,-12.35674,103.5766,25,5.7,-30.4492,232.311
35.01471,-2.519218,-21.7116,154.8454,6.554347,2.89619,0.1903313,0.03430566,-0.003106669,-0.0100785,0.9993557,6.640253,2.854852,0.2016656,-0.05839615,-0.1566233,0.9859306,24,-0.7,-12.04037,101.3255,25,5.7,-30.13283,230.0599
35.03253,5.517092,-19.7675,141.0123,6.40474,2.903039,0.1878054,0.03476008,-0.003841069,-0.01174987,0.9993193,6.471865,2.87226,0.1972266,-0.006694224,-0.1587344,0.9872986,24,-0.7,-11.80508,99.65138,25,5.7,-29.89754,228.3858
35.05695,5.243516,-19.76749,141.0123,6.096968,2.916036,0.1828423,0.03374272,-0.003800336,-0.01584613,0.9992977,6.198289,2.87226,0.1972266,-0.006694224,-0.1587344,0.9872986,24,-0.7,-11.48173,97.35061,25,5.7,-29.57419,226.085
35.07446,5.641944,-25.14045,179.2429,5.937913,2.922706,0.1805715,0.03330922,-0.003174599,-0.01896924,0.99926,6.019107,2.889476,0.1920513,-0.002081119,-0.1546632,0.9879651,24,-0.7,-11.25045,95.70496,25,5.7,-29.34291,224.4393
35.09821,5.242632,-21.87361,155.9982,5.619569,2.935724,0.1763272,0.03199469,-0.002515085,-0.02316542,0.9992164,5.696523,2.90589,0.1865463,-0.002876921,-0.1570605,0.9875848,24,-0.7,-10.93646,93.47079,25,5.7,-29.02892,222.2052
35.11591,5.096261,-21.87359,155.9981,5.454902,2.941594,0.1739513,0.03165763,-0.001996212,-0.0246022,0.9991939,5.550152,2.90589,0.1865463,-0.002876921,-0.1570605,0.9875848,24,-0.7,-10.70241,91.80548,25,5.7,-28.79487,220.5399
35.13995,4.819358,-31.93557,227.5925,5.120782,2.952699,0.1688047,0.03332592,-0.0008553268,-0.02721209,0.9990737,5.211924,2.921789,0.1810981,-0.001706311,-0.1515092,0.9884544,24,-0.7,-10.38495,89.54664,25,5.7,-28.47741,218.281
35.1579,4.668337,-31.93559,227.5926,4.950884,2.957766,0.1662057,0.034393,-1.487508E-05,-0.02866145,0.9989973,5.060903,2.921789,0.1810981,-0.001706311,-0.1515092,0.9884544,24,-0.7,-10.14762,87.85794,25,5.7,-28.24008,216.5923
35.1817,4.889802,-33.13391,236.1192,4.608342,2.967682,0.1611595,0.03459447,0.002031617,-0.03159107,0.9989,4.713356,2.936676,0.1753298,0.0007392354,-0.151122,0.9885148,24,-0.7,-9.832829,85.61809,25,5.7,-27.92529,214.3525
35.19958,5.577641,-30.04051,214.1084,4.434227,2.972277,0.1588687,0.03314274,0.003158785,-0.03257861,0.9989145,4.51429,2.950207,0.1693261,0.004912213,-0.1524029,0.9883062,24,-0.7,-9.596188,83.9343,25,5.7,-27.68865,212.6687
35.22351,5.266968,-30.04053,214.1086,4.08472,2.981141,0.1544888,0.02984338,0.005279873,-0.03530075,0.9989172,4.203618,2.950207,0.1693261,0.004912213,-0.1524029,0.9883062,24,-0.7,-9.279795,81.68304,25,5.7,-27.37226,210.4174
35.24133,5.365273,-30.9663,220.6957,3.907758,2.98455,0.1520751,0.02744933,0.006152775,-0.03609202,0.9989525,4.001097,2.962477,0.1636314,0.006113788,-0.1520577,0.9883527,24,-0.7,-9.043914,80.00466,25,5.7,-27.13638,208.739
35.26526,5.420708,-52.02865,370.5624,3.552185,2.9904,0.1473028,0.02320105,0.007821709,-0.03853504,0.9989573,3.638933,2.973624,0.1578814,0.004758118,-0.1468802,0.9891428,24,-0.7,-8.727897,77.75608,25,5.7,-26.82036,206.4905
35.28314,5.261519,-52.02865,370.5624,3.373097,2.992265,0.1446072,0.02270583,0.007833323,-0.03966105,0.9989244,3.479744,2.973624,0.1578814,0.004758118,-0.1468802,0.9891428,24,-0.7,-8.491776,76.076,25,5.7,-26.58424,204.8104
35.30707,NaN,NaN,NaN,3.012444,2.996707,0.140087,0.02090045,0.008059842,-0.04280259,0.9988325,3.112379,2.982917,0.1521089,0.008147582,-0.1429202,0.9897007,24,-0.7,-8.17516,73.82315,25,5.7,-26.26762,202.5575
35.32489,NaN,NaN,NaN,2.834646,2.998397,0.1381326,0.01933486,0.007865798,-0.04359324,0.9988313,2.954336,2.982917,0.1521089,0.008147582,-0.1429202,0.9897007,24,-0.7,-7.939501,72.14635,25,5.7,-26.03196,200.8807
35.34875,NaN,NaN,NaN,2.479137,3.001194,0.1341544,0.01278228,0.008976508,-0.04595185,0.9988216,2.591103,2.989936,0.1463351,0.009881095,-0.1404056,0.9900448,24,-0.7,-7.623666,69.89906,25,5.7,-25.71613,198.6335
35.36664,NaN,NaN,NaN,2.298812,3.000999,0.1323119,0.01055461,0.01026896,-0.04632786,0.9988178,2.383619,2.99541,0.1409285,0.01206976,-0.1431728,0.9896241,24,-0.7,-7.387522,68.21881,25,5.7,-25.47998,196.9532
35.39063,NaN,NaN,NaN,1.941818,3.000781,0.1284005,0.006218523,0.01259922,-0.04615228,0.9988356,2.066291,2.99541,0.1409285,0.01206976,-0.1431728,0.9896241,24,-0.7,-7.069952,65.95919,25,5.7,-25.16241,194.6936
35.40845,NaN,NaN,NaN,1.765592,3.000448,0.1266194,0.005501039,0.01343196,-0.04577329,0.9988465,1.861697,2.998746,0.1359195,0.01042528,-0.1440175,0.9895203,24,-0.7,-6.83498,64.28728,25,5.7,-24.92744,193.0217
35.43237,NaN,NaN,NaN,1.414329,2.999577,0.1233621,0.003433551,0.01451008,-0.04571928,0.998843,1.501731,2.999868,0.1312318,0.01682664,-0.134627,0.9907535,24,-0.7,-6.518423,62.03485,25,5.7,-24.61089,190.7692
35.45032,NaN,NaN,NaN,1.239439,2.997417,0.1215524,0.001892031,0.01491582,-0.0449144,0.9988778,1.346273,2.999868,0.1312318,0.01682664,-0.134627,0.9907535,24,-0.7,-6.281429,60.34856,25,5.7,-24.37389,189.0829
35.47424,NaN,NaN,NaN,0.8966016,2.9953,0.1187598,0.000873746,0.01557978,-0.0429434,0.9989557,0.9942653,2.999392,0.126684,0.0196116,-0.1410062,0.9898144,24,-0.7,-5.964482,58.09336,25,5.7,-24.05694,186.8278
35.49207,NaN,NaN,NaN,0.7270533,2.992007,0.117346,0.002336093,0.01522807,-0.04167387,0.9990125,0.8435558,2.999392,0.126684,0.0196116,-0.1410062,0.9898144,24,-0.7,-5.728795,56.41636,25,5.7,-23.82126,185.1508
35.51587,NaN,NaN,NaN,0.3974972,2.987039,0.1152259,0.002546181,0.01473963,-0.04029538,0.9990759,0.5039297,2.997401,0.1226372,0.02226132,-0.139583,0.9899601,24,-0.7,-5.414096,54.17716,25,5.7,-23.50656,182.9116
35.534,9.94557,-53.24156,379.1927,0.233079,2.984225,0.1145372,0.003167961,0.01508437,-0.04208332,0.9989952,0.3119592,2.993721,0.1191981,0.02513051,-0.146697,0.9888622,24,-0.7,-5.174643,52.47336,25,5.7,-23.2671,181.2078
35.55792,9.661806,-53.2417,379.1937,-0.08618529,2.977518,0.1129843,0.004674503,0.01500092,-0.04509217,0.9988593,0.02816878,2.993721,0.1191981,0.02513051,-0.146697,0.9888622,24,-0.7,-4.858397,50.22315,25,5.7,-22.95086,178.9576
35.57568,4.917283,-30.94161,220.5203,-0.2404998,2.974175,0.1126888,0.006070095,0.01431038,-0.04425563,0.9988994,-0.1536588,2.988286,0.1163979,0.02273374,-0.1521125,0.9881017,24,-0.7,-4.62352,48.55192,25,5.7,-22.71598,177.2863
35.59943,3.828891,-25.96248,185.0917,-0.5429794,2.964906,0.1119931,0.007150833,0.01280901,-0.04260695,0.9989842,-0.4659992,2.981283,0.1140845,0.02293327,-0.15455,0.9877188,24,-0.7,-4.309305,46.31616,25,5.7,-22.40177,175.0506
35.61761,3.701854,-25.9625,185.0919,-0.6858992,2.960377,0.1122621,0.006089339,0.01288769,-0.0414879,0.9990374,-0.593039,2.981283,0.1140845,0.02293327,-0.15455,0.9877188,24,-0.7,-4.069147,44.60735,25,5.7,-22.16161,173.3417
35.6413,4.344192,-33.40468,238.0459,-0.9663672,2.951951,0.1133547,0.004412116,0.01338159,-0.04032935,0.9990872,-0.8841383,2.97268,0.1127081,0.02171641,-0.1510971,0.9882804,24,-0.7,-3.755989,42.37911,25,5.7,-21.84845,171.1135
35.65936,4.225367,-33.40472,238.0462,-1.100053,2.947045,0.114007,0.002343165,0.01302724,-0.03830573,0.9991785,-1.002971,2.97268,0.1127081,0.02171641,-0.1510971,0.9882804,24,-0.7,-3.51752,40.68232,25,5.7,-21.60998,169.4167
35.68286,10.51449,-51.59543,367.4799,-1.360447,2.937138,0.1156338,-1.532468E-05,0.01146127,-0.03496471,0.9993229,-1.274238,2.962614,0.11238,0.03172563,-0.1468257,0.9886535,24,-0.7,-3.206337,38.46814,25,5.7,-21.2988,167.2025
35.70087,9.039232,-46.42331,330.6785,-1.483621,2.932059,0.1164127,8.379202E-05,0.01056718,-0.03489656,0.9993351,-1.421339,2.951925,0.1130965,0.03128197,-0.147655,0.9885442,24,-0.7,-2.968621,36.7767,25,5.7,-21.06108,165.5111
35.72461,8.829488,-46.42325,330.678,-1.719568,2.922559,0.1189489,-0.0004141942,0.008869126,-0.03449681,0.9993654,-1.63107,2.951925,0.1130965,0.03128197,-0.147655,0.9885442,24,-0.7,-2.654344,34.5405,25,5.7,-20.7468,163.2749
35.74268,NaN,NaN,NaN,-1.830575,2.918679,0.1206669,-0.001312084,0.007227585,-0.03403898,0.9993936,-1.76522,2.940479,0.114602,0.03473546,-0.1441049,0.9889526,24,-0.7,-2.415746,32.84279,25,5.7,-20.50821,161.5772
35.76642,NaN,NaN,NaN,-2.044676,2.909273,0.1237831,-0.003483917,0.0030246,-0.03204702,0.9994757,-1.988654,2.928947,0.1171497,0.03541151,-0.1448417,0.988821,24,-0.7,-2.101906,30.6097,25,5.7,-20.19436,159.3441
35.78448,NaN,NaN,NaN,-2.140822,2.904175,0.1251709,-0.003236706,0.0004065186,-0.03147905,0.9994991,-2.074117,2.928947,0.1171497,0.03541151,-0.1448417,0.988821,24,-0.7,-1.86318,28.91108,25,5.7,-19.95564,157.6455
35.80811,NaN,NaN,NaN,-2.325689,2.894744,0.1286247,-0.00166645,-0.002969425,-0.03208053,0.9994795,-2.269071,2.917901,0.1204839,0.02983434,-0.1406932,0.9896036,24,-0.7,-1.550338,26.68509,25,5.7,-19.6428,155.4195
35.82617,NaN,NaN,NaN,-2.408317,2.890772,0.1307909,-0.004196123,-0.004887604,-0.03053996,0.9995129,-2.370755,2.906426,0.1240135,0.03700056,-0.1426356,0.9890835,24,-0.7,-1.312083,24.98982,25,5.7,-19.40454,153.7242
35.84985,NaN,NaN,NaN,-2.560329,2.881749,0.134754,-0.008534912,-0.009999424,-0.02539881,0.999591,-2.505876,2.906426,0.1240135,0.03700056,-0.1426356,0.9890835,24,-0.7,-0.9989423,22.76171,25,5.7,-19.0914,151.4961
35.86792,NaN,NaN,NaN,-2.628439,2.875796,0.1365419,-0.01048093,-0.0133744,-0.02319366,0.9995866,-2.59128,2.895458,0.1282517,0.04308284,-0.1430541,0.9887767,24,-0.7,-0.7597167,21.05953,25,5.7,-18.85218,149.7939
35.89172,NaN,NaN,NaN,-2.747054,2.865736,0.1400878,-0.008715194,-0.01826185,-0.02038613,0.9995874,-2.696716,2.895458,0.1282517,0.04308284,-0.1430541,0.9887767,24,-0.7,-0.4449231,18.81966,25,5.7,-18.53738,147.5541
35.90991,NaN,NaN,NaN,-2.794277,2.861104,0.1416246,-0.00686888,-0.0203594,-0.01813135,0.9996048,-2.760316,2.884553,0.1328726,0.04169135,-0.1447459,0.9885901,24,-0.7,-0.2049056,17.11185,25,5.7,-18.29737,145.8463
35.93359,NaN,NaN,NaN,-2.878292,2.852103,0.1444328,-0.004325659,-0.02615095,-0.01227955,0.9995733,-2.853236,2.872776,0.1372387,0.03111063,-0.1425119,0.9893041,24,-0.7,0.1085776,14.8813,25,5.7,-17.98388,143.6157
35.9516,NaN,NaN,NaN,-2.904627,2.848824,0.1455745,-0.002189763,-0.02953708,-0.008767586,0.9995229,-2.876645,2.872776,0.1372387,0.03111063,-0.1425119,0.9893041,24,-0.7,0.3463461,13.18949,25,5.7,-17.74611,141.9239
35.97534,NaN,NaN,NaN,-2.938486,2.841874,0.1481147,-0.0007169115,-0.03533197,-0.004268487,0.9993663,-2.921198,2.861121,0.1410261,0.01010261,-0.14306,0.9896625,24,-0.7,0.660102,10.957,25,5.7,-17.43236,139.6914
35.99335,NaN,NaN,NaN,-2.940153,2.839472,0.1488758,0.001095557,-0.03712185,-0.001620991,0.9993089,-2.933053,2.850857,0.1445647,-0.001529882,-0.1374819,0.9905031,24,-0.7,0.8986954,9.259316,25,5.7,-17.19377,137.9937
36.01721,NaN,NaN,NaN,-2.932109,2.83452,0.1502878,0.002907919,-0.04066914,0.001200186,0.9991677,-2.925903,2.850857,0.1445647,-0.001529882,-0.1374819,0.9905031,24,-0.7,1.213984,7.01592,25,5.7,-16.87848,135.7504
36.03522,NaN,NaN,NaN,-2.914832,2.832292,0.1505774,0.003979945,-0.04208819,0.001907913,0.9991041,-2.916116,2.842484,0.1474569,-0.01188058,-0.142497,0.9897239,24,-0.7,1.452175,5.321102,25,5.7,-16.64029,134.0555
36.05865,NaN,NaN,NaN,-2.864652,2.829525,0.1515315,0.004760141,-0.04469378,0.00423377,0.9989804,-2.871511,2.842484,0.1474569,-0.01188058,-0.142497,0.9897239,24,-0.7,1.762143,3.115571,25,5.7,-16.33032,131.85
36.07684,-4.699936,-53.26086,379.33,-2.826776,2.829249,0.1521201,0.003490539,-0.04558972,0.0052861,0.9989402,-2.838706,2.835839,0.1496202,-0.004855648,-0.1463474,0.9892213,24,-0.7,2.002095,1.408219,25,5.7,-16.09037,130.1426
36.10052,NaN,NaN,NaN,-2.735874,2.828121,0.1520739,0.0008607999,-0.04634978,0.007186819,0.998899,-2.754264,2.831001,0.151144,0.004734449,-0.1412905,0.9899569,25,5.7,-15.77713,127.9139,26,-5.7,-33.92308,257.0291
36.11865,NaN,NaN,NaN,-2.677881,2.827778,0.1517928,0.0004300433,-0.04573037,0.007268519,0.9989274,-2.702714,2.831001,0.151144,0.004734449,-0.1412905,0.9899569,25,5.7,-15.53739,126.208,26,-5.7,-33.68334,255.3232
36.14221,NaN,NaN,NaN,-2.549808,2.828824,0.1513625,-0.001041216,-0.044065,0.00768282,0.9989986,-2.580751,2.828286,0.1518701,0.004351801,-0.1316081,0.9912923,25,5.7,-15.22581,123.991,26,-5.7,-33.37177,253.1062
36.16034,NaN,NaN,NaN,-2.474135,2.830017,0.1509508,-0.002416463,-0.04322118,0.009284208,0.9990196,-2.501127,2.82714,0.1519144,0.006366989,-0.1283032,0.9917145,25,5.7,-14.98595,122.2843,26,-5.7,-33.1319,251.3995
36.18408,NaN,NaN,NaN,-2.31038,2.834072,0.1502344,-0.003508355,-0.04271719,0.01335372,0.9989918,-2.355567,2.82714,0.1519144,0.006366989,-0.1283032,0.9917145,25,5.7,-14.67253,120.0542,26,-5.7,-32.81849,249.1694
36.20209,NaN,NaN,NaN,-2.216856,2.837156,0.1498753,-0.004462368,-0.04234178,0.01446037,0.9989886,-2.25595,2.827834,0.1512125,0.008628226,-0.1243547,0.9922003,25,5.7,-14.43425,118.3588,26,-5.7,-32.58021,247.474
36.22583,NaN,NaN,NaN,-2.010645,2.844887,0.1491175,-0.004003572,-0.0419911,0.02098569,0.9988896,-2.052485,2.831388,0.1505858,-0.006605129,-0.1396088,0.9901847,25,5.7,-14.12001,116.1228,26,-5.7,-32.26596,245.238
36.24377,NaN,NaN,NaN,-1.897146,2.849355,0.1483588,-0.002277974,-0.04093543,0.02246064,0.9989068,-1.951597,2.831388,0.1505858,-0.006605129,-0.1396088,0.9901847,25,5.7,-13.88265,114.4339,26,-5.7,-32.0286,243.5491
36.26758,NaN,NaN,NaN,-1.65964,2.859098,0.1467456,0.001347639,-0.03914836,0.02558142,0.9989051,-1.716223,2.838144,0.149761,-0.004104603,-0.1385309,0.9903496,25,5.7,-13.56792,112.1945,26,-5.7,-31.71387,241.3097
36.28552,NaN,NaN,NaN,-1.527247,2.864696,0.1460617,0.003165729,-0.03806017,0.02701718,0.9989052,-1.598541,2.838144,0.149761,-0.004104603,-0.1385309,0.9903496,25,5.7,-13.33058,110.5058,26,-5.7,-31.47654,239.621
36.30927,NaN,NaN,NaN,-1.25361,2.876837,0.1444477,0.005065225,-0.03459273,0.02879331,0.9989738,-1.327113,2.847636,0.1485795,-0.001383044,-0.1399147,0.9901626,25,5.7,-13.01689,108.2737,26,-5.7,-31.16284,237.3889
36.32739,NaN,NaN,NaN,-1.107223,2.88293,0.1434083,0.005124338,-0.03252491,0.02875719,0.9990441,-1.164948,2.859487,0.146973,-0.006823451,-0.1455728,0.989324,25,5.7,-12.77707,106.5673,26,-5.7,-30.92303,235.6825
36.35107,NaN,NaN,NaN,-0.8067644,2.895428,0.141504,0.00492775,-0.02931978,0.02962863,0.9991187,-0.897873,2.859487,0.146973,-0.006823451,-0.1455728,0.989324,25,5.7,-12.46406,104.3401,26,-5.7,-30.61002,233.4554
36.36902,-1.469489,-53.6869,382.3614,-0.6492806,2.901756,0.1405172,0.003952657,-0.02837216,0.02952334,0.9991536,-0.7221669,2.873234,0.144837,-0.001934164,-0.1463849,0.9892258,25,5.7,-12.22672,102.6513,26,-5.7,-30.37267,231.7665
36.39294,NaN,NaN,NaN,-0.3280067,2.913603,0.1384931,0.002228413,-0.02611468,0.02814868,0.9992602,-0.397832,2.887934,0.1425428,-0.003816532,-0.141967,0.9898641,25,5.7,-11.91045,100.401,26,-5.7,-30.0564,229.5162
36.41083,NaN,NaN,NaN,-0.1604185,2.919263,0.1373684,0.002026213,-0.02548501,0.02815229,0.9992766,-0.2488648,2.887934,0.1425428,-0.003816532,-0.141967,0.9898641,25,5.7,-11.67397,98.71835,26,-5.7,-29.81993,227.8335
36.43494,NaN,NaN,NaN,0.1776374,2.931465,0.1356919,0.003178796,-0.02411427,0.02725883,0.9993325,0.09286766,2.902915,0.1401159,-0.003610659,-0.1405422,0.9900681,25,5.7,-11.35582,96.45461,26,-5.7,-29.50178,225.5698
36.45276,NaN,NaN,NaN,0.3515239,2.937049,0.134877,0.004025778,-0.02369858,0.027959,0.99932,0.2474334,2.902915,0.1401159,-0.003610659,-0.1405422,0.9900681,25,5.7,-11.12022,94.77824,26,-5.7,-29.26618,223.8934
36.47644,NaN,NaN,NaN,0.7039905,2.948509,0.1334831,0.005432296,-0.02329638,0.02980744,0.9992694,0.6040763,2.917332,0.1377826,-0.01186192,-0.1362633,0.9906016,25,5.7,-10.80648,92.5458,26,-5.7,-28.95243,221.661
36.49469,NaN,NaN,NaN,0.8845576,2.953915,0.1329192,0.006540481,-0.02337662,0.0307695,0.9992318,0.8096867,2.931335,0.1356753,-0.01935333,-0.1379113,0.9902555,25,5.7,-10.56539,90.83041,26,-5.7,-28.71135,219.9456
36.51819,NaN,NaN,NaN,1.250379,2.964583,0.1319159,0.007801552,-0.02379916,0.03302122,0.9991408,1.134861,2.931335,0.1356753,-0.01935333,-0.1379113,0.9902555,25,5.7,-10.25468,88.61959,26,-5.7,-28.40064,217.7348
36.53601,NaN,NaN,NaN,1.4371,2.969394,0.1315656,0.009032206,-0.02402134,0.03394278,0.9990943,1.347471,2.944999,0.1339172,-0.02001213,-0.1394246,0.9900305,25,5.7,-10.01881,86.94127,26,-5.7,-28.16476,216.0565
36.55988,NaN,NaN,NaN,1.814385,2.977286,0.1303287,0.01140483,-0.02422843,0.0361794,0.9989865,1.730883,2.95811,0.1325556,-0.02514482,-0.1431758,0.9893779,25,5.7,-9.703258,84.696,26,-5.7,-27.84921,213.8112
36.57806,NaN,NaN,NaN,2.00841,2.97994,0.1298913,0.01133666,-0.02380355,0.03660398,0.998982,1.90335,2.95811,0.1325556,-0.02514482,-0.1431758,0.9893779,25,5.7,-9.463478,82.98988,26,-5.7,-27.60943,212.1051
36.60175,-7.731623,-46.59793,331.9207,2.39302,2.986174,0.1292942,0.01356422,-0.02221784,0.03743129,0.9989601,2.294595,2.969279,0.1312635,-0.0298736,-0.1476879,0.9885828,25,5.7,-9.150301,80.76151,26,-5.7,-27.29626,209.8767
36.61981,-7.557002,-46.59793,331.9207,2.589469,2.988086,0.1289681,0.01259105,-0.02151135,0.03926169,0.9989181,2.469216,2.969279,0.1312635,-0.0298736,-0.1476879,0.9885828,25,5.7,-8.910973,79.0586,26,-5.7,-27.05693,208.1738
36.64349,-3.678567,-30.1591,214.9524,2.982969,2.990731,0.1286771,0.01245973,-0.01973528,0.04098541,0.9988871,2.869506,2.978117,0.1301008,-0.03011139,-0.1523819,0.9878629,25,5.7,-8.59832,76.83397,26,-5.7,-26.74428,205.9492
36.66162,-6.128468,-41.28908,294.1462,3.181681,2.99125,0.1285899,0.01261523,-0.01857116,0.04200986,0.9988649,3.097666,2.984737,0.1292071,-0.03101483,-0.1488321,0.988376,25,5.7,-8.35833,75.12635,26,-5.7,-26.50429,204.2416
36.68524,-5.775194,-41.28907,294.1462,3.579114,2.991285,0.1286604,0.01429967,-0.01743735,0.0453106,0.9987184,3.45094,2.984737,0.1292071,-0.03101483,-0.1488321,0.988376,25,5.7,-8.045983,72.90389,26,-5.7,-26.19194,202.0191
36.70343,-5.125558,-37.68847,268.5266,3.777955,2.991893,0.1290952,0.01556857,-0.01703512,0.0450966,0.9987161,3.679914,2.988719,0.1287075,-0.03242005,-0.1497656,0.9881898,25,5.7,-7.806002,71.19634,26,-5.7,-25.95196,200.3116
36.72705,-5.728746,-46.001,327.6733,4.172319,2.99018,0.130652,0.01789929,-0.01797368,0.04439375,0.998692,4.083098,2.990331,0.1287317,-0.02961319,-0.1478611,0.9885647,25,5.7,-7.49337,68.97185,26,-5.7,-25.63933,198.0871
36.74518,-5.55581,-46.00094,327.6729,4.366855,2.990151,0.1319048,0.01696391,-0.02074762,0.04449697,0.99865,4.25602,2.990331,0.1287317,-0.02961319,-0.1478611,0.9885647,25,5.7,-7.253814,67.26732,26,-5.7,-25.39977,196.3825
36.7688,-5.37996,-36.4237,259.5273,4.753412,2.986604,0.13423,0.01351689,-0.02632232,0.0413237,0.9987075,4.652347,2.990041,0.1295656,-0.03820859,-0.1501094,0.9879308,25,5.7,-6.941303,65.04369,26,-5.7,-25.08726,194.1589
36.78741,-5.209226,-36.4237,259.5273,4.945488,2.983496,0.135353,0.01396052,-0.02948892,0.03997283,0.998668,4.823081,2.990041,0.1295656,-0.03820859,-0.1501094,0.9879308,25,5.7,-6.694918,63.29057,26,-5.7,-24.84088,192.4058
36.81049,-7.221136,-37.63858,268.1717,5.327382,2.977769,0.1381261,0.01657372,-0.03314753,0.03480972,0.9987066,5.214592,2.988559,0.1315283,-0.0458229,-0.1497021,0.9876688,25,5.7,-6.390285,61.12299,26,-5.7,-24.53624,190.2382
36.82874,-9.873411,-37.70706,268.6589,5.518868,2.974639,0.1396965,0.017425,-0.03397639,0.03169077,0.9987682,5.436375,2.984487,0.1343054,-0.05628153,-0.1495895,0.9871451,25,5.7,-6.149175,59.40741,26,-5.7,-24.29513,188.5226
36.85242,-9.536953,-37.70701,268.6586,5.897359,2.967037,0.1432758,0.01824516,-0.03628962,0.02973421,0.9987323,5.772811,2.984487,0.1343054,-0.05628153,-0.1495895,0.9871451,25,5.7,-5.835759,57.17734,26,-5.7,-23.98172,186.2926
36.87048,-6.693792,-30.97453,220.7545,6.081875,2.963044,0.1452659,0.01876206,-0.03767074,0.03032878,0.9986537,5.987897,2.978156,0.1375544,-0.05672248,-0.1518631,0.9867726,25,5.7,-5.59667,55.47614,26,-5.7,-23.74263,184.5914
36.89423,-7.748354,-33.9448,241.8891,6.446733,2.954082,0.1491836,0.01852522,-0.04030836,0.02960881,0.9985768,6.36274,2.96999,0.1413959,-0.05760648,-0.1506993,0.9868998,25,5.7,-5.283165,53.24543,26,-5.7,-23.42912,182.3606
36.91229,-7.592998,-33.9448,241.8891,6.62151,2.950263,0.1512636,0.01868605,-0.03993228,0.02668345,0.9986713,6.518096,2.96999,0.1413959,-0.05760648,-0.1506993,0.9868998,25,5.7,-5.04456,51.54767,26,-5.7,-23.19052,180.6629
36.93585,NaN,NaN,NaN,6.964504,2.941254,0.1549514,0.0206592,-0.03892452,0.02121122,0.9988034,6.872426,2.960476,0.1458157,-0.06047366,-0.1430975,0.9878593,25,5.7,-4.73297,49.33059,26,-5.7,-22.87893,178.4458
36.9541,NaN,NaN,NaN,7.128535,2.936201,0.1566638,0.02176712,-0.03804505,0.01945507,0.9988496,7.018231,2.960476,0.1458157,-0.06047366,-0.1430975,0.9878593,25,5.7,-4.491623,47.61332,26,-5.7,-22.63758,176.7285
36.97772,NaN,NaN,NaN,7.443461,2.926428,0.16005,0.02201596,-0.03573654,0.01470014,0.9990106,7.345962,2.950418,0.1505216,-0.02366273,-0.139744,0.9899049,25,5.7,-4.179459,45.39215,26,-5.7,-22.32542,174.5074
36.99561,NaN,NaN,NaN,7.59253,2.920811,0.1613373,0.02220177,-0.03401036,0.01226609,0.9990996,7.523975,2.939469,0.1550004,-0.0213825,-0.1384557,0.9901378,25,5.7,-3.942764,43.70799,26,-5.7,-22.08873,172.8232
37.01929,NaN,NaN,NaN,7.874878,2.909222,0.1637206,0.02486011,-0.03092898,0.008185424,0.9991789,7.774951,2.939469,0.1550004,-0.0213825,-0.1384557,0.9901378,25,5.7,-3.629418,41.47842,26,-5.7,-21.77538,170.5936
37.03705,NaN,NaN,NaN,8.000303,2.903912,0.1648034,0.02582224,-0.02943723,0.005600221,0.9992173,7.929179,2.927654,0.159104,-0.02000261,-0.1381186,0.9902137,25,5.7,-3.394777,39.80886,26,-5.7,-21.54074,168.9241
37.06104,NaN,NaN,NaN,8.237974,2.89418,0.1674445,0.02423247,-0.02710428,0.0007244532,0.9993386,8.179737,2.91473,0.1624529,-0.01940601,-0.1420735,0.9896659,25,5.7,-3.077228,37.54938,26,-5.7,-21.22319,166.6646
37.0788,NaN,NaN,NaN,8.344488,2.89012,0.1690383,0.02092557,-0.02615973,-9.771262E-05,0.9994388,8.274417,2.91473,0.1624529,-0.01940601,-0.1420735,0.9896659,25,5.7,-2.842642,35.88021,26,-5.7,-20.9886,164.9954
37.10278,NaN,NaN,NaN,8.542233,2.879674,0.1714001,0.01518138,-0.02404576,-0.002346999,0.9995928,8.485229,2.901973,0.1653849,-0.02171949,-0.1420764,0.9896173,25,5.7,-2.525281,33.62208,26,-5.7,-20.67124,162.7373
37.12097,NaN,NaN,NaN,8.6294,2.874536,0.1725047,0.01304026,-0.02272553,-0.003063373,0.999652,8.562712,2.901973,0.1653849,-0.02171949,-0.1420764,0.9896173,25,5.7,-2.28496,31.9121,26,-5.7,-20.43092,161.0273
37.14453,NaN,NaN,NaN,8.788688,2.865129,0.1748846,0.009812245,-0.02031345,-0.004803124,0.999734,8.734884,2.890124,0.1684225,-0.0267524,-0.135303,0.9904431,25,5.7,-1.973912,29.69888,26,-5.7,-20.11987,158.8141
37.16241,NaN,NaN,NaN,8.857321,2.860603,0.1762334,0.008783791,-0.01890689,-0.007777183,0.9997524,8.822197,2.878308,0.1713387,-0.02804463,-0.134155,0.9905635,25,5.7,-1.737096,28.01385,26,-5.7,-19.88306,157.1291
37.18665,NaN,NaN,NaN,8.977801,2.851425,0.178932,0.007258283,-0.01628843,-0.01734823,0.9996905,8.929291,2.878308,0.1713387,-0.02804463,-0.134155,0.9905635,25,5.7,-1.417067,25.73672,26,-5.7,-19.56303,154.8519
37.20422,NaN,NaN,NaN,9.026607,2.847327,0.1805975,0.006047082,-0.01639039,-0.01998119,0.9996478,8.995022,2.866755,0.174325,-0.0333369,-0.1311211,0.9908056,25,5.7,-1.184197,24.07977,26,-5.7,-19.33016,153.195
37.22809,NaN,NaN,NaN,9.111135,2.839842,0.1840481,0.003264066,-0.01631151,-0.02094798,0.9996423,9.088398,2.855692,0.1775131,-0.03165367,-0.1330206,0.9906077,25,5.7,-0.8684958,21.83344,26,-5.7,-19.01446,150.9486
37.24609,NaN,NaN,NaN,9.14169,2.836056,0.1856754,0.002789286,-0.01528699,-0.02050944,0.999669,9.115558,2.855692,0.1775131,-0.03165367,-0.1330206,0.9906077,25,5.7,-0.6307541,20.14182,26,-5.7,-18.77672,149.257
37.26984,NaN,NaN,NaN,9.190748,2.828809,0.1887306,0.003869726,-0.01160059,-0.02264042,0.9996689,9.173245,2.845636,0.1812632,-0.03501181,-0.1369067,0.989965,25,5.7,-0.3168136,17.90801,26,-5.7,-18.46278,147.0232
37.28857,NaN,NaN,NaN,9.205512,2.825712,0.1900959,0.004227633,-0.009183422,-0.02153894,0.9997169,9.186369,2.845636,0.1812632,-0.03501181,-0.1369067,0.989965,25,5.7,-0.06942458,16.14775,26,-5.7,-18.21539,145.263
37.31158,NaN,NaN,NaN,9.222235,2.820451,0.1926636,0.00445883,-0.005040053,-0.01834985,0.999809,9.211492,2.836369,0.1851205,-0.03374973,-0.1443532,0.9889505,25,5.7,0.2352947,13.97956,26,-5.7,-17.91067,143.0948
37.32965,NaN,NaN,NaN,9.219941,2.818203,0.1936884,0.004878656,-0.003642716,-0.01586773,0.9998556,9.216141,2.828001,0.1887095,-0.02600054,-0.1454146,0.9890291,25,5.7,0.4736815,12.28335,26,-5.7,-17.67228,141.3985
37.35394,NaN,NaN,NaN,9.200303,2.814427,0.1954388,0.006468744,-0.001575716,-0.01249417,0.9998998,9.198685,2.828001,0.1887095,-0.02600054,-0.1454146,0.9890291,25,5.7,0.7946974,9.9992,26,-5.7,-17.35127,139.1144
37.37146,2.709476,-51.81762,369.0609,9.179026,2.81265,0.1959696,0.008448134,-0.0005416722,-0.01296497,0.9998802,9.182934,2.82108,0.1918792,-0.01735745,-0.1465041,0.9890578,25,5.7,1.026571,8.349331,26,-5.7,-17.11939,137.4645
37.3952,6.052944,-41.97089,298.9977,9.124873,2.809967,0.1963906,0.01177708,0.002161108,-0.01333663,0.9998394,9.13422,2.815531,0.1944948,-0.01019762,-0.1482225,0.9889015,25,5.7,1.340676,6.114357,26,-5.7,-16.80529,135.2296
37.41339,6.016949,-41.97089,298.9977,9.08438,2.808818,0.1960623,0.0128195,0.003080868,-0.01341091,0.9998232,9.098227,2.815531,0.1944948,-0.01019762,-0.1482225,0.9889015,25,5.7,1.580997,4.404384,26,-5.7,-16.56497,133.5196
37.43689,5.762036,-33.18594,236.4896,8.987916,2.807578,0.1953987,0.01381596,0.004288249,-0.01511113,0.9997813,9.008062,2.81136,0.1958972,-0.01357932,-0.1505899,0.988503,25,5.7,1.892092,2.190832,26,-5.7,-16.25387,131.306
37.45618,5.708189,-33.18585,236.4889,8.927325,2.808209,0.1950714,0.01185879,0.004271183,-0.01669058,0.9997813,8.954205,2.81136,0.1958972,-0.01357932,-0.1505899,0.988503,25,5.7,2.146734,0.3789576,26,-5.7,-15.99923,129.4942
37.47864,6.086015,-42.87802,305.4524,8.788853,2.811136,0.1945162,0.01005796,0.005272958,-0.0206425,0.9997224,8.822727,2.808345,0.1960914,-0.0088662,-0.1480112,0.988946,26,-5.7,-15.70192,127.3787,27,0.7,-33.79437,256.1133
37.49701,6.332021,-46.80259,333.3771,8.705871,2.814305,0.194613,0.008244254,0.006357539,-0.02332859,0.9996736,8.736366,2.80739,0.1957065,-0.007137462,-0.1472705,0.9890705,26,-5.7,-15.45967,125.655,27,0.7,-33.55212,254.3896
37.521,6.168299,-46.80252,333.3766,8.52168,2.82132,0.1937619,0.005744366,0.009590264,-0.0304089,0.9994751,8.572641,2.80739,0.1957065,-0.007137462,-0.1472705,0.9890705,26,-5.7,-15.14212,123.3955,27,0.7,-33.23457,252.1301
37.53857,NaN,NaN,NaN,8.417627,2.825303,0.1928981,0.00649672,0.01187506,-0.03354283,0.9993457,8.463049,2.809928,0.1952196,-0.01318787,-0.1434662,0.9895673,26,-5.7,-14.90963,121.7413,27,0.7,-33.00208,250.4759
37.56226,NaN,NaN,NaN,8.193298,2.834165,0.1908469,0.008049588,0.01614918,-0.03729702,0.9991413,8.241679,2.816223,0.1942279,-0.01075093,-0.1424169,0.9897484,26,-5.7,-14.5969,119.5161,27,0.7,-32.68935,248.2507
37.58038,NaN,NaN,NaN,8.065535,2.839513,0.1896369,0.009586269,0.01810078,-0.03854656,0.9990469,8.128111,2.816223,0.1942279,-0.01075093,-0.1424169,0.9897484,26,-5.7,-14.35683,117.8079,27,0.7,-32.44928,246.5425
37.60406,NaN,NaN,NaN,7.796861,2.850863,0.1873076,0.01034594,0.02097721,-0.03957155,0.998943,7.862832,2.825206,0.1925488,-0.007534036,-0.1457554,0.989292,26,-5.7,-14.0443,115.5841,27,0.7,-32.13675,244.3187
37.62299,NaN,NaN,NaN,7.649306,2.856759,0.1861012,0.009169676,0.02157276,-0.03899503,0.9989644,7.731671,2.825206,0.1925488,-0.007534036,-0.1457554,0.989292,26,-5.7,-13.79407,113.8037,27,0.7,-31.88652,242.5383
37.64575,5.267011,-30.16915,215.024,7.335486,2.868487,0.1830038,0.008448074,0.02382068,-0.04100455,0.9988393,7.421945,2.836567,0.1903381,-0.009913905,-0.1518447,0.9883546,26,-5.7,-13.49272,111.6594,27,0.7,-31.58517,240.394
37.66418,6.385063,-19.78742,141.1541,7.165827,2.874157,0.1813258,0.007827004,0.02536196,-0.04272497,0.9987342,7.235363,2.849747,0.1874415,-0.005955533,-0.1585511,0.9873328,26,-5.7,-13.24937,109.9279,27,0.7,-31.34182,238.6625
37.68805,6.077452,-19.78743,141.1542,6.819765,2.885367,0.1777233,0.008749492,0.02689908,-0.04365861,0.998646,6.927753,2.849747,0.1874415,-0.005955533,-0.1585511,0.9873328,26,-5.7,-12.93352,107.6805,27,0.7,-31.02596,236.4151
37.70593,6.358333,-26.78364,190.9348,6.634808,2.891091,0.1758574,0.008366367,0.02742176,-0.04333492,0.9986491,6.722998,2.863583,0.183921,-0.001889061,-0.1535796,0.9881345,26,-5.7,-12.69672,105.9956,27,0.7,-30.78917,234.7302
37.72937,5.378822,-22.32087,159.1806,6.252702,2.902464,0.1725241,0.007443201,0.02738557,-0.04247974,0.9986942,6.339061,2.877337,0.1799283,-0.005964675,-0.1565225,0.9876564,26,-5.7,-12.38729,103.7939,27,0.7,-30.47974,232.5285
37.74744,5.199836,-22.32089,159.1807,6.051343,2.908084,0.1709248,0.007650562,0.02680374,-0.04327254,0.9986744,6.160075,2.877337,0.1799283,-0.005964675,-0.1565225,0.9876564,26,-5.7,-12.14839,102.094,27,0.7,-30.24083,230.8286
37.77106,0.4469743,-35.08889,250.0298,5.63928,2.919499,0.1674855,0.009198136,0.02651797,-0.0460477,0.9985449,5.745844,2.891089,0.1759264,-0.02096241,-0.1502494,0.9884259,26,-5.7,-11.83571,99.8692,27,0.7,-29.92816,228.6038
37.78986,0.2563443,-35.08894,250.0302,5.42483,2.925228,0.165828,0.01028093,0.02604325,-0.04739079,0.998484,5.555222,2.891089,0.1759264,-0.02096241,-0.1502494,0.9884259,26,-5.7,-11.58774,98.1048,27,0.7,-29.68019,226.8394
37.81323,-0.4133297,-34.0479,242.6228,4.989256,2.936601,0.1625321,0.01221613,0.02511957,-0.04950158,0.9983834,5.116484,2.904661,0.1717372,-0.02254185,-0.1506342,0.9883326,26,-5.7,-11.2788,95.90652,27,0.7,-29.37124,224.6411
37.83105,-0.3528805,-29.06896,207.1958,4.764489,2.941845,0.1608178,0.01315529,0.02464063,-0.05011323,0.9983529,4.862044,2.918264,0.1676276,-0.02488635,-0.1526475,0.9879673,26,-5.7,-11.04267,94.22639,27,0.7,-29.13511,222.961
37.85559,-0.7550026,-29.06896,207.1958,4.312103,2.952661,0.1573783,0.01488023,0.02391123,-0.05168828,0.9982661,4.459922,2.918264,0.1676276,-0.02488635,-0.1526475,0.9879673,26,-5.7,-10.71876,91.92168,27,0.7,-28.81121,220.6563
37.87268,-2.661024,-36.51351,260.1666,4.080101,2.957577,0.1557015,0.01520496,0.02390781,-0.05292566,0.9981965,4.196598,2.931901,0.1634961,-0.02606791,-0.149944,0.9883508,26,-5.7,-10.49217,90.3094,27,0.7,-28.58462,219.044
37.89648,-2.15989,-28.05651,199.9918,3.612811,2.966509,0.1523986,0.0157807,0.02412291,-0.0545809,0.9980932,3.721915,2.944967,0.1594344,-0.02907346,-0.1532388,0.9877614,26,-5.7,-10.17745,88.07007,27,0.7,-28.2699,216.8047
37.91431,-2.369751,-28.05649,199.9917,3.376713,2.97075,0.1507943,0.01740036,0.02449706,-0.05562691,0.9979994,3.51205,2.944967,0.1594344,-0.02907346,-0.1532388,0.9877614,26,-5.7,-9.942398,86.39756,27,0.7,-28.03484,215.1322
37.93823,-12.85,-24.96362,181.423,2.901984,2.976759,0.1473157,0.01744759,0.02591629,-0.05686088,0.9978932,3.028934,2.956871,0.1554745,-0.08625573,-0.1516665,0.984661,26,-5.7,-9.625534,84.14295,27,0.7,-27.71798,212.8776
37.95685,-12.85,-24.58771,178.9825,2.66147,2.979688,0.1456846,0.01803933,0.02682135,-0.05752491,0.9978207,2.815143,2.956871,0.1554745,-0.08625573,-0.1516665,0.984661,26,-5.7,-9.379989,82.39581,27,0.7,-27.47243,211.1304
37.98004,-11.81116,-22.24136,158.6149,2.180159,2.984842,0.1423723,0.01744966,0.02746777,-0.05773963,0.9978012,2.324996,2.967057,0.1514552,-0.08775999,-0.1564988,0.9837715,26,-5.7,-9.073322,80.21376,27,0.7,-27.16577,208.9484
37.9978,-12.73222,-23.84143,170,1.937024,2.98703,0.1409492,0.01784504,0.02756439,-0.05781484,0.9977872,2.045779,2.975443,0.1471655,-0.08562459,-0.1553786,0.9841372,26,-5.7,-8.838256,78.54118,27,0.7,-26.9307,207.2758
38.02228,-12.85,-23.27746,166.4279,1.454883,2.989339,0.1376394,0.0201658,0.02816167,-0.05774475,0.9977304,1.617209,2.975443,0.1471655,-0.08562459,-0.1553786,0.9841372,26,-5.7,-8.514545,76.23785,27,0.7,-26.60699,204.9725
38.03949,-12.38887,-22.50241,160.4723,1.213705,2.98999,0.1361234,0.0223733,0.02910018,-0.05775148,0.997656,1.338907,2.982061,0.1434158,-0.08426031,-0.1564222,0.9840896,26,-5.7,-8.287341,74.62121,27,0.7,-26.37978,203.3559
38.06348,-10.48191,-19.21766,137.1001,0.7324328,2.991879,0.1336472,0.02390566,0.0303763,-0.05771339,0.9975846,0.8468762,2.986537,0.1396874,-0.08137891,-0.159501,0.9838378,26,-5.7,-7.96948,72.3595,27,0.7,-26.06192,201.0941
38.0813,-10.69642,-19.21767,137.1002,0.4911258,2.992848,0.1325802,0.02463478,0.03031518,-0.05720804,0.9975978,0.6323811,2.986537,0.1396874,-0.08137891,-0.159501,0.9838378,26,-5.7,-7.73395,70.68362,27,0.7,-25.82639,199.4183
38.10522,-9.049956,-16.47892,117.613,0.01093107,2.990885,0.1296569,0.02390337,0.03051889,-0.05764196,0.9975844,0.1413059,2.98932,0.1359797,-0.0769572,-0.163005,0.9836193,26,-5.7,-7.4178,68.4341,27,0.7,-25.51024,197.1687
38.12366,-9.260684,-16.47892,117.613,-0.2261381,2.989987,0.1284839,0.02378307,0.03026104,-0.05760897,0.9975971,-0.06942225,2.98932,0.1359797,-0.0769572,-0.163005,0.9836193,26,-5.7,-7.174508,66.703,27,0.7,-25.26695,195.4376
38.14709,-9.09584,-16.33151,116.5641,-0.6983665,2.987649,0.1265261,0.0264338,0.02952095,-0.05780667,0.9975411,-0.553311,2.990606,0.1325419,-0.07219077,-0.1632864,0.9839339,26,-5.7,-6.863938,64.49317,27,0.7,-24.95638,193.2278
38.16479,-9.767508,-17.34507,123.7759,-0.9301045,2.986977,0.1258513,0.02754476,0.0277623,-0.05677869,0.9976206,-0.8230164,2.989778,0.1297361,-0.07119936,-0.1618682,0.9842405,26,-5.7,-6.630495,62.83214,27,0.7,-24.72294,191.5668
38.18939,-10.17891,-17.34508,123.776,-1.392924,2.983292,0.1243575,0.02856306,0.02464216,-0.05579495,0.9977294,-1.234412,2.989778,0.1297361,-0.07119936,-0.1618682,0.9842405,26,-5.7,-6.304661,60.51371,27,0.7,-24.39711,189.2484
38.20667,-11.0293,-17.91886,127.8586,-1.618862,2.981426,0.1237354,0.02847172,0.023512,-0.05666459,0.9977102,-1.498229,2.987558,0.127273,-0.07343937,-0.1610894,0.9842037,26,-5.7,-6.077018,58.89394,27,0.7,-24.16946,187.6286
38.23053,-21.65129,-27.24247,194.1996,-2.064075,2.975904,0.1227096,0.02781756,0.02163948,-0.0559778,0.9978098,-1.955886,2.984433,0.1250573,-0.09977441,-0.1531256,0.983157,26,-5.7,-5.760821,56.64409,27,0.7,-23.85327,185.3787
38.24829,-21.84633,-27.24243,194.1993,-2.283519,2.97319,0.1224585,0.02799954,0.02106851,-0.05505725,0.9978681,-2.150947,2.984433,0.1250573,-0.09977441,-0.1531256,0.983157,26,-5.7,-5.526521,54.97695,27,0.7,-23.61897,183.7116
38.27228,-22.96257,-26.87148,191.5599,-2.716063,2.969198,0.1225888,0.02797444,0.01957973,-0.05473301,0.997917,-2.596146,2.979767,0.1235459,-0.1045411,-0.1532269,0.9826458,26,-5.7,-5.208915,52.71707,27,0.7,-23.30136,181.4517
38.29059,-23.15092,-26.87149,191.56,-2.927944,2.965567,0.1222902,0.02661843,0.01883155,-0.05461795,0.9979749,-2.784485,2.979767,0.1235459,-0.1045411,-0.1532269,0.9826458,26,-5.7,-4.967127,50.99666,27,0.7,-23.05957,179.7313
38.31403,-22.2974,-27.04137,192.7688,-3.342659,2.959215,0.1222579,0.0261851,0.0171894,-0.05382489,0.998059,-3.212392,2.973945,0.1226979,-0.09742105,-0.1532158,0.9833789,26,-5.7,-4.657219,48.79155,27,0.7,-22.74966,177.5262
38.33191,-21.98052,-26.61958,189.7675,-3.549042,2.955646,0.122325,0.02711444,0.01620797,-0.05346783,0.9980698,-3.453586,2.967588,0.1223816,-0.09607837,-0.1534354,0.9834768,26,-5.7,-4.420837,47.10961,27,0.7,-22.51328,175.8443
38.35657,-22.33564,-26.61961,189.7678,-3.94853,2.9498,0.1225944,0.02845,0.01274404,-0.05044644,0.9982402,-3.808687,2.967588,0.1223816,-0.09607837,-0.1534354,0.9834768,26,-5.7,-4.094363,44.78662,27,0.7,-22.18681,173.5213
38.37366,-20.40879,-24.95411,177.9171,-4.142783,2.946429,0.1228222,0.02731491,0.01031114,-0.0490241,0.9983708,-4.037611,2.960233,0.1223123,-0.09059068,-0.1544654,0.9838362,26,-5.7,-3.868669,43.18073,27,0.7,-21.96111,171.9154
38.39764,-20.74096,-23.25455,165.8241,-4.525877,2.938273,0.1233317,0.02656244,0.005927213,-0.04794987,0.9984789,-4.432259,2.952771,0.1224484,-0.09675756,-0.1554849,0.9830882,26,-5.7,-3.551952,40.92717,27,0.7,-21.6444,169.6618
38.41559,-20.90528,-23.25456,165.8241,-4.710727,2.934742,0.1235518,0.02531356,0.003351767,-0.0467512,0.9985802,-4.59657,2.952771,0.1224484,-0.09675756,-0.1554849,0.9830882,26,-5.7,-3.314079,39.23461,27,0.7,-21.40652,167.9693
38.43927,NaN,NaN,NaN,-5.072397,2.92615,0.1241094,0.02273826,-0.001237687,-0.04481505,0.9987357,-4.970425,2.944566,0.1228135,-0.09828848,-0.1359478,0.9858284,26,-5.7,-3.000937,37.0065,27,0.7,-21.09338,165.7411
38.45752,NaN,NaN,NaN,-5.24656,2.921591,0.1243511,0.02140012,-0.003882416,-0.04262126,0.9988546,-5.125237,2.944566,0.1228135,-0.09828848,-0.1359478,0.9858284,26,-5.7,-2.759977,35.29197,27,0.7,-20.85242,164.0266
38.4812,-23.77145,-21.70726,184.1348,-5.582667,2.912298,0.1251499,0.01865971,-0.009091504,-0.03997442,0.9989851,-5.474575,2.935539,0.1232393,-0.09807827,-0.1320949,0.9863729,26,-5.7,-2.446913,33.0644,27,0.7,-20.53936,161.799
38.49902,-24.24025,-20.81468,182.2494,-5.740081,2.907432,0.1256291,0.01741504,-0.0117036,-0.03886594,0.9990242,-5.662792,2.925554,0.1238886,-0.1006344,-0.1286013,0.9865771,26,-5.7,-2.211604,31.39009,27,0.7,-20.30405,160.1247
38.52301,-24.33623,-20.59507,180.5647,-6.041397,2.897438,0.1261821,0.01657498,-0.0153555,-0.03771428,0.9990331,-5.930628,2.925554,0.1238886,-0.1006344,-0.1286013,0.9865771,26,-5.7,-1.893791,29.12874,27,0.7,-19.98623,157.8634
38.54077,-23.51797,-19.71489,178.513,-6.177338,2.892015,0.1260325,0.01835554,-0.01607656,-0.03643138,0.9990382,-6.097008,2.914738,0.12485,-0.09642973,-0.1252611,0.9874265,26,-5.7,-1.658919,27.45753,27,0.7,-19.75136,156.1922
38.56476,-22.89247,-20.03871,176.3405,-6.430469,2.881714,0.1257555,0.02270008,-0.01671429,-0.030752,0.9991294,-6.364199,2.903152,0.1256784,-0.09261142,-0.1285482,0.9873695,26,-5.7,-1.342139,25.20353,27,0.7,-19.43458,153.9382
38.58258,-22.77406,-19.7361,174.0162,-6.542525,2.876587,0.1255327,0.02206836,-0.01650191,-0.02643215,0.9992708,-6.463805,2.903152,0.1256784,-0.09261142,-0.1285482,0.9873695,26,-5.7,-1.106691,23.52823,27,0.7,-19.19913,152.2629
38.60651,-22.96596,-20.4985,173.9346,-6.75653,2.86751,0.1251948,0.02054909,-0.01361353,-0.02766174,0.9993134,-6.691944,2.890839,0.1259631,-0.09239835,-0.1327969,0.986827,26,-5.7,-0.790305,21.27703,27,0.7,-18.88275,150.0117
38.62421,-22.84184,-20.20347,171.7422,-6.847832,2.862688,0.1247095,0.01915332,-0.01374773,-0.02785996,0.9993339,-6.773101,2.890839,0.1259631,-0.09239835,-0.1327969,0.986827,26,-5.7,-0.5560141,19.60996,27,0.7,-18.64846,148.3446
38.64825,-21.96991,-19.56898,168.0995,-7.016595,2.853717,0.1233932,0.02004187,-0.017274,-0.023167,0.9993815,-6.956343,2.878744,0.1257296,-0.08824723,-0.1319439,0.9873212,26,-5.7,-0.2382987,17.3493,27,0.7,-18.33074,146.084
38.66608,-22.59388,-29.87422,245.2585,-7.089029,2.849942,0.1227992,0.02074235,-0.02165947,-0.02080766,0.9993337,-7.049324,2.86725,0.1251061,-0.06273067,-0.1321295,0.9892455,26,-5.7,-0.002632588,15.67245,27,0.7,-18.09508,144.4071
38.69,-22.60055,-29.65087,243.5863,-7.215829,2.842788,0.1216274,0.01969248,-0.02827897,-0.02050549,0.9991957,-7.162035,2.86725,0.1251061,-0.06273067,-0.1321295,0.9892455,26,-5.7,0.3141237,13.41861,27,0.7,-17.77832,142.1533
38.70764,NaN,NaN,NaN,-7.261335,2.839573,0.1209635,0.01824851,-0.03089517,-0.02086412,0.9991382,-7.226569,2.856404,0.1239965,-0.003351179,-0.1296321,0.9915565,26,-5.7,0.54693,11.76211,27,0.7,-17.54551,140.4967
38.73175,NaN,NaN,NaN,-7.329949,2.834146,0.1188405,0.01918555,-0.03537732,-0.01611954,0.9990599,-7.30726,2.846803,0.1229482,-0.009468073,-0.1282957,0.9916908,26,-5.7,0.8655682,9.494877,27,0.7,-17.22688,138.2295
38.74951,NaN,NaN,NaN,-7.350236,2.831519,0.1172974,0.02144718,-0.03687039,-0.01460307,0.9989831,-7.325293,2.846803,0.1229482,-0.009468073,-0.1282957,0.9916908,26,-5.7,1.100163,7.825649,27,0.7,-16.99228,136.5603
38.77362,NaN,NaN,NaN,-7.37422,2.82789,0.11465,0.02285541,-0.04019754,-0.01402929,0.9988318,-7.360813,2.838851,0.1209029,-0.01369795,-0.1270254,0.9918049,26,-5.7,1.419377,5.554325,27,0.7,-16.67307,134.289
38.79126,NaN,NaN,NaN,-7.371088,2.826999,0.1136112,0.02043508,-0.04164541,-0.0145839,0.998817,-7.358029,2.838851,0.1209029,-0.01369795,-0.1270254,0.9918049,26,-5.7,1.652128,3.89821,27,0.7,-16.44032,132.6329
38.81549,NaN,NaN,NaN,-7.350257,2.825341,0.1115403,0.014376,-0.04386368,-0.01616724,0.9988033,-7.348334,2.832222,0.1181217,-0.01357356,-0.1250521,0.9920573,26,-5.7,1.972632,1.617707,27,0.7,-16.11981,130.3524
38.83319,NaN,NaN,NaN,-7.328619,2.824797,0.1103562,0.0103415,-0.04495203,-0.01593778,0.9988085,-7.332899,2.827656,0.1153505,-0.009480657,-0.1235901,0.9922881,26,-5.7,2.206537,-0.04661024,27,0.7,-15.88591,128.688
38.85724,NaN,NaN,NaN,-7.26634,2.824232,0.108061,0.0034779,-0.04776187,-0.01445416,0.9987481,-7.277541,2.827656,0.1153505,-0.009480657,-0.1235901,0.9922881,27,0.7,-15.56733,126.4212,28,-5.7,-33.65982,255.1558
38.87482,NaN,NaN,NaN,-7.22192,2.823687,0.1069136,0.0009926083,-0.04826503,-0.01457428,0.9987277,-7.236994,2.824966,0.1125404,0.01499656,-0.1139353,0.993375,27,0.7,-15.33487,124.7672,28,-5.7,-33.42737,253.5018
38.89899,NaN,NaN,NaN,-7.117942,2.822804,0.1046349,-0.00289342,-0.04887332,-0.01351926,0.9987093,-7.139004,2.823524,0.1097375,0.01264878,-0.1144178,0.9933522,27,0.7,-15.0159,122.4976,28,-5.7,-33.1084,251.2322
38.91644,NaN,NaN,NaN,-7.055705,2.822598,0.1037866,-0.004097268,-0.0490613,-0.01167066,0.9987192,-7.083683,2.823524,0.1097375,0.01264878,-0.1144178,0.9933522,27,0.7,-14.78445,120.8507,28,-5.7,-32.87694,249.5853
38.94067,NaN,NaN,NaN,-6.916136,2.823178,0.1026649,-0.007356792,-0.04979296,-0.009627418,0.9986861,-6.949645,2.822506,0.1071185,0.01395204,-0.1186634,0.9928365,27,0.7,-14.46443,118.5737,28,-5.7,-32.55693,247.3083
38.95825,NaN,NaN,NaN,-6.832337,2.823989,0.1021261,-0.009296138,-0.04973008,-0.009087915,0.9986781,-6.875157,2.822506,0.1071185,0.01395204,-0.1186634,0.9928365,27,0.7,-14.23212,116.9207,28,-5.7,-32.32462,245.6553
38.9823,NaN,NaN,NaN,-6.650052,2.82707,0.1016033,-0.01249704,-0.0489943,-0.00524566,0.9987071,-6.698995,2.821951,0.1050494,0.01684482,-0.1230512,0.9922574,27,0.7,-13.91371,114.6552,28,-5.7,-32.00621,243.3898
39,NaN,NaN,NaN,-6.546689,2.829821,0.1016311,-0.01405692,-0.04957416,-0.001743548,0.99867,-6.588849,2.822498,0.1031097,0.01924902,-0.122955,0.9922256,27,0.7,-13.6802,112.9936,28,-5.7,-31.7727,241.7282
39.02411,NaN,NaN,NaN,-6.322437,2.837536,0.1018333,-0.0165187,-0.05103099,0.00538043,0.998546,-6.389514,2.822498,0.1031097,0.01924902,-0.122955,0.9922256,27,0.7,-13.3611,110.7231,28,-5.7,-31.45359,239.4577
39.04181,NaN,NaN,NaN,-6.199326,2.841605,0.1020329,-0.01599518,-0.05105811,0.005338862,0.9985533,-6.257483,2.825317,0.1020399,0.01987464,-0.1253068,0.991919,27,0.7,-13.12694,109.057,28,-5.7,-31.21944,237.7916
39.06586,NaN,NaN,NaN,-5.935497,2.851363,0.1024393,-0.01367161,-0.05185988,0.01025638,0.9985081,-5.996144,2.831586,0.1021553,0.01893714,-0.1238215,0.9921238,27,0.7,-12.80948,106.7981,28,-5.7,-30.90198,235.5327
39.08368,NaN,NaN,NaN,-5.787061,2.856705,0.1022999,-0.01169966,-0.05211132,0.01334708,0.9984835,-5.864202,2.831586,0.1021553,0.01893714,-0.1238215,0.9921238,27,0.7,-12.57372,105.1206,28,-5.7,-30.66621,233.8552
39.1076,NaN,NaN,NaN,-5.479011,2.868552,0.10227,-0.008834885,-0.0524085,0.01753953,0.9984326,-5.559124,2.840787,0.1024321,0.01725371,-0.1311064,0.9912181,27,0.7,-12.25719,102.8683,28,-5.7,-30.34968,231.603
39.12549,NaN,NaN,NaN,-5.313846,2.875396,0.1023561,-0.009381407,-0.05272625,0.01886192,0.9983868,-5.412311,2.840787,0.1024321,0.01725371,-0.1311064,0.9912181,27,0.7,-12.02053,101.1845,28,-5.7,-30.11303,229.9191
39.14948,NaN,NaN,NaN,-4.971452,2.888803,0.1024841,-0.00972973,-0.05259111,0.02055871,0.9983571,-5.071991,2.852391,0.1024085,0.01699231,-0.1367875,0.9904547,27,0.7,-11.70385,98.93111,28,-5.7,-29.79634,227.6657
39.16718,NaN,NaN,NaN,-4.789636,2.895371,0.1022182,-0.009264586,-0.05188558,0.02032132,0.9984033,-4.870086,2.866296,0.1024144,0.01349386,-0.1368808,0.9904956,27,0.7,-11.46951,97.26373,28,-5.7,-29.562,225.9983
39.19141,NaN,NaN,NaN,-4.417203,2.908441,0.1020572,-0.007957724,-0.04922246,0.02019989,0.9985519,-4.539034,2.866296,0.1024144,0.01349386,-0.1368808,0.9904956,27,0.7,-11.14905,94.98354,28,-5.7,-29.24154,223.7181
39.20886,NaN,NaN,NaN,-4.223519,2.914992,0.102038,-0.008347005,-0.04687997,0.01986062,0.9986682,-4.322603,2.881647,0.1026106,0.0107921,-0.1361905,0.9906239,27,0.7,-10.91865,93.34418,28,-5.7,-29.01115,222.0788
39.23303,NaN,NaN,NaN,-3.832812,2.928244,0.1021536,-0.007985077,-0.04296632,0.01972674,0.9988498,-3.927804,2.897574,0.1023983,0.00876335,-0.1363073,0.9906278,27,0.7,-10.59914,91.07076,28,-5.7,-28.69164,219.8053
39.25073,NaN,NaN,NaN,-3.631747,2.934245,0.1023275,-0.008902371,-0.0415669,0.02141477,0.9988666,-3.749079,2.897574,0.1023983,0.00876335,-0.1363073,0.9906278,27,0.7,-10.3652,89.40618,28,-5.7,-28.4577,218.1408
39.27466,NaN,NaN,NaN,-3.228301,2.946295,0.1027419,-0.008209729,-0.03887008,0.02374073,0.9989285,-3.340261,2.913511,0.1022372,0.01031776,-0.1373666,0.9904665,27,0.7,-10.04895,87.15592,28,-5.7,-28.14144,215.8905
39.2926,NaN,NaN,NaN,-3.021557,2.951615,0.1031016,-0.008858407,-0.0380182,0.02486047,0.9989285,-3.104258,2.928869,0.1023248,0.01142279,-0.1417986,0.9898297,27,0.7,-9.811244,85.46456,28,-5.7,-27.90374,214.1992
39.31628,NaN,NaN,NaN,-2.606451,2.962009,0.1040848,-0.009454061,-0.03613838,0.02650571,0.9989505,-2.735274,2.928869,0.1023248,0.01142279,-0.1417986,0.9898297,27,0.7,-9.498405,83.2386,28,-5.7,-27.5909,211.9732
39.33447,NaN,NaN,NaN,-2.395434,2.966419,0.1046614,-0.009807373,-0.03511734,0.02656246,0.9989821,-2.493997,2.943181,0.1027968,-0.0006693044,-0.1418574,0.9898869,27,0.7,-9.258013,81.52812,28,-5.7,-27.35051,210.2627
39.35803,NaN,NaN,NaN,-1.973333,2.974957,0.1061354,-0.009155777,-0.03293907,0.02737831,0.9990404,-2.118797,2.943181,0.1027968,-0.0006693044,-0.1418574,0.9898869,27,0.7,-8.946324,79.31034,28,-5.7,-27.03882,208.0449
39.37653,NaN,NaN,NaN,-1.757313,2.978357,0.1070945,-0.009089252,-0.03200521,0.02832658,0.9990449,-1.87197,2.956188,0.1037816,-0.007401533,-0.1412513,0.9899461,27,0.7,-8.701593,77.56899,28,-5.7,-26.79408,206.3036
39.39978,NaN,NaN,NaN,-1.322328,2.984735,0.1091953,-0.008422112,-0.03115041,0.03303031,0.9989333,-1.429543,2.967433,0.105213,-0.01021826,-0.1397901,0.9901284,27,0.7,-8.394491,75.38384,28,-5.7,-26.48698,204.1184
39.41809,NaN,NaN,NaN,-1.103491,2.987104,0.1105294,-0.00732923,-0.03117773,0.03486388,0.9988788,-1.235021,2.967433,0.105213,-0.01021826,-0.1397901,0.9901284,27,0.7,-8.151924,73.65788,28,-5.7,-26.24442,202.3925
39.44159,NaN,NaN,NaN,-0.6640154,2.990581,0.1131245,-0.005642208,-0.03056383,0.03473296,0.9989133,-0.7877999,2.976901,0.1071222,-0.0105707,-0.1408447,0.9899752,27,0.7,-7.841996,71.45263,28,-5.7,-25.93449,200.1872
39.45984,NaN,NaN,NaN,-0.4420222,2.991963,0.1147925,-0.005605477,-0.03067595,0.03344437,0.9989541,-0.5326723,2.983958,0.1096295,-0.01025804,-0.1458307,0.9892564,27,0.7,-7.600722,69.73587,28,-5.7,-25.69321,198.4705
39.48322,NaN,NaN,NaN,0.001023665,2.993158,0.1183942,-0.005323836,-0.03079512,0.03220438,0.9989926,-0.1388538,2.983958,0.1096295,-0.01025804,-0.1458307,0.9892564,27,0.7,-7.290906,67.53142,28,-5.7,-25.3834,196.266
39.50128,-4.398199,-42.78016,304.7558,0.2208283,2.993931,0.1205326,-0.00497205,-0.03099292,0.0315862,0.9990081,0.1150843,2.988797,0.1128908,-0.014649,-0.1485547,0.9887957,27,0.7,-7.05267,65.83628,28,-5.7,-25.14516,194.5709
39.5249,-4.005485,-42.78016,304.7558,0.6626318,2.991801,0.1244414,-0.00409779,-0.0320005,0.03077771,0.9990055,0.5077986,2.988797,0.1128908,-0.014649,-0.1485547,0.9887957,27,0.7,-6.7405,63.61507,28,-5.7,-24.83299,192.3497
39.54285,NaN,NaN,NaN,0.8824458,2.992551,0.1265856,-0.001055299,-0.03250265,0.02901815,0.9990498,0.7620702,2.991568,0.11687,-0.02401993,-0.1451526,0.9891177,27,0.7,-6.502689,61.92297,28,-5.7,-24.59518,190.6576
39.56671,-11.37417,-55.13034,392.632,1.319559,2.989042,0.1313924,0.001024768,-0.03353763,0.02746096,0.9990596,1.209581,2.992139,0.1213152,-0.03169787,-0.1464078,0.9887164,27,0.7,-6.187464,59.68002,28,-5.7,-24.27996,188.4146
39.58459,-11.17985,-55.13035,392.632,1.538169,2.986679,0.1339389,0.001953426,-0.03421225,0.02831516,0.9990116,1.403901,2.992139,0.1213152,-0.03169787,-0.1464078,0.9887164,27,0.7,-5.95049,57.99387,28,-5.7,-24.04298,186.7285
39.6084,-6.597555,-34.30003,244.4166,1.969107,2.980666,0.1389527,0.002983189,-0.03343448,0.02760161,0.9990553,1.845409,2.990794,0.1264822,-0.03414552,-0.1508138,0.9879723,27,0.7,-5.636216,55.75769,28,-5.7,-23.72871,184.4923
39.6275,-4.814085,-26.85883,191.4698,2.181315,2.976271,0.1414667,0.002591277,-0.03233241,0.02622224,0.9991298,2.092156,2.986789,0.132141,-0.03564061,-0.1540225,0.9874244,27,0.7,-5.38349,53.95945,28,-5.7,-23.47598,182.6941
39.65015,-4.438381,-26.85883,191.4698,2.603982,2.968021,0.1471277,0.004516056,-0.03134325,0.02636499,0.9991508,2.46786,2.986789,0.132141,-0.03564061,-0.1540225,0.9874244,27,0.7,-5.083872,51.82755,28,-5.7,-23.17636,180.5622
39.66809,-6.113399,-33.27522,237.1247,2.811183,2.964031,0.1499264,0.003670927,-0.03134688,0.02681712,0.9991421,2.709798,2.979859,0.1380761,-0.0367777,-0.151122,0.9878307,27,0.7,-4.846626,50.13946,28,-5.7,-22.93912,178.8741
39.69196,-5.758813,-33.27514,237.124,3.210066,2.954402,0.1553354,-0.0002156605,-0.03215913,0.0259812,0.9991451,3.064361,2.979859,0.1380761,-0.0367777,-0.151122,0.9878307,27,0.7,-4.531288,47.89571,28,-5.7,-22.62378,176.6303
39.71002,-5.277977,-28.19997,201.0125,3.401663,2.948875,0.1581002,0.001915771,-0.03310858,0.02600909,0.9991115,3.291316,2.97087,0.1444606,-0.04211933,-0.1532093,0.9872957,27,0.7,-4.292909,46.19956,28,-5.7,-22.3854,174.9342
39.73395,-4.555543,-25.48291,181.6795,3.77523,2.939746,0.1629377,0.003309139,-0.03214734,0.01973524,0.9992828,3.677922,2.960647,0.1511214,-0.04476468,-0.1546453,0.9869554,27,0.7,-3.976166,43.94582,28,-5.7,-22.06866,172.6804
39.75171,-4.394677,-25.48291,181.6795,3.956204,2.933774,0.1651386,0.004254221,-0.03034006,0.01704,0.9993854,3.838787,2.960647,0.1511214,-0.04476468,-0.1546453,0.9869554,27,0.7,-3.741152,42.27361,28,-5.7,-21.83365,171.0082
39.77551,-3.956434,-23.79486,169.6684,4.307428,2.923038,0.1688389,0.007899709,-0.0277334,0.01585386,0.9994584,4.203155,2.949187,0.1574641,-0.04749426,-0.1556682,0.986667,27,0.7,-3.426733,40.0364,28,-5.7,-21.51923,168.771
39.79352,-5.199581,-26.15109,186.4339,4.475224,2.918256,0.1705578,0.008271648,-0.02679463,0.01604888,0.9994779,4.402206,2.936723,0.1627045,-0.05086417,-0.1540888,0.9867469,27,0.7,-3.188339,38.34014,28,-5.7,-21.28083,167.0748
39.81732,-4.916595,-26.15108,186.4338,4.793574,2.90703,0.1736516,0.009048691,-0.02467649,0.01654191,0.9995177,4.685184,2.936723,0.1627045,-0.05086417,-0.1540888,0.9867469,27,0.7,-2.874065,36.10396,28,-5.7,-20.96656,164.8386
39.83521,-2.171191,-20.86658,148.8327,4.941575,2.901804,0.1750786,0.00911664,-0.02369799,0.01525194,0.9995613,4.863813,2.924123,0.167815,-0.04667576,-0.1578463,0.98636,27,0.7,-2.637409,34.42007,28,-5.7,-20.7299,163.1547
39.85901,-1.91837,-20.86659,148.8328,5.226003,2.89138,0.1778114,0.007563752,-0.02238435,0.01340838,0.999631,5.116639,2.924123,0.167815,-0.04667576,-0.1578463,0.98636,27,0.7,-2.322488,32.17929,28,-5.7,-20.41498,160.9139
39.87726,NaN,NaN,NaN,5.358022,2.885829,0.178901,0.007058087,-0.02178993,0.01244604,0.9996603,5.277878,2.911329,0.1721046,-0.008839986,-0.1443202,0.9894915,27,0.7,-2.081752,30.46636,28,-5.7,-20.17425,159.201
39.90082,NaN,NaN,NaN,5.613307,2.874843,0.1809823,0.006300745,-0.02071611,0.01138828,0.9997007,5.545199,2.898561,0.1756846,-0.005426845,-0.143841,0.9895859,27,0.7,-1.770183,28.24944,28,-5.7,-19.86268,156.984
39.91876,NaN,NaN,NaN,5.729718,2.869553,0.1819582,0.004792017,-0.02038393,0.01143562,0.9997153,5.648676,2.898561,0.1756846,-0.005426845,-0.143841,0.9895859,27,0.7,-1.532749,26.56,28,-5.7,-19.62524,155.2946
39.94257,NaN,NaN,NaN,5.946474,2.858669,0.1833515,0.003711425,-0.02003559,0.01191535,0.9997215,5.87862,2.88556,0.1785671,-0.008089848,-0.1423692,0.9897805,27,0.7,-1.218055,24.32084,28,-5.7,-19.31055,153.0555
39.96063,NaN,NaN,NaN,6.042359,2.853818,0.1839573,0.003260967,-0.02007942,0.01178407,0.9997236,5.997082,2.872663,0.1811038,-0.009692336,-0.1381609,0.9903624,27,0.7,-0.9793065,22.62206,28,-5.7,-19.0718,151.3567
39.98438,NaN,NaN,NaN,6.221387,2.8439,0.1850706,0.001667601,-0.02053937,0.01168915,0.9997194,6.156218,2.872663,0.1811038,-0.009692336,-0.1381609,0.9903624,27,0.7,-0.6654844,20.3891,28,-5.7,-18.75798,149.1237
40.0025,NaN,NaN,NaN,6.299013,2.839358,0.1852779,0.001320412,-0.02133201,0.01172649,0.9997028,6.25467,2.859976,0.1830608,-0.009216443,-0.1353447,0.9907557,27,0.7,-0.4256976,18.68292,28,-5.7,-18.51819,147.4175
40.02612,NaN,NaN,NaN,6.439242,2.830881,0.1855528,0.0005103055,-0.02247718,0.01136737,0.9996826,6.405085,2.847808,0.1843101,-0.009527134,-0.1450545,0.9893779,27,0.7,-0.1133175,16.46022,28,-5.7,-18.20581,145.1948
40.04425,NaN,NaN,NaN,6.496745,2.827188,0.1857658,0.0009792226,-0.02397612,0.01167027,0.999644,6.456198,2.847808,0.1843101,-0.009527134,-0.1450545,0.9893779,27,0.7,0.1266407,14.75283,28,-5.7,-17.96585,143.4874
40.06793,2.623677,-50.12487,357.0163,6.594347,2.820629,0.1857156,0.00101516,-0.02566248,0.009926359,0.9996209,6.564436,2.836854,0.1852483,-0.01092345,-0.1468054,0.9891051,27,0.7,0.4393182,12.52802,28,-5.7,-17.65318,141.2626
40.08612,2.654227,-50.12494,357.0168,6.628722,2.818196,0.1855519,0.00215523,-0.02595523,0.007445643,0.9996331,6.594992,2.836854,0.1852483,-0.01092345,-0.1468054,0.9891051,27,0.7,0.6796111,10.81824,28,-5.7,-17.41288,139.5528
40.10968,1.774496,-54.00611,384.6328,6.681648,2.813595,0.1849043,0.00238981,-0.02651782,0.003364483,0.9996399,6.659224,2.827248,0.1857026,-0.01256826,-0.1462305,0.9891707,27,0.7,0.9914761,8.599209,28,-5.7,-17.10102,137.3338
40.12781,NaN,NaN,NaN,6.694363,2.812073,0.1845992,0.002536505,-0.02647152,0.002454244,0.9996434,6.683138,2.819501,0.1856968,-0.01565768,-0.1444261,0.9893917,27,0.7,1.231348,6.89243,28,-5.7,-16.86115,135.627
40.15143,NaN,NaN,NaN,6.705961,2.809761,0.1837143,0.002347545,-0.02655433,0.002119013,0.9996424,6.693448,2.819501,0.1856968,-0.01565768,-0.1444261,0.9893917,27,0.7,1.543521,4.671205,28,-5.7,-16.54897,133.4058
40.16956,NaN,NaN,NaN,6.698464,2.808749,0.1830107,0.00238279,-0.02556078,0.001094888,0.9996698,6.694771,2.813819,0.1853555,-0.01695776,-0.1443356,0.9893835,27,0.7,1.783039,2.966949,28,-5.7,-16.30946,131.7015
40.19342,NaN,NaN,NaN,6.668447,2.807083,0.181232,0.003321067,-0.02245706,-0.002916872,0.999738,6.671648,2.809953,0.184266,-0.014587,-0.1457857,0.9892087,27,0.7,2.098551,0.721961,28,-5.7,-15.99395,129.4565
40.21173,NaN,NaN,NaN,6.639975,2.806214,0.1800871,0.003867332,-0.01969944,-0.004886288,0.9997866,6.64634,2.809953,0.184266,-0.014587,-0.1457857,0.9892087,28,-5.7,-15.75206,127.7355,29,5.7,-34.45938,260.8451
40.23499,NaN,NaN,NaN,6.564763,2.80551,0.1779317,0.004270488,-0.01457937,-0.006200892,0.9998654,6.57861,2.80733,0.1826116,-0.003051362,-0.1451131,0.9894104,28,-5.7,-15.44453,125.5472,29,5.7,-34.15185,258.6568
40.2536,NaN,NaN,NaN,6.510791,2.806226,0.1770894,0.004407851,-0.01166145,-0.00683356,0.999899,6.530635,2.80733,0.1826116,-0.003051362,-0.1451131,0.9894104,28,-5.7,-15.19803,123.7933,29,5.7,-33.90535,256.9029
40.27673,8.034279,-45.37892,323.247,6.385602,2.809079,0.1746869,0.006249378,-0.006308228,-0.009524676,0.9999152,6.413846,2.805487,0.180668,0.004960846,-0.1475135,0.9890476,28,-5.7,-14.89261,121.6201,29,5.7,-33.59993,254.7297
40.29523,NaN,NaN,NaN,6.301763,2.811493,0.1731898,0.00549805,-0.003796645,-0.0111544,0.9999155,6.328951,2.805248,0.1782186,0.009551588,-0.1447807,0.9894177,28,-5.7,-14.64784,119.8785,29,5.7,-33.35517,252.9881
40.31848,NaN,NaN,NaN,6.117633,2.819443,0.1704929,0.006001804,-0.00048526,-0.01453591,0.9998762,6.165279,2.805248,0.1782186,0.009551588,-0.1447807,0.9894177,28,-5.7,-14.34036,117.6907,29,5.7,-33.04769,250.8003
40.33673,9.124192,-34.20495,243.7401,6.009698,2.824692,0.1690333,0.005052865,0.0001867861,-0.01664409,0.9998487,6.053588,2.807842,0.1752417,0.01246286,-0.1502263,0.9885731,28,-5.7,-14.09944,115.9765,29,5.7,-32.80676,249.086
40.36023,7.397746,-19.07929,136.1154,5.778518,2.835006,0.165598,0.005736377,0.001991872,-0.01956133,0.9997902,5.826505,2.814681,0.1719995,0.01141025,-0.1589929,0.9872138,28,-5.7,-13.78822,113.762,29,5.7,-32.49554,246.8716
40.37866,7.279961,-19.07928,136.1153,5.646011,2.840735,0.1637048,0.008021699,0.002868596,-0.02072495,0.9997489,5.708722,2.814681,0.1719995,0.01141025,-0.1589929,0.9872138,28,-5.7,-13.54442,112.0273,29,5.7,-32.25174,245.1369
40.40222,7.235311,-17.73478,126.5487,5.371203,2.853441,0.1593589,0.009911589,0.003975455,-0.0221373,0.9996979,5.437031,2.825126,0.1687449,0.01404311,-0.1605565,0.9869268,28,-5.7,-13.23339,109.8142,29,5.7,-31.94071,242.9238
40.42047,7.102652,-17.73479,126.5487,5.221961,2.860128,0.1569813,0.009141528,0.004860587,-0.02366923,0.9996663,5.304372,2.825126,0.1687449,0.01404311,-0.1605565,0.9869268,28,-5.7,-12.99224,108.0983,29,5.7,-31.69956,241.2079
40.44391,7.032308,-17.45178,124.535,4.910785,2.873523,0.1520816,0.00708298,0.006682736,-0.02616209,0.9996104,4.995628,2.838279,0.1642339,0.01616007,-0.160992,0.9868234,28,-5.7,-12.6824,105.8937,29,5.7,-31.38972,239.0033
40.46185,7.114818,-18.2966,130.5463,4.743203,2.880189,0.1493706,0.006006031,0.007664037,-0.02746162,0.9995755,4.810095,2.853253,0.1590011,0.01744525,-0.1600908,0.9869481,28,-5.7,-12.44441,104.2003,29,5.7,-31.15173,237.3099
40.4856,6.809592,-18.29659,130.5462,4.399827,2.89366,0.1440224,0.00551891,0.00910771,-0.02950778,0.9995079,4.504872,2.853253,0.1590011,0.01744525,-0.1600908,0.9869481,28,-5.7,-12.1306,101.9675,29,5.7,-30.83793,235.077
40.5036,6.698641,-20.86855,148.8465,4.219468,2.899618,0.1415274,0.004446132,0.009606417,-0.02957676,0.9995065,4.304005,2.869187,0.1533039,0.01590114,-0.1576262,0.9873708,28,-5.7,-11.89257,100.2737,29,5.7,-30.59989,233.3833
40.52753,6.006433,-18.82575,134.3112,3.849674,2.912662,0.1362766,0.004333972,0.0103921,-0.03085255,0.9994605,3.931159,2.885133,0.1471791,0.01526775,-0.1597267,0.9870432,28,-5.7,-11.57669,98.02615,29,5.7,-30.28401,231.1357
40.54541,5.83655,-18.82576,134.3113,3.658554,2.918955,0.1339149,0.004137103,0.0105991,-0.03140195,0.9994422,3.761275,2.885133,0.1471791,0.01526775,-0.1597267,0.9870432,28,-5.7,-11.34013,96.34296,29,5.7,-30.04745,229.4525
40.56915,5.703551,-20.01779,142.793,3.270737,2.931606,0.1292548,0.004011135,0.01070052,-0.03198112,0.9994231,3.369323,2.900728,0.1408117,0.01615377,-0.1586052,0.9872099,28,-5.7,-11.026,94.10781,29,5.7,-29.73333,227.2174
40.5874,5.525891,-20.0178,142.7931,3.070868,2.938006,0.1271076,0.004028027,0.01091375,-0.03384794,0.9993594,3.191662,2.900728,0.1408117,0.01615377,-0.1586052,0.9872099,28,-5.7,-10.78463,92.39035,29,5.7,-29.49195,225.4999
40.6109,5.18244,-19.41454,138.5007,2.669507,2.949916,0.1230483,0.004116866,0.01195942,-0.0370862,0.9992321,2.785241,2.916062,0.1347529,0.01710124,-0.1593031,0.9870816,28,-5.7,-10.47396,90.17979,29,5.7,-29.18128,223.2894
40.62878,5.305447,-19.61839,139.9511,2.465317,2.955492,0.1210305,0.004917167,0.01328734,-0.03885238,0.9991446,2.552184,2.931334,0.1293677,0.01943636,-0.1591874,0.987057,28,-5.7,-10.23736,88.49637,29,5.7,-28.94469,221.6059
40.65277,4.941734,-19.61838,139.951,2.056142,2.966086,0.117024,0.006034958,0.01646751,-0.04242694,0.9989457,2.188473,2.931334,0.1293677,0.01943636,-0.1591874,0.987057,28,-5.7,-9.920557,86.24216,29,5.7,-28.62788,219.3517
40.67065,4.528749,-16.71639,119.3023,1.848791,2.971255,0.1154892,0.005564468,0.01874281,-0.04399376,0.9988405,1.950973,2.945787,0.1242125,0.02133625,-0.1627439,0.9864377,28,-5.7,-9.684093,84.55963,29,5.7,-28.39142,217.6692
40.69464,4.390028,-16.01961,114.3445,1.43252,2.979416,0.1119316,0.002250687,0.02261189,-0.04561333,0.9987007,1.526755,2.959096,0.1193289,0.02472034,-0.1638546,0.9861747,28,-5.7,-9.36733,82.30575,29,5.7,-28.07465,215.4153
40.71252,4.202201,-16.01961,114.3445,1.221214,2.983019,0.1101961,0.001358489,0.02477237,-0.04627746,0.9986205,1.338928,2.959096,0.1193289,0.02472034,-0.1638546,0.9861747,28,-5.7,-9.130589,80.62125,29,5.7,-27.83791,213.7308
40.73633,4.635371,-17.96095,128.1579,0.7973547,2.988018,0.106314,-0.0004169696,0.0284145,-0.04721587,0.9984804,0.9072207,2.970836,0.1148218,0.02872309,-0.1612666,0.9864928,28,-5.7,-8.815953,78.3825,29,5.7,-27.52328,211.4921
40.75458,4.447085,-17.96095,128.1579,0.5855337,2.989552,0.1045088,0.0002790401,0.02982586,-0.04701005,0.998449,0.7189353,2.970836,0.1148218,0.02872309,-0.1612666,0.9864928,28,-5.7,-8.574152,76.66199,29,5.7,-27.28148,209.7716
40.77808,4.526845,-16.13317,115.1525,0.162305,2.99227,0.1014328,0.0004673818,0.03297438,-0.04730077,0.9983362,0.2870063,2.980114,0.1102593,0.03633225,-0.1637866,0.9858266,28,-5.7,-8.263949,74.45479,29,5.7,-26.97127,207.5643
40.79572,4.128239,-16.2083,115.6871,-0.05014921,2.993497,0.1002419,-0.001072996,0.0339422,-0.04714227,0.9983108,0.04200391,2.986559,0.1061714,0.034855,-0.1637295,0.9858893,28,-5.7,-8.030492,72.79365,29,5.7,-26.73782,205.9032
40.81995,3.750716,-16.2083,115.6871,-0.474862,2.991783,0.09770095,-0.003267119,0.03564303,-0.04720335,0.9982439,-0.3355186,2.986559,0.1061714,0.034855,-0.1637295,0.9858893,28,-5.7,-7.710186,70.51456,29,5.7,-26.41751,203.6241
40.83759,4.429835,-20.02582,142.8502,-0.6840545,2.993187,0.09625547,-0.001602468,0.03592631,-0.0462648,0.9982817,-0.5778261,2.990448,0.1024157,0.03461243,-0.1590861,0.9866578,28,-5.7,-7.477377,68.85803,29,5.7,-26.1847,201.9676
40.86151,1.91894,-31.41989,223.9233,-1.097321,2.993372,0.09440818,-0.002757304,0.03736374,-0.04620688,0.9982291,-1.001547,2.9919,0.09909928,0.01289552,-0.1519466,0.9883046,28,-5.7,-7.160851,66.60583,29,5.7,-25.86818,199.7154
40.87939,1.737012,-31.41987,223.9232,-1.301987,2.99249,0.09341425,-0.002304365,0.03789996,-0.04509564,0.9982609,-1.183473,2.9919,0.09909928,0.01289552,-0.1519466,0.9883046,28,-5.7,-6.924453,64.92377,29,5.7,-25.63178,198.0333
40.90326,2.41519,-37.13367,264.5791,-1.707421,2.989853,0.09121585,0.001875732,0.03819949,-0.04281853,0.9983506,-1.599706,2.992348,0.09629834,0.01500674,-0.1499817,0.9885749,28,-5.7,-6.608578,62.6762,29,5.7,-25.3159,195.7858
40.92175,2.237403,-37.13358,264.5784,-1.907419,2.988654,0.09022625,0.003396204,0.03766811,-0.04175429,0.9984119,-1.777482,2.992348,0.09629834,0.01500674,-0.1499817,0.9885749,28,-5.7,-6.364306,60.93812,29,5.7,-25.07163,194.0477
40.94495,2.331137,-35.03739,249.6632,-2.305604,2.983146,0.08816466,0.005074988,0.03699109,-0.04145095,0.9984426,-2.186332,2.991301,0.09372807,0.01789163,-0.1506143,0.9884307,28,-5.7,-6.057541,58.75537,29,5.7,-24.76487,191.8649
40.96295,-7.413905,-30.08944,214.4566,-2.502059,2.981383,0.08757147,0.006021353,0.03677001,-0.04246482,0.998403,-2.414947,2.988529,0.09123015,-0.0230409,-0.1524611,0.9880409,28,-5.7,-5.819364,57.06065,29,5.7,-24.52669,190.1702
40.987,-7.759395,-30.08943,214.4566,-2.890735,2.976237,0.08612886,0.005718197,0.03647288,-0.04470807,0.9983177,-2.760437,2.988529,0.09123015,-0.0230409,-0.1524611,0.9880409,28,-5.7,-5.501616,54.79975,29,5.7,-24.20894,187.9093
41.00458,-12.85,-28.497,204.8958,-3.081351,2.972349,0.08543478,0.005589749,0.035586,-0.04430547,0.9983684,-2.983039,2.984009,0.08889902,-0.04756376,-0.1517544,0.9872732,28,-5.7,-5.269487,53.14807,29,5.7,-23.97681,186.2576
41.0285,-12.95193,-26.53112,193.4491,-3.452819,2.964383,0.08421865,0.006642301,0.0339176,-0.04308536,0.9984735,-3.365425,2.978015,0.08696771,-0.0489518,-0.1506832,0.9873694,28,-5.7,-4.952542,50.89289,29,5.7,-23.65987,184.0025
41.04651,-13.11128,-26.53104,193.4485,-3.632114,2.960469,0.08397195,0.00748492,0.03405651,-0.04324033,0.998456,-3.524798,2.978015,0.08696771,-0.0489518,-0.1506832,0.9873694,28,-5.7,-4.714992,49.20263,29,5.7,-23.42232,182.3122
41.07031,NaN,NaN,NaN,-3.983583,2.953139,0.08373393,0.008855427,0.0348812,-0.04353189,0.9984037,-3.88806,2.970144,0.08536398,-0.04063253,-0.1451172,0.9885798,28,-5.7,-4.400375,46.96402,29,5.7,-23.1077,180.0736
41.08911,NaN,NaN,NaN,-4.1581,2.947379,0.08295716,0.009289321,0.03515383,-0.04420887,0.9983604,-4.043186,2.970144,0.08536398,-0.04063253,-0.1451172,0.9885798,28,-5.7,-4.151788,45.19523,29,5.7,-22.85911,178.3048
41.112,-16.71081,-49.86359,355.1572,-4.495166,2.937839,0.08281744,0.01317178,0.03529115,-0.04417494,0.9983134,-4.39184,2.961051,0.08405161,-0.03429629,-0.147065,0.9885321,28,-5.7,-3.849054,43.04116,29,5.7,-22.55638,176.1507
41.13007,-10.28119,-31.47383,224.3072,-4.655882,2.933706,0.08314365,0.01261407,0.03589253,-0.04467218,0.998277,-4.581953,2.950752,0.08307672,-0.02511531,-0.1517017,0.9881071,28,-5.7,-3.609967,41.33998,29,5.7,-22.31729,174.4496
41.15424,-10.55868,-31.47383,224.3072,-4.968059,2.92376,0.08358891,0.01430916,0.03712144,-0.04581162,0.9981576,-4.859443,2.950752,0.08307672,-0.02511531,-0.1517017,0.9881071,28,-5.7,-3.29043,39.06635,29,5.7,-21.99776,172.1759
41.17181,-9.002854,-23.5849,168.1745,-5.118368,2.91902,0.08393636,0.01680941,0.03762675,-0.04553859,0.9981122,-5.038193,2.939848,0.0829792,-0.02329171,-0.1558285,0.9875095,28,-5.7,-3.057896,37.41179,29,5.7,-21.76522,170.5214
41.19568,-8.481734,-20.33231,145.0311,-5.410969,2.909176,0.08485229,0.01927463,0.03773061,-0.04509183,0.9980839,-5.341151,2.928562,0.08335388,-0.02138837,-0.1584141,0.9871411,28,-5.7,-2.742151,35.16514,29,5.7,-21.44948,168.2747
41.21356,-8.605988,-20.33231,145.0311,-5.550755,2.90472,0.08543921,0.01892519,0.03758912,-0.04453106,0.9981213,-5.465405,2.928562,0.08335388,-0.02138837,-0.1584141,0.9871411,28,-5.7,-2.506036,33.4851,29,5.7,-21.21336,166.5947
41.23737,-7.573159,-20.92848,149.2731,-5.823311,2.895166,0.08726773,0.01749606,0.03766857,-0.04476159,0.998134,-5.748342,2.917121,0.0837276,-0.01207735,-0.1578196,0.9873941,28,-5.7,-2.191581,31.24763,29,5.7,-20.89891,164.3572
41.25604,-7.687474,-20.92851,149.2733,-5.951912,2.890554,0.08839436,0.01574649,0.03755657,-0.04554339,0.9981319,-5.862654,2.917121,0.0837276,-0.01207735,-0.1578196,0.9873941,28,-5.7,-1.944249,29.48777,29,5.7,-20.65158,162.5974
41.27905,-7.821793,-27.50496,196.0672,-6.199336,2.881493,0.09102357,0.01414568,0.03769378,-0.04614117,0.9981233,-6.12104,2.905632,0.08511806,-0.00857515,-0.1533296,0.9881379,28,-5.7,-1.640062,27.32337,29,5.7,-20.34739,160.433
41.29724,-7.437888,-31.11705,221.7686,-6.317237,2.876025,0.09254707,0.01267213,0.03728873,-0.0452342,0.9981999,-6.261997,2.894382,0.08740032,-0.005242994,-0.1516484,0.9884206,28,-5.7,-1.399769,25.6136,29,5.7,-20.10709,158.7232
41.32141,-7.635654,-31.11705,221.7686,-6.539723,2.865516,0.0956008,0.0108046,0.03569613,-0.04364933,0.9983505,-6.459762,2.894382,0.08740032,-0.005242994,-0.1516484,0.9884206,28,-5.7,-1.08017,23.33954,29,5.7,-19.78749,156.4491
41.33856,-7.047927,-36.20831,257.9948,-6.63979,2.860097,0.09687732,0.01115258,0.03460816,-0.04299982,0.9984132,-6.582411,2.882894,0.0903213,-0.001784598,-0.1498605,0.9887056,28,-5.7,-0.8533472,21.72561,29,5.7,-19.56067,154.8352
41.36267,-6.557665,-46.85332,333.738,-6.826765,2.849358,0.09917524,0.0148112,0.03213134,-0.04039236,0.9985573,-6.779637,2.870619,0.09362507,0.0006580353,-0.1474047,0.989076,28,-5.7,-0.5347613,19.45875,29,5.7,-19.24209,152.5683
41.38043,-6.629402,-46.85333,333.7381,-6.907469,2.844156,0.1001056,0.01826901,0.03044096,-0.03805245,0.9986449,-6.851375,2.870619,0.09362507,0.0006580353,-0.1474047,0.989076,28,-5.7,-0.3001668,17.78952,29,5.7,-19.00749,150.8991
41.40442,-5.358431,-24.32872,173.4671,-7.052794,2.834944,0.1019787,0.02395558,0.02795978,-0.03457201,0.9987238,-7.008371,2.858079,0.09689379,0.009401556,-0.1549135,0.9878833,28,-5.7,0.0169448,15.53316,29,5.7,-18.69038,148.6428
41.42297,-5.40953,-24.32872,173.4671,-7.110281,2.830784,0.1025461,0.02783887,0.02744395,-0.03379625,0.9986639,-7.05947,2.858079,0.09689379,0.009401556,-0.1549135,0.9878833,28,-5.7,0.26302,13.78224,29,5.7,-18.44431,146.8918
41.44623,-6.342682,-15.13943,108.0818,-7.205538,2.823079,0.1042306,0.03078356,0.02489473,-0.02829088,0.9988154,-7.168031,2.845668,0.09963918,0.007539322,-0.1642882,0.9863836,28,-5.7,0.5702617,11.5961,29,5.7,-18.13706,144.7057
41.46387,-4.807855,-10.40091,74.36538,-7.240893,2.819665,0.1050382,0.03052925,0.02268739,-0.02440596,0.9989783,-7.218925,2.834325,0.1020439,0.03194656,-0.1753661,0.9839849,28,-5.7,0.8031471,9.939038,29,5.7,-17.90418,143.0486
41.48865,-4.849493,-10.40091,74.36538,-7.287735,2.814295,0.1061932,0.0302773,0.0182231,-0.0194003,0.9991872,-7.260563,2.834325,0.1020439,0.03194656,-0.1753661,0.9839849,28,-5.7,1.130615,7.608985,29,5.7,-17.57671,140.7186
41.50549,5.847072,-24.73425,176.3526,-7.293798,2.812042,0.1066176,0.02873017,0.01631118,-0.01755981,0.9992999,-7.280384,2.824577,0.1040061,0.07339001,-0.1540697,0.9853306,28,-5.7,1.353673,6.021843,29,5.7,-17.35365,139.1315
41.52979,22.82309,-52.3495,374.2456,-7.288171,2.808017,0.1075368,0.02683423,0.01280543,-0.01411278,0.9994583,-7.284516,2.816755,0.1054757,0.07935961,-0.1454112,0.9861834,28,-5.7,1.674514,3.73894,29,5.7,-17.03281,136.8486
41.54742,22.6984,-52.0904,372.4876,-7.269291,2.805975,0.1076722,0.02646616,0.01121756,-0.01338103,0.9994972,-7.267734,2.816755,0.1054757,0.07935961,-0.1454112,0.9861834,28,-5.7,1.908136,2.076636,29,5.7,-16.79919,135.1862
41.57153,NaN,NaN,NaN,-7.210983,2.802395,0.1077103,0.02711406,0.009084214,-0.01276558,0.9995096,-7.219522,2.810747,0.1066846,0.0769627,-0.1407117,0.9870547,29,5.7,-16.48045,132.9183,30,-5.7,-34.97874,264.5405
41.58984,NaN,NaN,NaN,-7.164464,2.801006,0.1074428,0.02787946,0.009485986,-0.01323692,0.9994786,-7.178171,2.810747,0.1066846,0.0769627,-0.1407117,0.9870547,29,5.7,-16.23834,131.1956,30,-5.7,-34.73663,262.8178
41.61328,NaN,NaN,NaN,-7.053198,2.799039,0.1066909,0.02901851,0.01075575,-0.01401438,0.9994227,-7.077395,2.805678,0.1073517,0.07698628,-0.1380937,0.9874225,29,5.7,-15.92862,128.9918,30,-5.7,-34.42691,260.614
41.63098,NaN,NaN,NaN,-6.9826,2.798516,0.1061969,0.02874289,0.0127016,-0.01508532,0.9993923,-7.007155,2.801604,0.1074498,0.08859652,-0.1391922,0.9862942,29,5.7,-15.69464,127.327,30,-5.7,-34.19293,258.9492
41.65625,NaN,NaN,NaN,-6.827596,2.797796,0.1050155,0.02669924,0.01687248,-0.01823011,0.9993349,-6.869374,2.801604,0.1074498,0.08859652,-0.1391922,0.9862942,29,5.7,-15.36062,124.9503,30,-5.7,-33.85891,256.5725
41.67273,NaN,NaN,NaN,-6.737067,2.798279,0.1043649,0.02527935,0.01973957,-0.02009964,0.9992834,-6.775911,2.798779,0.1068841,0.09123603,-0.1322004,0.9870152,29,5.7,-15.14274,123.4,30,-5.7,-33.64103,255.0222
41.69666,21.03632,-34.05178,279.5338,-6.540348,2.801172,0.1033584,0.02130574,0.02385503,-0.01936807,0.9993007,-6.58304,2.797394,0.1058927,0.09752695,-0.1301185,0.9866903,29,5.7,-14.82643,121.1493,30,-5.7,-33.32471,252.7715
41.71448,20.95585,-33.80989,277.6995,-6.426895,2.803828,0.102976,0.01815695,0.02441213,-0.01487716,0.9994264,-6.482193,2.797394,0.1058927,0.09752695,-0.1301185,0.9866903,29,5.7,-14.59043,119.4702,30,-5.7,-33.08872,251.0923
41.7384,NaN,NaN,NaN,-6.189046,2.80919,0.1009045,0.01472788,0.02658543,-0.01085106,0.9994792,-6.248131,2.798295,0.1047252,0.09912606,-0.1378486,0.9854805,29,5.7,-14.27385,117.2175,30,-5.7,-32.77214,248.8397
41.75671,NaN,NaN,NaN,-6.055299,2.812786,0.09955189,0.01545828,0.02767938,-0.009398894,0.9994532,-6.129245,2.798295,0.1047252,0.09912606,-0.1378486,0.9854805,29,5.7,-14.0323,115.4988,30,-5.7,-32.53059,247.121
41.78021,23.29848,-32.97235,269.6842,-5.777881,2.820481,0.09687895,0.01597616,0.02990761,-0.005831406,0.999408,-5.855401,2.802006,0.1030881,0.1065945,-0.1308007,0.9856616,29,5.7,-13.72157,113.2878,30,-5.7,-32.21985,244.91
41.79797,NaN,NaN,NaN,-5.627887,2.824855,0.09538814,0.0163949,0.03037857,-0.003985305,0.9993961,-5.690515,2.808342,0.1007808,0.1120209,-0.1445281,0.9831393,29,5.7,-13.48669,111.6166,30,-5.7,-31.98497,243.2388
41.82233,NaN,NaN,NaN,-5.316713,2.83362,0.09211675,0.01670118,0.03155101,-0.001854572,0.9993609,-5.413916,2.808342,0.1007808,0.1120209,-0.1445281,0.9831393,29,5.7,-13.16495,109.3273,30,-5.7,-31.66324,240.9495
41.8396,31.80948,-43.42594,309.3509,-5.148746,2.838495,0.0904227,0.01640542,0.03205554,-0.001005998,0.999351,-5.2289,2.816782,0.09772444,0.1176279,-0.1468595,0.9821385,29,5.7,-12.93622,107.6998,30,-5.7,-31.43451,239.322
41.86359,NaN,NaN,NaN,-4.803788,2.848785,0.08703308,0.01505058,0.03274492,0.001596492,0.9993492,-4.8828,2.826806,0.0941776,0.1146023,-0.1425261,0.9831341,29,5.7,-12.61877,105.441,30,-5.7,-31.11705,237.0632
41.88147,NaN,NaN,NaN,-4.622129,2.853821,0.08510686,0.01444867,0.03316411,0.002152304,0.9993432,-4.721326,2.826806,0.0941776,0.1146023,-0.1425261,0.9831341,29,5.7,-12.38275,103.7617,30,-5.7,-30.88103,235.3838
41.90533,38.45304,-52.45193,373.5742,-4.250148,2.864071,0.08111808,0.01372935,0.03460608,0.002357895,0.999304,-4.347591,2.838105,0.09027863,0.1126414,-0.1455106,0.9829235,29,5.7,-12.06736,101.5175,30,-5.7,-30.56564,233.1397
41.92365,38.62521,-52.45201,373.5747,-4.056526,2.869731,0.07956284,0.01355243,0.03565543,0.001980938,0.9992703,-4.175482,2.838105,0.09027863,0.1126414,-0.1455106,0.9829235,29,5.7,-11.82528,99.79503,30,-5.7,-30.32356,231.4172
41.9472,39.79763,-53.17984,378.7534,-3.661139,2.881055,0.07613698,0.01350064,0.03720319,0.002776938,0.9992127,-3.777668,2.850256,0.08610666,0.1131055,-0.1454336,0.9828816,29,5.7,-11.51365,97.57769,30,-5.7,-30.01193,229.1998
41.96509,NaN,NaN,NaN,-3.454932,2.887216,0.07432243,0.01423938,0.03776403,0.004913759,0.9991732,-3.545088,2.863123,0.08195865,0.02655852,-0.1450642,0.9890658,29,5.7,-11.27724,95.89553,30,-5.7,-29.77552,227.5177
41.98932,NaN,NaN,NaN,-3.036394,2.900114,0.07095933,0.01538494,0.03864869,0.009411123,0.9990901,-3.173054,2.863123,0.08195865,0.02655852,-0.1450642,0.9890658,29,5.7,-10.95706,93.61738,30,-5.7,-29.45535,225.2395
42.00702,NaN,NaN,NaN,-2.820904,2.906882,0.06960699,0.0158731,0.03883599,0.01110289,0.9990579,-2.929629,2.876334,0.07751143,0.02304752,-0.1451114,0.9891468,29,5.7,-10.72307,91.9524,30,-5.7,-29.22135,223.5746
42.03064,NaN,NaN,NaN,-2.385178,2.920533,0.06716534,0.01459748,0.03954803,0.01286266,0.9990282,-2.487968,2.890778,0.07331073,0.02149781,-0.1444957,0.9892719,29,5.7,-10.41069,89.7297,30,-5.7,-28.90897,221.3519
42.0484,NaN,NaN,NaN,-2.162583,2.927486,0.06609492,0.01401092,0.0402861,0.01245587,0.9990123,-2.290106,2.890778,0.07331073,0.02149781,-0.1444957,0.9892719,29,5.7,-10.17586,88.05885,30,-5.7,-28.67415,219.681
42.07239,NaN,NaN,NaN,-1.712752,2.940722,0.06416193,0.01361693,0.04073013,0.01331659,0.9989886,-1.833675,2.90641,0.06963086,0.01953229,-0.1415194,0.9897428,29,5.7,-9.858859,85.80325,30,-5.7,-28.35714,217.4254
42.09039,NaN,NaN,NaN,-1.48432,2.946809,0.06349686,0.01397298,0.04032536,0.01455283,0.9989829,-1.630624,2.90641,0.06963086,0.01953229,-0.1415194,0.9897428,29,5.7,-9.620596,84.10791,30,-5.7,-28.11888,215.7301
42.1142,NaN,NaN,NaN,-1.027283,2.959095,0.06250726,0.01442492,0.03994963,0.01571061,0.9989741,-1.16606,2.922637,0.06664717,0.01496431,-0.1430714,0.9895992,29,5.7,-9.305327,81.86466,30,-5.7,-27.80361,213.4868
42.13184,NaN,NaN,NaN,-0.7953934,2.964367,0.06243554,0.0133284,0.03990235,0.01523384,0.9989986,-0.9003807,2.938455,0.06443894,0.01318166,-0.1399333,0.9900731,29,5.7,-9.072433,80.20753,30,-5.7,-27.57072,211.8297
42.15625,NaN,NaN,NaN,-0.3295247,2.974347,0.0623217,0.012288,0.03973176,0.01433944,0.9990319,-0.4862753,2.938455,0.06443894,0.01318166,-0.1399333,0.9900731,29,5.7,-8.749635,77.91071,30,-5.7,-27.24792,209.5329
42.17377,NaN,NaN,NaN,-0.09155069,2.978311,0.06230757,0.01121297,0.0397641,0.01470202,0.999038,-0.21414,2.953232,0.06299949,0.007289125,-0.1398505,0.9901458,29,5.7,-8.51827,76.26447,30,-5.7,-27.01655,207.8866
42.19769,NaN,NaN,NaN,0.3837849,2.984096,0.06260318,0.01140209,0.04117187,0.01465575,0.9989796,0.2700179,2.96667,0.06214833,0.006594086,-0.1379645,0.9904152,29,5.7,-8.201748,74.0123,30,-5.7,-26.70003,205.6345
42.21545,NaN,NaN,NaN,0.6235374,2.98556,0.06308181,0.01272632,0.04210699,0.01538782,0.9989135,0.4831312,2.96667,0.06214833,0.006594086,-0.1379645,0.9904152,29,5.7,-7.966982,72.34186,30,-5.7,-26.46527,203.964
42.2395,NaN,NaN,NaN,1.104735,2.987861,0.06450625,0.01520199,0.04347572,0.01699911,0.9987943,0.973323,2.976813,0.06223309,-0.001660733,-0.143346,0.9896712,29,5.7,-7.649332,70.08166,30,-5.7,-26.14762,201.7038
42.25781,NaN,NaN,NaN,1.350313,2.989281,0.0656772,0.01687877,0.04380828,0.01848192,0.9987264,1.191614,2.976813,0.06223309,-0.001660733,-0.143346,0.9896712,29,5.7,-7.406854,68.35634,30,-5.7,-25.90514,199.9785
42.28131,2.038182,-54.07118,385.0957,1.840953,2.988237,0.06825287,0.02034294,0.04324615,0.02076411,0.9986415,1.691038,2.983225,0.06300151,0.0008918545,-0.1465801,0.9891984,29,5.7,-7.096054,66.14488,30,-5.7,-25.59434,197.767
42.29907,0.6805282,-32.33313,230.4214,2.085749,2.988508,0.07005246,0.02085453,0.04125505,0.02207649,0.998687,1.972804,2.986664,0.06443381,-0.005544997,-0.1515529,0.9884337,29,5.7,-6.861618,64.47678,30,-5.7,-25.3599,196.0989
42.32318,1.113802,-32.33313,230.4214,2.573182,2.986562,0.07505886,0.01698676,0.03655095,0.0230547,0.9989215,2.406077,2.986664,0.06443381,-0.005544997,-0.1515529,0.9884337,29,5.7,-6.542974,62.20952,30,-5.7,-25.04126,193.8316
42.3407,-0.3049593,-29.10291,207.4372,2.816337,2.98485,0.07812896,0.01409977,0.03304685,0.02332926,0.999082,2.687136,2.987517,0.06698442,-0.01425758,-0.1529136,0.9881367,29,5.7,-6.311348,60.56141,30,-5.7,-24.80963,192.1835
42.36481,NaN,NaN,NaN,3.299126,2.981663,0.08457209,0.0140794,0.02753301,0.02291515,0.9992591,3.181305,2.986575,0.07183957,-0.02337576,-0.1446054,0.9892132,29,5.7,-5.992485,58.29258,30,-5.7,-24.49077,189.9147
42.38251,NaN,NaN,NaN,3.541217,2.978839,0.08766795,0.01387872,0.02468503,0.02227229,0.9993508,3.396497,2.986575,0.07183957,-0.02337576,-0.1446054,0.9892132,29,5.7,-5.758299,56.62626,30,-5.7,-24.25658,188.2484
42.40668,NaN,NaN,NaN,4.019081,2.972416,0.09489748,0.0130767,0.01929355,0.0222829,0.99948,3.886027,2.983697,0.07827556,-0.03460128,-0.1414945,0.9893342,29,5.7,-5.438793,54.35286,30,-5.7,-23.93708,185.975
42.42426,NaN,NaN,NaN,4.254643,2.96828,0.09874682,0.01221005,0.01592644,0.0232453,0.9995283,4.095416,2.983697,0.07827556,-0.03460128,-0.1414945,0.9893342,29,5.7,-5.206369,52.69908,30,-5.7,-23.70465,184.3212
42.44824,NaN,NaN,NaN,4.718107,2.95974,0.1068684,0.01124127,0.009588305,0.02545991,0.9995667,4.571768,2.978814,0.08562982,-0.03829917,-0.139468,0.9894857,29,5.7,-4.888949,50.44052,30,-5.7,-23.38723,182.0627
42.46613,NaN,NaN,NaN,4.943006,2.956217,0.111252,0.01127447,0.0072807,0.02430335,0.9996145,4.835255,2.971479,0.09420061,-0.04263594,-0.1390167,0.9893718,29,5.7,-4.652346,48.757,30,-5.7,-23.15063,180.3791
42.49023,NaN,NaN,NaN,5.38351,2.948812,0.1203995,0.01046519,0.002953108,0.02208283,0.999697,5.226814,2.971479,0.09420061,-0.04263594,-0.1390167,0.9893718,29,5.7,-4.334316,46.4941,30,-5.7,-22.8326,178.1162
42.50781,NaN,NaN,NaN,5.596959,2.943748,0.1248461,0.009082087,0.0009589456,0.02051116,0.9997479,5.478693,2.962405,0.1037266,-0.04537506,-0.1413011,0.9889262,29,5.7,-4.101318,44.83624,30,-5.7,-22.5996,176.4584
42.53186,NaN,NaN,NaN,6.016241,2.932623,0.1334541,0.005591095,-0.003403675,0.01865493,0.9998046,5.911493,2.952892,0.1139792,-0.0484708,-0.1412804,0.9887823,29,5.7,-3.783454,42.57452,30,-5.7,-22.28174,174.1966
42.54962,NaN,NaN,NaN,6.219415,2.927072,0.1373168,0.006768259,-0.004461169,0.01716023,0.9998199,6.092093,2.952892,0.1139792,-0.0484708,-0.1412804,0.9887823,29,5.7,-3.548877,40.90542,30,-5.7,-22.04716,172.5275
42.57373,NaN,NaN,NaN,6.620212,2.915184,0.1453537,0.008600565,-0.006926258,0.0184942,0.9997681,6.506035,2.942183,0.1242118,-0.0561236,-0.143651,0.9880357,29,5.7,-3.230182,38.63779,30,-5.7,-21.72847,170.2599
42.59155,NaN,NaN,NaN,6.810746,2.908664,0.1490258,0.01006853,-0.008316786,0.02032522,0.9997082,6.675398,2.942183,0.1242118,-0.0561236,-0.143651,0.9880357,29,5.7,-2.994007,36.95731,30,-5.7,-21.49229,168.5795
42.61554,-12.85,-52.79924,377.206,7.176806,2.895181,0.1562708,0.009789489,-0.01476182,0.02776342,0.9994577,7.056444,2.929551,0.1346273,-0.05215387,-0.1460066,0.9879079,29,5.7,-2.677418,34.70467,30,-5.7,-21.1757,166.3268
42.63336,-6.981984,-33.62567,239.6184,7.343623,2.88827,0.1593392,0.007261388,-0.0225103,0.03577844,0.9990798,7.258005,2.915266,0.144357,-0.05868189,-0.1505824,0.9868543,29,5.7,-2.441829,33.02836,30,-5.7,-20.94011,164.6505
42.65729,-6.711241,-33.62568,239.6184,7.648208,2.87455,0.1651933,0.001140911,-0.04066037,0.04622261,0.9981027,7.528747,2.915266,0.144357,-0.05868189,-0.1505824,0.9868543,29,5.7,-2.125377,30.77669,30,-5.7,-20.62366,162.3988
42.67505,NaN,NaN,NaN,7.788247,2.866958,0.1674526,-0.00199022,-0.05063893,0.04401153,0.9977448,7.703036,2.899701,0.1530919,-0.04179555,-0.1454881,0.9884768,29,5.7,-1.890668,29.10665,30,-5.7,-20.38895,160.7288
42.69897,NaN,NaN,NaN,8.070473,2.851652,0.172127,-0.000924382,-0.06451801,0.04162273,0.9970477,7.998713,2.88326,0.1607807,-0.04193571,-0.1378764,0.9895613,29,5.7,-1.57383,26.85222,30,-5.7,-20.07211,158.4744
42.71698,NaN,NaN,NaN,8.203064,2.844549,0.174363,0.00271722,-0.06721631,0.04199735,0.9968506,8.116571,2.88326,0.1607807,-0.04193571,-0.1378764,0.9895613,29,5.7,-1.335929,25.15947,30,-5.7,-19.83422,156.7816
42.74072,NaN,NaN,NaN,8.450674,2.830792,0.178909,0.005167134,-0.07057662,0.04480699,0.9964861,8.376785,2.865944,0.167345,-0.04558667,-0.1370715,0.9895117,29,5.7,-1.022104,22.92649,30,-5.7,-19.52039,154.5486
42.75873,NaN,NaN,NaN,8.559746,2.824271,0.1811813,0.0043893,-0.06900942,0.04524125,0.99658,8.473738,2.865944,0.167345,-0.04558667,-0.1370715,0.9895117,29,5.7,-0.7843193,21.23457,30,-5.7,-19.2826,152.8567
42.78241,NaN,NaN,NaN,8.755625,2.813424,0.1855434,0.002417497,-0.06502568,0.04479183,0.9968749,8.684648,2.84831,0.1730763,-0.0323806,-0.1379207,0.9899138,29,5.7,-0.4708849,19.00437,30,-5.7,-18.96917,150.6265
42.80048,NaN,NaN,NaN,8.835302,2.808181,0.1873543,-0.0007537659,-0.06260682,0.04512449,0.9970174,8.788502,2.831647,0.1785008,-0.01782543,-0.1376695,0.9903178,29,5.7,-0.2323563,17.30715,30,-5.7,-18.73064,148.9293
42.82434,NaN,NaN,NaN,8.974102,2.798885,0.1906034,-0.002760174,-0.06007794,0.04599763,0.9971295,8.911879,2.831647,0.1785008,-0.01782543,-0.1376695,0.9903178,29,5.7,0.08322309,15.06168,30,-5.7,-18.41506,146.6838
42.84241,NaN,NaN,NaN,9.023708,2.794754,0.1917822,-0.001972156,-0.06002653,0.04734705,0.9970714,8.984181,2.817161,0.1836824,-0.01518213,-0.1337795,0.9908949,29,5.7,0.3226457,13.3581,30,-5.7,-18.17564,144.9802
42.86609,NaN,NaN,NaN,9.103742,2.787534,0.1939107,0.0002263279,-0.06124615,0.04871404,0.9969332,9.077667,2.804746,0.1881727,-0.01025373,-0.1315557,0.9912558,29,5.7,0.6354203,11.1326,30,-5.7,-17.86287,142.7547
42.88422,NaN,NaN,NaN,9.123826,2.78437,0.1946145,0.002446249,-0.06144033,0.0454494,0.9970725,9.09552,2.804746,0.1881727,-0.01025373,-0.1315557,0.9912558,29,5.7,0.8751485,9.42684,30,-5.7,-17.62314,141.049
42.9079,NaN,NaN,NaN,9.146864,2.778892,0.195448,0.003525219,-0.06181489,0.04255984,0.9971737,9.132179,2.794142,0.1918281,-0.01295581,-0.1398831,0.9900833,29,5.7,1.187876,7.20167,30,-5.7,-17.31041,138.8238
42.92584,NaN,NaN,NaN,9.141864,2.777051,0.1953961,0.003225046,-0.06304266,0.04358316,0.9970536,9.137659,2.78542,0.1942987,-0.01426659,-0.1437516,0.989511,29,5.7,1.425197,5.51304,30,-5.7,-17.07309,137.1352
42.94958,NaN,NaN,NaN,9.113455,2.774119,0.1947996,0.003181298,-0.06525352,0.04582659,0.9968109,9.112407,2.78542,0.1942987,-0.01426659,-0.1437516,0.989511,29,5.7,1.739257,3.27839,30,-5.7,-16.75903,134.9005
42.96759,NaN,NaN,NaN,9.080777,2.773436,0.1941578,0.002854474,-0.06583408,0.04629998,0.9967518,9.087276,2.778872,0.1952851,-0.01626513,-0.1417019,0.9897758,29,5.7,1.977042,1.586462,30,-5.7,-16.52124,133.2086
42.99176,NaN,NaN,NaN,8.996481,2.772833,0.1925998,0.001251847,-0.06647093,0.04464403,0.9967884,9.012345,2.778872,0.1952851,-0.01626513,-0.1417019,0.9897758,30,-5.7,-16.20152,130.9336,31,5.7,-34.59658,261.8213
43.0094,NaN,NaN,NaN,8.940556,2.772766,0.1916825,0.0005187667,-0.06529769,0.04138162,0.9970073,8.960827,2.774517,0.1950486,-0.01256898,-0.1397367,0.9901089,30,-5.7,-15.96779,129.2706,31,5.7,-34.36285,260.1582
43.03308,NaN,NaN,NaN,8.816252,2.773038,0.188824,0.001105138,-0.06255403,0.04001298,0.9972386,8.842901,2.772241,0.1941954,-0.01327933,-0.1376121,0.9903972,30,-5.7,-15.65475,127.0432,31,5.7,-34.04981,257.9309
43.05121,NaN,NaN,NaN,8.738368,2.773923,0.1868353,0.002196812,-0.0618038,0.04288431,0.9971642,8.773671,2.772241,0.1941954,-0.01327933,-0.1376121,0.9903972,30,-5.7,-15.41552,125.341,31,5.7,-33.81059,256.2287
43.07483,NaN,NaN,NaN,8.561951,2.778033,0.1833999,0.00120876,-0.06132001,0.04418515,0.9971389,8.604239,2.771693,0.1918278,-0.01156974,-0.1364658,0.9905773,30,-5.7,-15.10337,123.12,31,5.7,-33.49844,254.0076
43.09308,NaN,NaN,NaN,8.45804,2.780894,0.1817849,-0.001165996,-0.06037719,0.04116694,0.9973257,8.494442,2.77285,0.1882144,-0.007623429,-0.1363713,0.9906285,30,-5.7,-14.8617,121.4004,31,5.7,-33.25676,252.288
43.11658,NaN,NaN,NaN,8.235061,2.789238,0.1786129,-0.003841067,-0.05838148,0.03620636,0.9976302,8.296238,2.77285,0.1882144,-0.007623429,-0.1363713,0.9906285,30,-5.7,-14.55086,119.1886,31,5.7,-32.94592,250.0763
43.13464,NaN,NaN,NaN,8.110565,2.794507,0.1771761,-0.005049151,-0.05773094,0.0339537,0.9977419,8.162999,2.776954,0.184307,-0.00454605,-0.1388037,0.9903095,30,-5.7,-14.31195,117.4887,31,5.7,-32.70702,248.3764
43.15833,NaN,NaN,NaN,7.844808,2.806085,0.1734872,-0.005778234,-0.05834566,0.03351922,0.9977169,7.92677,2.776954,0.184307,-0.00454605,-0.1388037,0.9903095,30,-5.7,-13.99925,115.2637,31,5.7,-32.39431,246.1514
43.17639,NaN,NaN,NaN,7.700618,2.812598,0.1714893,-0.00596641,-0.05974687,0.03364934,0.9976285,7.7711,2.784894,0.180725,-0.002174594,-0.1348404,0.9908649,30,-5.7,-13.76015,113.5624,31,5.7,-32.15521,244.4501
43.20007,NaN,NaN,NaN,7.399464,2.826765,0.1678457,-0.00558449,-0.05997028,0.03041494,0.9977211,7.471018,2.796494,0.1763804,-0.00667535,-0.1419607,0.9898498,30,-5.7,-13.44678,111.3327,31,5.7,-31.84185,242.2204
43.2182,NaN,NaN,NaN,7.238146,2.834553,0.1661092,-0.006903685,-0.05888884,0.02705603,0.997874,7.327624,2.796494,0.1763804,-0.00667535,-0.1419607,0.9898498,30,-5.7,-13.20743,109.6296,31,5.7,-31.60249,240.5173
43.24188,-12.85,-23.38445,166.9953,6.90512,2.849494,0.1625168,-0.007777368,-0.05711457,0.02254905,0.9980827,6.994956,2.811035,0.1718708,-0.1167147,-0.1540643,0.9811432,30,-5.7,-12.8941,107.4002,31,5.7,-31.28917,238.2878
43.25977,-12.85,-23.17982,165.6921,6.730718,2.856955,0.1608784,-0.007369514,-0.05635615,0.02184962,0.9981444,6.839931,2.811035,0.1718708,-0.1167147,-0.1540643,0.9811432,30,-5.7,-12.65758,105.7172,31,5.7,-31.05264,236.6049
43.28363,-12.85,-21.71761,157.1847,6.372524,2.870811,0.15698,-0.005555484,-0.05349432,0.0173454,0.9984021,6.48111,2.827981,0.1676689,-0.1207475,-0.1533185,0.9807719,30,-5.7,-12.34212,103.4726,31,5.7,-30.73718,234.3603
43.30151,-12.30444,-21.57314,153.8602,6.186185,2.877836,0.1550265,-0.003049285,-0.05173844,0.01624391,0.9985239,6.271776,2.845859,0.1635681,-0.1185243,-0.1558039,0.9806514,30,-5.7,-12.1059,101.7918,31,5.7,-30.50097,232.6795
43.32538,-10.87754,-19.85022,141.601,5.801858,2.891135,0.1506281,4.508597E-05,-0.04845968,0.01297184,0.998741,5.883574,2.863216,0.1589341,-0.1162099,-0.1574792,0.9806608,30,-5.7,-11.79016,99.5452,31,5.7,-30.18522,230.4328
43.34338,-11.05639,-19.85022,141.601,5.60066,2.897996,0.148522,0.001253472,-0.04701469,0.01154059,0.9988268,5.704731,2.863216,0.1589341,-0.1162099,-0.1574792,0.9806608,30,-5.7,-11.55267,97.85537,31,5.7,-29.94773,228.743
43.36725,-7.738612,-15.61965,111.4989,5.192149,2.911775,0.1445074,0.002947289,-0.04436412,0.008705802,0.9989732,5.29234,2.87978,0.1539873,-0.1146879,-0.162817,0.979968,30,-5.7,-11.23661,95.60652,31,5.7,-29.63168,226.4942
43.38507,-7.928139,-15.61966,111.499,4.97894,2.918388,0.1423859,0.003458466,-0.04286434,0.007217775,0.9990488,5.102821,2.87978,0.1539873,-0.1146879,-0.162817,0.979968,30,-5.7,-11.00091,93.9294,31,5.7,-29.39597,224.817
43.40894,-7.283032,-14.85983,106.0925,4.54409,2.931274,0.1378567,0.006305117,-0.04022746,0.003820542,0.9991633,4.664224,2.896171,0.1490693,-0.1105374,-0.1642805,0.9802006,30,-5.7,-10.68565,91.68621,31,5.7,-29.08071,222.5739
43.42688,-10.18566,-18.21295,129.9512,4.318976,2.937624,0.1355531,0.007811135,-0.03897789,0.001555664,0.9992084,4.409417,2.912296,0.1439675,-0.1102994,-0.1596498,0.9809923,30,-5.7,-10.44827,89.99713,31,5.7,-28.84333,220.8848
43.45068,-10.58961,-18.21295,129.9512,3.864529,2.950157,0.1311712,0.00942499,-0.03614559,-0.0027889,0.9992982,4.005465,2.912296,0.1439675,-0.1102994,-0.1596498,0.9809923,30,-5.7,-10.13369,87.7588,31,5.7,-28.52875,218.6465
43.46881,-8.444472,-15.44751,110.2741,3.63026,2.955746,0.1288961,0.009828066,-0.03444524,-0.004834254,0.9993466,3.739895,2.92793,0.1386666,-0.1084784,-0.1635981,0.9805447,30,-5.7,-9.894204,86.05477,31,5.7,-28.28926,216.9424
43.49255,-12.85,-20.34071,146.1948,3.157127,2.966875,0.1243912,0.01230405,-0.03103704,-0.008482866,0.9994066,3.259823,2.943121,0.1333382,-0.1082792,-0.156498,0.981725,30,-5.7,-9.580448,83.82228,31,5.7,-27.97551,214.71
43.51044,-12.85,-20.0334,144.267,2.917928,2.970796,0.1221682,0.01042502,-0.03021299,-0.01002264,0.9994389,3.047202,2.943121,0.1333382,-0.1082792,-0.156498,0.981725,30,-5.7,-9.343761,82.13817,31,5.7,-27.73882,213.0258
43.53424,-12.46856,-19.32356,137.8536,2.433181,2.97959,0.1178784,0.0104996,-0.02736875,-0.01363166,0.9994773,2.554813,2.957053,0.1279744,-0.107063,-0.1587812,0.9814917,30,-5.7,-9.029209,79.90002,31,5.7,-27.42427,210.7877
43.55219,-12.68749,-19.32356,137.8536,2.186888,2.983768,0.1159473,0.008521066,-0.02559444,-0.01561148,0.9995142,2.335886,2.957053,0.1279744,-0.107063,-0.1587812,0.9814917,30,-5.7,-8.791403,78.20794,31,5.7,-27.18646,209.0956
43.57611,-12.55808,-18.63414,132.9481,1.691089,2.990271,0.1118018,0.007258013,-0.02209482,-0.01904392,0.9995481,1.831743,2.96894,0.1226267,-0.1063251,-0.1596232,0.9814354,30,-5.7,-8.475266,75.9585,31,5.7,-26.87033,206.8462
43.5943,-12.04032,-18.63266,132.9376,1.441842,2.991809,0.109477,0.00398139,-0.02039122,-0.01930238,0.9995978,1.545501,2.979198,0.1175144,-0.100449,-0.1597908,0.982027,30,-5.7,-8.23506,74.24935,31,5.7,-26.63012,205.137
43.6178,-12.48098,-18.63268,132.9378,0.9461154,2.996596,0.1054584,0.002391862,-0.0162756,-0.02060091,0.9996525,1.104855,2.979198,0.1175144,-0.100449,-0.1597908,0.982027,30,-5.7,-7.923919,72.03547,31,5.7,-26.31898,202.9231
43.63562,-12.85,-18.95063,138.0518,0.6968096,2.999282,0.1036655,0.0007657118,-0.01390675,-0.02065144,0.9996897,0.8177269,2.987189,0.1121336,-0.09738983,-0.1563186,0.9828935,30,-5.7,-7.688331,70.35917,31,5.7,-26.08339,201.2468
43.65955,-20.15839,-31.89756,227.3222,0.1960041,3.004408,0.1007843,-0.002004844,-0.009399343,-0.02202664,0.9997113,0.3064571,2.993576,0.1073588,-0.08867405,-0.1511831,0.9845205,30,-5.7,-7.371948,68.10799,31,5.7,-25.76701,198.9957
43.67755,-20.38119,-31.89758,227.3223,-0.05462305,3.00488,0.09907089,-0.003702377,-0.008268812,-0.02216258,0.9997134,0.08367741,2.993576,0.1073588,-0.08867405,-0.1511831,0.9845205,30,-5.7,-7.133788,66.41339,31,5.7,-25.52885,197.3011
43.70117,NaN,NaN,NaN,-0.5544501,3.005449,0.09550883,-0.004911999,-0.007349052,-0.02120363,0.9997362,-0.4270247,2.999379,0.103268,-0.01962854,-0.1320408,0.9910499,30,-5.7,-6.82177,64.19327,31,5.7,-25.21683,195.0809
43.71924,NaN,NaN,NaN,-0.8002828,3.005049,0.09375882,-0.005603773,-0.007645961,-0.02017464,0.9997515,-0.6455426,2.999379,0.103268,-0.01962854,-0.1320408,0.9910499,30,-5.7,-6.582661,62.49192,31,5.7,-24.97772,193.3796
43.74298,NaN,NaN,NaN,-1.287687,3.003468,0.09106645,-0.009733919,-0.00890356,-0.01781658,0.9997543,-1.145337,3.003038,0.09928083,-0.01272294,-0.1263253,0.9919072,30,-5.7,-6.26872,60.25812,31,5.7,-24.66378,191.1458
43.7608,NaN,NaN,NaN,-1.529475,3.001774,0.08996932,-0.01246303,-0.0113866,-0.01554938,0.9997367,-1.426301,3.004216,0.09529877,-0.01116348,-0.1301925,0.9914259,30,-5.7,-6.033224,58.58247,31,5.7,-24.42828,189.4702
43.78479,NaN,NaN,NaN,-2.007107,2.997762,0.08774433,-0.01671875,-0.01617272,-0.01368599,0.9996358,-1.850863,3.004216,0.09529877,-0.01116348,-0.1301925,0.9914259,30,-5.7,-5.716551,56.32922,31,5.7,-24.11161,187.2169
43.80249,NaN,NaN,NaN,-2.241471,2.994247,0.08666477,-0.01809495,-0.01910485,-0.01443353,0.9995496,-2.124453,3.002557,0.09185517,-0.01712671,-0.1290864,0.9914855,30,-5.7,-5.481964,54.66005,31,5.7,-23.87702,185.5477
43.82654,NaN,NaN,NaN,-2.698586,2.987102,0.08520581,-0.01785221,-0.0236562,-0.01616185,0.9994302,-2.594893,2.998456,0.0889504,-0.0252809,-0.1233157,0.9920454,30,-5.7,-5.164057,52.39803,31,5.7,-23.55911,183.2857
43.84448,NaN,NaN,NaN,-2.920207,2.983971,0.08458184,-0.01863829,-0.02588783,-0.01584704,0.9993654,-2.79189,2.998456,0.0889504,-0.0252809,-0.1233157,0.9920454,30,-5.7,-4.927362,50.71386,31,5.7,-23.32242,181.6015
43.86835,NaN,NaN,NaN,-3.354484,2.977143,0.08373984,-0.01893063,-0.03088938,-0.01611401,0.9992136,-3.24033,2.991679,0.08635497,0.0170729,-0.1279696,0.9916312,30,-5.7,-4.61184,48.4688,31,5.7,-23.0069,179.3565
43.88623,NaN,NaN,NaN,-3.566758,2.972546,0.08376256,-0.01875767,-0.03363944,-0.01552838,0.9991374,-3.429018,2.991679,0.08635497,0.0170729,-0.1279696,0.9916312,30,-5.7,-4.375093,46.78426,31,5.7,-22.77015,177.6719
43.9101,NaN,NaN,NaN,-3.975061,2.963546,0.08367097,-0.01610914,-0.03799852,-0.01523859,0.9990318,-3.852131,2.983861,0.0846194,0.01598373,-0.1300074,0.9913841,30,-5.7,-4.059803,44.54085,31,5.7,-22.45486,175.4285
43.92786,NaN,NaN,NaN,-4.168828,2.959521,0.08403285,-0.01423967,-0.03870565,-0.01483973,0.999039,-4.082194,2.97478,0.08392012,0.01142616,-0.1325275,0.9911135,30,-5.7,-3.824569,42.86707,31,5.7,-22.21963,173.7547
43.95184,NaN,NaN,NaN,-4.549894,2.949165,0.08482722,-0.01326285,-0.0403966,-0.01343611,0.9990054,-4.42092,2.97478,0.08392012,0.01142616,-0.1325275,0.9911135,30,-5.7,-3.507388,40.61022,31,5.7,-21.90244,171.4979
43.96973,NaN,NaN,NaN,-4.734832,2.944091,0.08569504,-0.01279331,-0.04128769,-0.01243421,0.998988,-4.640288,2.9646,0.08388007,0.02001147,-0.1365469,0.9904315,30,-5.7,-3.271215,38.92976,31,5.7,-21.66627,169.8174
43.99371,NaN,NaN,NaN,-5.091724,2.933823,0.08763522,-0.01395934,-0.04322571,-0.01141279,0.9989026,-5.009746,2.95323,0.08465421,0.03325515,-0.1368887,0.9900281,30,-5.7,-2.95412,36.67351,31,5.7,-21.34918,167.5612
44.01178,NaN,NaN,NaN,-5.25854,2.928262,0.08887975,-0.01531524,-0.04393023,-0.0106504,0.9988605,-5.158027,2.95323,0.08465421,0.03325515,-0.1368887,0.9900281,30,-5.7,-2.715324,34.97438,31,5.7,-21.11038,165.8621
44.0354,NaN,NaN,NaN,-5.583265,2.916479,0.09133701,-0.01566216,-0.04459272,-0.01052236,0.9988271,-5.495974,2.941193,0.0862453,0.03317758,-0.1364876,0.9900861,30,-5.7,-2.403007,32.75214,31,5.7,-20.79806,163.6398
44.05402,NaN,NaN,NaN,-5.736614,2.90976,0.09272598,-0.01441539,-0.04561425,-0.009745132,0.9988076,-5.632285,2.941193,0.0862453,0.03317758,-0.1364876,0.9900861,30,-5.7,-2.156788,31.0002,31,5.7,-20.55184,161.8879
44.07703,NaN,NaN,NaN,-6.028026,2.898331,0.09569633,-0.01216153,-0.04892231,-0.008448049,0.9986929,-5.937552,2.928333,0.08868158,0.03588105,-0.1343882,0.9902789,30,-5.7,-1.852791,28.83715,31,5.7,-20.24785,159.7248
44.09515,NaN,NaN,NaN,-6.163435,2.892366,0.09726691,-0.01054151,-0.05125918,-0.008434702,0.9985941,-6.101046,2.914251,0.09158373,0.03510791,-0.133385,0.9904423,30,-5.7,-1.61276,27.12924,31,5.7,-20.00782,158.0169
44.11871,NaN,NaN,NaN,-6.418735,2.880776,0.1005478,-0.01010984,-0.05653519,-0.008435782,0.9983138,-6.327979,2.914251,0.09158373,0.03510791,-0.133385,0.9904423,30,-5.7,-1.301186,24.91227,31,5.7,-19.69624,155.7999
44.13678,NaN,NaN,NaN,-6.536323,2.876277,0.1023113,-0.009822003,-0.05899617,-0.01027656,0.998157,-6.472192,2.89994,0.09487283,0.02495993,-0.133641,0.9907154,30,-5.7,-1.062164,23.21154,31,5.7,-19.45722,154.0992
44.16046,NaN,NaN,NaN,-6.754255,2.86519,0.1057527,-0.01196756,-0.063047,-0.0151466,0.9978238,-6.701729,2.88621,0.09877181,0.0250821,-0.1343644,0.9906145,30,-5.7,-0.7492005,20.98469,31,5.7,-19.14426,151.8724
44.17871,NaN,NaN,NaN,-6.8472,2.859672,0.1072861,-0.01083113,-0.06382116,-0.01567485,0.9977795,-6.784347,2.88621,0.09877181,0.0250821,-0.1343644,0.9906145,30,-5.7,-0.5082982,19.27058,31,5.7,-18.90335,150.1582
44.20227,NaN,NaN,NaN,-7.017035,2.849506,0.1099384,-0.006510409,-0.0658374,-0.01275422,0.9977276,-6.967236,2.873134,0.1028943,0.01902048,-0.1337218,0.9908364,30,-5.7,-0.1968711,17.05467,31,5.7,-18.59193,147.9423
44.22107,NaN,NaN,NaN,-7.08923,2.845319,0.1113102,-0.005670431,-0.06648791,-0.01021435,0.9977189,-7.031409,2.873134,0.1028943,0.01902048,-0.1337218,0.9908364,30,-5.7,0.052046,15.28353,31,5.7,-18.34301,146.1712
44.24414,NaN,NaN,NaN,-7.218351,2.836838,0.1138101,-0.00698168,-0.06851444,-0.006431598,0.997605,-7.173561,2.86024,0.1067404,0.02636747,-0.1364734,0.9902928,30,-5.7,0.356797,13.11511,31,5.7,-18.03826,144.0028
44.26227,NaN,NaN,NaN,-7.268034,2.832955,0.1147495,-0.008136721,-0.06939859,-0.00422228,0.9975469,-7.240459,2.848387,0.1101708,0.03442644,-0.1387683,0.9897263,30,-5.7,0.5968474,11.40707,31,5.7,-17.79821,142.2947
44.28583,NaN,NaN,NaN,-7.351711,2.825911,0.1164252,-0.008792689,-0.07114821,-0.0007324168,0.9974267,-7.314838,2.848387,0.1101708,0.03442644,-0.1387683,0.9897263,30,-5.7,0.90803,9.192887,31,5.7,-17.48703,140.0806
44.30396,NaN,NaN,NaN,-7.379647,2.822984,0.1170394,-0.008860534,-0.07212698,0.0004162784,0.997356,-7.357786,2.837921,0.1131598,0.03984061,-0.1335445,0.9902417,30,-5.7,1.147682,7.487676,31,5.7,-17.24738,138.3754
44.32751,NaN,NaN,NaN,-7.41741,2.818023,0.1180274,-0.009198347,-0.07455748,0.002389139,0.9971714,-7.404805,2.828829,0.1155038,0.0370206,-0.1302386,0.9907913,30,-5.7,1.459669,5.26777,31,5.7,-16.93539,136.1554
44.34564,NaN,NaN,NaN,-7.420693,2.816066,0.1180688,-0.00997282,-0.07604361,0.003446381,0.9970487,-7.407723,2.828829,0.1155038,0.0370206,-0.1302386,0.9907913,30,-5.7,1.699223,3.563254,31,5.7,-16.69584,134.4509
44.36932,NaN,NaN,NaN,-7.411951,2.812913,0.1177427,-0.01138414,-0.0796007,0.006071025,0.9967434,-7.408705,2.821342,0.1171167,0.0359415,-0.1282666,0.9910883,30,-5.7,2.012081,1.337154,31,5.7,-16.38298,132.2248
44.38818,NaN,NaN,NaN,-7.392815,2.812034,0.1172397,-0.01216702,-0.08163004,0.006244649,0.9965689,-7.391695,2.821342,0.1171167,0.0359415,-0.1282666,0.9910883,31,5.7,-16.13399,130.4532,32,-0.7,-34.22647,259.1876
44.41119,NaN,NaN,NaN,-7.338283,2.811099,0.1157088,-0.01333461,-0.08400524,0.003778578,0.9963689,-7.346766,2.815775,0.1178961,0.04164939,-0.1274645,0.9909682,31,5.7,-15.82909,128.2837,32,-0.7,-33.92157,257.0182
44.4295,NaN,NaN,NaN,-7.295699,2.810808,0.1145368,-0.01391995,-0.08383702,0.000608411,0.9963821,-7.307601,2.812141,0.1175652,0.03616988,-0.1307209,0.9907592,31,5.7,-15.5872,126.5626,32,-0.7,-33.67968,255.297
44.453,NaN,NaN,NaN,-7.196842,2.810652,0.1117733,-0.01461034,-0.08489083,0.000136439,0.9962831,-7.219728,2.812141,0.1175652,0.03616988,-0.1307209,0.9907592,31,5.7,-15.27629,124.3503,32,-0.7,-33.36876,253.0847
44.47101,NaN,NaN,NaN,-7.136028,2.810625,0.1098387,-0.01388162,-0.08596117,0.000579496,0.9962016,-7.159421,2.810236,0.1161687,0.03338193,-0.1336103,0.9904716,31,5.7,-15.03853,122.6586,32,-0.7,-33.131,251.393
44.49475,NaN,NaN,NaN,-7.000397,2.812169,0.1060536,-0.01403894,-0.08748218,0.0004724225,0.996067,-7.028008,2.809582,0.1134332,0.03908798,-0.1343852,0.990158,31,5.7,-14.72491,120.4271,32,-0.7,-32.81739,249.1615
44.513,NaN,NaN,NaN,-6.919027,2.813811,0.1042147,-0.01577853,-0.08823352,0.002112546,0.9959726,-6.955679,2.809582,0.1134332,0.03908798,-0.1343852,0.990158,31,5.7,-14.48306,118.7062,32,-0.7,-32.57553,247.4406
44.53644,NaN,NaN,NaN,-6.744128,2.818618,0.1004378,-0.01651773,-0.09009606,0.006499326,0.9957749,-6.78521,2.810127,0.1094613,0.03780738,-0.1359793,0.98999,31,5.7,-14.17377,116.5055,32,-0.7,-32.26624,245.2399
44.55518,NaN,NaN,NaN,-6.642735,2.821879,0.09879102,-0.0191341,-0.09121345,0.01017484,0.9955955,-6.695083,2.810127,0.1094613,0.03780738,-0.1359793,0.98999,31,5.7,-13.92539,114.7382,32,-0.7,-32.01787,243.4726
44.57813,NaN,NaN,NaN,-6.425445,2.830641,0.09553608,-0.02212838,-0.0925468,0.01713269,0.995315,-6.482742,2.812718,0.1049978,0.03975222,-0.131816,0.9904768,31,5.7,-13.62232,112.5817,32,-0.7,-31.7148,241.3161
44.59625,NaN,NaN,NaN,-6.303373,2.835731,0.09371318,-0.02234828,-0.09281347,0.02005055,0.9952308,-6.350991,2.818327,0.1006449,0.03864415,-0.1276728,0.9910632,31,5.7,-13.38303,110.8791,32,-0.7,-31.4755,239.6135
44.62006,NaN,NaN,NaN,-6.047043,2.84644,0.0906163,-0.02374498,-0.09326999,0.02505703,0.9950423,-6.123142,2.818327,0.1006449,0.03864415,-0.1276728,0.9910632,31,5.7,-13.06775,108.6358,32,-0.7,-31.16022,237.3702
44.63794,NaN,NaN,NaN,-5.907564,2.852412,0.08932473,-0.02533326,-0.09280762,0.02693213,0.9949973,-5.971199,2.827459,0.09646058,0.03980904,-0.1226987,0.9916453,31,5.7,-12.83191,106.9576,32,-0.7,-30.92438,235.692
44.66187,NaN,NaN,NaN,-5.616662,2.864034,0.08657218,-0.02560511,-0.09205602,0.03098419,0.9949422,-5.680532,2.839211,0.09256077,0.04080056,-0.127541,0.9909937,31,5.7,-12.51542,104.7057,32,-0.7,-30.60789,233.4401
44.67969,NaN,NaN,NaN,-5.458519,2.869991,0.08503616,-0.02368455,-0.09113845,0.03212314,0.9950382,-5.539962,2.839211,0.09256077,0.04080056,-0.127541,0.9909937,31,5.7,-12.27985,103.0296,32,-0.7,-30.37232,231.764
44.70349,NaN,NaN,NaN,-5.12931,2.88266,0.08236949,-0.02045848,-0.08855155,0.03451943,0.995263,-5.21121,2.852753,0.08905649,0.04169574,-0.1280253,0.9908941,31,5.7,-11.96523,100.7909,32,-0.7,-30.0577,229.5253
44.72192,NaN,NaN,NaN,-4.955204,2.889017,0.08091348,-0.01859816,-0.08608022,0.03541257,0.9954849,-5.056449,2.852753,0.08905649,0.04169574,-0.1280253,0.9908941,31,5.7,-11.72076,99.05145,32,-0.7,-29.81324,227.7858
44.74512,NaN,NaN,NaN,-4.599179,2.901357,0.07817072,-0.01674093,-0.08084849,0.03656506,0.9959148,-4.700004,2.867113,0.08571732,0.04383096,-0.1313332,0.9903688,31,5.7,-11.41434,96.87118,32,-0.7,-29.50682,225.6056
44.76312,NaN,NaN,NaN,-4.41205,2.908177,0.07703295,-0.01615218,-0.07738949,0.03666663,0.9961956,-4.490293,2.881866,0.0823648,0.05475828,-0.1373662,0.9890056,31,5.7,-11.17672,95.18039,32,-0.7,-29.26919,223.9148
44.78717,NaN,NaN,NaN,-4.032522,2.921446,0.07448117,-0.01511499,-0.07070014,0.03204852,0.9968681,-4.152936,2.881866,0.0823648,0.05475828,-0.1373662,0.9890056,31,5.7,-10.85878,92.91817,32,-0.7,-28.95126,221.6526
44.80475,NaN,NaN,NaN,-3.832688,2.928575,0.07338089,-0.01524005,-0.06863915,0.02491274,0.997214,-3.928719,2.896994,0.0791142,0.1100922,-0.1410114,0.9838676,31,5.7,-10.62579,91.26035,32,-0.7,-28.71827,219.9947
44.82874,44.44758,-54.16573,385.7685,-3.434472,2.941687,0.07029441,-0.01331727,-0.06578346,0.01073803,0.9976872,-3.525084,2.912862,0.07585895,0.1221196,-0.1452997,0.9818222,31,5.7,-10.30916,89.0074,32,-0.7,-28.40164,217.7418
44.8465,44.63227,-54.16573,385.7684,-3.226693,2.947773,0.06878014,-0.0120049,-0.06520193,0.004213348,0.9977911,-3.340392,2.912862,0.07585895,0.1221196,-0.1452997,0.9818222,31,5.7,-10.07396,87.33385,32,-0.7,-28.16643,216.0682
44.87048,NaN,NaN,NaN,-2.804064,2.960018,0.06598338,-0.009864153,-0.06149058,-0.003072325,0.9980542,-2.913133,2.928765,0.07272148,0.1215246,-0.1444193,0.9820259,31,5.7,-9.757215,85.08009,32,-0.7,-27.84969,213.8145
44.88892,NaN,NaN,NaN,-2.586246,2.965087,0.06469353,-0.01038962,-0.0584825,-0.002694404,0.9982308,-2.719517,2.928765,0.07272148,0.1215246,-0.1444193,0.9820259,31,5.7,-9.513159,83.34355,32,-0.7,-27.60563,212.0779
44.91223,NaN,NaN,NaN,-2.149608,2.975653,0.06174904,-0.007447619,-0.05257011,-0.0009451711,0.9985891,-2.277635,2.944168,0.06943035,0.1194055,-0.1444839,0.9822763,31,5.7,-9.204808,81.14952,32,-0.7,-27.29728,209.8839
44.93005,42.50678,-50.82064,361.9669,-1.926275,2.979718,0.06024617,-0.006285136,-0.04995486,0.0001946023,0.9987317,-2.023088,2.95848,0.06605935,0.1208163,-0.1459111,0.9818928,31,5.7,-8.96917,79.47286,32,-0.7,-27.06165,208.2073
44.95447,42.90726,-50.82071,361.9673,-1.475797,2.986438,0.05700848,-0.003045893,-0.04651159,0.004016058,0.9989051,-1.622663,2.95848,0.06605935,0.1208163,-0.1459111,0.9818928,31,5.7,-8.64656,77.17738,32,-0.7,-26.73903,205.9118
44.9718,30.14249,-36.24088,258.2266,-1.248291,2.989574,0.05573886,-0.003194052,-0.04529024,0.005024985,0.9989561,-1.362561,2.970949,0.06242073,0.1197825,-0.1490837,0.9815428,31,5.7,-8.417377,75.54666,32,-0.7,-26.50985,204.2811
44.99573,38.46087,-45.00755,320.6047,-0.7928511,2.994449,0.05299116,-0.00312759,-0.04290921,0.005733919,0.9990576,-0.898562,2.981013,0.05893683,0.1205499,-0.1469792,0.9817662,31,5.7,-8.101442,73.29867,32,-0.7,-26.19392,202.0331
45.01392,38.6656,-45.0076,320.6051,-0.5625873,2.996351,0.05160601,-0.002990728,-0.04179036,0.005532601,0.9991066,-0.693883,2.981013,0.05893683,0.1205499,-0.1469792,0.9817662,31,5.7,-7.860259,71.58256,32,-0.7,-25.95274,200.317
45.03754,42.78163,-50.07751,356.6792,-0.1023831,2.999105,0.04899438,-0.003811138,-0.03894299,0.005043871,0.9992214,-0.2246755,2.988755,0.05553877,0.11844,-0.1461453,0.9821474,31,5.7,-7.548575,69.36481,32,-0.7,-25.64105,198.0992
45.05627,42.98738,-50.07751,356.6792,0.129094,2.999714,0.04775692,-0.003608155,-0.03752617,0.00528327,0.9992752,-0.01891811,2.988755,0.05553877,0.11844,-0.1461453,0.9821474,31,5.7,-7.300402,67.59898,32,-0.7,-25.39288,196.3334
45.07928,NaN,NaN,NaN,0.5924103,3.000134,0.04572067,-0.006301991,-0.03469938,0.00726886,0.9993516,0.4538672,2.994487,0.05216372,0.1134614,-0.1425912,0.983257,31,5.7,-6.996191,65.4344,32,-0.7,-25.08867,194.1688
45.09729,22.23976,-24.19423,194.1485,0.8165104,3.000946,0.04546324,-0.007367683,-0.03402338,0.008659138,0.9993564,0.7143463,2.997918,0.04907072,0.10917,-0.1379098,0.9844099,31,5.7,-6.758047,63.73992,32,-0.7,-24.85052,192.4743
45.12152,22.4481,-23.95222,192.4211,1.26641,3.000917,0.0442163,-0.01026205,-0.03232231,0.006122821,0.9994061,1.114257,2.997918,0.04907072,0.10917,-0.1379098,0.9844099,31,5.7,-6.43781,61.46132,32,-0.7,-24.53029,190.1957
45.1391,25.66187,-33.97177,271.7231,1.490718,2.999166,0.04414967,-0.01130373,-0.03191114,0.003831967,0.9994195,1.37475,2.999521,0.04669404,0.08823527,-0.1343169,0.9870023,31,5.7,-6.205745,59.81009,32,-0.7,-24.29822,188.5445
45.16284,NaN,NaN,NaN,1.934379,2.996328,0.04345338,-0.01222719,-0.02983042,-0.000550499,0.99948,1.829575,2.999844,0.04508591,0.02696633,-0.1303224,0.9911049,31,5.7,-5.891689,57.57547,32,-0.7,-23.98417,186.3099
45.18073,NaN,NaN,NaN,2.153867,2.993947,0.04328152,-0.01189626,-0.02875758,-0.00171328,0.9995142,2.024675,2.999844,0.04508591,0.02696633,-0.1303224,0.9911049,31,5.7,-5.655121,55.8922,32,-0.7,-23.7476,184.6266
45.20459,NaN,NaN,NaN,2.58454,2.987075,0.0425767,-0.0128217,-0.0260663,-0.003812994,0.9995708,2.467516,2.998109,0.04423046,0.02439534,-0.1273392,0.9915591,31,5.7,-5.339592,53.64709,32,-0.7,-23.43207,182.3815
45.22333,NaN,NaN,NaN,2.79269,2.984056,0.04254497,-0.01201092,-0.02424061,-0.005875409,0.9996167,2.652538,2.998109,0.04423046,0.02439534,-0.1273392,0.9915591,31,5.7,-5.092017,51.88551,32,-0.7,-23.1845,180.6199
45.24646,NaN,NaN,NaN,3.205564,2.976795,0.04268811,-0.01405302,-0.0219602,-0.007972963,0.9996283,3.07807,2.99347,0.0434165,0.01581394,-0.126014,0.9919024,31,5.7,-4.785913,49.70746,32,-0.7,-22.87839,178.4419
45.26447,NaN,NaN,NaN,3.406723,2.971897,0.04272866,-0.01559071,-0.02113376,-0.008674118,0.9996175,3.314,2.986493,0.0428437,0.02035871,-0.1249818,0.9919502,31,5.7,-4.547607,48.01183,32,-0.7,-22.64009,176.7462
45.28882,NaN,NaN,NaN,3.795387,2.963419,0.04316685,-0.01712759,-0.01843094,-0.01238213,0.9996068,3.659479,2.986493,0.0428437,0.02035871,-0.1249818,0.9919502,31,5.7,-4.226083,45.72407,32,-0.7,-22.31856,174.4585
45.30634,NaN,NaN,NaN,3.984756,2.95988,0.04413653,-0.01731724,-0.01729278,-0.01511743,0.9995862,3.883235,2.977769,0.04268491,0.01407897,-0.1231055,0.9922937,31,5.7,-3.994362,44.07529,32,-0.7,-22.08684,172.8097
45.32996,NaN,NaN,NaN,4.354277,2.949032,0.04553282,-0.01885985,-0.01608867,-0.01619047,0.9995616,4.264957,2.967986,0.04308879,-0.002796822,-0.1318965,0.9912596,31,5.7,-3.681882,41.85188,32,-0.7,-21.77436,170.5863
45.34796,NaN,NaN,NaN,4.531907,2.943395,0.04616354,-0.01870799,-0.01578813,-0.01732486,0.9995503,4.42285,2.967986,0.04308879,-0.002796822,-0.1318965,0.9912596,31,5.7,-3.44371,40.15719,32,-0.7,-21.53619,168.8916
45.37183,NaN,NaN,NaN,4.873733,2.932037,0.04801513,-0.0168938,-0.01518201,-0.01967635,0.9995484,4.777679,2.957174,0.04426336,-0.004223724,-0.1308505,0.9913931,31,5.7,-3.128828,37.91669,32,-0.7,-21.22131,166.6511
45.39044,NaN,NaN,NaN,5.035571,2.926947,0.04913452,-0.01565863,-0.0150091,-0.02204932,0.9995216,4.921535,2.957174,0.04426336,-0.004223724,-0.1308505,0.9913931,31,5.7,-2.88215,36.16148,32,-0.7,-20.97463,164.8959
45.41376,NaN,NaN,NaN,5.347883,2.916748,0.05192169,-0.01635721,-0.01460661,-0.02540321,0.9994367,5.24769,2.944805,0.04596019,-0.01332232,-0.1419902,0.9897784,31,5.7,-2.574248,33.97064,32,-0.7,-20.66673,162.7051
45.43146,NaN,NaN,NaN,5.495649,2.91065,0.05331489,-0.01920634,-0.01491029,-0.02421183,0.9994112,5.42473,2.931793,0.04811144,-0.01561207,-0.1440363,0.9894493,31,5.7,-2.340233,32.30554,32,-0.7,-20.43271,161.04
45.45593,NaN,NaN,NaN,5.776094,2.89802,0.05616877,-0.02083506,-0.01402121,-0.02414746,0.999393,5.674014,2.931793,0.04811144,-0.01561207,-0.1440363,0.9894493,31,5.7,-2.016639,30.00305,32,-0.7,-20.10912,158.7375
45.47314,NaN,NaN,NaN,5.904431,2.892064,0.05769994,-0.0203874,-0.0126389,-0.02495505,0.9994008,5.830673,2.918807,0.05103469,-0.02008735,-0.1442402,0.9893388,31,5.7,-1.788674,28.381,32,-0.7,-19.88115,157.1154
45.49719,NaN,NaN,NaN,6.146883,2.880053,0.0607928,-0.02079209,-0.009401218,-0.02688266,0.9993782,6.085395,2.904868,0.05439734,-0.02160098,-0.1410805,0.9897624,31,5.7,-1.470677,26.11833,32,-0.7,-19.56315,154.8528
45.51483,NaN,NaN,NaN,6.256087,2.873726,0.06237326,-0.01983664,-0.007561963,-0.02702088,0.9994094,6.182466,2.904868,0.05439734,-0.02160098,-0.1410805,0.9897624,31,5.7,-1.237607,24.45995,32,-0.7,-19.33008,153.1944
45.53882,NaN,NaN,NaN,6.459256,2.862379,0.06571974,-0.01854185,-0.0050213,-0.02603,0.9994766,6.398568,2.890465,0.05801284,-0.01806876,-0.1445239,0.9893363,31,5.7,-0.9207984,22.20574,32,-0.7,-19.01328,150.9402
45.55701,NaN,NaN,NaN,6.551091,2.856205,0.06733999,-0.01911231,-0.004481532,-0.02520722,0.9994895,6.480199,2.890465,0.05801284,-0.01806876,-0.1445239,0.9893363,31,5.7,-0.6798197,20.49109,32,-0.7,-18.7723,149.2255
45.58051,2.572575,-44.10612,314.1906,6.715478,2.84386,0.07036124,-0.01782708,-0.003561322,-0.02477128,0.9995278,6.657861,2.875861,0.06186879,-0.01286101,-0.1479053,0.9889179,31,5.7,-0.3697189,18.28461,32,-0.7,-18.4622,147.019
45.59845,2.014306,-28.98422,206.5928,6.784194,2.838377,0.07201871,-0.0165681,-0.003045615,-0.02563186,0.9995295,6.746445,2.861546,0.06566715,-0.02263948,-0.1523564,0.9880663,31,5.7,-0.1318493,16.59208,32,-0.7,-18.22433,145.3265
45.62286,2.120036,-28.98424,206.593,6.903144,2.828931,0.07559599,-0.01577274,-0.001694575,-0.02840125,0.9994708,6.852178,2.861546,0.06566715,-0.02263948,-0.1523564,0.9880663,31,5.7,0.1909414,14.2953,32,-0.7,-17.90154,143.0297
45.64032,1.406943,-25.12427,179.1277,6.947256,2.824388,0.07725365,-0.01777088,-0.0005276054,-0.03232604,0.9993193,6.914624,2.847293,0.0694387,-0.03037655,-0.1542717,0.9875614,31,5.7,0.421146,12.65731,32,-0.7,-17.67133,141.3917
45.66406,2.143431,-23.62173,168.4367,7.021633,2.81703,0.08018689,-0.01638645,0.001783367,-0.03742191,0.9991636,6.999315,2.834247,0.07327974,-0.02848051,-0.1551684,0.9874774,31,5.7,0.7349736,10.42431,32,-0.7,-17.3575,139.1587
45.6817,2.164764,-23.62173,168.4367,7.045632,2.813756,0.08120437,-0.01416385,0.002855577,-0.03726264,0.9992011,7.020648,2.834247,0.07327974,-0.02848051,-0.1551684,0.9874774,31,5.7,0.9682694,8.764327,32,-0.7,-17.12421,137.4987
45.70587,-3.453721,-43.06428,306.7776,7.072668,2.808542,0.08333908,-0.01150663,0.00473639,-0.03714641,0.9992324,7.058499,2.823394,0.07717359,-0.03387844,-0.1478853,0.9884241,31,5.7,1.287761,6.491023,32,-0.7,-16.80472,135.2254
45.72388,-3.454247,-43.06428,306.7776,7.072075,2.806518,0.08438464,-0.01214889,0.006194539,-0.03835722,0.9991711,7.057973,2.823394,0.07717359,-0.03387844,-0.1478853,0.9884241,31,5.7,1.525741,4.797713,32,-0.7,-16.56674,133.5321
45.74762,-0.7581407,-32.46511,231.3606,7.052864,2.80356,0.08623433,-0.01337167,0.01025304,-0.04166811,0.9989895,7.049925,2.814651,0.08053601,-0.03335559,-0.150713,0.9880146,31,5.7,1.839756,2.563381,32,-0.7,-16.25272,131.2978
45.76556,-0.681964,-29.43906,209.8292,7.030507,2.802531,0.0870136,-0.01538665,0.01261168,-0.04215113,0.9989132,7.034096,2.808091,0.08330286,-0.03633642,-0.1518581,0.9877342,31,5.7,2.077391,0.8725169,32,-0.7,-16.01509,129.6069
45.78979,-0.7397348,-29.43907,209.8292,6.965514,2.800359,0.08792986,-0.01808967,0.01553788,-0.04048427,0.9988956,6.976325,2.808091,0.08330286,-0.03633642,-0.1518581,0.9877342,32,-0.7,-15.69501,127.3295,33,5.7,-33.78769,256.0659
45.80725,-2.21996,-36.63232,261.0119,6.916963,2.799576,0.08800996,-0.01871591,0.0157977,-0.04007946,0.9988964,6.93233,2.803687,0.08563316,-0.03466142,-0.1493516,0.9881765,32,-0.7,-15.46442,125.6887,33,5.7,-33.55709,254.4251
45.8313,NaN,NaN,NaN,6.802679,2.798506,0.08787677,-0.0184132,0.01735427,-0.04214267,0.9987912,6.825089,2.800651,0.08726895,-0.03759263,-0.1442884,0.9888213,32,-0.7,-15.14604,123.4234,33,5.7,-33.23872,252.1597
45.849,NaN,NaN,NaN,6.728888,2.799772,0.08785404,-0.01847847,0.01825147,-0.04466699,0.9986643,6.759498,2.800651,0.08726895,-0.03759263,-0.1442884,0.9888213,32,-0.7,-14.91177,121.7565,33,5.7,-33.00445,250.4928
45.87311,-6.603517,-42.98697,306.2275,6.56536,2.805522,0.08786536,-0.01718356,0.01925995,-0.04773047,0.9985267,6.603274,2.798646,0.08796,-0.04262647,-0.1477785,0.9881015,32,-0.7,-14.59324,119.49,33,5.7,-32.68592,248.2263
45.89111,-6.693653,-42.98691,306.2271,6.463936,2.81099,0.08845475,-0.01975947,0.02041852,-0.05052184,0.9983187,6.51312,2.798646,0.08796,-0.04262647,-0.1477785,0.9881015,32,-0.7,-14.3552,117.7962,33,5.7,-32.44788,246.5326
45.91473,-9.815657,-51.3298,365.5897,6.255129,2.823951,0.08888724,-0.02550403,0.02060262,-0.05202521,0.9981074,6.31136,2.799264,0.08810341,-0.0436054,-0.1463581,0.9882701,32,-0.7,-14.04297,115.5746,33,5.7,-32.13565,244.311
45.9328,NaN,NaN,NaN,6.138234,2.830356,0.08858211,-0.02574649,0.02083738,-0.05247295,0.998073,6.185967,2.805516,0.0883671,-0.04129086,-0.1415286,0.9890727,32,-0.7,-13.80383,113.873,33,5.7,-31.89651,242.6094
45.95667,NaN,NaN,NaN,5.890701,2.844205,0.08778208,-0.02453422,0.02122956,-0.05255035,0.9980912,5.965937,2.805516,0.0883671,-0.04129086,-0.1415286,0.9890727,32,-0.7,-13.48863,111.6303,33,5.7,-31.58131,240.3666
45.97473,NaN,NaN,NaN,5.750689,2.852455,0.08726259,-0.02211089,0.02208195,-0.05610612,0.9979357,5.815192,2.817879,0.08863711,-0.0009477407,-0.1391658,0.9902686,32,-0.7,-13.25008,109.9329,33,5.7,-31.34276,238.6693
45.99823,NaN,NaN,NaN,5.464561,2.870802,0.08707657,-0.0231853,0.02389848,-0.06125876,0.9975664,5.530189,2.833601,0.08829236,0.00126509,-0.1403794,0.990097,32,-0.7,-12.93861,107.7167,33,5.7,-31.0313,236.4531
46.01642,NaN,NaN,NaN,5.312315,2.879622,0.08721927,-0.02547913,0.0246117,-0.06168749,0.9974667,5.394858,2.833601,0.08829236,0.00126509,-0.1403794,0.990097,32,-0.7,-12.69818,106.0059,33,5.7,-30.79086,234.7423
46.04004,NaN,NaN,NaN,5.001045,2.89696,0.08661143,-0.02750847,0.02443315,-0.06112852,0.9974516,5.083258,2.852226,0.08801806,0.002802784,-0.1405245,0.9900733,32,-0.7,-12.38656,103.7886,33,5.7,-30.47924,232.525
46.05811,NaN,NaN,NaN,4.834391,2.903327,0.08565568,-0.02718997,0.02313973,-0.05922278,0.9976061,4.935121,2.852226,0.08801806,0.002802784,-0.1405245,0.9900733,32,-0.7,-12.14761,102.0884,33,5.7,-30.24029,230.8248
46.08185,NaN,NaN,NaN,4.490504,2.916041,0.08377745,-0.02065619,0.02027041,-0.06089798,0.9977244,4.591022,2.873046,0.08748305,0.005983534,-0.1373024,0.9905111,32,-0.7,-11.83312,99.85066,33,5.7,-29.9258,228.5871
46.1001,5.499937,-47.85656,340.8763,4.311146,2.923308,0.08300519,-0.01596159,0.01924339,-0.0646508,0.9975948,4.39016,2.892926,0.08642161,0.003220947,-0.1472922,0.9890878,32,-0.7,-11.59238,98.13776,33,5.7,-29.68506,226.8741
46.12354,5.182106,-47.85649,340.8759,3.953588,2.938015,0.08187698,-0.01227111,0.01787782,-0.06822343,0.9974344,4.07233,2.892926,0.08642161,0.003220947,-0.1472922,0.9890878,32,-0.7,-11.2822,95.9307,33,5.7,-29.37488,224.6671
46.14154,3.46705,-22.10579,157.6502,3.774987,2.945453,0.08129665,-0.01162183,0.01696307,-0.06669733,0.9975614,3.869122,2.910364,0.08471286,-0.00252021,-0.1568022,0.9876268,32,-0.7,-11.04389,94.23506,33,5.7,-29.13658,222.9715
46.16522,3.980048,-21.76366,155.2159,3.403846,2.95767,0.07980615,-0.009020123,0.01617298,-0.06501973,0.9977122,3.492741,2.927518,0.0830332,0.00310216,-0.1571823,0.9875647,32,-0.7,-10.7313,92.01086,33,5.7,-28.82399,220.7472
46.18323,3.810967,-21.76366,155.2159,3.21363,2.963012,0.07878892,-0.005730373,0.01530468,-0.06342492,0.9978528,3.32366,2.927518,0.0830332,0.00310216,-0.1571823,0.9875647,32,-0.7,-10.49345,90.31842,33,5.7,-28.58613,219.0548
46.20709,3.71228,-20.05552,143.0618,2.827916,2.973197,0.07679929,0.0003373059,0.01428129,-0.0655378,0.9977478,2.932607,2.943903,0.08132541,0.005383706,-0.1588132,0.987294,32,-0.7,-10.17782,88.07259,33,5.7,-28.2705,216.809
46.22498,3.538744,-20.0555,143.0617,2.632689,2.977843,0.07587358,0.002169504,0.01435576,-0.06727286,0.997629,2.759072,2.943903,0.08132541,0.005383706,-0.1588132,0.987294,32,-0.7,-9.941171,86.38877,33,5.7,-28.03385,215.1252
46.24878,2.899881,-19.97433,142.4842,2.240959,2.986403,0.07444113,0.0032367,0.01540902,-0.06978027,0.9974381,2.361232,2.958439,0.07934546,0.003734379,-0.1589898,0.9872732,32,-0.7,-9.626465,84.14952,33,5.7,-27.71915,212.8859
46.26685,3.422104,-20.89662,149.0466,2.044617,2.990153,0.07398148,0.001128246,0.01682441,-0.0705697,0.9973643,2.135634,2.970884,0.07726812,0.008526739,-0.1581943,0.9873712,32,-0.7,-9.387182,82.44694,33,5.7,-27.47986,211.1833
46.29077,3.072052,-20.89662,149.0466,1.650809,2.996561,0.07279311,-0.001383146,0.0192326,-0.0705036,0.9973252,1.785582,2.970884,0.07726812,0.008526739,-0.1581943,0.9873712,32,-0.7,-9.071468,80.20052,33,5.7,-27.16415,208.9369
46.30835,3.1729,-22.53064,160.6732,1.450553,2.9986,0.07192455,-0.002240426,0.02060971,-0.07141893,0.997231,1.555739,2.981705,0.07535017,0.009944425,-0.1568835,0.9875671,32,-0.7,-8.839156,78.54753,33,5.7,-26.93184,207.2839
46.3324,4.607226,-32.78313,233.6233,1.049486,3.00105,0.0701431,-0.003158671,0.02252939,-0.0726945,0.9970948,1.14698,2.990673,0.07365704,0.01464351,-0.1513921,0.9883653,32,-0.7,-8.520779,76.28216,33,5.7,-26.61346,205.0185
46.3501,4.427513,-32.78309,233.623,0.8473128,3.002134,0.06934965,9.653787E-05,0.02351872,-0.07437263,0.9969532,0.9672703,2.990673,0.07365704,0.01464351,-0.1513921,0.9883653,32,-0.7,-8.286547,74.61551,33,5.7,-26.37923,203.3519
46.37415,5.565706,-36.73494,261.7419,0.4470775,3.004137,0.06799856,0.0006516553,0.02547846,-0.07657126,0.9967384,0.5586746,2.996983,0.07190156,0.01891468,-0.1500923,0.9884911,32,-0.7,-7.968658,72.35361,33,5.7,-26.06134,201.09
46.39172,5.387809,-36.73494,261.7419,0.2469436,3.002596,0.06711014,-0.001691562,0.02709945,-0.07769209,0.9966076,0.3807778,2.996983,0.07190156,0.01891468,-0.1500923,0.9884911,32,-0.7,-7.736477,70.70156,33,5.7,-25.82916,199.4379
46.41559,3.878795,-23.93133,170.6396,-0.1490511,3.001278,0.065772,-0.001629585,0.02863338,-0.07599891,0.9966955,-0.02453147,3.000638,0.06994319,0.02259825,-0.1559223,0.9875108,32,-0.7,-7.420808,68.45546,33,5.7,-25.51349,197.1918
46.43341,4.355743,-23.75168,169.3613,-0.3452563,2.999839,0.064817,0.0004530891,0.02887346,-0.07453871,0.9967999,-0.2522771,3.001965,0.06815422,0.02687581,-0.156038,0.9873853,32,-0.7,-7.184889,66.7768,33,5.7,-25.27757,195.5132
46.45758,4.014176,-23.75168,169.3613,-0.7295184,2.996022,0.0633125,0.003423908,0.02819717,-0.07146228,0.9970388,-0.5938433,3.001965,0.06815422,0.02687581,-0.156038,0.9873853,32,-0.7,-6.865758,64.50607,33,5.7,-24.95844,193.2425
46.4751,4.031827,-22.56499,160.9176,-0.9172182,2.993762,0.0626225,0.004374448,0.02741043,-0.06869835,0.9972513,-0.8135974,3.00094,0.0663588,0.02973704,-0.1569017,0.9871665,32,-0.7,-6.633748,62.85524,33,5.7,-24.72643,191.5916
46.49921,2.739578,-19.75126,140.8969,-1.286606,2.989063,0.06123363,0.003955091,0.02711615,-0.06607172,0.9974385,-1.193904,2.997758,0.06430042,0.02756231,-0.1594047,0.9868285,32,-0.7,-6.315684,60.59209,33,5.7,-24.40837,189.3285
46.51697,2.576697,-19.75126,140.8969,-1.469847,2.98394,0.06024508,0.003521185,0.0276187,-0.06692413,0.9973695,-1.356785,2.997758,0.06430042,0.02756231,-0.1594047,0.9868285,32,-0.7,-6.080705,58.92013,33,5.7,-24.17339,187.6565
46.54132,4.228951,-25.40989,181.1601,-1.821446,2.975658,0.05855606,0.006062888,0.03008278,-0.06741342,0.9972531,-1.719901,2.992821,0.06233871,0.03243506,-0.1548608,0.9874038,32,-0.7,-5.758632,56.62846,33,5.7,-23.85132,185.3649
46.55872,4.076028,-25.40993,181.1603,-1.993493,2.971945,0.05763011,0.00978684,0.03253172,-0.06886899,0.9970472,-1.872831,2.992821,0.06233871,0.03243506,-0.1548608,0.9874038,32,-0.7,-5.528837,54.99339,33,5.7,-23.62152,183.7298
46.5827,9.143737,-38.66128,275.4485,-2.332686,2.962023,0.05584964,0.01388891,0.03480928,-0.06850344,0.9969467,-2.223526,2.985206,0.06065345,0.04077925,-0.1494039,0.987935,32,-0.7,-5.211567,52.73589,33,5.7,-23.30425,181.4723
46.60034,4.902564,-22.24197,158.6192,-2.500812,2.956783,0.05501707,0.0142112,0.034767,-0.06826618,0.9969599,-2.420307,2.975925,0.05873036,0.04556284,-0.1569056,0.986562,32,-0.7,-4.978133,51.07493,33,5.7,-23.07082,179.8113
46.62439,4.610666,-22.24197,158.6192,-2.829197,2.946083,0.05359498,0.01410201,0.03477577,-0.06883447,0.996922,-2.712205,2.975925,0.05873036,0.04556284,-0.1569056,0.986562,32,-0.7,-4.660641,48.81585,33,5.7,-22.75333,177.5522
46.64209,3.523131,-17.91623,127.84,-2.986631,2.940917,0.05300445,0.01254138,0.03456772,-0.0682931,0.9969875,-2.897923,2.965107,0.05672884,0.04953092,-0.1610751,0.9856985,32,-0.7,-4.426243,47.14803,33,5.7,-22.51893,175.8844
46.66614,3.817475,-21.98552,156.7944,-3.290689,2.931066,0.0518833,0.01089019,0.03332145,-0.06561621,0.997229,-3.212678,2.953029,0.05479288,0.04425186,-0.1569777,0.9866102,32,-0.7,-4.108265,44.88549,33,5.7,-22.20095,173.6219
46.6839,3.684892,-21.9855,156.7943,-3.43984,2.925514,0.05128795,0.011687,0.03187144,-0.06512129,0.9972998,-3.345256,2.953029,0.05479288,0.04425186,-0.1569777,0.9866102,32,-0.7,-3.873314,43.21373,33,5.7,-21.966,171.9501
46.70795,3.692608,-23.18824,165.3522,-3.720654,2.91555,0.05023339,0.01047738,0.02884871,-0.06410813,0.9974709,-3.637498,2.940765,0.05314589,0.04375872,-0.155983,0.98679,32,-0.7,-3.555149,40.94987,33,5.7,-21.64783,169.6863
46.72571,3.573095,-23.18825,165.3523,-3.855112,2.910345,0.04971859,0.009185353,0.02692026,-0.06386661,0.9975531,-3.757016,2.940765,0.05314589,0.04375872,-0.155983,0.98679,32,-0.7,-3.320289,39.27875,33,5.7,-21.41298,168.0152
46.74963,4.264237,-28.03032,199.8053,-4.11108,2.900629,0.04888667,0.005109743,0.0225204,-0.06138735,0.9978469,-4.025095,2.928226,0.05165946,0.04097374,-0.1530265,0.9873723,32,-0.7,-3.004046,37.02856,33,5.7,-21.09673,165.765
46.76764,7.239291,-36.31926,258.7842,-4.229738,2.89554,0.04816844,0.002643204,0.02007209,-0.05952468,0.9980215,-4.168655,2.915761,0.05028939,0.04355169,-0.1497861,0.9877588,32,-0.7,-2.765916,35.33418,33,5.7,-20.8586,164.0706
46.79181,NaN,NaN,NaN,-4.452454,2.885986,0.04690804,-0.0002296206,0.01569072,-0.05625965,0.9982929,-4.401788,2.903801,0.04916286,0.04617821,-0.143064,0.9886355,32,-0.7,-2.446807,33.0636,33,5.7,-20.53949,161.8
46.80945,NaN,NaN,NaN,-4.552423,2.881516,0.04608522,-0.001434515,0.01333055,-0.05417435,0.9984415,-4.490649,2.903801,0.04916286,0.04617821,-0.143064,0.9886355,32,-0.7,-2.213314,31.40222,33,5.7,-20.306,160.1386
46.83344,NaN,NaN,NaN,-4.736913,2.873143,0.04464956,-0.003419897,0.008204296,-0.04864299,0.9987767,-4.68658,2.892132,0.04783702,0.037165,-0.1376719,0.9897804,32,-0.7,-1.896648,29.14902,33,5.7,-19.98934,157.8854
46.85138,NaN,NaN,NaN,-4.820499,2.868637,0.04389533,-0.006366271,0.006473077,-0.04708623,0.9988496,-4.760879,2.892132,0.04783702,0.037165,-0.1376719,0.9897804,32,-0.7,-1.65893,27.45757,33,5.7,-19.75162,156.194
46.875,NaN,NaN,NaN,-4.96656,2.860322,0.0422934,-0.009686619,0.00409739,-0.04366679,0.9989908,-4.919011,2.881107,0.04617393,0.02872152,-0.1323643,0.9907849,32,-0.7,-1.346596,25.2352,33,5.7,-19.43928,153.9716
46.89325,NaN,NaN,NaN,-5.023866,2.856716,0.04139176,-0.01203935,0.004720911,-0.0412037,0.9990671,-4.994308,2.870653,0.04440475,0.02011179,-0.1321857,0.9910209,32,-0.7,-1.105309,23.51835,33,5.7,-19.198,152.2548
46.91675,NaN,NaN,NaN,-5.124769,2.850387,0.03976603,-0.01619007,0.006026413,-0.03165474,0.9993496,-5.084001,2.870653,0.04440475,0.02011179,-0.1321857,0.9910209,32,-0.7,-0.795157,21.3115,33,5.7,-18.88784,150.0479
46.9353,NaN,NaN,NaN,-5.162793,2.847879,0.03890266,-0.01815323,0.007511023,-0.0266781,0.999451,-5.137793,2.860939,0.0425837,0.03082359,-0.1363821,0.9901767,32,-0.7,-0.549167,19.5612,33,5.7,-18.64185,148.2976
46.9585,NaN,NaN,NaN,-5.221099,2.842315,0.03702642,-0.02213984,0.008764562,-0.01825694,0.9995498,-5.18962,2.860939,0.0425837,0.03082359,-0.1363821,0.9901767,32,-0.7,-0.2425115,17.37923,33,5.7,-18.3352,146.1156
46.97662,NaN,NaN,NaN,-5.238548,2.840503,0.03618858,-0.02241197,0.008917637,-0.01457254,0.9996029,-5.220542,2.85251,0.04064953,0.03434055,-0.1306299,0.9908363,32,-0.7,-0.003503546,15.6786,33,5.7,-18.09619,144.415
47.00031,NaN,NaN,NaN,-5.25864,2.836475,0.03456807,-0.0256637,0.008217153,-0.008732605,0.9995988,-5.249376,2.84536,0.0387758,0.03840604,-0.1351077,0.9900863,32,-0.7,0.3096099,13.45068,33,5.7,-17.78308,142.1871
47.01874,NaN,NaN,NaN,-5.25508,2.834832,0.03387623,-0.02714031,0.007642683,-0.00769571,0.9995728,-5.246212,2.84536,0.0387758,0.03840604,-0.1351077,0.9900863,32,-0.7,0.5537543,11.7135,33,5.7,-17.53893,140.4499
47.04199,NaN,NaN,NaN,-5.230989,2.832069,0.03251148,-0.02946438,0.006896373,-0.006216744,0.9995227,-5.231208,2.839623,0.03658986,0.02392309,-0.1323954,0.9909082,32,-0.7,0.8610441,9.527023,33,5.7,-17.23164,138.2634
47.06036,NaN,NaN,NaN,-5.206246,2.83063,0.0318658,-0.02919298,0.006751873,-0.007553071,0.9995225,-5.211246,2.835108,0.03459978,0.02355247,-0.1349241,0.990576,32,-0.7,1.103979,7.79845,33,5.7,-16.98871,136.5349
47.08386,NaN,NaN,NaN,-5.143845,2.828328,0.0309511,-0.02829493,0.00501863,-0.006842269,0.9995637,-5.155777,2.835108,0.03459978,0.02355247,-0.1349241,0.990576,32,-0.7,1.414997,5.585442,33,5.7,-16.67769,134.3219
47.10187,NaN,NaN,NaN,-5.099103,2.827644,0.03073129,-0.02773298,0.003141753,-0.005828492,0.9995935,-5.113671,2.831565,0.03301823,0.02344789,-0.1373784,0.9902411,32,-0.7,1.65283,3.893171,33,5.7,-16.43986,132.6296
47.12543,NaN,NaN,NaN,-4.995568,2.82604,0.03011646,-0.02795242,0.0004854314,-0.005008194,0.9995966,-5.021639,2.831565,0.03301823,0.02344789,-0.1373784,0.9902411,32,-0.7,1.964033,1.67885,33,5.7,-16.12865,130.4153
47.14362,NaN,NaN,NaN,-4.929487,2.826176,0.0299722,-0.02830996,-0.0007561296,-0.004279029,0.9995897,-4.956314,2.828669,0.03182006,0.02496343,-0.1401317,0.9898182,32,-0.7,2.204448,-0.03179443,33,5.7,-15.88824,128.7046
47.16718,NaN,NaN,NaN,-4.778859,2.827786,0.02967715,-0.02619975,-0.003157061,-0.002271331,0.9996492,-4.811499,2.826337,0.03076971,0.03407533,-0.1404992,0.9894942,33,5.7,-15.57645,126.4861,34,-0.7,-33.66901,255.2212
47.18524,NaN,NaN,NaN,-4.681535,2.829608,0.02991218,-0.0261345,-0.006412938,0.00421037,0.999629,-4.724989,2.826337,0.03076971,0.03407533,-0.1404992,0.9894942,33,5.7,-15.33739,124.7851,34,-0.7,-33.42994,253.5202
47.20892,NaN,NaN,NaN,-4.479437,2.836257,0.03122415,-0.02325245,-0.01166772,0.0113144,0.9995975,-4.529754,2.8257,0.03014612,0.03140719,-0.1435381,0.9891463,33,5.7,-15.02491,122.5617,34,-0.7,-33.11747,251.2968
47.22699,5.928651,-52.17818,371.6263,-4.362881,2.840852,0.03238775,-0.02538991,-0.01434887,0.01233065,0.9994986,-4.405436,2.828037,0.03062809,0.02749985,-0.1463761,0.9888467,33,5.7,-14.78539,120.8575,34,-0.7,-32.87794,249.5925
47.25073,6.150921,-52.17826,371.6268,-4.112843,2.849741,0.03366188,-0.02582869,-0.01855962,0.01355468,0.9994022,-4.18318,2.828037,0.03062809,0.02749985,-0.1463761,0.9888467,33,5.7,-14.4717,118.6255,34,-0.7,-32.56425,247.3605
47.26874,NaN,NaN,NaN,-3.97257,2.854758,0.03403061,-0.02344835,-0.01977599,0.01412123,0.9994297,-4.032421,2.834575,0.03157413,0.0224855,-0.1391501,0.990016,33,5.7,-14.23403,116.9343,34,-0.7,-32.32658,245.6694
47.29254,NaN,NaN,NaN,-3.677462,2.865012,0.03493368,-0.01856842,-0.02141273,0.01557629,0.9994769,-3.738921,2.844277,0.03296006,0.01899518,-0.1404986,0.9898986,33,5.7,-13.91895,114.6924,34,-0.7,-32.0115,243.4274
47.31055,NaN,NaN,NaN,-3.515604,2.87014,0.03520788,-0.01543662,-0.02162899,0.01687621,0.9995045,-3.595047,2.844277,0.03296006,0.01899518,-0.1404986,0.9898986,33,5.7,-13.68112,113.0001,34,-0.7,-31.77367,241.7352
47.33429,NaN,NaN,NaN,-3.180057,2.880932,0.03598242,-0.01040334,-0.02181269,0.01901225,0.9995272,-3.260718,2.855802,0.03425932,0.08376806,-0.1442707,0.9859862,33,5.7,-13.36677,110.7634,34,-0.7,-31.45932,239.4985
47.35223,22.71374,-41.6062,303.8993,-3.001753,2.886401,0.03639218,-0.009139845,-0.02091787,0.01908537,0.9995573,-3.102225,2.855802,0.03425932,0.08376806,-0.1442707,0.9859862,33,5.7,-13.13015,109.0798,34,-0.7,-31.22271,237.8149
47.37604,12.73896,-24.97705,178.0801,-2.633614,2.897254,0.03710452,-0.007757941,-0.01874052,0.01992458,0.9995957,-2.734344,2.868251,0.03535819,0.08554827,-0.1539502,0.9843683,33,5.7,-12.8147,106.8353,34,-0.7,-30.90725,235.5703
47.3941,9.540107,-19.18836,136.8916,-2.437948,2.902184,0.03739833,-0.00796972,-0.01739876,0.0202054,0.9996127,-2.515626,2.881037,0.03623807,0.08664046,-0.1586054,0.9835333,33,5.7,-12.57603,105.137,34,-0.7,-30.66858,233.8721
47.41785,9.894159,-19.18836,136.8916,-2.039639,2.913488,0.03823517,-0.006906889,-0.01454353,0.02277794,0.9996109,-2.161573,2.881037,0.03623807,0.08664046,-0.1586054,0.9835333,33,5.7,-12.26213,102.9035,34,-0.7,-30.35469,231.6386
47.43567,18.7781,-31.91786,227.4666,-1.835213,2.918878,0.03867753,-0.006516284,-0.01238101,0.02204023,0.9996592,-1.931406,2.893854,0.03706205,0.08964821,-0.1506945,0.9845071,33,5.7,-12.02649,101.2269,34,-0.7,-30.11905,229.9619
47.45984,19.14567,-31.91778,227.466,-1.421639,2.929707,0.03930405,-0.004426123,-0.009600271,0.02195883,0.999703,-1.563785,2.893854,0.03706205,0.08964821,-0.1506945,0.9845071,33,5.7,-11.70693,98.95304,34,-0.7,-29.79948,227.6881
47.47748,19.99385,-31.0331,221.1712,-1.208649,2.935347,0.03967145,-0.002504561,-0.008927274,0.02154543,0.9997249,-1.323016,2.906821,0.03774416,0.09485281,-0.1510212,0.9839693,33,5.7,-11.47404,97.29597,34,-0.7,-29.56659,226.031
47.5014,11.84786,-19.98157,142.5355,-0.7767791,2.946649,0.04075029,-0.0003204239,-0.007443864,0.02096264,0.9997525,-0.8852522,2.919917,0.03860736,0.08788357,-0.1580654,0.98351,33,5.7,-11.15773,95.04533,34,-0.7,-29.25029,223.7804
47.51904,12.04368,-19.98158,142.5356,-0.5564923,2.951986,0.04147355,0.0001315773,-0.006650165,0.02130509,0.9997509,-0.6894417,2.919917,0.03860736,0.08788357,-0.1580654,0.98351,33,5.7,-10.92403,93.38245,34,-0.7,-29.01658,222.1175
47.54309,10.15201,-17.16339,122.4832,-0.1143256,2.962599,0.04303887,-0.0001227705,-0.005343981,0.0224232,0.9997343,-0.2405353,2.933238,0.03970397,0.0834634,-0.1613977,0.9833538,33,5.7,-10.60635,91.12199,34,-0.7,-28.6989,219.8571
47.56085,9.284876,-15.68749,111.9816,0.1093408,2.966425,0.04372372,-0.002298957,-0.005017605,0.02252215,0.9997312,0.0157429,2.946439,0.04106414,0.08140898,-0.1636583,0.9831523,33,5.7,-10.37132,89.4497,34,-0.7,-28.46387,218.1848
47.58484,9.684013,-15.68748,111.9815,0.5583773,2.974923,0.04538397,-0.002359029,-0.004538302,0.02316642,0.9997186,0.4148864,2.946439,0.04106414,0.08140898,-0.1636583,0.9831523,33,5.7,-10.05429,87.19392,34,-0.7,-28.14684,215.929
47.60272,10.39969,-16.1415,115.212,0.7873234,2.978557,0.04637907,-0.002041241,-0.00456778,0.02388852,0.9997022,0.6770573,2.958682,0.04264486,0.08299543,-0.1630451,0.9831216,33,5.7,-9.817862,85.51164,34,-0.7,-27.91042,214.2467
47.62665,12.24751,-18.78882,134.0487,1.247507,2.983572,0.0482681,-0.002296672,-0.004527397,0.02625593,0.9996424,1.145613,2.969427,0.0446012,0.08150436,-0.1597379,0.983789,33,5.7,-9.501307,83.25925,34,-0.7,-27.59386,211.9943
47.64459,12.45478,-18.78882,134.0487,1.48069,2.985024,0.0494062,-0.001882816,-0.004781265,0.02662057,0.9996325,1.352887,2.969427,0.0446012,0.08150436,-0.1597379,0.983789,33,5.7,-9.26405,81.57108,34,-0.7,-27.35661,210.3061
47.6684,11.08339,-18.79639,134.1025,1.947436,2.988336,0.0521681,0.001978133,-0.00660276,0.02936198,0.9995452,1.82827,2.977845,0.04679441,0.06798855,-0.1599546,0.9847803,33,5.7,-8.950018,79.33662,34,-0.7,-27.04257,208.0717
47.68658,11.29775,-18.79639,134.1025,2.188596,2.989925,0.05404169,0.00131381,-0.007615165,0.02977132,0.9995269,2.042634,2.977845,0.04679441,0.06798855,-0.1599546,0.9847803,33,5.7,-8.709079,77.62225,34,-0.7,-26.80163,206.3573
47.71033,10.50521,-17.873,127.5323,2.667314,2.989489,0.05819421,-0.0006057629,-0.01004532,0.03133055,0.9994584,2.529865,2.983456,0.04918683,0.06162183,-0.1611484,0.9850045,33,5.7,-8.395646,75.39207,34,-0.7,-26.4882,204.1271
47.72821,10.98749,-20.44457,145.8299,2.906072,2.989842,0.06063426,-0.000914119,-0.01153976,0.03244393,0.9994066,2.804755,2.987174,0.05250514,0.05533541,-0.1584563,0.9858142,33,5.7,-8.158639,73.70567,34,-0.7,-26.25119,202.4407
47.75214,11.41057,-20.44457,145.8299,3.382039,2.98797,0.06574298,-0.0006050215,-0.01383169,0.03277088,0.999367,3.227836,2.987174,0.05250514,0.05533541,-0.1584563,0.9858142,33,5.7,-7.842602,71.45695,34,-0.7,-25.93516,200.192
47.7702,12.43388,-26.35482,187.8835,3.620378,2.9858,0.068216,0.0007243321,-0.01516022,0.03430064,0.9992964,3.502806,2.988572,0.0572952,0.04692804,-0.154184,0.9869271,33,5.7,-7.603479,69.75551,34,-0.7,-25.69604,198.4906
47.79388,3.215395,-25.33185,180.6047,4.091449,2.983272,0.07431492,0.002734281,-0.01784237,0.03482207,0.9992305,3.984936,2.987511,0.06302464,-0.00421088,-0.1549616,0.9879115,33,5.7,-7.290518,67.52867,34,-0.7,-25.38307,196.2637
47.81189,3.425197,-25.33185,180.6047,4.327477,2.979909,0.07729462,0.001654769,-0.01919764,0.03440579,0.9992222,4.194738,2.987511,0.06302464,-0.00421088,-0.1549616,0.9879115,33,5.7,-7.052083,65.83212,34,-0.7,-25.14464,194.5672
47.83545,1.859643,-27.8627,198.6126,4.795773,2.972806,0.08377105,0.0002256479,-0.02094364,0.03341043,0.9992222,4.674233,2.984445,0.06913435,-0.01400676,-0.1535102,0.9880478,33,5.7,-6.740762,63.61696,34,-0.7,-24.83332,192.352
47.85394,2.059408,-27.86268,198.6125,5.020506,2.967971,0.0864865,0.001631832,-0.0214031,0.03229354,0.9992479,4.873997,2.984445,0.06913435,-0.01400676,-0.1535102,0.9880478,33,5.7,-6.496364,61.87797,34,-0.7,-24.58892,190.613
47.87732,-1.775349,-49.5909,353.2168,5.457698,2.961404,0.09249693,0.008108506,-0.02204634,0.02991546,0.9992763,5.325377,2.978969,0.07630658,-0.01988428,-0.1472123,0.9889051,33,5.7,-6.18751,59.68037,34,-0.7,-24.28007,188.4154
47.89587,-3.330407,-55.90909,398.1731,5.669272,2.957283,0.09597512,0.009219423,-0.02286702,0.02986792,0.9992498,5.574934,2.97093,0.08382344,-0.02212404,-0.146279,0.9889959,33,5.7,-5.942295,57.93557,34,-0.7,-24.03485,186.6706
47.91907,-2.961372,-55.90909,398.1731,6.084435,2.948633,0.1024675,0.009224475,-0.02346461,0.02765847,0.9992995,5.943968,2.97093,0.08382344,-0.02212404,-0.146279,0.9889959,33,5.7,-5.635778,55.75459,34,-0.7,-23.72833,184.4896
47.93726,0.8950816,-28.90702,206.0433,6.284118,2.943924,0.1053031,0.008863801,-0.02339486,0.02582075,0.9993535,6.180608,2.961926,0.09114838,-0.02535386,-0.1528704,0.987921,33,5.7,-5.395089,54.042,34,-0.7,-23.48764,182.777
47.96088,0.3688827,-30.68764,218.7131,6.669043,2.935148,0.1116827,0.008154591,-0.02400647,0.02316952,0.9994101,6.579341,2.952052,0.09813392,-0.02806667,-0.1520265,0.9879779,33,5.7,-5.082687,51.81915,34,-0.7,-23.17524,180.5542
47.97949,0.5324355,-30.68781,218.7143,6.853076,2.92996,0.1146685,0.007788007,-0.02448031,0.02296615,0.9994062,6.742926,2.952052,0.09813392,-0.02806667,-0.1520265,0.9879779,33,5.7,-4.836408,50.06678,34,-0.7,-22.92896,178.8018
48.00256,-4.829296,-51.65589,367.91,7.21159,2.918855,0.1204042,0.009756683,-0.02452289,0.02276378,0.9993925,7.115087,2.941581,0.1060884,-0.03210631,-0.1467572,0.9886513,33,5.7,-4.531386,47.89644,34,-0.7,-22.62394,176.6315
48.02124,-4.675206,-51.65589,367.91,7.384941,2.912852,0.1230026,0.01092281,-0.02439003,0.02338983,0.9993692,7.269176,2.941581,0.1060884,-0.03210631,-0.1467572,0.9886513,33,5.7,-4.28452,46.13989,34,-0.7,-22.37708,174.8749
48.04431,-3.800813,-50.58277,360.2743,7.717079,2.901018,0.1282063,0.01288777,-0.02307342,0.02297509,0.9993867,7.614974,2.929971,0.113639,-0.0313368,-0.1468946,0.9886556,33,5.7,-3.979601,43.97029,34,-0.7,-22.07216,172.7053
48.06232,-2.224774,-42.9124,305.6967,7.87323,2.895503,0.1307153,0.01272886,-0.02180346,0.02181496,0.9994432,7.801514,2.916926,0.1204807,-0.03243112,-0.14824,0.9884195,33,5.7,-3.741352,42.27505,34,-0.7,-21.83391,171.0101
48.08612,-1.955661,-42.91234,305.6963,8.175966,2.883238,0.135382,0.01147704,-0.01938315,0.0211528,0.9995224,8.070614,2.916926,0.1204807,-0.03243112,-0.14824,0.9884195,33,5.7,-3.426673,40.036,34,-0.7,-21.51923,168.771
48.10413,-0.06792738,-38.49845,274.2898,8.316519,2.877504,0.1376266,0.01114369,-0.01797373,0.02192361,0.999536,8.240355,2.903123,0.1268438,-0.02995099,-0.1492509,0.9883456,33,5.7,-3.188814,38.34354,34,-0.7,-21.28137,167.0786
48.12793,-1.087458,-43.47811,309.722,8.58154,2.867309,0.1422255,0.01021069,-0.01565339,0.02132126,0.999598,8.5177,2.888971,0.1327846,-0.03066884,-0.148048,0.9885045,33,5.7,-2.874163,36.10468,34,-0.7,-20.96672,164.8397
48.146,-0.9791185,-43.47805,309.7216,8.703406,2.862157,0.1443675,0.009312164,-0.01507514,0.0220071,0.9996008,8.626026,2.888971,0.1327846,-0.03066884,-0.148048,0.9885045,33,5.7,-2.634839,34.4018,34,-0.7,-20.7274,163.1368
48.16968,-2.5604,-53.34855,379.9539,8.935485,2.852042,0.1483974,0.009451465,-0.01457929,0.02329452,0.9995776,8.870573,2.875383,0.1383468,-0.02975851,-0.146369,0.9887823,33,5.7,-2.321651,32.17336,34,-0.7,-20.41421,160.9084
48.18805,-2.467185,-53.34855,379.9539,9.040351,2.84644,0.1500114,0.01191805,-0.01480705,0.02387508,0.9995342,8.963788,2.875383,0.1383468,-0.02975851,-0.146369,0.9887823,33,5.7,-2.079063,30.44725,34,-0.7,-20.17162,159.1823
48.21143,-4.055442,-42.173,300.4357,9.230726,2.837031,0.1537095,0.01626609,-0.01586297,0.0247936,0.9994344,9.167712,2.862668,0.1434244,-0.04350604,-0.1481737,0.9880039,33,5.7,-1.769746,28.24635,34,-0.7,-19.8623,156.9813
48.22949,0.4006997,-28.52892,203.353,9.311401,2.833173,0.1554155,0.01692928,-0.01652802,0.02303034,0.9994548,9.270028,2.850301,0.1482918,-0.04309591,-0.1524711,0.9873679,33,5.7,-1.531261,26.54944,34,-0.7,-19.62382,155.2844
48.25354,0.5275394,-28.52892,203.353,9.454096,2.826684,0.1594191,0.01587762,-0.01458173,0.01560544,0.9996459,9.396868,2.850301,0.1482918,-0.04309591,-0.1524711,0.9873679,33,5.7,-1.212864,24.28392,34,-0.7,-19.30542,153.0189
48.27106,1.312937,-22.0185,157.0289,9.515973,2.823284,0.1613857,0.01507201,-0.01338659,0.0151978,0.9996813,9.47813,2.839006,0.1528351,-0.05133953,-0.1562942,0.9863753,33,5.7,-0.9819347,22.64078,34,-0.7,-19.07449,151.3758
48.29498,1.755903,-21.20675,151.253,9.620934,2.816928,0.1646755,0.01615044,-0.01172003,0.01788429,0.999641,9.593001,2.829603,0.1573559,-0.05115727,-0.1568992,0.9862888,33,5.7,-0.6655627,20.38968,34,-0.7,-18.75812,149.1247
48.31287,1.78955,-21.20675,151.253,9.658785,2.814375,0.1663417,0.017309,-0.01178617,0.02062196,0.999568,9.626647,2.829603,0.1573559,-0.05115727,-0.1568992,0.9862888,33,5.7,-0.4287405,18.7046,34,-0.7,-18.5213,147.4396
48.33667,-4.135622,-39.32288,280.156,9.715939,2.810438,0.1699517,0.01675718,-0.01065117,0.01936803,0.9996153,9.694692,2.821386,0.1616805,-0.04878661,-0.1486644,0.9876835,33,5.7,-0.1139565,16.46479,34,-0.7,-18.20652,145.1998
48.35535,-4.121563,-39.32293,280.1564,9.731775,2.808866,0.1716982,0.01483066,-0.009208244,0.01673448,0.9997076,9.708769,2.821386,0.1616805,-0.04878661,-0.1486644,0.9876835,33,5.7,0.1326132,14.71036,34,-0.7,-17.95995,143.4454
48.37866,-4.370687,-34.27779,244.2583,9.74836,2.805568,0.1747645,0.0132078,-0.007114348,0.01593059,0.9997606,9.736183,2.814581,0.165869,-0.05704416,-0.149991,0.9870403,33,5.7,0.4406949,12.51824,34,-0.7,-17.65186,141.2533
48.39661,-7.415992,-38.15022,271.8121,9.739384,2.804472,0.1761076,0.01386428,-0.006592847,0.01624046,0.9997503,9.736122,2.809465,0.1700202,-0.06231518,-0.1488103,0.9869004,33,5.7,0.6782485,10.82796,34,-0.7,-17.41431,139.563
48.42078,-7.44922,-38.15022,271.8121,9.702003,2.80294,0.1786353,0.01420958,-0.005160019,0.0135922,0.9997934,9.702894,2.809465,0.1700202,-0.06231518,-0.1488103,0.9869004,33,5.7,0.9977461,8.554618,34,-0.7,-17.09481,137.2896
48.43817,-7.83177,-39.19022,279.2121,9.66675,2.802368,0.1794973,0.01412623,-0.00398114,0.01073575,0.9998347,9.674726,2.805708,0.1740088,-0.06192097,-0.1485408,0.9869658,33,5.7,1.22796,6.916563,34,-0.7,-16.8646,135.6516
48.4621,-4.614731,-29.1055,207.4555,9.579059,2.801344,0.1810767,0.01335144,-0.002384588,0.0080152,0.9998759,9.594694,2.802957,0.1772139,-0.0675993,-0.1517999,0.9860969,33,5.7,1.544195,4.666434,34,-0.7,-16.54836,133.4014
48.47998,-4.668708,-29.10552,207.4557,9.518343,2.80149,0.1815974,0.0132487,-0.002273958,0.00823532,0.9998757,9.540725,2.802957,0.1772139,-0.0675993,-0.1517999,0.9860969,33,5.7,1.780661,2.98389,34,-0.7,-16.3119,131.7189
48.50378,-5.973656,-32.2795,230.0397,9.375816,2.804039,0.1826758,0.01234767,-0.001682915,0.006707112,0.9998999,9.406441,2.801217,0.1796498,-0.06600057,-0.1505418,0.986398,33,5.7,2.094994,0.7472944,34,-0.7,-15.99756,129.4823
48.52252,-6.053926,-32.27945,230.0394,9.285489,2.807328,0.1833996,0.01251542,-0.0008213148,0.00304668,0.9999167,9.326151,2.801217,0.1796498,-0.06600057,-0.1505418,0.986398,34,-0.7,-15.74922,127.7152,35,5.7,-33.8418,256.4507
48.54553,-8.171891,-35.91074,255.8774,9.086749,2.81581,0.1841645,0.01332051,0.001436852,-0.004971768,0.999898,9.136404,2.801099,0.1815482,-0.06677886,-0.149358,0.9865256,34,-0.7,-15.44539,125.5533,35,5.7,-33.53797,254.2888
48.5636,NaN,NaN,NaN,8.969585,2.820676,0.1836369,0.01288921,0.002648279,-0.00853403,0.999877,9.013396,2.804379,0.1832128,-0.06739584,-0.1451284,0.9871148,34,-0.7,-15.20603,123.8502,35,5.7,-33.29861,252.5856
48.5882,NaN,NaN,NaN,8.722414,2.832117,0.1820835,0.01805684,0.004188679,-0.01215469,0.9997543,8.793688,2.804379,0.1832128,-0.06739584,-0.1451284,0.9871148,34,-0.7,-14.88108,121.5381,35,5.7,-32.97367,250.2735
48.60559,NaN,NaN,NaN,8.585032,2.838619,0.1806854,0.02166882,0.004875373,-0.01287235,0.9996704,8.646626,2.81244,0.1837397,-0.07015034,-0.1449836,0.9869441,34,-0.7,-14.65152,119.9047,35,5.7,-32.7441,248.6401
48.62903,-8.042282,-33.59112,239.3724,8.295958,2.853717,0.1780168,0.02399798,0.007188324,-0.01753662,0.9995324,8.359331,2.824363,0.1827976,-0.06763522,-0.1501663,0.9863445,34,-0.7,-14.34089,117.6944,35,5.7,-32.43347,246.4298
48.64709,-8.185268,-33.59116,239.3727,8.135121,2.862041,0.176423,0.0211994,0.008481339,-0.02130325,0.9995124,8.216366,2.824363,0.1827976,-0.06763522,-0.1501663,0.9863445,34,-0.7,-14.1024,115.9975,35,5.7,-32.19498,244.7329
48.67084,9.799159,-30.13057,214.7493,7.802365,2.877859,0.1727816,0.0154259,0.01022285,-0.02700339,0.9994641,7.88546,2.839582,0.1804844,0.008814998,-0.1518693,0.9883612,34,-0.7,-13.78879,113.7661,35,5.7,-31.88138,242.5015
48.68945,9.64325,-30.13059,214.7494,7.626967,2.886399,0.1704527,0.01416012,0.01015575,-0.02812169,0.9994527,7.72955,2.839582,0.1804844,0.008814998,-0.1518693,0.9883612,34,-0.7,-13.54208,112.0106,35,5.7,-31.63466,240.746
48.71259,12.85,-53.58072,382.5111,7.268884,2.900639,0.1660172,0.007203455,0.01070707,-0.02832939,0.9995154,7.37148,2.857506,0.1771036,0.01417411,-0.1460178,0.9891804,34,-0.7,-13.2366,109.837,35,5.7,-31.32918,238.5724
48.73059,NaN,NaN,NaN,7.083611,2.907863,0.1636532,0.005763516,0.01067545,-0.02641273,0.9995776,7.162969,2.876406,0.1726522,0.0142757,-0.1363219,0.9905617,34,-0.7,-12.99883,108.1452,35,5.7,-31.09142,236.8806
48.75488,NaN,NaN,NaN,6.706732,2.921646,0.1591768,0.002031655,0.01113335,-0.02463713,0.9996325,6.827965,2.876406,0.1726522,0.0142757,-0.1363219,0.9905617,34,-0.7,-12.6776,105.8595,35,5.7,-30.77018,234.5949
48.77252,NaN,NaN,NaN,6.514193,2.928161,0.1572667,0.0002527437,0.01105911,-0.02347707,0.9996632,6.609964,2.894805,0.1674716,0.01062435,-0.1309284,0.9913349,34,-0.7,-12.44436,104.1999,35,5.7,-30.53695,232.9353
48.79608,NaN,NaN,NaN,6.124002,2.940354,0.1531741,-0.001355901,0.01069896,-0.02263597,0.9996856,6.214181,2.912173,0.1623315,0.01044113,-0.1389422,0.9902455,34,-0.7,-12.13245,101.9806,35,5.7,-30.22503,230.7159
48.81421,NaN,NaN,NaN,5.924045,2.945715,0.1510666,-7.464772E-05,0.0102208,-0.02274278,0.9996892,6.036442,2.912173,0.1623315,0.01044113,-0.1389422,0.9902455,34,-0.7,-11.89273,100.2749,35,5.7,-29.98532,229.0102
48.83783,NaN,NaN,NaN,5.521327,2.956052,0.147142,0.00345724,0.009029199,-0.02497668,0.9996414,5.627587,2.928064,0.1571014,0.01069148,-0.1371894,0.9904872,34,-0.7,-11.58034,98.05211,35,5.7,-29.67293,226.7875
48.85651,NaN,NaN,NaN,5.317309,2.96109,0.1453318,0.006042557,0.008177586,-0.02704026,0.9995826,5.446238,2.928064,0.1571014,0.01069148,-0.1371894,0.9904872,34,-0.7,-11.33361,96.29649,35,5.7,-29.42619,225.0319
48.8797,NaN,NaN,NaN,4.910362,2.970133,0.141967,0.008772753,0.007132329,-0.03038526,0.9994743,5.032154,2.94222,0.1520549,0.01655256,-0.1461119,0.9891295,34,-0.7,-11.02708,94.11543,35,5.7,-29.11966,222.8508
48.89783,7.800346,-31.37179,223.581,4.707321,2.974056,0.1406426,0.009346366,0.007439021,-0.03188111,0.9994203,4.7983,2.954909,0.1474571,0.01327898,-0.1518377,0.9883162,34,-0.7,-10.78748,92.41058,35,5.7,-28.88006,221.146
48.92206,7.438787,-31.37181,223.5811,4.300563,2.981728,0.137924,0.00925871,0.008873511,-0.03330735,0.9993629,4.436738,2.954909,0.1474571,0.01327898,-0.1518377,0.9883162,34,-0.7,-10.46735,90.13279,35,5.7,-28.55994,218.8682
48.93958,4.135636,-34.96732,249.1647,4.095934,2.985467,0.136701,0.007615132,0.01069279,-0.03402452,0.9993348,4.20091,2.966144,0.1433971,-0.0002591386,-0.150593,0.9885958,34,-0.7,-10.2352,88.48096,35,5.7,-28.32779,217.2163
48.9632,3.925057,-33.63153,239.66,3.686661,2.991072,0.1341189,0.005294861,0.01362597,-0.03513201,0.9992758,3.782813,2.975959,0.1397195,0.000587049,-0.1510823,0.988521,34,-0.7,-9.923229,86.26114,35,5.7,-28.01581,214.9965
48.98132,3.742297,-33.63153,239.66,3.481056,2.993053,0.1327279,0.005543448,0.01502954,-0.03547216,0.9992423,3.600053,2.975959,0.1397195,0.000587049,-0.1510823,0.988521,34,-0.7,-9.683306,84.55399,35,5.7,-27.77589,213.2894
49.005,4.711653,-41.53694,295.91,3.070701,2.996803,0.130187,0.005964258,0.01742423,-0.03684527,0.9991513,3.180905,2.984421,0.1364844,0.005117679,-0.1488464,0.9888471,34,-0.7,-9.370646,82.32931,35,5.7,-27.46323,211.0647
49.02344,4.529667,-41.53694,295.91,2.865967,2.997853,0.1289838,0.005042417,0.01866574,-0.03843582,0.9990741,2.998919,2.984421,0.1364844,0.005117679,-0.1488464,0.9888471,34,-0.7,-9.12694,80.59525,35,5.7,-27.21952,209.3306
49.04675,4.860165,-43.16962,307.5271,2.457148,3.000216,0.1270665,0.003545801,0.02119843,-0.04097962,0.9989288,2.581108,2.990818,0.1332772,0.007331718,-0.1484981,0.9888855,34,-0.7,-8.818376,78.3997,35,5.7,-26.91096,207.135
49.0647,6.731435,-48.731,347.0983,2.253058,2.999984,0.1260323,0.00204307,0.02242107,-0.04192744,0.998867,2.345126,2.995289,0.1303258,0.01250266,-0.1474398,0.988992,34,-0.7,-8.581338,76.71308,35,5.7,-26.67392,205.4484
49.08923,6.369958,-48.731,347.0983,1.846396,3.000336,0.1242304,0.000857052,0.02474679,-0.04361712,0.9987414,1.983649,2.995289,0.1303258,0.01250266,-0.1474398,0.988992,34,-0.7,-8.256833,74.40411,35,5.7,-26.34941,203.1395
49.10669,6.53501,-38.85701,276.8413,1.642282,3.000232,0.1235157,0.0007793071,0.02569391,-0.04499809,0.9986563,1.747685,2.99805,0.127749,0.01710357,-0.1495347,0.9886085,34,-0.7,-8.025846,72.76055,35,5.7,-26.11843,201.4959
49.13025,5.764189,-33.38466,237.9035,1.240895,2.999076,0.1216288,5.236152E-05,0.02642597,-0.04637523,0.9985745,1.336643,2.999148,0.1253343,0.01840313,-0.1512297,0.9883273,34,-0.7,-7.71461,70.54599,35,5.7,-25.80719,199.2813
49.14825,5.587056,-33.38457,237.9028,1.041634,2.996657,0.1206198,-0.001673813,0.0263629,-0.04741177,0.9985262,1.159522,2.999148,0.1253343,0.01840313,-0.1512297,0.9883273,34,-0.7,-7.476454,68.85143,35,5.7,-25.56904,197.5868
49.172,5.067895,-28.37894,202.2857,0.6460153,2.994338,0.1201621,-0.005374021,0.02517503,-0.04737674,0.9985454,0.7539706,2.998764,0.1229036,0.0210817,-0.1533396,0.9879487,34,-0.7,-7.162506,66.61757,35,5.7,-25.25509,195.3529
49.1908,4.891425,-28.37894,202.2857,0.447486,2.992721,0.1196333,-0.007516325,0.0254604,-0.05021746,0.9983855,0.5775001,2.998764,0.1229036,0.0210817,-0.1533396,0.9879487,34,-0.7,-6.914184,64.85066,35,5.7,-25.00677,193.586
49.21387,6.436375,-37.19326,265.0031,0.05888451,2.987697,0.1189265,-0.006890475,0.02469427,-0.05262316,0.9982854,0.1785822,2.99647,0.121282,0.02335115,-0.1499693,0.9884149,34,-0.7,-6.60851,62.67568,35,5.7,-24.70109,191.411
49.23175,NaN,NaN,NaN,-0.1320725,2.984806,0.1185419,-0.00399546,0.02427657,-0.0535012,0.9982647,-0.04402283,2.993249,0.120155,0.02229922,-0.1461921,0.9890049,34,-0.7,-6.372347,60.99529,35,5.7,-24.46493,189.7306
49.25598,NaN,NaN,NaN,-0.508604,2.978777,0.1184499,-0.001469843,0.02406073,-0.0540091,0.9982495,-0.3787175,2.993249,0.120155,0.02229922,-0.1461921,0.9890049,34,-0.7,-6.052011,58.71598,35,5.7,-24.14459,187.4513
49.27338,5.007603,-37.66841,268.384,-0.6918892,2.976391,0.118968,-0.001965893,0.02394548,-0.05411764,0.9982455,-0.5937454,2.988069,0.1192589,0.02063978,-0.1498106,0.9884992,34,-0.7,-5.822382,57.08208,35,5.7,-23.91496,185.8174
49.2973,4.163162,-27.4725,195.8363,-1.05496,2.968814,0.1196262,-0.001794848,0.02328807,-0.05275774,0.9983342,-0.9673272,2.981664,0.1188092,0.02589337,-0.1537009,0.9877781,34,-0.7,-5.50598,54.83077,35,5.7,-23.59856,183.5661
49.31531,4.005289,-27.47248,195.8361,-1.232564,2.965321,0.1200227,-0.0006757435,0.0231016,-0.05285482,0.9983348,-1.125197,2.981664,0.1188092,0.02589337,-0.1537009,0.9877781,34,-0.7,-5.268048,53.13779,35,5.7,-23.36063,181.8731
49.33929,5.304418,-32.56652,232.0821,-1.581791,2.958213,0.1212809,0.001017367,0.02261981,-0.05263629,0.9983571,-1.485006,2.974426,0.1190902,0.02891969,-0.1513874,0.9880514,34,-0.7,-4.950915,50.88128,35,5.7,-23.0435,179.6166
49.35754,5.154705,-32.56654,232.0822,-1.750222,2.954422,0.1218513,0.001277095,0.02235514,-0.05185344,0.9984037,-1.634723,2.974426,0.1190902,0.02891969,-0.1513874,0.9880514,34,-0.7,-4.70943,49.16302,35,5.7,-22.80201,177.8984
49.3808,4.763065,-33.13554,236.131,-2.077943,2.9461,0.1227406,0.002652253,0.02232877,-0.04909775,0.9985409,-1.974063,2.966214,0.1199371,0.02820637,-0.1511475,0.9881088,34,-0.7,-4.402112,46.97634,35,5.7,-22.49469,175.7117
49.39856,5.462502,-30.546,217.7054,-2.236603,2.940798,0.1233372,0.003888774,0.0227328,-0.04768541,0.9985961,-2.161554,2.957587,0.1205438,0.03461057,-0.1520947,0.9877598,34,-0.7,-4.166677,45.30113,35,5.7,-22.25926,174.0365
49.42291,5.193298,-30.546,217.7054,-2.539456,2.931568,0.1248393,0.006291691,0.02335954,-0.04387815,0.998744,-2.430757,2.957587,0.1205438,0.03461057,-0.1520947,0.9877598,34,-0.7,-3.844939,43.01185,35,5.7,-21.93752,171.7472
49.44043,3.969211,-23.26365,165.8885,-2.684072,2.927202,0.1257409,0.007390355,0.02415859,-0.04271545,0.9987679,-2.603678,2.947714,0.1221501,0.03913493,-0.1560622,0.9869717,34,-0.7,-3.613743,41.3668,35,5.7,-21.70632,170.1021
49.46423,4.614624,-24.54393,174.9982,-2.960299,2.918716,0.1275659,0.007897072,0.02441756,-0.03845548,0.9989308,-2.891182,2.936851,0.1239378,0.04236273,-0.1551014,0.9869899,34,-0.7,-3.298321,39.12246,35,5.7,-21.3909,167.8578
49.48212,4.499736,-24.54393,174.9982,-3.089549,2.913256,0.1280923,0.00704384,0.02420089,-0.03750833,0.9989784,-3.00607,2.936851,0.1239378,0.04236273,-0.1551014,0.9869899,34,-0.7,-3.062078,37.4415,35,5.7,-21.15466,166.1768
49.50604,4.854073,-24.43339,174.2119,-3.332275,2.904621,0.1296667,0.00747549,0.0233956,-0.03426207,0.9991111,-3.261088,2.92595,0.1258166,0.04600181,-0.1550899,0.9868287,34,-0.7,-2.746275,35.19445,35,5.7,-20.83886,163.9298
49.52405,4.755126,-24.4334,174.212,-3.443596,2.900488,0.1306073,0.007101713,0.02183857,-0.03174177,0.9992322,-3.36004,2.92595,0.1258166,0.04600181,-0.1550899,0.9868287,34,-0.7,-2.507721,33.49705,35,5.7,-20.6003,162.2324
49.54779,9.109666,-35.22491,250.9976,-3.654851,2.891563,0.1323559,0.005082188,0.01863311,-0.02911451,0.9993895,-3.584004,2.914854,0.1276785,0.04996133,-0.1501153,0.9874054,34,-0.7,-2.194294,31.2669,35,5.7,-20.28687,160.0022
49.5658,10.15891,-38.16626,271.9263,-3.749057,2.88733,0.1332459,0.003699828,0.01719644,-0.02918738,0.9994192,-3.700465,2.904186,0.1296625,0.05035537,-0.1492215,0.9875208,34,-0.7,-1.956168,29.57255,35,5.7,-20.04875,158.3079
49.5899,10.00487,-38.16632,271.9267,-3.922375,2.878945,0.1348256,0.001955265,0.01522178,-0.02920938,0.9994556,-3.854526,2.904186,0.1296625,0.05035537,-0.1492215,0.9875208,34,-0.7,-1.637181,27.30284,35,5.7,-19.72976,156.0382
49.60767,10.47649,-39.11703,278.6913,-3.997943,2.87488,0.1353934,0.00280219,0.01462488,-0.02902007,0.999468,-3.950916,2.893745,0.131745,0.05114669,-0.1489327,0.9875237,34,-0.7,-1.402154,25.63053,35,5.7,-19.49473,154.3659
49.63135,12.85,-46.19677,331.4459,-4.13329,2.86694,0.1366263,0.003286994,0.01305552,-0.02669307,0.999553,-4.096917,2.88355,0.1335851,0.05053404,-0.1463527,0.9879409,34,-0.7,-1.088974,23.40214,35,5.7,-19.18155,152.1375
49.64905,12.85,-46.33683,332.3914,-4.187693,2.862947,0.1372304,0.003481049,0.01211653,-0.02464324,0.9996169,-4.145275,2.88355,0.1335851,0.05053404,-0.1463527,0.9879409,34,-0.7,-0.8551171,21.73816,35,5.7,-18.9477,150.4735
49.6731,18.04846,-56.63367,403.3287,-4.27969,2.855512,0.1379454,0.004079515,0.01091365,-0.02229204,0.9996837,-4.248397,2.873706,0.1353431,0.05462632,-0.1457905,0.9878062,34,-0.7,-0.5369464,19.47426,35,5.7,-18.62953,148.2096
49.69104,18.01782,-56.63375,403.3293,-4.3142,2.852187,0.1380578,0.005943169,0.01095008,-0.02242842,0.9996709,-4.279072,2.873706,0.1353431,0.05462632,-0.1457905,0.9878062,34,-0.7,-0.3001958,17.78969,35,5.7,-18.39278,146.525
49.7149,NaN,NaN,NaN,-4.368495,2.846722,0.1382097,0.009076445,0.009628221,-0.02042019,0.9997039,-4.344442,2.864168,0.1368436,0.05703341,-0.1439676,0.9879375,34,-0.7,0.01571077,15.5419,35,5.7,-18.07687,144.2772
49.73273,12.85,-37.04945,267.3558,-4.383718,2.844836,0.1383378,0.0100017,0.00757232,-0.01862757,0.9997479,-4.370825,2.855374,0.1378001,0.06360899,-0.1473974,0.9870298,34,-0.7,0.2515221,13.86402,35,5.7,-17.84106,142.5993
49.75671,12.85,-37.08144,267.5701,-4.399251,2.842103,0.1381765,0.01088971,0.005400751,-0.01893771,0.9997469,-4.384632,2.855374,0.1378001,0.06360899,-0.1473974,0.9870298,34,-0.7,0.568321,11.60987,35,5.7,-17.52426,140.3452
49.7746,8.563642,-29.61231,211.0618,-4.391364,2.841497,0.1379656,0.009815652,0.003843363,-0.01811598,0.9997804,-4.386441,2.848154,0.1382786,0.0605712,-0.1518268,0.9865494,34,-0.7,0.8044589,9.929667,35,5.7,-17.28812,138.665
49.79828,19.74715,-55.27439,393.6569,-4.367317,2.840865,0.1373616,0.00792861,0.0003595054,-0.01790663,0.9998082,-4.369445,2.843185,0.1383168,0.06051577,-0.1458344,0.9874564,34,-0.7,1.118123,7.697829,35,5.7,-16.97446,136.4332
49.81622,13.26138,-39.59278,287.4756,-4.343131,2.841225,0.1370239,0.00646957,-0.001727339,-0.01929691,0.9997914,-4.347946,2.843185,0.1383168,0.06051577,-0.1458344,0.9874564,34,-0.7,1.355143,6.011345,35,5.7,-16.73744,134.7467
49.84009,NaN,NaN,NaN,-4.278643,2.842189,0.1365062,0.002612832,-0.004567042,-0.02105843,0.9997644,-4.29075,2.840635,0.1379504,0.05855072,-0.1445741,0.9877602,34,-0.7,1.670522,3.767307,35,5.7,-16.42206,132.5026
49.8584,NaN,NaN,NaN,-4.236035,2.842729,0.1363367,0.0004205217,-0.005133498,-0.02245266,0.9997346,-4.252876,2.840635,0.1379504,0.05855072,-0.1445741,0.9877602,34,-0.7,1.912992,2.042041,35,5.7,-16.17959,130.7774
49.88184,NaN,NaN,NaN,-4.133483,2.844682,0.13571,-0.002633139,-0.005585492,-0.02424702,0.999687,-4.157911,2.840077,0.137509,0.05916562,-0.1419252,0.9881076,35,5.7,-15.86995,128.5742,36,-5.7,-34.80419,263.2985
49.89996,NaN,NaN,NaN,-4.071872,2.84631,0.1353649,-0.0035564,-0.00478505,-0.02493385,0.9996714,-4.095154,2.840943,0.1368433,0.06131247,-0.1378085,0.9885594,35,5.7,-15.62992,126.8663,36,-5.7,-34.56416,261.5906
49.92377,NaN,NaN,NaN,-3.937537,2.850004,0.1346914,-0.004493949,-0.002925426,-0.02683711,0.9996255,-3.975746,2.840943,0.1368433,0.06131247,-0.1378085,0.9885594,35,5.7,-15.31535,124.628,36,-5.7,-34.24959,259.3523
49.94165,NaN,NaN,NaN,-3.861335,2.852694,0.1345935,-0.004019595,-0.001835342,-0.02722139,0.9996197,-3.895889,2.843031,0.1360379,0.06807444,-0.139962,0.987814,35,5.7,-15.0792,122.9477,36,-5.7,-34.01344,257.6719
49.96545,NaN,NaN,NaN,-3.697974,2.859913,0.1350317,-0.003389735,-0.0004369169,-0.0264639,0.9996439,-3.734926,2.84662,0.1353425,0.07284307,-0.1443595,0.9868405,35,5.7,-14.76444,120.708,36,-5.7,-33.69868,255.4323
49.98334,NaN,NaN,NaN,-3.608654,2.863937,0.1355305,-0.003776973,0.0008285344,-0.02546428,0.9996683,-3.65553,2.84662,0.1353425,0.07284307,-0.1443595,0.9868405,35,5.7,-14.52798,119.0256,36,-5.7,-33.46222,253.7498
50.00726,18.3565,-39.9411,284.5549,-3.411591,2.873142,0.1357337,-0.0008886518,0.002599727,-0.01924396,0.9998111,-3.461503,2.852495,0.1355571,0.07563955,-0.1483586,0.9860367,35,5.7,-14.21138,116.7728,36,-5.7,-33.14562,251.4971
50.02515,18.45025,-39.9411,284.5548,-3.30612,2.877785,0.1356512,0.002846474,0.003834732,-0.01554975,0.9998677,-3.367752,2.852495,0.1355571,0.07563955,-0.1483586,0.9860367,35,5.7,-13.975,115.0909,36,-5.7,-32.90925,249.8152
50.04901,12.85,-27.0031,196.3614,-3.086033,2.888154,0.1353073,0.01026847,0.00504354,-0.01040378,0.9998805,-3.149815,2.860802,0.1355447,0.0803489,-0.1499725,0.9854199,35,5.7,-13.6599,112.8489,36,-5.7,-32.59415,247.5731
50.06683,12.85,-25.55462,184.1001,-2.967694,2.89396,0.1351766,0.0135344,0.005097765,-0.008918947,0.9998556,-3.019073,2.871116,0.1356074,0.08494184,-0.1521535,0.9847001,35,5.7,-13.42377,111.1687,36,-5.7,-32.35801,245.8929
50.09094,12.85,-25.15658,181.524,-2.717705,2.905364,0.1348875,0.01718743,0.005757738,-0.005418683,0.9998211,-2.79686,2.871116,0.1356074,0.08494184,-0.1521535,0.9847001,35,5.7,-13.10532,108.9028,36,-5.7,-32.03957,243.6271
50.1087,8.440248,-17.02467,121.496,-2.583378,2.911184,0.1347654,0.01765895,0.006322646,-0.004104749,0.9998157,-2.648969,2.882905,0.1355256,0.08980473,-0.1612192,0.9828242,35,5.7,-12.87047,107.2318,36,-5.7,-31.80472,241.956
50.13269,12.85,-22.31912,161.0754,-2.309941,2.923093,0.134317,0.01794905,0.007948529,-0.001307205,0.9998065,-2.37453,2.895958,0.1352819,0.09305193,-0.1541139,0.9836617,35,5.7,-12.55313,104.9737,36,-5.7,-31.48737,239.698
50.15021,12.85,-22.10828,159.7296,-2.166722,2.928535,0.1339301,0.01743433,0.009102285,-0.0004604017,0.9998065,-2.247225,2.895958,0.1352819,0.09305193,-0.1541139,0.9836617,35,5.7,-12.32134,103.3245,36,-5.7,-31.25558,238.0488
50.17456,19.98893,-31.22952,222.5688,-1.871151,2.93915,0.1332761,0.01884383,0.009820133,0.002978352,0.9997697,-1.950429,2.909888,0.1347859,0.0970315,-0.1509889,0.9837618,35,5.7,-11.99939,101.0337,36,-5.7,-30.93364,235.758
50.19226,20.12415,-31.22952,222.5688,-1.719034,2.944025,0.1327869,0.02028646,0.01008927,0.004855975,0.9997315,-1.815214,2.909888,0.1347859,0.0970315,-0.1509889,0.9837618,35,5.7,-11.76541,99.36887,36,-5.7,-30.69966,234.0931
50.21613,17.32638,-29.85283,212.773,-1.40489,2.955614,0.1327046,0.02124394,0.009638965,0.009452376,0.9996831,-1.499348,2.923641,0.1341552,0.08716733,-0.1517624,0.9845659,35,5.7,-11.45047,97.12796,36,-5.7,-30.38472,231.8522
50.23401,12.92374,-21.74684,159.4073,-1.241975,2.960343,0.132539,0.02041048,0.00956773,0.01106395,0.9996847,-1.315621,2.936775,0.1335841,0.0880044,-0.1525537,0.9843691,35,5.7,-11.21356,95.44227,36,-5.7,-30.14781,230.1665
50.2583,16.97269,-28.25168,201.3804,-0.9084461,2.969558,0.1318175,0.02172686,0.009928599,0.01434766,0.9996117,-1.019151,2.936775,0.1335841,0.0880044,-0.1525537,0.9843691,35,5.7,-10.89253,93.15797,36,-5.7,-29.82677,227.8822
50.27563,25.66858,-43.18539,307.6392,-0.7343035,2.973397,0.1315817,0.02261737,0.01022177,0.01590272,0.9995654,-0.8233904,2.949651,0.1329675,0.08488993,-0.1478335,0.9853623,35,5.7,-10.66353,91.52857,36,-5.7,-29.59777,226.2528
50.29974,21.81387,-36.60412,260.8111,-0.3834553,2.97982,0.1303854,0.02639584,0.01158284,0.01965727,0.9993912,-0.4684645,2.961537,0.1322672,0.08421002,-0.1495277,0.985165,35,5.7,-10.34459,89.25923,36,-5.7,-29.27884,223.9835
50.31757,21.97515,-36.60412,260.8111,-0.2020217,2.983277,0.1300391,0.02752867,0.01219713,0.02128699,0.9993199,-0.3071902,2.961537,0.1322672,0.08421002,-0.1495277,0.985165,35,5.7,-10.10909,87.58352,36,-5.7,-29.04333,222.3077
50.34137,19.96371,-34.05112,242.6454,0.1627898,2.989509,0.1296499,0.02784999,0.01331127,0.02337292,0.9992502,0.06220601,2.971599,0.1313627,0.08085775,-0.1504195,0.9853101,35,5.7,-9.794113,85.34235,36,-5.7,-28.72836,220.0666
50.35913,20.13019,-34.05104,242.645,0.3501274,2.991061,0.1290909,0.02815621,0.0136441,0.02358057,0.9992322,0.2287283,2.971599,0.1313627,0.08085775,-0.1504195,0.9853101,35,5.7,-9.559144,83.67046,36,-5.7,-28.49339,218.3947
50.383,12.85,-19.64437,144.4344,0.7265752,2.993187,0.1277726,0.03029545,0.01333654,0.02545422,0.9991279,0.6102445,2.980385,0.130618,0.08350304,-0.1543524,0.9844809,35,5.7,-9.244087,81.42872,36,-5.7,-28.17833,216.1529
50.40076,12.85,-21.71595,155.0274,0.9192426,2.994132,0.1273317,0.03186117,0.01254793,0.02531111,0.999093,0.8299893,2.987031,0.1296313,0.07640724,-0.1570287,0.9846339,35,5.7,-9.008935,79.75552,36,-5.7,-27.94318,214.4797
50.42487,12.85,-21.01444,150.6287,1.30325,2.995959,0.1263357,0.03516553,0.01099879,0.02674672,0.998963,1.171329,2.987031,0.1296313,0.07640724,-0.1570287,0.9846339,35,5.7,-8.69036,77.48875,36,-5.7,-27.6246,212.213
50.4425,12.85,-20.50309,148.4431,1.499411,2.995991,0.125882,0.03436761,0.01006943,0.02703926,0.9989927,1.395436,2.991196,0.1283885,0.07605939,-0.1560043,0.9848236,35,5.7,-8.457434,75.83139,36,-5.7,-27.39167,210.5556
50.46631,10.95843,-19.35958,138.1099,1.888336,2.996529,0.1252685,0.0350706,0.008497316,0.02673821,0.998991,1.791971,2.993485,0.1270312,0.06543639,-0.1595714,0.9850153,35,5.7,-8.142564,73.59097,36,-5.7,-27.0768,208.3152
50.4837,11.13106,-19.35957,138.1098,2.082555,2.996902,0.1252688,0.03582528,0.007415839,0.02678933,0.9989715,1.964609,2.993485,0.1270312,0.06543639,-0.1595714,0.9850153,35,5.7,-7.91258,71.95455,36,-5.7,-26.84682,206.6788
50.50806,11.19889,-19.79076,141.1779,2.472937,2.994655,0.1248194,0.03594764,0.004850078,0.02779575,0.9989553,2.363041,2.994823,0.1259652,0.06172291,-0.159169,0.98532,35,5.7,-7.590586,69.66344,36,-5.7,-26.52482,204.3876
50.52551,11.36996,-19.79076,141.1779,2.665387,2.994307,0.1250334,0.0368932,0.004283875,0.02593687,0.9989734,2.534108,2.994823,0.1259652,0.06172291,-0.159169,0.98532,35,5.7,-7.359738,68.02087,36,-5.7,-26.29398,202.7451
50.54968,11.01603,-19.37177,138.1966,3.055506,2.990207,0.1252708,0.03636789,0.003145624,0.02427137,0.9990388,2.932584,2.995261,0.1253046,0.05769575,-0.1596452,0.985487,35,5.7,-7.039654,65.74335,36,-5.7,-25.97389,200.4676
50.56744,10.61703,-20.29441,144.7615,3.250019,2.988748,0.1248705,0.03631077,0.004576117,0.02252457,0.9990762,3.157259,2.993973,0.1249568,0.05085421,-0.15876,0.9860067,35,5.7,-6.805176,64.07496,36,-5.7,-25.73941,198.7992
50.59161,10.96023,-20.29442,144.7616,3.636112,2.983111,0.1247446,0.03678621,0.004949383,0.02389961,0.9990251,3.500454,2.993973,0.1249568,0.05085421,-0.15876,0.9860067,35,5.7,-6.485759,61.80219,36,-5.7,-25.42,196.5264
50.60919,11.22073,-20.94523,149.3924,3.823073,2.980399,0.1247981,0.0377994,0.004801992,0.02280109,0.9990137,3.718597,2.990821,0.1246459,0.04956455,-0.1581391,0.9861721,35,5.7,-6.253241,60.14774,36,-5.7,-25.18748,194.872
50.6333,12.19936,-23.13538,164.9761,4.190815,2.974688,0.1252457,0.0361138,0.003859375,0.01933841,0.9991532,4.096941,2.985951,0.1246792,0.04848707,-0.1563172,0.9865161,35,5.7,-5.934427,57.87926,36,-5.7,-24.86866,192.6035
50.651,12.3585,-23.13551,164.9769,4.369805,2.971759,0.1255763,0.03451721,0.002873149,0.01856827,0.9992275,4.256042,2.985951,0.1246792,0.04848707,-0.1563172,0.9865161,35,5.7,-5.70019,56.21258,36,-5.7,-24.63443,190.9368
50.67505,12.27477,-23.27446,165.9656,4.719994,2.967069,0.1262843,0.03321052,0.002125435,0.01635672,0.9993122,4.617718,2.979716,0.1248809,0.04555586,-0.1562,0.9866743,35,5.7,-5.382866,53.9547,36,-5.7,-24.3171,188.6789
50.69293,11.52795,-21.60828,154.1102,4.889817,2.963813,0.1264946,0.03255549,0.001799166,0.01619618,0.9993371,4.81753,2.973019,0.1253805,0.04299378,-0.1574929,0.9865838,35,5.7,-5.146407,52.27221,36,-5.7,-24.08065,186.9964
50.71698,11.8231,-21.60828,154.1102,5.221864,2.959271,0.1276384,0.03266802,0.00164479,0.01363792,0.9993719,5.112683,2.973019,0.1253805,0.04299378,-0.1574929,0.9865838,35,5.7,-4.828343,50.00906,36,-5.7,-23.76258,184.7333
50.73468,2.852389,-21.81808,155.603,5.383895,2.956416,0.1284944,0.03210897,0.00173239,0.01338073,0.9993933,5.303698,2.966527,0.1261299,-0.01556792,-0.1574035,0.9874117,35,5.7,-4.594006,48.34166,36,-5.7,-23.52825,183.0659
50.75848,3.129224,-21.81823,155.6039,5.69535,2.952506,0.1304813,0.03078463,0.001846999,0.01258799,0.9994451,5.580547,2.966527,0.1261299,-0.01556792,-0.1574035,0.9874117,35,5.7,-4.279152,46.10136,36,-5.7,-23.21339,180.8256
50.77649,1.565186,-27.42978,195.5322,5.84727,2.949782,0.1318041,0.02828583,0.0007578471,0.01375034,0.9995051,5.760596,2.960374,0.1272658,-0.02121052,-0.153642,0.9878989,35,5.7,-4.04127,44.40874,36,-5.7,-22.97551,179.133
50.80023,-0.2752586,-37.08207,264.2117,6.141201,2.944753,0.1349542,0.02482806,-0.001381233,0.01531482,0.9995735,6.064951,2.954648,0.1290876,-0.0237305,-0.1498517,0.9884237,35,5.7,-3.727335,42.17499,36,-5.7,-22.66158,176.8992
50.8186,-0.1491971,-37.08213,264.2121,6.28303,2.9425,0.1370867,0.02340171,-0.002098162,0.01381133,0.9996285,6.191021,2.954648,0.1290876,-0.0237305,-0.1498517,0.9884237,35,5.7,-3.484704,40.44857,36,-5.7,-22.41894,175.1728
50.8421,NaN,NaN,NaN,6.562285,2.936667,0.1412937,0.01917174,-0.004355118,0.01436902,0.9997035,6.480412,2.948874,0.1320267,-0.02889866,-0.1437924,0.9891859,35,5.7,-3.173742,38.23596,36,-5.7,-22.10798,172.9602
50.8606,NaN,NaN,NaN,6.697331,2.933093,0.1434573,0.01789889,-0.006150994,0.0151521,0.9997061,6.600453,2.948874,0.1320267,-0.02889866,-0.1437924,0.9891859,35,5.7,-2.929099,36.49524,36,-5.7,-21.86334,171.2195
50.88385,NaN,NaN,NaN,6.960294,2.925312,0.1481709,0.01817869,-0.009662759,0.01749443,0.999635,6.873244,2.943012,0.1358747,-0.03279602,-0.1439851,0.9890363,35,5.7,-2.621839,34.30896,36,-5.7,-21.55608,169.0332
50.90198,NaN,NaN,NaN,7.084966,2.92095,0.1505979,0.01903031,-0.01212168,0.01937488,0.9995577,7.021405,2.936219,0.1405878,-0.03695507,-0.1449271,0.988752,35,5.7,-2.382236,32.6041,36,-5.7,-21.31647,167.3283
50.92554,NaN,NaN,NaN,7.32459,2.912684,0.1558235,0.01871524,-0.01567047,0.01886157,0.9995241,7.270035,2.927816,0.145895,-0.04418436,-0.1436546,0.988641,35,5.7,-2.070575,30.38651,36,-5.7,-21.00481,165.1107
50.94373,NaN,NaN,NaN,7.440659,2.908412,0.1588145,0.01716945,-0.01704739,0.01871202,0.9995322,7.373207,2.927816,0.145895,-0.04418436,-0.1436546,0.988641,35,5.7,-1.83022,28.6763,36,-5.7,-20.76446,163.4005
50.96735,NaN,NaN,NaN,7.668521,2.898641,0.1647497,0.01431691,-0.01995274,0.02086154,0.9994807,7.609241,2.918234,0.1517602,-0.06472933,-0.1441377,0.9874383,35,5.7,-1.518123,26.45562,36,-5.7,-20.45236,161.1798
50.98547,NaN,NaN,NaN,7.772619,2.893091,0.167391,0.01362893,-0.02213107,0.0235047,0.9993858,7.701773,2.918234,0.1517602,-0.06472933,-0.1441377,0.9874383,35,5.7,-1.27825,24.74884,36,-5.7,-20.21249,159.4731
51.00909,NaN,NaN,NaN,7.965531,2.882093,0.172674,0.01265932,-0.02753708,0.02753887,0.9991612,7.904994,2.907787,0.1583674,-0.07201939,-0.1409705,0.9873908,35,5.7,-0.9658594,22.52606,36,-5.7,-19.9001,157.2503
51.02759,-21.91014,-53.01907,377.6095,8.046457,2.877785,0.1750917,0.01373553,-0.02820319,0.02490203,0.9991976,8.006488,2.896018,0.1651345,-0.07816543,-0.1460936,0.9861779,35,5.7,-0.7213431,20.78623,36,-5.7,-19.65558,155.5105
51.0509,-21.77418,-53.01907,377.6095,8.199412,2.867514,0.1797423,0.01421812,-0.02774034,0.01862558,0.9993405,8.142448,2.896018,0.1651345,-0.07816543,-0.1460936,0.9861779,35,5.7,-0.4131093,18.59304,36,-5.7,-19.34735,153.3173
51.06921,NaN,NaN,NaN,8.26154,2.862531,0.1816396,0.01455644,-0.0266634,0.0156821,0.9994155,8.22373,2.883723,0.1716473,-0.08104335,-0.1448802,0.9861246,35,5.7,-0.1713069,16.87252,36,-5.7,-19.10555,151.5968
51.09277,NaN,NaN,NaN,8.37007,2.853062,0.1849145,0.01457658,-0.02781939,0.01537864,0.9993884,8.342295,2.871507,0.1774424,-0.08110712,-0.143055,0.9863858,35,5.7,0.140481,14.65404,36,-5.7,-18.79376,149.3783
51.11102,NaN,NaN,NaN,8.410388,2.849046,0.1861795,0.01427901,-0.02941564,0.01653907,0.9993284,8.378134,2.871507,0.1774424,-0.08110712,-0.143055,0.9863858,35,5.7,0.3819514,12.93589,36,-5.7,-18.55229,147.6601
51.1347,NaN,NaN,NaN,8.47544,2.839666,0.1880193,0.01557764,-0.03072529,0.01697075,0.9992625,8.453699,2.859726,0.1821891,-0.0820791,-0.142991,0.9863147,35,5.7,0.6951756,10.70718,36,-5.7,-18.23906,145.4314
51.15289,NaN,NaN,NaN,8.49401,2.83593,0.1883765,0.01865491,-0.0309206,0.01640632,0.9992131,8.470205,2.859726,0.1821891,-0.0820791,-0.142991,0.9863147,35,5.7,0.9350727,9.000224,36,-5.7,-17.99917,143.7244
51.17627,-10.52573,-30.24136,215.5375,8.516776,2.828981,0.1889359,0.02250794,-0.03126394,0.01484652,0.9991474,8.503511,2.848646,0.1857147,-0.08700728,-0.1512972,0.9846517,35,5.7,1.244289,6.800039,36,-5.7,-17.68995,141.5243
51.1944,-4.748863,-20.77736,148.1978,8.51165,2.826379,0.1886334,0.02423936,-0.03103801,0.0124759,0.9991464,8.507423,2.838272,0.1879003,-0.08810087,-0.1569488,0.9836693,35,5.7,1.484221,5.092829,36,-5.7,-17.45002,139.817
51.21802,-4.774386,-20.77736,148.1978,8.482937,2.823508,0.1878211,0.0276622,-0.03229474,0.01048284,0.9990405,8.4819,2.838272,0.1879003,-0.08810087,-0.1569488,0.9836693,35,5.7,1.796186,2.873084,36,-5.7,-17.13805,137.5973
51.23621,-3.265237,-17.99118,128.3731,8.454824,2.822687,0.186952,0.02764908,-0.03295326,0.00927021,0.9990314,8.460573,2.829758,0.1886612,-0.0899269,-0.1596788,0.9830645,35,5.7,2.036474,1.163345,36,-5.7,-16.89777,135.8876
51.25983,-3.322303,-17.99117,128.373,8.390615,2.820281,0.1848077,0.02890198,-0.03349064,0.009929977,0.9989717,8.403499,2.829758,0.1886612,-0.0899269,-0.1596788,0.9830645,36,-5.7,-16.5851,133.6628,37,5.7,-35.35075,267.1873
51.27802,-0.4974442,-13.94206,99.56222,8.347186,2.819445,0.1835181,0.02879591,-0.03275803,0.01073083,0.9989908,8.363527,2.824215,0.1881579,-0.08758728,-0.1657282,0.9822742,36,-5.7,-16.34493,131.9539,37,5.7,-35.11058,265.4784
51.30164,-0.4130374,-13.80991,98.62193,8.245959,2.816828,0.1803525,0.02885547,-0.03173419,0.01246428,0.999002,8.26767,2.820788,0.1865205,-0.08662768,-0.1659633,0.9823196,36,-5.7,-16.03249,129.7308,37,5.7,-34.79814,263.2553
51.31976,-0.4706803,-13.80992,98.62196,8.181116,2.815142,0.1783316,0.03135889,-0.0304397,0.01144306,0.998979,8.210031,2.820788,0.1865205,-0.08662768,-0.1659633,0.9823196,36,-5.7,-15.79285,128.0257,37,5.7,-34.55849,261.5501
51.34338,-1.274369,-14.71941,105.0932,8.038971,2.814157,0.1745574,0.03852256,-0.02877125,0.0109371,0.9987835,8.073869,2.818169,0.1837956,-0.08755066,-0.1642477,0.9825262,36,-5.7,-15.4806,125.8039,37,5.7,-34.24625,259.3284
51.36127,-1.057177,-14.69914,104.949,7.954479,2.815098,0.1730012,0.04317772,-0.02790418,0.01022944,0.9986253,7.984838,2.815495,0.1799011,-0.0848162,-0.1642914,0.9827586,36,-5.7,-15.24394,124.12,37,5.7,-34.00959,257.6444
51.38513,-1.219386,-14.69914,104.949,7.771993,2.819185,0.1698394,0.04962711,-0.02766306,0.0120225,0.9983122,7.822629,2.815495,0.1799011,-0.0848162,-0.1642914,0.9827586,36,-5.7,-14.92832,121.8743,37,5.7,-33.69397,255.3987
51.40289,0.9059297,-10.64676,76.11494,7.66381,2.822124,0.1684371,0.0475618,-0.02752007,0.01030369,0.998436,7.708366,2.814226,0.1755949,-0.08786115,-0.1738639,0.9808424,36,-5.7,-14.6938,120.2055,37,5.7,-33.45945,253.73
51.42694,-1.259658,-13.62158,97.28176,7.438989,2.831084,0.1656787,0.04777981,-0.02798373,0.007361866,0.9984387,7.486082,2.816368,0.1715275,-0.08844873,-0.1662428,0.98211,36,-5.7,-14.3753,117.9393,37,5.7,-33.14095,251.4637
51.44464,-1.368034,-13.62159,97.2818,7.31707,2.835431,0.1638176,0.04847269,-0.02843816,0.006609144,0.9983978,7.37771,2.816368,0.1715275,-0.08844873,-0.1662428,0.98211,36,-5.7,-14.14163,116.2766,37,5.7,-32.90728,249.8011
51.46863,-2.633553,-15.48737,110.5575,7.058925,2.845672,0.16007,0.05248391,-0.02943488,0.005512392,0.9981726,7.121368,2.823241,0.1678914,-0.08684753,-0.1630184,0.9827932,36,-5.7,-13.82441,114.0195,37,5.7,-32.59005,247.5439
51.48645,-2.761228,-15.48738,110.5576,6.915294,2.851308,0.1581971,0.0541458,-0.02945832,0.003006532,0.9980938,6.993696,2.823241,0.1678914,-0.08684753,-0.1630184,0.9827932,36,-5.7,-13.5892,112.3459,37,5.7,-32.35485,245.8704
51.51044,-1.750304,-13.02024,93.00296,6.616863,2.863541,0.1547931,0.05516561,-0.02795518,-0.002290757,0.9980832,6.697599,2.833338,0.1640238,-0.08933817,-0.1676546,0.9817895,36,-5.7,-13.27134,110.0842,37,5.7,-32.03699,243.6087
51.52808,-1.907393,-12.8308,91.65506,6.458725,2.86977,0.153172,0.05409275,-0.02485896,-0.005550377,0.998211,6.522268,2.845676,0.159831,-0.09043685,-0.1681837,0.9815984,36,-5.7,-13.03831,108.4261,37,5.7,-31.80396,241.9506
51.55225,-2.200459,-12.8308,91.6551,6.129029,2.881135,0.1491554,0.04977494,-0.01763518,-0.009130697,0.9985631,6.229205,2.845676,0.159831,-0.09043685,-0.1681837,0.9815984,36,-5.7,-12.71923,106.1558,37,5.7,-31.48488,239.6802
51.5697,-2.720195,-13.24239,94.58369,5.954449,2.887704,0.1466687,0.05417208,-0.01494394,-0.005009511,0.9984072,6.035419,2.859705,0.1556741,-0.0910238,-0.1673982,0.9816784,36,-5.7,-12.4882,104.5119,37,5.7,-31.25384,238.0363
51.59393,-2.30419,-13.60959,97.19645,5.587161,2.899515,0.1423759,0.05450983,-0.008952701,-0.001607317,0.9984719,5.666624,2.874191,0.15106,-0.08071092,-0.1669116,0.9826629,36,-5.7,-12.16791,102.2329,37,5.7,-30.93356,235.7574
51.61176,-2.477412,-13.60959,97.19645,5.392286,2.905934,0.1403997,0.05350133,-0.006665245,-0.0001322681,0.9985456,5.493402,2.874191,0.15106,-0.08071092,-0.1669116,0.9826629,36,-5.7,-11.93186,100.5533,37,5.7,-30.69751,234.0777
51.63574,-2.677184,-13.27674,94.8281,4.992899,2.918012,0.1361876,0.05364826,-0.00314758,0.001236907,0.9985542,5.092387,2.8885,0.1459969,-0.08062574,-0.1677486,0.9825273,36,-5.7,-11.61521,98.30022,37,5.7,-30.38085,231.8246
51.65381,-2.863698,-13.27674,94.8281,4.783071,2.924224,0.1341633,0.05492073,-0.00242376,0.0006583537,0.9984877,4.905873,2.8885,0.1459969,-0.08062574,-0.1677486,0.9825273,36,-5.7,-11.37623,96.59979,37,5.7,-30.14187,230.1242
51.67749,-12.85,-22.315,160.5667,4.35502,2.936272,0.1299746,0.05689568,-0.001941945,-0.001386378,0.9983773,4.475747,2.903088,0.1410323,-0.1060864,-0.1544117,0.9822946,36,-5.7,-11.06312,94.37189,37,5.7,-29.82876,227.8963
51.69525,-11.90197,-21.2937,151.8717,4.134368,2.941784,0.1277385,0.05805872,-0.002694912,-0.003035708,0.9983049,4.226445,2.917732,0.1360137,-0.1043915,-0.156709,0.9821124,36,-5.7,-10.8283,92.70108,37,5.7,-29.59395,226.2255
51.71924,-12.30017,-21.29371,151.8718,3.686396,2.95287,0.1236593,0.05965106,-0.003244318,-0.006894664,0.9981902,3.828248,2.917732,0.1360137,-0.1043915,-0.156709,0.9821124,36,-5.7,-10.5109,90.44263,37,5.7,-29.27654,223.967
51.737,-12.85,-19.93144,144.3274,3.458048,2.957773,0.121655,0.05923754,-0.003580123,-0.009370948,0.9981935,3.56906,2.932066,0.1309049,-0.1117565,-0.1556206,0.9814748,36,-5.7,-10.27658,88.77535,37,5.7,-29.04222,222.2998
51.76105,-11.91953,-18.39228,131.227,2.995658,2.966287,0.117455,0.05652301,-0.00273151,-0.01478251,0.9982882,3.099465,2.945598,0.1258565,-0.1123565,-0.1596278,0.9807625,36,-5.7,-9.95862,86.51298,37,5.7,-28.72426,220.0374
51.77869,-12.12546,-18.39228,131.227,2.763991,2.97067,0.1157464,0.05604287,-0.002917823,-0.01630561,0.998291,2.893539,2.945598,0.1258565,-0.1123565,-0.1596278,0.9807625,36,-5.7,-9.724718,84.84868,37,5.7,-28.49036,218.3731
51.8028,-12.85,-19.18255,137.717,2.296669,2.978005,0.1123715,0.0524614,-0.002460558,-0.01937453,0.998432,2.417888,2.957848,0.1208713,-0.1089008,-0.1579202,0.9814284,36,-5.7,-9.406113,82.58169,37,5.7,-28.17176,216.1061
51.82104,-12.85,-18.87837,135.8266,2.060685,2.980551,0.1108056,0.05000148,-0.002057832,-0.02142009,0.9985173,2.208125,2.957848,0.1208713,-0.1089008,-0.1579202,0.9814284,36,-5.7,-9.165175,80.86733,37,5.7,-27.93082,214.3918
51.84454,-12.85,-18.45445,135.251,1.589198,2.985245,0.1074094,0.04756822,-0.001174126,-0.02523637,0.9985484,1.727488,2.96826,0.1163058,-0.1059437,-0.1556922,0.9821079,36,-5.7,-8.854496,78.65673,37,5.7,-27.62014,212.1812
51.86237,-12.85,-18.52059,135.7639,1.351052,2.986173,0.1059184,0.04640059,-0.0005760565,-0.02783265,0.9985349,1.453523,2.976611,0.1121279,-0.1035831,-0.1556782,0.9823619,36,-5.7,-8.618373,76.97662,37,5.7,-27.38401,210.5011
51.88635,-12.85,-17.8891,131.7791,0.8783553,2.988616,0.1028223,0.04531194,0.0006729253,-0.03307742,0.9984249,1.033348,2.976611,0.1121279,-0.1035831,-0.1556782,0.9823619,36,-5.7,-8.3016,74.72267,37,5.7,-27.06724,208.2471
51.90399,-7.371016,-29.43516,209.8012,0.6431271,2.989951,0.1016245,0.04430159,0.00157582,-0.03522333,0.9983959,0.761573,2.982554,0.1079912,-0.03829983,-0.1526689,0.9875349,36,-5.7,-8.068166,73.0617,37,5.7,-26.83381,206.5861
51.92804,4.023339,-38.54918,274.6508,0.1760663,2.990734,0.09960419,0.03826285,0.003470544,-0.03844283,0.998522,0.283525,2.986424,0.1041986,0.0134673,-0.1495723,0.9886591,36,-5.7,-7.750238,70.79953,37,5.7,-26.51588,204.3239
51.9458,3.816367,-38.54918,274.6508,-0.05677794,2.989199,0.09834233,0.03886607,0.004627537,-0.03962351,0.9984478,0.07655239,2.986424,0.1041986,0.0134673,-0.1495723,0.9886591,36,-5.7,-7.515285,69.12775,37,5.7,-26.28093,202.6522
51.96979,NaN,NaN,NaN,-0.5109565,2.988647,0.09646749,0.03912941,0.007171191,-0.03982281,0.9984146,-0.3898703,2.988881,0.1013416,0.02069754,-0.143251,0.9894699,36,-5.7,-7.198749,66.87548,37,5.7,-25.96439,200.3999
51.9881,NaN,NaN,NaN,-0.7378119,2.987708,0.09607466,0.03927179,0.008502644,-0.03986215,0.998397,-0.5915197,2.988881,0.1013416,0.02069754,-0.143251,0.9894699,36,-5.7,-6.956491,65.15173,37,5.7,-25.72213,198.6761
52.01154,NaN,NaN,NaN,-1.184827,2.984741,0.09473473,0.03717547,0.01042581,-0.03970167,0.9984653,-1.05079,2.98907,0.09883034,0.02492481,-0.1440227,0.9892604,36,-5.7,-6.646128,62.94338,37,5.7,-25.41177,196.4678
52.02942,NaN,NaN,NaN,-1.402442,2.982971,0.09453939,0.0357295,0.01114499,-0.03891826,0.9985413,-1.305142,2.987613,0.09658921,0.02438669,-0.1441084,0.9892613,36,-5.7,-6.410333,61.26561,37,5.7,-25.17597,194.79
52.05353,NaN,NaN,NaN,-1.834413,2.978059,0.09409405,0.03087912,0.01253549,-0.03765248,0.998735,-1.689117,2.987613,0.09658921,0.02438669,-0.1441084,0.9892613,36,-5.7,-6.090904,58.99275,37,5.7,-24.85654,192.5172
52.07111,NaN,NaN,NaN,-2.048198,2.974293,0.09394668,0.03023696,0.01251067,-0.0371954,0.9987721,-1.938767,2.984477,0.09510863,0.022032,-0.1441303,0.9893134,36,-5.7,-5.858836,57.3415,37,5.7,-24.62448,190.8659
52.09528,NaN,NaN,NaN,-2.465775,2.968748,0.09421842,0.02929582,0.01153025,-0.03555451,0.9988717,-2.368216,2.979526,0.09430385,0.02538288,-0.137576,0.9901659,36,-5.7,-5.538933,55.06528,37,5.7,-24.30457,188.5897
52.11328,NaN,NaN,NaN,-2.673023,2.965794,0.09483756,0.02852583,0.01096308,-0.03596038,0.9988859,-2.552436,2.979526,0.09430385,0.02538288,-0.137576,0.9901659,36,-5.7,-5.300882,53.37146,37,5.7,-24.06652,186.8959
52.1369,NaN,NaN,NaN,-3.073424,2.95946,0.09589025,0.02618674,0.008498733,-0.03518112,0.9990017,-2.965238,2.972985,0.09402907,0.02589417,-0.1377059,0.9901346,36,-5.7,-4.989163,51.15347,37,5.7,-23.7548,184.6779
52.15515,NaN,NaN,NaN,-3.269051,2.955331,0.09650323,0.02586854,0.007370267,-0.03560415,0.9990039,-3.139129,2.972985,0.09402907,0.02589417,-0.1377059,0.9901346,36,-5.7,-4.747968,49.43727,37,5.7,-23.51361,182.9617
52.17859,NaN,NaN,NaN,-3.651603,2.947589,0.09839739,0.02479808,0.005302936,-0.03634159,0.9990177,-3.534547,2.965856,0.09439266,0.02438621,-0.1363264,0.9903638,36,-5.7,-4.437714,47.22969,37,5.7,-23.20335,180.7541
52.19623,NaN,NaN,NaN,-3.838346,2.943826,0.09960088,0.02455441,0.003909979,-0.03617623,0.9990361,-3.753999,2.957728,0.09583521,0.02887266,-0.1374202,0.9900919,36,-5.7,-4.204732,45.57194,37,5.7,-22.97037,179.0963
52.22089,NaN,NaN,NaN,-4.20392,2.934579,0.1019787,0.02463726,0.001541056,-0.03793037,0.9989755,-4.078954,2.957728,0.09583521,0.02887266,-0.1374202,0.9900919,36,-5.7,-3.878215,43.24865,37,5.7,-22.64385,176.7731
52.2381,NaN,NaN,NaN,-4.377566,2.929985,0.1034201,0.02547962,0.001069874,-0.03917907,0.9989068,-4.284843,2.948771,0.09793901,0.04396226,-0.1380161,0.9894539,36,-5.7,-3.650908,41.63128,37,5.7,-22.41655,175.1557
52.26215,NaN,NaN,NaN,-4.71816,2.919266,0.1061768,0.02630452,0.0007995517,-0.04111096,0.998808,-4.6371,2.938709,0.1005942,0.04750992,-0.1409265,0.9888794,36,-5.7,-3.332654,39.36679,37,5.7,-22.09829,172.8912
52.27979,NaN,NaN,NaN,-4.88179,2.913795,0.1075748,0.02721127,0.0001335405,-0.0407222,0.9987999,-4.782548,2.938709,0.1005942,0.04750992,-0.1409265,0.9888794,36,-5.7,-3.100196,37.71276,37,5.7,-21.86584,171.2372
52.30389,NaN,NaN,NaN,-5.195764,2.902866,0.1103307,0.02827541,-0.001008838,-0.04144472,0.9987401,-5.108833,2.927364,0.1036865,0.0575695,-0.1434372,0.9879835,36,-5.7,-2.780697,35.43941,37,5.7,-21.54634,168.9638
52.32214,NaN,NaN,NaN,-5.343994,2.896757,0.1115796,0.02899816,-0.0003108383,-0.04362895,0.9986269,-5.240593,2.927364,0.1036865,0.0575695,-0.1434372,0.9879835,36,-5.7,-2.539545,33.72352,37,5.7,-21.30518,167.2479
52.34576,12.85,-45.80052,330.0311,-5.625453,2.885977,0.1142424,0.02915026,0.000472296,-0.04366533,0.9986208,-5.535555,2.914879,0.1069943,0.05504531,-0.1458512,0.987774,36,-5.7,-2.227727,31.50482,37,5.7,-20.99337,165.0292
52.36328,12.19904,-36.54982,260.4248,-5.759071,2.880991,0.1159937,0.03072608,-4.724786E-05,-0.04182632,0.9986523,-5.696199,2.901633,0.1102948,0.06781206,-0.1494971,0.986434,36,-5.7,-1.996007,29.85605,37,5.7,-20.76165,163.3805
52.38812,11.97284,-36.54982,260.4248,-6.013545,2.871816,0.1193419,0.03120513,-0.001758736,-0.0400361,0.9987093,-5.922398,2.901633,0.1102948,0.06781206,-0.1494971,0.986434,36,-5.7,-1.667783,27.52061,37,5.7,-20.43342,161.045
52.40491,NaN,NaN,NaN,-6.130675,2.86619,0.1205715,0.03049648,-0.002741929,-0.04054873,0.9987083,-6.065258,2.888666,0.1139888,0.07033543,-0.1394838,0.9877232,36,-5.7,-1.445525,25.93917,37,5.7,-20.21116,159.4636
52.42944,NaN,NaN,NaN,-6.349638,2.855835,0.1232639,0.02998042,-0.004442837,-0.03967281,0.998753,-6.29529,2.876314,0.1174376,0.06891581,-0.1340277,0.9885784,36,-5.7,-1.121422,23.63305,37,5.7,-19.88706,157.1575
52.44678,NaN,NaN,NaN,-6.448975,2.85104,0.1248253,0.02801476,-0.005794853,-0.03825619,0.9988584,-6.38359,2.876314,0.1174376,0.06891581,-0.1340277,0.9885784,36,-5.7,-0.8923542,22.00315,37,5.7,-19.658,155.5276
52.47107,21.12333,-47.62051,374.389,-6.632281,2.841632,0.1278695,0.02470538,-0.008485783,-0.03683262,0.99898,-6.578559,2.864032,0.1208098,0.07315531,-0.1333199,0.9883694,36,-5.7,-0.5711557,19.7177,37,5.7,-19.3368,153.2421
52.48932,20.93237,-47.39658,372.7288,-6.708876,2.837088,0.1292617,0.02353162,-0.00899329,-0.03653931,0.9990147,-6.646644,2.864032,0.1208098,0.07315531,-0.1333199,0.9883694,36,-5.7,-0.3291695,17.99588,37,5.7,-19.09481,151.5203
52.51282,NaN,NaN,NaN,-6.844362,2.828522,0.1318476,0.02259613,-0.01032334,-0.03312739,0.9991423,-6.795563,2.8521,0.1242453,0.07166848,-0.1312639,0.9887534,36,-5.7,-0.01853299,15.78559,37,5.7,-18.78417,149.31
52.53046,23.63264,-45.23653,366.8567,-6.89972,2.8239,0.1326407,0.02467615,-0.01124831,-0.03072596,0.9991599,-6.869046,2.840804,0.1277102,0.08218765,-0.1295457,0.9881615,36,-5.7,0.2144117,14.1281,37,5.7,-18.55123,147.6525
52.55499,23.4077,-45.01263,365.1488,-6.992972,2.815676,0.134601,0.02884443,-0.01300894,-0.02884936,0.9990829,-6.951937,2.840804,0.1277102,0.08218765,-0.1295457,0.9881615,36,-5.7,0.5389135,11.81915,37,5.7,-18.22673,145.3436
52.57227,22.56177,-45.44735,365.1758,-7.025173,2.812328,0.1357186,0.02858486,-0.01324276,-0.02874638,0.9990902,-7.000086,2.830057,0.1308262,0.08002488,-0.1306885,0.9881885,36,-5.7,0.7671825,10.19493,37,5.7,-17.99846,143.7194
52.59625,23.96646,-46.28986,361.2483,-7.06918,2.805815,0.1375082,0.02812578,-0.01344042,-0.0273676,0.9991394,-7.054096,2.81982,0.1334363,0.08481199,-0.1342687,0.9873089,36,-5.7,1.084594,7.936431,37,5.7,-17.68105,141.4609
52.61401,23.75791,-45.96693,358.8736,-7.07431,2.802701,0.1383063,0.0269466,-0.01512755,-0.02524054,0.9992037,-7.058656,2.81982,0.1334363,0.08481199,-0.1342687,0.9873089,36,-5.7,1.319535,6.264739,37,5.7,-17.44611,139.7892
52.63806,NaN,NaN,NaN,-7.066734,2.797019,0.1400075,0.02695736,-0.01993189,-0.02561489,0.9991096,-7.061912,2.810793,0.1358711,0.08948511,-0.1310233,0.9873324,36,-5.7,1.636859,4.006864,37,5.7,-17.12878,137.5313
52.65637,NaN,NaN,NaN,-7.044158,2.795452,0.1411203,0.02748219,-0.0217026,-0.0310081,0.9989055,-7.041843,2.810793,0.1358711,0.08948511,-0.1310233,0.9873324,36,-5.7,1.879441,2.280804,37,5.7,-16.8862,135.8052
52.67975,NaN,NaN,NaN,-6.977138,2.792359,0.1428427,0.02648578,-0.02257786,-0.03742661,0.9986931,-6.986924,2.803025,0.1380463,0.08986925,-0.1307118,0.9873388,36,-5.7,2.188369,0.08266687,37,5.7,-16.57727,133.6071
52.69769,NaN,NaN,NaN,-6.927805,2.790709,0.1434195,0.02662828,-0.02150085,-0.03962245,0.9986284,-6.942122,2.796825,0.1401293,0.0932911,-0.1329457,0.9867229,37,5.7,-16.34033,131.9211,38,-5.7,-34.73063,262.775
52.72302,NaN,NaN,NaN,-6.812718,2.787847,0.1444541,0.02813046,-0.01917458,-0.04154275,0.9985566,-6.839823,2.796825,0.1401293,0.0932911,-0.1329457,0.9867229,37,5.7,-16.00512,129.536,38,-5.7,-34.39542,260.3899
52.7395,25.06362,-44.33951,347.6473,-6.741395,2.786914,0.1449374,0.02930085,-0.01777457,-0.03979656,0.99862,-6.769642,2.792208,0.1421748,0.09040236,-0.133848,0.9868699,37,5.7,-15.78701,127.9841,38,-5.7,-34.17731,258.8379
52.76337,21.85353,-34.26921,265.8507,-6.580826,2.787281,0.1458831,0.02978175,-0.01780448,-0.0345641,0.9988,-6.614688,2.78846,0.1438745,0.1055219,-0.1373601,0.9848844,37,5.7,-15.47213,125.7436,38,-5.7,-33.86244,256.5975
52.78131,21.7152,-33.97971,263.775,-6.486246,2.788614,0.1463977,0.02896781,-0.01961989,-0.03146723,0.9988922,-6.530617,2.78846,0.1438745,0.1055219,-0.1373601,0.9848844,37,5.7,-15.23463,124.0537,38,-5.7,-33.62494,254.9076
52.80511,NaN,NaN,NaN,-6.279829,2.792724,0.1477826,0.02617343,-0.02255759,-0.02764408,0.9990205,-6.329453,2.786552,0.1450764,0.1074084,-0.1388272,0.9844747,37,5.7,-14.91947,121.8113,38,-5.7,-33.30978,252.6651
52.82355,NaN,NaN,NaN,-6.160384,2.795961,0.1484655,0.02502034,-0.02445267,-0.0256174,0.9990595,-6.22328,2.786552,0.1450764,0.1074084,-0.1388272,0.9844747,37,5.7,-14.6758,120.0775,38,-5.7,-33.06611,250.9313
52.84692,21.41683,-32.85524,258.2472,-5.905135,2.803437,0.1497647,0.02509852,-0.0278469,-0.02146898,0.9990665,-5.97396,2.787674,0.1463022,0.1045505,-0.1360488,0.98517,37,5.7,-14.36742,117.8832,38,-5.7,-32.75772,248.737
52.86475,20.28093,-31.89743,258.5631,-5.762142,2.807939,0.1504111,0.02622045,-0.02873643,-0.02038171,0.9990352,-5.81943,2.792324,0.1478888,0.09960589,-0.1323853,0.9861809,37,5.7,-14.13125,116.2028,38,-5.7,-32.52156,247.0567
52.88928,20.32065,-31.59623,256.3193,-5.46251,2.817625,0.1513694,0.02870325,-0.02898233,-0.01879227,0.998991,-5.55309,2.792324,0.1478888,0.09960589,-0.1323853,0.9861809,37,5.7,-13.80717,113.8968,38,-5.7,-32.19748,244.7507
52.90649,NaN,NaN,NaN,-5.300424,2.823056,0.1518189,0.03024901,-0.02789564,-0.01816017,0.998988,-5.37665,2.800121,0.1494288,0.09650918,-0.1391226,0.9855612,37,5.7,-13.57953,112.277,38,-5.7,-31.96984,243.1309
52.93036,NaN,NaN,NaN,-4.964828,2.834709,0.1525936,0.03223873,-0.02581998,-0.01627795,0.9990141,-5.041151,2.810451,0.1507115,0.09729783,-0.141923,0.9850843,37,5.7,-13.26372,110.0299,38,-5.7,-31.65402,240.8838
52.94818,NaN,NaN,NaN,-4.789012,2.841107,0.1529867,0.0328025,-0.02467274,-0.01560425,0.9990355,-4.884871,2.810451,0.1507115,0.09729783,-0.141923,0.9850843,37,5.7,-13.02806,108.3532,38,-5.7,-31.41837,239.207
52.97223,NaN,NaN,NaN,-4.428958,2.853601,0.1538964,0.03218651,-0.02291879,-0.01434138,0.9991161,-4.523289,2.822861,0.1518372,0.09990861,-0.1453276,0.9843262,37,5.7,-12.7105,106.0936,38,-5.7,-31.10081,236.9475
52.99042,NaN,NaN,NaN,-4.241018,2.859834,0.1542486,0.03211827,-0.02181387,-0.013427,0.9991558,-4.356232,2.822861,0.1518372,0.09990861,-0.1453276,0.9843262,37,5.7,-12.47023,104.384,38,-5.7,-30.86054,235.2379
53.01404,NaN,NaN,NaN,-3.860209,2.871809,0.155011,0.0308157,-0.01852905,-0.01143493,0.999288,-3.972637,2.836934,0.1529856,0.1041212,-0.1422541,0.9843386,37,5.7,-12.15742,102.1582,38,-5.7,-30.54773,233.0121
53.03149,NaN,NaN,NaN,-3.663888,2.878024,0.1554751,0.03032489,-0.01678415,-0.009112116,0.9993576,-3.750416,2.851768,0.1538837,0.1091636,-0.1412073,0.983943,37,5.7,-11.92692,100.5182,38,-5.7,-30.31723,231.372
53.05652,23.31863,-31.70802,240.969,-3.268121,2.890203,0.1562817,0.03117963,-0.01441424,-0.005929403,0.9993923,-3.398623,2.851768,0.1538837,0.1091636,-0.1412073,0.983943,37,5.7,-11.59577,98.16189,38,-5.7,-29.98608,229.0157
53.07318,22.65395,-30.95255,241.033,-3.062896,2.896041,0.156742,0.03247682,-0.01348545,-0.005080542,0.9993686,-3.166168,2.866562,0.1548061,0.1055574,-0.1382591,0.9847548,37,5.7,-11.37547,96.59436,38,-5.7,-29.76578,227.4482
53.09729,NaN,NaN,NaN,-2.648789,2.907442,0.1575318,0.03477297,-0.01079,-0.00365543,0.9993303,-2.746292,2.88128,0.1556609,0.09694163,-0.1381967,0.985649,37,5.7,-11.05672,94.3263,38,-5.7,-29.44702,225.1801
53.11487,NaN,NaN,NaN,-2.435918,2.912987,0.1582688,0.036064,-0.009453721,-0.002794943,0.9993008,-2.557074,2.88128,0.1556609,0.09694163,-0.1381967,0.985649,37,5.7,-10.82472,92.67558,38,-5.7,-29.21503,223.5294
53.1391,NaN,NaN,NaN,-2.006259,2.92333,0.1596203,0.03741584,-0.006393474,-0.0009722598,0.9992788,-2.121551,2.895543,0.1565714,0.09953737,-0.1410944,0.9849796,37,5.7,-10.50432,90.3958,38,-5.7,-28.89463,221.2496
53.15729,NaN,NaN,NaN,-1.785727,2.928365,0.160153,0.03914389,-0.004254688,-0.000231987,0.9992245,-1.925522,2.895543,0.1565714,0.09953737,-0.1410944,0.9849796,37,5.7,-10.26365,88.68333,38,-5.7,-28.65396,219.5372
53.18097,NaN,NaN,NaN,-1.338581,2.938331,0.1612361,0.04436035,-0.0006394759,0.003215776,0.9990103,-1.472521,2.908952,0.1579088,0.08918645,-0.1448259,0.9854295,37,5.7,-9.950587,86.45578,38,-5.7,-28.34089,217.3096
53.1983,22.38951,-34.46346,245.5794,-1.112211,2.943467,0.1619436,0.04680792,0.001276266,0.005446601,0.9988883,-1.214079,2.921583,0.159374,0.09465258,-0.1499175,0.9841573,37,5.7,-9.721271,84.82411,38,-5.7,-28.11158,215.678
53.22308,22.79412,-34.46341,245.5791,-0.6569897,2.952523,0.163048,0.05266416,0.005540606,0.006766954,0.998574,-0.809438,2.921583,0.159374,0.09465258,-0.1499175,0.9841573,37,5.7,-9.393482,82.49178,38,-5.7,-27.78379,213.3456
53.23999,12.85,-19.40929,140.562,-0.422193,2.955606,0.1635137,0.05375785,0.007337731,0.006692499,0.9985047,-0.5419402,2.933987,0.1609271,0.09378298,-0.1564686,0.9832204,37,5.7,-9.170053,80.90199,38,-5.7,-27.56036,211.7558
53.26453,12.41952,-19.22408,137.1455,0.04878526,2.962339,0.1643542,0.05914228,0.0099255,0.009968688,0.9981505,-0.06316981,2.945157,0.1622981,0.08959346,-0.1591178,0.9831859,37,5.7,-8.845479,78.59253,38,-5.7,-27.23578,209.4464
53.28168,12.63245,-19.22409,137.1456,0.2883183,2.965426,0.1649504,0.06112457,0.01093694,0.01170719,0.9980016,0.1497484,2.945157,0.1622981,0.08959346,-0.1591178,0.9831859,37,5.7,-8.618928,76.98054,38,-5.7,-27.00923,207.8344
53.30634,9.414003,-14.00367,100.0004,0.7696728,2.969805,0.1661417,0.06199738,0.01306994,0.01356582,0.9978985,0.6391272,2.954624,0.1634517,0.0863274,-0.1668361,0.9821982,37,5.7,-8.293157,74.66256,38,-5.7,-26.68346,205.5164
53.32397,9.62663,-14.00367,100.0004,1.008878,2.970954,0.166395,0.06333707,0.01398066,0.01470852,0.9977859,0.8517541,2.954624,0.1634517,0.0863274,-0.1668361,0.9821982,37,5.7,-8.059906,73.00289,38,-5.7,-26.45021,203.8567
53.34802,9.616408,-14.61258,104.333,1.489643,2.972576,0.1674662,0.06297309,0.0154364,0.01623559,0.9977638,1.341957,2.962405,0.1646533,0.07808726,-0.1658578,0.9830531,37,5.7,-7.741901,70.74017,38,-5.7,-26.13221,201.594
53.36542,10.08976,-14.42043,102.9659,1.724002,2.973456,0.1685472,0.06252903,0.01650208,0.01573724,0.9977827,1.613997,2.967887,0.1659157,0.081027,-0.1662298,0.9827524,37,5.7,-7.511866,69.10339,38,-5.7,-25.90217,199.9572
53.39008,10.50754,-14.42043,102.9658,2.194016,2.972775,0.1698,0.06047417,0.01668455,0.01550865,0.9979099,2.031788,2.967887,0.1659157,0.081027,-0.1662298,0.9827524,37,5.7,-7.185759,66.78301,38,-5.7,-25.57606,197.6368
53.40704,10.60927,-15.17172,108.3115,2.425408,2.972625,0.170835,0.06184809,0.01609654,0.01552552,0.997835,2.301141,2.971054,0.1672587,0.07554917,-0.1649796,0.9833993,37,5.7,-6.961689,65.18867,38,-5.7,-25.35199,196.0425
53.43152,9.935328,-15.42208,110.0929,2.883593,2.96953,0.1714222,0.06216624,0.01496184,0.01599083,0.9978256,2.771474,2.972059,0.1688491,0.06414483,-0.1647004,0.9842557,37,5.7,-6.637612,62.88274,38,-5.7,-25.02792,193.7366
53.44885,10.13749,-15.42208,110.0929,3.111023,2.965627,0.170941,0.06151094,0.01378078,0.01503978,0.9978979,2.973635,2.972059,0.1688491,0.06414483,-0.1647004,0.9842557,37,5.7,-6.409031,61.25631,38,-5.7,-24.79934,192.1101
53.47333,10.04332,-15.77379,112.5955,3.550047,2.958566,0.1706997,0.06533802,0.01099431,0.0144279,0.9976983,3.426164,2.970575,0.1699065,0.05795905,-0.1641803,0.9847261,37,5.7,-6.085446,58.95388,38,-5.7,-24.47575,189.8077
53.49103,10.23258,-15.77379,112.5955,3.762966,2.955704,0.1711901,0.06526415,0.01116705,0.01089249,0.9977461,3.615426,2.970575,0.1699065,0.05795905,-0.1641803,0.9847261,37,5.7,-5.851305,57.28788,38,-5.7,-24.24161,188.1417
53.51514,8.386082,-13.26337,94.73292,4.180901,2.947906,0.1720471,0.06033317,0.01113876,0.007848038,0.9980853,4.047669,2.965597,0.1704175,0.04517152,-0.168976,0.9845845,37,5.7,-5.532362,55.01848,38,-5.7,-23.92266,185.8723
53.53302,8.276477,-13.39846,95.69411,4.382452,2.943793,0.1727209,0.05793138,0.01242368,0.006130071,0.9982244,4.28541,2.958399,0.1708851,0.04114681,-0.1686349,0.9848194,37,5.7,-5.295672,53.33435,38,-5.7,-23.68598,184.1882
53.55682,8.626238,-13.39846,95.69408,4.775934,2.935946,0.1741848,0.05456422,0.0148284,0.003829493,0.9983928,4.635172,2.958399,0.1708851,0.04114681,-0.1686349,0.9848194,37,5.7,-4.980931,51.09484,38,-5.7,-23.37123,181.9487
53.57434,9.127862,-14.65604,104.6423,4.968538,2.930504,0.1746716,0.05302447,0.01519163,0.006689475,0.9984553,4.862712,2.949898,0.1717668,0.04022606,-0.1660476,0.985297,37,5.7,-4.749928,49.45117,38,-5.7,-23.14023,180.305
53.59851,10.29839,-18.71832,133.5469,5.336641,2.921963,0.1764197,0.04932221,0.01847592,0.005221314,0.9985984,5.243869,2.940481,0.1730472,0.03738118,-0.1601798,0.9863797,37,5.7,-4.429778,47.17318,38,-5.7,-22.82008,178.027
53.61609,10.45693,-18.71828,133.5466,5.515017,2.917483,0.1777209,0.04785027,0.02017459,0.005487034,0.9986358,5.402425,2.940481,0.1730472,0.03738118,-0.1601798,0.9863797,37,5.7,-4.197401,45.51973,38,-5.7,-22.5877,176.3736
53.64026,10.32835,-15.18268,108.3895,5.862173,2.906509,0.1795087,0.04684937,0.0219135,0.007644313,0.9986324,5.762498,2.930026,0.1748142,0.04157761,-0.1649383,0.9854271,37,5.7,-3.877796,43.24563,38,-5.7,-22.2681,174.0995
53.65796,10.47859,-15.18268,108.3895,6.031195,2.900819,0.1804296,0.04777046,0.02172187,0.009279408,0.998579,5.91274,2.930026,0.1748142,0.04157761,-0.1649383,0.9854271,37,5.7,-3.644078,41.58263,38,-5.7,-22.03438,172.4365
53.68195,9.915687,-17.39655,124.142,6.357536,2.888411,0.1827523,0.04615418,0.02106339,0.01213908,0.9986385,6.25183,2.918896,0.1769773,0.02915409,-0.1616544,0.9864167,37,5.7,-3.326623,39.32383,38,-5.7,-21.71692,170.1777
53.69977,8.722602,-14.6865,104.859,6.510791,2.882275,0.1841164,0.04480577,0.02075287,0.01128153,0.9987165,6.434666,2.90629,0.1792371,0.02154922,-0.1657001,0.9859408,37,5.7,-3.090918,37.6467,38,-5.7,-21.48122,168.5005
53.72394,8.989488,-14.68649,104.8589,6.811038,2.86861,0.1868878,0.0419076,0.01905272,0.01171201,0.9988712,6.701552,2.90629,0.1792371,0.02154922,-0.1657001,0.9859408,37,5.7,-2.771704,35.37538,38,-5.7,-21.16201,166.2292
53.74158,7.342064,-16.89322,120.5606,6.952345,2.862667,0.1887573,0.04241693,0.01798628,0.01140267,0.998873,6.871317,2.892272,0.1818385,0.003858726,-0.162183,0.9867532,37,5.7,-2.538742,33.71776,38,-5.7,-20.92904,164.5716
53.76556,-3.630836,-27.24319,194.2046,7.228969,2.850676,0.1930224,0.03866271,0.01602372,0.01110826,0.9990621,7.158784,2.877187,0.1849642,-0.05486993,-0.1531753,0.9866745,37,5.7,-2.221405,31.45979,38,-5.7,-20.61171,162.3136
53.78333,-3.514394,-27.24322,194.2047,7.359974,2.844763,0.1951786,0.03632821,0.0148703,0.01303011,0.9991444,7.275234,2.877187,0.1849642,-0.05486993,-0.1531753,0.9866745,37,5.7,-1.986333,29.78717,38,-5.7,-20.37664,160.641
53.80737,-12.85,-39.4844,283.0067,7.606515,2.83351,0.1990812,0.03592765,0.01332897,0.01562954,0.9991434,7.533306,2.86204,0.1889296,-0.0710973,-0.147705,0.9864727,37,5.7,-1.668846,27.52813,38,-5.7,-20.05915,158.382
53.82611,-12.85,-39.69387,284.4057,7.719956,2.827594,0.2007349,0.03756707,0.01304829,0.01744521,0.9990567,7.634142,2.86204,0.1889296,-0.0710973,-0.147705,0.9864727,37,5.7,-1.420633,25.762,38,-5.7,-19.81094,156.6159
53.84906,NaN,NaN,NaN,7.929776,2.817791,0.2046239,0.04095738,0.01346483,0.018387,0.998901,7.856829,2.847584,0.193784,-0.07502283,-0.1433027,0.9868312,37,5.7,-1.117087,23.60216,38,-5.7,-19.50739,154.456
53.86682,-19.58537,-53.2015,378.9076,8.023467,2.813599,0.2067199,0.04128901,0.01369968,0.0185865,0.9988804,7.973345,2.833742,0.1984639,-0.07180057,-0.1459924,0.9866767,37,5.7,-0.8824029,21.9323,38,-5.7,-19.27271,152.7862
53.89124,-19.43332,-53.2015,378.9076,8.194517,2.806059,0.2105691,0.04053218,0.01285722,0.02070986,0.9988809,8.12539,2.833742,0.1984639,-0.07180057,-0.1459924,0.9866767,37,5.7,-0.559582,19.63531,38,-5.7,-18.94989,150.4892
53.90845,-10.62295,-36.33035,258.863,8.266884,2.801812,0.2117898,0.04081193,0.01247106,0.02100673,0.9988682,8.219316,2.821198,0.2030896,-0.07183921,-0.1492717,0.9861831,37,5.7,-0.3320112,18.01606,38,-5.7,-18.72231,148.8699
53.93274,-11.20052,-38.00499,270.7787,8.394592,2.793758,0.2142379,0.04466643,0.0130873,0.02080042,0.9986997,8.358319,2.810503,0.207777,-0.07129669,-0.1487823,0.9862965,37,5.7,-0.01097801,15.73179,38,-5.7,-18.40128,146.5856
53.95026,-11.15554,-38.005,270.7787,8.445205,2.790452,0.2154443,0.04623858,0.01409215,0.02036229,0.9986235,8.403309,2.810503,0.207777,-0.07129669,-0.1487823,0.9862965,37,5.7,0.2202279,14.08667,38,-5.7,-18.17008,144.9405
53.97461,-7.042823,-30.18832,215.1603,8.527022,2.785046,0.2176435,0.04683013,0.01484367,0.02021527,0.998588,8.497038,2.800688,0.2117773,-0.07127729,-0.151312,0.9859129,37,5.7,0.5425103,11.79351,38,-5.7,-17.84779,142.6474
53.99194,-7.021061,-30.18832,215.1603,8.551503,2.782769,0.2186255,0.0456091,0.01491835,0.01877021,0.9986716,8.518799,2.800688,0.2117773,-0.07127729,-0.151312,0.9859129,37,5.7,0.7713253,10.16541,38,-5.7,-17.61898,141.0193
54.0163,-12.85,-35.04121,251.1996,8.581986,2.778076,0.2201072,0.04294915,0.01514352,0.01755097,0.9988083,8.562405,2.791975,0.214746,-0.0840619,-0.1485274,0.985329,37,5.7,1.093555,7.872624,38,-5.7,-17.29675,138.7265
54.03394,NaN,NaN,NaN,8.580142,2.776126,0.2205093,0.04220394,0.01619877,0.01548418,0.9988577,8.572283,2.784879,0.2173017,-0.08391723,-0.1419989,0.9863033,37,5.7,1.326714,6.213613,38,-5.7,-17.06359,137.0675
54.05811,NaN,NaN,NaN,8.558872,2.772434,0.2207701,0.04220786,0.0182819,0.01220428,0.998867,8.553377,2.784879,0.2173017,-0.08391723,-0.1419989,0.9863033,37,5.7,1.646676,3.936967,38,-5.7,-16.74363,134.7908
54.07544,NaN,NaN,NaN,8.532191,2.770407,0.2205573,0.04340513,0.01877928,0.01153372,0.9988144,8.535822,2.779065,0.2193621,-0.08555266,-0.1388174,0.9866157,37,5.7,1.875579,2.308237,38,-5.7,-16.51473,133.1621
54.09985,NaN,NaN,NaN,8.454719,2.76778,0.219857,0.04364831,0.0204019,0.008197975,0.998805,8.467572,2.774168,0.2205219,-0.08314314,-0.1372308,0.9870435,37,5.7,2.19844,0.01096225,38,-5.7,-16.19187,130.8649
54.11749,NaN,NaN,NaN,8.397425,2.76724,0.2193532,0.04337141,0.02156829,0.00513341,0.998813,8.416645,2.774168,0.2205219,-0.08314314,-0.1372308,0.9870435,38,-5.7,-15.95852,129.2045,38,NaN,NaN,NaN
54.14154,NaN,NaN,NaN,8.264669,2.767279,0.2184826,0.0418501,0.02410452,0.00046976,0.998833,8.293663,2.769825,0.2204612,-0.08642843,-0.1402339,0.986339,38,-5.7,-15.64029,126.9402,38,NaN,NaN,NaN
54.15906,NaN,NaN,NaN,8.180553,2.768765,0.2183182,0.0390192,0.0256767,-0.002196173,0.9989061,8.218893,2.769825,0.2204612,-0.08642843,-0.1402339,0.986339,38,-5.7,-15.40939,125.2972,38,NaN,NaN,NaN
54.18317,-24.56375,-48.35508,344.4236,7.989861,2.772271,0.2178247,0.03190267,0.03000209,-0.008397424,0.9990053,8.038519,2.767011,0.2196964,-0.09328166,-0.1462706,0.9848368,38,-5.7,-15.09029,123.0267,38,NaN,NaN,NaN
54.20081,NaN,NaN,NaN,7.878152,2.776209,0.2170731,0.03368113,0.03207332,-0.01200137,0.9988458,7.922508,2.766851,0.2191395,-0.09240296,-0.1415321,0.9856117,38,-5.7,-14.85749,121.3703,38,NaN,NaN,NaN
54.22491,NaN,NaN,NaN,7.634079,2.783502,0.2151923,0.03263761,0.03634389,-0.0179539,0.9986449,7.705554,2.766851,0.2191395,-0.09240296,-0.1415321,0.9856117,38,-5.7,-14.53833,119.0993,38,NaN,NaN,NaN
54.24261,NaN,NaN,NaN,7.495091,2.788333,0.2142047,0.03200202,0.03861642,-0.02075872,0.9985258,7.559078,2.770307,0.2180833,-0.09168131,-0.1381704,0.9861559,38,-5.7,-14.30409,117.4326,38,NaN,NaN,NaN
54.26666,NaN,NaN,NaN,7.200385,2.798229,0.2118109,0.0305226,0.04203848,-0.02382359,0.9983655,7.268318,2.777118,0.2164538,-0.08815786,-0.139388,0.9863058,38,-5.7,-13.986,115.1693,38,NaN,NaN,NaN
54.28448,NaN,NaN,NaN,7.037534,2.803558,0.2108335,0.02981818,0.04271509,-0.02358246,0.9983638,7.123562,2.777118,0.2164538,-0.08815786,-0.139388,0.9863058,38,-5.7,-13.75085,113.4961,38,NaN,NaN,NaN
54.30847,-30.55983,-53.55793,381.4438,6.694117,2.815114,0.2085027,0.02728623,0.04463769,-0.02629942,0.9982842,6.784016,2.786887,0.2144622,-0.09645189,-0.1455278,0.9846414,38,-5.7,-13.43374,111.2398,38,NaN,NaN,NaN
54.32623,-22.70153,-38.44653,279.0486,6.508826,2.821276,0.207119,0.02564003,0.04543029,-0.0275738,0.9982576,6.579649,2.798749,0.2119912,-0.1033256,-0.1455437,0.9839414,38,-5.7,-13.19851,109.566,38,NaN,NaN,NaN
54.35016,-22.85577,-38.18001,277.2468,6.122442,2.833941,0.2041082,0.02286256,0.04724346,-0.02995204,0.9981725,6.236197,2.798749,0.2119912,-0.1033256,-0.1455437,0.9839414,38,-5.7,-12.88283,107.3198,38,NaN,NaN,NaN
54.36798,-23.29008,-36.42654,275.2955,5.917407,2.840227,0.2024539,0.02159682,0.04706686,-0.02941872,0.9982249,6.009015,2.812328,0.2088766,-0.10486,-0.140434,0.9845215,38,-5.7,-12.64664,105.6393,38,NaN,NaN,NaN
54.39197,-23.16055,-36.9549,273.5606,5.493233,2.852286,0.1988702,0.0209908,0.04581561,-0.02781157,0.9983421,5.582436,2.827013,0.205428,-0.103494,-0.1432415,0.9842616,38,-5.7,-12.32975,103.3845,38,NaN,NaN,NaN
54.40997,-23.10521,-36.60565,271.1607,5.27161,2.858695,0.1971459,0.02221602,0.0441921,-0.02740817,0.9983999,5.385437,2.827013,0.205428,-0.103494,-0.1432415,0.9842616,38,-5.7,-12.09141,101.6886,38,NaN,NaN,NaN
54.43365,-25.10351,-38.95679,277.5512,4.81359,2.871181,0.1939229,0.02329692,0.04066715,-0.02722536,0.9985301,4.924865,2.842101,0.2014259,-0.1064516,-0.1481785,0.9832147,38,-5.7,-11.77813,99.45945,38,NaN,NaN,NaN
54.45184,-25.31751,-38.95673,277.5508,4.57279,2.877258,0.1925571,0.02329222,0.03774141,-0.02748501,0.9986379,4.71082,2.842101,0.2014259,-0.1064516,-0.1481785,0.9832147,38,-5.7,-11.53818,97.75212,38,NaN,NaN,NaN
54.47534,-12.85,-20.77824,150.5185,4.083637,2.889081,0.1899508,0.02352257,0.03156247,-0.02705015,0.9988587,4.218382,2.856961,0.1974156,-0.1114691,-0.1543552,0.9817073,38,-5.7,-11.22703,95.53821,38,NaN,NaN,NaN
54.4939,-12.85,-19.88039,142.6424,3.832829,2.894615,0.1886669,0.02385349,0.02741318,-0.0267347,0.9989819,3.934039,2.871641,0.1937169,-0.1155708,-0.1566649,0.9808667,38,-5.7,-10.98238,93.79743,38,NaN,NaN,NaN
54.51721,-12.85,-19.2707,138.8252,3.326854,2.905374,0.1863477,0.02559631,0.01969117,-0.02694716,0.9991151,3.484283,2.871641,0.1937169,-0.1155708,-0.1566649,0.9808667,38,-5.7,-10.67398,91.60302,38,NaN,NaN,NaN
54.53552,-12.71736,-19.02947,135.7609,3.069121,2.91113,0.1853816,0.026925,0.01567921,-0.02772174,0.99913,3.190778,2.885837,0.1904217,-0.115069,-0.1585209,0.9806275,38,-5.7,-10.43196,89.88098,38,NaN,NaN,NaN
54.55896,-12.85,-18.23085,133.9449,2.549057,2.921668,0.1834535,0.02874848,0.009105854,-0.0300551,0.9990932,2.661921,2.899397,0.1875393,-0.1138058,-0.1550255,0.9813334,38,-5.7,-10.12186,87.67452,38,NaN,NaN,NaN
54.57739,-12.85,-17.91272,131.9312,2.286323,2.926865,0.1826557,0.02997695,0.006447669,-0.03092685,0.9990513,2.428379,2.899397,0.1875393,-0.1138058,-0.1550255,0.9813334,38,-5.7,-9.878041,85.93965,38,NaN,NaN,NaN
54.60071,-12.85,-18.96982,137.3168,1.760865,2.937444,0.1812593,0.03122848,0.001617469,-0.03142761,0.9990168,1.893011,2.912416,0.1849805,-0.1055733,-0.1566966,0.981988,38,-5.7,-9.570217,83.74937,38,NaN,NaN,NaN
54.6189,-12.85,-18.61966,135.1224,1.495451,2.942505,0.1806468,0.03173678,-0.0003366545,-0.03151782,0.9989992,1.657087,2.912416,0.1849805,-0.1055733,-0.1566966,0.981988,38,-5.7,-9.329288,82.03506,38,NaN,NaN,NaN
54.6424,-12.85,-19.17232,138.7635,0.9594146,2.95193,0.1789434,0.03451771,-0.004643664,-0.03247133,0.9988657,1.11121,2.925107,0.1828527,-0.09899872,-0.1566925,0.9826733,38,-5.7,-9.018438,79.82326,38,NaN,NaN,NaN
54.66064,-11.47094,-17.95877,128.1424,0.6894435,2.956097,0.1778622,0.03558409,-0.006937001,-0.0328736,0.9988018,0.8011569,2.937385,0.1806695,-0.09422954,-0.1604481,0.9825361,38,-5.7,-8.777504,78.10892,38,NaN,NaN,NaN
54.6842,-11.95073,-17.95876,128.1424,0.1496856,2.963959,0.1767405,0.03777067,-0.01134567,-0.03215159,0.9987046,0.3213721,2.937385,0.1806695,-0.09422954,-0.1604481,0.9825361,38,-5.7,-8.465807,75.89108,38,NaN,NaN,NaN
54.70215,-10.99024,-17.25171,123.1114,-0.1200245,2.967598,0.176635,0.03826582,-0.01257147,-0.03145311,0.9986933,0.01060683,2.948821,0.1787477,-0.08796027,-0.1615189,0.9829419,38,-5.7,-8.228644,74.20358,38,NaN,NaN,NaN
54.72601,-11.0405,-14.95801,106.7909,-0.6584304,2.97361,0.17634,0.03805215,-0.01444353,-0.03138625,0.9986784,-0.5396413,2.958977,0.1773781,-0.09667753,-0.1649551,0.9815515,38,-5.7,-7.912749,71.95587,38,NaN,NaN,NaN
54.74402,-11.28007,-14.95801,106.7909,-0.9279429,2.97424,0.1756842,0.03703022,-0.01463783,-0.03217477,0.9986888,-0.7792079,2.958977,0.1773781,-0.09667753,-0.1649551,0.9815515,38,-5.7,-7.675363,70.26678,38,NaN,NaN,NaN
54.76776,-9.913444,-14.3467,102.4413,-1.465634,2.974556,0.1742831,0.03886494,-0.01339496,-0.03560167,0.9985202,-1.328937,2.96735,0.176474,-0.08248401,-0.1663617,0.9826089,38,-5.7,-7.360893,68.02922,38,NaN,NaN,NaN
54.78558,-10.14689,-14.34671,102.4413,-1.728255,2.975371,0.1737607,0.04196025,-0.01295772,-0.03391059,0.9984596,-1.562378,2.96735,0.176474,-0.08248401,-0.1663617,0.9826089,38,-5.7,-7.125898,66.35714,38,NaN,NaN,NaN
54.80951,-10.49902,-13.59069,97.06192,-2.253086,2.974292,0.1733572,0.04260212,-0.01194922,-0.03230641,0.9984982,-2.100662,2.972181,0.1750156,-0.08513236,-0.1678943,0.9821222,38,-5.7,-6.808971,64.10209,38,NaN,NaN,NaN
54.82733,-10.26577,-11.92108,85.18202,-2.513473,2.973417,0.1734321,0.04247615,-0.01150496,-0.03274,0.9984946,-2.403104,2.973919,0.1740495,-0.09072945,-0.1718776,0.9809313,38,-5.7,-6.57375,62.4284,38,NaN,NaN,NaN
54.85132,-10.72039,-11.92107,85.182,-3.024928,2.968701,0.1728252,0.04160437,-0.01042351,-0.03268292,0.9985451,-2.857731,2.973919,0.1740495,-0.09072945,-0.1718776,0.9809313,38,-5.7,-6.25619,60.16884,38,NaN,NaN,NaN
54.86896,-12.85,-13.79862,99.35213,-3.272558,2.96437,0.1721918,0.04382353,-0.01105505,-0.02993781,0.9985295,-3.147904,2.973297,0.1735129,-0.09600943,-0.1659705,0.9814458,38,-5.7,-6.022872,58.50871,38,NaN,NaN,NaN
54.89313,-12.78467,-13.2652,94.74593,-3.759508,2.958919,0.1711874,0.04741914,-0.0125437,-0.02435375,0.9984994,-3.649421,2.969307,0.1724821,-0.09477317,-0.1684241,0.981148,38,-5.7,-5.70382,56.23853,38,NaN,NaN,NaN
54.91077,-12.85,-13.00546,93.23285,-3.997436,2.955493,0.1711278,0.04672319,-0.01457475,-0.02302431,0.9985361,-3.860912,2.969307,0.1724821,-0.09477317,-0.1684241,0.981148,38,-5.7,-5.470671,54.57958,38,NaN,NaN,NaN
54.93488,-11.72424,-11.11084,79.41685,-4.46409,2.946954,0.1711186,0.04598587,-0.01786832,-0.02183817,0.9985436,-4.34226,2.962793,0.1713228,-0.09133467,-0.1741282,0.9804781,38,-5.7,-5.151453,52.30823,38,NaN,NaN,NaN
54.95245,-11.92387,-11.11084,79.41685,-4.688678,2.942461,0.1709359,0.04827262,-0.0197966,-0.02123681,0.9984121,-4.541894,2.962793,0.1713228,-0.09133467,-0.1741282,0.9804781,38,-5.7,-4.919528,50.65799,38,NaN,NaN,NaN
54.97668,-12.80421,-11.88012,84.89057,-5.125339,2.932961,0.1704245,0.05139149,-0.02302898,-0.02021642,0.9982084,-4.994342,2.954736,0.1710807,-0.09043135,-0.1717745,0.9809769,38,-5.7,-4.598783,48.37577,38,NaN,NaN,NaN
54.99426,-12.24047,-11.44993,81.82963,-5.335437,2.927601,0.1702131,0.05498448,-0.02434792,-0.02062266,0.9979773,-5.242845,2.945052,0.1708897,-0.08409331,-0.1729905,0.9813269,38,-5.7,-4.366535,46.72324,38,NaN,NaN,NaN
55.01849,-12.60101,-11.44993,81.82963,-5.74105,2.917038,0.1694734,0.05866167,-0.02565541,-0.02104385,0.9977263,-5.603389,2.945052,0.1708897,-0.08409331,-0.1729905,0.9813269,38,-5.7,-4.046085,44.44313,38,NaN,NaN,NaN
55.03601,-11.23053,-9.119589,65.24839,-5.936431,2.910985,0.169154,0.0602906,-0.0252512,-0.02154311,0.9976289,-5.835777,2.934014,0.1702564,-0.08124078,-0.1815179,0.9800261,38,-5.7,-3.814507,42.79536,38,NaN,NaN,NaN
55.06018,-9.972748,-7.458378,53.42826,-6.317353,2.899676,0.1688522,0.06248114,-0.02440055,-0.02201289,0.9975049,-6.230048,2.921488,0.1696324,-0.06881268,-0.1908427,0.9792057,38,-5.7,-3.494728,40.52002,38,NaN,NaN,NaN
55.07788,-10.13516,-7.458373,53.42824,-6.500064,2.89342,0.1686325,0.06191416,-0.02338161,-0.02255265,0.9975528,-6.392457,2.921488,0.1696324,-0.06881268,-0.1908427,0.9792057,38,-5.7,-3.260766,38.85529,38,NaN,NaN,NaN
55.10205,-9.7957,-7.768819,55.63718,-6.850908,2.883507,0.1688387,0.06364093,-0.02201395,-0.02209261,0.9974854,-6.757056,2.908002,0.1690966,-0.05371664,-0.1887432,0.9805562,38,-5.7,-2.941644,36.58462,38,NaN,NaN,NaN
55.11957,-9.945501,-7.76882,55.63718,-7.019433,2.8785,0.1693012,0.05980109,-0.02096325,-0.02255062,0.9977353,-6.906857,2.908002,0.1690966,-0.05371664,-0.1887432,0.9805562,38,-5.7,-2.709402,34.93213,38,NaN,NaN,NaN
55.14374,-9.961323,-7.703929,55.17546,-7.349466,2.868057,0.1700453,0.05534771,-0.01991572,-0.02414866,0.9979764,-7.250028,2.894269,0.1687198,-0.04834341,-0.1889701,0.9807922,38,-5.7,-2.389943,32.65906,38,NaN,NaN,NaN
55.16138,-10.06999,-8.282427,59.29169,-7.506164,2.862768,0.1703168,0.05407771,-0.01974689,-0.02497216,0.9980292,-7.436292,2.881389,0.1689109,-0.04373074,-0.185368,0.9816957,38,-5.7,-2.156958,31.00129,38,NaN,NaN,NaN
55.18555,-10.33814,-8.282422,59.29166,-7.807837,2.8528,0.1711825,0.05212961,-0.01958839,-0.02597747,0.9981102,-7.704446,2.881389,0.1689109,-0.04373074,-0.185368,0.9816957,38,-5.7,-1.837419,28.72765,38,NaN,NaN,NaN
55.20313,-10.20249,-8.178564,58.55267,-7.947016,2.848257,0.1715321,0.05253742,-0.01973646,-0.02517808,0.9981064,-7.872337,2.869122,0.1696858,-0.03918542,-0.1857855,0.9818087,38,-5.7,-1.604747,27.0721,38,NaN,NaN,NaN
55.22723,-10.09192,-7.898039,56.55663,-8.211901,2.839312,0.1720577,0.05397408,-0.02031519,-0.02154494,0.9981032,-8.149189,2.857131,0.1706343,-0.03382457,-0.1872567,0.9817285,38,-5.7,-1.286244,24.80583,38,NaN,NaN,NaN
55.245,-10.20085,-7.898041,56.55664,-8.33445,2.834693,0.172236,0.05703592,-0.0207498,-0.01969826,0.9979621,-8.258121,2.857131,0.1706343,-0.03382457,-0.1872567,0.9817285,38,-5.7,-1.051606,23.1363,38,NaN,NaN,NaN
55.26892,-10.13796,-7.231921,51.81695,-8.5644,2.825973,0.1723711,0.06104167,-0.02298605,-0.01634188,0.9977367,-8.500429,2.845973,0.1716808,-0.03110528,-0.1914318,0.9810129,38,-5.7,-0.734844,20.88242,38,NaN,NaN,NaN
55.28693,-10.23098,-7.231917,51.81693,-8.669045,2.822185,0.1721273,0.06342357,-0.02400222,-0.01653362,0.9975611,-8.593447,2.845973,0.1716808,-0.03110528,-0.1914318,0.9810129,38,-5.7,-0.4972683,19.19198,38,NaN,NaN,NaN
55.31079,-9.998602,-6.395801,45.86765,-8.85644,2.815731,0.1717273,0.06548032,-0.02720557,-0.0122049,0.9974083,-8.794316,2.835043,0.1722268,-0.02582414,-0.1979423,0.9798734,38,-5.7,-0.1814658,16.94493,38,NaN,NaN,NaN
55.32855,-10.00294,-5.728742,41.12128,-8.936554,2.813065,0.1714486,0.06607202,-0.0288844,-0.00996912,0.9973469,-8.896045,2.824904,0.1721714,-0.02645065,-0.2044,0.97853,38,-5.7,0.05335671,15.27408,38,NaN,NaN,NaN
55.35254,-10.12937,-5.728741,41.12127,-9.07879,2.808157,0.1707041,0.06772006,-0.03039521,-0.008632399,0.9972039,-9.022476,2.824904,0.1721714,-0.02645065,-0.2044,0.97853,38,-5.7,0.3706432,13.01647,38,NaN,NaN,NaN
55.37036,-10.40883,-6.925944,49.63981,-9.135297,2.806021,0.1702871,0.06821607,-0.02974431,-0.00882759,0.9971881,-9.098853,2.816473,0.1717764,-0.02597344,-0.1931667,0.9808221,38,-5.7,0.6059663,11.34206,38,NaN,NaN,NaN
55.39435,-10.05219,-7.299423,52.29726,-9.232136,2.802295,0.1687884,0.06968848,-0.02900305,-0.007009541,0.9971225,-9.20642,2.8096,0.1712792,-0.01592662,-0.1903631,0.9815845,38,-5.7,0.9234565,9.082998,38,NaN,NaN,NaN
55.41223,-10.082,-7.299423,52.29726,-9.26567,2.801181,0.1677177,0.07112896,-0.02807136,-0.006134976,0.9970532,-9.236228,2.8096,0.1712792,-0.01592662,-0.1903631,0.9815845,38,-5.7,1.159745,7.401722,38,NaN,NaN,NaN
55.43597,-10.09457,-7.972667,57.08764,-9.314121,2.799587,0.1654581,0.07147864,-0.02711702,-0.002602246,0.9970701,-9.29561,2.804406,0.1699133,-0.01379064,-0.1860216,0.9824489,38,-5.7,1.473894,5.166435,38,NaN,NaN,NaN
55.45447,-10.10554,-7.972669,57.08765,-9.326468,2.799507,0.1642539,0.06994366,-0.02655263,-0.001472108,0.9971965,-9.306585,2.804406,0.1699133,-0.01379064,-0.1860216,0.9824489,38,-5.7,1.717925,3.430062,38,NaN,NaN,NaN
55.47778,-9.90444,-7.789958,55.7876,-9.335548,2.800114,0.1620291,0.06526986,-0.02638044,0.0006310279,0.9975187,-9.326039,2.800743,0.167835,-0.01021507,-0.187042,0.9822988,38,-5.7,2.025979,1.238147,38,NaN,NaN,NaN
55.49585,-9.599237,-8.178364,58.5513,-9.325738,2.801091,0.1609748,0.06231549,-0.02672685,0.00109456,0.997698,-9.323986,2.799043,0.1654395,-0.004633066,-0.1847753,0.9827698,38,-5.7,2.025979,1.238147,38,NaN,NaN,NaN
55.51959,-9.567451,-8.178366,58.55132,-9.289977,2.802996,0.157957,0.05893036,-0.02718938,0.002739551,0.997888,-9.292198,2.799043,0.1654395,-0.004633066,-0.1847753,0.9827698,38,-5.7,2.025979,1.238147,38,NaN,NaN,NaN
55.53748,-9.672424,-8.524963,61.01748,-9.259537,2.804395,0.1562404,0.05751676,-0.0272677,0.003074952,0.9979674,-9.267265,2.799405,0.1629093,-0.006545268,-0.1829444,0.9831015,38,-5.7,2.025979,1.238147,38,NaN,NaN,NaN
55.5614,-9.576859,-8.211128,58.78443,-9.183685,2.808619,0.152887,0.05407486,-0.02636549,0.003319688,0.9981833,-9.197359,2.801025,0.1595349,-0.006361885,-0.1846085,0.9827915,38,-5.7,2.025979,1.238147,38,NaN,NaN,NaN
55.5791,-9.532313,-8.211126,58.78442,-9.133574,2.811459,0.1511577,0.05253818,-0.02528323,0.003752094,0.9982917,-9.152815,2.801025,0.1595349,-0.006361885,-0.1846085,0.9827915,38,-5.7,2.025979,1.238147,38,NaN,NaN,NaN
55.60309,-9.420915,-9.989902,71.44107,-9.021338,2.817329,0.1478969,0.04857364,-0.02341366,0.006758633,0.9985223,-9.046181,2.804373,0.1557362,-0.005174045,-0.1766547,0.9842593,38,-5.7,2.025979,1.238147,38,NaN,NaN,NaN
55.62109,-9.362056,-9.9899,71.44104,-8.95512,2.820833,0.1462555,0.04749605,-0.02248581,0.00938803,0.9985742,-8.98732,2.804373,0.1557362,-0.005174045,-0.1766547,0.9842593,38,-5.7,2.025979,1.238147,38,NaN,NaN,NaN
55.6449,-5.689027,-31.16486,222.1087,-8.80835,2.830372,0.1428384,0.04512123,-0.0215576,0.01626432,0.9986165,-8.845991,2.809678,0.1521959,0.01405821,-0.1512913,0.9883893,38,-5.7,2.025979,1.238147,38,NaN,NaN,NaN
55.66235,NaN,NaN,NaN,-8.726718,2.836103,0.1412299,0.04357167,-0.02085002,0.01821768,0.9986666,-8.758379,2.816996,0.1479895,0.01819189,-0.1433525,0.9895045,38,-5.7,2.025979,1.238147,38,NaN,NaN,NaN
55.68689,NaN,NaN,NaN,-8.55049,2.849087,0.1380477,0.03947381,-0.0207889,0.02336083,0.9987311,-8.601732,2.816996,0.1479895,0.01819189,-0.1433525,0.9895045,38,-5.7,2.025979,1.238147,38,NaN,NaN,NaN
55.70435,NaN,NaN,NaN,-8.453083,2.856093,0.1363139,0.03709107,-0.02069429,0.0250608,0.9987832,-8.496552,2.827307,0.1438146,0.01581738,-0.1440997,0.9894367,38,-5.7,2.025979,1.238147,38,NaN,NaN,NaN
55.72833,NaN,NaN,NaN,-8.24687,2.870922,0.1332291,0.03335351,-0.01926045,0.0288544,0.9988413,-8.29141,2.840988,0.1399469,0.01800836,-0.1418301,0.9897272,38,-5.7,2.025979,1.238147,38,NaN,NaN,NaN
55.74591,NaN,NaN,NaN,-8.134506,2.878821,0.1319093,0.03031367,-0.01775215,0.03123466,0.9988946,-8.19153,2.840988,0.1399469,0.01800836,-0.1418301,0.9897272,38,-5.7,2.025979,1.238147,38,NaN,NaN,NaN
55.7702,NaN,NaN,NaN,-7.898969,2.894475,0.1287199,0.02453042,-0.01439013,0.0362373,0.9989385,-7.957169,2.857425,0.1364467,0.01072218,-0.1367247,0.9905511,38,-5.7,2.025979,1.238147,38,NaN,NaN,NaN
55.78839,NaN,NaN,NaN,-7.772807,2.902247,0.1270061,0.02213306,-0.01214097,0.03863907,0.9989343,-7.845025,2.857425,0.1364467,0.01072218,-0.1367247,0.9905511,38,-5.7,2.025979,1.238147,38,NaN,NaN,NaN
55.81207,NaN,NaN,NaN,-7.516375,2.917063,0.1236317,0.0181822,-0.007647332,0.04046949,0.9989861,-7.588823,2.875164,0.1324965,0.01547832,-0.1394582,0.990107,38,-5.7,2.025979,1.238147,38,NaN,NaN,NaN
55.82953,NaN,NaN,NaN,-7.383097,2.924153,0.1220112,0.01680232,-0.005421165,0.03976839,0.9990529,-7.439155,2.893625,0.1285633,0.01548341,-0.1407715,0.989921,38,-5.7,2.025979,1.238147,38,NaN,NaN,NaN
55.85394,NaN,NaN,NaN,-7.113889,2.938098,0.1195029,0.01210361,-0.0008740462,0.0382375,0.999195,-7.199859,2.893625,0.1285633,0.01548341,-0.1407715,0.989921,38,-5.7,2.025979,1.238147,38,NaN,NaN,NaN
55.8714,NaN,NaN,NaN,-6.976113,2.944529,0.1181488,0.009186368,0.001218438,0.03756456,0.9992512,-7.043839,2.911631,0.1248382,0.02533554,-0.1304954,0.9911251,38,-5.7,2.025979,1.238147,38,NaN,NaN,NaN
55.89551,NaN,NaN,NaN,-6.698464,2.95697,0.1155386,0.00655825,0.005021267,0.03758663,0.9992592,-6.761862,2.928779,0.1212643,0.06854047,-0.1025964,0.9923589,38,-5.7,2.025979,1.238147,38,NaN,NaN,NaN
55.91302,NaN,NaN,NaN,-6.558579,2.961871,0.1140113,0.005544579,0.006436747,0.0375456,0.9992589,-6.637519,2.928779,0.1212643,0.06854047,-0.1025964,0.9923589,38,-5.7,2.025979,1.238147,38,NaN,NaN,NaN
55.93726,NaN,NaN,NaN,-6.279396,2.97236,0.1116398,0.00606148,0.008097049,0.03876536,0.9991971,-6.353045,2.944613,0.1178386,0.07512288,-0.05931588,0.9954085,38,-5.7,2.025979,1.238147,38,NaN,NaN,NaN
55.95575,NaN,NaN,NaN,-6.139718,2.976946,0.1106381,0.006446268,0.007954895,0.0394381,0.9991695,-6.228887,2.944613,0.1178386,0.07512288,-0.05931588,0.9954085,38,-5.7,2.025979,1.238147,38,NaN,NaN,NaN
55.97894,NaN,NaN,NaN,-5.859441,2.985523,0.1088616,0.006228246,0.008058657,0.04107973,0.999104,-5.942815,2.958757,0.1146412,0.06785095,-0.05570487,0.9961392,38,-5.7,2.025979,1.238147,38,NaN,NaN,NaN
55.9967,NaN,NaN,NaN,-5.71741,2.989323,0.1082276,0.005503172,0.007722088,0.04273832,0.9990414,-5.779467,2.971469,0.1119096,0.05741712,-0.0465329,0.9972652,38,-5.7,2.025979,1.238147,38,NaN,NaN,NaN
56.02136,NaN,NaN,NaN,-5.43345,2.996136,0.1069633,0.003034407,0.006544229,0.04703924,0.998867,-5.527057,2.971469,0.1119096,0.05741712,-0.0465329,0.9972652,38,-5.7,2.025979,1.238147,38,NaN,NaN,NaN
56.03851,NaN,NaN,NaN,-5.290967,2.998683,0.106231,0.002405416,0.005962394,0.04794506,0.9988293,-5.362987,2.982018,0.1095624,0.0558751,-0.04780616,0.9972926,38,-5.7,2.025979,1.238147,38,NaN,NaN,NaN
RESULT,totalFlags,35
RESULT,totalShort,0
RESULT,totalLong,35
RESULT,totalTight,15
RESULT,passedFlags,35
RESULT,shortTurns,0
RESULT,longTurns,35
RESULT,tightTurns,15
RESULT,passRate,100
RESULT,shortRate,0
RESULT,longRate,100
RESULT,tightRate,100
RESULT,totalValidTime,48.52601
RESULT,timeP0,11.66657
RESULT,timeP1,34.85928
RESULT,timeS0,0.05958875
RESULT,timeS1,0.1846701
RESULT,timeOther,1.75589
RESULT,cntP0,22
RESULT,cntP1,34
RESULT,rateTimeP0,0.240419
RESULT,rateTimeP1,0.7183629
RESULT,rateTimeS0,0.001227976
RESULT,rateTimeS1,0.003805591
RESULT,rateTimeOther,0.03618452
RESULT,rateCntP0,0.5641026
RESULT,rateCntP1,0.8717949
flagId,passedCorrect,turnDir,minDistToFlagDuringApproach
4,1,1,2.554777
5,1,-1,1.436106
6,1,1,2.694614
7,1,-1,3.073191
8,1,1,2.614953
9,1,-1,3.335141
10,1,1,2.903716
11,1,-1,3.001381
12,1,1,1.2071
13,1,-1,2.712192
14,1,1,1.011395
15,1,-1,3.999733
16,1,1,1.048752
17,1,-1,2.044826
18,1,1,1.70803
19,1,-1,4.410882
20,1,1,3.158539
21,1,-1,2.692124
22,1,1,2.487604
23,1,-1,2.554288
24,1,1,2.035073
25,1,-1,2.790414
26,1,1,2.480633
27,1,-1,5.33818
28,1,1,1.066809
29,1,-1,2.49884
30,1,1,1.222333
31,1,-1,1.605762
32,1,1,4.229077
33,1,-1,2.827163
34,1,1,3.078341
35,1,-1,2.154502
36,1,1,1.763699
37,1,-1,2.481222
38,1,1,2.73185
pId,lastRiseSecBeforePassP
4,0.6075305
5,0.5483379
6,0.1680013
7,1.358039
8,1.34849
9,1.362721
10,1.352876
11,0.7347872
12,0.2826339
13,0.4208219
14,1.393631
15,1.366194
16,0.7295516
17,0.2663387
18,0.1176693
19,0.5258963
20,1.350722
21,1.358839
22,0.5382643
23,1.003712
24,1.352828
25,1.360866
26,0.1021003
27,1.345
28,0.08205371
29,0.9963027
30,0.4984776
31,0.5952928
32,1.354655
33,0.7189859
34,1.358755
35,0.4912187
36,0.7537544
37,0.3178026
38,NaN
P1_EVENTS_FORMAT
pId
riseSecBeforePassP,duration,fallSecBeforePassP
4
1.466761,0.3758796,1.090739
0.6075305,0.2928379,0.3144097
5
1.38275,0.3994217,0.9901676
0.5483379,0.5670159,0
6
1.379097,0.7694955,0.6034583
0.1680013,0.1852656,0
7
1.358039,1.377732,0
8
1.34849,1.36039,0
9
1.362721,1.378214,0
10
1.352876,1.354205,0
11
0.7347872,0.751829,0
12
1.369298,0.6922232,0.6827412
0.6169538,0.02466063,0.5999536
0.5755724,0.2088724,0.366841
0.2826339,0.2502674,0.03290441
13
1.399119,0.3153785,1.088858
0.4208219,0.4352588,0
14
1.393631,1.402174,0
15
1.366194,1.378622,0
16
0.7295516,0.728216,0
17
1.411756,0.06529953,1.351233
0.2663387,0.2685081,0
18
1.387877,0.2327077,1.161542
0.9944832,0.8351651,0.1594394
0.1176693,0.1252387,0
19
1.360859,0.7693599,0.585507
0.5258963,0.5430788,0
20
1.350722,1.354155,0
21
1.358839,1.378062,0
22
1.099029,0.107643,0.9978758
0.5382643,0.5428982,0
23
1.003712,1.026483,0
24
1.352828,1.31242,0.03428975
25
1.360866,1.252817,0.1074611
26
1.355178,0.4820726,0.87702
0.1021003,0.06598724,0.04260905
27
1.345,1.169328,0.1761403
28
1.35897,0.811141,0.5421515
0.08205371,0.08357549,0
29
1.39575,0.05943474,1.329365
0.9963027,0.8353761,0.1612741
30
1.392966,0.2743375,1.124921
0.6654464,0.1253806,0.5402483
0.4984776,0.5009983,0
31
1.387859,0.4354428,0.9472997
0.5952928,0.6027389,0
32
1.354655,1.378029,0
33
1.34569,0.1907107,1.160665
0.7189859,0.733541,0
34
1.358755,1.35466,0
35
1.367885,0.08322793,1.28427
0.4912187,0.5014943,0
36
0.7537544,0.7757499,0
37
0.3178026,0.3342936,0
38
NaN
