time,gaze_x,gaze_y,gaze_z,cam_x,cam_y,cam_z,cam_qx,cam_qy,cam_qz,cam_qw,gaze_o_x,gaze_o_y,gaze_o_z,gaze_dir_x,gaze_dir_y,gaze_dir_z,p0Id,p0_x,p0_y,p0_z,p1Id,p1_x,p1_y,p1_z
PREF,CourseWidth,13
PREF,SlopeAngle,8
PREF,PlayerFSpeed,95
PREF,PlayerHSpeed,8
PREF,CameraHeight,3
PREF,SubjectID,3
PREF,Method,0
PREF,RandomSeed,8
PREF,ThresholdAngleDeg,4.14
PREF,Blur_OuterAngleDeg,140
PREF,Blur_SigmaPx,0.8
PREF,"SnowPlaneNormal",0,0.9902681,0.1391731
PREF,"SnowPlanePoint",0,-56.21634,400
START_REL_SEC,0
0,NaN,NaN,NaN,0.01215232,6.121897,0.0229526,0.06765174,0.005688414,0.002915927,-0.9976885,NaN,NaN,NaN,NaN,NaN,NaN,-1,NaN,NaN,NaN,-1,NaN,NaN,NaN
0,NaN,NaN,NaN,0.01618929,3.001079,0.0233126,0.06684563,0.007738426,0.001969649,-0.9977314,NaN,NaN,NaN,NaN,NaN,NaN,-1,NaN,NaN,NaN,-1,NaN,NaN,NaN
0.02001953,NaN,NaN,NaN,0.01707784,3.00111,0.0233941,0.06703578,0.008030534,0.001657371,-0.9977169,NaN,NaN,NaN,NaN,NaN,NaN,-1,NaN,NaN,NaN,-1,NaN,NaN,NaN
0.03674316,NaN,NaN,NaN,0.01805328,3.001121,0.02346331,0.06717603,0.008179881,0.001302908,-0.9977068,NaN,NaN,NaN,NaN,NaN,NaN,-1,NaN,NaN,NaN,-1,NaN,NaN,NaN
0.05615234,NaN,NaN,NaN,0.0204735,3.001146,0.02359799,0.06735149,0.008447096,0.00028437,-0.9976935,NaN,NaN,NaN,NaN,NaN,NaN,-1,NaN,NaN,NaN,-1,NaN,NaN,NaN
0.07922363,NaN,NaN,NaN,0.02252444,3.00123,0.02377868,0.06742298,0.008321323,-0.0001800167,-0.9976898,NaN,NaN,NaN,NaN,NaN,NaN,-1,NaN,NaN,NaN,-1,NaN,NaN,NaN
0.0994873,NaN,NaN,NaN,0.02517233,3.001245,0.0239106,0.06749956,0.0079697,-0.000711231,-0.9976873,NaN,NaN,NaN,NaN,NaN,NaN,-1,NaN,NaN,NaN,-1,NaN,NaN,NaN
0.1221924,NaN,NaN,NaN,0.027715,3.001212,0.02397675,0.06727099,0.007253513,-0.0008601137,-0.997708,NaN,NaN,NaN,NaN,NaN,NaN,-1,NaN,NaN,NaN,-1,NaN,NaN,NaN
0.1428223,NaN,NaN,NaN,0.03034583,3.001182,0.02402839,0.06696951,0.006151929,-0.0007745996,-0.9977358,NaN,NaN,NaN,NaN,NaN,NaN,-1,NaN,NaN,NaN,-1,NaN,NaN,NaN
0.1652832,NaN,NaN,NaN,0.03312662,3.001127,0.02405008,0.06604907,0.004638635,-0.0009970339,-0.9978051,NaN,NaN,NaN,NaN,NaN,NaN,-1,NaN,NaN,NaN,-1,NaN,NaN,NaN
0.1895752,NaN,NaN,NaN,0.03605809,3.001068,0.02411896,0.06536195,0.002795026,-0.001327835,-0.9978569,NaN,NaN,NaN,NaN,NaN,NaN,-1,NaN,NaN,NaN,-1,NaN,NaN,NaN
0.2092285,NaN,NaN,NaN,0.03875869,3.001005,0.02422038,0.06468504,0.0009107663,-0.001727207,-0.9979038,NaN,NaN,NaN,NaN,NaN,NaN,-1,NaN,NaN,NaN,-1,NaN,NaN,NaN
0.2319336,NaN,NaN,NaN,0.04081115,3.000814,0.02430507,0.06408795,-0.001026303,-0.002416781,-0.9979408,NaN,NaN,NaN,NaN,NaN,NaN,-1,NaN,NaN,NaN,-1,NaN,NaN,NaN
0.2524414,NaN,NaN,NaN,0.04266198,3.000537,0.02439816,0.06294633,-0.002456732,-0.003337409,-0.9980083,NaN,NaN,NaN,NaN,NaN,NaN,-1,NaN,NaN,NaN,-1,NaN,NaN,NaN
0.2756348,NaN,NaN,NaN,0.04231304,3.000518,0.02448779,0.06260629,-0.002957731,-0.003177943,-0.9980289,NaN,NaN,NaN,NaN,NaN,NaN,-1,NaN,NaN,NaN,-1,NaN,NaN,NaN
0.3010254,NaN,NaN,NaN,0.04287,3.000445,0.02465191,0.06199401,-0.003646515,-0.003780503,-0.9980627,NaN,NaN,NaN,NaN,NaN,NaN,-1,NaN,NaN,NaN,-1,NaN,NaN,NaN
0.3151855,NaN,NaN,NaN,0.04318456,3.000292,0.02480604,0.06089569,-0.003299765,-0.004097118,-0.9981303,NaN,NaN,NaN,NaN,NaN,NaN,-1,NaN,NaN,NaN,-1,NaN,NaN,NaN
0.3426514,NaN,NaN,NaN,0.0432374,2.999981,0.0249663,0.05932195,-0.003470264,-0.003955523,-0.9982251,NaN,NaN,NaN,NaN,NaN,NaN,-1,NaN,NaN,NaN,-1,NaN,NaN,NaN
0.3564453,NaN,NaN,NaN,0.04259353,2.999837,0.02506136,0.05900523,-0.00307551,-0.003608292,-0.9982465,NaN,NaN,NaN,NaN,NaN,NaN,-1,NaN,NaN,NaN,-1,NaN,NaN,NaN
0.3846436,NaN,NaN,NaN,0.04222535,2.999805,0.02527819,0.05848842,-0.002477236,-0.00374381,-0.998278,NaN,NaN,NaN,NaN,NaN,NaN,-1,NaN,NaN,NaN,-1,NaN,NaN,NaN
0.3984375,NaN,NaN,NaN,0.04173745,2.999955,0.02540341,0.05886658,-0.002066135,-0.003028089,-0.9982592,NaN,NaN,NaN,NaN,NaN,NaN,-1,NaN,NaN,NaN,-1,NaN,NaN,NaN
0.4261475,NaN,NaN,NaN,0.04064554,2.999893,0.02561548,0.05852092,-0.001893483,-0.002288123,-0.9982818,NaN,NaN,NaN,NaN,NaN,NaN,-1,NaN,NaN,NaN,-1,NaN,NaN,NaN
0.4404297,NaN,NaN,NaN,0.03970551,2.999708,0.02576918,0.05809681,-0.001599759,-0.002386449,-0.9983069,NaN,NaN,NaN,NaN,NaN,NaN,-1,NaN,NaN,NaN,-1,NaN,NaN,NaN
0.4680176,NaN,NaN,NaN,0.03913598,2.999693,0.02591547,0.05808392,-0.001458347,-0.001994506,-0.9983087,NaN,NaN,NaN,NaN,NaN,NaN,-1,NaN,NaN,NaN,-1,NaN,NaN,NaN
0.4820557,NaN,NaN,NaN,0.03817637,2.999668,0.02621312,0.05832096,-0.001186721,-0.00141981,-0.9982961,NaN,NaN,NaN,NaN,NaN,NaN,-1,NaN,NaN,NaN,-1,NaN,NaN,NaN
0.5021973,NaN,NaN,NaN,0.03764008,2.999686,0.02642602,0.05884145,-0.001058556,-0.001423342,-0.9982658,NaN,NaN,NaN,NaN,NaN,NaN,-1,NaN,NaN,NaN,-1,NaN,NaN,NaN
0.5240479,NaN,NaN,NaN,0.03689395,2.999756,0.02667786,0.05932786,-0.0009496957,-0.001231062,-0.9982374,NaN,NaN,NaN,NaN,NaN,NaN,-1,NaN,NaN,NaN,-1,NaN,NaN,NaN
0.5428467,NaN,NaN,NaN,0.03541758,2.999782,0.02714339,0.05954864,-0.0007436723,-0.0009149881,-0.9982247,NaN,NaN,NaN,NaN,NaN,NaN,-1,NaN,NaN,NaN,-1,NaN,NaN,NaN
0.5683594,NaN,NaN,NaN,0.03449453,2.999666,0.02744843,0.05932813,-0.0007500871,-0.000876198,-0.9982379,NaN,NaN,NaN,NaN,NaN,NaN,-1,NaN,NaN,NaN,-1,NaN,NaN,NaN
0.5979004,NaN,NaN,NaN,0.03237019,2.999584,0.02792249,0.05940306,-0.0006881878,-0.000713544,-0.9982336,NaN,NaN,NaN,NaN,NaN,NaN,-1,NaN,NaN,NaN,-1,NaN,NaN,NaN
0.6278076,NaN,NaN,NaN,0.02989485,2.999555,0.02845388,0.05953773,-0.0007557124,-0.0008871974,-0.9982254,NaN,NaN,NaN,NaN,NaN,NaN,-1,NaN,NaN,NaN,-1,NaN,NaN,NaN
0.6582031,NaN,NaN,NaN,0.02659063,2.999422,0.02898338,0.05915053,-0.0008146763,-0.001267502,-0.998248,NaN,NaN,NaN,NaN,NaN,NaN,-1,NaN,NaN,NaN,-1,NaN,NaN,NaN
0.6865234,6.600481,-9.937943,71.0714,0.02259739,2.999348,0.02953137,0.0585778,-0.0008206889,-0.001554795,-0.9982814,0.02350192,2.99855,0.028368,0.09070424,-0.1784094,0.9797668,-1,NaN,NaN,NaN,-1,NaN,NaN,NaN
0.7144775,22.38949,-51.20739,409.6934,0.01966867,2.999383,0.0300485,0.05835164,-0.0007295758,-0.001836718,-0.9982942,0.02044061,2.998492,0.02898347,0.05405241,-0.1309827,0.98991,-1,NaN,NaN,NaN,-1,NaN,NaN,NaN
0.7421875,NaN,NaN,NaN,0.01697654,2.999226,0.03052225,0.05828615,-0.000360474,-0.002407726,-0.998297,0.01767293,2.998374,0.0295949,-0.004626457,-0.131997,0.9912393,-1,NaN,NaN,NaN,-1,NaN,NaN,NaN
0.7701416,NaN,NaN,NaN,0.0140181,2.999206,0.03099523,0.05801542,0.0001047552,-0.00265978,-0.9983121,0.01465946,2.998285,0.03020704,-0.004844639,-0.1439362,0.9895751,-1,NaN,NaN,NaN,-1,NaN,NaN,NaN
0.7988281,NaN,NaN,NaN,0.01157336,2.999346,0.03147225,0.05804193,0.0007109717,-0.002648719,-0.9983104,0.01248637,2.998285,0.03020704,-0.004844639,-0.1439362,0.9895751,-1,NaN,NaN,NaN,-1,NaN,NaN,NaN
0.8258057,NaN,NaN,NaN,0.009071918,2.99932,0.03188146,0.05765475,0.001456767,-0.002929344,-0.9983312,0.00991644,2.99827,0.03085208,0.002042009,-0.1443747,0.989521,-1,NaN,NaN,NaN,-1,NaN,NaN,NaN
0.8536377,NaN,NaN,NaN,0.006635198,2.999178,0.03207755,0.05690532,0.002016567,-0.00277424,-0.9983737,0.007399872,2.998309,0.03141701,0.0009295781,-0.1449316,0.9894413,-1,NaN,NaN,NaN,-1,NaN,NaN,NaN
0.8814697,NaN,NaN,NaN,0.004840046,2.999095,0.03224863,0.056611,0.002516136,-0.003067778,-0.9983885,0.005451918,2.998251,0.03182316,-0.0004422973,-0.1447201,0.9894725,-1,NaN,NaN,NaN,-1,NaN,NaN,NaN
0.9093018,NaN,NaN,NaN,0.003228961,2.999061,0.03235563,0.05640199,0.002831511,-0.003081987,-0.9983994,0.003712162,2.998158,0.03212428,-0.00178698,-0.1431714,0.9896963,-1,NaN,NaN,NaN,-1,NaN,NaN,NaN
0.9372559,NaN,NaN,NaN,0.001967249,2.998958,0.03236995,0.05616399,0.003127344,-0.00299851,-0.9984122,0.002333507,2.998076,0.03230906,-0.000682539,-0.1419475,0.9898739,-1,NaN,NaN,NaN,-1,NaN,NaN,NaN
0.9560547,NaN,NaN,NaN,0.00146162,2.998928,0.03233366,0.05624312,0.003431417,-0.003104865,-0.9984064,0.001884058,2.998076,0.03230906,-0.000682539,-0.1419475,0.9898739,-1,NaN,NaN,NaN,-1,NaN,NaN,NaN
0.9790039,NaN,NaN,NaN,0.0003600866,2.999,0.03228316,0.05691454,0.003833309,-0.002848533,-0.9983677,0.0006997585,2.997989,0.03242409,-0.003715254,-0.1425284,0.9897837,-1,NaN,NaN,NaN,-1,NaN,NaN,NaN
0.9981689,NaN,NaN,NaN,-0.0003165677,2.9991,0.03221566,0.0575637,0.003997229,-0.002510004,-0.9983307,9.828806E-05,2.997989,0.03242409,-0.003715254,-0.1425284,0.9897837,-1,NaN,NaN,NaN,-1,NaN,NaN,NaN
1.02063,NaN,NaN,NaN,-0.001364172,2.999274,0.03206937,0.05866632,0.004421547,-0.002411374,-0.9982649,-0.001009226,2.997976,0.03244197,-0.01922857,-0.137459,0.9903207,-1,NaN,NaN,NaN,-1,NaN,NaN,NaN
1.039307,-3.070931,-19.3107,137.7621,-0.001621144,2.999338,0.0319383,0.05950493,0.004664488,-0.002360155,-0.9982144,-0.001385823,2.998057,0.03236067,-0.02199468,-0.1598524,0.9868959,-1,NaN,NaN,NaN,-1,NaN,NaN,NaN
1.062378,-3.071972,-19.31069,137.762,-0.002793822,2.999495,0.03171154,0.06096081,0.005059257,-0.002182828,-0.998125,-0.002428204,2.998057,0.03236067,-0.02199468,-0.1598524,0.9868959,-1,NaN,NaN,NaN,-1,NaN,NaN,NaN
1.080933,-3.908268,-23.44525,167.1809,-0.00341695,2.999569,0.03157367,0.06185783,0.005263552,-0.002199733,-0.9980687,-0.003105476,2.998187,0.03218555,-0.02307025,-0.1562181,0.9874531,-1,NaN,NaN,NaN,-1,NaN,NaN,NaN
1.104248,-0.8105484,-16.68653,119.0902,-0.004688568,2.99967,0.0313627,0.06380169,0.005700022,-0.002103613,-0.9979442,-0.004401743,2.998374,0.03196049,-0.006680185,-0.1631203,0.9865835,-1,NaN,NaN,NaN,-1,NaN,NaN,NaN
1.122925,-0.8112175,-16.68653,119.0901,-0.005441599,2.999635,0.03131094,0.06503057,0.006012826,-0.002022539,-0.9978631,-0.005071104,2.998374,0.03196049,-0.006680185,-0.1631203,0.9865835,-1,NaN,NaN,NaN,-1,NaN,NaN,NaN
1.145996,-2.163194,-38.21947,272.3051,-0.006435139,2.999402,0.03121006,0.0671776,0.00669641,-0.002121917,-0.9977164,-0.006124243,2.998505,0.03173113,-0.007832949,-0.1496746,0.9887043,-1,NaN,NaN,NaN,-1,NaN,NaN,NaN
1.165161,-2.16331,-38.21947,272.3051,-0.006565947,2.999204,0.03117985,0.06783978,0.006988257,-0.002159508,-0.9976695,-0.006240517,2.998505,0.03173113,-0.007832949,-0.1496746,0.9887043,-1,NaN,NaN,NaN,-1,NaN,NaN,NaN
1.187744,NaN,NaN,NaN,-0.007596117,2.999058,0.03114438,0.06821758,0.007619001,-0.002477139,-0.9976383,-0.007231206,2.998378,0.03149378,-0.009127561,-0.1456843,0.989289,-1,NaN,NaN,NaN,-1,NaN,NaN,NaN
1.206055,NaN,NaN,NaN,-0.007854346,2.998894,0.03107185,0.0674298,0.007813342,-0.002534771,-0.9976903,-0.007618576,2.998217,0.03141332,-0.01041111,-0.1419639,0.9898171,-1,NaN,NaN,NaN,-1,NaN,NaN,NaN
1.22937,NaN,NaN,NaN,-0.008525804,2.998442,0.03090679,0.06631064,0.008203343,-0.002449124,-0.9977623,-0.008215427,2.998217,0.03141332,-0.01041111,-0.1419639,0.9898171,-1,NaN,NaN,NaN,-1,NaN,NaN,NaN
1.247803,NaN,NaN,NaN,-0.008507682,2.998219,0.03081588,0.06570806,0.008408457,-0.002417856,-0.9978005,-0.008337125,2.997966,0.03131056,-0.01150067,-0.1410997,0.9899286,-1,NaN,NaN,NaN,-1,NaN,NaN,NaN
1.271118,NaN,NaN,NaN,-0.00839637,2.998172,0.03071835,0.06491082,0.008763224,-0.002409532,-0.9978497,-0.008329377,2.997597,0.03117085,-0.00786024,-0.1397709,0.9901527,-1,NaN,NaN,NaN,-1,NaN,NaN,NaN
1.289551,NaN,NaN,NaN,-0.008157738,2.998363,0.03068312,0.06500046,0.008844114,-0.001991966,-0.997844,-0.008117259,2.997597,0.03117085,-0.00786024,-0.1397709,0.9901527,-1,NaN,NaN,NaN,-1,NaN,NaN,NaN
1.312988,NaN,NaN,NaN,-0.007730864,2.99841,0.03043244,0.06470837,0.008966335,-0.001552769,-0.9978628,-0.007760942,2.997478,0.0310756,-0.008784161,-0.1412311,0.9899377,-1,NaN,NaN,NaN,-1,NaN,NaN,NaN
1.331909,NaN,NaN,NaN,-0.007128809,2.99839,0.03022981,0.06458009,0.008964002,-0.001370821,-0.9978713,-0.007225782,2.997478,0.0310756,-0.008784161,-0.1412311,0.9899377,-1,NaN,NaN,NaN,-1,NaN,NaN,NaN
1.354614,NaN,NaN,NaN,-0.005994184,2.998328,0.02979639,0.06451368,0.008883722,-0.001157607,-0.9978766,-0.006200776,2.99742,0.03084612,-0.01065654,-0.1422332,0.9897758,-1,NaN,NaN,NaN,-1,NaN,NaN,NaN
1.373169,NaN,NaN,NaN,-0.005094018,2.998357,0.02953751,0.06466527,0.008879088,-0.001216491,-0.9978668,-0.005320281,2.997369,0.03048468,-0.01329003,-0.1429369,0.9896426,-1,NaN,NaN,NaN,-1,NaN,NaN,NaN
1.396729,NaN,NaN,NaN,-0.002994234,2.998348,0.02894561,0.06560081,0.008846506,-0.001612024,-0.9978054,-0.003453806,2.997369,0.03048468,-0.01329003,-0.1429369,0.9896426,-1,NaN,NaN,NaN,-1,NaN,NaN,NaN
1.415161,-4.596654,-46.84074,333.6486,-0.001727326,2.998321,0.0286144,0.06608349,0.008891873,-0.001573906,-0.9977733,-0.002163157,2.997284,0.02992725,-0.01361928,-0.147733,0.9889335,-1,NaN,NaN,NaN,-1,NaN,NaN,NaN
1.438599,-4.999951,-50.90547,362.5705,0.001152009,2.998313,0.02792083,0.06660809,0.009228729,-0.001578546,-0.9977353,0.0006306171,2.997267,0.02931285,-0.01364189,-0.14705,0.989035,-1,NaN,NaN,NaN,-1,NaN,NaN,NaN
1.456909,-4.99846,-50.90554,362.571,0.002836453,2.99829,0.02758868,0.06691362,0.009529568,-0.001670981,-0.9977119,0.002127901,2.997267,0.02931285,-0.01364189,-0.14705,0.989035,-1,NaN,NaN,NaN,-1,NaN,NaN,NaN
1.480591,-4.821869,-47.23719,336.4694,0.006519612,2.998412,0.02698585,0.06754413,0.01025282,-0.001597937,-0.9976624,0.00569424,2.997277,0.02864754,-0.01419017,-0.1476596,0.9889365,-1,NaN,NaN,NaN,-1,NaN,NaN,NaN
1.499268,-4.820325,-47.23713,336.4689,0.008249955,2.998404,0.02670288,0.06816889,0.01060302,-0.001198192,-0.9976168,0.007232323,2.997277,0.02864754,-0.01419017,-0.1476596,0.9889365,-1,NaN,NaN,NaN,-1,NaN,NaN,NaN
1.521973,-4.548717,-52.36544,372.9587,0.01216761,2.998304,0.02612319,0.06920849,0.01129223,-0.0004037265,-0.9975383,0.01108626,2.997283,0.02792192,-0.01209351,-0.146833,0.9890873,-1,NaN,NaN,NaN,-1,NaN,NaN,NaN
1.540283,NaN,NaN,NaN,0.01419993,2.998283,0.02581855,0.06970645,0.01148435,0.0002721343,-0.9975014,0.01329093,2.997242,0.0272429,-0.01362845,-0.1442471,0.9894478,-1,NaN,NaN,NaN,-1,NaN,NaN,NaN
1.563965,NaN,NaN,NaN,0.01906725,2.998238,0.02520995,0.07072469,0.01190711,0.001336098,-0.9974239,0.01761743,2.997242,0.0272429,-0.01362845,-0.1442471,0.9894478,-1,NaN,NaN,NaN,-1,NaN,NaN,NaN
1.582153,NaN,NaN,NaN,0.02146252,2.998259,0.02494553,0.07137462,0.01191942,0.001818147,-0.9973768,0.02027167,2.997264,0.02650082,-0.01410735,-0.1426139,0.9896779,-1,NaN,NaN,NaN,-1,NaN,NaN,NaN
1.605591,NaN,NaN,NaN,0.02645198,2.998253,0.02440815,0.07282544,0.01209044,0.002840407,-0.9972674,0.02530673,2.997242,0.0257715,-0.01364815,-0.1415582,0.9898359,-1,NaN,NaN,NaN,-1,NaN,NaN,NaN
1.623657,NaN,NaN,NaN,0.02920062,2.998165,0.02411961,0.07355148,0.0120543,0.003235671,-0.9972134,0.02774997,2.997242,0.0257715,-0.01364815,-0.1415582,0.9898359,-1,NaN,NaN,NaN,-1,NaN,NaN,NaN
1.647217,NaN,NaN,NaN,0.03448872,2.998163,0.02363759,0.07515164,0.01205388,0.003841091,-0.9970919,0.03310317,2.997219,0.02507126,-0.008146964,-0.1389308,0.9902686,-1,NaN,NaN,NaN,-1,NaN,NaN,NaN
1.666016,NaN,NaN,NaN,0.03693886,2.99818,0.02344589,0.07649651,0.0120788,0.004032772,-0.9969886,0.03528108,2.997219,0.02507126,-0.008146964,-0.1389308,0.9902686,-1,NaN,NaN,NaN,-1,NaN,NaN,NaN
1.688965,NaN,NaN,NaN,0.04178151,2.998275,0.02313808,0.07917948,0.01222683,0.004710469,-0.9967743,0.04026848,2.997162,0.02441216,-0.008815346,-0.1354888,0.9907396,-1,NaN,NaN,NaN,-1,NaN,NaN,NaN
1.707031,NaN,NaN,NaN,0.04409682,2.998461,0.02301558,0.08072678,0.01223875,0.005037749,-0.9966484,0.04300913,2.997152,0.02387464,-0.009087875,-0.1357428,0.9907025,-1,NaN,NaN,NaN,-1,NaN,NaN,NaN
1.731323,NaN,NaN,NaN,0.04915723,2.998678,0.02278976,0.08365764,0.01232697,0.005433135,-0.9964036,0.04750727,2.997152,0.02387464,-0.009087875,-0.1357428,0.9907025,-1,NaN,NaN,NaN,-1,NaN,NaN,NaN
1.748779,NaN,NaN,NaN,0.05231649,2.998775,0.02271773,0.08472398,0.01242158,0.005673305,-0.9963109,0.05097318,2.997273,0.02346253,-0.01041675,-0.1329755,0.9910645,-1,NaN,NaN,NaN,-1,NaN,NaN,NaN
1.772583,NaN,NaN,NaN,0.05808743,2.99902,0.02257037,0.08654836,0.01240227,0.006511861,-0.9961492,0.0568327,2.997547,0.0232178,-0.00964183,-0.1296021,0.9915192,-1,NaN,NaN,NaN,-1,NaN,NaN,NaN
1.790649,NaN,NaN,NaN,0.06107343,2.999339,0.02255048,0.08759044,0.01234221,0.006920193,-0.9960561,0.05948693,2.997547,0.0232178,-0.00964183,-0.1296021,0.9915192,-1,NaN,NaN,NaN,-1,NaN,NaN,NaN
1.814331,NaN,NaN,NaN,0.06631303,3.000005,0.022523,0.09008398,0.012145,0.008278565,-0.9958257,0.06485459,2.997813,0.02298748,-0.0100408,-0.1281469,0.9917044,-1,NaN,NaN,NaN,-1,NaN,NaN,NaN
1.833374,NaN,NaN,NaN,0.06970786,3.00037,0.02253301,0.09126215,0.01198457,0.009051492,-0.9957137,0.06787223,2.997813,0.02298748,-0.0100408,-0.1281469,0.9917044,-1,NaN,NaN,NaN,-1,NaN,NaN,NaN
1.856201,NaN,NaN,NaN,0.07592943,3.00092,0.02259064,0.09334131,0.01124371,0.01039925,-0.9955164,0.07411896,2.998283,0.02282846,-0.005066,-0.1325049,0.9911695,-1,NaN,NaN,NaN,-1,NaN,NaN,NaN
1.87439,NaN,NaN,NaN,0.07905243,3.00127,0.0226476,0.094055,0.01058367,0.01111356,-0.9954488,0.07765992,2.999033,0.02278757,-0.005110296,-0.1325829,0.9911588,-1,NaN,NaN,NaN,-1,NaN,NaN,NaN
1.89856,NaN,NaN,NaN,0.08600973,3.001962,0.0227707,0.09546524,0.00925979,0.01185637,-0.9953191,0.08384418,2.999033,0.02278757,-0.005110296,-0.1325829,0.9911588,-1,NaN,NaN,NaN,-1,NaN,NaN,NaN
1.916016,NaN,NaN,NaN,0.08922651,3.002211,0.02287468,0.09602995,0.008492209,0.01203975,-0.9952694,0.08753492,2.999904,0.02286136,-0.006038818,-0.1315645,0.9912892,-1,NaN,NaN,NaN,-1,NaN,NaN,NaN
1.939697,NaN,NaN,NaN,0.09562523,3.002708,0.02306319,0.09739707,0.007138558,0.01252388,-0.9951413,0.09407584,3.000589,0.0229634,-0.007576385,-0.1349132,0.9908285,-1,NaN,NaN,NaN,-1,NaN,NaN,NaN
1.95813,NaN,NaN,NaN,0.09862139,3.002856,0.0231317,0.09799149,0.006405897,0.01272812,-0.9950853,0.0967391,3.000589,0.0229634,-0.007576385,-0.1349132,0.9908285,-1,NaN,NaN,NaN,-1,NaN,NaN,NaN
1.981567,NaN,NaN,NaN,0.104899,3.003008,0.0232091,0.09871698,0.005180962,0.01280249,-0.9950197,0.1031848,3.001235,0.02314341,-0.005020948,-0.1365867,0.9906154,-1,NaN,NaN,NaN,-1,NaN,NaN,NaN
2.000488,NaN,NaN,NaN,0.108018,3.003052,0.02318174,0.09844679,0.004539981,0.01273849,-0.9950505,0.1059573,3.001235,0.02314341,-0.005020948,-0.1365867,0.9906154,-1,NaN,NaN,NaN,-1,NaN,NaN,NaN
2.023315,NaN,NaN,NaN,0.1137884,3.003059,0.02303011,0.09813273,0.003187314,0.01273594,-0.9950867,0.1119312,3.001729,0.02335656,-0.002222701,-0.1356824,0.9907499,-1,NaN,NaN,NaN,-1,NaN,NaN,NaN
2.041626,NaN,NaN,NaN,0.1163929,3.003083,0.02287898,0.09787461,0.002611198,0.01262434,-0.9951153,0.1150735,3.001976,0.02343321,-0.003428067,-0.1352501,0.9908055,-1,NaN,NaN,NaN,-1,NaN,NaN,NaN
2.065796,NaN,NaN,NaN,0.1217165,3.003205,0.02245506,0.09769512,0.001642659,0.01265085,-0.9951347,0.1198055,3.001976,0.02343321,-0.003428067,-0.1352501,0.9908055,-1,NaN,NaN,NaN,-1,NaN,NaN,NaN
2.083496,NaN,NaN,NaN,0.1242907,3.003301,0.02213306,0.0975184,0.001237199,0.01255972,-0.9951537,0.1228806,3.00206,0.02330709,-0.002914804,-0.1408965,0.99002,-1,NaN,NaN,NaN,-1,NaN,NaN,NaN
2.106689,NaN,NaN,NaN,0.130076,3.003113,0.02126661,0.09670958,0.0006787926,0.01197211,-0.9952404,0.1287595,3.002149,0.02294707,-0.008743397,-0.1420794,0.9898166,-1,NaN,NaN,NaN,-1,NaN,NaN,NaN
2.125122,NaN,NaN,NaN,0.1322163,3.002923,0.0206569,0.09581263,0.0005795881,0.01186406,-0.9953285,0.130662,3.002149,0.02294707,-0.008743397,-0.1420794,0.9898166,-1,NaN,NaN,NaN,-1,NaN,NaN,NaN
2.148438,NaN,NaN,NaN,0.1364861,3.002934,0.0193941,0.09423738,0.0003327802,0.01188208,-0.9954787,0.1352053,3.002126,0.0222491,-0.007518739,-0.1424523,0.9897731,-1,NaN,NaN,NaN,-1,NaN,NaN,NaN
2.167236,NaN,NaN,NaN,0.1393682,3.003175,0.01870171,0.09396093,0.0005179942,0.01135523,-0.995511,0.1377672,3.002126,0.0222491,-0.007518739,-0.1424523,0.9897731,-1,NaN,NaN,NaN,-1,NaN,NaN,NaN
2.190186,NaN,NaN,NaN,0.1438496,3.003408,0.01715823,0.09377101,0.0009974465,0.01093717,-0.9955332,0.1424077,3.002005,0.02113557,-0.006214505,-0.1434662,0.9896357,-1,NaN,NaN,NaN,-1,NaN,NaN,NaN
2.208862,NaN,NaN,NaN,0.1461283,3.003216,0.01623417,0.09357431,0.001439169,0.01120743,-0.9955482,0.1450713,3.002063,0.01967275,-0.006607471,-0.1456812,0.9893095,-1,NaN,NaN,NaN,-1,NaN,NaN,NaN
2.232666,NaN,NaN,NaN,0.1503085,3.00296,0.01433745,0.09275793,0.002181269,0.0119215,-0.995615,0.1487871,3.002063,0.01967275,-0.006607471,-0.1456812,0.9893095,-1,NaN,NaN,NaN,-1,NaN,NaN,NaN
2.250488,-0.6912529,-47.88597,341.0856,0.1522285,3.003146,0.01341701,0.09266175,0.002669886,0.01217288,-0.9956197,0.1511224,3.002188,0.01786292,-0.00244277,-0.1475686,0.9890488,-1,NaN,NaN,NaN,-1,NaN,NaN,NaN
2.273804,-1.007601,-41.07676,292.6356,0.1563275,3.00363,0.011692,0.09381074,0.003741905,0.01255859,-0.9955038,0.1553583,3.002125,0.0157584,-0.003929933,-0.1489537,0.9888363,-1,NaN,NaN,NaN,-1,NaN,NaN,NaN
2.292358,-1.006099,-41.07675,292.6356,0.1580167,3.003546,0.01093023,0.09540661,0.004271418,0.01273804,-0.9953478,0.1568599,3.002125,0.0157584,-0.003929933,-0.1489537,0.9888363,-1,NaN,NaN,NaN,-1,NaN,NaN,NaN
2.31543,-2.331794,-56.59052,403.0219,0.1629111,3.003474,0.009349614,0.09759445,0.005339838,0.01262082,-0.9951319,0.1617391,3.002257,0.01361811,-0.006120631,-0.1462766,0.9892249,-1,NaN,NaN,NaN,-1,NaN,NaN,NaN
2.334473,NaN,NaN,NaN,0.1651004,3.00331,0.008538501,0.09830979,0.005669318,0.01294695,-0.9950555,0.1636852,3.002257,0.01361811,-0.006120631,-0.1462766,0.9892249,-1,NaN,NaN,NaN,-1,NaN,NaN,NaN
2.357422,NaN,NaN,NaN,0.1697009,3.002943,0.007053389,0.09879487,0.006255664,0.01389042,-0.9949912,0.1683089,3.00243,0.01158822,-0.008697684,-0.1404509,0.9900494,-1,NaN,NaN,NaN,-1,NaN,NaN,NaN
2.385132,NaN,NaN,NaN,0.1753356,3.002367,0.005698951,0.09885448,0.006620883,0.01440523,-0.9949756,0.1738936,3.002411,0.009733438,-0.01090522,-0.1368315,0.9905343,-1,NaN,NaN,NaN,-1,NaN,NaN,NaN
2.412964,NaN,NaN,NaN,0.1811861,3.001372,0.004462976,0.09887008,0.006748155,0.01525703,-0.9949605,0.179715,3.002061,0.007900715,-0.01126606,-0.1361044,0.9906304,-1,NaN,NaN,NaN,-1,NaN,NaN,NaN
2.44104,NaN,NaN,NaN,0.1883239,3.000584,0.003408099,0.09858286,0.007082351,0.01555024,-0.9949822,0.1867517,3.001359,0.006215811,-0.01210988,-0.1414205,0.9898756,-1,NaN,NaN,NaN,-1,NaN,NaN,NaN
2.468628,NaN,NaN,NaN,0.197485,3.000013,0.002493884,0.09848125,0.007838503,0.01582283,-0.9949823,0.1957267,3.000416,0.004738331,-0.009519533,-0.1362725,0.9906256,-1,NaN,NaN,NaN,-1,NaN,NaN,NaN
2.487183,NaN,NaN,NaN,0.2030787,2.999532,0.002004714,0.09787426,0.007982916,0.01653701,-0.9950294,0.2006989,3.000416,0.004738331,-0.009519533,-0.1362725,0.9906256,-1,NaN,NaN,NaN,-1,NaN,NaN,NaN
2.510376,NaN,NaN,NaN,0.2160316,2.998776,0.001067494,0.0957811,0.008447371,0.01694066,-0.9952224,0.2132722,2.9995,0.003481507,-0.01065722,-0.1392336,0.9902022,-1,NaN,NaN,NaN,-1,NaN,NaN,NaN
2.532349,NaN,NaN,NaN,0.2238695,2.998504,0.0007287749,0.09475073,0.008355491,0.01698392,-0.9953211,0.2202392,2.9995,0.003481507,-0.01065722,-0.1392336,0.9902022,-1,NaN,NaN,NaN,-1,NaN,NaN,NaN
2.552368,NaN,NaN,NaN,0.2410156,2.99812,0.000110938,0.09344976,0.008162223,0.0169246,-0.9954467,0.2367847,2.998582,0.002315044,-0.0107995,-0.1391817,0.990208,-1,NaN,NaN,NaN,-1,NaN,NaN,NaN
2.580078,NaN,NaN,NaN,0.2616789,2.997877,-0.0001278752,0.09362446,0.007361621,0.01655366,-0.9954428,0.256878,2.997755,0.001292109,-0.001690537,-0.1425046,0.9897927,-1,NaN,NaN,NaN,-1,NaN,NaN,NaN
2.60791,NaN,NaN,NaN,0.2852923,2.997319,-2.963361E-05,0.09445563,0.00552281,0.01591972,-0.9953865,0.2800293,2.997148,0.0006644726,-0.0007870604,-0.1360757,0.9906982,-1,NaN,NaN,NaN,-1,NaN,NaN,NaN
2.635742,NaN,NaN,NaN,0.313211,2.997095,0.0001185781,0.09520721,0.003168091,0.01408378,-0.9953529,0.3075512,2.996676,0.0003464222,-0.001834912,-0.1321068,0.9912338,-1,NaN,NaN,NaN,-1,NaN,NaN,NaN
2.654053,NaN,NaN,NaN,0.3287631,2.996994,0.0003290529,0.0956722,0.001704171,0.0126656,-0.9953309,0.3213753,2.996676,0.0003464222,-0.001834912,-0.1321068,0.9912338,-1,NaN,NaN,NaN,-1,NaN,NaN,NaN
2.677734,NaN,NaN,NaN,0.3615335,2.996908,0.0009270477,0.09719208,-0.001218729,0.01012545,-0.9952134,0.3538002,2.99629,0.0002939701,2.618535E-05,-0.1309663,0.9913868,-1,NaN,NaN,NaN,-1,NaN,NaN,NaN
2.695923,NaN,NaN,NaN,0.3796048,2.996673,0.001263633,0.09831847,-0.003066786,0.008546711,-0.9951136,0.3698635,2.99629,0.0002939701,2.618535E-05,-0.1309663,0.9913868,-1,NaN,NaN,NaN,-1,NaN,NaN,NaN
2.719238,NaN,NaN,NaN,0.4176641,2.996124,0.002040428,0.09952516,-0.006544024,0.005387791,-0.994999,0.4075557,2.996001,0.0006195307,0.006572203,-0.1381654,0.9903874,-1,NaN,NaN,NaN,-1,NaN,NaN,NaN
2.737793,NaN,NaN,NaN,0.4383965,2.995905,0.002521285,0.09989846,-0.008378282,0.003769691,-0.9949552,0.4303989,2.995699,0.001266599,0.005921655,-0.1353482,0.9907804,-1,NaN,NaN,NaN,-1,NaN,NaN,NaN
2.760986,NaN,NaN,NaN,0.4814646,2.995502,0.003605922,0.1014716,-0.01223256,0.001010363,-0.9947628,0.4686818,2.995699,0.001266599,0.005921655,-0.1353482,0.9907804,-1,NaN,NaN,NaN,-1,NaN,NaN,NaN
2.779541,NaN,NaN,NaN,0.5040304,2.995185,0.004170051,0.1020593,-0.01437286,0.000128313,-0.9946745,0.4937173,2.995227,0.002187967,0.005986765,-0.1355372,0.9907542,-1,NaN,NaN,NaN,-1,NaN,NaN,NaN
2.802734,NaN,NaN,NaN,0.5513012,2.994552,0.005330834,0.1025575,-0.0181268,-0.001893925,-0.9945601,0.5357358,2.995227,0.002187967,0.005986765,-0.1355372,0.9907542,-1,NaN,NaN,NaN,-1,NaN,NaN,NaN
2.821289,NaN,NaN,NaN,0.5758065,2.994216,0.005951166,0.1031792,-0.02027576,-0.002204837,-0.9944537,0.5630204,2.994681,0.003350854,0.01162178,-0.1387959,0.9902528,-1,NaN,NaN,NaN,-1,NaN,NaN,NaN
2.844604,NaN,NaN,NaN,0.6268774,2.993377,0.007182742,0.104267,-0.02398631,-0.00294224,-0.9942557,0.6144334,2.993994,0.004683256,0.005586014,-0.1332906,0.9910613,-1,NaN,NaN,NaN,-1,NaN,NaN,NaN
2.862915,NaN,NaN,NaN,0.6524175,2.9928,0.007677774,0.1040032,-0.02582818,-0.002654809,-0.9942381,0.6371357,2.993994,0.004683256,0.005586014,-0.1332906,0.9910613,-1,NaN,NaN,NaN,-1,NaN,NaN,NaN
2.886353,NaN,NaN,NaN,0.704257,2.991648,0.008699469,0.103287,-0.02922798,-0.002436384,-0.9942191,0.6896667,2.993173,0.006124735,0.007787721,-0.1340508,0.9909438,-1,NaN,NaN,NaN,-1,NaN,NaN,NaN
2.904785,NaN,NaN,NaN,0.7308763,2.991126,0.009196961,0.1028108,-0.03070718,-0.002276763,-0.9942243,0.7199609,2.992144,0.007490158,0.007653563,-0.1332601,0.9910516,-1,NaN,NaN,NaN,-1,NaN,NaN,NaN
2.927979,NaN,NaN,NaN,0.783955,2.990257,0.01027651,0.1025153,-0.03352073,-0.001329521,-0.9941656,0.767142,2.992144,0.007490158,0.007653563,-0.1332601,0.9910516,-1,NaN,NaN,NaN,-1,NaN,NaN,NaN
2.946655,NaN,NaN,NaN,0.8119552,2.989661,0.01075536,0.1029112,-0.03462352,-0.0005048988,-0.9940877,0.7988932,2.990912,0.008765221,0.006940397,-0.1365014,0.9906155,-1,NaN,NaN,NaN,-1,NaN,NaN,NaN
2.969849,NaN,NaN,NaN,0.8673711,2.988289,0.01172347,0.1031545,-0.03662273,0.001103038,-0.9939904,0.8553547,2.989674,0.009895563,0.003972651,-0.1342676,0.9909371,-1,NaN,NaN,NaN,-1,NaN,NaN,NaN
2.998291,NaN,NaN,NaN,0.9217024,2.987659,0.01307162,0.1031905,-0.03768743,0.003317078,-0.9939419,0.9036492,2.989674,0.009895563,0.003972651,-0.1342676,0.9909371,-1,NaN,NaN,NaN,-1,NaN,NaN,NaN
3.025513,NaN,NaN,NaN,0.9738656,2.987841,0.01446712,0.1045757,-0.03830947,0.006563866,-0.9937572,0.9572192,2.988315,0.01114428,-0.002203209,-0.1317797,0.9912766,-1,NaN,NaN,NaN,-1,NaN,NaN,NaN
3.053467,NaN,NaN,NaN,1.026728,2.986828,0.01585063,0.105071,-0.03850752,0.009253649,-0.9936759,1.011388,2.987233,0.01258135,-0.003470849,-0.1307889,0.9914042,-1,NaN,NaN,NaN,-1,NaN,NaN,NaN
3.081299,NaN,NaN,NaN,1.081623,2.985571,0.01733318,0.1034505,-0.03829492,0.0110174,-0.9938361,1.067344,2.986655,0.01418078,-0.005578837,-0.1317692,0.9912648,-1,NaN,NaN,NaN,-1,NaN,NaN,NaN
3.109131,NaN,NaN,NaN,1.134894,2.985426,0.01899563,0.1025485,-0.03726903,0.01221991,-0.9939545,1.121941,2.985743,0.01586545,-0.006166823,-0.1344721,0.9908982,-1,NaN,NaN,NaN,-1,NaN,NaN,NaN
3.136963,NaN,NaN,NaN,1.187857,2.98454,0.02058842,0.102142,-0.03607704,0.01346067,-0.9940243,1.176038,2.984883,0.0176661,-0.007756414,-0.1331052,0.9910715,-1,NaN,NaN,NaN,-1,NaN,NaN,NaN
3.165283,NaN,NaN,NaN,1.241452,2.982546,0.02195192,0.09919386,-0.03448888,0.01449603,-0.9943647,1.223678,2.984883,0.0176661,-0.007756414,-0.1331052,0.9910715,-1,NaN,NaN,NaN,-1,NaN,NaN,NaN
3.192627,NaN,NaN,NaN,1.29826,2.981415,0.02321674,0.09493574,-0.03221439,0.01467581,-0.9948539,1.281206,2.984065,0.01954675,-0.008874904,-0.1346963,0.9908472,-1,NaN,NaN,NaN,-1,NaN,NaN,NaN
3.220581,NaN,NaN,NaN,1.356686,2.981285,0.02478258,0.09323022,-0.02939431,0.01543373,-0.995091,1.34041,2.982553,0.02118826,-0.007708699,-0.1398354,0.9901448,-1,NaN,NaN,NaN,-1,NaN,NaN,NaN
3.248413,-2.620909,-52.69261,375.2866,1.418087,2.98171,0.02658843,0.09245105,-0.02628635,0.01611606,-0.9952397,1.402366,2.981085,0.02281952,-0.01060452,-0.1467443,0.9891176,-1,NaN,NaN,NaN,-1,NaN,NaN,NaN
3.276367,-0.09615864,-32.24471,229.7922,1.480314,2.982773,0.0284754,0.09117516,-0.02400541,0.01935527,-0.9953574,1.465246,2.980487,0.02470899,-0.006716955,-0.1515341,0.9884292,-1,NaN,NaN,NaN,-1,NaN,NaN,NaN
3.304077,NaN,NaN,NaN,1.546862,2.98415,0.03053145,0.08907735,-0.02219909,0.02236401,-0.9955261,1.532377,2.980855,0.02682555,-0.01276498,-0.1414123,0.9898685,-1,NaN,NaN,NaN,-1,NaN,NaN,NaN
3.332764,NaN,NaN,NaN,1.614469,2.985597,0.03232367,0.08477113,-0.02138687,0.02509044,-0.9958549,1.592472,2.980855,0.02682555,-0.01276498,-0.1414123,0.9898685,-1,NaN,NaN,NaN,-1,NaN,NaN,NaN
3.350586,NaN,NaN,NaN,1.648635,2.986003,0.03301464,0.08122706,-0.02153097,0.02681764,-0.9961022,1.631331,2.982016,0.02927697,-0.005176275,-0.1436017,0.989622,-1,NaN,NaN,NaN,-1,NaN,NaN,NaN
3.373657,0.4134684,-50.71778,361.235,1.717088,2.986832,0.03443075,0.07540809,-0.02183831,0.02945125,-0.9964785,1.700927,2.983579,0.03142428,-0.003525584,-0.1470561,0.9891219,-1,NaN,NaN,NaN,-1,NaN,NaN,NaN
3.39209,0.4443746,-50.71778,361.235,1.751857,2.987234,0.03522415,0.07320022,-0.02214484,0.03056219,-0.9966029,1.731833,2.983579,0.03142428,-0.003525584,-0.1470561,0.9891219,-1,NaN,NaN,NaN,-1,NaN,NaN,NaN
3.415405,0.1682911,-39.69074,282.7736,1.821452,2.988271,0.03681198,0.07055821,-0.02243875,0.03278433,-0.9967163,1.80268,2.984926,0.03331745,-0.005715695,-0.149243,0.988784,-1,NaN,NaN,NaN,-1,NaN,NaN,NaN
3.434448,0.1998062,-39.69079,282.774,1.856909,2.988662,0.0375936,0.07050641,-0.02251028,0.03343289,-0.9966968,1.834197,2.984926,0.03331745,-0.005715695,-0.149243,0.988784,-1,NaN,NaN,NaN,-1,NaN,NaN,NaN
3.457153,NaN,NaN,NaN,1.928322,2.989172,0.03893135,0.06975509,-0.02207138,0.03418215,-0.996734,1.906856,2.985986,0.03511,-0.006121172,-0.145762,0.9893007,-1,NaN,NaN,NaN,-1,NaN,NaN,NaN
3.475464,NaN,NaN,NaN,1.963237,2.989371,0.03934776,0.06916692,-0.0217519,0.03485186,-0.9967589,1.947217,2.986981,0.0369153,-0.005863843,-0.1332643,0.9910632,-1,NaN,NaN,NaN,-1,NaN,NaN,NaN
3.499756,NaN,NaN,NaN,2.033982,2.989772,0.03989954,0.06624155,-0.0209551,0.03597273,-0.9969348,2.010101,2.986981,0.0369153,-0.005863843,-0.1332643,0.9910632,-1,NaN,NaN,NaN,-1,NaN,NaN,NaN
3.517456,NaN,NaN,NaN,2.067928,2.989809,0.0399317,0.06537668,-0.02064697,0.03707192,-0.9969581,2.04963,2.987888,0.03854954,-0.005537677,-0.1372809,0.9905167,-1,NaN,NaN,NaN,-1,NaN,NaN,NaN
3.540771,NaN,NaN,NaN,2.136765,2.990053,0.03984932,0.0637883,-0.01903595,0.03867982,-0.9970319,2.120167,2.988473,0.03962946,-0.005038925,-0.1433298,0.9896621,-1,NaN,NaN,NaN,-1,NaN,NaN,NaN
3.559204,NaN,NaN,NaN,2.17159,2.990121,0.03964742,0.06385356,-0.01803721,0.03927058,-0.9970232,2.151123,2.988473,0.03962946,-0.005038925,-0.1433298,0.9896621,-1,NaN,NaN,NaN,-1,NaN,NaN,NaN
3.582397,-0.537613,-49.05506,349.4041,2.24304,2.990198,0.03913102,0.06382367,-0.01574545,0.03842884,-0.9970968,2.223998,2.988731,0.04003584,-0.007818165,-0.1473369,0.9890555,-1,NaN,NaN,NaN,-1,NaN,NaN,NaN
3.601318,-0.5050712,-49.05507,349.4041,2.279649,2.990571,0.03871907,0.06333742,-0.01484624,0.03691031,-0.9971989,2.25654,2.988731,0.04003584,-0.007818165,-0.1473369,0.9890555,-1,NaN,NaN,NaN,-1,NaN,NaN,NaN
3.624512,NaN,NaN,NaN,2.349922,2.990802,0.03773886,0.06224645,-0.01402428,0.03675342,-0.9972853,2.328248,2.988981,0.03989947,-0.005577326,-0.1408956,0.9900088,-1,NaN,NaN,NaN,-1,NaN,NaN,NaN
3.642578,NaN,NaN,NaN,2.386224,2.990999,0.03715422,0.06118505,-0.0136536,0.03654361,-0.9973638,2.36986,2.989326,0.03928924,-0.008970512,-0.1378594,0.9904112,-1,NaN,NaN,NaN,-1,NaN,NaN,NaN
3.666382,NaN,NaN,NaN,2.4587,2.991298,0.03596533,0.06029832,-0.0129879,0.03580673,-0.9974535,2.434283,2.989326,0.03928924,-0.008970512,-0.1378594,0.9904112,-1,NaN,NaN,NaN,-1,NaN,NaN,NaN
3.684326,NaN,NaN,NaN,2.495694,2.991548,0.03541376,0.06008017,-0.01257609,0.03532393,-0.9974891,2.47663,2.989683,0.03821719,-0.004289104,-0.1410106,0.9899988,-1,NaN,NaN,NaN,-1,NaN,NaN,NaN
3.707642,NaN,NaN,NaN,2.567981,2.992522,0.03449914,0.06070086,-0.01202842,0.03511326,-0.9974657,2.550523,2.990029,0.03680527,-0.00511226,-0.1435265,0.9896333,-1,NaN,NaN,NaN,-1,NaN,NaN,NaN
3.725952,NaN,NaN,NaN,2.604135,2.992782,0.03415676,0.06146809,-0.01177405,0.03482584,-0.9974318,2.58266,2.990029,0.03680527,-0.00511226,-0.1435265,0.9896333,-1,NaN,NaN,NaN,-1,NaN,NaN,NaN
3.749512,NaN,NaN,NaN,2.675871,2.993156,0.03353801,0.06258143,-0.01079913,0.03349718,-0.9974192,2.656054,2.990689,0.035604,-0.002846226,-0.1443179,0.9895273,-1,NaN,NaN,NaN,-1,NaN,NaN,NaN
3.767822,NaN,NaN,NaN,2.709899,2.993056,0.03335696,0.06293491,-0.0101562,0.03307546,-0.9974177,2.686302,2.990689,0.035604,-0.002846226,-0.1443179,0.9895273,-1,NaN,NaN,NaN,-1,NaN,NaN,NaN
3.791138,NaN,NaN,NaN,2.776731,2.993085,0.03302578,0.0627225,-0.009631722,0.03389307,-0.9974088,2.755336,2.991483,0.03459203,-0.004230399,-0.1436421,0.9896207,-1,NaN,NaN,NaN,-1,NaN,NaN,NaN
3.80957,NaN,NaN,NaN,2.809678,2.992671,0.0329592,0.06258584,-0.009448081,0.03365066,-0.9974274,2.794243,2.992012,0.03386974,-0.01198785,-0.1416847,0.9898393,-1,NaN,NaN,NaN,-1,NaN,NaN,NaN
3.833252,NaN,NaN,NaN,2.869614,2.991325,0.03292189,0.06169506,-0.008831173,0.03179915,-0.9975492,2.847519,2.992012,0.03386974,-0.01198785,-0.1416847,0.9898393,-1,NaN,NaN,NaN,-1,NaN,NaN,NaN
3.851563,NaN,NaN,NaN,2.897416,2.990741,0.03308368,0.06101416,-0.008369811,0.03054085,-0.9976345,2.881338,2.992009,0.0333935,-0.0150763,-0.1443826,0.9894071,-1,NaN,NaN,NaN,-1,NaN,NaN,NaN
3.874756,-1.336617,-39.56607,281.8863,2.950138,2.990012,0.03348524,0.05952793,-0.007227272,0.02802002,-0.9978072,2.936571,2.991137,0.03317988,-0.01498943,-0.1492817,0.9886811,-1,NaN,NaN,NaN,-1,NaN,NaN,NaN
3.893188,-1.314981,-39.56601,281.886,2.974472,2.989352,0.03385177,0.0595757,-0.006430931,0.02649623,-0.9978514,2.958201,2.991137,0.03317988,-0.01498943,-0.1492817,0.9886811,-1,NaN,NaN,NaN,-1,NaN,NaN,NaN
3.916504,-1.219594,-32.39519,230.8629,3.018809,2.987288,0.03447364,0.05953068,-0.005002514,0.0236935,-0.9979327,3.005273,2.989926,0.03333104,-0.01808867,-0.1515006,0.9882917,-1,NaN,NaN,NaN,-1,NaN,NaN,NaN
3.934937,-1.20261,-32.39518,230.8629,3.037916,2.986092,0.03486409,0.0591235,-0.004338003,0.02317485,-0.9979722,3.022257,2.989926,0.03333104,-0.01808867,-0.1515006,0.9882917,-1,NaN,NaN,NaN,-1,NaN,NaN,NaN
3.958252,-1.396577,-41.18178,293.3827,3.075201,2.984414,0.03588041,0.05843392,-0.003069185,0.02216569,-0.9980405,3.062213,2.988585,0.0337671,-0.01502848,-0.1488775,0.9887415,-1,NaN,NaN,NaN,-1,NaN,NaN,NaN
3.976807,-1.85885,-37.00502,263.6635,3.092062,2.983609,0.03644005,0.05905475,-0.002128087,0.02087404,-0.9980342,3.083252,2.986428,0.03458238,-0.01853121,-0.1499543,0.9885193,-1,NaN,NaN,NaN,-1,NaN,NaN,NaN
4.000732,-1.831788,-37.00502,263.6635,3.122507,2.981568,0.03761068,0.05915796,0.0001778453,0.01831051,-0.9980807,3.110314,2.986428,0.03458238,-0.01853121,-0.1499543,0.9885193,-1,NaN,NaN,NaN,-1,NaN,NaN,NaN
4.018555,-1.578038,-36.6078,260.8372,3.133266,2.98043,0.03815758,0.05931271,0.001398325,0.01807856,-0.9980748,3.125143,2.984161,0.03567696,-0.01782645,-0.1500653,0.9885153,-1,NaN,NaN,NaN,-1,NaN,NaN,NaN
4.04187,-2.411101,-36.86051,262.6353,3.149426,2.977953,0.03902537,0.05874763,0.003357268,0.01911918,-0.9980841,3.143983,2.981903,0.03701627,-0.02091037,-0.1499742,0.9884688,-1,NaN,NaN,NaN,-1,NaN,NaN,NaN
4.060425,-2.408903,-36.86051,262.6353,3.151899,2.97652,0.0390937,0.05702653,0.004006185,0.02068849,-0.9981503,3.146182,2.981903,0.03701627,-0.02091037,-0.1499742,0.9884688,-1,NaN,NaN,NaN,-1,NaN,NaN,NaN
4.083496,-0.2159803,-22.89745,163.283,3.152153,2.973366,0.03891941,0.05320189,0.005194626,0.02204767,-0.9983268,3.149745,2.979383,0.03834116,-0.0203592,-0.1565284,0.9874636,-1,NaN,NaN,NaN,-1,NaN,NaN,NaN
4.102051,-0.2204938,-22.89746,163.2831,3.147078,2.971894,0.03863796,0.05096355,0.00601416,0.02085588,-0.9984646,3.145233,2.979383,0.03834116,-0.0203592,-0.1565284,0.9874636,-1,NaN,NaN,NaN,-1,NaN,NaN,NaN
4.125244,-0.1005607,-18.26348,130.3107,3.127835,2.969224,0.03816655,0.0486458,0.006980472,0.01997531,-0.998592,3.129999,2.976268,0.03903222,-0.02446813,-0.160869,0.9866724,-1,NaN,NaN,NaN,-1,NaN,NaN,NaN
4.144043,0.5599624,-14.5684,104.0188,3.110996,2.967939,0.03800548,0.04957755,0.006995834,0.02019609,-0.9985416,3.115225,2.972753,0.03902781,-0.02422512,-0.1662985,0.9857779,-1,NaN,NaN,NaN,-1,NaN,NaN,NaN
4.167236,0.5227913,-14.56839,104.0188,3.069177,2.965382,0.03763781,0.0520151,0.00710266,0.02042711,-0.9984121,3.078053,2.972753,0.03902781,-0.02422512,-0.1662985,0.9857779,-1,NaN,NaN,NaN,-1,NaN,NaN,NaN
4.185547,-1.287849,-20.17023,143.8779,3.040987,2.964225,0.0373958,0.05334267,0.006832913,0.02078371,-0.9983366,3.051112,2.969407,0.03864169,-0.02976923,-0.158759,0.9868684,-1,NaN,NaN,NaN,-1,NaN,NaN,NaN
4.208984,-1.803953,-27.03903,192.7519,2.976029,2.962685,0.03703046,0.05499144,0.00623019,0.02200608,-0.9982249,2.989308,2.966212,0.0381304,-0.02456892,-0.1537985,0.9877967,-1,NaN,NaN,NaN,-1,NaN,NaN,NaN
4.227417,-1.840615,-27.03903,192.7519,2.934785,2.962436,0.03695991,0.05578265,0.005702384,0.0230638,-0.9981602,2.952647,2.966212,0.0381304,-0.02456892,-0.1537985,0.9877967,-1,NaN,NaN,NaN,-1,NaN,NaN,NaN
4.250854,-2.523352,-34.9005,248.6891,2.844065,2.961987,0.03690682,0.05712199,0.00485573,0.02459018,-0.9980525,2.86556,2.9635,0.03761435,-0.02142064,-0.1505075,0.9883768,-1,NaN,NaN,NaN,-1,NaN,NaN,NaN
4.269043,-2.571852,-34.90051,248.6891,2.789502,2.961693,0.03694324,0.05765354,0.004307508,0.02497034,-0.998015,2.817059,2.9635,0.03761435,-0.02142064,-0.1505075,0.9883768,-1,NaN,NaN,NaN,-1,NaN,NaN,NaN
4.29248,-0.7885162,-23.06887,164.5028,2.672642,2.960887,0.03695659,0.05825976,0.003331907,0.02426411,-0.998001,2.704119,2.961797,0.03724539,-0.02097056,-0.156294,0.9874879,-1,NaN,NaN,NaN,-1,NaN,NaN,NaN
4.310791,-1.480469,-28.02548,199.7708,2.607182,2.960523,0.03707097,0.05816033,0.002894484,0.02313786,-0.9980349,2.633964,2.960864,0.03707409,-0.02035186,-0.1532726,0.9879743,-1,NaN,NaN,NaN,-1,NaN,NaN,NaN
4.334229,-1.602583,-28.02547,199.7708,2.469804,2.960465,0.03753692,0.05925333,0.002309069,0.02157443,-0.9980072,2.51185,2.960864,0.03707409,-0.02035186,-0.1532726,0.9879743,-1,NaN,NaN,NaN,-1,NaN,NaN,NaN
4.352661,-1.455298,-27.7464,197.7851,2.395097,2.960862,0.0379182,0.06072605,0.002346382,0.02036193,-0.9979441,2.431025,2.960101,0.03712285,-0.01941651,-0.1534132,0.9879714,-1,NaN,NaN,NaN,-1,NaN,NaN,NaN
4.375977,-1.620876,-31.37317,223.5909,2.239393,2.961633,0.03864202,0.06326636,0.002340026,0.01784706,-0.9978343,2.275791,2.959641,0.03744328,-0.01722603,-0.1517754,0.9882649,-1,NaN,NaN,NaN,-1,NaN,NaN,NaN
4.394531,-1.69463,-31.37317,223.5909,2.15642,2.961875,0.03892843,0.0638693,0.002756208,0.0154708,-0.9978345,2.202037,2.959641,0.03744328,-0.01722603,-0.1517754,0.9882649,-1,NaN,NaN,NaN,-1,NaN,NaN,NaN
4.417725,-1.858497,-34.46976,245.6243,1.988381,2.963045,0.0394765,0.06347903,0.003035314,0.01124042,-0.9979153,2.033562,2.959847,0.03811681,-0.01566519,-0.1506509,0.9884629,-1,NaN,NaN,NaN,-1,NaN,NaN,NaN
4.436401,-3.350952,-38.09522,271.4207,1.903595,2.964541,0.03964235,0.06253327,0.003597222,0.008053915,-0.998004,1.937354,2.960604,0.03888834,-0.01926377,-0.1495545,0.9885658,-1,NaN,NaN,NaN,-1,NaN,NaN,NaN
4.459473,-3.503315,-38.09517,271.4203,1.732178,2.966801,0.0396231,0.06093109,0.004050009,0.003734045,-0.9981268,1.784984,2.960604,0.03888834,-0.01926377,-0.1495545,0.9885658,-1,NaN,NaN,NaN,-1,NaN,NaN,NaN
4.487183,-8.101132,-33.05103,235.5295,1.561308,2.969321,0.03878305,0.05675353,0.004374675,0.0008712551,-0.9983783,1.611146,2.96228,0.0395118,-0.04073501,-0.1510462,0.9876871,-1,NaN,NaN,NaN,-1,NaN,NaN,NaN
4.515015,-5.530924,-24.3051,173.299,1.388575,2.97279,0.03760928,0.05261427,0.004366376,-0.00116701,-0.9986047,1.435016,2.964746,0.03965092,-0.03968505,-0.1553567,0.987061,-1,NaN,NaN,NaN,-1,NaN,NaN,NaN
4.542847,-4.510751,-20.63316,147.1718,1.215804,2.976866,0.03648101,0.05109239,0.004256487,-0.002367357,-0.9986821,1.258341,2.968051,0.03915477,-0.03868625,-0.1582645,0.9866386,-1,NaN,NaN,NaN,-1,NaN,NaN,NaN
4.570679,-8.394954,-36.08632,257.1266,1.046259,2.98089,0.03532797,0.05352873,0.003898561,-0.003318551,-0.9985532,1.084744,2.971965,0.03798532,-0.03643074,-0.1501021,0.9879991,-1,NaN,NaN,NaN,-1,NaN,NaN,NaN
4.599365,-8.544623,-36.08632,257.1266,0.8778793,2.984588,0.03418937,0.0578117,0.003151044,-0.003683313,-0.9983158,0.9350726,2.971965,0.03798532,-0.03643074,-0.1501021,0.9879991,-1,NaN,NaN,NaN,-1,NaN,NaN,NaN
4.626343,-8.072693,-37.94922,270.3819,0.7113273,2.987891,0.03301866,0.06136924,0.001869865,-0.004104867,-0.9981049,0.7643592,2.976434,0.03655982,-0.03230291,-0.1495994,0.9882189,-1,NaN,NaN,NaN,-1,NaN,NaN,NaN
4.654297,NaN,NaN,NaN,0.5482193,2.990356,0.0317617,0.06328751,0.000537239,-0.004858319,-0.9979834,0.5968417,2.981034,0.03508115,-0.03060059,-0.1442367,0.98907,-1,NaN,NaN,NaN,-1,NaN,NaN,NaN
4.682129,NaN,NaN,NaN,0.3902873,2.991831,0.03056243,0.06273279,-0.001510292,-0.004001496,-0.9980212,0.4341721,2.985252,0.0335927,-0.02962681,-0.1390465,0.9898426,-1,NaN,NaN,NaN,-1,NaN,NaN,NaN
4.709961,NaN,NaN,NaN,0.2392268,2.992699,0.02943347,0.06062223,-0.004144095,-0.002075987,-0.9981501,0.2781346,2.988482,0.03221333,-0.02668339,-0.1372456,0.9901776,-1,NaN,NaN,NaN,-1,NaN,NaN,NaN
4.737793,NaN,NaN,NaN,0.09539939,2.993079,0.02833826,0.05948034,-0.006434001,-0.0005565924,-0.9982086,0.1292773,2.990541,0.0308255,-0.02735186,-0.1429126,0.9893574,-1,NaN,NaN,NaN,-1,NaN,NaN,NaN
4.765991,NaN,NaN,NaN,-0.04674852,2.992726,0.02688925,0.0558413,-0.009012908,0.001909081,-0.9983972,0.002923578,2.990541,0.0308255,-0.02735186,-0.1429126,0.9893574,-1,NaN,NaN,NaN,-1,NaN,NaN,NaN
4.793457,NaN,NaN,NaN,-0.1808611,2.99268,0.02554421,0.05344969,-0.01154482,0.004333224,-0.9984944,-0.1365662,2.99175,0.02940011,-0.0227474,-0.1453895,0.989113,-1,NaN,NaN,NaN,-1,NaN,NaN,NaN
4.821289,-8.731838,-46.75728,333.0546,-0.311389,2.991588,0.02379175,0.05116465,-0.01400432,0.005712577,-0.9985757,-0.2717752,2.991962,0.02791238,-0.02511683,-0.1476991,0.9887134,-1,NaN,NaN,NaN,-1,NaN,NaN,NaN
4.849121,-6.840746,-41.18209,293.385,-0.4387849,2.991371,0.02211348,0.0474175,-0.01612614,0.006986971,-0.9987206,-0.4032799,2.99171,0.02628636,-0.02169427,-0.1488658,0.9886194,-1,NaN,NaN,NaN,-1,NaN,NaN,NaN
4.876953,-5.885456,-37.05981,264.0534,-0.5621716,2.991267,0.02055738,0.04800862,-0.01782082,0.007350005,-0.9986609,-0.5305246,2.990981,0.02439022,-0.02004817,-0.1499451,0.9884911,-1,NaN,NaN,NaN,-1,NaN,NaN,NaN
4.904785,-8.7308,-51.3435,365.6872,-0.6832215,2.991396,0.01913291,0.0493321,-0.0195825,0.007802136,-0.99856,-0.655151,2.990511,0.02237976,-0.02183978,-0.1469409,0.9889042,-1,NaN,NaN,NaN,-1,NaN,NaN,NaN
4.933105,-8.836218,-51.34357,365.6877,-0.8018046,2.991252,0.01792962,0.0518932,-0.02126903,0.008579108,-0.9983892,-0.7605582,2.990511,0.02237976,-0.02183978,-0.1469409,0.9889042,-1,NaN,NaN,NaN,-1,NaN,NaN,NaN
4.960815,NaN,NaN,NaN,-0.9193009,2.990898,0.01665572,0.0534171,-0.02325579,0.01022764,-0.9982491,-0.8814282,2.990298,0.02055645,-0.01943643,-0.1459873,0.9890955,-1,NaN,NaN,NaN,-1,NaN,NaN,NaN
4.988403,NaN,NaN,NaN,-1.03585,2.990196,0.0156095,0.05446565,-0.0251858,0.01233486,-0.9981218,-1.001037,2.990229,0.0189203,-0.01554827,-0.1429688,0.9896051,-1,NaN,NaN,NaN,-1,NaN,NaN,NaN
5.006958,NaN,NaN,NaN,-1.093828,2.989956,0.015229,0.05477428,-0.02600572,0.01312009,-0.9980739,-1.068359,2.990054,0.01745307,-0.01400963,-0.1455825,0.9892469,-1,NaN,NaN,NaN,-1,NaN,NaN,NaN
5.030151,NaN,NaN,NaN,-1.208172,2.990123,0.01452392,0.05497973,-0.02754657,0.01498896,-0.9979949,-1.169998,2.990054,0.01745307,-0.01400963,-0.1455825,0.9892469,-1,NaN,NaN,NaN,-1,NaN,NaN,NaN
5.048462,NaN,NaN,NaN,-1.265489,2.989138,0.01404122,0.05637935,-0.02830376,0.01657927,-0.9978705,-1.236503,2.98956,0.01617479,-0.01555194,-0.1456094,0.9892199,-1,NaN,NaN,NaN,-1,NaN,NaN,NaN
5.072021,NaN,NaN,NaN,-1.378404,2.987439,0.01302402,0.05489751,-0.02950624,0.01924479,-0.9978704,-1.352182,2.988961,0.01509213,-0.01324852,-0.1443022,0.989445,-1,NaN,NaN,NaN,-1,NaN,NaN,NaN
5.09021,NaN,NaN,NaN,-1.434417,2.986814,0.0126186,0.05384462,-0.03010663,0.02122111,-0.9978698,-1.401972,2.988961,0.01509213,-0.01324852,-0.1443022,0.989445,-1,NaN,NaN,NaN,-1,NaN,NaN,NaN
5.113647,NaN,NaN,NaN,-1.54475,2.985753,0.01194796,0.05339626,-0.03129521,0.02534764,-0.997761,-1.515204,2.987737,0.01403511,-0.01410676,-0.1459542,0.9891908,-1,NaN,NaN,NaN,-1,NaN,NaN,NaN
5.132446,NaN,NaN,NaN,-1.597389,2.985153,0.01163918,0.05352594,-0.031739,0.0269466,-0.9976981,-1.561994,2.987737,0.01403511,-0.01410676,-0.1459542,0.9891908,-1,NaN,NaN,NaN,-1,NaN,NaN,NaN
5.155518,-7.393894,-49.67869,353.8414,-1.702167,2.98309,0.01084994,0.05420399,-0.03296727,0.0295184,-0.9975489,-1.670078,2.9863,0.01313972,-0.0159985,-0.1472027,0.988977,-1,NaN,NaN,NaN,-1,NaN,NaN,NaN
5.173584,-6.934851,-48.86131,348.0254,-1.752571,2.98232,0.0105604,0.05415531,-0.03344851,0.03026658,-0.9975131,-1.729488,2.984675,0.01218128,-0.01479247,-0.1473347,0.9889761,-1,NaN,NaN,NaN,-1,NaN,NaN,NaN
5.197632,-7.020952,-48.86131,348.0255,-1.849435,2.981037,0.01016905,0.05646285,-0.03477239,0.03258098,-0.997267,-1.81559,2.984675,0.01218128,-0.01479247,-0.1473347,0.9889761,-1,NaN,NaN,NaN,-1,NaN,NaN,NaN
5.215454,-4.335436,-33.32238,237.4602,-1.894946,2.979885,0.009983532,0.05855154,-0.03568595,0.03360942,-0.9970801,-1.87012,2.982715,0.0112927,-0.01026269,-0.1511321,0.9884603,-1,NaN,NaN,NaN,-1,NaN,NaN,NaN
5.239014,NaN,NaN,NaN,-1.98153,2.976984,0.009410881,0.06135846,-0.03703807,0.03442635,-0.9968341,-1.960414,2.980652,0.01051605,-0.008047908,-0.143767,0.9895788,-1,NaN,NaN,NaN,-1,NaN,NaN,NaN
5.257202,NaN,NaN,NaN,-2.020103,2.975455,0.009179365,0.06218514,-0.03728478,0.03390426,-0.9967916,-1.994701,2.980652,0.01051605,-0.008047908,-0.143767,0.9895788,-1,NaN,NaN,NaN,-1,NaN,NaN,NaN
5.281006,NaN,NaN,NaN,-2.091295,2.972738,0.009168535,0.06470965,-0.03698292,0.03281085,-0.9966787,-2.070338,2.978043,0.00984621,-0.0090794,-0.1412361,0.9899343,-1,NaN,NaN,NaN,-1,NaN,NaN,NaN
5.299561,NaN,NaN,NaN,-2.121319,2.971715,0.009343795,0.06624123,-0.03633915,0.03221012,-0.9966213,-2.097026,2.978043,0.00984621,-0.0090794,-0.1412361,0.9899343,-1,NaN,NaN,NaN,-1,NaN,NaN,NaN
5.322632,NaN,NaN,NaN,-2.175216,2.969413,0.009890947,0.07014679,-0.03525931,0.03258445,-0.9963807,-2.156029,2.975028,0.009496808,-0.01259956,-0.1375169,0.9904193,-1,NaN,NaN,NaN,-1,NaN,NaN,NaN
5.340698,NaN,NaN,NaN,-2.195373,2.967757,0.01015523,0.07212711,-0.03437417,0.03304799,-0.996255,-2.183458,2.971971,0.009500861,-0.01382221,-0.1447339,0.9893741,-1,NaN,NaN,NaN,-1,NaN,NaN,NaN
5.36499,NaN,NaN,NaN,-2.227712,2.964411,0.01061852,0.07447568,-0.03237522,0.03318822,-0.9961445,-2.212204,2.971971,0.009500861,-0.01382221,-0.1447339,0.9893741,-1,NaN,NaN,NaN,-1,NaN,NaN,NaN
5.382324,NaN,NaN,NaN,-2.236761,2.962861,0.01095142,0.07484628,-0.03142311,0.03432325,-0.9961088,-2.227911,2.96872,0.009717464,-0.006431114,-0.1426937,0.989746,-1,NaN,NaN,NaN,-1,NaN,NaN,NaN
5.406128,NaN,NaN,NaN,-2.246425,2.959672,0.01164431,0.07514133,-0.02973335,0.0371747,-0.9960361,-2.242009,2.965236,0.01036167,-0.007188627,-0.1367129,0.9905846,-1,NaN,NaN,NaN,-1,NaN,NaN,NaN
5.424194,NaN,NaN,NaN,-2.243988,2.958041,0.01197102,0.07451216,-0.02883631,0.0387293,-0.9960504,-2.239843,2.965236,0.01036167,-0.007188627,-0.1367129,0.9905846,-1,NaN,NaN,NaN,-1,NaN,NaN,NaN
5.447998,NaN,NaN,NaN,-2.229996,2.954733,0.01260733,0.07334574,-0.02720151,0.04190659,-0.9960544,-2.230616,2.961561,0.0111922,-0.006430103,-0.1447758,0.9894436,-1,NaN,NaN,NaN,-1,NaN,NaN,NaN
5.466675,NaN,NaN,NaN,-2.214282,2.953198,0.01291109,0.07245187,-0.02652881,0.04365836,-0.9960628,-2.216648,2.961561,0.0111922,-0.006430103,-0.1447758,0.9894436,-1,NaN,NaN,NaN,-1,NaN,NaN,NaN
5.489746,-3.759075,-34.53698,246.1026,-2.174967,2.95067,0.01349573,0.07052891,-0.02556986,0.0475317,-0.9960485,-2.182442,2.957752,0.01202142,-0.006333495,-0.1506203,0.9885714,-1,NaN,NaN,NaN,-1,NaN,NaN,NaN
5.507935,-4.123848,-29.08999,207.3452,-2.147932,2.9496,0.01370531,0.06960423,-0.02556637,0.04960648,-0.9960124,-2.156438,2.954104,0.01281357,-0.009377399,-0.152734,0.9882229,-1,NaN,NaN,NaN,-1,NaN,NaN,NaN
5.531982,-4.069276,-29.08998,207.3451,-2.086539,2.946771,0.01395589,0.06720668,-0.02562386,0.0529932,-0.9960012,-2.101867,2.954104,0.01281357,-0.009377399,-0.152734,0.9882229,-1,NaN,NaN,NaN,-1,NaN,NaN,NaN
5.549683,-4.155849,-31.12941,221.8564,-2.049069,2.945219,0.01386672,0.06473158,-0.02588224,0.05435858,-0.9960849,-2.064231,2.95065,0.01348901,-0.00931864,-0.1518346,0.988362,-1,NaN,NaN,NaN,-1,NaN,NaN,NaN
5.573242,-3.59635,-21.77032,155.263,-1.965841,2.942637,0.01368269,0.06037664,-0.02601019,0.0567615,-0.9962211,-1.98344,2.947377,0.01392829,-0.0102594,-0.1572246,0.9875095,-1,NaN,NaN,NaN,-1,NaN,NaN,NaN
5.591431,-3.551414,-21.77034,155.2631,-1.915287,2.941768,0.01367689,0.05838699,-0.02597963,0.05701989,-0.9963256,-1.938503,2.947377,0.01392829,-0.0102594,-0.1572246,0.9875095,-1,NaN,NaN,NaN,-1,NaN,NaN,NaN
5.615112,-2.854311,-19.64513,140.1415,-1.808538,2.93972,0.01357939,0.05641183,-0.02584329,0.05747604,-0.9964168,-1.834273,2.944174,0.01415277,-0.007186396,-0.1591468,0.9872288,-1,NaN,NaN,NaN,-1,NaN,NaN,NaN
5.633911,-2.800277,-19.64513,140.1415,-1.74775,2.938914,0.01342444,0.05637094,-0.02542301,0.05725291,-0.9964427,-1.780238,2.944174,0.01415277,-0.007186396,-0.1591468,0.9872288,-1,NaN,NaN,NaN,-1,NaN,NaN,NaN
5.656982,-1.049222,-22.18721,158.2293,-1.618564,2.938161,0.01301667,0.05516123,-0.02472453,0.057937,-0.9964885,-1.653674,2.941329,0.01407993,0.003773129,-0.1568579,0.987614,-1,NaN,NaN,NaN,-1,NaN,NaN,NaN
5.675171,7.485054,-44.27034,315.3592,-1.545639,2.939115,0.01286126,0.05404095,-0.0245036,0.05872659,-0.9965091,-1.574855,2.938935,0.01375663,0.028402,-0.1479969,0.9885799,-1,NaN,NaN,NaN,-1,NaN,NaN,NaN
5.699219,7.621374,-44.27022,315.3583,-1.39225,2.941295,0.01238251,0.0525733,-0.0249523,0.06146625,-0.9964113,-1.438509,2.938935,0.01375663,0.028402,-0.1479969,0.9885799,-1,NaN,NaN,NaN,-1,NaN,NaN,NaN
5.717163,7.47543,-43.38595,309.0663,-1.30774,2.942649,0.01219919,0.05150585,-0.02566335,0.06293678,-0.9963571,-1.346911,2.937916,0.01333666,0.02821975,-0.1481747,0.9885585,-1,NaN,NaN,NaN,-1,NaN,NaN,NaN
5.740356,6.886613,-37.51206,267.2715,-1.133804,2.945605,0.01170482,0.04998782,-0.02723463,0.06464884,-0.9962831,-1.173132,2.939157,0.01294076,0.02980425,-0.1495852,0.9882995,-1,NaN,NaN,NaN,-1,NaN,NaN,NaN
5.758911,6.968203,-37.512,267.2711,-1.042004,2.947154,0.01141219,0.0491706,-0.02812572,0.06471267,-0.9962949,-1.091532,2.939157,0.01294076,0.02980425,-0.1495852,0.9882995,-1,NaN,NaN,NaN,-1,NaN,NaN,NaN
5.782104,NaN,NaN,NaN,-0.8533512,2.950665,0.0106447,0.04730789,-0.02959421,0.06458479,-0.9963508,-0.9025052,2.941825,0.01236141,0.03014831,-0.1429027,0.9892774,-1,NaN,NaN,NaN,-1,NaN,NaN,NaN
5.801392,NaN,NaN,NaN,-0.7548325,2.95243,0.01021226,0.04624647,-0.03011143,0.06339514,-0.9964616,-0.8149329,2.941825,0.01236141,0.03014831,-0.1429027,0.9892774,-1,NaN,NaN,NaN,-1,NaN,NaN,NaN
5.823853,11.72992,-56.86569,404.9796,-0.5542611,2.955944,0.009425322,0.0438965,-0.0305619,0.06059154,-0.9967285,-0.6133381,2.945383,0.01166809,0.03013879,-0.146042,0.9888192,-1,NaN,NaN,NaN,-1,NaN,NaN,NaN
5.842285,8.148855,-36.38521,259.2536,-0.45083,2.95804,0.009236672,0.04313869,-0.0301513,0.05867225,-0.9968889,-0.4964714,2.949428,0.01088142,0.03295311,-0.1499306,0.9881472,-1,NaN,NaN,NaN,-1,NaN,NaN,NaN
5.866211,8.33514,-36.38521,259.2536,-0.2412598,2.96212,0.008689578,0.04269756,-0.02921545,0.05636025,-0.9970692,-0.3101867,2.949428,0.01088142,0.03295311,-0.1499306,0.9881472,-1,NaN,NaN,NaN,-1,NaN,NaN,NaN
5.883789,12.85,-53.4509,381.1495,-0.1327441,2.964423,0.008483818,0.04284038,-0.0281727,0.05528129,-0.9971534,-0.187481,2.953743,0.01010311,0.0338187,-0.1463114,0.9886603,-1,NaN,NaN,NaN,-1,NaN,NaN,NaN
5.907471,11.16638,-47.44218,337.9281,0.08545667,2.969078,0.008123011,0.04267174,-0.02628614,0.05358921,-0.9973046,0.03391875,2.958465,0.009277463,0.03256647,-0.1474401,0.9885347,-1,NaN,NaN,NaN,-1,NaN,NaN,NaN
5.925537,11.2647,-47.44225,337.9285,0.1960507,2.971606,0.00803634,0.04250959,-0.02507277,0.05341753,-0.9973519,0.1322246,2.958465,0.009277463,0.03256647,-0.1474401,0.9885347,-1,NaN,NaN,NaN,-1,NaN,NaN,NaN
5.949219,8.683282,-45.41492,323.5034,0.4191227,2.976679,0.00807478,0.04236469,-0.02291609,0.05327135,-0.9974178,0.3588817,2.963668,0.00865376,0.02544146,-0.1478572,0.9886814,-1,NaN,NaN,NaN,-1,NaN,NaN,NaN
5.967407,8.784175,-45.41486,323.5029,0.5326391,2.979411,0.008340809,0.0429022,-0.02189786,0.05307133,-0.9974284,0.4597852,2.963668,0.00865376,0.02544146,-0.1478572,0.9886814,-1,NaN,NaN,NaN,-1,NaN,NaN,NaN
5.990967,7.422105,-43.24698,308.0776,0.7594538,2.984215,0.009113256,0.04498086,-0.02009339,0.05212159,-0.9974248,0.6904825,2.969222,0.008271337,0.02160413,-0.1483241,0.9887028,-1,NaN,NaN,NaN,-1,NaN,NaN,NaN
6.008911,7.442611,-52.69752,375.3215,0.8744113,2.98655,0.009749563,0.04643562,-0.01926892,0.05116252,-0.9974242,0.8223311,2.975268,0.008356571,0.01744577,-0.146709,0.9890259,-1,NaN,NaN,NaN,-1,NaN,NaN,NaN
6.033081,7.644553,-52.69751,375.3215,1.101596,2.991092,0.01123297,0.04907311,-0.01782643,0.05004298,-0.9973814,1.024274,2.975268,0.008356571,0.01744577,-0.146709,0.9890259,-1,NaN,NaN,NaN,-1,NaN,NaN,NaN
6.050659,7.332242,-47.78608,340.375,1.215091,2.992606,0.0121019,0.05090266,-0.01693252,0.0496388,-0.9973256,1.155248,2.981292,0.009070873,0.01794664,-0.1474996,0.9888993,-1,NaN,NaN,NaN,-1,NaN,NaN,NaN
6.074585,4.950127,-35.5997,253.6643,1.440328,2.995511,0.01394393,0.05090335,-0.01485901,0.04790436,-0.9974433,1.385729,2.986866,0.01044524,0.01389104,-0.1503782,0.9885309,-1,NaN,NaN,NaN,-1,NaN,NaN,NaN
6.092529,5.049372,-35.5997,253.6643,1.55198,2.99667,0.01510948,0.05089214,-0.01362898,0.04693465,-0.9975076,1.484975,2.986866,0.01044524,0.01389104,-0.1503782,0.9885309,-1,NaN,NaN,NaN,-1,NaN,NaN,NaN
6.116333,6.167308,-48.03033,342.1129,1.772669,2.998141,0.01735317,0.05047216,-0.01119629,0.0456033,-0.997621,1.711318,2.9913,0.01235282,0.01288182,-0.1474984,0.9889784,-1,NaN,NaN,NaN,-1,NaN,NaN,NaN
6.134399,6.26398,-48.03073,342.1156,1.881386,2.998654,0.01855915,0.04929887,-0.009834185,0.04491145,-0.9977254,1.807955,2.9913,0.01235282,0.01288182,-0.1474984,0.9889784,-1,NaN,NaN,NaN,-1,NaN,NaN,NaN
6.158325,5.790891,-47.5285,338.5422,2.0948,2.998887,0.02091863,0.04759632,-0.007173137,0.04377761,-0.9978812,2.027581,2.994731,0.01469636,0.01099426,-0.1476003,0.988986,-1,NaN,NaN,NaN,-1,NaN,NaN,NaN
6.176025,5.206368,-26.46212,188.647,2.199194,2.998769,0.02218428,0.0459394,-0.005562447,0.04295988,-0.9980046,2.149785,2.996846,0.01735604,0.01600802,-0.1542834,0.987897,-1,NaN,NaN,NaN,-1,NaN,NaN,NaN
6.200195,5.388945,-26.46189,188.6455,2.404618,2.998366,0.02460371,0.04467151,-0.002096444,0.04050852,-0.9981779,2.332385,2.996846,0.01735604,0.01600802,-0.1542834,0.987897,-1,NaN,NaN,NaN,-1,NaN,NaN,NaN
6.21814,4.231864,-21.43447,152.8734,2.504418,2.997266,0.02589471,0.04518354,0.0002427176,0.03858626,-0.9982333,2.449814,2.997678,0.02003217,0.01151165,-0.1578265,0.9873998,-1,NaN,NaN,NaN,-1,NaN,NaN,NaN
6.241699,3.91985,-17.32242,123.6145,2.699052,2.99639,0.02886699,0.04370859,0.004569858,0.03602162,-0.9983843,2.650697,2.997486,0.02293015,0.01013236,-0.1622253,0.9867017,-1,NaN,NaN,NaN,-1,NaN,NaN,NaN
6.259644,4.004686,-17.32242,123.6145,2.794493,2.996379,0.03053677,0.04481296,0.006841131,0.03549396,-0.9983413,2.735534,2.997486,0.02293015,0.01013236,-0.1622253,0.9867017,-1,NaN,NaN,NaN,-1,NaN,NaN,NaN
6.283447,3.305346,-17.0302,121.5353,2.978442,2.994904,0.03360789,0.0469524,0.01110569,0.03471716,-0.9982319,2.92592,2.99643,0.02617455,0.003081021,-0.1626212,0.9866838,-1,NaN,NaN,NaN,-1,NaN,NaN,NaN
6.301636,3.383381,-17.0302,121.5353,3.066232,2.993232,0.03501808,0.04602388,0.01331536,0.03454059,-0.9982542,3.003955,2.99643,0.02617455,0.003081021,-0.1626212,0.9866838,-1,NaN,NaN,NaN,-1,NaN,NaN,NaN
6.325195,2.43575,-25.07089,178.748,3.237816,2.992241,0.0381882,0.04513091,0.01679099,0.03506012,-0.9982245,3.182286,2.995384,0.02975547,-0.004126559,-0.1551393,0.987884,-1,NaN,NaN,NaN,-1,NaN,NaN,NaN
6.34314,3.239573,-31.80752,226.6815,3.321023,2.991777,0.04014295,0.04676264,0.01814147,0.03519659,-0.998121,3.280733,2.993599,0.03318179,-0.0001795018,-0.1517681,0.9884161,-1,NaN,NaN,NaN,-1,NaN,NaN,NaN
6.367065,3.382175,-31.80761,226.6822,3.481451,2.990417,0.04382625,0.04922342,0.02077947,0.03460796,-0.9979718,3.423335,2.993599,0.03318179,-0.0001795018,-0.1517681,0.9884161,-1,NaN,NaN,NaN,-1,NaN,NaN,NaN
6.38501,2.428025,-35.11911,250.2447,3.557557,2.989163,0.04563949,0.04991002,0.02190561,0.03391696,-0.9979373,3.51438,2.991839,0.03709948,-0.004292274,-0.1505792,0.9885887,-1,NaN,NaN,NaN,-1,NaN,NaN,NaN
6.408691,1.759851,-30.09247,214.4784,3.704368,2.986336,0.04918336,0.04995169,0.02410905,0.03263209,-0.9979272,3.667046,2.990207,0.04138422,-0.008789635,-0.1524671,0.9882694,-1,NaN,NaN,NaN,-1,NaN,NaN,NaN
6.426758,1.821783,-30.09245,214.4783,3.77404,2.984891,0.05082675,0.04915841,0.02486417,0.03160634,-0.9979811,3.728977,2.990207,0.04138422,-0.008789635,-0.1524671,0.9882694,-1,NaN,NaN,NaN,-1,NaN,NaN,NaN
6.450439,0.1580158,-30.40032,216.6688,3.909341,2.982717,0.05433301,0.04857676,0.02614582,0.0290134,-0.9980556,3.870084,2.987876,0.04564309,-0.01693364,-0.1523097,0.9881877,-1,NaN,NaN,NaN,-1,NaN,NaN,NaN
6.468628,0.213877,-30.40037,216.6691,3.97219,2.980882,0.05622639,0.04968783,0.02670854,0.02650354,-0.9980559,3.92595,2.987876,0.04564309,-0.01693364,-0.1523097,0.9881877,-1,NaN,NaN,NaN,-1,NaN,NaN,NaN
6.492188,-7.96558,-34.28119,244.2826,4.091777,2.976965,0.0595915,0.04882393,0.02823583,0.02217009,-0.998162,4.051744,2.984923,0.04974723,-0.04858394,-0.1506604,0.987391,-1,NaN,NaN,NaN,-1,NaN,NaN,NaN
6.510498,-8.688845,-32.6966,233.0077,4.147526,2.975187,0.06128173,0.04880718,0.02890431,0.02039918,-0.9981816,4.119279,2.981559,0.05410409,-0.05426763,-0.1511673,0.9870175,-1,NaN,NaN,NaN,-1,NaN,NaN,NaN
6.534058,-8.59457,-32.69655,233.0074,4.253567,2.970815,0.06453995,0.04918955,0.03023262,0.01680768,-0.9981903,4.213537,2.981559,0.05410409,-0.05426763,-0.1511673,0.9870175,-1,NaN,NaN,NaN,-1,NaN,NaN,NaN
6.552246,-7.803648,-31.07439,221.4651,4.301398,2.96881,0.06601508,0.04901132,0.03089712,0.01492449,-0.9982086,4.272567,2.977475,0.05832851,-0.05383108,-0.15179,0.9869458,-1,NaN,NaN,NaN,-1,NaN,NaN,NaN
6.575806,-5.730378,-24.28356,173.1459,4.390472,2.96413,0.06898244,0.04951222,0.03224434,0.01174814,-0.9981838,4.366704,2.972935,0.06231463,-0.05753085,-0.1553012,0.9861905,-1,NaN,NaN,NaN,-1,NaN,NaN,NaN
6.593872,-5.695928,-24.28358,173.146,4.429235,2.961623,0.07041533,0.0497793,0.03302933,0.01085603,-0.998155,4.40116,2.972935,0.06231463,-0.05753085,-0.1553012,0.9861905,-1,NaN,NaN,NaN,-1,NaN,NaN,NaN
6.617676,-6.552675,-24.59191,175.3399,4.498442,2.956423,0.0731865,0.05084645,0.03412569,0.00996815,-0.9980735,4.476089,2.9678,0.06608725,-0.06203958,-0.1550304,0.9859598,-1,NaN,NaN,NaN,-1,NaN,NaN,NaN
6.635742,-6.528594,-24.5919,175.3398,4.525525,2.953804,0.07449506,0.05084923,0.03431939,0.009905725,-0.9980674,4.500163,2.9678,0.06608725,-0.06203958,-0.1550304,0.9859598,-1,NaN,NaN,NaN,-1,NaN,NaN,NaN
6.659302,-8.825786,-28.01213,199.676,4.570901,2.949238,0.0770871,0.05076682,0.03469593,0.008334005,-0.9980729,4.552087,2.962106,0.06964982,-0.06608386,-0.1530062,0.9860132,-1,NaN,NaN,NaN,-1,NaN,NaN,NaN
6.677612,-10.32014,-30.12363,214.7001,4.586313,2.94727,0.07820266,0.05031935,0.03480338,0.007159112,-0.9981009,4.575246,2.956066,0.07296228,-0.06843053,-0.1519707,0.9860133,-1,NaN,NaN,NaN,-1,NaN,NaN,NaN
6.701172,-10.30494,-30.12363,214.7001,4.603408,2.943567,0.08023928,0.04852075,0.03518568,0.005618714,-0.9981864,4.590441,2.956066,0.07296228,-0.06843053,-0.1519707,0.9860133,-1,NaN,NaN,NaN,-1,NaN,NaN,NaN
6.719116,-10.14076,-29.52419,210.4348,4.602009,2.941561,0.08091702,0.04656171,0.03513086,0.006095157,-0.9982789,4.596319,2.950335,0.07596672,-0.06907132,-0.1522051,0.9859324,-1,NaN,NaN,NaN,-1,NaN,NaN,NaN
6.74292,-17.94045,-45.01618,320.666,4.590732,2.938018,0.08207745,0.04213573,0.03479106,0.00521101,-0.9984924,4.590466,2.945281,0.07876849,-0.0693393,-0.1476023,0.9866132,-1,NaN,NaN,NaN,-1,NaN,NaN,NaN
6.761108,-17.95365,-45.01624,320.6664,4.575924,2.936997,0.08271069,0.04046351,0.03442501,0.00348127,-0.9985818,4.577303,2.945281,0.07876849,-0.0693393,-0.1476023,0.9866132,-1,NaN,NaN,NaN,-1,NaN,NaN,NaN
6.784668,-8.676777,-26.91506,191.8699,4.533795,2.935899,0.08405383,0.04087096,0.03365891,0.0005566834,-0.9985972,4.540991,2.940679,0.08089137,-0.06794073,-0.1534617,0.9858162,-1,NaN,NaN,NaN,-1,NaN,NaN,NaN
6.802734,-8.705009,-26.9151,191.8702,4.502053,2.935535,0.08487509,0.04380658,0.03326812,-0.0005066178,-0.9984859,4.512776,2.940679,0.08089137,-0.06794073,-0.1534617,0.9858162,-1,NaN,NaN,NaN,-1,NaN,NaN,NaN
6.826416,-9.518581,-25.51684,181.9211,4.429818,2.934033,0.08590318,0.04846875,0.03314681,-0.003447644,-0.9982687,4.446642,2.937116,0.08260882,-0.07565932,-0.1541549,0.9851457,-1,NaN,NaN,NaN,-1,NaN,NaN,NaN
6.844482,-12.13555,-33.57351,239.2473,4.385024,2.932858,0.08623081,0.04986933,0.0335112,-0.005609892,-0.9981776,4.401653,2.935042,0.0842042,-0.06819516,-0.1505519,0.9862472,-1,NaN,NaN,NaN,-1,NaN,NaN,NaN
6.868286,-12.22428,-33.57346,239.247,4.285184,2.930881,0.08676405,0.05098062,0.03430848,-0.01001748,-0.9980599,4.312906,2.935042,0.0842042,-0.06819516,-0.1505519,0.9862472,-1,NaN,NaN,NaN,-1,NaN,NaN,NaN
6.886353,-24.69875,-53.38046,380.181,4.226211,2.929544,0.08686177,0.0507013,0.03504378,-0.01180682,-0.9980291,4.252126,2.933347,0.08553755,-0.07513196,-0.146143,0.9864063,-1,NaN,NaN,NaN,-1,NaN,NaN,NaN
6.910034,-12.33932,-30.65909,218.51,4.098153,2.927152,0.08695896,0.04870906,0.03673511,-0.01515076,-0.9980223,4.126923,2.931256,0.08648348,-0.07430481,-0.1515783,0.9856485,-1,NaN,NaN,NaN,-1,NaN,NaN,NaN
6.927979,-12.40486,-30.65886,218.5086,4.024291,2.926634,0.08705507,0.04663049,0.03795592,-0.0162301,-0.9980589,4.061267,2.931256,0.08648348,-0.07430481,-0.1515783,0.9856485,-1,NaN,NaN,NaN,-1,NaN,NaN,NaN
6.951782,-10.38393,-25.6105,182.5874,3.868755,2.926767,0.08717115,0.04395634,0.04022693,-0.01809316,-0.9980593,3.908431,2.928757,0.08708501,-0.07714322,-0.154041,0.9850484,-1,NaN,NaN,NaN,-1,NaN,NaN,NaN
6.969849,-8.0373,-19.36285,138.1331,3.781322,2.927555,0.08719538,0.04366679,0.04167457,-0.01876807,-0.9980001,3.813415,2.926584,0.08724821,-0.08444585,-0.1588301,0.9836879,4,-5.7,-17.16207,137.7684,5,5.7,-35.41827,267.668
6.99353,-8.200623,-19.36285,138.1331,3.597586,2.929161,0.08689441,0.04168774,0.0447441,-0.02071061,-0.9979135,3.650094,2.926584,0.08724821,-0.08444585,-0.1588301,0.9836879,4,-5.7,-16.84793,135.5332,5,5.7,-35.10413,265.4328
7.011841,-10.9106,-23.3022,166.1631,3.496598,2.931011,0.08655122,0.03982811,0.04653586,-0.02169028,-0.9978866,3.540049,2.926138,0.08730221,-0.08563145,-0.1554235,0.9841294,4,-5.7,-16.60695,133.8185,5,5.7,-34.86314,263.7181
7.035278,-11.09546,-23.30222,166.1632,3.288641,2.934168,0.0854999,0.03764327,0.05004265,-0.02308696,-0.9977704,3.355198,2.926138,0.08730221,-0.08563145,-0.1554235,0.9841294,4,-5.7,-16.29746,131.6163,5,5.7,-34.55365,261.5159
7.053467,-11.51762,-22.24514,158.6417,3.177894,2.935718,0.0845369,0.03576014,0.05208969,-0.02354314,-0.9977242,3.233581,2.927513,0.08708203,-0.09149916,-0.1561417,0.9834875,4,-5.7,-16.05675,129.9036,5,5.7,-34.31294,259.8032
7.077148,-11.20686,-21.92406,156.3571,2.947376,2.93938,0.0823555,0.0327645,0.05567858,-0.02368272,-0.99763,3.002723,2.930514,0.08628821,-0.08944057,-0.1564443,0.9836287,4,-5.7,-15.74274,127.6693,5,5.7,-33.99892,257.5689
7.095215,-11.31599,-21.92408,156.3572,2.824618,2.941626,0.08110879,0.03199912,0.05730602,-0.02268847,-0.9975858,2.893604,2.930514,0.08628821,-0.08944057,-0.1564443,0.9836287,4,-5.7,-15.50487,125.9768,5,5.7,-33.76106,255.8764
7.119019,-7.74924,-16.14546,115.2402,2.573571,2.946133,0.0782889,0.03233922,0.060636,-0.02093855,-0.9974162,2.641848,2.934466,0.0846107,-0.08867083,-0.1628158,0.982664,4,-5.7,-15.18898,123.7291,5,5.7,-33.44517,253.6287
7.136841,-10.142,-20.00744,142.7197,2.441165,2.948529,0.07668859,0.03329807,0.0619159,-0.01943926,-0.9973363,2.49321,2.939124,0.08206713,-0.08712551,-0.158227,0.9835514,4,-5.7,-14.95369,122.0549,5,5.7,-33.20988,251.9545
7.160522,-10.38227,-20.00744,142.7197,2.170863,2.953402,0.07343926,0.03438558,0.06403641,-0.01673662,-0.9972146,2.252942,2.939124,0.08206713,-0.08712551,-0.158227,0.9835514,4,-5.7,-14.64128,119.832,5,5.7,-32.89747,249.7316
7.178589,-12.22915,-21.80681,155.5228,2.030545,2.956166,0.07171959,0.0348935,0.06430816,-0.01565249,-0.997197,2.095032,2.944446,0.07896256,-0.09062926,-0.1566015,0.983495,4,-5.7,-14.40221,118.1309,5,5.7,-32.65839,248.0305
7.202393,-12.48174,-21.80681,155.5228,1.746391,2.961435,0.06805056,0.03643,0.0643614,-0.01417754,-0.9971607,1.842451,2.944446,0.07896256,-0.09062926,-0.1566015,0.983495,4,-5.7,-14.0878,115.8938,5,5.7,-32.34399,245.7934
7.220215,-19.86069,-35.64952,254.0188,1.599304,2.964095,0.0661214,0.03688848,0.06332687,-0.01331528,-0.997222,1.67655,2.950206,0.07519281,-0.0835548,-0.1497496,0.9851871,4,-5.7,-13.85224,114.2177,5,5.7,-32.10843,244.1173
7.244019,NaN,NaN,NaN,1.302454,2.969717,0.0622189,0.03733383,0.06095177,-0.01142591,-0.9973769,1.375853,2.956344,0.07097912,-0.07340258,-0.1456108,0.9866152,4,-5.7,-13.53669,111.9724,5,5.7,-31.79287,241.872
7.262085,NaN,NaN,NaN,1.15169,2.972419,0.06014542,0.03773246,0.05937105,-0.01114796,-0.9974604,1.241841,2.956344,0.07097912,-0.07340258,-0.1456108,0.9866152,4,-5.7,-13.29832,110.2763,5,5.7,-31.5545,240.1759
7.285645,NaN,NaN,NaN,0.8503826,2.977081,0.05571879,0.0375275,0.05652481,-0.01110892,-0.9976339,0.9357051,2.962739,0.06650054,-0.07085634,-0.1444763,0.9869681,4,-5.7,-12.98636,108.0566,5,5.7,-31.24254,237.9562
7.303589,NaN,NaN,NaN,0.6974111,2.979299,0.05344012,0.03683256,0.05485956,-0.01119772,-0.9977517,0.7603459,2.96914,0.06173348,-0.06400598,-0.1422756,0.9877555,4,-5.7,-12.74904,106.368,5,5.7,-31.00523,236.2676
7.327515,NaN,NaN,NaN,0.3922105,2.983427,0.04885554,0.03702526,0.0517331,-0.01015357,-0.9979227,0.4890565,2.96914,0.06173348,-0.06400598,-0.1422756,0.9877555,4,-5.7,-12.4332,104.1207,5,5.7,-30.68938,234.0203
7.345337,-24.96542,-58.03973,413.3334,0.2397184,2.985433,0.04660914,0.03717929,0.0500653,-0.009723817,-0.9980063,0.3133826,2.975076,0.05658591,-0.06040035,-0.1457868,0.9874705,4,-5.7,-12.19681,102.4387,5,5.7,-30.45299,232.3383
7.369263,-25.70416,-57.99326,413.0027,-0.06373712,2.989345,0.04226845,0.0387936,0.04704409,-0.008958746,-0.998099,0.003151136,2.980393,0.05120885,-0.06146843,-0.1457934,0.9874036,4,-5.7,-11.88046,100.1878,5,5.7,-30.13664,230.0873
7.387207,-25.83919,-57.99318,413.0022,-0.2156896,2.991168,0.04019174,0.04012955,0.04551097,-0.008364723,-0.9981225,-0.1319178,2.980393,0.05120885,-0.06146843,-0.1457934,0.9874036,4,-5.7,-11.643,98.49817,5,5.7,-29.89919,228.3977
7.411011,-20.2284,-42.88703,305.5164,-0.5182748,2.99519,0.0363196,0.04272623,0.04240297,-0.006747652,-0.9981638,-0.441484,2.98538,0.04585397,-0.06392593,-0.1482008,0.9868891,4,-5.7,-11.32871,96.26188,5,5.7,-29.58489,226.1614
7.429077,-20.36142,-42.88708,305.5168,-0.667886,2.995711,0.03437302,0.04503288,0.04063776,-0.005338766,-0.9981444,-0.5744717,2.98538,0.04585397,-0.06392593,-0.1482008,0.9868891,4,-5.7,-11.08998,94.56319,5,5.7,-29.34616,224.4628
7.452759,NaN,NaN,NaN,-0.9647163,2.997514,0.03068688,0.04541314,0.03690857,-0.003665111,-0.9982796,-0.8787725,2.990036,0.0407716,-0.06003924,-0.144749,0.9876452,4,-5.7,-10.77621,92.33058,5,5.7,-29.03239,222.2301
7.470947,NaN,NaN,NaN,-1.111836,2.998613,0.02913903,0.04699498,0.03516318,-0.003282692,-0.9982707,-1.049615,2.993574,0.03601778,-0.05346803,-0.1436776,0.9881791,4,-5.7,-10.53726,90.63039,5,5.7,-28.79344,220.53
7.494629,NaN,NaN,NaN,-1.402984,2.999096,0.02610784,0.05003088,0.03172728,-0.002548181,-0.9982404,-1.308413,2.993574,0.03601778,-0.05346803,-0.1436776,0.9881791,4,-5.7,-10.22371,88.3994,5,5.7,-28.4799,218.299
7.512695,NaN,NaN,NaN,-1.548518,2.999934,0.02491936,0.05094002,0.03016493,-0.00220126,-0.9982437,-1.477385,2.996171,0.03166759,-0.04624197,-0.1392873,0.9891717,4,-5.7,-9.985217,86.7024,5,5.7,-28.2414,216.6019
7.536377,NaN,NaN,NaN,-1.833957,3.000113,0.02266329,0.05425059,0.02693789,-0.001622731,-0.9981626,-1.770307,2.998009,0.02795279,-0.04390998,-0.1410026,0.989035,4,-5.7,-9.672103,84.47448,5,5.7,-27.92829,214.374
7.554321,NaN,NaN,NaN,-1.974632,2.99997,0.02154892,0.05505602,0.02513266,-0.001459737,-0.9981659,-1.895351,2.998009,0.02795279,-0.04390998,-0.1410026,0.989035,4,-5.7,-9.43349,82.77666,5,5.7,-27.68967,212.6762
7.578247,-12.85,-30.5026,219.8443,-2.252221,2.999318,0.01961002,0.05596099,0.02152731,-0.001095177,-0.9982003,-2.180536,2.998877,0.02471769,-0.04792817,-0.1504916,0.9874488,4,-5.7,-9.117401,80.52758,5,5.7,-27.37358,210.4271
7.596069,-12.85,-30.12015,217.3348,-2.389248,2.999742,0.01895957,0.05545922,0.01978252,-0.001022733,-0.9982645,-2.302338,2.998877,0.02471769,-0.04792817,-0.1504916,0.9874488,4,-5.7,-8.8827,78.85759,5,5.7,-27.13888,208.7571
7.619995,NaN,NaN,NaN,-2.658638,2.999696,0.0177464,0.05835419,0.0159393,0.0009768317,-0.9981682,-2.579494,2.998902,0.02197838,-0.04066947,-0.1460377,0.9884427,4,-5.7,-8.566354,76.60667,5,5.7,-26.82254,206.5062
7.637939,NaN,NaN,NaN,-2.792361,2.998678,0.01745414,0.05811461,0.01350071,0.002330443,-0.9982159,-2.735293,2.998875,0.01989663,-0.03665868,-0.1449512,0.9887595,4,-5.7,-8.327859,74.9097,5,5.7,-26.58404,204.8092
7.661743,NaN,NaN,NaN,-3.052262,2.999384,0.01676193,0.05775072,0.009892352,0.003818151,-0.9982747,-2.966316,2.998875,0.01989663,-0.03665868,-0.1449512,0.9887595,4,-5.7,-8.013824,72.67522,5,5.7,-26.27001,202.5748
7.679565,NaN,NaN,NaN,-3.180912,2.998724,0.01658834,0.05931697,0.007711582,0.004909966,-0.9981974,-3.116777,2.998572,0.01844788,-0.03674113,-0.1457072,0.9886453,4,-5.7,-7.777583,70.99428,5,5.7,-26.03377,200.8938
7.703491,NaN,NaN,NaN,-3.434698,2.998037,0.01603903,0.05906597,0.003633223,0.007476716,-0.9982195,-3.377541,2.998166,0.01733625,-0.03478082,-0.1453569,0.9887678,4,-5.7,-7.46262,68.7532,5,5.7,-25.7188,198.6528
7.721558,NaN,NaN,NaN,-3.558074,2.998021,0.01591594,0.05891466,0.001863897,0.00842521,-0.9982258,-3.487209,2.998166,0.01733625,-0.03478082,-0.1453569,0.9887678,4,-5.7,-7.222595,67.04533,5,5.7,-25.47878,196.9449
7.745239,-12.85,-45.03764,324.253,-3.804158,2.99743,0.01569241,0.05900619,-0.001586504,0.01004179,-0.9982059,-3.740252,2.997565,0.01661062,-0.02778194,-0.1464926,0.9888216,4,-5.7,-6.910152,64.82218,5,5.7,-25.16634,194.7217
7.763428,-12.85,-44.46721,320.4026,-3.925863,2.997597,0.01568542,0.0596589,-0.002943113,0.01090524,-0.9981549,-3.848434,2.997565,0.01661062,-0.02778194,-0.1464926,0.9888216,4,-5.7,-6.669284,63.10832,5,5.7,-24.92547,193.0079
7.786987,-9.531498,-31.15209,222.018,-4.164958,2.997324,0.0158269,0.06235008,-0.005643472,0.01255729,-0.9979594,-4.094489,2.996932,0.01594913,-0.024199,-0.1519904,0.9880857,4,-5.7,-6.358166,60.8946,5,5.7,-24.61435,190.7942
7.805054,-11.12238,-34.25333,244.0845,-4.283311,2.996547,0.01563144,0.06277195,-0.006647258,0.01306756,-0.9979202,-4.232405,2.996558,0.01579571,-0.02789565,-0.1508148,0.9881684,4,-5.7,-6.119841,59.19883,5,5.7,-24.37603,189.0984
7.828735,-11.32937,-34.25334,244.0845,-4.51617,2.995554,0.01551845,0.06290587,-0.008400679,0.01465717,-0.9978765,-4.43939,2.996558,0.01579571,-0.02789565,-0.1508148,0.9881684,4,-5.7,-5.805323,56.96091,5,5.7,-24.06151,186.8605
7.846802,-12.268,-43.29863,308.4451,-4.631127,2.995133,0.01551364,0.06406381,-0.009052619,0.0155625,-0.9977834,-4.573558,2.996033,0.01581991,-0.0246633,-0.1483902,0.9886213,4,-5.7,-5.566965,55.26491,5,5.7,-23.82315,185.1645
7.870605,-11.14722,-37.50849,267.2462,-4.857357,2.994901,0.01554262,0.06583121,-0.01000244,0.01640042,-0.9976459,-4.805998,2.995053,0.01577461,-0.02345499,-0.1498151,0.9884358,4,-5.7,-5.253095,53.03161,5,5.7,-23.50928,182.9312
7.888672,-11.24569,-37.50848,267.2461,-4.968133,2.994532,0.01547458,0.06754875,-0.009936988,0.01645838,-0.9975307,-4.904466,2.995053,0.01577461,-0.02345499,-0.1498151,0.9884358,4,-5.7,-5.013571,51.32731,5,5.7,-23.26976,181.2269
7.912231,-10.46931,-35.37362,252.0558,-5.185195,2.993451,0.01517672,0.06937791,-0.009914912,0.01682458,-0.9973993,-5.128112,2.994152,0.01576328,-0.02094588,-0.1504621,0.9883939,4,-5.7,-4.701615,49.10763,5,5.7,-22.9578,179.0072
7.930542,-10.56385,-35.37362,252.0558,-5.291553,2.992766,0.0150218,0.06975614,-0.009751573,0.01742787,-0.9973642,-5.222652,2.994152,0.01576328,-0.02094588,-0.1504621,0.9883939,4,-5.7,-4.459343,47.38377,5,5.7,-22.71553,177.2833
7.954102,-9.058039,-25.9436,184.9576,-5.498969,2.992308,0.01473428,0.07031533,-0.009606153,0.01894115,-0.9972987,-5.436813,2.993391,0.01563072,-0.01934134,-0.1545555,0.9877948,4,-5.7,-4.147869,45.16752,5,5.7,-22.40406,175.0671
7.97229,-9.071322,-32.23657,229.7345,-5.599546,2.991945,0.01457317,0.0707959,-0.009605214,0.02014936,-0.9972411,-5.555092,2.992342,0.01535273,-0.01512802,-0.151567,0.9883312,4,-5.7,-3.907669,43.45841,5,5.7,-22.16386,173.358
7.995972,-9.245252,-32.23653,229.7342,-5.795222,2.990517,0.01419974,0.07104028,-0.009816459,0.02242002,-0.9971731,-5.729026,2.992342,0.01535273,-0.01512802,-0.151567,0.9883312,4,-5.7,-3.595685,41.23853,5,5.7,-21.85187,171.1381
8.01416,-8.141741,-38.96129,277.5833,-5.889275,2.989582,0.01399346,0.07052488,-0.01008809,0.02386152,-0.9971736,-5.840433,2.991494,0.01509988,-0.008197569,-0.1494417,0.9887366,4,-5.7,-3.354034,39.51909,5,5.7,-21.61022,169.4187
8.037842,-7.837903,-29.14855,207.762,-6.073632,2.987594,0.01358783,0.07102954,-0.01109005,0.02701621,-0.9970466,-6.03097,2.990204,0.01469815,-0.008595169,-0.1528769,0.9882079,4,-5.7,-3.042131,37.29979,5,5.7,-21.29832,167.1994
8.055908,-7.916988,-29.14855,207.762,-6.162602,2.986005,0.01341606,0.07201527,-0.01238805,0.02909278,-0.9969022,-6.110055,2.990204,0.01469815,-0.008595169,-0.1528769,0.9882079,4,-5.7,-2.802381,35.59388,5,5.7,-21.05857,165.4935
8.079834,-7.401196,-25.46229,181.5329,-6.334979,2.982915,0.01322586,0.07373443,-0.01493254,0.03209631,-0.9966495,-6.288747,2.988175,0.01416743,-0.00605452,-0.1548424,0.9879206,4,-5.7,-2.486304,33.34487,5,5.7,-20.74249,163.2444
8.098022,-7.474775,-25.46229,181.5329,-6.417756,2.9816,0.01329067,0.0755477,-0.01656302,0.03304968,-0.9964567,-6.362327,2.988175,0.01416743,-0.00605452,-0.1548424,0.9879206,4,-5.7,-2.245506,31.63151,5,5.7,-20.50169,161.5311
8.121216,-4.850796,-37.67543,268.434,-6.576931,2.977703,0.01321858,0.0794863,-0.01936683,0.03450302,-0.9960504,-6.528027,2.985273,0.01372087,0.006177934,-0.14977,0.9887016,4,-5.7,-1.939663,29.45532,5,5.7,-20.19585,159.3549
8.139282,NaN,NaN,NaN,-6.652148,2.974639,0.01309557,0.08105089,-0.02091157,0.03470774,-0.995886,-6.617867,2.981582,0.01346612,0.03890898,-0.1426285,0.9890112,4,-5.7,-1.699775,27.74843,5,5.7,-19.95596,157.648
8.162842,NaN,NaN,NaN,-6.794933,2.969357,0.01297417,0.0823599,-0.02400263,0.03532714,-0.9956871,-6.744787,2.981582,0.01346612,0.03890898,-0.1426285,0.9890112,4,-5.7,-1.389365,25.53975,5,5.7,-19.64555,155.4393
8.181152,NaN,NaN,NaN,-6.857641,2.967268,0.01288018,0.0820656,-0.02549409,0.03470423,-0.9956962,-6.822039,2.976999,0.01335537,0.05844263,-0.1369633,0.9888507,4,-5.7,-1.146441,23.81125,5,5.7,-19.40263,153.7108
8.20459,NaN,NaN,NaN,-6.975709,2.962481,0.01251439,0.08198035,-0.02839764,0.03330115,-0.9956726,-6.946757,2.971412,0.01325142,0.06493096,-0.1398164,0.9880462,4,-5.7,-0.836129,21.60327,5,5.7,-19.09231,151.5028
8.223022,NaN,NaN,NaN,-7.026653,2.959389,0.01221552,0.08140432,-0.02947409,0.03218397,-0.9957253,-6.992041,2.971412,0.01325142,0.06493096,-0.1398164,0.9880462,4,-5.7,-0.5922801,19.86819,5,5.7,-18.84846,149.7678
8.246338,NaN,NaN,NaN,-7.118904,2.953897,0.01173064,0.07888196,-0.0320416,0.03154382,-0.9958695,-7.091587,2.965595,0.01307738,0.07142111,-0.1386076,0.9877687,4,-5.7,-0.2852547,17.6836,5,5.7,-18.54144,147.5832
8.265381,NaN,NaN,NaN,-7.154376,2.951657,0.0113828,0.07788005,-0.03313243,0.03090837,-0.9959326,-7.123118,2.965595,0.01307738,0.07142111,-0.1386076,0.9877687,4,-5.7,-0.0332182,15.89026,5,5.7,-18.2894,145.7898
8.288086,NaN,NaN,NaN,-7.21327,2.946755,0.01035552,0.07683117,-0.03540179,0.03007236,-0.9959615,-7.190494,2.959304,0.01280856,0.0693072,-0.1434363,0.9872298,4,-5.7,0.2667613,13.7558,5,5.7,-17.98942,143.6554
8.306519,NaN,NaN,NaN,-7.23138,2.943991,0.009628357,0.07556755,-0.03669813,0.03031867,-0.9960039,-7.218615,2.95302,0.01196599,0.07567733,-0.1397271,0.9872939,4,-5.7,0.511595,12.01372,5,5.7,-17.74459,141.9133
8.330078,NaN,NaN,NaN,-7.256235,2.938598,0.008255525,0.07399572,-0.03902855,0.03074546,-0.9960202,-7.240707,2.95302,0.01196599,0.07567733,-0.1397271,0.9872939,4,-5.7,0.8217818,9.806623,5,5.7,-17.4344,139.7062
8.348145,NaN,NaN,NaN,-7.255336,2.93599,0.007511239,0.07446809,-0.03975136,0.03086884,-0.9959526,-7.248592,2.94688,0.01077235,0.08131685,-0.1419798,0.9865239,4,-5.7,1.061414,8.101553,5,5.7,-17.19477,138.0011
8.371582,NaN,NaN,NaN,-7.243626,2.930737,0.006187228,0.07561419,-0.0416416,0.03245088,-0.9957387,-7.24318,2.940602,0.009055734,0.08482062,-0.143133,0.986062,4,-5.7,1.371961,5.891897,5,5.7,-16.88422,135.7915
8.390015,NaN,NaN,NaN,-7.226592,2.928391,0.005826749,0.07692578,-0.04234605,0.03391733,-0.9955596,-7.228039,2.940602,0.009055734,0.08482062,-0.143133,0.986062,4,-5.7,1.615292,4.160507,5,5.7,-16.64089,134.0601
8.41333,NaN,NaN,NaN,-7.178047,2.923671,0.005223148,0.07915519,-0.04337148,0.03608786,-0.9952643,-7.186131,2.934294,0.007469058,0.08733057,-0.1447244,0.9856106,4,-5.7,1.923604,1.966754,5,5.7,-16.33258,131.8663
8.432251,NaN,NaN,NaN,-7.14196,2.921341,0.005048107,0.07981484,-0.04355459,0.03736466,-0.9951565,-7.154054,2.934294,0.007469058,0.08733057,-0.1447244,0.9856106,4,-5.7,2.173422,0.1892034,5,5.7,-16.08276,130.0888
8.4552,NaN,NaN,NaN,-7.055667,2.916476,0.00483205,0.07967059,-0.04386551,0.03979748,-0.9950601,-7.074821,2.928264,0.006276131,0.08994612,-0.1443289,0.9854333,5,5.7,-15.77962,127.9318,6,-0.7,-33.87213,256.6666
8.473633,NaN,NaN,NaN,-6.997884,2.914249,0.0049185,0.07822677,-0.04359619,0.04090375,-0.9951417,-7.016973,2.922566,0.005530238,0.09121874,-0.1416457,0.9857057,5,5.7,-15.53633,126.2007,6,-0.7,-33.62884,254.9355
8.497314,NaN,NaN,NaN,-6.87263,2.910026,0.005099605,0.07569849,-0.04280383,0.04341818,-0.9952651,-6.905636,2.922566,0.005530238,0.09121874,-0.1416457,0.9857057,5,5.7,-15.22331,123.9735,6,-0.7,-33.31582,252.7083
8.515259,NaN,NaN,NaN,-6.79676,2.907775,0.005195166,0.07415906,-0.04222801,0.0452447,-0.9953241,-6.82748,2.91704,0.005245447,0.09310893,-0.1427633,0.9853676,5,5.7,-14.98586,122.2839,6,-0.7,-33.07837,251.0187
8.538818,26.08952,-50.02489,356.3049,-6.632747,2.903299,0.005435248,0.07135256,-0.04122914,0.04835637,-0.9954249,-6.667134,2.911545,0.005227447,0.09056375,-0.1463557,0.9850777,5,5.7,-14.67449,120.0684,6,-0.7,-32.76699,248.8032
8.557129,26.17411,-50.02489,356.3049,-6.537582,2.901903,0.005714425,0.07005046,-0.04046748,0.05003292,-0.9954658,-6.582544,2.911545,0.005227447,0.09056375,-0.1463557,0.9850777,5,5.7,-14.43239,118.3458,6,-0.7,-32.52489,247.0806
8.580566,12.85,-29.75439,215.5515,-6.331816,2.900605,0.006799482,0.06844649,-0.0386109,0.0532058,-0.9954866,-6.380956,2.906219,0.005427241,0.08787157,-0.1492354,0.9848895,5,5.7,-14.12252,116.1409,6,-0.7,-32.21503,244.8757
8.599487,12.85,-29.57692,214.3802,-6.214258,2.901395,0.008033808,0.06883723,-0.03743834,0.05479484,-0.9954182,-6.27646,2.906219,0.005427241,0.08787157,-0.1492354,0.9848895,5,5.7,-13.87163,114.3557,6,-0.7,-31.96414,243.0905
8.622192,12.19341,-26.19356,186.7363,-5.968962,2.903667,0.01012848,0.07025725,-0.03568164,0.05950252,-0.9951132,-6.035448,2.902055,0.006309628,0.09601197,-0.1532475,0.9835125,5,5.7,-13.57112,112.2175,6,-0.7,-31.66363,240.9523
8.640625,12.85,-27.06481,193.2287,-5.834962,2.905044,0.01103989,0.07062635,-0.03472977,0.06152514,-0.9949977,-5.888977,2.900613,0.007829547,0.09539942,-0.1525528,0.9836801,5,5.7,-13.32755,110.4845,6,-0.7,-31.42006,239.2192
8.664429,12.85,-26.67213,190.6967,-5.558708,2.907594,0.0127957,0.06881499,-0.03374517,0.06620155,-0.9948583,-5.643417,2.900613,0.007829547,0.09539942,-0.1525528,0.9836801,5,5.7,-13.01337,108.2489,6,-0.7,-31.10588,236.9837
8.682495,12.79631,-25.7442,183.5389,-5.409827,2.909235,0.0134237,0.06585478,-0.03376695,0.06805495,-0.9949329,-5.479621,2.902002,0.009735465,0.09791643,-0.153477,0.983289,5,5.7,-12.77499,106.5528,6,-0.7,-30.8675,235.2875
8.705811,10.93248,-22.71222,161.9652,-5.099241,2.913474,0.01457071,0.06044254,-0.03391874,0.06896059,-0.9952089,-5.168435,2.904887,0.01181829,0.09772611,-0.1554856,0.9829923,5,5.7,-12.46577,104.3526,6,-0.7,-30.55828,233.0873
8.723999,11.08016,-22.71222,161.9652,-4.933101,2.915891,0.01539141,0.05834458,-0.03430752,0.06767592,-0.9954089,-5.020755,2.904887,0.01181829,0.09772611,-0.1554856,0.9829923,5,5.7,-12.22481,102.638,6,-0.7,-30.31732,231.3728
8.747559,10.99853,-21.89939,156.1816,-4.599955,2.920935,0.01636275,0.05567943,-0.03494268,0.06622259,-0.9956372,-4.685601,2.908833,0.01410937,0.09870335,-0.1561231,0.9827936,5,5.7,-11.91393,100.426,6,-0.7,-30.00644,229.1608
8.766479,11.15037,-21.89939,156.1816,-4.429128,2.923799,0.01672922,0.05579183,-0.03534172,0.0651908,-0.9956849,-4.533754,2.908833,0.01410937,0.09870335,-0.1561231,0.9827936,5,5.7,-11.66411,98.64843,6,-0.7,-29.75661,227.3832
8.789307,8.456104,-17.26421,123.2006,-4.081975,2.929554,0.0174868,0.05653459,-0.03508166,0.06219668,-0.9958437,-4.183404,2.913932,0.0155834,0.1007413,-0.1608269,0.9818279,5,5.7,-11.36205,96.49918,6,-0.7,-29.45456,225.2339
8.807617,8.533973,-16.81511,120.005,-3.903175,2.932287,0.01798867,0.0571035,-0.03386052,0.0592756,-0.9960318,-3.980525,2.920012,0.01657915,0.1023741,-0.1614419,0.981558,5,5.7,-11.11967,94.77456,6,-0.7,-29.21218,223.5093
8.831665,8.853776,-16.81508,120.0049,-3.543379,2.93816,0.01920867,0.05723725,-0.03211667,0.05768776,-0.9961749,-3.660707,2.920012,0.01657915,0.1023741,-0.1614419,0.981558,5,5.7,-10.80243,92.51732,6,-0.7,-28.89494,221.2521
8.849243,12.85,-21.61782,154.9092,-3.359503,2.941127,0.02011469,0.05718848,-0.03123852,0.05860619,-0.9961521,-3.451413,2.926622,0.01753283,0.1033899,-0.1556704,0.9823835,5,5.7,-10.57016,90.86462,6,-0.7,-28.66267,219.5994
8.872925,12.85,-21.57528,155.3422,-2.984505,2.947246,0.02229314,0.05680754,-0.02866038,0.05603669,-0.9963992,-3.070771,2.933466,0.01876771,0.100733,-0.1550705,0.9827543,5,5.7,-10.25629,88.6313,6,-0.7,-28.3488,217.3661
8.891113,12.85,-21.31458,153.69,-2.793984,2.950477,0.02369854,0.05621386,-0.02707104,0.0543717,-0.9965696,-2.901419,2.933466,0.01876771,0.100733,-0.1550705,0.9827543,5,5.7,-10.01528,86.91644,6,-0.7,-28.10779,215.6512
8.914673,12.85,-20.83811,149.1201,-2.41362,2.956305,0.02672062,0.05378727,-0.0247076,0.05203201,-0.9968898,-2.514739,2.940669,0.02066207,0.1012414,-0.1566831,0.9824463,5,5.7,-9.704609,84.7059,6,-0.7,-27.79712,213.4407
8.933594,12.85,-20.5691,147.4333,-2.218071,2.959444,0.02866856,0.05128064,-0.02330087,0.04977405,-0.997171,-2.340918,2.940669,0.02066207,0.1012414,-0.1566831,0.9824463,5,5.7,-9.454141,82.92373,6,-0.7,-27.54665,211.6585
8.956665,11.02209,-18.47513,131.8168,-1.819892,2.966624,0.03324421,0.04869624,-0.02140299,0.046886,-0.9974831,-1.937165,2.948018,0.0233916,0.09660221,-0.1596947,0.9824284,5,5.7,-9.149495,80.75607,6,-0.7,-27.24201,209.4908
8.974854,8.229207,-14.82856,105.87,-1.617433,2.969797,0.03608053,0.04961027,-0.02118205,0.04546447,-0.9975085,-1.705801,2.955339,0.02700889,0.09217386,-0.1649934,0.9819782,5,5.7,-8.908779,79.04328,6,-0.7,-27.00129,207.778
8.999268,8.587474,-14.82856,105.8701,-1.214387,2.975527,0.04188191,0.04833016,-0.01991108,0.04116417,-0.9977843,-1.347538,2.955339,0.02700889,0.09217386,-0.1649934,0.9819782,5,5.7,-8.585691,76.74439,6,-0.7,-26.67821,205.4792
9.016602,7.711921,-13.17703,94.1188,-1.010536,2.978003,0.04486303,0.0459039,-0.01986833,0.04035665,-0.9979326,-1.114114,2.963187,0.03206658,0.09206419,-0.1683584,0.9814172,5,5.7,-8.35741,75.12009,6,-0.7,-26.44992,203.8548
9.040405,9.337491,-15.12807,108.0011,-0.6017543,2.981872,0.05131161,0.0403256,-0.01986391,0.03838637,-0.9982514,-0.6976289,2.970676,0.03840101,0.0912879,-0.1646414,0.98212,5,5.7,-8.042013,72.87592,6,-0.7,-26.13453,201.6107
9.058228,9.5204,-15.12806,108.0011,-0.3959789,2.9839,0.05481132,0.03713688,-0.02020561,0.03728609,-0.9984099,-0.5147175,2.970676,0.03840101,0.0912879,-0.1646414,0.98212,5,5.7,-7.806564,71.20061,6,-0.7,-25.89908,199.9354
9.081909,9.118755,-14.76465,105.4153,0.01024456,2.987622,0.06187978,0.03451661,-0.01992739,0.03495064,-0.998594,-0.09972394,2.9769,0.04553902,0.0859533,-0.1654227,0.98247,5,5.7,-7.493977,68.97644,6,-0.7,-25.58649,197.7112
9.100708,9.296442,-14.76464,105.4152,0.2101504,2.989066,0.06534018,0.03390181,-0.01963299,0.03501214,-0.9986188,0.07797015,2.9769,0.04553902,0.0859533,-0.1654227,0.98247,5,5.7,-7.245073,67.2054,6,-0.7,-25.33759,195.9401
9.123657,8.153013,-12.19417,87.12538,0.6085469,2.99088,0.07197544,0.03099304,-0.01878548,0.03363918,-0.9987768,0.4864392,2.981762,0.05320084,0.08641634,-0.1710607,0.9814634,5,5.7,-6.941858,65.04791,6,-0.7,-25.03437,193.7827
9.141724,8.359147,-12.39764,88.57312,0.8039705,2.991558,0.075046,0.02875174,-0.01857729,0.03214233,-0.998897,0.7141354,2.986096,0.061553,0.0847908,-0.170621,0.9816818,5,5.7,-6.70237,63.34387,6,-0.7,-24.79488,192.0786
9.166016,8.702557,-12.39764,88.5731,1.190308,2.992157,0.08162495,0.02661837,-0.01834999,0.029161,-0.9990518,1.057547,2.986096,0.061553,0.0847908,-0.170621,0.9816818,5,5.7,-6.381437,61.06031,6,-0.7,-24.47395,189.7951
9.183472,8.517182,-12.14995,86.81068,1.38082,2.993399,0.08549403,0.02743709,-0.01840762,0.02731934,-0.9990807,1.280102,2.989072,0.06971443,0.08191457,-0.1713545,0.9817981,5,5.7,-6.150461,59.41683,6,-0.7,-24.24298,188.1516
9.207031,11.36631,-16.92535,120.7895,1.754292,2.993381,0.09315459,0.03400915,-0.018698,0.02341586,-0.9989722,1.664162,2.990645,0.07768345,0.07905421,-0.1622778,0.9835733,5,5.7,-5.838472,57.19692,6,-0.7,-23.93099,185.9317
9.225098,11.53011,-16.92535,120.7895,1.938561,2.992868,0.09666084,0.035779,-0.01802614,0.01963082,-0.9990043,1.827956,2.990645,0.07768345,0.07905421,-0.1622778,0.9835733,5,5.7,-5.601062,55.50766,6,-0.7,-23.69358,184.2424
9.248901,12.85,-19.07554,138.1917,2.298456,2.991989,0.1042131,0.03656512,-0.01664646,0.01463153,-0.9990855,2.198752,2.991747,0.08617258,0.07593797,-0.1573285,0.9846224,5,5.7,-5.286272,53.26781,6,-0.7,-23.37879,182.0026
9.267334,12.85,-18.75338,136.1755,2.473393,2.991055,0.1082271,0.03800515,-0.01570193,0.01324701,-0.9990664,2.354253,2.991747,0.08617258,0.07593797,-0.1573285,0.9846224,5,5.7,-5.041323,51.52491,6,-0.7,-23.13384,180.2597
9.290649,12.85,-20.59406,147.6006,2.82215,2.988137,0.1162422,0.03886659,-0.01279153,0.008315574,-0.999128,2.713872,2.991856,0.09501493,0.06769926,-0.1575305,0.9851908,5,5.7,-4.73346,49.33435,6,-0.7,-22.82597,178.0691
9.308594,12.85,-20.12513,147.7666,2.991999,2.98617,0.1200643,0.03881351,-0.0117198,0.006495002,-0.9991566,2.912924,2.990655,0.104152,0.06633971,-0.1543205,0.9857912,5,5.7,-4.496751,47.65009,6,-0.7,-22.58926,176.3848
9.333008,13.08684,-19.98533,146.8736,3.326053,2.982668,0.1275745,0.03614326,-0.008599661,0.003157798,-0.9993047,3.209861,2.990655,0.104152,0.06633971,-0.1543205,0.9857912,5,5.7,-4.174195,45.35498,6,-0.7,-22.26671,174.0897
9.350342,11.60366,-18.84984,134.4829,3.488119,2.981886,0.1312722,0.03419728,-0.007514335,0.003076498,-0.9993821,3.400547,2.987771,0.1133604,0.06014918,-0.1601239,0.9852626,5,5.7,-3.944943,43.72377,6,-0.7,-22.03745,172.4585
9.374268,9.332755,-14.44136,103.115,3.804984,2.977834,0.1380817,0.0310133,-0.005394883,0.002183603,-0.9995021,3.72748,2.98404,0.1225972,0.05358441,-0.1665806,0.9845707,5,5.7,-3.628484,41.47204,6,-0.7,-21.72099,170.2068
9.391968,9.467256,-14.44136,103.115,3.956298,2.975312,0.1408541,0.02760796,-0.004257761,0.001305494,-0.9996089,3.861981,2.98404,0.1225972,0.05358441,-0.1665806,0.9845707,5,5.7,-3.394284,39.80562,6,-0.7,-21.4868,168.5404
9.415894,8.358663,-11.8043,84.35133,4.248857,2.970945,0.1463896,0.02247809,-0.003034413,0.001168918,-0.9997421,4.165712,2.980211,0.1314794,0.04897708,-0.1726952,0.9837569,5,5.7,-3.07756,37.55202,6,-0.7,-21.17007,166.2868
9.434204,8.485016,-11.8043,84.35133,4.391004,2.969465,0.1491517,0.02147806,-0.002356917,-0.0003266024,-0.9997665,4.292065,2.980211,0.1314794,0.04897708,-0.1726952,0.9837569,5,5.7,-2.836009,35.83329,6,-0.7,-20.92852,164.5681
9.457642,7.856423,-10.07658,72.05789,4.664149,2.966288,0.1547675,0.02137677,-0.001746975,-0.004077238,-0.9997616,4.576524,2.975461,0.139326,0.04482761,-0.1783872,0.9829387,5,5.7,-2.525655,33.62501,6,-0.7,-20.61817,162.3598
9.475464,7.13639,-8.669336,62.04487,4.794501,2.965007,0.1574768,0.02215301,-0.001299381,-0.006940832,-0.9997297,4.73183,2.970688,0.1463462,0.03814982,-0.1846763,0.9820587,5,5.7,-2.289739,31.94638,6,-0.7,-20.38225,160.6811
9.499878,7.360358,-8.669336,62.04486,5.046465,2.96105,0.1623127,0.02289682,0.0006770641,-0.01292244,-0.9996541,4.955798,2.970688,0.1463462,0.03814982,-0.1846763,0.9820587,5,5.7,-1.966665,29.64758,6,-0.7,-20.05918,158.3823
9.517334,7.203003,-8.248615,59.05128,5.163954,2.958541,0.1645185,0.02145771,0.001555115,-0.01446048,-0.999664,5.097342,2.966509,0.1529384,0.03509808,-0.1869388,0.9817443,5,5.7,-1.735746,28.00451,6,-0.7,-19.82826,156.7393
9.54126,7.20319,-8.629047,61.7582,5.393755,2.954005,0.1689381,0.01943943,0.004749,-0.01878883,-0.9996232,5.336431,2.962305,0.1591196,0.02976906,-0.1848465,0.9823164,5,5.7,-1.420527,25.76161,6,-0.7,-19.51304,154.4964
9.559082,7.299405,-8.629047,61.7582,5.501997,2.951464,0.171029,0.01886733,0.006965898,-0.02162614,-0.9995638,5.432646,2.962305,0.1591196,0.02976906,-0.1848465,0.9823164,5,5.7,-1.184757,24.08402,6,-0.7,-19.27727,152.8188
9.58313,7.272179,-8.421424,60.28088,5.710003,2.946033,0.1750844,0.01833299,0.01147879,-0.02563631,-0.9994373,5.649779,2.957242,0.164639,0.02650755,-0.1859103,0.9822091,5,5.7,-0.8669798,21.82292,6,-0.7,-18.95949,150.5577
9.601196,7.357937,-8.421421,60.28086,5.806481,2.942617,0.1767092,0.01783127,0.01402835,-0.02605283,-0.9994031,5.735537,2.957242,0.164639,0.02650755,-0.1859103,0.9822091,5,5.7,-0.6280277,20.12269,6,-0.7,-18.72054,148.8575
9.624756,7.148699,-8.087448,57.90453,5.990277,2.935767,0.1800362,0.01688849,0.01810231,-0.02624358,-0.9993489,5.929117,2.951591,0.1698834,0.02074356,-0.1877606,0.9819958,5,5.7,-0.3159947,17.90246,6,-0.7,-18.4085,146.6372
9.6427,6.594685,-7.735037,55.39699,6.075539,2.932315,0.1815752,0.01760687,0.02022023,-0.0270749,-0.9992738,6.032855,2.944984,0.1746622,0.009988328,-0.1898724,0.981758,5,5.7,-0.07919578,16.21755,6,-0.7,-18.17171,144.9523
9.666626,6.733963,-7.73504,55.397,6.232227,2.925674,0.1846028,0.01890247,0.02482574,-0.02986017,-0.999067,6.172133,2.944984,0.1746622,0.009988328,-0.1898724,0.981758,5,5.7,0.2378683,13.96152,6,-0.7,-17.85464,142.6963
9.684448,6.311037,-7.624493,54.61042,6.298165,2.922901,0.1859775,0.019181,0.02679586,-0.03073239,-0.9989843,6.256136,2.937384,0.1788968,0.0009901109,-0.1904867,0.9816893,5,5.7,0.4723643,12.29299,6,-0.7,-17.62015,141.0278
9.708252,6.32166,-7.821989,56.01572,6.421679,2.916927,0.1878156,0.01905948,0.03126491,-0.03318223,-0.9987783,6.388441,2.929661,0.1827936,-0.001174538,-0.189094,0.9819583,5,5.7,0.7881862,10.0458,6,-0.7,-17.30432,138.7806
9.726074,6.36753,-7.821993,56.01574,6.473282,2.913539,0.1887187,0.02074849,0.03353728,-0.03485311,-0.9986141,6.434311,2.929661,0.1827936,-0.001174538,-0.189094,0.9819583,5,5.7,1.023065,8.374552,6,-0.7,-17.06944,137.1093
9.750122,5.917441,-8.181842,58.57619,6.561356,2.907798,0.1902945,0.02390365,0.03748269,-0.03731389,-0.9983143,6.531959,2.921911,0.1858966,-0.0103385,-0.1868065,0.9823424,5,5.7,1.341135,6.11137,6,-0.7,-16.75138,134.8461
9.767944,5.945792,-8.181841,58.57619,6.593251,2.905702,0.1908035,0.02541852,0.03895359,-0.03815721,-0.9981887,6.560309,2.921911,0.1858966,-0.0103385,-0.1868065,0.9823424,5,5.7,1.576478,4.436812,6,-0.7,-16.51603,133.1716
9.791748,0.2798424,-13.94093,99.55424,6.643919,2.900917,0.1913967,0.02857211,0.04249641,-0.04028168,-0.9978753,6.621238,2.914367,0.1883199,-0.06279562,-0.1669094,0.9839705,5,5.7,1.892147,2.190716,6,-0.7,-16.20036,130.9255
9.809692,NaN,NaN,NaN,6.655997,2.898843,0.1913694,0.0299917,0.04390298,-0.04035545,-0.9977698,6.644033,2.907636,0.1901329,-0.0726426,-0.1418903,0.9872134,5,5.7,2.129405,0.5025368,6,-0.7,-15.96311,129.2373
9.83374,NaN,NaN,NaN,6.666236,2.895341,0.1910895,0.03235419,0.04640948,-0.0408587,-0.997562,6.653135,2.907636,0.1901329,-0.0726426,-0.1418903,0.9872134,6,-0.7,-15.64638,126.9837,7,5.7,-33.73886,255.7184
9.851685,NaN,NaN,NaN,6.658901,2.894053,0.190632,0.03282999,0.04720901,-0.04185423,-0.9974677,6.654702,2.901763,0.1911539,-0.07743467,-0.1354095,0.9877592,6,-0.7,-15.40862,125.2919,7,5.7,-33.5011,254.0267
9.875366,NaN,NaN,NaN,6.627827,2.891984,0.1891949,0.03261328,0.04928681,-0.0444206,-0.9972633,6.631037,2.896883,0.1913317,-0.07953145,-0.1457283,0.9861227,6,-0.7,-15.09479,123.0589,7,5.7,-33.18728,251.7937
9.893433,NaN,NaN,NaN,6.598105,2.891129,0.1879946,0.03185766,0.05022948,-0.04501063,-0.9972142,6.604619,2.896883,0.1913317,-0.07953145,-0.1457283,0.9861227,6,-0.7,-14.85634,121.3622,7,5.7,-32.94882,250.097
9.917236,NaN,NaN,NaN,6.526189,2.889497,0.1854227,0.03188344,0.05247453,-0.04647399,-0.9970307,6.540382,2.893221,0.1905699,-0.08344667,-0.1454235,0.9858441,6,-0.7,-14.54118,119.1198,7,5.7,-32.63367,247.8545
9.935181,NaN,NaN,NaN,6.477883,2.88919,0.1840636,0.03282951,0.05386832,-0.04819455,-0.9968439,6.497444,2.893221,0.1905699,-0.08344667,-0.1454235,0.9858441,6,-0.7,-14.30422,117.4337,7,5.7,-32.3967,246.1684
9.958984,NaN,NaN,NaN,6.363631,2.888648,0.1806787,0.03658387,0.05633844,-0.04905928,-0.9965345,6.391171,2.890446,0.1887568,-0.0845411,-0.1451927,0.9857849,6,-0.7,-13.98897,115.1906,7,5.7,-32.08146,243.9254
9.977051,-22.15898,-45.08725,321.1718,6.292594,2.88825,0.1788137,0.03889939,0.05736267,-0.0478125,-0.9964489,6.318886,2.8887,0.1858791,-0.08740944,-0.1472565,0.9852285,6,-0.7,-13.75088,113.4965,7,5.7,-31.84336,242.2312
10.0011,-22.29839,-45.08737,321.1726,6.135849,2.88889,0.1752594,0.04321799,0.05924498,-0.04645452,-0.996225,6.179556,2.8887,0.1858791,-0.08740944,-0.1472565,0.9852285,6,-0.7,-13.43376,111.2401,7,5.7,-31.52625,239.9748
10.01868,NaN,NaN,NaN,6.04345,2.890104,0.1736722,0.04491799,0.05951963,-0.04611947,-0.996149,6.083826,2.887738,0.1821579,-0.08980602,-0.1408612,0.9859478,6,-0.7,-13.20098,109.5837,7,5.7,-31.29346,238.3185
10.04248,-30.2886,-55.74886,397.033,5.84653,2.892641,0.1699332,0.04721138,0.05972705,-0.04577783,-0.9960463,5.890794,2.887623,0.1781003,-0.08982163,-0.1455753,0.9852613,6,-0.7,-12.88559,107.3397,7,5.7,-30.97808,236.0744
10.06042,-30.38598,-55.74886,397.033,5.736977,2.893885,0.1678438,0.04602679,0.05961448,-0.04686743,-0.9960578,5.793412,2.887623,0.1781003,-0.08982163,-0.1455753,0.9852613,6,-0.7,-12.64917,105.6574,7,5.7,-30.74166,234.3922
10.08435,NaN,NaN,NaN,5.501112,2.898623,0.1634769,0.0449794,0.05922358,-0.04708078,-0.9961189,5.561295,2.889153,0.1739659,-0.09005068,-0.1445873,0.9853859,6,-0.7,-12.3328,103.4063,7,5.7,-30.42528,232.1411
10.10193,NaN,NaN,NaN,5.371812,2.901816,0.1611645,0.04490512,0.05898474,-0.04662023,-0.9961581,5.446361,2.889153,0.1739659,-0.09005068,-0.1445873,0.9853859,6,-0.7,-12.0991,101.7435,7,5.7,-30.19159,230.4782
10.1261,-12.85,-28.60864,204.0229,5.103656,2.908583,0.1560341,0.0444437,0.05808392,-0.04459701,-0.9963244,5.181204,2.892282,0.1692309,-0.08708214,-0.1521344,0.984516,6,-0.7,-11.78091,99.47942,7,5.7,-29.87339,228.2142
10.1438,-12.85,-27.65821,197.314,4.961821,2.912222,0.1530876,0.04398321,0.05758296,-0.04284425,-0.9964507,5.024338,2.897489,0.1640494,-0.08923654,-0.1525474,0.9842591,6,-0.7,-11.54649,97.81145,7,5.7,-29.63898,226.5462
10.16785,-12.85,-27.21322,194.4429,4.66898,2.919983,0.1468442,0.04226764,0.05617946,-0.03821212,-0.9967934,4.764034,2.897489,0.1640494,-0.08923654,-0.1525474,0.9842591,6,-0.7,-11.22896,95.55208,7,5.7,-29.32144,224.2868
10.18555,-20.27867,-39.40565,280.7451,4.515445,2.923691,0.1433126,0.04200288,0.05526414,-0.03502823,-0.9969727,4.59331,2.904905,0.1584088,-0.08731704,-0.148538,0.9850443,6,-0.7,-10.9944,93.88315,7,5.7,-29.08689,222.6179
10.20959,-12.85,-26.34983,191.5,4.202538,2.931461,0.1360299,0.04333351,0.05379368,-0.03051972,-0.9971445,4.277831,2.913418,0.1515337,-0.08813813,-0.1505858,0.9846601,6,-0.7,-10.67575,91.61583,7,5.7,-28.76824,220.3506
10.22742,-12.85,-26.10455,189.8961,4.041028,2.935234,0.1323343,0.04505727,0.05285339,-0.02838452,-0.9971814,4.134266,2.913418,0.1515337,-0.08813813,-0.1505858,0.9846601,6,-0.7,-10.441,89.94545,7,5.7,-28.53348,218.6802
10.25146,-12.85,-27.05737,193.7624,3.714042,2.942914,0.1249558,0.04759836,0.0507907,-0.02376993,-0.9972913,3.803779,2.922435,0.1435585,-0.0846949,-0.1524661,0.984673,6,-0.7,-10.12321,87.68427,7,5.7,-28.2157,216.419
10.26917,-12.85,-26.79236,192.0509,3.548428,2.946365,0.1214445,0.04860516,0.04919868,-0.02101686,-0.9973843,3.656566,2.922435,0.1435585,-0.0846949,-0.1524661,0.984673,6,-0.7,-9.888613,86.01505,7,5.7,-27.9811,214.7498
10.29285,-10.87251,-24.79046,176.7527,3.214687,2.953199,0.1146376,0.04933306,0.04620602,-0.01609627,-0.9975832,3.318194,2.931607,0.1349751,-0.07912631,-0.1545762,0.9848073,6,-0.7,-9.576214,83.79222,7,5.7,-27.6687,212.527
10.31079,-12.85,-29.5813,213.0939,3.044301,2.956745,0.1114952,0.04923395,0.04462916,-0.01447457,-0.9976847,3.123924,2.940406,0.1263692,-0.07394384,-0.1505441,0.9858341,6,-0.7,-9.339166,82.10554,7,5.7,-27.43165,210.8403
10.33459,-12.85,-28.95725,209.0073,2.699465,2.963284,0.1054727,0.05032866,0.0401201,-0.008867418,-0.9978872,2.817403,2.940406,0.1263692,-0.07394384,-0.1505441,0.9858341,6,-0.7,-9.023319,79.85817,7,5.7,-27.11581,208.5929
10.35266,-19.54874,-46.0975,328.36,2.52486,2.965974,0.1026736,0.05050273,0.03666205,-0.004273443,-0.9980417,2.617728,2.949108,0.1179329,-0.06664088,-0.1474529,0.9868215,6,-0.7,-8.785108,78.16321,7,5.7,-26.8776,206.898
10.37646,NaN,NaN,NaN,2.179024,2.971568,0.09705837,0.04824498,0.03149506,-0.00043996,-0.9983388,2.264961,2.957287,0.1101638,-0.05562506,-0.1384546,0.9888054,6,-0.7,-8.469303,75.91615,7,5.7,-26.56179,204.6509
10.39441,NaN,NaN,NaN,2.004954,2.97416,0.09457154,0.04575766,0.02958123,-0.0007078482,-0.9985143,2.110232,2.957287,0.1101638,-0.05562506,-0.1384546,0.9888054,6,-0.7,-8.232436,74.23075,7,5.7,-26.32492,202.9655
10.41833,NaN,NaN,NaN,1.659363,2.979382,0.08970446,0.04364888,0.02645235,0.0003493065,-0.9986966,1.757048,2.964673,0.1032344,-0.03906794,-0.1392016,0.9894931,6,-0.7,-7.917105,71.98705,7,5.7,-26.00959,200.7218
10.43616,NaN,NaN,NaN,1.487454,2.981608,0.08747968,0.04435159,0.02493395,0.00163973,-0.9987035,1.558074,2.971378,0.09679699,-0.03018952,-0.1441356,0.9890974,6,-0.7,-7.680212,70.30148,7,5.7,-25.7727,199.0362
10.45996,NaN,NaN,NaN,1.146857,2.985703,0.08334112,0.04832227,0.02165867,0.005840962,-0.9985799,1.255321,2.971378,0.09679699,-0.03018952,-0.1441356,0.9890974,6,-0.7,-7.366366,68.06835,7,5.7,-25.45885,196.8031
10.47839,-8.150455,-51.81827,369.0654,0.9773741,2.986613,0.08134907,0.05132141,0.01981354,0.008345815,-0.9984508,1.058709,2.977439,0.09074473,-0.02468051,-0.1468523,0.9888505,6,-0.7,-7.122671,66.33437,7,5.7,-25.21516,195.0691
10.50171,-8.448216,-51.81834,369.0658,0.6424049,2.987816,0.07764244,0.05454396,0.01593529,0.01259514,-0.9983048,0.760959,2.977439,0.09074473,-0.02468051,-0.1468523,0.9888505,6,-0.7,-6.813652,64.13557,7,5.7,-24.90614,192.8703
10.5199,NaN,NaN,NaN,0.4774292,2.987725,0.07611413,0.05497435,0.01404263,0.01483151,-0.9982789,0.568754,2.982477,0.08538318,-0.02030728,-0.1413833,0.9897466,6,-0.7,-6.573887,62.42956,7,5.7,-24.66637,191.1643
10.54346,NaN,NaN,NaN,0.1489142,2.987088,0.07333267,0.05469845,0.01031637,0.01848657,-0.9982785,0.2320175,2.985574,0.08064723,-0.01720071,-0.1405338,0.9899265,6,-0.7,-6.262723,60.21552,7,5.7,-24.35521,188.9503
10.56165,NaN,NaN,NaN,-0.01440329,2.986616,0.07239825,0.05320089,0.008350611,0.01951455,-0.9983582,0.08684638,2.985574,0.08064723,-0.01720071,-0.1405338,0.9899265,6,-0.7,-6.021389,58.49834,7,5.7,-24.11387,187.2331
10.58521,-5.722668,-51.58496,367.4053,-0.3342734,2.983319,0.07049328,0.05170245,0.004902653,0.02151657,-0.9984187,-0.2419608,2.986557,0.07658529,-0.01475685,-0.1469344,0.9890362,6,-0.7,-5.710131,56.28362,7,5.7,-23.80262,185.0184
10.60352,-5.863063,-51.58488,367.4048,-0.4922267,2.981752,0.06978467,0.04799312,0.002904221,0.02263134,-0.9985871,-0.3823638,2.986557,0.07658529,-0.01475685,-0.1469344,0.9890362,6,-0.7,-5.46772,54.55877,7,5.7,-23.56021,183.2935
10.62695,-2.921008,-27.22787,194.0958,-0.8020163,2.97927,0.06941921,0.04558855,-0.001134798,0.02602068,-0.9986207,-0.7015233,2.985682,0.07338452,-0.01130237,-0.1538577,0.9880283,6,-0.7,-5.158485,52.35846,7,5.7,-23.25097,181.0932
10.64526,-1.517513,-19.26596,137.4439,-0.953653,2.977688,0.06986749,0.04613469,-0.003229052,0.02773884,-0.9985449,-0.8791661,2.982965,0.07110882,-0.004586997,-0.1598753,0.9871266,6,-0.7,-4.916959,50.63991,7,5.7,-23.00945,179.3747
10.6687,-1.783531,-19.26596,137.4439,-1.252923,2.974466,0.07071416,0.04574052,-0.007527314,0.03171177,-0.9984215,-1.145184,2.982965,0.07110882,-0.004586997,-0.1598753,0.9871266,6,-0.7,-4.606307,48.4295,7,5.7,-22.69879,177.1643
10.68713,-1.394734,-28.42637,202.6236,-1.399004,2.972462,0.07136931,0.04601448,-0.009837589,0.03349285,-0.9983307,-1.316792,2.97964,0.07009673,-0.0003802503,-0.1532197,0.9881921,6,-0.7,-4.363384,46.70102,7,5.7,-22.45587,175.4358
10.71045,-0.6487393,-32.64035,232.6075,-1.685791,2.967608,0.07235965,0.04412018,-0.01469775,0.03607531,-0.9982665,-1.612295,2.975889,0.07028413,0.004095864,-0.1513968,0.9884646,6,-0.7,-4.053875,44.49874,7,5.7,-22.14636,173.2335
10.72888,-0.7720239,-32.64035,232.6075,-1.824486,2.964941,0.07285091,0.04144546,-0.01715937,0.03653336,-0.9983252,-1.735579,2.975889,0.07028413,0.004095864,-0.1513968,0.9884646,6,-0.7,-3.811202,42.77203,7,5.7,-21.90369,171.5068
10.7522,0.6287721,-33.10438,235.9092,-2.094257,2.958864,0.07410605,0.03908862,-0.0216497,0.03775401,-0.9982876,-2.014729,2.97136,0.07129443,0.01107941,-0.1512002,0.9884411,6,-0.7,-3.50207,40.57244,7,5.7,-21.59456,169.3072
10.77051,1.347895,-30.88004,220.0822,-2.224493,2.955527,0.07483831,0.03724995,-0.02361765,0.03829509,-0.9982927,-2.168444,2.965899,0.07256556,0.01579485,-0.1520308,0.9882495,6,-0.7,-3.261012,38.85722,7,5.7,-21.3535,167.592
10.79395,1.126811,-30.88006,220.0824,-2.473215,2.94945,0.07632852,0.03466298,-0.02677104,0.03922788,-0.99827,-2.38953,2.965899,0.07256556,0.01579485,-0.1520308,0.9882495,6,-0.7,-2.94999,36.64419,7,5.7,-21.04248,165.379
10.81213,0.1394785,-20.58015,146.7948,-2.589949,2.946239,0.07713168,0.03436111,-0.02779679,0.03955013,-0.9982397,-2.529534,2.958989,0.07405543,0.01795852,-0.1583837,0.9872143,6,-0.7,-2.709206,34.93092,7,5.7,-20.80169,163.6657
10.83582,0.1522837,-16.65062,118.8348,-2.813452,2.939407,0.07876492,0.03280518,-0.02955747,0.04055657,-0.9982011,-2.762326,2.951475,0.07575178,0.02420748,-0.1628065,0.986361,6,-0.7,-2.397047,32.70979,7,5.7,-20.48953,161.4446
10.85413,0.06014777,-16.65061,118.8347,-2.917102,2.936142,0.07960599,0.03165637,-0.03050707,0.04237207,-0.9981341,-2.854459,2.951475,0.07575178,0.02420748,-0.1628065,0.986361,6,-0.7,-2.154359,30.98298,7,5.7,-20.24685,159.7178
10.87769,0.4859431,-17.83828,127.2854,-3.112028,2.929307,0.08116747,0.03025559,-0.03278371,0.04653136,-0.9979202,-3.059308,2.943656,0.07753301,0.02749472,-0.1611715,0.9865434,6,-0.7,-1.843108,28.76831,7,5.7,-19.9356,157.5031
10.89575,0.4078947,-17.83828,127.2854,-3.199833,2.925795,0.08206186,0.02966552,-0.03360142,0.04830955,-0.9978262,-3.137357,2.943656,0.07753301,0.02749472,-0.1611715,0.9865434,6,-0.7,-1.604265,27.06886,7,5.7,-19.69675,155.8037
10.91943,-0.02343703,-14.91465,106.4827,-3.362205,2.918817,0.0839349,0.02783002,-0.03491753,0.05119986,-0.9976898,-3.310431,2.935689,0.07923126,0.03045193,-0.1653721,0.985761,6,-0.7,-1.291826,24.84574,7,5.7,-19.38432,153.5806
10.9375,-0.1836016,-13.31029,95.06706,-3.432017,2.915031,0.0848515,0.02715877,-0.03514178,0.0521787,-0.9976497,-3.398205,2.92746,0.08142805,0.03334057,-0.1684114,0.9851528,6,-0.7,-1.052065,23.13975,7,5.7,-19.14455,151.8746
10.9613,-0.2970186,-13.31029,95.06707,-3.559611,2.907544,0.08658046,0.02521434,-0.03529152,0.05416986,-0.9975893,-3.511621,2.92746,0.08142805,0.03334057,-0.1684114,0.9851528,6,-0.7,-0.7377261,20.90311,7,5.7,-18.83022,149.6379
10.97913,-0.7231814,-11.71695,83.72988,-3.61145,2.903771,0.08740462,0.02436552,-0.03482567,0.05523583,-0.9975684,-3.579957,2.918968,0.08366466,0.03362295,-0.1722581,0.9844779,6,-0.7,-0.5025647,19.22985,7,5.7,-18.59505,147.9647
11.00293,-0.6841074,-12.15762,86.86536,-3.701464,2.895714,0.08887269,0.02267075,-0.03461862,0.05810517,-0.9974524,-3.678548,2.910153,0.08572698,0.03397795,-0.1709741,0.9846895,6,-0.7,-0.1878392,16.99047,7,5.7,-18.28033,145.7253
11.02087,-0.7129115,-12.15761,86.86536,-3.733868,2.892083,0.08984147,0.02174126,-0.03420814,0.05969296,-0.9973936,-3.707352,2.910153,0.08572698,0.03397795,-0.1709741,0.9846895,6,-0.7,0.04965378,15.30062,7,5.7,-18.04284,144.0354
11.04468,-0.3894883,-13.57269,96.93414,-3.782808,2.885526,0.09216764,0.02114091,-0.03297237,0.06217052,-0.9972968,-3.765571,2.900994,0.08769822,0.03434624,-0.1675934,0.9852577,6,-0.7,0.3639771,13.06409,7,5.7,-17.72851,141.7989
11.0625,-0.3996964,-13.57269,96.93417,-3.794293,2.882482,0.09326999,0.02124905,-0.03255773,0.06459082,-0.9971542,-3.77578,2.900994,0.08769822,0.03434624,-0.1675934,0.9852577,6,-0.7,0.5999737,11.38489,7,5.7,-17.49252,140.1197
11.08643,2.380285,-15.2151,108.6205,-3.805231,2.876565,0.09497157,0.01823408,-0.03322285,0.07183334,-0.9966964,-3.796105,2.892088,0.08992422,0.05604509,-0.1643062,0.984816,6,-0.7,0.9164593,9.132974,7,5.7,-17.17603,137.8678
11.10437,2.056667,-14.23972,101.6803,-3.79787,2.873489,0.0956114,0.01603217,-0.03403547,0.07548226,-0.9964372,-3.79592,2.884057,0.09238219,0.05671818,-0.1659488,0.984502,6,-0.7,1.154646,7.438185,7,5.7,-16.93784,136.173
11.12817,2.08276,-14.23973,101.6803,-3.768517,2.868158,0.09696436,0.01278376,-0.03544603,0.0795165,-0.9961211,-3.769828,2.884057,0.09238219,0.05671818,-0.1659488,0.984502,6,-0.7,1.468376,5.205881,7,5.7,-16.62411,133.9407
11.14624,1.17432,-11.85183,84.68961,-3.743333,2.866395,0.09760663,0.01113381,-0.03692194,0.08123482,-0.9959487,-3.749699,2.876679,0.09444928,0.05725018,-0.1712442,0.9835638,6,-0.7,1.707272,3.506051,7,5.7,-16.38522,132.2409
11.16992,1.536834,-12.20221,87.18266,-3.679172,2.86386,0.09874295,0.008677535,-0.04026502,0.08584231,-0.995457,-3.690694,2.87007,0.09630573,0.05904444,-0.17024,0.9836321,6,-0.7,2.021155,1.272655,7,5.7,-16.07133,130.0075
11.18811,1.575683,-12.20222,87.18269,-3.63547,2.862973,0.09915271,0.008609466,-0.04257717,0.08803636,-0.9951698,-3.651848,2.87007,0.09630573,0.05904444,-0.17024,0.9836321,7,5.7,-15.8317,128.3024,8,-5.7,-34.80559,263.3084
11.21167,3.114314,-13.29367,94.94879,-3.537192,2.861337,0.09979235,0.008397873,-0.04665352,0.09068424,-0.9947509,-3.55861,2.865236,0.09788013,0.06918631,-0.167539,0.9834348,7,5.7,-15.51933,126.0797,8,-5.7,-34.49322,261.0858
11.22998,3.166601,-13.29367,94.94879,-3.478369,2.860576,0.09990966,0.008852048,-0.04849468,0.09088945,-0.9946402,-3.506323,2.865236,0.09788013,0.06918631,-0.167539,0.9834348,7,5.7,-15.27859,124.3668,8,-5.7,-34.25249,259.3729
11.25366,4.27839,-14.45443,103.208,-3.350251,2.860167,0.1003749,0.008705047,-0.05153728,0.09042612,-0.9945307,-3.382768,2.861974,0.09898829,0.07307941,-0.1651803,0.9835522,7,5.7,-14.96458,122.1325,8,-5.7,-33.93847,257.1385
11.27173,6.009275,-15.79232,112.7277,-3.276872,2.860363,0.1006466,0.008588239,-0.05267479,0.08937668,-0.9945669,-3.304359,2.859909,0.0997144,0.08131244,-0.1628428,0.9832957,7,5.7,-14.72609,120.4356,8,-5.7,-33.69999,255.4416
11.29529,6.149958,-15.79233,112.7277,-3.118612,2.86188,0.1012817,0.008016841,-0.05489346,0.08767949,-0.9946028,-3.163684,2.859909,0.0997144,0.08131244,-0.1628428,0.9832957,7,5.7,-14.41395,118.2146,8,-5.7,-33.38785,253.2206
11.31335,6.486101,-14.90496,106.4138,-3.027368,2.864016,0.1019621,0.007788918,-0.05537346,0.08584645,-0.9947379,-3.066153,2.859326,0.1003785,0.08827531,-0.1641653,0.982475,7,5.7,-14.17479,116.5129,8,-5.7,-33.14869,251.5189
11.33716,1.152267,-5.923085,42.50438,-2.837292,2.868779,0.1033258,0.007929211,-0.05641676,0.08300047,-0.9949197,-2.877546,2.860456,0.1011459,0.09265959,-0.2019645,0.9749997,7,5.7,-13.8608,114.2787,8,-5.7,-32.8347,249.2848
11.35535,1.248368,-5.923085,42.50438,-2.729178,2.872064,0.1041362,0.006756747,-0.05593789,0.08146505,-0.9950823,-2.781445,2.860456,0.1011459,0.09265959,-0.2019645,0.9749997,7,5.7,-13.62009,112.566,8,-5.7,-32.59399,247.572
11.37891,1.595421,-5.835253,41.87943,-2.507068,2.879374,0.1054773,0.005362915,-0.05698632,0.08215781,-0.9949744,-2.561028,2.864316,0.1024934,0.0969433,-0.2029052,0.9743878,7,5.7,-13.3092,110.3539,8,-5.7,-32.2831,245.3599
11.39709,1.702042,-5.835252,41.87942,-2.387119,2.883767,0.1058733,0.002978861,-0.05760531,0.08380518,-0.9948113,-2.454407,2.864316,0.1024934,0.0969433,-0.2029052,0.9743878,7,5.7,-13.06774,108.6358,8,-5.7,-32.04163,243.6418
11.42065,23.70985,-46.29406,352.3981,-2.138612,2.893563,0.1062234,-0.002822192,-0.05836023,0.08377592,-0.9947702,-2.207007,2.870649,0.1040317,0.07266727,-0.137851,0.9877837,7,5.7,-12.75687,106.4239,8,-5.7,-31.73077,241.4299
11.43921,22.70226,-48.86824,355.1263,-2.009082,2.898897,0.106042,-0.006175627,-0.05844406,0.08278757,-0.9948329,-2.062204,2.87941,0.1053696,0.06886169,-0.1438927,0.9871945,7,5.7,-12.51134,104.6768,8,-5.7,-31.48524,239.6828
11.4624,22.66527,-48.30212,351.2438,-1.746019,2.910313,0.1056003,-0.01054483,-0.05859752,0.07968377,-0.9950406,-1.82837,2.87941,0.1053696,0.06886169,-0.1438927,0.9871945,7,5.7,-12.20512,102.4979,8,-5.7,-31.17901,237.504
11.48071,10.36446,-23.90038,170.4194,-1.610932,2.916573,0.105347,-0.01046851,-0.0578943,0.07576951,-0.9953882,-1.675976,2.890372,0.1060179,0.06966735,-0.1550144,0.9854527,7,5.7,-11.9633,100.7773,8,-5.7,-30.9372,235.7834
11.50415,11.31488,-24.51142,174.7671,-1.339118,2.92907,0.1047315,-0.007369367,-0.05684845,0.06775919,-0.9960536,-1.400088,2.903025,0.1059408,0.07173216,-0.15466,0.9853603,7,5.7,-11.65306,98.5698,8,-5.7,-30.62695,233.5758
11.52271,11.43732,-24.51142,174.7672,-1.201375,2.934685,0.1041215,-0.00565224,-0.05555616,0.06192983,-0.9965171,-1.277649,2.903025,0.1059408,0.07173216,-0.15466,0.9853603,7,5.7,-11.40808,96.82673,8,-5.7,-30.38198,231.8328
11.5459,12.31887,-25.04064,178.5327,-0.9245134,2.945689,0.103012,-0.005148411,-0.05237377,0.05295635,-0.9972091,-0.9960012,2.917356,0.1053391,0.07352439,-0.1543833,0.9852715,7,5.7,-11.10141,94.64466,8,-5.7,-30.07531,229.6507
11.56458,12.44458,-25.04078,178.5337,-0.7831764,2.950812,0.1025351,-0.005426393,-0.05008066,0.04993761,-0.9974813,-0.8703683,2.917356,0.1053391,0.07352439,-0.1543833,0.9852715,7,5.7,-10.85377,92.88255,8,-5.7,-29.82766,227.8886
11.58765,21.90143,-42.14985,300.2709,-0.4996099,2.960227,0.1017363,-0.00466,-0.04567099,0.04455674,-0.9979515,-0.5819287,2.93164,0.104308,0.07386978,-0.1481167,0.9862072,7,5.7,-10.54846,90.71021,8,-5.7,-29.52236,225.7162
11.60754,NaN,NaN,NaN,-0.3564397,2.964414,0.1015107,-0.003660084,-0.04336088,0.04324793,-0.9981163,-0.4176763,2.944861,0.1031985,0.07146516,-0.1424889,0.987213,7,5.7,-10.28533,88.83792,8,-5.7,-29.25923,223.844
11.62952,NaN,NaN,NaN,-0.07032061,2.972039,0.1010318,-0.001313737,-0.03894231,0.04045149,-0.9984215,-0.1633483,2.944861,0.1031985,0.07146516,-0.1424889,0.987213,7,5.7,-9.995392,86.7749,8,-5.7,-28.96929,221.7809
11.64771,22.67163,-44.17184,333.2233,0.07344949,2.975176,0.1008628,0.0004495289,-0.03707003,0.03953064,-0.9985304,0.002018468,2.956586,0.1022024,0.06722872,-0.1397635,0.9879,7,5.7,-9.755243,85.06616,8,-5.7,-28.72914,220.0722
11.67114,19.37877,-42.186,300.5282,0.3587165,2.980223,0.1004059,0.003128715,-0.03380304,0.03699617,-0.9987386,0.2935461,2.966623,0.1013972,0.06269785,-0.1483333,0.986948,7,5.7,-9.44439,82.85432,8,-5.7,-28.41829,217.8604
11.68933,19.50433,-42.186,300.5282,0.499977,2.981639,0.09998718,0.003312961,-0.03246897,0.03534492,-0.9988422,0.419111,2.966623,0.1013972,0.06269785,-0.1483333,0.986948,7,5.7,-9.20419,81.14521,8,-5.7,-28.17809,216.1513
11.71313,NaN,NaN,NaN,0.7813292,2.984063,0.09901376,0.003089061,-0.02975618,0.03171007,-0.9990494,0.7072658,2.974534,0.1007888,0.06513943,-0.1442151,0.9874001,7,5.7,-8.889886,78.90882,8,-5.7,-27.86378,213.9149
11.73157,NaN,NaN,NaN,0.9216695,2.984638,0.09818165,0.002185871,-0.02860454,0.02897184,-0.9991685,0.8320128,2.974534,0.1007888,0.06513943,-0.1442151,0.9874001,7,5.7,-8.645923,77.17294,8,-5.7,-27.61982,212.179
11.75476,23.27387,-45.28409,323.6523,1.203473,2.986304,0.09681529,-0.0004018224,-0.02597614,0.02328866,-0.9993913,1.120251,2.979921,0.09986579,0.06756593,-0.1471995,0.9867964,7,5.7,-8.339685,74.99395,8,-5.7,-27.31359,210
11.77271,16.90355,-31.88025,227.1989,1.342498,2.986674,0.09604937,-0.0002968715,-0.0255261,0.02194156,-0.9994333,1.281432,2.982999,0.09877348,0.06783635,-0.1513878,0.986144,7,5.7,-8.102088,73.30335,8,-5.7,-27.07599,208.3094
11.79663,17.15149,-31.88025,227.1989,1.621436,2.987649,0.0944458,6.055553E-05,-0.02439737,0.01906519,-0.9995205,1.529377,2.982999,0.09877348,0.06783635,-0.1513878,0.986144,7,5.7,-7.786341,71.05669,8,-5.7,-26.76024,206.0627
11.81445,12.85,-24.10059,172.0952,1.761027,2.988386,0.09380496,0.001671372,-0.02434423,0.01801181,-0.99954,1.690871,2.984863,0.09724402,0.0639584,-0.1552399,0.9858042,7,5.7,-7.549531,69.3717,8,-5.7,-26.52343,204.3777
11.83838,11.75095,-21.94569,156.511,2.036203,2.98983,0.09247167,0.005717174,-0.02379539,0.01475971,-0.9995915,1.972642,2.986177,0.0954628,0.06161827,-0.1571089,0.9856572,7,5.7,-7.233286,67.12151,8,-5.7,-26.20718,202.1275
11.8562,11.87169,-21.94568,156.5109,2.172048,2.989869,0.0920604,0.008395866,-0.02353068,0.01274365,-0.9996067,2.093393,2.986177,0.0954628,0.06161827,-0.1571089,0.9856572,7,5.7,-6.998602,65.45164,8,-5.7,-25.9725,200.4577
11.88037,10.57519,-19.31701,137.8071,2.444517,2.991824,0.09130394,0.01282234,-0.02271496,0.008500616,-0.9996237,2.372485,2.987548,0.09374475,0.058696,-0.1596046,0.9854345,7,5.7,-6.67903,63.17777,8,-5.7,-25.65293,198.1838
11.89856,10.69442,-19.317,137.807,2.578656,2.990651,0.09086311,0.0164661,-0.02240621,0.006518768,-0.9995921,2.49172,2.987548,0.09374475,0.058696,-0.1596046,0.9854345,7,5.7,-6.438581,61.46688,8,-5.7,-25.41248,196.4729
11.92188,16.76012,-34.40563,245.168,2.84674,2.989357,0.09033543,0.01803215,-0.0208697,0.001565002,-0.9996184,2.766624,2.989021,0.09241021,0.05635567,-0.1505986,0.9869874,7,5.7,-6.12986,59.27022,8,-5.7,-25.10376,194.2763
11.93958,19.4392,-40.89131,291.316,2.979067,2.989874,0.09029977,0.01858404,-0.0201996,-0.0001170869,-0.9996233,2.920436,2.989506,0.09136569,0.05600054,-0.1487612,0.9872862,7,5.7,-5.895607,57.60342,8,-5.7,-24.8695,192.6095
11.96399,19.67162,-40.89131,291.316,3.240542,2.988733,0.09034666,0.02119337,-0.01865766,-0.003216226,-0.9995962,3.152858,2.989506,0.09136569,0.05600054,-0.1487612,0.9872862,7,5.7,-5.573241,55.30967,8,-5.7,-24.54714,190.3157
11.98132,NaN,NaN,NaN,3.369846,2.987777,0.09025449,0.02111998,-0.01760972,-0.005085659,-0.9996089,3.303465,2.989243,0.09060609,0.0545207,-0.1449033,0.9879426,7,5.7,-5.343908,53.67788,8,-5.7,-24.3178,188.6839
12.00537,12.85,-26.50901,190.4958,3.625888,2.986052,0.09053077,0.02175319,-0.0150001,-0.009042459,-0.99961,3.566245,2.988287,0.09036303,0.04812722,-0.1529147,0.9870668,7,5.7,-5.026229,51.41748,8,-5.7,-24.00013,186.4235
12.02307,12.85,-26.15525,188.2123,3.751145,2.985709,0.09107479,0.02258258,-0.01357703,-0.01052144,-0.9995975,3.677584,2.988287,0.09036303,0.04812722,-0.1529147,0.9870668,7,5.7,-4.792019,49.75099,8,-5.7,-23.76592,184.757
12.04712,9.932895,-18.5358,132.2484,3.998635,2.983711,0.09224191,0.02782184,-0.01052485,-0.01384951,-0.9994616,3.932146,2.986591,0.09045362,0.04477053,-0.1605748,0.9860078,7,5.7,-4.47361,47.48539,8,-5.7,-23.44751,182.4914
12.06567,10.04196,-18.53594,132.2493,4.121291,2.982385,0.09295352,0.03007676,-0.008285128,-0.01657449,-0.9993759,4.041174,2.986591,0.09045362,0.04477053,-0.1605748,0.9860078,7,5.7,-4.228533,45.74157,8,-5.7,-23.20243,180.7476
12.08899,10.78157,-20.12916,143.5857,4.36114,2.979869,0.094616,0.03392964,-0.004304312,-0.02042743,-0.9992061,4.288218,2.98478,0.09113824,0.04463118,-0.1588705,0.9862902,7,5.7,-3.921293,43.55545,8,-5.7,-22.89519,178.5615
12.10681,12.85,-29.76858,212.6434,4.47907,2.977932,0.09545805,0.03556788,-0.001945637,-0.02227349,-0.9991171,4.426219,2.982512,0.09248769,0.03913956,-0.1521719,0.9875787,7,5.7,-3.685099,41.87484,8,-5.7,-22.659,176.8809
12.1311,12.85,-28.97288,207.4794,4.709311,2.974446,0.09717722,0.03631436,0.001904048,-0.02538809,-0.9990161,4.630877,2.982512,0.09248769,0.03913956,-0.1521719,0.9875787,7,5.7,-3.364463,39.5934,8,-5.7,-22.33836,174.5994
12.14856,16.56826,-51.73983,368.5074,4.821355,2.973018,0.09813742,0.03657598,0.0034329,-0.02643647,-0.9989753,4.7626,2.979386,0.09424329,0.03168099,-0.1468414,0.9886526,7,5.7,-3.133407,37.94935,8,-5.7,-22.10731,172.9554
12.17236,NaN,NaN,NaN,5.039925,2.969146,0.1000662,0.03930777,0.006496594,-0.02855553,-0.998798,4.988051,2.975563,0.09626675,0.004266368,-0.1446755,0.9894699,7,5.7,-2.81754,35.70184,8,-5.7,-21.79144,170.7079
12.19043,NaN,NaN,NaN,5.143172,2.967478,0.1010904,0.04133709,0.007927179,-0.02905347,-0.9986913,5.079827,2.975563,0.09626675,0.004266368,-0.1446755,0.9894699,7,5.7,-2.580016,34.01176,8,-5.7,-21.55392,169.0178
12.21436,NaN,NaN,NaN,5.343446,2.964766,0.1031444,0.04533175,0.01044329,-0.03039212,-0.998455,5.287831,2.97161,0.09845519,-0.009370967,-0.1399968,0.9901076,7,5.7,-2.262822,31.75482,8,-5.7,-21.23672,166.7609
12.23291,NaN,NaN,NaN,5.43817,2.962929,0.1040805,0.04786115,0.01130269,-0.03144887,-0.9982948,5.37203,2.97161,0.09845519,-0.009370967,-0.1399968,0.9901076,7,5.7,-2.018106,30.01357,8,-5.7,-20.992,165.0196
12.25598,NaN,NaN,NaN,5.619503,2.958494,0.1057668,0.05131836,0.01343826,-0.03487285,-0.9979829,5.561738,2.967558,0.1008073,-0.01540461,-0.1393381,0.9901251,7,5.7,-1.712479,27.83892,8,-5.7,-20.68638,162.845
12.27429,NaN,NaN,NaN,5.703343,2.956241,0.1066901,0.05309809,0.01460589,-0.03758981,-0.9977747,5.663025,2.963434,0.1031797,-0.01987252,-0.1351872,0.9906207,7,5.7,-1.471291,26.12278,8,-5.7,-20.44519,161.1288
12.29834,NaN,NaN,NaN,5.860144,2.951369,0.1087367,0.05728726,0.01657932,-0.0416438,-0.9973511,5.802404,2.963434,0.1031797,-0.01987252,-0.1351872,0.9906207,7,5.7,-1.152524,23.85463,8,-5.7,-20.12642,158.8607
12.31592,NaN,NaN,NaN,5.929012,2.9485,0.109662,0.05872267,0.01779196,-0.04344524,-0.9971698,5.888315,2.958661,0.1054271,-0.0178939,-0.1365023,0.9904782,7,5.7,-0.9200231,22.20031,8,-5.7,-19.89392,157.2064
12.3396,NaN,NaN,NaN,6.056824,2.94243,0.1116849,0.06066174,0.01979112,-0.04519487,-0.9969383,6.024043,2.953079,0.10781,-0.01877941,-0.1345506,0.9907287,7,5.7,-0.6071748,19.97427,8,-5.7,-19.58107,154.9803
12.35791,NaN,NaN,NaN,6.11095,2.939566,0.1128159,0.06049686,0.02060333,-0.04520737,-0.9969313,6.072154,2.953079,0.10781,-0.01877941,-0.1345506,0.9907287,7,5.7,-0.3654227,18.25412,8,-5.7,-19.33932,153.2602
12.38135,NaN,NaN,NaN,6.207346,2.934147,0.1153256,0.06093222,0.02258822,-0.04554544,-0.9968464,6.177337,2.946738,0.110117,-0.02103697,-0.1391993,0.990041,7,5.7,-0.05442744,16.04127,8,-5.7,-19.02833,151.0473
12.40063,NaN,NaN,NaN,6.242866,2.931214,0.1164046,0.06023873,0.02348921,-0.04513252,-0.9968865,6.20891,2.946738,0.110117,-0.02103697,-0.1391993,0.990041,7,5.7,0.2005606,14.22694,8,-5.7,-18.77334,149.233
12.4231,NaN,NaN,NaN,6.300578,2.925248,0.1186386,0.05719233,0.02730763,-0.04654489,-0.9969037,6.276555,2.93995,0.1126447,-0.02440489,-0.1433924,0.989365,7,5.7,0.4970604,12.11723,8,-5.7,-18.47684,147.1233
12.44141,NaN,NaN,NaN,6.314194,2.92274,0.1200669,0.05564881,0.02944869,-0.04607435,-0.9969519,6.301486,2.933207,0.1155026,-0.02483802,-0.1453256,0.9890721,7,5.7,0.7392918,10.39367,8,-5.7,-18.23461,145.3997
12.46558,NaN,NaN,NaN,6.321346,2.91808,0.1226645,0.05420982,0.03341034,-0.04416776,-0.9969926,6.307844,2.933207,0.1155026,-0.02483802,-0.1453256,0.9890721,7,5.7,1.057896,8.126682,8,-5.7,-17.916,143.1328
12.48315,-4.56732,-41.89423,298.4523,6.309401,2.91611,0.1240532,0.05421957,0.03478345,-0.04195648,-0.9970406,6.306009,2.926455,0.1184808,-0.03601898,-0.148473,0.9882603,7,5.7,1.291065,6.467592,8,-5.7,-17.68283,141.4737
12.50671,0.6956401,-19.29296,137.6359,6.271205,2.911892,0.1265046,0.05303975,0.03675006,-0.04025389,-0.9971038,6.275904,2.920155,0.1213431,-0.04002807,-0.159338,0.9864122,7,5.7,1.60178,4.256741,8,-5.7,-17.37212,139.2628
12.52515,0.6662084,-19.2931,137.6367,6.238135,2.90959,0.1274048,0.05118005,0.03763596,-0.04175813,-0.997106,6.246508,2.920155,0.1213431,-0.04002807,-0.159338,0.9864122,7,5.7,1.845311,2.523929,8,-5.7,-17.12859,137.53
12.54834,-1.973519,-27.77349,197.9779,6.152392,2.904975,0.1293514,0.04658091,0.03905255,-0.04192676,-0.9972699,6.169089,2.914718,0.1243198,-0.04063483,-0.1531463,0.9873677,7,5.7,2.153375,0.3319411,8,-5.7,-16.82053,135.338
12.56726,-2.02535,-27.77347,197.9778,6.094077,2.902741,0.1302239,0.04391191,0.03944477,-0.04112212,-0.997409,6.117253,2.914718,0.1243198,-0.04063483,-0.1531463,0.9873677,8,-5.7,-16.57122,133.5641,9,0.7,-34.66375,262.2992
12.59021,-4.746954,-37.72362,268.7767,5.964599,2.898552,0.1310465,0.03870824,0.04086129,-0.04240084,-0.9975141,5.99606,2.909237,0.1272993,-0.0395084,-0.149431,0.9879825,8,-5.7,-16.26729,131.4015,9,0.7,-34.35982,260.1367
12.60852,-0.6804987,-23.88418,170.3039,5.883946,2.897067,0.1311087,0.03548229,0.04158735,-0.04375685,-0.9975455,5.913276,2.903959,0.1295267,-0.03824783,-0.1553872,0.9871129,8,-5.7,-16.02614,129.6857,9,0.7,-34.11867,258.4208
12.63257,-0.8392817,-23.88416,170.3038,5.705311,2.895466,0.1312754,0.03090289,0.04328521,-0.04523561,-0.9975595,5.754489,2.903959,0.1295267,-0.03824783,-0.1553872,0.9871129,8,-5.7,-15.70675,127.4131,9,0.7,-33.79928,256.1482
12.65002,0.4815808,-19.01548,135.6614,5.600681,2.896055,0.1314768,0.03030211,0.04444276,-0.04656813,-0.9974658,5.645548,2.899133,0.1308047,-0.03758675,-0.159509,0.9864807,8,-5.7,-15.47593,125.7707,9,0.7,-33.56846,254.5059
12.67371,0.7095906,-16.89379,120.5648,5.376515,2.898778,0.1323115,0.02972375,0.04634541,-0.0479744,-0.99733,5.425365,2.895951,0.1314799,-0.03860974,-0.1620257,0.9860309,8,-5.7,-15.16417,123.5524,9,0.7,-33.2567,252.2875
12.69153,0.5994917,-16.89379,120.5648,5.252653,2.900567,0.1324934,0.03077984,0.04732545,-0.04842248,-0.9972303,5.315267,2.895951,0.1314799,-0.03860974,-0.1620257,0.9860309,8,-5.7,-14.92735,121.8674,9,0.7,-33.01989,250.6025
12.71545,-3.516613,-27.33132,194.8317,4.992883,2.904533,0.1320854,0.0292968,0.04943372,-0.04946626,-0.9971215,5.058499,2.895893,0.1322589,-0.04348028,-0.1532677,0.9872277,8,-5.7,-14.61153,119.6202,9,0.7,-32.70406,248.3553
12.73389,-3.64178,-27.3313,194.8316,4.852064,2.906919,0.1315771,0.02801685,0.050523,-0.04835295,-0.9971583,4.933327,2.895893,0.1322589,-0.04348028,-0.1532677,0.9872277,8,-5.7,-14.36833,117.8897,9,0.7,-32.46085,246.6248
12.75732,NaN,NaN,NaN,4.561453,2.911864,0.1302681,0.02573615,0.05307619,-0.04543821,-0.9972241,4.644541,2.89871,0.1324449,-0.07759083,-0.1393604,0.9871972,8,-5.7,-14.05794,115.6812,9,0.7,-32.15047,244.4163
12.77515,NaN,NaN,NaN,4.407464,2.914531,0.1293133,0.02456432,0.05470314,-0.04247179,-0.9972965,4.473335,2.903343,0.1320072,-0.1014636,-0.136987,0.9853628,8,-5.7,-13.8217,114.0002,9,0.7,-31.91422,242.7354
12.79968,NaN,NaN,NaN,4.093065,2.919786,0.1274578,0.02378535,0.05853597,-0.03769708,-0.9972897,4.19387,2.903343,0.1320072,-0.1014636,-0.136987,0.9853628,8,-5.7,-13.49862,111.7015,9,0.7,-31.59115,240.4366
12.81677,NaN,NaN,NaN,3.92902,2.922476,0.1262415,0.0241662,0.0606422,-0.03492343,-0.9972557,4.0105,2.908925,0.1309249,-0.1083588,-0.1403056,0.984161,8,-5.7,-13.27267,110.0937,9,0.7,-31.3652,238.8289
12.8407,NaN,NaN,NaN,3.594585,2.927758,0.1230525,0.02358506,0.06458935,-0.02997121,-0.9971828,3.672735,2.915141,0.1289521,-0.1121603,-0.1424604,0.9834252,8,-5.7,-12.95529,107.8354,9,0.7,-31.04781,236.5705
12.85852,NaN,NaN,NaN,3.424252,2.930072,0.1210986,0.02245042,0.06649831,-0.02800517,-0.9971408,3.521327,2.915141,0.1289521,-0.1121603,-0.1424604,0.9834252,8,-5.7,-12.72002,106.1614,9,0.7,-30.81254,234.8965
12.88245,-38.63929,-50.9833,363.1243,3.080776,2.934946,0.1169566,0.0193384,0.06904362,-0.0244362,-0.9971268,3.173121,2.921592,0.1260046,-0.1132044,-0.145944,0.9827945,8,-5.7,-12.40393,103.9123,9,0.7,-30.49646,232.6475
12.90076,-38.79499,-50.9833,363.1243,2.905622,2.93778,0.1149264,0.0178677,0.0694172,-0.02295933,-0.9971635,3.017428,2.921592,0.1260046,-0.1132044,-0.145944,0.9827945,8,-5.7,-12.16105,102.1841,9,0.7,-30.25358,230.9193
12.92419,-23.41043,-32.95822,234.8692,2.555085,2.944015,0.110981,0.01653018,0.07007249,-0.02019093,-0.9972006,2.661283,2.927742,0.1220518,-0.1091318,-0.1502126,0.982612,8,-5.7,-11.85203,99.98534,9,0.7,-29.94456,228.7205
12.94202,-12.85,-20.76136,151.0091,2.377568,2.94738,0.1088436,0.01738859,0.06991039,-0.01956299,-0.9972098,2.457936,2.934005,0.1177133,-0.09972224,-0.1543614,0.982969,8,-5.7,-11.6163,98.30805,9,0.7,-29.70883,227.0432
12.96643,-12.85,-20.27158,147.8902,2.021605,2.953929,0.1040594,0.01863744,0.0691409,-0.01731248,-0.9972826,2.141525,2.934005,0.1177133,-0.09972224,-0.1543614,0.982969,8,-5.7,-11.29316,96.00874,9,0.7,-29.38568,224.7439
12.98389,-32.45765,-51.35559,365.7733,1.841635,2.957395,0.1014278,0.01814761,0.06797221,-0.01534981,-0.997404,1.93497,2.940919,0.1126653,-0.09263595,-0.1462468,0.9849012,8,-5.7,-11.06312,94.37193,9,0.7,-29.15564,223.107
13.00769,-23.113,-39.16367,284.8343,1.481092,2.964488,0.09609661,0.01668696,0.06489071,-0.01045468,-0.9976981,1.567332,2.948536,0.1072303,-0.08543435,-0.1457772,0.9856216,8,-5.7,-10.74765,92.12724,9,0.7,-28.84017,220.8624
13.02563,-23.07152,-38.81773,282.4952,1.299667,2.967999,0.09321499,0.01655035,0.0626841,-0.007943136,-0.9978645,1.406066,2.948536,0.1072303,-0.08543435,-0.1457772,0.9856216,8,-5.7,-10.51022,90.43786,9,0.7,-28.60275,219.173
13.04956,-25.85138,-47.0725,335.2975,0.9359991,2.975011,0.08761434,0.0169852,0.05853364,-0.004105123,-0.9981325,1.035196,2.956617,0.1011866,-0.07908417,-0.1471557,0.9859467,8,-5.7,-10.19471,88.19291,9,0.7,-28.28724,216.928
13.0675,-26.01596,-47.07244,335.297,0.7508023,2.978923,0.08492877,0.01853218,0.05584503,-0.002105621,-0.9982653,0.8705767,2.956617,0.1011866,-0.07908417,-0.1471557,0.9859467,8,-5.7,-9.956635,86.49889,9,0.7,-28.04916,215.234
13.09131,-23.06224,-44.93517,320.0896,0.3813885,2.985375,0.07945621,0.02211215,0.05124808,0.0009080785,-0.9984407,0.4942091,2.964953,0.09465659,-0.07261173,-0.1476501,0.9863706,8,-5.7,-9.643053,84.26765,9,0.7,-27.73558,213.0028
13.10913,NaN,NaN,NaN,0.1932268,2.988361,0.076749,0.02424613,0.04864747,0.001948931,-0.9985198,0.2784455,2.973531,0.08813751,-0.04439552,-0.1429839,0.9887288,8,-5.7,-9.405926,82.5804,9,0.7,-27.49845,211.3155
13.1333,NaN,NaN,NaN,-0.1805751,2.993242,0.07157405,0.02865843,0.04439804,0.003244386,-0.9985975,-0.05382283,2.973531,0.08813751,-0.04439552,-0.1429839,0.9887288,8,-5.7,-9.087072,80.31164,9,0.7,-27.1796,209.0468
13.151,NaN,NaN,NaN,-0.3683049,2.995469,0.06900484,0.03010413,0.04267818,0.002412441,-0.9986324,-0.269769,2.981662,0.08161843,-0.009681535,-0.1367734,0.990555,8,-5.7,-8.853854,78.65221,9,0.7,-26.94638,207.3873
13.17468,NaN,NaN,NaN,-0.7447471,2.999598,0.06433455,0.03260944,0.03847555,0.002459507,-0.9987243,-0.6541072,2.988844,0.07518947,3.316713E-07,-0.1369253,0.9905814,8,-5.7,-8.539223,76.41349,9,0.7,-26.63175,205.1486
13.19263,NaN,NaN,NaN,-0.931455,3.000264,0.06187707,0.03479647,0.03668118,0.003260542,-0.9987158,-0.8200698,2.988844,0.07518947,3.316713E-07,-0.1369253,0.9905814,8,-5.7,-8.302834,74.73149,9,0.7,-26.39536,203.4666
13.21655,NaN,NaN,NaN,-1.303458,3.001422,0.05780993,0.03539646,0.03334218,0.003771692,-0.9988099,-1.20056,2.994494,0.06911123,-0.003369831,-0.1378851,0.9904426,8,-5.7,-7.986,72.4771,9,0.7,-26.07853,201.2122
13.23462,NaN,NaN,NaN,-1.488125,3.001874,0.05600978,0.03689767,0.03162237,0.004880236,-0.9988067,-1.364709,2.994494,0.06911123,-0.003369831,-0.1378851,0.9904426,8,-5.7,-7.748134,70.78459,9,0.7,-25.84066,199.5197
13.25842,NaN,NaN,NaN,-1.854328,3.00158,0.0528008,0.03907333,0.02862349,0.0060026,-0.9988083,-1.740011,2.998193,0.06347108,-0.0009007636,-0.1386438,0.9903419,8,-5.7,-7.432589,68.53937,9,0.7,-25.52512,197.2745
13.27649,NaN,NaN,NaN,-2.035506,3.001629,0.05154573,0.03967848,0.02724189,0.007061399,-0.9988161,-1.950548,3.000195,0.05846417,-0.002102799,-0.1366785,0.9906133,8,-5.7,-7.193832,66.84052,9,0.7,-25.28636,195.5757
13.30042,NaN,NaN,NaN,-2.392615,3.000379,0.04909066,0.0417394,0.02382804,0.009241943,-0.9988016,-2.267979,3.000195,0.05846417,-0.002102799,-0.1366785,0.9906133,8,-5.7,-6.878133,64.59421,9,0.7,-24.97066,193.3293
13.31836,NaN,NaN,NaN,-2.568067,2.999338,0.04810654,0.04117298,0.02201177,0.009594517,-0.9988635,-2.472861,3.000869,0.05423343,0.001472261,-0.1383731,0.9903791,8,-5.7,-6.640491,62.9033,9,0.7,-24.73302,191.6384
13.34192,NaN,NaN,NaN,-2.915527,2.998409,0.04669908,0.04154177,0.01797902,0.01157366,-0.998908,-2.829879,3.000166,0.05091786,0.003187265,-0.1367985,0.9905937,8,-5.7,-6.329386,60.68967,9,0.7,-24.42191,189.4248
13.36035,NaN,NaN,NaN,-3.086182,2.996322,0.04650126,0.04286531,0.01567645,0.01236549,-0.9988814,-2.981572,3.000166,0.05091786,0.003187265,-0.1367985,0.9905937,8,-5.7,-6.08494,58.95034,9,0.7,-24.17747,187.6855
13.38367,NaN,NaN,NaN,-3.419544,2.994343,0.04584643,0.04259393,0.01201546,0.01258331,-0.998941,-3.325075,2.998631,0.04844427,0.00738019,-0.1370959,0.9905303,8,-5.7,-5.776793,56.75776,9,0.7,-23.86932,185.4929
13.40186,NaN,NaN,NaN,-3.581444,2.992929,0.04594786,0.04395717,0.0106163,0.01212822,-0.9989034,-3.468987,2.998631,0.04844427,0.00738019,-0.1370959,0.9905303,8,-5.7,-5.536327,55.04676,9,0.7,-23.62885,183.7819
13.42542,NaN,NaN,NaN,-3.901763,2.990026,0.04649833,0.04526139,0.007437616,0.01284199,-0.9988649,-3.799663,2.996263,0.04676044,0.0008039902,-0.1369883,0.9905723,8,-5.7,-5.225245,52.8333,9,0.7,-23.31777,181.5685
13.44348,NaN,NaN,NaN,-4.05603,2.988914,0.04715668,0.04560864,0.006222554,0.01301253,-0.9988553,-3.98135,2.993408,0.04608095,0.002956544,-0.1405111,0.9900747,8,-5.7,-4.985653,51.12851,9,0.7,-23.07818,179.8637
13.46729,NaN,NaN,NaN,-4.358225,2.985709,0.04855867,0.04690861,0.003521495,0.01380554,-0.9987977,-4.249969,2.993408,0.04608095,0.002956544,-0.1405111,0.9900747,8,-5.7,-4.671648,48.89425,9,0.7,-22.76417,177.6294
13.48511,NaN,NaN,NaN,-4.504857,2.983712,0.04943803,0.04708914,0.002237514,0.0146029,-0.9987815,-4.423381,2.990246,0.04648423,0.006260857,-0.1404465,0.9900685,8,-5.7,-4.435374,47.21307,9,0.7,-22.5279,175.9482
13.50903,NaN,NaN,NaN,-4.789905,2.9798,0.05156688,0.04768136,-0.000201501,0.01679783,-0.9987214,-4.718128,2.986782,0.04772055,0.006509548,-0.1421857,0.9898186,8,-5.7,-4.119376,44.96463,9,0.7,-22.2119,173.6998
13.5271,NaN,NaN,NaN,-4.926458,2.977539,0.0528186,0.04741943,-0.001663871,0.01861232,-0.9987003,-4.839509,2.986782,0.04772055,0.006509548,-0.1421857,0.9898186,8,-5.7,-3.881049,43.26884,9,0.7,-21.97358,172.004
13.55078,NaN,NaN,NaN,-5.189928,2.97356,0.05559902,0.04684784,-0.004454315,0.02123221,-0.9986665,-5.113317,2.982698,0.04970932,0.007279926,-0.1465254,0.9891801,8,-5.7,-3.567464,41.03757,9,0.7,-21.65999,169.7727
13.5686,NaN,NaN,NaN,-5.315636,2.970633,0.05713977,0.04745679,-0.005978398,0.02249502,-0.9986021,-5.225057,2.982698,0.04970932,0.007279926,-0.1465254,0.9891801,8,-5.7,-3.331261,39.3569,9,0.7,-21.42379,168.0921
13.59253,-2.356824,-52.14679,371.403,-5.55843,2.964938,0.06005706,0.04571315,-0.008779988,0.02446717,-0.9986164,-5.478468,2.977959,0.05228901,0.008314791,-0.1468299,0.9891268,8,-5.7,-3.014694,37.10441,9,0.7,-21.10722,165.8396
13.61047,-1.084427,-50.81682,361.9397,-5.673039,2.962229,0.0615966,0.04419955,-0.01014394,0.0253954,-0.9986484,-5.615758,2.972569,0.05547488,0.01238448,-0.1470105,0.9890574,8,-5.7,-2.777986,35.42014,9,0.7,-20.87051,164.1553
13.6344,-1.281036,-50.81675,361.9392,-5.894217,2.955721,0.06446183,0.04191738,-0.01275847,0.02726286,-0.9986675,-5.812361,2.972569,0.05547488,0.01238448,-0.1470105,0.9890574,8,-5.7,-2.461983,33.17166,9,0.7,-20.55451,161.9068
13.65222,NaN,NaN,NaN,-5.998013,2.952003,0.06585278,0.04059665,-0.01401071,0.02854658,-0.9986695,-5.937844,2.966272,0.05886793,0.008134792,-0.1452165,0.9893665,8,-5.7,-2.225532,31.48922,9,0.7,-20.31806,160.2244
13.67615,-3.034199,-37.20195,265.0648,-6.194247,2.944834,0.06907912,0.03909256,-0.01610032,0.03117962,-0.9986193,-6.143219,2.95911,0.0622673,0.01159881,-0.1498287,0.9886439,8,-5.7,-1.909365,29.23958,9,0.7,-20.00189,157.9747
13.69409,-3.114715,-37.202,265.0652,-6.284832,2.941239,0.07091049,0.03929926,-0.01688669,0.03258216,-0.9985534,-6.223738,2.95911,0.0622673,0.01159881,-0.1498287,0.9886439,8,-5.7,-1.672446,27.55382,9,0.7,-19.76497,156.289
13.71838,-4.217715,-26.13122,186.2926,-6.454873,2.933813,0.07458252,0.04047002,-0.01803224,0.03536147,-0.998392,-6.403277,2.951097,0.06597888,0.01159473,-0.1542857,0.9879583,8,-5.7,-1.351421,25.2696,9,0.7,-19.44395,154.0048
13.73572,-4.285162,-26.13122,186.2926,-6.530753,2.929708,0.07634736,0.04090398,-0.01870688,0.03710474,-0.9982986,-6.470726,2.951097,0.06597888,0.01159473,-0.1542857,0.9879583,8,-5.7,-1.122018,23.63732,9,0.7,-19.21454,152.3725
13.75964,-4.465048,-20.48525,146.1195,-6.670327,2.922261,0.08019032,0.0399946,-0.01991544,0.04003166,-0.9981991,-6.620578,2.942574,0.06997406,0.01457108,-0.1583686,0.9872726,8,-5.7,-0.8064229,21.39174,9,0.7,-18.89895,150.1269
13.77747,-4.111427,-20.43784,145.7821,-6.729912,2.918742,0.08209456,0.03977545,-0.02050993,0.04181166,-0.9981228,-6.696502,2.933535,0.07429671,0.01751491,-0.1583502,0.9872276,8,-5.7,-0.5707774,19.71503,9,0.7,-18.6633,148.4502
13.80139,-4.205718,-20.43784,145.7821,-6.835989,2.911514,0.08567594,0.03876644,-0.02241705,0.04563469,-0.997954,-6.790792,2.933535,0.07429671,0.01751491,-0.1583502,0.9872276,8,-5.7,-0.2539806,17.46091,9,0.7,-18.34651,146.1961
13.81934,-3.021078,-24.38462,173.8649,-6.87722,2.907973,0.08745685,0.03781448,-0.02340105,0.04689538,-0.9979095,-6.847314,2.924527,0.0787183,0.02174488,-0.1552005,0.9876437,8,-5.7,-0.01746756,15.77803,9,0.7,-18.10999,144.5132
13.84314,-2.983923,-22.7889,162.5107,-6.946766,2.901597,0.09094538,0.03606462,-0.02531532,0.04968138,-0.9977927,-6.925557,2.915777,0.08313298,0.02396186,-0.1562631,0.9874248,8,-5.7,0.2981504,13.53229,9,0.7,-17.79437,142.2675
13.86108,-3.0046,-22.7889,162.5107,-6.970028,2.899038,0.09271083,0.03564581,-0.02630359,0.05152125,-0.9976889,-6.946234,2.915777,0.08313298,0.02396186,-0.1562631,0.9874248,8,-5.7,0.5359244,11.84044,9,0.7,-17.5566,140.5756
13.88489,-3.171489,-19.79951,141.2402,-7.001497,2.893806,0.09591907,0.03545834,-0.02735481,0.05326644,-0.9975756,-6.986886,2.907434,0.08744013,0.02667768,-0.1587694,0.9869552,8,-5.7,0.8503215,9.603391,9,0.7,-17.2422,138.3386
13.90283,-3.174057,-19.79948,141.24,-7.00438,2.891211,0.09717277,0.03437263,-0.02801688,0.05435199,-0.9975367,-6.98945,2.907434,0.08744013,0.02667768,-0.1587694,0.9869552,8,-5.7,1.087719,7.914221,9,0.7,-17.0048,136.6494
13.92664,-3.707509,-19.44548,138.7212,-6.993854,2.887029,0.0995221,0.03087261,-0.02936744,0.05674084,-0.9974793,-6.989042,2.900063,0.09162414,0.02336323,-0.1590914,0.9869874,8,-5.7,1.401767,5.67965,9,0.7,-16.69076,134.4148
13.9447,-4.13379,-21.26833,151.6913,-6.974786,2.8855,0.1006609,0.02907959,-0.02988022,0.05763139,-0.9974669,-6.976822,2.893539,0.0953989,0.01851709,-0.1573697,0.9873661,8,-5.7,1.641203,3.975977,9,0.7,-16.45132,132.7112
13.96851,-4.087041,-21.26836,151.6916,-6.922199,2.883301,0.1028748,0.0265654,-0.0308485,0.05950972,-0.9973972,-6.930078,2.893539,0.0953989,0.01851709,-0.1573697,0.9873661,8,-5.7,1.954885,1.744012,9,0.7,-16.13764,130.4792
13.98669,-3.303095,-19.10396,136.2911,-6.882473,2.88278,0.1040139,0.02633161,-0.03139453,0.060985,-0.9972973,-6.895122,2.888056,0.09857547,0.02602853,-0.1593585,0.9868776,8,-5.7,2.196143,0.02736986,9,0.7,-15.89638,128.7626
14.01013,-3.469673,-19.80616,141.2875,-6.788453,2.882258,0.105974,0.02604819,-0.03233265,0.06390379,-0.997092,-6.807431,2.884164,0.1014713,0.02333499,-0.1586329,0.9870618,9,0.7,-15.5862,126.5555,10,-5.7,-33.67867,255.2898
14.02869,-3.415847,-19.80617,141.2875,-6.727898,2.882121,0.1067197,0.02641152,-0.03275516,0.06483889,-0.9970083,-6.753605,2.884164,0.1014713,0.02333499,-0.1586329,0.9870618,9,0.7,-15.34087,124.8099,10,-5.7,-33.43333,253.5442
14.05188,-3.477388,-17.72116,126.452,-6.59362,2.882564,0.1082258,0.02645405,-0.0337976,0.06569482,-0.9969164,-6.625716,2.882006,0.1040682,0.02458567,-0.1608926,0.9866657,9,0.7,-15.03472,122.6315,10,-5.7,-33.12718,251.3658
14.07031,1.921481,-42.27383,301.1531,-6.513326,2.883858,0.109126,0.02617953,-0.03476743,0.06644691,-0.9968404,-6.541423,2.881204,0.1062348,0.02778985,-0.1482767,0.9885554,9,0.7,-14.79123,120.899,10,-5.7,-32.88369,249.6333
14.09375,2.076214,-42.27377,301.1527,-6.339239,2.887871,0.1111934,0.02600622,-0.03713203,0.06807912,-0.9966495,-6.386679,2.881204,0.1062348,0.02778985,-0.1482767,0.9885554,9,0.7,-14.48177,118.6971,10,-5.7,-32.57423,247.4314
14.11194,1.87684,-39.41721,280.8272,-6.238612,2.890799,0.1122662,0.02647857,-0.03891345,0.06887334,-0.9965145,-6.279987,2.881982,0.1082222,0.02872071,-0.1489381,0.9884294,9,0.7,-14.24078,116.9824,10,-5.7,-32.33324,245.7166
14.1355,2.063586,-39.41721,280.8272,-6.028523,2.897012,0.1143765,0.02553556,-0.04238201,0.06961967,-0.9963458,-6.093242,2.881982,0.1082222,0.02872071,-0.1489381,0.9884294,9,0.7,-13.92967,114.7687,10,-5.7,-32.02213,243.503
14.15381,0.04458571,-28.74135,204.8644,-5.91442,2.900906,0.1152918,0.02417271,-0.04463419,0.06996855,-0.9962569,-5.970142,2.885449,0.1104333,0.02901888,-0.1525878,0.9878638,9,0.7,-13.68742,113.045,10,-5.7,-31.77989,241.7793
14.17712,0.4308959,-25.93757,184.9145,-5.675247,2.909089,0.1170001,0.02090156,-0.04856956,0.06914075,-0.9962047,-5.732149,2.891399,0.1128504,0.0329331,-0.1540516,0.9875138,9,0.7,-13.3786,110.8476,10,-5.7,-31.47107,239.5819
14.19543,0.5451084,-25.93756,184.9145,-5.546758,2.913652,0.1176717,0.01849557,-0.05035864,0.06708726,-0.9963039,-5.617936,2.891399,0.1128504,0.0329331,-0.1540516,0.9875138,9,0.7,-13.13643,109.1245,10,-5.7,-31.22889,237.8587
14.21899,3.169055,-29.58189,210.8452,-5.283158,2.923193,0.1190464,0.01511423,-0.05339142,0.0627156,-0.9964877,-5.354747,2.89953,0.1151811,0.0399449,-0.152217,0.9875395,9,0.7,-12.82559,106.9127,10,-5.7,-30.91805,235.647
14.23743,2.021481,-20.93822,149.3425,-5.144404,2.928368,0.119742,0.01440733,-0.05438758,0.05975492,-0.9966263,-5.199337,2.909423,0.117252,0.04772793,-0.1576274,0.9863446,9,0.7,-12.58084,105.1712,10,-5.7,-30.6733,233.9055
14.26074,2.271985,-20.93821,149.3425,-4.862583,2.938689,0.1207872,0.01376233,-0.05568424,0.0545161,-0.996864,-4.94883,2.909423,0.117252,0.04772793,-0.1576274,0.9863446,9,0.7,-12.2731,102.9815,10,-5.7,-30.36556,231.7158
14.27917,3.396479,-21.88415,156.0732,-4.717582,2.943445,0.1210446,0.01420908,-0.05577906,0.05231698,-0.9969704,-4.785239,2.920659,0.1190281,0.05174168,-0.1568671,0.9862635,9,0.7,-12.0295,101.2483,10,-5.7,-30.12196,229.9826
14.30237,3.656801,-21.88416,156.0733,-4.424727,2.952761,0.1214807,0.01406568,-0.05595515,0.04820976,-0.9971696,-4.524924,2.920659,0.1190281,0.05174168,-0.1568671,0.9862635,9,0.7,-11.72215,99.06138,10,-5.7,-29.81462,227.7957
14.32092,5.025215,-30.10136,214.5415,-4.274596,2.957352,0.1217456,0.01431905,-0.05550287,0.04594906,-0.9972979,-4.354826,2.932568,0.1203396,0.04319543,-0.1521225,0.9874173,9,0.7,-11.47789,97.32338,10,-5.7,-29.57036,226.0577
14.34436,NaN,NaN,NaN,-3.970505,2.966904,0.1223114,0.01506923,-0.05434792,0.04068159,-0.9975792,-4.046344,2.944276,0.121212,0.04734164,-0.1441559,0.9884219,9,0.7,-11.16826,95.1202,10,-5.7,-29.26072,223.8545
14.36243,NaN,NaN,NaN,-3.815139,2.971487,0.1225517,0.01567178,-0.05335578,0.03810086,-0.9977254,-3.908241,2.944276,0.121212,0.04734164,-0.1441559,0.9884219,9,0.7,-10.929,93.4178,10,-5.7,-29.02146,222.1521
14.38611,NaN,NaN,NaN,-3.506238,2.979725,0.1229365,0.01611347,-0.05109085,0.03277021,-0.9980262,-3.593984,2.955771,0.121869,0.04088079,-0.1428695,0.9888969,9,0.7,-10.61586,91.18966,10,-5.7,-28.70832,219.924
14.40417,NaN,NaN,NaN,-3.351311,2.983342,0.1231878,0.01644522,-0.04956846,0.03097847,-0.9981548,-3.415872,2.966828,0.1224513,0.03869776,-0.1416221,0.9891641,9,0.7,-10.37714,89.49109,10,-5.7,-28.4696,218.2254
14.42786,NaN,NaN,NaN,-3.040914,2.9902,0.1238365,0.01782564,-0.04662002,0.02813232,-0.9983574,-3.139963,2.966828,0.1224513,0.03869776,-0.1416221,0.9891641,9,0.7,-10.06431,87.26524,10,-5.7,-28.15678,215.9995
14.4458,NaN,NaN,NaN,-2.884217,2.993141,0.1242962,0.0190744,-0.04499429,0.02716718,-0.9984356,-2.959769,2.976869,0.122995,0.02831485,-0.1396409,0.9897973,9,0.7,-9.82636,85.57211,10,-5.7,-27.91882,214.3064
14.4696,NaN,NaN,NaN,-2.572253,2.997505,0.1247998,0.02139517,-0.04187201,0.02428825,-0.9985986,-2.641161,2.985624,0.1235512,0.02343843,-0.1366476,0.9903424,9,0.7,-9.511339,83.33063,10,-5.7,-27.6038,212.0649
14.48792,NaN,NaN,NaN,-2.41678,2.999148,0.1249983,0.02184831,-0.04016856,0.02265355,-0.9986972,-2.502963,2.985624,0.1235512,0.02343843,-0.1366476,0.9903424,9,0.7,-9.269187,81.60763,10,-5.7,-27.36165,210.3419
14.51135,NaN,NaN,NaN,-2.111128,3.001886,0.1262866,0.02372968,-0.03667823,0.01972118,-0.9988508,-2.189668,2.992537,0.1239399,0.02351793,-0.1331556,0.9908161,9,0.7,-8.95925,79.40232,10,-5.7,-27.05172,208.1366
14.52954,NaN,NaN,NaN,-1.959756,3.002815,0.1270193,0.02415333,-0.03491436,0.01825723,-0.9989316,-2.055116,2.992537,0.1239399,0.02351793,-0.1331556,0.9908161,9,0.7,-8.719315,77.69509,10,-5.7,-26.81178,206.4294
14.55322,NaN,NaN,NaN,-1.658903,3.00374,0.1285284,0.02506227,-0.03166548,0.01503264,-0.9990712,-1.746529,2.997589,0.1250907,0.02475768,-0.1406108,0.9897554,9,0.7,-8.406568,75.46978,10,-5.7,-26.49903,204.204
14.57117,NaN,NaN,NaN,-1.511129,3.004004,0.1294825,0.02481045,-0.03032976,0.01386022,-0.9991359,-1.574478,3.000848,0.1265744,0.024366,-0.140168,0.9898279,9,0.7,-8.169217,73.78094,10,-5.7,-26.26168,202.5152
14.59497,NaN,NaN,NaN,-1.218033,3.004356,0.1317427,0.02546904,-0.02783299,0.0115837,-0.999221,-1.313949,3.000848,0.1265744,0.024366,-0.140168,0.9898279,9,0.7,-7.854391,71.54084,10,-5.7,-25.94686,200.2751
14.61292,NaN,NaN,NaN,-1.07408,3.003783,0.1328492,0.0268291,-0.02659913,0.01026832,-0.9992334,-1.14582,3.002543,0.128508,0.01798849,-0.141314,0.9898013,9,0.7,-7.616228,69.84622,10,-5.7,-25.70869,198.5805
14.63684,NaN,NaN,NaN,-0.792388,3.003092,0.135546,0.02699448,-0.02356345,0.007236057,-0.9993317,-0.8560724,3.00307,0.1308495,0.0224562,-0.1421561,0.9895895,9,0.7,-7.300326,67.59846,10,-5.7,-25.39279,196.3327
14.65466,NaN,NaN,NaN,-0.654025,3.002671,0.1367499,0.02859058,-0.02200255,0.006329285,-0.999329,-0.733083,3.00307,0.1308495,0.0224562,-0.1421561,0.9895895,9,0.7,-7.064527,65.92066,10,-5.7,-25.15699,194.6549
14.67871,NaN,NaN,NaN,-0.384316,2.999714,0.1393014,0.03026082,-0.01928408,0.005226848,-0.9993424,-0.455019,3.002576,0.1335289,0.01710425,-0.1397148,0.9900441,9,0.7,-6.74786,63.66747,10,-5.7,-24.84033,192.4017
14.69653,NaN,NaN,NaN,-0.2544247,2.999439,0.1407692,0.02894321,-0.01843805,0.005789073,-0.9993943,-0.33956,3.002576,0.1335289,0.01710425,-0.1397148,0.9900441,9,0.7,-6.511086,61.98272,10,-5.7,-24.60355,190.717
14.72034,NaN,NaN,NaN,0.0008327588,2.9981,0.143994,0.02987695,-0.01682908,0.005968984,-0.9993941,-0.07549638,3.001186,0.1365533,0.01357161,-0.1434203,0.9895688,9,0.7,-6.196277,59.74274,10,-5.7,-24.28874,188.477
14.73828,NaN,NaN,NaN,0.1254669,2.996234,0.1456441,0.03118856,-0.0158579,0.00496402,-0.9993754,0.07096721,2.999173,0.1399176,0.01094248,-0.1441235,0.9894992,9,0.7,-5.959492,58.05793,10,-5.7,-24.05196,186.7922
14.76208,NaN,NaN,NaN,0.3672052,2.993581,0.1487526,0.03102651,-0.01432655,0.003657825,-0.9994093,0.2858457,2.999173,0.1399176,0.01094248,-0.1441235,0.9894992,9,0.7,-5.644948,55.81984,10,-5.7,-23.73742,184.5541
14.78003,NaN,NaN,NaN,0.4831403,2.992227,0.1505837,0.031264,-0.01401335,0.003541864,-0.9994067,0.423301,2.996894,0.1434989,0.01363961,-0.1429521,0.9896356,9,0.7,-5.407358,54.1293,10,-5.7,-23.49982,182.8636
14.80383,NaN,NaN,NaN,0.709603,2.989024,0.154269,0.03354628,-0.01331555,0.002631158,-0.9993451,0.6574935,2.993955,0.1472852,0.01247749,-0.1440715,0.9894886,9,0.7,-5.092616,51.88979,10,-5.7,-23.18508,180.6241
14.8219,NaN,NaN,NaN,0.8183556,2.986774,0.1561281,0.03458955,-0.0130061,0.001571451,-0.9993158,0.7541625,2.993955,0.1472852,0.01247749,-0.1440715,0.9894886,9,0.7,-4.853827,50.19072,10,-5.7,-22.94629,178.925
14.84558,6.827226,-57.19785,407.3431,1.029975,2.983475,0.1599028,0.03465951,-0.0120839,-0.001313803,-0.9993253,0.9735147,2.990428,0.1513895,0.01421985,-0.1462096,0.9891514,9,0.7,-4.540885,47.96402,10,-5.7,-22.63335,176.6983
14.86389,6.919069,-57.19778,407.3426,1.133307,2.981648,0.1618243,0.03582167,-0.01162522,-0.003458704,-0.9992846,1.065365,2.990428,0.1513895,0.01421985,-0.1462096,0.9891514,9,0.7,-4.298733,46.24102,10,-5.7,-22.3912,174.9753
14.88733,8.102333,-54.0127,384.6796,1.334042,2.976093,0.165276,0.03760775,-0.010579,-0.007760098,-0.9992065,1.273455,2.986243,0.1557204,0.01756464,-0.1466077,0.9890388,9,0.7,-3.988118,44.03088,10,-5.7,-22.08058,172.7652
14.9054,7.915391,-54.50765,388.2014,1.43005,2.973235,0.167067,0.03656992,-0.009947047,-0.009572405,-0.9992358,1.387155,2.981837,0.1602358,0.01663961,-0.1465331,0.9890658,9,0.7,-3.749981,42.33645,10,-5.7,-21.84245,171.0707
14.92908,8.081252,-54.50758,388.2009,1.616654,2.967629,0.1706966,0.03788117,-0.008694328,-0.01307205,-0.999159,1.553026,2.981837,0.1602358,0.01663961,-0.1465331,0.9890658,9,0.7,-3.436264,40.10423,10,-5.7,-21.52873,168.8385
14.94739,6.594173,-50.84601,362.1475,1.703795,2.964411,0.1724792,0.03918935,-0.007715635,-0.01568429,-0.999079,1.657458,2.976187,0.1646065,0.01348845,-0.147057,0.9890361,9,0.7,-3.195468,38.39088,10,-5.7,-21.28794,167.1252
14.97095,5.692336,-55.71536,396.7947,1.870919,2.957494,0.1758566,0.04030256,-0.005699374,-0.01957678,-0.9989795,1.831268,2.969671,0.1690718,0.009629499,-0.1463605,0.9891844,9,0.7,-2.883722,36.17269,10,-5.7,-20.97619,164.907
14.98914,5.763056,-55.71544,396.7952,1.950473,2.9537,0.177559,0.04066157,-0.004346721,-0.02101689,-0.9989425,1.901983,2.969671,0.1690718,0.009629499,-0.1463605,0.9891844,9,0.7,-2.642616,34.45713,10,-5.7,-20.73508,163.1914
15.0127,NaN,NaN,NaN,2.099092,2.946339,0.1811315,0.0428661,-0.002342291,-0.02235981,-0.9988279,2.057913,2.962154,0.1732458,0.007151708,-0.143877,0.9895698,9,0.7,-2.330804,32.23847,10,-5.7,-20.42327,160.9728
15.03125,NaN,NaN,NaN,2.163881,2.943519,0.1831626,0.04318494,-0.001743518,-0.02214312,-0.9988202,2.115503,2.962154,0.1732458,0.007151708,-0.143877,0.9895698,9,0.7,-2.085268,30.4914,10,-5.7,-20.17774,159.2257
15.05432,4.401417,-54.28897,386.6454,2.287184,2.937793,0.1871671,0.04559691,0.0006348863,-0.02373549,-0.9986777,2.24704,2.95375,0.1773055,0.005514277,-0.1465168,0.9891928,9,0.7,-1.7809,28.3257,10,-5.7,-19.87337,157.06
15.07239,NaN,NaN,NaN,2.338612,2.934026,0.1892278,0.04665701,0.001561135,-0.02409917,-0.9986191,2.312304,2.945536,0.1816922,0.002366253,-0.145444,0.9893637,9,0.7,-1.541616,26.62311,10,-5.7,-19.63408,155.3574
15.09619,NaN,NaN,NaN,2.427982,2.927478,0.19305,0.04696179,0.002962723,-0.0235929,-0.9986137,2.391743,2.945536,0.1816922,0.002366253,-0.145444,0.9893637,9,0.7,-1.226735,24.38262,10,-5.7,-19.3192,153.1169
15.11414,1.621621,-52.33495,372.7418,2.462842,2.925399,0.1952491,0.04699699,0.004142694,-0.02396823,-0.9985989,2.439512,2.9376,0.1864824,-0.002171583,-0.146754,0.9891706,9,0.7,-0.9893868,22.6938,10,-5.7,-19.08186,151.4281
15.13794,-12.13197,-53.03174,377.6998,2.518985,2.921294,0.1994444,0.04873668,0.006309293,-0.02464473,-0.9984877,2.503145,2.930171,0.1911767,-0.0383204,-0.14653,0.9884637,9,0.7,-0.6755731,20.4609,10,-5.7,-18.76804,149.1952
15.15613,-12.11834,-53.03181,377.7003,2.534351,2.918927,0.2010696,0.04910563,0.007049373,-0.02347138,-0.9984929,2.516804,2.930171,0.1911767,-0.0383204,-0.14653,0.9884637,9,0.7,-0.4349875,18.74904,10,-5.7,-18.52746,147.4833
15.17969,-12.85,-49.46088,356.0601,2.551758,2.91435,0.2039481,0.04715912,0.007993922,-0.02117109,-0.998631,2.542437,2.923963,0.1960182,-0.04275341,-0.145502,0.9884338,9,0.7,-0.1230646,16.52959,10,-5.7,-18.21553,145.2639
15.19849,-12.85,-49.45313,356.0074,2.549199,2.913076,0.2053196,0.04452205,0.008504629,-0.02066414,-0.9987585,2.540162,2.923963,0.1960182,-0.04275341,-0.145502,0.9884338,9,0.7,0.1243885,14.76887,10,-5.7,-17.96808,143.5032
15.22144,-12.85,-49.00865,352.4505,2.526258,2.910888,0.207419,0.04146497,0.01018019,-0.0215934,-0.9988547,2.526328,2.918463,0.2006336,-0.04314484,-0.1457036,0.988387,9,0.7,0.4285843,12.60441,10,-5.7,-17.66389,141.3387
15.23962,-8.664255,-36.28605,258.5479,2.502108,2.910089,0.2081163,0.04055069,0.01155145,-0.02340536,-0.9988365,2.507224,2.9138,0.2043238,-0.04271432,-0.1498813,0.9877809,9,0.7,0.6696148,10.88939,10,-5.7,-17.42286,139.6237
15.26331,-8.720576,-36.286,258.5476,2.438731,2.908729,0.2091191,0.03922956,0.01351912,-0.02568265,-0.9988087,2.450889,2.9138,0.2043238,-0.04271432,-0.1498813,0.9877809,9,0.7,0.9821312,8.665717,10,-5.7,-17.11034,137.4
15.28149,-6.772562,-28.82039,205.4271,2.394,2.908547,0.2094183,0.03903764,0.0141967,-0.02619128,-0.9987936,2.409042,2.910532,0.2069511,-0.04417171,-0.1526541,0.9872921,9,0.7,1.22266,6.954264,10,-5.7,-16.86981,135.6886
15.30493,-6.075935,-24.87647,177.3646,2.28967,2.909019,0.210124,0.03955466,0.01564245,-0.02729386,-0.9987221,2.309909,2.90847,0.2086643,-0.04671322,-0.1547756,0.9868447,9,0.7,1.532925,4.746616,10,-5.7,-16.55955,133.4809
15.323,-6.135078,-24.87646,177.3645,2.223127,2.909874,0.210401,0.04059356,0.01647857,-0.02744661,-0.9986628,2.250759,2.90847,0.2086643,-0.04671322,-0.1547756,0.9868447,9,0.7,1.771998,3.045521,10,-5.7,-16.32047,131.7798
15.3468,NaN,NaN,NaN,2.076893,2.911906,0.2102703,0.04065655,0.01796658,-0.02660077,-0.9986574,2.109966,2.907612,0.2098719,-0.04930885,-0.1441547,0.9883259,9,0.7,2.08619,0.8099301,10,-5.7,-16.00628,129.5442
15.36548,NaN,NaN,NaN,1.990958,2.913452,0.2098246,0.03841607,0.0190274,-0.02603955,-0.9987413,2.033579,2.907612,0.2098719,-0.04930885,-0.1441547,0.9883259,10,-5.7,-15.75996,127.7916,11,5.7,-34.2582,259.4137
15.38855,NaN,NaN,NaN,1.806031,2.917962,0.2088303,0.0345544,0.021862,-0.02660004,-0.9988095,1.854205,2.908677,0.2104034,-0.05412344,-0.1439627,0.9881019,10,-5.7,-15.45476,125.62,11,5.7,-33.953,257.2421
15.40662,-12.84486,-35.39683,256.6169,1.701849,2.920622,0.2080772,0.03341346,0.02408774,-0.02734951,-0.998777,1.742249,2.911337,0.2101669,-0.05617713,-0.1475305,0.9874609,10,-5.7,-15.21503,123.9142,11,5.7,-33.71327,255.5363
15.43054,-12.94294,-35.14229,254.9132,1.482461,2.926383,0.2061413,0.03221396,0.02817678,-0.02719874,-0.9987135,1.547238,2.911337,0.2101669,-0.05617713,-0.1475305,0.9874609,10,-5.7,-14.89907,121.666,11,5.7,-33.39731,253.2881
15.44824,-10.66409,-27.31997,194.751,1.363196,2.929724,0.2049817,0.03248202,0.03041309,-0.02623772,-0.9986649,1.41778,2.915885,0.2091902,-0.06125225,-0.1532887,0.9862813,10,-5.7,-14.66534,120.0029,11,5.7,-33.16358,251.625
15.47205,NaN,NaN,NaN,1.112947,2.936575,0.2020706,0.03378136,0.03462534,-0.02339702,-0.9985552,1.168053,2.922067,0.207381,-0.06125027,-0.144063,0.9876711,10,-5.7,-14.35026,117.761,11,5.7,-32.8485,249.3831
15.48999,NaN,NaN,NaN,0.9790921,2.939936,0.2002411,0.03494151,0.03655764,-0.02087821,-0.9985023,1.04907,2.922067,0.207381,-0.06125027,-0.144063,0.9876711,10,-5.7,-14.11247,116.0691,11,5.7,-32.61071,247.6912
15.51379,NaN,NaN,NaN,0.7043116,2.946734,0.1962324,0.03636265,0.04024759,-0.01714074,-0.9983808,0.7739236,2.929506,0.2046156,-0.06626659,-0.1437992,0.9873857,10,-5.7,-13.79817,113.8327,11,5.7,-32.29641,245.4548
15.53259,NaN,NaN,NaN,0.5608834,2.950218,0.1940487,0.03691481,0.04180042,-0.01574936,-0.9983196,0.6464319,2.929506,0.2046156,-0.06626659,-0.1437992,0.9873857,10,-5.7,-13.55033,112.0693,11,5.7,-32.04858,243.6914
15.55566,NaN,NaN,NaN,0.2673302,2.957584,0.189658,0.03778061,0.04408116,-0.01263674,-0.9982333,0.3515556,2.937563,0.2008721,-0.06516452,-0.1426221,0.9876298,10,-5.7,-13.2451,109.8974,11,5.7,-31.74334,241.5195
15.57361,-12.99387,-26.89452,196.0349,0.1160847,2.96147,0.1874924,0.0388913,0.04430206,-0.01082142,-0.9982023,0.1805631,2.94572,0.196313,-0.06635771,-0.150301,0.9864108,10,-5.7,-13.00828,108.2123,11,5.7,-31.50652,239.8345
15.59802,-16.71013,-34.69788,247.2476,-0.1888836,2.968607,0.1829408,0.04070807,0.04419953,-0.007002168,-0.9981685,-0.09051977,2.94572,0.196313,-0.06635771,-0.150301,0.9864108,10,-5.7,-12.68506,105.9125,11,5.7,-31.1833,237.5346
15.61548,-22.17964,-51.26842,365.153,-0.3435429,2.97242,0.1806872,0.04106168,0.04333406,-0.005389004,-0.998202,-0.2664567,2.954412,0.191172,-0.05928601,-0.1466997,0.9874029,10,-5.7,-12.4547,104.2734,11,5.7,-30.95294,235.8955
15.6394,NaN,NaN,NaN,-0.6538267,2.979622,0.1760976,0.04238618,0.04187422,-0.003159579,-0.9982185,-0.5821732,2.963276,0.1857929,-0.01655042,-0.1371634,0.9904101,10,-5.7,-12.13723,102.0145,11,5.7,-30.63547,233.6366
15.65735,NaN,NaN,NaN,-0.8114401,2.983086,0.1736857,0.04194854,0.04033428,-0.001698049,-0.9983039,-0.7222741,2.963276,0.1857929,-0.01655042,-0.1371634,0.9904101,10,-5.7,-11.90054,100.3303,11,5.7,-30.39878,231.9525
15.68091,NaN,NaN,NaN,-1.124836,2.989756,0.1687805,0.04160544,0.03769586,0.0005039677,-0.9984227,-1.041783,2.972085,0.1802855,-0.01592269,-0.1345827,0.9907745,10,-5.7,-11.5883,98.10867,11,5.7,-30.08654,229.7308
15.69934,NaN,NaN,NaN,-1.279853,2.991771,0.1661413,0.04180088,0.03605779,0.001564018,-0.9984739,-1.179576,2.972085,0.1802855,-0.01592269,-0.1345827,0.9907745,10,-5.7,-11.34599,96.38455,11,5.7,-29.84423,228.0067
15.72278,NaN,NaN,NaN,-1.586501,2.996032,0.1612241,0.0403197,0.03325436,0.002740617,-0.9986296,-1.493786,2.980538,0.1745313,-0.01267571,-0.1394374,0.9901498,10,-5.7,-11.03503,94.17191,11,5.7,-29.53327,225.794
15.7406,-5.022528,-51.03906,363.521,-1.738391,2.998227,0.1588276,0.04085661,0.0319244,0.003539529,-0.9986486,-1.670182,2.987843,0.1687515,-0.009125447,-0.1470671,0.9890844,10,-5.7,-10.79962,92.49693,11,5.7,-29.29786,224.119
15.76514,-5.2898,-51.03893,363.5201,-2.039082,3.000669,0.1542804,0.04278941,0.02889459,0.00628791,-0.9986464,-1.937463,2.987843,0.1687515,-0.009125447,-0.1470671,0.9890844,10,-5.7,-10.47592,90.19367,11,5.7,-28.97416,221.8158
15.78235,-3.171842,-33.99463,242.2436,-2.186372,3.002137,0.1520944,0.04325113,0.02762986,0.007507514,-0.9986539,-2.109392,2.993655,0.1629086,-0.004338429,-0.1510389,0.9885184,10,-5.7,-10.24857,88.57597,11,5.7,-28.74681,220.1981
15.80627,-3.719472,-39.71255,282.9287,-2.475757,3.004414,0.1481212,0.04541545,0.02492034,0.009545077,-0.9986117,-2.406892,2.998208,0.1573679,-0.004589729,-0.1493478,0.9887741,10,-5.7,-9.931775,86.32187,11,5.7,-28.43002,217.944
15.8241,-3.844834,-39.71255,282.9287,-2.616788,3.005028,0.1460775,0.04667007,0.02389012,0.009465509,-0.9985798,-2.532253,2.998208,0.1573679,-0.004589729,-0.1493478,0.9887741,10,-5.7,-9.696311,84.64645,11,5.7,-28.19455,216.2686
15.84839,NaN,NaN,NaN,-2.895961,3.00587,0.1422515,0.04957885,0.02161778,0.01020422,-0.9984841,-2.819798,3.00158,0.1521405,-0.008485249,-0.145557,0.9893134,10,-5.7,-9.374368,82.35571,11,5.7,-27.87261,213.9778
15.8667,NaN,NaN,NaN,-3.033456,3.006236,0.1406129,0.05070633,0.02015136,0.01176305,-0.998441,-2.942017,3.00158,0.1521405,-0.008485249,-0.145557,0.9893134,10,-5.7,-9.132666,80.63591,11,5.7,-27.63091,212.258
15.88989,NaN,NaN,NaN,-3.300593,3.005633,0.1370597,0.05479151,0.01759215,0.01439461,-0.9982391,-3.21787,3.003634,0.1471471,-0.004092361,-0.1405577,0.990064,10,-5.7,-8.826676,78.45869,11,5.7,-27.32492,210.0808
15.90784,NaN,NaN,NaN,-3.4323,3.004802,0.1355548,0.05487744,0.01632872,0.01479207,-0.9982501,-3.372214,3.004805,0.1425688,-0.004375813,-0.1351221,0.9908193,10,-5.7,-8.58886,76.76653,11,5.7,-27.0871,208.3886
15.93225,NaN,NaN,NaN,-3.688952,3.003501,0.1326472,0.05575922,0.01414587,0.015936,-0.9982169,-3.60035,3.004805,0.1425688,-0.004375813,-0.1351221,0.9908193,10,-5.7,-8.266611,74.47362,11,5.7,-26.76485,206.0957
15.94946,NaN,NaN,NaN,-3.813517,3.002917,0.1312653,0.0554927,0.01292508,0.01672417,-0.9982353,-3.747236,3.004469,0.13829,-0.005636507,-0.1313872,0.9913151,10,-5.7,-8.039155,72.85518,11,5.7,-26.5374,204.4773
15.97339,NaN,NaN,NaN,-4.056014,3.001409,0.1290488,0.05574982,0.01065974,0.01760874,-0.9982327,-3.997586,3.003363,0.1345553,-0.001848239,-0.1350863,0.9908321,10,-5.7,-7.722177,70.59976,11,5.7,-26.22042,202.2219
15.99109,NaN,NaN,NaN,-4.172365,3.000756,0.1281267,0.05586834,0.009808645,0.01726926,-0.9982406,-4.10101,3.003363,0.1345553,-0.001848239,-0.1350863,0.9908321,10,-5.7,-7.487679,68.93122,11,5.7,-25.98592,200.5533
16.01514,NaN,NaN,NaN,-4.400397,2.999862,0.1268038,0.05654834,0.008262582,0.01733542,-0.9982152,-4.337153,3.001793,0.1313652,0.001008362,-0.1395473,0.9902149,10,-5.7,-7.1693,66.66584,11,5.7,-25.66754,198.2879
16.03357,NaN,NaN,NaN,-4.510521,2.998869,0.1265926,0.05820303,0.007486202,0.01875438,-0.9981005,-4.43504,3.001793,0.1313652,0.001008362,-0.1395473,0.9902149,10,-5.7,-6.926211,64.93617,11,5.7,-25.42445,196.5583
16.05701,NaN,NaN,NaN,-4.724138,2.996756,0.1259283,0.05829091,0.006227352,0.02178431,-0.9980425,-4.656881,3.000289,0.1290433,0.002296969,-0.140681,0.9900523,10,-5.7,-6.616238,62.7306,11,5.7,-25.11448,194.3527
16.07471,NaN,NaN,NaN,-4.826422,2.996087,0.1257144,0.0582985,0.005348362,0.02410419,-0.9979939,-4.778232,2.998703,0.1275566,0.005517035,-0.1421668,0.9898273,10,-5.7,-6.382174,61.06516,11,5.7,-24.88042,192.6872
16.09924,NaN,NaN,NaN,-5.026343,2.99388,0.1257963,0.0589085,0.003912441,0.02724921,-0.9978838,-4.955939,2.998703,0.1275566,0.005517035,-0.1421668,0.9898273,10,-5.7,-6.057502,58.75499,11,5.7,-24.55574,190.3771
16.11658,NaN,NaN,NaN,-5.122238,2.99274,0.1260247,0.05975465,0.003172547,0.02901439,-0.9977863,-5.070093,2.996545,0.1264281,0.007907406,-0.1408812,0.989995,10,-5.7,-5.828503,57.12558,11,5.7,-24.32675,188.7477
16.1405,NaN,NaN,NaN,-5.310125,2.988726,0.1265442,0.06144821,0.001433529,0.03243719,-0.997582,-5.264528,2.99415,0.1260109,0.008056466,-0.1396412,0.9901694,10,-5.7,-5.512566,54.87757,11,5.7,-24.01081,186.4997
16.15857,NaN,NaN,NaN,-5.401262,2.98652,0.1267409,0.06002308,0.0007509962,0.03312073,-0.9976471,-5.345539,2.99415,0.1260109,0.008056466,-0.1396412,0.9901694,10,-5.7,-5.274194,53.18147,11,5.7,-23.77244,184.8036
16.18213,NaN,NaN,NaN,-5.577618,2.983947,0.1275933,0.05670234,-0.0002989322,0.0343576,-0.9977998,-5.528398,2.990964,0.1261917,0.009617975,-0.1391245,0.9902282,10,-5.7,-4.962086,50.9607,11,5.7,-23.46033,182.5828
16.20093,NaN,NaN,NaN,-5.662615,2.982819,0.1281884,0.05608704,-0.0009572207,0.0355431,-0.9977926,-5.603951,2.990964,0.1261917,0.009617975,-0.1391245,0.9902282,10,-5.7,-4.713485,49.19182,11,5.7,-23.21173,180.8139
16.224,NaN,NaN,NaN,-5.829007,2.978908,0.1296275,0.05638091,-0.002583653,0.03891125,-0.9976475,-5.776626,2.986899,0.1267971,0.01173273,-0.1414957,0.9898694,10,-5.7,-4.408801,47.02388,11,5.7,-22.90704,178.646
16.24219,NaN,NaN,NaN,-5.907974,2.976525,0.1305153,0.05737399,-0.003381244,0.04025545,-0.9975351,-5.870394,2.983115,0.1278299,0.01381003,-0.1433431,0.9895767,10,-5.7,-4.167403,45.30624,11,5.7,-22.66565,176.9283
16.26636,NaN,NaN,NaN,-6.061445,2.971907,0.1328291,0.05960346,-0.005081094,0.04241698,-0.9973076,-6.006813,2.983115,0.1278299,0.01381003,-0.1433431,0.9895767,10,-5.7,-3.84852,43.03727,11,5.7,-22.34676,174.6594
16.28369,NaN,NaN,NaN,-6.134543,2.969412,0.1342663,0.06088636,-0.006003595,0.0433372,-0.9971853,-6.094192,2.978896,0.1294539,0.01516235,-0.1434452,0.9895421,10,-5.7,-3.618859,41.40315,11,5.7,-22.1171,173.0252
16.3075,NaN,NaN,NaN,-6.275238,2.963028,0.1364981,0.06200018,-0.007829152,0.04520595,-0.9970211,-6.240378,2.973934,0.1319296,0.02069995,-0.1443729,0.9893068,10,-5.7,-3.304397,39.16564,11,5.7,-21.80264,170.7877
16.32556,NaN,NaN,NaN,-6.340172,2.958978,0.137583,0.06088264,-0.008779152,0.04560957,-0.9970636,-6.298097,2.973934,0.1319296,0.02069995,-0.1443729,0.9893068,10,-5.7,-3.066261,37.47121,11,5.7,-21.5645,169.0933
16.34937,NaN,NaN,NaN,-6.462274,2.952527,0.1400682,0.05768102,-0.01055368,0.04543539,-0.9972448,-6.42652,2.96771,0.1345013,0.01912602,-0.1418331,0.9897058,10,-5.7,-2.7517,35.23299,11,5.7,-21.24994,166.8551
16.36755,NaN,NaN,NaN,-6.51571,2.949843,0.1413824,0.05636967,-0.0116813,0.0455566,-0.9973017,-6.474019,2.96771,0.1345013,0.01912602,-0.1418331,0.9897058,10,-5.7,-2.509884,33.51238,11,5.7,-21.00813,165.1345
16.39111,NaN,NaN,NaN,-6.619023,2.943715,0.1442212,0.05472612,-0.0143536,0.0475826,-0.9972637,-6.584165,2.960047,0.137221,0.02871085,-0.1450522,0.9890074,10,-5.7,-2.199103,31.30106,11,5.7,-20.69735,162.9232
16.40906,2.196038,-38.26929,272.6592,-6.66465,2.940254,0.145652,0.05383943,-0.01562387,0.04880146,-0.997234,-6.641333,2.952195,0.1403228,0.03204726,-0.1494829,0.9882448,10,-5.7,-1.961082,29.60745,11,5.7,-20.45932,161.2296
16.43323,2.127349,-38.26923,272.6588,-6.741911,2.934141,0.1483674,0.05181527,-0.01815788,0.05104515,-0.997186,-6.71001,2.952195,0.1403228,0.03204726,-0.1494829,0.9882448,10,-5.7,-1.642385,27.3398,11,5.7,-20.14063,158.9619
16.45081,0.6270386,-25.75709,183.6305,-6.774015,2.931237,0.1498818,0.05208286,-0.01973896,0.05257567,-0.9970624,-6.752901,2.944608,0.1435512,0.03970597,-0.1544225,0.9872067,10,-5.7,-1.409202,25.68062,11,5.7,-19.90744,157.3027
16.47473,0.206461,-22.1203,157.7534,-6.82738,2.925259,0.1527857,0.0520247,-0.02240534,0.05415695,-0.9969245,-6.812109,2.93717,0.1467634,0.04393735,-0.1568637,0.9866424,10,-5.7,-1.094189,23.43919,11,5.7,-19.59243,155.0613
16.4928,0.1901756,-22.1203,157.7534,-6.845701,2.922299,0.1540457,0.05072042,-0.0239876,0.05444745,-0.9969391,-6.828395,2.93717,0.1467634,0.04393735,-0.1568637,0.9866424,10,-5.7,-0.854776,21.73568,11,5.7,-19.35302,153.3578
16.5166,0.5078436,-20.40793,145.5692,-6.871381,2.916212,0.1563226,0.04710984,-0.02704967,0.0552622,-0.996993,-6.860512,2.929978,0.1501428,0.04996711,-0.1582616,0.9861321,10,-5.7,-0.5392806,19.49081,11,5.7,-19.03752,151.1129
16.53479,0.5059992,-20.40796,145.5695,-6.873467,2.913486,0.1574177,0.04456754,-0.02866142,0.05530453,-0.9970625,-6.862367,2.929978,0.1501428,0.04996711,-0.1582616,0.9861321,10,-5.7,-0.3001907,17.7896,11,5.7,-18.79843,149.4117
16.55835,-0.1161542,-16.44262,117.3546,-6.867726,2.908062,0.1594303,0.04071017,-0.03191644,0.05519024,-0.997135,-6.863724,2.923135,0.1534188,0.05671094,-0.1627623,0.9850342,10,-5.7,0.01170591,15.57034,11,5.7,-18.48654,147.1924
16.57629,-0.2209635,-14.23794,101.6675,-6.854151,2.905443,0.1602798,0.03895753,-0.03365854,0.05501025,-0.9971576,-6.855285,2.916,0.156294,0.06430855,-0.1662785,0.9839796,10,-5.7,0.2488332,13.88309,11,5.7,-18.24941,145.5052
16.60046,-0.1845265,-14.23793,101.6674,-6.813154,2.900635,0.1615518,0.03493858,-0.03663596,0.05452832,-0.9972281,-6.818843,2.916,0.156294,0.06430855,-0.1662785,0.9839796,10,-5.7,0.5685492,11.60819,11,5.7,-17.92969,143.2303
16.61829,-1.183941,-10.94474,78.23514,-6.780647,2.898393,0.1618501,0.03231936,-0.03781354,0.05375917,-0.9973142,-6.790304,2.909161,0.1587816,0.07052571,-0.1742763,0.982168,10,-5.7,0.8050402,9.925471,11,5.7,-17.6932,141.5475
16.64172,-0.5607505,-11.02201,78.78493,-6.699714,2.894381,0.1619254,0.02709715,-0.03953481,0.05192769,-0.9975001,-6.715059,2.90296,0.1606395,0.07684749,-0.173878,0.9817642,10,-5.7,1.114702,7.722111,11,5.7,-17.38354,139.3442
16.65979,-0.5139804,-11.02201,78.78493,-6.647098,2.892777,0.1617351,0.02455284,-0.03968586,0.05089767,-0.997613,-6.668289,2.90296,0.1606395,0.07684749,-0.173878,0.9817642,10,-5.7,1.35252,6.029952,11,5.7,-17.14572,137.652
16.68347,-1.346769,-8.672822,62.0696,-6.527707,2.890884,0.1613483,0.02021012,-0.04015365,0.04947254,-0.9977634,-6.554922,2.897465,0.1616231,0.08241416,-0.1830889,0.9796358,10,-5.7,1.666011,3.799344,11,5.7,-16.83223,135.4214
16.70154,-1.280816,-8.672819,62.06958,-6.453508,2.891098,0.161075,0.01891207,-0.0397296,0.04836128,-0.9978603,-6.488968,2.897465,0.1616231,0.08241416,-0.1830889,0.9796358,10,-5.7,1.905455,2.095613,11,5.7,-16.59279,133.7177
16.72522,-0.1162777,-9.63245,68.89771,-6.289228,2.892484,0.1601838,0.01643829,-0.03879051,0.04613062,-0.9980466,-6.331738,2.892999,0.161859,0.0886104,-0.1785685,0.9799294,11,5.7,-16.27968,131.4898,12,-5.7,-34.92094,264.1291
16.74341,-0.8551223,-8.191008,58.64132,-6.193574,2.893776,0.1593585,0.01520723,-0.03833651,0.04584712,-0.9980968,-6.231111,2.890705,0.1614796,0.08995538,-0.1854282,0.9785318,11,5.7,-16.04012,129.7852,12,-5.7,-34.68137,262.4245
16.76709,-0.6729861,-8.191008,58.64132,-5.988671,2.897177,0.1572611,0.01278312,-0.03821602,0.04718916,-0.9980729,-6.048975,2.890705,0.1614796,0.08995538,-0.1854282,0.9785318,11,5.7,-15.7264,127.553,12,-5.7,-34.36766,260.1923
16.78516,-0.2442756,-9.174829,65.64156,-5.872503,2.899697,0.1562601,0.01210453,-0.03826581,0.04812292,-0.9980348,-5.925578,2.890968,0.1602436,0.08501681,-0.1805564,0.9798834,11,5.7,-15.48813,125.8577,12,-5.7,-34.12938,258.4969
16.80872,2.391851,-12.92926,92.35574,-5.62838,2.905219,0.1538658,0.01184193,-0.03876752,0.04947225,-0.9979526,-5.683934,2.893804,0.1585152,0.08601039,-0.1685221,0.9819382,11,5.7,-15.17586,123.6357,12,-5.7,-33.81711,256.2749
16.82654,2.510287,-12.92926,92.35577,-5.495142,2.908089,0.1524884,0.01275863,-0.03906314,0.04979784,-0.9979135,-5.5655,2.893804,0.1585152,0.08601039,-0.1685221,0.9819382,11,5.7,-14.93969,121.9553,12,-5.7,-33.58094,254.5945
16.85059,5.920838,-17.24073,123.0335,-5.218858,2.914181,0.1495003,0.01438762,-0.03997902,0.05001651,-0.9978442,-5.290917,2.898826,0.156222,0.08967932,-0.1610901,0.9828569,11,5.7,-14.62269,119.6997,12,-5.7,-33.26394,252.3389
16.86841,6.052612,-17.24072,123.0334,-5.070599,2.917161,0.1475291,0.01533494,-0.04062623,0.049714,-0.9978191,-5.159132,2.898826,0.156222,0.08967932,-0.1610901,0.9828569,11,5.7,-14.38714,118.0237,12,-5.7,-33.02839,250.6629
16.89233,7.79479,-19.23915,137.2529,-4.767624,2.922868,0.1434619,0.01639853,-0.04185185,0.0489608,-0.9977888,-4.856845,2.905241,0.1532108,0.09072417,-0.1587962,0.9831342,11,5.7,-14.07055,115.771,12,-5.7,-32.7118,248.4102
16.91016,9.894108,-22.06491,157.3592,-4.608993,2.925855,0.1414905,0.01645489,-0.04234327,0.04796454,-0.9978155,-4.679332,2.912214,0.1491605,0.09117086,-0.1562559,0.9834999,11,5.7,-13.83564,114.0996,12,-5.7,-32.47689,246.7388
16.93408,10.18254,-22.06494,157.3594,-4.284525,2.932002,0.1375851,0.01698281,-0.04299005,0.0457152,-0.9978846,-4.390916,2.912214,0.1491605,0.09117086,-0.1562559,0.9834999,11,5.7,-13.51821,111.841,12,-5.7,-32.15946,244.4801
16.9519,10.6924,-21.93746,156.4524,-4.115115,2.935411,0.1356988,0.01772906,-0.04318947,0.04389978,-0.9979445,-4.201074,2.919425,0.1450053,0.09368692,-0.1563615,0.9832466,11,5.7,-13.28368,110.1721,12,-5.7,-31.92492,242.8113
16.97583,10.82097,-21.05885,150.2007,-3.770041,2.942385,0.1320863,0.01953493,-0.04369386,0.04087658,-0.9980173,-3.85256,2.926705,0.1404706,0.0961115,-0.1571053,0.9828939,11,5.7,-12.966,107.9117,12,-5.7,-31.60724,240.5509
16.99365,10.98022,-21.05888,150.2009,-3.590906,2.946192,0.1301708,0.02068794,-0.04408555,0.03967306,-0.9980254,-3.693329,2.926705,0.1404706,0.0961115,-0.1571053,0.9828939,11,5.7,-12.73161,106.244,12,-5.7,-31.37285,238.8831
17.0177,8.712428,-18.49009,131.9231,-3.229978,2.953945,0.1267947,0.02217447,-0.04475904,0.0374552,-0.9980491,-3.328292,2.93443,0.1357089,0.08981635,-0.1598138,0.9830527,11,5.7,-12.4123,103.972,12,-5.7,-31.05354,236.6111
17.0354,8.876513,-18.4901,131.9231,-3.045393,2.958082,0.1253991,0.02269717,-0.04497007,0.03601195,-0.998081,-3.164216,2.93443,0.1357089,0.08981635,-0.1598138,0.9830527,11,5.7,-12.17881,102.3106,12,-5.7,-30.82005,234.9498
17.05933,10.32435,-20.36653,145.2746,-2.673759,2.966208,0.1227416,0.02434844,-0.04494385,0.03253857,-0.9981626,-2.787712,2.942907,0.1312625,0.08884308,-0.1579372,0.9834443,11,5.7,-11.86216,100.0576,12,-5.7,-30.50341,232.6967
17.07727,12.49511,-24.84871,177.167,-2.485911,2.970248,0.1215993,0.02527526,-0.04441361,0.03108584,-0.9982095,-2.573003,2.952101,0.1273726,0.0837855,-0.1545851,0.9844204,11,5.7,-11.6248,98.36859,12,-5.7,-30.26604,231.0078
17.1012,12.83034,-24.84871,177.167,-2.108772,2.977502,0.119314,0.02764591,-0.04318815,0.02874979,-0.9982706,-2.237769,2.952101,0.1273726,0.0837855,-0.1545851,0.9844204,11,5.7,-11.30863,96.11897,12,-5.7,-29.94988,228.7582
17.1189,18.44348,-34.34198,244.7151,-1.916976,2.980834,0.1180322,0.02855306,-0.04174191,0.02721805,-0.9983494,-2.018273,2.961696,0.123982,0.0824193,-0.150258,0.9852054,11,5.7,-11.07422,94.45107,12,-5.7,-29.71547,227.0903
17.14294,12.85,-24.9476,180.7773,-1.537234,2.986694,0.1158651,0.03050417,-0.03896764,0.02428111,-0.9984796,-1.630609,2.971054,0.1206901,0.07896774,-0.15225,0.9851823,11,5.7,-10.7565,92.19035,12,-5.7,-29.39775,224.8295
17.16089,12.85,-24.62175,178.6687,-1.347097,2.988937,0.1147666,0.03039996,-0.03715667,0.02315613,-0.9985785,-1.461598,2.971054,0.1206901,0.07896774,-0.15225,0.9851823,11,5.7,-10.51983,90.50632,12,-5.7,-29.16107,223.1455
17.18469,12.85,-25.38281,182.3877,-0.9671627,2.992991,0.1126496,0.03042268,-0.03341148,0.02032562,-0.9987718,-1.073591,2.979358,0.1180674,0.07526759,-0.1533191,0.9853061,11,5.7,-10.20491,88.26556,12,-5.7,-28.84616,220.9048
17.20264,12.85,-25.0392,180.1795,-0.7773921,2.994521,0.111674,0.03068845,-0.03129463,0.01896221,-0.998859,-0.9049055,2.979358,0.1180674,0.07526759,-0.1533191,0.9853061,11,5.7,-9.96707,86.57324,12,-5.7,-28.60831,219.2124
17.22644,10.72737,-21.72632,154.95,-0.4022419,2.997826,0.1099231,0.03185187,-0.02716317,0.01746623,-0.9989708,-0.5209645,2.986128,0.1155444,0.07155558,-0.1572067,0.98497,11,5.7,-9.652351,84.33391,12,-5.7,-28.2936,216.9731
17.24438,11.68027,-24.15968,172.2643,-0.2160865,2.999038,0.1090496,0.0337938,-0.02488116,0.01700207,-0.9989744,-0.3051037,2.991298,0.1130484,0.06860908,-0.1554231,0.9854626,11,5.7,-9.416543,82.65604,12,-5.7,-28.05779,215.2952
17.26819,12.01021,-24.15966,172.2641,0.1550982,3.00064,0.1074294,0.03599144,-0.02033657,0.01529732,-0.9990281,0.02483819,2.991298,0.1130484,0.06860908,-0.1554231,0.9854626,11,5.7,-9.101082,80.41142,12,-5.7,-27.74233,213.0506
17.28613,9.455392,-21.07352,150.3051,0.3400797,3.000886,0.1067361,0.03700052,-0.01775896,0.01429887,-0.9990551,0.2393171,2.995387,0.1107522,0.06047706,-0.1579432,0.9855945,11,5.7,-8.863374,78.72004,12,-5.7,-27.50462,211.3592
17.31006,9.105969,-19.89887,141.947,0.7049552,3.001166,0.1055039,0.03810178,-0.01358028,0.01295057,-0.9990977,0.6135044,2.998234,0.1087413,0.05900605,-0.1590902,0.9854991,11,5.7,-8.548345,76.47849,12,-5.7,-27.18959,209.1177
17.328,9.267665,-19.89886,141.947,0.8868623,3.00227,0.1049997,0.03921808,-0.01169334,0.01265941,-0.999082,0.7751996,2.998234,0.1087413,0.05900605,-0.1590902,0.9854991,11,5.7,-8.309916,74.78197,12,-5.7,-26.95116,207.4212
17.35181,10.1995,-21.76765,155.2441,1.244665,3.002231,0.1042442,0.04262158,-0.008666679,0.01238324,-0.998977,1.142518,2.999704,0.1069361,0.05755487,-0.1573904,0.9858578,11,5.7,-7.994813,72.53991,12,-5.7,-26.63606,205.1791
17.36963,8.782355,-18.70951,133.4843,1.421877,3.002425,0.1038103,0.04259202,-0.007108428,0.01192138,-0.9989962,1.348525,3.000669,0.1055713,0.05492773,-0.1604141,0.9855203,11,5.7,-7.76077,70.8746,12,-5.7,-26.40202,203.5138
17.39355,9.094151,-18.70952,133.4843,1.772642,3.002882,0.1031419,0.04351011,-0.004447922,0.01157606,-0.9989761,1.660316,3.000669,0.1055713,0.05492773,-0.1604141,0.9855203,11,5.7,-7.44444,68.62379,12,-5.7,-26.08569,201.263
17.4115,10.98278,-22.58957,161.0923,1.946898,3.002848,0.1027936,0.04438679,-0.003101364,0.01100232,-0.9989491,1.863055,3.001245,0.1044784,0.0558587,-0.1567449,0.9860582,11,5.7,-7.206625,66.93166,12,-5.7,-25.84787,199.5708
17.43518,11.28753,-22.58959,161.0925,2.289738,3.002478,0.102483,0.04487404,-0.0005388036,0.009711053,-0.9989453,2.167803,3.001245,0.1044784,0.0558587,-0.1567449,0.9860582,11,5.7,-6.892653,64.69763,12,-5.7,-25.5339,197.3368
17.45313,10.89312,-21.92021,156.3296,2.459012,3.002943,0.102406,0.04643725,0.0004734248,0.009633712,-0.9988747,2.36537,3.001627,0.1035767,0.05382625,-0.157304,0.9860823,11,5.7,-6.655955,63.01344,12,-5.7,-25.2972,195.6526
17.47729,11.12892,-23.11686,164.8442,2.793591,3.00254,0.1025964,0.04987549,0.002591364,0.00848333,-0.9987161,2.709052,3.001676,0.102939,0.05041495,-0.1563879,0.9864082,11,5.7,-6.336672,60.74162,12,-5.7,-24.97792,193.3808
17.49512,11.27575,-23.11686,164.8442,2.958779,3.003036,0.1028626,0.04994839,0.003743716,0.006850439,-0.9987213,2.855886,3.001676,0.102939,0.05041495,-0.1563879,0.9864082,11,5.7,-6.100784,59.06319,12,-5.7,-24.74203,191.7024
17.5188,12.85,-28.12569,201.9574,3.284479,3.002181,0.1033518,0.05243871,0.005844139,0.004358805,-0.9985976,3.190814,3.001844,0.1028039,0.04724039,-0.1522361,0.9872146,11,5.7,-5.787667,56.83524,12,-5.7,-24.42892,189.4744
17.53687,12.85,-26.05517,187.1832,3.444064,3.002192,0.1037493,0.05226706,0.006574482,0.003371582,-0.9986058,3.377092,3.001779,0.1029367,0.0499731,-0.1532862,0.9869174,11,5.7,-5.549429,55.14009,12,-5.7,-24.19068,187.7793
17.56055,12.85,-25.19397,181.6384,3.759921,3.002118,0.1050542,0.05471067,0.00775373,0.001468556,-0.9984711,3.657854,3.001779,0.1029367,0.0499731,-0.1532862,0.9869174,11,5.7,-5.235798,52.90849,12,-5.7,-23.87705,185.5477
17.57861,11.38081,-21.62473,154.2271,3.915387,3.000995,0.1057851,0.05551342,0.00821682,-0.0001886771,-0.9984241,3.839493,3.001463,0.1035212,0.04826113,-0.1575968,0.9863235,11,5.7,-4.99636,51.2048,12,-5.7,-23.63761,183.844
17.60229,11.65082,-21.62471,154.227,4.219146,2.999856,0.1072949,0.05493201,0.008794315,-0.002416107,-0.9984485,4.109501,3.001463,0.1035212,0.04826113,-0.1575968,0.9863235,11,5.7,-4.683742,48.9804,12,-5.7,-23.32499,181.6196
17.62024,11.9843,-23.16216,165.1665,4.369298,2.998473,0.1083685,0.0552912,0.008986966,-0.003463921,-0.9984239,4.285207,3.001019,0.1047533,0.04601974,-0.1563851,0.9866235,11,5.7,-4.446624,47.29322,12,-5.7,-23.08787,179.9324
17.64392,9.71829,-15.75482,112.4606,4.665387,2.996817,0.1105122,0.05521407,0.009318337,-0.005206164,-0.9984175,4.589721,2.999774,0.1064049,0.04497792,-0.1644792,0.9853545,11,5.7,-4.132969,45.06145,12,-5.7,-22.77422,177.7007
17.66187,9.847349,-15.75482,112.4606,4.810577,2.995526,0.1117611,0.05606887,0.009106248,-0.005420095,-0.9983706,4.718779,2.999774,0.1064049,0.04497792,-0.1644792,0.9853545,11,5.7,-3.8954,43.37106,12,-5.7,-22.53665,176.0103
17.68567,9.910948,-16.37808,116.8953,5.094564,2.99175,0.11393,0.05551682,0.008677677,-0.006538193,-0.9983987,5.011667,2.997766,0.108498,0.04134952,-0.1635306,0.9856713,11,5.7,-3.580974,41.1338,12,-5.7,-22.22222,173.773
17.70374,10.02206,-17.11035,122.1056,5.231441,2.990271,0.1151021,0.0541304,0.008245312,-0.006659063,-0.9984776,5.172647,2.995108,0.1110208,0.03919181,-0.1624876,0.9859319,11,5.7,-3.3432,39.44195,12,-5.7,-21.98445,172.0812
17.72754,10.25981,-17.11035,122.1056,5.498905,2.987069,0.1177714,0.05429865,0.00761909,-0.007673292,-0.9984663,5.410392,2.995108,0.1110208,0.03919181,-0.1624876,0.9859319,11,5.7,-3.027985,37.19908,12,-5.7,-21.66924,169.8383
17.74548,7.747578,-17.53279,125.1114,5.625927,2.985121,0.118921,0.05480659,0.007356389,-0.008672499,-0.9984322,5.561197,2.991503,0.1137745,0.01725765,-0.1620036,0.9866393,11,5.7,-2.791043,35.51315,12,-5.7,-21.43229,168.1524
17.76929,NaN,NaN,NaN,5.873763,2.981135,0.1212558,0.05482805,0.007807679,-0.01134453,-0.9984009,5.81783,2.987542,0.1166815,-0.0117682,-0.1411085,0.9899242,11,5.7,-2.476269,33.27342,12,-5.7,-21.11752,165.9126
17.78735,NaN,NaN,NaN,5.992123,2.978934,0.1225155,0.05576088,0.008437566,-0.01306812,-0.998323,5.923038,2.987542,0.1166815,-0.0117682,-0.1411085,0.9899242,11,5.7,-2.236869,31.57,12,-5.7,-20.87812,164.2092
17.81104,NaN,NaN,NaN,6.216426,2.974495,0.1249202,0.05762907,0.009016163,-0.01435656,-0.9981941,6.156812,2.983119,0.1195828,-0.01243175,-0.1405866,0.9899903,11,5.7,-1.923724,29.34186,12,-5.7,-20.56497,161.981
17.82922,NaN,NaN,NaN,6.319606,2.971846,0.1263052,0.05908666,0.0098681,-0.0145188,-0.9980985,6.248528,2.983119,0.1195828,-0.01243175,-0.1405866,0.9899903,11,5.7,-1.683083,27.6296,12,-5.7,-20.32433,160.2688
17.85278,NaN,NaN,NaN,6.517981,2.966264,0.1290044,0.06121225,0.01193216,-0.01619448,-0.9979221,6.456973,2.978184,0.122623,-0.02157295,-0.138249,0.9901626,11,5.7,-1.371445,25.41219,12,-5.7,-20.0127,158.0514
17.87085,NaN,NaN,NaN,6.606977,2.96344,0.1301697,0.06175473,0.0133418,-0.01621632,-0.9978704,6.56563,2.972578,0.1257651,-0.02827563,-0.1440722,0.9891631,11,5.7,-1.132469,23.71179,12,-5.7,-19.77372,156.351
17.89453,NaN,NaN,NaN,6.775093,2.957981,0.1326427,0.06184397,0.01639288,-0.01633486,-0.9978175,6.715066,2.972578,0.1257651,-0.02827563,-0.1440722,0.9891631,11,5.7,-0.8196532,21.48599,12,-5.7,-19.4609,154.1252
17.91272,-0.8695241,-32.07043,228.5523,6.849367,2.955266,0.1339159,0.06138643,0.01833277,-0.01651707,-0.997809,6.807993,2.966272,0.128703,-0.03320402,-0.1515281,0.9878951,11,5.7,-0.579929,19.78026,12,-5.7,-19.22118,152.4195
17.9364,-0.9558737,-28.83451,205.5275,6.982084,2.949994,0.1364671,0.06041253,0.02158312,-0.01561818,-0.9978179,6.949725,2.959702,0.1316525,-0.03800908,-0.1528624,0.9875163,11,5.7,-0.2668169,17.55235,12,-5.7,-18.90807,150.1916
17.95459,-0.9067136,-28.83453,205.5276,7.037395,2.947747,0.1380021,0.06077034,0.02341306,-0.01504432,-0.9977638,6.99889,2.959702,0.1316525,-0.03800908,-0.1528624,0.9875163,11,5.7,-0.02671,15.8439,12,-5.7,-18.66796,148.4831
17.97827,-3.273336,-33.8962,241.5433,7.13638,2.942956,0.1408928,0.06245582,0.02707065,-0.01542174,-0.9975613,7.107147,2.953265,0.1348987,-0.04246896,-0.1507597,0.9876578,11,5.7,0.2865171,13.61518,12,-5.7,-18.35473,146.2544
17.99658,-3.239601,-33.89616,241.543,7.174317,2.940522,0.1421943,0.06306928,0.02882675,-0.01599714,-0.9974645,7.140869,2.953265,0.1348987,-0.04246896,-0.1507597,0.9876578,11,5.7,0.5293931,11.88702,12,-5.7,-18.11186,144.5262
18.0199,-2.202448,-27.02567,192.6569,7.236266,2.935895,0.1447735,0.06329032,0.03157637,-0.01554033,-0.9973745,7.212573,2.9472,0.1381136,-0.04826599,-0.1536555,0.986945,11,5.7,0.8380367,9.690911,12,-5.7,-17.80322,142.3301
18.03845,-3.522346,-28.44655,202.767,7.255475,2.934,0.1461454,0.06356848,0.03271289,-0.01510299,-0.9973269,7.24251,2.941401,0.1412897,-0.05242844,-0.1528698,0.9868546,11,5.7,1.083171,7.946693,12,-5.7,-17.55808,140.5859
18.06165,-3.500368,-28.44654,202.767,7.280201,2.930061,0.1489823,0.06452349,0.03549921,-0.01623132,-0.9971525,7.264489,2.941401,0.1412897,-0.05242844,-0.1528698,0.9868546,11,5.7,1.390073,5.762971,12,-5.7,-17.25118,138.4022
18.07996,-6.227713,-31.54846,224.8382,7.279122,2.928442,0.15039,0.06451432,0.03710597,-0.01707339,-0.9970805,7.272524,2.935953,0.1445351,-0.05928305,-0.15143,0.9866886,11,5.7,1.631308,4.046495,12,-5.7,-17.00994,136.6857
18.10352,-24.36818,-39.8986,284.2526,7.262014,2.925177,0.1529952,0.06511396,0.03990828,-0.016928,-0.9969357,7.262328,2.931039,0.1479692,-0.1094289,-0.1481734,0.9828886,11,5.7,1.942631,1.831312,12,-5.7,-16.69862,134.4705
18.12195,-24.38641,-39.89854,284.2522,7.241468,2.923397,0.154037,0.06483568,0.04105717,-0.01713528,-0.9969038,7.244065,2.931039,0.1479692,-0.1094289,-0.1481734,0.9828886,11,5.7,2.186531,0.09587955,12,-5.7,-16.45472,132.7351
18.14514,-31.92088,-46.57095,331.7288,7.186543,2.920043,0.1558401,0.06304219,0.0435942,-0.01830799,-0.9968902,7.196074,2.926753,0.151105,-0.1158931,-0.1466485,0.9823762,12,-5.7,-16.14721,130.5471,13,5.7,-34.52737,261.3289
18.16394,-31.95684,-46.57095,331.7288,7.146088,2.918489,0.1565263,0.06203782,0.04466996,-0.01864953,-0.9968993,7.160113,2.926753,0.151105,-0.1158931,-0.1466485,0.9823762,12,-5.7,-15.89972,128.7861,13,5.7,-34.27988,259.5679
18.18701,-25.15545,-37.69273,268.557,7.049834,2.915337,0.157678,0.06111514,0.04674542,-0.0186805,-0.9968605,7.071147,2.922706,0.1538562,-0.1178885,-0.1485758,0.9818491,12,-5.7,-15.59425,126.6125,13,5.7,-33.97441,257.3944
18.20532,-24.38903,-35.25684,251.2248,6.988649,2.914297,0.1583081,0.06042637,0.0475266,-0.01887607,-0.9968619,7.009206,2.918783,0.1561348,-0.122703,-0.1491888,0.9811659,12,-5.7,-15.35153,124.8854,13,5.7,-33.73169,255.6673
18.22888,-24.51134,-35.25679,251.2244,6.851004,2.913465,0.1591656,0.05944166,0.04911997,-0.02058844,-0.99681,6.886855,2.918783,0.1561348,-0.122703,-0.1491888,0.9811659,12,-5.7,-15.04139,122.6787,13,5.7,-33.42155,253.4606
18.24707,-12.85,-22.11653,158.1707,6.766176,2.913919,0.1595353,0.05912903,0.04953275,-0.02167451,-0.9967851,6.799595,2.915274,0.1578628,-0.1219068,-0.1552981,0.9803169,12,-5.7,-14.79952,120.9577,13,5.7,-33.17968,251.7396
18.27063,-12.85,-21.96119,158.3456,6.583033,2.91601,0.1601828,0.0572642,0.05077536,-0.02363444,-0.9967869,6.620396,2.913251,0.1589706,-0.1207019,-0.1542029,0.9806389,12,-5.7,-14.48931,118.7504,13,5.7,-32.86946,249.5323
18.28906,-12.85,-21.84272,157.5922,6.478704,2.918072,0.1603095,0.05626076,0.05176074,-0.02490424,-0.9967624,6.527659,2.913251,0.1589706,-0.1207019,-0.1542029,0.9806389,12,-5.7,-14.24444,117.0081,13,5.7,-32.6246,247.79
18.31238,-28.16859,-38.40869,273.6514,6.254994,2.921529,0.1604973,0.05315704,0.0533121,-0.02613846,-0.9968194,6.30775,2.913661,0.1598572,-0.1236881,-0.1482491,0.9811847,12,-5.7,-13.93713,114.8215,13,5.7,-32.31729,245.6034
18.33081,-28.27775,-38.40869,273.6514,6.132191,2.923649,0.1601633,0.05032622,0.05434255,-0.02638607,-0.9969041,6.198591,2.913661,0.1598572,-0.1236881,-0.1482491,0.9811847,12,-5.7,-13.69271,113.0824,13,5.7,-32.07287,243.8643
18.35413,-28.3817,-37.32563,265.945,5.876611,2.928257,0.158953,0.04572326,0.0561749,-0.02649744,-0.9970214,5.945816,2.916435,0.1607482,-0.1266714,-0.1484966,0.9807666,12,-5.7,-13.38408,110.8863,13,5.7,-31.76424,241.6682
18.37244,-12.85,-19.84132,143.1038,5.737777,2.931028,0.1581661,0.04483446,0.05697916,-0.02530115,-0.9970472,5.792735,2.920798,0.1605006,-0.1277426,-0.1559691,0.9794669,12,-5.7,-13.14341,109.1739,13,5.7,-31.52357,239.9558
18.396,-12.85,-19.53127,141.1567,5.452097,2.936703,0.1564146,0.04615862,0.05852605,-0.02239838,-0.9969666,5.538798,2.920798,0.1605006,-0.1277426,-0.1559691,0.9794669,12,-5.7,-12.83175,106.9563,13,5.7,-31.21191,237.7382
18.41406,-23.44825,-30.26804,215.7276,5.301312,2.939746,0.155398,0.04828905,0.0589963,-0.02071507,-0.9968745,5.371428,2.926233,0.1593341,-0.1309956,-0.1508798,0.9798344,12,-5.7,-12.59184,105.2493,13,5.7,-30.972,236.0311
18.43774,-23.84921,-30.49688,217.3559,4.99687,2.94518,0.1533794,0.05158553,0.05969287,-0.0183094,-0.9967148,5.0644,2.932466,0.15759,-0.1304473,-0.1508206,0.9799167,12,-5.7,-12.27856,103.0202,13,5.7,-30.65872,233.802
18.45581,-23.99069,-30.49686,217.3557,4.837679,2.947695,0.1522805,0.05291975,0.05936651,-0.01684755,-0.9966902,4.922896,2.932466,0.15759,-0.1304473,-0.1508206,0.9799167,12,-5.7,-12.04091,101.3292,13,5.7,-30.42107,232.1111
18.47949,NaN,NaN,NaN,4.511368,2.952929,0.1497543,0.05426554,0.0583638,-0.01394905,-0.9967219,4.593842,2.939087,0.1554071,-0.1267622,-0.1438404,0.9814486,12,-5.7,-11.72675,99.0938,13,5.7,-30.1069,229.8757
18.49756,NaN,NaN,NaN,4.341624,2.955519,0.1485008,0.05416503,0.05738988,-0.01238043,-0.9968046,4.442958,2.939087,0.1554071,-0.1267622,-0.1438404,0.9814486,12,-5.7,-11.48866,97.39973,13,5.7,-29.86882,228.1816
18.52136,NaN,NaN,NaN,3.99899,2.961324,0.1460497,0.05417772,0.05615824,-0.009573914,-0.9969049,4.096852,2.945819,0.1527188,-0.1011903,-0.1410532,0.984817,12,-5.7,-11.17433,95.16316,13,5.7,-29.55449,225.945
18.53906,NaN,NaN,NaN,3.823473,2.964306,0.1448697,0.05396486,0.05512942,-0.007658762,-0.9969904,3.897311,2.9523,0.1498064,-0.09919207,-0.1397086,0.9852119,12,-5.7,-10.93991,93.49516,13,5.7,-29.32007,224.277
18.56311,NaN,NaN,NaN,3.47004,2.970021,0.1424309,0.0536176,0.05293494,-0.003749548,-0.9971505,3.583149,2.9523,0.1498064,-0.09919207,-0.1397086,0.9852119,12,-5.7,-10.62099,91.22593,13,5.7,-29.00115,222.0078
18.58093,NaN,NaN,NaN,3.290281,2.972953,0.1410801,0.05304533,0.05188503,-0.002173595,-0.9972409,3.378307,2.959045,0.1469378,-0.09744206,-0.1388639,0.9855059,12,-5.7,-10.38664,89.55843,13,5.7,-28.7668,220.3403
18.60486,NaN,NaN,NaN,2.927439,2.978682,0.1382426,0.05216599,0.04958948,0.0001677745,-0.9974065,3.009227,2.965897,0.1439555,-0.09308454,-0.1395055,0.9858364,12,-5.7,-10.06971,87.30334,13,5.7,-28.44987,218.0852
18.62268,NaN,NaN,NaN,2.744146,2.981195,0.1366108,0.05160281,0.04860421,0.0001636213,-0.9974843,2.8463,2.965897,0.1439555,-0.09308454,-0.1395055,0.9858364,12,-5.7,-9.834167,85.62738,13,5.7,-28.21432,216.4093
18.64648,NaN,NaN,NaN,2.377727,2.986023,0.1333283,0.05077369,0.04700254,7.031159E-05,-0.9976035,2.472932,2.972749,0.1407499,-0.09207264,-0.1410244,0.9857153,12,-5.7,-9.519695,83.3898,13,5.7,-27.89985,214.1717
18.66479,NaN,NaN,NaN,2.193643,2.988413,0.1316594,0.05138547,0.04663385,3.945549E-06,-0.9975896,2.309302,2.972749,0.1407499,-0.09207264,-0.1410244,0.9857153,12,-5.7,-9.277381,81.66564,13,5.7,-27.65754,212.4475
18.68835,NaN,NaN,NaN,1.827307,2.992376,0.128266,0.05322304,0.04579035,0.001204222,-0.9975316,1.935354,2.979197,0.1371837,-0.08789095,-0.1429172,0.9858245,12,-5.7,-8.966509,79.45367,13,5.7,-27.34666,210.2355
18.70618,NaN,NaN,NaN,1.642812,2.994362,0.1265167,0.05423797,0.04524652,0.002706485,-0.9974988,1.722773,2.985047,0.1332964,-0.08526999,-0.1422814,0.9861466,12,-5.7,-8.730695,77.77577,13,5.7,-27.11085,208.5576
18.73022,NaN,NaN,NaN,1.276001,2.99695,0.1228227,0.05585813,0.0440703,0.005955647,-0.9974479,1.396719,2.985047,0.1332964,-0.08526999,-0.1422814,0.9861466,12,-5.7,-8.412227,75.50975,13,5.7,-26.79238,206.2916
18.74805,NaN,NaN,NaN,1.092377,2.998159,0.1209553,0.05508965,0.04329585,0.008156888,-0.9975089,1.184523,2.990237,0.1292677,-0.0850459,-0.1375939,0.9868308,12,-5.7,-8.177256,73.83784,13,5.7,-26.55741,204.6197
18.77185,-24.14986,-36.65493,295.7579,0.7276183,3.000112,0.1172376,0.05517633,0.04129985,0.01253366,-0.9975434,0.8113335,2.99434,0.1250241,-0.08339234,-0.1324634,0.9876736,12,-5.7,-7.862372,71.59734,13,5.7,-26.24253,202.3792
18.78979,-24.1228,-36.35404,293.5144,0.5449603,3.001202,0.1150953,0.0546141,0.03956522,0.0151124,-0.997609,0.6489707,2.99434,0.1250241,-0.08339234,-0.1324634,0.9876736,12,-5.7,-7.624702,69.90623,13,5.7,-26.00486,200.6881
18.8136,-23.65251,-35.84431,291.9376,0.1832503,3.003357,0.1113226,0.05483986,0.03647742,0.01938308,-0.9976404,0.2786926,2.997356,0.120239,-0.08102328,-0.1315053,0.9879988,12,-5.7,-7.310235,67.66867,13,5.7,-25.69039,198.4505
18.83191,-23.62943,-35.54597,289.6961,0.002416421,3.004866,0.1096121,0.0553564,0.03442586,0.02116846,-0.9976485,0.1179514,2.997356,0.120239,-0.08102328,-0.1315053,0.9879988,12,-5.7,-7.068447,65.94826,13,5.7,-25.4486,196.7301
18.85535,-22.02033,-36.33719,287.1182,-0.3566155,3.005033,0.1060943,0.05698869,0.0306859,0.0241094,-0.9976119,-0.2497137,2.999937,0.1156104,-0.07494117,-0.1354105,0.9879513,12,-5.7,-6.758345,63.74177,13,5.7,-25.1385,194.5237
18.87341,-21.22304,-36.18806,285.1674,-0.5348294,3.005966,0.1043607,0.05562226,0.02916975,0.02393874,-0.9977386,-0.4563635,3.002407,0.1113527,-0.07198507,-0.1358489,0.988111,12,-5.7,-6.519103,62.03947,13,5.7,-24.89926,192.8214
18.89734,-21.41324,-35.9522,283.4518,-0.889415,3.007344,0.1012003,0.05842935,0.02547437,0.02555158,-0.9976394,-0.7715507,3.002407,0.1113527,-0.07198507,-0.1358489,0.988111,12,-5.7,-6.202815,59.78896,13,5.7,-24.58297,190.5708
18.91504,NaN,NaN,NaN,-1.066257,3.007454,0.09954473,0.05979998,0.02367367,0.02578757,-0.9975964,-0.9766332,3.004077,0.1071799,-0.07129118,-0.140031,0.9875773,12,-5.7,-5.969138,58.12627,13,5.7,-24.34929,188.9082
18.93884,-22.31876,-35.41438,279.2433,-1.414756,3.007825,0.09667145,0.06194851,0.02005913,0.02638799,-0.9975289,-1.33394,3.005526,0.1029491,-0.07426869,-0.1359747,0.9879246,12,-5.7,-5.654641,55.8885,13,5.7,-24.0348,186.6704
18.95703,-22.30128,-35.10347,276.984,-1.586195,3.007573,0.09532976,0.06298258,0.01842569,0.0259264,-0.9975077,-1.48633,3.005526,0.1029491,-0.07426869,-0.1359747,0.9879246,12,-5.7,-5.413498,54.17268,13,5.7,-23.79365,184.9546
18.98059,-20.66946,-34.86064,278.0344,-1.926773,3.006598,0.09288184,0.06366706,0.01489596,0.02563005,-0.9975308,-1.835918,3.006405,0.09931779,-0.06699124,-0.1346938,0.9886202,12,-5.7,-5.101919,51.95568,13,5.7,-23.48207,182.7376
18.99927,-20.69704,-34.61772,276.2514,-2.093727,3.006524,0.09184841,0.06333058,0.0132349,0.02548959,-0.9975793,-1.984321,3.006405,0.09931779,-0.06699124,-0.1346938,0.9886202,12,-5.7,-4.854835,50.19759,13,5.7,-23.23499,180.9795
19.02234,-23.61562,-43.41459,350.6763,-2.422216,3.005869,0.090069,0.06564834,0.0100107,0.02481511,-0.997484,-2.322437,3.006415,0.09602928,-0.06010257,-0.1310289,0.989555,12,-5.7,-4.550225,48.03018,13,5.7,-22.93038,178.8121
19.04065,NaN,NaN,NaN,-2.585274,3.004422,0.08947968,0.06569033,0.008246087,0.02468741,-0.9975006,-2.512589,3.006005,0.09321272,-0.05063137,-0.129118,0.9903358,12,-5.7,-4.308419,46.30964,13,5.7,-22.68858,177.0916
19.06445,NaN,NaN,NaN,-2.903975,3.003213,0.08795573,0.06439499,0.005571879,0.0244027,-0.9976105,-2.795879,3.006005,0.09321272,-0.05063137,-0.129118,0.9903358,12,-5.7,-3.992924,44.06477,13,5.7,-22.37308,174.8467
19.08215,NaN,NaN,NaN,-3.060015,3.002123,0.08741355,0.06472059,0.004618414,0.02386696,-0.9976074,-2.978711,3.005021,0.09093773,0.01023248,-0.136912,0.9905304,12,-5.7,-3.75894,42.39989,13,5.7,-22.1391,173.1818
19.10583,NaN,NaN,NaN,-3.367845,3.000209,0.08614112,0.06316185,0.002709269,0.02326204,-0.9977285,-3.295409,3.003131,0.08901381,0.01699761,-0.1415789,0.989781,12,-5.7,-3.445465,40.1694,13,5.7,-21.82562,170.9513
19.12402,NaN,NaN,NaN,-3.516354,2.999214,0.0854903,0.06201817,0.002157316,0.02270639,-0.9978144,-3.427418,3.003131,0.08901381,0.01699761,-0.1415789,0.989781,12,-5.7,-3.205822,38.46425,13,5.7,-21.58598,169.2462
19.14771,NaN,NaN,NaN,-3.808144,2.997236,0.08427914,0.06019353,0.0008772014,0.02194293,-0.9979451,-3.728669,3.000937,0.08741069,0.01861617,-0.1440178,0.9894,12,-5.7,-2.891883,36.23046,13,5.7,-21.27204,167.0124
19.1665,NaN,NaN,NaN,-3.950208,2.996727,0.08381546,0.06039943,0.0003697052,0.02271734,-0.9979157,-3.854949,3.000937,0.08741069,0.01861617,-0.1440178,0.9894,12,-5.7,-2.644423,34.46969,13,5.7,-21.02458,165.2516
19.18945,3.377812,-47.16103,335.9274,-4.227914,2.994681,0.08309078,0.06198999,-0.0006336793,0.02418379,-0.9977835,-4.142157,2.998761,0.08583176,0.02214035,-0.1476808,0.9887872,12,-5.7,-2.3406,32.30788,13,5.7,-20.72076,163.0898
19.20752,0.5727792,-36.44605,259.6864,-4.36189,2.994156,0.08272509,0.06236777,-0.001030967,0.02485729,-0.9977432,-4.300208,2.996508,0.08450878,0.01855482,-0.1501851,0.9884838,12,-5.7,-2.101762,30.60846,13,5.7,-20.48192,161.3904
19.23181,0.3401037,-36.44601,259.6861,-4.623641,2.991489,0.08220768,0.06403795,-0.002022803,0.02628207,-0.9975993,-4.532876,2.996508,0.08450878,0.01855482,-0.1501851,0.9884838,12,-5.7,-1.780297,28.32112,13,5.7,-20.16045,159.103
19.24939,3.030757,-39.25815,279.6956,-4.749629,2.990342,0.08202845,0.06358422,-0.002644613,0.02710179,-0.9976049,-4.682294,2.994346,0.08349252,0.02726504,-0.1493593,0.988407,12,-5.7,-1.548647,26.67284,13,5.7,-19.9288,157.4548
19.27307,NaN,NaN,NaN,-4.994771,2.987863,0.0821586,0.06517975,-0.003936179,0.02848927,-0.9974591,-4.935954,2.991909,0.08274543,0.02280009,-0.1448545,0.9891903,12,-5.7,-1.235288,24.44318,13,5.7,-19.61545,155.2251
19.29126,NaN,NaN,NaN,-5.11257,2.985895,0.08229508,0.06625952,-0.004809953,0.02907198,-0.9973673,-5.040665,2.991909,0.08274543,0.02280009,-0.1448545,0.9891903,12,-5.7,-0.9940001,22.72632,13,5.7,-19.37416,153.5082
19.31482,NaN,NaN,NaN,-5.339218,2.981868,0.08255982,0.06650639,-0.006556377,0.02990445,-0.9973163,-5.276172,2.989098,0.08241177,-0.001965104,-0.1411762,0.9899825,12,-5.7,-0.6835476,20.51734,13,5.7,-19.06371,151.2993
19.3335,NaN,NaN,NaN,-5.447598,2.979678,0.08289937,0.06621768,-0.007776171,0.03017161,-0.9973187,-5.37251,2.989098,0.08241177,-0.001965104,-0.1411762,0.9899825,12,-5.7,-0.4354409,18.75197,13,5.7,-18.8156,149.5339
19.35681,NaN,NaN,NaN,-5.655746,2.975002,0.08368501,0.06634828,-0.01023507,0.03075447,-0.9972699,-5.58974,2.985423,0.08244908,0.001019144,-0.1387063,0.9903331,12,-5.7,-0.1276897,16.56221,13,5.7,-18.50785,147.3441
19.37463,NaN,NaN,NaN,-5.752845,2.972194,0.08406581,0.06593179,-0.01167695,0.03101427,-0.9972736,-5.706352,2.980806,0.08285582,0.002325285,-0.1417518,0.9898995,12,-5.7,0.1073223,14.89001,13,5.7,-18.27284,145.6719
19.39905,NaN,NaN,NaN,-5.940584,2.966062,0.08477984,0.06441401,-0.01445112,0.03145644,-0.9973227,-5.873231,2.980806,0.08285582,0.002325285,-0.1417518,0.9898995,12,-5.7,0.4300281,12.59384,13,5.7,-17.95013,143.3758
19.4165,NaN,NaN,NaN,-6.02646,2.96299,0.08522775,0.06292182,-0.01564287,0.03107002,-0.9974121,-5.97787,2.975284,0.08349669,0.01166542,-0.1436695,0.989557,12,-5.7,0.6611569,10.94927,13,5.7,-17.719,141.7312
19.44019,NaN,NaN,NaN,-6.187175,2.95674,0.08629844,0.06088375,-0.01762147,0.03014453,-0.997534,-6.146842,2.968728,0.08436692,0.01300032,-0.1461591,0.9891756,12,-5.7,0.9742897,8.721216,13,5.7,-17.40587,139.5031
19.45801,-0.8762514,-57.01561,406.0464,-6.260073,2.953142,0.08685218,0.06024326,-0.01919088,0.03100209,-0.9975176,-6.21164,2.968728,0.08436692,0.01300032,-0.1461591,0.9891756,12,-5.7,1.210793,7.038407,13,5.7,-17.16936,137.8203
19.48206,-1.801906,-46.10573,328.4185,-6.393094,2.945908,0.08791118,0.05841003,-0.02144278,0.03120996,-0.9975743,-6.353458,2.961479,0.08551157,0.01370907,-0.1477882,0.988924,12,-5.7,1.527401,4.785623,13,5.7,-16.85276,135.5675
19.50061,-1.85108,-46.10573,328.4185,-6.448415,2.942271,0.08839297,0.05749984,-0.02226088,0.03079711,-0.9976221,-6.402633,2.961479,0.08551157,0.01370907,-0.1477882,0.988924,12,-5.7,1.77262,3.040802,13,5.7,-16.60754,133.8227
19.5238,-1.641875,-40.41195,287.9051,-6.546933,2.935395,0.08928295,0.05535055,-0.02478452,0.03168516,-0.9976563,-6.511078,2.953563,0.08675718,0.01672647,-0.1489673,0.9887007,12,-5.7,2.079972,0.8538754,13,5.7,-16.30019,131.6358
19.54163,-1.600618,-31.41092,223.8595,-6.583422,2.932106,0.08971356,0.05448563,-0.02601944,0.03214097,-0.9976579,-6.561376,2.94515,0.08794796,0.02190684,-0.1517173,0.9881811,13,5.7,-16.06485,129.9613,14,-5.7,-34.60011,261.8463
19.56604,-1.653042,-31.41083,223.8589,-6.642384,2.924996,0.09047598,0.05317256,-0.02789526,0.03273794,-0.9976587,-6.613786,2.94515,0.08794796,0.02190684,-0.1517173,0.9881811,13,5.7,-15.74165,127.6616,14,-5.7,-34.27691,259.5467
19.58362,-2.026443,-31.24855,222.7042,-6.661006,2.92206,0.09093495,0.05164621,-0.02902923,0.03421707,-0.9976569,-6.644429,2.936751,0.08911657,0.02049961,-0.1517513,0.9882061,13,5.7,-15.50947,126.0095,14,-5.7,-34.04473,257.8946
19.60742,-1.192466,-31.97424,227.8678,-6.681368,2.916692,0.09196913,0.05060625,-0.0303609,0.03626757,-0.9975981,-6.672659,2.928485,0.09016025,0.02377511,-0.1514209,0.9881834,13,5.7,-15.19421,123.7664,14,-5.7,-33.72948,255.6515
19.62537,-1.189824,-31.97424,227.8678,-6.678396,2.914025,0.09258334,0.05105028,-0.03093598,0.03761078,-0.997508,-6.670018,2.928485,0.09016025,0.02377511,-0.1514209,0.9881834,13,5.7,-14.95788,122.0848,14,-5.7,-33.49314,253.9699
19.64893,-0.1591707,-35.79137,255.0281,-6.658473,2.908779,0.09391117,0.0508369,-0.03228091,0.0399968,-0.9973835,-6.658358,2.920884,0.09125137,0.02519639,-0.1500817,0.9883525,13,5.7,-14.64577,119.864,14,-5.7,-33.18103,251.7491
19.66748,-0.1397786,-35.79133,255.0278,-6.636648,2.906438,0.09478673,0.05098467,-0.03283463,0.04067157,-0.9973306,-6.638958,2.920884,0.09125137,0.02519639,-0.1500817,0.9883525,13,5.7,-14.40004,118.1155,14,-5.7,-32.9353,250.0006
19.69067,1.902829,-42.26587,301.0965,-6.580066,2.902077,0.09666692,0.05138734,-0.03411682,0.04252596,-0.9971895,-6.590508,2.914115,0.09255886,0.02789325,-0.1483772,0.9885374,13,5.7,-14.09426,115.9398,14,-5.7,-32.62952,247.8249
19.70874,12.1435,-29.84401,212.7104,-6.539598,2.899983,0.09767082,0.05135934,-0.03485922,0.04359399,-0.9971192,-6.552318,2.908047,0.0941664,0.08658075,-0.1516756,0.9846311,13,5.7,-13.8552,114.2388,14,-5.7,-32.39046,246.1239
19.73303,12.22878,-29.84401,212.7104,-6.44365,2.895714,0.09962222,0.05057175,-0.03587878,0.04450076,-0.9970832,-6.467031,2.908047,0.0941664,0.08658075,-0.1516756,0.9846311,13,5.7,-13.53381,111.952,14,-5.7,-32.06908,243.8371
19.75049,12.99161,-25.85096,188.6096,-6.383323,2.893566,0.1005632,0.04931186,-0.03629636,0.04465118,-0.9971245,-6.407074,2.902563,0.09620273,0.1012047,-0.1500097,0.9834911,13,5.7,-13.30278,110.3082,14,-5.7,-31.83804,242.1932
19.77429,12.85,-25.22909,182.141,-6.247067,2.890216,0.1024277,0.04607369,-0.037443,0.04573535,-0.9971878,-6.275553,2.897518,0.09838438,0.1032737,-0.1518774,0.9829893,13,5.7,-12.98896,108.0752,14,-5.7,-31.52422,239.9603
19.79224,12.85,-25.12351,181.4577,-6.166299,2.889312,0.1033661,0.04418989,-0.03875101,0.04715556,-0.997157,-6.203759,2.897518,0.09838438,0.1032737,-0.1518774,0.9829893,13,5.7,-12.75134,106.3844,14,-5.7,-31.2866,238.2695
19.81604,9.919934,-20.88362,148.954,-5.991086,2.888083,0.1054662,0.04118809,-0.04142666,0.0501473,-0.9970319,-6.033453,2.892762,0.1006813,0.1052458,-0.1568548,0.981998,13,5.7,-12.43638,104.1434,14,-5.7,-30.97165,236.0285
19.83435,10.00869,-20.88362,148.954,-5.891234,2.888501,0.1065668,0.03961031,-0.04298373,0.05150793,-0.9969606,-5.944696,2.892762,0.1006813,0.1052458,-0.1568548,0.981998,13,5.7,-12.19378,102.4172,14,-5.7,-30.72904,234.3022
19.85779,11.44493,-21.72045,154.9083,-5.678907,2.890304,0.1084697,0.03664611,-0.04544917,0.05342382,-0.9968638,-5.73713,2.889194,0.1030595,0.1089623,-0.1560653,0.9817183,13,5.7,-11.88449,100.2165,14,-5.7,-30.41976,232.1016
19.87585,21.37211,-32.52814,231.809,-5.560087,2.892083,0.1092675,0.03473911,-0.04638537,0.05361405,-0.9968787,-5.608436,2.88776,0.1054929,0.1143523,-0.1501041,0.9820348,13,5.7,-11.64475,98.51067,14,-5.7,-30.18002,230.3958
19.8999,21.59276,-32.52818,231.8093,-5.311895,2.896503,0.1103548,0.02985847,-0.0485305,0.05437971,-0.9968933,-5.38782,2.88776,0.1054929,0.1143523,-0.1501041,0.9820348,13,5.7,-11.32801,96.2569,14,-5.7,-29.86327,228.142
19.91785,23.98132,-33.86327,241.3089,-5.178513,2.899249,0.1105471,0.0259435,-0.04975724,0.05498002,-0.9969094,-5.242052,2.888959,0.1077373,0.1189252,-0.1495641,0.9815739,13,5.7,-11.0898,94.56196,14,-5.7,-29.62506,226.447
19.94128,26.06847,-35.2076,250.8743,-4.90261,2.905442,0.1107789,0.0196551,-0.05202498,0.05600444,-0.9968805,-4.966084,2.892713,0.1095653,0.1214497,-0.1491006,0.9813353,13,5.7,-10.78106,92.36517,14,-5.7,-29.31632,224.2502
19.95972,26.19779,-35.2076,250.8743,-4.757127,2.909251,0.1106804,0.01787593,-0.05315602,0.05608946,-0.9968495,-4.836766,2.892713,0.1095653,0.1214497,-0.1491006,0.9813353,13,5.7,-10.53669,90.62639,14,-5.7,-29.07195,222.5115
19.98303,12.6523,-19.15579,136.6598,-4.457458,2.917495,0.1102806,0.01651186,-0.055191,0.05568688,-0.996785,-4.536261,2.898593,0.1105551,0.1233191,-0.1582289,0.9796714,13,5.7,-10.22803,88.43015,14,-5.7,-28.76329,220.3152
20.00146,12.79224,-19.15579,136.6598,-4.300024,2.921798,0.1099226,0.01736985,-0.0557922,0.05421648,-0.9968181,-4.396319,2.898593,0.1105551,0.1233191,-0.1582289,0.9796714,13,5.7,-9.985438,86.70403,14,-5.7,-28.5207,218.5891
20.02478,12.45599,-19.31406,137.786,-3.981853,2.930118,0.1088666,0.0182022,-0.05705235,0.05120141,-0.9968913,-4.076303,2.906479,0.1107816,0.1177233,-0.1582283,0.9803596,13,5.7,-9.675882,84.50142,14,-5.7,-28.21114,216.3865
20.04297,21.33292,-28.38039,202.2962,-3.817651,2.934169,0.1080913,0.01818923,-0.05742962,0.04912267,-0.9969744,-3.890679,2.915884,0.1103626,0.1223599,-0.1518185,0.9808054,13,5.7,-9.435864,82.79361,14,-5.7,-27.97113,214.6787
20.06677,21.62793,-28.38041,202.2963,-3.48579,2.942474,0.1066219,0.01789277,-0.05782876,0.04521036,-0.9971418,-3.59569,2.915884,0.1103626,0.1223599,-0.1518185,0.9808054,13,5.7,-9.120881,80.55239,14,-5.7,-27.65614,212.4375
20.08472,21.97376,-29.75166,212.0533,-3.315404,2.946862,0.1059666,0.01790931,-0.05757609,0.04304332,-0.997252,-3.402584,2.925831,0.1093005,0.1175132,-0.1513235,0.9814743,13,5.7,-8.884612,78.87125,14,-5.7,-27.41987,210.7563
20.1084,24.00194,-33.66515,239.8992,-2.969304,2.955551,0.1046963,0.01840528,-0.05667651,0.03893723,-0.9974633,-3.051593,2.935849,0.1077615,0.1108421,-0.1499594,0.9824592,13,5.7,-8.571209,76.64127,14,-5.7,-27.10647,208.5264
20.12634,24.15929,-33.66511,239.8989,-2.792245,2.959877,0.104009,0.01834247,-0.0560202,0.03745381,-0.9975584,-2.894207,2.935849,0.1077615,0.1108421,-0.1499594,0.9824592,13,5.7,-8.333327,74.94865,14,-5.7,-26.86859,206.8337
20.15015,26.4323,-36.41148,259.4404,-2.436719,2.968017,0.1028117,0.01787774,-0.05432904,0.03432444,-0.9977729,-2.533149,2.946193,0.1060519,0.1097599,-0.1491395,0.9827056,13,5.7,-8.018955,72.71178,14,-5.7,-26.55421,204.5969
20.16809,26.59269,-36.41148,259.4404,-2.256282,2.971811,0.1022393,0.0176235,-0.05306973,0.03293698,-0.9978918,-2.37276,2.946193,0.1060519,0.1097599,-0.1491395,0.9827056,13,5.7,-7.78231,71.02796,14,-5.7,-26.31757,202.9131
20.19189,27.96437,-38.68654,275.6283,-1.895854,2.978569,0.1009586,0.01783338,-0.05086374,0.03100588,-0.9980649,-2.006288,2.956378,0.1044827,0.1069387,-0.1485867,0.9831002,13,5.7,-7.467762,68.78983,14,-5.7,-26.00302,200.6749
20.20972,20.64833,-29.85398,212.7814,-1.714346,2.981391,0.1002754,0.01749538,-0.0496515,0.03078136,-0.9981388,-1.797838,2.96608,0.103014,0.1037429,-0.1516896,0.9829688,13,5.7,-7.2319,67.11159,14,-5.7,-25.76716,198.9967
20.23376,20.97517,-29.85397,212.7812,-1.346632,2.986536,0.09847481,0.01704945,-0.04701916,0.02875502,-0.9983345,-1.470981,2.96608,0.103014,0.1037429,-0.1516896,0.9829688,13,5.7,-6.912807,64.84112,14,-5.7,-25.44806,196.7262
20.25134,20.48941,-30.08612,214.4331,-1.160513,2.988452,0.09757003,0.01664975,-0.04543197,0.02679544,-0.9984692,-1.257512,2.974692,0.1014169,0.09977747,-0.151687,0.9833797,13,5.7,-6.68076,63.19003,14,-5.7,-25.21602,195.0751
20.27563,19.7306,-28.56942,203.6412,-0.7935992,2.99234,0.09592534,0.01687416,-0.04202824,0.02274247,-0.998715,-0.8826702,2.981804,0.09953535,0.09958027,-0.1524203,0.9832862,13,5.7,-6.359385,60.90332,14,-5.7,-24.89464,192.7884
20.29321,19.89422,-28.56945,203.6415,-0.6095533,2.993983,0.09514786,0.01741669,-0.04038072,0.02134451,-0.9988046,-0.7190739,2.981804,0.09953535,0.09958027,-0.1524203,0.9832862,13,5.7,-6.127353,59.25232,14,-5.7,-24.66261,191.1374
20.3175,22.90296,-32.10448,230.7076,-0.2411884,2.996657,0.09352428,0.0181553,-0.03740675,0.01910663,-0.9989525,-0.3430019,2.987413,0.09765291,0.09916371,-0.149696,0.9837467,13,5.7,-5.805626,56.96312,14,-5.7,-24.34089,188.8482
20.33496,22.83968,-31.7613,228.4538,-0.05678988,2.997104,0.09255599,0.01908977,-0.03620082,0.01830281,-0.9989946,-0.1790922,2.987413,0.09765291,0.09916371,-0.149696,0.9837467,13,5.7,-5.575944,55.32885,14,-5.7,-24.1112,187.214
20.35913,17.78097,-24.33125,173.4852,0.3093461,2.997634,0.09088749,0.02025973,-0.03356928,0.01600844,-0.9991028,0.1951978,2.991876,0.0957253,0.09968814,-0.1548862,0.98289,13,5.7,-5.255353,53.04773,14,-5.7,-23.79061,184.9328
20.37695,19.54373,-26.90008,191.7632,0.4928727,2.997401,0.09018286,0.02185917,-0.03201941,0.01470006,-0.9991401,0.4071014,2.994923,0.09391987,0.09817261,-0.1533641,0.983281,13,5.7,-5.020247,51.37486,14,-5.7,-23.55551,183.26
20.401,19.86917,-26.90007,191.7632,0.8589901,2.998156,0.08888946,0.02332806,-0.02899857,0.0120696,-0.9992344,0.7325391,2.994923,0.09391987,0.09817261,-0.1533641,0.983281,13,5.7,-4.702622,49.11484,14,-5.7,-23.23788,181
20.41858,19.97626,-27.51337,196.127,1.043216,2.998064,0.08819467,0.02495424,-0.02707737,0.01036143,-0.9992681,0.9452322,2.996294,0.09189057,0.09548656,-0.1530797,0.9835898,13,5.7,-4.470456,47.46289,14,-5.7,-23.00571,179.348
20.4425,22.34211,-31.74427,226.2315,1.407951,2.997054,0.08658966,0.02570523,-0.02378883,0.008050526,-0.9993541,1.318345,2.996853,0.0900079,0.09150378,-0.1512072,0.9842578,13,5.7,-4.153158,45.2052,14,-5.7,-22.68842,177.0903
20.46033,22.50401,-31.74427,226.2315,1.590083,2.996814,0.08585004,0.02529775,-0.02205721,0.00728885,-0.9994101,1.48024,2.996853,0.0900079,0.09150378,-0.1512072,0.9842578,13,5.7,-3.918321,43.53424,14,-5.7,-22.45358,175.4194
20.48438,19.61824,-26.68793,190.2537,1.951025,2.996619,0.08452164,0.02628026,-0.01859402,0.005714743,-0.9994653,1.849811,2.996715,0.08820522,0.09192771,-0.1535781,0.9838511,13,5.7,-3.600425,41.2723,14,-5.7,-22.13568,173.1574
20.50195,19.77826,-26.68793,190.2537,2.131048,2.99601,0.08398768,0.02665817,-0.01668328,0.004799621,-0.9994939,2.009831,2.996715,0.08820522,0.09192771,-0.1535781,0.9838511,13,5.7,-3.366922,39.61084,14,-5.7,-21.90218,171.4959
20.526,13.05596,-16.7245,123.6715,2.490135,2.99583,0.08260305,0.02738246,-0.01265032,0.003010533,-0.9995404,2.377356,2.996071,0.08642542,0.08501846,-0.1570067,0.9839312,13,5.7,-3.049013,37.3488,14,-5.7,-21.58427,169.2339
20.5437,12.85,-16.71371,119.5296,2.668738,2.994985,0.08197786,0.02817098,-0.01042736,0.001827938,-0.9995471,2.584396,2.995483,0.08483136,0.08449446,-0.162223,0.9831299,13,5.7,-2.815216,35.68524,14,-5.7,-21.35047,167.5703
20.56787,12.85,-16.11128,115.8787,3.02174,2.995539,0.08096483,0.02874001,-0.006574102,0.001420883,-0.9995643,2.898175,2.995483,0.08483136,0.08449446,-0.162223,0.9831299,13,5.7,-2.495398,33.40962,14,-5.7,-21.03065,165.2947
20.58557,12.85,-15.99278,116.9253,3.195705,2.99509,0.08067197,0.03141748,-0.00506705,0.001983853,-0.9994916,3.100745,2.994812,0.08328891,0.08208135,-0.1598611,0.983721,13,5.7,-2.261592,31.746,14,-5.7,-20.79685,163.6311
20.60962,15.80088,-22.53932,160.7349,3.541351,2.994301,0.08008631,0.03520315,-0.001540259,0.0001151466,-0.999379,3.455327,2.994303,0.0819577,0.07567587,-0.1565163,0.984772,13,5.7,-1.944012,29.4863,14,-5.7,-20.47927,161.3714
20.62732,15.95276,-22.53933,160.735,3.712207,2.994011,0.08001253,0.0372612,-6.817281E-06,-0.001998199,-0.9993036,3.607199,2.994303,0.0819577,0.07567587,-0.1565163,0.984772,13,5.7,-1.709316,27.81635,14,-5.7,-20.24457,159.7014
20.65149,18.25336,-28.26306,201.4614,4.050205,2.99241,0.08016886,0.04158644,0.003104962,-0.005815438,-0.9991132,3.954307,2.993813,0.08095384,0.06999291,-0.1530004,0.9857444,13,5.7,-1.391179,25.55269,14,-5.7,-19.92644,157.4378
20.66919,18.39982,-28.26304,201.4613,4.214985,2.991828,0.08047076,0.0436645,0.004204489,-0.007765502,-0.9990073,4.100779,2.993813,0.08095384,0.06999291,-0.1530004,0.9857444,13,5.7,-1.156997,23.8864,14,-5.7,-19.69225,155.7715
20.69287,12.89715,-15.48695,114.8659,4.540411,2.989696,0.08154987,0.0481425,0.007057533,-0.01223855,-0.9987406,4.436016,2.993007,0.08034849,0.0725835,-0.1585295,0.9846827,13,5.7,-0.8434713,21.65555,14,-5.7,-19.37873,153.5406
20.71082,20.23382,-32.19396,229.4311,4.700925,2.988352,0.08259858,0.05045634,0.008455887,-0.01435094,-0.9985874,4.623706,2.99159,0.08044136,0.0671234,-0.1512977,0.9862066,13,5.7,-0.6064191,19.96884,14,-5.7,-19.14167,151.8539
20.73462,20.50982,-32.19392,229.4308,5.011448,2.984989,0.08449325,0.05538121,0.01067363,-0.01653762,-0.9982713,4.899727,2.99159,0.08044136,0.0671234,-0.1512977,0.9862066,13,5.7,-0.2912486,17.72628,14,-5.7,-18.8265,149.6114
20.75269,-4.126871,-56.49115,402.3147,5.15913,2.983554,0.0855103,0.05544284,0.01171894,-0.01656603,-0.9982557,5.07498,2.989367,0.08163488,-0.02262502,-0.1462476,0.9889892,13,5.7,-0.05275717,16.02933,14,-5.7,-18.58801,147.9144
20.77637,NaN,NaN,NaN,5.450459,2.981355,0.08774352,0.05708878,0.01444743,-0.01732503,-0.9981143,5.376278,2.986298,0.08337569,-0.03425815,-0.1367553,0.9900123,13,5.7,0.2608473,13.79792,14,-5.7,-18.27441,145.683
20.79456,NaN,NaN,NaN,5.588781,2.979146,0.08882558,0.05799812,0.015395,-0.01741606,-0.9980461,5.499231,2.986298,0.08337569,-0.03425815,-0.1367553,0.9900123,13,5.7,0.5018495,12.0831,14,-5.7,-18.03341,143.9682
20.81812,NaN,NaN,NaN,5.852295,2.975156,0.09086734,0.05752388,0.01759856,-0.01774584,-0.9980313,5.773922,2.982958,0.08564949,-0.04442354,-0.1365433,0.9896376,13,5.7,0.8124819,9.872832,14,-5.7,-17.72277,141.7579
20.83667,NaN,NaN,NaN,5.974561,2.973772,0.09220472,0.0579135,0.01910453,-0.01794317,-0.9979776,5.920777,2.97915,0.0881834,-0.05629821,-0.1361941,0.9890813,13,5.7,1.057881,8.126728,14,-5.7,-17.47737,140.0118
20.85999,NaN,NaN,NaN,6.210328,2.971009,0.09507862,0.06160112,0.02184979,-0.01907068,-0.9976795,6.130348,2.97915,0.0881834,-0.05629821,-0.1361941,0.9890813,13,5.7,1.365812,5.935686,14,-5.7,-17.16944,137.8208
20.87842,-12.85,-25.89287,188.143,6.318295,2.969357,0.09663518,0.06437885,0.02329677,-0.01963321,-0.9974604,6.261754,2.974998,0.0909071,-0.09995035,-0.1509727,0.983472,13,5.7,1.610053,4.197819,14,-5.7,-16.9252,136.0829
20.90173,-12.85,-26.16912,189.9426,6.524047,2.965061,0.09975841,0.06897832,0.02631083,-0.01987841,-0.9970731,6.444644,2.974998,0.0909071,-0.09995035,-0.1509727,0.983472,13,5.7,1.91784,2.007805,14,-5.7,-16.61741,133.8929
20.92041,NaN,NaN,NaN,6.617532,2.962229,0.101502,0.07116026,0.02752614,-0.01921659,-0.9968999,6.560372,2.97119,0.09406543,-0.1059273,-0.1445646,0.9838092,13,5.7,2.164768,0.2508183,14,-5.7,-16.37049,132.1359
20.94348,NaN,NaN,NaN,6.793739,2.956507,0.1053453,0.07460149,0.03025409,-0.0197294,-0.9965591,6.746483,2.966881,0.09762692,-0.1039301,-0.1403487,0.9846323,14,-5.7,-16.06518,129.9635,15,5.7,-34.36637,260.1832
20.96216,NaN,NaN,NaN,6.871359,2.953483,0.107664,0.07520372,0.03145023,-0.02009285,-0.9964696,6.815478,2.966881,0.09762692,-0.1039301,-0.1403487,0.9846323,14,-5.7,-15.81785,128.2038,15,5.7,-34.11905,258.4235
20.98523,NaN,NaN,NaN,7.011628,2.946846,0.11195,0.07692939,0.03321937,-0.01886355,-0.9963045,6.96654,2.961531,0.1021054,-0.1039356,-0.1313344,0.9858745,14,-5.7,-15.51354,126.0384,15,5.7,-33.81474,256.2581
21.00378,NaN,NaN,NaN,7.069946,2.943265,0.1142555,0.07752016,0.03396966,-0.01825104,-0.9962448,7.041323,2.954689,0.1066307,-0.09263828,-0.1407875,0.9856962,14,-5.7,-15.26831,124.2935,15,5.7,-33.56951,254.5133
21.02698,-23.18227,-43.11493,322.6542,7.17149,2.93687,0.1186511,0.07690638,0.03569868,-0.01836537,-0.9962298,7.131584,2.954689,0.1066307,-0.09263828,-0.1407875,0.9856962,14,-5.7,-14.96095,122.1065,15,5.7,-33.26215,252.3263
21.04541,NaN,NaN,NaN,7.209224,2.934222,0.1208272,0.07469706,0.03695069,-0.01969008,-0.996327,7.184309,2.946891,0.1115783,-0.09674058,-0.1414338,0.9852095,14,-5.7,-14.71766,120.3755,15,5.7,-33.01886,250.5952
21.06873,NaN,NaN,NaN,7.269439,2.928779,0.1252927,0.07111962,0.03904289,-0.02068205,-0.9964888,7.237834,2.946891,0.1115783,-0.09674058,-0.1414338,0.9852095,14,-5.7,-14.40934,118.1816,15,5.7,-32.71054,248.4014
21.08704,NaN,NaN,NaN,7.285152,2.925704,0.1276411,0.07003871,0.04003306,-0.02142338,-0.9965104,7.266957,2.939091,0.1168553,-0.09974257,-0.1446751,0.9844392,14,-5.7,-14.16659,116.4544,15,5.7,-32.46779,246.6741
21.11047,-9.482815,-22.39768,159.7271,7.305489,2.920677,0.1322018,0.06969067,0.04207138,-0.02315249,-0.9964122,7.295846,2.93186,0.1223094,-0.1032718,-0.155902,0.9823592,14,-5.7,-13.85671,114.2495,15,5.7,-32.15791,244.4692
21.12891,-9.485312,-22.3977,159.7272,7.30269,2.918877,0.1343361,0.07092227,0.04293085,-0.02372502,-0.9962752,7.293358,2.93186,0.1223094,-0.1032718,-0.155902,0.9823592,14,-5.7,-13.61436,112.525,15,5.7,-31.91555,242.7448
21.15234,-6.893226,-18.1555,129.5424,7.282206,2.914555,0.1383686,0.07268491,0.044508,-0.02553423,-0.9960341,7.281806,2.925162,0.1276138,-0.1074806,-0.1598419,0.9812739,14,-5.7,-13.3044,110.3195,15,5.7,-31.60559,240.5393
21.17065,-8.411149,-18.68669,133.322,7.258514,2.912158,0.1401301,0.07271466,0.04553237,-0.02681104,-0.9959521,7.263031,2.919411,0.1328702,-0.1153891,-0.1590583,0.9805028,14,-5.7,-13.06163,108.5922,15,5.7,-31.36283,238.812
21.19409,-8.465144,-18.68669,133.322,7.19777,2.907416,0.143594,0.07099716,0.04794335,-0.02872703,-0.9959095,7.209035,2.919411,0.1328702,-0.1153891,-0.1590583,0.9805028,14,-5.7,-12.75239,106.3918,15,5.7,-31.05359,236.6116
21.21228,-12.85,-22.83955,164.8522,7.15405,2.905537,0.1450707,0.06900176,0.04938909,-0.02925237,-0.9959638,7.168211,2.914028,0.1378967,-0.1192178,-0.1533746,0.9809502,14,-5.7,-12.51175,104.6796,15,5.7,-30.81295,234.8993
21.23584,-8.297323,-18.45729,131.6898,7.051948,2.901715,0.1475216,0.06739346,0.05210866,-0.02947594,-0.9959288,7.071139,2.908674,0.1422648,-0.1145579,-0.1592638,0.980567,14,-5.7,-12.19961,102.4586,15,5.7,-30.50081,232.6784
21.25415,-8.354495,-18.45729,131.6898,6.987631,2.89929,0.1482688,0.06598072,0.05318014,-0.02920676,-0.9959747,7.013968,2.908674,0.1422648,-0.1145579,-0.1592638,0.980567,14,-5.7,-11.9581,100.7402,15,5.7,-30.2593,230.9599
21.27771,-9.178973,-18.5379,132.2633,6.844371,2.895618,0.1493263,0.0604825,0.05536026,-0.03098047,-0.9961512,6.875916,2.903676,0.1457289,-0.1190966,-0.1590555,0.9800599,14,-5.7,-11.64548,98.51577,15,5.7,-29.94668,228.7355
21.2959,-9.256323,-18.5379,132.2633,6.757354,2.89546,0.1497823,0.05761668,0.05634189,-0.03194528,-0.9962357,6.798568,2.903676,0.1457289,-0.1190966,-0.1590555,0.9800599,14,-5.7,-11.40641,96.81467,15,5.7,-29.70761,227.0344
21.31934,-7.2232,-15.61474,111.4639,6.565989,2.896378,0.1505779,0.05448876,0.05729708,-0.03196799,-0.9963564,6.613419,2.89881,0.1481441,-0.1217048,-0.1628424,0.9791171,14,-5.7,-11.09526,94.60071,15,5.7,-29.39645,224.8205
21.33789,-7.765136,-15.53361,110.8867,6.454183,2.897826,0.1508266,0.05412556,0.05708811,-0.03091148,-0.9964216,6.4945,2.895689,0.1497133,-0.1260107,-0.1628576,0.9785697,14,-5.7,-10.85086,92.86172,15,5.7,-29.15206,223.0815
21.36121,-7.975515,-15.53361,110.8867,6.217507,2.902174,0.1510331,0.05237028,0.05769859,-0.03204099,-0.9964445,6.284122,2.895689,0.1497133,-0.1260107,-0.1628576,0.9785697,14,-5.7,-10.54219,90.66544,15,5.7,-28.84339,220.8852
21.37927,-29.80574,-37.69928,268.6035,6.084933,2.905352,0.1508408,0.05138784,0.05839986,-0.03363683,-0.9964023,6.141685,2.895752,0.1506329,-0.1312551,-0.148225,0.9802048,14,-5.7,-10.30317,88.96469,15,5.7,-28.60436,219.1844
21.40308,-30.05204,-37.69927,268.6035,5.807846,2.911535,0.150106,0.05023838,0.06057821,-0.03446078,-0.9963026,5.895385,2.895752,0.1506329,-0.1312551,-0.148225,0.9802048,14,-5.7,-9.988104,86.7229,15,5.7,-28.2893,216.9427
21.42126,NaN,NaN,NaN,5.658749,2.915078,0.1494623,0.0498964,0.0622166,-0.03343348,-0.9962538,5.733395,2.899287,0.1510395,-0.1390133,-0.1427799,0.9799435,14,-5.7,-9.748568,85.01851,15,5.7,-28.04976,215.2383
21.4447,-23.17145,-26.64731,204.1464,5.352151,2.922463,0.1480366,0.05015942,0.06458957,-0.03003285,-0.9961979,5.426908,2.905466,0.1507167,-0.1374263,-0.1420126,0.9802788,14,-5.7,-9.438968,82.8156,15,5.7,-27.74016,213.0354
21.46277,-22.96641,-26.28722,201.6609,5.190813,2.92623,0.1471474,0.05144715,0.06608715,-0.02779028,-0.9960992,5.283495,2.905466,0.1507167,-0.1374263,-0.1420126,0.9802788,14,-5.7,-9.198985,81.10803,15,5.7,-27.50018,211.3278
21.48645,NaN,NaN,NaN,4.859967,2.93352,0.1450976,0.05298184,0.06829189,-0.02422838,-0.995963,4.95172,2.913188,0.1495733,-0.1420275,-0.143527,0.9794019,14,-5.7,-8.886551,78.88495,15,5.7,-27.18775,209.1047
21.50476,-33.77999,-36.36942,259.1411,4.688358,2.936798,0.1437357,0.05271906,0.06922713,-0.0230215,-0.995941,4.758151,2.922012,0.1479157,-0.1455498,-0.1483948,0.9781586,14,-5.7,-8.643826,77.15787,15,5.7,-26.94502,207.3776
21.5282,-34.08918,-36.36942,259.1411,4.34053,2.943699,0.1408942,0.05206906,0.07014011,-0.02048425,-0.9959667,4.44897,2.922012,0.1479157,-0.1455498,-0.1483948,0.9781586,14,-5.7,-8.334156,74.95445,15,5.7,-26.63535,205.1742
21.54651,-26.29105,-29.29175,208.7809,4.163306,2.947231,0.1394956,0.05261071,0.07009419,-0.01994383,-0.9959524,4.247869,2.930796,0.1455401,-0.1431691,-0.1510622,0.9781016,14,-5.7,-8.092494,73.23494,15,5.7,-26.39369,203.4547
21.57007,-27.50254,-32.35698,230.5911,3.803501,2.954548,0.1366755,0.0543407,0.06955035,-0.01809493,-0.995933,3.882758,2.939157,0.1423506,-0.1334186,-0.1500436,0.9796359,14,-5.7,-7.781479,71.02195,15,5.7,-26.08267,201.2417
21.5885,-27.66714,-32.35698,230.5911,3.618327,2.958492,0.1354156,0.05570395,0.06901704,-0.01706646,-0.9959129,3.71816,2.939157,0.1423506,-0.1334186,-0.1500436,0.9796359,14,-5.7,-7.536958,69.28209,15,5.7,-25.83815,199.5019
21.61169,-22.5714,-26.2909,188.4935,3.247188,2.965959,0.1328021,0.05740057,0.06829309,-0.01559843,-0.9958906,3.341225,2.947693,0.1390651,-0.1347065,-0.1519963,0.9791585,14,-5.7,-7.22974,67.09612,15,5.7,-25.53094,197.3159
21.63013,-24.13943,-27.87254,198.6827,3.060155,2.969519,0.1313681,0.05698489,0.0677007,-0.01506212,-0.9959631,3.174974,2.947693,0.1390651,-0.1347065,-0.1519963,0.9791585,14,-5.7,-6.98659,65.36601,15,5.7,-25.28778,195.5858
21.65369,-22.47926,-25.63824,182.7849,2.684866,2.976224,0.1283993,0.05553725,0.06609689,-0.01287495,-0.9961833,2.792925,2.956601,0.135877,-0.13544,-0.153247,0.9788623,14,-5.7,-6.675729,63.15412,15,5.7,-24.97692,193.3739
21.67188,-24.9749,-28.20565,201.053,2.496937,2.97948,0.1266686,0.05387991,0.0649433,-0.01158835,-0.996366,2.576558,2.965413,0.1325954,-0.134278,-0.151919,0.9792293,14,-5.7,-6.435487,61.44471,15,5.7,-24.73668,191.6645
21.69531,-25.30879,-28.20567,201.0531,2.121333,2.985682,0.1233423,0.051826,0.06291331,-0.009684926,-0.9966254,2.242688,2.965413,0.1325954,-0.134278,-0.151919,0.9792293,14,-5.7,-6.125154,59.23658,15,5.7,-24.42635,189.4564
21.71362,-21.29517,-24.71021,176.1816,1.932085,2.988591,0.1216706,0.05144716,0.06204399,-0.008424148,-0.996711,2.024716,2.973728,0.1289823,-0.1297458,-0.1540263,0.9795111,14,-5.7,-5.881968,57.50622,15,5.7,-24.18316,187.726
21.73718,-19.86319,-23.99817,171.1152,1.555125,2.993432,0.1181808,0.05221275,0.06035207,-0.005101615,-0.9967976,1.63958,2.981397,0.1251911,-0.1232704,-0.1546677,0.9802461,14,-5.7,-5.570658,55.29114,15,5.7,-23.87185,185.5109
21.75574,-20.03134,-23.99819,171.1153,1.365971,2.99566,0.1164995,0.0527686,0.05953086,-0.002965366,-0.9968264,1.471442,2.981397,0.1251911,-0.1232704,-0.1546677,0.9802461,14,-5.7,-5.326546,53.55419,15,5.7,-23.62774,183.774
21.77881,-23.2126,-27.73507,197.7045,0.9905329,2.999689,0.1129496,0.05483416,0.05788432,0.0011399,-0.9968156,1.087534,2.988209,0.121196,-0.1206388,-0.1525267,0.9809088,14,-5.7,-5.020184,51.37431,15,5.7,-23.32138,181.5941
21.79785,-23.37927,-27.73507,197.7046,0.8030325,3.001292,0.1110432,0.05535811,0.05682366,0.003173712,-0.9968433,0.920867,2.988209,0.121196,-0.1206388,-0.1525267,0.9809088,14,-5.7,-4.769892,49.59339,15,5.7,-23.07109,179.8131
21.82068,-31.33962,-36.18966,257.8622,0.42921,3.004055,0.1074952,0.05647338,0.05495135,0.006709394,-0.9968682,0.538532,2.993993,0.1169076,-0.1213719,-0.1491867,0.9813318,14,-5.7,-4.467134,47.43915,15,5.7,-22.76833,177.6589
21.83911,-39.40194,-46.03237,327.8967,0.2419515,3.005217,0.1058013,0.05676547,0.05385819,0.008671261,-0.9968961,0.3220835,2.998699,0.1126157,-0.1190043,-0.1468862,0.9819686,14,-5.7,-4.223214,45.70358,15,5.7,-22.52441,175.9233
21.86243,-39.73403,-46.03237,327.8967,-0.1316537,3.007768,0.1026892,0.05680873,0.05175488,0.01226973,-0.9969673,-0.01001002,2.998699,0.1126157,-0.1190043,-0.1468862,0.9819686,14,-5.7,-3.915356,43.51305,15,5.7,-22.21655,173.7328
21.88086,-18.51476,-21.6625,154.496,-0.3167801,3.008908,0.1010316,0.05830724,0.05089138,0.01364775,-0.9969073,-0.224496,3.002358,0.1084756,-0.1161939,-0.1566903,0.9807891,14,-5.7,-3.671917,41.7809,15,5.7,-21.97311,172.0006
21.9043,-18.91553,-21.15078,150.8549,-0.6868912,3.008483,0.09795927,0.05944526,0.04887133,0.01665729,-0.9968954,-0.6032315,3.005443,0.1045207,-0.1190905,-0.1570955,0.9803767,14,-5.7,-3.3617,39.57359,15,5.7,-21.6629,169.7933
21.92236,-19.07685,-21.1508,150.855,-0.8683642,3.009837,0.09610016,0.05794143,0.04831749,0.01758496,-0.996995,-0.7645409,3.005443,0.1045207,-0.1190905,-0.1570955,0.9803767,14,-5.7,-3.122335,37.87042,15,5.7,-21.42353,168.0902
21.94592,-18.94225,-20.64751,147.2739,-1.230093,3.010125,0.09334643,0.05950481,0.04626188,0.02005281,-0.9969538,-1.13548,3.007417,0.1003119,-0.1186151,-0.157571,0.980358,14,-5.7,-2.811588,35.65934,15,5.7,-21.11279,165.8791
21.96448,-19.10126,-20.64753,147.2741,-1.408958,3.009972,0.09177189,0.05895524,0.04530684,0.02099373,-0.9970109,-1.294471,3.007417,0.1003119,-0.1186151,-0.157571,0.980358,14,-5.7,-2.565514,33.90843,15,5.7,-20.86671,164.1282
21.98779,-18.37099,-20.08953,143.3037,-1.764186,3.009313,0.0886937,0.05691398,0.04266508,0.02383449,-0.9971823,-1.659097,3.008533,0.0966872,-0.1144514,-0.1581872,0.9807537,14,-5.7,-2.258292,31.72243,15,5.7,-20.55949,161.9422
22.00586,-12.85,-13.05274,96.8094,-1.940493,3.008123,0.0871674,0.0556325,0.04108735,0.02531236,-0.9972844,-1.863984,3.008893,0.09318817,-0.1113586,-0.162807,0.9803535,14,-5.7,-2.01848,30.01608,15,5.7,-20.31968,160.2358
22.02954,-12.85,-12.60024,94.08464,-2.288687,3.007256,0.0844775,0.05341135,0.03798774,0.0262693,-0.9975039,-2.17349,3.008893,0.09318817,-0.1113586,-0.162807,0.9803535,14,-5.7,-1.70565,27.79018,15,5.7,-20.00685,158.0099
22.04761,-12.85,-13.25062,96.21462,-2.459463,3.006504,0.08329007,0.05615116,0.03676479,0.02535469,-0.997423,-2.372758,3.008351,0.08962643,-0.1068542,-0.1658203,0.9803498,14,-5.7,-1.466978,26.09194,15,5.7,-19.76817,156.3117
22.07129,-12.11769,-12.34593,88.205,-2.80368,3.002669,0.08117844,0.05868359,0.03337945,0.02546227,-0.9973935,-2.72542,3.007156,0.08625257,-0.1044304,-0.1707074,0.979772,14,-5.7,-1.153974,23.8648,15,5.7,-19.45517,154.0845
22.08948,-12.26773,-12.34593,88.20501,-2.972476,3.000932,0.0803849,0.05925322,0.03198748,0.02529186,-0.9974098,-2.875461,3.007156,0.08625257,-0.1044304,-0.1707074,0.979772,14,-5.7,-0.9131787,22.15145,15,5.7,-19.21437,152.3712
22.11316,-10.48583,-10.13781,72.49356,-3.305862,2.997439,0.07932464,0.06133607,0.02841055,0.02506242,-0.997398,-3.217819,3.00437,0.08327556,-0.09828109,-0.1777141,0.9791622,14,-5.7,-0.600086,19.92368,15,5.7,-18.90128,150.1434
22.13196,-10.63046,-10.13781,72.49358,-3.468569,2.995407,0.07920294,0.06257826,0.02662133,0.02409792,-0.9973938,-3.362448,3.00437,0.08327556,-0.09828109,-0.1777141,0.9791622,14,-5.7,-0.3520682,18.15894,15,5.7,-18.65326,148.3787
22.15491,-11.49821,-11.28575,80.66146,-3.787039,2.990542,0.07897976,0.0640029,0.02294209,0.02254536,-0.9974312,-3.690834,3.00053,0.0810008,-0.09497014,-0.1737808,0.9801943,14,-5.7,-0.04850721,15.99899,15,5.7,-18.3497,146.2188
22.17297,-12.26265,-12.23086,87.38625,-3.941068,2.987657,0.07913575,0.06380007,0.02062255,0.02260845,-0.9974934,-3.871869,2.996128,0.07953215,-0.09425619,-0.1710495,0.9807435,14,-5.7,0.1903836,14.2992,15,5.7,-18.11081,144.519
22.1969,-12.53128,-12.23086,87.38626,-4.243276,2.982044,0.07991174,0.06261827,0.01513527,0.02429058,-0.9976272,-4.140498,2.996128,0.07953215,-0.09425619,-0.1710495,0.9807435,14,-5.7,0.5066104,12.04913,15,5.7,-17.79458,142.2689
22.2146,-10.7275,-9.108036,65.16634,-4.385942,2.979364,0.08045973,0.06150933,0.01222829,0.02474829,-0.9977247,-4.310126,2.99061,0.0791688,-0.09648386,-0.1819006,0.9785719,14,-5.7,0.7412958,10.37925,15,5.7,-17.5599,140.599
22.23877,-9.756674,-7.917229,56.69331,-4.663562,2.973255,0.08154483,0.05919451,0.006291158,0.02570563,-0.9978957,-4.597963,2.98425,0.07967222,-0.08912148,-0.1883332,0.9780532,14,-5.7,1.059877,8.112431,15,5.7,-17.24132,138.3322
22.25647,-9.872591,-7.917227,56.69329,-4.79397,2.970187,0.08229318,0.05793685,0.003482655,0.02620995,-0.9979701,-4.713881,2.98425,0.07967222,-0.08912148,-0.1883332,0.9780532,14,-5.7,1.295209,6.437955,15,5.7,-17.00599,136.6577
22.28027,-9.670849,-6.767323,48.5113,-5.038895,2.96366,0.0834922,0.0565531,-0.002611458,0.02822351,-0.9979972,-4.970325,2.977427,0.08071434,-0.09472204,-0.1963703,0.9759439,14,-5.7,1.608539,4.208499,15,5.7,-16.69266,134.4283
22.29858,-9.771766,-6.767325,48.51131,-5.152426,2.960125,0.08398634,0.05504224,-0.006477758,0.02997728,-0.998013,-5.071241,2.977427,0.08071434,-0.09472204,-0.1963703,0.9759439,14,-5.7,1.851238,2.481602,15,5.7,-16.44996,132.7014
22.3219,-9.11019,-6.318283,45.31621,-5.368311,2.95292,0.08531666,0.05279958,-0.0139638,0.03325002,-0.9979538,-5.298976,2.970218,0.08198142,-0.08225333,-0.2004638,0.9762421,14,-5.7,2.160205,0.2831903,15,5.7,-16.14099,130.5029
22.34021,-7.785626,-7.658019,54.84892,-5.464987,2.948976,0.08599572,0.05265291,-0.01747718,0.03435815,-0.9978686,-5.417865,2.962306,0.08354497,-0.04240571,-0.1902061,0.9808279,15,5.7,-15.89989,128.7874,16,-5.7,-34.19452,258.9606
22.36389,-7.947294,-7.658092,54.84929,-5.646844,2.940424,0.08729362,0.05225464,-0.0238218,0.03642997,-0.9976847,-5.579515,2.962306,0.08354497,-0.04240571,-0.1902061,0.9808279,15,5.7,-15.58679,126.5596,16,-5.7,-33.88142,256.7328
22.38184,2.547228,-17.00213,121.3357,-5.726805,2.936021,0.08781502,0.05161228,-0.02709558,0.03772246,-0.9975866,-5.680153,2.953713,0.08512676,0.06680404,-0.1620359,0.984521,15,5.7,-15.34929,124.8697,16,-5.7,-33.64392,255.0429
22.40552,3.27802,-15.50069,110.6524,-5.872842,2.92685,0.08915436,0.05173878,-0.03286009,0.04004619,-0.9973162,-5.836041,2.944169,0.08657861,0.08104005,-0.1640072,0.9831247,15,5.7,-15.03687,122.6467,16,-5.7,-33.3315,252.8199
22.42346,3.224572,-15.50067,110.6523,-5.93296,2.922268,0.0899951,0.05177886,-0.03510525,0.04043356,-0.9972221,-5.889479,2.944169,0.08657861,0.08104005,-0.1640072,0.9831247,15,5.7,-14.79903,120.9544,16,-5.7,-33.09367,251.1276
22.44702,4.389066,-15.93295,113.7281,-6.035261,2.91328,0.09165005,0.05114759,-0.03899559,0.04034449,-0.9971137,-6.002748,2.933785,0.08811629,0.08984539,-0.1631178,0.9825072,15,5.7,-14.48658,118.7312,16,-5.7,-32.78121,248.9044
22.46582,4.355831,-15.93295,113.7281,-6.07265,2.90953,0.09261729,0.04971527,-0.04056389,0.04051689,-0.9971166,-6.035982,2.933785,0.08811629,0.08984539,-0.1631178,0.9825072,15,5.7,-14.23814,116.9635,16,-5.7,-32.53277,247.1366
22.48889,5.106743,-17.02516,121.4996,-6.129843,2.902347,0.09456384,0.04705382,-0.04321041,0.04155331,-0.9970918,-6.104982,2.922987,0.08990419,0.09074841,-0.1614616,0.9826978,15,5.7,-13.9342,114.8008,16,-5.7,-32.22883,244.974
22.5072,3.76346,-15.20289,108.5334,-6.143823,2.898584,0.09552221,0.04532704,-0.04387632,0.04304774,-0.9970794,-6.13109,2.912668,0.09193194,0.08963383,-0.1641072,0.9823618,15,5.7,-13.69227,113.0794,16,-5.7,-31.9869,243.2526
22.53149,3.753283,-15.20288,108.5334,-6.155263,2.892135,0.09750509,0.04233624,-0.04592977,0.04708626,-0.9969358,-6.141259,2.912668,0.09193194,0.08963383,-0.1641072,0.9823618,15,5.7,-13.37053,110.7901,16,-5.7,-31.66516,240.9633
22.54895,1.839696,-12.66066,90.44451,-6.143983,2.890079,0.09857311,0.04141267,-0.04635342,0.04902953,-0.9968613,-6.140284,2.903126,0.09424114,0.08671287,-0.1691208,0.9817734,15,5.7,-13.14031,109.152,16,-5.7,-31.43494,239.3252
22.57239,3.671465,-14.86114,106.1018,-6.109749,2.886378,0.1004729,0.04017499,-0.04808582,0.0538483,-0.9965813,-6.113837,2.895024,0.09653974,0.09066631,-0.1645208,0.9821978,15,5.7,-12.82911,106.9377,16,-5.7,-31.12374,237.1109
22.59094,3.697254,-14.86112,106.1017,-6.080727,2.884597,0.1013238,0.03970999,-0.04929104,0.05787761,-0.9963151,-6.088039,2.895024,0.09653974,0.09066631,-0.1645208,0.9821978,15,5.7,-12.58414,105.1946,16,-5.7,-30.87877,235.3678
22.61426,2.517962,-12.59907,90.0063,-6.008805,2.881466,0.1029888,0.03826708,-0.05212089,0.06454057,-0.9958181,-6.023127,2.888885,0.09887993,0.09321215,-0.1690259,0.981194,15,5.7,-12.27683,103.008,16,-5.7,-30.57146,233.1812
22.63293,2.560032,-12.59908,90.00636,-5.961482,2.880383,0.1038448,0.03813852,-0.05382247,0.06725284,-0.995553,-5.981062,2.888885,0.09887993,0.09321215,-0.1690259,0.981194,15,5.7,-12.02861,101.2418,16,-5.7,-30.32324,231.415
22.65588,NaN,NaN,NaN,-5.858164,2.878051,0.1051767,0.03758495,-0.05750867,0.07140248,-0.9950789,-5.883853,2.884192,0.1011083,0.1107566,-0.1427863,0.983537,15,5.7,-11.7253,99.08369,16,-5.7,-30.01993,229.2569
22.67407,22.99249,-33.50484,246.1536,-5.797951,2.87663,0.1056591,0.03712101,-0.05947519,0.07264369,-0.9948907,-5.82095,2.880579,0.1031523,0.1150745,-0.1453152,0.9826705,15,5.7,-11.48575,97.37916,16,-5.7,-29.78038,227.5523
22.69824,22.90227,-33.24525,244.3984,-5.668215,2.873857,0.1063619,0.03507215,-0.06286758,0.07497069,-0.9945839,-5.705628,2.880579,0.1031523,0.1150745,-0.1453152,0.9826705,15,5.7,-11.16648,95.10748,16,-5.7,-29.46111,225.2807
22.71582,26.82965,-36.98075,263.4911,-5.59473,2.873315,0.106686,0.03287677,-0.06432334,0.07555244,-0.9945217,-5.627432,2.877522,0.104829,0.1209482,-0.1485281,0.9814841,15,5.7,-10.93397,93.45305,16,-5.7,-29.2286,223.6262
22.7395,20.5167,-28.33219,201.9534,-5.43639,2.873508,0.1074974,0.03009094,-0.06651066,0.07610615,-0.9944239,-5.47081,2.874587,0.1060287,0.126219,-0.1515686,0.9803548,15,5.7,-10.62018,91.22036,16,-5.7,-28.91482,221.3936
22.75769,20.59392,-28.33217,201.9533,-5.349494,2.87424,0.1080338,0.02864956,-0.06724808,0.07597168,-0.9944271,-5.393569,2.874587,0.1060287,0.126219,-0.1515686,0.9803548,15,5.7,-10.38015,89.51243,16,-5.7,-28.67478,219.6856
22.78125,12.85,-18.78832,137.8288,-5.163704,2.877323,0.1088307,0.02523711,-0.06867909,0.07658655,-0.9943746,-5.209903,2.87265,0.1070741,0.1284674,-0.1540833,0.9796706,15,5.7,-10.06815,87.29247,16,-5.7,-28.36279,217.4657
22.80005,12.85,-18.68011,137.1408,-5.062201,2.880115,0.1091681,0.0235183,-0.06925751,0.07731,-0.9943206,-5.119678,2.87265,0.1070741,0.1284674,-0.1540833,0.9796706,15,5.7,-9.819884,85.52595,16,-5.7,-28.11452,215.6991
22.823,12.85,-19.59158,139.964,-4.846172,2.886841,0.1096879,0.01968912,-0.07027964,0.07740363,-0.9943249,-4.905976,2.873282,0.108013,0.1243788,-0.1573641,0.9796767,15,5.7,-9.516019,83.36383,16,-5.7,-27.81065,213.537
22.84119,12.85,-18.8644,138.7169,-4.727481,2.890814,0.109642,0.01709311,-0.07062446,0.07560859,-0.9944865,-4.775791,2.877016,0.1089079,0.1246471,-0.1537522,0.980216,15,5.7,-9.276168,81.6572,16,-5.7,-27.5708,211.8304
22.86536,12.86915,-18.62025,137.1604,-4.483271,2.899244,0.1091942,0.01207374,-0.07159866,0.07208577,-0.994752,-4.558715,2.877016,0.1089079,0.1246471,-0.1537522,0.980216,15,5.7,-8.956928,79.38569,16,-5.7,-27.25156,209.5589
22.88293,11.93998,-17.69339,126.2542,-4.351759,2.904099,0.108919,0.01054296,-0.0719218,0.06926731,-0.9949464,-4.413967,2.883876,0.1095374,0.1269184,-0.1596944,0.9789737,15,5.7,-8.724117,77.72915,16,-5.7,-27.01875,207.9023
22.90662,12.85,-18.15902,130.0521,-4.079337,2.91445,0.1080603,0.009938894,-0.07255383,0.06367841,-0.99528,-4.140897,2.893034,0.1095778,0.1280122,-0.1586095,0.9790077,15,5.7,-8.410965,75.50095,16,-5.7,-26.7056,205.6741
22.92456,12.85,-18.00035,129.0727,-3.935274,2.919236,0.1072941,0.0111504,-0.07265121,0.06039842,-0.9954645,-4.01284,2.893034,0.1095778,0.1280122,-0.1586095,0.9790077,15,5.7,-8.173018,73.80788,16,-5.7,-26.46765,203.9811
22.94836,18.71183,-23.23908,165.714,-3.638586,2.928268,0.10543,0.01203716,-0.07194348,0.05333697,-0.9959089,-3.715173,2.903998,0.1089109,0.132587,-0.1545562,0.979047,15,5.7,-7.858353,71.56892,16,-5.7,-26.15299,201.7421
22.96692,18.84874,-23.23908,165.714,-3.484562,2.932623,0.1043227,0.01190754,-0.07146144,0.05001424,-0.9961175,-3.578263,2.903998,0.1089109,0.132587,-0.1545562,0.979047,15,5.7,-7.612944,69.82274,16,-5.7,-25.90758,199.9959
22.99011,21.97509,-25.57837,182.359,-3.168135,2.941577,0.1020491,0.01094495,-0.07023413,0.04455448,-0.996475,-3.260256,2.915635,0.1075692,0.1355402,-0.1530426,0.9788804,15,5.7,-7.306262,67.64059,16,-5.7,-25.60089,197.8138
23.00806,43.82721,-49.55555,352.9653,-3.002806,2.94606,0.1008825,0.01028748,-0.06903253,0.04186372,-0.9966826,-3.073939,2.926952,0.1055267,0.1303492,-0.1458612,0.9806802,15,5.7,-7.068879,65.95152,16,-5.7,-25.36351,196.1247
23.03259,44.12284,-49.55556,352.9654,-2.670222,2.954342,0.09836468,0.009880392,-0.06600776,0.03633397,-0.9971085,-2.778308,2.926952,0.1055267,0.1303492,-0.1458612,0.9806802,15,5.7,-6.746051,63.65448,16,-5.7,-25.04068,193.8277
23.0498,41.75827,-47.96375,341.639,-2.499806,2.958377,0.09715143,0.009923169,-0.06399135,0.03428782,-0.9973119,-2.585333,2.937772,0.1029505,0.1273714,-0.1462082,0.9810197,15,5.7,-6.517799,62.03038,16,-5.7,-24.81243,192.2036
23.07373,40.65834,-47.79339,340.4268,-2.154561,2.966216,0.09489109,0.01083462,-0.06028666,0.0304438,-0.9976579,-2.235139,2.948033,0.1000649,0.1237007,-0.1463335,0.9814706,15,5.7,-6.202035,59.78361,16,-5.7,-24.49667,189.9568
23.09167,40.81471,-47.79345,340.4273,-1.978713,2.969646,0.0936857,0.01168622,-0.05826965,0.02898808,-0.9978116,-2.07883,2.948033,0.1000649,0.1237007,-0.1463335,0.9814706,15,5.7,-5.964654,58.09455,16,-5.7,-24.25929,188.2677
23.1156,37.34717,-44.83143,319.3514,-1.628069,2.976084,0.09145369,0.01262403,-0.05422421,0.0264906,-0.9980975,-1.722292,2.957799,0.09716427,0.120152,-0.1469683,0.9818166,15,5.7,-5.647721,55.83946,16,-5.7,-23.94235,186.0126
23.13391,23.3091,-27.46839,203.3583,-1.451602,2.978932,0.09026959,0.01313815,-0.05223479,0.02612858,-0.9982065,-1.565432,2.957799,0.09716427,0.120152,-0.1469683,0.9818166,15,5.7,-5.405489,54.11589,16,-5.7,-23.70012,184.2891
23.15735,18.83894,-22.86349,163.0415,-1.098341,2.983857,0.08812551,0.01390357,-0.04783551,0.02372286,-0.9984767,-1.20539,2.966784,0.09440136,0.1206073,-0.1554216,0.9804581,15,5.7,-5.095617,51.91103,16,-5.7,-23.39025,182.0842
23.17529,21.17341,-25.19442,179.627,-0.9203162,2.985966,0.08719738,0.01505669,-0.04495969,0.02184775,-0.9986364,-1.0005,2.974562,0.09162796,0.1211162,-0.153862,0.9806413,15,5.7,-4.858108,50.22107,16,-5.7,-23.15274,180.3942
23.19995,21.48756,-25.1944,179.6269,-0.5668854,2.989659,0.08556071,0.01766305,-0.03971771,0.01943962,-0.9988657,-0.6863391,2.974562,0.09162796,0.1211162,-0.153862,0.9806413,15,5.7,-4.532572,47.90475,16,-5.7,-22.8272,178.0779
23.21716,27.37575,-31.04456,221.2528,-0.3894604,2.991233,0.08497137,0.01896547,-0.03690229,0.0190687,-0.998957,-0.4816341,2.981004,0.08901203,0.1235397,-0.1508939,0.9808002,15,5.7,-4.305658,46.29018,16,-5.7,-22.60029,176.4633
23.24072,23.22437,-25.57304,182.321,-0.03535195,2.993261,0.08376606,0.02210734,-0.03170497,0.01777084,-0.9990948,-0.1197726,2.986127,0.08678353,0.1255535,-0.1536019,0.9801239,15,5.7,-3.994011,44.0727,16,-5.7,-22.28864,174.2459
23.25854,23.38152,-25.57304,182.321,0.1414409,2.993606,0.08341043,0.02377798,-0.02913357,0.01716221,-0.9991453,0.0373766,2.986127,0.08678353,0.1255535,-0.1536019,0.9801239,15,5.7,-3.757287,42.38831,16,-5.7,-22.05192,172.5615
23.28235,38.37845,-40.16534,286.1505,0.4935972,2.99388,0.08316778,0.02701793,-0.02351204,0.01518397,-0.999243,0.397525,2.989924,0.08502984,0.1301675,-0.147901,0.9803988,15,5.7,-3.442337,40.14733,16,-5.7,-21.73697,170.3205
23.30078,38.53424,-40.16534,286.1505,0.6688683,2.994392,0.08369023,0.02875669,-0.02061379,0.01415837,-0.9992736,0.5533215,2.989924,0.08502984,0.1301675,-0.147901,0.9803988,15,5.7,-3.19878,38.41433,16,-5.7,-21.49341,168.5875
23.32422,25.50595,-27.12236,193.345,1.01815,2.994244,0.08485851,0.03369718,-0.01533195,0.01276876,-0.9992329,0.9108633,2.992103,0.0838666,0.1247635,-0.1527617,0.980356,15,5.7,-2.890033,36.21748,16,-5.7,-21.18467,166.3906
23.34229,24.12281,-26.61489,189.7341,1.191972,2.993165,0.085365,0.03443798,-0.012785,0.01180023,-0.9992554,1.112237,2.99311,0.08367789,0.1190271,-0.1531538,0.9810079,15,5.7,-2.65064,34.51412,16,-5.7,-20.94527,164.6873
23.36633,24.42744,-26.61491,189.7343,1.534664,2.991262,0.08676518,0.03440765,-0.00837969,0.01080862,-0.9993144,1.416851,2.99311,0.08367789,0.1190271,-0.1531538,0.9810079,15,5.7,-2.332318,32.24913,16,-5.7,-20.62695,162.4223
23.38403,17.58283,-17.85947,127.4361,1.705659,2.990376,0.08776383,0.03429592,-0.006266303,0.01069132,-0.9993349,1.615244,2.992976,0.08450627,0.1227977,-0.1603645,0.9793895,15,5.7,-2.099209,30.59048,16,-5.7,-20.39384,160.7636
23.40771,12.85,-12.08587,89.16203,2.042785,2.988762,0.09014831,0.03310865,-0.002034336,0.009201922,-0.9994074,1.961004,2.991483,0.08596039,0.1196633,-0.1656907,0.9788908,15,5.7,-1.785308,28.35696,16,-5.7,-20.07994,158.5301
23.4259,12.85,-11.88165,87.95554,2.208706,2.988183,0.09131618,0.03440325,-0.0001468807,0.009246849,-0.9993653,2.10849,2.991483,0.08596039,0.1196633,-0.1656907,0.9788908,15,5.7,-1.545499,26.65063,16,-5.7,-19.84013,156.8238
23.44946,12.85,-12.47917,91.93476,2.535161,2.984283,0.09388085,0.03564219,0.004345797,0.007844841,-0.9993244,2.444244,2.98944,0.0880971,0.1110307,-0.165052,0.9800153,15,5.7,-1.233424,24.4301,16,-5.7,-19.52806,154.6032
23.4679,12.85,-12.27163,90.70244,2.692228,2.983602,0.09524643,0.03432014,0.006609902,0.00790962,-0.9993578,2.583859,2.98944,0.0880971,0.1110307,-0.165052,0.9800153,15,5.7,-0.9902794,22.70004,16,-5.7,-19.28491,152.8732
23.49133,12.85,-11.81339,85.63728,2.998846,2.981181,0.09826234,0.03704185,0.01019842,0.008221699,-0.9992279,2.901046,2.987069,0.0908103,0.1138512,-0.1693696,0.9789544,15,5.7,-0.6805939,20.49651,16,-5.7,-18.97523,150.6697
23.5094,12.85,-11.76331,84.94296,3.14876,2.979432,0.09971704,0.03836952,0.01228742,0.007174136,-0.9991624,3.077457,2.984143,0.09383011,0.1127507,-0.1701488,0.9789467,15,5.7,-0.4413208,18.79399,16,-5.7,-18.73596,148.9671
23.53345,12.85,-11.37402,82.70317,3.438976,2.975676,0.1027521,0.04106615,0.0159511,0.005003029,-0.9990166,3.335427,2.984143,0.09383011,0.1127507,-0.1701488,0.9789467,15,5.7,-0.1226357,16.52643,16,-5.7,-18.41727,146.6996
23.55103,12.85,-11.68828,86.23978,3.576925,2.973488,0.1042552,0.04189166,0.01774929,0.00354697,-0.9989583,3.499815,2.980931,0.09724665,0.1063954,-0.1669205,0.980213,15,5.7,0.1093959,14.87544,16,-5.7,-18.18524,145.0486
23.57495,12.85,-10.97471,79.3909,3.843201,2.969633,0.1074082,0.04355291,0.02083534,0.001529191,-0.9988327,3.77635,2.977025,0.1008257,0.1119956,-0.1722056,0.9786737,15,5.7,0.4254634,12.6265,16,-5.7,-17.86917,142.7997
23.59277,12.85,-10.80245,78.41193,3.969234,2.966953,0.1091174,0.04526602,0.02205587,0.0003634789,-0.9987314,3.888379,2.977025,0.1008257,0.1119956,-0.1722056,0.9786737,15,5.7,0.6603996,10.95485,16,-5.7,-17.63424,141.128
23.61658,12.63114,-10.94354,78.22653,4.210421,2.961856,0.1123699,0.04644692,0.0249319,-0.002823879,-0.9986056,4.140354,2.97238,0.1045589,0.1063946,-0.1743747,0.9789146,15,5.7,0.9762255,8.707628,16,-5.7,-17.31841,138.8808
23.63464,12.7304,-10.94354,78.22656,4.322081,2.959073,0.1139856,0.04738734,0.02628857,-0.003607848,-0.9985241,4.239607,2.97238,0.1045589,0.1063946,-0.1743747,0.9789146,15,5.7,1.214211,7.014275,16,-5.7,-17.08043,137.1874
23.65833,11.53231,-8.696039,62.23475,4.536998,2.952897,0.1170642,0.04861391,0.02939641,-0.006631772,-0.998363,4.465716,2.967071,0.1083966,0.1111005,-0.1833666,0.9767463,15,5.7,1.528087,4.780933,16,-5.7,-16.76655,134.9541
23.67651,12.14352,-8.866751,63.44943,4.635076,2.949446,0.1182557,0.04843434,0.03042237,-0.00753772,-0.9983345,4.585225,2.961045,0.112244,0.1165075,-0.1823198,0.9763122,15,5.7,1.76858,3.069734,16,-5.7,-16.52606,133.2429
23.70032,12.30501,-8.866752,63.44943,4.816751,2.941278,0.1204778,0.04845333,0.0324023,-0.01016008,-0.9982481,4.746713,2.961045,0.112244,0.1165075,-0.1823198,0.9763122,15,5.7,2.08239,0.8368626,16,-5.7,-16.21225,131.01
23.71826,12.43399,-8.476839,60.67506,4.895176,2.937176,0.1216647,0.04845306,0.03331811,-0.01175312,-0.9982005,4.845917,2.954042,0.115901,0.1222031,-0.1840902,0.9752832,16,-5.7,-15.97514,129.3229,17,0.7,-34.06774,258.0583
23.74182,11.48663,-6.913349,49.55025,5.038241,2.929649,0.1241155,0.05088003,0.03525017,-0.01524738,-0.9979661,4.999392,2.94556,0.1191155,0.1276501,-0.1939949,0.972662,16,-5.7,-15.66221,127.0963,17,0.7,-33.75481,255.8317
23.76001,11.53892,-6.913349,49.55025,5.097069,2.92643,0.1254146,0.05270346,0.03650288,-0.01786969,-0.9977829,5.051683,2.94556,0.1191155,0.1276501,-0.1939949,0.972662,16,-5.7,-15.42181,125.3858,17,0.7,-33.51441,254.1212
23.78369,11.96308,-7.442366,53.3144,5.197968,2.920244,0.1278465,0.05519863,0.03887409,-0.02185686,-0.997479,5.163887,2.936353,0.1219802,0.124481,-0.1900157,0.9738576,16,-5.7,-15.10885,123.1589,17,0.7,-33.20145,251.8943
23.80225,11.99422,-7.442365,53.31439,5.233003,2.917009,0.128913,0.05511186,0.03995857,-0.02252841,-0.997426,5.195028,2.936353,0.1219802,0.124481,-0.1900157,0.9738576,16,-5.7,-14.86382,121.4155,17,0.7,-32.95641,250.1508
23.82544,11.79334,-9.061648,64.8363,5.28706,2.911342,0.1310297,0.05405382,0.04243695,-0.02415971,-0.9973433,5.261451,2.927681,0.1248745,0.09876432,-0.1812828,0.9784591,16,-5.7,-14.55769,119.2373,17,0.7,-32.65029,247.9726
23.84351,-12.85,-26.46774,190.69,5.299559,2.909263,0.1322234,0.05390596,0.04296051,-0.02404582,-0.9973317,5.286386,2.919742,0.1277503,-0.09364776,-0.1517432,0.9839737,16,-5.7,-14.31918,117.5401,17,0.7,-32.41177,246.2755
23.86731,-12.85,-26.47728,190.7518,5.306177,2.906157,0.1342953,0.05434064,0.04361991,-0.02444191,-0.9972697,5.292268,2.919742,0.1277503,-0.09364776,-0.1517432,0.9839737,16,-5.7,-14.00407,115.298,17,0.7,-32.09667,244.0334
23.88538,-26.91726,-36.87168,262.7148,5.294916,2.9049,0.1352154,0.05466047,0.04397724,-0.02452424,-0.9972346,5.291261,2.912718,0.1304889,-0.1203935,-0.1487117,0.9815245,16,-5.7,-13.76559,113.6012,17,0.7,-31.85819,242.3365
23.90894,-28.3008,-37.47933,267.0384,5.257773,2.902199,0.1366628,0.05348395,0.04512483,-0.02475315,-0.9972414,5.262246,2.90754,0.1330097,-0.1233835,-0.148469,0.9811898,16,-5.7,-13.45292,111.3764,17,0.7,-31.54552,240.1118
23.927,-28.3297,-37.47923,267.0377,5.225159,2.901359,0.136929,0.0511605,0.04564301,-0.02494969,-0.9973348,5.233255,2.90754,0.1330097,-0.1233835,-0.148469,0.9811898,16,-5.7,-13.214,109.6764,17,0.7,-31.30659,238.4117
23.95068,-24.14812,-31.98464,227.9417,5.146425,2.900373,0.1375336,0.04792476,0.04711685,-0.02602844,-0.9973995,5.162396,2.903785,0.1352195,-0.1261649,-0.1501747,0.9805763,16,-5.7,-12.90091,107.4486,17,0.7,-30.9935,236.184
23.96875,-24.19355,-31.98464,227.9417,5.095322,2.900123,0.1376912,0.04667554,0.04769661,-0.02679134,-0.9974111,5.116971,2.903785,0.1352195,-0.1261649,-0.1501747,0.9805763,16,-5.7,-12.66216,105.7498,17,0.7,-30.75475,234.4852
23.99255,-12.85,-18.68166,136.2598,4.980274,2.899818,0.1375009,0.04545767,0.04832984,-0.02657165,-0.9974427,5.009105,2.901057,0.1369842,-0.1285054,-0.1552987,0.9794737,16,-5.7,-12.34788,103.5136,17,0.7,-30.44048,232.249
24.01062,-12.85,-18.60777,134.6188,4.914356,2.899726,0.1371938,0.04586772,0.04867423,-0.02643366,-0.9974108,4.940632,2.899508,0.1377219,-0.1295304,-0.1565907,0.9791329,16,-5.7,-12.10839,101.8096,17,0.7,-30.20099,230.545
24.0343,-12.85,-18.45242,133.6474,4.769792,2.900504,0.1364748,0.04589486,0.04894552,-0.02639954,-0.9973972,4.81213,2.899508,0.1377219,-0.1295304,-0.1565907,0.9791329,16,-5.7,-11.79511,99.58047,17,0.7,-29.88771,228.3158
24.05249,-12.85,-18.34605,133.2408,4.684978,2.901888,0.1362736,0.04651894,0.04876371,-0.02561083,-0.9973977,4.722946,2.898848,0.1377039,-0.1292807,-0.1562945,0.9792132,16,-5.7,-11.55583,97.87791,17,0.7,-29.64843,226.6133
24.07617,-39.28045,-47.25505,336.5963,4.506984,2.905412,0.1360817,0.0482152,0.04893146,-0.02526006,-0.9973179,4.547482,2.899152,0.1372632,-0.1277825,-0.1462271,0.9809635,16,-5.7,-11.24185,95.64382,17,0.7,-29.33445,224.3792
24.09399,-39.36673,-47.25498,336.5959,4.40985,2.907455,0.1357905,0.0483233,0.048807,-0.02587586,-0.9973029,4.461141,2.899152,0.1372632,-0.1277825,-0.1462271,0.9809635,16,-5.7,-11.0059,93.96491,17,0.7,-29.09849,222.7003
24.11804,NaN,NaN,NaN,4.203288,2.912429,0.1346932,0.04565142,0.04803913,-0.02584774,-0.9974668,4.256783,2.901295,0.136844,-0.1280742,-0.1446444,0.98116,16,-5.7,-10.68947,91.71344,17,0.7,-28.78207,220.4488
24.13599,NaN,NaN,NaN,4.091072,2.915707,0.1340739,0.04295245,0.04800428,-0.02626239,-0.9975776,4.157036,2.901295,0.136844,-0.1280742,-0.1446444,0.98116,16,-5.7,-10.45085,90.01555,17,0.7,-28.54345,218.7509
24.15979,NaN,NaN,NaN,3.8585,2.923069,0.1326916,0.04019965,0.04826166,-0.02640134,-0.9976763,3.926358,2.905288,0.1360725,-0.1081248,-0.1438895,0.9836691,16,-5.7,-10.13747,87.78575,17,0.7,-28.23007,216.5211
24.17773,-35.3484,-50.29282,358.2113,3.734269,2.927094,0.1319423,0.03982078,0.04868913,-0.02570586,-0.9976888,3.78889,2.911151,0.1349208,-0.1074855,-0.1461179,0.9834106,16,-5.7,-9.898708,86.08685,17,0.7,-27.9913,214.8222
24.20142,-35.57297,-50.29275,358.2108,3.481575,2.935515,0.1305001,0.03912129,0.05007861,-0.0243509,-0.9976817,3.564273,2.911151,0.1349208,-0.1074855,-0.1461179,0.9834106,16,-5.7,-9.58572,83.85983,17,0.7,-27.67832,212.5952
24.2196,-24.97126,-36.28715,258.5557,3.347987,2.939957,0.1294215,0.03939805,0.05122107,-0.02315572,-0.9976412,3.415841,2.918908,0.1337246,-0.1079702,-0.1491201,0.9829068,16,-5.7,-9.346396,82.15694,17,0.7,-27.43899,210.8923
24.24329,-32.26338,-44.48823,316.9094,3.074606,2.94826,0.1268403,0.03953872,0.05349738,-0.02058756,-0.9975725,3.14049,2.928235,0.1319931,-0.1098621,-0.1471385,0.9829957,16,-5.7,-9.032891,79.92624,17,0.7,-27.12549,208.6616
24.26135,-32.38832,-44.48829,316.9099,2.934094,2.952117,0.1252707,0.03961295,0.05493128,-0.01863654,-0.99753,3.015591,2.928235,0.1319931,-0.1098621,-0.1471385,0.9829957,16,-5.7,-8.79473,78.23164,17,0.7,-26.88733,206.967
24.28503,NaN,NaN,NaN,2.649613,2.959517,0.1220264,0.03947924,0.05753276,-0.01526047,-0.997446,2.728057,2.938345,0.1295168,-0.1100669,-0.1418377,0.9837517,16,-5.7,-8.481382,76.00205,17,0.7,-26.57398,204.7374
24.3031,NaN,NaN,NaN,2.50287,2.963274,0.1202886,0.03934101,0.05887774,-0.01373932,-0.9973951,2.561188,2.948186,0.1263483,-0.1153549,-0.1418366,0.9831458,16,-5.7,-8.242395,74.30157,17,0.7,-26.33499,203.0369
24.32654,NaN,NaN,NaN,2.206257,2.970385,0.1167773,0.03981809,0.06110607,-0.01002537,-0.9972864,2.297532,2.948186,0.1263483,-0.1153549,-0.1418366,0.9831458,16,-5.7,-7.931357,72.08842,17,0.7,-26.02395,200.8238
24.34509,-35.5104,-45.68231,325.4058,2.055054,2.973889,0.1150368,0.03987045,0.06178532,-0.007646475,-0.9972636,2.125271,2.957391,0.1226202,-0.1136871,-0.1469273,0.9825923,16,-5.7,-7.686003,70.34263,17,0.7,-25.7786,199.078
24.36841,-35.78099,-45.68231,325.4058,1.750632,2.981119,0.1115931,0.04035216,0.06236595,-0.003092872,-0.9972326,1.854674,2.957391,0.1226202,-0.1136871,-0.1469273,0.9825923,16,-5.7,-7.377935,68.15061,17,0.7,-25.47053,196.886
24.3866,-23.86085,-30.92737,220.4189,1.596095,2.984321,0.1099417,0.04203483,0.06203775,-0.0007245603,-0.997188,1.678361,2.966186,0.1185209,-0.113836,-0.151074,0.9819461,16,-5.7,-7.137929,66.44288,17,0.7,-25.23053,195.1783
24.41016,-19.89715,-26.16443,186.5288,1.284374,2.990252,0.1066713,0.04388189,0.06108624,0.003879779,-0.9971598,1.361326,2.974723,0.1143427,-0.1119622,-0.1534674,0.9817903,16,-5.7,-6.826316,64.22564,17,0.7,-24.91891,192.961
24.42834,-20.03848,-26.16443,186.5288,1.125383,2.992949,0.104945,0.04450876,0.06004278,0.006124482,-0.9971842,1.22,2.974723,0.1143427,-0.1119622,-0.1534674,0.9817903,16,-5.7,-6.586736,62.52094,17,0.7,-24.67933,191.2563
24.4519,-18.65238,-25.07776,178.7967,0.8066627,2.997402,0.1014943,0.04520474,0.05803736,0.01094206,-0.9972304,0.8958013,2.982734,0.1102484,-0.1074491,-0.1542382,0.9821737,16,-5.7,-6.274825,60.30157,17,0.7,-24.36742,189.037
24.46997,-29.69278,-39.43064,280.9229,0.6455738,2.99954,0.09982258,0.04540696,0.05686158,0.01329612,-0.9972603,0.7109158,2.989799,0.1061803,-0.106446,-0.1485177,0.9831641,16,-5.7,-6.03609,58.60289,17,0.7,-24.12869,187.3383
24.49365,-29.98008,-39.43059,280.9225,0.3223234,3.003412,0.09666583,0.0465954,0.05471776,0.01812891,-0.9972494,0.4235821,2.989799,0.1061803,-0.106446,-0.1485177,0.9831641,16,-5.7,-5.72191,56.36739,17,0.7,-23.81451,185.1028
24.51184,-29.78003,-39.69864,282.8297,0.1590296,3.005224,0.09516763,0.04748676,0.05374596,0.02037097,-0.9972169,0.2362615,2.995644,0.102182,-0.104403,-0.1484997,0.9833859,16,-5.7,-5.48182,54.65905,17,0.7,-23.57442,183.3944
24.53564,-30.07017,-39.69859,282.8294,-0.1674138,3.008471,0.09224229,0.04856555,0.05199784,0.02367874,-0.9971845,-0.05391051,2.995644,0.102182,-0.104403,-0.1484997,0.9833859,16,-5.7,-5.167921,52.42554,17,0.7,-23.26052,181.1609
24.55359,-24.11151,-32.28444,230.0749,-0.3318396,3.010396,0.09081547,0.04946629,0.05103523,0.02494231,-0.9971592,-0.242848,3.000616,0.09830809,-0.1020513,-0.1508625,0.9832731,16,-5.7,-4.930885,50.73895,17,0.7,-23.02348,179.4743
24.57715,-16.60333,-22.23219,158.5495,-0.6597992,3.011273,0.08804844,0.0516526,0.04954364,0.02742973,-0.9970583,-0.5775658,3.005148,0.09461904,-0.09938429,-0.1565103,0.9826633,16,-5.7,-4.618135,48.51361,17,0.7,-22.71073,177.249
24.59534,-16.75062,-22.23221,158.5496,-0.8254907,3.012644,0.08673766,0.05035715,0.04884278,0.02890055,-0.9971175,-0.7248472,3.005148,0.09461904,-0.09938429,-0.1565103,0.9826633,16,-5.7,-4.377871,46.80405,17,0.7,-22.47047,175.5394
24.61902,-17.56143,-23.32423,166.3197,-1.153852,3.014719,0.08441479,0.05269197,0.04717931,0.03231752,-0.9969721,-1.060261,3.008548,0.09113526,-0.09757745,-0.1557154,0.9829707,16,-5.7,-4.064879,44.577,17,0.7,-22.15747,173.3124
24.63733,-16.91882,-22.67258,161.683,-1.316629,3.014793,0.08323581,0.05361063,0.04679835,0.03257501,-0.9969327,-1.248719,3.011097,0.08790219,-0.09533311,-0.1562533,0.9831055,16,-5.7,-3.822828,42.85471,17,0.7,-21.91542,171.5901
24.66077,-17.20578,-22.67258,161.683,-1.639454,3.014723,0.08107877,0.05412939,0.04560781,0.03412506,-0.9969079,-1.535674,3.011097,0.08790219,-0.09533311,-0.1562533,0.9831055,16,-5.7,-3.513243,40.6519,17,0.7,-21.60584,169.3873
24.67896,-17.88757,-23.53105,167.7913,-1.799204,3.014797,0.08018889,0.05454922,0.04469204,0.03546468,-0.9968798,-1.72132,3.013034,0.0849719,-0.09478229,-0.1556273,0.9832581,16,-5.7,-3.273107,38.94324,17,0.7,-21.3657,167.6786
24.70251,-18.16939,-23.53105,167.7913,-2.11625,3.013972,0.07889362,0.05721907,0.04260358,0.03833168,-0.9967154,-2.003138,3.013034,0.0849719,-0.09478229,-0.1556273,0.9832581,16,-5.7,-2.961486,36.72594,17,0.7,-21.05408,165.4613
24.72083,-18.48156,-23.6254,168.4626,-2.273475,3.013395,0.07832874,0.05816915,0.04083893,0.04011245,-0.9966642,-2.186049,3.013901,0.08231425,-0.09515531,-0.1555565,0.9832333,16,-5.7,-2.719477,35.00396,17,0.7,-20.81207,163.7393
24.74426,-18.72589,-24.30715,173.3136,-2.582051,3.011366,0.07733724,0.06083206,0.03756812,0.04209383,-0.9965522,-2.50304,3.013559,0.08018661,-0.09211073,-0.1551227,0.9835917,16,-5.7,-2.408727,32.79285,17,0.7,-20.50132,161.5282
24.76257,-18.86403,-24.30715,173.3135,-2.737467,3.008735,0.07726572,0.06102433,0.03512781,0.04284807,-0.9965973,-2.641187,3.013559,0.08018661,-0.09211073,-0.1551227,0.9835917,16,-5.7,-2.167085,31.07348,17,0.7,-20.25968,159.8089
24.78601,-21.65594,-30.60385,218.1169,-3.038682,3.005887,0.07664223,0.05935996,0.03144692,0.04302573,-0.9968131,-2.950931,3.012283,0.07863796,-0.08448283,-0.1518303,0.9847894,16,-5.7,-1.857306,28.86929,17,0.7,-19.9499,157.6047
24.8042,-12.85,-17.32926,125.0118,-3.184677,3.004469,0.07633754,0.05901925,0.02985437,0.04206699,-0.9969233,-3.12196,3.009333,0.07733369,-0.07662746,-0.1602065,0.9841048,16,-5.7,-1.616032,27.15254,17,0.7,-19.70863,155.8879
24.82776,-12.85,-16.79426,121.7254,-3.472557,3.000792,0.07644601,0.05678395,0.02618555,0.04048151,-0.9972218,-3.377854,3.009333,0.07733369,-0.07662746,-0.1602065,0.9841048,16,-5.7,-1.305274,24.94138,17,0.7,-19.39787,153.6768
24.84607,-11.03044,-14.7265,105.1437,-3.610875,2.998925,0.07658249,0.05507432,0.02435817,0.03981884,-0.9973906,-3.541047,3.005643,0.07664239,-0.07011499,-0.1660068,0.9836288,16,-5.7,-1.06362,23.22192,17,0.7,-19.15622,151.9573
24.86963,-10.12139,-12.8715,91.94474,-3.880941,2.995089,0.076885,0.05236581,0.02030849,0.03905056,-0.9976575,-3.819985,3.001512,0.07657945,-0.06743646,-0.1698701,0.9831564,16,-5.7,-0.7520949,21.0053,17,0.7,-18.84469,149.7407
24.88782,-10.23643,-12.8715,91.94476,-4.010358,2.993328,0.07697286,0.05122876,0.01791164,0.03911867,-0.9977598,-3.935022,3.001512,0.07657945,-0.06743646,-0.1698701,0.9831564,16,-5.7,-0.510497,19.28625,17,0.7,-18.60309,148.0216
24.91138,-10.10665,-12.61683,90.13266,-4.261055,2.989114,0.07722944,0.04932019,0.01279935,0.03930721,-0.9979272,-4.195079,2.997097,0.07678723,-0.06454349,-0.1704756,0.9832458,16,-5.7,-0.1997924,17.07547,17,0.7,-18.29239,145.8108
24.92969,-10.21141,-12.61684,90.13273,-4.378903,2.98682,0.07726268,0.04915951,0.009957291,0.03943383,-0.9979625,-4.299833,2.997097,0.07678723,-0.06454349,-0.1704756,0.9832458,16,-5.7,0.04201685,15.35491,17,0.7,-18.05058,144.0903
24.95313,-10.36038,-12.05501,86.13511,-4.610038,2.982083,0.07748681,0.04845117,0.004208155,0.03948509,-0.9980359,-4.540516,2.992597,0.07707667,-0.0664692,-0.1718601,0.9828764,16,-5.7,0.3518208,13.15054,17,0.7,-17.74077,141.8859
24.97144,-9.046361,-10.83039,77.42144,-4.718517,2.980037,0.07770301,0.04899412,0.001372643,0.03956109,-0.9980143,-4.670157,2.987488,0.07734871,-0.05561284,-0.1755978,0.98289,16,-5.7,0.5939364,11.4278,17,0.7,-17.49866,140.1631
24.99524,-9.233762,-10.83039,77.42145,-4.929343,2.974732,0.07816534,0.05162638,-0.004418097,0.04029391,-0.9978435,-4.857558,2.987488,0.07734871,-0.05561284,-0.1755978,0.98289,16,-5.7,0.9090393,9.185723,17,0.7,-17.18355,137.9211
25.01331,-9.224364,-10.74055,76.7822,-5.027783,2.971464,0.07836214,0.05275073,-0.006846391,0.04026683,-0.9977721,-4.976151,2.982082,0.07766426,-0.05443764,-0.1758452,0.9829115,16,-5.7,1.148095,7.484756,17,0.7,-16.9445,136.2201
25.03699,-9.194021,-10.37534,74.18361,-5.213271,2.965518,0.07868312,0.05351919,-0.01145482,0.0399272,-0.9977025,-5.169928,2.976149,0.07805729,-0.05336555,-0.1770609,0.982752,16,-5.7,1.461876,5.252085,17,0.7,-16.63072,133.9874
25.05505,-9.270262,-10.37534,74.18361,-5.29904,2.962104,0.07898922,0.05429519,-0.01385053,0.0408507,-0.9975929,-5.246167,2.976149,0.07805729,-0.05336555,-0.1770609,0.982752,16,-5.7,1.699144,3.563837,17,0.7,-16.39345,132.2992
25.07849,-8.890832,-9.601201,68.67535,-5.460535,2.954983,0.07964007,0.05535626,-0.01772725,0.04166715,-0.9974394,-5.416215,2.969385,0.07846999,-0.04976128,-0.1800282,0.982402,16,-5.7,2.009876,1.352862,17,0.7,-16.08272,130.0882
25.09692,-8.954013,-9.601202,68.67535,-5.531612,2.951211,0.07996468,0.05535676,-0.01909664,0.04160375,-0.9974167,-5.479395,2.969385,0.07846999,-0.04976128,-0.1800282,0.982402,17,0.7,-15.83865,128.3516,18,-5.7,-33.93113,257.0863
25.12048,-8.612823,-9.758277,69.79299,-5.66317,2.942611,0.08059029,0.05593578,-0.02176373,0.04210045,-0.9973089,-5.620382,2.961674,0.07911193,-0.04218983,-0.1793362,0.9828828,17,0.7,-15.52759,126.1383,18,-5.7,-33.62006,254.8729
25.13879,-7.943868,-8.065071,57.74521,-5.716505,2.937938,0.08071789,0.05536326,-0.02265509,0.04207702,-0.9973221,-5.689019,2.95306,0.07985651,-0.03837916,-0.1875369,0.9815075,17,0.7,-15.28592,124.4187,18,-5.7,-33.37839,253.1534
25.16199,-8.028932,-8.065069,57.7452,-5.812202,2.929214,0.08104222,0.05424922,-0.0256151,0.04371448,-0.9972411,-5.774083,2.95306,0.07985651,-0.03837916,-0.1875369,0.9815075,17,0.7,-14.97817,122.229,18,-5.7,-33.07064,250.9636
25.1803,-8.094364,-7.006578,50.21365,-5.846514,2.92527,0.08145346,0.05435178,-0.02705863,0.04489641,-0.9971449,-5.822717,2.943177,0.08033299,-0.04440139,-0.1944771,0.9799016,17,0.7,-14.73617,120.5071,18,-5.7,-32.82864,249.2417
25.20386,-7.857044,-6.8588,49.16215,-5.898572,2.917676,0.08237115,0.05473597,-0.03000576,0.04715107,-0.9969355,-5.883311,2.932857,0.08096671,-0.03940581,-0.1954919,0.9799134,17,0.7,-14.42604,118.3003,18,-5.7,-32.51851,247.035
25.22205,-7.867941,-6.858801,49.16215,-5.910832,2.914389,0.08295459,0.05530661,-0.03176416,0.04835835,-0.9967917,-5.894209,2.932857,0.08096671,-0.03940581,-0.1954919,0.9799134,17,0.7,-14.18413,116.5791,18,-5.7,-32.2766,245.3137
25.24561,-7.603903,-6.891467,49.39458,-5.919586,2.908016,0.08437178,0.05684466,-0.03476837,0.04972732,-0.9965376,-5.91211,2.923076,0.08185029,-0.0336284,-0.1950876,0.9802092,17,0.7,-13.87325,114.367,18,-5.7,-31.96572,243.1017
25.26404,-7.597118,-6.891467,49.39459,-5.911953,2.905046,0.08504389,0.05742494,-0.03646395,0.0507388,-0.9963927,-5.905325,2.923076,0.08185029,-0.0336284,-0.1950876,0.9802092,17,0.7,-13.6298,112.6349,18,-5.7,-31.72228,241.3695
25.28735,0.6308023,-23.0021,164.0276,-5.884598,2.899659,0.08639797,0.05773598,-0.0404384,0.05485066,-0.9960034,-5.886691,2.914251,0.08300197,0.03923643,-0.1560209,0.9869742,17,0.7,-13.3212,110.4391,18,-5.7,-31.41368,239.1737
25.30554,8.235338,-27.30733,194.6609,-5.858482,2.897593,0.08726438,0.05783045,-0.04283495,0.05819823,-0.9957077,-5.864888,2.906285,0.08429241,0.07142515,-0.1530481,0.9856342,17,0.7,-13.08131,108.7321,18,-5.7,-31.17378,237.4668
25.32922,8.294041,-27.30735,194.661,-5.79245,2.893388,0.08916137,0.05846477,-0.04658024,0.06171206,-0.9952908,-5.806192,2.906285,0.08429241,0.07142515,-0.1530481,0.9856342,17,0.7,-12.76837,106.5054,18,-5.7,-30.86084,235.2401
25.34729,12.85,-32.57851,232.7537,-5.749004,2.89162,0.09014514,0.0581505,-0.04808686,0.06232846,-0.9951991,-5.764537,2.899929,0.08620155,0.07884447,-0.1502738,0.9854954,17,0.7,-12.52822,104.7966,18,-5.7,-30.62069,233.5313
25.37097,12.85,-30.60835,220.2935,-5.650655,2.888977,0.09202869,0.05681856,-0.05112167,0.06446526,-0.9949887,-5.67017,2.894595,0.08834636,0.08286141,-0.1498961,0.9852234,17,0.7,-12.21583,102.5739,18,-5.7,-30.30831,231.3086
25.38916,12.85,-30.51441,219.676,-5.592229,2.887877,0.09284826,0.05511098,-0.05248714,0.06584787,-0.9949231,-5.618236,2.894595,0.08834636,0.08286141,-0.1498961,0.9852234,17,0.7,-11.97526,100.8621,18,-5.7,-30.06773,229.5968
25.41272,12.85,-28.6598,206.5952,-5.465122,2.886141,0.0944742,0.05144667,-0.05467649,0.06891461,-0.9947937,-5.494727,2.890327,0.09059298,0.08747883,-0.1504502,0.9847397,17,0.7,-11.66377,98.64581,18,-5.7,-29.75624,227.3804
25.43103,12.85,-28.54993,205.8762,-5.393262,2.886086,0.09523765,0.05001639,-0.05555253,0.07062803,-0.9946979,-5.430853,2.890327,0.09059298,0.08747883,-0.1504502,0.9847397,17,0.7,-11.42135,96.92087,18,-5.7,-29.51382,225.6555
25.45447,10.63542,-28.80554,205.3212,-5.238516,2.887515,0.09693094,0.04803224,-0.05676437,0.07247564,-0.9945944,-5.279404,2.887205,0.09274077,0.07641431,-0.1521714,0.9853957,17,0.7,-11.11216,94.72089,18,-5.7,-29.20463,223.4555
25.47241,6.656455,-23.63997,168.5662,-5.152724,2.889544,0.09795341,0.04826656,-0.05715504,0.07286262,-0.9945323,-5.186116,2.885658,0.09473896,0.06927197,-0.1551591,0.9854578,17,0.7,-10.87393,93.02576,18,-5.7,-28.9664,221.7604
25.49646,6.816293,-23.63995,168.5661,-4.972899,2.894374,0.09999165,0.04863144,-0.05805152,0.07256286,-0.9944847,-5.026272,2.885658,0.09473896,0.06927197,-0.1551591,0.9854578,17,0.7,-10.55648,90.76704,18,-5.7,-28.64896,219.5017
25.51428,5.303243,-19.85918,141.6646,-4.879042,2.898122,0.1008429,0.0478196,-0.05841953,0.07159532,-0.9945726,-4.92293,2.886755,0.0967952,0.07113975,-0.1582352,0.9848354,17,0.7,-10.32093,89.09096,18,-5.7,-28.4134,217.8256
25.53809,4.670072,-18.02901,128.6422,-4.689324,2.905708,0.1023294,0.04409133,-0.05916114,0.07121024,-0.9947287,-4.731758,2.89111,0.09898114,0.07200417,-0.1602174,0.984452,17,0.7,-10.00584,86.84902,18,-5.7,-28.09831,215.5836
25.55627,4.763194,-18.029,128.6421,-4.584555,2.909898,0.102984,0.04049317,-0.05812816,0.06771999,-0.9951862,-4.63863,2.89111,0.09898114,0.07200417,-0.1602174,0.984452,17,0.7,-9.76519,85.1367,18,-5.7,-27.85766,213.8713
25.57983,2.649188,-13.71927,97.97678,-4.368815,2.920208,0.1045021,0.03445843,-0.05740343,0.06103558,-0.9958876,-4.422409,2.898374,0.1010989,0.0710514,-0.1669647,0.9833995,17,0.7,-9.453903,82.92178,18,-5.7,-27.54638,211.6564
25.59839,2.750002,-13.71926,97.9767,-4.255393,2.926223,0.1054386,0.03317492,-0.05756712,0.05862183,-0.9960667,-4.321589,2.898374,0.1010989,0.0710514,-0.1669647,0.9833995,17,0.7,-9.209225,81.1808,18,-5.7,-27.3017,209.9154
25.62146,1.087119,-9.984735,71.40427,-4.020317,2.937896,0.1070322,0.03060996,-0.05781648,0.05420485,-0.9963846,-4.086139,2.908016,0.1029561,0.07121577,-0.1774834,0.9815437,17,0.7,-8.90316,79.00304,18,-5.7,-26.99563,207.7377
25.63965,1.251727,-10.84563,77.52988,-3.89661,2.943342,0.1075727,0.02940456,-0.0585153,0.05263689,-0.9964641,-3.94744,2.920089,0.1047608,0.06597005,-0.1746675,0.982415,17,0.7,-8.663471,77.29756,18,-5.7,-26.75594,206.0322
25.66333,1.472787,-10.84564,77.5299,-3.647918,2.953486,0.1085452,0.02572909,-0.0594026,0.04850566,-0.9967229,-3.726381,2.920089,0.1047608,0.06597005,-0.1746675,0.982415,17,0.7,-8.350771,75.07259,18,-5.7,-26.44324,203.8072
25.6814,3.368077,-14.20929,101.4634,-3.518527,2.958092,0.1088548,0.02298756,-0.05901758,0.04404613,-0.9970198,-3.580555,2.933453,0.1064866,0.06744212,-0.1663842,0.9837519,17,0.7,-8.112292,73.37572,18,-5.7,-26.20476,202.1103
25.70508,2.921291,-12.30887,87.94127,-3.258031,2.96762,0.1097535,0.01979663,-0.05775696,0.03569579,-0.9974959,-3.316689,2.946408,0.1079899,0.06980243,-0.1707052,0.9828466,17,0.7,-7.799114,71.14734,18,-5.7,-25.89158,199.882
25.72314,3.040588,-12.30887,87.94127,-3.123821,2.972386,0.1103287,0.02017992,-0.05637747,0.03152905,-0.9977075,-3.197392,2.946408,0.1079899,0.06980243,-0.1707052,0.9828466,17,0.7,-7.559424,69.44186,18,-5.7,-25.65189,198.1765
25.74683,4.385768,-14.29745,102.0908,-2.850754,2.98096,0.1111559,0.0212177,-0.05408622,0.02507114,-0.997996,-2.920861,2.958392,0.1091506,0.07046679,-0.1664193,0.983534,17,0.7,-7.246513,67.21539,18,-5.7,-25.33898,195.95
25.76538,4.511821,-14.29745,102.0908,-2.708947,2.984729,0.1113647,0.02167293,-0.05278242,0.02283384,-0.9981098,-2.794809,2.958392,0.1091506,0.07046679,-0.1664193,0.983534,17,0.7,-7.000964,65.46822,18,-5.7,-25.09344,194.2028
25.78857,4.043253,-13.55861,96.83366,-2.427403,2.991204,0.1121745,0.02235513,-0.05046798,0.01880194,-0.9982984,-2.509222,2.969704,0.1100577,0.06662799,-0.1680661,0.9835215,17,0.7,-6.694585,63.28821,18,-5.7,-24.78706,192.0228
25.80652,3.66834,-14.17292,101.2047,-2.285178,2.993776,0.1125468,0.02208432,-0.04947816,0.01763581,-0.9983753,-2.346516,2.97981,0.1110568,0.05855884,-0.1669939,0.9842174,17,0.7,-6.457162,61.59886,18,-5.7,-24.54963,190.3335
25.83044,3.922915,-14.17291,101.2046,-1.99878,2.99822,0.1130741,0.02138218,-0.04709399,0.01477592,-0.9985523,-2.09194,2.97981,0.1110568,0.05855884,-0.1669939,0.9842174,17,0.7,-6.140169,59.34334,18,-5.7,-24.23264,188.0779
25.84827,3.920207,-14.56,103.9589,-1.855073,2.999411,0.1133347,0.02098972,-0.04579458,0.01325566,-0.9986424,-1.927048,2.988146,0.1120352,0.05543406,-0.1663627,0.9845052,17,0.7,-5.904573,57.66699,18,-5.7,-23.99704,186.4016
25.87207,3.695268,-14.26546,101.8631,-1.56718,3.00158,0.1136918,0.02111003,-0.04270877,0.009341702,-0.9988209,-1.63335,2.994365,0.1127692,0.05156326,-0.1670176,0.9846047,17,0.7,-5.590008,55.42874,18,-5.7,-23.68248,184.1633
25.89014,3.824184,-14.26545,101.8631,-1.422145,3.00252,0.1139606,0.02139939,-0.04088629,0.006955827,-0.9989104,-1.50443,2.994365,0.1127692,0.05156326,-0.1670176,0.9846047,17,0.7,-5.352145,53.73626,18,-5.7,-23.44461,182.4709
25.91394,3.524994,-14.17661,101.2309,-1.131926,3.003939,0.1147093,0.02225823,-0.03754763,0.003315349,-0.9990415,-1.208304,2.998419,0.1132733,0.04609977,-0.1672756,0.9848318,17,0.7,-5.037554,51.49783,18,-5.7,-23.13002,180.2324
25.9325,3.654166,-14.17661,101.2309,-0.9866071,3.004184,0.1151028,0.02296505,-0.03614943,0.002250577,-0.9990799,-1.079132,2.998419,0.1132733,0.04609977,-0.1672756,0.9848318,17,0.7,-4.792361,49.75319,18,-5.7,-22.88483,178.4878
25.95569,3.378777,-14.20512,101.4338,-0.696455,3.003219,0.1160954,0.02410672,-0.03341895,-0.0004187148,-0.9991506,-0.7827705,3.001149,0.113989,0.04046046,-0.1672872,0.9850776,17,0.7,-4.485442,47.56934,18,-5.7,-22.57791,176.304
25.97363,3.424019,-14.18456,101.2875,-0.5509735,3.003257,0.1169497,0.02413025,-0.03196503,-0.002092926,-0.9991955,-0.6148593,3.002551,0.114846,0.03932633,-0.16735,0.9851129,17,0.7,-4.247717,45.87784,18,-5.7,-22.34019,174.6125
25.99792,3.68178,-14.18456,101.2875,-0.2609927,3.001714,0.1190156,0.02704894,-0.02923836,-0.005776634,-0.9991897,-0.3570986,3.002551,0.114846,0.03932633,-0.16735,0.9851129,17,0.7,-3.926137,43.58968,18,-5.7,-22.01861,172.3243
26.0155,3.596907,-15.37244,109.7398,-0.1176463,3.002605,0.1202765,0.02720625,-0.02837732,-0.007067431,-0.999202,-0.1909217,3.002642,0.115999,0.0340578,-0.1652174,0.985669,17,0.7,-3.69431,41.94014,18,-5.7,-21.78678,170.6748
26.04041,4.098931,-17.65525,125.9827,0.1663571,3.001137,0.1235947,0.02978875,-0.02648184,-0.009532818,-0.9991599,0.1001083,3.001948,0.1179751,0.03133595,-0.1618759,0.9863135,17,0.7,-3.364394,39.59267,18,-5.7,-21.45686,168.3273
26.05725,4.224702,-17.65525,125.9827,0.30785,3.000073,0.1252326,0.0294787,-0.02555383,-0.01116192,-0.9991764,0.2258798,3.001948,0.1179751,0.03133595,-0.1618759,0.9863135,17,0.7,-3.142826,38.01613,18,-5.7,-21.2353,166.7507
26.08105,2.89303,-11.64355,83.20728,0.5861648,2.997401,0.1290255,0.0302218,-0.02391859,-0.0144715,-0.9991522,0.511443,3.001048,0.1209428,0.02821761,-0.1735128,0.9844273,17,0.7,-2.826898,35.76819,18,-5.7,-20.91937,164.5028
26.09949,3.014649,-11.64355,83.20728,0.7229866,2.995806,0.1311724,0.03028527,-0.02300146,-0.01608123,-0.9991472,0.6330624,3.001048,0.1209428,0.02821761,-0.1735128,0.9844273,17,0.7,-2.584352,34.04239,18,-5.7,-20.67682,162.777
26.12268,3.195617,-12.55871,89.71897,0.9927195,2.992401,0.1356042,0.03091121,-0.02115858,-0.01911771,-0.9991153,0.9105358,2.999187,0.1247618,0.0251208,-0.1710341,0.9849448,17,0.7,-2.276423,31.85136,18,-5.7,-20.36889,160.586
26.14063,1.758637,-14.43274,103.0534,1.124601,2.990022,0.1376908,0.0298439,-0.0202072,-0.020634,-0.9991373,1.064738,2.996199,0.1294614,0.00664708,-0.1669574,0.9859417,17,0.7,-2.040462,30.1724,18,-5.7,-20.13293,158.907
26.16492,1.987812,-14.43274,103.0534,1.382423,2.986532,0.1419291,0.02861224,-0.01823032,-0.02282072,-0.9991637,1.293913,2.996199,0.1294614,0.00664708,-0.1669574,0.9859417,17,0.7,-1.717908,27.87732,18,-5.7,-19.81038,156.6119
26.18213,-7.626563,-31.32811,223.2704,1.508476,2.984092,0.1440695,0.03005318,-0.01667883,-0.02465003,-0.9991051,1.442148,2.992256,0.1343956,-0.04013733,-0.151899,0.9875807,17,0.7,-1.491133,26.26373,18,-5.7,-19.5836,154.9984
26.2063,-7.696469,-29.155,207.8079,1.750362,2.979266,0.1479234,0.03045867,-0.01369493,-0.0274532,-0.999065,1.692217,2.987705,0.1394677,-0.04463345,-0.1528052,0.9872479,17,0.7,-1.171902,23.99228,18,-5.7,-19.26437,152.7269
26.224,-7.593643,-29.15498,207.8077,1.866035,2.977495,0.1498666,0.03111082,-0.01162128,-0.02867616,-0.999037,1.795037,2.987705,0.1394677,-0.04463345,-0.1528052,0.9872479,17,0.7,-0.9382043,22.32944,18,-5.7,-19.03068,151.0641
26.24817,-9.290702,-29.83602,212.6536,2.091309,2.97266,0.1536368,0.03428701,-0.007090538,-0.0312275,-0.9988989,2.028857,2.98249,0.1443454,-0.05256934,-0.152413,0.9869178,17,0.7,-0.618425,20.05409,18,-5.7,-18.7109,148.7887
26.26636,-9.197003,-29.83602,212.6536,2.196718,2.97002,0.1553903,0.03500654,-0.005257443,-0.0308643,-0.9988966,2.122554,2.98249,0.1443454,-0.05256934,-0.152413,0.9869178,17,0.7,-0.3769807,18.33612,18,-5.7,-18.46945,147.0707
26.28992,-17.42029,-43.84878,312.3596,2.402055,2.964576,0.1587912,0.03674868,-0.001728199,-0.03098236,-0.9988427,2.3369,2.97714,0.1490084,-0.06245945,-0.1480333,0.9870081,17,0.7,-0.06653833,16.12721,18,-5.7,-18.15901,144.8618
26.30774,NaN,NaN,NaN,2.497991,2.961294,0.160292,0.03747256,-0.0003478229,-0.03084812,-0.9988214,2.452177,2.971469,0.1535932,-0.07084379,-0.1442786,0.9869979,17,0.7,0.1693191,14.449,18,-5.7,-17.92315,143.1836
26.33215,NaN,NaN,NaN,2.676673,2.954412,0.163107,0.03744952,0.001917608,-0.02994876,-0.9988478,2.611006,2.971469,0.1535932,-0.07084379,-0.1442786,0.9869979,17,0.7,0.4930338,12.14565,18,-5.7,-17.59944,140.8803
26.34937,-28.01977,-56.26295,400.6909,2.754549,2.950633,0.1645615,0.03737931,0.003368832,-0.02960099,-0.998857,2.708113,2.965038,0.157789,-0.07567455,-0.1458627,0.9864063,17,0.7,0.7195318,10.53403,18,-5.7,-17.37294,139.2687
26.37341,-11.56965,-27.61411,196.8438,2.899744,2.943242,0.1671361,0.03667481,0.006162912,-0.02902433,-0.9988867,2.862253,2.957346,0.1618917,-0.07231636,-0.1531895,0.9855472,17,0.7,1.038406,8.265124,18,-5.7,-17.05407,136.9998
26.39124,-11.51412,-27.61411,196.8438,2.962214,2.940109,0.1682059,0.03621206,0.00741706,-0.02875109,-0.998903,2.917783,2.957346,0.1618917,-0.07231636,-0.1531895,0.9855472,17,0.7,1.27303,6.595687,18,-5.7,-16.81944,135.3303
26.41504,-12.34361,-27.11884,193.3199,3.073464,2.933117,0.1700414,0.03641737,0.009784654,-0.02886551,-0.9988718,3.038823,2.948974,0.1651042,-0.07844763,-0.1533405,0.9850547,17,0.7,1.589059,4.347028,18,-5.7,-16.50341,133.0817
26.43372,-12.30418,-27.11882,193.3197,3.117808,2.9297,0.1707309,0.0354039,0.01084401,-0.02901196,-0.9988931,3.078239,2.948974,0.1651042,-0.07844763,-0.1533405,0.9850547,17,0.7,1.83476,2.598773,18,-5.7,-16.25771,131.3334
26.45703,-12.85,-27.87773,201.5358,3.190907,2.923757,0.1717451,0.03282587,0.01192234,-0.02857532,-0.9989814,3.161942,2.940595,0.1678187,-0.07835896,-0.1508182,0.985451,17,0.7,2.14289,0.4063146,18,-5.7,-15.94958,129.1409
26.47485,-12.69868,-27.57291,196.5508,3.21608,2.921315,0.1719353,0.03099944,0.01207933,-0.02885257,-0.9990298,3.199306,2.932367,0.1699709,-0.07974079,-0.1530077,0.9850025,18,-5.7,-15.71283,127.4564,19,5.7,-34.45527,260.8159
26.49927,-12.66437,-27.57293,196.5509,3.254699,2.916815,0.1720656,0.02759399,0.01321678,-0.03075861,-0.9990585,3.233633,2.932367,0.1699709,-0.07974079,-0.1530077,0.9850025,18,-5.7,-15.39111,125.1672,19,5.7,-34.13354,258.5267
26.51685,-8.851542,-20.21109,144.1686,3.261479,2.915174,0.1721316,0.02651065,0.01363577,-0.03155008,-0.9990575,3.250702,2.9249,0.1713715,-0.08269649,-0.1580918,0.9839554,18,-5.7,-15.15784,123.5074,19,5.7,-33.90028,256.8669
26.54053,-12.85,-25.89016,185.6312,3.261343,2.912652,0.172616,0.02804058,0.01454651,-0.03157222,-0.9990022,3.257714,2.918759,0.1720599,-0.08550952,-0.1529352,0.9845298,18,-5.7,-14.8455,121.285,19,5.7,-33.58794,254.6445
26.55884,-12.85,-25.87261,185.5182,3.250304,2.911612,0.1731314,0.03195379,0.01497068,-0.03143393,-0.9988828,3.247901,2.918759,0.1720599,-0.08550952,-0.1529352,0.9845298,18,-5.7,-14.60354,119.5633,19,5.7,-33.34598,252.9228
26.58215,NaN,NaN,NaN,3.214673,2.909291,0.1738053,0.03664667,0.01598503,-0.03188558,-0.9986916,3.219445,2.914196,0.172466,-0.08719017,-0.1430388,0.9858691,18,-5.7,-14.29495,117.3677,19,5.7,-33.03739,250.7271
26.60083,NaN,NaN,NaN,3.185159,2.907933,0.1740105,0.03628878,0.01669239,-0.03229721,-0.9986799,3.193211,2.914196,0.172466,-0.08719017,-0.1430388,0.9858691,18,-5.7,-14.04812,115.6113,19,5.7,-32.79055,248.9708
26.62402,-21.14383,-34.44971,269.6634,3.114619,2.905123,0.1740451,0.03379264,0.0186538,-0.03372896,-0.9986854,3.129867,2.910975,0.1732849,-0.08886642,-0.1367781,0.9866076,18,-5.7,-13.74045,113.4222,19,5.7,-32.48289,246.7816
26.64209,-20.73876,-33.6799,267.7015,3.068976,2.903587,0.1738825,0.03135513,0.01994782,-0.0342791,-0.9987212,3.084753,2.908118,0.1739787,-0.08788798,-0.1349779,0.9869431,18,-5.7,-13.50253,111.7292,19,5.7,-32.24496,245.0887
26.66638,-20.97021,-33.89508,269.2747,2.966193,2.901191,0.1731406,0.02641606,0.02267206,-0.0351226,-0.9987766,2.99339,2.908118,0.1739787,-0.08788798,-0.1349779,0.9869431,18,-5.7,-13.18045,109.4375,19,5.7,-31.92288,242.797
26.68384,-24.51146,-40.12393,285.8559,2.904598,2.900554,0.1726089,0.02342047,0.02447603,-0.03520408,-0.9988059,2.930394,2.904971,0.1741078,-0.09456035,-0.148271,0.9844156,18,-5.7,-12.95026,107.7996,19,5.7,-31.69269,241.1591
26.7074,-12.0842,-21.0838,150.3783,2.770321,2.900436,0.1716907,0.01832667,0.02827296,-0.03557021,-0.9987991,2.799289,2.901895,0.1736841,-0.09738331,-0.1569394,0.9827953,18,-5.7,-12.63829,105.5799,19,5.7,-31.38073,238.9394
26.72534,-12.15317,-21.08378,150.3782,2.692715,2.901207,0.1710981,0.01633679,0.02997781,-0.03489811,-0.9988076,2.730306,2.901895,0.1736841,-0.09738331,-0.1569394,0.9827953,18,-5.7,-12.40078,103.8899,19,5.7,-31.14322,237.2494
26.74927,-23.24773,-33.75036,240.5056,2.527577,2.903204,0.1691851,0.0119271,0.0316042,-0.03301283,-0.998884,2.568353,2.899893,0.1730089,-0.1055967,-0.1499123,0.983044,18,-5.7,-12.08529,101.6451,19,5.7,-30.82773,235.0046
26.7677,-23.32893,-33.75026,240.5049,2.43615,2.905341,0.1680788,0.009849641,0.03107794,-0.03247191,-0.9989408,2.487085,2.899893,0.1730089,-0.1055967,-0.1499123,0.983044,18,-5.7,-11.84186,99.91297,19,5.7,-30.5843,233.2725
26.79102,-22.71327,-34.70937,255.5425,2.243118,2.91009,0.1656004,0.006452022,0.03065115,-0.03230324,-0.9989873,2.296963,2.900104,0.1714531,-0.09644005,-0.1450231,0.984717,18,-5.7,-11.533,97.7153,19,5.7,-30.27543,231.0748
26.8092,-24.91403,-41.45278,295.3112,2.136481,2.913092,0.1639421,0.005433567,0.03016555,-0.03108282,-0.9990467,2.180473,2.902641,0.1692746,-0.09041034,-0.1480075,0.984845,18,-5.7,-11.29227,96.00243,19,5.7,-30.03471,229.3619
26.83325,-25.1124,-41.45277,295.3111,1.913313,2.919742,0.1608105,0.00404927,0.02964397,-0.02769099,-0.9991687,1.982102,2.902641,0.1692746,-0.09041034,-0.1480075,0.984845,18,-5.7,-10.97474,93.74309,19,5.7,-29.71717,227.1026
26.85144,-20.94639,-34.54867,246.1859,1.794041,2.923457,0.1588878,0.004201218,0.02964408,-0.02521184,-0.9992337,1.851233,2.907512,0.1665859,-0.09122831,-0.1498868,0.9844853,18,-5.7,-10.73367,92.02779,19,5.7,-29.4761,225.3873
26.87476,-17.24785,-28.39185,202.3778,1.548313,2.931162,0.1544831,0.004766828,0.02946016,-0.02069479,-0.9993404,1.604899,2.914373,0.1631795,-0.09174516,-0.1523489,0.9840593,18,-5.7,-10.4267,89.8436,19,5.7,-29.16914,223.2031
26.89246,-17.36315,-28.39185,202.3778,1.418603,2.935233,0.1519873,0.005688722,0.02950789,-0.01842275,-0.9993786,1.489602,2.914373,0.1631795,-0.09174516,-0.1523489,0.9840593,18,-5.7,-10.19185,88.17256,19,5.7,-28.93429,221.5321
26.91663,-22.41458,-34.56981,246.3363,1.153555,2.943155,0.1466823,0.007902622,0.02929571,-0.01436764,-0.9994363,1.223408,2.922724,0.1586555,-0.09450063,-0.1498888,0.9841763,18,-5.7,-9.872127,85.89758,19,5.7,-28.61456,219.2571
26.93445,-22.53751,-34.56971,246.3356,1.015191,2.947191,0.1437302,0.008666203,0.02873652,-0.01217165,-0.9994754,1.100418,2.922724,0.1586555,-0.09450063,-0.1498888,0.9841763,18,-5.7,-9.637099,84.22527,19,5.7,-28.37954,217.5848
26.95825,NaN,NaN,NaN,0.7353787,2.955226,0.1377284,0.01084579,0.02715082,-0.007847648,-0.9995417,0.8186619,2.931966,0.153244,-0.09598526,-0.14076,0.9853799,18,-5.7,-9.322158,81.98434,19,5.7,-28.06459,215.3439
26.97583,NaN,NaN,NaN,0.5917282,2.959088,0.1346856,0.01260355,0.02613827,-0.006230395,-0.9995595,0.6560572,2.941417,0.1469194,-0.09211314,-0.1429373,0.985436,18,-5.7,-9.090405,80.33533,19,5.7,-27.83284,213.6948
27.00012,NaN,NaN,NaN,0.3001722,2.966871,0.1284579,0.01572173,0.02396346,-0.003586142,-0.9995828,0.3968964,2.941417,0.1469194,-0.09211314,-0.1429373,0.985436,18,-5.7,-8.767817,78.04001,19,5.7,-27.51025,211.3995
27.01758,NaN,NaN,NaN,0.1509334,2.970686,0.1254212,0.01757223,0.0225058,-0.002540488,-0.9995891,0.2274396,2.951063,0.1400113,-0.08819187,-0.1373521,0.9865884,18,-5.7,-8.537232,76.39931,19,5.7,-27.27967,209.7588
27.04175,NaN,NaN,NaN,-0.1467299,2.977458,0.11911,0.02149595,0.01951615,-0.0001942476,-0.9995785,-0.07534173,2.960549,0.1327469,-0.08470905,-0.1389992,0.9866629,18,-5.7,-8.218597,74.1321,19,5.7,-26.96103,207.4916
27.0592,NaN,NaN,NaN,-0.2964208,2.9808,0.1158084,0.02201598,0.01767982,-7.095083E-05,-0.9996012,-0.2084003,2.960549,0.1327469,-0.08470905,-0.1389992,0.9866629,18,-5.7,-7.987074,72.48473,19,5.7,-26.72951,205.8442
27.08337,NaN,NaN,NaN,-0.5956153,2.986934,0.1093901,0.02398048,0.01468698,-0.001047491,-0.999604,-0.5135121,2.969565,0.1253259,-0.08064725,-0.1399372,0.9868706,18,-5.7,-7.667536,70.2111,19,5.7,-26.40997,203.5706
27.1012,NaN,NaN,NaN,-0.746272,2.989901,0.1062596,0.02470891,0.01328739,-0.001303572,-0.9996055,-0.6474291,2.969565,0.1253259,-0.08064725,-0.1399372,0.9868706,18,-5.7,-7.431585,68.53222,19,5.7,-26.17402,201.8917
27.12524,NaN,NaN,NaN,-1.045159,2.995684,0.1000755,0.02911196,0.01079728,-2.402253E-05,-0.9995179,-0.9528105,2.977862,0.1177571,-0.07408052,-0.1441089,0.9867851,18,-5.7,-7.114976,66.27943,19,5.7,-25.85741,199.6389
27.14282,NaN,NaN,NaN,-1.193333,2.997175,0.09703597,0.03171776,0.01007243,0.0005859016,-0.999446,-1.124311,2.985438,0.1101178,-0.02346978,-0.1437043,0.9893423,18,-5.7,-6.881291,64.61667,19,5.7,-25.62373,197.9762
27.16711,NaN,NaN,NaN,-1.489573,3.002189,0.0911724,0.03386112,0.008318894,0.002342045,-0.9993892,-1.387636,2.985438,0.1101178,-0.02346978,-0.1437043,0.9893423,18,-5.7,-6.561015,62.33779,19,5.7,-25.30345,195.6973
27.18469,NaN,NaN,NaN,-1.634928,3.003912,0.08849311,0.03785326,0.0081065,0.003204021,-0.9992453,-1.556596,2.992105,0.1026077,-0.01811584,-0.1353862,0.9906273,18,-5.7,-6.327678,60.67751,19,5.7,-25.07011,194.037
27.20874,NaN,NaN,NaN,-1.924743,3.006382,0.08336725,0.04255436,0.007003076,0.004669773,-0.9990587,-1.853822,2.998002,0.09547389,-0.01421337,-0.1352581,0.9907085,18,-5.7,-6.010979,58.42408,19,5.7,-24.75341,191.7836
27.22644,NaN,NaN,NaN,-2.067151,3.007617,0.08089624,0.04436179,0.00640928,0.006014361,-0.9989769,-1.980406,2.998002,0.09547389,-0.01421337,-0.1352581,0.9907085,18,-5.7,-5.77573,56.75019,19,5.7,-24.51817,190.1097
27.25049,NaN,NaN,NaN,-2.347356,3.009374,0.07623531,0.04779498,0.005280435,0.007577073,-0.9988145,-2.268541,3.002602,0.08877623,-0.0117264,-0.139956,0.9900883,18,-5.7,-5.457907,54.48877,19,5.7,-24.20034,187.8483
27.26831,NaN,NaN,NaN,-2.485555,3.009639,0.0740768,0.04905571,0.004656836,0.008614501,-0.9987481,-2.391385,3.002602,0.08877623,-0.0117264,-0.139956,0.9900883,18,-5.7,-5.222776,52.81572,19,5.7,-23.96521,186.1752
27.29224,NaN,NaN,NaN,-2.758476,3.010117,0.07014499,0.0505693,0.003168099,0.01100818,-0.9986549,-2.672297,3.005858,0.08255756,-0.01508717,-0.1313584,0.9912201,18,-5.7,-4.905814,50.56042,19,5.7,-23.64825,183.9199
27.31018,NaN,NaN,NaN,-2.891678,3.010105,0.06844515,0.0524235,0.002307638,0.01274667,-0.9985409,-2.828176,3.007899,0.07693183,-0.01490545,-0.1323425,0.991092,18,-5.7,-4.669614,48.87977,19,5.7,-23.41205,182.2393
27.33411,NaN,NaN,NaN,-3.15624,3.007895,0.06523694,0.05403085,4.448742E-05,0.01619396,-0.998408,-3.063343,3.007899,0.07693183,-0.01490545,-0.1323425,0.991092,18,-5.7,-4.352826,46.62571,19,5.7,-23.09526,179.9852
27.35205,NaN,NaN,NaN,-3.283674,3.007083,0.0635857,0.05330237,-0.001022078,0.01764288,-0.998422,-3.213273,3.008834,0.07205009,-0.01265705,-0.1337984,0.9909277,18,-5.7,-4.115015,44.93359,19,5.7,-22.85745,178.2931
27.37585,NaN,NaN,NaN,-3.535463,3.004937,0.06086884,0.0527669,-0.003646068,0.01952044,-0.9984095,-3.472722,3.008069,0.06769001,-0.009152331,-0.1372036,0.9905006,18,-5.7,-3.800681,42.69699,19,5.7,-22.54312,176.0565
27.39429,NaN,NaN,NaN,-3.657711,3.004165,0.05976721,0.05211756,-0.004971504,0.01986679,-0.998431,-3.581387,3.008069,0.06769001,-0.009152331,-0.1372036,0.9905006,18,-5.7,-3.557489,40.96659,19,5.7,-22.29992,174.3261
27.41785,NaN,NaN,NaN,-3.896677,3.001983,0.05786809,0.05240623,-0.007451683,0.02090388,-0.9983793,-3.828346,3.006095,0.063887,-0.004985077,-0.1365549,0.99062,18,-5.7,-3.24503,38.74333,19,5.7,-21.98746,172.1028
27.43579,NaN,NaN,NaN,-4.012528,3.000481,0.05704304,0.05232423,-0.008684635,0.02147659,-0.9983615,-3.931324,3.006095,0.063887,-0.004985077,-0.1365549,0.99062,18,-5.7,-3.009015,37.064,19,5.7,-21.75145,170.4235
27.45947,NaN,NaN,NaN,-4.238526,2.99796,0.0555561,0.05179359,-0.01165681,0.02431345,-0.9982938,-4.165566,3.003661,0.06070042,-0.01284237,-0.1402846,0.990028,18,-5.7,-2.695027,34.82986,19,5.7,-21.43746,168.1893
27.47754,NaN,NaN,NaN,-4.348067,2.996387,0.05509555,0.05146809,-0.01330445,0.02623208,-0.9982415,-4.29496,3.000896,0.05819523,-0.009325066,-0.1406183,0.99002,18,-5.7,-2.456726,33.13426,19,5.7,-21.19916,166.4937
27.50122,NaN,NaN,NaN,-4.558673,2.99356,0.05439926,0.05189729,-0.01575628,0.02770901,-0.9981436,-4.482165,3.000896,0.05819523,-0.009325066,-0.1406183,0.99002,18,-5.7,-2.14307,30.90248,19,5.7,-20.8855,164.2619
27.51941,NaN,NaN,NaN,-4.661528,2.991665,0.05422731,0.05227395,-0.01705988,0.02877446,-0.9980724,-4.604176,2.997899,0.05634975,-0.004111222,-0.1432273,0.9896813,18,-5.7,-1.902963,29.19403,19,5.7,-20.6454,162.5535
27.54297,NaN,NaN,NaN,-4.859796,2.988568,0.05413388,0.05229032,-0.01892496,0.03084443,-0.9979761,-4.809526,2.994542,0.05510569,-0.006122604,-0.1408787,0.9900079,18,-5.7,-1.59116,26.97544,19,5.7,-20.3336,160.3349
27.56116,NaN,NaN,NaN,-4.955634,2.986486,0.05431796,0.0528607,-0.01971732,0.03258833,-0.9978753,-4.894715,2.994542,0.05510569,-0.006122604,-0.1408787,0.9900079,18,-5.7,-1.350419,25.26247,19,5.7,-20.09285,158.6219
27.58472,NaN,NaN,NaN,-5.142337,2.98185,0.05455904,0.053048,-0.02158688,0.03670279,-0.9976838,-5.088363,2.990888,0.05466008,-0.001659907,-0.1404433,0.9900873,18,-5.7,-1.039653,23.05126,19,5.7,-19.78209,156.4107
27.60303,NaN,NaN,NaN,-5.230887,2.97947,0.05486626,0.05281307,-0.02219867,0.03843669,-0.9976175,-5.167074,2.990888,0.05466008,-0.001659907,-0.1404433,0.9900873,18,-5.7,-0.7979722,21.33161,19,5.7,-19.54041,154.6911
27.62659,NaN,NaN,NaN,-5.403667,2.97441,0.05557007,0.05262856,-0.02380906,0.04176932,-0.9974561,-5.346977,2.986555,0.05453181,0.0003039842,-0.1394955,0.9902227,18,-5.7,-0.4864136,19.11476,19,5.7,-19.22885,152.4742
27.64465,NaN,NaN,NaN,-5.485395,2.971522,0.05581936,0.05173186,-0.02466484,0.04371446,-0.9973989,-5.444583,2.981371,0.05478442,0.002750092,-0.1407612,0.9900398,18,-5.7,-0.2462033,17.40557,19,5.7,-18.98864,150.765
27.66833,NaN,NaN,NaN,-5.643337,2.96529,0.05661727,0.05011228,-0.02655788,0.04694526,-0.9972861,-5.584975,2.981371,0.05478442,0.002750092,-0.1407612,0.9900398,18,-5.7,0.06640947,15.18122,19,5.7,-18.67603,148.5407
27.6864,NaN,NaN,NaN,-5.716891,2.961917,0.0571987,0.04997326,-0.02737438,0.04793582,-0.997224,-5.673954,2.975473,0.05540681,-0.0005752539,-0.1428197,0.9897485,18,-5.7,0.3051048,13.48281,19,5.7,-18.43733,146.8423
27.71008,NaN,NaN,NaN,-5.852099,2.955254,0.05814786,0.04934261,-0.02935464,0.05072441,-0.9970611,-5.816366,2.968673,0.05627406,0.001031531,-0.1443278,0.9895294,18,-5.7,0.617761,11.25815,19,5.7,-18.12468,144.6176
27.72815,NaN,NaN,NaN,-5.912611,2.951608,0.0585676,0.04888165,-0.03060431,0.05271537,-0.9969429,-5.870155,2.968673,0.05627406,0.001031531,-0.1443278,0.9895294,18,-5.7,0.8569129,9.556494,19,5.7,-17.88552,142.916
27.75183,NaN,NaN,NaN,-6.023634,2.944098,0.05933595,0.04690241,-0.03259787,0.05519022,-0.9968408,-5.988799,2.961103,0.0573107,0.003942136,-0.1462378,0.9892416,18,-5.7,1.170738,7.323509,19,5.7,-17.5717,140.683
27.7699,NaN,NaN,NaN,-6.069613,2.94055,0.05966751,0.04557836,-0.0337053,0.05631446,-0.9968026,-6.047383,2.952899,0.0583843,0.0062874,-0.1435546,0.9896224,18,-5.7,1.408669,5.630548,19,5.7,-17.33377,138.99
27.79346,NaN,NaN,NaN,-6.15318,2.933116,0.0603899,0.04412421,-0.03645764,0.05967398,-0.9965756,-6.121664,2.952899,0.0583843,0.0062874,-0.1435546,0.9896224,18,-5.7,1.720911,3.408828,19,5.7,-17.02153,136.7683
27.81152,NaN,NaN,NaN,-6.18495,2.929667,0.06080426,0.04347874,-0.03788322,0.06118214,-0.9964594,-6.165002,2.944174,0.05937576,0.008887185,-0.1453975,0.9893334,18,-5.7,1.959066,1.714264,19,5.7,-16.78337,135.0737
27.83521,NaN,NaN,NaN,-6.236028,2.923296,0.06170926,0.04309922,-0.04037729,0.06336388,-0.9962416,-6.210405,2.944174,0.05937576,0.008887185,-0.1453975,0.9893334,19,5.7,-16.46927,132.8388,20,-5.7,-34.96403,264.4359
27.85327,-2.554372,-39.36884,280.4831,-6.251178,2.920304,0.06231726,0.04414106,-0.04150693,0.06414735,-0.9960994,-6.236062,2.935407,0.06028533,0.01298108,-0.1491583,0.9887281,19,5.7,-16.23049,131.1397,20,-5.7,-34.72525,262.7369
27.87732,-1.849057,-36.00167,256.5245,-6.267881,2.914183,0.06333787,0.04529404,-0.04364978,0.06600201,-0.9958348,-6.25989,2.927167,0.06125772,0.01700146,-0.1500504,0.9885322,19,5.7,-15.91278,128.8791,20,-5.7,-34.40754,260.4763
27.89539,-1.846834,-36.00167,256.5245,-6.26538,2.91151,0.06373112,0.04521639,-0.04467359,0.06663138,-0.995751,-6.257667,2.927167,0.06125772,0.01700146,-0.1500504,0.9885322,19,5.7,-15.67435,127.1826,20,-5.7,-34.16911,258.7798
27.91882,-2.893049,-44.83202,319.3557,-6.24666,2.906849,0.06445906,0.04515124,-0.04710784,0.06825241,-0.995532,-6.246602,2.919546,0.06237721,0.01038697,-0.147901,0.9889476,19,5.7,-15.36411,124.9751,20,-5.7,-33.85887,256.5723
27.93677,-1.909548,-50.23796,357.8209,-6.223934,2.904743,0.06483941,0.04504555,-0.04879783,0.06867085,-0.9954266,-6.228455,2.912683,0.06325769,0.01194025,-0.1469427,0.989073,19,5.7,-15.12657,123.2849,20,-5.7,-33.62133,254.8821
27.96057,-1.856903,-50.23803,357.8214,-6.164716,2.900876,0.06566492,0.04426391,-0.05170649,0.06821518,-0.9953461,-6.175816,2.912683,0.06325769,0.01194025,-0.1469427,0.989073,19,5.7,-14.81296,121.0536,20,-5.7,-33.30772,252.6507
27.97852,-0.9124256,-55.3533,394.2185,-6.123791,2.899133,0.06601093,0.04406894,-0.05288447,0.06769915,-0.9953281,-6.137345,2.906705,0.06438375,0.01311243,-0.146209,0.9891669,19,5.7,-14.5753,119.3625,20,-5.7,-33.07006,250.9597
28.00244,-0.8283697,-55.35323,394.2179,-6.02922,2.896061,0.06652333,0.04344274,-0.05501884,0.06801047,-0.9952187,-6.053282,2.906705,0.06438375,0.01311243,-0.146209,0.9891669,19,5.7,-14.25958,117.1161,20,-5.7,-32.75434,248.7132
28.02039,-1.611638,-49.45108,352.222,-5.96959,2.895213,0.06666891,0.04296891,-0.05578698,0.06819838,-0.9951836,-5.994109,2.901643,0.06541502,0.01230846,-0.147036,0.9890546,19,5.7,-14.02078,115.4169,20,-5.7,-32.51554,247.014
28.04407,0.2346778,-47.44412,337.9417,-5.83974,2.893308,0.06677483,0.04292483,-0.05723298,0.06901289,-0.9950473,-5.868527,2.89746,0.06615877,0.0178634,-0.1473442,0.988924,19,5.7,-13.70881,113.1971,20,-5.7,-32.20357,244.7942
28.06213,0.3027168,-47.44412,337.9417,-5.763196,2.893061,0.06687385,0.04252455,-0.05733065,0.06922911,-0.9950438,-5.800488,2.89746,0.06615877,0.0178634,-0.1473442,0.988924,19,5.7,-13.46952,111.4945,20,-5.7,-31.96428,243.0916
28.08569,NaN,NaN,NaN,-5.599857,2.89407,0.06731097,0.04240976,-0.05789484,0.06976908,-0.9949784,-5.641285,2.894383,0.06661439,0.02244934,-0.1447065,0.9892199,19,5.7,-13.15733,109.2731,20,-5.7,-31.65209,240.8702
28.10388,NaN,NaN,NaN,-5.508873,2.895719,0.06775184,0.04351569,-0.05789838,0.07036933,-0.9948881,-5.542846,2.892695,0.06699586,0.02151867,-0.1452231,0.9891649,19,5.7,-12.91763,107.5675,20,-5.7,-31.41239,239.1647
28.12756,NaN,NaN,NaN,-5.315911,2.899829,0.06857394,0.04553955,-0.05565825,0.07049681,-0.9949164,-5.371324,2.892695,0.06699586,0.02151867,-0.1452231,0.9891649,19,5.7,-12.60381,105.3346,20,-5.7,-31.09857,236.9317
28.14563,NaN,NaN,NaN,-5.210785,2.902758,0.06866956,0.04574196,-0.05376295,0.07207923,-0.9948979,-5.256798,2.893443,0.06753075,0.0219246,-0.1439706,0.9893391,19,5.7,-12.36487,103.6345,20,-5.7,-30.85963,235.2316
28.16943,NaN,NaN,NaN,-4.988337,2.908682,0.06859495,0.04395682,-0.05107008,0.0742873,-0.9949578,-5.034769,2.897084,0.06799436,0.01865659,-0.1404262,0.9899154,19,5.7,-12.05037,101.3967,20,-5.7,-30.54514,232.9938
28.1875,NaN,NaN,NaN,-4.866056,2.91214,0.06823746,0.04064373,-0.05071281,0.07509717,-0.9950562,-4.926075,2.897084,0.06799436,0.01865659,-0.1404262,0.9899154,19,5.7,-11.81142,99.69649,20,-5.7,-30.30618,231.2936
28.21106,NaN,NaN,NaN,-4.612791,2.919553,0.06753643,0.03612027,-0.05146384,0.07661865,-0.9950761,-4.673462,2.903079,0.06846321,0.01540341,-0.1344831,0.9907962,19,5.7,-11.5,97.48061,20,-5.7,-29.99476,229.0777
28.22925,NaN,NaN,NaN,-4.477352,2.923677,0.06717587,0.03554689,-0.05224016,0.07623104,-0.9950861,-4.553072,2.903079,0.06846321,0.01540341,-0.1344831,0.9907962,19,5.7,-11.26008,95.77349,20,-5.7,-29.75484,227.3706
28.25293,NaN,NaN,NaN,-4.19647,2.93288,0.06651429,0.03665516,-0.05262701,0.07277166,-0.9952845,-4.27264,2.910694,0.06830728,0.01503813,-0.1413226,0.9898494,19,5.7,-10.94728,93.54776,20,-5.7,-29.44204,225.1449
28.27112,NaN,NaN,NaN,-4.046721,2.937974,0.0660747,0.03864387,-0.05307608,0.06990218,-0.9953911,-4.105572,2.919754,0.06757128,0.01675089,-0.1438509,0.9894575,19,5.7,-10.70708,91.83868,20,-5.7,-29.20184,223.4358
28.2948,NaN,NaN,NaN,-3.745347,2.947417,0.06527922,0.04170014,-0.05417407,0.06638177,-0.9954496,-3.837685,2.919754,0.06757128,0.01675089,-0.1438509,0.9894575,19,5.7,-10.39417,89.61222,20,-5.7,-28.88893,221.2093
28.31287,NaN,NaN,NaN,-3.590454,2.951512,0.06496337,0.04288408,-0.05459884,0.06473503,-0.9954845,-3.663006,2.930402,0.0665369,0.01825739,-0.1400893,0.9899706,19,5.7,-10.15533,87.91277,20,-5.7,-28.65009,219.5099
28.33643,NaN,NaN,NaN,-3.274949,2.960118,0.06451466,0.04318063,-0.05445897,0.06035665,-0.9957544,-3.343457,2.94153,0.06574619,0.01653319,-0.1376246,0.9903465,19,5.7,-9.84333,85.69276,20,-5.7,-28.33809,217.2899
28.35474,NaN,NaN,NaN,-3.113495,2.964362,0.06448542,0.04280423,-0.05397663,0.05844282,-0.9959111,-3.199942,2.94153,0.06574619,0.01653319,-0.1376246,0.9903465,19,5.7,-9.601323,83.97079,20,-5.7,-28.09608,215.5679
28.3783,NaN,NaN,NaN,-2.787363,2.972462,0.0643454,0.04256402,-0.05311569,0.05562431,-0.996129,-2.869136,2.952247,0.06507766,0.01827115,-0.1397069,0.9900243,19,5.7,-9.290148,81.75666,20,-5.7,-27.78491,213.3538
28.39673,NaN,NaN,NaN,-2.619893,2.976086,0.06405441,0.04200401,-0.05243048,0.05490294,-0.9962291,-2.720273,2.952247,0.06507766,0.01827115,-0.1397069,0.9900243,19,5.7,-9.046362,80.02203,20,-5.7,-27.54112,211.6192
28.42004,NaN,NaN,NaN,-2.287347,2.982524,0.06361634,0.04010964,-0.05084899,0.0525444,-0.9965163,-2.382118,2.962521,0.06449091,0.01829251,-0.1434804,0.9894841,19,5.7,-8.737883,77.82709,20,-5.7,-27.23264,209.4242
28.43811,NaN,NaN,NaN,-2.120855,2.985159,0.06326579,0.03897611,-0.04979651,0.05146594,-0.9966707,-2.190649,2.97195,0.06412446,0.01699235,-0.1448992,0.9893005,19,5.7,-8.497856,76.11921,20,-5.7,-26.99261,207.7163
28.46191,NaN,NaN,NaN,-1.788154,2.990499,0.0628032,0.03643447,-0.04785306,0.0492763,-0.9969727,-1.894915,2.97195,0.06412446,0.01699235,-0.1448992,0.9893005,19,5.7,-8.183708,73.88393,20,-5.7,-26.67847,205.4811
28.4801,NaN,NaN,NaN,-1.619577,2.99343,0.06281418,0.03729952,-0.04650923,0.04777094,-0.9970775,-1.701097,2.979975,0.06372488,0.01365443,-0.1424813,0.9897033,19,5.7,-7.944239,72.18002,20,-5.7,-26.439,203.7771
28.50354,NaN,NaN,NaN,-1.283253,2.99867,0.06312332,0.04292583,-0.0436708,0.04379282,-0.9971622,-1.357832,2.9869,0.06323195,0.009502192,-0.1451772,0.9893601,19,5.7,-7.634134,69.97351,20,-5.7,-26.12889,201.5706
28.52197,NaN,NaN,NaN,-1.11336,3.001252,0.06337114,0.04915521,-0.04190704,0.04103936,-0.9970675,-1.206816,2.9869,0.06323195,0.009502192,-0.1451772,0.9893601,19,5.7,-7.38962,68.2337,20,-5.7,-25.88438,199.8308
28.54529,NaN,NaN,NaN,-0.7781676,3.005208,0.06407023,0.05787216,-0.038262,0.03736102,-0.9968907,-0.8641951,2.993443,0.06287408,0.0005366338,-0.1382666,0.9903949,19,5.7,-7.082166,66.04605,20,-5.7,-25.57693,197.6432
28.5636,NaN,NaN,NaN,-0.6111686,3.006279,0.06432788,0.05919797,-0.03584837,0.03572685,-0.9969624,-0.7157515,2.993443,0.06287408,0.0005366338,-0.1382666,0.9903949,19,5.7,-6.840088,64.32359,20,-5.7,-25.33485,195.9207
28.58704,NaN,NaN,NaN,-0.277838,3.00779,0.06473337,0.05929437,-0.03145387,0.03411846,-0.9971614,-0.3747025,2.999378,0.06342125,-0.004563512,-0.1246562,0.9921895,19,5.7,-6.529255,62.11189,20,-5.7,-25.02402,193.709
28.6051,NaN,NaN,NaN,-0.1116895,3.007318,0.06525691,0.05773744,-0.02960137,0.03457897,-0.9972935,-0.1823831,3.003797,0.06416857,-0.00721099,-0.134388,0.9909025,19,5.7,-6.290697,60.41446,20,-5.7,-24.78546,192.0116
28.62891,NaN,NaN,NaN,0.2217907,3.007293,0.06629904,0.05705002,-0.02586043,0.03403067,-0.997456,0.1140437,3.003797,0.06416857,-0.00721099,-0.134388,0.9909025,19,5.7,-5.976832,58.1812,20,-5.7,-24.47159,189.7783
28.64673,NaN,NaN,NaN,0.3878931,3.006588,0.06698565,0.05781209,-0.02444321,0.03381584,-0.9974552,0.3061211,3.006027,0.06487417,-0.01306886,-0.1351269,0.9907421,19,5.7,-5.739925,56.49552,20,-5.7,-24.23469,188.0926
28.67065,NaN,NaN,NaN,0.7161391,3.006878,0.06844129,0.05745795,-0.02177269,0.03308143,-0.9975622,0.642211,3.006405,0.06590199,-0.01082473,-0.1393156,0.9901889,19,5.7,-5.424184,54.2489,20,-5.7,-23.91895,185.846
28.68872,NaN,NaN,NaN,0.8797006,3.006257,0.06951886,0.0587009,-0.02060929,0.03231008,-0.9975398,0.787599,3.006405,0.06590199,-0.01082473,-0.1393156,0.9901889,19,5.7,-5.185391,52.5498,20,-5.7,-23.68015,184.1469
28.7124,NaN,NaN,NaN,1.202732,3.005542,0.0709726,0.0571623,-0.01889281,0.03125277,-0.9976968,1.118779,3.006009,0.06749487,-0.0115609,-0.1410667,0.9899326,19,5.7,-4.872745,50.32521,20,-5.7,-23.36751,181.9223
28.73083,NaN,NaN,NaN,1.361477,3.004622,0.07164448,0.05535721,-0.01892485,0.03149684,-0.9977903,1.259885,3.006009,0.06749487,-0.0115609,-0.1410667,0.9899326,19,5.7,-4.62918,48.59216,20,-5.7,-23.12394,180.1893
28.75403,NaN,NaN,NaN,1.675284,3.003636,0.07273242,0.05148325,-0.01907386,0.03130597,-0.9980009,1.582417,3.005323,0.06937337,-0.008419756,-0.1396802,0.9901609,19,5.7,-4.321361,46.40191,20,-5.7,-22.81612,177.999
28.77222,NaN,NaN,NaN,1.829587,3.002738,0.07319649,0.05010672,-0.01972307,0.03027491,-0.9980901,1.762208,3.004199,0.07116354,-0.01073671,-0.1377203,0.990413,19,5.7,-4.082032,44.69899,20,-5.7,-22.57679,176.2961
28.79602,NaN,NaN,NaN,2.13681,3.002681,0.07431659,0.04742636,-0.02065989,0.02714713,-0.9982921,2.035294,3.004199,0.07116354,-0.01073671,-0.1377203,0.990413,19,5.7,-3.767173,42.45866,20,-5.7,-22.26193,174.0558
28.81409,NaN,NaN,NaN,2.288351,3.002553,0.07501331,0.04915109,-0.02121481,0.02520541,-0.9982479,2.212068,3.002804,0.07264471,-0.009893418,-0.1431843,0.9896466,19,5.7,-3.527936,40.7564,20,-5.7,-22.0227,172.3535
28.83789,NaN,NaN,NaN,2.588669,3.000666,0.07599828,0.0517889,-0.0220868,0.02076776,-0.9981979,2.520379,3.001817,0.07398605,-0.007538741,-0.1445268,0.9894722,19,5.7,-3.212309,38.5106,20,-5.7,-21.70707,170.1077
28.85596,NaN,NaN,NaN,2.738547,3.000665,0.07614452,0.05173292,-0.0227336,0.01813139,-0.9982376,2.653605,3.001817,0.07398605,-0.007538741,-0.1445268,0.9894722,19,5.7,-2.973329,36.81017,20,-5.7,-21.46809,168.4073
28.87952,NaN,NaN,NaN,3.033417,2.998981,0.07712676,0.05241987,-0.02453068,0.01330742,-0.9982352,2.956271,3.000746,0.07526636,-0.005446542,-0.1428758,0.9897256,19,5.7,-2.662285,34.59698,20,-5.7,-21.15705,166.1941
28.89758,NaN,NaN,NaN,3.180087,2.998558,0.07743205,0.0521334,-0.02522949,0.01086737,-0.9982623,3.086645,3.000746,0.07526636,-0.005446542,-0.1428758,0.9897256,19,5.7,-2.42329,32.89644,20,-5.7,-20.91805,164.4935
28.92114,NaN,NaN,NaN,3.46986,2.996877,0.07835282,0.05351685,-0.02612004,0.006123745,-0.9982066,3.384135,2.999369,0.07642746,-0.003367987,-0.1414492,0.9899398,19,5.7,-2.112597,30.68574,20,-5.7,-20.60736,162.2829
28.93909,NaN,NaN,NaN,3.614439,2.995617,0.07884467,0.05393235,-0.02595051,0.003508947,-0.9982012,3.55196,2.997955,0.07736409,-0.008538644,-0.1422971,0.9897872,19,5.7,-1.874613,28.9924,20,-5.7,-20.36937,160.5895
28.96289,NaN,NaN,NaN,3.900197,2.993658,0.07997063,0.05422637,-0.02566371,-0.001660855,-0.9981975,3.805968,2.997955,0.07736409,-0.008538644,-0.1422971,0.9897872,19,5.7,-1.560707,26.75884,20,-5.7,-20.05547,158.3559
28.98096,NaN,NaN,NaN,4.042053,2.992359,0.0807106,0.05467923,-0.02513215,-0.00432228,-0.9981783,3.970829,2.996065,0.07836294,-0.006436901,-0.1410372,0.9899834,19,5.7,-1.321452,25.05645,20,-5.7,-19.81621,156.6536
29.00464,NaN,NaN,NaN,4.320664,2.990084,0.08213879,0.05412148,-0.02423629,-0.008942419,-0.9982001,4.256652,2.993783,0.07957017,-0.01522309,-0.1398182,0.9900602,19,5.7,-1.008626,22.83058,20,-5.7,-19.50339,154.4277
29.02283,NaN,NaN,NaN,4.459097,2.988611,0.08309561,0.05390268,-0.02348126,-0.01074728,-0.9982122,4.379704,2.993783,0.07957017,-0.01522309,-0.1398182,0.9900602,19,5.7,-0.7681044,21.11918,20,-5.7,-19.26286,152.7163
29.04639,NaN,NaN,NaN,4.733574,2.98563,0.08522668,0.05426248,-0.02175468,-0.0144948,-0.9981845,4.66137,2.991082,0.08110762,-0.01434809,-0.1398576,0.9900677,19,5.7,-0.4567697,18.90392,20,-5.7,-18.95153,150.501
29.06506,NaN,NaN,NaN,4.869778,2.98415,0.08660658,0.05472412,-0.02035365,-0.01678477,-0.9981529,4.78244,2.991082,0.08110762,-0.01434809,-0.1398576,0.9900677,19,5.7,-0.2091933,17.14232,20,-5.7,-18.70395,148.7394
29.08813,NaN,NaN,NaN,5.139185,2.981149,0.08946173,0.05569085,-0.01727932,-0.0216536,-0.9980637,5.059079,2.987927,0.08309591,-0.01800124,-0.1401739,0.9899633,19,5.7,0.09567191,14.97309,20,-5.7,-18.39909,146.5702
29.10632,NaN,NaN,NaN,5.270797,2.979366,0.09124339,0.05569972,-0.01561347,-0.0231802,-0.9980564,5.212632,2.984463,0.08573663,-0.02663043,-0.1419392,0.9895171,19,5.7,0.3368317,13.25715,20,-5.7,-18.15793,144.8543
29.13,NaN,NaN,NaN,5.529019,2.97628,0.09477222,0.05471194,-0.01225173,-0.0249045,-0.9981164,5.442163,2.984463,0.08573663,-0.02663043,-0.1419392,0.9895171,19,5.7,0.6491024,11.03523,20,-5.7,-17.84566,142.6323
29.14807,NaN,NaN,NaN,5.656602,2.974838,0.09653058,0.05430297,-0.009839669,-0.02588151,-0.9981406,5.591411,2.980593,0.08939123,-0.03428042,-0.141949,0.9892802,19,5.7,0.8884808,9.331964,20,-5.7,-17.60628,140.9291
29.17175,NaN,NaN,NaN,5.903191,2.971757,0.09988077,0.05348484,-0.005600162,-0.02781381,-0.9981656,5.845623,2.976941,0.09313262,-0.03756747,-0.1436315,0.9889179,19,5.7,1.201338,7.105868,20,-5.7,-17.29342,138.703
29.18994,NaN,NaN,NaN,6.021037,2.970262,0.1014632,0.05237195,-0.003450662,-0.02790441,-0.9982318,5.950375,2.976941,0.09313262,-0.03756747,-0.1436315,0.9889179,19,5.7,1.441,5.400589,20,-5.7,-17.05376,136.9977
29.21338,-4.905858,-39.13552,278.823,6.253783,2.967262,0.1048532,0.05169386,0.001433171,-0.03109604,-0.9981777,6.191163,2.973333,0.09711289,-0.0393362,-0.1492655,0.9880145,19,5.7,1.752157,3.186586,20,-5.7,-16.7426,134.7837
29.2323,-4.809101,-39.13551,278.823,6.362636,2.96594,0.1066273,0.05201324,0.003798194,-0.03271751,-0.9981031,6.287921,2.973333,0.09711289,-0.0393362,-0.1492655,0.9880145,19,5.7,2.001388,1.413219,20,-5.7,-16.49337,133.0103
29.25525,-5.32111,-40.01029,285.0473,6.575068,2.962257,0.1095959,0.05307926,0.008190214,-0.03462691,-0.9979562,6.509069,2.969657,0.1011688,-0.0410183,-0.1490227,0.9879826,20,-5.7,-16.18912,130.8455,21,0.7,-34.28159,259.58
29.27368,-3.463856,-29.33606,209.0963,6.673772,2.959804,0.1107465,0.05258915,0.009764194,-0.03466586,-0.9979666,6.627443,2.966043,0.1052148,-0.04766492,-0.1525747,0.9871418,20,-5.7,-15.94625,129.1174,21,0.7,-34.03872,257.8519
29.29724,-3.295084,-29.33606,209.0963,6.86364,2.955281,0.1130175,0.05197558,0.013749,-0.03623486,-0.9978961,6.796215,2.966043,0.1052148,-0.04766492,-0.1525747,0.9871418,20,-5.7,-15.63509,126.9034,21,0.7,-33.72755,255.6378
29.31567,-5.223351,-37.03524,263.8787,6.951427,2.952916,0.1141012,0.05275078,0.01620826,-0.03781706,-0.9977598,6.903032,2.961882,0.1088086,-0.04540684,-0.1497679,0.9876779,20,-5.7,-15.39043,125.1625,21,0.7,-33.48289,253.897
29.33875,-7.307952,-40.51614,288.6465,7.116427,2.946851,0.1159148,0.0544331,0.02082092,-0.04005158,-0.9974966,7.076206,2.956847,0.1118664,-0.04923625,-0.1488059,0.9876399,20,-5.7,-15.08552,122.9929,21,0.7,-33.17798,251.7274
29.35742,-7.245631,-40.51614,288.6465,7.186539,2.94316,0.1170006,0.05498194,0.02344588,-0.03961788,-0.9974256,7.138528,2.956847,0.1118664,-0.04923625,-0.1488059,0.9876399,20,-5.7,-14.83803,121.232,21,0.7,-32.93049,249.9664
29.38062,-10.97729,-53.45092,380.6824,7.312548,2.936141,0.1187707,0.05692536,0.02834404,-0.03615084,-0.9973211,7.274435,2.950878,0.1148704,-0.04738774,-0.1464385,0.9880841,20,-5.7,-14.53273,119.0597,21,0.7,-32.62519,247.7941
29.39929,-10.9307,-53.45092,380.6824,7.364963,2.93278,0.1198907,0.05956516,0.0299675,-0.03533714,-0.9971486,7.321026,2.950878,0.1148704,-0.04738774,-0.1464385,0.9880841,20,-5.7,-14.28584,117.303,21,0.7,-32.3783,246.0374
29.42224,NaN,NaN,NaN,7.454671,2.927205,0.1219373,0.06244959,0.0336023,-0.0374662,-0.9967784,7.421476,2.943373,0.1171178,-0.05085663,-0.1438388,0.9882935,20,-5.7,-13.98202,115.1412,21,0.7,-32.07448,243.8756
29.4408,NaN,NaN,NaN,7.482205,2.924257,0.1227902,0.06260031,0.03579997,-0.03719121,-0.9967028,7.462963,2.935333,0.1192391,-0.06132874,-0.1382716,0.9884937,20,-5.7,-13.73721,113.3992,21,0.7,-31.82967,242.1337
29.46436,NaN,NaN,NaN,7.522091,2.918078,0.124489,0.06128567,0.03987224,-0.03382956,-0.9967497,7.498417,2.935333,0.1192391,-0.06132874,-0.1382716,0.9884937,20,-5.7,-13.42565,111.1824,21,0.7,-31.51811,239.9169
29.4823,NaN,NaN,NaN,7.52752,2.915805,0.1254201,0.05989768,0.04132958,-0.03220757,-0.9968284,7.516016,2.927873,0.121567,-0.1131985,-0.1417458,0.9834095,20,-5.7,-13.1882,109.4929,21,0.7,-31.28067,238.2274
29.50586,NaN,NaN,NaN,7.522326,2.912127,0.1271873,0.05998496,0.04421104,-0.03090166,-0.9967409,7.519246,2.920815,0.1238824,-0.1234263,-0.138638,0.9826218,20,-5.7,-12.87692,107.278,21,0.7,-30.96939,236.0125
29.52417,NaN,NaN,NaN,7.503046,2.910373,0.1280897,0.06216691,0.04474951,-0.02966716,-0.9966206,7.502108,2.920815,0.1238824,-0.1234263,-0.138638,0.9826218,20,-5.7,-12.63399,105.5494,21,0.7,-30.72645,234.2839
29.54761,-21.46517,-29.64546,231.8445,7.453083,2.906796,0.1296099,0.06547838,0.04604924,-0.02853109,-0.9963825,7.46075,2.914775,0.1258932,-0.1226838,-0.1380981,0.9827907,20,-5.7,-12.32422,103.3453,21,0.7,-30.41669,232.0798
29.56641,NaN,NaN,NaN,7.413176,2.904843,0.1300761,0.06652511,0.04598448,-0.02779339,-0.9963371,7.425277,2.914775,0.1258932,-0.1226838,-0.1380981,0.9827907,20,-5.7,-12.07584,101.578,21,0.7,-30.1683,230.3125
29.58936,-22.15054,-28.08669,227.9083,7.317552,2.901284,0.1311016,0.06675322,0.04608026,-0.02579706,-0.996371,7.338414,2.909944,0.1279005,-0.1272373,-0.1337425,0.9828141,20,-5.7,-11.7729,99.42247,21,0.7,-29.86536,228.157
29.60742,-22.93495,-27.99022,227.7116,7.253994,2.899612,0.1314217,0.06579155,0.04558352,-0.02441456,-0.9964927,7.275187,2.905578,0.1298373,-0.1304141,-0.1333741,0.9824477,20,-5.7,-11.53311,97.71625,21,0.7,-29.62557,226.4507
29.63171,-22.84084,-27.76469,226.05,7.111734,2.896838,0.1315449,0.06317858,0.04501068,-0.02333278,-0.9967136,7.148733,2.905578,0.1298373,-0.1304141,-0.1333741,0.9824477,20,-5.7,-11.21292,95.43797,21,0.7,-29.30538,224.1725
29.64929,-22.91972,-28.05988,223.7195,7.025495,2.896417,0.1316631,0.06147894,0.044873,-0.02490299,-0.9967882,7.060547,2.901368,0.131092,-0.1316632,-0.1359714,0.981925,20,-5.7,-10.98004,93.78092,21,0.7,-29.07249,222.5154
29.67297,-23.20906,-28.62517,222.3393,6.838707,2.897053,0.1318665,0.05949542,0.04500094,-0.02834279,-0.9968109,6.878149,2.897759,0.1316487,-0.1328704,-0.1392109,0.9813082,20,-5.7,-10.66727,91.5555,21,0.7,-28.75973,220.29
29.69128,-22.96146,-28.26487,219.7994,6.730357,2.898479,0.1318161,0.05906313,0.04508859,-0.02975044,-0.9967917,6.781837,2.897759,0.1316487,-0.1328704,-0.1392109,0.9813082,20,-5.7,-10.425,89.83162,21,0.7,-28.51746,218.5661
29.71497,NaN,NaN,NaN,6.501837,2.902239,0.1319755,0.05731142,0.04606917,-0.03159487,-0.9967923,6.557527,2.896096,0.1319132,-0.1353352,-0.1418865,0.9805879,20,-5.7,-10.11109,87.59804,21,0.7,-28.20355,216.3325
29.73352,NaN,NaN,NaN,6.37709,2.904913,0.1320155,0.05658914,0.04719427,-0.03173612,-0.9967764,6.446641,2.896096,0.1319132,-0.1353352,-0.1418865,0.9805879,20,-5.7,-9.866505,85.85774,21,0.7,-27.95896,214.5922
29.75684,NaN,NaN,NaN,6.11546,2.911023,0.131845,0.05561075,0.04931253,-0.03070707,-0.9967611,6.188328,2.89725,0.132185,-0.1357245,-0.1366449,0.9812782,20,-5.7,-9.557777,83.66103,21,0.7,-27.65024,212.3955
29.77454,NaN,NaN,NaN,5.973557,2.914343,0.1316307,0.05598639,0.05021164,-0.02796962,-0.9967759,6.032035,2.901488,0.1322258,-0.1385357,-0.1360202,0.9809722,20,-5.7,-9.324529,82.00139,21,0.7,-27.41699,210.7359
29.79871,NaN,NaN,NaN,5.681805,2.921064,0.1309783,0.05598886,0.0521424,-0.02329224,-0.9967969,5.772699,2.901488,0.1322258,-0.1385357,-0.1360202,0.9809722,20,-5.7,-9.004233,79.72237,21,0.7,-27.09669,208.4568
29.81665,NaN,NaN,NaN,5.527651,2.924676,0.1304045,0.05553529,0.05350434,-0.02104504,-0.9968,5.601757,2.907997,0.1320289,-0.1422698,-0.1364291,0.9803808,20,-5.7,-8.767677,78.03918,21,0.7,-26.86014,206.7737
29.84009,NaN,NaN,NaN,5.21431,2.931485,0.1290785,0.05522599,0.05571424,-0.01651297,-0.9967815,5.286185,2.915774,0.1314739,-0.1483363,-0.1376526,0.97931,20,-5.7,-8.45702,75.82874,21,0.7,-26.54948,204.5632
29.85803,NaN,NaN,NaN,5.050276,2.934655,0.1280799,0.05416936,0.05657944,-0.01437699,-0.9968238,5.140377,2.915774,0.1314739,-0.1483363,-0.1376526,0.97931,20,-5.7,-8.220803,74.14797,21,0.7,-26.31326,202.8824
29.88184,NaN,NaN,NaN,4.713156,2.941226,0.1256362,0.0515753,0.05789759,-0.01004354,-0.9969389,4.800985,2.924043,0.1303936,-0.1548745,-0.1380285,0.9782444,20,-5.7,-7.90508,71.90148,21,0.7,-25.99754,200.636
29.90051,NaN,NaN,NaN,4.538307,2.944689,0.1242419,0.05049183,0.05821731,-0.007663267,-0.9969968,4.645563,2.924043,0.1303936,-0.1548745,-0.1380285,0.9782444,20,-5.7,-7.657603,70.14059,21,0.7,-25.75006,198.8751
29.92371,-42.70053,-43.23936,308.0233,4.184829,2.951857,0.1213756,0.04967079,0.05898091,-0.003332095,-0.9970171,4.28877,2.93215,0.128491,-0.149237,-0.1466398,0.9778676,20,-5.7,-7.352299,67.96824,21,0.7,-25.44476,196.7027
29.94177,-22.81569,-24.88231,177.4062,4.004651,2.955663,0.1197571,0.04977194,0.05898169,-0.001188828,-0.9970168,4.083866,2.940202,0.1257709,-0.1482434,-0.1533298,0.9769923,20,-5.7,-7.113179,66.26681,21,0.7,-25.20564,195.0013
29.96594,-23.13997,-24.88231,177.4062,3.639837,2.962984,0.1158687,0.04803684,0.0586073,0.002400891,-0.9971219,3.759587,2.940202,0.1257709,-0.1482434,-0.1533298,0.9769923,20,-5.7,-6.792836,63.98745,21,0.7,-24.88529,192.7219
29.9834,-27.13994,-28.91787,206.1206,3.454091,2.966549,0.1135364,0.0466894,0.05839701,0.003108902,-0.9971963,3.548195,2.948565,0.1224275,-0.1456517,-0.1512442,0.9777069,20,-5.7,-6.561918,62.34438,21,0.7,-24.65438,191.0789
30.00708,-21.48525,-22.94931,163.6523,3.080388,2.973642,0.1087934,0.04450091,0.05779342,0.00431544,-0.997327,3.168061,2.957275,0.1183152,-0.1472731,-0.1547599,0.9769135,20,-5.7,-6.249015,60.11796,21,0.7,-24.34147,188.8524
30.02502,-21.65261,-22.94933,163.6524,2.892138,2.977444,0.1061844,0.04409905,0.05745371,0.004673916,-0.9973628,3.000728,2.957275,0.1183152,-0.1472731,-0.1547599,0.9769135,20,-5.7,-6.011569,58.42844,21,0.7,-24.10403,187.1629
30.04883,-46.2897,-45.74358,325.8417,2.515247,2.984692,0.1009018,0.04402052,0.05663254,0.00665822,-0.997402,2.616608,2.965962,0.1132886,-0.1468827,-0.1462917,0.9782762,20,-5.7,-5.696869,56.18924,21,0.7,-23.78933,184.9237
30.06775,-46.45623,-45.74352,325.8413,2.32783,2.988417,0.09805357,0.04481748,0.05624735,0.007750924,-0.9973804,2.450016,2.965962,0.1132886,-0.1468827,-0.1462917,0.9782762,20,-5.7,-5.447727,54.4165,21,0.7,-23.54019,183.151
30.09058,-40.51222,-42.72058,304.332,1.954279,2.994469,0.0923475,0.04704658,0.05564172,0.01066368,-0.9972848,2.068294,2.97464,0.1074886,-0.1371043,-0.1471334,0.9795683,20,-5.7,-5.144704,52.26038,21,0.7,-23.23716,180.9949
30.10864,-46.68005,-47.6451,339.3718,1.76642,2.997543,0.08930907,0.04820357,0.05519918,0.01277527,-0.9972293,1.851565,2.983196,0.1010842,-0.1400851,-0.1461372,0.9792957,20,-5.7,-4.90598,50.56177,21,0.7,-22.99844,179.2962
30.13293,-47.01359,-47.6451,339.3718,1.391186,3.002185,0.08318332,0.0515459,0.05374396,0.01800995,-0.9970608,1.518023,2.983196,0.1010842,-0.1400851,-0.1461372,0.9792957,20,-5.7,-4.584804,48.27649,21,0.7,-22.67726,177.011
30.15051,-23.2445,-23.17388,176.7854,1.204313,3.003814,0.07992776,0.05324775,0.05296295,0.02038253,-0.9969676,1.301807,2.991189,0.09436584,-0.136144,-0.1451224,0.9800022,20,-5.7,-4.353457,46.63037,21,0.7,-22.44592,175.3649
30.17419,-23.24155,-24.33788,175.0613,0.830979,3.006293,0.07362332,0.05645065,0.05144823,0.02452596,-0.9967773,0.9199361,2.997859,0.08723664,-0.1351789,-0.1529383,0.9789467,20,-5.7,-4.039836,44.39885,21,0.7,-22.1323,173.1333
30.19214,-23.09733,-23.98754,172.8188,0.6448641,3.006883,0.07031663,0.0581852,0.05046906,0.02675201,-0.9966704,0.7545006,2.997859,0.08723664,-0.1351789,-0.1529383,0.9789467,20,-5.7,-3.802204,42.708,21,0.7,-21.89466,171.4425
30.21594,-23.01443,-23.0659,171.0297,0.2751077,3.008232,0.06385134,0.06227877,0.04838873,0.03059082,-0.9964157,0.3760972,3.002503,0.07960451,-0.1340423,-0.1493882,0.9796509,20,-5.7,-3.487674,40.47001,21,0.7,-21.58013,169.2045
30.2345,-22.86373,-22.71399,168.7222,0.08944731,3.006905,0.06090208,0.06471332,0.04700202,0.03271073,-0.9962595,0.2110657,3.002503,0.07960451,-0.1340423,-0.1493882,0.9796509,20,-5.7,-3.242937,38.72861,21,0.7,-21.3354,167.4631
30.25769,-22.67427,-21.8732,167.102,-0.2760162,3.006481,0.05470573,0.06675589,0.04516412,0.03492719,-0.9961345,-0.1634068,3.005382,0.07198405,-0.1321321,-0.1460299,0.9804165,20,-5.7,-2.935262,36.53939,21,0.7,-21.02772,165.2739
30.27588,-22.77357,-22.42132,164.8286,-0.4588414,3.005391,0.05252782,0.06901165,0.04386437,0.03646654,-0.9959837,-0.3753077,3.006253,0.06451428,-0.1331546,-0.1511634,0.9794996,20,-5.7,-2.695392,34.83262,21,0.7,-20.78785,163.5671
30.30005,-22.85676,-22.15189,163.0827,-0.8194299,3.003747,0.04733546,0.07247193,0.04072055,0.03965931,-0.9957494,-0.6958308,3.006253,0.06451428,-0.1331546,-0.1511634,0.9794996,20,-5.7,-2.376106,32.56078,21,0.7,-20.46856,161.2953
30.31775,-33.31184,-34.35691,244.8214,-0.9985945,3.002323,0.04514802,0.07423969,0.03871674,0.04039197,-0.9956697,-0.9040477,3.005573,0.05734658,-0.1297811,-0.1496228,0.9801887,20,-5.7,-2.142236,30.89671,21,0.7,-20.2347,159.6312
30.34119,-17.87868,-17.71424,126.4028,-1.352029,2.998732,0.04107849,0.07604706,0.03508815,0.04098591,-0.9956434,-1.266686,3.003892,0.05081928,-0.1286629,-0.1604658,0.9786198,20,-5.7,-1.831426,28.68519,21,0.7,-19.92389,157.4197
30.35925,-18.03283,-17.71424,126.4028,-1.525446,2.997205,0.03935134,0.07643342,0.03312494,0.04083547,-0.9956873,-1.420835,3.003892,0.05081928,-0.1286629,-0.1604658,0.9786198,20,-5.7,-1.593366,26.9913,21,0.7,-19.68583,155.7258
30.38306,-17.09829,-16.19146,115.5677,-1.867571,2.991754,0.03668972,0.07881354,0.028752,0.04139238,-0.9956146,-1.772626,3.000951,0.04524755,-0.1297636,-0.1625038,0.978138,20,-5.7,-1.27913,24.7554,21,0.7,-19.37159,153.4899
30.40161,-17.24573,-16.19146,115.5677,-2.033438,2.989749,0.03536287,0.07908245,0.02679072,0.04099258,-0.9956645,-1.920063,3.000951,0.04524755,-0.1297636,-0.1625038,0.978138,20,-5.7,-1.033126,23.00499,21,0.7,-19.12559,151.7395
30.42468,-21.04136,-19.14069,136.5525,-2.362865,2.983867,0.03394137,0.08182689,0.02247123,0.04149041,-0.9955291,-2.25962,2.996756,0.04063213,-0.1345736,-0.1586177,0.9781259,20,-5.7,-0.7276132,20.83115,21,0.7,-18.82007,149.5656
30.44287,-12.85,-10.53286,78.77854,-2.521925,2.98133,0.03331126,0.08191039,0.02055026,0.04192368,-0.9955454,-2.446576,2.991319,0.03704202,-0.1291245,-0.1678584,0.977318,20,-5.7,-0.4877445,19.1244,21,0.7,-18.5802,147.8589
30.4668,-12.85,-10.17695,76.70635,-2.829928,2.975391,0.03294517,0.08386994,0.01638512,0.04202136,-0.9954555,-2.720356,2.991319,0.03704202,-0.1291245,-0.1678584,0.977318,20,-5.7,-0.1712698,16.87256,21,0.7,-18.26373,145.6071
30.48462,-12.85,-10.19278,73.30245,-2.977602,2.971931,0.03293904,0.08496407,0.01396368,0.0428366,-0.9953648,-2.895824,2.985036,0.03457987,-0.1325349,-0.1754561,0.9755253,20,-5.7,0.06416625,15.19735,21,0.7,-18.02829,143.9318
30.5083,-12.85,-10.32924,74.12835,-3.266451,2.964411,0.03313984,0.08439843,0.009040057,0.04554019,-0.9953498,-3.194862,2.978229,0.03343368,-0.1272136,-0.1753357,0.9762552,20,-5.7,0.3775386,12.96759,21,0.7,-17.71492,141.7021
30.52649,-12.85,-10.16249,73.19994,-3.402554,2.960644,0.03297022,0.08231571,0.006602317,0.04740756,-0.9954563,-3.315843,2.978229,0.03343368,-0.1272136,-0.1753357,0.9762552,20,-5.7,0.6173577,11.26118,21,0.7,-17.4751,139.9957
30.55005,-12.85,-10.6901,77.0541,-3.665171,2.953111,0.03295622,0.07920668,0.001605228,0.05079713,-0.9955619,-3.589475,2.970427,0.03314507,-0.1175652,-0.1734246,0.9778048,20,-5.7,0.9302232,9.035029,21,0.7,-17.16224,137.7695
30.56824,-12.85,-10.52961,76.1492,-3.787571,2.949351,0.03309073,0.0777305,-0.0007460043,0.05208042,-0.995613,-3.698275,2.970427,0.03314507,-0.1175652,-0.1734246,0.9778048,20,-5.7,1.169956,7.32924,21,0.7,-16.9225,136.0637
30.5918,-11.76665,-11.43895,81.75182,-4.022517,2.942598,0.03362664,0.0755977,-0.005347766,0.05383727,-0.9956697,-3.94478,2.962028,0.03303742,-0.0938483,-0.1727858,0.9804782,20,-5.7,1.480972,5.116252,21,0.7,-16.61149,133.8507
30.61011,2.720453,-36.8705,262.7067,-4.129639,2.939989,0.03435386,0.07658521,-0.00811804,0.054761,-0.995525,-4.075227,2.952991,0.03318989,0.02557055,-0.1498465,0.9883786,20,-5.7,1.723122,3.393264,21,0.7,-16.36934,132.1277
30.63379,2.536178,-36.87055,262.707,-4.336957,2.933061,0.03628375,0.08186314,-0.0142826,0.05759479,-0.9948755,-4.25951,2.952991,0.03318989,0.02557055,-0.1498465,0.9883786,20,-5.7,2.036965,1.160153,21,0.7,-16.0555,129.8946
30.65186,2.71141,-27.55684,196.4363,-4.431566,2.928716,0.03760844,0.08501848,-0.01689595,0.0574856,-0.9945762,-4.375947,2.944501,0.03380442,0.03563577,-0.1533631,0.9875272,21,0.7,-15.81629,128.1926,22,-5.7,-33.90884,256.9279
30.67542,5.461848,-32.90176,234.4676,-4.607925,2.920582,0.04018714,0.08757868,-0.02172213,0.05701241,-0.9942876,-4.562016,2.93645,0.03531408,0.04222929,-0.1509819,0.9876341,21,0.7,-15.50535,125.9802,22,-5.7,-33.5979,254.7155
30.69385,5.392188,-32.90176,234.4676,-4.686295,2.916366,0.041916,0.0876397,-0.02410298,0.05706564,-0.9942243,-4.631677,2.93645,0.03531408,0.04222929,-0.1509819,0.9876341,21,0.7,-15.26255,124.2525,22,-5.7,-33.3551,252.9878
30.71716,13.0712,-50.49995,363.9963,-4.826897,2.907644,0.04544795,0.08648735,-0.02805762,0.05703052,-0.9942235,-4.782876,2.927642,0.03773189,0.04847801,-0.1450685,0.9882333,21,0.7,-14.95283,122.0487,22,-5.7,-33.04538,250.784
30.73535,13.02159,-50.49995,363.9962,-4.8827,2.903113,0.04720813,0.08344676,-0.02983511,0.0572934,-0.9944164,-4.832479,2.927642,0.03773189,0.04847801,-0.1450685,0.9882333,21,0.7,-14.71293,120.3418,22,-5.7,-32.80548,249.0771
30.75903,NaN,NaN,NaN,-4.977598,2.895146,0.05106903,0.07759667,-0.03332049,0.05685223,-0.9948047,-4.939706,2.917846,0.04121935,0.03689195,-0.1431999,0.9890059,21,0.7,-14.40037,118.1178,22,-5.7,-32.49292,246.8531
30.77759,6.358634,-38.61897,275.1476,-5.010411,2.892083,0.05314333,0.07487959,-0.03469253,0.05690546,-0.994963,-4.98784,2.907509,0.0452925,0.04074867,-0.1491344,0.987977,21,0.7,-14.15428,116.3668,22,-5.7,-32.24683,245.1021
30.80103,6.311798,-38.61897,275.1476,-5.063103,2.886727,0.05720095,0.07114248,-0.03755993,0.05874138,-0.9950264,-5.034677,2.907509,0.0452925,0.04074867,-0.1491344,0.987977,21,0.7,-13.84459,114.1632,22,-5.7,-31.93714,242.8985
30.81897,1.596195,-19.08352,136.1456,-5.075247,2.884746,0.05935985,0.07039876,-0.03888664,0.06103578,-0.9948902,-5.059923,2.897845,0.04966116,0.04822566,-0.1592619,0.9860578,21,0.7,-13.60794,112.4794,22,-5.7,-31.70049,241.2147
30.84241,0.6471826,-15.65591,111.7569,-5.084774,2.881382,0.06371162,0.06889714,-0.04129427,0.0645827,-0.9946744,-5.078123,2.889899,0.05445397,0.0504983,-0.1635776,0.9852371,21,0.7,-13.29751,110.2705,22,-5.7,-31.39006,239.0058
30.86072,0.6538807,-15.65591,111.7569,-5.077239,2.880182,0.06588387,0.06863979,-0.04230234,0.06652312,-0.9945219,-5.071425,2.889899,0.05445397,0.0504983,-0.1635776,0.9852371,21,0.7,-13.05561,108.5493,22,-5.7,-31.14816,237.2846
30.88428,2.059403,-19.97975,142.5226,-5.050568,2.878137,0.07002598,0.06695889,-0.04393279,0.0704141,-0.9942979,-5.052866,2.884008,0.05954719,0.04923304,-0.1582691,0.9861678,21,0.7,-12.7441,106.3328,22,-5.7,-30.83665,235.0681
30.90247,2.080477,-19.9798,142.5229,-5.026875,2.877432,0.07188165,0.06553907,-0.04434977,0.07265718,-0.9942126,-5.031806,2.884008,0.05954719,0.04923304,-0.1582691,0.9861678,21,0.7,-12.50423,104.626,22,-5.7,-30.59678,233.3613
30.92603,1.714691,-19.25495,137.3654,-4.967127,2.87622,0.07547647,0.06367923,-0.04515886,0.07642019,-0.9940149,-4.979536,2.880006,0.0647037,0.04807881,-0.1589761,0.9861111,21,0.7,-12.19256,102.4084,22,-5.7,-30.28511,231.1437
30.94434,5.871715,-40.69384,289.9111,-4.926827,2.875555,0.07720736,0.0628721,-0.04494033,0.07704188,-0.9940282,-4.940687,2.877349,0.06937408,0.03686492,-0.1485562,0.9882166,21,0.7,-11.94984,100.6814,22,-5.7,-30.04239,229.4167
30.96777,5.953618,-40.69379,289.9107,-4.834671,2.874845,0.08006908,0.05871358,-0.0443275,0.07792819,-0.994241,-4.85877,2.877349,0.06937408,0.03686492,-0.1485562,0.9882166,21,0.7,-11.63971,98.47466,22,-5.7,-29.73226,227.21
30.98608,NaN,NaN,NaN,-4.776189,2.875928,0.08132735,0.05518664,-0.04372764,0.07736245,-0.9945137,-4.800062,2.875589,0.07402098,0.0349514,-0.1409315,0.9894022,21,0.7,-11.39848,96.75822,22,-5.7,-29.49103,225.4935
31.00964,NaN,NaN,NaN,-4.646085,2.879178,0.08392116,0.05097429,-0.0426651,0.07538869,-0.9949361,-4.674211,2.874557,0.07805753,0.03072809,-0.143568,0.9891633,21,0.7,-11.08687,94.54103,22,-5.7,-29.17942,223.2763
31.02795,NaN,NaN,NaN,-4.568635,2.881794,0.08519904,0.0500212,-0.0420898,0.07327354,-0.995167,-4.605366,2.874557,0.07805753,0.03072809,-0.143568,0.9891633,21,0.7,-10.84454,92.81675,22,-5.7,-28.93709,221.5521
31.05139,1.6806,-27.23669,194.1585,-4.400453,2.888694,0.08771709,0.04717461,-0.04153685,0.07025018,-0.9955472,-4.442006,2.875582,0.08142567,0.03115914,-0.1532473,0.9876965,21,0.7,-10.5352,90.61568,22,-5.7,-28.62775,219.351
31.06958,-0.5725701,-19.09544,136.2304,-4.305081,2.893597,0.0888924,0.04555994,-0.0419702,0.06929938,-0.9956709,-4.339396,2.879705,0.08449781,0.02730387,-0.159287,0.9868547,21,0.7,-10.29371,88.89742,22,-5.7,-28.38626,217.6327
31.09314,-0.3918484,-19.09544,136.2304,-4.101768,2.903883,0.09137985,0.04393006,-0.04298418,0.06768025,-0.9958122,-4.158674,2.879705,0.08449781,0.02730387,-0.159287,0.9868547,21,0.7,-9.982558,86.68343,22,-5.7,-28.07511,215.4187
31.11121,1.520958,-30.8937,220.1795,-3.991013,2.90913,0.09267282,0.04405078,-0.04425855,0.06664256,-0.9958211,-4.038418,2.887486,0.08752763,0.02495917,-0.1516628,0.9881172,21,0.7,-9.743153,84.97997,22,-5.7,-27.8357,213.7153
31.13501,1.727525,-30.89383,220.1804,-3.75865,2.920471,0.0950309,0.04224446,-0.04672487,0.06387955,-0.9959677,-3.831873,2.887486,0.08752763,0.02495917,-0.1516628,0.9881172,21,0.7,-9.429296,82.74677,22,-5.7,-27.52184,211.4821
31.15308,NaN,NaN,NaN,-3.632604,2.926278,0.09608029,0.04095854,-0.0481538,0.06127997,-0.9961167,-3.69427,2.89838,0.0905149,0.02773758,-0.1420774,0.9894668,21,0.7,-9.190891,81.05043,22,-5.7,-27.28344,209.7857
31.17688,8.647509,-54.32695,386.9156,-3.376053,2.937205,0.09813802,0.03878831,-0.0506114,0.05639776,-0.9963701,-3.437094,2.911072,0.09331644,0.03088946,-0.1463062,0.988757,21,0.7,-8.875816,78.80856,22,-5.7,-26.96836,207.5439
31.1947,8.767493,-54.32703,386.9161,-3.241087,2.942147,0.09898754,0.03722416,-0.05132749,0.05321597,-0.9965681,-3.317124,2.911072,0.09331644,0.03088946,-0.1463062,0.988757,21,0.7,-8.639528,77.12728,22,-5.7,-26.73208,205.8626
31.21838,4.188601,-40.65366,289.6252,-2.967021,2.951643,0.1004637,0.03359388,-0.05284945,0.04778444,-0.9968927,-3.041622,2.924527,0.09605646,0.02468667,-0.1487921,0.9885603,21,0.7,-8.326496,74.89994,22,-5.7,-26.41904,203.6353
31.23657,4.315082,-40.6536,289.6248,-2.824718,2.95624,0.1011109,0.031438,-0.05301445,0.04510283,-0.9970792,-2.915132,2.924527,0.09605646,0.02468667,-0.1487921,0.9885603,21,0.7,-8.086326,73.19104,22,-5.7,-26.17887,201.9264
31.26013,3.333405,-26.65755,190.0378,-2.534541,2.965508,0.1023244,0.02850017,-0.05293087,0.03973988,-0.9974,-2.622918,2.937406,0.09843838,0.03097034,-0.1538812,0.9876039,21,0.7,-7.77477,70.97421,22,-5.7,-25.86732,199.7095
31.2782,2.413467,-27.75312,197.8331,-2.38231,2.970001,0.1027834,0.02802115,-0.05192622,0.03691953,-0.9975748,-2.451226,2.949304,0.1003027,0.02430385,-0.1533883,0.9878671,21,0.7,-7.535867,69.27432,22,-5.7,-25.62842,198.0096
31.30188,2.681436,-27.75313,197.8333,-2.080848,2.978118,0.103717,0.02626971,-0.04995152,0.03214712,-0.9978884,-2.183259,2.949304,0.1003027,0.02430385,-0.1533883,0.9878671,21,0.7,-7.223077,67.04871,22,-5.7,-25.31563,195.784
31.3197,1.102972,-23.27161,165.9456,-1.927824,2.98154,0.1040243,0.02507844,-0.04856372,0.03054746,-0.9980379,-2.008818,2.960636,0.1016923,0.01852978,-0.1562052,0.9875508,21,0.7,-6.986365,65.36441,22,-5.7,-25.07891,194.0997
31.34363,1.088783,-27.73015,197.6697,-1.621496,2.988353,0.104682,0.02268685,-0.04593227,0.02806932,-0.9982923,-1.697293,2.970936,0.1030445,0.01393335,-0.1535382,0.9880445,21,0.7,-6.670956,63.12016,22,-5.7,-24.76351,191.8555
31.36182,1.225934,-27.7303,197.6707,-1.467217,2.991172,0.1050204,0.02276417,-0.04442567,0.02773889,-0.998368,-1.560156,2.970936,0.1030445,0.01393335,-0.1535382,0.9880445,21,0.7,-6.430385,61.40841,22,-5.7,-24.52294,190.1437
31.38538,0.5099711,-30.74642,219.1315,-1.160528,2.995904,0.1057315,0.02265115,-0.0416043,0.02663495,-0.9985222,-1.247353,2.980042,0.1040819,0.007929597,-0.1521844,0.9883204,21,0.7,-6.118369,59.1883,22,-5.7,-24.21092,187.9236
31.40344,0.6465264,-30.7464,219.1314,-1.006902,2.997929,0.1061637,0.02313123,-0.03999615,0.02606746,-0.998592,-1.110797,2.980042,0.1040819,0.007929597,-0.1521844,0.9883204,21,0.7,-5.879215,57.48663,22,-5.7,-23.97177,186.222
31.42725,-0.7823886,-40.30383,287.136,-0.7003359,3.001574,0.1073956,0.02499622,-0.03682204,0.02392746,-0.9987226,-0.7976187,2.98782,0.1049284,5.24684E-05,-0.1491388,0.9888163,21,0.7,-5.565423,55.25388,22,-5.7,-23.65797,183.9892
31.44495,NaN,NaN,NaN,-0.5476752,3.002847,0.1083207,0.02691427,-0.03510656,0.02244086,-0.998769,-0.6210437,2.99402,0.1058097,-0.005309846,-0.1406948,0.9900388,21,0.7,-5.331439,53.589,22,-5.7,-23.42399,182.3243
31.46887,NaN,NaN,NaN,-0.2451669,3.004187,0.1100893,0.03022277,-0.0319598,0.01962347,-0.9988393,-0.3112855,2.998789,0.1070852,-0.004886386,-0.1377688,0.9904524,21,0.7,-5.01421,51.3318,22,-5.7,-23.10676,180.0671
31.48682,NaN,NaN,NaN,-0.09524041,3.004161,0.111343,0.03151544,-0.03037681,0.01785129,-0.9988821,-0.1780175,2.998789,0.1070852,-0.004886386,-0.1377688,0.9904524,21,0.7,-4.776877,49.64309,22,-5.7,-22.86942,178.3784
31.51086,NaN,NaN,NaN,0.2013011,3.003097,0.1139284,0.03420214,-0.0271352,0.01477732,-0.9989372,0.1261432,3.001834,0.1089214,0.001282156,-0.1463048,0.9892387,21,0.7,-4.459374,47.38394,22,-5.7,-22.55192,176.1193
31.52869,NaN,NaN,NaN,0.3473957,3.002133,0.1159738,0.03445776,-0.02540643,0.01314616,-0.9989967,0.256005,3.001834,0.1089214,0.001282156,-0.1463048,0.9892387,21,0.7,-4.224782,45.71473,22,-5.7,-22.31733,174.45
31.55249,NaN,NaN,NaN,0.6382291,3.00187,0.1203184,0.03581962,-0.0220506,0.01039605,-0.9990609,0.5544913,3.002579,0.1113281,-0.003743338,-0.1444239,0.9895089,21,0.7,-3.908529,43.46447,22,-5.7,-22.00108,172.1998
31.57031,NaN,NaN,NaN,0.7819847,3.000358,0.1229336,0.03794444,-0.02044761,0.009374703,-0.9990267,0.7217681,3.001935,0.114929,-0.007144956,-0.1418283,0.9898655,21,0.7,-3.67336,41.79116,22,-5.7,-21.76591,170.5265
31.59436,NaN,NaN,NaN,1.061664,2.997656,0.1280577,0.03811819,-0.01794465,0.00866431,-0.9990746,0.9703723,3.001935,0.114929,-0.007144956,-0.1418283,0.9898655,21,0.7,-3.355901,39.53232,22,-5.7,-21.44845,168.2676
31.61206,NaN,NaN,NaN,1.199172,2.99652,0.1311463,0.03759326,-0.01696023,0.009144109,-0.9991074,1.131387,3.000458,0.1198711,-0.003424504,-0.1429452,0.9897247,21,0.7,-3.122005,37.86806,22,-5.7,-21.21455,166.6034
31.63611,-0.6548535,-37.12831,264.541,1.468794,2.99279,0.1370213,0.0373443,-0.01516556,0.00850278,-0.9991512,1.408833,2.997966,0.1259116,-0.007716145,-0.1500326,0.9886509,21,0.7,-2.80335,35.60072,22,-5.7,-20.8959,164.336
31.65393,-0.5400288,-37.12836,264.5414,1.597974,2.990446,0.1400082,0.03590742,-0.01433703,0.007261623,-0.9992259,1.52366,2.997966,0.1259116,-0.007716145,-0.1500326,0.9886509,21,0.7,-2.568744,33.93141,22,-5.7,-20.66129,162.6667
31.67786,-0.6048645,-35.86469,255.5498,1.851611,2.986677,0.1458979,0.03546889,-0.01216374,0.005404045,-0.9992821,1.78577,2.994494,0.132674,-0.009252852,-0.1504029,0.9885815,21,0.7,-2.252382,31.68038,22,-5.7,-20.34493,160.4157
31.69568,-0.4962004,-35.86473,255.5501,1.973862,2.984166,0.1488482,0.03663617,-0.01096582,0.003978898,-0.9992606,1.894437,2.994494,0.132674,-0.009252852,-0.1504029,0.9885815,21,0.7,-2.01675,30.00377,22,-5.7,-20.1093,158.7391
31.7196,-0.1759196,-31.91276,227.4304,2.207444,2.980739,0.1549115,0.03545628,-0.009377241,0.001758994,-0.9993257,2.137347,2.989964,0.1396427,-0.01005915,-0.1517731,0.9883642,21,0.7,-1.700218,27.75152,22,-5.7,-19.79276,156.4868
31.73755,-1.576923,-31.32464,223.2457,2.31906,2.978852,0.1578002,0.03673553,-0.00850524,0.0001807038,-0.9992889,2.270143,2.985008,0.14676,-0.01704093,-0.1519777,0.988237,21,0.7,-1.461854,26.05548,22,-5.7,-19.5544,154.7908
31.76135,-1.385272,-31.3246,223.2454,2.534662,2.973927,0.1634887,0.03796167,-0.005733401,-0.006568051,-0.9992412,2.461788,2.985008,0.14676,-0.01704093,-0.1519777,0.988237,21,0.7,-1.148154,23.82338,22,-5.7,-19.2407,152.5587
31.7793,-1.318928,-33.89394,241.5272,2.636569,2.971723,0.1663574,0.0384792,-0.00452593,-0.009550127,-0.9992036,2.58379,2.980188,0.1537471,-0.01598132,-0.1509966,0.9884051,21,0.7,-0.9100417,22.12913,22,-5.7,-19.00259,150.8644
31.8031,-1.144931,-33.89389,241.5269,2.832311,2.965908,0.1719926,0.04142633,-0.001903072,-0.0144655,-0.9990351,2.757782,2.980188,0.1537471,-0.01598132,-0.1509966,0.9884051,21,0.7,-0.596177,19.89586,22,-5.7,-18.68872,148.6312
31.82104,-2.11072,-40.10344,285.71,2.922858,2.962855,0.1748796,0.04279213,-0.0005386919,-0.01596316,-0.9989564,2.867933,2.975056,0.1607809,-0.01723771,-0.1491517,0.988664,21,0.7,-0.3588644,18.2073,22,-5.7,-18.45141,146.9426
31.84485,-2.24483,-35.21255,250.9096,3.097062,2.955849,0.1803591,0.04631331,0.002233773,-0.01871516,-0.9987491,3.050383,2.969141,0.1677011,-0.02087297,-0.1505068,0.9883887,21,0.7,-0.04427797,15.9689,22,-5.7,-18.13683,144.7042
31.86279,-2.174527,-35.21255,250.9096,3.176153,2.95195,0.1829382,0.04687265,0.003892526,-0.01984457,-0.9986961,3.120686,2.969141,0.1677011,-0.02087297,-0.1505068,0.9883887,21,0.7,0.1933788,14.27788,22,-5.7,-17.89917,143.0132
31.8866,-6.652048,-49.46468,352.3188,3.324298,2.94434,0.188186,0.04796509,0.006953523,-0.02175907,-0.9985878,3.277669,2.962142,0.1745255,-0.02787962,-0.1471986,0.988714,21,0.7,0.5087675,12.03378,22,-5.7,-17.58378,140.7691
31.90479,-7.350957,-38.68105,275.5892,3.388649,2.940299,0.1904869,0.04755589,0.007968523,-0.02234077,-0.998587,3.357732,2.953964,0.1811962,-0.03841778,-0.149367,0.9880353,21,0.7,0.7483057,10.32937,22,-5.7,-17.34424,139.0647
31.92847,-7.246846,-38.6811,275.5895,3.50579,2.93276,0.1946243,0.04435748,0.009755157,-0.02440447,-0.99867,3.461857,2.953964,0.1811962,-0.03841778,-0.149367,0.9880353,21,0.7,1.06143,8.101377,22,-5.7,-17.03112,136.8367
31.94629,-12.85,-33.73155,242.9699,3.555665,2.929626,0.1964926,0.04180799,0.01088239,-0.02686989,-0.998705,3.526356,2.94487,0.1872468,-0.06654813,-0.1490409,0.9865891,21,0.7,1.297633,6.420704,22,-5.7,-16.79491,135.156
31.97021,-11.46944,-27.94102,199.17,3.641584,2.923966,0.2002822,0.03837282,0.01297706,-0.03194601,-0.9986684,3.619841,2.935774,0.192636,-0.07472776,-0.1529134,0.9854102,21,0.7,1.612962,4.177024,22,-5.7,-16.47959,132.9123
31.98804,-11.43985,-27.94098,199.1697,3.674852,2.922001,0.2023908,0.03831197,0.01388378,-0.03449033,-0.9985739,3.649412,2.935774,0.192636,-0.07472776,-0.1529134,0.9854102,21,0.7,1.849952,2.490755,22,-5.7,-16.2426,131.2261
32.01196,-12.85,-30.20485,216.5463,3.729423,2.9185,0.2068438,0.04092363,0.01516907,-0.038114,-0.9983199,3.711776,2.927832,0.1974498,-0.07545333,-0.1509483,0.9856579,21,0.7,2.165176,0.2478147,22,-5.7,-15.92737,128.9831
32.02991,-12.85,-30.23174,216.7219,3.744545,2.916867,0.2089452,0.04346769,0.01540146,-0.03847446,-0.9981949,3.725218,2.927832,0.1974498,-0.07545333,-0.1509483,0.9856579,22,-5.7,-15.69024,127.2959,23,5.7,-33.91936,257.0024
32.05383,-22.87511,-41.61803,314.9973,3.761575,2.913305,0.212731,0.0444353,0.01650979,-0.0384263,-0.9981365,3.750829,2.921707,0.2022913,-0.08345556,-0.1396041,0.9866843,22,-5.7,-15.37348,125.042,23,5.7,-33.60259,254.7486
32.07166,-22.81646,-40.29073,312.7953,3.757985,2.911304,0.2144657,0.04263504,0.01708512,-0.03721495,-0.9982512,3.754531,2.917064,0.2072802,-0.0839057,-0.1364413,0.9870884,22,-5.7,-15.13707,123.3598,23,5.7,-33.36619,253.0664
32.09546,-22.6965,-40.06614,311.1703,3.737542,2.907764,0.2176104,0.03838516,0.01864979,-0.03615358,-0.9984346,3.736361,2.917064,0.2072802,-0.0839057,-0.1364413,0.9870884,22,-5.7,-14.82322,121.1267,23,5.7,-33.05234,250.8333
32.11328,NaN,NaN,NaN,3.714616,2.906272,0.2191517,0.03537545,0.0198387,-0.03583759,-0.9985343,3.719016,2.912795,0.212003,-0.09292017,-0.1378664,0.9860825,22,-5.7,-14.58702,119.446,23,5.7,-32.81614,249.1526
32.13733,NaN,NaN,NaN,3.656265,2.903512,0.2215085,0.03096608,0.02172508,-0.03509181,-0.998668,3.666128,2.908475,0.2164608,-0.09009252,-0.1441011,0.9854533,22,-5.7,-14.27007,117.1908,23,5.7,-32.49919,246.8974
32.15527,NaN,NaN,NaN,3.614549,2.902405,0.222082,0.02861698,0.02246352,-0.03509119,-0.9987218,3.629047,2.908475,0.2164608,-0.09009252,-0.1441011,0.9854533,22,-5.7,-14.0319,115.4961,23,5.7,-32.26101,245.2027
32.17908,-13.03698,-23.57238,172.3967,3.518723,2.900366,0.2228137,0.02530967,0.02468587,-0.03585735,-0.9987314,3.538932,2.904781,0.2197095,-0.09472612,-0.1513087,0.9839374,22,-5.7,-13.71801,113.2627,23,5.7,-31.94712,242.9693
32.19739,-13.09158,-23.57238,172.3967,3.457301,2.900192,0.2228223,0.02456368,0.02602067,-0.03599044,-0.9987113,3.484335,2.904781,0.2197095,-0.09472612,-0.1513087,0.9839374,22,-5.7,-13.47517,111.5348,23,5.7,-31.70429,241.2414
32.22095,NaN,NaN,NaN,3.32321,2.901017,0.2228947,0.02413068,0.02868254,-0.03559794,-0.9986631,3.356229,2.901706,0.2218341,-0.09701943,-0.1420252,0.985097,22,-5.7,-13.1642,109.3222,23,5.7,-31.39332,239.0288
32.23877,NaN,NaN,NaN,3.244385,2.902219,0.2229958,0.02486701,0.02970558,-0.03503436,-0.998635,3.273193,2.899886,0.2229376,-0.1003287,-0.1320438,0.9861534,22,-5.7,-12.92876,107.6469,23,5.7,-31.15788,237.3535
32.26257,NaN,NaN,NaN,3.073608,2.905654,0.2226553,0.02498728,0.03179706,-0.03432769,-0.9985921,3.121391,2.899886,0.2229376,-0.1003287,-0.1320438,0.9861534,22,-5.7,-12.61397,105.407,23,5.7,-30.84308,235.1136
32.28052,NaN,NaN,NaN,2.979771,2.907428,0.2218062,0.02426267,0.03287411,-0.03469373,-0.9985625,3.020955,2.900242,0.2232946,-0.1013285,-0.1339163,0.9857987,22,-5.7,-12.37701,103.721,23,5.7,-30.60612,233.4276
32.30432,NaN,NaN,NaN,2.77804,2.91126,0.2195818,0.02011115,0.0341877,-0.03391007,-0.9986376,2.820737,2.902893,0.2228583,-0.101369,-0.1350468,0.9856403,22,-5.7,-12.06147,101.4758,23,5.7,-30.29059,231.1824
32.32239,NaN,NaN,NaN,2.667941,2.913963,0.2181742,0.01722668,0.03483371,-0.03291436,-0.9987025,2.722871,2.902893,0.2228583,-0.101369,-0.1350468,0.9856403,22,-5.7,-11.82265,99.7765,23,5.7,-30.05176,229.4831
32.34607,NaN,NaN,NaN,2.436667,2.920107,0.215463,0.01519704,0.03649452,-0.0312018,-0.9987311,2.492932,2.906977,0.2213165,-0.1037793,-0.1360046,0.9852576,22,-5.7,-11.50894,97.54433,23,5.7,-29.73805,227.2509
32.36426,NaN,NaN,NaN,2.311354,2.923562,0.2141123,0.01604355,0.03729542,-0.02952274,-0.9987393,2.381543,2.906977,0.2213165,-0.1037793,-0.1360046,0.9852576,22,-5.7,-11.26975,95.84244,23,5.7,-29.49887,225.549
32.38782,NaN,NaN,NaN,2.056113,2.930778,0.2102637,0.01786274,0.03850239,-0.02500941,-0.9987858,2.126825,2.912391,0.2191976,-0.100506,-0.1387538,0.9852136,22,-5.7,-10.95693,93.61656,23,5.7,-29.18604,223.3232
32.40576,NaN,NaN,NaN,1.921972,2.934553,0.208109,0.01900334,0.03867919,-0.02231488,-0.9988217,1.976845,2.919586,0.2156394,-0.1031714,-0.1403736,0.9847085,22,-5.7,-10.72011,91.93151,23,5.7,-28.94922,221.6381
32.42957,NaN,NaN,NaN,1.647639,2.942214,0.203704,0.02013946,0.03880744,-0.01798056,-0.9988819,1.732993,2.919586,0.2156394,-0.1031714,-0.1403736,0.9847085,22,-5.7,-10.40516,89.69051,23,5.7,-28.63427,219.3971
32.44751,NaN,NaN,NaN,1.504761,2.946089,0.2014147,0.02078634,0.03824987,-0.01592681,-0.998925,1.57262,2.927979,0.2112138,-0.09345439,-0.1403389,0.9856831,22,-5.7,-10.16915,88.01128,23,5.7,-28.39827,217.7179
32.47131,-22.95828,-36.16515,275.6714,1.214914,2.953208,0.1967853,0.02224548,0.03698675,-0.01149974,-0.999002,1.27941,2.936877,0.2062306,-0.08678623,-0.14001,0.9863394,22,-5.7,-9.854079,85.76941,23,5.7,-28.0832,215.476
32.48926,-22.8965,-35.85111,273.4591,1.065419,2.956514,0.1945149,0.02250033,0.03594885,-0.009045178,-0.9990593,1.146525,2.936877,0.2062306,-0.08678623,-0.14001,0.9863394,22,-5.7,-9.615972,84.07519,23,5.7,-27.84509,213.7818
32.51306,-22.93111,-35.80679,271.7437,0.7628118,2.963361,0.1895962,0.0229037,0.03371559,-0.004190214,-0.9991602,0.8401267,2.94558,0.2009642,-0.0863397,-0.1407528,0.9862729,22,-5.7,-9.301682,81.8389,23,5.7,-27.5308,211.5455
32.53137,-22.87377,-35.49153,269.5349,0.6097777,2.966266,0.1869859,0.02285632,0.03262696,-0.002287469,-0.9992036,0.7040963,2.94558,0.2009642,-0.0863397,-0.1407528,0.9862729,22,-5.7,-9.060294,80.12134,23,5.7,-27.28941,209.8279
32.55493,-22.56523,-36.9277,268.1222,0.3005756,2.972245,0.1818998,0.02205845,0.03046812,0.0009719026,-0.9992918,0.3902723,2.954325,0.1952896,-0.08444183,-0.1467061,0.9855693,22,-5.7,-8.748903,77.90568,23,5.7,-26.97802,207.6123
32.57275,-29.79116,-50.38649,358.8778,0.1442612,2.975097,0.1794317,0.02212359,0.02953626,0.002149257,-0.9993166,0.2111968,2.962353,0.1893696,-0.08245278,-0.1466139,0.9857515,22,-5.7,-8.512696,76.22498,23,5.7,-26.74182,205.9316
32.59668,-30.0696,-50.38643,358.8774,-0.1690181,2.980493,0.1747739,0.02243502,0.02770599,0.004480938,-0.9993543,-0.06727362,2.962353,0.1893696,-0.08245278,-0.1466139,0.9857515,22,-5.7,-8.196348,73.97405,23,5.7,-26.42547,203.6807
32.61462,-20.8591,-36.05922,256.9338,-0.3266871,2.983009,0.1725294,0.02333635,0.02679119,0.005600222,-0.9993529,-0.2484276,2.969727,0.1834377,-0.07911465,-0.1498137,0.9855439,22,-5.7,-7.959374,72.2879,23,5.7,-26.18849,201.9945
32.63843,-23.18616,-40.55854,288.9482,-0.6399747,2.987584,0.168173,0.02404329,0.02525077,0.007572757,-0.9993633,-0.5684053,2.976454,0.1776276,-0.07721782,-0.1486301,0.9858735,22,-5.7,-7.643513,70.04043,23,5.7,-25.87263,199.747
32.65637,-23.3253,-40.55843,288.9474,-0.7965717,2.989818,0.1658461,0.02491943,0.02414611,0.009234008,-0.9993552,-0.7076027,2.976454,0.1776276,-0.07721782,-0.1486301,0.9858735,22,-5.7,-7.406242,68.35216,23,5.7,-25.63536,198.0588
32.68018,-21.98452,-39.19221,279.2262,-1.106517,2.992009,0.1612961,0.02492388,0.02231394,0.01205984,-0.9993675,-1.024802,2.982538,0.1720711,-0.07406247,-0.1490272,0.9860556,22,-5.7,-7.091568,66.11314,23,5.7,-25.32069,195.8198
32.69836,-22.12174,-39.19221,279.2262,-1.260898,2.994342,0.1590177,0.02303155,0.02119661,0.01369962,-0.9994162,-1.16203,2.982538,0.1720711,-0.07406247,-0.1490272,0.9860556,22,-5.7,-6.852177,64.40977,23,5.7,-25.0813,194.1164
32.72192,-12.54426,-21.55006,153.696,-1.565431,2.996489,0.1548644,0.02598867,0.01910447,0.01648088,-0.9993439,-1.474352,2.987617,0.1666499,-0.07101944,-0.1574225,0.9849743,22,-5.7,-6.540593,62.19274,23,5.7,-24.76971,191.8994
32.73975,-10.37637,-19.10296,136.284,-1.716869,2.997347,0.1525894,0.02672841,0.01796587,0.0180011,-0.9993192,-1.65031,2.991805,0.1614348,-0.06315,-0.1598986,0.9851114,22,-5.7,-6.303838,60.50814,23,5.7,-24.53296,190.2148
32.76379,-10.64253,-19.10297,136.2841,-2.016296,2.998806,0.148167,0.02855049,0.01554576,0.02104289,-0.99925,-1.916466,2.991805,0.1614348,-0.06315,-0.1598986,0.9851114,22,-5.7,-5.985961,58.24633,23,5.7,-24.21508,187.953
32.78149,-11.18214,-21.32127,152.0681,-2.163785,2.998948,0.1458423,0.02977762,0.01413711,0.02238232,-0.9992059,-2.088326,2.994809,0.1560746,-0.05900689,-0.1577795,0.9857098,22,-5.7,-5.753321,56.591,23,5.7,-23.98244,186.2976
32.80542,-10.63446,-20.79939,148.3547,-2.455564,2.998595,0.1415839,0.03177486,0.01128693,0.02534775,-0.9991099,-2.387838,2.996845,0.1507381,-0.05485729,-0.1582948,0.9858668,22,-5.7,-5.436767,54.33861,23,5.7,-23.66589,184.0452
32.82312,-10.76112,-20.79939,148.3547,-2.598057,2.998609,0.1394916,0.03268031,0.009592265,0.0265823,-0.9990662,-2.514498,2.996845,0.1507381,-0.05485729,-0.1582948,0.9858668,22,-5.7,-5.201643,52.66562,23,5.7,-23.43076,182.3723
32.84717,-9.219507,-15.97274,114.0113,-2.880172,2.99638,0.1356658,0.0352837,0.006013155,0.02938828,-0.9989271,-2.804638,2.997783,0.145463,-0.05548548,-0.1640858,0.9848844,22,-5.7,-4.88385,50.4044,23,5.7,-23.11297,180.111
32.86536,-9.343176,-15.97273,114.0112,-3.019304,2.9957,0.1337604,0.03533067,0.004005231,0.03079014,-0.9988933,-2.928311,2.997783,0.145463,-0.05548548,-0.1640858,0.9848844,22,-5.7,-4.643663,48.69538,23,5.7,-22.87278,178.402
32.88892,-10.07857,-18.89594,134.811,-3.292616,2.993573,0.1306522,0.03775411,-0.0002484098,0.03305092,-0.9987403,-3.209728,2.997416,0.140372,-0.05028012,-0.1602601,0.9857934,22,-5.7,-4.332214,46.4793,23,5.7,-22.56133,176.1859
32.90686,-10.27162,-22.69086,161.813,-3.426555,2.991704,0.1293979,0.03884859,-0.002187364,0.03333108,-0.9986867,-3.366464,2.99562,0.1357569,-0.04214296,-0.1567677,0.9867359,22,-5.7,-4.094591,44.78853,23,5.7,-22.32371,174.4952
32.93103,-10.50439,-22.69087,161.8131,-3.688423,2.989161,0.1273611,0.03969571,-0.005475074,0.03283072,-0.9986573,-3.599235,2.99562,0.1357569,-0.04214296,-0.1567677,0.9867359,22,-5.7,-3.7755,42.51807,23,5.7,-22.00462,172.2247
32.94873,-4.099497,-26.50372,188.9429,-3.81519,2.98796,0.1267904,0.04049724,-0.006841302,0.03250325,-0.9986275,-3.748586,2.992952,0.131817,-0.001836249,-0.1543507,0.9880144,22,-5.7,-3.54216,40.85777,23,5.7,-21.77128,170.5644
32.97253,NaN,NaN,NaN,-4.065681,2.984201,0.1255276,0.04152821,-0.01045161,0.0340159,-0.9985034,-4.006855,2.989964,0.1290239,0.02606884,-0.1411512,0.9896448,22,-5.7,-3.227532,38.61908,23,5.7,-21.45665,168.3257
32.99036,NaN,NaN,NaN,-4.185534,2.982098,0.12502,0.04099108,-0.01200778,0.03507621,-0.9984715,-4.113392,2.989964,0.1290239,0.02606884,-0.1411512,0.9896448,22,-5.7,-2.990844,36.93496,23,5.7,-21.21996,166.6416
33.0144,NaN,NaN,NaN,-4.418778,2.977801,0.1245136,0.04144048,-0.01520105,0.03623033,-0.9983682,-4.354926,2.986314,0.126913,0.03380333,-0.1387088,0.9897562,22,-5.7,-2.674004,34.68052,23,5.7,-20.90312,164.3872
33.03284,NaN,NaN,NaN,-4.530506,2.975884,0.1244603,0.04188178,-0.01661315,0.03686268,-0.9983041,-4.454239,2.986314,0.126913,0.03380333,-0.1387088,0.9897562,22,-5.7,-2.430036,32.9446,23,5.7,-20.65915,162.6513
33.05603,7.113369,-45.70252,325.5497,-4.748378,2.97096,0.1244707,0.04369118,-0.02004962,0.03932699,-0.9980694,-4.680615,2.981801,0.1254719,0.03581998,-0.1478611,0.9883592,22,-5.7,-2.122906,30.75926,23,5.7,-20.35202,160.4659
33.07397,NaN,NaN,NaN,-4.851443,2.96779,0.1244227,0.0436068,-0.02174321,0.04041798,-0.9979941,-4.803356,2.976842,0.1247435,0.03810901,-0.1463851,0.9884933,22,-5.7,-1.885193,29.06784,23,5.7,-20.11431,158.7745
33.09814,NaN,NaN,NaN,-5.048952,2.962877,0.1245623,0.04105865,-0.02504954,0.04207535,-0.9979561,-4.978919,2.976842,0.1247435,0.03810901,-0.1463851,0.9884933,22,-5.7,-1.566403,26.79954,23,5.7,-19.79552,156.5062
33.11572,5.647194,-33.67776,239.9888,-5.141534,2.960686,0.1248733,0.04097763,-0.02675058,0.04364816,-0.9978478,-5.090672,2.971135,0.1244963,0.04420958,-0.1508896,0.9875616,22,-5.7,-1.333367,25.1414,23,5.7,-19.56248,154.8481
33.13965,4.188807,-26.71452,190.4429,-5.319727,2.954517,0.1256673,0.04260227,-0.03042098,0.04727899,-0.9975091,-5.276475,2.965011,0.1246179,0.0490808,-0.1538988,0.9868669,22,-5.7,-1.017552,22.89425,23,5.7,-19.24667,152.6009
33.15796,4.115805,-26.71455,190.4431,-5.401867,2.950784,0.1261017,0.04409705,-0.03198927,0.04864406,-0.9973294,-5.349488,2.965011,0.1246179,0.0490808,-0.1538988,0.9868669,22,-5.7,-0.7752692,21.17032,23,5.7,-19.00438,150.877
33.1814,4.77685,-28.57296,203.6664,-5.559743,2.942745,0.1269861,0.04619977,-0.03545862,0.05202231,-0.9969463,-5.51513,2.958562,0.1251762,0.04990631,-0.1528979,0.986981,22,-5.7,-0.4654267,18.96568,23,5.7,-18.69454,148.6723
33.19983,4.713433,-28.57296,203.6664,-5.631089,2.938568,0.1276254,0.04648585,-0.0369218,0.05350425,-0.9968015,-5.578548,2.958562,0.1251762,0.04990631,-0.1528979,0.986981,22,-5.7,-0.2209181,17.22591,23,5.7,-18.45003,146.9326
33.22314,8.440895,-37.53088,267.4052,-5.762273,2.929563,0.1285751,0.04699481,-0.04080367,0.05664061,-0.996453,-5.718388,2.950865,0.1262079,0.05230659,-0.1495459,0.9873703,22,-5.7,0.08623546,15.0404,23,5.7,-18.14288,144.747
33.2417,12.1869,-50.13798,357.1095,-5.81784,2.924936,0.1289277,0.04606179,-0.04252007,0.05713265,-0.9963967,-5.788718,2.941704,0.1273427,0.04974513,-0.146891,0.9879011,22,-5.7,0.3327363,13.28646,23,5.7,-17.89638,142.9931
33.2655,12.0994,-50.13784,357.1086,-5.916223,2.916152,0.1296345,0.04360806,-0.04572494,0.0578151,-0.9963258,-5.87617,2.941704,0.1273427,0.04974513,-0.146891,0.9879011,22,-5.7,0.6468006,11.05177,23,5.7,-17.58232,140.7584
33.28308,10.45946,-41.83827,298.054,-5.953714,2.912149,0.129932,0.04166238,-0.04690943,0.0580981,-0.9963375,-5.927682,2.931389,0.1283962,0.05431311,-0.1483834,0.9874373,22,-5.7,0.8783178,9.404441,23,5.7,-17.3508,139.1111
33.30676,6.667022,-28.76249,205.015,-6.016412,2.90432,0.1301474,0.03805734,-0.04972379,0.06039942,-0.9962084,-5.998373,2.920741,0.1293197,0.06097708,-0.1525378,0.9864147,22,-5.7,1.192212,7.170967,23,5.7,-17.0369,136.8776
33.32483,6.650081,-28.76247,205.0148,-6.035461,2.900824,0.1301472,0.03613146,-0.05076088,0.06155302,-0.9961572,-6.015306,2.920741,0.1293197,0.06097708,-0.1525378,0.9864147,22,-5.7,1.430447,5.475834,23,5.7,-16.79867,135.1825
33.34839,8.868664,-35.09348,250.0623,-6.056386,2.894613,0.1302131,0.03406233,-0.05224969,0.0628868,-0.9960698,-6.045439,2.910501,0.1299044,0.05889204,-0.1500682,0.9869201,22,-5.7,1.74321,3.250415,23,5.7,-16.4859,132.9571
33.36731,8.870105,-35.09343,250.0619,-6.054741,2.891709,0.1302061,0.0344763,-0.05247456,0.06387533,-0.9959808,-6.043977,2.910501,0.1299044,0.05889204,-0.1500682,0.9869201,22,-5.7,1.991937,1.48063,23,5.7,-16.23718,131.1873
33.39026,7.787747,-31.5952,225.1707,-6.037418,2.886072,0.1298475,0.03436252,-0.05279285,0.06632859,-0.9958076,-6.035828,2.901535,0.1302382,0.0606062,-0.1512428,0.986637,23,5.7,-15.93285,129.0219,24,-0.7,-34.02539,257.757
33.40857,5.070451,-26.94826,192.1061,-6.015234,2.883685,0.1294427,0.03369201,-0.05264827,0.06752151,-0.995758,-6.019178,2.893767,0.1303201,0.0569875,-0.1533525,0.986527,23,5.7,-15.6906,127.2982,24,-0.7,-33.78314,256.0333
33.43262,5.121049,-26.94824,192.1059,-5.958302,2.879261,0.1286145,0.03201341,-0.05250228,0.06949181,-0.9956855,-5.968572,2.893767,0.1303201,0.0569875,-0.1533525,0.986527,23,5.7,-15.37232,125.0335,24,-0.7,-33.46486,253.7686
33.4502,3.571049,-22.95243,163.6742,-5.917363,2.877118,0.1279234,0.030705,-0.05220744,0.07041279,-0.9956775,-5.931064,2.886995,0.130049,0.05729503,-0.1558044,0.9861249,23,5.7,-15.13989,123.3797,24,-0.7,-33.23243,252.1148
33.47388,4.666497,-24.42461,174.1493,-5.821886,2.872801,0.1262442,0.02808657,-0.05231104,0.0728608,-0.9955733,-5.8409,2.881109,0.1292758,0.05954467,-0.1547396,0.9861593,23,5.7,-14.82706,121.1538,24,-0.7,-32.91961,249.889
33.49194,4.719265,-24.42462,174.1494,-5.76253,2.871077,0.1251827,0.02661822,-0.05288155,0.07466618,-0.9954497,-5.78814,2.881109,0.1292758,0.05954467,-0.1547396,0.9861593,23,5.7,-14.58888,119.459,24,-0.7,-32.68142,248.1942
33.51575,6.346294,-27.90654,198.9245,-5.627814,2.868418,0.1231028,0.02528675,-0.05391629,0.07679234,-0.9952671,-5.658957,2.875746,0.1278286,0.05957239,-0.1527478,0.9864681,23,5.7,-14.27381,117.2172,24,-0.7,-32.36635,245.9523
33.5343,6.418931,-27.90654,198.9245,-5.546097,2.867794,0.1220147,0.02538491,-0.05454864,0.07646072,-0.9952557,-5.58632,2.875746,0.1278286,0.05957239,-0.1527478,0.9864681,23,5.7,-14.02822,115.4697,24,-0.7,-32.12076,244.2049
33.5575,3.70375,-20.04031,142.9534,-5.369248,2.867551,0.1198115,0.02430189,-0.05598326,0.07579324,-0.995254,-5.415606,2.871114,0.1257629,0.06291781,-0.1580744,0.9854206,23,5.7,-13.72255,113.2948,24,-0.7,-31.8151,242.03
33.57568,12.58753,-36.84141,262.4996,-5.267314,2.868721,0.1187625,0.02352932,-0.057078,0.07520034,-0.9952555,-5.307178,2.867838,0.1231833,0.06728168,-0.1493014,0.9865,23,5.7,-13.48203,111.5834,24,-0.7,-31.57457,240.3185
33.59961,12.78067,-36.84136,262.4992,-5.05,2.872145,0.1169282,0.02171108,-0.05922958,0.07476908,-0.9952035,-5.11401,2.867838,0.1231833,0.06728168,-0.1493014,0.9865,23,5.7,-13.16486,109.3266,24,-0.7,-31.2574,238.0617
33.61707,12.85,-25.81997,185.2585,-4.929009,2.875298,0.1159637,0.02080022,-0.06054382,0.07474906,-0.9951454,-4.984282,2.867025,0.1206455,0.09476538,-0.152433,0.98376,23,5.7,-12.93423,107.6856,24,-0.7,-31.02677,236.4207
33.64099,12.39944,-23.78666,169.6101,-4.674362,2.881753,0.1136608,0.01798452,-0.06268747,0.07386997,-0.9951333,-4.731443,2.869284,0.1182487,0.09935081,-0.1545916,0.9829704,23,5.7,-12.61733,105.4308,24,-0.7,-30.70988,234.1659
33.65869,12.5219,-23.78666,169.6101,-4.536602,2.885516,0.1121079,0.01496176,-0.06378185,0.07301264,-0.995177,-4.608991,2.869284,0.1182487,0.09935081,-0.1545916,0.9829704,23,5.7,-12.38321,103.7649,24,-0.7,-30.47575,232.5
33.68274,9.411358,-19.30192,137.6995,-4.250686,2.894078,0.1088524,0.01031052,-0.06591858,0.07151504,-0.9952056,-4.324185,2.874794,0.1158081,0.09808663,-0.1583658,0.9824964,23,5.7,-12.06623,101.5094,24,-0.7,-30.15877,230.2446
33.70093,9.546412,-19.30192,137.6995,-4.098751,2.899037,0.1070491,0.009328543,-0.06674115,0.06988284,-0.9952764,-4.189132,2.874794,0.1158081,0.09808663,-0.1583658,0.9824964,23,5.7,-11.82567,99.79783,24,-0.7,-29.91822,228.533
33.72437,7.328549,-15.2337,108.7526,-3.788733,2.909042,0.1032502,0.009063119,-0.06814039,0.06623629,-0.9954334,-3.879028,2.882733,0.1128553,0.1012348,-0.1636406,0.981312,23,5.7,-11.51484,97.58617,24,-0.7,-29.60739,226.3213
33.74219,12.85,-23.24967,166.8704,-3.626633,2.914082,0.1011435,0.009991413,-0.06836832,0.06335989,-0.9955961,-3.697231,2.892828,0.1090556,0.09756211,-0.1541356,0.9832212,23,5.7,-11.27918,95.90933,24,-0.7,-29.37173,224.6445
33.7666,12.85,-22.78657,163.9163,-3.296865,2.923718,0.09684172,0.01060973,-0.06794364,0.05726472,-0.9959879,-3.404104,2.892828,0.1090556,0.09756211,-0.1541356,0.9832212,23,5.7,-10.9567,93.61473,24,-0.7,-29.04924,222.3499
33.78406,23.16542,-36.66683,261.2574,-3.125614,2.92819,0.09457655,0.01044036,-0.06699605,0.05420915,-0.9962249,-3.211421,2.904327,0.1046538,0.09936743,-0.1490734,0.9838207,23,5.7,-10.72664,91.97781,24,-0.7,-28.81919,220.713
33.80798,26.88284,-44.91855,319.9713,-2.776894,2.937422,0.09032077,0.009579608,-0.06442498,0.04904138,-0.9966708,-2.858388,2.916167,0.099563,0.09156971,-0.1472775,0.9848474,23,5.7,-10.41013,89.72569,24,-0.7,-28.50267,218.4608
33.82568,27.04118,-44.91848,319.9708,-2.598719,2.942285,0.08863104,0.009568298,-0.06235518,0.04645096,-0.9969266,-2.70001,2.916167,0.099563,0.09156971,-0.1472775,0.9848474,23,5.7,-10.17607,88.06029,24,-0.7,-28.26862,216.7954
33.84961,NaN,NaN,NaN,-2.238122,2.952025,0.08563487,0.01049027,-0.05849879,0.04278467,-0.9973151,-2.334659,2.927568,0.09440327,0.0906361,-0.1451897,0.9852436,23,5.7,-9.859194,85.8056,24,-0.7,-27.95174,214.5407
33.8678,NaN,NaN,NaN,-2.054142,2.956693,0.08439515,0.01104389,-0.05645293,0.04193202,-0.9974632,-2.171122,2.927568,0.09440327,0.0906361,-0.1451897,0.9852436,23,5.7,-9.619017,84.09665,24,-0.7,-27.71156,212.8318
33.89148,NaN,NaN,NaN,-1.685486,2.965562,0.08214262,0.0120935,-0.05315047,0.04115622,-0.9976648,-1.797132,2.938887,0.08983552,0.08845661,-0.1419934,0.9859073,23,5.7,-9.306045,81.86974,24,-0.7,-27.39859,210.6049
33.9093,23.07393,-38.68409,295.6962,-1.495685,2.969349,0.08080097,0.01216726,-0.05170044,0.04135869,-0.9977317,-1.580633,2.950265,0.08606815,0.08230698,-0.1389924,0.9868671,23,5.7,-9.07063,80.19467,24,-0.7,-27.16317,208.9298
33.93347,23.27234,-38.45554,294.0734,-1.120216,2.976796,0.07836922,0.01072779,-0.04859255,0.04038044,-0.9979445,-1.246883,2.950265,0.08606815,0.08230698,-0.1389924,0.9868671,23,5.7,-8.75026,77.91512,24,-0.7,-26.8428,206.6502
33.95105,22.84776,-37.76804,291.9425,-0.9337806,2.979453,0.07740851,0.01115579,-0.04733574,0.03945043,-0.9980373,-1.031522,2.961424,0.08276618,0.08076771,-0.1377606,0.9871669,23,5.7,-8.518879,76.26876,24,-0.7,-26.61142,205.0039
33.9751,23.01118,-38.76715,276.202,-0.5647926,2.984342,0.07533191,0.01224685,-0.04458645,0.03724495,-0.9982359,-0.6542231,2.970747,0.07997656,0.08444098,-0.1489259,0.9852364,23,5.7,-8.200817,74.00563,24,-0.7,-26.29336,202.7408
33.9928,23.17764,-38.76715,276.202,-0.3775339,2.986401,0.07402499,0.01126756,-0.04223713,0.03417122,-0.9984596,-0.4877709,2.970747,0.07997656,0.08444098,-0.1489259,0.9852364,23,5.7,-7.966553,72.33875,24,-0.7,-26.0591,201.0739
34.01685,22.93806,-40.39713,288.6769,-0.006201873,2.989871,0.07139216,0.009090471,-0.03767772,0.02844472,-0.9988437,-0.108301,2.97827,0.07741487,0.07872382,-0.1481656,0.9858243,23,5.7,-7.648352,70.07463,24,-0.7,-25.74089,198.8098
34.03479,22.92084,-40.05556,286.4031,0.1787004,2.991273,0.06975229,0.009445142,-0.03550684,0.02663324,-0.9989698,0.05605663,2.97827,0.07741487,0.07872382,-0.1481656,0.9858243,23,5.7,-7.411026,68.38596,24,-0.7,-25.50357,197.1211
34.05859,20.78395,-36.33516,258.8975,0.5482083,2.993232,0.06680171,0.01088815,-0.03044709,0.02295254,-0.9992136,0.4339603,2.984066,0.07447112,0.07749944,-0.1497406,0.9856833,23,5.7,-7.097363,66.15414,24,-0.7,-25.18991,194.8893
34.07666,17.41741,-32.47212,231.4105,0.7327291,2.993247,0.06541295,0.01240126,-0.02802177,0.02117404,-0.9993061,0.6473716,2.988387,0.07117534,0.07147094,-0.1511264,0.9859273,23,5.7,-6.858493,64.45449,24,-0.7,-24.95104,193.1896
34.10046,17.74361,-32.47215,231.4106,1.09969,2.99475,0.06315289,0.01385712,-0.02334397,0.01803193,-0.9994688,0.9735595,2.988387,0.07117534,0.07147094,-0.1511264,0.9859273,23,5.7,-6.542533,62.20632,24,-0.7,-24.63508,190.9415
34.11865,21.42465,-40.42548,288.0015,1.282055,2.995224,0.06231702,0.01664056,-0.02111978,0.01730965,-0.9994887,1.184878,2.991182,0.06797278,0.06934012,-0.1487427,0.9864419,23,5.7,-6.302475,60.49822,24,-0.7,-24.39502,189.2334
34.14209,17.57826,-31.6725,225.7209,1.640533,2.994996,0.06043564,0.02024373,-0.01629166,0.01529194,-0.9995454,1.552529,2.99291,0.06495237,0.07002268,-0.1514667,0.9859791,23,5.7,-5.992239,58.29078,24,-0.7,-24.08478,187.0259
34.16003,17.73538,-31.6725,225.7209,1.817285,2.995232,0.05973103,0.02102238,-0.01376823,0.01377344,-0.9995894,1.709641,2.99291,0.06495237,0.07002268,-0.1514667,0.9859791,23,5.7,-5.755692,56.60765,24,-0.7,-23.84823,185.3428
34.18396,25.09531,-45.53374,324.3487,2.171401,2.995236,0.05903691,0.02474926,-0.009561233,0.01039328,-0.999594,2.072682,2.993926,0.06220281,0.07004043,-0.1476331,0.986559,23,5.7,-5.439888,54.36058,24,-0.7,-23.53243,183.0957
34.20203,25.24902,-45.53375,324.3488,2.344324,2.995528,0.05946925,0.0259424,-0.007990434,0.008682769,-0.9995938,2.226392,2.993926,0.06220281,0.07004043,-0.1476331,0.986559,23,5.7,-5.199622,52.65101,24,-0.7,-23.29217,181.3862
34.22559,21.6597,-41.53602,295.9034,2.689494,2.994875,0.06014933,0.03274789,-0.003721431,0.005738641,-0.9994403,2.58096,2.994279,0.06027055,0.0636417,-0.1485415,0.9868562,23,5.7,-4.888998,50.4408,24,-0.7,-22.98154,179.1759
34.24341,16.83209,-34.54868,246.186,2.859212,2.99303,0.06087547,0.03418025,-0.001088127,0.003700394,-0.9994082,2.778941,2.994391,0.05958247,0.05635469,-0.1505519,0.9869946,23,5.7,-4.65241,48.75739,24,-0.7,-22.74495,177.4925
34.26758,17.13197,-34.54873,246.1863,3.196549,2.99148,0.06215523,0.03479131,0.003073327,0.001107913,-0.9993893,3.078796,2.994391,0.05958247,0.05635469,-0.1505519,0.9869946,23,5.7,-4.333861,46.4908,24,-0.7,-22.4264,175.226
34.28528,17.28383,-37.60113,267.9053,3.360356,2.990624,0.06330204,0.03420987,0.004278019,0.0007374818,-0.9994053,3.270604,2.993668,0.06005633,0.05165854,-0.1496493,0.9873888,23,5.7,-4.099504,44.82326,24,-0.7,-22.19205,173.5584
34.3092,12.85,-22.67281,165.7343,3.688031,2.987764,0.06557259,0.03490071,0.007439546,-0.001544931,-0.9993619,3.607115,2.991904,0.06137753,0.05504875,-0.1528538,0.9867145,23,5.7,-3.782895,42.57047,24,-0.7,-21.87544,171.3056
34.32703,12.85,-22.27703,163.1794,3.848389,2.985472,0.06687854,0.03494204,0.008510172,-0.002900927,-0.9993489,3.749655,2.991904,0.06137753,0.05504875,-0.1528538,0.9867145,23,5.7,-3.547016,40.89211,24,-0.7,-21.63956,169.6273
34.35095,9.943509,-14.02755,100.1704,4.160984,2.98156,0.0696767,0.03517037,0.01082083,-0.004657229,-0.9993119,4.071908,2.989363,0.06347644,0.05772737,-0.1673039,0.9842139,23,5.7,-3.23063,38.6409,24,-0.7,-21.32317,167.3761
34.36877,10.07815,-14.02755,100.1704,4.312449,2.979488,0.0713685,0.03591925,0.01138886,-0.004640634,-0.9992791,4.206543,2.989363,0.06347644,0.05772737,-0.1673039,0.9842139,23,5.7,-2.994906,36.96365,24,-0.7,-21.08745,165.6988
34.39282,10.16357,-14.94017,106.6641,4.606483,2.975149,0.07455104,0.0364683,0.01247256,-0.006085498,-0.9992385,4.511209,2.985583,0.06623685,0.05221956,-0.1656078,0.9848082,23,5.7,-2.678064,34.70919,24,-0.7,-20.77061,163.4443
34.41077,9.500278,-13.68495,97.73271,4.746525,2.97295,0.07609296,0.0368171,0.01310485,-0.007468003,-0.9992082,4.677408,2.980894,0.06950116,0.0486214,-0.1680155,0.9845846,23,5.7,-2.441051,33.02275,24,-0.7,-20.53359,161.7579
34.43469,9.740925,-13.68495,97.73271,5.017251,2.968691,0.0796037,0.03630385,0.01419782,-0.009795198,-0.999192,4.918054,2.980894,0.06950116,0.0486214,-0.1680155,0.9845846,23,5.7,-2.124275,30.76878,24,-0.7,-20.21682,159.5039
34.45239,9.441494,-13.18737,94.19219,5.145176,2.966678,0.08148555,0.03732489,0.014397,-0.01034336,-0.999146,5.071662,2.975846,0.07322252,0.04571111,-0.1690771,0.9845423,23,5.7,-1.889956,29.10152,24,-0.7,-19.9825,157.8367
34.47656,9.181119,-13.57323,96.93775,5.391612,2.961068,0.08534975,0.04089738,0.01472926,-0.01187944,-0.9989842,5.328342,2.970709,0.07726896,0.03917862,-0.1682343,0.9849682,23,5.7,-1.569792,26.82343,24,-0.7,-19.66234,155.5586
34.49426,9.283737,-13.57323,96.93779,5.507056,2.958606,0.08739348,0.04248199,0.01487425,-0.01331224,-0.9988979,5.43096,2.970709,0.07726896,0.03917862,-0.1682343,0.9849682,23,5.7,-1.336899,25.16631,24,-0.7,-19.42944,153.9014
34.51819,9.574556,-15.93532,113.7448,5.726224,2.9531,0.09153406,0.04542583,0.01559384,-0.01698356,-0.9987017,5.66084,2.965237,0.08163142,0.03394657,-0.1639387,0.9858862,23,5.7,-1.020778,22.91699,24,-0.7,-19.11332,151.6521
34.53601,9.664825,-15.93531,113.7448,5.82778,2.949648,0.09347287,0.04644975,0.01569343,-0.01801723,-0.9986349,5.751112,2.965237,0.08163142,0.03394657,-0.1639387,0.9858862,23,5.7,-0.7840251,21.23241,24,-0.7,-18.87657,149.9675
34.55981,3.511158,-32.57706,232.1572,6.019457,2.942308,0.09740417,0.04878432,0.01595897,-0.01870104,-0.9985068,5.953662,2.959291,0.0863688,-0.010403,-0.1513547,0.9884248,23,5.7,-0.4694208,18.99388,24,-0.7,-18.56196,147.729
34.57739,NaN,NaN,NaN,6.105394,2.938441,0.0995211,0.04969418,0.01611894,-0.01871428,-0.998459,6.059834,2.952417,0.09114122,-0.01630775,-0.1455131,0.9892219,23,5.7,-0.2377302,17.34532,24,-0.7,-18.33027,146.0805
34.60181,NaN,NaN,NaN,6.264176,2.931813,0.1038435,0.05209615,0.01683701,-0.02056029,-0.9982885,6.200973,2.952417,0.09114122,-0.01630775,-0.1455131,0.9892219,23,5.7,0.08578901,15.04336,24,-0.7,-18.00675,143.7785
34.61926,-0.3991438,-41.72118,297.2209,6.33021,2.928613,0.1058213,0.05480374,0.01760537,-0.02293913,-0.9980783,6.286387,2.944327,0.09593475,-0.02224523,-0.1486186,0.9886444,23,5.7,0.3157368,13.40719,24,-0.7,-17.77681,142.1423
34.64331,-3.078629,-46.04454,327.9831,6.44709,2.922451,0.1097468,0.0625525,0.02015167,-0.0263072,-0.9974914,6.413676,2.935841,0.1009268,-0.0286209,-0.1476841,0.9886204,23,5.7,0.6336244,11.14531,24,-0.7,-17.45892,139.8804
34.66101,-3.040146,-46.04454,327.9832,6.490383,2.919688,0.1113128,0.06399153,0.02112363,-0.02604499,-0.9973869,6.452158,2.935841,0.1009268,-0.0286209,-0.1476841,0.9886204,23,5.7,0.8684263,9.474605,24,-0.7,-17.22412,138.2097
34.68506,NaN,NaN,NaN,6.568905,2.91355,0.1143557,0.0634205,0.0238389,-0.02963497,-0.9972619,6.54141,2.927803,0.1058649,-0.03817097,-0.1430712,0.9889761,23,5.7,1.185664,7.217342,24,-0.7,-16.90688,135.9525
34.703,NaN,NaN,NaN,6.594516,2.910924,0.1158529,0.06199952,0.0250012,-0.03171352,-0.9972589,6.564176,2.927803,0.1058649,-0.03817097,-0.1430712,0.9889761,23,5.7,1.422948,5.528981,24,-0.7,-16.66959,134.2641
34.72668,-7.193902,-44.79037,319.0593,6.633842,2.904431,0.1185078,0.06030862,0.0258862,-0.03331221,-0.9972879,6.614138,2.920505,0.1102529,-0.04277673,-0.1478063,0.9880908,23,5.7,1.737142,3.293375,24,-0.7,-16.3554,132.0285
34.74475,0.7055851,-18.60297,132.7264,6.636327,2.901828,0.1197888,0.05937807,0.02572871,-0.03405154,-0.9973229,6.627138,2.913422,0.1141148,-0.04403399,-0.1600007,0.9861343,23,5.7,1.975815,1.595127,24,-0.7,-16.11673,130.3303
34.76843,0.6969587,-18.60296,132.7263,6.626618,2.898878,0.1216565,0.05635574,0.02777592,-0.03777379,-0.9973092,6.618507,2.913422,0.1141148,-0.04403399,-0.1600007,0.9861343,24,-0.7,-15.80346,128.1013,25,5.7,-33.89599,256.8363
34.78674,0.9192154,-16.56514,118.2263,6.60568,2.897983,0.122339,0.05544705,0.02893383,-0.03890922,-0.9972836,6.606418,2.906348,0.1178738,-0.04745754,-0.1624822,0.9855695,24,-0.7,-15.56162,126.3805,25,5.7,-33.65415,255.1155
34.8103,1.740214,-15.05228,107.4617,6.550545,2.895383,0.1232725,0.05351371,0.03161561,-0.04255948,-0.9971587,6.559377,2.900699,0.1205543,-0.04423737,-0.1647988,0.9853347,24,-0.7,-15.25114,124.1713,25,5.7,-33.34367,252.9064
34.82861,1.703371,-15.05228,107.4617,6.509097,2.894726,0.1236594,0.05225002,0.03343975,-0.04488286,-0.9970644,6.522534,2.900699,0.1205543,-0.04423737,-0.1647988,0.9853347,24,-0.7,-15.00836,122.4439,25,5.7,-33.10089,251.1789
34.85205,0.08426906,-19.06426,136.0086,6.413697,2.893728,0.1245917,0.05228655,0.03732485,-0.04742666,-0.9968068,6.43473,2.896877,0.1223636,-0.04608601,-0.1593745,0.9861419,24,-0.7,-14.69909,120.2432,25,5.7,-32.79161,248.9783
34.87024,0.5537487,-15.7225,112.2306,6.356403,2.893389,0.1252638,0.05253992,0.03941834,-0.04781692,-0.9966942,6.376106,2.894396,0.1237382,-0.05116704,-0.1636058,0.985198,24,-0.7,-14.45823,118.5295,25,5.7,-32.55076,247.2645
34.89404,0.4411417,-15.7225,112.2305,6.229718,2.891677,0.1259541,0.05256379,0.04290264,-0.04745349,-0.9965664,6.263497,2.894396,0.1237382,-0.05116704,-0.1636058,0.985198,24,-0.7,-14.14382,116.2923,25,5.7,-32.23635,245.0274
34.91199,-11.04444,-34.0211,242.4319,6.155497,2.890647,0.1261718,0.05099591,0.0440417,-0.04603912,-0.9966645,6.185698,2.892912,0.1250333,-0.0701246,-0.1502356,0.9861602,24,-0.7,-13.90538,114.5957,25,5.7,-31.99791,243.3308
34.93567,-11.1857,-34.0211,242.4319,5.996577,2.890887,0.1267751,0.04810164,0.04662707,-0.04594833,-0.996695,6.044436,2.892912,0.1250333,-0.0701246,-0.1502356,0.9861602,24,-0.7,-13.59356,112.377,25,5.7,-31.68609,241.112
34.95386,-12.85,-33.21909,238.0888,5.905201,2.892222,0.1274489,0.04796041,0.04726645,-0.04625,-0.9966578,5.94758,2.891263,0.1258415,-0.07786252,-0.1495748,0.9856799,24,-0.7,-13.35308,110.6659,25,5.7,-31.44561,239.4009
34.97729,-22.25232,-49.37683,351.6937,5.710296,2.89524,0.1288356,0.04940513,0.04675741,-0.04369844,-0.9967263,5.755272,2.890255,0.1265563,-0.07855539,-0.1465982,0.986072,24,-0.7,-13.04311,108.4603,25,5.7,-31.13563,237.1954
34.99585,-22.34528,-49.37683,351.6937,5.605712,2.89689,0.1294263,0.0489885,0.04589001,-0.04311979,-0.9968124,5.662308,2.890255,0.1265563,-0.07855539,-0.1465982,0.986072,24,-0.7,-12.79674,106.7074,25,5.7,-30.88927,235.4424
35.01904,NaN,NaN,NaN,5.387476,2.901721,0.1299478,0.04467759,0.04781047,-0.04696246,-0.9967511,5.445879,2.89134,0.1279566,-0.07339489,-0.1430841,0.9869854,24,-0.7,-12.49037,104.5274,25,5.7,-30.5829,233.2625
35.03748,-20.85063,-49.91656,355.5341,5.268978,2.905193,0.1299446,0.03996329,0.0490443,-0.04819117,-0.9968327,5.314722,2.894736,0.1292421,-0.07262935,-0.1465928,0.986527,24,-0.7,-12.2475,102.7993,25,5.7,-30.34003,231.5343
35.06079,-21.06954,-49.91663,355.5345,5.022748,2.913083,0.1297612,0.03389264,0.05099976,-0.04596613,-0.9970645,5.095851,2.894736,0.1292421,-0.07262935,-0.1465928,0.986527,24,-0.7,-11.93796,100.5968,25,5.7,-30.03049,229.3319
35.07935,-12.85,-34.8042,250.9779,4.893183,2.917435,0.1295502,0.03268916,0.05252098,-0.04327994,-0.9971459,4.951858,2.900387,0.1298856,-0.07000621,-0.1482742,0.9864654,24,-0.7,-11.69365,98.85848,25,5.7,-29.78618,227.5935
35.10254,-12.85,-34.30343,247.6462,4.627193,2.926708,0.1290042,0.03197972,0.05531556,-0.03748978,-0.9972523,4.715423,2.900387,0.1298856,-0.07000621,-0.1482742,0.9864654,24,-0.7,-11.38605,96.66975,25,5.7,-29.47857,225.4048
35.12109,-2.640369,-13.48656,96.32129,4.49084,2.93115,0.1286438,0.03293961,0.05641352,-0.03437984,-0.9972716,4.562661,2.908463,0.1299576,-0.07361747,-0.1675629,0.9831089,24,-0.7,-11.14178,94.93169,25,5.7,-29.2343,223.6667
35.14441,-1.883514,-11.80499,84.35604,4.213627,2.939899,0.1273914,0.03320764,0.05742493,-0.02891266,-0.9973784,4.282408,2.918316,0.1296692,-0.07192627,-0.1717492,0.9825115,24,-0.7,-10.8325,92.73105,25,5.7,-28.92502,221.4661
35.16272,-2.008389,-11.80498,84.35601,4.07314,2.943477,0.1265252,0.03286934,0.05706539,-0.02733022,-0.9974549,4.157531,2.918316,0.1296692,-0.07192627,-0.1717492,0.9825115,24,-0.7,-10.59164,91.0173,25,5.7,-28.68417,219.7523
35.18616,-3.186741,-11.08427,79.22786,3.789977,2.951039,0.1248577,0.03121103,0.05599213,-0.02511873,-0.9976271,3.870084,2.929105,0.1287402,-0.08750999,-0.1737765,0.9808893,24,-0.7,-10.28116,88.80807,25,5.7,-28.37368,217.5431
35.20447,NaN,NaN,NaN,3.643985,2.955446,0.1241426,0.03044687,0.05423027,-0.02300651,-0.997799,3.703433,2.939283,0.1272218,-0.07129508,-0.1417272,0.987335,24,-0.7,-10.0392,87.08648,25,5.7,-28.13173,215.8215
35.22791,NaN,NaN,NaN,3.355291,2.96371,0.1228398,0.03109734,0.05127546,-0.01930998,-0.9980136,3.446816,2.939283,0.1272218,-0.07129508,-0.1417272,0.987335,24,-0.7,-9.728592,84.87637,25,5.7,-27.82112,213.6114
35.24609,NaN,NaN,NaN,3.212351,2.967281,0.1221638,0.0317527,0.04945535,-0.01832545,-0.9981033,3.28215,2.94889,0.1253783,-0.07001965,-0.1438199,0.9871237,24,-0.7,-9.488342,83.1669,25,5.7,-27.58087,211.9019
35.26978,-12.85,-33.39137,240.83,2.920934,2.974176,0.1208293,0.03208195,0.0456782,-0.01551086,-0.9983205,2.985028,2.958422,0.1236129,-0.06491095,-0.1490051,0.9867036,24,-0.7,-9.176168,80.94566,25,5.7,-27.2687,209.6807
35.28784,-12.85,-33.09274,238.8525,2.774584,2.977468,0.1202306,0.03173951,0.04335711,-0.01400525,-0.9984572,2.85494,2.958422,0.1236129,-0.06491095,-0.1490051,0.9867036,24,-0.7,-8.93612,79.23763,25,5.7,-27.02865,207.9727
35.31152,-9.855499,-29.47071,210.0543,2.483139,2.983752,0.1192676,0.03208994,0.03933856,-0.01137275,-0.9986458,2.557214,2.96751,0.1219862,-0.05833424,-0.1524453,0.9865889,24,-0.7,-8.624204,77.01823,25,5.7,-26.71673,205.7533
35.32971,-9.985588,-29.47074,210.0544,2.3368,2.986789,0.1189336,0.03231025,0.03713975,-0.00921395,-0.9987452,2.427134,2.96751,0.1219862,-0.05833424,-0.1524453,0.9865889,24,-0.7,-8.383906,75.30843,25,5.7,-26.47643,204.0435
35.35327,-8.022187,-27.80545,198.2053,2.048141,2.991776,0.1183356,0.03401458,0.03312567,-0.004945114,-0.99886,2.13174,2.975776,0.1205306,-0.05058773,-0.1533547,0.9868755,24,-0.7,-8.072245,73.09084,25,5.7,-26.16477,201.8259
35.37122,-6.746853,-28.50497,203.1827,1.902986,2.993606,0.1182398,0.03460017,0.03126418,-0.00239216,-0.9989092,1.964077,2.98322,0.1194068,-0.04235293,-0.153097,0.9873031,24,-0.7,-7.83382,71.39436,25,5.7,-25.92635,200.1294
35.39514,-7.002715,-28.50497,203.1827,1.615142,2.99697,0.1180046,0.03552477,0.02766845,0.002001434,-0.9989838,1.708215,2.98322,0.1194068,-0.04235293,-0.153097,0.9873031,24,-0.7,-7.517906,69.14651,25,5.7,-25.61043,197.8815
35.41309,-4.470157,-23.8772,170.2544,1.473243,2.997602,0.1179044,0.03551434,0.02616867,0.003494796,-0.9990205,1.543379,2.989435,0.1186539,-0.03489163,-0.1558852,0.9871588,24,-0.7,-7.281322,67.46313,25,5.7,-25.37385,196.1982
35.43726,-4.769635,-25.74648,183.555,1.190181,2.998582,0.1177465,0.03480814,0.02257229,0.007122917,-0.9991137,1.253319,2.994017,0.1182247,-0.03242116,-0.1547082,0.9874281,24,-0.7,-6.961081,65.18449,25,5.7,-25.05361,193.9195
35.45483,-4.894308,-25.74648,183.555,1.049924,2.998692,0.1178571,0.03452777,0.02065343,0.009159244,-0.9991484,1.128646,2.994017,0.1182247,-0.03242116,-0.1547082,0.9874281,24,-0.7,-6.729564,63.53717,25,5.7,-24.82209,192.2722
35.47864,-5.495658,-27.30791,194.6651,0.7766476,2.998444,0.1178177,0.03482512,0.01689056,0.01230601,-0.9991749,0.8478306,2.996579,0.1178571,-0.03220117,-0.1538334,0.987572,24,-0.7,-6.414647,61.29642,25,5.7,-24.50717,190.0314
35.49658,-5.616652,-27.30792,194.6652,0.6405334,2.998266,0.1181924,0.03428242,0.01482343,0.01348527,-0.9992113,0.7268401,2.996579,0.1178571,-0.03220117,-0.1538334,0.987572,24,-0.7,-6.176743,59.60365,25,5.7,-24.26927,188.3387
35.52051,-3.995765,-20.93177,149.2967,0.3713486,2.995514,0.1188354,0.0360988,0.01062222,0.01694997,-0.9991481,0.450445,2.997422,0.1174879,-0.02941556,-0.1583125,0.9869508,24,-0.7,-5.859993,57.34986,25,5.7,-23.95252,186.0849
35.53821,-2.377909,-16.2923,116.2851,0.2380288,2.99422,0.1193976,0.03398849,0.008344717,0.01824909,-0.9992208,0.2951249,2.99712,0.1180048,-0.02269359,-0.1637638,0.9862385,24,-0.7,-5.625833,55.68372,25,5.7,-23.71836,184.4187
35.56213,-2.609951,-16.2923,116.2852,-0.02301687,2.992699,0.1206684,0.03365498,0.003901675,0.02131629,-0.9991986,0.06308433,2.99712,0.1180048,-0.02269359,-0.1637638,0.9862385,24,-0.7,-5.309551,53.43326,25,5.7,-23.40208,182.1683
35.57996,-1.667922,-13.75696,98.24526,-0.1511259,2.990383,0.1215185,0.03361428,0.001311369,0.02198366,-0.9991922,-0.08685566,2.995158,0.1189077,-0.01588076,-0.1682639,0.9856141,24,-0.7,-5.073792,51.75574,25,5.7,-23.16632,180.4908
35.60388,-1.801778,-14.87717,106.216,-0.3990594,2.986836,0.1227182,0.03111384,-0.002931982,0.02206034,-0.9992681,-0.3423617,2.99256,0.1201528,-0.01356333,-0.1660755,0.9860198,24,-0.7,-4.757962,49.50849,25,5.7,-22.85049,178.2435
35.62207,-1.910135,-14.87717,106.2159,-0.5209612,2.985221,0.1237156,0.0305498,-0.005083285,0.02197018,-0.9992788,-0.4507189,2.99256,0.1201528,-0.01356333,-0.1660755,0.9860198,24,-0.7,-4.518225,47.80268,25,5.7,-22.61075,176.5377
35.64563,-1.219503,-12.6048,90.04723,-0.7588566,2.981626,0.125826,0.03183613,-0.009073883,0.0226809,-0.9991946,-0.6962519,2.988846,0.1216905,-0.005733057,-0.1708536,0.9852797,24,-0.7,-4.205736,45.5792,25,5.7,-22.29826,174.3142
35.66382,-1.32141,-12.60482,90.04736,-0.8735015,2.978683,0.1269529,0.03308446,-0.01086932,0.02308677,-0.9991268,-0.7981585,2.988846,0.1216905,-0.005733057,-0.1708536,0.9852797,24,-0.7,-3.965423,43.86928,25,5.7,-22.05795,172.6043
35.6875,-1.468718,-12.21612,87.28161,-1.09648,2.973804,0.1293143,0.03269828,-0.01405875,0.02431719,-0.9990706,-1.029284,2.984627,0.123716,-0.004966776,-0.1718092,0.9851177,24,-0.7,-3.652676,41.64397,25,5.7,-21.7452,170.379
35.70544,-0.9909094,-12.65911,90.43364,-1.202224,2.971219,0.1305076,0.03374988,-0.01534811,0.02521318,-0.9989944,-1.154832,2.979581,0.1261317,0.001788542,-0.1706317,0.9853333,24,-0.7,-3.415156,39.95393,25,5.7,-21.50768,168.689
35.72925,-1.173747,-12.65911,90.43364,-1.407916,2.965107,0.1327656,0.03282491,-0.01769193,0.0263733,-0.9989565,-1.33767,2.979581,0.1261317,0.001788542,-0.1706317,0.9853333,24,-0.7,-3.101494,37.72211,25,5.7,-21.19402,166.4571
35.74719,-0.2028796,-18.39716,131.2619,-1.504706,2.961772,0.1338143,0.03127539,-0.01836532,0.02772807,-0.9989573,-1.453705,2.973799,0.1287475,0.009413973,-0.1608423,0.9869353,24,-0.7,-2.863426,36.02816,25,5.7,-20.95595,164.7632
35.771,3.956216,-21.07611,150.3236,-1.691929,2.953972,0.135804,0.02850935,-0.02046149,0.03184921,-0.9988765,-1.648304,2.967099,0.1315852,0.03682157,-0.1579634,0.9867582,24,-0.7,-2.548291,33.78587,25,5.7,-20.64082,162.5209
35.78918,3.87999,-21.07611,150.3236,-1.777683,2.950629,0.1366846,0.02575197,-0.02140275,0.03442459,-0.9988462,-1.72453,2.967099,0.1315852,0.03682157,-0.1579634,0.9867582,24,-0.7,-2.308766,32.08155,25,5.7,-20.40129,160.8166
35.81287,2.978009,-16.63908,118.7526,-1.940063,2.943862,0.138539,0.02347096,-0.02303813,0.03798016,-0.9987372,-1.895145,2.959149,0.1341957,0.04049984,-0.1628771,0.9858148,24,-0.7,-1.995616,29.85338,25,5.7,-20.08814,158.5884
35.83118,2.911807,-16.63909,118.7527,-2.014544,2.940095,0.1393086,0.0231481,-0.02373939,0.03967897,-0.9986622,-1.96135,2.959149,0.1341957,0.04049984,-0.1628771,0.9858148,24,-0.7,-1.753808,28.13282,25,5.7,-19.84633,156.8679
35.85461,4.08615,-21.08695,150.4007,-2.153227,2.932136,0.140522,0.0219443,-0.02476634,0.04342502,-0.9985086,-2.108737,2.950761,0.1365855,0.04067535,-0.1578306,0.9866281,24,-0.7,-1.443831,25.92722,25,5.7,-19.53636,154.6623
35.87268,8.055299,-32.56907,232.1002,-2.214746,2.927806,0.1410719,0.02228842,-0.02518393,0.04527767,-0.9984082,-2.185081,2.942165,0.1386871,0.04359697,-0.1511841,0.9875437,24,-0.7,-1.204247,24.22249,25,5.7,-19.29677,152.9575
35.89648,7.956054,-32.56907,232.1002,-2.326397,2.9201,0.1423662,0.02347489,-0.02548087,0.04787495,-0.9982523,-2.284326,2.942165,0.1386871,0.04359697,-0.1511841,0.9875437,24,-0.7,-0.889985,21.9864,25,5.7,-18.98251,150.7215
35.91467,7.222887,-26.12869,186.2746,-2.372835,2.916056,0.1430783,0.02551558,-0.02573638,0.04911133,-0.9981357,-2.344609,2.932849,0.1403348,0.05072039,-0.1540647,0.9867581,24,-0.7,-0.6488183,20.27041,25,5.7,-18.74134,149.0055
35.93811,8.542841,-28.49104,203.0836,-2.45252,2.907943,0.1443345,0.02674606,-0.0262398,0.05034095,-0.9980291,-2.431664,2.923306,0.1418486,0.0533645,-0.1527551,0.9868222,24,-0.7,-0.3397979,18.07162,25,5.7,-18.43232,146.8067
35.95654,8.517087,-28.49102,203.0834,-2.481485,2.904864,0.1449909,0.02523894,-0.02642284,0.05049851,-0.9980555,-2.45741,2.923306,0.1418486,0.0533645,-0.1527551,0.9868222,24,-0.7,-0.09499602,16.32976,25,5.7,-18.18752,145.0648
35.97986,10.12663,-31.20434,222.3897,-2.527857,2.899074,0.1466577,0.0246586,-0.02687756,0.05268502,-0.9979448,-2.511817,2.913699,0.1432463,0.05611974,-0.1514978,0.9868632,24,-0.7,0.2132895,14.1362,25,5.7,-17.87924,142.8712
35.99854,10.11358,-31.20439,222.39,-2.54256,2.896154,0.147859,0.02602884,-0.02769242,0.05612499,-0.9977002,-2.524886,2.913699,0.1432463,0.05611974,-0.1514978,0.9868632,24,-0.7,0.4592078,12.3864,25,5.7,-17.63332,141.1214
36.02161,9.695417,-29.99543,213.7878,-2.557937,2.890752,0.1503343,0.02862051,-0.02874776,0.06062996,-0.9973357,-2.548219,2.905095,0.1449127,0.05655053,-0.15196,0.9867676,24,-0.7,0.7652643,10.20869,25,5.7,-17.32726,138.9437
36.03992,9.371507,-29.04423,207.0197,-2.552592,2.88827,0.1516658,0.02974478,-0.02891499,0.06089477,-0.9972818,-2.549677,2.897672,0.147101,0.0568587,-0.1523486,0.9866899,24,-0.7,1.005981,8.495908,25,5.7,-17.08654,137.231
36.06348,9.390985,-29.04423,207.0197,-2.530681,2.883101,0.1539639,0.02936803,-0.03000109,0.06203952,-0.9971904,-2.5302,2.897672,0.147101,0.0568587,-0.1523486,0.9866899,24,-0.7,1.317864,6.276746,25,5.7,-16.77466,135.0118
36.08167,9.55339,-29.26769,208.6097,-2.507922,2.880952,0.1549919,0.0267203,-0.03120748,0.06266655,-0.9971886,-2.512689,2.891122,0.1498216,0.05711192,-0.1522162,0.9866957,24,-0.7,1.558977,4.561132,25,5.7,-16.53355,133.2962
36.1051,4.684163,-16.7706,119.6883,-2.446814,2.876806,0.1572102,0.02291929,-0.03361522,0.06314053,-0.9971751,-2.457372,2.88509,0.1526604,0.05885012,-0.1619736,0.9850387,24,-0.7,1.86818,2.361045,25,5.7,-16.22435,131.0961
36.12329,4.722095,-16.7706,119.6883,-2.404141,2.875076,0.158225,0.02068139,-0.03527285,0.06258005,-0.9972021,-2.419441,2.88509,0.1526604,0.05885012,-0.1619736,0.9850387,24,-0.7,2.109442,0.6443735,25,5.7,-15.98308,129.3794
36.14685,3.593457,-13.28442,94.88284,-2.306552,2.872322,0.1600004,0.01655251,-0.03839542,0.06204211,-0.9971974,-2.327654,2.879493,0.155408,0.0614996,-0.1678864,0.9838862,25,5.7,-15.67124,127.1605,26,-0.7,-33.76364,255.8946
36.16565,3.647648,-13.28443,94.8829,-2.245591,2.871371,0.160479,0.01485768,-0.03979972,0.06159431,-0.9971968,-2.273467,2.879493,0.155408,0.0614996,-0.1678864,0.9838862,25,5.7,-15.42333,125.3966,26,-0.7,-33.51573,254.1306
36.1886,3.878583,-12.38842,88.50758,-2.111028,2.871033,0.1611958,0.01160247,-0.04278018,0.06106424,-0.9971492,-2.144716,2.874856,0.157927,0.06702943,-0.1698552,0.9831868,25,5.7,-15.12047,123.2416,26,-0.7,-33.21287,251.9757
36.20667,7.561758,-17.94996,128.0799,-2.032343,2.87221,0.1613974,0.01073025,-0.04468757,0.061459,-0.9970511,-2.06163,2.871534,0.1598511,0.07404865,-0.1602143,0.9843009,25,5.7,-14.88124,121.5394,26,-0.7,-32.97365,250.2735
36.23059,7.711921,-17.94995,128.0798,-1.863399,2.876542,0.1623945,0.009629863,-0.04765079,0.06075735,-0.9969681,-1.911458,2.871534,0.1598511,0.07404865,-0.1602143,0.9843009,25,5.7,-14.5646,119.2864,26,-0.7,-32.657,248.0205
36.24829,6.728868,-17.83145,127.2366,-1.768689,2.880227,0.1628789,0.0101269,-0.04943208,0.06067936,-0.9968812,-1.810348,2.870645,0.1610522,0.06617817,-0.1604394,0.9848247,25,5.7,-14.33066,117.6218,26,-0.7,-32.42306,246.3559
36.27222,9.018066,-24.53609,174.9426,-1.569933,2.888023,0.1634153,0.008324666,-0.05304265,0.05958154,-0.9967785,-1.613077,2.873546,0.1620623,0.05998302,-0.1546506,0.9861467,25,5.7,-14.01497,115.3755,26,-0.7,-32.10737,244.1096
36.29016,9.113376,-24.53611,174.9427,-1.462719,2.892586,0.1631129,0.005035695,-0.05494979,0.05997268,-0.9966737,-1.517776,2.873546,0.1620623,0.05998302,-0.1546506,0.9861467,25,5.7,-13.7765,113.6788,26,-0.7,-31.8689,242.4129
36.31409,10.29511,-25.0229,178.4064,-1.243433,2.902405,0.1619973,-0.0005931859,-0.05862557,0.05935979,-0.9965135,-1.298757,2.880427,0.1629316,0.06413016,-0.1543441,0.9859337,25,5.7,-13.46133,111.4362,26,-0.7,-31.55373,240.1703
36.33252,10.39742,-25.0229,178.4064,-1.128331,2.907993,0.1610393,-0.002902878,-0.05981728,0.05747747,-0.996549,-1.196444,2.880427,0.1629316,0.06413016,-0.1543441,0.9859337,25,5.7,-13.21708,109.6983,26,-0.7,-31.30948,238.4324
36.35583,18.97667,-41.82658,297.9709,-0.8911312,2.920151,0.1593694,-0.004128962,-0.06138823,0.05201043,-0.9967495,-0.9586804,2.890081,0.1629413,0.06605363,-0.1481639,0.9867545,25,5.7,-12.90823,107.5007,26,-0.7,-31.00064,236.2348
36.37366,9.067455,-23.11326,164.8187,-0.7671007,2.92682,0.1584967,-0.002198322,-0.06147401,0.04759714,-0.9969708,-0.8192617,2.901918,0.1618152,0.05920462,-0.1557867,0.9860148,25,5.7,-12.67379,105.8326,26,-0.7,-30.76619,234.5667
36.39771,9.289021,-23.11326,164.8187,-0.5178396,2.939053,0.1562268,0.0006881907,-0.06158649,0.03972414,-0.9973107,-0.5976963,2.901918,0.1618152,0.05920462,-0.1557867,0.9860148,25,5.7,-12.35481,103.5629,26,-0.7,-30.44721,232.297
36.41516,23.0415,-51.95992,370.0733,-0.3900393,2.944483,0.1549023,0.001072009,-0.06105918,0.0359108,-0.9974874,-0.453011,2.915807,0.1599607,0.06270236,-0.1464529,0.9872285,25,5.7,-12.12465,101.9253,26,-0.7,-30.21705,230.6593
36.43933,NaN,NaN,NaN,-0.1303322,2.954936,0.1521348,8.913828E-05,-0.05945289,0.02938967,-0.9977984,-0.1895125,2.930464,0.1575187,0.05862798,-0.1433936,0.9879277,25,5.7,-11.80571,99.65587,26,-0.7,-29.89811,228.39
36.45703,NaN,NaN,NaN,0.002473986,2.959767,0.1508502,-0.001159517,-0.05809803,0.0269115,-0.9979474,-0.07146259,2.930464,0.1575187,0.05862798,-0.1433936,0.9879277,25,5.7,-11.57062,97.98312,26,-0.7,-29.66302,226.7172
36.48096,12.85,-30.21096,217.4449,0.2699426,2.969491,0.1485912,-0.002871007,-0.05526223,0.02180044,-0.9982297,0.2000897,2.944247,0.1545701,0.05745546,-0.1505898,0.9869254,25,5.7,-11.25395,95.72987,26,-0.7,-29.34635,224.464
36.49927,12.85,-29.89537,215.3767,0.4054007,2.973777,0.147631,-0.002841303,-0.05341772,0.01942838,-0.9983792,0.3204969,2.944247,0.1545701,0.05745546,-0.1505898,0.9869254,25,5.7,-11.0124,94.01118,26,-0.7,-29.1048,222.7453
36.52319,10.50417,-24.79408,176.7782,0.6761026,2.98093,0.1455098,-0.00324862,-0.0494605,0.0144936,-0.9986657,0.5958113,2.956821,0.1515249,0.05533297,-0.1549742,0.9863677,25,5.7,-10.69576,91.75815,26,-0.7,-28.78816,220.4922
36.54053,7.942728,-19.85911,141.6642,0.8108006,2.983354,0.1443526,-0.003727752,-0.04708385,0.01221589,-0.9988093,0.7510287,2.968129,0.1487408,0.05010762,-0.1590471,0.9859986,25,5.7,-10.46668,90.12817,26,-0.7,-28.55908,218.8623
36.56494,8.180553,-19.85911,141.6642,1.078354,2.98704,0.1420441,-0.005556314,-0.0426011,0.008396977,-0.9990414,0.9888543,2.968129,0.1487408,0.05010762,-0.1590471,0.9859986,25,5.7,-10.14376,87.83044,26,-0.7,-28.23616,216.5645
36.58215,6.871568,-18.32778,130.7682,1.212084,2.988135,0.1411039,-0.00743611,-0.04065531,0.007493817,-0.9991175,1.143437,2.977129,0.1458932,0.04324022,-0.1608254,0.9860352,25,5.7,-9.916768,86.21533,26,-0.7,-28.00917,214.9494
36.6062,8.578954,-23.29013,166.0771,1.479069,2.99042,0.1394458,-0.008704158,-0.0372037,0.005376842,-0.9992554,1.416638,2.98344,0.1433213,0.04259389,-0.1562475,0.9867991,25,5.7,-9.598014,83.94728,26,-0.7,-27.69041,212.6814
36.62402,8.69863,-23.29013,166.0771,1.613704,2.990484,0.138774,-0.00742235,-0.0353759,0.003524119,-0.9993404,1.536314,2.98344,0.1433213,0.04259389,-0.1562475,0.9867991,25,5.7,-9.363639,82.27962,26,-0.7,-27.45604,211.0137
36.64807,8.349756,-21.34736,152.2536,1.879968,2.990842,0.1373917,-0.007004184,-0.03205295,0.0002100752,-0.9994617,1.808725,2.987327,0.1410435,0.04242309,-0.1578273,0.986555,25,5.7,-9.044823,80.01112,26,-0.7,-27.13722,208.7452
36.6665,8.465974,-21.34736,152.2536,2.010714,2.990706,0.136974,-0.006123914,-0.03080651,-0.0005191921,-0.9995065,1.924943,2.987327,0.1410435,0.04242309,-0.1578273,0.986555,25,5.7,-8.801974,78.28316,26,-0.7,-26.89437,207.0173
36.68982,8.922667,-22.97088,163.8055,2.27282,2.98911,0.1358921,-0.003513962,-0.02825229,-0.002746665,-0.9995909,2.19349,2.989334,0.1391269,0.04057408,-0.1565292,0.9868396,25,5.7,-8.493044,76.085,26,-0.7,-26.58544,204.8191
36.70776,8.388123,-23.61011,168.3539,2.402137,2.988319,0.1357084,-0.003500129,-0.02726232,-0.003988892,-0.9996143,2.34366,2.989925,0.1375638,0.03546933,-0.1560909,0.9871057,25,5.7,-8.255489,74.39471,26,-0.7,-26.34789,203.1288
36.73206,8.617688,-23.61011,168.3539,2.660396,2.987409,0.1354435,-0.001594155,-0.02473501,-0.006441463,-0.9996721,2.573224,2.989925,0.1375638,0.03546933,-0.1560909,0.9871057,25,5.7,-7.933927,72.10667,26,-0.7,-26.02632,200.8408
36.74951,8.180219,-24.52861,174.8894,2.787802,2.985703,0.1353872,0.0008780693,-0.02352309,-0.007971543,-0.9996911,2.721516,2.988745,0.1363544,0.03084178,-0.1554737,0.9873585,25,5.7,-7.704342,70.47309,26,-0.7,-25.79674,199.2072
36.77344,11.25474,-34.12537,243.1739,3.037713,2.984418,0.1353388,0.0008882156,-0.02124931,-0.009798275,-0.9997258,2.978256,2.987,0.1356882,0.03364495,-0.1508665,0.9879814,25,5.7,-7.387857,68.22119,26,-0.7,-25.48025,196.9553
36.79126,11.36395,-34.12542,243.1742,3.160565,2.983457,0.1353866,0.0003414925,-0.02039557,-0.01020991,-0.9997398,3.087458,2.987,0.1356882,0.03364495,-0.1508665,0.9879814,25,5.7,-7.151708,66.5409,26,-0.7,-25.2441,195.275
36.81506,10.54734,-29.98265,213.6969,3.404547,2.981778,0.1350888,-0.0009939183,-0.01842299,-0.01177941,-0.9997604,3.338223,2.984833,0.1353886,0.0333429,-0.152478,0.9877443,25,5.7,-6.836521,64.29823,26,-0.7,-24.92892,193.0323
36.83386,10.65441,-29.98265,213.6969,3.525004,2.980839,0.1349663,-0.001234617,-0.01728278,-0.0130304,-0.999765,3.445296,2.984833,0.1353886,0.0333429,-0.152478,0.9877443,25,5.7,-6.589356,62.53957,26,-0.7,-24.68175,191.2737
36.85693,9.668679,-24.35308,173.6404,3.761893,2.979454,0.1352166,0.000321241,-0.01430383,-0.01619152,-0.9997666,3.689062,2.982752,0.1352533,0.03402398,-0.1555407,0.9872434,25,5.7,-6.283644,60.36431,26,-0.7,-24.37604,189.0984
36.87512,8.932876,-22.7717,162.3883,3.878406,2.97862,0.1355338,0.004079868,-0.01259416,-0.01785234,-0.999753,3.825176,2.980695,0.1351389,0.03107562,-0.1566795,0.9871605,25,5.7,-6.043365,58.65463,26,-0.7,-24.13576,187.3887
36.89929,9.137502,-22.77171,162.3884,4.108607,2.97643,0.1363172,0.009899287,-0.009631968,-0.02052018,-0.999694,4.029799,2.980695,0.1351389,0.03107562,-0.1566795,0.9871605,25,5.7,-5.723485,56.37857,26,-0.7,-23.81588,185.1127
36.91699,10.78527,-31.90211,227.3545,4.222238,2.975034,0.1367949,0.01274282,-0.008466661,-0.02119934,-0.9996582,4.1626,2.978761,0.1353164,0.02879716,-0.1516716,0.9880114,25,5.7,-5.489916,54.71664,26,-0.7,-23.58231,183.4507
36.94043,NaN,NaN,NaN,4.447179,2.970891,0.1376739,0.01763425,-0.006160557,-0.02338385,-0.9995521,4.393518,2.976571,0.1360824,0.02293977,-0.1434138,0.9893969,25,5.7,-5.179517,52.50804,26,-0.7,-23.27191,181.2421
36.95837,NaN,NaN,NaN,4.557035,2.968626,0.1381785,0.01882546,-0.005212031,-0.02448951,-0.9995092,4.491168,2.976571,0.1360824,0.02293977,-0.1434138,0.9893969,25,5.7,-4.942531,50.82179,26,-0.7,-23.03493,179.5559
36.98206,9.981909,-33.08052,235.7394,4.770977,2.963915,0.1394611,0.02220463,-0.003446713,-0.02591735,-0.9994115,4.711779,2.97326,0.1369752,0.02210592,-0.1512302,0.9882514,25,5.7,-4.628952,48.59056,26,-0.7,-22.72135,177.3246
37.00085,10.07321,-33.08057,235.7397,4.873689,2.96092,0.1399761,0.02354494,-0.002398826,-0.0266359,-0.999365,4.803078,2.97326,0.1369752,0.02210592,-0.1512302,0.9882514,25,5.7,-4.381083,46.82688,26,-0.7,-22.47348,175.561
37.02405,8.21131,-24.40222,173.9901,5.070741,2.954834,0.1410075,0.02408032,-0.000621073,-0.02704487,-0.9993441,5.007882,2.968604,0.138103,0.01819894,-0.1554961,0.9876689,25,5.7,-4.074352,44.64438,26,-0.7,-22.16675,173.3785
37.04187,7.7037,-22.24017,158.6063,5.162298,2.952018,0.1415417,0.0239917,0.0002637878,-0.02736462,-0.9993376,5.117661,2.962815,0.1394113,0.01611445,-0.1570481,0.9874595,25,5.7,-3.838156,42.96375,26,-0.7,-21.93055,171.6978
37.06641,7.861274,-22.24015,158.6062,5.33957,2.947116,0.1430247,0.02437482,0.002535209,-0.02943269,-0.9992664,5.275236,2.962815,0.1394113,0.01611445,-0.1570481,0.9874595,25,5.7,-3.514225,40.65886,26,-0.7,-21.60662,169.393
37.0835,7.206198,-20.76839,148.134,5.421046,2.94469,0.1438521,0.02566949,0.003902994,-0.03061801,-0.9991939,5.374358,2.956105,0.1407347,0.01222089,-0.1582751,0.9873194,25,5.7,-3.287731,39.04728,26,-0.7,-21.38013,167.7814
37.10742,6.328254,-12.75927,91.1462,5.573426,2.939052,0.1451301,0.02746448,0.006311103,-0.03169851,-0.9991001,5.53466,2.949487,0.1422718,0.008593013,-0.1700944,0.9853903,25,5.7,-2.972092,36.80139,26,-0.7,-21.06449,165.5355
37.12537,6.388074,-12.75928,91.14624,5.640723,2.93652,0.1457396,0.02796616,0.007866785,-0.03224396,-0.9990578,5.59448,2.949487,0.1422718,0.008593013,-0.1700944,0.9853903,25,5.7,-2.735089,35.11502,26,-0.7,-20.82748,163.8491
37.14917,5.696827,-13.62811,97.32831,5.764131,2.931987,0.1477103,0.03069256,0.01071303,-0.03358727,-0.998907,5.726635,2.9431,0.143958,-0.000302365,-0.1680871,0.9857721,25,5.7,-2.419466,32.86925,26,-0.7,-20.51186,161.6033
37.16748,5.741924,-13.62816,97.32861,5.814864,2.929501,0.1486485,0.03267654,0.01187268,-0.03439974,-0.9988033,5.771731,2.9431,0.143958,-0.000302365,-0.1680871,0.9857721,25,5.7,-2.177104,31.14475,26,-0.7,-20.2695,159.8788
37.19104,5.550831,-13.87238,99.06631,5.904903,2.924725,0.1498513,0.0339858,0.01410898,-0.03581831,-0.9986807,5.871314,2.936955,0.1461606,-0.003194035,-0.1675259,0.9858625,25,5.7,-1.866855,28.93722,26,-0.7,-19.95925,157.6713
37.20898,4.534569,-16.99715,121.3002,5.938859,2.922556,0.1505412,0.03482712,0.01488128,-0.03600175,-0.9986339,5.918108,2.931099,0.1479485,-0.01126771,-0.1622978,0.9866775,25,5.7,-1.629759,27.25019,26,-0.7,-19.72215,155.9843
37.23328,4.583479,-16.99715,121.3002,5.993883,2.918394,0.1519981,0.03713478,0.01655638,-0.03835888,-0.9984366,5.967018,2.931099,0.1479485,-0.01126771,-0.1622978,0.9866775,25,5.7,-1.307695,24.95859,26,-0.7,-19.40009,153.6927
37.25061,4.662573,-14.31279,102.2,6.008407,2.916655,0.1525055,0.03789964,0.01754406,-0.04045754,-0.9983081,5.993082,2.925422,0.1495645,-0.01285459,-0.1665452,0.9859501,25,5.7,-1.078057,23.32463,26,-0.7,-19.17045,152.0587
37.27466,4.453553,-16.8946,120.5706,6.023496,2.913143,0.1536078,0.0383947,0.01920057,-0.04227832,-0.9981832,6.015964,2.920222,0.1512378,-0.01280155,-0.1623518,0.9866499,25,5.7,-0.7604818,21.06496,26,-0.7,-18.85288,149.7991
37.29248,4.449159,-16.89461,120.5707,6.018554,2.911592,0.1539275,0.03804921,0.01966166,-0.0423875,-0.9981829,6.011571,2.920222,0.1512378,-0.01280155,-0.1623518,0.9866499,25,5.7,-0.5256317,19.39392,26,-0.7,-18.61803,148.128
37.31653,4.718146,-11.7977,84.30421,5.994247,2.909399,0.1545869,0.03762161,0.02065302,-0.04421839,-0.9980996,5.995445,2.915633,0.1527928,-0.0149501,-0.1722115,0.9849465,25,5.7,-0.2070155,17.12685,26,-0.7,-18.29941,145.8609
37.33459,4.695185,-11.7977,84.30426,5.968416,2.90874,0.1547306,0.03782377,0.02084921,-0.04483874,-0.9980602,5.972485,2.915633,0.1527928,-0.0149501,-0.1722115,0.9849465,25,5.7,0.03201172,15.42608,26,-0.7,-18.06038,144.1602
37.35828,4.565999,-11.19258,79.99854,5.89867,2.907186,0.1545145,0.03781793,0.02109464,-0.04481744,-0.9980562,5.911755,2.911619,0.1538702,-0.01659544,-0.1739283,0.9846184,25,5.7,0.3450645,13.19859,26,-0.7,-17.74733,141.9327
37.37585,3.982462,-10.95229,78.2888,5.850119,2.906704,0.1542475,0.03726042,0.02109567,-0.04415066,-0.998107,5.865578,2.908727,0.1545579,-0.02372384,-0.1746235,0.9843494,25,5.7,0.5772215,11.54671,26,-0.7,-17.51517,140.2808
37.40015,3.883348,-10.9523,78.28888,5.738617,2.906871,0.1542075,0.03730558,0.02128037,-0.0444514,-0.9980879,5.766465,2.908727,0.1545579,-0.02372384,-0.1746235,0.9843494,25,5.7,0.8986567,9.259581,26,-0.7,-17.19374,137.9937
37.41772,4.079181,-9.689925,69.30667,5.669631,2.90801,0.1542389,0.03818041,0.02171057,-0.04558596,-0.9979945,5.697505,2.906715,0.1548871,-0.02301754,-0.1791628,0.9835502,25,5.7,1.13041,7.610569,26,-0.7,-16.96198,136.3447
37.44177,3.966804,-9.292526,66.47903,5.517045,2.911057,0.1540774,0.03953401,0.02212131,-0.04630923,-0.9978994,5.549699,2.905996,0.1547543,-0.02346585,-0.1808386,0.9832328,25,5.7,1.448204,5.349348,26,-0.7,-16.64419,134.0834
37.45959,3.889105,-9.292526,66.47903,5.429633,2.91306,0.1538302,0.03938396,0.02247881,-0.04619424,-0.9979026,5.472,2.905996,0.1547543,-0.02346585,-0.1808386,0.9832328,25,5.7,1.684307,3.66939,26,-0.7,-16.40808,132.4035
37.48352,4.31327,-7.467667,53.49448,5.243568,2.918103,0.1533071,0.03709521,0.02330317,-0.04594814,-0.9979828,5.289957,2.90749,0.1544268,-0.01797085,-0.1909005,0.9814449,25,5.7,2.000012,1.42303,26,-0.7,-16.09238,130.1571
37.50159,4.222378,-7.467664,53.49446,5.141315,2.921412,0.1530593,0.03600303,0.02376958,-0.04487823,-0.9980605,5.199065,2.90749,0.1544268,-0.01797085,-0.1909005,0.9814449,26,-0.7,-15.8531,128.4545,27,5.7,-33.9455,257.1885
37.52527,3.957657,-7.398175,53.00002,4.92883,2.927988,0.1524941,0.0341509,0.02455974,-0.04147351,-0.9982537,4.989442,2.911173,0.1540416,-0.01915963,-0.1914383,0.9813176,26,-0.7,-15.54018,126.228,27,5.7,-33.63258,254.9619
37.54321,NaN,NaN,NaN,4.815093,2.931555,0.1519684,0.03335026,0.02469811,-0.03842363,-0.9983994,4.864107,2.916915,0.1536692,-0.0479706,-0.1359349,0.9895557,26,-0.7,-15.3026,124.5375,27,5.7,-33.39499,253.2715
37.56702,NaN,NaN,NaN,4.582804,2.939116,0.1507059,0.03244222,0.02537418,-0.03389076,-0.9985766,4.657628,2.916915,0.1536692,-0.0479706,-0.1359349,0.9895557,26,-0.7,-14.98719,122.2933,27,5.7,-33.07959,251.0272
37.58496,NaN,NaN,NaN,4.461935,2.942895,0.1498955,0.03265188,0.02541936,-0.03115954,-0.9986575,4.522799,2.924351,0.1528488,-0.05155537,-0.1396512,0.9888577,26,-0.7,-14.75104,120.613,27,5.7,-32.84344,249.347
37.60864,NaN,NaN,NaN,4.216728,2.950414,0.1479998,0.0329156,0.02529746,-0.02603803,-0.9987986,4.275059,2.932867,0.1516252,-0.05341077,-0.1423968,0.9883676,26,-0.7,-14.43719,118.3799,27,5.7,-32.52959,247.1138
37.62646,NaN,NaN,NaN,4.092112,2.953688,0.1468403,0.03292548,0.02490168,-0.02389869,-0.9988617,4.164289,2.932867,0.1516252,-0.05341077,-0.1423968,0.9883676,26,-0.7,-14.20093,116.6988,27,5.7,-32.29333,245.4327
37.65051,-11.54308,-48.77914,347.4409,3.839562,2.960059,0.1443699,0.03219318,0.02390539,-0.0201817,-0.998992,3.908371,2.941685,0.1499155,-0.04396349,-0.1471595,0.9881353,26,-0.7,-13.88407,114.4442,27,5.7,-31.97647,243.1781
37.66858,-11.65728,-48.77921,347.4413,3.711112,2.96324,0.1429059,0.03129795,0.023192,-0.0188145,-0.9990639,3.794193,2.941685,0.1499155,-0.04396349,-0.1471595,0.9881353,26,-0.7,-13.64557,112.7472,27,5.7,-31.73797,241.4811
37.69226,-10.95758,-46.24168,329.3859,3.453736,2.969861,0.1400338,0.03052425,0.02183023,-0.0166171,-0.9991574,3.532764,2.950237,0.1476092,-0.04348735,-0.1476312,0.988086,26,-0.7,-13.33229,110.5181,27,5.7,-31.42469,239.252
37.71021,-7.704406,-39.41796,280.8326,3.323204,2.972936,0.1384914,0.03076449,0.02070495,-0.01565627,-0.9991896,3.383143,2.958392,0.1446594,-0.03902895,-0.1491677,0.9880413,26,-0.7,-13.09507,108.8302,27,5.7,-31.18747,237.5641
37.73413,-7.934738,-39.41795,280.8325,3.064079,2.978601,0.1352196,0.03030103,0.01880362,-0.01401968,-0.9992656,3.152811,2.958392,0.1446594,-0.03902895,-0.1491677,0.9880413,26,-0.7,-12.77851,106.5777,27,5.7,-30.8709,235.3116
37.75195,-2.149657,-23.87152,170.214,2.935201,2.981258,0.1335874,0.02929609,0.01744137,-0.01339678,-0.9993288,3.004093,2.966211,0.1412961,-0.02991942,-0.155803,0.9873349,26,-0.7,-12.54253,104.8986,27,5.7,-30.63493,233.6325
37.77588,-2.218003,-22.64702,161.5012,2.67681,2.986014,0.130078,0.02812392,0.01480041,-0.01129493,-0.9994311,2.74015,2.973556,0.1377898,-0.03033252,-0.1567392,0.9871742,26,-0.7,-12.22686,102.6526,27,5.7,-30.31926,231.3865
37.79419,-2.332741,-22.64704,161.5013,2.547733,2.988315,0.1282589,0.02768535,0.01357071,-0.01061215,-0.9994683,2.625415,2.973556,0.1377898,-0.03033252,-0.1567392,0.9871742,26,-0.7,-11.98367,100.9221,27,5.7,-30.07606,229.656
37.81763,-0.8973902,-20.25642,144.4912,2.291667,2.991996,0.1245087,0.0286142,0.01132996,-0.009510279,-0.9994811,2.363302,2.98007,0.133764,-0.02229503,-0.1588799,0.9870461,26,-0.7,-11.67479,98.72438,27,5.7,-29.76719,227.4583
37.83557,-1.010761,-20.25641,144.4911,2.164124,2.99355,0.1226537,0.02939981,0.01033677,-0.008940346,-0.9994743,2.24993,2.98007,0.133764,-0.02229503,-0.1588799,0.9870461,26,-0.7,-11.43712,97.03322,27,5.7,-29.52952,225.7671
37.85925,-1.724725,-24.34918,173.6127,1.911028,2.9958,0.11879,0.03130061,0.007919715,-0.006643192,-0.9994566,1.990535,2.985755,0.1294701,-0.02114995,-0.1556103,0.9875921,26,-0.7,-11.12358,94.80231,27,5.7,-29.21598,223.5362
37.87732,-1.468364,-26.75653,190.7418,1.785575,2.996107,0.1168087,0.03204543,0.006553523,-0.005152579,-0.9994517,1.84488,2.990355,0.1250278,-0.0171713,-0.154167,0.9878956,26,-0.7,-10.88552,93.1084,27,5.7,-28.97792,221.8423
37.90112,-1.690225,-26.75655,190.7419,1.535984,2.996979,0.1128876,0.03284272,0.004003771,-0.002717625,-0.9994489,1.623021,2.990355,0.1250278,-0.0171713,-0.154167,0.9878956,26,-0.7,-10.56961,90.8606,27,5.7,-28.66201,219.5945
37.91895,-1.587129,-33.51036,238.7978,1.411892,2.997033,0.1110055,0.03337974,0.002831817,-0.002085231,-0.9994366,1.478963,2.993519,0.1204473,-0.0126975,-0.1511722,0.9884259,26,-0.7,-10.33489,89.19051,27,5.7,-28.4273,217.9244
37.94299,-2.469208,-37.47177,266.9847,1.16406,2.997754,0.1074871,0.03377902,0.0003384352,4.286342E-05,-0.9994293,1.225163,2.995306,0.1158106,-0.01368565,-0.1499087,0.9886051,26,-0.7,-10.01748,86.93199,27,5.7,-28.10988,215.6659
37.96082,-2.578562,-37.47172,266.9843,1.041031,2.997974,0.1059289,0.03416548,-0.0006727278,0.0006384873,-0.9994158,1.115804,2.995306,0.1158106,-0.01368565,-0.1499087,0.9886051,26,-0.7,-9.780877,85.24847,27,5.7,-27.87328,213.9824
37.98474,-2.468428,-41.25118,293.8766,0.7984973,2.998884,0.1027961,0.03556177,-0.002688721,0.002092604,-0.9993617,0.8670208,2.996214,0.1113013,-0.01122677,-0.1489321,0.9887837,26,-0.7,-9.465231,83.00253,27,5.7,-27.55763,211.7364
38.00244,-2.57534,-41.25123,293.877,0.6782262,2.997484,0.1013478,0.03691089,-0.003833316,0.003636231,-0.9993047,0.7601132,2.996214,0.1113013,-0.01122677,-0.1489321,0.9887837,26,-0.7,-9.230029,81.32899,27,5.7,-27.32243,210.0629
38.02649,-2.562691,-30.56841,217.8647,0.4377221,2.998251,0.0985378,0.03579196,-0.005416825,0.00491513,-0.9993325,0.5136066,2.997006,0.1071962,-0.01396091,-0.1523272,0.9882315,26,-0.7,-8.912812,79.07187,27,5.7,-27.00521,207.8058
38.04419,-1.316386,-22.32603,159.2172,0.3178689,2.999071,0.09729609,0.03740809,-0.005797476,0.005170715,-0.9992699,0.3746511,2.997092,0.1033694,-0.01049517,-0.1571642,0.9875167,26,-0.7,-8.679406,77.41109,27,5.7,-26.77181,206.145
38.06824,-1.529495,-22.32603,159.2172,0.07812088,2.998218,0.09460081,0.03984329,-0.006250061,0.006465482,-0.9991655,0.1615418,2.997092,0.1033694,-0.01049517,-0.1571642,0.9875167,26,-0.7,-8.360072,75.13892,27,5.7,-26.45247,203.8728
38.08594,-1.002189,-19.16695,136.7392,-0.04186439,2.998539,0.0930081,0.03900839,-0.006286524,0.007813837,-0.9991886,0.02270764,2.997243,0.09988332,-0.007403768,-0.1601123,0.987071,26,-0.7,-8.12676,73.47882,27,5.7,-26.21916,202.2127
38.10999,-0.935147,-20.31941,144.9394,-0.278595,2.9981,0.09026547,0.04054528,-0.006264262,0.008799695,-0.9991194,-0.2196897,2.997416,0.09660578,-0.0048767,-0.1589322,0.9872775,26,-0.7,-7.808102,71.21145,27,5.7,-25.9005,199.9454
38.12769,-1.040712,-20.31938,144.9392,-0.3973561,2.998262,0.08892773,0.04127863,-0.006035939,0.0088784,-0.99909,-0.3252551,2.997416,0.09660578,-0.0048767,-0.1589322,0.9872775,26,-0.7,-7.574347,69.5482,27,5.7,-25.66675,198.2821
38.15173,-1.229814,-19.95531,142.3486,-0.6348709,2.997852,0.08639351,0.04383367,-0.005798072,0.01088053,-0.9989628,-0.5682065,2.997421,0.09324706,-0.00459141,-0.1592869,0.9872216,26,-0.7,-7.256445,67.28621,27,5.7,-25.34884,196.0201
38.16943,-1.388457,-21.78779,155.3873,-0.7521045,2.997402,0.08508891,0.04416217,-0.005444296,0.01144485,-0.998944,-0.7040352,2.997225,0.08998883,-0.00435205,-0.1576011,0.9874933,26,-0.7,-7.022268,65.61995,27,5.7,-25.11467,194.3539
38.19348,-1.59653,-21.7878,155.3874,-0.986186,2.997074,0.08274649,0.04339533,-0.005211189,0.01285681,-0.9989617,-0.9121077,2.997225,0.08998883,-0.00435205,-0.1576011,0.9874933,26,-0.7,-6.705528,63.36623,27,5.7,-24.79793,192.1001
38.2113,-1.11705,-20.7194,147.7854,-1.102698,2.996547,0.08150567,0.04422969,-0.005419143,0.01479473,-0.9988972,-1.047145,2.99678,0.08687091,-0.0004673059,-0.1585407,0.9873523,26,-0.7,-6.469956,61.69005,27,5.7,-24.56236,190.424
38.23523,-1.321983,-20.7194,147.7854,-1.333247,2.994452,0.07932283,0.04333642,-0.006161436,0.01830265,-0.9988739,-1.252078,2.99678,0.08687091,-0.0004673059,-0.1585407,0.9873523,26,-0.7,-6.152781,59.43323,27,5.7,-24.24518,188.1671
38.25305,-1.517945,-22.22752,158.5162,-1.446985,2.99403,0.07840584,0.04201621,-0.00638406,0.01958829,-0.9989045,-1.384366,2.996155,0.08393478,-0.0008326413,-0.1572278,0.9875621,26,-0.7,-5.917726,57.76072,27,5.7,-24.01013,186.4946
38.2771,-1.59579,-26.09728,186.051,-1.674306,2.992516,0.07685032,0.04269908,-0.007473208,0.02278498,-0.9988002,-1.617337,2.994781,0.08117497,0.0001144698,-0.1545547,0.9879842,26,-0.7,-5.599773,55.49837,27,5.7,-23.69217,184.2323
38.29504,-1.69601,-26.09729,186.051,-1.787052,2.991073,0.07625981,0.04344244,-0.00858193,0.02488498,-0.9987091,-1.717556,2.994781,0.08117497,0.0001144698,-0.1545547,0.9879842,26,-0.7,-5.362422,53.80953,27,5.7,-23.45482,182.5434
38.31873,-1.666674,-25.18393,179.5521,-2.007721,2.989277,0.07525549,0.04386067,-0.01103305,0.0280849,-0.9985819,-1.944343,2.993012,0.07876098,0.001528412,-0.1550979,0.987898,26,-0.7,-5.048558,51.57627,27,5.7,-23.14096,180.3102
38.33667,-0.184987,-34.67013,247.0499,-2.117034,2.987751,0.0748983,0.04462459,-0.01274047,0.02958054,-0.9984845,-2.071686,2.990863,0.0768863,0.007551774,-0.1507434,0.9885441,26,-0.7,-4.811916,49.89247,27,5.7,-22.90432,178.6264
38.36047,-0.3761937,-34.67013,247.0499,-2.332142,2.984931,0.07439277,0.044501,-0.01556518,0.03152871,-0.9983904,-2.262892,2.990863,0.0768863,0.007551774,-0.1507434,0.9885441,26,-0.7,-4.497451,47.65494,27,5.7,-22.58985,176.3889
38.3783,0.972149,-40.24972,286.7508,-2.436345,2.983907,0.07441255,0.04415892,-0.01714609,0.03235393,-0.9983533,-2.385257,2.988385,0.07543468,0.01157977,-0.1491292,0.9887499,26,-0.7,-4.261199,45.97392,27,5.7,-22.3536,174.7078
38.40222,0.7920099,-40.24977,286.7512,-2.639007,2.98098,0.07450307,0.04402738,-0.0198157,0.03395186,-0.9982566,-2.565401,2.988385,0.07543468,0.01157977,-0.1491292,0.9887499,26,-0.7,-3.944862,43.72307,27,5.7,-22.03726,172.457
38.42017,1.839497,-49.64808,353.6237,-2.736441,2.978981,0.07452577,0.04325347,-0.02126324,0.03459558,-0.9982386,-2.6808,2.985341,0.07474673,0.01264511,-0.1472371,0.9890203,26,-0.7,-3.708003,42.03773,27,5.7,-21.8004,170.7716
38.44409,2.336286,-46.11464,328.4819,-2.925937,2.97567,0.07474846,0.04088783,-0.02406609,0.03618815,-0.9982182,-2.876999,2.982041,0.07457316,0.01569803,-0.147838,0.988887,26,-0.7,-3.391592,39.78634,27,5.7,-21.48399,168.5202
38.46216,2.256936,-46.11464,328.4819,-3.015206,2.974534,0.07506968,0.04051465,-0.02510761,0.03670987,-0.9981887,-2.956348,2.982041,0.07457316,0.01569803,-0.147838,0.988887,26,-0.7,-3.152865,38.08771,27,5.7,-21.24526,166.8216
38.4856,2.604916,-39.99982,284.9726,-3.187744,2.971247,0.07546084,0.04081292,-0.02710621,0.03764544,-0.9980894,-3.136239,2.978244,0.07465386,0.01992221,-0.1491369,0.9886159,26,-0.7,-2.842191,35.87715,27,5.7,-20.93459,164.6111
38.50378,5.299186,-46.96065,334.5016,-3.266749,2.969311,0.07549235,0.03978289,-0.02788875,0.03790742,-0.9980995,-3.231555,2.974565,0.07496214,0.02522084,-0.1476318,0.9887208,26,-0.7,-2.601841,34.16697,27,5.7,-20.69424,162.9009
38.52759,5.16464,-46.96065,334.5015,-3.418113,2.965798,0.07571962,0.03761003,-0.02953051,0.03873537,-0.9981048,-3.3661,2.974565,0.07496214,0.02522084,-0.1476318,0.9887208,26,-0.7,-2.287706,31.93178,27,5.7,-20.3801,160.6657
38.54565,4.50442,-37.18303,264.9301,-3.486331,2.963876,0.07578804,0.036736,-0.02997607,0.0388313,-0.9981203,-3.449821,2.970626,0.07540476,0.02968009,-0.1498275,0.9882666,26,-0.7,-2.04861,30.23053,27,5.7,-20.14101,158.9644
38.56934,6.669397,-46.37606,330.3419,-3.613579,2.960163,0.07591027,0.0355603,-0.03097681,0.03962747,-0.9981011,-3.58391,2.9664,0.0757302,0.03069032,-0.1476925,0.9885571,26,-0.7,-1.735986,28.00609,27,5.7,-19.82838,156.74
38.58752,6.619321,-46.37606,330.3419,-3.669914,2.958197,0.07596797,0.03548142,-0.03124231,0.04018192,-0.9980734,-3.633986,2.9664,0.0757302,0.03069032,-0.1476925,0.9885571,26,-0.7,-1.494807,26.29002,27,5.7,-19.58721,155.0239
38.61096,4.837186,-33.16722,236.3562,-3.771862,2.954511,0.07613107,0.03517417,-0.03130639,0.04040879,-0.9980731,-3.74338,2.961936,0.0758419,0.03587484,-0.1510539,0.9878743,26,-0.7,-1.184673,24.0833,27,5.7,-19.27707,152.8172
38.62915,4.801038,-33.16718,236.3558,-3.812516,2.952606,0.07623206,0.03497773,-0.03064128,0.0397534,-0.998127,-3.779517,2.961936,0.0758419,0.03587484,-0.1510539,0.9878743,26,-0.7,-0.9451227,22.37881,27,5.7,-19.03752,151.1127
38.65283,4.250127,-36.89297,262.8663,-3.883482,2.948676,0.07639647,0.03420082,-0.02977598,0.03966992,-0.9981834,-3.858657,2.957444,0.07601833,0.03049351,-0.1498597,0.988237,26,-0.7,-0.6315451,20.14759,27,5.7,-18.72395,148.8815
38.67114,4.247132,-30.75446,219.1885,-3.909704,2.946921,0.07661183,0.03365485,-0.02927518,0.04005363,-0.9982014,-3.895057,2.952965,0.07627511,0.0367031,-0.1519453,0.9877072,26,-0.7,-0.3892482,18.42356,27,5.7,-18.48165,147.1575
38.6947,4.213286,-30.75444,219.1883,-3.947775,2.943474,0.07700905,0.03303911,-0.02750645,0.03927418,-0.9983033,-3.928898,2.952965,0.07627511,0.0367031,-0.1519453,0.9877072,26,-0.7,-0.07734475,16.20425,27,5.7,-18.16975,144.9382
38.71252,5.63785,-24.1666,172.3135,-3.956547,2.941902,0.07727125,0.03244034,-0.0262117,0.03887987,-0.9983732,-3.946701,2.948463,0.07657516,0.05488759,-0.1552791,0.9863446,26,-0.7,0.1572836,14.53478,27,5.7,-17.93512,143.2687
38.73633,8.079165,-25.39968,181.0873,-3.960726,2.938324,0.07749765,0.03100074,-0.02425675,0.03909409,-0.99846,-3.957176,2.94422,0.07705426,0.0655535,-0.1543694,0.9858361,26,-0.7,0.472631,12.29097,27,5.7,-17.61977,141.0249
38.75439,8.08821,-25.39968,181.0873,-3.95055,2.936461,0.07746411,0.02939372,-0.02313068,0.03943483,-0.9985219,-3.948131,2.94422,0.07705426,0.0655535,-0.1543694,0.9858361,26,-0.7,0.7112925,10.5928,27,5.7,-17.38111,139.3267
38.77808,5.724648,-21.27512,151.7395,-3.918116,2.93283,0.07734071,0.02612075,-0.02124327,0.04083407,-0.9985986,-3.922257,2.940031,0.07740176,0.06268875,-0.157358,0.9855499,26,-0.7,1.02476,8.362362,27,5.7,-17.06764,137.0963
38.79639,5.748966,-21.2751,151.7394,-3.890752,2.930876,0.07718036,0.02470368,-0.02039303,0.04194224,-0.9986064,-3.897933,2.940031,0.07740176,0.06268875,-0.157358,0.9855499,26,-0.7,1.266642,6.641285,27,5.7,-16.82576,135.3752
38.81995,3.768535,-16.04488,114.5244,-3.82252,2.927616,0.07688576,0.02283375,-0.01826353,0.04342884,-0.9986286,-3.836489,2.935736,0.07752264,0.06541438,-0.1632613,0.9844119,26,-0.7,1.577973,4.426048,27,5.7,-16.51443,133.1599
38.83789,12.85,-33.74092,243.5582,-3.778074,2.926176,0.0766281,0.02384298,-0.01728351,0.04475648,-0.9985638,-3.792439,2.931347,0.07723379,0.06743592,-0.1485977,0.9865957,26,-0.7,1.815574,2.735433,27,5.7,-16.27683,131.4693
38.86157,12.85,-33.54254,242.241,-3.67679,2.922966,0.0764133,0.02651621,-0.01551366,0.04692887,-0.9984257,-3.702409,2.931347,0.07723379,0.06743592,-0.1485977,0.9865957,26,-0.7,2.128976,0.5054619,27,5.7,-15.96342,129.2394
38.87964,12.85,-29.80877,215.5555,-3.614825,2.921833,0.07645531,0.02754754,-0.01489606,0.04755569,-0.9983776,-3.639075,2.927253,0.0767839,0.0754393,-0.1497708,0.9858385,27,5.7,-15.72466,127.5405,28,-5.7,-34.3971,260.4018
38.90344,20.59741,-46.90308,334.0921,-3.47973,2.920511,0.07687193,0.02866403,-0.01411723,0.04876123,-0.9982993,-3.507029,2.923582,0.07662153,0.07119471,-0.1471677,0.986546,27,5.7,-15.41026,125.3034,28,-5.7,-34.0827,258.1648
38.92188,20.66756,-46.90309,334.0921,-3.400813,2.920574,0.07734887,0.02924447,-0.01411556,0.04868927,-0.998286,-3.43688,2.923582,0.07662153,0.07119471,-0.1471677,0.986546,27,5.7,-15.16697,123.5723,28,-5.7,-33.83941,256.4336
38.94519,NaN,NaN,NaN,-3.233022,2.921448,0.07856785,0.02949686,-0.01422764,0.04861035,-0.9982808,-3.27218,2.920907,0.07677031,0.07061341,-0.1402229,0.9875987,27,5.7,-14.85828,121.3759,28,-5.7,-33.53073,254.2372
38.96338,NaN,NaN,NaN,-3.138638,2.922465,0.07913522,0.0287093,-0.0145533,0.0488654,-0.9982867,-3.188283,2.920907,0.07677031,0.07061341,-0.1402229,0.9875987,27,5.7,-14.61764,119.6636,28,-5.7,-33.29008,252.525
38.98694,24.21404,-49.43139,373.4538,-2.941761,2.924754,0.08031361,0.02574353,-0.01508699,0.05001271,-0.9983028,-2.994179,2.919974,0.07748258,0.0719777,-0.1384924,0.9877445,27,5.7,-14.30628,117.4482,28,-5.7,-32.97873,250.3095
39.00488,NaN,NaN,NaN,-2.833296,2.926419,0.08090227,0.02370354,-0.01551683,0.05073238,-0.9983104,-2.875287,2.920866,0.07871759,0.07790683,-0.1424787,0.9867271,27,5.7,-14.06885,115.7588,28,-5.7,-32.7413,248.6201
39.02869,NaN,NaN,NaN,-2.607066,2.929823,0.08200474,0.02061451,-0.0162735,0.05107533,-0.9983494,-2.674193,2.920866,0.07871759,0.07790683,-0.1424787,0.9867271,27,5.7,-13.75399,113.5184,28,-5.7,-32.42643,246.3798
39.04675,21.63319,-42.72869,304.3896,-2.485361,2.931899,0.08243127,0.01904462,-0.01666737,0.05115184,-0.9983702,-2.540313,2.923356,0.08013368,0.07831687,-0.1479027,0.9858962,27,5.7,-13.5166,111.8293,28,-5.7,-32.18904,244.6906
39.07056,12.85,-26.14932,190.194,-2.23317,2.936275,0.08304594,0.01697251,-0.01751834,0.05192167,-0.9983532,-2.287353,2.927086,0.08142662,0.0784652,-0.150719,0.9854578,27,5.7,-13.20113,109.5846,28,-5.7,-31.87358,242.446
39.08862,12.85,-25.92093,188.7007,-2.099403,2.938514,0.08325052,0.01664302,-0.01802927,0.05261117,-0.9983137,-2.168449,2.927086,0.08142662,0.0784652,-0.150719,0.9854578,27,5.7,-12.962,107.8832,28,-5.7,-31.63445,240.7445
39.1123,21.05347,-39.96777,284.7446,-1.826592,2.943,0.0837291,0.01631257,-0.01890359,0.05397156,-0.9982302,-1.89426,2.931769,0.08238924,0.07946167,-0.1485494,0.9857073,27,5.7,-12.64966,105.6607,28,-5.7,-31.32211,238.5221
39.13037,21.18024,-39.96782,284.745,-1.684007,2.945309,0.08396116,0.01630199,-0.01933577,0.05438721,-0.9981996,-1.767518,2.931769,0.08238924,0.07946167,-0.1485494,0.9857073,27,5.7,-12.40959,103.9525,28,-5.7,-31.08203,236.8139
39.15417,17.63749,-32.63358,232.5591,-1.39249,2.950104,0.08442509,0.01564527,-0.02016438,0.05439973,-0.9981931,-1.474275,2.93691,0.08323586,0.08099692,-0.1507501,0.9852482,27,5.7,-12.09578,101.7197,28,-5.7,-30.76823,234.581
39.17224,22.39453,-42.84732,305.2337,-1.24138,2.9525,0.08462648,0.01520546,-0.02069296,0.05389653,-0.9982163,-1.303576,2.942358,0.08387601,0.07657521,-0.1479592,0.9860245,27,5.7,-11.85707,100.0212,28,-5.7,-30.52952,232.8825
39.19604,22.6683,-42.84737,305.2341,-0.9334298,2.957295,0.08503626,0.0143173,-0.02137718,0.05232474,-0.9982986,-1.029843,2.942358,0.08387601,0.07657521,-0.1479592,0.9860245,27,5.7,-11.54204,97.77961,28,-5.7,-30.21449,230.641
39.21387,22.64055,-42.00834,299.264,-0.7744538,2.960046,0.08532694,0.01338575,-0.02163853,0.0512515,-0.9983616,-0.8501074,2.948042,0.08433509,0.07741215,-0.1481513,0.9859303,27,5.7,-11.30577,96.09848,28,-5.7,-29.97822,228.9598
39.23767,20.50805,-37.24833,265.3948,-0.4531642,2.964898,0.08582386,0.01205984,-0.02230603,0.04906022,-0.9984739,-0.5243651,2.953842,0.08486342,0.07814045,-0.1493608,0.9856903,27,5.7,-10.9915,93.86233,28,-5.7,-29.66395,226.7237
39.25586,20.65442,-37.24833,265.3947,-0.2885003,2.967489,0.08594014,0.01018602,-0.02250397,0.04684349,-0.9985968,-0.3779972,2.953842,0.08486342,0.07814045,-0.1493608,0.9856903,27,5.7,-10.75043,92.14697,28,-5.7,-29.42287,225.0083
39.27954,16.63031,-32.54644,231.9391,0.04335409,2.972621,0.08624943,0.008059163,-0.02264446,0.04334736,-0.9987709,-0.04129785,2.959795,0.08546484,0.07089824,-0.150995,0.9859889,27,5.7,-10.43788,89.92308,28,-5.7,-29.11032,222.7844
39.29761,16.78096,-32.54647,231.9394,0.2128107,2.975078,0.08629426,0.007312659,-0.02232444,0.04131026,-0.9988702,0.1093303,2.959795,0.08546484,0.07089824,-0.150995,0.9859889,27,5.7,-10.19897,88.22315,28,-5.7,-28.87142,221.0845
39.32117,12.85,-24.54567,176.8955,0.5531284,2.9799,0.08621825,0.007059633,-0.02160047,0.03748653,-0.9990388,0.4549329,2.965818,0.08592057,0.06910489,-0.1533819,0.9857477,27,5.7,-9.888219,86.01206,28,-5.7,-28.56067,218.8734
39.33899,12.29099,-23.14151,165.0196,0.7254161,2.981695,0.08618797,0.007648675,-0.02069641,0.03526192,-0.9991345,0.6522701,2.971781,0.08601975,0.06952926,-0.1559998,0.9853069,27,5.7,-9.651534,84.32796,28,-5.7,-28.32398,217.1893
39.36279,12.59866,-23.1415,165.0195,1.071555,2.985737,0.08626264,0.008805139,-0.01862234,0.03095347,-0.9993086,0.9599488,2.971781,0.08601975,0.06952926,-0.1559998,0.9853069,27,5.7,-9.337265,82.09182,28,-5.7,-28.00971,214.9532
39.38086,12.64265,-26.93585,192.0177,1.246037,2.986843,0.08605286,0.01080406,-0.01712258,0.02912812,-0.9993706,1.160149,2.977437,0.08620417,0.0590094,-0.1537266,0.9863498,27,5.7,-9.097888,80.38857,28,-5.7,-27.77034,213.2499
39.40466,NaN,NaN,NaN,1.594968,2.990335,0.08623154,0.01164553,-0.01386268,0.02507872,-0.9995216,1.516093,2.98235,0.08626425,0.05667203,-0.1449501,0.9878146,27,5.7,-8.78406,78.15556,28,-5.7,-27.45651,211.0169
39.42285,NaN,NaN,NaN,1.770728,2.991722,0.08642407,0.01359195,-0.01186343,0.02355188,-0.9995598,1.672325,2.98235,0.08626425,0.05667203,-0.1449501,0.9878146,27,5.7,-8.54388,76.44659,28,-5.7,-27.21633,209.308
39.44653,NaN,NaN,NaN,2.118407,2.994184,0.0863217,0.01442016,-0.008227371,0.0212742,-0.9996359,2.027611,2.986613,0.08628166,0.05195869,-0.1408784,0.9886625,27,5.7,-8.230238,74.21491,28,-5.7,-26.90269,207.0763
39.46472,NaN,NaN,NaN,2.291312,2.99543,0.08637262,0.01433501,-0.006461202,0.0206239,-0.9996637,2.181305,2.986613,0.08628166,0.05195869,-0.1408784,0.9886625,27,5.7,-7.990163,72.50669,28,-5.7,-26.66261,205.3681
39.48804,12.85,-29.17538,211.6092,2.636185,2.997748,0.08668423,0.0152181,-0.002657518,0.01819172,-0.9997152,2.534294,2.990322,0.08635604,0.04815854,-0.1501646,0.9874874,27,5.7,-7.681032,70.30711,28,-5.7,-26.35348,203.1685
39.5061,12.85,-33.48085,239.6725,2.807522,2.9988,0.08692278,0.01650473,-0.0007333755,0.01678083,-0.9997228,2.732887,2.993353,0.08647597,0.04171014,-0.1503734,0.987749,27,5.7,-7.442046,68.60664,28,-5.7,-26.11449,201.468
39.52991,12.85,-32.39686,232.5522,3.145782,3.001022,0.0877474,0.01773536,0.002742901,0.01462419,-0.999732,3.033563,2.993353,0.08647597,0.04171014,-0.1503734,0.987749,27,5.7,-7.127491,66.36846,28,-5.7,-25.79994,199.2298
39.54785,12.85,-30.40652,219.3056,3.314198,3.001997,0.08834866,0.020523,0.004531562,0.01414428,-0.9996791,3.229234,2.996095,0.0867666,0.04334507,-0.150491,0.9876607,27,5.7,-6.890662,64.68333,28,-5.7,-25.56311,197.5447
39.57166,12.85,-32.54459,236.0245,3.644345,3.001995,0.08975435,0.02657599,0.007810115,0.01275834,-0.9995348,3.568105,2.998605,0.08749974,0.03887221,-0.1488535,0.9880949,27,5.7,-6.576098,62.4451,28,-5.7,-25.24854,195.3065
39.5896,12.87608,-32.09915,233.0677,3.804552,3.00264,0.09065069,0.02779378,0.008893535,0.01307835,-0.9994886,3.710511,2.998605,0.08749974,0.03887221,-0.1488535,0.9880949,27,5.7,-6.338678,60.75577,28,-5.7,-25.01113,193.6171
39.6134,NaN,NaN,NaN,4.123411,3.003639,0.09280941,0.03192569,0.011877,0.01282651,-0.9993374,4.038606,3.000392,0.08878028,0.03580458,-0.1408788,0.9893792,27,5.7,-6.02431,58.51892,28,-5.7,-24.69676,191.3803
39.63159,NaN,NaN,NaN,4.280711,3.003659,0.09393398,0.03298968,0.01357498,0.0117998,-0.9992939,4.178427,3.000392,0.08878028,0.03580458,-0.1408788,0.9893792,27,5.7,-5.783632,56.80641,28,-5.7,-24.45608,189.6678
39.65527,NaN,NaN,NaN,4.587367,3.003407,0.09603213,0.03493756,0.01584738,0.01183859,-0.9991938,4.494596,3.001632,0.09062934,0.03199268,-0.144678,0.9889615,27,5.7,-5.470872,54.58101,28,-5.7,-24.14332,187.4424
39.6731,12.85,-42.93675,309.2765,4.735997,3.002554,0.09694079,0.03419903,0.0165674,0.01268519,-0.9991972,4.669158,3.00242,0.09297502,0.02616322,-0.1469184,0.9888025,27,5.7,-5.234709,52.90063,28,-5.7,-23.90716,185.762
39.69702,12.85,-41.47712,299.4528,5.028419,3.002741,0.09913287,0.03260371,0.01831739,0.01344585,-0.9992101,4.929089,3.00242,0.09297502,0.02616322,-0.1469184,0.9888025,27,5.7,-4.918598,50.65137,28,-5.7,-23.59105,183.5127
39.71497,8.233017,-21.33704,152.1801,5.170925,3.002406,0.1005215,0.03310326,0.01899948,0.01291471,-0.9991879,5.096875,3.002333,0.09542084,0.02035768,-0.1579946,0.9872301,27,5.7,-4.68113,48.9617,28,-5.7,-23.35358,181.8231
39.73865,7.872555,-15.40298,109.9571,5.44915,3.001962,0.1030843,0.03390557,0.02066581,0.01134602,-0.9991469,5.383873,3.00186,0.09807122,0.02233645,-0.1651876,0.9860092,27,5.7,-4.368545,46.73755,28,-5.7,-23.04099,179.5989
39.75708,7.993128,-15.40298,109.9571,5.584796,3.001357,0.1044709,0.03528105,0.02174672,0.009915735,-0.9990916,5.504447,3.00186,0.09807122,0.02233645,-0.1651876,0.9860092,27,5.7,-4.124333,44.99989,28,-5.7,-22.79678,177.8613
39.78052,7.9501,-15.3788,109.785,5.847717,3.000548,0.107195,0.03616913,0.02377169,0.007665876,-0.9990335,5.77638,3.001295,0.1009887,0.01954173,-0.1652372,0.9860603,27,5.7,-3.814913,42.79824,28,-5.7,-22.48736,175.6596
39.79907,8.062754,-15.3788,109.785,5.974452,3.000468,0.108601,0.03669548,0.02468887,0.007111675,-0.9989962,5.889034,3.001295,0.1009887,0.01954173,-0.1652372,0.9860603,27,5.7,-3.568806,41.0471,28,-5.7,-22.24126,173.9085
39.82214,8.128831,-17.28344,123.3372,6.226007,2.99863,0.111456,0.03831714,0.02653351,0.004602853,-0.9989027,6.149208,3.0004,0.1041158,0.01584876,-0.1623916,0.9865991,27,5.7,-3.263642,38.87575,28,-5.7,-21.93609,171.7371
39.84045,1.564357,-36.36278,259.0939,6.348475,2.997527,0.1129137,0.03876129,0.02727883,0.002760635,-0.9988723,6.293162,2.999478,0.1074048,-0.01804865,-0.1502357,0.9884855,27,5.7,-3.02227,37.1583,28,-5.7,-21.69472,170.0197
39.86414,1.774937,-36.36273,259.0936,6.58537,2.995945,0.1161601,0.04065441,0.02830994,0.001054377,-0.9987716,6.503736,2.999478,0.1074048,-0.01804865,-0.1502357,0.9884855,27,5.7,-2.708556,34.92611,28,-5.7,-21.38101,167.7875
39.8822,-0.9013335,-49.7712,354.4998,6.700043,2.995311,0.1178752,0.04254082,0.02880566,0.0003871813,-0.9986793,6.639488,2.997912,0.1108178,-0.02104168,-0.1472453,0.9888762,27,5.7,-2.470223,33.23029,28,-5.7,-21.14268,166.0916
39.90576,NaN,NaN,NaN,6.925185,2.992946,0.1211295,0.04509452,0.03003064,-0.002375845,-0.9985284,6.872001,2.995984,0.1144859,-0.0291388,-0.1442046,0.9891188,27,5.7,-2.158005,31.00874,28,-5.7,-20.83046,163.8701
39.92383,NaN,NaN,NaN,7.032576,2.990973,0.1225255,0.04557531,0.0306645,-0.003671995,-0.9984834,6.967459,2.995984,0.1144859,-0.0291388,-0.1442046,0.9891188,27,5.7,-1.920186,29.31656,28,-5.7,-20.59264,162.1779
39.94751,NaN,NaN,NaN,7.241252,2.987762,0.1255327,0.04648384,0.03195684,-0.004731419,-0.9983966,7.183871,2.993827,0.1184257,-0.02748687,-0.1421234,0.9894672,27,5.7,-1.606513,27.08467,28,-5.7,-20.27896,159.946
39.96619,NaN,NaN,NaN,7.339941,2.986324,0.1269327,0.04746444,0.03236514,-0.004018886,-0.9983404,7.271595,2.993827,0.1184257,-0.02748687,-0.1421234,0.9894672,27,5.7,-1.359621,25.32794,28,-5.7,-20.03207,158.1893
39.98926,NaN,NaN,NaN,7.530547,2.982488,0.1295043,0.04890599,0.03316982,-0.004371924,-0.9982429,7.470517,2.99055,0.1221286,-0.03024765,-0.1391746,0.9898058,27,5.7,-1.054717,23.15843,28,-5.7,-19.72717,156.0198
40.00745,-0.7908517,-36.83772,262.4733,7.620622,2.97989,0.1305531,0.04889901,0.03357238,-0.005278005,-0.9982254,7.578338,2.986804,0.1256512,-0.03152414,-0.1500067,0.9881822,27,5.7,-0.8141341,21.4466,28,-5.7,-19.48659,154.308
40.03162,-0.6373573,-36.83767,262.4729,7.793291,2.974581,0.1324415,0.04895637,0.03441132,-0.006977911,-0.9981836,7.731822,2.986804,0.1256512,-0.03152414,-0.1500067,0.9881822,27,5.7,-0.4950201,19.17598,28,-5.7,-19.16747,152.0373
40.04919,-1.989949,-40.1058,285.7269,7.870775,2.971528,0.1332769,0.04975076,0.0344528,-0.006978496,-0.9981429,7.826635,2.982306,0.1287891,-0.03396777,-0.1490954,0.9882392,27,5.7,-0.2622125,17.51947,28,-5.7,-18.93466,150.3808
40.07288,-0.9069287,-31.67135,225.7126,8.019141,2.965604,0.1348573,0.05105922,0.03517726,-0.008288622,-0.9980416,7.982458,2.976598,0.1314024,-0.03892032,-0.1516988,0.9876602,27,5.7,0.05127838,15.28887,28,-5.7,-18.62117,148.1502
40.09094,-0.8467237,-31.67135,225.7126,8.086872,2.962291,0.1354843,0.05201198,0.03574054,-0.009834888,-0.9979582,8.042664,2.976598,0.1314024,-0.03892032,-0.1516988,0.9876602,27,5.7,0.2905053,13.58668,28,-5.7,-18.38195,146.448
40.11475,-1.992353,-32.19709,229.4535,8.210074,2.955871,0.1364652,0.05184123,0.03677155,-0.01225279,-0.9979029,8.173805,2.969908,0.1335819,-0.0437775,-0.1514361,0.9874972,27,5.7,0.6051819,11.34764,28,-5.7,-18.06727,144.209
40.13354,-1.945882,-32.19705,229.4532,8.262339,2.952959,0.1369913,0.05151745,0.03789701,-0.0131357,-0.9978663,8.220263,2.969908,0.1335819,-0.0437775,-0.1514361,0.9874972,27,5.7,0.8530937,9.583655,28,-5.7,-17.81936,142.445
40.15662,-10.11782,-46.58075,331.7987,8.357773,2.947001,0.1380897,0.05264657,0.04044371,-0.01467728,-0.997686,8.324297,2.962579,0.1353229,-0.05491176,-0.1475162,0.9875341,27,5.7,1.157697,7.416289,28,-5.7,-17.51476,140.2776
40.17468,NaN,NaN,NaN,8.395587,2.944342,0.1383904,0.05282196,0.04231152,-0.01561376,-0.9975851,8.374487,2.954969,0.1368306,-0.09368695,-0.1444118,0.9850726,27,5.7,1.397251,5.711779,28,-5.7,-17.2752,138.5731
40.19861,NaN,NaN,NaN,8.458512,2.938875,0.1386872,0.05221479,0.04556377,-0.01615054,-0.9974652,8.43042,2.954969,0.1368306,-0.09368695,-0.1444118,0.9850726,27,5.7,1.713639,3.460557,28,-5.7,-16.95881,136.3219
40.21667,NaN,NaN,NaN,8.479376,2.936475,0.1387563,0.05138388,0.0470713,-0.01538286,-0.9974505,8.462379,2.94785,0.1379383,-0.1103158,-0.1438543,0.9834309,27,5.7,1.951474,1.768272,28,-5.7,-16.72098,134.6296
40.24011,-22.6832,-35.3325,257.9311,8.509539,2.932095,0.1389081,0.05178896,0.04962154,-0.01435239,-0.9973213,8.499334,2.941195,0.1386065,-0.118801,-0.1458173,0.9821525,28,-5.7,-16.41077,132.4224,29,5.7,-34.88461,263.8707
40.2583,-35.90961,-51.5696,367.2961,8.512218,2.930196,0.1389898,0.05241559,0.05027747,-0.01327909,-0.9972705,8.501715,2.941195,0.1386065,-0.118801,-0.1458173,0.9821525,28,-5.7,-16.16962,130.7065,29,5.7,-34.64346,262.1549
40.28186,-31.42058,-43.62336,310.7557,8.504736,2.926426,0.1391895,0.05362449,0.05156736,-0.01206067,-0.9971559,8.501804,2.935201,0.1389694,-0.1260917,-0.1470516,0.981059,28,-5.7,-15.85833,128.4915,29,5.7,-34.33216,259.9399
40.30066,-31.43491,-43.62329,310.7553,8.488551,2.924589,0.1391409,0.05416,0.05156121,-0.01115749,-0.9971377,8.487419,2.935201,0.1389694,-0.1260917,-0.1470516,0.981059,28,-5.7,-15.60963,126.7219,29,5.7,-34.08346,258.1703
40.32361,NaN,NaN,NaN,8.44304,2.921364,0.1388123,0.05450674,0.05136961,-0.009150235,-0.9971492,8.449969,2.929949,0.1393763,-0.1313706,-0.1446453,0.980724,28,-5.7,-15.30703,124.5688,29,5.7,-33.78086,256.0172
40.3418,-22.93953,-33.18334,247.7181,8.407722,2.920056,0.1385473,0.05466033,0.05070805,-0.008277467,-0.9971823,8.417738,2.925413,0.139346,-0.1243569,-0.1432004,0.9818498,28,-5.7,-15.06545,122.8499,29,5.7,-33.53928,254.2983
40.36584,-22.80411,-32.93981,246.0486,8.322168,2.917279,0.1377827,0.05470623,0.04961746,-0.007656574,-0.9972396,8.34169,2.925413,0.139346,-0.1243569,-0.1432004,0.9818498,28,-5.7,-14.74736,120.5866,29,5.7,-33.2212,252.035
40.38354,-22.75996,-33.22705,243.7921,8.264606,2.916081,0.1374285,0.05429604,0.04884516,-0.007705559,-0.9972997,8.28564,2.921445,0.1390458,-0.1250484,-0.1456024,0.9814087,28,-5.7,-14.51382,118.9249,29,5.7,-32.98765,250.3732
40.4071,-27.53129,-37.60855,267.9581,8.13642,2.914996,0.1368699,0.05410521,0.04723992,-0.008526768,-0.9973807,8.162638,2.918123,0.1386003,-0.1306464,-0.1483352,0.9802694,28,-5.7,-14.20192,116.7055,29,5.7,-32.67574,248.1539
40.42517,-27.59991,-37.60855,267.9581,8.05923,2.915247,0.1365049,0.05427628,0.04661728,-0.01046104,-0.9973823,8.094025,2.918123,0.1386003,-0.1306464,-0.1483352,0.9802694,28,-5.7,-13.9637,115.0105,29,5.7,-32.43752,246.4589
40.44897,-26.63478,-36.90186,262.9298,7.889038,2.916404,0.1355715,0.05378475,0.04542089,-0.01396246,-0.9974213,7.929269,2.915499,0.137818,-0.1289562,-0.148556,0.9804598,28,-5.7,-13.64927,112.7733,29,5.7,-32.1231,244.2217
40.46753,-23.19244,-32.83778,236.1071,7.792788,2.917872,0.1350796,0.05244832,0.04536903,-0.01685202,-0.9974502,7.843714,2.915499,0.137818,-0.1289562,-0.148556,0.9804598,28,-5.7,-13.40407,111.0285,29,5.7,-31.87789,242.4769
40.49072,NaN,NaN,NaN,7.588265,2.921698,0.1339193,0.05017162,0.0456786,-0.0219693,-0.9974536,7.64393,2.914571,0.1368371,-0.1254493,-0.1410383,0.9820238,28,-5.7,-13.0976,108.8479,29,5.7,-31.57142,240.2963
40.50867,NaN,NaN,NaN,7.475472,2.923904,0.1333125,0.04872685,0.04618888,-0.02310303,-0.9974762,7.521451,2.915901,0.1357526,-0.1313191,-0.1444642,0.9807575,28,-5.7,-12.85934,107.1525,29,5.7,-31.33316,238.601
40.5332,NaN,NaN,NaN,7.241272,2.928685,0.1316148,0.04641575,0.04788752,-0.02487736,-0.9974635,7.313273,2.915901,0.1357526,-0.1313191,-0.1444642,0.9807575,28,-5.7,-12.53576,104.8502,29,5.7,-31.00959,236.2986
40.55042,NaN,NaN,NaN,7.11505,2.931273,0.1304596,0.04606361,0.0494226,-0.02471323,-0.9974091,7.175059,2.919383,0.1345931,-0.1331225,-0.1391558,0.9812818,28,-5.7,-12.30841,103.2325,29,5.7,-30.78223,234.6809
40.57422,NaN,NaN,NaN,6.853494,2.936888,0.1279384,0.04584955,0.05206049,-0.02316286,-0.997322,6.913113,2.924471,0.1328069,-0.1349633,-0.1390645,0.9810433,28,-5.7,-11.99355,100.9922,29,5.7,-30.46737,232.4406
40.59204,NaN,NaN,NaN,6.714652,2.939857,0.1264571,0.04672616,0.05349679,-0.02123527,-0.9972482,6.789698,2.924471,0.1328069,-0.1349633,-0.1390645,0.9810433,28,-5.7,-11.7568,99.30759,29,5.7,-30.23062,230.756
40.61597,NaN,NaN,NaN,6.429683,2.945929,0.1234024,0.04879669,0.05601497,-0.0181644,-0.9970714,6.503847,2.930572,0.1303602,-0.1372983,-0.1413794,0.9803882,28,-5.7,-11.44077,97.0589,29,5.7,-29.91459,228.5073
40.63452,NaN,NaN,NaN,6.280887,2.949059,0.1219894,0.05085576,0.05708688,-0.01684686,-0.9969308,6.371584,2.930572,0.1303602,-0.1372983,-0.1413794,0.9803882,28,-5.7,-11.19584,95.31617,29,5.7,-29.66966,226.7646
40.65771,NaN,NaN,NaN,5.974133,2.955172,0.1189854,0.0553478,0.05896952,-0.01439048,-0.9966204,6.063705,2.937413,0.1273602,-0.1406712,-0.139743,0.9801447,28,-5.7,-10.88982,93.13873,29,5.7,-29.36364,224.5871
40.6759,-24.5183,-26.38401,214.5302,5.813231,2.958005,0.1173979,0.05774821,0.05938257,-0.01268332,-0.9964828,5.883017,2.944671,0.1239676,-0.1391187,-0.1342102,0.9811389,28,-5.7,-10.64935,91.42767,29,5.7,-29.12317,222.8761
40.69995,-24.56715,-26.1494,212.8151,5.484685,2.963943,0.1143704,0.06106848,0.06005772,-0.009547361,-0.9962794,5.590976,2.944671,0.1239676,-0.1391187,-0.1342102,0.9811389,28,-5.7,-10.33048,89.15884,29,5.7,-28.8043,220.6072
40.7179,-24.99979,-25.20265,211.211,5.314338,2.966793,0.1129362,0.06199268,0.06013082,-0.008414249,-0.996228,5.399393,2.951921,0.1202663,-0.1413135,-0.1308792,0.9812753,28,-5.7,-10.09395,87.47578,29,5.7,-28.56777,218.9242
40.74121,NaN,NaN,NaN,4.966671,2.972425,0.1100644,0.06315554,0.06017567,-0.005569275,-0.9961723,5.047883,2.959044,0.1165751,-0.1428811,-0.1433477,0.9793041,28,-5.7,-9.785192,85.27888,29,5.7,-28.25901,216.7273
40.75916,NaN,NaN,NaN,4.786288,2.975086,0.1086539,0.062843,0.05978481,-0.003202367,-0.9962261,4.887543,2.959044,0.1165751,-0.1428811,-0.1433477,0.9793041,28,-5.7,-9.548469,83.59451,29,5.7,-28.02229,215.0429
40.78308,-26.42758,-30.53885,217.6545,4.422026,2.980283,0.1056063,0.06235624,0.05947436,0.000299463,-0.9962803,4.519257,2.965891,0.113115,-0.13923,-0.150738,0.9787201,28,-5.7,-9.232251,81.34451,29,5.7,-27.70607,212.7929
40.80139,-26.59426,-30.53883,217.6544,4.234484,2.9826,0.103972,0.06180871,0.05907906,0.001971206,-0.9963361,4.352554,2.965891,0.113115,-0.13923,-0.150738,0.9787201,28,-5.7,-8.98945,79.61689,29,5.7,-27.46327,211.0653
40.82483,-12.85,-16.70492,122.5062,3.855002,2.987137,0.1005797,0.06146825,0.05836409,0.005262173,-0.9963873,3.968624,2.972566,0.1095885,-0.1344372,-0.157289,0.9783592,28,-5.7,-8.680183,77.41634,29,5.7,-27.154,208.8647
40.8429,-12.25424,-16.4701,117.55,3.660932,2.989279,0.09885576,0.06213449,0.05796114,0.006700134,-0.9963608,3.747708,2.97877,0.1058931,-0.1332227,-0.1619197,0.9777698,28,-5.7,-8.440312,75.70957,29,5.7,-26.91413,207.158
40.86682,-12.60038,-16.4701,117.55,3.271534,2.993241,0.095323,0.06426361,0.05710366,0.009699564,-0.9962507,3.401576,2.97877,0.1058931,-0.1332227,-0.1619197,0.9777698,28,-5.7,-8.123653,73.45643,29,5.7,-26.59747,204.9048
40.88464,-11.96257,-15.94971,113.8473,3.074455,2.995281,0.09348841,0.06546497,0.05653986,0.01106856,-0.9961903,3.176474,2.984399,0.1019355,-0.1301724,-0.162804,0.9780337,28,-5.7,-7.889377,71.78947,29,5.7,-26.3632,203.2379
40.90833,-12.85,-16.38331,119.0978,2.675693,2.999237,0.08993706,0.06766491,0.05551455,0.01355342,-0.9960703,2.770987,2.989538,0.09771979,-0.1284891,-0.1593497,0.9788249,28,-5.7,-7.575503,69.55614,29,5.7,-26.04932,201.0045
40.92639,-12.85,-16.16115,117.7331,2.47417,3.000733,0.08828223,0.06844888,0.05481219,0.01465898,-0.9960399,2.591856,2.989538,0.09771979,-0.1284891,-0.1593497,0.9788249,28,-5.7,-7.336969,67.85889,29,5.7,-25.81079,199.3073
40.95007,-20.12486,-24.00127,171.1372,2.071043,3.004353,0.08512837,0.07039622,0.05318353,0.0175937,-0.995945,2.181113,2.994398,0.09355891,-0.1277608,-0.1546218,0.9796782,28,-5.7,-7.023397,65.62771,29,5.7,-25.49722,197.0761
40.96826,-20.3056,-24.00129,171.1373,1.867724,3.005378,0.08365449,0.07185929,0.05169005,0.01987047,-0.9958763,2.000386,2.994398,0.09355891,-0.1277608,-0.1546218,0.9796782,28,-5.7,-6.783438,63.92031,29,5.7,-25.25726,195.3687
40.9917,-22.75486,-25.73317,187.1335,1.463919,3.007928,0.08073576,0.07206948,0.04884469,0.02324907,-0.9959316,1.588274,2.998822,0.08945799,-0.1275864,-0.1505891,0.9803289,28,-5.7,-6.472577,61.70842,29,5.7,-24.9464,193.1568
41.00989,-44.47755,-50.64666,360.7289,1.262173,3.008568,0.0794061,0.07236477,0.04746121,0.02425064,-0.9959532,1.355355,3.002536,0.08558702,-0.1247217,-0.1459917,0.9813924,28,-5.7,-6.232336,59.99902,29,5.7,-24.70616,191.4474
41.03418,-44.83451,-50.6466,360.7284,0.8605234,3.010089,0.07678416,0.0709359,0.04452212,0.02624875,-0.996141,0.9983329,3.002536,0.08558702,-0.1247217,-0.1459917,0.9813924,28,-5.7,-5.91202,57.71985,29,5.7,-24.38584,189.1683
41.05176,-27.05145,-32.29838,230.1743,0.6606404,3.010857,0.07575583,0.06988864,0.04281307,0.02715683,-0.9962656,0.7668846,3.005633,0.08202946,-0.118658,-0.1505879,0.9814497,28,-5.7,-5.679648,56.06644,29,5.7,-24.15347,187.5148
41.07581,-23.84172,-29.38785,209.4648,0.2655388,3.012704,0.07366671,0.06981684,0.0387994,0.03033148,-0.9963435,0.3620157,3.008012,0.07879698,-0.1134965,-0.1519112,0.9818562,28,-5.7,-5.361315,53.80138,29,5.7,-23.83513,185.2498
41.09363,-24.01621,-29.38785,209.4648,0.06923219,3.011952,0.0728948,0.07015654,0.03629807,0.03217836,-0.9963559,0.1875209,3.008012,0.07879698,-0.1134965,-0.1519112,0.9818562,28,-5.7,-5.126206,52.12849,29,5.7,-23.60002,183.5769
41.11719,-20.43509,-25.18826,179.5831,-0.3167265,3.012427,0.070813,0.06722749,0.03156656,0.03430239,-0.9966481,-0.2087585,3.009997,0.07596195,-0.1106286,-0.1542315,0.9818217,28,-5.7,-4.814284,49.90905,29,5.7,-23.2881,181.3575
41.13525,-20.60338,-25.18824,179.583,-0.5060829,3.011788,0.06994013,0.0675535,0.02910367,0.0345311,-0.9966931,-0.3770753,3.009997,0.07596195,-0.1106286,-0.1542315,0.9818217,28,-5.7,-4.57591,48.21293,29,5.7,-23.04973,179.6613
41.15894,-18.06409,-23.10663,164.7715,-0.8840187,3.010366,0.06864753,0.0660872,0.02385127,0.03486352,-0.9969194,-0.7654063,3.011019,0.07320297,-0.1031826,-0.1557857,0.982387,28,-5.7,-4.261822,45.97808,29,5.7,-22.73564,177.4265
41.177,-18.40263,-25.811,184.0142,-1.070337,3.00982,0.06828761,0.06552769,0.02120516,0.03465879,-0.9970232,-0.9826233,3.010942,0.07111204,-0.09315478,-0.1541275,0.9836497,28,-5.7,-4.022894,44.27802,29,5.7,-22.49671,175.7264
41.20105,-18.72781,-25.81098,184.0141,-1.436177,3.007991,0.06758519,0.06580274,0.01641137,0.03327854,-0.9971426,-1.307814,3.010942,0.07111204,-0.09315478,-0.1541275,0.9836497,28,-5.7,-3.705389,42.01886,29,5.7,-22.17921,173.4673
41.21863,-17.48769,-22.88793,163.2155,-1.614477,3.006342,0.06730667,0.06532042,0.01452499,0.03158573,-0.9972586,-1.516913,3.00989,0.0694586,-0.09623323,-0.1560495,0.9830502,28,-5.7,-3.472565,40.36222,29,5.7,-21.94638,171.8106
41.24243,-11.68614,-15.18466,108.4036,-1.96346,3.003643,0.06686428,0.0629604,0.01076639,0.02898208,-0.9975371,-1.876536,3.008103,0.06820655,-0.08894408,-0.1649546,0.9822825,28,-5.7,-3.158893,38.13033,29,5.7,-21.63271,169.5788
41.26038,-11.83639,-15.18466,108.4036,-2.132499,3.002372,0.06692675,0.063645,0.0089918,0.02766939,-0.9975485,-2.026793,3.008103,0.06820655,-0.08894408,-0.1649546,0.9822825,28,-5.7,-2.92145,36.44084,29,5.7,-21.39527,167.8893
41.2843,-11.05403,-13.79674,98.5281,-2.465128,2.997949,0.0672255,0.06310405,0.0052111,0.02508018,-0.9976782,-2.370398,3.005345,0.06735504,-0.08661041,-0.1675838,0.982046,28,-5.7,-2.604992,34.18912,29,5.7,-21.07881,165.6375
41.30212,-11.19485,-13.79674,98.52811,-2.623543,2.9964,0.06724227,0.0614008,0.003862217,0.02331654,-0.9978334,-2.511211,3.005345,0.06735504,-0.08661041,-0.1675838,0.982046,28,-5.7,-2.368589,32.50703,29,5.7,-20.84241,163.9554
41.32605,-10.31666,-12.9101,92.21929,-2.931284,2.992201,0.06777242,0.06044065,0.0006656349,0.0204059,-0.997963,-2.831007,3.001871,0.06715918,-0.07979165,-0.1696102,0.9822758,28,-5.7,-2.053085,30.2621,29,5.7,-20.52691,161.7105
41.34399,-9.655568,-11.1074,79.39242,-3.079143,2.989931,0.06790294,0.05943729,-0.0006388277,0.01870003,-0.9980567,-3.006716,2.997625,0.06730092,-0.08224368,-0.1744737,0.9812211,28,-5.7,-1.815847,28.57406,29,5.7,-20.28967,160.0225
41.3678,-9.907376,-11.1074,79.39243,-3.362428,2.985976,0.06833938,0.05823703,-0.003156729,0.01681421,-0.9981562,-3.258526,2.997625,0.06730092,-0.08224368,-0.1744737,0.9812211,28,-5.7,-1.50079,26.33232,29,5.7,-19.97461,157.7807
41.38574,-9.248291,-10.09175,72.16572,-3.495692,2.983768,0.0687549,0.05823479,-0.004532948,0.01634293,-0.9981589,-3.418881,2.992995,0.06742346,-0.07930354,-0.1780055,0.9808288,28,-5.7,-1.264104,24.64821,29,5.7,-19.73792,156.0966
41.40967,-9.798303,-10.73054,76.71092,-3.752092,2.979364,0.0694087,0.05708312,-0.006969437,0.01523083,-0.9982289,-3.686198,2.987958,0.06804478,-0.07825945,-0.1756519,0.9813368,28,-5.7,-0.947006,22.39194,29,5.7,-19.42083,153.8404
41.42761,-9.905939,-10.73053,76.71088,-3.873188,2.976739,0.0696151,0.05569728,-0.008549072,0.01679937,-0.9982698,-3.793839,2.987958,0.06804478,-0.07825945,-0.1756519,0.9813368,28,-5.7,-0.7103125,20.70778,29,5.7,-19.18413,152.1562
41.45129,-9.371675,-9.970983,71.3064,-4.10274,2.971999,0.07011695,0.05305884,-0.01104223,0.01840523,-0.9983608,-4.034547,2.982774,0.06885707,-0.07351194,-0.1784211,0.9812043,28,-5.7,-0.3962027,18.47277,29,5.7,-18.87002,149.9212
41.46936,-9.466354,-9.970982,71.3064,-4.209256,2.968963,0.07040825,0.0527654,-0.01221211,0.01948377,-0.9983422,-4.129227,2.982774,0.06885707,-0.07351194,-0.1784211,0.9812043,28,-5.7,-0.1582297,16.7795,29,5.7,-18.63205,148.2279
41.49316,-8.471582,-8.324456,59.59076,-4.411827,2.963634,0.07094662,0.05069009,-0.0139979,0.02098636,-0.9983959,-4.343167,2.977228,0.06960142,-0.06798524,-0.1861122,0.9801736,28,-5.7,0.1561942,14.54226,29,5.7,-18.31763,145.9907
41.51111,-8.167438,-7.643947,54.74867,-4.503297,2.961282,0.07123373,0.05018539,-0.01428545,0.02143693,-0.9984077,-4.455443,2.97118,0.07026935,-0.06649595,-0.1901575,0.9794991,28,-5.7,0.3943937,12.84738,29,5.7,-18.07943,144.2958
41.53503,-8.319494,-7.643947,54.74867,-4.67436,2.955727,0.07158735,0.04940946,-0.01589829,0.02379088,-0.9983686,-4.607499,2.97118,0.07026935,-0.06649595,-0.1901575,0.9794991,28,-5.7,0.7105625,10.59772,29,5.7,-17.76326,142.0462
41.55298,-8.095093,-6.992185,50.11115,-4.749279,2.952366,0.07176238,0.04896869,-0.01643167,0.02450854,-0.9983644,-4.702096,2.964945,0.07089221,-0.06635497,-0.1947263,0.9786106,28,-5.7,0.9480693,8.907776,29,5.7,-17.52575,140.3562
41.57678,-7.973933,-6.67036,47.82124,-4.8862,2.945994,0.07201795,0.04801366,-0.0175887,0.02541742,-0.9983684,-4.848654,2.958537,0.07144618,-0.06402795,-0.1972685,0.9782564,28,-5.7,1.262004,6.674013,29,5.7,-17.21181,138.1225
41.59497,-8.025595,-6.670362,47.82125,-4.94432,2.942839,0.072032,0.04832379,-0.01855687,0.02674726,-0.9983011,-4.900315,2.958537,0.07144618,-0.06402795,-0.1972685,0.9782564,28,-5.7,1.502553,4.962417,29,5.7,-16.97127,136.4109
41.61841,-7.910872,-6.398779,45.88885,-5.048873,2.936002,0.07244562,0.04927498,-0.02052312,0.02966415,-0.9981337,-5.014563,2.951564,0.07164752,-0.06181927,-0.1995754,0.9779305,28,-5.7,1.812744,2.755293,29,5.7,-16.66108,134.2037
41.63672,-7.947196,-6.39878,45.88885,-5.089739,2.932799,0.07289775,0.04965854,-0.02138147,0.03017578,-0.9980813,-5.050888,2.951564,0.07164752,-0.06181927,-0.1995754,0.9779305,28,-5.7,2.055527,1.027803,29,5.7,-16.41829,132.4762
41.66003,-7.627432,-5.69477,40.87956,-5.158221,2.926496,0.07397662,0.05081952,-0.02362806,0.03151677,-0.9979308,-5.129636,2.943968,0.07197833,-0.05977492,-0.2067343,0.9765695,29,5.7,-16.11054,130.2865,30,-0.7,-34.20297,259.0205
41.67859,-7.700686,-5.555403,39.88792,-5.180461,2.923233,0.07459689,0.0510866,-0.02531427,0.03242272,-0.9978467,-5.163774,2.936045,0.07265568,-0.0621949,-0.2081765,0.9761118,29,5.7,-15.86464,128.5368,30,-0.7,-33.95707,257.2708
41.70178,-7.72894,-5.555401,39.88791,-5.212249,2.917392,0.07569163,0.04952308,-0.02898894,0.03448055,-0.9977566,-5.19203,2.936045,0.07265568,-0.0621949,-0.2081765,0.9761118,29,5.7,-15.55805,126.3553,30,-0.7,-33.65047,255.0892
41.72034,-7.621032,-5.690854,40.8517,-5.21745,2.914952,0.07610965,0.04769246,-0.03150944,0.03628967,-0.9977052,-5.207281,2.928261,0.07370007,-0.05781602,-0.2064519,0.9767471,29,5.7,-15.31291,124.6111,30,-0.7,-33.40534,253.345
41.74353,-6.288345,-14.36261,102.5546,-5.214525,2.909713,0.07723875,0.04468359,-0.03576307,0.0400118,-0.9975588,-5.211594,2.920901,0.07483828,-0.01036007,-0.1662955,0.9860215,29,5.7,-15.00657,122.4314,30,-0.7,-33.099,251.1653
41.76196,-6.277683,-14.36261,102.5546,-5.202532,2.907482,0.07780062,0.04320444,-0.03775827,0.04208261,-0.9974651,-5.200933,2.920901,0.07483828,-0.01036007,-0.1662955,0.9860215,29,5.7,-14.76321,120.6997,30,-0.7,-32.85564,249.4337
41.7854,NaN,NaN,NaN,-5.166244,2.904101,0.07904273,0.04037541,-0.04126605,0.04541717,-0.9972985,-5.17157,2.914162,0.07618368,0.07791111,-0.1415546,0.9868597,29,5.7,-14.45372,118.4976,30,-0.7,-32.54615,247.2316
41.80383,NaN,NaN,NaN,-5.13726,2.903631,0.079654,0.03980227,-0.04267251,0.04728904,-0.9971753,-5.145808,2.914162,0.07618368,0.07791111,-0.1415546,0.9868597,29,5.7,-14.2101,116.7642,30,-0.7,-32.30253,245.4981
41.82715,NaN,NaN,NaN,-5.071712,2.90233,0.08140929,0.04187795,-0.04573868,0.05284468,-0.9966754,-5.086761,2.908265,0.07756436,0.08569031,-0.1432924,0.9859638,29,5.7,-13.90151,114.5684,30,-0.7,-31.99394,243.3024
41.84534,11.72333,-28.96741,206.4731,-5.029891,2.901599,0.08242123,0.04456751,-0.04687625,0.05620775,-0.9963218,-5.045213,2.904098,0.07907605,0.08003601,-0.1521223,0.9851158,29,5.7,-13.66026,112.8518,30,-0.7,-31.75269,241.5858
41.8689,11.80513,-28.96743,206.4732,-4.937888,2.900428,0.08443323,0.0480715,-0.04870738,0.05971792,-0.9958668,-4.963432,2.904098,0.07907605,0.08003601,-0.1521223,0.9851158,29,5.7,-13.34999,110.6442,30,-0.7,-31.44242,239.3781
41.88733,22.73393,-47.22813,340.4204,-4.882843,2.899717,0.08534405,0.04883731,-0.04913335,0.0594008,-0.9958276,-4.906963,2.90169,0.08091366,0.08009061,-0.1452535,0.9861475,29,5.7,-13.10614,108.9091,30,-0.7,-31.19857,237.6431
41.91064,22.7831,-46.66988,338.3088,-4.764073,2.898525,0.08708553,0.0473648,-0.05003244,0.05956102,-0.9958443,-4.790977,2.900138,0.08307147,0.08040281,-0.1445405,0.9862269,29,5.7,-12.79695,106.7091,30,-0.7,-30.88938,235.443
41.92932,22.69981,-46.41055,336.5392,-4.695473,2.898662,0.08808699,0.04488517,-0.05024632,0.05954935,-0.9959491,-4.729999,2.900138,0.08307147,0.08040281,-0.1445405,0.9862269,29,5.7,-12.55095,104.9587,30,-0.7,-30.64338,233.6927
41.95239,21.6877,-43.37082,332.1589,-4.54921,2.899962,0.09054419,0.04201868,-0.05106011,0.0600935,-0.9960001,-4.586716,2.898754,0.08531988,0.0781257,-0.1375803,0.9874047,29,5.7,-12.2452,102.7832,30,-0.7,-30.33764,231.5172
41.97083,22.05533,-47.45605,338.0266,-4.465611,2.901503,0.0919971,0.04069713,-0.0513727,0.05984811,-0.9960536,-4.496484,2.897978,0.08782804,0.07747834,-0.1469333,0.9861073,29,5.7,-12.00218,101.054,30,-0.7,-30.09461,229.7879
41.99426,22.21323,-47.45605,338.0266,-4.287982,2.906167,0.0943999,0.03704658,-0.05239977,0.06021089,-0.9961208,-4.338592,2.897978,0.08782804,0.07747834,-0.1469333,0.9861073,29,5.7,-11.69206,98.84737,30,-0.7,-29.78449,227.5813
42.01257,22.45425,-47.26461,336.6644,-4.189839,2.909258,0.09527853,0.03385147,-0.05346118,0.06134735,-0.9961087,-4.23217,2.899209,0.09051359,0.07818215,-0.146963,0.9860474,29,5.7,-11.45016,97.12615,30,-0.7,-29.54259,225.8601
42.0365,9.631377,-23.43271,167.0918,-3.984218,2.915788,0.09634605,0.0249309,-0.05625938,0.06302886,-0.9961129,-4.027024,2.903286,0.09327781,0.08052672,-0.1552709,0.9845844,29,5.7,-11.13323,94.87112,30,-0.7,-29.22566,223.6051
42.05457,9.730777,-23.43271,167.0918,-3.872393,2.919291,0.0963218,0.01880408,-0.05822792,0.06327237,-0.9961188,-3.927624,2.903286,0.09327781,0.08052672,-0.1552709,0.9845844,29,5.7,-10.89455,93.17281,30,-0.7,-28.98698,221.9068
42.07776,4.513077,-13.47633,96.24844,-3.64217,2.927654,0.09641377,0.01099649,-0.06169048,0.06253828,-0.9960735,-3.697585,2.909677,0.09537125,0.0838813,-0.1674018,0.9823139,29,5.7,-10.5881,90.99225,30,-0.7,-28.68052,219.7262
42.09558,4.622778,-13.47634,96.24852,-3.518764,2.933045,0.09647244,0.01140925,-0.06288585,0.06019344,-0.9961386,-3.58789,2.909677,0.09537125,0.0838813,-0.1674018,0.9823139,29,5.7,-10.35202,89.31251,30,-0.7,-28.44445,218.0465
42.11951,3.397127,-10.7177,76.6198,-3.265989,2.943424,0.09618652,0.01409977,-0.06462437,0.05481642,-0.9963032,-3.334957,2.917763,0.09636009,0.08628687,-0.1747693,0.9808212,29,5.7,-10.03654,87.0677,30,-0.7,-28.12897,215.8017
42.13721,24.15263,-41.91662,298.6115,-3.135036,2.947956,0.09561898,0.01580849,-0.06503372,0.05099141,-0.996454,-3.18766,2.928363,0.0965848,0.09020213,-0.1479544,0.9848721,29,5.7,-9.801394,85.39457,30,-0.7,-27.89382,214.1285
42.16125,24.39126,-41.91662,298.6115,-2.866571,2.956277,0.09426141,0.01592057,-0.06491467,0.04329355,-0.9968241,-2.949025,2.928363,0.0965848,0.09020213,-0.1479544,0.9848721,29,5.7,-9.484267,83.1381,30,-0.7,-27.5767,211.8721
42.17896,26.78502,-42.57594,303.3028,-2.727429,2.959997,0.0934446,0.01450407,-0.06424783,0.03969033,-0.9970388,-2.792165,2.940022,0.09614944,0.09602132,-0.147766,0.9843501,29,5.7,-9.249679,81.46892,30,-0.7,-27.34211,210.2029
42.203,27.03735,-42.57594,303.3028,-2.44356,2.967947,0.0922116,0.01333152,-0.06285722,0.03452307,-0.9973361,-2.539837,2.940022,0.09614944,0.09602132,-0.147766,0.9843501,29,5.7,-8.932419,79.2115,30,-0.7,-27.02485,207.9455
42.22095,NaN,NaN,NaN,-2.295029,2.97208,0.09168428,0.01397031,-0.06162371,0.0325791,-0.9974698,-2.372873,2.950825,0.09510303,0.1030742,-0.1449211,0.9840598,29,5.7,-8.695315,77.52442,30,-0.7,-26.78775,206.2584
42.24475,NaN,NaN,NaN,-1.993746,2.979115,0.09049688,0.01556522,-0.05901619,0.02772948,-0.9977505,-2.068344,2.960733,0.09354234,0.1036503,-0.1444183,0.9840732,29,5.7,-8.380384,75.28358,30,-0.7,-26.47282,204.0175
42.26245,NaN,NaN,NaN,-1.839073,2.982293,0.08990876,0.0163653,-0.05729149,0.02587245,-0.9978881,-1.930858,2.960733,0.09354234,0.1036503,-0.1444183,0.9840732,29,5.7,-8.145276,73.61069,30,-0.7,-26.23771,202.3447
42.2865,NaN,NaN,NaN,-1.525458,2.987963,0.08872911,0.01829635,-0.05432501,0.02363516,-0.9980759,-1.613571,2.970128,0.0919435,0.1015023,-0.1428433,0.9845269,29,5.7,-7.827571,71.35011,30,-0.7,-25.92,200.0841
42.30444,NaN,NaN,NaN,-1.363987,2.990231,0.08819507,0.01893181,-0.05282951,0.0227707,-0.9981644,-1.429893,2.978547,0.0904665,0.1051839,-0.1421684,0.984238,29,5.7,-7.591459,69.67008,30,-0.7,-25.68389,198.4041
42.32861,NaN,NaN,NaN,-1.038522,2.99424,0.08714315,0.02063523,-0.04990081,0.02065826,-0.9983273,-1.140591,2.978547,0.0904665,0.1051839,-0.1421684,0.984238,29,5.7,-7.271887,67.39621,30,-0.7,-25.36432,196.1302
42.34619,NaN,NaN,NaN,-0.8736216,2.995917,0.08675557,0.02138328,-0.04824825,0.01910041,-0.9984238,-0.9522814,2.985672,0.08910167,0.1002522,-0.1449263,0.9843505,29,5.7,-7.038643,65.7366,30,-0.7,-25.13107,194.4706
42.37012,NaN,NaN,NaN,-0.5424413,2.998878,0.08609845,0.02330125,-0.04502484,0.01605208,-0.9985851,-0.6152672,2.991198,0.08780825,0.09603352,-0.1429968,0.9850531,29,5.7,-6.722497,63.48709,30,-0.7,-24.81493,192.2211
42.38794,NaN,NaN,NaN,-0.3745888,2.999674,0.08579887,0.02429952,-0.04324464,0.01452035,-0.9986634,-0.466065,2.991198,0.08780825,0.09603352,-0.1429968,0.9850531,29,5.7,-6.486371,61.80697,30,-0.7,-24.5788,190.541
42.41187,29.28112,-43.00367,306.3463,-0.03871809,3.000328,0.08513017,0.02540492,-0.03986915,0.01134743,-0.9988175,-0.1239704,2.995437,0.08676553,0.09452347,-0.1478655,0.9844801,29,5.7,-6.171103,59.56372,30,-0.7,-24.26353,188.2977
42.42981,29.43104,-43.00368,306.3463,0.1299441,3.000789,0.08499716,0.02492461,-0.03822626,0.01031629,-0.998905,0.02595155,2.995437,0.08676553,0.09452347,-0.1478655,0.9844801,29,5.7,-5.933952,57.87631,30,-0.7,-24.02638,186.6103
42.45374,12.85,-18.26109,132.4624,0.4697648,3.000783,0.08464602,0.02612993,-0.0348724,0.008434519,-0.9990146,0.3722488,2.998169,0.08599186,0.09266664,-0.1578829,0.9831001,29,5.7,-5.616934,55.62061,30,-0.7,-23.70937,184.3546
42.47156,12.85,-18.50302,136.043,0.6403704,3.001451,0.08475195,0.02533243,-0.03328622,0.007361746,-0.9990977,0.5686193,2.99953,0.08537698,0.08887042,-0.1555965,0.9838149,29,5.7,-5.380782,53.9403,30,-0.7,-23.47321,182.6743
42.49536,12.94945,-18.14542,133.7819,0.9820302,3.002099,0.08499383,0.0269889,-0.02995976,0.005898569,-0.9991692,0.8723168,2.99953,0.08537698,0.08887042,-0.1555965,0.9838149,29,5.7,-5.066479,51.70391,30,-0.7,-23.15891,180.4379
42.51318,16.59163,-22.79087,162.5247,1.152996,3.002144,0.08520395,0.02772632,-0.02823518,0.005117295,-0.9992036,1.069397,3.000182,0.08497405,0.09395721,-0.1561152,0.9832599,29,5.7,-4.830398,50.02411,30,-0.7,-22.92283,178.7581
42.5376,16.89344,-22.79089,162.5248,1.492517,3.002914,0.08594006,0.02897391,-0.025093,0.003644591,-0.9992585,1.371194,3.000182,0.08497405,0.09395721,-0.1561152,0.9832599,29,5.7,-4.508286,47.73217,30,-0.7,-22.60072,176.4662
42.55554,16.76777,-23.66767,168.7635,1.65971,3.003286,0.08662248,0.02997751,-0.02400415,0.003676934,-0.9992556,1.565164,3.000775,0.08501637,0.08867129,-0.1555474,0.9838407,29,5.7,-4.270636,46.0412,30,-0.7,-22.36307,174.7752
42.57898,19.24414,-26.4451,188.5257,1.994796,3.004137,0.08838953,0.03335499,-0.02163808,0.003385469,-0.9992036,1.908148,3.001429,0.08554506,0.09052105,-0.1537571,0.9839536,29,5.7,-3.961305,43.8402,30,-0.7,-22.05374,172.5742
42.59717,19.39242,-26.44511,188.5259,2.161604,3.003994,0.08979753,0.03577573,-0.02030898,0.002576702,-0.9991502,2.056421,3.001429,0.08554506,0.09052105,-0.1537571,0.9839536,29,5.7,-3.720236,42.1249,30,-0.7,-21.81267,170.8589
42.62073,25.34532,-37.30177,265.775,2.491849,3.004953,0.09248564,0.03965836,-0.01815031,0.001999358,-0.9990464,2.395018,3.002225,0.08677232,0.08509373,-0.1494367,0.985103,29,5.7,-3.409204,39.9118,30,-0.7,-21.50163,168.6458
42.63892,20.19738,-28.28859,201.6429,2.654992,3.003743,0.09380575,0.0413188,-0.01770781,0.002489336,-0.998986,2.584672,3.002988,0.08898389,0.08603001,-0.152845,0.9844985,29,5.7,-3.167778,38.19396,30,-0.7,-21.26021,166.9279
42.66248,20.48097,-28.28859,201.6429,2.974027,3.00144,0.09615307,0.03969532,-0.01703929,0.004385839,-0.9990569,2.868259,3.002988,0.08898389,0.08603001,-0.152845,0.9844985,29,5.7,-2.856282,35.97755,30,-0.7,-20.94871,164.7115
42.68054,13.11953,-16.4493,121.7134,3.130401,3.001465,0.09738393,0.03833773,-0.01701021,0.005942686,-0.9991024,3.05133,3.003103,0.09190762,0.08147237,-0.1574098,0.9841669,29,5.7,-2.618145,34.28312,30,-0.7,-20.71058,163.0171
42.70422,15.83481,-21.99086,156.8324,3.439773,3.000029,0.10014,0.03893284,-0.01647371,0.00568437,-0.9990899,3.369456,3.001887,0.09493268,0.07829681,-0.1569834,0.9844927,29,5.7,-2.304574,32.05194,30,-0.7,-20.397,160.7859
42.72241,15.96743,-21.99084,156.8322,3.588991,2.998873,0.1013538,0.03826611,-0.01637105,0.005225293,-0.9991198,3.502094,3.001887,0.09493268,0.07829681,-0.1569834,0.9844927,29,5.7,-2.065067,30.34777,30,-0.7,-20.1575,159.0818
42.74597,12.85,-16.34487,117.908,3.880726,2.996473,0.103471,0.03639594,-0.01632646,0.005966702,-0.9991863,3.803309,3.000201,0.09804857,0.07555912,-0.1615725,0.983964,29,5.7,-1.753153,28.12838,30,-0.7,-19.84558,156.8624
42.76453,12.85,-16.07508,116.265,4.022666,2.995161,0.1044828,0.03520548,-0.01609889,0.005876031,-0.9992332,3.929477,3.000201,0.09804857,0.07555912,-0.1615725,0.983964,29,5.7,-1.507743,26.3822,30,-0.7,-19.60017,155.1162
42.78784,12.07603,-14.65688,104.6485,4.29834,2.993757,0.1065502,0.03334497,-0.01570242,0.00551076,-0.9993054,4.215019,2.998011,0.101027,0.07393815,-0.1660563,0.9833404,29,5.7,-1.199657,24.19006,30,-0.7,-19.29209,152.9241
42.80591,10.67238,-12.25101,87.52988,4.430365,2.99283,0.1075622,0.0341298,-0.01552601,0.005183388,-0.9992833,4.371136,2.995392,0.1036502,0.070825,-0.1713674,0.9826582,29,5.7,-0.9602094,22.4863,30,-0.7,-19.05264,151.2203
42.82959,10.90268,-12.25101,87.52988,4.689453,2.990808,0.1094377,0.03344326,-0.01494332,0.004820366,-0.9993173,4.601437,2.995392,0.1036502,0.070825,-0.1713674,0.9826582,29,5.7,-0.6468514,20.25664,30,-0.7,-18.73928,148.9906
42.84778,9.957986,-11.49917,82.18021,4.813519,2.989641,0.1104493,0.03385392,-0.01466141,0.00537377,-0.9993048,4.748808,2.993054,0.1061468,0.06238058,-0.1735463,0.9828481,29,5.7,-0.4072348,18.55168,30,-0.7,-18.49966,147.2857
42.87134,9.066059,-9.780373,69.95035,5.054559,2.987765,0.1126715,0.03550759,-0.01412748,0.00615393,-0.9992506,4.998427,2.990723,0.1085516,0.05719688,-0.1795805,0.9820791,29,5.7,-0.09608802,16.33775,30,-0.7,-18.18852,145.0717
42.88953,9.1686,-9.780375,69.95038,5.169915,2.986865,0.1139051,0.03721278,-0.01390573,0.006331101,-0.9991906,5.100966,2.990723,0.1085516,0.05719688,-0.1795805,0.9820791,29,5.7,0.1442827,14.62743,30,-0.7,-17.94815,143.3614
42.91321,8.587157,-8.590482,61.48384,5.389556,2.984841,0.1162498,0.03883291,-0.01338185,0.005861653,-0.999139,5.329683,2.988363,0.1110305,0.05208587,-0.1851418,0.9813305,29,5.7,0.4587445,12.38991,30,-0.7,-17.63369,141.1239
42.93152,8.679433,-8.590482,61.48384,5.493365,2.983917,0.1176002,0.03938659,-0.01304951,0.005503881,-0.9991237,5.421958,2.988363,0.1110305,0.05208587,-0.1851418,0.9813305,29,5.7,0.6993603,10.67784,30,-0.7,-17.39307,139.4118
42.95496,8.800301,-8.796037,62.94644,5.693217,2.981543,0.1203156,0.04177855,-0.01225398,0.004779714,-0.9990404,5.630937,2.986173,0.11375,0.04951635,-0.1840788,0.9816635,29,5.7,1.010718,8.462415,30,-0.7,-17.08171,137.1964
42.97278,7.980989,-7.769819,55.64452,5.785655,2.979948,0.1216388,0.04340339,-0.01171274,0.004655681,-0.9989781,5.742477,2.983733,0.1166487,0.03954694,-0.1899792,0.9809913,29,5.7,1.246162,6.787146,30,-0.7,-16.84627,135.5211
42.99695,8.137892,-7.769816,55.6445,5.962172,2.976562,0.1242317,0.0456471,-0.010325,0.004653623,-0.9988934,5.899382,2.983733,0.1166487,0.03954694,-0.1899792,0.9809913,29,5.7,1.564403,4.522744,30,-0.7,-16.52803,133.2567
43.01477,7.630239,-6.757392,48.44073,6.042536,2.974657,0.1252245,0.04518117,-0.009435332,0.004584175,-0.9989237,5.99793,2.980888,0.119764,0.03309659,-0.1974529,0.9797536,29,5.7,1.800935,2.839734,30,-0.7,-16.2915,131.5737
43.03845,7.162592,-6.784366,48.63265,6.191499,2.970152,0.1268974,0.04435226,-0.007987455,0.004923203,-0.9989719,6.154932,2.977311,0.1228118,0.02035979,-0.1972353,0.9801447,29,5.7,2.113953,0.6124969,30,-0.7,-15.97848,129.3465
43.05652,7.22146,-6.784365,48.63265,6.257726,2.967772,0.1276069,0.04373376,-0.007428482,0.005204948,-0.9990021,6.2138,2.977311,0.1228118,0.02035979,-0.1972353,0.9801447,30,-0.7,-15.74003,127.6499,31,5.7,-33.83242,256.384
43.0802,6.58673,-5.448805,39.12964,6.382397,2.962975,0.1287964,0.04379276,-0.005681224,0.003619275,-0.999018,6.346553,2.972788,0.1253984,0.006018866,-0.2110475,0.9774573,30,-0.7,-15.42615,125.4164,31,5.7,-33.51854,254.1505
43.09888,6.634595,-5.448805,39.12964,6.436244,2.960392,0.1292134,0.04414926,-0.004538431,0.001536254,-0.9990134,6.394417,2.972788,0.1253984,0.006018866,-0.2110475,0.9774573,30,-0.7,-15.17916,123.659,31,5.7,-33.27155,252.3931
43.12183,6.447702,-4.958851,35.64344,6.532772,2.955621,0.1298865,0.04472328,-0.002566464,-0.001521868,-0.9989949,6.499526,2.967484,0.1274405,-0.001424187,-0.2178176,0.9759884,30,-0.7,-14.87608,121.5025,31,5.7,-32.96847,250.2366
43.14001,5.989491,-4.819451,34.65156,6.571512,2.953621,0.1304378,0.04548713,-0.001676604,-0.002600352,-0.9989602,6.550485,2.961728,0.1289061,-0.01585038,-0.2198499,0.975405,30,-0.7,-14.63509,119.7878,31,5.7,-32.72747,248.5219
43.16382,6.048898,-4.819452,34.65157,6.638344,2.949814,0.1316053,0.04772993,-1.005083E-05,-0.004430563,-0.9988505,6.609891,2.961728,0.1289061,-0.01585038,-0.2198499,0.975405,30,-0.7,-14.32036,117.5483,31,5.7,-32.41275,246.2824
43.18176,5.656072,-4.909003,35.28875,6.661728,2.94823,0.1321045,0.04946212,0.0009852946,-0.005572091,-0.99876,6.644258,2.956219,0.1305087,-0.02741859,-0.218231,0.975512,30,-0.7,-14.08361,115.8638,31,5.7,-32.176,244.5979
43.20544,-1.435766,-16.37933,116.9043,6.697511,2.945166,0.1329383,0.05320661,0.00336805,-0.007528578,-0.9985495,6.686502,2.951152,0.1314634,-0.06846128,-0.1629335,0.984259,30,-0.7,-13.77124,113.6412,31,5.7,-31.86363,242.3753
43.22339,-1.429532,-16.37932,116.9042,6.704517,2.943383,0.1331905,0.05494402,0.004579611,-0.007996088,-0.9984469,6.69273,2.951152,0.1314634,-0.06846128,-0.1629335,0.984259,30,-0.7,-13.53322,111.9476,31,5.7,-31.62561,240.6817
43.24719,-21.63445,-46.4504,369.5364,6.70724,2.939709,0.1336644,0.05694139,0.007039927,-0.008624621,-0.9983155,6.70236,2.946843,0.1323725,-0.07581391,-0.1321602,0.9883248,30,-0.7,-13.21943,109.7148,31,5.7,-31.31182,238.4489
43.26587,-21.48482,-46.17566,367.4819,6.69827,2.937983,0.1339949,0.05707423,0.008487873,-0.009047268,-0.9982929,6.694387,2.946843,0.1323725,-0.07581391,-0.1321602,0.9883248,30,-0.7,-12.97172,107.9523,31,5.7,-31.06411,236.6864
43.28894,-23.19749,-43.68027,366.2822,6.666795,2.935284,0.1345048,0.05787463,0.01135217,-0.009658693,-0.9982126,6.6702,2.942753,0.1332512,-0.08065553,-0.1259021,0.9887585,30,-0.7,-12.66704,105.7844,31,5.7,-30.75943,234.5185
43.30713,NaN,NaN,NaN,6.638738,2.933999,0.1345382,0.05850832,0.0137601,-0.009410949,-0.9981478,6.645575,2.938675,0.134028,-0.08365265,-0.1383705,0.9868414,30,-0.7,-12.42656,104.0733,31,5.7,-30.51895,232.8074
43.33105,NaN,NaN,NaN,6.571167,2.931494,0.1343445,0.05845349,0.01943748,-0.009228188,-0.9980583,6.585511,2.938675,0.134028,-0.08365265,-0.1383705,0.9868414,30,-0.7,-12.1095,101.8172,31,5.7,-30.20189,230.5513
43.34888,NaN,NaN,NaN,6.526177,2.930393,0.1340055,0.05727492,0.02256639,-0.008637602,-0.998066,6.542297,2.935086,0.1344976,-0.08762635,-0.1356565,0.9868733,30,-0.7,-11.8749,100.148,31,5.7,-29.96729,228.8821
43.37244,-20.87891,-35.76237,281.9638,6.425027,2.928718,0.1331557,0.05507262,0.0279102,-0.008219172,-0.9980584,6.445338,2.931926,0.1345406,-0.09561221,-0.1353976,0.9861673,30,-0.7,-11.56291,97.9281,31,5.7,-29.6553,226.6622
43.39063,-20.67512,-35.39729,279.3052,6.364368,2.928099,0.1329606,0.05507941,0.03014329,-0.008297881,-0.9979924,6.391419,2.931926,0.1345406,-0.09561221,-0.1353976,0.9861673,30,-0.7,-11.32231,96.21609,31,5.7,-29.41469,224.9502
43.41431,NaN,NaN,NaN,6.232501,2.927362,0.1320606,0.05610076,0.03398176,-0.008477267,-0.9978107,6.263393,2.929311,0.1343477,-0.09033891,-0.1433953,0.9855337,30,-0.7,-11.00857,93.98376,31,5.7,-29.10096,222.7178
43.43298,NaN,NaN,NaN,6.156548,2.927927,0.1314254,0.05676665,0.03530078,-0.008211749,-0.9977295,6.195879,2.929311,0.1343477,-0.09033891,-0.1433953,0.9855337,30,-0.7,-10.76198,92.22914,31,5.7,-28.85436,220.9632
43.45593,NaN,NaN,NaN,5.995038,2.929728,0.130229,0.05810998,0.03805312,-0.007984568,-0.9975528,6.038126,2.927435,0.1334853,-0.09101319,-0.1440995,0.9853689,30,-0.7,-10.45813,90.06715,31,5.7,-28.55051,218.8012
43.47449,NaN,NaN,NaN,5.904613,2.93144,0.129712,0.05901532,0.03888383,-0.007688062,-0.9974699,5.940256,2.926955,0.1321892,-0.08605082,-0.1424942,0.986048,30,-0.7,-10.21354,88.32677,31,5.7,-28.30592,217.0609
43.49866,NaN,NaN,NaN,5.715351,2.934928,0.1286795,0.0611396,0.04013062,-0.0070271,-0.9972974,5.772024,2.926955,0.1321892,-0.08605082,-0.1424942,0.986048,30,-0.7,-9.894119,86.05401,31,5.7,-27.98651,214.7881
43.51611,NaN,NaN,NaN,5.612494,2.936773,0.1280902,0.06089364,0.03989217,-0.006614385,-0.9973249,5.659923,2.928476,0.1308072,-0.08809514,-0.1421444,0.9859179,30,-0.7,-9.662611,84.40675,31,5.7,-27.755,213.1408
43.53955,NaN,NaN,NaN,5.399898,2.941158,0.1266661,0.05987903,0.03959354,-0.006506003,-0.9973989,5.44731,2.931869,0.129609,-0.09105226,-0.1391655,0.9860742,30,-0.7,-9.352724,82.20179,31,5.7,-27.44511,210.9359
43.55786,NaN,NaN,NaN,5.287289,2.943573,0.1258476,0.0588389,0.03894212,-0.006933847,-0.9974836,5.347213,2.931869,0.129609,-0.09105226,-0.1391655,0.9860742,30,-0.7,-9.111659,80.48653,31,5.7,-27.20405,209.2206
43.58142,-12.85,-29.14672,211.5715,5.055852,2.948451,0.1239773,0.05737679,0.03738794,-0.006625866,-0.9976302,5.115101,2.936323,0.1281086,-0.08370779,-0.1494899,0.9852136,30,-0.7,-8.800074,78.26948,31,5.7,-26.89246,207.0036
43.60034,-12.85,-28.95338,210.2973,4.934052,2.950952,0.1228582,0.05648322,0.03602699,-0.005820663,-0.9977364,5.006835,2.936323,0.1281086,-0.08370779,-0.1494899,0.9852136,30,-0.7,-8.549847,76.48902,31,5.7,-26.64223,205.2231
43.62317,-12.85,-29.56302,211.2805,4.686262,2.955991,0.120552,0.05552402,0.03378887,-0.005351207,-0.9978712,4.75782,2.941616,0.1262673,-0.08213912,-0.1516316,0.9850183,30,-0.7,-8.248408,74.34418,31,5.7,-26.3408,203.0783
43.64148,-10.30801,-26.09233,186.0159,4.558205,2.958613,0.1191903,0.05567878,0.03282092,-0.006112997,-0.9978905,4.613248,2.947321,0.1239697,-0.07905832,-0.1538629,0.9849244,30,-0.7,-8.006353,72.62186,31,5.7,-26.09874,201.356
43.66541,-10.54072,-26.09231,186.0157,4.296393,2.963602,0.1163961,0.05554782,0.03056372,-0.006543064,-0.9979668,4.380527,2.947321,0.1239697,-0.07905832,-0.1538629,0.9849244,30,-0.7,-7.68905,70.36414,31,5.7,-25.78144,199.0982
43.68323,-12.09239,-29.66113,211.4092,4.161882,2.966013,0.1148249,0.05528713,0.02938685,-0.00641781,-0.9980174,4.228483,2.953321,0.1212596,-0.07611907,-0.1521109,0.9854279,30,-0.7,-7.454393,68.69447,31,5.7,-25.54678,197.4286
43.70667,-10.83253,-27.52234,196.1909,3.889572,2.970985,0.1116935,0.05488733,0.02725689,-0.005925105,-0.9981029,3.952392,2.959436,0.118198,-0.07430426,-0.1531917,0.985399,30,-0.7,-7.143221,66.48036,31,5.7,-25.23561,195.2145
43.72485,-10.95658,-27.52236,196.1911,3.750019,2.973644,0.110159,0.05498652,0.02648404,-0.005207651,-0.9981222,3.828345,2.959436,0.118198,-0.07430426,-0.1531917,0.985399,30,-0.7,-6.90341,64.77402,31,5.7,-24.9958,193.5081
43.74841,-8.437621,-22.67625,161.7091,3.469598,2.979276,0.1069467,0.05556716,0.02497483,-0.003557599,-0.9981362,3.543727,2.965444,0.1147202,-0.07303284,-0.1563001,0.9850059,30,-0.7,-6.591721,62.55624,31,5.7,-24.68411,191.2903
43.76709,-8.564177,-22.67625,161.7091,3.327224,2.981916,0.1052846,0.05614667,0.02456123,-0.002693088,-0.9981168,3.417172,2.965444,0.1147202,-0.07303284,-0.1563001,0.9850059,30,-0.7,-6.344822,60.79946,31,5.7,-24.43721,189.5336
43.79028,-8.511882,-23.01893,164.1474,3.039654,2.986985,0.1018585,0.05694586,0.02362221,-0.0004436094,-0.9980977,3.125276,2.971539,0.1109389,-0.06989706,-0.1561084,0.9852637,30,-0.7,-6.038743,58.6216,31,5.7,-24.13113,187.3557
43.80835,-9.789326,-25.02018,178.3871,2.89365,2.989387,0.1000405,0.05684202,0.02292181,0.001524997,-0.9981189,2.958139,2.97798,0.107102,-0.07046113,-0.1547588,0.9854364,30,-0.7,-5.800025,56.92303,31,5.7,-23.89241,185.6572
43.83252,-10.04864,-25.02018,178.3871,2.60192,2.994518,0.09643671,0.05648696,0.02191751,0.004398094,-0.9981531,2.698824,2.97798,0.107102,-0.07046113,-0.1547588,0.9854364,30,-0.7,-5.479055,54.63921,31,5.7,-23.57144,183.3733
43.84998,-12.85,-29.47594,211.2179,2.454447,2.996986,0.09463415,0.05686303,0.02134624,0.005914673,-0.9981363,2.529629,2.98425,0.1030782,-0.07181754,-0.1515778,0.9858329,30,-0.7,-5.248353,52.99768,31,5.7,-23.34074,181.7318
43.8739,-8.850224,-21.72027,154.907,2.160449,3.001039,0.09067252,0.05768838,0.02019782,0.008700687,-0.9980924,2.229659,2.990379,0.09879148,-0.07050107,-0.1572334,0.9850417,30,-0.7,-4.93342,50.75681,31,5.7,-23.02581,179.4909
43.89172,-8.980461,-21.72027,154.907,2.013933,3.003006,0.08864231,0.05791068,0.01970859,0.009717508,-0.99808,2.099422,2.990379,0.09879148,-0.07050107,-0.1572334,0.9850417,30,-0.7,-4.69692,49.07403,31,5.7,-22.78931,177.8081
43.91589,-17.81447,-37.90134,270.0414,1.721266,3.006057,0.08504506,0.06012878,0.01850967,0.01197814,-0.9979471,1.800337,2.996183,0.09415185,-0.07165711,-0.1494075,0.9861758,30,-0.7,-4.378238,46.80649,31,5.7,-22.47062,175.5406
43.9342,-17.94448,-37.90134,270.0414,1.575009,3.007196,0.08331507,0.06118463,0.01783391,0.01260682,-0.9978876,1.67033,2.996183,0.09415185,-0.07165711,-0.1494075,0.9861758,30,-0.7,-4.135882,45.08204,31,5.7,-22.22827,173.8161
43.95764,-16.9976,-42.30084,301.3454,1.286142,3.009398,0.07996643,0.06310607,0.01702884,0.01312793,-0.9977752,1.37447,3.000985,0.08972168,-0.06019755,-0.1484351,0.9870883,30,-0.7,-3.825699,42.87497,31,5.7,-21.91809,171.6091
43.97559,NaN,NaN,NaN,1.142932,3.010149,0.07841752,0.0639197,0.01663486,0.01285667,-0.9977336,1.2082,3.004781,0.08539569,-0.05641023,-0.1444603,0.9879014,30,-0.7,-3.588444,41.18681,31,5.7,-21.68083,169.9209
43.99963,NaN,NaN,NaN,0.8614826,3.011431,0.07541932,0.06602357,0.01608505,0.01236506,-0.9976118,0.9580227,3.004781,0.08539569,-0.05641023,-0.1444603,0.9879014,30,-0.7,-3.270771,38.92645,31,5.7,-21.36316,167.6606
44.01697,NaN,NaN,NaN,0.7215561,3.01163,0.07430132,0.06737742,0.01563096,0.01257369,-0.9975259,0.7950778,3.007643,0.08108473,-0.04866588,-0.1451283,0.9882153,30,-0.7,-3.041026,37.29173,31,5.7,-21.13341,166.0258
44.04089,NaN,NaN,NaN,0.4461195,3.012097,0.07237756,0.07049816,0.01454002,0.01441658,-0.9973018,0.5122589,3.009574,0.07737982,-0.04352919,-0.1426267,0.9888189,30,-0.7,-2.724011,35.03605,31,5.7,-20.8164,163.7702
44.05872,NaN,NaN,NaN,0.3094269,3.01061,0.07179502,0.07170175,0.01351518,0.01632248,-0.997201,0.3907543,3.009574,0.07737982,-0.04352919,-0.1426267,0.9888189,30,-0.7,-2.48833,33.35909,31,5.7,-20.58072,162.0932
44.08264,NaN,NaN,NaN,0.04257323,3.009496,0.07053225,0.07000309,0.01146623,0.01810656,-0.9973165,0.1162187,3.010588,0.07449889,-0.04165112,-0.1412223,0.9891014,30,-0.7,-2.172463,31.11158,31,5.7,-20.26485,159.8457
44.10107,NaN,NaN,NaN,-0.08700459,3.008317,0.0701648,0.07063372,0.009908116,0.01839428,-0.9972835,0.001038404,3.010588,0.07449889,-0.04165112,-0.1412223,0.9891014,30,-0.7,-1.929018,29.37938,31,5.7,-20.02141,158.1135
44.12451,NaN,NaN,NaN,-0.3446779,3.005727,0.06965194,0.06889411,0.006319702,0.01838551,-0.9974346,-0.2645655,3.010015,0.07233143,0.005425547,-0.1416595,0.9899006,30,-0.7,-1.619954,27.18027,31,5.7,-19.71234,155.9144
44.14246,NaN,NaN,NaN,-0.4701438,3.004732,0.06991211,0.0680749,0.004228584,0.01854476,-0.9974989,-0.4116256,3.00839,0.0706706,0.01539824,-0.1419185,0.9897586,30,-0.7,-1.381716,25.48512,31,5.7,-19.47411,154.2192
44.16663,NaN,NaN,NaN,-0.7171644,3.001403,0.07063647,0.06738507,-0.0006980374,0.0194338,-0.9975376,-0.6311994,3.00839,0.0706706,0.01539824,-0.1419185,0.9897586,30,-0.7,-1.062064,23.21068,31,5.7,-19.15445,151.9448
44.1842,NaN,NaN,NaN,-0.8363094,2.999569,0.0711204,0.06637795,-0.003388762,0.01934057,-0.9976013,-0.771691,3.005732,0.0700922,0.01735283,-0.1455051,0.9892054,30,-0.7,-0.8297464,21.55765,31,5.7,-18.92213,150.2918
44.20801,6.250051,-54.94095,391.2845,-1.070794,2.996076,0.0724349,0.0639594,-0.009088486,0.02032175,-0.9977041,-1.013604,3.002392,0.07039237,0.01836349,-0.1464886,0.9890419,30,-0.7,-0.5154175,19.32109,31,5.7,-18.60781,148.0552
44.22595,6.149596,-54.94103,391.285,-1.183815,2.994668,0.07322896,0.06249993,-0.01215,0.02123996,-0.997745,-1.114067,3.002392,0.07039237,0.01836349,-0.1464886,0.9890419,30,-0.7,-0.2779424,17.63136,31,5.7,-18.37033,146.3655
44.24988,5.469451,-34.75932,247.6847,-1.402927,2.991167,0.07506397,0.06178477,-0.0176714,0.02264683,-0.9976761,-1.341054,2.998495,0.07134461,0.02718024,-0.1506888,0.9882076,30,-0.7,0.03839239,15.38052,31,5.7,-18.054,144.1146
44.26819,5.374464,-34.75941,247.6854,-1.509808,2.987764,0.07613409,0.06119022,-0.02095763,0.02390805,-0.9976197,-1.436059,2.998495,0.07134461,0.02718024,-0.1506888,0.9882076,30,-0.7,0.2797657,13.66306,31,5.7,-17.81262,142.3972
44.2915,10.77806,-50.2109,357.6284,-1.713063,2.98296,0.07811169,0.05799884,-0.02590296,0.0242641,-0.9976856,-1.647593,2.994517,0.07295525,0.03435292,-0.1470958,0.9885255,30,-0.7,0.5888859,11.46356,31,5.7,-17.5035,140.1977
44.30957,10.62522,-45.99933,327.6615,-1.8097,2.980194,0.07930146,0.05796877,-0.02803082,0.02495148,-0.9976128,-1.762899,2.989546,0.07512069,0.03737432,-0.1477969,0.9883113,30,-0.7,0.8278525,9.763223,31,5.7,-17.26454,138.4973
44.33374,10.46002,-45.99928,327.6611,-1.99553,2.974678,0.0814971,0.05595944,-0.03201487,0.02691939,-0.9975564,-1.928081,2.989546,0.07512069,0.03737432,-0.1477969,0.9883113,30,-0.7,1.147436,7.489272,31,5.7,-16.94495,136.2234
44.35132,NaN,NaN,NaN,-2.079131,2.971809,0.08244219,0.05464385,-0.03319715,0.02750168,-0.9975749,-2.030121,2.983709,0.0775696,0.03402961,-0.1447526,0.9888825,30,-0.7,1.379594,5.83738,31,5.7,-16.71279,134.5715
44.37512,NaN,NaN,NaN,-2.239514,2.965558,0.08434698,0.05140693,-0.03570398,0.02858665,-0.9976299,-2.198369,2.977269,0.08002245,0.03712044,-0.1451533,0.9887126,30,-0.7,1.693971,3.60047,31,5.7,-16.39842,132.3346
44.39319,12.85,-56.12054,402.6251,-2.31249,2.962445,0.08532093,0.04940551,-0.0362727,0.02919667,-0.9976929,-2.263237,2.977269,0.08002245,0.03712044,-0.1451533,0.9887126,30,-0.7,1.93358,1.895563,31,5.7,-16.15881,130.6297
44.41687,12.85,-51.16263,365.5592,-2.447958,2.956428,0.08738468,0.04720299,-0.03736652,0.03065661,-0.9977152,-2.407156,2.970413,0.08254063,0.04126023,-0.1463931,0.9883656,31,5.7,-15.8464,128.4068,32,-5.7,-34.17429,258.8166
44.43542,12.85,-51.3465,366.8006,-2.506258,2.952886,0.08839973,0.04759278,-0.0373147,0.03126366,-0.9976799,-2.458979,2.970413,0.08254063,0.04126023,-0.1463931,0.9883656,31,5.7,-15.60052,126.6572,32,-5.7,-33.9284,257.067
44.45862,6.580596,-27.92194,199.0342,-2.611866,2.945925,0.09029174,0.04649024,-0.03726656,0.03268471,-0.9976881,-2.573847,2.963158,0.08497202,0.04542239,-0.1532453,0.9871437,31,5.7,-15.29467,124.481,32,-5.7,-33.62256,254.8908
44.47705,5.473742,-24.97496,178.0653,-2.655208,2.94241,0.0912791,0.04706953,-0.03693463,0.03331504,-0.9976525,-2.630622,2.955566,0.08734393,0.04493974,-0.1548784,0.9869109,31,5.7,-15.05091,122.7465,32,-5.7,-33.37879,253.1564
44.50061,5.408104,-24.97496,178.0653,-2.729052,2.934583,0.09332789,0.0478874,-0.03622938,0.03446051,-0.9976005,-2.696261,2.955566,0.08734393,0.04493974,-0.1548784,0.9869109,31,5.7,-14.73945,120.5304,32,-5.7,-33.06733,250.9402
44.51855,12.85,-44.12364,314.5846,-2.754707,2.93122,0.0944256,0.04763555,-0.03579981,0.03506866,-0.9976068,-2.734267,2.947484,0.08963692,0.04894869,-0.1478459,0.9877984,31,5.7,-14.50161,118.8381,32,-5.7,-32.82949,249.2479
44.54211,12.85,-42.76137,306.9275,-2.795323,2.924706,0.0968753,0.04801711,-0.03585531,0.0380166,-0.9974786,-2.782173,2.93884,0.09209001,0.05032674,-0.1471288,0.9878362,31,5.7,-14.18988,116.62,32,-5.7,-32.51776,247.0298
44.5603,12.85,-42.78237,307.0685,-2.803404,2.921737,0.09800261,0.04792991,-0.03580978,0.03970334,-0.9974186,-2.789357,2.93884,0.09209001,0.05032674,-0.1471288,0.9878362,31,5.7,-13.94944,114.9092,32,-5.7,-32.27732,245.319
44.58386,NaN,NaN,NaN,-2.806356,2.915998,0.1000629,0.0456515,-0.03562857,0.04146558,-0.9974604,-2.800321,2.93035,0.09471381,0.04898888,-0.144397,0.9883065,31,5.7,-13.63757,112.6901,32,-5.7,-31.96545,243.0999
44.60217,NaN,NaN,NaN,-2.798317,2.913528,0.1010386,0.04339155,-0.03580579,0.04306686,-0.997487,-2.793175,2.93035,0.09471381,0.04898888,-0.144397,0.9883065,31,5.7,-13.39669,110.9762,32,-5.7,-31.72458,241.386
44.62561,NaN,NaN,NaN,-2.771594,2.908959,0.1032613,0.04171448,-0.03681119,0.0486816,-0.9972638,-2.774126,2.922582,0.09742332,0.0491361,-0.145082,0.9881988,31,5.7,-13.08639,108.7683,32,-5.7,-31.41427,239.1781
44.64355,11.62646,-40.37806,287.664,-2.74661,2.907104,0.1045277,0.04225002,-0.03740198,0.05097514,-0.9971046,-2.752881,2.915676,0.09999716,0.04938637,-0.1486939,0.9876493,31,5.7,-12.84916,107.0803,32,-5.7,-31.17705,237.4901
44.6676,11.68065,-40.37806,287.664,-2.685649,2.904455,0.1072369,0.04365396,-0.03862747,0.05371827,-0.9968534,-2.698692,2.915676,0.09999716,0.04938637,-0.1486939,0.9876493,31,5.7,-12.53193,104.8231,32,-5.7,-30.85981,235.2329
44.6853,11.82541,-30.33014,216.1695,-2.646358,2.903466,0.1086513,0.04498061,-0.03969206,0.05527222,-0.9966676,-2.661233,2.909842,0.1026322,0.06612238,-0.1517196,0.9862094,31,5.7,-12.29702,103.1516,32,-5.7,-30.62491,233.5614
44.70923,NaN,NaN,NaN,-2.55878,2.900848,0.1113869,0.04668744,-0.04230729,0.05825115,-0.9963118,-2.577436,2.905469,0.1055809,0.08500654,-0.1438648,0.9859396,31,5.7,-11.98006,100.8963,32,-5.7,-30.30795,231.3062
44.72705,NaN,NaN,NaN,-2.506082,2.899415,0.1126598,0.04638617,-0.04358082,0.05824701,-0.9962713,-2.530594,2.905469,0.1055809,0.08500654,-0.1438648,0.9859396,31,5.7,-11.74572,99.22887,32,-5.7,-30.0736,229.6387
44.75098,NaN,NaN,NaN,-2.389861,2.897383,0.1149516,0.04394631,-0.04576327,0.05792832,-0.9963025,-2.418229,2.902191,0.1088539,0.0882218,-0.1415351,0.9859943,31,5.7,-11.42849,96.97169,32,-5.7,-29.75637,227.3815
44.7688,NaN,NaN,NaN,-2.322862,2.897118,0.1160372,0.04181759,-0.04660496,0.05725272,-0.9963942,-2.358675,2.902191,0.1088539,0.0882218,-0.1415351,0.9859943,31,5.7,-11.1926,95.29327,32,-5.7,-29.52049,225.7031
44.79285,NaN,NaN,NaN,-2.179274,2.897197,0.1182447,0.03842016,-0.04769485,0.05613749,-0.9965429,-2.218831,2.899224,0.1119698,0.09134918,-0.1451657,0.9851813,31,5.7,-10.87576,93.0388,32,-5.7,-29.20364,223.4486
44.81055,18.11001,-32.90448,234.4867,-2.097214,2.898327,0.1193608,0.0371811,-0.04769527,0.05545583,-0.996628,-2.130724,2.897026,0.1148272,0.08506187,-0.1504562,0.9849504,31,5.7,-10.64119,91.36978,32,-5.7,-28.96908,221.7796
44.83459,18.26193,-32.90447,234.4867,-1.9263,2.901553,0.121548,0.03488422,-0.04854159,0.05572115,-0.9966553,-1.978801,2.897026,0.1148272,0.08506187,-0.1504562,0.9849504,31,5.7,-10.32253,89.10242,32,-5.7,-28.65042,219.5122
44.85229,11.54759,-21.73758,155.0302,-1.831981,2.904234,0.1225016,0.03298636,-0.04949461,0.05687387,-0.9966081,-1.876915,2.896501,0.1175202,0.08527149,-0.1564739,0.9839943,31,5.7,-10.08898,87.44062,32,-5.7,-28.41687,217.8504
44.87634,9.14421,-17.3033,123.4786,-1.635334,2.909558,0.124066,0.02826722,-0.05258621,0.05915292,-0.9964621,-1.681149,2.898551,0.1201233,0.08627869,-0.1610098,0.9831744,31,5.7,-9.770718,85.17604,32,-5.7,-28.0986,215.5858
44.89417,9.237063,-17.30332,123.4788,-1.53089,2.912675,0.124523,0.02477151,-0.05487663,0.06001129,-0.9963803,-1.58831,2.898551,0.1201233,0.08627869,-0.1610098,0.9831744,31,5.7,-9.535192,83.50019,32,-5.7,-27.86308,213.91
44.91821,11.4353,-21.06698,150.2587,-1.314532,2.91988,0.1254315,0.018956,-0.05863084,0.05928445,-0.9963375,-1.372084,2.903261,0.1224513,0.0839409,-0.1571035,0.9840084,31,5.7,-9.218242,81.24497,32,-5.7,-27.54613,211.6548
44.93604,11.53613,-21.067,150.2588,-1.201106,2.924051,0.1258027,0.01740175,-0.06039643,0.05702626,-0.9963923,-1.271261,2.903261,0.1224513,0.0839409,-0.1571035,0.9840084,31,5.7,-8.981688,79.5618,32,-5.7,-27.30957,209.9716
44.95984,8.778321,-14.99422,107.0487,-0.9696752,2.932837,0.1265199,0.01461622,-0.06341747,0.05185806,-0.9965317,-1.039172,2.90986,0.1241959,0.09018724,-0.1644738,0.9822498,31,5.7,-8.667068,77.32317,32,-5.7,-26.99495,207.733
44.97754,12.85,-20.75368,148.2073,-0.8491488,2.937287,0.1267589,0.01429436,-0.06439805,0.04804001,-0.9966648,-0.9035833,2.91819,0.1254824,0.09133052,-0.1571928,0.9833357,31,5.7,-8.432598,75.65482,32,-5.7,-26.76048,206.0647
45.00171,12.85,-20.37976,145.8682,-0.604743,2.945888,0.1271116,0.01236597,-0.06590349,0.04082925,-0.9969137,-0.6863337,2.91819,0.1254824,0.09133052,-0.1571928,0.9833357,31,5.7,-8.114037,73.38815,32,-5.7,-26.44192,203.798
45.01929,19.63294,-30.34149,216.2502,-0.4786265,2.949685,0.1272014,0.01094941,-0.06570265,0.03665351,-0.9971057,-0.5440125,2.928026,0.1263658,0.09188109,-0.1515016,0.9841774,31,5.7,-7.880756,71.72827,32,-5.7,-26.20864,202.1381
45.04333,20.27774,-29.79396,212.3543,-0.2224447,2.957188,0.1272196,0.006970231,-0.06477544,0.02892542,-0.9974562,-0.2845604,2.938379,0.1269369,0.09531982,-0.151736,0.9838142,31,5.7,-7.563162,69.46847,32,-5.7,-25.89105,199.8783
45.06116,20.39434,-29.79397,212.3544,-0.09128538,2.960766,0.1272088,0.004920781,-0.06408089,0.02625036,-0.9975873,-0.1679742,2.938379,0.1269369,0.09531982,-0.151736,0.9838142,31,5.7,-7.327708,67.79313,32,-5.7,-25.65559,198.203
45.08508,23.88847,-37.68803,268.5236,0.175718,2.967761,0.1272589,0.00173308,-0.06257436,0.0207072,-0.997824,0.1023784,2.94817,0.1272179,0.08728989,-0.1491263,0.9849578,31,5.7,-7.011143,65.54065,32,-5.7,-25.33903,195.9505
45.10291,24.01001,-37.68793,268.5228,0.3125218,2.970827,0.1270562,0.0006062884,-0.06135858,0.01836284,-0.9979467,0.2239818,2.94817,0.1272179,0.08728989,-0.1491263,0.9849578,31,5.7,-6.775168,63.8616,32,-5.7,-25.10305,194.2715
45.12646,12.85,-19.30033,140.3517,0.587236,2.976706,0.1263988,-0.002384571,-0.05939042,0.01414812,-0.9981318,0.5023802,2.9572,0.1272842,0.08664035,-0.1561758,0.983922,31,5.7,-6.463613,61.64477,32,-5.7,-24.7915,192.0546
45.14453,17.33727,-28.6894,204.495,0.7273263,2.979211,0.1257195,-0.003097119,-0.05832864,0.01237225,-0.998216,0.6622469,2.965577,0.1271989,0.08037082,-0.1525717,0.985019,31,5.7,-6.225945,59.95368,32,-5.7,-24.55383,190.3635
45.16833,17.58635,-28.68942,204.4951,1.007524,2.9837,0.124452,-0.00347621,-0.05640446,0.008768803,-0.9983635,0.9113114,2.965577,0.1271989,0.08037082,-0.1525717,0.985019,31,5.7,-5.910051,57.70597,32,-5.7,-24.23793,188.1158
45.1864,17.186,-28.5572,203.5543,1.148039,2.985638,0.1237486,-0.001596496,-0.05556832,0.007243926,-0.9984274,1.07249,2.972973,0.1266042,0.07803663,-0.1526985,0.985187,31,5.7,-5.671357,56.00758,32,-5.7,-23.99924,186.4174
45.21021,12.85,-20.37184,149.303,1.430123,2.989914,0.1227149,0.001102319,-0.0535465,0.002892646,-0.9985606,1.360086,2.979273,0.1254497,0.07587577,-0.1542034,0.9851214,31,5.7,-5.357444,53.77397,32,-5.7,-23.68533,184.1838
45.22827,12.85,-20.11203,147.6432,1.573946,2.991523,0.1222721,0.004661111,-0.05177979,-0.0008280596,-0.9986473,1.487928,2.979273,0.1254497,0.07587577,-0.1542034,0.9851214,31,5.7,-5.118075,52.07077,32,-5.7,-23.44596,182.4806
45.25183,18.08704,-30.84879,219.8599,1.857866,2.993672,0.1211298,0.008961069,-0.04906922,-0.006438943,-0.9987344,1.777665,2.9846,0.1240345,0.07316153,-0.1517719,0.9857042,31,5.7,-4.806637,49.85477,32,-5.7,-23.13452,180.2646
45.27002,28.74144,-52.09137,371.0085,2.000273,2.994895,0.1206367,0.01159785,-0.04750147,-0.008632604,-0.9987666,1.942009,2.989048,0.1226659,0.07129212,-0.1465255,0.9866346,31,5.7,-4.566167,48.14374,32,-5.7,-22.89405,178.5536
45.29382,28.99426,-52.09137,371.0085,2.284696,2.996773,0.1198434,0.01815039,-0.04478259,-0.01370735,-0.9987378,2.194829,2.989048,0.1226659,0.07129212,-0.1465255,0.9866346,31,5.7,-4.251995,45.90829,32,-5.7,-22.57988,176.3181
45.31201,NaN,NaN,NaN,2.426208,2.99747,0.1190815,0.02224963,-0.04374121,-0.0165078,-0.9986587,2.358476,2.992362,0.1213857,0.069911,-0.1440679,0.9870952,31,5.7,-4.011652,44.19817,32,-5.7,-22.33954,174.608
45.33557,NaN,NaN,NaN,2.704109,2.998958,0.1176757,0.02704002,-0.04296306,-0.019952,-0.9985114,2.605499,2.992362,0.1213857,0.069911,-0.1440679,0.9870952,31,5.7,-3.699406,41.97642,32,-5.7,-22.02729,172.3863
45.35376,NaN,NaN,NaN,2.843899,2.999045,0.1169633,0.02991318,-0.04295444,-0.0221224,-0.9983841,2.767611,2.994939,0.1201174,0.07297274,-0.1423111,0.9871284,31,5.7,-3.459209,40.26733,32,-5.7,-21.78709,170.6772
45.3772,32.85549,-56.28294,400.8331,3.119426,2.998806,0.1159597,0.03467135,-0.04256895,-0.02925887,-0.998063,3.050036,2.996799,0.11874,0.0733816,-0.1459479,0.9865669,31,5.7,-3.149275,38.06204,32,-5.7,-21.47716,168.4719
45.39587,32.97484,-56.28293,400.8331,3.2537,3.000132,0.1157655,0.03741127,-0.04257834,-0.03278708,-0.9978539,3.169391,2.996799,0.11874,0.0733816,-0.1459479,0.9865669,31,5.7,-2.901945,36.3022,32,-5.7,-21.22983,166.712
45.41895,31.87218,-54.8537,390.6636,3.520035,3.000472,0.1157604,0.04476557,-0.04250719,-0.03809907,-0.9973654,3.443224,2.99774,0.1172575,0.07182108,-0.1461522,0.9866515,31,5.7,-2.597138,34.13338,32,-5.7,-20.92502,164.5432
45.43738,16.95053,-24.90637,177.5773,3.653029,3.00027,0.1153738,0.04635611,-0.04241649,-0.04038861,-0.9972065,3.59789,2.998585,0.1162051,0.07412478,-0.1549094,0.985144,31,5.7,-2.353039,32.39653,32,-5.7,-20.68093,162.8064
45.46082,17.18538,-24.90634,177.5771,3.917253,2.998358,0.1151385,0.04837275,-0.04226169,-0.04509289,-0.9969156,3.832755,2.998585,0.1162051,0.07412478,-0.1549094,0.985144,31,5.7,-2.044532,30.20139,32,-5.7,-20.37242,160.6112
45.479,12.84048,-16.73044,119.4026,4.045997,2.997924,0.1153222,0.0467641,-0.04249831,-0.0459699,-0.9969422,3.982955,2.998988,0.1156449,0.0730628,-0.1627417,0.9839598,31,5.7,-1.80343,28.48586,32,-5.7,-20.13132,158.8957
45.50244,12.85,-16.24414,116.4624,4.302332,2.997139,0.1161904,0.04878734,-0.04238005,-0.04796537,-0.9967563,4.210809,2.998988,0.1156449,0.0730628,-0.1627417,0.9839598,31,5.7,-1.493238,26.27872,32,-5.7,-19.82113,156.6886
45.52087,10.68475,-14.04341,100.2833,4.429103,2.996315,0.1169047,0.05061991,-0.04201806,-0.0490638,-0.9966268,4.358719,2.998152,0.1154382,0.06213935,-0.1673959,0.9839295,31,5.7,-1.249729,24.54607,32,-5.7,-19.57762,154.9559
45.54431,11.56497,-15.75935,112.4929,4.677816,2.994992,0.1185406,0.05270253,-0.04144441,-0.05114631,-0.9964381,4.614373,2.996897,0.1158448,0.06089353,-0.1643218,0.9845254,31,5.7,-0.9395802,22.33924,32,-5.7,-19.26747,152.7491
45.56262,11.67398,-15.75935,112.4929,4.800448,2.99385,0.1196294,0.05418182,-0.04101608,-0.05201687,-0.9963314,4.72338,2.996897,0.1158448,0.06089353,-0.1643218,0.9845254,31,5.7,-0.6982633,20.62219,32,-5.7,-19.02615,151.032
45.58606,9.852695,-11.85453,84.70866,5.041044,2.992031,0.122317,0.05554857,-0.03988836,-0.05460215,-0.9961636,4.971063,2.995555,0.1170813,0.05674744,-0.1726277,0.9833512,31,5.7,-0.3882191,18.41611,32,-5.7,-18.71611,148.8259
45.60437,9.96575,-12.44616,88.91835,5.158294,2.990893,0.1240921,0.05705959,-0.03892678,-0.05539323,-0.9960725,5.108381,2.99359,0.1191511,0.0538139,-0.1710543,0.9837909,31,5.7,-0.1458369,16.69147,32,-5.7,-18.47372,147.1013
45.62781,10.17134,-12.44616,88.91835,5.389579,2.988059,0.1276648,0.05845056,-0.03694469,-0.05729963,-0.9959596,5.313968,2.99359,0.1191511,0.0538139,-0.1710543,0.9837909,31,5.7,0.1635994,14.48972,32,-5.7,-18.16429,144.8996
45.64612,9.684476,-11.27181,80.56243,5.502648,2.986247,0.1296912,0.05872572,-0.03514989,-0.05864249,-0.9959302,5.446681,2.991238,0.1221993,0.0518037,-0.1743547,0.9833193,31,5.7,0.4062377,12.76326,32,-5.7,-17.92165,143.1731
45.66968,8.816462,-10.30834,73.70698,5.721863,2.981797,0.1341711,0.06005495,-0.03131401,-0.06005746,-0.9958946,5.672718,2.988239,0.1262107,0.04200698,-0.1776702,0.9831932,31,5.7,0.7171848,10.55075,32,-5.7,-17.6107,140.9606
45.68799,8.910389,-10.30834,73.70694,5.827531,2.979193,0.1366677,0.06060778,-0.02868563,-0.06030618,-0.9959252,5.766645,2.988239,0.1262107,0.04200698,-0.1776702,0.9831932,31,5.7,0.9592743,8.828196,32,-5.7,-17.36861,139.238
45.7113,8.637894,-12.95107,92.51099,6.034607,2.974307,0.1416543,0.06191759,-0.023335,-0.06151369,-0.9959106,5.980713,2.98405,0.1310911,0.0283336,-0.1699169,0.985051,31,5.7,1.268854,6.625423,32,-5.7,-17.05903,137.0353
45.72974,8.724689,-12.95107,92.51099,6.132252,2.971662,0.144077,0.06307998,-0.02072424,-0.06149831,-0.9958963,6.067509,2.98405,0.1310911,0.0283336,-0.1699169,0.985051,31,5.7,1.511165,4.901289,32,-5.7,-16.81672,135.3111
45.75317,-0.4116698,-19.384,138.2836,6.318725,2.965314,0.1480468,0.06279502,-0.01587521,-0.06194361,-0.9959759,6.262113,2.978658,0.1365098,-0.04763436,-0.1596142,0.9860296,31,5.7,1.82118,2.695415,32,-5.7,-16.50671,133.1053
45.77161,-8.166186,-32.31986,230.3269,6.40747,2.961994,0.1499389,0.06327699,-0.01258046,-0.0644327,-0.9958345,6.36827,2.972529,0.1421726,-0.06229201,-0.1512567,0.9865299,31,5.7,2.065462,0.9572586,32,-5.7,-16.26242,131.3671
45.79541,-8.020623,-32.31986,230.327,6.571228,2.955968,0.1533583,0.06512814,-0.006867208,-0.06812348,-0.9955252,6.513833,2.972529,0.1421726,-0.06229201,-0.1512567,0.9865299,32,-5.7,-15.94812,129.1307,33,0.7,-34.04052,257.8646
45.8136,NaN,NaN,NaN,6.64377,2.952604,0.1548336,0.06631755,-0.004442163,-0.068358,-0.9954444,6.603557,2.965446,0.1473155,-0.07447993,-0.1453182,0.9865776,32,-5.7,-15.70786,127.4211,33,0.7,-33.80026,256.1551
45.83679,-19.84258,-45.41124,323.4769,6.785679,2.945749,0.1576232,0.06691259,0.0009268746,-0.07102337,-0.9952275,6.752633,2.957977,0.1517732,-0.08108217,-0.1474657,0.9857381,32,-5.7,-15.40047,125.234,33,0.7,-33.49287,253.9679
45.86499,-19.73724,-45.4113,323.4774,6.904217,2.939234,0.1599979,0.066025,0.004918664,-0.07235912,-0.9951787,6.858,2.957977,0.1517732,-0.08108217,-0.1474657,0.9857381,32,-5.7,-15.02757,122.5807,33,0.7,-33.11998,251.3146
45.88306,NaN,NaN,NaN,6.952631,2.936098,0.1609667,0.06547987,0.006644807,-0.07184991,-0.9952416,6.921496,2.950132,0.1555638,-0.08364843,-0.1430261,0.9861777,32,-5.7,-14.78851,120.8796,33,0.7,-32.88091,249.6136
45.90637,-25.78002,-49.25779,350.8466,7.036465,2.929597,0.1630231,0.0649503,0.009746633,-0.07012822,-0.9953735,7.013612,2.942217,0.1587527,-0.09210012,-0.1466025,0.9848986,32,-5.7,-14.48128,118.6936,33,0.7,-32.57368,247.4275
45.9248,-25.75452,-49.25786,350.8471,7.065197,2.926547,0.1641201,0.06500581,0.01061341,-0.06847642,-0.9954761,7.039151,2.942217,0.1587527,-0.09210012,-0.1466025,0.9848986,32,-5.7,-14.23776,116.9608,33,0.7,-32.33016,245.6948
45.94812,-11.74354,-27.33389,194.85,7.110435,2.920463,0.1661218,0.06620245,0.01306496,-0.06779905,-0.9954144,7.093444,2.93447,0.1615692,-0.095172,-0.1529279,0.9836439,32,-5.7,-13.9289,114.7632,33,0.7,-32.0213,243.4971
45.96716,-11.73701,-27.33389,194.85,7.117785,2.917647,0.1670777,0.06693276,0.01421198,-0.06800037,-0.9953361,7.099977,2.93447,0.1615692,-0.095172,-0.1529279,0.9836439,32,-5.7,-13.67763,112.9753,33,0.7,-31.77003,241.7093
45.98987,-10.95384,-24.75538,176.5029,7.117088,2.912065,0.1688927,0.06700061,0.01583018,-0.06665806,-0.9953979,7.109544,2.926853,0.1639721,-0.100682,-0.1542958,0.9828814,32,-5.7,-13.37637,110.8317,33,0.7,-31.46877,239.5657
46.00842,-12.85,-25.90788,187.8254,7.102078,2.909392,0.1696616,0.06562788,0.01591177,-0.06516846,-0.9955867,7.102124,2.919628,0.1662936,-0.1045129,-0.1510038,0.9829929,32,-5.7,-13.13071,109.0838,33,0.7,-31.22311,237.8177
46.0321,-12.85,-25.84733,187.4312,7.05493,2.904603,0.171415,0.0633514,0.01610662,-0.06292827,-0.9958751,7.060214,2.919628,0.1662936,-0.1045129,-0.1510038,0.9829929,32,-5.7,-12.81826,106.8606,33,0.7,-30.91066,235.5945
46.05005,-12.85,-26.68191,192.0106,7.015592,2.902514,0.1721977,0.06232373,0.0164942,-0.06241825,-0.9959657,7.026574,2.91282,0.1685494,-0.1018651,-0.1516695,0.9831683,32,-5.7,-12.58044,105.1684,33,0.7,-30.67284,233.9023
46.07349,-12.80827,-26.06014,185.7868,6.920424,2.898196,0.1732093,0.05926008,0.0175952,-0.06171122,-0.9961779,6.938379,2.906622,0.170658,-0.1045362,-0.1533463,0.9826276,32,-5.7,-12.27079,102.9652,33,0.7,-30.3632,231.6991
46.0918,-12.85,-26.03926,185.653,6.857459,2.895861,0.173235,0.05603743,0.01820645,-0.06187668,-0.9963432,6.88241,2.906622,0.170658,-0.1045362,-0.1533463,0.9826276,32,-5.7,-12.02906,101.2451,33,0.7,-30.12146,229.9791
46.11548,-10.48958,-22.09388,157.5653,6.716197,2.89129,0.1729377,0.05036892,0.01963319,-0.06252059,-0.9965785,6.748125,2.901108,0.1723211,-0.1075374,-0.1559313,0.9818967,32,-5.7,-11.71581,99.01627,33,0.7,-29.80821,227.7502
46.1344,-10.56688,-22.09386,157.5652,6.62921,2.889664,0.1727299,0.04799741,0.0205596,-0.06334862,-0.9966245,6.670803,2.901108,0.1723211,-0.1075374,-0.1559313,0.9818967,32,-5.7,-11.46618,97.24006,33,0.7,-29.55858,225.974
46.1571,-6.056251,-15.55381,111.0304,6.439788,2.887789,0.1728103,0.04519013,0.02243824,-0.0653174,-0.9965882,6.488717,2.895751,0.173156,-0.1109389,-0.163155,0.9803433,32,-5.7,-11.16528,95.09901,33,0.7,-29.25768,223.8329
46.17529,-7.896986,-17.05274,121.6958,6.329083,2.888482,0.1730326,0.04457553,0.02371763,-0.06764235,-0.9964312,6.371617,2.89081,0.1733148,-0.1150954,-0.1608714,0.9802415,32,-5.7,-10.92501,93.38944,33,0.7,-29.01742,222.1234
46.19946,-8.106005,-17.05274,121.6958,6.093936,2.890347,0.1733378,0.04434035,0.02635084,-0.07192626,-0.9960754,6.162597,2.89081,0.1733148,-0.1150954,-0.1608714,0.9802415,32,-5.7,-10.60487,91.1115,33,0.7,-28.69727,219.8454
46.21704,-10.98828,-19.90751,142.0085,5.963432,2.891454,0.1733207,0.0429772,0.02743018,-0.07355058,-0.9959874,6.022828,2.888044,0.173202,-0.1175944,-0.1575812,0.9804794,32,-5.7,-10.37306,89.46209,33,0.7,-28.46546,218.196
46.24072,-11.58548,-19.75041,140.8907,5.691474,2.894989,0.1728751,0.03793122,0.02961891,-0.0756534,-0.9959722,5.752408,2.888308,0.1733067,-0.1207563,-0.157676,0.9800797,32,-5.7,-10.0604,87.23742,33,0.7,-28.1528,215.9714
46.25879,-11.71521,-19.75041,140.8907,5.545527,2.897012,0.1723912,0.03486462,0.03110176,-0.07624411,-0.995994,5.622677,2.888308,0.1733067,-0.1207563,-0.157676,0.9800797,32,-5.7,-9.821782,85.53954,33,0.7,-27.91418,214.2735
46.28247,-10.75065,-17.8548,127.4028,5.241615,2.901652,0.1709679,0.0294731,0.03417775,-0.07604452,-0.9960825,5.31948,2.890842,0.1732399,-0.1237043,-0.1596953,0.9793848,32,-5.7,-9.507536,83.30357,33,0.7,-27.59994,212.0375
46.30103,-10.89376,-17.8548,127.4028,5.080617,2.904465,0.1698327,0.02729899,0.03581568,-0.0740146,-0.9962399,5.176371,2.890842,0.1732399,-0.1237043,-0.1596953,0.9793848,32,-5.7,-9.263453,81.56683,33,0.7,-27.35585,210.3008
46.3241,-12.85,-19.06816,137.47,4.751061,2.91053,0.1672373,0.02354372,0.03904235,-0.07092543,-0.9964392,4.846575,2.894911,0.1725224,-0.1262556,-0.1566947,0.9795439,32,-5.7,-8.958358,79.39597,33,0.7,-27.05076,208.1299
46.34204,-7.78151,-13.31976,95.1343,4.578732,2.913707,0.1655559,0.02291794,0.04090808,-0.06927802,-0.9964948,4.653242,2.900599,0.1708598,-0.1280113,-0.1669828,0.9776144,32,-5.7,-8.719758,77.69824,33,0.7,-26.81216,206.4322
46.36658,-8.093762,-13.31976,95.13428,4.227442,2.919825,0.1618819,0.02192338,0.0442017,-0.06525093,-0.9966484,4.340984,2.900599,0.1708598,-0.1280113,-0.1669828,0.9776144,32,-5.7,-8.396033,75.39482,33,0.7,-26.48843,204.1288
46.38379,-21.50892,-27.58914,196.6661,4.04754,2.922855,0.159605,0.02187411,0.04596973,-0.06376514,-0.9966656,4.138062,2.907413,0.1681098,-0.1279166,-0.1521043,0.9800519,32,-5.7,-8.167827,73.77105,33,0.7,-26.26023,202.505
46.40784,-22.13795,-26.97082,192.2665,3.680444,2.928805,0.1548819,0.02155532,0.04834441,-0.05963725,-0.9968157,3.766371,2.914603,0.1641937,-0.1320764,-0.1523746,0.9794579,32,-5.7,-7.851376,71.51938,33,0.7,-25.94378,200.2533
46.42542,-22.30667,-26.97082,192.2665,3.490638,2.932101,0.1524528,0.02153852,0.04922125,-0.05777089,-0.9968832,3.597655,2.914603,0.1641937,-0.1320764,-0.1523746,0.9794579,32,-5.7,-7.617546,69.8556,33,0.7,-25.70995,198.5895
46.44922,-21.5375,-25.83717,184.2002,3.106221,2.939469,0.1477033,0.02243822,0.05128512,-0.05504031,-0.9969137,3.208513,2.921945,0.1593113,-0.1316901,-0.1530465,0.9794052,32,-5.7,-7.303051,67.61784,33,0.7,-25.39545,196.3518
46.46765,-21.71297,-25.83717,184.2002,2.908826,2.943112,0.1453529,0.02370333,0.05204767,-0.05366994,-0.9969196,3.03305,2.921945,0.1593113,-0.1316901,-0.1530465,0.9794052,32,-5.7,-7.059403,65.8842,33,0.7,-25.1518,194.6181
46.49121,-17.99614,-24.28481,173.1546,2.512914,2.950102,0.1402012,0.02440945,0.05325163,-0.05060402,-0.9969993,2.631796,2.929684,0.1538266,-0.1169789,-0.1543306,0.9810699,32,-5.7,-6.748642,63.67302,33,0.7,-24.84104,192.407
46.50916,-12.85,-16.66314,122.3742,2.312768,2.953397,0.1374194,0.02391918,0.05339009,-0.04889438,-0.9970891,2.40289,2.93804,0.1480889,-0.1222931,-0.1571563,0.9799726,32,-5.7,-6.511423,61.98512,33,0.7,-24.60382,190.7191
46.53345,-12.85,-16.20139,119.495,1.908543,2.960057,0.1317325,0.02305895,0.05346802,-0.04497989,-0.9972895,2.043578,2.93804,0.1480889,-0.1222931,-0.1571563,0.9799726,32,-5.7,-6.189622,59.69538,33,0.7,-24.28202,188.4293
46.55078,-12.85,-15.65695,113.8808,1.703065,2.963526,0.1288659,0.02272689,0.05338446,-0.04307298,-0.9973858,1.808755,2.946434,0.141978,-0.1261743,-0.1601274,0.9789991,32,-5.7,-5.961102,58.06938,33,0.7,-24.0535,186.8033
46.57471,-12.85,-14.40926,105.9637,1.292947,2.970294,0.1231606,0.02400379,0.05363142,-0.04002732,-0.9974695,1.390835,2.95465,0.1355122,-0.1316346,-0.1605025,0.9782184,32,-5.7,-5.644956,55.81988,33,0.7,-23.73736,184.5538
46.59241,-12.85,-14.18741,104.6116,1.088256,2.973206,0.1202906,0.02546446,0.0537696,-0.03897173,-0.9974676,1.208888,2.95465,0.1355122,-0.1316346,-0.1605025,0.9782184,32,-5.7,-5.409565,54.145,33,0.7,-23.50197,182.879
46.61646,NaN,NaN,NaN,0.6778638,2.979062,0.1145699,0.02797202,0.05289567,-0.03483996,-0.9976001,0.7899289,2.962751,0.1287696,-0.1384054,-0.1342167,0.981239,32,-5.7,-5.092346,51.88786,33,0.7,-23.18475,180.6218
46.63477,NaN,NaN,NaN,0.4725561,2.981566,0.1115865,0.02993331,0.05217017,-0.03223023,-0.9976691,0.6074331,2.962751,0.1287696,-0.1384054,-0.1342167,0.981239,32,-5.7,-4.850731,50.16869,33,0.7,-22.94314,178.9026
46.65808,NaN,NaN,NaN,0.06263725,2.985888,0.1058536,0.03299884,0.05068783,-0.02665662,-0.9978133,0.1885212,2.97047,0.1217759,-0.1416093,-0.1299666,0.9813539,32,-5.7,-4.54131,47.96704,33,0.7,-22.63371,176.701
46.67627,NaN,NaN,NaN,-0.1424377,2.987361,0.1030957,0.03353957,0.0494397,-0.02363839,-0.9979339,-0.04839078,2.977423,0.1148002,-0.1389919,-0.1312803,0.9815533,32,-5.7,-4.301225,46.25875,33,0.7,-22.39363,174.9927
46.70032,NaN,NaN,NaN,-0.5493373,2.990194,0.09764454,0.0338991,0.04701031,-0.01874722,-0.998143,-0.4100794,2.977423,0.1148002,-0.1389919,-0.1312803,0.9815533,32,-5.7,-3.983919,44.001,33,0.7,-22.07632,172.7349
46.71826,NaN,NaN,NaN,-0.7538419,2.991569,0.09536387,0.03388811,0.04541815,-0.01638378,-0.9982587,-0.6464275,2.983047,0.1080521,-0.1311295,-0.1390921,0.9815592,32,-5.7,-3.745937,42.30767,33,0.7,-21.83834,171.0416
46.74182,NaN,NaN,NaN,-1.156159,2.992386,0.09054089,0.03623858,0.04258593,-0.01180984,-0.9983656,-1.058437,2.98726,0.1014861,-0.1224174,-0.1402737,0.9825158,32,-5.7,-3.435407,40.09814,33,0.7,-21.52781,168.8321
46.75964,NaN,NaN,NaN,-1.357276,2.993012,0.08842431,0.03566781,0.04136373,-0.01081198,-0.9984488,-1.237207,2.98726,0.1014861,-0.1224174,-0.1402737,0.9825158,32,-5.7,-3.198555,38.41284,33,0.7,-21.29096,167.1468
46.78345,NaN,NaN,NaN,-1.756582,2.99389,0.08423011,0.03735797,0.03899565,-0.008155519,-0.9985076,-1.64625,2.990216,0.09540606,-0.1209877,-0.1362619,0.9832572,32,-5.7,-2.884315,36.17691,33,0.7,-20.97672,164.9109
46.80164,NaN,NaN,NaN,-1.953934,2.993867,0.08203363,0.03776307,0.03784131,-0.007216107,-0.9985439,-1.821674,2.990216,0.09540606,-0.1209877,-0.1362619,0.9832572,32,-5.7,-2.644627,34.47144,33,0.7,-20.73703,163.2054
46.8252,NaN,NaN,NaN,-2.344529,2.993476,0.07798671,0.03760173,0.03531012,-0.005534748,-0.9986535,-2.222522,2.991855,0.08979189,-0.1160946,-0.1452061,0.9825667,32,-5.7,-2.332439,32.25011,33,0.7,-20.42484,160.9841
46.84326,NaN,NaN,NaN,-2.536186,2.992575,0.07592121,0.03702689,0.03380886,-0.005028155,-0.9987296,-2.445986,2.992641,0.08460641,-0.1146521,-0.1433008,0.9830157,32,-5.7,-2.092897,30.54568,33,0.7,-20.1853,159.2796
46.86719,NaN,NaN,NaN,-2.915544,2.992165,0.07206587,0.03493749,0.03055047,-0.003790045,-0.9989153,-2.783193,2.992641,0.08460641,-0.1146521,-0.1433008,0.9830157,32,-5.7,-1.777721,28.30308,33,0.7,-19.87013,157.037
46.88501,NaN,NaN,NaN,-3.100162,2.992198,0.0701075,0.03640719,0.02900948,-0.002702491,-0.9989123,-2.999518,2.99246,0.07957852,-0.1093418,-0.1444146,0.9834576,32,-5.7,-1.541876,26.62496,33,0.7,-19.63428,155.3589
46.90881,-41.67405,-52.2101,371.8534,-3.466726,2.990336,0.06682328,0.03841818,0.0252872,-0.0001931179,-0.9989418,-3.376444,2.99182,0.07466269,-0.1013698,-0.1461139,0.9840604,32,-5.7,-1.227484,24.38795,33,0.7,-19.31989,153.1219
46.92676,-41.83164,-52.2101,371.8534,-3.644016,2.989681,0.06522654,0.0386793,0.02397555,0.0003833664,-0.998964,-3.534034,2.99182,0.07466269,-0.1013698,-0.1461139,0.9840604,32,-5.7,-0.9889799,22.6909,33,0.7,-19.08138,151.4248
46.95056,NaN,NaN,NaN,-3.993983,2.987385,0.06220916,0.0404692,0.0203236,0.00248785,-0.998971,-3.895037,2.990681,0.07032359,-0.09465517,-0.1442606,0.9850022,32,-5.7,-0.6753086,20.45901,33,0.7,-18.76771,149.1929
46.96863,NaN,NaN,NaN,-4.164193,2.986161,0.06102883,0.04123612,0.01843642,0.003215618,-0.9989742,-4.046335,2.990681,0.07032359,-0.09465517,-0.1442606,0.9850022,32,-5.7,-0.436214,18.75776,33,0.7,-18.52862,147.4917
46.99231,NaN,NaN,NaN,-4.494128,2.983912,0.05888763,0.04408171,0.01480635,0.00380433,-0.998911,-4.388014,2.988954,0.06631708,-0.09327883,-0.1422365,0.9854278,32,-5.7,-0.1229951,16.52909,33,0.7,-18.2154,145.263
47.01038,NaN,NaN,NaN,-4.653999,2.982031,0.0581203,0.04636047,0.01261681,0.00400111,-0.9988371,-4.576809,2.986521,0.06266367,-0.08575349,-0.141773,0.9861779,32,-5.7,0.1164769,14.82516,33,0.7,-17.97593,143.5591
47.0343,NaN,NaN,NaN,-4.965517,2.978437,0.05710748,0.04946244,0.00828661,0.005622473,-0.9987258,-4.853713,2.986521,0.06266367,-0.08575349,-0.141773,0.9861779,32,-5.7,0.4322071,12.57863,33,0.7,-17.6602,141.3126
47.05212,NaN,NaN,NaN,-5.11523,2.976004,0.05691604,0.05054332,0.005610816,0.006656271,-0.9986839,-5.031555,2.983576,0.05986202,-0.07739504,-0.1452822,0.9863585,32,-5.7,0.667166,10.90681,33,0.7,-17.42524,139.6407
47.07605,NaN,NaN,NaN,-5.405038,2.971306,0.05663578,0.05033508,0.0009477362,0.007978245,-0.9987001,-5.331908,2.979774,0.05806696,-0.07596911,-0.1390207,0.9873713,32,-5.7,0.9838107,8.653762,33,0.7,-17.10859,137.3877
47.09412,NaN,NaN,NaN,-5.544363,2.968614,0.05671068,0.04977944,-0.001634903,0.009417605,-0.9987145,-5.455751,2.979774,0.05806696,-0.07596911,-0.1390207,0.9873713,32,-5.7,1.222423,6.95595,33,0.7,-16.86998,135.6899
47.1178,-22.83558,-32.22738,244.5964,-5.81269,2.962495,0.05667692,0.04714081,-0.006674275,0.01197565,-0.9987942,-5.734845,2.974911,0.0571059,-0.06905171,-0.1421446,0.9874344,32,-5.7,1.535451,4.72864,33,0.7,-16.55696,133.4626
47.1355,-22.79371,-31.90965,242.3892,-5.939229,2.959802,0.05682024,0.04468031,-0.008874944,0.01281337,-0.9988797,-5.847324,2.974911,0.0571059,-0.06905171,-0.1421446,0.9874344,32,-5.7,1.769952,3.060074,33,0.7,-16.32245,131.794
47.15955,NaN,NaN,NaN,-6.18271,2.954102,0.05737092,0.04152803,-0.0132373,0.01537632,-0.9989313,-6.102089,2.968907,0.05658984,-0.0630863,-0.1438453,0.9875873,32,-5.7,2.087459,0.8008955,33,0.7,-16.00495,129.5348
47.17737,-19.3226,-33.51387,238.8226,-6.295841,2.950907,0.05750267,0.03967725,-0.01543095,0.01736929,-0.9989424,-6.238598,2.96229,0.05676067,-0.05409066,-0.1507964,0.9870839,33,0.7,-15.76946,127.8592,34,-5.7,-33.8619,256.5936
47.20142,-19.51294,-33.5138,238.8222,-6.509999,2.944395,0.05766235,0.0355671,-0.01988653,0.0202296,-0.9989647,-6.428961,2.96229,0.05676067,-0.05409066,-0.1507964,0.9870839,33,0.7,-15.45098,125.5931,34,-5.7,-33.54341,254.3275
47.21936,-12.85,-18.95279,138.8829,-6.60725,2.941154,0.05769951,0.03421421,-0.02186494,0.02104178,-0.9989538,-6.548773,2.955353,0.05721593,-0.04478966,-0.1557249,0.9867845,33,0.7,-15.21386,123.906,34,-5.7,-33.3063,252.6403
47.24292,-11.00208,-21.39489,152.5917,-6.789789,2.93427,0.05787948,0.03257669,-0.02536749,0.02273563,-0.9988886,-6.741456,2.947914,0.05761921,-0.02757273,-0.1575351,0.9871284,33,0.7,-14.90124,121.6816,34,-5.7,-32.99368,250.4159
47.26099,-11.07365,-21.39491,152.5918,-6.870301,2.93047,0.05784424,0.03272788,-0.02683529,0.02374792,-0.9988217,-6.813023,2.947914,0.05761921,-0.02757273,-0.1575351,0.9871284,33,0.7,-14.66299,119.9863,34,-5.7,-32.75543,248.7207
47.28479,4.89651,-31.61726,225.3276,-7.018161,2.92281,0.05779273,0.03331031,-0.02963349,0.02564494,-0.9986764,-6.971691,2.940067,0.05788457,0.05200477,-0.1514253,0.9870998,33,0.7,-14.3487,117.75,34,-5.7,-32.44113,246.4843
47.30273,4.841181,-31.61724,225.3274,-7.080397,2.918831,0.05770293,0.03403409,-0.03060689,0.02632107,-0.9986051,-7.027011,2.940067,0.05788457,0.05200477,-0.1514253,0.9870998,33,0.7,-14.11176,116.064,34,-5.7,-32.20419,244.7984
47.32654,4.468065,-27.19127,193.835,-7.191249,2.910671,0.05745626,0.03399362,-0.03247568,0.02843566,-0.9984894,-7.149384,2.931659,0.05796516,0.05913746,-0.1533377,0.9864027,33,0.7,-13.79645,113.8205,34,-5.7,-31.88889,242.5549
47.34448,4.320795,-27.37285,195.1271,-7.235329,2.906764,0.05737946,0.03324963,-0.03311966,0.03011283,-0.9984442,-7.208704,2.92264,0.05790317,0.05830514,-0.1532056,0.9864728,33,0.7,-13.5585,112.1274,34,-5.7,-31.65093,240.8618
47.36841,4.256219,-27.37285,195.1271,-7.307976,2.899295,0.05739088,0.03140014,-0.03424235,0.03347366,-0.9983592,-7.273279,2.92264,0.05790317,0.05830514,-0.1532056,0.9864728,33,0.7,-13.243,109.8826,34,-5.7,-31.33544,238.6169
47.38623,4.625039,-26.53862,189.1912,-7.330391,2.896223,0.05744034,0.02977457,-0.03473482,0.03546826,-0.9983231,-7.309601,2.913132,0.05771506,0.0622294,-0.1535669,0.9861768,33,0.7,-13.00668,108.201,34,-5.7,-31.09912,236.9354
47.41028,4.392387,-25.53822,182.073,-7.362177,2.889994,0.05738634,0.02690521,-0.0365789,0.04041082,-0.9981509,-7.350045,2.903884,0.05756986,0.06361081,-0.1540759,0.9860093,33,0.7,-12.68989,105.947,34,-5.7,-30.78233,234.6814
47.4281,4.388746,-25.53822,182.073,-7.366274,2.887149,0.05723202,0.02500998,-0.03757115,0.04337583,-0.9980388,-7.353686,2.903884,0.05756986,0.06361081,-0.1540759,0.9860093,33,0.7,-12.45394,104.2681,34,-5.7,-30.54637,233.0025
47.45178,4.079023,-24.48479,174.5774,-7.359968,2.882519,0.05704236,0.02123821,-0.03963926,0.04841463,-0.9978145,-7.35606,2.895533,0.05751121,0.06459608,-0.1546698,0.9858522,33,0.7,-12.14,102.0343,34,-5.7,-30.23244,230.7687
47.46985,0.9349615,-17.40881,124.2292,-7.345459,2.880873,0.05723459,0.02002154,-0.0408976,0.05089224,-0.9976655,-7.347058,2.888217,0.05755842,0.0656824,-0.1609701,0.9847713,33,0.7,-11.90197,100.3406,34,-5.7,-29.9944,229.075
47.49365,0.9732553,-17.40879,124.2292,-7.302372,2.877914,0.05718123,0.01856701,-0.0432364,0.05512705,-0.99737,-7.308758,2.888217,0.05755842,0.0656824,-0.1609701,0.9847713,33,0.7,-11.58672,98.09752,34,-5.7,-29.67916,226.8319
47.5116,-0.0380292,-14.59558,104.2121,-7.268695,2.876852,0.05692042,0.0180084,-0.0446566,0.05690726,-0.9972177,-7.278637,2.882431,0.05764425,0.06839881,-0.165107,0.9839011,33,0.7,-11.34967,96.41081,34,-5.7,-29.4421,225.1452
47.5354,0.03091097,-14.59558,104.2121,-7.191137,2.875468,0.05625876,0.01628454,-0.04765948,0.06155336,-0.9968323,-7.209697,2.882431,0.05764425,0.06839881,-0.165107,0.9839011,33,0.7,-11.03574,94.1771,34,-5.7,-29.12818,222.9115
47.55347,-0.4536954,-13.47161,96.21467,-7.142129,2.875041,0.05592792,0.01628877,-0.04925275,0.06345559,-0.9966355,-7.161857,2.878254,0.05734289,0.06861319,-0.1672315,0.9835272,33,0.7,-10.79624,92.47292,34,-5.7,-28.88867,221.2073
47.57703,0.03328801,-13.19494,94.24604,-7.032992,2.874428,0.05535071,0.01682621,-0.05194503,0.06569277,-0.9963449,-7.056833,2.875556,0.05679429,0.07399952,-0.1677276,0.9830522,33,0.7,-10.48481,90.257,34,-5.7,-28.57724,218.9914
47.59534,0.09067537,-13.19493,94.24602,-6.96843,2.87417,0.0550666,0.01712152,-0.05318651,0.06654763,-0.9962176,-6.999444,2.875556,0.05679429,0.07399952,-0.1677276,0.9830522,33,0.7,-10.24178,88.5278,34,-5.7,-28.33422,217.2622
47.61877,1.974434,-15.37484,109.7568,-6.829685,2.874672,0.05437321,0.01639337,-0.05604604,0.0689429,-0.9959102,-6.864632,2.873866,0.05631363,0.07923243,-0.1635794,0.9833433,33,0.7,-9.932337,86.32597,34,-5.7,-28.02477,215.0603
47.63696,2.045289,-15.37483,109.7567,-6.749967,2.875904,0.05427204,0.01614328,-0.05729759,0.06956105,-0.9958,-6.793771,2.873866,0.05631363,0.07923243,-0.1635794,0.9833433,33,0.7,-9.691441,84.6119,34,-5.7,-27.78388,213.3463
47.66064,1.933838,-15.34619,109.5529,-6.582248,2.879016,0.05407584,0.01632644,-0.06003381,0.07123019,-0.9955178,-6.629824,2.873235,0.05552757,0.07691956,-0.1636485,0.9835154,33,0.7,-9.379333,82.39114,34,-5.7,-27.47177,211.1255
47.67896,2.732112,-16.63985,118.7578,-6.490484,2.881258,0.05389285,0.01500811,-0.06128548,0.07179742,-0.9954215,-6.53018,2.874033,0.05475318,0.0767684,-0.1617364,0.9838435,33,0.7,-9.137326,80.66917,34,-5.7,-27.22976,209.4035
47.70227,2.903904,-16.63984,118.7578,-6.297212,2.887113,0.0537097,0.01223982,-0.0639123,0.07325204,-0.9951882,-6.358381,2.874033,0.05475318,0.0767684,-0.1617364,0.9838435,33,0.7,-8.828156,78.46931,34,-5.7,-26.92059,207.2037
47.72095,3.110661,-16.39904,117.0444,-6.194365,2.89062,0.05364596,0.01024501,-0.0656235,0.07454413,-0.9950034,-6.245862,2.876831,0.05427134,0.07866849,-0.1620692,0.9836386,33,0.7,-8.581587,76.71489,34,-5.7,-26.67402,205.4492
47.74426,5.502848,-19.72317,140.6968,-5.980398,2.898231,0.05278418,0.005131515,-0.06851672,0.07532132,-0.9947894,-6.031814,2.88185,0.05421841,0.08071057,-0.1581723,0.9841074,33,0.7,-8.273999,74.52629,34,-5.7,-26.36643,203.2607
47.76257,5.60469,-19.72324,140.6973,-5.86587,2.90313,0.05203871,0.001701777,-0.06970389,0.07356784,-0.9948499,-5.930011,2.88185,0.05421841,0.08071057,-0.1581723,0.9841074,33,0.7,-8.032017,72.8045,34,-5.7,-26.12445,201.5389
47.78613,4.002132,-15.68364,111.9541,-5.632754,2.913473,0.05026918,-0.003044497,-0.07197434,0.07043996,-0.9949114,-5.696389,2.889305,0.05367398,0.08519046,-0.1631422,0.9829177,33,0.7,-7.720393,70.58717,34,-5.7,-25.81283,199.3215
47.8042,4.111265,-15.68365,111.9541,-5.509979,2.919273,0.04929233,-0.003513408,-0.07237983,0.06743096,-0.9950889,-5.587256,2.889305,0.05367398,0.08519046,-0.1631422,0.9829177,33,0.7,-7.48145,68.88701,34,-5.7,-25.57388,197.6214
47.82751,1.842925,-12.8954,92.11472,-5.259605,2.930986,0.04743168,-0.0008877381,-0.07291086,0.06187985,-0.9954166,-5.335977,2.899017,0.05247045,0.07662991,-0.1685948,0.9827023,33,0.7,-7.17345,66.69547,34,-5.7,-25.26588,195.4298
47.84558,7.342588,-21.22328,151.3706,-5.128759,2.936577,0.04647505,0.003208246,-0.07216151,0.05866939,-0.9956608,-5.188844,2.910917,0.05064058,0.08150841,-0.1569765,0.9842331,33,0.7,-6.934153,64.99279,34,-5.7,-25.02659,193.7272
47.86914,7.576261,-21.22329,151.3707,-4.865887,2.947076,0.04426854,0.008561363,-0.07031997,0.05276133,-0.9960914,-4.95518,2.910917,0.05064058,0.08150841,-0.1569765,0.9842331,33,0.7,-6.622236,62.77339,34,-5.7,-24.71467,191.5078
47.88745,9.866253,-28.35989,202.1504,-4.730251,2.951835,0.0430738,0.01022452,-0.06861207,0.04988528,-0.996343,-4.801844,2.924282,0.04853714,0.07153976,-0.1525803,0.9856983,33,0.7,-6.380756,61.05517,34,-5.7,-24.47319,189.7895
47.91101,23.19421,-53.65289,382.1194,-4.454377,2.960943,0.04079817,0.0124927,-0.06531806,0.04475141,-0.9967822,-4.52255,2.93757,0.04604459,0.07157608,-0.1461399,0.9866711,33,0.7,-6.068718,58.8349,34,-5.7,-24.16115,187.5693
47.92908,23.32072,-53.6529,382.1194,-4.312051,2.964818,0.03976639,0.01306788,-0.06331835,0.04248217,-0.9970032,-4.396037,2.93757,0.04604459,0.07157608,-0.1461399,0.9866711,33,0.7,-5.829701,57.1342,34,-5.7,-23.92214,185.8686
47.95264,20.94052,-47.58357,338.934,-4.022535,2.972331,0.03771347,0.01358113,-0.05965191,0.03903199,-0.9973634,-4.103238,2.949791,0.04335654,0.07289663,-0.1470911,0.9864331,33,0.7,-5.518581,54.92047,34,-5.7,-23.61102,183.6548
47.97083,6.315025,-20.51994,146.3661,-3.875269,2.975571,0.03678832,0.01341607,-0.05804197,0.03855647,-0.9974791,-3.935247,2.960618,0.04068828,0.06900148,-0.1580635,0.9850151,33,0.7,-5.278674,53.21345,34,-5.7,-23.37111,181.9478
47.99475,6.577451,-20.51995,146.3661,-3.580041,2.98131,0.0351157,0.01367227,-0.05449899,0.03699412,-0.9977347,-3.672822,2.960618,0.04068828,0.06900148,-0.1580635,0.9850151,33,0.7,-4.961482,50.95651,34,-5.7,-23.05392,179.6909
48.01245,6.951098,-21.03397,150.0236,-3.430573,2.983757,0.0344938,0.01404929,-0.05265122,0.03611637,-0.9978607,-3.501929,2.969809,0.03821874,0.06865551,-0.1576569,0.9851044,33,0.7,-4.727148,49.28913,34,-5.7,-22.81958,178.0235
48.03662,7.216945,-21.03397,150.0236,-3.131495,2.988424,0.03350424,0.01540022,-0.04903876,0.0341772,-0.9980932,-3.236082,2.969809,0.03821874,0.06865551,-0.1576569,0.9851044,33,0.7,-4.407824,47.01703,34,-5.7,-22.50026,175.7514
48.05444,4.58282,-15.181,108.3776,-2.980802,2.990046,0.03319456,0.01663529,-0.04730662,0.03306823,-0.9981943,-3.063214,2.977404,0.03608727,0.06943462,-0.1648988,0.9838634,33,0.7,-4.171978,45.3389,34,-5.7,-22.26442,174.0733
48.07813,5.563489,-16.69607,119.1578,-2.677328,2.993402,0.03271769,0.0179586,-0.04413374,0.03006099,-0.9984118,-2.753898,2.983659,0.03444302,0.06872499,-0.1626099,0.9842941,33,0.7,-3.860144,43.12009,34,-5.7,-21.95258,171.8544
48.09595,5.700231,-16.69607,119.1578,-2.523493,2.994623,0.03260776,0.01908411,-0.04244555,0.02765048,-0.9985337,-2.617155,2.983659,0.03444302,0.06872499,-0.1626099,0.9842941,33,0.7,-3.62418,41.44112,34,-5.7,-21.71662,170.1755
48.12,3.976993,-14.06386,100.4287,-2.220417,2.995801,0.03275232,0.02013675,-0.03905317,0.02358471,-0.9987558,-2.307552,2.988604,0.03318095,0.06159677,-0.1671365,0.9840078,33,0.7,-3.306608,39.18148,34,-5.7,-21.39905,167.9158
48.1377,3.044274,-12.35063,88.23844,-2.068728,2.996337,0.03305616,0.02038619,-0.03767736,0.02250772,-0.9988285,-2.132467,2.992286,0.03274238,0.05772477,-0.1710857,0.9835637,33,0.7,-3.071661,37.50974,34,-5.7,-21.1641,166.2441
48.16162,3.314631,-12.35062,88.23841,-1.764575,2.99726,0.03428636,0.02137853,-0.03469642,0.01908634,-0.998987,-1.862108,2.992286,0.03274238,0.05772477,-0.1710857,0.9835637,33,0.7,-2.755727,35.26175,34,-5.7,-20.84817,163.9961
48.17957,2.681148,-10.69325,76.44562,-1.610646,2.99764,0.0351637,0.0221855,-0.03303181,0.01671664,-0.9990682,-1.684931,2.994486,0.03292155,0.05615416,-0.1760444,0.9827793,33,0.7,-2.518892,33.57659,34,-5.7,-20.61133,162.3109
48.20325,2.95237,-10.69325,76.44562,-1.305521,2.997237,0.03717702,0.02404284,-0.03015881,0.01342118,-0.9991658,-1.413708,2.994486,0.03292155,0.05615416,-0.1760444,0.9827793,33,0.7,-2.204665,31.34075,34,-5.7,-20.2971,160.0751
48.22131,3.083986,-11.66548,83.36339,-1.154752,2.996429,0.03845593,0.02446896,-0.02871464,0.012539,-0.9992095,-1.239049,2.995824,0.03391337,0.05102745,-0.1730565,0.9835892,33,0.7,-1.96549,29.63893,34,-5.7,-20.05793,158.3733
48.24512,3.548045,-13.11348,93.6664,-0.8535507,2.995569,0.04130609,0.02611,-0.02584296,0.01003925,-0.9992746,-0.9307424,2.996239,0.03574729,0.04708963,-0.1693764,0.9844258,33,0.7,-1.65169,27.40612,34,-5.7,-19.74413,156.1405
48.26318,3.68086,-13.11354,93.66676,-0.704154,2.994265,0.04291887,0.02657866,-0.0243196,0.007802023,-0.9993204,-0.7979454,2.996239,0.03574729,0.04708963,-0.1693764,0.9844258,33,0.7,-1.412882,25.70692,34,-5.7,-19.50532,154.4413
48.28687,5.066552,-14.85197,106.0363,-0.4100413,2.99231,0.04653948,0.02514512,-0.02065123,0.00353769,-0.9994642,-0.4962289,2.99563,0.03841805,0.05168245,-0.1658178,0.9848012,33,0.7,-1.099089,23.47416,34,-5.7,-19.19153,152.2085
48.30493,10.25149,-23.9862,171.0299,-0.2630886,2.992208,0.04813088,0.02507013,-0.01850723,0.00267103,-0.9995108,-0.3256139,2.993953,0.04175842,0.06098897,-0.1555711,0.9859402,33,0.7,-0.8606846,21.77783,34,-5.7,-18.95312,150.5122
48.32886,10.50601,-23.9862,171.0299,0.02324991,2.988656,0.0513561,0.02548894,-0.01466473,0.001000849,-0.999567,-0.07109071,2.993953,0.04175842,0.06098897,-0.1555711,0.9859402,33,0.7,-0.5450941,19.53229,34,-5.7,-18.63753,148.2666
48.34668,10.67861,-26.92543,191.9436,0.1596235,2.986961,0.0529458,0.02356938,-0.01293439,0.001665443,-0.9996372,0.08968036,2.992069,0.04541183,0.05444048,-0.1538137,0.986599,33,0.7,-0.3081327,17.84622,34,-5.7,-18.40057,146.5806
48.37048,9.198959,-24.75349,176.4895,0.4309728,2.984674,0.05669003,0.02346823,-0.009096093,0.001195542,-0.9996825,0.3692845,2.989148,0.049595,0.04937584,-0.1551378,0.9866582,33,0.7,0.00592345,15.61159,34,-5.7,-18.08651,144.3459
48.38855,9.313966,-24.75351,176.4896,0.5603462,2.9836,0.05873294,0.02512755,-0.007225424,-0.0004368123,-0.9996581,0.484283,2.989148,0.049595,0.04937584,-0.1551378,0.9866582,33,0.7,0.2449658,13.91072,34,-5.7,-17.84747,142.6451
48.41223,8.575091,-23.62149,168.4349,0.810975,2.980703,0.06238091,0.02739599,-0.002866268,-0.0020261,-0.9996186,0.7440987,2.985852,0.05386841,0.04588917,-0.1559176,0.9867035,33,0.7,0.5577226,11.68534,34,-5.7,-17.53471,140.4197
48.4303,8.680861,-23.62148,168.4348,0.9299725,2.978261,0.0640275,0.02810363,-0.0006925836,-0.00216267,-0.9996025,0.8498742,2.985852,0.05386841,0.04588917,-0.1559176,0.9867035,33,0.7,0.7974701,9.979446,34,-5.7,-17.29497,138.7138
48.4541,8.530574,-27.74372,197.7661,1.157615,2.975222,0.06769542,0.02753892,0.00314723,-0.002154999,-0.9996135,1.087539,2.982718,0.05836356,0.03717435,-0.1534638,0.9874548,33,0.7,1.11179,7.742944,34,-5.7,-16.98065,136.4773
48.47205,0.8273825,-33.28617,237.2027,1.265647,2.973901,0.06982462,0.02924956,0.005132161,-0.002126714,-0.9995567,1.216822,2.978905,0.06274414,-0.001623362,-0.1511693,0.9885066,33,0.7,1.349332,6.052741,34,-5.7,-16.7431,134.7871
48.49573,1.008016,-33.28622,237.203,1.46886,2.969853,0.07321741,0.03246683,0.008663781,-0.002114722,-0.999433,1.397457,2.978905,0.06274414,-0.001623362,-0.1511693,0.9885066,33,0.7,1.661995,3.828032,34,-5.7,-16.43044,132.5624
48.51416,NaN,NaN,NaN,1.561646,2.967207,0.07495187,0.03212288,0.01052095,-0.003118832,-0.9994237,1.510891,2.974996,0.0671376,-0.04914691,-0.145433,0.9881467,33,0.7,1.905356,2.096431,34,-5.7,-16.18708,130.8308
48.5376,NaN,NaN,NaN,1.74058,2.962719,0.07836379,0.03321629,0.01476979,-0.005524614,-0.9993238,1.698294,2.970642,0.07146609,-0.05782336,-0.14144,0.9882566,33,0.7,2.215161,-0.107949,34,-5.7,-15.87728,128.6264
48.55603,NaN,NaN,NaN,1.819366,2.959779,0.07952307,0.03412426,0.01666452,-0.006622776,-0.9992568,1.768326,2.970642,0.07146609,-0.05782336,-0.14144,0.9882566,34,-5.7,-15.63358,126.8924,35,5.7,-33.89443,256.8252
48.57935,-18.88712,-46.68914,332.5698,1.968106,2.953571,0.08182792,0.03337679,0.02019826,-0.007296795,-0.9992121,1.925995,2.965552,0.07524693,-0.06179198,-0.1474197,0.9871419,34,-5.7,-15.32502,124.6969,35,5.7,-33.58587,254.6297
48.59827,-18.82786,-46.68914,332.5697,2.034777,2.949897,0.08288284,0.03277577,0.02167243,-0.007815752,-0.9991971,1.985259,2.965552,0.07524693,-0.06179198,-0.1474197,0.9871419,34,-5.7,-15.07455,122.9147,35,5.7,-33.3354,252.8475
48.62109,-8.579167,-22.57542,160.9917,2.157884,2.942422,0.08492538,0.03235402,0.02465019,-0.01014045,-0.999121,2.117456,2.959329,0.07891512,-0.06551214,-0.1563892,0.9855205,34,-5.7,-14.77304,120.7694,35,5.7,-33.03389,250.7022
48.63965,-7.633892,-19.87112,141.7496,2.208586,2.939044,0.08580682,0.03140274,0.02557412,-0.01109715,-0.999118,2.182437,2.951773,0.0820049,-0.0682497,-0.1586801,0.9849684,34,-5.7,-14.52812,119.0267,35,5.7,-32.78898,248.9595
48.66284,-7.553882,-19.87112,141.7496,2.298597,2.932854,0.08792478,0.03077299,0.02774988,-0.01318572,-0.9990541,2.262447,2.951773,0.0820049,-0.0682497,-0.1586801,0.9849684,34,-5.7,-14.22046,116.8375,35,5.7,-32.48131,246.7704
48.68127,-7.62815,-19.42774,138.5948,2.331461,2.929274,0.08915469,0.03168435,0.02784418,-0.01284663,-0.9990275,2.308529,2.94342,0.08472967,-0.07064501,-0.1590482,0.98474,34,-5.7,-13.97717,115.1064,35,5.7,-32.23802,245.0392
48.70471,-22.90736,-45.43745,332.8928,2.386093,2.923727,0.0905297,0.02989965,0.028171,-0.01221679,-0.9990812,2.370583,2.935259,0.08739519,-0.07495289,-0.1434323,0.9868178,34,-5.7,-13.668,112.9066,35,5.7,-31.92886,242.8394
48.72302,-22.73278,-45.12942,330.7737,2.401413,2.921223,0.09100702,0.02832023,0.02762801,-0.01121115,-0.9991541,2.384201,2.935259,0.08739519,-0.07495289,-0.1434323,0.9868178,34,-5.7,-13.4256,111.1819,35,5.7,-31.68646,241.1147
48.74658,-23.13098,-45.33202,329.1837,2.41841,2.916359,0.09155526,0.02388665,0.02771454,-0.01009391,-0.9992795,2.409288,2.927682,0.08938301,-0.07656115,-0.1446664,0.9865141,34,-5.7,-13.11444,108.9678,35,5.7,-31.37529,238.9006
48.76477,-22.94971,-44.9822,326.7982,2.414074,2.914243,0.09135598,0.02032598,0.02820394,-0.009940783,-0.9993461,2.405434,2.927682,0.08938301,-0.07656115,-0.1446664,0.9865141,34,-5.7,-12.87279,107.2484,35,5.7,-31.13364,237.1812
48.78821,-23.22378,-43.57647,325.3256,2.388131,2.910375,0.09089229,0.01490627,0.02937252,-0.01049165,-0.9994023,2.388583,2.921026,0.09082532,-0.07772189,-0.1410988,0.98694,34,-5.7,-12.56302,105.0443,35,5.7,-30.82387,234.9771
48.80615,-25.29275,-44.40121,316.2903,2.361896,2.909307,0.09083442,0.01466062,0.03024672,-0.011599,-0.9993677,2.367221,2.91504,0.0913676,-0.08619126,-0.1474423,0.9853081,34,-5.7,-12.32697,103.3647,35,5.7,-30.58783,233.2975
48.82996,-25.34803,-44.40115,316.2899,2.299657,2.908023,0.0906651,0.01707176,0.03192849,-0.01344286,-0.999254,2.311898,2.91504,0.0913676,-0.08619126,-0.1474423,0.9853081,34,-5.7,-12.01125,101.1183,35,5.7,-30.27211,231.051
48.8479,-26.02194,-43.15089,307.3938,2.256629,2.907382,0.09027892,0.0193107,0.03250401,-0.01386797,-0.9991888,2.271365,2.910461,0.09121633,-0.09067755,-0.1476226,0.9848782,34,-5.7,-11.77501,99.43726,35,5.7,-30.03586,229.37
48.8717,NaN,NaN,NaN,2.160434,2.905449,0.08888403,0.02024397,0.0338069,-0.01509238,-0.9991094,2.179511,2.907733,0.09085917,-0.09567629,-0.1424612,0.9851654,34,-5.7,-11.45892,97.18818,35,5.7,-29.71977,227.121
48.88965,NaN,NaN,NaN,2.103014,2.904539,0.08806899,0.01939472,0.03450909,-0.01630179,-0.9990832,2.12847,2.907733,0.09085917,-0.09567629,-0.1424612,0.9851654,34,-5.7,-11.2222,95.50385,35,5.7,-29.48306,225.4366
48.9137,NaN,NaN,NaN,1.972878,2.904237,0.08716311,0.01873362,0.0350415,-0.01724193,-0.9990615,2.00262,2.905741,0.09001815,-0.09770387,-0.1407291,0.9852154,34,-5.7,-10.90482,93.24557,35,5.7,-29.16568,223.1784
48.93164,NaN,NaN,NaN,1.896686,2.905026,0.08677868,0.01932197,0.03508277,-0.01802064,-0.9990351,1.934894,2.905741,0.09001815,-0.09770387,-0.1407291,0.9852154,34,-5.7,-10.66794,91.56005,35,5.7,-28.92879,221.4928
48.95544,-21.33288,-29.27409,228.1547,1.73351,2.906129,0.08558727,0.02037281,0.03587031,-0.02080593,-0.9989322,1.776092,2.903963,0.08893025,-0.09983096,-0.1390095,0.9852462,34,-5.7,-10.35178,89.31045,35,5.7,-28.61263,219.2432
48.97302,NaN,NaN,NaN,1.642496,2.907272,0.08496647,0.01923964,0.03615422,-0.02137764,-0.9989324,1.677897,2.903762,0.08745575,-0.09333877,-0.1421091,0.9854405,34,-5.7,-10.11938,87.65691,35,5.7,-28.38024,217.5897
48.99744,NaN,NaN,NaN,1.447976,2.911695,0.08451031,0.01747355,0.03637895,-0.02188034,-0.9989457,1.50499,2.903762,0.08745575,-0.09333877,-0.1421091,0.9854405,34,-5.7,-9.797522,85.36673,35,5.7,-28.05838,215.2995
49.01489,NaN,NaN,NaN,1.343263,2.914146,0.08426018,0.01752115,0.03653929,-0.02250945,-0.9989251,1.391042,2.905103,0.08617115,-0.09425169,-0.1409394,0.9855216,34,-5.7,-9.566582,83.7235,35,5.7,-27.82744,213.6563
49.03882,NaN,NaN,NaN,1.125996,2.919051,0.08309829,0.01584796,0.03696571,-0.02366514,-0.9989106,1.173777,2.908547,0.08517456,-0.09141561,-0.1428888,0.985508,34,-5.7,-9.249758,81.46918,35,5.7,-27.51061,211.402
49.05652,NaN,NaN,NaN,1.009002,2.922147,0.08253752,0.0144862,0.03739679,-0.02330813,-0.9989237,1.069782,2.908547,0.08517456,-0.09141561,-0.1428888,0.985508,34,-5.7,-9.01576,79.80421,35,5.7,-27.27662,209.737
49.08057,NaN,NaN,NaN,0.7681301,2.928632,0.08144233,0.0135639,0.03862195,-0.02167659,-0.9989268,0.8286772,2.913685,0.08411765,-0.09211332,-0.1437219,0.9853219,34,-5.7,-8.697849,77.54215,35,5.7,-26.95871,207.4749
49.09851,NaN,NaN,NaN,0.6413056,2.932012,0.08078055,0.01380719,0.03923305,-0.02013008,-0.9989319,0.7159443,2.913685,0.08411765,-0.09211332,-0.1437219,0.9853219,34,-5.7,-8.460284,75.85179,35,5.7,-26.72114,205.7846
49.12244,NaN,NaN,NaN,0.3825976,2.938863,0.07920282,0.01431723,0.04048251,-0.01693869,-0.998934,0.4562896,2.920193,0.08294022,-0.09410311,-0.1435008,0.985166,34,-5.7,-8.144951,73.60808,35,5.7,-26.40581,203.5409
49.14014,NaN,NaN,NaN,0.2475681,2.942246,0.07829817,0.01455515,0.04097439,-0.01467748,-0.9989464,0.3043875,2.927744,0.08145499,-0.09653142,-0.1446331,0.9847654,34,-5.7,-7.910264,71.93819,35,5.7,-26.17112,201.871
49.16443,NaN,NaN,NaN,-0.0263034,2.949006,0.07633595,0.01408396,0.04205872,-0.01105575,-0.9989548,0.06094618,2.927744,0.08145499,-0.09653142,-0.1446331,0.9847654,34,-5.7,-7.5891,69.65299,35,5.7,-25.84996,199.5858
49.18188,-23.51009,-34.62742,246.7462,-0.1672877,2.952236,0.07513802,0.01352707,0.04254182,-0.009343045,-0.9989595,-0.09833768,2.935928,0.0797956,-0.09342051,-0.14989,0.9842792,34,-5.7,-7.359132,68.01669,35,5.7,-25.61999,197.9495
49.20581,-23.32016,-34.08155,242.8621,-0.4529734,2.958575,0.07253221,0.01217418,0.04323033,-0.006269375,-0.9989713,-0.387925,2.944019,0.07758021,-0.09297103,-0.1501078,0.9842886,34,-5.7,-7.041864,65.7592,35,5.7,-25.30272,195.692
49.22363,-23.45055,-34.08158,242.8623,-0.5996462,2.96231,0.07126342,0.0115769,0.04323688,-0.004751279,-0.9989865,-0.5183008,2.944019,0.07758021,-0.09297103,-0.1501078,0.9842886,34,-5.7,-6.805907,64.08028,35,5.7,-25.06676,194.0131
49.24768,-25.38696,-37.43044,266.6908,-0.8936534,2.969254,0.06867782,0.01229177,0.04339971,-0.002200009,-0.9989798,-0.8167073,2.95189,0.07484043,-0.0907408,-0.1491367,0.9846443,34,-5.7,-6.488075,61.81879,35,5.7,-24.74893,191.7516
49.26611,-25.51976,-37.43044,266.6908,-1.043061,2.972946,0.0673978,0.0125624,0.04282149,-0.000698499,-0.9990035,-0.9495143,2.95189,0.07484043,-0.0907408,-0.1491367,0.9846443,34,-5.7,-6.244901,60.08851,35,5.7,-24.50576,190.0213
49.28955,-23.56359,-35.35942,251.9547,-1.34178,2.97953,0.06457947,0.01496565,0.04151546,0.002472887,-0.9990228,-1.253304,2.959961,0.07181358,-0.08723268,-0.1498279,0.9848564,34,-5.7,-5.934832,57.88226,35,5.7,-24.19569,187.815
49.30725,-12.85,-17.84044,129.907,-1.49474,2.981776,0.0632001,0.01566034,0.0402189,0.004389964,-0.9990585,-1.428411,2.968356,0.06874132,-0.08653355,-0.157654,0.9836957,34,-5.7,-5.700323,56.21363,35,5.7,-23.96118,186.1464
49.33167,-12.85,-17.34898,126.8406,-1.798209,2.988214,0.06046585,0.01607257,0.0375759,0.007464581,-0.9991367,-1.698161,2.968356,0.06874132,-0.08653355,-0.157654,0.9836957,34,-5.7,-5.377498,53.91661,35,5.7,-23.63836,183.8494
49.34924,-12.85,-19.33659,139.8587,-1.948814,2.990175,0.05908938,0.01863893,0.0362596,0.008276367,-0.9991343,-1.871931,2.976252,0.06548703,-0.07731704,-0.1571463,0.9845442,34,-5.7,-5.145164,52.26348,35,5.7,-23.40602,182.1963
49.37305,-11.39366,-18.35607,130.9694,-2.25182,2.994259,0.0565461,0.02041709,0.0331426,0.01022414,-0.9991898,-2.181357,2.983379,0.06220734,-0.06928907,-0.1605017,0.9846005,34,-5.7,-4.831176,50.02933,35,5.7,-23.09203,179.9621
49.39075,-11.52691,-18.35607,130.9694,-2.401723,2.996333,0.05541148,0.02228755,0.031401,0.01068692,-0.9992012,-2.314604,2.983379,0.06220734,-0.06928907,-0.1605017,0.9846005,34,-5.7,-4.597123,48.36396,35,5.7,-22.85798,178.2968
49.41504,-12.2912,-20.88262,148.9468,-2.701235,2.999594,0.05336572,0.02605486,0.02778648,0.01202251,-0.999202,-2.621056,2.989453,0.05895734,-0.06399864,-0.1579894,0.9853647,34,-5.7,-4.276315,46.08129,35,5.7,-22.53717,176.0141
49.43347,-12.42377,-20.88263,148.9469,-2.850371,3.000605,0.05255961,0.02829088,0.02591714,0.01285864,-0.999181,-2.753621,2.989453,0.05895734,-0.06399864,-0.1579894,0.9853647,34,-5.7,-4.032959,44.34972,35,5.7,-22.29382,174.2825
49.45654,-10.13519,-16.87755,120.4492,-3.146433,3.002694,0.05134962,0.03124308,0.02237145,0.0140317,-0.999163,-3.056909,2.994429,0.05603647,-0.05791081,-0.1625822,0.9849941,34,-5.7,-3.727233,42.17437,35,5.7,-21.98809,172.1072
49.47461,-11.2477,-21.41055,152.7032,-3.292776,3.002728,0.05064668,0.03431279,0.02039346,0.01504599,-0.9990898,-3.226897,2.998179,0.05360186,-0.05181504,-0.1576825,0.9861295,34,-5.7,-3.488715,40.47723,35,5.7,-21.74957,170.41
49.49878,-11.50541,-21.41055,152.7032,-3.582709,3.002505,0.05000831,0.03639712,0.01641909,0.01701857,-0.9990577,-3.484615,2.998179,0.05360186,-0.05181504,-0.1576825,0.9861295,34,-5.7,-3.168339,38.19764,35,5.7,-21.4292,168.1304
49.51672,-12.5305,-23.30348,166.1721,-3.7255,3.002252,0.05023467,0.03792572,0.01382416,0.01820652,-0.9990191,-3.651107,3.000633,0.05174315,-0.05272035,-0.1561777,0.986321,34,-5.7,-2.93138,36.51158,35,5.7,-21.19224,166.4444
49.54016,-11.75802,-20.7977,148.3425,-4.009058,3.001508,0.0507453,0.04039374,0.008520231,0.02039964,-0.9989393,-3.942067,3.001464,0.05066442,-0.05197025,-0.1582468,0.9860309,34,-5.7,-2.621456,34.30636,35,5.7,-20.88231,164.2392
49.55811,-11.88159,-20.79768,148.3424,-4.148088,3.001254,0.05125872,0.0415565,0.005630627,0.02176612,-0.9988832,-4.065649,3.001464,0.05066442,-0.05197025,-0.1582468,0.9860309,34,-5.7,-2.384357,32.6193,35,5.7,-20.64521,162.5521
49.58179,-9.242724,-16.04983,114.5596,-4.420048,2.998385,0.0524062,0.04396597,-0.000169903,0.02327563,-0.9987618,-4.345589,3.001185,0.05044222,-0.04214894,-0.1639694,0.9855646,34,-5.7,-2.070642,30.38711,35,5.7,-20.3315,160.3199
49.60059,-9.359876,-16.04982,114.5596,-4.551846,2.996564,0.05309233,0.04299252,-0.003299661,0.02323646,-0.9987997,-4.462742,3.001185,0.05044222,-0.04214894,-0.1639694,0.9855646,34,-5.7,-1.821923,28.61738,35,5.7,-20.08278,158.5502
49.62378,-8.877689,-21.05036,150.1403,-4.811696,2.992927,0.05511918,0.04260049,-0.009358427,0.02331,-0.9987764,-4.731121,2.999976,0.05119085,-0.02726921,-0.1581631,0.9870364,34,-5.7,-1.516793,26.44627,35,5.7,-19.77765,156.3791
49.64172,-4.652099,-18.00065,128.4405,-4.939017,2.991036,0.05641635,0.04302049,-0.01252568,0.02376352,-0.998713,-4.880599,2.997112,0.05258131,0.001756439,-0.1614047,0.9868867,34,-5.7,-1.278626,24.75162,35,5.7,-19.53948,154.6844
49.66602,-4.870674,-18.00068,128.4407,-5.184915,2.986184,0.05912231,0.04444076,-0.01771955,0.02412025,-0.9985636,-5.099174,2.997112,0.05258131,0.001756439,-0.1614047,0.9868867,34,-5.7,-0.9580684,22.47074,35,5.7,-19.21893,152.4035
49.68323,-3.022703,-19.8645,141.7025,-5.303234,2.98331,0.06047864,0.04412372,-0.02002117,0.02379898,-0.9985419,-5.239384,2.99309,0.05472183,0.01544755,-0.1592894,0.9871111,34,-5.7,-0.7294186,20.84381,35,5.7,-18.99028,150.7766
49.70728,-2.551004,-21.78908,155.3966,-5.529934,2.977325,0.06328678,0.04316246,-0.02447943,0.02306153,-0.9985018,-5.47447,2.988037,0.05755353,0.01858177,-0.1574852,0.9873465,34,-5.7,-0.4125583,18.58923,35,5.7,-18.67342,148.522
49.7251,-2.645314,-21.7891,155.3967,-5.636034,2.974169,0.06473149,0.04155045,-0.02625094,0.02173886,-0.9985549,-5.568781,2.988037,0.05755353,0.01858177,-0.1574852,0.9873465,34,-5.7,-0.1762795,16.90802,35,5.7,-18.43714,146.8408
49.74902,-2.708744,-21.23768,151.4732,-5.839268,2.967849,0.06788938,0.04024101,-0.02978709,0.02059393,-0.9985336,-5.781235,2.981764,0.06073415,0.02003345,-0.1579172,0.9872491,34,-5.7,0.1397076,14.65965,35,5.7,-18.12115,144.5925
49.76746,-2.791639,-21.23767,151.4731,-5.932522,2.964085,0.06955053,0.04011312,-0.03126313,0.02059379,-0.9984936,-5.864127,2.981764,0.06073415,0.02003345,-0.1579172,0.9872491,34,-5.7,0.3833052,12.92637,35,5.7,-17.87756,142.8592
49.79077,-3.066861,-16.59876,118.4655,-6.106554,2.957147,0.0727372,0.03843985,-0.03369817,0.02016735,-0.998489,-6.048465,2.974624,0.06422436,0.02483734,-0.16305,0.9863051,34,-5.7,0.6923428,10.72745,35,5.7,-17.56852,140.6602
49.80859,-2.72649,-14.81706,105.788,-6.184165,2.953279,0.07426924,0.03758701,-0.03464208,0.01999686,-0.9984925,-6.144608,2.966827,0.06797981,0.03186764,-0.1658018,0.985644,34,-5.7,0.9281369,9.04969,35,5.7,-17.33272,138.9825
49.83325,-2.853122,-14.81707,105.7881,-6.326628,2.944867,0.07703057,0.03481601,-0.03650388,0.02017401,-0.9985231,-6.271243,2.966827,0.06797981,0.03186764,-0.1658018,0.985644,34,-5.7,1.254111,6.730265,35,5.7,-17.00675,136.6631
49.85059,-2.100744,-15.1576,108.2111,-6.387061,2.940283,0.07829814,0.03278088,-0.03692909,0.02051526,-0.9985694,-6.349142,2.958408,0.07177043,0.03871733,-0.1650984,0.9855168,34,-5.7,1.482921,5.1022,35,5.7,-16.77794,135.035
49.87439,4.159659,-20.56402,146.6798,-6.494681,2.931304,0.08073096,0.02893343,-0.03801061,0.02165206,-0.9986237,-6.465675,2.949038,0.07534397,0.07137911,-0.1579566,0.9848628,34,-5.7,1.797641,2.862846,35,5.7,-16.46322,132.7956
49.89209,4.122334,-20.56402,146.6798,-6.536672,2.926489,0.0817951,0.02688124,-0.03856429,0.02329013,-0.998623,-6.503,2.949038,0.07534397,0.07137911,-0.1579566,0.9848628,34,-5.7,2.03123,1.200772,35,5.7,-16.22963,131.1336
49.91638,12.85,-33.86856,243.4406,-6.607543,2.917195,0.08372298,0.02253549,-0.03951985,0.02661606,-0.99861,-6.583354,2.938726,0.07856655,0.07871079,-0.1490803,0.9856874,35,5.7,-15.90779,128.8435,36,-0.7,-34.00032,257.5787
49.93433,12.85,-33.90866,243.7057,-6.63136,2.912841,0.08468209,0.02045403,-0.0397031,0.02914122,-0.9985771,-6.604525,2.938726,0.07856655,0.07871079,-0.1490803,0.9856874,35,5.7,-15.67114,127.1597,36,-0.7,-33.76368,255.8949
49.95776,6.420591,-21.87962,156.0408,-6.665445,2.905153,0.08665116,0.01641835,-0.04026771,0.03417474,-0.9984694,-6.648363,2.927808,0.08133721,0.08247481,-0.1565533,0.98422,35,5.7,-15.36069,124.9507,36,-0.7,-33.45322,253.686
49.97583,2.226469,-13.78596,98.45134,-6.670839,2.90166,0.08756354,0.01546983,-0.04093584,0.03791782,-0.9983222,-6.662975,2.916835,0.08383417,0.08874293,-0.1667432,0.9819987,35,5.7,-15.12269,123.2572,36,-0.7,-33.21522,251.9925
50.00012,2.229925,-13.78597,98.45141,-6.666958,2.894334,0.0891027,0.01381787,-0.04169594,0.04338683,-0.9980923,-6.659525,2.916835,0.08383417,0.08874293,-0.1667432,0.9819987,35,5.7,-14.80071,120.9662,36,-0.7,-32.89323,249.7015
50.01746,3.722547,-16.02869,114.4092,-6.65244,2.891308,0.08972806,0.01273942,-0.04226763,0.04560471,-0.9979837,-6.652337,2.906965,0.08610868,0.08917403,-0.1627555,0.9826284,35,5.7,-14.57275,119.3442,36,-0.7,-32.66528,248.0795
50.04138,5.697038,-19.5277,139.306,-6.610525,2.885864,0.09110607,0.01090596,-0.04440528,0.05064735,-0.9976693,-6.616844,2.898052,0.08825541,0.08699373,-0.158431,0.9835303,35,5.7,-14.25634,117.0929,36,-0.7,-32.34887,245.8281
50.05908,5.725655,-19.5277,139.306,-6.578331,2.883227,0.09144339,0.01052741,-0.04644194,0.05357303,-0.9974278,-6.588227,2.898052,0.08825541,0.08699373,-0.158431,0.9835303,35,5.7,-14.02149,115.4218,36,-0.7,-32.11402,244.1571
50.08301,9.229651,-24.36391,173.7175,-6.500126,2.878474,0.09176359,0.008355998,-0.04978415,0.0571304,-0.9970897,-6.516489,2.890282,0.09003091,0.08923473,-0.1544519,0.9839623,35,5.7,-13.70585,113.1759,36,-0.7,-31.79838,241.9111
50.10132,9.274173,-24.36394,173.7178,-6.450061,2.876605,0.09172679,0.007207138,-0.0516297,0.05831436,-0.9969363,-6.471988,2.890282,0.09003091,0.08923473,-0.1544519,0.9839623,35,5.7,-13.46296,111.4477,36,-0.7,-31.55549,240.1829
50.12476,8.077211,-21.2854,151.8127,-6.33748,2.873652,0.0915844,0.005147158,-0.05535605,0.0614806,-0.9965587,-6.365723,2.88359,0.0912075,0.09359573,-0.1566243,0.9832134,35,5.7,-13.15261,109.2394,36,-0.7,-31.24513,237.9746
50.1427,7.970423,-20.74671,147.9797,-6.270894,2.872464,0.09138188,0.005212141,-0.0573793,0.06334582,-0.9963272,-6.296425,2.877999,0.09173799,0.09483343,-0.1570363,0.9830291,35,5.7,-12.91618,107.5571,36,-0.7,-31.0087,236.2923
50.16687,8.098835,-20.74672,147.9797,-6.126431,2.870132,0.09066185,0.005154836,-0.06062864,0.06504633,-0.9960254,-6.168013,2.877999,0.09173799,0.09483343,-0.1570363,0.9830291,35,5.7,-12.59657,105.283,36,-0.7,-30.6891,234.0182
50.18457,11.10296,-23.21953,165.5748,-6.044053,2.869709,0.09031117,0.005113136,-0.06142382,0.06369048,-0.9960645,-6.081048,2.873783,0.09170365,0.1020387,-0.1549422,0.9826398,35,5.7,-12.36274,103.6192,36,-0.7,-30.45527,232.3544
50.20825,12.85,-24.66795,176.2773,-5.869247,2.870544,0.09014994,0.006110631,-0.06243916,0.0600734,-0.9962205,-5.908423,2.870685,0.09119058,0.104615,-0.1535818,0.9825825,35,5.7,-12.04866,101.3844,36,-0.7,-30.14119,230.1196
50.2262,12.85,-24.5436,175.4817,-5.773955,2.872414,0.09069574,0.007195653,-0.062761,0.05848709,-0.9962873,-5.823719,2.870685,0.09119058,0.104615,-0.1535818,0.9825825,35,5.7,-11.81133,99.69573,36,-0.7,-29.90386,228.431
50.25012,22.99955,-37.21293,266.7615,-5.573486,2.876688,0.09168577,0.008710876,-0.06318427,0.05689279,-0.9963409,-5.62493,2.869495,0.09070361,0.1055548,-0.1478067,0.9833674,35,5.7,-11.49598,97.45187,36,-0.7,-29.58851,226.1871
50.26819,22.85299,-36.87292,264.4991,-5.465165,2.879104,0.09191789,0.007660381,-0.06260784,0.05652448,-0.9964069,-5.528644,2.869495,0.09070361,0.1055548,-0.1478067,0.9833674,35,5.7,-11.25677,95.74979,36,-0.7,-29.34929,224.485
50.29187,NaN,NaN,NaN,-5.238073,2.884833,0.09211536,0.003182632,-0.06132523,0.05640409,-0.9965178,-5.303148,2.871209,0.09088659,0.102891,-0.1446896,0.984113,35,5.7,-10.94407,93.52484,36,-0.7,-29.0366,222.2601
50.30994,12.85,-24.20854,174.5028,-5.114057,2.888287,0.09193491,-0.0009763431,-0.06046538,0.05654793,-0.9965668,-5.166483,2.875458,0.09150481,0.1015478,-0.1526557,0.9830485,35,5.7,-10.70421,91.81816,36,-0.7,-28.79674,220.5534
50.33386,12.85,-23.86486,172.2897,-4.856862,2.895847,0.09122506,-0.007689069,-0.06022483,0.05674459,-0.996541,-4.937865,2.875458,0.09150481,0.1015478,-0.1526557,0.9830485,35,5.7,-10.38869,89.57314,36,-0.7,-28.48122,218.3083
50.35156,7.501476,-17.5172,125.0005,-4.717259,2.900363,0.09061453,-0.01020239,-0.06068192,0.05593164,-0.9965367,-4.784482,2.881719,0.09191787,0.09661944,-0.1604215,0.9823083,35,5.7,-10.15455,87.9071,36,-0.7,-28.24708,216.6423
50.37561,6.897464,-16.28598,116.2399,-4.431236,2.910692,0.08947988,-0.0109233,-0.06155407,0.05314879,-0.9966279,-4.497678,2.889616,0.09156203,0.09634781,-0.1621329,0.982054,35,5.7,-9.837043,85.64793,36,-0.7,-27.92957,214.3831
50.39343,7.030794,-16.28598,116.24,-4.28124,2.916174,0.08887072,-0.008146522,-0.06207725,0.05039857,-0.9967648,-4.364348,2.889616,0.09156203,0.09634781,-0.1621329,0.982054,35,5.7,-9.600661,83.96599,36,-0.7,-27.69319,212.7012
50.41724,11.62915,-21.36761,152.3978,-3.9751,2.926536,0.08711623,-0.004580786,-0.06255501,0.04495264,-0.9970182,-4.056733,2.899815,0.09060514,0.1011836,-0.1565399,0.982475,35,5.7,-9.286972,81.73397,36,-0.7,-27.3795,210.4692
50.43555,11.77084,-21.3676,152.3976,-3.815686,2.931343,0.08601565,-0.003678423,-0.06203972,0.04116381,-0.9972177,-3.915031,2.899815,0.09060514,0.1011836,-0.1565399,0.982475,35,5.7,-9.044475,80.00851,36,-0.7,-27.137,208.7437
50.45886,22.25096,-34.15493,243.3843,-3.489677,2.940851,0.08373888,-0.003494249,-0.05988066,0.03360808,-0.9976335,-3.587026,2.91182,0.08919549,0.1044148,-0.1497918,0.9831887,35,5.7,-8.735635,77.811,36,-0.7,-26.82817,206.5462
50.47693,NaN,NaN,NaN,-3.318903,2.945726,0.08261629,-0.003438615,-0.05805467,0.03051031,-0.9978411,-3.394568,2.924226,0.0871613,0.1040433,-0.1453306,0.9838974,35,5.7,-8.496382,76.10863,36,-0.7,-26.58891,204.8438
50.50085,22.67055,-33.05882,243.6945,-2.976244,2.955367,0.08062831,-0.002900368,-0.05432146,0.02490489,-0.9982086,-3.089983,2.924226,0.0871613,0.1040433,-0.1453306,0.9838974,35,5.7,-8.180652,73.86209,36,-0.7,-26.27318,202.5973
50.51868,21.90646,-33.66576,239.9037,-2.800174,2.959735,0.07959387,-0.002533341,-0.05196413,0.02261291,-0.9983897,-2.89055,2.936235,0.08459842,0.1016853,-0.1500942,0.9834286,35,5.7,-7.944771,72.18372,36,-0.7,-26.0373,200.9189
50.54248,25.81274,-39.11932,278.7077,-2.445295,2.967814,0.07734302,-0.002616823,-0.04760942,0.01812128,-0.9986983,-2.530663,2.947671,0.08210921,0.1000808,-0.1485389,0.9838293,35,5.7,-7.62979,69.94251,36,-0.7,-25.72232,198.6777
50.56055,25.9746,-39.11932,278.7077,-2.263209,2.971174,0.07602273,-0.002748565,-0.04540041,0.01710689,-0.9988186,-2.368809,2.947671,0.08210921,0.1000808,-0.1485389,0.9838293,35,5.7,-7.392199,68.25196,36,-0.7,-25.48473,196.9872
50.58435,13.07185,-21.26805,156.0005,-1.8932,2.977773,0.07340661,-0.003111973,-0.04111778,0.01421477,-0.9990484,-1.993847,2.95838,0.07957244,0.09504607,-0.1528391,0.9836699,35,5.7,-7.076648,66.0067,36,-0.7,-25.16918,194.7419
50.60205,17.18695,-27.61372,196.8411,-1.703169,2.980963,0.07210311,-0.001983963,-0.0392625,0.01300936,-0.9991423,-1.82493,2.95838,0.07957244,0.09504607,-0.1528391,0.9836699,35,5.7,-6.842806,64.34283,36,-0.7,-24.93534,193.078
50.6261,12.85,-22.29915,162.3917,-1.327385,2.985452,0.06969686,0.001117641,-0.03547899,0.01031946,-0.9993165,-1.442991,2.967892,0.07655048,0.08668168,-0.1532352,0.9843807,35,5.7,-6.525352,62.08403,36,-0.7,-24.61788,190.8192
50.6438,19.15007,-31.80608,226.6714,-1.135671,2.987365,0.06815681,0.001429206,-0.03348112,0.008066563,-0.9994057,-1.223656,2.976011,0.07357454,0.08852163,-0.1511245,0.9845432,35,5.7,-6.290461,60.4127,36,-0.7,-24.38299,189.1479
50.66785,19.49219,-31.80612,226.6716,-0.7508165,2.990801,0.06542421,0.001059161,-0.02912601,0.003170983,-0.9995702,-0.8815627,2.976011,0.07357454,0.08852163,-0.1511245,0.9845432,35,5.7,-5.972165,58.1479,36,-0.7,-24.06469,186.8831
50.68555,21.25015,-33.96801,242.0543,-0.5565399,2.99187,0.06414546,0.001727842,-0.02717626,0.001541561,-0.999628,-0.6591406,2.982411,0.070629,0.08914655,-0.1503473,0.9846058,35,5.7,-5.738066,56.4822,36,-0.7,-23.8306,185.2174
50.70959,12.85,-20.80869,150.8544,-0.1651626,2.993886,0.06140801,0.003293249,-0.02326947,-0.001138679,-0.9997231,-0.2605569,2.987275,0.06744528,0.08556964,-0.1553109,0.9841527,35,5.7,-5.420381,54.22175,36,-0.7,-23.51291,182.9569
50.72742,12.85,-20.48862,148.8263,0.03322471,2.99464,0.06013533,0.004276352,-0.02119179,-0.00223831,-0.9997638,-0.08421262,2.987275,0.06744528,0.08556964,-0.1553109,0.9841527,35,5.7,-5.185462,52.55022,36,-0.7,-23.27799,181.2854
50.75146,12.85,-20.35006,146.0882,0.4266859,2.995088,0.05788855,0.007179715,-0.01681875,-0.004757387,-0.9998215,0.3171883,2.990848,0.06404781,0.08444837,-0.1572753,0.9839374,35,5.7,-4.867281,50.28625,36,-0.7,-22.95981,179.0214
50.76929,12.85,-20.02412,144.0491,0.623575,2.996134,0.05720298,0.007748367,-0.01483677,-0.005785619,-0.9998432,0.4922009,2.990848,0.06404781,0.08444837,-0.1572753,0.9839374,35,5.7,-4.632396,48.61495,36,-0.7,-22.72493,177.3501
50.79333,18.61123,-28.91126,206.0736,1.01664,2.997362,0.05606479,0.01183399,-0.01094633,-0.007144002,-0.9998446,0.8935743,2.993012,0.06102443,0.0846843,-0.1524915,0.98467,35,5.7,-4.314111,46.35023,36,-0.7,-22.40664,175.0854
50.81104,18.37482,-25.45868,181.5072,1.213789,2.997453,0.05555831,0.01415101,-0.009226777,-0.007834639,-0.9998267,1.121104,2.994473,0.05845869,0.09352888,-0.1542388,0.9835968,35,5.7,-4.080401,44.6873,36,-0.7,-22.17293,173.4225
50.83508,18.72272,-25.45868,181.5072,1.605168,2.997583,0.05469586,0.01680822,-0.006212354,-0.009859892,-0.9997908,1.468997,2.994473,0.05845869,0.09352888,-0.1542388,0.9835968,35,5.7,-3.761898,42.42104,36,-0.7,-21.85443,171.1562
50.85266,33.8722,-52.16328,371.5204,1.800357,2.997662,0.05463744,0.01903421,-0.005292743,-0.01058211,-0.9997488,1.694842,2.995715,0.05642951,0.08537076,-0.1463442,0.9855431,35,5.7,-3.529385,40.76662,36,-0.7,-21.62191,169.5018
50.87683,19.39197,-30.48373,217.2623,2.186687,2.997201,0.05551463,0.02282907,-0.003405482,-0.01251437,-0.9996553,2.090487,2.996382,0.05512297,0.07848173,-0.1518701,0.9852797,35,5.7,-3.209623,38.4914,36,-0.7,-21.30215,167.2266
50.89465,19.56218,-30.48373,217.2623,2.378163,2.99802,0.056332,0.0254805,-0.002728939,-0.01335541,-0.9995824,2.260688,2.996382,0.05512297,0.07848173,-0.1518701,0.9852797,35,5.7,-2.974695,36.81979,36,-0.7,-21.06722,165.555
50.91858,29.55044,-46.30899,329.8649,2.758394,2.99585,0.05790422,0.03097941,-0.001611218,-0.01404459,-0.9994201,2.650605,2.9965,0.05501866,0.08040404,-0.1473749,0.9858072,35,5.7,-2.657898,34.56567,36,-0.7,-20.75043,163.3009
50.93628,29.71671,-46.30906,329.8653,2.945402,2.994489,0.05841935,0.03015665,-0.001269646,-0.01419875,-0.9994436,2.816834,2.9965,0.05501866,0.08040404,-0.1473749,0.9858072,35,5.7,-2.423369,32.8969,36,-0.7,-20.5159,161.6321
50.96021,21.34765,-32.64733,232.6572,3.309919,2.99234,0.05995305,0.02897175,-0.0009432137,-0.01249256,-0.9995018,3.192221,2.99637,0.05603957,0.07692467,-0.1510226,0.9855327,35,5.7,-2.107398,30.64865,36,-0.7,-20.19993,159.3839
50.97791,12.85,-17.50718,125.9524,3.487245,2.991367,0.0608398,0.0282437,-0.0005139782,-0.0119193,-0.9995298,3.400399,2.994813,0.05760956,0.0738811,-0.1602935,0.9843006,35,5.7,-1.87272,28.97884,36,-0.7,-19.96525,157.714
51.00195,12.85,-16.84154,121.865,3.832398,2.989083,0.06265892,0.02782016,0.001718082,-0.01274719,-0.9995302,3.707202,2.994813,0.05760956,0.0738811,-0.1602935,0.9843006,35,5.7,-1.55589,26.72447,36,-0.7,-19.64842,155.4597
51.0199,12.33272,-16.24428,115.9433,3.998912,2.987503,0.06358336,0.0271731,0.003835894,-0.01392921,-0.9995264,3.904464,2.992424,0.05939627,0.07156437,-0.163339,0.983971,35,5.7,-1.318422,25.0348,36,-0.7,-19.41095,153.77
51.0437,10.63342,-13.12497,93.74828,4.324279,2.984724,0.06568396,0.02694423,0.007331997,-0.01451335,-0.9995047,4.241049,2.98973,0.06142759,0.06709219,-0.1691346,0.9833068,35,5.7,-1.004112,22.79836,36,-0.7,-19.09664,151.5336
51.06177,10.77081,-13.12498,93.74832,4.478848,2.983495,0.06684807,0.02771146,0.009057656,-0.01443627,-0.9994707,4.378444,2.98973,0.06142759,0.06709219,-0.1691346,0.9833068,35,5.7,-0.7641928,21.09125,36,-0.7,-18.85672,149.8265
51.08545,10.15412,-12.7675,91.20474,4.780808,2.98104,0.06914832,0.02967995,0.0123869,-0.01423864,-0.9993814,4.691986,2.986629,0.06360292,0.05895205,-0.1700321,0.9836736,35,5.7,-0.4518127,18.86855,36,-0.7,-18.54434,147.6038
51.10339,5.197697,-23.18049,165.2971,4.928004,2.978947,0.07036433,0.03099661,0.01403334,-0.01429664,-0.9993188,4.865581,2.98349,0.0659647,0.001985261,-0.1563988,0.987692,35,5.7,-0.2140587,17.17685,36,-0.7,-18.30659,145.912
51.1272,5.44888,-23.1805,165.2971,5.210585,2.976297,0.07300593,0.030146,0.01642445,-0.01423845,-0.9993092,5.116763,2.98349,0.0659647,0.001985261,-0.1563988,0.987692,35,5.7,0.1000553,14.94181,36,-0.7,-17.99247,143.677
51.14526,NaN,NaN,NaN,5.346002,2.975315,0.07447846,0.03176601,0.01718267,-0.01441495,-0.9992437,5.278028,2.980057,0.06884778,-0.04011122,-0.143424,0.9888481,35,5.7,0.3398015,13.23593,36,-0.7,-17.75273,141.9711
51.16895,NaN,NaN,NaN,5.610589,2.971772,0.07748464,0.03579079,0.01933112,-0.01685336,-0.9990302,5.513216,2.980057,0.06884778,-0.04011122,-0.143424,0.9888481,35,5.7,0.6524962,11.01099,36,-0.7,-17.44003,139.7462
51.18726,NaN,NaN,NaN,5.736867,2.969954,0.0790185,0.03785146,0.02063776,-0.01904815,-0.9988887,5.664091,2.976619,0.07196796,-0.04953091,-0.1410803,0.9887583,35,5.7,0.8937615,9.294297,36,-0.7,-17.19877,138.0295
51.21069,NaN,NaN,NaN,5.980834,2.965061,0.08187209,0.04180983,0.02347768,-0.02304371,-0.9985839,5.917418,2.973064,0.07546139,-0.05113309,-0.1350175,0.989523,35,5.7,1.204741,7.081563,36,-0.7,-16.88779,135.8168
51.229,NaN,NaN,NaN,6.097918,2.961738,0.08317591,0.04266925,0.02544112,-0.02565199,-0.9984359,6.021493,2.973064,0.07546139,-0.05113309,-0.1350175,0.989523,35,5.7,1.446025,5.36474,36,-0.7,-16.64651,134.0999
51.25244,NaN,NaN,NaN,6.322378,2.954856,0.08581659,0.04449281,0.02884174,-0.02862519,-0.998183,6.255456,2.968699,0.07901728,-0.05922849,-0.1449617,0.9876629,35,5.7,1.756332,3.156788,36,-0.7,-16.3362,131.892
51.27075,NaN,NaN,NaN,6.42605,2.951795,0.087269,0.04502367,0.03060675,-0.02921009,-0.9980896,6.380033,2.962631,0.08233654,-0.05907196,-0.1444707,0.9877443,35,5.7,1.998276,1.435266,36,-0.7,-16.09426,130.1705
51.29443,NaN,NaN,NaN,6.62468,2.945824,0.09029278,0.04737532,0.03488737,-0.03090077,-0.9977894,6.556592,2.962631,0.08233654,-0.05907196,-0.1444707,0.9877443,36,-0.7,-15.78156,127.9455,37,5.7,-33.87419,256.6813
51.3125,NaN,NaN,NaN,6.708891,2.942315,0.09188323,0.04838993,0.03812544,-0.03290733,-0.997558,6.661539,2.955262,0.08564627,-0.06604829,-0.1401286,0.987928,36,-0.7,-15.54234,126.2434,37,5.7,-33.63497,254.9792
51.33594,NaN,NaN,NaN,6.864307,2.936149,0.09475659,0.04838268,0.04839453,-0.040231,-0.9968444,6.799686,2.955262,0.08564627,-0.06604829,-0.1401286,0.987928,36,-0.7,-15.23251,124.0388,37,5.7,-33.32514,252.7746
51.35449,-22.96799,-53.8896,398.2974,6.928304,2.933569,0.09620015,0.04888875,0.05409229,-0.0406929,-0.9965079,6.883852,2.947677,0.08921432,-0.07400975,-0.140913,0.9872518,36,-0.7,-14.98758,122.296,37,5.7,-33.08021,251.0318
51.37781,-12.85,-30.67566,222.013,7.046906,2.928333,0.09941632,0.05129836,0.06120382,-0.0379133,-0.9960849,7.012918,2.940038,0.09269869,-0.08815074,-0.149185,0.9848722,36,-0.7,-14.67944,120.1036,37,5.7,-32.77207,248.8393
51.39648,-12.85,-30.75078,222.5089,7.096843,2.925927,0.1011097,0.05263406,0.06320325,-0.03702988,-0.9959236,7.057306,2.940038,0.09269869,-0.08815074,-0.149185,0.9848722,36,-0.7,-14.43239,118.3456,37,5.7,-32.52501,247.0814
51.41956,-22.72776,-43.64469,315.2318,7.177967,2.921238,0.1042286,0.05307322,0.06609032,-0.03490073,-0.9957898,7.148835,2.933036,0.09625661,-0.09337687,-0.1455749,0.9849308,36,-0.7,-14.1269,116.172,37,5.7,-32.21952,244.9077
51.43787,NaN,NaN,NaN,7.20483,2.919583,0.1061259,0.05151355,0.06603166,-0.03273247,-0.9959492,7.188195,2.926765,0.1003113,-0.08830741,-0.1405519,0.9861273,36,-0.7,-13.88482,114.4495,37,5.7,-31.97745,243.1853
51.4613,NaN,NaN,NaN,7.243393,2.914855,0.1087204,0.05012524,0.06571607,-0.02881942,-0.9961618,7.222474,2.926765,0.1003113,-0.08830741,-0.1405519,0.9861273,36,-0.7,-13.57514,112.246,37,5.7,-31.66777,240.9818
51.47961,NaN,NaN,NaN,7.247448,2.912507,0.1093812,0.04719487,0.06540675,-0.02826055,-0.9963413,7.237506,2.921247,0.1044192,-0.08093318,-0.1445617,0.9861804,36,-0.7,-13.33317,110.5243,37,5.7,-31.4258,239.2601
51.50305,-12.85,-32.99462,238.237,7.24327,2.909666,0.1104342,0.04086404,0.06648222,-0.02911931,-0.9965252,7.240865,2.915955,0.1075333,-0.08313741,-0.1486004,0.9853964,36,-0.7,-13.02316,108.3185,37,5.7,-31.11579,237.0543
51.52136,-12.85,-32.96835,238.0628,7.22674,2.908699,0.110588,0.03709901,0.06683688,-0.0296876,-0.9966319,7.226172,2.915955,0.1075333,-0.08313741,-0.1486004,0.9853964,36,-0.7,-12.78085,106.5944,37,5.7,-30.87349,235.3302
51.5448,-10.9429,-30.06616,214.2911,7.180369,2.906886,0.110661,0.03190195,0.06729479,-0.03090475,-0.996744,7.187453,2.911311,0.1096289,-0.08337234,-0.1516468,0.9849123,36,-0.7,-12.471,104.3896,37,5.7,-30.56363,233.1254
51.56311,-10.97355,-30.06616,214.2911,7.145886,2.906873,0.1107248,0.03159665,0.06759074,-0.03319888,-0.99666,7.156802,2.911311,0.1096289,-0.08337234,-0.1516468,0.9849123,36,-0.7,-12.22894,102.6673,37,5.7,-30.32157,231.4031
51.58655,-3.389301,-17.0956,122.0008,7.064097,2.907629,0.1107242,0.03376033,0.06782498,-0.03689915,-0.996443,7.081944,2.907949,0.1107678,-0.08447035,-0.1613664,0.9832729,36,-0.7,-11.91822,100.4564,37,5.7,-30.01085,229.1922
51.60474,-3.060273,-16.37979,116.9075,7.011353,2.908031,0.1107248,0.03677699,0.06734207,-0.03736093,-0.9963517,7.028775,2.906294,0.1109731,-0.08491942,-0.1623308,0.9830755,36,-0.7,-11.67811,98.74794,37,5.7,-29.77074,227.4837
51.62842,-3.163601,-16.37979,116.9075,6.895109,2.909131,0.1107464,0.03955239,0.06632447,-0.03695492,-0.9963288,6.925447,2.906294,0.1109731,-0.08491942,-0.1623308,0.9830755,36,-0.7,-11.36501,96.52009,37,5.7,-29.45764,225.2559
51.64648,-22.19003,-45.20465,322.007,6.826082,2.910115,0.1110383,0.04012685,0.0654394,-0.03593645,-0.9964015,6.853896,2.906382,0.1109341,-0.0888832,-0.1472344,0.9850999,36,-0.7,-11.12682,94.8253,37,5.7,-29.21945,223.5611
51.67017,NaN,NaN,NaN,6.677401,2.913227,0.1122976,0.04097466,0.06481408,-0.0360478,-0.9964039,6.707849,2.907593,0.1111178,-0.0873776,-0.1426868,0.9859034,36,-0.7,-10.81295,92.59198,37,5.7,-28.90558,221.3278
51.68835,NaN,NaN,NaN,6.59419,2.915197,0.1131369,0.04075345,0.06477056,-0.03596163,-0.996419,6.633883,2.907593,0.1111178,-0.0873776,-0.1426868,0.9859034,36,-0.7,-10.57226,90.8794,37,5.7,-28.66489,219.6152
51.71191,-23.52879,-48.75354,347.2587,6.415394,2.919252,0.1145618,0.03818449,0.06392632,-0.03470258,-0.9966199,6.45756,2.910092,0.1119674,-0.08512833,-0.1466681,0.985516,36,-0.7,-10.26155,88.66859,37,5.7,-28.35418,217.4044
51.7301,-23.61504,-48.75354,347.2587,6.318362,2.922512,0.1154008,0.03596384,0.06395938,-0.03436252,-0.9967122,6.371308,2.910092,0.1119674,-0.08512833,-0.1466681,0.985516,36,-0.7,-10.02144,86.96009,37,5.7,-28.11407,215.6959
51.75391,-12.85,-30.99697,223.7808,6.11488,2.928834,0.1172263,0.03344695,0.06389727,-0.03337637,-0.9968372,6.169669,2.913893,0.1131786,-0.08377906,-0.1493727,0.9852253,36,-0.7,-9.706737,84.72089,37,5.7,-27.79937,213.4567
51.77185,-9.06214,-25.18478,179.5583,6.006219,2.932148,0.1179372,0.03143444,0.0641629,-0.03260488,-0.9969112,6.049298,2.919387,0.1148976,-0.08291215,-0.1541996,0.9845548,36,-0.7,-9.468616,83.02657,37,5.7,-27.56125,211.7624
51.79553,-9.259347,-25.18479,179.5583,5.784363,2.938928,0.119281,0.02694067,0.06464158,-0.03050748,-0.9970782,5.852093,2.919387,0.1148976,-0.08291215,-0.1541996,0.9845548,36,-0.7,-9.156127,80.80309,37,5.7,-27.24876,209.5389
51.81372,-12.85,-29.89614,216.2596,5.666852,2.942631,0.1197532,0.02480663,0.06438791,-0.02810107,-0.9972208,5.721271,2.926321,0.1169437,-0.08464265,-0.1495956,0.9851177,36,-0.7,-8.915873,79.0936,37,5.7,-27.00851,207.8294
51.83728,-7.754398,-20.40657,145.5596,5.42649,2.950006,0.1204662,0.02243234,0.06380489,-0.02320418,-0.9974404,5.478853,2.93429,0.1186825,-0.08947726,-0.1578204,0.9834056,36,-0.7,-8.603971,76.8743,37,5.7,-26.6966,205.6101
51.85547,-7.865668,-20.40655,145.5594,5.3013,2.953463,0.1206988,0.02210314,0.06338665,-0.02079658,-0.9975275,5.367574,2.93429,0.1186825,-0.08947726,-0.1578204,0.9834056,36,-0.7,-8.363814,75.1655,37,5.7,-26.45645,203.9013
51.87915,-7.777832,-19.39087,138.3325,5.047778,2.960165,0.1207811,0.02186665,0.06259666,-0.01695229,-0.9976554,5.111449,2.942883,0.1199288,-0.09167504,-0.1588489,0.9830375,36,-0.7,-8.05089,72.93893,37,5.7,-26.14352,201.6747
51.89758,-7.893007,-19.39087,138.3325,4.918206,2.963249,0.1207154,0.02188557,0.06226733,-0.01623487,-0.9976875,4.996274,2.942883,0.1199288,-0.09167504,-0.1588489,0.9830375,36,-0.7,-7.806523,71.20016,37,5.7,-25.89916,199.936
51.92102,-6.501147,-16.83661,120.158,4.656776,2.96963,0.1204126,0.02136164,0.06149841,-0.0140339,-0.9977798,4.7315,2.951416,0.1206539,-0.09193908,-0.1619648,0.9825042,36,-0.7,-7.497299,68.99992,37,5.7,-25.58993,197.7357
51.93896,-6.892063,-20.05932,143.0888,4.523113,2.972937,0.1202669,0.02113221,0.06093705,-0.01271825,-0.9978368,4.579107,2.959408,0.1208459,-0.07896839,-0.1584627,0.984202,36,-0.7,-7.258677,67.30204,37,5.7,-25.35131,196.0378
51.96252,-7.13146,-20.05941,143.0893,4.253843,2.978978,0.1200018,0.02163365,0.06000711,-0.009989095,-0.9979135,4.339756,2.959408,0.1208459,-0.07896839,-0.1584627,0.984202,36,-0.7,-6.947349,65.08682,37,5.7,-25.03998,193.8226
51.98071,-6.628713,-19.09053,136.1955,4.117631,2.98172,0.1198332,0.02223838,0.05957069,-0.008650186,-0.9979389,4.183932,2.96723,0.1206316,-0.07819697,-0.1595216,0.9840925,36,-0.7,-6.70743,63.37971,37,5.7,-24.80006,192.1155
52.00439,-8.013296,-20.87531,148.8947,3.844811,2.986748,0.1191461,0.02207023,0.05841656,-0.005592087,-0.9980327,3.905905,2.974678,0.1202803,-0.07885951,-0.1577957,0.9843179,36,-0.7,-6.394304,61.1517,37,5.7,-24.48694,189.8875
52.02258,-8.135314,-20.87532,148.8948,3.707548,2.988658,0.1182986,0.02064674,0.05769016,-0.003725828,-0.998114,3.783894,2.974678,0.1202803,-0.07885951,-0.1577957,0.9843179,36,-0.7,-6.153091,59.43538,37,5.7,-24.24572,188.1712
52.04614,-6.760581,-17.85939,127.4355,3.43266,2.992177,0.116687,0.01891939,0.05627925,0.0001693328,-0.9982358,3.503562,2.98127,0.119532,-0.07930995,-0.1610336,0.9837571,36,-0.7,-5.841905,57.22118,37,5.7,-23.93454,185.957
52.06458,-6.884724,-17.85939,127.4355,3.292997,2.994153,0.1160121,0.01883971,0.05521736,0.002486356,-0.9982935,3.379416,2.98127,0.119532,-0.07930995,-0.1610336,0.9837571,36,-0.7,-5.599319,55.49509,37,5.7,-23.69195,184.2309
52.08789,-5.998862,-16.51039,117.8368,3.013026,2.997777,0.1146753,0.02050246,0.05318698,0.007360223,-0.9983469,3.094187,2.986724,0.1182368,-0.07598548,-0.1629264,0.9837079,36,-0.7,-5.290606,53.29849,37,5.7,-23.38324,182.0343
52.10596,-5.634231,-15.92364,113.6619,2.872935,2.999027,0.1138622,0.02203385,0.05232558,0.009269623,-0.9983439,2.93287,2.991512,0.1167392,-0.07422014,-0.1638694,0.9836861,36,-0.7,-5.050698,51.59145,37,5.7,-23.14333,180.3272
52.12976,-5.882742,-15.92364,113.6619,2.593359,3.00164,0.1123073,0.02256573,0.05092101,0.01190324,-0.9983768,2.684359,2.991512,0.1167392,-0.07422014,-0.1638694,0.9836861,36,-0.7,-4.736382,49.35497,37,5.7,-22.82902,178.0907
52.14783,-6.406688,-17.65084,125.9514,2.454052,3.0027,0.1115925,0.02313193,0.05000088,0.0139317,-0.9983841,2.523443,2.995707,0.1150653,-0.06985876,-0.1615141,0.9843947,36,-0.7,-4.497779,47.65723,37,5.7,-22.59041,176.393
52.17151,-5.006907,-14.94064,106.6675,2.174616,3.003665,0.1102363,0.02425745,0.04814079,0.01789505,-0.9983857,2.238141,2.999285,0.1132572,-0.06690008,-0.1656556,0.9839119,36,-0.7,-4.185438,45.43481,37,5.7,-22.27807,174.1706
52.18958,-5.131463,-14.94065,106.6675,2.034494,3.004163,0.1095788,0.02473381,0.0471576,0.0197835,-0.9983853,2.113588,2.999285,0.1132572,-0.06690008,-0.1656556,0.9839119,36,-0.7,-3.945581,43.72813,37,5.7,-22.03822,172.4639
52.2135,-5.398736,-15.91264,113.5836,1.756968,3.00418,0.1084301,0.02510064,0.04572411,0.0224778,-0.9983857,1.829576,3.001619,0.111501,-0.06271061,-0.1640943,0.9844493,36,-0.7,-3.629915,41.48205,37,5.7,-21.72255,170.2178
52.23132,-5.520258,-15.91264,113.5836,1.620257,3.004164,0.1079157,0.02474262,0.0450082,0.02367367,-0.9983996,1.708055,3.001619,0.111501,-0.06271061,-0.1640943,0.9844493,36,-0.7,-3.393558,39.80029,37,5.7,-21.48619,168.5361
52.255,-5.257195,-17.14563,122.3567,1.350267,3.00285,0.1069504,0.02506221,0.04228858,0.02711273,-0.998423,1.430788,3.002856,0.1099129,-0.05390212,-0.1623877,0.9852537,36,-0.7,-3.081303,37.57848,37,5.7,-21.17394,166.3143
52.27295,-7.437355,-28.5553,203.5407,1.219239,3.001909,0.1066735,0.02519502,0.04038941,0.02818159,-0.9984687,1.277537,3.003047,0.1084465,-0.04229504,-0.1531587,0.987296,36,-0.7,-2.843871,35.88906,37,5.7,-20.93651,164.6248
52.29675,-7.666944,-28.5553,203.5407,0.9609517,2.998693,0.1060934,0.02834715,0.03651132,0.02964166,-0.9984912,1.047949,3.003047,0.1084465,-0.04229504,-0.1531587,0.987296,36,-0.7,-2.528926,33.64811,37,5.7,-20.62156,162.3839
52.3147,-7.283498,-31.55967,224.918,0.8368101,2.996927,0.1062094,0.02895809,0.0347289,0.02853847,-0.9985694,0.9016759,3.001986,0.1071805,-0.03596309,-0.1518531,0.9877486,36,-0.7,-2.291368,31.95779,37,5.7,-20.384,160.6936
52.3385,-7.682678,-40.35576,287.5054,0.5928138,2.994622,0.1067798,0.02914918,0.03059402,0.02731584,-0.9987333,0.6497282,2.999335,0.1065397,-0.02865634,-0.1491044,0.9884061,36,-0.7,-1.977444,29.72411,37,5.7,-20.07008,158.4599
52.35693,-7.787051,-40.35576,287.5054,0.4753942,2.992022,0.1070027,0.02994219,0.0279803,0.02797353,-0.9987683,0.5453553,2.999335,0.1065397,-0.02865634,-0.1491044,0.9884061,36,-0.7,-1.732897,27.98407,37,5.7,-19.82553,156.7198
52.38025,-5.874699,-36.45456,259.7469,0.249975,2.987103,0.1077432,0.02721676,0.02338623,0.02823549,-0.998957,0.3113387,2.995908,0.1065446,-0.02354852,-0.1501769,0.9883786,36,-0.7,-1.424504,25.78974,37,5.7,-19.51714,154.5255
52.39868,-5.968366,-36.45461,259.7473,0.1446095,2.985059,0.108593,0.02645836,0.02094039,0.02862838,-0.9990205,0.2176804,2.995908,0.1065446,-0.02354852,-0.1501769,0.9883786,36,-0.7,-1.181189,24.05846,37,5.7,-19.27382,152.7942
52.422,-4.572493,-35.07171,249.9074,-0.05837286,2.979883,0.1101669,0.02681209,0.01451981,0.03283193,-0.9989957,0.005399033,2.991554,0.1071005,-0.01811411,-0.1506113,0.9884271,36,-0.7,-0.8728808,21.86474,37,5.7,-18.96552,150.6005
52.44006,-1.639306,-23.05041,164.3714,-0.1513341,2.976834,0.1108178,0.02657292,0.01041328,0.03572457,-0.9989541,-0.1071604,2.986228,0.1082076,-0.009211984,-0.1565446,0.9876279,36,-0.7,-0.6336808,20.16274,37,5.7,-18.72631,148.8985
52.46387,-1.797994,-23.05039,164.3712,-0.3298596,2.970596,0.1124571,0.02495451,0.002654306,0.04075789,-0.9988539,-0.2658497,2.986228,0.1082076,-0.009211984,-0.1565446,0.9876279,36,-0.7,-0.3198705,17.92986,37,5.7,-18.4125,146.6656
52.48181,-1.467413,-18.89602,134.8113,-0.4132046,2.967543,0.1133312,0.02407568,-0.001555204,0.04438852,-0.998723,-0.3675474,2.980051,0.1098012,-0.008059346,-0.1602986,0.9870357,36,-0.7,-0.08209239,16.23799,37,5.7,-18.17473,144.9737
52.50549,-0.3689994,-15.43959,110.2175,-0.5698138,2.961232,0.1149769,0.0216334,-0.00969591,0.05063884,-0.9984356,-0.5318394,2.973085,0.1116303,0.001458685,-0.1649364,0.9863032,36,-0.7,0.231749,14.00489,37,5.7,-17.86089,142.7406
52.52368,-0.432436,-15.4396,110.2177,-0.64118,2.957321,0.1155547,0.02061778,-0.0141177,0.05346032,-0.9982573,-0.5952761,2.973085,0.1116303,0.001458685,-0.1649364,0.9863032,36,-0.7,0.472236,12.29373,37,5.7,-17.6204,141.0295
52.54749,0.1294233,-12.70472,90.7579,-0.7754748,2.949576,0.1167529,0.01641464,-0.02229058,0.05758912,-0.9979566,-0.737223,2.965598,0.1134065,0.00942077,-0.1703422,0.9853399,36,-0.7,0.7861289,10.06027,37,5.7,-17.30651,138.796
52.5658,0.07506599,-12.7047,90.75782,-0.8366258,2.946013,0.1175099,0.0147405,-0.02616057,0.05890826,-0.9978117,-0.7915795,2.965598,0.1134065,0.00942077,-0.1703422,0.9853399,36,-0.7,1.02864,8.334715,37,5.7,-17.064,137.0705
52.58899,0.2283026,-10.53067,75.28894,-0.9482729,2.937811,0.118623,0.01332394,-0.03276228,0.06071178,-0.9975286,-0.9111953,2.957335,0.1152643,0.01491828,-0.1765848,0.9841724,36,-0.7,1.335303,6.152694,37,5.7,-16.75733,134.8885
52.60706,0.5222837,-8.838303,63.24709,-0.9948651,2.933505,0.1190028,0.01229319,-0.03469197,0.06062017,-0.9974821,-0.9705796,2.948475,0.1169329,0.02323942,-0.1834849,0.9827478,36,-0.7,1.574,4.454278,37,5.7,-16.51863,133.19
52.6311,0.4477487,-8.838301,63.24709,-1.078717,2.925579,0.1201231,0.01201151,-0.03849529,0.06204925,-0.9972581,-1.045114,2.948475,0.1169329,0.02323942,-0.1834849,0.9827478,36,-0.7,1.891788,2.193101,37,5.7,-16.20085,130.9289
52.6488,0.2676652,-10.7925,77.15176,-1.110205,2.921745,0.1206938,0.01246936,-0.03921783,0.062604,-0.9971897,-1.088469,2.939107,0.1184179,0.01732871,-0.1754627,0.9843336,36,-0.7,2.125501,0.5301408,37,5.7,-15.96713,129.2659
52.67261,0.967909,-11.52083,82.33412,-1.161104,2.914165,0.1215941,0.01244635,-0.04044402,0.06368589,-0.9970725,-1.146311,2.929475,0.1197217,0.02531956,-0.1730545,0.9845867,37,5.7,-15.65145,127.0197,38,-5.7,-33.85848,256.5694
52.69067,0.9549561,-11.52083,82.33414,-1.175677,2.910616,0.1222529,0.01280965,-0.04028288,0.0642139,-0.9970405,-1.159265,2.929475,0.1197217,0.02531956,-0.1730545,0.9845867,37,5.7,-15.4134,125.3259,38,-5.7,-33.62043,254.8756
52.7146,0.7556574,-11.68496,83.50201,-1.191292,2.90413,0.1237691,0.01376279,-0.04036891,0.06551164,-0.99694,-1.182631,2.919968,0.1208826,0.02289153,-0.1724868,0.9847458,37,5.7,-15.09623,123.0691,38,-5.7,-33.30326,252.6188
52.73328,0.7594389,-11.68497,83.50201,-1.187038,2.901306,0.124582,0.01429285,-0.04029559,0.06627864,-0.9968848,-1.17885,2.919968,0.1208826,0.02289153,-0.1724868,0.9847458,37,5.7,-14.85079,121.3227,38,-5.7,-33.05782,250.8724
52.75635,0.994216,-11.91667,85.15067,-1.16757,2.895733,0.1258564,0.01450192,-0.04090004,0.06880169,-0.9966862,-1.167441,2.911117,0.1222266,0.02503693,-0.1717397,0.9848242,37,5.7,-14.54567,119.1517,38,-5.7,-32.7527,248.7014
52.77441,1.72137,-12.00931,85.80982,-1.148084,2.892933,0.1263206,0.01353697,-0.04113876,0.07038301,-0.9965795,-1.152202,2.903375,0.1237758,0.0330214,-0.1713677,0.9846536,37,5.7,-14.30627,117.4482,38,-5.7,-32.5133,246.9979
52.79858,1.769179,-12.00931,85.80985,-1.094301,2.887979,0.1270517,0.01063443,-0.04163023,0.07267982,-0.9964294,-1.104395,2.903375,0.1237758,0.0330214,-0.1713677,0.9846536,37,5.7,-13.98581,115.1681,38,-5.7,-32.19284,244.7178
52.81592,8.303966,-26.11006,186.142,-1.056355,2.886509,0.1272611,0.008626493,-0.04234815,0.07357348,-0.996353,-1.06915,2.896337,0.1253878,0.04972534,-0.1538819,0.9868372,37,5.7,-13.75739,113.5428,38,-5.7,-31.96442,243.0925
52.83997,7.208116,-22.53465,160.7016,-0.9682426,2.884206,0.127479,0.006206177,-0.04376249,0.07485258,-0.9962146,-0.9856811,2.890101,0.1266011,0.05033608,-0.1561892,0.9864438,37,5.7,-13.43984,111.2833,38,-5.7,-31.64687,240.833
52.85779,7.256985,-22.53467,160.7017,-0.9132718,2.883782,0.1276747,0.006549571,-0.04452819,0.07552496,-0.9961277,-0.9368181,2.890101,0.1266011,0.05033608,-0.1561892,0.9864438,37,5.7,-13.20333,109.6004,38,-5.7,-31.41036,239.1501
52.88159,6.841809,-19.37962,138.2523,-0.7928154,2.883329,0.12797,0.009325844,-0.04637446,0.07794074,-0.9958351,-0.8208303,2.885605,0.1273048,0.05468715,-0.1589037,0.9857784,37,5.7,-12.88837,107.3594,38,-5.7,-31.0954,236.9091
52.90027,6.903197,-19.37962,138.2523,-0.7237532,2.883443,0.1278811,0.01133967,-0.04743467,0.07919456,-0.9956655,-0.7594417,2.885605,0.1273048,0.05468715,-0.1589037,0.9857784,37,5.7,-12.6429,105.6128,38,-5.7,-30.84993,235.1625
52.92334,10.35002,-27.47344,195.8429,-0.5740025,2.884367,0.1276501,0.01288674,-0.04911987,0.08047338,-0.9954623,-0.6138183,2.883158,0.1277344,0.05527277,-0.1530389,0.9866732,37,5.7,-12.33756,103.4402,38,-5.7,-30.54459,232.9899
52.94128,12.85,-31.10462,224.2552,-0.4882753,2.885797,0.1276529,0.0129644,-0.05041405,0.08088777,-0.9953631,-0.5217996,2.88243,0.1279199,0.05888491,-0.1496676,0.9869813,37,5.7,-12.10043,101.7529,38,-5.7,-30.30746,231.3026
52.9657,12.85,-30.70127,221.5953,-0.3097429,2.889961,0.1277974,0.01328962,-0.05345924,0.08182913,-0.9951229,-0.363104,2.88243,0.1279199,0.05888491,-0.1496676,0.9869813,37,5.7,-11.77718,99.4528,38,-5.7,-29.9842,229.0025
52.98303,12.11455,-30.20825,215.3021,-0.2116781,2.892923,0.1277365,0.01361332,-0.05529134,0.08290428,-0.9949294,-0.2568623,2.883374,0.1278594,0.05673519,-0.151758,0.986788,37,5.7,-11.5485,97.82565,38,-5.7,-29.75552,227.3754
53.00684,12.85,-29.33594,209.3458,-0.01047336,2.89848,0.1271872,0.01260052,-0.05897738,0.08537512,-0.994522,-0.05578434,2.886837,0.1277276,0.06085395,-0.1519383,0.9865149,37,5.7,-11.23266,95.57834,38,-5.7,-29.43968,225.128
53.02478,12.85,-29.09835,207.8032,0.09658059,2.90206,0.1267027,0.01036768,-0.05984449,0.08497473,-0.9945303,0.03937472,2.886837,0.1277276,0.06085395,-0.1519383,0.9865149,37,5.7,-10.99667,93.8992,38,-5.7,-29.20369,223.4489
53.04858,12.85,-26.63381,193.0634,0.3155475,2.910264,0.1257509,0.007439347,-0.06147072,0.0858646,-0.9943809,0.2589499,2.892437,0.1275274,0.06437545,-0.1509616,0.9864413,37,5.7,-10.68115,91.65414,38,-5.7,-28.88817,221.2038
53.06714,12.85,-26.39292,191.4893,0.4311128,2.914847,0.1250916,0.006716611,-0.06200407,0.08571725,-0.9943656,0.3616747,2.892437,0.1275274,0.06437545,-0.1509616,0.9864413,37,5.7,-10.43542,89.90569,38,-5.7,-28.64244,219.4554
53.09045,19.54679,-44.46053,316.7125,0.6706452,2.924511,0.1236405,0.005598926,-0.06283534,0.08219484,-0.9946177,0.6017714,2.899873,0.1268924,0.05907972,-0.1476927,0.9872672,37,5.7,-10.1282,87.71973,38,-5.7,-28.33522,217.2694
53.10828,12.85,-31.82756,228.1761,0.795009,2.929875,0.1229511,0.005658343,-0.06323087,0.07924937,-0.9948313,0.7414966,2.90933,0.1257771,0.05241815,-0.1503773,0.9872381,37,5.7,-9.891632,86.03646,38,-5.7,-28.09866,215.5862
53.13269,12.85,-31.18065,223.929,1.048696,2.940623,0.1213633,0.00618259,-0.0636944,0.07451469,-0.9951646,0.9669964,2.90933,0.1257771,0.05241815,-0.1503773,0.9872381,37,5.7,-9.568709,83.73875,38,-5.7,-27.77573,213.2884
53.1499,12.78749,-29.38972,209.478,1.179727,2.945807,0.1204744,0.006365881,-0.06343357,0.07181178,-0.9953787,1.114618,2.920528,0.1243353,0.05502082,-0.1522965,0.9868022,37,5.7,-9.341125,82.1194,38,-5.7,-27.54815,211.6691
53.17407,12.85,-27.67276,197.6458,1.44623,2.956283,0.1188913,0.006930627,-0.06174791,0.06615932,-0.9958725,1.384418,2.932812,0.1224784,0.0572681,-0.1528682,0.9865859,37,5.7,-9.022538,79.85253,38,-5.7,-27.22956,209.4022
53.19165,12.85,-27.34779,195.5484,1.583189,2.961383,0.1182603,0.007730028,-0.06011448,0.06314749,-0.9961621,1.50616,2.932812,0.1224784,0.0572681,-0.1528682,0.9865859,37,5.7,-8.789007,78.19087,38,-5.7,-26.99603,207.7406
53.2157,12.7,-25.92808,186.0747,1.860663,2.971253,0.1172509,0.01004112,-0.05679193,0.05745446,-0.996681,1.787202,2.945408,0.1205103,0.05789325,-0.1531761,0.9865016,37,5.7,-8.471395,75.93095,38,-5.7,-26.67842,205.4807
53.23425,12.7,-25.59695,183.9422,2.001457,2.975435,0.116844,0.01229604,-0.05490956,0.05534021,-0.9968808,1.912353,2.945408,0.1205103,0.05789325,-0.1531761,0.9865016,37,5.7,-8.226492,74.18837,38,-5.7,-26.43352,203.7381
53.25757,11.58293,-26.83963,191.3332,2.285357,2.983027,0.1164314,0.01491739,-0.0511044,0.05087833,-0.9972849,2.20031,2.957878,0.1186988,0.04842652,-0.1537939,0.9869156,37,5.7,-7.918655,71.998,38,-5.7,-26.12568,201.5477
53.27563,11.8901,-30.53651,217.6379,2.429426,2.986314,0.1163211,0.01652159,-0.04908039,0.04926827,-0.9974422,2.365103,2.969385,0.1173697,0.04323805,-0.1520976,0.9874192,37,5.7,-7.679749,70.29809,38,-5.7,-25.88677,199.8478
53.29993,12.14577,-30.5365,217.6379,2.717054,2.990962,0.1162736,0.01856756,-0.04512956,0.0459693,-0.9977502,2.620772,2.969385,0.1173697,0.04323805,-0.1520976,0.9874192,37,5.7,-7.357832,68.00753,38,-5.7,-25.56486,197.5573
53.31738,12.85,-37.88084,271.6807,2.860271,2.992605,0.1160704,0.01724213,-0.04312873,0.04463417,-0.9979231,2.785713,2.979167,0.1166548,0.03662336,-0.1486872,0.9882059,37,5.7,-7.126884,66.36425,38,-5.7,-25.33391,195.914
53.34094,16.27942,-48.08222,342.4821,3.143832,2.995446,0.1160536,0.01473027,-0.03935359,0.0426356,-0.9982067,3.075866,2.986612,0.1163357,0.03811591,-0.1474251,0.9883385,37,5.7,-6.815862,64.15121,38,-5.7,-25.02289,193.7009
53.35876,16.40495,-48.08222,342.4821,3.285042,2.996415,0.1161235,0.01426243,-0.03747879,0.04178008,-0.9983218,3.201386,2.986612,0.1163357,0.03811591,-0.1474251,0.9883385,37,5.7,-6.579707,62.47088,38,-5.7,-24.78673,192.0206
53.38269,7.417595,-16.90572,120.6497,3.564325,2.997809,0.1169318,0.01352083,-0.03413673,0.03922917,-0.9985554,3.487675,2.991733,0.1160202,0.03215231,-0.1627895,0.9861369,37,5.7,-6.263436,60.22049,38,-5.7,-24.47046,189.7702
53.40125,7.540648,-16.90572,120.6497,3.70276,2.998365,0.1173816,0.01499699,-0.03249426,0.03778619,-0.9986448,3.610728,2.991733,0.1160202,0.03215231,-0.1627895,0.9861369,37,5.7,-6.017838,58.47297,38,-5.7,-24.22486,188.0227
53.42456,7.229084,-15.54091,110.9386,3.97414,2.997258,0.1184796,0.01623935,-0.02868557,0.03378626,-0.9988853,3.889719,2.994826,0.1162276,0.02970663,-0.164892,0.9858642,37,5.7,-5.710921,56.28915,38,-5.7,-23.91795,185.8389
53.44238,8.212461,-24.2151,172.6586,4.107563,2.997192,0.1192228,0.0146737,-0.0265956,0.03236787,-0.9990144,4.045563,2.996534,0.1170208,0.02384845,-0.1557407,0.98751,37,5.7,-5.474381,54.60608,38,-5.7,-23.68141,184.1558
53.46692,8.443571,-24.2151,172.6586,4.367562,2.995978,0.1208517,0.0148278,-0.02328925,0.03125509,-0.9991301,4.276672,2.996534,0.1170208,0.02384845,-0.1557407,0.98751,37,5.7,-5.150771,52.30347,38,-5.7,-23.3578,181.8532
53.48413,8.197788,-23.74326,169.3013,4.494748,2.995102,0.12175,0.01473306,-0.02108566,0.02978289,-0.9992254,4.426088,2.996625,0.1181622,0.02201489,-0.1560771,0.9874995,37,5.7,-4.922216,50.67722,38,-5.7,-23.12924,180.2269
53.50806,6.834611,-17.8406,127.3017,4.747251,2.993141,0.1242341,0.01573154,-0.01678037,0.02643738,-0.9993858,4.685817,2.995648,0.1197027,0.01667082,-0.1616523,0.9867069,37,5.7,-4.606948,48.43397,38,-5.7,-22.81398,177.9837
53.52625,6.944959,-17.8406,127.3018,4.871389,2.992174,0.1255091,0.01695222,-0.01481448,0.02497098,-0.9994347,4.796163,2.995648,0.1197027,0.01667082,-0.1616523,0.9867069,37,5.7,-4.366569,46.72358,38,-5.7,-22.5736,176.2733
53.5498,6.125917,-17.76946,126.7956,5.113937,2.989659,0.1280553,0.01702236,-0.01095671,0.02232642,-0.9995458,5.046226,2.993911,0.122044,0.008410865,-0.1617483,0.9867963,37,5.7,-4.054698,44.50451,38,-5.7,-22.26173,174.0542
53.56812,6.231586,-17.76945,126.7955,5.232814,2.988307,0.1291856,0.01549354,-0.009111419,0.02142464,-0.9996089,5.151894,2.993911,0.122044,0.008410865,-0.1617483,0.9867963,37,5.7,-3.812123,42.7785,38,-5.7,-22.01915,172.3282
53.59155,6.401749,-16.58804,118.3893,5.465883,2.985527,0.1318126,0.0142803,-0.005452946,0.01890891,-0.9997044,5.392534,2.991591,0.1249042,0.008418633,-0.163329,0.9865357,37,5.7,-3.503055,40.57936,38,-5.7,-21.71008,170.1291
53.6095,5.917697,-15.49308,110.5982,5.579643,2.983736,0.1333837,0.01432852,-0.003859341,0.01714903,-0.9997429,5.52592,2.988874,0.1279417,0.003497792,-0.1650081,0.986286,37,5.7,-3.264722,38.88354,38,-5.7,-21.47175,168.4333
53.63379,6.1184,-15.49307,110.5982,5.805434,2.981308,0.1365201,0.01448114,-0.001647025,0.01490612,-0.9997827,5.726624,2.988874,0.1279417,0.003497792,-0.1650081,0.986286,37,5.7,-2.944037,36.60174,38,-5.7,-21.15106,166.1515
53.65149,6.263057,-14.48688,103.4387,5.913576,2.979646,0.1382587,0.01611746,-0.0009625182,0.01443017,-0.9997655,5.854139,2.985553,0.1310928,0.003902773,-0.1667605,0.9859897,37,5.7,-2.71054,34.94032,38,-5.7,-20.91757,164.49
53.67542,6.529874,-13.86543,99.01691,6.126565,2.975122,0.1413304,0.0180464,0.001161583,0.01200801,-0.9997644,6.074023,2.982034,0.1345804,0.004544479,-0.1679568,0.9857839,37,5.7,-2.393693,32.68584,38,-5.7,-20.60072,162.2355
53.69312,6.620423,-13.86544,99.01694,6.228432,2.972824,0.1428604,0.01831399,0.001649529,0.01087065,-0.9997718,6.164572,2.982034,0.1345804,0.004544479,-0.1679568,0.9857839,37,5.7,-2.160307,31.02522,38,-5.7,-20.36733,160.5749
53.71692,6.389225,-13.30456,95.02608,6.426752,2.968212,0.1461761,0.01962163,0.00286416,0.007665599,-0.999774,6.370211,2.978011,0.1382979,0.000197483,-0.1691262,0.9855944,37,5.7,-1.845325,28.784,38,-5.7,-20.05235,158.3337
53.73511,6.473437,-13.30456,95.02614,6.52149,2.965348,0.1478124,0.02077524,0.003146246,0.005862897,-0.999762,6.454422,2.978011,0.1382979,0.000197483,-0.1691262,0.9855944,37,5.7,-1.60504,27.07428,38,-5.7,-19.81207,156.624
53.75867,5.941551,-14.79358,105.621,6.701782,2.95867,0.1506394,0.02070396,0.003517777,0.00284691,-0.9997755,6.642538,2.973146,0.1419761,-0.006553302,-0.1660951,0.9860879,37,5.7,-1.29221,24.84838,38,-5.7,-19.49924,154.3981
53.77661,NaN,NaN,NaN,6.787055,2.955055,0.1521316,0.02055198,0.004030354,0.0008966124,-0.9997803,6.744987,2.967252,0.1459109,-0.06254337,-0.1452477,0.9874166,37,5.7,-1.055936,23.16721,38,-5.7,-19.26296,152.7169
53.80078,NaN,NaN,NaN,6.948461,2.947845,0.1551621,0.02244614,0.004996926,-0.002678914,-0.999732,6.888458,2.967252,0.1459109,-0.06254337,-0.1452477,0.9874166,37,5.7,-0.7359216,20.89019,38,-5.7,-18.94295,150.4399
53.81836,NaN,NaN,NaN,7.019816,2.944239,0.1566692,0.02339391,0.005826108,-0.00470797,-0.9996983,6.976702,2.960006,0.1496229,-0.06440409,-0.1441907,0.9874519,37,5.7,-0.5037606,19.23827,38,-5.7,-18.71079,148.788
53.84204,NaN,NaN,NaN,7.153726,2.937057,0.1598649,0.02384937,0.007086925,-0.007668072,-0.9996611,7.118466,2.951814,0.1533581,-0.07983674,-0.1384332,0.9871486,37,5.7,-0.1897926,17.00428,38,-5.7,-18.39682,146.554
53.85999,NaN,NaN,NaN,7.211216,2.933671,0.1614969,0.02376293,0.007223308,-0.008079173,-0.9996589,7.169569,2.951814,0.1533581,-0.07983674,-0.1384332,0.9871486,37,5.7,0.04683624,15.32057,38,-5.7,-18.16019,144.8703
53.88391,NaN,NaN,NaN,7.313456,2.926868,0.1649245,0.0252186,0.007517106,-0.009246752,-0.999611,7.280662,2.943236,0.1570654,-0.08131739,-0.1367261,0.9872656,37,5.7,0.3628853,13.07177,38,-5.7,-17.84414,142.6215
53.90173,NaN,NaN,NaN,7.354901,2.923712,0.1667308,0.02585207,0.00804203,-0.01063904,-0.9995769,7.317502,2.943236,0.1570654,-0.08131739,-0.1367261,0.9872656,37,5.7,0.5984928,11.39534,38,-5.7,-17.60853,140.945
53.92566,NaN,NaN,NaN,7.423635,2.917735,0.1704637,0.02591834,0.009265423,-0.0127246,-0.9995402,7.395854,2.934714,0.160773,-0.08242306,-0.1352443,0.9873781,37,5.7,0.9151292,9.14235,38,-5.7,-17.2919,138.692
53.94348,-20.15671,-39.71186,315.2714,7.444226,2.914949,0.1723488,0.02535295,0.009261481,-0.01201721,-0.9995635,7.428144,2.926614,0.1647866,-0.08642615,-0.1335907,0.9872609,37,5.7,1.150989,7.464118,38,-5.7,-17.05604,137.0138
53.96753,NaN,NaN,NaN,7.472667,2.909729,0.1762828,0.02482596,0.009794638,-0.01084179,-0.9995851,7.453424,2.926614,0.1647866,-0.08642615,-0.1335907,0.9872609,37,5.7,1.468153,5.207384,38,-5.7,-16.73887,134.7571
53.98535,-20.65645,-39.27215,310.9643,7.473957,2.906865,0.178003,0.02400799,0.01057059,-0.01104279,-0.9995949,7.46488,2.919166,0.169125,-0.08930124,-0.1339815,0.986952,37,5.7,1.704067,3.528764,38,-5.7,-16.50296,133.0785
54.00916,-21.97576,-39.57638,307.4202,7.457857,2.90186,0.1810316,0.01947192,0.01259481,-0.01162066,-0.9996636,7.456955,2.912349,0.1736486,-0.09446766,-0.1363724,0.9861432,37,5.7,2.019547,1.284005,38,-5.7,-16.18748,130.8337
54.02722,-21.78389,-39.26875,305.1956,7.433958,2.899996,0.1822038,0.01535216,0.01372882,-0.01083955,-0.9997292,7.435711,2.912349,0.1736486,-0.09446766,-0.1363724,0.9861432,38,-5.7,-15.94849,129.1332,38,NaN,NaN,NaN
54.05115,NaN,NaN,NaN,7.370606,2.896553,0.1838619,0.007205207,0.01606465,-0.0109009,-0.9997855,7.381347,2.905959,0.1778816,-0.1019425,-0.1408839,0.9847637,38,-5.7,-15.63369,126.8933,38,NaN,NaN,NaN
54.06897,NaN,NaN,NaN,7.326611,2.894957,0.1841734,0.002797263,0.0179439,-0.01281601,-0.9997529,7.342239,2.905959,0.1778816,-0.1019425,-0.1408839,0.9847637,38,-5.7,-15.39697,125.2089,38,NaN,NaN,NaN
54.09277,-12.85,-26.08186,186.0247,7.220327,2.892435,0.1843498,-0.003398343,0.02212127,-0.01688501,-0.999607,7.244888,2.900362,0.1813008,-0.1062322,-0.1532153,0.9824662,38,-5.7,-15.08259,122.9721,38,NaN,NaN,NaN
54.1106,-12.76571,-26.06894,185.8495,7.153826,2.891764,0.1843241,-0.003535673,0.02467361,-0.01856705,-0.9995169,7.178114,2.895804,0.1834522,-0.1055412,-0.1532792,0.9825307,38,-5.7,-14.84622,121.2902,38,NaN,NaN,NaN
54.13489,-12.85,-26.00379,185.4319,7.008528,2.89177,0.1845188,-0.001779379,0.02916688,-0.0206134,-0.9993604,7.048961,2.895804,0.1834522,-0.1055412,-0.1532792,0.9825307,38,-5.7,-14.52603,119.0119,38,NaN,NaN,NaN
54.15234,-18.82612,-31.64291,225.5103,6.924847,2.892859,0.1847629,0.0005143983,0.03128547,-0.02122755,-0.9992849,6.962211,2.892527,0.1843237,-0.1124109,-0.1505394,0.9821923,38,-5.7,-14.29473,117.3661,38,NaN,NaN,NaN
54.17639,NaN,NaN,NaN,6.744005,2.895708,0.1851273,0.002107926,0.03481475,-0.02241635,-0.9991401,6.784663,2.89111,0.184598,-0.1197191,-0.1373058,0.9832672,38,-5.7,-13.97723,115.107,38,NaN,NaN,NaN
54.19434,NaN,NaN,NaN,6.644128,2.897243,0.1849987,0.001289226,0.0361131,-0.02275945,-0.9990877,6.695883,2.89111,0.184598,-0.1197191,-0.1373058,0.9832672,38,-5.7,-13.74054,113.4229,38,NaN,NaN,NaN
54.21814,NaN,NaN,NaN,6.433822,2.900736,0.1847137,-0.002689639,0.03772767,-0.02316521,-0.999016,6.488117,2.892155,0.1849062,-0.1265141,-0.1357584,0.9826311,38,-5.7,-13.42577,111.1832,38,NaN,NaN,NaN
54.23608,NaN,NaN,NaN,6.319906,2.903652,0.1844189,-0.0058529,0.03812644,-0.02353971,-0.9989784,6.386858,2.892155,0.1849062,-0.1265141,-0.1357584,0.9826311,38,-5.7,-13.18852,109.495,38,NaN,NaN,NaN
54.25989,NaN,NaN,NaN,6.082772,2.909726,0.1837417,-0.008987697,0.03962347,-0.0241125,-0.9988833,6.151729,2.89513,0.1850052,-0.1257534,-0.1380094,0.9824151,38,-5.7,-12.87302,107.2501,38,NaN,NaN,NaN
54.27783,-44.05935,-56.7087,403.8626,5.955407,2.912883,0.183097,-0.01000993,0.03994808,-0.02315534,-0.9988833,6.011017,2.899738,0.1847296,-0.1217914,-0.1449919,0.9819084,38,-5.7,-12.63623,105.5653,38,NaN,NaN,NaN
54.30164,-44.29147,-56.70862,403.8621,5.694195,2.91965,0.1815044,-0.0112321,0.04103686,-0.02044536,-0.9988853,5.778828,2.899738,0.1847296,-0.1217914,-0.1449919,0.9819084,38,-5.7,-12.32048,103.3186,38,NaN,NaN,NaN
54.31958,NaN,NaN,NaN,5.558765,2.92364,0.1807231,-0.01091733,0.04174586,-0.0188113,-0.9988915,5.627937,2.906103,0.1839871,-0.1167336,-0.1434018,0.9827559,38,-5.7,-12.08416,101.6371,38,NaN,NaN,NaN
54.34338,-42.6934,-55.13671,392.6773,5.279707,2.931126,0.1784706,-0.01009233,0.04297377,-0.01573386,-0.9989014,5.346903,2.913963,0.1829246,-0.1202023,-0.1452495,0.9820662,38,-5.7,-11.76873,99.39268,38,NaN,NaN,NaN
54.36121,-42.8232,-55.13671,392.6773,5.133689,2.934548,0.1769007,-0.009647526,0.04356603,-0.01408566,-0.9989047,5.217109,2.913963,0.1829246,-0.1202023,-0.1452495,0.9820662,38,-5.7,-11.53282,97.71408,38,NaN,NaN,NaN
54.38525,-40.74424,-50.79454,361.7811,4.835687,2.941641,0.1734012,-0.00960652,0.04424127,-0.009940861,-0.9989253,4.91677,2.922464,0.1808426,-0.1239411,-0.1458081,0.9815186,38,-5.7,-11.21602,95.45992,38,NaN,NaN,NaN
54.40308,-40.88102,-50.79454,361.7811,4.681819,2.945523,0.171551,-0.009558839,0.04439198,-0.00793914,-0.998937,4.779999,2.922464,0.1808426,-0.1239411,-0.1458081,0.9815186,38,-5.7,-10.97974,93.77877,38,NaN,NaN,NaN
54.42688,NaN,NaN,NaN,4.370142,2.953144,0.1679469,-0.007894137,0.04458704,-0.004571292,-0.9989638,4.465443,2.931086,0.1777819,-0.1235461,-0.1445922,0.9817482,38,-5.7,-10.66569,91.54416,38,NaN,NaN,NaN
54.44482,NaN,NaN,NaN,4.210279,2.957156,0.1661067,-0.006693528,0.0443875,-0.00255241,-0.9989887,4.28407,2.939832,0.1739738,-0.1261755,-0.1432333,0.9816129,38,-5.7,-10.42868,89.85771,38,NaN,NaN,NaN
54.46851,NaN,NaN,NaN,3.885051,2.96482,0.1623262,-0.004605499,0.04385293,0.001076208,-0.9990268,3.994978,2.939832,0.1739738,-0.1261755,-0.1432333,0.9816129,38,-5.7,-10.11419,87.62002,38,NaN,NaN,NaN
54.48657,NaN,NaN,NaN,3.719406,2.968441,0.1603299,-0.003505711,0.04320475,0.002888431,-0.999056,3.806851,2.948873,0.1697364,-0.1121189,-0.1443499,0.9831543,38,-5.7,-9.875328,85.92044,38,NaN,NaN,NaN
54.51038,NaN,NaN,NaN,3.385771,2.975171,0.1562721,-0.00182794,0.04186346,0.006416871,-0.9991011,3.467847,2.958049,0.1652051,-0.1102764,-0.1442157,0.9833824,38,-5.7,-9.561105,83.68462,38,NaN,NaN,NaN
54.52856,NaN,NaN,NaN,3.217096,2.978274,0.1541177,-0.001123043,0.04100419,0.007755641,-0.9991283,3.317914,2.958049,0.1652051,-0.1102764,-0.1442157,0.9833824,38,-5.7,-9.320449,81.97227,38,NaN,NaN,NaN
54.55212,NaN,NaN,NaN,2.880272,2.983835,0.1497059,0.0007550776,0.03917163,0.01020085,-0.9991802,2.97493,2.966869,0.1605091,-0.1089915,-0.1454621,0.9833421,38,-5.7,-9.008815,79.75488,38,NaN,NaN,NaN
54.57031,-25.60369,-37.13811,264.6106,2.710579,2.986502,0.1475373,0.001959093,0.03813926,0.01109127,-0.999209,2.779821,2.974824,0.1554713,-0.105522,-0.1491288,0.9831713,38,-5.7,-8.76936,78.05106,38,NaN,NaN,NaN
54.59375,-25.90607,-37.13806,264.6103,2.37036,2.990791,0.1431996,0.005661573,0.03612348,0.01366548,-0.9992379,2.477405,2.974824,0.1554713,-0.105522,-0.1491288,0.9831713,38,-5.7,-8.458521,75.83933,38,NaN,NaN,NaN
54.61194,-13.06048,-20.70006,151.9592,2.199234,2.992721,0.1411698,0.007288723,0.0351335,0.01519654,-0.9992405,2.280421,2.981841,0.1503749,-0.09935242,-0.1533714,0.9831613,38,-5.7,-8.218356,74.13047,38,NaN,NaN,NaN
54.63586,-17.32481,-26.81511,191.1587,1.858299,2.995609,0.1369005,0.011433,0.03277872,0.01854003,-0.9992253,1.977367,2.981841,0.1503749,-0.09935242,-0.1533714,0.9831613,38,-5.7,-7.902763,71.88491,38,NaN,NaN,NaN
54.65369,-24.05408,-37.26343,265.5023,1.686614,2.996393,0.1348487,0.01259041,0.03161008,0.02008107,-0.9992192,1.77954,2.987705,0.1452618,-0.09581032,-0.1492813,0.9841421,38,-5.7,-7.665775,70.19865,38,NaN,NaN,NaN
54.67737,-28.29274,-43.62888,310.7948,1.34563,2.998012,0.1307266,0.01500768,0.02933466,0.02291736,-0.9991942,1.431081,2.992224,0.1401938,-0.09420086,-0.1477518,0.9845281,38,-5.7,-7.353628,67.97761,38,NaN,NaN,NaN
54.69568,-28.44449,-43.62888,310.7948,1.174914,2.998648,0.1288311,0.01609738,0.02829722,0.02417186,-0.9991776,1.279333,2.992224,0.1401938,-0.09420086,-0.1477518,0.9845281,38,-5.7,-7.111783,66.25678,38,NaN,NaN,NaN
54.71899,-11.4783,-18.06227,128.8791,0.833239,2.99941,0.1253204,0.01914173,0.02583175,0.02717224,-0.9991136,0.9302227,2.995239,0.1351854,-0.09469007,-0.160691,0.9824522,38,-5.7,-6.802964,64.05943,38,NaN,NaN,NaN
54.73694,-11.85929,-18.94431,135.1552,0.6626813,3.000089,0.1238274,0.01996804,0.02469371,0.02830671,-0.9990947,0.7331419,2.997147,0.1304002,-0.09166512,-0.1597203,0.9828972,38,-5.7,-6.565396,62.36904,38,NaN,NaN,NaN
54.76099,-12.16232,-18.9443,135.1551,0.3217675,2.998579,0.1201812,0.02316958,0.02197513,0.03160288,-0.9989903,0.4301074,2.997147,0.1304002,-0.09166512,-0.1597203,0.9828972,38,-5.7,-6.248532,60.11443,38,NaN,NaN,NaN
54.77869,-12.85,-19.49088,141.3232,0.1503617,2.998548,0.1184553,0.02128785,0.02062206,0.03283837,-0.9990211,0.2323113,2.998291,0.1260306,-0.09111884,-0.156638,0.9834439,38,-5.7,-6.013135,58.4395,38,NaN,NaN,NaN
54.80261,-12.85,-18.95032,137.4305,-0.1890691,2.99902,0.1154145,0.02205262,0.01807428,0.03447254,-0.9989988,-0.1149066,2.998236,0.1218358,-0.09120355,-0.1571866,0.9833485,38,-5.7,-5.69816,56.19834,38,NaN,NaN,NaN
54.82068,-12.85,-18.68982,135.8008,-0.3591101,2.998425,0.1144411,0.02296813,0.01685531,0.03416524,-0.9990101,-0.2660542,2.998236,0.1218358,-0.09120355,-0.1571866,0.9833485,38,-5.7,-5.45887,54.4957,38,NaN,NaN,NaN
54.84741,-7.887217,-11.81858,84.453,-0.6946108,2.997748,0.111936,0.02402214,0.01414558,0.03491145,-0.9990016,-0.6096281,2.997965,0.1180123,-0.08468676,-0.1724151,0.9813772,38,-5.7,-5.105422,51.98078,38,NaN,NaN,NaN
54.86523,-8.03494,-11.81858,84.45296,-0.8608028,2.99765,0.1108095,0.0239068,0.01275833,0.03477645,-0.9990277,-0.7573544,2.997965,0.1180123,-0.08468676,-0.1724151,0.9813772,38,-5.7,-4.869525,50.30229,38,NaN,NaN,NaN
54.88623,-7.809918,-11.65979,83.32314,-1.192323,2.996715,0.108672,0.02439771,0.009535506,0.03597124,-0.9990095,-1.097094,2.997463,0.1146801,-0.07920194,-0.1729352,0.9817436,38,-5.7,-4.592674,48.33239,38,NaN,NaN,NaN
54.90417,-7.422385,-11.54342,82.49512,-1.356146,2.996087,0.107588,0.02376122,0.008044906,0.03641758,-0.9990218,-1.287334,2.996816,0.1117524,-0.07313961,-0.173343,0.9821419,38,-5.7,-4.354801,46.63984,38,NaN,NaN,NaN
54.9281,-7.710071,-11.54342,82.49507,-1.679798,2.995973,0.105734,0.02264668,0.004920825,0.03703381,-0.9990453,-1.575025,2.996816,0.1117524,-0.07313961,-0.173343,0.9821419,38,-5.7,-4.038457,44.38893,38,NaN,NaN,NaN
54.94592,-7.560333,-11.15259,79.71418,-1.840506,2.994117,0.1047462,0.02333398,0.003457636,0.03734018,-0.9990242,-1.761929,2.995969,0.1090381,-0.07153191,-0.1745435,0.9820477,38,-5.7,-3.803477,42.71696,38,NaN,NaN,NaN
54.96973,-7.581397,-10.99349,78.58218,-2.158457,2.992609,0.1026938,0.02084048,0.0003408044,0.03837122,-0.9990461,-2.088068,2.994739,0.1066626,-0.0687512,-0.1750684,0.9821529,38,-5.7,-3.48867,40.47699,38,NaN,NaN,NaN
54.98779,-7.720757,-10.9935,78.58221,-2.315234,2.991619,0.1020312,0.0214215,-0.001400732,0.03937404,-0.9989939,-2.227425,2.994739,0.1066626,-0.0687512,-0.1750684,0.9821529,38,-5.7,-3.249307,38.77384,38,NaN,NaN,NaN
55.01147,-7.334395,-10.01373,71.61079,-2.625926,2.989107,0.1003496,0.02159053,-0.004922807,0.04150595,-0.9988928,-2.546424,2.992847,0.1043756,-0.06573518,-0.1785704,0.9817289,38,-5.7,-2.935526,36.54118,38,NaN,NaN,NaN
55.02954,-7.469263,-10.01373,71.61077,-2.777652,2.988273,0.09942671,0.02074246,-0.006578229,0.04233632,-0.9988664,-2.681292,2.992847,0.1043756,-0.06573518,-0.1785704,0.9817289,38,-5.7,-2.696965,34.84372,38,NaN,NaN,NaN
55.05322,-7.549096,-8.75622,62.66314,-3.077041,2.986169,0.09787618,0.01946023,-0.009493768,0.04283707,-0.9988475,-2.989444,2.990574,0.1021535,-0.07144839,-0.1840689,0.9803131,38,-5.7,-2.383268,32.61165,38,NaN,NaN,NaN
55.07129,-7.135847,-8.365019,59.8796,-3.224689,2.985143,0.09731336,0.01907608,-0.01082379,0.04296653,-0.9988357,-3.161815,2.988092,0.1000655,-0.06517186,-0.1861847,0.9803509,38,-5.7,-2.145962,30.92314,38,NaN,NaN,NaN
55.09509,-7.393256,-8.365014,59.87957,-3.514278,2.982632,0.09631477,0.01970029,-0.01315652,0.04366473,-0.9987653,-3.419227,2.988092,0.1000655,-0.06517186,-0.1861847,0.9803509,38,-5.7,-1.831049,28.68242,38,NaN,NaN,NaN
55.11316,-7.191297,-7.664088,54.89222,-3.656428,2.98106,0.09597477,0.01976898,-0.01428678,0.04415977,-0.9987267,-3.585716,2.98553,0.09833205,-0.06445954,-0.1903909,0.9795899,38,-5.7,-1.591332,26.97674,38,NaN,NaN,NaN
55.13696,-7.247169,-7.885636,56.46862,-3.933888,2.978821,0.09540254,0.01991259,-0.01625782,0.04511182,-0.9986512,-3.871415,2.98272,0.09695315,-0.05869957,-0.1889854,0.9802239,38,-5.7,-1.277432,24.74323,38,NaN,NaN,NaN
55.15515,-7.368165,-7.885633,56.4686,-4.07001,2.976835,0.09507148,0.02072953,-0.01722806,0.04550401,-0.9986005,-3.992412,2.98272,0.09695315,-0.05869957,-0.1889854,0.9802239,38,-5.7,-1.036159,23.02648,38,NaN,NaN,NaN
55.17859,-7.395972,-7.687458,55.05851,-4.334116,2.973433,0.09466899,0.0198318,-0.01865758,0.04518403,-0.9986076,-4.265129,2.979785,0.09578431,-0.05583232,-0.190229,0.9801508,38,-5.7,-0.7272294,20.82833,38,NaN,NaN,NaN
55.19678,-7.509559,-7.687458,55.05851,-4.461902,2.971551,0.09473403,0.01972402,-0.01925595,0.04482777,-0.9986144,-4.378716,2.979785,0.09578431,-0.05583232,-0.190229,0.9801508,38,-5.7,-0.4867092,19.11694,38,NaN,NaN,NaN
55.22034,-7.245236,-6.23028,44.69015,-4.710225,2.967323,0.09467728,0.01906499,-0.02032612,0.04409415,-0.9986387,-4.63601,2.976145,0.09514415,-0.05720714,-0.2018506,0.9777442,38,-5.7,-0.1749138,16.8984,38,NaN,NaN,NaN
55.23889,-7.024365,-5.661431,40.64258,-4.828276,2.965006,0.09460172,0.01757817,-0.02043652,0.04322075,-0.9987019,-4.776001,2.97193,0.0948571,-0.05415445,-0.2079448,0.9766403,38,-5.7,0.06999828,15.15576,38,NaN,NaN,NaN
55.26208,-7.227624,-5.661432,40.64259,-5.056943,2.960298,0.09437378,0.01461126,-0.02093411,0.04228466,-0.9987794,-4.979261,2.97193,0.0948571,-0.05415445,-0.2079448,0.9766403,38,-5.7,0.3778692,12.96514,38,NaN,NaN,NaN
55.28027,-6.781874,-4.90273,35.24413,-5.163024,2.957795,0.09415857,0.01261912,-0.02105409,0.04234899,-0.9988013,-5.106844,2.967078,0.09469604,-0.04645291,-0.2182505,0.9747866,38,-5.7,0.618709,11.25148,38,NaN,NaN,NaN
55.30396,-6.698535,-4.487633,32.29057,-5.367376,2.953094,0.09381616,0.008978639,-0.02124648,0.04214764,-0.9988452,-5.319671,2.961656,0.09441364,-0.04168836,-0.2252211,0.9734154,38,-5.7,0.9305389,9.032696,38,NaN,NaN,NaN
55.32214,-6.782516,-4.487631,32.29055,-5.461855,2.950896,0.09367579,0.00735745,-0.02120832,0.04193056,-0.9988684,-5.403653,2.961656,0.09441364,-0.04168836,-0.2252211,0.9734154,38,-5.7,1.171016,7.32161,38,NaN,NaN,NaN
55.34558,-6.540972,-3.710336,26.75981,-5.639935,2.946664,0.09344973,0.004986987,-0.0203164,0.04036005,-0.9989662,-5.590996,2.955968,0.09413493,-0.03454106,-0.242387,0.9695646,38,-5.7,1.481781,5.110406,38,NaN,NaN,NaN
55.36401,-6.612062,-3.710335,26.75981,-5.719913,2.944767,0.09339343,0.004317687,-0.01934833,0.03931458,-0.9990303,-5.662087,2.955968,0.09413493,-0.03454106,-0.242387,0.9695646,38,-5.7,1.724342,3.384498,38,NaN,NaN,NaN
55.38745,-6.57438,-3.307773,23.89543,-5.870452,2.941455,0.09349529,0.002584089,-0.01800552,0.03854373,-0.9990914,-5.822317,2.950466,0.09380758,-0.03054409,-0.2541715,0.9666768,38,-5.7,2.034997,1.174072,38,NaN,NaN,NaN
55.40564,-6.414675,-3.104525,22.44924,-5.936086,2.940187,0.09363069,0.001997776,-0.01720865,0.03831001,-0.9991158,-5.904298,2.945467,0.09366262,-0.02203177,-0.2611653,0.9650427,38,-5.7,2.034997,1.174072,38,NaN,NaN,NaN
55.4292,-6.522256,-3.104523,22.44923,-6.057116,2.937752,0.0937497,0.0003909727,-0.01568734,0.03777329,-0.9991632,-6.01188,2.945467,0.09366262,-0.02203177,-0.2611653,0.9650427,38,-5.7,2.034997,1.174072,38,NaN,NaN,NaN
55.44763,-6.389407,-2.622478,19.0193,-6.109493,2.936611,0.09378815,-0.00035668,-0.01484529,0.03799681,-0.9991676,-6.079055,2.94131,0.09364581,-0.01573065,-0.282011,0.9592822,38,-5.7,2.034997,1.174072,38,NaN,NaN,NaN
55.47095,-6.30774,-2.482247,18.02151,-6.204182,2.934714,0.09385401,-0.002165324,-0.0133102,0.03887767,-0.999153,-6.180735,2.937983,0.09371841,-0.006780848,-0.2893927,0.9571865,38,-5.7,2.034997,1.174072,38,NaN,NaN,NaN
55.48938,-6.342601,-2.482246,18.02151,-6.2434,2.934227,0.09389281,-0.003091897,-0.01268253,0.03973303,-0.9991251,-6.215596,2.937983,0.09371841,-0.006780848,-0.2893927,0.9571865,38,-5.7,2.034997,1.174072,38,NaN,NaN,NaN
55.51282,-6.472906,-2.413422,17.53179,-6.313695,2.933522,0.09435441,-0.004454269,-0.01171765,0.04120838,-0.999072,-6.292713,2.935287,0.09388351,-0.009878571,-0.2932299,0.9559909,38,-5.7,2.034997,1.174072,38,NaN,NaN,NaN
55.53125,-6.496854,-2.413422,17.53179,-6.340636,2.933429,0.09457265,-0.00443269,-0.01138318,0.04181264,-0.9990509,-6.31666,2.935287,0.09388351,-0.009878571,-0.2932299,0.9559909,38,-5.7,2.034997,1.174072,38,NaN,NaN,NaN
55.55481,-6.182335,-2.398146,17.4231,-6.385853,2.933559,0.09467854,-0.004656247,-0.01074699,0.04251922,-0.9990271,-6.368809,2.933359,0.09440792,0.01028475,-0.2940501,0.9557347,38,-5.7,2.034997,1.174072,38,NaN,NaN,NaN
55.57288,-5.179567,-3.288544,23.75861,-6.400936,2.934053,0.09479997,-0.004690203,-0.01065726,0.04291688,-0.9990108,-6.391383,2.932527,0.09455693,0.04946575,-0.2539408,0.9659541,38,-5.7,2.034997,1.174072,38,NaN,NaN,NaN
55.59656,-5.199189,-3.288545,23.75862,-6.423011,2.93531,0.09506841,-0.004591373,-0.01089469,0.04411262,-0.9989567,-6.411005,2.932527,0.09455693,0.04946575,-0.2539408,0.9659541,38,-5.7,2.034997,1.174072,38,NaN,NaN,NaN
55.61426,-4.576315,-4.928188,35.42529,-6.427945,2.935833,0.09516662,-0.004498712,-0.01138225,0.04491276,-0.998916,-6.421944,2.932618,0.09472263,0.05092589,-0.2169006,0.9748645,38,-5.7,2.034997,1.174072,38,NaN,NaN,NaN
55.63818,-3.489456,-7.910007,56.64208,-6.431,2.936892,0.09527875,-0.004998494,-0.0125243,0.0459987,-0.9988505,-6.428952,2.933488,0.09500074,0.0509866,-0.1880842,0.9808286,38,-5.7,2.034997,1.174072,38,NaN,NaN,NaN
55.65601,-3.484772,-7.910004,56.64205,-6.425731,2.937359,0.09532471,-0.005538798,-0.0135631,0.04635343,-0.9988177,-6.424268,2.933488,0.09500074,0.0509866,-0.1880842,0.9808286,38,-5.7,2.034997,1.174072,38,NaN,NaN,NaN
55.68018,-3.771593,-7.864793,56.32036,-6.406493,2.9391,0.09568411,-0.006547102,-0.01569214,0.04682237,-0.9987586,-6.40911,2.934758,0.09523416,0.04601903,-0.188429,0.981008,38,-5.7,2.034997,1.174072,38,NaN,NaN,NaN
55.69812,-3.7571,-7.864791,56.32034,-6.390187,2.940335,0.09617057,-0.006601296,-0.01736477,0.04669164,-0.9987366,-6.394616,2.934758,0.09523416,0.04601903,-0.188429,0.981008,38,-5.7,2.034997,1.174072,38,NaN,NaN,NaN
55.72168,-3.948588,-7.240392,51.87751,-6.352098,2.942812,0.09722705,-0.008032002,-0.0208152,0.04649032,-0.9986696,-6.360311,2.936294,0.09542835,0.04565263,-0.1926392,0.9802071,38,-5.7,2.034997,1.174072,38,NaN,NaN,NaN
55.7395,-3.907932,-6.481611,46.47851,-6.327168,2.944653,0.097898,-0.01040242,-0.02277623,0.04581447,-0.9986361,-6.335533,2.938426,0.09598875,0.05122426,-0.1987699,0.9787066,38,-5.7,2.034997,1.174072,38,NaN,NaN,NaN
55.76343,-3.860001,-6.481613,46.47852,-6.273246,2.947901,0.09911911,-0.01590818,-0.02700012,0.04542429,-0.9984761,-6.287602,2.938426,0.09598875,0.05122426,-0.1987699,0.9787066,38,-5.7,2.034997,1.174072,38,NaN,NaN,NaN
55.78125,-3.752613,-5.894641,42.302,-6.240783,2.949487,0.09945149,-0.02085988,-0.02876189,0.04421707,-0.99839,-6.254143,2.941387,0.09718072,0.05791605,-0.2045739,0.9771363,38,-5.7,2.034997,1.174072,38,NaN,NaN,NaN
55.80518,-4.443117,-4.949802,35.57912,-6.169021,2.953564,0.09988127,-0.03014996,-0.03201609,0.04130976,-0.9981781,-6.183926,2.945028,0.09845018,0.0478375,-0.2169501,0.9750099,38,-5.7,2.034997,1.174072,38,NaN,NaN,NaN
55.82324,-4.405934,-4.949803,35.57913,-6.127191,2.955972,0.09999508,-0.03360778,-0.03375173,0.0393214,-0.9980908,-6.146743,2.945028,0.09845018,0.0478375,-0.2169501,0.9750099,38,-5.7,2.034997,1.174072,38,NaN,NaN,NaN
55.84692,-4.386012,-4.029046,29.0276,-6.035604,2.961195,0.1000821,-0.03713121,-0.03761742,0.03399143,-0.9980235,-6.057124,2.949229,0.0994029,0.05606851,-0.2341322,0.9705867,38,-5.7,2.034997,1.174072,38,NaN,NaN,NaN
55.86511,-4.340425,-4.029046,29.0276,-5.984318,2.96428,0.1000841,-0.03486849,-0.040245,0.02973232,-0.9981386,-6.011537,2.949229,0.0994029,0.05606851,-0.2341322,0.9705867,38,-5.7,2.034997,1.174072,38,NaN,NaN,NaN
55.88879,-4.307144,-1.872352,13.68188,-5.873329,2.971722,0.1003723,-0.02296839,-0.04589708,0.0202166,-0.9984775,-5.902762,2.954407,0.09991992,0.1100262,-0.3328298,0.9365461,38,-5.7,2.034997,1.174072,38,NaN,NaN,NaN
55.90662,-4.45544,-1.2501,9.254332,-5.810566,2.976272,0.1005228,-0.01053324,-0.04987612,0.01374308,-0.9986053,-5.834845,2.960794,0.1001481,0.1356319,-0.4140415,0.9000964,38,-5.7,2.034997,1.174072,38,NaN,NaN,NaN
55.93066,-4.344163,-1.2501,9.254331,-5.68538,2.983695,0.0996049,0.008331987,-0.05906038,0.004292184,-0.9982104,-5.723568,2.960794,0.1001481,0.1356319,-0.4140415,0.9000964,38,-5.7,2.034997,1.174072,38,NaN,NaN,NaN
55.94824,-4.249271,-1.037645,7.742637,-5.619831,2.986071,0.09871228,0.01470209,-0.06360108,0.001316295,-0.9978663,-5.651035,2.969008,0.1003209,0.1603478,-0.4583205,0.874203,38,-5.7,2.034997,1.174072,38,NaN,NaN,NaN
RESULT,totalFlags,35
RESULT,totalShort,0
RESULT,totalLong,35
RESULT,totalTight,15
RESULT,passedFlags,33
RESULT,shortTurns,0
RESULT,longTurns,33
RESULT,tightTurns,13
RESULT,passRate,94.28571
RESULT,shortRate,0
RESULT,longRate,94.28571
RESULT,tightRate,86.66666
RESULT,totalValidTime,48.43566
RESULT,timeP0,28.07188
RESULT,timeP1,18.97968
RESULT,timeS0,0.3517571
RESULT,timeS1,0.5249546
RESULT,timeOther,0.5073753
RESULT,cntP0,30
RESULT,cntP1,31
RESULT,rateTimeP0,0.5795706
RESULT,rateTimeP1,0.3918535
RESULT,rateTimeS0,0.007262358
RESULT,rateTimeS1,0.01083819
RESULT,rateTimeOther,0.01047524
RESULT,rateCntP0,0.7692308
RESULT,rateCntP1,0.7948718
flagId,passedCorrect,turnDir,minDistToFlagDuringApproach
4,1,1,2.114896
5,1,-1,1.850394
6,1,1,2.672466
7,1,-1,1.586264
8,1,1,2.259706
9,1,-1,1.574355
10,1,1,0.8000897
11,1,-1,2.259766
12,1,1,1.079508
13,1,-1,2.021899
14,1,1,1.766182
15,0,-1,1.733505
16,1,1,1.147588
17,1,-1,2.584367
18,1,1,0.9077399
19,1,-1,1.033422
20,0,1,1.979419
21,1,-1,3.055848
22,1,1,1.036963
23,1,-1,0.9713098
24,1,1,2.153443
25,1,-1,1.390536
26,1,1,2.853082
27,1,-1,2.052422
28,1,1,1.731635
29,1,-1,1.270293
30,1,1,1.689418
31,1,-1,1.428565
32,1,1,1.110953
33,1,-1,2.127639
34,1,1,1.278709
35,1,-1,1.064864
36,1,1,1.835074
37,1,-1,1.244042
38,1,1,0.9979213
pId,lastRiseSecBeforePassP
4,0.2961312
5,0.1079565
6,0.7484601
7,0.362709
8,0.8548658
9,1.346428
10,1.06766
11,0.3367536
12,0.09387649
13,0.1478405
14,NaN
15,1.346471
16,NaN
17,0.3218975
18,0.1625448
19,1.413217
20,0.01350411
21,1.363829
22,0.4116837
23,0.1855486
24,0.7600772
25,1.352858
26,1.366614
27,0.3724283
28,NaN
29,1.284181
30,0.2720729
31,0.01134742
32,1.373801
33,0.04186308
34,0.2400306
35,0.1599999
36,0.3588434
37,0.2232297
38,NaN
P1_EVENTS_FORMAT
pId
riseSecBeforePassP,duration,fallSecBeforePassP
4
0.2961312,0.311092,0
5
1.361057,0.1899672,1.175596
0.1079565,0.1253297,0
6
1.350978,0.04193849,1.309259
0.7484601,0.7516773,0
7
0.362709,0.3759736,0
8
1.420927,0.2268158,1.188532
0.8548658,0.8775191,0
9
1.346428,1.360106,0
10
1.359566,0.08374329,1.276775
1.06766,1.062114,0
11
0.3367536,0.3526695,0
12
0.4281632,0.2326064,0.2005011
0.09387649,0.04157156,0.05204206
13
1.38263,0.1849256,1.191196
0.1478405,0.1677218,0
14
NaN
15
1.346471,0.06527402,1.286889
16
NaN
17
1.36552,0.2688435,1.091509
0.4220328,0.06560642,0.3630345
0.3218975,0.3342535,0
18
0.663808,0.4183259,0.2462014
0.227922,0.04184407,0.1861891
0.1625448,0.02364437,0.1444911
19
1.413217,1.420779,0
20
1.392029,0.2499854,1.141512
0.01350411,0.02373745,0
21
1.363829,1.378115,0
22
0.4116837,0.4185697,0
23
1.372645,0.2498177,1.121876
0.1855486,0.1849446,0
24
1.362858,0.2090278,1.15408
0.7600772,0.7700887,0
25
1.352858,1.360146,0
26
1.366614,1.378167,0
27
0.3724283,0.3761877,0
28
NaN
29
1.284181,0.3341902,0.9505429
30
1.35806,0.08337928,1.274487
1.191148,0.04173642,1.148679
0.2720729,0.2687705,0
31
1.366106,0.292085,1.073676
0.01134742,0.0184762,0
32
1.373801,0.218286,1.160707
33
1.360286,0.417514,0.9422017
0.04186308,0.06548668,0
34
0.2400306,0.25034,0
35
1.370748,0.2506122,1.120305
0.1599999,0.1673293,0
36
1.361202,0.1070088,1.259158
0.3588434,0.375857,0
37
1.351361,0.2328611,1.123811
0.2232297,0.2326133,0
38
NaN
