time,gaze_x,gaze_y,gaze_z,cam_x,cam_y,cam_z,cam_qx,cam_qy,cam_qz,cam_qw,gaze_o_x,gaze_o_y,gaze_o_z,gaze_dir_x,gaze_dir_y,gaze_dir_z,p0Id,p0_x,p0_y,p0_z,p1Id,p1_x,p1_y,p1_z
PREF,CourseWidth,13
PREF,SlopeAngle,8
PREF,PlayerFSpeed,95
PREF,PlayerHSpeed,8
PREF,CameraHeight,3
PREF,SubjectID,3
PREF,Method,0
PREF,RandomSeed,8
PREF,ThresholdAngleDeg,4.14
PREF,Blur_OuterAngleDeg,140
PREF,Blur_SigmaPx,0.8
PREF,"SnowPlaneNormal",0,0.9902681,0.1391731
PREF,"SnowPlanePoint",0,-56.21634,400
START_REL_SEC,0
0,NaN,NaN,NaN,-0.6455268,6.119043,-0.0004220958,0.06242265,0.01722997,-0.01257245,-0.9978219,NaN,NaN,NaN,NaN,NaN,NaN,-1,NaN,NaN,NaN,-1,NaN,NaN,NaN
0,NaN,NaN,NaN,-0.6473638,2.99736,-0.0007550283,0.06327989,0.01769222,-0.01230658,-0.9977631,NaN,NaN,NaN,NaN,NaN,NaN,-1,NaN,NaN,NaN,-1,NaN,NaN,NaN
0.02001953,NaN,NaN,NaN,-0.6483619,2.997551,-0.0007660562,0.06365887,0.0177293,-0.012113,-0.9977407,-0.6479253,2.996148,-0.0001032352,-0.01281803,-0.09929475,0.9949755,-1,NaN,NaN,NaN,-1,NaN,NaN,NaN
0.0345459,NaN,NaN,NaN,-0.6492087,2.997756,-0.0007491198,0.06405937,0.01776346,-0.01207872,-0.9977149,-0.6488887,2.99632,-0.0003333092,-0.006941495,-0.102472,0.9947116,-1,NaN,NaN,NaN,-1,NaN,NaN,NaN
0.05786133,NaN,NaN,NaN,-0.6501015,2.997958,-0.0007772013,0.0646167,0.01766498,-0.01186012,-0.9976833,-0.6496823,2.99632,-0.0003333092,-0.006941495,-0.102472,0.9947116,-1,NaN,NaN,NaN,-1,NaN,NaN,NaN
0.0826416,NaN,NaN,NaN,-0.6502826,2.997972,-0.0007706285,0.06461217,0.01746675,-0.01176318,-0.9976882,-0.6500762,2.996672,-0.0004184246,-0.007461868,-0.1024829,0.9947067,-1,NaN,NaN,NaN,-1,NaN,NaN,NaN
0.1021729,NaN,NaN,NaN,-0.6505855,2.998029,-0.0007418274,0.06469781,0.0171755,-0.01163762,-0.9976892,-0.6504558,2.996835,-0.0005210638,-0.006919688,-0.109971,0.9939107,-1,NaN,NaN,NaN,-1,NaN,NaN,NaN
0.1253662,NaN,NaN,NaN,-0.6507909,2.998036,-0.0006450527,0.06477219,0.01673268,-0.01155034,-0.9976929,-0.6506384,2.996835,-0.0005210638,-0.006919688,-0.109971,0.9939107,-1,NaN,NaN,NaN,-1,NaN,NaN,NaN
0.145874,NaN,NaN,NaN,-0.6503501,2.997989,-0.0005168769,0.06453526,0.01633993,-0.01134098,-0.9977173,-0.650315,2.996932,-0.0005378723,0.0007815467,-0.1091608,0.9940238,-1,NaN,NaN,NaN,-1,NaN,NaN,NaN
0.1685791,NaN,NaN,NaN,-0.6499697,2.997958,-0.0003355602,0.06424578,0.01597983,-0.01160522,-0.9977387,-0.6499433,2.996933,-0.0004712343,0.001562219,-0.1084487,0.9941009,-1,NaN,NaN,NaN,-1,NaN,NaN,NaN
0.1896973,NaN,NaN,NaN,-0.6497747,2.997919,-0.0001032978,0.06393162,0.01574791,-0.01204339,-0.9977574,-0.6497699,2.996933,-0.0004712343,0.001562219,-0.1084487,0.9941009,-1,NaN,NaN,NaN,-1,NaN,NaN,NaN
0.2121582,NaN,NaN,NaN,-0.6499056,2.997802,3.68146E-05,0.0635668,0.01574035,-0.011918,-0.9977823,-0.6498712,2.996924,-0.0003200769,0.002437451,-0.1075325,0.9941986,-1,NaN,NaN,NaN,-1,NaN,NaN,NaN
0.236084,NaN,NaN,NaN,-0.6502097,2.997649,0.0002560911,0.06285141,0.01559581,-0.01185684,-0.9978306,-0.6501449,2.996881,-0.0001018047,-0.002445702,-0.1083299,0.994112,-1,NaN,NaN,NaN,-1,NaN,NaN,NaN
0.2564697,NaN,NaN,NaN,-0.6505963,2.997544,0.0004998281,0.06241148,0.01559286,-0.01187139,-0.9978581,-0.6504886,2.996881,-0.0001018047,-0.002445702,-0.1083299,0.994112,-1,NaN,NaN,NaN,-1,NaN,NaN,NaN
0.2788086,NaN,NaN,NaN,-0.651198,2.9975,0.0007484434,0.06168335,0.01562336,-0.01213621,-0.9978997,-0.6510482,2.996778,0.0001488924,-0.03397763,-0.1170731,0.9925419,-1,NaN,NaN,NaN,-1,NaN,NaN,NaN
0.2980957,NaN,NaN,NaN,-0.65148,2.997386,0.0007927822,0.06122535,0.01567697,-0.01207075,-0.9979279,-0.6513692,2.996757,0.0004638433,-0.0621752,-0.1420456,0.9879055,-1,NaN,NaN,NaN,-1,NaN,NaN,NaN
0.3189697,NaN,NaN,NaN,-0.652069,2.997191,0.0008756392,0.06029655,0.01580189,-0.0121272,-0.9979818,-0.6518928,2.996757,0.0004638433,-0.0621752,-0.1420456,0.9879055,-1,NaN,NaN,NaN,-1,NaN,NaN,NaN
0.3468018,-24.65964,-51.39603,366.061,-0.6524837,2.997161,0.0008593951,0.05990789,0.01577133,-0.01214892,-0.9980054,-0.6523024,2.996578,0.0006784201,-0.0647347,-0.1466673,0.9870654,-1,NaN,NaN,NaN,-1,NaN,NaN,NaN
0.3643799,-13.03574,-25.66878,188.9312,-0.6526825,2.99718,0.0007697571,0.05984193,0.01577986,-0.01245262,-0.9980055,-0.6525304,2.996411,0.0008180141,-0.06466651,-0.1496928,0.9866156,-1,NaN,NaN,NaN,-1,NaN,NaN,NaN
0.3892822,-17.92006,-36.97453,263.4467,-0.6530111,2.997028,0.0005904778,0.05948227,0.01583742,-0.01292702,-0.99802,-0.6528225,2.996411,0.0008180141,-0.06466651,-0.1496928,0.9866156,-1,NaN,NaN,NaN,-1,NaN,NaN,NaN
0.40271,-18.08539,-37.33133,265.9855,-0.6535065,2.996828,0.0002941199,0.0591399,0.01541687,-0.01308649,-0.9980449,-0.6533584,2.996224,0.0008145571,-0.06466156,-0.1495892,0.9866316,-1,NaN,NaN,NaN,-1,NaN,NaN,NaN
0.4309082,-18.08525,-37.33138,265.9858,-0.653333,2.996815,7.639633E-05,0.05916676,0.01508394,-0.01306381,-0.9980487,-0.6532042,2.996224,0.0008145571,-0.06466156,-0.1495892,0.9866316,-1,NaN,NaN,NaN,-1,NaN,NaN,NaN
0.458252,-21.77842,-46.79772,333.3423,-0.6522628,2.996861,-0.0002364672,0.05964646,0.0146828,-0.01409069,-0.9980121,-0.6523314,2.996031,0.0006777048,-0.06255843,-0.147449,0.9870893,-1,NaN,NaN,NaN,-1,NaN,NaN,NaN
0.4724121,NaN,NaN,NaN,-0.6516302,2.996831,-0.000441305,0.05978132,0.01440626,-0.01419405,-0.9980066,-0.6517587,2.995953,0.0004781485,-0.005847894,-0.1429941,0.9897063,-1,NaN,NaN,NaN,-1,NaN,NaN,NaN
0.4998779,NaN,NaN,NaN,-0.6512432,2.996817,-0.0006439249,0.05976978,0.01424596,-0.0139016,-0.9980137,-0.6514148,2.995953,0.0004781485,-0.005847894,-0.1429941,0.9897063,-1,NaN,NaN,NaN,-1,NaN,NaN,NaN
0.5141602,NaN,NaN,NaN,-0.6510421,2.996861,-0.0009325534,0.06007447,0.01404999,-0.01369462,-0.9980012,-0.65118,2.995897,0.000205636,0.01599424,-0.1423454,0.9896878,-1,NaN,NaN,NaN,-1,NaN,NaN,NaN
0.527832,NaN,NaN,NaN,-0.650423,2.996807,-0.001351453,0.06024425,0.01407055,-0.01387461,-0.9979881,-0.6505823,2.995833,-0.0002933741,0.01687445,-0.1423814,0.9896681,-1,NaN,NaN,NaN,-1,NaN,NaN,NaN
0.5455322,NaN,NaN,NaN,-0.6504707,2.996734,-0.001509388,0.06018203,0.01410841,-0.01355233,-0.9979958,-0.6506246,2.995833,-0.0002933741,0.01687445,-0.1423814,0.9896681,-1,NaN,NaN,NaN,-1,NaN,NaN,NaN
0.5695801,NaN,NaN,NaN,-0.6506712,2.996776,-0.001659888,0.06009648,0.01426281,-0.01327984,-0.9980023,-0.6507359,2.995794,-0.0006760359,0.01682692,-0.1442787,0.989394,-1,NaN,NaN,NaN,-1,NaN,NaN,NaN
0.5864258,NaN,NaN,NaN,-0.6506702,2.99684,-0.001902042,0.06040302,0.0144349,-0.01324641,-0.9979818,-0.650735,2.995794,-0.0006760359,0.01682692,-0.1442787,0.989394,-1,NaN,NaN,NaN,-1,NaN,NaN,NaN
0.6051025,NaN,NaN,NaN,-0.6506214,2.996837,-0.001994784,0.06056941,0.01453979,-0.01352202,-0.9979665,-0.6506525,2.99578,-0.001027703,0.01563302,-0.1441702,0.9894294,-1,NaN,NaN,NaN,-1,NaN,NaN,NaN
0.6256104,NaN,NaN,NaN,-0.6504973,2.996775,-0.002000749,0.06062604,0.01454934,-0.01377001,-0.9979596,-0.6505421,2.99578,-0.001027703,0.01563302,-0.1441702,0.9894294,-1,NaN,NaN,NaN,-1,NaN,NaN,NaN
0.6456299,NaN,NaN,NaN,-0.6503966,2.996655,-0.002106735,0.06050948,0.01459996,-0.01412791,-0.9979608,-0.6504181,2.995775,-0.001295328,0.01419955,-0.1451009,0.989315,-1,NaN,NaN,NaN,-1,NaN,NaN,NaN
0.6644287,NaN,NaN,NaN,-0.6507378,2.996598,-0.002171271,0.06053045,0.014512,-0.01423137,-0.9979594,-0.6506796,2.995708,-0.001461267,0.01548794,-0.144291,0.9894141,-1,NaN,NaN,NaN,-1,NaN,NaN,NaN
0.6831055,NaN,NaN,NaN,-0.6511793,2.996626,-0.002217595,0.06055994,0.01441433,-0.01464985,-0.997953,-0.6510721,2.995708,-0.001461267,0.01548794,-0.144291,0.9894141,-1,NaN,NaN,NaN,-1,NaN,NaN,NaN
0.7050781,NaN,NaN,NaN,-0.6517689,2.996595,-0.002339307,0.06072112,0.01448968,-0.01544053,-0.9979302,-0.6516141,2.995652,-0.001698136,0.02057591,-0.1445262,0.989287,-1,NaN,NaN,NaN,-1,NaN,NaN,NaN
0.7242432,NaN,NaN,NaN,-0.6522871,2.9965,-0.002393854,0.06063437,0.0146049,-0.01562104,-0.997931,-0.6520747,2.995652,-0.001698136,0.02057591,-0.1445262,0.989287,-1,NaN,NaN,NaN,-1,NaN,NaN,NaN
0.7420654,7.811466,-56.44695,402.0002,-0.653257,2.996455,-0.002451283,0.06062027,0.01458915,-0.01562805,-0.9979319,-0.6529872,2.995615,-0.001889586,0.02082474,-0.1462441,0.9890293,-1,NaN,NaN,NaN,-1,NaN,NaN,NaN
0.7607422,4.383612,-54.98824,391.6209,-0.6542025,2.996482,-0.002493727,0.06072866,0.01474769,-0.01616912,-0.9979144,-0.6539272,2.995561,-0.00205946,0.01272349,-0.1464517,0.989136,-1,NaN,NaN,NaN,-1,NaN,NaN,NaN
0.7791748,4.382377,-54.98824,391.6209,-0.6555914,2.996467,-0.002586713,0.0610593,0.01507787,-0.01705059,-0.9978746,-0.6551618,2.995561,-0.00205946,0.01272349,-0.1464517,0.989136,-1,NaN,NaN,NaN,-1,NaN,NaN,NaN
0.7976074,NaN,NaN,NaN,-0.6569126,2.996419,-0.002636792,0.06100066,0.01527388,-0.01726752,-0.9978715,-0.6564869,2.995512,-0.002203584,0.0126915,-0.1453013,0.989306,-1,NaN,NaN,NaN,-1,NaN,NaN,NaN
0.81604,NaN,NaN,NaN,-0.6584517,2.996341,-0.002714703,0.06073677,0.01552594,-0.01756082,-0.9978786,-0.657855,2.995512,-0.002203584,0.0126915,-0.1453013,0.989306,-1,NaN,NaN,NaN,-1,NaN,NaN,NaN
0.8375244,NaN,NaN,NaN,-0.6607575,2.996202,-0.00285849,0.06071984,0.0161312,-0.01871984,-0.9978489,-0.6601208,2.995442,-0.00233674,0.01243838,-0.1450243,0.98935,-1,NaN,NaN,NaN,-1,NaN,NaN,NaN
0.8563232,NaN,NaN,NaN,-0.6621556,2.99612,-0.002893488,0.06114857,0.01638218,-0.01905503,-0.9978123,-0.6613636,2.995442,-0.00233674,0.01243838,-0.1450243,0.98935,-1,NaN,NaN,NaN,-1,NaN,NaN,NaN
0.878418,-0.607803,-47.08314,335.3732,-0.6643154,2.996121,-0.002966832,0.06171342,0.01718742,-0.01990631,-0.9977474,-0.6635566,2.995317,-0.002490401,0.00016442,-0.1476831,0.9890347,-1,NaN,NaN,NaN,-1,NaN,NaN,NaN
0.897583,-0.9046089,-50.2051,357.5871,-0.6656655,2.996133,-0.003017009,0.06194472,0.0171867,-0.01958931,-0.9977393,-0.6650374,2.995178,-0.002620459,-0.0006626673,-0.1471549,0.9891132,-1,NaN,NaN,NaN,-1,NaN,NaN,NaN
0.9168701,-0.9055405,-50.2051,357.5871,-0.6667136,2.996032,-0.003125282,0.06173105,0.01722027,-0.01940889,-0.9977555,-0.665969,2.995178,-0.002620459,-0.0006626673,-0.1471549,0.9891132,-1,NaN,NaN,NaN,-1,NaN,NaN,NaN
0.9353027,NaN,NaN,NaN,-0.6682806,2.995859,-0.003321072,0.06186194,0.0173336,-0.01980306,-0.9977378,-0.6676766,2.99512,-0.002744317,-0.001595764,-0.1463247,0.9892353,-1,NaN,NaN,NaN,-1,NaN,NaN,NaN
0.9547119,NaN,NaN,NaN,-0.6685347,2.995821,-0.003425119,0.0620843,0.01707032,-0.01993831,-0.9977258,-0.6679025,2.99512,-0.002744317,-0.001595764,-0.1463247,0.9892353,-1,NaN,NaN,NaN,-1,NaN,NaN,NaN
0.9729004,NaN,NaN,NaN,-0.6687689,2.995857,-0.003507045,0.06233485,0.01667857,-0.0200271,-0.9977149,-0.6683776,2.994989,-0.002927423,-0.003144118,-0.1466329,0.989186,-1,NaN,NaN,NaN,-1,NaN,NaN,NaN
0.991333,NaN,NaN,NaN,-0.6701294,2.995924,-0.003447743,0.06265934,0.01605841,-0.02042816,-0.9976967,-0.669587,2.994989,-0.002927423,-0.003144118,-0.1466329,0.989186,-1,NaN,NaN,NaN,-1,NaN,NaN,NaN
1.011719,-1.376083,-36.82957,262.4153,-0.6706149,2.995981,-0.003361782,0.06283002,0.01571877,-0.0206506,-0.9976867,-0.6702522,2.994934,-0.003001928,-0.002659257,-0.1500411,0.9886762,-1,NaN,NaN,NaN,-1,NaN,NaN,NaN
1.031738,NaN,NaN,NaN,-0.6714965,2.996149,-0.003472985,0.06380986,0.01538437,-0.02061381,-0.9976305,-0.6712385,2.994969,-0.002954483,-0.002301487,-0.1453361,0.9893796,-1,NaN,NaN,NaN,-1,NaN,NaN,NaN
1.051025,NaN,NaN,NaN,-0.6726138,2.996346,-0.003511423,0.06488212,0.01546033,-0.02003425,-0.997572,-0.6722317,2.994969,-0.002954483,-0.002301487,-0.1453361,0.9893796,-1,NaN,NaN,NaN,-1,NaN,NaN,NaN
1.072144,NaN,NaN,NaN,-0.6744323,2.996475,-0.003710778,0.06559554,0.01559201,-0.01977239,-0.9975286,-0.6739657,2.995059,-0.003113151,-0.001163398,-0.1458009,0.9893132,-1,NaN,NaN,NaN,-1,NaN,NaN,NaN
1.091431,NaN,NaN,NaN,-0.6754867,2.99642,-0.003883921,0.06538777,0.01570522,-0.01971192,-0.9975416,-0.6749029,2.995059,-0.003113151,-0.001163398,-0.1458009,0.9893132,-1,NaN,NaN,NaN,-1,NaN,NaN,NaN
1.110229,NaN,NaN,NaN,-0.6769708,2.996239,-0.004134266,0.06521557,0.01580946,-0.01967843,-0.9975519,-0.6764054,2.995228,-0.0032866,-0.0009172269,-0.1436347,0.9896303,-1,NaN,NaN,NaN,-1,NaN,NaN,NaN
1.129028,-1.690554,-51.67592,368.0525,-0.6793733,2.99618,-0.004491329,0.06528334,0.01603225,-0.01977626,-0.997542,-0.6787906,2.995148,-0.00362277,-0.002719093,-0.1469274,0.9891436,-1,NaN,NaN,NaN,-1,NaN,NaN,NaN
1.147949,-1.691702,-51.67591,368.0525,-0.6806646,2.996201,-0.004680616,0.06520969,0.01626866,-0.02001183,-0.9975382,-0.6799384,2.995148,-0.00362277,-0.002719093,-0.1469274,0.9891436,-1,NaN,NaN,NaN,-1,NaN,NaN,NaN
1.166992,-1.310546,-40.12667,285.8754,-0.6821208,2.996213,-0.004882255,0.06512026,0.01634497,-0.01998025,-0.9975435,-0.6815171,2.995136,-0.003985405,-0.002175709,-0.1491515,0.988812,-1,NaN,NaN,NaN,-1,NaN,NaN,NaN
1.185913,-1.312816,-40.12667,285.8754,-0.684675,2.996268,-0.005253309,0.06521393,0.0164414,-0.01991352,-0.9975371,-0.6837875,2.995136,-0.003985405,-0.002175709,-0.1491515,0.988812,-1,NaN,NaN,NaN,-1,NaN,NaN,NaN
1.204468,-1.782377,-55.74689,397.019,-0.6857456,2.996387,-0.005407933,0.06590953,0.01657631,-0.01994125,-0.9974886,-0.6850557,2.995165,-0.004380584,-0.002734094,-0.1463623,0.9892273,-1,NaN,NaN,NaN,-1,NaN,NaN,NaN
1.224121,-1.784024,-55.74689,397.019,-0.6875988,2.996542,-0.005511813,0.06686303,0.01651695,-0.01967857,-0.9974314,-0.686703,2.995165,-0.004380584,-0.002734094,-0.1463623,0.9892273,-1,NaN,NaN,NaN,-1,NaN,NaN,NaN
1.242188,NaN,NaN,NaN,-0.6908829,2.996815,-0.00576248,0.06818506,0.01662055,-0.01919812,-0.9973495,-0.6899786,2.995242,-0.004773021,-0.003320913,-0.1417209,0.9899011,-1,NaN,NaN,NaN,-1,NaN,NaN,NaN
1.261719,NaN,NaN,NaN,-0.692592,2.99695,-0.005912286,0.06874704,0.01660004,-0.01903255,-0.9973145,-0.6919203,2.995437,-0.005103946,-0.004267896,-0.1396486,0.9901919,-1,NaN,NaN,NaN,-1,NaN,NaN,NaN
1.289917,NaN,NaN,NaN,-0.6955116,2.997122,-0.006190846,0.06977257,0.01664142,-0.01902035,-0.9972427,-0.6945155,2.995437,-0.005103946,-0.004267896,-0.1396486,0.9901919,-1,NaN,NaN,NaN,-1,NaN,NaN,NaN
1.317383,NaN,NaN,NaN,-0.6984337,2.997334,-0.006402472,0.0706014,0.01673445,-0.01867842,-0.9971893,-0.6974839,2.995711,-0.005458593,-0.00452219,-0.139504,0.9902112,-1,NaN,NaN,NaN,-1,NaN,NaN,NaN
1.345215,NaN,NaN,NaN,-0.7015805,2.997665,-0.006515537,0.07196384,0.01707171,-0.01811461,-0.9970967,-0.7006613,2.995957,-0.005786777,0.008588374,-0.1376565,0.9904428,-1,NaN,NaN,NaN,-1,NaN,NaN,NaN
1.372925,NaN,NaN,NaN,-0.7049566,2.997952,-0.006579928,0.07319023,0.01759768,-0.01756272,-0.9970081,-0.7040488,2.996243,-0.006035686,0.008508383,-0.1364567,0.9906095,-1,NaN,NaN,NaN,-1,NaN,NaN,NaN
1.400879,NaN,NaN,NaN,-0.707926,2.998044,-0.006696247,0.07340539,0.01799309,-0.01736912,-0.9969886,-0.7071096,2.996573,-0.006203651,0.0112764,-0.1422746,0.989763,-1,NaN,NaN,NaN,-1,NaN,NaN,NaN
1.428833,NaN,NaN,NaN,-0.7105027,2.998143,-0.006808852,0.07343457,0.01844674,-0.01729311,-0.9969795,-0.7098129,2.99681,-0.006353259,0.01353746,-0.1436643,0.9895339,-1,NaN,NaN,NaN,-1,NaN,NaN,NaN
1.456787,NaN,NaN,NaN,-0.7133709,2.998168,-0.006899719,0.07339869,0.01864477,-0.01670571,-0.9969884,-0.7123624,2.99681,-0.006353259,0.01353746,-0.1436643,0.9895339,-1,NaN,NaN,NaN,-1,NaN,NaN,NaN
1.484497,NaN,NaN,NaN,-0.7156855,2.998054,-0.007026034,0.0729003,0.01895463,-0.017155,-0.9970115,-0.7148049,2.996974,-0.006491303,0.01258001,-0.1451768,0.9893258,-1,NaN,NaN,NaN,-1,NaN,NaN,NaN
1.503296,NaN,NaN,NaN,-0.7163479,2.998012,-0.007086911,0.07293926,0.01898289,-0.01713235,-0.9970086,-0.7158071,2.996972,-0.006608486,0.00993349,-0.1451169,0.9893647,-1,NaN,NaN,NaN,-1,NaN,NaN,NaN
1.526123,NaN,NaN,NaN,-0.7179245,2.998055,-0.00717291,0.07302736,0.01888882,-0.01685548,-0.9970086,-0.7174922,2.996985,-0.006756425,0.009381332,-0.1461782,0.9892138,-1,NaN,NaN,NaN,-1,NaN,NaN,NaN
1.545166,NaN,NaN,NaN,-0.7180654,2.998126,-0.007194038,0.07327411,0.01869301,-0.01691649,-0.9969932,-0.7176175,2.996985,-0.006756425,0.009381332,-0.1461782,0.9892138,-1,NaN,NaN,NaN,-1,NaN,NaN,NaN
1.567993,NaN,NaN,NaN,-0.7181002,2.998223,-0.007257435,0.0735529,0.0184445,-0.01714096,-0.9969735,-0.7178689,2.997028,-0.006875157,0.009729423,-0.1458772,0.9892548,-1,NaN,NaN,NaN,-1,NaN,NaN,NaN
1.586792,NaN,NaN,NaN,-0.7176476,2.998279,-0.007251001,0.07344613,0.01806776,-0.01699049,-0.9969908,-0.7174666,2.997028,-0.006875157,0.009729423,-0.1458772,0.9892548,-1,NaN,NaN,NaN,-1,NaN,NaN,NaN
1.609863,NaN,NaN,NaN,-0.7168354,2.998271,-0.007269372,0.07345465,0.01764587,-0.01721662,-0.9969938,-0.7168293,2.997158,-0.00692451,0.01348559,-0.1454951,0.9892671,-1,NaN,NaN,NaN,-1,NaN,NaN,NaN
1.628296,NaN,NaN,NaN,-0.7160463,2.998291,-0.00728513,0.07352637,0.01732771,-0.0173254,-0.9969922,-0.716114,2.997239,-0.006964564,0.01104644,-0.1455369,0.9892911,-1,NaN,NaN,NaN,-1,NaN,NaN,NaN
1.651489,NaN,NaN,NaN,-0.7151093,2.998361,-0.007333822,0.07368057,0.01678298,-0.01707108,-0.9969946,-0.7152812,2.997239,-0.006964564,0.01104644,-0.1455369,0.9892911,-1,NaN,NaN,NaN,-1,NaN,NaN,NaN
1.669922,NaN,NaN,NaN,-0.7141994,2.998402,-0.007339849,0.07377031,0.01650937,-0.01737856,-0.9969872,-0.7144047,2.997265,-0.00703311,0.01209646,-0.1458605,0.9892312,-1,NaN,NaN,NaN,-1,NaN,NaN,NaN
1.693359,-4.536074,-20.725,147.8254,-0.7125635,2.998446,-0.007360694,0.07400234,0.01581931,-0.01747357,-0.9969795,-0.7128232,2.997323,-0.007088065,-0.02552704,-0.158389,0.9870468,-1,NaN,NaN,NaN,-1,NaN,NaN,NaN
1.711914,-4.535072,-20.72499,147.8253,-0.711439,2.998443,-0.007394254,0.074097,0.01545527,-0.01742341,-0.9969791,-0.7118237,2.997323,-0.007088065,-0.02552704,-0.158389,0.9870468,-1,NaN,NaN,NaN,-1,NaN,NaN,NaN
1.734985,-5.307927,-20.92366,149.2389,-0.7089745,2.998577,-0.007358158,0.07475109,0.01482987,-0.01775676,-0.9969338,-0.7094211,2.997301,-0.007189035,-0.03040918,-0.1581855,0.986941,-1,NaN,NaN,NaN,-1,NaN,NaN,NaN
1.753784,-5.306486,-20.92366,149.2389,-0.7073536,2.998685,-0.00727756,0.07544708,0.01444167,-0.01778275,-0.9968867,-0.7079802,2.997301,-0.007189035,-0.03040918,-0.1581855,0.986941,-1,NaN,NaN,NaN,-1,NaN,NaN,NaN
1.776855,-6.408938,-25.39483,181.053,-0.7043034,2.998854,-0.00715275,0.07616568,0.01335031,-0.01736835,-0.9968545,-0.7050124,2.997421,-0.00717032,-0.03110753,-0.154843,0.9874492,-1,NaN,NaN,NaN,-1,NaN,NaN,NaN
1.795654,-6.775908,-28.50632,203.1925,-0.7024053,2.998933,-0.0070801,0.07626704,0.012683,-0.01733549,-0.996856,-0.7029955,2.997607,-0.007070661,-0.02952071,-0.1531422,0.9877632,-1,NaN,NaN,NaN,-1,NaN,NaN,NaN
1.818726,-6.772976,-28.50634,203.1926,-0.6991036,2.998985,-0.00691816,0.07648662,0.01165117,-0.0175764,-0.9968476,-0.7000606,2.997607,-0.007070661,-0.02952071,-0.1531422,0.9877632,-1,NaN,NaN,NaN,-1,NaN,NaN,NaN
1.837036,-7.331648,-30.34828,216.2985,-0.6981412,2.998927,-0.006793963,0.07627527,0.01094633,-0.01754004,-0.9968724,-0.6988573,2.997774,-0.006932855,-0.03029208,-0.1522921,0.9878712,-1,NaN,NaN,NaN,-1,NaN,NaN,NaN
1.860474,-8.241028,-31.44993,224.1371,-0.6943094,2.998921,-0.006585559,0.07587539,0.009817518,-0.01742088,-0.9969168,-0.6951282,2.997833,-0.006739974,-0.03325634,-0.1518185,0.9878488,-1,NaN,NaN,NaN,-1,NaN,NaN,NaN
1.879028,-8.239241,-31.44995,224.1373,-0.6922932,2.998863,-0.006458644,0.07567482,0.009231359,-0.0172696,-0.9969403,-0.693336,2.997833,-0.006739974,-0.03325634,-0.1518185,0.9878488,-1,NaN,NaN,NaN,-1,NaN,NaN,NaN
1.902222,-6.956063,-28.32916,201.9317,-0.6884283,2.998809,-0.00621181,0.07536783,0.008209758,-0.01711496,-0.9969752,-0.6893894,2.997852,-0.006512403,-0.0306514,-0.153226,0.9877157,-1,NaN,NaN,NaN,-1,NaN,NaN,NaN
1.920654,-6.954367,-28.32918,201.9318,-0.6865173,2.998815,-0.006061008,0.07536948,0.007989272,-0.01724511,-0.9969746,-0.6876907,2.997852,-0.006512403,-0.0306514,-0.153226,0.9877157,-1,NaN,NaN,NaN,-1,NaN,NaN,NaN
1.944092,-6.237138,-27.29148,194.5482,-0.6823681,2.998828,-0.005730932,0.07503681,0.007479258,-0.01721972,-0.997004,-0.6834869,2.997822,-0.006245494,-0.02819448,-0.1537712,0.9877042,-1,NaN,NaN,NaN,-1,NaN,NaN,NaN
1.962402,-4.097477,-26.96227,192.2058,-0.6801745,2.998848,-0.005511308,0.07502095,0.007385001,-0.0168338,-0.9970126,-0.6809522,2.997834,-0.005868077,-0.01756002,-0.153987,0.9879168,-1,NaN,NaN,NaN,-1,NaN,NaN,NaN
1.98584,-4.095014,-26.96229,192.2059,-0.6774006,2.998803,-0.005231816,0.07465374,0.006967091,-0.01588409,-0.9970587,-0.6784865,2.997834,-0.005868077,-0.01756002,-0.153987,0.9879168,-1,NaN,NaN,NaN,-1,NaN,NaN,NaN
2.00415,NaN,NaN,NaN,-0.6757909,2.998799,-0.005055927,0.07450897,0.007034607,-0.01598508,-0.9970674,-0.6765473,2.997831,-0.005496383,0.00850553,-0.1456862,0.9892943,-1,NaN,NaN,NaN,-1,NaN,NaN,NaN
2.027588,NaN,NaN,NaN,-0.6728917,2.998907,-0.004680992,0.07462066,0.006919883,-0.01527084,-0.9970711,-0.6735449,2.997804,-0.005146503,0.009129492,-0.1463057,0.9891974,-1,NaN,NaN,NaN,-1,NaN,NaN,NaN
2.046143,NaN,NaN,NaN,-0.6716144,2.9989,-0.004514645,0.07419465,0.00682252,-0.01476585,-0.9971112,-0.6724095,2.997804,-0.005146503,0.009129492,-0.1463057,0.9891974,-1,NaN,NaN,NaN,-1,NaN,NaN,NaN
2.069336,NaN,NaN,NaN,-0.6687395,2.998581,-0.004328101,0.07287357,0.006789909,-0.01442262,-0.9972138,-0.6694573,2.997835,-0.004756927,0.005350868,-0.1449413,0.9894258,-1,NaN,NaN,NaN,-1,NaN,NaN,NaN
2.088135,NaN,NaN,NaN,-0.6673216,2.998445,-0.004215094,0.07258703,0.006776214,-0.01421294,-0.9972378,-0.668197,2.997835,-0.004756927,0.005350868,-0.1449413,0.9894258,-1,NaN,NaN,NaN,-1,NaN,NaN,NaN
2.111206,1.518502,-56.16364,399.9843,-0.6643115,2.998583,-0.00382309,0.07280372,0.00663449,-0.01342032,-0.997234,-0.6651523,2.997645,-0.004500747,0.005400455,-0.1463134,0.9892235,-1,NaN,NaN,NaN,-1,NaN,NaN,NaN
2.129883,2.589257,-53.58067,381.6055,-0.6625958,2.998602,-0.003608458,0.0729534,0.006539442,-0.01311226,-0.9972277,-0.6632345,2.997557,-0.004113436,0.008430623,-0.1466537,0.989152,-1,NaN,NaN,NaN,-1,NaN,NaN,NaN
2.153198,2.592609,-53.58066,381.6055,-0.6588248,2.998411,-0.003273694,0.07231392,0.006090909,-0.0123146,-0.9972873,-0.6598825,2.997557,-0.004113436,0.008430623,-0.1466537,0.989152,-1,NaN,NaN,NaN,-1,NaN,NaN,NaN
2.171143,3.883793,-54.9963,391.6783,-0.6564847,2.998228,-0.003179298,0.07145763,0.005854092,-0.01209565,-0.9973531,-0.6573804,2.997544,-0.003677368,0.01146824,-0.1464572,0.9891505,-1,NaN,NaN,NaN,-1,NaN,NaN,NaN
2.194702,3.421104,-47.69057,339.6954,-0.6507856,2.998199,-0.00304109,0.07179059,0.005360477,-0.01181046,-0.9973354,-0.6518432,2.997327,-0.003385663,0.01185775,-0.14757,0.9889805,-1,NaN,NaN,NaN,-1,NaN,NaN,NaN
2.213257,3.423489,-47.69064,339.6958,-0.6481087,2.998104,-0.002979778,0.07143102,0.004886836,-0.01146088,-0.9973677,-0.6494638,2.997327,-0.003385663,0.01185775,-0.14757,0.9889805,-1,NaN,NaN,NaN,-1,NaN,NaN,NaN
2.236572,2.685729,-35.66742,254.1462,-0.6425201,2.997845,-0.002750488,0.07084353,0.003727332,-0.01033945,-0.9974269,-0.6439108,2.99717,-0.003125548,0.012951,-0.1503902,0.9885419,-1,NaN,NaN,NaN,-1,NaN,NaN,NaN
2.255371,2.688822,-35.66742,254.1462,-0.6390404,2.997847,-0.002636128,0.07048397,0.003091425,-0.0102908,-0.9974551,-0.6408176,2.99717,-0.003125548,0.012951,-0.1503902,0.9885419,-1,NaN,NaN,NaN,-1,NaN,NaN,NaN
2.278198,1.448869,-26.28344,187.3757,-0.6320654,2.997957,-0.002415942,0.07014699,0.001769662,-0.01029641,-0.9974819,-0.6339294,2.99704,-0.002799034,0.01098153,-0.1543809,0.9879504,-1,NaN,NaN,NaN,-1,NaN,NaN,NaN
2.296753,1.684518,-24.28301,173.1419,-0.6283116,2.998076,-0.002273568,0.07053997,0.001110226,-0.01051772,-0.9974529,-0.6297935,2.996902,-0.002527952,0.01320234,-0.1556224,0.9877284,-1,NaN,NaN,NaN,-1,NaN,NaN,NaN
2.320068,1.691339,-24.28301,173.1419,-0.6206386,2.998257,-0.001959281,0.07168747,-0.0002202541,-0.01094003,-0.9973672,-0.6229731,2.996902,-0.002527952,0.01320234,-0.1556224,0.9877284,-1,NaN,NaN,NaN,-1,NaN,NaN,NaN
2.338379,2.793394,-29.78556,212.2946,-0.6159136,2.998253,-0.001854599,0.07255737,-0.001008324,-0.01107609,-0.9973022,-0.6179656,2.996883,-0.002286434,0.01587859,-0.1525899,0.988162,-1,NaN,NaN,NaN,-1,NaN,NaN,NaN
2.361694,2.813981,-33.82505,241.037,-0.6057975,2.998448,-0.001634127,0.07330139,-0.002313562,-0.01165651,-0.9972391,-0.6079349,2.997056,-0.00195682,0.01403233,-0.1509973,0.9884346,-1,NaN,NaN,NaN,-1,NaN,NaN,NaN
2.380249,2.819308,-33.825,241.0367,-0.5997993,2.998628,-0.001545747,0.07340307,-0.002810553,-0.01224176,-0.9972233,-0.6026031,2.997056,-0.00195682,0.01403233,-0.1509973,0.9884346,-1,NaN,NaN,NaN,-1,NaN,NaN,NaN
2.403564,2.653194,-34.81153,248.0562,-0.5866497,2.998967,-0.001321324,0.07390768,-0.003646553,-0.01361026,-0.9971656,-0.5896965,2.997273,-0.001636863,0.01292278,-0.1506665,0.9885002,-1,NaN,NaN,NaN,-1,NaN,NaN,NaN
2.422607,2.659488,-34.81148,248.0559,-0.5795642,2.998984,-0.001283464,0.07416797,-0.003885717,-0.01391006,-0.9971412,-0.5833983,2.997273,-0.001636863,0.01292278,-0.1506665,0.9885002,-1,NaN,NaN,NaN,-1,NaN,NaN,NaN
2.445313,2.674979,-36.44743,259.6963,-0.5644791,2.998906,-0.001213696,0.0743973,-0.00468035,-0.0140193,-0.9971192,-0.5685452,2.997586,-0.001387715,0.01234705,-0.1501545,0.9885855,-1,NaN,NaN,NaN,-1,NaN,NaN,NaN
2.463745,1.833204,-36.51385,260.1689,-0.5552101,2.998915,-0.001129599,0.07425661,-0.00476154,-0.01410995,-0.9971281,-0.5586067,2.997863,-0.001217723,0.00908866,-0.1501409,0.9886228,-1,NaN,NaN,NaN,-1,NaN,NaN,NaN
2.487183,1.850322,-36.51381,260.1686,-0.5359483,2.999015,-0.000930017,0.0744227,-0.004936203,-0.01441259,-0.9971105,-0.5414851,2.997863,-0.001217723,0.00908866,-0.1501409,0.9886228,-1,NaN,NaN,NaN,-1,NaN,NaN,NaN
2.505249,2.07226,-33.39623,237.9859,-0.525254,2.999088,-0.000804458,0.07469461,-0.004782312,-0.01438675,-0.9970912,-0.5299602,2.997928,-0.001024127,0.01080801,-0.1511588,0.9884504,-1,NaN,NaN,NaN,-1,NaN,NaN,NaN
2.528931,1.918627,-33.68776,240.0602,-0.5029876,2.998987,-0.0005839473,0.07504991,-0.004731432,-0.01360005,-0.9970759,-0.5078003,2.997977,-0.0008119345,0.009991045,-0.151057,0.9884745,-1,NaN,NaN,NaN,-1,NaN,NaN,NaN
2.546997,1.93029,-33.68775,240.0602,-0.4898666,2.99881,-0.0004992234,0.07500248,-0.004504234,-0.01313363,-0.9970867,-0.4961371,2.997977,-0.0008119345,0.009991045,-0.151057,0.9884745,-1,NaN,NaN,NaN,-1,NaN,NaN,NaN
2.570557,2.082552,-35.75899,254.7979,-0.462936,2.998607,-0.0002740924,0.07473215,-0.004022845,-0.01301357,-0.9971107,-0.4693999,2.997985,-0.0006104708,0.009901193,-0.1503713,0.98858,-1,NaN,NaN,NaN,-1,NaN,NaN,NaN
2.589355,2.095404,-35.75904,254.7982,-0.4484817,2.998547,-0.00011622,0.07464842,-0.003549755,-0.01299545,-0.997119,-0.4565517,2.997985,-0.0006104708,0.009901193,-0.1503713,0.98858,-1,NaN,NaN,NaN,-1,NaN,NaN,NaN
2.612427,2.402051,-45.40558,323.4369,-0.4186103,2.998374,0.0002393904,0.07486178,-0.002650462,-0.01252975,-0.9971117,-0.4268581,2.997829,-0.0003539324,0.00864974,-0.1479995,0.9889497,-1,NaN,NaN,NaN,-1,NaN,NaN,NaN
2.630859,2.070187,-44.93506,320.089,-0.4026244,2.998147,0.0004543126,0.07514742,-0.001980416,-0.01209894,-0.9970971,-0.4091492,2.997615,-2.95639E-05,0.007660132,-0.1480923,0.9889439,-1,NaN,NaN,NaN,-1,NaN,NaN,NaN
2.654419,2.098594,-44.93505,320.0889,-0.3706668,2.997615,0.0008159857,0.07525176,-0.000958167,-0.01070033,-0.9971067,-0.3807424,2.997615,-2.95639E-05,0.007660132,-0.1480923,0.9889439,-1,NaN,NaN,NaN,-1,NaN,NaN,NaN
2.672485,5.653681,-46.04106,327.9585,-0.3536573,2.997487,0.0009667835,0.07535943,-0.0001670495,-0.01011167,-0.9971051,-0.361764,2.997336,0.0003548861,0.01813745,-0.147858,0.9888422,-1,NaN,NaN,NaN,-1,NaN,NaN,NaN
2.696045,5.04078,-45.3513,323.0506,-0.3189357,2.997116,0.001459294,0.07624801,0.0009868816,-0.008260181,-0.9970542,-0.3267974,2.996871,0.0006301403,0.01643008,-0.1479932,0.9888519,-1,NaN,NaN,NaN,-1,NaN,NaN,NaN
2.713989,5.057666,-45.35136,323.051,-0.2999469,2.996788,0.001716656,0.07659657,0.001710474,-0.007386816,-0.9970334,-0.3099184,2.996871,0.0006301403,0.01643008,-0.1479932,0.9888519,-1,NaN,NaN,NaN,-1,NaN,NaN,NaN
2.737671,6.322504,-52.33074,372.7118,-0.2611194,2.996056,0.002141862,0.07665495,0.003117561,-0.005973969,-0.9970349,-0.2709346,2.996412,0.001191735,0.01749607,-0.1468138,0.9890094,-1,NaN,NaN,NaN,-1,NaN,NaN,NaN
2.756592,6.340708,-52.33067,372.7113,-0.2406304,2.995705,0.002376323,0.07654987,0.003869422,-0.005025213,-0.9970456,-0.2527221,2.996412,0.001191735,0.01749607,-0.1468138,0.9890094,-1,NaN,NaN,NaN,-1,NaN,NaN,NaN
2.779419,NaN,NaN,NaN,-0.19941,2.994892,0.002869419,0.07670914,0.004990689,-0.002406967,-0.9970381,-0.2112907,2.995825,0.001796484,0.0149538,-0.1458866,0.9891883,-1,NaN,NaN,NaN,-1,NaN,NaN,NaN
2.798218,NaN,NaN,NaN,-0.1776248,2.994484,0.003056679,0.07643633,0.005141094,-0.0006830352,-0.997061,-0.1867784,2.995055,0.002404809,0.01385557,-0.146012,0.9891858,-1,NaN,NaN,NaN,-1,NaN,NaN,NaN
2.821777,NaN,NaN,NaN,-0.1325205,2.993519,0.003383745,0.07571582,0.005696736,0.001386123,-0.9971122,-0.1466857,2.995055,0.002404809,0.01385557,-0.146012,0.9891858,-1,NaN,NaN,NaN,-1,NaN,NaN,NaN
2.839722,4.336913,-54.29514,386.6892,-0.1085918,2.993017,0.00353515,0.0753093,0.005811967,0.001956848,-0.9971414,-0.1199646,2.994135,0.002964735,0.01140063,-0.1465452,0.9891382,-1,NaN,NaN,NaN,-1,NaN,NaN,NaN
2.863159,5.323061,-42.15052,300.276,-0.05966412,2.992076,0.003842432,0.07487272,0.005867348,0.003211892,-0.9971707,-0.07068728,2.993054,0.003406644,0.01776041,-0.1486478,0.9887307,-1,NaN,NaN,NaN,-1,NaN,NaN,NaN
2.881592,5.34462,-42.15053,300.276,-0.03541012,2.99154,0.003979277,0.0747088,0.005344756,0.004677305,-0.9971801,-0.04912817,2.993054,0.003406644,0.01776041,-0.1486478,0.9887307,-1,NaN,NaN,NaN,-1,NaN,NaN,NaN
2.905029,4.457273,-37.2442,265.3657,0.01521807,2.990394,0.004075157,0.07417408,0.004367515,0.006691428,-0.9972133,0.002039686,2.991913,0.003789783,0.01659724,-0.1498931,0.9885629,-1,NaN,NaN,NaN,-1,NaN,NaN,NaN
2.924438,4.480373,-37.24425,265.366,0.0411998,2.989843,0.004021362,0.07366299,0.003588408,0.00700796,-0.9972521,0.02513456,2.991913,0.003789783,0.01659724,-0.1498931,0.9885629,-1,NaN,NaN,NaN,-1,NaN,NaN,NaN
2.946899,6.585526,-47.48669,338.2447,0.09566563,2.9889,0.004176383,0.07276119,0.002214715,0.007571791,-0.9973181,0.07991453,2.990705,0.003964424,0.01901956,-0.1475739,0.9888682,-1,NaN,NaN,NaN,-1,NaN,NaN,NaN
2.96521,7.37631,-46.42675,330.7028,0.1237526,2.988348,0.004250821,0.07249754,0.001228847,0.007808206,-0.9973373,0.1116647,2.989412,0.00416398,0.02172121,-0.1477538,0.9887856,-1,NaN,NaN,NaN,-1,NaN,NaN,NaN
2.989014,7.426965,-46.42676,330.7029,0.1807399,2.987185,0.004396645,0.07200266,-0.0007770286,0.008576588,-0.9973673,0.16232,2.989412,0.00416398,0.02172121,-0.1477538,0.9887856,-1,NaN,NaN,NaN,-1,NaN,NaN,NaN
3.006836,8.328385,-46.23057,329.3069,0.2104432,2.986583,0.004481855,0.07194591,-0.002006911,0.008821946,-0.9973675,0.195852,2.988153,0.004344821,0.02441764,-0.1477775,0.9887192,-1,NaN,NaN,NaN,-1,NaN,NaN,NaN
3.030273,8.927514,-45.19574,321.9437,0.270254,2.985541,0.004715335,0.07160442,-0.004157506,0.009123673,-0.9973828,0.2564172,2.986821,0.004557729,0.02662784,-0.1479626,0.9886345,-1,NaN,NaN,NaN,-1,NaN,NaN,NaN
3.048706,8.954305,-45.19568,321.9433,0.3004048,2.984962,0.004820541,0.07155867,-0.005493537,0.009901818,-0.9973721,0.283218,2.986821,0.004557729,0.02662784,-0.1479626,0.9886345,-1,NaN,NaN,NaN,-1,NaN,NaN,NaN
3.072144,8.496614,-40.65938,289.6658,0.3641262,2.983743,0.004927018,0.07135014,-0.007688412,0.01043848,-0.9973671,0.3475425,2.98544,0.004835606,0.02780835,-0.1489361,0.9884558,-1,NaN,NaN,NaN,-1,NaN,NaN,NaN
3.091064,8.52584,-40.65933,289.6654,0.3970179,2.983139,0.005031925,0.07128128,-0.008861773,0.01031214,-0.9973636,0.3767796,2.98544,0.004835606,0.02780835,-0.1489361,0.9884558,-1,NaN,NaN,NaN,-1,NaN,NaN,NaN
3.114014,6.20537,-38.63175,275.2386,0.4636944,2.98222,0.005297609,0.07174495,-0.01113023,0.00996901,-0.9973111,0.4441316,2.984124,0.004995823,0.02069249,-0.1494707,0.9885496,-1,NaN,NaN,NaN,-1,NaN,NaN,NaN
3.132324,5.083952,-30.36926,216.4478,0.4984988,2.98173,0.005523073,0.07271066,-0.01213842,0.009251724,-0.9972363,0.4834978,2.982757,0.005169749,0.02100226,-0.1522606,0.9881172,-1,NaN,NaN,NaN,-1,NaN,NaN,NaN
3.156128,5.147143,-30.36926,216.4479,0.5695893,2.980862,0.006009012,0.0740892,-0.01398508,0.007674978,-0.9971241,0.5466893,2.982757,0.005169749,0.02100226,-0.1522606,0.9881172,-1,NaN,NaN,NaN,-1,NaN,NaN,NaN
3.174072,9.665812,-47.89957,341.1823,0.6070885,2.980744,0.006361668,0.07472277,-0.01451617,0.006589855,-0.9970769,0.5888271,2.981489,0.005469203,0.0263048,-0.1474517,0.9887195,-1,NaN,NaN,NaN,-1,NaN,NaN,NaN
3.197388,NaN,NaN,NaN,0.6835615,2.980988,0.007227163,0.07594067,-0.01569866,0.005158707,-0.9969755,0.6660196,2.980416,0.005950451,0.02576515,-0.1448263,0.9891216,-1,NaN,NaN,NaN,-1,NaN,NaN,NaN
3.21582,NaN,NaN,NaN,0.7248172,2.981694,0.007831925,0.07628916,-0.01592562,0.004679098,-0.9969476,0.7026913,2.980416,0.005950451,0.02576515,-0.1448263,0.9891216,-1,NaN,NaN,NaN,-1,NaN,NaN,NaN
3.239136,NaN,NaN,NaN,0.8087311,2.983368,0.009096065,0.07718826,-0.01646152,0.005075403,-0.9968677,0.7870239,2.979957,0.006702662,0.02797647,-0.1420803,0.9894597,-1,NaN,NaN,NaN,-1,NaN,NaN,NaN
3.257935,NaN,NaN,NaN,0.8521642,2.984288,0.009677047,0.0771163,-0.01689934,0.007123813,-0.9968535,0.8256311,2.979957,0.006702662,0.02797647,-0.1420803,0.9894597,-1,NaN,NaN,NaN,-1,NaN,NaN,NaN
3.281128,NaN,NaN,NaN,0.9416529,2.985826,0.01083049,0.07602149,-0.01768549,0.01062243,-0.9968928,0.915589,2.980612,0.007831335,0.02560203,-0.1415419,0.9896011,-1,NaN,NaN,NaN,-1,NaN,NaN,NaN
3.299316,NaN,NaN,NaN,0.9885158,2.986646,0.01123223,0.07413714,-0.01814756,0.01192699,-0.9970115,0.9683924,2.982314,0.009227633,0.02121034,-0.1423978,0.9895822,-1,NaN,NaN,NaN,-1,NaN,NaN,NaN
3.323364,NaN,NaN,NaN,1.082508,2.988029,0.01199301,0.07048862,-0.01938683,0.01477369,-0.9972147,1.051941,2.982314,0.009227633,0.02121034,-0.1423978,0.9895822,-1,NaN,NaN,NaN,-1,NaN,NaN,NaN
3.34082,7.26962,-51.85503,369.327,1.130219,2.988081,0.01224957,0.0681707,-0.02042857,0.01665006,-0.9973255,1.106007,2.984243,0.01057231,0.01650599,-0.1468581,0.9890198,-1,NaN,NaN,NaN,-1,NaN,NaN,NaN
3.36438,4.267388,-26.24865,187.1282,1.227854,2.988704,0.0128754,0.06434435,-0.02187318,0.01940737,-0.9974993,1.205019,2.985958,0.01166415,0.01616782,-0.1543446,0.9878848,-1,NaN,NaN,NaN,-1,NaN,NaN,NaN
3.382568,4.312495,-26.24863,187.1281,1.278603,2.989488,0.01338445,0.06384461,-0.02258975,0.020036,-0.9975029,1.250129,2.985958,0.01166415,0.01616782,-0.1543446,0.9878848,-1,NaN,NaN,NaN,-1,NaN,NaN,NaN
3.406006,3.738735,-17.17105,122.5377,1.381031,2.991178,0.0144599,0.06429551,-0.02387478,0.02085743,-0.9974272,1.353875,2.987054,0.01259005,0.01920251,-0.1623099,0.986553,-1,NaN,NaN,NaN,-1,NaN,NaN,NaN
3.424805,3.785132,-17.17108,122.5378,1.433224,2.991854,0.01486724,0.06526946,-0.0244601,0.02074374,-0.9973522,1.400269,2.987054,0.01259005,0.01920251,-0.1623099,0.986553,-1,NaN,NaN,NaN,-1,NaN,NaN,NaN
3.447876,4.991617,-23.84085,169.9958,1.53842,2.992948,0.01546202,0.06477345,-0.02536682,0.02050253,-0.9973668,1.506925,2.988265,0.01358318,0.02024549,-0.1558729,0.9875697,-1,NaN,NaN,NaN,-1,NaN,NaN,NaN
3.466187,8.800064,-43.5424,310.1796,1.591453,2.993444,0.01563852,0.06301234,-0.02552956,0.02026834,-0.9974803,1.567583,2.989938,0.01455414,0.02305397,-0.1483247,0.9886699,-1,NaN,NaN,NaN,-1,NaN,NaN,NaN
3.490356,8.896067,-43.54234,310.1791,1.699467,2.994525,0.01569941,0.05944026,-0.0256137,0.0202102,-0.9976985,1.663596,2.989938,0.01455414,0.02305397,-0.1483247,0.9886699,-1,NaN,NaN,NaN,-1,NaN,NaN,NaN
3.507935,7.789183,-33.86226,241.3019,1.755146,2.994731,0.01550429,0.05691013,-0.025202,0.01977815,-0.9978653,1.726961,2.991478,0.01535833,0.02482888,-0.1509409,0.9882309,-1,NaN,NaN,NaN,-1,NaN,NaN,NaN
3.531372,5.534503,-22.64159,161.4627,1.866326,2.995395,0.01513151,0.05262177,-0.02400082,0.01926361,-0.9981402,1.840063,2.992795,0.01561844,0.0225944,-0.1567745,0.9873759,-1,NaN,NaN,NaN,-1,NaN,NaN,NaN
3.549561,5.585088,-22.64161,161.4628,1.923232,2.995535,0.0149731,0.05142339,-0.0231272,0.01907033,-0.9982271,1.890646,2.992795,0.01561844,0.0225944,-0.1567745,0.9873759,-1,NaN,NaN,NaN,-1,NaN,NaN,NaN
3.573242,4.567167,-16.44919,117.4014,2.038462,2.995537,0.01455055,0.05046845,-0.02118826,0.01822913,-0.9983345,2.00758,2.993742,0.01557016,0.02150684,-0.1633686,0.9863306,-1,NaN,NaN,NaN,-1,NaN,NaN,NaN
3.591675,4.618949,-16.44921,117.4015,2.096713,2.995281,0.01434254,0.05071623,-0.02005262,0.0180622,-0.9983484,2.059359,2.993742,0.01557016,0.02150684,-0.1633686,0.9863306,-1,NaN,NaN,NaN,-1,NaN,NaN,NaN
3.61499,3.761877,-15.15905,108.2216,2.214714,2.99543,0.01380868,0.0509448,-0.01775478,0.0178936,-0.9983833,2.179111,2.994308,0.0152384,0.01442418,-0.1654367,0.986115,-1,NaN,NaN,NaN,-1,NaN,NaN,NaN
3.633301,3.827002,-32.75851,233.4483,2.276109,2.995356,0.01355807,0.05127106,-0.01640482,0.01761877,-0.9983946,2.248941,2.994409,0.01473725,0.006682138,-0.1513922,0.9884512,-1,NaN,NaN,NaN,-1,NaN,NaN,NaN
3.657227,3.93459,-32.75856,233.4486,2.397142,2.994575,0.01287587,0.05141276,-0.01373426,0.01776947,-0.9984249,2.356526,2.994409,0.01473725,0.006682138,-0.1513922,0.9884512,-1,NaN,NaN,NaN,-1,NaN,NaN,NaN
3.674805,2.864665,-38.63848,275.2865,2.457654,2.994249,0.01253554,0.05038768,-0.01228287,0.01808453,-0.9984905,2.426105,2.994291,0.01403904,0.001575264,-0.1495412,0.9887542,-1,NaN,NaN,NaN,-1,NaN,NaN,NaN
3.698364,1.488408,-39.44022,280.991,2.579109,2.993532,0.01177503,0.04850672,-0.009430625,0.01889554,-0.9985996,2.549949,2.993936,0.01340187,-0.003735644,-0.1493288,0.9887806,-1,NaN,NaN,NaN,-1,NaN,NaN,NaN
3.716797,1.542022,-39.44021,280.991,2.639425,2.993011,0.01132113,0.04683596,-0.007994802,0.01963529,-0.9986777,2.603564,2.993936,0.01340187,-0.003735644,-0.1493288,0.9887806,-1,NaN,NaN,NaN,-1,NaN,NaN,NaN
3.740112,3.364492,-29.82026,212.5415,2.760914,2.992654,0.01052119,0.04443318,-0.00512784,0.02102904,-0.9987779,2.7276,2.993227,0.01263213,0.002961622,-0.1525868,0.9882857,-1,NaN,NaN,NaN,-1,NaN,NaN,NaN
3.758301,3.418287,-29.82025,212.5415,2.821434,2.992427,0.01022664,0.04370218,-0.003813818,0.02174625,-0.9988006,2.781395,2.993227,0.01263213,0.002961622,-0.1525868,0.9882857,-1,NaN,NaN,NaN,-1,NaN,NaN,NaN
3.78186,2.551381,-18.26032,130.2883,2.942706,2.992327,0.009453266,0.04293099,-0.001077712,0.02273606,-0.9988188,2.905293,2.992299,0.01174736,-0.002681179,-0.1610057,0.9869499,-1,NaN,NaN,NaN,-1,NaN,NaN,NaN
3.800049,3.364646,-14.99562,107.0587,3.002712,2.992251,0.009090267,0.04301815,4.773587E-05,0.02313149,-0.9988065,2.974767,2.991637,0.01081538,0.003591719,-0.165706,0.9861687,-1,NaN,NaN,NaN,-1,NaN,NaN,NaN
3.823975,3.470411,-14.99562,107.0587,3.121697,2.992449,0.008397942,0.0429382,0.002354019,0.02365738,-0.9987949,3.080531,2.991637,0.01081538,0.003591719,-0.165706,0.9861687,-1,NaN,NaN,NaN,-1,NaN,NaN,NaN
3.841797,3.360327,-16.35038,116.6983,3.18038,2.992761,0.008140652,0.04343653,0.003204309,0.0236227,-0.9987718,3.148803,2.991325,0.009889722,0.001788308,-0.1635236,0.9865378,-1,NaN,NaN,NaN,-1,NaN,NaN,NaN
3.865479,2.972716,-18.88776,134.7528,3.297454,2.993452,0.00779408,0.04492553,0.004848727,0.02321859,-0.9987088,3.268828,2.991337,0.009026647,-0.002169184,-0.1602761,0.9870698,-1,NaN,NaN,NaN,-1,NaN,NaN,NaN
3.883667,3.023801,-18.88776,134.7528,3.354924,2.993635,0.007750934,0.04608147,0.005424619,0.02257722,-0.9986678,3.319912,2.991337,0.009026647,-0.002169184,-0.1602761,0.9870698,-1,NaN,NaN,NaN,-1,NaN,NaN,NaN
3.907227,2.95396,-21.70798,154.8197,3.468686,2.994069,0.007787977,0.0478382,0.006530754,0.02131531,-0.9986063,3.436777,2.991856,0.00838697,-0.003079784,-0.1575546,0.9875055,-1,NaN,NaN,NaN,-1,NaN,NaN,NaN
3.925293,3.003994,-21.70798,154.8197,3.524976,2.994455,0.007978952,0.04893079,0.006958411,0.02014624,-0.9985748,3.486811,2.991856,0.00838697,-0.003079784,-0.1575546,0.9875055,-1,NaN,NaN,NaN,-1,NaN,NaN,NaN
3.948975,2.568532,-26.49478,188.8795,3.635142,2.995017,0.008488925,0.05112221,0.007964313,0.01802684,-0.998498,3.600247,2.992428,0.008005738,-0.005397073,-0.1542522,0.9880167,-1,NaN,NaN,NaN,-1,NaN,NaN,NaN
3.967285,2.919116,-32.64021,232.6066,3.688823,2.995257,0.008891955,0.05176239,0.008521445,0.01676451,-0.9984823,3.66315,2.993063,0.008020163,-0.00316189,-0.1514291,0.9884631,-1,NaN,NaN,NaN,-1,NaN,NaN,NaN
3.990967,3.012294,-32.64021,232.6066,3.793648,2.99582,0.009912454,0.05333814,0.009790465,0.01417704,-0.9984279,3.756328,2.993063,0.008020163,-0.00316189,-0.1514291,0.9884631,-1,NaN,NaN,NaN,-1,NaN,NaN,NaN
4.008911,2.23906,-45.72901,325.7381,3.844903,2.996183,0.01078375,0.05489033,0.01049192,0.01275077,-0.9983559,3.816633,2.993726,0.008418202,-0.004789854,-0.1479328,0.9889858,-1,NaN,NaN,NaN,-1,NaN,NaN,NaN
4.032715,NaN,NaN,NaN,3.945177,2.996829,0.01275026,0.05855568,0.01180942,0.01042395,-0.9981599,3.92005,2.994381,0.009336591,-0.02247566,-0.1429448,0.9894754,-1,NaN,NaN,NaN,-1,NaN,NaN,NaN
4.050781,NaN,NaN,NaN,3.99267,2.996783,0.01390011,0.06024549,0.01245061,0.009635987,-0.9980595,3.962266,2.994381,0.009336591,-0.02247566,-0.1429448,0.9894754,-1,NaN,NaN,NaN,-1,NaN,NaN,NaN
4.074707,NaN,NaN,NaN,4.086587,2.996407,0.01636894,0.06345655,0.0141805,0.007022225,-0.9978591,4.059613,2.995127,0.01105726,-0.02565302,-0.1365221,0.9903048,-1,NaN,NaN,NaN,-1,NaN,NaN,NaN
4.092773,NaN,NaN,NaN,4.130126,2.995876,0.01772201,0.06458359,0.01499771,0.006047633,-0.9977812,4.098314,2.995127,0.01105726,-0.02565302,-0.1365221,0.9903048,-1,NaN,NaN,NaN,-1,NaN,NaN,NaN
4.116211,NaN,NaN,NaN,4.213468,2.994755,0.0204646,0.06639781,0.01653026,0.00496018,-0.9976439,4.185626,2.995574,0.01343381,-0.02812946,-0.1438614,0.989198,-1,NaN,NaN,NaN,-1,NaN,NaN,NaN
4.134521,-6.673964,-43.38453,309.0563,4.252726,2.994077,0.02184001,0.06681781,0.01740806,0.00456958,-0.9976029,4.232985,2.995181,0.01629627,-0.03488088,-0.1483243,0.9883234,-1,NaN,NaN,NaN,-1,NaN,NaN,NaN
4.158081,-6.608856,-43.38453,309.0563,4.325973,2.992316,0.02454405,0.06818858,0.01939169,0.003385119,-0.9974782,4.298093,2.995181,0.01629627,-0.03488088,-0.1483243,0.9883234,-1,NaN,NaN,NaN,-1,NaN,NaN,NaN
4.176025,NaN,NaN,NaN,4.359446,2.991379,0.0258444,0.06811909,0.02084891,0.002633929,-0.9974559,4.339361,2.994136,0.01948988,-0.03788102,-0.1440812,0.9888406,-1,NaN,NaN,NaN,-1,NaN,NaN,NaN
4.199707,-7.059515,-38.66684,275.4881,4.420619,2.989723,0.0283605,0.06752043,0.02336563,0.00243821,-0.9974412,4.404213,2.992502,0.02277577,-0.04111317,-0.1494058,0.9879209,-1,NaN,NaN,NaN,-1,NaN,NaN,NaN
4.217896,-7.038001,-38.66667,275.487,4.44477,2.988622,0.02943801,0.06664772,0.02425468,0.003930169,-0.9974741,4.425681,2.992502,0.02277577,-0.04111317,-0.1494058,0.9879209,-1,NaN,NaN,NaN,-1,NaN,NaN,NaN
4.241455,-9.393641,-41.80648,297.8279,4.488508,2.986206,0.03139809,0.06464989,0.0266365,0.004818116,-0.9975408,4.473817,2.990459,0.02593052,-0.04599921,-0.1485942,0.9878278,-1,NaN,NaN,NaN,-1,NaN,NaN,NaN
4.259644,-9.067572,-34.91114,248.7649,4.505795,2.984922,0.03239621,0.0640851,0.02812057,0.004519554,-0.9975379,4.496877,2.988052,0.02875185,-0.05383308,-0.1504101,0.9871569,-1,NaN,NaN,NaN,-1,NaN,NaN,NaN
4.283203,-9.043341,-34.91119,248.7653,4.533074,2.982187,0.03432163,0.06375402,0.03051745,0.005399611,-0.9974844,4.521125,2.988052,0.02875185,-0.05383308,-0.1504101,0.9871569,-1,NaN,NaN,NaN,-1,NaN,NaN,NaN
4.301392,-8.693439,-30.63486,218.3376,4.540595,2.980924,0.03514369,0.06352247,0.03118836,0.006802127,-0.9974698,4.533954,2.985353,0.03133321,-0.05977788,-0.1519382,0.9865807,-1,NaN,NaN,NaN,-1,NaN,NaN,NaN
4.325073,-8.685222,-30.63486,218.3376,4.54984,2.977733,0.03677481,0.0633245,0.03227908,0.008973902,-0.9974305,4.542171,2.985353,0.03133321,-0.05977788,-0.1519382,0.9865807,-1,NaN,NaN,NaN,-1,NaN,NaN,NaN
4.343384,-5.317095,-25.48325,181.6822,4.549095,2.976001,0.03756757,0.06333984,0.03261233,0.009503772,-0.9974138,4.54584,2.982323,0.03367698,-0.05356515,-0.1545953,0.9865248,-1,NaN,NaN,NaN,-1,NaN,NaN,NaN
4.366699,-5.584253,-27.39328,195.2727,4.540667,2.97307,0.0392062,0.06391915,0.03361738,0.01035899,-0.997335,4.540861,2.978841,0.03572667,-0.05117712,-0.1535151,0.9868202,-1,NaN,NaN,NaN,-1,NaN,NaN,NaN
4.385132,-5.594454,-27.39328,195.2727,4.529191,2.971824,0.0400719,0.0645785,0.03389223,0.01101441,-0.9972762,4.530661,2.978841,0.03572667,-0.05117712,-0.1535151,0.9868202,-1,NaN,NaN,NaN,-1,NaN,NaN,NaN
4.408447,-7.447217,-31.15712,222.0537,4.499618,2.968923,0.04174978,0.06550334,0.03421874,0.01256741,-0.9971863,4.504912,2.975131,0.03768885,-0.05313422,-0.1517379,0.9869916,-1,NaN,NaN,NaN,-1,NaN,NaN,NaN
4.427124,-12.0219,-43.04634,306.6498,4.47832,2.967874,0.04253151,0.06507981,0.03403656,0.01315631,-0.9972126,4.484432,2.97167,0.03969765,-0.05316332,-0.1482141,0.9875253,-1,NaN,NaN,NaN,-1,NaN,NaN,NaN
4.450317,-12.06481,-43.04634,306.6498,4.430044,2.965932,0.0441526,0.06452762,0.03421664,0.01320069,-0.9972417,4.44152,2.97167,0.03969765,-0.05316332,-0.1482141,0.9875253,-1,NaN,NaN,NaN,-1,NaN,NaN,NaN
4.478027,NaN,NaN,NaN,4.365576,2.96394,0.04565988,0.06372551,0.03427806,0.01338326,-0.9972888,4.380572,2.968495,0.04169869,-0.05419636,-0.1458277,0.9878244,-1,NaN,NaN,NaN,-1,NaN,NaN,NaN
4.505859,-12.6967,-42.85295,305.2738,4.290085,2.962205,0.046889,0.06202513,0.03410341,0.01382339,-0.997396,4.307645,2.965862,0.04369438,-0.05500921,-0.1482244,0.9874227,-1,NaN,NaN,NaN,-1,NaN,NaN,NaN
4.533691,-9.774487,-37.56795,267.6692,4.201911,2.960798,0.04799427,0.06014227,0.03339157,0.01438011,-0.9975275,4.221481,2.963444,0.04545534,-0.05163856,-0.1495418,0.9874061,-1,NaN,NaN,NaN,-1,NaN,NaN,NaN
4.561768,-5.925533,-28.50592,203.1894,4.102657,2.960981,0.04908371,0.05868087,0.03260215,0.01406478,-0.9976452,4.123449,2.961346,0.04698336,-0.04882634,-0.1528942,0.9870356,-1,NaN,NaN,NaN,-1,NaN,NaN,NaN
4.590088,-6.023931,-28.50594,203.1895,3.991967,2.962085,0.05012252,0.05820447,0.03171688,0.01269496,-0.99772,4.025058,2.961346,0.04698336,-0.04882634,-0.1528942,0.9870356,-1,NaN,NaN,NaN,-1,NaN,NaN,NaN
4.617188,-6.14684,-29.35617,209.2393,3.870367,2.96358,0.0509131,0.05727994,0.03123462,0.01090771,-0.9978098,3.905291,2.96015,0.04830897,-0.04743563,-0.1524995,0.9871645,-1,NaN,NaN,NaN,-1,NaN,NaN,NaN
4.64502,-7.386749,-30.16502,214.9945,3.738377,2.966041,0.0516206,0.054954,0.0314614,0.00827555,-0.9979588,3.774431,2.960369,0.04953182,-0.05125243,-0.1521127,0.9870334,-1,NaN,NaN,NaN,-1,NaN,NaN,NaN
4.673462,-5.331141,-24.3625,173.7075,3.596808,2.968615,0.05210179,0.0538219,0.03282306,0.005892796,-0.9979936,3.633142,2.96188,0.0506587,-0.05092711,-0.1552329,0.9865643,-1,NaN,NaN,NaN,-1,NaN,NaN,NaN
4.700928,-3.817772,-19.92243,142.1148,3.446203,2.971125,0.0522888,0.05184549,0.03485309,0.004295737,-0.9980375,3.482187,2.964378,0.05156863,-0.050666,-0.1588479,0.9860022,-1,NaN,NaN,NaN,-1,NaN,NaN,NaN
4.728638,-7.203468,-24.7928,176.7693,3.287217,2.973982,0.05225293,0.05056035,0.03708541,0.004829567,-0.9980205,3.322308,2.967358,0.05214286,-0.05873967,-0.1549171,0.9861797,-1,NaN,NaN,NaN,-1,NaN,NaN,NaN
4.756836,-7.352117,-24.79296,176.7703,3.120057,2.976653,0.05186933,0.04937676,0.03916934,0.006640212,-0.9979898,3.173722,2.967358,0.05214286,-0.05873967,-0.1549171,0.9861797,-1,NaN,NaN,NaN,-1,NaN,NaN,NaN
4.784424,-6.715095,-23.89395,170.3736,2.94553,2.97979,0.05127463,0.04767891,0.04059047,0.01008668,-0.9979867,2.998496,2.970559,0.05238485,-0.05624536,-0.1555557,0.9862245,-1,NaN,NaN,NaN,-1,NaN,NaN,NaN
4.812134,-6.75514,-23.64154,168.5776,2.765188,2.983177,0.05054442,0.04726633,0.0413614,0.0129585,-0.9979416,2.816751,2.973845,0.05222821,-0.05601447,-0.1557526,0.9862067,-1,NaN,NaN,NaN,-1,NaN,NaN,NaN
4.84021,-7.299421,-22.99198,163.9558,2.57698,2.986282,0.04935234,0.04668238,0.04147782,0.01556384,-0.997927,2.626816,2.977417,0.05169606,-0.05970838,-0.1562113,0.9859173,-1,NaN,NaN,NaN,-1,NaN,NaN,NaN
4.86792,-7.538839,-22.16581,158.0773,2.38187,2.989003,0.04785202,0.04556356,0.04117452,0.01849321,-0.9979412,2.429646,2.981258,0.05080497,-0.06217672,-0.1568506,0.9856632,-1,NaN,NaN,NaN,-1,NaN,NaN,NaN
4.895752,-5.124568,-39.6994,282.8351,2.180338,2.991735,0.0462218,0.0444249,0.04144328,0.01948051,-0.9979627,2.225633,2.984899,0.0494951,-0.02569251,-0.1492023,0.9884728,-1,NaN,NaN,NaN,-1,NaN,NaN,NaN
4.924072,-5.309794,-39.69939,282.8351,1.971958,2.993678,0.04434452,0.04464399,0.04193433,0.02059711,-0.9979099,2.040406,2.984899,0.0494951,-0.02569251,-0.1492023,0.9884728,-1,NaN,NaN,NaN,-1,NaN,NaN,NaN
4.951416,NaN,NaN,NaN,1.758916,2.995191,0.04236097,0.04439712,0.04254804,0.02214788,-0.9978617,1.825075,2.988271,0.04778695,-0.02442448,-0.1435438,0.9893425,-1,NaN,NaN,NaN,-1,NaN,NaN,NaN
4.969849,NaN,NaN,NaN,1.651032,2.995676,0.04131072,0.04471578,0.04278462,0.02252982,-0.9978288,1.702215,2.991056,0.04582274,-0.0261001,-0.1447163,0.9891289,-1,NaN,NaN,NaN,-1,NaN,NaN,NaN
4.993164,NaN,NaN,NaN,1.432426,2.996443,0.03904489,0.04511206,0.04288119,0.02350499,-0.9977844,1.47998,2.993237,0.04353333,-0.02715967,-0.1445674,0.9891222,-1,NaN,NaN,NaN,-1,NaN,NaN,NaN
5.011475,NaN,NaN,NaN,1.321594,2.996729,0.03788291,0.04514671,0.04273088,0.02381999,-0.9977818,1.381462,2.993237,0.04353333,-0.02715967,-0.1445674,0.9891222,-1,NaN,NaN,NaN,-1,NaN,NaN,NaN
5.035034,NaN,NaN,NaN,1.099466,2.997716,0.0357141,0.04550667,0.04205102,0.02421652,-0.9977847,1.155342,2.994738,0.04095066,-0.02062218,-0.1402181,0.9899058,-1,NaN,NaN,NaN,-1,NaN,NaN,NaN
5.052979,NaN,NaN,NaN,0.9885803,2.997268,0.03446801,0.04735649,0.04142471,0.02362091,-0.9977392,1.056777,2.994738,0.04095066,-0.02062218,-0.1402181,0.9899058,-1,NaN,NaN,NaN,-1,NaN,NaN,NaN
5.076538,NaN,NaN,NaN,0.7678882,2.996839,0.03217532,0.04727115,0.04021079,0.0217962,-0.9978344,0.8314329,2.995739,0.03825653,-0.02047007,-0.1393533,0.9900311,-1,NaN,NaN,NaN,-1,NaN,NaN,NaN
5.094604,NaN,NaN,NaN,0.6574991,2.997486,0.03111679,0.04704615,0.03918436,0.02029688,-0.9979175,0.7040303,2.996112,0.03548133,-0.01659161,-0.1370431,0.9904261,-1,NaN,NaN,NaN,-1,NaN,NaN,NaN
5.118286,NaN,NaN,NaN,0.4378425,2.998183,0.02917839,0.04824352,0.03738348,0.01752166,-0.997982,0.50878,2.996112,0.03548133,-0.01659161,-0.1370431,0.9904261,-1,NaN,NaN,NaN,-1,NaN,NaN,NaN
5.136353,NaN,NaN,NaN,0.3295422,2.99751,0.02793263,0.0494228,0.03616764,0.01575522,-0.9979986,0.3829733,2.99628,0.03280735,-0.01926032,-0.1373972,0.9903288,-1,NaN,NaN,NaN,-1,NaN,NaN,NaN
5.160522,NaN,NaN,NaN,0.1172944,2.99688,0.02584992,0.04845331,0.03373872,0.0123507,-0.9981791,0.1943085,2.99628,0.03280735,-0.01926032,-0.1373972,0.9903288,-1,NaN,NaN,NaN,-1,NaN,NaN,NaN
5.178223,NaN,NaN,NaN,0.01324247,2.997425,0.02503876,0.04835927,0.03197704,0.01130608,-0.998254,0.07248175,2.996575,0.0302546,-0.01539714,-0.1370556,0.9904436,-1,NaN,NaN,NaN,-1,NaN,NaN,NaN
5.201904,NaN,NaN,NaN,-0.1923105,2.997597,0.02366863,0.05185978,0.02860323,0.009987524,-0.9981947,-0.1390795,2.996349,0.02774656,-0.01332577,-0.1436009,0.989546,-1,NaN,NaN,NaN,-1,NaN,NaN,NaN
5.219971,NaN,NaN,NaN,-0.2912024,2.997193,0.02300795,0.05418424,0.02666344,0.009160317,-0.9981329,-0.2269834,2.996349,0.02774656,-0.01332577,-0.1436009,0.989546,-1,NaN,NaN,NaN,-1,NaN,NaN,NaN
5.243774,NaN,NaN,NaN,-0.4839876,2.996712,0.02178719,0.05704221,0.02295318,0.006751901,-0.998085,-0.4264714,2.996333,0.02554739,-0.009173478,-0.1406488,0.9900171,-1,NaN,NaN,NaN,-1,NaN,NaN,NaN
5.261597,NaN,NaN,NaN,-0.5762217,2.996273,0.02118025,0.05817446,0.02093555,0.005553311,-0.9980714,-0.5355441,2.996225,0.02372491,-0.001771781,-0.1344258,0.9909221,-1,NaN,NaN,NaN,-1,NaN,NaN,NaN
5.2854,NaN,NaN,NaN,-0.7553817,2.994959,0.02002765,0.059576,0.01663789,0.003130189,-0.9980802,-0.6947974,2.996225,0.02372491,-0.001771781,-0.1344258,0.9909221,-1,NaN,NaN,NaN,-1,NaN,NaN,NaN
5.303467,NaN,NaN,NaN,-0.8392326,2.994179,0.01948892,0.05954633,0.01456171,0.001259022,-0.9981186,-0.7952124,2.995685,0.02218127,0.002329207,-0.1401283,0.9901306,-1,NaN,NaN,NaN,-1,NaN,NaN,NaN
5.327271,NaN,NaN,NaN,-1.001067,2.99283,0.01849401,0.05943075,0.01045865,-0.002657371,-0.9981742,-0.9634503,2.994729,0.02077019,0.004312886,-0.1397499,0.9901775,-1,NaN,NaN,NaN,-1,NaN,NaN,NaN
5.345337,NaN,NaN,NaN,-1.076816,2.9922,0.01812578,0.05941505,0.008482262,-0.004214331,-0.9981884,-1.030783,2.994729,0.02077019,0.004312886,-0.1397499,0.9901775,-1,NaN,NaN,NaN,-1,NaN,NaN,NaN
5.368896,NaN,NaN,NaN,-1.220985,2.990985,0.01742432,0.06024033,0.004666895,-0.007330626,-0.9981461,-1.181741,2.993116,0.01949084,0.01123355,-0.1398172,0.9901136,-1,NaN,NaN,NaN,-1,NaN,NaN,NaN
5.387085,NaN,NaN,NaN,-1.287019,2.989408,0.01696239,0.06070142,0.003037117,-0.008855859,-0.998112,-1.240437,2.993116,0.01949084,0.01123355,-0.1398172,0.9901136,-1,NaN,NaN,NaN,-1,NaN,NaN,NaN
5.410767,2.751841,-48.53015,345.6693,-1.411164,2.987204,0.01614692,0.05887018,-0.0001612455,-0.01156183,-0.9981987,-1.371839,2.991418,0.01842391,0.011799,-0.1474177,0.989004,-1,NaN,NaN,NaN,-1,NaN,NaN,NaN
5.428955,1.904824,-33.56921,239.2166,-1.467297,2.986436,0.01598471,0.05834834,-0.001574002,-0.01243169,-0.9982176,-1.440789,2.989296,0.01752615,0.01382486,-0.1510683,0.9884267,-1,NaN,NaN,NaN,-1,NaN,NaN,NaN
5.452637,1.811945,-33.56921,239.2166,-1.571786,2.983708,0.01542861,0.05832687,-0.004131764,-0.01380573,-0.9981936,-1.533668,2.989296,0.01752615,0.01382486,-0.1510683,0.9884267,-1,NaN,NaN,NaN,-1,NaN,NaN,NaN
5.470703,1.576978,-29.7138,211.7839,-1.616928,2.982147,0.01510321,0.05814596,-0.004775092,-0.01427675,-0.9981946,-1.590757,2.986914,0.0167681,0.01478174,-0.1525928,0.9881786,-1,NaN,NaN,NaN,-1,NaN,NaN,NaN
5.494385,3.530362,-36.61875,260.9152,-1.698645,2.979198,0.01452485,0.05803488,-0.005812496,-0.01560033,-0.9981757,-1.678268,2.984001,0.01594067,0.01973419,-0.1500449,0.9884822,-1,NaN,NaN,NaN,-1,NaN,NaN,NaN
5.513062,3.500623,-36.6187,260.9148,-1.732093,2.97774,0.01432665,0.05830671,-0.005798526,-0.01605372,-0.9981528,-1.707999,2.984001,0.01594067,0.01973419,-0.1500449,0.9884822,-1,NaN,NaN,NaN,-1,NaN,NaN,NaN
5.536011,3.914754,-35.2298,251.0323,-1.790941,2.97499,0.01388086,0.05891238,-0.005496569,-0.01679113,-0.9981068,-1.772914,2.980649,0.01519608,0.02239482,-0.1504512,0.9883637,-1,NaN,NaN,NaN,-1,NaN,NaN,NaN
5.55481,3.895313,-35.2298,251.0323,-1.812811,2.973273,0.013685,0.05953358,-0.004827,-0.01669403,-0.998075,-1.792355,2.980649,0.01519608,0.02239482,-0.1504512,0.9883637,-1,NaN,NaN,NaN,-1,NaN,NaN,NaN
5.577759,3.381861,-31.81582,226.7406,-1.847294,2.96985,0.01329736,0.06013324,-0.003718898,-0.01579315,-0.9980586,-1.833205,2.977149,0.0145731,0.0227296,-0.1516434,0.9881739,-1,NaN,NaN,NaN,-1,NaN,NaN,NaN
5.596313,1.736675,-32.63828,232.5927,-1.856802,2.968174,0.01317207,0.06052018,-0.002958686,-0.0143714,-0.9980592,-1.849372,2.973512,0.01404023,0.01523924,-0.1513357,0.9883649,-1,NaN,NaN,NaN,-1,NaN,NaN,NaN
5.619629,1.726232,-32.63821,232.5922,-1.868542,2.964976,0.01307079,0.0616809,-0.00172887,-0.010994,-0.9980339,-1.859807,2.973512,0.01404023,0.01523924,-0.1513357,0.9883649,-1,NaN,NaN,NaN,-1,NaN,NaN,NaN
5.638062,1.370271,-35.52006,253.0975,-1.867623,2.963348,0.01314605,0.06269162,-0.001422837,-0.008381661,-0.9979967,-1.864161,2.969624,0.0135951,0.01263379,-0.1503418,0.9885533,-1,NaN,NaN,NaN,-1,NaN,NaN,NaN
5.661377,1.310215,-31.28978,222.9976,-1.859241,2.96006,0.01344012,0.06430991,-0.001033016,-0.00412541,-0.9979209,-1.859445,2.965689,0.01336384,0.01404852,-0.1518266,0.9883073,-1,NaN,NaN,NaN,-1,NaN,NaN,NaN
5.679932,1.318995,-31.28978,222.9976,-1.849364,2.958628,0.01376157,0.06485683,-0.0012822,-0.002267819,-0.9978912,-1.850666,2.965689,0.01336384,0.01404852,-0.1518266,0.9883073,-1,NaN,NaN,NaN,-1,NaN,NaN,NaN
5.703247,2.446473,-41.82589,297.9659,-1.823218,2.955833,0.01430017,0.06565181,-0.001917318,0.001490818,-0.9978396,-1.827905,2.961754,0.01354647,0.01418503,-0.1486332,0.9887906,-1,NaN,NaN,NaN,-1,NaN,NaN,NaN
5.722534,2.462714,-41.82589,297.9659,-1.804947,2.9545,0.0146337,0.06571385,-0.002472304,0.002916546,-0.9978312,-1.811664,2.961754,0.01354647,0.01418503,-0.1486332,0.9887906,-1,NaN,NaN,NaN,-1,NaN,NaN,NaN
5.744873,NaN,NaN,NaN,-1.762868,2.952025,0.01536987,0.06521727,-0.003289342,0.0053051,-0.9978516,-1.772601,2.958086,0.01392043,0.01260642,-0.1460702,0.9891939,-1,NaN,NaN,NaN,-1,NaN,NaN,NaN
5.772827,12.85,-51.80333,371.7673,-1.709497,2.95011,0.01612503,0.0642956,-0.003863446,0.007412051,-0.9978959,-1.721655,2.954708,0.01454723,0.03874963,-0.1456151,0.9885822,-1,NaN,NaN,NaN,-1,NaN,NaN,NaN
5.79187,12.85,-51.69571,371.0367,-1.67728,2.949321,0.01648638,0.06369869,-0.004055612,0.008960892,-0.9979208,-1.693018,2.954708,0.01454723,0.03874963,-0.1456151,0.9885822,-1,NaN,NaN,NaN,-1,NaN,NaN,NaN
5.814453,12.85,-51.19044,365.8224,-1.609168,2.947962,0.01720737,0.06252711,-0.004163146,0.01175809,-0.9979654,-1.627156,2.951795,0.01537037,0.03911948,-0.1463006,0.9884664,-1,NaN,NaN,NaN,-1,NaN,NaN,NaN
5.833374,11.03708,-42.79683,304.8745,-1.570216,2.947531,0.01759518,0.06223208,-0.003772937,0.01287436,-0.9979716,-1.585555,2.949394,0.01626325,0.0409122,-0.1482717,0.9881001,-1,NaN,NaN,NaN,-1,NaN,NaN,NaN
5.856689,11.10986,-42.79676,304.8741,-1.488309,2.946775,0.01842051,0.06221541,-0.002985828,0.01547329,-0.9979384,-1.512749,2.949394,0.01626325,0.0409122,-0.1482717,0.9881001,-1,NaN,NaN,NaN,-1,NaN,NaN,NaN
5.875,12.85,-47.10347,336.5912,-1.442727,2.946788,0.01903623,0.06303272,-0.002138235,0.01693212,-0.9978656,-1.463747,2.94751,0.01714802,0.04202804,-0.1469598,0.9882492,-1,NaN,NaN,NaN,-1,NaN,NaN,NaN
5.898071,NaN,NaN,NaN,-1.347059,2.947667,0.02058822,0.06559913,-0.0005473197,0.01978748,-0.9976497,-1.36866,2.946283,0.01811147,0.04202508,-0.1450527,0.9885311,-1,NaN,NaN,NaN,-1,NaN,NaN,NaN
5.916504,NaN,NaN,NaN,-1.294895,2.948969,0.02170284,0.06781205,0.0004473031,0.02108294,-0.9974753,-1.322291,2.946283,0.01811147,0.04202508,-0.1450527,0.9885311,-1,NaN,NaN,NaN,-1,NaN,NaN,NaN
5.939819,NaN,NaN,NaN,-1.185924,2.951823,0.02388227,0.07171908,0.002231784,0.02320448,-0.9971524,-1.213871,2.946131,0.0195111,0.04330819,-0.1423979,0.9888616,-1,NaN,NaN,NaN,-1,NaN,NaN,NaN
5.958374,NaN,NaN,NaN,-1.127373,2.952967,0.0248028,0.072432,0.002884395,0.02399397,-0.9970805,-1.161825,2.946131,0.0195111,0.04330819,-0.1423979,0.9888616,-1,NaN,NaN,NaN,-1,NaN,NaN,NaN
5.981812,NaN,NaN,NaN,-1.006213,2.955599,0.02656623,0.06999329,0.004045912,0.02529226,-0.9972186,-1.041162,2.947649,0.02147877,0.03885524,-0.1402566,0.9893525,-1,NaN,NaN,NaN,-1,NaN,NaN,NaN
6.000122,NaN,NaN,NaN,-0.9418564,2.957362,0.02734076,0.06680926,0.004098312,0.02637533,-0.9974087,-0.9696071,2.950392,0.02379656,0.03686567,-0.1399221,0.989476,-1,NaN,NaN,NaN,-1,NaN,NaN,NaN
6.023926,NaN,NaN,NaN,-0.8081719,2.960776,0.02891093,0.06237907,0.003596954,0.02855375,-0.9976375,-0.8507765,2.950392,0.02379656,0.03686567,-0.1399221,0.989476,-1,NaN,NaN,NaN,-1,NaN,NaN,NaN
6.041748,NaN,NaN,NaN,-0.7361152,2.962859,0.02950677,0.05980082,0.002717324,0.02910066,-0.9977823,-0.7710136,2.953653,0.02606177,0.03974989,-0.1409034,0.989225,-1,NaN,NaN,NaN,-1,NaN,NaN,NaN
6.065308,10.39584,-39.57837,281.9739,-0.59067,2.966946,0.03037227,0.05529002,0.0009693131,0.02955485,-0.9980323,-0.6246356,2.957479,0.02813029,0.038621,-0.1490659,0.9880728,-1,NaN,NaN,NaN,-1,NaN,NaN,NaN
6.083618,10.46455,-39.57837,281.9739,-0.5133737,2.969115,0.03070524,0.05341219,0.0001629069,0.02822855,-0.9981735,-0.5559277,2.957479,0.02813029,0.038621,-0.1490659,0.9880728,-1,NaN,NaN,NaN,-1,NaN,NaN,NaN
6.107178,8.385873,-30.1117,214.6151,-0.3559628,2.974122,0.03135448,0.05186687,-0.0009553432,0.0253352,-0.9983321,-0.3976878,2.961967,0.02962303,0.04042192,-0.152205,0.987522,-1,NaN,NaN,NaN,-1,NaN,NaN,NaN
6.125244,8.457575,-30.1117,214.6151,-0.2752989,2.9768,0.03169332,0.05293146,-0.001345396,0.0241896,-0.9983043,-0.3259866,2.961967,0.02962303,0.04042192,-0.152205,0.987522,-1,NaN,NaN,NaN,-1,NaN,NaN,NaN
6.149048,8.601293,-28.14968,200.6546,-0.1105684,2.981604,0.03219427,0.0545165,-0.001836658,0.02270129,-0.9982531,-0.159939,2.966995,0.03067672,0.04311382,-0.1531245,0.9872659,-1,NaN,NaN,NaN,-1,NaN,NaN,NaN
6.167358,8.039664,-24.22204,172.708,-0.02569052,2.983732,0.03231945,0.05509089,-0.001708955,0.02182235,-0.9982414,-0.06364803,2.972673,0.03148603,0.04630659,-0.1554049,0.986765,-1,NaN,NaN,NaN,-1,NaN,NaN,NaN
6.190918,8.191059,-24.22204,172.708,0.1446299,2.987746,0.03258001,0.05494874,-0.0009783432,0.01928565,-0.9983025,0.08774787,2.972673,0.03148603,0.04630659,-0.1554049,0.986765,-1,NaN,NaN,NaN,-1,NaN,NaN,NaN
6.208618,10.0395,-28.17272,200.8185,0.2308767,2.989709,0.03270173,0.05449913,-0.0002302155,0.01816114,-0.9983486,0.1860566,2.97851,0.03211999,0.04843717,-0.153132,0.9870179,-1,NaN,NaN,NaN,-1,NaN,NaN,NaN
6.232544,9.262158,-30.07199,214.3326,0.4033712,2.993102,0.03309911,0.05414426,0.001252867,0.01649092,-0.9983962,0.3616568,2.983871,0.03256571,0.04101291,-0.1523192,0.98748,-1,NaN,NaN,NaN,-1,NaN,NaN,NaN
6.250488,9.33951,-30.07195,214.3323,0.4904042,2.993993,0.03317769,0.0546742,0.00236775,0.0159439,-0.9983742,0.4390194,2.983871,0.03256571,0.04101291,-0.1523192,0.98748,-1,NaN,NaN,NaN,-1,NaN,NaN,NaN
6.274292,8.910792,-29.01515,206.8128,0.664599,2.995975,0.0334203,0.05284772,0.00453829,0.01407611,-0.9984931,0.6165977,2.988556,0.03295088,0.03960816,-0.1528308,0.9874583,-1,NaN,NaN,NaN,-1,NaN,NaN,NaN
6.292358,8.988089,-29.01513,206.8126,0.7515636,2.996936,0.03346655,0.05159799,0.006083519,0.0132249,-0.9985619,0.6938996,2.988556,0.03295088,0.03960816,-0.1528308,0.9874583,-1,NaN,NaN,NaN,-1,NaN,NaN,NaN
6.31604,7.84278,-24.07643,171.672,0.9225275,2.997887,0.03360973,0.05076258,0.008735129,0.0122026,-0.998598,0.8689538,2.992186,0.03331828,0.0401025,-0.1556563,0.9869969,-1,NaN,NaN,NaN,-1,NaN,NaN,NaN
6.333984,6.716342,-20.8525,148.7325,1.007199,2.998123,0.0338173,0.05047788,0.01028351,0.01196222,-0.9986006,0.9672874,2.994764,0.03354323,0.03814677,-0.1582341,0.9866645,-1,NaN,NaN,NaN,-1,NaN,NaN,NaN
6.358032,6.864838,-20.85249,148.7325,1.17426,2.998423,0.03426868,0.05059444,0.01320516,0.01119243,-0.9985693,1.115786,2.994764,0.03354323,0.03814677,-0.1582341,0.9866645,-1,NaN,NaN,NaN,-1,NaN,NaN,NaN
6.375732,6.396759,-21.2563,151.6057,1.256244,2.998082,0.0346084,0.05160305,0.01487037,0.01058961,-0.9985008,1.211545,2.996377,0.03377104,0.03376062,-0.1579078,0.9868766,-1,NaN,NaN,NaN,-1,NaN,NaN,NaN
6.399658,6.022933,-21.00882,149.8448,1.415704,2.997297,0.03543172,0.05343954,0.01799984,0.009753868,-0.9983612,1.375785,2.997097,0.03413332,0.03061502,-0.158149,0.9869405,-1,NaN,NaN,NaN,-1,NaN,NaN,NaN
6.417725,6.091546,-21.00882,149.8448,1.492894,2.996669,0.03595252,0.05457214,0.01946967,0.009977974,-0.9982702,1.444398,2.997097,0.03413332,0.03061502,-0.158149,0.9869405,-1,NaN,NaN,NaN,-1,NaN,NaN,NaN
6.441406,5.009727,-19.58659,139.7251,1.644206,2.994262,0.03693935,0.05501677,0.02249854,0.01040963,-0.9981777,1.600826,2.996904,0.0347923,0.02408348,-0.1595498,0.9868961,-1,NaN,NaN,NaN,-1,NaN,NaN,NaN
6.459351,5.073509,-19.58658,139.725,1.715963,2.993484,0.03751238,0.05425375,0.02373267,0.01132769,-0.9981809,1.664609,2.996904,0.0347923,0.02408348,-0.1595498,0.9868961,-1,NaN,NaN,NaN,-1,NaN,NaN,NaN
6.483154,5.487662,-23.12758,164.9205,1.8553,2.991601,0.03910761,0.05375598,0.02639116,0.01220858,-0.9981306,1.809626,2.995766,0.03579831,0.02202656,-0.1564443,0.9874412,-1,NaN,NaN,NaN,-1,NaN,NaN,NaN
6.501221,5.047814,-23.73466,169.2401,1.921565,2.990561,0.03989495,0.05404444,0.02752757,0.01273383,-0.9980778,1.888695,2.993711,0.03704965,0.01843875,-0.156005,0.9875842,-1,NaN,NaN,NaN,-1,NaN,NaN,NaN
6.524902,5.161325,-23.73466,169.2401,2.049264,2.986968,0.04147351,0.05367482,0.02992994,0.01240043,-0.9980327,2.002205,2.993711,0.03704965,0.01843875,-0.156005,0.9875842,-1,NaN,NaN,NaN,-1,NaN,NaN,NaN
6.543091,4.602976,-26.6403,189.9148,2.108095,2.985737,0.04232333,0.05207205,0.0309732,0.01186832,-0.9980924,2.073606,2.991267,0.03865767,0.0131607,-0.1541777,0.9879555,-1,NaN,NaN,NaN,-1,NaN,NaN,NaN
6.566772,4.326325,-28.18697,200.92,2.221101,2.983071,0.04443894,0.05161849,0.03320876,0.01088515,-0.9980552,2.191798,2.988237,0.04049158,0.01049963,-0.1533494,0.9881163,-1,NaN,NaN,NaN,-1,NaN,NaN,NaN
6.584717,4.372296,-28.18697,200.92,2.272818,2.982026,0.04540869,0.05190999,0.03398383,0.01040751,-0.9980192,2.237769,2.988237,0.04049158,0.01049963,-0.1533494,0.9881163,-1,NaN,NaN,NaN,-1,NaN,NaN,NaN
6.608398,4.068981,-27.96618,199.3488,2.371213,2.978557,0.04730387,0.05188328,0.03546187,0.008990112,-0.9979829,2.341531,2.984893,0.04256892,0.008564336,-0.153449,0.9881194,-1,NaN,NaN,NaN,-1,NaN,NaN,NaN
6.626465,4.108561,-27.96618,199.3488,2.41574,2.976516,0.04840194,0.05097174,0.03584255,0.007868947,-0.9980257,2.381111,2.984893,0.04256892,0.008564336,-0.153449,0.9881194,-1,NaN,NaN,NaN,-1,NaN,NaN,NaN
6.650024,3.806789,-26.84103,191.3431,2.498833,2.973261,0.05058929,0.05011829,0.03611722,0.006286147,-0.9980702,2.469797,2.981591,0.04494333,0.006905465,-0.1540318,0.9880418,-1,NaN,NaN,NaN,-1,NaN,NaN,NaN
6.667969,3.405921,-28.36015,202.1521,2.53526,2.971518,0.05163914,0.05108333,0.03555443,0.005762107,-0.9980447,2.5155,2.977703,0.04741979,0.004353671,-0.153225,0.9881818,-1,NaN,NaN,NaN,-1,NaN,NaN,NaN
6.691895,3.464968,-28.36015,202.1521,2.601688,2.96707,0.0534752,0.05175641,0.03460206,0.003883503,-0.9980526,2.574547,2.977703,0.04741979,0.004353671,-0.153225,0.9881818,-1,NaN,NaN,NaN,-1,NaN,NaN,NaN
6.709717,3.042233,-24.03064,171.3461,2.629703,2.964389,0.05432966,0.05196695,0.03376037,0.003076526,-0.9980732,2.611108,2.973634,0.04984426,0.002486126,-0.155723,0.9877976,-1,NaN,NaN,NaN,-1,NaN,NaN,NaN
6.733521,3.202709,-25.99039,185.2904,2.676991,2.959019,0.05607973,0.05194417,0.0313766,0.002368584,-0.9981542,2.663097,2.969027,0.05222225,0.002878092,-0.1544593,0.987995,-1,NaN,NaN,NaN,-1,NaN,NaN,NaN
6.751587,3.217955,-25.99051,185.2912,2.69414,2.95698,0.05708568,0.05196314,0.0295223,0.002455572,-0.9982095,2.678341,2.969027,0.05222225,0.002878092,-0.1544593,0.987995,-1,NaN,NaN,NaN,-1,NaN,NaN,NaN
6.775269,-3.58089,-24.85471,177.2097,2.718305,2.953416,0.0592239,0.05256387,0.02643109,0.001365026,-0.9982669,2.708045,2.963471,0.0544703,-0.03504829,-0.155031,0.9872877,-1,NaN,NaN,NaN,-1,NaN,NaN,NaN
6.793457,-3.577929,-24.85471,177.2096,2.721635,2.951958,0.06030604,0.0529514,0.02502807,0.0003180015,-0.9982834,2.711005,2.963471,0.0544703,-0.03504829,-0.155031,0.9872877,-1,NaN,NaN,NaN,-1,NaN,NaN,NaN
6.817017,-1.490365,-19.34936,138.037,2.719619,2.948206,0.06231799,0.05286093,0.02273023,-0.002186461,-0.9983408,2.715212,2.957833,0.05671561,-0.03007524,-0.1595249,0.9867356,-1,NaN,NaN,NaN,-1,NaN,NaN,NaN
6.835327,-2.294383,-18.18757,129.7705,2.711043,2.946605,0.06332882,0.05176309,0.02178932,-0.003685921,-0.9984149,2.711067,2.953063,0.05911195,-0.03805901,-0.1607431,0.9862623,-1,NaN,NaN,NaN,-1,NaN,NaN,NaN
6.858765,-2.315413,-18.18756,129.7704,2.687381,2.944487,0.06540547,0.04983176,0.02013675,-0.007356053,-0.9985276,2.690034,2.953063,0.05911195,-0.03805901,-0.1607431,0.9862623,-1,NaN,NaN,NaN,-1,NaN,NaN,NaN
6.877197,-3.300731,-17.46411,124.6228,2.669665,2.943544,0.06644775,0.04890166,0.01970819,-0.0104142,-0.9985549,2.675131,2.948788,0.06157041,-0.0472908,-0.1615403,0.9857324,-1,NaN,NaN,NaN,-1,NaN,NaN,NaN
6.900635,-2.207798,-15.34921,109.5746,2.624782,2.941152,0.06818271,0.04592508,0.01921462,-0.01633565,-0.9986265,2.633696,2.945277,0.06405485,-0.0435646,-0.164617,0.985395,-1,NaN,NaN,NaN,-1,NaN,NaN,NaN
6.918823,-2.235107,-15.34921,109.5746,2.594059,2.939829,0.06887995,0.04346866,0.01906669,-0.01911845,-0.9986899,2.606387,2.945277,0.06405485,-0.0435646,-0.164617,0.985395,-1,NaN,NaN,NaN,-1,NaN,NaN,NaN
6.942383,-1.533084,-13.34395,95.30637,2.526916,2.93737,0.07028884,0.03879137,0.01935011,-0.02417903,-0.9987674,2.542724,2.942422,0.06641173,-0.04214536,-0.168407,0.9848162,-1,NaN,NaN,NaN,-1,NaN,NaN,NaN
6.960693,-1.568415,-13.34395,95.30637,2.487169,2.93604,0.07075006,0.03649568,0.01991097,-0.02679053,-0.9987762,2.507394,2.942422,0.06641173,-0.04214536,-0.168407,0.9848162,-1,NaN,NaN,NaN,-1,NaN,NaN,NaN
6.984009,-2.61517,-14.9072,106.4295,2.399378,2.933471,0.07145706,0.03167298,0.02103074,-0.03199141,-0.9987648,2.423049,2.93959,0.06845808,-0.04666505,-0.1653007,0.9851386,4,-5.7,-16.9762,136.4456,5,5.7,-35.23242,266.3455
7.002319,-3.343604,-14.75385,105.3383,2.348902,2.932835,0.07173134,0.02920745,0.021933,-0.03371113,-0.998764,2.369597,2.936632,0.07009709,-0.05344578,-0.1654907,0.9847621,4,-5.7,-16.73445,134.7255,5,5.7,-34.99067,264.6254
7.025879,-3.439546,-14.75385,105.3384,2.240968,2.932461,0.07221626,0.02454396,0.02378308,-0.03780125,-0.9987007,2.273657,2.936632,0.07009709,-0.05344578,-0.1654907,0.9847621,4,-5.7,-16.42296,132.5092,5,5.7,-34.67918,262.4091
7.044067,-3.702149,-14.17312,101.2062,2.18021,2.932949,0.07223415,0.02250857,0.0249294,-0.03965881,-0.9986486,2.208883,2.933774,0.07122648,-0.05753288,-0.1665037,0.9843609,4,-5.7,-16.18309,130.8024,5,5.7,-34.43931,260.7023
7.067627,-2.395723,-10.49194,75.01334,2.052122,2.934212,0.0720371,0.01774066,0.02740799,-0.04324871,-0.9985307,2.082079,2.932066,0.07195652,-0.05871312,-0.1760162,0.9826347,4,-5.7,-15.87095,128.5814,5,5.7,-34.12717,258.4813
7.085938,-2.457847,-10.49194,75.01334,1.982233,2.935162,0.07150443,0.01525268,0.02895893,-0.04472639,-0.998463,2.019956,2.932066,0.07195652,-0.05871312,-0.1760162,0.9826347,4,-5.7,-15.6295,126.8634,5,5.7,-33.88572,256.7633
7.109375,-2.784071,-10.53722,75.33549,1.83514,2.937272,0.06999241,0.009138662,0.03146522,-0.04636033,-0.9983873,1.874117,2.932051,0.07222891,-0.06081124,-0.1758373,0.9825392,4,-5.7,-15.3188,124.6526,5,5.7,-33.57502,254.5525
7.127441,-3.71999,-11.88082,84.89567,1.755832,2.939144,0.06880879,0.006516098,0.03289303,-0.04580634,-0.9983874,1.786447,2.933356,0.07159543,-0.06381769,-0.1716911,0.9830816,4,-5.7,-15.08029,122.9555,5,5.7,-33.33651,252.8554
7.151123,-3.867497,-11.88082,84.89568,1.589888,2.943387,0.06639239,0.003726335,0.03550849,-0.04433801,-0.9983785,1.638941,2.933356,0.07159543,-0.06381769,-0.1716911,0.9830816,4,-5.7,-14.76719,120.7278,5,5.7,-33.02341,250.6277
7.168945,-3.867763,-10.70021,76.49523,1.501203,2.945883,0.06503718,0.004076076,0.03715881,-0.04296466,-0.9983771,1.540859,2.936122,0.07006741,-0.06950136,-0.1752283,0.9820716,4,-5.7,-14.53121,119.0487,5,5.7,-32.78743,248.9486
7.193115,-4.709041,-14.20577,101.4385,1.318416,2.951246,0.06182384,0.00581492,0.04009676,-0.04011266,-0.9983734,1.357146,2.94044,0.06759095,-0.05890095,-0.1664849,0.9842832,4,-5.7,-14.21245,116.7806,5,5.7,-32.46867,246.6805
7.210815,-4.794021,-14.20577,101.4385,1.222814,2.953879,0.05991166,0.008079153,0.04140707,-0.03889254,-0.9983525,1.272166,2.94044,0.06759095,-0.05890095,-0.1664849,0.9842832,4,-5.7,-13.97871,115.1174,5,5.7,-32.23493,245.0173
7.234619,-7.772077,-20.79174,148.3001,1.025609,2.958461,0.05599021,0.01189878,0.04358009,-0.03678625,-0.9983016,1.073722,2.946055,0.06428456,-0.05882107,-0.1578471,0.9857101,4,-5.7,-13.66277,112.8694,5,5.7,-31.91899,242.7693
7.252686,-7.863359,-20.79175,148.3001,0.9229161,2.960896,0.05387331,0.01378428,0.04418505,-0.03618604,-0.9982726,0.9824398,2.946055,0.06428456,-0.05882107,-0.1578471,0.9857101,4,-5.7,-13.42529,111.1797,5,5.7,-31.68151,241.0795
7.276611,-12.43793,-28.63404,204.101,0.7141425,2.965399,0.04955724,0.0176389,0.04514598,-0.03484059,-0.9982169,0.7719605,2.952106,0.06021249,-0.06384879,-0.1526688,0.9862127,4,-5.7,-13.10877,108.9275,5,5.7,-31.36499,238.8273
7.294189,-12.85,-29.74878,212.6716,0.6052532,2.967365,0.0473138,0.01979247,0.04509947,-0.0344906,-0.9981908,0.6489629,2.957986,0.05551231,-0.06262854,-0.1517433,0.9864339,4,-5.7,-12.87626,107.2731,5,5.7,-31.13248,237.173
7.318237,-12.85,-29.27349,209.5819,0.3845668,2.971517,0.04305165,0.02431411,0.04505466,-0.03399789,-0.9981098,0.4527971,2.957986,0.05551231,-0.06262854,-0.1517433,0.9864339,4,-5.7,-12.55822,105.0101,5,5.7,-30.81445,234.91
7.33606,-9.313747,-23.42564,167.0412,0.2701492,2.97333,0.04091127,0.02712632,0.0446936,-0.03387176,-0.9980578,0.3235267,2.963428,0.05043197,-0.05691164,-0.1558371,0.9861419,4,-5.7,-12.32274,103.3346,5,5.7,-30.57896,233.2345
7.359863,-9.520748,-23.42562,167.0411,0.03726631,2.976987,0.03676017,0.03214691,0.04399642,-0.03356519,-0.9979501,0.1165198,2.963428,0.05043197,-0.05691164,-0.1558371,0.9861419,4,-5.7,-12.00716,101.0891,5,5.7,-30.26338,230.989
7.37793,-10.79392,-27.30289,194.6294,-0.08133326,2.97884,0.03484826,0.0344096,0.04352117,-0.03373382,-0.9978897,-0.01788625,2.96852,0.0452168,-0.05463984,-0.1534911,0.9866382,4,-5.7,-11.76912,99.39536,5,5.7,-30.02534,229.2953
7.401733,-6.897964,-17.46996,124.6643,-0.321238,2.982301,0.03113174,0.03922106,0.04262847,-0.03389749,-0.9977453,-0.2612489,2.973155,0.04015172,-0.05247905,-0.1616516,0.9854516,4,-5.7,-11.45387,97.15224,5,5.7,-29.71009,227.0521
7.4198,-7.005699,-17.46996,124.6643,-0.4424393,2.983159,0.02923376,0.04137068,0.04228038,-0.03407231,-0.9976673,-0.3689835,2.973155,0.04015172,-0.05247905,-0.1616516,0.9854516,4,-5.7,-11.21507,95.45309,5,5.7,-29.47129,225.353
7.443604,-8.520952,-21.71746,154.8869,-0.6863102,2.98585,0.02584629,0.04402752,0.04153483,-0.03458688,-0.9975672,-0.61682,2.977477,0.03538036,-0.05034243,-0.1572852,0.9862692,4,-5.7,-10.90097,93.21813,5,5.7,-29.15719,223.118
7.461548,-8.298424,-22.2491,158.6697,-0.8101013,2.987554,0.02428614,0.0459323,0.04087635,-0.0342435,-0.9975203,-0.7586902,2.981113,0.03086054,-0.0468861,-0.156895,0.9865017,4,-5.7,-10.66298,91.5248,5,5.7,-28.91921,221.4247
7.485229,-8.516347,-22.2491,158.6697,-1.055266,2.990286,0.02116534,0.0504044,0.03996831,-0.03411378,-0.9973456,-0.9766142,2.981113,0.03086054,-0.0468861,-0.156895,0.9865017,4,-5.7,-10.34943,89.29376,5,5.7,-28.60565,219.1936
7.503296,-5.914165,-14.72908,105.162,-1.176948,2.990829,0.01971059,0.05190809,0.03972879,-0.03471682,-0.9972572,-1.117085,2.984573,0.02652371,-0.04494797,-0.1659744,0.9851051,4,-5.7,-10.11183,87.60315,5,5.7,-28.36805,217.503
7.5271,-8.041251,-21.23753,151.472,-1.421173,2.992805,0.01699216,0.05371576,0.03886219,-0.03460454,-0.9971995,-1.366807,2.987727,0.02278221,-0.04347614,-0.1577991,0.9865137,4,-5.7,-9.796524,85.35962,5,5.7,-28.05275,215.2595
7.545044,-8.149461,-21.23753,151.472,-1.542907,2.993812,0.01584751,0.05509569,0.03818528,-0.03369804,-0.9971815,-1.475016,2.987727,0.02278221,-0.04347614,-0.1577991,0.9865137,4,-5.7,-9.558553,83.66637,5,5.7,-27.81478,213.5663
7.568848,-7.789437,-20.42515,145.6916,-1.783531,2.995812,0.01379575,0.05751713,0.03662985,-0.03243978,-0.9971448,-1.721496,2.990271,0.0193603,-0.04109207,-0.1585692,0.9864924,4,-5.7,-9.243958,81.42792,5,5.7,-27.50018,211.3278
7.58667,-7.894653,-20.42515,145.6917,-1.901898,2.997066,0.01290697,0.05885761,0.03580981,-0.03206708,-0.9971084,-1.826711,2.990271,0.0193603,-0.04109207,-0.1585692,0.9864924,4,-5.7,-9.009017,79.75623,5,5.7,-27.26524,209.6561
7.610596,-7.209453,-17.75912,126.7218,-2.135093,2.998911,0.01145275,0.06203986,0.03429023,-0.0312207,-0.9969957,-2.06637,2.992656,0.01634336,-0.04002504,-0.1614967,0.9860612,4,-5.7,-8.692106,77.50128,5,5.7,-26.94833,207.4012
7.62854,-10.42235,-24.03787,171.3975,-2.250155,2.999531,0.01095269,0.06326196,0.03305672,-0.02980158,-0.997004,-2.200557,2.995143,0.01386166,-0.04733405,-0.1556329,0.9866803,4,-5.7,-8.454987,75.81409,5,5.7,-26.71121,205.714
7.652588,-10.62262,-24.03787,171.3975,-2.475454,3.001339,0.0101053,0.06462223,0.0305645,-0.02760168,-0.9970597,-2.400823,2.995143,0.01386166,-0.04733405,-0.1556329,0.9866803,4,-5.7,-8.137368,73.55412,5,5.7,-26.39359,203.454
7.670166,-12.85,-30.4477,219.9195,-2.585726,3.0025,0.009886715,0.06414694,0.02886923,-0.02664476,-0.9971669,-2.53011,2.99738,0.01201451,-0.04634499,-0.1501965,0.9875693,4,-5.7,-7.904296,71.89572,5,5.7,-26.16052,201.7956
7.694214,-12.85,-33.70379,243.7343,-2.800797,3.0032,0.009357743,0.06545402,0.0256571,-0.02418546,-0.9972324,-2.751722,2.999512,0.01075101,-0.040937,-0.14879,0.9880211,4,-5.7,-7.587626,69.6425,5,5.7,-25.84385,199.5424
7.71228,-12.85,-33.36031,241.4535,-2.907112,3.002984,0.009645579,0.06452975,0.02316272,-0.02240187,-0.9973955,-2.846224,2.999512,0.01075101,-0.040937,-0.14879,0.9880211,4,-5.7,-7.347498,67.9339,5,5.7,-25.60372,197.8338
7.735962,-12.85,-35.24551,253.8583,-3.113542,3.003546,0.009906922,0.06404623,0.01900909,-0.02056256,-0.9975539,-3.059113,3.001325,0.01014519,-0.03811168,-0.1488784,0.9881208,4,-5.7,-7.034626,65.7077,5,5.7,-25.29085,195.6076
7.75415,-12.85,-34.89557,251.5357,-3.214322,3.003251,0.01023567,0.06491826,0.01646678,-0.02035714,-0.997547,-3.148695,3.001325,0.01014519,-0.03811168,-0.1488784,0.9881208,4,-5.7,-6.794281,63.99756,5,5.7,-25.05051,193.8975
7.77771,-12.05805,-31.00807,220.9933,-3.411215,3.002554,0.01089663,0.06566529,0.01183902,-0.02058608,-0.9975591,-3.352202,3.002147,0.009920597,-0.03890798,-0.1519978,0.9876148,4,-5.7,-6.48366,61.78737,5,5.7,-24.73989,191.6873
7.795898,-7.828071,-20.58294,146.8144,-3.506312,3.001978,0.01129422,0.06551524,0.009582505,-0.02139509,-0.9975761,-3.464257,3.002258,0.01022673,-0.02933641,-0.1585552,0.9869142,4,-5.7,-6.243279,60.07697,5,5.7,-24.4995,189.9769
7.819458,-7.993983,-20.58295,146.8145,-3.692959,3.000801,0.01213789,0.06467164,0.004757911,-0.02242668,-0.9976433,-3.630166,3.002258,0.01022673,-0.02933641,-0.1585552,0.9869142,4,-5.7,-5.93029,57.84994,5,5.7,-24.18652,187.7498
7.837524,-7.695453,-21.2852,151.8112,-3.782433,3.00023,0.01256551,0.06379115,0.002291001,-0.02303338,-0.9976948,-3.736143,3.001629,0.01091075,-0.02574626,-0.1579303,0.9871145,4,-5.7,-5.691628,56.15177,5,5.7,-23.94785,186.0517
7.861206,-6.301549,-20.17014,143.8772,-3.956481,2.998984,0.01364926,0.06205351,-0.002535395,-0.02436646,-0.9977722,-3.916141,3.000456,0.01178861,-0.01636767,-0.1589871,0.987145,4,-5.7,-5.378446,53.92336,5,5.7,-23.63467,183.8233
7.879517,-6.375154,-20.17014,143.8772,-4.039287,2.998186,0.01414234,0.0612391,-0.004987627,-0.0249086,-0.9977998,-3.989746,3.000456,0.01178861,-0.01636767,-0.1589871,0.987145,4,-5.7,-5.136786,52.20386,5,5.7,-23.39301,182.1038
7.903076,-6.468759,-23.39227,166.8038,-4.200221,2.9967,0.0152438,0.05937561,-0.009714215,-0.02650966,-0.9978364,-4.156899,2.999002,0.01292861,-0.01368921,-0.1562707,0.9876194,4,-5.7,-4.825656,49.99006,5,5.7,-23.08188,179.89
7.921753,-6.536063,-23.39227,166.8038,-4.275938,2.99598,0.01579348,0.05857787,-0.01162107,-0.02754995,-0.997835,-4.224204,2.999002,0.01292861,-0.01368921,-0.1562707,0.9876194,4,-5.7,-4.578328,48.23022,5,5.7,-22.83455,178.1301
7.944702,-7.066371,-28.43052,202.6531,-4.422734,2.994463,0.01689062,0.05660937,-0.01550046,-0.02862733,-0.9978656,-4.377472,2.997343,0.014184,-0.01311151,-0.1532475,0.9881009,4,-5.7,-4.275054,46.07232,5,5.7,-22.53128,175.9722
7.963013,-6.688051,-21.61755,154.1761,-4.491747,2.993653,0.01745971,0.05586261,-0.01710839,-0.02871784,-0.9978788,-4.460166,2.99546,0.01545084,-0.0142695,-0.1576454,0.9873927,4,-5.7,-4.033726,44.35518,5,5.7,-22.28995,174.2551
7.98645,-6.804998,-21.61756,154.1761,-4.623311,2.992094,0.01872848,0.05531899,-0.02019222,-0.02888195,-0.9978467,-4.577112,2.99546,0.01545084,-0.0142695,-0.1576454,0.9873927,4,-5.7,-3.722714,42.14222,5,5.7,-21.97894,172.0421
8.004517,-5.584891,-17.84752,127.3509,-4.684143,2.990699,0.01942547,0.05536515,-0.02148107,-0.02862119,-0.9978247,-4.651042,2.993654,0.01678419,-0.007237341,-0.1615197,0.9868429,4,-5.7,-3.483881,40.44283,5,5.7,-21.7401,170.3427
8.028198,-5.06874,-14.89223,106.3228,-4.8007,2.988776,0.02083953,0.05525001,-0.02375956,-0.02788377,-0.9978003,-4.772911,2.991743,0.01824045,-0.00274425,-0.1659013,0.9861386,4,-5.7,-3.170413,38.21238,5,5.7,-21.42664,168.1123
8.046509,-5.116982,-14.89223,106.3229,-4.854972,2.987636,0.02162494,0.05551657,-0.02482414,-0.02689897,-0.9977867,-4.821153,2.991743,0.01824045,-0.00274425,-0.1659013,0.9861386,4,-5.7,-2.9291,36.49535,5,5.7,-21.18532,166.3953
8.070068,-5.67177,-14.30951,102.1766,-4.956911,2.985618,0.02324607,0.05530549,-0.0263509,-0.02589472,-0.9977857,-4.928446,2.989455,0.01983964,-0.00717397,-0.1669562,0.9859383,4,-5.7,-2.617508,34.27826,5,5.7,-20.87373,164.1782
8.088623,-5.713639,-14.30951,102.1766,-5.004013,2.984311,0.02416639,0.05539783,-0.02687638,-0.02493927,-0.9977909,-4.970315,2.989455,0.01983964,-0.00717397,-0.1669562,0.9859383,4,-5.7,-2.371781,32.52982,5,5.7,-20.628,162.4297
8.111816,-5.489982,-13.51599,96.53039,-5.091008,2.981425,0.02611386,0.05550896,-0.02748715,-0.02331352,-0.9978075,-5.062828,2.987077,0.02160859,-0.004362674,-0.1685524,0.985683,4,-5.7,-2.065868,30.35314,5,5.7,-20.32209,160.2531
8.130005,-5.667149,-11.84053,84.60887,-5.129933,2.979802,0.02720962,0.05566437,-0.02730421,-0.02283963,-0.9978148,-5.110995,2.984305,0.02358222,-0.006476186,-0.1726299,0.9849655,4,-5.7,-1.824646,28.63676,5,5.7,-20.08087,158.5367
8.153809,-5.729902,-11.84053,84.60887,-5.200531,2.976525,0.02944891,0.05606085,-0.02644205,-0.02234851,-0.997827,-5.173749,2.984305,0.02358222,-0.006476186,-0.1726299,0.9849655,4,-5.7,-1.510165,26.39911,5,5.7,-19.76639,156.299
8.171509,-5.960865,-11.84294,84.62602,-5.229975,2.974698,0.03063543,0.05607813,-0.02542845,-0.02230978,-0.9978532,-5.211882,2.981032,0.02584362,-0.008719996,-0.1725877,0.9849555,4,-5.7,-1.275935,24.73248,5,5.7,-19.53216,154.6324
8.195557,-6.145306,-11.96186,85.47218,-5.280939,2.9707,0.03303148,0.05523068,-0.02343651,-0.02177433,-0.997961,-5.267395,2.977246,0.02849507,-0.01012066,-0.17222,0.9850065,4,-5.7,-0.9585907,22.47445,5,5.7,-19.21481,152.3744
8.213379,-6.161842,-11.96186,85.47218,-5.299542,2.968518,0.03417729,0.05415621,-0.02222831,-0.02094968,-0.9980652,-5.283931,2.977246,0.02849507,-0.01012066,-0.17222,0.9850065,4,-5.7,-0.7222931,20.79311,5,5.7,-18.97852,150.693
8.237061,-6.185539,-11.01133,78.70881,-5.328606,2.963795,0.03638544,0.05283659,-0.01959628,-0.01953389,-0.9982198,-5.31809,2.972938,0.03130519,-0.01085457,-0.1749885,0.9845107,4,-5.7,-0.409274,18.56586,5,5.7,-18.6655,148.4658
8.255615,-6.192029,-11.01133,78.70881,-5.335907,2.9614,0.03748073,0.05238068,-0.01787241,-0.01872913,-0.9982916,-5.32458,2.972938,0.03130519,-0.01085457,-0.1749885,0.9845107,4,-5.7,-0.1651483,16.82882,5,5.7,-18.42137,146.7287
8.278931,-5.717307,-10.13545,72.47661,-5.341898,2.956351,0.0395766,0.05195386,-0.01457848,-0.01599746,-0.998415,-5.336132,2.968038,0.03397548,-0.005177646,-0.1779902,0.9840186,4,-5.7,0.1445599,14.62513,5,5.7,-18.11166,144.525
8.296997,-5.662194,-8.996896,64.37537,-5.336737,2.953591,0.04050237,0.05172376,-0.01298139,-0.01371056,-0.9984829,-5.335399,2.962559,0.03662312,-0.004993653,-0.1827499,0.9831468,4,-5.7,0.381973,12.93585,5,5.7,-17.87425,142.8358
8.320801,-5.645795,-8.996899,64.3754,-5.318288,2.947672,0.04225858,0.05115814,-0.01042615,-0.008766475,-0.9985977,-5.319,2.962559,0.03662312,-0.004993653,-0.1827499,0.9831468,4,-5.7,0.6980426,10.68689,5,5.7,-17.55818,140.5868
8.338623,-6.049771,-7.822163,56.01672,-5.299961,2.944473,0.04305554,0.05087087,-0.009496789,-0.006094425,-0.9986415,-5.304174,2.956703,0.03914917,-0.01307813,-0.1890672,0.9818771,4,-5.7,0.9328694,9.016016,5,5.7,-17.32335,138.9159
8.362305,-6.244668,-7.577184,54.27361,-5.255018,2.938478,0.044755,0.05058808,-0.008130118,-0.001675933,-0.9986851,-5.263023,2.95,0.04140413,-0.01776625,-0.1905262,0.9815214,4,-5.7,1.246162,6.786824,5,5.7,-17.01006,136.6867
8.380249,-6.217268,-7.577184,54.27361,-5.224193,2.93583,0.04559023,0.05083574,-0.008038857,0.0002237871,-0.9986747,-5.235623,2.95,0.04140413,-0.01776625,-0.1905262,0.9815214,4,-5.7,1.484022,5.094358,5,5.7,-16.7722,134.9943
8.404175,-5.767533,-7.432178,53.24184,-5.152359,2.930753,0.04727976,0.05081389,-0.00820493,0.004230432,-0.9986655,-5.167861,2.942817,0.04346907,-0.01106322,-0.1914067,0.9814485,4,-5.7,1.799079,2.852613,5,5.7,-16.45715,132.7525
8.422607,-5.727869,-7.43218,53.24186,-5.107737,2.928455,0.04818784,0.05030277,-0.008910611,0.005989981,-0.9986763,-5.128197,2.942817,0.04346907,-0.01106322,-0.1914067,0.9814485,4,-5.7,2.043504,1.113441,5,5.7,-16.21272,131.0134
8.445923,-5.751669,-6.658999,47.74038,-5.009723,2.92377,0.04983913,0.04905289,-0.009986456,0.009709268,-0.9986991,-5.034376,2.935877,0.04557312,-0.0147422,-0.1971997,0.9802525,5,5.7,-15.90448,128.8201,6,-0.7,-33.997,257.5552
8.463867,-5.768137,-6.533275,46.84581,-4.9526,2.921848,0.05055089,0.04818724,-0.01055595,0.01173795,-0.9987136,-4.974107,2.929527,0.04779279,-0.01662824,-0.1981666,0.9800273,5,5.7,-15.66687,127.1295,6,-0.7,-33.75939,255.8645
8.488037,-5.658846,-6.533274,46.84581,-4.829648,2.918972,0.05206536,0.04806092,-0.01130536,0.01566118,-0.9986577,-4.864817,2.929527,0.04779279,-0.01662824,-0.1981666,0.9800273,5,5.7,-15.34848,124.864,6,-0.7,-33.44099,253.599
8.505737,-5.490872,-6.545741,46.93451,-4.760468,2.917613,0.05287677,0.04955905,-0.0114723,0.01741977,-0.9985535,-4.790983,2.924099,0.04959595,-0.01463073,-0.1979612,0.9801007,5,5.7,-15.11324,123.1902,6,-0.7,-33.20576,251.9252
8.529785,1.172934,-14.02951,100.1844,-4.613109,2.914834,0.0543729,0.0518606,-0.01138109,0.02047459,-0.9983796,-4.645001,2.919724,0.0513767,0.05719341,-0.16662,0.9843611,5,5.7,-14.79646,120.9362,6,-0.7,-32.88898,249.6712
8.547485,1.244605,-14.02951,100.1844,-4.532478,2.9141,0.0553466,0.05301221,-0.01089188,0.02155647,-0.9983017,-4.57333,2.919724,0.0513767,0.05719341,-0.16662,0.9843611,5,5.7,-14.5622,119.2693,6,-0.7,-32.65471,248.0043
8.571289,12.85,-31.36502,227.2287,-4.36196,2.913862,0.05763468,0.05579083,-0.009883001,0.0238788,-0.998108,-4.404234,2.916214,0.05328524,0.07488997,-0.1487937,0.9860284,5,5.7,-14.24725,117.0283,6,-0.7,-32.33977,245.7634
8.589844,12.85,-31.20012,226.136,-4.268582,2.914672,0.05899463,0.05752053,-0.009114099,0.02528475,-0.9979825,-4.321231,2.916214,0.05328524,0.07488997,-0.1487937,0.9860284,5,5.7,-14.0018,115.2818,6,-0.7,-32.09431,244.0169
8.613159,NaN,NaN,NaN,-4.076147,2.91686,0.06191938,0.05974184,-0.007894181,0.02919549,-0.9977556,-4.130048,2.913825,0.05540121,0.0807735,-0.1445398,0.9861967,5,5.7,-13.69347,113.088,6,-0.7,-31.78599,241.8231
8.631104,NaN,NaN,NaN,-3.972865,2.918957,0.06369172,0.060296,-0.007269926,0.03186244,-0.9976454,-4.015531,2.913479,0.05801618,0.07743935,-0.142574,0.9867501,5,5.7,-13.45656,111.4023,6,-0.7,-31.54908,240.1374
8.655151,NaN,NaN,NaN,-3.760703,2.923888,0.06723605,0.06082107,-0.006510624,0.03647362,-0.9974609,-3.826942,2.913479,0.05801618,0.07743935,-0.142574,0.9867501,5,5.7,-13.13741,109.1314,6,-0.7,-31.22993,237.8665
8.672974,NaN,NaN,NaN,-3.648847,2.926883,0.06904455,0.05955185,-0.006576122,0.03850766,-0.9974606,-3.702484,2.915534,0.06135964,0.08243597,-0.1449217,0.986003,5,5.7,-12.90259,107.4606,6,-0.7,-30.99511,236.1956
8.696655,21.10997,-41.2367,293.7738,-3.421555,2.932697,0.07220031,0.05519578,-0.007586725,0.04240983,-0.9975457,-3.473187,2.920239,0.06560063,0.08248698,-0.1481654,0.9855166,5,5.7,-12.58915,105.2303,6,-0.7,-30.68167,233.9654
8.714966,21.21573,-41.23675,293.7742,-3.302602,2.935761,0.0735637,0.05139665,-0.008716252,0.04339157,-0.9976972,-3.367451,2.920239,0.06560063,0.08248698,-0.1481654,0.9855166,5,5.7,-12.34752,103.511,6,-0.7,-30.44004,232.2461
8.738281,12.03393,-25.95223,185.0192,-3.061112,2.942107,0.07601755,0.04424264,-0.01116767,0.04417826,-0.9979811,-3.123823,2.926413,0.06950819,0.0807107,-0.1537706,0.9848047,5,5.7,-12.03864,101.3132,6,-0.7,-30.13116,230.0483
8.756958,12.14475,-25.95221,185.0191,-2.936425,2.945453,0.07699,0.04019127,-0.01282913,0.04274049,-0.998195,-3.012989,2.926413,0.06950819,0.0807107,-0.1537706,0.9848047,5,5.7,-11.79139,99.55398,6,-0.7,-29.88391,228.289
8.780151,12.85,-26.12598,188.0293,-2.682996,2.952615,0.07880645,0.03401969,-0.01559322,0.03891902,-0.9985414,-2.757121,2.933468,0.07304072,0.08178601,-0.1522803,0.9849476,5,5.7,-11.48611,97.38182,6,-0.7,-29.57863,226.1169
8.798096,8.902209,-18.69437,133.3768,-2.552389,2.956325,0.07967269,0.032731,-0.01670537,0.03591143,-0.9986792,-2.608918,2.941093,0.07606435,0.08493114,-0.1596303,0.9835166,5,5.7,-11.24765,95.6851,6,-0.7,-29.34017,224.4202
8.822388,9.135354,-18.69437,133.3768,-2.290106,2.963948,0.08104334,0.03139473,-0.01831083,0.03085404,-0.9988629,-2.375778,2.941093,0.07606435,0.08493114,-0.1596303,0.9835166,5,5.7,-10.92667,93.40115,6,-0.7,-29.01919,222.1362
8.839844,12.85,-24.08317,173.7923,-2.156623,2.967578,0.08152466,0.03185194,-0.01860503,0.02878889,-0.9989046,-2.2237,2.94938,0.07850206,0.08542781,-0.1532027,0.9844953,5,5.7,-10.69615,91.7609,6,-0.7,-28.78866,220.496
8.863647,12.85,-22.01331,158.9781,-1.887131,2.974992,0.08252317,0.03151897,-0.01863591,0.02456038,-0.9990276,-1.949748,2.958204,0.08033431,0.09162375,-0.1545962,0.98372,5,5.7,-10.38215,89.52669,6,-0.7,-28.47466,218.2618
8.881592,12.85,-21.80696,157.665,-1.749546,2.978504,0.08295636,0.03231576,-0.01802466,0.02263716,-0.9990588,-1.827449,2.958204,0.08033431,0.09162375,-0.1545962,0.98372,5,5.7,-10.14467,87.83695,6,-0.7,-28.23719,216.572
8.905396,20.2178,-32.56356,232.0612,-1.471329,2.984446,0.08364521,0.03414064,-0.01695945,0.01933125,-0.9990861,-1.544886,2.967121,0.08174825,0.09233543,-0.1507507,0.9842502,5,5.7,-9.829481,85.59425,6,-0.7,-27.922,214.3293
8.924194,20.34354,-32.56356,232.0612,-1.329875,2.98679,0.08388745,0.03474829,-0.01604363,0.01802185,-0.9991048,-1.419149,2.967121,0.08174825,0.09233543,-0.1507507,0.9842502,5,5.7,-9.581825,83.83209,6,-0.7,-27.67434,212.5672
8.947144,24.14321,-37.54021,267.472,-1.046548,2.990762,0.08427235,0.03522573,-0.01421674,0.01508993,-0.9991643,-1.131001,2.975683,0.08285999,0.09304996,-0.1491641,0.9844247,5,5.7,-9.277047,81.66348,6,-0.7,-27.36956,210.3986
8.96521,12.85,-22.16641,159.4055,-0.9021969,2.992241,0.08445407,0.03495503,-0.01318999,0.01336462,-0.9992124,-0.9658453,2.982852,0.08369482,0.08534352,-0.1553525,0.9841657,5,5.7,-9.039539,79.97353,6,-0.7,-27.13205,208.7086
8.989624,12.85,-21.69869,156.4424,-0.6131366,2.994774,0.08488069,0.03474504,-0.01110595,0.009842746,-0.9992861,-0.7089028,2.982852,0.08369482,0.08534352,-0.1553525,0.9841657,5,5.7,-8.715642,77.66888,6,-0.7,-26.80816,206.404
9.006958,12.85,-22.27669,161.4811,-0.4671461,2.99566,0.08507788,0.03487109,-0.0101414,0.008739003,-0.9993022,-0.5416207,2.988281,0.08428442,0.08170093,-0.154139,0.9846655,5,5.7,-8.487084,76.0426,6,-0.7,-26.5796,204.7777
9.030884,12.85,-23.22023,168.5911,-0.1721089,2.996032,0.08526473,0.03494328,-0.008141577,0.006366269,-0.9993359,-0.2411362,2.99205,0.08469379,0.07654083,-0.1532571,0.9852176,5,5.7,-8.171083,73.79414,6,-0.7,-26.2636,202.5293
9.048706,12.85,-22.95587,166.8916,-0.02357206,2.99626,0.08542059,0.03463772,-0.007166095,0.005326649,-0.9993601,-0.1091034,2.99205,0.08469379,0.07654083,-0.1532571,0.9852176,5,5.7,-7.93542,72.11731,6,-0.7,-26.02794,200.8524
9.072754,12.85,-22.67009,165.1992,0.2717284,2.995888,0.08598717,0.0351862,-0.005236268,0.002987768,-0.9993626,0.1922601,2.99413,0.08496416,0.07553449,-0.1531501,0.9853119,5,5.7,-7.616415,69.84747,6,-0.7,-25.70893,198.5826
9.091187,12.85,-22.40312,163.4816,0.4198582,2.996403,0.08661088,0.03496094,-0.004296891,0.001762275,-0.9993779,0.3239311,2.99413,0.08496416,0.07553449,-0.1531501,0.9853119,5,5.7,-7.3727,68.11335,6,-0.7,-25.46522,196.8484
9.114624,11.17963,-19.59504,139.7855,0.7163526,2.996808,0.08780706,0.03604599,-0.001800083,-0.00132515,-0.9993477,0.6265526,2.995036,0.08547723,0.07436579,-0.1591886,0.9844434,5,5.7,-7.063635,65.91424,6,-0.7,-25.15615,194.6493
9.132324,11.46935,-20.40705,145.5633,0.8638723,2.996669,0.0885673,0.03654112,-0.0005873293,-0.002556722,-0.9993287,0.796977,2.995377,0.08629763,0.0722408,-0.15841,0.9847271,5,5.7,-6.828979,64.24458,6,-0.7,-24.9215,192.9797
9.156616,11.72995,-20.40706,145.5634,1.157044,2.997216,0.09017792,0.03694369,0.001729712,-0.004265587,-0.9993068,1.057574,2.995377,0.08629763,0.0722408,-0.15841,0.9847271,5,5.7,-6.508063,61.96114,6,-0.7,-24.60058,190.6962
9.174072,12.85,-21.41498,156.2382,1.302816,2.99702,0.09123488,0.03748637,0.002751902,-0.004859929,-0.9992815,1.226475,2.99573,0.08760083,0.07334662,-0.1540361,0.9853391,5,5.7,-6.278013,60.32425,6,-0.7,-24.37053,189.0594
9.197876,16.59078,-30.22085,215.392,1.597083,2.996498,0.09315263,0.0389256,0.005687892,-0.008468367,-0.9991901,1.527246,2.995966,0.08933449,0.06898162,-0.1521124,0.985953,5,5.7,-5.961864,58.07473,6,-0.7,-24.05438,186.8098
9.21582,16.72062,-30.22085,215.3921,1.743154,2.99596,0.09438136,0.03836722,0.00716769,-0.01079646,-0.9991797,1.657088,2.995966,0.08933449,0.06898162,-0.1521124,0.985953,5,5.7,-5.725787,56.39496,6,-0.7,-23.8183,185.1301
9.239624,12.17654,-23.49535,167.5376,2.033415,2.995847,0.09670921,0.03852022,0.009886467,-0.01328538,-0.9991207,1.95419,2.995835,0.09146607,0.06018926,-0.1559803,0.9859247,5,5.7,-5.410933,54.15466,6,-0.7,-23.50345,182.8898
9.258057,12.30596,-23.49535,167.5377,2.179014,2.994796,0.09813258,0.03940573,0.01130161,-0.01428499,-0.9990572,2.083611,2.995835,0.09146607,0.06018926,-0.1559803,0.9859247,5,5.7,-5.166965,52.41873,6,-0.7,-23.25948,181.1538
9.281372,10.85342,-21.19219,151.1498,2.469922,2.99261,0.1008487,0.03861699,0.01418129,-0.01688988,-0.9990107,2.381145,2.995313,0.09397078,0.05529681,-0.1578669,0.9859109,5,5.7,-4.857844,50.21923,6,-0.7,-22.95036,178.9543
9.299194,11.74441,-21.23557,151.4585,2.613869,2.99268,0.1021486,0.03801367,0.01497994,-0.01701532,-0.99902,2.547887,2.994099,0.09689879,0.0598871,-0.1577819,0.9856563,5,5.7,-4.62329,48.55029,6,-0.7,-22.71581,177.2854
9.323608,12.00091,-21.23559,151.4586,2.902421,2.990935,0.1053108,0.03777643,0.016707,-0.01845125,-0.9989762,2.804379,2.994099,0.09689879,0.0598871,-0.1577819,0.9856563,5,5.7,-4.3006,46.25423,6,-0.7,-22.39312,174.9893
9.34082,10.52791,-18.70118,133.4254,3.046394,2.990148,0.1067259,0.03697582,0.01695957,-0.01885971,-0.9989942,2.970985,2.992553,0.1000059,0.05585719,-0.1603499,0.9854785,5,5.7,-4.071987,44.62756,6,-0.7,-22.1645,173.3627
9.364868,9.998401,-17.83163,127.2382,3.330765,2.988913,0.109934,0.03559855,0.01756276,-0.02019648,-0.9990078,3.262234,2.990893,0.1034048,0.05221643,-0.161409,0.9855052,5,5.7,-3.754834,42.3709,6,-0.7,-21.84735,171.106
9.38269,10.1238,-17.83163,127.2382,3.471836,2.988325,0.1117823,0.03520274,0.01766621,-0.02075833,-0.9990084,3.387631,2.990893,0.1034048,0.05221643,-0.161409,0.9855052,5,5.7,-3.518285,40.68776,6,-0.7,-21.6108,169.4229
9.406738,8.8241,-14.16503,101.149,3.750017,2.987475,0.1158706,0.03454524,0.01787713,-0.02171206,-0.9990073,3.673138,2.989288,0.1072023,0.05019597,-0.1671684,0.9846497,5,5.7,-3.200982,38.43003,6,-0.7,-21.2935,167.1651
9.424683,8.946497,-14.16503,101.149,3.887714,2.987145,0.1179099,0.03527382,0.01788446,-0.02217295,-0.9989716,3.795535,2.989288,0.1072023,0.05019597,-0.1671684,0.9846497,5,5.7,-2.963199,36.73812,6,-0.7,-21.05572,165.4732
9.448486,9.801925,-16.49129,117.7012,4.160017,2.985923,0.1220752,0.03596817,0.01809766,-0.02415278,-0.9988972,4.075359,2.987855,0.1114011,0.0479894,-0.163238,0.9854189,5,5.7,-2.649777,34.50801,6,-0.7,-20.7423,163.2431
9.466187,8.928212,-15.19231,108.4585,4.293834,2.98505,0.1242614,0.03572651,0.01830196,-0.02477584,-0.9988868,4.231427,2.986548,0.1158496,0.04271453,-0.1653262,0.9853135,5,5.7,-2.415732,32.84269,6,-0.7,-20.50825,161.5778
9.490845,9.162356,-15.19231,108.4585,4.557245,2.983358,0.1288089,0.03575064,0.01855504,-0.02520083,-0.9988706,4.46557,2.986548,0.1158496,0.04271453,-0.1653262,0.9853135,5,5.7,-2.08926,30.51972,6,-0.7,-20.18178,159.2548
9.507935,9.40104,-15.50214,110.663,4.686375,2.982319,0.1314096,0.03606938,0.01876511,-0.02536285,-0.9988512,4.616793,2.985169,0.1207063,0.04264806,-0.1648009,0.9854044,5,5.7,-1.863064,28.91026,6,-0.7,-19.95558,157.6454
9.531982,8.920033,-15.32097,109.3739,4.93862,2.980302,0.1363784,0.03663922,0.01913054,-0.02551838,-0.9988195,4.876559,2.983393,0.1261982,0.03647882,-0.1651358,0.985596,5,5.7,-1.546002,26.65424,6,-0.7,-19.63852,155.3894
9.549683,9.029573,-15.32097,109.3739,5.061853,2.979126,0.1388159,0.03705029,0.0194706,-0.02562466,-0.9987951,4.9861,2.983393,0.1261982,0.03647882,-0.1651358,0.985596,5,5.7,-1.31153,24.98589,6,-0.7,-19.40405,153.721
9.57373,8.232156,-12.64511,90.33418,5.302423,2.975954,0.1434622,0.03822151,0.02030833,-0.026351,-0.9987153,5.234564,2.981213,0.1318275,0.03272658,-0.1706024,0.9847963,5,5.7,-0.9939064,22.72588,6,-0.7,-19.08642,151.461
9.591797,8.33368,-12.64512,90.33424,5.416636,2.974299,0.1457179,0.0382707,0.02076402,-0.02606914,-0.9987115,5.336087,2.981213,0.1318275,0.03272658,-0.1706024,0.9847963,5,5.7,-0.7539358,21.0184,6,-0.7,-18.84645,149.7535
9.615479,8.480894,-13.31605,95.10817,5.638616,2.971404,0.1502524,0.03814159,0.0219344,-0.02541374,-0.9987083,5.56688,2.978542,0.1375445,0.03022756,-0.1690268,0.9851478,5,5.7,-0.4416583,18.79643,6,-0.7,-18.53418,147.5316
9.633545,8.49788,-13.6404,97.41603,5.743098,2.969805,0.1524449,0.03826089,0.02256016,-0.0250026,-0.9987001,5.691748,2.975186,0.1432309,0.02842469,-0.1683075,0.9853246,5,5.7,-0.2024149,17.09412,6,-0.7,-18.29493,145.8293
9.657349,8.676316,-13.64039,97.41599,5.943839,2.966218,0.1562633,0.03822709,0.02403073,-0.02431474,-0.9986841,5.870184,2.975186,0.1432309,0.02842469,-0.1683075,0.9853246,5,5.7,0.1115683,14.86002,6,-0.7,-17.98095,143.5952
9.675171,8.983821,-16.2511,115.9922,6.037195,2.963967,0.157755,0.03739383,0.02501725,-0.02388631,-0.9987019,5.983321,2.971612,0.1488866,0.0255436,-0.1636453,0.9861885,5,5.7,0.3474266,13.1818,6,-0.7,-17.74509,141.9169
9.698975,2.629969,-14.2623,101.8411,6.211615,2.959349,0.160286,0.03521593,0.02708482,-0.02300168,-0.9987479,6.166459,2.967551,0.1537478,-0.0342692,-0.1669602,0.9853679,5,5.7,0.6633641,10.93379,6,-0.7,-17.42915,139.6689
9.717041,2.699349,-14.2623,101.8411,6.289666,2.95697,0.1612066,0.03399826,0.02837694,-0.02162849,-0.9987848,6.235838,2.967551,0.1537478,-0.0342692,-0.1669602,0.9853679,5,5.7,0.9009804,9.243057,6,-0.7,-17.19154,137.9782
9.740723,0.4759627,-15.98839,114.1229,6.435073,2.95189,0.1627676,0.0327113,0.03090633,-0.0194178,-0.9987982,6.390703,2.962728,0.1577134,-0.05112958,-0.1638216,0.9851641,5,5.7,1.215346,7.006232,6,-0.7,-16.87717,135.7413
9.758911,0.5318743,-15.9884,114.1229,6.497978,2.949205,0.1633509,0.0326546,0.03217923,-0.01845224,-0.9987782,6.446619,2.962728,0.1577134,-0.05112958,-0.1638216,0.9851641,5,5.7,1.45504,5.300716,6,-0.7,-16.63748,134.0358
9.782593,-0.1067686,-15.9577,113.9045,6.61256,2.944042,0.1639387,0.03172064,0.0346877,-0.01670166,-0.998755,6.571116,2.957237,0.1607578,-0.05781771,-0.1637671,0.9848033,5,5.7,1.767725,3.075852,6,-0.7,-16.32479,131.811
9.800537,-0.04051161,-14.34287,102.4144,6.66017,2.941746,0.164102,0.03119688,0.03573588,-0.01580142,-0.9987493,6.633085,2.951264,0.1627706,-0.06421962,-0.1664204,0.9839614,5,5.7,2.005519,1.383855,6,-0.7,-16.087,130.119
9.824341,0.03169203,-14.34286,102.4143,6.741393,2.937452,0.1642953,0.03115254,0.03681048,-0.01255661,-0.9987577,6.705284,2.951264,0.1627706,-0.06421962,-0.1664204,0.9839614,6,-0.7,-15.77166,127.8752,7,5.7,-33.86415,256.6099
9.842407,-0.05718947,-13.1136,93.66769,6.770812,2.935791,0.1644031,0.03220152,0.03684996,-0.01102242,-0.998741,6.747938,2.94518,0.1638349,-0.0715451,-0.1688326,0.9830447,6,-0.7,-15.53412,126.1851,7,5.7,-33.62662,254.9197
9.866089,0.0865369,-12.99439,92.81952,6.819281,2.932534,0.1645602,0.0345694,0.03752526,-0.01037122,-0.9986437,6.804016,2.939573,0.1643643,-0.07126924,-0.1690518,0.983027,6,-0.7,-15.2197,123.9478,7,5.7,-33.31219,252.6825
9.884399,0.09842445,-12.99438,92.81943,6.832646,2.930777,0.164619,0.0358543,0.03765692,-0.01047122,-0.9985924,6.815897,2.939573,0.1643643,-0.07126924,-0.1690518,0.983027,6,-0.7,-14.97843,122.2311,7,5.7,-33.07093,250.9658
9.907837,-1.694181,-15.78621,112.6844,6.846406,2.927459,0.1641989,0.03777691,0.03703123,-0.008145371,-0.9985666,6.837528,2.934873,0.164883,-0.07458774,-0.1636675,0.9836919,6,-0.7,-14.66783,120.0211,7,5.7,-32.76033,248.7558
9.926025,-1.696905,-15.78621,112.6844,6.843341,2.925946,0.1639778,0.03902484,0.03622749,-0.007016372,-0.9985567,6.834805,2.934873,0.164883,-0.07458774,-0.1636675,0.9836919,6,-0.7,-14.42847,118.3179,7,5.7,-32.52096,247.0526
9.949707,-3.517113,-19.16652,136.7364,6.826365,2.92279,0.1635097,0.04164393,0.03537574,-0.006986982,-0.9984816,6.825622,2.930705,0.1647618,-0.07455094,-0.1592779,0.9844149,6,-0.7,-14.11481,116.0861,7,5.7,-32.20729,244.8208
9.967773,-3.315751,-18.86109,134.5632,6.806535,2.921287,0.1631094,0.04237328,0.03507505,-0.007589639,-0.9984572,6.810375,2.926797,0.164389,-0.07416809,-0.1595838,0.9843943,6,-0.7,-13.87564,114.3843,7,5.7,-31.96813,243.119
9.991577,-3.360665,-18.86109,134.5632,6.756005,2.918281,0.1621055,0.04275561,0.03481419,-0.008645236,-0.9984415,6.76546,2.926797,0.164389,-0.07416809,-0.1595838,0.9843943,6,-0.7,-13.56107,112.146,7,5.7,-31.65356,240.8807
10.00928,-6.496106,-24.78338,176.7023,6.720648,2.917029,0.1615023,0.04251807,0.03460247,-0.008969987,-0.998456,6.732967,2.922983,0.1638256,-0.07382771,-0.1546214,0.9852115,6,-0.7,-13.32696,110.4803,7,5.7,-31.41945,239.215
10.03333,-6.924807,-24.52935,174.8948,6.637325,2.914865,0.1601843,0.0427071,0.03440022,-0.009898839,-0.9984462,6.654338,2.91933,0.1629088,-0.07654741,-0.1547319,0.9849866,6,-0.7,-13.00899,108.2178,7,5.7,-31.10148,236.9525
10.05127,-6.97079,-24.52939,174.895,6.585614,2.914091,0.1594,0.04276566,0.0345712,-0.01063655,-0.9984303,6.608373,2.91933,0.1629088,-0.07654741,-0.1547319,0.9849866,6,-0.7,-12.77203,106.5317,7,5.7,-30.86452,235.2664
10.07507,-11.82522,-33.55864,239.1415,6.469823,2.913171,0.1578475,0.04279299,0.03473381,-0.0114778,-0.998414,6.497374,2.916176,0.1616275,-0.07557552,-0.1504484,0.9857249,6,-0.7,-12.45806,104.2977,7,5.7,-30.55055,233.0324
10.0929,-11.8862,-33.55864,239.1415,6.401212,2.913722,0.157264,0.04292256,0.03472215,-0.01121166,-0.9984119,6.436386,2.916176,0.1616275,-0.07557552,-0.1504484,0.9857249,6,-0.7,-12.22097,102.6107,7,5.7,-30.31345,231.3454
10.11694,-6.698642,-26.21469,186.8866,6.25184,2.916396,0.1564538,0.04361948,0.03493392,-0.01111412,-0.9983754,6.29212,2.913759,0.1600213,-0.06857788,-0.1537683,0.9857243,6,-0.7,-11.90421,100.3568,7,5.7,-29.99669,229.0915
10.13452,-12.67349,-38.10442,271.4864,6.165135,2.918596,0.1557737,0.04387429,0.03496777,-0.01049434,-0.9983698,6.200214,2.913006,0.1586488,-0.06861696,-0.1491224,0.9864351,6,-0.7,-11.67201,98.7047,7,5.7,-29.7645,227.4394
10.15869,-12.83592,-38.10437,271.486,5.982374,2.923113,0.1541264,0.04275934,0.03562009,-0.01045107,-0.9983956,6.03776,2.913006,0.1586488,-0.06861696,-0.1491224,0.9864351,6,-0.7,-11.35252,96.43135,7,5.7,-29.445,225.166
10.17627,-11.91647,-34.58048,246.4122,5.881711,2.92558,0.1529638,0.04089257,0.03596686,-0.01069732,-0.9984587,5.929632,2.91469,0.1570845,-0.07146107,-0.1501417,0.9860784,6,-0.7,-11.11907,94.7703,7,5.7,-29.21156,223.505
10.20032,-10.33933,-30.70497,218.8365,5.671094,2.93115,0.15033,0.03668232,0.03693632,-0.01094597,-0.9985842,5.720237,2.91879,0.1553442,-0.07239479,-0.1515723,0.9857915,6,-0.7,-10.80069,92.50494,7,5.7,-28.89318,221.2396
10.21826,-10.44026,-30.70499,218.8367,5.557555,2.93405,0.1486246,0.03447834,0.03764505,-0.01082852,-0.9986375,5.619313,2.91879,0.1553442,-0.07239479,-0.1515723,0.9857915,6,-0.7,-10.56488,90.82706,7,5.7,-28.65737,219.5617
10.24207,-5.789168,-21.00786,149.8382,5.322907,2.940245,0.14488,0.03196084,0.03912289,-0.009737273,-0.9986756,5.385378,2.924325,0.1529415,-0.07351784,-0.1574509,0.9847864,6,-0.7,-10.24935,88.58195,7,5.7,-28.34184,217.3166
10.25989,-5.510815,-19.87437,141.773,5.198564,2.943904,0.1429034,0.03241134,0.03979121,-0.008626902,-0.9986449,5.246571,2.930804,0.1495677,-0.07478163,-0.1585337,0.9845176,6,-0.7,-10.01439,86.91012,7,5.7,-28.10688,215.6448
10.28394,-5.73611,-19.87439,141.7731,4.945115,2.951155,0.1385472,0.03471398,0.04088058,-0.006758211,-0.998538,5.021283,2.930804,0.1495677,-0.07478163,-0.1585337,0.9845176,6,-0.7,-9.696012,84.64471,7,5.7,-27.7885,213.3794
10.30151,-5.585016,-20.85665,148.7621,4.813631,2.954586,0.13615,0.03656657,0.04103094,-0.005643948,-0.9984726,4.873503,2.938469,0.1454281,-0.06932025,-0.1577168,0.9850483,6,-0.7,-9.463744,82.99205,7,5.7,-27.55623,211.7267
10.32556,-5.822927,-20.85663,148.762,4.545975,2.961564,0.1311678,0.0390226,0.04097276,-0.003813829,-0.9983907,4.635587,2.938469,0.1454281,-0.06932025,-0.1577168,0.9850483,6,-0.7,-9.14478,80.7225,7,5.7,-27.23726,209.4572
10.34338,-7.430229,-23.65805,168.6952,4.40849,2.96498,0.1285354,0.04003444,0.04055483,-0.00305855,-0.9983702,4.480395,2.946819,0.1405323,-0.06962973,-0.1555326,0.9853737,6,-0.7,-8.909524,79.04857,7,5.7,-27.00201,207.7832
10.36719,-12.47586,-32.97675,235.0011,4.129954,2.971671,0.123323,0.04157868,0.03963831,-0.001621388,-0.9983473,4.198235,2.955235,0.1349092,-0.0700053,-0.1508586,0.9860735,6,-0.7,-8.594482,76.80693,7,5.7,-26.68697,205.5416
10.38501,-12.60283,-32.97675,235.0011,3.987108,2.974901,0.1207175,0.04216267,0.0390215,-0.001261682,-0.9983477,4.07126,2.955235,0.1349092,-0.0700053,-0.1508586,0.9860735,6,-0.7,-8.358952,75.13104,7,5.7,-26.45144,203.8657
10.40906,-7.357167,-26.54824,189.2599,3.699686,2.980903,0.1154776,0.04331456,0.03788452,-0.000115437,-0.9983429,3.77973,2.963531,0.1288816,-0.05808229,-0.1539129,0.9863758,6,-0.7,-8.041647,72.8733,7,5.7,-26.13413,201.608
10.42688,-9.198915,-32.12039,228.9078,3.553649,2.983646,0.1128006,0.04376595,0.03706213,0.0008286596,-0.9983538,3.612693,2.971493,0.1226885,-0.05526651,-0.1513789,0.9869297,6,-0.7,-7.806439,71.19971,7,5.7,-25.89892,199.9344
10.45093,-9.458801,-32.12032,228.9073,3.261249,2.9886,0.1074216,0.04484914,0.03548814,0.002429416,-0.9983603,3.352781,2.971493,0.1226885,-0.05526651,-0.1513789,0.9869297,6,-0.7,-7.488589,68.93809,7,5.7,-25.58107,197.6728
10.46875,-7.375384,-27.51331,196.1267,3.11359,2.990605,0.1046242,0.04535019,0.0345194,0.003168016,-0.9983696,3.183413,2.978802,0.1163849,-0.05315311,-0.1534977,0.9867184,6,-0.7,-7.252852,67.26073,7,5.7,-25.34534,195.9954
10.49255,-7.636684,-27.51329,196.1266,2.81962,2.993924,0.09916289,0.04691508,0.03273243,0.004370142,-0.9983529,2.922106,2.978802,0.1163849,-0.05315311,-0.1534977,0.9867184,6,-0.7,-6.937243,65.01506,7,5.7,-25.02973,193.7497
10.5105,-4.603855,-20.6291,147.143,2.671972,2.995391,0.09659918,0.04743322,0.03171666,0.004698419,-0.9983597,2.752149,2.985076,0.1098304,-0.04933638,-0.1583792,0.986145,6,-0.7,-6.699795,63.32553,7,5.7,-24.79228,192.0602
10.53442,-5.384901,-24.56296,175.1339,2.378148,2.998661,0.09169976,0.04971028,0.0296404,0.005906126,-0.9983063,2.451895,2.990172,0.1034029,-0.044186,-0.1553522,0.9868704,6,-0.7,-6.3844,61.08137,7,5.7,-24.47688,189.816
10.55249,-5.51525,-24.56305,175.1345,2.231533,2.999717,0.08947782,0.05212899,0.02836004,0.0064281,-0.998217,2.321571,2.990172,0.1034029,-0.044186,-0.1553522,0.9868704,6,-0.7,-6.144783,59.37641,7,5.7,-24.23727,188.1111
10.57617,-7.356709,-30.96994,220.722,1.940124,3.001914,0.08531734,0.05598041,0.02576073,0.007998819,-0.9980675,2.023361,2.994316,0.09716451,-0.04198386,-0.1520192,0.9874854,6,-0.7,-5.832329,57.15319,7,5.7,-23.92481,185.8879
10.59424,-7.484567,-30.97001,220.7224,1.796305,3.002718,0.08353411,0.05851679,0.02417208,0.008972784,-0.9979535,1.895522,2.994316,0.09716451,-0.04198386,-0.1520192,0.9874854,6,-0.7,-5.59264,55.44771,7,5.7,-23.68512,184.1824
10.6178,-8.642489,-35.12882,250.3138,1.509153,3.003878,0.08030064,0.06249872,0.021143,0.009978016,-0.9977713,1.601292,2.997868,0.09143651,-0.04043848,-0.1505094,0.9877812,6,-0.7,-5.281892,53.23663,7,5.7,-23.37438,181.9713
10.63586,-10.30084,-44.35109,315.9335,1.367846,3.004387,0.07899985,0.06454573,0.01964319,0.009998485,-0.9976713,1.436955,3.000602,0.08638263,-0.03672735,-0.1481627,0.9882808,6,-0.7,-5.042461,51.53299,7,5.7,-23.13494,180.2677
10.65967,-8.894679,-44.872,319.64,1.08778,3.00435,0.07659344,0.06737015,0.01598375,0.01063907,-0.9975433,1.149574,3.002328,0.08210349,-0.0310698,-0.1480892,0.9884858,6,-0.7,-4.728395,49.29829,7,5.7,-22.82088,178.033
10.67798,-9.016403,-44.87194,319.6396,0.9508277,3.004081,0.07549807,0.06853583,0.01387586,0.01108935,-0.9974906,1.027838,3.002328,0.08210349,-0.0310698,-0.1480892,0.9884858,6,-0.7,-4.486415,47.57651,7,5.7,-22.5789,176.3112
10.70142,-7.407346,-35.28932,251.4558,0.679655,3.001953,0.07359415,0.06936083,0.009722695,0.01105379,-0.997483,0.7490216,3.003167,0.0786618,-0.03206021,-0.1505162,0.9880876,6,-0.7,-4.176918,45.37432,7,5.7,-22.2694,174.109
10.71973,-7.523362,-35.28927,251.4555,0.5491248,3.00152,0.07255416,0.06748719,0.007685252,0.01011237,-0.9976393,0.6329948,3.003167,0.0786618,-0.03206021,-0.1505162,0.9880876,6,-0.7,-3.933867,43.64492,7,5.7,-22.02635,172.3796
10.74304,-4.960707,-27.67938,197.3083,0.2929975,2.999955,0.07116368,0.06732102,0.003625669,0.008191964,-0.9976912,0.3684022,3.002566,0.07559526,-0.02668876,-0.1536586,0.9877635,6,-0.7,-3.6251,41.44793,7,5.7,-21.71758,170.1826
10.76147,-3.024327,-20.19687,144.0676,0.1673055,2.998057,0.07063258,0.06644494,0.001112126,0.007726749,-0.9977595,0.220895,3.001108,0.07333755,-0.02224476,-0.1590133,0.9870258,6,-0.7,-3.38239,39.72097,7,5.7,-21.47487,168.4556
10.78491,-3.24124,-20.19688,144.0677,-0.07671881,2.995605,0.0694651,0.063899,-0.003706322,0.007479622,-0.9979215,0.003984464,3.001108,0.07333755,-0.02224476,-0.1590133,0.9870258,6,-0.7,-3.072092,37.51307,7,5.7,-21.16457,166.2478
10.80334,-1.828069,-16.73731,119.4515,-0.1935781,2.994075,0.06904733,0.06322485,-0.00599023,0.006777599,-0.9979583,-0.1343581,2.998827,0.07161677,-0.0139962,-0.1630922,0.9865116,6,-0.7,-2.82907,35.78388,7,5.7,-20.92155,164.5186
10.82666,-0.9447663,-14.53142,103.7558,-0.4211168,2.991564,0.06807143,0.06167966,-0.01040589,0.005184483,-0.9980283,-0.3696467,2.995834,0.07012868,-0.005469083,-0.166675,0.9859967,6,-0.7,-2.519713,33.5827,7,5.7,-20.6122,162.3174
10.84497,-1.041084,-14.53142,103.7558,-0.5294737,2.990118,0.06759119,0.06182776,-0.01251826,0.004573444,-0.9979979,-0.465964,2.995834,0.07012868,-0.005469083,-0.166675,0.9859967,6,-0.7,-2.277881,31.86197,7,5.7,-20.37036,160.5967
10.86841,-0.3067364,-13.1585,93.98717,-0.7421463,2.987186,0.06709656,0.06133007,-0.0163368,0.003672776,-0.9979771,-0.6863734,2.992605,0.06869447,0.003983689,-0.1694803,0.9855255,6,-0.7,-1.968137,29.65803,7,5.7,-20.06062,158.3927
10.88672,-0.3967059,-13.15863,93.98788,-0.8433653,2.985736,0.06698634,0.06154299,-0.01762123,0.003542625,-0.9979426,-0.7763458,2.992605,0.06869447,0.003983689,-0.1694803,0.9855255,6,-0.7,-1.726266,27.93702,7,5.7,-19.81875,156.6717
10.91028,-0.4232731,-12.67924,90.57706,-1.038614,2.983097,0.06688381,0.06217567,-0.02004429,0.003644593,-0.9978573,-0.9797438,2.989272,0.06785572,0.006058006,-0.1705749,0.9853261,6,-0.7,-1.414181,25.71643,7,5.7,-19.50666,154.4511
10.92847,0.07971419,-16.34775,116.6797,-1.130355,2.980579,0.06680879,0.06322614,-0.02093322,0.00406209,-0.9977714,-1.089429,2.985884,0.06733251,0.009890394,-0.1635533,0.9864849,6,-0.7,-1.174645,24.01204,7,5.7,-19.26713,152.7467
10.95227,-0.07736004,-16.34775,116.6797,-1.307064,2.976533,0.06658449,0.06201864,-0.02284099,0.005167638,-0.9978002,-1.246503,2.985884,0.06733251,0.009890394,-0.1635533,0.9864849,6,-0.7,-0.8602002,21.77465,7,5.7,-18.95268,150.5093
10.97168,0.4146568,-17.0273,121.515,-1.389907,2.974422,0.06663903,0.06213865,-0.0234438,0.006177205,-0.9977731,-1.346498,2.98208,0.06701016,0.01430695,-0.1625486,0.9865968,6,-0.7,-0.602875,19.94369,7,5.7,-18.69535,148.6784
10.9939,0.5933765,-15.64006,111.6442,-1.546944,2.969491,0.06680159,0.06206496,-0.02437579,0.007459968,-0.9977466,-1.510482,2.977521,0.06684828,0.01859526,-0.1645542,0.9861928,6,-0.7,-0.3092666,17.85456,7,5.7,-18.40175,146.5892
11.01184,0.530186,-15.64007,111.6442,-1.618035,2.967118,0.06684142,0.06165099,-0.02429667,0.007737224,-0.997772,-1.573673,2.977521,0.06684828,0.01859526,-0.1645542,0.9861928,6,-0.7,-0.07133016,16.16155,7,5.7,-18.16381,144.8962
11.03564,0.06948413,-13.21817,94.41158,-1.752003,2.961337,0.06701274,0.0612107,-0.02434553,0.008678695,-0.9977902,-1.715079,2.97229,0.06687784,0.01863959,-0.1691078,0.9854212,6,-0.7,0.2427357,13.92685,7,5.7,-17.84974,142.6615
11.05347,0.01650513,-13.21817,94.41154,-1.811604,2.958091,0.0670581,0.06041301,-0.02418911,0.009562336,-0.9978345,-1.768058,2.97229,0.06687784,0.01863959,-0.1691078,0.9854212,6,-0.7,0.4782723,12.25092,7,5.7,-17.61421,140.9856
11.07727,0.0720389,-12.24513,87.48803,-1.920323,2.952332,0.06723461,0.05810884,-0.02370216,0.01058626,-0.9979728,-1.884789,2.966381,0.06701601,0.02204723,-0.1713855,0.9849573,6,-0.7,0.793957,10.00471,7,5.7,-17.29852,138.7394
11.09607,0.1162764,-11.28073,80.62596,-1.965086,2.949822,0.06741766,0.0569184,-0.02306074,0.01085819,-0.9980534,-1.942269,2.959691,0.06717587,0.02515525,-0.1740167,0.9844214,6,-0.7,1.042173,8.238561,7,5.7,-17.05031,136.9732
11.11914,0.04580761,-11.28073,80.62593,-2.044363,2.944379,0.06788747,0.05568784,-0.02200731,0.01190306,-0.9981348,-2.012738,2.959691,0.06717587,0.02515525,-0.1740167,0.9844214,6,-0.7,1.346854,6.070645,7,5.7,-16.74563,134.8053
11.13708,-0.1310053,-10.92909,78.12392,-2.074138,2.941356,0.06816806,0.05517172,-0.02137494,0.01271012,-0.9981672,-2.054168,2.952783,0.06741714,0.02425033,-0.175045,0.9842618,6,-0.7,1.584442,4.380114,7,5.7,-16.50804,133.1148
11.16101,-0.1742163,-10.92909,78.12389,-2.122749,2.936522,0.06894103,0.0533394,-0.02040127,0.01500387,-0.9982553,-2.097379,2.952783,0.06741714,0.02425033,-0.175045,0.9842618,6,-0.7,1.899592,2.137712,7,5.7,-16.19289,130.8724
11.17896,5.712323,-16.84018,120.1834,-2.136137,2.93473,0.06945693,0.05286796,-0.01993293,0.01674588,-0.9982621,-2.121207,2.946052,0.06784821,0.06421655,-0.1622006,0.984666,6,-0.7,2.136916,0.4490576,7,5.7,-15.95556,129.1837
11.20276,5.930203,-18.09768,129.1311,-2.151278,2.931019,0.07074319,0.05311477,-0.01916765,0.01986886,-0.9982067,-2.143331,2.939745,0.06850564,0.06162303,-0.1605728,0.9850984,7,5.7,-15.64062,126.9428,8,-5.7,-34.61449,261.9488
11.22107,5.932436,-18.09768,129.1311,-2.148767,2.92894,0.07151748,0.05332099,-0.01867147,0.0209138,-0.9981838,-2.141098,2.939745,0.06850564,0.06162303,-0.1605728,0.9850984,7,5.7,-15.39797,125.2163,8,-5.7,-34.37184,260.2222
11.24438,12.85,-32.35649,230.6379,-2.131562,2.925486,0.0730072,0.05223475,-0.01773868,0.02294962,-0.9982135,-2.13114,2.934402,0.06954992,0.06409479,-0.1509873,0.9864556,7,5.7,-15.089,123.0178,8,-5.7,-34.06287,258.0238
11.26257,18.74352,-42.64376,303.7853,-2.112327,2.924105,0.07373367,0.05030482,-0.01770658,0.02440737,-0.9982786,-2.116065,2.929581,0.07106292,0.06776505,-0.1480509,0.9866554,7,5.7,-14.84985,121.3162,8,-5.7,-33.82372,256.3221
11.28625,18.78781,-42.64357,303.7841,-2.062405,2.922325,0.07519212,0.04601232,-0.01789516,0.02838705,-0.9983771,-2.07169,2.929581,0.07106292,0.06776505,-0.1480509,0.9866554,7,5.7,-14.53555,119.0798,8,-5.7,-33.50942,254.0857
11.30432,12.74748,-28.5802,206.8086,-2.030828,2.921391,0.07615416,0.04545037,-0.01866867,0.03234942,-0.9982682,-2.042091,2.925414,0.07279456,0.07054579,-0.1502808,0.9861232,7,5.7,-14.29796,117.3893,8,-5.7,-33.27183,252.3952
11.32788,9.198411,-21.6764,154.5949,-1.954608,2.919904,0.07812231,0.04651339,-0.01969403,0.03855234,-0.9979791,-1.969547,2.922147,0.07463896,0.07119512,-0.1568144,0.9850586,7,5.7,-13.98515,115.1635,8,-5.7,-32.95902,250.1694
11.34619,9.240696,-21.6764,154.5949,-1.907037,2.919288,0.07920093,0.04857855,-0.02034819,0.04039568,-0.9977947,-1.927261,2.922147,0.07463896,0.07119512,-0.1568144,0.9850586,7,5.7,-13.74453,113.4514,8,-5.7,-32.71841,248.4574
11.36975,9.068912,-20.68185,147.5183,-1.802841,2.918005,0.08116376,0.05091543,-0.0220063,0.04308787,-0.9975303,-1.826592,2.919977,0.07672071,0.07277461,-0.1576443,0.9848107,7,5.7,-13.4317,111.2255,8,-5.7,-32.40558,246.2315
11.38806,9.122247,-20.68186,147.5184,-1.742847,2.917343,0.0819214,0.05054428,-0.02294702,0.04370006,-0.9975014,-1.773263,2.919977,0.07672071,0.07277461,-0.1576443,0.9848107,7,5.7,-13.19089,109.512,8,-5.7,-32.16476,244.518
11.41162,12.85,-27.75524,200.1521,-1.612225,2.917034,0.08343336,0.04756871,-0.02445013,0.04482103,-0.9975623,-1.646106,2.91835,0.07904887,0.07143433,-0.1511542,0.9859257,7,5.7,-12.87926,107.2947,8,-5.7,-31.85314,242.3007
11.42981,17.65762,-33.62343,239.6024,-1.537137,2.917752,0.08434036,0.04560051,-0.02517371,0.04513454,-0.9976221,-1.565358,2.917001,0.08129478,0.07908943,-0.1503389,0.9854659,7,5.7,-12.63768,105.5757,8,-5.7,-31.61155,240.5817
11.45337,17.79799,-33.62358,239.6034,-1.379303,2.919787,0.08604337,0.04309369,-0.02672966,0.04655879,-0.9976276,-1.425062,2.917001,0.08129478,0.07908943,-0.1503389,0.9854659,7,5.7,-12.32743,103.3682,8,-5.7,-31.30131,238.3742
11.47156,12.03121,-25.46974,181.586,-1.292272,2.921476,0.08669408,0.04155202,-0.02763917,0.04778812,-0.9976101,-1.330826,2.9166,0.08337331,0.07254314,-0.1541109,0.9853868,7,5.7,-12.08558,101.6474,8,-5.7,-31.05946,236.6534
11.49512,9.579812,-19.76157,140.9702,-1.110647,2.92587,0.08770412,0.03802676,-0.03010787,0.05095957,-0.9975222,-1.149809,2.917929,0.08528113,0.07497906,-0.1584854,0.9845103,7,5.7,-11.77546,99.44073,8,-5.7,-30.74933,234.4467
11.51355,9.666874,-19.76155,140.9701,-1.012694,2.928408,0.08792256,0.03545529,-0.03186249,0.05268944,-0.9974726,-1.062739,2.917929,0.08528113,0.07497906,-0.1584854,0.9845103,7,5.7,-11.53112,97.7022,8,-5.7,-30.505,232.7082
11.53687,9.260965,-18.62597,132.89,-0.811083,2.934109,0.08799948,0.03047092,-0.03552075,0.05516855,-0.9973797,-0.8612603,2.921405,0.08687866,0.07502386,-0.1597048,0.9843099,7,5.7,-11.22212,95.50351,8,-5.7,-30.19599,230.5095
11.55518,9.35576,-18.62597,132.89,-0.7044399,2.937278,0.08792344,0.02929637,-0.03712999,0.05494329,-0.9973688,-0.7664665,2.921405,0.08687866,0.07502386,-0.1597048,0.9843099,7,5.7,-10.9799,93.78004,8,-5.7,-29.95378,228.786
11.57861,8.321496,-15.40672,109.9839,-0.4849828,2.944595,0.0878214,0.02986362,-0.04015172,0.05274424,-0.9973536,-0.5467296,2.926718,0.08790517,0.07934554,-0.1640325,0.9832587,7,5.7,-10.67077,91.58047,8,-5.7,-29.64465,226.5864
11.5968,9.078911,-17.07249,121.8365,-0.3692657,2.948685,0.087806,0.0330758,-0.04127708,0.05023973,-0.9973356,-0.4170088,2.933521,0.08818233,0.0767372,-0.16167,0.9838568,7,5.7,-10.43062,89.87172,8,-5.7,-29.4045,224.8777
11.62036,9.287044,-17.0725,121.8365,-0.1351202,2.956293,0.08737989,0.0383062,-0.04333661,0.04604803,-0.9972633,-0.2088793,2.933521,0.08818233,0.0767372,-0.16167,0.9838568,7,5.7,-10.11897,87.6542,8,-5.7,-29.09284,222.6602
11.63843,10.64234,-18.52364,132.1619,-0.01461405,2.959838,0.08711077,0.04042793,-0.04390183,0.04366979,-0.9972618,-0.07292286,2.9418,0.08806849,0.07982457,-0.1599092,0.9838989,7,5.7,-9.880597,85.95811,8,-5.7,-28.85447,220.9641
11.66211,12.85,-22.3945,161.3409,0.2315807,2.966922,0.0865753,0.04332815,-0.04414592,0.03861644,-0.9973378,0.1763708,2.950841,0.08773625,0.07740847,-0.1548052,0.9849077,7,5.7,-9.566158,83.72076,8,-5.7,-28.54003,218.7267
11.6803,12.85,-22.16876,159.9046,0.3585703,2.97021,0.08640602,0.04392843,-0.04343184,0.03587369,-0.9974453,0.2892505,2.950841,0.08773625,0.07740847,-0.1548052,0.9849077,7,5.7,-9.32648,82.01536,8,-5.7,-28.30036,217.0213
11.70386,20.32305,-35.19222,250.7648,0.6163474,2.976821,0.08602399,0.04473912,-0.04230868,0.03198845,-0.9975898,0.5501444,2.959776,0.08731818,0.07774385,-0.1500075,0.9856235,7,5.7,-9.014466,79.79527,8,-5.7,-27.98834,214.8012
11.72241,20.44175,-35.19217,250.7645,0.7499084,2.980143,0.08588623,0.04490851,-0.04123951,0.03074107,-0.9976661,0.6688654,2.959776,0.08731818,0.07774385,-0.1500075,0.9856235,7,5.7,-8.769179,78.04996,8,-5.7,-27.74306,213.0559
11.74561,12.85,-23.57247,170.1753,1.019828,2.986223,0.08587314,0.04497358,-0.03884059,0.02726776,-0.9978604,0.9419464,2.968096,0.08670604,0.06900892,-0.1538064,0.9856883,7,5.7,-8.462333,75.86663,8,-5.7,-27.43621,210.8726
11.76367,17.24561,-32.99332,235.1189,1.157949,2.989075,0.08599273,0.04557437,-0.0371187,0.02575784,-0.9979388,1.099115,2.976017,0.08623457,0.06775223,-0.1509308,0.9862198,7,5.7,-8.223275,74.16565,8,-5.7,-27.19715,209.1716
11.7876,17.49292,-32.99337,235.1192,1.436149,2.99342,0.08642258,0.04785446,-0.03394895,0.02340079,-0.9980029,1.346403,2.976017,0.08623457,0.06775223,-0.1509308,0.9862198,7,5.7,-7.907029,71.91544,8,-5.7,-26.88091,206.9214
11.8053,20.22614,-42.97726,306.1584,1.578039,2.995543,0.08700202,0.04793428,-0.03205193,0.02245903,-0.9980835,1.508141,2.983452,0.08618867,0.06036713,-0.1482273,0.9871092,7,5.7,-7.674282,70.25935,8,-5.7,-26.64816,205.2653
11.82922,12.85,-26.09584,187.2286,1.862167,2.999557,0.08785208,0.04935629,-0.02863284,0.02152502,-0.9981387,1.797332,2.989785,0.08658516,0.05826056,-0.1533155,0.9864584,7,5.7,-7.357701,68.00677,8,-5.7,-26.33158,203.0127
11.84705,12.85,-25.7628,185.0857,2.004545,3.000857,0.08837281,0.05036963,-0.02697628,0.0210244,-0.9981449,1.92389,2.989785,0.08658516,0.05826056,-0.1533155,0.9864584,7,5.7,-7.121389,66.32533,8,-5.7,-26.09527,201.3313
11.87097,16.30455,-36.4095,259.4264,2.288302,3.003275,0.08986046,0.05159997,-0.0237999,0.01909393,-0.9982017,2.213463,2.995054,0.08728933,0.05364072,-0.1500018,0.9872295,7,5.7,-6.804723,64.07213,8,-5.7,-25.7786,199.0781
11.88953,16.43074,-36.40955,259.4267,2.430244,3.003653,0.09077394,0.05241012,-0.0221285,0.01791014,-0.9982198,2.339634,2.995054,0.08728933,0.05364072,-0.1500018,0.9872295,7,5.7,-6.560423,62.33384,8,-5.7,-25.5343,197.3398
11.91309,18.34752,-45.80684,326.2918,2.710732,3.004416,0.09254215,0.05295774,-0.01883873,0.01646764,-0.9982833,2.626677,2.999181,0.08866227,0.04760882,-0.1478036,0.9878702,7,5.7,-6.249274,60.1199,8,-5.7,-25.22315,195.1259
11.93079,NaN,NaN,NaN,2.850132,3.003932,0.09354691,0.05352807,-0.01718418,0.01630726,-0.9982853,2.788358,3.001837,0.0902487,0.04627893,-0.1446674,0.9883975,7,5.7,-6.014459,58.4491,8,-5.7,-24.98834,193.4551
11.95483,NaN,NaN,NaN,3.123706,3.003013,0.09540183,0.05244734,-0.0145195,0.01721444,-0.9983697,3.031534,3.001837,0.0902487,0.04627893,-0.1446674,0.9883975,7,5.7,-5.696853,56.18922,8,-5.7,-24.67073,191.1952
11.97253,19.90166,-53.86803,383.6502,3.258313,3.001737,0.09621442,0.05161731,-0.01320149,0.01838074,-0.9984106,3.188649,3.002932,0.09227133,0.04306241,-0.1465326,0.9882681,7,5.7,-5.463301,54.52742,8,-5.7,-24.43718,189.5334
11.99634,12.71306,-33.73337,240.3847,3.522055,2.998646,0.09779204,0.04768113,-0.01049826,0.0193796,-0.9986195,3.45997,3.002407,0.09444487,0.03803814,-0.1510156,0.9877993,7,5.7,-5.148392,52.28672,8,-5.7,-24.12227,187.2927
12.01404,12.82709,-33.73328,240.384,3.650364,2.998273,0.09867721,0.04571733,-0.009266108,0.02059717,-0.9986991,3.574023,3.002407,0.09444487,0.03803814,-0.1510156,0.9877993,7,5.7,-4.914464,50.62223,8,-5.7,-23.88834,185.6282
12.03809,10.35758,-23.70884,169.0565,3.902247,2.996694,0.1011496,0.04549218,-0.006789469,0.0213142,-0.9987143,3.833873,3.000215,0.09651339,0.03810969,-0.1560269,0.9870173,7,5.7,-4.596557,48.36021,8,-5.7,-23.57043,183.3662
12.0564,10.46532,-23.70883,169.0564,4.023456,2.996369,0.1023676,0.04514203,-0.00602515,0.02148648,-0.9987313,3.941614,3.000215,0.09651339,0.03810969,-0.1560269,0.9870173,7,5.7,-4.353358,46.62976,8,-5.7,-23.32724,181.6357
12.07996,10.85544,-20.60034,146.9383,4.261167,2.995048,0.1046413,0.04490742,-0.004559793,0.02178172,-0.9987432,4.187687,2.9978,0.09877026,0.04478812,-0.1585118,0.9863407,7,5.7,-4.042721,44.41947,8,-5.7,-23.0166,179.4254
12.09778,10.5742,-20.71854,147.7793,4.375896,2.994349,0.1060165,0.04343411,-0.004076734,0.02061948,-0.9988352,4.323162,2.995935,0.1013383,0.0417569,-0.1584128,0.9864897,7,5.7,-3.807324,42.74453,8,-5.7,-22.7812,177.7505
12.12207,10.77346,-20.71855,147.7794,4.600062,2.993761,0.1089351,0.04354485,-0.003623754,0.0191268,-0.9988618,4.522421,2.995935,0.1013383,0.0417569,-0.1584128,0.9864897,7,5.7,-3.485336,40.45347,8,-5.7,-22.45921,175.4594
12.13928,11.21202,-23.71015,169.0658,4.707557,2.992922,0.1106451,0.04512999,-0.003661551,0.01734443,-0.9988239,4.650055,2.994435,0.1042244,0.03833263,-0.1559987,0.9870132,7,5.7,-3.258309,38.83809,8,-5.7,-22.23219,173.8441
12.16345,10.11848,-24.08127,171.7063,4.918902,2.99164,0.1143872,0.04851006,-0.003241055,0.01283091,-0.998735,4.868503,2.993126,0.1074492,0.03020683,-0.1557782,0.9873301,7,5.7,-2.938518,36.56266,8,-5.7,-21.9124,171.5686
12.18115,10.20928,-24.08126,171.7062,5.021061,2.990633,0.1165314,0.05097931,-0.002959855,0.01014923,-0.9986438,4.959311,2.993126,0.1074492,0.03020683,-0.1557782,0.9873301,7,5.7,-2.704273,34.89591,8,-5.7,-21.67815,169.9019
12.2052,11.36814,-28.35499,202.1154,5.219802,2.987724,0.1209633,0.05426929,-0.002696716,0.005712971,-0.9985064,5.165118,2.991624,0.1113483,0.03033029,-0.1532723,0.9877185,7,5.7,-2.386305,32.63346,8,-5.7,-21.36018,167.6394
12.22363,11.45433,-28.35497,202.1153,5.316761,2.986068,0.1234045,0.05477377,-0.002503358,0.003359452,-0.99849,5.251305,2.991624,0.1113483,0.03033029,-0.1532723,0.9877185,7,5.7,-2.142213,30.89665,8,-5.7,-21.11609,165.9026
12.24695,12.85,-38.95626,279.0852,5.507079,2.982286,0.1287675,0.05714279,-0.001701631,-0.001532884,-0.9983634,5.448297,2.989549,0.1159776,0.02622837,-0.1486375,0.9885439,7,5.7,-1.83401,28.70367,8,-5.7,-20.80789,163.7096
12.26477,11.07757,-35.41984,252.3845,5.598131,2.980044,0.1315741,0.05774304,-0.001177579,-0.003351872,-0.9983252,5.555872,2.986507,0.1212761,0.02163419,-0.1504775,0.9883767,7,5.7,-1.598906,27.03082,8,-5.7,-20.57278,162.0368
12.28943,11.23422,-35.41983,252.3845,5.774364,2.97498,0.1371291,0.05772357,-0.0003358349,-0.005617908,-0.9983168,5.712523,2.986507,0.1212761,0.02163419,-0.1504775,0.9883767,7,5.7,-1.27336,24.71444,8,-5.7,-20.24724,159.7204
12.30652,9.278276,-27.46025,195.749,5.857307,2.971895,0.139735,0.05660178,-0.0001832694,-0.005703154,-0.9983805,5.811728,2.982448,0.1273787,0.01750722,-0.1537459,0.9879553,7,5.7,-1.047515,23.10747,8,-5.7,-20.02139,158.1134
12.33044,7.877159,-20.93583,149.3254,6.015596,2.965759,0.1449956,0.0543613,0.0005907565,-0.00718261,-0.9984953,5.976661,2.976981,0.1338356,0.01257708,-0.15825,0.987319,7,5.7,-0.7304404,20.85137,8,-5.7,-19.70432,155.8573
12.34827,7.942162,-20.93581,149.3253,6.088726,2.962691,0.147717,0.05378521,0.001575142,-0.008749545,-0.998513,6.041666,2.976981,0.1338356,0.01257708,-0.15825,0.987319,7,5.7,-0.494901,19.17542,8,-5.7,-19.46878,154.1814
12.37231,6.724274,-18.69915,133.4107,6.227559,2.956408,0.1529193,0.05401365,0.003401116,-0.01118864,-0.9984718,6.187553,2.970249,0.140326,0.003975058,-0.1604884,0.9870297,7,5.7,-0.1775002,16.91699,8,-5.7,-19.15138,151.923
12.39099,6.778811,-18.69915,133.4107,6.288913,2.953193,0.1553689,0.05404494,0.00426504,-0.01157979,-0.9984623,6.24209,2.970249,0.140326,0.003975058,-0.1604884,0.9870297,7,5.7,0.06926638,15.16116,8,-5.7,-18.90461,150.1671
12.41406,5.647877,-17.607,125.6396,6.400376,2.947922,0.1602343,0.05316982,0.005972952,-0.01226938,-0.9984922,6.361869,2.962977,0.1467216,-0.005614502,-0.1617523,0.9868154,7,5.7,0.3750075,12.98569,8,-5.7,-18.59887,147.9917
12.43225,5.15689,-17.09468,121.9942,6.448362,2.945668,0.1628566,0.05371806,0.007201254,-0.01338091,-0.9984405,6.422981,2.955604,0.1529127,-0.01025288,-0.1623681,0.986677,7,5.7,0.6151345,11.2771,8,-5.7,-18.35874,146.2831
12.45654,5.234414,-17.09468,121.9942,6.535577,2.94028,0.1680527,0.05638445,0.009920537,-0.01672094,-0.9982198,6.500505,2.955604,0.1529127,-0.01025288,-0.1623681,0.986677,7,5.7,0.9363447,8.991573,8,-5.7,-18.03753,143.9976
12.47412,3.839017,-19.99532,142.6333,6.569999,2.937309,0.1704658,0.05726893,0.01127182,-0.01757169,-0.9981405,6.546863,2.948852,0.1589519,-0.01876079,-0.1589643,0.9871061,7,5.7,1.16944,7.333014,8,-5.7,-17.80444,142.339
12.49731,2.789967,-18.96426,135.297,6.630064,2.93133,0.1749074,0.05606152,0.0139778,-0.01761961,-0.9981741,6.613319,2.942424,0.1649927,-0.02791796,-0.1599617,0.9867284,7,5.7,1.476311,5.149517,8,-5.7,-17.49757,140.1555
12.51575,2.809673,-18.96425,135.297,6.652231,2.928068,0.1767888,0.05363553,0.01575507,-0.01665266,-0.9982974,6.633023,2.942424,0.1649927,-0.02791796,-0.1599617,0.9867284,7,5.7,1.718693,3.424878,8,-5.7,-17.25518,138.4309
12.53918,2.282685,-15.80576,112.8231,6.683222,2.921771,0.1806063,0.04955596,0.01925571,-0.01215783,-0.9985117,6.670779,2.935618,0.1707211,-0.03839608,-0.1639881,0.9857148,7,5.7,2.029018,1.216799,8,-5.7,-16.94486,136.2228
12.55774,2.286836,-15.80575,112.823,6.687888,2.919075,0.1823267,0.04778823,0.02094375,-0.007554126,-0.9986094,6.674926,2.935618,0.1707211,-0.03839608,-0.1639881,0.9857148,8,-5.7,-16.69901,134.4735,9,0.7,-34.79144,263.2077
12.58081,2.800307,-11.22167,80.20562,6.682251,2.914326,0.1854365,0.04377422,0.02307492,-0.0002495376,-0.9987749,6.677377,2.928422,0.1759366,-0.04765128,-0.1739122,0.9836076,8,-5.7,-16.3939,132.3025,9,0.7,-34.48633,261.0368
12.59912,2.827389,-9.224292,65.99356,6.664992,2.912592,0.1867934,0.04166474,0.02318571,0.004149631,-0.998854,6.66623,2.92131,0.180593,-0.05726684,-0.1811849,0.9817803,8,-5.7,-16.15252,130.585,9,0.7,-34.24495,259.3192
12.62329,2.783437,-9.22429,65.99354,6.615545,2.90962,0.1894671,0.03973286,0.02433624,0.008420927,-0.9988785,6.622277,2.92131,0.180593,-0.05726684,-0.1811849,0.9817803,8,-5.7,-15.83275,128.3097,9,0.7,-33.92518,257.044
12.64075,1.527565,-10.00105,71.52046,6.574683,2.908505,0.1906052,0.04030096,0.02480949,0.008526021,-0.9988432,6.586317,2.915217,0.1845675,-0.06961068,-0.1777336,0.9816135,8,-5.7,-15.60139,126.6635,9,0.7,-33.69382,255.3978
12.66443,-0.3667565,-10.70558,76.53349,6.474663,2.905663,0.19213,0.0400909,0.02469413,0.01165662,-0.9988228,6.493354,2.910602,0.1879309,-0.08811606,-0.1748958,0.980636,8,-5.7,-15.28932,124.443,9,0.7,-33.38174,253.1772
12.68225,-0.4254737,-10.70558,76.53349,6.408605,2.904452,0.1925552,0.03895612,0.02431733,0.01276428,-0.9988635,6.434637,2.910602,0.1879309,-0.08811606,-0.1748958,0.980636,8,-5.7,-15.05289,122.7607,9,0.7,-33.14531,251.495
12.70618,-5.744105,-16.84321,120.205,6.260415,2.903835,0.1931998,0.03602901,0.02403537,0.01354321,-0.9989699,6.29393,2.906977,0.1906282,-0.09849248,-0.1615916,0.9819304,8,-5.7,-14.73689,120.5122,9,0.7,-32.82931,249.2465
12.72461,-5.822932,-16.84334,120.2058,6.171831,2.904526,0.1934205,0.0345121,0.02454599,0.01254917,-0.999024,6.215188,2.906977,0.1906282,-0.09849248,-0.1615916,0.9819304,8,-5.7,-14.49308,118.7774,9,0.7,-32.5855,247.5117
12.74792,-10.60097,-23.04901,164.3614,5.975061,2.907333,0.193792,0.03117722,0.0259176,0.01158118,-0.9991107,6.026034,2.904324,0.1923151,-0.09954052,-0.1553743,0.9828278,8,-5.7,-14.18529,116.5874,9,0.7,-32.27771,245.3217
12.76575,-8.129092,-19.22148,137.1272,5.863412,2.909034,0.1933796,0.02897922,0.02768476,0.01041167,-0.9991423,5.907472,2.903655,0.1933851,-0.1006796,-0.1586963,0.9821808,8,-5.7,-13.94834,114.9015,9,0.7,-32.04077,243.6357
12.79028,-8.338203,-19.22148,137.1271,5.628162,2.912808,0.1919748,0.02252257,0.03196833,0.006687614,-0.9992127,5.69836,2.903655,0.1933851,-0.1006796,-0.1586963,0.9821808,8,-5.7,-13.625,112.6008,9,0.7,-31.71743,241.3351
12.8075,-10.44363,-21.56006,153.767,5.499563,2.915661,0.190765,0.01884849,0.03469056,0.004920602,-0.9992082,5.559685,2.905528,0.1937146,-0.1023681,-0.1564985,0.9823589,8,-5.7,-13.3966,110.9756,9,0.7,-31.48903,239.7099
12.83154,-9.21559,-18.36407,131.0264,5.235868,2.921845,0.1879422,0.01423609,0.0395781,0.002477765,-0.999112,5.296425,2.909318,0.1928365,-0.1088315,-0.1595379,0.9811745,8,-5.7,-13.07896,108.7155,9,0.7,-31.17139,237.4498
12.84924,-9.339076,-18.36406,131.0263,5.096933,2.925241,0.1862807,0.01383847,0.0418775,0.002139105,-0.9990246,5.172928,2.909318,0.1928365,-0.1088315,-0.1595379,0.9811745,8,-5.7,-12.84546,107.0541,9,0.7,-30.93789,235.7884
12.87341,-10.15264,-17.90192,127.7379,4.809556,2.932697,0.1826543,0.01409362,0.04556347,0.003306575,-0.9988566,4.884908,2.91502,0.1905826,-0.1155784,-0.1599987,0.9803275,8,-5.7,-12.52521,104.7754,9,0.7,-30.61764,233.5097
12.89136,-10.28598,-17.90192,127.7379,4.659547,2.936551,0.1806451,0.01560536,0.04695017,0.005425503,-0.9987606,4.751567,2.91502,0.1905826,-0.1155784,-0.1599987,0.9803275,8,-5.7,-12.28879,103.0931,9,0.7,-30.38122,231.8274
12.91516,-12.85,-18.65141,136.5981,4.353746,2.944446,0.1766322,0.01869377,0.04953458,0.008941858,-0.9985575,4.444117,2.922493,0.1871749,-0.1242528,-0.1550018,0.9800693,8,-5.7,-11.97418,100.8546,9,0.7,-30.06661,229.5889
12.93286,-20.84551,-29.66312,211.4233,4.195124,2.948196,0.1743826,0.02092883,0.05015253,0.01070501,-0.9984649,4.265083,2.931276,0.183118,-0.1166795,-0.1514539,0.9815537,8,-5.7,-11.73924,99.18286,9,0.7,-29.83167,227.9171
12.95703,-21.13338,-29.66312,211.4233,3.871269,2.955377,0.1694167,0.02396952,0.05088289,0.01385098,-0.9983209,3.977212,2.931276,0.183118,-0.1166795,-0.1514539,0.9815537,8,-5.7,-11.4192,96.90565,9,0.7,-29.51163,225.6399
12.97461,-36.81152,-50.6694,360.8907,3.703618,2.95882,0.1667896,0.02442531,0.05048497,0.01527725,-0.9983092,3.78809,2.940441,0.1782701,-0.1106475,-0.1461047,0.9830619,8,-5.7,-11.1877,95.25847,9,0.7,-29.28013,223.9928
12.99854,-12.85,-19.17102,140.4762,3.36593,2.966081,0.1615271,0.0252532,0.04968669,0.01714235,-0.9982983,3.446015,2.949412,0.1727214,-0.1139834,-0.1547226,0.9813606,8,-5.7,-10.87099,93.00497,9,0.7,-28.96342,221.7392
13.01624,-12.85,-18.9603,139.1397,3.19129,2.969797,0.15907,0.02664642,0.04882534,0.01731882,-0.9983016,3.290778,2.949412,0.1727214,-0.1139834,-0.1547226,0.9813606,8,-5.7,-10.63651,91.33656,9,0.7,-28.72894,220.0708
13.04041,-20.74824,-30.10218,214.5474,2.838493,2.976755,0.1540388,0.03018751,0.04711727,0.01801286,-0.9982707,2.933507,2.958082,0.1666795,-0.1085304,-0.151511,0.9824793,8,-5.7,-10.31832,89.07252,9,0.7,-28.41075,217.8068
13.05823,-20.90871,-30.10216,214.5472,2.657949,2.97986,0.1514051,0.03180061,0.04558884,0.01877092,-0.9982775,2.773024,2.958082,0.1666795,-0.1085304,-0.151511,0.9824793,8,-5.7,-10.08201,87.39107,9,0.7,-28.17444,216.1254
13.08215,-12.85,-19.18195,140.7782,2.295213,2.985276,0.1459716,0.03420366,0.04274853,0.02007047,-0.9982985,2.405165,2.966703,0.1605976,-0.1065556,-0.1547059,0.9821976,8,-5.7,-9.765576,85.13953,9,0.7,-27.858,213.8738
13.09998,-12.85,-20.93267,151.9097,2.112234,2.987528,0.1432646,0.03449957,0.04134626,0.02007619,-0.9983473,2.195692,2.974916,0.1544676,-0.09747025,-0.1548801,0.9831132,8,-5.7,-9.530259,83.46516,9,0.7,-27.62268,212.1994
13.12402,-12.85,-20.41315,148.612,1.744416,2.992328,0.1378514,0.03545905,0.03788962,0.02068309,-0.9984384,1.868743,2.974916,0.1544676,-0.09747025,-0.1548801,0.9831132,8,-5.7,-9.212783,81.20619,9,0.7,-27.30521,209.9405
13.1416,-18.19732,-29.80007,212.3978,1.55885,2.993969,0.1350944,0.03689602,0.03623623,0.02094989,-0.9984422,1.655959,2.982168,0.1482209,-0.09204885,-0.1519934,0.9840859,8,-5.7,-8.979829,79.54865,9,0.7,-27.07225,208.2829
13.16577,-17.79438,-30.27796,215.7981,1.187441,2.997509,0.1297195,0.03887492,0.03259227,0.02183298,-0.9984738,1.277171,2.988103,0.1417278,-0.08706919,-0.1518728,0.9845576,8,-5.7,-8.660573,77.27702,9,0.7,-26.753,206.0113
13.18335,-17.95917,-30.27792,215.7979,1.002025,2.998615,0.1271419,0.04021021,0.03088737,0.02202002,-0.998471,1.112356,2.988103,0.1417278,-0.08706919,-0.1518728,0.9845576,8,-5.7,-8.42727,75.61698,9,0.7,-26.5197,204.3513
13.20752,-11.74891,-20.77316,148.1681,0.6318568,3.00139,0.1221358,0.04130941,0.02726256,0.0221791,-0.9985282,0.7341744,2.992952,0.1352105,-0.08297309,-0.1579697,0.9839517,8,-5.7,-8.108928,73.35186,9,0.7,-26.20135,202.0862
13.22522,-11.91275,-20.77316,148.1681,0.4475378,3.002893,0.1196682,0.04226759,0.02564137,0.02208407,-0.9985331,0.5703351,2.992952,0.1352105,-0.08297309,-0.1579697,0.9839517,8,-5.7,-7.874434,71.68335,9,0.7,-25.96686,200.4177
13.24927,-11.76354,-19.91762,142.0806,0.082537,3.005809,0.1153667,0.04507278,0.02231092,0.02243679,-0.9984825,0.196525,2.996873,0.1287017,-0.08289136,-0.158813,0.9838229,8,-5.7,-7.556374,69.42023,9,0.7,-25.6488,198.1545
13.26697,-10.01867,-16.88905,120.5312,-0.09932099,3.005776,0.1136014,0.04727454,0.02084472,0.022656,-0.9984074,-0.0144136,3.000399,0.122458,-0.08170091,-0.1624295,0.9833319,8,-5.7,-7.321641,67.75002,9,0.7,-25.41407,196.4843
13.29102,-10.33713,-16.88905,120.5312,-0.4575896,3.006915,0.1103538,0.04867309,0.01798483,0.02300391,-0.9983878,-0.3328746,3.000399,0.122458,-0.08170091,-0.1624295,0.9833319,8,-5.7,-7.003479,65.48618,9,0.7,-25.0959,194.2205
13.30872,-12.85,-20.39968,147.437,-0.6347352,3.007366,0.1089199,0.04976544,0.01632699,0.02351308,-0.9983506,-0.5391312,3.003262,0.1172365,-0.08225113,-0.1563592,0.9842696,8,-5.7,-6.769629,63.82226,9,0.7,-24.86205,192.5566
13.33289,-16.48622,-27.14555,193.5099,-0.9850942,3.006854,0.1061409,0.04994679,0.01341734,0.02368196,-0.9983809,-0.8987428,3.005087,0.1128283,-0.07938498,-0.1535533,0.9849464,8,-5.7,-6.451098,61.55579,9,0.7,-24.54352,190.2901
13.35083,-16.63935,-27.14555,193.5099,-1.157364,3.006437,0.104551,0.04819068,0.0121014,0.02386804,-0.9984797,-1.051872,3.005087,0.1128283,-0.07938498,-0.1535533,0.9849464,8,-5.7,-6.213812,59.86741,9,0.7,-24.30624,188.6017
13.37451,-11.84082,-19.03659,135.8117,-1.497288,3.005265,0.1018522,0.04556285,0.009638749,0.02337004,-0.9986416,-1.401384,3.005901,0.1088949,-0.07571549,-0.1598705,0.9842299,8,-5.7,-5.900037,57.63479,9,0.7,-23.99246,186.3691
13.39258,-11.9899,-19.03659,135.8117,-1.664999,3.004501,0.1007115,0.04431063,0.008487068,0.02299328,-0.9987171,-1.550461,3.005901,0.1088949,-0.07571549,-0.1598705,0.9842299,8,-5.7,-5.661392,55.93674,9,0.7,-23.75382,184.6711
13.41638,-10.64483,-17.21972,122.884,-1.995205,3.002975,0.09868823,0.04217242,0.006116971,0.02264608,-0.998835,-1.890421,3.005544,0.1054029,-0.07018071,-0.1621382,0.9842692,8,-5.7,-5.346483,53.69605,9,0.7,-23.43891,182.4304
13.43433,-9.530358,-14.61195,104.3288,-2.156526,3.00278,0.09762987,0.04169501,0.004975185,0.0226387,-0.9988614,-2.07925,3.004308,0.1023427,-0.07031536,-0.1662429,0.9835746,8,-5.7,-5.108908,52.00562,9,0.7,-23.20133,180.7399
13.45813,-9.813236,-14.61194,104.3287,-2.474767,3.000343,0.09596552,0.04138912,0.002777934,0.0219221,-0.9988987,-2.362131,3.004308,0.1023427,-0.07031536,-0.1662429,0.9835746,8,-5.7,-4.795118,49.77288,9,0.7,-22.88754,178.5072
13.47595,-9.713165,-14.00279,99.99438,-2.629446,3.000371,0.09493072,0.04025617,0.002234437,0.021477,-0.998956,-2.543956,3.002745,0.09965956,-0.07057337,-0.1674018,0.9833596,8,-5.7,-4.55832,48.08798,9,0.7,-22.65075,176.8223
13.49988,-8.972277,-12.69087,90.65944,-2.937574,2.998401,0.09354261,0.04070329,0.0009247736,0.02178033,-0.9989335,-2.860976,3.001191,0.09729004,-0.06634455,-0.1703538,0.983147,8,-5.7,-4.242102,45.83797,9,0.7,-22.33453,174.5723
13.51782,-9.10636,-12.69087,90.65945,-3.088418,2.997581,0.09292859,0.04040655,0.0008643121,0.02220854,-0.9989361,-2.995059,3.001191,0.09729004,-0.06634455,-0.1703538,0.983147,8,-5.7,-4.006034,44.15827,9,0.7,-22.09846,172.8926
13.54163,-9.002109,-12.05132,86.10883,-3.381936,2.996141,0.0919168,0.04026524,0.001223639,0.02147809,-0.9989575,-3.297844,2.999212,0.09522057,-0.06518666,-0.1719932,0.9829389,8,-5.7,-3.690585,41.91373,9,0.7,-21.78301,170.6481
13.55969,-9.130147,-12.05133,86.10887,-3.525976,2.995259,0.09146437,0.03966171,0.001672082,0.02126964,-0.9989854,-3.42588,2.999212,0.09522057,-0.06518666,-0.1719932,0.9829389,8,-5.7,-3.451662,40.21371,9,0.7,-21.54409,168.948
13.58337,-8.504492,-10.35967,74.0721,-3.808636,2.993443,0.09056529,0.03853461,0.002592064,0.0222704,-0.9990057,-3.717843,2.997191,0.09353137,-0.06354496,-0.1773186,0.9820999,8,-5.7,-3.138156,37.983,9,0.7,-21.23059,166.7173
13.6012,-8.603166,-10.84386,77.51725,-3.946424,2.991692,0.09005439,0.03796121,0.003055699,0.0234399,-0.9989996,-3.879755,2.995199,0.09217072,-0.0599464,-0.1756362,0.9826283,8,-5.7,-2.90257,36.30672,9,0.7,-20.995,165.041
13.62524,-8.843215,-10.84386,77.51726,-4.216479,2.989412,0.08924045,0.03540179,0.003786691,0.02669716,-0.9990094,-4.119804,2.995199,0.09217072,-0.0599464,-0.1756362,0.9826283,8,-5.7,-2.586042,34.0545,9,0.7,-20.67847,162.7888
13.64307,-8.533949,-9.950184,71.15845,-4.347132,2.987858,0.08902098,0.03554589,0.004451417,0.02829613,-0.9989575,-4.274076,2.992888,0.09100306,-0.05886895,-0.1788658,0.9821107,8,-5.7,-2.35034,32.3774,9,0.7,-20.44277,161.1117
13.66699,-8.53505,-9.373098,67.05227,-4.603056,2.9851,0.08845808,0.03461703,0.00552433,0.03081118,-0.9989103,-4.538317,2.990081,0.08999133,-0.05859348,-0.1812485,0.9816903,8,-5.7,-2.033586,30.12358,9,0.7,-20.12602,158.8579
13.68481,-8.64469,-9.373098,67.05227,-4.726399,2.983387,0.08817045,0.03405476,0.006002925,0.03202023,-0.9988889,-4.647955,2.990081,0.08999133,-0.05859348,-0.1812485,0.9816903,8,-5.7,-1.79748,28.44359,9,0.7,-19.88991,157.1779
13.70874,-7.7134,-8.800941,62.98116,-4.967196,2.979665,0.08749335,0.03241025,0.005756125,0.03544731,-0.9988292,-4.897361,2.986918,0.08917618,-0.04396686,-0.1840441,0.9819341,8,-5.7,-1.480764,26.19004,9,0.7,-19.57319,154.9243
13.72656,-7.802598,-8.380776,59.99153,-5.082743,2.977692,0.08729671,0.03156627,0.005170599,0.036832,-0.9988094,-5.033842,2.983493,0.08842134,-0.04536385,-0.1861946,0.9814651,8,-5.7,-1.245954,24.51928,9,0.7,-19.33838,153.2536
13.75,-8.001604,-8.380776,59.99153,-5.306624,2.973742,0.08692569,0.03040089,0.003927119,0.03867992,-0.9987814,-5.232847,2.983493,0.08842134,-0.04536385,-0.1861946,0.9814651,8,-5.7,-0.9353652,22.30933,9,0.7,-19.0278,151.0436
13.76794,-7.216816,-7.87693,56.40648,-5.414104,2.971604,0.08682312,0.0301488,0.002647415,0.03990853,-0.998745,-5.360673,2.97919,0.08774245,-0.0323451,-0.1891787,0.9814098,8,-5.7,-0.6993121,20.62972,9,0.7,-18.79174,149.364
13.79199,-7.40092,-7.87693,56.40648,-5.621219,2.966959,0.08656011,0.0295145,0.0006340221,0.04148994,-0.9987027,-5.544776,2.97919,0.08774245,-0.0323451,-0.1891787,0.9814098,8,-5.7,-0.3802227,18.35928,9,0.7,-18.47265,147.0936
13.81006,-3.050388,-16.63997,118.7588,-5.718243,2.96437,0.08642388,0.02898906,-0.0005908758,0.04164639,-0.9987116,-5.661592,2.97445,0.08722532,0.02170398,-0.1630324,0.9863819,8,-5.7,-0.1410971,16.65782,9,0.7,-18.23353,145.3921
13.83386,-1.121667,-20.06025,143.0953,-5.905472,2.958666,0.08621675,0.02840609,-0.003034235,0.04205459,-0.9987069,-5.856804,2.969225,0.08686793,0.03267229,-0.1589026,0.9867535,8,-5.7,0.1722257,14.42841,9,0.7,-17.9202,143.1627
13.85156,-1.197687,-20.06024,143.0953,-5.990994,2.955601,0.08608042,0.02782191,-0.004122615,0.04133066,-0.9987496,-5.932823,2.969225,0.08686793,0.03267229,-0.1589026,0.9867535,8,-5.7,0.4067295,12.75983,9,0.7,-17.6857,141.4941
13.87537,-0.4880029,-20.81336,148.454,-6.151896,2.949424,0.0857987,0.02648997,-0.0063117,0.04036221,-0.998814,-6.102676,2.963214,0.08659792,0.03734021,-0.1581253,0.9867128,8,-5.7,0.7212112,10.52217,9,0.7,-17.37122,139.2565
13.89343,-0.5523607,-20.81336,148.454,-6.224299,2.946214,0.08570069,0.02617753,-0.00728713,0.0397227,-0.9988412,-6.167034,2.963214,0.08659792,0.03734021,-0.1581253,0.9867128,8,-5.7,0.960109,8.822328,9,0.7,-17.13232,137.5566
13.91699,-0.200995,-20.92039,149.2156,-6.358356,2.939736,0.08566915,0.02622934,-0.008576926,0.03827807,-0.998886,-6.310621,2.956561,0.08627844,0.04042037,-0.1579663,0.9866169,8,-5.7,1.272758,6.597712,9,0.7,-16.81967,135.332
13.93506,-0.2297206,-18.72785,133.6148,-6.414763,2.936579,0.08588282,0.02696421,-0.008477751,0.03719408,-0.9989082,-6.382583,2.949286,0.08597767,0.04543647,-0.1600771,0.9860582,8,-5.7,1.511174,4.901296,9,0.7,-16.58125,133.6356
13.95911,-0.3205968,-18.72784,133.6147,-6.516994,2.930352,0.08667693,0.02865334,-0.008820061,0.03645554,-0.9988855,-6.473454,2.949286,0.08597767,0.04543647,-0.1600771,0.9860582,8,-5.7,1.828224,2.645366,9,0.7,-16.2642,131.3797
13.97693,-0.2600909,-17.66072,126.0219,-6.557314,2.927189,0.08717558,0.02968226,-0.008853551,0.03674909,-0.9988444,-6.528228,2.941712,0.08606112,0.04906038,-0.1612542,0.9856927,8,-5.7,2.06504,0.9603369,9,0.7,-16.02739,129.6947
14.00061,0.2907839,-18.63997,132.9896,-6.622591,2.921065,0.08816555,0.03055908,-0.008974645,0.03720205,-0.9988001,-6.60203,2.934093,0.0864985,0.05112641,-0.1600224,0.9857885,9,0.7,-15.71421,127.4663,10,-5.7,-33.80665,256.2006
14.01892,0.272523,-18.63997,132.9895,-6.643136,2.91814,0.08886394,0.03023521,-0.009226657,0.03764532,-0.998791,-6.620291,2.934093,0.0864985,0.05112641,-0.1600224,0.9857885,9,0.7,-15.47265,125.7475,10,-5.7,-33.56509,254.4818
14.04236,0.02454472,-18.02298,128.5994,-6.671668,2.912065,0.09011619,0.02946569,-0.01013937,0.03875286,-0.9987628,-6.657889,2.926573,0.08729315,0.05125357,-0.1606809,0.9856747,9,0.7,-15.16275,123.5424,10,-5.7,-33.25518,252.2767
14.06067,0.2764244,-18.44832,131.6259,-6.673758,2.909041,0.09085687,0.02877616,-0.01095644,0.03971496,-0.9987365,-6.668124,2.919253,0.08854234,0.05204156,-0.1601258,0.9857238,9,0.7,-14.91994,121.8148,10,-5.7,-33.01238,250.5491
14.08423,0.2857094,-18.44831,131.6258,-6.66331,2.903311,0.09227861,0.02799798,-0.0124169,0.04064675,-0.9987041,-6.658837,2.919253,0.08854234,0.05204156,-0.1601258,0.9857238,9,0.7,-14.60974,119.6075,10,-5.7,-32.70217,248.3419
14.10242,1.411242,-20.64527,147.258,-6.644839,2.900553,0.09283638,0.02720962,-0.01360068,0.04094565,-0.9986982,-6.646935,2.911981,0.09018362,0.05398787,-0.157828,0.9859897,9,0.7,-14.36841,117.8904,10,-5.7,-32.46085,246.6248
14.12573,1.457654,-20.64525,147.2579,-6.59262,2.895633,0.09395325,0.0252095,-0.01611842,0.04167105,-0.9986833,-6.600518,2.911981,0.09018362,0.05398787,-0.157828,0.9859897,9,0.7,-14.06006,115.6964,10,-5.7,-32.1525,244.4307
14.14429,1.491064,-19.27804,137.5297,-6.553277,2.89367,0.09456292,0.02410419,-0.01769081,0.04167864,-0.9986836,-6.565832,2.904987,0.09173334,0.05777637,-0.1590755,0.9855744,9,0.7,-13.81547,113.956,10,-5.7,-31.90791,242.6904
14.16748,1.341904,-17.31466,123.5594,-6.460783,2.890182,0.09568293,0.02249333,-0.02006751,0.04194861,-0.998665,-6.479572,2.89855,0.0931927,0.06239503,-0.1612488,0.9849395,9,0.7,-13.50819,111.7696,10,-5.7,-31.60062,240.5039
14.18616,1.39368,-17.31466,123.5594,-6.402535,2.888938,0.09647976,0.0221438,-0.0208451,0.04277874,-0.9986216,-6.427796,2.89855,0.0931927,0.06239503,-0.1612488,0.9849395,9,0.7,-13.26176,110.0162,10,-5.7,-31.35419,238.7505
14.20935,4.794244,-23.96807,170.901,-6.272356,2.88655,0.09744889,0.02157695,-0.02172995,0.04440909,-0.998544,-6.303717,2.893135,0.09480989,0.06405333,-0.155033,0.9858306,9,0.7,-12.95541,107.8364,10,-5.7,-31.04785,236.5707
14.22791,3.535101,-20.00844,142.7268,-6.19484,2.885828,0.09761649,0.02040332,-0.02178239,0.04572538,-0.9985081,-6.222254,2.888999,0.09632385,0.06739161,-0.1581469,0.9851132,9,0.7,-12.7099,106.0895,10,-5.7,-30.80234,234.8238
14.2511,3.683421,-20.00846,142.7269,-6.027988,2.885884,0.09803832,0.01757716,-0.02180671,0.04825338,-0.9984424,-6.073941,2.888999,0.09632385,0.06739161,-0.1581469,0.9851132,9,0.7,-12.40339,103.9086,10,-5.7,-30.49582,232.6429
14.26941,1.605044,-17.13818,122.3038,-5.933966,2.887197,0.09845954,0.01641163,-0.02184995,0.05035048,-0.9983578,-5.973724,2.886136,0.09730065,0.06108564,-0.161398,0.9849971,9,0.7,-12.16023,102.1784,10,-5.7,-30.25267,230.9127
14.29297,0.3517919,-13.90349,99.28773,-5.735164,2.890769,0.09944488,0.01565666,-0.02202885,0.05421584,-0.9981635,-5.776441,2.885284,0.09801006,0.06080379,-0.1665768,0.984152,9,0.7,-11.84943,99.96695,10,-5.7,-29.94187,228.7013
14.3114,0.4480701,-13.90349,99.28773,-5.626851,2.892993,0.09978836,0.01549619,-0.02202819,0.05551508,-0.9980946,-5.680162,2.885284,0.09801006,0.06080379,-0.1665768,0.984152,9,0.7,-11.60519,98.22906,10,-5.7,-29.69762,226.9634
14.33459,5.868493,-25.45151,181.4561,-5.403298,2.898261,0.09987874,0.01178069,-0.02280526,0.05837906,-0.9979644,-5.457286,2.887176,0.09892201,0.06158428,-0.1540925,0.9861354,9,0.7,-11.29872,96.04842,10,-5.7,-29.39115,224.7827
14.35327,5.973736,-25.45149,181.456,-5.284891,2.901452,0.09947678,0.007861945,-0.02353127,0.05978859,-0.9979027,-5.352036,2.887176,0.09892201,0.06158428,-0.1540925,0.9861354,9,0.7,-11.05189,94.29211,10,-5.7,-29.14432,223.0264
14.37646,3.676291,-20.40154,145.5238,-5.039808,2.908987,0.09857638,0.001303557,-0.02482045,0.06123416,-0.9978139,-5.106941,2.89163,0.09965801,0.05953138,-0.1578775,0.9856626,9,0.7,-10.74621,92.11713,10,-5.7,-28.83864,220.8515
14.39502,0.9431517,-13.56351,96.86864,-4.91133,2.913713,0.09799591,0.0002007857,-0.02562388,0.06080812,-0.9978205,-4.962892,2.898176,0.09960127,0.06005936,-0.1674011,0.9840578,9,0.7,-10.50061,90.36958,10,-5.7,-28.59304,219.1039
14.41821,1.177964,-13.56351,96.86865,-4.647165,2.923497,0.09697156,0.0005825676,-0.02684553,0.05846101,-0.9979285,-4.728078,2.898176,0.09960127,0.06005936,-0.1674011,0.9840578,9,0.7,-10.19415,88.189,10,-5.7,-28.28658,216.9233
14.43677,2.545895,-16.02845,114.4077,-4.509,2.928807,0.09650488,0.0026154,-0.02729914,0.05582396,-0.9980639,-4.573016,2.906915,0.09885657,0.06132495,-0.1631163,0.9846991,9,0.7,-9.948318,86.43983,10,-5.7,-28.04075,215.1741
14.45996,7.331964,-24.47062,174.4767,-4.232614,2.939032,0.0950568,0.004950087,-0.0279764,0.05164715,-0.9982612,-4.292907,2.917776,0.09783769,0.06571471,-0.154825,0.9857539,9,0.7,-9.641848,84.25917,10,-5.7,-27.73428,212.9935
14.47839,7.457874,-24.47063,174.4768,-4.090964,2.943838,0.09427056,0.006081361,-0.02784656,0.04902643,-0.9983907,-4.166996,2.917776,0.09783769,0.06571471,-0.154825,0.9857539,9,0.7,-9.397345,82.51944,10,-5.7,-27.48978,211.2538
14.50171,9.920523,-33.0768,235.7128,-3.804173,2.953247,0.09277335,0.007218771,-0.0269203,0.04349345,-0.9986649,-3.87625,2.929673,0.09628308,0.05778731,-0.1508119,0.986872,9,0.7,-9.089914,80.33196,10,-5.7,-27.18235,209.0663
14.52026,10.05135,-33.07677,235.7126,-3.65698,2.957911,0.09219056,0.007679295,-0.0256751,0.04025638,-0.9988299,-3.74541,2.929673,0.09628308,0.05778731,-0.1508119,0.986872,9,0.7,-8.843894,78.58144,10,-5.7,-26.93633,207.3158
14.54358,3.751606,-17.59236,125.5355,-3.36097,2.967435,0.09116261,0.008929458,-0.02323172,0.03494497,-0.9990793,-3.445181,2.941584,0.09453082,0.05652782,-0.1612858,0.9852875,9,0.7,-8.536054,76.39104,10,-5.7,-26.62849,205.1254
14.56201,3.120423,-15.92842,113.696,-3.210813,2.971912,0.09080063,0.01008213,-0.02161777,0.03282484,-0.9991764,-3.273554,2.953118,0.09283423,0.05543641,-0.1637049,0.9849505,9,0.7,-8.293016,74.66174,10,-5.7,-26.38545,203.3961
14.58533,3.390505,-15.92842,113.6959,-2.906971,2.979676,0.090136,0.0124757,-0.01752363,0.02822752,-0.9993701,-3.003472,2.953118,0.09283423,0.05543641,-0.1637049,0.9849505,9,0.7,-7.984349,72.46545,10,-5.7,-26.07678,201.1998
14.60364,3.304144,-15.52202,110.8042,-2.754804,2.98288,0.08978264,0.01297918,-0.01491037,0.02658347,-0.9994512,-2.829005,2.964312,0.09150791,0.0545591,-0.1644502,0.9848754,9,0.7,-7.742033,70.74128,10,-5.7,-25.83447,199.4756
14.62708,4.362961,-18.24936,130.2103,-2.451784,2.988518,0.08903949,0.01334751,-0.009751745,0.02542489,-0.9995401,-2.519592,2.974386,0.09053409,0.05213314,-0.1607631,0.9856153,9,0.7,-7.431815,68.53397,10,-5.7,-25.52425,197.2683
14.64563,4.497316,-18.24936,130.2103,-2.300635,2.990882,0.08882849,0.01262665,-0.006480478,0.02582052,-0.9995659,-2.385238,2.974386,0.09053409,0.05213314,-0.1607631,0.9856153,9,0.7,-7.186525,66.78864,10,-5.7,-25.27896,195.523
14.66895,3.918639,-17.63142,125.8134,-1.997259,2.994635,0.08828928,0.01356321,0.0004945323,0.02492407,-0.9995973,-2.075192,2.982658,0.08965898,0.04699443,-0.161624,0.9857328,9,0.7,-6.879107,64.60124,10,-5.7,-24.97154,193.3356
14.68738,4.052616,-17.63142,125.8134,-1.846536,2.995731,0.0883436,0.01424501,0.004460886,0.02378529,-0.9996056,-1.941216,2.982658,0.08965898,0.04699443,-0.161624,0.9857328,9,0.7,-6.635139,62.86532,10,-5.7,-24.72757,191.5997
14.71082,2.960798,-17.13659,122.2925,-1.546798,2.997729,0.08875851,0.01627677,0.01248333,0.0221909,-0.9995433,-1.634363,2.988957,0.08872056,0.03707713,-0.1623877,0.9860302,9,0.7,-6.325568,60.66261,10,-5.7,-24.418,189.397
14.72913,2.005778,-16.60118,118.4829,-1.398301,2.997972,0.08921678,0.01743188,0.01632129,0.02164597,-0.9994805,-1.462144,2.99342,0.08847976,0.0288861,-0.1632135,0.9861678,9,0.7,-6.083138,58.93763,10,-5.7,-24.17557,187.672
14.75269,2.270055,-16.60118,118.4829,-1.10099,2.99794,0.0904042,0.01976174,0.0236047,0.0202833,-0.9993203,-1.197868,2.99342,0.08847976,0.0288861,-0.1632135,0.9861678,9,0.7,-5.771664,56.72137,10,-5.7,-23.8641,185.4557
14.771,1.166927,-13.75313,98.21796,-0.9547013,2.996984,0.09132814,0.02105391,0.02683452,0.01983819,-0.9992213,-1.027903,2.996027,0.08886063,0.02204254,-0.1682108,0.9855046,9,0.7,-5.529792,55.00037,10,-5.7,-23.62223,183.7347
14.79443,0.4827428,-13.7342,98.08327,-0.6627104,2.994817,0.09306818,0.02377811,0.03312466,0.0208607,-0.9989505,-0.7285114,2.996797,0.08982527,0.01218334,-0.168288,0.9856626,9,0.7,-5.219643,52.79354,10,-5.7,-23.31208,181.5279
14.8125,0.6084116,-13.7342,98.08327,-0.521333,2.99273,0.09436384,0.02470568,0.03571067,0.0220187,-0.998814,-0.6028426,2.996797,0.08982527,0.01218334,-0.168288,0.9856626,9,0.7,-4.980436,51.09149,10,-5.7,-23.07287,179.8259
14.83606,0.6657961,-14.78653,105.571,-0.2475091,2.989657,0.09707165,0.02371847,0.04040891,0.02377603,-0.9986187,-0.3201752,2.995522,0.09156561,0.009217069,-0.1662304,0.9860439,9,0.7,-4.668279,48.87038,10,-5.7,-22.76071,177.6047
14.85449,0.783944,-14.78654,105.571,-0.1145932,2.988786,0.09862906,0.02400836,0.04191504,0.0249487,-0.9985211,-0.2020276,2.995522,0.09156561,0.009217069,-0.1662304,0.9860439,9,0.7,-4.424835,47.13819,10,-5.7,-22.51727,175.8725
14.87781,0.4233809,-12.37933,88.44286,0.1445588,2.985425,0.1023941,0.02725454,0.04467467,0.02437975,-0.9983321,0.0662331,2.992395,0.09415305,0.003982614,-0.1714127,0.9851913,9,0.7,-4.116385,44.94345,10,-5.7,-22.20882,173.6778
14.89624,1.045372,-11.76546,84.07496,0.2690617,2.983685,0.1040604,0.02788299,0.04571512,0.02233251,-0.9983156,0.213375,2.988895,0.09752464,0.009757457,-0.1730356,0.9848673,9,0.7,-3.873471,43.21503,10,-5.7,-21.96591,171.9494
14.91968,1.260275,-11.76546,84.07493,0.5108283,2.97999,0.107577,0.02780874,0.04796505,0.01888525,-0.9982833,0.4282787,2.988895,0.09752464,0.009757457,-0.1730356,0.9848673,9,0.7,-3.562623,41.00323,10,-5.7,-21.65506,169.7376
14.93799,1.010218,-11.29543,80.73051,0.6269729,2.977854,0.1092862,0.02761769,0.04857185,0.01716376,-0.9982904,0.5663686,2.985163,0.1015279,0.005420387,-0.174398,0.9846603,9,0.7,-3.321961,39.29084,10,-5.7,-21.4144,168.0252
14.96143,0.8688868,-11.08697,79.24719,0.8531343,2.972741,0.1127944,0.02866591,0.04991437,0.01326886,-0.9982539,0.8005028,2.980875,0.1057229,0.0008507338,-0.1750121,0.9845659,9,0.7,-3.010713,37.07619,10,-5.7,-21.10315,165.8105
14.97974,0.9640968,-11.08697,79.24725,0.9602454,2.970858,0.114582,0.02906983,0.0500885,0.01139006,-0.9982566,0.8957127,2.980875,0.1057229,0.0008507338,-0.1750121,0.9845659,9,0.7,-2.769842,35.3623,10,-5.7,-20.86228,164.0967
15.00317,1.160062,-10.56415,75.52712,1.170142,2.966019,0.1182556,0.03188029,0.05113009,0.006993488,-0.9981585,1.113628,2.975817,0.1099384,0.0006060023,-0.1767088,0.9842629,9,0.7,-2.459779,33.15609,10,-5.7,-20.55221,161.8905
15.02173,1.249053,-10.56415,75.52712,1.270257,2.962534,0.1199367,0.03230402,0.0515796,0.003817591,-0.998139,1.202619,2.975817,0.1099384,0.0006060023,-0.1767088,0.9842629,9,0.7,-2.213958,31.40698,10,-5.7,-20.30639,160.1413
15.04492,1.039577,-10.04621,71.8418,1.462061,2.95609,0.1231847,0.03304028,0.05196315,-0.0002863505,-0.9981023,1.402693,2.970393,0.1142303,-0.00498102,-0.1785542,0.9839175,9,0.7,-1.908148,29.23104,10,-5.7,-20.00058,157.9654
15.06299,0.6171591,-10.29104,73.58385,1.551766,2.95222,0.1249204,0.03403278,0.05212336,-0.002520289,-0.9980575,1.510303,2.963965,0.1184592,-0.01196332,-0.1775455,0.9840399,9,0.7,-1.668471,27.52564,10,-5.7,-19.76091,156.26
15.08679,0.7684629,-10.29104,73.58385,1.721983,2.94491,0.1282974,0.03502509,0.05185395,-0.005678558,-0.9980241,1.661607,2.963965,0.1184592,-0.01196332,-0.1775455,0.9840399,9,0.7,-1.354476,25.29145,10,-5.7,-19.44691,154.0258
15.10474,0.87429,-9.181969,65.69242,1.799821,2.941059,0.130109,0.03648478,0.05152394,-0.007191275,-0.9979792,1.756733,2.956426,0.1225349,-0.01323206,-0.1820128,0.9832072,9,0.7,-1.116569,23.59865,10,-5.7,-19.209,152.333
15.12842,0.1592022,-9.235072,66.07027,1.943888,2.9332,0.1336722,0.03696601,0.0512734,-0.01062784,-0.9979437,1.908569,2.947948,0.1265972,-0.02607786,-0.1816127,0.9830243,9,0.7,-0.8040307,21.37483,10,-5.7,-18.89647,150.1092
15.14648,0.2143128,-9.235073,66.07027,2.005887,2.93006,0.1356409,0.03638484,0.05107339,-0.01100419,-0.9979713,1.963679,2.947948,0.1265972,-0.02607786,-0.1816127,0.9830243,9,0.7,-0.5644169,19.66989,10,-5.7,-18.65685,148.4043
15.17029,0.2211987,-9.051498,64.76407,2.119942,2.922666,0.1395844,0.0364818,0.05038914,-0.01184545,-0.9979929,2.086344,2.938855,0.1308866,-0.02836188,-0.1823283,0.9828286,9,0.7,-0.2499908,17.43263,10,-5.7,-18.34242,146.167
15.18848,0.262803,-9.051498,64.76407,2.166748,2.919588,0.1413929,0.03498074,0.04984713,-0.01232278,-0.998068,2.127949,2.938855,0.1308866,-0.02836188,-0.1823283,0.9828286,9,0.7,-0.009815753,15.7237,10,-5.7,-18.10225,144.4581
15.21191,0.225371,-7.901945,56.58457,2.248466,2.913203,0.1451127,0.0332825,0.0493982,-0.01446354,-0.9981198,2.218901,2.930036,0.1352862,-0.03466182,-0.1883374,0.9814926,9,0.7,0.301024,13.51196,10,-5.7,-17.79141,142.2463
15.22998,0.0134511,-7.277549,52.14176,2.278521,2.910134,0.1468309,0.03185392,0.04934504,-0.01567046,-0.9981508,2.260697,2.921696,0.1397737,-0.0423686,-0.1922921,0.9804227,9,0.7,0.5394431,11.81552,10,-5.7,-17.55299,140.5499
15.25378,0.05639483,-7.277551,52.14178,2.326833,2.904614,0.150428,0.03002224,0.04948685,-0.01808399,-0.9981597,2.303642,2.921696,0.1397737,-0.0423686,-0.1922921,0.9804227,9,0.7,0.8545659,9.573304,10,-5.7,-17.23787,138.3076
15.27173,-0.01099372,-6.30167,45.19802,2.34019,2.902133,0.152178,0.02981203,0.04985355,-0.01950442,-0.998121,2.327231,2.913884,0.1442163,-0.05078011,-0.2001377,0.978451,9,0.7,1.091348,7.888515,10,-5.7,-17.00109,136.6229
15.29553,0.08548571,-5.910155,42.41225,2.352977,2.896856,0.1551455,0.02888839,0.05087779,-0.02294935,-0.9980232,2.346874,2.906708,0.1486754,-0.05230743,-0.20394,0.977585,9,0.7,1.406182,5.648353,10,-5.7,-16.68625,134.3827
15.3136,0.0813079,-5.910155,42.41225,2.348276,2.894361,0.1563552,0.02847342,0.05167031,-0.02425645,-0.9979634,2.342696,2.906708,0.1486754,-0.05230743,-0.20394,0.977585,9,0.7,1.644781,3.950633,10,-5.7,-16.44765,132.685
15.33728,-2.609818,-11.07933,79.19273,2.32347,2.889591,0.1582612,0.02685338,0.0527916,-0.02534557,-0.9979227,2.325176,2.900268,0.1526089,-0.06136645,-0.1738358,0.9828608,9,0.7,1.958407,1.719064,10,-5.7,-16.13402,130.4534
15.35596,-2.630908,-11.07933,79.1927,2.299743,2.887778,0.1587469,0.02446257,0.05351533,-0.02639669,-0.9979184,2.304084,2.900268,0.1526089,-0.06136645,-0.1738358,0.9828608,9,0.7,2.204545,-0.03229713,10,-5.7,-15.88789,128.7021
15.37903,-4.348782,-14.41889,102.9549,2.240802,2.884051,0.1592668,0.01993144,0.05506667,-0.02949735,-0.9978479,2.252386,2.894221,0.1558656,-0.06319591,-0.1657462,0.9841415,10,-5.7,-15.5821,126.5263,11,5.7,-34.08046,258.149
15.39722,-3.65777,-11.53983,82.46937,2.199279,2.881869,0.1590245,0.0171586,0.05581008,-0.03084339,-0.9978174,2.21246,2.888829,0.1582919,-0.07007382,-0.1722371,0.9825599,10,-5.7,-15.3419,124.8172,11,5.7,-33.84026,256.4399
15.42102,-3.748658,-11.53984,82.4694,2.097032,2.878808,0.1578673,0.01164554,0.05692964,-0.0314898,-0.9978135,2.121573,2.888829,0.1582919,-0.07007382,-0.1722371,0.9825599,10,-5.7,-15.02663,122.5739,11,5.7,-33.52499,254.1966
15.43872,-4.550881,-11.91839,85.16291,2.031843,2.879028,0.1573272,0.0110294,0.05763211,-0.03115918,-0.9977906,2.056715,2.883941,0.1592979,-0.0763571,-0.1710551,0.9822982,10,-5.7,-14.79253,120.9082,11,5.7,-33.29089,252.531
15.46265,-5.215063,-12.1658,86.92338,1.884416,2.88018,0.1558023,0.01293901,0.05808792,-0.02935506,-0.9977959,1.914307,2.879968,0.158673,-0.0806967,-0.1703018,0.9820821,10,-5.7,-14.47707,118.6636,11,5.7,-32.97543,250.2863
15.48059,-5.293721,-12.1658,86.92338,1.795925,2.880874,0.1545486,0.01435502,0.05787981,-0.02808604,-0.9978251,1.835649,2.879968,0.158673,-0.0806967,-0.1703018,0.9820821,10,-5.7,-14.23924,116.9713,11,5.7,-32.7376,248.5941
15.50439,-10.07781,-18.67673,133.2511,1.603427,2.884002,0.1516429,0.01274812,0.0577452,-0.0268137,-0.9978898,1.648542,2.878651,0.1572239,-0.08664551,-0.1592719,0.9834251,10,-5.7,-13.92495,114.7351,11,5.7,-32.42331,246.3578
15.52344,-10.1748,-18.67673,133.2511,1.494317,2.885757,0.149591,0.0107627,0.05792217,-0.02753361,-0.9978833,1.551556,2.878651,0.1572239,-0.08664551,-0.1592719,0.9834251,10,-5.7,-13.67296,112.942,11,5.7,-32.17131,244.5648
15.54626,-12.78879,-22.13669,157.8701,1.260727,2.890275,0.1448074,0.007251247,0.05850348,-0.02795464,-0.9978694,1.323101,2.879783,0.1550605,-0.0880293,-0.1560515,0.9838185,10,-5.7,-13.37182,110.7993,11,5.7,-31.87017,242.4221
15.56421,-10.97327,-19.78066,141.1059,1.131459,2.893161,0.1420588,0.006556296,0.05931904,-0.02787026,-0.9978285,1.182868,2.883041,0.1513942,-0.08484092,-0.158176,0.9837593,10,-5.7,-13.13484,109.1131,11,5.7,-31.63319,240.7358
15.58838,-11.21294,-19.78066,141.1059,0.8618335,2.899884,0.1359994,0.007012472,0.06133332,-0.02720441,-0.9977219,0.9432009,2.883041,0.1513942,-0.08484092,-0.158176,0.9837593,10,-5.7,-12.81401,106.8303,11,5.7,-31.31237,238.453
15.60583,-9.013079,-15.71008,112.1423,0.7166401,2.903472,0.1325325,0.009049779,0.06241156,-0.02591446,-0.997673,0.7843421,2.888053,0.1461759,-0.08597863,-0.1632106,0.9828377,10,-5.7,-12.58338,105.1893,11,5.7,-31.08174,236.812
15.62988,-12.85,-27.53656,197.0539,0.4153938,2.910765,0.1253679,0.01212017,0.06424268,-0.02245001,-0.9976081,0.4827238,2.894925,0.1396282,-0.06676461,-0.1523879,0.9860631,10,-5.7,-12.26613,102.9319,11,5.7,-30.76448,234.5547
15.64758,-12.85,-27.21292,194.9598,0.25588,2.914744,0.1215772,0.01429226,0.06499811,-0.02010281,-0.9975805,0.3409338,2.894925,0.1396282,-0.06676461,-0.1523879,0.9860631,10,-5.7,-12.03216,101.2671,11,5.7,-30.53051,232.8899
15.67175,-25.87569,-50.97726,363.0813,-0.07146101,2.922457,0.1138169,0.01890893,0.0661649,-0.01728581,-0.9974797,0.01253165,2.903115,0.1319114,-0.0703792,-0.1464781,0.9867071,10,-5.7,-11.7131,98.9969,11,5.7,-30.21145,230.6197
15.69006,-26.0279,-50.97727,363.0814,-0.2426967,2.926219,0.1098572,0.02111761,0.06628168,-0.01608338,-0.9974478,-0.1396778,2.903115,0.1319114,-0.0703792,-0.1464781,0.9867071,10,-5.7,-11.47095,97.2739,11,5.7,-29.9693,228.8967
15.71362,NaN,NaN,NaN,-0.5939361,2.934186,0.1020323,0.02470308,0.06596097,-0.0129184,-0.9974327,-0.492653,2.91207,0.1232015,-0.07000737,-0.1401286,0.9876553,10,-5.7,-11.15898,95.05415,11,5.7,-29.65734,226.6769
15.73132,NaN,NaN,NaN,-0.7755491,2.938275,0.09826426,0.02692105,0.06525593,-0.01115412,-0.997443,-0.6976021,2.921291,0.1139687,-0.07045662,-0.1367575,0.9880958,10,-5.7,-10.92439,93.38491,11,5.7,-29.42274,225.0077
15.75537,NaN,NaN,NaN,-1.14464,2.946322,0.09067916,0.03004207,0.0632908,-0.008550605,-0.9975063,-1.025683,2.921291,0.1139687,-0.07045662,-0.1367575,0.9880958,10,-5.7,-10.60733,91.12891,11,5.7,-29.10568,222.7517
15.77283,NaN,NaN,NaN,-1.334218,2.950316,0.08702218,0.03131087,0.06154427,-0.007518305,-0.9975848,-1.240288,2.930719,0.1045671,-0.06473875,-0.1428378,0.9876266,10,-5.7,-10.37627,89.48487,11,5.7,-28.87463,221.1076
15.797,NaN,NaN,NaN,-1.714615,2.95827,0.0799572,0.03237134,0.05839306,-0.006372939,-0.9977484,-1.626519,2.94033,0.09538293,-0.05996178,-0.1407939,0.9882215,10,-5.7,-10.05641,87.20895,11,5.7,-28.55477,218.8317
15.8147,NaN,NaN,NaN,-1.908132,2.96262,0.07652865,0.03243018,0.05587678,-0.004955225,-0.9978986,-1.798534,2.94033,0.09538293,-0.05996178,-0.1407939,0.9882215,10,-5.7,-9.822445,85.54417,11,5.7,-28.3208,217.1669
15.83875,-24.95134,-57.92176,412.494,-2.296054,2.96911,0.06952772,0.03278424,0.05092052,-0.002384704,-0.9981617,-2.192995,2.949978,0.08658254,-0.05451146,-0.1458018,0.9878109,10,-5.7,-9.504768,83.28379,11,5.7,-28.00312,214.9066
15.8573,-25.12504,-57.92169,412.4935,-2.4915,2.972583,0.06620176,0.03150241,0.04829877,-0.001672887,-0.9983346,-2.366724,2.949978,0.08658254,-0.05451146,-0.1458018,0.9878109,10,-5.7,-9.259714,81.54014,11,5.7,-27.75807,213.1629
15.88049,-19.51711,-46.83507,333.6081,-2.882692,2.97865,0.05989187,0.0321411,0.04333909,-0.001152421,-0.9985427,-2.765235,2.959432,0.07807851,-0.04961421,-0.147477,0.9878203,10,-5.7,-8.952153,79.35173,11,5.7,-27.45051,210.9745
15.89819,-12.85,-33.26441,237.7574,-3.080719,2.981395,0.05704704,0.03216506,0.04064169,-0.0005697018,-0.9986558,-2.992795,2.968127,0.06979024,-0.04096326,-0.1505703,0.9877503,10,-5.7,-8.717682,77.68338,11,5.7,-27.21603,209.3062
15.92297,-12.85,-31.98009,229.3322,-3.473798,2.986205,0.05176991,0.03373653,0.035701,0.001157303,-0.9987923,-3.342198,2.968127,0.06979024,-0.04096326,-0.1505703,0.9877503,10,-5.7,-8.391043,75.35922,11,5.7,-26.88939,206.982
15.94019,-10.44607,-31.39001,223.7109,-3.669056,2.987692,0.04932431,0.03501293,0.03337577,0.001661497,-0.9988281,-3.567825,2.975638,0.06211829,-0.03038385,-0.1518063,0.9879432,10,-5.7,-8.163484,73.74006,11,5.7,-26.66184,205.3628
15.96411,-9.908901,-29.34886,209.1875,-4.054955,2.99038,0.04504336,0.03538714,0.02909542,0.00131239,-0.9989492,-3.96312,2.981958,0.05524719,-0.02808585,-0.1527199,0.9878703,10,-5.7,-7.84661,71.48539,11,5.7,-26.34496,203.1082
15.98181,-10.07851,-29.34898,209.1883,-4.245737,2.991145,0.04295551,0.03576056,0.02650785,0.0025767,-0.9990054,-4.132705,2.981958,0.05524719,-0.02808585,-0.1527199,0.9878703,10,-5.7,-7.612522,69.81977,11,5.7,-26.11088,201.4425
16.00574,-9.330414,-28.36353,202.1765,-4.624357,2.990412,0.03929302,0.03465844,0.0210949,0.005553174,-0.9991611,-4.521247,2.986717,0.04927111,-0.02350514,-0.1532266,0.9879115,10,-5.7,-7.296378,67.57029,11,5.7,-25.79473,199.1931
16.02417,-9.49552,-28.36351,202.1764,-4.810105,2.989919,0.0374995,0.03271034,0.01900232,0.006125916,-0.9992655,-4.686356,2.986717,0.04927111,-0.02350514,-0.1532266,0.9879115,10,-5.7,-7.052522,65.83516,11,5.7,-25.55087,197.4579
16.04761,-8.616544,-23.60976,168.3517,-5.177145,2.988986,0.03493786,0.03123136,0.0151733,0.006752842,-0.9993742,-5.063912,2.989317,0.04408324,-0.02084466,-0.1560672,0.9875265,10,-5.7,-6.742688,63.63058,11,5.7,-25.24104,195.2534
16.06519,-6.820014,-17.93938,128.0047,-5.357488,2.988703,0.03398402,0.03158797,0.01349384,0.007073469,-0.9993849,-5.274518,2.989432,0.03959632,-0.01191826,-0.161395,0.986818,10,-5.7,-6.509806,61.97353,11,5.7,-25.00816,193.5963
16.09021,-7.134508,-17.93939,128.0048,-5.711292,2.986684,0.03217144,0.03231171,0.009170219,0.008468287,-0.9993999,-5.58901,2.989432,0.03959632,-0.01191826,-0.161395,0.986818,10,-5.7,-6.180234,59.62851,11,5.7,-24.67859,191.2513
16.10706,-6.442727,-16.40841,117.1113,-5.885513,2.98494,0.03143217,0.03059621,0.006546594,0.009523812,-0.999465,-5.793088,2.98849,0.0360719,-0.005474181,-0.1634484,0.9865367,10,-5.7,-5.956669,58.03776,11,5.7,-24.45502,189.6605
16.1311,-5.835245,-15.46706,110.4132,-6.228357,2.982026,0.0302879,0.02767622,0.001375258,0.01189274,-0.9995453,-6.145818,2.986535,0.03342807,0.002775168,-0.1648936,0.9863074,10,-5.7,-5.638697,55.77527,11,5.7,-24.13705,187.3981
16.1488,-5.984701,-15.46707,110.4133,-6.396496,2.981061,0.0302307,0.02660108,-0.001253538,0.01286145,-0.9995626,-6.295274,2.986535,0.03342807,0.002775168,-0.1648936,0.9863074,10,-5.7,-5.404578,54.10943,11,5.7,-23.90293,185.7322
16.17285,-6.094384,-12.18781,87.07997,-6.725935,2.978369,0.0305077,0.02707566,-0.005985893,0.01384912,-0.9995196,-6.634751,2.983706,0.03152168,0.006115381,-0.1716966,0.9851309,10,-5.7,-5.087006,51.84979,11,5.7,-23.58536,183.4726
16.19128,-6.237821,-12.1878,87.07997,-6.887301,2.976569,0.03082626,0.0270827,-0.00832627,0.01413631,-0.9994986,-6.778188,2.983706,0.03152168,0.006115381,-0.1716966,0.9851309,10,-5.7,-4.842801,50.11217,11,5.7,-23.34115,181.735
16.21472,-5.820632,-11.97536,85.56836,-7.20343,2.972421,0.03154735,0.0254559,-0.0130565,0.01612932,-0.9994606,-7.10455,2.980655,0.030599,0.01478406,-0.1722152,0.9849484,10,-5.7,-4.533643,47.91241,11,5.7,-23.032,179.5352
16.23267,-5.188249,-14.10989,100.7565,-7.357946,2.969956,0.03194471,0.02343706,-0.01533918,0.01747031,-0.999455,-7.285893,2.977178,0.03065252,0.02052764,-0.1672147,0.9857067,10,-5.7,-4.295713,46.21944,11,5.7,-22.79407,177.8422
16.25684,-5.455308,-14.10989,100.7565,-7.658386,2.965097,0.03322777,0.01899209,-0.01931012,0.01933736,-0.9994461,-7.552952,2.977178,0.03065252,0.02052764,-0.1672147,0.9857067,10,-5.7,-3.976294,43.94666,11,5.7,-22.47465,175.5694
16.27429,-5.052525,-12.34091,88.16951,-7.804056,2.962445,0.03395348,0.01708738,-0.02075227,0.01974134,-0.9994437,-7.725012,2.972728,0.0313195,0.02986069,-0.1711049,0.9848003,10,-5.7,-3.745451,42.30413,11,5.7,-22.2438,173.9269
16.29822,-5.147553,-9.995939,71.48403,-8.089528,2.956266,0.03546477,0.0133089,-0.02346217,0.02136906,-0.9994077,-8.019751,2.967267,0.03251958,0.0395213,-0.178373,0.983169,10,-5.7,-3.429634,40.05697,11,5.7,-21.92799,171.6797
16.31616,-5.268762,-9.995937,71.48402,-8.225886,2.953342,0.03634958,0.01072751,-0.02435254,0.02280243,-0.9993858,-8.140957,2.967267,0.03251958,0.0395213,-0.178373,0.983169,10,-5.7,-3.19217,38.36733,11,5.7,-21.69052,169.9901
16.33997,-5.677344,-8.115304,58.10262,-8.488543,2.947797,0.03826285,0.006971929,-0.02566441,0.0241891,-0.9993536,-8.413776,2.960907,0.03412759,0.04624018,-0.1871654,0.9812396,10,-5.7,-2.877612,36.12914,11,5.7,-21.37596,167.7519
16.35828,-5.788872,-8.115306,58.10263,-8.614013,2.944598,0.03929175,0.00614096,-0.02596928,0.02505334,-0.9993299,-8.525305,2.960907,0.03412759,0.04624018,-0.1871654,0.9812396,10,-5.7,-2.635142,34.40387,11,5.7,-21.13349,166.0266
16.38171,-5.410361,-8.389735,60.0553,-8.854801,2.93792,0.0411752,0.003291378,-0.02648792,0.02766332,-0.999261,-8.776869,2.954062,0.03596056,0.05503112,-0.185433,0.9811147,10,-5.7,-2.325939,32.20378,11,5.7,-20.82429,163.8266
16.39954,-5.893141,-7.179482,51.4439,-8.966949,2.934402,0.04211714,0.002613694,-0.02607169,0.02871106,-0.9992443,-8.91178,2.946918,0.03816295,0.05751928,-0.1929554,0.9795201,10,-5.7,-2.089372,30.52051,11,5.7,-20.58772,162.1433
16.42395,-6.082145,-7.179482,51.4439,-9.179579,2.927424,0.04410651,0.0009440735,-0.02503007,0.03033695,-0.9992259,-9.100785,2.946918,0.03816295,0.05751928,-0.1929554,0.9795201,10,-5.7,-1.767727,28.23189,11,5.7,-20.26608,159.8547
16.44141,-5.550121,-8.002045,57.29674,-9.276742,2.92377,0.04503157,7.935568E-06,-0.02470819,0.03153342,-0.9991973,-9.219936,2.939204,0.0404979,0.06283108,-0.1873256,0.9802864,10,-5.7,-1.536843,26.58906,11,5.7,-20.0352,158.2119
16.46521,-5.817523,-7.193098,51.54078,-9.458961,2.915619,0.0467836,-0.001879318,-0.02438655,0.03433327,-0.9991111,-9.411977,2.931033,0.04286861,0.06832708,-0.1924499,0.9789252,10,-5.7,-1.221367,24.34434,11,5.7,-19.71972,155.9671
16.48315,-5.889544,-7.193097,51.54078,-9.539982,2.911443,0.04767644,-0.003182536,-0.02387575,0.03527557,-0.9990874,-9.483996,2.931033,0.04286861,0.06832708,-0.1924499,0.9789252,10,-5.7,-0.9841992,22.6568,11,5.7,-19.48255,154.2796
16.50696,-0.2092648,-18.14007,129.4328,-9.687839,2.903621,0.04936722,-0.004693693,-0.0226615,0.03764793,-0.9990231,-9.642525,2.922209,0.04529226,0.07177425,-0.1602552,0.9844627,10,-5.7,-0.6691405,20.41504,11,5.7,-19.16749,152.0378
16.52502,-0.2642889,-18.14007,129.4328,-9.749742,2.899788,0.05038048,-0.004732864,-0.02167788,0.03892076,-0.998996,-9.69755,2.922209,0.04529226,0.07177425,-0.1602552,0.9844627,10,-5.7,-0.4308012,18.71917,11,5.7,-18.92916,150.342
16.54883,0.1341028,-19.31137,137.767,-9.858708,2.89261,0.05230635,-0.006143719,-0.02012719,0.04250751,-0.9988745,-9.817961,2.91275,0.04732394,0.07115942,-0.1589072,0.9847258,10,-5.7,-0.1160626,16.47969,11,5.7,-18.61442,148.1025
16.56677,1.672841,-19.28529,137.5815,-9.900872,2.889286,0.05337354,-0.007476813,-0.01930178,0.04479265,-0.9987819,-9.875348,2.903331,0.04940557,0.08261199,-0.1587302,0.9838597,10,-5.7,0.1211171,14.79207,11,5.7,-18.37724,146.4149
16.59082,1.610095,-19.28529,137.5815,-9.971462,2.882694,0.05545964,-0.009973967,-0.01834876,0.05074226,-0.9984934,-9.938094,2.903331,0.04940557,0.08261199,-0.1587302,0.9838597,10,-5.7,0.4396142,12.52584,11,5.7,-18.05874,144.1486
16.60852,3.346107,-22.15325,157.988,-9.99423,2.879522,0.0565337,-0.01104381,-0.01810405,0.05410947,-0.9983098,-9.974373,2.894306,0.05172086,0.08301226,-0.1560946,0.9842476,10,-5.7,0.6732399,10.86351,11,5.7,-17.82512,142.4863
16.63245,0.489893,-16.74381,119.4979,-10.02494,2.873987,0.05859978,-0.01294527,-0.01794721,0.05992006,-0.9979579,-10.01358,2.885971,0.05416834,0.08644774,-0.1615608,0.9830691,10,-5.7,0.9902544,8.607835,11,5.7,-17.5081,140.2306
16.65051,0.4876986,-16.74381,119.4979,-10.02741,2.871419,0.05948287,-0.01384609,-0.0180577,0.06254217,-0.9977829,-10.01577,2.885971,0.05416834,0.08644774,-0.1615608,0.9830691,10,-5.7,1.227853,6.91723,11,5.7,-17.2705,138.54
16.67444,-1.46718,-13.96288,99.71059,-10.01757,2.86724,0.06118031,-0.01631057,-0.01915459,0.06752529,-0.9974004,-10.01462,2.878549,0.05658662,0.0842711,-0.1660435,0.982511,10,-5.7,1.544213,4.666215,11,5.7,-16.95414,136.289
16.69263,-1.451168,-13.96288,99.71053,-9.999549,2.865457,0.06183893,-0.01745798,-0.02026395,0.06998375,-0.9971895,-9.998601,2.878549,0.05658662,0.0842711,-0.1660435,0.982511,10,-5.7,1.784478,2.956644,11,5.7,-16.71388,134.5794
16.71619,0.4651318,-15.8369,113.0449,-9.952094,2.861877,0.06304803,-0.01942974,-0.02267984,0.07471291,-0.9967578,-9.95981,2.872051,0.05891061,0.09065325,-0.1626894,0.9825041,10,-5.7,2.095962,0.7403185,11,5.7,-16.40239,132.3631
16.73401,-0.7533036,-13.18919,94.20546,-9.918301,2.86046,0.06349058,-0.02020215,-0.02435504,0.07701105,-0.996528,-9.928966,2.866654,0.061059,0.09563611,-0.1673469,0.9812486,11,5.7,-16.16684,130.687,12,-5.7,-34.80814,263.3266
16.75806,-0.6822892,-13.18919,94.20546,-9.838409,2.858036,0.06399339,-0.0212836,-0.02731006,0.08115328,-0.9961001,-9.857951,2.866654,0.061059,0.09563611,-0.1673469,0.9812486,11,5.7,-15.8484,128.4212,12,-5.7,-34.4897,261.0608
16.77563,4.593753,-19.19211,136.9184,-9.788318,2.857025,0.06419087,-0.02086774,-0.02897531,0.08275161,-0.9959303,-9.808577,2.862225,0.06266332,0.1033406,-0.1582459,0.9819771,11,5.7,-15.61499,126.7604,12,-5.7,-34.25629,259.4
16.79956,2.640371,-15.70813,112.1287,-9.676411,2.855236,0.06428833,-0.01871685,-0.0321952,0.08486599,-0.9956962,-9.700552,2.858733,0.06362951,0.1080063,-0.1624951,0.9807803,11,5.7,-15.29974,124.5173,12,-5.7,-33.94105,257.157
16.8175,2.69932,-15.70812,112.1286,-9.610085,2.85409,0.06421177,-0.01713079,-0.03347179,0.08443411,-0.9957194,-9.641596,2.858733,0.06362951,0.1080063,-0.1624951,0.9807803,11,5.7,-15.06209,122.8264,12,-5.7,-33.7034,255.466
16.84119,6.40429,-19.10472,136.2965,-9.463242,2.853192,0.0643502,-0.01546641,-0.03577347,0.08348927,-0.9957463,-9.499023,2.856036,0.06415796,0.114491,-0.1580997,0.9807631,11,5.7,-14.74856,120.5955,12,-5.7,-33.38987,253.2351
16.85913,6.479435,-19.10472,136.2965,-9.378702,2.853652,0.06479495,-0.01477884,-0.03740411,0.08318806,-0.995722,-9.423878,2.856036,0.06415796,0.114491,-0.1580997,0.9807631,11,5.7,-14.51151,118.9088,12,-5.7,-33.15282,251.5484
16.88306,6.261718,-19.98118,142.5329,-9.197177,2.855411,0.06597131,-0.01369919,-0.04090343,0.08341482,-0.9955809,-9.246967,2.85387,0.06433785,0.1068694,-0.157355,0.9817425,11,5.7,-14.19592,116.6632,12,-5.7,-32.83722,249.3028
16.901,10.31955,-23.53237,167.8009,-9.095874,2.856534,0.06643994,-0.01419919,-0.04267592,0.08364443,-0.9954802,-9.13793,2.852868,0.0646559,0.1138463,-0.1543808,0.9814304,11,5.7,-13.95821,114.9719,12,-5.7,-32.59952,247.6115
16.92493,10.51001,-23.53237,167.8009,-8.881598,2.859528,0.06716467,-0.01845114,-0.04602509,0.08381476,-0.9952469,-8.947462,2.852868,0.0646559,0.1138463,-0.1543808,0.9814304,11,5.7,-13.64237,112.7245,12,-5.7,-32.28367,245.3641
16.94263,4.385085,-15.23782,108.7822,-8.764215,2.861969,0.06731921,-0.0227208,-0.04801057,0.08442395,-0.9950132,-8.820384,2.853833,0.06554341,0.1189681,-0.1629878,0.9794292,11,5.7,-13.40737,111.0524,12,-5.7,-32.04867,243.692
16.96667,1.151303,-11.04616,78.95707,-8.519217,2.867272,0.06731483,-0.02968394,-0.05190866,0.08434243,-0.9946411,-8.576214,2.856531,0.06642175,0.1205471,-0.1722875,0.9776428,11,5.7,-13.09067,108.799,12,-5.7,-31.73198,241.4386
16.98462,1.267479,-11.04616,78.95707,-8.388517,2.870474,0.06695966,-0.0330984,-0.05365481,0.08291821,-0.9945603,-8.460037,2.856531,0.06642175,0.1205471,-0.1722875,0.9776428,11,5.7,-12.85314,107.1089,12,-5.7,-31.49445,239.7485
17.0083,-0.1556387,-8.891457,63.62552,-8.115101,2.877972,0.06644513,-0.03581902,-0.0555473,0.07722367,-0.9948206,-8.187263,2.861155,0.06703281,0.123311,-0.1804401,0.9758257,11,5.7,-12.53897,104.8734,12,-5.7,-31.18027,237.513
17.02625,-0.02498818,-8.891457,63.62552,-7.968118,2.88279,0.06626025,-0.03341681,-0.05602177,0.0726445,-0.9952224,-8.056611,2.861155,0.06703281,0.123311,-0.1804401,0.9758257,11,5.7,-12.30192,103.1868,12,-5.7,-30.94323,235.8264
17.05017,-0.01738596,-8.291177,59.35431,-7.669722,2.891979,0.06561022,-0.02809322,-0.05759471,0.06677381,-0.9957083,-7.758493,2.867713,0.06703115,0.1272728,-0.1834652,0.9747524,11,5.7,-11.98656,100.9428,12,-5.7,-30.62786,233.5824
17.06787,4.23999,-13.28618,94.89564,-7.510493,2.89622,0.06471374,-0.02508304,-0.05774084,0.06421115,-0.9959487,-7.580885,2.876505,0.06654859,0.1219651,-0.1667629,0.9784245,11,5.7,-11.75197,99.27364,12,-5.7,-30.39327,231.9133
17.09204,4.526849,-13.28618,94.89561,-7.187775,2.904406,0.06334089,-0.02160433,-0.05720594,0.0583601,-0.996421,-7.294024,2.876505,0.06654859,0.1219651,-0.1667629,0.9784245,11,5.7,-11.43305,97.00444,12,-5.7,-30.07436,229.6441
17.10962,9.508994,-17.92133,127.8763,-7.020401,2.908339,0.06277853,-0.02124921,-0.05609621,0.0555971,-0.9966498,-7.106018,2.886899,0.06537843,0.1272642,-0.1593825,0.9789796,11,5.7,-11.2001,95.34689,12,-5.7,-29.84141,227.9865
17.13367,10.38189,-18.88567,134.738,-6.67852,2.916477,0.06188681,-0.02162598,-0.05347502,0.05065686,-0.997049,-6.760852,2.897216,0.06419826,0.1246773,-0.1584246,0.9794679,11,5.7,-10.88269,93.08841,12,-5.7,-29.524,225.728
17.15137,10.53913,-18.88567,134.738,-6.501622,2.920512,0.06158814,-0.02224513,-0.05194614,0.04903048,-0.9971974,-6.603609,2.897216,0.06419826,0.1246773,-0.1584246,0.9794679,11,5.7,-10.64749,91.41486,12,-5.7,-29.28879,224.0545
17.17542,10.03966,-18.32174,130.7254,-6.139723,2.928502,0.06106814,-0.02320871,-0.04852618,0.04520449,-0.9975286,-6.238378,2.907122,0.0629425,0.122049,-0.1591693,0.9796781,11,5.7,-10.33048,89.15925,12,-5.7,-28.97179,221.7989
17.19336,10.20699,-18.32173,130.7253,-5.951466,2.932531,0.06065175,-0.02349119,-0.04665548,0.04310732,-0.997704,-6.071037,2.907122,0.0629425,0.122049,-0.1591693,0.9796781,11,5.7,-10.093,87.4695,12,-5.7,-28.73431,220.1091
17.21704,8.421923,-16.39304,117.002,-5.575194,2.940019,0.06001561,-0.02431299,-0.04309789,0.03944229,-0.9979959,-5.690682,2.916869,0.06172156,0.1182345,-0.1617773,0.9797187,11,5.7,-9.779961,85.24207,12,-5.7,-28.42126,217.8817
17.23486,5.917337,-13.33912,95.27219,-5.384245,2.943314,0.05967753,-0.02458598,-0.04136959,0.03800318,-0.9981182,-5.47296,2.926483,0.06073892,0.1171117,-0.1672381,0.9789363,11,5.7,-9.543387,83.55877,12,-5.7,-28.18469,216.1984
17.25867,6.260808,-13.33912,95.27219,-4.99784,2.949947,0.05914146,-0.02456145,-0.03728682,0.03337059,-0.9984452,-5.12949,2.926483,0.06073892,0.1171117,-0.1672381,0.9789363,11,5.7,-9.22857,81.31873,12,-5.7,-27.86987,213.9583
17.27686,4.779034,-11.23417,80.29484,-4.800825,2.953219,0.05903732,-0.02323018,-0.03540003,0.03064452,-0.9986332,-4.905034,2.935574,0.06015992,0.1180267,-0.1726969,0.977878,11,5.7,-8.988801,79.61268,12,-5.7,-27.6301,212.2523
17.30054,5.069088,-11.59807,82.88409,-4.406215,2.95908,0.0586088,-0.02021161,-0.03182116,0.02610816,-0.9989481,-4.503593,2.943965,0.05956066,0.113106,-0.1718215,0.9786135,11,5.7,-8.675131,77.3808,12,-5.7,-27.31643,210.0204
17.31836,5.247447,-11.59813,82.88443,-4.205609,2.961716,0.05825814,-0.01896724,-0.02977855,0.02349472,-0.9991004,-4.325276,2.943965,0.05956066,0.113106,-0.1718215,0.9786135,11,5.7,-8.440125,75.70864,12,-5.7,-27.08143,208.3483
17.34241,7.055526,-13.99298,99.92469,-3.80529,2.966384,0.05820776,-0.01723871,-0.02545647,0.01884042,-0.9993497,-3.917608,2.951867,0.05866504,0.1077001,-0.1663118,0.980174,11,5.7,-8.122747,73.45039,12,-5.7,-26.76405,206.09
17.36035,7.235304,-13.99299,99.92474,-3.603045,2.968354,0.0584185,-0.01668638,-0.02299627,0.01682857,-0.9994546,-3.737835,2.951867,0.05866504,0.1077001,-0.1663118,0.980174,11,5.7,-7.885513,71.76237,12,-5.7,-26.52682,204.402
17.38416,9.934589,-17.56461,125.3382,-3.198451,2.97206,0.05912641,-0.0149128,-0.01821537,0.01299026,-0.9996385,-3.325576,2.95873,0.05833268,0.1038869,-0.1607903,0.981506,11,5.7,-7.570742,69.52266,12,-5.7,-26.21205,202.1623
17.40198,8.338411,-14.78901,105.5887,-2.994208,2.973315,0.05956385,-0.01368869,-0.01556097,0.0113193,-0.9997211,-3.090804,2.964528,0.05835319,0.1061978,-0.1649621,0.9805659,11,5.7,-7.334733,67.84337,12,-5.7,-25.97604,200.483
17.42615,8.702579,-14.78901,105.5887,-2.584518,2.975497,0.06058079,-0.01317666,-0.01008851,0.007024524,-0.9998376,-2.726635,2.964528,0.05835319,0.1061978,-0.1649621,0.9805659,11,5.7,-7.015413,65.5713,12,-5.7,-25.65672,198.2109
17.44385,9.330534,-15.98595,114.1054,-2.37683,2.976322,0.06100436,-0.01343351,-0.006973699,0.005036752,-0.9998727,-2.488235,2.969235,0.05884349,0.1016987,-0.1631064,0.981353,11,5.7,-6.781763,63.90879,12,-5.7,-25.42307,196.5484
17.46765,8.114185,-14.53901,103.8098,-1.965968,2.977021,0.0621656,-0.01455756,-0.001837149,0.003185983,-0.9998873,-2.068678,2.972692,0.05971837,0.09632898,-0.1656591,0.9814672,11,5.7,-6.465831,61.66082,12,-5.7,-25.10714,194.3004
17.4856,8.298656,-14.53901,103.8098,-1.758437,2.977424,0.06281033,-0.01486061,0.0007871687,0.002459563,-0.9998863,-1.884206,2.972692,0.05971837,0.09632898,-0.1656591,0.9814672,11,5.7,-6.22933,59.97802,12,-5.7,-24.87063,192.6176
17.5094,8.494512,-13.86645,99.02439,-1.345737,2.978095,0.06443773,-0.01472374,0.00548362,0.0003976029,-0.9998766,-1.46283,2.974933,0.06094229,0.0987059,-0.1669466,0.9810127,11,5.7,-5.914388,57.7371,12,-5.7,-24.55569,190.3767
17.52734,7.870471,-13.31183,95.07806,-1.137757,2.978248,0.06529884,-0.01486982,0.007421307,-0.0005219274,-0.9998618,-1.223175,2.976182,0.0624311,0.09391392,-0.1682132,0.9812668,11,5.7,-5.677539,56.05183,12,-5.7,-24.31884,188.6914
17.55115,8.239858,-13.31184,95.07813,-0.722205,2.978318,0.06656194,-0.01520095,0.01060278,-0.001866671,-0.9998266,-0.8537954,2.976182,0.0624311,0.09391392,-0.1682132,0.9812668,11,5.7,-5.361547,53.80343,12,-5.7,-24.00285,186.443
17.56909,8.228673,-13.65649,97.53044,-0.5148231,2.978005,0.06747755,-0.01497418,0.01195284,-0.002780427,-0.9998126,-0.6142268,2.977199,0.06398702,0.08907901,-0.1675597,0.9818292,11,5.7,-5.125784,52.1259,12,-5.7,-23.76709,184.7655
17.59302,8.595622,-13.65649,97.5304,-0.1020003,2.977332,0.0695236,-0.01356085,0.01511915,-0.005329181,-0.9997796,-0.2472731,2.977199,0.06398702,0.08907901,-0.1675597,0.9818292,11,5.7,-4.809227,49.87347,12,-5.7,-23.45053,182.5131
17.6106,10.13052,-13.57358,96.94048,0.1030513,2.977153,0.07115848,-0.0137174,0.01615054,-0.00605161,-0.9997572,-0.009830464,2.977423,0.06582451,0.102635,-0.1675201,0.9805117,11,5.7,-4.575595,48.2111,12,-5.7,-23.2169,180.8507
17.63489,10.69639,-14.57636,104.0755,0.5125045,2.977295,0.07380685,-0.01320983,0.01779261,-0.005612916,-0.9997387,0.4090924,2.976929,0.06809676,0.09706939,-0.1656303,0.9813991,11,5.7,-4.255855,45.93602,12,-5.7,-22.89716,178.5756
17.65247,10.87629,-14.57636,104.0755,0.714894,2.976596,0.07519147,-0.01370984,0.01786502,-0.004879362,-0.9997346,0.5889941,2.976929,0.06809676,0.09706939,-0.1656303,0.9813991,11,5.7,-4.022408,44.27496,12,-5.7,-22.66371,176.9146
17.67651,11.76396,-15.4817,110.5174,1.116715,2.976108,0.0779599,-0.01675058,0.01927801,-0.005034102,-0.9996612,1.00089,2.976442,0.07092464,0.09567659,-0.1640807,0.9817961,11,5.7,-3.705151,42.01756,12,-5.7,-22.34646,174.6572
17.69409,8.365188,-10.34998,74.0034,1.315091,2.976464,0.0797161,-0.01857574,0.01983766,-0.004852667,-0.9996189,1.231404,2.975694,0.07425261,0.09453916,-0.1765961,0.9797327,11,5.7,-3.472903,40.36503,12,-5.7,-22.11421,173.0047
17.71826,8.716309,-10.34999,74.00343,1.710099,2.976559,0.08258082,-0.01935697,0.02136877,-0.003750823,-0.9995772,1.582522,2.975694,0.07425261,0.09453916,-0.1765961,0.9797327,11,5.7,-3.153562,38.0928,12,-5.7,-21.79487,170.7324
17.73572,8.196878,-9.259299,66.24279,1.904401,2.976459,0.08414482,-0.01971008,0.0218938,-0.002327201,-0.9995633,1.808921,2.975398,0.07765305,0.09451127,-0.1810152,0.9789286,11,5.7,-2.922318,36.44741,12,-5.7,-21.56362,169.087
17.76001,9.38155,-10.39613,74.3318,2.287827,2.976554,0.08702827,-0.01781984,0.0228784,0.001059364,-0.9995789,2.202603,2.975398,0.08117604,0.09472675,-0.1764385,0.979743,11,5.7,-2.601202,34.16256,12,-5.7,-21.24251,166.8022
17.77759,9.549932,-10.39613,74.33179,2.477257,2.975729,0.08852781,-0.01508377,0.0236568,0.001312479,-0.9996055,2.370985,2.975398,0.08117604,0.09472675,-0.1764385,0.979743,11,5.7,-2.368734,32.50846,12,-5.7,-21.01004,165.1481
17.80176,10.10737,-10.69247,76.44033,2.848841,2.976119,0.09242766,-0.0129113,0.02499439,0.00195713,-0.9996023,2.753159,2.975413,0.0847429,0.09438506,-0.1754158,0.9799596,11,5.7,-2.048713,30.23139,12,-5.7,-20.69002,162.871
17.81921,10.27022,-10.69247,76.44033,3.032044,2.976119,0.09425973,-0.01098316,0.02523718,0.00283572,-0.9996172,2.916006,2.975413,0.0847429,0.09438506,-0.1754158,0.9799596,11,5.7,-1.817542,28.58652,12,-5.7,-20.45885,161.2262
17.84363,9.941109,-10.06443,71.9716,3.390304,2.974459,0.09809715,-0.009338981,0.02575734,0.003563709,-0.9996183,3.285193,2.975113,0.08854437,0.09073101,-0.1777504,0.979884,11,5.7,-1.495833,26.29744,12,-5.7,-20.13714,158.9371
17.86108,10.15294,-11.22822,80.25241,3.564685,2.973738,0.1001633,-0.0100178,0.02574997,0.004790246,-0.9996068,3.489604,2.97477,0.09284317,0.08157813,-0.173885,0.9813812,11,5.7,-1.264261,24.64972,12,-5.7,-19.90557,157.2894
17.88525,10.45778,-11.22829,80.25278,3.907594,2.971433,0.1046513,-0.009550249,0.02616565,0.006335022,-0.9995919,3.794412,2.97477,0.09284317,0.08157813,-0.173885,0.9813812,11,5.7,-0.9442508,22.37273,12,-5.7,-19.58556,155.0124
17.90295,7.957411,-6.922596,49.61628,4.072665,2.971054,0.1073661,-0.01001642,0.02628736,0.006512328,-0.999583,3.989097,2.973592,0.09747291,0.07834204,-0.1953696,0.9775957,11,5.7,-0.7103944,20.70876,12,-5.7,-19.3517,153.3484
17.92737,7.25739,-6.213267,44.56915,4.397949,2.968873,0.1127241,-0.00887316,0.02686201,0.006124671,-0.999581,4.324459,2.971742,0.1029197,0.06446058,-0.2018702,0.9772887,11,5.7,-0.3887807,18.42036,12,-5.7,-19.03009,151.06
17.94482,7.397535,-6.213267,44.56915,4.555611,2.967177,0.1152124,-0.008942259,0.02690572,0.005938896,-0.9995803,4.464603,2.971742,0.1029197,0.06446058,-0.2018702,0.9772887,11,5.7,-0.156685,16.76891,12,-5.7,-18.79799,149.4085
17.96887,7.388997,-5.778795,41.47771,4.862502,2.963816,0.1200295,-0.01012399,0.02653798,0.007460961,-0.9995688,4.781919,2.969477,0.108706,0.06153962,-0.2065016,0.976509,11,5.7,0.1607226,14.51044,12,-5.7,-18.48058,147.1501
17.98645,7.519997,-5.778794,41.47771,5.009879,2.961875,0.1221186,-0.01154155,0.02627384,0.008354149,-0.9995533,4.91292,2.969477,0.108706,0.06153962,-0.2065016,0.976509,11,5.7,0.3936425,12.85313,12,-5.7,-18.24766,145.4928
18.01062,7.341106,-4.803413,34.53751,5.296046,2.958824,0.126433,-0.01407558,0.02599,0.009520484,-0.9995178,5.210032,2.966307,0.1146255,0.06027955,-0.2197745,0.9736866,11,5.7,0.7117491,10.58968,12,-5.7,-17.92956,143.2293
18.02832,6.927199,-4.596501,33.06526,5.432255,2.957232,0.128666,-0.01486483,0.02594603,0.009672386,-0.9995061,5.371805,2.962427,0.1204178,0.04596764,-0.2233947,0.9736436,11,5.7,0.9467659,8.917448,12,-5.7,-17.69454,141.5571
18.05249,7.16143,-4.596501,33.06526,5.695766,2.953483,0.1322912,-0.01570127,0.02582318,0.009680801,-0.9994963,5.606037,2.962427,0.1204178,0.04596764,-0.2233947,0.9736436,11,5.7,1.26562,6.648686,12,-5.7,-17.37569,139.2883
18.07019,7.000882,-4.300497,30.95909,5.820076,2.951592,0.1338246,-0.01558001,0.02570051,0.009563915,-0.9995025,5.755004,2.958462,0.1259686,0.03930139,-0.2289852,0.9726362,11,5.7,1.499367,4.985491,12,-5.7,-17.14194,137.6251
18.09412,6.974544,-4.0281,29.02088,6.057363,2.94791,0.1365564,-0.01525735,0.02537406,0.009281738,-0.9995186,6.002102,2.954254,0.1304903,0.03270013,-0.234795,0.9714947,11,5.7,1.817249,2.723643,12,-5.7,-16.82406,135.3633
18.1123,7.072821,-4.028099,29.02087,6.167926,2.945889,0.1376974,-0.01461527,0.0255378,0.008755003,-0.9995286,6.10038,2.954254,0.1304903,0.03270013,-0.234795,0.9714947,11,5.7,2.056792,1.019201,12,-5.7,-16.58451,133.6588
18.13599,6.868398,-3.593935,25.93163,6.377829,2.941521,0.1397324,-0.01367174,0.02573222,0.008233341,-0.9995415,6.320549,2.949854,0.1342875,0.02058029,-0.2458223,0.9690964,12,-5.7,-16.27138,131.4307,13,5.7,-34.65148,262.2117
18.15393,6.953577,-3.593935,25.93164,6.473654,2.938918,0.1406687,-0.01291023,0.02594802,0.00811308,-0.9995471,6.405727,2.949854,0.1342875,0.02058029,-0.2458223,0.9690964,12,-5.7,-16.03403,129.742,13,5.7,-34.41414,260.523
18.17761,6.79146,-3.546277,25.59254,6.651826,2.9337,0.1419633,-0.01107029,0.02642806,0.007878412,-0.9995584,6.594881,2.945096,0.1375674,0.007482848,-0.2470987,0.9689614,12,-5.7,-15.72087,127.5137,13,5.7,-34.10098,258.2947
18.19592,6.372556,-3.024452,21.87956,6.73029,2.930961,0.1424886,-0.00978059,0.02749225,0.007408474,-0.9995467,6.69237,2.939741,0.1400391,-0.01418566,-0.2645453,0.964269,12,-5.7,-15.47801,125.7857,13,5.7,-33.85812,256.5667
18.21936,6.498693,-3.024452,21.87956,6.872196,2.925881,0.1433947,-0.007956067,0.02819762,0.008579141,-0.9995339,6.818508,2.939741,0.1400391,-0.01418566,-0.2645453,0.964269,12,-5.7,-15.16835,123.5823,13,5.7,-33.54845,254.3633
18.23755,6.157218,-2.703803,19.59802,6.930766,2.923789,0.1438769,-0.007550918,0.02850116,0.009004993,-0.9995247,6.89497,2.93376,0.1417277,-0.03639635,-0.2781232,0.9598556,12,-5.7,-14.92905,121.8796,13,5.7,-33.30916,252.6606
18.26111,5.85404,-2.779162,20.13422,7.034187,2.919627,0.1449811,-0.005616208,0.02921012,0.008808592,-0.9995188,7.007596,2.927678,0.1430378,-0.05540156,-0.2740804,0.9601097,12,-5.7,-14.61653,119.6559,13,5.7,-32.99664,250.4369
18.2793,5.888368,-2.779161,20.13422,7.072806,2.917477,0.145745,-0.003659241,0.02931973,0.008511987,-0.9995271,7.041924,2.927678,0.1430378,-0.05540156,-0.2740804,0.9601097,12,-5.7,-14.37584,117.9433,13,5.7,-32.75595,248.7243
18.30286,3.811899,-7.211238,51.66999,7.133621,2.913604,0.1462868,-0.002100528,0.03013421,0.008159187,-0.9995104,7.112682,2.921987,0.1446475,-0.06273352,-0.1925884,0.9792723,12,-5.7,-14.06417,115.7257,13,5.7,-32.44429,246.5067
18.32117,3.826798,-7.211241,51.67001,7.150383,2.911901,0.1463128,-0.002814369,0.03093927,0.007912794,-0.9994861,7.127583,2.921987,0.1446475,-0.06273352,-0.1925884,0.9792723,12,-5.7,-13.82216,114.0037,13,5.7,-32.20227,244.7847
18.34473,NaN,NaN,NaN,7.170703,2.909189,0.1465928,-0.002817031,0.03235375,0.00699486,-0.9994481,7.158097,2.916976,0.1456478,-0.09677989,-0.1392207,0.9855208,12,-5.7,-13.51207,111.7972,13,5.7,-31.89218,242.5782
18.36279,NaN,NaN,NaN,7.167317,2.90765,0.1467764,-0.00096231,0.03298086,0.005677445,-0.9994394,7.163054,2.912514,0.1462387,-0.1022017,-0.1321946,0.9859409,12,-5.7,-13.27317,110.0974,13,5.7,-31.65328,240.8784
18.38647,NaN,NaN,NaN,7.144971,2.905044,0.147501,0.002325388,0.03474848,0.003060909,-0.9993888,7.14319,2.912514,0.1462387,-0.1022017,-0.1321946,0.9859409,12,-5.7,-12.95997,107.8689,13,5.7,-31.34008,238.6499
18.40442,NaN,NaN,NaN,7.121906,2.904023,0.1478199,0.003636522,0.03609675,0.001605466,-0.9993405,7.126346,2.908754,0.1468989,-0.1055586,-0.134192,0.9853172,12,-5.7,-12.72174,106.1737,13,5.7,-31.10185,236.9547
18.42822,-20.55063,-30.58886,249.9469,7.060506,2.901853,0.1479002,0.004366201,0.03914693,-0.002186566,-0.9992216,7.071008,2.905489,0.1475387,-0.1089422,-0.1321047,0.9852309,12,-5.7,-12.40702,103.9344,13,5.7,-30.78713,234.7154
18.44629,-20.58274,-30.58271,249.9011,7.018672,2.900969,0.1478692,0.003660043,0.04124007,-0.004803281,-0.999131,7.033822,2.905489,0.1475387,-0.1089422,-0.1321047,0.9852309,12,-5.7,-12.16779,102.2322,13,5.7,-30.5479,233.0132
18.47009,NaN,NaN,NaN,6.921473,2.899134,0.1477669,0.003072912,0.04485136,-0.008974288,-0.9989487,6.942303,2.902658,0.1478366,-0.1018219,-0.1330769,0.9858615,12,-5.7,-11.85359,99.99654,13,5.7,-30.2337,230.7775
18.48828,NaN,NaN,NaN,6.862313,2.89845,0.1476668,0.002890105,0.04688565,-0.01098832,-0.9988356,6.889715,2.902658,0.1478366,-0.1018219,-0.1330769,0.9858615,12,-5.7,-11.61309,98.28532,13,5.7,-29.9932,229.0663
18.51196,NaN,NaN,NaN,6.733194,2.897559,0.1477523,0.003358246,0.0507176,-0.01386164,-0.9986113,6.765773,2.900189,0.1479104,-0.1051491,-0.1420343,0.9842611,12,-5.7,-11.30019,96.05894,13,5.7,-29.6803,226.8399
18.52966,NaN,NaN,NaN,6.658184,2.897595,0.1478556,0.004275851,0.05283228,-0.01501345,-0.9984813,6.686371,2.897956,0.1481242,-0.1118023,-0.1426801,0.9834341,12,-5.7,-11.06603,94.39281,13,5.7,-29.44614,225.1738
18.55371,NaN,NaN,NaN,6.495764,2.898559,0.1480264,0.005545553,0.05686336,-0.01727802,-0.9982171,6.541998,2.897956,0.1481242,-0.1118023,-0.1426801,0.9834341,12,-5.7,-10.74828,92.13187,13,5.7,-29.12839,222.9129
18.57129,NaN,NaN,NaN,6.404554,2.899636,0.1482159,0.006029929,0.05859412,-0.01755022,-0.9981094,6.444409,2.896857,0.14802,-0.114235,-0.1433057,0.9830635,12,-5.7,-10.51572,90.47714,13,5.7,-28.89583,221.2581
18.59546,-40.35213,-55.1487,392.7625,6.211551,2.902207,0.1486278,0.005472453,0.06149182,-0.01809137,-0.9979286,6.252852,2.897203,0.1480569,-0.1166264,-0.1452567,0.9824962,12,-5.7,-10.19647,88.20553,13,5.7,-28.57658,218.9865
18.61316,-40.44458,-55.14862,392.762,6.107483,2.90429,0.1489727,0.004982872,0.06279383,-0.01801692,-0.9978515,6.160347,2.897203,0.1480569,-0.1166264,-0.1452567,0.9824962,12,-5.7,-9.961924,86.53667,13,5.7,-28.34204,217.3177
18.63721,-23.18756,-31.13789,230.6253,5.890278,2.907979,0.1499215,0.003701133,0.06504495,-0.01802521,-0.9977127,5.944059,2.89914,0.1485792,-0.1240748,-0.1449675,0.9816262,12,-5.7,-9.644882,84.2808,13,5.7,-28.02499,215.0618
18.65491,-22.98249,-30.77605,228.1752,5.772582,2.91038,0.1500025,0.002290463,0.06614508,-0.01747254,-0.9976544,5.83944,2.89914,0.1485792,-0.1240748,-0.1449675,0.9816262,12,-5.7,-9.410047,82.60986,13,5.7,-27.79016,213.3909
18.67883,-23.21122,-30.55182,226.7025,5.527606,2.91544,0.1500877,0.0004310824,0.06846565,-0.01626379,-0.9975208,5.595572,2.902618,0.1495911,-0.124805,-0.1449409,0.9815375,12,-5.7,-9.094826,80.36694,13,5.7,-27.47494,211.1479
18.69653,-29.89124,-37.22601,265.2359,5.397803,2.918083,0.1499156,-0.0004613625,0.06984958,-0.01535994,-0.9974392,5.451021,2.90735,0.1499606,-0.1306909,-0.1484078,0.9802526,12,-5.7,-8.860714,78.70115,13,5.7,-27.24083,209.4821
18.72083,-30.12907,-37.22601,265.2359,5.130244,2.923482,0.1493271,-0.001269696,0.07249869,-0.01284001,-0.9972851,5.213191,2.90735,0.1499606,-0.1306909,-0.1484078,0.9802526,12,-5.7,-8.538257,76.40675,13,5.7,-26.91837,207.1877
18.73816,-12.43686,-16.46751,117.5316,4.987893,2.926392,0.148885,-0.001440449,0.07372689,-0.01082625,-0.9972187,5.054761,2.913063,0.150045,-0.1454608,-0.1611694,0.9761483,12,-5.7,-8.309279,74.77749,13,5.7,-26.68939,205.5585
18.76233,-11.80416,-14.8871,106.2864,4.698701,2.93171,0.1474944,-0.002244411,0.07612866,-0.007883179,-0.9970644,4.763078,2.919405,0.1497977,-0.1521499,-0.163531,0.9747349,12,-5.7,-7.989686,72.50346,13,5.7,-26.3698,203.2845
18.77991,-11.93692,-14.88711,106.2864,4.54936,2.934237,0.1463268,-0.003548778,0.07730783,-0.007290816,-0.9969743,4.63033,2.919405,0.1497977,-0.1521499,-0.163531,0.9747349,12,-5.7,-7.75767,70.85258,13,5.7,-26.13778,201.6336
18.80408,-11.87736,-14.34723,102.445,4.243827,2.939561,0.1438856,-0.005277049,0.07969082,-0.005803068,-0.9967887,4.321941,2.925946,0.1487277,-0.1542768,-0.1645041,0.9742367,12,-5.7,-7.437424,68.57391,13,5.7,-25.81754,199.3549
18.82214,-12.018,-14.34723,102.445,4.085603,2.942707,0.1426537,-0.004908751,0.08065407,-0.004419581,-0.9967203,4.181297,2.925946,0.1487277,-0.1542768,-0.1645041,0.9742367,12,-5.7,-7.199946,66.88418,13,5.7,-25.58006,197.6652
18.84595,-12.85,-14.08623,103.9222,3.764377,2.949089,0.1401076,-0.002995998,0.08218841,-0.001682989,-0.9966109,3.857028,2.932321,0.1466504,-0.1569021,-0.1598277,0.9745958,12,-5.7,-6.884431,64.63917,13,5.7,-25.26454,195.4202
18.86353,-12.85,-14.09544,103.6853,3.601857,2.952248,0.1387105,-0.001702718,0.08240718,-0.0004764888,-0.9965972,3.671974,2.939022,0.1439432,-0.155536,-0.1603605,0.9747272,12,-5.7,-6.651412,62.98116,13,5.7,-25.03152,193.7621
18.88794,-12.85,-13.79174,101.8394,3.270478,2.95849,0.1356329,-0.0004671456,0.08285844,0.001718984,-0.9965597,3.377414,2.939022,0.1439432,-0.155536,-0.1603605,0.9747272,12,-5.7,-6.329915,60.69358,13,5.7,-24.71003,191.4746
18.90527,-18.53281,-18.71737,133.5402,3.099613,2.961688,0.1339776,0.0001643004,0.08260445,0.003011895,-0.9965779,3.183606,2.946315,0.1409647,-0.1586523,-0.1582672,0.9745671,12,-5.7,-6.099838,59.0565,13,5.7,-24.47995,189.8375
18.92944,-12.85,-13.51202,99.47414,2.7565,2.967676,0.1304849,0.002401149,0.08185461,0.005572747,-0.9966258,2.834921,2.953796,0.1374621,-0.153915,-0.1615778,0.9747835,12,-5.7,-5.7802,56.78216,13,5.7,-24.16031,187.5632
18.94714,-12.85,-13.34906,98.491,2.581864,2.9705,0.1287224,0.003753214,0.08111436,0.006745896,-0.996675,2.679689,2.953796,0.1374621,-0.153915,-0.1615778,0.9747835,12,-5.7,-5.546306,55.11792,13,5.7,-23.92642,185.8989
18.97131,-17.77308,-18.18226,129.7327,2.231581,2.975969,0.1251179,0.007368981,0.07968001,0.008848913,-0.996754,2.323417,2.961225,0.1335841,-0.1512818,-0.1591633,0.9755926,12,-5.7,-5.227394,52.84874,13,5.7,-23.60751,183.6297
18.9895,-17.93035,-18.18227,129.7328,2.054668,2.978242,0.1231065,0.009703144,0.07865279,0.009740017,-0.9968073,2.166162,2.961225,0.1335841,-0.1512818,-0.1591633,0.9755926,12,-5.7,-4.986042,51.13144,13,5.7,-23.36615,181.9124
19.01294,-18.27794,-18.31811,130.6993,1.700757,2.982948,0.1196969,0.01340091,0.0767177,0.01070932,-0.9969053,1.805736,2.968392,0.1292169,-0.1500914,-0.1590805,0.9757899,12,-5.7,-4.676685,48.93024,13,5.7,-23.0568,179.7112
19.03101,-17.11441,-16.69163,119.1263,1.522331,2.984591,0.1180098,0.01549162,0.0756281,0.01103095,-0.9969547,1.600572,2.97484,0.1248059,-0.1533274,-0.1611228,0.9749514,12,-5.7,-4.437108,47.22556,13,5.7,-22.81722,178.0066
19.05518,-17.43107,-16.69163,119.1263,1.166087,2.98766,0.1149008,0.017434,0.07373672,0.01168978,-0.9970569,1.283911,2.97484,0.1248059,-0.1533274,-0.1611228,0.9749514,12,-5.7,-4.11792,44.95443,13,5.7,-22.49803,175.7354
19.07288,-18.4843,-17.85948,127.436,0.9876636,2.98903,0.1133695,0.01793853,0.07262287,0.01264,-0.9971181,1.078243,2.980337,0.1207362,-0.1499225,-0.1597113,0.9757129,12,-5.7,-3.883482,43.2863,13,5.7,-22.26359,174.0673
19.09668,-12.85,-12.20539,88.69417,0.6321754,2.991097,0.1106891,0.01921682,0.07100455,0.01403457,-0.9971921,0.7149301,2.984722,0.1168529,-0.1492483,-0.1671294,0.9745731,12,-5.7,-3.570135,41.05672,13,5.7,-21.95024,171.8377
19.1145,-12.85,-12.02611,87.64875,0.452066,2.992614,0.1095587,0.01925536,0.06996809,0.01552625,-0.9972426,0.5548329,2.984722,0.1168529,-0.1492483,-0.1671294,0.9745731,12,-5.7,-3.334249,39.37831,13,5.7,-21.71436,170.1593
19.13818,-12.85,-12.04943,87.08962,0.09779394,2.99544,0.1078799,0.02008187,0.06822957,0.01785748,-0.9973077,0.1922669,2.988305,0.1132534,-0.1461726,-0.168537,0.9747968,12,-5.7,-3.020415,37.14527,13,5.7,-21.40053,167.9263
19.15686,-12.85,-11.87068,86.05576,-0.07661502,2.995617,0.1068431,0.02244223,0.06728215,0.01937608,-0.9972934,0.03723669,2.988305,0.1132534,-0.1461726,-0.168537,0.9747968,12,-5.7,-2.774358,35.39448,13,5.7,-21.15447,166.1755
19.18005,-12.85,-11.46406,82.59132,-0.4257322,2.995568,0.1053098,0.02276855,0.06477758,0.0223008,-0.9973907,-0.3204579,2.99131,0.1102598,-0.1479803,-0.1707252,0.9741431,12,-5.7,-2.467551,33.21143,13,5.7,-20.84766,163.9924
19.19812,-12.2405,-10.84317,77.51234,-0.5983281,2.996206,0.1047348,0.02224918,0.0632216,0.02387606,-0.9974658,-0.5208492,2.993564,0.1078913,-0.1474169,-0.1740469,0.9736406,12,-5.7,-2.228891,31.51328,13,5.7,-20.609,162.2943
19.22229,-12.5447,-10.84318,77.51239,-0.9405438,2.995209,0.1032529,0.02240597,0.05992423,0.02581964,-0.9976174,-0.8250409,2.993564,0.1078913,-0.1474169,-0.1740469,0.9736406,12,-5.7,-1.908526,29.23376,13,5.7,-20.28864,160.0148
19.23975,-11.12497,-9.618757,68.8002,-1.110282,2.994563,0.1023304,0.02163181,0.05809104,0.02626227,-0.9977313,-1.022479,2.994661,0.1057695,-0.1431562,-0.178737,0.9734266,12,-5.7,-1.677354,27.58889,13,5.7,-20.05746,158.3699
19.26355,-8.855915,-7.406911,53.0621,-1.445026,2.992977,0.1015344,0.02177622,0.05423996,0.02695641,-0.9979265,-1.366021,2.994551,0.1036699,-0.1374608,-0.1908964,0.9719378,12,-5.7,-1.363164,25.35331,13,5.7,-19.74327,156.1343
19.28149,-9.002112,-7.406909,53.06209,-1.609501,2.991721,0.1010887,0.02186543,0.0521417,0.02633715,-0.9980529,-1.512221,2.994551,0.1036699,-0.1374608,-0.1908964,0.9719378,12,-5.7,-1.126607,23.67012,13,5.7,-19.50672,154.4511
19.3053,-9.390309,-7.338558,52.57575,-1.93339,2.988745,0.1004236,0.02095578,0.04825983,0.02494027,-0.9983035,-1.845271,2.993327,0.1023915,-0.1396958,-0.1912942,0.9715409,12,-5.7,-0.810738,21.4226,13,5.7,-19.19085,152.2036
19.32397,-9.53075,-7.338556,52.57574,-2.09139,2.987562,0.1003832,0.0202949,0.04638097,0.02391645,-0.9984313,-1.985715,2.993327,0.1023915,-0.1396958,-0.1912942,0.9715409,12,-5.7,-0.5641518,19.66805,13,5.7,-18.94426,150.449
19.34717,-9.184432,-6.544686,46.92706,-2.400192,2.983463,0.1001486,0.02203954,0.0425106,0.02361459,-0.9985737,-2.304463,2.991013,0.1013728,-0.1425029,-0.1975104,0.9698879,12,-5.7,-0.2583597,17.49222,13,5.7,-18.63847,148.2732
19.36499,-8.99817,-5.919869,42.48125,-2.549862,2.982168,0.10026,0.02213301,0.04072518,0.02396177,-0.9986378,-2.480506,2.987965,0.100435,-0.1488236,-0.2034005,0.9677188,12,-5.7,-0.02172267,15.80846,13,5.7,-18.40183,146.5894
19.3894,-9.257045,-5.919867,42.48123,-2.841099,2.978785,0.1013085,0.02391104,0.0375878,0.0237659,-0.9987245,-2.739383,2.987965,0.100435,-0.1488236,-0.2034005,0.9677188,12,-5.7,0.3015258,13.50843,13,5.7,-18.07859,144.2894
19.40662,-8.818505,-5.234094,37.6017,-2.980825,2.976344,0.101955,0.02444658,0.03608226,0.02340876,-0.9987755,-2.90514,2.984073,0.1001709,-0.1522328,-0.2115675,0.9654348,12,-5.7,0.5289871,11.88996,13,5.7,-17.85113,142.6709
19.43103,-8.981068,-5.380971,38.64679,-3.251157,2.972021,0.1034039,0.02341838,0.03335065,0.02206663,-0.9989257,-3.185328,2.979829,0.1008478,-0.1453811,-0.2097236,0.9668921,12,-5.7,0.8508314,9.599917,13,5.7,-17.52928,140.3809
19.44861,-9.09373,-5.380972,38.64679,-3.377903,2.969907,0.1042246,0.02223656,0.03202174,0.02115479,-0.9990159,-3.297992,2.979829,0.1008478,-0.1453811,-0.2097236,0.9668921,12,-5.7,1.082787,7.949466,13,5.7,-17.29733,138.7304
19.47266,-8.688845,-4.574064,32.90535,-3.624123,2.965248,0.1057371,0.02026759,0.02874603,0.02103406,-0.9991599,-3.554668,2.975013,0.1021231,-0.1507835,-0.2217059,0.9633851,12,-5.7,1.40153,5.681492,13,5.7,-16.97858,136.4625
19.49109,-8.791572,-4.574065,32.90535,-3.739691,2.962615,0.1065707,0.01906829,0.02686078,0.02258086,-0.9992022,-3.657396,2.975013,0.1021231,-0.1507835,-0.2217059,0.9633851,12,-5.7,1.645307,3.946927,13,5.7,-16.7348,134.7279
19.51428,-8.622571,-3.838017,27.6681,-3.958122,2.95689,0.1085061,0.0167011,0.02395767,0.02409802,-0.999283,-3.887067,2.969889,0.1034845,-0.1645124,-0.2365082,0.957601,12,-5.7,1.951797,1.76614,13,5.7,-16.42831,132.5471
19.53198,-8.715781,-3.467071,25.02868,-4.058713,2.953812,0.1094642,0.01557583,0.02257887,0.02515838,-0.9993072,-4.009243,2.964143,0.1056283,-0.1798706,-0.2457832,0.95249,12,-5.7,2.185281,0.1048157,13,5.7,-16.19483,130.8858
19.55688,-8.882469,-3.467071,25.02868,-4.246237,2.947847,0.1113017,0.01312305,0.01975712,0.02678139,-0.9993599,-4.175932,2.964143,0.1056283,-0.1798706,-0.2457832,0.95249,13,5.7,-15.86483,128.5377,14,-5.7,-34.40019,260.4239
19.57385,-8.641731,-3.321508,23.99295,-4.329908,2.94486,0.1122784,0.01241768,0.018653,0.02740534,-0.9993732,-4.280258,2.957659,0.1079131,-0.1739108,-0.2503777,0.9524001,13,5.7,-15.64083,126.9438,14,-5.7,-34.17619,258.83
19.59778,-5.282519,-10.34022,73.93365,-4.485381,2.938203,0.1139353,0.01185073,0.01582004,0.03014455,-0.9993501,-4.445308,2.950736,0.1101542,-0.01116054,-0.1771771,0.9841157,13,5.7,-15.32481,124.6953,14,-5.7,-33.86017,256.5815
19.61548,-5.341213,-10.34022,73.93365,-4.551412,2.934415,0.1146353,0.01125296,0.01453267,0.03175726,-0.9993266,-4.504002,2.950736,0.1101542,-0.01116054,-0.1771771,0.9841157,13,5.7,-15.09062,123.0289,14,-5.7,-33.62598,254.9151
19.6394,5.047063,-25.98771,185.2712,-4.67028,2.926957,0.1161933,0.01022387,0.01245327,0.03408973,-0.9992889,-4.633162,2.943353,0.1123127,0.05158512,-0.1541712,0.9866966,13,5.7,-14.7738,120.7746,14,-5.7,-33.30916,252.6608
19.65784,5.003206,-25.98771,185.2712,-4.719621,2.923075,0.1170207,0.01013148,0.01131076,0.03655195,-0.9992164,-4.677019,2.943353,0.1123127,0.05158512,-0.1541712,0.9866966,13,5.7,-14.53076,119.0453,14,-5.7,-33.06612,250.9315
19.68127,4.754442,-23.30747,166.2003,-4.802535,2.915612,0.1187782,0.009125337,0.009417735,0.04095757,-0.9990749,-4.770569,2.935081,0.1143301,0.05655644,-0.1558198,0.9861651,13,5.7,-14.22095,116.8409,14,-5.7,-32.75632,248.7271
19.69934,3.322509,-20.3333,145.0379,-4.833571,2.912153,0.1196594,0.00818514,0.008422442,0.04339149,-0.9989891,-4.81432,2.926236,0.1162571,0.05535193,-0.1582263,0.9858502,13,5.7,-13.9808,115.1321,14,-5.7,-32.51616,247.0183
19.72388,3.279176,-20.3333,145.0379,-4.882322,2.904693,0.1213477,0.006655641,0.005638152,0.04934172,-0.9987439,-4.857654,2.926236,0.1162571,0.05535193,-0.1582263,0.9858502,13,5.7,-13.6569,112.8275,14,-5.7,-32.19226,244.7137
19.74084,2.560124,-17.52814,125.0782,-4.89307,2.901011,0.1222127,0.005102335,0.003926836,0.05257528,-0.9985962,-4.879907,2.917341,0.1181298,0.05865681,-0.1611912,0.9851786,13,5.7,-13.43262,111.2317,14,-5.7,-31.96799,243.1179
19.76477,2.003053,-14.02382,100.1436,-4.901936,2.894568,0.124096,0.002012306,0.000356257,0.05797893,-0.9983158,-4.896227,2.908487,0.1202278,0.06785235,-0.1665242,0.9837,13,5.7,-13.11677,108.9842,14,-5.7,-31.65213,240.8704
19.78259,2.008662,-14.02381,100.1435,-4.895621,2.891578,0.1250549,0.001261386,-0.001937993,0.06046961,-0.9981675,-4.890615,2.908487,0.1202278,0.06785235,-0.1665242,0.9837,13,5.7,-12.88044,107.3027,14,-5.7,-31.41581,239.1889
19.80652,3.301438,-15.29047,109.1563,-4.869137,2.885569,0.1268146,-0.000451881,-0.005915612,0.06390186,-0.9979386,-4.871492,2.899964,0.1223845,0.07373455,-0.1641105,0.9836824,13,5.7,-12.56374,105.0492,14,-5.7,-31.09911,236.9354
19.82495,3.323965,-15.29047,109.1563,-4.843796,2.882952,0.1276922,-0.001513501,-0.008228105,0.06504392,-0.9978474,-4.848966,2.899964,0.1223845,0.07373455,-0.1641105,0.9836824,13,5.7,-12.32056,103.319,14,-5.7,-30.85593,235.2052
19.84827,3.342468,-14.13913,100.9641,-4.779792,2.878517,0.1294575,-0.004057879,-0.01209494,0.06700785,-0.9976709,-4.792569,2.892144,0.1246872,0.07929614,-0.166012,0.9829304,13,5.7,-12.01239,101.1262,14,-5.7,-30.54776,233.0124
19.86633,3.275538,-13.91208,99.34856,-4.736908,2.877154,0.1304751,-0.004639897,-0.01403042,0.0679927,-0.9975764,-4.751053,2.885069,0.126965,0.07950824,-0.166386,0.98285,13,5.7,-11.77447,99.43329,14,-5.7,-30.30984,231.3195
19.89063,3.360419,-13.91207,99.34847,-4.641409,2.874279,0.1326207,-0.003184646,-0.01838009,0.07177109,-0.9972467,-4.666165,2.885069,0.126965,0.07950824,-0.166386,0.98285,13,5.7,-11.4524,97.14163,14,-5.7,-29.98776,229.0278
19.90796,4.556468,-15.47569,110.4742,-4.583344,2.872476,0.1335618,-0.001453622,-0.02049268,0.07333118,-0.997096,-4.607491,2.879366,0.129014,0.08164892,-0.1635397,0.9831522,13,5.7,-11.22356,95.51335,14,-5.7,-29.75892,227.3996
19.93176,6.163129,-17.13703,122.2953,-4.455269,2.868879,0.135148,-0.001293258,-0.02385071,0.07443682,-0.9969397,-4.482924,2.875052,0.1312891,0.08568306,-0.1610641,0.9832175,13,5.7,-10.90813,93.26898,14,-5.7,-29.4435,225.1552
19.94983,6.228577,-17.13705,122.2954,-4.381653,2.867349,0.1360674,-0.003048452,-0.02510559,0.07396594,-0.9969401,-4.417487,2.875052,0.1312891,0.08568306,-0.1610641,0.9832175,13,5.7,-10.66976,91.57292,14,-5.7,-29.20513,223.4591
19.97363,7.267954,-17.1535,122.4124,-4.219528,2.865303,0.1381485,-0.005260491,-0.02763209,0.07394943,-0.9968652,-4.259405,2.871092,0.1336977,0.09263195,-0.1609143,0.9826118,13,5.7,-10.35526,89.3351,14,-5.7,-28.89063,221.2213
19.99194,7.350579,-17.15349,122.4124,-4.12657,2.865047,0.1393878,-0.00633287,-0.02915166,0.07464615,-0.9967638,-4.176776,2.871092,0.1336977,0.09263195,-0.1609143,0.9826118,13,5.7,-10.11266,87.60889,14,-5.7,-28.64803,219.4951
20.01538,3.917961,-11.91868,85.16477,-3.929704,2.865217,0.1418144,-0.008439075,-0.03236938,0.0762729,-0.9965258,-3.984151,2.867404,0.1358517,0.09117893,-0.17061,0.9811109,13,5.7,-9.803798,85.41125,14,-5.7,-28.33917,217.2975
20.03418,3.403275,-10.42608,74.54434,-3.819659,2.86621,0.1431561,-0.01043176,-0.03410516,0.0771338,-0.9963827,-3.864965,2.86495,0.138218,0.09571969,-0.1750373,0.9798978,13,5.7,-9.554209,83.63533,14,-5.7,-28.08958,215.5215
20.05737,3.609597,-10.42607,74.54429,-3.587542,2.869058,0.1456241,-0.01586044,-0.0381279,0.07898314,-0.9960203,-3.658639,2.86495,0.138218,0.09571969,-0.1750373,0.9798978,13,5.7,-9.248345,81.459,14,-5.7,-27.78372,213.3452
20.0752,4.265456,-10.49348,75.02395,-3.461647,2.871137,0.1466206,-0.02076422,-0.04075139,0.07973894,-0.995766,-3.521649,2.864484,0.1410093,0.101842,-0.1746993,0.9793407,13,5.7,-9.012647,79.78192,14,-5.7,-27.54802,211.6681
20.099,4.752531,-10.33652,73.90709,-3.201927,2.876505,0.1479107,-0.03033788,-0.04566979,0.08047062,-0.995248,-3.261843,2.86635,0.1441408,0.1063442,-0.1751913,0.9787742,13,5.7,-8.698054,77.54348,14,-5.7,-27.23343,209.4297
20.11707,4.874613,-10.33651,73.90705,-3.06458,2.88001,0.1481753,-0.03491084,-0.04786355,0.07929773,-0.9950891,-3.139757,2.86635,0.1441408,0.1063442,-0.1751913,0.9787742,13,5.7,-8.459412,75.84544,14,-5.7,-26.99478,207.7316
20.14063,2.861923,-7.386535,52.91713,-2.779879,2.888128,0.148823,-0.03990459,-0.05102059,0.0745834,-0.995109,-2.854836,2.870609,0.146455,0.1057457,-0.1897314,0.9761249,13,5.7,-8.146847,73.62143,14,-5.7,-26.68222,205.5076
20.15857,2.996427,-7.386533,52.91711,-2.62856,2.892992,0.1491662,-0.03900052,-0.05165821,0.0703428,-0.9954207,-2.72033,2.870609,0.146455,0.1057457,-0.1897314,0.9761249,13,5.7,-7.91041,71.93909,14,-5.7,-26.44578,203.8253
20.1825,3.367672,-7.059111,50.58738,-2.321193,2.902438,0.1493891,-0.0376846,-0.05266944,0.06367908,-0.9958668,-2.41228,2.877384,0.1479075,0.111727,-0.1920734,0.975,13,5.7,-7.594207,69.68919,14,-5.7,-26.12958,201.5754
20.20007,5.476419,-11.14985,79.69428,-2.160649,2.906729,0.1492152,-0.03693701,-0.05230703,0.06072197,-0.9960986,-2.231901,2.886827,0.1488949,0.09499868,-0.1729905,0.9803313,13,5.7,-7.360467,68.02605,14,-5.7,-25.89584,199.9123
20.22437,5.766404,-11.14985,79.69427,-1.834416,2.915035,0.1487024,-0.03785547,-0.05177634,0.05614547,-0.9963604,-1.941916,2.886827,0.1488949,0.09499868,-0.1729905,0.9803313,13,5.7,-7.040761,65.75122,14,-5.7,-25.57613,197.6374
20.24182,9.289203,-15.47761,110.488,-1.664799,2.919419,0.1487066,-0.03839053,-0.05108549,0.05537068,-0.9964189,-1.75101,2.897603,0.1493423,0.09822099,-0.163478,0.9816453,13,5.7,-6.809924,64.10873,14,-5.7,-25.34529,195.9949
20.26599,9.583318,-15.14735,108.1381,-1.321142,2.927767,0.1490171,-0.03703853,-0.04988573,0.05375709,-0.9966192,-1.403286,2.908081,0.1490984,0.09984387,-0.1640839,0.9813805,13,5.7,-6.48942,61.82822,14,-5.7,-25.02479,193.7144
20.28357,9.739108,-15.14735,108.1381,-1.145877,2.931575,0.1491171,-0.03667235,-0.04870092,0.05278622,-0.9967432,-1.247494,2.908081,0.1490984,0.09984387,-0.1640839,0.9813805,13,5.7,-6.257501,60.17803,14,-5.7,-24.79287,192.0642
20.30774,10.20304,-15.42087,110.0842,-0.7955705,2.939314,0.149247,-0.03927771,-0.04689914,0.05213797,-0.9967644,-0.8918936,2.918345,0.1489269,0.09905718,-0.1637351,0.9815184,13,5.7,-5.936922,57.897,14,-5.7,-24.47229,189.7832
20.32532,10.35786,-15.42087,110.0842,-0.6214026,2.942657,0.1493083,-0.04118732,-0.04660057,0.05353765,-0.9966272,-0.7370777,2.918345,0.1489269,0.09905718,-0.1637351,0.9815184,13,5.7,-5.705967,56.25367,14,-5.7,-24.24134,188.1399
20.34973,7.13425,-11.16486,79.80103,-0.2711662,2.949583,0.1496049,-0.04340189,-0.04500477,0.05341925,-0.9966129,-0.3802022,2.928028,0.1490142,0.09249986,-0.1734777,0.9804842,13,5.7,-5.383099,53.95634,14,-5.7,-23.91847,185.8425
20.36707,6.212594,-10.07948,72.07817,-0.09649567,2.953008,0.1500839,-0.0426006,-0.04371412,0.05164856,-0.9967983,-0.1784947,2.937184,0.1491911,0.08710035,-0.1773964,0.9802775,13,5.7,-5.153988,52.32613,14,-5.7,-23.68936,184.2123
20.3916,6.521675,-10.07948,72.07816,0.2512221,2.959347,0.1512917,-0.03905441,-0.04131607,0.04807693,-0.9972244,0.1305878,2.937184,0.1491911,0.08710035,-0.1773964,0.9802775,13,5.7,-4.828892,50.01295,14,-5.7,-23.36426,181.8992
20.40881,5.850505,-9.121463,65.26154,0.425535,2.961948,0.1520453,-0.0364134,-0.03984236,0.04538711,-0.9975103,0.3321846,2.945722,0.1495737,0.08304437,-0.1815973,0.9798602,13,5.7,-4.600596,48.38854,14,-5.7,-23.13597,180.2747
20.43323,6.955671,-9.929045,71.00778,0.7688591,2.966134,0.1536365,-0.03268604,-0.03705221,0.04086418,-0.9979424,0.6838517,2.953684,0.1505556,0.08675745,-0.1782055,0.9801612,13,5.7,-4.277965,46.0929,14,-5.7,-22.81333,177.9791
20.45068,7.109015,-9.929045,71.00778,0.9413711,2.967187,0.1543864,-0.03123582,-0.03507142,0.03840639,-0.998158,0.8371958,2.953684,0.1505556,0.08675745,-0.1782055,0.9801612,13,5.7,-4.04848,44.46003,14,-5.7,-22.58385,176.3462
20.47498,6.990747,-9.697115,69.35752,1.281966,2.968281,0.1563927,-0.0295818,-0.03131034,0.03482341,-0.9984648,1.186107,2.960391,0.1521325,0.08222748,-0.179304,0.9803513,13,5.7,-3.727218,42.17414,14,-5.7,-22.26259,174.0603
20.49231,7.14135,-9.697115,69.35753,1.451395,2.969029,0.1577614,-0.0293528,-0.02951878,0.03448405,-0.9985379,1.33671,2.960391,0.1521325,0.08222748,-0.179304,0.9803513,13,5.7,-3.496968,40.53582,14,-5.7,-22.03234,172.422
20.51685,7.508177,-9.641315,68.96049,1.787191,2.968631,0.1604972,-0.02770413,-0.02566393,0.03312034,-0.9987377,1.68109,2.96485,0.1539437,0.08301388,-0.1795901,0.9802327,13,5.7,-3.173202,38.23211,14,-5.7,-21.70857,170.1183
20.53418,7.101254,-9.032478,64.62839,1.953363,2.967666,0.1614985,-0.02901109,-0.02367928,0.03201663,-0.9987856,1.874253,2.967193,0.156352,0.07945313,-0.1824013,0.9800087,13,5.7,-2.944354,36.60377,14,-5.7,-21.47972,168.49
20.55872,7.39278,-9.032482,64.62841,2.281327,2.966028,0.1639962,-0.03115549,-0.02001249,0.03026991,-0.9988557,2.165777,2.967193,0.156352,0.07945313,-0.1824013,0.9800087,13,5.7,-2.6186,34.28591,14,-5.7,-21.15397,166.1721
20.57593,6.570473,-7.711785,55.23116,2.443105,2.964647,0.1655633,-0.03134077,-0.01810797,0.02952913,-0.9989083,2.354487,2.967441,0.1590822,0.07494263,-0.1898322,0.9789522,13,5.7,-2.392356,32.6761,14,-5.7,-20.92772,164.5623
20.60034,6.077356,-6.735424,48.28399,2.760499,2.96345,0.1692092,-0.03171169,-0.01446077,0.02897114,-0.9989724,2.6808,2.96611,0.1620834,0.06902517,-0.1971557,0.9779392,13,5.7,-2.069436,30.37841,14,-5.7,-20.6048,162.2646
20.6178,6.213581,-6.735427,48.28402,2.913751,2.962325,0.1711673,-0.03065893,-0.0127782,0.02919694,-0.9990217,2.817023,2.96611,0.1620834,0.06902517,-0.1971557,0.9779392,13,5.7,-1.838236,28.73333,14,-5.7,-20.3736,160.6195
20.64197,5.874861,-5.820601,41.77468,3.213567,2.96063,0.1749134,-0.03110058,-0.00911722,0.02859484,-0.9990656,3.126777,2.964074,0.1657041,0.06448641,-0.2061409,0.9763951,13,5.7,-1.51852,26.45843,14,-5.7,-20.05389,158.3446
20.65955,6.003541,-5.820596,41.77466,3.358333,2.95942,0.1769762,-0.03021866,-0.00716494,0.02780792,-0.9991308,3.255458,2.964074,0.1657041,0.06448641,-0.2061409,0.9763951,13,5.7,-1.286569,24.80802,14,-5.7,-19.82194,156.6942
20.68372,6.201838,-5.73524,41.16732,3.638314,2.956305,0.1809865,-0.02828537,-0.00299827,0.02590575,-0.9992597,3.546217,2.961936,0.1698962,0.06323831,-0.207106,0.9762725,13,5.7,-0.9664252,22.53008,14,-5.7,-19.50179,154.4163
20.70129,6.160749,-5.642555,40.50784,3.772993,2.954072,0.1827883,-0.02692143,-0.0006769821,0.0250598,-0.9993232,3.705849,2.959751,0.1746727,0.05942147,-0.2082211,0.976275,13,5.7,-0.7349968,20.88338,14,-5.7,-19.27037,152.7696
20.72546,6.39421,-5.642554,40.50783,4.035638,2.949466,0.186519,-0.02550167,0.003422931,0.02345199,-0.9993939,3.939311,2.959751,0.1746727,0.05942147,-0.2082211,0.976275,13,5.7,-0.4154015,18.60934,14,-5.7,-18.95077,150.4955
20.74304,6.193481,-5.551877,39.86263,4.161688,2.94718,0.1886235,-0.02437984,0.004933268,0.02296973,-0.9994267,4.089682,2.956384,0.1792638,0.05176705,-0.2093583,0.9764678,13,5.7,-0.182392,16.95139,14,-5.7,-18.71776,148.8376
20.76721,6.111303,-5.039265,36.21521,4.403673,2.942855,0.1928372,-0.02317246,0.007115758,0.02211019,-0.9994616,4.341072,2.951759,0.1838025,0.04790967,-0.2162699,0.9751574,13,5.7,0.1367544,14.68055,14,-5.7,-18.39861,146.5667
20.78491,6.213393,-5.039265,36.21521,4.518523,2.940593,0.1950028,-0.02299151,0.007900305,0.02168571,-0.9994692,4.443161,2.951759,0.1838025,0.04790967,-0.2162699,0.9751574,13,5.7,0.3707334,13.0157,14,-5.7,-18.16464,144.9019
20.80896,6.237091,-4.699851,33.80014,4.739977,2.934933,0.1991299,-0.02177393,0.009967007,0.01923613,-0.9995282,4.674299,2.946486,0.1886038,0.04529075,-0.2215962,0.9740862,13,5.7,0.6887773,10.7527,14,-5.7,-17.84659,142.6389
20.82678,6.328183,-4.69985,33.80014,4.842456,2.932475,0.2011593,-0.02179225,0.01013461,0.01837979,-0.9995422,4.765391,2.946486,0.1886038,0.04529075,-0.2215962,0.9740862,13,5.7,0.924192,9.077637,14,-5.7,-17.61118,140.9638
20.85083,6.262233,-4.388847,31.58724,5.039371,2.926995,0.2052708,-0.01877403,0.01089009,0.01587941,-0.9996384,4.972496,2.940897,0.1936032,0.03997477,-0.2271821,0.9730315,13,5.7,1.242149,6.815258,14,-5.7,-17.29322,138.7015
20.86877,6.056536,-3.948177,28.45171,5.129903,2.923672,0.2071699,-0.01628564,0.01107106,0.0137026,-0.9997122,5.082607,2.934799,0.1985308,0.0334731,-0.2365625,0.9710395,13,5.7,1.479266,5.128083,14,-5.7,-17.0561,137.0143
20.89246,6.208096,-3.948175,28.4517,5.300407,2.916661,0.2103897,-0.01344953,0.01215872,0.009748643,-0.9997882,5.234167,2.934799,0.1985308,0.0334731,-0.2365625,0.9710395,13,5.7,1.79346,2.892473,14,-5.7,-16.74191,134.7787
20.91064,6.309451,-4.168382,30.01856,5.376137,2.912635,0.2117803,-0.01244727,0.01302803,0.008161321,-0.9998044,5.328666,2.928244,0.2034132,0.03198507,-0.2314336,0.9723247,13,5.7,2.033573,1.183983,14,-5.7,-16.5018,133.0702
20.93433,6.235937,-3.344949,24.15952,5.515683,2.905266,0.2146098,-0.01096042,0.01432428,0.005469531,-0.9998224,5.477244,2.920669,0.2079597,0.03063045,-0.2529605,0.9669916,14,-5.7,-16.18851,130.8411,15,5.7,-34.4897,261.0607
20.95239,6.288869,-3.344949,24.15952,5.575231,2.902392,0.2157915,-0.01145079,0.01476718,0.004189799,-0.9998166,5.530176,2.920669,0.2079597,0.03063045,-0.2529605,0.9669916,14,-5.7,-15.9493,129.1389,15,5.7,-34.25048,259.3586
20.97607,6.121284,-3.50775,25.31791,5.681802,2.896572,0.2177938,-0.01186013,0.01623424,0.0002126793,-0.9997978,5.646412,2.912149,0.2116959,0.01832173,-0.2476967,0.9686644,14,-5.7,-15.63721,126.9183,15,5.7,-33.93839,257.138
20.99475,3.743708,-4.188771,30.16363,5.723572,2.893353,0.2186967,-0.01133966,0.01706772,-0.001786437,-0.9997885,5.701787,2.903949,0.2148669,-0.06349278,-0.2299889,0.9711199,14,-5.7,-15.38926,125.1541,15,5.7,-33.69044,255.3738
21.0177,3.806816,-4.188771,30.16363,5.794568,2.887917,0.2204125,-0.01010458,0.01885574,-0.005064128,-0.9997584,5.764894,2.903949,0.2148669,-0.06349278,-0.2299889,0.9711199,14,-5.7,-15.08642,122.9993,15,5.7,-33.38761,253.219
21.03577,-7.433677,-16.51372,117.8604,5.818417,2.885936,0.2213847,-0.008747771,0.01954556,-0.006185488,-0.9997516,5.800854,2.896351,0.2175529,-0.1103194,-0.161797,0.9806383,14,-5.7,-14.84797,121.3026,15,5.7,-33.14915,251.5223
21.05957,-9.81895,-18.0278,128.6338,5.848755,2.882433,0.2227088,-0.006681974,0.02088826,-0.007233265,-0.9997334,5.838883,2.889544,0.2199475,-0.1194842,-0.1596194,0.979921,14,-5.7,-14.53323,119.0631,15,5.7,-32.83441,249.2828
21.07751,-9.817169,-18.0278,128.6338,5.850759,2.880711,0.2229471,-0.006440763,0.02206971,-0.007477053,-0.9997078,5.840664,2.889544,0.2199475,-0.1194842,-0.1596194,0.979921,14,-5.7,-14.29508,117.3686,15,5.7,-32.59627,247.5883
21.1012,-9.283789,-16.4543,117.4376,5.838551,2.87757,0.2232428,-0.006766169,0.02418204,-0.007765012,-0.9996546,5.836694,2.884223,0.2217093,-0.1262578,-0.1614789,0.9787663,14,-5.7,-13.98164,115.1384,15,5.7,-32.28283,245.358
21.11938,-9.301705,-16.4543,117.4376,5.8184,2.876658,0.223161,-0.008038317,0.02486428,-0.00715463,-0.999633,5.818782,2.884223,0.2217093,-0.1262578,-0.1614789,0.9787663,14,-5.7,-13.74226,113.4351,15,5.7,-32.04344,243.6547
21.14307,-9.895903,-16.53101,117.9834,5.764803,2.875463,0.2226196,-0.009763349,0.02664252,-0.00799424,-0.9995654,5.773678,2.879899,0.2228136,-0.1301742,-0.1612551,0.9782901,14,-5.7,-13.42925,111.2079,15,5.7,-31.73043,241.4276
21.16101,-8.282057,-14.35378,102.4916,5.724124,2.874923,0.2220067,-0.0104849,0.02783732,-0.00993888,-0.9995081,5.735506,2.876661,0.2234101,-0.1339437,-0.1646441,0.9772161,14,-5.7,-13.19196,109.5195,15,5.7,-31.49314,239.7392
21.18469,-8.367366,-14.35378,102.4917,5.628153,2.87417,0.2197851,-0.01064396,0.03039856,-0.0134622,-0.9993905,5.650198,2.876661,0.2234101,-0.1339437,-0.1646441,0.9772161,14,-5.7,-12.8778,107.2842,15,5.7,-31.17899,237.5038
21.20288,-6.859516,-12.67234,90.52757,5.566707,2.874212,0.21857,-0.009040761,0.0319205,-0.01469606,-0.9993415,5.589162,2.874638,0.222779,-0.1346166,-0.1681208,0.9765316,14,-5.7,-12.6385,105.5814,15,5.7,-30.93969,235.8011
21.22656,-6.859374,-12.47917,89.15312,5.430927,2.875638,0.2162835,-0.005116122,0.03507233,-0.01583104,-0.9992463,5.457598,2.873509,0.2208321,-0.1352259,-0.1685545,0.9763725,14,-5.7,-12.32519,103.3521,15,5.7,-30.62637,233.5717
21.24463,-6.930537,-12.47917,89.15312,5.350869,2.877168,0.2153163,-0.002120876,0.0367423,-0.01579085,-0.9991978,5.386435,2.873509,0.2208321,-0.1352259,-0.1685545,0.9763725,14,-5.7,-12.08564,101.6476,15,5.7,-30.38682,231.8672
21.26831,-12.85,-20.79623,151.5571,5.175635,2.880855,0.2137666,0.001704574,0.03959915,-0.01565391,-0.9990916,5.215464,2.873815,0.2182934,-0.1171255,-0.1534622,0.9811886,14,-5.7,-11.77335,99.42558,15,5.7,-30.07454,229.6452
21.28625,-12.85,-20.68038,150.8164,5.076163,2.883424,0.2129094,0.001683307,0.04099808,-0.0154509,-0.9990384,5.127044,2.873815,0.2182934,-0.1171255,-0.1534622,0.9811886,14,-5.7,-11.53497,97.72942,15,5.7,-29.83616,227.9491
21.31018,-41.6719,-52.6571,375.034,4.865058,2.889102,0.2107939,-0.00141316,0.04444857,-0.01642846,-0.9988757,4.920001,2.876129,0.2159978,-0.1220439,-0.145465,0.9818071,14,-5.7,-11.21882,95.4799,15,5.7,-29.52001,225.6996
21.32825,-20.73908,-28.51322,203.2413,4.74744,2.892751,0.209513,-0.004833516,0.04693869,-0.01669957,-0.9987465,4.791932,2.880706,0.2136363,-0.1233258,-0.1516462,0.9807111,14,-5.7,-10.98075,93.78593,15,5.7,-29.28194,224.0056
21.35217,-20.95892,-28.51322,203.2413,4.500119,2.900558,0.2068073,-0.008730398,0.05187778,-0.01524981,-0.9984988,4.572091,2.880706,0.2136363,-0.1233258,-0.1516462,0.9807111,14,-5.7,-10.6642,91.53352,15,5.7,-28.96538,221.7532
21.36987,-12.85,-18.5607,134.3695,4.365625,2.904703,0.2052211,-0.00918884,0.05463818,-0.01294036,-0.9983801,4.425073,2.887271,0.2110946,-0.1261361,-0.156605,0.9795737,14,-5.7,-10.43083,89.87304,15,5.7,-28.73202,220.0927
21.39368,-12.85,-17.33987,124.6764,4.084184,2.913471,0.2020908,-0.008383651,0.06006679,-0.00768625,-0.9981295,4.143633,2.895596,0.2081887,-0.1335534,-0.159031,0.9781987,14,-5.7,-10.11483,87.62462,15,5.7,-28.41602,217.8443
21.41162,-12.85,-17.18134,123.7013,3.934414,2.91803,0.2005051,-0.006140083,0.06301991,-0.004691906,-0.9979824,4.010504,2.895596,0.2081887,-0.1335534,-0.159031,0.9781987,14,-5.7,-9.877718,85.93745,15,5.7,-28.1789,216.1571
21.43542,-12.85,-16.9715,123.0718,3.627913,2.926705,0.1966833,-0.001657751,0.06824558,-5.814312E-05,-0.9976672,3.703115,2.905189,0.2049205,-0.1318341,-0.1583041,0.9785497,14,-5.7,-9.563363,83.70069,15,5.7,-27.86455,213.9203
21.45325,-12.85,-16.80183,122.023,3.468946,2.930531,0.1944405,0.0001768242,0.07029965,0.001630129,-0.9975246,3.561812,2.905189,0.2049205,-0.1318341,-0.1583041,0.9785497,14,-5.7,-9.328187,82.02732,15,5.7,-27.62937,212.2469
21.47729,-23.15452,-26.89162,191.703,3.145069,2.937917,0.1899481,0.001616871,0.07351682,0.004529,-0.9972824,3.235748,2.91581,0.200832,-0.1349219,-0.1523924,0.9790672,14,-5.7,-9.009947,79.76292,15,5.7,-27.31113,209.9826
21.495,-20.20406,-24.73547,176.3614,2.976259,2.941625,0.1877372,0.001376682,0.07379879,0.006214821,-0.9972528,3.044917,2.926002,0.1961344,-0.129281,-0.1538177,0.9796053,14,-5.7,-8.775314,78.09343,15,5.7,-27.0765,208.3131
21.51904,-20.50798,-24.73547,176.3614,2.634345,2.949487,0.1836985,0.002230741,0.07419906,0.009496816,-0.9971958,2.740993,2.926002,0.1961344,-0.129281,-0.1538177,0.9796053,14,-5.7,-8.457952,75.83528,15,5.7,-26.75914,206.0549
21.53687,-17.45093,-21.87676,156.0206,2.459196,2.953407,0.1818078,0.003299827,0.07360461,0.0108488,-0.997223,2.542416,2.935557,0.191043,-0.1257015,-0.1559992,0.9797262,14,-5.7,-8.222219,74.15795,15,5.7,-26.5234,204.3776
21.56091,-18.73665,-23.12295,164.8877,2.10604,2.960651,0.1777727,0.004427702,0.07239559,0.01297875,-0.9972818,2.183815,2.944727,0.1859641,-0.1244828,-0.1551102,0.9800229,14,-5.7,-7.903444,71.88975,15,5.7,-26.20463,202.1094
21.57874,-18.89648,-23.12295,164.8877,1.926234,2.964028,0.1756096,0.003796478,0.07146385,0.01366885,-0.9973423,2.023987,2.944727,0.1859641,-0.1244828,-0.1551102,0.9800229,14,-5.7,-7.66889,70.22081,15,5.7,-25.97007,200.4404
21.60266,-12.85,-16.81016,121.5488,1.566755,2.970034,0.1710939,0.003488746,0.07005998,0.01487302,-0.9974258,1.658299,2.953683,0.1810592,-0.1171731,-0.1596184,0.9802002,14,-5.7,-7.352974,67.97295,15,5.7,-25.65416,198.1926
21.62048,-12.85,-16.59091,120.2024,1.385685,2.973022,0.1686434,0.003275614,0.06934081,0.01536301,-0.9974694,1.497348,2.953683,0.1810592,-0.1171731,-0.1596184,0.9802002,14,-5.7,-7.116277,66.28876,15,5.7,-25.41746,196.5084
21.64429,-12.85,-17.30397,123.6514,1.022969,2.978544,0.1638452,0.005212852,0.06754575,0.01724333,-0.9975536,1.127748,2.961968,0.1759056,-0.1110175,-0.1609611,0.980697,14,-5.7,-6.801719,64.05056,15,5.7,-25.1029,194.2702
21.66248,-10.72522,-14.90576,106.4193,0.8406082,2.98101,0.1618073,0.00675224,0.06676865,0.01787039,-0.9975857,0.9178318,2.969395,0.1702397,-0.1074384,-0.1649463,0.9804334,14,-5.7,-6.561694,62.3427,15,5.7,-24.86288,192.5623
21.68616,-11.04746,-14.90576,106.4193,0.4780898,2.985884,0.1577644,0.01097983,0.06530744,0.01941827,-0.9976159,0.5955932,2.969395,0.1702397,-0.1074384,-0.1649463,0.9804334,14,-5.7,-6.248777,60.11618,15,5.7,-24.54996,190.3358
21.7041,-12.02212,-16.34173,116.6368,0.297112,2.987584,0.1560128,0.01340379,0.06454565,0.01996566,-0.9976249,0.3864678,2.976185,0.1649761,-0.1045257,-0.1627275,0.9811188,14,-5.7,-6.011613,58.42867,15,5.7,-24.3128,188.6483
21.72815,-11.8166,-15.76542,112.5361,-0.06163103,2.99109,0.1526293,0.01657509,0.06254954,0.02140405,-0.9976747,0.01926896,2.982177,0.1600255,-0.1033318,-0.163674,0.9810879,14,-5.7,-5.693473,56.16499,15,5.7,-23.99466,186.3846
21.74597,-11.97682,-15.76542,112.5361,-0.2418801,2.993152,0.1512008,0.0165977,0.06161619,0.02156084,-0.997729,-0.1409525,2.982177,0.1600255,-0.1033318,-0.163674,0.9810879,14,-5.7,-5.457123,54.48327,15,5.7,-23.75831,184.7029
21.76965,-17.0162,-21.8093,155.5405,-0.5954543,2.994701,0.1479949,0.01889604,0.05971841,0.02344369,-0.997761,-0.5036607,2.987408,0.1555316,-0.1043676,-0.1567277,0.9821119,14,-5.7,-5.144679,52.26011,15,5.7,-23.44586,182.4797
21.78784,-17.17115,-21.8093,155.5406,-0.7697801,2.995075,0.146774,0.01876442,0.05871824,0.0244724,-0.9977981,-0.658617,2.987408,0.1555316,-0.1043676,-0.1567277,0.9821119,14,-5.7,-4.903156,50.54159,15,5.7,-23.20434,180.7612
21.8114,-17.5212,-21.45193,152.9977,-1.113673,2.996184,0.1444543,0.02069005,0.05607302,0.02696928,-0.9978479,-1.012008,2.991383,0.1515371,-0.106055,-0.1570238,0.9818839,14,-5.7,-4.592253,48.32939,15,5.7,-22.89343,178.549
21.82947,-12.85,-15.5948,111.9174,-1.283299,2.995665,0.1436487,0.02229781,0.05482702,0.02636471,-0.9978986,-1.209647,2.993669,0.1480778,-0.1021972,-0.1631987,0.9812859,14,-5.7,-4.35435,46.63663,15,5.7,-22.65553,176.8563
21.85303,-12.85,-15.12199,109.0745,-1.616389,2.995199,0.1416195,0.02292252,0.05253262,0.02500883,-0.9980428,-1.505727,2.993669,0.1480778,-0.1021972,-0.1631987,0.9812859,14,-5.7,-4.041394,44.40983,15,5.7,-22.34258,174.6295
21.87122,-12.85,-15.66074,112.4817,-1.779152,2.994684,0.1404685,0.0227217,0.05148385,0.02371283,-0.9981337,-1.696357,2.994687,0.145191,-0.09747992,-0.1630435,0.9817915,14,-5.7,-3.801503,42.70292,15,5.7,-22.10268,172.9226
21.89478,-9.839028,-11.57435,82.71508,-2.100511,2.99287,0.1386011,0.0208297,0.04906236,0.02167237,-0.9983433,-2.026895,2.994678,0.1424788,-0.09276834,-0.1730058,0.9805422,14,-5.7,-3.489566,40.48337,15,5.7,-21.79075,170.703
21.91296,-9.978219,-11.57434,82.71507,-2.257101,2.992291,0.1378071,0.01898146,0.04781194,0.0207901,-0.9984596,-2.166086,2.994678,0.1424788,-0.09276834,-0.1730058,0.9805422,14,-5.7,-3.250385,38.78151,15,5.7,-21.55157,169.0012
21.93665,-9.481018,-10.93966,78.19907,-2.562401,2.991306,0.1364311,0.01872477,0.04575776,0.019926,-0.9985783,-2.481133,2.993361,0.1401913,-0.08793714,-0.1750358,0.9806271,14,-5.7,-2.936218,36.5461,15,5.7,-21.2374,166.7657
21.9552,-9.615597,-10.93966,78.19907,-2.713801,2.989629,0.1364518,0.01989054,0.04456079,0.0204451,-0.9985994,-2.615711,2.993361,0.1401913,-0.08793714,-0.1750358,0.9806271,14,-5.7,-2.690876,34.8004,15,5.7,-20.99206,165.0201
21.97839,-8.4689,-9.067403,64.87724,-3.004348,2.988791,0.1355406,0.02062938,0.04252703,0.02117706,-0.9986579,-2.916274,2.991725,0.1382351,-0.08402087,-0.1824756,0.9796138,14,-5.7,-2.384943,32.62357,15,5.7,-20.68612,162.8432
21.99634,-8.246158,-8.735866,62.51823,-3.147987,2.987521,0.1352759,0.02165957,0.04094337,0.02194352,-0.9986857,-3.084923,2.989805,0.1366667,-0.08104502,-0.1841241,0.979556,14,-5.7,-2.146762,30.92883,15,5.7,-20.44794,161.1485
22.02014,-8.494133,-8.735861,62.5182,-3.426962,2.985624,0.1352051,0.02200568,0.03749465,0.02419324,-0.9987615,-3.3329,2.989805,0.1366667,-0.08104502,-0.1841241,0.979556,14,-5.7,-1.832871,28.69538,15,5.7,-20.13405,158.915
22.03796,-8.371462,-8.86231,63.41794,-3.560988,2.984426,0.1355511,0.02303619,0.03582753,0.02476087,-0.9987856,-3.491447,2.987864,0.1356027,-0.07558064,-0.183533,0.9801037,14,-5.7,-1.596882,27.01622,15,5.7,-19.89806,157.2359
22.06189,-8.194933,-8.786494,62.87848,-3.824562,2.982023,0.1366585,0.02477613,0.03232198,0.02518306,-0.998853,-3.763422,2.98559,0.1353745,-0.06925146,-0.1839631,0.9804906,14,-5.7,-1.279998,24.76148,15,5.7,-19.58118,154.9811
22.07983,-8.308188,-8.786493,62.87848,-3.951974,2.980473,0.1373468,0.02581213,0.03044752,0.02533664,-0.9988818,-3.876678,2.98559,0.1353745,-0.06925146,-0.1839631,0.9804906,14,-5.7,-1.042675,23.07284,15,5.7,-19.34385,153.2925
22.10376,-7.893446,-7.352296,52.67362,-4.202518,2.976678,0.1384945,0.02431291,0.02646579,0.0261886,-0.9990108,-4.135555,2.982965,0.1359514,-0.07001019,-0.1925479,0.978787,14,-5.7,-0.727133,20.82764,15,5.7,-19.02831,151.0473
22.12183,-8.00114,-7.352296,52.67362,-4.323672,2.9747,0.1389867,0.0219925,0.02454961,0.02730486,-0.9990836,-4.243248,2.982965,0.1359514,-0.07001019,-0.1925479,0.978787,14,-5.7,-0.4885885,19.13031,15,5.7,-18.78977,149.35
22.14526,-7.803847,-7.259641,52.01435,-4.559279,2.969353,0.1405109,0.01902825,0.02128091,0.02920711,-0.9991657,-4.487319,2.979805,0.1369835,-0.06259708,-0.1932622,0.9791483,14,-5.7,-0.1775375,16.91706,15,5.7,-18.47872,147.1367
22.16321,-7.3065,-6.060403,43.48133,-4.671369,2.966746,0.1413876,0.01777021,0.02011027,0.0301668,-0.9991846,-4.620216,2.975353,0.1384856,-0.06056174,-0.2037095,0.9771565,14,-5.7,0.05934326,15.23157,15,5.7,-18.24184,145.4512
22.18713,-7.500796,-6.060401,43.48132,-4.889953,2.96094,0.1432964,0.01721364,0.01731487,0.03315413,-0.9991521,-4.814513,2.975353,0.1384856,-0.06056174,-0.2037095,0.9771565,14,-5.7,0.3760726,12.97792,15,5.7,-17.92511,143.1976
22.20508,-7.115084,-5.354723,38.46015,-4.99367,2.957506,0.1442725,0.01741535,0.01625847,0.03461587,-0.9991167,-4.938423,2.969688,0.1402609,-0.05542237,-0.2119573,0.9757062,14,-5.7,0.6121188,11.29837,15,5.7,-17.68906,141.518
22.22888,-7.311665,-5.089838,36.5754,-5.191212,2.950757,0.1460825,0.01637498,0.0147687,0.03623915,-0.9990999,-5.144013,2.963098,0.1422336,-0.05799662,-0.2154606,0.9747888,14,-5.7,0.9280123,9.050671,15,5.7,-17.37317,139.2703
22.24695,-7.392845,-5.089839,36.57541,-5.282539,2.94743,0.1470608,0.01554007,0.01391456,0.03728769,-0.9990869,-5.225193,2.963098,0.1422336,-0.05799662,-0.2154606,0.9747888,14,-5.7,1.165411,7.361491,15,5.7,-17.13577,137.5811
22.27075,-7.202528,-4.458987,32.08667,-5.454049,2.940014,0.1494095,0.01441846,0.01147002,0.03966177,-0.9990433,-5.405637,2.955588,0.1442304,-0.054715,-0.2257727,0.9726423,14,-5.7,1.480193,5.121696,15,5.7,-16.82099,135.3414
22.28943,-7.269775,-4.458986,32.08665,-5.529702,2.935863,0.150583,0.01370621,0.009995945,0.04033353,-0.9990423,-5.472884,2.955588,0.1442304,-0.054715,-0.2257727,0.9726423,14,-5.7,1.727616,3.361191,15,5.7,-16.57356,133.5809
22.31274,-6.957517,-3.882437,27.98429,-5.668887,2.92726,0.1528396,0.01174826,0.006998391,0.04156725,-0.9990422,-5.622176,2.947433,0.1467931,-0.04653689,-0.2380227,0.970144,14,-5.7,2.036297,1.164818,15,5.7,-16.26488,131.3845
22.33044,-6.677348,-3.497334,25.24414,-5.728261,2.922815,0.1539803,0.01045643,0.005260125,0.04227182,-0.9990376,-5.697659,2.938444,0.1495311,-0.03778893,-0.2482436,0.9679603,15,5.7,-16.0309,129.7196,16,-5.7,-34.32544,259.8921
22.35449,-6.768765,-3.497333,25.24414,-5.831105,2.913962,0.1560277,0.007498064,0.001552142,0.04331432,-0.9990322,-5.789076,2.938444,0.1495311,-0.03778893,-0.2482436,0.9679603,15,5.7,-15.71243,127.4535,16,-5.7,-34.00696,257.626
22.37244,-6.709765,-3.270156,23.62769,-5.868254,2.909507,0.1568553,0.005459041,-0.001200505,0.04393416,-0.9990188,-5.841642,2.928532,0.1523159,-0.03573176,-0.2551374,0.9662443,15,5.7,-15.47655,125.7752,16,-5.7,-33.77108,255.9476
22.396,-6.40551,-3.065584,22.17208,-5.926686,2.900688,0.158441,0.001326324,-0.006883637,0.04526047,-0.9989507,-5.909222,2.918086,0.1548749,-0.02174671,-0.2621976,0.9647691,15,5.7,-15.16381,123.5499,16,-5.7,-33.45834,253.7224
22.41394,-6.419128,-3.065583,22.17208,-5.942006,2.89652,0.1590442,-0.001160299,-0.01019102,0.04611992,-0.9988832,-5.92284,2.918086,0.1548749,-0.02174671,-0.2621976,0.9647691,15,5.7,-14.92707,121.8654,16,-5.7,-33.2216,252.0378
22.43811,-5.473756,-3.675492,26.5118,-5.957268,2.888672,0.159903,-0.005573892,-0.0157423,0.04744325,-0.9987344,-5.947677,2.90748,0.1570587,0.01744375,-0.2423008,0.9700444,15,5.7,-14.60817,119.5964,16,-5.7,-32.9027,249.7688
22.45654,-5.469524,-3.675492,26.5118,-5.952506,2.885114,0.1600132,-0.007526941,-0.01822016,0.04797328,-0.9986541,-5.943444,2.90748,0.1570587,0.01744375,-0.2423008,0.9700444,15,5.7,-14.36419,117.8603,16,-5.7,-32.65872,248.0328
22.47961,2.798241,-12.75767,91.13487,-5.927116,2.878756,0.1599473,-0.01121323,-0.02284859,0.04961685,-0.998444,-5.92761,2.897217,0.158738,0.09410491,-0.1688318,0.9811422,15,5.7,-14.05853,115.6855,16,-5.7,-32.35307,245.8579
22.49756,3.473187,-12.12191,86.61121,-5.900142,2.876207,0.159916,-0.0113513,-0.02471905,0.05085967,-0.9983354,-5.905882,2.887793,0.1595379,0.1062846,-0.1700915,0.9796798,15,5.7,-13.82172,114.0004,16,-5.7,-32.11625,244.1729
22.52173,3.534359,-12.1219,86.61119,-5.831319,2.87218,0.159824,-0.01173653,-0.02831363,0.0534774,-0.9980986,-5.844706,2.887793,0.1595379,0.1062846,-0.1700915,0.9796798,15,5.7,-13.50211,111.7263,16,-5.7,-31.79664,241.8987
22.53918,4.246112,-13.47616,96.24709,-5.784076,2.870621,0.1596559,-0.01081848,-0.02968604,0.05505279,-0.9979834,-5.800405,2.879827,0.1599264,0.1025304,-0.1669222,0.9806246,15,5.7,-13.2717,110.0868,16,-5.7,-31.56623,240.2593
22.56311,6.09946,-14.63191,104.4707,-5.677083,2.86779,0.1588974,-0.01118044,-0.03278128,0.05874487,-0.9976721,-5.69852,2.873724,0.1599258,0.1108567,-0.1644873,0.98013,15,5.7,-12.95421,107.8278,16,-5.7,-31.24874,238.0002
22.58105,6.156534,-14.6319,104.4707,-5.61287,2.866494,0.1583223,-0.01179745,-0.03452025,0.06140613,-0.997446,-5.641441,2.873724,0.1599258,0.1108567,-0.1644873,0.98013,15,5.7,-12.71752,106.1437,16,-5.7,-31.01205,236.3161
22.60486,6.220452,-14.40609,102.8639,-5.471081,2.864113,0.1568164,-0.01248941,-0.03770377,0.06557275,-0.997057,-5.504416,2.869227,0.1595033,0.1118731,-0.1648328,0.9799564,15,5.7,-12.40229,103.9007,16,-5.7,-30.69682,234.0731
22.62354,6.293661,-14.40608,102.8639,-5.388716,2.863349,0.1560327,-0.01291794,-0.03910496,0.06666316,-0.9969253,-5.431202,2.869227,0.1595033,0.1118731,-0.1648328,0.9799564,15,5.7,-12.1565,102.1518,16,-5.7,-30.45103,232.3242
22.64661,7.21383,-15.70918,112.1359,-5.21108,2.863246,0.1549678,-0.01319669,-0.04179294,0.0678386,-0.9967333,-5.258335,2.865797,0.1584727,0.1092222,-0.1626662,0.9806173,15,5.7,-11.85126,99.97989,16,-5.7,-30.14579,230.1523
22.66455,6.566299,-14.46511,103.2838,-5.111234,2.864053,0.1548131,-0.01286954,-0.04312952,0.06752011,-0.9967023,-5.150674,2.863369,0.1569185,0.1113495,-0.1646771,0.9800422,15,5.7,-11.61313,98.28551,16,-5.7,-29.90766,228.4579
22.68896,6.755737,-14.46512,103.2839,-4.898126,2.866815,0.1548339,-0.01359882,-0.04573844,0.06706317,-0.9966071,-4.961245,2.863369,0.1569185,0.1113495,-0.1646771,0.9800422,15,5.7,-11.29169,95.99836,16,-5.7,-29.58622,226.1708
22.70618,6.677245,-14.02547,100.1556,-4.78127,2.86888,0.1549083,-0.01431711,-0.04719604,0.06740258,-0.9965061,-4.834766,2.862659,0.1555666,0.1127883,-0.1654605,0.9797457,15,5.7,-11.06269,94.36897,16,-5.7,-29.35722,224.5414
22.73047,6.420293,-13.48622,96.31868,-4.541187,2.872918,0.1543223,-0.01910982,-0.05046307,0.06977163,-0.9961025,-4.595006,2.864315,0.1549637,0.1122134,-0.1665637,0.9796248,15,5.7,-10.74251,92.09071,16,-5.7,-29.03703,222.2631
22.74792,6.535118,-13.48622,96.31873,-4.412013,2.875708,0.1534313,-0.02493121,-0.05155023,0.07046865,-0.9958691,-4.480185,2.864315,0.1549637,0.1122134,-0.1665637,0.9796248,15,5.7,-10.51127,90.44535,16,-5.7,-28.80579,220.6178
22.77197,5.896027,-12.29192,87.82082,-4.146725,2.882579,0.1517186,-0.03370147,-0.05330922,0.07122843,-0.9954641,-4.214707,2.868171,0.1546015,0.1129185,-0.1693107,0.9790727,15,5.7,-10.19277,88.17912,16,-5.7,-28.4873,218.3515
22.79041,6.020635,-12.29193,87.82088,-4.006549,2.88718,0.1507195,-0.03579101,-0.05382948,0.07117586,-0.9953671,-4.090107,2.868171,0.1546015,0.1129185,-0.1693107,0.9790727,15,5.7,-9.950272,86.45366,16,-5.7,-28.2448,216.6261
22.81372,3.893715,-9.165184,65.57292,-3.714881,2.897243,0.1488779,-0.03563877,-0.0541039,0.06878636,-0.9955255,-3.798227,2.873914,0.1535332,0.1148716,-0.1797922,0.9769746,15,5.7,-9.640841,84.25195,16,-5.7,-27.93537,214.4243
22.83154,4.807346,-10.71436,76.5959,-3.562082,2.902375,0.1477069,-0.03290257,-0.05389595,0.06591927,-0.9958249,-3.627117,2.882124,0.1516576,0.1079946,-0.174089,0.9787902,15,5.7,-9.405857,82.57995,16,-5.7,-27.70038,212.7523
22.85608,5.083243,-10.71437,76.59595,-3.251703,2.912424,0.1451352,-0.02971026,-0.05338389,0.06070238,-0.9962845,-3.351225,2.882124,0.1516576,0.1079946,-0.174089,0.9787902,15,5.7,-9.080995,80.26843,16,-5.7,-27.37552,210.4408
22.87329,6.889941,-12.59631,89.98663,-3.090908,2.917122,0.1436793,-0.02882645,-0.05272705,0.05785415,-0.9965148,-3.170385,2.892804,0.1492963,0.1096897,-0.1688808,0.9795139,15,5.7,-8.854579,78.6574,16,-5.7,-27.1491,208.8298
22.89734,8.959077,-14.41962,102.9602,-2.761161,2.926239,0.140824,-0.02858273,-0.05073366,0.05201671,-0.9969471,-2.837084,2.904781,0.1466154,0.1124213,-0.1651072,0.9798474,15,5.7,-8.536345,76.39305,16,-5.7,-26.83087,206.5654
22.91516,9.110981,-14.41962,102.9602,-2.590269,2.93088,0.139516,-0.02886993,-0.04924387,0.04900333,-0.9971662,-2.68518,2.904781,0.1466154,0.1124213,-0.1651072,0.9798474,15,5.7,-8.300845,74.71738,16,-5.7,-26.59537,204.8898
22.93909,11.0012,-16.68228,119.0599,-2.242786,2.940328,0.1370711,-0.02844751,-0.04656938,0.0443585,-0.9975241,-2.33405,2.916499,0.1434737,0.1099758,-0.1616312,0.9807042,15,5.7,-7.983242,72.45752,16,-5.7,-26.27777,202.6299
22.95752,11.1607,-16.68228,119.0599,-2.063353,2.944889,0.1358328,-0.02815551,-0.04482844,0.0427046,-0.9976844,-2.174554,2.916499,0.1434737,0.1099758,-0.1616312,0.9807042,15,5.7,-7.739696,70.7246,16,-5.7,-26.03422,200.897
22.98083,8.488707,-13.47094,96.21002,-1.704638,2.953214,0.1336399,-0.02776194,-0.04160411,0.03957435,-0.9979641,-1.81136,2.927853,0.1400737,0.1051003,-0.1673307,0.9802828,15,5.7,-7.431797,68.53378,16,-5.7,-25.72632,198.7062
22.99854,7.055047,-11.92758,85.22838,-1.522697,2.956957,0.1327809,-0.02758839,-0.03977159,0.03801752,-0.9981042,-1.603566,2.938924,0.1370407,0.09973849,-0.1712471,0.9801666,15,5.7,-7.198432,66.87331,16,-5.7,-25.49296,197.0457
23.02332,7.37972,-11.92758,85.22838,-1.157439,2.963795,0.1311887,-0.02574847,-0.03590284,0.0347343,-0.9984195,-1.278892,2.938924,0.1370407,0.09973849,-0.1712471,0.9801666,15,5.7,-6.869859,64.53539,16,-5.7,-25.16438,194.7078
23.04028,5.783396,-9.642666,68.97039,-0.9730498,2.966382,0.1306076,-0.02449114,-0.03380207,0.03252858,-0.9985988,-1.067628,2.949207,0.1344227,0.09743643,-0.1790838,0.978997,15,5.7,-6.645513,62.93909,16,-5.7,-24.94004,193.1115
23.06445,6.568358,-9.78846,70.00777,-0.6003287,2.971543,0.1295968,-0.02256543,-0.0292492,0.02795701,-0.9989263,-0.6880216,2.958222,0.1322283,0.1016323,-0.1785291,0.9786717,15,5.7,-6.326783,60.67121,16,-5.7,-24.62131,190.8436
23.08203,6.735772,-9.788456,70.00774,-0.4119847,2.973614,0.1295268,-0.021089,-0.02724489,0.02636334,-0.9990585,-0.5206047,2.958222,0.1322283,0.1016323,-0.1785291,0.9786717,15,5.7,-6.094263,59.01674,16,-5.7,-24.38879,189.1891
23.1062,7.466992,-11.152,79.70985,-0.03756112,2.977024,0.1299419,-0.01885618,-0.02337577,0.02355906,-0.9992712,-0.1386085,2.965756,0.130424,0.09368915,-0.1739088,0.9802949,15,5.7,-5.774477,56.74135,16,-5.7,-24.069,186.9137
23.12463,7.6346,-11.152,79.70984,0.1509992,2.977964,0.1302457,-0.01797504,-0.02171364,0.02232155,-0.9993534,0.02900073,2.965756,0.130424,0.09368915,-0.1739088,0.9802949,15,5.7,-5.531529,55.01269,16,-5.7,-23.82605,185.1851
23.14795,6.639001,-9.229177,66.02827,0.5265245,2.978669,0.1313741,-0.01786998,-0.01827707,0.01974992,-0.9994782,0.412253,2.971441,0.1297306,0.09251247,-0.1812679,0.9790727,15,5.7,-5.222867,52.81644,16,-5.7,-23.51739,182.9888
23.16589,7.172223,-9.818761,70.22337,0.7138374,2.978261,0.1321108,-0.01818163,-0.01695563,0.01948318,-0.9995011,0.6285635,2.975393,0.1300018,0.09145405,-0.1788109,0.9796238,15,5.7,-4.985919,51.13047,16,-5.7,-23.28044,181.3029
23.19043,7.502393,-9.818762,70.22338,1.085278,2.978284,0.1343085,-0.02014681,-0.0143877,0.01946262,-0.9995041,0.9587328,2.975393,0.1300018,0.09145405,-0.1788109,0.9796238,15,5.7,-4.660298,48.81356,16,-5.7,-22.95482,178.9859
23.2074,6.595712,-8.852994,63.35159,1.270029,2.978062,0.1356901,-0.01947826,-0.01295762,0.01980664,-0.9995301,1.17287,2.977161,0.1309042,0.08401486,-0.1832819,0.9794638,15,5.7,-4.436596,47.22184,16,-5.7,-22.73112,177.3942
23.23169,5.737624,-7.446518,53.34399,1.634632,2.976569,0.1391301,-0.01821646,-0.009786692,0.01857109,-0.9996137,1.546672,2.977416,0.1328042,0.07706174,-0.1916717,0.9784291,15,5.7,-4.116043,44.94098,16,-5.7,-22.41057,175.1134
23.24927,5.897894,-7.446519,53.344,1.814935,2.975605,0.1409896,-0.01812636,-0.007961027,0.01779787,-0.9996457,1.706943,2.977416,0.1328042,0.07706174,-0.1916717,0.9784291,15,5.7,-3.882161,43.27682,16,-5.7,-22.17669,173.4492
23.27344,6.086494,-7.441296,53.30683,2.168837,2.973439,0.1445421,-0.01917378,-0.005244479,0.0176356,-0.9996469,2.070724,2.976673,0.136019,0.0739138,-0.191752,0.9786562,15,5.7,-3.563372,41.00852,16,-5.7,-21.8579,171.1809
23.29163,6.241085,-7.441297,53.30683,2.342751,2.971547,0.1463374,-0.02014438,-0.003635824,0.01683139,-0.9996488,2.225315,2.976673,0.136019,0.0739138,-0.191752,0.9786562,15,5.7,-3.322595,39.2953,16,-5.7,-21.61712,169.4677
23.31506,6.099556,-7.144939,51.19814,2.683483,2.969372,0.1499738,-0.02317246,-0.0004021972,0.0152093,-0.9996157,2.576542,2.974979,0.1400185,0.06752888,-0.193978,0.9786789,15,5.7,-3.013049,37.09277,16,-5.7,-21.30758,167.2652
23.33289,6.024052,-6.543147,46.91616,2.849011,2.968195,0.1517194,-0.02344208,0.001308672,0.01389116,-0.9996279,2.77088,2.972314,0.1441989,0.0679999,-0.1988984,0.9776582,15,5.7,-2.778001,35.42031,16,-5.7,-21.07253,165.5927
23.3573,6.3138,-6.543146,46.91616,3.174978,2.964978,0.1548631,-0.02528545,0.005237848,0.01102063,-0.9996058,3.060628,2.972314,0.1441989,0.0679999,-0.1988984,0.9776582,15,5.7,-2.454786,33.12052,16,-5.7,-20.74931,163.2929
23.37451,5.815219,-5.686897,40.82363,3.331265,2.963547,0.1562572,-0.0259718,0.006405845,0.01131435,-0.9995781,3.245421,2.969278,0.1485626,0.06167719,-0.2077552,0.9762344,15,5.7,-2.227176,31.50099,16,-5.7,-20.5217,161.6734
23.39856,5.987199,-5.389619,38.70839,3.637833,2.959775,0.1592141,-0.02554236,0.009241357,0.01072636,-0.9995735,3.562214,2.96594,0.1526597,0.06135287,-0.2113984,0.9754725,15,5.7,-1.90943,29.24011,16,-5.7,-20.20396,159.4125
23.41626,6.118592,-5.389619,38.70839,3.785651,2.957849,0.1607563,-0.02468968,0.01042238,0.01010653,-0.9995897,3.693607,2.96594,0.1526597,0.06135287,-0.2113984,0.9754725,15,5.7,-1.675017,27.57218,16,-5.7,-19.96954,157.7446
23.44043,6.141624,-5.362421,38.51487,4.07129,2.9544,0.1639365,-0.02388365,0.01270253,0.008685198,-0.9995963,3.989929,2.962119,0.1564602,0.05473619,-0.2117652,0.9757866,15,5.7,-1.355951,25.3019,16,-5.7,-19.65048,155.4743
23.45825,6.262654,-5.362422,38.51487,4.207448,2.952448,0.1652594,-0.023618,0.01379218,0.007633239,-0.9995968,4.110958,2.962119,0.1564602,0.05473619,-0.2117652,0.9757866,15,5.7,-1.120203,23.62447,16,-5.7,-19.41473,153.7969
23.48218,6.334671,-5.430713,39.00079,4.469656,2.948646,0.1679145,-0.02417745,0.01581373,0.006387884,-0.9995622,4.384454,2.957869,0.1602829,0.04902023,-0.2108538,0.9762877,15,5.7,-0.8030434,21.36776,16,-5.7,-19.09757,151.5402
23.49976,6.274241,-4.893139,35.17575,4.593155,2.946522,0.1693285,-0.02398015,0.01635659,0.006460703,-0.9995578,4.532478,2.953514,0.1636853,0.04848621,-0.2184309,0.9746471,15,5.7,-0.5710126,19.71677,16,-5.7,-18.86554,149.8892
23.52405,6.485052,-4.893139,35.17575,4.830316,2.942393,0.1721027,-0.02349039,0.01719945,0.00569948,-0.9995599,4.743289,2.953514,0.1636853,0.04848621,-0.2184309,0.9746471,15,5.7,-0.2501447,17.43368,16,-5.7,-18.54467,147.6061
23.54138,6.394666,-4.648092,33.43215,4.940423,2.940573,0.1735379,-0.02267559,0.01711535,0.005269917,-0.9995825,4.876958,2.948932,0.1669518,0.04443531,-0.2224253,0.9739366,15,5.7,-0.0200873,15.79674,16,-5.7,-18.31462,145.9691
23.5658,6.397552,-4.168928,30.02272,5.151498,2.935742,0.1762402,-0.0197274,0.01757073,0.00283902,-0.999647,5.097658,2.944142,0.1701531,0.04231994,-0.2315768,0.9718957,15,5.7,0.3015464,13.50819,16,-5.7,-17.99298,143.6806
23.58313,6.484754,-4.168929,30.02272,5.2496,2.932476,0.1772586,-0.01846546,0.01741251,0.001357203,-0.9996769,5.18486,2.944142,0.1701531,0.04231994,-0.2315768,0.9718957,15,5.7,0.5310397,11.87526,16,-5.7,-17.76349,142.0477
23.60742,6.555014,-4.09329,29.48453,5.433093,2.925598,0.179182,-0.01784382,0.01705894,-0.0009007902,-0.9996948,5.378377,2.939097,0.1734757,0.03900559,-0.2331244,0.9716644,15,5.7,0.8530611,9.583963,16,-5.7,-17.44147,139.7563
23.62488,6.62905,-4.09329,29.48453,5.516382,2.922298,0.1802497,-0.01792117,0.01691079,-0.001776116,-0.9996948,5.452413,2.939097,0.1734757,0.03900559,-0.2331244,0.9716644,15,5.7,1.083614,7.943498,16,-5.7,-17.21091,138.1159
23.64917,6.363465,-3.601132,25.98265,5.672061,2.916002,0.1826301,-0.01690833,0.01660817,-0.003973026,-0.9997113,5.618507,2.9328,0.1764922,0.02797336,-0.2453516,0.9690305,15,5.7,1.404207,5.662358,16,-5.7,-16.89032,135.8347
23.66663,6.342818,-3.06309,22.15428,5.741795,2.912945,0.1842396,-0.01641522,0.01649848,-0.005617941,-0.9997134,5.705303,2.925301,0.1791508,0.02797908,-0.2628173,0.9644399,15,5.7,1.635517,4.016503,16,-5.7,-16.65901,134.1889
23.69104,6.454874,-3.06309,22.15428,5.867857,2.906912,0.1868719,-0.01548128,0.01629429,-0.008152192,-0.9997141,5.817358,2.925301,0.1791508,0.02797908,-0.2628173,0.9644399,15,5.7,1.958097,1.721227,16,-5.7,-16.33643,131.8936
23.70862,6.304429,-2.67798,19.41408,5.920367,2.903633,0.188125,-0.01434898,0.01577056,-0.008806868,-0.9997339,5.886031,2.917526,0.1823695,0.02088473,-0.2793068,0.9599748,15,5.7,2.19007,0.07064903,16,-5.7,-16.10446,130.243
23.73279,6.264533,-2.387969,17.35054,6.012577,2.897915,0.1903664,-0.01392199,0.01529995,-0.01208087,-0.9997131,5.9866,2.910034,0.1852318,0.01546941,-0.2948829,0.9554082,16,-5.7,-15.78514,127.971,17,0.7,-33.87758,256.7053
23.75061,6.297092,-2.387968,17.35053,6.049206,2.895646,0.1915146,-0.01434686,0.01597979,-0.01517548,-0.9996542,6.019159,2.910034,0.1852318,0.01546941,-0.2948829,0.9554082,16,-5.7,-15.54964,126.2953,17,0.7,-33.64209,255.0297
23.77454,6.061692,-2.413294,17.53074,6.107851,2.891163,0.1938331,-0.01427433,0.01721639,-0.01923713,-0.9995648,6.086582,2.902741,0.1880866,-0.001372312,-0.2930699,0.95609,16,-5.7,-15.23314,124.0433,17,0.7,-33.32558,252.7777
23.79248,6.07779,-2.413277,17.53067,6.125961,2.888934,0.1948152,-0.01392035,0.01741636,-0.01939453,-0.9995633,6.10268,2.902741,0.1880866,-0.001372312,-0.2930699,0.95609,16,-5.7,-14.99583,122.3548,17,0.7,-33.08828,251.0891
23.81628,2.536068,-5.841762,41.92561,6.145434,2.885266,0.1960736,-0.0140837,0.01764048,-0.01957922,-0.9995535,6.131953,2.896123,0.191085,-0.0840341,-0.2042001,0.9753156,16,-5.7,-14.67991,120.1068,17,0.7,-32.77235,248.8412
23.83398,-4.43883,-13.28945,94.91864,6.143756,2.883647,0.1963159,-0.01428456,0.01794396,-0.01999586,-0.999537,6.138636,2.890443,0.1937575,-0.1094102,-0.1673601,0.9798061,16,-5.7,-14.44613,118.4434,17,0.7,-32.53857,247.1777
23.85803,-4.455232,-13.28945,94.91861,6.125302,2.880525,0.1962292,-0.01535095,0.01870703,-0.0221853,-0.9994609,6.122232,2.890443,0.1937575,-0.1094102,-0.1673601,0.9798061,16,-5.7,-14.12845,116.183,17,0.7,-32.22089,244.9174
23.87598,-5.473569,-14.4637,103.2738,6.101645,2.879575,0.1958508,-0.01614462,0.01942278,-0.02362866,-0.9994017,6.105324,2.88573,0.1954769,-0.1100994,-0.1649693,0.9801343,16,-5.7,-13.89191,114.4999,17,0.7,-31.98435,243.2343
23.89978,-3.841782,-12.24542,87.48994,6.040095,2.877798,0.194962,-0.01672599,0.0205999,-0.02463915,-0.9993442,6.050671,2.881739,0.1961825,-0.1109699,-0.1696909,0.9792296,16,-5.7,-13.57689,112.2585,17,0.7,-31.66933,240.9928
23.9176,-3.879743,-12.24542,87.48994,5.997389,2.87675,0.1942714,-0.01678944,0.02128921,-0.02491175,-0.9993219,6.01271,2.881739,0.1961825,-0.1109699,-0.1696909,0.9792296,16,-5.7,-13.34099,110.5799,17,0.7,-31.43343,239.3143
23.94177,-4.520494,-12.39489,88.55346,5.894217,2.875218,0.1918857,-0.01735527,0.02285868,-0.02570632,-0.9992575,5.916711,2.878579,0.1963292,-0.1156183,-0.1691921,0.978778,16,-5.7,-13.02218,108.3115,17,0.7,-31.11462,237.0459
23.95935,-4.57926,-12.39488,88.55341,5.828097,2.875228,0.1906168,-0.01733231,0.02396591,-0.02557293,-0.9992353,5.857938,2.878579,0.1963292,-0.1156183,-0.1691921,0.978778,16,-5.7,-12.78834,106.6476,17,0.7,-30.88078,235.382
23.98352,-4.762169,-12.17015,86.95438,5.681091,2.876576,0.188259,-0.01661902,0.02633317,-0.02568253,-0.9991851,5.718596,2.876238,0.1947817,-0.1181914,-0.1696778,0.9783865,16,-5.7,-12.47016,104.3837,17,0.7,-30.5626,233.118
24.0011,-4.645322,-11.85238,84.69333,5.591414,2.878188,0.1869911,-0.01572368,0.0273132,-0.02457032,-0.9992013,5.625695,2.87481,0.1922469,-0.1188946,-0.1704781,0.9781622,16,-5.7,-12.23709,102.7253,17,0.7,-30.32953,231.4597
24.02515,-4.816427,-11.85238,84.69334,5.398921,2.880855,0.1842177,-0.01528073,0.02993403,-0.02313866,-0.9991673,5.45459,2.87481,0.1922469,-0.1188946,-0.1704781,0.9781622,16,-5.7,-11.91963,100.4664,17,0.7,-30.01206,229.2008
24.04285,-5.516657,-12.30432,87.90907,5.289199,2.88344,0.1828717,-0.01646965,0.03186979,-0.02323267,-0.9990862,5.339209,2.875337,0.1895143,-0.1210474,-0.1692595,0.9781098,16,-5.7,-11.68511,98.79771,17,0.7,-29.77754,227.5321
24.06689,-5.821751,-11.88213,84.905,5.056708,2.889346,0.1795315,-0.01770566,0.03558268,-0.02312548,-0.9989423,5.109939,2.877862,0.1865603,-0.1261058,-0.1702683,0.9772953,16,-5.7,-11.36667,96.53194,17,0.7,-29.45911,225.2663
24.08484,-5.935772,-11.88213,84.905,4.928434,2.892517,0.1775025,-0.01775052,0.03737417,-0.0224617,-0.9988912,4.995918,2.877862,0.1865603,-0.1261058,-0.1702683,0.9772953,16,-5.7,-11.12941,94.84373,17,0.7,-29.22185,223.5781
24.10864,-7.501712,-12.6823,90.5985,4.658905,2.89971,0.1733047,-0.01743974,0.0410048,-0.02026107,-0.9988013,4.729064,2.882689,0.182899,-0.1321428,-0.1681661,0.9768615,16,-5.7,-10.81483,92.60534,17,0.7,-28.90726,221.3397
24.12683,-7.630174,-12.68229,90.59844,4.514377,2.903538,0.1709871,-0.0162146,0.04310679,-0.0191266,-0.9987558,4.600595,2.882689,0.182899,-0.1321428,-0.1681661,0.9768615,16,-5.7,-10.575,90.89886,17,0.7,-28.66743,219.6332
24.15027,-8.87623,-13.75706,98.2458,4.213771,2.911299,0.1663728,-0.01335921,0.04727565,-0.01699831,-0.9986479,4.301962,2.88948,0.1786809,-0.1313365,-0.1659028,0.9773571,16,-5.7,-10.26461,88.69035,17,0.7,-28.35704,217.4247
24.16809,-11.25325,-15.4536,110.3173,4.054863,2.915064,0.1639356,-0.01138089,0.04958727,-0.01565785,-0.9985822,4.125421,2.897636,0.1740495,-0.1364377,-0.16281,0.9771784,16,-5.7,-10.02874,87.01203,17,0.7,-28.12117,215.7464
24.19214,-11.5401,-15.45362,110.3174,3.732172,2.922665,0.158134,-0.008518433,0.053873,-0.01307504,-0.9984258,3.838584,2.897636,0.1740495,-0.1364377,-0.16281,0.9771784,16,-5.7,-9.710968,84.75099,17,0.7,-27.80341,213.4854
24.21008,-12.85,-17.46133,127.4307,3.563255,2.926389,0.1549929,-0.007707672,0.05560478,-0.01158854,-0.9983559,3.64976,2.906633,0.1687423,-0.1269862,-0.1567569,0.9794396,16,-5.7,-9.474277,83.06686,17,0.7,-27.56672,211.8012
24.23389,-9.792337,-13.85986,98.97729,3.219745,2.933908,0.148826,-0.005442908,0.05893461,-0.008726212,-0.9982089,3.302961,2.915905,0.1623501,-0.1295529,-0.1659641,0.9775847,16,-5.7,-9.159099,80.82424,17,0.7,-27.25154,209.5586
24.25183,-9.950425,-13.85987,98.97732,3.041902,2.938022,0.1459018,-0.004032128,0.05998247,-0.006852244,-0.9981678,3.144879,2.915905,0.1623501,-0.1295529,-0.1659641,0.9775847,16,-5.7,-8.922656,79.14186,17,0.7,-27.01509,207.8762
24.27551,-10.13873,-13.7973,98.53211,2.683105,2.946412,0.1404567,-0.000928281,0.06170478,-0.003457482,-0.9980881,2.782122,2.925081,0.1553501,-0.1284112,-0.1661918,0.9776967,16,-5.7,-8.608287,76.90501,17,0.7,-26.70072,205.6394
24.29346,-10.30168,-13.79729,98.53204,2.499784,2.950355,0.1375505,0.0005439032,0.06191306,-0.001826447,-0.9980797,2.61917,2.925081,0.1553501,-0.1284112,-0.1661918,0.9776967,16,-5.7,-8.371335,75.21902,17,0.7,-26.46377,203.9534
24.31738,-8.669357,-11.77442,84.13857,2.13027,2.957523,0.1314058,0.001724699,0.06208336,0.0007841525,-0.9980692,2.244924,2.934623,0.1485447,-0.1269634,-0.1711071,0.9770377,16,-5.7,-8.055048,72.96852,17,0.7,-26.14749,201.7029
24.33521,-8.720946,-11.84326,84.6284,1.943424,2.960953,0.1281364,0.001011732,0.0618376,0.001537731,-0.9980845,2.03128,2.944114,0.1414006,-0.1243857,-0.1710657,0.9773765,16,-5.7,-7.819118,71.28979,17,0.7,-25.91156,200.0241
24.35938,-9.053042,-11.84325,84.62837,1.569812,2.967432,0.1213472,0.000415064,0.06086971,0.003493181,-0.9981395,1.69918,2.944114,0.1414006,-0.1243857,-0.1710657,0.9773765,16,-5.7,-7.500298,69.02127,17,0.7,-25.59274,197.7556
24.37708,-9.029208,-12.19777,87.15087,1.381409,2.970547,0.1180022,5.141991E-05,0.0600076,0.004079603,-0.9981896,1.48295,2.953145,0.1341085,-0.1181815,-0.1703321,0.978274,16,-5.7,-7.266163,67.35532,17,0.7,-25.3586,196.0897
24.401,-8.563441,-11.31408,80.86308,1.005872,2.976542,0.1111778,0.00183084,0.05821157,0.005986012,-0.9982847,1.099556,2.961462,0.1264005,-0.117047,-0.1729184,0.9779567,16,-5.7,-6.950511,65.10933,17,0.7,-25.04295,193.8437
24.41858,-8.729904,-11.31407,80.86304,0.8185988,2.978963,0.1078288,0.003490611,0.05692802,0.007232618,-0.998346,0.9330903,2.961462,0.1264005,-0.117047,-0.1729184,0.9779567,16,-5.7,-6.717151,63.44889,17,0.7,-24.80959,192.1832
24.44275,-8.802566,-11.58379,82.78216,0.4468184,2.983983,0.1012506,0.007096499,0.05435348,0.01012763,-0.9984452,0.5526974,2.969118,0.118389,-0.1107724,-0.1723159,0.9787935,16,-5.7,-6.398174,61.17925,17,0.7,-24.49061,189.9136
24.46033,-8.917591,-12.06465,86.20372,0.2606987,2.986081,0.0981624,0.009077399,0.05268282,0.01165778,-0.998502,0.3374712,2.97598,0.1103326,-0.1053076,-0.171138,0.9796031,16,-5.7,-6.165215,59.52165,17,0.7,-24.25765,188.256
24.4845,-9.246039,-12.06465,86.2037,-0.1088073,2.989959,0.09208751,0.01233735,0.04924273,0.01533397,-0.9985929,0.009021372,2.97598,0.1103326,-0.1053076,-0.171138,0.9796031,16,-5.7,-5.845552,57.24714,17,0.7,-23.93799,185.9815
24.50208,-8.237425,-10.97312,78.43708,-0.292538,2.991817,0.08924752,0.01321543,0.04721306,0.0171751,-0.9986497,-0.2038966,2.981992,0.1024879,-0.1004537,-0.174499,0.9795198,16,-5.7,-5.612906,55.59178,17,0.7,-23.70534,184.3261
24.52625,-8.435412,-11.02476,78.80453,-0.6574768,2.993426,0.0833955,0.01652752,0.04272958,0.02157873,-0.9987169,-0.5773965,2.987167,0.09474468,-0.09781859,-0.1744241,0.9797999,16,-5.7,-5.294733,53.32785,17,0.7,-23.38717,182.0622
24.54407,-8.596906,-11.02476,78.80451,-0.8391582,2.994204,0.08100711,0.01560735,0.04056926,0.02248716,-0.9988017,-0.7388911,2.987167,0.09474468,-0.09781859,-0.1744241,0.9797999,16,-5.7,-5.058983,51.65041,17,0.7,-23.15142,180.3847
24.56799,-6.6681,-8.326948,59.60857,-1.201533,2.995227,0.07644457,0.01812289,0.03565159,0.02561403,-0.9988716,-1.109993,2.990824,0.0877645,-0.09135354,-0.18602,0.9782898,16,-5.7,-4.742023,49.39511,17,0.7,-22.83446,178.1294
24.58582,-6.830481,-8.326948,59.60857,-1.38421,2.995076,0.07447232,0.01936055,0.03275783,0.02693189,-0.9989128,-1.272373,2.990824,0.0877645,-0.09135354,-0.18602,0.9782898,16,-5.7,-4.506237,47.71741,17,0.7,-22.59867,176.4517
24.60986,-6.573248,-8.176191,58.53588,-1.744096,2.994674,0.07050639,0.02078964,0.02757888,0.02909165,-0.9989799,-1.640925,2.993026,0.08155167,-0.08259643,-0.1870393,0.9788739,16,-5.7,-4.188133,45.45398,17,0.7,-22.28057,174.1883
24.62744,-7.123509,-9.026006,64.58262,-1.922433,2.993795,0.06856698,0.02093413,0.0250873,0.02906276,-0.9990435,-1.84778,2.99397,0.0761224,-0.08014343,-0.1825951,0.9799163,16,-5.7,-3.95627,43.80419,17,0.7,-22.0487,172.5385
24.65137,-7.438375,-9.026006,64.58262,-2.276655,2.992133,0.06510493,0.02059049,0.02020053,0.02909938,-0.9991603,-2.162644,2.99397,0.0761224,-0.08014343,-0.1825951,0.9799163,16,-5.7,-3.640102,41.55454,17,0.7,-21.73254,170.2889
24.66919,-7.584101,-9.703699,69.40466,-2.451836,2.991556,0.06378302,0.01982662,0.01773117,0.02916655,-0.9992207,-2.366317,2.993626,0.07124364,-0.07382329,-0.1796469,0.9809573,16,-5.7,-3.404372,39.87723,17,0.7,-21.49681,168.6116
24.69324,-12.85,-21.7255,157.9802,-2.797032,2.988392,0.06081045,0.02035026,0.01260436,0.0298699,-0.9992671,-2.720526,2.992066,0.06693923,-0.06324731,-0.1543337,0.9859924,16,-5.7,-3.085608,37.60911,17,0.7,-21.17804,166.3434
24.71143,-12.85,-21.35899,155.6386,-2.966007,2.986949,0.05944545,0.01921124,0.01045617,0.02925434,-0.9993327,-2.870725,2.992066,0.06693923,-0.06324731,-0.1543337,0.9859924,16,-5.7,-2.845695,35.90204,17,0.7,-20.93813,164.6364
24.73486,-19.28616,-33.87759,241.4109,-3.296258,2.984507,0.05748939,0.01884558,0.007101648,0.02750502,-0.9994189,-3.210864,2.989573,0.06316757,-0.06570031,-0.1506775,0.9863973,16,-5.7,-2.535175,33.69258,17,0.7,-20.62761,162.4269
24.75305,-19.42949,-33.87755,241.4106,-3.457528,2.983543,0.05671705,0.0194796,0.00554622,0.02735326,-0.9994206,-3.354215,2.989573,0.06316757,-0.06570031,-0.1506775,0.9863973,16,-5.7,-2.295123,31.98451,17,0.7,-20.38756,160.7188
24.77661,-12.85,-20.65294,150.2501,-3.773664,2.981183,0.05558904,0.02089699,0.002143845,0.02838104,-0.9993764,-3.68066,2.986391,0.05978274,-0.06019964,-0.1551998,0.9860472,16,-5.7,-1.98322,29.76521,17,0.7,-20.07565,158.4995
24.79602,-11.51279,-19.61575,139.9326,-3.926349,2.979477,0.05515625,0.02122308,0.0004560128,0.02928322,-0.9993457,-3.860354,2.983389,0.05734515,-0.05392999,-0.159266,0.9857616,16,-5.7,-1.727206,27.94357,17,0.7,-19.81964,156.6779
24.81848,-11.7778,-19.61577,139.9327,-4.224478,2.975728,0.05453838,0.02045146,-0.002573803,0.03017299,-0.9993322,-4.125358,2.983389,0.05734515,-0.05392999,-0.159266,0.9857616,16,-5.7,-1.430485,25.8323,17,0.7,-19.52292,154.5666
24.83704,-11.62499,-19.13138,136.4861,-4.367719,2.974324,0.0544656,0.01872378,-0.003889598,0.03045009,-0.9993533,-4.294993,2.980288,0.05586648,-0.05296056,-0.1597609,0.985734,16,-5.7,-1.184976,24.08541,17,0.7,-19.27741,152.8197
24.86035,-10.69105,-17.45729,124.5743,-4.648829,2.970553,0.05485461,0.01866648,-0.006802462,0.03281631,-0.9992639,-4.585357,2.976539,0.05499196,-0.0483303,-0.1617465,0.9856482,16,-5.7,-0.8770125,21.89413,17,0.7,-18.96945,150.6284
24.87854,-10.8117,-17.45728,124.5742,-4.784569,2.968343,0.05517405,0.01800171,-0.008113712,0.03463583,-0.9992049,-4.706016,2.976539,0.05499196,-0.0483303,-0.1617465,0.9856482,16,-5.7,-0.6367712,20.18473,17,0.7,-18.72921,148.919
24.90198,-9.523283,-14.78721,105.5758,-5.046762,2.964302,0.05553164,0.01593466,-0.01010522,0.03649943,-0.9991556,-4.977722,2.972333,0.05493951,-0.04244161,-0.1658198,0.9852423,16,-5.7,-0.3262724,17.97541,17,0.7,-18.41871,146.7097
24.92017,-9.635312,-14.78721,105.5758,-5.172797,2.961616,0.05568621,0.01472192,-0.0108223,0.03715575,-0.9991424,-5.089753,2.972333,0.05493951,-0.04244161,-0.1658198,0.9852423,16,-5.7,-0.0849659,16.25843,17,0.7,-18.1774,144.9927
24.94385,-8.942471,-13.29593,94.9648,-5.416907,2.956535,0.05617437,0.01201861,-0.01225742,0.03897492,-0.9990928,-5.343558,2.967738,0.05517983,-0.03734849,-0.1687799,0.984946,16,-5.7,0.2268109,14.04002,17,0.7,-17.86562,142.7743
24.96191,-8.470942,-12.63006,90.22692,-5.532922,2.954046,0.05664567,0.01114208,-0.013014,0.04030867,-0.9990404,-5.481562,2.962439,0.05561113,-0.03264998,-0.1703013,0.984851,16,-5.7,0.4661515,12.33703,17,0.7,-17.62628,141.0713
24.9856,-8.669613,-12.63006,90.22692,-5.756425,2.94874,0.05746496,0.01006573,-0.01427513,0.04159135,-0.9989821,-5.680232,2.962439,0.05561113,-0.03264998,-0.1703013,0.984851,16,-5.7,0.7794247,10.10797,17,0.7,-17.31301,138.8423
25.00366,-7.650319,-11.45982,81.9002,-5.860363,2.945576,0.05775531,0.009457142,-0.01432074,0.04129058,-0.9989998,-5.805557,2.956652,0.05623436,-0.02219275,-0.1734324,0.9845957,16,-5.7,1.018663,8.4057,17,0.7,-17.07377,137.14
25.02734,-7.612669,-11.10769,79.39471,-6.058388,2.939049,0.05860922,0.008313595,-0.0143296,0.04103557,-0.9990203,-6.012289,2.950375,0.05706477,-0.01985841,-0.1744407,0.9844674,16,-5.7,1.331875,6.177081,17,0.7,-16.76056,134.9114
25.04565,-7.692976,-11.10769,79.39471,-6.148734,2.935864,0.05923743,0.008001474,-0.01392961,0.0407228,-0.9990414,-6.092596,2.950375,0.05706477,-0.01985841,-0.1744407,0.9844674,16,-5.7,1.572605,4.464197,17,0.7,-16.51983,133.1985
25.06921,-7.318501,-9.45818,67.65781,-6.317001,2.92926,0.060489,0.007739215,-0.013437,0.04078138,-0.9990478,-6.270336,2.94322,0.05802476,-0.01524913,-0.180421,0.9834713,16,-5.7,1.88512,2.240537,17,0.7,-16.20732,130.9748
25.08752,-7.384765,-9.458182,67.65782,-6.391549,2.92573,0.06108372,0.007117182,-0.01333948,0.04118907,-0.999037,-6.3366,2.94322,0.05802476,-0.01524913,-0.180421,0.9834713,16,-5.7,2.126642,0.5220233,17,0.7,-15.96579,129.2563
25.11121,-7.090105,-10.32483,73.82433,-6.52676,2.918649,0.06199023,0.004456392,-0.01316534,0.04248491,-0.9990004,-6.482195,2.935569,0.05923295,-0.008110848,-0.1769233,0.9841912,17,0.7,-15.65318,127.032,18,-5.7,-33.74567,255.7668
25.12927,-2.888576,-13.36411,95.44984,-6.583636,2.915054,0.06238391,0.002419668,-0.01322454,0.04368269,-0.998955,-6.554912,2.927344,0.06043303,0.03785972,-0.1682306,0.9850204,17,0.7,-15.41407,125.3306,18,-5.7,-33.50656,254.0654
25.15283,-2.979657,-13.36411,95.44981,-6.686102,2.908445,0.0633074,-0.001316456,-0.01419688,0.04724004,-0.9987818,-6.645992,2.927344,0.06043303,0.03785972,-0.1682306,0.9850204,17,0.7,-15.10278,123.1156,18,-5.7,-33.19526,251.8504
25.17126,1.374387,-20.04363,142.977,-6.726429,2.905386,0.06389405,-0.002925802,-0.01482616,0.0492797,-0.9986707,-6.700616,2.919058,0.06170905,0.05569989,-0.1583924,0.9858039,17,0.7,-14.85824,121.3757,18,-5.7,-32.95073,250.1105
25.19458,0.7526804,-16.11174,115.0002,-6.794213,2.899375,0.06493305,-0.005645943,-0.01512283,0.05143006,-0.9985461,-6.776127,2.91096,0.0629127,0.06448995,-0.1629439,0.9845254,17,0.7,-14.54939,119.1781,18,-5.7,-32.64188,247.9129
25.21277,0.7330943,-16.11174,115.0002,-6.816247,2.896753,0.06516622,-0.007565463,-0.01471432,0.05161804,-0.9985299,-6.795713,2.91096,0.0629127,0.06448995,-0.1629439,0.9845254,17,0.7,-14.30974,117.4729,18,-5.7,-32.40223,246.2077
25.23633,0.9057266,-15.64776,111.6989,-6.851079,2.891216,0.0651888,-0.01210265,-0.01430091,0.05346716,-0.9983938,-6.838386,2.903335,0.0639981,0.0682719,-0.163546,0.9841706,17,0.7,-13.99824,115.2564,18,-5.7,-32.09072,243.9912
25.25452,0.9001642,-15.64777,111.6989,-6.85734,2.888607,0.06506248,-0.01509148,-0.01402272,0.05460355,-0.9982956,-6.84395,2.903335,0.0639981,0.0682719,-0.163546,0.9841706,17,0.7,-13.75747,113.5433,18,-5.7,-31.84995,242.278
25.27808,0.3381081,-13.90384,99.29021,-6.854166,2.884722,0.06505524,-0.01926705,-0.01335902,0.05669812,-0.998116,-6.849191,2.896307,0.06468272,0.07123611,-0.1665128,0.9834628,17,0.7,-13.4461,111.3277,18,-5.7,-31.53858,240.0625
25.29602,0.475597,-14.26076,101.8298,-6.841502,2.883535,0.06521225,-0.01897978,-0.01290965,0.05784929,-0.9980614,-6.842176,2.88997,0.0650568,0.07073115,-0.1657732,0.9836241,17,0.7,-13.20885,109.6396,18,-5.7,-31.30133,238.3744
25.31982,0.5103704,-14.26076,101.8298,-6.802382,2.881343,0.0655906,-0.01713775,-0.0115982,0.05903016,-0.9980417,-6.807403,2.88997,0.0650568,0.07073115,-0.1657732,0.9836241,17,0.7,-12.89434,107.4018,18,-5.7,-30.98682,236.1366
25.33789,1.060119,-14.95492,106.769,-6.770845,2.880319,0.06574553,-0.01569909,-0.01073004,0.05889367,-0.9980832,-6.77986,2.884949,0.0651958,0.07227879,-0.1644703,0.9837303,17,0.7,-12.65586,105.7049,18,-5.7,-30.74835,234.4397
25.36157,4.225309,-19.03926,135.8305,-6.695461,2.878555,0.06623781,-0.01372307,-0.009477474,0.05948965,-0.9980897,-6.709533,2.881204,0.06538391,0.07926244,-0.1588929,0.984109,17,0.7,-12.34238,103.4743,18,-5.7,-30.43486,232.2092
25.37976,4.269179,-19.03925,135.8305,-6.646107,2.878213,0.06674913,-0.01266665,-0.008718569,0.05956667,-0.9981059,-6.665663,2.881204,0.06538391,0.07926244,-0.1588929,0.984109,17,0.7,-12.10125,101.7586,18,-5.7,-30.19373,230.4934
25.40332,5.919309,-22.48897,160.3765,-6.533543,2.878762,0.06829973,-0.01113225,-0.007438615,0.06006229,-0.9981049,-6.558335,2.878756,0.06583762,0.07665139,-0.1558364,0.9848043,17,0.7,-11.79005,99.54434,18,-5.7,-29.88253,228.2791
25.42175,5.979544,-22.48897,160.3765,-6.465778,2.879683,0.06958441,-0.01047374,-0.007110231,0.06082391,-0.9980683,-6.4981,2.878756,0.06583762,0.07665139,-0.1558364,0.9848043,17,0.7,-11.54723,97.81657,18,-5.7,-29.63971,226.5514
25.44519,5.805313,-22.38733,159.6533,-6.317195,2.882368,0.07268546,-0.009361308,-0.006947398,0.06240262,-0.997983,-6.354866,2.877634,0.06683683,0.07504846,-0.1559267,0.9849135,17,0.7,-11.2373,95.61133,18,-5.7,-29.32978,224.3461
25.46326,4.711006,-20.55032,146.5823,-6.23237,2.883963,0.07448146,-0.008766262,-0.007423274,0.06291649,-0.9979527,-6.26445,2.878295,0.06876826,0.07376956,-0.1574713,0.9847644,17,0.7,-10.99841,93.91152,18,-5.7,-29.09089,222.6463
25.48694,4.87143,-20.55033,146.5824,-6.051903,2.888021,0.07844664,-0.01085707,-0.008628864,0.06307199,-0.9979126,-6.104034,2.878295,0.06876826,0.07376956,-0.1574713,0.9847644,17,0.7,-10.68437,91.677,18,-5.7,-28.77685,220.4118
25.505,5.858759,-22.92177,163.4561,-5.95104,2.890788,0.08042786,-0.01434529,-0.009983227,0.06290714,-0.9978663,-5.995623,2.880838,0.07180357,0.07148367,-0.1555936,0.9852313,17,0.7,-10.44647,89.98429,18,-5.7,-28.53896,218.7191
25.52856,4.203121,-18.39225,131.2268,-5.739603,2.895978,0.08408244,-0.02310116,-0.0126113,0.06179401,-0.9977419,-5.785228,2.884971,0.076159,0.07496489,-0.1596905,0.9843166,17,0.7,-10.13383,87.75973,18,-5.7,-28.22631,216.4945
25.54663,4.3045,-18.39225,131.2268,-5.625552,2.898673,0.08538169,-0.02951918,-0.01450683,0.06057348,-0.9976217,-5.683849,2.884971,0.076159,0.07496489,-0.1596905,0.9843166,17,0.7,-9.895053,86.06074,18,-5.7,-27.98754,214.7955
25.57056,1.220498,-11.9647,85.49256,-5.387529,2.905127,0.08792947,-0.04041705,-0.01725328,0.05731874,-0.9973883,-5.446476,2.89049,0.08075547,0.07667596,-0.1708476,0.9823095,17,0.7,-9.579582,83.81605,18,-5.7,-27.67207,212.5509
25.58875,1.333323,-11.9647,85.49254,-5.260598,2.909313,0.08914323,-0.04351003,-0.01854539,0.05511042,-0.9973595,-5.333649,2.89049,0.08075547,0.07667596,-0.1708476,0.9823095,17,0.7,-9.338204,82.09856,18,-5.7,-27.43069,210.8334
25.61218,-0.4309779,-8.363495,59.86862,-5.001027,2.918237,0.09172882,-0.04459682,-0.01998583,0.05062081,-0.9975215,-5.07399,2.896923,0.08467364,0.07609988,-0.1845604,0.9798706,17,0.7,-9.02824,79.89304,18,-5.7,-27.12073,208.6279
25.63013,1.244947,-10.06473,71.97353,-4.866183,2.922803,0.09282418,-0.04268043,-0.01977272,0.0479125,-0.9977434,-4.922496,2.90497,0.08797908,0.08413275,-0.1769253,0.9806218,17,0.7,-8.790985,78.20489,18,-5.7,-26.88347,206.9397
25.65393,1.490305,-10.06473,71.97353,-4.590156,2.931777,0.09458186,-0.04188418,-0.01909536,0.04289058,-0.9980189,-4.677138,2.90497,0.08797908,0.08413275,-0.1769253,0.9806218,17,0.7,-8.47621,75.96515,18,-5.7,-26.5687,204.7
25.67212,2.271308,-12.00592,85.78583,-4.446678,2.935938,0.09530602,-0.04149443,-0.01804775,0.04067463,-0.9981473,-4.515697,2.914846,0.0909915,0.07778938,-0.1710147,0.9821929,17,0.7,-8.236933,74.2626,18,-5.7,-26.32942,202.9974
25.6958,2.513064,-12.06649,86.21679,-4.155978,2.944614,0.0968094,-0.04149661,-0.01635063,0.03723364,-0.9983107,-4.221435,2.925457,0.09346366,0.07680991,-0.1709897,0.9822743,17,0.7,-7.92334,72.03127,18,-5.7,-26.01583,200.7661
25.7135,2.646987,-12.06656,86.21719,-4.005352,2.948971,0.09749602,-0.04113856,-0.01517728,0.03623631,-0.9983808,-4.087545,2.925457,0.09346366,0.07680991,-0.1709897,0.9822743,17,0.7,-7.68867,70.3615,18,-5.7,-25.78115,199.0963
25.73755,2.592104,-11.77197,84.12109,-3.701654,2.956823,0.09925364,-0.04038659,-0.01293296,0.0331962,-0.9985488,-3.779947,2.936117,0.09513581,0.07449103,-0.1719417,0.9822867,17,0.7,-7.37115,68.10223,18,-5.7,-25.46363,196.8371
25.75574,2.729907,-11.77197,84.12109,-3.546627,2.960091,0.1000501,-0.04015428,-0.01152506,0.03162323,-0.9986265,-3.642145,2.936117,0.09513581,0.07449103,-0.1719417,0.9822867,17,0.7,-7.130513,66.39001,18,-5.7,-25.223,195.1248
25.77917,2.267815,-11.16401,79.79521,-3.237956,2.965667,0.1013933,-0.04040743,-0.009515868,0.02953114,-0.9987015,-3.328696,2.946351,0.09714544,0.06898133,-0.1739211,0.9823406,17,0.7,-6.820322,64.18289,18,-5.7,-24.91281,192.9177
25.797,2.343168,-11.68428,83.4971,-3.082415,2.967827,0.1020247,-0.0407411,-0.00851411,0.02865017,-0.9987226,-3.150151,2.955469,0.09917033,0.06474066,-0.1725344,0.9828736,17,0.7,-6.584584,62.50553,18,-5.7,-24.67707,191.2404
25.82141,2.62025,-11.68428,83.49714,-2.7707,2.971392,0.1031246,-0.04105143,-0.006499089,0.02573534,-0.9988044,-2.873071,2.955469,0.09917033,0.06474066,-0.1725344,0.9828736,17,0.7,-6.262175,60.21147,18,-5.7,-24.35466,188.9463
25.83862,2.048123,-10.85349,77.58575,-2.614097,2.97292,0.1035755,-0.04193554,-0.005423002,0.02336408,-0.9988324,-2.692861,2.962802,0.1009415,0.06012689,-0.1752233,0.982691,17,0.7,-6.034569,58.59197,18,-5.7,-24.12706,187.3268
25.86279,2.51474,-11.91063,85.10768,-2.30292,2.975259,0.1043481,-0.04294179,-0.002986409,0.01886608,-0.998895,-2.37483,2.968255,0.1024067,0.05656865,-0.1721375,0.9834473,17,0.7,-5.714787,56.3166,18,-5.7,-23.80727,185.0514
25.88049,2.652726,-11.91063,85.10771,-2.147689,2.975726,0.1046498,-0.04313856,-0.001622155,0.01670963,-0.9989281,-2.236846,2.968255,0.1024067,0.05656865,-0.1721375,0.9834473,17,0.7,-5.480633,54.65051,18,-5.7,-23.57312,183.3853
25.90454,1.742403,-9.592014,68.60988,-1.837888,2.977424,0.105405,-0.04357361,0.0009607077,0.01289324,-0.9989666,-1.920006,2.972063,0.1035948,0.05251132,-0.1801427,0.9822378,17,0.7,-5.162948,52.39006,18,-5.7,-23.25543,181.1249
25.92273,1.87969,-9.592014,68.60988,-1.68344,2.978132,0.1060258,-0.04273217,0.002264165,0.0110481,-0.999023,-1.782719,2.972063,0.1035948,0.05251132,-0.1801427,0.9822378,17,0.7,-4.92231,50.67784,18,-5.7,-23.0148,179.4126
25.94641,1.624977,-8.880307,63.54582,-1.376834,2.979648,0.1070347,-0.04113379,0.004855283,0.007807643,-0.9991114,-1.468798,2.974539,0.1045467,0.04788123,-0.1834732,0.981858,17,0.7,-4.610249,48.4574,18,-5.7,-22.70274,177.1922
25.96411,1.889673,-9.109138,65.17404,-1.2249,2.98038,0.1077047,-0.03967756,0.005997905,0.006686248,-0.9991722,-1.292628,2.976462,0.1053725,0.04802892,-0.1824022,0.9820502,17,0.7,-4.375741,46.7888,18,-5.7,-22.46823,175.5236
25.98853,2.158849,-9.109131,65.174,-0.9220735,2.980831,0.1093768,-0.03644603,0.008295917,0.004723062,-0.9992901,-1.023449,2.976462,0.1053725,0.04802892,-0.1824022,0.9820502,17,0.7,-4.052613,44.48962,18,-5.7,-22.1451,173.2244
26.00562,1.804909,-9.45745,67.65242,-0.7712491,2.980927,0.1101158,-0.03459872,0.009189681,0.004037617,-0.9993509,-0.8484945,2.978165,0.1066008,0.03860492,-0.1809284,0.9827383,17,0.7,-3.826695,42.88213,18,-5.7,-21.91918,171.6169
26.03015,1.989954,-10.13195,72.45173,-0.4722689,2.980153,0.1122096,-0.03051842,0.01131152,0.001374064,-0.9994693,-0.5421351,2.979324,0.1083256,0.03441951,-0.1782258,0.9833874,17,0.7,-3.502343,40.57424,18,-5.7,-21.59483,169.3091
26.04736,2.12008,-10.13195,72.45172,-0.3258782,2.980229,0.1138088,-0.03026407,0.01179925,0.0004500287,-0.9994723,-0.41201,2.979324,0.1083256,0.03441951,-0.1782258,0.9833874,17,0.7,-3.275236,38.95829,18,-5.7,-21.36773,167.6931
26.07178,1.943984,-9.36663,67.00621,-0.03224548,2.979564,0.116095,-0.02893537,0.01240281,-6.227032E-05,-0.9995044,-0.1108217,2.979595,0.1105058,0.03019264,-0.1814114,0.9829437,17,0.7,-2.952151,36.65942,18,-5.7,-21.04464,165.3942
26.0896,2.070546,-9.366627,67.0062,0.1101371,2.978229,0.117089,-0.0288185,0.01271673,-0.0006263279,-0.9995036,0.01574065,2.979595,0.1105058,0.03019264,-0.1814114,0.9829437,17,0.7,-2.716088,34.97974,18,-5.7,-20.80858,163.7146
26.11365,2.272122,-9.67075,69.17014,0.3886552,2.976439,0.1195575,-0.02885194,0.01382092,-0.001871349,-0.9994864,0.3030902,2.979393,0.1130267,0.02803538,-0.1801147,0.983246,17,0.7,-2.399389,32.72631,18,-5.7,-20.49188,161.4611
26.13098,2.132434,-8.456417,60.5297,0.5228637,2.975333,0.1208887,-0.02784985,0.01404765,-0.001862499,-0.9995117,0.4610223,2.978081,0.1158798,0.02717339,-0.1858993,0.982193,17,0.7,-2.169279,31.08899,18,-5.7,-20.26177,159.8238
26.15576,2.366116,-8.456417,60.5297,0.785755,2.973273,0.1235279,-0.02593668,0.01481409,-0.001774797,-0.9995522,0.6947035,2.978081,0.1158798,0.02717339,-0.1858993,0.982193,17,0.7,-1.841092,28.75382,18,-5.7,-19.93358,157.4886
26.17249,2.415223,-8.889179,63.60897,0.9131129,2.971687,0.1248124,-0.02407545,0.01551947,-0.002380088,-0.9995868,0.8453038,2.975974,0.1188469,0.02429899,-0.1836473,0.9826918,17,0.7,-1.620259,27.18252,18,-5.7,-19.71275,155.9173
26.19702,1.082434,-9.803589,70.11533,1.157837,2.968764,0.1276829,-0.02248667,0.01698453,-0.00429812,-0.9995937,1.098605,2.973387,0.1220027,-0.0002272757,-0.1795781,0.9837437,17,0.7,-1.295599,24.87244,18,-5.7,-19.38809,153.6073
26.21448,1.187587,-9.803582,70.11528,1.276134,2.96783,0.1292393,-0.02094707,0.01782872,-0.004804175,-0.9996101,1.203758,2.973387,0.1220027,-0.0002272757,-0.1795781,0.9837437,17,0.7,-1.065793,23.23729,18,-5.7,-19.15828,151.9721
26.23889,-3.036597,-24.00935,171.1946,1.506824,2.964365,0.1320546,-0.01666133,0.02024846,-0.007334832,-0.9996292,1.442955,2.970284,0.1252278,-0.02585722,-0.155734,0.9874606,17,0.7,-0.7428558,20.93947,18,-5.7,-18.83534,149.6743
26.25671,-2.94016,-24.00935,171.1946,1.615316,2.962203,0.1334066,-0.01567211,0.02160349,-0.008145369,-0.9996107,1.539392,2.970284,0.1252278,-0.02585722,-0.155734,0.9874606,17,0.7,-0.5068095,19.25991,18,-5.7,-18.5993,147.9947
26.28064,-8.641121,-39.67968,282.6947,1.824089,2.958797,0.13608,-0.01468744,0.02392301,-0.007577843,-0.9995772,1.757463,2.967063,0.1286308,-0.03636434,-0.1491378,0.9881476,17,0.7,-0.1909644,17.01256,18,-5.7,-18.28345,145.7474
26.29797,-7.820499,-31.54316,224.8004,1.922478,2.956901,0.1375726,-0.0140032,0.02517074,-0.007445263,-0.9995574,1.875514,2.963161,0.1319796,-0.04261803,-0.1516697,0.9875121,17,0.7,0.03782864,15.38461,18,-5.7,-18.05466,144.1194
26.323,-7.654097,-31.54318,224.8006,2.109689,2.952732,0.1405574,-0.01208759,0.02732895,-0.007460625,-0.9995255,2.041923,2.963161,0.1319796,-0.04261803,-0.1516697,0.9875121,17,0.7,0.3697276,13.02303,18,-5.7,-17.72276,141.7578
26.33984,-7.183661,-28.02437,199.763,2.196823,2.950507,0.1418504,-0.01114885,0.02858143,-0.007848341,-0.9994985,2.147822,2.958896,0.1355511,-0.04614225,-0.1532059,0.9871165,17,0.7,0.5913175,11.44633,18,-5.7,-17.50117,140.1812
26.36401,-7.066097,-25.13738,179.2209,2.360705,2.945752,0.1441871,-0.008793193,0.03075898,-0.008129368,-0.9994551,2.319746,2.954208,0.1388674,-0.0517084,-0.154762,0.9865977,17,0.7,0.9114791,9.168265,18,-5.7,-17.18101,137.9031
26.38147,-6.999548,-25.13736,179.2208,2.435565,2.94271,0.1452791,-0.007250432,0.03212213,-0.009122442,-0.9994161,2.386288,2.954208,0.1388674,-0.0517084,-0.154762,0.9865977,17,0.7,1.142912,7.521533,18,-5.7,-16.94958,136.2564
26.40576,-11.49224,-34.58329,246.4321,2.574168,2.937179,0.1474419,-0.003647257,0.03419791,-0.009917099,-0.9993592,2.533352,2.948986,0.1419756,-0.05620846,-0.1504131,0.9870241,17,0.7,1.46362,5.239581,18,-5.7,-16.62887,133.9744
26.42419,-11.43829,-34.58329,246.4321,2.634856,2.933947,0.1484271,-0.00137798,0.03506326,-0.0103826,-0.9993302,2.587297,2.948986,0.1419756,-0.05620846,-0.1504131,0.9870241,17,0.7,1.706515,3.511292,18,-5.7,-16.38597,132.2461
26.44763,-12.85,-39.44466,281.8285,2.742659,2.929302,0.1504728,0.0006747488,0.03622974,-0.01082713,-0.9992846,2.704419,2.942823,0.1447699,-0.05452345,-0.1485823,0.9873958,17,0.7,2.016374,1.306531,18,-5.7,-16.07611,130.0414
26.46533,-13.12985,-37.35917,270.4947,2.788525,2.927163,0.1516012,0.001955488,0.03684327,-0.01193304,-0.9992479,2.763694,2.936074,0.1473266,-0.05804896,-0.1471728,0.987406,18,-5.7,-15.84124,128.3701,19,5.7,-34.58381,261.7303
26.48999,-13.06093,-37.35917,270.4947,2.866066,2.922575,0.1534959,0.004213597,0.03742073,-0.01308363,-0.9992051,2.832619,2.936074,0.1473266,-0.05804896,-0.1471728,0.987406,18,-5.7,-15.51582,126.0547,19,5.7,-34.25839,259.4149
26.50708,-20.52283,-53.04172,377.7708,2.89275,2.920656,0.1543414,0.004588203,0.03740221,-0.01262573,-0.9992101,2.871816,2.929981,0.1498735,-0.06116842,-0.1463456,0.9873406,18,-5.7,-15.28877,124.4391,19,5.7,-34.03134,257.7993
26.53125,-12.85,-35.40722,254.1952,2.932933,2.917166,0.156179,0.006453001,0.0369032,-0.01100784,-0.9992374,2.919734,2.924431,0.1522958,-0.06126501,-0.1489175,0.98695,18,-5.7,-14.97044,122.174,19,5.7,-33.713,255.5342
26.54883,-12.85,-35.42557,254.3168,2.941427,2.915543,0.1573801,0.007683521,0.03636342,-0.01050502,-0.9992539,2.927284,2.924431,0.1522958,-0.06126501,-0.1489175,0.98695,18,-5.7,-14.7381,120.5209,19,5.7,-33.48066,253.8811
26.57288,-11.14274,-31.66342,225.6562,2.946573,2.912672,0.1593055,0.009600285,0.03574318,-0.01116627,-0.9992525,2.940292,2.91954,0.1548618,-0.06161309,-0.1513001,0.9865658,18,-5.7,-14.41925,118.2522,19,5.7,-33.16181,251.6124
26.59155,-11.15148,-31.66333,225.6556,2.936697,2.911098,0.1601803,0.01041405,0.03528586,-0.01221357,-0.9992484,2.931513,2.91954,0.1548618,-0.06161309,-0.1513001,0.9865658,18,-5.7,-14.17278,116.4985,19,5.7,-32.91534,249.8587
26.61462,-12.35763,-34.82686,248.1652,2.904367,2.908167,0.1620486,0.01184862,0.0348186,-0.01439089,-0.9992198,2.907464,2.915364,0.1571804,-0.06073786,-0.1501715,0.9867925,18,-5.7,-13.86749,114.3262,19,5.7,-32.61005,247.6864
26.63306,-10.95563,-30.94438,220.54,2.876246,2.907002,0.1630161,0.0120576,0.03457224,-0.01585109,-0.9992037,2.883341,2.911645,0.1593239,-0.06194839,-0.1515522,0.9865061,18,-5.7,-13.62452,112.5973,19,5.7,-32.36707,245.9575
26.6571,-11.01671,-30.94438,220.54,2.807531,2.90482,0.1651931,0.01305039,0.03452484,-0.01926371,-0.999133,2.822261,2.911645,0.1593239,-0.06194839,-0.1515522,0.9865061,18,-5.7,-13.30646,110.3342,19,5.7,-32.04902,243.6944
26.67432,-10.12871,-26.86694,191.5275,2.762491,2.903619,0.1662818,0.01318606,0.03476377,-0.02115127,-0.9990847,2.779185,2.908215,0.1615864,-0.06650187,-0.1534026,0.9859235,18,-5.7,-13.07774,108.7068,19,5.7,-31.8203,242.067
26.69812,-10.76582,-27.81664,198.285,2.658537,2.901083,0.167942,0.01274194,0.03539738,-0.02394454,-0.9990052,2.679838,2.905207,0.1643125,-0.06691416,-0.1528915,0.985975,18,-5.7,-12.76314,106.4683,19,5.7,-31.5057,239.8285
26.71619,-10.82173,-27.81668,198.2852,2.595654,2.900378,0.1687443,0.01188018,0.03611389,-0.02506047,-0.9989628,2.623943,2.905207,0.1643125,-0.06691416,-0.1528915,0.985975,18,-5.7,-12.52491,104.7733,19,5.7,-31.26748,238.1335
26.73999,-7.546583,-20.47932,146.0772,2.458724,2.900039,0.1707512,0.01112845,0.03748754,-0.02717082,-0.9988657,2.491483,2.902352,0.1664567,-0.06777307,-0.1578639,0.9851324,18,-5.7,-12.21068,102.5374,19,5.7,-30.95324,235.8976
26.7583,-7.616468,-20.47934,146.0773,2.380111,2.900404,0.1717539,0.01121702,0.03809501,-0.02773145,-0.9988263,2.421604,2.902352,0.1664567,-0.06777307,-0.1578639,0.9851324,18,-5.7,-11.96747,100.8068,19,5.7,-30.71003,234.1671
26.78162,-7.217927,-19.06179,135.9909,2.210729,2.901168,0.1733972,0.009197562,0.03872124,-0.02834043,-0.9988058,2.256625,2.900113,0.1685157,-0.06869979,-0.1592454,0.9848458,18,-5.7,-11.65894,98.61152,19,5.7,-30.4015,231.9717
26.79956,-12.28106,-26.76888,190.8298,2.115983,2.902616,0.1742239,0.006333126,0.0386993,-0.0281185,-0.9988351,2.154513,2.899228,0.170873,-0.07460525,-0.1533294,0.9853548,18,-5.7,-11.42166,96.92317,19,5.7,-30.16422,230.2834
26.82397,-12.45742,-26.76886,190.8297,1.917562,2.905909,0.1750233,0.002026738,0.03872018,-0.02881006,-0.9988326,1.978139,2.899228,0.170873,-0.07460525,-0.1533294,0.9853548,18,-5.7,-11.09911,94.62811,19,5.7,-29.84167,227.9883
26.84131,-10.01849,-20.68763,147.5594,1.808989,2.907935,0.1749526,-0.001324288,0.03883933,-0.02980749,-0.9988,1.86021,2.900024,0.1730114,-0.07933207,-0.1575305,0.9843224,18,-5.7,-10.86993,92.99741,19,5.7,-29.61249,226.3576
26.86523,-7.358691,-15.58347,111.2414,1.580984,2.91336,0.1744693,-0.006332215,0.03962009,-0.03021999,-0.9987377,1.632853,2.902822,0.1743994,-0.07960402,-0.163663,0.9832994,18,-5.7,-10.55413,90.75041,19,5.7,-29.29669,224.1106
26.88306,-7.466591,-15.58346,111.2413,1.459588,2.916581,0.1737537,-0.007604459,0.04053356,-0.03018567,-0.9986932,1.524946,2.902822,0.1743994,-0.07960402,-0.163663,0.9832994,18,-5.7,-10.31764,89.06765,19,5.7,-29.0602,222.4279
26.90698,-7.690123,-15.45343,110.3161,1.210523,2.923307,0.1722477,-0.008353594,0.04320355,-0.03024612,-0.9985735,1.275802,2.907437,0.1747772,-0.08003814,-0.1639061,0.9832236,18,-5.7,-10.00208,86.82234,19,5.7,-28.74464,220.1826
26.92493,-7.806341,-15.45343,110.3161,1.079778,2.926936,0.1713302,-0.006996657,0.04488215,-0.0294939,-0.9985324,1.159584,2.907437,0.1747772,-0.08003814,-0.1639061,0.9832236,18,-5.7,-9.764367,85.13094,19,5.7,-28.50693,218.4912
26.94885,-6.775826,-13.02095,93.00812,0.8116652,2.93456,0.1690162,-0.004826446,0.04770979,-0.02671512,-0.9984923,0.8908082,2.913863,0.1741482,-0.08112571,-0.1686168,0.9823375,18,-5.7,-9.44897,82.88677,19,5.7,-28.19153,216.247
26.96643,-8.371766,-15.3242,109.3966,0.6746888,2.938335,0.1676423,-0.003363979,0.04897109,-0.02474964,-0.9984879,0.7360386,2.921776,0.1724167,-0.08196987,-0.1642131,0.9830133,18,-5.7,-9.215755,81.22736,19,5.7,-27.95831,214.5876
26.99084,-8.617083,-15.3242,109.3966,0.3987054,2.94538,0.16473,-0.001273885,0.0504147,-0.02202737,-0.9984846,0.49072,2.921776,0.1724167,-0.08196987,-0.1642131,0.9830133,18,-5.7,-8.892931,78.93035,19,5.7,-27.63549,212.2906
27.00818,-10.22295,-17.63788,125.8593,0.2582353,2.948573,0.1631959,-0.0007274618,0.05032478,-0.02071552,-0.9985178,0.3308922,2.930556,0.1698928,-0.08258235,-0.1609452,0.9835023,18,-5.7,-8.664224,77.30301,19,5.7,-27.40678,210.6633
27.03235,-9.907609,-16.49607,117.7349,-0.02529883,2.955279,0.160327,-0.0001460607,0.0500567,-0.01867396,-0.9985719,0.04261544,2.939313,0.166754,-0.0832108,-0.1625324,0.9831883,18,-5.7,-8.344887,75.03082,19,5.7,-27.08745,208.3911
27.04993,-10.03484,-16.49609,117.7351,-0.1684166,2.95848,0.1589109,0.0006671877,0.04955679,-0.0180302,-0.9986084,-0.08460037,2.939313,0.166754,-0.0832108,-0.1625324,0.9831883,18,-5.7,-8.112159,73.37486,19,5.7,-26.85472,206.7351
27.0741,-8.932629,-16.0891,114.8391,-0.4537034,2.964394,0.1560983,0.001786655,0.04859608,-0.01726853,-0.9986677,-0.3753146,2.947574,0.1632962,-0.07341568,-0.1633212,0.9838376,18,-5.7,-7.792118,71.09766,19,5.7,-26.53468,204.4579
27.09204,-9.059861,-16.0891,114.8391,-0.5968385,2.967017,0.1545594,0.001929152,0.0477619,-0.01708899,-0.9987107,-0.5025458,2.947574,0.1632962,-0.07341568,-0.1633212,0.9838376,18,-5.7,-7.554886,69.40967,19,5.7,-26.29744,202.7699
27.11597,-8.180678,-14.91292,106.4702,-0.881717,2.971828,0.1514338,0.0008493769,0.04617035,-0.01717456,-0.9987856,-0.7934581,2.955473,0.1598253,-0.06836572,-0.1653648,0.9838601,18,-5.7,-7.238837,67.16086,19,5.7,-25.98139,200.5211
27.13354,-9.121402,-15.77904,112.633,-1.024273,2.974558,0.1499038,-0.0004285154,0.04521137,-0.01737699,-0.9988263,-0.9581312,2.962625,0.156329,-0.07140765,-0.1639415,0.9838822,18,-5.7,-7.00676,65.50954,19,5.7,-25.74932,198.8698
27.15771,-9.370092,-15.77905,112.633,-1.304044,2.977825,0.1464464,-0.0004884527,0.04436668,-0.01803212,-0.9988525,-1.206817,2.962625,0.156329,-0.07140765,-0.1639415,0.9838822,18,-5.7,-6.687107,63.23509,19,5.7,-25.42966,196.5953
27.17529,-8.236739,-14.31873,102.2423,-1.443827,2.979742,0.1449291,-0.00115048,0.04409239,-0.01758491,-0.9988721,-1.368986,2.969025,0.1526225,-0.06618202,-0.1665958,0.9838017,18,-5.7,-6.455112,61.58436,19,5.7,-25.19767,194.9446
27.19958,-7.515812,-12.66988,90.51009,-1.718974,2.983472,0.1417539,0.0005291185,0.04271492,-0.01445715,-0.9989826,-1.651223,2.974291,0.1487719,-0.06381983,-0.1702435,0.9833332,18,-5.7,-6.134109,59.30031,19,5.7,-24.87667,192.6606
27.21704,-7.636024,-12.66988,90.51012,-1.854211,2.984296,0.1401154,0.001491739,0.04163725,-0.01259751,-0.9990523,-1.771433,2.974291,0.1487719,-0.06381983,-0.1702435,0.9833332,18,-5.7,-5.902225,57.65038,19,5.7,-24.64478,191.0106
27.24133,-7.401868,-12.00466,85.77682,-2.120286,2.98625,0.1366857,0.00151308,0.03940966,-0.009281866,-0.9991789,-2.045171,2.978831,0.144956,-0.06150213,-0.1720308,0.9831699,18,-5.7,-5.58172,55.36987,19,5.7,-24.32428,188.7301
27.25891,-7.517987,-12.00465,85.77676,-2.250924,2.986742,0.1351485,0.001416251,0.03802644,-0.007817213,-0.9992452,-2.161294,2.978831,0.144956,-0.06150213,-0.1720308,0.9831699,18,-5.7,-5.349078,53.71453,19,5.7,-24.09164,187.0748
27.28308,-7.268629,-11.39447,81.43507,-2.509231,2.9873,0.1320984,0.001725878,0.03477862,-0.003977192,-0.9993857,-2.427387,2.982445,0.1410903,-0.0585417,-0.1738498,0.9830306,18,-5.7,-5.029871,51.44326,19,5.7,-23.77243,184.8035
27.30066,-6.599717,-9.578151,68.51131,-2.635875,2.987152,0.1305954,0.001692527,0.03280912,-0.002441155,-0.9994573,-2.575456,2.984942,0.1372219,-0.05779071,-0.1804134,0.9818917,18,-5.7,-4.797658,49.79097,19,5.7,-23.54022,183.1512
27.32483,-6.821465,-9.578152,68.51131,-2.885341,2.986673,0.1277597,0.001726886,0.02892553,-0.0002316139,-0.99958,-2.797203,2.984942,0.1372219,-0.05779071,-0.1804134,0.9818917,18,-5.7,-4.478123,47.51736,19,5.7,-23.22068,180.8776
27.34241,-6.424869,-9.032896,64.63161,-3.007416,2.98474,0.1262009,0.001781336,0.02674881,0.0008013814,-0.9996403,-2.940448,2.986013,0.1334262,-0.05303454,-0.1829336,0.9816937,18,-5.7,-4.245285,45.86064,19,5.7,-22.98784,179.2209
27.36658,-6.320963,-9.124855,65.28593,-3.248074,2.981911,0.12313,-0.001105029,0.02168875,0.003320087,-0.9997587,-3.188165,2.985772,0.1298181,-0.04721902,-0.1825372,0.9820644,18,-5.7,-3.926166,43.58999,19,5.7,-22.66873,176.9502
27.38428,-6.425787,-9.124855,65.28593,-3.366001,2.980477,0.1218886,-0.001474121,0.01914894,0.003442674,-0.9998097,-3.292989,2.985772,0.1298181,-0.04721902,-0.1825372,0.9820644,18,-5.7,-3.691116,41.91752,19,5.7,-22.43368,175.2778
27.4082,-5.949552,-8.647517,61.8895,-3.594526,2.977005,0.1194408,-0.001640117,0.01466942,0.002605873,-0.9998876,-3.529097,2.983515,0.1261986,-0.03848371,-0.1849263,0.9819986,18,-5.7,-3.374663,39.66584,19,5.7,-22.11722,173.0261
27.42627,-6.046203,-8.647517,61.8895,-3.703259,2.975482,0.1184398,-0.002120462,0.01311946,0.001102694,-0.9999111,-3.625748,2.983515,0.1261986,-0.03848371,-0.1849263,0.9819986,18,-5.7,-3.136434,37.97075,19,5.7,-21.87899,171.331
27.45007,-5.552393,-6.802898,48.76436,-3.914775,2.971991,0.1166017,-0.002324894,0.009840243,-0.0004043067,-0.9999488,-3.845632,2.980214,0.1227976,-0.03437929,-0.1970615,0.9797882,18,-5.7,-2.821075,35.72686,19,5.7,-21.56363,169.0871
27.4679,-5.557221,-6.602959,47.34171,-4.01621,2.969733,0.1156662,-0.00242272,0.008232631,-0.0001376624,-0.9999632,-3.966201,2.976474,0.1198696,-0.03300187,-0.1987024,0.9795041,18,-5.7,-2.58572,34.05222,19,5.7,-21.32828,167.4125
27.49194,-5.729734,-6.60296,47.34172,-4.210288,2.965022,0.1138705,-0.003972614,0.00530073,0.0006135846,-0.9999779,-4.138714,2.976474,0.1198696,-0.03300187,-0.1987024,0.9795041,18,-5.7,-2.268085,31.79213,19,5.7,-21.01064,165.1524
27.50977,-5.795057,-6.841207,49.03694,-4.301054,2.963124,0.1132479,-0.005607032,0.004315436,0.0007739319,-0.9999747,-4.248209,2.972265,0.117406,-0.03098769,-0.1965914,0.9799957,18,-5.7,-2.032151,30.11337,19,5.7,-20.77471,163.4736
27.53369,-5.99307,-6.511019,46.68753,-4.474554,2.95822,0.1119041,-0.00636656,0.00254187,0.001814433,-0.9999749,-4.429476,2.967486,0.1153616,-0.03288127,-0.1993266,0.9793813,18,-5.7,-1.716909,27.8703,19,5.7,-20.45947,161.2306
27.55176,-6.065717,-6.511017,46.68751,-4.556283,2.955736,0.1113646,-0.006911183,0.001708634,0.003141224,-0.9999698,-4.502125,2.967486,0.1153616,-0.03288127,-0.1993266,0.9793813,18,-5.7,-1.477701,26.16825,19,5.7,-20.22026,159.5285
27.57556,-6.03515,-5.479473,39.34769,-4.708503,2.950766,0.1103446,-0.00656009,0.0001155064,0.006569376,-0.999957,-4.662461,2.962119,0.1134278,-0.03418418,-0.210222,0.9770558,18,-5.7,-1.162884,23.92821,19,5.7,-19.90544,157.2885
27.59363,-6.097826,-5.479474,39.34771,-4.779014,2.947406,0.1097217,-0.006106137,-0.0009650514,0.008933946,-0.999941,-4.725138,2.962119,0.1134278,-0.03418418,-0.210222,0.9770558,18,-5.7,-0.9236817,22.2262,19,5.7,-19.66624,155.5865
27.61707,-5.977171,-4.976393,35.7681,-4.90907,2.941052,0.1083263,-0.008316948,-0.002640046,0.01270562,-0.9998813,-4.863677,2.956355,0.1118288,-0.03046907,-0.2170679,0.9756809,18,-5.7,-0.6131437,20.01661,19,5.7,-19.3557,153.3769
27.63501,-5.811865,-4.679052,33.65241,-4.967752,2.937881,0.1077503,-0.009992701,-0.003649361,0.01485337,-0.9998331,-4.936577,2.94998,0.1104972,-0.0254372,-0.2217116,0.9747804,18,-5.7,-0.3762622,18.33111,19,5.7,-19.11882,151.6914
27.65881,-5.906359,-4.679052,33.65241,-5.074057,2.930937,0.1063586,-0.01074123,-0.005793713,0.01961354,-0.9997332,-5.031071,2.94998,0.1104972,-0.0254372,-0.2217116,0.9747804,18,-5.7,-0.06230447,16.09719,19,5.7,-18.80486,149.4574
27.67688,-5.861928,-4.717315,33.92466,-5.118168,2.927334,0.1057478,-0.009612051,-0.006555089,0.02157316,-0.9996997,-5.08873,2.942787,0.1091557,-0.0222946,-0.2208739,0.9750475,18,-5.7,0.1768962,14.39518,19,5.7,-18.56566,147.7554
27.70056,-5.613477,-5.855797,42.02538,-5.195838,2.920285,0.1045268,-0.007218303,-0.007765628,0.02473365,-0.9996378,-5.173493,2.934916,0.1074795,-0.01027227,-0.205237,0.9786584,18,-5.7,0.4906392,12.16279,19,5.7,-18.25192,145.523
27.71875,-5.639278,-5.855797,42.02538,-5.224865,2.916574,0.1039784,-0.005421596,-0.008122258,0.02600138,-0.9996142,-5.199295,2.934916,0.1074795,-0.01027227,-0.205237,0.9786584,18,-5.7,0.7303839,10.45691,19,5.7,-18.01217,143.8172
27.74231,-5.593194,-6.481288,46.47603,-5.272219,2.909522,0.1031052,-0.003486817,-0.009350342,0.02943117,-0.9995171,-5.254348,2.926605,0.1058762,-0.007161279,-0.1988306,0.9800077,18,-5.7,1.04238,8.236948,19,5.7,-17.70018,141.5972
27.76025,-5.556857,-6.990444,50.09886,-5.285479,2.90651,0.1030413,-0.003269596,-0.0100719,0.0316013,-0.9994445,-5.276161,2.918088,0.1045512,-0.005507297,-0.1944087,0.9809052,18,-5.7,1.280051,6.545828,19,5.7,-17.46251,139.9061
27.78345,-5.568213,-6.990446,50.09888,-5.298254,2.901123,0.1029638,-0.003047906,-0.01152074,0.03578671,-0.9992885,-5.287518,2.918088,0.1045512,-0.005507297,-0.1944087,0.9809052,18,-5.7,1.586827,4.363003,19,5.7,-17.15573,137.7233
27.80151,-5.477997,-6.466769,46.37273,-5.294912,2.898523,0.1030786,-0.003201417,-0.01274997,0.03876984,-0.9991617,-5.291263,2.90987,0.1035663,-0.003955359,-0.1986152,0.9800695,18,-5.7,1.824986,2.668415,19,5.7,-16.91757,136.0287
27.82532,-5.46104,-6.466766,46.37271,-5.275834,2.893583,0.1035173,-0.00365038,-0.01524178,0.04352667,-0.9989293,-5.274305,2.90987,0.1035663,-0.003955359,-0.1986152,0.9800695,18,-5.7,2.139592,0.4298792,19,5.7,-16.60297,133.7901
27.84351,-5.375424,-5.678768,40.7658,-5.255579,2.891247,0.1039354,-0.003705899,-0.01651623,0.04539857,-0.9988256,-5.259491,2.902617,0.103126,-0.002789602,-0.2064894,0.9784448,19,5.7,-16.36192,132.075,20,-5.7,-34.85664,263.6717
27.86707,-5.355015,-5.139696,36.93011,-5.202969,2.887015,0.1048085,-0.003662643,-0.01937979,0.04899246,-0.9986044,-5.212368,2.896256,0.103282,-0.003784323,-0.2131911,0.9770032,19,5.7,-16.0517,129.8677,20,-5.7,-34.54642,261.4644
27.88538,-5.321945,-5.139696,36.93011,-5.165766,2.885236,0.105341,-0.004144941,-0.02061376,0.04968989,-0.9985434,-5.179299,2.896256,0.103282,-0.003784323,-0.2131911,0.9770032,19,5.7,-15.80844,128.1367,20,-5.7,-34.30316,259.7334
27.90894,-5.277834,-4.978065,35.78004,-5.083269,2.881648,0.1063664,-0.00559262,-0.02281082,0.05154134,-0.9983947,-5.101978,2.890662,0.1039422,-0.004813446,-0.215381,0.9765183,19,5.7,-15.49776,125.9261,20,-5.7,-33.99248,257.5228
27.93665,-5.174019,-4.694428,33.76186,-4.978524,2.878611,0.1072262,-0.007826633,-0.02447465,0.0538999,-0.9982157,-5.001734,2.885631,0.1050029,-0.004993673,-0.2197099,0.9755525,19,5.7,-15.13067,123.3141,20,-5.7,-33.62539,254.9108
27.9646,-5.13527,-4.365459,31.42113,-4.852267,2.876252,0.1078914,-0.009344117,-0.02592491,0.05682298,-0.998004,-4.879043,2.881248,0.106162,-0.007971303,-0.2254483,0.9742225,19,5.7,-14.76157,120.6879,20,-5.7,-33.25629,252.2846
27.99231,-5.007708,-4.365459,31.42113,-4.708759,2.875388,0.1086735,-0.01168347,-0.0274992,0.06087376,-0.9976982,-4.75148,2.881248,0.106162,-0.007971303,-0.2254483,0.9742225,19,5.7,-14.39445,118.0757,20,-5.7,-32.88918,249.6724
28.02014,-4.759843,-4.169376,30.02593,-4.544002,2.876694,0.1099414,-0.0118736,-0.02950083,0.06536455,-0.9973546,-4.591372,2.877589,0.1072474,-0.005480838,-0.2292602,0.9733498,19,5.7,-14.02639,115.4568,20,-5.7,-32.52111,247.0535
28.0481,-2.290639,-7.084605,50.76886,-4.356566,2.880662,0.1119199,-0.01176427,-0.03174938,0.06792789,-0.9971156,-4.407851,2.875307,0.1082277,0.04097264,-0.1927459,0.9803929,19,5.7,-13.65746,112.8317,20,-5.7,-32.15218,244.4284
28.07593,4.263799,-12.91627,92.2634,-4.15155,2.886329,0.1138759,-0.01298832,-0.035008,0.06954034,-0.9968802,-4.205311,2.875437,0.1094549,0.09021207,-0.1682116,0.9816143,19,5.7,-13.28961,110.2144,20,-5.7,-31.78433,241.8111
28.09424,7.386869,-16.49377,117.7186,-4.042445,2.889393,0.1143113,-0.01621469,-0.03694709,0.07041051,-0.9967018,-4.084791,2.878641,0.1113158,0.09580244,-0.1617834,0.982165,19,5.7,-13.04705,108.4884,20,-5.7,-31.54177,240.0851
28.1178,7.588258,-16.49377,117.7186,-3.815883,2.896581,0.1148093,-0.02387808,-0.04066356,0.07177533,-0.9963055,-3.883402,2.878641,0.1113158,0.09580244,-0.1617834,0.982165,19,5.7,-12.73645,106.2785,20,-5.7,-31.23117,237.8752
28.13574,5.556539,-12.70939,90.79141,-3.696982,2.900714,0.1149906,-0.02787291,-0.04255944,0.07107131,-0.9961731,-3.750992,2.884549,0.1129559,0.1006447,-0.1686213,0.9805292,19,5.7,-12.49808,104.5824,20,-5.7,-30.9928,236.1791
28.15955,5.774476,-12.7094,90.79147,-3.45181,2.91019,0.1155939,-0.03164144,-0.0457955,0.0682738,-0.9961126,-3.533062,2.884549,0.1129559,0.1006447,-0.1686213,0.9805292,19,5.7,-12.18388,102.3467,20,-5.7,-30.6786,233.9434
28.17749,3.767434,-9.610439,68.7412,-3.322222,2.915811,0.1160549,-0.02988657,-0.04695141,0.0652037,-0.9963186,-3.388921,2.892303,0.1143138,0.1020549,-0.1782983,0.9786698,19,5.7,-11.9465,100.6577,20,-5.7,-30.44122,232.2544
28.20117,6.434778,-11.73322,83.84558,-3.060296,2.926408,0.1166218,-0.02605389,-0.04936489,0.05999076,-0.996637,-3.124906,2.902085,0.1152103,0.1117625,-0.1711017,0.9788939,19,5.7,-11.63335,98.42947,20,-5.7,-30.12807,230.0262
28.21924,6.556206,-11.73322,83.84558,-2.923689,2.931517,0.1165138,-0.02413598,-0.04967232,0.05660792,-0.996868,-3.003477,2.902085,0.1152103,0.1117625,-0.1711017,0.9788939,19,5.7,-11.39471,96.73145,20,-5.7,-29.88943,228.3281
28.24304,10.45171,-18.59236,132.6508,-2.647405,2.941185,0.1161577,-0.02239747,-0.05003093,0.05057878,-0.9972147,-2.724598,2.91388,0.1158813,0.09766489,-0.1594077,0.98237,19,5.7,-11.08038,94.49487,20,-5.7,-29.5751,226.0916
28.26086,12.85,-20.1282,146.5421,-2.505175,2.945546,0.1161779,-0.0221496,-0.04953165,0.04819072,-0.9973633,-2.563059,2.92642,0.1160221,0.1034231,-0.1546988,0.9825335,19,5.7,-10.84398,92.81285,20,-5.7,-29.33871,224.4095
28.28479,12.85,-19.74601,144.1147,-2.21772,2.954228,0.1165454,-0.02138921,-0.04869724,0.04396179,-0.9976165,-2.307543,2.92642,0.1160221,0.1034231,-0.1546988,0.9825335,19,5.7,-10.52795,90.56415,20,-5.7,-29.02267,222.1608
28.30273,9.810142,-18.37051,131.0722,-2.070545,2.958381,0.1168948,-0.02070765,-0.0477282,0.04259222,-0.9977371,-2.140254,2.938101,0.1162089,0.08970729,-0.159956,0.9830396,19,5.7,-10.29126,88.88003,20,-5.7,-28.78599,220.4767
28.32678,6.298661,-12.62911,90.22005,-1.775487,2.96554,0.1172848,-0.01980675,-0.04583295,0.03973511,-0.9979621,-1.840239,2.948895,0.1164941,0.08865728,-0.1696917,0.9815012,19,5.7,-9.972369,86.61098,20,-5.7,-28.46709,218.2077
28.34448,6.430433,-12.62911,90.22005,-1.627244,2.968504,0.117035,-0.02102273,-0.04455964,0.03900367,-0.9980237,-1.708467,2.948895,0.1164941,0.08865728,-0.1696917,0.9815012,19,5.7,-9.739204,84.95192,20,-5.7,-28.23393,216.5486
28.36841,7.31644,-13.28744,94.90429,-1.332013,2.973661,0.1166061,-0.02312638,-0.04190312,0.03750983,-0.9981495,-1.407296,2.958526,0.1167042,0.09034091,-0.1682393,0.9815977,19,5.7,-9.423016,82.70212,20,-5.7,-27.91774,214.2988
28.38623,7.448097,-13.28744,94.90429,-1.183899,2.975851,0.1165092,-0.02436029,-0.04001627,0.03639103,-0.998239,-1.27564,2.958526,0.1167042,0.09034091,-0.1682393,0.9815977,19,5.7,-9.187413,81.02572,20,-5.7,-27.68213,212.6224
28.41003,7.101025,-12.89633,92.1214,-0.8876414,2.980248,0.1164585,-0.02409233,-0.03619939,0.0333152,-0.9984986,-0.9730513,2.966534,0.1167754,0.0861597,-0.169275,0.9817955,19,5.7,-8.871613,78.77868,20,-5.7,-27.36633,210.3754
28.42798,6.366535,-12.31121,87.95805,-0.7396818,2.982103,0.1166378,-0.02226403,-0.03391643,0.03116735,-0.9986905,-0.8021455,2.972948,0.116647,0.08014269,-0.1708702,0.9820287,19,5.7,-8.635624,77.09953,20,-5.7,-27.13035,208.6962
28.45178,6.627791,-12.3112,87.95802,-0.4457658,2.985337,0.1169267,-0.01901406,-0.02965564,0.02734667,-0.9990051,-0.5408868,2.972948,0.116647,0.08014269,-0.1708702,0.9820287,19,5.7,-8.319806,74.85237,20,-5.7,-26.81453,206.4491
28.46985,7.081944,-13.15847,93.98662,-0.2987744,2.98622,0.1168614,-0.01699074,-0.02756981,0.02606706,-0.9991355,-0.3708183,2.978291,0.116564,0.07800827,-0.1689039,0.9825407,19,5.7,-8.080941,73.15276,20,-5.7,-26.57566,204.7495
28.49365,9.047592,-16.07221,114.719,-0.00722966,2.987017,0.1173819,-0.01483908,-0.02338217,0.022911,-0.9993539,-0.07226828,2.982665,0.1164902,0.07825971,-0.1635145,0.9834319,19,5.7,-7.766408,70.91475,20,-5.7,-26.26113,202.5114
28.51172,9.177462,-16.07221,114.719,0.1388695,2.98719,0.1179875,-0.01413913,-0.02120007,0.02086665,-0.9994575,0.05759768,2.982665,0.1164902,0.07825971,-0.1635145,0.9834319,19,5.7,-7.527233,69.21293,20,-5.7,-26.02195,200.8096
28.5354,9.665073,-16.54416,118.0771,0.4270274,2.9868,0.1194917,-0.01292468,-0.01776795,0.01770781,-0.9996018,0.3526733,2.985113,0.1169825,0.07764994,-0.1628418,0.9835919,19,5.7,-7.214764,66.98959,20,-5.7,-25.70948,198.5863
28.55371,9.793953,-16.54417,118.0772,0.5720105,2.987424,0.120396,-0.013377,-0.0164603,0.01645278,-0.9996397,0.4815471,2.985113,0.1169825,0.07764994,-0.1628418,0.9835919,19,5.7,-6.972764,65.26767,20,-5.7,-25.46748,196.8644
28.57715,8.076389,-13.39381,95.66115,0.8585406,2.986274,0.1224229,-0.0120217,-0.01465906,0.01386286,-0.9997243,0.7749543,2.985996,0.118014,0.07510864,-0.1684963,0.9828365,19,5.7,-6.662232,63.05812,20,-5.7,-25.15695,194.6548
28.59509,7.462723,-12.41885,88.72401,1.001174,2.985977,0.1232781,-0.01244239,-0.01400173,0.01236067,-0.9997482,0.9402122,2.986148,0.119436,0.07233569,-0.170844,0.9826393,19,5.7,-6.425423,61.37314,20,-5.7,-24.92014,192.9698
28.61902,7.714565,-12.41885,88.72401,1.284496,2.985095,0.126076,-0.01215773,-0.01301964,0.009812071,-0.9997932,1.192054,2.986148,0.119436,0.07233569,-0.170844,0.9826393,19,5.7,-6.108997,59.12165,20,-5.7,-24.60372,190.7183
28.63684,7.435884,-11.94197,85.33078,1.426269,2.984098,0.127269,-0.01140903,-0.01284364,0.008843415,-0.9998133,1.356291,2.985541,0.1215076,0.07010574,-0.1721339,0.9825758,19,5.7,-5.873076,57.44298,20,-5.7,-24.3678,189.0397
28.66089,7.418673,-11.71534,83.71826,1.70754,2.981107,0.1296298,-0.01227927,-0.01209902,0.00626627,-0.9998319,1.644234,2.984404,0.1245248,0.06787661,-0.1727907,0.982617,19,5.7,-5.55622,55.18843,20,-5.7,-24.05094,186.7851
28.67871,7.542755,-11.71534,83.71827,1.847132,2.980649,0.13095,-0.01471225,-0.01195461,0.005819491,-0.9998034,1.768317,2.984404,0.1245248,0.06787661,-0.1727907,0.982617,19,5.7,-5.319381,53.50324,20,-5.7,-23.8141,185.0999
28.70251,7.599434,-11.49716,82.16582,2.125096,2.978419,0.1331245,-0.01554417,-0.0118717,0.005415443,-0.9997941,2.053036,2.982291,0.1276162,0.06643136,-0.1734261,0.9826038,19,5.7,-5.004965,51.26605,20,-5.7,-23.49968,182.8627
28.72046,7.721567,-11.49716,82.16582,2.262495,2.976586,0.1338313,-0.01569771,-0.01212132,0.005252243,-0.9997895,2.175169,2.982291,0.1276162,0.06643136,-0.1734261,0.9826038,19,5.7,-4.768073,49.58048,20,-5.7,-23.26279,181.1772
28.74438,7.488487,-10.59098,75.71804,2.532301,2.975342,0.1364225,-0.0164964,-0.01245251,0.004643215,-0.9997756,2.452408,2.979804,0.1301539,0.06543639,-0.1763324,0.9821532,19,5.7,-4.451481,47.32781,20,-5.7,-22.9462,178.9245
28.76221,7.336425,-10.02051,71.65887,2.664989,2.974317,0.1379363,-0.015287,-0.01263686,0.004754903,-0.999792,2.607189,2.976985,0.1329497,0.06491657,-0.1784121,0.9818121,19,5.7,-4.216128,45.65319,20,-5.7,-22.71085,177.2499
28.78613,7.566862,-10.02052,71.65896,2.924225,2.972347,0.1404063,-0.01453355,-0.01360685,0.005467511,-0.9997869,2.83762,2.976985,0.1329497,0.06491657,-0.1784121,0.9818121,19,5.7,-3.899522,43.40042,20,-5.7,-22.39424,174.9971
28.80383,7.350916,-10.0112,71.59265,3.050603,2.971,0.1416398,-0.01437341,-0.01419713,0.005532307,-0.9997806,2.986036,2.974567,0.1359538,0.05999164,-0.1784786,0.9821132,19,5.7,-3.66588,41.73797,20,-5.7,-22.1606,173.3347
28.82788,6.804925,-8.062264,57.72525,3.297086,2.968163,0.143912,-0.01489503,-0.01450715,0.004023193,-0.9997757,3.240146,2.97218,0.1389505,0.06068509,-0.1878452,0.9803221,19,5.7,-3.347731,39.47422,20,-5.7,-21.84245,171.0709
28.84583,6.910861,-8.062264,57.72525,3.416263,2.966958,0.1452537,-0.01539825,-0.01410143,0.003027513,-0.9997774,3.346081,2.97218,0.1389505,0.06068509,-0.1878452,0.9803221,19,5.7,-3.110965,37.78954,20,-5.7,-21.60568,169.3862
28.86987,7.070921,-8.046015,57.60963,3.651449,2.963799,0.1480848,-0.01414672,-0.01356826,0.001615261,-0.9998066,3.588876,2.969335,0.1417662,0.05940272,-0.187919,0.9803866,19,5.7,-2.792488,35.52346,20,-5.7,-21.28721,167.1201
28.88757,7.17226,-8.046016,57.60963,3.765455,2.9618,0.1495008,-0.01382454,-0.01293102,0.001001799,-0.9998203,3.690215,2.969335,0.1417662,0.05940272,-0.187919,0.9803866,19,5.7,-2.557692,33.8528,20,-5.7,-21.05241,165.4495
28.91162,7.151028,-7.749674,55.50105,3.986919,2.957413,0.1523286,-0.01342458,-0.01193505,0.0007722388,-0.9998384,3.919683,2.966149,0.144941,0.05721591,-0.1897403,0.9801658,19,5.7,-2.240288,31.59435,20,-5.7,-20.73501,163.191
28.92944,6.628017,-7.262767,52.03653,4.094225,2.954906,0.1537779,-0.01350175,-0.01118004,0.0008212763,-0.9998461,4.046325,2.962234,0.1482621,0.04875796,-0.19311,0.9799649,19,5.7,-2.005314,29.92243,20,-5.7,-20.50003,161.5191
28.95325,6.811464,-7.262768,52.03653,4.300601,2.949927,0.156637,-0.01479609,-0.009707511,0.001171938,-0.9998428,4.229771,2.962234,0.1482621,0.04875796,-0.19311,0.9799649,19,5.7,-1.689826,27.67761,20,-5.7,-20.18455,159.2743
28.97095,6.795485,-7.258966,52.00948,4.397458,2.947566,0.1580521,-0.0162944,-0.009108696,0.002142103,-0.9998235,4.34572,2.957374,0.151577,0.04629935,-0.1930839,0.9800893,19,5.7,-1.456263,26.01573,20,-5.7,-19.95098,157.6124
28.995,6.47506,-6.269423,44.96852,4.583835,2.942101,0.1609928,-0.01876327,-0.007423766,0.003301361,-0.999791,4.539651,2.951731,0.1550124,0.04226398,-0.2013648,0.9786041,19,5.7,-1.137438,23.74717,20,-5.7,-19.63216,155.3439
29.0127,6.552123,-6.269422,44.96851,4.67053,2.939558,0.1625536,-0.02018597,-0.006410853,0.003558765,-0.9997694,4.616714,2.951731,0.1550124,0.04226398,-0.2013648,0.9786041,19,5.7,-0.9033916,22.08184,20,-5.7,-19.39811,153.6785
29.03687,6.34088,-5.542698,39.7976,4.833119,2.934654,0.1656312,-0.02178868,-0.004829928,0.004480688,-0.9997409,4.787587,2.945629,0.1585222,0.03828907,-0.2092397,0.9771145,19,5.7,-0.5842555,19.81107,20,-5.7,-19.07898,151.4078
29.05493,6.406065,-5.542697,39.79759,4.906452,2.932296,0.1671364,-0.02211763,-0.003987186,0.004732729,-0.9997362,4.852772,2.945629,0.1585222,0.03828907,-0.2092397,0.9771145,19,5.7,-0.3456112,18.11303,20,-5.7,-18.84033,149.7097
29.07861,6.237423,-4.941867,35.52246,5.044208,2.927338,0.1701443,-0.02343452,-0.001951873,0.00484921,-0.9997118,4.999366,2.939434,0.1621493,0.03415407,-0.2174204,0.9754803,19,5.7,-0.0326086,15.8859,20,-5.7,-18.52733,147.4826
29.09644,6.108971,-4.383906,31.55237,5.103646,2.924917,0.1714211,-0.02398472,-0.0008015335,0.005075436,-0.9996991,5.0739,2.93353,0.1660558,0.0321005,-0.226935,0.9733807,19,5.7,0.2024198,14.21359,20,-5.7,-18.2923,145.8103
29.12048,6.204103,-4.383907,31.55238,5.21067,2.920086,0.173834,-0.02445986,0.001458801,0.005533687,-0.9996845,5.169032,2.93353,0.1660558,0.0321005,-0.226935,0.9733807,19,5.7,0.5209596,11.94706,20,-5.7,-17.97376,143.5438
29.13818,6.069628,-4.19285,30.19293,5.254847,2.917695,0.1747163,-0.02515715,0.002780467,0.005499849,-0.9996645,5.227159,2.927595,0.169416,0.02729273,-0.2306754,0.9726479,19,5.7,0.7549689,10.282,20,-5.7,-17.73975,141.8787
29.16223,5.929898,-3.836593,27.65803,5.329801,2.912884,0.1760565,-0.02784753,0.005378172,0.005835162,-0.9995807,5.309616,2.921759,0.1724092,0.02190941,-0.2387172,0.9708419,19,5.7,1.072755,8.020833,20,-5.7,-17.42197,139.6175
29.18005,5.952345,-3.836593,27.65803,5.355053,2.9108,0.1766602,-0.02943107,0.006783485,0.006413221,-0.9995232,5.332063,2.921759,0.1724092,0.02190941,-0.2387172,0.9708419,19,5.7,1.308062,6.346534,20,-5.7,-17.18666,137.9432
29.20398,5.768035,-3.159282,22.83871,5.392103,2.906966,0.1776313,-0.03199217,0.009384402,0.007442642,-0.9994164,5.377559,2.91595,0.1748799,0.01663918,-0.2588816,0.9657658,19,5.7,1.624475,4.095141,20,-5.7,-16.87025,135.6918
29.22192,5.774263,-3.159283,22.83872,5.399109,2.905511,0.1776947,-0.03312996,0.01093991,0.007076201,-0.9993661,5.383786,2.91595,0.1748799,0.01663918,-0.2588816,0.9657658,19,5.7,1.862879,2.398809,20,-5.7,-16.63184,133.9955
29.24573,5.65521,-2.798116,20.26888,5.39688,2.902746,0.177485,-0.03432109,0.01348773,0.006759253,-0.999297,5.390705,2.910556,0.1766286,0.01266223,-0.2732837,0.9618502,19,5.7,2.177649,0.159097,20,-5.7,-16.31707,131.7558
29.26343,5.589237,-2.685527,19.46777,5.381689,2.90164,0.1769522,-0.03464313,0.01429315,0.007256797,-0.9992712,5.382153,2.90608,0.1774482,0.01031006,-0.2783909,0.9604126,20,-5.7,-16.0831,130.091,21,0.7,-34.17566,258.8263
29.28772,5.549778,-2.685527,19.46777,5.337299,2.900215,0.1756182,-0.03546679,0.01583506,0.008010251,-0.9992134,5.342694,2.90608,0.1774482,0.01031006,-0.2783909,0.9604126,20,-5.7,-15.76231,127.8084,21,0.7,-33.85487,256.5438
29.30518,5.471076,-2.384286,17.32433,5.301987,2.899829,0.1748577,-0.03511085,0.01601557,0.008505424,-0.9992189,5.312032,2.902538,0.1773672,0.008863144,-0.2946258,0.9555716,20,-5.7,-15.53126,126.1645,21,0.7,-33.62383,254.8999
29.32922,5.311802,-2.351665,17.09222,5.214076,2.899443,0.1725598,-0.03379931,0.01647768,0.008653955,-0.9992554,5.230303,2.900122,0.1768168,0.004601258,-0.2965083,0.9550192,20,-5.7,-15.21312,123.9008,21,0.7,-33.30569,252.6362
29.34705,5.260021,-2.351665,17.09222,5.155822,2.900086,0.1711784,-0.03230574,0.01674671,0.007971771,-0.999306,5.178521,2.900122,0.1768168,0.004601258,-0.2965083,0.9550192,20,-5.7,-14.97824,122.2295,21,0.7,-33.0708,250.9649
29.37097,4.218803,-2.817621,20.40767,5.023691,2.902331,0.1687717,-0.02752696,0.01724819,0.006875013,-0.9994487,5.052861,2.898872,0.1746705,-0.03963862,-0.271676,0.9615722,20,-5.7,-14.66127,119.9742,21,0.7,-32.75384,248.7096
29.38916,4.147933,-2.81762,20.40767,4.943961,2.904098,0.1675924,-0.02431082,0.01768456,0.006028506,-0.9995298,4.98199,2.898872,0.1746705,-0.03963862,-0.271676,0.9615722,20,-5.7,-14.42216,118.2728,21,0.7,-32.51472,247.0082
29.41284,-12.85,-20.9879,149.8627,4.770257,2.908154,0.1652382,-0.02069214,0.01899673,0.004094707,-0.9995971,4.814747,2.899266,0.171806,-0.1157504,-0.1565236,0.9808681,20,-5.7,-14.10892,116.0439,21,0.7,-32.20148,244.7793
29.43066,-30.9353,-41.93192,298.7203,4.672011,2.910648,0.1642433,-0.01997237,0.02039596,0.002591583,-0.9995891,4.709906,2.901628,0.1689831,-0.1172555,-0.1474807,0.9820899,20,-5.7,-13.87289,114.3645,21,0.7,-31.96546,243.0999
29.45483,-31.12072,-41.93186,298.7199,4.463364,2.91547,0.1615344,-0.01896593,0.02302985,0.0004569971,-0.9995548,4.524442,2.901628,0.1689831,-0.1172555,-0.1474807,0.9820899,20,-5.7,-13.55337,112.0911,21,0.7,-31.64594,240.8265
29.47229,-22.99465,-31.39705,223.761,4.351137,2.918491,0.1599418,-0.01940626,0.02505103,-0.0005273523,-0.9994977,4.402774,2.905796,0.1663324,-0.120236,-0.1505411,0.9812649,20,-5.7,-13.32311,110.4526,21,0.7,-31.41567,239.188
29.49634,-12.85,-18.17586,133.7374,4.115816,2.924401,0.156575,-0.01906245,0.02916915,-0.002265587,-0.9993902,4.167912,2.91147,0.1631411,-0.1248607,-0.1547181,0.9800368,20,-5.7,-13.00453,108.1858,21,0.7,-31.09709,236.9212
29.51404,-12.85,-18.0373,132.8597,3.990017,2.927466,0.1547605,-0.01835108,0.03154786,-0.002394168,-0.9993309,4.056092,2.91147,0.1631411,-0.1248607,-0.1547181,0.9800368,20,-5.7,-12.76986,106.5161,21,0.7,-30.86243,235.2515
29.53809,-12.85,-17.59052,128.9396,3.731066,2.933884,0.1513923,-0.01518285,0.03628564,-0.002054581,-0.9992241,3.796915,2.918061,0.1595126,-0.1266299,-0.1560049,0.9796057,20,-5.7,-12.45269,104.2593,21,0.7,-30.54526,232.9947
29.55627,-12.85,-17.44286,128.0124,3.596227,2.937229,0.1498308,-0.01296716,0.03877878,-0.001943771,-0.9991618,3.677058,2.918061,0.1595126,-0.1266299,-0.1560049,0.9796057,20,-5.7,-12.21177,102.545,21,0.7,-30.30434,231.2804
29.57983,-19.38188,-24.67723,175.9469,3.32217,2.943565,0.1459801,-0.009740679,0.04331526,-0.002236258,-0.9990115,3.401599,2.925352,0.1558697,-0.1269999,-0.1538626,0.9798966,20,-5.7,-11.90037,100.3293,21,0.7,-29.99293,229.0647
29.59753,-31.26053,-36.33794,258.9172,3.181765,2.946456,0.1438835,-0.008860503,0.04511188,-0.00190609,-0.9989409,3.242527,2.932971,0.1517725,-0.1306969,-0.1487575,0.9801987,20,-5.7,-11.667,98.66879,21,0.7,-29.75956,227.4042
29.62207,-31.51322,-36.33799,258.9176,2.897539,2.952246,0.1397577,-0.007260772,0.04765737,-0.0004395512,-0.9988373,2.989882,2.932971,0.1517725,-0.1306969,-0.1487575,0.9801987,20,-5.7,-11.34149,96.35271,21,0.7,-29.43406,225.0881
29.63916,-20.94659,-27.10243,193.2031,2.753069,2.955112,0.1377136,-0.006509438,0.04818656,0.0003035577,-0.9988171,2.825432,2.940488,0.1471628,-0.1207802,-0.1526413,0.9808735,20,-5.7,-11.11526,94.74297,21,0.7,-29.20782,223.4783
29.66345,-12.85,-17.89355,129.0844,2.46374,2.960608,0.1338338,-0.004823522,0.04921641,0.0007591362,-0.9987763,2.530994,2.947669,0.1423365,-0.1169497,-0.1584667,0.9804138,20,-5.7,-10.79458,92.46121,21,0.7,-28.88714,221.1966
29.68103,-12.85,-17.71741,127.9947,2.317499,2.963373,0.1319793,-0.004187116,0.0493649,0.0005510914,-0.9987719,2.401001,2.947669,0.1423365,-0.1169497,-0.1584667,0.9804138,20,-5.7,-10.56202,90.80648,21,0.7,-28.65459,219.5419
29.7052,-10.10233,-15.18637,108.4158,2.023865,2.968681,0.1279178,-0.002923183,0.04946584,0.0002858595,-0.9987715,2.101987,2.95448,0.1376801,-0.1104828,-0.1642249,0.9802161,20,-5.7,-10.24319,88.53784,21,0.7,-28.33575,217.2732
29.72351,-10.23375,-15.18638,108.4158,1.876033,2.971022,0.1258227,-0.00287748,0.04920791,-1.241977E-05,-0.9987845,1.970581,2.95448,0.1376801,-0.1104828,-0.1642249,0.9802161,20,-5.7,-10.00119,86.81593,21,0.7,-28.09375,215.5513
29.74707,-11.14327,-16.58218,118.3475,1.579985,2.976017,0.121699,-0.002898616,0.04881809,-0.0006549828,-0.9988033,1.66872,2.961144,0.1328512,-0.1063215,-0.1621823,0.9810161,20,-5.7,-9.690019,84.60186,21,0.7,-27.78258,213.3372
29.76477,-12.39054,-18.15371,129.5295,1.431869,2.978078,0.1195283,-0.002072862,0.04862037,-0.0008293774,-0.9988148,1.497988,2.967427,0.1279695,-0.1053378,-0.1601938,0.9814489,20,-5.7,-9.455229,82.93124,21,0.7,-27.54779,211.6666
29.78931,-12.65275,-18.1537,129.5294,1.136865,2.981641,0.1151186,-0.0004933341,0.04827222,-0.0006324383,-0.998834,1.235762,2.967427,0.1279695,-0.1053378,-0.1601938,0.9814489,20,-5.7,-9.130401,80.61997,21,0.7,-27.22296,209.3553
29.80652,-10.7791,-18.07409,128.963,0.9890221,2.983702,0.1128985,0.0008539577,0.0481276,0.0003172925,-0.9988408,1.065173,2.973211,0.1230167,-0.09035638,-0.1605635,0.982881,20,-5.7,-8.903586,79.0061,21,0.7,-26.99615,207.7415
29.83093,-12.76254,-21.52295,153.503,0.694307,2.986769,0.1086563,0.004740725,0.04842324,0.001345638,-0.9988148,0.7638967,2.978259,0.1178874,-0.08675379,-0.1571421,0.9837582,20,-5.7,-8.581293,76.71287,21,0.7,-26.67385,205.4482
29.84839,-12.85,-21.44253,152.9996,0.5459658,2.988422,0.1066306,0.00691444,0.04849505,0.002832948,-0.9987955,0.6320379,2.978259,0.1178874,-0.08675379,-0.1571421,0.9837582,20,-5.7,-8.350077,75.06768,21,0.7,-26.44264,203.803
29.8728,-10.40084,-17.1337,122.2718,0.2521299,2.991057,0.1026719,0.01078583,0.04870681,0.005611798,-0.9987392,0.3314538,2.982708,0.1126901,-0.08636366,-0.1618784,0.9830243,20,-5.7,-8.026838,72.76772,21,0.7,-26.1194,201.5031
29.89111,-10.53184,-17.1337,122.2717,0.1047533,2.992353,0.1009218,0.0113089,0.04872862,0.00667081,-0.9987258,0.2004524,2.982708,0.1126901,-0.08636366,-0.1618784,0.9830243,20,-5.7,-7.785309,71.04914,21,0.7,-25.87787,199.7845
29.91418,-12.85,-20.38107,147.6854,-0.1864708,2.994003,0.0971226,0.01367792,0.04895397,0.008341056,-0.9986726,-0.09775186,2.986607,0.1076754,-0.08503795,-0.1558266,0.9841172,20,-5.7,-7.479316,68.87189,21,0.7,-25.57188,197.6073
29.93188,-12.85,-21.03552,152.2189,-0.3324677,2.994185,0.09568101,0.01380402,0.04902644,0.00867039,-0.9986645,-0.2668539,2.989963,0.1030453,-0.08143657,-0.15549,0.984475,20,-5.7,-7.246003,67.21178,21,0.7,-25.33856,195.9471
29.95667,-12.85,-20.54895,149.1382,-0.6191555,2.996354,0.09282605,0.01402206,0.04959477,0.009232271,-0.9986283,-0.5216875,2.989963,0.1030453,-0.08143657,-0.15549,0.984475,20,-5.7,-6.918831,64.88383,21,0.7,-25.01139,193.6192
29.97351,-11.47577,-18.20537,129.8973,-0.7596898,2.996535,0.0913365,0.01631828,0.05006875,0.008883111,-0.998573,-0.6854469,2.992285,0.09863257,-0.08176955,-0.1606369,0.9836206,20,-5.7,-6.696002,63.29833,21,0.7,-24.78856,192.0337
29.99792,-12.85,-19.77383,141.5275,-1.040108,2.996364,0.08857405,0.0171611,0.05032713,0.008433334,-0.9985498,-0.9731102,2.994123,0.09473598,-0.08262464,-0.1583911,0.9839133,20,-5.7,-6.37326,61.0019,21,0.7,-24.46582,189.7373
30.01563,-12.85,-19.53945,140.0715,-1.177659,2.995899,0.0872242,0.01665091,0.05049016,0.008051975,-0.9985533,-1.095378,2.994123,0.09473598,-0.08262464,-0.1583911,0.9839133,20,-5.7,-6.138328,59.33027,21,0.7,-24.23089,188.0656
30.03955,-12.85,-18.96136,135.7311,-1.449966,2.994848,0.08447427,0.01522804,0.05065725,0.006950434,-0.9985759,-1.375254,2.995112,0.09126925,-0.08322047,-0.1592391,0.9837262,20,-5.7,-5.823017,57.08671,21,0.7,-23.91558,185.8221
30.05774,-12.85,-18.73231,134.3161,-1.584635,2.994482,0.08318186,0.0141733,0.05066999,0.006987539,-0.9985905,-1.494959,2.995112,0.09126925,-0.08322047,-0.1592391,0.9837262,20,-5.7,-5.581477,55.36806,21,0.7,-23.67404,184.1034
30.08118,-12.53728,-19.37454,138.2164,-1.849527,2.993726,0.08075848,0.01335327,0.05107798,0.006811703,-0.9985822,-1.767547,2.994919,0.08795166,-0.07673927,-0.1593927,0.9842282,20,-5.7,-5.271626,53.16336,21,0.7,-23.36419,181.8987
30.099,-11.52796,-17.29528,123.4216,-1.980308,2.993476,0.07972208,0.01325068,0.05137367,0.006995982,-0.9985672,-1.920103,2.994015,0.08472133,-0.07664008,-0.161844,0.9838358,20,-5.7,-5.035753,51.48503,21,0.7,-23.12831,180.2204
30.12378,-11.75607,-17.29525,123.4215,-2.236939,2.992342,0.07753713,0.01468803,0.05177355,0.008398726,-0.9985156,-2.14822,2.994015,0.08472133,-0.07664008,-0.161844,0.9838358,20,-5.7,-4.708625,49.1574,21,0.7,-22.80119,177.8928
30.14087,-9.821458,-14.22817,101.5979,-2.365086,2.990972,0.07666131,0.01427778,0.05176184,0.009465092,-0.9985125,-2.297676,2.993054,0.08174872,-0.07287591,-0.1668061,0.9832928,20,-5.7,-4.483141,47.553,21,0.7,-22.5757,176.2884
30.16479,-9.813548,-13.4804,96.27715,-2.613602,2.99122,0.07453983,0.01176418,0.05178832,0.01141741,-0.9985235,-2.553399,2.992096,0.07910883,-0.07418314,-0.1683137,0.9829381,20,-5.7,-4.167145,45.30457,21,0.7,-22.25971,174.0399
30.1825,-9.922327,-13.48039,96.27709,-2.735985,2.990341,0.07380853,0.01231331,0.05142755,0.01265309,-0.9985207,-2.662183,2.992096,0.07910883,-0.07418314,-0.1683137,0.9829381,20,-5.7,-3.932273,43.63337,21,0.7,-22.02483,172.3687
30.20642,-9.537879,-12.66918,90.50505,-2.976532,2.988554,0.07216026,0.01285429,0.0502644,0.01622979,-0.9985214,-2.909939,2.990857,0.0765996,-0.07203228,-0.170193,0.9827745,20,-5.7,-3.615666,41.3806,21,0.7,-21.70823,170.116
30.22498,-9.641811,-12.66918,90.50505,-3.093457,2.987905,0.07141352,0.01238463,0.04919491,0.01743916,-0.9985602,-3.013872,2.990857,0.0765996,-0.07203228,-0.170193,0.9827745,20,-5.7,-3.370114,39.6334,21,0.7,-21.46268,168.3688
30.24829,-9.566312,-12.44526,88.91175,-3.321824,2.985891,0.06984123,0.01132008,0.04758526,0.01829774,-0.9986355,-3.249825,2.989429,0.07433951,-0.06988093,-0.170758,0.9828318,20,-5.7,-3.062151,37.44213,21,0.7,-21.15471,166.1775
30.26611,-8.90757,-11.11231,79.42729,-3.434476,2.984848,0.06910838,0.009935341,0.0462433,0.01917101,-0.9986968,-3.381959,2.987705,0.07234466,-0.06839718,-0.174533,0.9822729,20,-5.7,-2.826441,35.76497,21,0.7,-20.919,164.5003
30.29077,-9.102592,-11.1123,79.42726,-3.653878,2.983058,0.06790134,0.008375119,0.04359481,0.02114319,-0.9987904,-3.576983,2.987705,0.07234466,-0.06839718,-0.174533,0.9822729,20,-5.7,-2.501296,33.45144,21,0.7,-20.59386,162.1868
30.30774,-8.613008,-10.3564,74.04876,-3.759475,2.981884,0.06743622,0.00904056,0.04202192,0.02192789,-0.9988351,-3.701813,2.985615,0.07050753,-0.06519399,-0.1771096,0.9820296,20,-5.7,-2.276182,31.84967,21,0.7,-20.36874,160.585
30.33179,-7.958711,-9.830041,70.3035,-3.966972,2.979364,0.06652664,0.008912841,0.03878192,0.0236728,-0.9989275,-3.916069,2.983259,0.06884491,-0.05653388,-0.1791863,0.9821895,20,-5.7,-1.959098,29.5935,21,0.7,-20.05166,158.3289
30.34961,-8.04736,-9.830037,70.30348,-4.066706,2.978539,0.06631283,0.008755775,0.0370156,0.02454479,-0.9989749,-4.004721,2.983259,0.06884491,-0.05653388,-0.1791863,0.9821895,20,-5.7,-1.722117,27.90729,21,0.7,-19.81468,156.6427
30.37366,-7.733249,-9.568831,68.44491,-4.2609,2.975457,0.06587784,0.00956658,0.03375461,0.02599928,-0.9990462,-4.205939,2.980656,0.06751549,-0.05067323,-0.1802856,0.9823081,20,-5.7,-1.40556,25.65487,21,0.7,-19.49812,154.3902
30.39172,-7.816067,-9.568831,68.44491,-4.354069,2.974201,0.06579767,0.00898719,0.03214057,0.02632508,-0.9990962,-4.288756,2.980656,0.06751549,-0.05067323,-0.1802856,0.9823081,20,-5.7,-1.165807,23.94894,21,0.7,-19.25837,152.6843
30.41528,-7.243571,-7.530932,53.94451,-4.532173,2.971477,0.066119,0.009172233,0.02853822,0.027535,-0.9991713,-4.474499,2.977963,0.06654692,-0.05038055,-0.1911992,0.9802575,20,-5.7,-0.8543673,21.73293,21,0.7,-18.94693,150.4683
30.43323,-6.966794,-7.487723,53.63706,-4.615867,2.969793,0.06642964,0.0092511,0.026676,0.02795613,-0.9992104,-4.574904,2.974887,0.06601501,-0.04377893,-0.1914982,0.9805161,20,-5.7,-0.6179741,20.05091,21,0.7,-18.71054,148.7863
30.4574,-7.109534,-7.487724,53.63706,-4.77645,2.965829,0.06721105,0.009105457,0.02307614,0.028846,-0.999276,-4.717645,2.974887,0.06601501,-0.04377893,-0.1914982,0.9805161,20,-5.7,-0.298243,17.7759,21,0.7,-18.39081,146.5113
30.47498,-6.804124,-7.183335,51.47122,-4.850549,2.96343,0.06773321,0.008187617,0.02143215,0.02889011,-0.9993193,-4.807742,2.971433,0.06612086,-0.03807232,-0.1936583,0.98033,20,-5.7,-0.06582719,16.12218,21,0.7,-18.15839,144.8575
30.4989,-6.543776,-5.702846,40.93699,-4.992643,2.958531,0.06901444,0.006728776,0.01799577,0.02914301,-0.9993906,-4.956476,2.967291,0.0667721,-0.03796467,-0.2073705,0.9775255,20,-5.7,0.2504917,13.87145,21,0.7,-17.84207,142.6068
30.51672,-6.60142,-5.702846,40.93699,-5.057492,2.955867,0.06978534,0.006000748,0.01619668,0.02916275,-0.9994255,-5.01412,2.967291,0.0667721,-0.03796467,-0.2073705,0.9775255,20,-5.7,0.4871728,12.18738,21,0.7,-17.60539,140.9227
30.54065,-6.413846,-5.218143,37.48815,-5.176528,2.950016,0.07136294,0.004590258,0.01285612,0.02920249,-0.9994804,-5.140574,2.962112,0.06790924,-0.03322285,-0.2134439,0.9763902,20,-5.7,0.8031461,9.939111,21,0.7,-17.28942,138.6745
30.55847,-6.460679,-5.218145,37.48817,-5.229214,2.946443,0.07214044,0.00390421,0.01105374,0.02945586,-0.9994974,-5.187407,2.962112,0.06790924,-0.03322285,-0.2134439,0.9763902,20,-5.7,1.038146,8.266998,21,0.7,-17.05442,137.0024
30.5824,-6.377934,-4.499817,32.37699,-5.323585,2.93914,0.07377921,0.0017504,0.007747509,0.02940399,-0.9995361,-5.28972,2.956167,0.06946218,-0.0328026,-0.2247499,0.9738642,20,-5.7,1.354438,6.016467,21,0.7,-16.73812,134.7518
30.60034,-6.215057,-4.279768,30.81126,-5.361227,2.935532,0.07470144,0.0007178718,0.006361477,0.02841751,-0.9995757,-5.339272,2.949116,0.07126939,-0.02772284,-0.2288297,0.9730716,20,-5.7,1.592241,4.324407,21,0.7,-16.50032,133.0598
30.62439,-6.272471,-4.279767,30.81125,-5.425818,2.92788,0.07642155,-0.0008112496,0.003760353,0.02633102,-0.9996459,-5.396686,2.949116,0.07126939,-0.02772284,-0.2288297,0.9730716,20,-5.7,1.910258,2.061603,21,0.7,-16.1823,130.797
30.64185,-6.358503,-4.009121,28.88551,-5.447417,2.92424,0.07722609,-0.00238638,0.002387263,0.02536593,-0.9996725,-5.429384,2.940925,0.07318258,-0.03133271,-0.234377,0.9716408,20,-5.7,2.141366,0.4171835,21,0.7,-15.9512,129.1525
30.66602,-6.27277,-3.571675,25.77291,-5.473241,2.91734,0.07901567,-0.005525289,0.0004293919,0.02290547,-0.9997223,-5.462857,2.932103,0.07517636,-0.03053923,-0.2452373,0.968982,21,0.7,-15.63244,126.8845,22,-5.7,-33.72505,255.62
30.68384,-6.272686,-3.571672,25.7729,-5.473146,2.914258,0.07988138,-0.007433221,-0.0004875511,0.0223705,-0.999722,-5.462773,2.932103,0.07517636,-0.03053923,-0.2452373,0.968982,21,0.7,-15.39639,125.2049,22,-5.7,-33.48901,253.9405
30.70776,-6.027483,-3.015275,21.81393,-5.459066,2.908342,0.08155562,-0.01046748,-0.00238663,0.02264731,-0.9996859,-5.457153,2.92337,0.07728887,-0.02530233,-0.2634655,0.964337,21,0.7,-15.0799,122.9529,22,-5.7,-33.17251,251.6885
30.72571,-6.011277,-3.015275,21.81393,-5.440835,2.905627,0.08251839,-0.01113366,-0.003187478,0.02361212,-0.9996542,-5.440948,2.92337,0.07728887,-0.02530233,-0.2634655,0.964337,21,0.7,-14.8433,121.2694,22,-5.7,-32.93591,250.005
30.74963,-6.005022,-2.833646,20.52157,-5.389328,2.901333,0.0844937,-0.01175866,-0.00497333,0.02629534,-0.9995727,-5.398019,2.915261,0.07938552,-0.02857303,-0.270615,0.9622635,21,0.7,-14.52635,119.0143,22,-5.7,-32.61897,247.7498
30.76746,-5.861016,-2.708102,19.62828,-5.351166,2.899605,0.0853886,-0.01128267,-0.005838931,0.02791217,-0.9995297,-5.362709,2.908059,0.08157122,-0.02449444,-0.2760648,0.9608269,21,0.7,-14.29035,117.335,22,-5.7,-32.38297,246.0706
30.79163,-5.782782,-2.708102,19.62828,-5.263153,2.896169,0.08663435,-0.01190806,-0.007355168,0.02948473,-0.9994673,-5.284474,2.908059,0.08157122,-0.02449444,-0.2760648,0.9608269,21,0.7,-13.97159,115.0669,22,-5.7,-32.06421,243.8025
30.80908,-5.428504,-3.490955,25.19857,-5.208262,2.894982,0.08700381,-0.01314725,-0.008148491,0.03008659,-0.9994277,-5.230322,2.902192,0.08376205,-0.007646867,-0.2466825,0.9690662,21,0.7,-13.74091,113.4255,22,-5.7,-31.83352,242.1611
30.83325,4.807516,-24.45043,174.333,-5.0879,2.893077,0.08777845,-0.0149453,-0.009756546,0.03283801,-0.9993014,-5.114049,2.897567,0.0856359,0.05616213,-0.1548064,0.9863472,21,0.7,-13.42117,111.1505,22,-5.7,-31.51378,239.886
30.85107,4.86908,-24.45043,174.333,-5.018641,2.892666,0.0879878,-0.01546031,-0.01077016,0.03507258,-0.9992071,-5.052485,2.897567,0.0856359,0.05616213,-0.1548064,0.9863472,21,0.7,-13.18546,109.4733,22,-5.7,-31.27807,238.2088
30.87488,4.118329,-21.0657,150.2494,-4.872551,2.892149,0.08834563,-0.01593625,-0.01214518,0.0382511,-0.9990673,-4.90967,2.894154,0.08696222,0.05926615,-0.1572894,0.9857726,21,0.7,-12.87138,107.2385,22,-5.7,-30.96399,235.974
30.89258,4.190814,-21.06571,150.2495,-4.791011,2.892792,0.08859336,-0.01570157,-0.01283305,0.03991853,-0.9989972,-4.83719,2.894154,0.08696222,0.05926615,-0.1572894,0.9857726,21,0.7,-12.63683,105.5696,22,-5.7,-30.72944,234.3051
30.91687,4.400177,-22.87476,163.1216,-4.617503,2.895021,0.0894058,-0.01495402,-0.01413895,0.04279513,-0.9988719,-4.666923,2.892088,0.08776712,0.05485029,-0.1558734,0.986253,21,0.7,-12.31573,103.2849,22,-5.7,-30.40834,232.0204
30.93445,5.269491,-24.8391,177.0986,-4.52428,2.896474,0.08981655,-0.01430044,-0.01494957,0.04399937,-0.9988174,-4.564664,2.891627,0.08839858,0.05480503,-0.1545413,0.9864651,21,0.7,-12.08333,101.6312,22,-5.7,-30.17594,230.3667
30.95837,5.441319,-24.8391,177.0986,-4.330975,2.899968,0.09041255,-0.01546569,-0.01644663,0.04632356,-0.9986714,-4.392837,2.891627,0.08839858,0.05480503,-0.1545413,0.9864651,21,0.7,-11.767,99.38046,22,-5.7,-29.85962,228.116
30.97632,9.894884,-38.571,274.8062,-4.227048,2.902499,0.09054765,-0.01796174,-0.0175748,0.04804918,-0.9985289,-4.278398,2.893189,0.08915174,0.0509482,-0.1490499,0.9875163,21,0.7,-11.52986,97.69308,22,-5.7,-29.62247,226.4286
31.00012,10.21491,-38.71282,275.8153,-4.013961,2.907578,0.09050899,-0.02327241,-0.02014356,0.05176244,-0.998185,-4.064329,2.896585,0.08987951,0.05114108,-0.149024,0.9875102,21,0.7,-11.21409,95.44626,22,-5.7,-29.3067,224.1818
31.01807,10.31243,-38.71281,275.8153,-3.90426,2.910588,0.09025034,-0.02705342,-0.02181685,0.05323552,-0.997977,-3.966817,2.896585,0.08987951,0.05114108,-0.149024,0.9875102,21,0.7,-10.97788,93.76557,22,-5.7,-29.07049,222.5011
31.04187,6.490272,-26.13893,186.3473,-3.68291,2.917186,0.08966888,-0.03276532,-0.02507976,0.05497232,-0.997635,-3.743431,2.901541,0.09032822,0.05420824,-0.1538283,0.9866095,21,0.7,-10.66203,91.51817,22,-5.7,-28.75464,220.2537
31.05981,6.591471,-26.13895,186.3475,-3.569068,2.921081,0.08941689,-0.03430671,-0.02646555,0.05416494,-0.9975915,-3.642238,2.901541,0.09032822,0.05420824,-0.1538283,0.9866095,21,0.7,-10.42626,89.84056,22,-5.7,-28.51887,218.5761
31.08386,3.212151,-18.23067,130.0771,-3.339414,2.929169,0.08891846,-0.03581382,-0.02922205,0.05242473,-0.9975545,-3.41005,2.907823,0.09027851,0.05022114,-0.1603091,0.9857885,21,0.7,-10.10724,87.5706,22,-5.7,-28.19985,216.3061
31.10181,3.603915,-16.8761,120.439,-3.221883,2.933242,0.08839856,-0.03559758,-0.03062801,0.05101136,-0.9975935,-3.276267,2.915569,0.08979213,0.05632124,-0.1620148,0.9851797,21,0.7,-9.870471,85.88593,22,-5.7,-27.96308,214.6214
31.12561,3.815939,-16.87623,120.4398,-2.983408,2.941285,0.08744355,-0.03577275,-0.03253546,0.0471999,-0.9977143,-3.064289,2.915569,0.08979213,0.05632124,-0.1620148,0.9851797,21,0.7,-9.555353,83.64375,22,-5.7,-27.64797,212.3793
31.14319,4.334922,-19.73422,140.7755,-2.861887,2.945261,0.08717996,-0.0356197,-0.03254674,0.0444647,-0.9978452,-2.925832,2.924813,0.08870471,0.0508867,-0.158805,0.9859977,21,0.7,-9.322885,81.98965,22,-5.7,-27.4155,210.7252
31.16736,4.812303,-21.22282,151.3674,-2.618647,2.953294,0.08715937,-0.03431878,-0.03232562,0.04120916,-0.9980376,-2.678507,2.934333,0.08792174,0.04883851,-0.1574996,0.9863107,21,0.7,-9.004368,79.72329,22,-5.7,-27.09698,208.4588
31.18494,4.922618,-21.22282,151.3674,-2.494541,2.957227,0.0875238,-0.03187946,-0.03171214,0.04054893,-0.9981653,-2.56819,2.934333,0.08792174,0.04883851,-0.1574996,0.9863107,21,0.7,-8.771787,78.06839,22,-5.7,-26.8644,206.8039
31.20911,5.632173,-22.41463,159.8475,-2.246329,2.964246,0.08825992,-0.02747115,-0.03073125,0.03929219,-0.9983772,-2.315713,2.943902,0.08737528,0.04907454,-0.1565773,0.9864458,21,0.7,-8.450852,75.78483,22,-5.7,-26.54347,204.5203
31.22656,5.743921,-22.41461,159.8474,-2.120606,2.967446,0.08850884,-0.02575573,-0.03012205,0.03960041,-0.9984294,-2.203959,2.943902,0.08737528,0.04907454,-0.1565773,0.9864458,21,0.7,-8.220182,74.14352,22,-5.7,-26.3128,202.879
31.25085,6.828099,-30.86825,219.9983,-1.870329,2.972471,0.08930531,-0.02278319,-0.02854272,0.0388866,-0.9985761,-1.948951,2.953357,0.08735979,0.03941735,-0.1518914,0.9876109,21,0.7,-7.899931,71.86482,22,-5.7,-25.99254,200.6003
31.26819,6.833712,-32.32476,230.362,-1.745488,2.974281,0.08988035,-0.02264114,-0.02724982,0.03794249,-0.9986517,-1.804903,2.962028,0.08783257,0.03705615,-0.151366,0.987783,21,0.7,-7.670253,70.23058,22,-5.7,-25.76287,198.9661
31.29248,7.053317,-32.32476,230.362,-1.498432,2.977324,0.09108007,-0.02174519,-0.02514393,0.03703354,-0.9987609,-1.585297,2.962028,0.08783257,0.03705615,-0.151366,0.987783,21,0.7,-7.349019,67.94488,22,-5.7,-25.44163,196.6804
31.3103,3.480279,-23.57101,168.0757,-1.375441,2.97839,0.09182089,-0.0215419,-0.02396557,0.03644802,-0.9988159,-1.442829,2.968933,0.0888927,0.02893535,-0.1559874,0.9873351,21,0.7,-7.113193,66.26689,22,-5.7,-25.2058,195.0024
31.33423,2.14919,-16.3165,116.4571,-1.130279,2.98014,0.09342397,-0.02100266,-0.02154279,0.03489332,-0.9989381,-1.191833,2.973882,0.09020686,0.02831321,-0.1634746,0.9861411,21,0.7,-6.797717,64.02216,22,-5.7,-24.89033,192.7577
31.35205,2.25765,-16.3165,116.4571,-1.008262,2.980693,0.09432094,-0.02010507,-0.02031081,0.0339479,-0.999015,-1.083374,2.973882,0.09020686,0.02831321,-0.1634746,0.9861411,21,0.7,-6.561615,62.34221,22,-5.7,-24.65423,191.0777
31.37598,1.629973,-16.54162,118.0589,-0.767721,2.980616,0.09643222,-0.01764076,-0.01783936,0.0322164,-0.999166,-0.8366147,2.977235,0.09174848,0.02062425,-0.1632059,0.9863765,21,0.7,-6.244642,60.08684,22,-5.7,-24.33726,188.8223
31.3938,1.697615,-17.38399,124.0527,-0.6478318,2.980327,0.09772111,-0.01587651,-0.01666818,0.0312282,-0.9992472,-0.6974936,2.979084,0.09370577,0.01906277,-0.1620706,0.986595,21,0.7,-6.009954,58.41694,22,-5.7,-24.10257,187.1525
31.41772,1.908091,-17.384,124.0528,-0.4110477,2.979239,0.1004101,-0.01198582,-0.01509962,0.03030627,-0.9993548,-0.4870188,2.979084,0.09370577,0.01906277,-0.1620706,0.986595,21,0.7,-5.693379,56.16439,22,-5.7,-23.78599,184.8999
31.43555,1.183455,-14.99388,107.0462,-0.2934306,2.978466,0.1022804,-0.01294422,-0.01394487,0.02899396,-0.9993985,-0.3503594,2.979502,0.09624064,0.01414168,-0.1657136,0.9860725,21,0.7,-5.457162,54.48362,22,-5.7,-23.54977,183.2191
31.45947,1.389486,-14.99388,107.0462,-0.06164506,2.977956,0.1051617,-0.01418507,-0.01339793,0.02916875,-0.9993841,-0.1443277,2.979502,0.09624064,0.01414168,-0.1657136,0.9860725,21,0.7,-5.141972,52.24093,22,-5.7,-23.23458,180.9764
31.47742,2.044471,-14.05659,100.377,0.05143238,2.976398,0.1066279,-0.01499598,-0.01354669,0.02869603,-0.9993839,-0.01211636,2.978757,0.09933662,0.0202151,-0.167448,0.9856737,21,0.7,-4.903615,50.54494,22,-5.7,-22.99623,179.2804
31.50122,2.640442,-14.14135,100.9801,0.2786337,2.974208,0.1096352,-0.01766387,-0.01325059,0.026308,-0.99941,0.2209233,2.977519,0.1026864,0.02364005,-0.167261,0.9856293,21,0.7,-4.589222,48.30791,22,-5.7,-22.68184,177.0434
31.51917,2.74023,-14.14136,100.9801,0.3908942,2.973483,0.1111259,-0.01839297,-0.01352313,0.0251312,-0.9994234,0.3207104,2.977519,0.1026864,0.02364005,-0.167261,0.9856293,21,0.7,-4.351593,46.6171,22,-5.7,-22.44421,175.3526
31.54297,3.819745,-16.47499,117.5848,0.6124954,2.971717,0.1142934,-0.0183429,-0.01416845,0.02299914,-0.9994668,0.5484188,2.97546,0.1063482,0.02746181,-0.1632808,0.9861974,21,0.7,-4.036735,44.37676,22,-5.7,-22.12935,173.1123
31.56091,3.672279,-14.80887,105.7298,0.7217917,2.96995,0.115656,-0.0162794,-0.01465292,0.02176941,-0.9995231,0.6757472,2.973168,0.1100543,0.02796627,-0.1659577,0.9857363,21,0.7,-3.799754,42.69056,22,-5.7,-21.89237,171.4261
31.58459,3.863134,-14.80886,105.7297,0.9365047,2.966092,0.1182382,-0.01483454,-0.01507675,0.0184457,-0.9996061,0.8666031,2.973168,0.1100543,0.02796627,-0.1659577,0.9857363,21,0.7,-3.486488,40.46156,22,-5.7,-21.57911,169.1971
31.60254,4.07217,-15.61861,111.4913,1.041042,2.964647,0.1192468,-0.01488449,-0.01592151,0.01793798,-0.9996015,0.9891551,2.97047,0.1135836,0.02729286,-0.1645627,0.985989,21,0.7,-3.249546,38.77562,22,-5.7,-21.34216,167.5111
31.62646,4.391748,-15.41227,110.0232,1.246302,2.96051,0.1212963,-0.01438072,-0.01689431,0.01534689,-0.9996361,1.200513,2.966849,0.1168016,0.02862653,-0.1648674,0.9859002,21,0.7,-2.933167,36.52447,22,-5.7,-21.02578,165.26
31.64453,4.479826,-15.41227,110.0232,1.345391,2.957582,0.1222309,-0.01480885,-0.01678128,0.01272514,-0.9996685,1.288591,2.966849,0.1168016,0.02862653,-0.1648674,0.9859002,21,0.7,-2.695141,34.83082,22,-5.7,-20.78776,163.5663
31.66821,2.789536,-12.16705,86.93224,1.537116,2.953525,0.1241539,-0.01503942,-0.01690446,0.009350222,-0.9997002,1.486987,2.962457,0.1196707,0.01477974,-0.1716713,0.9850435,21,0.7,-2.381534,32.5994,22,-5.7,-20.47415,161.3349
31.68628,2.87124,-12.16705,86.93224,1.629033,2.950916,0.1252133,-0.01344647,-0.01673308,0.007869976,-0.9997386,1.568691,2.962457,0.1196707,0.01477974,-0.1716713,0.9850435,21,0.7,-2.14259,30.89922,22,-5.7,-20.2352,159.6347
31.71008,3.061312,-12.27672,87.71259,1.804011,2.945366,0.1269716,-0.01185033,-0.01636971,0.005289383,-0.9997818,1.751067,2.957242,0.1221517,0.01473592,-0.1713318,0.9851031,21,0.7,-1.828204,28.66225,22,-5.7,-19.92082,157.3978
31.72803,2.976161,-12.85051,91.7953,1.886459,2.942724,0.1277231,-0.01194647,-0.01549081,0.003778419,-0.9998015,1.849842,2.95165,0.1246344,0.01210711,-0.1698618,0.9853935,21,0.7,-1.591039,26.97473,22,-5.7,-19.68365,155.7102
31.75183,3.113936,-12.85052,91.79536,2.041455,2.937201,0.1292266,-0.01096225,-0.01406986,0.001676527,-0.9998395,1.987616,2.95165,0.1246344,0.01210711,-0.1698618,0.9853935,21,0.7,-1.275788,24.7316,22,-5.7,-19.3684,153.4671
31.76978,3.11472,-13.50136,96.42632,2.111246,2.934333,0.1298909,-0.01079392,-0.01287442,0.001259269,-0.9998581,2.073313,2.945417,0.1267033,0.01065927,-0.1683404,0.9856713,21,0.7,-1.038582,23.0438,22,-5.7,-19.1312,151.7793
31.7937,2.504629,-14.39728,102.8012,2.24322,2.929411,0.1313681,-0.01116222,-0.01054817,0.0002540707,-0.999882,2.212172,2.938871,0.1285391,0.002808667,-0.1664915,0.9860389,21,0.7,-0.7225981,20.79545,22,-5.7,-18.81521,149.5309
31.81189,2.555807,-14.39727,102.8011,2.300795,2.92692,0.1320645,-0.01081762,-0.009585887,0.0005377987,-0.9998955,2.26335,2.938871,0.1285391,0.002808667,-0.1664915,0.9860389,21,0.7,-0.4820174,19.08363,22,-5.7,-18.57463,147.8191
31.83533,2.263678,-14.74848,105.3,2.405122,2.921556,0.133325,-0.01005469,-0.007937924,0.0006063124,-0.9999178,2.375268,2.932366,0.1302832,-0.001046358,-0.1657905,0.9861605,21,0.7,-0.1724317,16.88082,22,-5.7,-18.26505,145.6163
31.85339,2.303465,-14.74849,105.3001,2.449881,2.91902,0.1340439,-0.009038808,-0.007137172,0.000124574,-0.9999337,2.415054,2.932366,0.1302832,-0.001046358,-0.1657905,0.9861605,21,0.7,0.06645849,15.18103,22,-5.7,-18.02616,143.9165
31.8772,1.719377,-14.05721,100.3814,2.528924,2.914146,0.1354161,-0.006896778,-0.005611159,-0.001689224,-0.9999591,2.501905,2.926008,0.1319597,-0.007695932,-0.1670247,0.9859226,21,0.7,0.3808266,12.94418,22,-5.7,-17.71179,141.6797
31.89502,1.18039,-15.50303,110.6689,2.558193,2.911799,0.1359817,-0.006287253,-0.005169384,-0.002503422,-0.9999638,2.541805,2.919959,0.1335647,-0.01214808,-0.1643905,0.9863206,21,0.7,0.6170759,11.26318,22,-5.7,-17.47554,139.9987
31.91895,1.223158,-15.50303,110.669,2.606309,2.90702,0.1371608,-0.005484459,-0.00389313,-0.003772343,-0.9999703,2.584574,2.919959,0.1335647,-0.01214808,-0.1643905,0.9863206,21,0.7,0.9335161,9.01159,22,-5.7,-17.1591,137.7471
31.93689,1.214029,-12.7849,91.32846,2.620299,2.905073,0.1378261,-0.005991212,-0.003251649,-0.004515299,-0.9999666,2.607964,2.914103,0.1351355,-0.0150622,-0.1696359,0.9853917,21,0.7,1.171263,7.319932,22,-5.7,-16.92135,136.0554
31.96069,0.9035605,-13.50326,96.43983,2.636256,2.901294,0.1390392,-0.006749224,-0.001505002,-0.006252493,-0.9999565,2.629992,2.908505,0.136814,-0.01766953,-0.1679697,0.9856338,21,0.7,1.485321,5.085291,22,-5.7,-16.60729,133.8208
31.97852,0.9004283,-13.50325,96.43976,2.632731,2.89933,0.139432,-0.007384063,-0.000480637,-0.006731904,-0.99995,2.626858,2.908505,0.136814,-0.01766953,-0.1679697,0.9856338,21,0.7,1.721066,3.407881,22,-5.7,-16.37155,132.1434
32.00244,-0.4283236,-14.89774,106.3621,2.612394,2.896408,0.140175,-0.009110523,0.0009585321,-0.006631111,-0.999936,2.613287,2.903403,0.1382334,-0.02822892,-0.1652108,0.9858542,21,0.7,2.036917,1.160487,22,-5.7,-16.0557,129.896
32.02026,-0.4478548,-14.89774,106.3621,2.590421,2.895552,0.1403628,-0.009717925,0.001674339,-0.006946832,-0.9999273,2.593756,2.903403,0.1382334,-0.02822892,-0.1652108,0.9858542,22,-5.7,-15.81933,128.2141,23,5.7,-34.0485,257.9214
32.04431,-5.112111,-17.64248,125.8919,2.531004,2.893781,0.1404181,-0.01004324,0.003650778,-0.007870704,-0.999912,2.541843,2.89891,0.1393414,-0.05996098,-0.160921,0.9851442,22,-5.7,-15.5016,125.9533,23,5.7,-33.73077,255.6607
32.06213,-5.112678,-16.1424,115.2183,2.488877,2.892808,0.1404319,-0.01042614,0.004688405,-0.007399763,-0.9999073,2.501476,2.895482,0.1402348,-0.06513923,-0.1628694,0.984495,22,-5.7,-15.26669,124.2819,23,5.7,-33.49586,253.9892
32.08606,-5.200331,-16.14241,115.2184,2.390275,2.891676,0.1399956,-0.01141531,0.006715962,-0.00646524,-0.9998915,2.413829,2.895482,0.1402348,-0.06513923,-0.1628694,0.984495,22,-5.7,-14.94975,122.0267,23,5.7,-33.17892,251.7341
32.10388,-7.366905,-19.21103,137.0529,2.327521,2.892108,0.1396514,-0.01177889,0.007870086,-0.006284248,-0.9998799,2.351122,2.892836,0.1409271,-0.06990134,-0.1589922,0.9848022,22,-5.7,-14.71427,120.3512,23,5.7,-32.94344,250.0585
32.12793,-7.216635,-17.52909,125.0851,2.188012,2.893723,0.1387019,-0.01217034,0.01030643,-0.00635253,-0.9998527,2.215861,2.891361,0.1404346,-0.07429891,-0.1608501,0.9841783,22,-5.7,-14.39546,118.0827,23,5.7,-32.62462,247.7901
32.14563,-7.290131,-17.52909,125.0851,2.10533,2.894607,0.1377663,-0.01245517,0.01191309,-0.006842458,-0.9998282,2.142365,2.891361,0.1404346,-0.07429891,-0.1608501,0.9841783,22,-5.7,-14.16195,116.4212,23,5.7,-32.39111,246.1285
32.16956,-6.770565,-16.46231,117.4946,1.926072,2.89745,0.1358325,-0.01543755,0.01574649,-0.00762931,-0.9997278,1.96749,2.891618,0.1394875,-0.07326841,-0.1622823,0.9840204,22,-5.7,-13.8461,114.1739,23,5.7,-32.07527,243.8812
32.18738,-6.859861,-16.4623,117.4946,1.825609,2.899664,0.1347308,-0.01675397,0.01809976,-0.007423303,-0.9996682,1.87819,2.891618,0.1394875,-0.07326841,-0.1622823,0.9840204,22,-5.7,-13.61017,112.4951,23,5.7,-31.83933,242.2024
32.2113,-6.608363,-14.66369,104.6967,1.61147,2.904243,0.1317785,-0.01928373,0.02311207,-0.007752761,-0.9995169,1.66814,2.893505,0.1380874,-0.07782688,-0.1650965,0.983202,22,-5.7,-13.29356,110.2423,23,5.7,-31.52273,239.9497
32.22925,-7.112284,-14.76574,105.4229,1.493667,2.90696,0.1297101,-0.02009687,0.02592858,-0.007871304,-0.9994308,1.539583,2.897099,0.1358107,-0.08077675,-0.1649063,0.982996,22,-5.7,-13.05645,108.5552,23,5.7,-31.28561,238.2625
32.25305,-7.330132,-14.76575,105.4229,1.248591,2.913012,0.1254045,-0.01993884,0.03108154,-0.007380225,-0.9992907,1.321738,2.897099,0.1358107,-0.08077675,-0.1649063,0.982996,22,-5.7,-12.74131,106.3129,23,5.7,-30.97048,236.0202
32.27124,-6.806317,-12.53656,89.56142,1.117705,2.916539,0.1230137,-0.01830147,0.03343017,-0.006611394,-0.9992517,1.177683,2.902237,0.1322893,-0.08763751,-0.1694661,0.9816318,22,-5.7,-12.5008,104.6016,23,5.7,-30.72997,234.3089
32.2948,-6.794945,-13.07575,93.39796,0.8485368,2.923291,0.1178063,-0.01508087,0.03746866,-0.00569417,-0.9991678,0.9073101,2.908816,0.1276674,-0.08112501,-0.1683595,0.9823817,22,-5.7,-12.18952,102.3867,23,5.7,-30.41868,232.094
32.31299,-6.921565,-13.07575,93.39796,0.7060896,2.926768,0.1150532,-0.01356035,0.03882721,-0.005543869,-0.9991385,0.7806904,2.908816,0.1276674,-0.08112501,-0.1683595,0.9823817,22,-5.7,-11.94997,100.6822,23,5.7,-30.17913,230.3895
32.33667,-7.559875,-14.427,103.0127,0.415921,2.933781,0.109031,-0.0105699,0.04160342,-0.005302236,-0.9990643,0.4887087,2.916525,0.1224495,-0.07690831,-0.1657263,0.9831684,22,-5.7,-11.63622,98.44975,23,5.7,-29.86539,228.1571
32.3551,-7.693959,-14.42701,103.0127,0.2650807,2.937209,0.1057809,-0.008685023,0.04230365,-0.005266344,-0.9990532,0.3546284,2.916525,0.1224495,-0.07690831,-0.1657263,0.9831684,22,-5.7,-11.39225,96.71381,23,5.7,-29.62142,226.4211
32.37842,-8.251859,-15.65663,111.762,-0.0415698,2.944436,0.09931387,-0.004832699,0.04320933,-0.004957108,-0.9990421,0.045545,2.924735,0.1159339,-0.07311417,-0.1637334,0.9837915,22,-5.7,-11.08486,94.52663,23,5.7,-29.31403,224.2339
32.39636,-9.40752,-16.26198,116.0693,-0.1998589,2.947851,0.09593402,-0.002064395,0.04267916,-0.004659638,-0.9990759,-0.1337714,2.933096,0.108641,-0.07865514,-0.1628027,0.9835185,22,-5.7,-10.84636,92.82965,23,5.7,-29.07553,222.5369
32.42017,-9.691276,-16.26198,116.0693,-0.5190846,2.954751,0.08926316,0.001456186,0.04187839,-0.005278056,-0.9991078,-0.4175276,2.933096,0.108641,-0.07865514,-0.1628027,0.9835185,22,-5.7,-10.53225,90.59461,23,5.7,-28.76142,220.3019
32.43823,-9.633951,-19.07961,136.1178,-0.6820285,2.958349,0.08600986,0.002604039,0.04103585,-0.006062665,-0.9991359,-0.6027805,2.941623,0.1010602,-0.06540369,-0.1594777,0.9850326,22,-5.7,-10.2939,88.89864,23,5.7,-28.52307,218.6059
32.46204,-7.905014,-16.05514,114.5976,-1.009286,2.965138,0.07905018,0.004852533,0.03931862,-0.007208001,-0.999189,-0.9355309,2.950146,0.09335423,-0.05993715,-0.1634445,0.9847301,22,-5.7,-9.979373,86.66068,23,5.7,-28.20854,216.368
32.47998,-8.052329,-16.05515,114.5977,-1.175011,2.96872,0.07570232,0.005840106,0.03799514,-0.008011156,-0.9992287,-1.082842,2.950146,0.09335423,-0.05993715,-0.1634445,0.9847301,22,-5.7,-9.741916,84.97108,23,5.7,-27.97108,214.6784
32.50366,-8.272551,-16.4417,117.3481,-1.505024,2.974522,0.06859276,0.01020654,0.03573348,-0.009687347,-0.9992623,-1.41913,2.95837,0.08507502,-0.05756544,-0.1629514,0.9849533,22,-5.7,-9.42823,82.73909,23,5.7,-27.6574,212.4464
32.52197,-8.41974,-16.44171,117.3481,-1.67061,2.976969,0.0653654,0.01175548,0.03465087,-0.01142893,-0.999265,-1.566317,2.95837,0.08507502,-0.05756544,-0.1629514,0.9849533,22,-5.7,-9.186004,81.01556,23,5.7,-27.41517,210.7229
32.54541,-7.980259,-16.27887,116.1895,-1.999019,2.982897,0.0590592,0.01555449,0.03220227,-0.01342709,-0.9992702,-1.901877,2.966358,0.07675743,-0.05157565,-0.1632977,0.9852278,22,-5.7,-8.876131,78.8107,23,5.7,-27.1053,208.518
32.56348,-7.842455,-17.05124,121.6852,-2.161583,2.984631,0.05593988,0.01833888,0.0310507,-0.01395211,-0.9992521,-2.090067,2.973481,0.06855857,-0.04662018,-0.1622902,0.9856412,22,-5.7,-8.637556,77.11315,23,5.7,-26.86672,206.8205
32.58728,-8.131921,-17.05123,121.6851,-2.487233,2.988561,0.05029319,0.02175741,0.02915098,-0.01481309,-0.9992285,-2.379534,2.973481,0.06855857,-0.04662018,-0.1622902,0.9856412,22,-5.7,-8.323558,74.87894,23,5.7,-26.55272,204.5863
32.60535,-11.14497,-26.8814,191.6304,-2.648398,2.990055,0.04779691,0.02355546,0.02829775,-0.01496043,-0.99921,-2.566581,2.979908,0.06080139,-0.04420195,-0.1538666,0.9871024,22,-5.7,-8.084377,73.17708,23,5.7,-26.31354,202.8844
32.62903,-7.626161,-14.31432,102.2109,-2.9689,2.99265,0.04311036,0.02660494,0.02633588,-0.01440326,-0.9991953,-2.895056,2.985194,0.05367506,-0.04561432,-0.1667911,0.9849366,22,-5.7,-7.770261,70.94202,23,5.7,-25.99943,200.6494
32.64709,-7.76679,-14.31432,102.211,-3.127106,2.993527,0.04109338,0.02771036,0.02529031,-0.0134704,-0.9992053,-3.035684,2.985194,0.05367506,-0.04561432,-0.1667911,0.9849366,22,-5.7,-7.531292,69.24167,23,5.7,-25.76046,198.949
32.6709,-9.24264,-19.28238,137.5606,-3.441175,2.995439,0.03770905,0.02867335,0.02285679,-0.01197705,-0.9992558,-3.35794,2.989265,0.04739094,-0.04220561,-0.1597343,0.9862574,22,-5.7,-7.217508,67.00899,23,5.7,-25.44667,196.7163
32.68982,-9.378321,-19.28236,137.5605,-3.593817,2.995607,0.03598166,0.03021974,0.02162896,-0.01095647,-0.9992492,-3.493622,2.989265,0.04739094,-0.04220561,-0.1597343,0.9862574,22,-5.7,-6.967577,65.23063,23,5.7,-25.19674,194.938
32.71265,-8.16667,-16.6515,118.8409,-3.898879,2.994663,0.03297385,0.03025017,0.01832115,-0.008633783,-0.9993371,-3.807306,2.992341,0.04228938,-0.03618008,-0.1630321,0.9859572,22,-5.7,-6.665924,63.08425,23,5.7,-24.89509,192.7916
32.73059,-6.927916,-12.66228,90.45608,-4.047959,2.99448,0.03150944,0.02881655,0.01638184,-0.007252629,-0.9994242,-3.981429,2.99391,0.03779376,-0.03209294,-0.1705263,0.9848304,22,-5.7,-6.428638,61.39588,23,5.7,-24.6578,191.1032
32.75488,-7.188249,-12.66227,90.45602,-4.340835,2.992987,0.02887596,0.02823414,0.01265081,-0.006153569,-0.9995024,-4.241763,2.99391,0.03779376,-0.03209294,-0.1705263,0.9848304,22,-5.7,-6.106401,59.10304,23,5.7,-24.33557,188.8104
32.77234,-6.465055,-12.21761,87.29214,-4.485189,2.992452,0.02779751,0.02697366,0.01037677,-0.005686164,-0.9995661,-4.410763,2.993906,0.03389692,-0.02318663,-0.1716914,0.9848779,22,-5.7,-5.876076,57.4642,23,5.7,-24.10524,187.1715
32.79614,-6.139076,-10.83842,77.47869,-4.767706,2.991022,0.0258887,0.02592813,0.005716108,-0.004028004,-0.9996394,-4.701582,2.992783,0.03063011,-0.01826859,-0.175776,0.9842607,22,-5.7,-5.561562,55.22631,23,5.7,-23.79073,184.9337
32.81384,-6.261418,-10.83842,77.47868,-4.905341,2.99025,0.02501291,0.02523716,0.002804719,-0.003036091,-0.9996729,-4.823924,2.992783,0.03063011,-0.01826859,-0.175776,0.9842607,22,-5.7,-5.327473,53.56068,23,5.7,-23.55664,183.268
32.83789,-5.675331,-8.885509,63.58298,-5.17262,2.988111,0.02321555,0.02412622,-0.002549224,-0.00178334,-0.9997042,-5.100046,2.991218,0.02789092,-0.008897339,-0.1836858,0.9829447,22,-5.7,-5.009795,51.30029,23,5.7,-23.23896,181.0076
32.8562,-5.790852,-8.885515,63.58302,-5.30258,2.987108,0.02248021,0.02307037,-0.005479135,-0.001449769,-0.9997178,-5.215566,2.991218,0.02789092,-0.008897339,-0.1836858,0.9829447,22,-5.7,-4.766706,49.57063,23,5.7,-22.99587,179.278
32.87976,-5.974247,-8.081159,57.85973,-5.557513,2.984758,0.02115997,0.02266272,-0.01121884,0.0001443856,-0.9996802,-5.47934,2.98937,0.02546561,-0.00840441,-0.1879982,0.9821334,22,-5.7,-4.455827,47.3586,23,5.7,-22.68499,177.0659
32.89746,-5.668464,-7.208948,51.65352,-5.681626,2.983801,0.02067767,0.02224489,-0.0137791,0.000978675,-0.9996572,-5.625383,2.987065,0.02337813,-0.0008185637,-0.19374,0.9810525,22,-5.7,-4.22166,45.69242,23,5.7,-22.45083,175.3998
32.922,-5.88304,-7.208892,51.65323,-5.923025,2.981544,0.01994766,0.02300778,-0.01794264,0.002580749,-0.999571,-5.83996,2.987065,0.02337813,-0.0008185637,-0.19374,0.9810525,22,-5.7,-3.897892,43.38869,23,5.7,-22.12706,173.096
32.93909,-5.717854,-6.783432,48.62592,-6.040154,2.979976,0.01969588,0.02315865,-0.0197091,0.003849401,-0.9995301,-5.978494,2.984412,0.02165735,0.005257342,-0.1970247,0.9803844,22,-5.7,-3.671159,41.7754,23,5.7,-21.90032,171.4827
32.96326,-5.795695,-6.771641,48.54202,-6.267545,2.977097,0.0194144,0.02258742,-0.02304618,0.006835422,-0.9994558,-6.213469,2.981722,0.02049816,0.00844097,-0.1970621,0.9803547,22,-5.7,-3.352127,39.50537,23,5.7,-21.58129,169.2127
32.98083,-5.893018,-6.77164,48.54202,-6.377033,2.975127,0.01947002,0.02244502,-0.02419567,0.008647962,-0.9994178,-6.310792,2.981722,0.02049816,0.00844097,-0.1970621,0.9803547,22,-5.7,-3.119076,37.84713,23,5.7,-21.34824,167.5545
33.005,-5.75716,-6.715856,48.14509,-6.590586,2.97112,0.01966457,0.02141898,-0.02680771,0.01242938,-0.9993339,-6.532029,2.978562,0.01981974,0.01578209,-0.1974499,0.9801859,22,-5.7,-2.800267,35.57868,23,5.7,-21.02943,165.286
33.02332,-5.849345,-6.715856,48.1451,-6.694294,2.969027,0.01982053,0.0203679,-0.02787244,0.01426694,-0.9993022,-6.624214,2.978562,0.01981974,0.01578209,-0.1974499,0.9801859,22,-5.7,-2.557799,33.85344,23,5.7,-20.78696,163.5608
33.04675,-6.121322,-6.713681,48.12963,-6.894277,2.964551,0.02037641,0.01851118,-0.03010831,0.01801709,-0.9992128,-6.832036,2.974675,0.01953638,0.01448045,-0.197395,0.9802171,22,-5.7,-2.247865,31.64814,23,5.7,-20.47703,161.3555
33.06458,-6.202682,-9.318227,66.66193,-6.988885,2.961986,0.0208468,0.01747409,-0.03102888,0.01984245,-0.9991687,-6.944788,2.970059,0.01963603,0.01095044,-0.1813239,0.9833625,22,-5.7,-2.011595,29.96699,23,5.7,-20.24076,159.6743
33.08911,-6.363641,-9.31822,66.66189,-7.169964,2.957109,0.02199784,0.01497018,-0.03254463,0.02294685,-0.9990947,-7.105748,2.970059,0.01963603,0.01095044,-0.1813239,0.9833625,22,-5.7,-1.688094,27.66516,23,5.7,-19.91726,157.3725
33.10632,-6.058181,-10.67397,76.30855,-7.254578,2.95469,0.0227197,0.01373256,-0.03341953,0.0246699,-0.9990425,-7.207806,2.964769,0.02031553,0.01483269,-0.1759693,0.9842839,22,-5.7,-1.460744,26.04749,23,5.7,-19.68991,155.7548
33.13037,-5.920739,-10.45148,74.72546,-7.414655,2.949423,0.02427923,0.01190035,-0.03433621,0.02696002,-0.9989758,-7.375192,2.959054,0.02143824,0.01915972,-0.1766587,0.9840857,22,-5.7,-1.142962,23.78635,23,5.7,-19.37213,153.4937
33.14819,-5.986107,-10.45148,74.72546,-7.488194,2.94647,0.02517465,0.01071125,-0.03454825,0.0277167,-0.9989613,-7.44056,2.959054,0.02143824,0.01915972,-0.1766587,0.9840857,22,-5.7,-0.9069501,22.10703,23,5.7,-19.13611,151.8144
33.172,-5.822562,-11.23724,80.31646,-7.625225,2.940804,0.02681944,0.008093102,-0.03506863,0.02950835,-0.9989164,-7.585544,2.95304,0.02317166,0.02161668,-0.173993,0.9845096,22,-5.7,-0.591644,19.86352,23,5.7,-18.82081,149.5709
33.1908,-5.876157,-11.23724,80.31644,-7.685518,2.937752,0.0276734,0.007166787,-0.035139,0.03044257,-0.998893,-7.639138,2.95304,0.02317166,0.02161668,-0.173993,0.9845096,22,-5.7,-0.3427724,18.0927,23,5.7,-18.57194,147.8
33.21375,-5.501677,-10.0947,72.18686,-7.796361,2.931713,0.02932318,0.005747328,-0.03521157,0.03291626,-0.9988211,-7.758493,2.946581,0.02500463,0.0307613,-0.1777576,0.9835934,22,-5.7,-0.03934911,15.93373,23,5.7,-18.26851,145.6411
33.2323,-5.710317,-9.311738,66.61578,-7.842851,2.928298,0.03018729,0.005718934,-0.03504901,0.03432785,-0.9987795,-7.818059,2.939719,0.02689397,0.03111551,-0.1808617,0.9830163,22,-5.7,0.205404,14.19222,23,5.7,-18.02376,143.8996
33.25623,-5.784519,-9.311736,66.61577,-7.926328,2.921668,0.03175855,0.005117804,-0.03465531,0.03778958,-0.9986715,-7.892262,2.939719,0.02689397,0.03111551,-0.1808617,0.9830163,22,-5.7,0.5208029,11.94804,23,5.7,-17.70836,141.6554
33.27368,-5.886409,-8.564283,61.29736,-7.95957,2.918092,0.03243281,0.005277468,-0.0343595,0.03995611,-0.9985966,-7.937349,2.932434,0.02882302,0.03288264,-0.1843262,0.9823149,22,-5.7,0.7521637,10.30183,23,5.7,-17.477,140.0092
33.29749,-5.174149,-8.794027,62.93208,-8.013742,2.911186,0.0342821,0.005002569,-0.03369494,0.0438158,-0.9984588,-7.998312,2.924627,0.03048289,0.04409576,-0.1829719,0.9821287,22,-5.7,1.066473,8.065401,23,5.7,-17.16269,137.7727
33.31543,-5.189741,-8.794012,62.93198,-8.03128,2.907843,0.03532847,0.005154473,-0.03313466,0.04571499,-0.9983916,-8.013901,2.924627,0.03048289,0.04409576,-0.1829719,0.9821287,22,-5.7,1.304547,6.371411,23,5.7,-16.92462,136.0788
33.33911,-0.8155662,-12.1208,86.6033,-8.055574,2.901324,0.03752342,0.004695518,-0.03213142,0.04960061,-0.9982411,-8.045156,2.916506,0.03261864,0.08200172,-0.1705608,0.9819291,22,-5.7,1.617818,4.142376,23,5.7,-16.61135,133.8497
33.35803,-0.8164169,-12.1208,86.60329,-8.056533,2.898772,0.03867288,0.003562802,-0.03148241,0.05140273,-0.9981753,-8.046007,2.916506,0.03261864,0.08200172,-0.1705608,0.9819291,22,-5.7,1.867236,2.367671,23,5.7,-16.36193,132.075
33.3811,2.247731,-17.3843,124.0551,-8.049256,2.893804,0.0411061,0.001729814,-0.03067222,0.0559101,-0.9979631,-8.046056,2.90839,0.03497279,0.08163827,-0.1609379,0.9835823,22,-5.7,2.172038,0.1988943,23,5.7,-16.05713,129.9062
33.39941,2.903591,-17.02307,121.4847,-8.03716,2.890976,0.04231824,0.001497871,-0.03042902,0.05810786,-0.9978453,-8.038628,2.900899,0.03756511,0.08856072,-0.1612544,0.9829313,23,5.7,-15.81505,128.1837,24,-0.7,-33.90759,256.9187
33.42346,2.937954,-17.02307,121.4847,-7.998501,2.886123,0.04473956,-0.0004600622,-0.02890287,0.06051939,-0.9977484,-8.004265,2.900899,0.03756511,0.08856072,-0.1612544,0.9829313,23,5.7,-15.49658,125.9178,24,-0.7,-33.58913,254.6527
33.44092,2.511618,-16.08534,114.8125,-7.96826,2.88432,0.04596861,-0.001467131,-0.02798932,0.06158437,-0.9977083,-7.977576,2.894184,0.04037976,0.08980263,-0.1624921,0.9826148,23,5.7,-15.26599,124.277,24,-0.7,-33.35854,253.012
33.46436,2.829832,-16.76339,119.637,-7.89704,2.880819,0.04837371,-0.00263745,-0.0265677,0.06483828,-0.9975386,-7.910939,2.888206,0.04326117,0.08827602,-0.1615121,0.9829146,23,5.7,-14.95545,122.0674,24,-0.7,-33.048,250.8024
33.48267,2.871716,-16.7634,119.6371,-7.84993,2.879143,0.0494522,-0.003141528,-0.02581565,0.06614733,-0.9974709,-7.869063,2.888206,0.04326117,0.08827602,-0.1615121,0.9829146,23,5.7,-14.71418,120.3507,24,-0.7,-32.80673,249.0857
33.50623,3.651664,-18.52042,132.139,-7.745339,2.875774,0.05118062,-0.004484543,-0.02488369,0.06951208,-0.9972606,-7.769331,2.883156,0.04616272,0.08503956,-0.1593689,0.9835496,23,5.7,-14.40207,118.1299,24,-0.7,-32.49461,246.8649
33.5249,3.707084,-18.52041,132.1389,-7.682981,2.874228,0.05165834,-0.005702406,-0.02485798,0.07160471,-0.997107,-7.713903,2.883156,0.04616272,0.08503956,-0.1593689,0.9835496,23,5.7,-14.15574,116.3772,24,-0.7,-32.24829,245.1122
33.54797,3.162353,-16.17524,115.4521,-7.547397,2.871834,0.0529226,-0.008481702,-0.02473048,0.0747233,-0.9968616,-7.583022,2.878896,0.04857612,0.09148229,-0.1622201,0.9825048,23,5.7,-13.85094,114.2084,24,-0.7,-31.94349,242.9434
33.56616,2.414204,-15.07121,107.5965,-7.468883,2.871418,0.05368851,-0.009343979,-0.02523863,0.07594215,-0.996749,-7.499608,2.874979,0.05078864,0.09055148,-0.1639182,0.9823092,23,5.7,-13.61006,112.4944,24,-0.7,-31.7026,241.2294
33.59033,2.56315,-15.07121,107.5965,-7.301318,2.871584,0.05552924,-0.009624761,-0.02671723,0.07778572,-0.9965656,-7.350662,2.874979,0.05078864,0.09055148,-0.1639182,0.9823092,23,5.7,-13.28967,110.2148,24,-0.7,-31.38222,238.9497
33.60791,4.306703,-15.99694,114.1835,-7.206556,2.873066,0.05694449,-0.009178132,-0.02774486,0.0774186,-0.9965703,-7.249433,2.871936,0.05260134,0.09940256,-0.1623047,0.9817211,23,5.7,-13.05849,108.5698,24,-0.7,-31.15103,237.3048
33.63159,6.292001,-18.04929,128.7867,-7.008315,2.876587,0.05940203,-0.00879229,-0.03054853,0.07782767,-0.9964599,-7.052736,2.870828,0.05451059,0.101789,-0.1595714,0.9819246,23,5.7,-12.74477,106.3376,24,-0.7,-30.83731,235.0726
33.64978,6.38582,-18.04928,128.7866,-6.902762,2.878352,0.06029387,-0.01094115,-0.03210678,0.07825146,-0.9963565,-6.958912,2.870828,0.05451059,0.101789,-0.1595714,0.9819246,23,5.7,-12.50463,104.6289,24,-0.7,-30.59718,233.3639
33.67334,6.173997,-16.7989,119.8897,-6.681446,2.883079,0.06175414,-0.01873674,-0.03485252,0.07843433,-0.9961337,-6.738358,2.872525,0.05697644,0.1057339,-0.1610812,0.981261,23,5.7,-12.19282,102.4103,24,-0.7,-30.28537,231.1453
33.69165,6.280695,-16.7989,119.8898,-6.561415,2.886347,0.06210152,-0.02485667,-0.03595111,0.07781517,-0.9960093,-6.631663,2.872525,0.05697644,0.1057339,-0.1610812,0.981261,23,5.7,-11.95131,100.6919,24,-0.7,-30.04386,229.4268
33.71497,4.831316,-13.97044,99.76418,-6.3154,2.893478,0.06280749,-0.0326768,-0.03776536,0.07554111,-0.9958914,-6.386386,2.876463,0.05956376,0.1102604,-0.1655907,0.9800115,23,5.7,-11.64187,98.49007,24,-0.7,-29.73442,227.2251
33.73279,0.9838392,-8.646849,61.88486,-6.183396,2.897994,0.06305869,-0.03324265,-0.03803932,0.07322095,-0.9960355,-6.239724,2.882268,0.0614332,0.1141114,-0.1821266,0.9766312,23,5.7,-11.40716,96.81998,24,-0.7,-29.4997,225.555
33.75732,1.225483,-8.646851,61.88488,-5.911549,2.907732,0.06322346,-0.0322892,-0.03853173,0.06835065,-0.996394,-5.998082,2.882268,0.0614332,0.1141114,-0.1821266,0.9766312,23,5.7,-11.08277,94.51183,24,-0.7,-29.17531,223.2468
33.77441,1.754246,-9.39782,67.2283,-5.770351,2.91236,0.06304152,-0.03058625,-0.03856286,0.06610762,-0.9965979,-5.84041,2.890319,0.06227756,0.1105451,-0.1788617,0.9776443,23,5.7,-10.857,92.90543,24,-0.7,-28.94955,221.6404
33.79846,4.834729,-14.15435,101.0728,-5.482179,2.92115,0.06249468,-0.02979139,-0.03852801,0.06225507,-0.9968714,-5.549665,2.900412,0.06283665,0.100854,-0.1656372,0.9810162,23,5.7,-10.53861,90.63996,24,-0.7,-28.63116,219.375
33.81604,4.968095,-14.15436,101.0728,-5.332146,2.925201,0.06207787,-0.0297715,-0.03813828,0.06011302,-0.9970183,-5.416303,2.900412,0.06283665,0.100854,-0.1656372,0.9810162,23,5.7,-10.3053,88.97984,24,-0.7,-28.39784,217.7148
33.84033,5.859174,-14.64316,104.5508,-5.026078,2.933829,0.06158799,-0.02910302,-0.03697619,0.05555872,-0.997346,-5.107507,2.911281,0.0628798,0.1029558,-0.164802,0.9809386,23,5.7,-9.9851,86.70152,24,-0.7,-28.07764,215.4365
33.85828,6.002238,-14.64316,104.5508,-4.865127,2.938437,0.06153918,-0.02768899,-0.03606354,0.05321796,-0.9975473,-4.964439,2.911281,0.0628798,0.1029558,-0.164802,0.9809386,23,5.7,-9.746876,85.00646,24,-0.7,-27.83942,213.7414
33.88208,7.335763,-15.26682,108.9882,-4.540469,2.946934,0.06132204,-0.02527714,-0.03463779,0.04924225,-0.997866,-4.637066,2.9219,0.06233287,0.1077845,-0.1637426,0.9805972,23,5.7,-9.43237,82.76864,24,-0.7,-27.52491,211.5036
33.89978,6.649174,-13.57557,96.95452,-4.375388,2.950536,0.06112625,-0.0246715,-0.03368604,0.04697913,-0.9980229,-4.449277,2.932616,0.06168306,0.1122034,-0.1668948,0.9795696,23,5.7,-9.198548,81.10491,24,-0.7,-27.29109,209.8399
33.92395,6.945309,-13.57557,96.95452,-4.042236,2.957235,0.06066634,-0.02443466,-0.03159288,0.04257658,-0.9982947,-4.153142,2.932616,0.06168306,0.1122034,-0.1668948,0.9795696,23,5.7,-8.878622,78.82851,24,-0.7,-26.97116,207.5635
33.94128,7.65951,-14.45136,103.1859,-3.871879,2.960253,0.06039273,-0.02471484,-0.03033549,0.04072154,-0.998404,-3.959435,2.942596,0.06133485,0.1104203,-0.165303,0.980042,23,5.7,-8.649728,77.19984,24,-0.7,-26.74227,205.9348
33.9657,7.205148,-13.86041,98.98124,-3.528445,2.965734,0.05988996,-0.02412756,-0.02765051,0.03684063,-0.9986472,-3.610512,2.951491,0.06093001,0.1071706,-0.1665864,0.9801854,23,5.7,-8.328025,74.9108,24,-0.7,-26.42057,203.6458
33.98315,7.361639,-13.86054,98.98201,-3.35249,2.968212,0.0596334,-0.02309759,-0.0260466,0.03476798,-0.9987889,-3.454107,2.951491,0.06093001,0.1071706,-0.1665864,0.9801854,23,5.7,-8.097144,73.26801,24,-0.7,-26.18969,202.003
34.00732,7.577202,-14.10393,100.7138,-2.998662,2.972842,0.05921042,-0.02121025,-0.02264847,0.03007566,-0.9990659,-3.094645,2.959306,0.06030929,0.1039676,-0.166234,0.9805902,23,5.7,-7.776604,70.98724,24,-0.7,-25.86915,199.7222
34.02502,7.737458,-14.10393,100.7138,-2.818373,2.974485,0.05902673,-0.01989119,-0.02050912,0.02709335,-0.9992245,-2.934389,2.959306,0.06030929,0.1039676,-0.166234,0.9805902,23,5.7,-7.542562,69.32195,24,-0.7,-25.63511,198.0569
34.04919,6.583887,-12.58643,89.9164,-2.456994,2.97754,0.05882438,-0.0184232,-0.01651135,0.02175137,-0.9994573,-2.567173,2.965889,0.05970418,0.09984717,-0.1696913,0.9804261,23,5.7,-7.223177,67.04942,24,-0.7,-25.31572,195.7844
34.06677,7.863107,-14.38259,102.6966,-2.273559,2.978617,0.0588174,-0.01728977,-0.01422843,0.01951667,-0.9995588,-2.357213,2.97115,0.05925667,0.09771359,-0.1659143,0.9812872,23,5.7,-6.990292,65.39235,24,-0.7,-25.08284,194.1273
34.09106,8.191225,-14.38259,102.6966,-1.904427,2.980022,0.05886664,-0.0158562,-0.009940144,0.01493647,-0.9997133,-2.029096,2.97115,0.05925667,0.09771359,-0.1659143,0.9812872,23,5.7,-6.669893,63.11259,24,-0.7,-24.76244,191.8476
34.10852,9.142715,-16.0623,114.6484,-1.717198,2.980927,0.05887883,-0.01507848,-0.007596962,0.01245414,-0.9997799,-1.81484,2.975188,0.05895698,0.09391456,-0.1631658,0.9821186,23,5.7,-6.438615,61.46696,24,-0.7,-24.53116,190.202
34.13269,7.043495,-12.43353,88.82832,-1.341544,2.982426,0.05974899,-0.01286852,-0.00293272,0.007443855,-0.9998852,-1.432281,2.978005,0.05855215,0.09365966,-0.1703017,0.9809307,23,5.7,-6.119524,59.19651,24,-0.7,-24.21207,187.9315
34.15063,7.213988,-12.43353,88.82832,-1.14974,2.983129,0.06044127,-0.01121052,-0.000300914,0.004590372,-0.9999266,-1.261789,2.978005,0.05855215,0.09365966,-0.1703017,0.9809307,23,5.7,-5.882713,57.51151,24,-0.7,-23.97526,186.2465
34.17444,6.565712,-11.71465,83.71326,-0.765078,2.983805,0.06178097,-0.009402169,0.004231863,-0.0008861992,-0.9999465,-0.8704175,2.980011,0.05898225,0.08721707,-0.1723512,0.9811668,23,5.7,-5.567578,55.26921,24,-0.7,-23.66012,184.0042
34.19275,6.739206,-11.71465,83.71325,-0.569898,2.983818,0.06266043,-0.0101191,0.006136037,-0.003134281,-0.9999251,-0.6969241,2.980011,0.05898225,0.08721707,-0.1723512,0.9811668,23,5.7,-5.325937,53.54985,24,-0.7,-23.41848,182.2849
34.21619,7.553059,-12.05092,86.10595,-0.1803729,2.98432,0.06492937,-0.009424498,0.0089271,-0.00549437,-0.9999007,-0.3004135,2.981602,0.06012559,0.08954781,-0.1714057,0.9811225,23,5.7,-5.015095,51.33809,24,-0.7,-23.10764,180.0731
34.23413,6.799175,-11.51378,82.28397,0.0177637,2.984081,0.06633306,-0.007848497,0.01015719,-0.006723531,-0.9998951,-0.07319692,2.9825,0.0617348,0.08203588,-0.173043,0.9814919,23,5.7,-4.77835,49.65356,24,-0.7,-22.8709,178.3886
34.25793,7.150144,-11.51379,82.28401,0.4126003,2.984763,0.06952702,-0.006414206,0.01286962,-0.009806536,-0.9998485,0.277769,2.9825,0.0617348,0.08203588,-0.173043,0.9814919,23,5.7,-4.46275,47.40796,24,-0.7,-22.5553,176.143
34.27588,9.027374,-12.84936,91.78714,0.6110732,2.984105,0.07103559,-0.006482068,0.01393715,-0.01087195,-0.9998228,0.5059907,2.982894,0.06408262,0.09116831,-0.1693857,0.981324,23,5.7,-4.227002,45.73051,24,-0.7,-22.31955,174.4655
34.2998,8.863768,-12.6987,90.7151,1.0067,2.983063,0.07390891,-0.009486645,0.01575322,-0.01167856,-0.9997627,0.9099159,2.983242,0.06736803,0.08613895,-0.169833,0.981701,23,5.7,-3.910219,43.47649,24,-0.7,-22.00277,172.2115
34.31775,9.040054,-12.6987,90.7151,1.205023,2.982532,0.07540811,-0.01109052,0.01631965,-0.01111747,-0.9997435,1.086203,2.983242,0.06736803,0.08613895,-0.169833,0.981701,23,5.7,-3.673373,41.79124,24,-0.7,-21.76592,170.5262
34.34155,7.76054,-9.767868,69.86116,1.597004,2.982306,0.07887347,-0.01331041,0.01646581,-0.009015227,-0.9997352,1.487207,2.982858,0.07092202,0.088081,-0.1790272,0.9798934,23,5.7,-3.358243,39.54898,24,-0.7,-21.45079,168.284
34.3595,7.934763,-9.767869,69.86116,1.793006,2.981676,0.08089141,-0.01217408,0.01635192,-0.006884057,-0.9997685,1.661431,2.982858,0.07092202,0.088081,-0.1790272,0.9798934,23,5.7,-3.121178,37.86217,24,-0.7,-21.21372,166.5972
34.3833,7.935242,-8.846755,63.30709,2.178068,2.981842,0.08485148,-0.01316896,0.01561826,-0.003485182,-0.9997852,2.056349,2.981989,0.07480788,0.09100839,-0.1831153,0.9788699,23,5.7,-2.80546,35.61573,24,-0.7,-20.898,164.3507
34.40125,7.868958,-8.446835,60.46151,2.368851,2.981765,0.08689633,-0.01241716,0.01493536,-0.0008749823,-0.999811,2.278234,2.981154,0.07887995,0.09059913,-0.1851936,0.9785168,23,5.7,-2.568687,33.931,24,-0.7,-20.66123,162.666
34.42517,8.204204,-8.446833,60.46149,2.746004,2.980996,0.0911897,-0.01110087,0.01413172,0.0006873739,-0.9998384,2.613482,2.981154,0.07887995,0.09059913,-0.1851936,0.9785168,23,5.7,-2.252901,31.68406,24,-0.7,-20.34545,160.4191
34.44299,8.235457,-8.213441,58.80083,2.929803,2.981343,0.09374724,-0.01111726,0.01389388,0.0009447272,-0.9998413,2.828494,2.980719,0.08330214,0.09008734,-0.18651,0.978314,23,5.7,-2.017178,30.00681,24,-0.7,-20.10972,158.7418
34.46692,8.217234,-8.233122,58.94087,3.289296,2.981017,0.09915189,-0.009129845,0.0134906,0.002449407,-0.9998643,3.198787,2.980361,0.08824301,0.0834721,-0.1865146,0.9788997,23,5.7,-1.70066,27.75466,24,-0.7,-19.7932,156.4897
34.48462,8.373316,-8.233122,58.94087,3.464887,2.980583,0.1021652,-0.00716451,0.01343475,0.001037692,-0.9998835,3.354868,2.980361,0.08824301,0.0834721,-0.1865146,0.9788997,23,5.7,-1.466256,26.08679,24,-0.7,-19.5588,154.8218
34.50879,6.99561,-6.962118,49.8972,3.805149,2.979643,0.1080869,-0.003946561,0.01308081,0.001999669,-0.9999047,3.706565,2.979996,0.09395075,0.06462748,-0.1953559,0.9786007,23,5.7,-1.14732,23.81745,24,-0.7,-19.23986,152.5525
34.52649,7.141627,-6.962118,49.8972,3.969418,2.978207,0.1109065,-0.003504518,0.0136659,0.0044591,-0.9998906,3.852582,2.979996,0.09395075,0.06462748,-0.1953559,0.9786007,23,5.7,-0.9130479,22.15051,24,-0.7,-19.00559,150.8855
34.55054,7.437273,-7.188547,51.50832,4.291483,2.975671,0.1166473,-0.005576971,0.01508861,0.008366112,-0.9998357,4.186656,2.979581,0.1003888,0.06191102,-0.1936617,0.979113,23,5.7,-0.594997,19.88746,24,-0.7,-18.68754,148.6225
34.56824,7.038282,-6.361564,45.62404,4.448727,2.973962,0.1195423,-0.007067208,0.01606169,0.01022873,-0.9997937,4.372147,2.978233,0.1072605,0.05728498,-0.2006765,0.9779813,23,5.7,-0.3603383,18.21778,24,-0.7,-18.45288,146.9528
34.59204,7.30792,-6.361567,45.62406,4.752068,2.970747,0.1261674,-0.01008737,0.01673581,0.01499559,-0.9996966,4.641784,2.978233,0.1072605,0.05728498,-0.2006765,0.9779813,23,5.7,-0.04558942,15.97822,24,-0.7,-18.13813,144.7133
34.60999,6.518609,-4.843738,34.82432,4.896814,2.96918,0.1293647,-0.01060664,0.01651037,0.01842825,-0.9996376,4.81426,2.975631,0.1145343,0.04784741,-0.2195191,0.9744342,23,5.7,0.1906454,14.29733,24,-0.7,-17.9019,143.0324
34.63391,6.536044,-4.525927,32.56298,5.175058,2.964964,0.1352001,-0.01162752,0.01577521,0.02380939,-0.9995245,5.103333,2.972106,0.1219283,0.04298932,-0.2249832,0.9734139,23,5.7,0.5074244,12.04333,24,-0.7,-17.58512,140.7784
34.65161,6.652119,-4.525927,32.56298,5.305642,2.96279,0.1379249,-0.01320842,0.01461336,0.0260947,-0.9994654,5.219408,2.972106,0.1219283,0.04298932,-0.2249832,0.9734139,23,5.7,0.7416306,10.37686,24,-0.7,-17.35091,139.1119
34.67578,6.493827,-4.112725,29.6229,5.555057,2.95865,0.1432252,-0.01572391,0.01280627,0.02906274,-0.9993719,5.480374,2.96798,0.1291147,0.0333935,-0.2333113,0.9718286,23,5.7,1.060249,8.109775,24,-0.7,-17.0323,136.8448
34.69336,6.595782,-4.112725,29.6229,5.669755,2.95658,0.1457253,-0.01707392,0.01208325,0.02959784,-0.9993431,5.582329,2.96798,0.1291147,0.0333935,-0.2333113,0.9718286,23,5.7,1.292738,6.455531,24,-0.7,-16.79981,135.1906
34.71741,6.663599,-3.8095,27.46533,5.886657,2.952321,0.1504405,-0.0199387,0.01046962,0.0315402,-0.9992487,5.811744,2.96323,0.1359828,0.03024085,-0.2404326,0.9701947,23,5.7,1.611794,4.185323,24,-0.7,-16.48075,132.9204
34.73511,6.61316,-3.291295,23.77812,5.986918,2.950104,0.1525,-0.02156367,0.01002068,0.03152034,-0.9992203,5.93426,2.958129,0.1423882,0.02775839,-0.255523,0.9664044,23,5.7,1.844915,2.526587,24,-0.7,-16.24763,131.2616
34.75928,6.592327,-3.068464,22.19259,6.173717,2.945842,0.1567257,-0.02338279,0.009130084,0.03175338,-0.9991806,6.130749,2.953084,0.148268,0.0201944,-0.263449,0.9644619,23,5.7,2.164947,0.2494404,24,-0.7,-15.9276,128.9845
34.77698,6.667206,-3.068465,22.1926,6.257957,2.943849,0.1587564,-0.02324557,0.008914039,0.03226973,-0.9991691,6.205629,2.953084,0.148268,0.0201944,-0.263449,0.9644619,24,-0.7,-15.69292,127.3147,25,5.7,-33.78538,256.0493
34.80103,6.352463,-2.94943,21.34562,6.412467,2.93917,0.1625988,-0.02203069,0.008195177,0.03231276,-0.9992014,6.370106,2.947971,0.1535872,-0.0008021903,-0.2680964,0.9633917,24,-0.7,-15.37529,125.0546,25,5.7,-33.46775,253.7892
34.81897,6.41218,-2.949479,21.34579,6.47965,2.936239,0.1644967,-0.02142088,0.008425273,0.03130219,-0.9992449,6.429824,2.947971,0.1535872,-0.0008021903,-0.2680964,0.9633917,24,-0.7,-15.13869,123.3711,25,5.7,-33.23115,252.1057
34.84277,6.438112,-2.525353,18.32798,6.600939,2.930033,0.1680626,-0.0203531,0.008837439,0.03014496,-0.9992993,6.561396,2.942699,0.1587105,-0.006497398,-0.2881767,0.9575552,24,-0.7,-14.82425,121.1338,25,5.7,-32.91671,249.8684
34.8606,6.079412,-2.562953,18.59552,6.6513,2.926641,0.1693252,-0.01997942,0.00949891,0.02936944,-0.9993238,6.626496,2.936629,0.1636072,-0.02843085,-0.2858015,0.957867,24,-0.7,-14.5879,119.452,25,5.7,-32.68036,248.1866
34.88452,6.154738,-2.562953,18.59552,6.736041,2.920192,0.1717602,-0.01885333,0.009964347,0.02850984,-0.999366,6.701821,2.936629,0.1636072,-0.02843085,-0.2858015,0.957867,24,-0.7,-14.2712,117.1986,25,5.7,-32.36366,245.9332
34.90222,5.336643,-5.550671,39.85424,6.766167,2.917087,0.1730921,-0.0173902,0.0100217,0.02855734,-0.9993907,6.745261,2.929751,0.1674531,-0.03468892,-0.2088404,0.9773343,24,-0.7,-14.03706,115.5326,25,5.7,-32.12951,244.2672
34.92664,3.827796,-9.002714,64.41681,6.81046,2.911813,0.1752637,-0.0155529,0.01013818,0.02764953,-0.9994453,6.797461,2.922234,0.1707106,-0.04540018,-0.1823083,0.9821928,24,-0.7,-13.71541,113.244,25,5.7,-31.80787,241.9786
34.94397,3.83558,-9.002714,64.41681,6.819216,2.909678,0.176381,-0.01506878,0.01035575,0.02622187,-0.999489,6.805244,2.922234,0.1707106,-0.04540018,-0.1823083,0.9821928,24,-0.7,-13.48505,111.6049,25,5.7,-31.57751,240.3395
34.96802,2.977689,-9.934876,71.04949,6.819519,2.905845,0.1784909,-0.01356967,0.01070012,0.02389817,-0.9995651,6.814415,2.915093,0.1738049,-0.05318945,-0.1781421,0.9825662,24,-0.7,-13.16775,109.3472,25,5.7,-31.26021,238.0818
34.98572,2.964782,-9.934876,71.04949,6.804999,2.904195,0.1794357,-0.01272111,0.01063915,0.02254019,-0.9996084,6.801509,2.915093,0.1738049,-0.05318945,-0.1781421,0.9825662,24,-0.7,-12.93442,107.6869,25,5.7,-31.02687,236.4215
35.00989,3.36568,-8.737967,62.53303,6.760725,2.900886,0.1812463,-0.0105564,0.01121408,0.01887253,-0.9997033,6.766479,2.909147,0.1764367,-0.05353391,-0.1833438,0.9815902,24,-0.7,-12.61463,105.4115,25,5.7,-30.70709,234.1461
35.02783,2.762947,-9.598215,68.65401,6.724977,2.899381,0.182002,-0.009469473,0.01167341,0.0168494,-0.9997451,6.734276,2.904381,0.1787866,-0.05696075,-0.1793246,0.9821396,24,-0.7,-12.37646,103.7168,25,5.7,-30.46892,232.4514
35.05139,2.686309,-9.598217,68.65403,6.638761,2.896388,0.1832982,-0.007519534,0.01299538,0.01307563,-0.9998018,6.657639,2.904381,0.1787866,-0.05696075,-0.1793246,0.9821396,24,-0.7,-12.0647,101.4986,25,5.7,-30.15716,230.2332
35.06934,0.8249375,-12.37555,88.41577,6.584504,2.894931,0.1837284,-0.007784127,0.01412511,0.0106311,-0.9998134,6.604323,2.900315,0.1809679,-0.06440599,-0.1702355,0.9832963,24,-0.7,-11.8284,99.81715,25,5.7,-29.92085,228.5518
35.09326,-2.203575,-17.12155,122.1853,6.461562,2.892203,0.1842019,-0.008166192,0.01610199,0.005322519,-0.9998229,6.485554,2.896496,0.1828715,-0.07010826,-0.1615156,0.9843767,24,-0.7,-11.51128,97.56072,25,5.7,-29.60373,226.2953
35.11133,-2.268843,-17.12155,122.1853,6.388134,2.890744,0.1842842,-0.007830982,0.01746394,0.002078789,-0.9998146,6.420285,2.896496,0.1828715,-0.07010826,-0.1615156,0.9843767,24,-0.7,-11.27238,95.86092,25,5.7,-29.36484,224.5955
35.13501,-3.221772,-18.09511,129.1125,6.232991,2.888227,0.1841718,-0.006165359,0.02144472,-0.004896647,-0.9997391,6.268667,2.89317,0.1838665,-0.0724626,-0.1602524,0.9844127,24,-0.7,-10.96024,93.6399,25,5.7,-29.0527,222.3745
35.15332,-3.298571,-18.09513,129.1126,6.1466,2.887058,0.1839276,-0.005479301,0.02391805,-0.007914855,-0.9996676,6.191875,2.89317,0.1838665,-0.0724626,-0.1602524,0.9844127,24,-0.7,-10.71796,91.91601,25,5.7,-28.81042,220.6506
35.17676,-5.066082,-19.21822,137.1039,5.965099,2.885312,0.183657,-0.00521,0.02844332,-0.0124979,-0.9995037,6.013028,2.889951,0.1842577,-0.07962854,-0.1588974,0.9840787,24,-0.7,-10.4071,89.70413,25,5.7,-28.49956,218.4387
35.19482,-6.360294,-20.61874,147.0692,5.867841,2.885381,0.1838915,-0.005787296,0.03044553,-0.01359955,-0.9994271,5.905954,2.887024,0.1842213,-0.08218108,-0.1574833,0.9840962,24,-0.7,-10.16892,88.00937,25,5.7,-28.26138,216.744
35.21851,-6.544072,-20.61875,147.0692,5.661092,2.886691,0.1843003,-0.006076468,0.03358934,-0.01504065,-0.9993041,5.722177,2.887024,0.1842213,-0.08218108,-0.1574833,0.9840962,24,-0.7,-9.856635,85.78735,25,5.7,-27.94909,214.522
35.23657,-2.86301,-14.19792,101.3826,5.550755,2.887526,0.1841014,-0.007162599,0.03450662,-0.01556892,-0.9992575,5.600512,2.88512,0.1840956,-0.08218718,-0.1658892,0.9827136,24,-0.7,-9.616985,84.08215,25,5.7,-27.70944,212.8168
35.26038,-1.482539,-11.72023,83.75287,5.321271,2.890217,0.1831305,-0.01359652,0.03627522,-0.01754484,-0.9990953,5.3701,2.885228,0.1841154,-0.0805134,-0.1716032,0.9818707,24,-0.7,-9.302979,81.84789,25,5.7,-27.39544,210.5825
35.27844,-1.590086,-11.72023,83.75289,5.200283,2.892329,0.1822883,-0.01822242,0.03729521,-0.01870945,-0.998963,5.262555,2.885228,0.1841154,-0.0805134,-0.1716032,0.9818707,24,-0.7,-9.063491,80.14384,25,5.7,-27.15595,208.8784
35.30212,-0.2078033,-9.178635,65.66856,4.951316,2.897208,0.1804089,-0.02662593,0.03942226,-0.02046461,-0.9986582,5.012368,2.887229,0.1836638,-0.07815622,-0.1806497,0.9804373,24,-0.7,-8.750788,77.91884,25,5.7,-26.84324,206.6534
35.32007,-0.323865,-9.178638,65.66859,4.820749,2.900229,0.1791809,-0.030246,0.04091013,-0.02077879,-0.9984888,4.896309,2.887229,0.1836638,-0.07815622,-0.1806497,0.9804373,24,-0.7,-8.513399,76.22974,25,5.7,-26.60585,204.9643
35.34387,-0.7090241,-9.17038,65.60983,4.555346,2.908092,0.1761983,-0.03241507,0.0446778,-0.02078925,-0.9982589,4.62915,2.890956,0.182898,-0.07998081,-0.1807126,0.9802786,24,-0.7,-8.19896,73.99239,25,5.7,-26.29141,202.727
35.36145,-1.255549,-9.405693,67.28417,4.418294,2.912978,0.1745645,-0.02994234,0.04679982,-0.01961847,-0.9982627,4.47417,2.897091,0.1802726,-0.08369128,-0.1797009,0.9801548,24,-0.7,-7.966386,72.33753,25,5.7,-26.05884,201.0721
35.38574,-1.501995,-9.405727,67.28436,4.141061,2.921438,0.1707012,-0.025038,0.04947554,-0.01624261,-0.9983293,4.227741,2.897091,0.1802726,-0.08369128,-0.1797009,0.9801548,24,-0.7,-7.645566,70.05478,25,5.7,-25.73802,198.7894
35.4032,-4.842164,-14.63304,104.4786,3.999054,2.925119,0.1684188,-0.02317397,0.04971137,-0.01351969,-0.9984033,4.066583,2.905765,0.1767811,-0.08393336,-0.1652411,0.9826752,24,-0.7,-7.413826,68.40587,25,5.7,-25.50628,197.1405
35.42749,-6.851599,-18.27716,130.4079,3.71316,2.932615,0.164196,-0.02137295,0.04994293,-0.01017303,-0.9984716,3.776119,2.915708,0.1725029,-0.08028442,-0.1600962,0.9838311,24,-0.7,-7.093537,66.12689,25,5.7,-25.18599,194.8615
35.44495,-6.982413,-18.27716,130.4079,3.565994,2.93675,0.162618,-0.02110291,0.04901517,-0.009009708,-0.9985345,3.645305,2.915708,0.1725029,-0.08028442,-0.1600962,0.9838311,24,-0.7,-6.861253,64.47411,25,5.7,-24.95371,193.2087
35.46924,-5.845935,-16.18195,115.4997,3.267941,2.944931,0.1597845,-0.01953252,0.04656549,-0.006137626,-0.9987054,3.342956,2.925382,0.1676654,-0.07836021,-0.1629418,0.983519,24,-0.7,-6.540335,62.19065,25,5.7,-24.63279,190.9253
35.48682,-5.980741,-16.18195,115.4997,3.116285,2.948254,0.1585164,-0.01886269,0.04466412,-0.005175464,-0.9988106,3.20815,2.925382,0.1676654,-0.07836021,-0.1629418,0.983519,24,-0.7,-6.308611,60.54185,25,5.7,-24.40106,189.2765
35.51135,-6.122647,-17.06613,121.7911,2.812631,2.953968,0.1559265,-0.01959407,0.04141983,-0.003355904,-0.998944,2.89964,2.934962,0.16327,-0.07300107,-0.1618328,0.9841143,24,-0.7,-5.984712,58.23719,25,5.7,-24.07716,186.9718
35.52869,-3.018662,-12.16204,86.89655,2.659529,2.956369,0.1546767,-0.02202714,0.03969491,-0.002647392,-0.9989655,2.723969,2.943976,0.1596335,-0.06508735,-0.1712125,0.9830818,24,-0.7,-5.754883,56.60188,25,5.7,-23.84734,185.3365
35.55286,-3.290048,-12.16203,86.89651,2.354217,2.961105,0.1522194,-0.02766631,0.03584233,-0.0006362416,-0.9989743,2.452581,2.943976,0.1596335,-0.06508735,-0.1712125,0.9830818,24,-0.7,-5.435218,54.32734,25,5.7,-23.52767,183.062
35.57043,-2.271966,-10.66078,76.21458,2.202881,2.963204,0.1510205,-0.03065663,0.03361011,0.000465787,-0.9989647,2.277764,2.95155,0.1564897,-0.05878169,-0.1758689,0.982657,24,-0.7,-5.202223,52.66949,25,5.7,-23.29468,181.4041
35.5946,-1.43328,-8.633373,61.7888,1.902972,2.966635,0.1487314,-0.03474311,0.02965855,0.002215013,-0.9989537,1.970631,2.957703,0.1534932,-0.05419546,-0.1845476,0.9813282,24,-0.7,-4.882777,50.39651,25,5.7,-22.97523,179.1311
35.61206,-1.565611,-8.633378,61.78882,1.754101,2.968433,0.1477425,-0.03481546,0.02790451,0.002866272,-0.9990001,1.838302,2.957703,0.1534932,-0.05419546,-0.1845476,0.9813282,24,-0.7,-4.651941,48.75404,25,5.7,-22.74439,177.4886
35.63635,-0.9487096,-7.023962,50.33723,1.461109,2.970828,0.145617,-0.03325221,0.02467188,0.004494278,-0.9991323,1.537557,2.962686,0.1506128,-0.04853053,-0.1949338,0.9796151,24,-0.7,-4.331027,46.47061,25,5.7,-22.42348,175.2052
35.65393,-1.076353,-7.023966,50.33727,1.317512,2.971629,0.1446252,-0.03221553,0.02280153,0.005594878,-0.9992052,1.409915,2.962686,0.1506128,-0.04853053,-0.1949338,0.9796151,24,-0.7,-4.099153,44.82074,25,5.7,-22.19161,173.5553
35.6781,-1.069384,-6.797565,48.72633,1.035974,2.972934,0.1428911,-0.03122263,0.01945301,0.007402965,-0.9992958,1.119923,2.966808,0.1480217,-0.04414079,-0.1968692,0.9794356,24,-0.7,-3.778946,42.54235,25,5.7,-21.8714,171.2769
35.69556,-0.9618778,-6.73758,48.29952,0.8964419,2.973237,0.1420591,-0.03049877,0.01761673,0.008698702,-0.9993417,0.9571349,2.969953,0.1457844,-0.03903608,-0.1974683,0.9795318,24,-0.7,-3.548439,40.90221,25,5.7,-21.64089,169.6368
35.71985,-1.204234,-6.737581,48.29953,0.623791,2.973123,0.1407644,-0.02894342,0.01446915,0.01067662,-0.9994193,0.7147785,2.969953,0.1457844,-0.03903608,-0.1974683,0.9795318,24,-0.7,-3.227186,38.61638,25,5.7,-21.31964,167.351
35.7373,-1.062641,-6.811319,48.8242,0.4902298,2.973147,0.1405232,-0.02840252,0.0128608,0.01184049,-0.9994438,0.5580726,2.971591,0.1434263,-0.03262274,-0.1969166,0.9798774,24,-0.7,-2.996937,36.97807,25,5.7,-21.08939,165.7127
35.76172,-1.095406,-6.46921,46.38997,0.2294003,2.971395,0.1397696,-0.02761827,0.009517179,0.01449516,-0.9994682,0.2893152,2.972131,0.1415772,-0.02932329,-0.1999329,0.9793707,24,-0.7,-2.673963,34.68,25,5.7,-20.76642,163.4146
35.77942,-1.209252,-6.46921,46.38997,0.1013241,2.970841,0.1394008,-0.02910675,0.007334664,0.0164004,-0.9994149,0.1754697,2.972131,0.1415772,-0.02932329,-0.1999329,0.9793707,24,-0.7,-2.440366,33.01786,25,5.7,-20.53282,161.7525
35.80347,-1.251,-6.545988,46.93627,-0.1474454,2.968845,0.1389861,-0.02987206,0.003410652,0.01991753,-0.9993494,-0.08143155,2.971469,0.1401354,-0.02448409,-0.1992413,0.9796445,24,-0.7,-2.121169,30.74666,25,5.7,-20.21362,159.4812
35.82117,-1.358153,-6.545987,46.93626,-0.2679925,2.967111,0.139136,-0.0315339,0.00132408,0.02092958,-0.9992827,-0.1885846,2.971469,0.1401354,-0.02448409,-0.1992413,0.9796445,24,-0.7,-1.888568,29.09162,25,5.7,-19.98102,157.8262
35.84521,-1.284577,-5.576446,40.03762,-0.502939,2.964511,0.1394124,-0.03425745,-0.002573602,0.02345231,-0.9991345,-0.4319107,2.969892,0.139268,-0.02089237,-0.2094058,0.9776056,24,-0.7,-1.570606,26.8292,25,5.7,-19.66306,155.5638
35.86292,-1.165236,-5.19838,37.34755,-0.6164165,2.96305,0.1397327,-0.03548758,-0.004448369,0.02390256,-0.9990743,-0.5658165,2.967335,0.1390866,-0.01573332,-0.2143308,0.9766344,24,-0.7,-1.336545,25.16377,25,5.7,-19.429,153.8983
35.88708,-1.361048,-5.198381,37.34756,-0.8367056,2.959714,0.1404123,-0.03692394,-0.008135781,0.02564723,-0.9989558,-0.7616291,2.967335,0.1390866,-0.01573332,-0.2143308,0.9766344,24,-0.7,-1.016757,22.88837,25,5.7,-19.10921,151.6229
35.90466,-1.344606,-4.937872,35.49394,-0.942339,2.957512,0.1404754,-0.03745234,-0.01007471,0.0270623,-0.9988811,-0.8871357,2.964146,0.1393385,-0.01262689,-0.2181082,0.9758429,24,-0.7,-0.784058,21.23262,25,5.7,-18.87651,149.9672
35.92871,-1.35513,-5.290372,38.0021,-1.147034,2.953836,0.1411628,-0.03913532,-0.01378831,0.02976588,-0.9986953,-1.09916,2.960276,0.1394342,-0.006605323,-0.2129087,0.9770498,24,-0.7,-0.4656229,18.96684,25,5.7,-18.55807,147.7014
35.94641,-1.441068,-5.290375,38.00212,-1.243714,2.951821,0.1416805,-0.03873912,-0.015339,0.0313329,-0.9986402,-1.185098,2.960276,0.1394342,-0.006605323,-0.2129087,0.9770498,24,-0.7,-0.2320027,17.30455,25,5.7,-18.32446,146.0391
35.97058,-1.329551,-11.59862,82.88766,-1.434385,2.945916,0.14257,-0.0391489,-0.01878351,0.03512379,-0.9984393,-1.383059,2.955952,0.1403342,0.0006368734,-0.1732324,0.9848808,24,-0.7,0.08795084,15.02796,25,5.7,-18.0045,143.7625
35.9884,-1.408916,-11.59862,82.88766,-1.523672,2.943636,0.1429463,-0.04075291,-0.0199745,0.03699314,-0.9982845,-1.462424,2.955952,0.1403342,0.0006368734,-0.1732324,0.9848808,24,-0.7,0.3226143,13.35824,25,5.7,-17.76984,142.0928
36.01221,-1.480433,-11.99161,85.68394,-1.696168,2.937549,0.1439184,-0.04118099,-0.02199908,0.03997623,-0.9981093,-1.642586,2.950895,0.1414421,0.001867307,-0.1720735,0.9850823,24,-0.7,0.6382735,11.11221,25,5.7,-17.45418,139.8468
36.03015,-1.098791,-11.75882,84.02759,-1.777112,2.934215,0.1442036,-0.04217268,-0.02264426,0.04124325,-0.9980019,-1.739715,2.944908,0.142499,0.007525556,-0.1726471,0.984955,24,-0.7,0.8753534,9.425299,25,5.7,-17.2171,138.1599
36.05408,-1.234008,-11.75882,84.0276,-1.929231,2.928116,0.1449187,-0.0446237,-0.02345779,0.04363648,-0.9977748,-1.874932,2.944908,0.142499,0.007525556,-0.1726471,0.984955,24,-0.7,1.191704,7.174347,25,5.7,-16.90075,135.9089
36.0719,-1.013412,-11.18945,79.97625,-1.999083,2.924613,0.1452274,-0.04551759,-0.02348898,0.04486228,-0.9976792,-1.960415,2.938055,0.1434568,0.01168005,-0.1742443,0.9846332,24,-0.7,1.426415,5.504292,25,5.7,-16.66604,134.2389
36.0957,-1.408209,-10.02471,71.68871,-2.128794,2.91746,0.1455199,-0.04755317,-0.02372139,0.04790297,-0.9974374,-2.097067,2.930561,0.1444213,0.00947391,-0.1781747,0.9839532,24,-0.7,1.742514,3.255129,25,5.7,-16.34994,131.9897
36.11389,-1.458465,-10.0247,71.68866,-2.185331,2.913882,0.1455433,-0.04853119,-0.02364996,0.04956294,-0.9973109,-2.147322,2.930561,0.1444213,0.00947391,-0.1781747,0.9839532,24,-0.7,1.982717,1.545998,25,5.7,-16.10974,130.2806
36.13745,-1.617718,-8.951822,64.05473,-2.289325,2.906203,0.1453318,-0.0490402,-0.02335364,0.05267653,-0.9971334,-2.258862,2.922491,0.1451168,0.009862773,-0.1826634,0.983126,25,5.7,-15.79838,128.0652,26,-0.7,-33.89074,256.799
36.15576,-1.656815,-8.951821,64.05473,-2.333309,2.902725,0.145212,-0.048982,-0.02286329,0.05440381,-0.9970548,-2.297959,2.922491,0.1451168,0.009862773,-0.1826634,0.983126,25,5.7,-15.5559,126.3398,26,-0.7,-33.64825,255.0737
36.1792,-0.007626534,-11.77325,84.13026,-2.40921,2.896082,0.145657,-0.04670049,-0.0217839,0.05771036,-0.9970026,-2.381982,2.913955,0.1451195,0.02783771,-0.1721976,0.984669,25,5.7,-15.24598,124.1346,26,-0.7,-33.33833,252.8685
36.19702,2.282145,-16.50127,117.7719,-2.435714,2.892567,0.1458698,-0.04455948,-0.0206699,0.05844088,-0.9970817,-2.419387,2.90523,0.1451231,0.03940615,-0.1626567,0.9858955,25,5.7,-15.01081,122.4613,26,-0.7,-33.10316,251.1952
36.22119,2.244073,-16.50127,117.7719,-2.478545,2.885999,0.146182,-0.04389831,-0.01853754,0.05989267,-0.9970669,-2.457458,2.90523,0.1451231,0.03940615,-0.1626567,0.9858955,25,5.7,-14.69119,120.1871,26,-0.7,-32.78354,248.9209
36.23877,2.967935,-19.06775,136.0334,-2.489172,2.883221,0.1462978,-0.04529162,-0.0174705,0.0612868,-0.9969391,-2.477663,2.896836,0.1454954,0.0395298,-0.1594418,0.9864156,25,5.7,-14.45971,118.54,26,-0.7,-32.55206,247.2739
36.26282,2.428733,-14.22396,101.568,-2.497016,2.877761,0.1465161,-0.04679091,-0.01599625,0.06539049,-0.9966338,-2.492051,2.888862,0.1458513,0.04778694,-0.1661869,0.9849357,25,5.7,-14.14091,116.2716,26,-0.7,-32.23326,245.0055
36.2804,2.434663,-14.22397,101.5681,-2.490349,2.875415,0.1467143,-0.04649618,-0.01560642,0.06782249,-0.9964912,-2.486125,2.888862,0.1458513,0.04778694,-0.1661869,0.9849357,25,5.7,-13.90884,114.6203,26,-0.7,-32.00119,243.3542
36.30481,2.07509,-13.3735,95.51669,-2.462577,2.870928,0.1475004,-0.04472669,-0.01392938,0.0706577,-0.9964001,-2.465282,2.88165,0.1459562,0.04687921,-0.167834,0.9847,25,5.7,-13.58648,112.3267,26,-0.7,-31.67883,241.0605
36.32239,2.097645,-13.37349,95.51661,-2.437199,2.869093,0.1478744,-0.04427953,-0.01294012,0.07122067,-0.9963933,-2.442724,2.88165,0.1459562,0.04687921,-0.167834,0.9847,25,5.7,-13.3529,110.6646,26,-0.7,-31.44525,239.3985
36.34631,1.689568,-12.94191,92.44576,-2.371531,2.866161,0.1486959,-0.04403809,-0.01137783,0.07402838,-0.9962183,-2.384593,2.87534,0.1466069,0.0434655,-0.1687475,0.9847005,25,5.7,-13.03658,108.4139,26,-0.7,-31.12893,237.1478
36.36377,2.363772,-13.01592,92.97238,-2.32637,2.864793,0.1490986,-0.0434933,-0.01100538,0.07597001,-0.9961004,-2.340786,2.870108,0.1474568,0.04989354,-0.1684771,0.984442,25,5.7,-12.80554,106.77,26,-0.7,-30.89789,235.5038
36.38843,2.4539,-13.01592,92.97238,-2.224975,2.862379,0.1498728,-0.0420831,-0.01053848,0.07967187,-0.9958767,-2.250658,2.870108,0.1474568,0.04989354,-0.1684771,0.984442,25,5.7,-12.47992,104.4531,26,-0.7,-30.57227,233.187
36.40552,2.526843,-13.65343,97.50848,-2.162856,2.861172,0.1500831,-0.04116032,-0.01099851,0.08138616,-0.9957717,-2.187964,2.866096,0.1484003,0.04768978,-0.1670933,0.984787,25,5.7,-12.25433,102.848,26,-0.7,-30.34669,231.5818
36.43005,4.229234,-15.26957,109.0079,-2.023031,2.858751,0.1502554,-0.04088107,-0.01179546,0.08345201,-0.9956031,-2.052172,2.862818,0.1493268,0.05682625,-0.1640391,0.9848157,25,5.7,-11.93044,100.5433,26,-0.7,-30.02279,229.2772
36.44739,4.302747,-15.26957,109.0079,-1.940325,2.858462,0.1504804,-0.04175036,-0.01233199,0.08330713,-0.9955726,-1.978656,2.862818,0.1493268,0.05682625,-0.1640391,0.9848157,25,5.7,-11.70014,98.90464,26,-0.7,-29.79249,227.6385
36.4718,4.965621,-15.83543,113.0342,-1.762368,2.858978,0.1513104,-0.04174313,-0.01400065,0.08347281,-0.9955369,-1.804908,2.859889,0.1499661,0.05906827,-0.163104,0.9848391,25,5.7,-11.37745,96.60863,26,-0.7,-29.4698,225.3425
36.48987,5.054976,-15.83545,113.0343,-1.661849,2.860208,0.151888,-0.0413677,-0.01526393,0.08318415,-0.9955582,-1.715557,2.859889,0.1499661,0.05906827,-0.163104,0.9848391,25,5.7,-11.13964,94.9165,26,-0.7,-29.23199,223.6504
36.51343,5.469415,-15.61559,111.47,-1.446068,2.863154,0.1521212,-0.04179723,-0.01791122,0.08184873,-0.9956069,-1.504127,2.858133,0.1505096,0.06168151,-0.1634016,0.9846296,25,5.7,-10.82685,92.69085,26,-0.7,-28.9192,221.4247
36.53113,7.708674,-18.92286,135.0024,-1.327501,2.865859,0.1518122,-0.04428658,-0.01970891,0.08112553,-0.9955245,-1.375114,2.858679,0.1511056,0.06635307,-0.1591045,0.9850295,25,5.7,-10.59312,91.02782,26,-0.7,-28.68547,219.7617
36.55566,7.92692,-18.92287,135.0025,-1.081982,2.872235,0.1512418,-0.04796897,-0.02328597,0.08122891,-0.9952681,-1.156875,2.858679,0.1511056,0.06635307,-0.1591045,0.9850295,25,5.7,-10.26865,88.7191,26,-0.7,-28.361,217.453
36.57263,7.39402,-16.05526,114.5984,-0.9493861,2.876064,0.1508444,-0.04829099,-0.02483473,0.0810174,-0.9952323,-1.011533,2.86171,0.1516428,0.07227242,-0.1626514,0.9840331,25,5.7,-10.04514,87.12871,26,-0.7,-28.13749,215.8626
36.59705,5.739826,-13.23092,94.50218,-0.6742807,2.884718,0.1500528,-0.0465303,-0.02739548,0.07940822,-0.9953787,-0.7359871,2.867567,0.1514747,0.06750343,-0.1678096,0.9835056,25,5.7,-9.721781,84.82792,26,-0.7,-27.81413,213.5618
36.61462,5.869022,-13.23093,94.50223,-0.5289381,2.889375,0.1494006,-0.04447291,-0.02821948,0.07769878,-0.9955846,-0.6067937,2.867567,0.1514747,0.06750343,-0.1678096,0.9835056,25,5.7,-9.490404,83.18159,26,-0.7,-27.58276,211.9154
36.63867,5.710359,-12.43763,88.85759,-0.2327847,2.89911,0.1477933,-0.04216722,-0.03027972,0.07566524,-0.995781,-0.3093498,2.876023,0.1507413,0.06672253,-0.1697367,0.9832281,25,5.7,-9.170976,80.90874,26,-0.7,-27.26333,209.6426
36.65686,5.848258,-12.43763,88.85762,-0.07765151,2.903951,0.1468837,-0.04109132,-0.03112471,0.0749991,-0.9958503,-0.1714537,2.876023,0.1507413,0.06672253,-0.1697367,0.9832281,25,5.7,-8.930951,79.20087,26,-0.7,-27.0233,207.9347
36.68054,5.939383,-12.17968,87.02219,0.2380622,2.913727,0.1451087,-0.03917812,-0.03233594,0.07292318,-0.996043,0.1461328,2.886429,0.1494757,0.06556445,-0.170509,0.9831724,25,5.7,-8.618081,76.97469,26,-0.7,-26.71043,205.7086
36.69812,6.560612,-14.99326,107.0418,0.4010063,2.918588,0.1443933,-0.037932,-0.03231037,0.07164237,-0.9961851,0.3304476,2.89784,0.147729,0.05738915,-0.1648039,0.9846554,25,5.7,-8.386119,75.3242,26,-0.7,-26.47847,204.0581
36.72278,6.853831,-14.99326,107.0419,0.7308757,2.928342,0.1430773,-0.03569191,-0.03200673,0.06898436,-0.9964652,0.6236647,2.89784,0.147729,0.05738915,-0.1648039,0.9846554,25,5.7,-8.060296,73.00584,26,-0.7,-26.15265,201.7397
36.73987,7.056338,-14.71719,105.0775,0.8992525,2.93312,0.1425977,-0.0344785,-0.0313047,0.06766736,-0.9966205,0.8148016,2.909542,0.1457533,0.0585593,-0.1653774,0.9844903,25,5.7,-7.834187,71.39699,26,-0.7,-25.92654,200.1309
36.76404,9.179327,-18.47726,131.8318,1.237701,2.942503,0.1419865,-0.03334724,-0.02966877,0.06617342,-0.9968094,1.158749,2.921323,0.1439722,0.06000912,-0.160102,0.9852747,25,5.7,-7.513706,69.11665,26,-0.7,-25.60606,197.8505
36.78174,9.331241,-18.47727,131.8319,1.408599,2.946656,0.1417196,-0.03285342,-0.0281942,0.06518927,-0.9969333,1.310658,2.921323,0.1439722,0.06000912,-0.160102,0.9852747,25,5.7,-7.280902,67.46016,26,-0.7,-25.37326,196.194
36.80579,12.02504,-19.90715,142.0061,1.750235,2.954289,0.1414948,-0.03205892,-0.0252571,0.06314603,-0.9971694,1.658661,2.932805,0.1426665,0.0719569,-0.1585407,0.9847269,25,5.7,-6.961433,65.18702,26,-0.7,-25.05379,193.9209
36.82434,12.17751,-19.90715,142.0061,1.921757,2.957389,0.1415433,-0.03149816,-0.02368633,0.06217559,-0.9972869,1.811125,2.932805,0.1426665,0.0719569,-0.1585407,0.9847269,25,5.7,-6.716736,63.44591,26,-0.7,-24.80909,192.1798
36.84766,12.85,-21.40655,154.863,2.264585,2.963231,0.1419024,-0.03186664,-0.02034824,0.05927407,-0.9975255,2.160946,2.94347,0.1418966,0.06808757,-0.1551057,0.9855487,25,5.7,-6.408543,61.253,26,-0.7,-24.5009,189.9869
36.86536,10.81726,-18.98143,135.4192,2.436433,2.965932,0.141998,-0.03129172,-0.018468,0.05746266,-0.9976863,2.359124,2.952619,0.1415595,0.06160103,-0.1597468,0.9852341,25,5.7,-6.175043,59.59156,26,-0.7,-24.2674,188.3254
36.89014,11.12121,-18.98144,135.4193,2.778367,2.969929,0.1424247,-0.03032289,-0.01501303,0.05454517,-0.9979379,2.663065,2.952619,0.1415595,0.06160103,-0.1597468,0.9852341,25,5.7,-5.847803,57.26312,26,-0.7,-23.94016,185.997
36.9071,10.26792,-17.39938,124.1623,2.949284,2.971457,0.1427924,-0.03061189,-0.01293855,0.05286302,-0.9980486,2.860527,2.960212,0.1415985,0.05883602,-0.1617139,0.9850822,25,5.7,-5.622269,55.65837,26,-0.7,-23.71462,184.3923
36.93115,8.81512,-14.4992,103.5265,3.290135,2.973846,0.1435395,-0.02989794,-0.008732498,0.04958249,-0.9982843,3.209162,2.966151,0.1421019,0.05339056,-0.1663383,0.9846223,25,5.7,-5.305142,53.40189,26,-0.7,-23.3975,182.1358
36.94897,8.966615,-14.4992,103.5264,3.460569,2.974132,0.1440147,-0.03012204,-0.006228514,0.04737162,-0.9984037,3.360659,2.966151,0.1421019,0.05339056,-0.1663383,0.9846223,25,5.7,-5.069758,51.72705,26,-0.7,-23.16211,180.461
36.97278,9.038699,-14.88757,106.2898,3.799811,2.975312,0.1450233,-0.03000758,-0.001852699,0.04497882,-0.9985355,3.707747,2.970379,0.142855,0.04946569,-0.1657033,0.9849343,25,5.7,-4.754237,49.482,26,-0.7,-22.84659,178.2159
36.99133,9.18849,-14.88757,106.2898,3.968327,2.974659,0.1458073,-0.02884775,8.955598E-06,0.04439967,-0.9985973,3.857539,2.970379,0.142855,0.04946569,-0.1657033,0.9849343,25,5.7,-4.508985,47.73694,26,-0.7,-22.60134,176.4708
37.01465,8.025435,-12.27589,87.70675,4.304023,2.974432,0.1476289,-0.02797066,0.003517412,0.04295122,-0.9986793,4.201294,2.972921,0.1439171,0.04298577,-0.1714063,0.9842622,25,5.7,-4.201393,45.54831,26,-0.7,-22.29375,174.2822
37.03247,7.862337,-12.30665,87.92561,4.470495,2.974427,0.1489231,-0.02705289,0.004728951,0.04241448,-0.9987226,4.394374,2.973812,0.1452814,0.0388925,-0.1713674,0.9844393,25,5.7,-3.964805,43.8649,26,-0.7,-22.05716,172.5988
37.05701,8.15484,-12.30665,87.92562,4.79956,2.973427,0.1513034,-0.02514112,0.006904066,0.04170623,-0.9987897,4.686876,2.973812,0.1452814,0.0388925,-0.1713674,0.9844393,25,5.7,-3.640718,41.5589,26,-0.7,-21.73307,170.2928
37.0741,7.545423,-11.51289,82.27773,4.960689,2.972616,0.152612,-0.02609052,0.007423833,0.04121003,-0.9987822,4.874869,2.973684,0.1471839,0.03200522,-0.1736143,0.9842935,25,5.7,-3.414279,39.9477,26,-0.7,-21.50663,168.6816
37.09814,7.575965,-11.00732,78.68044,5.279636,2.971866,0.1552122,-0.02752195,0.008072808,0.04042181,-0.998771,5.202553,2.97295,0.1497383,0.02974171,-0.1751898,0.9840853,25,5.7,-3.09692,37.68957,26,-0.7,-21.18927,166.4235
37.11584,7.714363,-11.00733,78.68049,5.435332,2.970772,0.1566534,-0.02836909,0.008169018,0.03927291,-0.9987924,5.340949,2.97295,0.1497383,0.02974171,-0.1751898,0.9840853,25,5.7,-2.862928,36.02464,26,-0.7,-20.95528,164.7585
37.14001,7.681965,-10.60565,75.82239,5.742365,2.969169,0.1595322,-0.02894086,0.009327911,0.03651725,-0.9988704,5.657127,2.97172,0.1526415,0.0263291,-0.1765476,0.9839399,25,5.7,-2.544025,33.75552,26,-0.7,-20.63638,162.4894
37.15796,7.815411,-10.60565,75.82241,5.89249,2.967969,0.1609407,-0.02750951,0.01017506,0.03492153,-0.9989595,5.790572,2.97172,0.1526415,0.0263291,-0.1765476,0.9839399,25,5.7,-2.305475,32.05815,26,-0.7,-20.39783,160.7921
37.18164,7.656798,-10.03001,71.72655,6.186668,2.965718,0.1642779,-0.02569551,0.0121161,0.03161084,-0.9990965,6.094277,2.970102,0.1558895,0.02147542,-0.1786748,0.9836738,25,5.7,-1.992518,29.83134,26,-0.7,-20.08487,158.5652
37.19934,7.466494,-9.113062,65.20208,6.331076,2.96462,0.1659649,-0.02473705,0.01324741,0.03001065,-0.9991557,6.263606,2.967986,0.159369,0.01817979,-0.1825867,0.9830217,25,5.7,-1.759583,28.17392,26,-0.7,-19.85194,156.9078
37.22388,7.716448,-9.113062,65.20208,6.612274,2.961591,0.1691302,-0.02439772,0.01524109,0.02723348,-0.9992152,6.51356,2.967986,0.159369,0.01817979,-0.1825867,0.9830217,25,5.7,-1.433823,25.85602,26,-0.7,-19.52618,154.5899
37.24109,7.476263,-8.332289,59.64659,6.749381,2.959991,0.1708792,-0.02480576,0.01642989,0.02594957,-0.9992204,6.675122,2.965476,0.16322,0.01323057,-0.1865794,0.9823508,25,5.7,-1.207545,24.24597,26,-0.7,-19.2999,152.9799
37.26514,7.134794,-8.311984,59.50211,7.018031,2.956601,0.1739587,-0.02437693,0.01833165,0.02316987,-0.9992662,6.952273,2.962412,0.1672528,0.003021999,-0.1866721,0.9824176,25,5.7,-0.8883121,21.97451,26,-0.7,-18.98067,150.7084
37.28259,7.250728,-8.311982,59.5021,7.148455,2.954837,0.1756571,-0.02361609,0.01915664,0.02145355,-0.9993073,7.068207,2.962412,0.1672528,0.003021999,-0.1866721,0.9824176,25,5.7,-0.6574043,20.33151,26,-0.7,-18.74976,149.0654
37.30701,7.26677,-7.788572,55.77784,7.401608,2.950866,0.1788494,-0.02140281,0.02028897,0.01973682,-0.9993702,7.330103,2.958777,0.1710044,-0.001118297,-0.189762,0.9818295,25,5.7,-0.3356432,18.04206,26,-0.7,-18.428,146.776
37.3252,7.374071,-7.788572,55.77784,7.522323,2.948904,0.1803632,-0.02000806,0.02042266,0.02082696,-0.9993742,7.437405,2.958777,0.1710044,-0.001118297,-0.189762,0.9818295,25,5.7,-0.09495847,16.3295,26,-0.7,-18.18731,145.0634
37.34875,7.032526,-8.303204,59.43964,7.757277,2.943774,0.1833182,-0.01665458,0.02104584,0.02222904,-0.9993926,7.68171,2.954646,0.1747907,-0.01076093,-0.1866103,0.9823751,25,5.7,0.2170174,14.10968,26,-0.7,-17.87534,142.8436
37.36621,3.61794,-16.32842,116.5421,7.868633,2.940457,0.1844602,-0.01586507,0.02138841,0.02244014,-0.9993935,7.814517,2.950011,0.1788107,-0.03555698,-0.1633432,0.9859283,25,5.7,0.4480326,12.46592,26,-0.7,-17.64432,141.1998
37.39099,3.80473,-16.32843,116.5421,8.078773,2.93404,0.185965,-0.01673881,0.02124929,0.0235897,-0.9993557,8.001308,2.950011,0.1788107,-0.03555698,-0.1633432,0.9859283,25,5.7,0.7749472,10.1398,26,-0.7,-17.31741,138.8737
37.4082,0.002381325,-25.626,182.6976,8.176856,2.93115,0.1865795,-0.01822535,0.0212199,0.02338543,-0.9993351,8.120358,2.94432,0.1822817,-0.04390083,-0.1545041,0.9870163,25,5.7,1.002125,8.523352,26,-0.7,-17.09023,137.2573
37.4325,-0.8036548,-27.49191,195.9743,8.363626,2.925981,0.1878036,-0.02026415,0.02157497,0.02100957,-0.9993411,8.315941,2.937406,0.1848239,-0.04597735,-0.1534124,0.9870921,25,5.7,1.323453,6.236979,26,-0.7,-16.7689,134.9709
37.45007,-0.7278014,-27.49191,195.9743,8.44896,2.923805,0.1884221,-0.02067065,0.02170615,0.01875626,-0.9993747,8.391794,2.937406,0.1848239,-0.04597735,-0.1534124,0.9870921,25,5.7,1.555579,4.585323,26,-0.7,-16.53678,133.3192
37.474,-0.3423892,-23.67694,168.8294,8.60559,2.919265,0.1895483,-0.02061586,0.02123121,0.01621621,-0.9994305,8.558069,2.930338,0.186705,-0.05206146,-0.155634,0.9864419,25,5.7,1.872959,2.327046,26,-0.7,-16.2194,131.061
37.49207,-0.2819234,-23.67691,168.8292,8.673599,2.91751,0.1899338,-0.02042007,0.02079276,0.01622951,-0.9994435,8.618523,2.930338,0.186705,-0.05206146,-0.155634,0.9864419,25,5.7,2.110973,0.6334871,26,-0.7,-15.98138,129.3674
37.51587,2.659915,-16.10713,114.9675,8.799765,2.914565,0.1906872,-0.01947652,0.02010198,0.01516528,-0.9994932,8.754997,2.923889,0.1883404,-0.05231575,-0.1633484,0.9851804,26,-0.7,-15.66629,127.1254,27,5.7,-33.75881,255.86
37.53369,1.581025,-15.94556,113.8178,8.853068,2.913274,0.1910192,-0.01803716,0.01967899,0.013931,-0.9995466,8.823534,2.918747,0.1894724,-0.06275401,-0.1634532,0.9845532,26,-0.7,-15.4303,125.4462,27,5.7,-33.52282,254.1809
37.55774,1.663245,-15.94555,113.8178,8.945562,2.911165,0.1916549,-0.01592378,0.01899326,0.01183257,-0.9996228,8.90575,2.918747,0.1894724,-0.06275401,-0.1634532,0.9845532,26,-0.7,-15.11259,123.1856,27,5.7,-33.20511,251.9203
37.57544,-1.856467,-23.95214,170.7876,8.983482,2.910024,0.1919014,-0.01507603,0.01875155,0.01066486,-0.9996536,8.957376,2.914701,0.1904175,-0.06249403,-0.1552656,0.9858941,26,-0.7,-14.87931,121.5258,27,5.7,-32.97184,250.2604
37.59949,-5.797042,-30.88501,220.1174,9.048554,2.908002,0.1924661,-0.01468622,0.01894182,0.007268212,-0.9996863,9.03002,2.911601,0.1913959,-0.06648872,-0.1515535,0.9862103,26,-0.7,-14.5614,119.2637,27,5.7,-32.65392,247.9983
37.61719,-5.7791,-30.88496,220.1171,9.068717,2.907279,0.1926887,-0.01502048,0.0192909,0.005127973,-0.999688,9.047941,2.911601,0.1913959,-0.06648872,-0.1515535,0.9862103,26,-0.7,-14.32694,117.5954,27,5.7,-32.41946,246.3301
37.64111,-2.483319,-23.29634,166.1212,9.098183,2.905961,0.1930911,-0.01482802,0.01990845,0.001451567,-0.9996908,9.085481,2.908986,0.1921529,-0.06870504,-0.1556287,0.9854234,26,-0.7,-14.00996,115.34,27,5.7,-32.10248,244.0746
37.65894,-2.479232,-23.29635,166.1214,9.102789,2.905408,0.1931858,-0.01505387,0.02044334,-0.0005413463,-0.9996776,9.089575,2.908986,0.1921529,-0.06870504,-0.1556287,0.9854234,26,-0.7,-13.77413,113.662,27,5.7,-31.86666,242.3967
37.68286,0.0937729,-18.12314,129.3122,9.098392,2.904316,0.1931363,-0.01597709,0.02220728,-0.003772256,-0.9996186,9.09329,2.906789,0.1926259,-0.06863046,-0.1603746,0.9846674,26,-0.7,-13.45765,111.4101,27,5.7,-31.55017,240.1447
37.70081,0.09260656,-15.51263,110.7374,9.084589,2.904075,0.1934664,-0.01699509,0.02357811,-0.004079367,-0.9995693,9.085272,2.905076,0.193022,-0.07998575,-0.1638173,0.9832427,26,-0.7,-13.22079,109.7247,27,5.7,-31.31331,238.4594
37.72473,0.05795671,-15.51263,110.7374,9.045609,2.903331,0.1939354,-0.0170961,0.02641816,-0.004271006,-0.9994957,9.050621,2.905076,0.193022,-0.07998575,-0.1638173,0.9832427,26,-0.7,-12.90511,107.4786,27,5.7,-30.99763,236.2132
37.74255,0.4112483,-14.27527,101.9331,9.015272,2.902576,0.1935379,-0.01665146,0.02791045,-0.004062985,-0.9994635,9.024263,2.903583,0.1939944,-0.08318691,-0.1659181,0.9826246,26,-0.7,-12.66915,105.7996,27,5.7,-30.76167,234.5343
37.76648,-0.4343806,-14.67916,104.8069,8.940847,2.901967,0.1927167,-0.01742501,0.03130779,-0.003905653,-0.9993503,8.955204,2.902608,0.1940273,-0.08816942,-0.1650951,0.9823287,26,-0.7,-12.35232,103.5453,27,5.7,-30.44485,232.2799
37.7843,-0.4775287,-14.67916,104.8069,8.892306,2.902449,0.1924794,-0.01767184,0.0334802,-0.003992974,-0.9992752,8.912056,2.902608,0.1940273,-0.08816942,-0.1650951,0.9823287,26,-0.7,-12.1165,101.8673,27,5.7,-30.20902,230.6019
37.80835,-1.575478,-15.46794,110.4194,8.782283,2.903582,0.1919239,-0.01705909,0.03740001,-0.003903858,-0.9991471,8.80764,2.901659,0.1934948,-0.09251853,-0.1636819,0.9821652,26,-0.7,-11.79958,99.6123,27,5.7,-29.8921,228.347
37.82617,-1.636792,-15.46794,110.4194,8.713305,2.904304,0.1918457,-0.01677881,0.03923758,-0.003460898,-0.9990831,8.746325,2.901659,0.1934948,-0.09251853,-0.1636819,0.9821652,26,-0.7,-11.56375,97.9343,27,5.7,-29.65627,226.6689
37.8501,-2.333675,-15.13249,108.0326,8.564338,2.90721,0.1919071,-0.01790332,0.04326622,-0.003207065,-0.9988981,8.603493,2.901528,0.192837,-0.09953474,-0.1641204,0.9814058,26,-0.7,-11.24805,95.68797,27,5.7,-29.34057,224.4226
37.86792,-3.519296,-15.56723,111.1259,8.480109,2.908947,0.1913293,-0.01893695,0.04501,-0.002742963,-0.9988033,8.514099,2.902589,0.1927624,-0.106394,-0.1633021,0.9808224,26,-0.7,-11.01241,94.01134,27,5.7,-29.10493,222.746
37.89197,-3.679494,-15.56723,111.1259,8.299883,2.912305,0.1898642,-0.0218392,0.04893515,-0.002553818,-0.99856,8.353897,2.902589,0.1927624,-0.106394,-0.1633021,0.9808224,26,-0.7,-10.69419,91.74706,27,5.7,-28.78671,220.4817
37.90979,-2.891825,-14.48301,103.4112,8.20016,2.914343,0.1888299,-0.02304028,0.05113169,-0.002204712,-0.9984237,8.24712,2.905136,0.1920234,-0.1058186,-0.1651852,0.9805694,26,-0.7,-10.45773,90.06455,27,5.7,-28.55025,218.7992
37.93372,-1.415455,-12.47432,89.11867,7.989664,2.918928,0.1868034,-0.02325272,0.05473492,-0.0005327696,-0.99823,8.038214,2.908782,0.1907716,-0.1041814,-0.169525,0.9800038,26,-0.7,-10.14202,87.81821,27,5.7,-28.23454,216.5528
37.95142,-1.516279,-12.47431,89.11864,7.876231,2.921427,0.1860702,-0.02200881,0.05607184,9.80515E-05,-0.9981841,7.937385,2.908782,0.1907716,-0.1041814,-0.169525,0.9800038,26,-0.7,-9.906989,86.14585,27,5.7,-27.99951,214.8805
37.97534,-2.12313,-13.44967,96.05865,7.642267,2.926795,0.1837146,-0.01885647,0.05807695,0.0009425835,-0.9981336,7.704215,2.913273,0.1892759,-0.1005345,-0.1673941,0.9807508,26,-0.7,-9.59196,83.9043,27,5.7,-27.68448,212.6389
37.99316,-2.234062,-13.44967,96.05867,7.517471,2.929463,0.1823269,-0.01603288,0.05817198,0.001241444,-0.9981771,7.593285,2.913273,0.1892759,-0.1005345,-0.1673941,0.9807508,26,-0.7,-9.35621,82.22685,27,5.7,-27.44873,210.9615
38.01709,-4.799242,-16.44566,117.3761,7.260698,2.93494,0.1796804,-0.011511,0.05801689,0.001989349,-0.9982473,7.336839,2.918775,0.1869806,-0.101645,-0.1621857,0.9815111,26,-0.7,-9.039975,79.97672,27,5.7,-27.1325,208.7114
38.03479,-9.852385,-23.3219,166.3031,7.125587,2.93773,0.1783158,-0.009575054,0.05711098,0.002131951,-0.9983197,7.185892,2.924999,0.1840258,-0.1007939,-0.1552697,0.9827166,26,-0.7,-8.805731,78.30999,27,5.7,-26.89825,207.0446
38.05872,-10.09802,-23.32191,166.3032,6.849264,2.942836,0.1756551,-0.006882234,0.05528887,0.002752151,-0.9984429,6.940271,2.924999,0.1840258,-0.1007939,-0.1552697,0.9827166,26,-0.7,-8.488556,76.05318,27,5.7,-26.58108,204.7878
38.07654,-5.111496,-17.52582,125.0619,6.705601,2.945419,0.1745213,-0.006442158,0.05417667,0.003122779,-0.9985057,6.779306,2.931489,0.1808896,-0.09355255,-0.1609507,0.9825186,26,-0.7,-8.253912,74.3836,27,5.7,-26.34643,203.1182
38.10046,-2.607717,-13.94716,99.59849,6.411587,2.951027,0.1722077,-0.004849958,0.05225812,0.004703417,-0.9986109,6.482617,2.937772,0.1778222,-0.08977827,-0.1667596,0.9819018,26,-0.7,-7.936551,72.12546,27,5.7,-26.02907,200.8601
38.11841,-2.742523,-13.94715,99.59844,6.259925,2.953715,0.1710764,-0.004302314,0.05132989,0.005425937,-0.9986578,6.347807,2.937772,0.1778222,-0.08977827,-0.1667596,0.9819018,26,-0.7,-7.700124,70.44319,27,5.7,-25.79265,199.1778
38.14233,-2.507615,-13.38556,95.60252,5.953907,2.95863,0.168539,-0.003629648,0.05002657,0.00649461,-0.9987202,6.03827,2.944269,0.1747462,-0.08792845,-0.1680173,0.9818547,26,-0.7,-7.383691,68.19165,27,5.7,-25.47621,196.9263
38.16016,-4.388052,-13.58118,96.99444,5.797557,2.960931,0.1671868,-0.004146454,0.04941513,0.007197804,-0.9987438,5.860075,2.950757,0.1718446,-0.1037711,-0.1674002,0.9804125,26,-0.7,-7.147095,66.50819,27,5.7,-25.23962,195.2428
38.18408,-4.66851,-13.58118,96.99445,5.482042,2.965484,0.1646602,-0.004286512,0.04871051,0.007928888,-0.9987723,5.579618,2.950757,0.1718446,-0.1037711,-0.1674002,0.9804125,26,-0.7,-6.831176,64.2603,27,5.7,-24.9237,192.9949
38.2019,-5.173349,-14.15248,101.0593,5.32225,2.967691,0.1633723,-0.003989562,0.0489672,0.007709197,-0.9987627,5.396887,2.956923,0.1690038,-0.1027481,-0.1663121,0.9807054,26,-0.7,-6.595133,62.58077,27,5.7,-24.68766,191.3154
38.22583,-5.455785,-14.15248,101.0593,5.004511,2.971577,0.1605251,-0.003435465,0.04969907,0.007542158,-0.9987299,5.114451,2.956923,0.1690038,-0.1027481,-0.1663121,0.9807054,26,-0.7,-6.279517,60.33504,27,5.7,-24.37204,189.0697
38.2439,-5.189885,-13.71667,97.95836,4.845531,2.973617,0.1590577,-0.003308034,0.05045529,0.007803421,-0.9986904,4.931528,2.962559,0.1659856,-0.1014988,-0.1672614,0.9806741,26,-0.7,-6.041245,58.63965,27,5.7,-24.13377,187.3743
38.2677,-5.978976,-14.0147,100.0789,4.528619,2.977312,0.1563397,-0.001728225,0.0513606,0.009356422,-0.9986349,4.607779,2.967617,0.1626785,-0.1038929,-0.1666557,0.9805264,26,-0.7,-5.726175,56.39781,27,5.7,-23.8187,185.1324
38.28564,-6.119136,-14.0147,100.0789,4.370938,2.979069,0.1550804,-0.0005949286,0.05178481,0.01034323,-0.9986045,4.467619,2.967617,0.1626785,-0.1038929,-0.1666557,0.9805264,26,-0.7,-5.48817,54.70432,27,5.7,-23.58069,183.4389
38.30957,-7.53915,-15.19667,108.4891,4.058523,2.982264,0.1524695,0.001084181,0.05242871,0.01182649,-0.9985541,4.147669,2.972338,0.1593113,-0.1057987,-0.1644807,0.9806899,26,-0.7,-5.172663,52.45937,27,5.7,-23.26519,181.194
38.32727,-6.820391,-14.24673,101.7299,3.90415,2.983742,0.151218,0.001064787,0.05258108,0.01232434,-0.9985401,3.968337,2.976789,0.1558735,-0.104151,-0.1662705,0.9805644,26,-0.7,-4.937871,50.78873,27,5.7,-23.03039,179.5234
38.35107,-7.092313,-14.24673,101.7299,3.598238,2.986301,0.1491156,0.001281092,0.05248749,0.01399515,-0.9985228,3.696414,2.976789,0.1558735,-0.104151,-0.1662705,0.9805644,26,-0.7,-4.623072,48.54883,27,5.7,-22.7156,177.2834
38.3689,-5.37981,-11.72337,83.77532,3.447252,2.987375,0.1482335,0.001446645,0.05210786,0.01530264,-0.9985232,3.520555,2.980701,0.152854,-0.1042556,-0.1722381,0.9795228,26,-0.7,-4.387858,46.87519,27,5.7,-22.48038,175.6098
38.39319,-5.644341,-11.72338,83.77532,3.149655,2.989019,0.1461693,0.00142855,0.05073009,0.01839039,-0.998542,3.256024,2.980701,0.152854,-0.1042556,-0.1722381,0.9795228,26,-0.7,-4.066861,44.59118,27,5.7,-22.15938,173.3258
38.41089,-5.3068,-11.57456,82.71646,3.003074,2.989374,0.1451244,0.0002893375,0.04947011,0.02004195,-0.9985744,3.084713,2.984022,0.1501772,-0.09959197,-0.172784,0.9799118,26,-0.7,-3.833227,42.92879,27,5.7,-21.92575,171.6634
38.43469,-5.758956,-12.39534,88.55656,2.713325,2.990182,0.1428985,-0.0009938546,0.04692524,0.02295507,-0.9986341,2.786861,2.986612,0.1476135,-0.09480278,-0.1706392,0.9807624,26,-0.7,-3.518339,40.68824,27,5.7,-21.61086,169.4229
38.45251,-5.885472,-12.39533,88.55653,2.570992,2.990059,0.141797,-0.0009353004,0.04505113,0.02470233,-0.9986788,2.660343,2.986612,0.1476135,-0.09480278,-0.1706392,0.9807624,26,-0.7,-3.283103,39.01445,27,5.7,-21.37563,167.7491
38.47632,-6.407477,-12.80551,91.47511,2.290302,2.98966,0.1398389,-0.001160045,0.04097406,0.02805651,-0.9987656,2.371401,2.98824,0.1449702,-0.09429462,-0.1696419,0.9809843,26,-0.7,-2.96746,36.76854,27,5.7,-21.05998,165.5032
38.49426,-5.682249,-12.38077,88.45291,2.152554,2.9892,0.1388552,-0.001118461,0.03844592,0.02948528,-0.998825,2.210582,2.988865,0.1425872,-0.08771307,-0.1708029,0.9813933,26,-0.7,-2.731256,35.08786,27,5.7,-20.82378,163.8225
38.51929,-5.924688,-12.38077,88.45291,1.87981,2.988394,0.1370762,-0.000782025,0.03354172,0.03144863,-0.9989421,1.968143,2.988865,0.1425872,-0.08771307,-0.1708029,0.9813933,26,-0.7,-2.39884,32.72259,27,5.7,-20.49136,161.4572
38.53613,-4.171811,-10.11883,72.35841,1.745411,2.987737,0.1363589,-2.799369E-05,0.03105704,0.0319383,-0.9990072,1.81118,2.988612,0.1402276,-0.08124482,-0.17799,0.9806727,26,-0.7,-2.177147,31.14517,27,5.7,-20.26967,159.8798
38.55994,-3.921925,-9.75146,69.74441,1.48097,2.987046,0.1349339,0.001151645,0.02608834,0.03297712,-0.999115,1.539537,2.987844,0.1378123,-0.07695102,-0.1794946,0.9807448,26,-0.7,-1.861973,28.90258,27,5.7,-19.95449,157.6372
38.578,-4.03725,-9.751465,69.74444,1.351232,2.98662,0.1347901,0.002524608,0.02364092,0.03275803,-0.9991806,1.424214,2.987844,0.1378123,-0.07695102,-0.1794946,0.9807448,26,-0.7,-1.623962,27.20905,27,5.7,-19.71648,155.9437
38.60168,-3.453459,-8.592271,61.49634,1.097019,2.983333,0.1342637,0.004874509,0.01921463,0.03193837,-0.9992933,1.162436,2.986776,0.1360018,-0.0737202,-0.1849284,0.9799831,26,-0.7,-1.310272,24.97703,27,5.7,-19.40279,153.7116
38.61975,-3.562007,-8.592273,61.49635,0.9749021,2.98197,0.1340567,0.00427018,0.01739324,0.03095296,-0.9993604,1.053887,2.986776,0.1360018,-0.0737202,-0.1849284,0.9799831,26,-0.7,-1.071955,23.28131,27,5.7,-19.16448,152.0159
38.64355,-3.39624,-8.74738,62.6,0.7356596,2.979363,0.1345839,0.004525887,0.01335324,0.02979438,-0.9994566,0.8063754,2.984983,0.1348598,-0.06597905,-0.1841926,0.9806732,26,-0.7,-0.7571405,21.04129,27,5.7,-18.84966,149.7759
38.66138,-3.573255,-7.80577,55.90009,0.6212676,2.976775,0.1344765,0.004358349,0.01148922,0.02909665,-0.9995011,0.6710795,2.982115,0.1342791,-0.07451681,-0.1894005,0.9790682,26,-0.7,-0.5213574,19.36361,27,5.7,-18.61388,148.0982
38.6853,-3.769726,-7.805763,55.90005,0.4002343,2.972394,0.1344438,0.0002469162,0.007773295,0.02825556,-0.9995705,0.4746055,2.982115,0.1342791,-0.07451681,-0.1894005,0.9790682,26,-0.7,-0.2051238,17.11349,27,5.7,-18.29765,145.8481
38.703,-2.79376,-6.384349,45.7863,0.2943454,2.969941,0.1347786,-0.002244704,0.005682305,0.02845087,-0.9995766,0.3484519,2.978348,0.1339951,-0.06727307,-0.2004504,0.9773914,26,-0.7,0.02982542,15.44174,27,5.7,-18.0627,144.1763
38.72693,-2.601421,-5.489912,39.42205,0.09233704,2.965074,0.1354004,-0.006477052,0.001929678,0.02901638,-0.9995561,0.1385573,2.973468,0.134377,-0.06801951,-0.2101021,0.9753104,26,-0.7,0.3457361,13.19392,27,5.7,-17.74679,141.9285
38.745,-2.685608,-5.489912,39.42205,-0.002373738,2.962953,0.1358021,-0.008281153,0.0001739636,0.02950303,-0.9995304,0.05436994,2.973468,0.134377,-0.06801951,-0.2101021,0.9753104,26,-0.7,0.583749,11.50037,27,5.7,-17.50878,140.235
38.76892,-2.197901,-4.574503,32.90857,-0.182743,2.958503,0.1366578,-0.01052988,-0.002887413,0.03080746,-0.9994657,-0.1343259,2.967933,0.134971,-0.06124537,-0.223854,0.9726965,26,-0.7,0.9013013,9.240868,27,5.7,-17.19122,137.9755
38.78662,-2.272094,-4.574502,32.90857,-0.2662108,2.956205,0.136961,-0.01115278,-0.004142009,0.03168004,-0.9994273,-0.2085195,2.967933,0.134971,-0.06124537,-0.223854,0.9726965,26,-0.7,1.134215,7.583601,27,5.7,-16.95831,136.3182
38.81042,-2.300524,-4.205013,30.27952,-0.4228603,2.951599,0.1378367,-0.01275515,-0.006150588,0.0326088,-0.9993679,-0.3740356,2.962472,0.1357461,-0.06205665,-0.2308814,0.9710009,26,-0.7,1.450241,5.334962,27,5.7,-16.64228,134.0696
38.82837,-2.370228,-3.94665,28.44117,-0.4932853,2.949435,0.1383562,-0.01180847,-0.006653525,0.03321628,-0.9993563,-0.4605304,2.957038,0.1366265,-0.06540768,-0.2364534,0.9694389,26,-0.7,1.686855,3.651364,27,5.7,-16.40567,132.386
38.85229,-2.485923,-3.94665,28.44116,-0.6234432,2.94329,0.1391722,-0.0103389,-0.007534966,0.03435245,-0.9993279,-0.5762263,2.957038,0.1366265,-0.06540768,-0.2364534,0.9694389,26,-0.7,2.002487,1.405527,27,5.7,-16.09004,130.1401
38.87036,-2.365863,-3.77563,27.2243,-0.6782535,2.94056,0.1393821,-0.0108539,-0.007246443,0.03462361,-0.9993153,-0.6462106,2.951422,0.1376952,-0.06149879,-0.2405752,0.9686803,27,5.7,-15.85043,128.4352,28,-5.7,-34.52272,261.2957
38.89404,-2.288361,-3.605222,26.01178,-0.7790399,2.933894,0.1397594,-0.01058569,-0.007357985,0.03625041,-0.9992597,-0.7543198,2.945139,0.1387045,-0.05738284,-0.2450251,0.9678171,27,5.7,-15.53655,126.2019,28,-5.7,-34.20884,259.0623
38.91235,-2.325572,-3.605222,26.01178,-0.8209026,2.929828,0.1396461,-0.0110643,-0.007485562,0.03780037,-0.9991961,-0.7915311,2.945139,0.1387045,-0.05738284,-0.2450251,0.9678171,27,5.7,-15.29523,124.4848,28,-5.7,-33.96753,257.3453
38.93591,-2.273229,-3.264835,23.5898,-0.8897547,2.922463,0.1395724,-0.01357423,-0.007270187,0.04000827,-0.9990807,-0.8684318,2.937932,0.1393284,-0.05781635,-0.2552834,0.9651361,27,5.7,-14.98424,122.272,28,-5.7,-33.65654,255.1325
38.95398,-2.294394,-3.264834,23.5898,-0.9135652,2.919252,0.1397285,-0.01439524,-0.007051133,0.041415,-0.9990135,-0.8895967,2.937932,0.1393284,-0.05781635,-0.2552834,0.9651361,27,5.7,-14.7449,120.569,28,-5.7,-33.41719,253.4295
38.97778,-2.281073,-2.885182,20.88843,-0.9508452,2.91279,0.1400875,-0.0143989,-0.007358618,0.04591992,-0.9988142,-0.9350796,2.929651,0.1396099,-0.06234273,-0.2693272,0.9610288,27,5.7,-14.43098,118.3353,28,-5.7,-33.10327,251.1958
38.99573,-2.308076,-2.826418,20.4703,-0.9581457,2.909987,0.1402685,-0.01464273,-0.007467948,0.0480641,-0.998709,-0.950551,2.921195,0.1397717,-0.0641221,-0.2714861,0.960304,27,5.7,-14.19304,116.6423,28,-5.7,-32.86533,249.5027
39.01941,-2.308859,-2.826418,20.4703,-0.9590271,2.90503,0.140606,-0.0154853,-0.008214533,0.05256943,-0.9984634,-0.9513345,2.921195,0.1397717,-0.0641221,-0.2714861,0.960304,27,5.7,-13.87916,114.4089,28,-5.7,-32.55145,247.2694
39.03735,-0.3959551,-4.058352,29.23585,-0.9492991,2.903241,0.1408388,-0.01591248,-0.009091433,0.05518357,-0.9983081,-0.948186,2.913365,0.1400818,0.01845417,-0.2329771,0.9723071,27,5.7,-13.64204,112.7217,28,-5.7,-32.31433,245.5822
39.06116,4.328224,-8.50058,60.84395,-0.920751,2.900193,0.1413132,-0.0153561,-0.01148485,0.06173962,-0.9979081,-0.924661,2.906755,0.1405063,0.08473906,-0.1840221,0.9792625,27,5.7,-13.32751,110.4837,28,-5.7,-31.9998,243.3442
39.07922,4.348854,-8.500582,60.84396,-0.8975434,2.898911,0.1415714,-0.01415154,-0.01295221,0.06462561,-0.9977252,-0.9040321,2.906755,0.1405063,0.08473906,-0.1840221,0.9792625,27,5.7,-13.08902,108.7868,28,-5.7,-31.76132,241.6473
39.10291,18.59632,-29.8001,212.3979,-0.8399971,2.896864,0.1420603,-0.01218107,-0.01535387,0.06757003,-0.9975221,-0.8513958,2.901821,0.1409739,0.09018598,-0.1516505,0.9843112,27,5.7,-12.77542,106.5554,28,-5.7,-31.44771,239.4158
39.12097,18.62919,-29.80006,212.3976,-0.8029923,2.896066,0.1424372,-0.01070266,-0.01651598,0.0676955,-0.9975119,-0.8185028,2.901821,0.1409739,0.09018598,-0.1516505,0.9843112,27,5.7,-12.53687,104.858,28,-5.7,-31.20916,237.7185
39.14478,NaN,NaN,NaN,-0.7187724,2.894289,0.1427795,-0.00856257,-0.01883227,0.06857439,-0.9974315,-0.7389885,2.89827,0.1415331,0.04572305,-0.1443207,0.988474,27,5.7,-12.22279,102.6232,28,-5.7,-30.89508,235.4837
39.16284,11.37431,-34.68172,247.1324,-0.6679903,2.893302,0.142812,-0.008452832,-0.01981614,0.06852405,-0.9974169,-0.6861707,2.895588,0.1420852,0.04821809,-0.150235,0.9874738,27,5.7,-11.98409,100.9248,28,-5.7,-30.65639,233.7853
39.18652,11.47372,-34.68175,247.1326,-0.5561634,2.891473,0.1429281,-0.008546335,-0.02183841,0.06903264,-0.9973387,-0.5867689,2.895588,0.1420852,0.04821809,-0.150235,0.9874738,27,5.7,-11.67008,98.69052,28,-5.7,-30.34238,231.551
39.20459,12.629,-35.91916,255.9374,-0.4919292,2.890685,0.1429757,-0.009322567,-0.02272512,0.06954404,-0.9972764,-0.5190766,2.893441,0.1425864,0.05075368,-0.1498229,0.9874094,27,5.7,-11.4318,96.99508,28,-5.7,-30.1041,229.8555
39.22827,12.85,-35.90773,257.5374,-0.353452,2.89062,0.1433919,-0.01077941,-0.02435797,0.07078867,-0.9971356,-0.3824581,2.8914,0.1428918,0.0507694,-0.1488619,0.9875539,27,5.7,-11.11811,94.76303,28,-5.7,-29.7904,227.6235
39.24646,12.85,-35.70452,256.1894,-0.2754885,2.891703,0.1439133,-0.01133107,-0.02534308,0.0718649,-0.9970281,-0.3131572,2.8914,0.1428918,0.0507694,-0.1488619,0.9875539,27,5.7,-10.87726,93.04929,28,-5.7,-29.54955,225.9097
39.27039,10.25002,-26.56262,189.3619,-0.1104044,2.894547,0.1446581,-0.01301377,-0.02778605,0.07453668,-0.9967462,-0.1500246,2.89012,0.1432067,0.05422919,-0.1535761,0.9866477,27,5.7,-10.56207,90.80659,28,-5.7,-29.23436,223.6671
39.28845,10.32997,-26.56263,189.362,-0.02047124,2.896257,0.1444391,-0.01608093,-0.02922019,0.0756318,-0.9965779,-0.07008405,2.89012,0.1432067,0.05422919,-0.1535761,0.9866477,27,5.7,-10.32283,89.10428,28,-5.7,-28.99512,221.9647
39.31189,11.13316,-27.76005,197.8822,0.1679253,2.90074,0.1437683,-0.02475379,-0.03208813,0.07758805,-0.9961615,0.1166726,2.890931,0.1438437,0.05497167,-0.1529468,0.9867043,27,5.7,-10.01313,86.90068,28,-5.7,-28.68542,219.7611
39.32983,8.896082,-19.96956,142.4499,0.2706679,2.903909,0.1432655,-0.02917353,-0.03368795,0.07799254,-0.9959575,0.2298778,2.893899,0.1442395,0.06001903,-0.1583442,0.9855582,27,5.7,-9.774788,85.20479,28,-5.7,-28.44708,218.0652
39.35364,9.085753,-19.96956,142.4499,0.4840485,2.911356,0.1421764,-0.03434665,-0.03651206,0.07770774,-0.9957152,0.4195495,2.893899,0.1442395,0.06001903,-0.1583442,0.9855582,27,5.7,-9.460907,82.97141,28,-5.7,-28.1332,215.8319
39.37134,6.441527,-16.15242,115.2894,0.5989521,2.916226,0.141779,-0.03410938,-0.03756279,0.07617372,-0.9958028,0.5462345,2.898986,0.1438233,0.05044755,-0.1630279,0.9853309,27,5.7,-9.226204,81.30141,28,-5.7,-27.8985,214.1619
39.39526,8.096362,-17.42705,124.3589,0.8350208,2.925979,0.1409899,-0.03155078,-0.03981807,0.07311096,-0.996029,0.7832454,2.906652,0.1431309,0.05800316,-0.1612745,0.9852036,27,5.7,-8.909853,79.05045,28,-5.7,-27.58215,211.9109
39.41321,8.205979,-17.42705,124.3589,0.9583415,2.930748,0.1401997,-0.02949944,-0.0406763,0.07122138,-0.9961941,0.8928639,2.906652,0.1431309,0.05800316,-0.1612745,0.9852036,27,5.7,-8.673334,77.36753,28,-5.7,-27.34563,210.228
39.43713,12.85,-29.27177,210.2706,1.209626,2.940067,0.1382722,-0.02697079,-0.04219796,0.06833226,-0.9964048,1.145893,2.916776,0.1420834,0.05497426,-0.1511898,0.9869749,27,5.7,-8.357382,75.11941,28,-5.7,-27.02967,207.9799
39.45496,12.85,-28.95367,208.1941,1.339747,2.944299,0.1370929,-0.02605796,-0.04238285,0.06673831,-0.9965293,1.261556,2.916776,0.1420834,0.05497426,-0.1511898,0.9869749,27,5.7,-8.12078,73.4359,28,-5.7,-26.79307,206.2964
39.47888,20.60096,-44.82559,319.3101,1.604211,2.95226,0.1347682,-0.02516629,-0.04179648,0.06299796,-0.9968205,1.528392,2.928011,0.140344,0.05899603,-0.1477134,0.9872691,27,5.7,-7.80537,71.19164,28,-5.7,-26.47766,204.0521
39.4967,11.61366,-28.43778,202.7045,1.740674,2.955781,0.1335499,-0.02499754,-0.04060337,0.0611737,-0.9969876,1.683175,2.939011,0.1380601,0.04838883,-0.1528916,0.9870576,27,5.7,-7.569266,69.51167,28,-5.7,-26.24156,202.3721
39.52075,11.85748,-28.43776,202.7044,2.014978,2.961806,0.1308346,-0.02375603,-0.03833599,0.0584241,-0.9972726,1.927001,2.939011,0.1380601,0.04838883,-0.1528916,0.9870576,27,5.7,-7.251398,67.24992,28,-5.7,-25.92369,200.1104
39.53833,10.69055,-27.67679,197.2898,2.154933,2.964505,0.1297444,-0.02452439,-0.03624758,0.05714642,-0.9974061,2.086387,2.94881,0.1353323,0.0430845,-0.1533547,0.9872316,27,5.7,-7.019496,65.59986,28,-5.7,-25.69179,198.4603
39.5625,9.353591,-24.61986,175.5385,2.43517,2.969717,0.1270047,-0.02533775,-0.03272238,0.05630778,-0.9975554,2.371489,2.957207,0.132383,0.03929194,-0.1551907,0.9871029,27,5.7,-6.699687,63.3243,28,-5.7,-25.37198,196.1848
39.57996,9.478703,-24.61986,175.5385,2.57592,2.97164,0.1255876,-0.02597585,-0.0307791,0.05638904,-0.9975963,2.4966,2.957207,0.132383,0.03929194,-0.1551907,0.9871029,27,5.7,-6.468415,61.67871,28,-5.7,-25.14071,194.5392
39.60413,8.037485,-20.89588,149.041,2.858649,2.975699,0.1229088,-0.02773693,-0.02644914,0.05559116,-0.9977179,2.784737,2.964219,0.1292779,0.03480886,-0.1581159,0.9868069,27,5.7,-6.14871,59.40389,28,-5.7,-24.821,192.2643
39.62195,8.162858,-20.89589,149.0411,2.99969,2.977358,0.1216368,-0.02814599,-0.02439535,0.05548706,-0.9977645,2.910107,2.964219,0.1292779,0.03480886,-0.1581159,0.9868069,27,5.7,-5.913922,57.73329,28,-5.7,-24.58621,190.5937
39.64587,6.934978,-18.84718,134.4637,3.282297,2.980504,0.1192611,-0.02814426,-0.01988338,0.05356137,-0.9979699,3.198635,2.969953,0.1260583,0.02744302,-0.1602445,0.9866958,27,5.7,-5.59646,55.47443,28,-5.7,-24.26875,188.3349
39.66345,6.263296,-16.32968,116.5508,3.422376,2.98146,0.1182414,-0.02711154,-0.01797695,0.05230852,-0.998101,3.360684,2.974725,0.1228865,0.02458731,-0.163523,0.9862331,27,5.7,-5.364181,53.82168,28,-5.7,-24.03647,186.6821
39.68799,6.512778,-16.32967,116.5507,3.703046,2.984282,0.116361,-0.02571364,-0.01434275,0.05011527,-0.9983094,3.610168,2.974725,0.1228865,0.02458731,-0.163523,0.9862331,27,5.7,-5.03992,51.51445,28,-5.7,-23.71221,184.3749
39.7052,5.757933,-16.72211,119.343,3.841773,2.984752,0.1156611,-0.02327094,-0.01274716,0.04876448,-0.9984578,3.771026,2.978506,0.1199871,0.01644025,-0.1630089,0.9864876,27,5.7,-4.811972,49.89251,28,-5.7,-23.48426,182.753
39.72949,6.742957,-18.99783,135.5356,4.117115,2.985734,0.1145949,-0.02127061,-0.008462369,0.04492078,-0.9987282,4.053176,2.981614,0.1175205,0.01960243,-0.1601806,0.9868931,27,5.7,-4.491242,47.6104,28,-5.7,-23.16353,180.4709
39.74695,6.865516,-18.99781,135.5355,4.254995,2.986673,0.1143903,-0.0193234,-0.006126158,0.04332151,-0.9988555,4.175736,2.981614,0.1175205,0.01960243,-0.1601806,0.9868931,27,5.7,-4.261107,45.97291,28,-5.7,-22.9334,178.8334
39.77124,6.134812,-19.7773,141.0819,4.525801,2.986947,0.1146195,-0.01408754,-0.001539826,0.03990544,-0.999103,4.453558,2.983635,0.1157553,0.01177333,-0.1593884,0.9871458,27,5.7,-3.940246,43.68986,28,-5.7,-22.61254,176.5503
39.78918,6.253872,-19.77729,141.0818,4.659744,2.987117,0.1151235,-0.01257956,0.0006818473,0.03841157,-0.9991826,4.572619,2.983635,0.1157553,0.01177333,-0.1593884,0.9871458,27,5.7,-3.702132,41.99559,28,-5.7,-22.37442,174.856
39.81299,7.517808,-22.31225,159.1191,4.92522,2.986507,0.1162972,-0.008775606,0.005101912,0.03561371,-0.9993141,4.845211,2.985096,0.1148359,0.01659726,-0.1571008,0.9874431,27,5.7,-3.38817,39.76163,28,-5.7,-22.06046,172.6221
39.83105,6.042652,-19.67424,140.3486,5.05587,2.986015,0.117351,-0.00782024,0.007335917,0.03465195,-0.999342,4.997417,2.985841,0.1149272,0.007357863,-0.1595146,0.9871682,27,5.7,-3.149107,38.06061,28,-5.7,-21.8214,170.9211
39.85498,6.269197,-19.67423,140.3485,5.310734,2.984366,0.11958,-0.006372689,0.01097545,0.03427508,-0.9993319,5.223964,2.985841,0.1149272,0.007357863,-0.1595146,0.9871682,27,5.7,-2.831654,35.80182,28,-5.7,-21.50394,168.6623
39.87244,6.00239,-13.77848,98.39807,5.434191,2.984054,0.1211095,-0.007407868,0.01201702,0.03536963,-0.9992746,5.369174,2.985572,0.1161313,0.006350978,-0.1681392,0.9857428,27,5.7,-2.6009,34.15992,28,-5.7,-21.27319,167.0204
39.89648,5.715722,-13.41511,95.81252,5.677222,2.982213,0.1245937,-0.006759761,0.01430014,0.03576839,-0.999235,5.619698,2.984454,0.1184139,0.0009890022,-0.1689123,0.9856306,27,5.7,-2.283447,31.90112,28,-5.7,-20.95574,164.7616
39.91431,5.819865,-13.4151,95.81245,5.794384,2.980675,0.1263129,-0.006386052,0.01530347,0.03511162,-0.9992458,5.723842,2.984454,0.1184139,0.0009890022,-0.1689123,0.9856306,27,5.7,-2.047789,30.22433,28,-5.7,-20.72008,163.0848
39.93823,5.434389,-11.57668,82.73135,6.01828,2.978293,0.1298989,-0.007345044,0.01670029,0.03574174,-0.9991946,5.956185,2.982701,0.121659,-0.006220434,-0.1735647,0.9848028,27,5.7,-1.73205,27.97773,28,-5.7,-20.40434,160.8382
39.95679,5.529429,-11.5766,82.7309,6.125196,2.976719,0.1319439,-0.007484443,0.01743599,0.03602003,-0.999171,6.051223,2.982701,0.121659,-0.006220434,-0.1735647,0.9848028,27,5.7,-1.486357,26.22953,28,-5.7,-20.15865,159.09
39.97998,5.497066,-11.02245,78.78776,6.332815,2.974146,0.1361553,-0.007650588,0.01872441,0.0355041,-0.9991649,6.26762,2.98018,0.125636,-0.009643695,-0.1752466,0.9844774,27,5.7,-1.179319,24.04485,28,-5.7,-19.85161,156.9053
39.99792,5.233613,-11.67477,83.42941,6.431739,2.972541,0.1385375,-0.006223978,0.0192669,0.03417068,-0.9992109,6.385633,2.977064,0.1301566,-0.01361956,-0.1732185,0.9847893,27,5.7,-0.9432052,22.36481,28,-5.7,-19.61549,155.2253
40.02246,5.401169,-11.67477,83.42941,6.620241,2.968794,0.1429682,-0.003296438,0.02018397,0.03208311,-0.999276,6.55319,2.977064,0.1301566,-0.01361956,-0.1732185,0.9847893,27,5.7,-0.6188039,20.05658,28,-5.7,-19.29109,152.9171
40.03967,1.864568,-14.56122,103.9676,6.707456,2.966635,0.1451788,-0.001925047,0.02044495,0.03124758,-0.9993008,6.658896,2.973701,0.1351377,-0.04548195,-0.166347,0.9850178,27,5.7,-0.3901431,18.42957,28,-5.7,-19.06243,151.2901
40.0636,-5.726421,-24.05632,171.5291,6.87326,2.962559,0.1495259,0.0003904141,0.0210011,0.03037213,-0.999318,6.832368,2.969808,0.1403329,-0.07219334,-0.1553579,0.9852167,27,5.7,-0.07335111,16.17548,28,-5.7,-18.74564,149.036
40.08167,-5.658751,-24.05632,171.5291,6.949389,2.959975,0.1515884,0.001110083,0.02113645,0.02988676,-0.9993292,6.900038,2.969808,0.1403329,-0.07219334,-0.1553579,0.9852167,27,5.7,0.1640875,14.48601,28,-5.7,-18.5082,147.3465
40.10535,-11.90553,-34.89426,248.6451,7.089941,2.954504,0.1560885,0.002195356,0.02110457,0.02932092,-0.9993448,7.048882,2.965232,0.1456051,-0.07519186,-0.1501881,0.985794,27,5.7,0.4777676,12.25406,28,-5.7,-18.19452,145.1145
40.12415,-11.85124,-34.89435,248.6457,7.151068,2.951283,0.1583099,0.003125745,0.02099466,0.02859663,-0.9993657,7.103217,2.965232,0.1456051,-0.07519186,-0.1501881,0.985794,27,5.7,0.7265733,10.48372,28,-5.7,-17.94571,143.3442
40.14722,-10.89004,-30.60577,218.1309,7.264043,2.944485,0.1622133,0.004597331,0.02130592,0.02682278,-0.9994026,7.224968,2.959828,0.1511956,-0.08186036,-0.1516805,0.985034,27,5.7,1.030658,8.320044,28,-5.7,-17.64163,141.1805
40.16516,-4.017359,-18.59374,132.6606,7.311059,2.941089,0.1640787,0.004878474,0.02147968,0.02584386,-0.9994233,7.285629,2.95323,0.1562412,-0.08389997,-0.1599391,0.9835549,27,5.7,1.268801,6.625568,28,-5.7,-17.40349,139.4861
40.18958,-3.945683,-18.59373,132.6605,7.391686,2.934401,0.1677434,0.005625905,0.02188881,0.02353128,-0.9994676,7.357297,2.95323,0.1562412,-0.08389997,-0.1599391,0.9835549,27,5.7,1.59149,4.329518,28,-5.7,-17.0808,137.19
40.20703,-3.33302,-17.19085,122.6785,7.420436,2.931202,0.1694299,0.005740453,0.02212182,0.02227339,-0.9994907,7.398758,2.945617,0.1610225,-0.08611317,-0.1615776,0.9830958,27,5.7,1.821584,2.692311,28,-5.7,-16.8507,135.5528
40.23083,-4.439967,-17.71282,126.3925,7.463726,2.924693,0.1726669,0.006238284,0.02252984,0.02075299,-0.9995113,7.449858,2.937519,0.1655171,-0.09255919,-0.1607575,0.9826443,27,5.7,2.137099,0.4473083,28,-5.7,-16.53519,133.3078
40.24878,-4.431829,-17.71283,126.3926,7.47289,2.922111,0.1742457,0.006221728,0.02271719,0.0204699,-0.999513,7.458003,2.937519,0.1655171,-0.09255919,-0.1607575,0.9826443,28,-5.7,-16.29809,131.6207,29,5.7,-34.77179,263.0681
40.27258,-5.446274,-18.71478,133.5218,7.477448,2.917609,0.1771626,0.006246069,0.0231166,0.01961439,-0.9995208,7.470942,2.929482,0.1696757,-0.09518014,-0.1594851,0.9826012,28,-5.7,-15.98349,129.3823,29,5.7,-34.4572,260.8297
40.2915,-5.456465,-18.71478,133.5218,7.465983,2.915516,0.1783027,0.005844521,0.02389802,0.01851551,-0.9995259,7.460752,2.929482,0.1696757,-0.09518014,-0.1594851,0.9826012,28,-5.7,-15.73318,127.6012,29,5.7,-34.20688,259.0486
40.31433,-6.902494,-19.28875,137.6058,7.428417,2.911498,0.1803201,0.004485188,0.02543326,0.01696491,-0.9995225,7.432249,2.922556,0.1735669,-0.1024264,-0.1587071,0.9819984,28,-5.7,-15.43166,125.4558,29,5.7,-33.90537,256.9032
40.33276,-12.85,-26.3602,188.813,7.396177,2.909716,0.1811763,0.00392574,0.02615582,0.01608139,-0.9995208,7.404315,2.916764,0.1769643,-0.1055099,-0.1525112,0.9826536,28,-5.7,-15.1869,123.7142,29,5.7,-33.66061,255.1616
40.35681,-12.85,-26.26057,188.1711,7.318637,2.906744,0.1829606,0.005193672,0.02800658,0.0128667,-0.9995114,7.33539,2.916764,0.1769643,-0.1055099,-0.1525112,0.9826536,28,-5.7,-14.87009,121.46,29,5.7,-33.3438,252.9074
40.37402,-11.53087,-24.05437,171.5153,7.265271,2.905323,0.1837635,0.007862727,0.02904547,0.01062079,-0.9994908,7.28445,2.911711,0.1797389,-0.1078475,-0.1545669,0.9820784,28,-5.7,-14.64156,119.834,29,5.7,-33.11527,251.2814
40.39783,-12.85,-25.59628,184.4483,7.145483,2.902231,0.1846699,0.01067237,0.03169642,0.005598404,-0.9994249,7.169886,2.907549,0.1819873,-0.1067559,-0.1519964,0.9825987,28,-5.7,-14.32802,117.603,29,5.7,-32.80173,249.0504
40.41541,-12.85,-25.50609,183.8653,7.074225,2.900351,0.1845502,0.01012624,0.03341221,0.002537961,-0.9993872,7.106545,2.907549,0.1819873,-0.1067559,-0.1519964,0.9825987,28,-5.7,-14.09441,115.9407,29,5.7,-32.56812,247.3882
40.43958,-21.33609,-36.27805,258.4911,6.918218,2.896072,0.1839337,0.00790104,0.03690277,-0.002918428,-0.9992834,6.955369,2.903901,0.1837032,-0.1076582,-0.1491001,0.982944,28,-5.7,-13.775,113.668,29,5.7,-32.24871,245.1154
40.45789,-21.41439,-36.2781,258.4915,6.830173,2.89402,0.1833346,0.005768157,0.03876494,-0.005297309,-0.9992177,6.877108,2.903901,0.1837032,-0.1076582,-0.1491001,0.982944,28,-5.7,-13.53363,111.9506,29,5.7,-32.00734,243.398
40.48132,-20.24716,-35.16463,250.5688,6.641112,2.891513,0.1823079,0.00320059,0.04191138,-0.009081071,-0.9990749,6.692458,2.899852,0.1843709,-0.1057741,-0.1494542,0.9830948,28,-5.7,-13.22382,109.7462,29,5.7,-31.69753,241.1936
40.49902,-12.39639,-24.24027,172.838,6.536368,2.891203,0.1819589,0.002654842,0.0430587,-0.01085835,-0.9990101,6.578967,2.895141,0.1838471,-0.1079368,-0.1543534,0.9821022,28,-5.7,-12.98964,108.0799,29,5.7,-31.46334,239.5273
40.5238,-12.59395,-24.24026,172.8379,6.314098,2.891886,0.180865,0.0001441159,0.04519231,-0.01528314,-0.9988614,6.381393,2.895141,0.1838471,-0.1079368,-0.1543534,0.9821022,28,-5.7,-12.66187,105.7477,29,5.7,-31.13557,237.1951
40.54077,-12.85,-22.44159,163.7535,6.192651,2.892823,0.1799947,-0.001443413,0.04547183,-0.01677231,-0.9988238,6.249351,2.891803,0.1828432,-0.1146289,-0.1520438,0.9817041,28,-5.7,-12.43741,104.1506,29,5.7,-30.91112,235.598
40.56482,-12.85,-22.25667,160.0067,5.943035,2.895648,0.1780412,-0.006556625,0.0466391,-0.02051176,-0.9986796,5.999873,2.890781,0.1815748,-0.1157245,-0.1543871,0.9812098,28,-5.7,-12.11899,101.8849,29,5.7,-30.59269,233.3323
40.5824,-12.85,-22.10233,159.0257,5.812889,2.898253,0.1770271,-0.009976313,0.04785106,-0.02313118,-0.9985368,5.884188,2.890781,0.1815748,-0.1157245,-0.1543871,0.9812098,28,-5.7,-11.88654,100.2309,29,5.7,-30.36024,231.6784
40.60657,-8.033011,-16.36278,116.7865,5.543068,2.90355,0.1742215,-0.01579601,0.05037547,-0.02706211,-0.9982387,5.613558,2.89226,0.1800318,-0.1147052,-0.1618467,0.9801267,28,-5.7,-11.56706,97.95773,29,5.7,-30.04077,229.4051
40.62476,-8.160719,-16.36278,116.7865,5.399397,2.90655,0.1724619,-0.01799943,0.05155465,-0.02589816,-0.998172,5.48585,2.89226,0.1800318,-0.1147052,-0.1618467,0.9801267,28,-5.7,-11.32698,96.2495,29,5.7,-29.80069,227.6969
40.64832,-9.846787,-17.80388,127.0407,5.107482,2.91328,0.1688308,-0.01964586,0.05346192,-0.02272174,-0.9981181,5.192938,2.896278,0.1776915,-0.1162108,-0.1599486,0.980261,28,-5.7,-11.01607,94.03725,29,5.7,-29.48978,225.4846
40.66614,-12.85,-21.29597,154.2444,4.95625,2.916766,0.1667498,-0.01855692,0.05434585,-0.02034507,-0.9981424,5.02259,2.9023,0.1742657,-0.1138529,-0.1541491,0.9814661,28,-5.7,-10.78039,92.36032,29,5.7,-29.2541,223.8077
40.6908,-12.85,-20.92426,151.8777,4.647388,2.923224,0.1620393,-0.01747581,0.05528574,-0.0168936,-0.9981747,4.748045,2.9023,0.1742657,-0.1138529,-0.1541491,0.9814661,28,-5.7,-10.45456,90.04189,29,5.7,-28.92827,221.4893
40.70789,-12.85,-20.27018,146.3846,4.487071,2.926491,0.1593194,-0.01727356,0.05525237,-0.01536283,-0.9982048,4.567386,2.909767,0.1700686,-0.1168469,-0.1555057,0.9809,28,-5.7,-10.22815,88.43092,29,5.7,-28.70186,219.8783
40.73181,-12.85,-19.46359,141.2406,4.164002,2.932867,0.153905,-0.01672786,0.0552116,-0.01367925,-0.9982409,4.239985,2.917852,0.1649033,-0.1187969,-0.1555792,0.9806541,28,-5.7,-9.91142,86.17725,29,5.7,-28.38513,217.6247
40.74976,-12.85,-19.27044,140.0232,3.998075,2.936115,0.1512013,-0.01619524,0.05472065,-0.01289971,-0.9982871,4.092495,2.917852,0.1649033,-0.1187969,-0.1555792,0.9806541,28,-5.7,-9.675219,84.4966,29,5.7,-28.14893,215.944
40.77356,-12.85,-19.81276,145.2587,3.661403,2.942936,0.1458229,-0.01535097,0.05359096,-0.01118706,-0.9983823,3.751512,2.925692,0.1590325,-0.1123197,-0.15384,0.9816911,28,-5.7,-9.35895,82.24623,29,5.7,-27.83266,213.6936
40.79211,-12.85,-19.60333,143.9223,3.489384,2.946365,0.1431588,-0.01495162,0.05298103,-0.0105742,-0.9984276,3.598607,2.925692,0.1590325,-0.1123197,-0.15384,0.9816911,28,-5.7,-9.114671,80.50809,29,5.7,-27.58838,211.9555
40.81531,-12.85,-20.32684,146.7941,3.144111,2.953025,0.13765,-0.01466541,0.05193335,-0.009148473,-0.9985009,3.248465,2.933485,0.1527086,-0.1077939,-0.155749,0.9818975,28,-5.7,-8.80748,78.32232,29,5.7,-27.28119,209.7697
40.83325,-12.85,-20.05092,146.8276,2.970581,2.956218,0.1349496,-0.01471553,0.05138683,-0.008247671,-0.9985363,3.049716,2.941496,0.1462914,-0.1064798,-0.1539794,0.9823199,28,-5.7,-8.570133,76.63351,29,5.7,-27.04385,208.0809
40.85742,-12.85,-19.60054,143.9544,2.620203,2.962615,0.1293747,-0.01391483,0.05026615,-0.006392765,-0.9986185,2.738268,2.941496,0.1462914,-0.1064798,-0.1539794,0.9823199,28,-5.7,-8.250287,74.35768,29,5.7,-26.724,205.8051
40.875,-12.85,-19.61184,142.1723,2.443555,2.965458,0.1266031,-0.01284839,0.0496068,-0.005051391,-0.9986734,2.535794,2.949512,0.1398213,-0.1063775,-0.1559894,0.9820138,28,-5.7,-8.019156,72.7131,29,5.7,-26.49287,204.1605
40.89893,-12.85,-19.61118,141.455,2.089847,2.970829,0.1212338,-0.01039353,0.04833741,-0.001935844,-0.9987752,2.174983,2.957238,0.1331695,-0.1044134,-0.156835,0.9820899,28,-5.7,-7.701845,70.45531,29,5.7,-26.17556,201.9027
40.91687,-12.85,-19.37536,139.9783,1.913226,2.97317,0.1185723,-0.008725666,0.04779786,-0.0002479781,-0.9988189,2.017986,2.957238,0.1331695,-0.1044134,-0.156835,0.9820899,28,-5.7,-7.464643,68.76753,29,5.7,-25.93836,200.215
40.94067,-11.91975,-17.93851,127.9986,1.559529,2.977381,0.1135299,-0.005935917,0.04680286,0.003114606,-0.9988816,1.656739,2.964361,0.1265655,-0.1042112,-0.1604475,0.9815277,28,-5.7,-7.149818,66.52744,29,5.7,-25.62353,197.9749
40.9585,-12.07688,-17.93852,127.9987,1.382757,2.978904,0.1109607,-0.00412622,0.04628526,0.005127852,-0.9989067,1.499608,2.964361,0.1265655,-0.1042112,-0.1604475,0.9815277,28,-5.7,-6.914241,64.85122,29,5.7,-25.38796,196.2986
40.98242,-12.85,-19.83677,144.841,1.031246,2.981385,0.1066551,-0.001439222,0.04507088,0.009093387,-0.9989414,1.139993,2.970506,0.1199518,-0.09505775,-0.1549685,0.9833356,28,-5.7,-6.597985,62.60094,29,5.7,-25.0717,194.0484
41.00024,-12.85,-18.21971,134.0326,0.85672,2.982627,0.1045496,-0.001159716,0.04397372,0.01166536,-0.998964,0.937822,2.975549,0.1138256,-0.1011691,-0.1555217,0.9826382,28,-5.7,-6.361906,60.92115,29,5.7,-24.83562,192.3686
41.02441,-12.93112,-17.87085,131.8284,0.5101613,2.984383,0.10091,-0.0008350548,0.04197229,0.01540399,-0.9989997,0.6297698,2.975549,0.1138256,-0.1011691,-0.1555217,0.9826382,28,-5.7,-6.043066,58.65249,29,5.7,-24.51678,190.0999
41.04199,-10.23628,-14.67893,104.8055,0.337407,2.984988,0.09936836,-0.0004237808,0.04054068,0.01804679,-0.9990149,0.4294257,2.979358,0.1083686,-0.09995019,-0.165479,0.9811354,28,-5.7,-5.810831,57.00005,29,5.7,-24.28455,188.4475
41.06604,-11.62063,-16.57039,118.2639,-0.003611526,2.986622,0.09672335,0.0003902749,0.03767544,0.02311486,-0.9990226,0.0799194,2.982091,0.1035103,-0.09723119,-0.1624805,0.9819095,28,-5.7,-5.492842,54.73744,29,5.7,-23.96656,186.1849
41.08386,-11.7696,-16.5704,118.264,-0.1711988,2.986273,0.09528036,0.001306357,0.03580371,0.02520057,-0.9990402,-0.06904706,2.982091,0.1035103,-0.09723119,-0.1624805,0.9819095,28,-5.7,-5.256649,53.05685,29,5.7,-23.73036,184.5043
41.10779,-11.0548,-15.43226,110.1657,-0.506169,2.985953,0.09323405,0.0001932224,0.03235704,0.02782092,-0.9990891,-0.4126121,2.984107,0.09929657,-0.09493238,-0.1642811,0.9818348,28,-5.7,-4.941039,50.81116,29,5.7,-23.41475,182.2586
41.12549,-11.20232,-15.43226,110.1657,-0.6721302,2.985702,0.0922925,0.0004591844,0.0298842,0.02930908,-0.9991235,-0.5601331,2.984107,0.09929657,-0.09493238,-0.1642811,0.9818348,28,-5.7,-4.706189,49.14012,29,5.7,-23.1799,180.5876
41.14978,-8.583605,-11.79148,84.26017,-0.9991896,2.983697,0.09072214,-0.0001988809,0.02578111,0.03071651,-0.9991956,-0.8962501,2.984992,0.09610069,-0.08959988,-0.172227,0.9809738,28,-5.7,-4.384948,46.85437,29,5.7,-22.85866,178.3018
41.16748,-8.594577,-11.1324,79.57062,-1.160301,2.983,0.08977523,-0.002534865,0.02328331,0.03141733,-0.999232,-1.084122,2.984804,0.09354198,-0.09264182,-0.1741365,0.980354,28,-5.7,-4.15085,45.18867,29,5.7,-22.62456,176.6361
41.19165,-8.874538,-11.13239,79.57056,-1.475265,2.981161,0.08793966,-0.005890026,0.01828248,0.03233678,-0.9992926,-1.364089,2.984804,0.09354198,-0.09264182,-0.1741365,0.980354,28,-5.7,-3.831809,42.91858,29,5.7,-22.30552,174.366
41.20911,-8.609144,-10.88561,77.81457,-1.629509,2.979999,0.08725174,-0.006797573,0.0158231,0.03163723,-0.999351,-1.544867,2.983511,0.09119368,-0.08912055,-0.1749682,0.9805323,28,-5.7,-3.601154,41.27738,29,5.7,-22.07487,172.7248
41.23315,-7.363073,-9.115007,65.2161,-1.934708,2.978509,0.08638586,-0.008359515,0.01108208,0.03086663,-0.9994271,-1.858855,2.981523,0.08902717,-0.08280846,-0.1819869,0.9798079,28,-5.7,-3.283117,39.01443,29,5.7,-21.75683,170.4619
41.25085,-7.496059,-9.115013,65.21614,-2.084313,2.978229,0.08626841,-0.008361807,0.00863234,0.03105029,-0.9994456,-1.991838,2.981523,0.08902717,-0.08280846,-0.1819869,0.9798079,28,-5.7,-3.048575,37.34558,29,5.7,-21.52229,168.793
41.2749,-7.203917,-8.507454,60.89314,-2.378999,2.975244,0.08546415,-0.008366122,0.003660686,0.0322734,-0.9994373,-2.295508,2.979268,0.0874511,-0.07907154,-0.1850443,0.9795439,28,-5.7,-2.730789,35.08441,29,5.7,-21.2045,166.5318
41.29248,-7.330846,-8.507454,60.89314,-2.521794,2.9745,0.08497809,-0.01006765,0.001601957,0.03254673,-0.9994182,-2.422437,2.979268,0.0874511,-0.07907154,-0.1850443,0.9795439,28,-5.7,-2.498346,33.43049,29,5.7,-20.97206,164.8779
41.31689,-7.246112,-7.931505,56.79505,-2.801698,2.972254,0.08471262,-0.01069721,-0.001998872,0.03204057,-0.9994273,-2.711763,2.977194,0.08635747,-0.07827809,-0.1883209,0.978983,28,-5.7,-2.176338,31.13928,29,5.7,-20.65005,162.5867
41.33435,-6.929594,-7.152557,51.25255,-2.938896,2.970817,0.08467333,-0.01088874,-0.003567524,0.03257724,-0.9994035,-2.872995,2.974815,0.08550179,-0.07753853,-0.1935764,0.9780163,28,-5.7,-1.945634,29.49774,29,5.7,-20.41935,160.9452
41.35852,-7.166309,-7.152558,51.25256,-3.205198,2.968092,0.08448848,-0.01220104,-0.006189391,0.03395605,-0.9993297,-3.109708,2.974815,0.08550179,-0.07753853,-0.1935764,0.9780163,28,-5.7,-1.625943,27.22302,29,5.7,-20.09966,158.6704
41.3761,-6.736712,-6.623823,47.49041,-3.334067,2.966262,0.08439089,-0.01339365,-0.007149227,0.03476422,-0.9992803,-3.262105,2.972092,0.08494699,-0.07165382,-0.1978883,0.9776022,28,-5.7,-1.393987,25.57257,29,5.7,-19.8677,157.02
41.40039,-7.077879,-6.29714,45.16594,-3.58571,2.963162,0.0843285,-0.01676287,-0.008893128,0.03681422,-0.9991419,-3.52222,2.968974,0.08462787,-0.07702745,-0.2007351,0.9766126,28,-5.7,-1.072677,23.28633,29,5.7,-19.54639,154.7337
41.41797,-7.185624,-6.29714,45.16594,-3.706922,2.9613,0.08434506,-0.01747924,-0.009625342,0.038454,-0.9990612,-3.629964,2.968974,0.08462787,-0.07702745,-0.2007351,0.9766126,28,-5.7,-0.8399323,21.63027,29,5.7,-19.31365,153.0777
41.44202,-6.975013,-5.605111,40.2417,-3.942883,2.957708,0.08473429,-0.01833019,-0.01142313,0.04124322,-0.9989157,-3.874595,2.965342,0.08435655,-0.07529194,-0.2081288,0.9751992,28,-5.7,-0.521144,19.36197,29,5.7,-18.99486,150.8094
41.45972,-7.074786,-5.605024,40.24129,-4.055162,2.955878,0.08522542,-0.01727951,-0.01214445,0.04201582,-0.9988937,-3.974398,2.965342,0.08435655,-0.07529194,-0.2081288,0.9751992,28,-5.7,-0.288061,17.7035,29,5.7,-18.76177,149.1509
41.48364,-6.885183,-4.967999,35.70841,-4.273222,2.951285,0.08620045,-0.01605664,-0.01376622,0.04294166,-0.9988537,-4.201501,2.961314,0.08423138,-0.07333559,-0.2166804,0.9734842,28,-5.7,0.02868494,15.44973,29,5.7,-18.44503,146.8971
41.50134,-6.813463,-4.674975,33.62343,-4.374937,2.948873,0.08667353,-0.01609883,-0.01425695,0.04271778,-0.9988558,-4.323507,2.957005,0.08479059,-0.07220177,-0.2213063,0.9725279,28,-5.7,0.2627727,13.78411,29,5.7,-18.21094,145.2315
41.52551,-6.98801,-4.6749,33.6231,-4.571329,2.943625,0.08786213,-0.01678881,-0.01584646,0.04327672,-0.9987963,-4.498078,2.957005,0.08479059,-0.07220177,-0.2213063,0.9725279,28,-5.7,0.5818049,11.51408,29,5.7,-17.89191,142.9615
41.54333,-6.97911,-4.560298,32.80767,-4.659905,2.940902,0.08840297,-0.01758576,-0.01621344,0.04286507,-0.9987945,-4.606514,2.952066,0.08577609,-0.0704935,-0.2232043,0.9722194,28,-5.7,0.8174469,9.8374,29,5.7,-17.65627,141.2848
41.56726,-6.79681,-3.866989,27.87431,-4.828243,2.934939,0.08949922,-0.01893802,-0.01706063,0.04308261,-0.9987464,-4.783605,2.946423,0.0869019,-0.07019225,-0.2375561,0.9688345,28,-5.7,1.134217,7.583465,29,5.7,-17.3395,139.0309
41.58508,-6.865252,-3.866989,27.87431,-4.90524,2.931506,0.09004627,-0.0195376,-0.01738623,0.04409025,-0.9986852,-4.852046,2.946423,0.0869019,-0.07019225,-0.2375561,0.9688345,28,-5.7,1.370261,5.903924,29,5.7,-17.10345,137.3513
41.60901,-6.954992,-3.671124,26.48086,-5.045051,2.924801,0.09094137,-0.02141066,-0.01790866,0.04650109,-0.9985282,-5.001246,2.93996,0.08825636,-0.07162318,-0.2423589,0.9675393,28,-5.7,1.686515,3.653663,29,5.7,-16.7872,135.1011
41.62683,-7.00774,-3.671123,26.48086,-5.104393,2.921295,0.09134653,-0.02192637,-0.01792413,0.04750212,-0.9984696,-5.053995,2.93996,0.08825636,-0.07162318,-0.2423589,0.9675393,28,-5.7,1.921773,1.979712,29,5.7,-16.55194,133.4271
41.65088,-7.019674,-3.420564,24.69804,-5.210929,2.91451,0.09210359,-0.02312715,-0.01786934,0.04887089,-0.9983775,-5.170867,2.93262,0.08961415,-0.07255203,-0.2493159,0.9657007,29,5.7,-16.23348,131.1611,30,-0.7,-34.32589,259.8954
41.66895,-6.88354,-2.943661,21.3047,-5.253845,2.911087,0.0924053,-0.02382822,-0.01778514,0.04999075,-0.998307,-5.228077,2.924672,0.0907793,-0.075,-0.2658626,0.961089,29,5.7,-15.99538,129.4669,30,-0.7,-34.08779,258.2011
41.6925,-6.947629,-2.943662,21.30471,-5.325945,2.904899,0.09286755,-0.02634605,-0.01822471,0.0533415,-0.9980624,-5.292166,2.924672,0.0907793,-0.075,-0.2658626,0.961089,29,5.7,-15.68296,127.244,30,-0.7,-33.77537,255.9782
41.71094,-6.866102,-2.704137,19.6004,-5.350761,2.902174,0.09311175,-0.0276123,-0.01834526,0.05498065,-0.997937,-5.329867,2.916473,0.09171236,-0.07545247,-0.2760578,0.9581748,29,5.7,-15.44051,125.5188,30,-0.7,-33.53292,254.253
41.73425,-6.652367,-2.594448,18.81992,-5.386633,2.897263,0.09353302,-0.02881222,-0.01863873,0.05751251,-0.9977549,-5.373729,2.908642,0.09248686,-0.06536629,-0.2813285,0.9573826,29,5.7,-15.13154,123.3204,30,-0.7,-33.22395,252.0546
41.75269,-6.659616,-2.594447,18.81992,-5.394788,2.89514,0.09375084,-0.02847188,-0.01891285,0.05918474,-0.9976617,-5.380978,2.908642,0.09248686,-0.06536629,-0.2813285,0.9573826,29,5.7,-14.88804,121.5878,30,-0.7,-32.98045,250.3221
41.77612,-2.48458,-7.237541,51.85725,-5.39956,2.890865,0.09392268,-0.02762387,-0.01998593,0.06326466,-0.9974142,-5.393466,2.901629,0.09308052,0.05506339,-0.1919281,0.979863,29,5.7,-14.57856,119.3858,30,-0.7,-32.67097,248.12
41.79407,0.7615191,-11.12402,79.51103,-5.391135,2.888963,0.09380361,-0.02741328,-0.02051,0.06467821,-0.9973187,-5.390623,2.895554,0.09350789,0.07606524,-0.1733384,0.9819205,29,5.7,-14.34018,117.6896,30,-0.7,-32.43259,246.4238
41.8175,0.7870003,-11.12402,79.51105,-5.362469,2.885756,0.09387258,-0.02687031,-0.0215531,0.0664851,-0.9971926,-5.365141,2.895554,0.09350789,0.07606524,-0.1733384,0.9819205,29,5.7,-14.03157,115.4937,30,-0.7,-32.12398,244.2279
41.83545,1.172394,-11.61348,82.99377,-5.337261,2.884597,0.09406135,-0.02614603,-0.02219898,0.0667005,-0.9971834,-5.343833,2.890397,0.09372008,0.07719629,-0.1718242,0.9820983,29,5.7,-13.79405,113.8037,30,-0.7,-31.88646,242.5379
41.85913,1.227413,-11.61349,82.99377,-5.275365,2.882186,0.09431742,-0.0250817,-0.02386265,0.0676617,-0.9971075,-5.288815,2.890397,0.09372008,0.07719629,-0.1718242,0.9820983,29,5.7,-13.48139,111.579,30,-0.7,-31.5738,240.3132
41.87732,1.342522,-12.15082,86.81709,-5.233836,2.881291,0.09455727,-0.02499689,-0.02506712,0.06783453,-0.9970684,-5.249439,2.886269,0.09389794,0.07468487,-0.1703655,0.9825466,29,5.7,-13.24072,109.8665,30,-0.7,-31.33312,238.6007
41.90088,1.906869,-12.52779,89.49939,-5.13869,2.879886,0.09543989,-0.0243509,-0.0276881,0.06727652,-0.9970528,-5.15893,2.882977,0.09416389,0.07764749,-0.169352,0.9824921,29,5.7,-12.92903,107.6488,30,-0.7,-31.02144,236.383
41.91919,1.957774,-12.52779,89.49939,-5.081421,2.879414,0.09595646,-0.0242516,-0.02967664,0.06677044,-0.997032,-5.108025,2.882977,0.09416389,0.07764749,-0.169352,0.9824921,29,5.7,-12.68628,105.9215,30,-0.7,-30.77869,234.6557
41.94263,1.77789,-11.58613,82.7991,-4.953762,2.878376,0.0966603,-0.0245626,-0.0335227,0.06646053,-0.9969233,-4.985312,2.880435,0.09490275,0.08029268,-0.1717469,0.9818636,29,5.7,-12.37663,103.7182,30,-0.7,-30.46904,232.4524
41.96106,1.844406,-11.58612,82.79907,-4.87893,2.878476,0.09708001,-0.02597273,-0.03559121,0.06592906,-0.9968511,-4.918794,2.880435,0.09490275,0.08029268,-0.1717469,0.9818636,29,5.7,-12.13355,101.9886,30,-0.7,-30.22595,230.7228
41.98438,2.395131,-11.27795,80.60634,-4.717832,2.879638,0.09843457,-0.02841467,-0.03929251,0.06434774,-0.9967488,-4.762558,2.878748,0.09567237,0.08722656,-0.1725194,0.9811364,29,5.7,-11.8246,99.79034,30,-0.7,-29.91701,228.5246
42.00269,2.391276,-10.67793,76.33698,-4.626773,2.881,0.09929447,-0.0294838,-0.04103992,0.06356114,-0.9966978,-4.665096,2.877831,0.09659421,0.09074905,-0.174335,0.9804958,29,5.7,-11.58208,98.06467,30,-0.7,-29.67449,226.7989
42.02625,6.365915,-15.54882,110.995,-4.434322,2.884162,0.1009254,-0.03290918,-0.04488511,0.06428226,-0.9963785,-4.474015,2.878372,0.09798038,0.09598041,-0.1631606,0.9819197,29,5.7,-11.27173,95.85645,30,-0.7,-29.36414,224.5907
42.0448,6.459835,-15.54881,110.9949,-4.328658,2.8862,0.1015879,-0.03605748,-0.0472135,0.06651345,-0.9960155,-4.380091,2.878372,0.09798038,0.09598041,-0.1631606,0.9819197,29,5.7,-11.02649,94.11143,30,-0.7,-29.11889,222.8457
42.06787,4.744383,-12.65197,90.38281,-4.109857,2.890935,0.1024504,-0.04247482,-0.05156655,0.06920464,-0.995363,-4.16215,2.880752,0.09988844,0.0967667,-0.1687582,0.9808959,29,5.7,-10.72004,91.93098,30,-0.7,-28.81245,220.6652
42.08618,4.849215,-12.65197,90.38281,-3.99192,2.894073,0.1027699,-0.0454555,-0.05355266,0.06933887,-0.9951171,-4.057318,2.880752,0.09988844,0.0967667,-0.1687582,0.9808959,29,5.7,-10.4784,90.21156,30,-0.7,-28.5708,218.9458
42.10986,4.136362,-10.41783,74.48627,-3.751376,2.901032,0.1033256,-0.04894627,-0.05710934,0.06938077,-0.9947508,-3.817046,2.885022,0.101362,0.1046742,-0.1750779,0.9789745,29,5.7,-10.16605,87.98908,30,-0.7,-28.25845,216.7233
42.12793,4.250226,-10.85959,77.62937,-3.623272,2.905232,0.1036768,-0.0486806,-0.05816078,0.06787725,-0.9948066,-3.673902,2.891064,0.102429,0.1001347,-0.1737627,0.9796834,29,5.7,-9.927011,86.28826,30,-0.7,-28.01942,215.0225
42.15173,4.483861,-10.85959,77.62935,-3.360432,2.913609,0.1043137,-0.04725715,-0.06006702,0.06389773,-0.9950255,-3.440266,2.891064,0.102429,0.1001347,-0.1737627,0.9796834,29,5.7,-9.612278,84.04882,30,-0.7,-27.70469,212.7831
42.16931,3.919225,-9.805689,70.13062,-3.223913,2.917588,0.1044409,-0.04603747,-0.06070482,0.06146961,-0.9951969,-3.287201,2.899057,0.103441,0.1007409,-0.1776037,0.9789321,29,5.7,-9.379965,82.39583,30,-0.7,-27.47237,211.1301
42.19336,6.833587,-13.29726,94.97426,-2.944483,2.925405,0.1043808,-0.04510978,-0.06155669,0.0574163,-0.9954292,-3.004843,2.908391,0.1040936,0.1016935,-0.1675074,0.9806119,29,5.7,-9.062165,80.13457,30,-0.7,-27.15457,208.8688
42.21118,6.96301,-13.29726,94.97426,-2.798882,2.929011,0.1042888,-0.04469734,-0.06118439,0.05524741,-0.9955935,-2.875419,2.908391,0.1040936,0.1016935,-0.1675074,0.9806119,29,5.7,-8.825602,78.45133,30,-0.7,-26.91801,207.1855
42.23499,9.087481,-17.04975,121.6746,-2.502076,2.93648,0.1041766,-0.0439487,-0.06000663,0.05157874,-0.9958953,-2.575597,2.91799,0.1043336,0.09424705,-0.1613555,0.9823859,29,5.7,-8.511035,76.21307,30,-0.7,-26.60344,204.9473
42.25281,9.223905,-17.04975,121.6746,-2.348599,2.940045,0.1042001,-0.04334303,-0.05894253,0.05003336,-0.9960642,-2.439173,2.91799,0.1043336,0.09424705,-0.1613555,0.9823859,29,5.7,-8.27518,74.53488,30,-0.7,-26.36759,203.2691
42.27698,11.06843,-19.04536,135.8741,-2.038062,2.946713,0.1040511,-0.04267371,-0.05683086,0.0469705,-0.9963649,-2.125348,2.927209,0.1043133,0.09549102,-0.1590283,0.9826452,29,5.7,-7.956811,72.26958,30,-0.7,-26.04922,201.0038
42.29456,12.85,-21.12116,150.8221,-1.876961,2.949778,0.1037496,-0.04273446,-0.05558212,0.04616715,-0.9964703,-1.942805,2.935824,0.104236,0.09647002,-0.1568856,0.9828939,29,5.7,-7.723407,70.60882,30,-0.7,-25.81581,199.343
42.3186,12.85,-20.6501,147.871,-1.5511,2.955725,0.1032216,-0.04297421,-0.05321115,0.04453065,-0.9966639,-1.653151,2.935824,0.104236,0.09647002,-0.1568856,0.9828939,29,5.7,-7.40626,68.3522,30,-0.7,-25.49867,197.0864
42.33643,7.975874,-13.51522,96.52518,-1.383363,2.95861,0.1029082,-0.04265074,-0.05179321,0.04376643,-0.9967864,-1.462791,2.944131,0.1039597,0.09604798,-0.1674907,0.9811838,29,5.7,-7.170259,66.67296,30,-0.7,-25.26266,195.4072
42.36035,7.293305,-12.70368,90.75074,-1.046781,2.963593,0.102264,-0.04079803,-0.04923382,0.0419686,-0.9970708,-1.12082,2.951669,0.103438,0.0910883,-0.1694792,0.9813153,29,5.7,-6.853584,64.4197,30,-0.7,-24.94599,193.1539
42.3783,7.446675,-12.70368,90.75071,-0.8742368,2.966109,0.1021327,-0.03928531,-0.04779637,0.04034667,-0.9972685,-0.9674478,2.951669,0.103438,0.0910883,-0.1694792,0.9813153,29,5.7,-6.616746,62.73451,30,-0.7,-24.70915,191.4687
42.4021,7.666708,-13.21152,94.36418,-0.5280272,2.970603,0.1019801,-0.03636048,-0.04481248,0.037106,-0.9976437,-0.6155389,2.958554,0.1028805,0.08627686,-0.168445,0.981928,29,5.7,-6.301591,60.49207,30,-0.7,-24.394,189.2263
42.42017,7.822393,-13.21151,94.36415,-0.3528793,2.972591,0.102038,-0.03485557,-0.04328817,0.03564251,-0.9978181,-0.4598519,2.958554,0.1028805,0.08627686,-0.168445,0.981928,29,5.7,-6.062843,58.79328,30,-0.7,-24.15525,187.5275
42.44397,9.12291,-15.67564,111.8973,-0.002000256,2.97592,0.1024184,-0.03206506,-0.0406296,0.03331,-0.998104,-0.1027313,2.964651,0.1023784,0.08113082,-0.1639238,0.9831311,29,5.7,-5.748309,56.55526,30,-0.7,-23.84072,185.2895
42.46204,8.460448,-13.71252,97.92896,0.1747041,2.976925,0.1026376,-0.0306407,-0.03962476,0.03240158,-0.998219,0.1003081,2.969816,0.102119,0.08394507,-0.1675092,0.9822901,29,5.7,-5.509846,54.8585,30,-0.7,-23.60225,183.5927
42.48572,8.773687,-13.71252,97.92896,0.5270968,2.978793,0.1036912,-0.02904837,-0.03767637,0.03046527,-0.998403,0.413546,2.969816,0.102119,0.08394507,-0.1675092,0.9822901,29,5.7,-5.196321,52.62766,30,-0.7,-23.28873,181.3619
42.50378,8.523729,-13.00092,92.86567,0.705704,2.979934,0.1048192,-0.02831777,-0.03651467,0.02886004,-0.9985149,0.6188694,2.973911,0.1023742,0.0836846,-0.1691172,0.9820368,29,5.7,-4.957876,50.93103,30,-0.7,-23.05028,179.6653
42.52747,10.3384,-14.82238,105.826,1.059153,2.981283,0.1072649,-0.02629168,-0.0349113,0.02572375,-0.9987133,0.9799638,2.977211,0.1033629,0.08695956,-0.1653956,0.9823861,29,5.7,-4.643489,48.69406,30,-0.7,-22.7359,177.4283
42.54578,10.49665,-14.82238,105.826,1.237185,2.982077,0.1086078,-0.02548685,-0.03400632,0.0237262,-0.9988148,1.138215,2.977211,0.1033629,0.08695956,-0.1653956,0.9823861,29,5.7,-4.401698,46.97363,30,-0.7,-22.4941,175.7079
42.56934,8.320986,-11.32795,80.96188,1.588693,2.982032,0.1114333,-0.02486384,-0.0326883,0.02085262,-0.9989387,1.497781,2.979256,0.1053618,0.08281031,-0.1736404,0.9813213,29,5.7,-4.090742,44.76106,30,-0.7,-22.18315,173.4953
42.58728,8.476995,-11.32795,80.9619,1.764201,2.982193,0.1127777,-0.02627364,-0.03201889,0.01974935,-0.9989467,1.653789,2.979256,0.1053618,0.08281031,-0.1736404,0.9813213,29,5.7,-3.852898,43.06871,30,-0.7,-21.9453,171.8029
42.61108,8.118724,-10.46029,74.78819,2.110388,2.982008,0.1158236,-0.02754854,-0.03114946,0.01836437,-0.9989662,2.008615,2.980572,0.1082826,0.0802637,-0.1765621,0.9810115,29,5.7,-3.53924,40.83692,30,-0.7,-21.63165,169.5711
42.62927,7.229877,-8.873561,63.49803,2.282991,2.982247,0.1175884,-0.02754913,-0.03092178,0.01794533,-0.9989809,2.208874,2.981123,0.1116487,0.07762765,-0.1832804,0.979991,29,5.7,-3.298144,39.12144,30,-0.7,-21.39055,167.8557
42.65283,7.532984,-8.873558,63.49801,2.623987,2.98107,0.1211293,-0.02562807,-0.02966259,0.01539686,-0.9991128,2.511982,2.981123,0.1116487,0.07762765,-0.1832804,0.979991,29,5.7,-2.98628,36.90241,30,-0.7,-21.07869,165.6366
42.67114,7.387101,-8.83556,63.22765,2.792233,2.981068,0.1231729,-0.02513041,-0.02862919,0.01435894,-0.999171,2.707902,2.981264,0.1154002,0.07268175,-0.1835502,0.9803197,29,5.7,-2.744747,35.18382,30,-0.7,-20.83715,163.918
42.69458,7.782082,-9.227227,66.0145,3.120098,2.979831,0.1269357,-0.02469152,-0.02719492,0.01451335,-0.9992198,3.044992,2.98067,0.1194001,0.07050958,-0.1817095,0.9808211,29,5.7,-2.434416,32.97569,30,-0.7,-20.52682,161.7099
42.71313,7.924438,-9.227226,66.0145,3.280249,2.978734,0.1286558,-0.02573281,-0.02589364,0.01513595,-0.9992188,3.187348,2.98067,0.1194001,0.07050958,-0.1817095,0.9808211,29,5.7,-2.188637,31.22688,30,-0.7,-20.28104,159.9611
42.73645,8.009185,-9.07769,64.95049,3.592826,2.977424,0.1330616,-0.02714671,-0.02356041,0.01602226,-0.9992254,3.509859,2.979656,0.1237407,0.06807682,-0.1824332,0.9808586,29,5.7,-1.881775,29.04345,30,-0.7,-19.97418,157.7777
42.75476,8.141809,-9.077692,64.9505,3.742028,2.976742,0.1355205,-0.02654077,-0.0223861,0.01677919,-0.9992562,3.642483,2.979656,0.1237407,0.06807682,-0.1824332,0.9808586,29,5.7,-1.63888,27.31516,30,-0.7,-19.73129,156.0494
42.7782,7.652997,-7.637588,54.70363,4.033534,2.975196,0.1406424,-0.0261874,-0.01919043,0.01696987,-0.9993288,3.944829,2.977983,0.1282445,0.06654791,-0.1905104,0.979427,29,5.7,-1.329336,25.11264,30,-0.7,-19.42174,153.8469
42.79651,7.28306,-6.936503,49.71515,4.173583,2.973618,0.1430832,-0.02607317,-0.01727585,0.01658532,-0.9993731,4.110734,2.976267,0.1334862,0.06261708,-0.1956637,0.9786699,29,5.7,-1.087719,23.39345,30,-0.7,-19.18013,152.1277
42.81995,7.526309,-6.936504,49.71516,4.447237,2.970617,0.1483977,-0.02712402,-0.01347284,0.0153538,-0.9994234,4.353982,2.976267,0.1334862,0.06261708,-0.1956637,0.9786699,29,5.7,-0.7765937,21.17968,30,-0.7,-18.869,149.9139
42.83813,7.19687,-6.268661,44.9632,4.578199,2.969087,0.1512232,-0.0267962,-0.01186532,0.01527093,-0.9994538,4.509754,2.974146,0.1393361,0.05861211,-0.2016068,0.9777113,29,5.7,-0.536075,19.4683,30,-0.7,-18.62848,148.2025
42.86169,6.920182,-5.788709,41.54816,4.830916,2.965314,0.156747,-0.02739667,-0.008698799,0.01497581,-0.9994746,4.771715,2.971101,0.1455405,0.05070284,-0.2067277,0.9770839,29,5.7,-0.2245701,17.25182,30,-0.7,-18.31698,145.986
42.87988,7.027825,-5.788707,41.54815,4.952015,2.96367,0.1595636,-0.02781421,-0.007268034,0.01486506,-0.9994761,4.879359,2.971101,0.1455405,0.05070284,-0.2067277,0.9770839,29,5.7,0.01553132,15.54341,30,-0.7,-18.07688,144.2776
42.90356,6.780402,-5.536038,39.75032,5.186413,2.959392,0.1652012,-0.02738498,-0.004288145,0.01350843,-0.9995245,5.122977,2.967225,0.1520139,0.0408888,-0.2097764,0.976894,29,5.7,0.3286641,13.31536,30,-0.7,-17.76374,142.0496
42.92175,6.878471,-5.53604,39.75033,5.29674,2.957422,0.1679377,-0.02830784,-0.002991207,0.01278802,-0.999513,5.221045,2.967225,0.1520139,0.0408888,-0.2097764,0.976894,29,5.7,0.5695555,11.60133,30,-0.7,-17.52285,140.3355
42.94531,6.699481,-5.072679,36.45335,5.510575,2.952743,0.1733428,-0.02828465,0.0001851022,0.01071939,-0.9995424,5.444311,2.962962,0.1587342,0.03374587,-0.2160426,0.9758006,29,5.7,0.8804578,9.389141,30,-0.7,-17.21195,138.1234
42.96326,6.514288,-4.51305,32.47137,5.611045,2.950451,0.176013,-0.02762562,0.001977377,0.009195089,-0.9995741,5.564707,2.958172,0.1654073,0.02862574,-0.2252253,0.9738861,29,5.7,1.116973,7.706248,30,-0.7,-16.97544,136.4405
42.98706,6.683265,-4.513049,32.47137,5.801144,2.944852,0.1808237,-0.02530408,0.006619416,0.003237254,-0.9996527,5.733684,2.958172,0.1654073,0.02862574,-0.2252253,0.9738861,29,5.7,1.432966,5.45784,30,-0.7,-16.65944,134.192
43.00476,6.51331,-4.188505,30.16212,5.888175,2.941113,0.1827503,-0.02447503,0.0116914,-0.004758425,-0.9996208,5.839989,2.952796,0.1719321,0.02183546,-0.2315892,0.9725686,29,5.7,1.666947,3.792983,30,-0.7,-16.42546,132.5272
43.02905,6.182057,-3.900912,28.11579,6.051103,2.934628,0.1863836,-0.02493859,0.02124044,-0.01762336,-0.999308,6.011378,2.94656,0.1779826,0.005933434,-0.2380469,0.9712355,29,5.7,1.98786,1.509566,30,-0.7,-16.10455,130.2438
43.04663,6.247154,-3.900912,28.11579,6.124337,2.931629,0.1882716,-0.02454744,0.02449624,-0.01982614,-0.9992018,6.076475,2.94656,0.1779826,0.005933434,-0.2380469,0.9712355,30,-0.7,-15.87187,128.5881,31,5.7,-33.96432,257.3226
43.07104,6.063302,-3.501933,25.27691,6.262708,2.92546,0.191371,-0.0228719,0.02824208,-0.02096787,-0.9991194,6.223333,2.939268,0.1831578,-0.006177035,-0.2486208,0.9685812,30,-0.7,-15.55037,126.3006,31,5.7,-33.64282,255.035
43.08887,6.118214,-3.501933,25.27691,6.324484,2.922225,0.192581,-0.02252384,0.02953935,-0.02137003,-0.9990813,6.278245,2.939268,0.1831578,-0.006177035,-0.2486208,0.9685812,30,-0.7,-15.31346,124.6148,31,5.7,-33.40591,253.3493
43.11255,5.977646,-3.405873,24.5934,6.431723,2.916875,0.1952315,-0.02260641,0.03295781,-0.02302931,-0.9989356,6.394669,2.931718,0.1876247,-0.01653635,-0.2513056,0.9677665,30,-0.7,-15.00181,122.3974,31,5.7,-33.09426,251.1319
43.13013,5.80659,-3.450712,24.91245,6.472291,2.914819,0.1963169,-0.02211145,0.03420657,-0.02347965,-0.9988943,6.44913,2.924273,0.191676,-0.0251606,-0.2496312,0.9680141,30,-0.7,-14.76868,120.7386,31,5.7,-32.86114,249.4731
43.15454,5.868018,-3.450712,24.91245,6.541398,2.911265,0.1981961,-0.01922178,0.03643563,-0.02407371,-0.9988611,6.510558,2.924273,0.191676,-0.0251606,-0.2496312,0.9680141,30,-0.7,-14.44628,118.4446,31,5.7,-32.53874,247.1791
43.17188,2.493569,-7.957491,56.97984,6.563862,2.910028,0.1988787,-0.01719924,0.03701228,-0.02455064,-0.9988652,6.545525,2.917616,0.1947303,-0.06991086,-0.1876348,0.9797478,30,-0.7,-14.2172,116.8146,31,5.7,-32.30965,245.5491
43.19617,-23.17014,-50.52871,376.1818,6.595455,2.907281,0.1996191,-0.0145445,0.03867146,-0.02681511,-0.9987862,6.584785,2.912429,0.1971352,-0.07811179,-0.1402922,0.9870241,30,-0.7,-13.89581,114.5278,31,5.7,-31.98826,243.2623
43.21362,-22.96238,-50.16068,373.5926,6.598674,2.906128,0.1997427,-0.01373189,0.03933094,-0.02820467,-0.9987338,6.587646,2.912429,0.1971352,-0.07811179,-0.1402922,0.9870241,30,-0.7,-13.66473,112.8835,31,5.7,-31.75718,241.618
43.23779,-23.502,-47.57578,370.7186,6.592873,2.904127,0.1997904,-0.01169162,0.0409526,-0.0310119,-0.9986113,6.589697,2.908559,0.1988146,-0.08021197,-0.1345703,0.9876522,30,-0.7,-13.34514,110.6095,31,5.7,-31.43759,239.344
43.25586,-23.32202,-47.25438,368.3598,6.579835,2.903232,0.1994865,-0.0111372,0.04194484,-0.03265629,-0.998524,6.578108,2.908559,0.1988146,-0.08021197,-0.1345703,0.9876522,30,-0.7,-13.10673,108.9132,31,5.7,-31.19918,237.6477
43.27966,-23.7519,-45.14581,366.4469,6.53883,2.901711,0.19877,-0.01052344,0.04393178,-0.03528544,-0.9983557,6.544836,2.905511,0.1996373,-0.08174469,-0.129649,0.9881846,30,-0.7,-12.79192,106.6732,31,5.7,-30.88437,235.4077
43.29712,NaN,NaN,NaN,6.50898,2.901434,0.1982808,-0.01066874,0.04552428,-0.03673718,-0.9982305,6.517676,2.903062,0.1996536,-0.08437847,-0.1403001,0.9865071,30,-0.7,-12.55998,105.0228,31,5.7,-30.65243,233.7573
43.32153,NaN,NaN,NaN,6.436493,2.900834,0.1968351,-0.0104015,0.04862936,-0.03933606,-0.9979879,6.453243,2.903062,0.1996536,-0.08437847,-0.1403001,0.9865071,30,-0.7,-12.23811,102.7326,31,5.7,-30.33056,231.4671
43.33899,NaN,NaN,NaN,6.389498,2.900613,0.1957,-0.009876234,0.05037724,-0.04026628,-0.9978694,6.407136,2.90125,0.1989924,-0.08297373,-0.1409281,0.9865367,30,-0.7,-12.00717,101.0894,31,5.7,-30.09962,229.8239
43.36304,NaN,NaN,NaN,6.284627,2.900651,0.1931475,-0.008883867,0.05395503,-0.04195704,-0.997622,6.305978,2.90015,0.1975933,-0.0850278,-0.1450386,0.9857657,30,-0.7,-11.68896,98.82526,31,5.7,-29.78142,227.5597
43.38074,NaN,NaN,NaN,6.223052,2.901244,0.1919191,-0.007915997,0.0559793,-0.04249768,-0.9974957,6.251244,2.90015,0.1975933,-0.0850278,-0.1450386,0.9857657,30,-0.7,-11.45541,97.16346,31,5.7,-29.54787,225.8979
43.40479,NaN,NaN,NaN,6.087947,2.903537,0.1896123,-0.005310096,0.0592683,-0.04274508,-0.9973124,6.119816,2.89968,0.1953244,-0.09130119,-0.1438212,0.985383,30,-0.7,-11.13653,94.8945,31,5.7,-29.22898,223.629
43.42334,NaN,NaN,NaN,6.0126,2.90468,0.1884477,-0.003721328,0.06039364,-0.04241382,-0.9972662,6.05284,2.89968,0.1953244,-0.09130119,-0.1438212,0.985383,30,-0.7,-10.89184,93.15341,31,5.7,-28.98429,221.8879
43.44666,NaN,NaN,NaN,5.850442,2.907877,0.1859528,-0.00428686,0.06185915,-0.04158305,-0.9972091,5.894073,2.900403,0.1925513,-0.0971957,-0.1451856,0.9846187,30,-0.7,-10.58394,90.96264,31,5.7,-28.6764,219.6971
43.4646,NaN,NaN,NaN,5.762042,2.910276,0.1847191,-0.006148265,0.06206919,-0.04134802,-0.9971961,5.797751,2.902596,0.1897174,-0.09447757,-0.1415531,0.9854119,30,-0.7,-10.34688,89.27583,31,5.7,-28.43933,218.0103
43.48877,NaN,NaN,NaN,5.574747,2.914514,0.1817671,-0.009040203,0.0624207,-0.04156129,-0.9971433,5.631267,2.902596,0.1897174,-0.09447757,-0.1415531,0.9854119,30,-0.7,-10.02673,86.99784,31,5.7,-28.11918,215.7323
43.50623,NaN,NaN,NaN,5.472639,2.917062,0.18014,-0.01085722,0.06247801,-0.04181075,-0.9971111,5.519883,2.906219,0.1868623,-0.08837827,-0.1424447,0.9858493,30,-0.7,-9.796587,85.3603,31,5.7,-27.88904,214.0948
43.53027,-24.44652,-45.63606,325.0768,5.261218,2.922845,0.177055,-0.01213901,0.06276149,-0.04164448,-0.9970855,5.308414,2.910921,0.183534,-0.09020879,-0.1471812,0.9849874,30,-0.7,-9.477752,83.09167,31,5.7,-27.57021,211.8261
43.5481,-24.54612,-45.63594,325.0759,5.149076,2.925881,0.1753436,-0.01189964,0.06282704,-0.04079099,-0.9971195,5.208733,2.910921,0.183534,-0.09020879,-0.1471812,0.9849874,30,-0.7,-9.241853,81.41316,31,5.7,-27.33431,210.1476
43.5719,NaN,NaN,NaN,4.918724,2.931755,0.1715767,-0.01152843,0.06280001,-0.03839386,-0.9972208,4.97779,2.916762,0.1799147,-0.08977934,-0.1440173,0.9854941,30,-0.7,-8.926966,79.17263,31,5.7,-27.01942,207.9071
43.5907,NaN,NaN,NaN,4.797634,2.934597,0.1695326,-0.01116938,0.06241762,-0.03645948,-0.9973215,4.870154,2.916762,0.1799147,-0.08977934,-0.1440173,0.9854941,30,-0.7,-8.679554,77.4122,31,5.7,-26.77201,206.1467
43.61377,NaN,NaN,NaN,4.549562,2.940583,0.1652923,-0.01043194,0.06133969,-0.0327049,-0.9975265,4.621078,2.923431,0.176038,-0.0893591,-0.1439711,0.9855391,30,-0.7,-8.374739,75.24333,31,5.7,-26.46719,203.9778
43.63184,NaN,NaN,NaN,4.420104,2.943715,0.1630922,-0.009689489,0.06057163,-0.03066728,-0.9976456,4.475395,2.930452,0.1716051,-0.08585639,-0.1420697,0.9861262,30,-0.7,-8.13532,73.53978,31,5.7,-26.22777,202.2742
43.65601,NaN,NaN,NaN,4.156719,2.949832,0.158636,-0.007843444,0.05904327,-0.02706772,-0.9978576,4.241276,2.930452,0.1716051,-0.08585639,-0.1420697,0.9861262,30,-0.7,-7.815384,71.26332,31,5.7,-25.90784,199.9978
43.67371,NaN,NaN,NaN,4.02011,2.952981,0.1564234,-0.00598516,0.05807439,-0.02529886,-0.9979737,4.087363,2.937691,0.1666465,-0.08446694,-0.1401399,0.9865223,30,-0.7,-7.582283,69.60472,31,5.7,-25.67474,198.3392
43.69727,NaN,NaN,NaN,3.74211,2.95919,0.1520247,-0.001865493,0.05621051,-0.02200419,-0.9981747,3.806039,2.945024,0.1614292,-0.08198916,-0.141173,0.986584,30,-0.7,-7.269698,67.38056,31,5.7,-25.36215,196.115
43.71545,NaN,NaN,NaN,3.598439,2.962336,0.1497729,0.0002291079,0.05530015,-0.02110875,-0.9982466,3.678331,2.945024,0.1614292,-0.08198916,-0.141173,0.986584,30,-0.7,-7.030093,65.67569,31,5.7,-25.12255,194.4101
43.73901,-21.45938,-41.70125,323.0734,3.310436,2.96828,0.144933,0.003287965,0.05369443,-0.01936703,-0.9983642,3.386443,2.952423,0.1561722,-0.07599611,-0.1365825,0.9877093,30,-0.7,-6.717701,63.45291,31,5.7,-24.81016,192.1873
43.75769,-21.42179,-41.39898,320.8875,3.163509,2.970873,0.142355,0.00420914,0.05293244,-0.01869524,-0.9984142,3.255842,2.952423,0.1561722,-0.07599611,-0.1365825,0.9877093,30,-0.7,-6.470714,61.6955,31,5.7,-24.56317,190.4299
43.78088,-20.64412,-40.42176,320.6039,2.868971,2.975955,0.1372014,0.006384088,0.05124085,-0.01716897,-0.9985184,2.956868,2.95986,0.1507561,-0.07278948,-0.1337963,0.988332,30,-0.7,-6.165121,59.52109,31,5.7,-24.25757,188.2555
43.79871,-19.82209,-43.33591,308.7104,2.720314,2.978445,0.1346144,0.007987774,0.050354,-0.01652137,-0.9985628,2.786456,2.966853,0.1449958,-0.07226914,-0.1480087,0.986342,30,-0.7,-5.929014,57.8411,31,5.7,-24.02147,186.5755
43.82324,-20.08582,-43.33591,308.7104,2.423615,2.982582,0.1291709,0.01183883,0.04853318,-0.01465874,-0.9986438,2.522724,2.966853,0.1449958,-0.07226914,-0.1480087,0.986342,30,-0.7,-5.604049,55.52886,31,5.7,-23.6965,184.2633
43.84045,NaN,NaN,NaN,2.274395,2.98471,0.1264215,0.01372449,0.04762939,-0.01357376,-0.9986786,2.351072,2.973173,0.1388133,-0.07149963,-0.1435953,0.9870502,30,-0.7,-5.377741,53.91859,31,5.7,-23.4702,182.653
43.86438,NaN,NaN,NaN,1.977435,2.988344,0.1213541,0.01837172,0.04567373,-0.01091253,-0.9987279,2.047709,2.978767,0.1323582,-0.06801276,-0.1414547,0.9876056,30,-0.7,-5.060461,51.66102,31,5.7,-23.15291,180.3955
43.88208,NaN,NaN,NaN,1.829434,2.989575,0.1189767,0.0203896,0.0444367,-0.009306647,-0.9987608,1.916152,2.978767,0.1323582,-0.06801276,-0.1414547,0.9876056,30,-0.7,-4.826149,49.99381,31,5.7,-22.9186,178.7283
43.90625,NaN,NaN,NaN,1.537028,2.992296,0.1143005,0.02412934,0.04203299,-0.007101197,-0.9987996,1.616693,2.98377,0.1261986,-0.06406254,-0.1451216,0.9873377,30,-0.7,-4.50762,47.72736,31,5.7,-22.60007,176.4618
43.92468,NaN,NaN,NaN,1.391925,2.993097,0.1122368,0.02542651,0.04065531,-0.006499689,-0.9988285,1.487712,2.98377,0.1261986,-0.06406254,-0.1451216,0.9873377,30,-0.7,-4.264168,45.99511,31,5.7,-22.35662,174.7296
43.948,-21.27619,-53.63301,381.978,1.106264,2.994938,0.1081898,0.02808551,0.03760581,-0.003948756,-0.99889,1.194379,2.98782,0.1202704,-0.05811061,-0.1464258,0.9875134,30,-0.7,-3.954747,43.79346,31,5.7,-22.0472,172.5279
43.96582,NaN,NaN,NaN,0.9648426,2.995459,0.1063901,0.0294863,0.03548607,-0.002204204,-0.9989327,1.029778,2.99095,0.1146924,-0.05297508,-0.1453288,0.9879642,30,-0.7,-3.718735,42.11415,31,5.7,-21.81119,170.8486
43.9906,NaN,NaN,NaN,0.6861957,2.996755,0.1031989,0.03211638,0.03130043,0.0008248286,-0.9989936,0.7820917,2.99095,0.1146924,-0.05297508,-0.1453288,0.9879642,30,-0.7,-3.392683,39.79417,31,5.7,-21.48514,168.5286
44.00757,-9.773588,-28.93504,206.243,0.5498297,2.996318,0.1012443,0.03357092,0.02882807,0.002739259,-0.9990168,0.6225171,2.993236,0.1097136,-0.0497778,-0.1528764,0.9869909,30,-0.7,-3.168336,38.19786,31,5.7,-21.26079,166.9323
44.03186,-12.89723,-41.86264,302.5387,0.281139,2.99544,0.09811063,0.03348758,0.02399661,0.005622213,-0.9991353,0.3460813,2.994756,0.1053421,-0.04327476,-0.1465791,0.988252,30,-0.7,-2.846451,35.90752,31,5.7,-20.93891,164.642
44.04944,-13.0148,-41.86265,302.5387,0.1488756,2.995532,0.09676234,0.03316796,0.02086212,0.007418478,-0.9992045,0.2285138,2.994756,0.1053421,-0.04327476,-0.1465791,0.988252,30,-0.7,-2.613518,34.25012,31,5.7,-20.70598,162.9846
44.07324,-6.273892,-21.68804,154.6779,-0.107498,2.994231,0.09383318,0.0336414,0.01500435,0.009887046,-0.9992725,-0.03597634,2.995037,0.1012981,-0.03981839,-0.1575591,0.9867064,30,-0.7,-2.298948,32.01183,31,5.7,-20.39141,160.7463
44.09167,-6.384481,-21.68802,154.6778,-0.2319151,2.993727,0.09242672,0.03311015,0.01253004,0.009869233,-0.9993244,-0.1465693,2.995037,0.1012981,-0.03981839,-0.1575591,0.9867064,30,-0.7,-2.055301,30.2782,31,5.7,-20.14776,159.0127
44.11499,-5.712035,-20.49396,146.1815,-0.4783624,2.992234,0.09037491,0.03442745,0.007547505,0.01060374,-0.9993225,-0.4009992,2.994774,0.09748149,-0.03587187,-0.158648,0.9866834,30,-0.7,-1.747191,28.08588,31,5.7,-19.83965,156.8203
44.13281,-3.392093,-15.85266,113.1569,-0.5982096,2.991475,0.08964296,0.03566515,0.005234733,0.01121408,-0.9992871,-0.5419748,2.99346,0.09411216,-0.02485751,-0.1643679,0.9860858,30,-0.7,-1.511721,26.41042,31,5.7,-19.60418,155.1449
44.15723,-3.599835,-15.85267,113.157,-0.8319169,2.989304,0.08827156,0.03751696,0.0005059689,0.01294891,-0.999212,-0.7497146,2.99346,0.09411216,-0.02485751,-0.1643679,0.9860858,30,-0.7,-1.18846,24.11031,31,5.7,-19.28092,152.8448
44.17468,-3.101912,-14.59068,104.1774,-0.9439628,2.987903,0.08767599,0.03719888,-0.001618579,0.01358039,-0.9992143,-0.8825158,2.991761,0.0913614,-0.02102019,-0.1665256,0.9858131,30,-0.7,-0.9585595,22.47448,31,5.7,-19.05102,151.2089
44.19861,-2.435705,-16.28484,116.232,-1.162324,2.984951,0.08672895,0.03491974,-0.005994841,0.01468284,-0.9992644,-1.108425,2.98956,0.0892514,-0.01127309,-0.1637049,0.986445,30,-0.7,-0.6416035,20.21922,31,5.7,-18.73406,148.9537
44.21643,-2.528272,-16.28484,116.232,-1.266462,2.983387,0.08634435,0.03415447,-0.008017362,0.01545819,-0.9992649,-1.200992,2.98956,0.0892514,-0.01127309,-0.1637049,0.986445,30,-0.7,-0.4060992,18.54352,31,5.7,-18.49856,147.278
44.24036,-1.880847,-12.381,88.45474,-1.470801,2.978863,0.08623801,0.03201134,-0.01236222,0.01716401,-0.9992636,-1.412981,2.986634,0.08769929,-0.005216217,-0.1713329,0.9851994,30,-0.7,-0.08981127,16.29301,31,5.7,-18.18227,145.0275
44.25854,-1.965777,-12.38099,88.45468,-1.566347,2.977182,0.08623973,0.0302364,-0.01403878,0.01776436,-0.9992863,-1.49791,2.986634,0.08769929,-0.005216217,-0.1713329,0.9851994,30,-0.7,0.150368,14.58405,31,5.7,-17.94209,143.3185
44.28223,-1.537747,-10.19724,72.91647,-1.754983,2.972289,0.08647014,0.02852583,-0.01820471,0.02054336,-0.9992161,-1.694467,2.982888,0.08675635,0.002117483,-0.1780788,0.984014,30,-0.7,0.4633961,12.35674,31,5.7,-17.62906,141.0912
44.30005,-0.9632117,-8.999531,64.39439,-1.843551,2.969278,0.08674212,0.02620456,-0.01974689,0.0219812,-0.9992199,-1.800405,2.978335,0.0863955,0.01279735,-0.1830937,0.9830122,30,-0.7,0.6998727,10.67412,31,5.7,-17.39259,139.4086
44.3241,-1.113697,-8.999534,64.39441,-2.012847,2.963995,0.08744181,0.02142661,-0.02288077,0.024553,-0.999207,-1.95089,2.978335,0.0863955,0.01279735,-0.1830937,0.9830122,30,-0.7,1.017837,8.411686,31,5.7,-17.07462,137.1461
44.3418,-0.9160748,-8.102865,58.01428,-2.091349,2.96097,0.08792353,0.0200512,-0.02414494,0.02585197,-0.999173,-2.046163,2.973018,0.08668077,0.019158,-0.1877657,0.9820269,30,-0.7,1.250634,6.755252,31,5.7,-16.84183,135.4897
44.3656,-0.6858277,-7.502898,53.74529,-2.237308,2.954701,0.08873208,0.01592333,-0.0265146,0.02740347,-0.9991459,-2.199603,2.96667,0.0871768,0.02767874,-0.1914316,0.9811156,30,-0.7,1.566143,4.510293,31,5.7,-16.52632,133.2447
44.38367,-0.7432984,-7.5029,53.74531,-2.301963,2.951361,0.0890181,0.01294642,-0.02747345,0.02813243,-0.9991428,-2.257074,2.96667,0.0871768,0.02767874,-0.1914316,0.9811156,30,-0.7,1.80445,2.814646,31,5.7,-16.28801,131.5491
44.40735,-0.7073237,-7.102126,50.89365,-2.423028,2.944072,0.08956923,0.007752336,-0.02918501,0.02996817,-0.9990947,-2.386239,2.959684,0.08800316,0.03239923,-0.1941699,0.9804327,30,-0.7,2.118803,0.5779135,31,5.7,-15.97366,129.3123
44.42554,-0.753038,-7.102126,50.89365,-2.474457,2.940228,0.08973075,0.005027152,-0.02961455,0.03100361,-0.9990678,-2.431953,2.959684,0.08800316,0.03239923,-0.1941699,0.9804327,31,5.7,-15.73424,127.6088,32,-5.7,-34.06179,258.0161
44.44922,-0.5861713,-6.593306,47.2732,-2.566006,2.933266,0.09020282,0.0007275147,-0.03050663,0.03272222,-0.9989985,-2.532342,2.951954,0.08879101,0.04039414,-0.1981185,0.9793454,31,5.7,-15.42059,125.377,32,-5.7,-33.74813,255.7843
44.46729,1.39351,-10.46737,74.83858,-2.60195,2.929684,0.09040679,-0.0002314218,-0.03076648,0.03383645,-0.9989537,-2.580534,2.943436,0.08936608,0.052258,-0.1763498,0.9829394,31,5.7,-15.18149,123.6758,32,-5.7,-33.50904,254.0831
44.49109,1.338799,-10.46737,74.83855,-2.663499,2.9227,0.09076302,-0.00363843,-0.03130583,0.03583518,-0.9988606,-2.635244,2.943436,0.08936608,0.052258,-0.1763498,0.9829394,31,5.7,-14.86795,121.4448,32,-5.7,-33.1955,251.8521
44.50916,2.085885,-11.67996,83.4666,-2.684644,2.920035,0.09106404,-0.005402174,-0.03168953,0.03701685,-0.9987975,-2.667317,2.93491,0.09002614,0.05606438,-0.1723835,0.9834331,31,5.7,-14.62845,119.7407,32,-5.7,-32.956,250.148
44.53271,1.742932,-10.93768,78.18504,-2.716424,2.914609,0.09187746,-0.007417647,-0.03222926,0.03954533,-0.9986703,-2.705715,2.926567,0.09058022,0.05599992,-0.1745243,0.9830592,31,5.7,-14.31627,117.5194,32,-5.7,-32.64382,247.9267
44.5509,1.736435,-10.93768,78.18503,-2.723732,2.911892,0.0923271,-0.007282048,-0.03248734,0.04069657,-0.9986167,-2.712211,2.926567,0.09058022,0.05599992,-0.1745243,0.9830592,31,5.7,-14.076,115.8098,32,-5.7,-32.40355,246.2171
44.57446,2.567737,-12.44347,88.89926,-2.727137,2.907281,0.0934063,-0.007999714,-0.03303064,0.04278354,-0.9985061,-2.722322,2.918883,0.09118938,0.05859476,-0.1701594,0.983673,31,5.7,-13.7642,113.5912,32,-5.7,-32.09175,243.9985
44.59265,2.574117,-12.44347,88.89926,-2.71996,2.905258,0.09401292,-0.008472454,-0.0330747,0.04366376,-0.9984627,-2.715942,2.918883,0.09118938,0.05859476,-0.1701594,0.983673,31,5.7,-13.52407,111.8826,32,-5.7,-31.85162,242.2899
44.61621,5.545142,-19.86139,141.6805,-2.69423,2.901834,0.09535748,-0.009323248,-0.03299734,0.04535976,-0.9983821,-2.696848,2.912323,0.09213591,0.05737755,-0.1585418,0.9856837,31,5.7,-13.2125,109.6657,32,-5.7,-31.54005,240.073
44.63416,4.775712,-17.56826,125.3641,-2.672145,2.900305,0.09593414,-0.009488001,-0.03300073,0.04621407,-0.9983413,-2.677892,2.906778,0.0933826,0.0586198,-0.1610285,0.9852073,31,5.7,-12.97509,107.9764,32,-5.7,-31.30264,238.3837
44.65808,4.824461,-17.56828,125.3642,-2.617308,2.897968,0.09737389,-0.01101937,-0.03264095,0.04735605,-0.9982839,-2.629148,2.906778,0.0933826,0.0586198,-0.1610285,0.9852073,31,5.7,-12.65909,105.728,32,-5.7,-30.98664,236.1353
44.6759,4.33604,-16.4475,117.3894,-2.581381,2.897281,0.09836587,-0.01080427,-0.03210135,0.04782217,-0.9982814,-2.594894,2.902237,0.09491062,0.05820316,-0.1624912,0.9849919,31,5.7,-12.4234,104.051,32,-5.7,-30.75095,234.4583
44.69983,5.414929,-17.19603,122.7155,-2.499975,2.896123,0.099968,-0.009048132,-0.03153183,0.04977452,-0.9982216,-2.517177,2.898792,0.09677553,0.06370793,-0.1613947,0.9848315,31,5.7,-12.10682,101.7984,32,-5.7,-30.43437,232.2057
44.71777,5.458456,-17.19602,122.7155,-2.451002,2.895666,0.1006723,-0.007302278,-0.03113794,0.05103351,-0.9981847,-2.473644,2.898792,0.09677553,0.06370793,-0.1613947,0.9848315,31,5.7,-11.87024,100.115,32,-5.7,-30.19779,230.5223
44.74158,8.649471,-22.57227,160.9694,-2.343972,2.894289,0.1016333,-0.005523389,-0.03040609,0.05294099,-0.9981194,-2.37012,2.896366,0.098472,0.06750262,-0.156013,0.9854458,31,5.7,-11.5557,97.87695,32,-5.7,-29.88325,228.2842
44.75952,8.705025,-22.57225,160.9692,-2.281467,2.894054,0.1020766,-0.006411901,-0.0297034,0.05313111,-0.9981251,-2.31456,2.896366,0.098472,0.06750262,-0.156013,0.9854458,31,5.7,-11.31821,96.18711,32,-5.7,-29.64576,226.5944
44.78333,7.79486,-20.43588,145.7682,-2.148407,2.895149,0.1034536,-0.007742722,-0.02866665,0.05335707,-0.998134,-2.185059,2.894779,0.100147,0.06749494,-0.157787,0.9851638,31,5.7,-11.0029,93.94357,32,-5.7,-29.33045,224.3508
44.80127,12.49332,-26.54071,189.2063,-2.072723,2.896777,0.1043582,-0.008539994,-0.02842056,0.05288648,-0.9981595,-2.103918,2.893625,0.1015769,0.07605197,-0.1533537,0.9852405,31,5.7,-10.76581,92.25659,32,-5.7,-29.09336,222.6638
44.8252,12.63473,-26.5407,189.2062,-1.913627,2.899797,0.1054844,-0.01088723,-0.02841818,0.05281135,-0.9981407,-1.9625,2.893625,0.1015769,0.07605197,-0.1533537,0.9852405,31,5.7,-10.45017,90.01068,32,-5.7,-28.77772,220.4179
44.84314,7.322854,-17.35168,123.823,-1.82598,2.902075,0.1057054,-0.01439619,-0.02900419,0.05300472,-0.9980692,-1.867859,2.894111,0.1030887,0.0731151,-0.1610619,0.9842323,31,5.7,-10.2125,88.31962,32,-5.7,-28.54005,218.7269
44.86682,7.883539,-17.10372,122.0586,-1.643315,2.90761,0.1060693,-0.02093037,-0.03123952,0.05485506,-0.9977861,-1.685905,2.89671,0.104569,0.07720206,-0.1613547,0.9838722,31,5.7,-9.898772,86.08731,32,-5.7,-28.22632,216.4946
44.88477,7.971833,-17.10372,122.0586,-1.543984,2.910976,0.1058956,-0.02431167,-0.03286578,0.05504653,-0.9976466,-1.597611,2.89671,0.104569,0.07720206,-0.1613547,0.9838722,31,5.7,-9.661839,84.40144,32,-5.7,-27.98939,214.8087
44.90869,5.20784,-11.49287,82.13541,-1.338907,2.918506,0.1055552,-0.02887801,-0.03517223,0.05244676,-0.9975863,-1.393144,2.90134,0.1055901,0.07901172,-0.1722942,0.9818717,31,5.7,-9.345082,82.1476,32,-5.7,-27.67263,212.5549
44.927,5.304963,-11.49287,82.13541,-1.229643,2.923228,0.1053363,-0.02842541,-0.03607076,0.0492289,-0.9977311,-1.296021,2.90134,0.1055901,0.07901172,-0.1722942,0.9818717,31,5.7,-9.103184,80.4264,32,-5.7,-27.43073,210.8337
44.95056,6.268108,-11.94719,85.36808,-1.006616,2.933061,0.1046093,-0.02574607,-0.03801436,0.04381057,-0.9979843,-1.073179,2.90804,0.1060983,0.08452129,-0.1710304,0.9816337,31,5.7,-8.792807,78.21795,32,-5.7,-27.12036,208.6252
44.96826,8.369166,-14.88238,106.253,-0.8904398,2.937752,0.1039558,-0.02303198,-0.03904872,0.04108293,-0.9981267,-0.9429031,2.916926,0.1057127,0.08619784,-0.1647606,0.9825599,31,5.7,-8.558773,76.55271,32,-5.7,-26.88632,206.96
44.99255,8.579675,-14.88239,106.253,-0.6536247,2.946585,0.1025344,-0.01972534,-0.04037885,0.03553146,-0.9983577,-0.7324008,2.916926,0.1057127,0.08619784,-0.1647606,0.9825599,31,5.7,-8.237895,74.26955,32,-5.7,-26.56544,204.6768
45.01013,9.427131,-17.44108,124.4591,-0.5307313,2.950824,0.1017889,-0.01889318,-0.04034279,0.03259144,-0.9984756,-0.594159,2.927669,0.1048787,0.07927658,-0.1611335,0.9837435,31,5.7,-8.004007,72.60535,32,-5.7,-26.33156,203.0126
45.03406,12.55889,-21.82128,155.6258,-0.2812894,2.959203,0.1007166,-0.01709952,-0.03969662,0.02725786,-0.9986936,-0.3417976,2.938775,0.1036319,0.08164562,-0.156701,0.9842656,31,5.7,-7.68867,70.36162,32,-5.7,-26.01622,200.7689
45.05176,12.67279,-21.8213,155.6259,-0.1531682,2.963132,0.1002705,-0.01613372,-0.03903116,0.02519672,-0.99879,-0.227912,2.938775,0.1036319,0.08164562,-0.156701,0.9842656,31,5.7,-7.454031,68.69207,32,-5.7,-25.78158,199.0993
45.07581,11.89674,-19.604,139.8491,0.1062129,2.97062,0.09941442,-0.01365012,-0.03755784,0.02196281,-0.9989598,0.03469223,2.949417,0.1022097,0.0835054,-0.1587697,0.9837779,31,5.7,-7.136066,66.42963,32,-5.7,-25.46362,196.8369
45.09375,12.01373,-19.60397,139.8489,0.2378432,2.973812,0.09901092,-0.0123573,-0.03651596,0.0211361,-0.9990332,0.151697,2.949417,0.1022097,0.0835054,-0.1587697,0.9837779,31,5.7,-6.899835,64.74876,32,-5.7,-25.22738,195.156
45.11768,10.90658,-18.81868,134.2612,0.5011822,2.979578,0.09819801,-0.0101475,-0.03418893,0.01973733,-0.999169,0.4190882,2.95933,0.1007556,0.07693256,-0.1597559,0.9841542,31,5.7,-6.582386,62.48999,32,-5.7,-24.90993,192.8972
45.13538,9.454188,-16.44262,117.3547,0.6332808,2.98175,0.09784216,-0.009347869,-0.03240515,0.0189351,-0.9992517,0.5707976,2.96827,0.09958732,0.07453603,-0.1628671,0.9838287,31,5.7,-6.348603,60.82654,32,-5.7,-24.67615,191.2338
45.15942,9.449067,-16.47663,117.5966,0.8993194,2.986069,0.09729552,-0.007794976,-0.02837739,0.01594795,-0.9994397,0.8420462,2.975847,0.09868681,0.07208081,-0.1629078,0.9840048,31,5.7,-6.030863,58.5657,32,-5.7,-24.35841,188.9729
45.17725,9.568295,-16.47661,117.5965,1.033458,2.98749,0.09692205,-0.005971375,-0.02617222,0.01442617,-0.9995355,0.9612805,2.975847,0.09868681,0.07208081,-0.1629078,0.9840048,31,5.7,-5.795344,56.8899,32,-5.7,-24.12289,187.2971
45.20117,8.260483,-14.44187,103.1186,1.30222,2.990407,0.09663141,-0.004805379,-0.02173639,0.01095356,-0.9996921,1.23543,2.981812,0.09784412,0.06708434,-0.166384,0.9837764,31,5.7,-5.479002,54.639,32,-5.7,-23.80655,185.0462
45.21899,8.381816,-14.44187,103.1186,1.438722,2.991696,0.09652201,-0.003676733,-0.01907649,0.008912644,-0.9997716,1.356765,2.981812,0.09784412,0.06708434,-0.166384,0.9837764,31,5.7,-5.242525,52.95639,32,-5.7,-23.57008,183.3636
45.24292,8.000816,-13.25401,94.66652,1.709083,2.992844,0.09634742,-0.002136902,-0.01430071,0.005704445,-0.9998792,1.63268,2.986257,0.09713006,0.06622104,-0.1688795,0.9834096,31,5.7,-4.926752,50.70954,32,-5.7,-23.2543,181.1168
45.26086,7.488137,-13.41862,95.83778,1.845219,2.9935,0.09631985,-0.002042653,-0.01177806,0.004657479,-0.9999177,1.789576,2.989557,0.09663594,0.05856448,-0.168628,0.9839384,31,5.7,-4.69002,49.02511,32,-5.7,-23.01757,179.4323
45.28455,7.729488,-13.41862,95.83777,2.116739,2.994026,0.09672301,-0.000356006,-0.007055014,0.002650769,-0.9999716,2.030927,2.989557,0.09663594,0.05856448,-0.168628,0.9839384,31,5.7,-4.375809,46.78938,32,-5.7,-22.70336,177.1966
45.30261,7.258244,-12.46146,89.02723,2.253317,2.994129,0.09718891,0.0006061457,-0.004744649,0.002006556,-0.9999865,2.188336,2.991579,0.09621382,0.05607937,-0.1709296,0.983686,31,5.7,-4.13786,45.09629,32,-5.7,-22.46541,175.5035
45.32629,7.540441,-13.20678,94.33044,2.52459,2.993103,0.09830987,0.002021093,-0.0005877465,0.0002255154,-0.9999978,2.465603,2.992682,0.0965811,0.0530005,-0.1691837,0.9841585,31,5.7,-3.824128,42.86397,32,-5.7,-22.15168,173.2712
45.34448,7.66085,-13.20678,94.33045,2.66005,2.993248,0.0990696,0.001738196,0.001083858,-0.0002268318,-0.9999979,2.586012,2.992682,0.0965811,0.0530005,-0.1691837,0.9841585,31,5.7,-3.584757,41.16076,32,-5.7,-21.91231,171.568
45.36804,8.01088,-14.20708,101.448,2.930451,2.99204,0.1009041,0.00334398,0.004776902,-0.001900393,-0.9999812,2.862539,2.992702,0.09755445,0.05001866,-0.1671044,0.9846696,31,5.7,-3.272331,38.93773,32,-5.7,-21.59988,169.345
45.38611,8.130256,-14.20708,101.448,3.064749,2.991141,0.10196,0.003070201,0.00646203,-0.002572301,-0.9999711,2.981914,2.992702,0.09755445,0.05001866,-0.1671044,0.9846696,31,5.7,-3.033868,37.24098,32,-5.7,-21.36142,167.6482
45.41003,6.617896,-9.928285,71.00277,3.330323,2.990721,0.1042715,0.002698832,0.009496018,-0.002715949,-0.9999475,3.254159,2.992016,0.09909499,0.04662159,-0.1790763,0.9827299,31,5.7,-2.717551,34.99027,32,-5.7,-21.0451,165.3975
45.42822,6.542034,-10.24235,73.23746,3.459662,2.989727,0.105588,0.002665652,0.01071063,-0.002652433,-0.9999356,3.405016,2.990832,0.1012673,0.04216989,-0.1778894,0.9831465,31,5.7,-2.476469,33.27488,32,-5.7,-20.80402,163.6821
45.45166,6.770178,-10.24235,73.23744,3.716326,2.988855,0.1081566,0.001175194,0.01452558,-0.003365988,-0.9998881,3.633162,2.990832,0.1012673,0.04216989,-0.1778894,0.9831465,31,5.7,-2.167282,31.0749,32,-5.7,-20.49484,161.4821
45.46973,6.654991,-10.33792,73.91751,3.841583,2.988419,0.1096031,0.001330056,0.01646231,-0.003127821,-0.9998587,3.779779,2.989582,0.1039655,0.03830439,-0.1775529,0.9833655,31,5.7,-1.928402,29.37518,32,-5.7,-20.25596,159.7824
45.49341,6.87402,-10.33792,73.91749,4.087991,2.986675,0.1123344,0.001738538,0.0203035,-0.002492504,-0.9997893,3.998808,2.989582,0.1039655,0.03830439,-0.1775529,0.9833655,31,5.7,-1.61489,27.14442,32,-5.7,-19.94244,157.5516
45.51135,6.886767,-10.17499,72.75816,4.20691,2.986071,0.1136938,0.001387843,0.02196899,-0.001391377,-0.9997568,4.138993,2.988291,0.1069968,0.03718978,-0.1781587,0.9832988,31,5.7,-1.377697,25.45671,32,-5.7,-19.70525,155.8639
45.53516,6.514039,-10.0231,71.67741,4.443323,2.983966,0.1164682,0.001681129,0.02579172,-0.0005797746,-0.9996658,4.382541,2.986801,0.1102217,0.02929034,-0.1787778,0.9834534,31,5.7,-1.063291,23.2196,32,-5.7,-19.39085,153.6268
45.5531,6.616073,-10.0231,71.67744,4.558111,2.983169,0.1179586,0.001553973,0.02769178,-0.0003939619,-0.9996153,4.484574,2.986801,0.1102217,0.02929034,-0.1787778,0.9834534,31,5.7,-0.8261662,21.53237,32,-5.7,-19.15372,151.9396
45.5769,6.218602,-8.092615,57.94131,4.782511,2.980636,0.1209675,0.002961319,0.03118969,0.0004742354,-0.999509,4.716473,2.984962,0.1135318,0.02550369,-0.1880794,0.9818227,31,5.7,-0.5105428,19.28659,32,-5.7,-18.8381,149.6938
45.59485,6.322316,-7.869667,56.35495,4.891462,2.97896,0.1223856,0.003474943,0.03279176,0.0007183488,-0.9994559,4.844639,2.982743,0.1169494,0.02579081,-0.1894142,0.9815585,31,5.7,-0.2735386,17.60022,32,-5.7,-18.60109,148.0074
45.61865,6.510445,-7.869664,56.35493,5.103108,2.975635,0.1253526,0.003839928,0.03576035,0.001219608,-0.9993523,5.032769,2.982743,0.1169494,0.02579081,-0.1894142,0.9815585,31,5.7,0.04093897,15.36259,32,-5.7,-18.28662,145.7698
45.63647,6.385873,-6.970098,49.95419,5.20479,2.974083,0.1268604,0.003990918,0.03682242,0.001457022,-0.9993128,5.153237,2.979818,0.1203876,0.02424899,-0.1957398,0.980356,31,5.7,0.2772455,13.68118,32,-5.7,-18.05031,144.0884
45.66052,6.281556,-6.373211,45.70711,5.401234,2.970425,0.1300166,0.004653769,0.03881026,0.001745759,-0.9992343,5.356613,2.976205,0.1238546,0.0198735,-0.2008839,0.9794134,31,5.7,0.5941656,11.42618,32,-5.7,-17.73339,141.8334
45.67834,6.364571,-6.373209,45.7071,5.494627,2.968352,0.1316146,0.004895597,0.03956689,0.001670123,-0.9992036,5.439629,2.976205,0.1238546,0.0198735,-0.2008839,0.9794134,31,5.7,0.8299432,9.748537,32,-5.7,-17.49761,140.1557
45.70227,6.193009,-5.489198,39.41703,5.6738,2.963956,0.1347074,0.005376129,0.04083598,0.002014512,-0.9991494,5.626199,2.972182,0.1275947,0.01410171,-0.2105123,0.9774895,31,5.7,1.145706,7.50177,32,-5.7,-17.18185,137.909
45.72034,6.265417,-5.489204,39.41707,5.755259,2.961929,0.1360573,0.00527413,0.04093069,0.002764209,-0.9991443,5.698607,2.972182,0.1275947,0.01410171,-0.2105123,0.9774895,31,5.7,1.384465,5.802909,32,-5.7,-16.94309,136.2101
45.74402,6.161266,-5.343996,38.38386,5.910404,2.957338,0.1387746,0.006150184,0.0418225,0.003562019,-0.9990999,5.86211,2.967565,0.1313598,0.007641963,-0.212321,0.9771701,31,5.7,1.69846,3.568719,32,-5.7,-16.62909,133.9759
45.76196,6.087743,-4.626555,33.27901,5.980937,2.954622,0.1400544,0.007320874,0.04249286,0.00318118,-0.9990649,5.9483,2.962498,0.134931,0.00410095,-0.2231936,0.9747655,31,5.7,1.935166,1.88447,32,-5.7,-16.39239,132.2917
45.78577,6.201899,-4.626556,33.27901,6.109362,2.949113,0.1423447,0.009740805,0.04335388,0.003453129,-0.9990063,6.062456,2.962498,0.134931,0.00410095,-0.2231936,0.9747655,32,-5.7,-16.07687,130.0466,33,0.7,-34.16946,258.7823
45.80371,5.837641,-4.091891,29.47468,6.163857,2.946055,0.1432275,0.01070048,0.04374707,0.004036826,-0.9989772,6.132018,2.956945,0.1382519,-0.00975644,-0.2336155,0.9722801,32,-5.7,-15.83942,128.3571,33,0.7,-33.93201,257.0928
45.82751,5.716957,-4.261275,30.6799,6.261661,2.939689,0.1446174,0.01138167,0.04482765,0.004278651,-0.9989208,6.237361,2.950706,0.1411871,-0.01658238,-0.2298048,0.9730954,32,-5.7,-15.52456,126.1168,33,0.7,-33.61715,254.8525
45.84583,5.751472,-4.261275,30.6799,6.300491,2.936522,0.1452301,0.01136655,0.04557595,0.003997599,-0.9988882,6.271876,2.950706,0.1411871,-0.01658238,-0.2298048,0.9730954,32,-5.7,-15.28379,124.4036,33,0.7,-33.37638,253.1393
45.86951,4.746232,-4.399762,31.66529,6.364349,2.930627,0.1465143,0.01244788,0.04610158,0.003806185,-0.998852,6.343961,2.943712,0.1434916,-0.04930459,-0.2266134,0.9727361,32,-5.7,-14.97075,122.1762,33,0.7,-33.06334,250.9119
45.88745,4.763009,-4.39976,31.66528,6.383223,2.928163,0.1471575,0.01337568,0.04596652,0.003337847,-0.9988478,6.360737,2.943712,0.1434916,-0.04930459,-0.2266134,0.9727361,32,-5.7,-14.73352,120.4882,33,0.7,-32.82611,249.2239
45.91125,NaN,NaN,NaN,6.404789,2.923769,0.1482462,0.01436788,0.04580693,0.002698978,-0.9988434,6.391876,2.936442,0.1452866,-0.07884827,-0.1432553,0.9865398,32,-5.7,-14.41858,118.2473,33,0.7,-32.51117,246.983
45.92896,NaN,NaN,NaN,6.401772,2.921625,0.1487163,0.0146,0.04549781,0.00257121,-0.9988545,6.397221,2.929566,0.1467729,-0.08651876,-0.1404984,0.9862934,32,-5.7,-14.18384,116.577,33,0.7,-32.27643,245.3128
45.953,NaN,NaN,NaN,6.383492,2.916881,0.1495255,0.01491283,0.04528544,0.0009036834,-0.9988624,6.380972,2.929566,0.1467729,-0.08651876,-0.1404984,0.9862934,32,-5.7,-13.86659,114.3197,33,0.7,-31.95918,243.0554
45.97095,NaN,NaN,NaN,6.362129,2.91467,0.1498581,0.01473934,0.04510109,-0.0002193879,-0.9988737,6.365775,2.923663,0.1480701,-0.09399028,-0.1441829,0.9850772,32,-5.7,-13.62854,112.6259,33,0.7,-31.72114,241.3616
45.99463,-12.85,-27.95177,200.1166,6.303819,2.910424,0.1505196,0.01439144,0.04495935,-0.003135461,-0.9988802,6.313456,2.918032,0.149182,-0.09428903,-0.1518872,0.9838902,32,-5.7,-13.31525,110.3967,33,0.7,-31.40784,239.1324
46.01257,-12.85,-27.89346,199.7389,6.263096,2.908492,0.150775,0.01393891,0.04532903,-0.005839725,-0.9988578,6.277257,2.918032,0.149182,-0.09428903,-0.1518872,0.9838902,32,-5.7,-13.07852,108.7123,33,0.7,-31.17111,237.448
46.03735,-12.85,-28.2162,201.2323,6.166962,2.904973,0.1510857,0.01268749,0.04596547,-0.01033827,-0.998809,6.187064,2.912764,0.1500914,-0.09315182,-0.1523197,0.9839317,32,-5.7,-12.75136,106.3844,33,0.7,-30.84396,235.1202
46.05457,-12.85,-28.1303,200.6774,6.107865,2.903792,0.15129,0.01215859,0.0464964,-0.01228865,-0.9987689,6.134533,2.912764,0.1500914,-0.09315182,-0.1523197,0.9839317,32,-5.7,-12.52347,104.7629,33,0.7,-30.61606,233.4986
46.07825,-20.12553,-37.22288,265.214,5.980752,2.901258,0.1515056,0.01190777,0.04793913,-0.01706105,-0.9986336,6.012685,2.907997,0.1507422,-0.09703995,-0.1489887,0.9840658,32,-5.7,-12.21025,102.5342,33,0.7,-30.30284,231.2699
46.09619,-12.85,-25.62714,185.5572,5.907683,2.899866,0.1512691,0.01047403,0.04886661,-0.01986765,-0.9985528,5.934957,2.904018,0.1512318,-0.09964087,-0.1513376,0.9834473,32,-5.7,-11.97356,100.8501,33,0.7,-30.06615,229.5858
46.12,-12.85,-25.41397,184.172,5.749784,2.897894,0.1508772,0.006278497,0.05027433,-0.0226799,-0.9984581,5.794601,2.904018,0.1512318,-0.09964087,-0.1513376,0.9834473,32,-5.7,-11.65786,98.60377,33,0.7,-29.75045,227.3395
46.13782,-12.85,-25.28346,181.0182,5.662472,2.89781,0.1507639,0.004219078,0.0508901,-0.02310724,-0.998428,5.700701,2.900792,0.1515478,-0.1008262,-0.1531861,0.9830403,32,-5.7,-11.42192,96.92493,33,0.7,-29.51451,225.6606
46.16174,-7.52866,-17.83713,127.277,5.479732,2.898417,0.1507598,0.001880479,0.05210779,-0.02443842,-0.9983407,5.518777,2.89818,0.151255,-0.1007797,-0.1601617,0.9819326,32,-5.7,-11.10581,94.67569,33,0.7,-29.1984,223.4114
46.17981,-7.615711,-17.83713,127.277,5.381794,2.899176,0.1508668,0.0005760267,0.05268194,-0.02541772,-0.9982877,5.431722,2.89818,0.151255,-0.1007797,-0.1601617,0.9819326,32,-5.7,-10.86684,92.97537,33,0.7,-28.95943,221.7111
46.20361,-11.18171,-21.88005,156.044,5.178124,2.901459,0.1510642,-0.0035496,0.05343651,-0.02680808,-0.9982051,5.228296,2.897235,0.1509675,-0.1034024,-0.1561261,0.9823098,32,-5.7,-10.55267,90.7399,33,0.7,-28.64526,219.4756
46.22192,-11.27777,-21.88006,156.0441,5.070067,2.902824,0.1510104,-0.006700126,0.05361649,-0.02735728,-0.9981643,5.132245,2.897235,0.1509675,-0.1034024,-0.1561261,0.9823098,32,-5.7,-10.31031,89.01543,33,0.7,-28.4029,217.7511
46.24512,-8.71584,-18.07637,128.9793,4.846778,2.906409,0.150492,-0.01430079,0.05418271,-0.02848863,-0.9980221,4.908902,2.898128,0.1509312,-0.1038204,-0.1598254,0.9816706,32,-5.7,-10.00452,86.8396,33,0.7,-28.09711,215.5753
46.26318,-7.562811,-16.70724,119.2374,4.72767,2.908644,0.1500037,-0.01864657,0.05470031,-0.02880392,-0.9979131,4.775911,2.900631,0.1509378,-0.1017048,-0.1616224,0.9815978,32,-5.7,-9.765494,85.13886,33,0.7,-27.85808,213.8746
46.28687,-7.78001,-16.70723,119.2374,4.483316,2.913913,0.1491206,-0.02431398,0.05694223,-0.02879424,-0.9976659,4.558708,2.900631,0.1509378,-0.1017048,-0.1616224,0.9815978,32,-5.7,-9.45172,82.90624,33,0.7,-27.54431,211.642
46.30457,-4.727738,-12.15092,86.81756,4.354976,2.917175,0.1486697,-0.02472854,0.05873849,-0.02809806,-0.9975715,4.415283,2.904652,0.1505121,-0.1033823,-0.170237,0.979965,32,-5.7,-9.217848,81.24215,33,0.7,-27.31044,209.9779
46.32861,-6.76294,-13.81053,98.62627,4.093812,2.923208,0.1473996,-0.02434551,0.06150714,-0.02553106,-0.997483,4.151642,2.910186,0.1496371,-0.1086237,-0.1664074,0.9800559,32,-5.7,-8.900097,78.98123,33,0.7,-26.99269,207.7169
46.34644,-6.883901,-13.81053,98.62627,3.95773,2.925833,0.1462461,-0.0237579,0.06235474,-0.02285981,-0.9975094,4.030681,2.910186,0.1496371,-0.1086237,-0.1664074,0.9800559,32,-5.7,-8.663904,77.30064,33,0.7,-26.75649,206.0364
46.37036,-10.24021,-16.69768,119.1694,3.680713,2.931313,0.1437296,-0.02505696,0.06354224,-0.01778541,-0.9975061,3.750989,2.91685,0.1482246,-0.1152153,-0.1615225,0.9801204,32,-5.7,-8.347951,75.05251,33,0.7,-26.44054,203.7882
46.38818,-10.36728,-16.69767,119.1694,3.537748,2.934123,0.1423769,-0.02609717,0.06400272,-0.01543859,-0.997489,3.623909,2.91685,0.1482246,-0.1152153,-0.1615225,0.9801204,32,-5.7,-8.111828,73.37241,33,0.7,-26.20441,202.1081
46.41211,-9.971845,-15.82717,112.9754,3.246179,2.940057,0.1397453,-0.02707596,0.06446522,-0.01151566,-0.9974862,3.329464,2.923769,0.1462163,-0.1155154,-0.1628428,0.9798665,32,-5.7,-7.796169,71.12638,33,0.7,-25.88876,199.8621
46.4303,-11.88231,-17.87408,127.5401,3.095417,2.943046,0.1383741,-0.02669469,0.06413493,-0.009291406,-0.997541,3.158556,2.930603,0.1435392,-0.1157368,-0.1600884,0.9802942,32,-5.7,-7.555548,69.41427,33,0.7,-25.64813,198.15
46.45386,-12.15427,-17.87407,127.54,2.789453,2.94897,0.1352192,-0.02635278,0.06310896,-0.004852103,-0.9976469,2.886588,2.930603,0.1435392,-0.1157368,-0.1600884,0.9802942,32,-5.7,-7.243747,67.19569,33,0.7,-25.33633,195.9314
46.47168,-11.19752,-16.33039,116.5562,2.632802,2.951777,0.1334148,-0.02606804,0.06227095,-0.00288102,-0.9977146,2.708925,2.937546,0.140407,-0.1170417,-0.162166,0.9797977,32,-5.7,-7.007851,65.5172,33,0.7,-25.10044,194.2529
46.49561,-11.99225,-16.71649,119.3034,2.313979,2.957727,0.1297845,-0.02535339,0.06079748,0.0001674015,-0.9978281,2.385716,2.944544,0.1367977,-0.1182102,-0.1616457,0.9797433,32,-5.7,-6.69215,63.27087,33,0.7,-24.78474,192.0066
46.51355,-12.13769,-16.71651,119.3035,2.150364,2.960691,0.1279509,-0.02374459,0.06001744,0.0009686804,-0.9979144,2.240282,2.944544,0.1367977,-0.1182102,-0.1616457,0.9797433,32,-5.7,-6.455645,61.58805,33,0.7,-24.54823,190.3238
46.53748,-11.60311,-15.98853,114.1237,1.820624,2.965815,0.1241116,-0.02027467,0.05865709,0.002781108,-0.9980684,1.90569,2.951601,0.1328293,-0.1161142,-0.162799,0.9798031,32,-5.7,-6.137893,59.32713,33,0.7,-24.23048,188.0629
46.55579,-11.75227,-15.98853,114.1237,1.652816,2.968515,0.1223609,-0.01845415,0.05814543,0.00364983,-0.9981309,1.756527,2.951601,0.1328293,-0.1161142,-0.162799,0.9798031,32,-5.7,-5.895977,57.60581,33,0.7,-23.98856,186.3415
46.57922,-12.85,-16.65617,119.5019,1.316964,2.973152,0.1187349,-0.01373378,0.0570731,0.005814496,-0.9982587,1.41522,2.958492,0.1285247,-0.1171082,-0.1610236,0.9799781,32,-5.7,-5.587006,55.40736,33,0.7,-23.67959,184.1431
46.59705,-19.3397,-24.32766,173.4597,1.147187,2.975034,0.1170628,-0.01190894,0.05676731,0.006642598,-0.9982944,1.220496,2.964972,0.1239984,-0.1163751,-0.1544822,0.9811178,32,-5.7,-5.351338,53.7305,33,0.7,-23.44392,182.4662
46.62109,-19.6412,-24.32766,173.4597,0.8079957,2.978699,0.1138663,-0.009069078,0.05599182,0.008857575,-0.9983508,0.9189925,2.964972,0.1239984,-0.1163751,-0.1544822,0.9811178,32,-5.7,-5.033676,51.47021,33,0.7,-23.12626,180.2059
46.63867,-12.14196,-15.42735,110.1307,0.6382262,2.979959,0.1124451,-0.008720386,0.05576724,0.01006278,-0.998355,0.7235255,2.970729,0.1196494,-0.1145856,-0.1638613,0.9798059,32,-5.7,-4.80031,49.80973,33,0.7,-22.89289,178.5455
46.66272,-10.47551,-13.42869,95.9095,0.2986397,2.982859,0.1098984,-0.008905927,0.05485103,0.0131652,-0.998368,0.3766546,2.975504,0.1157289,-0.1109717,-0.1677455,0.9795645,32,-5.7,-4.482549,47.54874,33,0.7,-22.57513,176.2845
46.68066,-10.62596,-13.42871,95.90957,0.1293906,2.984305,0.108806,-0.009526585,0.05440449,0.01483939,-0.9983633,0.226211,2.975504,0.1157289,-0.1109717,-0.1677455,0.9795645,32,-5.7,-4.245506,45.8621,33,0.7,-22.33809,174.5978
46.70447,-9.693875,-11.94134,85.32626,-0.2064568,2.986804,0.1065757,-0.009577086,0.0536928,0.01764177,-0.9983557,-0.1174913,2.979391,0.1122379,-0.1100242,-0.171426,0.9790341,32,-5.7,-3.930277,43.61913,33,0.7,-22.02286,172.3548
46.7229,-9.842623,-11.94133,85.32625,-0.3738012,2.986918,0.1056216,-0.009850174,0.0535916,0.01901812,-0.9983332,-0.2662419,2.979391,0.1122379,-0.1100242,-0.171426,0.9790341,32,-5.7,-3.686714,41.88609,33,0.7,-21.7793,170.6218
46.74634,-8.500615,-9.623967,68.83733,-0.7059504,2.989026,0.1040314,-0.01248522,0.05212163,0.0229563,-0.9982988,-0.6065325,2.98295,0.109136,-0.1122604,-0.1792808,0.977372,32,-5.7,-3.377624,39.68679,33,0.7,-21.47021,168.4225
46.76416,-7.850624,-8.628606,61.75496,-0.8693907,2.989511,0.1031912,-0.01179206,0.0512596,0.02492841,-0.9983045,-0.7965826,2.985376,0.1065747,-0.1117415,-0.1839746,0.9765589,32,-5.7,-3.141103,38.00386,33,0.7,-21.23369,166.7396
46.78845,-8.140426,-8.628602,61.75494,-1.195421,2.9895,0.1016481,-0.0120725,0.04952172,0.0275168,-0.9983209,-1.086387,2.985376,0.1065747,-0.1117415,-0.1839746,0.9765589,32,-5.7,-2.820101,35.71981,33,0.7,-20.91269,164.4555
46.80591,-8.554802,-9.1109,65.18667,-1.356869,2.989492,0.1009664,-0.01308914,0.04845554,0.0290415,-0.9983172,-1.274191,2.987283,0.1044666,-0.1093245,-0.1816645,0.9772646,32,-5.7,-2.588897,34.07471,33,0.7,-20.68148,162.8104
46.83008,-7.612047,-7.79824,55.8466,-1.676507,2.989198,0.09965087,-0.01384988,0.04590593,0.03227834,-0.9983281,-1.601969,2.988343,0.1025897,-0.105264,-0.1889226,0.9763338,32,-5.7,-2.270352,31.80815,33,0.7,-20.36294,160.5439
46.84778,-7.752657,-7.798244,55.84663,-1.834692,2.988969,0.09904557,-0.01416966,0.04456364,0.03308272,-0.9983581,-1.742578,2.988343,0.1025897,-0.105264,-0.1889226,0.9763338,32,-5.7,-2.035117,30.13436,33,0.7,-20.1277,158.8701
46.8717,-7.278088,-6.984897,50.05937,-2.147599,2.987774,0.09803687,-0.01413481,0.04205516,0.03403458,-0.9984354,-2.063731,2.988601,0.1008544,-0.101822,-0.194755,0.9755526,32,-5.7,-1.720101,27.89291,33,0.7,-19.81269,156.6286
46.89014,-7.415491,-6.984896,50.05936,-2.30218,2.987383,0.0976474,-0.01444954,0.04034484,0.03479093,-0.9984754,-2.201137,2.988601,0.1008544,-0.101822,-0.194755,0.9755526,32,-5.7,-1.476123,26.15691,33,0.7,-19.56871,154.8926
46.91345,-7.898188,-6.679552,47.88673,-2.608673,2.983819,0.0965071,-0.01430406,0.03666672,0.03708675,-0.9985368,-2.516017,2.987987,0.09936488,-0.1097246,-0.1970891,0.9742261,32,-5.7,-1.167376,23.96006,33,0.7,-19.25996,152.6958
46.9314,-8.114753,-6.673394,47.84291,-2.757561,2.982514,0.09563752,-0.01605196,0.03459045,0.03737113,-0.9985736,-2.690053,2.986583,0.09805846,-0.1106779,-0.1970885,0.9741184,32,-5.7,-0.9301077,22.27181,33,0.7,-19.02269,151.0075
46.95569,-8.377821,-6.673394,47.84291,-3.053511,2.979456,0.09499312,-0.01716231,0.03062257,0.03699884,-0.9986985,-2.95312,2.986583,0.09805846,-0.1106779,-0.1970885,0.9741184,32,-5.7,-0.6088673,19.98607,33,0.7,-18.70145,148.7218
46.97314,-8.274036,-6.480004,46.46687,-3.198514,2.977905,0.09492067,-0.01710639,0.02853022,0.03634827,-0.9987854,-3.122999,2.983715,0.0966754,-0.1082023,-0.1987944,0.9740498,32,-5.7,-0.3790586,18.35089,33,0.7,-18.47164,147.0866
46.99695,-7.689495,-5.377386,38.62134,-3.479789,2.974655,0.09471224,-0.01731212,0.02460517,0.03529148,-0.9989242,-3.412917,2.980254,0.0955565,-0.1078495,-0.2107684,0.9715683,32,-5.7,-0.06343511,16.10512,33,0.7,-18.15602,144.8408
47.01489,-7.811093,-5.377386,38.62134,-3.616587,2.972585,0.09459529,-0.01815109,0.02232607,0.03474778,-0.9989819,-3.534515,2.980254,0.0955565,-0.1078495,-0.2107684,0.9715683,32,-5.7,0.1734099,14.41988,33,0.7,-17.91917,143.1556
47.0387,-7.248491,-4.660885,33.52317,-3.883155,2.968997,0.09456316,-0.0213062,0.01801092,0.03404673,-0.9990308,-3.810091,2.976517,0.09492815,-0.09977484,-0.2216208,0.970015,32,-5.7,0.4890808,12.17376,33,0.7,-17.6035,140.9095
47.05737,-7.362376,-4.660885,33.52317,-4.011277,2.967046,0.09465616,-0.02293257,0.01614766,0.03334079,-0.9990505,-3.923977,2.976517,0.09492815,-0.09977484,-0.2216208,0.970015,32,-5.7,0.7350198,10.42382,33,0.7,-17.35756,139.1595
47.08057,-7.300105,-4.18228,30.11772,-4.258257,2.963232,0.09486438,-0.02549975,0.01293575,0.03127182,-0.9991019,-4.180645,2.972377,0.09461832,-0.1005594,-0.2306387,0.9678293,32,-5.7,1.042173,8.238305,33,0.7,-17.05041,136.974
47.09827,-7.235647,-3.78065,27.25997,-4.376506,2.960942,0.09501298,-0.02609295,0.01152062,0.03074341,-0.9991203,-4.321203,2.968026,0.09447002,-0.10356,-0.2398033,0.9652822,32,-5.7,1.276093,6.57388,33,0.7,-16.81649,135.3096
47.1228,-7.438694,-3.780651,27.25998,-4.604932,2.95646,0.09518574,-0.02800941,0.009043284,0.03045287,-0.9991028,-4.524249,2.968026,0.09447002,-0.10356,-0.2398033,0.9652822,32,-5.7,1.600978,4.262206,33,0.7,-16.4916,132.9979
47.13989,-7.429571,-3.493751,25.21858,-4.711585,2.954268,0.09527324,-0.02859351,0.008654722,0.03063997,-0.999084,-4.652625,2.963271,0.09473026,-0.106443,-0.2475041,0.9630222,32,-5.7,1.826664,2.656367,33,0.7,-16.26592,131.3921
47.16418,-7.394965,-2.959472,21.41699,-4.91688,2.949485,0.09533078,-0.02905859,0.007438771,0.03171331,-0.9990468,-4.866611,2.958141,0.09503186,-0.1135222,-0.2656989,0.9573488,32,-5.7,2.146739,0.3789165,33,0.7,-15.94584,129.1146
47.18164,-7.478337,-2.959473,21.41699,-5.010673,2.947051,0.09525825,-0.02897624,0.007306271,0.03280061,-0.9990152,-4.949982,2.958141,0.09503186,-0.1135222,-0.2656989,0.9573488,33,0.7,-15.71395,127.4647,34,-5.7,-33.80619,256.1972
47.20593,-7.694503,-2.682833,19.4486,-5.188636,2.942319,0.09516712,-0.02907835,0.006425001,0.03509769,-0.9989401,-5.137411,2.952807,0.09521914,-0.1258487,-0.2773613,0.9524877,33,0.7,-15.39344,125.1841,34,-5.7,-33.48568,253.9167
47.22424,-7.765594,-2.682832,19.44859,-5.268614,2.940065,0.09519254,-0.02875196,0.00627999,0.03630917,-0.9989072,-5.208502,2.952807,0.09521914,-0.1258487,-0.2773613,0.9524877,33,0.7,-15.15035,123.4545,34,-5.7,-33.2426,252.187
47.24768,-7.641819,-2.378492,17.2831,-5.416676,2.935097,0.09539042,-0.02714154,0.006405257,0.03816796,-0.9988821,-5.366762,2.947202,0.09523582,-0.1254352,-0.2936322,0.947653,33,0.7,-14.84107,121.2538,34,-5.7,-32.93331,249.9864
47.26514,-7.725881,-2.388684,17.35562,-5.4821,2.932438,0.09559392,-0.0255971,0.006439344,0.03931824,-0.9988781,-5.448638,2.941455,0.09523392,-0.1250708,-0.2927424,0.9479764,33,0.7,-14.6096,119.6068,34,-5.7,-32.70184,248.3394
47.29004,-7.831505,-2.388684,17.35562,-5.600926,2.926836,0.09625851,-0.02215721,0.006658711,0.04142427,-0.9988738,-5.554262,2.941455,0.09523392,-0.1250708,-0.2927424,0.9479764,33,0.7,-14.28067,117.2664,34,-5.7,-32.37292,245.9989
47.30688,-5.391475,-5.676942,40.75292,-5.651444,2.923507,0.09661256,-0.02015155,0.00664416,0.04268032,-0.9988634,-5.619853,2.935537,0.09540069,0.00549512,-0.2072284,0.9782772,33,0.7,-14.05781,115.6806,34,-5.7,-32.15005,244.4132
47.33118,-2.513432,-12.13961,86.73732,-5.73968,2.916324,0.09710877,-0.01813463,0.006152764,0.04578205,-0.9987679,-5.715961,2.928964,0.09598792,0.03639229,-0.1712334,0.9845581,33,0.7,-13.73727,113.3998,34,-5.7,-31.82951,242.1324
47.34888,-2.543444,-12.1396,86.73723,-5.773441,2.912361,0.0972338,-0.01847725,0.005844094,0.04733082,-0.9986913,-5.74597,2.928964,0.09598792,0.03639229,-0.1712334,0.9845581,33,0.7,-13.50309,111.7336,34,-5.7,-31.59533,240.4662
47.37292,-1.515937,-14.35681,102.5135,-5.829879,2.904701,0.09776726,-0.01919732,0.004696622,0.05103525,-0.9985012,-5.810479,2.921607,0.09659016,0.0413124,-0.1662139,0.985224,33,0.7,-13.18517,109.4715,34,-5.7,-31.27742,238.2041
47.39148,-1.530514,-14.35681,102.5135,-5.846279,2.901664,0.09819202,-0.02094725,0.004069969,0.05254909,-0.9983904,-5.825057,2.921607,0.09659016,0.0413124,-0.1662139,0.985224,33,0.7,-12.93979,107.7255,34,-5.7,-31.03204,236.4581
47.41467,-2.354174,-11.33756,81.03041,-5.869245,2.89612,0.09941888,-0.02285573,0.002010159,0.05683554,-0.9981199,-5.856524,2.913132,0.09716749,0.04258027,-0.1732546,0.9839562,33,0.7,-12.63253,105.5392,34,-5.7,-30.72477,234.2718
47.43262,-2.729008,-10.24737,73.27328,-5.872707,2.893564,0.1004168,-0.02247068,0.0006669983,0.05955635,-0.9979718,-5.867233,2.904618,0.09797597,0.0421725,-0.1767407,0.9833536,33,0.7,-12.39661,103.8605,34,-5.7,-30.48885,232.5931
47.45715,-2.722788,-10.24737,73.27329,-5.86571,2.888536,0.1020149,-0.02197782,-0.001984492,0.06401721,-0.9977048,-5.861013,2.904618,0.09797597,0.0421725,-0.1767407,0.9833536,33,0.7,-12.07142,101.5467,34,-5.7,-30.16366,230.2793
47.47437,-2.666771,-9.770775,69.88214,-5.851907,2.886504,0.1027194,-0.02244216,-0.003335804,0.06561958,-0.9975868,-5.853037,2.897245,0.09945309,0.04488031,-0.178436,0.9829274,33,0.7,-11.84445,99.93173,34,-5.7,-29.93669,228.6643
47.49817,-2.237159,-10.05955,71.93689,-5.813273,2.882692,0.1041855,-0.02313124,-0.006073132,0.06852147,-0.997363,-5.819535,2.890783,0.1010423,0.0490188,-0.1772035,0.9829528,33,0.7,-11.52932,97.68946,34,-5.7,-29.62156,226.422
47.51611,-2.21165,-10.05954,71.93684,-5.784572,2.880928,0.1050035,-0.0224781,-0.007526018,0.06942672,-0.9973055,-5.794024,2.890783,0.1010423,0.0490188,-0.1772035,0.9829528,33,0.7,-11.2915,95.99729,34,-5.7,-29.38375,224.7299
47.54016,-1.867475,-9.909806,70.87141,-5.714814,2.877272,0.1066752,-0.02119103,-0.01000411,0.07050647,-0.997236,-5.729577,2.885355,0.1027837,0.05362568,-0.1776621,0.9826294,33,0.7,-10.9745,93.74168,34,-5.7,-29.06674,222.4743
47.55835,-1.826638,-9.909806,70.87141,-5.668873,2.875551,0.1074796,-0.02120594,-0.01090292,0.07008857,-0.9972558,-5.688741,2.885355,0.1027837,0.05362568,-0.1776621,0.9826294,33,0.7,-10.73358,92.02747,34,-5.7,-28.82582,220.76
47.58167,10.81837,-36.19781,257.9199,-5.567106,2.872521,0.108863,-0.02142431,-0.01322925,0.07060591,-0.9971865,-5.592497,2.880478,0.1047773,0.06281046,-0.1495671,0.9867545,33,0.7,-10.42477,89.83018,34,-5.7,-28.51701,218.5627
47.59973,12.77561,-40.48049,288.3928,-5.505481,2.87097,0.1094504,-0.02170774,-0.01452349,0.07113135,-0.997125,-5.528605,2.876301,0.106644,0.06266371,-0.1484301,0.9869356,33,0.7,-10.18686,88.13738,34,-5.7,-28.2791,216.8699
47.62415,12.85,-40.37126,287.6665,-5.369912,2.869117,0.1109234,-0.02341147,-0.01746056,0.07278328,-0.99692,-5.408099,2.876301,0.106644,0.06266371,-0.1484301,0.9869356,33,0.7,-9.864442,85.84324,34,-5.7,-27.95668,214.5758
47.64148,8.034451,-30.21704,215.3645,-5.291709,2.869085,0.1119272,-0.0244969,-0.01920266,0.07365515,-0.9967979,-5.326089,2.872546,0.1083466,0.06123239,-0.1516521,0.9865354,33,0.7,-9.634592,84.20777,34,-5.7,-27.72683,212.9403
47.66528,6.588515,-24.41425,174.0756,-5.122626,2.870459,0.1146418,-0.02738652,-0.02291803,0.07484409,-0.9965556,-5.159832,2.869664,0.1101713,0.0665691,-0.1545976,0.9857323,33,0.7,-9.319431,81.96529,34,-5.7,-27.41167,210.6978
47.68311,6.673044,-24.41426,174.0757,-5.02754,2.872447,0.1161549,-0.02984355,-0.02510435,0.07535845,-0.9963936,-5.075311,2.869664,0.1101713,0.0665691,-0.1545976,0.9857323,33,0.7,-9.084199,80.29152,34,-5.7,-27.17644,209.0241
47.70703,6.347754,-24.0472,171.4639,-4.828164,2.876328,0.1182525,-0.03638091,-0.02950091,0.07574385,-0.9960266,-4.878546,2.868929,0.1127704,0.06458755,-0.1548549,0.9858238,33,0.7,-8.767579,78.03865,34,-5.7,-26.85982,206.7712
47.7251,6.445308,-24.0472,171.4639,-4.718415,2.878637,0.1187535,-0.04220534,-0.0313599,0.07514236,-0.9957856,-4.780992,2.868929,0.1127704,0.06458755,-0.1548549,0.9858238,33,0.7,-8.528312,76.33617,34,-5.7,-26.62055,205.0687
47.7489,6.05358,-21.09301,150.4438,-4.48551,2.884133,0.1197544,-0.05257873,-0.03402447,0.07368296,-0.9953133,-4.550928,2.870895,0.115405,0.06949429,-0.1570422,0.9851438,33,0.7,-8.214243,74.10146,34,-5.7,-26.30649,202.834
47.7666,1.707774,-11.21677,80.17091,-4.358754,2.8882,0.1206096,-0.05531668,-0.03494522,0.07353239,-0.9951441,-4.411891,2.875132,0.1177095,0.07507493,-0.1728768,0.9820781,33,0.7,-7.980207,72.43622,34,-5.7,-26.07245,201.1688
47.79126,1.94252,-11.21677,80.17097,-4.09467,2.897197,0.1226182,-0.05620435,-0.03651218,0.07348056,-0.995042,-4.177151,2.875132,0.1177095,0.07507493,-0.1728768,0.9820781,33,0.7,-7.654759,70.12054,34,-5.7,-25.747,198.8531
47.80847,1.433321,-10.72777,76.6915,-3.953427,2.901636,0.1234566,-0.05465341,-0.03636736,0.07310361,-0.9951615,-4.02175,2.881378,0.1195123,0.06996995,-0.1745589,0.9821575,33,0.7,-7.427463,68.50323,34,-5.7,-25.51971,197.2358
47.83252,4.816664,-17.65474,125.9794,-3.667148,2.91018,0.1246206,-0.0554503,-0.03569872,0.07155465,-0.9952541,-3.734077,2.890235,0.12143,0.06690186,-0.160746,0.9847258,33,0.7,-7.10952,66.24095,34,-5.7,-25.20176,194.9735
47.8501,4.949162,-17.65474,125.9794,-3.518087,2.914236,0.1250123,-0.05688766,-0.03469307,0.07086224,-0.9952582,-3.601578,2.890235,0.12143,0.06690186,-0.160746,0.9847258,33,0.7,-6.876857,64.58546,34,-5.7,-24.9691,193.318
47.87415,4.121497,-16.30642,116.3856,-3.213013,2.922382,0.1260436,-0.05959232,-0.03219252,0.06958526,-0.9952739,-3.294328,2.900498,0.1232426,0.062808,-0.1626721,0.9846791,33,0.7,-6.558589,62.32087,34,-5.7,-24.65083,191.0534
47.89221,4.263438,-16.30642,116.3857,-3.053333,2.92683,0.1268407,-0.0602871,-0.03038026,0.06895746,-0.9953328,-3.15239,2.900498,0.1232426,0.062808,-0.1626721,0.9846791,33,0.7,-6.319697,60.62106,34,-5.7,-24.41194,189.3536
47.91602,3.765443,-16.29138,116.2786,-2.730442,2.935181,0.1284855,-0.05928374,-0.02697772,0.06762879,-0.9955822,-2.826957,2.910752,0.1246917,0.05590812,-0.1628474,0.985066,33,0.7,-6.004762,58.38018,34,-5.7,-24.09701,187.1127
47.93347,3.058996,-15.85029,113.1401,-2.566522,2.938927,0.1290115,-0.05935226,-0.02506328,0.06745397,-0.99564,-2.640593,2.921074,0.1261617,0.04968954,-0.1636505,0.9852661,33,0.7,-5.774472,56.74158,34,-5.7,-23.86672,185.4741
47.95776,3.350096,-15.85029,113.1401,-2.239033,2.946061,0.1298978,-0.061633,-0.02096943,0.06714932,-0.9956168,-2.349492,2.921074,0.1261617,0.04968954,-0.1636505,0.9852661,33,0.7,-5.45294,54.45376,34,-5.7,-23.54518,183.1863
47.97485,3.341612,-17.67082,126.0936,-2.074956,2.949224,0.1301415,-0.062996,-0.01885677,0.06777306,-0.9955314,-2.161458,2.930932,0.1277639,0.04307416,-0.161256,0.9859722,33,0.7,-5.226492,52.8425,34,-5.7,-23.31874,181.575
47.99939,3.297508,-16.38431,116.9399,-1.746897,2.955521,0.1308663,-0.06425959,-0.01498983,0.06913124,-0.995423,-1.82665,2.940024,0.129112,0.04323845,-0.1630618,0.9856679,33,0.7,-4.903154,50.54183,34,-5.7,-22.9954,179.2744
48.01672,3.44363,-16.38457,116.9414,-1.582586,2.958797,0.1312705,-0.06317826,-0.01337105,0.0696677,-0.9954779,-1.680596,2.940024,0.129112,0.04323845,-0.1630618,0.9856679,33,0.7,-4.673356,48.90673,34,-5.7,-22.7656,177.6393
48.04114,3.164377,-14.85845,106.0829,-1.257208,2.96407,0.1320687,-0.05946682,-0.009881988,0.06907457,-0.9957885,-1.347725,2.948188,0.1301094,0.04196002,-0.1655918,0.9853014,33,0.7,-4.350401,46.6088,34,-5.7,-22.44265,175.3413
48.05847,3.307608,-14.85846,106.0829,-1.096075,2.96652,0.1324705,-0.05714399,-0.008190475,0.0678898,-0.9960213,-1.204496,2.948188,0.1301094,0.04196002,-0.1655918,0.9853014,33,0.7,-4.120574,44.97348,34,-5.7,-22.21282,173.706
48.08289,3.162326,-16.15561,115.3123,-0.7780936,2.970603,0.1334615,-0.05252025,-0.005290128,0.06609512,-0.9964162,-0.8781419,2.955723,0.1310221,0.03458536,-0.1635881,0.9859223,33,0.7,-3.79827,42.68018,34,-5.7,-21.89051,171.4127
48.10022,3.434845,-20.98426,149.67,-0.6205183,2.972256,0.1341054,-0.05030078,-0.00396631,0.06477944,-0.9966232,-0.6948156,2.962372,0.1319548,0.02725856,-0.1580641,0.9870525,33,0.7,-3.569202,41.05027,34,-5.7,-21.66145,169.7828
48.12476,3.711277,-20.98428,149.6701,-0.309535,2.97459,0.1353917,-0.04581474,-0.001443729,0.06216732,-0.9970126,-0.418386,2.962372,0.1319548,0.02725856,-0.1580641,0.9870525,33,0.7,-3.245223,38.74504,34,-5.7,-21.33747,167.4776
48.14209,4.949615,-27.52782,196.2296,-0.157596,2.974562,0.1358347,-0.04432678,-0.0002112985,0.06012454,-0.9972062,-0.240683,2.967801,0.1330811,0.02614476,-0.1536137,0.987785,33,0.7,-3.015384,37.10965,34,-5.7,-21.10763,165.8422
48.1665,2.926124,-19.18277,136.8516,0.1452891,2.974634,0.1369469,-0.04190926,0.002750292,0.05594043,-0.9975504,0.07032572,2.971412,0.1340661,0.02061496,-0.1599229,0.9869142,33,0.7,-2.692778,34.81419,34,-5.7,-20.78502,163.5467
48.18396,3.058419,-19.18277,136.8516,0.2941213,2.973909,0.1377265,-0.04126273,0.003961131,0.0540728,-0.9976763,0.202621,2.971412,0.1340661,0.02061496,-0.1599229,0.9869142,33,0.7,-2.462379,33.17483,34,-5.7,-20.55462,161.9073
48.20837,2.475723,-17.97422,128.2524,0.5901192,2.974408,0.1401672,-0.04073796,0.00644961,0.05159137,-0.9978162,0.5067599,2.973173,0.1354837,0.01516534,-0.1613411,0.9867822,33,0.7,-2.139551,30.87778,34,-5.7,-20.2318,159.6103
48.22571,2.604479,-17.97422,128.2524,0.7349702,2.973997,0.1416464,-0.03899857,0.007312097,0.05110329,-0.9979049,0.6355163,2.973173,0.1354837,0.01516534,-0.1613411,0.9867822,33,0.7,-1.90992,29.24387,34,-5.7,-20.00216,157.9764
48.25,1.79474,-13.46204,96.14657,1.020382,2.972091,0.1436566,-0.03814148,0.009734072,0.04876211,-0.9980345,0.9294454,2.973401,0.1374416,0.008883047,-0.1687251,0.9856231,33,0.7,-1.58869,26.95821,34,-5.7,-19.68093,155.6907
48.26746,1.698996,-12.8227,91.5977,1.159702,2.971353,0.1443539,-0.03950649,0.01069791,0.04796214,-0.9980102,1.092674,2.973097,0.1399319,0.006532666,-0.1701881,0.9853899,33,0.7,-1.357867,25.31581,34,-5.7,-19.45011,154.0483
48.29199,1.942096,-12.82292,91.59899,1.43318,2.970074,0.1467969,-0.03997247,0.01205371,0.04624739,-0.9980572,1.335765,2.973097,0.1399319,0.006532666,-0.1701881,0.9853899,33,0.7,-1.034482,23.01481,34,-5.7,-19.12673,151.7473
48.30969,1.866874,-10.83478,77.45291,1.567497,2.968949,0.1481031,-0.03737478,0.01244204,0.04494676,-0.9982125,1.493518,2.97192,0.1422384,0.004754023,-0.1758037,0.9844137,33,0.7,-0.800131,21.34731,34,-5.7,-18.89238,150.0798
48.33362,1.790622,-8.785149,62.86905,1.828327,2.965769,0.1507372,-0.03419043,0.01348424,0.04142885,-0.9984653,1.7626,2.970088,0.14504,0.0004390977,-0.184205,0.9828877,33,0.7,-0.4836005,19.09508,34,-5.7,-18.57585,147.8276
48.35156,1.902192,-8.785152,62.86907,1.953843,2.964738,0.1517866,-0.03354776,0.01335174,0.04048876,-0.9985275,1.87417,2.970088,0.14504,0.0004390977,-0.184205,0.9828877,33,0.7,-0.2470654,17.41205,34,-5.7,-18.33931,146.1446
48.37524,2.057671,-9.693569,69.33279,2.198247,2.960768,0.1538716,-0.03123125,0.01341876,0.03842096,-0.9986833,2.127391,2.967555,0.1480355,-0.0009912808,-0.1800149,0.9836634,33,0.7,0.06753682,15.17354,34,-5.7,-18.02471,143.9061
48.39307,2.162476,-9.693569,69.33279,2.316152,2.959063,0.1551867,-0.03127166,0.01378617,0.03648225,-0.9987498,2.232196,2.967555,0.1480355,-0.0009912808,-0.1800149,0.9836634,33,0.7,0.3031093,13.49735,34,-5.7,-17.78913,142.2299
48.41724,2.025212,-10.49266,75.01861,2.542742,2.95566,0.1575444,-0.02909224,0.01392343,0.03370802,-0.9989113,2.46813,2.964288,0.1509504,-0.005822608,-0.1769051,0.9842107,33,0.7,0.6215409,11.23159,34,-5.7,-17.4707,139.9641
48.43481,1.827687,-9.746582,69.71,2.649382,2.953251,0.158316,-0.02782772,0.01404991,0.03214306,-0.998997,2.595739,2.960309,0.1537236,-0.01086176,-0.1797002,0.9836615,33,0.7,0.8542548,9.575748,34,-5.7,-17.23799,138.3083
48.45898,2.0091,-9.746583,69.71001,2.853472,2.948775,0.1600914,-0.02693353,0.0141353,0.03006249,-0.9990851,2.777152,2.960309,0.1537236,-0.01086176,-0.1797002,0.9836615,33,0.7,1.173974,7.300831,34,-5.7,-16.91827,136.0334
48.47668,1.070911,-11.24657,80.38266,2.950247,2.946324,0.1608227,-0.02583161,0.01450565,0.02854472,-0.9991534,2.89406,2.955969,0.156415,-0.02237156,-0.1742769,0.9844425,33,0.7,1.408528,5.631888,34,-5.7,-16.68372,134.3644
48.50073,-3.44594,-18.34426,130.8852,3.133829,2.941147,0.1621099,-0.02435633,0.01571879,0.0240826,-0.9992896,3.085943,2.950953,0.1587667,-0.04925615,-0.1605846,0.9857923,33,0.7,1.726149,3.371897,34,-5.7,-16.36609,132.1044
48.51855,-3.371673,-18.34429,130.8855,3.217394,2.938923,0.1625115,-0.02304779,0.0159512,0.02285125,-0.9993459,3.160224,2.950953,0.1587667,-0.04925615,-0.1605846,0.9857923,33,0.7,1.96102,1.700705,34,-5.7,-16.13122,130.4332
48.54248,-7.795243,-24.96039,177.9616,3.374817,2.933355,0.1634488,-0.02018351,0.01625934,0.0207516,-0.9994487,3.326545,2.945329,0.1605119,-0.06167773,-0.1547558,0.9860256,34,-5.7,-15.81388,128.1752,35,5.7,-34.07467,258.1077
48.5603,-10.79639,-31.70373,225.943,3.445776,2.931215,0.1639813,-0.01963961,0.01628653,0.01989228,-0.9994765,3.413685,2.939359,0.1620725,-0.06208935,-0.1513692,0.9865254,34,-5.7,-15.57809,126.4975,35,5.7,-33.83888,256.43
48.58423,-10.68012,-31.70373,225.943,3.576578,2.92682,0.1649821,-0.01762601,0.01670486,0.01721592,-0.9995569,3.529953,2.939359,0.1620725,-0.06208935,-0.1513692,0.9865254,34,-5.7,-15.26285,124.2544,35,5.7,-33.52364,254.1869
48.60205,-5.377707,-18.8884,134.757,3.633704,2.924646,0.1655414,-0.01660914,0.01720301,0.01535763,-0.9995961,3.602156,2.933351,0.1633803,-0.06571601,-0.1596949,0.9849766,34,-5.7,-15.02682,122.575,35,5.7,-33.28761,252.5074
48.62598,-5.286221,-18.8884,134.757,3.736627,2.920877,0.1670173,-0.01468536,0.01772947,0.01231486,-0.9996592,3.693643,2.933351,0.1633803,-0.06571601,-0.1596949,0.9849766,34,-5.7,-14.71107,120.3283,35,5.7,-32.97186,250.2607
48.6438,-4.356515,-15.70761,112.1244,3.779317,2.919134,0.167963,-0.01275004,0.01810158,0.01090271,-0.9996955,3.750195,2.92776,0.1646502,-0.07124318,-0.1637709,0.9839225,34,-5.7,-14.47504,118.6489,35,5.7,-32.73583,248.5813
48.66785,-6.869024,-19.52458,139.2836,3.853477,2.915317,0.1695928,-0.008979043,0.01906598,0.007489372,-0.9997498,3.831828,2.922702,0.1661912,-0.07571938,-0.1588373,0.9843969,34,-5.7,-14.15666,116.3835,35,5.7,-32.41745,246.3159
48.68555,-6.845096,-19.52458,139.2836,3.880397,2.913406,0.1703707,-0.007866542,0.01950435,0.006362643,-0.9997587,3.855756,2.922702,0.1661912,-0.07571938,-0.1588373,0.9843969,34,-5.7,-13.92271,114.7189,35,5.7,-32.1835,244.6513
48.70984,-10.029,-25.23784,179.9357,3.922351,2.909656,0.1719768,-0.007141935,0.02017699,0.004471172,-0.9997609,3.905651,2.918122,0.1679322,-0.07635752,-0.1542859,0.9850712,34,-5.7,-13.60182,112.4356,35,5.7,-31.86261,242.368
48.72729,-12.85,-29.3392,209.9008,3.933578,2.908016,0.1728374,-0.007610164,0.02066358,0.003174105,-0.9997525,3.925065,2.913639,0.1698289,-0.07880854,-0.1515225,0.9853072,34,-5.7,-13.37023,110.7877,35,5.7,-31.63101,240.7202
48.75122,-12.85,-29.35569,210.008,3.943224,2.905009,0.1746932,-0.008065293,0.02204492,6.559888E-06,-0.9997245,3.933639,2.913639,0.1698289,-0.07880854,-0.1515225,0.9853072,34,-5.7,-13.05445,108.5409,35,5.7,-31.31524,238.4733
48.76904,-6.424305,-18.13267,129.3796,3.936992,2.903816,0.1756804,-0.008733084,0.02277667,-0.001239587,-0.9997017,3.93419,2.909342,0.1718961,-0.07888033,-0.1602357,0.9839219,34,-5.7,-12.81937,106.8682,35,5.7,-31.08016,236.8006
48.79309,-6.446726,-18.13266,129.3796,3.911768,2.902373,0.1777904,-0.009543229,0.02450321,-0.00417383,-0.9996455,3.911769,2.909342,0.1718961,-0.07888033,-0.1602357,0.9839219,34,-5.7,-12.50128,104.6049,35,5.7,-30.76207,234.5373
48.81055,-6.571912,-17.57524,125.4134,3.88965,2.901865,0.1790809,-0.008509617,0.02567095,-0.005828133,-0.9996173,3.894788,2.905497,0.1739907,-0.08219885,-0.1608428,0.9835512,34,-5.7,-12.27,102.9592,35,5.7,-30.53078,232.8916
48.83472,-6.250275,-15.93741,113.7596,3.831957,2.900203,0.1814066,-0.005890966,0.02774806,-0.008367513,-0.9995626,3.842624,2.90265,0.1763024,-0.08732639,-0.1630091,0.9827523,34,-5.7,-11.95085,100.6883,35,5.7,-30.21164,230.6208
48.85242,-6.284973,-15.93742,113.7597,3.792929,2.899054,0.1823173,-0.0047165,0.02888474,-0.00879706,-0.999533,3.807932,2.90265,0.1763024,-0.08732639,-0.1630091,0.9827523,34,-5.7,-11.71683,99.02318,35,5.7,-29.97762,228.9556
48.87646,-9.860797,-20.64175,147.2328,3.703817,2.896691,0.1842087,-0.00358501,0.03144376,-0.009735908,-0.9994517,3.724329,2.900651,0.1789743,-0.09084319,-0.1574271,0.9833434,34,-5.7,-11.39848,96.758,35,5.7,-29.65926,226.6904
48.89404,-10.43153,-20.51667,146.3428,3.647308,2.895797,0.1851494,-0.004164118,0.03294399,-0.009663863,-0.9994018,3.666308,2.898563,0.1816701,-0.09481065,-0.1574719,0.9829616,34,-5.7,-11.16589,95.10306,35,5.7,-29.42668,225.0355
48.91833,-10.54401,-20.51669,146.3429,3.520784,2.895189,0.1873763,-0.004905854,0.03550145,-0.009006331,-0.999317,3.553842,2.898563,0.1816701,-0.09481065,-0.1574719,0.9829616,34,-5.7,-10.84569,92.82468,35,5.7,-29.10647,222.7571
48.93591,-7.664923,-16.06061,114.6362,3.446523,2.895469,0.188406,-0.005305446,0.03619228,-0.007870114,-0.9992998,3.476282,2.896244,0.1840217,-0.09559553,-0.1626566,0.9820409,34,-5.7,-10.61206,91.16232,35,5.7,-28.87284,221.0948
48.96008,-7.986407,-15.45053,110.2952,3.283256,2.896106,0.1899932,-0.007890667,0.03653988,-0.005700405,-0.9992849,3.315907,2.894778,0.1864285,-0.100736,-0.1635093,0.9813852,34,-5.7,-10.29332,88.89441,35,5.7,-28.55411,218.8268
48.97791,-8.068946,-15.45052,110.2952,3.190396,2.897186,0.1908333,-0.01075995,0.03684653,-0.005433057,-0.9992483,3.233365,2.894778,0.1864285,-0.100736,-0.1635093,0.9813852,34,-5.7,-10.05804,87.22029,35,5.7,-28.31883,217.1527
49.00171,-7.032155,-13.27712,94.83064,2.993056,2.899945,0.191944,-0.01682763,0.03786064,-0.005957228,-0.9991236,3.038911,2.894566,0.1889702,-0.10432,-0.1675126,0.9803351,34,-5.7,-9.74264,84.9761,35,5.7,-28.00343,214.9085
49.01953,-7.130082,-13.27711,94.83059,2.882878,2.901661,0.1918508,-0.02000682,0.03833768,-0.006265801,-0.999045,2.940975,2.894566,0.1889702,-0.10432,-0.1675126,0.9803351,34,-5.7,-9.506592,83.29653,35,5.7,-27.76738,213.229
49.04358,-5.872895,-11.56133,82.62217,2.652304,2.905412,0.1910261,-0.02538765,0.03948596,-0.006155516,-0.9988787,2.713122,2.896146,0.1908834,-0.102058,-0.1718493,0.9798224,34,-5.7,-9.189767,81.04221,35,5.7,-27.45055,210.9746
49.0614,-4.920341,-10.01877,71.64625,2.527054,2.9076,0.1900269,-0.02760734,0.04047129,-0.005629798,-0.9987833,2.575211,2.899386,0.1916072,-0.1026804,-0.1769639,0.9788465,34,-5.7,-8.953978,79.36448,35,5.7,-27.21476,209.2969
49.08545,-5.153521,-10.01877,71.64625,2.264726,2.912698,0.1876349,-0.02970276,0.04232086,-0.003683978,-0.9986557,2.342031,2.899386,0.1916072,-0.1026804,-0.1769639,0.9788465,34,-5.7,-8.636203,77.10339,35,5.7,-26.89699,207.0358
49.10303,-6.019652,-10.74622,76.82235,2.123618,2.915609,0.1860648,-0.0281759,0.04353622,-0.002508151,-0.9986513,2.186536,2.903754,0.1908972,-0.1048459,-0.1743981,0.9790774,34,-5.7,-8.402905,75.44339,35,5.7,-26.66369,205.3758
49.12708,-11.9207,-17.31832,123.5853,1.834624,2.921196,0.182662,-0.02423251,0.04605331,-0.0009009859,-0.9986446,1.896098,2.909261,0.1886489,-0.1098274,-0.1607856,0.9808598,34,-5.7,-8.085874,73.1876,35,5.7,-26.34666,203.12
49.14465,-12.05633,-17.31832,123.5853,1.682045,2.924091,0.1807657,-0.02162896,0.04707219,6.260758E-05,-0.9986573,1.760471,2.909261,0.1886489,-0.1098274,-0.1607856,0.9808598,34,-5.7,-7.853356,71.53316,35,5.7,-26.11414,201.4656
49.16895,-12.85,-18.7443,135.2174,1.369897,2.929833,0.1768475,-0.01795373,0.04897222,0.001850487,-0.9986371,1.446456,2.915674,0.1852839,-0.1039716,-0.1575231,0.9820266,34,-5.7,-7.532103,69.24732,35,5.7,-25.79289,199.1797
49.18628,-12.85,-18.524,133.844,1.206316,2.93259,0.1748488,-0.01659543,0.0495789,0.002877481,-0.9986281,1.30105,2.915674,0.1852839,-0.1039716,-0.1575231,0.9820266,34,-5.7,-7.3017,67.60793,35,5.7,-25.56249,197.5403
49.21057,-12.7,-17.55785,127.0837,0.8720554,2.938582,0.1709953,-0.01462661,0.05037253,0.005829527,-0.9986064,0.9646695,2.922493,0.1810985,-0.1057073,-0.1584321,0.9816951,34,-5.7,-6.980911,65.32539,35,5.7,-25.2417,195.2578
49.22839,-12.85,-16.9171,122.2063,0.7013215,2.941514,0.1692857,-0.01421764,0.05032426,0.007439184,-0.9986041,0.7712919,2.929341,0.1766587,-0.1095125,-0.1595615,0.9810948,34,-5.7,-6.74505,63.64716,35,5.7,-25.00584,193.5795
49.25232,-12.85,-16.46574,119.4311,0.3528177,2.947564,0.1655489,-0.0139039,0.05015305,0.009423552,-0.9986003,0.4615107,2.929341,0.1766587,-0.1095125,-0.1595615,0.9810948,34,-5.7,-6.428443,61.39438,35,5.7,-24.68923,191.3268
49.27014,-12.78643,-16.62218,120.8592,0.173091,2.95066,0.1635329,-0.01381309,0.04942548,0.01045069,-0.9986277,0.2579803,2.936309,0.1722369,-0.1060906,-0.1590698,0.9815506,34,-5.7,-6.192939,59.71868,35,5.7,-24.45373,189.6511
49.29419,-8.264646,-10.91699,78.03747,-0.1882047,2.956405,0.1593707,-0.01399366,0.04803947,0.01153599,-0.9986808,-0.1089996,2.943506,0.167497,-0.1025696,-0.1743168,0.979333,34,-5.7,-5.87596,57.46326,35,5.7,-24.13675,187.3956
49.31226,-8.428117,-10.91699,78.03747,-0.3721089,2.959801,0.1572656,-0.01442031,0.04689655,0.01170802,-0.998727,-0.27247,2.943506,0.167497,-0.1025696,-0.1743168,0.979333,34,-5.7,-5.636045,55.75617,35,5.7,-23.89683,185.6886
49.33594,-8.597453,-11.19982,80.0499,-0.7400064,2.965867,0.1530191,-0.01337216,0.04485543,0.01183371,-0.998834,-0.6467689,2.950711,0.1626605,-0.09753112,-0.1735847,0.9799776,34,-5.7,-5.323427,53.53177,35,5.7,-23.58421,183.4642
49.35388,-8.76439,-11.19982,80.0499,-0.9278092,2.969095,0.1509818,-0.01261012,0.04348639,0.01203342,-0.998902,-0.8137047,2.950711,0.1626605,-0.09753112,-0.1735847,0.9799776,34,-5.7,-5.086772,51.84789,35,5.7,-23.34756,181.7803
49.37769,-8.236103,-10.71581,76.606,-1.297482,2.973814,0.1464967,-0.008883005,0.04059376,0.01382456,-0.9990407,-1.190959,2.957988,0.1575569,-0.09034482,-0.1753488,0.9803523,34,-5.7,-4.771379,49.60374,35,5.7,-23.03217,179.5361
49.39575,-8.078212,-10.73016,76.70812,-1.481916,2.975797,0.1445235,-0.007489768,0.03907081,0.0141008,-0.9991089,-1.403888,2.965229,0.1525139,-0.0855059,-0.1754541,0.9807674,34,-5.7,-4.533472,47.91095,35,5.7,-22.79426,177.8433
49.41956,-8.402658,-10.73017,76.70815,-1.846916,2.980401,0.1405214,-0.004901731,0.0361224,0.01478385,-0.999226,-1.728333,2.965229,0.1525139,-0.0855059,-0.1754541,0.9807674,34,-5.7,-4.218216,45.66779,35,5.7,-22.479,175.6002
49.43738,-8.404321,-11.16099,79.77359,-2.028337,2.98177,0.1388131,-0.003417882,0.03482222,0.01468842,-0.9992798,-1.938583,2.971591,0.1475337,-0.0796974,-0.1741998,0.9814799,34,-5.7,-3.981933,43.98655,35,5.7,-22.24272,173.9189
49.4613,-9.815599,-13.58081,96.99162,-2.388965,2.984464,0.1353699,-0.001235539,0.03165097,0.01638449,-0.9993639,-2.307899,2.977015,0.1427449,-0.07618894,-0.1680306,0.9828331,34,-5.7,-3.66688,41.74483,35,5.7,-21.92767,171.6772
49.47937,-9.97458,-13.58081,96.99161,-2.567819,2.985432,0.1339298,-0.0003526806,0.02967358,0.01770592,-0.9994028,-2.46688,2.977015,0.1427449,-0.07618894,-0.1680306,0.9828331,34,-5.7,-3.427036,40.03825,35,5.7,-21.68782,169.9706
49.50305,-12.85,-15.01676,108.3072,-2.921466,2.986731,0.1313712,0.00122925,0.02582457,0.01998721,-0.9994659,-2.829709,2.981134,0.1382874,-0.09100021,-0.1634496,0.9823458,34,-5.7,-3.114822,37.81673,35,5.7,-21.37561,167.7491
49.521,-12.85,-14.73699,106.6257,-3.096703,2.987161,0.1304691,0.001187011,0.02368502,0.02086965,-0.9995009,-2.985475,2.981134,0.1382874,-0.09100021,-0.1634496,0.9823458,34,-5.7,-2.876321,36.11971,35,5.7,-21.13711,166.0521
49.5448,-15.87539,-19.98786,142.5802,-3.440297,2.987028,0.1284347,0.002451016,0.01928266,0.0230425,-0.9995456,-3.338785,2.984001,0.1345131,-0.08656091,-0.1586129,0.9835391,34,-5.7,-2.562284,33.88522,35,5.7,-20.82307,163.8176
49.56287,-12.55616,-15.11866,107.934,-3.612122,2.985811,0.1278225,0.002023517,0.01633184,0.02437118,-0.9995676,-3.538536,2.985656,0.1314583,-0.08221497,-0.1650596,0.982851,34,-5.7,-2.322935,32.18216,35,5.7,-20.58372,162.1146
49.58655,-12.85,-15.11279,107.899,-3.945985,2.983869,0.1263606,-2.675899E-05,0.01116502,0.02620354,-0.9995943,-3.835303,2.985656,0.1314583,-0.08221497,-0.1650596,0.982851,34,-5.7,-2.009505,29.95199,35,5.7,-20.27029,159.8844
49.60461,-12.69493,-15.93929,113.7731,-4.109754,2.982674,0.1259626,-0.001107744,0.008449078,0.02635905,-0.9996162,-4.026951,2.985662,0.129074,-0.07502495,-0.1638033,0.983636,34,-5.7,-1.771626,28.25939,35,5.7,-20.03241,158.1918
49.62842,-12.2413,-14.90762,106.4323,-4.431942,2.980238,0.1256846,-0.00228904,0.003081448,0.02670495,-0.999636,-4.358386,2.983995,0.1272316,-0.07293048,-0.1655281,0.9835048,34,-5.7,-1.457397,26.02354,35,5.7,-19.71818,155.9559
49.64661,-12.37984,-14.90761,106.4323,-4.587807,2.978623,0.1257717,-0.002376615,0.0006929636,0.02562357,-0.9996686,-4.496933,2.983995,0.1272316,-0.07293048,-0.1655281,0.9835048,34,-5.7,-1.216449,24.3091,35,5.7,-19.47724,154.2415
49.67029,-11.23694,-12.50833,89.36053,-4.893311,2.974624,0.1256986,-0.003744331,-0.004385754,0.02438059,-0.9996862,-4.812325,2.981319,0.126112,-0.07075844,-0.1705976,0.9827968,34,-5.7,-0.9025189,22.07538,35,5.7,-19.16331,152.0078
49.68823,-11.36794,-12.50832,89.36047,-5.040687,2.972801,0.1259171,-0.005793563,-0.006713286,0.02307972,-0.9996943,-4.943327,2.981319,0.126112,-0.07075844,-0.1705976,0.9827968,34,-5.7,-0.665302,20.38749,35,5.7,-18.92609,150.3199
49.71179,-10.28237,-11.5067,82.23358,-5.327267,2.968708,0.1268423,-0.007803434,-0.01105922,0.02122727,-0.999683,-5.24031,2.977865,0.1256629,-0.06036369,-0.1734096,0.9829981,34,-5.7,-0.3536808,18.17019,35,5.7,-18.61447,148.1026
49.72986,-8.941034,-10.02299,71.67639,-5.464366,2.966787,0.1276277,-0.008703597,-0.01304675,0.02061305,-0.9996645,-5.402807,2.973484,0.1258627,-0.0485971,-0.178505,0.9827382,34,-5.7,-0.1147837,16.47035,35,5.7,-18.37557,146.4027
49.75366,-9.176818,-10.02299,71.67639,-5.729622,2.962627,0.12943,-0.009116861,-0.01703401,0.02041923,-0.9996049,-5.638591,2.973484,0.1258627,-0.0485971,-0.178505,0.9827382,34,-5.7,0.1985329,14.24099,35,5.7,-18.06225,144.1734
49.77136,-8.258978,-9.03839,64.67062,-5.855607,2.960085,0.1303581,-0.009634389,-0.01886885,0.02059361,-0.9995635,-5.789262,2.968727,0.1268446,-0.03759217,-0.1827635,0.982438,34,-5.7,0.4327115,12.57472,35,5.7,-17.82808,142.5071
49.79541,-1.067507,-21.54174,153.6366,-6.097752,2.955408,0.1322617,-0.01205867,-0.02201125,0.02114477,-0.9994614,-6.040881,2.963733,0.1285435,0.03197668,-0.1575598,0.9869916,34,-5.7,0.7504339,10.31401,35,5.7,-17.51035,140.2464
49.81323,-1.169799,-21.54173,153.6365,-6.212828,2.952735,0.1332001,-0.01339241,-0.02336092,0.02274256,-0.9993787,-6.14317,2.963733,0.1285435,0.03197668,-0.1575598,0.9869916,34,-5.7,0.9875771,8.626646,35,5.7,-17.27321,138.559
49.83716,0.07299425,-20.34977,145.1553,-6.43554,2.947344,0.1348979,-0.016079,-0.02633745,0.02648911,-0.9991728,-6.375218,2.958276,0.130604,0.04385727,-0.1585288,0.9863798,34,-5.7,1.303411,6.37937,35,5.7,-16.95738,136.3117
49.8551,-0.0198989,-20.34975,145.1552,-6.54004,2.944752,0.1357916,-0.01710334,-0.02762192,0.02872941,-0.9990591,-6.468107,2.958276,0.130604,0.04385727,-0.1585288,0.9863798,34,-5.7,1.539659,4.698378,35,5.7,-16.72113,134.6308
49.87891,0.899183,-20.59517,146.9014,-6.741018,2.939184,0.1375616,-0.01851694,-0.02993004,0.03338242,-0.9988228,-6.678595,2.952301,0.1327578,0.0509127,-0.158208,0.9860923,34,-5.7,1.854476,2.458343,35,5.7,-16.40631,132.3907
49.89673,1.183159,-19.70304,140.5536,-6.836064,2.935821,0.1382585,-0.01905071,-0.03063824,0.03596174,-0.9987018,-6.792548,2.946046,0.1349853,0.05598679,-0.158989,0.9856917,34,-5.7,2.090519,0.7788064,35,5.7,-16.17027,130.7112
49.92078,1.023244,-19.70305,140.5537,-7.015975,2.92966,0.1395599,-0.02196096,-0.03171583,0.04001922,-0.998454,-6.952469,2.946046,0.1349853,0.05598679,-0.158989,0.9856917,35,5.7,-15.85232,128.4488,36,-0.7,-33.9447,257.1828
49.93848,0.2022553,-18.26777,130.3411,-7.097888,2.92692,0.1403198,-0.02338219,-0.03172138,0.04167264,-0.998354,-7.052663,2.939298,0.1371036,0.05491195,-0.1605147,0.9855048,35,5.7,-15.6186,126.7859,36,-0.7,-33.71098,255.5199
49.96252,0.1638537,-19.17018,136.7621,-7.25257,2.921271,0.1419425,-0.02406613,-0.03161888,0.045354,-0.9981804,-7.215157,2.932155,0.1388859,0.05324113,-0.159473,0.9857655,35,5.7,-15.30059,124.5231,36,-0.7,-33.39297,253.2571
49.98035,0.10073,-19.17019,136.7622,-7.323591,2.917922,0.1429016,-0.02291811,-0.03150393,0.0479811,-0.9980882,-7.278286,2.932155,0.1388859,0.05324113,-0.159473,0.9857655,35,5.7,-15.06421,122.8411,36,-0.7,-33.15659,251.5751
50.00403,-0.2824841,-18.23947,130.1397,-7.454158,2.91081,0.1446258,-0.02117546,-0.03092731,0.05203092,-0.9979419,-7.416963,2.925063,0.1406798,0.05408854,-0.1604544,0.9855602,35,5.7,-14.75101,120.6126,36,-0.7,-32.8434,249.3466
50.02234,-0.3318534,-18.23946,130.1397,-7.509698,2.906928,0.1453932,-0.02068323,-0.03045673,0.05382786,-0.9978713,-7.466332,2.925063,0.1406798,0.05408854,-0.1604544,0.9855602,35,5.7,-14.50882,118.8894,36,-0.7,-32.60121,247.6234
50.0459,0.7728897,-21.78888,155.3951,-7.608787,2.899247,0.1468573,-0.02141627,-0.02971255,0.05738074,-0.9976803,-7.574454,2.917596,0.1426439,0.05302341,-0.1569387,0.9861839,35,5.7,-14.19703,116.6708,36,-0.7,-32.28941,245.4048
50.06384,2.492448,-21.87549,156.0114,-7.646936,2.89553,0.1475358,-0.02334235,-0.02898059,0.05809824,-0.9976171,-7.625505,2.909281,0.1446465,0.06397735,-0.1567179,0.9855691,35,5.7,-13.96057,114.9884,36,-0.7,-32.05296,243.7224
50.08801,2.437314,-21.87551,156.0115,-7.70897,2.888327,0.1487175,-0.0270279,-0.02750625,0.0594219,-0.9974878,-7.680647,2.909281,0.1446465,0.06397735,-0.1567179,0.9855691,35,5.7,-13.64069,112.7123,36,-0.7,-31.73307,241.4463
50.10547,1.272905,-18.25807,130.2721,-7.727787,2.884664,0.1491305,-0.02947829,-0.0269882,0.06033058,-0.9973781,-7.711338,2.900405,0.1465564,0.06799019,-0.1601213,0.984753,35,5.7,-13.4094,111.0666,36,-0.7,-31.50179,239.8006
50.12988,-0.9609162,-14.2557,101.7938,-7.752788,2.877664,0.1496437,-0.03407681,-0.02666798,0.0635222,-0.9970419,-7.743789,2.891491,0.1480451,0.06565881,-0.1659863,0.9839398,35,5.7,-13.08814,108.7807,36,-0.7,-31.18053,237.5147
50.14734,-0.9617196,-14.2557,101.7938,-7.753688,2.874268,0.1496341,-0.03621317,-0.0271444,0.06612924,-0.9967842,-7.74459,2.891491,0.1480451,0.06565881,-0.1659863,0.9839398,35,5.7,-12.85648,107.1323,36,-0.7,-30.94886,235.8663
50.17126,-2.027151,-11.61359,82.99417,-7.738912,2.868616,0.149333,-0.04022076,-0.02841315,0.07121002,-0.996245,-7.737889,2.882664,0.1490831,0.0677451,-0.1719655,0.9827709,35,5.7,-12.54015,104.8816,36,-0.7,-30.63254,233.6156
50.18958,-2.008886,-11.61358,82.99413,-7.718362,2.866387,0.1490223,-0.04123758,-0.02960747,0.07376143,-0.995983,-7.719623,2.882664,0.1490831,0.0677451,-0.1719655,0.9827709,35,5.7,-12.29873,103.1638,36,-0.7,-30.39112,231.8978
50.21301,4.057476,-13.37972,95.56087,-7.664442,2.862098,0.1483171,-0.0417192,-0.0319413,0.07772997,-0.995589,-7.673936,2.874595,0.1494684,0.120329,-0.1667204,0.9786344,35,5.7,-11.98839,100.9555,36,-0.7,-30.08077,229.6896
50.23108,2.306254,-10.85711,77.61154,-7.625976,2.860269,0.1475537,-0.04137604,-0.03372563,0.07945821,-0.9954079,-7.637768,2.867812,0.1491958,0.1254057,-0.1730872,0.9768901,35,5.7,-11.75016,99.26044,36,-0.7,-29.84254,227.9945
50.25488,2.385924,-10.85711,77.61153,-7.536346,2.857221,0.1458946,-0.04163252,-0.03695558,0.08331483,-0.9949672,-7.558098,2.867812,0.1491958,0.1254057,-0.1730872,0.9768901,35,5.7,-11.43414,97.0119,36,-0.7,-29.52653,225.7459
50.27283,3.636321,-11.71953,83.748,-7.481243,2.85586,0.1448718,-0.04138249,-0.03848053,0.08486315,-0.9947889,-7.503009,2.862238,0.1482013,0.1301476,-0.1703678,0.9767479,35,5.7,-11.1978,95.33022,36,-0.7,-29.29018,224.0642
50.29663,3.29766,-10.89118,77.85396,-7.35933,2.852853,0.1425014,-0.04049998,-0.04102215,0.08738717,-0.9945052,-7.384708,2.857958,0.1467079,0.1341433,-0.1726541,0.9758053,35,5.7,-10.8835,93.09383,36,-0.7,-28.97588,221.8279
50.31458,3.360909,-10.89118,77.854,-7.28818,2.851627,0.1412374,-0.04024959,-0.04196618,0.08824798,-0.9943999,-7.321464,2.857958,0.1467079,0.1341433,-0.1726541,0.9758053,35,5.7,-10.64474,91.395,36,-0.7,-28.73713,220.129
50.33838,4.764822,-11.86587,84.78925,-7.132735,2.850529,0.1392151,-0.03931347,-0.0440392,0.08980293,-0.9942085,-7.169688,2.854274,0.1445321,0.1375893,-0.169704,0.9758431,35,5.7,-10.33147,89.16596,36,-0.7,-28.42385,217.9
50.35706,4.844046,-11.86587,84.78922,-7.043605,2.85078,0.1385458,-0.03827894,-0.04517605,0.09018172,-0.9941635,-7.090461,2.854274,0.1445321,0.1375893,-0.169704,0.9758431,35,5.7,-10.08316,87.39918,36,-0.7,-28.17555,216.1332
50.38,6.886709,-13.33877,95.26942,-6.851996,2.852063,0.137211,-0.03850364,-0.0470547,0.09057573,-0.9940318,-6.90308,2.851377,0.1418549,0.1414688,-0.166094,0.9759095,35,5.7,-9.780113,85.24286,36,-0.7,-27.8725,213.9769
50.39807,9.48515,-16.00562,114.2451,-6.745099,2.853426,0.13647,-0.04034123,-0.04792946,0.09115678,-0.9938641,-6.787325,2.850098,0.1393775,0.1393283,-0.1614466,0.9769967,35,5.7,-9.542304,83.55076,36,-0.7,-27.63469,212.2848
50.42236,9.681937,-16.00564,114.2452,-6.523733,2.856546,0.134601,-0.04662501,-0.05045967,0.09375474,-0.993222,-6.590555,2.850098,0.1393775,0.1393283,-0.1614466,0.9769967,35,5.7,-9.221107,81.26532,36,-0.7,-27.31349,209.9994
50.4397,8.561616,-14.65179,104.6121,-6.402508,2.859162,0.133436,-0.05156333,-0.05147971,0.09429856,-0.9928741,-6.458406,2.850937,0.13743,0.1403869,-0.1635919,0.9764882,35,5.7,-8.991364,79.63061,36,-0.7,-27.08375,208.3647
50.46362,5.563894,-11.13465,79.58633,-6.149258,2.865801,0.1308858,-0.05861099,-0.05402997,0.09439557,-0.9923381,-6.205477,2.853883,0.1354818,0.1443618,-0.1715818,0.9745355,35,5.7,-8.674747,77.37777,36,-0.7,-26.76713,206.1118
50.48132,5.684309,-11.13465,79.58634,-6.013792,2.869903,0.1293813,-0.05996953,-0.05515713,0.09325532,-0.9923028,-6.085062,2.853883,0.1354818,0.1443618,-0.1715818,0.9745355,35,5.7,-8.440762,75.71288,36,-0.7,-26.53315,204.4469
50.50537,3.540624,-8.53179,61.06603,-5.732392,2.878922,0.1265419,-0.05924476,-0.05632133,0.0885128,-0.9927153,-5.803736,2.859416,0.132969,0.1490589,-0.1817097,0.9719892,35,5.7,-8.122583,73.44892,36,-0.7,-26.21497,202.183
50.52368,3.673256,-8.531785,61.06601,-5.583177,2.8838,0.1249942,-0.05640152,-0.05654134,0.0847005,-0.9932008,-5.6711,2.859416,0.132969,0.1490589,-0.1817097,0.9719892,35,5.7,-7.881259,71.73181,36,-0.7,-25.97365,200.4659
50.54724,4.533654,-8.998366,64.38591,-5.277991,2.893138,0.1214644,-0.05281131,-0.05655457,0.07869475,-0.9938912,-5.36557,2.86756,0.129898,0.1497884,-0.1795473,0.9722789,35,5.7,-7.568773,69.50835,36,-0.7,-25.66116,198.2424
50.56458,7.044429,-11.01138,78.70923,-5.119052,2.897476,0.1194439,-0.05167872,-0.0558782,0.07607394,-0.994193,-5.186923,2.877874,0.126294,0.151504,-0.1720397,0.9733698,35,5.7,-7.339321,67.87572,36,-0.7,-25.43171,196.6098
50.5896,7.333581,-11.01139,78.70923,-4.793756,2.905935,0.1156432,-0.05146518,-0.05404561,0.07144205,-0.994649,-4.897771,2.877874,0.126294,0.151504,-0.1720397,0.9733698,35,5.7,-7.008875,65.52448,36,-0.7,-25.10126,194.2585
50.60632,10.23225,-13.48692,96.32358,-4.624874,2.910107,0.1138188,-0.05227936,-0.05261826,0.0697007,-0.9948065,-4.70777,2.888902,0.1222966,0.151334,-0.165878,0.9744653,35,5.7,-6.788739,63.95812,36,-0.7,-24.88113,192.6922
50.63123,7.685583,-11.07757,79.18019,-4.281714,2.918551,0.1105581,-0.05212287,-0.05018561,0.06760614,-0.995085,-4.360622,2.899574,0.1179553,0.1483763,-0.1721602,0.9738303,35,5.7,-6.458208,61.60627,36,-0.7,-24.55059,190.3403
50.64819,7.842899,-11.07758,79.18021,-4.104739,2.922418,0.1090202,-0.0514873,-0.04893035,0.06713518,-0.9952124,-4.20331,2.899574,0.1179553,0.1483763,-0.1721602,0.9738303,35,5.7,-6.235091,60.01871,36,-0.7,-24.32748,188.7528
50.67261,6.826349,-10.07314,72.0333,-3.747313,2.930082,0.1054431,-0.05195607,-0.04669351,0.06586914,-0.9953801,-3.841407,2.909877,0.1136367,0.1444387,-0.1757869,0.9737743,35,5.7,-5.911098,57.71338,36,-0.7,-24.00348,186.4474
50.69067,6.986688,-10.07314,72.0333,-3.566932,2.933752,0.1035867,-0.05344237,-0.04610391,0.06634031,-0.9952977,-3.681069,2.909877,0.1136367,0.1444387,-0.1757869,0.9737743,35,5.7,-5.672452,56.01533,36,-0.7,-23.76484,184.7494
50.71436,7.542679,-10.36499,74.10989,-3.205554,2.940574,0.0999331,-0.05575794,-0.04563231,0.06709911,-0.9951415,-3.313669,2.919979,0.1093897,0.1429157,-0.1748866,0.9741611,35,5.7,-5.35974,53.79027,36,-0.7,-23.45213,182.5243
50.73157,7.382104,-9.888851,70.72198,-3.02323,2.943713,0.09810165,-0.05613644,-0.04591533,0.06674629,-0.9951308,-3.104443,2.928974,0.1052902,0.1445769,-0.1767181,0.9735852,35,5.7,-5.131898,52.16909,36,-0.7,-23.22429,180.9032
50.75684,7.708355,-9.888851,70.72198,-2.656197,2.950096,0.09471875,-0.05481252,-0.04617474,0.06355259,-0.9954017,-2.778192,2.928974,0.1052902,0.1445769,-0.1767181,0.9735852,35,5.7,-4.797398,49.789,36,-0.7,-22.88979,178.5231
50.77332,7.892359,-9.643694,68.97759,-2.471351,2.953366,0.0931102,-0.0525494,-0.04640358,0.06088004,-0.9956802,-2.565957,2.937274,0.1010394,0.1477311,-0.177715,0.9729301,35,5.7,-4.579763,48.24045,36,-0.7,-22.67215,176.9745
50.79785,9.028296,-9.903038,70.82293,-2.102762,2.958701,0.08988033,-0.04779474,-0.04641747,0.05612886,-0.9961982,-2.189714,2.945134,0.09670591,0.1541913,-0.1765979,0.9721308,35,5.7,-4.255709,45.93468,36,-0.7,-22.3481,174.6687
50.81506,9.19278,-9.903034,70.82291,-1.917712,2.961134,0.08842993,-0.04552142,-0.04583979,0.05323434,-0.9964902,-2.025225,2.945134,0.09670591,0.1541913,-0.1765979,0.9721308,35,5.7,-4.028554,44.31839,36,-0.7,-22.12094,173.0524
50.8396,8.900181,-9.159636,65.53335,-1.548276,2.964862,0.08581634,-0.04134414,-0.04435738,0.04765099,-0.9970218,-1.647881,2.952462,0.09267724,0.1565393,-0.1797505,0.9711772,35,5.7,-3.703635,42.00647,36,-0.7,-21.79602,170.7405
50.85767,9.064956,-9.159635,65.53335,-1.362905,2.966514,0.08481698,-0.03952973,-0.04336784,0.04541233,-0.9972435,-1.483107,2.952462,0.09267724,0.1565393,-0.1797505,0.9711772,35,5.7,-3.465648,40.31311,36,-0.7,-21.55803,169.0471
50.88123,12.52931,-11.74933,83.95998,-0.992236,2.969273,0.08361707,-0.03454107,-0.0418008,0.04187728,-0.9976502,-1.10457,2.958686,0.08910632,0.1581008,-0.1705567,0.9725813,35,5.7,-3.15285,38.08743,36,-0.7,-21.24524,166.8215
50.8988,10.94587,-10.15721,72.63148,-0.803395,2.970491,0.08334038,-0.03168318,-0.04071188,0.04007002,-0.9978643,-0.8875223,2.963554,0.08610857,0.1584843,-0.175726,0.9715983,35,5.7,-2.920749,36.43595,36,-0.7,-21.01314,165.17
50.92383,11.27773,-10.15721,72.63147,-0.4300496,2.972409,0.08334668,-0.02603911,-0.03867346,0.03648287,-0.9982461,-0.5556598,2.963554,0.08610857,0.1584843,-0.175726,0.9715983,35,5.7,-2.589892,34.08178,36,-0.7,-20.68228,162.8158
50.94055,9.663258,-8.80854,63.0352,-0.2452672,2.972456,0.08385137,-0.02403501,-0.03749886,0.03485209,-0.9983995,-0.3417455,2.967319,0.08392322,0.1543505,-0.1816701,0.9711704,35,5.7,-2.368912,32.50943,36,-0.7,-20.4613,161.2435
50.96484,10.59973,-9.489444,67.88007,0.1217926,2.972501,0.08484434,-0.02169489,-0.03558875,0.03217358,-0.9986129,0.03399584,2.970009,0.08333242,0.1515079,-0.178663,0.9721753,35,5.7,-2.047593,30.22312,36,-0.7,-20.13998,158.9572
50.98242,10.76144,-9.48945,67.88012,0.3037022,2.97228,0.08579158,-0.02268117,-0.03488645,0.03160219,-0.998634,0.1956932,2.970009,0.08333242,0.1515079,-0.178663,0.9721753,35,5.7,-1.815712,28.57321,36,-0.7,-19.9081,157.3072
51.00659,11.42172,-10.00605,71.55592,0.6663271,2.972924,0.08843252,-0.02187604,-0.03348764,0.03118221,-0.998713,0.5672442,2.971271,0.08389986,0.1477862,-0.1766893,0.9731085,35,5.7,-1.496582,26.30248,36,-0.7,-19.58897,155.0365
51.02478,11.57869,-10.00605,71.55592,0.8429197,2.971946,0.08993876,-0.0203959,-0.0334621,0.03084677,-0.9987557,0.7242154,2.971271,0.08389986,0.1477862,-0.1766893,0.9731085,35,5.7,-1.255366,24.58614,36,-0.7,-19.34775,153.3202
51.04834,8.461262,-6.714745,48.13706,1.192217,2.971424,0.09283958,-0.02155588,-0.03239651,0.02926598,-0.998814,1.083449,2.971603,0.08545995,0.1488353,-0.1954063,0.9693629,35,5.7,-0.9438831,22.36982,36,-0.7,-19.03627,151.1039
51.06604,8.779438,-6.262061,44.91605,1.363396,2.971087,0.09480135,-0.0229823,-0.03198155,0.02874888,-0.9988106,1.283626,2.971357,0.08807731,0.1616216,-0.1990872,0.9665624,35,5.7,-0.709632,20.70304,36,-0.7,-18.80202,149.4371
51.09167,9.078841,-6.262062,44.91606,1.700221,2.970608,0.09916489,-0.02347819,-0.03107272,0.02704241,-0.9988754,1.583026,2.971357,0.08807731,0.1616216,-0.1990872,0.9665624,35,5.7,-0.3703718,18.28908,36,-0.7,-18.46276,147.0231
51.10815,8.309473,-5.344603,38.388,1.863927,2.969493,0.1015874,-0.0222946,-0.03041686,0.02525573,-0.9989694,1.775487,2.970665,0.09179938,0.1644616,-0.2092969,0.9639228,35,5.7,-0.1533363,16.74479,36,-0.7,-18.24572,145.4789
51.13159,8.622458,-5.243965,37.67192,2.185346,2.967922,0.1064999,-0.0215726,-0.02848293,0.02228482,-0.999113,2.106821,2.969791,0.09642446,0.1670216,-0.2105512,0.9632093,35,5.7,0.1571577,14.53551,36,-0.7,-17.93523,143.2696
51.1499,8.759721,-5.243965,37.67192,2.339767,2.965964,0.108908,-0.02064938,-0.02773443,0.02175451,-0.9991653,2.244084,2.969791,0.09642446,0.1670216,-0.2105512,0.9632093,35,5.7,0.399126,12.81381,36,-0.7,-17.69326,141.5479
51.17346,8.291501,-4.372293,31.46965,2.638006,2.962901,0.1138937,-0.02153044,-0.02571608,0.02031356,-0.999231,2.553443,2.968221,0.101771,0.1753558,-0.2243272,0.9586071,35,5.7,0.7103251,10.59952,36,-0.7,-17.38206,139.3336
51.19214,8.419192,-4.372294,31.46966,2.781657,2.961933,0.1166323,-0.02166032,-0.02464664,0.01993842,-0.9992627,2.681133,2.968221,0.101771,0.1753558,-0.2243272,0.9586071,35,5.7,0.9568121,8.845671,36,-0.7,-17.13558,137.5797
51.21521,7.966242,-3.813386,27.49282,3.05781,2.958112,0.1221389,-0.0192639,-0.0224989,0.01748004,-0.9994084,2.968854,2.965529,0.1075484,0.1744226,-0.2366029,0.9558221,35,5.7,1.261971,6.67435,36,-0.7,-16.83042,135.4084
51.2334,7.811073,-3.483747,25.14732,3.187404,2.956282,0.1248296,-0.01885246,-0.02108316,0.01596932,-0.9994724,3.12399,2.962271,0.1137159,0.1784081,-0.2453599,0.9528741,35,5.7,1.502379,4.963764,36,-0.7,-16.59001,133.6978
51.25732,8.031459,-3.483748,25.14733,3.435337,2.952449,0.1304675,-0.01697941,-0.01890265,0.01466177,-0.9995697,3.344375,2.962271,0.1137159,0.1784081,-0.2453599,0.9528741,35,5.7,1.819479,2.707477,36,-0.7,-16.27291,131.4415
51.2749,7.888095,-3.066704,22.1799,3.550027,2.950369,0.1334,-0.01689929,-0.01762269,0.01344607,-0.9996114,3.483842,2.958402,0.1202015,0.1891212,-0.2587217,0.9472572,35,5.7,2.051522,1.056403,36,-0.7,-16.04086,129.7905
51.29871,8.159865,-3.170633,22.9194,3.770684,2.947473,0.1391782,-0.01714306,-0.01445083,0.009555687,-0.999703,3.714711,2.954105,0.1271023,0.1850924,-0.2550291,0.9490526,36,-0.7,-15.72606,127.5505,37,5.7,-33.81866,256.2862
51.31677,8.250039,-3.170634,22.9194,3.872129,2.945275,0.1418539,-0.01548533,-0.01287781,0.007197967,-0.9997713,3.804885,2.954105,0.1271023,0.1850924,-0.2550291,0.9490526,36,-0.7,-15.48711,125.8503,37,5.7,-33.57972,254.586
51.34045,5.854433,-7.891142,56.50757,4.062128,2.941038,0.1467085,-0.01495857,-0.01039054,0.004250875,-0.9998251,4.0056,2.949659,0.133734,0.03218913,-0.1887442,0.9814986,36,-0.7,-15.17355,123.6192,37,5.7,-33.26616,252.3549
51.35852,5.931716,-7.891142,56.50757,4.149073,2.938916,0.1487079,-0.01566831,-0.009411044,0.003116416,-0.9998282,4.082884,2.949659,0.133734,0.03218913,-0.1887442,0.9814986,36,-0.7,-14.93517,121.923,37,5.7,-33.02777,250.6587
51.3822,-4.019522,-22.55462,160.8439,4.31133,2.934169,0.1525142,-0.01746841,-0.007339486,-0.0003663084,-0.9998205,4.255889,2.94513,0.1402353,-0.05079293,-0.1565127,0.986369,36,-0.7,-14.62191,119.6941,37,5.7,-32.71452,248.4298
51.40015,-4.49332,-22.04324,157.2052,4.383803,2.931895,0.1542546,-0.01811211,-0.006238438,-0.002290778,-0.9998139,4.346016,2.940192,0.1461905,-0.05549588,-0.1568532,0.9860615,36,-0.7,-14.3855,118.012,37,5.7,-32.47812,246.7477
51.42444,-4.374478,-22.04322,157.2051,4.517492,2.926485,0.1569041,-0.01733957,-0.003890604,-0.006519765,-0.9998208,4.46485,2.940192,0.1461905,-0.05549588,-0.1568532,0.9860615,36,-0.7,-14.06345,115.7204,37,5.7,-32.15606,244.4561
51.44177,-2.961407,-19.13261,136.4948,4.57559,2.923395,0.1580315,-0.01636811,-0.00268697,-0.008879321,-0.999823,4.539161,2.934834,0.1511711,-0.05422563,-0.1595374,0.9857014,36,-0.7,-13.83402,114.0879,37,5.7,-31.92663,242.8236
51.46582,-3.22353,-18.68203,133.2888,4.678554,2.917785,0.1602527,-0.01487212,-0.0001557916,-0.01324003,-0.9998017,4.650333,2.928929,0.1550405,-0.05827916,-0.1599556,0.9854023,36,-0.7,-13.51648,111.8285,37,5.7,-31.60909,240.5642
51.48364,-3.187353,-18.68203,133.2888,4.719255,2.915294,0.1613672,-0.01429215,0.0009683445,-0.01506381,-0.9997839,4.686512,2.928929,0.1550405,-0.05827916,-0.1599556,0.9854023,36,-0.7,-13.28146,110.1563,37,5.7,-31.37407,238.892
51.50769,-5.478157,-22.52855,160.6584,4.789077,2.91023,0.1635692,-0.01403269,0.002644815,-0.01781961,-0.9997393,4.765057,2.922375,0.158119,-0.06290811,-0.1563054,0.9857034,36,-0.7,-12.96386,107.8965,37,5.7,-31.05647,236.6321
51.52539,-5.457042,-22.52855,160.6584,4.812831,2.907773,0.16453,-0.01482495,0.00315512,-0.01849429,-0.9997141,4.786171,2.922375,0.158119,-0.06290811,-0.1563054,0.9857034,36,-0.7,-12.72892,106.2248,37,5.7,-30.82153,234.9605
51.54944,-9.632155,-29.98352,213.7032,4.848241,2.902958,0.1661928,-0.01689728,0.004833445,-0.02116354,-0.9996216,4.830865,2.915866,0.1610334,-0.06678982,-0.1519285,0.9861323,36,-0.7,-12.41054,103.9594,37,5.7,-30.50315,232.6951
51.56726,-8.933861,-27.89216,198.8224,4.857219,2.901103,0.1668996,-0.01874382,0.00583256,-0.02338757,-0.9995337,4.848447,2.909695,0.163448,-0.06839699,-0.1528594,0.9858783,36,-0.7,-12.17588,102.2897,37,5.7,-30.26849,231.0254
51.5918,-8.926632,-27.89214,198.8223,4.865341,2.897533,0.1682343,-0.02112326,0.008429818,-0.02947969,-0.9993066,4.855666,2.909695,0.163448,-0.06839699,-0.1528594,0.9858783,36,-0.7,-11.85048,99.97433,37,5.7,-29.94309,228.71
51.60901,-6.395105,-22.37571,159.5709,4.859721,2.895448,0.1686588,-0.02154978,0.009410859,-0.03135969,-0.9992316,4.856754,2.903982,0.1655332,-0.06954643,-0.1562509,0.985266,36,-0.7,-11.62364,98.3603,37,5.7,-29.71625,227.096
51.63293,-5.559632,-19.66034,140.25,4.838832,2.891286,0.1693753,-0.0234283,0.01114533,-0.03392066,-0.9990878,4.841051,2.898872,0.1673802,-0.07310618,-0.1585682,0.9846378,36,-0.7,-11.30692,96.10669,37,5.7,-29.39953,224.8424
51.65063,-5.575997,-19.66032,140.2499,4.820415,2.88968,0.1692772,-0.02482895,0.01185631,-0.03503567,-0.9990072,4.824679,2.898872,0.1673802,-0.07310618,-0.1585682,0.9846378,36,-0.7,-11.0734,94.44508,37,5.7,-29.16601,223.1808
51.67468,-5.837272,-19.83342,141.4815,4.775949,2.886356,0.1685387,-0.02736081,0.01414838,-0.03918372,-0.9987572,4.784973,2.893998,0.1687436,-0.07401107,-0.1583546,0.9846046,36,-0.7,-10.75475,92.17779,37,5.7,-28.84736,220.9135
51.69238,-5.864754,-19.83344,141.4816,4.74504,2.884835,0.1677253,-0.02919164,0.01540717,-0.04134038,-0.9985997,4.757499,2.893998,0.1687436,-0.07401107,-0.1583546,0.9846046,36,-0.7,-10.52158,90.5187,37,5.7,-28.61419,219.2544
51.71667,-5.795018,-19.14864,136.609,4.675098,2.88297,0.1660271,-0.0320186,0.01795718,-0.04397487,-0.998358,4.692261,2.88969,0.169126,-0.07566271,-0.1590002,0.9843749,36,-0.7,-10.20052,88.23428,37,5.7,-28.29313,216.97
51.73425,-3.215047,-14.39665,102.7967,4.634204,2.8824,0.1650755,-0.03159973,0.01930368,-0.04467575,-0.998315,4.650169,2.88579,0.1684031,-0.07535892,-0.1655881,0.9833116,36,-0.7,-9.968273,86.58173,37,5.7,-28.06088,215.3174
51.7583,-3.295546,-14.39664,102.7967,4.543641,2.881174,0.1629736,-0.02966405,0.02153958,-0.04528821,-0.9983011,4.569669,2.88579,0.1684031,-0.07535892,-0.1655881,0.9833116,36,-0.7,-9.649638,84.31452,37,5.7,-27.74225,213.0502
51.776,-4.557829,-15.86717,113.2602,4.490764,2.881409,0.1620166,-0.02874688,0.0226516,-0.04499247,-0.9983167,4.514362,2.882908,0.1667383,-0.07889161,-0.1630504,0.9834586,36,-0.7,-9.415742,82.65026,37,5.7,-27.50835,211.386
51.80017,-5.185837,-15.81103,112.8607,4.377026,2.882872,0.1603313,-0.02758646,0.02471507,-0.04447862,-0.9983235,4.402602,2.88108,0.1645025,-0.08364131,-0.163054,0.9830654,36,-0.7,-9.09646,80.37846,37,5.7,-27.18907,209.1142
51.81799,-5.242909,-15.81104,112.8608,4.312828,2.884221,0.1596014,-0.02770448,0.02537213,-0.04365701,-0.9983401,4.345536,2.88108,0.1645025,-0.08364131,-0.163054,0.9830654,36,-0.7,-8.860676,78.70076,37,5.7,-26.95329,207.4365
51.84192,-7.668391,-20.85067,148.7196,4.17487,2.887607,0.1579969,-0.02897854,0.0255533,-0.04066741,-0.9984255,4.209874,2.880853,0.1621956,-0.07871132,-0.157257,0.9844159,36,-0.7,-8.544614,76.45187,37,5.7,-26.63723,205.1876
51.8595,-7.73456,-20.85067,148.7196,4.100431,2.88944,0.1572492,-0.03104148,0.02543088,-0.03944013,-0.9984159,4.143705,2.880853,0.1621956,-0.07871132,-0.157257,0.9844159,36,-0.7,-8.311245,74.79136,37,5.7,-26.40386,203.5271
51.88367,-6.201701,-18.33937,130.8508,3.943321,2.894749,0.1556339,-0.03444814,0.02613017,-0.03842833,-0.9983255,3.988573,2.882654,0.1602621,-0.07673749,-0.1598117,0.9841604,36,-0.7,-7.992003,72.51984,37,5.7,-26.08462,201.2556
51.90125,-6.259694,-18.05193,128.8055,3.857969,2.897777,0.154605,-0.03506399,0.02726896,-0.03813971,-0.9982847,3.894853,2.886224,0.1586976,-0.077673,-0.1601577,0.9840307,36,-0.7,-7.759363,70.86452,37,5.7,-25.85198,199.6002
51.92554,-6.41565,-18.05193,128.8055,3.682518,2.904339,0.1522435,-0.03582275,0.02973434,-0.03571847,-0.9982769,3.738896,2.886224,0.1586976,-0.077673,-0.1601577,0.9840307,36,-0.7,-7.438717,68.583,37,5.7,-25.53133,197.3187
51.94312,-7.512244,-19.2676,137.4555,3.58884,2.907952,0.1509579,-0.03480434,0.0306838,-0.03259863,-0.998391,3.635525,2.891598,0.1564327,-0.07989982,-0.1588225,0.9840688,36,-0.7,-7.205704,66.92503,37,5.7,-25.29832,195.6608
51.96716,-6.864124,-17.86762,127.4941,3.397252,2.915198,0.1483822,-0.03272852,0.03229249,-0.02582544,-0.9986086,3.443059,2.89854,0.1538552,-0.07963309,-0.160439,0.9838282,36,-0.7,-6.887659,64.66202,37,5.7,-24.98027,193.3977
51.98486,-6.952975,-17.86762,127.4941,3.297294,2.918566,0.1469648,-0.03164134,0.03273522,-0.0216985,-0.9987274,3.354208,2.89854,0.1538552,-0.07963309,-0.160439,0.9838282,36,-0.7,-6.654489,63.00292,37,5.7,-24.7471,191.7386
52.00891,-8.174336,-19.35548,138.0807,3.092248,2.925519,0.1439151,-0.03159242,0.03311984,-0.01507889,-0.9988381,3.147954,2.906599,0.1510621,-0.08077383,-0.1588189,0.9839981,36,-0.7,-6.336427,60.7398,37,5.7,-24.42904,189.4755
52.02661,-8.269938,-19.35546,138.0806,2.984687,2.928981,0.1423527,-0.03201089,0.0327419,-0.01231003,-0.9988753,3.052343,2.906599,0.1510621,-0.08077383,-0.1588189,0.9839981,36,-0.7,-6.102393,59.07456,37,5.7,-24.19501,187.8103
52.05078,-6.596029,-17.52535,125.0587,2.766106,2.936394,0.1395659,-0.03156147,0.03222662,-0.007480979,-0.9989541,2.832371,2.915053,0.147884,-0.07428446,-0.1610458,0.9841474,36,-0.7,-5.782987,56.80187,37,5.7,-23.8756,185.5376
52.0686,-5.300188,-14.60264,104.2626,2.652909,2.940276,0.1383377,-0.03074625,0.03158671,-0.005559308,-0.9990126,2.704566,2.923535,0.1443439,-0.07559781,-0.1655193,0.9833048,36,-0.7,-5.547698,55.1277,37,5.7,-23.64031,183.8634
52.09253,-5.501851,-14.60263,104.2625,2.426032,2.947469,0.1357476,-0.02938269,0.0300446,-0.00154901,-0.9991154,2.502898,2.923535,0.1443439,-0.07559781,-0.1655193,0.9833048,36,-0.7,-5.2307,52.87214,37,5.7,-23.32331,181.6079
52.11035,-5.750072,-14.98067,106.9524,2.310656,2.950769,0.1344488,-0.02983158,0.02871659,0.0003705497,-0.9991423,2.371778,2.93222,0.1408852,-0.07478181,-0.1649327,0.9834657,36,-0.7,-4.994858,51.19404,37,5.7,-23.08747,179.9298
52.13416,-4.24167,-11.9781,85.58797,2.079381,2.957311,0.1316856,-0.03091669,0.0265421,0.003709738,-0.9991627,2.136552,2.94098,0.1378361,-0.07333232,-0.1715292,0.982446,36,-0.7,-4.679623,48.95102,37,5.7,-22.77224,177.6868
52.1521,-4.344666,-11.97809,85.58791,1.963505,2.960451,0.1302523,-0.03149871,0.02556428,0.005142939,-0.9991636,2.033552,2.94098,0.1378361,-0.07333232,-0.1715292,0.982446,36,-0.7,-4.443799,47.27305,37,5.7,-22.53642,176.0088
52.17603,-3.555739,-10.47668,74.90482,1.732582,2.966758,0.1279386,-0.03042371,0.02371584,0.008566818,-0.999219,1.797892,2.949333,0.1345747,-0.07029957,-0.1762996,0.981823,36,-0.7,-4.126542,45.01565,37,5.7,-22.21916,173.7514
52.19385,-3.65747,-10.47667,74.90479,1.618131,2.969337,0.1268344,-0.02744585,0.02291263,0.01068113,-0.9993036,1.696157,2.949333,0.1345747,-0.07029957,-0.1762996,0.981823,36,-0.7,-3.891773,43.34518,37,5.7,-21.98439,172.0809
52.21765,-3.327014,-10.49474,75.03334,1.38996,2.973268,0.1245374,-0.02322696,0.02084478,0.01540096,-0.9993942,1.46261,2.957191,0.1313108,-0.06281392,-0.1764165,0.9823093,36,-0.7,-3.575988,41.09825,37,5.7,-21.6686,169.834
52.23523,-9.077241,-24.26994,173.0489,1.277796,2.974792,0.1232229,-0.02186996,0.01964888,0.01766418,-0.9994116,1.332182,2.964398,0.1283495,-0.05935986,-0.1553042,0.9860817,36,-0.7,-3.344679,39.4524,37,5.7,-21.4373,168.1882
52.2594,-9.275085,-24.26994,173.0489,1.055222,2.976603,0.1207721,-0.01992357,0.01649884,0.02208825,-0.9994213,1.134338,2.964398,0.1283495,-0.05935986,-0.1553042,0.9860817,36,-0.7,-3.025182,37.17906,37,5.7,-21.1178,165.9148
52.27698,-19.66301,-53.36072,380.0405,0.945527,2.97727,0.1194556,-0.01948011,0.01408454,0.02433273,-0.9994149,1.006362,2.970118,0.1255507,-0.05373913,-0.1464568,0.9877563,36,-0.7,-2.791487,35.51624,37,5.7,-20.8841,164.252
52.30115,NaN,NaN,NaN,0.7307391,2.977824,0.1170948,-0.01819226,0.009798139,0.02709948,-0.9994192,0.7854297,2.973941,0.1226174,-0.0489382,-0.1405569,0.9888624,36,-0.7,-2.472101,33.24369,37,5.7,-20.56472,161.9794
52.31873,NaN,NaN,NaN,0.6252149,2.978074,0.1160542,-0.0175051,0.007321515,0.02833091,-0.9994186,0.6916304,2.973941,0.1226174,-0.0489382,-0.1405569,0.9888624,36,-0.7,-2.23947,31.58844,37,5.7,-20.33209,160.3242
52.34424,-7.025089,-25.09298,178.9051,0.4189205,2.97639,0.1131619,-0.01543438,0.001694784,0.03170665,-0.9993766,0.4789021,2.976026,0.1196759,-0.04142854,-0.1549653,0.9870508,36,-0.7,-1.902957,29.19402,37,5.7,-19.99557,157.9298
52.3606,-6.617436,-30.01077,213.897,0.3180411,2.975959,0.1115547,-0.01606807,-0.001354672,0.03298879,-0.9993256,0.3608481,2.976797,0.1164577,-0.03224369,-0.1524216,0.9877895,36,-0.7,-1.686549,27.6542,37,5.7,-19.77917,156.3899
52.38464,-6.794637,-30.01077,213.897,0.1186897,2.975015,0.1092537,-0.01449594,-0.006811135,0.03474677,-0.9992678,0.1836469,2.976797,0.1164577,-0.03224369,-0.1524216,0.9877895,36,-0.7,-1.368106,25.38836,37,5.7,-19.46072,154.1241
52.40234,-7.404712,-30.64915,218.4393,0.02187823,2.97393,0.1082967,-0.01282795,-0.009347312,0.0342416,-0.9992875,0.06986009,2.975922,0.1133455,-0.03381752,-0.1521314,0.9877816,36,-0.7,-1.134869,23.72879,37,5.7,-19.22749,152.4645
52.42651,-3.676784,-21.62114,154.2017,-0.1683883,2.971763,0.1061909,-0.009901391,-0.01448216,0.03447977,-0.9992515,-0.1261963,2.97444,0.1104776,-0.02274819,-0.1575809,0.9872441,36,-0.7,-0.8147323,21.4509,37,5.7,-18.90735,150.1866
52.44434,-3.757699,-21.62114,154.2017,-0.2594174,2.970702,0.1055165,-0.008441574,-0.01656138,0.03378348,-0.9992564,-0.207111,2.97444,0.1104776,-0.02274819,-0.1575809,0.9872441,36,-0.7,-0.5793382,19.77599,37,5.7,-18.67196,148.5117
52.46826,-2.296116,-24.13768,172.1078,-0.4344253,2.968358,0.1044847,-0.003694361,-0.02095079,0.03327647,-0.9992197,-0.3885757,2.972385,0.107903,-0.01095445,-0.1556853,0.987746,36,-0.7,-0.2625241,17.52174,37,5.7,-18.35514,146.2575
52.48621,-2.371192,-24.13768,172.1078,-0.518886,2.966089,0.1040684,-0.0009515028,-0.02310995,0.03361787,-0.9991671,-0.4636519,2.972385,0.107903,-0.01095445,-0.1556853,0.987746,36,-0.7,-0.026272,15.84072,37,5.7,-18.11889,144.5765
52.51013,-3.019096,-24.31216,173.3493,-0.6837053,2.961681,0.1032198,0.0008966066,-0.02701793,0.0338865,-0.9990601,-0.6347358,2.969952,0.1059407,-0.01359426,-0.155547,0.987735,36,-0.7,0.2902681,13.58842,37,5.7,-17.80235,142.3242
52.52832,-1.991155,-22.40256,159.7618,-0.7614868,2.959648,0.1031185,0.0008862516,-0.02858069,0.03421991,-0.9990052,-0.727357,2.966257,0.104483,-0.007817375,-0.156922,0.9875801,36,-0.7,0.5314142,11.87257,37,5.7,-17.5612,140.6083
52.552,-2.126515,-22.40258,159.7619,-0.9137654,2.952771,0.1027665,0.002830091,-0.03140054,0.03592819,-0.9988569,-0.8627157,2.966257,0.104483,-0.007817375,-0.156922,0.9875801,36,-0.7,0.8436785,9.650697,37,5.7,-17.24894,138.3864
52.5697,-1.681074,-13.76232,98.28336,-0.9846419,2.949697,0.1026849,0.002178396,-0.03220716,0.0367764,-0.9988021,-0.9478364,2.961368,0.1035037,-0.007362057,-0.1679141,0.9857742,36,-0.7,1.077815,7.984728,37,5.7,-17.0148,136.7205
52.59363,-1.157494,-14.86746,106.1468,-1.12138,2.943325,0.1027824,0.002550882,-0.03388704,0.03866112,-0.9986745,-1.090244,2.954873,0.1029245,-0.0006253977,-0.1657411,0.9861691,36,-0.7,1.394499,5.731404,37,5.7,-16.69812,134.4671
52.61157,-1.213379,-14.86747,106.1469,-1.18425,2.939246,0.1027653,0.002488148,-0.03441693,0.03975717,-0.9986134,-1.146128,2.954873,0.1029245,-0.0006253977,-0.1657411,0.9861691,36,-0.7,1.631031,4.048394,37,5.7,-16.46159,132.7841
52.63525,-0.9824398,-14.58093,104.1081,-1.298046,2.931299,0.1024207,0.0005936924,-0.03505732,0.04134355,-0.9985297,-1.266579,2.94737,0.1027484,0.002693972,-0.1661885,0.9860904,36,-0.7,1.945134,1.813431,37,5.7,-16.14748,130.5491
52.6532,-1.027153,-14.58094,104.1081,-1.348348,2.927224,0.102123,-0.0004964354,-0.03576561,0.04265155,-0.9984496,-1.311292,2.94737,0.1027484,0.002693972,-0.1661885,0.9860904,36,-0.7,2.18224,0.1263387,37,5.7,-15.91038,128.8621
52.67725,-0.4039951,-13.5912,97.06575,-1.438887,2.918902,0.1016356,-0.001702472,-0.03736237,0.04576827,-0.9982517,-1.409094,2.938757,0.1026647,0.01021784,-0.1680435,0.9857266,37,5.7,-15.59266,126.6014,38,-5.7,-33.7992,256.1476
52.69519,-0.1418486,-12.25054,87.52653,-1.474602,2.91509,0.1014568,-0.001424178,-0.03789816,0.04677306,-0.9981853,-1.455899,2.929314,0.1023262,0.01480754,-0.1710561,0.98515,37,5.7,-15.35571,124.9154,38,-5.7,-33.56225,254.4616
52.71899,-0.1965282,-12.25054,87.52646,-1.536116,2.90785,0.1013646,-0.0003144585,-0.03907848,0.04866736,-0.9980503,-1.510578,2.929314,0.1023262,0.01480754,-0.1710561,0.98515,37,5.7,-15.04039,122.6718,38,-5.7,-33.24693,252.218
52.73694,-0.01927471,-11.62139,83.04985,-1.556343,2.904684,0.1014461,0.0005520619,-0.03906448,0.04899622,-0.9980346,-1.541047,2.919564,0.1018409,0.01806759,-0.1726408,0.9848192,37,5.7,-14.80313,120.9836,38,-5.7,-33.00967,250.5298
52.76074,NaN,NaN,NaN,-1.58581,2.898387,0.1015071,0.001036661,-0.03892631,0.0507502,-0.997952,-1.576731,2.910541,0.1015518,0.0464152,-0.1452111,0.9883114,37,5.7,-14.48855,118.7453,38,-5.7,-32.69509,248.2915
52.77869,NaN,NaN,NaN,-1.591012,2.895217,0.1014552,0.000818253,-0.03876715,0.05264577,-0.9978601,-1.581355,2.910541,0.1015518,0.0464152,-0.1452111,0.9883114,37,5.7,-14.25071,117.0529,38,-5.7,-32.45725,246.5992
52.80249,NaN,NaN,NaN,-1.587817,2.889676,0.1015722,-0.0004845485,-0.0383083,0.05554842,-0.9977207,-1.584747,2.902405,0.1014932,0.05739136,-0.1451352,0.9877459,37,5.7,-13.93593,114.8132,38,-5.7,-32.14247,244.3594
52.82056,NaN,NaN,NaN,-1.575095,2.887643,0.1017151,-0.0009215423,-0.03775315,0.05641624,-0.9976929,-1.573438,2.902405,0.1014932,0.05739136,-0.1451352,0.9877459,37,5.7,-13.69698,113.1129,38,-5.7,-31.90352,242.6591
52.84424,12.07411,-33.85647,241.2605,-1.539028,2.883608,0.1019528,-0.0009871805,-0.03659432,0.0585824,-0.9976112,-1.544273,2.894958,0.1014943,0.05573918,-0.1504214,0.9870494,37,5.7,-13.38389,110.8852,38,-5.7,-31.59043,240.4314
52.86218,10.70767,-29.41784,209.6781,-1.509929,2.881931,0.1019529,-0.001672072,-0.03594765,0.0599983,-0.9975496,-1.517815,2.888629,0.101598,0.05755766,-0.1520991,0.9866879,37,5.7,-13.14662,109.1969,38,-5.7,-31.35316,238.7431
52.88599,10.77098,-29.41781,209.6778,-1.438693,2.879218,0.1018928,-0.003314917,-0.03473176,0.06279927,-0.9974161,-1.454494,2.888629,0.101598,0.05755766,-0.1520991,0.9866879,37,5.7,-12.83189,106.9575,38,-5.7,-31.03843,236.5037
52.90405,11.39583,-32.45291,231.2737,-1.392164,2.878639,0.1018361,-0.00464397,-0.03378817,0.06383749,-0.9973773,-1.408997,2.88352,0.101854,0.05467304,-0.1508767,0.9870395,37,5.7,-12.59461,105.2691,38,-5.7,-30.80114,234.8153
52.92798,11.29182,-30.47937,217.2312,-1.289104,2.878157,0.1017973,-0.005187015,-0.03265492,0.06761877,-0.9971632,-1.309577,2.879761,0.1019396,0.05726913,-0.1516062,0.9867805,37,5.7,-12.27801,103.0165,38,-5.7,-30.48455,232.5627
52.94592,11.34484,-30.47937,217.2312,-1.22946,2.878331,0.1017984,-0.003446863,-0.03283682,0.07093805,-0.9969342,-1.256559,2.879761,0.1019396,0.05726913,-0.1516062,0.9867805,37,5.7,-12.04043,101.326,38,-5.7,-30.24696,230.8721
52.96948,20.82013,-49.6045,353.3136,-1.096367,2.879015,0.1022968,0.0006361371,-0.03308676,0.07463861,-0.9966614,-1.127122,2.877759,0.101754,0.06134569,-0.1466954,0.9872777,37,5.7,-11.72807,99.10342,38,-5.7,-29.93461,228.6496
52.98767,20.88941,-49.60451,353.3136,-1.018424,2.880225,0.1028959,0.002623949,-0.0336645,0.07464539,-0.9966383,-1.057839,2.877759,0.101754,0.06134569,-0.1466954,0.9872777,37,5.7,-11.48841,97.39818,38,-5.7,-29.69495,226.9444
53.01123,NaN,NaN,NaN,-0.8522401,2.883888,0.1043825,0.004282791,-0.03452133,0.07444853,-0.996618,-0.8955026,2.877349,0.1019028,0.05985415,-0.1431446,0.9878902,37,5.7,-11.17607,95.17576,38,-5.7,-29.38261,224.722
53.02966,NaN,NaN,NaN,-0.7600577,2.885757,0.1051169,0.0032588,-0.03522734,0.07411677,-0.9966218,-0.7955285,2.878734,0.1026846,0.06626152,-0.1400084,0.9879307,37,5.7,-10.93355,93.45013,38,-5.7,-29.14009,222.9963
53.0531,NaN,NaN,NaN,-0.566745,2.890368,0.1063784,-0.001400752,-0.03702129,0.07462928,-0.996523,-0.623695,2.878734,0.1026846,0.06626152,-0.1400084,0.9879307,37,5.7,-10.62305,91.24079,38,-5.7,-28.82959,220.787
53.07117,NaN,NaN,NaN,-0.4612748,2.893362,0.1067815,-0.005636995,-0.03836863,0.07489065,-0.9964374,-0.5085864,2.882123,0.1040691,0.06740125,-0.1455538,0.9870517,37,5.7,-10.38362,89.53717,38,-5.7,-28.59016,219.0834
53.09485,12.85,-25.82083,185.281,-0.2403249,2.900282,0.1075081,-0.01323174,-0.04099893,0.07423718,-0.9963097,-0.2877937,2.887092,0.105492,0.06993859,-0.1528256,0.9857754,37,5.7,-10.07049,87.30911,38,-5.7,-28.27702,216.8553
53.11304,12.85,-25.58962,183.7896,-0.1212907,2.904333,0.1075795,-0.01674254,-0.04218198,0.07280116,-0.9963134,-0.1819855,2.887092,0.105492,0.06993859,-0.1528256,0.9857754,37,5.7,-9.830202,85.59939,38,-5.7,-28.03674,215.1456
53.13672,9.770535,-18.40892,131.3455,0.1250948,2.913145,0.1077772,-0.02049333,-0.04406876,0.06855726,-0.9964626,0.06436296,2.893826,0.1067778,0.07280887,-0.1597982,0.9844609,37,5.7,-9.517878,83.37708,38,-5.7,-27.72441,212.9233
53.15491,9.88826,-18.4089,131.3454,0.257543,2.918407,0.1080285,-0.01920887,-0.04479056,0.06546433,-0.9966641,0.1820946,2.893826,0.1067778,0.07280887,-0.1597982,0.9844609,37,5.7,-9.276655,81.6607,38,-5.7,-27.48319,211.2069
53.17847,8.480186,-14.70893,105.0188,0.5259613,2.928325,0.1082511,-0.01527457,-0.04684068,0.06177701,-0.9968732,0.4508528,2.902483,0.1075006,0.07526427,-0.1650835,0.9834036,37,5.7,-8.96598,79.45013,38,-5.7,-27.17251,208.9963
53.19653,12.67286,-23.90769,170.4713,0.6658239,2.932875,0.1081173,-0.0132853,-0.04686437,0.05966352,-0.9970294,0.6080452,2.912992,0.1078297,0.06978587,-0.1551375,0.9854249,37,5.7,-8.727103,77.75043,38,-5.7,-26.93364,207.2966
53.22034,12.85,-23.73784,169.3925,0.9510648,2.941836,0.1080362,-0.01177846,-0.04603058,0.05469972,-0.9973718,0.8615927,2.912992,0.1078297,0.06978587,-0.1551375,0.9854249,37,5.7,-8.411873,75.50745,38,-5.7,-26.61841,205.0536
53.23828,13.24473,-25.01354,183.3419,1.099063,2.946146,0.1081948,-0.01244675,-0.0442172,0.0515907,-0.9976113,1.028374,2.924485,0.1080269,0.06576647,-0.1504036,0.9864348,37,5.7,-8.175355,73.82454,38,-5.7,-26.38189,203.3707
53.26196,10.89641,-22.09145,157.5481,1.397712,2.954409,0.1084311,-0.01309817,-0.04111367,0.0471971,-0.9979532,1.331048,2.935782,0.1081456,0.05989447,-0.1567106,0.9858268,37,5.7,-7.862124,71.59579,38,-5.7,-26.06866,201.142
53.28003,11.0332,-22.09145,157.5481,1.551606,2.957995,0.1086457,-0.01371783,-0.03897982,0.04563183,-0.9981033,1.467842,2.935782,0.1081456,0.05989447,-0.1567106,0.9858268,37,5.7,-7.62264,69.89177,38,-5.7,-25.82917,199.438
53.30371,9.712332,-20.76243,148.0917,1.862215,2.9654,0.1088198,-0.01321692,-0.03507469,0.04244985,-0.9983953,1.782743,2.946307,0.1083125,0.05283566,-0.1579738,0.9860287,37,5.7,-7.309041,67.66039,38,-5.7,-25.51557,197.2066
53.3219,9.852451,-20.7624,148.0915,2.019861,2.968431,0.1089976,-0.01264108,-0.03274343,0.04109763,-0.9985385,1.922873,2.946307,0.1083125,0.05283566,-0.1579738,0.9860287,37,5.7,-7.068677,65.95012,38,-5.7,-25.27521,195.4963
53.34558,8.27453,-18.29145,130.5097,2.336419,2.974442,0.1097924,-0.01059091,-0.02835575,0.03929057,-0.9987693,2.244444,2.956141,0.1082579,0.04559311,-0.1606518,0.9859576,37,5.7,-6.756864,63.73145,38,-5.7,-24.9634,193.2776
53.36353,7.524589,-18.84661,134.4599,2.494429,2.976539,0.1103778,-0.008887487,-0.02645728,0.03883008,-0.9988559,2.426133,2.964527,0.1087818,0.03743205,-0.160134,0.9863853,37,5.7,-6.519611,62.0433,38,-5.7,-24.72614,191.5895
53.38733,7.805436,-18.84662,134.4599,2.810382,2.980628,0.1116168,-0.006602836,-0.02228198,0.0367486,-0.9990543,2.70698,2.964527,0.1087818,0.03743205,-0.160134,0.9863853,37,5.7,-6.203889,59.79683,38,-5.7,-24.41042,189.343
53.40527,7.689608,-19.36055,138.1167,2.96762,2.982113,0.1125904,-0.005025138,-0.02005805,0.03541378,-0.9991588,2.888612,2.97162,0.1096891,0.03432108,-0.159647,0.9865773,37,5.7,-5.96687,58.11035,38,-5.7,-24.1734,187.6566
53.4292,8.63955,-18.42516,131.4611,3.279466,2.98428,0.1143734,-0.001442323,-0.01549122,0.03207919,-0.9993643,3.207777,2.977259,0.1108903,0.04078112,-0.1606869,0.9861626,37,5.7,-5.649836,55.85453,38,-5.7,-23.85637,185.4007
53.44714,8.777227,-18.42516,131.4611,3.434353,2.984981,0.1157895,-0.0006936819,-0.01308337,0.03000942,-0.9994637,3.345455,2.977259,0.1108903,0.04078112,-0.1606869,0.9861626,37,5.7,-5.413152,54.17044,38,-5.7,-23.61969,183.7166
53.47095,9.359594,-23.97662,170.9618,3.743525,2.98543,0.118613,0.001896217,-0.00846035,0.02677493,-0.9996039,3.662058,2.981261,0.1126673,0.03292293,-0.1557749,0.9872438,37,5.7,-5.09854,51.93185,38,-5.7,-23.30507,181.4781
53.48938,9.495675,-23.9766,170.9617,3.896621,2.984359,0.1202278,0.002159579,-0.00613416,0.02516316,-0.9996622,3.798143,2.981261,0.1126673,0.03292293,-0.1557749,0.9872438,37,5.7,-4.855655,50.20364,38,-5.7,-23.06219,179.7498
53.5127,8.966226,-23.88582,170.3158,4.199546,2.983981,0.1241417,0.001284422,-0.001974404,0.02337692,-0.999724,4.108991,2.983541,0.1154498,0.02817802,-0.1558759,0.9873746,37,5.7,-4.546786,48.00592,38,-5.7,-22.75332,177.5521
53.53052,7.2452,-18.49224,131.9385,4.348135,2.983441,0.1266699,0.002126622,-0.0001776218,0.02340667,-0.9997238,4.282188,2.983864,0.118947,0.02217981,-0.1607609,0.9867441,37,5.7,-4.311039,46.3285,38,-5.7,-22.51757,175.8747
53.55469,7.506204,-18.49226,131.9385,4.641762,2.981328,0.1310974,0.003139809,0.003652655,0.02187653,-0.9997491,4.543191,2.983864,0.118947,0.02217981,-0.1607609,0.9867441,37,5.7,-3.99177,44.05678,38,-5.7,-22.1983,173.603
53.57227,6.420433,-18.18775,129.7719,4.786601,2.979339,0.1332592,0.001900395,0.005753614,0.02049473,-0.9997717,4.712206,2.983077,0.1231555,0.01300246,-0.1611457,0.986845,37,5.7,-3.758301,42.39556,38,-5.7,-21.96483,171.9418
53.59619,6.102426,-19.25049,137.3337,5.070168,2.976493,0.1380371,-0.001988066,0.009604462,0.01958347,-0.9997602,5.00389,2.981189,0.1283504,0.007903169,-0.1599412,0.9870949,37,5.7,-3.442276,40.14693,38,-5.7,-21.64881,169.6931
53.61401,6.226496,-19.25048,137.3336,5.209748,2.974815,0.1404445,-0.003553126,0.0115252,0.019269,-0.9997417,5.127961,2.981189,0.1283504,0.007903169,-0.1599412,0.9870949,37,5.7,-3.207767,38.47831,38,-5.7,-21.4143,168.0245
53.63794,6.753126,-14.20809,101.4551,5.482624,2.971159,0.1449303,-0.006056396,0.0154896,0.01761974,-0.9997064,5.409219,2.97808,0.1339169,0.01307591,-0.1672177,0.9858333,37,5.7,-2.891526,36.22814,38,-5.7,-21.09806,165.7743
53.65625,6.869266,-14.20809,101.4551,5.61328,2.969003,0.1471289,-0.00603275,0.01780282,0.01633146,-0.99969,5.525358,2.97808,0.1339169,0.01307591,-0.1672177,0.9858333,37,5.7,-2.648261,34.49722,38,-5.7,-20.8548,164.0434
53.67969,6.229317,-12.57844,89.85954,5.869085,2.965397,0.1513904,-0.006446584,0.0219885,0.01464566,-0.9996302,5.790256,2.974314,0.1395142,0.0048217,-0.1707984,0.9852942,37,5.7,-2.338547,32.29349,38,-5.7,-20.54508,161.8397
53.69751,5.695679,-11.29318,80.71443,5.993429,2.963635,0.1537261,-0.005100481,0.02355741,0.01440813,-0.9996057,5.936764,2.970013,0.1447406,-0.002946456,-0.174318,0.984685,37,5.7,-2.103297,30.6196,38,-5.7,-20.30983,160.1658
53.7218,5.908926,-11.29318,80.71443,6.233332,2.95946,0.1579924,-0.003219084,0.02633052,0.01259556,-0.9995688,6.150011,2.970013,0.1447406,-0.002946456,-0.174318,0.984685,37,5.7,-1.782102,28.33417,38,-5.7,-19.98864,157.8804
53.73926,5.659545,-11.29352,80.71684,6.347088,2.957149,0.1598383,-0.003623166,0.02761044,0.01095735,-0.9995521,6.285831,2.965461,0.1501956,-0.007654355,-0.1742701,0.9846681,37,5.7,-1.551129,26.69072,38,-5.7,-19.75766,156.2369
53.76318,5.338156,-11.35633,81.16375,6.565119,2.952555,0.1635488,-0.004345468,0.0304005,0.00864155,-0.999491,6.512578,2.960724,0.1554683,-0.01427488,-0.1740207,0.9846386,37,5.7,-1.234817,24.44004,38,-5.7,-19.44135,153.9862
53.78125,5.426603,-11.35633,81.16376,6.664621,2.950787,0.1655577,-0.004732921,0.03151774,0.007985005,-0.9994601,6.601026,2.960724,0.1554683,-0.01427488,-0.1740207,0.9846386,37,5.7,-0.9955137,22.73731,38,-5.7,-19.20205,152.2835
53.80505,5.382914,-11.30518,80.79984,6.85638,2.947222,0.1695201,-0.002529317,0.03348324,0.00677605,-0.9994131,6.802185,2.955626,0.1603463,-0.01732868,-0.1741181,0.9845723,37,5.7,-0.6812998,20.50156,38,-5.7,-18.88783,150.0478
53.82336,5.461884,-11.30518,80.79984,6.945221,2.944911,0.1714005,-0.0003509485,0.03420714,0.005495555,-0.9993996,6.881155,2.955626,0.1603463,-0.01732868,-0.1741181,0.9845723,37,5.7,-0.4384645,18.7737,38,-5.7,-18.645,148.3199
53.8468,4.926578,-11.59695,82.87591,7.111902,2.940504,0.1748297,0.002053918,0.03523114,0.004011482,-0.999369,7.057529,2.950681,0.1650083,-0.0253662,-0.1731706,0.9845651,37,5.7,-0.1295014,16.57531,38,-5.7,-18.33603,146.1215
53.8645,4.43054,-11.94852,85.37745,7.186504,2.937825,0.1762595,0.002514096,0.03555418,0.003012042,-0.99936,7.14955,2.945814,0.1695559,-0.0314182,-0.1721041,0.9845776,37,5.7,0.1046649,14.90913,38,-5.7,-18.10187,144.4553
53.88916,4.553451,-11.94853,85.37749,7.324781,2.932116,0.1790124,0.003659131,0.03646405,0.0007268796,-0.999328,7.272463,2.945814,0.1695559,-0.0314182,-0.1721041,0.9845776,37,5.7,0.4304021,12.59139,38,-5.7,-17.77613,142.1376
53.90613,4.890026,-9.375319,67.06816,7.386077,2.928919,0.1801644,0.003976264,0.03677349,-0.0008027017,-0.9993154,7.3499,2.940526,0.1737496,-0.03614108,-0.1809473,0.9828286,37,5.7,0.6549526,10.99363,38,-5.7,-17.55158,140.5398
53.93042,3.769958,-10.13739,72.49054,7.496833,2.922045,0.1821285,0.005239385,0.03765701,-0.005066022,-0.9992642,7.468509,2.934241,0.17726,-0.05026693,-0.1776562,0.9828079,37,5.7,0.9762977,8.707142,38,-5.7,-17.23023,138.2534
53.94812,3.811198,-10.13738,72.49052,7.543228,2.91848,0.1832257,0.006223604,0.03820026,-0.007917814,-0.9992194,7.509748,2.934241,0.17726,-0.05026693,-0.1776562,0.9828079,37,5.7,1.209776,7.045857,38,-5.7,-16.99676,136.5921
53.97205,-9.139673,-27.12201,193.3425,7.620445,2.911939,0.1854849,0.008879779,0.03842889,-0.01189674,-0.9991511,7.595402,2.92698,0.1802697,-0.08529574,-0.1531545,0.9845143,37,5.7,1.526832,4.789888,38,-5.7,-16.6797,134.3361
53.99084,-9.114634,-27.122,193.3424,7.648603,2.908535,0.1866794,0.01017824,0.03817673,-0.01345596,-0.9991286,7.620431,2.92698,0.1802697,-0.08529574,-0.1531545,0.9845143,37,5.7,1.774474,3.027826,38,-5.7,-16.43206,132.574
54.01379,-12.85,-29.08718,211.0152,7.693897,2.901844,0.1886694,0.01049586,0.03910174,-0.01915707,-0.9989964,7.674576,2.91901,0.1829684,-0.09580483,-0.1493988,0.9841247,37,5.7,2.078756,0.8627427,38,-5.7,-16.12777,130.409
54.03174,-12.85,-28.94654,206.9338,7.708271,2.898963,0.1895776,0.009124466,0.04010602,-0.02284859,-0.9988925,7.69793,2.910854,0.1855879,-0.09775653,-0.1515612,0.983602,38,-5.7,-15.89087,128.7233,38,NaN,NaN,NaN
54.05615,-12.85,-28.96821,207.0744,7.723999,2.893209,0.1914659,0.00800999,0.04224348,-0.02913703,-0.9986503,7.711911,2.910854,0.1855879,-0.09775653,-0.1515612,0.983602,38,-5.7,-15.56812,126.4268,38,NaN,NaN,NaN
54.07349,-12.85,-27.7707,198.8786,7.721655,2.890678,0.1922913,0.007494777,0.04289684,-0.03119963,-0.9985641,7.717085,2.902865,0.1880324,-0.1017701,-0.1517791,0.9831612,38,-5.7,-15.33923,124.7982,38,NaN,NaN,NaN
54.09753,-11.58057,-24.65382,175.7804,7.70733,2.886098,0.1936885,0.006041765,0.04404774,-0.03486568,-0.9984026,7.708014,2.895709,0.1903577,-0.107889,-0.1540959,0.9821479,38,-5.7,-15.02131,122.5361,38,NaN,NaN,NaN
54.11523,-11.59549,-24.6538,175.7802,7.690524,2.883953,0.1941846,0.005472499,0.04449517,-0.0361667,-0.9983398,7.693076,2.895709,0.1903577,-0.107889,-0.1540959,0.9821479,38,-5.7,-14.78664,120.8663,38,NaN,NaN,NaN
54.13916,-8.213927,-20.95622,149.4706,7.645172,2.880298,0.1951237,0.004650476,0.04543321,-0.03824192,-0.9982243,7.653256,2.88938,0.1923885,-0.1043885,-0.1568777,0.9820858,38,-5.7,-14.47042,118.6163,38,NaN,NaN,NaN
54.15771,-8.242752,-20.95622,149.4706,7.612745,2.878932,0.1955411,0.00443942,0.04550814,-0.03843344,-0.9982145,7.624433,2.88938,0.1923885,-0.1043885,-0.1568777,0.9820858,38,-5.7,-14.22496,116.8697,38,NaN,NaN,NaN
54.18103,-6.570348,-17.62247,125.7497,7.538399,2.876206,0.1960676,0.004016895,0.04596634,-0.04073351,-0.9981041,7.555676,2.884155,0.1940651,-0.1103586,-0.1602066,0.9808949,38,-5.7,-13.91714,114.6794,38,NaN,NaN,NaN
54.19873,-12.85,-24.79403,177.1483,7.491141,2.874828,0.1962514,0.004349285,0.04616012,-0.04222993,-0.9980316,7.50784,2.879687,0.1952082,-0.1129377,-0.1535235,0.9816698,38,-5.7,-13.68252,113.0101,38,NaN,NaN,NaN
54.22339,-12.85,-24.66502,176.3233,7.38437,2.872152,0.1961844,0.003728019,0.04614453,-0.04322087,-0.9979923,7.412932,2.879687,0.1952082,-0.1129377,-0.1535235,0.9816698,38,-5.7,-13.35631,110.6889,38,NaN,NaN,NaN
54.2406,-12.44043,-23.10349,164.7493,7.319567,2.871464,0.196187,0.002507243,0.04616046,-0.0428752,-0.9980104,7.346288,2.875989,0.1959436,-0.1179448,-0.1548587,0.980871,38,-5.7,-13.12958,109.0757,38,NaN,NaN,NaN
54.2644,-12.85,-22.70204,163.6611,7.17723,2.871549,0.1968645,0.0003524146,0.04676438,-0.0421718,-0.9980153,7.207405,2.872806,0.1962957,-0.1203459,-0.1534509,0.9808005,38,-5.7,-12.81521,106.8388,38,NaN,NaN,NaN
54.28223,-12.85,-22.60754,163.0571,7.093852,2.872524,0.1975225,-0.001122539,0.04689935,-0.04085382,-0.9980633,7.133291,2.872806,0.1962957,-0.1203459,-0.1534509,0.9808005,38,-5.7,-12.5785,105.1545,38,NaN,NaN,NaN
54.30615,-12.85,-21.3819,155.9214,6.9111,2.875341,0.1979012,-0.004819522,0.04703029,-0.03855768,-0.9981374,6.955048,2.870791,0.197032,-0.1246846,-0.1526852,0.980378,38,-5.7,-12.26198,102.9024,38,NaN,NaN,NaN
54.32471,-12.85,-21.27087,155.2085,6.809096,2.877519,0.1977168,-0.009261237,0.04725531,-0.03860196,-0.9980937,6.864378,2.870791,0.197032,-0.1246846,-0.1526852,0.980378,38,-5.7,-12.01755,101.1632,38,NaN,NaN,NaN
54.34802,-10.52163,-18.8074,134.1809,6.595724,2.882941,0.1972271,-0.01708442,0.04885928,-0.03942052,-0.9978813,6.654808,2.871447,0.1974733,-0.1255509,-0.1584612,0.9793503,38,-5.7,-11.70866,98.96532,38,NaN,NaN,NaN
54.36597,-4.657756,-11.76007,84.03656,6.479721,2.886257,0.196617,-0.02045215,0.05032988,-0.03967667,-0.9977346,6.527799,2.874657,0.1976761,-0.1303092,-0.1704914,0.9767048,38,-5.7,-11.47219,97.28272,38,NaN,NaN,NaN
54.39075,-4.871315,-11.76007,84.03656,6.239466,2.893289,0.1954736,-0.02541367,0.0528712,-0.03749721,-0.9975734,6.314239,2.874657,0.1976761,-0.1303092,-0.1704914,0.9767048,38,-5.7,-11.14432,94.94983,38,NaN,NaN,NaN
54.41772,-6.752827,-13.18374,94.16653,5.981452,2.901874,0.1939984,-0.02616085,0.0544043,-0.03037064,-0.9977142,6.057568,2.880184,0.1974064,-0.1331792,-0.1670035,0.9769202,38,-5.7,-10.78768,92.41219,38,NaN,NaN,NaN
54.44531,-12.33821,-17.79208,126.9566,5.709596,2.910069,0.1917791,-0.02499405,0.05486587,-0.02243937,-0.9979287,5.785501,2.887735,0.1963731,-0.1397265,-0.1594331,0.9772705,38,-5.7,-10.42187,89.80931,38,NaN,NaN,NaN
54.47339,-12.85,-17.73005,127.7301,5.423886,2.917931,0.1891856,-0.0243788,0.0541898,-0.01490224,-0.9981217,5.498354,2.896992,0.1946228,-0.1406121,-0.1580748,0.9773641,38,-5.7,-10.05222,87.17914,38,NaN,NaN,NaN
54.5011,-12.85,-17.82916,130.906,5.125564,2.925293,0.1866058,-0.02441852,0.05269047,-0.009008469,-0.9982716,5.197591,2.906791,0.1922517,-0.1351139,-0.1552404,0.9785932,38,-5.7,-9.685054,84.5666,38,NaN,NaN,NaN
54.51978,-12.85,-17.67078,129.9077,4.970488,2.929078,0.1855339,-0.02533467,0.05192855,-0.007297087,-0.9983028,5.059745,2.906791,0.1922517,-0.1351139,-0.1552404,0.9785932,38,-5.7,-9.438844,82.81473,38,NaN,NaN,NaN
54.54285,-18.62896,-23.6789,168.8435,4.653191,2.936756,0.1828408,-0.02660231,0.0501302,-0.002461092,-0.9983853,4.739938,2.916458,0.1898574,-0.1356059,-0.1543285,0.9786694,38,-5.7,-9.133288,80.64059,38,NaN,NaN,NaN
54.56116,-12.85,-17.42399,126.5374,4.489709,2.940518,0.1814847,-0.02666076,0.04920267,0.0001003954,-0.9984329,4.554805,2.925558,0.1865929,-0.1347568,-0.1575565,0.9782723,38,-5.7,-8.891037,78.91688,38,NaN,NaN,NaN
54.58459,-12.85,-17.08219,124.4152,4.160828,2.947604,0.1784581,-0.02724403,0.04757702,0.004259979,-0.9984869,4.262466,2.925558,0.1865929,-0.1347568,-0.1575565,0.9782723,38,-5.7,-8.580547,76.70763,38,NaN,NaN,NaN
54.60278,-11.70411,-15.47557,110.4737,3.99278,2.950832,0.176835,-0.02766865,0.04677233,0.005955812,-0.9985046,4.071314,2.93455,0.1832598,-0.1396997,-0.1630314,0.9766805,38,-5.7,-8.341222,75.00474,38,NaN,NaN,NaN
54.62634,-12.00245,-15.47557,110.4738,3.657156,2.957438,0.1736285,-0.02846869,0.04534204,0.009404892,-0.9985216,3.772982,2.93455,0.1832598,-0.1396997,-0.1630314,0.9766805,38,-5.7,-8.028608,72.78038,38,NaN,NaN,NaN
54.64429,-11.52976,-15.06667,107.5643,3.487431,2.960494,0.1720048,-0.02804961,0.04484956,0.01088346,-0.9985406,3.578969,2.943239,0.1798511,-0.1374427,-0.1638345,0.9768663,38,-5.7,-7.791964,71.09657,38,NaN,NaN,NaN
54.66821,-12.74794,-16.024,114.376,3.144149,2.966245,0.1686002,-0.02620099,0.04382173,0.01424237,-0.9985942,3.229686,2.951412,0.1762029,-0.1367211,-0.1623732,0.9772115,38,-5.7,-7.475939,68.84793,38,NaN,NaN,NaN
54.68591,-12.85,-15.96228,114.0046,2.970866,2.968751,0.1669372,-0.02447023,0.04371837,0.01580745,-0.9986191,3.075657,2.951412,0.1762029,-0.1367211,-0.1623732,0.9772115,38,-5.7,-7.242297,67.18549,38,NaN,NaN,NaN
54.71008,-12.85,-15.87695,115.0548,2.623414,2.973382,0.1636233,-0.02108861,0.04356155,0.01941689,-0.9986395,2.721638,2.958943,0.1722161,-0.1325773,-0.1603692,0.978113,38,-5.7,-6.922008,64.90651,38,NaN,NaN,NaN
54.72766,-12.85,-15.55837,114.1793,2.44869,2.974935,0.1620078,-0.01937167,0.04359157,0.02124944,-0.9986355,2.520564,2.965686,0.1681942,-0.1319086,-0.1589716,0.9784315,38,-5.7,-6.690269,63.2576,38,NaN,NaN,NaN
54.75171,-12.85,-15.18589,111.8868,2.10099,2.977636,0.1584016,-0.01699514,0.04345582,0.02446374,-0.9986112,2.211497,2.965686,0.1681942,-0.1319086,-0.1589716,0.9784315,38,-5.7,-6.372444,60.99617,38,NaN,NaN,NaN
54.76929,-12.85,-15.3258,112.2468,1.927384,2.978265,0.1566565,-0.01594535,0.04344913,0.02571099,-0.9985974,2.011111,2.97093,0.1638917,-0.129752,-0.1597483,0.9785933,38,-5.7,-6.139215,59.33665,38,NaN,NaN,NaN
54.79346,-12.85,-14.94644,109.9229,1.580742,2.979792,0.1535455,-0.01449103,0.04305872,0.02875254,-0.9985536,1.702985,2.97093,0.1638917,-0.129752,-0.1597483,0.9785933,38,-5.7,-5.819718,57.06332,38,NaN,NaN,NaN
54.81091,-12.63893,-15.13028,108.0169,1.40842,2.980308,0.1522275,-0.01371018,0.04290809,0.02982163,-0.9985397,1.50352,2.974915,0.1598576,-0.1282451,-0.1641797,0.9780584,38,-5.7,-5.588634,55.41907,38,NaN,NaN,NaN
54.83521,-10.97355,-13.0109,92.93671,1.065269,2.981376,0.1496744,-0.01235066,0.04234694,0.03198212,-0.9985146,1.152234,2.977549,0.1560473,-0.1277395,-0.1684309,0.9774014,38,-5.7,-5.267825,53.13639,38,NaN,NaN,NaN
54.85303,-11.12504,-13.01091,92.93674,0.8948463,2.98195,0.14859,-0.01215268,0.0419402,0.0331399,-0.9984964,1.000747,2.977549,0.1560473,-0.1277395,-0.1684309,0.9774014,38,-5.7,-5.032887,51.46471,38,NaN,NaN,NaN
54.8772,-11.11941,-12.61875,90.14642,0.5588952,2.982615,0.1460165,-0.01102745,0.04080423,0.0365626,-0.9984371,0.6561315,2.979283,0.1525433,-0.1278677,-0.1693752,0.9772215,38,-5.7,-4.713206,49.19007,38,NaN,NaN,NaN
54.89465,-11.80086,-13.19843,94.27103,0.3908553,2.982179,0.1452635,-0.0112651,0.04020172,0.03759185,-0.9984206,0.4612595,2.98072,0.1494955,-0.127351,-0.1680323,0.9775208,38,-5.7,-4.482505,47.54855,38,NaN,NaN,NaN
54.9187,-12.09397,-13.19843,94.27103,0.06110679,2.983575,0.1433904,-0.01100255,0.03880179,0.04027335,-0.9983745,0.1681497,2.98072,0.1494955,-0.127351,-0.1680323,0.9775208,38,-5.7,-4.164409,45.28518,38,NaN,NaN,NaN
54.9364,-9.769088,-10.58303,75.66152,-0.1019053,2.982922,0.1425993,-0.009225633,0.03798782,0.04091106,-0.9983978,-0.02179348,2.981374,0.1467252,-0.1260316,-0.1753865,0.9763993,38,-5.7,-3.930223,43.61886,38,NaN,NaN,NaN
54.96057,-9.269304,-9.822179,70.24776,-0.4251817,2.983108,0.1411058,-0.007119062,0.03613456,0.04283633,-0.9984031,-0.3534716,2.981859,0.1443149,-0.1241435,-0.1782827,0.9761166,38,-5.7,-3.610574,41.34443,38,NaN,NaN,NaN
54.97827,-9.410522,-9.822183,70.24779,-0.5840478,2.982826,0.1406903,-0.005791901,0.03510043,0.04369968,-0.9984112,-0.4946859,2.981859,0.1443149,-0.1241435,-0.1782827,0.9761166,38,-5.7,-3.375728,39.67342,38,NaN,NaN,NaN
55.0022,-10.19829,-10.5976,75.76516,-0.8976543,2.982261,0.1395741,-0.004397869,0.03322484,0.0449683,-0.9984261,-0.8169338,2.982065,0.1423072,-0.1212014,-0.1754409,0.9770009,38,-5.7,-3.059081,37.42036,38,NaN,NaN,NaN
55.02002,-10.33606,-10.5976,75.76519,-1.052639,2.981503,0.1393295,-0.003851131,0.03264572,0.04495784,-0.9984479,-0.9546982,2.982065,0.1423072,-0.1212014,-0.1754409,0.9770009,38,-5.7,-2.823971,35.74746,38,NaN,NaN,NaN
55.04395,-10.33119,-10.46977,74.8556,-1.35905,2.980441,0.1392593,-0.003182476,0.03133912,0.04538823,-0.9984726,-1.269686,2.981881,0.1407344,-0.1185207,-0.175942,0.9772396,38,-5.7,-2.507608,33.49643,38,NaN,NaN,NaN
55.06165,-8.543641,-7.825528,56.04085,-1.507914,2.979398,0.1390664,-0.00126258,0.03089169,0.0457326,-0.9984751,-1.44383,2.980917,0.139716,-0.1237395,-0.188341,0.9742773,38,-5.7,-2.273109,31.82788,38,NaN,NaN,NaN
55.08582,-8.810292,-7.825529,56.04086,-1.807896,2.975753,0.1389782,-0.001287356,0.02982177,0.04669269,-0.9984632,-1.710481,2.980917,0.139716,-0.1237395,-0.188341,0.9742773,38,-5.7,-1.954277,29.55927,38,NaN,NaN,NaN
55.10364,-9.130266,-8.029543,57.4925,-1.952731,2.97494,0.1390086,-0.002982786,0.03024322,0.04745826,-0.9984108,-1.8801,2.9793,0.1392577,-0.1232004,-0.1870707,0.9745903,38,-5.7,-1.718455,27.88131,38,NaN,NaN,NaN
55.12769,-8.674623,-6.858486,49.16,-2.242013,2.971379,0.1396571,-0.001791461,0.03037484,0.04943301,-0.9983138,-2.177255,2.97654,0.139097,-0.1288695,-0.1950691,0.9722863,38,-5.7,-1.400669,25.62014,38,NaN,NaN,NaN
55.14539,-8.800175,-6.858486,49.16,-2.383259,2.969702,0.140229,-0.001205588,0.03074791,0.05050983,-0.9982495,-2.302807,2.97654,0.139097,-0.1288695,-0.1950691,0.9722863,38,-5.7,-1.166418,23.95336,38,NaN,NaN,NaN
55.16931,-8.687449,-6.396266,45.87112,-2.659535,2.966102,0.1414832,-0.0005933337,0.03136609,0.05192021,-0.9981584,-2.587472,2.973034,0.1393595,-0.1295702,-0.1990143,0.9713933,38,-5.7,-0.8496176,21.69921,38,NaN,NaN,NaN
55.18713,-8.80803,-6.396268,45.87114,-2.795187,2.963668,0.141916,-0.001732058,0.031567,0.05249123,-0.9981209,-2.708051,2.973034,0.1393595,-0.1295702,-0.1990143,0.9713933,38,-5.7,-0.61449,20.02619,38,NaN,NaN,NaN
55.21106,-8.866886,-6.19846,44.46366,-3.057822,2.959004,0.1427178,-0.006533953,0.03200166,0.05399229,-0.9980071,-2.979531,2.969055,0.1402615,-0.1289874,-0.2008533,0.9710923,38,-5.7,-0.2978171,17.77294,38,NaN,NaN,NaN
55.22925,-8.607313,-5.736093,41.17374,-3.184091,2.956651,0.1431336,-0.009983475,0.03177517,0.05510398,-0.997925,-3.128548,2.964415,0.1414567,-0.1295188,-0.2056815,0.9700103,38,-5.7,-0.05764122,16.064,38,NaN,NaN,NaN
55.25281,-8.826775,-5.736094,41.17376,-3.430985,2.952178,0.1438181,-0.01661978,0.03088099,0.05773418,-0.9977159,-3.34801,2.964415,0.1414567,-0.1295188,-0.2056815,0.9700103,38,-5.7,0.2543511,13.84406,38,NaN,NaN,NaN
55.271,-8.286199,-4.885,35.1179,-3.548198,2.949678,0.1439583,-0.01956452,0.03060089,0.05788573,-0.9976623,-3.487479,2.959114,0.1425692,-0.1326933,-0.2169042,0.9671324,38,-5.7,0.4937612,12.14057,38,NaN,NaN,NaN
55.29456,-7.888291,-4.064082,29.27677,-3.774668,2.94471,0.143837,-0.02524367,0.03044904,0.05775257,-0.9975471,-3.722404,2.953505,0.1434406,-0.1376934,-0.2319496,0.962933,38,-5.7,0.8062674,9.916974,38,NaN,NaN,NaN
55.31287,-7.983905,-4.064082,29.27676,-3.882236,2.942761,0.1436367,-0.02644266,0.03053815,0.05756427,-0.9975242,-3.818019,2.953505,0.1434406,-0.1376934,-0.2319496,0.962933,38,-5.7,1.04751,8.200445,38,NaN,NaN,NaN
55.33655,-7.749992,-3.575129,25.79768,-4.086658,2.938575,0.1431011,-0.02707178,0.03113314,0.05732655,-0.9975027,-4.031385,2.947741,0.1438094,-0.1391169,-0.2440274,0.9597381,38,-5.7,1.360435,5.973865,38,NaN,NaN,NaN
55.35474,-7.834048,-3.575129,25.79768,-4.181221,2.936307,0.1427154,-0.02681936,0.03161018,0.05668344,-0.9975312,-4.115441,2.947741,0.1438094,-0.1391169,-0.2440274,0.9597381,38,-5.7,1.600793,4.263632,38,NaN,NaN,NaN
55.37817,-7.814138,-3.235461,23.38082,-4.359375,2.932642,0.1421853,-0.02847643,0.03226558,0.05611217,-0.9974966,-4.303395,2.942244,0.1436204,-0.144479,-0.2542337,0.9562902,38,-5.7,1.911813,2.050609,38,NaN,NaN,NaN
55.39661,-8.042187,-3.039959,21.98975,-4.44035,2.93106,0.1421215,-0.02903584,0.03236704,0.05678921,-0.9974389,-4.402422,2.937119,0.1430258,-0.158663,-0.2605504,0.9523337,38,-5.7,2.154937,0.3206887,38,NaN,NaN,NaN
55.42004,-8.177752,-3.039958,21.98974,-4.592864,2.928016,0.1423249,-0.02929857,0.03281583,0.0575298,-0.9973741,-4.53799,2.937119,0.1430258,-0.158663,-0.2605504,0.9523337,38,NaN,NaN,NaN,38,NaN,NaN,NaN
55.43823,-8.148541,-2.675951,19.39969,-4.660211,2.927005,0.1427032,-0.02959313,0.03291423,0.05773725,-0.9973502,-4.622183,2.932541,0.1424441,-0.1731579,-0.275399,0.9456066,38,NaN,NaN,NaN,38,NaN,NaN,NaN
55.46191,-8.198598,-2.362495,17.16934,-4.787649,2.92509,0.143568,-0.03116565,0.03209975,0.0596164,-0.9972183,-4.75705,2.928656,0.1423751,-0.1895203,-0.2913751,0.9376474,38,NaN,NaN,NaN,38,NaN,NaN,NaN
55.47998,-8.249104,-2.362495,17.16934,-4.844468,2.924011,0.1440288,-0.03269506,0.03111049,0.06072911,-0.9971335,-4.807556,2.928656,0.1423751,-0.1895203,-0.2913751,0.9376474,38,NaN,NaN,NaN,38,NaN,NaN,NaN
55.50354,-8.059281,-2.007197,14.64127,-4.946559,2.9224,0.1449783,-0.03531535,0.02952303,0.06111505,-0.9970688,-4.917222,2.92557,0.1430279,-0.2009834,-0.3155271,0.9273879,38,NaN,NaN,NaN,38,NaN,NaN,NaN
55.52185,-8.098188,-2.007197,14.64127,-4.990329,2.921966,0.1456325,-0.03647412,0.02829146,0.06061144,-0.9970936,-4.956129,2.92557,0.1430279,-0.2009834,-0.3155271,0.9273879,38,NaN,NaN,NaN,38,NaN,NaN,NaN
55.54529,-8.268059,-1.871277,13.67415,-5.069768,2.92136,0.1469024,-0.03814871,0.02564914,0.06014629,-0.9971306,-5.042891,2.923216,0.1439103,-0.2192133,-0.3258799,0.9196455,38,NaN,NaN,NaN,38,NaN,NaN,NaN
55.56335,-8.179839,-1.821866,13.32257,-5.103204,2.921199,0.14745,-0.03891937,0.02404195,0.05978892,-0.9971622,-5.086185,2.921503,0.1451151,-0.2156938,-0.3307145,0.9187514,38,NaN,NaN,NaN,38,NaN,NaN,NaN
55.58728,-8.231956,-1.821866,13.32257,-5.161837,2.921143,0.1487477,-0.04053714,0.02112765,0.05868293,-0.9972296,-5.138304,2.921503,0.1451151,-0.2156938,-0.3307145,0.9187514,38,NaN,NaN,NaN,38,NaN,NaN,NaN
55.60486,-7.848577,-1.997037,14.56898,-5.184379,2.921567,0.1495177,-0.04155656,0.0200215,0.05757122,-0.9972752,-5.169501,2.920552,0.1465808,-0.1731624,-0.3178493,0.9321945,38,NaN,NaN,NaN,38,NaN,NaN,NaN
55.62915,-6.023331,-4.792741,34.46145,-5.224041,2.922743,0.150967,-0.04323887,0.01720768,0.05680944,-0.9972999,-5.213613,2.920262,0.1481102,-0.02301714,-0.2192512,0.9753969,38,NaN,NaN,NaN,38,NaN,NaN,NaN
55.64697,-6.036515,-4.792741,34.46145,-5.238873,2.923181,0.1516725,-0.0433801,0.01591787,0.05704214,-0.9973019,-5.226797,2.920262,0.1481102,-0.02301714,-0.2192512,0.9753969,38,NaN,NaN,NaN,38,NaN,NaN,NaN
55.67102,-5.875524,-6.639969,47.60522,-5.261632,2.924361,0.1530723,-0.04402307,0.01351748,0.05654035,-0.9973376,-5.253721,2.920825,0.1497289,-0.01284368,-0.197484,0.980222,38,NaN,NaN,NaN,38,NaN,NaN,NaN
55.68835,-5.881079,-6.639971,47.60524,-5.267883,2.924837,0.1536901,-0.04445146,0.01248951,0.05610593,-0.9973567,-5.259276,2.920825,0.1497289,-0.01284368,-0.197484,0.980222,38,NaN,NaN,NaN,38,NaN,NaN,NaN
55.71252,-5.576386,-6.546111,46.93739,-5.272818,2.925656,0.1550632,-0.04635894,0.01076853,0.0550256,-0.99735,-5.268459,2.921943,0.1514338,-0.006450661,-0.1983446,0.9801111,38,NaN,NaN,NaN,38,NaN,NaN,NaN
55.7301,-5.590873,-6.700189,48.03371,-5.27033,2.926495,0.1558261,-0.04790443,0.009987779,0.05425363,-0.9973274,-5.269129,2.923114,0.1532564,-0.006587819,-0.1970413,0.9803731,38,NaN,NaN,NaN,38,NaN,NaN,NaN
55.75439,-5.581376,-6.70019,48.03373,-5.259645,2.928291,0.1573875,-0.05048754,0.007918194,0.05376318,-0.9972451,-5.259632,2.923114,0.1532564,-0.006587819,-0.1970413,0.9803731,38,NaN,NaN,NaN,38,NaN,NaN,NaN
55.77161,-5.645693,-6.289922,45.11452,-5.248765,2.929256,0.1581373,-0.05245146,0.006940567,0.05359314,-0.9971603,-5.251187,2.9245,0.1548221,-0.00859561,-0.2007678,0.9796011,38,NaN,NaN,NaN,38,NaN,NaN,NaN
55.79614,-5.554264,-6.196771,44.45171,-5.222049,2.931884,0.1596173,-0.05741671,0.004700855,0.0533945,-0.9969105,-5.226866,2.92633,0.1565139,-0.007239101,-0.2017219,0.9794161,38,NaN,NaN,NaN,38,NaN,NaN,NaN
55.81335,-5.539065,-6.196771,44.45171,-5.20495,2.933403,0.1602876,-0.06021376,0.003312871,0.05332758,-0.9967545,-5.211667,2.92633,0.1565139,-0.007239101,-0.2017219,0.9794161,38,NaN,NaN,NaN,38,NaN,NaN,NaN
55.83789,-5.356186,-5.697301,40.8978,-5.163272,2.937108,0.1614273,-0.06581222,0.0009741411,0.05210951,-0.99647,-5.172369,2.928786,0.1582621,-0.004414048,-0.2071429,0.9783008,38,NaN,NaN,NaN,38,NaN,NaN,NaN
55.85522,-5.33284,-5.697301,40.8978,-5.137008,2.939031,0.1618843,-0.06816407,-8.307397E-05,0.05014445,-0.9964132,-5.149023,2.928786,0.1582621,-0.004414048,-0.2071429,0.9783008,38,NaN,NaN,NaN,38,NaN,NaN,NaN
55.87915,-5.123358,-5.284232,37.95866,-5.079252,2.943309,0.1625861,-0.07176141,-0.002575979,0.04660672,-0.996329,-5.093822,2.932105,0.1599059,-0.0007635265,-0.2124102,0.9771803,38,NaN,NaN,NaN,38,NaN,NaN,NaN
55.89661,-5.259513,-4.883912,35.11024,-5.045151,2.945335,0.1628459,-0.07271685,-0.004089653,0.0446389,-0.9963448,-5.057887,2.936274,0.1612823,-0.005629784,-0.218357,0.9758527,38,NaN,NaN,NaN,38,NaN,NaN,NaN
55.92114,-5.193417,-4.883912,35.11024,-4.970793,2.949172,0.1630699,-0.07513791,-0.008068066,0.04095713,-0.996299,-4.991791,2.936274,0.1612823,-0.005629784,-0.218357,0.9758527,38,NaN,NaN,NaN,38,NaN,NaN,NaN
55.93835,-4.902463,-4.393837,31.62318,-4.927612,2.950581,0.1631455,-0.07655326,-0.01047935,0.03830377,-0.9962744,-4.946078,2.941049,0.1622497,0.001350151,-0.2270533,0.9738814,38,NaN,NaN,NaN,38,NaN,NaN,NaN
RESULT,totalFlags,35
RESULT,totalShort,0
RESULT,totalLong,35
RESULT,totalTight,15
RESULT,passedFlags,30
RESULT,shortTurns,0
RESULT,longTurns,30
RESULT,tightTurns,11
RESULT,passRate,85.71429
RESULT,shortRate,0
RESULT,longRate,85.71429
RESULT,tightRate,73.33334
RESULT,totalValidTime,48.43593
RESULT,timeP0,33.42006
RESULT,timeP1,11.16464
RESULT,timeS0,2.197223
RESULT,timeS1,1.52835
RESULT,timeOther,0.1256426
RESULT,cntP0,35
RESULT,cntP1,27
RESULT,rateTimeP0,0.6899849
RESULT,rateTimeP1,0.2305032
RESULT,rateTimeS0,0.0453635
RESULT,rateTimeS1,0.03155404
RESULT,rateTimeOther,0.002593995
RESULT,rateCntP0,0.8974359
RESULT,rateCntP1,0.6923077
flagId,passedCorrect,turnDir,minDistToFlagDuringApproach
4,0,1,1.772286
5,1,-1,1.134089
6,1,1,2.231774
7,1,-1,0.9323747
8,1,1,1.424559
9,1,-1,2.604627
10,1,1,3.321691
11,1,-1,1.363588
12,0,1,2.995811
13,1,-1,1.467779
14,1,1,1.073535
15,1,-1,2.283266
16,1,1,1.795166
17,1,-1,1.964016
18,1,1,1.75871
19,1,-1,1.858213
20,1,1,2.101038
21,1,-1,1.835278
22,1,1,2.179486
23,1,-1,1.548143
24,1,1,1.651826
25,1,-1,2.723921
26,1,1,0.8206543
27,1,-1,1.678394
28,1,1,1.34162
29,1,-1,0.8333655
30,1,1,1.981776
31,1,-1,0.8741158
32,0,1,1.885313
33,1,-1,2.473985
34,1,1,1.684804
35,0,-1,2.704948
36,1,1,2.267288
37,1,-1,1.572309
38,0,1,2.53893
pId,lastRiseSecBeforePassP
4,0.4073606
5,0.09942349
6,0.7580081
7,0.0559101
8,0.1545426
9,0.7111195
10,0.59405
11,NaN
12,NaN
13,1.308941
14,NaN
15,NaN
16,NaN
17,0.2481789
18,1.365716
19,1.172725
20,NaN
21,0.3296234
22,0.0688986
23,1.363735
24,0.143167
25,0.2172912
26,1.352485
27,0.1731136
28,NaN
29,1.252185
30,0.2574589
31,1.148936
32,1.240359
33,0.5800026
34,0.09287123
35,1.366553
36,0.2710443
37,0.1596525
38,NaN
P1_EVENTS_FORMAT
pId
riseSecBeforePassP,duration,fallSecBeforePassP
4
1.451557,0.08334918,1.367962
0.5560867,0.1017075,0.4491338
0.4073606,0.06552787,0.3469563
5
1.3705,0.3574954,1.018282
0.09942349,0.1015135,0
6
1.360455,0.04181652,1.318708
1.217051,0.08363803,1.133579
1.05038,0.08346386,0.9666422
0.7580081,0.7698526,0
7
0.0559101,0.06501392,0
8
1.430593,0.1252166,1.306089
0.1545426,0.1668605,0
9
1.356109,0.4829686,0.8783342
0.8364741,0.1019466,0.7296719
0.7111195,0.7288433,0
10
0.635009,0.02492703,0.6180997
0.59405,0.6090583,0
11
NaN
12
NaN
13
1.308941,0.1670047,1.141774
14
NaN
15
NaN
16
NaN
17
1.351492,0.2740561,1.082842
0.9340372,0.02364662,0.9159774
0.2481789,0.2505001,0
18
1.365716,0.05955022,1.299853
19
1.405098,0.04169459,1.363235
1.172725,0.02782172,1.154379
20
NaN
21
1.164847,0.7932566,0.3714154
0.3296234,0.3341882,0
22
1.364058,0.04190917,1.322259
0.152032,0.01851183,0.1281769
0.0688986,0.08361912,0
23
1.363735,0.2268012,1.131515
24
1.187506,0.2083865,0.9782175
0.143167,0.1433101,0
25
1.362475,0.4586942,0.9028727
0.7772069,0.08359272,0.6940946
0.4018032,0.02400334,0.3841054
0.2172912,0.22685,0
26
1.352485,0.2505198,1.101834
27
1.073979,0.05982594,1.008481
0.5072593,0.02425828,0.4898532
0.4475753,0.01800964,0.4238288
0.3817369,0.02401047,0.3642839
0.2143687,0.02453599,0.197074
0.1731136,0.1911472,0
28
NaN
29
1.252185,0.2082948,1.043576
30
0.2574589,0.2745935,0
31
1.357624,0.04183146,1.315816
1.148936,0.01795662,1.125036
32
1.240359,0.1670266,1.073184
33
1.206585,0.4419764,0.7711519
0.5800026,0.5850717,0
34
1.363645,0.08353157,1.280234
0.09287123,0.1013569,0
35
1.366553,0.3162953,1.056287
36
1.297185,0.2267275,1.063876
0.2710443,0.2926147,0
37
1.346915,0.1493364,1.203536
0.2428642,0.01809964,0.2190988
0.1596525,0.1670209,0
38
NaN
