=== CASE 0005.txt ===
DBG hdr N=10 M=5 T=100 U=4 VMAX=1648 TIME_LIMIT=1.94 MAX_CAND=20 UCB_C=0.21
DBG t=0 used=0.024 remain=1.94 turn_time=0.0238717 end_in=0.0238717 cand_pre=3 cand_cap=20 cand=3->3 pre=3 pick(must/bucket/top/rand)=1/2/0/0 depth0=7 depth=6 dlog=1 dper=0 sims=4607 loop=4604 gen_time=0 eval_time=0.024 best_avg=-1.05005 best_move=1,9 leader=4 inc2=1 attack_w=0.85
DBG t=12 used=0.023 remain=1.661 turn_time=0.0221215 end_in=0.0221215 cand_pre=12 cand_cap=20 cand=12->12 pre=12 pick(must/bucket/top/rand)=1/5/6/0 depth0=7 depth=4 dlog=3 dper=0 sims=5568 loop=5556 gen_time=0 eval_time=0.023 best_avg=-0.725296 best_move=5,8 leader=4 inc2=1 attack_w=0.2
DBG t=24 used=0.022 remain=1.393 turn_time=0.0214815 end_in=0.0214815 cand_pre=12 cand_cap=20 cand=12->12 pre=12 pick(must/bucket/top/rand)=1/4/7/0 depth0=7 depth=4 dlog=3 dper=0 sims=4600 loop=4588 gen_time=0 eval_time=0.022 best_avg=-0.958331 best_move=2,9 leader=4 inc2=0 attack_w=0.608327
DBG t=37 used=0.02 remain=1.117 turn_time=0.0196273 end_in=0.0196273 cand_pre=22 cand_cap=20 cand=22->20 pre=22 pick(must/bucket/top/rand)=1/4/11/4 depth0=10 depth=6 dlog=4 dper=0 sims=2504 loop=2484 gen_time=0 eval_time=0.02 best_avg=-1.02118 best_move=8,7 leader=4 inc2=0 attack_w=0.670421
DBG t=49 used=0.019 remain=0.881 turn_time=0.0183369 end_in=0.0183369 cand_pre=29 cand_cap=20 cand=29->20 pre=29 pick(must/bucket/top/rand)=1/4/11/4 depth0=10 depth=5 dlog=4 dper=1 sims=2868 loop=2848 gen_time=0 eval_time=0.019 best_avg=-0.955025 best_move=3,9 leader=4 inc2=0 attack_w=0.764093
DBG t=61 used=0.018 remain=0.661 turn_time=0.0174402 end_in=0.0174402 cand_pre=34 cand_cap=20 cand=34->20 pre=34 pick(must/bucket/top/rand)=1/4/11/4 depth0=10 depth=4 dlog=4 dper=2 sims=2804 loop=2784 gen_time=0 eval_time=0.018 best_avg=-0.955728 best_move=5,6 leader=4 inc2=0 attack_w=0.653207
DBG t=74 used=0.017 remain=0.427 turn_time=0.0167926 end_in=0.0167926 cand_pre=35 cand_cap=20 cand=35->20 pre=35 pick(must/bucket/top/rand)=1/4/11/4 depth0=11 depth=5 dlog=4 dper=2 sims=2116 loop=2096 gen_time=0 eval_time=0.017 best_avg=-0.882442 best_move=5,6 leader=4 inc2=0 attack_w=0.455103
DBG t=86 used=0.017 remain=0.223 turn_time=0.0161834 end_in=0.0161834 cand_pre=36 cand_cap=20 cand=36->20 pre=36 pick(must/bucket/top/rand)=1/4/11/4 depth0=11 depth=4 dlog=5 dper=2 sims=2500 loop=2480 gen_time=0 eval_time=0.017 best_avg=-0.860974 best_move=7,7 leader=4 inc2=0 attack_w=0.399494
DBG depth_guard t=99 remain=0.014 cand_pre=39 depth0=0 depth=0
DBG t=99 used=0.009 remain=0.014 turn_time=0.0084 end_in=0.0084 cand_pre=39 cand_cap=14 cand=39->14 pre=39 pick(must/bucket/top/rand)=1/4/6/3 depth0=0 depth=0 dlog=5 dper=5 sims=10462 loop=10448 gen_time=0 eval_time=0.009 best_avg=-0.871451 best_move=5,6 leader=4 inc2=0 attack_w=0.36091
DBG summary depth_guard_fired=1
Score = 99403
=== CASE 0003.txt ===
DBG hdr N=10 M=4 T=100 U=5 VMAX=1503 TIME_LIMIT=1.94 MAX_CAND=20 UCB_C=0.21
DBG t=0 used=0.024 remain=1.94 turn_time=0.0236195 end_in=0.0236195 cand_pre=5 cand_cap=20 cand=5->5 pre=5 pick(must/bucket/top/rand)=1/2/2/0 depth0=7 depth=5 dlog=2 dper=0 sims=7449 loop=7444 gen_time=0 eval_time=0.024 best_avg=-1.05292 best_move=7,4 leader=1 inc2=0 attack_w=0.13
DBG t=12 used=0.023 remain=1.659 turn_time=0.0222174 end_in=0.0222174 cand_pre=11 cand_cap=20 cand=11->11 pre=11 pick(must/bucket/top/rand)=1/3/7/0 depth0=7 depth=4 dlog=3 dper=0 sims=7135 loop=7124 gen_time=0 eval_time=0.023 best_avg=-1.00037 best_move=7,5 leader=1 inc2=0 attack_w=0.238975
DBG t=24 used=0.023 remain=1.395 turn_time=0.0224668 end_in=0.0224668 cand_pre=4 cand_cap=20 cand=4->4 pre=4 pick(must/bucket/top/rand)=1/2/1/0 depth0=7 depth=6 dlog=1 dper=0 sims=4592 loop=4588 gen_time=0 eval_time=0.023 best_avg=-0.817687 best_move=5,8 leader=1 inc2=0 attack_w=0.2
DBG t=37 used=0.02 remain=1.124 turn_time=0.0190545 end_in=0.0190545 cand_pre=28 cand_cap=20 cand=28->20 pre=28 pick(must/bucket/top/rand)=1/5/10/4 depth0=10 depth=5 dlog=4 dper=1 sims=3352 loop=3332 gen_time=0 eval_time=0.02 best_avg=-0.735466 best_move=5,8 leader=1 inc2=1 attack_w=0.2
DBG t=49 used=0.019 remain=0.893 turn_time=0.0181314 end_in=0.0181314 cand_pre=33 cand_cap=20 cand=33->20 pre=33 pick(must/bucket/top/rand)=1/7/8/4 depth0=10 depth=4 dlog=4 dper=2 sims=3692 loop=3672 gen_time=0 eval_time=0.019 best_avg=-0.680722 best_move=4,8 leader=1 inc2=1 attack_w=0.2
DBG t=61 used=0.021 remain=0.663 turn_time=0.020808 end_in=0.020808 cand_pre=4 cand_cap=20 cand=4->4 pre=4 pick(must/bucket/top/rand)=1/2/1/0 depth0=10 depth=9 dlog=1 dper=0 sims=1840 loop=1836 gen_time=0 eval_time=0.021 best_avg=-0.680538 best_move=2,9 leader=3 inc2=1 attack_w=0.2
DBG t=74 used=0.017 remain=0.426 turn_time=0.0163273 end_in=0.0163273 cand_pre=39 cand_cap=20 cand=39->20 pre=39 pick(must/bucket/top/rand)=1/6/9/4 depth0=11 depth=4 dlog=5 dper=2 sims=3012 loop=2992 gen_time=0 eval_time=0.017 best_avg=-0.659914 best_move=2,8 leader=3 inc2=1 attack_w=0.2
DBG t=86 used=0.016 remain=0.224 turn_time=0.015944 end_in=0.015944 cand_pre=39 cand_cap=20 cand=39->20 pre=39 pick(must/bucket/top/rand)=1/6/9/4 depth0=11 depth=4 dlog=5 dper=2 sims=2584 loop=2564 gen_time=0 eval_time=0.016 best_avg=-0.621235 best_move=3,7 leader=1 inc2=1 attack_w=0.2
DBG depth_guard t=99 remain=0.015 cand_pre=38 depth0=0 depth=0
DBG t=99 used=0.01 remain=0.015 turn_time=0.009 end_in=0.009 cand_pre=38 cand_cap=14 cand=38->14 pre=38 pick(must/bucket/top/rand)=1/6/4/3 depth0=0 depth=0 dlog=5 dper=4 sims=14298 loop=14284 gen_time=0 eval_time=0.01 best_avg=-0.464388 best_move=1,8 leader=1 inc2=1 attack_w=0.2
DBG summary depth_guard_fired=1
Score = 150100
=== CASE 0000.txt ===
DBG hdr N=10 M=4 T=100 U=2 VMAX=1656 TIME_LIMIT=1.94 MAX_CAND=20 UCB_C=0.21
DBG t=0 used=0.024 remain=1.94 turn_time=0.0236195 end_in=0.0236195 cand_pre=5 cand_cap=20 cand=5->5 pre=5 pick(must/bucket/top/rand)=1/2/2/0 depth0=7 depth=5 dlog=2 dper=0 sims=7117 loop=7112 gen_time=0 eval_time=0.024 best_avg=-1.13345 best_move=8,3 leader=1 inc2=1 attack_w=0.838007
DBG t=12 used=0.022 remain=1.664 turn_time=0.021424 end_in=0.021424 cand_pre=18 cand_cap=20 cand=18->18 pre=18 pick(must/bucket/top/rand)=1/6/9/2 depth0=7 depth=3 dlog=4 dper=0 sims=6798 loop=6780 gen_time=0 eval_time=0.022 best_avg=-1.2046 best_move=8,4 leader=3 inc2=1 attack_w=0.374141
DBG t=24 used=0.02 remain=1.408 turn_time=0.0197861 end_in=0.0197861 cand_pre=28 cand_cap=20 cand=28->20 pre=28 pick(must/bucket/top/rand)=1/6/9/4 depth0=7 depth=2 dlog=4 dper=1 sims=6584 loop=6564 gen_time=0 eval_time=0.02 best_avg=-1.31116 best_move=3,1 leader=3 inc2=1 attack_w=0.85
DBG t=37 used=0.021 remain=1.132 turn_time=0.020942 end_in=0.020942 cand_pre=13 cand_cap=20 cand=13->13 pre=13 pick(must/bucket/top/rand)=1/7/5/0 depth0=10 depth=7 dlog=3 dper=0 sims=2053 loop=2040 gen_time=0 eval_time=0.021 best_avg=-1.38452 best_move=3,1 leader=1 inc2=1 attack_w=0.85
DBG t=49 used=0.02 remain=0.881 turn_time=0.0196843 end_in=0.0196843 cand_pre=17 cand_cap=20 cand=17->17 pre=17 pick(must/bucket/top/rand)=1/3/12/1 depth0=10 depth=7 dlog=3 dper=0 sims=2021 loop=2004 gen_time=0 eval_time=0.02 best_avg=-1.22638 best_move=6,1 leader=1 inc2=1 attack_w=0.768324
DBG t=61 used=0.019 remain=0.646 turn_time=0.0186595 end_in=0.0186595 cand_pre=19 cand_cap=20 cand=19->19 pre=19 pick(must/bucket/top/rand)=1/5/10/3 depth0=10 depth=6 dlog=4 dper=0 sims=1939 loop=1920 gen_time=0 eval_time=0.019 best_avg=-1.12705 best_move=1,1 leader=1 inc2=1 attack_w=0.433323
DBG t=74 used=0.018 remain=0.405 turn_time=0.0170412 end_in=0.0170412 cand_pre=24 cand_cap=20 cand=24->20 pre=24 pick(must/bucket/top/rand)=1/5/10/4 depth0=11 depth=6 dlog=4 dper=1 sims=1868 loop=1848 gen_time=0 eval_time=0.018 best_avg=-1.07113 best_move=2,2 leader=3 inc2=1 attack_w=0.2
DBG t=86 used=0.016 remain=0.202 turn_time=0.0155973 end_in=0.0155973 cand_pre=26 cand_cap=20 cand=26->20 pre=26 pick(must/bucket/top/rand)=1/4/11/4 depth0=11 depth=6 dlog=4 dper=1 sims=1520 loop=1500 gen_time=0 eval_time=0.016 best_avg=-0.962612 best_move=6,1 leader=1 inc2=1 attack_w=0.2
DBG depth_guard t=99 remain=0.01 cand_pre=28 depth0=0 depth=0
DBG t=99 used=0.007 remain=0.01 turn_time=0.006 end_in=0.006 cand_pre=28 cand_cap=12 cand=28->12 pre=28 pick(must/bucket/top/rand)=1/5/4/2 depth0=0 depth=0 dlog=4 dper=5 sims=8116 loop=8104 gen_time=0 eval_time=0.007 best_avg=-0.996032 best_move=6,2 leader=1 inc2=1 attack_w=0.206432
DBG summary depth_guard_fired=1
Score = 106372
=== CASE 0002.txt ===
DBG hdr N=10 M=5 T=100 U=5 VMAX=1973 TIME_LIMIT=1.94 MAX_CAND=20 UCB_C=0.21
DBG t=0 used=0.024 remain=1.94 turn_time=0.0237456 end_in=0.0237456 cand_pre=4 cand_cap=20 cand=4->4 pre=4 pick(must/bucket/top/rand)=1/2/1/0 depth0=7 depth=6 dlog=1 dper=0 sims=5080 loop=5076 gen_time=0 eval_time=0.024 best_avg=-1.18654 best_move=2,2 leader=2 inc2=1 attack_w=0.85
DBG t=12 used=0.023 remain=1.66 turn_time=0.0227212 end_in=0.0227213 cand_pre=7 cand_cap=20 cand=7->7 pre=7 pick(must/bucket/top/rand)=1/4/2/0 depth0=7 depth=5 dlog=2 dper=0 sims=4727 loop=4720 gen_time=0 eval_time=0.023 best_avg=-1.28643 best_move=4,1 leader=3 inc2=1 attack_w=0.85
DBG t=24 used=0.022 remain=1.391 turn_time=0.0213317 end_in=0.0213317 cand_pre=13 cand_cap=20 cand=13->13 pre=13 pick(must/bucket/top/rand)=1/3/9/0 depth0=7 depth=4 dlog=3 dper=0 sims=4669 loop=4656 gen_time=0 eval_time=0.022 best_avg=-1.13745 best_move=5,2 leader=3 inc2=1 attack_w=0.85
DBG t=37 used=0.02 remain=1.12 turn_time=0.01968 end_in=0.01968 cand_pre=22 cand_cap=20 cand=22->20 pre=22 pick(must/bucket/top/rand)=1/6/9/4 depth0=10 depth=6 dlog=4 dper=0 sims=2352 loop=2332 gen_time=0 eval_time=0.02 best_avg=-0.86663 best_move=5,3 leader=4 inc2=1 attack_w=0.604609
DBG t=49 used=0.019 remain=0.883 turn_time=0.0181534 end_in=0.0181534 cand_pre=31 cand_cap=20 cand=31->20 pre=31 pick(must/bucket/top/rand)=1/8/7/4 depth0=10 depth=5 dlog=4 dper=1 sims=3088 loop=3068 gen_time=0 eval_time=0.019 best_avg=-0.844146 best_move=6,5 leader=2 inc2=1 attack_w=0.338993
DBG t=61 used=0.018 remain=0.66 turn_time=0.0173038 end_in=0.0173038 cand_pre=35 cand_cap=20 cand=35->20 pre=35 pick(must/bucket/top/rand)=1/6/9/4 depth0=10 depth=4 dlog=4 dper=2 sims=3228 loop=3208 gen_time=0 eval_time=0.018 best_avg=-0.689984 best_move=4,3 leader=2 inc2=0 attack_w=0.2
DBG t=74 used=0.018 remain=0.425 turn_time=0.0175639 end_in=0.0175639 cand_pre=27 cand_cap=20 cand=27->20 pre=27 pick(must/bucket/top/rand)=1/6/9/4 depth0=11 depth=6 dlog=4 dper=1 sims=2156 loop=2136 gen_time=0 eval_time=0.018 best_avg=-0.628301 best_move=4,3 leader=2 inc2=0 attack_w=0.2
DBG t=86 used=0.017 remain=0.214 turn_time=0.0164245 end_in=0.0164245 cand_pre=27 cand_cap=20 cand=27->20 pre=27 pick(must/bucket/top/rand)=1/6/9/4 depth0=11 depth=6 dlog=4 dper=1 sims=1940 loop=1920 gen_time=0 eval_time=0.017 best_avg=-0.605198 best_move=4,2 leader=2 inc2=0 attack_w=0.2
DBG depth_guard t=99 remain=0.011 cand_pre=27 depth0=0 depth=0
DBG t=99 used=0.007 remain=0.011 turn_time=0.0066 end_in=0.0066 cand_pre=27 cand_cap=12 cand=27->12 pre=27 pick(must/bucket/top/rand)=1/6/3/2 depth0=0 depth=0 dlog=4 dper=4 sims=7620 loop=7608 gen_time=0 eval_time=0.007 best_avg=-0.587716 best_move=7,0 leader=2 inc2=0 attack_w=0.2
DBG summary depth_guard_fired=1
Score = 117614
=== CASE 0004.txt ===
DBG hdr N=10 M=7 T=100 U=2 VMAX=2345 TIME_LIMIT=1.94 MAX_CAND=20 UCB_C=0.21
DBG t=0 used=0.024 remain=1.94 turn_time=0.0236195 end_in=0.0236195 cand_pre=5 cand_cap=20 cand=5->5 pre=5 pick(must/bucket/top/rand)=1/2/2/0 depth0=7 depth=5 dlog=2 dper=0 sims=4305 loop=4300 gen_time=0 eval_time=0.024 best_avg=-0.393355 best_move=6,6 leader=3 inc2=1 attack_w=0.154583
DBG t=12 used=0.023 remain=1.662 turn_time=0.0228714 end_in=0.0228714 cand_pre=6 cand_cap=20 cand=6->6 pre=6 pick(must/bucket/top/rand)=1/5/0/0 depth0=7 depth=5 dlog=2 dper=0 sims=2730 loop=2724 gen_time=0 eval_time=0.023 best_avg=-0.788318 best_move=8,3 leader=3 inc2=1 attack_w=0.474821
DBG t=24 used=0.022 remain=1.386 turn_time=0.0219663 end_in=0.0219663 cand_pre=7 cand_cap=20 cand=7->7 pre=7 pick(must/bucket/top/rand)=1/5/1/0 depth0=7 depth=5 dlog=2 dper=0 sims=2939 loop=2932 gen_time=0 eval_time=0.022 best_avg=-1.01477 best_move=7,1 leader=5 inc2=1 attack_w=0.85
DBG t=37 used=0.021 remain=1.102 turn_time=0.0205007 end_in=0.0205007 cand_pre=12 cand_cap=20 cand=12->12 pre=12 pick(must/bucket/top/rand)=1/5/6/0 depth0=10 depth=7 dlog=3 dper=0 sims=1808 loop=1796 gen_time=0 eval_time=0.021 best_avg=-0.493379 best_move=9,3 leader=1 inc2=1 attack_w=0.85
DBG t=49 used=0.019 remain=0.862 turn_time=0.0187105 end_in=0.0187105 cand_pre=22 cand_cap=20 cand=22->20 pre=22 pick(must/bucket/top/rand)=1/7/8/4 depth0=10 depth=6 dlog=4 dper=0 sims=1756 loop=1736 gen_time=0 eval_time=0.019 best_avg=-0.183423 best_move=7,1 leader=4 inc2=1 attack_w=0.2
DBG t=61 used=0.018 remain=0.631 turn_time=0.0178055 end_in=0.0178055 cand_pre=23 cand_cap=20 cand=23->20 pre=23 pick(must/bucket/top/rand)=1/6/9/4 depth0=10 depth=6 dlog=4 dper=0 sims=1804 loop=1784 gen_time=0 eval_time=0.018 best_avg=-0.240906 best_move=6,5 leader=1 inc2=1 attack_w=0.2
DBG t=74 used=0.017 remain=0.389 turn_time=0.0167569 end_in=0.0167569 cand_pre=20 cand_cap=20 cand=20->20 pre=20 pick(must/bucket/top/rand)=1/8/7/4 depth0=11 depth=7 dlog=4 dper=0 sims=1816 loop=1796 gen_time=0 eval_time=0.017 best_avg=-0.306904 best_move=6,5 leader=1 inc2=1 attack_w=0.2
DBG t=86 used=0.015 remain=0.191 turn_time=0.0148366 end_in=0.0148366 cand_pre=25 cand_cap=20 cand=25->20 pre=25 pick(must/bucket/top/rand)=1/8/7/4 depth0=11 depth=6 dlog=4 dper=1 sims=1996 loop=1976 gen_time=0 eval_time=0.015 best_avg=-0.0340832 best_move=6,4 leader=1 inc2=1 attack_w=0.2
DBG depth_guard t=99 remain=0.009 cand_pre=24 depth0=0 depth=0
DBG t=99 used=0.006 remain=0.009 turn_time=0.0054 end_in=0.0054 cand_pre=24 cand_cap=12 cand=24->12 pre=24 pick(must/bucket/top/rand)=1/7/2/2 depth0=0 depth=0 dlog=4 dper=4 sims=9444 loop=9432 gen_time=0 eval_time=0.006 best_avg=-0.112971 best_move=6,4 leader=4 inc2=1 attack_w=0.2
DBG summary depth_guard_fired=1
Score = 135108
=== CASE 0001.txt ===
DBG hdr N=10 M=5 T=100 U=4 VMAX=1609 TIME_LIMIT=1.94 MAX_CAND=20 UCB_C=0.21
DBG t=0 used=0.024 remain=1.94 turn_time=0.0236195 end_in=0.0236195 cand_pre=5 cand_cap=20 cand=5->5 pre=5 pick(must/bucket/top/rand)=1/2/2/0 depth0=7 depth=5 dlog=2 dper=0 sims=6037 loop=6032 gen_time=0 eval_time=0.024 best_avg=-0.651042 best_move=3,3 leader=4 inc2=1 attack_w=0.13
DBG t=12 used=0.022 remain=1.663 turn_time=0.0219025 end_in=0.0219025 cand_pre=14 cand_cap=20 cand=14->14 pre=14 pick(must/bucket/top/rand)=1/6/7/0 depth0=7 depth=4 dlog=3 dper=0 sims=5150 loop=5136 gen_time=0 eval_time=0.022 best_avg=-0.620042 best_move=7,2 leader=4 inc2=1 attack_w=0.2
DBG t=24 used=0.021 remain=1.406 turn_time=0.0203592 end_in=0.0203593 cand_pre=23 cand_cap=20 cand=23->20 pre=23 pick(must/bucket/top/rand)=1/8/7/4 depth0=7 depth=3 dlog=4 dper=0 sims=5516 loop=5496 gen_time=0 eval_time=0.021 best_avg=-0.453335 best_move=3,2 leader=3 inc2=1 attack_w=0.2
DBG t=37 used=0.02 remain=1.135 turn_time=0.0194752 end_in=0.0194752 cand_pre=26 cand_cap=20 cand=26->20 pre=26 pick(must/bucket/top/rand)=1/8/7/4 depth0=10 depth=5 dlog=4 dper=1 sims=3136 loop=3116 gen_time=0 eval_time=0.02 best_avg=-0.372237 best_move=5,4 leader=3 inc2=1 attack_w=0.2
DBG t=49 used=0.019 remain=0.895 turn_time=0.0188564 end_in=0.0188564 cand_pre=27 cand_cap=20 cand=27->20 pre=27 pick(must/bucket/top/rand)=1/8/7/4 depth0=10 depth=5 dlog=4 dper=1 sims=2500 loop=2480 gen_time=0 eval_time=0.019 best_avg=-0.467566 best_move=3,2 leader=3 inc2=1 attack_w=0.2
DBG t=61 used=0.02 remain=0.661 turn_time=0.0197537 end_in=0.0197537 cand_pre=13 cand_cap=20 cand=13->13 pre=13 pick(must/bucket/top/rand)=1/5/7/0 depth0=10 depth=7 dlog=3 dper=0 sims=2629 loop=2616 gen_time=0 eval_time=0.02 best_avg=-0.822464 best_move=5,1 leader=3 inc2=1 attack_w=0.2
DBG t=74 used=0.018 remain=0.404 turn_time=0.0177061 end_in=0.0177061 cand_pre=17 cand_cap=20 cand=17->17 pre=17 pick(must/bucket/top/rand)=1/4/11/1 depth0=11 depth=8 dlog=3 dper=0 sims=1861 loop=1844 gen_time=0 eval_time=0.018 best_avg=-1.00066 best_move=5,3 leader=1 inc2=1 attack_w=0.435826
DBG t=86 used=0.016 remain=0.196 turn_time=0.015862 end_in=0.015862 cand_pre=18 cand_cap=20 cand=18->18 pre=18 pick(must/bucket/top/rand)=1/5/10/2 depth0=11 depth=6 dlog=4 dper=0 sims=1886 loop=1868 gen_time=0 eval_time=0.016 best_avg=-1.04122 best_move=5,3 leader=1 inc2=1 attack_w=0.798842
DBG depth_guard t=99 remain=0.008 cand_pre=20 depth0=0 depth=0
DBG t=99 used=0.005 remain=0.008 turn_time=0.0048 end_in=0.0048 cand_pre=20 cand_cap=12 cand=20->12 pre=20 pick(must/bucket/top/rand)=1/4/5/2 depth0=0 depth=0 dlog=4 dper=4 sims=6072 loop=6060 gen_time=0 eval_time=0.005 best_avg=-1.02101 best_move=5,0 leader=1 inc2=1 attack_w=0.789848
DBG summary depth_guard_fired=1
Score = 87883
=== CASE 0006.txt ===
DBG hdr N=10 M=2 T=100 U=1 VMAX=1434 TIME_LIMIT=1.94 MAX_CAND=20 UCB_C=0.21
DBG t=0 used=0.024 remain=1.94 turn_time=0.0237456 end_in=0.0237456 cand_pre=4 cand_cap=20 cand=4->4 pre=4 pick(must/bucket/top/rand)=1/2/1/0 depth0=7 depth=6 dlog=1 dper=0 sims=8264 loop=8260 gen_time=0 eval_time=0.024 best_avg=-2.74364 best_move=3,0 leader=1 inc2=1 attack_w=0.85
DBG t=12 used=0.02 remain=1.67 turn_time=0.0198977 end_in=0.0198977 cand_pre=31 cand_cap=20 cand=31->20 pre=31 pick(must/bucket/top/rand)=1/3/12/4 depth0=7 depth=2 dlog=4 dper=1 sims=11608 loop=11588 gen_time=0 eval_time=0.02 best_avg=-2.16675 best_move=5,6 leader=1 inc2=1 attack_w=0.2
DBG t=24 used=0.021 remain=1.409 turn_time=0.0206437 end_in=0.0206437 cand_pre=21 cand_cap=20 cand=21->20 pre=21 pick(must/bucket/top/rand)=1/5/10/4 depth0=7 depth=3 dlog=4 dper=0 sims=11488 loop=11468 gen_time=0 eval_time=0.021 best_avg=-2.04519 best_move=1,9 leader=1 inc2=1 attack_w=0.2
DBG t=37 used=0.022 remain=1.148 turn_time=0.0214749 end_in=0.0214749 cand_pre=11 cand_cap=20 cand=11->11 pre=11 pick(must/bucket/top/rand)=1/5/5/0 depth0=10 depth=7 dlog=3 dper=0 sims=4019 loop=4008 gen_time=0 eval_time=0.022 best_avg=-1.73892 best_move=7,7 leader=1 inc2=1 attack_w=0.2
DBG t=49 used=0.015 remain=0.891 turn_time=0.0141162 end_in=0.0141162 cand_pre=68 cand_cap=14 cand=68->14 pre=42 pick(must/bucket/top/rand)=1/6/4/3 depth0=10 depth=0 dlog=5 dper=5 sims=55042 loop=55028 gen_time=0 eval_time=0.015 best_avg=-1.15034 best_move=7,7 leader=1 inc2=1 attack_w=0.2
DBG t=61 used=0.016 remain=0.694 turn_time=0.0159976 end_in=0.0159976 cand_pre=54 cand_cap=20 cand=54->20 pre=54 pick(must/bucket/top/rand)=1/6/9/4 depth0=10 depth=1 dlog=5 dper=4 sims=14412 loop=14392 gen_time=0 eval_time=0.016 best_avg=-0.810539 best_move=4,4 leader=1 inc2=1 attack_w=0.2
DBG t=74 used=0.015 remain=0.503 turn_time=0.0144999 end_in=0.0144999 cand_pre=77 cand_cap=14 cand=77->14 pre=42 pick(must/bucket/top/rand)=1/5/5/3 depth0=11 depth=0 dlog=6 dper=5 sims=54298 loop=54284 gen_time=0 eval_time=0.015 best_avg=-0.311603 best_move=3,7 leader=1 inc2=1 attack_w=0.2
DBG t=86 used=0.016 remain=0.306 turn_time=0.0156716 end_in=0.0156716 cand_pre=82 cand_cap=12 cand=82->12 pre=36 pick(must/bucket/top/rand)=1/5/4/2 depth0=11 depth=0 dlog=6 dper=5 sims=57824 loop=57812 gen_time=0 eval_time=0.016 best_avg=0.187997 best_move=9,3 leader=1 inc2=1 attack_w=0.2
DBG t=99 used=0.025 remain=0.041 turn_time=0.0246 end_in=0.0246 cand_pre=83 cand_cap=12 cand=83->12 pre=36 pick(must/bucket/top/rand)=1/4/5/2 depth0=0 depth=0 dlog=6 dper=4 sims=95160 loop=95148 gen_time=0 eval_time=0.025 best_avg=0.0243583 best_move=8,5 leader=1 inc2=1 attack_w=0.2
DBG summary depth_guard_fired=0
Score = 374534
=== CASE 0008.txt ===
DBG hdr N=10 M=4 T=100 U=2 VMAX=1885 TIME_LIMIT=1.94 MAX_CAND=20 UCB_C=0.21
DBG t=0 used=0.024 remain=1.94 turn_time=0.0236195 end_in=0.0236195 cand_pre=5 cand_cap=20 cand=5->5 pre=5 pick(must/bucket/top/rand)=1/2/2/0 depth0=7 depth=5 dlog=2 dper=0 sims=7033 loop=7028 gen_time=0 eval_time=0.024 best_avg=-1.04695 best_move=8,6 leader=3 inc2=0 attack_w=0.13
DBG t=12 used=0.022 remain=1.667 turn_time=0.0212164 end_in=0.0212164 cand_pre=20 cand_cap=20 cand=20->20 pre=20 pick(must/bucket/top/rand)=1/4/11/4 depth0=7 depth=3 dlog=4 dper=0 sims=5952 loop=5932 gen_time=0 eval_time=0.022 best_avg=-0.85465 best_move=4,9 leader=3 inc2=1 attack_w=0.2
DBG t=24 used=0.021 remain=1.413 turn_time=0.0202189 end_in=0.0202189 cand_pre=25 cand_cap=20 cand=25->20 pre=25 pick(must/bucket/top/rand)=1/6/9/4 depth0=7 depth=3 dlog=4 dper=0 sims=4544 loop=4524 gen_time=0 eval_time=0.021 best_avg=-0.689328 best_move=4,7 leader=3 inc2=1 attack_w=0.2
DBG t=37 used=0.019 remain=1.154 turn_time=0.0186105 end_in=0.0186105 cand_pre=36 cand_cap=20 cand=36->20 pre=36 pick(must/bucket/top/rand)=1/4/11/4 depth0=10 depth=3 dlog=5 dper=2 sims=4080 loop=4060 gen_time=0 eval_time=0.019 best_avg=-0.392984 best_move=4,6 leader=1 inc2=0 attack_w=0.2
DBG t=49 used=0.019 remain=0.915 turn_time=0.0185781 end_in=0.0185781 cand_pre=33 cand_cap=20 cand=33->20 pre=33 pick(must/bucket/top/rand)=1/8/7/4 depth0=10 depth=5 dlog=4 dper=1 sims=2872 loop=2852 gen_time=0 eval_time=0.019 best_avg=-0.443296 best_move=7,7 leader=1 inc2=1 attack_w=0.2
DBG t=61 used=0.018 remain=0.686 turn_time=0.0174138 end_in=0.0174138 cand_pre=40 cand_cap=20 cand=40->20 pre=40 pick(must/bucket/top/rand)=1/5/10/4 depth0=10 depth=3 dlog=5 dper=2 sims=4100 loop=4080 gen_time=0 eval_time=0.018 best_avg=-0.70536 best_move=8,6 leader=1 inc2=1 attack_w=0.2
DBG t=74 used=0.017 remain=0.46 turn_time=0.0169404 end_in=0.0169404 cand_pre=45 cand_cap=20 cand=45->20 pre=45 pick(must/bucket/top/rand)=1/4/11/4 depth0=11 depth=3 dlog=5 dper=3 sims=3868 loop=3848 gen_time=0 eval_time=0.017 best_avg=-1.01448 best_move=7,7 leader=1 inc2=0 attack_w=0.2
DBG t=86 used=0.017 remain=0.253 turn_time=0.0167161 end_in=0.0167161 cand_pre=50 cand_cap=20 cand=50->20 pre=50 pick(must/bucket/top/rand)=1/5/10/4 depth0=11 depth=3 dlog=5 dper=3 sims=3676 loop=3656 gen_time=0 eval_time=0.017 best_avg=-1.09577 best_move=6,7 leader=1 inc2=0 attack_w=0.2
DBG t=99 used=0.014 remain=0.022 turn_time=0.0132 end_in=0.0132 cand_pre=52 cand_cap=16 cand=52->16 pre=48 pick(must/bucket/top/rand)=1/6/5/4 depth0=0 depth=0 dlog=5 dper=4 sims=20540 loop=20524 gen_time=0 eval_time=0.014 best_avg=-1.06144 best_move=4,5 leader=1 inc2=0 attack_w=0.262444
DBG summary depth_guard_fired=0
Score = 101423
=== CASE 0007.txt ===
DBG hdr N=10 M=7 T=100 U=2 VMAX=1467 TIME_LIMIT=1.94 MAX_CAND=20 UCB_C=0.21
DBG t=0 used=0.024 remain=1.94 turn_time=0.0236195 end_in=0.0236195 cand_pre=5 cand_cap=20 cand=5->5 pre=5 pick(must/bucket/top/rand)=1/2/2/0 depth0=7 depth=5 dlog=2 dper=0 sims=4181 loop=4176 gen_time=0 eval_time=0.024 best_avg=-0.817804 best_move=3,4 leader=5 inc2=1 attack_w=0.802551
DBG t=12 used=0.023 remain=1.657 turn_time=0.022925 end_in=0.022925 cand_pre=5 cand_cap=20 cand=5->5 pre=5 pick(must/bucket/top/rand)=1/1/3/0 depth0=7 depth=5 dlog=2 dper=0 sims=3005 loop=3000 gen_time=0 eval_time=0.023 best_avg=-1.18847 best_move=0,3 leader=6 inc2=1 attack_w=0.85
DBG t=24 used=0.021 remain=1.39 turn_time=0.0209597 end_in=0.0209597 cand_pre=16 cand_cap=20 cand=16->16 pre=16 pick(must/bucket/top/rand)=1/3/12/0 depth0=7 depth=4 dlog=3 dper=0 sims=2980 loop=2964 gen_time=0 eval_time=0.021 best_avg=-0.928108 best_move=1,6 leader=6 inc2=1 attack_w=0.85
DBG t=37 used=0.02 remain=1.121 turn_time=0.0191193 end_in=0.0191193 cand_pre=27 cand_cap=20 cand=27->20 pre=27 pick(must/bucket/top/rand)=1/6/9/4 depth0=10 depth=5 dlog=4 dper=1 sims=2308 loop=2288 gen_time=0 eval_time=0.02 best_avg=-0.673715 best_move=0,8 leader=4 inc2=1 attack_w=0.787358
DBG t=49 used=0.019 remain=0.886 turn_time=0.0182151 end_in=0.0182151 cand_pre=31 cand_cap=20 cand=31->20 pre=31 pick(must/bucket/top/rand)=1/7/8/4 depth0=10 depth=5 dlog=4 dper=1 sims=2316 loop=2296 gen_time=0 eval_time=0.019 best_avg=-0.236536 best_move=0,3 leader=6 inc2=1 attack_w=0.2
DBG t=61 used=0.018 remain=0.667 turn_time=0.0171539 end_in=0.0171539 cand_pre=38 cand_cap=20 cand=38->20 pre=38 pick(must/bucket/top/rand)=1/6/9/4 depth0=10 depth=3 dlog=5 dper=2 sims=3668 loop=3648 gen_time=0 eval_time=0.018 best_avg=-0.0307443 best_move=3,5 leader=4 inc2=1 attack_w=0.2
DBG t=74 used=0.017 remain=0.442 turn_time=0.01683 end_in=0.01683 cand_pre=40 cand_cap=20 cand=40->20 pre=40 pick(must/bucket/top/rand)=1/6/9/4 depth0=11 depth=4 dlog=5 dper=2 sims=2344 loop=2324 gen_time=0 eval_time=0.017 best_avg=0.225748 best_move=5,4 leader=4 inc2=1 attack_w=0.2
DBG t=86 used=0.017 remain=0.238 turn_time=0.0164985 end_in=0.0164985 cand_pre=43 cand_cap=20 cand=43->20 pre=43 pick(must/bucket/top/rand)=1/8/7/4 depth0=11 depth=3 dlog=5 dper=3 sims=2912 loop=2892 gen_time=0 eval_time=0.017 best_avg=0.203884 best_move=6,3 leader=6 inc2=1 attack_w=0.2
DBG depth_guard t=99 remain=0.013 cand_pre=29 depth0=0 depth=0
DBG t=99 used=0.008 remain=0.013 turn_time=0.0078 end_in=0.0078 cand_pre=29 cand_cap=12 cand=29->12 pre=29 pick(must/bucket/top/rand)=1/5/4/2 depth0=0 depth=0 dlog=4 dper=4 sims=8336 loop=8324 gen_time=0 eval_time=0.008 best_avg=0.068766 best_move=5,3 leader=6 inc2=1 attack_w=0.2
DBG summary depth_guard_fired=1
Score = 147396
=== CASE 0010.txt ===
DBG hdr N=10 M=3 T=100 U=3 VMAX=1484 TIME_LIMIT=1.94 MAX_CAND=20 UCB_C=0.21
DBG t=0 used=0.024 remain=1.94 turn_time=0.0236195 end_in=0.0236195 cand_pre=5 cand_cap=20 cand=5->5 pre=5 pick(must/bucket/top/rand)=1/2/2/0 depth0=7 depth=5 dlog=2 dper=0 sims=8261 loop=8256 gen_time=0 eval_time=0.024 best_avg=-1.4995 best_move=3,6 leader=1 inc2=1 attack_w=0.85
DBG t=12 used=0.021 remain=1.668 turn_time=0.0208595 end_in=0.0208595 cand_pre=23 cand_cap=20 cand=23->20 pre=23 pick(must/bucket/top/rand)=1/7/8/4 depth0=7 depth=3 dlog=4 dper=0 sims=7392 loop=7372 gen_time=0 eval_time=0.021 best_avg=-1.40044 best_move=3,8 leader=1 inc2=1 attack_w=0.264924
DBG t=24 used=0.02 remain=1.417 turn_time=0.0194278 end_in=0.0194278 cand_pre=32 cand_cap=20 cand=32->20 pre=32 pick(must/bucket/top/rand)=1/8/7/4 depth0=7 depth=2 dlog=4 dper=1 sims=8584 loop=8564 gen_time=0 eval_time=0.02 best_avg=-1.4263 best_move=5,3 leader=2 inc2=1 attack_w=0.2
DBG t=37 used=0.019 remain=1.166 turn_time=0.0186838 end_in=0.0186838 cand_pre=37 cand_cap=20 cand=37->20 pre=37 pick(must/bucket/top/rand)=1/8/7/4 depth0=10 depth=3 dlog=5 dper=2 sims=5000 loop=4980 gen_time=0 eval_time=0.019 best_avg=-1.40483 best_move=4,7 leader=1 inc2=1 attack_w=0.2
DBG t=49 used=0.018 remain=0.945 turn_time=0.0177419 end_in=0.0177419 cand_pre=45 cand_cap=20 cand=45->20 pre=45 pick(must/bucket/top/rand)=1/8/7/4 depth0=10 depth=2 dlog=5 dper=3 sims=7340 loop=7320 gen_time=0 eval_time=0.018 best_avg=-1.32091 best_move=6,6 leader=1 inc2=1 attack_w=0.2
DBG t=61 used=0.017 remain=0.732 turn_time=0.0168735 end_in=0.0168735 cand_pre=54 cand_cap=20 cand=54->20 pre=54 pick(must/bucket/top/rand)=1/8/7/4 depth0=10 depth=2 dlog=5 dper=3 sims=5528 loop=5508 gen_time=0 eval_time=0.017 best_avg=-1.28744 best_move=5,0 leader=2 inc2=1 attack_w=0.2
DBG t=74 used=0.017 remain=0.511 turn_time=0.0167746 end_in=0.0167746 cand_pre=61 cand_cap=14 cand=61->14 pre=42 pick(must/bucket/top/rand)=1/8/2/3 depth0=11 depth=2 dlog=5 dper=4 sims=5026 loop=5012 gen_time=0 eval_time=0.017 best_avg=-1.27342 best_move=4,3 leader=2 inc2=1 attack_w=0.2
DBG t=86 used=0.018 remain=0.294 turn_time=0.0173775 end_in=0.0173775 cand_pre=65 cand_cap=14 cand=65->14 pre=42 pick(must/bucket/top/rand)=1/8/2/3 depth0=11 depth=2 dlog=5 dper=4 sims=6578 loop=6564 gen_time=0 eval_time=0.018 best_avg=-1.11491 best_move=8,6 leader=1 inc2=1 attack_w=0.2
DBG depth_guard t=99 remain=0.015 cand_pre=18 depth0=0 depth=0
DBG t=99 used=0.01 remain=0.015 turn_time=0.009 end_in=0.009 cand_pre=18 cand_cap=14 cand=18->14 pre=18 pick(must/bucket/top/rand)=1/7/3/3 depth0=0 depth=0 dlog=4 dper=2 sims=20954 loop=20940 gen_time=0 eval_time=0.01 best_avg=-1.03144 best_move=7,1 leader=1 inc2=1 attack_w=0.2
DBG summary depth_guard_fired=1
Score = 142795
=== CASE 0009.txt ===
DBG hdr N=10 M=8 T=100 U=5 VMAX=1485 TIME_LIMIT=1.94 MAX_CAND=20 UCB_C=0.21
DBG t=0 used=0.024 remain=1.94 turn_time=0.0237456 end_in=0.0237456 cand_pre=4 cand_cap=20 cand=4->4 pre=4 pick(must/bucket/top/rand)=1/2/1/0 depth0=7 depth=6 dlog=1 dper=0 sims=3360 loop=3356 gen_time=0 eval_time=0.024 best_avg=-0.47585 best_move=9,5 leader=7 inc2=1 attack_w=0.752108
DBG t=12 used=0.022 remain=1.661 turn_time=0.0212627 end_in=0.0212627 cand_pre=19 cand_cap=20 cand=19->19 pre=19 pick(must/bucket/top/rand)=1/5/10/3 depth0=7 depth=3 dlog=4 dper=0 sims=4139 loop=4120 gen_time=0 eval_time=0.022 best_avg=-0.213765 best_move=9,3 leader=1 inc2=1 attack_w=0.2
DBG t=24 used=0.021 remain=1.402 turn_time=0.0203013 end_in=0.0203013 cand_pre=23 cand_cap=20 cand=23->20 pre=23 pick(must/bucket/top/rand)=1/5/10/4 depth0=7 depth=3 dlog=4 dper=0 sims=3800 loop=3780 gen_time=0 eval_time=0.021 best_avg=0.0861684 best_move=5,0 leader=4 inc2=1 attack_w=0.2
DBG t=37 used=0.02 remain=1.137 turn_time=0.0193922 end_in=0.0193922 cand_pre=27 cand_cap=20 cand=27->20 pre=27 pick(must/bucket/top/rand)=1/6/9/4 depth0=10 depth=5 dlog=4 dper=1 sims=1656 loop=1636 gen_time=0 eval_time=0.02 best_avg=0.0205537 best_move=3,0 leader=4 inc2=1 attack_w=0.2
DBG t=49 used=0.019 remain=0.903 turn_time=0.0187948 end_in=0.0187948 cand_pre=29 cand_cap=20 cand=29->20 pre=29 pick(must/bucket/top/rand)=1/8/7/4 depth0=10 depth=5 dlog=4 dper=1 sims=1840 loop=1820 gen_time=0 eval_time=0.019 best_avg=0.151922 best_move=9,5 leader=2 inc2=1 attack_w=0.2
DBG t=61 used=0.018 remain=0.677 turn_time=0.0175239 end_in=0.0175239 cand_pre=37 cand_cap=20 cand=37->20 pre=37 pick(must/bucket/top/rand)=1/7/8/4 depth0=10 depth=3 dlog=5 dper=2 sims=2996 loop=2976 gen_time=0 eval_time=0.018 best_avg=0.230692 best_move=7,1 leader=4 inc2=1 attack_w=0.2
DBG t=74 used=0.018 remain=0.443 turn_time=0.0175326 end_in=0.0175326 cand_pre=34 cand_cap=20 cand=34->20 pre=34 pick(must/bucket/top/rand)=1/6/9/4 depth0=11 depth=5 dlog=4 dper=2 sims=1948 loop=1928 gen_time=0 eval_time=0.018 best_avg=0.293104 best_move=5,2 leader=2 inc2=1 attack_w=0.2
DBG t=86 used=0.017 remain=0.234 turn_time=0.0164385 end_in=0.0164385 cand_pre=41 cand_cap=20 cand=41->20 pre=41 pick(must/bucket/top/rand)=1/6/9/4 depth0=11 depth=4 dlog=5 dper=2 sims=2108 loop=2088 gen_time=0 eval_time=0.017 best_avg=0.386517 best_move=8,3 leader=2 inc2=1 attack_w=0.2
DBG depth_guard t=99 remain=0.01 cand_pre=39 depth0=0 depth=0
DBG t=99 used=0.007 remain=0.01 turn_time=0.006 end_in=0.006 cand_pre=39 cand_cap=12 cand=39->12 pre=36 pick(must/bucket/top/rand)=1/7/2/2 depth0=0 depth=0 dlog=5 dper=5 sims=6936 loop=6924 gen_time=0 eval_time=0.007 best_avg=0.451416 best_move=8,3 leader=5 inc2=1 attack_w=0.2
DBG summary depth_guard_fired=1
Score = 177129
=== CASE 0011.txt ===
DBG hdr N=10 M=4 T=100 U=3 VMAX=1057 TIME_LIMIT=1.94 MAX_CAND=20 UCB_C=0.21
DBG t=0 used=0.024 remain=1.94 turn_time=0.0237456 end_in=0.0237456 cand_pre=4 cand_cap=20 cand=4->4 pre=4 pick(must/bucket/top/rand)=1/2/1/0 depth0=7 depth=6 dlog=1 dper=0 sims=5044 loop=5040 gen_time=0 eval_time=0.024 best_avg=-0.920476 best_move=1,0 leader=1 inc2=1 attack_w=0.16653
DBG t=12 used=0.022 remain=1.66 turn_time=0.0219856 end_in=0.0219856 cand_pre=13 cand_cap=20 cand=13->13 pre=13 pick(must/bucket/top/rand)=1/2/10/0 depth0=7 depth=4 dlog=3 dper=0 sims=4777 loop=4764 gen_time=0 eval_time=0.022 best_avg=-0.975805 best_move=3,0 leader=2 inc2=1 attack_w=0.307194
DBG t=24 used=0.02 remain=1.404 turn_time=0.0196098 end_in=0.0196098 cand_pre=29 cand_cap=20 cand=29->20 pre=29 pick(must/bucket/top/rand)=1/8/7/4 depth0=7 depth=2 dlog=4 dper=1 sims=7296 loop=7276 gen_time=0 eval_time=0.02 best_avg=-0.808967 best_move=1,6 leader=2 inc2=1 attack_w=0.2
DBG t=37 used=0.021 remain=1.145 turn_time=0.0208281 end_in=0.0208281 cand_pre=16 cand_cap=20 cand=16->16 pre=16 pick(must/bucket/top/rand)=1/8/7/0 depth0=10 depth=7 dlog=3 dper=0 sims=2200 loop=2184 gen_time=0 eval_time=0.021 best_avg=-0.609279 best_move=4,6 leader=2 inc2=1 attack_w=0.2
DBG t=49 used=0.02 remain=0.891 turn_time=0.0192264 end_in=0.0192264 cand_pre=23 cand_cap=20 cand=23->20 pre=23 pick(must/bucket/top/rand)=1/8/7/4 depth0=10 depth=6 dlog=4 dper=0 sims=2852 loop=2832 gen_time=0 eval_time=0.02 best_avg=-0.396811 best_move=8,7 leader=2 inc2=1 attack_w=0.2
DBG t=61 used=0.02 remain=0.641 turn_time=0.019797 end_in=0.019797 cand_pre=7 cand_cap=20 cand=7->7 pre=7 pick(must/bucket/top/rand)=1/4/2/0 depth0=10 depth=8 dlog=2 dper=0 sims=2239 loop=2232 gen_time=0 eval_time=0.02 best_avg=-0.589288 best_move=7,8 leader=1 inc2=1 attack_w=0.2
DBG t=74 used=0.018 remain=0.395 turn_time=0.0174104 end_in=0.0174104 cand_pre=16 cand_cap=20 cand=16->16 pre=16 pick(must/bucket/top/rand)=1/2/13/0 depth0=11 depth=8 dlog=3 dper=0 sims=1756 loop=1740 gen_time=0 eval_time=0.018 best_avg=-0.816214 best_move=3,9 leader=3 inc2=0 attack_w=0.2
DBG t=86 used=0.014 remain=0.213 turn_time=0.0130843 end_in=0.0130843 cand_pre=60 cand_cap=16 cand=60->16 pre=48 pick(must/bucket/top/rand)=1/8/3/4 depth0=11 depth=1 dlog=5 dper=5 sims=6464 loop=6448 gen_time=0 eval_time=0.014 best_avg=-0.713438 best_move=2,2 leader=3 inc2=1 attack_w=0.2
DBG depth_guard t=99 remain=0.011 cand_pre=20 depth0=0 depth=0
DBG t=99 used=0.007 remain=0.011 turn_time=0.0066 end_in=0.0066 cand_pre=20 cand_cap=12 cand=20->12 pre=20 pick(must/bucket/top/rand)=1/7/2/2 depth0=0 depth=0 dlog=4 dper=3 sims=9248 loop=9236 gen_time=0 eval_time=0.007 best_avg=-0.910773 best_move=5,6 leader=3 inc2=1 attack_w=0.2
DBG summary depth_guard_fired=1
Score = 110661
=== CASE 0012.txt ===
DBG hdr N=10 M=3 T=100 U=2 VMAX=1321 TIME_LIMIT=1.94 MAX_CAND=20 UCB_C=0.21
DBG t=0 used=0.024 remain=1.94 turn_time=0.0238717 end_in=0.0238717 cand_pre=3 cand_cap=20 cand=3->3 pre=3 pick(must/bucket/top/rand)=1/2/0/0 depth0=7 depth=6 dlog=1 dper=0 sims=6527 loop=6524 gen_time=0 eval_time=0.024 best_avg=-1.36793 best_move=8,9 leader=1 inc2=1 attack_w=0.190428
DBG t=12 used=0.022 remain=1.662 turn_time=0.0218893 end_in=0.0218893 cand_pre=14 cand_cap=20 cand=14->14 pre=14 pick(must/bucket/top/rand)=1/3/10/0 depth0=7 depth=4 dlog=3 dper=0 sims=5486 loop=5472 gen_time=0 eval_time=0.022 best_avg=-1.56754 best_move=7,7 leader=2 inc2=1 attack_w=0.360924
DBG t=24 used=0.02 remain=1.406 turn_time=0.0196378 end_in=0.0196378 cand_pre=29 cand_cap=20 cand=29->20 pre=29 pick(must/bucket/top/rand)=1/8/7/4 depth0=7 depth=2 dlog=4 dper=1 sims=6008 loop=5988 gen_time=0 eval_time=0.02 best_avg=-1.34361 best_move=0,9 leader=2 inc2=1 attack_w=0.2
DBG t=37 used=0.018 remain=1.153 turn_time=0.0176427 end_in=0.0176427 cand_pre=44 cand_cap=20 cand=44->20 pre=44 pick(must/bucket/top/rand)=1/6/9/4 depth0=10 depth=3 dlog=5 dper=2 sims=3376 loop=3356 gen_time=0 eval_time=0.018 best_avg=-1.22748 best_move=7,3 leader=1 inc2=1 attack_w=0.2
DBG t=49 used=0.017 remain=0.945 turn_time=0.0161762 end_in=0.0161762 cand_pre=58 cand_cap=20 cand=58->20 pre=58 pick(must/bucket/top/rand)=1/8/7/4 depth0=10 depth=1 dlog=5 dper=4 sims=7108 loop=7088 gen_time=0 eval_time=0.017 best_avg=-1.22755 best_move=7,5 leader=2 inc2=1 attack_w=0.2
DBG t=61 used=0.017 remain=0.73 turn_time=0.0162191 end_in=0.0162191 cand_pre=59 cand_cap=20 cand=59->20 pre=59 pick(must/bucket/top/rand)=1/8/7/4 depth0=10 depth=1 dlog=5 dper=4 sims=5256 loop=5236 gen_time=0 eval_time=0.017 best_avg=-1.26354 best_move=4,7 leader=2 inc2=1 attack_w=0.2
DBG t=74 used=0.017 remain=0.517 turn_time=0.016196 end_in=0.016196 cand_pre=67 cand_cap=14 cand=67->14 pre=42 pick(must/bucket/top/rand)=1/8/2/3 depth0=11 depth=2 dlog=5 dper=4 sims=3538 loop=3524 gen_time=0 eval_time=0.017 best_avg=-0.921409 best_move=5,1 leader=1 inc2=1 attack_w=0.2
DBG t=86 used=0.017 remain=0.317 turn_time=0.0169708 end_in=0.0169708 cand_pre=77 cand_cap=14 cand=77->14 pre=42 pick(must/bucket/top/rand)=1/8/2/3 depth0=11 depth=1 dlog=6 dper=4 sims=6346 loop=6332 gen_time=0 eval_time=0.017 best_avg=-0.673445 best_move=8,2 leader=1 inc2=1 attack_w=0.2
DBG t=99 used=0.029 remain=0.048 turn_time=0.0288 end_in=0.0288 cand_pre=85 cand_cap=12 cand=85->12 pre=36 pick(must/bucket/top/rand)=1/8/1/2 depth0=0 depth=0 dlog=6 dper=3 sims=46280 loop=46268 gen_time=0 eval_time=0.029 best_avg=-0.640326 best_move=3,2 leader=2 inc2=1 attack_w=0.2
DBG summary depth_guard_fired=0
Score = 177648
=== CASE 0013.txt ===
DBG hdr N=10 M=2 T=100 U=1 VMAX=2489 TIME_LIMIT=1.94 MAX_CAND=20 UCB_C=0.21
DBG t=0 used=0.024 remain=1.94 turn_time=0.0238717 end_in=0.0238717 cand_pre=3 cand_cap=20 cand=3->3 pre=3 pick(must/bucket/top/rand)=1/2/0/0 depth0=7 depth=6 dlog=1 dper=0 sims=7759 loop=7756 gen_time=0 eval_time=0.024 best_avg=-3.46781 best_move=9,1 leader=1 inc2=1 attack_w=0.85
DBG t=12 used=0.021 remain=1.668 turn_time=0.0206131 end_in=0.0206131 cand_pre=25 cand_cap=20 cand=25->20 pre=25 pick(must/bucket/top/rand)=1/5/10/4 depth0=7 depth=3 dlog=4 dper=0 sims=10952 loop=10932 gen_time=0 eval_time=0.021 best_avg=-2.36657 best_move=6,8 leader=1 inc2=1 attack_w=0.2
DBG t=24 used=0.02 remain=1.42 turn_time=0.0193475 end_in=0.0193475 cand_pre=33 cand_cap=20 cand=33->20 pre=33 pick(must/bucket/top/rand)=1/4/11/4 depth0=7 depth=2 dlog=4 dper=1 sims=14508 loop=14488 gen_time=0 eval_time=0.02 best_avg=-1.78399 best_move=6,6 leader=1 inc2=1 attack_w=0.2
DBG t=37 used=0.019 remain=1.166 turn_time=0.0186838 end_in=0.0186838 cand_pre=37 cand_cap=20 cand=37->20 pre=37 pick(must/bucket/top/rand)=1/4/11/4 depth0=10 depth=3 dlog=5 dper=2 sims=7828 loop=7808 gen_time=0 eval_time=0.019 best_avg=-1.43943 best_move=5,7 leader=1 inc2=1 attack_w=0.2
DBG t=49 used=0.018 remain=0.947 turn_time=0.0174174 end_in=0.0174174 cand_pre=48 cand_cap=20 cand=48->20 pre=48 pick(must/bucket/top/rand)=1/6/9/4 depth0=10 depth=2 dlog=5 dper=3 sims=8832 loop=8812 gen_time=0 eval_time=0.018 best_avg=-0.839529 best_move=5,4 leader=1 inc2=1 attack_w=0.2
DBG t=61 used=0.017 remain=0.732 turn_time=0.0166295 end_in=0.0166295 cand_pre=56 cand_cap=20 cand=56->20 pre=56 pick(must/bucket/top/rand)=1/5/10/4 depth0=10 depth=1 dlog=5 dper=4 sims=14876 loop=14856 gen_time=0 eval_time=0.017 best_avg=-0.636174 best_move=5,3 leader=1 inc2=1 attack_w=0.2
DBG t=74 used=0.017 remain=0.509 turn_time=0.0167089 end_in=0.0167089 cand_pre=61 cand_cap=14 cand=61->14 pre=42 pick(must/bucket/top/rand)=1/4/6/3 depth0=11 depth=2 dlog=5 dper=4 sims=8206 loop=8192 gen_time=0 eval_time=0.017 best_avg=-1.12508 best_move=8,7 leader=1 inc2=1 attack_w=0.2
DBG t=86 used=0.019 remain=0.297 turn_time=0.0181064 end_in=0.0181064 cand_pre=61 cand_cap=14 cand=61->14 pre=42 pick(must/bucket/top/rand)=1/4/6/3 depth0=11 depth=2 dlog=5 dper=4 sims=9330 loop=9316 gen_time=0 eval_time=0.019 best_avg=-0.689469 best_move=7,7 leader=1 inc2=1 attack_w=0.2
DBG t=99 used=0.019 remain=0.031 turn_time=0.0186 end_in=0.0186 cand_pre=61 cand_cap=14 cand=61->14 pre=42 pick(must/bucket/top/rand)=1/4/6/3 depth0=0 depth=0 dlog=5 dper=3 sims=67274 loop=67260 gen_time=0 eval_time=0.019 best_avg=-0.870846 best_move=7,6 leader=1 inc2=1 attack_w=0.2
DBG summary depth_guard_fired=0
Score = 282691
=== CASE 0014.txt ===
DBG hdr N=10 M=7 T=100 U=4 VMAX=2149 TIME_LIMIT=1.94 MAX_CAND=20 UCB_C=0.21
DBG t=0 used=0.024 remain=1.94 turn_time=0.0236195 end_in=0.0236195 cand_pre=5 cand_cap=20 cand=5->5 pre=5 pick(must/bucket/top/rand)=1/2/2/0 depth0=7 depth=5 dlog=2 dper=0 sims=5213 loop=5208 gen_time=0 eval_time=0.024 best_avg=-0.978831 best_move=6,5 leader=1 inc2=1 attack_w=0.85
DBG t=12 used=0.021 remain=1.669 turn_time=0.020872 end_in=0.020872 cand_pre=23 cand_cap=20 cand=23->20 pre=23 pick(must/bucket/top/rand)=1/7/8/4 depth0=7 depth=3 dlog=4 dper=0 sims=5232 loop=5212 gen_time=0 eval_time=0.021 best_avg=-0.249788 best_move=4,2 leader=5 inc2=1 attack_w=0.2
DBG t=24 used=0.021 remain=1.414 turn_time=0.0208379 end_in=0.0208379 cand_pre=20 cand_cap=20 cand=20->20 pre=20 pick(must/bucket/top/rand)=1/6/9/4 depth0=7 depth=3 dlog=4 dper=0 sims=4980 loop=4960 gen_time=0 eval_time=0.021 best_avg=-0.144814 best_move=4,2 leader=5 inc2=1 attack_w=0.2
DBG t=37 used=0.02 remain=1.144 turn_time=0.0197476 end_in=0.0197476 cand_pre=25 cand_cap=20 cand=25->20 pre=25 pick(must/bucket/top/rand)=1/6/9/4 depth0=10 depth=6 dlog=4 dper=0 sims=2148 loop=2128 gen_time=0 eval_time=0.02 best_avg=-0.228659 best_move=7,4 leader=5 inc2=1 attack_w=0.2
DBG t=49 used=0.02 remain=0.904 turn_time=0.019046 end_in=0.019046 cand_pre=27 cand_cap=20 cand=27->20 pre=27 pick(must/bucket/top/rand)=1/7/8/4 depth0=10 depth=5 dlog=4 dper=1 sims=2816 loop=2796 gen_time=0 eval_time=0.02 best_avg=-0.385874 best_move=3,3 leader=5 inc2=1 attack_w=0.2
DBG t=61 used=0.019 remain=0.675 turn_time=0.0181471 end_in=0.0181471 cand_pre=31 cand_cap=20 cand=31->20 pre=31 pick(must/bucket/top/rand)=1/7/8/4 depth0=10 depth=5 dlog=4 dper=1 sims=2392 loop=2372 gen_time=0 eval_time=0.019 best_avg=-0.493428 best_move=3,3 leader=5 inc2=1 attack_w=0.2
DBG t=74 used=0.018 remain=0.436 turn_time=0.0172555 end_in=0.0172555 cand_pre=34 cand_cap=20 cand=34->20 pre=34 pick(must/bucket/top/rand)=1/7/8/4 depth0=11 depth=5 dlog=4 dper=2 sims=2172 loop=2152 gen_time=0 eval_time=0.018 best_avg=-0.487991 best_move=7,5 leader=5 inc2=1 attack_w=0.2
DBG t=86 used=0.017 remain=0.223 turn_time=0.0163905 end_in=0.0163905 cand_pre=34 cand_cap=20 cand=34->20 pre=34 pick(must/bucket/top/rand)=1/8/7/4 depth0=11 depth=5 dlog=4 dper=2 sims=2068 loop=2048 gen_time=0 eval_time=0.017 best_avg=-0.543822 best_move=6,3 leader=5 inc2=1 attack_w=0.2
DBG depth_guard t=99 remain=0.013 cand_pre=33 depth0=0 depth=0
DBG t=99 used=0.008 remain=0.013 turn_time=0.0078 end_in=0.0078 cand_pre=33 cand_cap=12 cand=33->12 pre=33 pick(must/bucket/top/rand)=1/8/1/2 depth0=0 depth=0 dlog=4 dper=4 sims=9060 loop=9048 gen_time=0 eval_time=0.008 best_avg=-0.499136 best_move=3,5 leader=5 inc2=1 attack_w=0.22295
DBG summary depth_guard_fired=1
Score = 101270
=== CASE 0016.txt ===
DBG hdr N=10 M=3 T=100 U=1 VMAX=1697 TIME_LIMIT=1.94 MAX_CAND=20 UCB_C=0.21
DBG t=0 used=0.024 remain=1.94 turn_time=0.0236195 end_in=0.0236195 cand_pre=5 cand_cap=20 cand=5->5 pre=5 pick(must/bucket/top/rand)=1/3/1/0 depth0=7 depth=5 dlog=2 dper=0 sims=8089 loop=8084 gen_time=0 eval_time=0.024 best_avg=-1.53914 best_move=4,7 leader=2 inc2=1 attack_w=0.13
DBG t=12 used=0.021 remain=1.668 turn_time=0.0207363 end_in=0.0207363 cand_pre=24 cand_cap=20 cand=24->20 pre=24 pick(must/bucket/top/rand)=1/6/9/4 depth0=7 depth=3 dlog=4 dper=0 sims=7668 loop=7648 gen_time=0 eval_time=0.021 best_avg=-1.12831 best_move=2,7 leader=1 inc2=1 attack_w=0.2
DBG t=24 used=0.019 remain=1.429 turn_time=0.0181257 end_in=0.0181257 cand_pre=44 cand_cap=20 cand=44->20 pre=44 pick(must/bucket/top/rand)=1/6/9/4 depth0=7 depth=0 dlog=5 dper=2 sims=50184 loop=50164 gen_time=0 eval_time=0.019 best_avg=-0.637586 best_move=8,5 leader=2 inc2=1 attack_w=0.2
DBG t=37 used=0.018 remain=1.183 turn_time=0.0178577 end_in=0.0178577 cand_pre=46 cand_cap=20 cand=46->20 pre=46 pick(must/bucket/top/rand)=1/4/11/4 depth0=10 depth=2 dlog=5 dper=3 sims=8276 loop=8256 gen_time=0 eval_time=0.018 best_avg=-0.509031 best_move=9,5 leader=2 inc2=1 attack_w=0.2
DBG t=49 used=0.019 remain=0.941 turn_time=0.0182665 end_in=0.0182665 cand_pre=40 cand_cap=20 cand=40->20 pre=40 pick(must/bucket/top/rand)=1/6/9/4 depth0=10 depth=3 dlog=5 dper=2 sims=5756 loop=5736 gen_time=0 eval_time=0.019 best_avg=-0.146625 best_move=9,7 leader=2 inc2=1 attack_w=0.2
DBG t=61 used=0.017 remain=0.727 turn_time=0.0163948 end_in=0.0163948 cand_pre=57 cand_cap=20 cand=57->20 pre=57 pick(must/bucket/top/rand)=1/6/9/4 depth0=10 depth=1 dlog=5 dper=4 sims=12184 loop=12164 gen_time=0 eval_time=0.017 best_avg=0.433199 best_move=9,6 leader=2 inc2=1 attack_w=0.2
DBG t=74 used=0.017 remain=0.498 turn_time=0.0167213 end_in=0.0167213 cand_pre=58 cand_cap=20 cand=58->20 pre=58 pick(must/bucket/top/rand)=1/6/9/4 depth0=11 depth=2 dlog=5 dper=4 sims=5968 loop=5948 gen_time=0 eval_time=0.017 best_avg=0.273256 best_move=7,4 leader=2 inc2=1 attack_w=0.2
DBG t=86 used=0.022 remain=0.284 turn_time=0.0219289 end_in=0.0219289 cand_pre=26 cand_cap=20 cand=26->20 pre=26 pick(must/bucket/top/rand)=1/4/11/4 depth0=11 depth=7 dlog=4 dper=0 sims=2020 loop=2000 gen_time=0 eval_time=0.022 best_avg=-0.578568 best_move=7,5 leader=2 inc2=1 attack_w=0.2
DBG depth_guard t=99 remain=0.017 cand_pre=56 depth0=0 depth=0
DBG t=99 used=0.011 remain=0.017 turn_time=0.0102 end_in=0.0102 cand_pre=56 cand_cap=14 cand=56->14 pre=42 pick(must/bucket/top/rand)=1/6/4/3 depth0=0 depth=0 dlog=5 dper=5 sims=27914 loop=27900 gen_time=0 eval_time=0.011 best_avg=-0.289165 best_move=8,6 leader=1 inc2=1 attack_w=0.2
DBG summary depth_guard_fired=1
Score = 211821
=== CASE 0017.txt ===
DBG hdr N=10 M=5 T=100 U=5 VMAX=1407 TIME_LIMIT=1.94 MAX_CAND=20 UCB_C=0.21
DBG t=0 used=0.024 remain=1.94 turn_time=0.0236195 end_in=0.0236195 cand_pre=5 cand_cap=20 cand=5->5 pre=5 pick(must/bucket/top/rand)=1/2/2/0 depth0=7 depth=5 dlog=2 dper=0 sims=5873 loop=5868 gen_time=0 eval_time=0.024 best_avg=-0.710319 best_move=3,5 leader=1 inc2=0 attack_w=0.13
DBG t=12 used=0.023 remain=1.659 turn_time=0.0224625 end_in=0.0224625 cand_pre=9 cand_cap=20 cand=9->9 pre=9 pick(must/bucket/top/rand)=1/5/3/0 depth0=7 depth=4 dlog=3 dper=0 sims=5461 loop=5452 gen_time=0 eval_time=0.023 best_avg=-0.97508 best_move=3,5 leader=1 inc2=1 attack_w=0.694595
DBG t=24 used=0.021 remain=1.391 turn_time=0.0209748 end_in=0.0209748 cand_pre=16 cand_cap=20 cand=16->16 pre=16 pick(must/bucket/top/rand)=1/7/8/0 depth0=7 depth=4 dlog=3 dper=0 sims=3548 loop=3532 gen_time=0 eval_time=0.021 best_avg=-0.990361 best_move=5,6 leader=1 inc2=1 attack_w=0.691544
DBG t=37 used=0.02 remain=1.118 turn_time=0.0198756 end_in=0.0198756 cand_pre=20 cand_cap=20 cand=20->20 pre=20 pick(must/bucket/top/rand)=1/8/7/4 depth0=10 depth=6 dlog=4 dper=0 sims=1940 loop=1920 gen_time=0 eval_time=0.02 best_avg=-0.899336 best_move=4,8 leader=1 inc2=1 attack_w=0.403885
DBG t=49 used=0.019 remain=0.878 turn_time=0.0189459 end_in=0.0189459 cand_pre=23 cand_cap=20 cand=23->20 pre=23 pick(must/bucket/top/rand)=1/7/8/4 depth0=10 depth=6 dlog=4 dper=0 sims=1848 loop=1828 gen_time=0 eval_time=0.019 best_avg=-0.853958 best_move=5,5 leader=1 inc2=1 attack_w=0.459326
DBG t=61 used=0.019 remain=0.65 turn_time=0.018125 end_in=0.018125 cand_pre=25 cand_cap=20 cand=25->20 pre=25 pick(must/bucket/top/rand)=1/7/8/4 depth0=10 depth=5 dlog=4 dper=1 sims=2184 loop=2164 gen_time=0 eval_time=0.019 best_avg=-0.801253 best_move=3,5 leader=2 inc2=1 attack_w=0.230436
DBG t=74 used=0.017 remain=0.415 turn_time=0.0165282 end_in=0.0165282 cand_pre=33 cand_cap=20 cand=33->20 pre=33 pick(must/bucket/top/rand)=1/7/8/4 depth0=11 depth=5 dlog=4 dper=2 sims=2016 loop=1996 gen_time=0 eval_time=0.017 best_avg=-0.733322 best_move=2,5 leader=2 inc2=1 attack_w=0.2
DBG t=86 used=0.016 remain=0.218 turn_time=0.0158206 end_in=0.0158206 cand_pre=36 cand_cap=20 cand=36->20 pre=36 pick(must/bucket/top/rand)=1/6/9/4 depth0=11 depth=4 dlog=5 dper=2 sims=2664 loop=2644 gen_time=0 eval_time=0.016 best_avg=-0.668563 best_move=8,8 leader=2 inc2=1 attack_w=0.2
DBG depth_guard t=99 remain=0.013 cand_pre=30 depth0=0 depth=0
DBG t=99 used=0.008 remain=0.013 turn_time=0.0078 end_in=0.0078 cand_pre=30 cand_cap=12 cand=30->12 pre=30 pick(must/bucket/top/rand)=1/7/2/2 depth0=0 depth=0 dlog=4 dper=4 sims=8836 loop=8824 gen_time=0 eval_time=0.008 best_avg=-0.630682 best_move=3,4 leader=1 inc2=1 attack_w=0.2
DBG summary depth_guard_fired=1
Score = 114184
=== CASE 0015.txt ===
DBG hdr N=10 M=5 T=100 U=4 VMAX=4555 TIME_LIMIT=1.94 MAX_CAND=20 UCB_C=0.21
DBG t=0 used=0.024 remain=1.94 turn_time=0.0237456 end_in=0.0237456 cand_pre=4 cand_cap=20 cand=4->4 pre=4 pick(must/bucket/top/rand)=1/2/1/0 depth0=7 depth=6 dlog=1 dper=0 sims=5064 loop=5060 gen_time=0 eval_time=0.024 best_avg=-1.15387 best_move=1,9 leader=4 inc2=0 attack_w=0.543219
DBG t=12 used=0.023 remain=1.659 turn_time=0.0223399 end_in=0.0223399 cand_pre=10 cand_cap=20 cand=10->10 pre=10 pick(must/bucket/top/rand)=1/2/7/0 depth0=7 depth=4 dlog=3 dper=0 sims=5466 loop=5456 gen_time=0 eval_time=0.023 best_avg=-0.960441 best_move=0,7 leader=4 inc2=1 attack_w=0.702068
DBG t=24 used=0.021 remain=1.391 turn_time=0.0207369 end_in=0.0207369 cand_pre=18 cand_cap=20 cand=18->18 pre=18 pick(must/bucket/top/rand)=1/6/9/2 depth0=7 depth=3 dlog=4 dper=0 sims=5658 loop=5640 gen_time=0 eval_time=0.021 best_avg=-1.11277 best_move=1,4 leader=3 inc2=1 attack_w=0.85
DBG t=37 used=0.022 remain=1.106 turn_time=0.021488 end_in=0.021488 cand_pre=4 cand_cap=20 cand=4->4 pre=4 pick(must/bucket/top/rand)=1/2/1/0 depth0=10 depth=9 dlog=1 dper=0 sims=1832 loop=1828 gen_time=0 eval_time=0.022 best_avg=-0.668519 best_move=1,0 leader=1 inc2=0 attack_w=0.2
DBG t=49 used=0.021 remain=0.853 turn_time=0.0201459 end_in=0.0201459 cand_pre=7 cand_cap=20 cand=7->7 pre=7 pick(must/bucket/top/rand)=1/2/4/0 depth0=10 depth=8 dlog=2 dper=0 sims=1759 loop=1752 gen_time=0 eval_time=0.021 best_avg=-0.531215 best_move=0,1 leader=1 inc2=0 attack_w=0.2
DBG t=61 used=0.019 remain=0.615 turn_time=0.0184815 end_in=0.0184815 cand_pre=12 cand_cap=20 cand=12->12 pre=12 pick(must/bucket/top/rand)=1/3/8/0 depth0=10 depth=7 dlog=3 dper=0 sims=1884 loop=1872 gen_time=0 eval_time=0.019 best_avg=-0.44334 best_move=0,2 leader=1 inc2=0 attack_w=0.2
DBG t=74 used=0.017 remain=0.373 turn_time=0.0165339 end_in=0.0165339 cand_pre=15 cand_cap=20 cand=15->15 pre=15 pick(must/bucket/top/rand)=1/4/10/0 depth0=11 depth=8 dlog=3 dper=0 sims=1447 loop=1432 gen_time=0 eval_time=0.017 best_avg=-0.405456 best_move=0,1 leader=1 inc2=0 attack_w=0.2
DBG t=86 used=0.015 remain=0.18 turn_time=0.0144836 end_in=0.0144836 cand_pre=19 cand_cap=20 cand=19->19 pre=19 pick(must/bucket/top/rand)=1/4/11/3 depth0=11 depth=6 dlog=4 dper=0 sims=1643 loop=1624 gen_time=0 eval_time=0.015 best_avg=-0.373877 best_move=0,4 leader=1 inc2=0 attack_w=0.2
DBG depth_guard t=98 remain=0.016 cand_pre=19 depth0=1 depth=0
DBG depth_guard t=99 remain=0.006 cand_pre=19 depth0=0 depth=0
DBG t=99 used=0.004 remain=0.006 turn_time=0.0036 end_in=0.0036 cand_pre=19 cand_cap=12 cand=19->12 pre=19 pick(must/bucket/top/rand)=1/3/6/2 depth0=0 depth=0 dlog=4 dper=5 sims=3820 loop=3808 gen_time=0 eval_time=0.004 best_avg=-0.321969 best_move=0,4 leader=1 inc2=0 attack_w=0.2
DBG summary depth_guard_fired=2
Score = 141002
=== CASE 0018.txt ===
DBG hdr N=10 M=7 T=100 U=5 VMAX=2680 TIME_LIMIT=1.94 MAX_CAND=20 UCB_C=0.21
DBG t=0 used=0.024 remain=1.94 turn_time=0.0237456 end_in=0.0237456 cand_pre=4 cand_cap=20 cand=4->4 pre=4 pick(must/bucket/top/rand)=1/2/1/0 depth0=7 depth=6 dlog=1 dper=0 sims=3664 loop=3660 gen_time=0 eval_time=0.024 best_avg=-0.703425 best_move=9,5 leader=5 inc2=1 attack_w=0.85
DBG t=12 used=0.023 remain=1.661 turn_time=0.0226122 end_in=0.0226123 cand_pre=8 cand_cap=20 cand=8->8 pre=8 pick(must/bucket/top/rand)=1/4/3/0 depth0=7 depth=5 dlog=2 dper=0 sims=3272 loop=3264 gen_time=0 eval_time=0.023 best_avg=-0.313232 best_move=8,5 leader=6 inc2=1 attack_w=0.2
DBG t=24 used=0.022 remain=1.389 turn_time=0.0211822 end_in=0.0211822 cand_pre=14 cand_cap=20 cand=14->14 pre=14 pick(must/bucket/top/rand)=1/6/7/0 depth0=7 depth=4 dlog=3 dper=0 sims=3686 loop=3672 gen_time=0 eval_time=0.022 best_avg=-0.367849 best_move=8,3 leader=6 inc2=1 attack_w=0.2
DBG t=37 used=0.021 remain=1.114 turn_time=0.0200343 end_in=0.0200343 cand_pre=18 cand_cap=20 cand=18->18 pre=18 pick(must/bucket/top/rand)=1/6/9/2 depth0=10 depth=6 dlog=4 dper=0 sims=958 loop=940 gen_time=0 eval_time=0.021 best_avg=-0.317718 best_move=7,1 leader=2 inc2=1 attack_w=0.2
DBG t=49 used=0.02 remain=0.872 turn_time=0.0193721 end_in=0.0193721 cand_pre=18 cand_cap=20 cand=18->18 pre=18 pick(must/bucket/top/rand)=1/6/9/2 depth0=10 depth=6 dlog=4 dper=0 sims=1922 loop=1904 gen_time=0 eval_time=0.02 best_avg=-0.479142 best_move=9,1 leader=2 inc2=1 attack_w=0.362779
DBG t=61 used=0.019 remain=0.635 turn_time=0.0188709 end_in=0.0188709 cand_pre=14 cand_cap=20 cand=14->14 pre=14 pick(must/bucket/top/rand)=1/6/7/0 depth0=10 depth=7 dlog=3 dper=0 sims=1470 loop=1456 gen_time=0 eval_time=0.019 best_avg=-0.302282 best_move=7,3 leader=1 inc2=1 attack_w=0.2
DBG t=74 used=0.017 remain=0.395 turn_time=0.0168179 end_in=0.0168179 cand_pre=22 cand_cap=20 cand=22->20 pre=22 pick(must/bucket/top/rand)=1/6/9/4 depth0=11 depth=7 dlog=4 dper=0 sims=1376 loop=1356 gen_time=0 eval_time=0.017 best_avg=-0.225362 best_move=7,3 leader=2 inc2=1 attack_w=0.2
DBG t=86 used=0.016 remain=0.193 turn_time=0.0153504 end_in=0.0153504 cand_pre=21 cand_cap=20 cand=21->20 pre=21 pick(must/bucket/top/rand)=1/6/9/4 depth0=11 depth=6 dlog=4 dper=1 sims=1560 loop=1540 gen_time=0 eval_time=0.016 best_avg=-0.234741 best_move=8,1 leader=2 inc2=1 attack_w=0.2
DBG depth_guard t=99 remain=0.008 cand_pre=22 depth0=0 depth=0
DBG t=99 used=0.005 remain=0.008 turn_time=0.0048 end_in=0.0048 cand_pre=22 cand_cap=12 cand=22->12 pre=22 pick(must/bucket/top/rand)=1/5/4/2 depth0=0 depth=0 dlog=4 dper=5 sims=5308 loop=5296 gen_time=0 eval_time=0.005 best_avg=-0.215617 best_move=8,6 leader=1 inc2=1 attack_w=0.2
DBG summary depth_guard_fired=1
Score = 124543
=== CASE 0019.txt ===
DBG hdr N=10 M=3 T=100 U=4 VMAX=1941 TIME_LIMIT=1.94 MAX_CAND=20 UCB_C=0.21
DBG t=0 used=0.024 remain=1.94 turn_time=0.0236195 end_in=0.0236195 cand_pre=5 cand_cap=20 cand=5->5 pre=5 pick(must/bucket/top/rand)=1/2/2/0 depth0=7 depth=5 dlog=2 dper=0 sims=8157 loop=8152 gen_time=0 eval_time=0.024 best_avg=-1.73809 best_move=1,3 leader=1 inc2=1 attack_w=0.85
DBG t=12 used=0.022 remain=1.669 turn_time=0.0212418 end_in=0.0212418 cand_pre=20 cand_cap=20 cand=20->20 pre=20 pick(must/bucket/top/rand)=1/2/13/4 depth0=7 depth=3 dlog=4 dper=0 sims=8724 loop=8704 gen_time=0 eval_time=0.022 best_avg=-1.45195 best_move=3,3 leader=1 inc2=1 attack_w=0.2
DBG t=24 used=0.021 remain=1.413 turn_time=0.0204606 end_in=0.0204606 cand_pre=23 cand_cap=20 cand=23->20 pre=23 pick(must/bucket/top/rand)=1/2/13/4 depth0=7 depth=3 dlog=4 dper=0 sims=7256 loop=7236 gen_time=0 eval_time=0.021 best_avg=-1.50449 best_move=3,6 leader=1 inc2=1 attack_w=0.2
DBG t=37 used=0.019 remain=1.148 turn_time=0.0189876 end_in=0.0189876 cand_pre=32 cand_cap=20 cand=32->20 pre=32 pick(must/bucket/top/rand)=1/5/10/4 depth0=10 depth=5 dlog=4 dper=1 sims=1988 loop=1968 gen_time=0 eval_time=0.019 best_avg=-1.50201 best_move=4,3 leader=1 inc2=1 attack_w=0.2
DBG t=49 used=0.019 remain=0.919 turn_time=0.0180737 end_in=0.0180737 cand_pre=38 cand_cap=20 cand=38->20 pre=38 pick(must/bucket/top/rand)=1/6/9/4 depth0=10 depth=3 dlog=5 dper=2 sims=4768 loop=4748 gen_time=0 eval_time=0.019 best_avg=-1.50754 best_move=0,3 leader=1 inc2=1 attack_w=0.2
DBG t=61 used=0.019 remain=0.692 turn_time=0.0182582 end_in=0.0182582 cand_pre=34 cand_cap=20 cand=34->20 pre=34 pick(must/bucket/top/rand)=1/6/9/4 depth0=10 depth=4 dlog=4 dper=2 sims=3492 loop=3472 gen_time=0 eval_time=0.019 best_avg=-1.69644 best_move=0,5 leader=1 inc2=1 attack_w=0.309944
DBG t=74 used=0.018 remain=0.453 turn_time=0.0179283 end_in=0.0179283 cand_pre=34 cand_cap=20 cand=34->20 pre=34 pick(must/bucket/top/rand)=1/8/7/4 depth0=11 depth=5 dlog=4 dper=2 sims=2568 loop=2548 gen_time=0 eval_time=0.018 best_avg=-1.87306 best_move=3,4 leader=1 inc2=1 attack_w=0.614284
DBG t=86 used=0.017 remain=0.233 turn_time=0.0169091 end_in=0.0169091 cand_pre=36 cand_cap=20 cand=36->20 pre=36 pick(must/bucket/top/rand)=1/8/7/4 depth0=11 depth=4 dlog=5 dper=2 sims=2976 loop=2956 gen_time=0 eval_time=0.017 best_avg=-1.89268 best_move=1,5 leader=1 inc2=1 attack_w=0.768165
DBG depth_guard t=99 remain=0.014 cand_pre=34 depth0=0 depth=0
DBG t=99 used=0.009 remain=0.014 turn_time=0.0084 end_in=0.0084 cand_pre=34 cand_cap=14 cand=34->14 pre=34 pick(must/bucket/top/rand)=1/8/2/3 depth0=0 depth=0 dlog=4 dper=4 sims=12398 loop=12384 gen_time=0 eval_time=0.009 best_avg=-1.95574 best_move=3,4 leader=1 inc2=1 attack_w=0.85
DBG summary depth_guard_fired=1
Score = 82602
=== CASE 0021.txt ===
DBG hdr N=10 M=3 T=100 U=5 VMAX=2360 TIME_LIMIT=1.94 MAX_CAND=20 UCB_C=0.21
DBG t=0 used=0.024 remain=1.94 turn_time=0.0237456 end_in=0.0237456 cand_pre=4 cand_cap=20 cand=4->4 pre=4 pick(must/bucket/top/rand)=1/2/1/0 depth0=7 depth=6 dlog=1 dper=0 sims=7416 loop=7412 gen_time=0 eval_time=0.024 best_avg=-0.898966 best_move=3,9 leader=1 inc2=1 attack_w=0.13
DBG t=12 used=0.023 remain=1.659 turn_time=0.0222174 end_in=0.0222174 cand_pre=11 cand_cap=20 cand=11->11 pre=11 pick(must/bucket/top/rand)=1/2/8/0 depth0=7 depth=4 dlog=3 dper=0 sims=5727 loop=5716 gen_time=0 eval_time=0.023 best_avg=-0.87448 best_move=1,8 leader=2 inc2=1 attack_w=0.2
DBG t=24 used=0.022 remain=1.392 turn_time=0.0214661 end_in=0.0214661 cand_pre=12 cand_cap=20 cand=12->12 pre=12 pick(must/bucket/top/rand)=1/6/5/0 depth0=7 depth=4 dlog=3 dper=0 sims=3948 loop=3936 gen_time=0 eval_time=0.022 best_avg=-1.08343 best_move=4,8 leader=2 inc2=1 attack_w=0.2
DBG t=37 used=0.021 remain=1.105 turn_time=0.0207845 end_in=0.0207845 cand_pre=10 cand_cap=20 cand=10->10 pre=10 pick(must/bucket/top/rand)=1/6/3/0 depth0=10 depth=7 dlog=3 dper=0 sims=2254 loop=2244 gen_time=0 eval_time=0.021 best_avg=-1.02474 best_move=0,9 leader=1 inc2=1 attack_w=0.2
DBG t=49 used=0.02 remain=0.854 turn_time=0.0198429 end_in=0.0198429 cand_pre=10 cand_cap=20 cand=10->10 pre=10 pick(must/bucket/top/rand)=1/6/3/0 depth0=10 depth=7 dlog=3 dper=0 sims=2130 loop=2120 gen_time=0 eval_time=0.02 best_avg=-1.24719 best_move=2,8 leader=1 inc2=1 attack_w=0.2
DBG t=61 used=0.019 remain=0.616 turn_time=0.0184089 end_in=0.0184089 cand_pre=13 cand_cap=20 cand=13->13 pre=13 pick(must/bucket/top/rand)=1/5/7/0 depth0=10 depth=7 dlog=3 dper=0 sims=1917 loop=1904 gen_time=0 eval_time=0.019 best_avg=-1.0726 best_move=3,9 leader=1 inc2=1 attack_w=0.2
DBG t=74 used=0.017 remain=0.379 turn_time=0.0167052 end_in=0.0167052 cand_pre=16 cand_cap=20 cand=16->16 pre=16 pick(must/bucket/top/rand)=1/6/9/0 depth0=11 depth=8 dlog=3 dper=0 sims=2768 loop=2752 gen_time=0 eval_time=0.017 best_avg=-1.02636 best_move=3,9 leader=2 inc2=1 attack_w=0.2
DBG t=86 used=0.015 remain=0.184 turn_time=0.0148054 end_in=0.0148054 cand_pre=19 cand_cap=20 cand=19->19 pre=19 pick(must/bucket/top/rand)=1/6/9/3 depth0=11 depth=6 dlog=4 dper=0 sims=2719 loop=2700 gen_time=0 eval_time=0.015 best_avg=-1.11259 best_move=2,6 leader=2 inc2=1 attack_w=0.2
DBG depth_guard t=98 remain=0.019 cand_pre=27 depth0=1 depth=0
DBG depth_guard t=99 remain=0.008 cand_pre=27 depth0=0 depth=0
DBG t=99 used=0.005 remain=0.008 turn_time=0.0048 end_in=0.0048 cand_pre=27 cand_cap=12 cand=27->12 pre=27 pick(must/bucket/top/rand)=1/8/1/2 depth0=0 depth=0 dlog=4 dper=5 sims=10832 loop=10820 gen_time=0 eval_time=0.005 best_avg=-0.848954 best_move=3,8 leader=2 inc2=1 attack_w=0.2
DBG summary depth_guard_fired=2
Score = 156659
=== CASE 0020.txt ===
DBG hdr N=10 M=7 T=100 U=5 VMAX=1504 TIME_LIMIT=1.94 MAX_CAND=20 UCB_C=0.21
DBG t=0 used=0.024 remain=1.94 turn_time=0.0237456 end_in=0.0237456 cand_pre=4 cand_cap=20 cand=4->4 pre=4 pick(must/bucket/top/rand)=1/2/1/0 depth0=7 depth=6 dlog=1 dper=0 sims=3808 loop=3804 gen_time=0 eval_time=0.024 best_avg=-0.759458 best_move=0,9 leader=3 inc2=1 attack_w=0.85
DBG t=12 used=0.023 remain=1.659 turn_time=0.0222174 end_in=0.0222174 cand_pre=11 cand_cap=20 cand=11->11 pre=11 pick(must/bucket/top/rand)=1/3/7/0 depth0=7 depth=4 dlog=3 dper=0 sims=3815 loop=3804 gen_time=0 eval_time=0.023 best_avg=-0.627215 best_move=3,8 leader=3 inc2=1 attack_w=0.632391
DBG t=24 used=0.021 remain=1.396 turn_time=0.0205726 end_in=0.0205726 cand_pre=20 cand_cap=20 cand=20->20 pre=20 pick(must/bucket/top/rand)=1/7/8/4 depth0=7 depth=3 dlog=4 dper=0 sims=4376 loop=4356 gen_time=0 eval_time=0.021 best_avg=-0.318912 best_move=5,6 leader=4 inc2=1 attack_w=0.2
DBG t=37 used=0.022 remain=1.114 turn_time=0.0214136 end_in=0.0214136 cand_pre=6 cand_cap=20 cand=6->6 pre=6 pick(must/bucket/top/rand)=1/2/3/0 depth0=10 depth=8 dlog=2 dper=0 sims=2078 loop=2072 gen_time=0 eval_time=0.022 best_avg=-0.322176 best_move=7,9 leader=4 inc2=1 attack_w=0.2
DBG t=49 used=0.021 remain=0.861 turn_time=0.0200056 end_in=0.0200056 cand_pre=10 cand_cap=20 cand=10->10 pre=10 pick(must/bucket/top/rand)=1/5/4/0 depth0=10 depth=7 dlog=3 dper=0 sims=2370 loop=2360 gen_time=0 eval_time=0.021 best_avg=-0.578946 best_move=7,8 leader=1 inc2=1 attack_w=0.2
DBG t=61 used=0.019 remain=0.619 turn_time=0.0188081 end_in=0.0188081 cand_pre=10 cand_cap=20 cand=10->10 pre=10 pick(must/bucket/top/rand)=1/5/4/0 depth0=10 depth=7 dlog=3 dper=0 sims=2290 loop=2280 gen_time=0 eval_time=0.019 best_avg=-0.863735 best_move=8,6 leader=1 inc2=1 attack_w=0.813062
DBG t=74 used=0.018 remain=0.379 turn_time=0.0174632 end_in=0.0174632 cand_pre=8 cand_cap=20 cand=8->8 pre=8 pick(must/bucket/top/rand)=1/2/5/0 depth0=11 depth=9 dlog=2 dper=0 sims=1744 loop=1736 gen_time=0 eval_time=0.018 best_avg=-0.938519 best_move=6,6 leader=1 inc2=1 attack_w=0.85
DBG t=86 used=0.015 remain=0.178 turn_time=0.0149011 end_in=0.0149011 cand_pre=12 cand_cap=20 cand=12->12 pre=12 pick(must/bucket/top/rand)=1/5/6/0 depth0=11 depth=6 dlog=3 dper=0 sims=2040 loop=2028 gen_time=0 eval_time=0.015 best_avg=-0.680923 best_move=7,8 leader=1 inc2=1 attack_w=0.637654
DBG depth_guard t=98 remain=0.014 cand_pre=5 depth0=1 depth=0
DBG depth_guard t=99 remain=0.005 cand_pre=5 depth0=0 depth=0
DBG t=99 used=0.004 remain=0.005 turn_time=0.003 end_in=0.003 cand_pre=5 cand_cap=12 cand=5->5 pre=5 pick(must/bucket/top/rand)=1/2/2/0 depth0=0 depth=0 dlog=2 dper=1 sims=4625 loop=4620 gen_time=0 eval_time=0.004 best_avg=-0.491465 best_move=9,7 leader=1 inc2=1 attack_w=0.213578
DBG summary depth_guard_fired=2
Score = 103125
=== CASE 0022.txt ===
DBG hdr N=10 M=5 T=100 U=5 VMAX=1464 TIME_LIMIT=1.94 MAX_CAND=20 UCB_C=0.21
DBG t=0 used=0.024 remain=1.94 turn_time=0.0236195 end_in=0.0236195 cand_pre=5 cand_cap=20 cand=5->5 pre=5 pick(must/bucket/top/rand)=1/2/2/0 depth0=7 depth=5 dlog=2 dper=0 sims=6953 loop=6948 gen_time=0 eval_time=0.024 best_avg=-0.860881 best_move=8,6 leader=1 inc2=1 attack_w=0.85
DBG t=12 used=0.023 remain=1.661 turn_time=0.0228576 end_in=0.0228576 cand_pre=6 cand_cap=20 cand=6->6 pre=6 pick(must/bucket/top/rand)=1/2/3/0 depth0=7 depth=5 dlog=2 dper=0 sims=4482 loop=4476 gen_time=0 eval_time=0.023 best_avg=-1.1355 best_move=5,6 leader=2 inc2=1 attack_w=0.85
DBG t=24 used=0.022 remain=1.389 turn_time=0.0216574 end_in=0.0216574 cand_pre=10 cand_cap=20 cand=10->10 pre=10 pick(must/bucket/top/rand)=1/5/4/0 depth0=7 depth=4 dlog=3 dper=0 sims=4970 loop=4960 gen_time=0 eval_time=0.022 best_avg=-1.04217 best_move=6,6 leader=2 inc2=1 attack_w=0.815049
DBG t=37 used=0.021 remain=1.111 turn_time=0.0202096 end_in=0.0202096 cand_pre=16 cand_cap=20 cand=16->16 pre=16 pick(must/bucket/top/rand)=1/4/11/0 depth0=10 depth=7 dlog=3 dper=0 sims=2616 loop=2600 gen_time=0 eval_time=0.021 best_avg=-1.01703 best_move=5,7 leader=3 inc2=0 attack_w=0.764556
DBG t=49 used=0.02 remain=0.868 turn_time=0.0191726 end_in=0.0191726 cand_pre=19 cand_cap=20 cand=19->19 pre=19 pick(must/bucket/top/rand)=1/6/9/3 depth0=10 depth=6 dlog=4 dper=0 sims=2915 loop=2896 gen_time=0 eval_time=0.02 best_avg=-1.04775 best_move=7,6 leader=3 inc2=0 attack_w=0.758462
DBG t=61 used=0.019 remain=0.638 turn_time=0.0181094 end_in=0.0181094 cand_pre=22 cand_cap=20 cand=22->20 pre=22 pick(must/bucket/top/rand)=1/6/9/4 depth0=10 depth=6 dlog=4 dper=0 sims=2128 loop=2108 gen_time=0 eval_time=0.019 best_avg=-1.09039 best_move=2,9 leader=3 inc2=0 attack_w=0.723089
DBG t=74 used=0.017 remain=0.404 turn_time=0.0165951 end_in=0.0165951 cand_pre=28 cand_cap=20 cand=28->20 pre=28 pick(must/bucket/top/rand)=1/7/8/4 depth0=11 depth=6 dlog=4 dper=1 sims=1792 loop=1772 gen_time=0 eval_time=0.017 best_avg=-1.10597 best_move=1,5 leader=3 inc2=0 attack_w=0.85
DBG t=86 used=0.015 remain=0.209 turn_time=0.0145852 end_in=0.0145852 cand_pre=42 cand_cap=20 cand=42->20 pre=42 pick(must/bucket/top/rand)=1/7/8/4 depth0=11 depth=3 dlog=5 dper=3 sims=2732 loop=2712 gen_time=0 eval_time=0.015 best_avg=-1.06486 best_move=5,8 leader=3 inc2=0 attack_w=0.85
DBG depth_guard t=99 remain=0.014 cand_pre=34 depth0=0 depth=0
DBG t=99 used=0.009 remain=0.014 turn_time=0.0084 end_in=0.0084 cand_pre=34 cand_cap=14 cand=34->14 pre=34 pick(must/bucket/top/rand)=1/6/4/3 depth0=0 depth=0 dlog=4 dper=4 sims=9614 loop=9600 gen_time=0 eval_time=0.009 best_avg=-1.08047 best_move=2,4 leader=3 inc2=0 attack_w=0.85
DBG summary depth_guard_fired=1
Score = 83080
=== CASE 0023.txt ===
DBG hdr N=10 M=5 T=100 U=1 VMAX=1610 TIME_LIMIT=1.94 MAX_CAND=20 UCB_C=0.21
DBG t=0 used=0.024 remain=1.94 turn_time=0.0237456 end_in=0.0237456 cand_pre=4 cand_cap=20 cand=4->4 pre=4 pick(must/bucket/top/rand)=1/2/1/0 depth0=7 depth=6 dlog=1 dper=0 sims=4064 loop=4060 gen_time=0 eval_time=0.024 best_avg=-0.911021 best_move=6,4 leader=2 inc2=1 attack_w=0.85
DBG t=12 used=0.022 remain=1.668 turn_time=0.0219683 end_in=0.0219683 cand_pre=14 cand_cap=20 cand=14->14 pre=14 pick(must/bucket/top/rand)=1/4/9/0 depth0=7 depth=4 dlog=3 dper=0 sims=4494 loop=4480 gen_time=0 eval_time=0.022 best_avg=-0.716263 best_move=3,2 leader=3 inc2=1 attack_w=0.2
DBG t=24 used=0.023 remain=1.419 turn_time=0.0224893 end_in=0.0224893 cand_pre=7 cand_cap=20 cand=7->7 pre=7 pick(must/bucket/top/rand)=1/1/5/0 depth0=7 depth=5 dlog=2 dper=0 sims=3067 loop=3060 gen_time=0 eval_time=0.023 best_avg=-0.706376 best_move=8,1 leader=3 inc2=0 attack_w=0.2
DBG t=37 used=0.018 remain=1.175 turn_time=0.0171308 end_in=0.0171308 cand_pre=51 cand_cap=20 cand=51->20 pre=51 pick(must/bucket/top/rand)=1/5/10/4 depth0=10 depth=2 dlog=5 dper=3 sims=4696 loop=4676 gen_time=0 eval_time=0.018 best_avg=-0.26116 best_move=7,8 leader=4 inc2=0 attack_w=0.2
DBG t=49 used=0.019 remain=0.934 turn_time=0.0183687 end_in=0.0183687 cand_pre=38 cand_cap=20 cand=38->20 pre=38 pick(must/bucket/top/rand)=1/4/11/4 depth0=10 depth=3 dlog=5 dper=2 sims=3576 loop=3556 gen_time=0 eval_time=0.019 best_avg=-0.290001 best_move=8,9 leader=3 inc2=0 attack_w=0.2
DBG t=61 used=0.018 remain=0.698 turn_time=0.0178348 end_in=0.0178348 cand_pre=39 cand_cap=20 cand=39->20 pre=39 pick(must/bucket/top/rand)=1/6/9/4 depth0=10 depth=3 dlog=5 dper=2 sims=3216 loop=3196 gen_time=0 eval_time=0.018 best_avg=-0.240235 best_move=3,3 leader=3 inc2=1 attack_w=0.2
DBG t=74 used=0.02 remain=0.44 turn_time=0.0192838 end_in=0.0192838 cand_pre=17 cand_cap=20 cand=17->17 pre=17 pick(must/bucket/top/rand)=1/3/12/1 depth0=11 depth=8 dlog=3 dper=0 sims=1425 loop=1408 gen_time=0 eval_time=0.02 best_avg=-0.359753 best_move=1,3 leader=2 inc2=0 attack_w=0.2
DBG t=86 used=0.016 remain=0.227 turn_time=0.0158414 end_in=0.0158414 cand_pre=42 cand_cap=20 cand=42->20 pre=42 pick(must/bucket/top/rand)=1/6/9/4 depth0=11 depth=3 dlog=5 dper=3 sims=2688 loop=2668 gen_time=0 eval_time=0.016 best_avg=0.049922 best_move=5,7 leader=3 inc2=1 attack_w=0.2
DBG depth_guard t=99 remain=0.013 cand_pre=14 depth0=0 depth=0
DBG t=99 used=0.008 remain=0.013 turn_time=0.0078 end_in=0.0078 cand_pre=14 cand_cap=12 cand=14->12 pre=14 pick(must/bucket/top/rand)=1/3/6/2 depth0=0 depth=0 dlog=3 dper=1 sims=9208 loop=9196 gen_time=0 eval_time=0.008 best_avg=0.0671165 best_move=5,2 leader=3 inc2=1 attack_w=0.2
DBG summary depth_guard_fired=1
Score = 160528
=== CASE 0024.txt ===
DBG hdr N=10 M=6 T=100 U=2 VMAX=2351 TIME_LIMIT=1.94 MAX_CAND=20 UCB_C=0.21
DBG t=0 used=0.024 remain=1.94 turn_time=0.0238717 end_in=0.0238717 cand_pre=3 cand_cap=20 cand=3->3 pre=3 pick(must/bucket/top/rand)=1/2/0/0 depth0=7 depth=6 dlog=1 dper=0 sims=3719 loop=3716 gen_time=0 eval_time=0.024 best_avg=-1.49786 best_move=0,9 leader=2 inc2=1 attack_w=0.85
DBG t=12 used=0.023 remain=1.657 turn_time=0.022313 end_in=0.022313 cand_pre=10 cand_cap=20 cand=10->10 pre=10 pick(must/bucket/top/rand)=1/4/5/0 depth0=7 depth=4 dlog=3 dper=0 sims=3922 loop=3912 gen_time=0 eval_time=0.023 best_avg=-1.89561 best_move=4,8 leader=2 inc2=1 attack_w=0.85
DBG t=24 used=0.021 remain=1.396 turn_time=0.0205726 end_in=0.0205726 cand_pre=20 cand_cap=20 cand=20->20 pre=20 pick(must/bucket/top/rand)=1/5/10/4 depth0=7 depth=3 dlog=4 dper=0 sims=3808 loop=3788 gen_time=0 eval_time=0.021 best_avg=-1.43322 best_move=7,9 leader=1 inc2=1 attack_w=0.85
DBG t=37 used=0.019 remain=1.131 turn_time=0.0187064 end_in=0.0187064 cand_pre=32 cand_cap=20 cand=32->20 pre=32 pick(must/bucket/top/rand)=1/8/7/4 depth0=10 depth=5 dlog=4 dper=1 sims=2076 loop=2056 gen_time=0 eval_time=0.019 best_avg=-0.682415 best_move=8,5 leader=2 inc2=1 attack_w=0.8085
DBG t=49 used=0.019 remain=0.905 turn_time=0.018029 end_in=0.018029 cand_pre=36 cand_cap=20 cand=36->20 pre=36 pick(must/bucket/top/rand)=1/8/7/4 depth0=10 depth=3 dlog=5 dper=2 sims=3440 loop=3420 gen_time=0 eval_time=0.019 best_avg=-0.267402 best_move=6,4 leader=4 inc2=1 attack_w=0.2
DBG t=61 used=0.019 remain=0.685 turn_time=0.0183018 end_in=0.0183018 cand_pre=32 cand_cap=20 cand=32->20 pre=32 pick(must/bucket/top/rand)=1/6/9/4 depth0=10 depth=5 dlog=4 dper=1 sims=2164 loop=2144 gen_time=0 eval_time=0.019 best_avg=-0.135223 best_move=5,4 leader=4 inc2=1 attack_w=0.2
DBG t=74 used=0.017 remain=0.456 turn_time=0.0167931 end_in=0.0167931 cand_pre=45 cand_cap=20 cand=45->20 pre=45 pick(must/bucket/top/rand)=1/8/7/4 depth0=11 depth=3 dlog=5 dper=3 sims=3232 loop=3212 gen_time=0 eval_time=0.017 best_avg=0.119521 best_move=5,7 leader=5 inc2=1 attack_w=0.2
DBG t=86 used=0.018 remain=0.251 turn_time=0.0171666 end_in=0.0171666 cand_pre=45 cand_cap=20 cand=45->20 pre=45 pick(must/bucket/top/rand)=1/7/8/4 depth0=11 depth=3 dlog=5 dper=3 sims=3248 loop=3228 gen_time=0 eval_time=0.018 best_avg=-0.0334331 best_move=4,8 leader=5 inc2=1 attack_w=0.2
DBG t=99 used=0.013 remain=0.02 turn_time=0.012 end_in=0.012 cand_pre=48 cand_cap=16 cand=48->16 pre=48 pick(must/bucket/top/rand)=1/8/3/4 depth0=0 depth=0 dlog=5 dper=4 sims=16604 loop=16588 gen_time=0 eval_time=0.013 best_avg=0.122994 best_move=3,9 leader=5 inc2=1 attack_w=0.2
DBG summary depth_guard_fired=0
Score = 157510
=== CASE 0025.txt ===
DBG hdr N=10 M=2 T=100 U=2 VMAX=1033 TIME_LIMIT=1.94 MAX_CAND=20 UCB_C=0.21
DBG t=0 used=0.024 remain=1.94 turn_time=0.0236195 end_in=0.0236195 cand_pre=5 cand_cap=20 cand=5->5 pre=5 pick(must/bucket/top/rand)=1/2/2/0 depth0=7 depth=5 dlog=2 dper=0 sims=10141 loop=10136 gen_time=0 eval_time=0.024 best_avg=-2.56832 best_move=2,6 leader=1 inc2=1 attack_w=0.183977
DBG t=12 used=0.022 remain=1.667 turn_time=0.0212164 end_in=0.0212164 cand_pre=20 cand_cap=20 cand=20->20 pre=20 pick(must/bucket/top/rand)=1/2/13/4 depth0=7 depth=3 dlog=4 dper=0 sims=10204 loop=10184 gen_time=0 eval_time=0.022 best_avg=-2.7623 best_move=4,5 leader=1 inc2=1 attack_w=0.2
DBG t=24 used=0.02 remain=1.418 turn_time=0.0195628 end_in=0.0195628 cand_pre=31 cand_cap=20 cand=31->20 pre=31 pick(must/bucket/top/rand)=1/2/13/4 depth0=7 depth=2 dlog=4 dper=1 sims=10712 loop=10692 gen_time=0 eval_time=0.02 best_avg=-2.76476 best_move=5,5 leader=1 inc2=1 attack_w=0.2
DBG t=37 used=0.019 remain=1.162 turn_time=0.0186197 end_in=0.0186197 cand_pre=37 cand_cap=20 cand=37->20 pre=37 pick(must/bucket/top/rand)=1/4/11/4 depth0=10 depth=3 dlog=5 dper=2 sims=6316 loop=6296 gen_time=0 eval_time=0.019 best_avg=-2.7998 best_move=5,3 leader=1 inc2=1 attack_w=0.2
DBG t=49 used=0.019 remain=0.934 turn_time=0.0180115 end_in=0.0180115 cand_pre=41 cand_cap=20 cand=41->20 pre=41 pick(must/bucket/top/rand)=1/6/9/4 depth0=10 depth=3 dlog=5 dper=2 sims=5868 loop=5848 gen_time=0 eval_time=0.019 best_avg=-2.79372 best_move=6,2 leader=1 inc2=1 attack_w=0.2
DBG t=61 used=0.018 remain=0.718 turn_time=0.0170295 end_in=0.0170295 cand_pre=50 cand_cap=20 cand=50->20 pre=50 pick(must/bucket/top/rand)=1/5/10/4 depth0=10 depth=2 dlog=5 dper=3 sims=7272 loop=7252 gen_time=0 eval_time=0.018 best_avg=-2.6151 best_move=5,0 leader=1 inc2=1 attack_w=0.2
DBG t=74 used=0.018 remain=0.491 turn_time=0.0171 end_in=0.0171 cand_pre=53 cand_cap=20 cand=53->20 pre=53 pick(must/bucket/top/rand)=1/4/11/4 depth0=11 depth=3 dlog=5 dper=3 sims=5204 loop=5184 gen_time=0 eval_time=0.018 best_avg=-2.43798 best_move=2,5 leader=1 inc2=1 attack_w=0.2
DBG t=86 used=0.018 remain=0.283 turn_time=0.0171215 end_in=0.0171215 cand_pre=62 cand_cap=14 cand=62->14 pre=42 pick(must/bucket/top/rand)=1/4/6/3 depth0=11 depth=2 dlog=5 dper=4 sims=6794 loop=6780 gen_time=0 eval_time=0.018 best_avg=-2.28348 best_move=0,5 leader=1 inc2=1 attack_w=0.2
DBG t=99 used=0.019 remain=0.031 turn_time=0.0186 end_in=0.0186 cand_pre=65 cand_cap=14 cand=65->14 pre=42 pick(must/bucket/top/rand)=1/5/5/3 depth0=0 depth=0 dlog=5 dper=4 sims=52610 loop=52596 gen_time=0 eval_time=0.019 best_avg=-2.1733 best_move=5,0 leader=1 inc2=1 attack_w=0.2
DBG summary depth_guard_fired=0
Score = 174143
=== CASE 0027.txt ===
DBG hdr N=10 M=5 T=100 U=1 VMAX=1278 TIME_LIMIT=1.94 MAX_CAND=20 UCB_C=0.21
DBG t=0 used=0.024 remain=1.94 turn_time=0.0237456 end_in=0.0237456 cand_pre=4 cand_cap=20 cand=4->4 pre=4 pick(must/bucket/top/rand)=1/2/1/0 depth0=7 depth=6 dlog=1 dper=0 sims=4404 loop=4400 gen_time=0 eval_time=0.024 best_avg=-0.329547 best_move=3,9 leader=4 inc2=1 attack_w=0.819098
DBG t=12 used=0.021 remain=1.667 turn_time=0.0206007 end_in=0.0206007 cand_pre=25 cand_cap=20 cand=25->20 pre=25 pick(must/bucket/top/rand)=1/2/13/4 depth0=7 depth=3 dlog=4 dper=0 sims=5196 loop=5176 gen_time=0 eval_time=0.021 best_avg=-0.657541 best_move=5,7 leader=2 inc2=0 attack_w=0.316969
DBG t=24 used=0.02 remain=1.405 turn_time=0.0197439 end_in=0.0197439 cand_pre=28 cand_cap=20 cand=28->20 pre=28 pick(must/bucket/top/rand)=1/6/9/4 depth0=7 depth=2 dlog=4 dper=1 sims=6036 loop=6016 gen_time=0 eval_time=0.02 best_avg=-0.0748203 best_move=6,6 leader=3 inc2=1 attack_w=0.2
DBG t=37 used=0.017 remain=1.164 turn_time=0.0166101 end_in=0.0166101 cand_pre=54 cand_cap=20 cand=54->20 pre=54 pick(must/bucket/top/rand)=1/6/9/4 depth0=10 depth=2 dlog=5 dper=3 sims=3700 loop=3680 gen_time=0 eval_time=0.017 best_avg=0.0837006 best_move=5,4 leader=4 inc2=1 attack_w=0.2
DBG t=49 used=0.018 remain=0.957 turn_time=0.0173574 end_in=0.0173574 cand_pre=50 cand_cap=20 cand=50->20 pre=50 pick(must/bucket/top/rand)=1/6/9/4 depth0=10 depth=2 dlog=5 dper=3 sims=4148 loop=4128 gen_time=0 eval_time=0.018 best_avg=-0.0509505 best_move=8,6 leader=1 inc2=1 attack_w=0.2
DBG t=61 used=0.022 remain=0.728 turn_time=0.021756 end_in=0.021756 cand_pre=13 cand_cap=20 cand=13->13 pre=13 pick(must/bucket/top/rand)=1/4/8/0 depth0=10 depth=7 dlog=3 dper=0 sims=1525 loop=1512 gen_time=0 eval_time=0.022 best_avg=-0.242534 best_move=8,2 leader=2 inc2=1 attack_w=0.2
DBG t=74 used=0.018 remain=0.487 turn_time=0.0176912 end_in=0.0176912 cand_pre=47 cand_cap=20 cand=47->20 pre=47 pick(must/bucket/top/rand)=1/6/9/4 depth0=11 depth=3 dlog=5 dper=3 sims=3004 loop=2984 gen_time=0 eval_time=0.018 best_avg=0.0849647 best_move=3,9 leader=3 inc2=1 attack_w=0.2
DBG t=86 used=0.017 remain=0.28 turn_time=0.01668 end_in=0.01668 cand_pre=64 cand_cap=14 cand=64->14 pre=42 pick(must/bucket/top/rand)=1/6/4/3 depth0=11 depth=2 dlog=5 dper=4 sims=4126 loop=4112 gen_time=0 eval_time=0.017 best_avg=0.388518 best_move=1,0 leader=4 inc2=1 attack_w=0.2
DBG t=99 used=0.017 remain=0.028 turn_time=0.0168 end_in=0.0168 cand_pre=52 cand_cap=20 cand=52->20 pre=52 pick(must/bucket/top/rand)=1/6/9/4 depth0=0 depth=0 dlog=5 dper=3 sims=19940 loop=19920 gen_time=0 eval_time=0.017 best_avg=0.514641 best_move=4,8 leader=1 inc2=1 attack_w=0.2
DBG summary depth_guard_fired=0
Score = 224604
=== CASE 0029.txt ===
DBG hdr N=10 M=3 T=100 U=5 VMAX=1023 TIME_LIMIT=1.94 MAX_CAND=20 UCB_C=0.21
DBG t=0 used=0.024 remain=1.94 turn_time=0.0236195 end_in=0.0236195 cand_pre=5 cand_cap=20 cand=5->5 pre=5 pick(must/bucket/top/rand)=1/2/2/0 depth0=7 depth=5 dlog=2 dper=0 sims=8129 loop=8124 gen_time=0 eval_time=0.024 best_avg=-1.35948 best_move=5,8 leader=1 inc2=1 attack_w=0.203239
DBG t=12 used=0.022 remain=1.663 turn_time=0.0214111 end_in=0.0214111 cand_pre=18 cand_cap=20 cand=18->18 pre=18 pick(must/bucket/top/rand)=1/8/7/2 depth0=7 depth=3 dlog=4 dper=0 sims=6094 loop=6076 gen_time=0 eval_time=0.022 best_avg=-1.47902 best_move=5,5 leader=1 inc2=1 attack_w=0.324917
DBG t=24 used=0.019 remain=1.416 turn_time=0.0189297 end_in=0.0189297 cand_pre=36 cand_cap=20 cand=36->20 pre=36 pick(must/bucket/top/rand)=1/8/7/4 depth0=7 depth=0 dlog=5 dper=2 sims=41992 loop=41972 gen_time=0 eval_time=0.019 best_avg=-1.3586 best_move=3,3 leader=1 inc2=1 attack_w=0.2
DBG t=37 used=0.018 remain=1.169 turn_time=0.0177669 end_in=0.0177669 cand_pre=45 cand_cap=20 cand=45->20 pre=45 pick(must/bucket/top/rand)=1/8/7/4 depth0=10 depth=2 dlog=5 dper=3 sims=4664 loop=4644 gen_time=0 eval_time=0.018 best_avg=-1.31837 best_move=5,3 leader=2 inc2=1 attack_w=0.2
DBG t=49 used=0.017 remain=0.956 turn_time=0.01673 end_in=0.01673 cand_pre=55 cand_cap=20 cand=55->20 pre=55 pick(must/bucket/top/rand)=1/8/7/4 depth0=10 depth=2 dlog=5 dper=3 sims=4104 loop=4084 gen_time=0 eval_time=0.017 best_avg=-1.18554 best_move=3,0 leader=1 inc2=1 attack_w=0.2
DBG t=61 used=0.018 remain=0.739 turn_time=0.0170349 end_in=0.0170349 cand_pre=54 cand_cap=20 cand=54->20 pre=54 pick(must/bucket/top/rand)=1/8/7/4 depth0=10 depth=2 dlog=5 dper=3 sims=4672 loop=4652 gen_time=0 eval_time=0.018 best_avg=-1.40811 best_move=8,7 leader=2 inc2=1 attack_w=0.2
DBG t=74 used=0.017 remain=0.503 turn_time=0.0166377 end_in=0.0166377 cand_pre=60 cand_cap=20 cand=60->20 pre=60 pick(must/bucket/top/rand)=1/8/7/4 depth0=11 depth=2 dlog=5 dper=4 sims=4440 loop=4420 gen_time=0 eval_time=0.017 best_avg=-1.36397 best_move=7,4 leader=2 inc2=1 attack_w=0.2
DBG t=86 used=0.019 remain=0.297 turn_time=0.0183822 end_in=0.0183822 cand_pre=59 cand_cap=20 cand=59->20 pre=59 pick(must/bucket/top/rand)=1/8/7/4 depth0=11 depth=3 dlog=5 dper=3 sims=3200 loop=3180 gen_time=0 eval_time=0.019 best_avg=-1.31173 best_move=7,4 leader=2 inc2=1 attack_w=0.2
DBG t=99 used=0.019 remain=0.03 turn_time=0.018 end_in=0.018 cand_pre=59 cand_cap=20 cand=59->20 pre=59 pick(must/bucket/top/rand)=1/8/7/4 depth0=0 depth=0 dlog=5 dper=3 sims=28812 loop=28792 gen_time=0 eval_time=0.019 best_avg=-1.19339 best_move=9,3 leader=2 inc2=1 attack_w=0.2
DBG summary depth_guard_fired=0
Score = 129261
=== CASE 0026.txt ===
DBG hdr N=10 M=3 T=100 U=1 VMAX=1795 TIME_LIMIT=1.94 MAX_CAND=20 UCB_C=0.21
DBG t=0 used=0.024 remain=1.94 turn_time=0.0236195 end_in=0.0236195 cand_pre=5 cand_cap=20 cand=5->5 pre=5 pick(must/bucket/top/rand)=1/3/1/0 depth0=7 depth=5 dlog=2 dper=0 sims=7241 loop=7236 gen_time=0 eval_time=0.024 best_avg=-1.23955 best_move=5,4 leader=2 inc2=1 attack_w=0.20191
DBG t=12 used=0.021 remain=1.672 turn_time=0.020045 end_in=0.020045 cand_pre=30 cand_cap=20 cand=30->20 pre=30 pick(must/bucket/top/rand)=1/6/9/4 depth0=7 depth=2 dlog=4 dper=1 sims=11740 loop=11720 gen_time=0 eval_time=0.021 best_avg=-1.28352 best_move=3,7 leader=1 inc2=1 attack_w=0.2
DBG t=24 used=0.023 remain=1.414 turn_time=0.0221682 end_in=0.0221682 cand_pre=9 cand_cap=20 cand=9->9 pre=9 pick(must/bucket/top/rand)=1/4/4/0 depth0=7 depth=4 dlog=3 dper=0 sims=7449 loop=7440 gen_time=0 eval_time=0.023 best_avg=-1.33389 best_move=8,7 leader=1 inc2=1 attack_w=0.2
DBG t=37 used=0.021 remain=1.132 turn_time=0.0208252 end_in=0.0208252 cand_pre=14 cand_cap=20 cand=14->14 pre=14 pick(must/bucket/top/rand)=1/4/9/0 depth0=10 depth=7 dlog=3 dper=0 sims=2574 loop=2560 gen_time=0 eval_time=0.021 best_avg=-1.45097 best_move=5,9 leader=1 inc2=1 attack_w=0.2
DBG t=49 used=0.019 remain=0.885 turn_time=0.0181946 end_in=0.0181946 cand_pre=31 cand_cap=20 cand=31->20 pre=31 pick(must/bucket/top/rand)=1/6/9/4 depth0=10 depth=5 dlog=4 dper=1 sims=3752 loop=3732 gen_time=0 eval_time=0.019 best_avg=-0.85897 best_move=1,7 leader=2 inc2=1 attack_w=0.2
DBG t=61 used=0.017 remain=0.674 turn_time=0.0167722 end_in=0.0167722 cand_pre=43 cand_cap=20 cand=43->20 pre=43 pick(must/bucket/top/rand)=1/5/10/4 depth0=10 depth=2 dlog=5 dper=3 sims=6672 loop=6652 gen_time=0 eval_time=0.017 best_avg=-0.642723 best_move=9,7 leader=1 inc2=1 attack_w=0.2
DBG t=74 used=0.021 remain=0.435 turn_time=0.0205872 end_in=0.0205872 cand_pre=3 cand_cap=20 cand=3->3 pre=3 pick(must/bucket/top/rand)=1/2/0/0 depth0=11 depth=10 dlog=1 dper=0 sims=1559 loop=1556 gen_time=0 eval_time=0.021 best_avg=-1.3246 best_move=9,6 leader=1 inc2=1 attack_w=0.2
DBG t=86 used=0.017 remain=0.21 turn_time=0.0167025 end_in=0.0167025 cand_pre=21 cand_cap=20 cand=21->20 pre=21 pick(must/bucket/top/rand)=1/4/11/4 depth0=11 depth=6 dlog=4 dper=0 sims=2100 loop=2080 gen_time=0 eval_time=0.017 best_avg=-1.4196 best_move=8,2 leader=2 inc2=1 attack_w=0.2
DBG depth_guard t=99 remain=0.018 cand_pre=60 depth0=0 depth=0
DBG t=99 used=0.011 remain=0.018 turn_time=0.0108 end_in=0.0108 cand_pre=60 cand_cap=14 cand=60->14 pre=42 pick(must/bucket/top/rand)=1/4/6/3 depth0=0 depth=0 dlog=5 dper=5 sims=12894 loop=12880 gen_time=0 eval_time=0.011 best_avg=-1.34772 best_move=6,6 leader=1 inc2=1 attack_w=0.2
DBG summary depth_guard_fired=1
Score = 114249
=== CASE 0028.txt ===
DBG hdr N=10 M=5 T=100 U=3 VMAX=1872 TIME_LIMIT=1.94 MAX_CAND=20 UCB_C=0.21
DBG t=0 used=0.024 remain=1.94 turn_time=0.0238717 end_in=0.0238717 cand_pre=3 cand_cap=20 cand=3->3 pre=3 pick(must/bucket/top/rand)=1/2/0/0 depth0=7 depth=6 dlog=1 dper=0 sims=4727 loop=4724 gen_time=0 eval_time=0.024 best_avg=-1.03127 best_move=0,0 leader=4 inc2=1 attack_w=0.13
DBG t=12 used=0.022 remain=1.658 turn_time=0.0219591 end_in=0.0219591 cand_pre=13 cand_cap=20 cand=13->13 pre=13 pick(must/bucket/top/rand)=1/4/8/0 depth0=7 depth=4 dlog=3 dper=0 sims=4533 loop=4520 gen_time=0 eval_time=0.022 best_avg=-0.805824 best_move=1,2 leader=1 inc2=0 attack_w=0.434994
DBG t=24 used=0.021 remain=1.392 turn_time=0.0206327 end_in=0.0206327 cand_pre=19 cand_cap=20 cand=19->19 pre=19 pick(must/bucket/top/rand)=1/5/10/3 depth0=7 depth=3 dlog=4 dper=0 sims=4955 loop=4936 gen_time=0 eval_time=0.021 best_avg=-0.922421 best_move=0,6 leader=1 inc2=0 attack_w=0.790705
DBG t=37 used=0.02 remain=1.123 turn_time=0.0190375 end_in=0.0190375 cand_pre=28 cand_cap=20 cand=28->20 pre=28 pick(must/bucket/top/rand)=1/7/8/4 depth0=10 depth=5 dlog=4 dper=1 sims=2588 loop=2568 gen_time=0 eval_time=0.02 best_avg=-0.944207 best_move=1,8 leader=1 inc2=0 attack_w=0.613293
DBG t=49 used=0.02 remain=0.879 turn_time=0.0199757 end_in=0.0199757 cand_pre=14 cand_cap=20 cand=14->14 pre=14 pick(must/bucket/top/rand)=1/6/7/0 depth0=10 depth=7 dlog=3 dper=0 sims=1902 loop=1888 gen_time=0 eval_time=0.02 best_avg=-0.508232 best_move=0,6 leader=1 inc2=0 attack_w=0.387065
DBG t=61 used=0.019 remain=0.649 turn_time=0.0188543 end_in=0.0188543 cand_pre=18 cand_cap=20 cand=18->18 pre=18 pick(must/bucket/top/rand)=1/6/9/2 depth0=10 depth=6 dlog=4 dper=0 sims=1898 loop=1880 gen_time=0 eval_time=0.019 best_avg=-0.583223 best_move=2,9 leader=1 inc2=0 attack_w=0.435111
DBG t=74 used=0.016 remain=0.405 turn_time=0.0157249 end_in=0.0157249 cand_pre=37 cand_cap=20 cand=37->20 pre=37 pick(must/bucket/top/rand)=1/8/7/4 depth0=11 depth=4 dlog=5 dper=2 sims=2088 loop=2068 gen_time=0 eval_time=0.016 best_avg=-0.570289 best_move=3,1 leader=1 inc2=1 attack_w=0.224128
DBG t=86 used=0.017 remain=0.209 turn_time=0.0169141 end_in=0.0169141 cand_pre=18 cand_cap=20 cand=18->18 pre=18 pick(must/bucket/top/rand)=1/8/7/2 depth0=11 depth=6 dlog=4 dper=0 sims=1766 loop=1748 gen_time=0 eval_time=0.017 best_avg=-0.297902 best_move=6,5 leader=1 inc2=1 attack_w=0.2
DBG depth_guard t=99 remain=0.011 cand_pre=33 depth0=0 depth=0
DBG t=99 used=0.007 remain=0.011 turn_time=0.0066 end_in=0.0066 cand_pre=33 cand_cap=12 cand=33->12 pre=33 pick(must/bucket/top/rand)=1/6/3/2 depth0=0 depth=0 dlog=4 dper=5 sims=9056 loop=9044 gen_time=0 eval_time=0.007 best_avg=-0.392343 best_move=8,6 leader=2 inc2=0 attack_w=0.2
DBG summary depth_guard_fired=1
Score = 123942
=== CASE 0030.txt ===
DBG hdr N=10 M=5 T=100 U=2 VMAX=2124 TIME_LIMIT=1.94 MAX_CAND=20 UCB_C=0.21
DBG t=0 used=0.024 remain=1.94 turn_time=0.0236195 end_in=0.0236195 cand_pre=5 cand_cap=20 cand=5->5 pre=5 pick(must/bucket/top/rand)=1/2/2/0 depth0=7 depth=5 dlog=2 dper=0 sims=5741 loop=5736 gen_time=0 eval_time=0.024 best_avg=-0.476993 best_move=7,6 leader=3 inc2=0 attack_w=0.442251
DBG t=12 used=0.022 remain=1.668 turn_time=0.0213523 end_in=0.0213523 cand_pre=19 cand_cap=20 cand=19->19 pre=19 pick(must/bucket/top/rand)=1/2/13/3 depth0=7 depth=3 dlog=4 dper=0 sims=4639 loop=4620 gen_time=0 eval_time=0.022 best_avg=-0.0621874 best_move=6,9 leader=2 inc2=1 attack_w=0.2
DBG t=24 used=0.02 remain=1.417 turn_time=0.0194278 end_in=0.0194278 cand_pre=32 cand_cap=20 cand=32->20 pre=32 pick(must/bucket/top/rand)=1/4/11/4 depth0=7 depth=2 dlog=4 dper=1 sims=5816 loop=5796 gen_time=0 eval_time=0.02 best_avg=-0.345955 best_move=7,5 leader=1 inc2=0 attack_w=0.2
DBG t=37 used=0.022 remain=1.153 turn_time=0.0214495 end_in=0.0214495 cand_pre=12 cand_cap=20 cand=12->12 pre=12 pick(must/bucket/top/rand)=1/3/8/0 depth0=10 depth=7 dlog=3 dper=0 sims=1900 loop=1888 gen_time=0 eval_time=0.022 best_avg=-0.545484 best_move=6,2 leader=1 inc2=0 attack_w=0.2
DBG t=49 used=0.018 remain=0.909 turn_time=0.0174136 end_in=0.0174136 cand_pre=42 cand_cap=20 cand=42->20 pre=42 pick(must/bucket/top/rand)=1/7/8/4 depth0=10 depth=3 dlog=5 dper=2 sims=3156 loop=3136 gen_time=0 eval_time=0.018 best_avg=-0.184621 best_move=4,8 leader=1 inc2=1 attack_w=0.2
DBG t=61 used=0.017 remain=0.697 turn_time=0.0167637 end_in=0.0167637 cand_pre=48 cand_cap=20 cand=48->20 pre=48 pick(must/bucket/top/rand)=1/7/8/4 depth0=10 depth=2 dlog=5 dper=3 sims=4660 loop=4640 gen_time=0 eval_time=0.017 best_avg=-0.0190587 best_move=3,6 leader=1 inc2=1 attack_w=0.2
DBG t=74 used=0.017 remain=0.465 turn_time=0.0166595 end_in=0.0166595 cand_pre=49 cand_cap=20 cand=49->20 pre=49 pick(must/bucket/top/rand)=1/8/7/4 depth0=11 depth=3 dlog=5 dper=3 sims=2948 loop=2928 gen_time=0 eval_time=0.017 best_avg=-0.000343637 best_move=7,2 leader=2 inc2=1 attack_w=0.2
DBG t=86 used=0.017 remain=0.262 turn_time=0.0165809 end_in=0.0165809 cand_pre=56 cand_cap=20 cand=56->20 pre=56 pick(must/bucket/top/rand)=1/8/7/4 depth0=11 depth=2 dlog=5 dper=4 sims=3808 loop=3788 gen_time=0 eval_time=0.017 best_avg=0.149065 best_move=7,0 leader=1 inc2=1 attack_w=0.2
DBG t=99 used=0.017 remain=0.028 turn_time=0.0168 end_in=0.0168 cand_pre=62 cand_cap=14 cand=62->14 pre=42 pick(must/bucket/top/rand)=1/8/2/3 depth0=0 depth=0 dlog=5 dper=4 sims=19902 loop=19888 gen_time=0 eval_time=0.017 best_avg=0.261815 best_move=5,3 leader=4 inc2=1 attack_w=0.2
DBG summary depth_guard_fired=0
Score = 191385
=== CASE 0031.txt ===
DBG hdr N=10 M=2 T=100 U=3 VMAX=3223 TIME_LIMIT=1.94 MAX_CAND=20 UCB_C=0.21
DBG t=0 used=0.024 remain=1.94 turn_time=0.0236195 end_in=0.0236195 cand_pre=5 cand_cap=20 cand=5->5 pre=5 pick(must/bucket/top/rand)=1/2/2/0 depth0=7 depth=5 dlog=2 dper=0 sims=11649 loop=11644 gen_time=0 eval_time=0.024 best_avg=-2.68696 best_move=9,8 leader=1 inc2=1 attack_w=0.85
DBG t=12 used=0.022 remain=1.661 turn_time=0.0213854 end_in=0.0213854 cand_pre=18 cand_cap=20 cand=18->18 pre=18 pick(must/bucket/top/rand)=1/4/11/2 depth0=7 depth=3 dlog=4 dper=0 sims=9410 loop=9392 gen_time=0 eval_time=0.022 best_avg=-3.31844 best_move=8,4 leader=1 inc2=1 attack_w=0.491059
DBG t=24 used=0.021 remain=1.403 turn_time=0.0204358 end_in=0.0204358 cand_pre=22 cand_cap=20 cand=22->20 pre=22 pick(must/bucket/top/rand)=1/4/11/4 depth0=7 depth=3 dlog=4 dper=0 sims=7060 loop=7040 gen_time=0 eval_time=0.021 best_avg=-3.41658 best_move=6,5 leader=1 inc2=1 attack_w=0.706053
DBG t=37 used=0.019 remain=1.145 turn_time=0.0188198 end_in=0.0188198 cand_pre=33 cand_cap=20 cand=33->20 pre=33 pick(must/bucket/top/rand)=1/4/11/4 depth0=10 depth=5 dlog=4 dper=1 sims=3224 loop=3204 gen_time=0 eval_time=0.019 best_avg=-3.44119 best_move=8,9 leader=1 inc2=1 attack_w=0.51208
DBG t=49 used=0.018 remain=0.921 turn_time=0.0171739 end_in=0.0171739 cand_pre=46 cand_cap=20 cand=46->20 pre=46 pick(must/bucket/top/rand)=1/8/7/4 depth0=10 depth=2 dlog=5 dper=3 sims=6220 loop=6200 gen_time=0 eval_time=0.018 best_avg=-3.21657 best_move=4,3 leader=1 inc2=1 attack_w=0.310821
DBG t=61 used=0.017 remain=0.713 turn_time=0.0165544 end_in=0.0165544 cand_pre=53 cand_cap=20 cand=53->20 pre=53 pick(must/bucket/top/rand)=1/8/7/4 depth0=10 depth=2 dlog=5 dper=3 sims=5872 loop=5852 gen_time=0 eval_time=0.017 best_avg=-2.83258 best_move=4,2 leader=1 inc2=1 attack_w=0.2
DBG t=74 used=0.018 remain=0.487 turn_time=0.0172042 end_in=0.0172042 cand_pre=51 cand_cap=20 cand=51->20 pre=51 pick(must/bucket/top/rand)=1/8/7/4 depth0=11 depth=3 dlog=5 dper=3 sims=4484 loop=4464 gen_time=0 eval_time=0.018 best_avg=-2.54132 best_move=1,3 leader=1 inc2=1 attack_w=0.2
DBG t=86 used=0.018 remain=0.273 turn_time=0.017277 end_in=0.017277 cand_pre=56 cand_cap=20 cand=56->20 pre=56 pick(must/bucket/top/rand)=1/8/7/4 depth0=11 depth=3 dlog=5 dper=3 sims=4532 loop=4512 gen_time=0 eval_time=0.018 best_avg=-2.20046 best_move=1,3 leader=1 inc2=1 attack_w=0.2
DBG t=99 used=0.017 remain=0.028 turn_time=0.0168 end_in=0.0168 cand_pre=63 cand_cap=14 cand=63->14 pre=42 pick(must/bucket/top/rand)=1/8/2/3 depth0=0 depth=0 dlog=5 dper=4 sims=46166 loop=46152 gen_time=0 eval_time=0.017 best_avg=-1.73376 best_move=5,2 leader=1 inc2=1 attack_w=0.2
DBG summary depth_guard_fired=0
Score = 225343
=== CASE 0032.txt ===
DBG hdr N=10 M=3 T=100 U=5 VMAX=1964 TIME_LIMIT=1.94 MAX_CAND=20 UCB_C=0.21
DBG t=0 used=0.024 remain=1.94 turn_time=0.0236195 end_in=0.0236195 cand_pre=5 cand_cap=20 cand=5->5 pre=5 pick(must/bucket/top/rand)=1/2/2/0 depth0=7 depth=5 dlog=2 dper=0 sims=9369 loop=9364 gen_time=0 eval_time=0.024 best_avg=-1.71522 best_move=2,1 leader=1 inc2=1 attack_w=0.85
DBG t=12 used=0.021 remain=1.673 turn_time=0.0205513 end_in=0.0205513 cand_pre=26 cand_cap=20 cand=26->20 pre=26 pick(must/bucket/top/rand)=1/2/13/4 depth0=7 depth=3 dlog=4 dper=0 sims=7704 loop=7684 gen_time=0 eval_time=0.021 best_avg=-1.09766 best_move=0,5 leader=1 inc2=1 attack_w=0.2
DBG t=24 used=0.02 remain=1.426 turn_time=0.0196732 end_in=0.0196732 cand_pre=31 cand_cap=20 cand=31->20 pre=31 pick(must/bucket/top/rand)=1/3/12/4 depth0=7 depth=2 dlog=4 dper=1 sims=8044 loop=8024 gen_time=0 eval_time=0.02 best_avg=-1.38721 best_move=1,8 leader=1 inc2=1 attack_w=0.2
DBG t=37 used=0.019 remain=1.167 turn_time=0.0188202 end_in=0.0188202 cand_pre=36 cand_cap=20 cand=36->20 pre=36 pick(must/bucket/top/rand)=1/8/7/4 depth0=10 depth=3 dlog=5 dper=2 sims=4708 loop=4688 gen_time=0 eval_time=0.019 best_avg=-1.5043 best_move=3,5 leader=1 inc2=1 attack_w=0.2
DBG t=49 used=0.019 remain=0.94 turn_time=0.0181273 end_in=0.0181273 cand_pre=41 cand_cap=20 cand=41->20 pre=41 pick(must/bucket/top/rand)=1/8/7/4 depth0=10 depth=3 dlog=5 dper=2 sims=4500 loop=4480 gen_time=0 eval_time=0.019 best_avg=-1.31652 best_move=4,5 leader=2 inc2=1 attack_w=0.2
DBG t=61 used=0.019 remain=0.715 turn_time=0.0180308 end_in=0.0180308 cand_pre=41 cand_cap=20 cand=41->20 pre=41 pick(must/bucket/top/rand)=1/8/7/4 depth0=10 depth=3 dlog=5 dper=2 sims=4320 loop=4300 gen_time=0 eval_time=0.019 best_avg=-1.29866 best_move=1,8 leader=2 inc2=1 attack_w=0.2
DBG t=74 used=0.018 remain=0.475 turn_time=0.0179678 end_in=0.0179678 cand_pre=41 cand_cap=20 cand=41->20 pre=41 pick(must/bucket/top/rand)=1/8/7/4 depth0=11 depth=4 dlog=5 dper=2 sims=3176 loop=3156 gen_time=0 eval_time=0.018 best_avg=-1.40032 best_move=4,5 leader=2 inc2=1 attack_w=0.2
DBG t=86 used=0.019 remain=0.252 turn_time=0.018405 end_in=0.018405 cand_pre=35 cand_cap=20 cand=35->20 pre=35 pick(must/bucket/top/rand)=1/8/7/4 depth0=11 depth=5 dlog=4 dper=2 sims=2688 loop=2668 gen_time=0 eval_time=0.019 best_avg=-1.54217 best_move=4,5 leader=2 inc2=1 attack_w=0.2
DBG depth_guard t=99 remain=0.018 cand_pre=45 depth0=0 depth=0
DBG t=99 used=0.011 remain=0.018 turn_time=0.0108 end_in=0.0108 cand_pre=45 cand_cap=14 cand=45->14 pre=42 pick(must/bucket/top/rand)=1/8/2/3 depth0=0 depth=0 dlog=5 dper=4 sims=16886 loop=16872 gen_time=0 eval_time=0.011 best_avg=-1.40509 best_move=4,2 leader=2 inc2=1 attack_w=0.2
DBG summary depth_guard_fired=1
Score = 117658
=== CASE 0034.txt ===
DBG hdr N=10 M=4 T=100 U=3 VMAX=2224 TIME_LIMIT=1.94 MAX_CAND=20 UCB_C=0.21
DBG t=0 used=0.024 remain=1.94 turn_time=0.0236195 end_in=0.0236195 cand_pre=5 cand_cap=20 cand=5->5 pre=5 pick(must/bucket/top/rand)=1/2/2/0 depth0=7 depth=5 dlog=2 dper=0 sims=6665 loop=6660 gen_time=0 eval_time=0.024 best_avg=-1.10693 best_move=8,6 leader=1 inc2=1 attack_w=0.735302
DBG t=12 used=0.023 remain=1.659 turn_time=0.0222174 end_in=0.0222174 cand_pre=11 cand_cap=20 cand=11->11 pre=11 pick(must/bucket/top/rand)=1/2/8/0 depth0=7 depth=4 dlog=3 dper=0 sims=5531 loop=5520 gen_time=0 eval_time=0.023 best_avg=-1.24223 best_move=9,6 leader=1 inc2=1 attack_w=0.370106
DBG t=24 used=0.021 remain=1.395 turn_time=0.0204386 end_in=0.0204386 cand_pre=21 cand_cap=20 cand=21->20 pre=21 pick(must/bucket/top/rand)=1/2/13/4 depth0=7 depth=3 dlog=4 dper=0 sims=5204 loop=5184 gen_time=0 eval_time=0.021 best_avg=-1.31482 best_move=5,4 leader=1 inc2=1 attack_w=0.85
DBG t=37 used=0.019 remain=1.132 turn_time=0.0186061 end_in=0.0186061 cand_pre=33 cand_cap=20 cand=33->20 pre=33 pick(must/bucket/top/rand)=1/6/9/4 depth0=10 depth=5 dlog=4 dper=1 sims=2576 loop=2556 gen_time=0 eval_time=0.019 best_avg=-1.29615 best_move=6,1 leader=1 inc2=1 attack_w=0.85
DBG t=49 used=0.018 remain=0.91 turn_time=0.0175487 end_in=0.0175487 cand_pre=41 cand_cap=20 cand=41->20 pre=41 pick(must/bucket/top/rand)=1/6/9/4 depth0=10 depth=3 dlog=5 dper=2 sims=3876 loop=3856 gen_time=0 eval_time=0.018 best_avg=-1.17467 best_move=4,1 leader=1 inc2=0 attack_w=0.808191
DBG t=61 used=0.018 remain=0.694 turn_time=0.0172699 end_in=0.0172699 cand_pre=43 cand_cap=20 cand=43->20 pre=43 pick(must/bucket/top/rand)=1/6/9/4 depth0=10 depth=3 dlog=5 dper=2 sims=3728 loop=3708 gen_time=0 eval_time=0.018 best_avg=-1.02367 best_move=2,0 leader=1 inc2=0 attack_w=0.387016
DBG t=74 used=0.018 remain=0.46 turn_time=0.0171704 end_in=0.0171704 cand_pre=43 cand_cap=20 cand=43->20 pre=43 pick(must/bucket/top/rand)=1/8/7/4 depth0=11 depth=3 dlog=5 dper=3 sims=3388 loop=3368 gen_time=0 eval_time=0.018 best_avg=-1.01898 best_move=4,3 leader=1 inc2=1 attack_w=0.397211
DBG t=86 used=0.018 remain=0.247 turn_time=0.0171224 end_in=0.0171224 cand_pre=43 cand_cap=20 cand=43->20 pre=43 pick(must/bucket/top/rand)=1/8/7/4 depth0=11 depth=3 dlog=5 dper=3 sims=3456 loop=3436 gen_time=0 eval_time=0.018 best_avg=-0.993202 best_move=5,1 leader=1 inc2=1 attack_w=0.308978
DBG depth_guard t=99 remain=0.017 cand_pre=38 depth0=0 depth=0
DBG t=99 used=0.011 remain=0.017 turn_time=0.0102 end_in=0.0102 cand_pre=38 cand_cap=14 cand=38->14 pre=38 pick(must/bucket/top/rand)=1/8/2/3 depth0=0 depth=0 dlog=5 dper=4 sims=12726 loop=12712 gen_time=0 eval_time=0.011 best_avg=-0.873911 best_move=2,1 leader=1 inc2=1 attack_w=0.2
DBG summary depth_guard_fired=1
Score = 110561
=== CASE 0035.txt ===
DBG hdr N=10 M=6 T=100 U=2 VMAX=1863 TIME_LIMIT=1.94 MAX_CAND=20 UCB_C=0.21
DBG t=0 used=0.024 remain=1.94 turn_time=0.0238717 end_in=0.0238717 cand_pre=3 cand_cap=20 cand=3->3 pre=3 pick(must/bucket/top/rand)=1/2/0/0 depth0=7 depth=6 dlog=1 dper=0 sims=4171 loop=4168 gen_time=0 eval_time=0.024 best_avg=-1.67543 best_move=0,2 leader=3 inc2=1 attack_w=0.85
DBG t=12 used=0.022 remain=1.661 turn_time=0.0213854 end_in=0.0213854 cand_pre=18 cand_cap=20 cand=18->18 pre=18 pick(must/bucket/top/rand)=1/3/12/2 depth0=7 depth=3 dlog=4 dper=0 sims=5682 loop=5664 gen_time=0 eval_time=0.022 best_avg=-1.18546 best_move=7,0 leader=3 inc2=1 attack_w=0.85
DBG t=24 used=0.02 remain=1.409 turn_time=0.0194386 end_in=0.0194386 cand_pre=31 cand_cap=20 cand=31->20 pre=31 pick(must/bucket/top/rand)=1/5/10/4 depth0=7 depth=2 dlog=4 dper=1 sims=5948 loop=5928 gen_time=0 eval_time=0.02 best_avg=-0.718358 best_move=8,6 leader=3 inc2=1 attack_w=0.85
DBG t=37 used=0.019 remain=1.158 turn_time=0.0185556 end_in=0.0185556 cand_pre=37 cand_cap=20 cand=37->20 pre=37 pick(must/bucket/top/rand)=1/7/8/4 depth0=10 depth=3 dlog=5 dper=2 sims=3352 loop=3332 gen_time=0 eval_time=0.019 best_avg=-0.467302 best_move=6,5 leader=1 inc2=1 attack_w=0.2
DBG t=49 used=0.018 remain=0.932 turn_time=0.0177354 end_in=0.0177354 cand_pre=43 cand_cap=20 cand=43->20 pre=43 pick(must/bucket/top/rand)=1/7/8/4 depth0=10 depth=3 dlog=5 dper=2 sims=3216 loop=3196 gen_time=0 eval_time=0.018 best_avg=-0.399878 best_move=6,7 leader=2 inc2=1 attack_w=0.2
DBG t=61 used=0.018 remain=0.716 turn_time=0.0176981 end_in=0.0176981 cand_pre=44 cand_cap=20 cand=44->20 pre=44 pick(must/bucket/top/rand)=1/6/9/4 depth0=10 depth=3 dlog=5 dper=2 sims=3276 loop=3256 gen_time=0 eval_time=0.018 best_avg=-0.372239 best_move=7,7 leader=1 inc2=1 attack_w=0.2
DBG t=74 used=0.018 remain=0.474 turn_time=0.017693 end_in=0.017693 cand_pre=43 cand_cap=20 cand=43->20 pre=43 pick(must/bucket/top/rand)=1/6/9/4 depth0=11 depth=4 dlog=5 dper=2 sims=2424 loop=2404 gen_time=0 eval_time=0.018 best_avg=-0.341222 best_move=4,4 leader=2 inc2=1 attack_w=0.2
DBG t=86 used=0.018 remain=0.255 turn_time=0.0172034 end_in=0.0172034 cand_pre=47 cand_cap=20 cand=47->20 pre=47 pick(must/bucket/top/rand)=1/7/8/4 depth0=11 depth=3 dlog=5 dper=3 sims=3640 loop=3620 gen_time=0 eval_time=0.018 best_avg=-0.184907 best_move=8,5 leader=1 inc2=1 attack_w=0.2
DBG t=99 used=0.013 remain=0.021 turn_time=0.0126 end_in=0.0126 cand_pre=54 cand_cap=16 cand=54->16 pre=48 pick(must/bucket/top/rand)=1/8/3/4 depth0=0 depth=0 dlog=5 dper=4 sims=23980 loop=23964 gen_time=0 eval_time=0.013 best_avg=0.122549 best_move=6,6 leader=2 inc2=1 attack_w=0.2
DBG summary depth_guard_fired=0
Score = 163273
=== CASE 0033.txt ===
DBG hdr N=10 M=8 T=100 U=4 VMAX=2465 TIME_LIMIT=1.94 MAX_CAND=20 UCB_C=0.21
DBG t=0 used=0.024 remain=1.94 turn_time=0.0237456 end_in=0.0237456 cand_pre=4 cand_cap=20 cand=4->4 pre=4 pick(must/bucket/top/rand)=1/2/1/0 depth0=7 depth=6 dlog=1 dper=0 sims=3140 loop=3136 gen_time=0 eval_time=0.024 best_avg=-1.19737 best_move=7,8 leader=7 inc2=1 attack_w=0.85
DBG t=12 used=0.023 remain=1.663 turn_time=0.0225166 end_in=0.0225166 cand_pre=9 cand_cap=20 cand=9->9 pre=9 pick(must/bucket/top/rand)=1/6/2/0 depth0=7 depth=4 dlog=3 dper=0 sims=3593 loop=3584 gen_time=0 eval_time=0.023 best_avg=-0.608385 best_move=6,4 leader=7 inc2=1 attack_w=0.85
DBG t=24 used=0.022 remain=1.396 turn_time=0.0210502 end_in=0.0210502 cand_pre=16 cand_cap=20 cand=16->16 pre=16 pick(must/bucket/top/rand)=1/4/11/0 depth0=7 depth=4 dlog=3 dper=0 sims=3096 loop=3080 gen_time=0 eval_time=0.022 best_avg=-0.309933 best_move=8,5 leader=6 inc2=1 attack_w=0.236059
DBG t=37 used=0.02 remain=1.125 turn_time=0.0196518 end_in=0.0196518 cand_pre=23 cand_cap=20 cand=23->20 pre=23 pick(must/bucket/top/rand)=1/4/11/4 depth0=10 depth=6 dlog=4 dper=0 sims=1768 loop=1748 gen_time=0 eval_time=0.02 best_avg=-0.278185 best_move=6,4 leader=6 inc2=1 attack_w=0.2
DBG t=49 used=0.02 remain=0.885 turn_time=0.0194353 end_in=0.0194353 cand_pre=20 cand_cap=20 cand=20->20 pre=20 pick(must/bucket/top/rand)=1/3/12/4 depth0=10 depth=6 dlog=4 dper=0 sims=1784 loop=1764 gen_time=0 eval_time=0.02 best_avg=-0.385022 best_move=8,4 leader=6 inc2=1 attack_w=0.239719
DBG t=61 used=0.019 remain=0.653 turn_time=0.0183175 end_in=0.0183175 cand_pre=24 cand_cap=20 cand=24->20 pre=24 pick(must/bucket/top/rand)=1/4/11/4 depth0=10 depth=6 dlog=4 dper=0 sims=1612 loop=1592 gen_time=0 eval_time=0.019 best_avg=-0.536014 best_move=7,6 leader=6 inc2=1 attack_w=0.43185
DBG t=74 used=0.018 remain=0.413 turn_time=0.017481 end_in=0.017481 cand_pre=23 cand_cap=20 cand=23->20 pre=23 pick(must/bucket/top/rand)=1/4/11/4 depth0=11 depth=7 dlog=4 dper=0 sims=1296 loop=1276 gen_time=0 eval_time=0.018 best_avg=-0.505443 best_move=5,4 leader=6 inc2=1 attack_w=0.235387
DBG t=86 used=0.016 remain=0.206 turn_time=0.0159061 end_in=0.0159061 cand_pre=26 cand_cap=20 cand=26->20 pre=26 pick(must/bucket/top/rand)=1/5/10/4 depth0=11 depth=6 dlog=4 dper=1 sims=1284 loop=1264 gen_time=0 eval_time=0.016 best_avg=-0.592496 best_move=8,4 leader=6 inc2=1 attack_w=0.666555
DBG depth_guard t=99 remain=0.009 cand_pre=23 depth0=0 depth=0
DBG t=99 used=0.006 remain=0.009 turn_time=0.0054 end_in=0.0054 cand_pre=23 cand_cap=12 cand=23->12 pre=23 pick(must/bucket/top/rand)=1/5/4/2 depth0=0 depth=0 dlog=4 dper=4 sims=4496 loop=4484 gen_time=0 eval_time=0.006 best_avg=-0.551282 best_move=5,6 leader=6 inc2=1 attack_w=0.527775
DBG summary depth_guard_fired=1
Score = 92022
=== CASE 0036.txt ===
DBG hdr N=10 M=4 T=100 U=4 VMAX=1042 TIME_LIMIT=1.94 MAX_CAND=20 UCB_C=0.21
DBG t=0 used=0.024 remain=1.94 turn_time=0.0236195 end_in=0.0236195 cand_pre=5 cand_cap=20 cand=5->5 pre=5 pick(must/bucket/top/rand)=1/3/1/0 depth0=7 depth=5 dlog=2 dper=0 sims=7517 loop=7512 gen_time=0 eval_time=0.024 best_avg=-0.920749 best_move=7,4 leader=2 inc2=1 attack_w=0.183701
DBG t=12 used=0.022 remain=1.662 turn_time=0.0212755 end_in=0.0212755 cand_pre=19 cand_cap=20 cand=19->19 pre=19 pick(must/bucket/top/rand)=1/6/9/3 depth0=7 depth=3 dlog=4 dper=0 sims=7683 loop=7664 gen_time=0 eval_time=0.022 best_avg=-0.959664 best_move=6,4 leader=1 inc2=1 attack_w=0.2
DBG t=24 used=0.019 remain=1.402 turn_time=0.0188624 end_in=0.0188624 cand_pre=35 cand_cap=20 cand=35->20 pre=35 pick(must/bucket/top/rand)=1/7/8/4 depth0=7 depth=1 dlog=4 dper=2 sims=7516 loop=7496 gen_time=0 eval_time=0.019 best_avg=-0.624258 best_move=3,2 leader=1 inc2=1 attack_w=0.2
DBG t=37 used=0.018 remain=1.16 turn_time=0.0175105 end_in=0.0175105 cand_pre=46 cand_cap=20 cand=46->20 pre=46 pick(must/bucket/top/rand)=1/6/9/4 depth0=10 depth=2 dlog=5 dper=3 sims=5812 loop=5792 gen_time=0 eval_time=0.018 best_avg=-0.622809 best_move=2,4 leader=1 inc2=0 attack_w=0.2
DBG t=49 used=0.018 remain=0.944 turn_time=0.0170013 end_in=0.0170013 cand_pre=51 cand_cap=20 cand=51->20 pre=51 pick(must/bucket/top/rand)=1/6/9/4 depth0=10 depth=2 dlog=5 dper=3 sims=5744 loop=5724 gen_time=0 eval_time=0.018 best_avg=-0.686553 best_move=3,0 leader=1 inc2=1 attack_w=0.2
DBG t=61 used=0.017 remain=0.738 turn_time=0.0168888 end_in=0.0168888 cand_pre=55 cand_cap=20 cand=55->20 pre=55 pick(must/bucket/top/rand)=1/6/9/4 depth0=10 depth=2 dlog=5 dper=3 sims=4856 loop=4836 gen_time=0 eval_time=0.017 best_avg=-0.571417 best_move=2,6 leader=2 inc2=1 attack_w=0.2
DBG t=74 used=0.017 remain=0.512 turn_time=0.0169354 end_in=0.0169354 cand_pre=60 cand_cap=20 cand=60->20 pre=60 pick(must/bucket/top/rand)=1/8/7/4 depth0=11 depth=2 dlog=5 dper=4 sims=4880 loop=4860 gen_time=0 eval_time=0.017 best_avg=-0.505422 best_move=1,6 leader=2 inc2=1 attack_w=0.2
DBG t=86 used=0.018 remain=0.301 turn_time=0.017372 end_in=0.017372 cand_pre=68 cand_cap=14 cand=68->14 pre=42 pick(must/bucket/top/rand)=1/6/4/3 depth0=11 depth=2 dlog=5 dper=4 sims=4598 loop=4584 gen_time=0 eval_time=0.018 best_avg=-0.384063 best_move=6,7 leader=3 inc2=1 attack_w=0.2
DBG t=99 used=0.022 remain=0.036 turn_time=0.0216 end_in=0.0216 cand_pre=68 cand_cap=14 cand=68->14 pre=42 pick(must/bucket/top/rand)=1/8/2/3 depth0=0 depth=0 dlog=5 dper=3 sims=34666 loop=34652 gen_time=0 eval_time=0.022 best_avg=-0.344676 best_move=1,8 leader=3 inc2=1 attack_w=0.2
DBG summary depth_guard_fired=0
Score = 158883
=== CASE 0037.txt ===
DBG hdr N=10 M=5 T=100 U=3 VMAX=1977 TIME_LIMIT=1.94 MAX_CAND=20 UCB_C=0.21
DBG t=0 used=0.024 remain=1.94 turn_time=0.0236195 end_in=0.0236195 cand_pre=5 cand_cap=20 cand=5->5 pre=5 pick(must/bucket/top/rand)=1/2/2/0 depth0=7 depth=5 dlog=2 dper=0 sims=6141 loop=6136 gen_time=0 eval_time=0.024 best_avg=-1.13351 best_move=8,4 leader=3 inc2=1 attack_w=0.85
DBG t=12 used=0.022 remain=1.665 turn_time=0.0214369 end_in=0.0214369 cand_pre=18 cand_cap=20 cand=18->18 pre=18 pick(must/bucket/top/rand)=1/3/12/2 depth0=7 depth=3 dlog=4 dper=0 sims=5702 loop=5684 gen_time=0 eval_time=0.022 best_avg=-0.759275 best_move=7,2 leader=4 inc2=0 attack_w=0.2
DBG t=24 used=0.021 remain=1.396 turn_time=0.0202144 end_in=0.0202144 cand_pre=23 cand_cap=20 cand=23->20 pre=23 pick(must/bucket/top/rand)=1/4/11/4 depth0=7 depth=3 dlog=4 dper=0 sims=3688 loop=3668 gen_time=0 eval_time=0.021 best_avg=-0.905737 best_move=9,7 leader=4 inc2=1 attack_w=0.35697
DBG t=37 used=0.02 remain=1.135 turn_time=0.0190067 end_in=0.0190067 cand_pre=30 cand_cap=20 cand=30->20 pre=30 pick(must/bucket/top/rand)=1/6/9/4 depth0=10 depth=5 dlog=4 dper=1 sims=2200 loop=2180 gen_time=0 eval_time=0.02 best_avg=-1.06881 best_move=9,9 leader=4 inc2=0 attack_w=0.572811
DBG t=49 used=0.021 remain=0.884 turn_time=0.0200893 end_in=0.0200893 cand_pre=14 cand_cap=20 cand=14->14 pre=14 pick(must/bucket/top/rand)=1/7/6/0 depth0=10 depth=7 dlog=3 dper=0 sims=2274 loop=2260 gen_time=0 eval_time=0.021 best_avg=-1.47712 best_move=6,8 leader=4 inc2=1 attack_w=0.85
DBG t=61 used=0.019 remain=0.638 turn_time=0.0188537 end_in=0.0188537 cand_pre=15 cand_cap=20 cand=15->15 pre=15 pick(must/bucket/top/rand)=1/5/9/0 depth0=10 depth=7 dlog=3 dper=0 sims=1623 loop=1608 gen_time=0 eval_time=0.019 best_avg=-1.76766 best_move=9,7 leader=4 inc2=1 attack_w=0.85
DBG t=74 used=0.017 remain=0.402 turn_time=0.0167139 end_in=0.0167139 cand_pre=26 cand_cap=20 cand=26->20 pre=26 pick(must/bucket/top/rand)=1/6/9/4 depth0=11 depth=6 dlog=4 dper=1 sims=1420 loop=1400 gen_time=0 eval_time=0.017 best_avg=-1.48803 best_move=6,6 leader=4 inc2=1 attack_w=0.85
DBG t=86 used=0.015 remain=0.204 turn_time=0.0147099 end_in=0.0147099 cand_pre=37 cand_cap=20 cand=37->20 pre=37 pick(must/bucket/top/rand)=1/7/8/4 depth0=11 depth=3 dlog=5 dper=3 sims=2748 loop=2728 gen_time=0 eval_time=0.015 best_avg=-1.34811 best_move=7,8 leader=4 inc2=0 attack_w=0.85
DBG depth_guard t=99 remain=0.01 cand_pre=27 depth0=0 depth=0
DBG t=99 used=0.007 remain=0.01 turn_time=0.006 end_in=0.006 cand_pre=27 cand_cap=12 cand=27->12 pre=27 pick(must/bucket/top/rand)=1/6/3/2 depth0=0 depth=0 dlog=4 dper=4 sims=7416 loop=7404 gen_time=0 eval_time=0.007 best_avg=-1.2211 best_move=5,3 leader=4 inc2=0 attack_w=0.85
DBG summary depth_guard_fired=1
Score = 71306
=== CASE 0039.txt ===
DBG hdr N=10 M=7 T=100 U=1 VMAX=1630 TIME_LIMIT=1.94 MAX_CAND=20 UCB_C=0.21
DBG t=0 used=0.024 remain=1.94 turn_time=0.0237456 end_in=0.0237456 cand_pre=4 cand_cap=20 cand=4->4 pre=4 pick(must/bucket/top/rand)=1/2/1/0 depth0=7 depth=6 dlog=1 dper=0 sims=3376 loop=3372 gen_time=0 eval_time=0.024 best_avg=-1.02253 best_move=8,1 leader=1 inc2=1 attack_w=0.85
DBG t=12 used=0.024 remain=1.667 turn_time=0.0231865 end_in=0.0231865 cand_pre=4 cand_cap=20 cand=4->4 pre=4 pick(must/bucket/top/rand)=1/1/2/0 depth0=7 depth=6 dlog=1 dper=0 sims=3004 loop=3000 gen_time=0 eval_time=0.024 best_avg=-0.61698 best_move=0,1 leader=2 inc2=1 attack_w=0.463084
DBG t=24 used=0.021 remain=1.384 turn_time=0.0208693 end_in=0.0208693 cand_pre=16 cand_cap=20 cand=16->16 pre=16 pick(must/bucket/top/rand)=1/4/11/0 depth0=7 depth=4 dlog=3 dper=0 sims=3348 loop=3332 gen_time=0 eval_time=0.021 best_avg=-0.30759 best_move=3,4 leader=6 inc2=1 attack_w=0.2
DBG t=37 used=0.02 remain=1.117 turn_time=0.0196273 end_in=0.0196273 cand_pre=22 cand_cap=20 cand=22->20 pre=22 pick(must/bucket/top/rand)=1/5/10/4 depth0=10 depth=6 dlog=4 dper=0 sims=2384 loop=2364 gen_time=0 eval_time=0.02 best_avg=0.258259 best_move=5,0 leader=4 inc2=1 attack_w=0.2
DBG t=49 used=0.017 remain=0.894 turn_time=0.0166705 end_in=0.0166705 cand_pre=46 cand_cap=20 cand=46->20 pre=46 pick(must/bucket/top/rand)=1/6/9/4 depth0=10 depth=2 dlog=5 dper=3 sims=5132 loop=5112 gen_time=0 eval_time=0.017 best_avg=0.293321 best_move=4,1 leader=3 inc2=1 attack_w=0.2
DBG t=61 used=0.017 remain=0.69 turn_time=0.0163654 end_in=0.0163654 cand_pre=50 cand_cap=20 cand=50->20 pre=50 pick(must/bucket/top/rand)=1/6/9/4 depth0=10 depth=2 dlog=5 dper=3 sims=4832 loop=4812 gen_time=0 eval_time=0.017 best_avg=0.670699 best_move=0,8 leader=4 inc2=1 attack_w=0.2
DBG t=74 used=0.017 remain=0.467 turn_time=0.0160307 end_in=0.0160307 cand_pre=55 cand_cap=20 cand=55->20 pre=55 pick(must/bucket/top/rand)=1/6/9/4 depth0=11 depth=2 dlog=5 dper=4 sims=3860 loop=3840 gen_time=0 eval_time=0.017 best_avg=0.583517 best_move=3,7 leader=6 inc2=1 attack_w=0.2
DBG t=86 used=0.019 remain=0.251 turn_time=0.0184485 end_in=0.0184485 cand_pre=34 cand_cap=20 cand=34->20 pre=34 pick(must/bucket/top/rand)=1/4/11/4 depth0=11 depth=5 dlog=4 dper=2 sims=1956 loop=1936 gen_time=0 eval_time=0.019 best_avg=0.785945 best_move=2,9 leader=6 inc2=1 attack_w=0.2
DBG t=99 used=0.013 remain=0.02 turn_time=0.012 end_in=0.012 cand_pre=61 cand_cap=14 cand=61->14 pre=42 pick(must/bucket/top/rand)=1/6/4/3 depth0=0 depth=0 dlog=5 dper=5 sims=24070 loop=24056 gen_time=0 eval_time=0.013 best_avg=0.779306 best_move=1,9 leader=4 inc2=1 attack_w=0.2
DBG summary depth_guard_fired=0
Score = 215918
=== CASE 0038.txt ===
DBG hdr N=10 M=6 T=100 U=1 VMAX=2195 TIME_LIMIT=1.94 MAX_CAND=20 UCB_C=0.21
DBG t=0 used=0.024 remain=1.94 turn_time=0.0237456 end_in=0.0237456 cand_pre=4 cand_cap=20 cand=4->4 pre=4 pick(must/bucket/top/rand)=1/2/1/0 depth0=7 depth=6 dlog=1 dper=0 sims=3696 loop=3692 gen_time=0 eval_time=0.024 best_avg=-0.876441 best_move=1,3 leader=1 inc2=1 attack_w=0.85
DBG t=12 used=0.021 remain=1.666 turn_time=0.0208345 end_in=0.0208345 cand_pre=23 cand_cap=20 cand=23->20 pre=23 pick(must/bucket/top/rand)=1/6/9/4 depth0=7 depth=3 dlog=4 dper=0 sims=5532 loop=5512 gen_time=0 eval_time=0.021 best_avg=0.421509 best_move=3,3 leader=1 inc2=1 attack_w=0.2
DBG t=24 used=0.02 remain=1.405 turn_time=0.019023 end_in=0.019023 cand_pre=34 cand_cap=20 cand=34->20 pre=34 pick(must/bucket/top/rand)=1/6/9/4 depth0=7 depth=2 dlog=4 dper=1 sims=6044 loop=6024 gen_time=0 eval_time=0.02 best_avg=0.815066 best_move=4,4 leader=1 inc2=1 attack_w=0.2
DBG t=37 used=0.021 remain=1.14 turn_time=0.0200314 end_in=0.0200314 cand_pre=22 cand_cap=20 cand=22->20 pre=22 pick(must/bucket/top/rand)=1/4/11/4 depth0=10 depth=6 dlog=4 dper=0 sims=2056 loop=2036 gen_time=0 eval_time=0.021 best_avg=-0.625521 best_move=5,2 leader=3 inc2=1 attack_w=0.2
DBG t=49 used=0.018 remain=0.908 turn_time=0.017163 end_in=0.017163 cand_pre=44 cand_cap=20 cand=44->20 pre=44 pick(must/bucket/top/rand)=1/5/10/4 depth0=10 depth=2 dlog=5 dper=3 sims=6084 loop=6064 gen_time=0 eval_time=0.018 best_avg=-0.177953 best_move=5,9 leader=3 inc2=1 attack_w=0.2
DBG t=61 used=0.016 remain=0.692 turn_time=0.0152595 end_in=0.0152595 cand_pre=60 cand_cap=20 cand=60->20 pre=60 pick(must/bucket/top/rand)=1/6/9/4 depth0=10 depth=1 dlog=5 dper=4 sims=8888 loop=8868 gen_time=0 eval_time=0.016 best_avg=0.410728 best_move=6,1 leader=3 inc2=1 attack_w=0.2
DBG t=74 used=0.022 remain=0.459 turn_time=0.0211493 end_in=0.0211493 cand_pre=8 cand_cap=20 cand=8->8 pre=8 pick(must/bucket/top/rand)=1/3/4/0 depth0=11 depth=9 dlog=2 dper=0 sims=1336 loop=1328 gen_time=0 eval_time=0.022 best_avg=0.666131 best_move=0,7 leader=5 inc2=1 attack_w=0.2
DBG t=86 used=0.018 remain=0.219 turn_time=0.0176217 end_in=0.0176217 cand_pre=19 cand_cap=20 cand=19->19 pre=19 pick(must/bucket/top/rand)=1/4/11/3 depth0=11 depth=6 dlog=4 dper=0 sims=1587 loop=1568 gen_time=0 eval_time=0.018 best_avg=0.640724 best_move=1,0 leader=5 inc2=1 attack_w=0.2
DBG depth_guard t=99 remain=0.015 cand_pre=44 depth0=0 depth=0
DBG t=99 used=0.01 remain=0.015 turn_time=0.009 end_in=0.009 cand_pre=44 cand_cap=14 cand=44->14 pre=42 pick(must/bucket/top/rand)=1/5/5/3 depth0=0 depth=0 dlog=5 dper=5 sims=14042 loop=14028 gen_time=0 eval_time=0.01 best_avg=0.597614 best_move=3,9 leader=1 inc2=1 attack_w=0.2
DBG summary depth_guard_fired=1
Score = 210369
=== CASE 0040.txt ===
DBG hdr N=10 M=3 T=100 U=4 VMAX=1431 TIME_LIMIT=1.94 MAX_CAND=20 UCB_C=0.21
DBG t=0 used=0.024 remain=1.94 turn_time=0.0237456 end_in=0.0237456 cand_pre=4 cand_cap=20 cand=4->4 pre=4 pick(must/bucket/top/rand)=1/2/1/0 depth0=7 depth=6 dlog=1 dper=0 sims=6708 loop=6704 gen_time=0 eval_time=0.024 best_avg=-1.32973 best_move=4,0 leader=1 inc2=1 attack_w=0.25282
DBG t=12 used=0.023 remain=1.659 turn_time=0.0223399 end_in=0.0223399 cand_pre=10 cand_cap=20 cand=10->10 pre=10 pick(must/bucket/top/rand)=1/3/6/0 depth0=7 depth=4 dlog=3 dper=0 sims=8542 loop=8532 gen_time=0 eval_time=0.023 best_avg=-1.31821 best_move=6,1 leader=2 inc2=1 attack_w=0.2
DBG t=24 used=0.021 remain=1.385 turn_time=0.0201736 end_in=0.0201736 cand_pre=22 cand_cap=20 cand=22->20 pre=22 pick(must/bucket/top/rand)=1/4/11/4 depth0=7 depth=3 dlog=4 dper=0 sims=7092 loop=7072 gen_time=0 eval_time=0.021 best_avg=-1.15403 best_move=2,2 leader=2 inc2=1 attack_w=0.2
DBG t=37 used=0.02 remain=1.118 turn_time=0.0191835 end_in=0.0191835 cand_pre=26 cand_cap=20 cand=26->20 pre=26 pick(must/bucket/top/rand)=1/4/11/4 depth0=10 depth=5 dlog=4 dper=1 sims=3872 loop=3852 gen_time=0 eval_time=0.02 best_avg=-1.29751 best_move=0,4 leader=2 inc2=1 attack_w=0.2
DBG t=49 used=0.02 remain=0.886 turn_time=0.0191185 end_in=0.0191185 cand_pre=23 cand_cap=20 cand=23->20 pre=23 pick(must/bucket/top/rand)=1/4/11/4 depth0=10 depth=6 dlog=4 dper=0 sims=3192 loop=3172 gen_time=0 eval_time=0.02 best_avg=-1.50911 best_move=3,0 leader=2 inc2=1 attack_w=0.2
DBG t=61 used=0.018 remain=0.661 turn_time=0.0176606 end_in=0.0176606 cand_pre=32 cand_cap=20 cand=32->20 pre=32 pick(must/bucket/top/rand)=1/6/9/4 depth0=10 depth=5 dlog=4 dper=1 sims=2968 loop=2948 gen_time=0 eval_time=0.018 best_avg=-1.53084 best_move=5,1 leader=2 inc2=1 attack_w=0.2
DBG t=74 used=0.018 remain=0.427 turn_time=0.0170061 end_in=0.0170061 cand_pre=33 cand_cap=20 cand=33->20 pre=33 pick(must/bucket/top/rand)=1/6/9/4 depth0=11 depth=5 dlog=4 dper=2 sims=2112 loop=2092 gen_time=0 eval_time=0.018 best_avg=-1.48429 best_move=6,0 leader=2 inc2=1 attack_w=0.2
DBG t=86 used=0.017 remain=0.221 turn_time=0.0162435 end_in=0.0162435 cand_pre=34 cand_cap=20 cand=34->20 pre=34 pick(must/bucket/top/rand)=1/6/9/4 depth0=11 depth=5 dlog=4 dper=2 sims=2508 loop=2488 gen_time=0 eval_time=0.017 best_avg=-1.42596 best_move=4,3 leader=2 inc2=1 attack_w=0.2
DBG depth_guard t=99 remain=0.014 cand_pre=40 depth0=0 depth=0
DBG t=99 used=0.009 remain=0.014 turn_time=0.0084 end_in=0.0084 cand_pre=40 cand_cap=14 cand=40->14 pre=40 pick(must/bucket/top/rand)=1/6/4/3 depth0=0 depth=0 dlog=5 dper=5 sims=24806 loop=24792 gen_time=0 eval_time=0.009 best_avg=-1.14743 best_move=4,6 leader=2 inc2=1 attack_w=0.2
DBG summary depth_guard_fired=1
Score = 141325
=== CASE 0041.txt ===
DBG hdr N=10 M=8 T=100 U=4 VMAX=1591 TIME_LIMIT=1.94 MAX_CAND=20 UCB_C=0.21
DBG t=0 used=0.024 remain=1.94 turn_time=0.0236195 end_in=0.0236195 cand_pre=5 cand_cap=20 cand=5->5 pre=5 pick(must/bucket/top/rand)=1/2/2/0 depth0=7 depth=5 dlog=2 dper=0 sims=4009 loop=4004 gen_time=0 eval_time=0.024 best_avg=-0.641209 best_move=5,7 leader=2 inc2=1 attack_w=0.85
DBG t=12 used=0.022 remain=1.666 turn_time=0.0215728 end_in=0.0215728 cand_pre=17 cand_cap=20 cand=17->17 pre=17 pick(must/bucket/top/rand)=1/3/12/1 depth0=7 depth=4 dlog=3 dper=0 sims=4061 loop=4044 gen_time=0 eval_time=0.022 best_avg=-0.502849 best_move=6,5 leader=4 inc2=1 attack_w=0.2
DBG t=24 used=0.021 remain=1.403 turn_time=0.0207958 end_in=0.0207958 cand_pre=19 cand_cap=20 cand=19->19 pre=19 pick(must/bucket/top/rand)=1/3/12/3 depth0=7 depth=3 dlog=4 dper=0 sims=3959 loop=3940 gen_time=0 eval_time=0.021 best_avg=-0.370433 best_move=6,6 leader=4 inc2=1 attack_w=0.2
DBG t=37 used=0.021 remain=1.13 turn_time=0.0207884 end_in=0.0207884 cand_pre=14 cand_cap=20 cand=14->14 pre=14 pick(must/bucket/top/rand)=1/5/8/0 depth0=10 depth=7 dlog=3 dper=0 sims=1746 loop=1732 gen_time=0 eval_time=0.021 best_avg=-0.447457 best_move=5,6 leader=3 inc2=1 attack_w=0.2
DBG t=49 used=0.021 remain=0.883 turn_time=0.0204042 end_in=0.0204042 cand_pre=11 cand_cap=20 cand=11->11 pre=11 pick(must/bucket/top/rand)=1/4/6/0 depth0=10 depth=7 dlog=3 dper=0 sims=1767 loop=1756 gen_time=0 eval_time=0.021 best_avg=-0.836836 best_move=7,5 leader=3 inc2=1 attack_w=0.85
DBG t=61 used=0.019 remain=0.64 turn_time=0.0189128 end_in=0.0189128 cand_pre=15 cand_cap=20 cand=15->15 pre=15 pick(must/bucket/top/rand)=1/5/9/0 depth0=10 depth=7 dlog=3 dper=0 sims=1639 loop=1624 gen_time=0 eval_time=0.019 best_avg=-0.703261 best_move=9,3 leader=3 inc2=1 attack_w=0.85
DBG t=74 used=0.019 remain=0.393 turn_time=0.0182065 end_in=0.0182065 cand_pre=7 cand_cap=20 cand=7->7 pre=7 pick(must/bucket/top/rand)=1/2/4/0 depth0=11 depth=9 dlog=2 dper=0 sims=1043 loop=1036 gen_time=0 eval_time=0.019 best_avg=-0.791038 best_move=8,4 leader=3 inc2=1 attack_w=0.85
DBG t=86 used=0.016 remain=0.187 turn_time=0.0153073 end_in=0.0153073 cand_pre=16 cand_cap=20 cand=16->16 pre=16 pick(must/bucket/top/rand)=1/4/11/0 depth0=11 depth=6 dlog=3 dper=0 sims=1360 loop=1344 gen_time=0 eval_time=0.016 best_avg=-0.70036 best_move=8,5 leader=3 inc2=1 attack_w=0.85
DBG depth_guard t=98 remain=0.017 cand_pre=15 depth0=1 depth=0
DBG depth_guard t=99 remain=0.007 cand_pre=15 depth0=0 depth=0
DBG t=99 used=0.005 remain=0.007 turn_time=0.0042 end_in=0.0042 cand_pre=15 cand_cap=12 cand=15->12 pre=15 pick(must/bucket/top/rand)=1/4/5/2 depth0=0 depth=0 dlog=3 dper=4 sims=4240 loop=4228 gen_time=0 eval_time=0.005 best_avg=-0.908759 best_move=8,4 leader=3 inc2=1 attack_w=0.85
DBG summary depth_guard_fired=2
Score = 70155
=== CASE 0042.txt ===
DBG hdr N=10 M=8 T=100 U=5 VMAX=2032 TIME_LIMIT=1.94 MAX_CAND=20 UCB_C=0.21
DBG t=0 used=0.024 remain=1.94 turn_time=0.0238717 end_in=0.0238717 cand_pre=3 cand_cap=20 cand=3->3 pre=3 pick(must/bucket/top/rand)=1/2/0/0 depth0=7 depth=6 dlog=1 dper=0 sims=3423 loop=3420 gen_time=0 eval_time=0.024 best_avg=-0.695352 best_move=0,8 leader=5 inc2=1 attack_w=0.85
DBG t=12 used=0.023 remain=1.656 turn_time=0.0224219 end_in=0.0224219 cand_pre=9 cand_cap=20 cand=9->9 pre=9 pick(must/bucket/top/rand)=1/4/4/0 depth0=7 depth=4 dlog=3 dper=0 sims=3537 loop=3528 gen_time=0 eval_time=0.023 best_avg=-0.465794 best_move=0,6 leader=1 inc2=1 attack_w=0.360439
DBG t=24 used=0.021 remain=1.384 turn_time=0.0209876 end_in=0.0209876 cand_pre=15 cand_cap=20 cand=15->15 pre=15 pick(must/bucket/top/rand)=1/5/9/0 depth0=7 depth=4 dlog=3 dper=0 sims=2543 loop=2528 gen_time=0 eval_time=0.021 best_avg=-0.367168 best_move=3,9 leader=1 inc2=1 attack_w=0.2
DBG t=37 used=0.02 remain=1.111 turn_time=0.0199804 end_in=0.0199804 cand_pre=18 cand_cap=20 cand=18->18 pre=18 pick(must/bucket/top/rand)=1/4/11/2 depth0=10 depth=6 dlog=4 dper=0 sims=1790 loop=1772 gen_time=0 eval_time=0.02 best_avg=-0.305392 best_move=2,8 leader=1 inc2=1 attack_w=0.2
DBG t=49 used=0.02 remain=0.87 turn_time=0.0192168 end_in=0.0192168 cand_pre=19 cand_cap=20 cand=19->19 pre=19 pick(must/bucket/top/rand)=1/4/11/3 depth0=10 depth=6 dlog=4 dper=0 sims=1855 loop=1836 gen_time=0 eval_time=0.02 best_avg=-0.201194 best_move=3,8 leader=1 inc2=1 attack_w=0.2
DBG t=61 used=0.019 remain=0.636 turn_time=0.0184766 end_in=0.0184766 cand_pre=18 cand_cap=20 cand=18->18 pre=18 pick(must/bucket/top/rand)=1/4/11/2 depth0=10 depth=6 dlog=4 dper=0 sims=1762 loop=1744 gen_time=0 eval_time=0.019 best_avg=-0.168228 best_move=2,9 leader=2 inc2=1 attack_w=0.2
DBG t=74 used=0.018 remain=0.396 turn_time=0.0176525 end_in=0.0176525 cand_pre=14 cand_cap=20 cand=14->14 pre=14 pick(must/bucket/top/rand)=1/4/9/0 depth0=11 depth=8 dlog=3 dper=0 sims=1334 loop=1320 gen_time=0 eval_time=0.018 best_avg=-0.15749 best_move=3,7 leader=1 inc2=1 attack_w=0.2
DBG t=86 used=0.016 remain=0.192 turn_time=0.0156274 end_in=0.0156274 cand_pre=17 cand_cap=20 cand=17->17 pre=17 pick(must/bucket/top/rand)=1/4/11/1 depth0=11 depth=6 dlog=3 dper=0 sims=1461 loop=1444 gen_time=0 eval_time=0.016 best_avg=-0.183436 best_move=1,7 leader=1 inc2=1 attack_w=0.2
DBG depth_guard t=98 remain=0.018 cand_pre=18 depth0=1 depth=0
DBG depth_guard t=99 remain=0.007 cand_pre=18 depth0=0 depth=0
DBG t=99 used=0.005 remain=0.007 turn_time=0.0042 end_in=0.0042 cand_pre=18 cand_cap=12 cand=18->12 pre=18 pick(must/bucket/top/rand)=1/3/6/2 depth0=0 depth=0 dlog=4 dper=4 sims=4384 loop=4372 gen_time=0 eval_time=0.005 best_avg=-0.0962638 best_move=1,5 leader=3 inc2=1 attack_w=0.2
DBG summary depth_guard_fired=2
Score = 128707
=== CASE 0043.txt ===
DBG hdr N=10 M=4 T=100 U=1 VMAX=2001 TIME_LIMIT=1.94 MAX_CAND=20 UCB_C=0.21
DBG t=0 used=0.024 remain=1.94 turn_time=0.0237456 end_in=0.0237456 cand_pre=4 cand_cap=20 cand=4->4 pre=4 pick(must/bucket/top/rand)=1/2/1/0 depth0=7 depth=6 dlog=1 dper=0 sims=5352 loop=5348 gen_time=0 eval_time=0.024 best_avg=-1.41709 best_move=0,3 leader=1 inc2=0 attack_w=0.85
DBG t=12 used=0.023 remain=1.658 turn_time=0.0225714 end_in=0.0225714 cand_pre=8 cand_cap=20 cand=8->8 pre=8 pick(must/bucket/top/rand)=1/2/5/0 depth0=7 depth=5 dlog=2 dper=0 sims=4208 loop=4200 gen_time=0 eval_time=0.023 best_avg=-1.31265 best_move=2,0 leader=3 inc2=1 attack_w=0.85
DBG t=24 used=0.021 remain=1.401 turn_time=0.0206463 end_in=0.0206463 cand_pre=20 cand_cap=20 cand=20->20 pre=20 pick(must/bucket/top/rand)=1/1/14/4 depth0=7 depth=3 dlog=4 dper=0 sims=4816 loop=4796 gen_time=0 eval_time=0.021 best_avg=-1.27347 best_move=2,1 leader=3 inc2=0 attack_w=0.535727
DBG t=37 used=0.019 remain=1.137 turn_time=0.0188056 end_in=0.0188056 cand_pre=32 cand_cap=20 cand=32->20 pre=32 pick(must/bucket/top/rand)=1/6/9/4 depth0=10 depth=5 dlog=4 dper=1 sims=3040 loop=3020 gen_time=0 eval_time=0.019 best_avg=-1.07714 best_move=7,7 leader=3 inc2=0 attack_w=0.442315
DBG t=49 used=0.018 remain=0.917 turn_time=0.0173331 end_in=0.0173331 cand_pre=44 cand_cap=20 cand=44->20 pre=44 pick(must/bucket/top/rand)=1/5/10/4 depth0=10 depth=2 dlog=5 dper=3 sims=6884 loop=6864 gen_time=0 eval_time=0.018 best_avg=-0.82754 best_move=7,4 leader=3 inc2=0 attack_w=0.2
DBG t=61 used=0.017 remain=0.71 turn_time=0.0160114 end_in=0.0160114 cand_pre=57 cand_cap=20 cand=57->20 pre=57 pick(must/bucket/top/rand)=1/6/9/4 depth0=10 depth=1 dlog=5 dper=4 sims=11748 loop=11728 gen_time=0 eval_time=0.017 best_avg=-0.322744 best_move=3,2 leader=3 inc2=0 attack_w=0.2
DBG t=74 used=0.023 remain=0.485 turn_time=0.0223473 end_in=0.0223473 cand_pre=8 cand_cap=20 cand=8->8 pre=8 pick(must/bucket/top/rand)=1/2/5/0 depth0=11 depth=9 dlog=2 dper=0 sims=1972 loop=1964 gen_time=0 eval_time=0.023 best_avg=-0.0915626 best_move=1,0 leader=3 inc2=0 attack_w=0.2
DBG t=86 used=0.019 remain=0.225 turn_time=0.0184179 end_in=0.0184179 cand_pre=16 cand_cap=20 cand=16->16 pre=16 pick(must/bucket/top/rand)=1/4/11/0 depth0=11 depth=6 dlog=3 dper=0 sims=2568 loop=2552 gen_time=0 eval_time=0.019 best_avg=0.250749 best_move=1,7 leader=1 inc2=0 attack_w=0.2
DBG depth_guard t=99 remain=0.01 cand_pre=27 depth0=0 depth=0
DBG t=99 used=0.007 remain=0.01 turn_time=0.006 end_in=0.006 cand_pre=27 cand_cap=12 cand=27->12 pre=27 pick(must/bucket/top/rand)=1/6/3/2 depth0=0 depth=0 dlog=4 dper=4 sims=16084 loop=16072 gen_time=0 eval_time=0.007 best_avg=0.699601 best_move=1,2 leader=1 inc2=1 attack_w=0.2
DBG summary depth_guard_fired=1
Score = 256480
=== CASE 0046.txt ===
DBG hdr N=10 M=3 T=100 U=2 VMAX=1251 TIME_LIMIT=1.94 MAX_CAND=20 UCB_C=0.21
DBG t=0 used=0.024 remain=1.94 turn_time=0.0236195 end_in=0.0236195 cand_pre=5 cand_cap=20 cand=5->5 pre=5 pick(must/bucket/top/rand)=1/2/2/0 depth0=7 depth=5 dlog=2 dper=0 sims=7557 loop=7552 gen_time=0 eval_time=0.024 best_avg=-1.40477 best_move=1,7 leader=2 inc2=1 attack_w=0.85
DBG t=12 used=0.022 remain=1.666 turn_time=0.0214498 end_in=0.0214497 cand_pre=18 cand_cap=20 cand=18->18 pre=18 pick(must/bucket/top/rand)=1/2/13/2 depth0=7 depth=3 dlog=4 dper=0 sims=6662 loop=6644 gen_time=0 eval_time=0.022 best_avg=-1.20879 best_move=0,6 leader=1 inc2=1 attack_w=0.2
DBG t=24 used=0.023 remain=1.399 turn_time=0.022292 end_in=0.022292 cand_pre=6 cand_cap=20 cand=6->6 pre=6 pick(must/bucket/top/rand)=1/5/0/0 depth0=7 depth=5 dlog=2 dper=0 sims=4330 loop=4324 gen_time=0 eval_time=0.023 best_avg=-1.30397 best_move=6,5 leader=2 inc2=1 attack_w=0.2
DBG t=37 used=0.022 remain=1.115 turn_time=0.0213177 end_in=0.0213177 cand_pre=7 cand_cap=20 cand=7->7 pre=7 pick(must/bucket/top/rand)=1/5/1/0 depth0=10 depth=8 dlog=2 dper=0 sims=1995 loop=1988 gen_time=0 eval_time=0.022 best_avg=-1.34606 best_move=5,7 leader=1 inc2=1 attack_w=0.2
DBG t=49 used=0.017 remain=0.881 turn_time=0.0163158 end_in=0.0163158 cand_pre=47 cand_cap=20 cand=47->20 pre=47 pick(must/bucket/top/rand)=1/7/8/4 depth0=10 depth=2 dlog=5 dper=3 sims=4612 loop=4592 gen_time=0 eval_time=0.017 best_avg=-1.35014 best_move=3,6 leader=2 inc2=1 attack_w=0.2
DBG t=61 used=0.019 remain=0.678 turn_time=0.0187928 end_in=0.0187928 cand_pre=26 cand_cap=20 cand=26->20 pre=26 pick(must/bucket/top/rand)=1/8/7/4 depth0=10 depth=5 dlog=4 dper=1 sims=2472 loop=2452 gen_time=0 eval_time=0.019 best_avg=-1.29546 best_move=8,5 leader=2 inc2=1 attack_w=0.2
DBG t=74 used=0.015 remain=0.429 turn_time=0.0145118 end_in=0.0145118 cand_pre=57 cand_cap=20 cand=57->20 pre=57 pick(must/bucket/top/rand)=1/8/7/4 depth0=11 depth=2 dlog=5 dper=4 sims=3292 loop=3272 gen_time=0 eval_time=0.015 best_avg=-1.21148 best_move=5,4 leader=2 inc2=1 attack_w=0.2
DBG t=86 used=0.016 remain=0.248 turn_time=0.015004 end_in=0.015004 cand_pre=62 cand_cap=14 cand=62->14 pre=42 pick(must/bucket/top/rand)=1/8/2/3 depth0=11 depth=2 dlog=5 dper=4 sims=4342 loop=4328 gen_time=0 eval_time=0.016 best_avg=-1.31153 best_move=0,5 leader=2 inc2=1 attack_w=0.2
DBG t=99 used=0.018 remain=0.029 turn_time=0.0174 end_in=0.0174 cand_pre=69 cand_cap=14 cand=69->14 pre=42 pick(must/bucket/top/rand)=1/7/3/3 depth0=0 depth=0 dlog=5 dper=4 sims=36966 loop=36952 gen_time=0 eval_time=0.018 best_avg=-1.19411 best_move=5,3 leader=2 inc2=1 attack_w=0.2
DBG summary depth_guard_fired=0
Score = 127283
=== CASE 0044.txt ===
DBG hdr N=10 M=3 T=100 U=3 VMAX=1508 TIME_LIMIT=1.94 MAX_CAND=20 UCB_C=0.21
DBG t=0 used=0.024 remain=1.94 turn_time=0.0238717 end_in=0.0238717 cand_pre=3 cand_cap=20 cand=3->3 pre=3 pick(must/bucket/top/rand)=1/2/0/0 depth0=7 depth=6 dlog=1 dper=0 sims=7263 loop=7260 gen_time=0 eval_time=0.024 best_avg=-1.5376 best_move=7,9 leader=1 inc2=1 attack_w=0.718728
DBG t=12 used=0.023 remain=1.659 turn_time=0.0223399 end_in=0.0223399 cand_pre=10 cand_cap=20 cand=10->10 pre=10 pick(must/bucket/top/rand)=1/4/5/0 depth0=7 depth=4 dlog=3 dper=0 sims=5990 loop=5980 gen_time=0 eval_time=0.023 best_avg=-1.78639 best_move=7,8 leader=1 inc2=1 attack_w=0.719671
DBG t=24 used=0.021 remain=1.392 turn_time=0.0206327 end_in=0.0206327 cand_pre=19 cand_cap=20 cand=19->19 pre=19 pick(must/bucket/top/rand)=1/5/10/3 depth0=7 depth=3 dlog=4 dper=0 sims=5635 loop=5616 gen_time=0 eval_time=0.021 best_avg=-1.7443 best_move=6,7 leader=1 inc2=1 attack_w=0.5983
DBG t=37 used=0.019 remain=1.127 turn_time=0.0186402 end_in=0.0186402 cand_pre=32 cand_cap=20 cand=32->20 pre=32 pick(must/bucket/top/rand)=1/8/7/4 depth0=10 depth=5 dlog=4 dper=1 sims=2756 loop=2736 gen_time=0 eval_time=0.019 best_avg=-1.73238 best_move=1,7 leader=1 inc2=1 attack_w=0.631782
DBG t=49 used=0.018 remain=0.905 turn_time=0.017683 end_in=0.017683 cand_pre=39 cand_cap=20 cand=39->20 pre=39 pick(must/bucket/top/rand)=1/7/8/4 depth0=10 depth=3 dlog=5 dper=2 sims=3684 loop=3664 gen_time=0 eval_time=0.018 best_avg=-1.7829 best_move=6,7 leader=1 inc2=1 attack_w=0.562589
DBG t=61 used=0.018 remain=0.689 turn_time=0.0171455 end_in=0.0171455 cand_pre=43 cand_cap=20 cand=43->20 pre=43 pick(must/bucket/top/rand)=1/7/8/4 depth0=10 depth=2 dlog=5 dper=3 sims=4840 loop=4820 gen_time=0 eval_time=0.018 best_avg=-1.89056 best_move=8,8 leader=1 inc2=1 attack_w=0.791864
DBG t=74 used=0.017 remain=0.46 turn_time=0.0164804 end_in=0.0164804 cand_pre=49 cand_cap=20 cand=49->20 pre=49 pick(must/bucket/top/rand)=1/8/7/4 depth0=11 depth=3 dlog=5 dper=3 sims=3068 loop=3048 gen_time=0 eval_time=0.017 best_avg=-1.70881 best_move=2,7 leader=1 inc2=1 attack_w=0.53616
DBG t=86 used=0.017 remain=0.256 turn_time=0.0167954 end_in=0.0167954 cand_pre=51 cand_cap=20 cand=51->20 pre=51 pick(must/bucket/top/rand)=1/8/7/4 depth0=11 depth=3 dlog=5 dper=3 sims=2916 loop=2896 gen_time=0 eval_time=0.017 best_avg=-1.64716 best_move=0,8 leader=1 inc2=1 attack_w=0.386271
DBG t=99 used=0.014 remain=0.022 turn_time=0.0132 end_in=0.0132 cand_pre=53 cand_cap=16 cand=53->16 pre=48 pick(must/bucket/top/rand)=1/8/3/4 depth0=0 depth=0 dlog=5 dper=4 sims=24576 loop=24560 gen_time=0 eval_time=0.014 best_avg=-1.45137 best_move=1,2 leader=1 inc2=1 attack_w=0.2
DBG summary depth_guard_fired=0
Score = 111431
=== CASE 0045.txt ===
DBG hdr N=10 M=8 T=100 U=3 VMAX=1509 TIME_LIMIT=1.94 MAX_CAND=20 UCB_C=0.21
DBG t=0 used=0.024 remain=1.94 turn_time=0.0237456 end_in=0.0237456 cand_pre=4 cand_cap=20 cand=4->4 pre=4 pick(must/bucket/top/rand)=1/2/1/0 depth0=7 depth=6 dlog=1 dper=0 sims=3264 loop=3260 gen_time=0 eval_time=0.024 best_avg=-0.97437 best_move=2,2 leader=6 inc2=1 attack_w=0.85
DBG t=12 used=0.022 remain=1.66 turn_time=0.021863 end_in=0.021863 cand_pre=14 cand_cap=20 cand=14->14 pre=14 pick(must/bucket/top/rand)=1/4/9/0 depth0=7 depth=4 dlog=3 dper=0 sims=2634 loop=2620 gen_time=0 eval_time=0.022 best_avg=-0.984764 best_move=2,1 leader=6 inc2=1 attack_w=0.85
DBG t=24 used=0.021 remain=1.396 turn_time=0.0205726 end_in=0.0205726 cand_pre=20 cand_cap=20 cand=20->20 pre=20 pick(must/bucket/top/rand)=1/4/11/4 depth0=7 depth=3 dlog=4 dper=0 sims=3444 loop=3424 gen_time=0 eval_time=0.021 best_avg=-0.760245 best_move=5,2 leader=6 inc2=1 attack_w=0.85
DBG t=37 used=0.02 remain=1.128 turn_time=0.0198206 end_in=0.0198206 cand_pre=22 cand_cap=20 cand=22->20 pre=22 pick(must/bucket/top/rand)=1/5/10/4 depth0=10 depth=6 dlog=4 dper=0 sims=1848 loop=1828 gen_time=0 eval_time=0.02 best_avg=-0.659396 best_move=4,2 leader=6 inc2=1 attack_w=0.85
DBG t=49 used=0.02 remain=0.885 turn_time=0.0197737 end_in=0.0197737 cand_pre=17 cand_cap=20 cand=17->17 pre=17 pick(must/bucket/top/rand)=1/5/10/1 depth0=10 depth=7 dlog=3 dper=0 sims=1477 loop=1460 gen_time=0 eval_time=0.02 best_avg=-0.66602 best_move=6,2 leader=6 inc2=1 attack_w=0.85
DBG t=61 used=0.019 remain=0.65 turn_time=0.0186667 end_in=0.0186667 cand_pre=20 cand_cap=20 cand=20->20 pre=20 pick(must/bucket/top/rand)=1/4/11/4 depth0=10 depth=6 dlog=4 dper=0 sims=1916 loop=1896 gen_time=0 eval_time=0.019 best_avg=-0.545908 best_move=4,2 leader=7 inc2=1 attack_w=0.705265
DBG t=74 used=0.017 remain=0.422 turn_time=0.016596 end_in=0.016596 cand_pre=35 cand_cap=20 cand=35->20 pre=35 pick(must/bucket/top/rand)=1/6/9/4 depth0=11 depth=5 dlog=4 dper=2 sims=1796 loop=1776 gen_time=0 eval_time=0.017 best_avg=-0.362443 best_move=2,4 leader=6 inc2=1 attack_w=0.239618
DBG t=86 used=0.016 remain=0.225 turn_time=0.0159107 end_in=0.0159107 cand_pre=40 cand_cap=20 cand=40->20 pre=40 pick(must/bucket/top/rand)=1/5/10/4 depth0=11 depth=3 dlog=5 dper=3 sims=2448 loop=2428 gen_time=0 eval_time=0.016 best_avg=-0.248949 best_move=7,4 leader=6 inc2=1 attack_w=0.2
DBG depth_guard t=99 remain=0.017 cand_pre=46 depth0=0 depth=0
DBG t=99 used=0.011 remain=0.017 turn_time=0.0102 end_in=0.0102 cand_pre=46 cand_cap=14 cand=46->14 pre=42 pick(must/bucket/top/rand)=1/6/4/3 depth0=0 depth=0 dlog=5 dper=4 sims=11190 loop=11176 gen_time=0 eval_time=0.011 best_avg=-0.190915 best_move=8,3 leader=7 inc2=1 attack_w=0.2
DBG summary depth_guard_fired=1
Score = 117562
=== CASE 0047.txt ===
DBG hdr N=10 M=4 T=100 U=3 VMAX=2265 TIME_LIMIT=1.94 MAX_CAND=20 UCB_C=0.21
DBG t=0 used=0.024 remain=1.94 turn_time=0.0236195 end_in=0.0236195 cand_pre=5 cand_cap=20 cand=5->5 pre=5 pick(must/bucket/top/rand)=1/2/2/0 depth0=7 depth=5 dlog=2 dper=0 sims=6789 loop=6784 gen_time=0 eval_time=0.024 best_avg=-1.52747 best_move=2,5 leader=1 inc2=0 attack_w=0.85
DBG t=12 used=0.021 remain=1.667 turn_time=0.020847 end_in=0.020847 cand_pre=23 cand_cap=20 cand=23->20 pre=23 pick(must/bucket/top/rand)=1/7/8/4 depth0=7 depth=3 dlog=4 dper=0 sims=5064 loop=5044 gen_time=0 eval_time=0.021 best_avg=-1.18956 best_move=7,5 leader=1 inc2=1 attack_w=0.85
DBG t=24 used=0.021 remain=1.407 turn_time=0.0206144 end_in=0.0206144 cand_pre=21 cand_cap=20 cand=21->20 pre=21 pick(must/bucket/top/rand)=1/7/8/4 depth0=7 depth=3 dlog=4 dper=0 sims=4068 loop=4048 gen_time=0 eval_time=0.021 best_avg=-1.26621 best_move=7,4 leader=1 inc2=1 attack_w=0.85
DBG t=37 used=0.021 remain=1.13 turn_time=0.0205552 end_in=0.0205552 cand_pre=16 cand_cap=20 cand=16->16 pre=16 pick(must/bucket/top/rand)=1/5/10/0 depth0=10 depth=7 dlog=3 dper=0 sims=2140 loop=2124 gen_time=0 eval_time=0.021 best_avg=-1.36091 best_move=8,6 leader=2 inc2=1 attack_w=0.85
DBG t=49 used=0.02 remain=0.884 turn_time=0.0190753 end_in=0.0190753 cand_pre=23 cand_cap=20 cand=23->20 pre=23 pick(must/bucket/top/rand)=1/5/10/4 depth0=10 depth=6 dlog=4 dper=0 sims=2516 loop=2496 gen_time=0 eval_time=0.02 best_avg=-1.21179 best_move=6,8 leader=2 inc2=1 attack_w=0.85
DBG t=61 used=0.018 remain=0.657 turn_time=0.0177727 end_in=0.0177727 cand_pre=30 cand_cap=20 cand=30->20 pre=30 pick(must/bucket/top/rand)=1/4/11/4 depth0=10 depth=5 dlog=4 dper=1 sims=2436 loop=2416 gen_time=0 eval_time=0.018 best_avg=-1.05842 best_move=9,5 leader=2 inc2=1 attack_w=0.626741
DBG t=74 used=0.018 remain=0.423 turn_time=0.0170583 end_in=0.0170583 cand_pre=31 cand_cap=20 cand=31->20 pre=31 pick(must/bucket/top/rand)=1/6/9/4 depth0=11 depth=6 dlog=4 dper=1 sims=1896 loop=1876 gen_time=0 eval_time=0.018 best_avg=-1.02139 best_move=6,5 leader=1 inc2=1 attack_w=0.290424
DBG t=86 used=0.016 remain=0.215 turn_time=0.0159023 end_in=0.0159023 cand_pre=33 cand_cap=20 cand=33->20 pre=33 pick(must/bucket/top/rand)=1/4/11/4 depth0=11 depth=5 dlog=4 dper=2 sims=1840 loop=1820 gen_time=0 eval_time=0.016 best_avg=-0.95863 best_move=5,7 leader=3 inc2=1 attack_w=0.2
DBG depth_guard t=99 remain=0.012 cand_pre=33 depth0=0 depth=0
DBG t=99 used=0.008 remain=0.012 turn_time=0.0072 end_in=0.0072 cand_pre=33 cand_cap=12 cand=33->12 pre=33 pick(must/bucket/top/rand)=1/4/5/2 depth0=0 depth=0 dlog=4 dper=5 sims=9132 loop=9120 gen_time=0 eval_time=0.008 best_avg=-0.961208 best_move=9,9 leader=1 inc2=1 attack_w=0.2
DBG summary depth_guard_fired=1
Score = 108772
=== CASE 0048.txt ===
DBG hdr N=10 M=3 T=100 U=3 VMAX=2106 TIME_LIMIT=1.94 MAX_CAND=20 UCB_C=0.21
DBG t=0 used=0.024 remain=1.94 turn_time=0.0236195 end_in=0.0236195 cand_pre=5 cand_cap=20 cand=5->5 pre=5 pick(must/bucket/top/rand)=1/2/2/0 depth0=7 depth=5 dlog=2 dper=0 sims=7653 loop=7648 gen_time=0 eval_time=0.024 best_avg=-1.24562 best_move=6,8 leader=1 inc2=1 attack_w=0.267866
DBG t=12 used=0.022 remain=1.661 turn_time=0.0216307 end_in=0.0216307 cand_pre=16 cand_cap=20 cand=16->16 pre=16 pick(must/bucket/top/rand)=1/6/9/0 depth0=7 depth=4 dlog=3 dper=0 sims=7048 loop=7032 gen_time=0 eval_time=0.022 best_avg=-1.48424 best_move=7,6 leader=1 inc2=1 attack_w=0.316764
DBG t=24 used=0.021 remain=1.398 turn_time=0.0209608 end_in=0.0209608 cand_pre=17 cand_cap=20 cand=17->17 pre=17 pick(must/bucket/top/rand)=1/6/9/1 depth0=7 depth=4 dlog=3 dper=0 sims=6141 loop=6124 gen_time=0 eval_time=0.021 best_avg=-1.86081 best_move=6,9 leader=1 inc2=1 attack_w=0.636136
DBG t=37 used=0.021 remain=1.125 turn_time=0.0202321 end_in=0.0202321 cand_pre=18 cand_cap=20 cand=18->18 pre=18 pick(must/bucket/top/rand)=1/6/9/2 depth0=10 depth=6 dlog=4 dper=0 sims=3694 loop=3676 gen_time=0 eval_time=0.021 best_avg=-2.04683 best_move=5,9 leader=1 inc2=1 attack_w=0.85
DBG t=49 used=0.02 remain=0.881 turn_time=0.0190106 end_in=0.0190106 cand_pre=23 cand_cap=20 cand=23->20 pre=23 pick(must/bucket/top/rand)=1/7/8/4 depth0=10 depth=6 dlog=4 dper=0 sims=3164 loop=3144 gen_time=0 eval_time=0.02 best_avg=-2.17046 best_move=6,8 leader=1 inc2=1 attack_w=0.85
DBG t=61 used=0.019 remain=0.652 turn_time=0.0182894 end_in=0.0182894 cand_pre=24 cand_cap=20 cand=24->20 pre=24 pick(must/bucket/top/rand)=1/6/9/4 depth0=10 depth=6 dlog=4 dper=0 sims=2856 loop=2836 gen_time=0 eval_time=0.019 best_avg=-2.21977 best_move=7,6 leader=1 inc2=1 attack_w=0.85
DBG t=74 used=0.018 remain=0.415 turn_time=0.0172544 end_in=0.0172544 cand_pre=26 cand_cap=20 cand=26->20 pre=26 pick(must/bucket/top/rand)=1/7/8/4 depth0=11 depth=6 dlog=4 dper=1 sims=2708 loop=2688 gen_time=0 eval_time=0.018 best_avg=-2.22145 best_move=7,6 leader=1 inc2=1 attack_w=0.85
DBG t=86 used=0.016 remain=0.208 turn_time=0.015964 end_in=0.015964 cand_pre=27 cand_cap=20 cand=27->20 pre=27 pick(must/bucket/top/rand)=1/7/8/4 depth0=11 depth=6 dlog=4 dper=1 sims=2260 loop=2240 gen_time=0 eval_time=0.016 best_avg=-2.25994 best_move=5,6 leader=1 inc2=1 attack_w=0.85
DBG depth_guard t=99 remain=0.011 cand_pre=29 depth0=0 depth=0
DBG t=99 used=0.007 remain=0.011 turn_time=0.0066 end_in=0.0066 cand_pre=29 cand_cap=12 cand=29->12 pre=29 pick(must/bucket/top/rand)=1/7/2/2 depth0=0 depth=0 dlog=4 dper=4 sims=11740 loop=11728 gen_time=0 eval_time=0.007 best_avg=-2.25762 best_move=8,9 leader=1 inc2=1 attack_w=0.85
DBG summary depth_guard_fired=1
Score = 65230
=== CASE 0049.txt ===
DBG hdr N=10 M=3 T=100 U=4 VMAX=1541 TIME_LIMIT=1.94 MAX_CAND=20 UCB_C=0.21
DBG t=0 used=0.024 remain=1.94 turn_time=0.0236195 end_in=0.0236195 cand_pre=5 cand_cap=20 cand=5->5 pre=5 pick(must/bucket/top/rand)=1/2/2/0 depth0=7 depth=5 dlog=2 dper=0 sims=7933 loop=7928 gen_time=0 eval_time=0.024 best_avg=-1.1199 best_move=5,4 leader=2 inc2=1 attack_w=0.13
DBG t=12 used=0.023 remain=1.659 turn_time=0.0223399 end_in=0.0223399 cand_pre=10 cand_cap=20 cand=10->10 pre=10 pick(must/bucket/top/rand)=1/4/5/0 depth0=7 depth=4 dlog=3 dper=0 sims=7538 loop=7528 gen_time=0 eval_time=0.023 best_avg=-1.17347 best_move=5,6 leader=2 inc2=1 attack_w=0.2
DBG t=24 used=0.021 remain=1.394 turn_time=0.0207816 end_in=0.0207816 cand_pre=18 cand_cap=20 cand=18->18 pre=18 pick(must/bucket/top/rand)=1/4/11/2 depth0=7 depth=3 dlog=4 dper=0 sims=6538 loop=6520 gen_time=0 eval_time=0.021 best_avg=-1.25426 best_move=5,3 leader=2 inc2=1 attack_w=0.2
DBG t=37 used=0.021 remain=1.121 turn_time=0.0201602 end_in=0.0201602 cand_pre=18 cand_cap=20 cand=18->18 pre=18 pick(must/bucket/top/rand)=1/5/10/2 depth0=10 depth=6 dlog=4 dper=0 sims=3150 loop=3132 gen_time=0 eval_time=0.021 best_avg=-1.51613 best_move=4,7 leader=2 inc2=1 attack_w=0.2
DBG t=49 used=0.022 remain=0.878 turn_time=0.021072 end_in=0.021072 cand_pre=4 cand_cap=20 cand=4->4 pre=4 pick(must/bucket/top/rand)=1/3/0/0 depth0=10 depth=9 dlog=1 dper=0 sims=2068 loop=2064 gen_time=0 eval_time=0.022 best_avg=-1.7708 best_move=6,2 leader=2 inc2=1 attack_w=0.466435
DBG t=61 used=0.019 remain=0.634 turn_time=0.0183128 end_in=0.0183128 cand_pre=19 cand_cap=20 cand=19->19 pre=19 pick(must/bucket/top/rand)=1/6/9/3 depth0=10 depth=6 dlog=4 dper=0 sims=3415 loop=3396 gen_time=0 eval_time=0.019 best_avg=-2.04711 best_move=5,2 leader=2 inc2=1 attack_w=0.85
DBG t=74 used=0.017 remain=0.397 turn_time=0.016506 end_in=0.016506 cand_pre=26 cand_cap=20 cand=26->20 pre=26 pick(must/bucket/top/rand)=1/6/9/4 depth0=11 depth=6 dlog=4 dper=1 sims=2480 loop=2460 gen_time=0 eval_time=0.017 best_avg=-2.30433 best_move=8,3 leader=2 inc2=1 attack_w=0.85
DBG t=86 used=0.015 remain=0.205 turn_time=0.0148771 end_in=0.0148771 cand_pre=36 cand_cap=20 cand=36->20 pre=36 pick(must/bucket/top/rand)=1/6/9/4 depth0=11 depth=4 dlog=5 dper=2 sims=3600 loop=3580 gen_time=0 eval_time=0.015 best_avg=-2.25328 best_move=8,5 leader=2 inc2=1 attack_w=0.85
DBG depth_guard t=99 remain=0.013 cand_pre=36 depth0=0 depth=0
DBG t=99 used=0.008 remain=0.013 turn_time=0.0078 end_in=0.0078 cand_pre=36 cand_cap=12 cand=36->12 pre=36 pick(must/bucket/top/rand)=1/6/3/2 depth0=0 depth=0 dlog=5 dper=5 sims=13556 loop=13544 gen_time=0 eval_time=0.008 best_avg=-2.23792 best_move=3,1 leader=2 inc2=1 attack_w=0.85
DBG summary depth_guard_fired=1
Score = 65858
=== CASE 0050.txt ===
DBG hdr N=10 M=3 T=100 U=2 VMAX=1379 TIME_LIMIT=1.94 MAX_CAND=20 UCB_C=0.21
DBG t=0 used=0.024 remain=1.94 turn_time=0.0237456 end_in=0.0237456 cand_pre=4 cand_cap=20 cand=4->4 pre=4 pick(must/bucket/top/rand)=1/2/1/0 depth0=7 depth=6 dlog=1 dper=0 sims=6732 loop=6728 gen_time=0 eval_time=0.024 best_avg=-1.47073 best_move=2,9 leader=1 inc2=1 attack_w=0.13
DBG t=12 used=0.022 remain=1.663 turn_time=0.0211655 end_in=0.0211655 cand_pre=20 cand_cap=20 cand=20->20 pre=20 pick(must/bucket/top/rand)=1/3/12/4 depth0=7 depth=3 dlog=4 dper=0 sims=8240 loop=8220 gen_time=0 eval_time=0.022 best_avg=-0.937983 best_move=4,6 leader=2 inc2=1 attack_w=0.2
DBG t=24 used=0.02 remain=1.413 turn_time=0.0198564 end_in=0.0198564 cand_pre=28 cand_cap=20 cand=28->20 pre=28 pick(must/bucket/top/rand)=1/2/13/4 depth0=7 depth=2 dlog=4 dper=1 sims=9708 loop=9688 gen_time=0 eval_time=0.02 best_avg=-0.997685 best_move=5,5 leader=2 inc2=1 attack_w=0.2
DBG t=37 used=0.019 remain=1.16 turn_time=0.0185876 end_in=0.0185876 cand_pre=37 cand_cap=20 cand=37->20 pre=37 pick(must/bucket/top/rand)=1/5/10/4 depth0=10 depth=3 dlog=5 dper=2 sims=5916 loop=5896 gen_time=0 eval_time=0.019 best_avg=-1.15285 best_move=3,3 leader=2 inc2=1 attack_w=0.2
DBG t=49 used=0.022 remain=0.899 turn_time=0.0212323 end_in=0.0212323 cand_pre=7 cand_cap=20 cand=7->7 pre=7 pick(must/bucket/top/rand)=1/5/1/0 depth0=10 depth=8 dlog=2 dper=0 sims=3811 loop=3804 gen_time=0 eval_time=0.022 best_avg=-0.862382 best_move=4,0 leader=2 inc2=1 attack_w=0.2
DBG t=61 used=0.019 remain=0.651 turn_time=0.0186954 end_in=0.0186954 cand_pre=20 cand_cap=20 cand=20->20 pre=20 pick(must/bucket/top/rand)=1/6/9/4 depth0=10 depth=6 dlog=4 dper=0 sims=3884 loop=3864 gen_time=0 eval_time=0.019 best_avg=-0.0800517 best_move=6,2 leader=2 inc2=1 attack_w=0.2
DBG t=74 used=0.017 remain=0.417 turn_time=0.0168163 end_in=0.0168163 cand_pre=31 cand_cap=20 cand=31->20 pre=31 pick(must/bucket/top/rand)=1/8/7/4 depth0=11 depth=5 dlog=4 dper=2 sims=3844 loop=3824 gen_time=0 eval_time=0.017 best_avg=-0.1803 best_move=4,3 leader=1 inc2=1 attack_w=0.2
DBG t=86 used=0.016 remain=0.209 turn_time=0.0158467 end_in=0.0158467 cand_pre=29 cand_cap=20 cand=29->20 pre=29 pick(must/bucket/top/rand)=1/8/7/4 depth0=11 depth=5 dlog=4 dper=2 sims=3044 loop=3024 gen_time=0 eval_time=0.016 best_avg=-0.228528 best_move=3,5 leader=1 inc2=1 attack_w=0.2
DBG depth_guard t=99 remain=0.018 cand_pre=55 depth0=0 depth=0
DBG t=99 used=0.011 remain=0.018 turn_time=0.0108 end_in=0.0108 cand_pre=55 cand_cap=14 cand=55->14 pre=42 pick(must/bucket/top/rand)=1/7/3/3 depth0=0 depth=0 dlog=5 dper=5 sims=35834 loop=35820 gen_time=0 eval_time=0.011 best_avg=0.176796 best_move=5,4 leader=2 inc2=1 attack_w=0.2
DBG summary depth_guard_fired=1
Score = 254451
=== CASE 0051.txt ===
DBG hdr N=10 M=8 T=100 U=1 VMAX=1078 TIME_LIMIT=1.94 MAX_CAND=20 UCB_C=0.21
DBG t=0 used=0.024 remain=1.94 turn_time=0.0236195 end_in=0.0236195 cand_pre=5 cand_cap=20 cand=5->5 pre=5 pick(must/bucket/top/rand)=1/2/2/0 depth0=7 depth=5 dlog=2 dper=0 sims=3537 loop=3532 gen_time=0 eval_time=0.024 best_avg=-0.443927 best_move=7,2 leader=6 inc2=1 attack_w=0.678947
DBG t=12 used=0.024 remain=1.663 turn_time=0.0231308 end_in=0.0231308 cand_pre=4 cand_cap=20 cand=4->4 pre=4 pick(must/bucket/top/rand)=1/1/2/0 depth0=7 depth=6 dlog=1 dper=0 sims=2192 loop=2188 gen_time=0 eval_time=0.024 best_avg=-0.571067 best_move=4,5 leader=6 inc2=1 attack_w=0.85
DBG t=24 used=0.022 remain=1.395 turn_time=0.0212737 end_in=0.0212737 cand_pre=14 cand_cap=20 cand=14->14 pre=14 pick(must/bucket/top/rand)=1/5/8/0 depth0=7 depth=4 dlog=3 dper=0 sims=2870 loop=2856 gen_time=0 eval_time=0.022 best_avg=-0.584494 best_move=0,7 leader=6 inc2=1 attack_w=0.536619
DBG t=37 used=0.02 remain=1.12 turn_time=0.0197956 end_in=0.0197956 cand_pre=21 cand_cap=20 cand=21->20 pre=21 pick(must/bucket/top/rand)=1/3/12/4 depth0=10 depth=6 dlog=4 dper=0 sims=1456 loop=1436 gen_time=0 eval_time=0.02 best_avg=-0.361951 best_move=6,7 leader=1 inc2=1 attack_w=0.85
DBG t=49 used=0.018 remain=0.889 turn_time=0.0177103 end_in=0.0177103 cand_pre=36 cand_cap=20 cand=36->20 pre=36 pick(must/bucket/top/rand)=1/4/11/4 depth0=10 depth=3 dlog=5 dper=2 sims=2908 loop=2888 gen_time=0 eval_time=0.018 best_avg=0.290424 best_move=4,6 leader=1 inc2=1 attack_w=0.2
DBG t=61 used=0.021 remain=0.674 turn_time=0.0205916 end_in=0.0205916 cand_pre=9 cand_cap=20 cand=9->9 pre=9 pick(must/bucket/top/rand)=1/4/4/0 depth0=10 depth=7 dlog=3 dper=0 sims=1329 loop=1320 gen_time=0 eval_time=0.021 best_avg=-0.0567244 best_move=9,5 leader=3 inc2=1 attack_w=0.2
DBG t=74 used=0.019 remain=0.424 turn_time=0.0189006 end_in=0.0189006 cand_pre=14 cand_cap=20 cand=14->14 pre=14 pick(must/bucket/top/rand)=1/2/11/0 depth0=11 depth=8 dlog=3 dper=0 sims=1146 loop=1132 gen_time=0 eval_time=0.019 best_avg=0.0273314 best_move=6,3 leader=3 inc2=1 attack_w=0.2
DBG t=86 used=0.016 remain=0.224 turn_time=0.015632 end_in=0.015632 cand_pre=42 cand_cap=20 cand=42->20 pre=42 pick(must/bucket/top/rand)=1/5/10/4 depth0=11 depth=3 dlog=5 dper=3 sims=2300 loop=2280 gen_time=0 eval_time=0.016 best_avg=0.367305 best_move=8,8 leader=7 inc2=1 attack_w=0.2
DBG depth_guard t=99 remain=0.011 cand_pre=27 depth0=0 depth=0
DBG t=99 used=0.007 remain=0.011 turn_time=0.0066 end_in=0.0066 cand_pre=27 cand_cap=12 cand=27->12 pre=27 pick(must/bucket/top/rand)=1/5/4/2 depth0=0 depth=0 dlog=4 dper=4 sims=8892 loop=8880 gen_time=0 eval_time=0.007 best_avg=0.446749 best_move=9,3 leader=5 inc2=1 attack_w=0.2
DBG summary depth_guard_fired=1
Score = 168702
=== CASE 0052.txt ===
DBG hdr N=10 M=5 T=100 U=4 VMAX=1301 TIME_LIMIT=1.94 MAX_CAND=20 UCB_C=0.21
DBG t=0 used=0.024 remain=1.94 turn_time=0.0237456 end_in=0.0237456 cand_pre=4 cand_cap=20 cand=4->4 pre=4 pick(must/bucket/top/rand)=1/2/1/0 depth0=7 depth=6 dlog=1 dper=0 sims=4576 loop=4572 gen_time=0 eval_time=0.024 best_avg=-0.753558 best_move=1,5 leader=3 inc2=0 attack_w=0.765672
DBG t=12 used=0.023 remain=1.655 turn_time=0.0221638 end_in=0.0221638 cand_pre=11 cand_cap=20 cand=11->11 pre=11 pick(must/bucket/top/rand)=1/4/6/0 depth0=7 depth=4 dlog=3 dper=0 sims=3719 loop=3708 gen_time=0 eval_time=0.023 best_avg=-0.95413 best_move=1,4 leader=4 inc2=1 attack_w=0.85
DBG t=24 used=0.022 remain=1.389 turn_time=0.021301 end_in=0.021301 cand_pre=13 cand_cap=20 cand=13->13 pre=13 pick(must/bucket/top/rand)=1/6/6/0 depth0=7 depth=4 dlog=3 dper=0 sims=3445 loop=3432 gen_time=0 eval_time=0.022 best_avg=-0.713049 best_move=2,4 leader=4 inc2=1 attack_w=0.450382
DBG t=37 used=0.02 remain=1.111 turn_time=0.0199804 end_in=0.0199804 cand_pre=18 cand_cap=20 cand=18->18 pre=18 pick(must/bucket/top/rand)=1/5/10/2 depth0=10 depth=6 dlog=4 dper=0 sims=2718 loop=2700 gen_time=0 eval_time=0.02 best_avg=-0.521237 best_move=0,7 leader=4 inc2=1 attack_w=0.2
DBG t=49 used=0.02 remain=0.87 turn_time=0.0191059 end_in=0.0191059 cand_pre=20 cand_cap=20 cand=20->20 pre=20 pick(must/bucket/top/rand)=1/4/11/4 depth0=10 depth=6 dlog=4 dper=0 sims=3148 loop=3128 gen_time=0 eval_time=0.02 best_avg=-0.339762 best_move=2,6 leader=4 inc2=1 attack_w=0.2
DBG t=61 used=0.019 remain=0.64 turn_time=0.0180595 end_in=0.0180595 cand_pre=23 cand_cap=20 cand=23->20 pre=23 pick(must/bucket/top/rand)=1/8/7/4 depth0=10 depth=6 dlog=4 dper=0 sims=2180 loop=2160 gen_time=0 eval_time=0.019 best_avg=-0.625153 best_move=2,4 leader=2 inc2=1 attack_w=0.2
DBG t=74 used=0.018 remain=0.405 turn_time=0.0172437 end_in=0.0172437 cand_pre=22 cand_cap=20 cand=22->20 pre=22 pick(must/bucket/top/rand)=1/8/7/4 depth0=11 depth=7 dlog=4 dper=0 sims=1608 loop=1588 gen_time=0 eval_time=0.018 best_avg=-0.654272 best_move=2,2 leader=2 inc2=1 attack_w=0.2
DBG t=86 used=0.016 remain=0.2 turn_time=0.0156286 end_in=0.0156286 cand_pre=24 cand_cap=20 cand=24->20 pre=24 pick(must/bucket/top/rand)=1/7/8/4 depth0=11 depth=6 dlog=4 dper=1 sims=1500 loop=1480 gen_time=0 eval_time=0.016 best_avg=-0.83233 best_move=1,3 leader=2 inc2=1 attack_w=0.323764
DBG depth_guard t=99 remain=0.009 cand_pre=24 depth0=0 depth=0
DBG t=99 used=0.006 remain=0.009 turn_time=0.0054 end_in=0.0054 cand_pre=24 cand_cap=12 cand=24->12 pre=24 pick(must/bucket/top/rand)=1/7/2/2 depth0=0 depth=0 dlog=4 dper=4 sims=9208 loop=9196 gen_time=0 eval_time=0.006 best_avg=-0.942351 best_move=4,2 leader=1 inc2=1 attack_w=0.717021
DBG summary depth_guard_fired=1
Score = 87640
=== CASE 0053.txt ===
DBG hdr N=10 M=3 T=100 U=5 VMAX=1960 TIME_LIMIT=1.94 MAX_CAND=20 UCB_C=0.21
DBG t=0 used=0.024 remain=1.94 turn_time=0.0236195 end_in=0.0236195 cand_pre=5 cand_cap=20 cand=5->5 pre=5 pick(must/bucket/top/rand)=1/2/2/0 depth0=7 depth=5 dlog=2 dper=0 sims=8753 loop=8748 gen_time=0 eval_time=0.024 best_avg=-1.28479 best_move=6,6 leader=2 inc2=1 attack_w=0.13
DBG t=12 used=0.021 remain=1.67 turn_time=0.0208845 end_in=0.0208845 cand_pre=23 cand_cap=20 cand=23->20 pre=23 pick(must/bucket/top/rand)=1/4/11/4 depth0=7 depth=3 dlog=4 dper=0 sims=6800 loop=6780 gen_time=0 eval_time=0.021 best_avg=-1.07444 best_move=2,7 leader=2 inc2=1 attack_w=0.2
DBG t=24 used=0.02 remain=1.419 turn_time=0.0199407 end_in=0.0199407 cand_pre=28 cand_cap=20 cand=28->20 pre=28 pick(must/bucket/top/rand)=1/6/9/4 depth0=7 depth=2 dlog=4 dper=1 sims=7700 loop=7680 gen_time=0 eval_time=0.02 best_avg=-1.05531 best_move=3,6 leader=2 inc2=1 attack_w=0.2
DBG t=37 used=0.019 remain=1.161 turn_time=0.0182443 end_in=0.0182443 cand_pre=40 cand_cap=20 cand=40->20 pre=40 pick(must/bucket/top/rand)=1/8/7/4 depth0=10 depth=3 dlog=5 dper=2 sims=5300 loop=5280 gen_time=0 eval_time=0.019 best_avg=-1.07966 best_move=1,8 leader=1 inc2=1 attack_w=0.2
DBG t=49 used=0.018 remain=0.937 turn_time=0.0175917 end_in=0.0175917 cand_pre=45 cand_cap=20 cand=45->20 pre=45 pick(must/bucket/top/rand)=1/8/7/4 depth0=10 depth=2 dlog=5 dper=3 sims=7376 loop=7356 gen_time=0 eval_time=0.018 best_avg=-1.09308 best_move=1,7 leader=1 inc2=1 attack_w=0.2
DBG t=61 used=0.018 remain=0.721 turn_time=0.0175813 end_in=0.0175813 cand_pre=46 cand_cap=20 cand=46->20 pre=46 pick(must/bucket/top/rand)=1/8/7/4 depth0=10 depth=2 dlog=5 dper=3 sims=6548 loop=6528 gen_time=0 eval_time=0.018 best_avg=-1.05081 best_move=4,5 leader=1 inc2=1 attack_w=0.2
DBG t=74 used=0.018 remain=0.491 turn_time=0.0171 end_in=0.0171 cand_pre=53 cand_cap=20 cand=53->20 pre=53 pick(must/bucket/top/rand)=1/8/7/4 depth0=11 depth=3 dlog=5 dper=3 sims=4704 loop=4684 gen_time=0 eval_time=0.018 best_avg=-1.12728 best_move=1,7 leader=1 inc2=1 attack_w=0.2
DBG t=86 used=0.019 remain=0.274 turn_time=0.0181036 end_in=0.0181036 cand_pre=50 cand_cap=20 cand=50->20 pre=50 pick(must/bucket/top/rand)=1/8/7/4 depth0=11 depth=3 dlog=5 dper=3 sims=4836 loop=4816 gen_time=0 eval_time=0.019 best_avg=-1.24113 best_move=1,4 leader=1 inc2=1 attack_w=0.2
DBG t=99 used=0.014 remain=0.023 turn_time=0.0138 end_in=0.0138 cand_pre=50 cand_cap=16 cand=50->16 pre=48 pick(must/bucket/top/rand)=1/8/3/4 depth0=0 depth=0 dlog=5 dper=4 sims=28800 loop=28784 gen_time=0 eval_time=0.014 best_avg=-1.28583 best_move=1,4 leader=1 inc2=1 attack_w=0.2
DBG summary depth_guard_fired=0
Score = 127943
=== CASE 0054.txt ===
DBG hdr N=10 M=4 T=100 U=1 VMAX=1783 TIME_LIMIT=1.94 MAX_CAND=20 UCB_C=0.21
DBG t=0 used=0.024 remain=1.94 turn_time=0.0238717 end_in=0.0238717 cand_pre=3 cand_cap=20 cand=3->3 pre=3 pick(must/bucket/top/rand)=1/2/0/0 depth0=7 depth=6 dlog=1 dper=0 sims=5403 loop=5400 gen_time=0 eval_time=0.024 best_avg=-1.17464 best_move=4,0 leader=3 inc2=1 attack_w=0.549074
DBG t=12 used=0.022 remain=1.666 turn_time=0.0210806 end_in=0.0210806 cand_pre=21 cand_cap=20 cand=21->20 pre=21 pick(must/bucket/top/rand)=1/4/11/4 depth0=7 depth=3 dlog=4 dper=0 sims=7100 loop=7080 gen_time=0 eval_time=0.022 best_avg=-1.16315 best_move=5,1 leader=2 inc2=1 attack_w=0.322276
DBG t=24 used=0.021 remain=1.403 turn_time=0.0207958 end_in=0.0207958 cand_pre=19 cand_cap=20 cand=19->19 pre=19 pick(must/bucket/top/rand)=1/4/11/3 depth0=7 depth=3 dlog=4 dper=0 sims=7027 loop=7008 gen_time=0 eval_time=0.021 best_avg=-1.00462 best_move=1,1 leader=2 inc2=1 attack_w=0.85
DBG t=37 used=0.019 remain=1.143 turn_time=0.0183152 end_in=0.0183152 cand_pre=37 cand_cap=20 cand=37->20 pre=37 pick(must/bucket/top/rand)=1/4/11/4 depth0=10 depth=3 dlog=5 dper=2 sims=4900 loop=4880 gen_time=0 eval_time=0.019 best_avg=-0.24785 best_move=1,3 leader=2 inc2=1 attack_w=0.2
DBG t=49 used=0.017 remain=0.927 turn_time=0.0165769 end_in=0.0165769 cand_pre=52 cand_cap=20 cand=52->20 pre=52 pick(must/bucket/top/rand)=1/6/9/4 depth0=10 depth=2 dlog=5 dper=3 sims=6184 loop=6164 gen_time=0 eval_time=0.017 best_avg=-0.222498 best_move=4,9 leader=1 inc2=1 attack_w=0.2
DBG t=61 used=0.019 remain=0.693 turn_time=0.0187465 end_in=0.0187465 cand_pre=30 cand_cap=20 cand=30->20 pre=30 pick(must/bucket/top/rand)=1/5/10/4 depth0=10 depth=5 dlog=4 dper=1 sims=2804 loop=2784 gen_time=0 eval_time=0.019 best_avg=-0.2144 best_move=8,7 leader=1 inc2=1 attack_w=0.2
DBG t=74 used=0.017 remain=0.451 turn_time=0.0162707 end_in=0.0162707 cand_pre=48 cand_cap=20 cand=48->20 pre=48 pick(must/bucket/top/rand)=1/6/9/4 depth0=11 depth=3 dlog=5 dper=3 sims=3372 loop=3352 gen_time=0 eval_time=0.017 best_avg=0.0701758 best_move=0,6 leader=1 inc2=0 attack_w=0.2
DBG t=86 used=0.016 remain=0.241 turn_time=0.01514 end_in=0.01514 cand_pre=57 cand_cap=20 cand=57->20 pre=57 pick(must/bucket/top/rand)=1/6/9/4 depth0=11 depth=2 dlog=5 dper=4 sims=4208 loop=4188 gen_time=0 eval_time=0.016 best_avg=0.0909977 best_move=4,5 leader=3 inc2=1 attack_w=0.2
DBG t=99 used=0.02 remain=0.032 turn_time=0.0192 end_in=0.0192 cand_pre=76 cand_cap=14 cand=76->14 pre=42 pick(must/bucket/top/rand)=1/6/4/3 depth0=0 depth=0 dlog=6 dper=4 sims=28426 loop=28412 gen_time=0 eval_time=0.02 best_avg=0.205577 best_move=9,8 leader=3 inc2=1 attack_w=0.2
DBG summary depth_guard_fired=0
Score = 203799
=== CASE 0055.txt ===
DBG hdr N=10 M=8 T=100 U=2 VMAX=1735 TIME_LIMIT=1.94 MAX_CAND=20 UCB_C=0.21
DBG t=0 used=0.024 remain=1.94 turn_time=0.0237456 end_in=0.0237456 cand_pre=4 cand_cap=20 cand=4->4 pre=4 pick(must/bucket/top/rand)=1/2/1/0 depth0=7 depth=6 dlog=1 dper=0 sims=3112 loop=3108 gen_time=0 eval_time=0.024 best_avg=-0.911592 best_move=0,4 leader=2 inc2=1 attack_w=0.85
DBG t=12 used=0.021 remain=1.665 turn_time=0.0209449 end_in=0.0209449 cand_pre=22 cand_cap=20 cand=22->20 pre=22 pick(must/bucket/top/rand)=1/5/10/4 depth0=7 depth=3 dlog=4 dper=0 sims=3888 loop=3868 gen_time=0 eval_time=0.021 best_avg=-0.232313 best_move=3,0 leader=6 inc2=1 attack_w=0.2
DBG t=24 used=0.021 remain=1.408 turn_time=0.0205086 end_in=0.0205086 cand_pre=22 cand_cap=20 cand=22->20 pre=22 pick(must/bucket/top/rand)=1/8/7/4 depth0=7 depth=3 dlog=4 dper=0 sims=3420 loop=3400 gen_time=0 eval_time=0.021 best_avg=-0.356167 best_move=4,3 leader=4 inc2=1 attack_w=0.2
DBG t=37 used=0.021 remain=1.136 turn_time=0.0201956 end_in=0.0201956 cand_pre=20 cand_cap=20 cand=20->20 pre=20 pick(must/bucket/top/rand)=1/6/9/4 depth0=10 depth=6 dlog=4 dper=0 sims=1616 loop=1596 gen_time=0 eval_time=0.021 best_avg=-0.671321 best_move=0,1 leader=4 inc2=1 attack_w=0.718065
DBG t=49 used=0.019 remain=0.898 turn_time=0.0181185 end_in=0.0181185 cand_pre=34 cand_cap=20 cand=34->20 pre=34 pick(must/bucket/top/rand)=1/8/7/4 depth0=10 depth=4 dlog=4 dper=2 sims=2064 loop=2044 gen_time=0 eval_time=0.019 best_avg=-0.347 best_move=1,6 leader=4 inc2=1 attack_w=0.328431
DBG t=61 used=0.018 remain=0.68 turn_time=0.0176015 end_in=0.0176015 cand_pre=37 cand_cap=20 cand=37->20 pre=37 pick(must/bucket/top/rand)=1/8/7/4 depth0=10 depth=3 dlog=5 dper=2 sims=2272 loop=2252 gen_time=0 eval_time=0.018 best_avg=-0.0487821 best_move=4,0 leader=7 inc2=1 attack_w=0.2
DBG t=74 used=0.017 remain=0.446 turn_time=0.0168708 end_in=0.0168708 cand_pre=41 cand_cap=20 cand=41->20 pre=41 pick(must/bucket/top/rand)=1/8/7/4 depth0=11 depth=4 dlog=5 dper=2 sims=1728 loop=1708 gen_time=0 eval_time=0.017 best_avg=0.0977749 best_move=5,1 leader=7 inc2=1 attack_w=0.2
DBG t=86 used=0.017 remain=0.239 turn_time=0.0166788 end_in=0.0166788 cand_pre=42 cand_cap=20 cand=42->20 pre=42 pick(must/bucket/top/rand)=1/8/7/4 depth0=11 depth=3 dlog=5 dper=3 sims=2328 loop=2308 gen_time=0 eval_time=0.017 best_avg=0.107149 best_move=2,8 leader=7 inc2=1 attack_w=0.2
DBG depth_guard t=99 remain=0.018 cand_pre=46 depth0=0 depth=0
DBG t=99 used=0.011 remain=0.018 turn_time=0.0108 end_in=0.0108 cand_pre=46 cand_cap=14 cand=46->14 pre=42 pick(must/bucket/top/rand)=1/5/5/3 depth0=0 depth=0 dlog=5 dper=4 sims=10094 loop=10080 gen_time=0 eval_time=0.011 best_avg=0.364658 best_move=5,1 leader=6 inc2=1 attack_w=0.2
DBG summary depth_guard_fired=1
Score = 166598
=== CASE 0056.txt ===
DBG hdr N=10 M=7 T=100 U=2 VMAX=1961 TIME_LIMIT=1.94 MAX_CAND=20 UCB_C=0.21
DBG t=0 used=0.024 remain=1.94 turn_time=0.0237456 end_in=0.0237456 cand_pre=4 cand_cap=20 cand=4->4 pre=4 pick(must/bucket/top/rand)=1/2/1/0 depth0=7 depth=6 dlog=1 dper=0 sims=3320 loop=3316 gen_time=0 eval_time=0.024 best_avg=-0.581269 best_move=9,6 leader=4 inc2=1 attack_w=0.847371
DBG t=12 used=0.023 remain=1.667 turn_time=0.0220783 end_in=0.0220783 cand_pre=13 cand_cap=20 cand=13->13 pre=13 pick(must/bucket/top/rand)=1/7/5/0 depth0=7 depth=4 dlog=3 dper=0 sims=3377 loop=3364 gen_time=0 eval_time=0.023 best_avg=-0.515261 best_move=7,2 leader=6 inc2=1 attack_w=0.394745
DBG t=24 used=0.022 remain=1.402 turn_time=0.0215004 end_in=0.0215004 cand_pre=13 cand_cap=20 cand=13->13 pre=13 pick(must/bucket/top/rand)=1/5/7/0 depth0=7 depth=4 dlog=3 dper=0 sims=3277 loop=3264 gen_time=0 eval_time=0.022 best_avg=-0.532831 best_move=4,0 leader=6 inc2=1 attack_w=0.708196
DBG t=37 used=0.021 remain=1.12 turn_time=0.0200267 end_in=0.0200267 cand_pre=19 cand_cap=20 cand=19->19 pre=19 pick(must/bucket/top/rand)=1/7/8/3 depth0=10 depth=6 dlog=4 dper=0 sims=2039 loop=2020 gen_time=0 eval_time=0.021 best_avg=-0.213131 best_move=3,0 leader=3 inc2=1 attack_w=0.2
DBG t=49 used=0.019 remain=0.88 turn_time=0.0188769 end_in=0.0188769 cand_pre=24 cand_cap=20 cand=24->20 pre=24 pick(must/bucket/top/rand)=1/6/9/4 depth0=10 depth=6 dlog=4 dper=0 sims=1604 loop=1584 gen_time=0 eval_time=0.019 best_avg=-0.297235 best_move=5,0 leader=2 inc2=1 attack_w=0.2
DBG t=61 used=0.019 remain=0.652 turn_time=0.0185068 end_in=0.0185068 cand_pre=22 cand_cap=20 cand=22->20 pre=22 pick(must/bucket/top/rand)=1/6/9/4 depth0=10 depth=6 dlog=4 dper=0 sims=1768 loop=1748 gen_time=0 eval_time=0.019 best_avg=-0.454516 best_move=6,2 leader=6 inc2=1 attack_w=0.2
DBG t=74 used=0.018 remain=0.409 turn_time=0.0179252 end_in=0.0179252 cand_pre=17 cand_cap=20 cand=17->17 pre=17 pick(must/bucket/top/rand)=1/7/8/1 depth0=11 depth=8 dlog=3 dper=0 sims=1317 loop=1300 gen_time=0 eval_time=0.018 best_avg=-0.49147 best_move=4,0 leader=6 inc2=1 attack_w=0.457545
DBG t=86 used=0.016 remain=0.202 turn_time=0.0155035 end_in=0.0155035 cand_pre=27 cand_cap=20 cand=27->20 pre=27 pick(must/bucket/top/rand)=1/7/8/4 depth0=11 depth=6 dlog=4 dper=1 sims=1404 loop=1384 gen_time=0 eval_time=0.016 best_avg=-0.26258 best_move=2,2 leader=6 inc2=1 attack_w=0.2
DBG depth_guard t=99 remain=0.01 cand_pre=32 depth0=0 depth=0
DBG t=99 used=0.007 remain=0.01 turn_time=0.006 end_in=0.006 cand_pre=32 cand_cap=12 cand=32->12 pre=32 pick(must/bucket/top/rand)=1/5/4/2 depth0=0 depth=0 dlog=4 dper=5 sims=7000 loop=6988 gen_time=0 eval_time=0.007 best_avg=-0.267706 best_move=5,1 leader=5 inc2=1 attack_w=0.2
DBG summary depth_guard_fired=1
Score = 119361
=== CASE 0057.txt ===
DBG hdr N=10 M=7 T=100 U=4 VMAX=1762 TIME_LIMIT=1.94 MAX_CAND=20 UCB_C=0.21
DBG t=0 used=0.024 remain=1.94 turn_time=0.0236195 end_in=0.0236195 cand_pre=5 cand_cap=20 cand=5->5 pre=5 pick(must/bucket/top/rand)=1/2/2/0 depth0=7 depth=5 dlog=2 dper=0 sims=4493 loop=4488 gen_time=0 eval_time=0.024 best_avg=-1.10352 best_move=2,6 leader=4 inc2=1 attack_w=0.85
DBG t=12 used=0.024 remain=1.67 turn_time=0.0234749 end_in=0.0234749 cand_pre=2 cand_cap=20 cand=2->2 pre=2 pick(must/bucket/top/rand)=1/1/0/0 depth0=7 depth=7 dlog=0 dper=0 sims=2366 loop=2364 gen_time=0 eval_time=0.024 best_avg=-0.834751 best_move=3,0 leader=4 inc2=1 attack_w=0.75485
DBG t=24 used=0.022 remain=1.393 turn_time=0.0218389 end_in=0.0218389 cand_pre=9 cand_cap=20 cand=9->9 pre=9 pick(must/bucket/top/rand)=1/5/3/0 depth0=7 depth=4 dlog=3 dper=0 sims=3921 loop=3912 gen_time=0 eval_time=0.022 best_avg=-0.595496 best_move=4,1 leader=4 inc2=1 attack_w=0.208368
DBG t=37 used=0.021 remain=1.107 turn_time=0.0208221 end_in=0.0208221 cand_pre=10 cand_cap=20 cand=10->10 pre=10 pick(must/bucket/top/rand)=1/6/3/0 depth0=10 depth=7 dlog=3 dper=0 sims=2194 loop=2184 gen_time=0 eval_time=0.021 best_avg=-0.364009 best_move=5,0 leader=3 inc2=1 attack_w=0.295701
DBG t=49 used=0.02 remain=0.857 turn_time=0.0198034 end_in=0.0198034 cand_pre=11 cand_cap=20 cand=11->11 pre=11 pick(must/bucket/top/rand)=1/5/5/0 depth0=10 depth=7 dlog=3 dper=0 sims=1795 loop=1784 gen_time=0 eval_time=0.02 best_avg=-0.342535 best_move=2,0 leader=3 inc2=1 attack_w=0.216565
DBG t=61 used=0.019 remain=0.623 turn_time=0.0182028 end_in=0.0182028 cand_pre=17 cand_cap=20 cand=17->17 pre=17 pick(must/bucket/top/rand)=1/3/12/1 depth0=10 depth=7 dlog=3 dper=0 sims=1741 loop=1724 gen_time=0 eval_time=0.019 best_avg=-0.182176 best_move=1,0 leader=2 inc2=1 attack_w=0.2
DBG t=74 used=0.017 remain=0.388 turn_time=0.0168108 end_in=0.0168108 cand_pre=19 cand_cap=20 cand=19->19 pre=19 pick(must/bucket/top/rand)=1/4/11/3 depth0=11 depth=7 dlog=4 dper=0 sims=1539 loop=1520 gen_time=0 eval_time=0.017 best_avg=-0.117373 best_move=2,1 leader=2 inc2=1 attack_w=0.2
DBG t=86 used=0.016 remain=0.19 turn_time=0.0152882 end_in=0.0152882 cand_pre=19 cand_cap=20 cand=19->19 pre=19 pick(must/bucket/top/rand)=1/2/13/3 depth0=11 depth=6 dlog=4 dper=0 sims=1603 loop=1584 gen_time=0 eval_time=0.016 best_avg=-0.250364 best_move=6,1 leader=6 inc2=1 attack_w=0.2
DBG depth_guard t=98 remain=0.019 cand_pre=23 depth0=1 depth=0
DBG depth_guard t=99 remain=0.008 cand_pre=23 depth0=0 depth=0
DBG t=99 used=0.005 remain=0.008 turn_time=0.0048 end_in=0.0048 cand_pre=23 cand_cap=12 cand=23->12 pre=23 pick(must/bucket/top/rand)=1/4/5/2 depth0=0 depth=0 dlog=4 dper=5 sims=6148 loop=6136 gen_time=0 eval_time=0.005 best_avg=-0.23032 best_move=4,1 leader=6 inc2=1 attack_w=0.2
DBG summary depth_guard_fired=2
Score = 123181
=== CASE 0059.txt ===
DBG hdr N=10 M=4 T=100 U=2 VMAX=1678 TIME_LIMIT=1.94 MAX_CAND=20 UCB_C=0.21
DBG t=0 used=0.024 remain=1.94 turn_time=0.0237456 end_in=0.0237456 cand_pre=4 cand_cap=20 cand=4->4 pre=4 pick(must/bucket/top/rand)=1/2/1/0 depth0=7 depth=6 dlog=1 dper=0 sims=5336 loop=5332 gen_time=0 eval_time=0.024 best_avg=-1.22429 best_move=3,7 leader=2 inc2=1 attack_w=0.85
DBG t=12 used=0.022 remain=1.663 turn_time=0.021534 end_in=0.021534 cand_pre=17 cand_cap=20 cand=17->17 pre=17 pick(must/bucket/top/rand)=1/4/11/1 depth0=7 depth=4 dlog=3 dper=0 sims=5157 loop=5140 gen_time=0 eval_time=0.022 best_avg=-1.07622 best_move=5,6 leader=1 inc2=1 attack_w=0.600186
DBG t=24 used=0.02 remain=1.408 turn_time=0.0199065 end_in=0.0199065 cand_pre=27 cand_cap=20 cand=27->20 pre=27 pick(must/bucket/top/rand)=1/7/8/4 depth0=7 depth=2 dlog=4 dper=1 sims=7432 loop=7412 gen_time=0 eval_time=0.02 best_avg=-0.76346 best_move=2,8 leader=1 inc2=1 attack_w=0.2
DBG t=37 used=0.02 remain=1.146 turn_time=0.0193092 end_in=0.0193092 cand_pre=29 cand_cap=20 cand=29->20 pre=29 pick(must/bucket/top/rand)=1/7/8/4 depth0=10 depth=5 dlog=4 dper=1 sims=2812 loop=2792 gen_time=0 eval_time=0.02 best_avg=-0.801509 best_move=3,5 leader=3 inc2=1 attack_w=0.2
DBG t=49 used=0.019 remain=0.916 turn_time=0.0181314 end_in=0.0181314 cand_pre=37 cand_cap=20 cand=37->20 pre=37 pick(must/bucket/top/rand)=1/8/7/4 depth0=10 depth=3 dlog=5 dper=2 sims=4188 loop=4168 gen_time=0 eval_time=0.019 best_avg=-0.519107 best_move=9,4 leader=3 inc2=1 attack_w=0.2
DBG t=61 used=0.02 remain=0.685 turn_time=0.019101 end_in=0.019101 cand_pre=25 cand_cap=20 cand=25->20 pre=25 pick(must/bucket/top/rand)=1/6/9/4 depth0=10 depth=6 dlog=4 dper=0 sims=2148 loop=2128 gen_time=0 eval_time=0.02 best_avg=-0.539808 best_move=7,5 leader=3 inc2=1 attack_w=0.2
DBG t=74 used=0.018 remain=0.438 turn_time=0.0173347 end_in=0.0173347 cand_pre=34 cand_cap=20 cand=34->20 pre=34 pick(must/bucket/top/rand)=1/4/11/4 depth0=11 depth=5 dlog=4 dper=2 sims=2268 loop=2248 gen_time=0 eval_time=0.018 best_avg=-0.379406 best_move=7,2 leader=3 inc2=1 attack_w=0.2
DBG t=86 used=0.016 remain=0.234 turn_time=0.0158953 end_in=0.0158953 cand_pre=46 cand_cap=20 cand=46->20 pre=46 pick(must/bucket/top/rand)=1/5/10/4 depth0=11 depth=3 dlog=5 dper=3 sims=3904 loop=3884 gen_time=0 eval_time=0.016 best_avg=-0.199208 best_move=8,4 leader=1 inc2=0 attack_w=0.2
DBG depth_guard t=99 remain=0.018 cand_pre=49 depth0=0 depth=0
DBG t=99 used=0.011 remain=0.018 turn_time=0.0108 end_in=0.0108 cand_pre=49 cand_cap=14 cand=49->14 pre=42 pick(must/bucket/top/rand)=1/4/6/3 depth0=0 depth=0 dlog=5 dper=4 sims=18134 loop=18120 gen_time=0 eval_time=0.011 best_avg=0.0827977 best_move=4,6 leader=1 inc2=0 attack_w=0.2
DBG summary depth_guard_fired=1
Score = 205518
=== CASE 0058.txt ===
DBG hdr N=10 M=2 T=100 U=3 VMAX=2929 TIME_LIMIT=1.94 MAX_CAND=20 UCB_C=0.21
DBG t=0 used=0.024 remain=1.94 turn_time=0.0237456 end_in=0.0237456 cand_pre=4 cand_cap=20 cand=4->4 pre=4 pick(must/bucket/top/rand)=1/2/1/0 depth0=7 depth=6 dlog=1 dper=0 sims=9364 loop=9360 gen_time=0 eval_time=0.024 best_avg=-2.08244 best_move=3,0 leader=1 inc2=1 attack_w=0.13
DBG t=12 used=0.022 remain=1.663 turn_time=0.0216568 end_in=0.0216568 cand_pre=16 cand_cap=20 cand=16->16 pre=16 pick(must/bucket/top/rand)=1/2/13/0 depth0=7 depth=4 dlog=3 dper=0 sims=8172 loop=8156 gen_time=0 eval_time=0.022 best_avg=-2.20563 best_move=7,1 leader=1 inc2=1 attack_w=0.2
DBG t=24 used=0.021 remain=1.401 turn_time=0.0207661 end_in=0.0207661 cand_pre=19 cand_cap=20 cand=19->19 pre=19 pick(must/bucket/top/rand)=1/2/13/3 depth0=7 depth=3 dlog=4 dper=0 sims=8459 loop=8440 gen_time=0 eval_time=0.021 best_avg=-2.41906 best_move=6,2 leader=1 inc2=1 attack_w=0.2
DBG t=37 used=0.02 remain=1.133 turn_time=0.0194408 end_in=0.0194408 cand_pre=26 cand_cap=20 cand=26->20 pre=26 pick(must/bucket/top/rand)=1/2/13/4 depth0=10 depth=5 dlog=4 dper=1 sims=4364 loop=4344 gen_time=0 eval_time=0.02 best_avg=-2.64373 best_move=2,2 leader=1 inc2=1 attack_w=0.2
DBG t=49 used=0.019 remain=0.902 turn_time=0.0184291 end_in=0.0184291 cand_pre=32 cand_cap=20 cand=32->20 pre=32 pick(must/bucket/top/rand)=1/6/9/4 depth0=10 depth=5 dlog=4 dper=1 sims=3892 loop=3872 gen_time=0 eval_time=0.019 best_avg=-2.66408 best_move=1,2 leader=1 inc2=1 attack_w=0.2
DBG t=61 used=0.018 remain=0.683 turn_time=0.0176792 end_in=0.0176792 cand_pre=37 cand_cap=20 cand=37->20 pre=37 pick(must/bucket/top/rand)=1/6/9/4 depth0=10 depth=3 dlog=5 dper=2 sims=5880 loop=5860 gen_time=0 eval_time=0.018 best_avg=-2.61286 best_move=1,3 leader=1 inc2=1 attack_w=0.2
DBG t=74 used=0.018 remain=0.449 turn_time=0.0172088 end_in=0.0172088 cand_pre=39 cand_cap=20 cand=39->20 pre=39 pick(must/bucket/top/rand)=1/6/9/4 depth0=11 depth=4 dlog=5 dper=2 sims=4120 loop=4100 gen_time=0 eval_time=0.018 best_avg=-2.62909 best_move=0,5 leader=1 inc2=1 attack_w=0.2
DBG t=86 used=0.017 remain=0.239 turn_time=0.0167897 end_in=0.0167898 cand_pre=41 cand_cap=20 cand=41->20 pre=41 pick(must/bucket/top/rand)=1/7/8/4 depth0=11 depth=4 dlog=5 dper=2 sims=3472 loop=3452 gen_time=0 eval_time=0.017 best_avg=-2.68744 best_move=0,5 leader=1 inc2=1 attack_w=0.2
DBG depth_guard t=99 remain=0.017 cand_pre=43 depth0=0 depth=0
DBG t=99 used=0.011 remain=0.017 turn_time=0.0102 end_in=0.0102 cand_pre=43 cand_cap=14 cand=43->14 pre=42 pick(must/bucket/top/rand)=1/7/3/3 depth0=0 depth=0 dlog=5 dper=4 sims=24706 loop=24692 gen_time=0 eval_time=0.011 best_avg=-2.62717 best_move=0,5 leader=1 inc2=1 attack_w=0.2
DBG summary depth_guard_fired=1
Score = 153277
=== CASE 0060.txt ===
DBG hdr N=10 M=5 T=100 U=3 VMAX=1320 TIME_LIMIT=1.94 MAX_CAND=20 UCB_C=0.21
DBG t=0 used=0.024 remain=1.94 turn_time=0.0237456 end_in=0.0237456 cand_pre=4 cand_cap=20 cand=4->4 pre=4 pick(must/bucket/top/rand)=1/2/1/0 depth0=7 depth=6 dlog=1 dper=0 sims=5348 loop=5344 gen_time=0 eval_time=0.024 best_avg=-0.749324 best_move=7,0 leader=3 inc2=0 attack_w=0.638592
DBG t=12 used=0.022 remain=1.66 turn_time=0.0219856 end_in=0.0219856 cand_pre=13 cand_cap=20 cand=13->13 pre=13 pick(must/bucket/top/rand)=1/4/8/0 depth0=7 depth=4 dlog=3 dper=0 sims=5413 loop=5400 gen_time=0 eval_time=0.022 best_avg=-0.721671 best_move=9,0 leader=3 inc2=0 attack_w=0.493317
DBG t=24 used=0.021 remain=1.399 turn_time=0.0206168 end_in=0.0206168 cand_pre=20 cand_cap=20 cand=20->20 pre=20 pick(must/bucket/top/rand)=1/6/9/4 depth0=7 depth=3 dlog=4 dper=0 sims=6724 loop=6704 gen_time=0 eval_time=0.021 best_avg=-0.436109 best_move=4,2 leader=2 inc2=0 attack_w=0.2
DBG t=37 used=0.02 remain=1.13 turn_time=0.019506 end_in=0.019506 cand_pre=25 cand_cap=20 cand=25->20 pre=25 pick(must/bucket/top/rand)=1/6/9/4 depth0=10 depth=6 dlog=4 dper=0 sims=2752 loop=2732 gen_time=0 eval_time=0.02 best_avg=-0.695104 best_move=6,0 leader=2 inc2=0 attack_w=0.2
DBG t=49 used=0.02 remain=0.889 turn_time=0.0190699 end_in=0.0190699 cand_pre=24 cand_cap=20 cand=24->20 pre=24 pick(must/bucket/top/rand)=1/6/9/4 depth0=10 depth=6 dlog=4 dper=0 sims=2612 loop=2592 gen_time=0 eval_time=0.02 best_avg=-0.593292 best_move=5,4 leader=2 inc2=0 attack_w=0.2
DBG t=61 used=0.018 remain=0.66 turn_time=0.0175238 end_in=0.0175238 cand_pre=33 cand_cap=20 cand=33->20 pre=33 pick(must/bucket/top/rand)=1/7/8/4 depth0=10 depth=4 dlog=4 dper=2 sims=3784 loop=3764 gen_time=0 eval_time=0.018 best_avg=-0.363516 best_move=9,4 leader=2 inc2=0 attack_w=0.2
DBG t=74 used=0.017 remain=0.431 turn_time=0.0163034 end_in=0.0163034 cand_pre=41 cand_cap=20 cand=41->20 pre=41 pick(must/bucket/top/rand)=1/8/7/4 depth0=11 depth=3 dlog=5 dper=3 sims=4248 loop=4228 gen_time=0 eval_time=0.017 best_avg=-0.0210864 best_move=2,3 leader=2 inc2=1 attack_w=0.2
DBG t=86 used=0.016 remain=0.229 turn_time=0.015662 end_in=0.015662 cand_pre=45 cand_cap=20 cand=45->20 pre=45 pick(must/bucket/top/rand)=1/7/8/4 depth0=11 depth=3 dlog=5 dper=3 sims=3948 loop=3928 gen_time=0 eval_time=0.016 best_avg=0.373465 best_move=2,3 leader=4 inc2=1 attack_w=0.2
DBG depth_guard t=99 remain=0.018 cand_pre=44 depth0=0 depth=0
DBG t=99 used=0.011 remain=0.018 turn_time=0.0108 end_in=0.0108 cand_pre=44 cand_cap=14 cand=44->14 pre=42 pick(must/bucket/top/rand)=1/7/3/3 depth0=0 depth=0 dlog=5 dper=4 sims=22158 loop=22144 gen_time=0 eval_time=0.011 best_avg=0.533664 best_move=2,3 leader=4 inc2=1 attack_w=0.2
DBG summary depth_guard_fired=1
Score = 211856
=== CASE 0061.txt ===
DBG hdr N=10 M=5 T=100 U=2 VMAX=1600 TIME_LIMIT=1.94 MAX_CAND=20 UCB_C=0.21
DBG t=0 used=0.024 remain=1.94 turn_time=0.0237456 end_in=0.0237456 cand_pre=4 cand_cap=20 cand=4->4 pre=4 pick(must/bucket/top/rand)=1/2/1/0 depth0=7 depth=6 dlog=1 dper=0 sims=5080 loop=5076 gen_time=0 eval_time=0.024 best_avg=-1.15207 best_move=1,3 leader=4 inc2=1 attack_w=0.480774
DBG t=12 used=0.022 remain=1.667 turn_time=0.0214626 end_in=0.0214626 cand_pre=18 cand_cap=20 cand=18->18 pre=18 pick(must/bucket/top/rand)=1/4/11/2 depth0=7 depth=3 dlog=4 dper=0 sims=6566 loop=6548 gen_time=0 eval_time=0.022 best_avg=-1.24474 best_move=1,2 leader=2 inc2=0 attack_w=0.85
DBG t=24 used=0.021 remain=1.408 turn_time=0.0203882 end_in=0.0203882 cand_pre=23 cand_cap=20 cand=23->20 pre=23 pick(must/bucket/top/rand)=1/8/7/4 depth0=7 depth=3 dlog=4 dper=0 sims=3896 loop=3876 gen_time=0 eval_time=0.021 best_avg=-1.64416 best_move=4,3 leader=2 inc2=1 attack_w=0.85
DBG t=37 used=0.021 remain=1.143 turn_time=0.0207917 end_in=0.0207917 cand_pre=16 cand_cap=20 cand=16->16 pre=16 pick(must/bucket/top/rand)=1/8/7/0 depth0=10 depth=7 dlog=3 dper=0 sims=1732 loop=1716 gen_time=0 eval_time=0.021 best_avg=-1.00592 best_move=9,3 leader=2 inc2=1 attack_w=0.85
DBG t=49 used=0.02 remain=0.895 turn_time=0.0190846 end_in=0.0190846 cand_pre=25 cand_cap=20 cand=25->20 pre=25 pick(must/bucket/top/rand)=1/5/10/4 depth0=10 depth=6 dlog=4 dper=0 sims=1792 loop=1772 gen_time=0 eval_time=0.02 best_avg=-1.0034 best_move=4,5 leader=1 inc2=1 attack_w=0.514156
DBG t=61 used=0.017 remain=0.683 turn_time=0.0161994 end_in=0.0161994 cand_pre=50 cand_cap=20 cand=50->20 pre=50 pick(must/bucket/top/rand)=1/6/9/4 depth0=10 depth=2 dlog=5 dper=3 sims=3452 loop=3432 gen_time=0 eval_time=0.017 best_avg=-0.624058 best_move=2,2 leader=3 inc2=1 attack_w=0.2
DBG t=74 used=0.017 remain=0.462 turn_time=0.016783 end_in=0.016783 cand_pre=47 cand_cap=20 cand=47->20 pre=47 pick(must/bucket/top/rand)=1/6/9/4 depth0=11 depth=3 dlog=5 dper=3 sims=2804 loop=2784 gen_time=0 eval_time=0.017 best_avg=-0.468781 best_move=4,8 leader=2 inc2=1 attack_w=0.2
DBG t=86 used=0.017 remain=0.258 turn_time=0.0165673 end_in=0.0165673 cand_pre=54 cand_cap=20 cand=54->20 pre=54 pick(must/bucket/top/rand)=1/6/9/4 depth0=11 depth=3 dlog=5 dper=3 sims=2720 loop=2700 gen_time=0 eval_time=0.017 best_avg=-0.440477 best_move=5,9 leader=1 inc2=1 attack_w=0.2
DBG t=99 used=0.015 remain=0.024 turn_time=0.0144 end_in=0.0144 cand_pre=57 cand_cap=20 cand=57->20 pre=57 pick(must/bucket/top/rand)=1/6/9/4 depth0=0 depth=0 dlog=5 dper=4 sims=17696 loop=17676 gen_time=0 eval_time=0.015 best_avg=-0.524845 best_move=3,5 leader=2 inc2=1 attack_w=0.2
DBG summary depth_guard_fired=0
Score = 116403
=== CASE 0064.txt ===
DBG hdr N=10 M=3 T=100 U=2 VMAX=1013 TIME_LIMIT=1.94 MAX_CAND=20 UCB_C=0.21
DBG t=0 used=0.024 remain=1.94 turn_time=0.0238717 end_in=0.0238717 cand_pre=3 cand_cap=20 cand=3->3 pre=3 pick(must/bucket/top/rand)=1/2/0/0 depth0=7 depth=6 dlog=1 dper=0 sims=7087 loop=7084 gen_time=0 eval_time=0.024 best_avg=-1.3658 best_move=8,9 leader=1 inc2=1 attack_w=0.203231
DBG t=12 used=0.023 remain=1.665 turn_time=0.0221748 end_in=0.0221748 cand_pre=12 cand_cap=20 cand=12->12 pre=12 pick(must/bucket/top/rand)=1/7/4/0 depth0=7 depth=4 dlog=3 dper=0 sims=6312 loop=6300 gen_time=0 eval_time=0.023 best_avg=-1.61246 best_move=6,8 leader=1 inc2=1 attack_w=0.551517
DBG t=24 used=0.02 remain=1.403 turn_time=0.0198358 end_in=0.0198358 cand_pre=27 cand_cap=20 cand=27->20 pre=27 pick(must/bucket/top/rand)=1/8/7/4 depth0=7 depth=2 dlog=4 dper=1 sims=7844 loop=7824 gen_time=0 eval_time=0.02 best_avg=-1.52023 best_move=8,8 leader=2 inc2=1 attack_w=0.561932
DBG t=37 used=0.019 remain=1.15 turn_time=0.018546 end_in=0.018546 cand_pre=36 cand_cap=20 cand=36->20 pre=36 pick(must/bucket/top/rand)=1/8/7/4 depth0=10 depth=3 dlog=5 dper=2 sims=4144 loop=4124 gen_time=0 eval_time=0.019 best_avg=-1.55744 best_move=5,8 leader=2 inc2=1 attack_w=0.401138
DBG t=49 used=0.018 remain=0.92 turn_time=0.017038 end_in=0.017038 cand_pre=47 cand_cap=20 cand=47->20 pre=47 pick(must/bucket/top/rand)=1/8/7/4 depth0=10 depth=2 dlog=5 dper=3 sims=4784 loop=4764 gen_time=0 eval_time=0.018 best_avg=-1.52184 best_move=7,9 leader=1 inc2=1 attack_w=0.247106
DBG t=61 used=0.016 remain=0.715 turn_time=0.0154092 end_in=0.0154092 cand_pre=63 cand_cap=14 cand=63->14 pre=42 pick(must/bucket/top/rand)=1/8/2/3 depth0=10 depth=1 dlog=5 dper=4 sims=7694 loop=7680 gen_time=0 eval_time=0.016 best_avg=-1.3944 best_move=5,7 leader=1 inc2=1 attack_w=0.2
DBG t=74 used=0.016 remain=0.501 turn_time=0.0159453 end_in=0.0159453 cand_pre=65 cand_cap=14 cand=65->14 pre=42 pick(must/bucket/top/rand)=1/8/2/3 depth0=11 depth=2 dlog=5 dper=4 sims=3558 loop=3544 gen_time=0 eval_time=0.016 best_avg=-1.33328 best_move=5,3 leader=1 inc2=1 attack_w=0.2
DBG t=86 used=0.017 remain=0.3 turn_time=0.0166179 end_in=0.0166179 cand_pre=73 cand_cap=14 cand=73->14 pre=42 pick(must/bucket/top/rand)=1/8/2/3 depth0=11 depth=1 dlog=6 dper=4 sims=6426 loop=6412 gen_time=0 eval_time=0.017 best_avg=-1.08768 best_move=2,3 leader=1 inc2=1 attack_w=0.2
DBG t=99 used=0.017 remain=0.027 turn_time=0.0162 end_in=0.0162 cand_pre=76 cand_cap=14 cand=76->14 pre=42 pick(must/bucket/top/rand)=1/8/2/3 depth0=0 depth=0 dlog=6 dper=5 sims=25686 loop=25672 gen_time=0 eval_time=0.017 best_avg=-1.18055 best_move=2,0 leader=1 inc2=1 attack_w=0.2
DBG summary depth_guard_fired=0
Score = 134282
=== CASE 0063.txt ===
DBG hdr N=10 M=5 T=100 U=2 VMAX=2287 TIME_LIMIT=1.94 MAX_CAND=20 UCB_C=0.21
DBG t=0 used=0.024 remain=1.94 turn_time=0.0239978 end_in=0.0239978 cand_pre=2 cand_cap=20 cand=2->2 pre=2 pick(must/bucket/top/rand)=1/1/0/0 depth0=7 depth=7 dlog=0 dper=0 sims=4246 loop=4244 gen_time=0 eval_time=0.024 best_avg=-1.23057 best_move=0,1 leader=3 inc2=0 attack_w=0.472526
DBG t=12 used=0.023 remain=1.658 turn_time=0.0220815 end_in=0.0220815 cand_pre=12 cand_cap=20 cand=12->12 pre=12 pick(must/bucket/top/rand)=1/4/7/0 depth0=7 depth=4 dlog=3 dper=0 sims=4260 loop=4248 gen_time=0 eval_time=0.023 best_avg=-1.1148 best_move=2,2 leader=1 inc2=1 attack_w=0.85
DBG t=24 used=0.021 remain=1.394 turn_time=0.0209008 end_in=0.0209008 cand_pre=17 cand_cap=20 cand=17->17 pre=17 pick(must/bucket/top/rand)=1/5/10/1 depth0=7 depth=4 dlog=3 dper=0 sims=3769 loop=3752 gen_time=0 eval_time=0.021 best_avg=-1.46024 best_move=2,2 leader=1 inc2=1 attack_w=0.85
DBG t=37 used=0.022 remain=1.116 turn_time=0.0204157 end_in=0.0204157 cand_pre=15 cand_cap=20 cand=15->15 pre=15 pick(must/bucket/top/rand)=1/6/8/0 depth0=10 depth=7 dlog=3 dper=0 sims=1739 loop=1724 gen_time=0 eval_time=0.022 best_avg=-1.40343 best_move=3,0 leader=1 inc2=1 attack_w=0.85
DBG t=49 used=0.02 remain=0.868 turn_time=0.019062 end_in=0.019062 cand_pre=20 cand_cap=20 cand=20->20 pre=20 pick(must/bucket/top/rand)=1/5/10/4 depth0=10 depth=6 dlog=4 dper=0 sims=2592 loop=2572 gen_time=0 eval_time=0.02 best_avg=-1.04553 best_move=0,5 leader=1 inc2=1 attack_w=0.85
DBG t=61 used=0.018 remain=0.642 turn_time=0.0172599 end_in=0.0172599 cand_pre=31 cand_cap=20 cand=31->20 pre=31 pick(must/bucket/top/rand)=1/2/13/4 depth0=10 depth=5 dlog=4 dper=1 sims=2236 loop=2216 gen_time=0 eval_time=0.018 best_avg=-0.806045 best_move=1,8 leader=1 inc2=1 attack_w=0.85
DBG t=74 used=0.017 remain=0.415 turn_time=0.0166319 end_in=0.0166319 cand_pre=32 cand_cap=20 cand=32->20 pre=32 pick(must/bucket/top/rand)=1/3/12/4 depth0=11 depth=5 dlog=4 dper=2 sims=980 loop=960 gen_time=0 eval_time=0.017 best_avg=-0.65325 best_move=3,7 leader=2 inc2=1 attack_w=0.205164
DBG t=86 used=0.016 remain=0.216 turn_time=0.0156754 end_in=0.0156754 cand_pre=36 cand_cap=20 cand=36->20 pre=36 pick(must/bucket/top/rand)=1/6/9/4 depth0=11 depth=4 dlog=5 dper=2 sims=2744 loop=2724 gen_time=0 eval_time=0.016 best_avg=-0.568435 best_move=6,7 leader=2 inc2=0 attack_w=0.2
DBG depth_guard t=99 remain=0.015 cand_pre=43 depth0=0 depth=0
DBG t=99 used=0.01 remain=0.015 turn_time=0.009 end_in=0.009 cand_pre=43 cand_cap=14 cand=43->14 pre=42 pick(must/bucket/top/rand)=1/6/4/3 depth0=0 depth=0 dlog=5 dper=5 sims=12790 loop=12776 gen_time=0 eval_time=0.01 best_avg=-0.374016 best_move=1,0 leader=2 inc2=1 attack_w=0.2
DBG summary depth_guard_fired=1
Score = 126994
=== CASE 0062.txt ===
DBG hdr N=10 M=4 T=100 U=5 VMAX=2517 TIME_LIMIT=1.94 MAX_CAND=20 UCB_C=0.21
DBG t=0 used=0.024 remain=1.94 turn_time=0.0237456 end_in=0.0237456 cand_pre=4 cand_cap=20 cand=4->4 pre=4 pick(must/bucket/top/rand)=1/2/1/0 depth0=7 depth=6 dlog=1 dper=0 sims=6076 loop=6072 gen_time=0 eval_time=0.024 best_avg=-1.96267 best_move=9,4 leader=2 inc2=1 attack_w=0.85
DBG t=12 used=0.021 remain=1.669 turn_time=0.0205021 end_in=0.0205021 cand_pre=26 cand_cap=20 cand=26->20 pre=26 pick(must/bucket/top/rand)=1/8/7/4 depth0=7 depth=3 dlog=4 dper=0 sims=7388 loop=7368 gen_time=0 eval_time=0.021 best_avg=-0.175577 best_move=6,7 leader=2 inc2=1 attack_w=0.2
DBG t=24 used=0.022 remain=1.411 turn_time=0.021035 end_in=0.021035 cand_pre=18 cand_cap=20 cand=18->18 pre=18 pick(must/bucket/top/rand)=1/8/7/2 depth0=7 depth=3 dlog=4 dper=0 sims=7986 loop=7968 gen_time=0 eval_time=0.022 best_avg=-0.890855 best_move=4,6 leader=1 inc2=1 attack_w=0.2
DBG t=37 used=0.021 remain=1.137 turn_time=0.0203306 end_in=0.0203306 cand_pre=19 cand_cap=20 cand=19->19 pre=19 pick(must/bucket/top/rand)=1/7/8/3 depth0=10 depth=6 dlog=4 dper=0 sims=3699 loop=3680 gen_time=0 eval_time=0.021 best_avg=-1.31614 best_move=6,7 leader=1 inc2=1 attack_w=0.322033
DBG t=49 used=0.02 remain=0.885 turn_time=0.0196609 end_in=0.0196609 cand_pre=18 cand_cap=20 cand=18->18 pre=18 pick(must/bucket/top/rand)=1/7/8/2 depth0=10 depth=6 dlog=4 dper=0 sims=3298 loop=3280 gen_time=0 eval_time=0.02 best_avg=-1.33385 best_move=5,8 leader=1 inc2=1 attack_w=0.768621
DBG t=61 used=0.019 remain=0.649 turn_time=0.0186379 end_in=0.0186379 cand_pre=20 cand_cap=20 cand=20->20 pre=20 pick(must/bucket/top/rand)=1/7/8/4 depth0=10 depth=6 dlog=4 dper=0 sims=3000 loop=2980 gen_time=0 eval_time=0.019 best_avg=-1.06357 best_move=5,6 leader=1 inc2=0 attack_w=0.379996
DBG t=74 used=0.017 remain=0.405 turn_time=0.0168387 end_in=0.0168387 cand_pre=26 cand_cap=20 cand=26->20 pre=26 pick(must/bucket/top/rand)=1/6/9/4 depth0=11 depth=6 dlog=4 dper=1 sims=1072 loop=1052 gen_time=0 eval_time=0.017 best_avg=-0.807472 best_move=6,7 leader=1 inc2=0 attack_w=0.2
DBG t=86 used=0.016 remain=0.205 turn_time=0.015353 end_in=0.015353 cand_pre=31 cand_cap=20 cand=31->20 pre=31 pick(must/bucket/top/rand)=1/8/7/4 depth0=11 depth=5 dlog=4 dper=2 sims=2668 loop=2648 gen_time=0 eval_time=0.016 best_avg=-0.671485 best_move=5,5 leader=1 inc2=1 attack_w=0.2
DBG depth_guard t=99 remain=0.011 cand_pre=31 depth0=0 depth=0
DBG t=99 used=0.007 remain=0.011 turn_time=0.0066 end_in=0.0066 cand_pre=31 cand_cap=12 cand=31->12 pre=31 pick(must/bucket/top/rand)=1/7/2/2 depth0=0 depth=0 dlog=4 dper=5 sims=11896 loop=11884 gen_time=0 eval_time=0.007 best_avg=-0.656071 best_move=4,6 leader=1 inc2=1 attack_w=0.2
DBG summary depth_guard_fired=1
Score = 134389
=== CASE 0065.txt ===
DBG hdr N=10 M=5 T=100 U=1 VMAX=1735 TIME_LIMIT=1.94 MAX_CAND=20 UCB_C=0.21
DBG t=0 used=0.024 remain=1.94 turn_time=0.0236195 end_in=0.0236195 cand_pre=5 cand_cap=20 cand=5->5 pre=5 pick(must/bucket/top/rand)=1/2/2/0 depth0=7 depth=5 dlog=2 dper=0 sims=5677 loop=5672 gen_time=0 eval_time=0.024 best_avg=-0.94664 best_move=2,6 leader=3 inc2=1 attack_w=0.85
DBG t=12 used=0.023 remain=1.663 turn_time=0.0220253 end_in=0.0220253 cand_pre=13 cand_cap=20 cand=13->13 pre=13 pick(must/bucket/top/rand)=1/6/6/0 depth0=7 depth=4 dlog=3 dper=0 sims=3933 loop=3920 gen_time=0 eval_time=0.023 best_avg=-1.12242 best_move=4,6 leader=3 inc2=1 attack_w=0.85
DBG t=24 used=0.019 remain=1.411 turn_time=0.0189835 end_in=0.0189835 cand_pre=35 cand_cap=20 cand=35->20 pre=35 pick(must/bucket/top/rand)=1/4/11/4 depth0=7 depth=1 dlog=4 dper=2 sims=11428 loop=11408 gen_time=0 eval_time=0.019 best_avg=-0.596914 best_move=2,4 leader=3 inc2=0 attack_w=0.2
DBG t=37 used=0.018 remain=1.132 turn_time=0.0173214 end_in=0.0173214 cand_pre=44 cand_cap=20 cand=44->20 pre=44 pick(must/bucket/top/rand)=1/2/13/4 depth0=10 depth=2 dlog=5 dper=3 sims=5120 loop=5100 gen_time=0 eval_time=0.018 best_avg=-0.490655 best_move=2,7 leader=3 inc2=0 attack_w=0.2
DBG t=49 used=0.022 remain=0.906 turn_time=0.0210512 end_in=0.0210512 cand_pre=10 cand_cap=20 cand=10->10 pre=10 pick(must/bucket/top/rand)=1/5/4/0 depth0=10 depth=7 dlog=3 dper=0 sims=1982 loop=1972 gen_time=0 eval_time=0.022 best_avg=-0.22042 best_move=7,3 leader=3 inc2=0 attack_w=0.2
DBG t=61 used=0.019 remain=0.652 turn_time=0.0189414 end_in=0.0189414 cand_pre=18 cand_cap=20 cand=18->18 pre=18 pick(must/bucket/top/rand)=1/4/11/2 depth0=10 depth=6 dlog=4 dper=0 sims=2226 loop=2208 gen_time=0 eval_time=0.019 best_avg=0.137932 best_move=8,3 leader=2 inc2=1 attack_w=0.2
DBG t=74 used=0.016 remain=0.402 turn_time=0.0159099 end_in=0.0159099 cand_pre=34 cand_cap=20 cand=34->20 pre=34 pick(must/bucket/top/rand)=1/5/10/4 depth0=11 depth=5 dlog=4 dper=2 sims=1056 loop=1036 gen_time=0 eval_time=0.016 best_avg=0.291968 best_move=3,4 leader=3 inc2=1 attack_w=0.2
DBG t=86 used=0.016 remain=0.199 turn_time=0.0153656 end_in=0.0153656 cand_pre=26 cand_cap=20 cand=26->20 pre=26 pick(must/bucket/top/rand)=1/4/11/4 depth0=11 depth=6 dlog=4 dper=1 sims=1656 loop=1636 gen_time=0 eval_time=0.016 best_avg=-0.0269392 best_move=3,6 leader=3 inc2=1 attack_w=0.2
DBG depth_guard t=99 remain=0.012 cand_pre=45 depth0=0 depth=0
DBG t=99 used=0.008 remain=0.012 turn_time=0.0072 end_in=0.0072 cand_pre=45 cand_cap=12 cand=45->12 pre=36 pick(must/bucket/top/rand)=1/5/4/2 depth0=0 depth=0 dlog=5 dper=5 sims=11008 loop=10996 gen_time=0 eval_time=0.008 best_avg=0.360292 best_move=6,2 leader=3 inc2=1 attack_w=0.2
DBG summary depth_guard_fired=1
Score = 187762
=== CASE 0067.txt ===
DBG hdr N=10 M=8 T=100 U=2 VMAX=1725 TIME_LIMIT=1.94 MAX_CAND=20 UCB_C=0.21
DBG t=0 used=0.024 remain=1.94 turn_time=0.0236195 end_in=0.0236195 cand_pre=5 cand_cap=20 cand=5->5 pre=5 pick(must/bucket/top/rand)=1/2/2/0 depth0=7 depth=5 dlog=2 dper=0 sims=3897 loop=3892 gen_time=0 eval_time=0.024 best_avg=-0.867637 best_move=8,2 leader=5 inc2=1 attack_w=0.85
DBG t=12 used=0.021 remain=1.671 turn_time=0.0204033 end_in=0.0204033 cand_pre=27 cand_cap=20 cand=27->20 pre=27 pick(must/bucket/top/rand)=1/5/10/4 depth0=7 depth=3 dlog=4 dper=0 sims=4028 loop=4008 gen_time=0 eval_time=0.021 best_avg=-0.42661 best_move=5,7 leader=7 inc2=1 attack_w=0.520465
DBG t=24 used=0.02 remain=1.427 turn_time=0.0190767 end_in=0.0190767 cand_pre=36 cand_cap=20 cand=36->20 pre=36 pick(must/bucket/top/rand)=1/5/10/4 depth0=7 depth=0 dlog=5 dper=2 sims=29480 loop=29460 gen_time=0 eval_time=0.02 best_avg=-0.192178 best_move=6,2 leader=1 inc2=1 attack_w=0.2
DBG t=37 used=0.02 remain=1.174 turn_time=0.0194176 end_in=0.0194176 cand_pre=32 cand_cap=20 cand=32->20 pre=32 pick(must/bucket/top/rand)=1/7/8/4 depth0=10 depth=5 dlog=4 dper=1 sims=1968 loop=1948 gen_time=0 eval_time=0.02 best_avg=-0.597081 best_move=6,7 leader=6 inc2=1 attack_w=0.487942
DBG t=49 used=0.021 remain=0.927 turn_time=0.0209484 end_in=0.0209484 cand_pre=15 cand_cap=20 cand=15->15 pre=15 pick(must/bucket/top/rand)=1/5/9/0 depth0=10 depth=7 dlog=3 dper=0 sims=1535 loop=1520 gen_time=0 eval_time=0.021 best_avg=-0.693779 best_move=7,5 leader=1 inc2=1 attack_w=0.85
DBG t=61 used=0.02 remain=0.68 turn_time=0.0195282 end_in=0.0195282 cand_pre=20 cand_cap=20 cand=20->20 pre=20 pick(must/bucket/top/rand)=1/5/10/4 depth0=10 depth=6 dlog=4 dper=0 sims=1800 loop=1780 gen_time=0 eval_time=0.02 best_avg=-0.471444 best_move=7,5 leader=1 inc2=1 attack_w=0.66645
DBG t=74 used=0.018 remain=0.438 turn_time=0.0171157 end_in=0.0171157 cand_pre=36 cand_cap=20 cand=36->20 pre=36 pick(must/bucket/top/rand)=1/7/8/4 depth0=11 depth=4 dlog=5 dper=2 sims=2404 loop=2384 gen_time=0 eval_time=0.018 best_avg=-0.361167 best_move=5,7 leader=1 inc2=1 attack_w=0.251914
DBG t=86 used=0.017 remain=0.23 turn_time=0.0165846 end_in=0.0165846 cand_pre=37 cand_cap=20 cand=37->20 pre=37 pick(must/bucket/top/rand)=1/7/8/4 depth0=11 depth=4 dlog=5 dper=2 sims=2344 loop=2324 gen_time=0 eval_time=0.017 best_avg=-0.0846937 best_move=4,5 leader=6 inc2=1 attack_w=0.2
DBG depth_guard t=99 remain=0.017 cand_pre=44 depth0=0 depth=0
DBG t=99 used=0.011 remain=0.017 turn_time=0.0102 end_in=0.0102 cand_pre=44 cand_cap=14 cand=44->14 pre=42 pick(must/bucket/top/rand)=1/7/3/3 depth0=0 depth=0 dlog=5 dper=4 sims=14810 loop=14796 gen_time=0 eval_time=0.011 best_avg=0.0037916 best_move=3,6 leader=7 inc2=1 attack_w=0.2
DBG summary depth_guard_fired=1
Score = 131995
=== CASE 0066.txt ===
DBG hdr N=10 M=8 T=100 U=5 VMAX=1914 TIME_LIMIT=1.94 MAX_CAND=20 UCB_C=0.21
DBG t=0 used=0.024 remain=1.94 turn_time=0.0237456 end_in=0.0237456 cand_pre=4 cand_cap=20 cand=4->4 pre=4 pick(must/bucket/top/rand)=1/2/1/0 depth0=7 depth=6 dlog=1 dper=0 sims=3352 loop=3348 gen_time=0 eval_time=0.024 best_avg=-0.752189 best_move=0,5 leader=7 inc2=1 attack_w=0.85
DBG t=12 used=0.023 remain=1.658 turn_time=0.022204 end_in=0.022204 cand_pre=11 cand_cap=20 cand=11->11 pre=11 pick(must/bucket/top/rand)=1/3/7/0 depth0=7 depth=4 dlog=3 dper=0 sims=3959 loop=3948 gen_time=0 eval_time=0.023 best_avg=-0.448398 best_move=1,4 leader=3 inc2=1 attack_w=0.213811
DBG t=24 used=0.022 remain=1.388 turn_time=0.0215231 end_in=0.0215231 cand_pre=11 cand_cap=20 cand=11->11 pre=11 pick(must/bucket/top/rand)=1/4/6/0 depth0=7 depth=4 dlog=3 dper=0 sims=3359 loop=3348 gen_time=0 eval_time=0.022 best_avg=-0.662096 best_move=3,6 leader=4 inc2=1 attack_w=0.566524
DBG t=37 used=0.021 remain=1.11 turn_time=0.020535 end_in=0.020535 cand_pre=13 cand_cap=20 cand=13->13 pre=13 pick(must/bucket/top/rand)=1/3/9/0 depth0=10 depth=7 dlog=3 dper=0 sims=1709 loop=1696 gen_time=0 eval_time=0.021 best_avg=-0.997571 best_move=2,7 leader=4 inc2=1 attack_w=0.85
DBG t=49 used=0.02 remain=0.859 turn_time=0.0196307 end_in=0.0196307 cand_pre=13 cand_cap=20 cand=13->13 pre=13 pick(must/bucket/top/rand)=1/4/8/0 depth0=10 depth=7 dlog=3 dper=0 sims=1525 loop=1512 gen_time=0 eval_time=0.02 best_avg=-1.07422 best_move=0,7 leader=4 inc2=1 attack_w=0.85
DBG t=61 used=0.019 remain=0.623 turn_time=0.0185143 end_in=0.0185143 cand_pre=14 cand_cap=20 cand=14->14 pre=14 pick(must/bucket/top/rand)=1/4/9/0 depth0=10 depth=7 dlog=3 dper=0 sims=1506 loop=1492 gen_time=0 eval_time=0.019 best_avg=-0.948548 best_move=1,8 leader=1 inc2=1 attack_w=0.85
DBG t=74 used=0.017 remain=0.389 turn_time=0.0163679 end_in=0.0163679 cand_pre=24 cand_cap=20 cand=24->20 pre=24 pick(must/bucket/top/rand)=1/6/9/4 depth0=11 depth=6 dlog=4 dper=1 sims=1448 loop=1428 gen_time=0 eval_time=0.017 best_avg=-0.781491 best_move=1,3 leader=1 inc2=1 attack_w=0.85
DBG t=86 used=0.015 remain=0.192 turn_time=0.014736 end_in=0.014736 cand_pre=27 cand_cap=20 cand=27->20 pre=27 pick(must/bucket/top/rand)=1/6/9/4 depth0=11 depth=5 dlog=4 dper=2 sims=1432 loop=1412 gen_time=0 eval_time=0.015 best_avg=-0.644777 best_move=3,8 leader=1 inc2=1 attack_w=0.784346
DBG depth_guard t=99 remain=0.009 cand_pre=27 depth0=0 depth=0
DBG t=99 used=0.006 remain=0.009 turn_time=0.0054 end_in=0.0054 cand_pre=27 cand_cap=12 cand=27->12 pre=27 pick(must/bucket/top/rand)=1/6/3/2 depth0=0 depth=0 dlog=4 dper=5 sims=4556 loop=4544 gen_time=0 eval_time=0.006 best_avg=-0.474075 best_move=3,8 leader=1 inc2=1 attack_w=0.433847
DBG summary depth_guard_fired=1
Score = 99552
=== CASE 0069.txt ===
DBG hdr N=10 M=3 T=100 U=1 VMAX=1051 TIME_LIMIT=1.94 MAX_CAND=20 UCB_C=0.21
DBG t=0 used=0.024 remain=1.94 turn_time=0.0237456 end_in=0.0237456 cand_pre=4 cand_cap=20 cand=4->4 pre=4 pick(must/bucket/top/rand)=1/2/1/0 depth0=7 depth=6 dlog=1 dper=0 sims=6112 loop=6108 gen_time=0 eval_time=0.024 best_avg=-1.34383 best_move=1,8 leader=2 inc2=1 attack_w=0.175441
DBG t=12 used=0.022 remain=1.667 turn_time=0.021832 end_in=0.021832 cand_pre=15 cand_cap=20 cand=15->15 pre=15 pick(must/bucket/top/rand)=1/3/11/0 depth0=7 depth=4 dlog=3 dper=0 sims=5627 loop=5612 gen_time=0 eval_time=0.022 best_avg=-1.5665 best_move=2,7 leader=1 inc2=1 attack_w=0.291456
DBG t=24 used=0.021 remain=1.405 turn_time=0.0204649 end_in=0.0204649 cand_pre=22 cand_cap=20 cand=22->20 pre=22 pick(must/bucket/top/rand)=1/6/9/4 depth0=7 depth=3 dlog=4 dper=0 sims=6572 loop=6552 gen_time=0 eval_time=0.021 best_avg=-1.25883 best_move=4,5 leader=2 inc2=1 attack_w=0.2
DBG t=37 used=0.023 remain=1.139 turn_time=0.0221291 end_in=0.0221291 cand_pre=4 cand_cap=20 cand=4->4 pre=4 pick(must/bucket/top/rand)=1/3/0/0 depth0=10 depth=9 dlog=1 dper=0 sims=2500 loop=2496 gen_time=0 eval_time=0.023 best_avg=-1.11655 best_move=2,0 leader=1 inc2=1 attack_w=0.2
DBG t=49 used=0.02 remain=0.885 turn_time=0.0194353 end_in=0.0194353 cand_pre=20 cand_cap=20 cand=20->20 pre=20 pick(must/bucket/top/rand)=1/6/9/4 depth0=10 depth=6 dlog=4 dper=0 sims=3084 loop=3064 gen_time=0 eval_time=0.02 best_avg=-0.759328 best_move=4,1 leader=2 inc2=1 attack_w=0.2
DBG t=61 used=0.017 remain=0.659 turn_time=0.0169481 end_in=0.0169481 cand_pre=38 cand_cap=20 cand=38->20 pre=38 pick(must/bucket/top/rand)=1/6/9/4 depth0=10 depth=3 dlog=5 dper=2 sims=4708 loop=4688 gen_time=0 eval_time=0.017 best_avg=-0.359342 best_move=3,4 leader=1 inc2=1 attack_w=0.2
DBG t=74 used=0.015 remain=0.442 turn_time=0.0149515 end_in=0.0149515 cand_pre=57 cand_cap=20 cand=57->20 pre=57 pick(must/bucket/top/rand)=1/6/9/4 depth0=11 depth=2 dlog=5 dper=4 sims=5240 loop=5220 gen_time=0 eval_time=0.015 best_avg=-0.0867102 best_move=2,7 leader=1 inc2=1 attack_w=0.2
DBG t=86 used=0.017 remain=0.231 turn_time=0.0165495 end_in=0.0165495 cand_pre=38 cand_cap=20 cand=38->20 pre=38 pick(must/bucket/top/rand)=1/5/10/4 depth0=11 depth=4 dlog=5 dper=2 sims=3240 loop=3220 gen_time=0 eval_time=0.017 best_avg=0.3851 best_move=2,4 leader=2 inc2=1 attack_w=0.2
DBG t=99 used=0.017 remain=0.028 turn_time=0.0168 end_in=0.0168 cand_pre=67 cand_cap=14 cand=67->14 pre=42 pick(must/bucket/top/rand)=1/6/4/3 depth0=0 depth=0 dlog=5 dper=4 sims=44498 loop=44484 gen_time=0 eval_time=0.017 best_avg=0.532771 best_move=2,4 leader=1 inc2=1 attack_w=0.2
DBG summary depth_guard_fired=0
Score = 273635
=== CASE 0068.txt ===
DBG hdr N=10 M=4 T=100 U=5 VMAX=1716 TIME_LIMIT=1.94 MAX_CAND=20 UCB_C=0.21
DBG t=0 used=0.024 remain=1.94 turn_time=0.0237456 end_in=0.0237456 cand_pre=4 cand_cap=20 cand=4->4 pre=4 pick(must/bucket/top/rand)=1/2/1/0 depth0=7 depth=6 dlog=1 dper=0 sims=6924 loop=6920 gen_time=0 eval_time=0.024 best_avg=-1.63737 best_move=0,5 leader=3 inc2=1 attack_w=0.85
DBG t=12 used=0.022 remain=1.661 turn_time=0.0212627 end_in=0.0212627 cand_pre=19 cand_cap=20 cand=19->19 pre=19 pick(must/bucket/top/rand)=1/2/13/3 depth0=7 depth=3 dlog=4 dper=0 sims=8395 loop=8376 gen_time=0 eval_time=0.022 best_avg=-1.29621 best_move=3,7 leader=3 inc2=0 attack_w=0.85
DBG t=24 used=0.021 remain=1.405 turn_time=0.0203448 end_in=0.0203448 cand_pre=23 cand_cap=20 cand=23->20 pre=23 pick(must/bucket/top/rand)=1/3/12/4 depth0=7 depth=3 dlog=4 dper=0 sims=6540 loop=6520 gen_time=0 eval_time=0.021 best_avg=-1.29151 best_move=0,4 leader=3 inc2=0 attack_w=0.815703
DBG t=37 used=0.019 remain=1.139 turn_time=0.0189562 end_in=0.0189562 cand_pre=31 cand_cap=20 cand=31->20 pre=31 pick(must/bucket/top/rand)=1/5/10/4 depth0=10 depth=5 dlog=4 dper=1 sims=2796 loop=2776 gen_time=0 eval_time=0.019 best_avg=-1.2543 best_move=0,4 leader=3 inc2=0 attack_w=0.662404
DBG t=49 used=0.019 remain=0.91 turn_time=0.0180126 end_in=0.0180126 cand_pre=37 cand_cap=20 cand=37->20 pre=37 pick(must/bucket/top/rand)=1/6/9/4 depth0=10 depth=3 dlog=5 dper=2 sims=4216 loop=4196 gen_time=0 eval_time=0.019 best_avg=-1.11586 best_move=8,8 leader=3 inc2=0 attack_w=0.43412
DBG t=61 used=0.017 remain=0.697 turn_time=0.0165314 end_in=0.0165314 cand_pre=50 cand_cap=20 cand=50->20 pre=50 pick(must/bucket/top/rand)=1/8/7/4 depth0=10 depth=2 dlog=5 dper=3 sims=5420 loop=5400 gen_time=0 eval_time=0.017 best_avg=-0.977324 best_move=9,2 leader=3 inc2=0 attack_w=0.2
DBG t=74 used=0.016 remain=0.46 turn_time=0.0159054 end_in=0.0159054 cand_pre=54 cand_cap=20 cand=54->20 pre=54 pick(must/bucket/top/rand)=1/6/9/4 depth0=11 depth=2 dlog=5 dper=4 sims=4828 loop=4808 gen_time=0 eval_time=0.016 best_avg=-0.898466 best_move=9,4 leader=3 inc2=0 attack_w=0.2
DBG t=86 used=0.017 remain=0.257 turn_time=0.016861 end_in=0.016861 cand_pre=51 cand_cap=20 cand=51->20 pre=51 pick(must/bucket/top/rand)=1/7/8/4 depth0=11 depth=3 dlog=5 dper=3 sims=3692 loop=3672 gen_time=0 eval_time=0.017 best_avg=-0.824623 best_move=8,8 leader=3 inc2=0 attack_w=0.2
DBG depth_guard t=99 remain=0.016 cand_pre=41 depth0=0 depth=0
DBG t=99 used=0.01 remain=0.016 turn_time=0.0096 end_in=0.0096 cand_pre=41 cand_cap=14 cand=41->14 pre=41 pick(must/bucket/top/rand)=1/5/5/3 depth0=0 depth=0 dlog=5 dper=4 sims=14146 loop=14132 gen_time=0 eval_time=0.01 best_avg=-0.844723 best_move=1,5 leader=3 inc2=1 attack_w=0.2
DBG summary depth_guard_fired=1
Score = 116254
=== CASE 0070.txt ===
DBG hdr N=10 M=5 T=100 U=3 VMAX=1226 TIME_LIMIT=1.94 MAX_CAND=20 UCB_C=0.21
DBG t=0 used=0.024 remain=1.94 turn_time=0.0237456 end_in=0.0237456 cand_pre=4 cand_cap=20 cand=4->4 pre=4 pick(must/bucket/top/rand)=1/2/1/0 depth0=7 depth=6 dlog=1 dper=0 sims=4684 loop=4680 gen_time=0 eval_time=0.024 best_avg=-0.71313 best_move=9,4 leader=4 inc2=1 attack_w=0.483437
DBG t=12 used=0.022 remain=1.661 turn_time=0.0215081 end_in=0.0215081 cand_pre=17 cand_cap=20 cand=17->17 pre=17 pick(must/bucket/top/rand)=1/5/10/1 depth0=7 depth=4 dlog=3 dper=0 sims=4349 loop=4332 gen_time=0 eval_time=0.022 best_avg=-0.608127 best_move=7,5 leader=4 inc2=1 attack_w=0.353896
DBG t=24 used=0.02 remain=1.404 turn_time=0.0196098 end_in=0.0196098 cand_pre=29 cand_cap=20 cand=29->20 pre=29 pick(must/bucket/top/rand)=1/6/9/4 depth0=7 depth=2 dlog=4 dper=1 sims=6352 loop=6332 gen_time=0 eval_time=0.02 best_avg=-0.591238 best_move=8,7 leader=4 inc2=1 attack_w=0.2
DBG t=37 used=0.02 remain=1.144 turn_time=0.0191575 end_in=0.0191575 cand_pre=30 cand_cap=20 cand=30->20 pre=30 pick(must/bucket/top/rand)=1/4/11/4 depth0=10 depth=5 dlog=4 dper=1 sims=2380 loop=2360 gen_time=0 eval_time=0.02 best_avg=-0.654572 best_move=8,2 leader=3 inc2=0 attack_w=0.2
DBG t=49 used=0.019 remain=0.911 turn_time=0.0188452 end_in=0.0188452 cand_pre=30 cand_cap=20 cand=30->20 pre=30 pick(must/bucket/top/rand)=1/4/11/4 depth0=10 depth=5 dlog=4 dper=1 sims=2204 loop=2184 gen_time=0 eval_time=0.019 best_avg=-0.67384 best_move=8,3 leader=3 inc2=0 attack_w=0.2
DBG t=61 used=0.019 remain=0.684 turn_time=0.0181611 end_in=0.0181611 cand_pre=33 cand_cap=20 cand=33->20 pre=33 pick(must/bucket/top/rand)=1/5/10/4 depth0=10 depth=5 dlog=4 dper=1 sims=2276 loop=2256 gen_time=0 eval_time=0.019 best_avg=-0.713007 best_move=7,5 leader=3 inc2=0 attack_w=0.2
DBG t=74 used=0.016 remain=0.451 turn_time=0.0158197 end_in=0.0158197 cand_pre=52 cand_cap=20 cand=52->20 pre=52 pick(must/bucket/top/rand)=1/6/9/4 depth0=11 depth=3 dlog=5 dper=3 sims=2996 loop=2976 gen_time=0 eval_time=0.016 best_avg=-0.683201 best_move=2,3 leader=3 inc2=0 attack_w=0.2
DBG t=86 used=0.019 remain=0.224 turn_time=0.018024 end_in=0.018024 cand_pre=19 cand_cap=20 cand=19->19 pre=19 pick(must/bucket/top/rand)=1/8/7/3 depth0=11 depth=6 dlog=4 dper=0 sims=2131 loop=2112 gen_time=0 eval_time=0.019 best_avg=-0.655317 best_move=4,3 leader=3 inc2=0 attack_w=0.2
DBG depth_guard t=99 remain=0.01 cand_pre=17 depth0=0 depth=0
DBG t=99 used=0.007 remain=0.01 turn_time=0.006 end_in=0.006 cand_pre=17 cand_cap=12 cand=17->12 pre=17 pick(must/bucket/top/rand)=1/6/3/2 depth0=0 depth=0 dlog=3 dper=3 sims=7732 loop=7720 gen_time=0 eval_time=0.007 best_avg=-0.675973 best_move=0,2 leader=3 inc2=0 attack_w=0.2
DBG summary depth_guard_fired=1
Score = 111402
=== CASE 0071.txt ===
DBG hdr N=10 M=8 T=100 U=4 VMAX=2045 TIME_LIMIT=1.94 MAX_CAND=20 UCB_C=0.21
DBG t=0 used=0.024 remain=1.94 turn_time=0.0237456 end_in=0.0237456 cand_pre=4 cand_cap=20 cand=4->4 pre=4 pick(must/bucket/top/rand)=1/2/1/0 depth0=7 depth=6 dlog=1 dper=0 sims=3528 loop=3524 gen_time=0 eval_time=0.024 best_avg=-0.803747 best_move=3,0 leader=1 inc2=1 attack_w=0.85
DBG t=12 used=0.022 remain=1.664 turn_time=0.0211782 end_in=0.0211782 cand_pre=20 cand_cap=20 cand=20->20 pre=20 pick(must/bucket/top/rand)=1/5/10/4 depth0=7 depth=3 dlog=4 dper=0 sims=4948 loop=4928 gen_time=0 eval_time=0.022 best_avg=-0.169815 best_move=4,4 leader=4 inc2=1 attack_w=0.2
DBG t=24 used=0.021 remain=1.41 turn_time=0.0208995 end_in=0.0208995 cand_pre=19 cand_cap=20 cand=19->19 pre=19 pick(must/bucket/top/rand)=1/8/7/3 depth0=7 depth=3 dlog=4 dper=0 sims=4351 loop=4332 gen_time=0 eval_time=0.021 best_avg=0.00914938 best_move=5,4 leader=3 inc2=1 attack_w=0.2
DBG t=37 used=0.021 remain=1.128 turn_time=0.020868 end_in=0.020868 cand_pre=13 cand_cap=20 cand=13->13 pre=13 pick(must/bucket/top/rand)=1/8/4/0 depth0=10 depth=7 dlog=3 dper=0 sims=1641 loop=1628 gen_time=0 eval_time=0.021 best_avg=-0.342111 best_move=3,3 leader=3 inc2=1 attack_w=0.2
DBG t=49 used=0.02 remain=0.88 turn_time=0.019662 end_in=0.019662 cand_pre=17 cand_cap=20 cand=17->17 pre=17 pick(must/bucket/top/rand)=1/7/8/1 depth0=10 depth=7 dlog=3 dper=0 sims=1505 loop=1488 gen_time=0 eval_time=0.02 best_avg=-0.308153 best_move=3,3 leader=1 inc2=1 attack_w=0.2
DBG t=61 used=0.018 remain=0.648 turn_time=0.0178532 end_in=0.0178532 cand_pre=27 cand_cap=20 cand=27->20 pre=27 pick(must/bucket/top/rand)=1/6/9/4 depth0=10 depth=5 dlog=4 dper=1 sims=1868 loop=1848 gen_time=0 eval_time=0.018 best_avg=-0.247075 best_move=5,1 leader=1 inc2=1 attack_w=0.2
DBG t=74 used=0.018 remain=0.413 turn_time=0.0171713 end_in=0.0171713 cand_pre=26 cand_cap=20 cand=26->20 pre=26 pick(must/bucket/top/rand)=1/6/9/4 depth0=11 depth=6 dlog=4 dper=1 sims=1532 loop=1512 gen_time=0 eval_time=0.018 best_avg=-0.161778 best_move=2,3 leader=1 inc2=1 attack_w=0.2
DBG t=86 used=0.017 remain=0.208 turn_time=0.0161571 end_in=0.0161571 cand_pre=25 cand_cap=20 cand=25->20 pre=25 pick(must/bucket/top/rand)=1/6/9/4 depth0=11 depth=6 dlog=4 dper=1 sims=1536 loop=1516 gen_time=0 eval_time=0.017 best_avg=-0.0551793 best_move=4,1 leader=5 inc2=1 attack_w=0.2
DBG depth_guard t=99 remain=0.01 cand_pre=26 depth0=0 depth=0
DBG t=99 used=0.007 remain=0.01 turn_time=0.006 end_in=0.006 cand_pre=26 cand_cap=12 cand=26->12 pre=26 pick(must/bucket/top/rand)=1/6/3/2 depth0=0 depth=0 dlog=4 dper=4 sims=6824 loop=6812 gen_time=0 eval_time=0.007 best_avg=-0.00728346 best_move=5,3 leader=5 inc2=1 attack_w=0.2
DBG summary depth_guard_fired=1
Score = 138589
=== CASE 0073.txt ===
DBG hdr N=10 M=3 T=100 U=3 VMAX=2043 TIME_LIMIT=1.94 MAX_CAND=20 UCB_C=0.21
DBG t=0 used=0.024 remain=1.94 turn_time=0.0236195 end_in=0.0236195 cand_pre=5 cand_cap=20 cand=5->5 pre=5 pick(must/bucket/top/rand)=1/2/2/0 depth0=7 depth=5 dlog=2 dper=0 sims=7873 loop=7868 gen_time=0 eval_time=0.024 best_avg=-1.69683 best_move=5,2 leader=2 inc2=1 attack_w=0.641385
DBG t=12 used=0.022 remain=1.662 turn_time=0.02103 end_in=0.02103 cand_pre=21 cand_cap=20 cand=21->20 pre=21 pick(must/bucket/top/rand)=1/7/8/4 depth0=7 depth=3 dlog=4 dper=0 sims=8664 loop=8644 gen_time=0 eval_time=0.022 best_avg=-1.65723 best_move=8,5 leader=2 inc2=1 attack_w=0.757893
DBG t=24 used=0.022 remain=1.399 turn_time=0.0215741 end_in=0.0215741 cand_pre=12 cand_cap=20 cand=12->12 pre=12 pick(must/bucket/top/rand)=1/5/6/0 depth0=7 depth=4 dlog=3 dper=0 sims=7596 loop=7584 gen_time=0 eval_time=0.022 best_avg=-0.920369 best_move=7,8 leader=1 inc2=1 attack_w=0.2
DBG t=37 used=0.02 remain=1.119 turn_time=0.0198933 end_in=0.0198933 cand_pre=20 cand_cap=20 cand=20->20 pre=20 pick(must/bucket/top/rand)=1/7/8/4 depth0=10 depth=6 dlog=4 dper=0 sims=4900 loop=4880 gen_time=0 eval_time=0.02 best_avg=-0.890918 best_move=6,6 leader=1 inc2=1 attack_w=0.2
DBG t=49 used=0.018 remain=0.887 turn_time=0.0175574 end_in=0.0175574 cand_pre=37 cand_cap=20 cand=37->20 pre=37 pick(must/bucket/top/rand)=1/7/8/4 depth0=10 depth=3 dlog=5 dper=2 sims=7088 loop=7068 gen_time=0 eval_time=0.018 best_avg=-0.526944 best_move=7,9 leader=1 inc2=1 attack_w=0.2
DBG t=61 used=0.018 remain=0.671 turn_time=0.0171449 end_in=0.0171449 cand_pre=39 cand_cap=20 cand=39->20 pre=39 pick(must/bucket/top/rand)=1/5/10/4 depth0=10 depth=3 dlog=5 dper=2 sims=6760 loop=6740 gen_time=0 eval_time=0.018 best_avg=-0.369342 best_move=7,8 leader=1 inc2=1 attack_w=0.2
DBG t=74 used=0.017 remain=0.442 turn_time=0.0167195 end_in=0.0167195 cand_pre=41 cand_cap=20 cand=41->20 pre=41 pick(must/bucket/top/rand)=1/6/9/4 depth0=11 depth=4 dlog=5 dper=2 sims=4604 loop=4584 gen_time=0 eval_time=0.017 best_avg=-0.635119 best_move=7,6 leader=1 inc2=1 attack_w=0.2
DBG t=86 used=0.02 remain=0.231 turn_time=0.0195525 end_in=0.0195525 cand_pre=10 cand_cap=20 cand=10->10 pre=10 pick(must/bucket/top/rand)=1/5/4/0 depth0=11 depth=6 dlog=3 dper=0 sims=4646 loop=4636 gen_time=0 eval_time=0.02 best_avg=-0.630357 best_move=6,9 leader=2 inc2=1 attack_w=0.2
DBG depth_guard t=99 remain=0.008 cand_pre=12 depth0=0 depth=0
DBG t=99 used=0.005 remain=0.008 turn_time=0.0048 end_in=0.0048 cand_pre=12 cand_cap=12 cand=12->12 pre=12 pick(must/bucket/top/rand)=1/5/4/2 depth0=0 depth=0 dlog=3 dper=2 sims=13172 loop=13160 gen_time=0 eval_time=0.005 best_avg=-0.844818 best_move=5,8 leader=2 inc2=1 attack_w=0.2
DBG summary depth_guard_fired=1
Score = 155132
=== CASE 0072.txt ===
DBG hdr N=10 M=7 T=100 U=5 VMAX=1951 TIME_LIMIT=1.94 MAX_CAND=20 UCB_C=0.21
DBG t=0 used=0.024 remain=1.94 turn_time=0.0237456 end_in=0.0237456 cand_pre=4 cand_cap=20 cand=4->4 pre=4 pick(must/bucket/top/rand)=1/2/1/0 depth0=7 depth=6 dlog=1 dper=0 sims=3956 loop=3952 gen_time=0 eval_time=0.024 best_avg=-0.650276 best_move=9,8 leader=4 inc2=1 attack_w=0.794696
DBG t=12 used=0.023 remain=1.656 turn_time=0.0225442 end_in=0.0225442 cand_pre=8 cand_cap=20 cand=8->8 pre=8 pick(must/bucket/top/rand)=1/6/1/0 depth0=7 depth=5 dlog=2 dper=0 sims=3220 loop=3212 gen_time=0 eval_time=0.023 best_avg=-0.336518 best_move=9,8 leader=6 inc2=1 attack_w=0.2
DBG t=24 used=0.022 remain=1.382 turn_time=0.0217847 end_in=0.0217847 cand_pre=8 cand_cap=20 cand=8->8 pre=8 pick(must/bucket/top/rand)=1/4/3/0 depth0=7 depth=5 dlog=2 dper=0 sims=2580 loop=2572 gen_time=0 eval_time=0.022 best_avg=-0.318641 best_move=9,6 leader=5 inc2=1 attack_w=0.2
DBG t=37 used=0.021 remain=1.099 turn_time=0.0205583 end_in=0.0205583 cand_pre=11 cand_cap=20 cand=11->11 pre=11 pick(must/bucket/top/rand)=1/4/6/0 depth0=10 depth=7 dlog=3 dper=0 sims=2203 loop=2192 gen_time=0 eval_time=0.021 best_avg=-0.243494 best_move=8,6 leader=5 inc2=1 attack_w=0.2
DBG t=49 used=0.02 remain=0.852 turn_time=0.0191449 end_in=0.0191449 cand_pre=16 cand_cap=20 cand=16->16 pre=16 pick(must/bucket/top/rand)=1/6/9/0 depth0=10 depth=7 dlog=3 dper=0 sims=1924 loop=1908 gen_time=0 eval_time=0.02 best_avg=-0.375371 best_move=9,7 leader=5 inc2=1 attack_w=0.2
DBG t=61 used=0.019 remain=0.622 turn_time=0.0183809 end_in=0.0183809 cand_pre=15 cand_cap=20 cand=15->15 pre=15 pick(must/bucket/top/rand)=1/5/9/0 depth0=10 depth=7 dlog=3 dper=0 sims=1759 loop=1744 gen_time=0 eval_time=0.019 best_avg=-0.432056 best_move=7,6 leader=5 inc2=1 attack_w=0.2
DBG t=74 used=0.017 remain=0.386 turn_time=0.0168207 end_in=0.0168207 cand_pre=18 cand_cap=20 cand=18->18 pre=18 pick(must/bucket/top/rand)=1/3/12/2 depth0=11 depth=7 dlog=4 dper=0 sims=1458 loop=1440 gen_time=0 eval_time=0.017 best_avg=-0.470146 best_move=9,5 leader=5 inc2=1 attack_w=0.2
DBG t=86 used=0.015 remain=0.19 turn_time=0.0148471 end_in=0.0148471 cand_pre=24 cand_cap=20 cand=24->20 pre=24 pick(must/bucket/top/rand)=1/5/10/4 depth0=11 depth=6 dlog=4 dper=1 sims=1464 loop=1444 gen_time=0 eval_time=0.015 best_avg=-0.504738 best_move=7,6 leader=5 inc2=1 attack_w=0.2
DBG depth_guard t=99 remain=0.009 cand_pre=27 depth0=0 depth=0
DBG t=99 used=0.006 remain=0.009 turn_time=0.0054 end_in=0.0054 cand_pre=27 cand_cap=12 cand=27->12 pre=27 pick(must/bucket/top/rand)=1/7/2/2 depth0=0 depth=0 dlog=4 dper=5 sims=6396 loop=6384 gen_time=0 eval_time=0.006 best_avg=-0.522337 best_move=7,7 leader=5 inc2=1 attack_w=0.223776
DBG summary depth_guard_fired=1
Score = 101772
=== CASE 0075.txt ===
DBG hdr N=10 M=6 T=100 U=2 VMAX=1825 TIME_LIMIT=1.94 MAX_CAND=20 UCB_C=0.21
DBG t=0 used=0.024 remain=1.94 turn_time=0.0237456 end_in=0.0237456 cand_pre=4 cand_cap=20 cand=4->4 pre=4 pick(must/bucket/top/rand)=1/2/1/0 depth0=7 depth=6 dlog=1 dper=0 sims=3784 loop=3780 gen_time=0 eval_time=0.024 best_avg=-0.953802 best_move=4,6 leader=3 inc2=1 attack_w=0.85
DBG t=12 used=0.022 remain=1.667 turn_time=0.0212164 end_in=0.0212164 cand_pre=20 cand_cap=20 cand=20->20 pre=20 pick(must/bucket/top/rand)=1/5/10/4 depth0=7 depth=3 dlog=4 dper=0 sims=5080 loop=5060 gen_time=0 eval_time=0.022 best_avg=-0.59196 best_move=3,7 leader=1 inc2=1 attack_w=0.456184
DBG t=24 used=0.02 remain=1.41 turn_time=0.019573 end_in=0.019573 cand_pre=30 cand_cap=20 cand=30->20 pre=30 pick(must/bucket/top/rand)=1/8/7/4 depth0=7 depth=2 dlog=4 dper=1 sims=5068 loop=5048 gen_time=0 eval_time=0.02 best_avg=-0.603092 best_move=4,2 leader=4 inc2=1 attack_w=0.205301
DBG t=37 used=0.019 remain=1.154 turn_time=0.0186105 end_in=0.0186105 cand_pre=36 cand_cap=20 cand=36->20 pre=36 pick(must/bucket/top/rand)=1/8/7/4 depth0=10 depth=3 dlog=5 dper=2 sims=3584 loop=3564 gen_time=0 eval_time=0.019 best_avg=-0.498275 best_move=6,1 leader=4 inc2=1 attack_w=0.2
DBG t=49 used=0.018 remain=0.929 turn_time=0.0177967 end_in=0.0177967 cand_pre=42 cand_cap=20 cand=42->20 pre=42 pick(must/bucket/top/rand)=1/8/7/4 depth0=10 depth=3 dlog=5 dper=2 sims=3080 loop=3060 gen_time=0 eval_time=0.018 best_avg=-0.488654 best_move=3,2 leader=5 inc2=1 attack_w=0.2
DBG t=61 used=0.018 remain=0.713 turn_time=0.0179804 end_in=0.0179804 cand_pre=41 cand_cap=20 cand=41->20 pre=41 pick(must/bucket/top/rand)=1/8/7/4 depth0=10 depth=3 dlog=5 dper=2 sims=3012 loop=2992 gen_time=0 eval_time=0.018 best_avg=-0.488811 best_move=7,0 leader=4 inc2=1 attack_w=0.2
DBG t=74 used=0.018 remain=0.473 turn_time=0.0175374 end_in=0.0175374 cand_pre=44 cand_cap=20 cand=44->20 pre=44 pick(must/bucket/top/rand)=1/8/7/4 depth0=11 depth=3 dlog=5 dper=3 sims=2824 loop=2804 gen_time=0 eval_time=0.018 best_avg=-0.425514 best_move=0,0 leader=4 inc2=1 attack_w=0.2
DBG t=86 used=0.017 remain=0.258 turn_time=0.0168069 end_in=0.0168069 cand_pre=52 cand_cap=20 cand=52->20 pre=52 pick(must/bucket/top/rand)=1/8/7/4 depth0=11 depth=3 dlog=5 dper=3 sims=2576 loop=2556 gen_time=0 eval_time=0.017 best_avg=-0.261861 best_move=0,4 leader=5 inc2=1 attack_w=0.2
DBG t=99 used=0.015 remain=0.024 turn_time=0.0144 end_in=0.0144 cand_pre=54 cand_cap=20 cand=54->20 pre=54 pick(must/bucket/top/rand)=1/6/9/4 depth0=0 depth=0 dlog=5 dper=4 sims=15532 loop=15512 gen_time=0 eval_time=0.015 best_avg=-0.179605 best_move=4,0 leader=4 inc2=1 attack_w=0.2
DBG summary depth_guard_fired=0
Score = 135125
=== CASE 0074.txt ===
DBG hdr N=10 M=6 T=100 U=3 VMAX=1639 TIME_LIMIT=1.94 MAX_CAND=20 UCB_C=0.21
DBG t=0 used=0.024 remain=1.94 turn_time=0.0237456 end_in=0.0237456 cand_pre=4 cand_cap=20 cand=4->4 pre=4 pick(must/bucket/top/rand)=1/2/1/0 depth0=7 depth=6 dlog=1 dper=0 sims=4132 loop=4128 gen_time=0 eval_time=0.024 best_avg=-0.884795 best_move=0,0 leader=5 inc2=1 attack_w=0.85
DBG t=12 used=0.022 remain=1.665 turn_time=0.0210679 end_in=0.0210679 cand_pre=21 cand_cap=20 cand=21->20 pre=21 pick(must/bucket/top/rand)=1/5/10/4 depth0=7 depth=3 dlog=4 dper=0 sims=5412 loop=5392 gen_time=0 eval_time=0.022 best_avg=-0.716324 best_move=3,5 leader=3 inc2=1 attack_w=0.85
DBG t=24 used=0.021 remain=1.412 turn_time=0.0205669 end_in=0.0205669 cand_pre=22 cand_cap=20 cand=22->20 pre=22 pick(must/bucket/top/rand)=1/5/10/4 depth0=7 depth=3 dlog=4 dper=0 sims=5072 loop=5052 gen_time=0 eval_time=0.021 best_avg=-0.69139 best_move=3,5 leader=1 inc2=1 attack_w=0.672641
DBG t=37 used=0.021 remain=1.139 turn_time=0.0200139 end_in=0.0200139 cand_pre=22 cand_cap=20 cand=22->20 pre=22 pick(must/bucket/top/rand)=1/6/9/4 depth0=10 depth=6 dlog=4 dper=0 sims=2296 loop=2276 gen_time=0 eval_time=0.021 best_avg=-1.0022 best_move=2,4 leader=1 inc2=1 attack_w=0.628753
DBG t=49 used=0.02 remain=0.894 turn_time=0.0196329 end_in=0.0196329 cand_pre=20 cand_cap=20 cand=20->20 pre=20 pick(must/bucket/top/rand)=1/6/9/4 depth0=10 depth=6 dlog=4 dper=0 sims=2112 loop=2092 gen_time=0 eval_time=0.02 best_avg=-1.10348 best_move=2,2 leader=2 inc2=1 attack_w=0.85
DBG t=61 used=0.019 remain=0.658 turn_time=0.0181287 end_in=0.0181287 cand_pre=27 cand_cap=20 cand=27->20 pre=27 pick(must/bucket/top/rand)=1/4/11/4 depth0=10 depth=5 dlog=4 dper=1 sims=2552 loop=2532 gen_time=0 eval_time=0.019 best_avg=-0.912379 best_move=2,4 leader=1 inc2=1 attack_w=0.85
DBG t=74 used=0.018 remain=0.421 turn_time=0.0170829 end_in=0.0170829 cand_pre=30 cand_cap=20 cand=30->20 pre=30 pick(must/bucket/top/rand)=1/6/9/4 depth0=11 depth=6 dlog=4 dper=1 sims=2048 loop=2028 gen_time=0 eval_time=0.018 best_avg=-0.564716 best_move=3,2 leader=1 inc2=1 attack_w=0.320881
DBG t=86 used=0.017 remain=0.215 turn_time=0.0162018 end_in=0.0162018 cand_pre=30 cand_cap=20 cand=30->20 pre=30 pick(must/bucket/top/rand)=1/6/9/4 depth0=11 depth=5 dlog=4 dper=2 sims=2344 loop=2324 gen_time=0 eval_time=0.017 best_avg=-0.465729 best_move=1,1 leader=3 inc2=1 attack_w=0.2
DBG depth_guard t=99 remain=0.012 cand_pre=33 depth0=0 depth=0
DBG t=99 used=0.008 remain=0.012 turn_time=0.0072 end_in=0.0072 cand_pre=33 cand_cap=12 cand=33->12 pre=33 pick(must/bucket/top/rand)=1/6/3/2 depth0=0 depth=0 dlog=4 dper=5 sims=12512 loop=12500 gen_time=0 eval_time=0.008 best_avg=-0.315191 best_move=4,0 leader=2 inc2=1 attack_w=0.2
DBG summary depth_guard_fired=1
Score = 123934
=== CASE 0076.txt ===
DBG hdr N=10 M=2 T=100 U=5 VMAX=1499 TIME_LIMIT=1.94 MAX_CAND=20 UCB_C=0.21
DBG t=0 used=0.024 remain=1.94 turn_time=0.0236195 end_in=0.0236195 cand_pre=5 cand_cap=20 cand=5->5 pre=5 pick(must/bucket/top/rand)=1/2/2/0 depth0=7 depth=5 dlog=2 dper=0 sims=9625 loop=9620 gen_time=0 eval_time=0.024 best_avg=-2.37794 best_move=7,3 leader=1 inc2=1 attack_w=0.13
DBG t=12 used=0.022 remain=1.659 turn_time=0.0218498 end_in=0.0218498 cand_pre=14 cand_cap=20 cand=14->14 pre=14 pick(must/bucket/top/rand)=1/2/11/0 depth0=7 depth=4 dlog=3 dper=0 sims=9510 loop=9496 gen_time=0 eval_time=0.022 best_avg=-2.59141 best_move=8,4 leader=1 inc2=1 attack_w=0.2
DBG t=24 used=0.022 remain=1.395 turn_time=0.0210351 end_in=0.0210351 cand_pre=16 cand_cap=20 cand=16->16 pre=16 pick(must/bucket/top/rand)=1/2/13/0 depth0=7 depth=4 dlog=3 dper=0 sims=8080 loop=8064 gen_time=0 eval_time=0.022 best_avg=-2.69041 best_move=7,4 leader=1 inc2=1 attack_w=0.2
DBG t=37 used=0.02 remain=1.124 turn_time=0.0197503 end_in=0.0197503 cand_pre=22 cand_cap=20 cand=22->20 pre=22 pick(must/bucket/top/rand)=1/2/13/4 depth0=10 depth=6 dlog=4 dper=0 sims=4308 loop=4288 gen_time=0 eval_time=0.02 best_avg=-2.80299 best_move=9,2 leader=1 inc2=1 attack_w=0.2
DBG t=49 used=0.019 remain=0.888 turn_time=0.0188221 end_in=0.0188221 cand_pre=26 cand_cap=20 cand=26->20 pre=26 pick(must/bucket/top/rand)=1/2/13/4 depth0=10 depth=5 dlog=4 dper=1 sims=4388 loop=4368 gen_time=0 eval_time=0.019 best_avg=-2.86755 best_move=7,5 leader=1 inc2=1 attack_w=0.2
DBG t=61 used=0.019 remain=0.66 turn_time=0.0180738 end_in=0.0180738 cand_pre=28 cand_cap=20 cand=28->20 pre=28 pick(must/bucket/top/rand)=1/3/12/4 depth0=10 depth=5 dlog=4 dper=1 sims=4060 loop=4040 gen_time=0 eval_time=0.019 best_avg=-2.93238 best_move=7,5 leader=1 inc2=1 attack_w=0.2
DBG t=74 used=0.017 remain=0.425 turn_time=0.0169264 end_in=0.0169264 cand_pre=33 cand_cap=20 cand=33->20 pre=33 pick(must/bucket/top/rand)=1/3/12/4 depth0=11 depth=5 dlog=4 dper=2 sims=3104 loop=3084 gen_time=0 eval_time=0.017 best_avg=-2.97136 best_move=9,1 leader=1 inc2=1 attack_w=0.2
DBG t=86 used=0.017 remain=0.221 turn_time=0.0160383 end_in=0.0160383 cand_pre=36 cand_cap=20 cand=36->20 pre=36 pick(must/bucket/top/rand)=1/6/9/4 depth0=11 depth=4 dlog=5 dper=2 sims=3664 loop=3644 gen_time=0 eval_time=0.017 best_avg=-3.00075 best_move=5,5 leader=1 inc2=1 attack_w=0.2
DBG depth_guard t=99 remain=0.014 cand_pre=43 depth0=0 depth=0
DBG t=99 used=0.009 remain=0.014 turn_time=0.0084 end_in=0.0084 cand_pre=43 cand_cap=14 cand=43->14 pre=42 pick(must/bucket/top/rand)=1/7/3/3 depth0=0 depth=0 dlog=5 dper=5 sims=17350 loop=17336 gen_time=0 eval_time=0.009 best_avg=-2.96176 best_move=4,5 leader=1 inc2=1 attack_w=0.2
DBG summary depth_guard_fired=1
Score = 133890
=== CASE 0077.txt ===
DBG hdr N=10 M=5 T=100 U=4 VMAX=2029 TIME_LIMIT=1.94 MAX_CAND=20 UCB_C=0.21
DBG t=0 used=0.024 remain=1.94 turn_time=0.0238717 end_in=0.0238717 cand_pre=3 cand_cap=20 cand=3->3 pre=3 pick(must/bucket/top/rand)=1/2/0/0 depth0=7 depth=6 dlog=1 dper=0 sims=5139 loop=5136 gen_time=0 eval_time=0.024 best_avg=-1.06087 best_move=9,9 leader=3 inc2=1 attack_w=0.814863
DBG t=12 used=0.023 remain=1.656 turn_time=0.0224219 end_in=0.0224219 cand_pre=9 cand_cap=20 cand=9->9 pre=9 pick(must/bucket/top/rand)=1/2/6/0 depth0=7 depth=4 dlog=3 dper=0 sims=5197 loop=5188 gen_time=0 eval_time=0.023 best_avg=-0.889101 best_move=9,8 leader=3 inc2=0 attack_w=0.433177
DBG t=24 used=0.021 remain=1.389 turn_time=0.0207071 end_in=0.0207071 cand_pre=18 cand_cap=20 cand=18->18 pre=18 pick(must/bucket/top/rand)=1/4/11/2 depth0=7 depth=3 dlog=4 dper=0 sims=5030 loop=5012 gen_time=0 eval_time=0.021 best_avg=-1.03043 best_move=9,6 leader=3 inc2=0 attack_w=0.674622
DBG t=37 used=0.02 remain=1.119 turn_time=0.0194315 end_in=0.0194315 cand_pre=24 cand_cap=20 cand=24->20 pre=24 pick(must/bucket/top/rand)=1/4/11/4 depth0=10 depth=6 dlog=4 dper=0 sims=2500 loop=2480 gen_time=0 eval_time=0.02 best_avg=-1.05286 best_move=4,7 leader=3 inc2=0 attack_w=0.436825
DBG t=49 used=0.019 remain=0.889 turn_time=0.0180502 end_in=0.0180502 cand_pre=33 cand_cap=20 cand=33->20 pre=33 pick(must/bucket/top/rand)=1/6/9/4 depth0=10 depth=4 dlog=4 dper=2 sims=2592 loop=2572 gen_time=0 eval_time=0.019 best_avg=-0.91786 best_move=2,4 leader=3 inc2=1 attack_w=0.404315
DBG t=61 used=0.02 remain=0.66 turn_time=0.0192838 end_in=0.0192838 cand_pre=17 cand_cap=20 cand=17->17 pre=17 pick(must/bucket/top/rand)=1/8/7/1 depth0=10 depth=7 dlog=3 dper=0 sims=1677 loop=1660 gen_time=0 eval_time=0.02 best_avg=-0.841994 best_move=2,4 leader=3 inc2=1 attack_w=0.273872
DBG t=74 used=0.018 remain=0.413 turn_time=0.0177908 end_in=0.0177908 cand_pre=20 cand_cap=20 cand=20->20 pre=20 pick(must/bucket/top/rand)=1/8/7/4 depth0=11 depth=7 dlog=4 dper=0 sims=1472 loop=1452 gen_time=0 eval_time=0.018 best_avg=-0.825375 best_move=3,3 leader=2 inc2=1 attack_w=0.2
DBG t=86 used=0.017 remain=0.206 turn_time=0.0161931 end_in=0.0161931 cand_pre=23 cand_cap=20 cand=23->20 pre=23 pick(must/bucket/top/rand)=1/8/7/4 depth0=11 depth=6 dlog=4 dper=1 sims=1536 loop=1516 gen_time=0 eval_time=0.017 best_avg=-0.807043 best_move=4,2 leader=2 inc2=0 attack_w=0.379313
DBG depth_guard t=99 remain=0.01 cand_pre=29 depth0=0 depth=0
DBG t=99 used=0.007 remain=0.01 turn_time=0.006 end_in=0.006 cand_pre=29 cand_cap=12 cand=29->12 pre=29 pick(must/bucket/top/rand)=1/8/1/2 depth0=0 depth=0 dlog=4 dper=5 sims=6576 loop=6564 gen_time=0 eval_time=0.007 best_avg=-0.713385 best_move=1,4 leader=2 inc2=1 attack_w=0.2
DBG summary depth_guard_fired=1
Score = 107075
=== CASE 0080.txt ===
DBG hdr N=10 M=2 T=100 U=2 VMAX=1532 TIME_LIMIT=1.94 MAX_CAND=20 UCB_C=0.21
DBG t=0 used=0.024 remain=1.94 turn_time=0.0237456 end_in=0.0237456 cand_pre=4 cand_cap=20 cand=4->4 pre=4 pick(must/bucket/top/rand)=1/2/1/0 depth0=7 depth=6 dlog=1 dper=0 sims=8580 loop=8576 gen_time=0 eval_time=0.024 best_avg=-2.75595 best_move=3,8 leader=1 inc2=1 attack_w=0.557008
DBG t=12 used=0.021 remain=1.673 turn_time=0.0206749 end_in=0.0206749 cand_pre=25 cand_cap=20 cand=25->20 pre=25 pick(must/bucket/top/rand)=1/4/11/4 depth0=7 depth=3 dlog=4 dper=0 sims=9772 loop=9752 gen_time=0 eval_time=0.021 best_avg=-2.40033 best_move=6,3 leader=1 inc2=1 attack_w=0.2
DBG t=24 used=0.02 remain=1.409 turn_time=0.0190771 end_in=0.0190771 cand_pre=34 cand_cap=20 cand=34->20 pre=34 pick(must/bucket/top/rand)=1/8/7/4 depth0=7 depth=2 dlog=4 dper=1 sims=14164 loop=14144 gen_time=0 eval_time=0.02 best_avg=-1.38699 best_move=6,5 leader=1 inc2=1 attack_w=0.2
DBG t=37 used=0.018 remain=1.16 turn_time=0.0179892 end_in=0.0179892 cand_pre=42 cand_cap=20 cand=42->20 pre=42 pick(must/bucket/top/rand)=1/7/8/4 depth0=10 depth=3 dlog=5 dper=2 sims=8744 loop=8724 gen_time=0 eval_time=0.018 best_avg=-0.936179 best_move=3,3 leader=1 inc2=1 attack_w=0.13
DBG t=49 used=0.018 remain=0.943 turn_time=0.0177044 end_in=0.0177044 cand_pre=45 cand_cap=20 cand=45->20 pre=45 pick(must/bucket/top/rand)=1/3/12/4 depth0=10 depth=2 dlog=5 dper=3 sims=11420 loop=11400 gen_time=0 eval_time=0.018 best_avg=0.245183 best_move=7,4 leader=1 inc2=1 attack_w=0.13
DBG t=61 used=0.018 remain=0.727 turn_time=0.0176064 end_in=0.0176064 cand_pre=47 cand_cap=20 cand=47->20 pre=47 pick(must/bucket/top/rand)=1/3/12/4 depth0=10 depth=2 dlog=5 dper=3 sims=11276 loop=11256 gen_time=0 eval_time=0.018 best_avg=0.387313 best_move=1,6 leader=1 inc2=1 attack_w=0.13
DBG t=74 used=0.018 remain=0.493 turn_time=0.0171697 end_in=0.0171697 cand_pre=53 cand_cap=20 cand=53->20 pre=53 pick(must/bucket/top/rand)=1/4/11/4 depth0=11 depth=3 dlog=5 dper=3 sims=7200 loop=7180 gen_time=0 eval_time=0.018 best_avg=-0.119285 best_move=4,3 leader=1 inc2=1 attack_w=0.13
DBG t=86 used=0.018 remain=0.281 turn_time=0.0173919 end_in=0.0173919 cand_pre=59 cand_cap=20 cand=59->20 pre=59 pick(must/bucket/top/rand)=1/5/10/4 depth0=11 depth=2 dlog=5 dper=4 sims=9704 loop=9684 gen_time=0 eval_time=0.018 best_avg=0.142093 best_move=4,4 leader=1 inc2=1 attack_w=0.13
DBG t=99 used=0.018 remain=0.029 turn_time=0.0174 end_in=0.0174 cand_pre=60 cand_cap=20 cand=60->20 pre=60 pick(must/bucket/top/rand)=1/3/12/4 depth0=0 depth=0 dlog=5 dper=4 sims=73668 loop=73648 gen_time=0 eval_time=0.018 best_avg=1.43629 best_move=7,3 leader=1 inc2=1 attack_w=0.13
DBG summary depth_guard_fired=0
Score = 527817
=== CASE 0078.txt ===
DBG hdr N=10 M=6 T=100 U=4 VMAX=1796 TIME_LIMIT=1.94 MAX_CAND=20 UCB_C=0.21
DBG t=0 used=0.024 remain=1.94 turn_time=0.0237456 end_in=0.0237456 cand_pre=4 cand_cap=20 cand=4->4 pre=4 pick(must/bucket/top/rand)=1/2/1/0 depth0=7 depth=6 dlog=1 dper=0 sims=3616 loop=3612 gen_time=0 eval_time=0.024 best_avg=-1.03703 best_move=6,1 leader=2 inc2=1 attack_w=0.85
DBG t=12 used=0.022 remain=1.668 turn_time=0.0218451 end_in=0.0218451 cand_pre=15 cand_cap=20 cand=15->15 pre=15 pick(must/bucket/top/rand)=1/3/11/0 depth0=7 depth=4 dlog=3 dper=0 sims=4035 loop=4020 gen_time=0 eval_time=0.022 best_avg=-0.669472 best_move=6,4 leader=1 inc2=1 attack_w=0.85
DBG t=24 used=0.021 remain=1.41 turn_time=0.0206584 end_in=0.0206584 cand_pre=21 cand_cap=20 cand=21->20 pre=21 pick(must/bucket/top/rand)=1/4/11/4 depth0=7 depth=3 dlog=4 dper=0 sims=4880 loop=4860 gen_time=0 eval_time=0.021 best_avg=-0.570132 best_move=4,4 leader=4 inc2=1 attack_w=0.471966
DBG t=37 used=0.02 remain=1.143 turn_time=0.0190228 end_in=0.0190228 cand_pre=31 cand_cap=20 cand=31->20 pre=31 pick(must/bucket/top/rand)=1/6/9/4 depth0=10 depth=5 dlog=4 dper=1 sims=2972 loop=2952 gen_time=0 eval_time=0.02 best_avg=-0.251624 best_move=6,2 leader=5 inc2=1 attack_w=0.2
DBG t=49 used=0.018 remain=0.915 turn_time=0.0178784 end_in=0.0178784 cand_pre=39 cand_cap=20 cand=39->20 pre=39 pick(must/bucket/top/rand)=1/6/9/4 depth0=10 depth=3 dlog=5 dper=2 sims=3784 loop=3764 gen_time=0 eval_time=0.018 best_avg=-0.118478 best_move=6,5 leader=3 inc2=1 attack_w=0.2
DBG t=61 used=0.017 remain=0.703 turn_time=0.0167909 end_in=0.0167909 cand_pre=49 cand_cap=20 cand=49->20 pre=49 pick(must/bucket/top/rand)=1/6/9/4 depth0=10 depth=2 dlog=5 dper=3 sims=5592 loop=5572 gen_time=0 eval_time=0.017 best_avg=-0.16425 best_move=3,7 leader=3 inc2=1 attack_w=0.2
DBG t=74 used=0.017 remain=0.482 turn_time=0.0166661 end_in=0.0166661 cand_pre=54 cand_cap=20 cand=54->20 pre=54 pick(must/bucket/top/rand)=1/7/8/4 depth0=11 depth=3 dlog=5 dper=3 sims=3644 loop=3624 gen_time=0 eval_time=0.017 best_avg=-0.201136 best_move=6,7 leader=3 inc2=1 attack_w=0.2
DBG t=86 used=0.018 remain=0.272 turn_time=0.0175926 end_in=0.0175926 cand_pre=53 cand_cap=20 cand=53->20 pre=53 pick(must/bucket/top/rand)=1/6/9/4 depth0=11 depth=3 dlog=5 dper=3 sims=3872 loop=3852 gen_time=0 eval_time=0.018 best_avg=-0.369198 best_move=7,8 leader=3 inc2=1 attack_w=0.2
DBG t=99 used=0.016 remain=0.025 turn_time=0.015 end_in=0.015 cand_pre=55 cand_cap=20 cand=55->20 pre=55 pick(must/bucket/top/rand)=1/7/8/4 depth0=0 depth=0 dlog=5 dper=4 sims=26584 loop=26564 gen_time=0 eval_time=0.016 best_avg=-0.31 best_move=6,8 leader=3 inc2=1 attack_w=0.2
DBG summary depth_guard_fired=0
Score = 124142
=== CASE 0079.txt ===
DBG hdr N=10 M=5 T=100 U=1 VMAX=1929 TIME_LIMIT=1.94 MAX_CAND=20 UCB_C=0.21
DBG t=0 used=0.024 remain=1.94 turn_time=0.0238717 end_in=0.0238717 cand_pre=3 cand_cap=20 cand=3->3 pre=3 pick(must/bucket/top/rand)=1/2/0/0 depth0=7 depth=6 dlog=1 dper=0 sims=4323 loop=4320 gen_time=0 eval_time=0.024 best_avg=-1.00369 best_move=1,9 leader=3 inc2=1 attack_w=0.85
DBG t=12 used=0.021 remain=1.666 turn_time=0.0208345 end_in=0.0208345 cand_pre=23 cand_cap=20 cand=23->20 pre=23 pick(must/bucket/top/rand)=1/5/10/4 depth0=7 depth=3 dlog=4 dper=0 sims=5756 loop=5736 gen_time=0 eval_time=0.021 best_avg=-0.438947 best_move=7,7 leader=2 inc2=1 attack_w=0.2
DBG t=24 used=0.02 remain=1.425 turn_time=0.0191719 end_in=0.0191719 cand_pre=35 cand_cap=20 cand=35->20 pre=35 pick(must/bucket/top/rand)=1/5/10/4 depth0=7 depth=1 dlog=4 dper=2 sims=16568 loop=16548 gen_time=0 eval_time=0.02 best_avg=0.161999 best_move=5,9 leader=4 inc2=0 attack_w=0.2
DBG t=37 used=0.02 remain=1.157 turn_time=0.0194945 end_in=0.0194945 cand_pre=29 cand_cap=20 cand=29->20 pre=29 pick(must/bucket/top/rand)=1/6/9/4 depth0=10 depth=5 dlog=4 dper=1 sims=3592 loop=3572 gen_time=0 eval_time=0.02 best_avg=0.314068 best_move=3,6 leader=4 inc2=1 attack_w=0.2
DBG t=49 used=0.018 remain=0.925 turn_time=0.0174843 end_in=0.0174843 cand_pre=44 cand_cap=20 cand=44->20 pre=44 pick(must/bucket/top/rand)=1/6/9/4 depth0=10 depth=2 dlog=5 dper=3 sims=7592 loop=7572 gen_time=0 eval_time=0.018 best_avg=0.481378 best_move=8,7 leader=2 inc2=1 attack_w=0.2
DBG t=61 used=0.017 remain=0.715 turn_time=0.0163625 end_in=0.0163625 cand_pre=55 cand_cap=20 cand=55->20 pre=55 pick(must/bucket/top/rand)=1/5/10/4 depth0=10 depth=1 dlog=5 dper=4 sims=11024 loop=11004 gen_time=0 eval_time=0.017 best_avg=1.07765 best_move=8,2 leader=1 inc2=1 attack_w=0.2
DBG t=74 used=0.019 remain=0.483 turn_time=0.0183912 end_in=0.0183912 cand_pre=40 cand_cap=20 cand=40->20 pre=40 pick(must/bucket/top/rand)=1/6/9/4 depth0=11 depth=4 dlog=5 dper=2 sims=4152 loop=4132 gen_time=0 eval_time=0.019 best_avg=0.844094 best_move=5,7 leader=4 inc2=1 attack_w=0.2
DBG t=86 used=0.017 remain=0.277 turn_time=0.0168871 end_in=0.0168871 cand_pre=61 cand_cap=14 cand=61->14 pre=42 pick(must/bucket/top/rand)=1/5/5/3 depth0=11 depth=2 dlog=5 dper=4 sims=6402 loop=6388 gen_time=0 eval_time=0.017 best_avg=1.35555 best_move=6,8 leader=2 inc2=0 attack_w=0.2
DBG depth_guard t=99 remain=0.018 cand_pre=58 depth0=0 depth=0
DBG t=99 used=0.011 remain=0.018 turn_time=0.0108 end_in=0.0108 cand_pre=58 cand_cap=14 cand=58->14 pre=42 pick(must/bucket/top/rand)=1/5/5/3 depth0=0 depth=0 dlog=5 dper=5 sims=26086 loop=26072 gen_time=0 eval_time=0.011 best_avg=1.22729 best_move=9,8 leader=1 inc2=1 attack_w=0.2
DBG summary depth_guard_fired=1
Score = 297747
=== CASE 0081.txt ===
DBG hdr N=10 M=3 T=100 U=5 VMAX=1476 TIME_LIMIT=1.94 MAX_CAND=20 UCB_C=0.21
DBG t=0 used=0.024 remain=1.94 turn_time=0.0236195 end_in=0.0236195 cand_pre=5 cand_cap=20 cand=5->5 pre=5 pick(must/bucket/top/rand)=1/2/2/0 depth0=7 depth=5 dlog=2 dper=0 sims=8137 loop=8132 gen_time=0 eval_time=0.024 best_avg=-1.59657 best_move=2,3 leader=2 inc2=1 attack_w=0.85
DBG t=12 used=0.022 remain=1.666 turn_time=0.0214498 end_in=0.0214497 cand_pre=18 cand_cap=20 cand=18->18 pre=18 pick(must/bucket/top/rand)=1/5/10/2 depth0=7 depth=3 dlog=4 dper=0 sims=10170 loop=10152 gen_time=0 eval_time=0.022 best_avg=-1.4861 best_move=4,4 leader=2 inc2=1 attack_w=0.396818
DBG t=24 used=0.022 remain=1.401 turn_time=0.0216049 end_in=0.0216049 cand_pre=12 cand_cap=20 cand=12->12 pre=12 pick(must/bucket/top/rand)=1/6/5/0 depth0=7 depth=4 dlog=3 dper=0 sims=8592 loop=8580 gen_time=0 eval_time=0.022 best_avg=-0.664848 best_move=6,3 leader=2 inc2=1 attack_w=0.2
DBG t=37 used=0.018 remain=1.138 turn_time=0.0178829 end_in=0.0178829 cand_pre=40 cand_cap=20 cand=40->20 pre=40 pick(must/bucket/top/rand)=1/8/7/4 depth0=10 depth=3 dlog=5 dper=2 sims=7040 loop=7020 gen_time=0 eval_time=0.018 best_avg=-0.321129 best_move=4,5 leader=2 inc2=1 attack_w=0.13
DBG t=49 used=0.017 remain=0.922 turn_time=0.0169576 end_in=0.0169576 cand_pre=48 cand_cap=20 cand=48->20 pre=48 pick(must/bucket/top/rand)=1/7/8/4 depth0=10 depth=2 dlog=5 dper=3 sims=8760 loop=8740 gen_time=0 eval_time=0.017 best_avg=-0.115663 best_move=5,9 leader=2 inc2=1 attack_w=0.2
DBG t=61 used=0.017 remain=0.71 turn_time=0.0169581 end_in=0.0169581 cand_pre=49 cand_cap=20 cand=49->20 pre=49 pick(must/bucket/top/rand)=1/7/8/4 depth0=10 depth=2 dlog=5 dper=3 sims=8836 loop=8816 gen_time=0 eval_time=0.017 best_avg=0.186964 best_move=4,5 leader=2 inc2=1 attack_w=0.13
DBG t=74 used=0.018 remain=0.48 turn_time=0.0170769 end_in=0.0170769 cand_pre=50 cand_cap=20 cand=50->20 pre=50 pick(must/bucket/top/rand)=1/6/9/4 depth0=11 depth=3 dlog=5 dper=3 sims=6660 loop=6640 gen_time=0 eval_time=0.018 best_avg=0.509097 best_move=4,8 leader=1 inc2=1 attack_w=0.2
DBG t=86 used=0.018 remain=0.268 turn_time=0.0173339 end_in=0.0173339 cand_pre=53 cand_cap=20 cand=53->20 pre=53 pick(must/bucket/top/rand)=1/6/9/4 depth0=11 depth=3 dlog=5 dper=3 sims=6320 loop=6300 gen_time=0 eval_time=0.018 best_avg=0.678233 best_move=5,7 leader=1 inc2=1 attack_w=0.2
DBG t=99 used=0.014 remain=0.023 turn_time=0.0138 end_in=0.0138 cand_pre=54 cand_cap=16 cand=54->16 pre=48 pick(must/bucket/top/rand)=1/8/3/4 depth0=0 depth=0 dlog=5 dper=4 sims=42400 loop=42384 gen_time=0 eval_time=0.014 best_avg=0.706722 best_move=3,6 leader=1 inc2=1 attack_w=0.2
DBG summary depth_guard_fired=0
Score = 316608
=== CASE 0082.txt ===
DBG hdr N=10 M=8 T=100 U=1 VMAX=1915 TIME_LIMIT=1.94 MAX_CAND=20 UCB_C=0.21
DBG t=0 used=0.024 remain=1.94 turn_time=0.0237456 end_in=0.0237456 cand_pre=4 cand_cap=20 cand=4->4 pre=4 pick(must/bucket/top/rand)=1/2/1/0 depth0=7 depth=6 dlog=1 dper=0 sims=3128 loop=3124 gen_time=0 eval_time=0.024 best_avg=-0.509071 best_move=9,6 leader=5 inc2=1 attack_w=0.549887
DBG t=12 used=0.023 remain=1.67 turn_time=0.0226114 end_in=0.0226114 cand_pre=9 cand_cap=20 cand=9->9 pre=9 pick(must/bucket/top/rand)=1/5/3/0 depth0=7 depth=4 dlog=3 dper=0 sims=3733 loop=3724 gen_time=0 eval_time=0.023 best_avg=-0.00413395 best_move=6,1 leader=6 inc2=1 attack_w=0.315566
DBG t=24 used=0.02 remain=1.409 turn_time=0.0199207 end_in=0.0199207 cand_pre=27 cand_cap=20 cand=27->20 pre=27 pick(must/bucket/top/rand)=1/3/12/4 depth0=7 depth=2 dlog=4 dper=1 sims=5880 loop=5860 gen_time=0 eval_time=0.02 best_avg=0.711492 best_move=4,3 leader=7 inc2=1 attack_w=0.2
DBG t=37 used=0.021 remain=1.153 turn_time=0.0207357 end_in=0.0207357 cand_pre=18 cand_cap=20 cand=18->18 pre=18 pick(must/bucket/top/rand)=1/3/12/2 depth0=10 depth=6 dlog=4 dper=0 sims=2026 loop=2008 gen_time=0 eval_time=0.021 best_avg=0.175506 best_move=9,0 leader=4 inc2=1 attack_w=0.2
DBG t=49 used=0.019 remain=0.904 turn_time=0.0183547 end_in=0.0183547 cand_pre=33 cand_cap=20 cand=33->20 pre=33 pick(must/bucket/top/rand)=1/4/11/4 depth0=10 depth=5 dlog=4 dper=1 sims=2104 loop=2084 gen_time=0 eval_time=0.019 best_avg=0.308047 best_move=3,1 leader=4 inc2=1 attack_w=0.2
DBG t=61 used=0.018 remain=0.681 turn_time=0.0174004 end_in=0.0174004 cand_pre=39 cand_cap=20 cand=39->20 pre=39 pick(must/bucket/top/rand)=1/6/9/4 depth0=10 depth=3 dlog=5 dper=2 sims=2728 loop=2708 gen_time=0 eval_time=0.018 best_avg=0.301534 best_move=0,2 leader=5 inc2=1 attack_w=0.2
DBG t=74 used=0.017 remain=0.451 turn_time=0.0167217 end_in=0.0167217 cand_pre=44 cand_cap=20 cand=44->20 pre=44 pick(must/bucket/top/rand)=1/6/9/4 depth0=11 depth=3 dlog=5 dper=3 sims=2608 loop=2588 gen_time=0 eval_time=0.017 best_avg=0.490348 best_move=4,4 leader=4 inc2=1 attack_w=0.2
DBG t=86 used=0.016 remain=0.228 turn_time=0.0159111 end_in=0.0159111 cand_pre=42 cand_cap=20 cand=42->20 pre=42 pick(must/bucket/top/rand)=1/6/9/4 depth0=11 depth=3 dlog=5 dper=3 sims=2516 loop=2496 gen_time=0 eval_time=0.016 best_avg=0.396454 best_move=4,3 leader=2 inc2=1 attack_w=0.2
DBG depth_guard t=99 remain=0.015 cand_pre=41 depth0=0 depth=0
DBG t=99 used=0.01 remain=0.015 turn_time=0.009 end_in=0.009 cand_pre=41 cand_cap=14 cand=41->14 pre=41 pick(must/bucket/top/rand)=1/5/5/3 depth0=0 depth=0 dlog=5 dper=5 sims=11346 loop=11332 gen_time=0 eval_time=0.01 best_avg=0.27524 best_move=3,0 leader=5 inc2=1 attack_w=0.2
DBG summary depth_guard_fired=1
Score = 161465
=== CASE 0083.txt ===
DBG hdr N=10 M=5 T=100 U=4 VMAX=2622 TIME_LIMIT=1.94 MAX_CAND=20 UCB_C=0.21
DBG t=0 used=0.024 remain=1.94 turn_time=0.0237456 end_in=0.0237456 cand_pre=4 cand_cap=20 cand=4->4 pre=4 pick(must/bucket/top/rand)=1/2/1/0 depth0=7 depth=6 dlog=1 dper=0 sims=5780 loop=5776 gen_time=0 eval_time=0.024 best_avg=-0.946692 best_move=0,4 leader=3 inc2=1 attack_w=0.85
DBG t=12 used=0.023 remain=1.659 turn_time=0.0220949 end_in=0.0220949 cand_pre=12 cand_cap=20 cand=12->12 pre=12 pick(must/bucket/top/rand)=1/6/5/0 depth0=7 depth=4 dlog=3 dper=0 sims=5384 loop=5372 gen_time=0 eval_time=0.023 best_avg=-0.360421 best_move=0,1 leader=3 inc2=0 attack_w=0.2
DBG t=24 used=0.022 remain=1.393 turn_time=0.021005 end_in=0.021005 cand_pre=16 cand_cap=20 cand=16->16 pre=16 pick(must/bucket/top/rand)=1/6/9/0 depth0=7 depth=4 dlog=3 dper=0 sims=4912 loop=4896 gen_time=0 eval_time=0.022 best_avg=-0.416921 best_move=0,6 leader=2 inc2=1 attack_w=0.2
DBG t=37 used=0.021 remain=1.115 turn_time=0.0206275 end_in=0.0206275 cand_pre=13 cand_cap=20 cand=13->13 pre=13 pick(must/bucket/top/rand)=1/5/7/0 depth0=10 depth=7 dlog=3 dper=0 sims=2333 loop=2320 gen_time=0 eval_time=0.021 best_avg=-0.613475 best_move=0,5 leader=2 inc2=1 attack_w=0.2
DBG t=49 used=0.02 remain=0.867 turn_time=0.019482 end_in=0.019482 cand_pre=16 cand_cap=20 cand=16->16 pre=16 pick(must/bucket/top/rand)=1/3/12/0 depth0=10 depth=7 dlog=3 dper=0 sims=2080 loop=2064 gen_time=0 eval_time=0.02 best_avg=-0.549335 best_move=1,3 leader=2 inc2=1 attack_w=0.2
DBG t=61 used=0.018 remain=0.633 turn_time=0.017862 end_in=0.017862 cand_pre=23 cand_cap=20 cand=23->20 pre=23 pick(must/bucket/top/rand)=1/5/10/4 depth0=10 depth=6 dlog=4 dper=0 sims=2136 loop=2116 gen_time=0 eval_time=0.018 best_avg=-0.57541 best_move=1,5 leader=3 inc2=1 attack_w=0.2
DBG t=74 used=0.017 remain=0.398 turn_time=0.0164481 end_in=0.0164481 cand_pre=27 cand_cap=20 cand=27->20 pre=27 pick(must/bucket/top/rand)=1/6/9/4 depth0=11 depth=6 dlog=4 dper=1 sims=1996 loop=1976 gen_time=0 eval_time=0.017 best_avg=-0.507027 best_move=1,8 leader=1 inc2=1 attack_w=0.2
DBG t=86 used=0.016 remain=0.2 turn_time=0.0152571 end_in=0.0152571 cand_pre=28 cand_cap=20 cand=28->20 pre=28 pick(must/bucket/top/rand)=1/4/11/4 depth0=11 depth=5 dlog=4 dper=2 sims=2144 loop=2124 gen_time=0 eval_time=0.016 best_avg=-0.490873 best_move=2,5 leader=3 inc2=1 attack_w=0.2
DBG depth_guard t=99 remain=0.01 cand_pre=27 depth0=0 depth=0
DBG t=99 used=0.007 remain=0.01 turn_time=0.006 end_in=0.006 cand_pre=27 cand_cap=12 cand=27->12 pre=27 pick(must/bucket/top/rand)=1/4/5/2 depth0=0 depth=0 dlog=4 dper=4 sims=8308 loop=8296 gen_time=0 eval_time=0.007 best_avg=-0.454332 best_move=1,2 leader=3 inc2=1 attack_w=0.2
DBG summary depth_guard_fired=1
Score = 127811
=== CASE 0085.txt ===
DBG hdr N=10 M=2 T=100 U=4 VMAX=1553 TIME_LIMIT=1.94 MAX_CAND=20 UCB_C=0.21
DBG t=0 used=0.024 remain=1.94 turn_time=0.0236195 end_in=0.0236195 cand_pre=5 cand_cap=20 cand=5->5 pre=5 pick(must/bucket/top/rand)=1/2/2/0 depth0=7 depth=5 dlog=2 dper=0 sims=10417 loop=10412 gen_time=0 eval_time=0.024 best_avg=-2.59202 best_move=4,8 leader=1 inc2=1 attack_w=0.13
DBG t=12 used=0.022 remain=1.664 turn_time=0.0210553 end_in=0.0210553 cand_pre=21 cand_cap=20 cand=21->20 pre=21 pick(must/bucket/top/rand)=1/8/7/4 depth0=7 depth=3 dlog=4 dper=0 sims=11656 loop=11636 gen_time=0 eval_time=0.022 best_avg=-2.27152 best_move=2,6 leader=1 inc2=1 attack_w=0.2
DBG t=24 used=0.02 remain=1.414 turn_time=0.0195076 end_in=0.0195076 cand_pre=31 cand_cap=20 cand=31->20 pre=31 pick(must/bucket/top/rand)=1/8/7/4 depth0=7 depth=2 dlog=4 dper=1 sims=12092 loop=12072 gen_time=0 eval_time=0.02 best_avg=-1.78992 best_move=2,5 leader=1 inc2=1 attack_w=0.2
DBG t=37 used=0.018 remain=1.165 turn_time=0.0173456 end_in=0.0173456 cand_pre=48 cand_cap=20 cand=48->20 pre=48 pick(must/bucket/top/rand)=1/8/7/4 depth0=10 depth=2 dlog=5 dper=3 sims=9040 loop=9020 gen_time=0 eval_time=0.018 best_avg=-1.48152 best_move=2,2 leader=1 inc2=1 attack_w=0.2
DBG t=49 used=0.022 remain=0.914 turn_time=0.0211206 end_in=0.0211206 cand_pre=11 cand_cap=20 cand=11->11 pre=11 pick(must/bucket/top/rand)=1/5/5/0 depth0=10 depth=7 dlog=3 dper=0 sims=4311 loop=4300 gen_time=0 eval_time=0.022 best_avg=-1.85076 best_move=1,1 leader=1 inc2=1 attack_w=0.2
DBG t=61 used=0.02 remain=0.668 turn_time=0.0199629 end_in=0.0199629 cand_pre=13 cand_cap=20 cand=13->13 pre=13 pick(must/bucket/top/rand)=1/8/4/0 depth0=10 depth=7 dlog=3 dper=0 sims=3101 loop=3088 gen_time=0 eval_time=0.02 best_avg=-1.65841 best_move=2,2 leader=1 inc2=1 attack_w=0.2
DBG t=74 used=0.015 remain=0.443 turn_time=0.0147638 end_in=0.0147638 cand_pre=59 cand_cap=20 cand=59->20 pre=59 pick(must/bucket/top/rand)=1/6/9/4 depth0=11 depth=2 dlog=5 dper=4 sims=7548 loop=7528 gen_time=0 eval_time=0.015 best_avg=-0.836781 best_move=3,0 leader=1 inc2=1 attack_w=0.2
DBG t=86 used=0.016 remain=0.254 turn_time=0.0159566 end_in=0.0159566 cand_pre=57 cand_cap=20 cand=57->20 pre=57 pick(must/bucket/top/rand)=1/6/9/4 depth0=11 depth=2 dlog=5 dper=4 sims=7976 loop=7956 gen_time=0 eval_time=0.016 best_avg=-0.494244 best_move=1,0 leader=1 inc2=1 attack_w=0.2
DBG depth_guard t=99 remain=0.019 cand_pre=58 depth0=0 depth=0
DBG t=99 used=0.012 remain=0.019 turn_time=0.0114 end_in=0.0114 cand_pre=58 cand_cap=16 cand=58->16 pre=48 pick(must/bucket/top/rand)=1/6/5/4 depth0=0 depth=0 dlog=5 dper=5 sims=44220 loop=44204 gen_time=0 eval_time=0.012 best_avg=-0.672096 best_move=2,0 leader=1 inc2=1 attack_w=0.2
DBG summary depth_guard_fired=1
Score = 302357
=== CASE 0086.txt ===
DBG hdr N=10 M=8 T=100 U=5 VMAX=4599 TIME_LIMIT=1.94 MAX_CAND=20 UCB_C=0.21
DBG t=0 used=0.024 remain=1.94 turn_time=0.0236195 end_in=0.0236195 cand_pre=5 cand_cap=20 cand=5->5 pre=5 pick(must/bucket/top/rand)=1/2/2/0 depth0=7 depth=5 dlog=2 dper=0 sims=4369 loop=4364 gen_time=0 eval_time=0.024 best_avg=-1.70594 best_move=9,6 leader=2 inc2=1 attack_w=0.85
DBG t=12 used=0.023 remain=1.661 turn_time=0.0222442 end_in=0.0222442 cand_pre=11 cand_cap=20 cand=11->11 pre=11 pick(must/bucket/top/rand)=1/2/8/0 depth0=7 depth=4 dlog=3 dper=0 sims=3359 loop=3348 gen_time=0 eval_time=0.023 best_avg=-1.75099 best_move=8,7 leader=2 inc2=1 attack_w=0.85
DBG t=24 used=0.022 remain=1.395 turn_time=0.0210351 end_in=0.0210351 cand_pre=16 cand_cap=20 cand=16->16 pre=16 pick(must/bucket/top/rand)=1/3/12/0 depth0=7 depth=4 dlog=3 dper=0 sims=2928 loop=2912 gen_time=0 eval_time=0.022 best_avg=-1.15038 best_move=7,7 leader=2 inc2=1 attack_w=0.85
DBG t=37 used=0.021 remain=1.119 turn_time=0.0200088 end_in=0.0200088 cand_pre=19 cand_cap=20 cand=19->19 pre=19 pick(must/bucket/top/rand)=1/3/12/3 depth0=10 depth=6 dlog=4 dper=0 sims=2007 loop=1988 gen_time=0 eval_time=0.021 best_avg=-0.985267 best_move=6,8 leader=2 inc2=1 attack_w=0.85
DBG t=49 used=0.019 remain=0.878 turn_time=0.0189459 end_in=0.0189459 cand_pre=23 cand_cap=20 cand=23->20 pre=23 pick(must/bucket/top/rand)=1/7/8/4 depth0=10 depth=6 dlog=4 dper=0 sims=1772 loop=1752 gen_time=0 eval_time=0.019 best_avg=-1.02299 best_move=8,6 leader=2 inc2=1 attack_w=0.85
DBG t=61 used=0.019 remain=0.648 turn_time=0.0182852 end_in=0.0182852 cand_pre=23 cand_cap=20 cand=23->20 pre=23 pick(must/bucket/top/rand)=1/2/13/4 depth0=10 depth=6 dlog=4 dper=0 sims=1928 loop=1908 gen_time=0 eval_time=0.019 best_avg=-0.760331 best_move=8,4 leader=2 inc2=1 attack_w=0.85
DBG t=74 used=0.018 remain=0.409 turn_time=0.0171072 end_in=0.0171072 cand_pre=25 cand_cap=20 cand=25->20 pre=25 pick(must/bucket/top/rand)=1/5/10/4 depth0=11 depth=6 dlog=4 dper=1 sims=1704 loop=1684 gen_time=0 eval_time=0.018 best_avg=-0.677325 best_move=7,9 leader=7 inc2=1 attack_w=0.533989
DBG t=86 used=0.016 remain=0.207 turn_time=0.0155028 end_in=0.0155028 cand_pre=31 cand_cap=20 cand=31->20 pre=31 pick(must/bucket/top/rand)=1/5/10/4 depth0=11 depth=5 dlog=4 dper=2 sims=1844 loop=1824 gen_time=0 eval_time=0.016 best_avg=-0.736099 best_move=5,5 leader=7 inc2=1 attack_w=0.85
DBG depth_guard t=99 remain=0.014 cand_pre=21 depth0=0 depth=0
DBG t=99 used=0.009 remain=0.014 turn_time=0.0084 end_in=0.0084 cand_pre=21 cand_cap=14 cand=21->14 pre=21 pick(must/bucket/top/rand)=1/6/4/3 depth0=0 depth=0 dlog=4 dper=2 sims=8870 loop=8856 gen_time=0 eval_time=0.009 best_avg=-0.616813 best_move=1,5 leader=7 inc2=1 attack_w=0.636914
DBG summary depth_guard_fired=1
Score = 91435
=== CASE 0084.txt ===
DBG hdr N=10 M=5 T=100 U=1 VMAX=1974 TIME_LIMIT=1.94 MAX_CAND=20 UCB_C=0.21
DBG t=0 used=0.024 remain=1.94 turn_time=0.0236195 end_in=0.0236195 cand_pre=5 cand_cap=20 cand=5->5 pre=5 pick(must/bucket/top/rand)=1/2/2/0 depth0=7 depth=5 dlog=2 dper=0 sims=5557 loop=5552 gen_time=0 eval_time=0.024 best_avg=-0.833679 best_move=4,7 leader=3 inc2=1 attack_w=0.476714
DBG t=12 used=0.021 remain=1.673 turn_time=0.0207984 end_in=0.0207984 cand_pre=24 cand_cap=20 cand=24->20 pre=24 pick(must/bucket/top/rand)=1/6/9/4 depth0=7 depth=3 dlog=4 dper=0 sims=5580 loop=5560 gen_time=0 eval_time=0.021 best_avg=-1.0057 best_move=2,8 leader=3 inc2=1 attack_w=0.2
DBG t=24 used=0.022 remain=1.412 turn_time=0.021533 end_in=0.021533 cand_pre=14 cand_cap=20 cand=14->14 pre=14 pick(must/bucket/top/rand)=1/5/8/0 depth0=7 depth=4 dlog=3 dper=0 sims=4994 loop=4980 gen_time=0 eval_time=0.022 best_avg=-0.749625 best_move=9,5 leader=3 inc2=1 attack_w=0.85
DBG t=37 used=0.019 remain=1.143 turn_time=0.018669 end_in=0.018669 cand_pre=34 cand_cap=20 cand=34->20 pre=34 pick(must/bucket/top/rand)=1/2/13/4 depth0=10 depth=4 dlog=4 dper=2 sims=3160 loop=3140 gen_time=0 eval_time=0.019 best_avg=-0.572075 best_move=7,5 leader=2 inc2=0 attack_w=0.2
DBG t=49 used=0.017 remain=0.922 turn_time=0.0167225 end_in=0.0167225 cand_pre=50 cand_cap=20 cand=50->20 pre=50 pick(must/bucket/top/rand)=1/6/9/4 depth0=10 depth=2 dlog=5 dper=3 sims=5824 loop=5804 gen_time=0 eval_time=0.017 best_avg=0.342948 best_move=1,2 leader=2 inc2=0 attack_w=0.2
DBG t=61 used=0.02 remain=0.675 turn_time=0.0196096 end_in=0.0196096 cand_pre=18 cand_cap=20 cand=18->18 pre=18 pick(must/bucket/top/rand)=1/4/11/2 depth0=10 depth=6 dlog=4 dper=0 sims=2506 loop=2488 gen_time=0 eval_time=0.02 best_avg=0.193148 best_move=0,7 leader=4 inc2=0 attack_w=0.2
DBG t=74 used=0.016 remain=0.439 turn_time=0.0153988 end_in=0.0153988 cand_pre=52 cand_cap=20 cand=52->20 pre=52 pick(must/bucket/top/rand)=1/6/9/4 depth0=11 depth=2 dlog=5 dper=4 sims=5644 loop=5624 gen_time=0 eval_time=0.016 best_avg=0.342611 best_move=8,3 leader=1 inc2=1 attack_w=0.2
DBG t=86 used=0.018 remain=0.218 turn_time=0.0172376 end_in=0.0172376 cand_pre=22 cand_cap=20 cand=22->20 pre=22 pick(must/bucket/top/rand)=1/6/9/4 depth0=11 depth=6 dlog=4 dper=0 sims=2204 loop=2184 gen_time=0 eval_time=0.018 best_avg=0.0488044 best_move=5,5 leader=2 inc2=1 attack_w=0.2
DBG depth_guard t=99 remain=0.011 cand_pre=4 depth0=0 depth=0
DBG t=99 used=0.007 remain=0.011 turn_time=0.0066 end_in=0.0066 cand_pre=4 cand_cap=12 cand=4->4 pre=4 pick(must/bucket/top/rand)=1/2/1/0 depth0=0 depth=0 dlog=1 dper=0 sims=13476 loop=13472 gen_time=0 eval_time=0.007 best_avg=0.17677 best_move=7,1 leader=1 inc2=0 attack_w=0.2
DBG summary depth_guard_fired=1
Score = 176931
=== CASE 0087.txt ===
DBG hdr N=10 M=4 T=100 U=3 VMAX=2225 TIME_LIMIT=1.94 MAX_CAND=20 UCB_C=0.21
DBG t=0 used=0.024 remain=1.94 turn_time=0.0236195 end_in=0.0236195 cand_pre=5 cand_cap=20 cand=5->5 pre=5 pick(must/bucket/top/rand)=1/2/2/0 depth0=7 depth=5 dlog=2 dper=0 sims=7561 loop=7556 gen_time=0 eval_time=0.024 best_avg=-1.69073 best_move=8,3 leader=2 inc2=1 attack_w=0.85
DBG t=12 used=0.022 remain=1.665 turn_time=0.0211909 end_in=0.0211909 cand_pre=20 cand_cap=20 cand=20->20 pre=20 pick(must/bucket/top/rand)=1/3/12/4 depth0=7 depth=3 dlog=4 dper=0 sims=7704 loop=7684 gen_time=0 eval_time=0.022 best_avg=-1.56761 best_move=5,5 leader=2 inc2=0 attack_w=0.85
DBG t=24 used=0.02 remain=1.414 turn_time=0.0197495 end_in=0.0197495 cand_pre=29 cand_cap=20 cand=29->20 pre=29 pick(must/bucket/top/rand)=1/6/9/4 depth0=7 depth=2 dlog=4 dper=1 sims=8360 loop=8340 gen_time=0 eval_time=0.02 best_avg=-1.49757 best_move=0,5 leader=2 inc2=0 attack_w=0.85
DBG t=37 used=0.021 remain=1.148 turn_time=0.020172 end_in=0.020172 cand_pre=22 cand_cap=20 cand=22->20 pre=22 pick(must/bucket/top/rand)=1/6/9/4 depth0=10 depth=6 dlog=4 dper=0 sims=2916 loop=2896 gen_time=0 eval_time=0.021 best_avg=-0.83602 best_move=1,6 leader=2 inc2=1 attack_w=0.2
DBG t=49 used=0.02 remain=0.906 turn_time=0.0192036 end_in=0.0192036 cand_pre=26 cand_cap=20 cand=26->20 pre=26 pick(must/bucket/top/rand)=1/4/11/4 depth0=10 depth=5 dlog=4 dper=1 sims=2780 loop=2760 gen_time=0 eval_time=0.02 best_avg=-0.755087 best_move=2,6 leader=2 inc2=1 attack_w=0.2
DBG t=61 used=0.019 remain=0.674 turn_time=0.0181202 end_in=0.0181202 cand_pre=31 cand_cap=20 cand=31->20 pre=31 pick(must/bucket/top/rand)=1/6/9/4 depth0=10 depth=5 dlog=4 dper=1 sims=2268 loop=2248 gen_time=0 eval_time=0.019 best_avg=-0.670242 best_move=0,5 leader=1 inc2=1 attack_w=0.2
DBG t=74 used=0.018 remain=0.437 turn_time=0.0172951 end_in=0.0172951 cand_pre=34 cand_cap=20 cand=34->20 pre=34 pick(must/bucket/top/rand)=1/6/9/4 depth0=11 depth=5 dlog=4 dper=2 sims=2004 loop=1984 gen_time=0 eval_time=0.018 best_avg=-0.655223 best_move=2,8 leader=1 inc2=1 attack_w=0.2
DBG t=86 used=0.017 remain=0.221 turn_time=0.0165513 end_in=0.0165513 cand_pre=31 cand_cap=20 cand=31->20 pre=31 pick(must/bucket/top/rand)=1/6/9/4 depth0=11 depth=5 dlog=4 dper=2 sims=1868 loop=1848 gen_time=0 eval_time=0.017 best_avg=-0.824726 best_move=3,5 leader=3 inc2=1 attack_w=0.2
DBG depth_guard t=99 remain=0.012 cand_pre=32 depth0=0 depth=0
DBG t=99 used=0.008 remain=0.012 turn_time=0.0072 end_in=0.0072 cand_pre=32 cand_cap=12 cand=32->12 pre=32 pick(must/bucket/top/rand)=1/6/3/2 depth0=0 depth=0 dlog=4 dper=4 sims=7632 loop=7620 gen_time=0 eval_time=0.008 best_avg=-0.840167 best_move=3,5 leader=3 inc2=1 attack_w=0.2
DBG summary depth_guard_fired=1
Score = 120472
=== CASE 0088.txt ===
DBG hdr N=10 M=3 T=100 U=3 VMAX=1748 TIME_LIMIT=1.94 MAX_CAND=20 UCB_C=0.21
DBG t=0 used=0.024 remain=1.94 turn_time=0.0236195 end_in=0.0236195 cand_pre=5 cand_cap=20 cand=5->5 pre=5 pick(must/bucket/top/rand)=1/2/2/0 depth0=7 depth=5 dlog=2 dper=0 sims=8549 loop=8544 gen_time=0 eval_time=0.024 best_avg=-1.22574 best_move=4,5 leader=2 inc2=1 attack_w=0.13
DBG t=12 used=0.022 remain=1.666 turn_time=0.0210806 end_in=0.0210806 cand_pre=21 cand_cap=20 cand=21->20 pre=21 pick(must/bucket/top/rand)=1/2/13/4 depth0=7 depth=3 dlog=4 dper=0 sims=9040 loop=9020 gen_time=0 eval_time=0.022 best_avg=-0.90402 best_move=6,8 leader=2 inc2=1 attack_w=0.2
DBG t=24 used=0.02 remain=1.419 turn_time=0.019698 end_in=0.019698 cand_pre=30 cand_cap=20 cand=30->20 pre=30 pick(must/bucket/top/rand)=1/2/13/4 depth0=7 depth=2 dlog=4 dper=1 sims=9336 loop=9316 gen_time=0 eval_time=0.02 best_avg=-0.748311 best_move=9,7 leader=1 inc2=1 attack_w=0.2
DBG t=37 used=0.019 remain=1.165 turn_time=0.0185475 end_in=0.0185475 cand_pre=38 cand_cap=20 cand=38->20 pre=38 pick(must/bucket/top/rand)=1/2/13/4 depth0=10 depth=3 dlog=5 dper=2 sims=5484 loop=5464 gen_time=0 eval_time=0.019 best_avg=-0.67309 best_move=8,5 leader=1 inc2=1 attack_w=0.2
DBG t=49 used=0.019 remain=0.938 turn_time=0.0182082 end_in=0.0182082 cand_pre=40 cand_cap=20 cand=40->20 pre=40 pick(must/bucket/top/rand)=1/5/10/4 depth0=10 depth=3 dlog=5 dper=2 sims=5160 loop=5140 gen_time=0 eval_time=0.019 best_avg=-0.758674 best_move=6,8 leader=1 inc2=1 attack_w=0.2
DBG t=61 used=0.018 remain=0.711 turn_time=0.01793 end_in=0.01793 cand_pre=41 cand_cap=20 cand=41->20 pre=41 pick(must/bucket/top/rand)=1/4/11/4 depth0=10 depth=3 dlog=5 dper=2 sims=4452 loop=4432 gen_time=0 eval_time=0.018 best_avg=-0.900697 best_move=8,9 leader=1 inc2=1 attack_w=0.2
DBG t=74 used=0.018 remain=0.476 turn_time=0.0178866 end_in=0.0178866 cand_pre=42 cand_cap=20 cand=42->20 pre=42 pick(must/bucket/top/rand)=1/5/10/4 depth0=11 depth=4 dlog=5 dper=2 sims=3360 loop=3340 gen_time=0 eval_time=0.018 best_avg=-0.874933 best_move=6,7 leader=1 inc2=1 attack_w=0.2
DBG t=86 used=0.018 remain=0.256 turn_time=0.017984 end_in=0.017984 cand_pre=41 cand_cap=20 cand=41->20 pre=41 pick(must/bucket/top/rand)=1/5/10/4 depth0=11 depth=4 dlog=5 dper=2 sims=3236 loop=3216 gen_time=0 eval_time=0.018 best_avg=-0.942086 best_move=7,9 leader=1 inc2=1 attack_w=0.2
DBG depth_guard t=99 remain=0.017 cand_pre=38 depth0=0 depth=0
DBG t=99 used=0.011 remain=0.017 turn_time=0.0102 end_in=0.0102 cand_pre=38 cand_cap=14 cand=38->14 pre=38 pick(must/bucket/top/rand)=1/5/5/3 depth0=0 depth=0 dlog=5 dper=4 sims=17054 loop=17040 gen_time=0 eval_time=0.011 best_avg=-1.02377 best_move=4,4 leader=1 inc2=1 attack_w=0.2
DBG summary depth_guard_fired=1
Score = 148878
=== CASE 0089.txt ===
DBG hdr N=10 M=3 T=100 U=2 VMAX=1407 TIME_LIMIT=1.94 MAX_CAND=20 UCB_C=0.21
DBG t=0 used=0.024 remain=1.94 turn_time=0.0237456 end_in=0.0237456 cand_pre=4 cand_cap=20 cand=4->4 pre=4 pick(must/bucket/top/rand)=1/2/1/0 depth0=7 depth=6 dlog=1 dper=0 sims=6732 loop=6728 gen_time=0 eval_time=0.024 best_avg=-1.68575 best_move=1,1 leader=1 inc2=1 attack_w=0.74687
DBG t=12 used=0.022 remain=1.665 turn_time=0.0214369 end_in=0.0214369 cand_pre=18 cand_cap=20 cand=18->18 pre=18 pick(must/bucket/top/rand)=1/6/9/2 depth0=7 depth=3 dlog=4 dper=0 sims=7610 loop=7592 gen_time=0 eval_time=0.022 best_avg=-1.49369 best_move=1,3 leader=2 inc2=1 attack_w=0.387748
DBG t=24 used=0.02 remain=1.413 turn_time=0.0197355 end_in=0.0197355 cand_pre=29 cand_cap=20 cand=29->20 pre=29 pick(must/bucket/top/rand)=1/6/9/4 depth0=7 depth=2 dlog=4 dper=1 sims=9468 loop=9448 gen_time=0 eval_time=0.02 best_avg=-1.24882 best_move=5,3 leader=2 inc2=1 attack_w=0.2
DBG t=37 used=0.02 remain=1.153 turn_time=0.0195461 end_in=0.0195461 cand_pre=28 cand_cap=20 cand=28->20 pre=28 pick(must/bucket/top/rand)=1/7/8/4 depth0=10 depth=5 dlog=4 dper=1 sims=3424 loop=3404 gen_time=0 eval_time=0.02 best_avg=-1.76841 best_move=5,3 leader=2 inc2=1 attack_w=0.85
DBG t=49 used=0.02 remain=0.913 turn_time=0.0191193 end_in=0.0191193 cand_pre=28 cand_cap=20 cand=28->20 pre=28 pick(must/bucket/top/rand)=1/7/8/4 depth0=10 depth=5 dlog=4 dper=1 sims=3304 loop=3284 gen_time=0 eval_time=0.02 best_avg=-1.73875 best_move=3,4 leader=2 inc2=1 attack_w=0.85
DBG t=61 used=0.018 remain=0.684 turn_time=0.0179331 end_in=0.0179331 cand_pre=35 cand_cap=20 cand=35->20 pre=35 pick(must/bucket/top/rand)=1/8/7/4 depth0=10 depth=4 dlog=4 dper=2 sims=3380 loop=3360 gen_time=0 eval_time=0.018 best_avg=-1.55245 best_move=7,0 leader=2 inc2=1 attack_w=0.403473
DBG t=74 used=0.018 remain=0.45 turn_time=0.0178096 end_in=0.0178096 cand_pre=34 cand_cap=20 cand=34->20 pre=34 pick(must/bucket/top/rand)=1/8/7/4 depth0=11 depth=5 dlog=4 dper=2 sims=2700 loop=2680 gen_time=0 eval_time=0.018 best_avg=-1.57265 best_move=2,4 leader=2 inc2=1 attack_w=0.424346
DBG t=86 used=0.017 remain=0.237 turn_time=0.0163191 end_in=0.0163191 cand_pre=44 cand_cap=20 cand=44->20 pre=44 pick(must/bucket/top/rand)=1/8/7/4 depth0=11 depth=3 dlog=5 dper=3 sims=3880 loop=3860 gen_time=0 eval_time=0.017 best_avg=-1.21979 best_move=8,2 leader=2 inc2=1 attack_w=0.2
DBG depth_guard t=99 remain=0.019 cand_pre=53 depth0=0 depth=0
DBG t=99 used=0.012 remain=0.019 turn_time=0.0114 end_in=0.0114 cand_pre=53 cand_cap=16 cand=53->16 pre=48 pick(must/bucket/top/rand)=1/8/3/4 depth0=0 depth=0 dlog=5 dper=5 sims=31112 loop=31096 gen_time=0 eval_time=0.012 best_avg=-0.651004 best_move=8,5 leader=2 inc2=1 attack_w=0.2
DBG summary depth_guard_fired=1
Score = 179193
=== CASE 0092.txt ===
DBG hdr N=10 M=5 T=100 U=2 VMAX=1591 TIME_LIMIT=1.94 MAX_CAND=20 UCB_C=0.21
DBG t=0 used=0.024 remain=1.94 turn_time=0.0237456 end_in=0.0237456 cand_pre=4 cand_cap=20 cand=4->4 pre=4 pick(must/bucket/top/rand)=1/2/1/0 depth0=7 depth=6 dlog=1 dper=0 sims=5224 loop=5220 gen_time=0 eval_time=0.024 best_avg=-0.980658 best_move=0,4 leader=1 inc2=1 attack_w=0.85
DBG t=12 used=0.022 remain=1.663 turn_time=0.0214111 end_in=0.0214111 cand_pre=18 cand_cap=20 cand=18->18 pre=18 pick(must/bucket/top/rand)=1/2/13/2 depth0=7 depth=3 dlog=4 dper=0 sims=5878 loop=5860 gen_time=0 eval_time=0.022 best_avg=-0.63026 best_move=3,3 leader=3 inc2=1 attack_w=0.2
DBG t=24 used=0.02 remain=1.413 turn_time=0.0192521 end_in=0.0192521 cand_pre=33 cand_cap=20 cand=33->20 pre=33 pick(must/bucket/top/rand)=1/5/10/4 depth0=7 depth=2 dlog=4 dper=1 sims=6044 loop=6024 gen_time=0 eval_time=0.02 best_avg=-0.255934 best_move=5,4 leader=3 inc2=1 attack_w=0.2
DBG t=37 used=0.018 remain=1.168 turn_time=0.0177517 end_in=0.0177517 cand_pre=45 cand_cap=20 cand=45->20 pre=45 pick(must/bucket/top/rand)=1/7/8/4 depth0=10 depth=2 dlog=5 dper=3 sims=5452 loop=5432 gen_time=0 eval_time=0.018 best_avg=0.114908 best_move=7,4 leader=3 inc2=1 attack_w=0.2
DBG t=49 used=0.018 remain=0.952 turn_time=0.0171453 end_in=0.0171453 cand_pre=51 cand_cap=20 cand=51->20 pre=51 pick(must/bucket/top/rand)=1/8/7/4 depth0=10 depth=2 dlog=5 dper=3 sims=5300 loop=5280 gen_time=0 eval_time=0.018 best_avg=0.0804975 best_move=8,5 leader=3 inc2=1 attack_w=0.2
DBG t=61 used=0.022 remain=0.716 turn_time=0.0215167 end_in=0.0215167 cand_pre=12 cand_cap=20 cand=12->12 pre=12 pick(must/bucket/top/rand)=1/5/6/0 depth0=10 depth=7 dlog=3 dper=0 sims=2272 loop=2260 gen_time=0 eval_time=0.022 best_avg=0.0346041 best_move=7,4 leader=2 inc2=1 attack_w=0.2
DBG t=74 used=0.018 remain=0.482 turn_time=0.0172686 end_in=0.0172686 cand_pre=49 cand_cap=20 cand=49->20 pre=49 pick(must/bucket/top/rand)=1/7/8/4 depth0=11 depth=3 dlog=5 dper=3 sims=4168 loop=4148 gen_time=0 eval_time=0.018 best_avg=0.0823621 best_move=6,4 leader=2 inc2=0 attack_w=0.2
DBG t=86 used=0.017 remain=0.272 turn_time=0.0167086 end_in=0.0167086 cand_pre=60 cand_cap=20 cand=60->20 pre=60 pick(must/bucket/top/rand)=1/8/7/4 depth0=11 depth=2 dlog=5 dper=4 sims=4924 loop=4904 gen_time=0 eval_time=0.017 best_avg=0.34553 best_move=5,7 leader=2 inc2=1 attack_w=0.2
DBG t=99 used=0.017 remain=0.028 turn_time=0.0168 end_in=0.0168 cand_pre=58 cand_cap=20 cand=58->20 pre=58 pick(must/bucket/top/rand)=1/7/8/4 depth0=0 depth=0 dlog=5 dper=4 sims=24364 loop=24344 gen_time=0 eval_time=0.017 best_avg=0.166702 best_move=4,6 leader=1 inc2=1 attack_w=0.2
DBG summary depth_guard_fired=0
Score = 184388
=== CASE 0091.txt ===
DBG hdr N=10 M=3 T=100 U=2 VMAX=1676 TIME_LIMIT=1.94 MAX_CAND=20 UCB_C=0.21
DBG t=0 used=0.024 remain=1.94 turn_time=0.0237456 end_in=0.0237456 cand_pre=4 cand_cap=20 cand=4->4 pre=4 pick(must/bucket/top/rand)=1/2/1/0 depth0=7 depth=6 dlog=1 dper=0 sims=6820 loop=6816 gen_time=0 eval_time=0.024 best_avg=-1.44239 best_move=0,4 leader=2 inc2=1 attack_w=0.244285
DBG t=12 used=0.021 remain=1.668 turn_time=0.0206131 end_in=0.0206131 cand_pre=25 cand_cap=20 cand=25->20 pre=25 pick(must/bucket/top/rand)=1/7/8/4 depth0=7 depth=3 dlog=4 dper=0 sims=8008 loop=7988 gen_time=0 eval_time=0.021 best_avg=-0.90982 best_move=2,8 leader=2 inc2=1 attack_w=0.2
DBG t=24 used=0.02 remain=1.424 turn_time=0.019402 end_in=0.019402 cand_pre=33 cand_cap=20 cand=33->20 pre=33 pick(must/bucket/top/rand)=1/8/7/4 depth0=7 depth=2 dlog=4 dper=1 sims=7448 loop=7428 gen_time=0 eval_time=0.02 best_avg=-0.953141 best_move=4,8 leader=1 inc2=1 attack_w=0.2
DBG t=37 used=0.019 remain=1.17 turn_time=0.0183857 end_in=0.0183857 cand_pre=40 cand_cap=20 cand=40->20 pre=40 pick(must/bucket/top/rand)=1/8/7/4 depth0=10 depth=3 dlog=5 dper=2 sims=4640 loop=4620 gen_time=0 eval_time=0.019 best_avg=-0.97858 best_move=6,6 leader=1 inc2=1 attack_w=0.2
DBG t=49 used=0.019 remain=0.942 turn_time=0.0182859 end_in=0.0182859 cand_pre=40 cand_cap=20 cand=40->20 pre=40 pick(must/bucket/top/rand)=1/8/7/4 depth0=10 depth=3 dlog=5 dper=2 sims=4004 loop=3984 gen_time=0 eval_time=0.019 best_avg=-1.06731 best_move=6,5 leader=1 inc2=1 attack_w=0.2
DBG t=61 used=0.018 remain=0.721 turn_time=0.0177015 end_in=0.0177015 cand_pre=45 cand_cap=20 cand=45->20 pre=45 pick(must/bucket/top/rand)=1/8/7/4 depth0=10 depth=2 dlog=5 dper=3 sims=4772 loop=4752 gen_time=0 eval_time=0.018 best_avg=-0.993935 best_move=3,5 leader=2 inc2=1 attack_w=0.2
DBG t=74 used=0.018 remain=0.487 turn_time=0.017326 end_in=0.017326 cand_pre=50 cand_cap=20 cand=50->20 pre=50 pick(must/bucket/top/rand)=1/8/7/4 depth0=11 depth=3 dlog=5 dper=3 sims=3036 loop=3016 gen_time=0 eval_time=0.018 best_avg=-0.993326 best_move=3,4 leader=1 inc2=1 attack_w=0.2
DBG t=86 used=0.019 remain=0.267 turn_time=0.0185088 end_in=0.0185088 cand_pre=43 cand_cap=20 cand=43->20 pre=43 pick(must/bucket/top/rand)=1/8/7/4 depth0=11 depth=4 dlog=5 dper=2 sims=2428 loop=2408 gen_time=0 eval_time=0.019 best_avg=-1.18239 best_move=5,7 leader=1 inc2=1 attack_w=0.2
DBG t=99 used=0.013 remain=0.02 turn_time=0.012 end_in=0.012 cand_pre=42 cand_cap=16 cand=42->16 pre=42 pick(must/bucket/top/rand)=1/8/3/4 depth0=0 depth=0 dlog=5 dper=4 sims=21096 loop=21080 gen_time=0 eval_time=0.013 best_avg=-1.32709 best_move=6,5 leader=1 inc2=1 attack_w=0.2
DBG summary depth_guard_fired=0
Score = 120479
=== CASE 0090.txt ===
DBG hdr N=10 M=7 T=100 U=5 VMAX=1976 TIME_LIMIT=1.94 MAX_CAND=20 UCB_C=0.21
DBG t=0 used=0.024 remain=1.94 turn_time=0.0236195 end_in=0.0236195 cand_pre=5 cand_cap=20 cand=5->5 pre=5 pick(must/bucket/top/rand)=1/2/2/0 depth0=7 depth=5 dlog=2 dper=0 sims=4513 loop=4508 gen_time=0 eval_time=0.024 best_avg=-0.817705 best_move=5,1 leader=5 inc2=1 attack_w=0.85
DBG t=12 used=0.023 remain=1.659 turn_time=0.0220949 end_in=0.0220949 cand_pre=12 cand_cap=20 cand=12->12 pre=12 pick(must/bucket/top/rand)=1/5/6/0 depth0=7 depth=4 dlog=3 dper=0 sims=4752 loop=4740 gen_time=0 eval_time=0.023 best_avg=-0.344105 best_move=4,2 leader=2 inc2=1 attack_w=0.256199
DBG t=24 used=0.021 remain=1.399 turn_time=0.0204972 end_in=0.0204972 cand_pre=21 cand_cap=20 cand=21->20 pre=21 pick(must/bucket/top/rand)=1/5/10/4 depth0=7 depth=3 dlog=4 dper=0 sims=5096 loop=5076 gen_time=0 eval_time=0.021 best_avg=-0.230675 best_move=2,4 leader=3 inc2=1 attack_w=0.2
DBG t=37 used=0.02 remain=1.13 turn_time=0.0193894 end_in=0.0193894 cand_pre=26 cand_cap=20 cand=26->20 pre=26 pick(must/bucket/top/rand)=1/6/9/4 depth0=10 depth=5 dlog=4 dper=1 sims=3340 loop=3320 gen_time=0 eval_time=0.02 best_avg=-0.302925 best_move=4,1 leader=3 inc2=1 attack_w=0.2
DBG t=49 used=0.02 remain=0.89 turn_time=0.0193182 end_in=0.0193182 cand_pre=22 cand_cap=20 cand=22->20 pre=22 pick(must/bucket/top/rand)=1/7/8/4 depth0=10 depth=6 dlog=4 dper=0 sims=2352 loop=2332 gen_time=0 eval_time=0.02 best_avg=-0.409278 best_move=4,4 leader=3 inc2=1 attack_w=0.2
DBG t=61 used=0.018 remain=0.662 turn_time=0.0174666 end_in=0.0174666 cand_pre=34 cand_cap=20 cand=34->20 pre=34 pick(must/bucket/top/rand)=1/6/9/4 depth0=10 depth=4 dlog=4 dper=2 sims=2824 loop=2804 gen_time=0 eval_time=0.018 best_avg=-0.366567 best_move=2,6 leader=4 inc2=1 attack_w=0.2
DBG t=74 used=0.017 remain=0.431 turn_time=0.0167344 end_in=0.0167344 cand_pre=37 cand_cap=20 cand=37->20 pre=37 pick(must/bucket/top/rand)=1/5/10/4 depth0=11 depth=4 dlog=5 dper=2 sims=2464 loop=2444 gen_time=0 eval_time=0.017 best_avg=-0.316022 best_move=8,1 leader=4 inc2=1 attack_w=0.2
DBG t=86 used=0.017 remain=0.227 turn_time=0.0162629 end_in=0.0162629 cand_pre=38 cand_cap=20 cand=38->20 pre=38 pick(must/bucket/top/rand)=1/6/9/4 depth0=11 depth=4 dlog=5 dper=2 sims=2400 loop=2380 gen_time=0 eval_time=0.017 best_avg=-0.270514 best_move=3,6 leader=4 inc2=1 attack_w=0.2
DBG depth_guard t=99 remain=0.015 cand_pre=39 depth0=0 depth=0
DBG t=99 used=0.01 remain=0.015 turn_time=0.009 end_in=0.009 cand_pre=39 cand_cap=14 cand=39->14 pre=39 pick(must/bucket/top/rand)=1/5/5/3 depth0=0 depth=0 dlog=5 dper=4 sims=10862 loop=10848 gen_time=0 eval_time=0.01 best_avg=-0.241827 best_move=9,2 leader=4 inc2=1 attack_w=0.2
DBG summary depth_guard_fired=1
Score = 124445
=== CASE 0093.txt ===
DBG hdr N=10 M=8 T=100 U=3 VMAX=1791 TIME_LIMIT=1.94 MAX_CAND=20 UCB_C=0.21
DBG t=0 used=0.024 remain=1.94 turn_time=0.0237456 end_in=0.0237456 cand_pre=4 cand_cap=20 cand=4->4 pre=4 pick(must/bucket/top/rand)=1/2/1/0 depth0=7 depth=6 dlog=1 dper=0 sims=3184 loop=3180 gen_time=0 eval_time=0.024 best_avg=-0.714341 best_move=0,6 leader=2 inc2=1 attack_w=0.85
DBG t=12 used=0.022 remain=1.66 turn_time=0.021863 end_in=0.021863 cand_pre=14 cand_cap=20 cand=14->14 pre=14 pick(must/bucket/top/rand)=1/7/6/0 depth0=7 depth=4 dlog=3 dper=0 sims=3262 loop=3248 gen_time=0 eval_time=0.022 best_avg=-0.363864 best_move=0,4 leader=7 inc2=1 attack_w=0.336192
DBG t=24 used=0.022 remain=1.396 turn_time=0.0211696 end_in=0.0211696 cand_pre=15 cand_cap=20 cand=15->15 pre=15 pick(must/bucket/top/rand)=1/6/8/0 depth0=7 depth=4 dlog=3 dper=0 sims=3115 loop=3100 gen_time=0 eval_time=0.022 best_avg=-0.294151 best_move=1,2 leader=1 inc2=1 attack_w=0.245857
DBG t=37 used=0.02 remain=1.124 turn_time=0.0195183 end_in=0.0195183 cand_pre=24 cand_cap=20 cand=24->20 pre=24 pick(must/bucket/top/rand)=1/8/7/4 depth0=10 depth=6 dlog=4 dper=0 sims=1896 loop=1876 gen_time=0 eval_time=0.02 best_avg=-0.317479 best_move=1,2 leader=1 inc2=1 attack_w=0.2
DBG t=49 used=0.02 remain=0.884 turn_time=0.019526 end_in=0.019526 cand_pre=19 cand_cap=20 cand=19->19 pre=19 pick(must/bucket/top/rand)=1/5/10/3 depth0=10 depth=6 dlog=4 dper=0 sims=1895 loop=1876 gen_time=0 eval_time=0.02 best_avg=-0.410442 best_move=1,2 leader=5 inc2=1 attack_w=0.294156
DBG t=61 used=0.019 remain=0.648 turn_time=0.0186092 end_in=0.0186092 cand_pre=20 cand_cap=20 cand=20->20 pre=20 pick(must/bucket/top/rand)=1/6/9/4 depth0=10 depth=6 dlog=4 dper=0 sims=1748 loop=1728 gen_time=0 eval_time=0.019 best_avg=-0.330595 best_move=1,1 leader=1 inc2=1 attack_w=0.2
DBG t=74 used=0.018 remain=0.406 turn_time=0.0175907 end_in=0.0175907 cand_pre=19 cand_cap=20 cand=19->19 pre=19 pick(must/bucket/top/rand)=1/5/10/3 depth0=11 depth=7 dlog=4 dper=0 sims=1447 loop=1428 gen_time=0 eval_time=0.018 best_avg=-0.412509 best_move=0,3 leader=5 inc2=1 attack_w=0.2
DBG t=86 used=0.016 remain=0.199 turn_time=0.0156428 end_in=0.0156428 cand_pre=23 cand_cap=20 cand=23->20 pre=23 pick(must/bucket/top/rand)=1/5/10/4 depth0=11 depth=6 dlog=4 dper=1 sims=1544 loop=1524 gen_time=0 eval_time=0.016 best_avg=-0.550812 best_move=1,1 leader=5 inc2=1 attack_w=0.362234
DBG depth_guard t=98 remain=0.019 cand_pre=13 depth0=1 depth=0
DBG depth_guard t=99 remain=0.007 cand_pre=13 depth0=0 depth=0
DBG t=99 used=0.005 remain=0.007 turn_time=0.0042 end_in=0.0042 cand_pre=13 cand_cap=12 cand=13->12 pre=13 pick(must/bucket/top/rand)=1/4/5/2 depth0=0 depth=0 dlog=3 dper=3 sims=6052 loop=6040 gen_time=0 eval_time=0.005 best_avg=-0.47167 best_move=0,3 leader=5 inc2=1 attack_w=0.449855
DBG summary depth_guard_fired=2
Score = 95914
=== CASE 0094.txt ===
DBG hdr N=10 M=2 T=100 U=4 VMAX=1645 TIME_LIMIT=1.94 MAX_CAND=20 UCB_C=0.21
DBG t=0 used=0.024 remain=1.94 turn_time=0.0236195 end_in=0.0236195 cand_pre=5 cand_cap=20 cand=5->5 pre=5 pick(must/bucket/top/rand)=1/2/2/0 depth0=7 depth=5 dlog=2 dper=0 sims=10889 loop=10884 gen_time=0 eval_time=0.024 best_avg=-2.73928 best_move=4,4 leader=1 inc2=1 attack_w=0.153407
DBG t=12 used=0.022 remain=1.665 turn_time=0.0218058 end_in=0.0218058 cand_pre=15 cand_cap=20 cand=15->15 pre=15 pick(must/bucket/top/rand)=1/2/12/0 depth0=7 depth=4 dlog=3 dper=0 sims=9323 loop=9308 gen_time=0 eval_time=0.022 best_avg=-2.88857 best_move=3,6 leader=1 inc2=1 attack_w=0.2
DBG t=24 used=0.021 remain=1.408 turn_time=0.0206291 end_in=0.0206291 cand_pre=21 cand_cap=20 cand=21->20 pre=21 pick(must/bucket/top/rand)=1/2/13/4 depth0=7 depth=3 dlog=4 dper=0 sims=10264 loop=10244 gen_time=0 eval_time=0.021 best_avg=-3.0037 best_move=3,4 leader=1 inc2=1 attack_w=0.2
DBG t=37 used=0.02 remain=1.144 turn_time=0.0191575 end_in=0.0191575 cand_pre=30 cand_cap=20 cand=30->20 pre=30 pick(must/bucket/top/rand)=1/2/13/4 depth0=10 depth=5 dlog=4 dper=1 sims=4868 loop=4848 gen_time=0 eval_time=0.02 best_avg=-3.11462 best_move=2,3 leader=1 inc2=1 attack_w=0.2
DBG t=49 used=0.019 remain=0.912 turn_time=0.0180522 end_in=0.0180522 cand_pre=37 cand_cap=20 cand=37->20 pre=37 pick(must/bucket/top/rand)=1/5/10/4 depth0=10 depth=3 dlog=5 dper=2 sims=6912 loop=6892 gen_time=0 eval_time=0.019 best_avg=-3.06034 best_move=2,7 leader=1 inc2=1 attack_w=0.2
DBG t=61 used=0.018 remain=0.693 turn_time=0.0175915 end_in=0.0175915 cand_pre=40 cand_cap=20 cand=40->20 pre=40 pick(must/bucket/top/rand)=1/6/9/4 depth0=10 depth=3 dlog=5 dper=2 sims=5660 loop=5640 gen_time=0 eval_time=0.018 best_avg=-3.04884 best_move=6,6 leader=1 inc2=1 attack_w=0.2
DBG t=74 used=0.018 remain=0.459 turn_time=0.0171331 end_in=0.0171331 cand_pre=43 cand_cap=20 cand=43->20 pre=43 pick(must/bucket/top/rand)=1/8/7/4 depth0=11 depth=3 dlog=5 dper=3 sims=5264 loop=5244 gen_time=0 eval_time=0.018 best_avg=-2.9987 best_move=5,9 leader=1 inc2=1 attack_w=0.2
DBG t=86 used=0.017 remain=0.246 turn_time=0.0167104 end_in=0.0167104 cand_pre=46 cand_cap=20 cand=46->20 pre=46 pick(must/bucket/top/rand)=1/6/9/4 depth0=11 depth=3 dlog=5 dper=3 sims=5140 loop=5120 gen_time=0 eval_time=0.017 best_avg=-2.95158 best_move=7,5 leader=1 inc2=1 attack_w=0.2
DBG depth_guard t=99 remain=0.018 cand_pre=47 depth0=0 depth=0
DBG t=99 used=0.011 remain=0.018 turn_time=0.0108 end_in=0.0108 cand_pre=47 cand_cap=14 cand=47->14 pre=42 pick(must/bucket/top/rand)=1/6/4/3 depth0=0 depth=0 dlog=5 dper=4 sims=26270 loop=26256 gen_time=0 eval_time=0.011 best_avg=-2.86212 best_move=7,6 leader=1 inc2=1 attack_w=0.2
DBG summary depth_guard_fired=1
Score = 136230
=== CASE 0095.txt ===
DBG hdr N=10 M=3 T=100 U=3 VMAX=2391 TIME_LIMIT=1.94 MAX_CAND=20 UCB_C=0.21
DBG t=0 used=0.024 remain=1.94 turn_time=0.0237456 end_in=0.0237456 cand_pre=4 cand_cap=20 cand=4->4 pre=4 pick(must/bucket/top/rand)=1/2/1/0 depth0=7 depth=6 dlog=1 dper=0 sims=6460 loop=6456 gen_time=0 eval_time=0.024 best_avg=-0.818333 best_move=8,3 leader=2 inc2=1 attack_w=0.13
DBG t=12 used=0.022 remain=1.665 turn_time=0.0216828 end_in=0.0216828 cand_pre=16 cand_cap=20 cand=16->16 pre=16 pick(must/bucket/top/rand)=1/6/9/0 depth0=7 depth=4 dlog=3 dper=0 sims=7736 loop=7720 gen_time=0 eval_time=0.022 best_avg=-0.930067 best_move=9,4 leader=1 inc2=1 attack_w=0.2
DBG t=24 used=0.022 remain=1.401 turn_time=0.0210058 end_in=0.0210058 cand_pre=17 cand_cap=20 cand=17->17 pre=17 pick(must/bucket/top/rand)=1/4/11/1 depth0=7 depth=4 dlog=3 dper=0 sims=7545 loop=7528 gen_time=0 eval_time=0.022 best_avg=-0.693297 best_move=6,3 leader=1 inc2=1 attack_w=0.2
DBG t=37 used=0.02 remain=1.129 turn_time=0.0197217 end_in=0.0197217 cand_pre=23 cand_cap=20 cand=23->20 pre=23 pick(must/bucket/top/rand)=1/5/10/4 depth0=10 depth=6 dlog=4 dper=0 sims=3788 loop=3768 gen_time=0 eval_time=0.02 best_avg=-0.655654 best_move=6,3 leader=1 inc2=1 attack_w=0.2
DBG t=49 used=0.019 remain=0.892 turn_time=0.0186795 end_in=0.0186795 cand_pre=28 cand_cap=20 cand=28->20 pre=28 pick(must/bucket/top/rand)=1/7/8/4 depth0=10 depth=5 dlog=4 dper=1 sims=4376 loop=4356 gen_time=0 eval_time=0.019 best_avg=-0.399834 best_move=7,4 leader=1 inc2=1 attack_w=0.2
DBG t=61 used=0.019 remain=0.664 turn_time=0.0182941 end_in=0.0182941 cand_pre=27 cand_cap=20 cand=27->20 pre=27 pick(must/bucket/top/rand)=1/6/9/4 depth0=10 depth=5 dlog=4 dper=1 sims=4136 loop=4116 gen_time=0 eval_time=0.019 best_avg=-0.836176 best_move=8,4 leader=1 inc2=1 attack_w=0.2
DBG t=74 used=0.018 remain=0.425 turn_time=0.0174577 end_in=0.0174577 cand_pre=28 cand_cap=20 cand=28->20 pre=28 pick(must/bucket/top/rand)=1/6/9/4 depth0=11 depth=6 dlog=4 dper=1 sims=3076 loop=3056 gen_time=0 eval_time=0.018 best_avg=-1.02705 best_move=7,3 leader=2 inc2=1 attack_w=0.2
DBG t=86 used=0.017 remain=0.215 turn_time=0.0166011 end_in=0.0166011 cand_pre=26 cand_cap=20 cand=26->20 pre=26 pick(must/bucket/top/rand)=1/6/9/4 depth0=11 depth=6 dlog=4 dper=1 sims=2816 loop=2796 gen_time=0 eval_time=0.017 best_avg=-1.14257 best_move=6,3 leader=1 inc2=1 attack_w=0.2
DBG depth_guard t=99 remain=0.011 cand_pre=28 depth0=0 depth=0
DBG t=99 used=0.007 remain=0.011 turn_time=0.0066 end_in=0.0066 cand_pre=28 cand_cap=12 cand=28->12 pre=28 pick(must/bucket/top/rand)=1/5/4/2 depth0=0 depth=0 dlog=4 dper=4 sims=13736 loop=13724 gen_time=0 eval_time=0.007 best_avg=-1.0168 best_move=6,3 leader=2 inc2=1 attack_w=0.2
DBG summary depth_guard_fired=1
Score = 146754
=== CASE 0096.txt ===
DBG hdr N=10 M=4 T=100 U=3 VMAX=1888 TIME_LIMIT=1.94 MAX_CAND=20 UCB_C=0.21
DBG t=0 used=0.024 remain=1.94 turn_time=0.0236195 end_in=0.0236195 cand_pre=5 cand_cap=20 cand=5->5 pre=5 pick(must/bucket/top/rand)=1/2/2/0 depth0=7 depth=5 dlog=2 dper=0 sims=6989 loop=6984 gen_time=0 eval_time=0.024 best_avg=-0.947782 best_move=6,0 leader=1 inc2=1 attack_w=0.85
DBG t=12 used=0.022 remain=1.662 turn_time=0.0216438 end_in=0.0216438 cand_pre=16 cand_cap=20 cand=16->16 pre=16 pick(must/bucket/top/rand)=1/7/8/0 depth0=7 depth=4 dlog=3 dper=0 sims=6076 loop=6060 gen_time=0 eval_time=0.022 best_avg=-0.571428 best_move=9,3 leader=3 inc2=0 attack_w=0.2
DBG t=24 used=0.022 remain=1.385 turn_time=0.0219504 end_in=0.0219504 cand_pre=7 cand_cap=20 cand=7->7 pre=7 pick(must/bucket/top/rand)=1/5/1/0 depth0=7 depth=5 dlog=2 dper=0 sims=4179 loop=4172 gen_time=0 eval_time=0.022 best_avg=-0.899814 best_move=8,3 leader=3 inc2=0 attack_w=0.2
DBG t=37 used=0.02 remain=1.111 turn_time=0.0195219 end_in=0.0195219 cand_pre=22 cand_cap=20 cand=22->20 pre=22 pick(must/bucket/top/rand)=1/7/8/4 depth0=10 depth=6 dlog=4 dper=0 sims=2816 loop=2796 gen_time=0 eval_time=0.02 best_avg=-0.835563 best_move=9,2 leader=2 inc2=1 attack_w=0.2
DBG t=49 used=0.02 remain=0.871 turn_time=0.0190168 end_in=0.0190168 cand_pre=21 cand_cap=20 cand=21->20 pre=21 pick(must/bucket/top/rand)=1/4/11/4 depth0=10 depth=6 dlog=4 dper=0 sims=2852 loop=2832 gen_time=0 eval_time=0.02 best_avg=-0.935439 best_move=3,0 leader=2 inc2=0 attack_w=0.2
DBG t=61 used=0.018 remain=0.65 turn_time=0.0173667 end_in=0.0173667 cand_pre=32 cand_cap=20 cand=32->20 pre=32 pick(must/bucket/top/rand)=1/4/11/4 depth0=10 depth=4 dlog=4 dper=2 sims=2668 loop=2648 gen_time=0 eval_time=0.018 best_avg=-0.918879 best_move=0,2 leader=2 inc2=0 attack_w=0.2
DBG t=74 used=0.017 remain=0.424 turn_time=0.0162506 end_in=0.0162506 cand_pre=39 cand_cap=20 cand=39->20 pre=39 pick(must/bucket/top/rand)=1/5/10/4 depth0=11 depth=4 dlog=5 dper=2 sims=2464 loop=2444 gen_time=0 eval_time=0.017 best_avg=-0.699062 best_move=5,2 leader=2 inc2=0 attack_w=0.2
DBG t=86 used=0.016 remain=0.229 turn_time=0.015024 end_in=0.015024 cand_pre=51 cand_cap=20 cand=51->20 pre=51 pick(must/bucket/top/rand)=1/8/7/4 depth0=11 depth=2 dlog=5 dper=4 sims=4036 loop=4016 gen_time=0 eval_time=0.016 best_avg=-0.622266 best_move=2,6 leader=2 inc2=1 attack_w=0.2
DBG t=99 used=0.014 remain=0.022 turn_time=0.0132 end_in=0.0132 cand_pre=59 cand_cap=16 cand=59->16 pre=48 pick(must/bucket/top/rand)=1/8/3/4 depth0=0 depth=0 dlog=5 dper=4 sims=18140 loop=18124 gen_time=0 eval_time=0.014 best_avg=-0.447968 best_move=9,3 leader=2 inc2=1 attack_w=0.2
DBG summary depth_guard_fired=0
Score = 153016
=== CASE 0098.txt ===
DBG hdr N=10 M=2 T=100 U=1 VMAX=2363 TIME_LIMIT=1.94 MAX_CAND=20 UCB_C=0.21
DBG t=0 used=0.024 remain=1.94 turn_time=0.0236195 end_in=0.0236195 cand_pre=5 cand_cap=20 cand=5->5 pre=5 pick(must/bucket/top/rand)=1/2/2/0 depth0=7 depth=5 dlog=2 dper=0 sims=10737 loop=10732 gen_time=0 eval_time=0.024 best_avg=-2.61391 best_move=8,3 leader=1 inc2=1 attack_w=0.13
DBG t=12 used=0.021 remain=1.673 turn_time=0.0203041 end_in=0.0203041 cand_pre=28 cand_cap=20 cand=28->20 pre=28 pick(must/bucket/top/rand)=1/2/13/4 depth0=7 depth=2 dlog=4 dper=1 sims=11372 loop=11352 gen_time=0 eval_time=0.021 best_avg=-2.22184 best_move=6,6 leader=1 inc2=1 attack_w=0.2
DBG t=24 used=0.018 remain=1.428 turn_time=0.0179909 end_in=0.0179909 cand_pre=45 cand_cap=20 cand=45->20 pre=45 pick(must/bucket/top/rand)=1/6/9/4 depth0=7 depth=0 dlog=5 dper=3 sims=45804 loop=45784 gen_time=0 eval_time=0.018 best_avg=-2.09161 best_move=4,5 leader=1 inc2=1 attack_w=0.2
DBG t=37 used=0.023 remain=1.159 turn_time=0.0222786 end_in=0.0222786 cand_pre=6 cand_cap=20 cand=6->6 pre=6 pick(must/bucket/top/rand)=1/3/2/0 depth0=10 depth=8 dlog=2 dper=0 sims=3990 loop=3984 gen_time=0 eval_time=0.023 best_avg=-1.94349 best_move=1,2 leader=1 inc2=1 attack_w=0.2
DBG t=49 used=0.021 remain=0.896 turn_time=0.0204762 end_in=0.0204762 cand_pre=13 cand_cap=20 cand=13->13 pre=13 pick(must/bucket/top/rand)=1/4/8/0 depth0=10 depth=7 dlog=3 dper=0 sims=3697 loop=3684 gen_time=0 eval_time=0.021 best_avg=-1.48884 best_move=1,1 leader=1 inc2=1 attack_w=0.2
DBG t=61 used=0.019 remain=0.654 turn_time=0.0181275 end_in=0.0181275 cand_pre=26 cand_cap=20 cand=26->20 pre=26 pick(must/bucket/top/rand)=1/5/10/4 depth0=10 depth=5 dlog=4 dper=1 sims=4120 loop=4100 gen_time=0 eval_time=0.019 best_avg=-1.38642 best_move=2,3 leader=1 inc2=1 attack_w=0.2
DBG t=74 used=0.017 remain=0.406 turn_time=0.0168802 end_in=0.0168802 cand_pre=26 cand_cap=20 cand=26->20 pre=26 pick(must/bucket/top/rand)=1/5/10/4 depth0=11 depth=6 dlog=4 dper=1 sims=3184 loop=3164 gen_time=0 eval_time=0.017 best_avg=-1.20282 best_move=0,5 leader=1 inc2=1 attack_w=0.2
DBG t=86 used=0.013 remain=0.22 turn_time=0.012595 end_in=0.012595 cand_pre=69 cand_cap=14 cand=69->14 pre=42 pick(must/bucket/top/rand)=1/5/5/3 depth0=11 depth=1 dlog=5 dper=5 sims=10298 loop=10284 gen_time=0 eval_time=0.013 best_avg=-0.653512 best_move=3,6 leader=1 inc2=1 attack_w=0.2
DBG t=99 used=0.016 remain=0.025 turn_time=0.015 end_in=0.015 cand_pre=71 cand_cap=14 cand=71->14 pre=42 pick(must/bucket/top/rand)=1/5/5/3 depth0=0 depth=0 dlog=5 dper=5 sims=59586 loop=59572 gen_time=0 eval_time=0.016 best_avg=-0.260574 best_move=0,5 leader=1 inc2=1 attack_w=0.2
DBG summary depth_guard_fired=0
Score = 335821
=== CASE 0097.txt ===
DBG hdr N=10 M=7 T=100 U=5 VMAX=1552 TIME_LIMIT=1.94 MAX_CAND=20 UCB_C=0.21
DBG t=0 used=0.024 remain=1.94 turn_time=0.0237456 end_in=0.0237456 cand_pre=4 cand_cap=20 cand=4->4 pre=4 pick(must/bucket/top/rand)=1/2/1/0 depth0=7 depth=6 dlog=1 dper=0 sims=4228 loop=4224 gen_time=0 eval_time=0.024 best_avg=-0.786087 best_move=8,4 leader=5 inc2=1 attack_w=0.655086
DBG t=12 used=0.023 remain=1.659 turn_time=0.0220949 end_in=0.0220949 cand_pre=12 cand_cap=20 cand=12->12 pre=12 pick(must/bucket/top/rand)=1/4/7/0 depth0=7 depth=4 dlog=3 dper=0 sims=4064 loop=4052 gen_time=0 eval_time=0.023 best_avg=-0.435923 best_move=7,3 leader=5 inc2=1 attack_w=0.27968
DBG t=24 used=0.022 remain=1.393 turn_time=0.0211241 end_in=0.0211241 cand_pre=15 cand_cap=20 cand=15->15 pre=15 pick(must/bucket/top/rand)=1/6/8/0 depth0=7 depth=4 dlog=3 dper=0 sims=3459 loop=3444 gen_time=0 eval_time=0.022 best_avg=-0.300467 best_move=6,4 leader=6 inc2=1 attack_w=0.2
DBG t=37 used=0.02 remain=1.119 turn_time=0.0196624 end_in=0.0196624 cand_pre=22 cand_cap=20 cand=22->20 pre=22 pick(must/bucket/top/rand)=1/8/7/4 depth0=10 depth=6 dlog=4 dper=0 sims=1824 loop=1804 gen_time=0 eval_time=0.02 best_avg=-0.240136 best_move=7,2 leader=6 inc2=1 attack_w=0.2
DBG t=49 used=0.019 remain=0.885 turn_time=0.0185329 end_in=0.0185329 cand_pre=28 cand_cap=20 cand=28->20 pre=28 pick(must/bucket/top/rand)=1/6/9/4 depth0=10 depth=5 dlog=4 dper=1 sims=1924 loop=1904 gen_time=0 eval_time=0.019 best_avg=-0.369841 best_move=8,1 leader=6 inc2=1 attack_w=0.2
DBG t=61 used=0.018 remain=0.658 turn_time=0.0179094 end_in=0.0179094 cand_pre=29 cand_cap=20 cand=29->20 pre=29 pick(must/bucket/top/rand)=1/5/10/4 depth0=10 depth=5 dlog=4 dper=1 sims=1976 loop=1956 gen_time=0 eval_time=0.018 best_avg=-0.416903 best_move=5,3 leader=6 inc2=1 attack_w=0.2
DBG t=74 used=0.017 remain=0.422 turn_time=0.0167015 end_in=0.0167015 cand_pre=34 cand_cap=20 cand=34->20 pre=34 pick(must/bucket/top/rand)=1/6/9/4 depth0=11 depth=5 dlog=4 dper=2 sims=2048 loop=2028 gen_time=0 eval_time=0.017 best_avg=-0.439933 best_move=4,4 leader=6 inc2=1 attack_w=0.2
DBG t=86 used=0.017 remain=0.216 turn_time=0.0160766 end_in=0.0160766 cand_pre=32 cand_cap=20 cand=32->20 pre=32 pick(must/bucket/top/rand)=1/6/9/4 depth0=11 depth=5 dlog=4 dper=2 sims=2264 loop=2244 gen_time=0 eval_time=0.017 best_avg=-0.434356 best_move=4,5 leader=6 inc2=1 attack_w=0.2
DBG depth_guard t=99 remain=0.011 cand_pre=30 depth0=0 depth=0
DBG t=99 used=0.007 remain=0.011 turn_time=0.0066 end_in=0.0066 cand_pre=30 cand_cap=12 cand=30->12 pre=30 pick(must/bucket/top/rand)=1/5/4/2 depth0=0 depth=0 dlog=4 dper=5 sims=9064 loop=9052 gen_time=0 eval_time=0.007 best_avg=-0.363565 best_move=5,3 leader=6 inc2=1 attack_w=0.2
DBG summary depth_guard_fired=1
Score = 113864
=== CASE 0099.txt ===
DBG hdr N=10 M=5 T=100 U=3 VMAX=2063 TIME_LIMIT=1.94 MAX_CAND=20 UCB_C=0.21
DBG t=0 used=0.024 remain=1.94 turn_time=0.0236195 end_in=0.0236195 cand_pre=5 cand_cap=20 cand=5->5 pre=5 pick(must/bucket/top/rand)=1/2/2/0 depth0=7 depth=5 dlog=2 dper=0 sims=6673 loop=6668 gen_time=0 eval_time=0.024 best_avg=-0.654255 best_move=6,4 leader=2 inc2=1 attack_w=0.13
DBG t=12 used=0.023 remain=1.658 turn_time=0.022204 end_in=0.022204 cand_pre=11 cand_cap=20 cand=11->11 pre=11 pick(must/bucket/top/rand)=1/6/4/0 depth0=7 depth=4 dlog=3 dper=0 sims=5391 loop=5380 gen_time=0 eval_time=0.023 best_avg=-0.772171 best_move=7,4 leader=2 inc2=0 attack_w=0.350286
DBG t=24 used=0.022 remain=1.392 turn_time=0.021228 end_in=0.021228 cand_pre=14 cand_cap=20 cand=14->14 pre=14 pick(must/bucket/top/rand)=1/6/7/0 depth0=7 depth=4 dlog=3 dper=0 sims=4334 loop=4320 gen_time=0 eval_time=0.022 best_avg=-0.991866 best_move=7,4 leader=2 inc2=1 attack_w=0.575291
DBG t=37 used=0.021 remain=1.114 turn_time=0.020609 end_in=0.020609 cand_pre=13 cand_cap=20 cand=13->13 pre=13 pick(must/bucket/top/rand)=1/5/7/0 depth0=10 depth=7 dlog=3 dper=0 sims=1885 loop=1872 gen_time=0 eval_time=0.021 best_avg=-1.48243 best_move=6,6 leader=3 inc2=1 attack_w=0.85
DBG t=49 used=0.02 remain=0.869 turn_time=0.0191947 end_in=0.0191947 cand_pre=19 cand_cap=20 cand=19->19 pre=19 pick(must/bucket/top/rand)=1/6/9/3 depth0=10 depth=6 dlog=4 dper=0 sims=1875 loop=1856 gen_time=0 eval_time=0.02 best_avg=-1.53815 best_move=7,5 leader=3 inc2=1 attack_w=0.85
DBG t=61 used=0.025 remain=0.636 turn_time=0.0180526 end_in=0.0180526 cand_pre=22 cand_cap=20 cand=22->20 pre=22 pick(must/bucket/top/rand)=1/6/9/4 depth0=10 depth=6 dlog=4 dper=0 sims=676 loop=656 gen_time=0 eval_time=0.025 best_avg=-1.37357 best_move=6,7 leader=3 inc2=1 attack_w=0.85
DBG t=74 used=0.017 remain=0.392 turn_time=0.0166902 end_in=0.0166902 cand_pre=22 cand_cap=20 cand=22->20 pre=22 pick(must/bucket/top/rand)=1/6/9/4 depth0=11 depth=7 dlog=4 dper=0 sims=1360 loop=1340 gen_time=0 eval_time=0.017 best_avg=-1.23128 best_move=5,8 leader=3 inc2=1 attack_w=0.85
DBG t=86 used=0.016 remain=0.194 turn_time=0.0151597 end_in=0.0151597 cand_pre=24 cand_cap=20 cand=24->20 pre=24 pick(must/bucket/top/rand)=1/6/9/4 depth0=11 depth=6 dlog=4 dper=1 sims=1476 loop=1456 gen_time=0 eval_time=0.016 best_avg=-1.17034 best_move=6,7 leader=1 inc2=1 attack_w=0.85
DBG depth_guard t=99 remain=0.009 cand_pre=27 depth0=0 depth=0
DBG t=99 used=0.006 remain=0.009 turn_time=0.0054 end_in=0.0054 cand_pre=27 cand_cap=12 cand=27->12 pre=27 pick(must/bucket/top/rand)=1/6/3/2 depth0=0 depth=0 dlog=4 dper=5 sims=5604 loop=5592 gen_time=0 eval_time=0.006 best_avg=-1.10709 best_move=9,7 leader=1 inc2=1 attack_w=0.85
DBG summary depth_guard_fired=1
Score = 81359
=== CASE 0100.txt ===
DBG hdr N=10 M=6 T=100 U=5 VMAX=2118 TIME_LIMIT=1.94 MAX_CAND=20 UCB_C=0.21
DBG t=0 used=0.024 remain=1.94 turn_time=0.0236195 end_in=0.0236195 cand_pre=5 cand_cap=20 cand=5->5 pre=5 pick(must/bucket/top/rand)=1/2/2/0 depth0=7 depth=5 dlog=2 dper=0 sims=5501 loop=5496 gen_time=0 eval_time=0.024 best_avg=-0.916743 best_move=2,6 leader=3 inc2=1 attack_w=0.85
DBG t=12 used=0.022 remain=1.666 turn_time=0.0213267 end_in=0.0213267 cand_pre=19 cand_cap=20 cand=19->19 pre=19 pick(must/bucket/top/rand)=1/7/8/3 depth0=7 depth=3 dlog=4 dper=0 sims=5991 loop=5972 gen_time=0 eval_time=0.022 best_avg=-0.529651 best_move=6,5 leader=5 inc2=1 attack_w=0.218125
DBG t=24 used=0.021 remain=1.412 turn_time=0.0203254 end_in=0.0203254 cand_pre=24 cand_cap=20 cand=24->20 pre=24 pick(must/bucket/top/rand)=1/7/8/4 depth0=7 depth=3 dlog=4 dper=0 sims=5384 loop=5364 gen_time=0 eval_time=0.021 best_avg=-0.426082 best_move=4,5 leader=4 inc2=1 attack_w=0.2
DBG t=37 used=0.02 remain=1.142 turn_time=0.0197131 end_in=0.0197131 cand_pre=25 cand_cap=20 cand=25->20 pre=25 pick(must/bucket/top/rand)=1/7/8/4 depth0=10 depth=6 dlog=4 dper=0 sims=2080 loop=2060 gen_time=0 eval_time=0.02 best_avg=-0.869508 best_move=5,5 leader=4 inc2=1 attack_w=0.345014
DBG t=49 used=0.02 remain=0.902 turn_time=0.0191189 end_in=0.0191189 cand_pre=26 cand_cap=20 cand=26->20 pre=26 pick(must/bucket/top/rand)=1/7/8/4 depth0=10 depth=5 dlog=4 dper=1 sims=2412 loop=2392 gen_time=0 eval_time=0.02 best_avg=-0.837116 best_move=4,6 leader=4 inc2=1 attack_w=0.399896
DBG t=61 used=0.019 remain=0.669 turn_time=0.0185433 end_in=0.0185433 cand_pre=26 cand_cap=20 cand=26->20 pre=26 pick(must/bucket/top/rand)=1/6/9/4 depth0=10 depth=5 dlog=4 dper=1 sims=2248 loop=2228 gen_time=0 eval_time=0.019 best_avg=-0.953818 best_move=6,5 leader=4 inc2=1 attack_w=0.660427
DBG t=74 used=0.019 remain=0.419 turn_time=0.0182587 end_in=0.0182587 cand_pre=18 cand_cap=20 cand=18->18 pre=18 pick(must/bucket/top/rand)=1/5/10/2 depth0=11 depth=7 dlog=4 dper=0 sims=1574 loop=1556 gen_time=0 eval_time=0.019 best_avg=-0.971119 best_move=1,6 leader=4 inc2=1 attack_w=0.85
DBG t=86 used=0.017 remain=0.204 turn_time=0.0162253 end_in=0.0162253 cand_pre=21 cand_cap=20 cand=21->20 pre=21 pick(must/bucket/top/rand)=1/6/9/4 depth0=11 depth=6 dlog=4 dper=0 sims=1560 loop=1540 gen_time=0 eval_time=0.017 best_avg=-1.02555 best_move=4,5 leader=4 inc2=1 attack_w=0.85
DBG depth_guard t=99 remain=0.009 cand_pre=23 depth0=0 depth=0
DBG t=99 used=0.006 remain=0.009 turn_time=0.0054 end_in=0.0054 cand_pre=23 cand_cap=12 cand=23->12 pre=23 pick(must/bucket/top/rand)=1/6/3/2 depth0=0 depth=0 dlog=4 dper=4 sims=5488 loop=5476 gen_time=0 eval_time=0.006 best_avg=-0.985486 best_move=2,5 leader=4 inc2=1 attack_w=0.85
DBG summary depth_guard_fired=1
Score = 79278
=== CASE 0101.txt ===
DBG hdr N=10 M=5 T=100 U=5 VMAX=1598 TIME_LIMIT=1.94 MAX_CAND=20 UCB_C=0.21
DBG t=0 used=0.024 remain=1.94 turn_time=0.0236195 end_in=0.0236195 cand_pre=5 cand_cap=20 cand=5->5 pre=5 pick(must/bucket/top/rand)=1/2/2/0 depth0=7 depth=5 dlog=2 dper=0 sims=5957 loop=5952 gen_time=0 eval_time=0.024 best_avg=-0.852112 best_move=6,3 leader=3 inc2=1 attack_w=0.85
DBG t=12 used=0.023 remain=1.662 turn_time=0.0221348 end_in=0.0221348 cand_pre=12 cand_cap=20 cand=12->12 pre=12 pick(must/bucket/top/rand)=1/2/9/0 depth0=7 depth=4 dlog=3 dper=0 sims=5612 loop=5600 gen_time=0 eval_time=0.023 best_avg=-0.688622 best_move=6,2 leader=4 inc2=0 attack_w=0.2
DBG t=24 used=0.021 remain=1.397 turn_time=0.0208263 end_in=0.0208263 cand_pre=18 cand_cap=20 cand=18->18 pre=18 pick(must/bucket/top/rand)=1/2/13/2 depth0=7 depth=3 dlog=4 dper=0 sims=5430 loop=5412 gen_time=0 eval_time=0.021 best_avg=-0.674224 best_move=9,2 leader=4 inc2=1 attack_w=0.2
DBG t=37 used=0.02 remain=1.125 turn_time=0.0198839 end_in=0.0198839 cand_pre=21 cand_cap=20 cand=21->20 pre=21 pick(must/bucket/top/rand)=1/3/12/4 depth0=10 depth=6 dlog=4 dper=0 sims=2432 loop=2412 gen_time=0 eval_time=0.02 best_avg=-0.740686 best_move=5,2 leader=1 inc2=1 attack_w=0.272137
DBG t=49 used=0.019 remain=0.885 turn_time=0.0189841 end_in=0.0189841 cand_pre=24 cand_cap=20 cand=24->20 pre=24 pick(must/bucket/top/rand)=1/3/12/4 depth0=10 depth=6 dlog=4 dper=0 sims=2072 loop=2052 gen_time=0 eval_time=0.019 best_avg=-0.618488 best_move=5,2 leader=4 inc2=1 attack_w=0.2
DBG t=61 used=0.019 remain=0.657 turn_time=0.0179917 end_in=0.0179917 cand_pre=28 cand_cap=20 cand=28->20 pre=28 pick(must/bucket/top/rand)=1/5/10/4 depth0=10 depth=5 dlog=4 dper=1 sims=1708 loop=1688 gen_time=0 eval_time=0.018 best_avg=-0.610078 best_move=5,3 leader=1 inc2=1 attack_w=0.2
DBG t=74 used=0.017 remain=0.416 turn_time=0.01636 end_in=0.01636 cand_pre=35 cand_cap=20 cand=35->20 pre=35 pick(must/bucket/top/rand)=1/5/10/4 depth0=11 depth=5 dlog=4 dper=2 sims=1972 loop=1952 gen_time=0 eval_time=0.017 best_avg=-0.579799 best_move=7,2 leader=1 inc2=1 attack_w=0.2
DBG t=86 used=0.016 remain=0.218 turn_time=0.0158206 end_in=0.0158206 cand_pre=36 cand_cap=20 cand=36->20 pre=36 pick(must/bucket/top/rand)=1/6/9/4 depth0=11 depth=4 dlog=5 dper=2 sims=2200 loop=2180 gen_time=0 eval_time=0.016 best_avg=-0.534471 best_move=2,4 leader=1 inc2=1 attack_w=0.2
DBG depth_guard t=99 remain=0.014 cand_pre=39 depth0=0 depth=0
DBG t=99 used=0.009 remain=0.014 turn_time=0.0084 end_in=0.0084 cand_pre=39 cand_cap=14 cand=39->14 pre=39 pick(must/bucket/top/rand)=1/6/4/3 depth0=0 depth=0 dlog=5 dper=5 sims=9762 loop=9748 gen_time=0 eval_time=0.009 best_avg=-0.516325 best_move=5,1 leader=1 inc2=1 attack_w=0.2
DBG summary depth_guard_fired=1
Score = 125245
=== CASE 0103.txt ===
DBG hdr N=10 M=6 T=100 U=1 VMAX=1933 TIME_LIMIT=1.94 MAX_CAND=20 UCB_C=0.21
DBG t=0 used=0.024 remain=1.94 turn_time=0.0236195 end_in=0.0236195 cand_pre=5 cand_cap=20 cand=5->5 pre=5 pick(must/bucket/top/rand)=1/2/2/0 depth0=7 depth=5 dlog=2 dper=0 sims=4881 loop=4876 gen_time=0 eval_time=0.024 best_avg=-0.593183 best_move=3,1 leader=2 inc2=1 attack_w=0.85
DBG t=12 used=0.021 remain=1.671 turn_time=0.0204033 end_in=0.0204033 cand_pre=27 cand_cap=20 cand=27->20 pre=27 pick(must/bucket/top/rand)=1/3/12/4 depth0=7 depth=3 dlog=4 dper=0 sims=4676 loop=4656 gen_time=0 eval_time=0.021 best_avg=-0.45608 best_move=6,1 leader=4 inc2=1 attack_w=0.2
DBG t=24 used=0.021 remain=1.406 turn_time=0.0209605 end_in=0.0209605 cand_pre=18 cand_cap=20 cand=18->18 pre=18 pick(must/bucket/top/rand)=1/4/11/2 depth0=7 depth=3 dlog=4 dper=0 sims=4862 loop=4844 gen_time=0 eval_time=0.021 best_avg=0.23959 best_move=8,7 leader=4 inc2=1 attack_w=0.2
DBG t=37 used=0.02 remain=1.137 turn_time=0.0190402 end_in=0.0190402 cand_pre=30 cand_cap=20 cand=30->20 pre=30 pick(must/bucket/top/rand)=1/4/11/4 depth0=10 depth=5 dlog=4 dper=1 sims=2428 loop=2408 gen_time=0 eval_time=0.02 best_avg=0.37246 best_move=4,8 leader=5 inc2=1 attack_w=0.2
DBG t=49 used=0.018 remain=0.911 turn_time=0.0174519 end_in=0.0174519 cand_pre=42 cand_cap=20 cand=42->20 pre=42 pick(must/bucket/top/rand)=1/4/11/4 depth0=10 depth=3 dlog=5 dper=2 sims=3464 loop=3444 gen_time=0 eval_time=0.018 best_avg=0.786151 best_move=6,1 leader=5 inc2=1 attack_w=0.2
DBG t=61 used=0.018 remain=0.677 turn_time=0.0178624 end_in=0.0178624 cand_pre=34 cand_cap=20 cand=34->20 pre=34 pick(must/bucket/top/rand)=1/5/10/4 depth0=10 depth=4 dlog=4 dper=2 sims=2408 loop=2388 gen_time=0 eval_time=0.018 best_avg=1.04932 best_move=3,2 leader=3 inc2=1 attack_w=0.2
DBG t=74 used=0.015 remain=0.479 turn_time=0.0142871 end_in=0.0142871 cand_pre=73 cand_cap=14 cand=73->14 pre=42 pick(must/bucket/top/rand)=1/6/4/3 depth0=11 depth=0 dlog=6 dper=5 sims=23262 loop=23248 gen_time=0 eval_time=0.015 best_avg=1.29418 best_move=1,3 leader=2 inc2=1 attack_w=0.2
DBG t=86 used=0.017 remain=0.289 turn_time=0.0161427 end_in=0.0161427 cand_pre=72 cand_cap=14 cand=72->14 pre=42 pick(must/bucket/top/rand)=1/6/4/3 depth0=11 depth=2 dlog=5 dper=4 sims=4142 loop=4128 gen_time=0 eval_time=0.017 best_avg=0.98108 best_move=4,0 leader=4 inc2=1 attack_w=0.2
DBG t=99 used=0.022 remain=0.036 turn_time=0.0216 end_in=0.0216 cand_pre=72 cand_cap=14 cand=72->14 pre=42 pick(must/bucket/top/rand)=1/6/4/3 depth0=0 depth=0 dlog=5 dper=3 sims=27206 loop=27192 gen_time=0 eval_time=0.022 best_avg=0.834013 best_move=7,1 leader=1 inc2=1 attack_w=0.2
DBG summary depth_guard_fired=0
Score = 238579
=== CASE 0104.txt ===
DBG hdr N=10 M=4 T=100 U=2 VMAX=2650 TIME_LIMIT=1.94 MAX_CAND=20 UCB_C=0.21
DBG t=0 used=0.024 remain=1.94 turn_time=0.0238717 end_in=0.0238717 cand_pre=3 cand_cap=20 cand=3->3 pre=3 pick(must/bucket/top/rand)=1/2/0/0 depth0=7 depth=6 dlog=1 dper=0 sims=5835 loop=5832 gen_time=0 eval_time=0.024 best_avg=-1.69094 best_move=1,0 leader=2 inc2=1 attack_w=0.85
DBG t=12 used=0.02 remain=1.672 turn_time=0.0194275 end_in=0.0194275 cand_pre=35 cand_cap=20 cand=35->20 pre=35 pick(must/bucket/top/rand)=1/5/10/4 depth0=7 depth=2 dlog=4 dper=1 sims=8944 loop=8924 gen_time=0 eval_time=0.02 best_avg=-1.25055 best_move=6,6 leader=2 inc2=0 attack_w=0.85
DBG t=24 used=0.019 remain=1.439 turn_time=0.0187449 end_in=0.0187449 cand_pre=40 cand_cap=20 cand=40->20 pre=40 pick(must/bucket/top/rand)=1/6/9/4 depth0=7 depth=0 dlog=5 dper=2 sims=35292 loop=35272 gen_time=0 eval_time=0.019 best_avg=-0.603167 best_move=6,4 leader=2 inc2=1 attack_w=0.2
DBG t=37 used=0.019 remain=1.192 turn_time=0.0184855 end_in=0.0184855 cand_pre=42 cand_cap=20 cand=42->20 pre=42 pick(must/bucket/top/rand)=1/7/8/4 depth0=10 depth=3 dlog=5 dper=2 sims=4176 loop=4156 gen_time=0 eval_time=0.019 best_avg=-0.821491 best_move=4,6 leader=3 inc2=1 attack_w=0.2
DBG t=49 used=0.021 remain=0.966 turn_time=0.0201061 end_in=0.0201061 cand_pre=29 cand_cap=20 cand=29->20 pre=29 pick(must/bucket/top/rand)=1/6/9/4 depth0=10 depth=5 dlog=4 dper=1 sims=3216 loop=3196 gen_time=0 eval_time=0.021 best_avg=-0.849597 best_move=5,3 leader=3 inc2=0 attack_w=0.2
DBG t=61 used=0.017 remain=0.732 turn_time=0.0169955 end_in=0.0169955 cand_pre=53 cand_cap=20 cand=53->20 pre=53 pick(must/bucket/top/rand)=1/8/7/4 depth0=10 depth=2 dlog=5 dper=3 sims=5684 loop=5664 gen_time=0 eval_time=0.017 best_avg=-0.74212 best_move=8,7 leader=3 inc2=1 attack_w=0.2
DBG t=74 used=0.017 remain=0.508 turn_time=0.0169301 end_in=0.0169301 cand_pre=59 cand_cap=20 cand=59->20 pre=59 pick(must/bucket/top/rand)=1/7/8/4 depth0=11 depth=2 dlog=5 dper=4 sims=5484 loop=5464 gen_time=0 eval_time=0.017 best_avg=-0.695498 best_move=5,0 leader=1 inc2=0 attack_w=0.2
DBG t=86 used=0.018 remain=0.294 turn_time=0.017787 end_in=0.017787 cand_pre=62 cand_cap=14 cand=62->14 pre=42 pick(must/bucket/top/rand)=1/8/2/3 depth0=11 depth=2 dlog=5 dper=4 sims=5610 loop=5596 gen_time=0 eval_time=0.018 best_avg=-0.577318 best_move=2,2 leader=1 inc2=1 attack_w=0.2
DBG t=99 used=0.02 remain=0.032 turn_time=0.0192 end_in=0.0192 cand_pre=62 cand_cap=14 cand=62->14 pre=42 pick(must/bucket/top/rand)=1/6/4/3 depth0=0 depth=0 dlog=5 dper=3 sims=49486 loop=49472 gen_time=0 eval_time=0.02 best_avg=-0.626692 best_move=5,7 leader=1 inc2=1 attack_w=0.2
DBG summary depth_guard_fired=0
Score = 131159
=== CASE 0102.txt ===
DBG hdr N=10 M=2 T=100 U=1 VMAX=1073 TIME_LIMIT=1.94 MAX_CAND=20 UCB_C=0.21
DBG t=0 used=0.024 remain=1.94 turn_time=0.0236195 end_in=0.0236195 cand_pre=5 cand_cap=20 cand=5->5 pre=5 pick(must/bucket/top/rand)=1/2/2/0 depth0=7 depth=5 dlog=2 dper=0 sims=9845 loop=9840 gen_time=0 eval_time=0.024 best_avg=-2.51078 best_move=3,8 leader=1 inc2=1 attack_w=0.447251
DBG t=12 used=0.021 remain=1.67 turn_time=0.0205144 end_in=0.0205144 cand_pre=26 cand_cap=20 cand=26->20 pre=26 pick(must/bucket/top/rand)=1/2/13/4 depth0=7 depth=3 dlog=4 dper=0 sims=7592 loop=7572 gen_time=0 eval_time=0.021 best_avg=-2.91475 best_move=4,6 leader=1 inc2=1 attack_w=0.318888
DBG t=24 used=0.018 remain=1.438 turn_time=0.017502 end_in=0.017502 cand_pre=50 cand_cap=20 cand=50->20 pre=50 pick(must/bucket/top/rand)=1/6/9/4 depth0=7 depth=0 dlog=5 dper=3 sims=47720 loop=47700 gen_time=0 eval_time=0.018 best_avg=-2.33869 best_move=8,8 leader=1 inc2=1 attack_w=0.2
DBG t=37 used=0.022 remain=1.172 turn_time=0.0213192 end_in=0.0213192 cand_pre=16 cand_cap=20 cand=16->16 pre=16 pick(must/bucket/top/rand)=1/6/9/0 depth0=10 depth=7 dlog=3 dper=0 sims=3180 loop=3164 gen_time=0 eval_time=0.022 best_avg=-2.07214 best_move=6,1 leader=1 inc2=1 attack_w=0.2
DBG t=49 used=0.021 remain=0.907 turn_time=0.0207276 end_in=0.0207276 cand_pre=13 cand_cap=20 cand=13->13 pre=13 pick(must/bucket/top/rand)=1/4/8/0 depth0=10 depth=7 dlog=3 dper=0 sims=3305 loop=3292 gen_time=0 eval_time=0.021 best_avg=-2.05416 best_move=9,3 leader=1 inc2=1 attack_w=0.2
DBG t=61 used=0.018 remain=0.67 turn_time=0.0171194 end_in=0.0171194 cand_pre=39 cand_cap=20 cand=39->20 pre=39 pick(must/bucket/top/rand)=1/5/10/4 depth0=10 depth=3 dlog=5 dper=2 sims=6548 loop=6528 gen_time=0 eval_time=0.018 best_avg=-1.83126 best_move=9,1 leader=1 inc2=1 attack_w=0.2
DBG t=74 used=0.019 remain=0.417 turn_time=0.0187971 end_in=0.0187971 cand_pre=12 cand_cap=20 cand=12->12 pre=12 pick(must/bucket/top/rand)=1/6/5/0 depth0=11 depth=8 dlog=3 dper=0 sims=1880 loop=1868 gen_time=0 eval_time=0.019 best_avg=-1.82751 best_move=1,3 leader=1 inc2=1 attack_w=0.2
DBG t=86 used=0.015 remain=0.214 turn_time=0.0142386 end_in=0.0142386 cand_pre=49 cand_cap=20 cand=49->20 pre=49 pick(must/bucket/top/rand)=1/6/9/4 depth0=11 depth=2 dlog=5 dper=4 sims=6172 loop=6152 gen_time=0 eval_time=0.015 best_avg=-1.63371 best_move=9,2 leader=1 inc2=1 attack_w=0.2
DBG depth_guard t=99 remain=0.011 cand_pre=33 depth0=0 depth=0
DBG t=99 used=0.007 remain=0.011 turn_time=0.0066 end_in=0.0066 cand_pre=33 cand_cap=12 cand=33->12 pre=33 pick(must/bucket/top/rand)=1/6/3/2 depth0=0 depth=0 dlog=4 dper=5 sims=17564 loop=17552 gen_time=0 eval_time=0.007 best_avg=-1.65681 best_move=6,1 leader=1 inc2=1 attack_w=0.2
DBG summary depth_guard_fired=1
Score = 210424
=== CASE 0105.txt ===
DBG hdr N=10 M=8 T=100 U=4 VMAX=1638 TIME_LIMIT=1.94 MAX_CAND=20 UCB_C=0.21
DBG t=0 used=0.024 remain=1.94 turn_time=0.0236195 end_in=0.0236195 cand_pre=5 cand_cap=20 cand=5->5 pre=5 pick(must/bucket/top/rand)=1/3/1/0 depth0=7 depth=5 dlog=2 dper=0 sims=4977 loop=4972 gen_time=0 eval_time=0.024 best_avg=-0.860573 best_move=1,1 leader=6 inc2=1 attack_w=0.85
DBG t=12 used=0.023 remain=1.657 turn_time=0.0221906 end_in=0.0221906 cand_pre=11 cand_cap=20 cand=11->11 pre=11 pick(must/bucket/top/rand)=1/3/7/0 depth0=7 depth=4 dlog=3 dper=0 sims=3583 loop=3572 gen_time=0 eval_time=0.023 best_avg=-0.780254 best_move=2,3 leader=6 inc2=1 attack_w=0.85
DBG t=24 used=0.021 remain=1.391 turn_time=0.0207369 end_in=0.0207369 cand_pre=18 cand_cap=20 cand=18->18 pre=18 pick(must/bucket/top/rand)=1/6/9/2 depth0=7 depth=3 dlog=4 dper=0 sims=3602 loop=3584 gen_time=0 eval_time=0.021 best_avg=-0.899084 best_move=2,4 leader=2 inc2=1 attack_w=0.85
DBG t=37 used=0.02 remain=1.116 turn_time=0.01984 end_in=0.01984 cand_pre=20 cand_cap=20 cand=20->20 pre=20 pick(must/bucket/top/rand)=1/6/9/4 depth0=10 depth=6 dlog=4 dper=0 sims=1844 loop=1824 gen_time=0 eval_time=0.02 best_avg=-0.644676 best_move=0,3 leader=2 inc2=1 attack_w=0.85
DBG t=49 used=0.019 remain=0.88 turn_time=0.0185404 end_in=0.0185404 cand_pre=27 cand_cap=20 cand=27->20 pre=27 pick(must/bucket/top/rand)=1/5/10/4 depth0=10 depth=5 dlog=4 dper=1 sims=1816 loop=1796 gen_time=0 eval_time=0.019 best_avg=-0.545284 best_move=1,6 leader=2 inc2=1 attack_w=0.85
DBG t=61 used=0.019 remain=0.655 turn_time=0.0181553 end_in=0.0181553 cand_pre=26 cand_cap=20 cand=26->20 pre=26 pick(must/bucket/top/rand)=1/5/10/4 depth0=10 depth=5 dlog=4 dper=1 sims=2032 loop=2012 gen_time=0 eval_time=0.019 best_avg=-0.54596 best_move=3,2 leader=2 inc2=1 attack_w=0.532556
DBG t=74 used=0.017 remain=0.424 turn_time=0.0168866 end_in=0.0168866 cand_pre=33 cand_cap=20 cand=33->20 pre=33 pick(must/bucket/top/rand)=1/7/8/4 depth0=11 depth=5 dlog=4 dper=2 sims=1760 loop=1740 gen_time=0 eval_time=0.017 best_avg=-0.518164 best_move=0,7 leader=2 inc2=1 attack_w=0.435044
DBG t=86 used=0.016 remain=0.221 turn_time=0.0158331 end_in=0.0158331 cand_pre=38 cand_cap=20 cand=38->20 pre=38 pick(must/bucket/top/rand)=1/5/10/4 depth0=11 depth=4 dlog=5 dper=2 sims=1924 loop=1904 gen_time=0 eval_time=0.016 best_avg=-0.443281 best_move=0,9 leader=2 inc2=1 attack_w=0.245008
DBG depth_guard t=99 remain=0.014 cand_pre=37 depth0=0 depth=0
DBG t=99 used=0.009 remain=0.014 turn_time=0.0084 end_in=0.0084 cand_pre=37 cand_cap=14 cand=37->14 pre=37 pick(must/bucket/top/rand)=1/5/5/3 depth0=0 depth=0 dlog=5 dper=4 sims=7870 loop=7856 gen_time=0 eval_time=0.009 best_avg=-0.38039 best_move=1,4 leader=6 inc2=1 attack_w=0.2
DBG summary depth_guard_fired=1
Score = 104093
=== CASE 0106.txt ===
DBG hdr N=10 M=4 T=100 U=2 VMAX=2254 TIME_LIMIT=1.94 MAX_CAND=20 UCB_C=0.21
DBG t=0 used=0.024 remain=1.94 turn_time=0.0237456 end_in=0.0237456 cand_pre=4 cand_cap=20 cand=4->4 pre=4 pick(must/bucket/top/rand)=1/2/1/0 depth0=7 depth=6 dlog=1 dper=0 sims=5692 loop=5688 gen_time=0 eval_time=0.024 best_avg=-0.741509 best_move=5,0 leader=3 inc2=1 attack_w=0.13
DBG t=12 used=0.022 remain=1.66 turn_time=0.021863 end_in=0.021863 cand_pre=14 cand_cap=20 cand=14->14 pre=14 pick(must/bucket/top/rand)=1/4/9/0 depth0=7 depth=4 dlog=3 dper=0 sims=5726 loop=5712 gen_time=0 eval_time=0.022 best_avg=-0.659225 best_move=6,0 leader=3 inc2=0 attack_w=0.2
DBG t=24 used=0.021 remain=1.4 turn_time=0.0207513 end_in=0.0207513 cand_pre=19 cand_cap=20 cand=19->19 pre=19 pick(must/bucket/top/rand)=1/3/12/3 depth0=7 depth=3 dlog=4 dper=0 sims=6327 loop=6308 gen_time=0 eval_time=0.021 best_avg=-0.475306 best_move=6,0 leader=3 inc2=1 attack_w=0.2
DBG t=37 used=0.02 remain=1.132 turn_time=0.0197741 end_in=0.0197741 cand_pre=23 cand_cap=20 cand=23->20 pre=23 pick(must/bucket/top/rand)=1/3/12/4 depth0=10 depth=6 dlog=4 dper=0 sims=2812 loop=2792 gen_time=0 eval_time=0.02 best_avg=-0.505034 best_move=8,0 leader=1 inc2=1 attack_w=0.2
DBG t=49 used=0.02 remain=0.892 turn_time=0.0191343 end_in=0.0191343 cand_pre=24 cand_cap=20 cand=24->20 pre=24 pick(must/bucket/top/rand)=1/4/11/4 depth0=10 depth=6 dlog=4 dper=0 sims=2600 loop=2580 gen_time=0 eval_time=0.02 best_avg=-0.621313 best_move=7,1 leader=1 inc2=0 attack_w=0.2
DBG t=61 used=0.018 remain=0.663 turn_time=0.0178245 end_in=0.0178245 cand_pre=31 cand_cap=20 cand=31->20 pre=31 pick(must/bucket/top/rand)=1/5/10/4 depth0=10 depth=5 dlog=4 dper=1 sims=2484 loop=2464 gen_time=0 eval_time=0.018 best_avg=-0.504681 best_move=8,1 leader=1 inc2=0 attack_w=0.2
DBG t=74 used=0.017 remain=0.429 turn_time=0.016764 end_in=0.016764 cand_pre=36 cand_cap=20 cand=36->20 pre=36 pick(must/bucket/top/rand)=1/7/8/4 depth0=11 depth=4 dlog=5 dper=2 sims=2752 loop=2732 gen_time=0 eval_time=0.017 best_avg=-0.230675 best_move=2,3 leader=1 inc2=0 attack_w=0.2
DBG t=86 used=0.017 remain=0.225 turn_time=0.0162241 end_in=0.0162241 cand_pre=37 cand_cap=20 cand=37->20 pre=37 pick(must/bucket/top/rand)=1/8/7/4 depth0=11 depth=4 dlog=5 dper=2 sims=2728 loop=2708 gen_time=0 eval_time=0.017 best_avg=-0.219502 best_move=2,2 leader=1 inc2=0 attack_w=0.2
DBG depth_guard t=99 remain=0.014 cand_pre=38 depth0=0 depth=0
DBG t=99 used=0.009 remain=0.014 turn_time=0.0084 end_in=0.0084 cand_pre=38 cand_cap=14 cand=38->14 pre=38 pick(must/bucket/top/rand)=1/7/3/3 depth0=0 depth=0 dlog=5 dper=4 sims=11414 loop=11400 gen_time=0 eval_time=0.009 best_avg=-0.422132 best_move=8,3 leader=2 inc2=1 attack_w=0.2
DBG summary depth_guard_fired=1
Score = 149245
=== CASE 0107.txt ===
DBG hdr N=10 M=7 T=100 U=4 VMAX=1471 TIME_LIMIT=1.94 MAX_CAND=20 UCB_C=0.21
DBG t=0 used=0.024 remain=1.94 turn_time=0.0237456 end_in=0.0237456 cand_pre=4 cand_cap=20 cand=4->4 pre=4 pick(must/bucket/top/rand)=1/2/1/0 depth0=7 depth=6 dlog=1 dper=0 sims=4424 loop=4420 gen_time=0 eval_time=0.024 best_avg=-0.798382 best_move=2,2 leader=3 inc2=1 attack_w=0.85
DBG t=12 used=0.023 remain=1.659 turn_time=0.0224625 end_in=0.0224625 cand_pre=9 cand_cap=20 cand=9->9 pre=9 pick(must/bucket/top/rand)=1/5/3/0 depth0=7 depth=4 dlog=3 dper=0 sims=3945 loop=3936 gen_time=0 eval_time=0.023 best_avg=-1.29761 best_move=3,4 leader=5 inc2=1 attack_w=0.85
DBG t=24 used=0.022 remain=1.385 turn_time=0.0212397 end_in=0.0212397 cand_pre=13 cand_cap=20 cand=13->13 pre=13 pick(must/bucket/top/rand)=1/6/6/0 depth0=7 depth=4 dlog=3 dper=0 sims=3173 loop=3160 gen_time=0 eval_time=0.022 best_avg=-1.23461 best_move=4,4 leader=5 inc2=1 attack_w=0.85
DBG t=37 used=0.021 remain=1.105 turn_time=0.0205565 end_in=0.0205565 cand_pre=12 cand_cap=20 cand=12->12 pre=12 pick(must/bucket/top/rand)=1/7/4/0 depth0=10 depth=7 dlog=3 dper=0 sims=1532 loop=1520 gen_time=0 eval_time=0.021 best_avg=-1.25603 best_move=3,4 leader=4 inc2=1 attack_w=0.85
DBG t=49 used=0.02 remain=0.859 turn_time=0.0190833 end_in=0.0190833 cand_pre=18 cand_cap=20 cand=18->18 pre=18 pick(must/bucket/top/rand)=1/6/9/2 depth0=10 depth=6 dlog=4 dper=0 sims=1858 loop=1840 gen_time=0 eval_time=0.02 best_avg=-1.21095 best_move=3,4 leader=4 inc2=1 attack_w=0.85
DBG t=61 used=0.019 remain=0.629 turn_time=0.0180636 end_in=0.0180636 cand_pre=20 cand_cap=20 cand=20->20 pre=20 pick(must/bucket/top/rand)=1/6/9/4 depth0=10 depth=6 dlog=4 dper=0 sims=1836 loop=1816 gen_time=0 eval_time=0.019 best_avg=-1.10288 best_move=6,4 leader=4 inc2=1 attack_w=0.85
DBG t=74 used=0.018 remain=0.395 turn_time=0.0170154 end_in=0.0170154 cand_pre=20 cand_cap=20 cand=20->20 pre=20 pick(must/bucket/top/rand)=1/6/9/4 depth0=11 depth=7 dlog=4 dper=0 sims=1536 loop=1516 gen_time=0 eval_time=0.018 best_avg=-0.916236 best_move=2,4 leader=3 inc2=1 attack_w=0.85
DBG t=86 used=0.016 remain=0.196 turn_time=0.015043 end_in=0.015043 cand_pre=27 cand_cap=20 cand=27->20 pre=27 pick(must/bucket/top/rand)=1/6/9/4 depth0=11 depth=6 dlog=4 dper=1 sims=1688 loop=1668 gen_time=0 eval_time=0.016 best_avg=-0.89905 best_move=5,2 leader=3 inc2=1 attack_w=0.85
DBG depth_guard t=99 remain=0.01 cand_pre=34 depth0=0 depth=0
DBG t=99 used=0.007 remain=0.01 turn_time=0.006 end_in=0.006 cand_pre=34 cand_cap=12 cand=34->12 pre=34 pick(must/bucket/top/rand)=1/6/3/2 depth0=0 depth=0 dlog=4 dper=5 sims=7884 loop=7872 gen_time=0 eval_time=0.007 best_avg=-0.926056 best_move=5,7 leader=3 inc2=1 attack_w=0.85
DBG summary depth_guard_fired=1
Score = 75475
=== CASE 0108.txt ===
DBG hdr N=10 M=5 T=100 U=5 VMAX=1062 TIME_LIMIT=1.94 MAX_CAND=20 UCB_C=0.21
DBG t=0 used=0.024 remain=1.94 turn_time=0.0237456 end_in=0.0237456 cand_pre=4 cand_cap=20 cand=4->4 pre=4 pick(must/bucket/top/rand)=1/2/1/0 depth0=7 depth=6 dlog=1 dper=0 sims=5084 loop=5080 gen_time=0 eval_time=0.024 best_avg=-0.730686 best_move=9,4 leader=4 inc2=1 attack_w=0.2348
DBG t=12 used=0.022 remain=1.661 turn_time=0.02114 end_in=0.02114 cand_pre=20 cand_cap=20 cand=20->20 pre=20 pick(must/bucket/top/rand)=1/6/9/4 depth0=7 depth=3 dlog=4 dper=0 sims=5736 loop=5716 gen_time=0 eval_time=0.022 best_avg=-0.711686 best_move=8,5 leader=1 inc2=1 attack_w=0.288188
DBG t=24 used=0.02 remain=1.412 turn_time=0.0198423 end_in=0.0198423 cand_pre=28 cand_cap=20 cand=28->20 pre=28 pick(must/bucket/top/rand)=1/7/8/4 depth0=7 depth=2 dlog=4 dper=1 sims=4640 loop=4620 gen_time=0 eval_time=0.02 best_avg=-0.624975 best_move=6,2 leader=3 inc2=1 attack_w=0.2
DBG t=37 used=0.02 remain=1.149 turn_time=0.0190041 end_in=0.0190041 cand_pre=32 cand_cap=20 cand=32->20 pre=32 pick(must/bucket/top/rand)=1/8/7/4 depth0=10 depth=5 dlog=4 dper=1 sims=2104 loop=2084 gen_time=0 eval_time=0.02 best_avg=-0.724674 best_move=3,5 leader=2 inc2=1 attack_w=0.289746
DBG t=49 used=0.018 remain=0.929 turn_time=0.0176783 end_in=0.0176783 cand_pre=43 cand_cap=20 cand=43->20 pre=43 pick(must/bucket/top/rand)=1/8/7/4 depth0=10 depth=3 dlog=5 dper=2 sims=2812 loop=2792 gen_time=0 eval_time=0.018 best_avg=-0.567807 best_move=7,9 leader=2 inc2=1 attack_w=0.2
DBG t=61 used=0.019 remain=0.708 turn_time=0.0186803 end_in=0.0186803 cand_pre=34 cand_cap=20 cand=34->20 pre=34 pick(must/bucket/top/rand)=1/6/9/4 depth0=10 depth=4 dlog=4 dper=2 sims=2260 loop=2240 gen_time=0 eval_time=0.019 best_avg=-0.687729 best_move=5,9 leader=3 inc2=1 attack_w=0.2
DBG t=74 used=0.021 remain=0.455 turn_time=0.020965 end_in=0.020965 cand_pre=8 cand_cap=20 cand=8->8 pre=8 pick(must/bucket/top/rand)=1/4/3/0 depth0=11 depth=9 dlog=2 dper=0 sims=1136 loop=1128 gen_time=0 eval_time=0.021 best_avg=-0.792695 best_move=4,4 leader=3 inc2=1 attack_w=0.314268
DBG t=86 used=0.018 remain=0.246 turn_time=0.0170531 end_in=0.0170531 cand_pre=43 cand_cap=20 cand=43->20 pre=43 pick(must/bucket/top/rand)=1/4/11/4 depth0=11 depth=3 dlog=5 dper=3 sims=2868 loop=2848 gen_time=0 eval_time=0.018 best_avg=-0.903015 best_move=6,4 leader=3 inc2=1 attack_w=0.589729
DBG depth_guard t=99 remain=0.018 cand_pre=40 depth0=0 depth=0
DBG t=99 used=0.011 remain=0.018 turn_time=0.0108 end_in=0.0108 cand_pre=40 cand_cap=14 cand=40->14 pre=40 pick(must/bucket/top/rand)=1/4/6/3 depth0=0 depth=0 dlog=5 dper=4 sims=9650 loop=9636 gen_time=0 eval_time=0.011 best_avg=-0.967428 best_move=8,5 leader=3 inc2=1 attack_w=0.631822
DBG summary depth_guard_fired=1
Score = 88335
=== CASE 0111.txt ===
DBG hdr N=10 M=2 T=100 U=1 VMAX=2340 TIME_LIMIT=1.94 MAX_CAND=20 UCB_C=0.21
DBG t=0 used=0.024 remain=1.94 turn_time=0.0238717 end_in=0.0238717 cand_pre=3 cand_cap=20 cand=3->3 pre=3 pick(must/bucket/top/rand)=1/2/0/0 depth0=7 depth=6 dlog=1 dper=0 sims=9323 loop=9320 gen_time=0 eval_time=0.024 best_avg=-2.53415 best_move=6,1 leader=1 inc2=1 attack_w=0.13
DBG t=12 used=0.021 remain=1.668 turn_time=0.0208595 end_in=0.0208595 cand_pre=23 cand_cap=20 cand=23->20 pre=23 pick(must/bucket/top/rand)=1/6/9/4 depth0=7 depth=3 dlog=4 dper=0 sims=11648 loop=11628 gen_time=0 eval_time=0.021 best_avg=-2.42036 best_move=5,3 leader=1 inc2=1 attack_w=0.2
DBG t=24 used=0.02 remain=1.421 turn_time=0.0192396 end_in=0.0192396 cand_pre=34 cand_cap=20 cand=34->20 pre=34 pick(must/bucket/top/rand)=1/4/11/4 depth0=7 depth=2 dlog=4 dper=1 sims=14132 loop=14112 gen_time=0 eval_time=0.02 best_avg=-2.12577 best_move=6,8 leader=1 inc2=1 attack_w=0.2
DBG t=37 used=0.018 remain=1.179 turn_time=0.0176756 end_in=0.0176756 cand_pre=47 cand_cap=20 cand=47->20 pre=47 pick(must/bucket/top/rand)=1/4/11/4 depth0=10 depth=2 dlog=5 dper=3 sims=10668 loop=10648 gen_time=0 eval_time=0.018 best_avg=-1.4097 best_move=9,6 leader=1 inc2=1 attack_w=0.2
DBG t=49 used=0.018 remain=0.963 turn_time=0.0172207 end_in=0.0172207 cand_pre=52 cand_cap=20 cand=52->20 pre=52 pick(must/bucket/top/rand)=1/5/10/4 depth0=10 depth=2 dlog=5 dper=3 sims=9628 loop=9608 gen_time=0 eval_time=0.018 best_avg=-0.95816 best_move=6,9 leader=1 inc2=1 attack_w=0.2
DBG t=61 used=0.018 remain=0.747 turn_time=0.0174683 end_in=0.0174683 cand_pre=52 cand_cap=20 cand=52->20 pre=52 pick(must/bucket/top/rand)=1/5/10/4 depth0=10 depth=2 dlog=5 dper=3 sims=9364 loop=9344 gen_time=0 eval_time=0.018 best_avg=-0.61022 best_move=7,4 leader=1 inc2=1 attack_w=0.2
DBG t=74 used=0.018 remain=0.513 turn_time=0.017225 end_in=0.017225 cand_pre=58 cand_cap=20 cand=58->20 pre=58 pick(must/bucket/top/rand)=1/6/9/4 depth0=11 depth=2 dlog=5 dper=4 sims=8576 loop=8556 gen_time=0 eval_time=0.018 best_avg=-0.285009 best_move=9,1 leader=1 inc2=1 attack_w=0.2
DBG t=86 used=0.019 remain=0.296 turn_time=0.0181829 end_in=0.0181829 cand_pre=60 cand_cap=20 cand=60->20 pre=60 pick(must/bucket/top/rand)=1/5/10/4 depth0=11 depth=3 dlog=5 dper=3 sims=7972 loop=7952 gen_time=0 eval_time=0.019 best_avg=-0.376017 best_move=7,2 leader=1 inc2=1 attack_w=0.2
DBG t=99 used=0.017 remain=0.027 turn_time=0.0162 end_in=0.0162 cand_pre=60 cand_cap=20 cand=60->20 pre=60 pick(must/bucket/top/rand)=1/4/11/4 depth0=0 depth=0 dlog=5 dper=4 sims=62640 loop=62620 gen_time=0 eval_time=0.017 best_avg=-0.335118 best_move=9,4 leader=1 inc2=1 attack_w=0.2
DBG summary depth_guard_fired=0
Score = 347251
=== CASE 0109.txt ===
DBG hdr N=10 M=8 T=100 U=4 VMAX=2107 TIME_LIMIT=1.94 MAX_CAND=20 UCB_C=0.21
DBG t=0 used=0.024 remain=1.94 turn_time=0.0237456 end_in=0.0237456 cand_pre=4 cand_cap=20 cand=4->4 pre=4 pick(must/bucket/top/rand)=1/2/1/0 depth0=7 depth=6 dlog=1 dper=0 sims=3396 loop=3392 gen_time=0 eval_time=0.024 best_avg=-0.676112 best_move=9,4 leader=5 inc2=1 attack_w=0.697626
DBG t=12 used=0.023 remain=1.659 turn_time=0.0228301 end_in=0.0228301 cand_pre=6 cand_cap=20 cand=6->6 pre=6 pick(must/bucket/top/rand)=1/5/0/0 depth0=7 depth=5 dlog=2 dper=0 sims=3594 loop=3588 gen_time=0 eval_time=0.023 best_avg=-0.565835 best_move=7,0 leader=7 inc2=1 attack_w=0.294034
DBG t=24 used=0.022 remain=1.389 turn_time=0.0211822 end_in=0.0211822 cand_pre=14 cand_cap=20 cand=14->14 pre=14 pick(must/bucket/top/rand)=1/6/7/0 depth0=7 depth=4 dlog=3 dper=0 sims=3706 loop=3692 gen_time=0 eval_time=0.022 best_avg=-0.669677 best_move=8,1 leader=7 inc2=1 attack_w=0.724625
DBG t=37 used=0.021 remain=1.109 turn_time=0.0206309 end_in=0.0206309 cand_pre=12 cand_cap=20 cand=12->12 pre=12 pick(must/bucket/top/rand)=1/5/6/0 depth0=10 depth=7 dlog=3 dper=0 sims=1796 loop=1784 gen_time=0 eval_time=0.021 best_avg=-0.518882 best_move=8,1 leader=7 inc2=1 attack_w=0.672902
DBG t=49 used=0.021 remain=0.857 turn_time=0.0200219 end_in=0.0200219 cand_pre=9 cand_cap=20 cand=9->9 pre=9 pick(must/bucket/top/rand)=1/4/4/0 depth0=10 depth=7 dlog=3 dper=0 sims=1817 loop=1808 gen_time=0 eval_time=0.021 best_avg=-0.530736 best_move=8,0 leader=7 inc2=1 attack_w=0.493549
DBG t=61 used=0.019 remain=0.618 turn_time=0.0185717 end_in=0.0185717 cand_pre=12 cand_cap=20 cand=12->12 pre=12 pick(must/bucket/top/rand)=1/4/7/0 depth0=10 depth=7 dlog=3 dper=0 sims=1524 loop=1512 gen_time=0 eval_time=0.019 best_avg=-0.426933 best_move=9,3 leader=7 inc2=1 attack_w=0.449819
DBG t=74 used=0.017 remain=0.379 turn_time=0.0167999 end_in=0.0167999 cand_pre=15 cand_cap=20 cand=15->15 pre=15 pick(must/bucket/top/rand)=1/3/11/0 depth0=11 depth=8 dlog=3 dper=0 sims=1463 loop=1448 gen_time=0 eval_time=0.017 best_avg=-0.428026 best_move=7,2 leader=4 inc2=1 attack_w=0.320263
DBG t=86 used=0.015 remain=0.181 turn_time=0.0149002 end_in=0.0149002 cand_pre=15 cand_cap=20 cand=15->15 pre=15 pick(must/bucket/top/rand)=1/4/10/0 depth0=11 depth=6 dlog=3 dper=0 sims=1343 loop=1328 gen_time=0 eval_time=0.015 best_avg=-0.371717 best_move=9,4 leader=6 inc2=1 attack_w=0.2
DBG depth_guard t=98 remain=0.018 cand_pre=21 depth0=1 depth=0
DBG depth_guard t=99 remain=0.007 cand_pre=21 depth0=0 depth=0
DBG t=99 used=0.005 remain=0.007 turn_time=0.0042 end_in=0.0042 cand_pre=21 cand_cap=12 cand=21->12 pre=21 pick(must/bucket/top/rand)=1/4/5/2 depth0=0 depth=0 dlog=4 dper=5 sims=4060 loop=4048 gen_time=0 eval_time=0.005 best_avg=-0.221593 best_move=7,2 leader=4 inc2=1 attack_w=0.2
DBG summary depth_guard_fired=2
Score = 118309
=== CASE 0110.txt ===
DBG hdr N=10 M=4 T=100 U=4 VMAX=2343 TIME_LIMIT=1.94 MAX_CAND=20 UCB_C=0.21
DBG t=0 used=0.024 remain=1.94 turn_time=0.0236195 end_in=0.0236195 cand_pre=5 cand_cap=20 cand=5->5 pre=5 pick(must/bucket/top/rand)=1/2/2/0 depth0=7 depth=5 dlog=2 dper=0 sims=6585 loop=6580 gen_time=0 eval_time=0.024 best_avg=-1.37549 best_move=3,4 leader=3 inc2=1 attack_w=0.85
DBG t=12 used=0.022 remain=1.662 turn_time=0.0218893 end_in=0.0218893 cand_pre=14 cand_cap=20 cand=14->14 pre=14 pick(must/bucket/top/rand)=1/7/6/0 depth0=7 depth=4 dlog=3 dper=0 sims=6094 loop=6080 gen_time=0 eval_time=0.022 best_avg=-0.909579 best_move=2,8 leader=3 inc2=1 attack_w=0.85
DBG t=24 used=0.022 remain=1.393 turn_time=0.0214815 end_in=0.0214815 cand_pre=12 cand_cap=20 cand=12->12 pre=12 pick(must/bucket/top/rand)=1/4/7/0 depth0=7 depth=4 dlog=3 dper=0 sims=6112 loop=6100 gen_time=0 eval_time=0.022 best_avg=-1.21507 best_move=3,8 leader=1 inc2=1 attack_w=0.474008
DBG t=37 used=0.021 remain=1.117 turn_time=0.020434 end_in=0.020434 cand_pre=15 cand_cap=20 cand=15->15 pre=15 pick(must/bucket/top/rand)=1/4/10/0 depth0=10 depth=7 dlog=3 dper=0 sims=2863 loop=2848 gen_time=0 eval_time=0.021 best_avg=-0.956276 best_move=3,8 leader=1 inc2=0 attack_w=0.2
DBG t=49 used=0.02 remain=0.868 turn_time=0.0197257 end_in=0.0197257 cand_pre=14 cand_cap=20 cand=14->14 pre=14 pick(must/bucket/top/rand)=1/4/9/0 depth0=10 depth=7 dlog=3 dper=0 sims=2230 loop=2216 gen_time=0 eval_time=0.02 best_avg=-1.05544 best_move=2,9 leader=1 inc2=0 attack_w=0.221761
DBG t=61 used=0.019 remain=0.631 turn_time=0.018752 end_in=0.018752 cand_pre=14 cand_cap=20 cand=14->14 pre=14 pick(must/bucket/top/rand)=1/3/10/0 depth0=10 depth=7 dlog=3 dper=0 sims=1918 loop=1904 gen_time=0 eval_time=0.019 best_avg=-1.15099 best_move=3,8 leader=1 inc2=0 attack_w=0.383622
DBG t=74 used=0.018 remain=0.389 turn_time=0.0172432 end_in=0.0172432 cand_pre=15 cand_cap=20 cand=15->15 pre=15 pick(must/bucket/top/rand)=1/4/10/0 depth0=11 depth=8 dlog=3 dper=0 sims=1455 loop=1440 gen_time=0 eval_time=0.018 best_avg=-1.19734 best_move=4,9 leader=1 inc2=0 attack_w=0.505922
DBG t=86 used=0.016 remain=0.186 turn_time=0.0153118 end_in=0.0153118 cand_pre=15 cand_cap=20 cand=15->15 pre=15 pick(must/bucket/top/rand)=1/3/11/0 depth0=11 depth=6 dlog=3 dper=0 sims=1811 loop=1796 gen_time=0 eval_time=0.016 best_avg=-1.18561 best_move=1,8 leader=1 inc2=0 attack_w=0.345793
DBG depth_guard t=98 remain=0.017 cand_pre=16 depth0=1 depth=0
DBG depth_guard t=99 remain=0.007 cand_pre=15 depth0=0 depth=0
DBG t=99 used=0.005 remain=0.007 turn_time=0.0042 end_in=0.0042 cand_pre=15 cand_cap=12 cand=15->12 pre=15 pick(must/bucket/top/rand)=1/2/7/2 depth0=0 depth=0 dlog=3 dper=4 sims=6040 loop=6028 gen_time=0 eval_time=0.005 best_avg=-1.16621 best_move=4,8 leader=1 inc2=0 attack_w=0.374648
DBG summary depth_guard_fired=2
Score = 97721
=== CASE 0112.txt ===
DBG hdr N=10 M=8 T=100 U=4 VMAX=1508 TIME_LIMIT=1.94 MAX_CAND=20 UCB_C=0.21
DBG t=0 used=0.024 remain=1.94 turn_time=0.0236195 end_in=0.0236195 cand_pre=5 cand_cap=20 cand=5->5 pre=5 pick(must/bucket/top/rand)=1/2/2/0 depth0=7 depth=5 dlog=2 dper=0 sims=4709 loop=4704 gen_time=0 eval_time=0.024 best_avg=-0.685933 best_move=8,6 leader=1 inc2=1 attack_w=0.85
DBG t=12 used=0.022 remain=1.665 turn_time=0.0213139 end_in=0.0213139 cand_pre=19 cand_cap=20 cand=19->19 pre=19 pick(must/bucket/top/rand)=1/6/9/3 depth0=7 depth=3 dlog=4 dper=0 sims=5059 loop=5040 gen_time=0 eval_time=0.022 best_avg=-0.43243 best_move=5,7 leader=1 inc2=1 attack_w=0.411375
DBG t=24 used=0.022 remain=1.406 turn_time=0.0215617 end_in=0.0215618 cand_pre=13 cand_cap=20 cand=13->13 pre=13 pick(must/bucket/top/rand)=1/5/7/0 depth0=7 depth=4 dlog=3 dper=0 sims=2889 loop=2876 gen_time=0 eval_time=0.022 best_avg=-0.735939 best_move=6,7 leader=5 inc2=1 attack_w=0.85
DBG t=37 used=0.021 remain=1.126 turn_time=0.0203663 end_in=0.0203663 cand_pre=17 cand_cap=20 cand=17->17 pre=17 pick(must/bucket/top/rand)=1/6/9/1 depth0=10 depth=7 dlog=3 dper=0 sims=1525 loop=1508 gen_time=0 eval_time=0.021 best_avg=-0.625882 best_move=5,8 leader=1 inc2=1 attack_w=0.746272
DBG t=49 used=0.02 remain=0.881 turn_time=0.0193475 end_in=0.0193475 cand_pre=20 cand_cap=20 cand=20->20 pre=20 pick(must/bucket/top/rand)=1/6/9/4 depth0=10 depth=6 dlog=4 dper=0 sims=1804 loop=1784 gen_time=0 eval_time=0.02 best_avg=-0.587264 best_move=4,8 leader=1 inc2=1 attack_w=0.485751
DBG t=61 used=0.018 remain=0.65 turn_time=0.0176917 end_in=0.0176917 cand_pre=29 cand_cap=20 cand=29->20 pre=29 pick(must/bucket/top/rand)=1/7/8/4 depth0=10 depth=5 dlog=4 dper=1 sims=1736 loop=1716 gen_time=0 eval_time=0.018 best_avg=-0.449153 best_move=4,7 leader=1 inc2=1 attack_w=0.238954
DBG t=74 used=0.018 remain=0.416 turn_time=0.0174 end_in=0.0174 cand_pre=25 cand_cap=20 cand=25->20 pre=25 pick(must/bucket/top/rand)=1/5/10/4 depth0=11 depth=6 dlog=4 dper=1 sims=1552 loop=1532 gen_time=0 eval_time=0.018 best_avg=-0.408023 best_move=4,7 leader=6 inc2=1 attack_w=0.2
DBG t=86 used=0.016 remain=0.211 turn_time=0.0157044 end_in=0.0157044 cand_pre=32 cand_cap=20 cand=32->20 pre=32 pick(must/bucket/top/rand)=1/5/10/4 depth0=11 depth=5 dlog=4 dper=2 sims=1596 loop=1576 gen_time=0 eval_time=0.016 best_avg=-0.442634 best_move=7,7 leader=1 inc2=1 attack_w=0.231255
DBG depth_guard t=99 remain=0.011 cand_pre=32 depth0=0 depth=0
DBG t=99 used=0.007 remain=0.011 turn_time=0.0066 end_in=0.0066 cand_pre=32 cand_cap=12 cand=32->12 pre=32 pick(must/bucket/top/rand)=1/5/4/2 depth0=0 depth=0 dlog=4 dper=5 sims=6136 loop=6124 gen_time=0 eval_time=0.007 best_avg=-0.367478 best_move=6,3 leader=1 inc2=1 attack_w=0.2
DBG summary depth_guard_fired=1
Score = 107426
=== CASE 0113.txt ===
DBG hdr N=10 M=2 T=100 U=5 VMAX=2124 TIME_LIMIT=1.94 MAX_CAND=20 UCB_C=0.21
DBG t=0 used=0.024 remain=1.94 turn_time=0.0236195 end_in=0.0236195 cand_pre=5 cand_cap=20 cand=5->5 pre=5 pick(must/bucket/top/rand)=1/3/1/0 depth0=7 depth=5 dlog=2 dper=0 sims=11257 loop=11252 gen_time=0 eval_time=0.024 best_avg=-2.07403 best_move=4,4 leader=1 inc2=1 attack_w=0.13
DBG t=12 used=0.023 remain=1.659 turn_time=0.0222174 end_in=0.0222174 cand_pre=11 cand_cap=20 cand=11->11 pre=11 pick(must/bucket/top/rand)=1/4/6/0 depth0=7 depth=4 dlog=3 dper=0 sims=12087 loop=12076 gen_time=0 eval_time=0.023 best_avg=-1.3631 best_move=3,5 leader=1 inc2=1 attack_w=0.2
DBG t=24 used=0.022 remain=1.393 turn_time=0.0211241 end_in=0.0211241 cand_pre=15 cand_cap=20 cand=15->15 pre=15 pick(must/bucket/top/rand)=1/6/8/0 depth0=7 depth=4 dlog=3 dper=0 sims=9547 loop=9532 gen_time=0 eval_time=0.022 best_avg=-1.50939 best_move=4,4 leader=1 inc2=1 attack_w=0.2
DBG t=37 used=0.021 remain=1.119 turn_time=0.0202397 end_in=0.0202397 cand_pre=17 cand_cap=20 cand=17->17 pre=17 pick(must/bucket/top/rand)=1/6/9/1 depth0=10 depth=7 dlog=3 dper=0 sims=4085 loop=4068 gen_time=0 eval_time=0.021 best_avg=-1.13424 best_move=2,5 leader=1 inc2=1 attack_w=0.2
DBG t=49 used=0.02 remain=0.877 turn_time=0.0192596 end_in=0.0192596 cand_pre=20 cand_cap=20 cand=20->20 pre=20 pick(must/bucket/top/rand)=1/8/7/4 depth0=10 depth=6 dlog=4 dper=0 sims=4816 loop=4796 gen_time=0 eval_time=0.02 best_avg=-0.83025 best_move=3,8 leader=1 inc2=1 attack_w=0.2
DBG t=61 used=0.018 remain=0.65 turn_time=0.0172583 end_in=0.0172583 cand_pre=33 cand_cap=20 cand=33->20 pre=33 pick(must/bucket/top/rand)=1/8/7/4 depth0=10 depth=4 dlog=4 dper=2 sims=6184 loop=6164 gen_time=0 eval_time=0.018 best_avg=-0.210273 best_move=2,5 leader=1 inc2=1 attack_w=0.2
DBG t=74 used=0.017 remain=0.423 turn_time=0.016318 end_in=0.016318 cand_pre=38 cand_cap=20 cand=38->20 pre=38 pick(must/bucket/top/rand)=1/6/9/4 depth0=11 depth=4 dlog=5 dper=2 sims=5376 loop=5356 gen_time=0 eval_time=0.017 best_avg=-0.661847 best_move=6,6 leader=1 inc2=1 attack_w=0.2
DBG t=86 used=0.016 remain=0.227 turn_time=0.0158414 end_in=0.0158414 cand_pre=42 cand_cap=20 cand=42->20 pre=42 pick(must/bucket/top/rand)=1/6/9/4 depth0=11 depth=3 dlog=5 dper=3 sims=6736 loop=6716 gen_time=0 eval_time=0.016 best_avg=-0.180839 best_move=0,4 leader=1 inc2=1 attack_w=0.2
DBG depth_guard t=99 remain=0.017 cand_pre=49 depth0=0 depth=0
DBG t=99 used=0.011 remain=0.017 turn_time=0.0102 end_in=0.0102 cand_pre=49 cand_cap=14 cand=49->14 pre=42 pick(must/bucket/top/rand)=1/5/5/3 depth0=0 depth=0 dlog=5 dper=5 sims=43822 loop=43808 gen_time=0 eval_time=0.011 best_avg=-0.444037 best_move=8,7 leader=1 inc2=1 attack_w=0.2
DBG summary depth_guard_fired=1
Score = 315219
=== CASE 0114.txt ===
DBG hdr N=10 M=7 T=100 U=1 VMAX=2188 TIME_LIMIT=1.94 MAX_CAND=20 UCB_C=0.21
DBG t=0 used=0.024 remain=1.94 turn_time=0.0237456 end_in=0.0237456 cand_pre=4 cand_cap=20 cand=4->4 pre=4 pick(must/bucket/top/rand)=1/2/1/0 depth0=7 depth=6 dlog=1 dper=0 sims=3524 loop=3520 gen_time=0 eval_time=0.024 best_avg=-1.55942 best_move=8,1 leader=5 inc2=1 attack_w=0.85
DBG t=12 used=0.023 remain=1.667 turn_time=0.0228171 end_in=0.0228171 cand_pre=7 cand_cap=20 cand=7->7 pre=7 pick(must/bucket/top/rand)=1/1/5/0 depth0=7 depth=5 dlog=2 dper=0 sims=2783 loop=2776 gen_time=0 eval_time=0.023 best_avg=-1.0633 best_move=6,4 leader=4 inc2=1 attack_w=0.85
DBG t=24 used=0.023 remain=1.409 turn_time=0.0224513 end_in=0.0224513 cand_pre=6 cand_cap=20 cand=6->6 pre=6 pick(must/bucket/top/rand)=1/1/4/0 depth0=7 depth=5 dlog=2 dper=0 sims=3134 loop=3128 gen_time=0 eval_time=0.023 best_avg=-0.538396 best_move=0,5 leader=1 inc2=1 attack_w=0.2
DBG t=37 used=0.021 remain=1.126 turn_time=0.020134 end_in=0.020134 cand_pre=19 cand_cap=20 cand=19->19 pre=19 pick(must/bucket/top/rand)=1/4/11/3 depth0=10 depth=6 dlog=4 dper=0 sims=1815 loop=1796 gen_time=0 eval_time=0.021 best_avg=-0.693372 best_move=1,1 leader=1 inc2=1 attack_w=0.688529
DBG t=49 used=0.018 remain=0.903 turn_time=0.0179892 end_in=0.0179892 cand_pre=36 cand_cap=20 cand=36->20 pre=36 pick(must/bucket/top/rand)=1/6/9/4 depth0=10 depth=3 dlog=5 dper=2 sims=2988 loop=2968 gen_time=0 eval_time=0.018 best_avg=0.0325655 best_move=4,3 leader=1 inc2=1 attack_w=0.2
DBG t=61 used=0.021 remain=0.665 turn_time=0.0204274 end_in=0.0204274 cand_pre=8 cand_cap=20 cand=8->8 pre=8 pick(must/bucket/top/rand)=1/3/4/0 depth0=10 depth=8 dlog=2 dper=0 sims=1488 loop=1480 gen_time=0 eval_time=0.021 best_avg=-0.296081 best_move=4,4 leader=2 inc2=1 attack_w=0.2
DBG t=74 used=0.017 remain=0.433 turn_time=0.0160543 end_in=0.0160543 cand_pre=44 cand_cap=20 cand=44->20 pre=44 pick(must/bucket/top/rand)=1/4/11/4 depth0=11 depth=3 dlog=5 dper=3 sims=2820 loop=2800 gen_time=0 eval_time=0.017 best_avg=-0.0153077 best_move=7,6 leader=2 inc2=1 attack_w=0.2
DBG t=86 used=0.016 remain=0.207 turn_time=0.0159834 end_in=0.0159834 cand_pre=26 cand_cap=20 cand=26->20 pre=26 pick(must/bucket/top/rand)=1/6/9/4 depth0=11 depth=6 dlog=4 dper=1 sims=1512 loop=1492 gen_time=0 eval_time=0.016 best_avg=-0.271933 best_move=4,4 leader=4 inc2=1 attack_w=0.2
DBG depth_guard t=99 remain=0.011 cand_pre=36 depth0=0 depth=0
DBG t=99 used=0.007 remain=0.011 turn_time=0.0066 end_in=0.0066 cand_pre=36 cand_cap=12 cand=36->12 pre=36 pick(must/bucket/top/rand)=1/3/6/2 depth0=0 depth=0 dlog=5 dper=5 sims=9572 loop=9560 gen_time=0 eval_time=0.007 best_avg=0.197478 best_move=0,6 leader=2 inc2=1 attack_w=0.2
DBG summary depth_guard_fired=1
Score = 157188
=== CASE 0116.txt ===
DBG hdr N=10 M=5 T=100 U=4 VMAX=1772 TIME_LIMIT=1.94 MAX_CAND=20 UCB_C=0.21
DBG t=0 used=0.024 remain=1.94 turn_time=0.0237456 end_in=0.0237456 cand_pre=4 cand_cap=20 cand=4->4 pre=4 pick(must/bucket/top/rand)=1/2/1/0 depth0=7 depth=6 dlog=1 dper=0 sims=5044 loop=5040 gen_time=0 eval_time=0.024 best_avg=-1.25807 best_move=5,5 leader=1 inc2=1 attack_w=0.85
DBG t=12 used=0.022 remain=1.667 turn_time=0.0217089 end_in=0.0217089 cand_pre=16 cand_cap=20 cand=16->16 pre=16 pick(must/bucket/top/rand)=1/6/9/0 depth0=7 depth=4 dlog=3 dper=0 sims=4804 loop=4788 gen_time=0 eval_time=0.022 best_avg=-0.745242 best_move=1,5 leader=1 inc2=1 attack_w=0.2
DBG t=24 used=0.021 remain=1.406 turn_time=0.0208403 end_in=0.0208403 cand_pre=19 cand_cap=20 cand=19->19 pre=19 pick(must/bucket/top/rand)=1/7/8/3 depth0=7 depth=3 dlog=4 dper=0 sims=4811 loop=4792 gen_time=0 eval_time=0.021 best_avg=-0.738824 best_move=3,3 leader=1 inc2=1 attack_w=0.2
DBG t=37 used=0.021 remain=1.133 turn_time=0.0201422 end_in=0.0201422 cand_pre=20 cand_cap=20 cand=20->20 pre=20 pick(must/bucket/top/rand)=1/7/8/4 depth0=10 depth=6 dlog=4 dper=0 sims=2276 loop=2256 gen_time=0 eval_time=0.021 best_avg=-0.869888 best_move=2,3 leader=1 inc2=1 attack_w=0.328157
DBG t=49 used=0.02 remain=0.89 turn_time=0.0193182 end_in=0.0193182 cand_pre=22 cand_cap=20 cand=22->20 pre=22 pick(must/bucket/top/rand)=1/7/8/4 depth0=10 depth=6 dlog=4 dper=0 sims=2064 loop=2044 gen_time=0 eval_time=0.02 best_avg=-0.905164 best_move=2,4 leader=4 inc2=1 attack_w=0.480346
DBG t=61 used=0.019 remain=0.658 turn_time=0.0182384 end_in=0.0182384 cand_pre=26 cand_cap=20 cand=26->20 pre=26 pick(must/bucket/top/rand)=1/6/9/4 depth0=10 depth=5 dlog=4 dper=1 sims=2124 loop=2104 gen_time=0 eval_time=0.019 best_avg=-0.872733 best_move=2,3 leader=4 inc2=1 attack_w=0.330368
DBG t=74 used=0.018 remain=0.419 turn_time=0.0172112 end_in=0.0172112 cand_pre=28 cand_cap=20 cand=28->20 pre=28 pick(must/bucket/top/rand)=1/6/9/4 depth0=11 depth=6 dlog=4 dper=1 sims=1716 loop=1696 gen_time=0 eval_time=0.018 best_avg=-0.864209 best_move=2,4 leader=4 inc2=1 attack_w=0.323727
DBG t=86 used=0.016 remain=0.213 turn_time=0.0159522 end_in=0.0159522 cand_pre=31 cand_cap=20 cand=31->20 pre=31 pick(must/bucket/top/rand)=1/6/9/4 depth0=11 depth=5 dlog=4 dper=2 sims=1748 loop=1728 gen_time=0 eval_time=0.016 best_avg=-0.877267 best_move=2,4 leader=4 inc2=1 attack_w=0.319092
DBG depth_guard t=99 remain=0.012 cand_pre=31 depth0=0 depth=0
DBG t=99 used=0.008 remain=0.012 turn_time=0.0072 end_in=0.0072 cand_pre=31 cand_cap=12 cand=31->12 pre=31 pick(must/bucket/top/rand)=1/6/3/2 depth0=0 depth=0 dlog=4 dper=4 sims=7368 loop=7356 gen_time=0 eval_time=0.008 best_avg=-0.873098 best_move=2,3 leader=1 inc2=1 attack_w=0.373137
DBG summary depth_guard_fired=1
Score = 97867
=== CASE 0115.txt ===
DBG hdr N=10 M=8 T=100 U=5 VMAX=1950 TIME_LIMIT=1.94 MAX_CAND=20 UCB_C=0.21
DBG t=0 used=0.024 remain=1.94 turn_time=0.0236195 end_in=0.0236195 cand_pre=5 cand_cap=20 cand=5->5 pre=5 pick(must/bucket/top/rand)=1/2/2/0 depth0=7 depth=5 dlog=2 dper=0 sims=4585 loop=4580 gen_time=0 eval_time=0.024 best_avg=-1.31681 best_move=8,7 leader=2 inc2=1 attack_w=0.85
DBG t=12 used=0.021 remain=1.668 turn_time=0.0208595 end_in=0.0208595 cand_pre=23 cand_cap=20 cand=23->20 pre=23 pick(must/bucket/top/rand)=1/4/11/4 depth0=7 depth=3 dlog=4 dper=0 sims=4608 loop=4588 gen_time=0 eval_time=0.021 best_avg=-0.601081 best_move=8,3 leader=3 inc2=1 attack_w=0.77653
DBG t=24 used=0.022 remain=1.414 turn_time=0.0213216 end_in=0.0213216 cand_pre=16 cand_cap=20 cand=16->16 pre=16 pick(must/bucket/top/rand)=1/4/11/0 depth0=7 depth=4 dlog=3 dper=0 sims=3304 loop=3288 gen_time=0 eval_time=0.022 best_avg=-0.379886 best_move=7,3 leader=3 inc2=1 attack_w=0.2
DBG t=37 used=0.021 remain=1.137 turn_time=0.020448 end_in=0.020448 cand_pre=18 cand_cap=20 cand=18->18 pre=18 pick(must/bucket/top/rand)=1/5/10/2 depth0=10 depth=6 dlog=4 dper=0 sims=2054 loop=2036 gen_time=0 eval_time=0.021 best_avg=-0.203735 best_move=6,3 leader=2 inc2=1 attack_w=0.2
DBG t=49 used=0.02 remain=0.886 turn_time=0.0199089 end_in=0.0199089 cand_pre=16 cand_cap=20 cand=16->16 pre=16 pick(must/bucket/top/rand)=1/4/11/0 depth0=10 depth=7 dlog=3 dper=0 sims=1600 loop=1584 gen_time=0 eval_time=0.02 best_avg=-0.43844 best_move=6,2 leader=2 inc2=1 attack_w=0.2
DBG t=61 used=0.019 remain=0.649 turn_time=0.0187461 end_in=0.0187461 cand_pre=19 cand_cap=20 cand=19->19 pre=19 pick(must/bucket/top/rand)=1/4/11/3 depth0=10 depth=6 dlog=4 dper=0 sims=1535 loop=1516 gen_time=0 eval_time=0.019 best_avg=-0.441675 best_move=6,2 leader=2 inc2=1 attack_w=0.353772
DBG t=74 used=0.018 remain=0.407 turn_time=0.0174306 end_in=0.0174306 cand_pre=21 cand_cap=20 cand=21->20 pre=21 pick(must/bucket/top/rand)=1/6/9/4 depth0=11 depth=7 dlog=4 dper=0 sims=1232 loop=1212 gen_time=0 eval_time=0.018 best_avg=-0.362457 best_move=7,1 leader=2 inc2=1 attack_w=0.2
DBG t=86 used=0.016 remain=0.198 turn_time=0.0155642 end_in=0.0155642 cand_pre=23 cand_cap=20 cand=23->20 pre=23 pick(must/bucket/top/rand)=1/5/10/4 depth0=11 depth=6 dlog=4 dper=1 sims=1340 loop=1320 gen_time=0 eval_time=0.016 best_avg=-0.316619 best_move=6,2 leader=2 inc2=1 attack_w=0.2
DBG depth_guard t=98 remain=0.019 cand_pre=19 depth0=1 depth=0
DBG depth_guard t=99 remain=0.008 cand_pre=18 depth0=0 depth=0
DBG t=99 used=0.005 remain=0.008 turn_time=0.0048 end_in=0.0048 cand_pre=18 cand_cap=12 cand=18->12 pre=18 pick(must/bucket/top/rand)=1/4/5/2 depth0=0 depth=0 dlog=4 dper=4 sims=4000 loop=3988 gen_time=0 eval_time=0.005 best_avg=-0.1825 best_move=9,1 leader=2 inc2=1 attack_w=0.2
DBG summary depth_guard_fired=2
Score = 124227
=== CASE 0117.txt ===
DBG hdr N=10 M=8 T=100 U=2 VMAX=1187 TIME_LIMIT=1.94 MAX_CAND=20 UCB_C=0.21
DBG t=0 used=0.024 remain=1.94 turn_time=0.0237456 end_in=0.0237456 cand_pre=4 cand_cap=20 cand=4->4 pre=4 pick(must/bucket/top/rand)=1/2/1/0 depth0=7 depth=6 dlog=1 dper=0 sims=3336 loop=3332 gen_time=0 eval_time=0.024 best_avg=-0.741306 best_move=8,1 leader=3 inc2=1 attack_w=0.250668
DBG t=12 used=0.023 remain=1.659 turn_time=0.0220949 end_in=0.0220949 cand_pre=12 cand_cap=20 cand=12->12 pre=12 pick(must/bucket/top/rand)=1/4/7/0 depth0=7 depth=4 dlog=3 dper=0 sims=3264 loop=3252 gen_time=0 eval_time=0.023 best_avg=-0.957931 best_move=6,0 leader=5 inc2=1 attack_w=0.85
DBG t=24 used=0.021 remain=1.396 turn_time=0.020692 end_in=0.020692 cand_pre=19 cand_cap=20 cand=19->19 pre=19 pick(must/bucket/top/rand)=1/4/11/3 depth0=7 depth=3 dlog=4 dper=0 sims=3131 loop=3112 gen_time=0 eval_time=0.021 best_avg=-0.871512 best_move=7,2 leader=5 inc2=1 attack_w=0.85
DBG t=37 used=0.02 remain=1.132 turn_time=0.0197741 end_in=0.0197741 cand_pre=23 cand_cap=20 cand=23->20 pre=23 pick(must/bucket/top/rand)=1/4/11/4 depth0=10 depth=6 dlog=4 dper=0 sims=1512 loop=1492 gen_time=0 eval_time=0.02 best_avg=-0.866917 best_move=7,1 leader=5 inc2=1 attack_w=0.85
DBG t=49 used=0.019 remain=0.893 turn_time=0.0188143 end_in=0.0188143 cand_pre=27 cand_cap=20 cand=27->20 pre=27 pick(must/bucket/top/rand)=1/4/11/4 depth0=10 depth=5 dlog=4 dper=1 sims=1724 loop=1704 gen_time=0 eval_time=0.019 best_avg=-0.753585 best_move=7,1 leader=5 inc2=1 attack_w=0.828679
DBG t=61 used=0.018 remain=0.663 turn_time=0.0178245 end_in=0.0178245 cand_pre=31 cand_cap=20 cand=31->20 pre=31 pick(must/bucket/top/rand)=1/6/9/4 depth0=10 depth=5 dlog=4 dper=1 sims=1800 loop=1780 gen_time=0 eval_time=0.018 best_avg=-0.716258 best_move=9,8 leader=5 inc2=1 attack_w=0.85
DBG t=74 used=0.017 remain=0.428 turn_time=0.0169389 end_in=0.0169389 cand_pre=34 cand_cap=20 cand=34->20 pre=34 pick(must/bucket/top/rand)=1/4/11/4 depth0=11 depth=5 dlog=4 dper=2 sims=1904 loop=1884 gen_time=0 eval_time=0.017 best_avg=-0.639518 best_move=9,5 leader=1 inc2=1 attack_w=0.554626
DBG t=86 used=0.017 remain=0.223 turn_time=0.0161834 end_in=0.0161834 cand_pre=36 cand_cap=20 cand=36->20 pre=36 pick(must/bucket/top/rand)=1/5/10/4 depth0=11 depth=4 dlog=5 dper=2 sims=2172 loop=2152 gen_time=0 eval_time=0.017 best_avg=-0.527023 best_move=7,3 leader=1 inc2=1 attack_w=0.316889
DBG depth_guard t=99 remain=0.008 cand_pre=9 depth0=0 depth=0
DBG t=99 used=0.005 remain=0.008 turn_time=0.0048 end_in=0.0048 cand_pre=9 cand_cap=12 cand=9->9 pre=9 pick(must/bucket/top/rand)=1/1/7/0 depth0=0 depth=0 dlog=3 dper=2 sims=4405 loop=4396 gen_time=0 eval_time=0.005 best_avg=-0.824722 best_move=8,5 leader=1 inc2=1 attack_w=0.85
DBG summary depth_guard_fired=1
Score = 73772
=== CASE 0118.txt ===
DBG hdr N=10 M=4 T=100 U=2 VMAX=2712 TIME_LIMIT=1.94 MAX_CAND=20 UCB_C=0.21
DBG t=0 used=0.024 remain=1.94 turn_time=0.0237456 end_in=0.0237456 cand_pre=4 cand_cap=20 cand=4->4 pre=4 pick(must/bucket/top/rand)=1/2/1/0 depth0=7 depth=6 dlog=1 dper=0 sims=5108 loop=5104 gen_time=0 eval_time=0.024 best_avg=-0.800793 best_move=5,9 leader=3 inc2=1 attack_w=0.85
DBG t=12 used=0.022 remain=1.665 turn_time=0.0213139 end_in=0.0213139 cand_pre=19 cand_cap=20 cand=19->19 pre=19 pick(must/bucket/top/rand)=1/4/11/3 depth0=7 depth=3 dlog=4 dper=0 sims=7159 loop=7140 gen_time=0 eval_time=0.022 best_avg=-0.3047 best_move=4,8 leader=1 inc2=0 attack_w=0.2
DBG t=24 used=0.021 remain=1.41 turn_time=0.0202966 end_in=0.0202966 cand_pre=24 cand_cap=20 cand=24->20 pre=24 pick(must/bucket/top/rand)=1/5/10/4 depth0=7 depth=3 dlog=4 dper=0 sims=5552 loop=5532 gen_time=0 eval_time=0.021 best_avg=-0.369177 best_move=6,7 leader=1 inc2=0 attack_w=0.2
DBG t=37 used=0.02 remain=1.146 turn_time=0.019191 end_in=0.019191 cand_pre=30 cand_cap=20 cand=30->20 pre=30 pick(must/bucket/top/rand)=1/7/8/4 depth0=10 depth=5 dlog=4 dper=1 sims=2812 loop=2792 gen_time=0 eval_time=0.02 best_avg=0.0475463 best_move=5,5 leader=2 inc2=1 attack_w=0.2
DBG t=49 used=0.019 remain=0.917 turn_time=0.0181512 end_in=0.0181512 cand_pre=37 cand_cap=20 cand=37->20 pre=37 pick(must/bucket/top/rand)=1/8/7/4 depth0=10 depth=3 dlog=5 dper=2 sims=3416 loop=3396 gen_time=0 eval_time=0.019 best_avg=0.29808 best_move=3,4 leader=2 inc2=1 attack_w=0.2
DBG t=61 used=0.018 remain=0.7 turn_time=0.0171859 end_in=0.0171859 cand_pre=45 cand_cap=20 cand=45->20 pre=45 pick(must/bucket/top/rand)=1/8/7/4 depth0=10 depth=2 dlog=5 dper=3 sims=6156 loop=6136 gen_time=0 eval_time=0.018 best_avg=0.288737 best_move=2,4 leader=2 inc2=1 attack_w=0.2
DBG t=74 used=0.017 remain=0.471 turn_time=0.0169922 end_in=0.0169922 cand_pre=48 cand_cap=20 cand=48->20 pre=48 pick(must/bucket/top/rand)=1/8/7/4 depth0=11 depth=3 dlog=5 dper=3 sims=3276 loop=3256 gen_time=0 eval_time=0.017 best_avg=0.226194 best_move=1,3 leader=3 inc2=1 attack_w=0.2
DBG t=86 used=0.017 remain=0.264 turn_time=0.01683 end_in=0.01683 cand_pre=55 cand_cap=20 cand=55->20 pre=55 pick(must/bucket/top/rand)=1/8/7/4 depth0=11 depth=3 dlog=5 dper=3 sims=3032 loop=3012 gen_time=0 eval_time=0.017 best_avg=0.189378 best_move=0,2 leader=1 inc2=1 attack_w=0.2
DBG depth_guard t=99 remain=0.01 cand_pre=14 depth0=0 depth=0
DBG t=99 used=0.007 remain=0.01 turn_time=0.006 end_in=0.006 cand_pre=14 cand_cap=12 cand=14->12 pre=14 pick(must/bucket/top/rand)=1/6/3/2 depth0=0 depth=0 dlog=3 dper=2 sims=11380 loop=11368 gen_time=0 eval_time=0.007 best_avg=0.28428 best_move=0,1 leader=2 inc2=1 attack_w=0.2
DBG summary depth_guard_fired=1
Score = 227573
=== CASE 0119.txt ===
DBG hdr N=10 M=8 T=100 U=1 VMAX=2418 TIME_LIMIT=1.94 MAX_CAND=20 UCB_C=0.21
DBG t=0 used=0.024 remain=1.94 turn_time=0.0236195 end_in=0.0236195 cand_pre=5 cand_cap=20 cand=5->5 pre=5 pick(must/bucket/top/rand)=1/2/2/0 depth0=7 depth=5 dlog=2 dper=0 sims=3973 loop=3968 gen_time=0 eval_time=0.024 best_avg=-0.859072 best_move=5,7 leader=1 inc2=1 attack_w=0.85
DBG t=12 used=0.023 remain=1.661 turn_time=0.0223669 end_in=0.0223669 cand_pre=10 cand_cap=20 cand=10->10 pre=10 pick(must/bucket/top/rand)=1/2/7/0 depth0=7 depth=4 dlog=3 dper=0 sims=3302 loop=3292 gen_time=0 eval_time=0.023 best_avg=-0.908221 best_move=2,9 leader=5 inc2=1 attack_w=0.85
DBG t=24 used=0.021 remain=1.395 turn_time=0.0206772 end_in=0.0206772 cand_pre=19 cand_cap=20 cand=19->19 pre=19 pick(must/bucket/top/rand)=1/5/10/3 depth0=7 depth=3 dlog=4 dper=0 sims=4239 loop=4220 gen_time=0 eval_time=0.021 best_avg=-0.57061 best_move=3,7 leader=3 inc2=1 attack_w=0.670748
DBG t=37 used=0.02 remain=1.12 turn_time=0.01968 end_in=0.01968 cand_pre=22 cand_cap=20 cand=22->20 pre=22 pick(must/bucket/top/rand)=1/5/10/4 depth0=10 depth=6 dlog=4 dper=0 sims=2212 loop=2192 gen_time=0 eval_time=0.02 best_avg=-0.46642 best_move=4,4 leader=2 inc2=1 attack_w=0.85
DBG t=49 used=0.02 remain=0.875 turn_time=0.0192157 end_in=0.0192157 cand_pre=20 cand_cap=20 cand=20->20 pre=20 pick(must/bucket/top/rand)=1/6/9/4 depth0=10 depth=6 dlog=4 dper=0 sims=2092 loop=2072 gen_time=0 eval_time=0.02 best_avg=-0.73184 best_move=5,5 leader=2 inc2=1 attack_w=0.319924
DBG t=61 used=0.019 remain=0.637 turn_time=0.0185057 end_in=0.0185057 cand_pre=18 cand_cap=20 cand=18->18 pre=18 pick(must/bucket/top/rand)=1/4/11/2 depth0=10 depth=6 dlog=4 dper=0 sims=1802 loop=1784 gen_time=0 eval_time=0.019 best_avg=-0.441463 best_move=2,4 leader=4 inc2=1 attack_w=0.581223
DBG t=74 used=0.018 remain=0.399 turn_time=0.0175867 end_in=0.0175867 cand_pre=16 cand_cap=20 cand=16->16 pre=16 pick(must/bucket/top/rand)=1/5/10/0 depth0=11 depth=8 dlog=3 dper=0 sims=1328 loop=1312 gen_time=0 eval_time=0.018 best_avg=-0.411016 best_move=4,2 leader=2 inc2=1 attack_w=0.2
DBG t=86 used=0.016 remain=0.191 turn_time=0.0153687 end_in=0.0153687 cand_pre=19 cand_cap=20 cand=19->19 pre=19 pick(must/bucket/top/rand)=1/4/11/3 depth0=11 depth=6 dlog=4 dper=0 sims=1811 loop=1792 gen_time=0 eval_time=0.016 best_avg=-0.483469 best_move=2,3 leader=3 inc2=1 attack_w=0.367802
DBG depth_guard t=99 remain=0.008 cand_pre=6 depth0=0 depth=0
DBG t=99 used=0.005 remain=0.008 turn_time=0.0048 end_in=0.0048 cand_pre=6 cand_cap=12 cand=6->6 pre=6 pick(must/bucket/top/rand)=1/3/2/0 depth0=0 depth=0 dlog=2 dper=0 sims=7214 loop=7208 gen_time=0 eval_time=0.005 best_avg=-0.514464 best_move=6,7 leader=3 inc2=1 attack_w=0.337413
DBG summary depth_guard_fired=1
Score = 87080
=== CASE 0122.txt ===
DBG hdr N=10 M=4 T=100 U=1 VMAX=1669 TIME_LIMIT=1.94 MAX_CAND=20 UCB_C=0.21
DBG t=0 used=0.024 remain=1.94 turn_time=0.0236195 end_in=0.0236195 cand_pre=5 cand_cap=20 cand=5->5 pre=5 pick(must/bucket/top/rand)=1/3/1/0 depth0=7 depth=5 dlog=2 dper=0 sims=6613 loop=6608 gen_time=0 eval_time=0.024 best_avg=-1.26133 best_move=8,3 leader=3 inc2=1 attack_w=0.85
DBG t=12 used=0.023 remain=1.664 turn_time=0.0225302 end_in=0.0225302 cand_pre=9 cand_cap=20 cand=9->9 pre=9 pick(must/bucket/top/rand)=1/5/3/0 depth0=7 depth=4 dlog=3 dper=0 sims=5497 loop=5488 gen_time=0 eval_time=0.023 best_avg=-1.04934 best_move=6,3 leader=3 inc2=0 attack_w=0.286408
DBG t=24 used=0.022 remain=1.403 turn_time=0.0210358 end_in=0.0210358 cand_pre=17 cand_cap=20 cand=17->17 pre=17 pick(must/bucket/top/rand)=1/5/10/1 depth0=7 depth=4 dlog=3 dper=0 sims=4205 loop=4188 gen_time=0 eval_time=0.022 best_avg=-1.48829 best_move=9,2 leader=3 inc2=1 attack_w=0.780373
DBG t=37 used=0.02 remain=1.125 turn_time=0.0194196 end_in=0.0194196 cand_pre=25 cand_cap=20 cand=25->20 pre=25 pick(must/bucket/top/rand)=1/6/9/4 depth0=10 depth=6 dlog=4 dper=0 sims=2028 loop=2008 gen_time=0 eval_time=0.02 best_avg=-1.32661 best_move=6,8 leader=3 inc2=1 attack_w=0.85
DBG t=49 used=0.018 remain=0.895 turn_time=0.0174876 end_in=0.0174876 cand_pre=39 cand_cap=20 cand=39->20 pre=39 pick(must/bucket/top/rand)=1/5/10/4 depth0=10 depth=3 dlog=5 dper=2 sims=3360 loop=3340 gen_time=0 eval_time=0.018 best_avg=-0.907354 best_move=1,7 leader=3 inc2=0 attack_w=0.2
DBG t=61 used=0.02 remain=0.659 turn_time=0.019694 end_in=0.019694 cand_pre=13 cand_cap=20 cand=13->13 pre=13 pick(must/bucket/top/rand)=1/4/8/0 depth0=10 depth=7 dlog=3 dper=0 sims=1693 loop=1680 gen_time=0 eval_time=0.02 best_avg=-0.445638 best_move=1,0 leader=1 inc2=1 attack_w=0.2
DBG t=74 used=0.017 remain=0.42 turn_time=0.0162023 end_in=0.0162023 cand_pre=38 cand_cap=20 cand=38->20 pre=38 pick(must/bucket/top/rand)=1/6/9/4 depth0=11 depth=4 dlog=5 dper=2 sims=2768 loop=2748 gen_time=0 eval_time=0.017 best_avg=-0.152622 best_move=7,1 leader=3 inc2=1 attack_w=0.2
DBG t=86 used=0.012 remain=0.222 turn_time=0.0118849 end_in=0.0118849 cand_pre=77 cand_cap=14 cand=77->14 pre=42 pick(must/bucket/top/rand)=1/6/4/3 depth0=11 depth=0 dlog=6 dper=5 sims=20866 loop=20852 gen_time=0 eval_time=0.012 best_avg=0.183449 best_move=6,6 leader=3 inc2=1 attack_w=0.2
DBG t=99 used=0.016 remain=0.025 turn_time=0.015 end_in=0.015 cand_pre=62 cand_cap=14 cand=62->14 pre=42 pick(must/bucket/top/rand)=1/6/4/3 depth0=0 depth=0 dlog=5 dper=4 sims=21922 loop=21908 gen_time=0 eval_time=0.016 best_avg=0.0336067 best_move=6,4 leader=2 inc2=1 attack_w=0.2
DBG summary depth_guard_fired=0
Score = 189710
=== CASE 0120.txt ===
DBG hdr N=10 M=2 T=100 U=1 VMAX=2348 TIME_LIMIT=1.94 MAX_CAND=20 UCB_C=0.21
DBG t=0 used=0.024 remain=1.94 turn_time=0.0236195 end_in=0.0236195 cand_pre=5 cand_cap=20 cand=5->5 pre=5 pick(must/bucket/top/rand)=1/2/2/0 depth0=7 depth=5 dlog=2 dper=0 sims=10145 loop=10140 gen_time=0 eval_time=0.024 best_avg=-2.34027 best_move=1,5 leader=1 inc2=1 attack_w=0.13
DBG t=12 used=0.021 remain=1.671 turn_time=0.0202799 end_in=0.0202799 cand_pre=28 cand_cap=20 cand=28->20 pre=28 pick(must/bucket/top/rand)=1/3/12/4 depth0=7 depth=2 dlog=4 dper=1 sims=14160 loop=14140 gen_time=0 eval_time=0.021 best_avg=-1.78068 best_move=3,1 leader=1 inc2=1 attack_w=0.2
DBG t=24 used=0.019 remain=1.42 turn_time=0.0184974 end_in=0.0184974 cand_pre=40 cand_cap=20 cand=40->20 pre=40 pick(must/bucket/top/rand)=1/6/9/4 depth0=7 depth=0 dlog=5 dper=2 sims=65056 loop=65036 gen_time=0 eval_time=0.019 best_avg=-1.08678 best_move=4,2 leader=1 inc2=1 attack_w=0.2
DBG t=37 used=0.018 remain=1.148 turn_time=0.0170924 end_in=0.0170924 cand_pre=48 cand_cap=20 cand=48->20 pre=48 pick(must/bucket/top/rand)=1/5/10/4 depth0=10 depth=2 dlog=5 dper=3 sims=12144 loop=12124 gen_time=0 eval_time=0.018 best_avg=-0.987553 best_move=5,3 leader=1 inc2=1 attack_w=0.2
DBG t=49 used=0.017 remain=0.921 turn_time=0.0168218 end_in=0.0168218 cand_pre=49 cand_cap=20 cand=49->20 pre=49 pick(must/bucket/top/rand)=1/6/9/4 depth0=10 depth=2 dlog=5 dper=3 sims=9356 loop=9336 gen_time=0 eval_time=0.017 best_avg=-1.2176 best_move=3,1 leader=1 inc2=1 attack_w=0.2
DBG t=61 used=0.017 remain=0.716 turn_time=0.0168627 end_in=0.0168627 cand_pre=51 cand_cap=20 cand=51->20 pre=51 pick(must/bucket/top/rand)=1/5/10/4 depth0=10 depth=2 dlog=5 dper=3 sims=11148 loop=11128 gen_time=0 eval_time=0.017 best_avg=-1.39639 best_move=0,2 leader=1 inc2=1 attack_w=0.2
DBG t=74 used=0.018 remain=0.484 turn_time=0.0170982 end_in=0.0170982 cand_pre=51 cand_cap=20 cand=51->20 pre=51 pick(must/bucket/top/rand)=1/6/9/4 depth0=11 depth=3 dlog=5 dper=3 sims=8912 loop=8892 gen_time=0 eval_time=0.018 best_avg=-1.25161 best_move=1,0 leader=1 inc2=1 attack_w=0.2
DBG t=86 used=0.018 remain=0.268 turn_time=0.0172094 end_in=0.0172094 cand_pre=54 cand_cap=20 cand=54->20 pre=54 pick(must/bucket/top/rand)=1/4/11/4 depth0=11 depth=3 dlog=5 dper=3 sims=6928 loop=6908 gen_time=0 eval_time=0.018 best_avg=-0.954849 best_move=1,1 leader=1 inc2=1 attack_w=0.2
DBG t=99 used=0.015 remain=0.024 turn_time=0.0144 end_in=0.0144 cand_pre=54 cand_cap=20 cand=54->20 pre=54 pick(must/bucket/top/rand)=1/4/11/4 depth0=0 depth=0 dlog=5 dper=4 sims=56704 loop=56684 gen_time=0 eval_time=0.015 best_avg=-0.17981 best_move=0,1 leader=1 inc2=1 attack_w=0.2
DBG summary depth_guard_fired=0
Score = 332179
=== CASE 0121.txt ===
DBG hdr N=10 M=4 T=100 U=3 VMAX=1477 TIME_LIMIT=1.94 MAX_CAND=20 UCB_C=0.21
DBG t=0 used=0.024 remain=1.94 turn_time=0.0236195 end_in=0.0236195 cand_pre=5 cand_cap=20 cand=5->5 pre=5 pick(must/bucket/top/rand)=1/3/1/0 depth0=7 depth=5 dlog=2 dper=0 sims=6905 loop=6900 gen_time=0 eval_time=0.024 best_avg=-1.06866 best_move=6,8 leader=2 inc2=0 attack_w=0.570899
DBG t=12 used=0.022 remain=1.663 turn_time=0.0216568 end_in=0.0216568 cand_pre=16 cand_cap=20 cand=16->16 pre=16 pick(must/bucket/top/rand)=1/5/10/0 depth0=7 depth=4 dlog=3 dper=0 sims=6264 loop=6248 gen_time=0 eval_time=0.022 best_avg=-0.966892 best_move=6,7 leader=1 inc2=1 attack_w=0.221959
DBG t=24 used=0.022 remain=1.401 turn_time=0.0210058 end_in=0.0210058 cand_pre=17 cand_cap=20 cand=17->17 pre=17 pick(must/bucket/top/rand)=1/4/11/1 depth0=7 depth=4 dlog=3 dper=0 sims=5121 loop=5104 gen_time=0 eval_time=0.022 best_avg=-1.30907 best_move=2,7 leader=1 inc2=1 attack_w=0.770373
DBG t=37 used=0.02 remain=1.135 turn_time=0.0193581 end_in=0.0193581 cand_pre=27 cand_cap=20 cand=27->20 pre=27 pick(must/bucket/top/rand)=1/5/10/4 depth0=10 depth=5 dlog=4 dper=1 sims=3276 loop=3256 gen_time=0 eval_time=0.02 best_avg=-1.27556 best_move=0,5 leader=1 inc2=0 attack_w=0.722397
DBG t=49 used=0.02 remain=0.89 turn_time=0.0192048 end_in=0.0192048 cand_pre=23 cand_cap=20 cand=23->20 pre=23 pick(must/bucket/top/rand)=1/5/10/4 depth0=10 depth=6 dlog=4 dper=0 sims=2652 loop=2632 gen_time=0 eval_time=0.02 best_avg=-1.22429 best_move=1,9 leader=1 inc2=0 attack_w=0.520142
DBG t=61 used=0.018 remain=0.665 turn_time=0.0171024 end_in=0.0171024 cand_pre=38 cand_cap=20 cand=38->20 pre=38 pick(must/bucket/top/rand)=1/5/10/4 depth0=10 depth=3 dlog=5 dper=2 sims=4012 loop=3992 gen_time=0 eval_time=0.018 best_avg=-1.08009 best_move=1,4 leader=1 inc2=0 attack_w=0.277584
DBG t=74 used=0.017 remain=0.436 turn_time=0.0163835 end_in=0.0163835 cand_pre=42 cand_cap=20 cand=42->20 pre=42 pick(must/bucket/top/rand)=1/6/9/4 depth0=11 depth=3 dlog=5 dper=3 sims=3700 loop=3680 gen_time=0 eval_time=0.017 best_avg=-1.11665 best_move=2,4 leader=1 inc2=0 attack_w=0.326629
DBG t=86 used=0.017 remain=0.232 turn_time=0.016298 end_in=0.016298 cand_pre=41 cand_cap=20 cand=41->20 pre=41 pick(must/bucket/top/rand)=1/8/7/4 depth0=11 depth=3 dlog=5 dper=3 sims=3944 loop=3924 gen_time=0 eval_time=0.017 best_avg=-1.16179 best_move=0,4 leader=1 inc2=0 attack_w=0.336991
DBG depth_guard t=99 remain=0.016 cand_pre=43 depth0=0 depth=0
DBG t=99 used=0.01 remain=0.016 turn_time=0.0096 end_in=0.0096 cand_pre=43 cand_cap=14 cand=43->14 pre=42 pick(must/bucket/top/rand)=1/7/3/3 depth0=0 depth=0 dlog=5 dper=4 sims=15738 loop=15724 gen_time=0 eval_time=0.01 best_avg=-1.12855 best_move=1,5 leader=1 inc2=0 attack_w=0.361512
DBG summary depth_guard_fired=1
Score = 98276
=== CASE 0123.txt ===
DBG hdr N=10 M=8 T=100 U=4 VMAX=1349 TIME_LIMIT=1.94 MAX_CAND=20 UCB_C=0.21
DBG t=0 used=0.024 remain=1.94 turn_time=0.0237456 end_in=0.0237456 cand_pre=4 cand_cap=20 cand=4->4 pre=4 pick(must/bucket/top/rand)=1/2/1/0 depth0=7 depth=6 dlog=1 dper=0 sims=3364 loop=3360 gen_time=0 eval_time=0.024 best_avg=-0.344986 best_move=4,0 leader=2 inc2=1 attack_w=0.472344
DBG t=12 used=0.023 remain=1.66 turn_time=0.0221082 end_in=0.0221082 cand_pre=12 cand_cap=20 cand=12->12 pre=12 pick(must/bucket/top/rand)=1/6/5/0 depth0=7 depth=4 dlog=3 dper=0 sims=3816 loop=3804 gen_time=0 eval_time=0.023 best_avg=-0.262302 best_move=5,1 leader=1 inc2=1 attack_w=0.2
DBG t=24 used=0.022 remain=1.395 turn_time=0.0211544 end_in=0.0211544 cand_pre=15 cand_cap=20 cand=15->15 pre=15 pick(must/bucket/top/rand)=1/8/6/0 depth0=7 depth=4 dlog=3 dper=0 sims=2911 loop=2896 gen_time=0 eval_time=0.022 best_avg=-0.103962 best_move=3,1 leader=1 inc2=1 attack_w=0.2
DBG t=37 used=0.021 remain=1.118 turn_time=0.0201063 end_in=0.0201063 cand_pre=18 cand_cap=20 cand=18->18 pre=18 pick(must/bucket/top/rand)=1/7/8/2 depth0=10 depth=6 dlog=4 dper=0 sims=1670 loop=1652 gen_time=0 eval_time=0.021 best_avg=-0.320476 best_move=4,0 leader=4 inc2=1 attack_w=0.2
DBG t=49 used=0.019 remain=0.874 turn_time=0.0187482 end_in=0.0187482 cand_pre=24 cand_cap=20 cand=24->20 pre=24 pick(must/bucket/top/rand)=1/5/10/4 depth0=10 depth=6 dlog=4 dper=0 sims=1540 loop=1520 gen_time=0 eval_time=0.019 best_avg=-0.171804 best_move=4,4 leader=4 inc2=1 attack_w=0.2
DBG t=61 used=0.019 remain=0.646 turn_time=0.0180135 end_in=0.0180135 cand_pre=25 cand_cap=20 cand=25->20 pre=25 pick(must/bucket/top/rand)=1/4/11/4 depth0=10 depth=5 dlog=4 dper=1 sims=1808 loop=1788 gen_time=0 eval_time=0.019 best_avg=-0.0986259 best_move=1,3 leader=3 inc2=1 attack_w=0.2
DBG t=74 used=0.017 remain=0.413 turn_time=0.0168615 end_in=0.0168615 cand_pre=29 cand_cap=20 cand=29->20 pre=29 pick(must/bucket/top/rand)=1/4/11/4 depth0=11 depth=6 dlog=4 dper=1 sims=1396 loop=1376 gen_time=0 eval_time=0.017 best_avg=-0.232709 best_move=3,3 leader=6 inc2=1 attack_w=0.2
DBG t=86 used=0.017 remain=0.21 turn_time=0.01602 end_in=0.01602 cand_pre=28 cand_cap=20 cand=28->20 pre=28 pick(must/bucket/top/rand)=1/4/11/4 depth0=11 depth=6 dlog=4 dper=1 sims=1388 loop=1368 gen_time=0 eval_time=0.017 best_avg=-0.499683 best_move=4,2 leader=6 inc2=1 attack_w=0.381071
DBG depth_guard t=99 remain=0.011 cand_pre=27 depth0=0 depth=0
DBG t=99 used=0.007 remain=0.011 turn_time=0.0066 end_in=0.0066 cand_pre=27 cand_cap=12 cand=27->12 pre=27 pick(must/bucket/top/rand)=1/3/6/2 depth0=0 depth=0 dlog=4 dper=4 sims=5508 loop=5496 gen_time=0 eval_time=0.007 best_avg=-0.505443 best_move=3,1 leader=6 inc2=1 attack_w=0.400377
DBG summary depth_guard_fired=1
Score = 97634
=== CASE 0125.txt ===
DBG hdr N=10 M=5 T=100 U=2 VMAX=1268 TIME_LIMIT=1.94 MAX_CAND=20 UCB_C=0.21
DBG t=0 used=0.024 remain=1.94 turn_time=0.0237456 end_in=0.0237456 cand_pre=4 cand_cap=20 cand=4->4 pre=4 pick(must/bucket/top/rand)=1/2/1/0 depth0=7 depth=6 dlog=1 dper=0 sims=4792 loop=4788 gen_time=0 eval_time=0.024 best_avg=-0.466084 best_move=9,1 leader=4 inc2=1 attack_w=0.13
DBG t=12 used=0.022 remain=1.658 turn_time=0.0218366 end_in=0.0218366 cand_pre=14 cand_cap=20 cand=14->14 pre=14 pick(must/bucket/top/rand)=1/4/9/0 depth0=7 depth=4 dlog=3 dper=0 sims=6162 loop=6148 gen_time=0 eval_time=0.022 best_avg=-0.199056 best_move=5,1 leader=2 inc2=0 attack_w=0.2
DBG t=24 used=0.022 remain=1.39 turn_time=0.0215541 end_in=0.0215541 cand_pre=11 cand_cap=20 cand=11->11 pre=11 pick(must/bucket/top/rand)=1/6/4/0 depth0=7 depth=4 dlog=3 dper=0 sims=5547 loop=5536 gen_time=0 eval_time=0.022 best_avg=0.349873 best_move=6,1 leader=2 inc2=0 attack_w=0.2
DBG t=37 used=0.019 remain=1.128 turn_time=0.0188895 end_in=0.0188895 cand_pre=30 cand_cap=20 cand=30->20 pre=30 pick(must/bucket/top/rand)=1/5/10/4 depth0=10 depth=5 dlog=4 dper=1 sims=2976 loop=2956 gen_time=0 eval_time=0.019 best_avg=0.261328 best_move=4,1 leader=2 inc2=1 attack_w=0.2
DBG t=49 used=0.018 remain=0.902 turn_time=0.0175094 end_in=0.0175094 cand_pre=40 cand_cap=20 cand=40->20 pre=40 pick(must/bucket/top/rand)=1/3/12/4 depth0=10 depth=3 dlog=5 dper=2 sims=3916 loop=3896 gen_time=0 eval_time=0.018 best_avg=-0.0120992 best_move=6,5 leader=4 inc2=0 attack_w=0.2
DBG t=61 used=0.022 remain=0.683 turn_time=0.0214357 end_in=0.0214357 cand_pre=4 cand_cap=20 cand=4->4 pre=4 pick(must/bucket/top/rand)=1/3/0/0 depth0=10 depth=9 dlog=1 dper=0 sims=1456 loop=1452 gen_time=0 eval_time=0.022 best_avg=0.221878 best_move=7,5 leader=3 inc2=1 attack_w=0.2
DBG t=74 used=0.017 remain=0.445 turn_time=0.0167217 end_in=0.0167217 cand_pre=42 cand_cap=20 cand=42->20 pre=42 pick(must/bucket/top/rand)=1/4/11/4 depth0=11 depth=3 dlog=5 dper=3 sims=3556 loop=3536 gen_time=0 eval_time=0.017 best_avg=-0.0896992 best_move=3,4 leader=3 inc2=0 attack_w=0.2
DBG t=86 used=0.017 remain=0.241 turn_time=0.0164827 end_in=0.0164827 cand_pre=45 cand_cap=20 cand=45->20 pre=45 pick(must/bucket/top/rand)=1/5/10/4 depth0=11 depth=3 dlog=5 dper=3 sims=3092 loop=3072 gen_time=0 eval_time=0.017 best_avg=-0.418986 best_move=4,5 leader=3 inc2=0 attack_w=0.2
DBG depth_guard t=99 remain=0.015 cand_pre=36 depth0=0 depth=0
DBG t=99 used=0.01 remain=0.015 turn_time=0.009 end_in=0.009 cand_pre=36 cand_cap=14 cand=36->14 pre=36 pick(must/bucket/top/rand)=1/4/6/3 depth0=0 depth=0 dlog=5 dper=4 sims=15406 loop=15392 gen_time=0 eval_time=0.01 best_avg=-0.689857 best_move=3,1 leader=3 inc2=0 attack_w=0.2
DBG summary depth_guard_fired=1
Score = 105034
=== CASE 0124.txt ===
DBG hdr N=10 M=8 T=100 U=5 VMAX=1767 TIME_LIMIT=1.94 MAX_CAND=20 UCB_C=0.21
DBG t=0 used=0.024 remain=1.94 turn_time=0.0236195 end_in=0.0236195 cand_pre=5 cand_cap=20 cand=5->5 pre=5 pick(must/bucket/top/rand)=1/3/1/0 depth0=7 depth=5 dlog=2 dper=0 sims=4481 loop=4476 gen_time=0 eval_time=0.024 best_avg=-0.244376 best_move=6,3 leader=3 inc2=1 attack_w=0.13
DBG t=12 used=0.023 remain=1.661 turn_time=0.0221215 end_in=0.0221215 cand_pre=12 cand_cap=20 cand=12->12 pre=12 pick(must/bucket/top/rand)=1/6/5/0 depth0=7 depth=4 dlog=3 dper=0 sims=4372 loop=4360 gen_time=0 eval_time=0.023 best_avg=-0.420476 best_move=7,3 leader=5 inc2=1 attack_w=0.389671
DBG t=24 used=0.021 remain=1.398 turn_time=0.020363 end_in=0.020363 cand_pre=22 cand_cap=20 cand=22->20 pre=22 pick(must/bucket/top/rand)=1/7/8/4 depth0=7 depth=3 dlog=4 dper=0 sims=4652 loop=4632 gen_time=0 eval_time=0.021 best_avg=-0.254777 best_move=3,1 leader=5 inc2=1 attack_w=0.2
DBG t=37 used=0.02 remain=1.137 turn_time=0.0191575 end_in=0.0191575 cand_pre=29 cand_cap=20 cand=29->20 pre=29 pick(must/bucket/top/rand)=1/7/8/4 depth0=10 depth=5 dlog=4 dper=1 sims=2652 loop=2632 gen_time=0 eval_time=0.02 best_avg=-0.164364 best_move=5,0 leader=5 inc2=1 attack_w=0.2
DBG t=49 used=0.02 remain=0.89 turn_time=0.0195451 end_in=0.0195451 cand_pre=20 cand_cap=20 cand=20->20 pre=20 pick(must/bucket/top/rand)=1/7/8/4 depth0=10 depth=6 dlog=4 dper=0 sims=1920 loop=1900 gen_time=0 eval_time=0.02 best_avg=-0.196062 best_move=8,4 leader=5 inc2=1 attack_w=0.2
DBG t=61 used=0.018 remain=0.659 turn_time=0.0172776 end_in=0.0172776 cand_pre=35 cand_cap=20 cand=35->20 pre=35 pick(must/bucket/top/rand)=1/6/9/4 depth0=10 depth=4 dlog=4 dper=2 sims=2856 loop=2836 gen_time=0 eval_time=0.018 best_avg=-0.132014 best_move=8,2 leader=1 inc2=1 attack_w=0.2
DBG t=74 used=0.018 remain=0.428 turn_time=0.0172599 end_in=0.0172599 cand_pre=31 cand_cap=20 cand=31->20 pre=31 pick(must/bucket/top/rand)=1/6/9/4 depth0=11 depth=6 dlog=4 dper=1 sims=1956 loop=1936 gen_time=0 eval_time=0.018 best_avg=-0.104404 best_move=2,1 leader=5 inc2=1 attack_w=0.2
DBG t=86 used=0.017 remain=0.22 turn_time=0.0163743 end_in=0.0163743 cand_pre=32 cand_cap=20 cand=32->20 pre=32 pick(must/bucket/top/rand)=1/7/8/4 depth0=11 depth=5 dlog=4 dper=2 sims=1792 loop=1772 gen_time=0 eval_time=0.017 best_avg=-0.106248 best_move=9,4 leader=5 inc2=1 attack_w=0.2
DBG depth_guard t=99 remain=0.01 cand_pre=32 depth0=0 depth=0
DBG t=99 used=0.007 remain=0.01 turn_time=0.006 end_in=0.006 cand_pre=32 cand_cap=12 cand=32->12 pre=32 pick(must/bucket/top/rand)=1/6/3/2 depth0=0 depth=0 dlog=4 dper=5 sims=5988 loop=5976 gen_time=0 eval_time=0.007 best_avg=-0.36382 best_move=4,2 leader=1 inc2=1 attack_w=0.2
DBG summary depth_guard_fired=1
Score = 105647
=== CASE 0127.txt ===
DBG hdr N=10 M=4 T=100 U=1 VMAX=1630 TIME_LIMIT=1.94 MAX_CAND=20 UCB_C=0.21
DBG t=0 used=0.024 remain=1.94 turn_time=0.0236195 end_in=0.0236195 cand_pre=5 cand_cap=20 cand=5->5 pre=5 pick(must/bucket/top/rand)=1/2/2/0 depth0=7 depth=5 dlog=2 dper=0 sims=6465 loop=6460 gen_time=0 eval_time=0.024 best_avg=-0.722028 best_move=7,4 leader=3 inc2=0 attack_w=0.13
DBG t=12 used=0.022 remain=1.666 turn_time=0.0210806 end_in=0.0210806 cand_pre=21 cand_cap=20 cand=21->20 pre=21 pick(must/bucket/top/rand)=1/6/9/4 depth0=7 depth=3 dlog=4 dper=0 sims=6604 loop=6584 gen_time=0 eval_time=0.022 best_avg=-0.784261 best_move=6,5 leader=3 inc2=1 attack_w=0.2
DBG t=24 used=0.022 remain=1.406 turn_time=0.0215617 end_in=0.0215618 cand_pre=13 cand_cap=20 cand=13->13 pre=13 pick(must/bucket/top/rand)=1/4/8/0 depth0=7 depth=4 dlog=3 dper=0 sims=5509 loop=5496 gen_time=0 eval_time=0.022 best_avg=-0.965055 best_move=4,7 leader=3 inc2=1 attack_w=0.2
DBG t=37 used=0.018 remain=1.135 turn_time=0.0179528 end_in=0.0179528 cand_pre=39 cand_cap=20 cand=39->20 pre=39 pick(must/bucket/top/rand)=1/6/9/4 depth0=10 depth=3 dlog=5 dper=2 sims=4708 loop=4688 gen_time=0 eval_time=0.018 best_avg=-0.354682 best_move=8,6 leader=1 inc2=1 attack_w=0.2
DBG t=49 used=0.017 remain=0.921 turn_time=0.0163523 end_in=0.0163523 cand_pre=53 cand_cap=20 cand=53->20 pre=53 pick(must/bucket/top/rand)=1/6/9/4 depth0=10 depth=2 dlog=5 dper=3 sims=5404 loop=5384 gen_time=0 eval_time=0.017 best_avg=-0.171861 best_move=7,1 leader=2 inc2=1 attack_w=0.2
DBG t=61 used=0.02 remain=0.679 turn_time=0.0197258 end_in=0.0197258 cand_pre=18 cand_cap=20 cand=18->18 pre=18 pick(must/bucket/top/rand)=1/4/11/2 depth0=10 depth=6 dlog=4 dper=0 sims=2390 loop=2372 gen_time=0 eval_time=0.02 best_avg=0.0437542 best_move=5,2 leader=2 inc2=1 attack_w=0.2
DBG t=74 used=0.016 remain=0.463 turn_time=0.0155461 end_in=0.0155461 cand_pre=58 cand_cap=20 cand=58->20 pre=58 pick(must/bucket/top/rand)=1/6/9/4 depth0=11 depth=2 dlog=5 dper=4 sims=5360 loop=5340 gen_time=0 eval_time=0.016 best_avg=0.283869 best_move=7,4 leader=3 inc2=1 attack_w=0.2
DBG t=86 used=0.016 remain=0.256 turn_time=0.015488 end_in=0.015488 cand_pre=62 cand_cap=14 cand=62->14 pre=42 pick(must/bucket/top/rand)=1/6/4/3 depth0=11 depth=2 dlog=5 dper=4 sims=5498 loop=5484 gen_time=0 eval_time=0.016 best_avg=0.470794 best_move=5,5 leader=1 inc2=1 attack_w=0.2
DBG t=99 used=0.014 remain=0.022 turn_time=0.0132 end_in=0.0132 cand_pre=33 cand_cap=16 cand=33->16 pre=33 pick(must/bucket/top/rand)=1/5/6/4 depth0=0 depth=0 dlog=4 dper=2 sims=31468 loop=31452 gen_time=0 eval_time=0.014 best_avg=0.67507 best_move=6,3 leader=2 inc2=1 attack_w=0.2
DBG summary depth_guard_fired=0
Score = 259246
=== CASE 0126.txt ===
DBG hdr N=10 M=2 T=100 U=2 VMAX=2406 TIME_LIMIT=1.94 MAX_CAND=20 UCB_C=0.21
DBG t=0 used=0.024 remain=1.94 turn_time=0.0236195 end_in=0.0236195 cand_pre=5 cand_cap=20 cand=5->5 pre=5 pick(must/bucket/top/rand)=1/2/2/0 depth0=7 depth=5 dlog=2 dper=0 sims=11225 loop=11220 gen_time=0 eval_time=0.024 best_avg=-1.58197 best_move=3,5 leader=1 inc2=1 attack_w=0.13
DBG t=12 used=0.022 remain=1.664 turn_time=0.0213011 end_in=0.0213011 cand_pre=19 cand_cap=20 cand=19->19 pre=19 pick(must/bucket/top/rand)=1/2/13/3 depth0=7 depth=3 dlog=4 dper=0 sims=11175 loop=11156 gen_time=0 eval_time=0.022 best_avg=-2.04958 best_move=4,8 leader=1 inc2=1 attack_w=0.2
DBG t=24 used=0.021 remain=1.41 turn_time=0.020176 end_in=0.020176 cand_pre=25 cand_cap=20 cand=25->20 pre=25 pick(must/bucket/top/rand)=1/4/11/4 depth0=7 depth=3 dlog=4 dper=0 sims=9000 loop=8980 gen_time=0 eval_time=0.021 best_avg=-2.25985 best_move=3,4 leader=1 inc2=1 attack_w=0.2
DBG t=37 used=0.02 remain=1.145 turn_time=0.0197649 end_in=0.0197649 cand_pre=25 cand_cap=20 cand=25->20 pre=25 pick(must/bucket/top/rand)=1/4/11/4 depth0=10 depth=6 dlog=4 dper=0 sims=4184 loop=4164 gen_time=0 eval_time=0.02 best_avg=-2.44997 best_move=3,4 leader=1 inc2=1 attack_w=0.2
DBG t=49 used=0.019 remain=0.907 turn_time=0.018878 end_in=0.018878 cand_pre=29 cand_cap=20 cand=29->20 pre=29 pick(must/bucket/top/rand)=1/4/11/4 depth0=10 depth=5 dlog=4 dper=1 sims=4556 loop=4536 gen_time=0 eval_time=0.019 best_avg=-2.05514 best_move=3,2 leader=1 inc2=1 attack_w=0.2
DBG t=61 used=0.018 remain=0.68 turn_time=0.0178282 end_in=0.0178282 cand_pre=35 cand_cap=20 cand=35->20 pre=35 pick(must/bucket/top/rand)=1/4/11/4 depth0=10 depth=4 dlog=4 dper=2 sims=6512 loop=6492 gen_time=0 eval_time=0.018 best_avg=-1.64818 best_move=3,4 leader=1 inc2=1 attack_w=0.2
DBG t=74 used=0.018 remain=0.442 turn_time=0.017051 end_in=0.017051 cand_pre=38 cand_cap=20 cand=38->20 pre=38 pick(must/bucket/top/rand)=1/6/9/4 depth0=11 depth=4 dlog=5 dper=2 sims=6796 loop=6776 gen_time=0 eval_time=0.018 best_avg=-1.48641 best_move=5,1 leader=1 inc2=1 attack_w=0.2
DBG t=86 used=0.017 remain=0.237 turn_time=0.0162091 end_in=0.0162091 cand_pre=45 cand_cap=20 cand=45->20 pre=45 pick(must/bucket/top/rand)=1/5/10/4 depth0=11 depth=3 dlog=5 dper=3 sims=6080 loop=6060 gen_time=0 eval_time=0.017 best_avg=-1.18486 best_move=5,2 leader=1 inc2=1 attack_w=0.2
DBG depth_guard t=99 remain=0.018 cand_pre=50 depth0=0 depth=0
DBG t=99 used=0.011 remain=0.018 turn_time=0.0108 end_in=0.0108 cand_pre=50 cand_cap=14 cand=50->14 pre=42 pick(must/bucket/top/rand)=1/5/5/3 depth0=0 depth=0 dlog=5 dper=5 sims=35806 loop=35792 gen_time=0 eval_time=0.011 best_avg=-0.914965 best_move=6,1 leader=1 inc2=1 attack_w=0.2
DBG summary depth_guard_fired=1
Score = 289152
=== CASE 0130.txt ===
DBG hdr N=10 M=6 T=100 U=2 VMAX=1824 TIME_LIMIT=1.94 MAX_CAND=20 UCB_C=0.21
DBG t=0 used=0.024 remain=1.94 turn_time=0.0238717 end_in=0.0238717 cand_pre=3 cand_cap=20 cand=3->3 pre=3 pick(must/bucket/top/rand)=1/2/0/0 depth0=7 depth=6 dlog=1 dper=0 sims=4343 loop=4340 gen_time=0 eval_time=0.024 best_avg=-1.28935 best_move=4,2 leader=5 inc2=1 attack_w=0.434948
DBG t=12 used=0.023 remain=1.661 turn_time=0.0223669 end_in=0.0223669 cand_pre=10 cand_cap=20 cand=10->10 pre=10 pick(must/bucket/top/rand)=1/3/6/0 depth0=7 depth=4 dlog=3 dper=0 sims=4386 loop=4376 gen_time=0 eval_time=0.023 best_avg=-1.18579 best_move=5,8 leader=5 inc2=1 attack_w=0.85
DBG t=24 used=0.021 remain=1.397 turn_time=0.0205874 end_in=0.0205874 cand_pre=20 cand_cap=20 cand=20->20 pre=20 pick(must/bucket/top/rand)=1/3/12/4 depth0=7 depth=3 dlog=4 dper=0 sims=4304 loop=4284 gen_time=0 eval_time=0.021 best_avg=-0.592621 best_move=7,8 leader=5 inc2=1 attack_w=0.331274
DBG t=37 used=0.02 remain=1.132 turn_time=0.0190733 end_in=0.0190733 cand_pre=29 cand_cap=20 cand=29->20 pre=29 pick(must/bucket/top/rand)=1/4/11/4 depth0=10 depth=5 dlog=4 dper=1 sims=2344 loop=2324 gen_time=0 eval_time=0.02 best_avg=-0.231769 best_move=6,9 leader=5 inc2=1 attack_w=0.2
DBG t=49 used=0.017 remain=0.912 turn_time=0.0168899 end_in=0.0168899 cand_pre=47 cand_cap=20 cand=47->20 pre=47 pick(must/bucket/top/rand)=1/6/9/4 depth0=10 depth=2 dlog=5 dper=3 sims=3960 loop=3940 gen_time=0 eval_time=0.017 best_avg=0.122889 best_move=8,3 leader=5 inc2=1 attack_w=0.2
DBG t=61 used=0.017 remain=0.708 turn_time=0.0166743 end_in=0.0166743 cand_pre=51 cand_cap=20 cand=51->20 pre=51 pick(must/bucket/top/rand)=1/6/9/4 depth0=10 depth=2 dlog=5 dper=3 sims=4264 loop=4244 gen_time=0 eval_time=0.017 best_avg=0.340568 best_move=9,3 leader=4 inc2=1 attack_w=0.2
DBG t=74 used=0.017 remain=0.487 turn_time=0.0165955 end_in=0.0165955 cand_pre=56 cand_cap=20 cand=56->20 pre=56 pick(must/bucket/top/rand)=1/7/8/4 depth0=11 depth=2 dlog=5 dper=4 sims=4104 loop=4084 gen_time=0 eval_time=0.017 best_avg=0.581052 best_move=6,3 leader=4 inc2=1 attack_w=0.2
DBG t=86 used=0.018 remain=0.282 turn_time=0.0171919 end_in=0.0171919 cand_pre=61 cand_cap=14 cand=61->14 pre=42 pick(must/bucket/top/rand)=1/7/3/3 depth0=11 depth=2 dlog=5 dper=4 sims=4154 loop=4140 gen_time=0 eval_time=0.018 best_avg=0.689758 best_move=7,4 leader=4 inc2=1 attack_w=0.2
DBG t=99 used=0.018 remain=0.029 turn_time=0.0174 end_in=0.0174 cand_pre=63 cand_cap=14 cand=63->14 pre=42 pick(must/bucket/top/rand)=1/4/6/3 depth0=0 depth=0 dlog=5 dper=4 sims=30722 loop=30708 gen_time=0 eval_time=0.018 best_avg=0.744701 best_move=6,2 leader=4 inc2=1 attack_w=0.2
DBG summary depth_guard_fired=0
Score = 224687
=== CASE 0131.txt ===
DBG hdr N=10 M=5 T=100 U=1 VMAX=1033 TIME_LIMIT=1.94 MAX_CAND=20 UCB_C=0.21
DBG t=0 used=0.024 remain=1.94 turn_time=0.0237456 end_in=0.0237456 cand_pre=4 cand_cap=20 cand=4->4 pre=4 pick(must/bucket/top/rand)=1/2/1/0 depth0=7 depth=6 dlog=1 dper=0 sims=4504 loop=4500 gen_time=0 eval_time=0.024 best_avg=-0.786754 best_move=0,3 leader=1 inc2=1 attack_w=0.194942
DBG t=12 used=0.021 remain=1.669 turn_time=0.0205021 end_in=0.0205021 cand_pre=26 cand_cap=20 cand=26->20 pre=26 pick(must/bucket/top/rand)=1/2/13/4 depth0=7 depth=3 dlog=4 dper=0 sims=4980 loop=4960 gen_time=0 eval_time=0.021 best_avg=-0.471113 best_move=3,3 leader=2 inc2=0 attack_w=0.2
DBG t=24 used=0.019 remain=1.427 turn_time=0.0187106 end_in=0.0187106 cand_pre=39 cand_cap=20 cand=39->20 pre=39 pick(must/bucket/top/rand)=1/6/9/4 depth0=7 depth=0 dlog=5 dper=2 sims=19064 loop=19044 gen_time=0 eval_time=0.019 best_avg=-0.354545 best_move=3,0 leader=1 inc2=1 attack_w=0.2
DBG t=37 used=0.023 remain=1.176 turn_time=0.0223627 end_in=0.0223627 cand_pre=8 cand_cap=20 cand=8->8 pre=8 pick(must/bucket/top/rand)=1/4/3/0 depth0=10 depth=8 dlog=2 dper=0 sims=2052 loop=2044 gen_time=0 eval_time=0.023 best_avg=-0.545687 best_move=7,1 leader=1 inc2=1 attack_w=0.2
DBG t=49 used=0.02 remain=0.918 turn_time=0.019575 end_in=0.019575 cand_pre=25 cand_cap=20 cand=25->20 pre=25 pick(must/bucket/top/rand)=1/4/11/4 depth0=10 depth=6 dlog=4 dper=0 sims=2084 loop=2064 gen_time=0 eval_time=0.02 best_avg=-0.494869 best_move=9,1 leader=1 inc2=1 attack_w=0.2
DBG t=61 used=0.018 remain=0.691 turn_time=0.0171953 end_in=0.0171953 cand_pre=43 cand_cap=20 cand=43->20 pre=43 pick(must/bucket/top/rand)=1/4/11/4 depth0=10 depth=2 dlog=5 dper=3 sims=5640 loop=5620 gen_time=0 eval_time=0.018 best_avg=-0.0371632 best_move=8,8 leader=2 inc2=1 attack_w=0.2
DBG t=74 used=0.016 remain=0.47 turn_time=0.0158987 end_in=0.0158987 cand_pre=57 cand_cap=20 cand=57->20 pre=57 pick(must/bucket/top/rand)=1/4/11/4 depth0=11 depth=2 dlog=5 dper=4 sims=3800 loop=3780 gen_time=0 eval_time=0.016 best_avg=0.216665 best_move=0,0 leader=1 inc2=1 attack_w=0.2
DBG t=86 used=0.016 remain=0.273 turn_time=0.0158827 end_in=0.0158828 cand_pre=67 cand_cap=14 cand=67->14 pre=42 pick(must/bucket/top/rand)=1/4/6/3 depth0=11 depth=2 dlog=5 dper=4 sims=3886 loop=3872 gen_time=0 eval_time=0.016 best_avg=0.597887 best_move=3,2 leader=2 inc2=1 attack_w=0.2
DBG t=99 used=0.018 remain=0.029 turn_time=0.0174 end_in=0.0174 cand_pre=70 cand_cap=14 cand=70->14 pre=42 pick(must/bucket/top/rand)=1/4/6/3 depth0=0 depth=0 dlog=5 dper=4 sims=23278 loop=23264 gen_time=0 eval_time=0.018 best_avg=0.747746 best_move=4,3 leader=1 inc2=1 attack_w=0.2
DBG summary depth_guard_fired=0
Score = 246506
=== CASE 0128.txt ===
DBG hdr N=10 M=3 T=100 U=5 VMAX=1385 TIME_LIMIT=1.94 MAX_CAND=20 UCB_C=0.21
DBG t=0 used=0.024 remain=1.94 turn_time=0.0236195 end_in=0.0236195 cand_pre=5 cand_cap=20 cand=5->5 pre=5 pick(must/bucket/top/rand)=1/2/2/0 depth0=7 depth=5 dlog=2 dper=0 sims=9297 loop=9292 gen_time=0 eval_time=0.024 best_avg=-1.0539 best_move=6,4 leader=1 inc2=1 attack_w=0.13
DBG t=12 used=0.021 remain=1.67 turn_time=0.0207611 end_in=0.0207611 cand_pre=24 cand_cap=20 cand=24->20 pre=24 pick(must/bucket/top/rand)=1/7/8/4 depth0=7 depth=3 dlog=4 dper=0 sims=8532 loop=8512 gen_time=0 eval_time=0.021 best_avg=-1.06236 best_move=4,2 leader=2 inc2=1 attack_w=0.2
DBG t=24 used=0.023 remain=1.425 turn_time=0.02295 end_in=0.02295 cand_pre=4 cand_cap=20 cand=4->4 pre=4 pick(must/bucket/top/rand)=1/3/0/0 depth0=7 depth=6 dlog=1 dper=0 sims=3728 loop=3724 gen_time=0 eval_time=0.023 best_avg=-1.24649 best_move=7,7 leader=2 inc2=1 attack_w=0.2
DBG t=37 used=0.019 remain=1.162 turn_time=0.0189793 end_in=0.0189793 cand_pre=34 cand_cap=20 cand=34->20 pre=34 pick(must/bucket/top/rand)=1/8/7/4 depth0=10 depth=5 dlog=4 dper=1 sims=3264 loop=3244 gen_time=0 eval_time=0.019 best_avg=-1.27022 best_move=9,6 leader=2 inc2=1 attack_w=0.2
DBG t=49 used=0.019 remain=0.933 turn_time=0.0189436 end_in=0.0189436 cand_pre=33 cand_cap=20 cand=33->20 pre=33 pick(must/bucket/top/rand)=1/8/7/4 depth0=10 depth=5 dlog=4 dper=1 sims=2596 loop=2576 gen_time=0 eval_time=0.019 best_avg=-1.27867 best_move=4,2 leader=2 inc2=1 attack_w=0.2
DBG t=61 used=0.019 remain=0.703 turn_time=0.0180797 end_in=0.0180797 cand_pre=38 cand_cap=20 cand=38->20 pre=38 pick(must/bucket/top/rand)=1/7/8/4 depth0=10 depth=3 dlog=5 dper=2 sims=4340 loop=4320 gen_time=0 eval_time=0.019 best_avg=-1.41194 best_move=9,6 leader=2 inc2=1 attack_w=0.2
DBG t=74 used=0.019 remain=0.449 turn_time=0.0187803 end_in=0.0187803 cand_pre=25 cand_cap=20 cand=25->20 pre=25 pick(must/bucket/top/rand)=1/7/8/4 depth0=11 depth=7 dlog=4 dper=0 sims=1788 loop=1768 gen_time=0 eval_time=0.019 best_avg=-1.61332 best_move=5,6 leader=2 inc2=1 attack_w=0.2
DBG t=86 used=0.018 remain=0.225 turn_time=0.0174777 end_in=0.0174777 cand_pre=25 cand_cap=20 cand=25->20 pre=25 pick(must/bucket/top/rand)=1/7/8/4 depth0=11 depth=6 dlog=4 dper=1 sims=1676 loop=1656 gen_time=0 eval_time=0.018 best_avg=-1.7044 best_move=5,5 leader=2 inc2=1 attack_w=0.258684
DBG depth_guard t=99 remain=0.011 cand_pre=25 depth0=0 depth=0
DBG t=99 used=0.007 remain=0.011 turn_time=0.0066 end_in=0.0066 cand_pre=25 cand_cap=12 cand=25->12 pre=25 pick(must/bucket/top/rand)=1/7/2/2 depth0=0 depth=0 dlog=4 dper=4 sims=7620 loop=7608 gen_time=0 eval_time=0.007 best_avg=-1.63649 best_move=5,5 leader=2 inc2=1 attack_w=0.2
DBG summary depth_guard_fired=1
Score = 105269
=== CASE 0129.txt ===
DBG hdr N=10 M=4 T=100 U=2 VMAX=2828 TIME_LIMIT=1.94 MAX_CAND=20 UCB_C=0.21
DBG t=0 used=0.024 remain=1.94 turn_time=0.0236195 end_in=0.0236195 cand_pre=5 cand_cap=20 cand=5->5 pre=5 pick(must/bucket/top/rand)=1/2/2/0 depth0=7 depth=5 dlog=2 dper=0 sims=7001 loop=6996 gen_time=0 eval_time=0.024 best_avg=-1.89407 best_move=3,8 leader=2 inc2=1 attack_w=0.85
DBG t=12 used=0.022 remain=1.666 turn_time=0.0210806 end_in=0.0210806 cand_pre=21 cand_cap=20 cand=21->20 pre=21 pick(must/bucket/top/rand)=1/2/13/4 depth0=7 depth=3 dlog=4 dper=0 sims=6260 loop=6240 gen_time=0 eval_time=0.022 best_avg=-1.56622 best_move=3,5 leader=2 inc2=0 attack_w=0.85
DBG t=24 used=0.02 remain=1.421 turn_time=0.0191181 end_in=0.0191181 cand_pre=35 cand_cap=20 cand=35->20 pre=35 pick(must/bucket/top/rand)=1/3/12/4 depth0=7 depth=1 dlog=4 dper=2 sims=10824 loop=10804 gen_time=0 eval_time=0.02 best_avg=-1.46657 best_move=3,1 leader=2 inc2=0 attack_w=0.85
DBG t=37 used=0.019 remain=1.173 turn_time=0.0185539 end_in=0.0185539 cand_pre=39 cand_cap=20 cand=39->20 pre=39 pick(must/bucket/top/rand)=1/7/8/4 depth0=10 depth=3 dlog=5 dper=2 sims=3640 loop=3620 gen_time=0 eval_time=0.019 best_avg=-1.84222 best_move=4,9 leader=2 inc2=1 attack_w=0.85
DBG t=49 used=0.022 remain=0.926 turn_time=0.0217519 end_in=0.0217519 cand_pre=8 cand_cap=20 cand=8->8 pre=8 pick(must/bucket/top/rand)=1/5/2/0 depth0=10 depth=8 dlog=2 dper=0 sims=2104 loop=2096 gen_time=0 eval_time=0.022 best_avg=-1.5582 best_move=5,0 leader=2 inc2=1 attack_w=0.85
DBG t=61 used=0.021 remain=0.666 turn_time=0.0200142 end_in=0.0200142 cand_pre=12 cand_cap=20 cand=12->12 pre=12 pick(must/bucket/top/rand)=1/7/4/0 depth0=10 depth=7 dlog=3 dper=0 sims=1960 loop=1948 gen_time=0 eval_time=0.021 best_avg=-1.32481 best_move=8,1 leader=1 inc2=1 attack_w=0.85
DBG t=74 used=0.019 remain=0.41 turn_time=0.018174 end_in=0.018174 cand_pre=15 cand_cap=20 cand=15->15 pre=15 pick(must/bucket/top/rand)=1/7/7/0 depth0=11 depth=8 dlog=3 dper=0 sims=1503 loop=1488 gen_time=0 eval_time=0.019 best_avg=-1.15025 best_move=7,1 leader=1 inc2=1 attack_w=0.647774
DBG t=86 used=0.016 remain=0.197 turn_time=0.0158515 end_in=0.0158515 cand_pre=19 cand_cap=20 cand=19->19 pre=19 pick(must/bucket/top/rand)=1/2/13/3 depth0=11 depth=6 dlog=4 dper=0 sims=1551 loop=1532 gen_time=0 eval_time=0.016 best_avg=-1.0275 best_move=8,0 leader=1 inc2=0 attack_w=0.2
DBG depth_guard t=99 remain=0.008 cand_pre=21 depth0=0 depth=0
DBG t=99 used=0.005 remain=0.008 turn_time=0.0048 end_in=0.0048 cand_pre=21 cand_cap=12 cand=21->12 pre=21 pick(must/bucket/top/rand)=1/3/6/2 depth0=0 depth=0 dlog=4 dper=4 sims=5100 loop=5088 gen_time=0 eval_time=0.005 best_avg=-0.959471 best_move=8,4 leader=1 inc2=0 attack_w=0.2
DBG summary depth_guard_fired=1
Score = 110439
=== CASE 0134.txt ===
DBG hdr N=10 M=6 T=100 U=3 VMAX=1790 TIME_LIMIT=1.94 MAX_CAND=20 UCB_C=0.21
DBG t=0 used=0.024 remain=1.94 turn_time=0.0238717 end_in=0.0238717 cand_pre=3 cand_cap=20 cand=3->3 pre=3 pick(must/bucket/top/rand)=1/2/0/0 depth0=7 depth=6 dlog=1 dper=0 sims=4303 loop=4300 gen_time=0 eval_time=0.024 best_avg=-0.889941 best_move=8,9 leader=2 inc2=1 attack_w=0.85
DBG t=12 used=0.023 remain=1.659 turn_time=0.0220949 end_in=0.0220949 cand_pre=12 cand_cap=20 cand=12->12 pre=12 pick(must/bucket/top/rand)=1/4/7/0 depth0=7 depth=4 dlog=3 dper=0 sims=4364 loop=4352 gen_time=0 eval_time=0.023 best_avg=-0.645055 best_move=5,9 leader=5 inc2=1 attack_w=0.284112
DBG t=24 used=0.021 remain=1.4 turn_time=0.0202724 end_in=0.0202724 cand_pre=23 cand_cap=20 cand=23->20 pre=23 pick(must/bucket/top/rand)=1/4/11/4 depth0=7 depth=3 dlog=4 dper=0 sims=4148 loop=4128 gen_time=0 eval_time=0.021 best_avg=-0.399469 best_move=7,5 leader=5 inc2=1 attack_w=0.2
DBG t=37 used=0.019 remain=1.138 turn_time=0.0188222 end_in=0.0188222 cand_pre=32 cand_cap=20 cand=32->20 pre=32 pick(must/bucket/top/rand)=1/3/12/4 depth0=10 depth=5 dlog=4 dper=1 sims=1420 loop=1400 gen_time=0 eval_time=0.019 best_avg=-0.307324 best_move=5,5 leader=4 inc2=1 attack_w=0.2
DBG t=49 used=0.018 remain=0.901 turn_time=0.0179493 end_in=0.0179493 cand_pre=36 cand_cap=20 cand=36->20 pre=36 pick(must/bucket/top/rand)=1/6/9/4 depth0=10 depth=3 dlog=5 dper=2 sims=3144 loop=3124 gen_time=0 eval_time=0.018 best_avg=-0.226013 best_move=9,6 leader=5 inc2=1 attack_w=0.2
DBG t=61 used=0.018 remain=0.685 turn_time=0.0173885 end_in=0.0173885 cand_pre=40 cand_cap=20 cand=40->20 pre=40 pick(must/bucket/top/rand)=1/6/9/4 depth0=10 depth=3 dlog=5 dper=2 sims=3360 loop=3340 gen_time=0 eval_time=0.018 best_avg=-0.138385 best_move=4,6 leader=4 inc2=1 attack_w=0.2
DBG t=74 used=0.017 remain=0.46 turn_time=0.0165954 end_in=0.0165954 cand_pre=48 cand_cap=20 cand=48->20 pre=48 pick(must/bucket/top/rand)=1/6/9/4 depth0=11 depth=3 dlog=5 dper=3 sims=2912 loop=2892 gen_time=0 eval_time=0.017 best_avg=-0.0900447 best_move=3,7 leader=4 inc2=1 attack_w=0.2
DBG t=86 used=0.017 remain=0.256 turn_time=0.0165577 end_in=0.0165577 cand_pre=53 cand_cap=20 cand=53->20 pre=53 pick(must/bucket/top/rand)=1/7/8/4 depth0=11 depth=3 dlog=5 dper=3 sims=2880 loop=2860 gen_time=0 eval_time=0.017 best_avg=-0.0165684 best_move=8,2 leader=4 inc2=1 attack_w=0.2
DBG t=99 used=0.016 remain=0.025 turn_time=0.015 end_in=0.015 cand_pre=57 cand_cap=20 cand=57->20 pre=57 pick(must/bucket/top/rand)=1/6/9/4 depth0=0 depth=0 dlog=5 dper=4 sims=17748 loop=17728 gen_time=0 eval_time=0.016 best_avg=0.0503852 best_move=8,2 leader=4 inc2=1 attack_w=0.2
DBG summary depth_guard_fired=0
Score = 160386
=== CASE 0133.txt ===
DBG hdr N=10 M=7 T=100 U=3 VMAX=1854 TIME_LIMIT=1.94 MAX_CAND=20 UCB_C=0.21
DBG t=0 used=0.024 remain=1.94 turn_time=0.0237456 end_in=0.0237456 cand_pre=4 cand_cap=20 cand=4->4 pre=4 pick(must/bucket/top/rand)=1/2/1/0 depth0=7 depth=6 dlog=1 dper=0 sims=3852 loop=3848 gen_time=0 eval_time=0.024 best_avg=-0.636046 best_move=9,5 leader=3 inc2=1 attack_w=0.506222
DBG t=12 used=0.023 remain=1.658 turn_time=0.0220815 end_in=0.0220815 cand_pre=12 cand_cap=20 cand=12->12 pre=12 pick(must/bucket/top/rand)=1/4/7/0 depth0=7 depth=4 dlog=3 dper=0 sims=4016 loop=4004 gen_time=0 eval_time=0.023 best_avg=-0.385669 best_move=8,3 leader=4 inc2=1 attack_w=0.2
DBG t=24 used=0.022 remain=1.391 turn_time=0.0210938 end_in=0.0210938 cand_pre=15 cand_cap=20 cand=15->15 pre=15 pick(must/bucket/top/rand)=1/6/8/0 depth0=7 depth=4 dlog=3 dper=0 sims=3391 loop=3376 gen_time=0 eval_time=0.022 best_avg=-0.457205 best_move=8,5 leader=6 inc2=1 attack_w=0.2
DBG t=37 used=0.02 remain=1.109 turn_time=0.0193723 end_in=0.0193723 cand_pre=23 cand_cap=20 cand=23->20 pre=23 pick(must/bucket/top/rand)=1/6/9/4 depth0=10 depth=6 dlog=4 dper=0 sims=1944 loop=1924 gen_time=0 eval_time=0.02 best_avg=-0.641394 best_move=9,1 leader=6 inc2=1 attack_w=0.343112
DBG t=49 used=0.019 remain=0.875 turn_time=0.0187696 end_in=0.0187696 cand_pre=24 cand_cap=20 cand=24->20 pre=24 pick(must/bucket/top/rand)=1/6/9/4 depth0=10 depth=6 dlog=4 dper=0 sims=1788 loop=1768 gen_time=0 eval_time=0.019 best_avg=-0.642793 best_move=8,0 leader=6 inc2=1 attack_w=0.431977
DBG t=61 used=0.019 remain=0.648 turn_time=0.0182852 end_in=0.0182852 cand_pre=23 cand_cap=20 cand=23->20 pre=23 pick(must/bucket/top/rand)=1/4/11/4 depth0=10 depth=6 dlog=4 dper=0 sims=1720 loop=1700 gen_time=0 eval_time=0.019 best_avg=-0.601536 best_move=9,7 leader=6 inc2=1 attack_w=0.247217
DBG t=74 used=0.017 remain=0.417 turn_time=0.0167121 end_in=0.0167121 cand_pre=32 cand_cap=20 cand=32->20 pre=32 pick(must/bucket/top/rand)=1/6/9/4 depth0=11 depth=5 dlog=4 dper=2 sims=1736 loop=1716 gen_time=0 eval_time=0.017 best_avg=-0.502769 best_move=8,8 leader=6 inc2=1 attack_w=0.2
DBG t=86 used=0.016 remain=0.219 turn_time=0.0157915 end_in=0.0157915 cand_pre=37 cand_cap=20 cand=37->20 pre=37 pick(must/bucket/top/rand)=1/6/9/4 depth0=11 depth=4 dlog=5 dper=2 sims=1716 loop=1696 gen_time=0 eval_time=0.016 best_avg=-0.495594 best_move=8,4 leader=6 inc2=1 attack_w=0.2
DBG depth_guard t=99 remain=0.015 cand_pre=41 depth0=0 depth=0
DBG t=99 used=0.01 remain=0.015 turn_time=0.009 end_in=0.009 cand_pre=41 cand_cap=14 cand=41->14 pre=41 pick(must/bucket/top/rand)=1/8/2/3 depth0=0 depth=0 dlog=5 dper=5 sims=9562 loop=9548 gen_time=0 eval_time=0.01 best_avg=-0.404343 best_move=6,0 leader=6 inc2=1 attack_w=0.2
DBG summary depth_guard_fired=1
Score = 112268
=== CASE 0132.txt ===
DBG hdr N=10 M=5 T=100 U=3 VMAX=2576 TIME_LIMIT=1.94 MAX_CAND=20 UCB_C=0.21
DBG t=0 used=0.024 remain=1.94 turn_time=0.0237456 end_in=0.0237456 cand_pre=4 cand_cap=20 cand=4->4 pre=4 pick(must/bucket/top/rand)=1/2/1/0 depth0=7 depth=6 dlog=1 dper=0 sims=4812 loop=4808 gen_time=0 eval_time=0.024 best_avg=-1.2467 best_move=9,1 leader=4 inc2=1 attack_w=0.85
DBG t=12 used=0.023 remain=1.656 turn_time=0.0226665 end_in=0.0226665 cand_pre=7 cand_cap=20 cand=7->7 pre=7 pick(must/bucket/top/rand)=1/3/3/0 depth0=7 depth=5 dlog=2 dper=0 sims=4023 loop=4016 gen_time=0 eval_time=0.023 best_avg=-1.47257 best_move=8,0 leader=4 inc2=1 attack_w=0.85
DBG t=24 used=0.021 remain=1.388 turn_time=0.0204547 end_in=0.0204547 cand_pre=20 cand_cap=20 cand=20->20 pre=20 pick(must/bucket/top/rand)=1/6/9/4 depth0=7 depth=3 dlog=4 dper=0 sims=5196 loop=5176 gen_time=0 eval_time=0.021 best_avg=-1.25822 best_move=5,1 leader=4 inc2=1 attack_w=0.85
DBG t=37 used=0.02 remain=1.119 turn_time=0.0193161 end_in=0.0193161 cand_pre=25 cand_cap=20 cand=25->20 pre=25 pick(must/bucket/top/rand)=1/7/8/4 depth0=10 depth=6 dlog=4 dper=0 sims=1596 loop=1576 gen_time=0 eval_time=0.02 best_avg=-1.31193 best_move=9,1 leader=3 inc2=1 attack_w=0.85
DBG t=49 used=0.019 remain=0.886 turn_time=0.0187797 end_in=0.0187797 cand_pre=26 cand_cap=20 cand=26->20 pre=26 pick(must/bucket/top/rand)=1/6/9/4 depth0=10 depth=5 dlog=4 dper=1 sims=2848 loop=2828 gen_time=0 eval_time=0.019 best_avg=-1.28591 best_move=2,1 leader=3 inc2=0 attack_w=0.85
DBG t=61 used=0.019 remain=0.658 turn_time=0.0182384 end_in=0.0182384 cand_pre=26 cand_cap=20 cand=26->20 pre=26 pick(must/bucket/top/rand)=1/6/9/4 depth0=10 depth=5 dlog=4 dper=1 sims=2684 loop=2664 gen_time=0 eval_time=0.019 best_avg=-1.43348 best_move=3,4 leader=3 inc2=0 attack_w=0.85
DBG t=74 used=0.018 remain=0.422 turn_time=0.017229 end_in=0.017229 cand_pre=29 cand_cap=20 cand=29->20 pre=29 pick(must/bucket/top/rand)=1/6/9/4 depth0=11 depth=6 dlog=4 dper=1 sims=1848 loop=1828 gen_time=0 eval_time=0.018 best_avg=-1.50532 best_move=2,0 leader=3 inc2=0 attack_w=0.85
DBG t=86 used=0.017 remain=0.214 turn_time=0.0161264 end_in=0.0161264 cand_pre=30 cand_cap=20 cand=30->20 pre=30 pick(must/bucket/top/rand)=1/6/9/4 depth0=11 depth=5 dlog=4 dper=2 sims=1936 loop=1916 gen_time=0 eval_time=0.017 best_avg=-1.42607 best_move=1,1 leader=3 inc2=0 attack_w=0.85
DBG depth_guard t=99 remain=0.011 cand_pre=27 depth0=0 depth=0
DBG t=99 used=0.007 remain=0.011 turn_time=0.0066 end_in=0.0066 cand_pre=27 cand_cap=12 cand=27->12 pre=27 pick(must/bucket/top/rand)=1/7/2/2 depth0=0 depth=0 dlog=4 dper=4 sims=7920 loop=7908 gen_time=0 eval_time=0.007 best_avg=-1.34653 best_move=1,1 leader=3 inc2=0 attack_w=0.85
DBG summary depth_guard_fired=1
Score = 67170
=== CASE 0137.txt ===
DBG hdr N=10 M=8 T=100 U=1 VMAX=1945 TIME_LIMIT=1.94 MAX_CAND=20 UCB_C=0.21
DBG t=0 used=0.024 remain=1.94 turn_time=0.0237456 end_in=0.0237456 cand_pre=4 cand_cap=20 cand=4->4 pre=4 pick(must/bucket/top/rand)=1/2/1/0 depth0=7 depth=6 dlog=1 dper=0 sims=3048 loop=3044 gen_time=0 eval_time=0.024 best_avg=-0.678 best_move=5,5 leader=6 inc2=1 attack_w=0.85
DBG t=12 used=0.022 remain=1.661 turn_time=0.0215081 end_in=0.0215081 cand_pre=17 cand_cap=20 cand=17->17 pre=17 pick(must/bucket/top/rand)=1/4/11/1 depth0=7 depth=4 dlog=3 dper=0 sims=4025 loop=4008 gen_time=0 eval_time=0.022 best_avg=-0.308326 best_move=6,4 leader=7 inc2=1 attack_w=0.758822
DBG t=24 used=0.02 remain=1.398 turn_time=0.019526 end_in=0.019526 cand_pre=29 cand_cap=20 cand=29->20 pre=29 pick(must/bucket/top/rand)=1/2/13/4 depth0=7 depth=2 dlog=4 dper=1 sims=5732 loop=5712 gen_time=0 eval_time=0.02 best_avg=0.121207 best_move=4,4 leader=5 inc2=1 attack_w=0.2
DBG t=37 used=0.018 remain=1.143 turn_time=0.0176076 end_in=0.0176076 cand_pre=43 cand_cap=20 cand=43->20 pre=43 pick(must/bucket/top/rand)=1/5/10/4 depth0=10 depth=3 dlog=5 dper=2 sims=1860 loop=1840 gen_time=0 eval_time=0.018 best_avg=0.585092 best_move=8,0 leader=2 inc2=1 attack_w=0.2
DBG t=49 used=0.023 remain=0.924 turn_time=0.0220582 end_in=0.0220582 cand_pre=5 cand_cap=20 cand=5->5 pre=5 pick(must/bucket/top/rand)=1/3/1/0 depth0=10 depth=8 dlog=2 dper=0 sims=2381 loop=2376 gen_time=0 eval_time=0.023 best_avg=0.761867 best_move=1,0 leader=3 inc2=1 attack_w=0.2
DBG t=61 used=0.017 remain=0.686 turn_time=0.0168422 end_in=0.0168422 cand_pre=45 cand_cap=20 cand=45->20 pre=45 pick(must/bucket/top/rand)=1/6/9/4 depth0=10 depth=2 dlog=5 dper=3 sims=5236 loop=5216 gen_time=0 eval_time=0.017 best_avg=0.851345 best_move=8,3 leader=6 inc2=1 attack_w=0.2
DBG t=74 used=0.022 remain=0.467 turn_time=0.0215179 end_in=0.0215179 cand_pre=8 cand_cap=20 cand=8->8 pre=8 pick(must/bucket/top/rand)=1/1/6/0 depth0=11 depth=9 dlog=2 dper=0 sims=1660 loop=1652 gen_time=0 eval_time=0.022 best_avg=0.831415 best_move=0,1 leader=4 inc2=1 attack_w=0.2
DBG t=86 used=0.016 remain=0.235 turn_time=0.0154177 end_in=0.0154177 cand_pre=51 cand_cap=20 cand=51->20 pre=51 pick(must/bucket/top/rand)=1/6/9/4 depth0=11 depth=3 dlog=5 dper=3 sims=3116 loop=3096 gen_time=0 eval_time=0.016 best_avg=0.94669 best_move=1,2 leader=2 inc2=1 attack_w=0.2
DBG depth_guard t=99 remain=0.019 cand_pre=50 depth0=0 depth=0
DBG t=99 used=0.012 remain=0.019 turn_time=0.0114 end_in=0.0114 cand_pre=50 cand_cap=16 cand=50->16 pre=48 pick(must/bucket/top/rand)=1/6/5/4 depth0=0 depth=0 dlog=5 dper=4 sims=22504 loop=22488 gen_time=0 eval_time=0.012 best_avg=0.990565 best_move=4,3 leader=5 inc2=1 attack_w=0.2
DBG summary depth_guard_fired=1
Score = 238929
=== CASE 0136.txt ===
DBG hdr N=10 M=6 T=100 U=1 VMAX=2305 TIME_LIMIT=1.94 MAX_CAND=20 UCB_C=0.21
DBG t=0 used=0.024 remain=1.94 turn_time=0.0236195 end_in=0.0236195 cand_pre=5 cand_cap=20 cand=5->5 pre=5 pick(must/bucket/top/rand)=1/2/2/0 depth0=7 depth=5 dlog=2 dper=0 sims=5109 loop=5104 gen_time=0 eval_time=0.024 best_avg=-1.01946 best_move=4,5 leader=5 inc2=1 attack_w=0.85
DBG t=12 used=0.024 remain=1.669 turn_time=0.023091 end_in=0.023091 cand_pre=5 cand_cap=20 cand=5->5 pre=5 pick(must/bucket/top/rand)=1/3/1/0 depth0=7 depth=5 dlog=2 dper=0 sims=3189 loop=3184 gen_time=0 eval_time=0.024 best_avg=-0.754079 best_move=1,2 leader=2 inc2=1 attack_w=0.539299
DBG t=24 used=0.023 remain=1.401 turn_time=0.0225635 end_in=0.0225635 cand_pre=4 cand_cap=20 cand=4->4 pre=4 pick(must/bucket/top/rand)=1/0/3/0 depth0=7 depth=6 dlog=1 dper=0 sims=2760 loop=2756 gen_time=0 eval_time=0.023 best_avg=-0.552475 best_move=2,5 leader=3 inc2=1 attack_w=0.85
DBG t=37 used=0.021 remain=1.109 turn_time=0.0204021 end_in=0.0204021 cand_pre=14 cand_cap=20 cand=14->14 pre=14 pick(must/bucket/top/rand)=1/0/13/0 depth0=10 depth=7 dlog=3 dper=0 sims=1910 loop=1896 gen_time=0 eval_time=0.021 best_avg=-0.0713362 best_move=8,1 leader=2 inc2=1 attack_w=0.2
DBG t=49 used=0.017 remain=0.881 turn_time=0.0169895 end_in=0.0169895 cand_pre=41 cand_cap=20 cand=41->20 pre=41 pick(must/bucket/top/rand)=1/6/9/4 depth0=10 depth=3 dlog=5 dper=2 sims=3284 loop=3264 gen_time=0 eval_time=0.017 best_avg=0.269779 best_move=5,4 leader=4 inc2=1 attack_w=0.2
DBG t=61 used=0.016 remain=0.68 turn_time=0.0154482 end_in=0.0154482 cand_pre=56 cand_cap=20 cand=56->20 pre=56 pick(must/bucket/top/rand)=1/5/10/4 depth0=10 depth=1 dlog=5 dper=4 sims=6948 loop=6928 gen_time=0 eval_time=0.016 best_avg=0.611767 best_move=2,2 leader=3 inc2=1 attack_w=0.2
DBG t=74 used=0.016 remain=0.472 turn_time=0.0156123 end_in=0.0156123 cand_pre=60 cand_cap=20 cand=60->20 pre=60 pick(must/bucket/top/rand)=1/5/10/4 depth0=11 depth=2 dlog=5 dper=4 sims=4072 loop=4052 gen_time=0 eval_time=0.016 best_avg=0.491573 best_move=5,4 leader=4 inc2=1 attack_w=0.2
DBG t=86 used=0.017 remain=0.275 turn_time=0.0167652 end_in=0.0167652 cand_pre=61 cand_cap=14 cand=61->14 pre=42 pick(must/bucket/top/rand)=1/5/5/3 depth0=11 depth=2 dlog=5 dper=4 sims=4946 loop=4932 gen_time=0 eval_time=0.017 best_avg=0.322269 best_move=6,2 leader=5 inc2=1 attack_w=0.2
DBG depth_guard t=99 remain=0.016 cand_pre=20 depth0=0 depth=0
DBG t=99 used=0.01 remain=0.016 turn_time=0.0096 end_in=0.0096 cand_pre=20 cand_cap=14 cand=20->14 pre=20 pick(must/bucket/top/rand)=1/3/7/3 depth0=0 depth=0 dlog=4 dper=2 sims=20798 loop=20784 gen_time=0 eval_time=0.01 best_avg=0.374783 best_move=4,2 leader=5 inc2=1 attack_w=0.2
DBG summary depth_guard_fired=1
Score = 184106
=== CASE 0135.txt ===
DBG hdr N=10 M=7 T=100 U=5 VMAX=1885 TIME_LIMIT=1.94 MAX_CAND=20 UCB_C=0.21
DBG t=0 used=0.024 remain=1.94 turn_time=0.0236195 end_in=0.0236195 cand_pre=5 cand_cap=20 cand=5->5 pre=5 pick(must/bucket/top/rand)=1/2/2/0 depth0=7 depth=5 dlog=2 dper=0 sims=5341 loop=5336 gen_time=0 eval_time=0.024 best_avg=-0.881093 best_move=6,3 leader=4 inc2=1 attack_w=0.85
DBG t=12 used=0.022 remain=1.659 turn_time=0.0217272 end_in=0.0217272 cand_pre=15 cand_cap=20 cand=15->15 pre=15 pick(must/bucket/top/rand)=1/4/10/0 depth0=7 depth=4 dlog=3 dper=0 sims=4147 loop=4132 gen_time=0 eval_time=0.022 best_avg=-0.644766 best_move=4,5 leader=3 inc2=1 attack_w=0.85
DBG t=24 used=0.02 remain=1.407 turn_time=0.0198924 end_in=0.0198924 cand_pre=27 cand_cap=20 cand=27->20 pre=27 pick(must/bucket/top/rand)=1/5/10/4 depth0=7 depth=2 dlog=4 dper=1 sims=5664 loop=5644 gen_time=0 eval_time=0.02 best_avg=-0.378876 best_move=2,4 leader=6 inc2=1 attack_w=0.2
DBG t=37 used=0.02 remain=1.142 turn_time=0.0190061 end_in=0.0190061 cand_pre=31 cand_cap=20 cand=31->20 pre=31 pick(must/bucket/top/rand)=1/8/7/4 depth0=10 depth=5 dlog=4 dper=1 sims=1232 loop=1212 gen_time=0 eval_time=0.02 best_avg=-0.418683 best_move=4,6 leader=6 inc2=1 attack_w=0.2
DBG t=49 used=0.019 remain=0.912 turn_time=0.0184009 end_in=0.0184009 cand_pre=34 cand_cap=20 cand=34->20 pre=34 pick(must/bucket/top/rand)=1/6/9/4 depth0=10 depth=4 dlog=4 dper=2 sims=2864 loop=2844 gen_time=0 eval_time=0.019 best_avg=-0.374082 best_move=7,3 leader=6 inc2=1 attack_w=0.2
DBG t=61 used=0.018 remain=0.69 turn_time=0.0178604 end_in=0.0178604 cand_pre=37 cand_cap=20 cand=37->20 pre=37 pick(must/bucket/top/rand)=1/6/9/4 depth0=10 depth=3 dlog=5 dper=2 sims=3400 loop=3380 gen_time=0 eval_time=0.018 best_avg=-0.276867 best_move=4,4 leader=6 inc2=1 attack_w=0.2
DBG t=74 used=0.018 remain=0.456 turn_time=0.0174771 end_in=0.0174771 cand_pre=39 cand_cap=20 cand=39->20 pre=39 pick(must/bucket/top/rand)=1/7/8/4 depth0=11 depth=4 dlog=5 dper=2 sims=2436 loop=2416 gen_time=0 eval_time=0.018 best_avg=-0.284341 best_move=7,7 leader=6 inc2=1 attack_w=0.2
DBG t=86 used=0.018 remain=0.24 turn_time=0.0173057 end_in=0.0173057 cand_pre=37 cand_cap=20 cand=37->20 pre=37 pick(must/bucket/top/rand)=1/7/8/4 depth0=11 depth=4 dlog=5 dper=2 sims=2500 loop=2480 gen_time=0 eval_time=0.018 best_avg=-0.493928 best_move=6,3 leader=6 inc2=1 attack_w=0.2
DBG depth_guard t=99 remain=0.011 cand_pre=19 depth0=0 depth=0
DBG t=99 used=0.007 remain=0.011 turn_time=0.0066 end_in=0.0066 cand_pre=19 cand_cap=12 cand=19->12 pre=19 pick(must/bucket/top/rand)=1/5/4/2 depth0=0 depth=0 dlog=4 dper=3 sims=7668 loop=7656 gen_time=0 eval_time=0.007 best_avg=-0.514347 best_move=7,4 leader=6 inc2=1 attack_w=0.2
DBG summary depth_guard_fired=1
Score = 103997
=== CASE 0139.txt ===
DBG hdr N=10 M=7 T=100 U=1 VMAX=1258 TIME_LIMIT=1.94 MAX_CAND=20 UCB_C=0.21
DBG t=0 used=0.024 remain=1.94 turn_time=0.0236195 end_in=0.0236195 cand_pre=5 cand_cap=20 cand=5->5 pre=5 pick(must/bucket/top/rand)=1/2/2/0 depth0=7 depth=5 dlog=2 dper=0 sims=4861 loop=4856 gen_time=0 eval_time=0.024 best_avg=-0.666784 best_move=5,3 leader=1 inc2=1 attack_w=0.85
DBG t=12 used=0.02 remain=1.673 turn_time=0.0195627 end_in=0.0195627 cand_pre=34 cand_cap=20 cand=34->20 pre=34 pick(must/bucket/top/rand)=1/5/10/4 depth0=7 depth=2 dlog=4 dper=1 sims=4916 loop=4896 gen_time=0 eval_time=0.02 best_avg=-0.396706 best_move=9,3 leader=4 inc2=1 attack_w=0.2
DBG t=24 used=0.024 remain=1.423 turn_time=0.0230395 end_in=0.0230395 cand_pre=3 cand_cap=20 cand=3->3 pre=3 pick(must/bucket/top/rand)=1/1/1/0 depth0=7 depth=6 dlog=1 dper=0 sims=2227 loop=2224 gen_time=0 eval_time=0.024 best_avg=-0.559411 best_move=2,4 leader=3 inc2=1 attack_w=0.283832
DBG t=37 used=0.019 remain=1.162 turn_time=0.0186197 end_in=0.0186197 cand_pre=37 cand_cap=20 cand=37->20 pre=37 pick(must/bucket/top/rand)=1/6/9/4 depth0=10 depth=3 dlog=5 dper=2 sims=3320 loop=3300 gen_time=0 eval_time=0.019 best_avg=-0.0904109 best_move=6,6 leader=6 inc2=1 attack_w=0.2
DBG t=49 used=0.02 remain=0.92 turn_time=0.0193831 end_in=0.0193831 cand_pre=27 cand_cap=20 cand=27->20 pre=27 pick(must/bucket/top/rand)=1/4/11/4 depth0=10 depth=5 dlog=4 dper=1 sims=2152 loop=2132 gen_time=0 eval_time=0.02 best_avg=0.135371 best_move=9,7 leader=3 inc2=1 attack_w=0.2
DBG t=61 used=0.017 remain=0.705 turn_time=0.0167212 end_in=0.0167212 cand_pre=50 cand_cap=20 cand=50->20 pre=50 pick(must/bucket/top/rand)=1/3/12/4 depth0=10 depth=2 dlog=5 dper=3 sims=4164 loop=4144 gen_time=0 eval_time=0.017 best_avg=0.665651 best_move=3,6 leader=6 inc2=1 attack_w=0.2
DBG t=74 used=0.017 remain=0.484 turn_time=0.0166142 end_in=0.0166142 cand_pre=55 cand_cap=20 cand=55->20 pre=55 pick(must/bucket/top/rand)=1/4/11/4 depth0=11 depth=3 dlog=5 dper=3 sims=2692 loop=2672 gen_time=0 eval_time=0.017 best_avg=0.588641 best_move=6,0 leader=6 inc2=1 attack_w=0.2
DBG t=86 used=0.017 remain=0.266 turn_time=0.0164635 end_in=0.0164635 cand_pre=59 cand_cap=20 cand=59->20 pre=59 pick(must/bucket/top/rand)=1/4/11/4 depth0=11 depth=2 dlog=5 dper=4 sims=3380 loop=3360 gen_time=0 eval_time=0.017 best_avg=0.59589 best_move=6,7 leader=3 inc2=1 attack_w=0.2
DBG t=99 used=0.013 remain=0.02 turn_time=0.012 end_in=0.012 cand_pre=51 cand_cap=16 cand=51->16 pre=48 pick(must/bucket/top/rand)=1/4/7/4 depth0=0 depth=0 dlog=5 dper=4 sims=14952 loop=14936 gen_time=0 eval_time=0.013 best_avg=0.268413 best_move=3,0 leader=5 inc2=1 attack_w=0.2
DBG summary depth_guard_fired=0
Score = 169587
=== CASE 0138.txt ===
DBG hdr N=10 M=6 T=100 U=2 VMAX=2279 TIME_LIMIT=1.94 MAX_CAND=20 UCB_C=0.21
DBG t=0 used=0.024 remain=1.94 turn_time=0.0236195 end_in=0.0236195 cand_pre=5 cand_cap=20 cand=5->5 pre=5 pick(must/bucket/top/rand)=1/2/2/0 depth0=7 depth=5 dlog=2 dper=0 sims=4961 loop=4956 gen_time=0 eval_time=0.024 best_avg=-0.921323 best_move=6,8 leader=4 inc2=1 attack_w=0.85
DBG t=12 used=0.022 remain=1.664 turn_time=0.0211782 end_in=0.0211782 cand_pre=20 cand_cap=20 cand=20->20 pre=20 pick(must/bucket/top/rand)=1/6/9/4 depth0=7 depth=3 dlog=4 dper=0 sims=4976 loop=4956 gen_time=0 eval_time=0.022 best_avg=-0.42653 best_move=2,9 leader=2 inc2=1 attack_w=0.2
DBG t=24 used=0.02 remain=1.411 turn_time=0.0199489 end_in=0.0199489 cand_pre=27 cand_cap=20 cand=27->20 pre=27 pick(must/bucket/top/rand)=1/7/8/4 depth0=7 depth=2 dlog=4 dper=1 sims=5600 loop=5580 gen_time=0 eval_time=0.02 best_avg=-0.383871 best_move=1,7 leader=2 inc2=1 attack_w=0.2
DBG t=37 used=0.02 remain=1.151 turn_time=0.0193934 end_in=0.0193934 cand_pre=29 cand_cap=20 cand=29->20 pre=29 pick(must/bucket/top/rand)=1/7/8/4 depth0=10 depth=5 dlog=4 dper=1 sims=2208 loop=2188 gen_time=0 eval_time=0.02 best_avg=-0.786453 best_move=1,7 leader=2 inc2=1 attack_w=0.447043
DBG t=49 used=0.02 remain=0.913 turn_time=0.0190029 end_in=0.0190029 cand_pre=29 cand_cap=20 cand=29->20 pre=29 pick(must/bucket/top/rand)=1/6/9/4 depth0=10 depth=5 dlog=4 dper=1 sims=2172 loop=2152 gen_time=0 eval_time=0.02 best_avg=-0.797356 best_move=0,6 leader=2 inc2=1 attack_w=0.32832
DBG t=61 used=0.019 remain=0.682 turn_time=0.0189036 end_in=0.0189036 cand_pre=26 cand_cap=20 cand=26->20 pre=26 pick(must/bucket/top/rand)=1/5/10/4 depth0=10 depth=5 dlog=4 dper=1 sims=2364 loop=2344 gen_time=0 eval_time=0.019 best_avg=-0.968509 best_move=1,7 leader=2 inc2=1 attack_w=0.640424
DBG t=74 used=0.018 remain=0.435 turn_time=0.0179772 end_in=0.0179772 cand_pre=27 cand_cap=20 cand=27->20 pre=27 pick(must/bucket/top/rand)=1/6/9/4 depth0=11 depth=6 dlog=4 dper=1 sims=1804 loop=1784 gen_time=0 eval_time=0.018 best_avg=-1.13774 best_move=3,6 leader=2 inc2=1 attack_w=0.85
DBG t=86 used=0.017 remain=0.221 turn_time=0.0167565 end_in=0.0167565 cand_pre=29 cand_cap=20 cand=29->20 pre=29 pick(must/bucket/top/rand)=1/3/12/4 depth0=11 depth=6 dlog=4 dper=1 sims=1688 loop=1668 gen_time=0 eval_time=0.017 best_avg=-1.05091 best_move=4,6 leader=2 inc2=1 attack_w=0.85
DBG depth_guard t=99 remain=0.012 cand_pre=31 depth0=0 depth=0
DBG t=99 used=0.008 remain=0.012 turn_time=0.0072 end_in=0.0072 cand_pre=31 cand_cap=12 cand=31->12 pre=31 pick(must/bucket/top/rand)=1/5/4/2 depth0=0 depth=0 dlog=4 dper=4 sims=9008 loop=8996 gen_time=0 eval_time=0.008 best_avg=-0.89856 best_move=1,7 leader=1 inc2=1 attack_w=0.85
DBG summary depth_guard_fired=1
Score = 82283
=== CASE 0142.txt ===
DBG hdr N=10 M=4 T=100 U=3 VMAX=1934 TIME_LIMIT=1.94 MAX_CAND=20 UCB_C=0.21
DBG t=0 used=0.024 remain=1.94 turn_time=0.0236195 end_in=0.0236195 cand_pre=5 cand_cap=20 cand=5->5 pre=5 pick(must/bucket/top/rand)=1/2/2/0 depth0=7 depth=5 dlog=2 dper=0 sims=7617 loop=7612 gen_time=0 eval_time=0.024 best_avg=-1.49274 best_move=2,1 leader=2 inc2=1 attack_w=0.85
DBG t=12 used=0.022 remain=1.661 turn_time=0.0217534 end_in=0.0217534 cand_pre=15 cand_cap=20 cand=15->15 pre=15 pick(must/bucket/top/rand)=1/3/11/0 depth0=7 depth=4 dlog=3 dper=0 sims=5519 loop=5504 gen_time=0 eval_time=0.022 best_avg=-0.797207 best_move=4,2 leader=2 inc2=0 attack_w=0.551602
DBG t=24 used=0.021 remain=1.402 turn_time=0.0203013 end_in=0.0203013 cand_pre=23 cand_cap=20 cand=23->20 pre=23 pick(must/bucket/top/rand)=1/6/9/4 depth0=7 depth=3 dlog=4 dper=0 sims=5836 loop=5816 gen_time=0 eval_time=0.021 best_avg=-0.831222 best_move=3,1 leader=2 inc2=1 attack_w=0.2
DBG t=37 used=0.019 remain=1.143 turn_time=0.0183152 end_in=0.0183152 cand_pre=37 cand_cap=20 cand=37->20 pre=37 pick(must/bucket/top/rand)=1/6/9/4 depth0=10 depth=3 dlog=5 dper=2 sims=5832 loop=5812 gen_time=0 eval_time=0.019 best_avg=-0.70847 best_move=5,3 leader=2 inc2=0 attack_w=0.2
DBG t=49 used=0.018 remain=0.923 turn_time=0.0172112 end_in=0.0172112 cand_pre=46 cand_cap=20 cand=46->20 pre=46 pick(must/bucket/top/rand)=1/8/7/4 depth0=10 depth=2 dlog=5 dper=3 sims=7604 loop=7584 gen_time=0 eval_time=0.018 best_avg=-0.243127 best_move=3,1 leader=1 inc2=1 attack_w=0.2
DBG t=61 used=0.018 remain=0.71 turn_time=0.0171947 end_in=0.0171947 cand_pre=47 cand_cap=20 cand=47->20 pre=47 pick(must/bucket/top/rand)=1/8/7/4 depth0=10 depth=2 dlog=5 dper=3 sims=8448 loop=8428 gen_time=0 eval_time=0.018 best_avg=-0.279153 best_move=9,1 leader=1 inc2=1 attack_w=0.2
DBG t=74 used=0.018 remain=0.476 turn_time=0.0175296 end_in=0.0175296 cand_pre=45 cand_cap=20 cand=45->20 pre=45 pick(must/bucket/top/rand)=1/6/9/4 depth0=11 depth=3 dlog=5 dper=3 sims=5312 loop=5292 gen_time=0 eval_time=0.018 best_avg=-0.296625 best_move=8,3 leader=1 inc2=1 attack_w=0.2
DBG t=86 used=0.019 remain=0.26 turn_time=0.0180236 end_in=0.0180236 cand_pre=43 cand_cap=20 cand=43->20 pre=43 pick(must/bucket/top/rand)=1/6/9/4 depth0=11 depth=4 dlog=5 dper=2 sims=4132 loop=4112 gen_time=0 eval_time=0.019 best_avg=-0.22501 best_move=6,3 leader=1 inc2=1 attack_w=0.2
DBG t=99 used=0.013 remain=0.021 turn_time=0.0126 end_in=0.0126 cand_pre=50 cand_cap=16 cand=50->16 pre=48 pick(must/bucket/top/rand)=1/8/3/4 depth0=0 depth=0 dlog=5 dper=4 sims=29508 loop=29492 gen_time=0 eval_time=0.013 best_avg=0.111485 best_move=4,1 leader=1 inc2=1 attack_w=0.2
DBG summary depth_guard_fired=0
Score = 203788
=== CASE 0140.txt ===
DBG hdr N=10 M=6 T=100 U=4 VMAX=2013 TIME_LIMIT=1.94 MAX_CAND=20 UCB_C=0.21
DBG t=0 used=0.024 remain=1.94 turn_time=0.0238717 end_in=0.0238717 cand_pre=3 cand_cap=20 cand=3->3 pre=3 pick(must/bucket/top/rand)=1/2/0/0 depth0=7 depth=6 dlog=1 dper=0 sims=4895 loop=4892 gen_time=0 eval_time=0.024 best_avg=-1.20957 best_move=4,4 leader=4 inc2=1 attack_w=0.85
DBG t=12 used=0.023 remain=1.66 turn_time=0.022476 end_in=0.022476 cand_pre=9 cand_cap=20 cand=9->9 pre=9 pick(must/bucket/top/rand)=1/6/2/0 depth0=7 depth=4 dlog=3 dper=0 sims=4053 loop=4044 gen_time=0 eval_time=0.023 best_avg=-0.624562 best_move=4,5 leader=1 inc2=1 attack_w=0.574967
DBG t=24 used=0.022 remain=1.393 turn_time=0.021005 end_in=0.021005 cand_pre=16 cand_cap=20 cand=16->16 pre=16 pick(must/bucket/top/rand)=1/8/7/0 depth0=7 depth=4 dlog=3 dper=0 sims=3500 loop=3484 gen_time=0 eval_time=0.022 best_avg=-0.701179 best_move=6,8 leader=5 inc2=1 attack_w=0.299243
DBG t=37 used=0.021 remain=1.119 turn_time=0.0202397 end_in=0.0202397 cand_pre=17 cand_cap=20 cand=17->17 pre=17 pick(must/bucket/top/rand)=1/8/7/1 depth0=10 depth=7 dlog=3 dper=0 sims=1621 loop=1604 gen_time=0 eval_time=0.021 best_avg=-0.888211 best_move=6,6 leader=3 inc2=1 attack_w=0.722237
DBG t=49 used=0.02 remain=0.875 turn_time=0.0193272 end_in=0.0193272 cand_pre=19 cand_cap=20 cand=19->19 pre=19 pick(must/bucket/top/rand)=1/6/9/3 depth0=10 depth=6 dlog=4 dper=0 sims=1943 loop=1924 gen_time=0 eval_time=0.02 best_avg=-0.81711 best_move=5,6 leader=5 inc2=1 attack_w=0.815357
DBG t=61 used=0.018 remain=0.646 turn_time=0.0175828 end_in=0.0175828 cand_pre=29 cand_cap=20 cand=29->20 pre=29 pick(must/bucket/top/rand)=1/8/7/4 depth0=10 depth=5 dlog=4 dper=1 sims=2196 loop=2176 gen_time=0 eval_time=0.018 best_avg=-0.48306 best_move=3,8 leader=5 inc2=1 attack_w=0.2
DBG t=74 used=0.017 remain=0.42 turn_time=0.0166223 end_in=0.0166223 cand_pre=34 cand_cap=20 cand=34->20 pre=34 pick(must/bucket/top/rand)=1/6/9/4 depth0=11 depth=5 dlog=4 dper=2 sims=2128 loop=2108 gen_time=0 eval_time=0.017 best_avg=-0.303505 best_move=8,7 leader=5 inc2=1 attack_w=0.2
DBG t=86 used=0.016 remain=0.223 turn_time=0.0158728 end_in=0.0158728 cand_pre=39 cand_cap=20 cand=39->20 pre=39 pick(must/bucket/top/rand)=1/7/8/4 depth0=11 depth=4 dlog=5 dper=2 sims=2456 loop=2436 gen_time=0 eval_time=0.016 best_avg=-0.131538 best_move=2,6 leader=5 inc2=1 attack_w=0.2
DBG depth_guard t=99 remain=0.016 cand_pre=44 depth0=0 depth=0
DBG t=99 used=0.01 remain=0.016 turn_time=0.0096 end_in=0.0096 cand_pre=44 cand_cap=14 cand=44->14 pre=42 pick(must/bucket/top/rand)=1/6/4/3 depth0=0 depth=0 dlog=5 dper=5 sims=12194 loop=12180 gen_time=0 eval_time=0.01 best_avg=-0.10037 best_move=8,6 leader=1 inc2=1 attack_w=0.2
DBG summary depth_guard_fired=1
Score = 143360
=== CASE 0143.txt ===
DBG hdr N=10 M=3 T=100 U=5 VMAX=1725 TIME_LIMIT=1.94 MAX_CAND=20 UCB_C=0.21
DBG t=0 used=0.024 remain=1.94 turn_time=0.0236195 end_in=0.0236195 cand_pre=5 cand_cap=20 cand=5->5 pre=5 pick(must/bucket/top/rand)=1/3/1/0 depth0=7 depth=5 dlog=2 dper=0 sims=9485 loop=9480 gen_time=0 eval_time=0.024 best_avg=-1.51782 best_move=3,5 leader=2 inc2=1 attack_w=0.723879
DBG t=12 used=0.022 remain=1.661 turn_time=0.0218761 end_in=0.0218761 cand_pre=14 cand_cap=20 cand=14->14 pre=14 pick(must/bucket/top/rand)=1/5/8/0 depth0=7 depth=4 dlog=3 dper=0 sims=8074 loop=8060 gen_time=0 eval_time=0.022 best_avg=-1.5981 best_move=2,6 leader=2 inc2=1 attack_w=0.373537
DBG t=24 used=0.021 remain=1.4 turn_time=0.0207513 end_in=0.0207513 cand_pre=19 cand_cap=20 cand=19->19 pre=19 pick(must/bucket/top/rand)=1/6/9/3 depth0=7 depth=3 dlog=4 dper=0 sims=7275 loop=7256 gen_time=0 eval_time=0.021 best_avg=-1.50019 best_move=1,3 leader=1 inc2=1 attack_w=0.2
DBG t=37 used=0.02 remain=1.129 turn_time=0.0198381 end_in=0.0198381 cand_pre=22 cand_cap=20 cand=22->20 pre=22 pick(must/bucket/top/rand)=1/6/9/4 depth0=10 depth=6 dlog=4 dper=0 sims=3076 loop=3056 gen_time=0 eval_time=0.02 best_avg=-1.59082 best_move=0,1 leader=1 inc2=1 attack_w=0.228667
DBG t=49 used=0.02 remain=0.889 turn_time=0.0192965 end_in=0.0192965 cand_pre=22 cand_cap=20 cand=22->20 pre=22 pick(must/bucket/top/rand)=1/6/9/4 depth0=10 depth=6 dlog=4 dper=0 sims=3056 loop=3036 gen_time=0 eval_time=0.02 best_avg=-1.63696 best_move=0,5 leader=2 inc2=1 attack_w=0.250095
DBG t=61 used=0.018 remain=0.663 turn_time=0.0178245 end_in=0.0178245 cand_pre=31 cand_cap=20 cand=31->20 pre=31 pick(must/bucket/top/rand)=1/6/9/4 depth0=10 depth=5 dlog=4 dper=1 sims=2832 loop=2812 gen_time=0 eval_time=0.018 best_avg=-1.61395 best_move=2,6 leader=2 inc2=1 attack_w=0.2
DBG t=74 used=0.017 remain=0.429 turn_time=0.0169785 end_in=0.0169785 cand_pre=34 cand_cap=20 cand=34->20 pre=34 pick(must/bucket/top/rand)=1/6/9/4 depth0=11 depth=5 dlog=4 dper=2 sims=2496 loop=2476 gen_time=0 eval_time=0.017 best_avg=-1.62986 best_move=4,2 leader=1 inc2=1 attack_w=0.2
DBG t=86 used=0.016 remain=0.225 turn_time=0.0159107 end_in=0.0159107 cand_pre=40 cand_cap=20 cand=40->20 pre=40 pick(must/bucket/top/rand)=1/7/8/4 depth0=11 depth=3 dlog=5 dper=3 sims=3248 loop=3228 gen_time=0 eval_time=0.016 best_avg=-1.62296 best_move=6,0 leader=1 inc2=1 attack_w=0.2
DBG depth_guard t=99 remain=0.017 cand_pre=49 depth0=0 depth=0
DBG t=99 used=0.011 remain=0.017 turn_time=0.0102 end_in=0.0102 cand_pre=49 cand_cap=14 cand=49->14 pre=42 pick(must/bucket/top/rand)=1/6/4/3 depth0=0 depth=0 dlog=5 dper=5 sims=15366 loop=15352 gen_time=0 eval_time=0.011 best_avg=-1.49389 best_move=8,1 leader=2 inc2=1 attack_w=0.2
DBG summary depth_guard_fired=1
Score = 116607
=== CASE 0141.txt ===
DBG hdr N=10 M=3 T=100 U=3 VMAX=1781 TIME_LIMIT=1.94 MAX_CAND=20 UCB_C=0.21
DBG t=0 used=0.024 remain=1.94 turn_time=0.0237456 end_in=0.0237456 cand_pre=4 cand_cap=20 cand=4->4 pre=4 pick(must/bucket/top/rand)=1/2/1/0 depth0=7 depth=6 dlog=1 dper=0 sims=6764 loop=6760 gen_time=0 eval_time=0.024 best_avg=-1.60756 best_move=2,0 leader=1 inc2=1 attack_w=0.816927
DBG t=12 used=0.024 remain=1.669 turn_time=0.0232143 end_in=0.0232143 cand_pre=4 cand_cap=20 cand=4->4 pre=4 pick(must/bucket/top/rand)=1/3/0/0 depth0=7 depth=6 dlog=1 dper=0 sims=5412 loop=5408 gen_time=0 eval_time=0.024 best_avg=-1.65371 best_move=6,4 leader=2 inc2=1 attack_w=0.2
DBG t=24 used=0.02 remain=1.411 turn_time=0.0195869 end_in=0.0195869 cand_pre=30 cand_cap=20 cand=30->20 pre=30 pick(must/bucket/top/rand)=1/8/7/4 depth0=7 depth=2 dlog=4 dper=1 sims=9040 loop=9020 gen_time=0 eval_time=0.02 best_avg=-1.4405 best_move=8,3 leader=1 inc2=1 attack_w=0.206317
DBG t=37 used=0.022 remain=1.134 turn_time=0.021564 end_in=0.021564 cand_pre=8 cand_cap=20 cand=8->8 pre=8 pick(must/bucket/top/rand)=1/3/4/0 depth0=10 depth=8 dlog=2 dper=0 sims=3252 loop=3244 gen_time=0 eval_time=0.022 best_avg=-1.80641 best_move=7,3 leader=1 inc2=1 attack_w=0.719752
DBG t=49 used=0.021 remain=0.877 turn_time=0.0202656 end_in=0.0202656 cand_pre=11 cand_cap=20 cand=11->11 pre=11 pick(must/bucket/top/rand)=1/6/4/0 depth0=10 depth=7 dlog=3 dper=0 sims=3675 loop=3664 gen_time=0 eval_time=0.021 best_avg=-1.44653 best_move=8,0 leader=1 inc2=1 attack_w=0.387734
DBG t=61 used=0.019 remain=0.646 turn_time=0.0180135 end_in=0.0180135 cand_pre=25 cand_cap=20 cand=25->20 pre=25 pick(must/bucket/top/rand)=1/8/7/4 depth0=10 depth=5 dlog=4 dper=1 sims=3892 loop=3872 gen_time=0 eval_time=0.019 best_avg=-1.18682 best_move=5,2 leader=1 inc2=1 attack_w=0.2
DBG t=74 used=0.018 remain=0.408 turn_time=0.0170654 end_in=0.0170654 cand_pre=25 cand_cap=20 cand=25->20 pre=25 pick(must/bucket/top/rand)=1/8/7/4 depth0=11 depth=6 dlog=4 dper=1 sims=2816 loop=2796 gen_time=0 eval_time=0.018 best_avg=-1.27507 best_move=5,2 leader=1 inc2=1 attack_w=0.2
DBG t=86 used=0.016 remain=0.206 turn_time=0.0158105 end_in=0.0158105 cand_pre=27 cand_cap=20 cand=27->20 pre=27 pick(must/bucket/top/rand)=1/8/7/4 depth0=11 depth=6 dlog=4 dper=1 sims=2428 loop=2408 gen_time=0 eval_time=0.016 best_avg=-1.3697 best_move=4,1 leader=1 inc2=1 attack_w=0.2
DBG depth_guard t=99 remain=0.01 cand_pre=26 depth0=0 depth=0
DBG t=99 used=0.007 remain=0.01 turn_time=0.006 end_in=0.006 cand_pre=26 cand_cap=12 cand=26->12 pre=26 pick(must/bucket/top/rand)=1/8/1/2 depth0=0 depth=0 dlog=4 dper=4 sims=12172 loop=12160 gen_time=0 eval_time=0.007 best_avg=-1.39389 best_move=6,0 leader=1 inc2=1 attack_w=0.2
DBG summary depth_guard_fired=1
Score = 117654
=== CASE 0145.txt ===
DBG hdr N=10 M=7 T=100 U=1 VMAX=1296 TIME_LIMIT=1.94 MAX_CAND=20 UCB_C=0.21
DBG t=0 used=0.024 remain=1.94 turn_time=0.0238717 end_in=0.0238717 cand_pre=3 cand_cap=20 cand=3->3 pre=3 pick(must/bucket/top/rand)=1/2/0/0 depth0=7 depth=6 dlog=1 dper=0 sims=3339 loop=3336 gen_time=0 eval_time=0.024 best_avg=-0.561842 best_move=9,8 leader=4 inc2=1 attack_w=0.557261
DBG t=12 used=0.022 remain=1.666 turn_time=0.0210806 end_in=0.0210806 cand_pre=21 cand_cap=20 cand=21->20 pre=21 pick(must/bucket/top/rand)=1/6/9/4 depth0=7 depth=3 dlog=4 dper=0 sims=3700 loop=3680 gen_time=0 eval_time=0.022 best_avg=-0.356607 best_move=3,9 leader=3 inc2=1 attack_w=0.286675
DBG t=24 used=0.022 remain=1.408 turn_time=0.0219537 end_in=0.0219537 cand_pre=10 cand_cap=20 cand=10->10 pre=10 pick(must/bucket/top/rand)=1/5/4/0 depth0=7 depth=4 dlog=3 dper=0 sims=2862 loop=2852 gen_time=0 eval_time=0.022 best_avg=0.0205539 best_move=9,3 leader=5 inc2=1 attack_w=0.2
DBG t=37 used=0.021 remain=1.132 turn_time=0.0201244 end_in=0.0201244 cand_pre=20 cand_cap=20 cand=20->20 pre=20 pick(must/bucket/top/rand)=1/6/9/4 depth0=10 depth=6 dlog=4 dper=0 sims=1900 loop=1880 gen_time=0 eval_time=0.021 best_avg=-0.314447 best_move=9,4 leader=3 inc2=1 attack_w=0.2
DBG t=49 used=0.02 remain=0.893 turn_time=0.0191557 end_in=0.0191557 cand_pre=24 cand_cap=20 cand=24->20 pre=24 pick(must/bucket/top/rand)=1/4/11/4 depth0=10 depth=6 dlog=4 dper=0 sims=1624 loop=1604 gen_time=0 eval_time=0.02 best_avg=-0.405908 best_move=3,3 leader=3 inc2=1 attack_w=0.2
DBG t=61 used=0.02 remain=0.655 turn_time=0.0193561 end_in=0.0193561 cand_pre=15 cand_cap=20 cand=15->15 pre=15 pick(must/bucket/top/rand)=1/4/10/0 depth0=10 depth=7 dlog=3 dper=0 sims=1503 loop=1488 gen_time=0 eval_time=0.02 best_avg=-0.223408 best_move=1,6 leader=2 inc2=1 attack_w=0.2
DBG t=74 used=0.015 remain=0.43 turn_time=0.0148681 end_in=0.0148681 cand_pre=54 cand_cap=20 cand=54->20 pre=54 pick(must/bucket/top/rand)=1/4/11/4 depth0=11 depth=2 dlog=5 dper=4 sims=3428 loop=3408 gen_time=0 eval_time=0.015 best_avg=0.317932 best_move=5,4 leader=3 inc2=1 attack_w=0.2
DBG t=86 used=0.016 remain=0.232 turn_time=0.0159749 end_in=0.0159749 cand_pre=44 cand_cap=20 cand=44->20 pre=44 pick(must/bucket/top/rand)=1/4/11/4 depth0=11 depth=3 dlog=5 dper=3 sims=2664 loop=2644 gen_time=0 eval_time=0.016 best_avg=0.47585 best_move=4,4 leader=5 inc2=1 attack_w=0.2
DBG depth_guard t=99 remain=0.017 cand_pre=34 depth0=0 depth=0
DBG t=99 used=0.011 remain=0.017 turn_time=0.0102 end_in=0.0102 cand_pre=34 cand_cap=14 cand=34->14 pre=34 pick(must/bucket/top/rand)=1/2/8/3 depth0=0 depth=0 dlog=4 dper=4 sims=13202 loop=13188 gen_time=0 eval_time=0.011 best_avg=0.55656 best_move=5,5 leader=3 inc2=1 attack_w=0.2
DBG summary depth_guard_fired=1
Score = 184105
=== CASE 0146.txt ===
DBG hdr N=10 M=5 T=100 U=3 VMAX=1522 TIME_LIMIT=1.94 MAX_CAND=20 UCB_C=0.21
DBG t=0 used=0.024 remain=1.94 turn_time=0.0236195 end_in=0.0236195 cand_pre=5 cand_cap=20 cand=5->5 pre=5 pick(must/bucket/top/rand)=1/2/2/0 depth0=7 depth=5 dlog=2 dper=0 sims=5745 loop=5740 gen_time=0 eval_time=0.024 best_avg=-0.943754 best_move=3,4 leader=2 inc2=1 attack_w=0.85
DBG t=12 used=0.024 remain=1.663 turn_time=0.023008 end_in=0.023008 cand_pre=5 cand_cap=20 cand=5->5 pre=5 pick(must/bucket/top/rand)=1/3/1/0 depth0=7 depth=5 dlog=2 dper=0 sims=4185 loop=4180 gen_time=0 eval_time=0.024 best_avg=-0.600381 best_move=7,5 leader=2 inc2=1 attack_w=0.2593
DBG t=24 used=0.021 remain=1.398 turn_time=0.0201238 end_in=0.0201238 cand_pre=24 cand_cap=20 cand=24->20 pre=24 pick(must/bucket/top/rand)=1/8/7/4 depth0=7 depth=3 dlog=4 dper=0 sims=4396 loop=4376 gen_time=0 eval_time=0.021 best_avg=-0.553797 best_move=6,5 leader=2 inc2=1 attack_w=0.2
DBG t=37 used=0.019 remain=1.134 turn_time=0.018756 end_in=0.018756 cand_pre=32 cand_cap=20 cand=32->20 pre=32 pick(must/bucket/top/rand)=1/8/7/4 depth0=10 depth=5 dlog=4 dper=1 sims=2272 loop=2252 gen_time=0 eval_time=0.019 best_avg=-0.558062 best_move=5,7 leader=1 inc2=1 attack_w=0.2
DBG t=49 used=0.019 remain=0.906 turn_time=0.0180489 end_in=0.0180489 cand_pre=36 cand_cap=20 cand=36->20 pre=36 pick(must/bucket/top/rand)=1/8/7/4 depth0=10 depth=3 dlog=5 dper=2 sims=3392 loop=3372 gen_time=0 eval_time=0.019 best_avg=-0.638577 best_move=8,3 leader=1 inc2=1 attack_w=0.2
DBG t=61 used=0.018 remain=0.689 turn_time=0.01749 end_in=0.01749 cand_pre=40 cand_cap=20 cand=40->20 pre=40 pick(must/bucket/top/rand)=1/7/8/4 depth0=10 depth=3 dlog=5 dper=2 sims=3480 loop=3460 gen_time=0 eval_time=0.018 best_avg=-0.63931 best_move=8,3 leader=1 inc2=1 attack_w=0.2
DBG t=74 used=0.018 remain=0.455 turn_time=0.0172112 end_in=0.0172112 cand_pre=41 cand_cap=20 cand=41->20 pre=41 pick(must/bucket/top/rand)=1/5/10/4 depth0=11 depth=4 dlog=5 dper=2 sims=2500 loop=2480 gen_time=0 eval_time=0.018 best_avg=-0.773583 best_move=2,3 leader=1 inc2=0 attack_w=0.2
DBG t=86 used=0.018 remain=0.242 turn_time=0.0173376 end_in=0.0173376 cand_pre=38 cand_cap=20 cand=38->20 pre=38 pick(must/bucket/top/rand)=1/6/9/4 depth0=11 depth=4 dlog=5 dper=2 sims=2332 loop=2312 gen_time=0 eval_time=0.018 best_avg=-0.739337 best_move=6,7 leader=1 inc2=1 attack_w=0.2
DBG depth_guard t=99 remain=0.015 cand_pre=37 depth0=0 depth=0
DBG t=99 used=0.01 remain=0.015 turn_time=0.009 end_in=0.009 cand_pre=37 cand_cap=14 cand=37->14 pre=37 pick(must/bucket/top/rand)=1/5/5/3 depth0=0 depth=0 dlog=5 dper=4 sims=9598 loop=9584 gen_time=0 eval_time=0.01 best_avg=-0.693889 best_move=5,5 leader=2 inc2=1 attack_w=0.2
DBG summary depth_guard_fired=1
Score = 110298
=== CASE 0144.txt ===
DBG hdr N=10 M=3 T=100 U=3 VMAX=1649 TIME_LIMIT=1.94 MAX_CAND=20 UCB_C=0.21
DBG t=0 used=0.024 remain=1.94 turn_time=0.0236195 end_in=0.0236195 cand_pre=5 cand_cap=20 cand=5->5 pre=5 pick(must/bucket/top/rand)=1/2/2/0 depth0=7 depth=5 dlog=2 dper=0 sims=8417 loop=8412 gen_time=0 eval_time=0.024 best_avg=-1.51243 best_move=2,3 leader=1 inc2=1 attack_w=0.805149
DBG t=12 used=0.022 remain=1.661 turn_time=0.02114 end_in=0.02114 cand_pre=20 cand_cap=20 cand=20->20 pre=20 pick(must/bucket/top/rand)=1/6/9/4 depth0=7 depth=3 dlog=4 dper=0 sims=9212 loop=9192 gen_time=0 eval_time=0.022 best_avg=-1.44807 best_move=6,6 leader=1 inc2=1 attack_w=0.496067
DBG t=24 used=0.021 remain=1.407 turn_time=0.0200127 end_in=0.0200127 cand_pre=26 cand_cap=20 cand=26->20 pre=26 pick(must/bucket/top/rand)=1/5/10/4 depth0=7 depth=3 dlog=4 dper=0 sims=8224 loop=8204 gen_time=0 eval_time=0.021 best_avg=-0.828261 best_move=5,6 leader=1 inc2=1 attack_w=0.2
DBG t=37 used=0.02 remain=1.146 turn_time=0.0190727 end_in=0.0190727 cand_pre=31 cand_cap=20 cand=31->20 pre=31 pick(must/bucket/top/rand)=1/8/7/4 depth0=10 depth=5 dlog=4 dper=1 sims=4248 loop=4228 gen_time=0 eval_time=0.02 best_avg=-0.8786 best_move=6,6 leader=1 inc2=1 attack_w=0.2
DBG t=49 used=0.019 remain=0.915 turn_time=0.0184615 end_in=0.0184615 cand_pre=34 cand_cap=20 cand=34->20 pre=34 pick(must/bucket/top/rand)=1/6/9/4 depth0=10 depth=4 dlog=4 dper=2 sims=5056 loop=5036 gen_time=0 eval_time=0.019 best_avg=-0.931147 best_move=6,7 leader=1 inc2=1 attack_w=0.2
DBG t=61 used=0.018 remain=0.688 turn_time=0.0179233 end_in=0.0179233 cand_pre=36 cand_cap=20 cand=36->20 pre=36 pick(must/bucket/top/rand)=1/7/8/4 depth0=10 depth=3 dlog=5 dper=2 sims=6796 loop=6776 gen_time=0 eval_time=0.018 best_avg=-0.513918 best_move=6,5 leader=1 inc2=1 attack_w=0.2
DBG t=74 used=0.017 remain=0.454 turn_time=0.0169464 end_in=0.0169464 cand_pre=43 cand_cap=20 cand=43->20 pre=43 pick(must/bucket/top/rand)=1/6/9/4 depth0=11 depth=3 dlog=5 dper=3 sims=6152 loop=6132 gen_time=0 eval_time=0.017 best_avg=-0.355366 best_move=5,5 leader=1 inc2=1 attack_w=0.2
DBG t=86 used=0.017 remain=0.25 turn_time=0.0166339 end_in=0.0166339 cand_pre=49 cand_cap=20 cand=49->20 pre=49 pick(must/bucket/top/rand)=1/6/9/4 depth0=11 depth=3 dlog=5 dper=3 sims=5892 loop=5872 gen_time=0 eval_time=0.017 best_avg=-0.0263113 best_move=6,8 leader=1 inc2=1 attack_w=0.13
DBG depth_guard t=99 remain=0.01 cand_pre=6 depth0=0 depth=0
DBG t=99 used=0.007 remain=0.01 turn_time=0.006 end_in=0.006 cand_pre=6 cand_cap=12 cand=6->6 pre=6 pick(must/bucket/top/rand)=1/5/0/0 depth0=0 depth=0 dlog=2 dper=0 sims=17462 loop=17456 gen_time=0 eval_time=0.007 best_avg=-0.450072 best_move=6,8 leader=1 inc2=1 attack_w=0.2
DBG summary depth_guard_fired=1
Score = 178553
=== CASE 0149.txt ===
DBG hdr N=10 M=7 T=100 U=5 VMAX=1666 TIME_LIMIT=1.94 MAX_CAND=20 UCB_C=0.21
DBG t=0 used=0.024 remain=1.94 turn_time=0.0236195 end_in=0.0236195 cand_pre=5 cand_cap=20 cand=5->5 pre=5 pick(must/bucket/top/rand)=1/3/1/0 depth0=7 depth=5 dlog=2 dper=0 sims=4709 loop=4704 gen_time=0 eval_time=0.024 best_avg=-0.621608 best_move=5,5 leader=6 inc2=1 attack_w=0.835139
DBG t=12 used=0.023 remain=1.66 turn_time=0.0221082 end_in=0.0221082 cand_pre=12 cand_cap=20 cand=12->12 pre=12 pick(must/bucket/top/rand)=1/7/4/0 depth0=7 depth=4 dlog=3 dper=0 sims=3632 loop=3620 gen_time=0 eval_time=0.023 best_avg=-0.253209 best_move=6,3 leader=2 inc2=1 attack_w=0.235666
DBG t=24 used=0.021 remain=1.389 turn_time=0.0208259 end_in=0.0208259 cand_pre=17 cand_cap=20 cand=17->17 pre=17 pick(must/bucket/top/rand)=1/8/7/1 depth0=7 depth=4 dlog=3 dper=0 sims=3365 loop=3348 gen_time=0 eval_time=0.021 best_avg=-0.280169 best_move=6,6 leader=5 inc2=1 attack_w=0.2
DBG t=37 used=0.021 remain=1.109 turn_time=0.0201732 end_in=0.0201732 cand_pre=16 cand_cap=20 cand=16->16 pre=16 pick(must/bucket/top/rand)=1/8/7/0 depth0=10 depth=7 dlog=3 dper=0 sims=2152 loop=2136 gen_time=0 eval_time=0.021 best_avg=0.0988628 best_move=7,5 leader=2 inc2=1 attack_w=0.2
DBG t=49 used=0.019 remain=0.867 turn_time=0.0189295 end_in=0.0189295 cand_pre=21 cand_cap=20 cand=21->20 pre=21 pick(must/bucket/top/rand)=1/5/10/4 depth0=10 depth=6 dlog=4 dper=0 sims=2132 loop=2112 gen_time=0 eval_time=0.019 best_avg=0.125938 best_move=9,5 leader=3 inc2=1 attack_w=0.2
DBG t=61 used=0.018 remain=0.64 turn_time=0.0177395 end_in=0.0177395 cand_pre=26 cand_cap=20 cand=26->20 pre=26 pick(must/bucket/top/rand)=1/6/9/4 depth0=10 depth=5 dlog=4 dper=1 sims=2968 loop=2948 gen_time=0 eval_time=0.018 best_avg=0.0243382 best_move=6,6 leader=3 inc2=1 attack_w=0.2
DBG t=74 used=0.017 remain=0.409 turn_time=0.016596 end_in=0.016596 cand_pre=30 cand_cap=20 cand=30->20 pre=30 pick(must/bucket/top/rand)=1/8/7/4 depth0=11 depth=6 dlog=4 dper=1 sims=2176 loop=2156 gen_time=0 eval_time=0.017 best_avg=0.314967 best_move=6,4 leader=4 inc2=1 attack_w=0.2
DBG t=86 used=0.016 remain=0.212 turn_time=0.0151883 end_in=0.0151883 cand_pre=38 cand_cap=20 cand=38->20 pre=38 pick(must/bucket/top/rand)=1/7/8/4 depth0=11 depth=3 dlog=5 dper=3 sims=3444 loop=3424 gen_time=0 eval_time=0.016 best_avg=0.512365 best_move=6,4 leader=4 inc2=1 attack_w=0.2
DBG depth_guard t=99 remain=0.014 cand_pre=43 depth0=0 depth=0
DBG t=99 used=0.009 remain=0.014 turn_time=0.0084 end_in=0.0084 cand_pre=43 cand_cap=14 cand=43->14 pre=42 pick(must/bucket/top/rand)=1/7/3/3 depth0=0 depth=0 dlog=5 dper=5 sims=16450 loop=16436 gen_time=0 eval_time=0.009 best_avg=0.670774 best_move=4,2 leader=5 inc2=1 attack_w=0.2
DBG summary depth_guard_fired=1
Score = 201419
=== CASE 0147.txt ===
DBG hdr N=10 M=4 T=100 U=4 VMAX=1165 TIME_LIMIT=1.94 MAX_CAND=20 UCB_C=0.21
DBG t=0 used=0.024 remain=1.94 turn_time=0.0236195 end_in=0.0236195 cand_pre=5 cand_cap=20 cand=5->5 pre=5 pick(must/bucket/top/rand)=1/2/2/0 depth0=7 depth=5 dlog=2 dper=0 sims=7357 loop=7352 gen_time=0 eval_time=0.024 best_avg=-1.0505 best_move=0,6 leader=1 inc2=1 attack_w=0.85
DBG t=12 used=0.023 remain=1.662 turn_time=0.0221348 end_in=0.0221348 cand_pre=12 cand_cap=20 cand=12->12 pre=12 pick(must/bucket/top/rand)=1/3/8/0 depth0=7 depth=4 dlog=3 dper=0 sims=5444 loop=5432 gen_time=0 eval_time=0.023 best_avg=-1.15072 best_move=3,6 leader=3 inc2=0 attack_w=0.548793
DBG t=24 used=0.021 remain=1.4 turn_time=0.0207513 end_in=0.0207513 cand_pre=19 cand_cap=20 cand=19->19 pre=19 pick(must/bucket/top/rand)=1/7/8/3 depth0=7 depth=3 dlog=4 dper=0 sims=4535 loop=4516 gen_time=0 eval_time=0.021 best_avg=-1.02423 best_move=3,5 leader=3 inc2=1 attack_w=0.2665
DBG t=37 used=0.02 remain=1.123 turn_time=0.0196168 end_in=0.0196168 cand_pre=23 cand_cap=20 cand=23->20 pre=23 pick(must/bucket/top/rand)=1/7/8/4 depth0=10 depth=6 dlog=4 dper=0 sims=2060 loop=2040 gen_time=0 eval_time=0.02 best_avg=-1.25812 best_move=3,4 leader=2 inc2=1 attack_w=0.85
DBG t=49 used=0.021 remain=0.883 turn_time=0.0205168 end_in=0.0205168 cand_pre=10 cand_cap=20 cand=10->10 pre=10 pick(must/bucket/top/rand)=1/7/2/0 depth0=10 depth=7 dlog=3 dper=0 sims=2230 loop=2220 gen_time=0 eval_time=0.021 best_avg=-0.993031 best_move=8,1 leader=2 inc2=1 attack_w=0.373547
DBG t=61 used=0.02 remain=0.644 turn_time=0.019675 end_in=0.019675 cand_pre=9 cand_cap=20 cand=9->9 pre=9 pick(must/bucket/top/rand)=1/5/3/0 depth0=10 depth=7 dlog=3 dper=0 sims=2181 loop=2172 gen_time=0 eval_time=0.02 best_avg=-1.17129 best_move=9,8 leader=2 inc2=1 attack_w=0.523008
DBG t=74 used=0.018 remain=0.397 turn_time=0.0174985 end_in=0.0174985 cand_pre=16 cand_cap=20 cand=16->16 pre=16 pick(must/bucket/top/rand)=1/6/9/0 depth0=11 depth=8 dlog=3 dper=0 sims=1600 loop=1584 gen_time=0 eval_time=0.018 best_avg=-1.06796 best_move=8,8 leader=3 inc2=1 attack_w=0.711675
DBG t=86 used=0.016 remain=0.191 turn_time=0.015014 end_in=0.015014 cand_pre=23 cand_cap=20 cand=23->20 pre=23 pick(must/bucket/top/rand)=1/7/8/4 depth0=11 depth=6 dlog=4 dper=1 sims=1460 loop=1440 gen_time=0 eval_time=0.016 best_avg=-0.953623 best_move=5,9 leader=1 inc2=1 attack_w=0.347599
DBG depth_guard t=99 remain=0.01 cand_pre=30 depth0=0 depth=0
DBG t=99 used=0.007 remain=0.01 turn_time=0.006 end_in=0.006 cand_pre=30 cand_cap=12 cand=30->12 pre=30 pick(must/bucket/top/rand)=1/6/3/2 depth0=0 depth=0 dlog=4 dper=5 sims=11380 loop=11368 gen_time=0 eval_time=0.007 best_avg=-0.782024 best_move=5,9 leader=3 inc2=0 attack_w=0.2
DBG summary depth_guard_fired=1
Score = 122401
=== CASE 0148.txt ===
DBG hdr N=10 M=6 T=100 U=2 VMAX=2056 TIME_LIMIT=1.94 MAX_CAND=20 UCB_C=0.21
DBG t=0 used=0.024 remain=1.94 turn_time=0.0237456 end_in=0.0237456 cand_pre=4 cand_cap=20 cand=4->4 pre=4 pick(must/bucket/top/rand)=1/2/1/0 depth0=7 depth=6 dlog=1 dper=0 sims=4132 loop=4128 gen_time=0 eval_time=0.024 best_avg=-0.966148 best_move=7,7 leader=4 inc2=1 attack_w=0.85
DBG t=12 used=0.023 remain=1.661 turn_time=0.0221215 end_in=0.0221215 cand_pre=12 cand_cap=20 cand=12->12 pre=12 pick(must/bucket/top/rand)=1/5/6/0 depth0=7 depth=4 dlog=3 dper=0 sims=3368 loop=3356 gen_time=0 eval_time=0.023 best_avg=-0.894941 best_move=8,5 leader=4 inc2=1 attack_w=0.82588
DBG t=24 used=0.021 remain=1.399 turn_time=0.0203775 end_in=0.0203775 cand_pre=22 cand_cap=20 cand=22->20 pre=22 pick(must/bucket/top/rand)=1/4/11/4 depth0=7 depth=3 dlog=4 dper=0 sims=4104 loop=4084 gen_time=0 eval_time=0.021 best_avg=-0.686539 best_move=5,8 leader=4 inc2=1 attack_w=0.661121
DBG t=37 used=0.021 remain=1.137 turn_time=0.0209172 end_in=0.0209172 cand_pre=14 cand_cap=20 cand=14->14 pre=14 pick(must/bucket/top/rand)=1/3/10/0 depth0=10 depth=7 dlog=3 dper=0 sims=1862 loop=1848 gen_time=0 eval_time=0.021 best_avg=-0.613011 best_move=5,7 leader=2 inc2=1 attack_w=0.362917
DBG t=49 used=0.02 remain=0.892 turn_time=0.0194753 end_in=0.0194753 cand_pre=21 cand_cap=20 cand=21->20 pre=21 pick(must/bucket/top/rand)=1/5/10/4 depth0=10 depth=6 dlog=4 dper=0 sims=1876 loop=1856 gen_time=0 eval_time=0.02 best_avg=-0.665906 best_move=3,5 leader=2 inc2=1 attack_w=0.359302
DBG t=61 used=0.018 remain=0.663 turn_time=0.017714 end_in=0.017714 cand_pre=32 cand_cap=20 cand=32->20 pre=32 pick(must/bucket/top/rand)=1/8/7/4 depth0=10 depth=5 dlog=4 dper=1 sims=2272 loop=2252 gen_time=0 eval_time=0.018 best_avg=-0.706308 best_move=3,5 leader=2 inc2=1 attack_w=0.2
DBG t=74 used=0.017 remain=0.433 turn_time=0.0169203 end_in=0.0169203 cand_pre=36 cand_cap=20 cand=36->20 pre=36 pick(must/bucket/top/rand)=1/7/8/4 depth0=11 depth=4 dlog=5 dper=2 sims=2300 loop=2280 gen_time=0 eval_time=0.017 best_avg=-0.577204 best_move=2,5 leader=2 inc2=1 attack_w=0.281434
DBG t=86 used=0.019 remain=0.221 turn_time=0.0183982 end_in=0.0183982 cand_pre=13 cand_cap=20 cand=13->13 pre=13 pick(must/bucket/top/rand)=1/7/5/0 depth0=11 depth=6 dlog=3 dper=0 sims=1813 loop=1800 gen_time=0 eval_time=0.019 best_avg=-0.323511 best_move=0,3 leader=1 inc2=1 attack_w=0.2
DBG depth_guard t=99 remain=0.009 cand_pre=19 depth0=0 depth=0
DBG t=99 used=0.006 remain=0.009 turn_time=0.0054 end_in=0.0054 cand_pre=19 cand_cap=12 cand=19->12 pre=19 pick(must/bucket/top/rand)=1/6/3/2 depth0=0 depth=0 dlog=4 dper=4 sims=7212 loop=7200 gen_time=0 eval_time=0.006 best_avg=0.0669066 best_move=1,1 leader=2 inc2=1 attack_w=0.2
DBG summary depth_guard_fired=1
Score = 156868
=== CASE 0151.txt ===
DBG hdr N=10 M=3 T=100 U=1 VMAX=1679 TIME_LIMIT=1.94 MAX_CAND=20 UCB_C=0.21
DBG t=0 used=0.024 remain=1.94 turn_time=0.0236195 end_in=0.0236195 cand_pre=5 cand_cap=20 cand=5->5 pre=5 pick(must/bucket/top/rand)=1/2/2/0 depth0=7 depth=5 dlog=2 dper=0 sims=7649 loop=7644 gen_time=0 eval_time=0.024 best_avg=-1.09186 best_move=2,9 leader=2 inc2=1 attack_w=0.85
DBG t=12 used=0.021 remain=1.665 turn_time=0.0209449 end_in=0.0209449 cand_pre=22 cand_cap=20 cand=22->20 pre=22 pick(must/bucket/top/rand)=1/2/13/4 depth0=7 depth=3 dlog=4 dper=0 sims=7544 loop=7524 gen_time=0 eval_time=0.021 best_avg=-0.816606 best_move=0,6 leader=1 inc2=1 attack_w=0.2
DBG t=24 used=0.019 remain=1.425 turn_time=0.0181969 end_in=0.0181969 cand_pre=43 cand_cap=20 cand=43->20 pre=43 pick(must/bucket/top/rand)=1/2/13/4 depth0=7 depth=0 dlog=5 dper=2 sims=35288 loop=35268 gen_time=0 eval_time=0.019 best_avg=-0.531793 best_move=9,8 leader=2 inc2=1 attack_w=0.2
DBG t=37 used=0.016 remain=1.197 turn_time=0.015352 end_in=0.015352 cand_pre=68 cand_cap=14 cand=68->14 pre=42 pick(must/bucket/top/rand)=1/6/4/3 depth0=10 depth=1 dlog=5 dper=4 sims=10434 loop=10420 gen_time=0 eval_time=0.016 best_avg=0.0933452 best_move=4,3 leader=1 inc2=1 attack_w=0.2
DBG t=49 used=0.014 remain=0.977 turn_time=0.0134098 end_in=0.0134098 cand_pre=86 cand_cap=12 cand=86->12 pre=36 pick(must/bucket/top/rand)=1/6/3/2 depth0=10 depth=0 dlog=6 dper=5 sims=46940 loop=46928 gen_time=0 eval_time=0.014 best_avg=0.961363 best_move=3,1 leader=2 inc2=1 attack_w=0.2
DBG t=61 used=0.015 remain=0.769 turn_time=0.0149068 end_in=0.0149068 cand_pre=76 cand_cap=14 cand=76->14 pre=42 pick(must/bucket/top/rand)=1/6/4/3 depth0=10 depth=0 dlog=6 dper=5 sims=46234 loop=46220 gen_time=0 eval_time=0.015 best_avg=1.28134 best_move=4,1 leader=2 inc2=1 attack_w=0.2
DBG t=74 used=0.025 remain=0.521 turn_time=0.0242666 end_in=0.0242666 cand_pre=6 cand_cap=20 cand=6->6 pre=6 pick(must/bucket/top/rand)=1/3/2/0 depth0=11 depth=9 dlog=2 dper=0 sims=1946 loop=1940 gen_time=0 eval_time=0.025 best_avg=0.923988 best_move=0,0 leader=2 inc2=1 attack_w=0.2
DBG t=86 used=0.016 remain=0.297 turn_time=0.0157622 end_in=0.0157622 cand_pre=78 cand_cap=14 cand=78->14 pre=42 pick(must/bucket/top/rand)=1/4/6/3 depth0=11 depth=0 dlog=6 dper=5 sims=48474 loop=48460 gen_time=0 eval_time=0.016 best_avg=1.80193 best_move=2,0 leader=1 inc2=1 attack_w=0.2
DBG t=99 used=0.03 remain=0.049 turn_time=0.0294 end_in=0.0294 cand_pre=87 cand_cap=12 cand=87->12 pre=36 pick(must/bucket/top/rand)=1/5/4/2 depth0=0 depth=0 dlog=6 dper=3 sims=44360 loop=44348 gen_time=0 eval_time=0.03 best_avg=1.24074 best_move=0,3 leader=1 inc2=1 attack_w=0.2
DBG summary depth_guard_fired=0
Score = 381978
=== CASE 0150.txt ===
DBG hdr N=10 M=4 T=100 U=2 VMAX=2104 TIME_LIMIT=1.94 MAX_CAND=20 UCB_C=0.21
DBG t=0 used=0.024 remain=1.94 turn_time=0.0236195 end_in=0.0236195 cand_pre=5 cand_cap=20 cand=5->5 pre=5 pick(must/bucket/top/rand)=1/2/2/0 depth0=7 depth=5 dlog=2 dper=0 sims=7341 loop=7336 gen_time=0 eval_time=0.024 best_avg=-1.26257 best_move=4,4 leader=3 inc2=1 attack_w=0.85
DBG t=12 used=0.022 remain=1.669 turn_time=0.0212418 end_in=0.0212418 cand_pre=20 cand_cap=20 cand=20->20 pre=20 pick(must/bucket/top/rand)=1/6/9/4 depth0=7 depth=3 dlog=4 dper=0 sims=5864 loop=5844 gen_time=0 eval_time=0.022 best_avg=-1.0277 best_move=3,6 leader=3 inc2=0 attack_w=0.45839
DBG t=24 used=0.021 remain=1.422 turn_time=0.0209558 end_in=0.0209558 cand_pre=20 cand_cap=20 cand=20->20 pre=20 pick(must/bucket/top/rand)=1/8/7/4 depth0=7 depth=3 dlog=4 dper=0 sims=5692 loop=5672 gen_time=0 eval_time=0.021 best_avg=-1.13591 best_move=1,7 leader=3 inc2=0 attack_w=0.26198
DBG t=37 used=0.02 remain=1.15 turn_time=0.0199698 end_in=0.0199698 cand_pre=24 cand_cap=20 cand=24->20 pre=24 pick(must/bucket/top/rand)=1/7/8/4 depth0=10 depth=6 dlog=4 dper=0 sims=3588 loop=3568 gen_time=0 eval_time=0.02 best_avg=-0.802647 best_move=0,9 leader=1 inc2=0 attack_w=0.52912
DBG t=49 used=0.02 remain=0.904 turn_time=0.0195069 end_in=0.0195069 cand_pre=23 cand_cap=20 cand=23->20 pre=23 pick(must/bucket/top/rand)=1/6/9/4 depth0=10 depth=6 dlog=4 dper=0 sims=2576 loop=2556 gen_time=0 eval_time=0.02 best_avg=-0.571503 best_move=2,9 leader=3 inc2=1 attack_w=0.2
DBG t=61 used=0.021 remain=0.662 turn_time=0.0200043 end_in=0.0200043 cand_pre=11 cand_cap=20 cand=11->11 pre=11 pick(must/bucket/top/rand)=1/6/4/0 depth0=10 depth=7 dlog=3 dper=0 sims=2727 loop=2716 gen_time=0 eval_time=0.021 best_avg=-0.302534 best_move=5,6 leader=3 inc2=1 attack_w=0.2
DBG t=74 used=0.018 remain=0.429 turn_time=0.017622 end_in=0.017622 cand_pre=28 cand_cap=20 cand=28->20 pre=28 pick(must/bucket/top/rand)=1/8/7/4 depth0=11 depth=6 dlog=4 dper=1 sims=2664 loop=2644 gen_time=0 eval_time=0.018 best_avg=-0.0346911 best_move=8,9 leader=1 inc2=1 attack_w=0.2
DBG t=86 used=0.015 remain=0.225 turn_time=0.0144482 end_in=0.0144482 cand_pre=54 cand_cap=20 cand=54->20 pre=54 pick(must/bucket/top/rand)=1/7/8/4 depth0=11 depth=2 dlog=5 dper=4 sims=5568 loop=5548 gen_time=0 eval_time=0.015 best_avg=0.266964 best_move=4,8 leader=3 inc2=1 attack_w=0.2
DBG t=99 used=0.013 remain=0.021 turn_time=0.0126 end_in=0.0126 cand_pre=61 cand_cap=14 cand=61->14 pre=42 pick(must/bucket/top/rand)=1/8/2/3 depth0=0 depth=0 dlog=5 dper=5 sims=11710 loop=11696 gen_time=0 eval_time=0.013 best_avg=0.565217 best_move=5,8 leader=2 inc2=1 attack_w=0.2
DBG summary depth_guard_fired=0
Score = 236698
=== CASE 0152.txt ===
DBG hdr N=10 M=3 T=100 U=4 VMAX=2181 TIME_LIMIT=1.94 MAX_CAND=20 UCB_C=0.21
DBG t=0 used=0.024 remain=1.94 turn_time=0.0236195 end_in=0.0236195 cand_pre=5 cand_cap=20 cand=5->5 pre=5 pick(must/bucket/top/rand)=1/2/2/0 depth0=7 depth=5 dlog=2 dper=0 sims=7933 loop=7928 gen_time=0 eval_time=0.024 best_avg=-2.02408 best_move=2,7 leader=1 inc2=1 attack_w=0.85
DBG t=12 used=0.022 remain=1.668 turn_time=0.0214755 end_in=0.0214755 cand_pre=18 cand_cap=20 cand=18->18 pre=18 pick(must/bucket/top/rand)=1/4/11/2 depth0=7 depth=3 dlog=4 dper=0 sims=8306 loop=8288 gen_time=0 eval_time=0.022 best_avg=-1.56672 best_move=1,3 leader=1 inc2=1 attack_w=0.645439
DBG t=24 used=0.021 remain=1.412 turn_time=0.0205669 end_in=0.0205669 cand_pre=22 cand_cap=20 cand=22->20 pre=22 pick(must/bucket/top/rand)=1/7/8/4 depth0=7 depth=3 dlog=4 dper=0 sims=6340 loop=6320 gen_time=0 eval_time=0.021 best_avg=-1.46533 best_move=3,5 leader=2 inc2=1 attack_w=0.2
DBG t=37 used=0.02 remain=1.146 turn_time=0.0193092 end_in=0.0193092 cand_pre=29 cand_cap=20 cand=29->20 pre=29 pick(must/bucket/top/rand)=1/8/7/4 depth0=10 depth=5 dlog=4 dper=1 sims=3504 loop=3484 gen_time=0 eval_time=0.02 best_avg=-1.17112 best_move=0,4 leader=2 inc2=1 attack_w=0.2
DBG t=49 used=0.019 remain=0.913 turn_time=0.018072 end_in=0.018072 cand_pre=37 cand_cap=20 cand=37->20 pre=37 pick(must/bucket/top/rand)=1/6/9/4 depth0=10 depth=3 dlog=5 dper=2 sims=5100 loop=5080 gen_time=0 eval_time=0.019 best_avg=-1.22892 best_move=0,4 leader=1 inc2=1 attack_w=0.2
DBG t=61 used=0.017 remain=0.694 turn_time=0.0166916 end_in=0.0166916 cand_pre=48 cand_cap=20 cand=48->20 pre=48 pick(must/bucket/top/rand)=1/8/7/4 depth0=10 depth=2 dlog=5 dper=3 sims=6084 loop=6064 gen_time=0 eval_time=0.017 best_avg=-1.04646 best_move=5,1 leader=1 inc2=1 attack_w=0.2
DBG t=74 used=0.017 remain=0.473 turn_time=0.0164731 end_in=0.0164731 cand_pre=53 cand_cap=20 cand=53->20 pre=53 pick(must/bucket/top/rand)=1/8/7/4 depth0=11 depth=3 dlog=5 dper=3 sims=4008 loop=3988 gen_time=0 eval_time=0.017 best_avg=-1.04549 best_move=5,4 leader=1 inc2=1 attack_w=0.2
DBG t=86 used=0.016 remain=0.274 turn_time=0.0159409 end_in=0.0159409 cand_pre=67 cand_cap=14 cand=67->14 pre=42 pick(must/bucket/top/rand)=1/8/2/3 depth0=11 depth=2 dlog=5 dper=4 sims=4686 loop=4672 gen_time=0 eval_time=0.016 best_avg=-1.08199 best_move=2,1 leader=1 inc2=1 attack_w=0.2
DBG t=99 used=0.017 remain=0.027 turn_time=0.0162 end_in=0.0162 cand_pre=8 cand_cap=20 cand=8->8 pre=8 pick(must/bucket/top/rand)=1/4/3/0 depth0=0 depth=0 dlog=2 dper=0 sims=14668 loop=14660 gen_time=0 eval_time=0.017 best_avg=-1.16308 best_move=3,1 leader=2 inc2=1 attack_w=0.2
DBG summary depth_guard_fired=0
Score = 137158
=== CASE 0154.txt ===
DBG hdr N=10 M=2 T=100 U=5 VMAX=1488 TIME_LIMIT=1.94 MAX_CAND=20 UCB_C=0.21
DBG t=0 used=0.024 remain=1.94 turn_time=0.0236195 end_in=0.0236195 cand_pre=5 cand_cap=20 cand=5->5 pre=5 pick(must/bucket/top/rand)=1/2/2/0 depth0=7 depth=5 dlog=2 dper=0 sims=10421 loop=10416 gen_time=0 eval_time=0.024 best_avg=-2.62732 best_move=5,3 leader=1 inc2=1 attack_w=0.13
DBG t=12 used=0.021 remain=1.673 turn_time=0.020922 end_in=0.020922 cand_pre=23 cand_cap=20 cand=23->20 pre=23 pick(must/bucket/top/rand)=1/2/13/4 depth0=7 depth=3 dlog=4 dper=0 sims=10992 loop=10972 gen_time=0 eval_time=0.021 best_avg=-2.41813 best_move=5,7 leader=1 inc2=1 attack_w=0.2
DBG t=24 used=0.02 remain=1.426 turn_time=0.0195512 end_in=0.0195512 cand_pre=32 cand_cap=20 cand=32->20 pre=32 pick(must/bucket/top/rand)=1/2/13/4 depth0=7 depth=2 dlog=4 dper=1 sims=12664 loop=12644 gen_time=0 eval_time=0.02 best_avg=-2.44174 best_move=2,7 leader=1 inc2=1 attack_w=0.2
DBG t=37 used=0.019 remain=1.169 turn_time=0.0189731 end_in=0.0189731 cand_pre=35 cand_cap=20 cand=35->20 pre=35 pick(must/bucket/top/rand)=1/2/13/4 depth0=10 depth=4 dlog=4 dper=2 sims=6108 loop=6088 gen_time=0 eval_time=0.019 best_avg=-2.58368 best_move=3,8 leader=1 inc2=1 attack_w=0.2
DBG t=49 used=0.019 remain=0.941 turn_time=0.0185063 end_in=0.0185063 cand_pre=38 cand_cap=20 cand=38->20 pre=38 pick(must/bucket/top/rand)=1/2/13/4 depth0=10 depth=3 dlog=5 dper=2 sims=7184 loop=7164 gen_time=0 eval_time=0.019 best_avg=-2.62862 best_move=1,8 leader=1 inc2=1 attack_w=0.2
DBG t=61 used=0.019 remain=0.714 turn_time=0.0180056 end_in=0.0180056 cand_pre=41 cand_cap=20 cand=41->20 pre=41 pick(must/bucket/top/rand)=1/2/13/4 depth0=10 depth=3 dlog=5 dper=2 sims=6560 loop=6540 gen_time=0 eval_time=0.019 best_avg=-2.72977 best_move=6,8 leader=1 inc2=1 attack_w=0.2
DBG t=74 used=0.018 remain=0.479 turn_time=0.0171611 end_in=0.0171611 cand_pre=49 cand_cap=20 cand=49->20 pre=49 pick(must/bucket/top/rand)=1/5/10/4 depth0=11 depth=3 dlog=5 dper=3 sims=5724 loop=5704 gen_time=0 eval_time=0.018 best_avg=-2.66131 best_move=6,0 leader=1 inc2=1 attack_w=0.2
DBG t=86 used=0.018 remain=0.266 turn_time=0.017081 end_in=0.017081 cand_pre=54 cand_cap=20 cand=54->20 pre=54 pick(must/bucket/top/rand)=1/4/11/4 depth0=11 depth=3 dlog=5 dper=3 sims=5688 loop=5668 gen_time=0 eval_time=0.018 best_avg=-2.69377 best_move=6,9 leader=1 inc2=1 attack_w=0.2
DBG depth_guard t=99 remain=0.018 cand_pre=56 depth0=0 depth=0
DBG t=99 used=0.011 remain=0.018 turn_time=0.0108 end_in=0.0108 cand_pre=56 cand_cap=14 cand=56->14 pre=42 pick(must/bucket/top/rand)=1/5/5/3 depth0=0 depth=0 dlog=5 dper=5 sims=17322 loop=17308 gen_time=0 eval_time=0.011 best_avg=-2.72507 best_move=7,8 leader=1 inc2=1 attack_w=0.2
DBG summary depth_guard_fired=1
Score = 146295
=== CASE 0153.txt ===
DBG hdr N=10 M=5 T=100 U=2 VMAX=1370 TIME_LIMIT=1.94 MAX_CAND=20 UCB_C=0.21
DBG t=0 used=0.024 remain=1.94 turn_time=0.0237456 end_in=0.0237456 cand_pre=4 cand_cap=20 cand=4->4 pre=4 pick(must/bucket/top/rand)=1/3/0/0 depth0=7 depth=6 dlog=1 dper=0 sims=4720 loop=4716 gen_time=0 eval_time=0.024 best_avg=-0.915261 best_move=8,4 leader=3 inc2=1 attack_w=0.199032
DBG t=12 used=0.022 remain=1.658 turn_time=0.0218366 end_in=0.0218366 cand_pre=14 cand_cap=20 cand=14->14 pre=14 pick(must/bucket/top/rand)=1/4/9/0 depth0=7 depth=4 dlog=3 dper=0 sims=4890 loop=4876 gen_time=0 eval_time=0.022 best_avg=-1.04038 best_move=9,1 leader=1 inc2=0 attack_w=0.70334
DBG t=24 used=0.021 remain=1.399 turn_time=0.0201382 end_in=0.0201382 cand_pre=24 cand_cap=20 cand=24->20 pre=24 pick(must/bucket/top/rand)=1/6/9/4 depth0=7 depth=3 dlog=4 dper=0 sims=4164 loop=4144 gen_time=0 eval_time=0.021 best_avg=-0.964988 best_move=6,5 leader=1 inc2=1 attack_w=0.8064
DBG t=37 used=0.02 remain=1.138 turn_time=0.0194092 end_in=0.0194092 cand_pre=27 cand_cap=20 cand=27->20 pre=27 pick(must/bucket/top/rand)=1/6/9/4 depth0=10 depth=5 dlog=4 dper=1 sims=2248 loop=2228 gen_time=0 eval_time=0.02 best_avg=-0.943986 best_move=5,4 leader=1 inc2=1 attack_w=0.85
DBG t=49 used=0.018 remain=0.914 turn_time=0.0175094 end_in=0.0175094 cand_pre=42 cand_cap=20 cand=42->20 pre=42 pick(must/bucket/top/rand)=1/6/9/4 depth0=10 depth=3 dlog=5 dper=2 sims=4288 loop=4268 gen_time=0 eval_time=0.018 best_avg=-0.438018 best_move=1,4 leader=1 inc2=1 attack_w=0.2
DBG t=61 used=0.017 remain=0.701 turn_time=0.0169768 end_in=0.0169768 cand_pre=47 cand_cap=20 cand=47->20 pre=47 pick(must/bucket/top/rand)=1/6/9/4 depth0=10 depth=2 dlog=5 dper=3 sims=5364 loop=5344 gen_time=0 eval_time=0.017 best_avg=-0.177046 best_move=2,3 leader=1 inc2=1 attack_w=0.2
DBG t=74 used=0.019 remain=0.452 turn_time=0.0180018 end_in=0.0180018 cand_pre=33 cand_cap=20 cand=33->20 pre=33 pick(must/bucket/top/rand)=1/7/8/4 depth0=11 depth=5 dlog=4 dper=2 sims=2348 loop=2328 gen_time=0 eval_time=0.019 best_avg=-0.281197 best_move=4,0 leader=3 inc2=1 attack_w=0.2
DBG t=86 used=0.017 remain=0.237 turn_time=0.0167593 end_in=0.0167593 cand_pre=40 cand_cap=20 cand=40->20 pre=40 pick(must/bucket/top/rand)=1/7/8/4 depth0=11 depth=4 dlog=5 dper=2 sims=2544 loop=2524 gen_time=0 eval_time=0.017 best_avg=-0.369903 best_move=5,4 leader=3 inc2=1 attack_w=0.2
DBG depth_guard t=99 remain=0.012 cand_pre=45 depth0=0 depth=0
DBG t=99 used=0.008 remain=0.012 turn_time=0.0072 end_in=0.0072 cand_pre=45 cand_cap=12 cand=45->12 pre=36 pick(must/bucket/top/rand)=1/6/3/2 depth0=0 depth=0 dlog=5 dper=5 sims=5552 loop=5540 gen_time=0 eval_time=0.008 best_avg=-0.396114 best_move=3,4 leader=4 inc2=1 attack_w=0.2
DBG summary depth_guard_fired=1
Score = 128373
=== CASE 0155.txt ===
DBG hdr N=10 M=6 T=100 U=3 VMAX=4289 TIME_LIMIT=1.94 MAX_CAND=20 UCB_C=0.21
DBG t=0 used=0.024 remain=1.94 turn_time=0.0238717 end_in=0.0238717 cand_pre=3 cand_cap=20 cand=3->3 pre=3 pick(must/bucket/top/rand)=1/2/0/0 depth0=7 depth=6 dlog=1 dper=0 sims=4051 loop=4048 gen_time=0 eval_time=0.024 best_avg=-1.92413 best_move=3,8 leader=4 inc2=1 attack_w=0.85
DBG t=12 used=0.022 remain=1.662 turn_time=0.0212755 end_in=0.0212755 cand_pre=19 cand_cap=20 cand=19->19 pre=19 pick(must/bucket/top/rand)=1/7/8/3 depth0=7 depth=3 dlog=4 dper=0 sims=5375 loop=5356 gen_time=0 eval_time=0.022 best_avg=-1.07222 best_move=3,5 leader=4 inc2=1 attack_w=0.85
DBG t=24 used=0.023 remain=1.391 turn_time=0.0220455 end_in=0.0220455 cand_pre=7 cand_cap=20 cand=7->7 pre=7 pick(must/bucket/top/rand)=1/5/1/0 depth0=7 depth=5 dlog=2 dper=0 sims=3567 loop=3560 gen_time=0 eval_time=0.023 best_avg=-0.163724 best_move=0,3 leader=2 inc2=1 attack_w=0.2
DBG t=37 used=0.021 remain=1.105 turn_time=0.0208985 end_in=0.0208985 cand_pre=9 cand_cap=20 cand=9->9 pre=9 pick(must/bucket/top/rand)=1/5/3/0 depth0=10 depth=7 dlog=3 dper=0 sims=2069 loop=2060 gen_time=0 eval_time=0.021 best_avg=-0.22082 best_move=0,1 leader=1 inc2=1 attack_w=0.2
DBG t=49 used=0.02 remain=0.856 turn_time=0.0196712 end_in=0.0196712 cand_pre=12 cand_cap=20 cand=12->12 pre=12 pick(must/bucket/top/rand)=1/4/7/0 depth0=10 depth=7 dlog=3 dper=0 sims=2044 loop=2032 gen_time=0 eval_time=0.02 best_avg=-0.384884 best_move=0,5 leader=1 inc2=1 attack_w=0.2
DBG t=61 used=0.02 remain=0.619 turn_time=0.0191176 end_in=0.0191176 cand_pre=7 cand_cap=20 cand=7->7 pre=7 pick(must/bucket/top/rand)=1/3/3/0 depth0=10 depth=8 dlog=2 dper=0 sims=1603 loop=1596 gen_time=0 eval_time=0.02 best_avg=-0.3262 best_move=2,4 leader=1 inc2=1 attack_w=0.2
DBG t=74 used=0.017 remain=0.38 turn_time=0.0167492 end_in=0.0167492 cand_pre=16 cand_cap=20 cand=16->16 pre=16 pick(must/bucket/top/rand)=1/5/10/0 depth0=11 depth=8 dlog=3 dper=0 sims=1384 loop=1368 gen_time=0 eval_time=0.017 best_avg=-0.464184 best_move=1,2 leader=1 inc2=1 attack_w=0.2
DBG t=86 used=0.015 remain=0.183 turn_time=0.0148099 end_in=0.0148099 cand_pre=18 cand_cap=20 cand=18->18 pre=18 pick(must/bucket/top/rand)=1/4/11/2 depth0=11 depth=6 dlog=4 dper=0 sims=1606 loop=1588 gen_time=0 eval_time=0.015 best_avg=-0.530497 best_move=1,3 leader=1 inc2=1 attack_w=0.2
DBG depth_guard t=98 remain=0.012 cand_pre=18 depth0=1 depth=0
DBG depth_guard t=99 remain=0.005 cand_pre=17 depth0=0 depth=0
DBG t=99 used=0.004 remain=0.005 turn_time=0.003 end_in=0.003 cand_pre=17 cand_cap=12 cand=17->12 pre=17 pick(must/bucket/top/rand)=1/3/6/2 depth0=0 depth=0 dlog=3 dper=5 sims=4368 loop=4356 gen_time=0 eval_time=0.004 best_avg=-0.47467 best_move=1,3 leader=1 inc2=1 attack_w=0.2
DBG summary depth_guard_fired=2
Score = 115822
=== CASE 0158.txt ===
DBG hdr N=10 M=3 T=100 U=1 VMAX=1661 TIME_LIMIT=1.94 MAX_CAND=20 UCB_C=0.21
DBG t=0 used=0.024 remain=1.94 turn_time=0.0237456 end_in=0.0237456 cand_pre=4 cand_cap=20 cand=4->4 pre=4 pick(must/bucket/top/rand)=1/2/1/0 depth0=7 depth=6 dlog=1 dper=0 sims=6156 loop=6152 gen_time=0 eval_time=0.024 best_avg=-1.43752 best_move=9,5 leader=1 inc2=1 attack_w=0.193524
DBG t=12 used=0.02 remain=1.669 turn_time=0.0197625 end_in=0.0197625 cand_pre=32 cand_cap=20 cand=32->20 pre=32 pick(must/bucket/top/rand)=1/5/10/4 depth0=7 depth=2 dlog=4 dper=1 sims=7756 loop=7736 gen_time=0 eval_time=0.02 best_avg=-1.253 best_move=2,3 leader=2 inc2=1 attack_w=0.595934
DBG t=24 used=0.018 remain=1.442 turn_time=0.0177973 end_in=0.0177973 cand_pre=48 cand_cap=20 cand=48->20 pre=48 pick(must/bucket/top/rand)=1/6/9/4 depth0=7 depth=0 dlog=5 dper=3 sims=30948 loop=30928 gen_time=0 eval_time=0.018 best_avg=-1.01379 best_move=3,7 leader=1 inc2=1 attack_w=0.2
DBG t=37 used=0.017 remain=1.218 turn_time=0.016124 end_in=0.016124 cand_pre=64 cand_cap=14 cand=64->14 pre=42 pick(must/bucket/top/rand)=1/6/4/3 depth0=10 depth=1 dlog=5 dper=4 sims=7978 loop=7964 gen_time=0 eval_time=0.017 best_avg=-0.714934 best_move=7,3 leader=2 inc2=1 attack_w=0.2
DBG t=49 used=0.016 remain=1.023 turn_time=0.0158164 end_in=0.0158164 cand_pre=71 cand_cap=14 cand=71->14 pre=42 pick(must/bucket/top/rand)=1/6/4/3 depth0=10 depth=1 dlog=5 dper=4 sims=7614 loop=7600 gen_time=0 eval_time=0.016 best_avg=-0.509633 best_move=8,4 leader=2 inc2=1 attack_w=0.2
DBG t=61 used=0.017 remain=0.822 turn_time=0.0164822 end_in=0.0164822 cand_pre=72 cand_cap=14 cand=72->14 pre=42 pick(must/bucket/top/rand)=1/4/6/3 depth0=10 depth=1 dlog=5 dper=4 sims=6018 loop=6004 gen_time=0 eval_time=0.017 best_avg=-0.890861 best_move=1,3 leader=2 inc2=1 attack_w=0.2
DBG t=74 used=0.025 remain=0.574 turn_time=0.0245827 end_in=0.0245827 cand_pre=21 cand_cap=20 cand=21->20 pre=21 pick(must/bucket/top/rand)=1/4/11/4 depth0=11 depth=7 dlog=4 dper=0 sims=1876 loop=1856 gen_time=0 eval_time=0.025 best_avg=-0.98657 best_move=2,8 leader=2 inc2=1 attack_w=0.2
DBG t=86 used=0.02 remain=0.343 turn_time=0.019159 end_in=0.019159 cand_pre=72 cand_cap=14 cand=72->14 pre=42 pick(must/bucket/top/rand)=1/4/6/3 depth0=11 depth=2 dlog=5 dper=4 sims=5390 loop=5376 gen_time=0 eval_time=0.02 best_avg=-0.592658 best_move=5,1 leader=2 inc2=1 attack_w=0.2
DBG t=99 used=0.021 remain=0.034 turn_time=0.0204 end_in=0.0204 cand_pre=76 cand_cap=14 cand=76->14 pre=42 pick(must/bucket/top/rand)=1/4/6/3 depth0=0 depth=0 dlog=6 dper=4 sims=38734 loop=38720 gen_time=0 eval_time=0.021 best_avg=-0.629461 best_move=1,3 leader=1 inc2=1 attack_w=0.2
DBG summary depth_guard_fired=0
Score = 177505
=== CASE 0159.txt ===
DBG hdr N=10 M=4 T=100 U=4 VMAX=2020 TIME_LIMIT=1.94 MAX_CAND=20 UCB_C=0.21
DBG t=0 used=0.024 remain=1.94 turn_time=0.0236195 end_in=0.0236195 cand_pre=5 cand_cap=20 cand=5->5 pre=5 pick(must/bucket/top/rand)=1/2/2/0 depth0=7 depth=5 dlog=2 dper=0 sims=6857 loop=6852 gen_time=0 eval_time=0.024 best_avg=-1.26681 best_move=6,1 leader=1 inc2=0 attack_w=0.85
DBG t=12 used=0.023 remain=1.657 turn_time=0.022313 end_in=0.022313 cand_pre=10 cand_cap=20 cand=10->10 pre=10 pick(must/bucket/top/rand)=1/3/6/0 depth0=7 depth=4 dlog=3 dper=0 sims=6574 loop=6564 gen_time=0 eval_time=0.023 best_avg=-1.31466 best_move=4,2 leader=3 inc2=0 attack_w=0.465615
DBG t=24 used=0.021 remain=1.39 turn_time=0.0209597 end_in=0.0209597 cand_pre=16 cand_cap=20 cand=16->16 pre=16 pick(must/bucket/top/rand)=1/3/12/0 depth0=7 depth=4 dlog=3 dper=0 sims=4188 loop=4172 gen_time=0 eval_time=0.021 best_avg=-1.27201 best_move=3,2 leader=3 inc2=0 attack_w=0.640143
DBG t=37 used=0.02 remain=1.124 turn_time=0.0190545 end_in=0.0190545 cand_pre=28 cand_cap=20 cand=28->20 pre=28 pick(must/bucket/top/rand)=1/4/11/4 depth0=10 depth=5 dlog=4 dper=1 sims=3124 loop=3104 gen_time=0 eval_time=0.02 best_avg=-1.14283 best_move=2,3 leader=3 inc2=0 attack_w=0.453996
DBG t=49 used=0.019 remain=0.894 turn_time=0.0182656 end_in=0.0182656 cand_pre=32 cand_cap=20 cand=32->20 pre=32 pick(must/bucket/top/rand)=1/7/8/4 depth0=10 depth=5 dlog=4 dper=1 sims=2708 loop=2688 gen_time=0 eval_time=0.019 best_avg=-1.04251 best_move=0,1 leader=3 inc2=1 attack_w=0.274195
DBG t=61 used=0.018 remain=0.673 turn_time=0.0173082 end_in=0.0173082 cand_pre=38 cand_cap=20 cand=38->20 pre=38 pick(must/bucket/top/rand)=1/6/9/4 depth0=10 depth=3 dlog=5 dper=2 sims=3560 loop=3540 gen_time=0 eval_time=0.018 best_avg=-0.866028 best_move=9,1 leader=3 inc2=1 attack_w=0.2
DBG t=74 used=0.017 remain=0.443 turn_time=0.0169788 end_in=0.0169788 cand_pre=39 cand_cap=20 cand=39->20 pre=39 pick(must/bucket/top/rand)=1/6/9/4 depth0=11 depth=4 dlog=5 dper=2 sims=2716 loop=2696 gen_time=0 eval_time=0.017 best_avg=-0.710475 best_move=6,0 leader=3 inc2=1 attack_w=0.2
DBG t=86 used=0.017 remain=0.239 turn_time=0.016013 end_in=0.016013 cand_pre=48 cand_cap=20 cand=48->20 pre=48 pick(must/bucket/top/rand)=1/6/9/4 depth0=11 depth=3 dlog=5 dper=3 sims=3280 loop=3260 gen_time=0 eval_time=0.017 best_avg=-0.624372 best_move=2,5 leader=3 inc2=1 attack_w=0.2
DBG depth_guard t=99 remain=0.018 cand_pre=43 depth0=0 depth=0
DBG t=99 used=0.011 remain=0.018 turn_time=0.0108 end_in=0.0108 cand_pre=43 cand_cap=14 cand=43->14 pre=42 pick(must/bucket/top/rand)=1/6/4/3 depth0=0 depth=0 dlog=5 dper=4 sims=12682 loop=12668 gen_time=0 eval_time=0.011 best_avg=-0.539393 best_move=4,0 leader=3 inc2=1 attack_w=0.2
DBG summary depth_guard_fired=1
Score = 144068
=== CASE 0156.txt ===
DBG hdr N=10 M=8 T=100 U=5 VMAX=1060 TIME_LIMIT=1.94 MAX_CAND=20 UCB_C=0.21
DBG t=0 used=0.024 remain=1.94 turn_time=0.0236195 end_in=0.0236195 cand_pre=5 cand_cap=20 cand=5->5 pre=5 pick(must/bucket/top/rand)=1/2/2/0 depth0=7 depth=5 dlog=2 dper=0 sims=4553 loop=4548 gen_time=0 eval_time=0.024 best_avg=-0.406502 best_move=1,7 leader=2 inc2=1 attack_w=0.210082
DBG t=12 used=0.021 remain=1.666 turn_time=0.0208345 end_in=0.0208345 cand_pre=23 cand_cap=20 cand=23->20 pre=23 pick(must/bucket/top/rand)=1/8/7/4 depth0=7 depth=3 dlog=4 dper=0 sims=4096 loop=4076 gen_time=0 eval_time=0.021 best_avg=-0.377075 best_move=3,6 leader=4 inc2=1 attack_w=0.236024
DBG t=24 used=0.021 remain=1.414 turn_time=0.0201123 end_in=0.0201123 cand_pre=26 cand_cap=20 cand=26->20 pre=26 pick(must/bucket/top/rand)=1/8/7/4 depth0=7 depth=3 dlog=4 dper=0 sims=3220 loop=3200 gen_time=0 eval_time=0.021 best_avg=-0.355788 best_move=3,5 leader=4 inc2=1 attack_w=0.2
DBG t=37 used=0.02 remain=1.146 turn_time=0.0193092 end_in=0.0193092 cand_pre=29 cand_cap=20 cand=29->20 pre=29 pick(must/bucket/top/rand)=1/8/7/4 depth0=10 depth=5 dlog=4 dper=1 sims=1880 loop=1860 gen_time=0 eval_time=0.02 best_avg=-0.668462 best_move=2,3 leader=4 inc2=1 attack_w=0.520116
DBG t=49 used=0.019 remain=0.913 turn_time=0.0188866 end_in=0.0188866 cand_pre=30 cand_cap=20 cand=30->20 pre=30 pick(must/bucket/top/rand)=1/8/7/4 depth0=10 depth=5 dlog=4 dper=1 sims=1816 loop=1796 gen_time=0 eval_time=0.019 best_avg=-0.354334 best_move=3,6 leader=4 inc2=1 attack_w=0.206055
DBG t=61 used=0.019 remain=0.685 turn_time=0.0183018 end_in=0.0183018 cand_pre=32 cand_cap=20 cand=32->20 pre=32 pick(must/bucket/top/rand)=1/8/7/4 depth0=10 depth=5 dlog=4 dper=1 sims=1920 loop=1900 gen_time=0 eval_time=0.019 best_avg=-0.383422 best_move=0,6 leader=4 inc2=1 attack_w=0.2
DBG t=74 used=0.018 remain=0.443 turn_time=0.0177541 end_in=0.0177541 cand_pre=32 cand_cap=20 cand=32->20 pre=32 pick(must/bucket/top/rand)=1/8/7/4 depth0=11 depth=6 dlog=4 dper=1 sims=1356 loop=1336 gen_time=0 eval_time=0.018 best_avg=-0.225575 best_move=2,7 leader=2 inc2=1 attack_w=0.2
DBG t=86 used=0.017 remain=0.233 turn_time=0.0160437 end_in=0.0160437 cand_pre=44 cand_cap=20 cand=44->20 pre=44 pick(must/bucket/top/rand)=1/8/7/4 depth0=11 depth=3 dlog=5 dper=3 sims=2644 loop=2624 gen_time=0 eval_time=0.017 best_avg=-0.0723216 best_move=5,4 leader=2 inc2=1 attack_w=0.2
DBG depth_guard t=99 remain=0.019 cand_pre=50 depth0=0 depth=0
DBG t=99 used=0.012 remain=0.019 turn_time=0.0114 end_in=0.0114 cand_pre=50 cand_cap=16 cand=50->16 pre=48 pick(must/bucket/top/rand)=1/8/3/4 depth0=0 depth=0 dlog=5 dper=4 sims=12396 loop=12380 gen_time=0 eval_time=0.012 best_avg=0.031044 best_move=2,2 leader=4 inc2=1 attack_w=0.2
DBG summary depth_guard_fired=1
Score = 139979
=== CASE 0157.txt ===
DBG hdr N=10 M=8 T=100 U=3 VMAX=2358 TIME_LIMIT=1.94 MAX_CAND=20 UCB_C=0.21
DBG t=0 used=0.024 remain=1.94 turn_time=0.0236195 end_in=0.0236195 cand_pre=5 cand_cap=20 cand=5->5 pre=5 pick(must/bucket/top/rand)=1/2/2/0 depth0=7 depth=5 dlog=2 dper=0 sims=4229 loop=4224 gen_time=0 eval_time=0.024 best_avg=-1.66803 best_move=1,7 leader=5 inc2=1 attack_w=0.85
DBG t=12 used=0.02 remain=1.674 turn_time=0.019698 end_in=0.019698 cand_pre=33 cand_cap=20 cand=33->20 pre=33 pick(must/bucket/top/rand)=1/8/7/4 depth0=7 depth=2 dlog=4 dper=1 sims=6624 loop=6604 gen_time=0 eval_time=0.02 best_avg=-0.517817 best_move=6,2 leader=5 inc2=1 attack_w=0.842056
DBG t=24 used=0.022 remain=1.434 turn_time=0.0212553 end_in=0.0212553 cand_pre=19 cand_cap=20 cand=19->19 pre=19 pick(must/bucket/top/rand)=1/7/8/3 depth0=7 depth=3 dlog=4 dper=0 sims=4431 loop=4412 gen_time=0 eval_time=0.022 best_avg=-0.262636 best_move=6,4 leader=7 inc2=1 attack_w=0.2
DBG t=37 used=0.021 remain=1.153 turn_time=0.0207357 end_in=0.0207357 cand_pre=18 cand_cap=20 cand=18->18 pre=18 pick(must/bucket/top/rand)=1/6/9/2 depth0=10 depth=6 dlog=4 dper=0 sims=2014 loop=1996 gen_time=0 eval_time=0.021 best_avg=-0.391206 best_move=4,2 leader=6 inc2=1 attack_w=0.2
DBG t=49 used=0.021 remain=0.902 turn_time=0.0202685 end_in=0.0202685 cand_pre=16 cand_cap=20 cand=16->16 pre=16 pick(must/bucket/top/rand)=1/6/9/0 depth0=10 depth=7 dlog=3 dper=0 sims=1672 loop=1656 gen_time=0 eval_time=0.021 best_avg=-0.715776 best_move=7,3 leader=7 inc2=1 attack_w=0.85
DBG t=61 used=0.02 remain=0.658 turn_time=0.0195544 end_in=0.0195544 cand_pre=14 cand_cap=20 cand=14->14 pre=14 pick(must/bucket/top/rand)=1/3/10/0 depth0=10 depth=7 dlog=3 dper=0 sims=1530 loop=1516 gen_time=0 eval_time=0.02 best_avg=-0.647199 best_move=9,3 leader=6 inc2=1 attack_w=0.732721
DBG t=74 used=0.018 remain=0.406 turn_time=0.0177937 end_in=0.0177937 cand_pre=17 cand_cap=20 cand=17->17 pre=17 pick(must/bucket/top/rand)=1/4/11/1 depth0=11 depth=8 dlog=3 dper=0 sims=1485 loop=1468 gen_time=0 eval_time=0.018 best_avg=-0.624958 best_move=5,1 leader=7 inc2=1 attack_w=0.510335
DBG t=86 used=0.016 remain=0.197 turn_time=0.01576 end_in=0.01576 cand_pre=20 cand_cap=20 cand=20->20 pre=20 pick(must/bucket/top/rand)=1/5/10/4 depth0=11 depth=6 dlog=4 dper=0 sims=1756 loop=1736 gen_time=0 eval_time=0.016 best_avg=-0.493029 best_move=4,3 leader=6 inc2=1 attack_w=0.220482
DBG depth_guard t=99 remain=0.009 cand_pre=26 depth0=0 depth=0
DBG t=99 used=0.006 remain=0.009 turn_time=0.0054 end_in=0.0054 cand_pre=26 cand_cap=12 cand=26->12 pre=26 pick(must/bucket/top/rand)=1/6/3/2 depth0=0 depth=0 dlog=4 dper=5 sims=6632 loop=6620 gen_time=0 eval_time=0.006 best_avg=-0.48714 best_move=7,3 leader=7 inc2=1 attack_w=0.336862
DBG summary depth_guard_fired=1
Score = 93758
=== CASE 0160.txt ===
DBG hdr N=10 M=3 T=100 U=5 VMAX=2109 TIME_LIMIT=1.94 MAX_CAND=20 UCB_C=0.21
DBG t=0 used=0.024 remain=1.94 turn_time=0.0236195 end_in=0.0236195 cand_pre=5 cand_cap=20 cand=5->5 pre=5 pick(must/bucket/top/rand)=1/2/2/0 depth0=7 depth=5 dlog=2 dper=0 sims=7701 loop=7696 gen_time=0 eval_time=0.024 best_avg=-1.35812 best_move=5,6 leader=2 inc2=1 attack_w=0.678154
DBG t=12 used=0.022 remain=1.669 turn_time=0.0218582 end_in=0.0218582 cand_pre=15 cand_cap=20 cand=15->15 pre=15 pick(must/bucket/top/rand)=1/6/8/0 depth0=7 depth=4 dlog=3 dper=0 sims=6251 loop=6236 gen_time=0 eval_time=0.022 best_avg=-1.42385 best_move=4,5 leader=2 inc2=1 attack_w=0.2
DBG t=24 used=0.02 remain=1.41 turn_time=0.0198142 end_in=0.0198142 cand_pre=28 cand_cap=20 cand=28->20 pre=28 pick(must/bucket/top/rand)=1/8/7/4 depth0=7 depth=2 dlog=4 dper=1 sims=9116 loop=9096 gen_time=0 eval_time=0.02 best_avg=-0.986531 best_move=6,6 leader=1 inc2=1 attack_w=0.2
DBG t=37 used=0.019 remain=1.141 turn_time=0.0187541 end_in=0.0187541 cand_pre=33 cand_cap=20 cand=33->20 pre=33 pick(must/bucket/top/rand)=1/8/7/4 depth0=10 depth=5 dlog=4 dper=1 sims=3572 loop=3552 gen_time=0 eval_time=0.019 best_avg=-1.58486 best_move=6,6 leader=1 inc2=1 attack_w=0.371101
DBG t=49 used=0.019 remain=0.913 turn_time=0.0181884 end_in=0.0181884 cand_pre=36 cand_cap=20 cand=36->20 pre=36 pick(must/bucket/top/rand)=1/8/7/4 depth0=10 depth=3 dlog=5 dper=2 sims=6188 loop=6168 gen_time=0 eval_time=0.019 best_avg=-1.37971 best_move=3,5 leader=1 inc2=1 attack_w=0.2
DBG t=61 used=0.019 remain=0.686 turn_time=0.0180998 end_in=0.0180998 cand_pre=34 cand_cap=20 cand=34->20 pre=34 pick(must/bucket/top/rand)=1/8/7/4 depth0=10 depth=4 dlog=4 dper=2 sims=4508 loop=4488 gen_time=0 eval_time=0.019 best_avg=-1.41982 best_move=4,2 leader=1 inc2=1 attack_w=0.2
DBG t=74 used=0.017 remain=0.452 turn_time=0.0169848 end_in=0.0169848 cand_pre=42 cand_cap=20 cand=42->20 pre=42 pick(must/bucket/top/rand)=1/8/7/4 depth0=11 depth=4 dlog=5 dper=2 sims=3576 loop=3556 gen_time=0 eval_time=0.017 best_avg=-1.18645 best_move=9,6 leader=1 inc2=1 attack_w=0.2
DBG t=86 used=0.017 remain=0.246 turn_time=0.0168246 end_in=0.0168246 cand_pre=45 cand_cap=20 cand=45->20 pre=45 pick(must/bucket/top/rand)=1/8/7/4 depth0=11 depth=3 dlog=5 dper=3 sims=4396 loop=4376 gen_time=0 eval_time=0.017 best_avg=-1.37404 best_move=8,6 leader=1 inc2=1 attack_w=0.2
DBG depth_guard t=99 remain=0.018 cand_pre=45 depth0=0 depth=0
DBG t=99 used=0.011 remain=0.018 turn_time=0.0108 end_in=0.0108 cand_pre=45 cand_cap=14 cand=45->14 pre=42 pick(must/bucket/top/rand)=1/7/3/3 depth0=0 depth=0 dlog=5 dper=4 sims=20358 loop=20344 gen_time=0 eval_time=0.011 best_avg=-1.20994 best_move=9,5 leader=1 inc2=1 attack_w=0.2
DBG summary depth_guard_fired=1
Score = 132597
=== CASE 0161.txt ===
DBG hdr N=10 M=4 T=100 U=4 VMAX=1629 TIME_LIMIT=1.94 MAX_CAND=20 UCB_C=0.21
DBG t=0 used=0.024 remain=1.94 turn_time=0.0237456 end_in=0.0237456 cand_pre=4 cand_cap=20 cand=4->4 pre=4 pick(must/bucket/top/rand)=1/2/1/0 depth0=7 depth=6 dlog=1 dper=0 sims=5248 loop=5244 gen_time=0 eval_time=0.024 best_avg=-1.14518 best_move=4,5 leader=3 inc2=0 attack_w=0.13
DBG t=12 used=0.023 remain=1.659 turn_time=0.0220949 end_in=0.0220949 cand_pre=12 cand_cap=20 cand=12->12 pre=12 pick(must/bucket/top/rand)=1/7/4/0 depth0=7 depth=4 dlog=3 dper=0 sims=6700 loop=6688 gen_time=0 eval_time=0.023 best_avg=-0.992986 best_move=5,5 leader=3 inc2=1 attack_w=0.298306
DBG t=24 used=0.021 remain=1.399 turn_time=0.0203775 end_in=0.0203775 cand_pre=22 cand_cap=20 cand=22->20 pre=22 pick(must/bucket/top/rand)=1/5/10/4 depth0=7 depth=3 dlog=4 dper=0 sims=6516 loop=6496 gen_time=0 eval_time=0.021 best_avg=-1.0493 best_move=6,2 leader=2 inc2=0 attack_w=0.279646
DBG t=37 used=0.02 remain=1.133 turn_time=0.0196746 end_in=0.0196746 cand_pre=24 cand_cap=20 cand=24->20 pre=24 pick(must/bucket/top/rand)=1/6/9/4 depth0=10 depth=6 dlog=4 dper=0 sims=2696 loop=2676 gen_time=0 eval_time=0.02 best_avg=-1.09754 best_move=7,1 leader=2 inc2=0 attack_w=0.2
DBG t=49 used=0.019 remain=0.899 turn_time=0.018597 end_in=0.018597 cand_pre=30 cand_cap=20 cand=30->20 pre=30 pick(must/bucket/top/rand)=1/8/7/4 depth0=10 depth=5 dlog=4 dper=1 sims=2844 loop=2824 gen_time=0 eval_time=0.019 best_avg=-1.05678 best_move=4,5 leader=1 inc2=1 attack_w=0.2
DBG t=61 used=0.019 remain=0.667 turn_time=0.0180432 end_in=0.0180432 cand_pre=30 cand_cap=20 cand=30->20 pre=30 pick(must/bucket/top/rand)=1/8/7/4 depth0=10 depth=5 dlog=4 dper=1 sims=2708 loop=2688 gen_time=0 eval_time=0.019 best_avg=-1.19116 best_move=9,4 leader=1 inc2=1 attack_w=0.642608
DBG t=74 used=0.018 remain=0.432 turn_time=0.0174212 end_in=0.0174212 cand_pre=31 cand_cap=20 cand=31->20 pre=31 pick(must/bucket/top/rand)=1/8/7/4 depth0=11 depth=6 dlog=4 dper=1 sims=2204 loop=2184 gen_time=0 eval_time=0.018 best_avg=-1.03954 best_move=9,3 leader=2 inc2=1 attack_w=0.2
DBG t=86 used=0.017 remain=0.223 turn_time=0.0163905 end_in=0.0163905 cand_pre=34 cand_cap=20 cand=34->20 pre=34 pick(must/bucket/top/rand)=1/8/7/4 depth0=11 depth=5 dlog=4 dper=2 sims=2424 loop=2404 gen_time=0 eval_time=0.017 best_avg=-0.830915 best_move=9,3 leader=1 inc2=1 attack_w=0.2
DBG depth_guard t=99 remain=0.014 cand_pre=36 depth0=0 depth=0
DBG t=99 used=0.009 remain=0.014 turn_time=0.0084 end_in=0.0084 cand_pre=36 cand_cap=14 cand=36->14 pre=36 pick(must/bucket/top/rand)=1/8/2/3 depth0=0 depth=0 dlog=5 dper=4 sims=12910 loop=12896 gen_time=0 eval_time=0.009 best_avg=-0.727722 best_move=3,6 leader=1 inc2=1 attack_w=0.2
DBG summary depth_guard_fired=1
Score = 123960
=== CASE 0162.txt ===
DBG hdr N=10 M=8 T=100 U=1 VMAX=1349 TIME_LIMIT=1.94 MAX_CAND=20 UCB_C=0.21
DBG t=0 used=0.024 remain=1.94 turn_time=0.0236195 end_in=0.0236195 cand_pre=5 cand_cap=20 cand=5->5 pre=5 pick(must/bucket/top/rand)=1/2/2/0 depth0=7 depth=5 dlog=2 dper=0 sims=3637 loop=3632 gen_time=0 eval_time=0.024 best_avg=-0.486635 best_move=7,4 leader=5 inc2=1 attack_w=0.13
DBG t=12 used=0.023 remain=1.665 turn_time=0.0229127 end_in=0.0229127 cand_pre=6 cand_cap=20 cand=6->6 pre=6 pick(must/bucket/top/rand)=1/3/2/0 depth0=7 depth=5 dlog=2 dper=0 sims=2842 loop=2836 gen_time=0 eval_time=0.023 best_avg=-0.404189 best_move=4,5 leader=6 inc2=1 attack_w=0.2
DBG t=24 used=0.02 remain=1.4 turn_time=0.0195539 end_in=0.0195539 cand_pre=29 cand_cap=20 cand=29->20 pre=29 pick(must/bucket/top/rand)=1/6/9/4 depth0=7 depth=2 dlog=4 dper=1 sims=5744 loop=5724 gen_time=0 eval_time=0.02 best_avg=-0.02394 best_move=8,2 leader=2 inc2=1 attack_w=0.2
DBG t=37 used=0.021 remain=1.154 turn_time=0.0201584 end_in=0.0201584 cand_pre=23 cand_cap=20 cand=23->20 pre=23 pick(must/bucket/top/rand)=1/5/10/4 depth0=10 depth=6 dlog=4 dper=0 sims=1764 loop=1744 gen_time=0 eval_time=0.021 best_avg=-0.0589117 best_move=7,1 leader=5 inc2=1 attack_w=0.2
DBG t=49 used=0.018 remain=0.921 turn_time=0.0172913 end_in=0.0172913 cand_pre=45 cand_cap=20 cand=45->20 pre=45 pick(must/bucket/top/rand)=1/5/10/4 depth0=10 depth=2 dlog=5 dper=3 sims=5048 loop=5028 gen_time=0 eval_time=0.018 best_avg=0.455716 best_move=9,5 leader=3 inc2=1 attack_w=0.2
DBG t=61 used=0.019 remain=0.703 turn_time=0.0185484 end_in=0.0185484 cand_pre=34 cand_cap=20 cand=34->20 pre=34 pick(must/bucket/top/rand)=1/6/9/4 depth0=10 depth=4 dlog=4 dper=2 sims=2524 loop=2504 gen_time=0 eval_time=0.019 best_avg=0.785352 best_move=3,4 leader=5 inc2=1 attack_w=0.2
DBG t=74 used=0.016 remain=0.47 turn_time=0.0154287 end_in=0.0154287 cand_pre=61 cand_cap=14 cand=61->14 pre=42 pick(must/bucket/top/rand)=1/5/5/3 depth0=11 depth=2 dlog=5 dper=4 sims=3638 loop=3624 gen_time=0 eval_time=0.016 best_avg=0.918338 best_move=5,4 leader=1 inc2=1 attack_w=0.2
DBG t=86 used=0.016 remain=0.26 turn_time=0.0158507 end_in=0.0158507 cand_pre=61 cand_cap=14 cand=61->14 pre=42 pick(must/bucket/top/rand)=1/5/5/3 depth0=11 depth=2 dlog=5 dper=4 sims=4146 loop=4132 gen_time=0 eval_time=0.016 best_avg=0.888955 best_move=5,9 leader=7 inc2=1 attack_w=0.2
DBG t=99 used=0.017 remain=0.028 turn_time=0.0168 end_in=0.0168 cand_pre=69 cand_cap=14 cand=69->14 pre=42 pick(must/bucket/top/rand)=1/5/5/3 depth0=0 depth=0 dlog=5 dper=4 sims=25138 loop=25124 gen_time=0 eval_time=0.017 best_avg=0.976862 best_move=4,5 leader=7 inc2=1 attack_w=0.2
DBG summary depth_guard_fired=0
Score = 234379
=== CASE 0164.txt ===
DBG hdr N=10 M=3 T=100 U=1 VMAX=2075 TIME_LIMIT=1.94 MAX_CAND=20 UCB_C=0.21
DBG t=0 used=0.024 remain=1.94 turn_time=0.0236195 end_in=0.0236195 cand_pre=5 cand_cap=20 cand=5->5 pre=5 pick(must/bucket/top/rand)=1/2/2/0 depth0=7 depth=5 dlog=2 dper=0 sims=8165 loop=8160 gen_time=0 eval_time=0.024 best_avg=-1.88912 best_move=7,3 leader=1 inc2=1 attack_w=0.514892
DBG t=12 used=0.023 remain=1.66 turn_time=0.0221082 end_in=0.0221082 cand_pre=12 cand_cap=20 cand=12->12 pre=12 pick(must/bucket/top/rand)=1/6/5/0 depth0=7 depth=4 dlog=3 dper=0 sims=7296 loop=7284 gen_time=0 eval_time=0.023 best_avg=-1.55888 best_move=9,4 leader=2 inc2=1 attack_w=0.436904
DBG t=24 used=0.022 remain=1.394 turn_time=0.0211393 end_in=0.0211393 cand_pre=15 cand_cap=20 cand=15->15 pre=15 pick(must/bucket/top/rand)=1/6/8/0 depth0=7 depth=4 dlog=3 dper=0 sims=7883 loop=7868 gen_time=0 eval_time=0.022 best_avg=-1.02436 best_move=8,4 leader=2 inc2=1 attack_w=0.2
DBG t=37 used=0.021 remain=1.115 turn_time=0.0200523 end_in=0.0200523 cand_pre=18 cand_cap=20 cand=18->18 pre=18 pick(must/bucket/top/rand)=1/6/9/2 depth0=10 depth=6 dlog=4 dper=0 sims=4010 loop=3992 gen_time=0 eval_time=0.021 best_avg=-1.22255 best_move=4,1 leader=2 inc2=1 attack_w=0.2
DBG t=49 used=0.019 remain=0.881 turn_time=0.0181123 end_in=0.0181123 cand_pre=31 cand_cap=20 cand=31->20 pre=31 pick(must/bucket/top/rand)=1/4/11/4 depth0=10 depth=5 dlog=4 dper=1 sims=3716 loop=3696 gen_time=0 eval_time=0.019 best_avg=-0.533434 best_move=8,6 leader=1 inc2=1 attack_w=0.2
DBG t=61 used=0.02 remain=0.648 turn_time=0.0194732 end_in=0.0194732 cand_pre=12 cand_cap=20 cand=12->12 pre=12 pick(must/bucket/top/rand)=1/4/7/0 depth0=10 depth=7 dlog=3 dper=0 sims=3116 loop=3104 gen_time=0 eval_time=0.02 best_avg=0.255386 best_move=6,7 leader=1 inc2=1 attack_w=0.2
DBG t=74 used=0.015 remain=0.429 turn_time=0.0149408 end_in=0.0149408 cand_pre=53 cand_cap=20 cand=53->20 pre=53 pick(must/bucket/top/rand)=1/4/11/4 depth0=11 depth=2 dlog=5 dper=4 sims=7260 loop=7240 gen_time=0 eval_time=0.015 best_avg=0.742867 best_move=8,9 leader=2 inc2=1 attack_w=0.2
DBG t=86 used=0.014 remain=0.221 turn_time=0.0139861 end_in=0.0139861 cand_pre=56 cand_cap=16 cand=56->16 pre=48 pick(must/bucket/top/rand)=1/4/7/4 depth0=11 depth=2 dlog=5 dper=4 sims=7052 loop=7036 gen_time=0 eval_time=0.014 best_avg=0.928143 best_move=9,7 leader=1 inc2=1 attack_w=0.2
DBG t=99 used=0.013 remain=0.021 turn_time=0.0126 end_in=0.0126 cand_pre=56 cand_cap=16 cand=56->16 pre=48 pick(must/bucket/top/rand)=1/3/8/4 depth0=0 depth=0 dlog=5 dper=4 sims=42036 loop=42020 gen_time=0 eval_time=0.013 best_avg=1.07741 best_move=4,9 leader=2 inc2=1 attack_w=0.13
DBG summary depth_guard_fired=0
Score = 363878
=== CASE 0165.txt ===
DBG hdr N=10 M=2 T=100 U=3 VMAX=1868 TIME_LIMIT=1.94 MAX_CAND=20 UCB_C=0.21
DBG t=0 used=0.024 remain=1.94 turn_time=0.0236195 end_in=0.0236195 cand_pre=5 cand_cap=20 cand=5->5 pre=5 pick(must/bucket/top/rand)=1/2/2/0 depth0=7 depth=5 dlog=2 dper=0 sims=10317 loop=10312 gen_time=0 eval_time=0.024 best_avg=-2.41127 best_move=2,0 leader=1 inc2=1 attack_w=0.13
DBG t=12 used=0.022 remain=1.665 turn_time=0.0216828 end_in=0.0216828 cand_pre=16 cand_cap=20 cand=16->16 pre=16 pick(must/bucket/top/rand)=1/3/12/0 depth0=7 depth=4 dlog=3 dper=0 sims=8352 loop=8336 gen_time=0 eval_time=0.022 best_avg=-2.58699 best_move=6,2 leader=1 inc2=1 attack_w=0.2
DBG t=24 used=0.021 remain=1.402 turn_time=0.0204212 end_in=0.0204212 cand_pre=22 cand_cap=20 cand=22->20 pre=22 pick(must/bucket/top/rand)=1/6/9/4 depth0=7 depth=3 dlog=4 dper=0 sims=10192 loop=10172 gen_time=0 eval_time=0.021 best_avg=-2.65956 best_move=6,3 leader=1 inc2=1 attack_w=0.2
DBG t=37 used=0.02 remain=1.132 turn_time=0.0198909 end_in=0.0198909 cand_pre=22 cand_cap=20 cand=22->20 pre=22 pick(must/bucket/top/rand)=1/7/8/4 depth0=10 depth=6 dlog=4 dper=0 sims=4832 loop=4812 gen_time=0 eval_time=0.02 best_avg=-2.79849 best_move=6,3 leader=1 inc2=1 attack_w=0.2
DBG t=49 used=0.019 remain=0.898 turn_time=0.0182329 end_in=0.0182329 cand_pre=33 cand_cap=20 cand=33->20 pre=33 pick(must/bucket/top/rand)=1/7/8/4 depth0=10 depth=5 dlog=4 dper=1 sims=5644 loop=5624 gen_time=0 eval_time=0.019 best_avg=-2.71832 best_move=8,4 leader=1 inc2=1 attack_w=0.2
DBG t=61 used=0.018 remain=0.678 turn_time=0.0178888 end_in=0.0178888 cand_pre=34 cand_cap=20 cand=34->20 pre=34 pick(must/bucket/top/rand)=1/7/8/4 depth0=10 depth=4 dlog=4 dper=2 sims=5452 loop=5432 gen_time=0 eval_time=0.018 best_avg=-2.66188 best_move=3,1 leader=1 inc2=1 attack_w=0.2
DBG t=74 used=0.018 remain=0.444 turn_time=0.0172392 end_in=0.0172392 cand_pre=37 cand_cap=20 cand=37->20 pre=37 pick(must/bucket/top/rand)=1/6/9/4 depth0=11 depth=4 dlog=5 dper=2 sims=5412 loop=5392 gen_time=0 eval_time=0.018 best_avg=-2.66934 best_move=5,1 leader=1 inc2=1 attack_w=0.2
DBG t=86 used=0.017 remain=0.234 turn_time=0.0168731 end_in=0.0168731 cand_pre=37 cand_cap=20 cand=37->20 pre=37 pick(must/bucket/top/rand)=1/4/11/4 depth0=11 depth=4 dlog=5 dper=2 sims=6252 loop=6232 gen_time=0 eval_time=0.017 best_avg=-2.35336 best_move=6,2 leader=1 inc2=1 attack_w=0.2
DBG depth_guard t=99 remain=0.016 cand_pre=39 depth0=0 depth=0
DBG t=99 used=0.01 remain=0.016 turn_time=0.0096 end_in=0.0096 cand_pre=39 cand_cap=14 cand=39->14 pre=39 pick(must/bucket/top/rand)=1/5/5/3 depth0=0 depth=0 dlog=5 dper=4 sims=39646 loop=39632 gen_time=0 eval_time=0.01 best_avg=-1.69872 best_move=3,4 leader=1 inc2=1 attack_w=0.2
DBG summary depth_guard_fired=1
Score = 205854
=== CASE 0163.txt ===
DBG hdr N=10 M=3 T=100 U=5 VMAX=2231 TIME_LIMIT=1.94 MAX_CAND=20 UCB_C=0.21
DBG t=0 used=0.024 remain=1.94 turn_time=0.0236195 end_in=0.0236195 cand_pre=5 cand_cap=20 cand=5->5 pre=5 pick(must/bucket/top/rand)=1/2/2/0 depth0=7 depth=5 dlog=2 dper=0 sims=7817 loop=7812 gen_time=0 eval_time=0.024 best_avg=-2.17879 best_move=7,8 leader=2 inc2=1 attack_w=0.85
DBG t=12 used=0.024 remain=1.671 turn_time=0.0231187 end_in=0.0231187 cand_pre=5 cand_cap=20 cand=5->5 pre=5 pick(must/bucket/top/rand)=1/4/0/0 depth0=7 depth=5 dlog=2 dper=0 sims=7477 loop=7472 gen_time=0 eval_time=0.024 best_avg=-1.84685 best_move=0,4 leader=2 inc2=1 attack_w=0.85
DBG t=24 used=0.022 remain=1.392 turn_time=0.0219423 end_in=0.0219423 cand_pre=8 cand_cap=20 cand=8->8 pre=8 pick(must/bucket/top/rand)=1/4/3/0 depth0=7 depth=5 dlog=2 dper=0 sims=8536 loop=8528 gen_time=0 eval_time=0.022 best_avg=-1.15024 best_move=2,4 leader=2 inc2=1 attack_w=0.30478
DBG t=37 used=0.021 remain=1.109 turn_time=0.0205165 end_in=0.0205165 cand_pre=13 cand_cap=20 cand=13->13 pre=13 pick(must/bucket/top/rand)=1/5/7/0 depth0=10 depth=7 dlog=3 dper=0 sims=4841 loop=4828 gen_time=0 eval_time=0.021 best_avg=-0.899834 best_move=0,2 leader=2 inc2=1 attack_w=0.2
DBG t=49 used=0.02 remain=0.861 turn_time=0.0194569 end_in=0.0194569 cand_pre=15 cand_cap=20 cand=15->15 pre=15 pick(must/bucket/top/rand)=1/8/6/0 depth0=10 depth=7 dlog=3 dper=0 sims=3123 loop=3108 gen_time=0 eval_time=0.02 best_avg=-0.701405 best_move=1,3 leader=1 inc2=1 attack_w=0.2
DBG t=61 used=0.019 remain=0.628 turn_time=0.0185582 end_in=0.0185582 cand_pre=15 cand_cap=20 cand=15->15 pre=15 pick(must/bucket/top/rand)=1/7/7/0 depth0=10 depth=7 dlog=3 dper=0 sims=3267 loop=3252 gen_time=0 eval_time=0.019 best_avg=-0.685347 best_move=1,4 leader=1 inc2=1 attack_w=0.2
DBG t=74 used=0.018 remain=0.386 turn_time=0.0171102 end_in=0.0171102 cand_pre=15 cand_cap=20 cand=15->15 pre=15 pick(must/bucket/top/rand)=1/7/7/0 depth0=11 depth=8 dlog=3 dper=0 sims=3019 loop=3004 gen_time=0 eval_time=0.018 best_avg=-0.338429 best_move=1,3 leader=1 inc2=1 attack_w=0.2
DBG t=86 used=0.015 remain=0.186 turn_time=0.0147936 end_in=0.0147936 cand_pre=21 cand_cap=20 cand=21->20 pre=21 pick(must/bucket/top/rand)=1/8/7/4 depth0=11 depth=6 dlog=4 dper=1 sims=2944 loop=2924 gen_time=0 eval_time=0.015 best_avg=-0.197613 best_move=2,3 leader=1 inc2=1 attack_w=0.2
DBG depth_guard t=99 remain=0.009 cand_pre=33 depth0=0 depth=0
DBG t=99 used=0.006 remain=0.009 turn_time=0.0054 end_in=0.0054 cand_pre=33 cand_cap=12 cand=33->12 pre=33 pick(must/bucket/top/rand)=1/8/1/2 depth0=0 depth=0 dlog=4 dper=5 sims=14700 loop=14688 gen_time=0 eval_time=0.006 best_avg=-0.189398 best_move=2,3 leader=1 inc2=1 attack_w=0.2
DBG summary depth_guard_fired=1
Score = 213832
=== CASE 0166.txt ===
DBG hdr N=10 M=8 T=100 U=4 VMAX=1506 TIME_LIMIT=1.94 MAX_CAND=20 UCB_C=0.21
DBG t=0 used=0.024 remain=1.94 turn_time=0.0236195 end_in=0.0236195 cand_pre=5 cand_cap=20 cand=5->5 pre=5 pick(must/bucket/top/rand)=1/2/2/0 depth0=7 depth=5 dlog=2 dper=0 sims=4521 loop=4516 gen_time=0 eval_time=0.024 best_avg=-0.568902 best_move=2,7 leader=7 inc2=1 attack_w=0.659104
DBG t=12 used=0.022 remain=1.666 turn_time=0.0212036 end_in=0.0212036 cand_pre=20 cand_cap=20 cand=20->20 pre=20 pick(must/bucket/top/rand)=1/5/10/4 depth0=7 depth=3 dlog=4 dper=0 sims=3232 loop=3212 gen_time=0 eval_time=0.022 best_avg=-0.488325 best_move=6,8 leader=5 inc2=1 attack_w=0.66578
DBG t=24 used=0.021 remain=1.41 turn_time=0.0205378 end_in=0.0205378 cand_pre=22 cand_cap=20 cand=22->20 pre=22 pick(must/bucket/top/rand)=1/8/7/4 depth0=7 depth=3 dlog=4 dper=0 sims=3444 loop=3424 gen_time=0 eval_time=0.021 best_avg=-0.41986 best_move=5,7 leader=3 inc2=1 attack_w=0.423646
DBG t=37 used=0.021 remain=1.139 turn_time=0.0200139 end_in=0.0200139 cand_pre=22 cand_cap=20 cand=22->20 pre=22 pick(must/bucket/top/rand)=1/4/11/4 depth0=10 depth=6 dlog=4 dper=0 sims=1624 loop=1604 gen_time=0 eval_time=0.021 best_avg=-0.480255 best_move=6,7 leader=3 inc2=1 attack_w=0.2
DBG t=49 used=0.02 remain=0.898 turn_time=0.0194919 end_in=0.0194919 cand_pre=22 cand_cap=20 cand=22->20 pre=22 pick(must/bucket/top/rand)=1/6/9/4 depth0=10 depth=6 dlog=4 dper=0 sims=1704 loop=1684 gen_time=0 eval_time=0.02 best_avg=-0.382158 best_move=3,8 leader=1 inc2=1 attack_w=0.2
DBG t=61 used=0.019 remain=0.667 turn_time=0.0182655 end_in=0.0182655 cand_pre=28 cand_cap=20 cand=28->20 pre=28 pick(must/bucket/top/rand)=1/7/8/4 depth0=10 depth=5 dlog=4 dper=1 sims=2116 loop=2096 gen_time=0 eval_time=0.019 best_avg=-0.272859 best_move=4,9 leader=1 inc2=1 attack_w=0.2
DBG t=74 used=0.018 remain=0.425 turn_time=0.0176702 end_in=0.0176702 cand_pre=26 cand_cap=20 cand=26->20 pre=26 pick(must/bucket/top/rand)=1/5/10/4 depth0=11 depth=6 dlog=4 dper=1 sims=1672 loop=1652 gen_time=0 eval_time=0.018 best_avg=-0.265117 best_move=6,8 leader=1 inc2=1 attack_w=0.2
DBG t=86 used=0.017 remain=0.214 turn_time=0.0162258 end_in=0.0162258 cand_pre=29 cand_cap=20 cand=29->20 pre=29 pick(must/bucket/top/rand)=1/4/11/4 depth0=11 depth=6 dlog=4 dper=1 sims=1460 loop=1440 gen_time=0 eval_time=0.017 best_avg=-0.247962 best_move=7,6 leader=2 inc2=1 attack_w=0.2
DBG depth_guard t=99 remain=0.012 cand_pre=34 depth0=0 depth=0
DBG t=99 used=0.008 remain=0.012 turn_time=0.0072 end_in=0.0072 cand_pre=34 cand_cap=12 cand=34->12 pre=34 pick(must/bucket/top/rand)=1/4/5/2 depth0=0 depth=0 dlog=4 dper=5 sims=6684 loop=6672 gen_time=0 eval_time=0.008 best_avg=-0.111853 best_move=6,7 leader=1 inc2=1 attack_w=0.2
DBG summary depth_guard_fired=1
Score = 125148
=== CASE 0167.txt ===
DBG hdr N=10 M=8 T=100 U=2 VMAX=1766 TIME_LIMIT=1.94 MAX_CAND=20 UCB_C=0.21
DBG t=0 used=0.024 remain=1.94 turn_time=0.0237456 end_in=0.0237456 cand_pre=4 cand_cap=20 cand=4->4 pre=4 pick(must/bucket/top/rand)=1/2/1/0 depth0=7 depth=6 dlog=1 dper=0 sims=3096 loop=3092 gen_time=0 eval_time=0.024 best_avg=-0.936861 best_move=0,6 leader=2 inc2=1 attack_w=0.13
DBG t=12 used=0.022 remain=1.663 turn_time=0.0216568 end_in=0.0216568 cand_pre=16 cand_cap=20 cand=16->16 pre=16 pick(must/bucket/top/rand)=1/4/11/0 depth0=7 depth=4 dlog=3 dper=0 sims=3188 loop=3172 gen_time=0 eval_time=0.022 best_avg=-0.953432 best_move=0,0 leader=2 inc2=1 attack_w=0.85
DBG t=24 used=0.022 remain=1.396 turn_time=0.0214084 end_in=0.0214084 cand_pre=13 cand_cap=20 cand=13->13 pre=13 pick(must/bucket/top/rand)=1/3/9/0 depth0=7 depth=4 dlog=3 dper=0 sims=2733 loop=2720 gen_time=0 eval_time=0.022 best_avg=-1.05039 best_move=1,1 leader=2 inc2=1 attack_w=0.85
DBG t=37 used=0.021 remain=1.118 turn_time=0.0201063 end_in=0.0201063 cand_pre=18 cand_cap=20 cand=18->18 pre=18 pick(must/bucket/top/rand)=1/5/10/2 depth0=10 depth=6 dlog=4 dper=0 sims=1646 loop=1628 gen_time=0 eval_time=0.021 best_avg=-0.810093 best_move=4,4 leader=2 inc2=1 attack_w=0.85
DBG t=49 used=0.02 remain=0.869 turn_time=0.0196377 end_in=0.0196377 cand_pre=15 cand_cap=20 cand=15->15 pre=15 pick(must/bucket/top/rand)=1/6/8/0 depth0=10 depth=7 dlog=3 dper=0 sims=1255 loop=1240 gen_time=0 eval_time=0.02 best_avg=-0.928032 best_move=9,5 leader=2 inc2=1 attack_w=0.85
DBG t=61 used=0.019 remain=0.634 turn_time=0.0183128 end_in=0.0183128 cand_pre=19 cand_cap=20 cand=19->19 pre=19 pick(must/bucket/top/rand)=1/5/10/3 depth0=10 depth=6 dlog=4 dper=0 sims=1647 loop=1628 gen_time=0 eval_time=0.019 best_avg=-0.38559 best_move=6,7 leader=2 inc2=1 attack_w=0.505303
DBG t=74 used=0.017 remain=0.398 turn_time=0.0165476 end_in=0.0165476 cand_pre=26 cand_cap=20 cand=26->20 pre=26 pick(must/bucket/top/rand)=1/6/9/4 depth0=11 depth=6 dlog=4 dper=1 sims=1280 loop=1260 gen_time=0 eval_time=0.017 best_avg=-0.124527 best_move=5,9 leader=3 inc2=1 attack_w=0.2
DBG t=86 used=0.016 remain=0.196 turn_time=0.015407 end_in=0.015407 cand_pre=23 cand_cap=20 cand=23->20 pre=23 pick(must/bucket/top/rand)=1/8/7/4 depth0=11 depth=6 dlog=4 dper=1 sims=1144 loop=1124 gen_time=0 eval_time=0.016 best_avg=-0.120626 best_move=5,9 leader=3 inc2=1 attack_w=0.2
DBG depth_guard t=99 remain=0.009 cand_pre=28 depth0=0 depth=0
DBG t=99 used=0.006 remain=0.009 turn_time=0.0054 end_in=0.0054 cand_pre=28 cand_cap=12 cand=28->12 pre=28 pick(must/bucket/top/rand)=1/6/3/2 depth0=0 depth=0 dlog=4 dper=5 sims=4980 loop=4968 gen_time=0 eval_time=0.006 best_avg=0.0376378 best_move=8,5 leader=5 inc2=1 attack_w=0.2
DBG summary depth_guard_fired=1
Score = 137068
=== CASE 0168.txt ===
DBG hdr N=10 M=5 T=100 U=4 VMAX=1457 TIME_LIMIT=1.94 MAX_CAND=20 UCB_C=0.21
DBG t=0 used=0.024 remain=1.94 turn_time=0.0236195 end_in=0.0236195 cand_pre=5 cand_cap=20 cand=5->5 pre=5 pick(must/bucket/top/rand)=1/2/2/0 depth0=7 depth=5 dlog=2 dper=0 sims=6145 loop=6140 gen_time=0 eval_time=0.024 best_avg=-1.07833 best_move=6,8 leader=3 inc2=1 attack_w=0.85
DBG t=12 used=0.023 remain=1.669 turn_time=0.0224746 end_in=0.0224746 cand_pre=10 cand_cap=20 cand=10->10 pre=10 pick(must/bucket/top/rand)=1/7/2/0 depth0=7 depth=4 dlog=3 dper=0 sims=5398 loop=5388 gen_time=0 eval_time=0.023 best_avg=-0.65573 best_move=4,7 leader=1 inc2=1 attack_w=0.2
DBG t=24 used=0.022 remain=1.397 turn_time=0.0213042 end_in=0.0213043 cand_pre=14 cand_cap=20 cand=14->14 pre=14 pick(must/bucket/top/rand)=1/8/5/0 depth0=7 depth=4 dlog=3 dper=0 sims=5394 loop=5380 gen_time=0 eval_time=0.022 best_avg=-0.767588 best_move=3,7 leader=1 inc2=1 attack_w=0.212169
DBG t=37 used=0.021 remain=1.122 turn_time=0.0201782 end_in=0.0201782 cand_pre=18 cand_cap=20 cand=18->18 pre=18 pick(must/bucket/top/rand)=1/7/8/2 depth0=10 depth=6 dlog=4 dper=0 sims=2810 loop=2792 gen_time=0 eval_time=0.021 best_avg=-0.792281 best_move=5,6 leader=1 inc2=0 attack_w=0.482766
DBG t=49 used=0.019 remain=0.884 turn_time=0.0187373 end_in=0.0187373 cand_pre=26 cand_cap=20 cand=26->20 pre=26 pick(must/bucket/top/rand)=1/8/7/4 depth0=10 depth=5 dlog=4 dper=1 sims=3480 loop=3460 gen_time=0 eval_time=0.019 best_avg=-0.436906 best_move=3,3 leader=1 inc2=1 attack_w=0.2
DBG t=61 used=0.018 remain=0.653 turn_time=0.0178822 end_in=0.0178822 cand_pre=28 cand_cap=20 cand=28->20 pre=28 pick(must/bucket/top/rand)=1/8/7/4 depth0=10 depth=5 dlog=4 dper=1 sims=2948 loop=2928 gen_time=0 eval_time=0.018 best_avg=-0.377281 best_move=5,4 leader=1 inc2=1 attack_w=0.2
DBG t=74 used=0.017 remain=0.419 turn_time=0.016897 end_in=0.016897 cand_pre=31 cand_cap=20 cand=31->20 pre=31 pick(must/bucket/top/rand)=1/8/7/4 depth0=11 depth=5 dlog=4 dper=2 sims=2508 loop=2488 gen_time=0 eval_time=0.017 best_avg=-0.252301 best_move=0,6 leader=2 inc2=1 attack_w=0.2
DBG t=86 used=0.016 remain=0.215 turn_time=0.0159023 end_in=0.0159023 cand_pre=33 cand_cap=20 cand=33->20 pre=33 pick(must/bucket/top/rand)=1/7/8/4 depth0=11 depth=5 dlog=4 dper=2 sims=2496 loop=2476 gen_time=0 eval_time=0.016 best_avg=-0.248691 best_move=0,5 leader=2 inc2=1 attack_w=0.2
DBG depth_guard t=99 remain=0.014 cand_pre=41 depth0=0 depth=0
DBG t=99 used=0.009 remain=0.014 turn_time=0.0084 end_in=0.0084 cand_pre=41 cand_cap=14 cand=41->14 pre=41 pick(must/bucket/top/rand)=1/8/2/3 depth0=0 depth=0 dlog=5 dper=5 sims=15750 loop=15736 gen_time=0 eval_time=0.009 best_avg=-0.076827 best_move=5,1 leader=2 inc2=1 attack_w=0.2
DBG summary depth_guard_fired=1
Score = 161456
=== CASE 0170.txt ===
DBG hdr N=10 M=5 T=100 U=2 VMAX=1568 TIME_LIMIT=1.94 MAX_CAND=20 UCB_C=0.21
DBG t=0 used=0.024 remain=1.94 turn_time=0.0236195 end_in=0.0236195 cand_pre=5 cand_cap=20 cand=5->5 pre=5 pick(must/bucket/top/rand)=1/2/2/0 depth0=7 depth=5 dlog=2 dper=0 sims=6057 loop=6052 gen_time=0 eval_time=0.024 best_avg=-0.915262 best_move=2,9 leader=3 inc2=1 attack_w=0.85
DBG t=12 used=0.022 remain=1.665 turn_time=0.0216828 end_in=0.0216828 cand_pre=16 cand_cap=20 cand=16->16 pre=16 pick(must/bucket/top/rand)=1/2/13/0 depth0=7 depth=4 dlog=3 dper=0 sims=4272 loop=4256 gen_time=0 eval_time=0.022 best_avg=-0.712767 best_move=3,7 leader=2 inc2=1 attack_w=0.204271
DBG t=24 used=0.02 remain=1.415 turn_time=0.0195214 end_in=0.0195214 cand_pre=31 cand_cap=20 cand=31->20 pre=31 pick(must/bucket/top/rand)=1/4/11/4 depth0=7 depth=2 dlog=4 dper=1 sims=6896 loop=6876 gen_time=0 eval_time=0.02 best_avg=-0.748881 best_move=5,5 leader=4 inc2=0 attack_w=0.241105
DBG t=37 used=0.019 remain=1.161 turn_time=0.0183641 end_in=0.0183641 cand_pre=39 cand_cap=20 cand=39->20 pre=39 pick(must/bucket/top/rand)=1/5/10/4 depth0=10 depth=3 dlog=5 dper=2 sims=4188 loop=4168 gen_time=0 eval_time=0.019 best_avg=-1.09076 best_move=7,7 leader=4 inc2=0 attack_w=0.85
DBG t=49 used=0.018 remain=0.933 turn_time=0.0179923 end_in=0.0179923 cand_pre=41 cand_cap=20 cand=41->20 pre=41 pick(must/bucket/top/rand)=1/6/9/4 depth0=10 depth=3 dlog=5 dper=2 sims=3992 loop=3972 gen_time=0 eval_time=0.018 best_avg=-0.995747 best_move=1,5 leader=4 inc2=0 attack_w=0.816074
DBG t=61 used=0.018 remain=0.717 turn_time=0.0178423 end_in=0.0178423 cand_pre=43 cand_cap=20 cand=43->20 pre=43 pick(must/bucket/top/rand)=1/6/9/4 depth0=10 depth=3 dlog=5 dper=2 sims=3592 loop=3572 gen_time=0 eval_time=0.018 best_avg=-1.00519 best_move=7,7 leader=4 inc2=0 attack_w=0.785471
DBG t=74 used=0.018 remain=0.483 turn_time=0.0177874 end_in=0.0177874 cand_pre=45 cand_cap=20 cand=45->20 pre=45 pick(must/bucket/top/rand)=1/7/8/4 depth0=11 depth=3 dlog=5 dper=3 sims=3688 loop=3668 gen_time=0 eval_time=0.018 best_avg=-0.969697 best_move=6,4 leader=4 inc2=0 attack_w=0.696634
DBG t=86 used=0.019 remain=0.26 turn_time=0.0180236 end_in=0.0180236 cand_pre=43 cand_cap=20 cand=43->20 pre=43 pick(must/bucket/top/rand)=1/6/9/4 depth0=11 depth=4 dlog=5 dper=2 sims=2784 loop=2764 gen_time=0 eval_time=0.019 best_avg=-1.02609 best_move=6,6 leader=4 inc2=0 attack_w=0.85
DBG depth_guard t=99 remain=0.018 cand_pre=44 depth0=0 depth=0
DBG t=99 used=0.011 remain=0.018 turn_time=0.0108 end_in=0.0108 cand_pre=44 cand_cap=14 cand=44->14 pre=42 pick(must/bucket/top/rand)=1/6/4/3 depth0=0 depth=0 dlog=5 dper=4 sims=12502 loop=12488 gen_time=0 eval_time=0.011 best_avg=-1.00026 best_move=6,4 leader=4 inc2=0 attack_w=0.687291
DBG summary depth_guard_fired=1
Score = 86904
=== CASE 0169.txt ===
DBG hdr N=10 M=6 T=100 U=1 VMAX=2754 TIME_LIMIT=1.94 MAX_CAND=20 UCB_C=0.21
DBG t=0 used=0.024 remain=1.94 turn_time=0.0237456 end_in=0.0237456 cand_pre=4 cand_cap=20 cand=4->4 pre=4 pick(must/bucket/top/rand)=1/2/1/0 depth0=7 depth=6 dlog=1 dper=0 sims=3840 loop=3836 gen_time=0 eval_time=0.024 best_avg=-0.344915 best_move=3,0 leader=3 inc2=1 attack_w=0.85
DBG t=12 used=0.022 remain=1.665 turn_time=0.0211909 end_in=0.0211909 cand_pre=20 cand_cap=20 cand=20->20 pre=20 pick(must/bucket/top/rand)=1/6/9/4 depth0=7 depth=3 dlog=4 dper=0 sims=4420 loop=4400 gen_time=0 eval_time=0.022 best_avg=-0.0304756 best_move=7,1 leader=4 inc2=1 attack_w=0.2
DBG t=24 used=0.021 remain=1.41 turn_time=0.0204172 end_in=0.0204172 cand_pre=23 cand_cap=20 cand=23->20 pre=23 pick(must/bucket/top/rand)=1/4/11/4 depth0=7 depth=3 dlog=4 dper=0 sims=3580 loop=3560 gen_time=0 eval_time=0.021 best_avg=-0.445556 best_move=8,1 leader=4 inc2=1 attack_w=0.2
DBG t=37 used=0.018 remain=1.153 turn_time=0.0175238 end_in=0.0175238 cand_pre=45 cand_cap=20 cand=45->20 pre=45 pick(must/bucket/top/rand)=1/6/9/4 depth0=10 depth=2 dlog=5 dper=3 sims=5284 loop=5264 gen_time=0 eval_time=0.018 best_avg=0.0968301 best_move=2,5 leader=4 inc2=1 attack_w=0.2
DBG t=49 used=0.02 remain=0.905 turn_time=0.0197592 end_in=0.0197592 cand_pre=21 cand_cap=20 cand=21->20 pre=21 pick(must/bucket/top/rand)=1/5/10/4 depth0=10 depth=6 dlog=4 dper=0 sims=2024 loop=2004 gen_time=0 eval_time=0.02 best_avg=-0.311474 best_move=8,9 leader=3 inc2=1 attack_w=0.2
DBG t=61 used=0.018 remain=0.675 turn_time=0.0174721 end_in=0.0174721 cand_pre=37 cand_cap=20 cand=37->20 pre=37 pick(must/bucket/top/rand)=1/6/9/4 depth0=10 depth=3 dlog=5 dper=2 sims=4112 loop=4092 gen_time=0 eval_time=0.018 best_avg=0.0599839 best_move=2,5 leader=2 inc2=1 attack_w=0.2
DBG t=74 used=0.015 remain=0.466 turn_time=0.0148313 end_in=0.0148313 cand_pre=65 cand_cap=14 cand=65->14 pre=42 pick(must/bucket/top/rand)=1/4/6/3 depth0=11 depth=2 dlog=5 dper=4 sims=4850 loop=4836 gen_time=0 eval_time=0.015 best_avg=0.61197 best_move=7,0 leader=2 inc2=1 attack_w=0.2
DBG t=86 used=0.017 remain=0.28 turn_time=0.01603 end_in=0.01603 cand_pre=69 cand_cap=14 cand=69->14 pre=42 pick(must/bucket/top/rand)=1/6/4/3 depth0=11 depth=2 dlog=5 dper=4 sims=8402 loop=8388 gen_time=0 eval_time=0.017 best_avg=0.898228 best_move=3,2 leader=4 inc2=1 attack_w=0.2
DBG depth_guard t=99 remain=0.011 cand_pre=2 depth0=0 depth=0
DBG t=99 used=0.007 remain=0.011 turn_time=0.0066 end_in=0.0066 cand_pre=2 cand_cap=12 cand=2->2 pre=2 pick(must/bucket/top/rand)=1/1/0/0 depth0=0 depth=0 dlog=0 dper=0 sims=15538 loop=15536 gen_time=0 eval_time=0.007 best_avg=1.10145 best_move=5,1 leader=2 inc2=1 attack_w=0.2
DBG summary depth_guard_fired=1
Score = 269861
=== CASE 0171.txt ===
DBG hdr N=10 M=2 T=100 U=2 VMAX=1330 TIME_LIMIT=1.94 MAX_CAND=20 UCB_C=0.21
DBG t=0 used=0.024 remain=1.94 turn_time=0.0237456 end_in=0.0237456 cand_pre=4 cand_cap=20 cand=4->4 pre=4 pick(must/bucket/top/rand)=1/2/1/0 depth0=7 depth=6 dlog=1 dper=0 sims=8968 loop=8964 gen_time=0 eval_time=0.024 best_avg=-2.8218 best_move=0,6 leader=1 inc2=1 attack_w=0.13
DBG t=12 used=0.022 remain=1.664 turn_time=0.0215469 end_in=0.0215469 cand_pre=17 cand_cap=20 cand=17->17 pre=17 pick(must/bucket/top/rand)=1/7/8/1 depth0=7 depth=4 dlog=3 dper=0 sims=9549 loop=9532 gen_time=0 eval_time=0.022 best_avg=-2.05664 best_move=3,3 leader=1 inc2=1 attack_w=0.2
DBG t=24 used=0.02 remain=1.413 turn_time=0.019373 end_in=0.019373 cand_pre=32 cand_cap=20 cand=32->20 pre=32 pick(must/bucket/top/rand)=1/7/8/4 depth0=7 depth=2 dlog=4 dper=1 sims=13352 loop=13332 gen_time=0 eval_time=0.02 best_avg=-1.41151 best_move=1,7 leader=1 inc2=1 attack_w=0.2
DBG t=37 used=0.019 remain=1.159 turn_time=0.0189303 end_in=0.0189303 cand_pre=34 cand_cap=20 cand=34->20 pre=34 pick(must/bucket/top/rand)=1/8/7/4 depth0=10 depth=5 dlog=4 dper=1 sims=5148 loop=5128 gen_time=0 eval_time=0.019 best_avg=-1.66832 best_move=0,6 leader=1 inc2=1 attack_w=0.2
DBG t=49 used=0.019 remain=0.931 turn_time=0.0187843 end_in=0.0187843 cand_pre=34 cand_cap=20 cand=34->20 pre=34 pick(must/bucket/top/rand)=1/8/7/4 depth0=10 depth=5 dlog=4 dper=1 sims=5028 loop=5008 gen_time=0 eval_time=0.019 best_avg=-1.67594 best_move=0,6 leader=1 inc2=1 attack_w=0.2
DBG t=61 used=0.019 remain=0.703 turn_time=0.0185484 end_in=0.0185484 cand_pre=34 cand_cap=20 cand=34->20 pre=34 pick(must/bucket/top/rand)=1/8/7/4 depth0=10 depth=4 dlog=4 dper=2 sims=6368 loop=6348 gen_time=0 eval_time=0.019 best_avg=-1.51114 best_move=2,6 leader=1 inc2=1 attack_w=0.2
DBG t=74 used=0.019 remain=0.456 turn_time=0.0180471 end_in=0.0180471 cand_pre=34 cand_cap=20 cand=34->20 pre=34 pick(must/bucket/top/rand)=1/8/7/4 depth0=11 depth=5 dlog=4 dper=2 sims=5224 loop=5204 gen_time=0 eval_time=0.019 best_avg=-1.60166 best_move=0,6 leader=1 inc2=1 attack_w=0.2
DBG t=86 used=0.018 remain=0.239 turn_time=0.0174555 end_in=0.0174555 cand_pre=35 cand_cap=20 cand=35->20 pre=35 pick(must/bucket/top/rand)=1/4/11/4 depth0=11 depth=5 dlog=4 dper=2 sims=5156 loop=5136 gen_time=0 eval_time=0.018 best_avg=-0.73688 best_move=1,7 leader=1 inc2=1 attack_w=0.13
DBG depth_guard t=99 remain=0.014 cand_pre=35 depth0=0 depth=0
DBG t=99 used=0.009 remain=0.014 turn_time=0.0084 end_in=0.0084 cand_pre=35 cand_cap=14 cand=35->14 pre=35 pick(must/bucket/top/rand)=1/4/6/3 depth0=0 depth=0 dlog=4 dper=4 sims=37918 loop=37904 gen_time=0 eval_time=0.009 best_avg=0.67832 best_move=2,6 leader=1 inc2=1 attack_w=0.13
DBG summary depth_guard_fired=1
Score = 427520
=== CASE 0172.txt ===
DBG hdr N=10 M=5 T=100 U=4 VMAX=1295 TIME_LIMIT=1.94 MAX_CAND=20 UCB_C=0.21
DBG t=0 used=0.024 remain=1.94 turn_time=0.0238717 end_in=0.0238717 cand_pre=3 cand_cap=20 cand=3->3 pre=3 pick(must/bucket/top/rand)=1/2/0/0 depth0=7 depth=6 dlog=1 dper=0 sims=4827 loop=4824 gen_time=0 eval_time=0.024 best_avg=-0.861392 best_move=9,1 leader=3 inc2=1 attack_w=0.670503
DBG t=12 used=0.023 remain=1.655 turn_time=0.0226528 end_in=0.0226528 cand_pre=7 cand_cap=20 cand=7->7 pre=7 pick(must/bucket/top/rand)=1/2/4/0 depth0=7 depth=5 dlog=2 dper=0 sims=4275 loop=4268 gen_time=0 eval_time=0.023 best_avg=-0.98079 best_move=7,1 leader=1 inc2=1 attack_w=0.494048
DBG t=24 used=0.021 remain=1.388 turn_time=0.0209296 end_in=0.0209296 cand_pre=16 cand_cap=20 cand=16->16 pre=16 pick(must/bucket/top/rand)=1/5/10/0 depth0=7 depth=4 dlog=3 dper=0 sims=3512 loop=3496 gen_time=0 eval_time=0.021 best_avg=-0.936036 best_move=5,2 leader=1 inc2=1 attack_w=0.487804
DBG t=37 used=0.019 remain=1.12 turn_time=0.0185244 end_in=0.0185244 cand_pre=32 cand_cap=20 cand=32->20 pre=32 pick(must/bucket/top/rand)=1/6/9/4 depth0=10 depth=5 dlog=4 dper=1 sims=2200 loop=2180 gen_time=0 eval_time=0.019 best_avg=-0.879253 best_move=6,4 leader=2 inc2=1 attack_w=0.400996
DBG t=49 used=0.02 remain=0.893 turn_time=0.0198386 end_in=0.0198386 cand_pre=18 cand_cap=20 cand=18->18 pre=18 pick(must/bucket/top/rand)=1/8/7/2 depth0=10 depth=6 dlog=4 dper=0 sims=1986 loop=1968 gen_time=0 eval_time=0.02 best_avg=-0.793798 best_move=4,6 leader=2 inc2=1 attack_w=0.288116
DBG t=61 used=0.019 remain=0.661 turn_time=0.0184317 end_in=0.0184317 cand_pre=25 cand_cap=20 cand=25->20 pre=25 pick(must/bucket/top/rand)=1/4/11/4 depth0=10 depth=5 dlog=4 dper=1 sims=2176 loop=2156 gen_time=0 eval_time=0.019 best_avg=-0.644095 best_move=1,8 leader=4 inc2=1 attack_w=0.2
DBG t=74 used=0.017 remain=0.428 turn_time=0.0164039 end_in=0.0164039 cand_pre=39 cand_cap=20 cand=39->20 pre=39 pick(must/bucket/top/rand)=1/5/10/4 depth0=11 depth=4 dlog=5 dper=2 sims=2520 loop=2500 gen_time=0 eval_time=0.017 best_avg=-0.704786 best_move=5,5 leader=3 inc2=1 attack_w=0.2
DBG t=86 used=0.016 remain=0.226 turn_time=0.0159814 end_in=0.0159814 cand_pre=40 cand_cap=20 cand=40->20 pre=40 pick(must/bucket/top/rand)=1/5/10/4 depth0=11 depth=3 dlog=5 dper=3 sims=2856 loop=2836 gen_time=0 eval_time=0.016 best_avg=-0.820927 best_move=2,9 leader=3 inc2=1 attack_w=0.32139
DBG depth_guard t=99 remain=0.01 cand_pre=3 depth0=0 depth=0
DBG t=99 used=0.007 remain=0.01 turn_time=0.006 end_in=0.006 cand_pre=3 cand_cap=12 cand=3->3 pre=3 pick(must/bucket/top/rand)=1/0/2/0 depth0=0 depth=0 dlog=1 dper=0 sims=9499 loop=9496 gen_time=0 eval_time=0.007 best_avg=-0.723647 best_move=1,2 leader=4 inc2=1 attack_w=0.2
DBG summary depth_guard_fired=1
Score = 108763
=== CASE 0173.txt ===
DBG hdr N=10 M=2 T=100 U=1 VMAX=2102 TIME_LIMIT=1.94 MAX_CAND=20 UCB_C=0.21
DBG t=0 used=0.024 remain=1.94 turn_time=0.0237456 end_in=0.0237456 cand_pre=4 cand_cap=20 cand=4->4 pre=4 pick(must/bucket/top/rand)=1/2/1/0 depth0=7 depth=6 dlog=1 dper=0 sims=9020 loop=9016 gen_time=0 eval_time=0.024 best_avg=-2.90797 best_move=5,8 leader=1 inc2=1 attack_w=0.13
DBG t=12 used=0.022 remain=1.666 turn_time=0.0218189 end_in=0.0218189 cand_pre=15 cand_cap=20 cand=15->15 pre=15 pick(must/bucket/top/rand)=1/3/11/0 depth0=7 depth=4 dlog=3 dper=0 sims=10495 loop=10480 gen_time=0 eval_time=0.022 best_avg=-2.25872 best_move=7,7 leader=1 inc2=1 attack_w=0.2
DBG t=24 used=0.022 remain=1.403 turn_time=0.0213957 end_in=0.0213958 cand_pre=14 cand_cap=20 cand=14->14 pre=14 pick(must/bucket/top/rand)=1/4/9/0 depth0=7 depth=4 dlog=3 dper=0 sims=9438 loop=9424 gen_time=0 eval_time=0.022 best_avg=-2.06964 best_move=7,7 leader=1 inc2=1 attack_w=0.2
DBG t=37 used=0.02 remain=1.13 turn_time=0.0197391 end_in=0.0197391 cand_pre=23 cand_cap=20 cand=23->20 pre=23 pick(must/bucket/top/rand)=1/5/10/4 depth0=10 depth=6 dlog=4 dper=0 sims=4308 loop=4288 gen_time=0 eval_time=0.02 best_avg=-1.708 best_move=8,6 leader=1 inc2=1 attack_w=0.2
DBG t=49 used=0.019 remain=0.888 turn_time=0.0183694 end_in=0.0183694 cand_pre=30 cand_cap=20 cand=30->20 pre=30 pick(must/bucket/top/rand)=1/5/10/4 depth0=10 depth=5 dlog=4 dper=1 sims=5144 loop=5124 gen_time=0 eval_time=0.019 best_avg=-1.51079 best_move=7,5 leader=1 inc2=1 attack_w=0.2
DBG t=61 used=0.018 remain=0.667 turn_time=0.0174874 end_in=0.0174874 cand_pre=35 cand_cap=20 cand=35->20 pre=35 pick(must/bucket/top/rand)=1/4/11/4 depth0=10 depth=4 dlog=4 dper=2 sims=5772 loop=5752 gen_time=0 eval_time=0.018 best_avg=-0.721378 best_move=8,6 leader=1 inc2=1 attack_w=0.13
DBG t=74 used=0.016 remain=0.441 turn_time=0.0159099 end_in=0.0159099 cand_pre=48 cand_cap=20 cand=48->20 pre=48 pick(must/bucket/top/rand)=1/4/11/4 depth0=11 depth=3 dlog=5 dper=3 sims=5700 loop=5680 gen_time=0 eval_time=0.016 best_avg=-0.512944 best_move=7,0 leader=1 inc2=1 attack_w=0.2
DBG t=86 used=0.016 remain=0.249 turn_time=0.0154113 end_in=0.0154113 cand_pre=59 cand_cap=20 cand=59->20 pre=59 pick(must/bucket/top/rand)=1/5/10/4 depth0=11 depth=2 dlog=5 dper=4 sims=7320 loop=7300 gen_time=0 eval_time=0.016 best_avg=0.503313 best_move=8,3 leader=1 inc2=1 attack_w=0.2
DBG t=99 used=0.017 remain=0.028 turn_time=0.0168 end_in=0.0168 cand_pre=70 cand_cap=14 cand=70->14 pre=42 pick(must/bucket/top/rand)=1/4/6/3 depth0=0 depth=0 dlog=5 dper=4 sims=59862 loop=59848 gen_time=0 eval_time=0.017 best_avg=0.947721 best_move=3,8 leader=1 inc2=1 attack_w=0.13
DBG summary depth_guard_fired=0
Score = 457881
=== CASE 0174.txt ===
DBG hdr N=10 M=4 T=100 U=2 VMAX=1684 TIME_LIMIT=1.94 MAX_CAND=20 UCB_C=0.21
DBG t=0 used=0.024 remain=1.94 turn_time=0.0236195 end_in=0.0236195 cand_pre=5 cand_cap=20 cand=5->5 pre=5 pick(must/bucket/top/rand)=1/2/2/0 depth0=7 depth=5 dlog=2 dper=0 sims=7201 loop=7196 gen_time=0 eval_time=0.024 best_avg=-0.928991 best_move=3,7 leader=3 inc2=0 attack_w=0.13
DBG t=12 used=0.022 remain=1.665 turn_time=0.0211909 end_in=0.0211909 cand_pre=20 cand_cap=20 cand=20->20 pre=20 pick(must/bucket/top/rand)=1/2/13/4 depth0=7 depth=3 dlog=4 dper=0 sims=7568 loop=7548 gen_time=0 eval_time=0.022 best_avg=-0.74993 best_move=1,5 leader=1 inc2=0 attack_w=0.2
DBG t=24 used=0.02 remain=1.413 turn_time=0.0196147 end_in=0.0196147 cand_pre=30 cand_cap=20 cand=30->20 pre=30 pick(must/bucket/top/rand)=1/4/11/4 depth0=7 depth=2 dlog=4 dper=1 sims=6820 loop=6800 gen_time=0 eval_time=0.02 best_avg=-0.732926 best_move=1,2 leader=1 inc2=0 attack_w=0.2
DBG t=37 used=0.019 remain=1.157 turn_time=0.0183008 end_in=0.0183008 cand_pre=39 cand_cap=20 cand=39->20 pre=39 pick(must/bucket/top/rand)=1/8/7/4 depth0=10 depth=3 dlog=5 dper=2 sims=5120 loop=5100 gen_time=0 eval_time=0.019 best_avg=-0.620434 best_move=1,0 leader=1 inc2=0 attack_w=0.2
DBG t=49 used=0.021 remain=0.901 turn_time=0.0204757 end_in=0.0204757 cand_pre=14 cand_cap=20 cand=14->14 pre=14 pick(must/bucket/top/rand)=1/6/7/0 depth0=10 depth=7 dlog=3 dper=0 sims=2510 loop=2496 gen_time=0 eval_time=0.021 best_avg=-0.795053 best_move=2,0 leader=1 inc2=0 attack_w=0.2
DBG t=61 used=0.019 remain=0.657 turn_time=0.0189772 end_in=0.0189772 cand_pre=19 cand_cap=20 cand=19->19 pre=19 pick(must/bucket/top/rand)=1/8/7/3 depth0=10 depth=6 dlog=4 dper=0 sims=2291 loop=2272 gen_time=0 eval_time=0.019 best_avg=-0.884292 best_move=1,2 leader=1 inc2=1 attack_w=0.2
DBG t=74 used=0.017 remain=0.427 turn_time=0.0161521 end_in=0.0161521 cand_pre=41 cand_cap=20 cand=41->20 pre=41 pick(must/bucket/top/rand)=1/6/9/4 depth0=11 depth=3 dlog=5 dper=3 sims=3396 loop=3376 gen_time=0 eval_time=0.017 best_avg=-0.942629 best_move=2,4 leader=2 inc2=1 attack_w=0.2
DBG t=86 used=0.017 remain=0.206 turn_time=0.0168626 end_in=0.0168626 cand_pre=16 cand_cap=20 cand=16->16 pre=16 pick(must/bucket/top/rand)=1/8/7/0 depth0=11 depth=6 dlog=3 dper=0 sims=2124 loop=2108 gen_time=0 eval_time=0.017 best_avg=-1.10643 best_move=7,7 leader=2 inc2=0 attack_w=0.231845
DBG depth_guard t=99 remain=0.009 cand_pre=27 depth0=0 depth=0
DBG t=99 used=0.006 remain=0.009 turn_time=0.0054 end_in=0.0054 cand_pre=27 cand_cap=12 cand=27->12 pre=27 pick(must/bucket/top/rand)=1/8/1/2 depth0=0 depth=0 dlog=4 dper=5 sims=8660 loop=8648 gen_time=0 eval_time=0.006 best_avg=-0.979019 best_move=3,6 leader=2 inc2=0 attack_w=0.2
DBG summary depth_guard_fired=1
Score = 103582
=== CASE 0175.txt ===
DBG hdr N=10 M=8 T=100 U=4 VMAX=1212 TIME_LIMIT=1.94 MAX_CAND=20 UCB_C=0.21
DBG t=0 used=0.024 remain=1.94 turn_time=0.0237456 end_in=0.0237456 cand_pre=4 cand_cap=20 cand=4->4 pre=4 pick(must/bucket/top/rand)=1/2/1/0 depth0=7 depth=6 dlog=1 dper=0 sims=3592 loop=3588 gen_time=0 eval_time=0.024 best_avg=-0.772115 best_move=9,7 leader=7 inc2=1 attack_w=0.747462
DBG t=12 used=0.023 remain=1.659 turn_time=0.0224625 end_in=0.0224625 cand_pre=9 cand_cap=20 cand=9->9 pre=9 pick(must/bucket/top/rand)=1/5/3/0 depth0=7 depth=4 dlog=3 dper=0 sims=3581 loop=3572 gen_time=0 eval_time=0.023 best_avg=-0.409007 best_move=9,8 leader=1 inc2=1 attack_w=0.301671
DBG t=24 used=0.021 remain=1.393 turn_time=0.0204093 end_in=0.0204093 cand_pre=21 cand_cap=20 cand=21->20 pre=21 pick(must/bucket/top/rand)=1/8/7/4 depth0=7 depth=3 dlog=4 dper=0 sims=3756 loop=3736 gen_time=0 eval_time=0.021 best_avg=-0.183474 best_move=8,9 leader=3 inc2=1 attack_w=0.2
DBG t=37 used=0.022 remain=1.129 turn_time=0.0213524 end_in=0.0213524 cand_pre=9 cand_cap=20 cand=9->9 pre=9 pick(must/bucket/top/rand)=1/2/6/0 depth0=10 depth=7 dlog=3 dper=0 sims=1785 loop=1776 gen_time=0 eval_time=0.022 best_avg=-0.173489 best_move=7,8 leader=2 inc2=1 attack_w=0.2
DBG t=49 used=0.021 remain=0.881 turn_time=0.0202457 end_in=0.0202457 cand_pre=12 cand_cap=20 cand=12->12 pre=12 pick(must/bucket/top/rand)=1/2/9/0 depth0=10 depth=7 dlog=3 dper=0 sims=1840 loop=1828 gen_time=0 eval_time=0.021 best_avg=-0.22861 best_move=7,9 leader=7 inc2=1 attack_w=0.2
DBG t=61 used=0.018 remain=0.647 turn_time=0.0179335 end_in=0.0179335 cand_pre=26 cand_cap=20 cand=26->20 pre=26 pick(must/bucket/top/rand)=1/6/9/4 depth0=10 depth=5 dlog=4 dper=1 sims=1896 loop=1876 gen_time=0 eval_time=0.018 best_avg=-0.22314 best_move=5,7 leader=5 inc2=1 attack_w=0.2
DBG t=74 used=0.018 remain=0.413 turn_time=0.0171713 end_in=0.0171713 cand_pre=26 cand_cap=20 cand=26->20 pre=26 pick(must/bucket/top/rand)=1/4/11/4 depth0=11 depth=6 dlog=4 dper=1 sims=1640 loop=1620 gen_time=0 eval_time=0.018 best_avg=-0.137031 best_move=8,5 leader=2 inc2=1 attack_w=0.2
DBG t=86 used=0.016 remain=0.21 turn_time=0.0157275 end_in=0.0157275 cand_pre=31 cand_cap=20 cand=31->20 pre=31 pick(must/bucket/top/rand)=1/5/10/4 depth0=11 depth=5 dlog=4 dper=2 sims=1624 loop=1604 gen_time=0 eval_time=0.016 best_avg=-0.120486 best_move=5,7 leader=5 inc2=1 attack_w=0.2
DBG depth_guard t=99 remain=0.011 cand_pre=30 depth0=0 depth=0
DBG t=99 used=0.007 remain=0.011 turn_time=0.0066 end_in=0.0066 cand_pre=30 cand_cap=12 cand=30->12 pre=30 pick(must/bucket/top/rand)=1/4/5/2 depth0=0 depth=0 dlog=4 dper=5 sims=6080 loop=6068 gen_time=0 eval_time=0.007 best_avg=0.0060756 best_move=7,6 leader=5 inc2=1 attack_w=0.2
DBG summary depth_guard_fired=1
Score = 137619
=== CASE 0177.txt ===
DBG hdr N=10 M=8 T=100 U=4 VMAX=1857 TIME_LIMIT=1.94 MAX_CAND=20 UCB_C=0.21
DBG t=0 used=0.024 remain=1.94 turn_time=0.0238717 end_in=0.0238717 cand_pre=3 cand_cap=20 cand=3->3 pre=3 pick(must/bucket/top/rand)=1/2/0/0 depth0=7 depth=6 dlog=1 dper=0 sims=3459 loop=3456 gen_time=0 eval_time=0.024 best_avg=-0.964963 best_move=0,5 leader=2 inc2=1 attack_w=0.800059
DBG t=12 used=0.023 remain=1.657 turn_time=0.0221906 end_in=0.0221906 cand_pre=11 cand_cap=20 cand=11->11 pre=11 pick(must/bucket/top/rand)=1/4/6/0 depth0=7 depth=4 dlog=3 dper=0 sims=2999 loop=2988 gen_time=0 eval_time=0.023 best_avg=-1.14533 best_move=1,1 leader=4 inc2=1 attack_w=0.85
DBG t=24 used=0.021 remain=1.395 turn_time=0.0207965 end_in=0.0207965 cand_pre=18 cand_cap=20 cand=18->18 pre=18 pick(must/bucket/top/rand)=1/5/10/2 depth0=7 depth=3 dlog=4 dper=0 sims=3758 loop=3740 gen_time=0 eval_time=0.021 best_avg=-0.807403 best_move=3,0 leader=4 inc2=1 attack_w=0.85
DBG t=37 used=0.02 remain=1.122 turn_time=0.0198309 end_in=0.0198309 cand_pre=21 cand_cap=20 cand=21->20 pre=21 pick(must/bucket/top/rand)=1/5/10/4 depth0=10 depth=6 dlog=4 dper=0 sims=2324 loop=2304 gen_time=0 eval_time=0.02 best_avg=-0.496338 best_move=4,1 leader=7 inc2=1 attack_w=0.85
DBG t=49 used=0.019 remain=0.885 turn_time=0.0184201 end_in=0.0184201 cand_pre=29 cand_cap=20 cand=29->20 pre=29 pick(must/bucket/top/rand)=1/6/9/4 depth0=10 depth=5 dlog=4 dper=1 sims=2536 loop=2516 gen_time=0 eval_time=0.019 best_avg=-0.331024 best_move=5,2 leader=7 inc2=1 attack_w=0.2
DBG t=61 used=0.018 remain=0.662 turn_time=0.0175769 end_in=0.0175769 cand_pre=33 cand_cap=20 cand=33->20 pre=33 pick(must/bucket/top/rand)=1/6/9/4 depth0=10 depth=4 dlog=4 dper=2 sims=3140 loop=3120 gen_time=0 eval_time=0.018 best_avg=0.0180853 best_move=6,2 leader=7 inc2=1 attack_w=0.2
DBG t=74 used=0.017 remain=0.432 turn_time=0.0167732 end_in=0.0167732 cand_pre=37 cand_cap=20 cand=37->20 pre=37 pick(must/bucket/top/rand)=1/7/8/4 depth0=11 depth=4 dlog=5 dper=2 sims=2624 loop=2604 gen_time=0 eval_time=0.017 best_avg=0.247462 best_move=6,2 leader=7 inc2=1 attack_w=0.2
DBG t=86 used=0.017 remain=0.228 turn_time=0.0162287 end_in=0.0162287 cand_pre=39 cand_cap=20 cand=39->20 pre=39 pick(must/bucket/top/rand)=1/7/8/4 depth0=11 depth=4 dlog=5 dper=2 sims=1712 loop=1692 gen_time=0 eval_time=0.017 best_avg=0.351306 best_move=6,3 leader=6 inc2=1 attack_w=0.2
DBG depth_guard t=99 remain=0.016 cand_pre=44 depth0=0 depth=0
DBG t=99 used=0.01 remain=0.016 turn_time=0.0096 end_in=0.0096 cand_pre=44 cand_cap=14 cand=44->14 pre=42 pick(must/bucket/top/rand)=1/7/3/3 depth0=0 depth=0 dlog=5 dper=5 sims=14102 loop=14088 gen_time=0 eval_time=0.01 best_avg=0.3844 best_move=7,5 leader=4 inc2=1 attack_w=0.2
DBG summary depth_guard_fired=1
Score = 164366
=== CASE 0176.txt ===
DBG hdr N=10 M=3 T=100 U=5 VMAX=2139 TIME_LIMIT=1.94 MAX_CAND=20 UCB_C=0.21
DBG t=0 used=0.024 remain=1.94 turn_time=0.0236195 end_in=0.0236195 cand_pre=5 cand_cap=20 cand=5->5 pre=5 pick(must/bucket/top/rand)=1/2/2/0 depth0=7 depth=5 dlog=2 dper=0 sims=9173 loop=9168 gen_time=0 eval_time=0.024 best_avg=-1.06008 best_move=8,7 leader=1 inc2=1 attack_w=0.13
DBG t=12 used=0.021 remain=1.672 turn_time=0.0206625 end_in=0.0206625 cand_pre=25 cand_cap=20 cand=25->20 pre=25 pick(must/bucket/top/rand)=1/7/8/4 depth0=7 depth=3 dlog=4 dper=0 sims=7860 loop=7840 gen_time=0 eval_time=0.021 best_avg=-1.11778 best_move=9,2 leader=1 inc2=1 attack_w=0.2
DBG t=24 used=0.022 remain=1.411 turn_time=0.0217591 end_in=0.0217591 cand_pre=12 cand_cap=20 cand=12->12 pre=12 pick(must/bucket/top/rand)=1/7/4/0 depth0=7 depth=4 dlog=3 dper=0 sims=4972 loop=4960 gen_time=0 eval_time=0.022 best_avg=-1.22105 best_move=8,5 leader=2 inc2=1 attack_w=0.2
DBG t=37 used=0.021 remain=1.134 turn_time=0.020745 end_in=0.020745 cand_pre=15 cand_cap=20 cand=15->15 pre=15 pick(must/bucket/top/rand)=1/5/9/0 depth0=10 depth=7 dlog=3 dper=0 sims=3059 loop=3044 gen_time=0 eval_time=0.021 best_avg=-1.29078 best_move=7,3 leader=1 inc2=1 attack_w=0.2
DBG t=49 used=0.02 remain=0.884 turn_time=0.019864 end_in=0.019864 cand_pre=16 cand_cap=20 cand=16->16 pre=16 pick(must/bucket/top/rand)=1/6/9/0 depth0=10 depth=7 dlog=3 dper=0 sims=2912 loop=2896 gen_time=0 eval_time=0.02 best_avg=-1.13777 best_move=7,3 leader=1 inc2=1 attack_w=0.2
DBG t=61 used=0.019 remain=0.647 turn_time=0.0187962 end_in=0.0187962 cand_pre=18 cand_cap=20 cand=18->18 pre=18 pick(must/bucket/top/rand)=1/7/8/2 depth0=10 depth=6 dlog=4 dper=0 sims=3354 loop=3336 gen_time=0 eval_time=0.019 best_avg=-1.01425 best_move=7,3 leader=1 inc2=1 attack_w=0.2
DBG t=74 used=0.018 remain=0.404 turn_time=0.0172011 end_in=0.0172011 cand_pre=22 cand_cap=20 cand=22->20 pre=22 pick(must/bucket/top/rand)=1/7/8/4 depth0=11 depth=7 dlog=4 dper=0 sims=2416 loop=2396 gen_time=0 eval_time=0.018 best_avg=-0.801371 best_move=8,6 leader=2 inc2=1 attack_w=0.2
DBG t=86 used=0.016 remain=0.199 turn_time=0.0155504 end_in=0.0155504 cand_pre=24 cand_cap=20 cand=24->20 pre=24 pick(must/bucket/top/rand)=1/8/7/4 depth0=11 depth=6 dlog=4 dper=1 sims=2840 loop=2820 gen_time=0 eval_time=0.016 best_avg=-0.855783 best_move=6,1 leader=1 inc2=1 attack_w=0.2
DBG depth_guard t=98 remain=0.018 cand_pre=4 depth0=1 depth=0
DBG depth_guard t=99 remain=0.007 cand_pre=7 depth0=0 depth=0
DBG t=99 used=0.005 remain=0.007 turn_time=0.0042 end_in=0.0042 cand_pre=7 cand_cap=12 cand=7->7 pre=7 pick(must/bucket/top/rand)=1/4/2/0 depth0=0 depth=0 dlog=2 dper=1 sims=13807 loop=13800 gen_time=0 eval_time=0.005 best_avg=-1.04986 best_move=4,2 leader=1 inc2=1 attack_w=0.2
DBG summary depth_guard_fired=2
Score = 148629
=== CASE 0179.txt ===
DBG hdr N=10 M=3 T=100 U=2 VMAX=1658 TIME_LIMIT=1.94 MAX_CAND=20 UCB_C=0.21
DBG t=0 used=0.024 remain=1.94 turn_time=0.0237456 end_in=0.0237456 cand_pre=4 cand_cap=20 cand=4->4 pre=4 pick(must/bucket/top/rand)=1/2/1/0 depth0=7 depth=6 dlog=1 dper=0 sims=7204 loop=7200 gen_time=0 eval_time=0.024 best_avg=-1.08084 best_move=1,0 leader=1 inc2=1 attack_w=0.13
DBG t=12 used=0.022 remain=1.659 turn_time=0.0219723 end_in=0.0219723 cand_pre=13 cand_cap=20 cand=13->13 pre=13 pick(must/bucket/top/rand)=1/6/6/0 depth0=7 depth=4 dlog=3 dper=0 sims=6473 loop=6460 gen_time=0 eval_time=0.022 best_avg=-1.07552 best_move=1,2 leader=1 inc2=1 attack_w=0.2
DBG t=24 used=0.022 remain=1.396 turn_time=0.0216472 end_in=0.0216472 cand_pre=11 cand_cap=20 cand=11->11 pre=11 pick(must/bucket/top/rand)=1/5/5/0 depth0=7 depth=4 dlog=3 dper=0 sims=5491 loop=5480 gen_time=0 eval_time=0.022 best_avg=-1.50167 best_move=0,3 leader=2 inc2=1 attack_w=0.230307
DBG t=37 used=0.02 remain=1.124 turn_time=0.0190545 end_in=0.0190545 cand_pre=28 cand_cap=20 cand=28->20 pre=28 pick(must/bucket/top/rand)=1/8/7/4 depth0=10 depth=5 dlog=4 dper=1 sims=2884 loop=2864 gen_time=0 eval_time=0.02 best_avg=-1.52882 best_move=5,2 leader=1 inc2=1 attack_w=0.20568
DBG t=49 used=0.018 remain=0.898 turn_time=0.0176607 end_in=0.0176607 cand_pre=38 cand_cap=20 cand=38->20 pre=38 pick(must/bucket/top/rand)=1/8/7/4 depth0=10 depth=3 dlog=5 dper=2 sims=3944 loop=3924 gen_time=0 eval_time=0.018 best_avg=-1.47161 best_move=5,1 leader=1 inc2=1 attack_w=0.2
DBG t=61 used=0.017 remain=0.686 turn_time=0.0164992 end_in=0.0164992 cand_pre=48 cand_cap=20 cand=48->20 pre=48 pick(must/bucket/top/rand)=1/8/7/4 depth0=10 depth=2 dlog=5 dper=3 sims=4248 loop=4228 gen_time=0 eval_time=0.017 best_avg=-1.55744 best_move=1,7 leader=2 inc2=1 attack_w=0.201588
DBG t=74 used=0.021 remain=0.461 turn_time=0.020089 end_in=0.020089 cand_pre=18 cand_cap=20 cand=18->18 pre=18 pick(must/bucket/top/rand)=1/8/7/2 depth0=11 depth=7 dlog=4 dper=0 sims=1910 loop=1892 gen_time=0 eval_time=0.021 best_avg=-1.6014 best_move=8,3 leader=1 inc2=1 attack_w=0.287073
DBG t=86 used=0.018 remain=0.252 turn_time=0.017703 end_in=0.017703 cand_pre=41 cand_cap=20 cand=41->20 pre=41 pick(must/bucket/top/rand)=1/7/8/4 depth0=11 depth=4 dlog=5 dper=2 sims=1688 loop=1668 gen_time=0 eval_time=0.018 best_avg=-1.63666 best_move=0,5 leader=1 inc2=1 attack_w=0.371775
DBG depth_guard t=99 remain=0.018 cand_pre=45 depth0=0 depth=0
DBG t=99 used=0.011 remain=0.018 turn_time=0.0108 end_in=0.0108 cand_pre=45 cand_cap=14 cand=45->14 pre=42 pick(must/bucket/top/rand)=1/6/4/3 depth0=0 depth=0 dlog=5 dper=4 sims=19790 loop=19776 gen_time=0 eval_time=0.011 best_avg=-1.64114 best_move=0,5 leader=2 inc2=1 attack_w=0.315091
DBG summary depth_guard_fired=1
Score = 96772
=== CASE 0178.txt ===
DBG hdr N=10 M=7 T=100 U=4 VMAX=1492 TIME_LIMIT=1.94 MAX_CAND=20 UCB_C=0.21
DBG t=0 used=0.024 remain=1.94 turn_time=0.0236195 end_in=0.0236195 cand_pre=5 cand_cap=20 cand=5->5 pre=5 pick(must/bucket/top/rand)=1/2/2/0 depth0=7 depth=5 dlog=2 dper=0 sims=5509 loop=5504 gen_time=0 eval_time=0.024 best_avg=-0.591052 best_move=5,3 leader=4 inc2=1 attack_w=0.13
DBG t=12 used=0.021 remain=1.662 turn_time=0.0207844 end_in=0.0207844 cand_pre=23 cand_cap=20 cand=23->20 pre=23 pick(must/bucket/top/rand)=1/8/7/4 depth0=7 depth=3 dlog=4 dper=0 sims=5140 loop=5120 gen_time=0 eval_time=0.021 best_avg=-0.59894 best_move=4,5 leader=5 inc2=1 attack_w=0.382699
DBG t=24 used=0.021 remain=1.408 turn_time=0.0207495 end_in=0.0207495 cand_pre=20 cand_cap=20 cand=20->20 pre=20 pick(must/bucket/top/rand)=1/7/8/4 depth0=7 depth=3 dlog=4 dper=0 sims=4520 loop=4500 gen_time=0 eval_time=0.021 best_avg=-0.557641 best_move=4,5 leader=5 inc2=1 attack_w=0.311832
DBG t=37 used=0.02 remain=1.144 turn_time=0.0192755 end_in=0.0192755 cand_pre=29 cand_cap=20 cand=29->20 pre=29 pick(must/bucket/top/rand)=1/6/9/4 depth0=10 depth=5 dlog=4 dper=1 sims=2092 loop=2072 gen_time=0 eval_time=0.02 best_avg=-0.508672 best_move=4,3 leader=5 inc2=1 attack_w=0.2
DBG t=49 used=0.02 remain=0.909 turn_time=0.0190355 end_in=0.0190355 cand_pre=28 cand_cap=20 cand=28->20 pre=28 pick(must/bucket/top/rand)=1/8/7/4 depth0=10 depth=5 dlog=4 dper=1 sims=2068 loop=2048 gen_time=0 eval_time=0.02 best_avg=-0.569421 best_move=6,6 leader=5 inc2=1 attack_w=0.2
DBG t=61 used=0.019 remain=0.681 turn_time=0.0184219 end_in=0.0184219 cand_pre=30 cand_cap=20 cand=30->20 pre=30 pick(must/bucket/top/rand)=1/8/7/4 depth0=10 depth=5 dlog=4 dper=1 sims=1932 loop=1912 gen_time=0 eval_time=0.019 best_avg=-0.55021 best_move=3,4 leader=5 inc2=1 attack_w=0.2
DBG t=74 used=0.018 remain=0.439 turn_time=0.0177035 end_in=0.0177035 cand_pre=31 cand_cap=20 cand=31->20 pre=31 pick(must/bucket/top/rand)=1/6/9/4 depth0=11 depth=6 dlog=4 dper=1 sims=1552 loop=1532 gen_time=0 eval_time=0.018 best_avg=-0.564458 best_move=6,5 leader=6 inc2=1 attack_w=0.2
DBG t=86 used=0.018 remain=0.223 turn_time=0.0170117 end_in=0.0170117 cand_pre=28 cand_cap=20 cand=28->20 pre=28 pick(must/bucket/top/rand)=1/6/9/4 depth0=11 depth=6 dlog=4 dper=1 sims=1324 loop=1304 gen_time=0 eval_time=0.018 best_avg=-0.842538 best_move=2,5 leader=5 inc2=1 attack_w=0.831743
DBG depth_guard t=99 remain=0.012 cand_pre=26 depth0=0 depth=0
DBG t=99 used=0.008 remain=0.012 turn_time=0.0072 end_in=0.0072 cand_pre=26 cand_cap=12 cand=26->12 pre=26 pick(must/bucket/top/rand)=1/6/3/2 depth0=0 depth=0 dlog=4 dper=4 sims=6552 loop=6540 gen_time=0 eval_time=0.008 best_avg=-0.674628 best_move=5,3 leader=5 inc2=1 attack_w=0.559603
DBG summary depth_guard_fired=1
Score = 90250
=== CASE 0180.txt ===
DBG hdr N=10 M=6 T=100 U=1 VMAX=1681 TIME_LIMIT=1.94 MAX_CAND=20 UCB_C=0.21
DBG t=0 used=0.024 remain=1.94 turn_time=0.0236195 end_in=0.0236195 cand_pre=5 cand_cap=20 cand=5->5 pre=5 pick(must/bucket/top/rand)=1/2/2/0 depth0=7 depth=5 dlog=2 dper=0 sims=5093 loop=5088 gen_time=0 eval_time=0.024 best_avg=-0.769059 best_move=1,5 leader=4 inc2=1 attack_w=0.85
DBG t=12 used=0.021 remain=1.664 turn_time=0.0205636 end_in=0.0205636 cand_pre=25 cand_cap=20 cand=25->20 pre=25 pick(must/bucket/top/rand)=1/3/12/4 depth0=7 depth=3 dlog=4 dper=0 sims=5288 loop=5268 gen_time=0 eval_time=0.021 best_avg=-0.397928 best_move=5,3 leader=2 inc2=1 attack_w=0.685697
DBG t=24 used=0.019 remain=1.427 turn_time=0.0184665 end_in=0.0184665 cand_pre=41 cand_cap=20 cand=41->20 pre=41 pick(must/bucket/top/rand)=1/6/9/4 depth0=7 depth=0 dlog=5 dper=2 sims=32524 loop=32504 gen_time=0 eval_time=0.019 best_avg=0.141866 best_move=8,2 leader=1 inc2=1 attack_w=0.2
DBG t=37 used=0.018 remain=1.183 turn_time=0.0177356 end_in=0.0177356 cand_pre=47 cand_cap=20 cand=47->20 pre=47 pick(must/bucket/top/rand)=1/4/11/4 depth0=10 depth=2 dlog=5 dper=3 sims=6224 loop=6204 gen_time=0 eval_time=0.018 best_avg=0.746052 best_move=6,4 leader=4 inc2=1 attack_w=0.2
DBG t=49 used=0.018 remain=0.967 turn_time=0.0172922 end_in=0.0172922 cand_pre=52 cand_cap=20 cand=52->20 pre=52 pick(must/bucket/top/rand)=1/5/10/4 depth0=10 depth=2 dlog=5 dper=3 sims=6076 loop=6056 gen_time=0 eval_time=0.018 best_avg=0.876786 best_move=1,2 leader=1 inc2=1 attack_w=0.2
DBG t=61 used=0.016 remain=0.754 turn_time=0.0158727 end_in=0.0158727 cand_pre=66 cand_cap=14 cand=66->14 pre=42 pick(must/bucket/top/rand)=1/6/4/3 depth0=10 depth=1 dlog=5 dper=4 sims=10402 loop=10388 gen_time=0 eval_time=0.016 best_avg=1.20055 best_move=9,2 leader=5 inc2=1 attack_w=0.2
DBG t=74 used=0.021 remain=0.465 turn_time=0.0207283 end_in=0.0207283 cand_pre=14 cand_cap=20 cand=14->14 pre=14 pick(must/bucket/top/rand)=1/4/9/0 depth0=11 depth=8 dlog=3 dper=0 sims=1898 loop=1884 gen_time=0 eval_time=0.021 best_avg=0.824327 best_move=8,0 leader=5 inc2=1 attack_w=0.2
DBG t=86 used=0.015 remain=0.234 turn_time=0.0145916 end_in=0.0145916 cand_pre=58 cand_cap=20 cand=58->20 pre=58 pick(must/bucket/top/rand)=1/5/10/4 depth0=11 depth=2 dlog=5 dper=4 sims=5256 loop=5236 gen_time=0 eval_time=0.015 best_avg=1.28494 best_move=6,6 leader=5 inc2=1 attack_w=0.2
DBG t=99 used=0.013 remain=0.02 turn_time=0.012 end_in=0.012 cand_pre=69 cand_cap=14 cand=69->14 pre=42 pick(must/bucket/top/rand)=1/6/4/3 depth0=0 depth=0 dlog=5 dper=5 sims=30534 loop=30520 gen_time=0 eval_time=0.013 best_avg=1.97235 best_move=7,7 leader=1 inc2=1 attack_w=0.2
DBG summary depth_guard_fired=0
Score = 382034
=== CASE 0182.txt ===
DBG hdr N=10 M=2 T=100 U=3 VMAX=1596 TIME_LIMIT=1.94 MAX_CAND=20 UCB_C=0.21
DBG t=0 used=0.024 remain=1.94 turn_time=0.0236195 end_in=0.0236195 cand_pre=5 cand_cap=20 cand=5->5 pre=5 pick(must/bucket/top/rand)=1/2/2/0 depth0=7 depth=5 dlog=2 dper=0 sims=10361 loop=10356 gen_time=0 eval_time=0.024 best_avg=-3.09331 best_move=2,2 leader=1 inc2=1 attack_w=0.823154
DBG t=12 used=0.02 remain=1.677 turn_time=0.0194856 end_in=0.0194856 cand_pre=35 cand_cap=20 cand=35->20 pre=35 pick(must/bucket/top/rand)=1/5/10/4 depth0=7 depth=2 dlog=4 dper=1 sims=14604 loop=14584 gen_time=0 eval_time=0.02 best_avg=-2.14211 best_move=8,6 leader=1 inc2=1 attack_w=0.2
DBG t=24 used=0.019 remain=1.446 turn_time=0.018465 end_in=0.018465 cand_pre=43 cand_cap=20 cand=43->20 pre=43 pick(must/bucket/top/rand)=1/4/11/4 depth0=7 depth=0 dlog=5 dper=2 sims=73356 loop=73336 gen_time=0 eval_time=0.019 best_avg=-1.84101 best_move=7,6 leader=1 inc2=1 attack_w=0.13
DBG t=37 used=0.018 remain=1.201 turn_time=0.0177576 end_in=0.0177576 cand_pre=49 cand_cap=20 cand=49->20 pre=49 pick(must/bucket/top/rand)=1/5/10/4 depth0=10 depth=2 dlog=5 dper=3 sims=12316 loop=12296 gen_time=0 eval_time=0.018 best_avg=-1.45692 best_move=8,6 leader=1 inc2=1 attack_w=0.13
DBG t=49 used=0.018 remain=0.985 turn_time=0.0178652 end_in=0.0178652 cand_pre=50 cand_cap=20 cand=50->20 pre=50 pick(must/bucket/top/rand)=1/6/9/4 depth0=10 depth=2 dlog=5 dper=3 sims=11460 loop=11440 gen_time=0 eval_time=0.018 best_avg=-1.04317 best_move=9,9 leader=1 inc2=1 attack_w=0.2
DBG t=61 used=0.018 remain=0.761 turn_time=0.017542 end_in=0.017542 cand_pre=54 cand_cap=20 cand=54->20 pre=54 pick(must/bucket/top/rand)=1/6/9/4 depth0=10 depth=2 dlog=5 dper=3 sims=10584 loop=10564 gen_time=0 eval_time=0.018 best_avg=-0.727498 best_move=7,8 leader=1 inc2=1 attack_w=0.2
DBG t=74 used=0.019 remain=0.524 turn_time=0.0181183 end_in=0.0181183 cand_pre=54 cand_cap=20 cand=54->20 pre=54 pick(must/bucket/top/rand)=1/3/12/4 depth0=11 depth=3 dlog=5 dper=3 sims=7612 loop=7592 gen_time=0 eval_time=0.019 best_avg=-0.0587689 best_move=8,7 leader=1 inc2=1 attack_w=0.13
DBG t=86 used=0.02 remain=0.296 turn_time=0.0190074 end_in=0.0190074 cand_pre=54 cand_cap=20 cand=54->20 pre=54 pick(must/bucket/top/rand)=1/4/11/4 depth0=11 depth=3 dlog=5 dper=3 sims=8080 loop=8060 gen_time=0 eval_time=0.02 best_avg=-0.00628225 best_move=8,7 leader=1 inc2=1 attack_w=0.13
DBG t=99 used=0.017 remain=0.028 turn_time=0.0168 end_in=0.0168 cand_pre=55 cand_cap=20 cand=55->20 pre=55 pick(must/bucket/top/rand)=1/3/12/4 depth0=0 depth=0 dlog=5 dper=3 sims=65940 loop=65920 gen_time=0 eval_time=0.017 best_avg=0.141475 best_move=8,7 leader=1 inc2=1 attack_w=0.13
DBG summary depth_guard_fired=0
Score = 391273
=== CASE 0181.txt ===
DBG hdr N=10 M=5 T=100 U=3 VMAX=1983 TIME_LIMIT=1.94 MAX_CAND=20 UCB_C=0.21
DBG t=0 used=0.024 remain=1.94 turn_time=0.0237456 end_in=0.0237456 cand_pre=4 cand_cap=20 cand=4->4 pre=4 pick(must/bucket/top/rand)=1/2/1/0 depth0=7 depth=6 dlog=1 dper=0 sims=4776 loop=4772 gen_time=0 eval_time=0.024 best_avg=-0.917132 best_move=9,5 leader=3 inc2=0 attack_w=0.534652
DBG t=12 used=0.022 remain=1.66 turn_time=0.0213725 end_in=0.0213725 cand_pre=18 cand_cap=20 cand=18->18 pre=18 pick(must/bucket/top/rand)=1/5/10/2 depth0=7 depth=3 dlog=4 dper=0 sims=5554 loop=5536 gen_time=0 eval_time=0.022 best_avg=-0.56085 best_move=8,5 leader=3 inc2=1 attack_w=0.2
DBG t=24 used=0.021 remain=1.397 turn_time=0.0205874 end_in=0.0205874 cand_pre=20 cand_cap=20 cand=20->20 pre=20 pick(must/bucket/top/rand)=1/4/11/4 depth0=7 depth=3 dlog=4 dper=0 sims=5908 loop=5888 gen_time=0 eval_time=0.021 best_avg=-0.660427 best_move=9,4 leader=2 inc2=0 attack_w=0.2
DBG t=37 used=0.021 remain=1.125 turn_time=0.02 end_in=0.02 cand_pre=20 cand_cap=20 cand=20->20 pre=20 pick(must/bucket/top/rand)=1/5/10/4 depth0=10 depth=6 dlog=4 dper=0 sims=2712 loop=2692 gen_time=0 eval_time=0.021 best_avg=-0.922405 best_move=8,1 leader=2 inc2=0 attack_w=0.215859
DBG t=49 used=0.02 remain=0.882 turn_time=0.0190322 end_in=0.0190322 cand_pre=23 cand_cap=20 cand=23->20 pre=23 pick(must/bucket/top/rand)=1/6/9/4 depth0=10 depth=6 dlog=4 dper=0 sims=2696 loop=2676 gen_time=0 eval_time=0.02 best_avg=-0.936784 best_move=8,1 leader=2 inc2=0 attack_w=0.306417
DBG t=61 used=0.019 remain=0.645 turn_time=0.0180931 end_in=0.0180931 cand_pre=24 cand_cap=20 cand=24->20 pre=24 pick(must/bucket/top/rand)=1/5/10/4 depth0=10 depth=6 dlog=4 dper=0 sims=2124 loop=2104 gen_time=0 eval_time=0.019 best_avg=-0.91548 best_move=8,1 leader=2 inc2=0 attack_w=0.246739
DBG t=74 used=0.018 remain=0.407 turn_time=0.0170236 end_in=0.0170236 cand_pre=25 cand_cap=20 cand=25->20 pre=25 pick(must/bucket/top/rand)=1/6/9/4 depth0=11 depth=6 dlog=4 dper=1 sims=2624 loop=2604 gen_time=0 eval_time=0.018 best_avg=-0.903001 best_move=7,1 leader=2 inc2=0 attack_w=0.269377
DBG t=86 used=0.016 remain=0.205 turn_time=0.0158289 end_in=0.0158289 cand_pre=26 cand_cap=20 cand=26->20 pre=26 pick(must/bucket/top/rand)=1/5/10/4 depth0=11 depth=6 dlog=4 dper=1 sims=2180 loop=2160 gen_time=0 eval_time=0.016 best_avg=-0.865294 best_move=4,5 leader=2 inc2=0 attack_w=0.258146
DBG depth_guard t=99 remain=0.01 cand_pre=24 depth0=0 depth=0
DBG t=99 used=0.007 remain=0.01 turn_time=0.006 end_in=0.006 cand_pre=24 cand_cap=12 cand=24->12 pre=24 pick(must/bucket/top/rand)=1/4/5/2 depth0=0 depth=0 dlog=4 dper=4 sims=8764 loop=8752 gen_time=0 eval_time=0.007 best_avg=-0.803324 best_move=9,2 leader=2 inc2=0 attack_w=0.243958
DBG summary depth_guard_fired=1
Score = 101800
=== CASE 0184.txt ===
DBG hdr N=10 M=7 T=100 U=3 VMAX=2058 TIME_LIMIT=1.94 MAX_CAND=20 UCB_C=0.21
DBG t=0 used=0.024 remain=1.94 turn_time=0.0237456 end_in=0.0237456 cand_pre=4 cand_cap=20 cand=4->4 pre=4 pick(must/bucket/top/rand)=1/2/1/0 depth0=7 depth=6 dlog=1 dper=0 sims=3720 loop=3716 gen_time=0 eval_time=0.024 best_avg=-1.00732 best_move=3,0 leader=3 inc2=1 attack_w=0.85
DBG t=12 used=0.023 remain=1.657 turn_time=0.0220682 end_in=0.0220682 cand_pre=12 cand_cap=20 cand=12->12 pre=12 pick(must/bucket/top/rand)=1/4/7/0 depth0=7 depth=4 dlog=3 dper=0 sims=4032 loop=4020 gen_time=0 eval_time=0.023 best_avg=-0.849187 best_move=4,3 leader=6 inc2=1 attack_w=0.85
DBG t=24 used=0.021 remain=1.393 turn_time=0.0205284 end_in=0.0205284 cand_pre=20 cand_cap=20 cand=20->20 pre=20 pick(must/bucket/top/rand)=1/6/9/4 depth0=7 depth=3 dlog=4 dper=0 sims=4388 loop=4368 gen_time=0 eval_time=0.021 best_avg=-0.467221 best_move=1,3 leader=4 inc2=1 attack_w=0.560469
DBG t=37 used=0.02 remain=1.128 turn_time=0.0197042 end_in=0.0197042 cand_pre=23 cand_cap=20 cand=23->20 pre=23 pick(must/bucket/top/rand)=1/6/9/4 depth0=10 depth=6 dlog=4 dper=0 sims=1872 loop=1852 gen_time=0 eval_time=0.02 best_avg=-0.183565 best_move=5,2 leader=4 inc2=1 attack_w=0.2
DBG t=49 used=0.019 remain=0.895 turn_time=0.0184001 end_in=0.0184001 cand_pre=31 cand_cap=20 cand=31->20 pre=31 pick(must/bucket/top/rand)=1/8/7/4 depth0=10 depth=5 dlog=4 dper=1 sims=2192 loop=2172 gen_time=0 eval_time=0.019 best_avg=0.0405316 best_move=0,2 leader=4 inc2=1 attack_w=0.2
DBG t=61 used=0.018 remain=0.67 turn_time=0.0171194 end_in=0.0171194 cand_pre=39 cand_cap=20 cand=39->20 pre=39 pick(must/bucket/top/rand)=1/6/9/4 depth0=10 depth=3 dlog=5 dper=2 sims=2976 loop=2956 gen_time=0 eval_time=0.018 best_avg=0.161122 best_move=3,6 leader=4 inc2=1 attack_w=0.2
DBG t=74 used=0.017 remain=0.446 turn_time=0.0165363 end_in=0.0165363 cand_pre=44 cand_cap=20 cand=44->20 pre=44 pick(must/bucket/top/rand)=1/6/9/4 depth0=11 depth=3 dlog=5 dper=3 sims=2900 loop=2880 gen_time=0 eval_time=0.017 best_avg=0.32117 best_move=5,6 leader=4 inc2=1 attack_w=0.2
DBG t=86 used=0.017 remain=0.242 turn_time=0.0164387 end_in=0.0164387 cand_pre=46 cand_cap=20 cand=46->20 pre=46 pick(must/bucket/top/rand)=1/8/7/4 depth0=11 depth=3 dlog=5 dper=3 sims=2664 loop=2644 gen_time=0 eval_time=0.017 best_avg=0.260039 best_move=4,3 leader=4 inc2=1 attack_w=0.2
DBG depth_guard t=99 remain=0.017 cand_pre=43 depth0=0 depth=0
DBG t=99 used=0.011 remain=0.017 turn_time=0.0102 end_in=0.0102 cand_pre=43 cand_cap=14 cand=43->14 pre=42 pick(must/bucket/top/rand)=1/6/4/3 depth0=0 depth=0 dlog=5 dper=4 sims=11774 loop=11760 gen_time=0 eval_time=0.011 best_avg=0.272541 best_move=5,0 leader=4 inc2=1 attack_w=0.2
DBG summary depth_guard_fired=1
Score = 168098
=== CASE 0183.txt ===
DBG hdr N=10 M=7 T=100 U=4 VMAX=1489 TIME_LIMIT=1.94 MAX_CAND=20 UCB_C=0.21
DBG t=0 used=0.024 remain=1.94 turn_time=0.0236195 end_in=0.0236195 cand_pre=5 cand_cap=20 cand=5->5 pre=5 pick(must/bucket/top/rand)=1/2/2/0 depth0=7 depth=5 dlog=2 dper=0 sims=4777 loop=4772 gen_time=0 eval_time=0.024 best_avg=-0.709608 best_move=4,8 leader=4 inc2=1 attack_w=0.85
DBG t=12 used=0.023 remain=1.659 turn_time=0.0223399 end_in=0.0223399 cand_pre=10 cand_cap=20 cand=10->10 pre=10 pick(must/bucket/top/rand)=1/4/5/0 depth0=7 depth=4 dlog=3 dper=0 sims=4258 loop=4248 gen_time=0 eval_time=0.023 best_avg=-0.244716 best_move=6,7 leader=5 inc2=1 attack_w=0.2
DBG t=24 used=0.022 remain=1.393 turn_time=0.0212432 end_in=0.0212433 cand_pre=14 cand_cap=20 cand=14->14 pre=14 pick(must/bucket/top/rand)=1/3/10/0 depth0=7 depth=4 dlog=3 dper=0 sims=3922 loop=3908 gen_time=0 eval_time=0.022 best_avg=-0.320245 best_move=5,7 leader=3 inc2=1 attack_w=0.2
DBG t=37 used=0.02 remain=1.125 turn_time=0.0196518 end_in=0.0196518 cand_pre=23 cand_cap=20 cand=23->20 pre=23 pick(must/bucket/top/rand)=1/6/9/4 depth0=10 depth=6 dlog=4 dper=0 sims=2384 loop=2364 gen_time=0 eval_time=0.02 best_avg=-0.369304 best_move=6,7 leader=3 inc2=1 attack_w=0.2
DBG t=49 used=0.019 remain=0.888 turn_time=0.0187089 end_in=0.0187089 cand_pre=27 cand_cap=20 cand=27->20 pre=27 pick(must/bucket/top/rand)=1/7/8/4 depth0=10 depth=5 dlog=4 dper=1 sims=2692 loop=2672 gen_time=0 eval_time=0.019 best_avg=-0.0897225 best_move=8,5 leader=3 inc2=1 attack_w=0.2
DBG t=61 used=0.019 remain=0.655 turn_time=0.0180461 end_in=0.0180461 cand_pre=27 cand_cap=20 cand=27->20 pre=27 pick(must/bucket/top/rand)=1/8/7/4 depth0=10 depth=5 dlog=4 dper=1 sims=2736 loop=2716 gen_time=0 eval_time=0.019 best_avg=-0.115813 best_move=8,4 leader=3 inc2=1 attack_w=0.2
DBG t=74 used=0.018 remain=0.417 turn_time=0.0174418 end_in=0.0174418 cand_pre=25 cand_cap=20 cand=25->20 pre=25 pick(must/bucket/top/rand)=1/7/8/4 depth0=11 depth=6 dlog=4 dper=1 sims=1912 loop=1892 gen_time=0 eval_time=0.018 best_avg=-0.0846749 best_move=9,6 leader=3 inc2=1 attack_w=0.2
DBG t=86 used=0.017 remain=0.206 turn_time=0.0161931 end_in=0.0161931 cand_pre=23 cand_cap=20 cand=23->20 pre=23 pick(must/bucket/top/rand)=1/6/9/4 depth0=11 depth=6 dlog=4 dper=1 sims=1672 loop=1652 gen_time=0 eval_time=0.017 best_avg=-0.371486 best_move=5,7 leader=3 inc2=1 attack_w=0.2
DBG depth_guard t=99 remain=0.01 cand_pre=25 depth0=0 depth=0
DBG t=99 used=0.007 remain=0.01 turn_time=0.006 end_in=0.006 cand_pre=25 cand_cap=12 cand=25->12 pre=25 pick(must/bucket/top/rand)=1/6/3/2 depth0=0 depth=0 dlog=4 dper=4 sims=7252 loop=7240 gen_time=0 eval_time=0.007 best_avg=-0.335424 best_move=8,4 leader=5 inc2=1 attack_w=0.2
DBG summary depth_guard_fired=1
Score = 115659
=== CASE 0185.txt ===
DBG hdr N=10 M=4 T=100 U=5 VMAX=1220 TIME_LIMIT=1.94 MAX_CAND=20 UCB_C=0.21
DBG t=0 used=0.024 remain=1.94 turn_time=0.0236195 end_in=0.0236195 cand_pre=5 cand_cap=20 cand=5->5 pre=5 pick(must/bucket/top/rand)=1/2/2/0 depth0=7 depth=5 dlog=2 dper=0 sims=7953 loop=7948 gen_time=0 eval_time=0.024 best_avg=-1.05288 best_move=4,1 leader=3 inc2=1 attack_w=0.85
DBG t=12 used=0.022 remain=1.663 turn_time=0.0216568 end_in=0.0216568 cand_pre=16 cand_cap=20 cand=16->16 pre=16 pick(must/bucket/top/rand)=1/2/13/0 depth0=7 depth=4 dlog=3 dper=0 sims=5580 loop=5564 gen_time=0 eval_time=0.022 best_avg=-1.01348 best_move=4,3 leader=3 inc2=1 attack_w=0.343208
DBG t=24 used=0.023 remain=1.4 turn_time=0.0221882 end_in=0.0221882 cand_pre=7 cand_cap=20 cand=7->7 pre=7 pick(must/bucket/top/rand)=1/6/0/0 depth0=7 depth=5 dlog=2 dper=0 sims=4423 loop=4416 gen_time=0 eval_time=0.023 best_avg=-1.13109 best_move=6,6 leader=3 inc2=1 attack_w=0.443291
DBG t=37 used=0.019 remain=1.121 turn_time=0.0184253 end_in=0.0184253 cand_pre=33 cand_cap=20 cand=33->20 pre=33 pick(must/bucket/top/rand)=1/8/7/4 depth0=10 depth=5 dlog=4 dper=1 sims=3136 loop=3116 gen_time=0 eval_time=0.019 best_avg=-1.19757 best_move=2,3 leader=2 inc2=1 attack_w=0.651994
DBG t=49 used=0.019 remain=0.893 turn_time=0.0181314 end_in=0.0181314 cand_pre=33 cand_cap=20 cand=33->20 pre=33 pick(must/bucket/top/rand)=1/8/7/4 depth0=10 depth=4 dlog=4 dper=2 sims=3256 loop=3236 gen_time=0 eval_time=0.019 best_avg=-1.27509 best_move=4,3 leader=2 inc2=1 attack_w=0.848273
DBG t=61 used=0.018 remain=0.663 turn_time=0.0171615 end_in=0.0171615 cand_pre=37 cand_cap=20 cand=37->20 pre=37 pick(must/bucket/top/rand)=1/8/7/4 depth0=10 depth=3 dlog=5 dper=2 sims=3324 loop=3304 gen_time=0 eval_time=0.018 best_avg=-1.35768 best_move=7,4 leader=1 inc2=1 attack_w=0.85
DBG t=74 used=0.017 remain=0.436 turn_time=0.0169285 end_in=0.0169285 cand_pre=37 cand_cap=20 cand=37->20 pre=37 pick(must/bucket/top/rand)=1/8/7/4 depth0=11 depth=4 dlog=5 dper=2 sims=2320 loop=2300 gen_time=0 eval_time=0.017 best_avg=-1.4298 best_move=6,6 leader=2 inc2=1 attack_w=0.85
DBG t=86 used=0.017 remain=0.226 turn_time=0.016611 end_in=0.016611 cand_pre=34 cand_cap=20 cand=34->20 pre=34 pick(must/bucket/top/rand)=1/7/8/4 depth0=11 depth=5 dlog=4 dper=2 sims=2048 loop=2028 gen_time=0 eval_time=0.017 best_avg=-1.4804 best_move=8,1 leader=2 inc2=1 attack_w=0.85
DBG depth_guard t=99 remain=0.011 cand_pre=20 depth0=0 depth=0
DBG t=99 used=0.007 remain=0.011 turn_time=0.0066 end_in=0.0066 cand_pre=20 cand_cap=12 cand=20->12 pre=20 pick(must/bucket/top/rand)=1/6/3/2 depth0=0 depth=0 dlog=4 dper=3 sims=6788 loop=6776 gen_time=0 eval_time=0.007 best_avg=-1.58722 best_move=8,1 leader=3 inc2=1 attack_w=0.85
DBG summary depth_guard_fired=1
Score = 68902
=== CASE 0188.txt ===
DBG hdr N=10 M=6 T=100 U=1 VMAX=1572 TIME_LIMIT=1.94 MAX_CAND=20 UCB_C=0.21
DBG t=0 used=0.024 remain=1.94 turn_time=0.0237456 end_in=0.0237456 cand_pre=4 cand_cap=20 cand=4->4 pre=4 pick(must/bucket/top/rand)=1/2/1/0 depth0=7 depth=6 dlog=1 dper=0 sims=4016 loop=4012 gen_time=0 eval_time=0.024 best_avg=-0.77934 best_move=5,3 leader=2 inc2=1 attack_w=0.85
DBG t=12 used=0.021 remain=1.67 turn_time=0.0203911 end_in=0.0203911 cand_pre=27 cand_cap=20 cand=27->20 pre=27 pick(must/bucket/top/rand)=1/6/9/4 depth0=7 depth=3 dlog=4 dper=0 sims=5312 loop=5292 gen_time=0 eval_time=0.021 best_avg=-0.344023 best_move=8,5 leader=4 inc2=1 attack_w=0.2
DBG t=24 used=0.02 remain=1.426 turn_time=0.0197951 end_in=0.0197951 cand_pre=30 cand_cap=20 cand=30->20 pre=30 pick(must/bucket/top/rand)=1/6/9/4 depth0=7 depth=2 dlog=4 dper=1 sims=7012 loop=6992 gen_time=0 eval_time=0.02 best_avg=0.0524458 best_move=3,8 leader=2 inc2=1 attack_w=0.2
DBG t=37 used=0.02 remain=1.178 turn_time=0.0196053 end_in=0.0196053 cand_pre=31 cand_cap=20 cand=31->20 pre=31 pick(must/bucket/top/rand)=1/6/9/4 depth0=10 depth=5 dlog=4 dper=1 sims=2524 loop=2504 gen_time=0 eval_time=0.02 best_avg=0.50724 best_move=2,4 leader=2 inc2=1 attack_w=0.2
DBG t=49 used=0.021 remain=0.937 turn_time=0.0203384 end_in=0.0203384 cand_pre=22 cand_cap=20 cand=22->20 pre=22 pick(must/bucket/top/rand)=1/5/10/4 depth0=10 depth=6 dlog=4 dper=0 sims=2348 loop=2328 gen_time=0 eval_time=0.021 best_avg=0.45706 best_move=0,9 leader=2 inc2=1 attack_w=0.2
DBG t=61 used=0.018 remain=0.707 turn_time=0.0179469 end_in=0.0179469 cand_pre=40 cand_cap=20 cand=40->20 pre=40 pick(must/bucket/top/rand)=1/5/10/4 depth0=10 depth=3 dlog=5 dper=2 sims=3824 loop=3804 gen_time=0 eval_time=0.018 best_avg=0.657292 best_move=3,5 leader=2 inc2=1 attack_w=0.2
DBG t=74 used=0.016 remain=0.481 turn_time=0.0157897 end_in=0.0157897 cand_pre=61 cand_cap=14 cand=61->14 pre=42 pick(must/bucket/top/rand)=1/6/4/3 depth0=11 depth=2 dlog=5 dper=4 sims=4718 loop=4704 gen_time=0 eval_time=0.016 best_avg=1.0591 best_move=2,3 leader=3 inc2=1 attack_w=0.2
DBG t=86 used=0.016 remain=0.266 turn_time=0.015599 end_in=0.015599 cand_pre=66 cand_cap=14 cand=66->14 pre=42 pick(must/bucket/top/rand)=1/6/4/3 depth0=11 depth=2 dlog=5 dper=4 sims=3986 loop=3972 gen_time=0 eval_time=0.016 best_avg=1.09861 best_move=6,9 leader=5 inc2=1 attack_w=0.2
DBG t=99 used=0.015 remain=0.024 turn_time=0.0144 end_in=0.0144 cand_pre=45 cand_cap=20 cand=45->20 pre=45 pick(must/bucket/top/rand)=1/5/10/4 depth0=0 depth=0 dlog=5 dper=3 sims=19216 loop=19196 gen_time=0 eval_time=0.015 best_avg=0.807797 best_move=6,5 leader=4 inc2=1 attack_w=0.2
DBG summary depth_guard_fired=0
Score = 235792
=== CASE 0187.txt ===
DBG hdr N=10 M=7 T=100 U=2 VMAX=1393 TIME_LIMIT=1.94 MAX_CAND=20 UCB_C=0.21
DBG t=0 used=0.024 remain=1.94 turn_time=0.0236195 end_in=0.0236195 cand_pre=5 cand_cap=20 cand=5->5 pre=5 pick(must/bucket/top/rand)=1/2/2/0 depth0=7 depth=5 dlog=2 dper=0 sims=4061 loop=4056 gen_time=0 eval_time=0.024 best_avg=-0.734907 best_move=4,8 leader=2 inc2=1 attack_w=0.85
DBG t=12 used=0.022 remain=1.666 turn_time=0.0216959 end_in=0.0216959 cand_pre=16 cand_cap=20 cand=16->16 pre=16 pick(must/bucket/top/rand)=1/6/9/0 depth0=7 depth=4 dlog=3 dper=0 sims=3664 loop=3648 gen_time=0 eval_time=0.022 best_avg=-0.46019 best_move=4,9 leader=5 inc2=1 attack_w=0.2
DBG t=24 used=0.021 remain=1.406 turn_time=0.0205997 end_in=0.0205998 cand_pre=21 cand_cap=20 cand=21->20 pre=21 pick(must/bucket/top/rand)=1/6/9/4 depth0=7 depth=3 dlog=4 dper=0 sims=4244 loop=4224 gen_time=0 eval_time=0.021 best_avg=-0.272424 best_move=9,7 leader=5 inc2=1 attack_w=0.2
DBG t=37 used=0.02 remain=1.141 turn_time=0.0198136 end_in=0.0198136 cand_pre=24 cand_cap=20 cand=24->20 pre=24 pick(must/bucket/top/rand)=1/4/11/4 depth0=10 depth=6 dlog=4 dper=0 sims=1728 loop=1708 gen_time=0 eval_time=0.02 best_avg=-0.317006 best_move=9,8 leader=5 inc2=1 attack_w=0.2
DBG t=49 used=0.019 remain=0.903 turn_time=0.0185646 end_in=0.0185646 cand_pre=31 cand_cap=20 cand=31->20 pre=31 pick(must/bucket/top/rand)=1/2/13/4 depth0=10 depth=5 dlog=4 dper=1 sims=1772 loop=1752 gen_time=0 eval_time=0.019 best_avg=-0.343905 best_move=2,7 leader=5 inc2=1 attack_w=0.2
DBG t=61 used=0.018 remain=0.675 turn_time=0.0179221 end_in=0.0179221 cand_pre=33 cand_cap=20 cand=33->20 pre=33 pick(must/bucket/top/rand)=1/3/12/4 depth0=10 depth=4 dlog=4 dper=2 sims=2268 loop=2248 gen_time=0 eval_time=0.018 best_avg=-0.401287 best_move=7,7 leader=5 inc2=1 attack_w=0.2
DBG t=74 used=0.018 remain=0.44 turn_time=0.0171938 end_in=0.0171938 cand_pre=36 cand_cap=20 cand=36->20 pre=36 pick(must/bucket/top/rand)=1/3/12/4 depth0=11 depth=4 dlog=5 dper=2 sims=2188 loop=2168 gen_time=0 eval_time=0.018 best_avg=-0.364238 best_move=8,7 leader=5 inc2=1 attack_w=0.2
DBG t=86 used=0.017 remain=0.23 turn_time=0.0166914 end_in=0.0166914 cand_pre=36 cand_cap=20 cand=36->20 pre=36 pick(must/bucket/top/rand)=1/3/12/4 depth0=11 depth=4 dlog=5 dper=2 sims=2344 loop=2324 gen_time=0 eval_time=0.017 best_avg=-0.298347 best_move=9,5 leader=5 inc2=1 attack_w=0.2
DBG depth_guard t=99 remain=0.015 cand_pre=37 depth0=0 depth=0
DBG t=99 used=0.01 remain=0.015 turn_time=0.009 end_in=0.009 cand_pre=37 cand_cap=14 cand=37->14 pre=37 pick(must/bucket/top/rand)=1/2/8/3 depth0=0 depth=0 dlog=5 dper=4 sims=12162 loop=12148 gen_time=0 eval_time=0.01 best_avg=-0.183144 best_move=7,7 leader=5 inc2=1 attack_w=0.2
DBG summary depth_guard_fired=1
Score = 128456
=== CASE 0190.txt ===
DBG hdr N=10 M=5 T=100 U=2 VMAX=2260 TIME_LIMIT=1.94 MAX_CAND=20 UCB_C=0.21
DBG t=0 used=0.024 remain=1.94 turn_time=0.0236195 end_in=0.0236195 cand_pre=5 cand_cap=20 cand=5->5 pre=5 pick(must/bucket/top/rand)=1/2/2/0 depth0=7 depth=5 dlog=2 dper=0 sims=5705 loop=5700 gen_time=0 eval_time=0.024 best_avg=-1.20493 best_move=5,6 leader=1 inc2=1 attack_w=0.85
DBG t=12 used=0.021 remain=1.669 turn_time=0.0207487 end_in=0.0207487 cand_pre=24 cand_cap=20 cand=24->20 pre=24 pick(must/bucket/top/rand)=1/5/10/4 depth0=7 depth=3 dlog=4 dper=0 sims=5356 loop=5336 gen_time=0 eval_time=0.021 best_avg=-0.567409 best_move=5,5 leader=1 inc2=1 attack_w=0.249919
DBG t=24 used=0.02 remain=1.423 turn_time=0.0195101 end_in=0.0195101 cand_pre=32 cand_cap=20 cand=32->20 pre=32 pick(must/bucket/top/rand)=1/6/9/4 depth0=7 depth=2 dlog=4 dper=1 sims=7288 loop=7268 gen_time=0 eval_time=0.02 best_avg=-0.20269 best_move=3,2 leader=4 inc2=1 attack_w=0.2
DBG t=37 used=0.019 remain=1.163 turn_time=0.0182757 end_in=0.0182757 cand_pre=40 cand_cap=20 cand=40->20 pre=40 pick(must/bucket/top/rand)=1/7/8/4 depth0=10 depth=3 dlog=5 dper=2 sims=3948 loop=3928 gen_time=0 eval_time=0.019 best_avg=0.0207896 best_move=2,7 leader=1 inc2=1 attack_w=0.2
DBG t=49 used=0.018 remain=0.942 turn_time=0.0175655 end_in=0.0175655 cand_pre=46 cand_cap=20 cand=46->20 pre=46 pick(must/bucket/top/rand)=1/8/7/4 depth0=10 depth=2 dlog=5 dper=3 sims=5060 loop=5040 gen_time=0 eval_time=0.018 best_avg=0.0756153 best_move=4,8 leader=2 inc2=1 attack_w=0.2
DBG t=61 used=0.018 remain=0.73 turn_time=0.0170708 end_in=0.0170708 cand_pre=52 cand_cap=20 cand=52->20 pre=52 pick(must/bucket/top/rand)=1/8/7/4 depth0=10 depth=2 dlog=5 dper=3 sims=5420 loop=5400 gen_time=0 eval_time=0.018 best_avg=-0.108527 best_move=6,8 leader=2 inc2=1 attack_w=0.2
DBG t=74 used=0.017 remain=0.49 turn_time=0.0162077 end_in=0.0162077 cand_pre=60 cand_cap=20 cand=60->20 pre=60 pick(must/bucket/top/rand)=1/8/7/4 depth0=11 depth=2 dlog=5 dper=4 sims=4740 loop=4720 gen_time=0 eval_time=0.017 best_avg=-0.0152669 best_move=1,6 leader=2 inc2=1 attack_w=0.2
DBG t=86 used=0.018 remain=0.279 turn_time=0.0176567 end_in=0.0176567 cand_pre=56 cand_cap=20 cand=56->20 pre=56 pick(must/bucket/top/rand)=1/8/7/4 depth0=11 depth=3 dlog=5 dper=3 sims=3592 loop=3572 gen_time=0 eval_time=0.018 best_avg=-0.206018 best_move=2,0 leader=1 inc2=1 attack_w=0.2
DBG t=99 used=0.016 remain=0.025 turn_time=0.015 end_in=0.015 cand_pre=62 cand_cap=14 cand=62->14 pre=42 pick(must/bucket/top/rand)=1/8/2/3 depth0=0 depth=0 dlog=5 dper=4 sims=29574 loop=29560 gen_time=0 eval_time=0.016 best_avg=0.231873 best_move=1,6 leader=2 inc2=1 attack_w=0.2
DBG summary depth_guard_fired=0
Score = 187005
=== CASE 0186.txt ===
DBG hdr N=10 M=8 T=100 U=4 VMAX=1499 TIME_LIMIT=1.94 MAX_CAND=20 UCB_C=0.21
DBG t=0 used=0.024 remain=1.94 turn_time=0.0236195 end_in=0.0236195 cand_pre=5 cand_cap=20 cand=5->5 pre=5 pick(must/bucket/top/rand)=1/3/1/0 depth0=7 depth=5 dlog=2 dper=0 sims=4253 loop=4248 gen_time=0 eval_time=0.024 best_avg=-0.527493 best_move=3,8 leader=1 inc2=1 attack_w=0.192067
DBG t=12 used=0.022 remain=1.66 turn_time=0.021863 end_in=0.021863 cand_pre=14 cand_cap=20 cand=14->14 pre=14 pick(must/bucket/top/rand)=1/7/6/0 depth0=7 depth=4 dlog=3 dper=0 sims=4466 loop=4452 gen_time=0 eval_time=0.022 best_avg=-0.456677 best_move=3,6 leader=5 inc2=1 attack_w=0.382598
DBG t=24 used=0.021 remain=1.399 turn_time=0.0204972 end_in=0.0204972 cand_pre=21 cand_cap=20 cand=21->20 pre=21 pick(must/bucket/top/rand)=1/6/9/4 depth0=7 depth=3 dlog=4 dper=0 sims=4132 loop=4112 gen_time=0 eval_time=0.021 best_avg=-0.424545 best_move=3,7 leader=5 inc2=1 attack_w=0.33714
DBG t=37 used=0.02 remain=1.132 turn_time=0.0193069 end_in=0.0193069 cand_pre=27 cand_cap=20 cand=27->20 pre=27 pick(must/bucket/top/rand)=1/7/8/4 depth0=10 depth=5 dlog=4 dper=1 sims=2112 loop=2092 gen_time=0 eval_time=0.02 best_avg=-0.462301 best_move=6,4 leader=1 inc2=1 attack_w=0.2
DBG t=49 used=0.022 remain=0.89 turn_time=0.0210197 end_in=0.0210197 cand_pre=7 cand_cap=20 cand=7->7 pre=7 pick(must/bucket/top/rand)=1/6/0/0 depth0=10 depth=8 dlog=2 dper=0 sims=1459 loop=1452 gen_time=0 eval_time=0.022 best_avg=-0.521878 best_move=8,0 leader=5 inc2=1 attack_w=0.2
DBG t=61 used=0.019 remain=0.641 turn_time=0.0189424 end_in=0.0189424 cand_pre=15 cand_cap=20 cand=15->15 pre=15 pick(must/bucket/top/rand)=1/7/7/0 depth0=10 depth=7 dlog=3 dper=0 sims=1443 loop=1428 gen_time=0 eval_time=0.019 best_avg=-0.563185 best_move=7,1 leader=5 inc2=1 attack_w=0.606589
DBG t=74 used=0.018 remain=0.395 turn_time=0.0176079 end_in=0.0176079 cand_pre=14 cand_cap=20 cand=14->14 pre=14 pick(must/bucket/top/rand)=1/7/6/0 depth0=11 depth=8 dlog=3 dper=0 sims=1146 loop=1132 gen_time=0 eval_time=0.018 best_avg=-0.629033 best_move=8,2 leader=5 inc2=1 attack_w=0.4864
DBG t=86 used=0.016 remain=0.186 turn_time=0.0153118 end_in=0.0153118 cand_pre=15 cand_cap=20 cand=15->15 pre=15 pick(must/bucket/top/rand)=1/6/8/0 depth0=11 depth=6 dlog=3 dper=0 sims=1407 loop=1392 gen_time=0 eval_time=0.016 best_avg=-0.528037 best_move=6,1 leader=5 inc2=1 attack_w=0.498001
DBG depth_guard t=98 remain=0.017 cand_pre=17 depth0=1 depth=0
DBG depth_guard t=99 remain=0.007 cand_pre=18 depth0=0 depth=0
DBG t=99 used=0.005 remain=0.007 turn_time=0.0042 end_in=0.0042 cand_pre=18 cand_cap=12 cand=18->12 pre=18 pick(must/bucket/top/rand)=1/5/4/2 depth0=0 depth=0 dlog=4 dper=4 sims=3884 loop=3872 gen_time=0 eval_time=0.005 best_avg=-0.418876 best_move=7,3 leader=5 inc2=1 attack_w=0.210434
DBG summary depth_guard_fired=2
Score = 103352
=== CASE 0189.txt ===
DBG hdr N=10 M=8 T=100 U=3 VMAX=1777 TIME_LIMIT=1.94 MAX_CAND=20 UCB_C=0.21
DBG t=0 used=0.024 remain=1.94 turn_time=0.0237456 end_in=0.0237456 cand_pre=4 cand_cap=20 cand=4->4 pre=4 pick(must/bucket/top/rand)=1/2/1/0 depth0=7 depth=6 dlog=1 dper=0 sims=3400 loop=3396 gen_time=0 eval_time=0.024 best_avg=-0.687283 best_move=0,1 leader=3 inc2=1 attack_w=0.779539
DBG t=12 used=0.022 remain=1.665 turn_time=0.0214369 end_in=0.0214369 cand_pre=18 cand_cap=20 cand=18->18 pre=18 pick(must/bucket/top/rand)=1/3/12/2 depth0=7 depth=3 dlog=4 dper=0 sims=4382 loop=4364 gen_time=0 eval_time=0.022 best_avg=-0.0709395 best_move=0,4 leader=4 inc2=1 attack_w=0.2
DBG t=24 used=0.021 remain=1.408 turn_time=0.0207495 end_in=0.0207495 cand_pre=20 cand_cap=20 cand=20->20 pre=20 pick(must/bucket/top/rand)=1/6/9/4 depth0=7 depth=3 dlog=4 dper=0 sims=3708 loop=3688 gen_time=0 eval_time=0.021 best_avg=-0.285141 best_move=2,4 leader=6 inc2=1 attack_w=0.2
DBG t=37 used=0.02 remain=1.137 turn_time=0.0196268 end_in=0.0196268 cand_pre=25 cand_cap=20 cand=25->20 pre=25 pick(must/bucket/top/rand)=1/8/7/4 depth0=10 depth=6 dlog=4 dper=0 sims=1528 loop=1508 gen_time=0 eval_time=0.02 best_avg=-0.382627 best_move=1,6 leader=7 inc2=1 attack_w=0.2
DBG t=49 used=0.02 remain=0.897 turn_time=0.0192415 end_in=0.0192415 cand_pre=24 cand_cap=20 cand=24->20 pre=24 pick(must/bucket/top/rand)=1/6/9/4 depth0=10 depth=6 dlog=4 dper=0 sims=1620 loop=1600 gen_time=0 eval_time=0.02 best_avg=-0.20174 best_move=1,6 leader=3 inc2=1 attack_w=0.2
DBG t=61 used=0.019 remain=0.664 turn_time=0.0186261 end_in=0.0186261 cand_pre=24 cand_cap=20 cand=24->20 pre=24 pick(must/bucket/top/rand)=1/6/9/4 depth0=10 depth=6 dlog=4 dper=0 sims=1332 loop=1312 gen_time=0 eval_time=0.019 best_avg=-0.392792 best_move=1,6 leader=4 inc2=1 attack_w=0.2
DBG t=74 used=0.018 remain=0.424 turn_time=0.0177346 end_in=0.0177346 cand_pre=25 cand_cap=20 cand=25->20 pre=25 pick(must/bucket/top/rand)=1/7/8/4 depth0=11 depth=6 dlog=4 dper=1 sims=1552 loop=1532 gen_time=0 eval_time=0.018 best_avg=-0.325932 best_move=0,0 leader=3 inc2=1 attack_w=0.2
DBG t=86 used=0.017 remain=0.212 turn_time=0.0161726 end_in=0.0161726 cand_pre=28 cand_cap=20 cand=28->20 pre=28 pick(must/bucket/top/rand)=1/5/10/4 depth0=11 depth=6 dlog=4 dper=1 sims=1268 loop=1248 gen_time=0 eval_time=0.017 best_avg=-0.392275 best_move=0,5 leader=3 inc2=1 attack_w=0.2
DBG depth_guard t=99 remain=0.011 cand_pre=28 depth0=0 depth=0
DBG t=99 used=0.007 remain=0.011 turn_time=0.0066 end_in=0.0066 cand_pre=28 cand_cap=12 cand=28->12 pre=28 pick(must/bucket/top/rand)=1/4/5/2 depth0=0 depth=0 dlog=4 dper=4 sims=6376 loop=6364 gen_time=0 eval_time=0.007 best_avg=-0.107221 best_move=3,5 leader=4 inc2=1 attack_w=0.2
DBG summary depth_guard_fired=1
Score = 123776
=== CASE 0191.txt ===
DBG hdr N=10 M=4 T=100 U=5 VMAX=1662 TIME_LIMIT=1.94 MAX_CAND=20 UCB_C=0.21
DBG t=0 used=0.024 remain=1.94 turn_time=0.0236195 end_in=0.0236195 cand_pre=5 cand_cap=20 cand=5->5 pre=5 pick(must/bucket/top/rand)=1/2/2/0 depth0=7 depth=5 dlog=2 dper=0 sims=7325 loop=7320 gen_time=0 eval_time=0.024 best_avg=-0.809299 best_move=7,1 leader=2 inc2=1 attack_w=0.13
DBG t=12 used=0.021 remain=1.674 turn_time=0.0204399 end_in=0.0204399 cand_pre=27 cand_cap=20 cand=27->20 pre=27 pick(must/bucket/top/rand)=1/2/13/4 depth0=7 depth=3 dlog=4 dper=0 sims=7688 loop=7668 gen_time=0 eval_time=0.021 best_avg=-0.555922 best_move=9,7 leader=1 inc2=1 attack_w=0.2
DBG t=24 used=0.02 remain=1.426 turn_time=0.0196732 end_in=0.0196732 cand_pre=31 cand_cap=20 cand=31->20 pre=31 pick(must/bucket/top/rand)=1/2/13/4 depth0=7 depth=2 dlog=4 dper=1 sims=8268 loop=8248 gen_time=0 eval_time=0.02 best_avg=-0.607971 best_move=8,8 leader=3 inc2=1 attack_w=0.2
DBG t=37 used=0.02 remain=1.166 turn_time=0.0194056 end_in=0.0194056 cand_pre=31 cand_cap=20 cand=31->20 pre=31 pick(must/bucket/top/rand)=1/5/10/4 depth0=10 depth=5 dlog=4 dper=1 sims=3308 loop=3288 gen_time=0 eval_time=0.02 best_avg=-0.422887 best_move=9,9 leader=2 inc2=1 attack_w=0.2
DBG t=49 used=0.02 remain=0.926 turn_time=0.0190375 end_in=0.0190375 cand_pre=31 cand_cap=20 cand=31->20 pre=31 pick(must/bucket/top/rand)=1/6/9/4 depth0=10 depth=5 dlog=4 dper=1 sims=3000 loop=2980 gen_time=0 eval_time=0.02 best_avg=-0.446045 best_move=8,3 leader=2 inc2=1 attack_w=0.2
DBG t=61 used=0.019 remain=0.697 turn_time=0.0180416 end_in=0.0180416 cand_pre=37 cand_cap=20 cand=37->20 pre=37 pick(must/bucket/top/rand)=1/6/9/4 depth0=10 depth=3 dlog=5 dper=2 sims=4064 loop=4044 gen_time=0 eval_time=0.019 best_avg=-0.361304 best_move=7,6 leader=2 inc2=1 attack_w=0.2
DBG t=74 used=0.018 remain=0.458 turn_time=0.0177827 end_in=0.0177827 cand_pre=37 cand_cap=20 cand=37->20 pre=37 pick(must/bucket/top/rand)=1/7/8/4 depth0=11 depth=4 dlog=5 dper=2 sims=2796 loop=2776 gen_time=0 eval_time=0.018 best_avg=-0.461337 best_move=8,7 leader=2 inc2=1 attack_w=0.2
DBG t=86 used=0.018 remain=0.242 turn_time=0.0176746 end_in=0.0176746 cand_pre=35 cand_cap=20 cand=35->20 pre=35 pick(must/bucket/top/rand)=1/7/8/4 depth0=11 depth=5 dlog=4 dper=2 sims=2324 loop=2304 gen_time=0 eval_time=0.018 best_avg=-0.555763 best_move=9,3 leader=2 inc2=1 attack_w=0.2
DBG depth_guard t=99 remain=0.015 cand_pre=36 depth0=0 depth=0
DBG t=99 used=0.01 remain=0.015 turn_time=0.009 end_in=0.009 cand_pre=36 cand_cap=14 cand=36->14 pre=36 pick(must/bucket/top/rand)=1/7/3/3 depth0=0 depth=0 dlog=5 dper=4 sims=13114 loop=13100 gen_time=0 eval_time=0.01 best_avg=-0.511912 best_move=7,6 leader=2 inc2=1 attack_w=0.2
DBG summary depth_guard_fired=1
Score = 148291
=== CASE 0197.txt ===
DBG hdr N=10 M=2 T=100 U=5 VMAX=2471 TIME_LIMIT=1.94 MAX_CAND=20 UCB_C=0.21
DBG t=0 used=0.024 remain=1.94 turn_time=0.0236195 end_in=0.0236195 cand_pre=5 cand_cap=20 cand=5->5 pre=5 pick(must/bucket/top/rand)=1/2/2/0 depth0=7 depth=5 dlog=2 dper=0 sims=11105 loop=11100 gen_time=0 eval_time=0.024 best_avg=-3.40956 best_move=1,7 leader=1 inc2=1 attack_w=0.13
DBG t=12 used=0.023 remain=1.662 turn_time=0.0220121 end_in=0.0220121 cand_pre=13 cand_cap=20 cand=13->13 pre=13 pick(must/bucket/top/rand)=1/2/10/0 depth0=7 depth=4 dlog=3 dper=0 sims=7797 loop=7784 gen_time=0 eval_time=0.023 best_avg=-3.37943 best_move=2,6 leader=1 inc2=1 attack_w=0.795146
DBG t=24 used=0.022 remain=1.397 turn_time=0.0210653 end_in=0.0210653 cand_pre=16 cand_cap=20 cand=16->16 pre=16 pick(must/bucket/top/rand)=1/2/13/0 depth0=7 depth=4 dlog=3 dper=0 sims=6332 loop=6316 gen_time=0 eval_time=0.022 best_avg=-3.45702 best_move=2,5 leader=1 inc2=1 attack_w=0.767576
DBG t=37 used=0.02 remain=1.129 turn_time=0.0194887 end_in=0.0194887 cand_pre=25 cand_cap=20 cand=25->20 pre=25 pick(must/bucket/top/rand)=1/4/11/4 depth0=10 depth=6 dlog=4 dper=0 sims=3044 loop=3024 gen_time=0 eval_time=0.02 best_avg=-3.44267 best_move=3,4 leader=1 inc2=1 attack_w=0.614309
DBG t=49 used=0.018 remain=0.89 turn_time=0.0177302 end_in=0.0177302 cand_pre=36 cand_cap=20 cand=36->20 pre=36 pick(must/bucket/top/rand)=1/8/7/4 depth0=10 depth=3 dlog=5 dper=2 sims=4860 loop=4840 gen_time=0 eval_time=0.018 best_avg=-3.27226 best_move=4,0 leader=1 inc2=1 attack_w=0.434573
DBG t=61 used=0.018 remain=0.678 turn_time=0.0170978 end_in=0.0170978 cand_pre=41 cand_cap=20 cand=41->20 pre=41 pick(must/bucket/top/rand)=1/8/7/4 depth0=10 depth=3 dlog=5 dper=2 sims=4768 loop=4748 gen_time=0 eval_time=0.018 best_avg=-3.00901 best_move=5,0 leader=1 inc2=1 attack_w=0.2
DBG t=74 used=0.017 remain=0.453 turn_time=0.0160031 end_in=0.0160031 cand_pre=51 cand_cap=20 cand=51->20 pre=51 pick(must/bucket/top/rand)=1/8/7/4 depth0=11 depth=3 dlog=5 dper=3 sims=4596 loop=4576 gen_time=0 eval_time=0.017 best_avg=-2.65939 best_move=7,3 leader=1 inc2=1 attack_w=0.2
DBG t=86 used=0.016 remain=0.26 turn_time=0.0158507 end_in=0.0158507 cand_pre=61 cand_cap=14 cand=61->14 pre=42 pick(must/bucket/top/rand)=1/8/2/3 depth0=11 depth=2 dlog=5 dper=4 sims=8202 loop=8188 gen_time=0 eval_time=0.016 best_avg=-2.36673 best_move=7,0 leader=1 inc2=1 attack_w=0.2
DBG t=99 used=0.016 remain=0.026 turn_time=0.0156 end_in=0.0156 cand_pre=64 cand_cap=14 cand=64->14 pre=42 pick(must/bucket/top/rand)=1/8/2/3 depth0=0 depth=0 dlog=5 dper=4 sims=46402 loop=46388 gen_time=0 eval_time=0.016 best_avg=-2.22332 best_move=4,4 leader=1 inc2=1 attack_w=0.2
DBG summary depth_guard_fired=0
Score = 180892
=== CASE 0194.txt ===
DBG hdr N=10 M=6 T=100 U=4 VMAX=1728 TIME_LIMIT=1.94 MAX_CAND=20 UCB_C=0.21
DBG t=0 used=0.024 remain=1.94 turn_time=0.0237456 end_in=0.0237456 cand_pre=4 cand_cap=20 cand=4->4 pre=4 pick(must/bucket/top/rand)=1/2/1/0 depth0=7 depth=6 dlog=1 dper=0 sims=4600 loop=4596 gen_time=0 eval_time=0.024 best_avg=-0.805435 best_move=0,7 leader=2 inc2=1 attack_w=0.85
DBG t=12 used=0.022 remain=1.661 turn_time=0.0217534 end_in=0.0217534 cand_pre=15 cand_cap=20 cand=15->15 pre=15 pick(must/bucket/top/rand)=1/2/12/0 depth0=7 depth=4 dlog=3 dper=0 sims=4067 loop=4052 gen_time=0 eval_time=0.022 best_avg=-0.671852 best_move=3,8 leader=2 inc2=1 attack_w=0.732132
DBG t=24 used=0.021 remain=1.398 turn_time=0.0208412 end_in=0.0208412 cand_pre=18 cand_cap=20 cand=18->18 pre=18 pick(must/bucket/top/rand)=1/2/13/2 depth0=7 depth=3 dlog=4 dper=0 sims=4514 loop=4496 gen_time=0 eval_time=0.021 best_avg=-0.476676 best_move=5,9 leader=2 inc2=1 attack_w=0.2
DBG t=37 used=0.019 remain=1.134 turn_time=0.018639 end_in=0.018639 cand_pre=33 cand_cap=20 cand=33->20 pre=33 pick(must/bucket/top/rand)=1/4/11/4 depth0=10 depth=5 dlog=4 dper=1 sims=2304 loop=2284 gen_time=0 eval_time=0.019 best_avg=-0.308955 best_move=8,7 leader=2 inc2=1 attack_w=0.2
DBG t=49 used=0.018 remain=0.906 turn_time=0.017818 end_in=0.017818 cand_pre=38 cand_cap=20 cand=38->20 pre=38 pick(must/bucket/top/rand)=1/4/11/4 depth0=10 depth=3 dlog=5 dper=2 sims=3352 loop=3332 gen_time=0 eval_time=0.018 best_avg=-0.126488 best_move=8,8 leader=2 inc2=1 attack_w=0.2
DBG t=61 used=0.018 remain=0.69 turn_time=0.0172854 end_in=0.0172854 cand_pre=42 cand_cap=20 cand=42->20 pre=42 pick(must/bucket/top/rand)=1/7/8/4 depth0=10 depth=3 dlog=5 dper=2 sims=3348 loop=3328 gen_time=0 eval_time=0.018 best_avg=0.0549576 best_move=4,6 leader=2 inc2=1 attack_w=0.2
DBG t=74 used=0.018 remain=0.456 turn_time=0.0170211 end_in=0.0170211 cand_pre=43 cand_cap=20 cand=43->20 pre=43 pick(must/bucket/top/rand)=1/6/9/4 depth0=11 depth=3 dlog=5 dper=3 sims=3456 loop=3436 gen_time=0 eval_time=0.018 best_avg=0.12857 best_move=2,7 leader=2 inc2=1 attack_w=0.2
DBG t=86 used=0.017 remain=0.238 turn_time=0.0164985 end_in=0.0164985 cand_pre=43 cand_cap=20 cand=43->20 pre=43 pick(must/bucket/top/rand)=1/6/9/4 depth0=11 depth=3 dlog=5 dper=3 sims=3068 loop=3048 gen_time=0 eval_time=0.017 best_avg=0.11921 best_move=0,7 leader=5 inc2=1 attack_w=0.2
DBG depth_guard t=99 remain=0.019 cand_pre=48 depth0=0 depth=0
DBG t=99 used=0.012 remain=0.019 turn_time=0.0114 end_in=0.0114 cand_pre=48 cand_cap=16 cand=48->16 pre=48 pick(must/bucket/top/rand)=1/6/5/4 depth0=0 depth=0 dlog=5 dper=4 sims=13468 loop=13452 gen_time=0 eval_time=0.012 best_avg=0.0379694 best_move=8,5 leader=5 inc2=1 attack_w=0.2
DBG summary depth_guard_fired=1
Score = 156860
=== CASE 0192.txt ===
DBG hdr N=10 M=2 T=100 U=4 VMAX=1748 TIME_LIMIT=1.94 MAX_CAND=20 UCB_C=0.21
DBG t=0 used=0.024 remain=1.94 turn_time=0.0236195 end_in=0.0236195 cand_pre=5 cand_cap=20 cand=5->5 pre=5 pick(must/bucket/top/rand)=1/2/2/0 depth0=7 depth=5 dlog=2 dper=0 sims=11433 loop=11428 gen_time=0 eval_time=0.024 best_avg=-2.71858 best_move=1,2 leader=1 inc2=1 attack_w=0.520853
DBG t=12 used=0.022 remain=1.665 turn_time=0.0216828 end_in=0.0216828 cand_pre=16 cand_cap=20 cand=16->16 pre=16 pick(must/bucket/top/rand)=1/3/12/0 depth0=7 depth=4 dlog=3 dper=0 sims=10200 loop=10184 gen_time=0 eval_time=0.022 best_avg=-2.44095 best_move=1,0 leader=1 inc2=1 attack_w=0.2
DBG t=24 used=0.021 remain=1.404 turn_time=0.0208106 end_in=0.0208106 cand_pre=19 cand_cap=20 cand=19->19 pre=19 pick(must/bucket/top/rand)=1/6/9/3 depth0=7 depth=3 dlog=4 dper=0 sims=12167 loop=12148 gen_time=0 eval_time=0.021 best_avg=-2.69331 best_move=3,2 leader=1 inc2=1 attack_w=0.2
DBG t=37 used=0.02 remain=1.135 turn_time=0.0197094 end_in=0.0197094 cand_pre=24 cand_cap=20 cand=24->20 pre=24 pick(must/bucket/top/rand)=1/8/7/4 depth0=10 depth=6 dlog=4 dper=0 sims=4884 loop=4864 gen_time=0 eval_time=0.02 best_avg=-2.82301 best_move=4,2 leader=1 inc2=1 attack_w=0.2
DBG t=49 used=0.02 remain=0.895 turn_time=0.0191986 end_in=0.0191986 cand_pre=24 cand_cap=20 cand=24->20 pre=24 pick(must/bucket/top/rand)=1/7/8/4 depth0=10 depth=6 dlog=4 dper=0 sims=4940 loop=4920 gen_time=0 eval_time=0.02 best_avg=-2.89121 best_move=3,0 leader=1 inc2=1 attack_w=0.2
DBG t=61 used=0.019 remain=0.665 turn_time=0.0182108 end_in=0.0182108 cand_pre=28 cand_cap=20 cand=28->20 pre=28 pick(must/bucket/top/rand)=1/8/7/4 depth0=10 depth=5 dlog=4 dper=1 sims=4912 loop=4892 gen_time=0 eval_time=0.019 best_avg=-2.80321 best_move=5,1 leader=1 inc2=1 attack_w=0.2
DBG t=74 used=0.018 remain=0.428 turn_time=0.0172599 end_in=0.0172599 cand_pre=31 cand_cap=20 cand=31->20 pre=31 pick(must/bucket/top/rand)=1/7/8/4 depth0=11 depth=6 dlog=4 dper=1 sims=3952 loop=3932 gen_time=0 eval_time=0.018 best_avg=-2.97574 best_move=3,4 leader=1 inc2=1 attack_w=0.2
DBG t=86 used=0.017 remain=0.22 turn_time=0.0162721 end_in=0.0162721 cand_pre=33 cand_cap=20 cand=33->20 pre=33 pick(must/bucket/top/rand)=1/8/7/4 depth0=11 depth=5 dlog=4 dper=2 sims=3972 loop=3952 gen_time=0 eval_time=0.017 best_avg=-2.92659 best_move=3,6 leader=1 inc2=1 attack_w=0.2
DBG depth_guard t=99 remain=0.014 cand_pre=37 depth0=0 depth=0
DBG t=99 used=0.009 remain=0.014 turn_time=0.0084 end_in=0.0084 cand_pre=37 cand_cap=14 cand=37->14 pre=37 pick(must/bucket/top/rand)=1/7/3/3 depth0=0 depth=0 dlog=5 dper=4 sims=25546 loop=25532 gen_time=0 eval_time=0.009 best_avg=-2.93612 best_move=2,0 leader=1 inc2=1 attack_w=0.2
DBG summary depth_guard_fired=1
Score = 125109
=== CASE 0196.txt ===
DBG hdr N=10 M=2 T=100 U=3 VMAX=1521 TIME_LIMIT=1.94 MAX_CAND=20 UCB_C=0.21
DBG t=0 used=0.024 remain=1.94 turn_time=0.0236195 end_in=0.0236195 cand_pre=5 cand_cap=20 cand=5->5 pre=5 pick(must/bucket/top/rand)=1/2/2/0 depth0=7 depth=5 dlog=2 dper=0 sims=11389 loop=11384 gen_time=0 eval_time=0.024 best_avg=-2.91238 best_move=7,4 leader=1 inc2=1 attack_w=0.13
DBG t=12 used=0.022 remain=1.663 turn_time=0.0217796 end_in=0.0217796 cand_pre=15 cand_cap=20 cand=15->15 pre=15 pick(must/bucket/top/rand)=1/2/12/0 depth0=7 depth=4 dlog=3 dper=0 sims=10919 loop=10904 gen_time=0 eval_time=0.022 best_avg=-2.97067 best_move=3,3 leader=1 inc2=1 attack_w=0.36262
DBG t=24 used=0.022 remain=1.401 turn_time=0.0210058 end_in=0.0210058 cand_pre=17 cand_cap=20 cand=17->17 pre=17 pick(must/bucket/top/rand)=1/3/12/1 depth0=7 depth=4 dlog=3 dper=0 sims=8925 loop=8908 gen_time=0 eval_time=0.022 best_avg=-3.06916 best_move=3,4 leader=1 inc2=1 attack_w=0.307664
DBG t=37 used=0.02 remain=1.13 turn_time=0.0197391 end_in=0.0197391 cand_pre=23 cand_cap=20 cand=23->20 pre=23 pick(must/bucket/top/rand)=1/6/9/4 depth0=10 depth=6 dlog=4 dper=0 sims=5112 loop=5092 gen_time=0 eval_time=0.02 best_avg=-2.85109 best_move=3,5 leader=1 inc2=1 attack_w=0.2
DBG t=49 used=0.019 remain=0.896 turn_time=0.0181923 end_in=0.0181923 cand_pre=33 cand_cap=20 cand=33->20 pre=33 pick(must/bucket/top/rand)=1/6/9/4 depth0=10 depth=5 dlog=4 dper=1 sims=4752 loop=4732 gen_time=0 eval_time=0.019 best_avg=-2.68572 best_move=3,4 leader=1 inc2=1 attack_w=0.2
DBG t=61 used=0.018 remain=0.676 turn_time=0.017498 end_in=0.017498 cand_pre=37 cand_cap=20 cand=37->20 pre=37 pick(must/bucket/top/rand)=1/6/9/4 depth0=10 depth=3 dlog=5 dper=2 sims=6928 loop=6908 gen_time=0 eval_time=0.018 best_avg=-2.6926 best_move=1,5 leader=1 inc2=1 attack_w=0.2
DBG t=74 used=0.017 remain=0.442 turn_time=0.01683 end_in=0.01683 cand_pre=40 cand_cap=20 cand=40->20 pre=40 pick(must/bucket/top/rand)=1/6/9/4 depth0=11 depth=4 dlog=5 dper=2 sims=5608 loop=5588 gen_time=0 eval_time=0.017 best_avg=-2.84224 best_move=0,6 leader=1 inc2=1 attack_w=0.2
DBG t=86 used=0.017 remain=0.237 turn_time=0.0168693 end_in=0.0168693 cand_pre=39 cand_cap=20 cand=39->20 pre=39 pick(must/bucket/top/rand)=1/6/9/4 depth0=11 depth=4 dlog=5 dper=2 sims=5036 loop=5016 gen_time=0 eval_time=0.017 best_avg=-2.78271 best_move=2,3 leader=1 inc2=1 attack_w=0.2
DBG depth_guard t=99 remain=0.017 cand_pre=45 depth0=0 depth=0
DBG t=99 used=0.011 remain=0.017 turn_time=0.0102 end_in=0.0102 cand_pre=45 cand_cap=14 cand=45->14 pre=42 pick(must/bucket/top/rand)=1/6/4/3 depth0=0 depth=0 dlog=5 dper=4 sims=36266 loop=36252 gen_time=0 eval_time=0.011 best_avg=-2.74682 best_move=0,5 leader=1 inc2=1 attack_w=0.2
DBG summary depth_guard_fired=1
Score = 132945
=== CASE 0193.txt ===
DBG hdr N=10 M=2 T=100 U=4 VMAX=1939 TIME_LIMIT=1.94 MAX_CAND=20 UCB_C=0.21
DBG t=0 used=0.024 remain=1.94 turn_time=0.0236195 end_in=0.0236195 cand_pre=5 cand_cap=20 cand=5->5 pre=5 pick(must/bucket/top/rand)=1/2/2/0 depth0=7 depth=5 dlog=2 dper=0 sims=10917 loop=10912 gen_time=0 eval_time=0.024 best_avg=-2.63999 best_move=5,6 leader=1 inc2=1 attack_w=0.13
DBG t=12 used=0.022 remain=1.66 turn_time=0.021863 end_in=0.021863 cand_pre=14 cand_cap=20 cand=14->14 pre=14 pick(must/bucket/top/rand)=1/4/9/0 depth0=7 depth=4 dlog=3 dper=0 sims=11182 loop=11168 gen_time=0 eval_time=0.022 best_avg=-2.77497 best_move=3,3 leader=1 inc2=1 attack_w=0.2
DBG t=24 used=0.021 remain=1.394 turn_time=0.0205432 end_in=0.0205432 cand_pre=20 cand_cap=20 cand=20->20 pre=20 pick(must/bucket/top/rand)=1/6/9/4 depth0=7 depth=3 dlog=4 dper=0 sims=12432 loop=12412 gen_time=0 eval_time=0.021 best_avg=-2.71435 best_move=3,5 leader=1 inc2=1 attack_w=0.2
DBG t=37 used=0.02 remain=1.123 turn_time=0.0197327 end_in=0.0197327 cand_pre=22 cand_cap=20 cand=22->20 pre=22 pick(must/bucket/top/rand)=1/6/9/4 depth0=10 depth=6 dlog=4 dper=0 sims=6160 loop=6140 gen_time=0 eval_time=0.02 best_avg=-2.16693 best_move=3,3 leader=1 inc2=1 attack_w=0.2
DBG t=49 used=0.02 remain=0.885 turn_time=0.0192097 end_in=0.0192097 cand_pre=22 cand_cap=20 cand=22->20 pre=22 pick(must/bucket/top/rand)=1/6/9/4 depth0=10 depth=6 dlog=4 dper=0 sims=6120 loop=6100 gen_time=0 eval_time=0.02 best_avg=-1.37221 best_move=2,4 leader=1 inc2=1 attack_w=0.2
DBG t=61 used=0.018 remain=0.658 turn_time=0.0179094 end_in=0.0179094 cand_pre=29 cand_cap=20 cand=29->20 pre=29 pick(must/bucket/top/rand)=1/4/11/4 depth0=10 depth=5 dlog=4 dper=1 sims=6100 loop=6080 gen_time=0 eval_time=0.018 best_avg=-0.773494 best_move=3,5 leader=1 inc2=1 attack_w=0.13
DBG t=74 used=0.018 remain=0.424 turn_time=0.0170986 end_in=0.0170986 cand_pre=31 cand_cap=20 cand=31->20 pre=31 pick(must/bucket/top/rand)=1/4/11/4 depth0=11 depth=6 dlog=4 dper=1 sims=5044 loop=5024 gen_time=0 eval_time=0.018 best_avg=-0.638113 best_move=3,3 leader=1 inc2=1 attack_w=0.13
DBG t=86 used=0.017 remain=0.218 turn_time=0.0163266 end_in=0.0163266 cand_pre=31 cand_cap=20 cand=31->20 pre=31 pick(must/bucket/top/rand)=1/4/11/4 depth0=11 depth=5 dlog=4 dper=2 sims=5480 loop=5460 gen_time=0 eval_time=0.017 best_avg=-0.478994 best_move=3,5 leader=1 inc2=1 attack_w=0.13
DBG depth_guard t=99 remain=0.012 cand_pre=33 depth0=0 depth=0
DBG t=99 used=0.008 remain=0.012 turn_time=0.0072 end_in=0.0072 cand_pre=33 cand_cap=12 cand=33->12 pre=33 pick(must/bucket/top/rand)=1/4/5/2 depth0=0 depth=0 dlog=4 dper=5 sims=33544 loop=33532 gen_time=0 eval_time=0.008 best_avg=-0.333125 best_move=3,3 leader=1 inc2=1 attack_w=0.13
DBG summary depth_guard_fired=1
Score = 349593
=== CASE 0195.txt ===
DBG hdr N=10 M=8 T=100 U=4 VMAX=1904 TIME_LIMIT=1.94 MAX_CAND=20 UCB_C=0.21
DBG t=0 used=0.024 remain=1.94 turn_time=0.0237456 end_in=0.0237456 cand_pre=4 cand_cap=20 cand=4->4 pre=4 pick(must/bucket/top/rand)=1/2/1/0 depth0=7 depth=6 dlog=1 dper=0 sims=3404 loop=3400 gen_time=0 eval_time=0.024 best_avg=-0.72502 best_move=1,9 leader=7 inc2=1 attack_w=0.85
DBG t=12 used=0.023 remain=1.659 turn_time=0.0223399 end_in=0.0223399 cand_pre=10 cand_cap=20 cand=10->10 pre=10 pick(must/bucket/top/rand)=1/7/2/0 depth0=7 depth=4 dlog=3 dper=0 sims=3854 loop=3844 gen_time=0 eval_time=0.023 best_avg=-0.842893 best_move=0,7 leader=4 inc2=1 attack_w=0.85
DBG t=24 used=0.02 remain=1.401 turn_time=0.0195679 end_in=0.0195679 cand_pre=29 cand_cap=20 cand=29->20 pre=29 pick(must/bucket/top/rand)=1/8/7/4 depth0=7 depth=2 dlog=4 dper=1 sims=5624 loop=5604 gen_time=0 eval_time=0.02 best_avg=-0.427798 best_move=1,3 leader=4 inc2=1 attack_w=0.695249
DBG t=37 used=0.02 remain=1.136 turn_time=0.0196095 end_in=0.0196095 cand_pre=25 cand_cap=20 cand=25->20 pre=25 pick(must/bucket/top/rand)=1/8/7/4 depth0=10 depth=6 dlog=4 dper=0 sims=1852 loop=1832 gen_time=0 eval_time=0.02 best_avg=-0.37228 best_move=1,6 leader=4 inc2=1 attack_w=0.2
DBG t=49 used=0.02 remain=0.896 turn_time=0.0199053 end_in=0.0199053 cand_pre=18 cand_cap=20 cand=18->18 pre=18 pick(must/bucket/top/rand)=1/6/9/2 depth0=10 depth=6 dlog=4 dper=0 sims=1918 loop=1900 gen_time=0 eval_time=0.02 best_avg=-0.385523 best_move=1,3 leader=2 inc2=1 attack_w=0.2
DBG t=61 used=0.02 remain=0.656 turn_time=0.0190576 end_in=0.0190576 cand_pre=18 cand_cap=20 cand=18->18 pre=18 pick(must/bucket/top/rand)=1/6/9/2 depth0=10 depth=6 dlog=4 dper=0 sims=1950 loop=1932 gen_time=0 eval_time=0.02 best_avg=-0.319064 best_move=3,3 leader=2 inc2=1 attack_w=0.2
DBG t=74 used=0.018 remain=0.408 turn_time=0.0177794 end_in=0.0177794 cand_pre=18 cand_cap=20 cand=18->18 pre=18 pick(must/bucket/top/rand)=1/5/10/2 depth0=11 depth=7 dlog=4 dper=0 sims=1454 loop=1436 gen_time=0 eval_time=0.018 best_avg=-0.414122 best_move=4,3 leader=2 inc2=1 attack_w=0.299707
DBG t=86 used=0.016 remain=0.198 turn_time=0.01584 end_in=0.01584 cand_pre=20 cand_cap=20 cand=20->20 pre=20 pick(must/bucket/top/rand)=1/4/11/4 depth0=11 depth=6 dlog=4 dper=0 sims=1524 loop=1504 gen_time=0 eval_time=0.016 best_avg=-0.454955 best_move=3,4 leader=2 inc2=1 attack_w=0.216624
DBG depth_guard t=98 remain=0.019 cand_pre=18 depth0=1 depth=0
DBG depth_guard t=99 remain=0.008 cand_pre=19 depth0=0 depth=0
DBG t=99 used=0.005 remain=0.008 turn_time=0.0048 end_in=0.0048 cand_pre=19 cand_cap=12 cand=19->12 pre=19 pick(must/bucket/top/rand)=1/3/6/2 depth0=0 depth=0 dlog=4 dper=4 sims=4452 loop=4440 gen_time=0 eval_time=0.005 best_avg=-0.527199 best_move=1,4 leader=6 inc2=1 attack_w=0.436798
DBG summary depth_guard_fired=2
Score = 94429
=== CASE 0199.txt ===
DBG hdr N=10 M=2 T=100 U=4 VMAX=1844 TIME_LIMIT=1.94 MAX_CAND=20 UCB_C=0.21
DBG t=0 used=0.024 remain=1.94 turn_time=0.0236195 end_in=0.0236195 cand_pre=5 cand_cap=20 cand=5->5 pre=5 pick(must/bucket/top/rand)=1/2/2/0 depth0=7 depth=5 dlog=2 dper=0 sims=10473 loop=10468 gen_time=0 eval_time=0.024 best_avg=-2.40976 best_move=2,6 leader=1 inc2=1 attack_w=0.13
DBG t=12 used=0.022 remain=1.661 turn_time=0.0215081 end_in=0.0215081 cand_pre=17 cand_cap=20 cand=17->17 pre=17 pick(must/bucket/top/rand)=1/8/7/1 depth0=7 depth=4 dlog=3 dper=0 sims=10537 loop=10520 gen_time=0 eval_time=0.022 best_avg=-2.32732 best_move=1,7 leader=1 inc2=1 attack_w=0.2
DBG t=24 used=0.02 remain=1.404 turn_time=0.0197299 end_in=0.0197299 cand_pre=28 cand_cap=20 cand=28->20 pre=28 pick(must/bucket/top/rand)=1/6/9/4 depth0=7 depth=2 dlog=4 dper=1 sims=13816 loop=13796 gen_time=0 eval_time=0.02 best_avg=-1.84998 best_move=3,5 leader=1 inc2=1 attack_w=0.2
DBG t=37 used=0.018 remain=1.152 turn_time=0.0175086 end_in=0.0175086 cand_pre=45 cand_cap=20 cand=45->20 pre=45 pick(must/bucket/top/rand)=1/7/8/4 depth0=10 depth=2 dlog=5 dper=3 sims=10184 loop=10164 gen_time=0 eval_time=0.018 best_avg=-1.17068 best_move=1,3 leader=1 inc2=1 attack_w=0.2
DBG t=49 used=0.02 remain=0.915 turn_time=0.0192778 end_in=0.0192778 cand_pre=27 cand_cap=20 cand=27->20 pre=27 pick(must/bucket/top/rand)=1/6/9/4 depth0=10 depth=5 dlog=4 dper=1 sims=4176 loop=4156 gen_time=0 eval_time=0.02 best_avg=-1.67811 best_move=2,7 leader=1 inc2=1 attack_w=0.2
DBG t=61 used=0.018 remain=0.703 turn_time=0.0173767 end_in=0.0173767 cand_pre=44 cand_cap=20 cand=44->20 pre=44 pick(must/bucket/top/rand)=1/8/7/4 depth0=10 depth=2 dlog=5 dper=3 sims=9640 loop=9620 gen_time=0 eval_time=0.018 best_avg=-1.33245 best_move=3,8 leader=1 inc2=1 attack_w=0.2
DBG t=74 used=0.017 remain=0.478 turn_time=0.0166473 end_in=0.0166473 cand_pre=53 cand_cap=20 cand=53->20 pre=53 pick(must/bucket/top/rand)=1/6/9/4 depth0=11 depth=3 dlog=5 dper=3 sims=5952 loop=5932 gen_time=0 eval_time=0.017 best_avg=-1.4633 best_move=2,8 leader=1 inc2=1 attack_w=0.2
DBG t=86 used=0.018 remain=0.27 turn_time=0.0172125 end_in=0.0172125 cand_pre=55 cand_cap=20 cand=55->20 pre=55 pick(must/bucket/top/rand)=1/6/9/4 depth0=11 depth=3 dlog=5 dper=3 sims=6372 loop=6352 gen_time=0 eval_time=0.018 best_avg=-1.18911 best_move=2,9 leader=1 inc2=1 attack_w=0.2
DBG t=99 used=0.017 remain=0.027 turn_time=0.0162 end_in=0.0162 cand_pre=58 cand_cap=20 cand=58->20 pre=58 pick(must/bucket/top/rand)=1/4/11/4 depth0=0 depth=0 dlog=5 dper=4 sims=63796 loop=63776 gen_time=0 eval_time=0.017 best_avg=-0.463515 best_move=2,7 leader=1 inc2=1 attack_w=0.2
DBG summary depth_guard_fired=0
Score = 338420
=== CASE 0198.txt ===
DBG hdr N=10 M=8 T=100 U=4 VMAX=1359 TIME_LIMIT=1.94 MAX_CAND=20 UCB_C=0.21
DBG t=0 used=0.024 remain=1.94 turn_time=0.0236195 end_in=0.0236195 cand_pre=5 cand_cap=20 cand=5->5 pre=5 pick(must/bucket/top/rand)=1/2/2/0 depth0=7 depth=5 dlog=2 dper=0 sims=4921 loop=4916 gen_time=0 eval_time=0.024 best_avg=-0.591862 best_move=6,7 leader=4 inc2=1 attack_w=0.85
DBG t=12 used=0.022 remain=1.66 turn_time=0.0219856 end_in=0.0219856 cand_pre=13 cand_cap=20 cand=13->13 pre=13 pick(must/bucket/top/rand)=1/4/8/0 depth0=7 depth=4 dlog=3 dper=0 sims=3025 loop=3012 gen_time=0 eval_time=0.022 best_avg=-0.66971 best_move=6,6 leader=4 inc2=1 attack_w=0.691508
DBG t=24 used=0.022 remain=1.397 turn_time=0.0210653 end_in=0.0210653 cand_pre=16 cand_cap=20 cand=16->16 pre=16 pick(must/bucket/top/rand)=1/6/9/0 depth0=7 depth=4 dlog=3 dper=0 sims=2548 loop=2532 gen_time=0 eval_time=0.022 best_avg=-0.574041 best_move=6,6 leader=5 inc2=1 attack_w=0.464236
DBG t=37 used=0.021 remain=1.12 turn_time=0.0200267 end_in=0.0200267 cand_pre=19 cand_cap=20 cand=19->19 pre=19 pick(must/bucket/top/rand)=1/6/9/3 depth0=10 depth=6 dlog=4 dper=0 sims=1635 loop=1616 gen_time=0 eval_time=0.021 best_avg=-0.475215 best_move=4,7 leader=1 inc2=1 attack_w=0.457273
DBG t=49 used=0.019 remain=0.878 turn_time=0.0189459 end_in=0.0189459 cand_pre=23 cand_cap=20 cand=23->20 pre=23 pick(must/bucket/top/rand)=1/7/8/4 depth0=10 depth=6 dlog=4 dper=0 sims=1384 loop=1364 gen_time=0 eval_time=0.019 best_avg=-0.371574 best_move=7,6 leader=1 inc2=1 attack_w=0.2
DBG t=61 used=0.018 remain=0.649 turn_time=0.0178808 end_in=0.0178808 cand_pre=27 cand_cap=20 cand=27->20 pre=27 pick(must/bucket/top/rand)=1/6/9/4 depth0=10 depth=5 dlog=4 dper=1 sims=1840 loop=1820 gen_time=0 eval_time=0.018 best_avg=-0.185819 best_move=6,6 leader=1 inc2=1 attack_w=0.2
DBG t=74 used=0.017 remain=0.412 turn_time=0.0169237 end_in=0.0169237 cand_pre=28 cand_cap=20 cand=28->20 pre=28 pick(must/bucket/top/rand)=1/4/11/4 depth0=11 depth=6 dlog=4 dper=1 sims=1520 loop=1500 gen_time=0 eval_time=0.017 best_avg=-0.180809 best_move=6,6 leader=1 inc2=1 attack_w=0.2
DBG t=86 used=0.016 remain=0.209 turn_time=0.0158467 end_in=0.0158467 cand_pre=29 cand_cap=20 cand=29->20 pre=29 pick(must/bucket/top/rand)=1/4/11/4 depth0=11 depth=5 dlog=4 dper=2 sims=1832 loop=1812 gen_time=0 eval_time=0.016 best_avg=-0.0826493 best_move=6,6 leader=1 inc2=1 attack_w=0.2
DBG depth_guard t=99 remain=0.011 cand_pre=29 depth0=0 depth=0
DBG t=99 used=0.007 remain=0.011 turn_time=0.0066 end_in=0.0066 cand_pre=29 cand_cap=12 cand=29->12 pre=29 pick(must/bucket/top/rand)=1/4/5/2 depth0=0 depth=0 dlog=4 dper=4 sims=6744 loop=6732 gen_time=0 eval_time=0.007 best_avg=0.0903685 best_move=7,9 leader=5 inc2=1 attack_w=0.2
DBG summary depth_guard_fired=1
Score = 138809
