=== CASE 0003.txt ===
DBG hdr N=10 M=4 T=100 U=5 VMAX=1503 TIME_LIMIT=1.94 MAX_CAND=20 UCB_C=0.21 OBJ=log(S0+1)-log(SA+1)
DBG t=0 used=0.024 remain=1.94 turn_time=0.0236195 end_in=0.0236195 cand_pre=5 cand_cap=20 cand=5->5 pre=5 pick(must/bucket/top/rand)=1/2/2/0 depth0=7 depth=5 dlog=2 dper=0 sims=6805 loop=6800 gen_time=0 eval_time=0.024 best_avg=-0.139933 best_move=7,4 leader=1 inc2=0 attack_w=0.13 S0=1384 SA=1274 ratio=1.08627 my_comp=1 my_front=4 leader_comp=1 comp_gain(sz/front/cut)=0/0/0
DBG t=12 used=0.023 remain=1.659 turn_time=0.0222174 end_in=0.0222174 cand_pre=11 cand_cap=20 cand=11->11 pre=11 pick(must/bucket/top/rand)=1/3/7/0 depth0=7 depth=4 dlog=3 dper=0 sims=5775 loop=5764 gen_time=0 eval_time=0.023 best_avg=0.00197762 best_move=7,5 leader=1 inc2=0 attack_w=0.238975 S0=17805 SA=17235 ratio=1.03307 my_comp=3 my_front=8 leader_comp=4 comp_gain(sz/front/cut)=0/0/0
DBG t=24 used=0.023 remain=1.395 turn_time=0.0224668 end_in=0.0224668 cand_pre=4 cand_cap=20 cand=4->4 pre=4 pick(must/bucket/top/rand)=1/2/1/0 depth0=7 depth=6 dlog=1 dper=0 sims=4032 loop=4028 gen_time=0 eval_time=0.023 best_avg=0.179107 best_move=5,8 leader=1 inc2=0 attack_w=0.2 S0=29499 SA=25454 ratio=1.15891 my_comp=1 my_front=4 leader_comp=4 comp_gain(sz/front/cut)=1/2/2
DBG t=37 used=0.02 remain=1.124 turn_time=0.0194024 end_in=0.0194024 cand_pre=25 cand_cap=20 cand=25->20 pre=25 pick(must/bucket/top/rand)=1/7/8/4 depth0=10 depth=6 dlog=4 dper=0 sims=2172 loop=2152 gen_time=0 eval_time=0.02 best_avg=0.293156 best_move=6,9 leader=1 inc2=0 attack_w=0.2 S0=40136 SA=30521 ratio=1.31502 my_comp=10 my_front=22 leader_comp=8 comp_gain(sz/front/cut)=1/1/5
DBG t=49 used=0.021 remain=0.883 turn_time=0.0201791 end_in=0.0201791 cand_pre=13 cand_cap=20 cand=13->13 pre=13 pick(must/bucket/top/rand)=1/7/5/0 depth0=10 depth=7 dlog=3 dper=0 sims=2629 loop=2616 gen_time=0 eval_time=0.021 best_avg=0.362898 best_move=6,7 leader=1 inc2=1 attack_w=0.2 S0=43492 SA=28626 ratio=1.5193 my_comp=5 my_front=11 leader_comp=3 comp_gain(sz/front/cut)=1/0/2
DBG t=61 used=0.018 remain=0.659 turn_time=0.0171678 end_in=0.0171678 cand_pre=36 cand_cap=20 cand=36->20 pre=36 pick(must/bucket/top/rand)=1/8/7/4 depth0=10 depth=3 dlog=5 dper=2 sims=2208 loop=2188 gen_time=0 eval_time=0.018 best_avg=0.47263 best_move=5,8 leader=3 inc2=1 attack_w=0.2 S0=56138 SA=34644 ratio=1.62041 my_comp=21 my_front=25 leader_comp=9 comp_gain(sz/front/cut)=0/0/0
DBG t=74 used=0.017 remain=0.435 turn_time=0.016781 end_in=0.016781 cand_pre=38 cand_cap=20 cand=38->20 pre=38 pick(must/bucket/top/rand)=1/8/7/4 depth0=11 depth=4 dlog=5 dper=2 sims=1648 loop=1628 gen_time=0 eval_time=0.017 best_avg=0.441635 best_move=5,5 leader=3 inc2=1 attack_w=0.2 S0=66523 SA=41985 ratio=1.58443 my_comp=23 my_front=26 leader_comp=10 comp_gain(sz/front/cut)=0/0/0
DBG t=86 used=0.016 remain=0.232 turn_time=0.0158671 end_in=0.0158671 cand_pre=45 cand_cap=20 cand=45->20 pre=45 pick(must/bucket/top/rand)=1/6/9/4 depth0=11 depth=3 dlog=5 dper=3 sims=1484 loop=1464 gen_time=0 eval_time=0.016 best_avg=0.449646 best_move=2,7 leader=1 inc2=1 attack_w=0.2 S0=72270 SA=44804 ratio=1.61301 my_comp=27 my_front=31 leader_comp=6 comp_gain(sz/front/cut)=0/0/0
DBG depth_guard t=99 remain=0.017 cand_pre=46 depth0=0 depth=0
DBG t=99 used=0.011 remain=0.017 turn_time=0.0102 end_in=0.0102 cand_pre=46 cand_cap=14 cand=46->14 pre=42 pick(must/bucket/top/rand)=1/6/4/3 depth0=0 depth=0 dlog=5 dper=4 sims=16226 loop=16212 gen_time=0 eval_time=0.011 best_avg=0.485173 best_move=3,5 leader=3 inc2=1 attack_w=0.2 S0=85867 SA=53101 ratio=1.61704 my_comp=28 my_front=33 leader_comp=12 comp_gain(sz/front/cut)=0/0/0
DBG summary depth_guard_fired=1
Score = 139478
=== CASE 0002.txt ===
DBG hdr N=10 M=5 T=100 U=5 VMAX=1973 TIME_LIMIT=1.94 MAX_CAND=20 UCB_C=0.21 OBJ=log(S0+1)-log(SA+1)
DBG t=0 used=0.024 remain=1.94 turn_time=0.0237456 end_in=0.0237456 cand_pre=4 cand_cap=20 cand=4->4 pre=4 pick(must/bucket/top/rand)=1/2/1/0 depth0=7 depth=6 dlog=1 dper=0 sims=4952 loop=4948 gen_time=0 eval_time=0.024 best_avg=-0.486859 best_move=2,2 leader=2 inc2=1 attack_w=0.85 S0=1018 SA=1859 ratio=0.547849 my_comp=1 my_front=4 leader_comp=1 comp_gain(sz/front/cut)=0/0/0
DBG t=12 used=0.023 remain=1.66 turn_time=0.0227212 end_in=0.0227213 cand_pre=7 cand_cap=20 cand=7->7 pre=7 pick(must/bucket/top/rand)=1/4/2/0 depth0=7 depth=5 dlog=2 dper=0 sims=4295 loop=4288 gen_time=0 eval_time=0.023 best_avg=-0.519589 best_move=4,1 leader=3 inc2=1 attack_w=0.85 S0=14739 SA=19065 ratio=0.773104 my_comp=3 my_front=5 leader_comp=7 comp_gain(sz/front/cut)=1/2/0
DBG t=24 used=0.022 remain=1.393 turn_time=0.0213624 end_in=0.0213624 cand_pre=13 cand_cap=20 cand=13->13 pre=13 pick(must/bucket/top/rand)=1/3/9/0 depth0=7 depth=4 dlog=3 dper=0 sims=3833 loop=3820 gen_time=0 eval_time=0.022 best_avg=-0.337418 best_move=5,2 leader=3 inc2=1 attack_w=0.85 S0=26673 SA=38609 ratio=0.690857 my_comp=6 my_front=11 leader_comp=9 comp_gain(sz/front/cut)=1/2/0
DBG t=37 used=0.021 remain=1.12 turn_time=0.0206044 end_in=0.0206044 cand_pre=14 cand_cap=20 cand=14->14 pre=14 pick(must/bucket/top/rand)=1/6/7/0 depth0=10 depth=7 dlog=3 dper=0 sims=2042 loop=2028 gen_time=0 eval_time=0.021 best_avg=-0.155514 best_move=6,6 leader=3 inc2=1 attack_w=0.601595 S0=41055 SA=46612 ratio=0.880784 my_comp=5 my_front=12 leader_comp=8 comp_gain(sz/front/cut)=1/2/0
DBG t=49 used=0.019 remain=0.878 turn_time=0.0180506 end_in=0.0180506 cand_pre=31 cand_cap=20 cand=31->20 pre=31 pick(must/bucket/top/rand)=1/6/9/4 depth0=10 depth=5 dlog=4 dper=1 sims=2000 loop=1980 gen_time=0 eval_time=0.019 best_avg=-0.0413099 best_move=6,5 leader=2 inc2=1 attack_w=0.422815 S0=54373 SA=57246 ratio=0.949814 my_comp=14 my_front=25 leader_comp=13 comp_gain(sz/front/cut)=0/0/0
DBG t=61 used=0.018 remain=0.658 turn_time=0.0172514 end_in=0.0172514 cand_pre=35 cand_cap=20 cand=35->20 pre=35 pick(must/bucket/top/rand)=1/7/8/4 depth0=10 depth=4 dlog=4 dper=2 sims=1692 loop=1672 gen_time=0 eval_time=0.018 best_avg=0.107942 best_move=4,3 leader=2 inc2=1 attack_w=0.2 S0=68031 SA=59957 ratio=1.13466 my_comp=16 my_front=29 leader_comp=17 comp_gain(sz/front/cut)=0/0/0
DBG t=74 used=0.017 remain=0.43 turn_time=0.0166956 end_in=0.0166956 cand_pre=37 cand_cap=20 cand=37->20 pre=37 pick(must/bucket/top/rand)=1/8/7/4 depth0=11 depth=4 dlog=5 dper=2 sims=1460 loop=1440 gen_time=0 eval_time=0.017 best_avg=-0.0143275 best_move=4,3 leader=2 inc2=1 attack_w=0.2 S0=73286 SA=68173 ratio=1.075 my_comp=18 my_front=30 leader_comp=19 comp_gain(sz/front/cut)=0/0/0
DBG t=86 used=0.02 remain=0.222 turn_time=0.0195122 end_in=0.0195122 cand_pre=3 cand_cap=20 cand=3->3 pre=3 pick(must/bucket/top/rand)=1/0/2/0 depth0=11 depth=6 dlog=1 dper=0 sims=1287 loop=1284 gen_time=0 eval_time=0.02 best_avg=-0.0731585 best_move=1,0 leader=2 inc2=1 attack_w=0.321563 S0=75989 SA=76453 ratio=0.993931 my_comp=1 my_front=2 leader_comp=20 comp_gain(sz/front/cut)=18/30/0
DBG depth_guard t=99 remain=0.015 cand_pre=39 depth0=0 depth=0
DBG t=99 used=0.01 remain=0.015 turn_time=0.009 end_in=0.009 cand_pre=39 cand_cap=14 cand=39->14 pre=39 pick(must/bucket/top/rand)=1/7/3/3 depth0=0 depth=0 dlog=5 dper=4 sims=10258 loop=10244 gen_time=0 eval_time=0.01 best_avg=-0.0615647 best_move=6,2 leader=4 inc2=1 attack_w=0.391872 S0=76562 SA=79514 ratio=0.962875 my_comp=19 my_front=32 leader_comp=13 comp_gain(sz/front/cut)=0/0/0
DBG summary depth_guard_fired=1
Score = 95936
=== CASE 0005.txt ===
DBG hdr N=10 M=5 T=100 U=4 VMAX=1648 TIME_LIMIT=1.94 MAX_CAND=20 UCB_C=0.21 OBJ=log(S0+1)-log(SA+1)
DBG t=0 used=0.024 remain=1.94 turn_time=0.0238717 end_in=0.0238717 cand_pre=3 cand_cap=20 cand=3->3 pre=3 pick(must/bucket/top/rand)=1/2/0/0 depth0=7 depth=6 dlog=1 dper=0 sims=4771 loop=4768 gen_time=0 eval_time=0.024 best_avg=-0.360497 best_move=1,9 leader=4 inc2=1 attack_w=0.85 S0=848 SA=1202 ratio=0.705736 my_comp=1 my_front=2 leader_comp=1 comp_gain(sz/front/cut)=1/1/0
DBG t=12 used=0.023 remain=1.661 turn_time=0.0223669 end_in=0.0223669 cand_pre=10 cand_cap=20 cand=10->10 pre=10 pick(must/bucket/top/rand)=1/5/4/0 depth0=7 depth=4 dlog=3 dper=0 sims=4790 loop=4780 gen_time=0 eval_time=0.023 best_avg=0.0155891 best_move=5,9 leader=4 inc2=1 attack_w=0.2 S0=17249 SA=13972 ratio=1.23452 my_comp=5 my_front=6 leader_comp=4 comp_gain(sz/front/cut)=1/1/0
DBG t=24 used=0.022 remain=1.396 turn_time=0.0215278 end_in=0.0215278 cand_pre=12 cand_cap=20 cand=12->12 pre=12 pick(must/bucket/top/rand)=1/4/7/0 depth0=7 depth=4 dlog=3 dper=0 sims=3828 loop=3816 gen_time=0 eval_time=0.022 best_avg=-0.177454 best_move=2,9 leader=4 inc2=0 attack_w=0.608327 S0=25754 SA=29320 ratio=0.878381 my_comp=6 my_front=8 leader_comp=9 comp_gain(sz/front/cut)=0/0/0
DBG t=37 used=0.021 remain=1.12 turn_time=0.0200267 end_in=0.0200267 cand_pre=19 cand_cap=20 cand=19->19 pre=19 pick(must/bucket/top/rand)=1/4/11/3 depth0=10 depth=6 dlog=4 dper=0 sims=2175 loop=2156 gen_time=0 eval_time=0.021 best_avg=-0.208749 best_move=7,7 leader=4 inc2=0 attack_w=0.518528 S0=34211 SA=37530 ratio=0.911566 my_comp=10 my_front=13 leader_comp=9 comp_gain(sz/front/cut)=1/2/0
DBG t=49 used=0.019 remain=0.884 turn_time=0.0186247 end_in=0.0186247 cand_pre=27 cand_cap=20 cand=27->20 pre=27 pick(must/bucket/top/rand)=1/4/11/4 depth0=10 depth=5 dlog=4 dper=1 sims=1944 loop=1924 gen_time=0 eval_time=0.019 best_avg=-0.112115 best_move=9,6 leader=4 inc2=0 attack_w=0.651623 S0=44394 SA=51428 ratio=0.863229 my_comp=13 my_front=20 leader_comp=12 comp_gain(sz/front/cut)=1/1/0
DBG t=61 used=0.018 remain=0.657 turn_time=0.0176632 end_in=0.0176632 cand_pre=31 cand_cap=20 cand=31->20 pre=31 pick(must/bucket/top/rand)=1/4/11/4 depth0=10 depth=5 dlog=4 dper=1 sims=1616 loop=1596 gen_time=0 eval_time=0.018 best_avg=-0.0490763 best_move=9,7 leader=4 inc2=0 attack_w=0.5034 S0=58257 SA=63502 ratio=0.917405 my_comp=16 my_front=22 leader_comp=15 comp_gain(sz/front/cut)=0/0/0
DBG t=74 used=0.017 remain=0.427 turn_time=0.0166858 end_in=0.0166858 cand_pre=36 cand_cap=20 cand=36->20 pre=36 pick(must/bucket/top/rand)=1/4/11/4 depth0=11 depth=4 dlog=5 dper=2 sims=1616 loop=1596 gen_time=0 eval_time=0.017 best_avg=0.0412469 best_move=6,6 leader=4 inc2=0 attack_w=0.337686 S0=74036 SA=75039 ratio=0.986634 my_comp=20 my_front=24 leader_comp=19 comp_gain(sz/front/cut)=0/0/0
DBG t=86 used=0.017 remain=0.216 turn_time=0.0166783 end_in=0.0166783 cand_pre=26 cand_cap=20 cand=26->20 pre=26 pick(must/bucket/top/rand)=1/6/9/4 depth0=11 depth=6 dlog=4 dper=1 sims=1164 loop=1144 gen_time=0 eval_time=0.017 best_avg=0.109441 best_move=8,9 leader=4 inc2=0 attack_w=0.248586 S0=84784 SA=82446 ratio=1.02836 my_comp=13 my_front=18 leader_comp=19 comp_gain(sz/front/cut)=1/1/0
DBG depth_guard t=99 remain=0.014 cand_pre=40 depth0=0 depth=0
DBG t=99 used=0.009 remain=0.014 turn_time=0.0084 end_in=0.0084 cand_pre=40 cand_cap=14 cand=40->14 pre=40 pick(must/bucket/top/rand)=1/6/4/3 depth0=0 depth=0 dlog=5 dper=5 sims=9958 loop=9944 gen_time=0 eval_time=0.009 best_avg=0.064411 best_move=7,9 leader=4 inc2=0 attack_w=0.2 S0=93241 SA=86886 ratio=1.07314 my_comp=23 my_front=27 leader_comp=21 comp_gain(sz/front/cut)=1/1/0
DBG summary depth_guard_fired=1
Score = 103678
=== CASE 0004.txt ===
DBG hdr N=10 M=7 T=100 U=2 VMAX=2345 TIME_LIMIT=1.94 MAX_CAND=20 UCB_C=0.21 OBJ=log(S0+1)-log(SA+1)
DBG t=0 used=0.024 remain=1.94 turn_time=0.0236195 end_in=0.0236195 cand_pre=5 cand_cap=20 cand=5->5 pre=5 pick(must/bucket/top/rand)=1/2/2/0 depth0=7 depth=5 dlog=2 dper=0 sims=4245 loop=4240 gen_time=0 eval_time=0.024 best_avg=0.0568084 best_move=6,6 leader=3 inc2=1 attack_w=0.154583 S0=1013 SA=980 ratio=1.03364 my_comp=1 my_front=4 leader_comp=1 comp_gain(sz/front/cut)=1/2/0
DBG t=12 used=0.022 remain=1.663 turn_time=0.0217796 end_in=0.0217796 cand_pre=15 cand_cap=20 cand=15->15 pre=15 pick(must/bucket/top/rand)=1/6/8/0 depth0=7 depth=4 dlog=3 dper=0 sims=2771 loop=2756 gen_time=0 eval_time=0.022 best_avg=0.00436481 best_move=6,3 leader=3 inc2=1 attack_w=0.2 S0=16808 SA=13773 ratio=1.22034 my_comp=6 my_front=10 leader_comp=6 comp_gain(sz/front/cut)=0/0/0
DBG t=24 used=0.021 remain=1.4 turn_time=0.0208711 end_in=0.0208711 cand_pre=18 cand_cap=20 cand=18->18 pre=18 pick(must/bucket/top/rand)=1/6/9/2 depth0=7 depth=3 dlog=4 dper=0 sims=3074 loop=3056 gen_time=0 eval_time=0.021 best_avg=0.022042 best_move=7,5 leader=4 inc2=1 attack_w=0.2 S0=23736 SA=19176 ratio=1.23778 my_comp=8 my_front=14 leader_comp=10 comp_gain(sz/front/cut)=0/0/0
DBG t=37 used=0.021 remain=1.12 turn_time=0.0206044 end_in=0.0206044 cand_pre=14 cand_cap=20 cand=14->14 pre=14 pick(must/bucket/top/rand)=1/6/7/0 depth0=10 depth=7 dlog=3 dper=0 sims=1458 loop=1444 gen_time=0 eval_time=0.021 best_avg=-0.116512 best_move=8,5 leader=4 inc2=1 attack_w=0.85 S0=16459 SA=23368 ratio=0.704352 my_comp=7 my_front=10 leader_comp=12 comp_gain(sz/front/cut)=0/0/0
DBG t=49 used=0.02 remain=0.872 turn_time=0.0194832 end_in=0.0194832 cand_pre=17 cand_cap=20 cand=17->17 pre=17 pick(must/bucket/top/rand)=1/4/11/1 depth0=10 depth=7 dlog=3 dper=0 sims=1349 loop=1332 gen_time=0 eval_time=0.02 best_avg=0.151673 best_move=9,2 leader=4 inc2=1 attack_w=0.284668 S0=25176 SA=24901 ratio=1.01104 my_comp=8 my_front=12 leader_comp=12 comp_gain(sz/front/cut)=1/1/0
DBG t=61 used=0.018 remain=0.632 turn_time=0.0179391 end_in=0.0179391 cand_pre=22 cand_cap=20 cand=22->20 pre=22 pick(must/bucket/top/rand)=1/6/9/4 depth0=10 depth=6 dlog=4 dper=0 sims=1408 loop=1388 gen_time=0 eval_time=0.018 best_avg=0.268514 best_move=9,0 leader=1 inc2=1 attack_w=0.2 S0=34398 SA=24729 ratio=1.39098 my_comp=11 my_front=16 leader_comp=20 comp_gain(sz/front/cut)=1/0/0
DBG t=74 used=0.017 remain=0.405 turn_time=0.0167374 end_in=0.0167374 cand_pre=27 cand_cap=20 cand=27->20 pre=27 pick(must/bucket/top/rand)=1/8/7/4 depth0=11 depth=6 dlog=4 dper=1 sims=1312 loop=1292 gen_time=0 eval_time=0.017 best_avg=0.467403 best_move=7,1 leader=1 inc2=1 attack_w=0.2 S0=45326 SA=28620 ratio=1.5837 my_comp=16 my_front=19 leader_comp=24 comp_gain(sz/front/cut)=0/0/0
DBG t=86 used=0.016 remain=0.206 turn_time=0.0154279 end_in=0.0154279 cand_pre=31 cand_cap=20 cand=31->20 pre=31 pick(must/bucket/top/rand)=1/8/7/4 depth0=11 depth=5 dlog=4 dper=2 sims=1288 loop=1268 gen_time=0 eval_time=0.016 best_avg=0.53218 best_move=7,1 leader=1 inc2=1 attack_w=0.2 S0=49542 SA=27852 ratio=1.77873 my_comp=19 my_front=22 leader_comp=26 comp_gain(sz/front/cut)=0/0/0
DBG depth_guard t=99 remain=0.011 cand_pre=34 depth0=0 depth=0
DBG t=99 used=0.007 remain=0.011 turn_time=0.0066 end_in=0.0066 cand_pre=34 cand_cap=12 cand=34->12 pre=34 pick(must/bucket/top/rand)=1/8/1/2 depth0=0 depth=0 dlog=4 dper=5 sims=11900 loop=11888 gen_time=0 eval_time=0.007 best_avg=0.543126 best_move=7,1 leader=4 inc2=1 attack_w=0.2 S0=47541 SA=27642 ratio=1.71986 my_comp=19 my_front=27 leader_comp=16 comp_gain(sz/front/cut)=0/0/0
DBG summary depth_guard_fired=1
Score = 151042
=== CASE 0001.txt ===
DBG hdr N=10 M=5 T=100 U=4 VMAX=1609 TIME_LIMIT=1.94 MAX_CAND=20 UCB_C=0.21 OBJ=log(S0+1)-log(SA+1)
DBG t=0 used=0.024 remain=1.94 turn_time=0.0236195 end_in=0.0236195 cand_pre=5 cand_cap=20 cand=5->5 pre=5 pick(must/bucket/top/rand)=1/2/2/0 depth0=7 depth=5 dlog=2 dper=0 sims=5609 loop=5604 gen_time=0 eval_time=0.024 best_avg=0.0249374 best_move=3,3 leader=4 inc2=1 attack_w=0.13 S0=1247 SA=1041 ratio=1.1977 my_comp=1 my_front=4 leader_comp=1 comp_gain(sz/front/cut)=0/0/0
DBG t=12 used=0.023 remain=1.661 turn_time=0.0224896 end_in=0.0224896 cand_pre=9 cand_cap=20 cand=9->9 pre=9 pick(must/bucket/top/rand)=1/7/1/0 depth0=7 depth=4 dlog=3 dper=0 sims=4649 loop=4640 gen_time=0 eval_time=0.023 best_avg=0.0503164 best_move=5,2 leader=3 inc2=1 attack_w=0.2 S0=15603 SA=12241 ratio=1.27463 my_comp=3 my_front=8 leader_comp=4 comp_gain(sz/front/cut)=4/8/0
DBG t=24 used=0.021 remain=1.402 turn_time=0.0206611 end_in=0.0206611 cand_pre=20 cand_cap=20 cand=20->20 pre=20 pick(must/bucket/top/rand)=1/8/7/4 depth0=7 depth=3 dlog=4 dper=0 sims=3736 loop=3716 gen_time=0 eval_time=0.021 best_avg=0.239801 best_move=3,2 leader=3 inc2=1 attack_w=0.2 S0=29559 SA=22728 ratio=1.30054 my_comp=8 my_front=16 leader_comp=6 comp_gain(sz/front/cut)=0/0/0
DBG t=37 used=0.019 remain=1.14 turn_time=0.0185024 end_in=0.0185024 cand_pre=35 cand_cap=20 cand=35->20 pre=35 pick(must/bucket/top/rand)=1/8/7/4 depth0=10 depth=4 dlog=4 dper=2 sims=1956 loop=1936 gen_time=0 eval_time=0.019 best_avg=0.430634 best_move=7,1 leader=3 inc2=1 attack_w=0.2 S0=42115 SA=25968 ratio=1.62178 my_comp=16 my_front=26 leader_comp=7 comp_gain(sz/front/cut)=1/2/0
DBG t=49 used=0.019 remain=0.92 turn_time=0.0183278 end_in=0.0183278 cand_pre=36 cand_cap=20 cand=36->20 pre=36 pick(must/bucket/top/rand)=1/6/9/4 depth0=10 depth=3 dlog=5 dper=2 sims=2416 loop=2396 gen_time=0 eval_time=0.019 best_avg=0.490618 best_move=6,3 leader=3 inc2=1 attack_w=0.2 S0=46329 SA=28682 ratio=1.61524 my_comp=17 my_front=28 leader_comp=8 comp_gain(sz/front/cut)=0/0/0
DBG t=61 used=0.018 remain=0.691 turn_time=0.0175408 end_in=0.0175408 cand_pre=40 cand_cap=20 cand=40->20 pre=40 pick(must/bucket/top/rand)=1/8/7/4 depth0=10 depth=3 dlog=5 dper=2 sims=2412 loop=2392 gen_time=0 eval_time=0.018 best_avg=0.155208 best_move=5,7 leader=1 inc2=1 attack_w=0.2 S0=42083 SA=33478 ratio=1.25703 my_comp=19 my_front=39 leader_comp=2 comp_gain(sz/front/cut)=1/2/0
DBG t=74 used=0.02 remain=0.441 turn_time=0.0191072 end_in=0.0191072 cand_pre=19 cand_cap=20 cand=19->19 pre=19 pick(must/bucket/top/rand)=1/7/8/3 depth0=11 depth=7 dlog=4 dper=0 sims=1675 loop=1656 gen_time=0 eval_time=0.02 best_avg=-0.316847 best_move=4,3 leader=1 inc2=1 attack_w=0.621179 S0=36615 SA=41902 ratio=0.873828 my_comp=7 my_front=15 leader_comp=6 comp_gain(sz/front/cut)=0/0/0
DBG t=86 used=0.017 remain=0.215 turn_time=0.0167009 end_in=0.0167009 cand_pre=25 cand_cap=20 cand=25->20 pre=25 pick(must/bucket/top/rand)=1/6/9/4 depth0=11 depth=6 dlog=4 dper=1 sims=1452 loop=1432 gen_time=0 eval_time=0.017 best_avg=-0.326064 best_move=7,3 leader=1 inc2=1 attack_w=0.85 S0=36738 SA=52591 ratio=0.698566 my_comp=12 my_front=18 leader_comp=10 comp_gain(sz/front/cut)=0/0/0
DBG depth_guard t=99 remain=0.01 cand_pre=26 depth0=0 depth=0
DBG t=99 used=0.007 remain=0.01 turn_time=0.006 end_in=0.006 cand_pre=26 cand_cap=12 cand=26->12 pre=26 pick(must/bucket/top/rand)=1/6/3/2 depth0=0 depth=0 dlog=4 dper=4 sims=6912 loop=6900 gen_time=0 eval_time=0.007 best_avg=-0.295638 best_move=3,2 leader=1 inc2=1 attack_w=0.85 S0=44377 SA=59802 ratio=0.74207 my_comp=12 my_front=21 leader_comp=26 comp_gain(sz/front/cut)=0/0/0
DBG summary depth_guard_fired=1
Score = 80288
=== CASE 0000.txt ===
DBG hdr N=10 M=4 T=100 U=2 VMAX=1656 TIME_LIMIT=1.94 MAX_CAND=20 UCB_C=0.21 OBJ=log(S0+1)-log(SA+1)
DBG t=0 used=0.024 remain=1.94 turn_time=0.0236195 end_in=0.0236195 cand_pre=5 cand_cap=20 cand=5->5 pre=5 pick(must/bucket/top/rand)=1/2/2/0 depth0=7 depth=5 dlog=2 dper=0 sims=6357 loop=6352 gen_time=0 eval_time=0.024 best_avg=-0.220165 best_move=8,3 leader=1 inc2=1 attack_w=0.838007 S0=1083 SA=1348 ratio=0.803558 my_comp=1 my_front=4 leader_comp=1 comp_gain(sz/front/cut)=0/0/0
DBG t=12 used=0.022 remain=1.664 turn_time=0.021424 end_in=0.021424 cand_pre=18 cand_cap=20 cand=18->18 pre=18 pick(must/bucket/top/rand)=1/6/9/2 depth0=7 depth=3 dlog=4 dper=0 sims=5138 loop=5120 gen_time=0 eval_time=0.022 best_avg=-0.215613 best_move=8,4 leader=3 inc2=1 attack_w=0.374141 S0=14782 SA=15231 ratio=0.970523 my_comp=8 my_front=14 leader_comp=7 comp_gain(sz/front/cut)=0/0/0
DBG t=24 used=0.02 remain=1.408 turn_time=0.0195453 end_in=0.0195453 cand_pre=30 cand_cap=20 cand=30->20 pre=30 pick(must/bucket/top/rand)=1/7/8/4 depth0=7 depth=2 dlog=4 dper=1 sims=4100 loop=4080 gen_time=0 eval_time=0.02 best_avg=-0.266 best_move=6,2 leader=3 inc2=1 attack_w=0.85 S0=20542 SA=30445 ratio=0.674736 my_comp=13 my_front=22 leader_comp=14 comp_gain(sz/front/cut)=0/0/0
DBG t=37 used=0.022 remain=1.138 turn_time=0.021053 end_in=0.021053 cand_pre=13 cand_cap=20 cand=13->13 pre=13 pick(must/bucket/top/rand)=1/6/6/0 depth0=10 depth=7 dlog=3 dper=0 sims=2065 loop=2052 gen_time=0 eval_time=0.022 best_avg=-0.331492 best_move=4,1 leader=1 inc2=1 attack_w=0.85 S0=25463 SA=33540 ratio=0.75919 my_comp=6 my_front=8 leader_comp=12 comp_gain(sz/front/cut)=1/2/0
DBG t=49 used=0.021 remain=0.885 turn_time=0.0201121 end_in=0.0201121 cand_pre=14 cand_cap=20 cand=14->14 pre=14 pick(must/bucket/top/rand)=1/5/8/0 depth0=10 depth=7 dlog=3 dper=0 sims=2086 loop=2072 gen_time=0 eval_time=0.021 best_avg=-0.301241 best_move=6,0 leader=1 inc2=1 attack_w=0.85 S0=29682 SA=38814 ratio=0.76473 my_comp=8 my_front=11 leader_comp=14 comp_gain(sz/front/cut)=0/0/0
DBG t=61 used=0.02 remain=0.642 turn_time=0.0192929 end_in=0.0192929 cand_pre=12 cand_cap=20 cand=12->12 pre=12 pick(must/bucket/top/rand)=1/5/6/0 depth0=10 depth=7 dlog=3 dper=0 sims=2064 loop=2052 gen_time=0 eval_time=0.02 best_avg=-0.539937 best_move=0,1 leader=1 inc2=1 attack_w=0.85 S0=22665 SA=39933 ratio=0.567587 my_comp=7 my_front=8 leader_comp=15 comp_gain(sz/front/cut)=1/1/0
DBG t=74 used=0.018 remain=0.394 turn_time=0.0178588 end_in=0.0178588 cand_pre=11 cand_cap=20 cand=11->11 pre=11 pick(must/bucket/top/rand)=1/6/4/0 depth0=11 depth=8 dlog=3 dper=0 sims=1463 loop=1452 gen_time=0 eval_time=0.018 best_avg=-0.496835 best_move=8,0 leader=3 inc2=1 attack_w=0.85 S0=22296 SA=39497 ratio=0.56451 my_comp=5 my_front=8 leader_comp=22 comp_gain(sz/front/cut)=0/0/0
DBG t=86 used=0.016 remain=0.185 turn_time=0.0154871 end_in=0.0154871 cand_pre=12 cand_cap=20 cand=12->12 pre=12 pick(must/bucket/top/rand)=1/4/7/0 depth0=11 depth=6 dlog=3 dper=0 sims=1752 loop=1740 gen_time=0 eval_time=0.016 best_avg=-0.791521 best_move=9,0 leader=3 inc2=1 attack_w=0.85 S0=20291 SA=47074 ratio=0.431057 my_comp=6 my_front=9 leader_comp=25 comp_gain(sz/front/cut)=1/0/0
DBG depth_guard t=98 remain=0.017 cand_pre=16 depth0=1 depth=0
DBG depth_guard t=99 remain=0.007 cand_pre=16 depth0=0 depth=0
DBG t=99 used=0.005 remain=0.007 turn_time=0.0042 end_in=0.0042 cand_pre=16 cand_cap=12 cand=16->12 pre=16 pick(must/bucket/top/rand)=1/5/4/2 depth0=0 depth=0 dlog=3 dper=4 sims=6744 loop=6732 gen_time=0 eval_time=0.005 best_avg=-0.513625 best_move=2,0 leader=3 inc2=1 attack_w=0.85 S0=28028 SA=47197 ratio=0.59386 my_comp=9 my_front=11 leader_comp=27 comp_gain(sz/front/cut)=0/0/0
DBG summary depth_guard_fired=2
Score = 70006
=== CASE 0006.txt ===
DBG hdr N=10 M=2 T=100 U=1 VMAX=1434 TIME_LIMIT=1.94 MAX_CAND=20 UCB_C=0.21 OBJ=log(S0+1)-log(SA+1)
DBG t=0 used=0.024 remain=1.94 turn_time=0.0237456 end_in=0.0237456 cand_pre=4 cand_cap=20 cand=4->4 pre=4 pick(must/bucket/top/rand)=1/2/1/0 depth0=7 depth=6 dlog=1 dper=0 sims=6852 loop=6848 gen_time=0 eval_time=0.024 best_avg=-0.0376309 best_move=3,0 leader=1 inc2=1 attack_w=0.85 S0=594 SA=994 ratio=0.59799 my_comp=1 my_front=3 leader_comp=1 comp_gain(sz/front/cut)=1/1/0
DBG t=12 used=0.02 remain=1.67 turn_time=0.0198977 end_in=0.0198977 cand_pre=31 cand_cap=20 cand=31->20 pre=31 pick(must/bucket/top/rand)=1/3/12/4 depth0=7 depth=2 dlog=4 dper=1 sims=3824 loop=3804 gen_time=0 eval_time=0.02 best_avg=0.603406 best_move=5,6 leader=1 inc2=1 attack_w=0.2 S0=14837 SA=10463 ratio=1.418 my_comp=13 my_front=24 leader_comp=9 comp_gain(sz/front/cut)=1/2/1
DBG t=24 used=0.021 remain=1.409 turn_time=0.0206437 end_in=0.0206437 cand_pre=21 cand_cap=20 cand=21->20 pre=21 pick(must/bucket/top/rand)=1/5/10/4 depth0=7 depth=3 dlog=4 dper=0 sims=4796 loop=4776 gen_time=0 eval_time=0.021 best_avg=0.77553 best_move=1,9 leader=1 inc2=1 attack_w=0.2 S0=22427 SA=11569 ratio=1.93846 my_comp=7 my_front=16 leader_comp=3 comp_gain(sz/front/cut)=1/1/0
DBG t=37 used=0.015 remain=1.178 turn_time=0.0149868 end_in=0.0149868 cand_pre=69 cand_cap=14 cand=69->14 pre=42 pick(must/bucket/top/rand)=1/6/4/3 depth0=10 depth=0 dlog=5 dper=5 sims=51966 loop=51952 gen_time=0 eval_time=0.015 best_avg=1.49951 best_move=8,5 leader=1 inc2=1 attack_w=0.2 S0=37232 SA=8479 ratio=4.39068 my_comp=32 my_front=52 leader_comp=6 comp_gain(sz/front/cut)=1/2/4
DBG t=49 used=0.015 remain=0.932 turn_time=0.0140531 end_in=0.0140531 cand_pre=74 cand_cap=14 cand=74->14 pre=42 pick(must/bucket/top/rand)=1/6/4/3 depth0=10 depth=0 dlog=6 dper=5 sims=25998 loop=25984 gen_time=0 eval_time=0.015 best_avg=1.46113 best_move=9,3 leader=1 inc2=1 attack_w=0.2 S0=40902 SA=9749 ratio=4.19518 my_comp=36 my_front=59 leader_comp=3 comp_gain(sz/front/cut)=1/1/0
DBG t=61 used=0.02 remain=0.708 turn_time=0.0199783 end_in=0.0199783 cand_pre=23 cand_cap=20 cand=23->20 pre=23 pick(must/bucket/top/rand)=1/6/9/4 depth0=10 depth=6 dlog=4 dper=0 sims=1440 loop=1420 gen_time=0 eval_time=0.02 best_avg=1.22555 best_move=6,4 leader=1 inc2=1 attack_w=0.2 S0=45738 SA=9430 ratio=4.84986 my_comp=11 my_front=18 leader_comp=2 comp_gain(sz/front/cut)=30/44/0
DBG t=74 used=0.022 remain=0.476 turn_time=0.0216946 end_in=0.0216946 cand_pre=10 cand_cap=20 cand=10->10 pre=10 pick(must/bucket/top/rand)=1/5/4/0 depth0=11 depth=8 dlog=3 dper=0 sims=2202 loop=2192 gen_time=0 eval_time=0.022 best_avg=1.28117 best_move=2,6 leader=1 inc2=1 attack_w=0.2 S0=48589 SA=8835 ratio=5.49909 my_comp=3 my_front=8 leader_comp=2 comp_gain(sz/front/cut)=1/2/0
DBG t=86 used=0.015 remain=0.273 turn_time=0.0146152 end_in=0.0146153 cand_pre=77 cand_cap=14 cand=77->14 pre=42 pick(must/bucket/top/rand)=1/6/4/3 depth0=11 depth=0 dlog=6 dper=5 sims=54798 loop=54784 gen_time=0 eval_time=0.015 best_avg=2.11605 best_move=2,6 leader=1 inc2=1 attack_w=0.2 S0=51399 SA=6025 ratio=8.5297 my_comp=42 my_front=57 leader_comp=5 comp_gain(sz/front/cut)=1/2/1
DBG t=99 used=0.026 remain=0.042 turn_time=0.0252 end_in=0.0252 cand_pre=77 cand_cap=14 cand=77->14 pre=42 pick(must/bucket/top/rand)=1/5/5/3 depth0=0 depth=0 dlog=6 dper=3 sims=114358 loop=114344 gen_time=0 eval_time=0.026 best_avg=2.32766 best_move=2,8 leader=1 inc2=1 attack_w=0.2 S0=52273 SA=5151 ratio=10.1464 my_comp=42 my_front=57 leader_comp=1 comp_gain(sz/front/cut)=4/7/0
DBG summary depth_guard_fired=0
Score = 346396
=== CASE 0008.txt ===
DBG hdr N=10 M=4 T=100 U=2 VMAX=1885 TIME_LIMIT=1.94 MAX_CAND=20 UCB_C=0.21 OBJ=log(S0+1)-log(SA+1)
DBG t=0 used=0.024 remain=1.94 turn_time=0.0236195 end_in=0.0236195 cand_pre=5 cand_cap=20 cand=5->5 pre=5 pick(must/bucket/top/rand)=1/2/2/0 depth0=7 depth=5 dlog=2 dper=0 sims=5957 loop=5952 gen_time=0 eval_time=0.024 best_avg=-0.132269 best_move=8,6 leader=3 inc2=0 attack_w=0.13 S0=1288 SA=934 ratio=1.37861 my_comp=1 my_front=4 leader_comp=1 comp_gain(sz/front/cut)=1/2/0
DBG t=12 used=0.022 remain=1.667 turn_time=0.0212164 end_in=0.0212164 cand_pre=20 cand_cap=20 cand=20->20 pre=20 pick(must/bucket/top/rand)=1/4/11/4 depth0=7 depth=3 dlog=4 dper=0 sims=3640 loop=3620 gen_time=0 eval_time=0.022 best_avg=0.13555 best_move=4,9 leader=3 inc2=1 attack_w=0.2 S0=18487 SA=16770 ratio=1.10238 my_comp=9 my_front=18 leader_comp=10 comp_gain(sz/front/cut)=1/1/0
DBG t=24 used=0.021 remain=1.413 turn_time=0.0200981 end_in=0.0200981 cand_pre=26 cand_cap=20 cand=26->20 pre=26 pick(must/bucket/top/rand)=1/6/9/4 depth0=7 depth=3 dlog=4 dper=0 sims=2644 loop=2624 gen_time=0 eval_time=0.021 best_avg=0.315628 best_move=4,7 leader=3 inc2=1 attack_w=0.2 S0=31931 SA=23488 ratio=1.35944 my_comp=13 my_front=21 leader_comp=15 comp_gain(sz/front/cut)=1/2/1
DBG t=37 used=0.019 remain=1.154 turn_time=0.0186105 end_in=0.0186105 cand_pre=36 cand_cap=20 cand=36->20 pre=36 pick(must/bucket/top/rand)=1/4/11/4 depth0=10 depth=3 dlog=5 dper=2 sims=2344 loop=2324 gen_time=0 eval_time=0.019 best_avg=0.618019 best_move=4,5 leader=1 inc2=0 attack_w=0.2 S0=43028 SA=24594 ratio=1.7495 my_comp=18 my_front=30 leader_comp=12 comp_gain(sz/front/cut)=0/0/0
DBG t=49 used=0.018 remain=0.928 turn_time=0.0171862 end_in=0.0171862 cand_pre=47 cand_cap=20 cand=47->20 pre=47 pick(must/bucket/top/rand)=1/7/8/4 depth0=10 depth=2 dlog=5 dper=3 sims=1532 loop=1512 gen_time=0 eval_time=0.018 best_avg=0.782644 best_move=1,9 leader=1 inc2=1 attack_w=0.2 S0=53151 SA=24663 ratio=2.15504 my_comp=23 my_front=36 leader_comp=12 comp_gain(sz/front/cut)=1/1/0
DBG t=61 used=0.017 remain=0.72 turn_time=0.0167169 end_in=0.0167169 cand_pre=53 cand_cap=20 cand=53->20 pre=53 pick(must/bucket/top/rand)=1/6/9/4 depth0=10 depth=2 dlog=5 dper=3 sims=1764 loop=1744 gen_time=0 eval_time=0.017 best_avg=0.825602 best_move=6,9 leader=1 inc2=0 attack_w=0.2 S0=64890 SA=28825 ratio=2.25113 my_comp=28 my_front=40 leader_comp=15 comp_gain(sz/front/cut)=0/0/0
DBG t=74 used=0.017 remain=0.498 turn_time=0.0168458 end_in=0.0168458 cand_pre=57 cand_cap=20 cand=57->20 pre=57 pick(must/bucket/top/rand)=1/6/9/4 depth0=11 depth=2 dlog=5 dper=4 sims=1428 loop=1408 gen_time=0 eval_time=0.017 best_avg=0.515861 best_move=4,4 leader=1 inc2=0 attack_w=0.2 S0=72458 SA=41246 ratio=1.75671 my_comp=31 my_front=43 leader_comp=19 comp_gain(sz/front/cut)=0/0/0
DBG t=86 used=0.018 remain=0.29 turn_time=0.0179489 end_in=0.0179489 cand_pre=59 cand_cap=20 cand=59->20 pre=59 pick(must/bucket/top/rand)=1/6/9/4 depth0=11 depth=3 dlog=5 dper=3 sims=1284 loop=1264 gen_time=0 eval_time=0.018 best_avg=0.542522 best_move=1,8 leader=1 inc2=0 attack_w=0.2 S0=79137 SA=46449 ratio=1.70372 my_comp=35 my_front=48 leader_comp=21 comp_gain(sz/front/cut)=0/0/0
DBG t=99 used=0.02 remain=0.032 turn_time=0.0192 end_in=0.0192 cand_pre=67 cand_cap=14 cand=67->14 pre=42 pick(must/bucket/top/rand)=1/7/3/3 depth0=0 depth=0 dlog=5 dper=4 sims=28214 loop=28200 gen_time=0 eval_time=0.02 best_avg=0.73454 best_move=9,2 leader=1 inc2=0 attack_w=0.2 S0=81423 SA=39629 ratio=2.05461 my_comp=37 my_front=52 leader_comp=17 comp_gain(sz/front/cut)=0/0/0
DBG summary depth_guard_fired=0
Score = 161560
=== CASE 0010.txt ===
DBG hdr N=10 M=3 T=100 U=3 VMAX=1484 TIME_LIMIT=1.94 MAX_CAND=20 UCB_C=0.21 OBJ=log(S0+1)-log(SA+1)
DBG t=0 used=0.024 remain=1.94 turn_time=0.0236195 end_in=0.0236195 cand_pre=5 cand_cap=20 cand=5->5 pre=5 pick(must/bucket/top/rand)=1/2/2/0 depth0=7 depth=5 dlog=2 dper=0 sims=6533 loop=6528 gen_time=0 eval_time=0.024 best_avg=-0.148404 best_move=3,6 leader=1 inc2=1 attack_w=0.85 S0=766 SA=1484 ratio=0.516498 my_comp=1 my_front=4 leader_comp=1 comp_gain(sz/front/cut)=1/2/0
DBG t=12 used=0.021 remain=1.668 turn_time=0.0208595 end_in=0.0208595 cand_pre=23 cand_cap=20 cand=23->20 pre=23 pick(must/bucket/top/rand)=1/7/8/4 depth0=7 depth=3 dlog=4 dper=0 sims=3756 loop=3736 gen_time=0 eval_time=0.021 best_avg=0.051667 best_move=3,8 leader=1 inc2=1 attack_w=0.264924 S0=14324 SA=14037 ratio=1.02044 my_comp=9 my_front=20 leader_comp=11 comp_gain(sz/front/cut)=1/2/1
DBG t=24 used=0.02 remain=1.416 turn_time=0.0197774 end_in=0.0197774 cand_pre=29 cand_cap=20 cand=29->20 pre=29 pick(must/bucket/top/rand)=1/8/7/4 depth0=7 depth=2 dlog=4 dper=1 sims=4200 loop=4180 gen_time=0 eval_time=0.02 best_avg=0.0114814 best_move=3,3 leader=1 inc2=1 attack_w=0.2 S0=21639 SA=20070 ratio=1.07817 my_comp=13 my_front=24 leader_comp=14 comp_gain(sz/front/cut)=0/0/0
DBG t=37 used=0.019 remain=1.16 turn_time=0.0181089 end_in=0.0181089 cand_pre=41 cand_cap=20 cand=41->20 pre=41 pick(must/bucket/top/rand)=1/8/7/4 depth0=10 depth=3 dlog=5 dper=2 sims=2476 loop=2456 gen_time=0 eval_time=0.019 best_avg=0.111973 best_move=5,3 leader=1 inc2=1 attack_w=0.2 S0=30668 SA=27383 ratio=1.11996 my_comp=20 my_front=35 leader_comp=4 comp_gain(sz/front/cut)=0/0/0
DBG t=49 used=0.018 remain=0.942 turn_time=0.0170853 end_in=0.0170853 cand_pre=50 cand_cap=20 cand=50->20 pre=50 pick(must/bucket/top/rand)=1/8/7/4 depth0=10 depth=2 dlog=5 dper=3 sims=1116 loop=1096 gen_time=0 eval_time=0.018 best_avg=0.150757 best_move=9,8 leader=2 inc2=1 attack_w=0.2 S0=38146 SA=31527 ratio=1.20994 my_comp=26 my_front=45 leader_comp=6 comp_gain(sz/front/cut)=1/1/0
DBG t=61 used=0.017 remain=0.732 turn_time=0.0162635 end_in=0.0162635 cand_pre=59 cand_cap=20 cand=59->20 pre=59 pick(must/bucket/top/rand)=1/8/7/4 depth0=10 depth=1 dlog=5 dper=4 sims=1836 loop=1816 gen_time=0 eval_time=0.017 best_avg=0.183188 best_move=2,5 leader=1 inc2=1 attack_w=0.2 S0=42750 SA=35246 ratio=1.2129 my_comp=33 my_front=50 leader_comp=20 comp_gain(sz/front/cut)=1/0/1
DBG t=74 used=0.017 remain=0.502 turn_time=0.0161026 end_in=0.0161026 cand_pre=64 cand_cap=14 cand=64->14 pre=42 pick(must/bucket/top/rand)=1/8/2/3 depth0=11 depth=2 dlog=5 dper=4 sims=1522 loop=1508 gen_time=0 eval_time=0.017 best_avg=0.0844782 best_move=1,2 leader=1 inc2=1 attack_w=0.2 S0=45726 SA=41333 ratio=1.10628 my_comp=37 my_front=53 leader_comp=15 comp_gain(sz/front/cut)=1/0/1
DBG t=86 used=0.019 remain=0.294 turn_time=0.0184695 end_in=0.0184695 cand_pre=57 cand_cap=20 cand=57->20 pre=57 pick(must/bucket/top/rand)=1/8/7/4 depth0=11 depth=3 dlog=5 dper=3 sims=1480 loop=1460 gen_time=0 eval_time=0.019 best_avg=0.0650337 best_move=3,4 leader=2 inc2=1 attack_w=0.2 S0=50343 SA=46239 ratio=1.08875 my_comp=33 my_front=48 leader_comp=15 comp_gain(sz/front/cut)=1/-2/0
DBG t=99 used=0.015 remain=0.024 turn_time=0.0144 end_in=0.0144 cand_pre=45 cand_cap=20 cand=45->20 pre=45 pick(must/bucket/top/rand)=1/8/7/4 depth0=0 depth=0 dlog=5 dper=3 sims=21140 loop=21120 gen_time=0 eval_time=0.015 best_avg=-0.00766134 best_move=2,8 leader=1 inc2=1 attack_w=0.320079 S0=51651 SA=51931 ratio=0.994608 my_comp=26 my_front=36 leader_comp=26 comp_gain(sz/front/cut)=1/2/1
DBG summary depth_guard_fired=0
Score = 98762
=== CASE 0011.txt ===
DBG hdr N=10 M=4 T=100 U=3 VMAX=1057 TIME_LIMIT=1.94 MAX_CAND=20 UCB_C=0.21 OBJ=log(S0+1)-log(SA+1)
DBG t=0 used=0.024 remain=1.94 turn_time=0.0237456 end_in=0.0237456 cand_pre=4 cand_cap=20 cand=4->4 pre=4 pick(must/bucket/top/rand)=1/2/1/0 depth0=7 depth=6 dlog=1 dper=0 sims=4640 loop=4636 gen_time=0 eval_time=0.024 best_avg=-0.01989 best_move=1,0 leader=1 inc2=1 attack_w=0.16653 S0=1038 SA=1013 ratio=1.02465 my_comp=1 my_front=3 leader_comp=1 comp_gain(sz/front/cut)=0/0/0
DBG t=12 used=0.022 remain=1.659 turn_time=0.0219723 end_in=0.0219723 cand_pre=13 cand_cap=20 cand=13->13 pre=13 pick(must/bucket/top/rand)=1/2/10/0 depth0=7 depth=4 dlog=3 dper=0 sims=3513 loop=3500 gen_time=0 eval_time=0.022 best_avg=0.00590208 best_move=3,0 leader=2 inc2=1 attack_w=0.297959 S0=13365 SA=13301 ratio=1.00481 my_comp=6 my_front=10 leader_comp=11 comp_gain(sz/front/cut)=0/0/0
DBG t=24 used=0.02 remain=1.399 turn_time=0.0198989 end_in=0.0198989 cand_pre=26 cand_cap=20 cand=26->20 pre=26 pick(must/bucket/top/rand)=1/6/9/4 depth0=7 depth=3 dlog=4 dper=0 sims=2884 loop=2864 gen_time=0 eval_time=0.02 best_avg=0.185969 best_move=1,4 leader=1 inc2=1 attack_w=0.2 S0=25405 SA=22399 ratio=1.1342 my_comp=13 my_front=20 leader_comp=18 comp_gain(sz/front/cut)=1/2/0
DBG t=37 used=0.019 remain=1.145 turn_time=0.0187017 end_in=0.0187017 cand_pre=34 cand_cap=20 cand=34->20 pre=34 pick(must/bucket/top/rand)=1/8/7/4 depth0=10 depth=5 dlog=4 dper=1 sims=1668 loop=1648 gen_time=0 eval_time=0.019 best_avg=0.388791 best_move=7,0 leader=1 inc2=1 attack_w=0.2 S0=37491 SA=26273 ratio=1.42696 my_comp=19 my_front=28 leader_comp=14 comp_gain(sz/front/cut)=1/1/0
DBG t=49 used=0.018 remain=0.923 turn_time=0.0179171 end_in=0.0179171 cand_pre=40 cand_cap=20 cand=40->20 pre=40 pick(must/bucket/top/rand)=1/4/11/4 depth0=10 depth=3 dlog=5 dper=2 sims=1808 loop=1788 gen_time=0 eval_time=0.018 best_avg=0.345075 best_move=6,1 leader=3 inc2=0 attack_w=0.2 S0=47551 SA=33783 ratio=1.40753 my_comp=24 my_front=28 leader_comp=5 comp_gain(sz/front/cut)=0/0/0
DBG t=61 used=0.018 remain=0.704 turn_time=0.0171668 end_in=0.0171668 cand_pre=46 cand_cap=20 cand=46->20 pre=46 pick(must/bucket/top/rand)=1/5/10/4 depth0=10 depth=2 dlog=5 dper=3 sims=1960 loop=1940 gen_time=0 eval_time=0.018 best_avg=0.408728 best_move=8,0 leader=3 inc2=0 attack_w=0.2 S0=55658 SA=38584 ratio=1.4425 my_comp=29 my_front=30 leader_comp=10 comp_gain(sz/front/cut)=0/0/0
DBG t=74 used=0.018 remain=0.471 turn_time=0.0172277 end_in=0.0172277 cand_pre=46 cand_cap=20 cand=46->20 pre=46 pick(must/bucket/top/rand)=1/8/7/4 depth0=11 depth=3 dlog=5 dper=3 sims=1460 loop=1440 gen_time=0 eval_time=0.018 best_avg=0.465328 best_move=7,4 leader=3 inc2=1 attack_w=0.2 S0=60877 SA=37213 ratio=1.63589 my_comp=32 my_front=32 leader_comp=11 comp_gain(sz/front/cut)=0/0/0
DBG t=86 used=0.018 remain=0.258 turn_time=0.0171662 end_in=0.0171662 cand_pre=49 cand_cap=20 cand=49->20 pre=49 pick(must/bucket/top/rand)=1/8/7/4 depth0=11 depth=3 dlog=5 dper=3 sims=1592 loop=1572 gen_time=0 eval_time=0.018 best_avg=0.569708 best_move=4,3 leader=2 inc2=1 attack_w=0.2 S0=62941 SA=35865 ratio=1.75492 my_comp=33 my_front=32 leader_comp=11 comp_gain(sz/front/cut)=1/0/1
DBG t=99 used=0.014 remain=0.022 turn_time=0.0132 end_in=0.0132 cand_pre=53 cand_cap=16 cand=53->16 pre=48 pick(must/bucket/top/rand)=1/6/5/4 depth0=0 depth=0 dlog=5 dper=4 sims=22680 loop=22664 gen_time=0 eval_time=0.014 best_avg=0.65177 best_move=2,5 leader=2 inc2=1 attack_w=0.2 S0=69039 SA=35905 ratio=1.9228 my_comp=36 my_front=32 leader_comp=12 comp_gain(sz/front/cut)=0/0/0
DBG summary depth_guard_fired=0
Score = 154139
=== CASE 0009.txt ===
DBG hdr N=10 M=8 T=100 U=5 VMAX=1485 TIME_LIMIT=1.94 MAX_CAND=20 UCB_C=0.21 OBJ=log(S0+1)-log(SA+1)
DBG t=0 used=0.024 remain=1.94 turn_time=0.0237456 end_in=0.0237456 cand_pre=4 cand_cap=20 cand=4->4 pre=4 pick(must/bucket/top/rand)=1/2/1/0 depth0=7 depth=6 dlog=1 dper=0 sims=3136 loop=3132 gen_time=0 eval_time=0.024 best_avg=-0.083765 best_move=9,5 leader=7 inc2=1 attack_w=0.752108 S0=1078 SA=1299 ratio=0.83 my_comp=1 my_front=3 leader_comp=1 comp_gain(sz/front/cut)=1/1/0
DBG t=12 used=0.022 remain=1.661 turn_time=0.0212627 end_in=0.0212627 cand_pre=19 cand_cap=20 cand=19->19 pre=19 pick(must/bucket/top/rand)=1/5/10/3 depth0=7 depth=3 dlog=4 dper=0 sims=3167 loop=3148 gen_time=0 eval_time=0.022 best_avg=0.201914 best_move=9,3 leader=1 inc2=1 attack_w=0.2 S0=16317 SA=13332 ratio=1.22388 my_comp=8 my_front=15 leader_comp=11 comp_gain(sz/front/cut)=0/0/0
DBG t=24 used=0.021 remain=1.402 turn_time=0.0205411 end_in=0.0205411 cand_pre=21 cand_cap=20 cand=21->20 pre=21 pick(must/bucket/top/rand)=1/5/10/4 depth0=7 depth=3 dlog=4 dper=0 sims=2412 loop=2392 gen_time=0 eval_time=0.021 best_avg=0.487182 best_move=5,1 leader=4 inc2=1 attack_w=0.2 S0=28307 SA=19590 ratio=1.44495 my_comp=10 my_front=15 leader_comp=12 comp_gain(sz/front/cut)=1/2/1
DBG t=37 used=0.02 remain=1.137 turn_time=0.0193922 end_in=0.0193922 cand_pre=27 cand_cap=20 cand=27->20 pre=27 pick(must/bucket/top/rand)=1/5/10/4 depth0=10 depth=5 dlog=4 dper=1 sims=1508 loop=1488 gen_time=0 eval_time=0.02 best_avg=0.425949 best_move=3,0 leader=4 inc2=1 attack_w=0.2 S0=42355 SA=28925 ratio=1.46429 my_comp=14 my_front=18 leader_comp=12 comp_gain(sz/front/cut)=0/0/0
DBG t=49 used=0.02 remain=0.901 turn_time=0.0190977 end_in=0.0190977 cand_pre=26 cand_cap=20 cand=26->20 pre=26 pick(must/bucket/top/rand)=1/7/8/4 depth0=10 depth=5 dlog=4 dper=1 sims=1568 loop=1548 gen_time=0 eval_time=0.02 best_avg=0.613028 best_move=7,0 leader=2 inc2=1 attack_w=0.2 S0=47711 SA=27035 ratio=1.76476 my_comp=14 my_front=18 leader_comp=3 comp_gain(sz/front/cut)=0/0/0
DBG t=61 used=0.022 remain=0.671 turn_time=0.0210591 end_in=0.0210591 cand_pre=4 cand_cap=20 cand=4->4 pre=4 pick(must/bucket/top/rand)=1/1/2/0 depth0=10 depth=9 dlog=1 dper=0 sims=1128 loop=1124 gen_time=0 eval_time=0.022 best_avg=0.440361 best_move=5,2 leader=2 inc2=1 attack_w=0.2 S0=54053 SA=30468 ratio=1.77407 my_comp=1 my_front=4 leader_comp=4 comp_gain(sz/front/cut)=17/21/0
DBG t=74 used=0.018 remain=0.416 turn_time=0.017608 end_in=0.017608 cand_pre=23 cand_cap=20 cand=23->20 pre=23 pick(must/bucket/top/rand)=1/8/7/4 depth0=11 depth=7 dlog=4 dper=0 sims=1136 loop=1116 gen_time=0 eval_time=0.018 best_avg=0.148469 best_move=8,2 leader=2 inc2=1 attack_w=0.2 S0=53086 SA=37789 ratio=1.40479 my_comp=12 my_front=17 leader_comp=7 comp_gain(sz/front/cut)=0/0/0
DBG t=86 used=0.016 remain=0.205 turn_time=0.0158289 end_in=0.0158289 cand_pre=26 cand_cap=20 cand=26->20 pre=26 pick(must/bucket/top/rand)=1/4/11/4 depth0=11 depth=6 dlog=4 dper=1 sims=1320 loop=1300 gen_time=0 eval_time=0.016 best_avg=0.382841 best_move=5,1 leader=2 inc2=1 attack_w=0.2 S0=59237 SA=43856 ratio=1.35071 my_comp=14 my_front=17 leader_comp=8 comp_gain(sz/front/cut)=1/0/0
DBG depth_guard t=99 remain=0.011 cand_pre=31 depth0=0 depth=0
DBG t=99 used=0.007 remain=0.011 turn_time=0.0066 end_in=0.0066 cand_pre=31 cand_cap=12 cand=31->12 pre=31 pick(must/bucket/top/rand)=1/6/3/2 depth0=0 depth=0 dlog=4 dper=5 sims=6864 loop=6852 gen_time=0 eval_time=0.007 best_avg=0.423475 best_move=9,0 leader=2 inc2=1 attack_w=0.2 S0=73279 SA=48165 ratio=1.52141 my_comp=18 my_front=21 leader_comp=9 comp_gain(sz/front/cut)=0/0/0
DBG summary depth_guard_fired=1
Score = 131491
=== CASE 0007.txt ===
DBG hdr N=10 M=7 T=100 U=2 VMAX=1467 TIME_LIMIT=1.94 MAX_CAND=20 UCB_C=0.21 OBJ=log(S0+1)-log(SA+1)
DBG t=0 used=0.024 remain=1.94 turn_time=0.0236195 end_in=0.0236195 cand_pre=5 cand_cap=20 cand=5->5 pre=5 pick(must/bucket/top/rand)=1/2/2/0 depth0=7 depth=5 dlog=2 dper=0 sims=3713 loop=3708 gen_time=0 eval_time=0.024 best_avg=-0.364039 best_move=3,4 leader=5 inc2=1 attack_w=0.802551 S0=1152 SA=1415 ratio=0.814266 my_comp=1 my_front=4 leader_comp=1 comp_gain(sz/front/cut)=1/2/0
DBG t=12 used=0.023 remain=1.657 turn_time=0.0225578 end_in=0.0225578 cand_pre=8 cand_cap=20 cand=8->8 pre=8 pick(must/bucket/top/rand)=1/2/5/0 depth0=7 depth=5 dlog=2 dper=0 sims=2592 loop=2584 gen_time=0 eval_time=0.023 best_avg=-0.824038 best_move=0,6 leader=6 inc2=1 attack_w=0.85 S0=5226 SA=15454 ratio=0.338208 my_comp=3 my_front=8 leader_comp=7 comp_gain(sz/front/cut)=2/2/0
DBG t=24 used=0.022 remain=1.393 turn_time=0.021005 end_in=0.021005 cand_pre=16 cand_cap=20 cand=16->16 pre=16 pick(must/bucket/top/rand)=1/3/12/0 depth0=7 depth=4 dlog=3 dper=0 sims=2192 loop=2176 gen_time=0 eval_time=0.022 best_avg=-0.578217 best_move=0,5 leader=6 inc2=1 attack_w=0.85 S0=15004 SA=28747 ratio=0.521949 my_comp=8 my_front=13 leader_comp=15 comp_gain(sz/front/cut)=0/0/0
DBG t=37 used=0.02 remain=1.119 turn_time=0.0198933 end_in=0.0198933 cand_pre=20 cand_cap=20 cand=20->20 pre=20 pick(must/bucket/top/rand)=1/4/11/4 depth0=10 depth=6 dlog=4 dper=0 sims=1376 loop=1356 gen_time=0 eval_time=0.02 best_avg=-0.179825 best_move=3,6 leader=6 inc2=1 attack_w=0.85 S0=25660 SA=32332 ratio=0.793647 my_comp=12 my_front=9 leader_comp=16 comp_gain(sz/front/cut)=1/2/0
DBG t=49 used=0.02 remain=0.866 turn_time=0.019901 end_in=0.019901 cand_pre=12 cand_cap=20 cand=12->12 pre=12 pick(must/bucket/top/rand)=1/4/7/0 depth0=10 depth=7 dlog=3 dper=0 sims=1352 loop=1340 gen_time=0 eval_time=0.02 best_avg=-0.0568691 best_move=7,3 leader=6 inc2=1 attack_w=0.716063 S0=32478 SA=38590 ratio=0.841621 my_comp=4 my_front=10 leader_comp=19 comp_gain(sz/front/cut)=0/0/0
DBG t=61 used=0.018 remain=0.634 turn_time=0.0179958 end_in=0.0179958 cand_pre=22 cand_cap=20 cand=22->20 pre=22 pick(must/bucket/top/rand)=1/8/7/4 depth0=10 depth=6 dlog=4 dper=0 sims=1528 loop=1508 gen_time=0 eval_time=0.018 best_avg=0.179782 best_move=8,2 leader=6 inc2=1 attack_w=0.2 S0=40467 SA=34029 ratio=1.18919 my_comp=9 my_front=18 leader_comp=16 comp_gain(sz/front/cut)=1/2/0
DBG t=74 used=0.017 remain=0.401 turn_time=0.0161711 end_in=0.0161711 cand_pre=31 cand_cap=20 cand=31->20 pre=31 pick(must/bucket/top/rand)=1/8/7/4 depth0=11 depth=5 dlog=4 dper=2 sims=1452 loop=1432 gen_time=0 eval_time=0.017 best_avg=0.603781 best_move=5,5 leader=4 inc2=1 attack_w=0.2 S0=46780 SA=26729 ratio=1.75013 my_comp=16 my_front=26 leader_comp=3 comp_gain(sz/front/cut)=0/0/0
DBG t=86 used=0.018 remain=0.206 turn_time=0.0172451 end_in=0.0172451 cand_pre=12 cand_cap=20 cand=12->12 pre=12 pick(must/bucket/top/rand)=1/7/4/0 depth0=11 depth=6 dlog=3 dper=0 sims=1772 loop=1760 gen_time=0 eval_time=0.018 best_avg=0.720391 best_move=1,5 leader=4 inc2=1 attack_w=0.2 S0=44210 SA=21096 ratio=2.09561 my_comp=4 my_front=10 leader_comp=2 comp_gain(sz/front/cut)=0/0/0
DBG depth_guard t=99 remain=0.01 cand_pre=24 depth0=0 depth=0
DBG t=99 used=0.007 remain=0.01 turn_time=0.006 end_in=0.006 cand_pre=24 cand_cap=12 cand=24->12 pre=24 pick(must/bucket/top/rand)=1/5/4/2 depth0=0 depth=0 dlog=4 dper=4 sims=8408 loop=8396 gen_time=0 eval_time=0.007 best_avg=0.776929 best_move=0,5 leader=4 inc2=1 attack_w=0.2 S0=45447 SA=22129 ratio=2.05368 my_comp=14 my_front=16 leader_comp=2 comp_gain(sz/front/cut)=0/0/0
DBG summary depth_guard_fired=1
Score = 170074
=== CASE 0013.txt ===
DBG hdr N=10 M=2 T=100 U=1 VMAX=2489 TIME_LIMIT=1.94 MAX_CAND=20 UCB_C=0.21 OBJ=log(S0+1)-log(SA+1)
DBG t=0 used=0.024 remain=1.94 turn_time=0.0238717 end_in=0.0238717 cand_pre=3 cand_cap=20 cand=3->3 pre=3 pick(must/bucket/top/rand)=1/2/0/0 depth0=7 depth=6 dlog=1 dper=0 sims=7151 loop=7148 gen_time=0 eval_time=0.024 best_avg=-0.642153 best_move=9,1 leader=1 inc2=1 attack_w=0.85 S0=714 SA=1315 ratio=0.543313 my_comp=1 my_front=2 leader_comp=1 comp_gain(sz/front/cut)=1/1/0
DBG t=12 used=0.021 remain=1.668 turn_time=0.0206131 end_in=0.0206131 cand_pre=25 cand_cap=20 cand=25->20 pre=25 pick(must/bucket/top/rand)=1/5/10/4 depth0=7 depth=3 dlog=4 dper=0 sims=4624 loop=4604 gen_time=0 eval_time=0.021 best_avg=0.44076 best_move=6,8 leader=1 inc2=1 attack_w=0.2 S0=14644 SA=10947 ratio=1.33769 my_comp=12 my_front=17 leader_comp=2 comp_gain(sz/front/cut)=1/2/0
DBG t=24 used=0.02 remain=1.42 turn_time=0.0193475 end_in=0.0193475 cand_pre=33 cand_cap=20 cand=33->20 pre=33 pick(must/bucket/top/rand)=1/4/11/4 depth0=7 depth=2 dlog=4 dper=1 sims=4108 loop=4088 gen_time=0 eval_time=0.02 best_avg=0.965881 best_move=6,6 leader=1 inc2=1 attack_w=0.2 S0=24211 SA=8724 ratio=2.77501 my_comp=18 my_front=23 leader_comp=1 comp_gain(sz/front/cut)=1/0/0
DBG t=37 used=0.019 remain=1.166 turn_time=0.0186838 end_in=0.0186838 cand_pre=37 cand_cap=20 cand=37->20 pre=37 pick(must/bucket/top/rand)=1/4/11/4 depth0=10 depth=3 dlog=5 dper=2 sims=2504 loop=2484 gen_time=0 eval_time=0.019 best_avg=1.31366 best_move=5,7 leader=1 inc2=1 attack_w=0.2 S0=32001 SA=9032 ratio=3.54279 my_comp=23 my_front=23 leader_comp=1 comp_gain(sz/front/cut)=2/0/0
DBG t=49 used=0.017 remain=0.95 turn_time=0.016625 end_in=0.016625 cand_pre=55 cand_cap=20 cand=55->20 pre=55 pick(must/bucket/top/rand)=1/6/9/4 depth0=10 depth=2 dlog=5 dper=3 sims=1524 loop=1504 gen_time=0 eval_time=0.017 best_avg=1.63539 best_move=6,5 leader=1 inc2=1 attack_w=0.2 S0=43861 SA=8000 ratio=5.48206 my_comp=34 my_front=37 leader_comp=5 comp_gain(sz/front/cut)=1/-2/0
DBG t=61 used=0.017 remain=0.745 turn_time=0.0164282 end_in=0.0164282 cand_pre=60 cand_cap=20 cand=60->20 pre=60 pick(must/bucket/top/rand)=1/6/9/4 depth0=10 depth=1 dlog=5 dper=4 sims=1380 loop=1360 gen_time=0 eval_time=0.017 best_avg=1.99188 best_move=4,8 leader=1 inc2=1 attack_w=0.2 S0=50134 SA=7312 ratio=6.8556 my_comp=40 my_front=34 leader_comp=5 comp_gain(sz/front/cut)=1/0/0
DBG t=74 used=0.016 remain=0.532 turn_time=0.0153359 end_in=0.0153359 cand_pre=77 cand_cap=14 cand=77->14 pre=42 pick(must/bucket/top/rand)=1/6/4/3 depth0=11 depth=0 dlog=6 dper=5 sims=60146 loop=60132 gen_time=0 eval_time=0.016 best_avg=2.53802 best_move=7,1 leader=1 inc2=1 attack_w=0.2 S0=61173 SA=5192 ratio=11.7801 my_comp=52 my_front=45 leader_comp=3 comp_gain(sz/front/cut)=1/2/0
DBG t=86 used=0.018 remain=0.331 turn_time=0.0175666 end_in=0.0175666 cand_pre=78 cand_cap=14 cand=78->14 pre=42 pick(must/bucket/top/rand)=1/4/6/3 depth0=11 depth=1 dlog=6 dper=4 sims=978 loop=964 gen_time=0 eval_time=0.018 best_avg=2.34387 best_move=8,2 leader=1 inc2=1 attack_w=0.2 S0=60753 SA=5612 ratio=10.8238 my_comp=53 my_front=49 leader_comp=1 comp_gain(sz/front/cut)=1/0/0
DBG t=99 used=0.03 remain=0.049 turn_time=0.0294 end_in=0.0294 cand_pre=78 cand_cap=14 cand=78->14 pre=42 pick(must/bucket/top/rand)=1/4/6/3 depth0=0 depth=0 dlog=6 dper=3 sims=119574 loop=119560 gen_time=0 eval_time=0.03 best_avg=2.59379 best_move=6,7 leader=1 inc2=1 attack_w=0.2 S0=61251 SA=5114 ratio=11.975 my_comp=54 my_front=49 leader_comp=1 comp_gain(sz/front/cut)=1/-4/0
DBG summary depth_guard_fired=0
Score = 381540
=== CASE 0012.txt ===
DBG hdr N=10 M=3 T=100 U=2 VMAX=1321 TIME_LIMIT=1.94 MAX_CAND=20 UCB_C=0.21 OBJ=log(S0+1)-log(SA+1)
DBG t=0 used=0.024 remain=1.94 turn_time=0.0238717 end_in=0.0238717 cand_pre=3 cand_cap=20 cand=3->3 pre=3 pick(must/bucket/top/rand)=1/2/0/0 depth0=7 depth=6 dlog=1 dper=0 sims=5903 loop=5900 gen_time=0 eval_time=0.024 best_avg=-0.02065 best_move=8,9 leader=1 inc2=1 attack_w=0.190428 S0=986 SA=979 ratio=1.00714 my_comp=1 my_front=2 leader_comp=1 comp_gain(sz/front/cut)=1/1/0
DBG t=12 used=0.022 remain=1.663 turn_time=0.0216568 end_in=0.0216568 cand_pre=16 cand_cap=20 cand=16->16 pre=16 pick(must/bucket/top/rand)=1/3/12/0 depth0=7 depth=4 dlog=3 dper=0 sims=4368 loop=4352 gen_time=0 eval_time=0.022 best_avg=-0.116478 best_move=3,9 leader=2 inc2=1 attack_w=0.359026 S0=12864 SA=13165 ratio=0.977138 my_comp=9 my_front=12 leader_comp=10 comp_gain(sz/front/cut)=1/1/0
DBG t=24 used=0.02 remain=1.41 turn_time=0.0198142 end_in=0.0198142 cand_pre=28 cand_cap=20 cand=28->20 pre=28 pick(must/bucket/top/rand)=1/8/7/4 depth0=7 depth=2 dlog=4 dper=1 sims=2920 loop=2900 gen_time=0 eval_time=0.02 best_avg=0.206274 best_move=5,7 leader=1 inc2=1 attack_w=0.2 S0=25660 SA=21896 ratio=1.1719 my_comp=16 my_front=21 leader_comp=17 comp_gain(sz/front/cut)=1/0/0
DBG t=37 used=0.018 remain=1.16 turn_time=0.0176302 end_in=0.0176302 cand_pre=45 cand_cap=20 cand=45->20 pre=45 pick(must/bucket/top/rand)=1/8/7/4 depth0=10 depth=2 dlog=5 dper=3 sims=1840 loop=1820 gen_time=0 eval_time=0.018 best_avg=0.403864 best_move=5,5 leader=2 inc2=1 attack_w=0.2 S0=37047 SA=25079 ratio=1.47719 my_comp=26 my_front=28 leader_comp=21 comp_gain(sz/front/cut)=1/2/0
DBG t=49 used=0.017 remain=0.951 turn_time=0.0160365 end_in=0.0160365 cand_pre=60 cand_cap=20 cand=60->20 pre=60 pick(must/bucket/top/rand)=1/8/7/4 depth0=10 depth=1 dlog=5 dper=4 sims=1424 loop=1404 gen_time=0 eval_time=0.017 best_avg=0.596417 best_move=2,5 leader=2 inc2=1 attack_w=0.2 S0=48496 SA=27686 ratio=1.75162 my_comp=36 my_front=40 leader_comp=21 comp_gain(sz/front/cut)=1/2/1
DBG t=61 used=0.016 remain=0.75 turn_time=0.0154135 end_in=0.0154135 cand_pre=69 cand_cap=14 cand=69->14 pre=42 pick(must/bucket/top/rand)=1/8/2/3 depth0=10 depth=1 dlog=5 dper=4 sims=1178 loop=1164 gen_time=0 eval_time=0.016 best_avg=0.606927 best_move=3,0 leader=1 inc2=1 attack_w=0.2 S0=55493 SA=30633 ratio=1.81152 my_comp=39 my_front=51 leader_comp=23 comp_gain(sz/front/cut)=1/1/1
DBG t=74 used=0.017 remain=0.524 turn_time=0.0161533 end_in=0.0161533 cand_pre=69 cand_cap=14 cand=69->14 pre=42 pick(must/bucket/top/rand)=1/8/2/3 depth0=11 depth=2 dlog=5 dper=4 sims=1450 loop=1436 gen_time=0 eval_time=0.017 best_avg=0.436062 best_move=7,5 leader=1 inc2=1 attack_w=0.2 S0=54643 SA=34392 ratio=1.58881 my_comp=38 my_front=53 leader_comp=20 comp_gain(sz/front/cut)=0/0/0
DBG t=86 used=0.02 remain=0.308 turn_time=0.019063 end_in=0.019063 cand_pre=59 cand_cap=20 cand=59->20 pre=59 pick(must/bucket/top/rand)=1/8/7/4 depth0=11 depth=3 dlog=5 dper=3 sims=1356 loop=1336 gen_time=0 eval_time=0.02 best_avg=0.305475 best_move=6,5 leader=1 inc2=1 attack_w=0.2 S0=51387 SA=36358 ratio=1.41335 my_comp=35 my_front=45 leader_comp=19 comp_gain(sz/front/cut)=1/-4/0
DBG t=99 used=0.013 remain=0.021 turn_time=0.0126 end_in=0.0126 cand_pre=65 cand_cap=14 cand=65->14 pre=42 pick(must/bucket/top/rand)=1/8/2/3 depth0=0 depth=0 dlog=5 dper=5 sims=17886 loop=17872 gen_time=0 eval_time=0.013 best_avg=0.280341 best_move=1,9 leader=1 inc2=1 attack_w=0.2 S0=52327 SA=39200 ratio=1.33486 my_comp=38 my_front=45 leader_comp=19 comp_gain(sz/front/cut)=0/0/0
DBG summary depth_guard_fired=0
Score = 124402
=== CASE 0016.txt ===
DBG hdr N=10 M=3 T=100 U=1 VMAX=1697 TIME_LIMIT=1.94 MAX_CAND=20 UCB_C=0.21 OBJ=log(S0+1)-log(SA+1)
DBG t=0 used=0.024 remain=1.94 turn_time=0.0236195 end_in=0.0236195 cand_pre=5 cand_cap=20 cand=5->5 pre=5 pick(must/bucket/top/rand)=1/3/1/0 depth0=7 depth=5 dlog=2 dper=0 sims=6925 loop=6920 gen_time=0 eval_time=0.024 best_avg=-0.226606 best_move=4,7 leader=2 inc2=1 attack_w=0.13 S0=1089 SA=909 ratio=1.1978 my_comp=1 my_front=4 leader_comp=1 comp_gain(sz/front/cut)=1/2/0
DBG t=12 used=0.021 remain=1.669 turn_time=0.0206254 end_in=0.0206254 cand_pre=25 cand_cap=20 cand=25->20 pre=25 pick(must/bucket/top/rand)=1/6/9/4 depth0=7 depth=3 dlog=4 dper=0 sims=3784 loop=3764 gen_time=0 eval_time=0.021 best_avg=0.423081 best_move=4,8 leader=2 inc2=1 attack_w=0.2 S0=14733 SA=8851 ratio=1.66448 my_comp=11 my_front=20 leader_comp=8 comp_gain(sz/front/cut)=1/0/0
DBG t=24 used=0.02 remain=1.421 turn_time=0.0191181 end_in=0.0191181 cand_pre=35 cand_cap=20 cand=35->20 pre=35 pick(must/bucket/top/rand)=1/6/9/4 depth0=7 depth=1 dlog=4 dper=2 sims=3100 loop=3080 gen_time=0 eval_time=0.02 best_avg=0.471916 best_move=7,7 leader=1 inc2=1 attack_w=0.2 S0=21520 SA=14849 ratio=1.44923 my_comp=17 my_front=29 leader_comp=10 comp_gain(sz/front/cut)=1/-2/0
DBG t=37 used=0.019 remain=1.164 turn_time=0.0188919 end_in=0.0188919 cand_pre=35 cand_cap=20 cand=35->20 pre=35 pick(must/bucket/top/rand)=1/6/9/4 depth0=10 depth=4 dlog=4 dper=2 sims=2072 loop=2052 gen_time=0 eval_time=0.019 best_avg=0.0756246 best_move=4,9 leader=2 inc2=1 attack_w=0.2 S0=22294 SA=20102 ratio=1.10904 my_comp=18 my_front=27 leader_comp=13 comp_gain(sz/front/cut)=1/1/0
DBG t=49 used=0.018 remain=0.923 turn_time=0.0176818 end_in=0.0176818 cand_pre=42 cand_cap=20 cand=42->20 pre=42 pick(must/bucket/top/rand)=1/5/10/4 depth0=10 depth=3 dlog=5 dper=2 sims=1520 loop=1500 gen_time=0 eval_time=0.018 best_avg=0.674244 best_move=9,5 leader=2 inc2=1 attack_w=0.2 S0=29868 SA=16195 ratio=1.84422 my_comp=25 my_front=27 leader_comp=2 comp_gain(sz/front/cut)=1/1/0
DBG t=61 used=0.017 remain=0.713 turn_time=0.0165544 end_in=0.0165544 cand_pre=53 cand_cap=20 cand=53->20 pre=53 pick(must/bucket/top/rand)=1/5/10/4 depth0=10 depth=2 dlog=5 dper=3 sims=1388 loop=1368 gen_time=0 eval_time=0.017 best_avg=1.5284 best_move=1,9 leader=1 inc2=1 attack_w=0.2 S0=43360 SA=8716 ratio=4.9743 my_comp=37 my_front=28 leader_comp=2 comp_gain(sz/front/cut)=1/1/0
DBG t=74 used=0.017 remain=0.491 turn_time=0.0163635 end_in=0.0163635 cand_pre=59 cand_cap=20 cand=59->20 pre=59 pick(must/bucket/top/rand)=1/6/9/4 depth0=11 depth=2 dlog=5 dper=4 sims=1184 loop=1164 gen_time=0 eval_time=0.017 best_avg=1.68567 best_move=4,4 leader=1 inc2=1 attack_w=0.2 S0=45869 SA=7672 ratio=5.97811 my_comp=40 my_front=36 leader_comp=3 comp_gain(sz/front/cut)=1/2/0
DBG t=86 used=0.018 remain=0.283 turn_time=0.0171215 end_in=0.0171215 cand_pre=62 cand_cap=14 cand=62->14 pre=42 pick(must/bucket/top/rand)=1/6/4/3 depth0=11 depth=2 dlog=5 dper=4 sims=1342 loop=1328 gen_time=0 eval_time=0.018 best_avg=1.72422 best_move=9,6 leader=2 inc2=1 attack_w=0.2 S0=44902 SA=10036 ratio=4.47375 my_comp=40 my_front=35 leader_comp=6 comp_gain(sz/front/cut)=1/1/1
DBG t=99 used=0.02 remain=0.032 turn_time=0.0192 end_in=0.0192 cand_pre=64 cand_cap=14 cand=64->14 pre=42 pick(must/bucket/top/rand)=1/6/4/3 depth0=0 depth=0 dlog=5 dper=3 sims=61998 loop=61984 gen_time=0 eval_time=0.02 best_avg=1.92707 best_move=7,7 leader=2 inc2=1 attack_w=0.2 S0=47645 SA=6915 ratio=6.88924 my_comp=41 my_front=34 leader_comp=3 comp_gain(sz/front/cut)=1/0/0
DBG summary depth_guard_fired=0
Score = 297970
=== CASE 0015.txt ===
DBG hdr N=10 M=5 T=100 U=4 VMAX=4555 TIME_LIMIT=1.94 MAX_CAND=20 UCB_C=0.21 OBJ=log(S0+1)-log(SA+1)
DBG t=0 used=0.024 remain=1.94 turn_time=0.0237456 end_in=0.0237456 cand_pre=4 cand_cap=20 cand=4->4 pre=4 pick(must/bucket/top/rand)=1/2/1/0 depth0=7 depth=6 dlog=1 dper=0 sims=4580 loop=4576 gen_time=0 eval_time=0.024 best_avg=-0.453385 best_move=1,9 leader=4 inc2=0 attack_w=0.543219 S0=1438 SA=1594 ratio=0.902194 my_comp=1 my_front=3 leader_comp=1 comp_gain(sz/front/cut)=1/1/0
DBG t=12 used=0.023 remain=1.659 turn_time=0.0223399 end_in=0.0223399 cand_pre=10 cand_cap=20 cand=10->10 pre=10 pick(must/bucket/top/rand)=1/2/7/0 depth0=7 depth=4 dlog=3 dper=0 sims=4470 loop=4460 gen_time=0 eval_time=0.023 best_avg=-0.200122 best_move=0,7 leader=4 inc2=1 attack_w=0.702068 S0=16337 SA=19306 ratio=0.846222 my_comp=5 my_front=8 leader_comp=5 comp_gain(sz/front/cut)=0/0/0
DBG t=24 used=0.021 remain=1.391 turn_time=0.0207369 end_in=0.0207369 cand_pre=18 cand_cap=20 cand=18->18 pre=18 pick(must/bucket/top/rand)=1/6/9/2 depth0=7 depth=3 dlog=4 dper=0 sims=3954 loop=3936 gen_time=0 eval_time=0.021 best_avg=-0.303095 best_move=1,4 leader=3 inc2=1 attack_w=0.85 S0=29025 SA=36419 ratio=0.79698 my_comp=9 my_front=12 leader_comp=3 comp_gain(sz/front/cut)=1/2/0
DBG t=37 used=0.022 remain=1.106 turn_time=0.0211457 end_in=0.0211457 cand_pre=7 cand_cap=20 cand=7->7 pre=7 pick(must/bucket/top/rand)=1/3/3/0 depth0=10 depth=8 dlog=2 dper=0 sims=1979 loop=1972 gen_time=0 eval_time=0.022 best_avg=0.126943 best_move=1,0 leader=1 inc2=0 attack_w=0.2 S0=53724 SA=46642 ratio=1.15183 my_comp=3 my_front=6 leader_comp=11 comp_gain(sz/front/cut)=0/0/0
DBG t=49 used=0.019 remain=0.865 turn_time=0.0181141 end_in=0.0181141 cand_pre=28 cand_cap=20 cand=28->20 pre=28 pick(must/bucket/top/rand)=1/4/11/4 depth0=10 depth=5 dlog=4 dper=1 sims=1748 loop=1728 gen_time=0 eval_time=0.019 best_avg=0.304715 best_move=2,2 leader=1 inc2=0 attack_w=0.2 S0=76237 SA=53788 ratio=1.41735 my_comp=17 my_front=19 leader_comp=14 comp_gain(sz/front/cut)=0/0/0
DBG t=61 used=0.018 remain=0.646 turn_time=0.0174751 end_in=0.0174751 cand_pre=30 cand_cap=20 cand=30->20 pre=30 pick(must/bucket/top/rand)=1/4/11/4 depth0=10 depth=5 dlog=4 dper=1 sims=1660 loop=1640 gen_time=0 eval_time=0.018 best_avg=0.28085 best_move=1,4 leader=1 inc2=0 attack_w=0.2 S0=87911 SA=64495 ratio=1.36306 my_comp=17 my_front=19 leader_comp=15 comp_gain(sz/front/cut)=1/2/0
DBG t=74 used=0.017 remain=0.421 turn_time=0.0165566 end_in=0.0165566 cand_pre=35 cand_cap=20 cand=35->20 pre=35 pick(must/bucket/top/rand)=1/5/10/4 depth0=11 depth=5 dlog=4 dper=2 sims=1764 loop=1744 gen_time=0 eval_time=0.017 best_avg=0.787931 best_move=0,0 leader=1 inc2=0 attack_w=0.2 S0=108488 SA=49370 ratio=2.19742 my_comp=22 my_front=19 leader_comp=2 comp_gain(sz/front/cut)=0/0/0
DBG t=86 used=0.016 remain=0.226 turn_time=0.0150371 end_in=0.0150371 cand_pre=49 cand_cap=20 cand=49->20 pre=49 pick(must/bucket/top/rand)=1/7/8/4 depth0=11 depth=3 dlog=5 dper=3 sims=1568 loop=1548 gen_time=0 eval_time=0.016 best_avg=0.943927 best_move=7,4 leader=1 inc2=0 attack_w=0.2 S0=121084 SA=46038 ratio=2.63005 my_comp=29 my_front=31 leader_comp=4 comp_gain(sz/front/cut)=0/0/0
DBG depth_guard t=99 remain=0.019 cand_pre=53 depth0=0 depth=0
DBG t=99 used=0.012 remain=0.019 turn_time=0.0114 end_in=0.0114 cand_pre=53 cand_cap=16 cand=53->16 pre=48 pick(must/bucket/top/rand)=1/6/5/4 depth0=0 depth=0 dlog=5 dper=5 sims=16832 loop=16816 gen_time=0 eval_time=0.012 best_avg=0.952049 best_move=4,4 leader=1 inc2=0 attack_w=0.2 S0=129855 SA=50277 ratio=2.58276 my_comp=30 my_front=33 leader_comp=6 comp_gain(sz/front/cut)=0/0/0
DBG summary depth_guard_fired=1
Score = 184005
=== CASE 0014.txt ===
DBG hdr N=10 M=7 T=100 U=4 VMAX=2149 TIME_LIMIT=1.94 MAX_CAND=20 UCB_C=0.21 OBJ=log(S0+1)-log(SA+1)
DBG t=0 used=0.024 remain=1.94 turn_time=0.0236195 end_in=0.0236195 cand_pre=5 cand_cap=20 cand=5->5 pre=5 pick(must/bucket/top/rand)=1/2/2/0 depth0=7 depth=5 dlog=2 dper=0 sims=4577 loop=4572 gen_time=0 eval_time=0.024 best_avg=-0.508127 best_move=6,5 leader=1 inc2=1 attack_w=0.85 S0=855 SA=1673 ratio=0.51135 my_comp=1 my_front=4 leader_comp=1 comp_gain(sz/front/cut)=1/2/0
DBG t=12 used=0.021 remain=1.669 turn_time=0.0206254 end_in=0.0206254 cand_pre=25 cand_cap=20 cand=25->20 pre=25 pick(must/bucket/top/rand)=1/7/8/4 depth0=7 depth=3 dlog=4 dper=0 sims=3088 loop=3068 gen_time=0 eval_time=0.021 best_avg=0.355592 best_move=4,3 leader=4 inc2=1 attack_w=0.2 S0=17631 SA=11177 ratio=1.57738 my_comp=10 my_front=20 leader_comp=10 comp_gain(sz/front/cut)=0/0/0
DBG t=24 used=0.021 remain=1.417 turn_time=0.0206397 end_in=0.0206397 cand_pre=22 cand_cap=20 cand=22->20 pre=22 pick(must/bucket/top/rand)=1/6/9/4 depth0=7 depth=3 dlog=4 dper=0 sims=3080 loop=3060 gen_time=0 eval_time=0.021 best_avg=0.225583 best_move=4,1 leader=5 inc2=1 attack_w=0.2 S0=31298 SA=20179 ratio=1.55099 my_comp=11 my_front=18 leader_comp=6 comp_gain(sz/front/cut)=0/0/0
DBG t=37 used=0.021 remain=1.147 turn_time=0.0203911 end_in=0.0203911 cand_pre=20 cand_cap=20 cand=20->20 pre=20 pick(must/bucket/top/rand)=1/5/10/4 depth0=10 depth=6 dlog=4 dper=0 sims=1892 loop=1872 gen_time=0 eval_time=0.021 best_avg=-0.272153 best_move=4,2 leader=5 inc2=1 attack_w=0.2 S0=31782 SA=28369 ratio=1.1203 my_comp=10 my_front=16 leader_comp=10 comp_gain(sz/front/cut)=0/0/0
DBG t=49 used=0.021 remain=0.889 turn_time=0.0200897 end_in=0.0200897 cand_pre=15 cand_cap=20 cand=15->15 pre=15 pick(must/bucket/top/rand)=1/6/8/0 depth0=10 depth=7 dlog=3 dper=0 sims=1487 loop=1472 gen_time=0 eval_time=0.021 best_avg=-0.509945 best_move=6,4 leader=5 inc2=1 attack_w=0.85 S0=27092 SA=36982 ratio=0.73258 my_comp=8 my_front=14 leader_comp=13 comp_gain(sz/front/cut)=0/0/0
DBG t=61 used=0.02 remain=0.644 turn_time=0.019353 end_in=0.019353 cand_pre=12 cand_cap=20 cand=12->12 pre=12 pick(must/bucket/top/rand)=1/5/6/0 depth0=10 depth=7 dlog=3 dper=0 sims=1552 loop=1540 gen_time=0 eval_time=0.02 best_avg=-0.491934 best_move=5,3 leader=5 inc2=1 attack_w=0.85 S0=23833 SA=41051 ratio=0.580581 my_comp=5 my_front=12 leader_comp=16 comp_gain(sz/front/cut)=0/0/0
DBG t=74 used=0.018 remain=0.396 turn_time=0.0174545 end_in=0.0174545 cand_pre=16 cand_cap=20 cand=16->16 pre=16 pick(must/bucket/top/rand)=1/5/10/0 depth0=11 depth=8 dlog=3 dper=0 sims=1228 loop=1212 gen_time=0 eval_time=0.018 best_avg=-0.432726 best_move=7,3 leader=5 inc2=1 attack_w=0.85 S0=29558 SA=49160 ratio=0.601269 my_comp=7 my_front=14 leader_comp=20 comp_gain(sz/front/cut)=0/0/0
DBG t=86 used=0.016 remain=0.192 turn_time=0.0156274 end_in=0.0156274 cand_pre=17 cand_cap=20 cand=17->17 pre=17 pick(must/bucket/top/rand)=1/5/10/1 depth0=11 depth=6 dlog=3 dper=0 sims=1749 loop=1732 gen_time=0 eval_time=0.016 best_avg=-0.328291 best_move=6,4 leader=5 inc2=1 attack_w=0.85 S0=33830 SA=46061 ratio=0.734467 my_comp=8 my_front=16 leader_comp=1 comp_gain(sz/front/cut)=0/0/0
DBG depth_guard t=98 remain=0.019 cand_pre=18 depth0=1 depth=0
DBG depth_guard t=99 remain=0.008 cand_pre=18 depth0=0 depth=0
DBG t=99 used=0.005 remain=0.008 turn_time=0.0048 end_in=0.0048 cand_pre=18 cand_cap=12 cand=18->12 pre=18 pick(must/bucket/top/rand)=1/5/4/2 depth0=0 depth=0 dlog=4 dper=4 sims=6448 loop=6436 gen_time=0 eval_time=0.005 best_avg=-0.161603 best_move=4,2 leader=5 inc2=1 attack_w=0.765347 S0=36689 SA=44428 ratio=0.825812 my_comp=8 my_front=16 leader_comp=1 comp_gain(sz/front/cut)=0/0/0
DBG summary depth_guard_fired=2
Score = 88767
=== CASE 0017.txt ===
DBG hdr N=10 M=5 T=100 U=5 VMAX=1407 TIME_LIMIT=1.94 MAX_CAND=20 UCB_C=0.21 OBJ=log(S0+1)-log(SA+1)
DBG t=0 used=0.024 remain=1.94 turn_time=0.0236195 end_in=0.0236195 cand_pre=5 cand_cap=20 cand=5->5 pre=5 pick(must/bucket/top/rand)=1/2/2/0 depth0=7 depth=5 dlog=2 dper=0 sims=5689 loop=5684 gen_time=0 eval_time=0.024 best_avg=-0.0315573 best_move=3,5 leader=1 inc2=0 attack_w=0.13 S0=1370 SA=1253 ratio=1.0933 my_comp=1 my_front=4 leader_comp=1 comp_gain(sz/front/cut)=0/0/0
DBG t=12 used=0.023 remain=1.659 turn_time=0.0224625 end_in=0.0224625 cand_pre=9 cand_cap=20 cand=9->9 pre=9 pick(must/bucket/top/rand)=1/5/3/0 depth0=7 depth=4 dlog=3 dper=0 sims=4689 loop=4680 gen_time=0 eval_time=0.023 best_avg=-0.228922 best_move=3,5 leader=1 inc2=1 attack_w=0.694595 S0=13467 SA=15868 ratio=0.848699 my_comp=3 my_front=8 leader_comp=4 comp_gain(sz/front/cut)=0/0/0
DBG t=24 used=0.021 remain=1.391 turn_time=0.0209748 end_in=0.0209748 cand_pre=16 cand_cap=20 cand=16->16 pre=16 pick(must/bucket/top/rand)=1/7/8/0 depth0=7 depth=4 dlog=3 dper=0 sims=3032 loop=3016 gen_time=0 eval_time=0.021 best_avg=-0.183168 best_move=5,8 leader=1 inc2=1 attack_w=0.699896 S0=25032 SA=29556 ratio=0.84694 my_comp=6 my_front=14 leader_comp=7 comp_gain(sz/front/cut)=0/0/0
DBG t=37 used=0.021 remain=1.117 turn_time=0.0200883 end_in=0.0200883 cand_pre=18 cand_cap=20 cand=18->18 pre=18 pick(must/bucket/top/rand)=1/7/8/2 depth0=10 depth=6 dlog=4 dper=0 sims=1906 loop=1888 gen_time=0 eval_time=0.021 best_avg=-0.100732 best_move=3,5 leader=1 inc2=0 attack_w=0.427298 S0=39138 SA=41287 ratio=0.947951 my_comp=7 my_front=16 leader_comp=12 comp_gain(sz/front/cut)=0/0/0
DBG t=49 used=0.02 remain=0.872 turn_time=0.0190387 end_in=0.0190387 cand_pre=21 cand_cap=20 cand=21->20 pre=21 pick(must/bucket/top/rand)=1/7/8/4 depth0=10 depth=6 dlog=4 dper=0 sims=1680 loop=1660 gen_time=0 eval_time=0.02 best_avg=-0.0805639 best_move=3,5 leader=1 inc2=1 attack_w=0.363155 S0=46991 SA=48180 ratio=0.975322 my_comp=9 my_front=17 leader_comp=11 comp_gain(sz/front/cut)=0/0/0
DBG t=61 used=0.019 remain=0.643 turn_time=0.0183585 end_in=0.0183585 cand_pre=21 cand_cap=20 cand=21->20 pre=21 pick(must/bucket/top/rand)=1/7/8/4 depth0=10 depth=6 dlog=4 dper=0 sims=1496 loop=1476 gen_time=0 eval_time=0.019 best_avg=-0.0837784 best_move=6,7 leader=2 inc2=1 attack_w=0.428471 S0=52733 SA=55657 ratio=0.947465 my_comp=9 my_front=17 leader_comp=25 comp_gain(sz/front/cut)=1/2/3
DBG t=74 used=0.017 remain=0.408 turn_time=0.0166574 end_in=0.0166574 cand_pre=29 cand_cap=20 cand=29->20 pre=29 pick(must/bucket/top/rand)=1/7/8/4 depth0=11 depth=6 dlog=4 dper=1 sims=1392 loop=1372 gen_time=0 eval_time=0.017 best_avg=-0.0547069 best_move=3,5 leader=1 inc2=1 attack_w=0.466182 S0=58404 SA=62659 ratio=0.932094 my_comp=14 my_front=25 leader_comp=15 comp_gain(sz/front/cut)=0/0/0
DBG t=86 used=0.016 remain=0.21 turn_time=0.01563 end_in=0.01563 cand_pre=32 cand_cap=20 cand=32->20 pre=32 pick(must/bucket/top/rand)=1/5/10/4 depth0=11 depth=5 dlog=4 dper=2 sims=1436 loop=1416 gen_time=0 eval_time=0.016 best_avg=-0.0165072 best_move=4,9 leader=1 inc2=1 attack_w=0.394638 S0=69163 SA=71918 ratio=0.961693 my_comp=17 my_front=29 leader_comp=16 comp_gain(sz/front/cut)=0/0/0
DBG depth_guard t=99 remain=0.012 cand_pre=34 depth0=0 depth=0
DBG t=99 used=0.008 remain=0.012 turn_time=0.0072 end_in=0.0072 cand_pre=34 cand_cap=12 cand=34->12 pre=34 pick(must/bucket/top/rand)=1/6/3/2 depth0=0 depth=0 dlog=4 dper=5 sims=7520 loop=7508 gen_time=0 eval_time=0.008 best_avg=-0.0447425 best_move=3,5 leader=2 inc2=1 attack_w=0.417006 S0=74486 SA=78222 ratio=0.952239 my_comp=17 my_front=29 leader_comp=14 comp_gain(sz/front/cut)=0/0/0
DBG summary depth_guard_fired=1
Score = 98066
=== CASE 0018.txt ===
DBG hdr N=10 M=7 T=100 U=5 VMAX=2680 TIME_LIMIT=1.94 MAX_CAND=20 UCB_C=0.21 OBJ=log(S0+1)-log(SA+1)
DBG t=0 used=0.024 remain=1.94 turn_time=0.0237456 end_in=0.0237456 cand_pre=4 cand_cap=20 cand=4->4 pre=4 pick(must/bucket/top/rand)=1/2/1/0 depth0=7 depth=6 dlog=1 dper=0 sims=3460 loop=3456 gen_time=0 eval_time=0.024 best_avg=-0.217423 best_move=9,5 leader=5 inc2=1 attack_w=0.85 S0=1561 SA=2195 ratio=0.711293 my_comp=1 my_front=3 leader_comp=1 comp_gain(sz/front/cut)=1/1/0
DBG t=12 used=0.023 remain=1.661 turn_time=0.0226122 end_in=0.0226123 cand_pre=8 cand_cap=20 cand=8->8 pre=8 pick(must/bucket/top/rand)=1/4/3/0 depth0=7 depth=5 dlog=2 dper=0 sims=3080 loop=3072 gen_time=0 eval_time=0.023 best_avg=0.194012 best_move=8,5 leader=6 inc2=1 attack_w=0.2 S0=25265 SA=21062 ratio=1.19954 my_comp=4 my_front=7 leader_comp=6 comp_gain(sz/front/cut)=0/0/0
DBG t=24 used=0.022 remain=1.389 turn_time=0.0211822 end_in=0.0211822 cand_pre=14 cand_cap=20 cand=14->14 pre=14 pick(must/bucket/top/rand)=1/6/7/0 depth0=7 depth=4 dlog=3 dper=0 sims=3082 loop=3068 gen_time=0 eval_time=0.022 best_avg=0.155444 best_move=8,3 leader=6 inc2=1 attack_w=0.2 S0=35089 SA=32508 ratio=1.07939 my_comp=7 my_front=10 leader_comp=7 comp_gain(sz/front/cut)=0/0/0
DBG t=37 used=0.021 remain=1.115 turn_time=0.0200523 end_in=0.0200523 cand_pre=18 cand_cap=20 cand=18->18 pre=18 pick(must/bucket/top/rand)=1/6/9/2 depth0=10 depth=6 dlog=4 dper=0 sims=1746 loop=1728 gen_time=0 eval_time=0.021 best_avg=0.21037 best_move=8,6 leader=2 inc2=1 attack_w=0.2 S0=49546 SA=43404 ratio=1.1415 my_comp=10 my_front=15 leader_comp=10 comp_gain(sz/front/cut)=0/0/0
DBG t=49 used=0.02 remain=0.871 turn_time=0.0192389 end_in=0.0192389 cand_pre=19 cand_cap=20 cand=19->19 pre=19 pick(must/bucket/top/rand)=1/6/9/3 depth0=10 depth=6 dlog=4 dper=0 sims=1795 loop=1776 gen_time=0 eval_time=0.02 best_avg=0.140313 best_move=8,1 leader=2 inc2=1 attack_w=0.349381 S0=47980 SA=48889 ratio=0.981407 my_comp=10 my_front=15 leader_comp=9 comp_gain(sz/front/cut)=0/0/0
DBG t=61 used=0.019 remain=0.638 turn_time=0.0184284 end_in=0.0184284 cand_pre=19 cand_cap=20 cand=19->19 pre=19 pick(must/bucket/top/rand)=1/7/8/3 depth0=10 depth=6 dlog=4 dper=0 sims=1619 loop=1600 gen_time=0 eval_time=0.019 best_avg=0.248017 best_move=7,1 leader=2 inc2=1 attack_w=0.2 S0=58504 SA=52288 ratio=1.11888 my_comp=10 my_front=14 leader_comp=12 comp_gain(sz/front/cut)=0/0/0
DBG t=74 used=0.017 remain=0.402 turn_time=0.0165129 end_in=0.0165129 cand_pre=28 cand_cap=20 cand=28->20 pre=28 pick(must/bucket/top/rand)=1/6/9/4 depth0=11 depth=6 dlog=4 dper=1 sims=1396 loop=1376 gen_time=0 eval_time=0.017 best_avg=0.443089 best_move=7,3 leader=2 inc2=1 attack_w=0.2 S0=76024 SA=57282 ratio=1.32718 my_comp=15 my_front=19 leader_comp=9 comp_gain(sz/front/cut)=0/0/0
DBG t=86 used=0.016 remain=0.203 turn_time=0.0153917 end_in=0.0153918 cand_pre=29 cand_cap=20 cand=29->20 pre=29 pick(must/bucket/top/rand)=1/7/8/4 depth0=11 depth=5 dlog=4 dper=2 sims=1452 loop=1432 gen_time=0 eval_time=0.016 best_avg=0.567163 best_move=6,2 leader=1 inc2=1 attack_w=0.2 S0=93337 SA=55679 ratio=1.67633 my_comp=16 my_front=21 leader_comp=24 comp_gain(sz/front/cut)=0/0/0
DBG depth_guard t=99 remain=0.009 cand_pre=28 depth0=0 depth=0
DBG t=99 used=0.006 remain=0.009 turn_time=0.0054 end_in=0.0054 cand_pre=28 cand_cap=12 cand=28->12 pre=28 pick(must/bucket/top/rand)=1/6/3/2 depth0=0 depth=0 dlog=4 dper=5 sims=5524 loop=5512 gen_time=0 eval_time=0.006 best_avg=0.545505 best_move=8,2 leader=1 inc2=1 attack_w=0.2 S0=108310 SA=63603 ratio=1.7029 my_comp=16 my_front=21 leader_comp=24 comp_gain(sz/front/cut)=0/0/0
DBG summary depth_guard_fired=1
Score = 147663
=== CASE 0019.txt ===
DBG hdr N=10 M=3 T=100 U=4 VMAX=1941 TIME_LIMIT=1.94 MAX_CAND=20 UCB_C=0.21 OBJ=log(S0+1)-log(SA+1)
DBG t=0 used=0.024 remain=1.94 turn_time=0.0236195 end_in=0.0236195 cand_pre=5 cand_cap=20 cand=5->5 pre=5 pick(must/bucket/top/rand)=1/2/2/0 depth0=7 depth=5 dlog=2 dper=0 sims=6849 loop=6844 gen_time=0 eval_time=0.024 best_avg=-0.341868 best_move=1,3 leader=1 inc2=1 attack_w=0.85 S0=698 SA=1185 ratio=0.589376 my_comp=1 my_front=4 leader_comp=1 comp_gain(sz/front/cut)=1/2/0
DBG t=12 used=0.022 remain=1.669 turn_time=0.0212418 end_in=0.0212418 cand_pre=20 cand_cap=20 cand=20->20 pre=20 pick(must/bucket/top/rand)=1/2/13/4 depth0=7 depth=3 dlog=4 dper=0 sims=5052 loop=5032 gen_time=0 eval_time=0.022 best_avg=0.0626643 best_move=3,3 leader=1 inc2=1 attack_w=0.2 S0=20112 SA=18758 ratio=1.07218 my_comp=7 my_front=16 leader_comp=4 comp_gain(sz/front/cut)=0/0/0
DBG t=24 used=0.021 remain=1.412 turn_time=0.0204461 end_in=0.0204461 cand_pre=23 cand_cap=20 cand=23->20 pre=23 pick(must/bucket/top/rand)=1/2/13/4 depth0=7 depth=3 dlog=4 dper=0 sims=4044 loop=4024 gen_time=0 eval_time=0.021 best_avg=0.085592 best_move=3,6 leader=1 inc2=1 attack_w=0.2 S0=38392 SA=35530 ratio=1.08055 my_comp=9 my_front=19 leader_comp=8 comp_gain(sz/front/cut)=0/0/0
DBG t=37 used=0.02 remain=1.146 turn_time=0.019191 end_in=0.019191 cand_pre=30 cand_cap=20 cand=30->20 pre=30 pick(must/bucket/top/rand)=1/5/10/4 depth0=10 depth=5 dlog=4 dper=1 sims=2108 loop=2088 gen_time=0 eval_time=0.02 best_avg=0.105631 best_move=5,6 leader=1 inc2=1 attack_w=0.2 S0=56394 SA=50675 ratio=1.11285 my_comp=14 my_front=24 leader_comp=11 comp_gain(sz/front/cut)=0/0/0
DBG t=49 used=0.02 remain=0.912 turn_time=0.0190984 end_in=0.0190984 cand_pre=28 cand_cap=20 cand=28->20 pre=28 pick(must/bucket/top/rand)=1/6/9/4 depth0=10 depth=5 dlog=4 dper=1 sims=2120 loop=2100 gen_time=0 eval_time=0.02 best_avg=-0.0166072 best_move=5,6 leader=1 inc2=1 attack_w=0.225018 S0=60592 SA=58262 ratio=1.03999 my_comp=13 my_front=24 leader_comp=12 comp_gain(sz/front/cut)=0/0/0
DBG t=61 used=0.018 remain=0.686 turn_time=0.0175282 end_in=0.0175282 cand_pre=39 cand_cap=20 cand=39->20 pre=39 pick(must/bucket/top/rand)=1/6/9/4 depth0=10 depth=3 dlog=5 dper=2 sims=2144 loop=2124 gen_time=0 eval_time=0.018 best_avg=-0.0639682 best_move=5,6 leader=1 inc2=1 attack_w=0.431531 S0=63488 SA=67098 ratio=0.946199 my_comp=17 my_front=30 leader_comp=14 comp_gain(sz/front/cut)=0/0/0
DBG t=74 used=0.019 remain=0.445 turn_time=0.0183905 end_in=0.0183905 cand_pre=27 cand_cap=20 cand=27->20 pre=27 pick(must/bucket/top/rand)=1/7/8/4 depth0=11 depth=6 dlog=4 dper=1 sims=2064 loop=2044 gen_time=0 eval_time=0.019 best_avg=-0.245486 best_move=5,6 leader=1 inc2=1 attack_w=0.768849 S0=64164 SA=77802 ratio=0.824711 my_comp=11 my_front=20 leader_comp=15 comp_gain(sz/front/cut)=0/0/0
DBG t=86 used=0.017 remain=0.228 turn_time=0.0166521 end_in=0.0166521 cand_pre=35 cand_cap=20 cand=35->20 pre=35 pick(must/bucket/top/rand)=1/8/7/4 depth0=11 depth=5 dlog=4 dper=2 sims=1936 loop=1916 gen_time=0 eval_time=0.017 best_avg=-0.28016 best_move=1,1 leader=1 inc2=1 attack_w=0.85 S0=60372 SA=77802 ratio=0.775973 my_comp=15 my_front=27 leader_comp=15 comp_gain(sz/front/cut)=1/2/0
DBG depth_guard t=99 remain=0.008 cand_pre=9 depth0=0 depth=0
DBG t=99 used=0.005 remain=0.008 turn_time=0.0048 end_in=0.0048 cand_pre=9 cand_cap=12 cand=9->9 pre=9 pick(must/bucket/top/rand)=1/6/2/0 depth0=0 depth=0 dlog=3 dper=2 sims=9777 loop=9768 gen_time=0 eval_time=0.005 best_avg=-0.385749 best_move=1,1 leader=2 inc2=1 attack_w=0.85 S0=56076 SA=81998 ratio=0.683874 my_comp=3 my_front=7 leader_comp=8 comp_gain(sz/front/cut)=1/2/6
DBG summary depth_guard_fired=1
Score = 75117
=== CASE 0020.txt ===
DBG hdr N=10 M=7 T=100 U=5 VMAX=1504 TIME_LIMIT=1.94 MAX_CAND=20 UCB_C=0.21 OBJ=log(S0+1)-log(SA+1)
DBG t=0 used=0.024 remain=1.94 turn_time=0.0237456 end_in=0.0237456 cand_pre=4 cand_cap=20 cand=4->4 pre=4 pick(must/bucket/top/rand)=1/2/1/0 depth0=7 depth=6 dlog=1 dper=0 sims=3616 loop=3612 gen_time=0 eval_time=0.024 best_avg=-0.298455 best_move=0,9 leader=3 inc2=1 attack_w=0.85 S0=1033 SA=1463 ratio=0.706284 my_comp=1 my_front=3 leader_comp=1 comp_gain(sz/front/cut)=1/0/0
DBG t=12 used=0.023 remain=1.659 turn_time=0.0223399 end_in=0.0223399 cand_pre=10 cand_cap=20 cand=10->10 pre=10 pick(must/bucket/top/rand)=1/3/6/0 depth0=7 depth=4 dlog=3 dper=0 sims=3538 loop=3528 gen_time=0 eval_time=0.023 best_avg=-0.126237 best_move=3,8 leader=3 inc2=1 attack_w=0.616611 S0=13416 SA=15325 ratio=0.87544 my_comp=5 my_front=7 leader_comp=4 comp_gain(sz/front/cut)=0/0/0
DBG t=24 used=0.02 remain=1.394 turn_time=0.019947 end_in=0.019947 cand_pre=25 cand_cap=20 cand=25->20 pre=25 pick(must/bucket/top/rand)=1/7/8/4 depth0=7 depth=3 dlog=4 dper=0 sims=2908 loop=2888 gen_time=0 eval_time=0.02 best_avg=0.263215 best_move=3,8 leader=2 inc2=1 attack_w=0.2 S0=25064 SA=19402 ratio=1.29181 my_comp=12 my_front=19 leader_comp=9 comp_gain(sz/front/cut)=0/0/0
DBG t=37 used=0.019 remain=1.136 turn_time=0.0189063 end_in=0.0189063 cand_pre=31 cand_cap=20 cand=31->20 pre=31 pick(must/bucket/top/rand)=1/6/9/4 depth0=10 depth=5 dlog=4 dper=1 sims=1920 loop=1900 gen_time=0 eval_time=0.019 best_avg=0.405413 best_move=6,5 leader=3 inc2=1 attack_w=0.2 S0=38711 SA=24101 ratio=1.60617 my_comp=17 my_front=25 leader_comp=4 comp_gain(sz/front/cut)=0/0/0
DBG t=49 used=0.019 remain=0.908 turn_time=0.0183202 end_in=0.0183202 cand_pre=34 cand_cap=20 cand=34->20 pre=34 pick(must/bucket/top/rand)=1/7/8/4 depth0=10 depth=4 dlog=4 dper=2 sims=2216 loop=2196 gen_time=0 eval_time=0.019 best_avg=0.291088 best_move=6,6 leader=1 inc2=1 attack_w=0.2 S0=45445 SA=31847 ratio=1.42697 my_comp=18 my_front=25 leader_comp=11 comp_gain(sz/front/cut)=0/0/0
DBG t=61 used=0.018 remain=0.688 turn_time=0.0174646 end_in=0.0174646 cand_pre=40 cand_cap=20 cand=40->20 pre=40 pick(must/bucket/top/rand)=1/7/8/4 depth0=10 depth=3 dlog=5 dper=2 sims=2336 loop=2316 gen_time=0 eval_time=0.018 best_avg=0.475292 best_move=7,4 leader=1 inc2=1 attack_w=0.2 S0=57297 SA=37590 ratio=1.52425 my_comp=21 my_front=35 leader_comp=1 comp_gain(sz/front/cut)=0/0/0
DBG t=74 used=0.018 remain=0.457 turn_time=0.0170584 end_in=0.0170584 cand_pre=43 cand_cap=20 cand=43->20 pre=43 pick(must/bucket/top/rand)=1/7/8/4 depth0=11 depth=3 dlog=5 dper=3 sims=2176 loop=2156 gen_time=0 eval_time=0.018 best_avg=0.591683 best_move=5,7 leader=1 inc2=1 attack_w=0.2 S0=64689 SA=36470 ratio=1.77374 my_comp=23 my_front=35 leader_comp=3 comp_gain(sz/front/cut)=0/0/0
DBG t=86 used=0.017 remain=0.246 turn_time=0.0169389 end_in=0.0169389 cand_pre=44 cand_cap=20 cand=44->20 pre=44 pick(must/bucket/top/rand)=1/6/9/4 depth0=11 depth=3 dlog=5 dper=3 sims=1928 loop=1908 gen_time=0 eval_time=0.017 best_avg=0.744661 best_move=5,8 leader=1 inc2=1 attack_w=0.2 S0=67590 SA=35316 ratio=1.91384 my_comp=24 my_front=35 leader_comp=4 comp_gain(sz/front/cut)=0/0/0
DBG depth_guard t=99 remain=0.018 cand_pre=45 depth0=0 depth=0
DBG t=99 used=0.011 remain=0.018 turn_time=0.0108 end_in=0.0108 cand_pre=45 cand_cap=14 cand=45->14 pre=42 pick(must/bucket/top/rand)=1/6/4/3 depth0=0 depth=0 dlog=5 dper=4 sims=15938 loop=15924 gen_time=0 eval_time=0.011 best_avg=0.748603 best_move=6,4 leader=3 inc2=1 attack_w=0.2 S0=70501 SA=32721 ratio=2.15457 my_comp=25 my_front=35 leader_comp=7 comp_gain(sz/front/cut)=0/0/0
DBG summary depth_guard_fired=1
Score = 163133
=== CASE 0023.txt ===
DBG hdr N=10 M=5 T=100 U=1 VMAX=1610 TIME_LIMIT=1.94 MAX_CAND=20 UCB_C=0.21 OBJ=log(S0+1)-log(SA+1)
DBG t=0 used=0.024 remain=1.94 turn_time=0.0237456 end_in=0.0237456 cand_pre=4 cand_cap=20 cand=4->4 pre=4 pick(must/bucket/top/rand)=1/2/1/0 depth0=7 depth=6 dlog=1 dper=0 sims=3864 loop=3860 gen_time=0 eval_time=0.024 best_avg=-0.230378 best_move=6,4 leader=2 inc2=1 attack_w=0.85 S0=599 SA=1130 ratio=0.530504 my_comp=1 my_front=4 leader_comp=1 comp_gain(sz/front/cut)=1/2/0
DBG t=12 used=0.022 remain=1.668 turn_time=0.0219683 end_in=0.0219683 cand_pre=14 cand_cap=20 cand=14->14 pre=14 pick(must/bucket/top/rand)=1/4/9/0 depth0=7 depth=4 dlog=3 dper=0 sims=3522 loop=3508 gen_time=0 eval_time=0.022 best_avg=-0.00358733 best_move=3,2 leader=3 inc2=1 attack_w=0.2 S0=11553 SA=9272 ratio=1.24598 my_comp=5 my_front=12 leader_comp=1 comp_gain(sz/front/cut)=1/2/0
DBG t=24 used=0.023 remain=1.419 turn_time=0.0224893 end_in=0.0224893 cand_pre=7 cand_cap=20 cand=7->7 pre=7 pick(must/bucket/top/rand)=1/1/5/0 depth0=7 depth=5 dlog=2 dper=0 sims=2511 loop=2504 gen_time=0 eval_time=0.023 best_avg=0.0435906 best_move=8,1 leader=3 inc2=0 attack_w=0.2 S0=23918 SA=20017 ratio=1.19487 my_comp=2 my_front=5 leader_comp=18 comp_gain(sz/front/cut)=1/2/0
DBG t=37 used=0.018 remain=1.175 turn_time=0.0171308 end_in=0.0171308 cand_pre=51 cand_cap=20 cand=51->20 pre=51 pick(must/bucket/top/rand)=1/5/10/4 depth0=10 depth=2 dlog=5 dper=3 sims=1588 loop=1568 gen_time=0 eval_time=0.018 best_avg=0.468992 best_move=7,8 leader=4 inc2=0 attack_w=0.2 S0=29208 SA=20231 ratio=1.4437 my_comp=25 my_front=50 leader_comp=17 comp_gain(sz/front/cut)=1/2/0
DBG t=49 used=0.019 remain=0.936 turn_time=0.018408 end_in=0.018408 cand_pre=38 cand_cap=20 cand=38->20 pre=38 pick(must/bucket/top/rand)=1/4/11/4 depth0=10 depth=3 dlog=5 dper=2 sims=1760 loop=1740 gen_time=0 eval_time=0.019 best_avg=0.443052 best_move=6,9 leader=3 inc2=0 attack_w=0.2 S0=27516 SA=18673 ratio=1.47355 my_comp=18 my_front=30 leader_comp=8 comp_gain(sz/front/cut)=1/1/0
DBG t=61 used=0.018 remain=0.711 turn_time=0.0178115 end_in=0.0178115 cand_pre=42 cand_cap=20 cand=42->20 pre=42 pick(must/bucket/top/rand)=1/6/9/4 depth0=10 depth=3 dlog=5 dper=2 sims=1536 loop=1516 gen_time=0 eval_time=0.018 best_avg=0.505143 best_move=5,3 leader=3 inc2=1 attack_w=0.2 S0=29998 SA=18382 ratio=1.63189 my_comp=24 my_front=32 leader_comp=16 comp_gain(sz/front/cut)=1/0/0
DBG t=74 used=0.017 remain=0.453 turn_time=0.0166826 end_in=0.0166826 cand_pre=45 cand_cap=20 cand=45->20 pre=45 pick(must/bucket/top/rand)=1/6/9/4 depth0=11 depth=3 dlog=5 dper=3 sims=1220 loop=1200 gen_time=0 eval_time=0.017 best_avg=0.328391 best_move=8,2 leader=2 inc2=0 attack_w=0.2 S0=28566 SA=21364 ratio=1.33709 my_comp=24 my_front=35 leader_comp=20 comp_gain(sz/front/cut)=1/2/1
DBG t=86 used=0.016 remain=0.257 turn_time=0.0154292 end_in=0.0154292 cand_pre=63 cand_cap=14 cand=63->14 pre=42 pick(must/bucket/top/rand)=1/6/4/3 depth0=11 depth=2 dlog=5 dper=4 sims=1098 loop=1084 gen_time=0 eval_time=0.016 best_avg=0.868122 best_move=6,1 leader=2 inc2=0 attack_w=0.2 S0=38504 SA=17759 ratio=2.16807 my_comp=34 my_front=48 leader_comp=7 comp_gain(sz/front/cut)=1/2/0
DBG t=99 used=0.016 remain=0.025 turn_time=0.015 end_in=0.015 cand_pre=68 cand_cap=14 cand=68->14 pre=42 pick(must/bucket/top/rand)=1/6/4/3 depth0=0 depth=0 dlog=5 dper=4 sims=28002 loop=27988 gen_time=0 eval_time=0.016 best_avg=1.28609 best_move=0,1 leader=2 inc2=1 attack_w=0.2 S0=48039 SA=13077 ratio=3.67334 my_comp=42 my_front=55 leader_comp=3 comp_gain(sz/front/cut)=1/1/0
DBG summary depth_guard_fired=0
Score = 216242
=== CASE 0021.txt ===
DBG hdr N=10 M=3 T=100 U=5 VMAX=2360 TIME_LIMIT=1.94 MAX_CAND=20 UCB_C=0.21 OBJ=log(S0+1)-log(SA+1)
DBG t=0 used=0.024 remain=1.94 turn_time=0.0237456 end_in=0.0237456 cand_pre=4 cand_cap=20 cand=4->4 pre=4 pick(must/bucket/top/rand)=1/2/1/0 depth0=7 depth=6 dlog=1 dper=0 sims=6508 loop=6504 gen_time=0 eval_time=0.024 best_avg=0.444855 best_move=3,9 leader=1 inc2=1 attack_w=0.13 S0=1358 SA=786 ratio=1.72681 my_comp=1 my_front=3 leader_comp=1 comp_gain(sz/front/cut)=1/1/0
DBG t=12 used=0.023 remain=1.659 turn_time=0.0222174 end_in=0.0222174 cand_pre=11 cand_cap=20 cand=11->11 pre=11 pick(must/bucket/top/rand)=1/2/8/0 depth0=7 depth=4 dlog=3 dper=0 sims=4811 loop=4800 gen_time=0 eval_time=0.023 best_avg=0.608799 best_move=1,8 leader=2 inc2=1 attack_w=0.2 S0=25416 SA=12270 ratio=2.07131 my_comp=5 my_front=6 leader_comp=12 comp_gain(sz/front/cut)=1/2/0
DBG t=24 used=0.022 remain=1.392 turn_time=0.0214661 end_in=0.0214661 cand_pre=12 cand_cap=20 cand=12->12 pre=12 pick(must/bucket/top/rand)=1/6/5/0 depth0=7 depth=4 dlog=3 dper=0 sims=3260 loop=3248 gen_time=0 eval_time=0.022 best_avg=0.451267 best_move=4,8 leader=2 inc2=1 attack_w=0.2 S0=42070 SA=22825 ratio=1.84312 my_comp=7 my_front=8 leader_comp=20 comp_gain(sz/front/cut)=1/2/0
DBG t=37 used=0.021 remain=1.108 turn_time=0.020841 end_in=0.020841 cand_pre=10 cand_cap=20 cand=10->10 pre=10 pick(must/bucket/top/rand)=1/6/3/0 depth0=10 depth=7 dlog=3 dper=0 sims=2034 loop=2024 gen_time=0 eval_time=0.021 best_avg=0.531193 best_move=0,9 leader=1 inc2=1 attack_w=0.2 S0=49367 SA=31592 ratio=1.56262 my_comp=6 my_front=7 leader_comp=28 comp_gain(sz/front/cut)=0/0/0
DBG t=49 used=0.02 remain=0.857 turn_time=0.0199126 end_in=0.0199126 cand_pre=10 cand_cap=20 cand=10->10 pre=10 pick(must/bucket/top/rand)=1/6/3/0 depth0=10 depth=7 dlog=3 dper=0 sims=1990 loop=1980 gen_time=0 eval_time=0.02 best_avg=0.30935 best_move=2,8 leader=1 inc2=1 attack_w=0.2 S0=46693 SA=32933 ratio=1.41781 my_comp=6 my_front=7 leader_comp=29 comp_gain(sz/front/cut)=0/0/0
DBG t=61 used=0.019 remain=0.618 turn_time=0.0187777 end_in=0.0187777 cand_pre=10 cand_cap=20 cand=10->10 pre=10 pick(must/bucket/top/rand)=1/5/4/0 depth0=10 depth=7 dlog=3 dper=0 sims=1754 loop=1744 gen_time=0 eval_time=0.019 best_avg=0.387421 best_move=0,9 leader=2 inc2=1 attack_w=0.2 S0=51211 SA=35933 ratio=1.42517 my_comp=6 my_front=7 leader_comp=25 comp_gain(sz/front/cut)=0/0/0
DBG t=74 used=0.018 remain=0.378 turn_time=0.0170391 end_in=0.0170391 cand_pre=12 cand_cap=20 cand=12->12 pre=12 pick(must/bucket/top/rand)=1/6/5/0 depth0=11 depth=8 dlog=3 dper=0 sims=1908 loop=1896 gen_time=0 eval_time=0.018 best_avg=0.308175 best_move=3,9 leader=2 inc2=1 attack_w=0.2 S0=57374 SA=41718 ratio=1.37527 my_comp=7 my_front=9 leader_comp=33 comp_gain(sz/front/cut)=0/0/0
DBG t=86 used=0.015 remain=0.178 turn_time=0.0148185 end_in=0.0148185 cand_pre=13 cand_cap=20 cand=13->13 pre=13 pick(must/bucket/top/rand)=1/5/7/0 depth0=11 depth=6 dlog=3 dper=0 sims=1529 loop=1516 gen_time=0 eval_time=0.015 best_avg=0.203574 best_move=2,7 leader=2 inc2=1 attack_w=0.2 S0=63698 SA=49264 ratio=1.29299 my_comp=9 my_front=7 leader_comp=41 comp_gain(sz/front/cut)=1/0/22
DBG depth_guard t=98 remain=0.016 cand_pre=18 depth0=1 depth=0
DBG depth_guard t=99 remain=0.006 cand_pre=21 depth0=0 depth=0
DBG t=99 used=0.004 remain=0.006 turn_time=0.0036 end_in=0.0036 cand_pre=21 cand_cap=12 cand=21->12 pre=21 pick(must/bucket/top/rand)=1/7/2/2 depth0=0 depth=0 dlog=4 dper=5 sims=5048 loop=5036 gen_time=0 eval_time=0.004 best_avg=0.275969 best_move=3,6 leader=2 inc2=1 attack_w=0.2 S0=67326 SA=50799 ratio=1.32533 my_comp=13 my_front=9 leader_comp=34 comp_gain(sz/front/cut)=1/2/0
DBG summary depth_guard_fired=2
Score = 120842
=== CASE 0022.txt ===
DBG hdr N=10 M=5 T=100 U=5 VMAX=1464 TIME_LIMIT=1.94 MAX_CAND=20 UCB_C=0.21 OBJ=log(S0+1)-log(SA+1)
DBG t=0 used=0.024 remain=1.94 turn_time=0.0236195 end_in=0.0236195 cand_pre=5 cand_cap=20 cand=5->5 pre=5 pick(must/bucket/top/rand)=1/2/2/0 depth0=7 depth=5 dlog=2 dper=0 sims=5897 loop=5892 gen_time=0 eval_time=0.024 best_avg=-0.181869 best_move=9,5 leader=1 inc2=1 attack_w=0.85 S0=624 SA=1258 ratio=0.496426 my_comp=1 my_front=4 leader_comp=1 comp_gain(sz/front/cut)=1/1/0
DBG t=12 used=0.023 remain=1.66 turn_time=0.0223534 end_in=0.0223534 cand_pre=10 cand_cap=20 cand=10->10 pre=10 pick(must/bucket/top/rand)=1/3/6/0 depth0=7 depth=4 dlog=3 dper=0 sims=4890 loop=4880 gen_time=0 eval_time=0.023 best_avg=-0.0687621 best_move=8,8 leader=2 inc2=0 attack_w=0.737429 S0=13703 SA=16417 ratio=0.834694 my_comp=3 my_front=8 leader_comp=4 comp_gain(sz/front/cut)=0/0/0
DBG t=24 used=0.021 remain=1.39 turn_time=0.020722 end_in=0.020722 cand_pre=18 cand_cap=20 cand=18->18 pre=18 pick(must/bucket/top/rand)=1/3/12/2 depth0=7 depth=3 dlog=4 dper=0 sims=4286 loop=4268 gen_time=0 eval_time=0.021 best_avg=0.102767 best_move=7,9 leader=3 inc2=0 attack_w=0.2 S0=28076 SA=25039 ratio=1.12129 my_comp=7 my_front=14 leader_comp=12 comp_gain(sz/front/cut)=1/1/0
DBG t=37 used=0.02 remain=1.12 turn_time=0.01968 end_in=0.01968 cand_pre=22 cand_cap=20 cand=22->20 pre=22 pick(must/bucket/top/rand)=1/3/12/4 depth0=10 depth=6 dlog=4 dper=0 sims=2072 loop=2052 gen_time=0 eval_time=0.02 best_avg=0.132389 best_move=7,6 leader=3 inc2=0 attack_w=0.2 S0=44538 SA=38455 ratio=1.15818 my_comp=10 my_front=17 leader_comp=14 comp_gain(sz/front/cut)=0/0/0
DBG t=49 used=0.019 remain=0.88 turn_time=0.018989 end_in=0.018989 cand_pre=23 cand_cap=20 cand=23->20 pre=23 pick(must/bucket/top/rand)=1/4/11/4 depth0=10 depth=6 dlog=4 dper=0 sims=1816 loop=1796 gen_time=0 eval_time=0.019 best_avg=0.0762748 best_move=9,7 leader=3 inc2=0 attack_w=0.2 S0=55414 SA=49800 ratio=1.11273 my_comp=13 my_front=20 leader_comp=16 comp_gain(sz/front/cut)=0/0/0
DBG t=61 used=0.019 remain=0.651 turn_time=0.0183699 end_in=0.0183699 cand_pre=23 cand_cap=20 cand=23->20 pre=23 pick(must/bucket/top/rand)=1/4/11/4 depth0=10 depth=6 dlog=4 dper=0 sims=1680 loop=1660 gen_time=0 eval_time=0.019 best_avg=0.106903 best_move=7,5 leader=3 inc2=0 attack_w=0.2 S0=69213 SA=60128 ratio=1.15109 my_comp=13 my_front=20 leader_comp=19 comp_gain(sz/front/cut)=1/0/0
DBG t=74 used=0.017 remain=0.419 turn_time=0.0163732 end_in=0.0163732 cand_pre=36 cand_cap=20 cand=36->20 pre=36 pick(must/bucket/top/rand)=1/4/11/4 depth0=11 depth=4 dlog=5 dper=2 sims=1564 loop=1544 gen_time=0 eval_time=0.017 best_avg=0.208411 best_move=7,1 leader=3 inc2=0 attack_w=0.2 S0=83511 SA=70180 ratio=1.18995 my_comp=19 my_front=30 leader_comp=17 comp_gain(sz/front/cut)=0/0/0
DBG t=86 used=0.016 remain=0.218 turn_time=0.0157194 end_in=0.0157194 cand_pre=37 cand_cap=20 cand=37->20 pre=37 pick(must/bucket/top/rand)=1/4/11/4 depth0=11 depth=4 dlog=5 dper=2 sims=1448 loop=1428 gen_time=0 eval_time=0.016 best_avg=0.251476 best_move=7,2 leader=3 inc2=0 attack_w=0.2 S0=96232 SA=75745 ratio=1.27047 my_comp=20 my_front=30 leader_comp=18 comp_gain(sz/front/cut)=0/0/0
DBG depth_guard t=99 remain=0.014 cand_pre=37 depth0=0 depth=0
DBG t=99 used=0.009 remain=0.014 turn_time=0.0084 end_in=0.0084 cand_pre=37 cand_cap=14 cand=37->14 pre=37 pick(must/bucket/top/rand)=1/4/6/3 depth0=0 depth=0 dlog=5 dper=4 sims=8934 loop=8920 gen_time=0 eval_time=0.009 best_avg=0.278012 best_move=6,7 leader=3 inc2=0 attack_w=0.2 S0=105017 SA=79883 ratio=1.31463 my_comp=20 my_front=30 leader_comp=19 comp_gain(sz/front/cut)=0/0/0
DBG summary depth_guard_fired=1
Score = 121202
=== CASE 0025.txt ===
DBG hdr N=10 M=2 T=100 U=2 VMAX=1033 TIME_LIMIT=1.94 MAX_CAND=20 UCB_C=0.21 OBJ=log(S0+1)-log(SA+1)
DBG t=0 used=0.024 remain=1.94 turn_time=0.0236195 end_in=0.0236195 cand_pre=5 cand_cap=20 cand=5->5 pre=5 pick(must/bucket/top/rand)=1/2/2/0 depth0=7 depth=5 dlog=2 dper=0 sims=8369 loop=8364 gen_time=0 eval_time=0.024 best_avg=0.0699514 best_move=2,6 leader=1 inc2=1 attack_w=0.183977 S0=1027 SA=1015 ratio=1.01181 my_comp=1 my_front=4 leader_comp=1 comp_gain(sz/front/cut)=1/2/0
DBG t=12 used=0.022 remain=1.667 turn_time=0.0212164 end_in=0.0212164 cand_pre=20 cand_cap=20 cand=20->20 pre=20 pick(must/bucket/top/rand)=1/2/13/4 depth0=7 depth=3 dlog=4 dper=0 sims=5468 loop=5448 gen_time=0 eval_time=0.022 best_avg=0.128831 best_move=4,5 leader=1 inc2=1 attack_w=0.2 S0=13349 SA=11935 ratio=1.11847 my_comp=8 my_front=15 leader_comp=7 comp_gain(sz/front/cut)=1/2/0
DBG t=24 used=0.019 remain=1.423 turn_time=0.0184147 end_in=0.0184147 cand_pre=41 cand_cap=20 cand=41->20 pre=41 pick(must/bucket/top/rand)=1/3/12/4 depth0=7 depth=0 dlog=5 dper=2 sims=56308 loop=56288 gen_time=0 eval_time=0.019 best_avg=0.14813 best_move=6,8 leader=1 inc2=1 attack_w=0.2 S0=25655 SA=22152 ratio=1.15813 my_comp=18 my_front=30 leader_comp=11 comp_gain(sz/front/cut)=0/0/0
DBG t=37 used=0.018 remain=1.179 turn_time=0.0177973 end_in=0.0177973 cand_pre=46 cand_cap=20 cand=46->20 pre=46 pick(must/bucket/top/rand)=1/4/11/4 depth0=10 depth=2 dlog=5 dper=3 sims=2156 loop=2136 gen_time=0 eval_time=0.018 best_avg=0.170084 best_move=4,2 leader=1 inc2=1 attack_w=0.2 S0=37717 SA=32300 ratio=1.1677 my_comp=22 my_front=34 leader_comp=16 comp_gain(sz/front/cut)=0/0/0
DBG t=49 used=0.017 remain=0.961 turn_time=0.0168175 end_in=0.0168175 cand_pre=55 cand_cap=20 cand=55->20 pre=55 pick(must/bucket/top/rand)=1/4/11/4 depth0=10 depth=2 dlog=5 dper=3 sims=1624 loop=1604 gen_time=0 eval_time=0.017 best_avg=0.301078 best_move=1,4 leader=1 inc2=1 attack_w=0.2 S0=42825 SA=32250 ratio=1.3279 my_comp=27 my_front=41 leader_comp=16 comp_gain(sz/front/cut)=1/2/0
DBG t=61 used=0.017 remain=0.757 turn_time=0.0165667 end_in=0.0165667 cand_pre=61 cand_cap=14 cand=61->14 pre=42 pick(must/bucket/top/rand)=1/5/5/3 depth0=10 depth=1 dlog=5 dper=4 sims=1514 loop=1500 gen_time=0 eval_time=0.017 best_avg=0.397748 best_move=2,1 leader=1 inc2=1 attack_w=0.2 S0=53030 SA=36238 ratio=1.46337 my_comp=33 my_front=50 leader_comp=18 comp_gain(sz/front/cut)=0/0/0
DBG t=74 used=0.018 remain=0.536 turn_time=0.0170592 end_in=0.0170592 cand_pre=65 cand_cap=14 cand=65->14 pre=42 pick(must/bucket/top/rand)=1/5/5/3 depth0=11 depth=2 dlog=5 dper=4 sims=1230 loop=1216 gen_time=0 eval_time=0.018 best_avg=0.50962 best_move=3,2 leader=1 inc2=1 attack_w=0.2 S0=59985 SA=36216 ratio=1.65629 my_comp=38 my_front=49 leader_comp=18 comp_gain(sz/front/cut)=0/0/0
DBG t=86 used=0.019 remain=0.318 turn_time=0.0182055 end_in=0.0182055 cand_pre=69 cand_cap=14 cand=69->14 pre=42 pick(must/bucket/top/rand)=1/4/6/3 depth0=11 depth=2 dlog=5 dper=4 sims=1134 loop=1120 gen_time=0 eval_time=0.019 best_avg=0.621635 best_move=0,9 leader=1 inc2=1 attack_w=0.2 S0=66980 SA=36216 ratio=1.84944 my_comp=44 my_front=47 leader_comp=18 comp_gain(sz/front/cut)=1/0/0
DBG t=99 used=0.026 remain=0.042 turn_time=0.0252 end_in=0.0252 cand_pre=73 cand_cap=14 cand=73->14 pre=42 pick(must/bucket/top/rand)=1/4/6/3 depth0=0 depth=0 dlog=6 dper=3 sims=106442 loop=106428 gen_time=0 eval_time=0.026 best_avg=0.726705 best_move=7,4 leader=1 inc2=1 attack_w=0.2 S0=74035 SA=36162 ratio=2.04729 my_comp=47 my_front=51 leader_comp=1 comp_gain(sz/front/cut)=0/0/0
DBG summary depth_guard_fired=0
Score = 162027
=== CASE 0024.txt ===
DBG hdr N=10 M=6 T=100 U=2 VMAX=2351 TIME_LIMIT=1.94 MAX_CAND=20 UCB_C=0.21 OBJ=log(S0+1)-log(SA+1)
DBG t=0 used=0.024 remain=1.94 turn_time=0.0238717 end_in=0.0238717 cand_pre=3 cand_cap=20 cand=3->3 pre=3 pick(must/bucket/top/rand)=1/2/0/0 depth0=7 depth=6 dlog=1 dper=0 sims=3811 loop=3808 gen_time=0 eval_time=0.024 best_avg=-0.931568 best_move=0,9 leader=2 inc2=1 attack_w=0.85 S0=930 SA=2163 ratio=0.430222 my_comp=1 my_front=3 leader_comp=1 comp_gain(sz/front/cut)=1/0/0
DBG t=12 used=0.023 remain=1.657 turn_time=0.022313 end_in=0.022313 cand_pre=10 cand_cap=20 cand=10->10 pre=10 pick(must/bucket/top/rand)=1/4/5/0 depth0=7 depth=4 dlog=3 dper=0 sims=3426 loop=3416 gen_time=0 eval_time=0.023 best_avg=-1.28314 best_move=4,8 leader=2 inc2=1 attack_w=0.85 S0=5322 SA=19761 ratio=0.269355 my_comp=5 my_front=9 leader_comp=9 comp_gain(sz/front/cut)=1/2/0
DBG t=24 used=0.021 remain=1.396 turn_time=0.0205726 end_in=0.0205726 cand_pre=20 cand_cap=20 cand=20->20 pre=20 pick(must/bucket/top/rand)=1/5/10/4 depth0=7 depth=3 dlog=4 dper=0 sims=2832 loop=2812 gen_time=0 eval_time=0.021 best_avg=-0.802764 best_move=7,9 leader=1 inc2=1 attack_w=0.85 S0=14386 SA=35533 ratio=0.40488 my_comp=9 my_front=16 leader_comp=16 comp_gain(sz/front/cut)=0/0/0
DBG t=37 used=0.019 remain=1.131 turn_time=0.0187064 end_in=0.0187064 cand_pre=32 cand_cap=20 cand=32->20 pre=32 pick(must/bucket/top/rand)=1/8/7/4 depth0=10 depth=5 dlog=4 dper=1 sims=1532 loop=1512 gen_time=0 eval_time=0.019 best_avg=-0.0684265 best_move=8,5 leader=2 inc2=1 attack_w=0.8085 S0=23963 SA=29495 ratio=0.812449 my_comp=15 my_front=24 leader_comp=4 comp_gain(sz/front/cut)=1/2/0
DBG t=49 used=0.018 remain=0.903 turn_time=0.0178741 end_in=0.0178741 cand_pre=37 cand_cap=20 cand=37->20 pre=37 pick(must/bucket/top/rand)=1/8/7/4 depth0=10 depth=3 dlog=5 dper=2 sims=1836 loop=1816 gen_time=0 eval_time=0.018 best_avg=0.385827 best_move=6,4 leader=4 inc2=1 attack_w=0.2 S0=34178 SA=24028 ratio=1.42241 my_comp=19 my_front=28 leader_comp=15 comp_gain(sz/front/cut)=1/2/1
DBG t=61 used=0.018 remain=0.687 turn_time=0.0170957 end_in=0.0170957 cand_pre=43 cand_cap=20 cand=43->20 pre=43 pick(must/bucket/top/rand)=1/8/7/4 depth0=10 depth=2 dlog=5 dper=3 sims=2324 loop=2304 gen_time=0 eval_time=0.018 best_avg=0.494012 best_move=9,3 leader=3 inc2=1 attack_w=0.2 S0=46196 SA=29590 ratio=1.56118 my_comp=22 my_front=33 leader_comp=8 comp_gain(sz/front/cut)=0/0/0
DBG t=74 used=0.017 remain=0.456 turn_time=0.0169071 end_in=0.0169071 cand_pre=44 cand_cap=20 cand=44->20 pre=44 pick(must/bucket/top/rand)=1/7/8/4 depth0=11 depth=3 dlog=5 dper=3 sims=1780 loop=1760 gen_time=0 eval_time=0.017 best_avg=0.688349 best_move=6,3 leader=3 inc2=1 attack_w=0.2 S0=56076 SA=25110 ratio=2.23316 my_comp=24 my_front=36 leader_comp=2 comp_gain(sz/front/cut)=0/0/0
DBG t=86 used=0.017 remain=0.251 turn_time=0.0162343 end_in=0.0162343 cand_pre=53 cand_cap=20 cand=53->20 pre=53 pick(must/bucket/top/rand)=1/8/7/4 depth0=11 depth=3 dlog=5 dper=3 sims=1592 loop=1572 gen_time=0 eval_time=0.017 best_avg=0.689098 best_move=7,2 leader=4 inc2=1 attack_w=0.2 S0=55638 SA=30245 ratio=1.83955 my_comp=27 my_front=42 leader_comp=11 comp_gain(sz/front/cut)=0/0/0
DBG t=99 used=0.014 remain=0.022 turn_time=0.0132 end_in=0.0132 cand_pre=52 cand_cap=16 cand=52->16 pre=48 pick(must/bucket/top/rand)=1/8/3/4 depth0=0 depth=0 dlog=5 dper=4 sims=19192 loop=19176 gen_time=0 eval_time=0.014 best_avg=0.740403 best_move=2,7 leader=5 inc2=1 attack_w=0.2 S0=59839 SA=28288 ratio=2.11531 my_comp=28 my_front=40 leader_comp=19 comp_gain(sz/front/cut)=1/2/1
DBG summary depth_guard_fired=0
Score = 161923
=== CASE 0026.txt ===
DBG hdr N=10 M=3 T=100 U=1 VMAX=1795 TIME_LIMIT=1.94 MAX_CAND=20 UCB_C=0.21 OBJ=log(S0+1)-log(SA+1)
DBG t=0 used=0.024 remain=1.94 turn_time=0.0236195 end_in=0.0236195 cand_pre=5 cand_cap=20 cand=5->5 pre=5 pick(must/bucket/top/rand)=1/3/1/0 depth0=7 depth=5 dlog=2 dper=0 sims=6573 loop=6568 gen_time=0 eval_time=0.024 best_avg=0.0653981 best_move=5,4 leader=2 inc2=1 attack_w=0.20191 S0=942 SA=943 ratio=0.998941 my_comp=1 my_front=4 leader_comp=1 comp_gain(sz/front/cut)=1/2/0
DBG t=12 used=0.021 remain=1.671 turn_time=0.0204033 end_in=0.0204033 cand_pre=27 cand_cap=20 cand=27->20 pre=27 pick(must/bucket/top/rand)=1/5/10/4 depth0=7 depth=3 dlog=4 dper=0 sims=3208 loop=3188 gen_time=0 eval_time=0.021 best_avg=0.141069 best_move=4,6 leader=1 inc2=1 attack_w=0.2 S0=14325 SA=12267 ratio=1.16775 my_comp=13 my_front=22 leader_comp=13 comp_gain(sz/front/cut)=1/2/1
DBG t=24 used=0.023 remain=1.413 turn_time=0.0222733 end_in=0.0222733 cand_pre=8 cand_cap=20 cand=8->8 pre=8 pick(must/bucket/top/rand)=1/4/3/0 depth0=7 depth=5 dlog=2 dper=0 sims=4244 loop=4236 gen_time=0 eval_time=0.023 best_avg=0.234994 best_move=9,7 leader=1 inc2=1 attack_w=0.2 S0=21368 SA=15226 ratio=1.40336 my_comp=4 my_front=6 leader_comp=5 comp_gain(sz/front/cut)=0/0/0
DBG t=37 used=0.019 remain=1.156 turn_time=0.0186428 end_in=0.0186428 cand_pre=36 cand_cap=20 cand=36->20 pre=36 pick(must/bucket/top/rand)=1/5/10/4 depth0=10 depth=3 dlog=5 dper=2 sims=2428 loop=2408 gen_time=0 eval_time=0.019 best_avg=0.384219 best_move=5,9 leader=1 inc2=1 attack_w=0.2 S0=24599 SA=17958 ratio=1.36979 my_comp=19 my_front=27 leader_comp=7 comp_gain(sz/front/cut)=1/-1/0
DBG t=49 used=0.017 remain=0.934 turn_time=0.0169402 end_in=0.0169402 cand_pre=50 cand_cap=20 cand=50->20 pre=50 pick(must/bucket/top/rand)=1/5/10/4 depth0=10 depth=2 dlog=5 dper=3 sims=1668 loop=1648 gen_time=0 eval_time=0.017 best_avg=0.967304 best_move=4,9 leader=1 inc2=1 attack_w=0.2 S0=33292 SA=12465 ratio=2.6707 my_comp=30 my_front=36 leader_comp=2 comp_gain(sz/front/cut)=1/-1/0
DBG t=61 used=0.019 remain=0.722 turn_time=0.0185684 end_in=0.0185684 cand_pre=38 cand_cap=20 cand=38->20 pre=38 pick(must/bucket/top/rand)=1/4/11/4 depth0=10 depth=3 dlog=5 dper=2 sims=1956 loop=1936 gen_time=0 eval_time=0.019 best_avg=1.2851 best_move=3,9 leader=2 inc2=1 attack_w=0.2 S0=37799 SA=10517 ratio=3.59384 my_comp=24 my_front=22 leader_comp=2 comp_gain(sz/front/cut)=1/-1/0
DBG t=74 used=0.016 remain=0.488 turn_time=0.0156535 end_in=0.0156535 cand_pre=64 cand_cap=14 cand=64->14 pre=42 pick(must/bucket/top/rand)=1/4/6/3 depth0=11 depth=2 dlog=5 dper=4 sims=1138 loop=1124 gen_time=0 eval_time=0.016 best_avg=1.63602 best_move=7,5 leader=2 inc2=1 attack_w=0.2 S0=43129 SA=9463 ratio=4.55727 my_comp=40 my_front=41 leader_comp=1 comp_gain(sz/front/cut)=1/-4/0
DBG t=86 used=0.017 remain=0.292 turn_time=0.0165814 end_in=0.0165814 cand_pre=70 cand_cap=14 cand=70->14 pre=42 pick(must/bucket/top/rand)=1/6/4/3 depth0=11 depth=2 dlog=5 dper=4 sims=1098 loop=1084 gen_time=0 eval_time=0.017 best_avg=1.92201 best_move=8,8 leader=1 inc2=1 attack_w=0.2 S0=48322 SA=7636 ratio=6.32748 my_comp=46 my_front=40 leader_comp=4 comp_gain(sz/front/cut)=1/2/1
DBG t=99 used=0.02 remain=0.033 turn_time=0.0198 end_in=0.0198 cand_pre=69 cand_cap=14 cand=69->14 pre=42 pick(must/bucket/top/rand)=1/6/4/3 depth0=0 depth=0 dlog=5 dper=4 sims=67006 loop=66992 gen_time=0 eval_time=0.02 best_avg=2.06944 best_move=9,6 leader=1 inc2=1 attack_w=0.2 S0=46954 SA=6917 ratio=6.78737 my_comp=44 my_front=43 leader_comp=2 comp_gain(sz/front/cut)=2/2/1
DBG summary depth_guard_fired=0
Score = 325370
=== CASE 0029.txt ===
DBG hdr N=10 M=3 T=100 U=5 VMAX=1023 TIME_LIMIT=1.94 MAX_CAND=20 UCB_C=0.21 OBJ=log(S0+1)-log(SA+1)
DBG t=0 used=0.024 remain=1.94 turn_time=0.0236195 end_in=0.0236195 cand_pre=5 cand_cap=20 cand=5->5 pre=5 pick(must/bucket/top/rand)=1/2/2/0 depth0=7 depth=5 dlog=2 dper=0 sims=6937 loop=6932 gen_time=0 eval_time=0.024 best_avg=-0.0310834 best_move=5,8 leader=1 inc2=1 attack_w=0.203239 S0=997 SA=999 ratio=0.998 my_comp=1 my_front=4 leader_comp=1 comp_gain(sz/front/cut)=1/2/0
DBG t=12 used=0.021 remain=1.669 turn_time=0.0205021 end_in=0.0205021 cand_pre=26 cand_cap=20 cand=26->20 pre=26 pick(must/bucket/top/rand)=1/7/8/4 depth0=7 depth=3 dlog=4 dper=0 sims=3492 loop=3472 gen_time=0 eval_time=0.021 best_avg=-0.0303224 best_move=4,5 leader=1 inc2=1 attack_w=0.323247 S0=13074 SA=13164 ratio=0.993164 my_comp=10 my_front=21 leader_comp=12 comp_gain(sz/front/cut)=0/0/0
DBG t=24 used=0.018 remain=1.432 turn_time=0.0179188 end_in=0.0179188 cand_pre=46 cand_cap=20 cand=46->20 pre=46 pick(must/bucket/top/rand)=1/8/7/4 depth0=7 depth=0 dlog=5 dper=3 sims=41864 loop=41844 gen_time=0 eval_time=0.018 best_avg=0.254372 best_move=8,9 leader=2 inc2=1 attack_w=0.2 S0=25161 SA=19997 ratio=1.25823 my_comp=21 my_front=36 leader_comp=14 comp_gain(sz/front/cut)=1/1/0
DBG t=37 used=0.023 remain=1.186 turn_time=0.0226752 end_in=0.0226752 cand_pre=7 cand_cap=20 cand=7->7 pre=7 pick(must/bucket/top/rand)=1/5/1/0 depth0=10 depth=8 dlog=2 dper=0 sims=1319 loop=1312 gen_time=0 eval_time=0.023 best_avg=0.0886506 best_move=8,1 leader=2 inc2=1 attack_w=0.2 S0=30102 SA=26845 ratio=1.12132 my_comp=2 my_front=6 leader_comp=20 comp_gain(sz/front/cut)=1/2/0
DBG t=49 used=0.016 remain=0.966 turn_time=0.0157969 end_in=0.0157969 cand_pre=64 cand_cap=14 cand=64->14 pre=42 pick(must/bucket/top/rand)=1/8/2/3 depth0=10 depth=1 dlog=5 dper=4 sims=1186 loop=1172 gen_time=0 eval_time=0.016 best_avg=0.199406 best_move=5,9 leader=2 inc2=1 attack_w=0.2 S0=38093 SA=31832 ratio=1.19668 my_comp=33 my_front=47 leader_comp=22 comp_gain(sz/front/cut)=1/1/17
DBG t=61 used=0.016 remain=0.774 turn_time=0.0159067 end_in=0.0159067 cand_pre=69 cand_cap=14 cand=69->14 pre=42 pick(must/bucket/top/rand)=1/8/2/3 depth0=10 depth=1 dlog=5 dper=4 sims=1058 loop=1044 gen_time=0 eval_time=0.016 best_avg=0.245083 best_move=3,1 leader=1 inc2=1 attack_w=0.2 S0=43077 SA=35386 ratio=1.21734 my_comp=39 my_front=54 leader_comp=22 comp_gain(sz/front/cut)=1/2/1
DBG t=74 used=0.016 remain=0.543 turn_time=0.0155173 end_in=0.0155173 cand_pre=78 cand_cap=14 cand=78->14 pre=42 pick(must/bucket/top/rand)=1/8/2/3 depth0=11 depth=0 dlog=6 dper=5 sims=23802 loop=23788 gen_time=0 eval_time=0.016 best_avg=0.239519 best_move=0,8 leader=2 inc2=1 attack_w=0.2 S0=47054 SA=37748 ratio=1.24652 my_comp=45 my_front=56 leader_comp=14 comp_gain(sz/front/cut)=1/1/1
DBG t=86 used=0.022 remain=0.339 turn_time=0.021926 end_in=0.021926 cand_pre=53 cand_cap=20 cand=53->20 pre=53 pick(must/bucket/top/rand)=1/8/7/4 depth0=11 depth=4 dlog=5 dper=2 sims=1288 loop=1268 gen_time=0 eval_time=0.022 best_avg=0.179106 best_move=2,6 leader=1 inc2=1 attack_w=0.2 S0=48179 SA=38318 ratio=1.25734 my_comp=29 my_front=41 leader_comp=19 comp_gain(sz/front/cut)=1/2/0
DBG t=99 used=0.034 remain=0.055 turn_time=0.033 end_in=0.033 cand_pre=83 cand_cap=12 cand=83->12 pre=36 pick(must/bucket/top/rand)=1/8/1/2 depth0=0 depth=0 dlog=6 dper=3 sims=58104 loop=58092 gen_time=0 eval_time=0.034 best_avg=0.347787 best_move=2,8 leader=2 inc2=1 attack_w=0.2 S0=50172 SA=35714 ratio=1.40482 my_comp=48 my_front=67 leader_comp=9 comp_gain(sz/front/cut)=1/0/5
DBG summary depth_guard_fired=0
Score = 126491
=== CASE 0027.txt ===
DBG hdr N=10 M=5 T=100 U=1 VMAX=1278 TIME_LIMIT=1.94 MAX_CAND=20 UCB_C=0.21 OBJ=log(S0+1)-log(SA+1)
DBG t=0 used=0.024 remain=1.94 turn_time=0.0237456 end_in=0.0237456 cand_pre=4 cand_cap=20 cand=4->4 pre=4 pick(must/bucket/top/rand)=1/2/1/0 depth0=7 depth=6 dlog=1 dper=0 sims=4380 loop=4376 gen_time=0 eval_time=0.024 best_avg=0.315378 best_move=3,9 leader=4 inc2=1 attack_w=0.819098 S0=928 SA=1147 ratio=0.809233 my_comp=1 my_front=3 leader_comp=1 comp_gain(sz/front/cut)=1/1/0
DBG t=12 used=0.021 remain=1.669 turn_time=0.0201323 end_in=0.0201323 cand_pre=29 cand_cap=20 cand=29->20 pre=29 pick(must/bucket/top/rand)=1/5/10/4 depth0=7 depth=2 dlog=4 dper=1 sims=3492 loop=3472 gen_time=0 eval_time=0.021 best_avg=0.429794 best_move=6,2 leader=2 inc2=0 attack_w=0.2 S0=13861 SA=11457 ratio=1.20981 my_comp=13 my_front=23 leader_comp=5 comp_gain(sz/front/cut)=1/2/1
DBG t=24 used=0.02 remain=1.409 turn_time=0.0191976 end_in=0.0191976 cand_pre=33 cand_cap=20 cand=33->20 pre=33 pick(must/bucket/top/rand)=1/6/9/4 depth0=7 depth=2 dlog=4 dper=1 sims=2748 loop=2728 gen_time=0 eval_time=0.02 best_avg=0.684807 best_move=8,7 leader=2 inc2=1 attack_w=0.2 S0=21305 SA=10470 ratio=2.03476 my_comp=15 my_front=22 leader_comp=1 comp_gain(sz/front/cut)=1/2/0
DBG t=37 used=0.019 remain=1.147 turn_time=0.0183793 end_in=0.0183793 cand_pre=37 cand_cap=20 cand=37->20 pre=37 pick(must/bucket/top/rand)=1/6/9/4 depth0=10 depth=3 dlog=5 dper=2 sims=2080 loop=2060 gen_time=0 eval_time=0.019 best_avg=0.639055 best_move=7,5 leader=4 inc2=1 attack_w=0.2 S0=24316 SA=11906 ratio=2.04224 my_comp=17 my_front=30 leader_comp=3 comp_gain(sz/front/cut)=1/2/0
DBG t=49 used=0.018 remain=0.919 turn_time=0.0176052 end_in=0.0176052 cand_pre=42 cand_cap=20 cand=42->20 pre=42 pick(must/bucket/top/rand)=1/6/9/4 depth0=10 depth=3 dlog=5 dper=2 sims=1612 loop=1592 gen_time=0 eval_time=0.018 best_avg=0.276982 best_move=6,7 leader=2 inc2=1 attack_w=0.2 S0=22312 SA=17107 ratio=1.30424 my_comp=20 my_front=34 leader_comp=17 comp_gain(sz/front/cut)=1/2/0
DBG t=61 used=0.016 remain=0.713 turn_time=0.0158414 end_in=0.0158414 cand_pre=59 cand_cap=20 cand=59->20 pre=59 pick(must/bucket/top/rand)=1/6/9/4 depth0=10 depth=1 dlog=5 dper=4 sims=1292 loop=1272 gen_time=0 eval_time=0.016 best_avg=0.835859 best_move=6,3 leader=1 inc2=1 attack_w=0.2 S0=34072 SA=14975 ratio=2.27517 my_comp=32 my_front=47 leader_comp=7 comp_gain(sz/front/cut)=1/2/0
DBG t=74 used=0.019 remain=0.473 turn_time=0.0186016 end_in=0.0186016 cand_pre=35 cand_cap=20 cand=35->20 pre=35 pick(must/bucket/top/rand)=1/6/9/4 depth0=11 depth=5 dlog=4 dper=2 sims=1092 loop=1072 gen_time=0 eval_time=0.019 best_avg=0.771996 best_move=6,2 leader=4 inc2=0 attack_w=0.2 S0=38158 SA=20210 ratio=1.88803 my_comp=21 my_front=26 leader_comp=12 comp_gain(sz/front/cut)=16/27/0
DBG t=86 used=0.023 remain=0.269 turn_time=0.022644 end_in=0.022644 cand_pre=11 cand_cap=20 cand=11->11 pre=11 pick(must/bucket/top/rand)=1/4/6/0 depth0=11 depth=8 dlog=3 dper=0 sims=1043 loop=1032 gen_time=0 eval_time=0.023 best_avg=1.02715 best_move=1,0 leader=4 inc2=1 attack_w=0.2 S0=43633 SA=15165 ratio=2.87709 my_comp=6 my_front=8 leader_comp=1 comp_gain(sz/front/cut)=1/1/0
DBG t=99 used=0.013 remain=0.021 turn_time=0.0126 end_in=0.0126 cand_pre=26 cand_cap=16 cand=26->16 pre=26 pick(must/bucket/top/rand)=1/4/7/4 depth0=0 depth=0 dlog=4 dper=2 sims=23536 loop=23520 gen_time=0 eval_time=0.013 best_avg=1.1311 best_move=7,2 leader=2 inc2=1 attack_w=0.2 S0=48828 SA=16350 ratio=2.9863 my_comp=16 my_front=16 leader_comp=9 comp_gain(sz/front/cut)=31/29/1
DBG summary depth_guard_fired=0
Score = 202396
=== CASE 0028.txt ===
DBG hdr N=10 M=5 T=100 U=3 VMAX=1872 TIME_LIMIT=1.94 MAX_CAND=20 UCB_C=0.21 OBJ=log(S0+1)-log(SA+1)
DBG t=0 used=0.024 remain=1.94 turn_time=0.0238717 end_in=0.0238717 cand_pre=3 cand_cap=20 cand=3->3 pre=3 pick(must/bucket/top/rand)=1/2/0/0 depth0=7 depth=6 dlog=1 dper=0 sims=4807 loop=4804 gen_time=0 eval_time=0.024 best_avg=-0.34452 best_move=0,0 leader=4 inc2=1 attack_w=0.13 S0=1172 SA=1046 ratio=1.12034 my_comp=1 my_front=2 leader_comp=1 comp_gain(sz/front/cut)=0/0/0
DBG t=12 used=0.022 remain=1.658 turn_time=0.0219591 end_in=0.0219591 cand_pre=13 cand_cap=20 cand=13->13 pre=13 pick(must/bucket/top/rand)=1/4/8/0 depth0=7 depth=4 dlog=3 dper=0 sims=3853 loop=3840 gen_time=0 eval_time=0.022 best_avg=-0.0678692 best_move=1,2 leader=1 inc2=0 attack_w=0.434994 S0=13068 SA=13832 ratio=0.94477 my_comp=7 my_front=9 leader_comp=12 comp_gain(sz/front/cut)=0/0/0
DBG t=24 used=0.021 remain=1.392 turn_time=0.0206327 end_in=0.0206327 cand_pre=19 cand_cap=20 cand=19->19 pre=19 pick(must/bucket/top/rand)=1/5/10/3 depth0=7 depth=3 dlog=4 dper=0 sims=3455 loop=3436 gen_time=0 eval_time=0.021 best_avg=-0.152336 best_move=0,6 leader=1 inc2=0 attack_w=0.790705 S0=21896 SA=26771 ratio=0.817907 my_comp=11 my_front=13 leader_comp=19 comp_gain(sz/front/cut)=1/1/1
DBG t=37 used=0.02 remain=1.123 turn_time=0.0196168 end_in=0.0196168 cand_pre=23 cand_cap=20 cand=23->20 pre=23 pick(must/bucket/top/rand)=1/7/8/4 depth0=10 depth=6 dlog=4 dper=0 sims=428 loop=408 gen_time=0 eval_time=0.02 best_avg=-0.186952 best_move=0,5 leader=1 inc2=0 attack_w=0.814333 S0=27973 SA=34506 ratio=0.810676 my_comp=13 my_front=16 leader_comp=5 comp_gain(sz/front/cut)=0/0/0
DBG t=49 used=0.018 remain=0.891 turn_time=0.0178637 end_in=0.0178637 cand_pre=35 cand_cap=20 cand=35->20 pre=35 pick(must/bucket/top/rand)=1/6/9/4 depth0=10 depth=4 dlog=4 dper=2 sims=1736 loop=1716 gen_time=0 eval_time=0.018 best_avg=0.21104 best_move=0,5 leader=1 inc2=0 attack_w=0.2 S0=39958 SA=33709 ratio=1.18538 my_comp=20 my_front=24 leader_comp=23 comp_gain(sz/front/cut)=0/0/0
DBG t=61 used=0.021 remain=0.668 turn_time=0.0209649 end_in=0.0209649 cand_pre=4 cand_cap=20 cand=4->4 pre=4 pick(must/bucket/top/rand)=1/3/0/0 depth0=10 depth=9 dlog=1 dper=0 sims=1196 loop=1192 gen_time=0 eval_time=0.021 best_avg=0.366636 best_move=6,7 leader=1 inc2=0 attack_w=0.2 S0=44660 SA=32760 ratio=1.36324 my_comp=1 my_front=4 leader_comp=24 comp_gain(sz/front/cut)=0/0/0
DBG t=74 used=0.019 remain=0.412 turn_time=0.0180567 end_in=0.0180567 cand_pre=17 cand_cap=20 cand=17->17 pre=17 pick(must/bucket/top/rand)=1/6/9/1 depth0=11 depth=8 dlog=3 dper=0 sims=1321 loop=1304 gen_time=0 eval_time=0.019 best_avg=0.344529 best_move=9,8 leader=1 inc2=0 attack_w=0.2 S0=49033 SA=33215 ratio=1.47622 my_comp=6 my_front=14 leader_comp=12 comp_gain(sz/front/cut)=1/1/1
DBG t=86 used=0.017 remain=0.196 turn_time=0.016499 end_in=0.016499 cand_pre=11 cand_cap=20 cand=11->11 pre=11 pick(must/bucket/top/rand)=1/5/5/0 depth0=11 depth=6 dlog=3 dper=0 sims=1615 loop=1604 gen_time=0 eval_time=0.017 best_avg=0.54621 best_move=9,7 leader=2 inc2=1 attack_w=0.2 S0=53816 SA=29783 ratio=1.80691 my_comp=4 my_front=9 leader_comp=19 comp_gain(sz/front/cut)=1/-1/0
DBG depth_guard t=98 remain=0.018 cand_pre=9 depth0=1 depth=0
DBG depth_guard t=99 remain=0.007 cand_pre=10 depth0=0 depth=0
DBG t=99 used=0.005 remain=0.007 turn_time=0.0042 end_in=0.0042 cand_pre=10 cand_cap=12 cand=10->10 pre=10 pick(must/bucket/top/rand)=1/2/7/0 depth0=0 depth=0 dlog=3 dper=2 sims=5954 loop=5944 gen_time=0 eval_time=0.005 best_avg=0.468291 best_move=7,8 leader=2 inc2=0 attack_w=0.2 S0=51673 SA=31484 ratio=1.64123 my_comp=4 my_front=6 leader_comp=18 comp_gain(sz/front/cut)=1/2/0
DBG summary depth_guard_fired=2
Score = 135415
=== CASE 0031.txt ===
DBG hdr N=10 M=2 T=100 U=3 VMAX=3223 TIME_LIMIT=1.94 MAX_CAND=20 UCB_C=0.21 OBJ=log(S0+1)-log(SA+1)
DBG t=0 used=0.024 remain=1.94 turn_time=0.0236195 end_in=0.0236195 cand_pre=5 cand_cap=20 cand=5->5 pre=5 pick(must/bucket/top/rand)=1/2/2/0 depth0=7 depth=5 dlog=2 dper=0 sims=9309 loop=9304 gen_time=0 eval_time=0.024 best_avg=0.00217546 best_move=9,8 leader=1 inc2=1 attack_w=0.85 S0=347 SA=1050 ratio=0.331113 my_comp=1 my_front=4 leader_comp=1 comp_gain(sz/front/cut)=1/1/0
DBG t=12 used=0.022 remain=1.661 turn_time=0.0213854 end_in=0.0213854 cand_pre=18 cand_cap=20 cand=18->18 pre=18 pick(must/bucket/top/rand)=1/4/11/2 depth0=7 depth=3 dlog=4 dper=0 sims=5802 loop=5784 gen_time=0 eval_time=0.022 best_avg=-0.227866 best_move=8,4 leader=1 inc2=1 attack_w=0.491059 S0=18390 SA=19941 ratio=0.922224 my_comp=7 my_front=13 leader_comp=13 comp_gain(sz/front/cut)=0/0/0
DBG t=24 used=0.021 remain=1.403 turn_time=0.0204358 end_in=0.0204358 cand_pre=22 cand_cap=20 cand=22->20 pre=22 pick(must/bucket/top/rand)=1/4/11/4 depth0=7 depth=3 dlog=4 dper=0 sims=3928 loop=3908 gen_time=0 eval_time=0.021 best_avg=-0.180389 best_move=6,5 leader=1 inc2=1 attack_w=0.706053 S0=35796 SA=42367 ratio=0.844907 my_comp=11 my_front=18 leader_comp=20 comp_gain(sz/front/cut)=1/2/0
DBG t=37 used=0.019 remain=1.146 turn_time=0.0183633 end_in=0.0183633 cand_pre=37 cand_cap=20 cand=37->20 pre=37 pick(must/bucket/top/rand)=1/4/11/4 depth0=10 depth=3 dlog=5 dper=2 sims=2280 loop=2260 gen_time=0 eval_time=0.019 best_avg=-0.0874307 best_move=3,5 leader=1 inc2=1 attack_w=0.498997 S0=55443 SA=60322 ratio=0.919119 my_comp=18 my_front=29 leader_comp=26 comp_gain(sz/front/cut)=0/0/0
DBG t=49 used=0.017 remain=0.925 turn_time=0.0168949 end_in=0.0168949 cand_pre=49 cand_cap=20 cand=49->20 pre=49 pick(must/bucket/top/rand)=1/8/7/4 depth0=10 depth=2 dlog=5 dper=3 sims=1944 loop=1924 gen_time=0 eval_time=0.017 best_avg=0.130495 best_move=4,3 leader=1 inc2=1 attack_w=0.263179 S0=66936 SA=65541 ratio=1.02128 my_comp=24 my_front=41 leader_comp=21 comp_gain(sz/front/cut)=0/0/0
DBG t=61 used=0.018 remain=0.716 turn_time=0.0172207 end_in=0.0172207 cand_pre=48 cand_cap=20 cand=48->20 pre=48 pick(must/bucket/top/rand)=1/8/7/4 depth0=10 depth=2 dlog=5 dper=3 sims=1768 loop=1748 gen_time=0 eval_time=0.018 best_avg=0.348161 best_move=6,4 leader=1 inc2=1 attack_w=0.2 S0=75485 SA=55281 ratio=1.36547 my_comp=24 my_front=41 leader_comp=29 comp_gain(sz/front/cut)=1/0/1
DBG t=74 used=0.017 remain=0.479 turn_time=0.0168018 end_in=0.0168018 cand_pre=52 cand_cap=20 cand=52->20 pre=52 pick(must/bucket/top/rand)=1/8/7/4 depth0=11 depth=3 dlog=5 dper=3 sims=1560 loop=1540 gen_time=0 eval_time=0.017 best_avg=0.68556 best_move=4,2 leader=1 inc2=1 attack_w=0.2 S0=85793 SA=43390 ratio=1.97723 my_comp=27 my_front=43 leader_comp=9 comp_gain(sz/front/cut)=0/0/0
DBG t=86 used=0.018 remain=0.268 turn_time=0.0173339 end_in=0.0173339 cand_pre=53 cand_cap=20 cand=53->20 pre=53 pick(must/bucket/top/rand)=1/8/7/4 depth0=11 depth=3 dlog=5 dper=3 sims=1368 loop=1348 gen_time=0 eval_time=0.018 best_avg=1.00589 best_move=5,2 leader=1 inc2=1 attack_w=0.2 S0=92304 SA=35846 ratio=2.57497 my_comp=27 my_front=43 leader_comp=28 comp_gain(sz/front/cut)=1/2/1
DBG t=99 used=0.017 remain=0.027 turn_time=0.0162 end_in=0.0162 cand_pre=61 cand_cap=14 cand=61->14 pre=42 pick(must/bucket/top/rand)=1/8/2/3 depth0=0 depth=0 dlog=5 dper=4 sims=63894 loop=63880 gen_time=0 eval_time=0.017 best_avg=1.44309 best_move=1,0 leader=1 inc2=1 attack_w=0.2 S0=93203 SA=22708 ratio=4.10428 my_comp=34 my_front=50 leader_comp=5 comp_gain(sz/front/cut)=1/1/0
DBG summary depth_guard_fired=0
Score = 239410
=== CASE 0030.txt ===
DBG hdr N=10 M=5 T=100 U=2 VMAX=2124 TIME_LIMIT=1.94 MAX_CAND=20 UCB_C=0.21 OBJ=log(S0+1)-log(SA+1)
DBG t=0 used=0.024 remain=1.94 turn_time=0.0236195 end_in=0.0236195 cand_pre=5 cand_cap=20 cand=5->5 pre=5 pick(must/bucket/top/rand)=1/2/2/0 depth0=7 depth=5 dlog=2 dper=0 sims=5053 loop=5048 gen_time=0 eval_time=0.024 best_avg=0.187587 best_move=7,6 leader=3 inc2=0 attack_w=0.442251 S0=1083 SA=1150 ratio=0.94179 my_comp=1 my_front=4 leader_comp=1 comp_gain(sz/front/cut)=1/2/0
DBG t=12 used=0.022 remain=1.668 turn_time=0.0211059 end_in=0.0211059 cand_pre=21 cand_cap=20 cand=21->20 pre=21 pick(must/bucket/top/rand)=1/2/13/4 depth0=7 depth=3 dlog=4 dper=0 sims=3928 loop=3908 gen_time=0 eval_time=0.022 best_avg=0.629336 best_move=9,8 leader=2 inc2=1 attack_w=0.2 S0=20805 SA=9660 ratio=2.15361 my_comp=8 my_front=16 leader_comp=5 comp_gain(sz/front/cut)=0/0/0
DBG t=24 used=0.02 remain=1.416 turn_time=0.0196563 end_in=0.0196563 cand_pre=30 cand_cap=20 cand=30->20 pre=30 pick(must/bucket/top/rand)=1/4/11/4 depth0=7 depth=2 dlog=4 dper=1 sims=3024 loop=3004 gen_time=0 eval_time=0.02 best_avg=0.406015 best_move=8,5 leader=1 inc2=0 attack_w=0.2 S0=33467 SA=21910 ratio=1.52745 my_comp=15 my_front=21 leader_comp=13 comp_gain(sz/front/cut)=0/0/0
DBG t=37 used=0.02 remain=1.154 turn_time=0.0192059 end_in=0.0192059 cand_pre=31 cand_cap=20 cand=31->20 pre=31 pick(must/bucket/top/rand)=1/8/7/4 depth0=10 depth=5 dlog=4 dper=1 sims=1440 loop=1420 gen_time=0 eval_time=0.02 best_avg=0.47131 best_move=8,6 leader=1 inc2=1 attack_w=0.2 S0=38074 SA=23535 ratio=1.61773 my_comp=17 my_front=24 leader_comp=14 comp_gain(sz/front/cut)=1/0/0
DBG t=49 used=0.018 remain=0.927 turn_time=0.0178766 end_in=0.0178766 cand_pre=41 cand_cap=20 cand=41->20 pre=41 pick(must/bucket/top/rand)=1/7/8/4 depth0=10 depth=3 dlog=5 dper=2 sims=1564 loop=1544 gen_time=0 eval_time=0.018 best_avg=0.711601 best_move=7,6 leader=1 inc2=1 attack_w=0.2 S0=43704 SA=21987 ratio=1.98768 my_comp=23 my_front=30 leader_comp=15 comp_gain(sz/front/cut)=1/-2/0
DBG t=61 used=0.018 remain=0.71 turn_time=0.0170764 end_in=0.0170764 cand_pre=48 cand_cap=20 cand=48->20 pre=48 pick(must/bucket/top/rand)=1/8/7/4 depth0=10 depth=2 dlog=5 dper=3 sims=1784 loop=1764 gen_time=0 eval_time=0.018 best_avg=0.819503 best_move=2,8 leader=1 inc2=1 attack_w=0.2 S0=46465 SA=20906 ratio=2.22251 my_comp=27 my_front=34 leader_comp=4 comp_gain(sz/front/cut)=1/2/3
DBG t=74 used=0.022 remain=0.461 turn_time=0.0212415 end_in=0.0212415 cand_pre=8 cand_cap=20 cand=8->8 pre=8 pick(must/bucket/top/rand)=1/4/3/0 depth0=11 depth=9 dlog=2 dper=0 sims=1208 loop=1200 gen_time=0 eval_time=0.022 best_avg=0.72397 best_move=6,1 leader=4 inc2=1 attack_w=0.2 S0=50690 SA=22895 ratio=2.21397 my_comp=3 my_front=5 leader_comp=17 comp_gain(sz/front/cut)=1/2/0
DBG t=86 used=0.018 remain=0.225 turn_time=0.0174777 end_in=0.0174777 cand_pre=25 cand_cap=20 cand=25->20 pre=25 pick(must/bucket/top/rand)=1/7/8/4 depth0=11 depth=6 dlog=4 dper=1 sims=1324 loop=1304 gen_time=0 eval_time=0.018 best_avg=0.241153 best_move=3,0 leader=4 inc2=1 attack_w=0.2 S0=42697 SA=27268 ratio=1.56581 my_comp=14 my_front=19 leader_comp=19 comp_gain(sz/front/cut)=0/0/0
DBG depth_guard t=99 remain=0.012 cand_pre=30 depth0=0 depth=0
DBG t=99 used=0.008 remain=0.012 turn_time=0.0072 end_in=0.0072 cand_pre=30 cand_cap=12 cand=30->12 pre=30 pick(must/bucket/top/rand)=1/3/6/2 depth0=0 depth=0 dlog=4 dper=4 sims=8740 loop=8728 gen_time=0 eval_time=0.008 best_avg=0.18956 best_move=7,2 leader=2 inc2=0 attack_w=0.2 S0=39233 SA=34235 ratio=1.14599 my_comp=18 my_front=25 leader_comp=19 comp_gain(sz/front/cut)=1/-4/0
DBG summary depth_guard_fired=1
Score = 112032
=== CASE 0032.txt ===
DBG hdr N=10 M=3 T=100 U=5 VMAX=1964 TIME_LIMIT=1.94 MAX_CAND=20 UCB_C=0.21 OBJ=log(S0+1)-log(SA+1)
DBG t=0 used=0.024 remain=1.94 turn_time=0.0236195 end_in=0.0236195 cand_pre=5 cand_cap=20 cand=5->5 pre=5 pick(must/bucket/top/rand)=1/2/2/0 depth0=7 depth=5 dlog=2 dper=0 sims=7525 loop=7520 gen_time=0 eval_time=0.024 best_avg=-0.34901 best_move=2,1 leader=1 inc2=1 attack_w=0.85 S0=645 SA=1213 ratio=0.532125 my_comp=1 my_front=4 leader_comp=1 comp_gain(sz/front/cut)=1/2/0
DBG t=12 used=0.021 remain=1.673 turn_time=0.0207984 end_in=0.0207984 cand_pre=24 cand_cap=20 cand=24->20 pre=24 pick(must/bucket/top/rand)=1/2/13/4 depth0=7 depth=3 dlog=4 dper=0 sims=4360 loop=4340 gen_time=0 eval_time=0.021 best_avg=0.32126 best_move=2,7 leader=1 inc2=1 attack_w=0.2 S0=18138 SA=13887 ratio=1.30609 my_comp=9 my_front=20 leader_comp=4 comp_gain(sz/front/cut)=1/2/0
DBG t=24 used=0.02 remain=1.422 turn_time=0.0197396 end_in=0.0197396 cand_pre=30 cand_cap=20 cand=30->20 pre=30 pick(must/bucket/top/rand)=1/3/12/4 depth0=7 depth=2 dlog=4 dper=1 sims=3428 loop=3408 gen_time=0 eval_time=0.02 best_avg=0.170775 best_move=0,5 leader=1 inc2=1 attack_w=0.2 S0=39584 SA=32184 ratio=1.22992 my_comp=12 my_front=25 leader_comp=8 comp_gain(sz/front/cut)=0/0/0
DBG t=37 used=0.019 remain=1.163 turn_time=0.0188757 end_in=0.0188757 cand_pre=35 cand_cap=20 cand=35->20 pre=35 pick(must/bucket/top/rand)=1/7/8/4 depth0=10 depth=4 dlog=4 dper=2 sims=2080 loop=2060 gen_time=0 eval_time=0.019 best_avg=0.132121 best_move=0,8 leader=1 inc2=1 attack_w=0.2 S0=52931 SA=45011 ratio=1.17595 my_comp=17 my_front=27 leader_comp=10 comp_gain(sz/front/cut)=0/0/0
DBG t=49 used=0.018 remain=0.936 turn_time=0.0175729 end_in=0.0175729 cand_pre=45 cand_cap=20 cand=45->20 pre=45 pick(must/bucket/top/rand)=1/6/9/4 depth0=10 depth=2 dlog=5 dper=3 sims=2480 loop=2460 gen_time=0 eval_time=0.018 best_avg=0.392989 best_move=1,8 leader=1 inc2=1 attack_w=0.2 S0=62031 SA=44607 ratio=1.3906 my_comp=22 my_front=35 leader_comp=3 comp_gain(sz/front/cut)=0/0/0
DBG t=61 used=0.02 remain=0.706 turn_time=0.0195689 end_in=0.0195689 cand_pre=26 cand_cap=20 cand=26->20 pre=26 pick(must/bucket/top/rand)=1/7/8/4 depth0=10 depth=6 dlog=4 dper=0 sims=2116 loop=2096 gen_time=0 eval_time=0.02 best_avg=0.461957 best_move=4,7 leader=1 inc2=1 attack_w=0.2 S0=68893 SA=44734 ratio=1.54005 my_comp=14 my_front=21 leader_comp=7 comp_gain(sz/front/cut)=0/0/0
DBG t=74 used=0.019 remain=0.45 turn_time=0.0181471 end_in=0.0181471 cand_pre=31 cand_cap=20 cand=31->20 pre=31 pick(must/bucket/top/rand)=1/8/7/4 depth0=11 depth=6 dlog=4 dper=1 sims=1752 loop=1732 gen_time=0 eval_time=0.019 best_avg=0.460953 best_move=5,9 leader=1 inc2=1 attack_w=0.2 S0=77468 SA=46171 ratio=1.67784 my_comp=16 my_front=23 leader_comp=9 comp_gain(sz/front/cut)=1/1/0
DBG t=86 used=0.018 remain=0.233 turn_time=0.0173419 end_in=0.0173419 cand_pre=32 cand_cap=20 cand=32->20 pre=32 pick(must/bucket/top/rand)=1/6/9/4 depth0=11 depth=5 dlog=4 dper=2 sims=1836 loop=1816 gen_time=0 eval_time=0.018 best_avg=0.554844 best_move=0,9 leader=1 inc2=1 attack_w=0.2 S0=80953 SA=43075 ratio=1.87933 my_comp=18 my_front=24 leader_comp=11 comp_gain(sz/front/cut)=0/0/0
DBG depth_guard t=99 remain=0.014 cand_pre=39 depth0=0 depth=0
DBG t=99 used=0.009 remain=0.014 turn_time=0.0084 end_in=0.0084 cand_pre=39 cand_cap=14 cand=39->14 pre=39 pick(must/bucket/top/rand)=1/8/2/3 depth0=0 depth=0 dlog=5 dper=5 sims=20154 loop=20140 gen_time=0 eval_time=0.009 best_avg=0.759598 best_move=4,4 leader=1 inc2=1 attack_w=0.2 S0=91072 SA=43140 ratio=2.11105 my_comp=22 my_front=32 leader_comp=1 comp_gain(sz/front/cut)=0/0/0
DBG summary depth_guard_fired=1
Score = 169003
=== CASE 0033.txt ===
DBG hdr N=10 M=8 T=100 U=4 VMAX=2465 TIME_LIMIT=1.94 MAX_CAND=20 UCB_C=0.21 OBJ=log(S0+1)-log(SA+1)
DBG t=0 used=0.024 remain=1.94 turn_time=0.0237456 end_in=0.0237456 cand_pre=4 cand_cap=20 cand=4->4 pre=4 pick(must/bucket/top/rand)=1/2/1/0 depth0=7 depth=6 dlog=1 dper=0 sims=2792 loop=2788 gen_time=0 eval_time=0.024 best_avg=-0.796242 best_move=7,8 leader=7 inc2=1 attack_w=0.85 S0=457 SA=1553 ratio=0.294723 my_comp=1 my_front=4 leader_comp=1 comp_gain(sz/front/cut)=1/2/0
DBG t=12 used=0.023 remain=1.663 turn_time=0.022271 end_in=0.022271 cand_pre=11 cand_cap=20 cand=11->11 pre=11 pick(must/bucket/top/rand)=1/7/3/0 depth0=7 depth=4 dlog=3 dper=0 sims=3199 loop=3188 gen_time=0 eval_time=0.023 best_avg=-0.110915 best_move=7,5 leader=2 inc2=1 attack_w=0.85 S0=14140 SA=20308 ratio=0.696292 my_comp=4 my_front=10 leader_comp=5 comp_gain(sz/front/cut)=0/0/0
DBG t=24 used=0.022 remain=1.396 turn_time=0.0215278 end_in=0.0215278 cand_pre=12 cand_cap=20 cand=12->12 pre=12 pick(must/bucket/top/rand)=1/6/5/0 depth0=7 depth=4 dlog=3 dper=0 sims=2472 loop=2460 gen_time=0 eval_time=0.022 best_avg=-0.085353 best_move=6,5 leader=2 inc2=1 attack_w=0.653673 S0=24292 SA=28164 ratio=0.862524 my_comp=6 my_front=12 leader_comp=3 comp_gain(sz/front/cut)=0/0/0
DBG t=37 used=0.021 remain=1.12 turn_time=0.0203733 end_in=0.0203733 cand_pre=16 cand_cap=20 cand=16->16 pre=16 pick(must/bucket/top/rand)=1/6/9/0 depth0=10 depth=7 dlog=3 dper=0 sims=1552 loop=1536 gen_time=0 eval_time=0.021 best_avg=-0.123931 best_move=9,5 leader=6 inc2=1 attack_w=0.592353 S0=35922 SA=40631 ratio=0.884106 my_comp=8 my_front=14 leader_comp=8 comp_gain(sz/front/cut)=0/0/0
DBG t=49 used=0.02 remain=0.875 turn_time=0.0195502 end_in=0.0195502 cand_pre=17 cand_cap=20 cand=17->17 pre=17 pick(must/bucket/top/rand)=1/4/11/1 depth0=10 depth=7 dlog=3 dper=0 sims=1385 loop=1368 gen_time=0 eval_time=0.02 best_avg=-0.0350271 best_move=6,4 leader=6 inc2=1 attack_w=0.278364 S0=45401 SA=44773 ratio=1.01403 my_comp=9 my_front=14 leader_comp=7 comp_gain(sz/front/cut)=0/0/0
DBG t=61 used=0.019 remain=0.642 turn_time=0.0184369 end_in=0.0184369 cand_pre=20 cand_cap=20 cand=20->20 pre=20 pick(must/bucket/top/rand)=1/4/11/4 depth0=10 depth=6 dlog=4 dper=0 sims=1452 loop=1432 gen_time=0 eval_time=0.019 best_avg=0.0452801 best_move=5,6 leader=6 inc2=1 attack_w=0.2 S0=48865 SA=44773 ratio=1.09139 my_comp=11 my_front=18 leader_comp=7 comp_gain(sz/front/cut)=0/0/0
DBG t=74 used=0.017 remain=0.402 turn_time=0.0168144 end_in=0.0168144 cand_pre=25 cand_cap=20 cand=25->20 pre=25 pick(must/bucket/top/rand)=1/4/11/4 depth0=11 depth=6 dlog=4 dper=1 sims=1280 loop=1260 gen_time=0 eval_time=0.017 best_avg=0.189766 best_move=8,4 leader=6 inc2=1 attack_w=0.2 S0=57201 SA=46944 ratio=1.21849 my_comp=15 my_front=22 leader_comp=7 comp_gain(sz/front/cut)=0/0/0
DBG t=86 used=0.016 remain=0.202 turn_time=0.0154097 end_in=0.0154097 cand_pre=28 cand_cap=20 cand=28->20 pre=28 pick(must/bucket/top/rand)=1/5/10/4 depth0=11 depth=6 dlog=4 dper=1 sims=1172 loop=1152 gen_time=0 eval_time=0.016 best_avg=0.279305 best_move=8,5 leader=6 inc2=1 attack_w=0.2 S0=62131 SA=46944 ratio=1.32351 my_comp=16 my_front=23 leader_comp=7 comp_gain(sz/front/cut)=0/0/0
DBG depth_guard t=99 remain=0.009 cand_pre=24 depth0=0 depth=0
DBG t=99 used=0.006 remain=0.009 turn_time=0.0054 end_in=0.0054 cand_pre=24 cand_cap=12 cand=24->12 pre=24 pick(must/bucket/top/rand)=1/5/4/2 depth0=0 depth=0 dlog=4 dper=4 sims=4800 loop=4788 gen_time=0 eval_time=0.006 best_avg=0.333485 best_move=6,6 leader=6 inc2=1 attack_w=0.2 S0=66382 SA=46944 ratio=1.41406 my_comp=13 my_front=19 leader_comp=7 comp_gain(sz/front/cut)=0/0/0
DBG summary depth_guard_fired=1
Score = 126921
=== CASE 0034.txt ===
DBG hdr N=10 M=4 T=100 U=3 VMAX=2224 TIME_LIMIT=1.94 MAX_CAND=20 UCB_C=0.21 OBJ=log(S0+1)-log(SA+1)
DBG t=0 used=0.024 remain=1.94 turn_time=0.0236195 end_in=0.0236195 cand_pre=5 cand_cap=20 cand=5->5 pre=5 pick(must/bucket/top/rand)=1/2/2/0 depth0=7 depth=5 dlog=2 dper=0 sims=5717 loop=5712 gen_time=0 eval_time=0.024 best_avg=-0.221487 best_move=8,6 leader=1 inc2=1 attack_w=0.735302 S0=816 SA=977 ratio=0.835378 my_comp=1 my_front=4 leader_comp=1 comp_gain(sz/front/cut)=1/2/0
DBG t=12 used=0.023 remain=1.659 turn_time=0.0222174 end_in=0.0222174 cand_pre=11 cand_cap=20 cand=11->11 pre=11 pick(must/bucket/top/rand)=1/2/8/0 depth0=7 depth=4 dlog=3 dper=0 sims=4643 loop=4632 gen_time=0 eval_time=0.023 best_avg=-0.258189 best_move=9,6 leader=1 inc2=1 attack_w=0.370106 S0=10802 SA=11110 ratio=0.97228 my_comp=5 my_front=7 leader_comp=3 comp_gain(sz/front/cut)=0/0/0
DBG t=24 used=0.021 remain=1.398 turn_time=0.0202434 end_in=0.0202434 cand_pre=23 cand_cap=20 cand=23->20 pre=23 pick(must/bucket/top/rand)=1/3/12/4 depth0=7 depth=3 dlog=4 dper=0 sims=3236 loop=3216 gen_time=0 eval_time=0.021 best_avg=-0.159255 best_move=6,5 leader=1 inc2=1 attack_w=0.85 S0=20810 SA=28319 ratio=0.734852 my_comp=11 my_front=17 leader_comp=8 comp_gain(sz/front/cut)=0/0/0
DBG t=37 used=0.019 remain=1.144 turn_time=0.0180952 end_in=0.0180952 cand_pre=39 cand_cap=20 cand=39->20 pre=39 pick(must/bucket/top/rand)=1/6/9/4 depth0=10 depth=3 dlog=5 dper=2 sims=2368 loop=2348 gen_time=0 eval_time=0.019 best_avg=0.120849 best_move=0,1 leader=1 inc2=0 attack_w=0.2 S0=34034 SA=32093 ratio=1.06048 my_comp=18 my_front=29 leader_comp=5 comp_gain(sz/front/cut)=0/0/0
DBG t=49 used=0.018 remain=0.925 turn_time=0.0176022 end_in=0.0176022 cand_pre=43 cand_cap=20 cand=43->20 pre=43 pick(must/bucket/top/rand)=1/7/8/4 depth0=10 depth=3 dlog=5 dper=2 sims=2280 loop=2260 gen_time=0 eval_time=0.018 best_avg=0.267579 best_move=0,3 leader=2 inc2=1 attack_w=0.2 S0=43061 SA=32746 ratio=1.31499 my_comp=21 my_front=31 leader_comp=2 comp_gain(sz/front/cut)=0/0/0
DBG t=61 used=0.021 remain=0.703 turn_time=0.0205402 end_in=0.0205402 cand_pre=17 cand_cap=20 cand=17->17 pre=17 pick(must/bucket/top/rand)=1/4/11/1 depth0=10 depth=7 dlog=3 dper=0 sims=1965 loop=1948 gen_time=0 eval_time=0.021 best_avg=0.134954 best_move=1,5 leader=1 inc2=0 attack_w=0.2 S0=44230 SA=38273 ratio=1.15564 my_comp=9 my_front=14 leader_comp=9 comp_gain(sz/front/cut)=0/0/0
DBG t=74 used=0.019 remain=0.436 turn_time=0.0189995 end_in=0.0189995 cand_pre=18 cand_cap=20 cand=18->18 pre=18 pick(must/bucket/top/rand)=1/4/11/2 depth0=11 depth=7 dlog=4 dper=0 sims=1630 loop=1612 gen_time=0 eval_time=0.019 best_avg=0.12314 best_move=2,1 leader=1 inc2=0 attack_w=0.2 S0=46746 SA=44221 ratio=1.0571 my_comp=9 my_front=14 leader_comp=13 comp_gain(sz/front/cut)=0/0/0
DBG t=86 used=0.018 remain=0.212 turn_time=0.0172553 end_in=0.0172553 cand_pre=17 cand_cap=20 cand=17->17 pre=17 pick(must/bucket/top/rand)=1/5/10/1 depth0=11 depth=6 dlog=3 dper=0 sims=1761 loop=1744 gen_time=0 eval_time=0.018 best_avg=0.0432621 best_move=1,1 leader=1 inc2=1 attack_w=0.306357 S0=43846 SA=43806 ratio=1.00091 my_comp=9 my_front=14 leader_comp=9 comp_gain(sz/front/cut)=0/0/0
DBG depth_guard t=99 remain=0.009 cand_pre=20 depth0=0 depth=0
DBG t=99 used=0.006 remain=0.009 turn_time=0.0054 end_in=0.0054 cand_pre=20 cand_cap=12 cand=20->12 pre=20 pick(must/bucket/top/rand)=1/4/5/2 depth0=0 depth=0 dlog=4 dper=4 sims=10104 loop=10092 gen_time=0 eval_time=0.006 best_avg=0.218265 best_move=1,1 leader=1 inc2=1 attack_w=0.2 S0=48168 SA=38817 ratio=1.24089 my_comp=10 my_front=18 leader_comp=4 comp_gain(sz/front/cut)=0/0/0
DBG summary depth_guard_fired=1
Score = 114540
=== CASE 0035.txt ===
DBG hdr N=10 M=6 T=100 U=2 VMAX=1863 TIME_LIMIT=1.94 MAX_CAND=20 UCB_C=0.21 OBJ=log(S0+1)-log(SA+1)
DBG t=0 used=0.024 remain=1.94 turn_time=0.0238717 end_in=0.0238717 cand_pre=3 cand_cap=20 cand=3->3 pre=3 pick(must/bucket/top/rand)=1/2/0/0 depth0=7 depth=6 dlog=1 dper=0 sims=3827 loop=3824 gen_time=0 eval_time=0.024 best_avg=-1.11035 best_move=0,2 leader=3 inc2=1 attack_w=0.85 S0=500 SA=1716 ratio=0.291788 my_comp=1 my_front=3 leader_comp=1 comp_gain(sz/front/cut)=0/0/0
DBG t=12 used=0.022 remain=1.661 turn_time=0.0213854 end_in=0.0213854 cand_pre=18 cand_cap=20 cand=18->18 pre=18 pick(must/bucket/top/rand)=1/3/12/2 depth0=7 depth=3 dlog=4 dper=0 sims=4306 loop=4288 gen_time=0 eval_time=0.022 best_avg=-0.586749 best_move=7,0 leader=3 inc2=1 attack_w=0.85 S0=8029 SA=16970 ratio=0.47316 my_comp=9 my_front=12 leader_comp=5 comp_gain(sz/front/cut)=1/1/0
DBG t=24 used=0.02 remain=1.407 turn_time=0.019411 end_in=0.019411 cand_pre=31 cand_cap=20 cand=31->20 pre=31 pick(must/bucket/top/rand)=1/5/10/4 depth0=7 depth=2 dlog=4 dper=1 sims=3164 loop=3144 gen_time=0 eval_time=0.02 best_avg=-0.114913 best_move=8,6 leader=3 inc2=1 attack_w=0.85 S0=20504 SA=26628 ratio=0.770025 my_comp=14 my_front=22 leader_comp=9 comp_gain(sz/front/cut)=1/2/0
DBG t=37 used=0.019 remain=1.157 turn_time=0.0184202 end_in=0.0184202 cand_pre=38 cand_cap=20 cand=38->20 pre=38 pick(must/bucket/top/rand)=1/7/8/4 depth0=10 depth=3 dlog=5 dper=2 sims=1904 loop=1884 gen_time=0 eval_time=0.019 best_avg=0.145914 best_move=6,5 leader=1 inc2=1 attack_w=0.2 S0=31174 SA=28661 ratio=1.08768 my_comp=18 my_front=30 leader_comp=16 comp_gain(sz/front/cut)=1/2/0
DBG t=49 used=0.018 remain=0.933 turn_time=0.0178734 end_in=0.0178734 cand_pre=42 cand_cap=20 cand=42->20 pre=42 pick(must/bucket/top/rand)=1/8/7/4 depth0=10 depth=3 dlog=5 dper=2 sims=1592 loop=1572 gen_time=0 eval_time=0.018 best_avg=0.248834 best_move=5,7 leader=1 inc2=1 attack_w=0.2 S0=38044 SA=29109 ratio=1.30694 my_comp=22 my_front=37 leader_comp=16 comp_gain(sz/front/cut)=1/2/1
DBG t=61 used=0.021 remain=0.687 turn_time=0.0209887 end_in=0.0209887 cand_pre=9 cand_cap=20 cand=9->9 pre=9 pick(must/bucket/top/rand)=1/6/2/0 depth0=10 depth=7 dlog=3 dper=0 sims=1877 loop=1868 gen_time=0 eval_time=0.021 best_avg=0.102758 best_move=3,7 leader=2 inc2=1 attack_w=0.2 S0=36960 SA=32261 ratio=1.14565 my_comp=3 my_front=8 leader_comp=20 comp_gain(sz/front/cut)=1/2/1
DBG t=74 used=0.02 remain=0.422 turn_time=0.0190225 end_in=0.0190225 cand_pre=12 cand_cap=20 cand=12->12 pre=12 pick(must/bucket/top/rand)=1/7/4/0 depth0=11 depth=8 dlog=3 dper=0 sims=1644 loop=1632 gen_time=0 eval_time=0.02 best_avg=0.284149 best_move=6,6 leader=2 inc2=1 attack_w=0.2 S0=40305 SA=29920 ratio=1.34708 my_comp=4 my_front=8 leader_comp=3 comp_gain(sz/front/cut)=0/0/0
DBG t=86 used=0.017 remain=0.201 turn_time=0.01608 end_in=0.01608 cand_pre=20 cand_cap=20 cand=20->20 pre=20 pick(must/bucket/top/rand)=1/7/8/4 depth0=11 depth=6 dlog=4 dper=0 sims=1736 loop=1716 gen_time=0 eval_time=0.017 best_avg=0.566691 best_move=6,6 leader=2 inc2=1 attack_w=0.2 S0=41345 SA=26310 ratio=1.57143 my_comp=8 my_front=18 leader_comp=5 comp_gain(sz/front/cut)=0/0/0
DBG depth_guard t=99 remain=0.009 cand_pre=27 depth0=0 depth=0
DBG t=99 used=0.006 remain=0.009 turn_time=0.0054 end_in=0.0054 cand_pre=27 cand_cap=12 cand=27->12 pre=27 pick(must/bucket/top/rand)=1/5/4/2 depth0=0 depth=0 dlog=4 dper=5 sims=11444 loop=11432 gen_time=0 eval_time=0.006 best_avg=0.775673 best_move=7,5 leader=1 inc2=1 attack_w=0.2 S0=49938 SA=22048 ratio=2.26491 my_comp=14 my_front=20 leader_comp=3 comp_gain(sz/front/cut)=0/0/0
DBG summary depth_guard_fired=1
Score = 166399
=== CASE 0036.txt ===
DBG hdr N=10 M=4 T=100 U=4 VMAX=1042 TIME_LIMIT=1.94 MAX_CAND=20 UCB_C=0.21 OBJ=log(S0+1)-log(SA+1)
DBG t=0 used=0.024 remain=1.94 turn_time=0.0236195 end_in=0.0236195 cand_pre=5 cand_cap=20 cand=5->5 pre=5 pick(must/bucket/top/rand)=1/3/1/0 depth0=7 depth=5 dlog=2 dper=0 sims=6517 loop=6512 gen_time=0 eval_time=0.024 best_avg=-0.0336163 best_move=7,4 leader=2 inc2=1 attack_w=0.183701 S0=1010 SA=998 ratio=1.01201 my_comp=1 my_front=4 leader_comp=1 comp_gain(sz/front/cut)=0/0/0
DBG t=12 used=0.022 remain=1.661 turn_time=0.0212627 end_in=0.0212627 cand_pre=19 cand_cap=20 cand=19->19 pre=19 pick(must/bucket/top/rand)=1/6/9/3 depth0=7 depth=3 dlog=4 dper=0 sims=4839 loop=4820 gen_time=0 eval_time=0.022 best_avg=0.00239972 best_move=6,4 leader=1 inc2=1 attack_w=0.2 S0=13049 SA=12095 ratio=1.07887 my_comp=7 my_front=16 leader_comp=6 comp_gain(sz/front/cut)=0/0/0
DBG t=24 used=0.02 remain=1.413 turn_time=0.0190104 end_in=0.0190104 cand_pre=35 cand_cap=20 cand=35->20 pre=35 pick(must/bucket/top/rand)=1/7/8/4 depth0=7 depth=1 dlog=4 dper=2 sims=3740 loop=3720 gen_time=0 eval_time=0.02 best_avg=0.3893 best_move=3,6 leader=1 inc2=1 attack_w=0.2 S0=22221 SA=16262 ratio=1.36641 my_comp=16 my_front=31 leader_comp=7 comp_gain(sz/front/cut)=1/2/0
DBG t=37 used=0.018 remain=1.174 turn_time=0.0173584 end_in=0.0173584 cand_pre=49 cand_cap=20 cand=49->20 pre=49 pick(must/bucket/top/rand)=1/8/7/4 depth0=10 depth=2 dlog=5 dper=3 sims=2024 loop=2004 gen_time=0 eval_time=0.018 best_avg=0.460367 best_move=3,7 leader=1 inc2=1 attack_w=0.2 S0=34426 SA=23236 ratio=1.48156 my_comp=24 my_front=44 leader_comp=6 comp_gain(sz/front/cut)=0/0/0
DBG t=49 used=0.017 remain=0.96 turn_time=0.0169224 end_in=0.0169224 cand_pre=54 cand_cap=20 cand=54->20 pre=54 pick(must/bucket/top/rand)=1/7/8/4 depth0=10 depth=2 dlog=5 dper=3 sims=1692 loop=1672 gen_time=0 eval_time=0.017 best_avg=0.40304 best_move=2,6 leader=1 inc2=1 attack_w=0.2 S0=43388 SA=30382 ratio=1.42807 my_comp=29 my_front=47 leader_comp=8 comp_gain(sz/front/cut)=0/0/0
DBG t=61 used=0.017 remain=0.75 turn_time=0.0169135 end_in=0.0169135 cand_pre=57 cand_cap=20 cand=57->20 pre=57 pick(must/bucket/top/rand)=1/8/7/4 depth0=10 depth=1 dlog=5 dper=4 sims=1664 loop=1644 gen_time=0 eval_time=0.017 best_avg=0.548628 best_move=1,0 leader=2 inc2=1 attack_w=0.2 S0=51474 SA=30343 ratio=1.69638 my_comp=33 my_front=47 leader_comp=6 comp_gain(sz/front/cut)=1/1/0
DBG t=74 used=0.018 remain=0.524 turn_time=0.0173323 end_in=0.0173323 cand_pre=60 cand_cap=20 cand=60->20 pre=60 pick(must/bucket/top/rand)=1/6/9/4 depth0=11 depth=2 dlog=5 dper=4 sims=1524 loop=1504 gen_time=0 eval_time=0.018 best_avg=0.478983 best_move=2,6 leader=1 inc2=0 attack_w=0.2 S0=56522 SA=36348 ratio=1.55501 my_comp=35 my_front=49 leader_comp=10 comp_gain(sz/front/cut)=0/0/0
DBG t=86 used=0.019 remain=0.303 turn_time=0.0183315 end_in=0.0183315 cand_pre=62 cand_cap=14 cand=62->14 pre=42 pick(must/bucket/top/rand)=1/6/4/3 depth0=11 depth=2 dlog=5 dper=4 sims=1594 loop=1580 gen_time=0 eval_time=0.019 best_avg=0.50502 best_move=1,5 leader=1 inc2=1 attack_w=0.2 S0=55502 SA=34322 ratio=1.61708 my_comp=36 my_front=50 leader_comp=9 comp_gain(sz/front/cut)=0/0/0
DBG t=99 used=0.014 remain=0.022 turn_time=0.0132 end_in=0.0132 cand_pre=39 cand_cap=16 cand=39->16 pre=39 pick(must/bucket/top/rand)=1/6/5/4 depth0=0 depth=0 dlog=5 dper=3 sims=24684 loop=24668 gen_time=0 eval_time=0.014 best_avg=0.482037 best_move=4,4 leader=1 inc2=1 attack_w=0.2 S0=61498 SA=37283 ratio=1.64947 my_comp=26 my_front=26 leader_comp=10 comp_gain(sz/front/cut)=0/0/0
DBG summary depth_guard_fired=0
Score = 139159
=== CASE 0038.txt ===
DBG hdr N=10 M=6 T=100 U=1 VMAX=2195 TIME_LIMIT=1.94 MAX_CAND=20 UCB_C=0.21 OBJ=log(S0+1)-log(SA+1)
DBG t=0 used=0.024 remain=1.94 turn_time=0.0237456 end_in=0.0237456 cand_pre=4 cand_cap=20 cand=4->4 pre=4 pick(must/bucket/top/rand)=1/2/1/0 depth0=7 depth=6 dlog=1 dper=0 sims=3396 loop=3392 gen_time=0 eval_time=0.024 best_avg=-0.313614 best_move=1,3 leader=1 inc2=1 attack_w=0.85 S0=981 SA=1686 ratio=0.582098 my_comp=1 my_front=3 leader_comp=1 comp_gain(sz/front/cut)=1/2/0
DBG t=12 used=0.021 remain=1.666 turn_time=0.0208345 end_in=0.0208345 cand_pre=23 cand_cap=20 cand=23->20 pre=23 pick(must/bucket/top/rand)=1/6/9/4 depth0=7 depth=3 dlog=4 dper=0 sims=3340 loop=3320 gen_time=0 eval_time=0.021 best_avg=0.957789 best_move=3,3 leader=1 inc2=1 attack_w=0.2 S0=16251 SA=9395 ratio=1.72967 my_comp=11 my_front=19 leader_comp=5 comp_gain(sz/front/cut)=1/0/0
DBG t=24 used=0.02 remain=1.417 turn_time=0.0191854 end_in=0.0191854 cand_pre=34 cand_cap=20 cand=34->20 pre=34 pick(must/bucket/top/rand)=1/6/9/4 depth0=7 depth=2 dlog=4 dper=1 sims=2668 loop=2648 gen_time=0 eval_time=0.02 best_avg=1.35605 best_move=4,4 leader=1 inc2=1 attack_w=0.2 S0=32108 SA=9654 ratio=3.32563 my_comp=22 my_front=21 leader_comp=9 comp_gain(sz/front/cut)=1/0/0
DBG t=37 used=0.021 remain=1.148 turn_time=0.0202904 end_in=0.0202904 cand_pre=21 cand_cap=20 cand=21->20 pre=21 pick(must/bucket/top/rand)=1/5/10/4 depth0=10 depth=6 dlog=4 dper=0 sims=1696 loop=1676 gen_time=0 eval_time=0.021 best_avg=-0.0437354 best_move=5,2 leader=3 inc2=1 attack_w=0.2 S0=22030 SA=15833 ratio=1.39137 my_comp=12 my_front=14 leader_comp=17 comp_gain(sz/front/cut)=1/2/0
DBG t=49 used=0.018 remain=0.915 turn_time=0.0175285 end_in=0.0175285 cand_pre=42 cand_cap=20 cand=42->20 pre=42 pick(must/bucket/top/rand)=1/6/9/4 depth0=10 depth=3 dlog=5 dper=2 sims=1892 loop=1872 gen_time=0 eval_time=0.018 best_avg=0.417889 best_move=2,2 leader=3 inc2=1 attack_w=0.2 S0=24638 SA=18272 ratio=1.34838 my_comp=23 my_front=32 leader_comp=3 comp_gain(sz/front/cut)=1/2/1
DBG t=61 used=0.021 remain=0.666 turn_time=0.0200142 end_in=0.0200142 cand_pre=12 cand_cap=20 cand=12->12 pre=12 pick(must/bucket/top/rand)=1/1/10/0 depth0=10 depth=7 dlog=3 dper=0 sims=2228 loop=2216 gen_time=0 eval_time=0.021 best_avg=0.734884 best_move=1,0 leader=2 inc2=1 attack_w=0.2 S0=28015 SA=14945 ratio=1.87448 my_comp=5 my_front=10 leader_comp=7 comp_gain(sz/front/cut)=1/1/0
DBG t=74 used=0.016 remain=0.432 turn_time=0.0152612 end_in=0.0152612 cand_pre=51 cand_cap=20 cand=51->20 pre=51 pick(must/bucket/top/rand)=1/6/9/4 depth0=11 depth=2 dlog=5 dper=4 sims=1392 loop=1372 gen_time=0 eval_time=0.016 best_avg=1.30125 best_move=7,7 leader=3 inc2=1 attack_w=0.2 S0=38203 SA=9953 ratio=3.83806 my_comp=28 my_front=37 leader_comp=2 comp_gain(sz/front/cut)=1/2/0
DBG t=86 used=0.015 remain=0.241 turn_time=0.0144686 end_in=0.0144686 cand_pre=63 cand_cap=14 cand=63->14 pre=42 pick(must/bucket/top/rand)=1/5/5/3 depth0=11 depth=2 dlog=5 dper=4 sims=866 loop=852 gen_time=0.001 eval_time=0.014 best_avg=1.8614 best_move=6,2 leader=4 inc2=1 attack_w=0.2 S0=50131 SA=8079 ratio=6.20446 my_comp=39 my_front=46 leader_comp=2 comp_gain(sz/front/cut)=4/8/1
DBG t=99 used=0.016 remain=0.025 turn_time=0.015 end_in=0.015 cand_pre=62 cand_cap=14 cand=62->14 pre=42 pick(must/bucket/top/rand)=1/6/4/3 depth0=0 depth=0 dlog=5 dper=4 sims=35442 loop=35428 gen_time=0 eval_time=0.016 best_avg=1.73507 best_move=6,4 leader=4 inc2=1 attack_w=0.2 S0=48893 SA=7674 ratio=6.37055 my_comp=36 my_front=53 leader_comp=4 comp_gain(sz/front/cut)=1/0/1
DBG summary depth_guard_fired=0
Score = 268805
=== CASE 0037.txt ===
DBG hdr N=10 M=5 T=100 U=3 VMAX=1977 TIME_LIMIT=1.94 MAX_CAND=20 UCB_C=0.21 OBJ=log(S0+1)-log(SA+1)
DBG t=0 used=0.024 remain=1.94 turn_time=0.0236195 end_in=0.0236195 cand_pre=5 cand_cap=20 cand=5->5 pre=5 pick(must/bucket/top/rand)=1/2/2/0 depth0=7 depth=5 dlog=2 dper=0 sims=5353 loop=5348 gen_time=0 eval_time=0.024 best_avg=-0.445761 best_move=8,4 leader=3 inc2=1 attack_w=0.85 S0=321 SA=591 ratio=0.543919 my_comp=1 my_front=4 leader_comp=1 comp_gain(sz/front/cut)=1/2/0
DBG t=12 used=0.022 remain=1.666 turn_time=0.0212036 end_in=0.0212036 cand_pre=20 cand_cap=20 cand=20->20 pre=20 pick(must/bucket/top/rand)=1/2/13/4 depth0=7 depth=3 dlog=4 dper=0 sims=3720 loop=3700 gen_time=0 eval_time=0.022 best_avg=0.0308503 best_move=6,3 leader=4 inc2=0 attack_w=0.2 S0=18234 SA=16624 ratio=1.09684 my_comp=7 my_front=16 leader_comp=11 comp_gain(sz/front/cut)=1/2/0
DBG t=24 used=0.02 remain=1.411 turn_time=0.0199489 end_in=0.0199489 cand_pre=27 cand_cap=20 cand=27->20 pre=27 pick(must/bucket/top/rand)=1/6/9/4 depth0=7 depth=2 dlog=4 dper=1 sims=2924 loop=2904 gen_time=0 eval_time=0.02 best_avg=0.0025071 best_move=9,8 leader=1 inc2=1 attack_w=0.337677 S0=31306 SA=31730 ratio=0.986638 my_comp=13 my_front=23 leader_comp=24 comp_gain(sz/front/cut)=1/1/1
DBG t=37 used=0.02 remain=1.151 turn_time=0.0190372 end_in=0.0190372 cand_pre=32 cand_cap=20 cand=32->20 pre=32 pick(must/bucket/top/rand)=1/4/11/4 depth0=10 depth=5 dlog=4 dper=1 sims=1808 loop=1788 gen_time=0 eval_time=0.02 best_avg=0.0852986 best_move=8,6 leader=4 inc2=0 attack_w=0.2 S0=46879 SA=41243 ratio=1.13665 my_comp=17 my_front=25 leader_comp=2 comp_gain(sz/front/cut)=1/0/0
DBG t=49 used=0.019 remain=0.921 turn_time=0.0184651 end_in=0.0184651 cand_pre=35 cand_cap=20 cand=35->20 pre=35 pick(must/bucket/top/rand)=1/4/11/4 depth0=10 depth=4 dlog=4 dper=2 sims=1712 loop=1692 gen_time=0 eval_time=0.019 best_avg=0.089827 best_move=5,3 leader=4 inc2=0 attack_w=0.2 S0=52802 SA=49475 ratio=1.06724 my_comp=20 my_front=26 leader_comp=20 comp_gain(sz/front/cut)=1/2/0
DBG t=61 used=0.018 remain=0.697 turn_time=0.0179254 end_in=0.0179254 cand_pre=38 cand_cap=20 cand=38->20 pre=38 pick(must/bucket/top/rand)=1/4/11/4 depth0=10 depth=3 dlog=5 dper=2 sims=1928 loop=1908 gen_time=0 eval_time=0.018 best_avg=0.275143 best_move=7,1 leader=4 inc2=0 attack_w=0.2 S0=64183 SA=48819 ratio=1.31471 my_comp=22 my_front=28 leader_comp=6 comp_gain(sz/front/cut)=0/0/0
DBG t=74 used=0.017 remain=0.466 turn_time=0.0169283 end_in=0.0169283 cand_pre=47 cand_cap=20 cand=47->20 pre=47 pick(must/bucket/top/rand)=1/4/11/4 depth0=11 depth=3 dlog=5 dper=3 sims=1596 loop=1576 gen_time=0 eval_time=0.017 best_avg=0.522256 best_move=6,7 leader=4 inc2=0 attack_w=0.2 S0=79932 SA=47552 ratio=1.68092 my_comp=27 my_front=38 leader_comp=1 comp_gain(sz/front/cut)=0/0/0
DBG t=86 used=0.018 remain=0.254 turn_time=0.017018 end_in=0.017018 cand_pre=48 cand_cap=20 cand=48->20 pre=48 pick(must/bucket/top/rand)=1/4/11/4 depth0=11 depth=3 dlog=5 dper=3 sims=1552 loop=1532 gen_time=0 eval_time=0.018 best_avg=0.530524 best_move=8,0 leader=4 inc2=0 attack_w=0.2 S0=85184 SA=49147 ratio=1.73323 my_comp=28 my_front=38 leader_comp=20 comp_gain(sz/front/cut)=0/0/0
DBG t=99 used=0.013 remain=0.02 turn_time=0.012 end_in=0.012 cand_pre=50 cand_cap=16 cand=50->16 pre=48 pick(must/bucket/top/rand)=1/6/5/4 depth0=0 depth=0 dlog=5 dper=4 sims=19176 loop=19160 gen_time=0 eval_time=0.013 best_avg=0.610173 best_move=6,8 leader=4 inc2=0 attack_w=0.2 S0=93115 SA=51245 ratio=1.81704 my_comp=30 my_front=41 leader_comp=25 comp_gain(sz/front/cut)=0/0/0
DBG summary depth_guard_fired=0
Score = 150298
=== CASE 0039.txt ===
DBG hdr N=10 M=7 T=100 U=1 VMAX=1630 TIME_LIMIT=1.94 MAX_CAND=20 UCB_C=0.21 OBJ=log(S0+1)-log(SA+1)
DBG t=0 used=0.024 remain=1.94 turn_time=0.0237456 end_in=0.0237456 cand_pre=4 cand_cap=20 cand=4->4 pre=4 pick(must/bucket/top/rand)=1/2/1/0 depth0=7 depth=6 dlog=1 dper=0 sims=3016 loop=3012 gen_time=0 eval_time=0.024 best_avg=-0.558622 best_move=8,1 leader=1 inc2=1 attack_w=0.85 S0=726 SA=1311 ratio=0.554116 my_comp=1 my_front=3 leader_comp=1 comp_gain(sz/front/cut)=1/2/0
DBG t=12 used=0.024 remain=1.669 turn_time=0.0232143 end_in=0.0232143 cand_pre=4 cand_cap=20 cand=4->4 pre=4 pick(must/bucket/top/rand)=1/2/1/0 depth0=7 depth=6 dlog=1 dper=0 sims=2552 loop=2548 gen_time=0 eval_time=0.024 best_avg=-0.314204 best_move=0,1 leader=2 inc2=1 attack_w=0.85 S0=12220 SA=15764 ratio=0.775198 my_comp=1 my_front=4 leader_comp=12 comp_gain(sz/front/cut)=2/1/0
DBG t=24 used=0.022 remain=1.395 turn_time=0.0215124 end_in=0.0215124 cand_pre=12 cand_cap=20 cand=12->12 pre=12 pick(must/bucket/top/rand)=1/5/6/0 depth0=7 depth=4 dlog=3 dper=0 sims=3176 loop=3164 gen_time=0 eval_time=0.022 best_avg=0.0909116 best_move=4,3 leader=6 inc2=1 attack_w=0.85 S0=11929 SA=15641 ratio=0.76269 my_comp=4 my_front=10 leader_comp=6 comp_gain(sz/front/cut)=1/0/1
DBG t=37 used=0.018 remain=1.129 turn_time=0.0179744 end_in=0.0179744 cand_pre=38 cand_cap=20 cand=38->20 pre=38 pick(must/bucket/top/rand)=1/6/9/4 depth0=10 depth=3 dlog=5 dper=2 sims=1708 loop=1688 gen_time=0 eval_time=0.018 best_avg=0.618675 best_move=8,1 leader=6 inc2=1 attack_w=0.2 S0=24881 SA=14183 ratio=1.75423 my_comp=22 my_front=26 leader_comp=3 comp_gain(sz/front/cut)=3/4/0
DBG t=49 used=0.015 remain=0.926 turn_time=0.0149068 end_in=0.0149068 cand_pre=66 cand_cap=14 cand=66->14 pre=42 pick(must/bucket/top/rand)=1/6/4/3 depth0=10 depth=1 dlog=5 dper=4 sims=1198 loop=1184 gen_time=0 eval_time=0.015 best_avg=0.899349 best_move=2,4 leader=5 inc2=1 attack_w=0.2 S0=34720 SA=14722 ratio=2.35828 my_comp=35 my_front=44 leader_comp=1 comp_gain(sz/front/cut)=1/0/0
DBG t=61 used=0.021 remain=0.685 turn_time=0.0209276 end_in=0.0209276 cand_pre=9 cand_cap=20 cand=9->9 pre=9 pick(must/bucket/top/rand)=1/4/4/0 depth0=10 depth=7 dlog=3 dper=0 sims=1505 loop=1496 gen_time=0 eval_time=0.021 best_avg=1.28261 best_move=2,8 leader=6 inc2=1 attack_w=0.2 S0=41006 SA=11264 ratio=3.64021 my_comp=3 my_front=8 leader_comp=3 comp_gain(sz/front/cut)=6/6/0
DBG t=74 used=0.018 remain=0.434 turn_time=0.0177189 end_in=0.0177189 cand_pre=29 cand_cap=20 cand=29->20 pre=29 pick(must/bucket/top/rand)=1/5/10/4 depth0=11 depth=6 dlog=4 dper=1 sims=1076 loop=1056 gen_time=0 eval_time=0.018 best_avg=1.35098 best_move=3,8 leader=5 inc2=1 attack_w=0.2 S0=47240 SA=9484 ratio=4.9806 my_comp=19 my_front=17 leader_comp=2 comp_gain(sz/front/cut)=1/-2/0
DBG t=86 used=0.012 remain=0.226 turn_time=0.0115744 end_in=0.0115744 cand_pre=82 cand_cap=12 cand=82->12 pre=36 pick(must/bucket/top/rand)=1/6/3/2 depth0=11 depth=0 dlog=6 dper=5 sims=21236 loop=21224 gen_time=0 eval_time=0.012 best_avg=1.61774 best_move=1,4 leader=5 inc2=1 attack_w=0.2 S0=52589 SA=10427 ratio=5.04315 my_comp=51 my_front=46 leader_comp=4 comp_gain(sz/front/cut)=1/2/2
DBG t=99 used=0.019 remain=0.03 turn_time=0.018 end_in=0.018 cand_pre=78 cand_cap=14 cand=78->14 pre=42 pick(must/bucket/top/rand)=1/6/4/3 depth0=0 depth=0 dlog=6 dper=4 sims=33526 loop=33512 gen_time=0 eval_time=0.019 best_avg=1.35556 best_move=2,8 leader=6 inc2=1 attack_w=0.2 S0=46614 SA=11381 ratio=4.0955 my_comp=47 my_front=50 leader_comp=5 comp_gain(sz/front/cut)=1/0/0
DBG summary depth_guard_fired=0
Score = 233830
=== CASE 0040.txt ===
DBG hdr N=10 M=3 T=100 U=4 VMAX=1431 TIME_LIMIT=1.94 MAX_CAND=20 UCB_C=0.21 OBJ=log(S0+1)-log(SA+1)
DBG t=0 used=0.024 remain=1.94 turn_time=0.0237456 end_in=0.0237456 cand_pre=4 cand_cap=20 cand=4->4 pre=4 pick(must/bucket/top/rand)=1/2/1/0 depth0=7 depth=6 dlog=1 dper=0 sims=5884 loop=5880 gen_time=0 eval_time=0.024 best_avg=0.0208703 best_move=4,0 leader=1 inc2=1 attack_w=0.25282 S0=644 SA=668 ratio=0.964126 my_comp=1 my_front=3 leader_comp=1 comp_gain(sz/front/cut)=1/1/0
DBG t=12 used=0.023 remain=1.659 turn_time=0.0223399 end_in=0.0223399 cand_pre=10 cand_cap=20 cand=10->10 pre=10 pick(must/bucket/top/rand)=1/3/6/0 depth0=7 depth=4 dlog=3 dper=0 sims=6434 loop=6424 gen_time=0 eval_time=0.023 best_avg=0.146043 best_move=6,1 leader=2 inc2=1 attack_w=0.2 S0=15700 SA=14289 ratio=1.09874 my_comp=4 my_front=6 leader_comp=4 comp_gain(sz/front/cut)=1/2/0
DBG t=24 used=0.021 remain=1.396 turn_time=0.0203338 end_in=0.0203338 cand_pre=22 cand_cap=20 cand=22->20 pre=22 pick(must/bucket/top/rand)=1/4/11/4 depth0=7 depth=3 dlog=4 dper=0 sims=4368 loop=4348 gen_time=0 eval_time=0.021 best_avg=0.35145 best_move=2,2 leader=2 inc2=1 attack_w=0.2 S0=29077 SA=21376 ratio=1.36025 my_comp=9 my_front=16 leader_comp=8 comp_gain(sz/front/cut)=0/0/0
DBG t=37 used=0.02 remain=1.129 turn_time=0.0196052 end_in=0.0196052 cand_pre=24 cand_cap=20 cand=24->20 pre=24 pick(must/bucket/top/rand)=1/4/11/4 depth0=10 depth=6 dlog=4 dper=0 sims=2472 loop=2452 gen_time=0 eval_time=0.02 best_avg=0.243363 best_move=2,1 leader=2 inc2=1 attack_w=0.2 S0=40990 SA=29118 ratio=1.40771 my_comp=11 my_front=17 leader_comp=8 comp_gain(sz/front/cut)=0/0/0
DBG t=49 used=0.019 remain=0.892 turn_time=0.0186795 end_in=0.0186795 cand_pre=28 cand_cap=20 cand=28->20 pre=28 pick(must/bucket/top/rand)=1/5/10/4 depth0=10 depth=5 dlog=4 dper=1 sims=2208 loop=2188 gen_time=0 eval_time=0.019 best_avg=0.131977 best_move=0,5 leader=2 inc2=1 attack_w=0.2 S0=47372 SA=39226 ratio=1.20766 my_comp=14 my_front=20 leader_comp=12 comp_gain(sz/front/cut)=0/0/0
DBG t=61 used=0.018 remain=0.664 turn_time=0.0179621 end_in=0.0179621 cand_pre=30 cand_cap=20 cand=30->20 pre=30 pick(must/bucket/top/rand)=1/7/8/4 depth0=10 depth=5 dlog=4 dper=1 sims=1968 loop=1948 gen_time=0 eval_time=0.018 best_avg=0.111323 best_move=5,1 leader=2 inc2=1 attack_w=0.2 S0=58280 SA=50285 ratio=1.15899 my_comp=17 my_front=22 leader_comp=14 comp_gain(sz/front/cut)=0/0/0
DBG t=74 used=0.017 remain=0.43 turn_time=0.0169106 end_in=0.0169106 cand_pre=35 cand_cap=20 cand=35->20 pre=35 pick(must/bucket/top/rand)=1/7/8/4 depth0=11 depth=5 dlog=4 dper=2 sims=1632 loop=1612 gen_time=0 eval_time=0.017 best_avg=0.133062 best_move=5,1 leader=2 inc2=1 attack_w=0.2 S0=68190 SA=58584 ratio=1.16397 my_comp=20 my_front=24 leader_comp=18 comp_gain(sz/front/cut)=0/0/0
DBG t=86 used=0.016 remain=0.227 turn_time=0.0156306 end_in=0.0156306 cand_pre=44 cand_cap=20 cand=44->20 pre=44 pick(must/bucket/top/rand)=1/7/8/4 depth0=11 depth=3 dlog=5 dper=3 sims=1580 loop=1560 gen_time=0 eval_time=0.016 best_avg=0.197108 best_move=2,7 leader=2 inc2=1 attack_w=0.2 S0=75938 SA=62545 ratio=1.21413 my_comp=24 my_front=30 leader_comp=19 comp_gain(sz/front/cut)=0/0/0
DBG depth_guard t=99 remain=0.017 cand_pre=47 depth0=0 depth=0
DBG t=99 used=0.011 remain=0.017 turn_time=0.0102 end_in=0.0102 cand_pre=47 cand_cap=14 cand=47->14 pre=42 pick(must/bucket/top/rand)=1/7/3/3 depth0=0 depth=0 dlog=5 dper=5 sims=16674 loop=16660 gen_time=0 eval_time=0.011 best_avg=0.302592 best_move=4,4 leader=2 inc2=1 attack_w=0.2 S0=82777 SA=62120 ratio=1.33253 my_comp=26 my_front=33 leader_comp=18 comp_gain(sz/front/cut)=0/0/0
DBG summary depth_guard_fired=1
Score = 123684
=== CASE 0041.txt ===
DBG hdr N=10 M=8 T=100 U=4 VMAX=1591 TIME_LIMIT=1.94 MAX_CAND=20 UCB_C=0.21 OBJ=log(S0+1)-log(SA+1)
DBG t=0 used=0.024 remain=1.94 turn_time=0.0236195 end_in=0.0236195 cand_pre=5 cand_cap=20 cand=5->5 pre=5 pick(must/bucket/top/rand)=1/2/2/0 depth0=7 depth=5 dlog=2 dper=0 sims=3681 loop=3676 gen_time=0 eval_time=0.024 best_avg=-0.253889 best_move=5,7 leader=2 inc2=1 attack_w=0.85 S0=850 SA=1509 ratio=0.563576 my_comp=1 my_front=4 leader_comp=1 comp_gain(sz/front/cut)=1/2/0
DBG t=12 used=0.022 remain=1.666 turn_time=0.0215728 end_in=0.0215728 cand_pre=17 cand_cap=20 cand=17->17 pre=17 pick(must/bucket/top/rand)=1/3/12/1 depth0=7 depth=4 dlog=3 dper=0 sims=3337 loop=3320 gen_time=0 eval_time=0.022 best_avg=-0.0859956 best_move=6,5 leader=4 inc2=1 attack_w=0.2 S0=13638 SA=12688 ratio=1.07487 my_comp=6 my_front=14 leader_comp=4 comp_gain(sz/front/cut)=0/0/0
DBG t=24 used=0.021 remain=1.406 turn_time=0.0208403 end_in=0.0208403 cand_pre=19 cand_cap=20 cand=19->19 pre=19 pick(must/bucket/top/rand)=1/4/11/3 depth0=7 depth=3 dlog=4 dper=0 sims=3251 loop=3232 gen_time=0 eval_time=0.021 best_avg=0.0160799 best_move=7,5 leader=4 inc2=1 attack_w=0.2 S0=23913 SA=22429 ratio=1.06616 my_comp=8 my_front=18 leader_comp=6 comp_gain(sz/front/cut)=0/0/0
DBG t=37 used=0.021 remain=1.131 turn_time=0.0206901 end_in=0.0206901 cand_pre=15 cand_cap=20 cand=15->15 pre=15 pick(must/bucket/top/rand)=1/6/8/0 depth0=10 depth=7 dlog=3 dper=0 sims=1739 loop=1724 gen_time=0 eval_time=0.021 best_avg=-0.0316234 best_move=7,4 leader=3 inc2=1 attack_w=0.237006 S0=29282 SA=28318 ratio=1.03404 my_comp=6 my_front=12 leader_comp=9 comp_gain(sz/front/cut)=0/0/0
DBG t=49 used=0.02 remain=0.88 turn_time=0.0197741 end_in=0.0197741 cand_pre=16 cand_cap=20 cand=16->16 pre=16 pick(must/bucket/top/rand)=1/7/8/0 depth0=10 depth=7 dlog=3 dper=0 sims=1744 loop=1728 gen_time=0 eval_time=0.02 best_avg=-0.135709 best_move=8,4 leader=3 inc2=1 attack_w=0.85 S0=25268 SA=33208 ratio=0.760908 my_comp=7 my_front=14 leader_comp=10 comp_gain(sz/front/cut)=0/0/0
DBG t=61 used=0.019 remain=0.643 turn_time=0.0183585 end_in=0.0183585 cand_pre=21 cand_cap=20 cand=21->20 pre=21 pick(must/bucket/top/rand)=1/6/9/4 depth0=10 depth=6 dlog=4 dper=0 sims=1640 loop=1620 gen_time=0 eval_time=0.019 best_avg=-0.108496 best_move=7,3 leader=3 inc2=1 attack_w=0.495068 S0=31002 SA=33674 ratio=0.920653 my_comp=9 my_front=15 leader_comp=10 comp_gain(sz/front/cut)=1/2/0
DBG t=74 used=0.018 remain=0.404 turn_time=0.0172011 end_in=0.0172011 cand_pre=22 cand_cap=20 cand=22->20 pre=22 pick(must/bucket/top/rand)=1/6/9/4 depth0=11 depth=7 dlog=4 dper=0 sims=1408 loop=1388 gen_time=0 eval_time=0.018 best_avg=-0.0810396 best_move=5,5 leader=5 inc2=1 attack_w=0.39795 S0=40423 SA=42095 ratio=0.960281 my_comp=11 my_front=17 leader_comp=14 comp_gain(sz/front/cut)=0/0/0
DBG t=86 used=0.016 remain=0.199 turn_time=0.0157352 end_in=0.0157352 cand_pre=22 cand_cap=20 cand=22->20 pre=22 pick(must/bucket/top/rand)=1/6/9/4 depth0=11 depth=6 dlog=4 dper=1 sims=1396 loop=1376 gen_time=0 eval_time=0.016 best_avg=-0.107953 best_move=6,3 leader=5 inc2=1 attack_w=0.472068 S0=46843 SA=50383 ratio=0.92974 my_comp=11 my_front=19 leader_comp=15 comp_gain(sz/front/cut)=0/0/0
DBG depth_guard t=99 remain=0.01 cand_pre=27 depth0=0 depth=0
DBG t=99 used=0.007 remain=0.01 turn_time=0.006 end_in=0.006 cand_pre=27 cand_cap=12 cand=27->12 pre=27 pick(must/bucket/top/rand)=1/4/5/2 depth0=0 depth=0 dlog=4 dper=4 sims=7048 loop=7036 gen_time=0 eval_time=0.007 best_avg=-0.0210746 best_move=6,3 leader=3 inc2=1 attack_w=0.341166 S0=54903 SA=55735 ratio=0.985072 my_comp=13 my_front=22 leader_comp=13 comp_gain(sz/front/cut)=0/0/0
DBG summary depth_guard_fired=1
Score = 95620
=== CASE 0043.txt ===
DBG hdr N=10 M=4 T=100 U=1 VMAX=2001 TIME_LIMIT=1.94 MAX_CAND=20 UCB_C=0.21 OBJ=log(S0+1)-log(SA+1)
DBG t=0 used=0.024 remain=1.94 turn_time=0.0237456 end_in=0.0237456 cand_pre=4 cand_cap=20 cand=4->4 pre=4 pick(must/bucket/top/rand)=1/2/1/0 depth0=7 depth=6 dlog=1 dper=0 sims=4660 loop=4656 gen_time=0 eval_time=0.024 best_avg=-0.499389 best_move=0,3 leader=1 inc2=0 attack_w=0.85 S0=1219 SA=1964 ratio=0.620865 my_comp=1 my_front=4 leader_comp=1 comp_gain(sz/front/cut)=1/1/0
DBG t=12 used=0.023 remain=1.658 turn_time=0.0225714 end_in=0.0225714 cand_pre=8 cand_cap=20 cand=8->8 pre=8 pick(must/bucket/top/rand)=1/2/5/0 depth0=7 depth=5 dlog=2 dper=0 sims=3688 loop=3680 gen_time=0 eval_time=0.023 best_avg=-0.337195 best_move=2,0 leader=3 inc2=1 attack_w=0.85 S0=8642 SA=12348 ratio=0.699895 my_comp=3 my_front=5 leader_comp=12 comp_gain(sz/front/cut)=2/2/0
DBG t=24 used=0.021 remain=1.401 turn_time=0.0206463 end_in=0.0206463 cand_pre=20 cand_cap=20 cand=20->20 pre=20 pick(must/bucket/top/rand)=1/1/14/4 depth0=7 depth=3 dlog=4 dper=0 sims=3104 loop=3084 gen_time=0 eval_time=0.021 best_avg=-0.252492 best_move=2,1 leader=3 inc2=0 attack_w=0.535727 S0=22095 SA=24414 ratio=0.905017 my_comp=13 my_front=12 leader_comp=24 comp_gain(sz/front/cut)=1/-2/0
DBG t=37 used=0.02 remain=1.133 turn_time=0.0190902 end_in=0.0190902 cand_pre=29 cand_cap=20 cand=29->20 pre=29 pick(must/bucket/top/rand)=1/4/11/4 depth0=10 depth=5 dlog=4 dper=1 sims=1876 loop=1856 gen_time=0 eval_time=0.02 best_avg=-0.131084 best_move=6,7 leader=3 inc2=0 attack_w=0.610918 S0=26228 SA=29891 ratio=0.877459 my_comp=16 my_front=21 leader_comp=4 comp_gain(sz/front/cut)=1/2/0
DBG t=49 used=0.017 remain=0.913 turn_time=0.016792 end_in=0.016792 cand_pre=48 cand_cap=20 cand=48->20 pre=48 pick(must/bucket/top/rand)=1/5/10/4 depth0=10 depth=2 dlog=5 dper=3 sims=1680 loop=1660 gen_time=0 eval_time=0.017 best_avg=0.134504 best_move=4,0 leader=3 inc2=0 attack_w=0.2 S0=30643 SA=26979 ratio=1.1358 my_comp=25 my_front=34 leader_comp=2 comp_gain(sz/front/cut)=1/-1/1
DBG t=61 used=0.017 remain=0.709 turn_time=0.016107 end_in=0.016107 cand_pre=56 cand_cap=20 cand=56->20 pre=56 pick(must/bucket/top/rand)=1/5/10/4 depth0=10 depth=1 dlog=5 dper=4 sims=1684 loop=1664 gen_time=0 eval_time=0.017 best_avg=0.573416 best_move=9,2 leader=3 inc2=0 attack_w=0.2 S0=39231 SA=22674 ratio=1.73019 my_comp=35 my_front=36 leader_comp=1 comp_gain(sz/front/cut)=1/-1/0
DBG t=74 used=0.017 remain=0.488 turn_time=0.0166295 end_in=0.0166295 cand_pre=56 cand_cap=20 cand=56->20 pre=56 pick(must/bucket/top/rand)=1/6/9/4 depth0=11 depth=2 dlog=5 dper=4 sims=1372 loop=1352 gen_time=0 eval_time=0.017 best_avg=0.84399 best_move=4,3 leader=1 inc2=1 attack_w=0.2 S0=40915 SA=16292 ratio=2.51126 my_comp=39 my_front=32 leader_comp=14 comp_gain(sz/front/cut)=1/2/0
DBG t=86 used=0.017 remain=0.285 turn_time=0.0160516 end_in=0.0160516 cand_pre=71 cand_cap=14 cand=71->14 pre=42 pick(must/bucket/top/rand)=1/5/5/3 depth0=11 depth=2 dlog=5 dper=4 sims=922 loop=908 gen_time=0 eval_time=0.017 best_avg=1.27129 best_move=0,7 leader=2 inc2=1 attack_w=0.2 S0=46948 SA=13852 ratio=3.38909 my_comp=46 my_front=49 leader_comp=8 comp_gain(sz/front/cut)=1/1/0
DBG t=99 used=0.024 remain=0.039 turn_time=0.0234 end_in=0.0234 cand_pre=77 cand_cap=14 cand=77->14 pre=42 pick(must/bucket/top/rand)=1/5/5/3 depth0=0 depth=0 dlog=6 dper=3 sims=49958 loop=49944 gen_time=0 eval_time=0.024 best_avg=1.56514 best_move=4,0 leader=3 inc2=1 attack_w=0.2 S0=54844 SA=11667 ratio=4.70046 my_comp=53 my_front=50 leader_comp=8 comp_gain(sz/front/cut)=2/0/0
DBG summary depth_guard_fired=0
Score = 256039
=== CASE 0044.txt ===
DBG hdr N=10 M=3 T=100 U=3 VMAX=1508 TIME_LIMIT=1.94 MAX_CAND=20 UCB_C=0.21 OBJ=log(S0+1)-log(SA+1)
DBG t=0 used=0.024 remain=1.94 turn_time=0.0238717 end_in=0.0238717 cand_pre=3 cand_cap=20 cand=3->3 pre=3 pick(must/bucket/top/rand)=1/2/0/0 depth0=7 depth=6 dlog=1 dper=0 sims=6495 loop=6492 gen_time=0 eval_time=0.024 best_avg=-0.1676 best_move=7,9 leader=1 inc2=1 attack_w=0.718728 S0=1208 SA=1437 ratio=0.840751 my_comp=1 my_front=3 leader_comp=1 comp_gain(sz/front/cut)=1/1/0
DBG t=12 used=0.023 remain=1.659 turn_time=0.0223399 end_in=0.0223399 cand_pre=10 cand_cap=20 cand=10->10 pre=10 pick(must/bucket/top/rand)=1/4/5/0 depth0=7 depth=4 dlog=3 dper=0 sims=5838 loop=5828 gen_time=0 eval_time=0.023 best_avg=-0.284742 best_move=7,8 leader=1 inc2=1 attack_w=0.719671 S0=14105 SA=16783 ratio=0.840443 my_comp=4 my_front=6 leader_comp=8 comp_gain(sz/front/cut)=1/2/0
DBG t=24 used=0.021 remain=1.397 turn_time=0.0205874 end_in=0.0205874 cand_pre=20 cand_cap=20 cand=20->20 pre=20 pick(must/bucket/top/rand)=1/5/10/4 depth0=7 depth=3 dlog=4 dper=0 sims=4168 loop=4148 gen_time=0 eval_time=0.021 best_avg=-0.173882 best_move=5,7 leader=1 inc2=1 attack_w=0.588364 S0=27443 SA=30990 ratio=0.885547 my_comp=9 my_front=14 leader_comp=14 comp_gain(sz/front/cut)=1/2/0
DBG t=37 used=0.019 remain=1.132 turn_time=0.0186061 end_in=0.0186061 cand_pre=33 cand_cap=20 cand=33->20 pre=33 pick(must/bucket/top/rand)=1/8/7/4 depth0=10 depth=5 dlog=4 dper=1 sims=1872 loop=1852 gen_time=0 eval_time=0.019 best_avg=-0.110117 best_move=1,7 leader=1 inc2=1 attack_w=0.625507 S0=39285 SA=45036 ratio=0.872305 my_comp=15 my_front=27 leader_comp=21 comp_gain(sz/front/cut)=1/2/0
DBG t=49 used=0.018 remain=0.91 turn_time=0.0178967 end_in=0.0178967 cand_pre=38 cand_cap=20 cand=38->20 pre=38 pick(must/bucket/top/rand)=1/6/9/4 depth0=10 depth=3 dlog=5 dper=2 sims=1896 loop=1876 gen_time=0 eval_time=0.018 best_avg=-0.0317969 best_move=0,6 leader=1 inc2=1 attack_w=0.387927 S0=51693 SA=53592 ratio=0.964566 my_comp=18 my_front=30 leader_comp=27 comp_gain(sz/front/cut)=1/-1/0
DBG t=61 used=0.02 remain=0.686 turn_time=0.0197005 end_in=0.0197005 cand_pre=20 cand_cap=20 cand=20->20 pre=20 pick(must/bucket/top/rand)=1/6/9/4 depth0=10 depth=6 dlog=4 dper=0 sims=1772 loop=1752 gen_time=0 eval_time=0.02 best_avg=-0.181337 best_move=2,7 leader=1 inc2=1 attack_w=0.559081 S0=56657 SA=63214 ratio=0.896275 my_comp=11 my_front=12 leader_comp=26 comp_gain(sz/front/cut)=0/0/0
DBG t=74 used=0.017 remain=0.446 turn_time=0.0168708 end_in=0.0168708 cand_pre=41 cand_cap=20 cand=41->20 pre=41 pick(must/bucket/top/rand)=1/8/7/4 depth0=11 depth=4 dlog=5 dper=2 sims=1396 loop=1376 gen_time=0 eval_time=0.017 best_avg=0.0620831 best_move=1,3 leader=1 inc2=1 attack_w=0.249644 S0=66488 SA=64687 ratio=1.02784 my_comp=24 my_front=27 leader_comp=29 comp_gain(sz/front/cut)=1/2/1
DBG t=86 used=0.016 remain=0.243 turn_time=0.0159425 end_in=0.0159425 cand_pre=51 cand_cap=20 cand=51->20 pre=51 pick(must/bucket/top/rand)=1/8/7/4 depth0=11 depth=3 dlog=5 dper=3 sims=1348 loop=1328 gen_time=0 eval_time=0.016 best_avg=0.233815 best_move=1,1 leader=1 inc2=1 attack_w=0.2 S0=71031 SA=60435 ratio=1.17533 my_comp=29 my_front=33 leader_comp=26 comp_gain(sz/front/cut)=0/0/0
DBG t=99 used=0.013 remain=0.021 turn_time=0.0126 end_in=0.0126 cand_pre=53 cand_cap=16 cand=53->16 pre=48 pick(must/bucket/top/rand)=1/8/3/4 depth0=0 depth=0 dlog=5 dper=4 sims=22424 loop=22408 gen_time=0 eval_time=0.013 best_avg=0.411886 best_move=2,2 leader=1 inc2=1 attack_w=0.2 S0=82517 SA=56845 ratio=1.45161 my_comp=31 my_front=33 leader_comp=4 comp_gain(sz/front/cut)=0/0/0
DBG summary depth_guard_fired=0
Score = 131391
=== CASE 0045.txt ===
DBG hdr N=10 M=8 T=100 U=3 VMAX=1509 TIME_LIMIT=1.94 MAX_CAND=20 UCB_C=0.21 OBJ=log(S0+1)-log(SA+1)
DBG t=0 used=0.024 remain=1.94 turn_time=0.0237456 end_in=0.0237456 cand_pre=4 cand_cap=20 cand=4->4 pre=4 pick(must/bucket/top/rand)=1/2/1/0 depth0=7 depth=6 dlog=1 dper=0 sims=3100 loop=3096 gen_time=0 eval_time=0.024 best_avg=-0.57405 best_move=2,2 leader=6 inc2=1 attack_w=0.85 S0=731 SA=1464 ratio=0.499659 my_comp=1 my_front=4 leader_comp=1 comp_gain(sz/front/cut)=1/2/0
DBG t=12 used=0.022 remain=1.66 turn_time=0.021863 end_in=0.021863 cand_pre=14 cand_cap=20 cand=14->14 pre=14 pick(must/bucket/top/rand)=1/4/9/0 depth0=7 depth=4 dlog=3 dper=0 sims=2978 loop=2964 gen_time=0 eval_time=0.022 best_avg=-0.555657 best_move=2,1 leader=6 inc2=1 attack_w=0.85 S0=12064 SA=18494 ratio=0.652338 my_comp=6 my_front=13 leader_comp=5 comp_gain(sz/front/cut)=0/0/0
DBG t=24 used=0.021 remain=1.399 turn_time=0.0206168 end_in=0.0206168 cand_pre=20 cand_cap=20 cand=20->20 pre=20 pick(must/bucket/top/rand)=1/4/11/4 depth0=7 depth=3 dlog=4 dper=0 sims=3144 loop=3124 gen_time=0 eval_time=0.021 best_avg=-0.299112 best_move=1,3 leader=6 inc2=1 attack_w=0.85 S0=21151 SA=30700 ratio=0.688968 my_comp=9 my_front=19 leader_comp=10 comp_gain(sz/front/cut)=0/0/0
DBG t=37 used=0.02 remain=1.132 turn_time=0.0191901 end_in=0.0191901 cand_pre=28 cand_cap=20 cand=28->20 pre=28 pick(must/bucket/top/rand)=1/6/9/4 depth0=10 depth=5 dlog=4 dper=1 sims=1904 loop=1884 gen_time=0 eval_time=0.02 best_avg=-0.106922 best_move=6,3 leader=6 inc2=1 attack_w=0.699032 S0=29779 SA=35149 ratio=0.847226 my_comp=12 my_front=23 leader_comp=11 comp_gain(sz/front/cut)=0/0/0
DBG t=49 used=0.019 remain=0.896 turn_time=0.0184207 end_in=0.0184207 cand_pre=31 cand_cap=20 cand=31->20 pre=31 pick(must/bucket/top/rand)=1/6/9/4 depth0=10 depth=5 dlog=4 dper=1 sims=1620 loop=1600 gen_time=0 eval_time=0.019 best_avg=-0.125685 best_move=1,4 leader=6 inc2=1 attack_w=0.60838 S0=32530 SA=37035 ratio=0.878362 my_comp=14 my_front=27 leader_comp=13 comp_gain(sz/front/cut)=0/0/0
DBG t=61 used=0.018 remain=0.674 turn_time=0.0177832 end_in=0.0177832 cand_pre=34 cand_cap=20 cand=34->20 pre=34 pick(must/bucket/top/rand)=1/7/8/4 depth0=10 depth=4 dlog=4 dper=2 sims=1888 loop=1868 gen_time=0 eval_time=0.018 best_avg=0.0721023 best_move=7,3 leader=6 inc2=1 attack_w=0.321775 S0=41103 SA=41358 ratio=0.993834 my_comp=15 my_front=29 leader_comp=13 comp_gain(sz/front/cut)=1/0/0
DBG t=74 used=0.018 remain=0.44 turn_time=0.0171938 end_in=0.0171938 cand_pre=36 cand_cap=20 cand=36->20 pre=36 pick(must/bucket/top/rand)=1/4/11/4 depth0=11 depth=4 dlog=5 dper=2 sims=1776 loop=1756 gen_time=0 eval_time=0.018 best_avg=0.016457 best_move=4,4 leader=6 inc2=1 attack_w=0.263172 S0=47255 SA=46270 ratio=1.02129 my_comp=17 my_front=28 leader_comp=14 comp_gain(sz/front/cut)=0/0/0
DBG t=86 used=0.017 remain=0.231 turn_time=0.0166567 end_in=0.0166567 cand_pre=37 cand_cap=20 cand=37->20 pre=37 pick(must/bucket/top/rand)=1/7/8/4 depth0=11 depth=4 dlog=5 dper=2 sims=1592 loop=1572 gen_time=0 eval_time=0.017 best_avg=-0.173989 best_move=7,2 leader=6 inc2=1 attack_w=0.494989 S0=43981 SA=47770 ratio=0.920684 my_comp=18 my_front=32 leader_comp=14 comp_gain(sz/front/cut)=0/0/0
DBG depth_guard t=99 remain=0.015 cand_pre=40 depth0=0 depth=0
DBG t=99 used=0.01 remain=0.015 turn_time=0.009 end_in=0.009 cand_pre=40 cand_cap=14 cand=40->14 pre=40 pick(must/bucket/top/rand)=1/6/4/3 depth0=0 depth=0 dlog=5 dper=4 sims=10130 loop=10116 gen_time=0 eval_time=0.01 best_avg=0.0178836 best_move=1,3 leader=6 inc2=1 attack_w=0.276867 S0=48474 SA=47770 ratio=1.01474 my_comp=18 my_front=32 leader_comp=14 comp_gain(sz/front/cut)=0/0/0
DBG summary depth_guard_fired=1
Score = 103109
=== CASE 0042.txt ===
DBG hdr N=10 M=8 T=100 U=5 VMAX=2032 TIME_LIMIT=1.94 MAX_CAND=20 UCB_C=0.21 OBJ=log(S0+1)-log(SA+1)
DBG t=0 used=0.024 remain=1.94 turn_time=0.0238717 end_in=0.0238717 cand_pre=3 cand_cap=20 cand=3->3 pre=3 pick(must/bucket/top/rand)=1/2/0/0 depth0=7 depth=6 dlog=1 dper=0 sims=3451 loop=3448 gen_time=0 eval_time=0.024 best_avg=-0.289568 best_move=0,8 leader=5 inc2=1 attack_w=0.85 S0=1124 SA=1633 ratio=0.688494 my_comp=1 my_front=2 leader_comp=1 comp_gain(sz/front/cut)=1/1/0
DBG t=12 used=0.023 remain=1.656 turn_time=0.0224219 end_in=0.0224219 cand_pre=9 cand_cap=20 cand=9->9 pre=9 pick(must/bucket/top/rand)=1/4/4/0 depth0=7 depth=4 dlog=3 dper=0 sims=3105 loop=3096 gen_time=0 eval_time=0.023 best_avg=-0.0334296 best_move=0,6 leader=1 inc2=1 attack_w=0.360439 S0=17630 SA=18054 ratio=0.976516 my_comp=5 my_front=6 leader_comp=4 comp_gain(sz/front/cut)=0/0/0
DBG t=24 used=0.022 remain=1.388 turn_time=0.0210483 end_in=0.0210483 cand_pre=15 cand_cap=20 cand=15->15 pre=15 pick(must/bucket/top/rand)=1/5/9/0 depth0=7 depth=4 dlog=3 dper=0 sims=2615 loop=2600 gen_time=0 eval_time=0.022 best_avg=0.081898 best_move=3,9 leader=1 inc2=1 attack_w=0.2 S0=33604 SA=31349 ratio=1.07193 my_comp=8 my_front=9 leader_comp=6 comp_gain(sz/front/cut)=0/0/0
DBG t=37 used=0.021 remain=1.113 turn_time=0.0200163 end_in=0.0200163 cand_pre=18 cand_cap=20 cand=18->18 pre=18 pick(must/bucket/top/rand)=1/5/10/2 depth0=10 depth=6 dlog=4 dper=0 sims=1754 loop=1736 gen_time=0 eval_time=0.021 best_avg=0.226015 best_move=1,7 leader=1 inc2=1 attack_w=0.2 S0=48378 SA=36928 ratio=1.31005 my_comp=9 my_front=10 leader_comp=5 comp_gain(sz/front/cut)=1/2/0
DBG t=49 used=0.02 remain=0.872 turn_time=0.0192609 end_in=0.0192609 cand_pre=19 cand_cap=20 cand=19->19 pre=19 pick(must/bucket/top/rand)=1/4/11/3 depth0=10 depth=6 dlog=4 dper=0 sims=1827 loop=1808 gen_time=0 eval_time=0.02 best_avg=0.1735 best_move=4,8 leader=1 inc2=1 attack_w=0.2 S0=61118 SA=46591 ratio=1.31179 my_comp=11 my_front=12 leader_comp=7 comp_gain(sz/front/cut)=0/0/0
DBG t=61 used=0.019 remain=0.638 turn_time=0.0184284 end_in=0.0184284 cand_pre=19 cand_cap=20 cand=19->19 pre=19 pick(must/bucket/top/rand)=1/4/11/3 depth0=10 depth=6 dlog=4 dper=0 sims=1611 loop=1592 gen_time=0 eval_time=0.019 best_avg=0.300679 best_move=2,9 leader=2 inc2=1 attack_w=0.2 S0=62433 SA=44603 ratio=1.39974 my_comp=11 my_front=12 leader_comp=6 comp_gain(sz/front/cut)=0/0/0
DBG t=74 used=0.018 remain=0.398 turn_time=0.0171446 end_in=0.0171446 cand_pre=20 cand_cap=20 cand=20->20 pre=20 pick(must/bucket/top/rand)=1/4/11/4 depth0=11 depth=7 dlog=4 dper=0 sims=1288 loop=1268 gen_time=0 eval_time=0.018 best_avg=0.321031 best_move=2,9 leader=2 inc2=1 attack_w=0.2 S0=68494 SA=46118 ratio=1.48518 my_comp=12 my_front=14 leader_comp=9 comp_gain(sz/front/cut)=0/0/0
DBG t=86 used=0.016 remain=0.194 turn_time=0.0156101 end_in=0.0156101 cand_pre=19 cand_cap=20 cand=19->19 pre=19 pick(must/bucket/top/rand)=1/4/11/3 depth0=11 depth=6 dlog=4 dper=0 sims=1203 loop=1184 gen_time=0 eval_time=0.016 best_avg=0.252613 best_move=1,8 leader=2 inc2=1 attack_w=0.2 S0=76298 SA=55892 ratio=1.36509 my_comp=13 my_front=12 leader_comp=10 comp_gain(sz/front/cut)=0/0/0
DBG depth_guard t=98 remain=0.019 cand_pre=20 depth0=1 depth=0
DBG depth_guard t=99 remain=0.008 cand_pre=19 depth0=0 depth=0
DBG t=99 used=0.005 remain=0.008 turn_time=0.0048 end_in=0.0048 cand_pre=19 cand_cap=12 cand=19->12 pre=19 pick(must/bucket/top/rand)=1/4/5/2 depth0=0 depth=0 dlog=4 dper=4 sims=4132 loop=4120 gen_time=0 eval_time=0.005 best_avg=0.30711 best_move=2,7 leader=1 inc2=1 attack_w=0.2 S0=80163 SA=59931 ratio=1.33758 my_comp=13 my_front=12 leader_comp=10 comp_gain(sz/front/cut)=0/0/0
DBG summary depth_guard_fired=2
Score = 122006
=== CASE 0046.txt ===
DBG hdr N=10 M=3 T=100 U=2 VMAX=1251 TIME_LIMIT=1.94 MAX_CAND=20 UCB_C=0.21 OBJ=log(S0+1)-log(SA+1)
DBG t=0 used=0.024 remain=1.94 turn_time=0.0236195 end_in=0.0236195 cand_pre=5 cand_cap=20 cand=5->5 pre=5 pick(must/bucket/top/rand)=1/2/2/0 depth0=7 depth=5 dlog=2 dper=0 sims=6361 loop=6356 gen_time=0 eval_time=0.024 best_avg=-0.0629902 best_move=2,8 leader=2 inc2=1 attack_w=0.85 S0=788 SA=1099 ratio=0.717273 my_comp=1 my_front=4 leader_comp=1 comp_gain(sz/front/cut)=1/2/0
DBG t=12 used=0.022 remain=1.667 turn_time=0.0214626 end_in=0.0214626 cand_pre=18 cand_cap=20 cand=18->18 pre=18 pick(must/bucket/top/rand)=1/2/13/2 depth0=7 depth=3 dlog=4 dper=0 sims=4458 loop=4440 gen_time=0 eval_time=0.022 best_avg=0.234403 best_move=0,6 leader=1 inc2=1 attack_w=0.2 S0=14904 SA=12555 ratio=1.18708 my_comp=8 my_front=14 leader_comp=9 comp_gain(sz/front/cut)=0/0/0
DBG t=24 used=0.02 remain=1.413 turn_time=0.0199772 end_in=0.0199772 cand_pre=27 cand_cap=20 cand=27->20 pre=27 pick(must/bucket/top/rand)=1/4/11/4 depth0=7 depth=2 dlog=4 dper=1 sims=3556 loop=3536 gen_time=0 eval_time=0.02 best_avg=0.300947 best_move=2,4 leader=2 inc2=1 attack_w=0.2 S0=27044 SA=20691 ratio=1.30703 my_comp=14 my_front=22 leader_comp=12 comp_gain(sz/front/cut)=0/0/0
DBG t=37 used=0.018 remain=1.162 turn_time=0.0173009 end_in=0.0173009 cand_pre=48 cand_cap=20 cand=48->20 pre=48 pick(must/bucket/top/rand)=1/8/7/4 depth0=10 depth=2 dlog=5 dper=3 sims=1760 loop=1740 gen_time=0 eval_time=0.018 best_avg=0.362511 best_move=0,1 leader=2 inc2=1 attack_w=0.2 S0=40881 SA=31109 ratio=1.31411 my_comp=24 my_front=34 leader_comp=17 comp_gain(sz/front/cut)=1/1/0
DBG t=49 used=0.017 remain=0.95 turn_time=0.016625 end_in=0.016625 cand_pre=55 cand_cap=20 cand=55->20 pre=55 pick(must/bucket/top/rand)=1/8/7/4 depth0=10 depth=2 dlog=5 dper=3 sims=1400 loop=1380 gen_time=0 eval_time=0.017 best_avg=0.413952 best_move=5,0 leader=2 inc2=1 attack_w=0.2 S0=51887 SA=35950 ratio=1.4433 my_comp=30 my_front=42 leader_comp=21 comp_gain(sz/front/cut)=0/0/0
DBG t=61 used=0.016 remain=0.75 turn_time=0.0155385 end_in=0.0155385 cand_pre=68 cand_cap=14 cand=68->14 pre=42 pick(must/bucket/top/rand)=1/8/2/3 depth0=10 depth=1 dlog=5 dper=4 sims=1302 loop=1288 gen_time=0 eval_time=0.016 best_avg=0.577651 best_move=6,4 leader=1 inc2=1 attack_w=0.2 S0=60582 SA=36616 ratio=1.6545 my_comp=37 my_front=55 leader_comp=7 comp_gain(sz/front/cut)=1/2/0
DBG t=74 used=0.016 remain=0.516 turn_time=0.0153907 end_in=0.0153907 cand_pre=73 cand_cap=14 cand=73->14 pre=42 pick(must/bucket/top/rand)=1/8/2/3 depth0=11 depth=0 dlog=6 dper=5 sims=28778 loop=28764 gen_time=0 eval_time=0.016 best_avg=0.665098 best_move=7,7 leader=1 inc2=1 attack_w=0.2 S0=65727 SA=35677 ratio=1.84226 my_comp=41 my_front=63 leader_comp=8 comp_gain(sz/front/cut)=1/2/0
DBG t=86 used=0.014 remain=0.259 turn_time=0.013986 end_in=0.013986 cand_pre=76 cand_cap=14 cand=76->14 pre=42 pick(must/bucket/top/rand)=1/8/2/3 depth0=11 depth=0 dlog=6 dper=5 sims=25166 loop=25152 gen_time=0 eval_time=0.014 best_avg=0.801631 best_move=5,6 leader=1 inc2=1 attack_w=0.2 S0=70683 SA=33340 ratio=2.12003 my_comp=41 my_front=63 leader_comp=10 comp_gain(sz/front/cut)=1/-2/0
DBG t=99 used=0.018 remain=0.029 turn_time=0.0174 end_in=0.0174 cand_pre=28 cand_cap=20 cand=28->20 pre=28 pick(must/bucket/top/rand)=1/8/7/4 depth0=0 depth=0 dlog=4 dper=1 sims=37476 loop=37456 gen_time=0 eval_time=0.018 best_avg=0.788219 best_move=5,7 leader=2 inc2=1 attack_w=0.2 S0=69343 SA=31692 ratio=2.18799 my_comp=12 my_front=25 leader_comp=4 comp_gain(sz/front/cut)=32/42/1
DBG summary depth_guard_fired=0
Score = 167306
=== CASE 0047.txt ===
DBG hdr N=10 M=4 T=100 U=3 VMAX=2265 TIME_LIMIT=1.94 MAX_CAND=20 UCB_C=0.21 OBJ=log(S0+1)-log(SA+1)
DBG t=0 used=0.024 remain=1.94 turn_time=0.0236195 end_in=0.0236195 cand_pre=5 cand_cap=20 cand=5->5 pre=5 pick(must/bucket/top/rand)=1/2/2/0 depth0=7 depth=5 dlog=2 dper=0 sims=5885 loop=5880 gen_time=0 eval_time=0.024 best_avg=-0.582091 best_move=2,5 leader=1 inc2=0 attack_w=0.85 S0=1144 SA=1546 ratio=0.740142 my_comp=1 my_front=4 leader_comp=1 comp_gain(sz/front/cut)=0/0/0
DBG t=12 used=0.022 remain=1.666 turn_time=0.0210806 end_in=0.0210806 cand_pre=21 cand_cap=20 cand=21->20 pre=21 pick(must/bucket/top/rand)=1/7/8/4 depth0=7 depth=3 dlog=4 dper=0 sims=4468 loop=4448 gen_time=0 eval_time=0.022 best_avg=-0.180564 best_move=7,5 leader=1 inc2=1 attack_w=0.85 S0=14865 SA=21268 ratio=0.698952 my_comp=7 my_front=16 leader_comp=7 comp_gain(sz/front/cut)=1/2/1
DBG t=24 used=0.021 remain=1.407 turn_time=0.0209754 end_in=0.0209754 cand_pre=18 cand_cap=20 cand=18->18 pre=18 pick(must/bucket/top/rand)=1/8/7/2 depth0=7 depth=3 dlog=4 dper=0 sims=3566 loop=3548 gen_time=0 eval_time=0.021 best_avg=-0.189823 best_move=7,4 leader=1 inc2=1 attack_w=0.85 S0=20208 SA=26603 ratio=0.759623 my_comp=7 my_front=14 leader_comp=9 comp_gain(sz/front/cut)=1/2/2
DBG t=37 used=0.02 remain=1.136 turn_time=0.0199611 end_in=0.0199611 cand_pre=22 cand_cap=20 cand=22->20 pre=22 pick(must/bucket/top/rand)=1/6/9/4 depth0=10 depth=6 dlog=4 dper=0 sims=2076 loop=2056 gen_time=0 eval_time=0.02 best_avg=-0.327394 best_move=5,5 leader=2 inc2=1 attack_w=0.669496 S0=27943 SA=32601 ratio=0.857125 my_comp=10 my_front=16 leader_comp=13 comp_gain(sz/front/cut)=0/0/0
DBG t=49 used=0.02 remain=0.896 turn_time=0.0191059 end_in=0.0191059 cand_pre=25 cand_cap=20 cand=25->20 pre=25 pick(must/bucket/top/rand)=1/6/9/4 depth0=10 depth=6 dlog=4 dper=0 sims=2044 loop=2024 gen_time=0 eval_time=0.02 best_avg=-0.202616 best_move=7,5 leader=2 inc2=1 attack_w=0.806058 S0=31864 SA=39184 ratio=0.813194 my_comp=10 my_front=20 leader_comp=15 comp_gain(sz/front/cut)=0/0/0
DBG t=61 used=0.019 remain=0.666 turn_time=0.0183492 end_in=0.0183492 cand_pre=27 cand_cap=20 cand=27->20 pre=27 pick(must/bucket/top/rand)=1/6/9/4 depth0=10 depth=5 dlog=4 dper=1 sims=2104 loop=2084 gen_time=0 eval_time=0.019 best_avg=-0.327442 best_move=6,3 leader=2 inc2=1 attack_w=0.85 S0=33318 SA=47646 ratio=0.699289 my_comp=11 my_front=22 leader_comp=16 comp_gain(sz/front/cut)=0/0/0
DBG t=74 used=0.018 remain=0.42 turn_time=0.0178823 end_in=0.0178823 cand_pre=22 cand_cap=20 cand=22->20 pre=22 pick(must/bucket/top/rand)=1/6/9/4 depth0=11 depth=7 dlog=4 dper=0 sims=1532 loop=1512 gen_time=0 eval_time=0.018 best_avg=-0.604927 best_move=7,5 leader=2 inc2=1 attack_w=0.85 S0=28534 SA=54626 ratio=0.522361 my_comp=10 my_front=18 leader_comp=21 comp_gain(sz/front/cut)=0/0/0
DBG t=86 used=0.017 remain=0.21 turn_time=0.01641 end_in=0.01641 cand_pre=24 cand_cap=20 cand=24->20 pre=24 pick(must/bucket/top/rand)=1/6/9/4 depth0=11 depth=6 dlog=4 dper=1 sims=1596 loop=1576 gen_time=0 eval_time=0.017 best_avg=-0.477619 best_move=7,5 leader=2 inc2=1 attack_w=0.85 S0=33000 SA=59373 ratio=0.555816 my_comp=11 my_front=18 leader_comp=17 comp_gain(sz/front/cut)=0/0/0
DBG depth_guard t=99 remain=0.009 cand_pre=25 depth0=0 depth=0
DBG t=99 used=0.006 remain=0.009 turn_time=0.0054 end_in=0.0054 cand_pre=25 cand_cap=12 cand=25->12 pre=25 pick(must/bucket/top/rand)=1/6/3/2 depth0=0 depth=0 dlog=4 dper=5 sims=6692 loop=6680 gen_time=0 eval_time=0.006 best_avg=-0.570127 best_move=7,4 leader=2 inc2=1 attack_w=0.85 S0=36241 SA=65951 ratio=0.549521 my_comp=12 my_front=18 leader_comp=19 comp_gain(sz/front/cut)=0/0/0
DBG summary depth_guard_fired=1
Score = 62388
=== CASE 0048.txt ===
DBG hdr N=10 M=3 T=100 U=3 VMAX=2106 TIME_LIMIT=1.94 MAX_CAND=20 UCB_C=0.21 OBJ=log(S0+1)-log(SA+1)
DBG t=0 used=0.024 remain=1.94 turn_time=0.0236195 end_in=0.0236195 cand_pre=5 cand_cap=20 cand=5->5 pre=5 pick(must/bucket/top/rand)=1/2/2/0 depth0=7 depth=5 dlog=2 dper=0 sims=6477 loop=6472 gen_time=0 eval_time=0.024 best_avg=0.108535 best_move=6,8 leader=1 inc2=1 attack_w=0.267866 S0=1043 SA=1093 ratio=0.954296 my_comp=1 my_front=4 leader_comp=1 comp_gain(sz/front/cut)=1/2/0
DBG t=12 used=0.022 remain=1.663 turn_time=0.0216568 end_in=0.0216568 cand_pre=16 cand_cap=20 cand=16->16 pre=16 pick(must/bucket/top/rand)=1/6/9/0 depth0=7 depth=4 dlog=3 dper=0 sims=4784 loop=4768 gen_time=0 eval_time=0.022 best_avg=-0.0307342 best_move=7,6 leader=1 inc2=1 attack_w=0.316764 S0=11564 SA=11609 ratio=0.996124 my_comp=8 my_front=13 leader_comp=6 comp_gain(sz/front/cut)=0/0/0
DBG t=24 used=0.021 remain=1.399 turn_time=0.0209758 end_in=0.0209758 cand_pre=17 cand_cap=20 cand=17->17 pre=17 pick(must/bucket/top/rand)=1/6/9/1 depth0=7 depth=4 dlog=3 dper=0 sims=4113 loop=4096 gen_time=0 eval_time=0.021 best_avg=-0.318623 best_move=6,9 leader=1 inc2=1 attack_w=0.636136 S0=21183 SA=24388 ratio=0.868588 my_comp=8 my_front=13 leader_comp=10 comp_gain(sz/front/cut)=0/0/0
DBG t=37 used=0.021 remain=1.126 turn_time=0.0202501 end_in=0.0202501 cand_pre=18 cand_cap=20 cand=18->18 pre=18 pick(must/bucket/top/rand)=1/6/9/2 depth0=10 depth=6 dlog=4 dper=0 sims=2810 loop=2792 gen_time=0 eval_time=0.021 best_avg=-0.460509 best_move=8,6 leader=1 inc2=1 attack_w=0.85 S0=27275 SA=35949 ratio=0.75872 my_comp=8 my_front=13 leader_comp=13 comp_gain(sz/front/cut)=1/2/0
DBG t=49 used=0.02 remain=0.885 turn_time=0.0192097 end_in=0.0192097 cand_pre=22 cand_cap=20 cand=22->20 pre=22 pick(must/bucket/top/rand)=1/6/9/4 depth0=10 depth=6 dlog=4 dper=0 sims=2400 loop=2380 gen_time=0 eval_time=0.02 best_avg=-0.494833 best_move=5,8 leader=1 inc2=1 attack_w=0.85 S0=33981 SA=49349 ratio=0.688592 my_comp=10 my_front=17 leader_comp=17 comp_gain(sz/front/cut)=0/0/0
DBG t=61 used=0.019 remain=0.653 turn_time=0.0184263 end_in=0.0184263 cand_pre=23 cand_cap=20 cand=23->20 pre=23 pick(must/bucket/top/rand)=1/7/8/4 depth0=10 depth=6 dlog=4 dper=0 sims=2132 loop=2112 gen_time=0 eval_time=0.019 best_avg=-0.522148 best_move=9,9 leader=1 inc2=1 attack_w=0.85 S0=39615 SA=59656 ratio=0.664063 my_comp=11 my_front=18 leader_comp=22 comp_gain(sz/front/cut)=1/0/0
DBG t=74 used=0.018 remain=0.414 turn_time=0.0173163 end_in=0.0173163 cand_pre=25 cand_cap=20 cand=25->20 pre=25 pick(must/bucket/top/rand)=1/7/8/4 depth0=11 depth=6 dlog=4 dper=1 sims=1956 loop=1936 gen_time=0 eval_time=0.018 best_avg=-0.539215 best_move=6,8 leader=1 inc2=1 attack_w=0.85 S0=44673 SA=69989 ratio=0.638291 my_comp=14 my_front=20 leader_comp=23 comp_gain(sz/front/cut)=0/0/0
DBG t=86 used=0.016 remain=0.206 turn_time=0.0159061 end_in=0.0159061 cand_pre=26 cand_cap=20 cand=26->20 pre=26 pick(must/bucket/top/rand)=1/7/8/4 depth0=11 depth=6 dlog=4 dper=1 sims=1560 loop=1540 gen_time=0 eval_time=0.016 best_avg=-0.555232 best_move=6,8 leader=1 inc2=1 attack_w=0.85 S0=49066 SA=79460 ratio=0.617498 my_comp=15 my_front=22 leader_comp=27 comp_gain(sz/front/cut)=0/0/0
DBG depth_guard t=99 remain=0.011 cand_pre=31 depth0=0 depth=0
DBG t=99 used=0.007 remain=0.011 turn_time=0.0066 end_in=0.0066 cand_pre=31 cand_cap=12 cand=31->12 pre=31 pick(must/bucket/top/rand)=1/7/2/2 depth0=0 depth=0 dlog=4 dper=5 sims=12488 loop=12476 gen_time=0 eval_time=0.007 best_avg=-0.517837 best_move=7,6 leader=1 inc2=1 attack_w=0.85 S0=52430 SA=87160 ratio=0.601542 my_comp=18 my_front=26 leader_comp=27 comp_gain(sz/front/cut)=0/0/0
DBG summary depth_guard_fired=1
Score = 67461
=== CASE 0049.txt ===
DBG hdr N=10 M=3 T=100 U=4 VMAX=1541 TIME_LIMIT=1.94 MAX_CAND=20 UCB_C=0.21 OBJ=log(S0+1)-log(SA+1)
DBG t=0 used=0.024 remain=1.94 turn_time=0.0236195 end_in=0.0236195 cand_pre=5 cand_cap=20 cand=5->5 pre=5 pick(must/bucket/top/rand)=1/2/2/0 depth0=7 depth=5 dlog=2 dper=0 sims=6813 loop=6808 gen_time=0 eval_time=0.024 best_avg=0.214262 best_move=4,5 leader=2 inc2=1 attack_w=0.13 S0=1484 SA=835 ratio=1.77632 my_comp=1 my_front=4 leader_comp=1 comp_gain(sz/front/cut)=1/2/0
DBG t=12 used=0.023 remain=1.66 turn_time=0.0222308 end_in=0.0222308 cand_pre=11 cand_cap=20 cand=11->11 pre=11 pick(must/bucket/top/rand)=1/3/7/0 depth0=7 depth=4 dlog=3 dper=0 sims=5399 loop=5388 gen_time=0 eval_time=0.023 best_avg=0.338599 best_move=4,6 leader=2 inc2=1 attack_w=0.2 S0=19157 SA=13660 ratio=1.40239 my_comp=4 my_front=10 leader_comp=6 comp_gain(sz/front/cut)=1/0/0
DBG t=24 used=0.021 remain=1.394 turn_time=0.0209008 end_in=0.0209008 cand_pre=17 cand_cap=20 cand=17->17 pre=17 pick(must/bucket/top/rand)=1/4/11/1 depth0=7 depth=4 dlog=3 dper=0 sims=3605 loop=3588 gen_time=0 eval_time=0.021 best_avg=0.300642 best_move=5,3 leader=2 inc2=1 attack_w=0.2 S0=35946 SA=25696 ratio=1.39888 my_comp=7 my_front=12 leader_comp=11 comp_gain(sz/front/cut)=0/0/0
DBG t=37 used=0.02 remain=1.125 turn_time=0.0198839 end_in=0.0198839 cand_pre=21 cand_cap=20 cand=21->20 pre=21 pick(must/bucket/top/rand)=1/6/9/4 depth0=10 depth=6 dlog=4 dper=0 sims=2188 loop=2168 gen_time=0 eval_time=0.02 best_avg=0.138235 best_move=4,7 leader=2 inc2=1 attack_w=0.2 S0=40401 SA=33707 ratio=1.19859 my_comp=10 my_front=16 leader_comp=11 comp_gain(sz/front/cut)=1/0/0
DBG t=49 used=0.02 remain=0.883 turn_time=0.0195039 end_in=0.0195039 cand_pre=19 cand_cap=20 cand=19->19 pre=19 pick(must/bucket/top/rand)=1/6/9/3 depth0=10 depth=6 dlog=4 dper=0 sims=2323 loop=2304 gen_time=0 eval_time=0.02 best_avg=-0.0440833 best_move=5,7 leader=2 inc2=1 attack_w=0.316153 S0=44329 SA=44489 ratio=0.996404 my_comp=9 my_front=16 leader_comp=15 comp_gain(sz/front/cut)=0/0/0
DBG t=61 used=0.019 remain=0.651 turn_time=0.0181529 end_in=0.0181529 cand_pre=25 cand_cap=20 cand=25->20 pre=25 pick(must/bucket/top/rand)=1/8/7/4 depth0=10 depth=5 dlog=4 dper=1 sims=2144 loop=2124 gen_time=0 eval_time=0.019 best_avg=-0.0819278 best_move=4,8 leader=2 inc2=1 attack_w=0.482769 S0=51894 SA=56072 ratio=0.92549 my_comp=12 my_front=18 leader_comp=17 comp_gain(sz/front/cut)=1/2/0
DBG t=74 used=0.018 remain=0.415 turn_time=0.0171507 end_in=0.0171507 cand_pre=27 cand_cap=20 cand=27->20 pre=27 pick(must/bucket/top/rand)=1/6/9/4 depth0=11 depth=6 dlog=4 dper=1 sims=2460 loop=2440 gen_time=0 eval_time=0.018 best_avg=-0.182824 best_move=4,6 leader=2 inc2=1 attack_w=0.716077 S0=54933 SA=65271 ratio=0.841617 my_comp=13 my_front=20 leader_comp=1 comp_gain(sz/front/cut)=0/0/0
DBG t=86 used=0.017 remain=0.209 turn_time=0.0163319 end_in=0.0163319 cand_pre=24 cand_cap=20 cand=24->20 pre=24 pick(must/bucket/top/rand)=1/6/9/4 depth0=11 depth=6 dlog=4 dper=1 sims=2040 loop=2020 gen_time=0 eval_time=0.017 best_avg=-0.182278 best_move=5,7 leader=2 inc2=1 attack_w=0.725526 S0=57371 SA=68418 ratio=0.838539 my_comp=12 my_front=20 leader_comp=3 comp_gain(sz/front/cut)=0/0/0
DBG depth_guard t=99 remain=0.012 cand_pre=35 depth0=0 depth=0
DBG t=99 used=0.008 remain=0.012 turn_time=0.0072 end_in=0.0072 cand_pre=35 cand_cap=12 cand=35->12 pre=35 pick(must/bucket/top/rand)=1/7/2/2 depth0=0 depth=0 dlog=4 dper=5 sims=16988 loop=16976 gen_time=0 eval_time=0.008 best_avg=-0.0917593 best_move=4,9 leader=2 inc2=1 attack_w=0.512275 S0=69044 SA=75543 ratio=0.913971 my_comp=17 my_front=28 leader_comp=4 comp_gain(sz/front/cut)=1/1/0
DBG summary depth_guard_fired=1
Score = 92708
=== CASE 0050.txt ===
DBG hdr N=10 M=3 T=100 U=2 VMAX=1379 TIME_LIMIT=1.94 MAX_CAND=20 UCB_C=0.21 OBJ=log(S0+1)-log(SA+1)
DBG t=0 used=0.024 remain=1.94 turn_time=0.0237456 end_in=0.0237456 cand_pre=4 cand_cap=20 cand=4->4 pre=4 pick(must/bucket/top/rand)=1/2/1/0 depth0=7 depth=6 dlog=1 dper=0 sims=5844 loop=5840 gen_time=0 eval_time=0.024 best_avg=-0.0970865 best_move=1,8 leader=1 inc2=1 attack_w=0.13 S0=1010 SA=928 ratio=1.08827 my_comp=1 my_front=3 leader_comp=1 comp_gain(sz/front/cut)=1/2/0
DBG t=12 used=0.022 remain=1.665 turn_time=0.0210679 end_in=0.0210679 cand_pre=21 cand_cap=20 cand=21->20 pre=21 pick(must/bucket/top/rand)=1/3/12/4 depth0=7 depth=3 dlog=4 dper=0 sims=4660 loop=4640 gen_time=0 eval_time=0.022 best_avg=0.481479 best_move=4,7 leader=2 inc2=1 attack_w=0.2 S0=15317 SA=9394 ratio=1.63044 my_comp=9 my_front=15 leader_comp=6 comp_gain(sz/front/cut)=0/0/0
DBG t=24 used=0.023 remain=1.415 turn_time=0.02291 end_in=0.02291 cand_pre=3 cand_cap=20 cand=3->3 pre=3 pick(must/bucket/top/rand)=1/2/0/0 depth0=7 depth=6 dlog=1 dper=0 sims=3983 loop=3980 gen_time=0 eval_time=0.023 best_avg=0.589595 best_move=2,3 leader=2 inc2=1 attack_w=0.2 S0=26065 SA=15645 ratio=1.66598 my_comp=1 my_front=4 leader_comp=10 comp_gain(sz/front/cut)=0/0/0
DBG t=37 used=0.021 remain=1.126 turn_time=0.0205987 end_in=0.0205987 cand_pre=15 cand_cap=20 cand=15->15 pre=15 pick(must/bucket/top/rand)=1/6/8/0 depth0=10 depth=7 dlog=3 dper=0 sims=2791 loop=2776 gen_time=0 eval_time=0.021 best_avg=0.760027 best_move=4,2 leader=1 inc2=1 attack_w=0.2 S0=24711 SA=12708 ratio=1.94445 my_comp=7 my_front=11 leader_comp=8 comp_gain(sz/front/cut)=1/2/0
DBG t=49 used=0.019 remain=0.884 turn_time=0.018174 end_in=0.018174 cand_pre=31 cand_cap=20 cand=31->20 pre=31 pick(must/bucket/top/rand)=1/8/7/4 depth0=10 depth=5 dlog=4 dper=1 sims=2112 loop=2092 gen_time=0 eval_time=0.019 best_avg=0.769582 best_move=5,3 leader=1 inc2=1 attack_w=0.2 S0=27016 SA=11088 ratio=2.43638 my_comp=16 my_front=24 leader_comp=5 comp_gain(sz/front/cut)=0/0/0
DBG t=61 used=0.018 remain=0.663 turn_time=0.0171615 end_in=0.0171615 cand_pre=37 cand_cap=20 cand=37->20 pre=37 pick(must/bucket/top/rand)=1/7/8/4 depth0=10 depth=3 dlog=5 dper=2 sims=2248 loop=2228 gen_time=0 eval_time=0.018 best_avg=1.02889 best_move=4,5 leader=2 inc2=1 attack_w=0.2 S0=32248 SA=13409 ratio=2.40485 my_comp=21 my_front=28 leader_comp=4 comp_gain(sz/front/cut)=1/2/1
DBG t=74 used=0.016 remain=0.446 turn_time=0.0155328 end_in=0.0155328 cand_pre=53 cand_cap=20 cand=53->20 pre=53 pick(must/bucket/top/rand)=1/8/7/4 depth0=11 depth=2 dlog=5 dper=4 sims=1952 loop=1932 gen_time=0 eval_time=0.016 best_avg=1.11004 best_move=4,6 leader=2 inc2=1 attack_w=0.2 S0=39484 SA=12497 ratio=3.15931 my_comp=29 my_front=41 leader_comp=6 comp_gain(sz/front/cut)=1/2/3
DBG t=86 used=0.017 remain=0.225 turn_time=0.0167464 end_in=0.0167464 cand_pre=32 cand_cap=20 cand=32->20 pre=32 pick(must/bucket/top/rand)=1/8/7/4 depth0=11 depth=5 dlog=4 dper=2 sims=1752 loop=1732 gen_time=0 eval_time=0.017 best_avg=1.34245 best_move=5,5 leader=1 inc2=1 attack_w=0.2 S0=37448 SA=10211 ratio=3.66716 my_comp=16 my_front=26 leader_comp=7 comp_gain(sz/front/cut)=1/0/1
DBG t=99 used=0.013 remain=0.02 turn_time=0.012 end_in=0.012 cand_pre=66 cand_cap=14 cand=66->14 pre=42 pick(must/bucket/top/rand)=1/8/2/3 depth0=0 depth=0 dlog=5 dper=5 sims=41438 loop=41424 gen_time=0 eval_time=0.013 best_avg=1.86125 best_move=1,3 leader=1 inc2=1 attack_w=0.2 S0=42198 SA=6531 ratio=6.46035 my_comp=37 my_front=46 leader_comp=4 comp_gain(sz/front/cut)=1/2/0
DBG summary depth_guard_fired=0
Score = 304609
=== CASE 0051.txt ===
DBG hdr N=10 M=8 T=100 U=1 VMAX=1078 TIME_LIMIT=1.94 MAX_CAND=20 UCB_C=0.21 OBJ=log(S0+1)-log(SA+1)
DBG t=0 used=0.024 remain=1.94 turn_time=0.0236195 end_in=0.0236195 cand_pre=5 cand_cap=20 cand=5->5 pre=5 pick(must/bucket/top/rand)=1/2/2/0 depth0=7 depth=5 dlog=2 dper=0 sims=3237 loop=3232 gen_time=0 eval_time=0.024 best_avg=-0.0650237 best_move=7,2 leader=6 inc2=1 attack_w=0.678947 S0=911 SA=1067 ratio=0.853933 my_comp=1 my_front=4 leader_comp=1 comp_gain(sz/front/cut)=1/2/0
DBG t=12 used=0.023 remain=1.666 turn_time=0.0223111 end_in=0.0223111 cand_pre=11 cand_cap=20 cand=11->11 pre=11 pick(must/bucket/top/rand)=1/3/7/0 depth0=7 depth=4 dlog=3 dper=0 sims=2791 loop=2780 gen_time=0 eval_time=0.023 best_avg=0.0815953 best_move=8,4 leader=2 inc2=1 attack_w=0.331242 S0=8038 SA=8123 ratio=0.989537 my_comp=4 my_front=10 leader_comp=3 comp_gain(sz/front/cut)=1/2/0
DBG t=24 used=0.019 remain=1.409 turn_time=0.0189566 end_in=0.0189566 cand_pre=35 cand_cap=20 cand=35->20 pre=35 pick(must/bucket/top/rand)=1/6/9/4 depth0=7 depth=1 dlog=4 dper=2 sims=2964 loop=2944 gen_time=0 eval_time=0.019 best_avg=0.000516372 best_move=0,7 leader=6 inc2=1 attack_w=0.446419 S0=15172 SA=16139 ratio=0.940087 my_comp=15 my_front=30 leader_comp=16 comp_gain(sz/front/cut)=1/1/1
DBG t=37 used=0.02 remain=1.144 turn_time=0.0191575 end_in=0.0191575 cand_pre=30 cand_cap=20 cand=30->20 pre=30 pick(must/bucket/top/rand)=1/6/9/4 depth0=10 depth=5 dlog=4 dper=1 sims=1408 loop=1388 gen_time=0 eval_time=0.02 best_avg=0.189899 best_move=6,4 leader=4 inc2=1 attack_w=0.2 S0=18121 SA=15018 ratio=1.2066 my_comp=14 my_front=29 leader_comp=14 comp_gain(sz/front/cut)=2/4/0
DBG t=49 used=0.021 remain=0.894 turn_time=0.0204305 end_in=0.0204305 cand_pre=13 cand_cap=20 cand=13->13 pre=13 pick(must/bucket/top/rand)=1/3/9/0 depth0=10 depth=7 dlog=3 dper=0 sims=1385 loop=1372 gen_time=0 eval_time=0.021 best_avg=0.100885 best_move=9,2 leader=6 inc2=1 attack_w=0.2 S0=21169 SA=14941 ratio=1.41681 my_comp=7 my_front=8 leader_comp=8 comp_gain(sz/front/cut)=1/1/0
DBG t=61 used=0.021 remain=0.656 turn_time=0.0202603 end_in=0.0202603 cand_pre=7 cand_cap=20 cand=7->7 pre=7 pick(must/bucket/top/rand)=1/4/2/0 depth0=10 depth=8 dlog=2 dper=0 sims=1171 loop=1164 gen_time=0 eval_time=0.021 best_avg=0.524694 best_move=9,9 leader=6 inc2=1 attack_w=0.2 S0=22749 SA=14853 ratio=1.53157 my_comp=2 my_front=5 leader_comp=9 comp_gain(sz/front/cut)=1/0/0
DBG t=74 used=0.017 remain=0.411 turn_time=0.0166771 end_in=0.0166771 cand_pre=30 cand_cap=20 cand=30->20 pre=30 pick(must/bucket/top/rand)=1/6/9/4 depth0=11 depth=6 dlog=4 dper=1 sims=1000 loop=980 gen_time=0 eval_time=0.017 best_avg=0.682312 best_move=8,5 leader=6 inc2=1 attack_w=0.2 S0=26536 SA=12766 ratio=2.07856 my_comp=17 my_front=20 leader_comp=11 comp_gain(sz/front/cut)=1/2/0
DBG t=86 used=0.016 remain=0.213 turn_time=0.0158533 end_in=0.0158533 cand_pre=32 cand_cap=20 cand=32->20 pre=32 pick(must/bucket/top/rand)=1/4/11/4 depth0=11 depth=5 dlog=4 dper=2 sims=1024 loop=1004 gen_time=0 eval_time=0.016 best_avg=0.772103 best_move=5,8 leader=5 inc2=1 attack_w=0.2 S0=33302 SA=14504 ratio=2.29597 my_comp=21 my_front=15 leader_comp=14 comp_gain(sz/front/cut)=1/2/0
DBG depth_guard t=99 remain=0.012 cand_pre=37 depth0=0 depth=0
DBG t=99 used=0.008 remain=0.012 turn_time=0.0072 end_in=0.0072 cand_pre=37 cand_cap=12 cand=37->12 pre=36 pick(must/bucket/top/rand)=1/4/5/2 depth0=0 depth=0 dlog=5 dper=5 sims=9624 loop=9612 gen_time=0 eval_time=0.008 best_avg=1.15556 best_move=2,7 leader=4 inc2=1 attack_w=0.2 S0=34477 SA=10243 ratio=3.36568 my_comp=24 my_front=19 leader_comp=6 comp_gain(sz/front/cut)=1/2/1
DBG summary depth_guard_fired=1
Score = 196714
=== CASE 0052.txt ===
DBG hdr N=10 M=5 T=100 U=4 VMAX=1301 TIME_LIMIT=1.94 MAX_CAND=20 UCB_C=0.21 OBJ=log(S0+1)-log(SA+1)
DBG t=0 used=0.024 remain=1.94 turn_time=0.0237456 end_in=0.0237456 cand_pre=4 cand_cap=20 cand=4->4 pre=4 pick(must/bucket/top/rand)=1/2/1/0 depth0=7 depth=6 dlog=1 dper=0 sims=4132 loop=4128 gen_time=0 eval_time=0.024 best_avg=-0.0716865 best_move=1,5 leader=3 inc2=0 attack_w=0.765672 S0=1046 SA=1267 ratio=0.82571 my_comp=1 my_front=3 leader_comp=1 comp_gain(sz/front/cut)=1/2/0
DBG t=12 used=0.023 remain=1.657 turn_time=0.0221906 end_in=0.0221906 cand_pre=11 cand_cap=20 cand=11->11 pre=11 pick(must/bucket/top/rand)=1/4/6/0 depth0=7 depth=4 dlog=3 dper=0 sims=3531 loop=3520 gen_time=0 eval_time=0.023 best_avg=-0.216668 best_move=1,4 leader=4 inc2=1 attack_w=0.85 S0=11124 SA=14240 ratio=0.781195 my_comp=5 my_front=9 leader_comp=13 comp_gain(sz/front/cut)=0/0/0
DBG t=24 used=0.022 remain=1.388 turn_time=0.0210483 end_in=0.0210483 cand_pre=15 cand_cap=20 cand=15->15 pre=15 pick(must/bucket/top/rand)=1/6/8/0 depth0=7 depth=4 dlog=3 dper=0 sims=2927 loop=2912 gen_time=0 eval_time=0.022 best_avg=-0.0237378 best_move=2,4 leader=4 inc2=1 attack_w=0.447711 S0=24203 SA=25760 ratio=0.93956 my_comp=7 my_front=11 leader_comp=24 comp_gain(sz/front/cut)=0/0/0
DBG t=37 used=0.021 remain=1.112 turn_time=0.0202278 end_in=0.0202278 cand_pre=16 cand_cap=20 cand=16->16 pre=16 pick(must/bucket/top/rand)=1/6/9/0 depth0=10 depth=7 dlog=3 dper=0 sims=1680 loop=1664 gen_time=0 eval_time=0.021 best_avg=0.050139 best_move=2,4 leader=4 inc2=1 attack_w=0.2 S0=30473 SA=27024 ratio=1.12762 my_comp=9 my_front=15 leader_comp=24 comp_gain(sz/front/cut)=0/0/0
DBG t=49 used=0.019 remain=0.87 turn_time=0.018995 end_in=0.018995 cand_pre=21 cand_cap=20 cand=21->20 pre=21 pick(must/bucket/top/rand)=1/8/7/4 depth0=10 depth=6 dlog=4 dper=0 sims=2176 loop=2156 gen_time=0 eval_time=0.019 best_avg=0.187164 best_move=3,3 leader=2 inc2=1 attack_w=0.2 S0=33187 SA=27082 ratio=1.22542 my_comp=10 my_front=17 leader_comp=6 comp_gain(sz/front/cut)=0/0/0
DBG t=61 used=0.018 remain=0.641 turn_time=0.0176604 end_in=0.0176604 cand_pre=27 cand_cap=20 cand=27->20 pre=27 pick(must/bucket/top/rand)=1/8/7/4 depth0=10 depth=5 dlog=4 dper=1 sims=1852 loop=1832 gen_time=0 eval_time=0.018 best_avg=0.245894 best_move=6,2 leader=2 inc2=1 attack_w=0.2 S0=39884 SA=34780 ratio=1.14675 my_comp=12 my_front=22 leader_comp=7 comp_gain(sz/front/cut)=1/2/1
DBG t=74 used=0.017 remain=0.415 turn_time=0.0164244 end_in=0.0164244 cand_pre=34 cand_cap=20 cand=34->20 pre=34 pick(must/bucket/top/rand)=1/8/7/4 depth0=11 depth=5 dlog=4 dper=2 sims=1764 loop=1744 gen_time=0 eval_time=0.017 best_avg=0.296191 best_move=3,4 leader=3 inc2=1 attack_w=0.2 S0=49464 SA=35958 ratio=1.37559 my_comp=16 my_front=26 leader_comp=1 comp_gain(sz/front/cut)=1/0/0
DBG t=86 used=0.016 remain=0.212 turn_time=0.0158773 end_in=0.0158773 cand_pre=31 cand_cap=20 cand=31->20 pre=31 pick(must/bucket/top/rand)=1/8/7/4 depth0=11 depth=5 dlog=4 dper=2 sims=2024 loop=2004 gen_time=0 eval_time=0.016 best_avg=0.0835767 best_move=4,3 leader=3 inc2=1 attack_w=0.2 S0=44670 SA=39107 ratio=1.14225 my_comp=15 my_front=26 leader_comp=10 comp_gain(sz/front/cut)=0/0/0
DBG depth_guard t=99 remain=0.009 cand_pre=17 depth0=0 depth=0
DBG t=99 used=0.006 remain=0.009 turn_time=0.0054 end_in=0.0054 cand_pre=17 cand_cap=12 cand=17->12 pre=17 pick(must/bucket/top/rand)=1/5/4/2 depth0=0 depth=0 dlog=3 dper=3 sims=8380 loop=8368 gen_time=0 eval_time=0.006 best_avg=0.106335 best_move=6,2 leader=3 inc2=0 attack_w=0.2 S0=48689 SA=43214 ratio=1.12669 my_comp=7 my_front=14 leader_comp=12 comp_gain(sz/front/cut)=1/0/0
DBG summary depth_guard_fired=1
Score = 105108
=== CASE 0053.txt ===
DBG hdr N=10 M=3 T=100 U=5 VMAX=1960 TIME_LIMIT=1.94 MAX_CAND=20 UCB_C=0.21 OBJ=log(S0+1)-log(SA+1)
DBG t=0 used=0.024 remain=1.94 turn_time=0.0236195 end_in=0.0236195 cand_pre=5 cand_cap=20 cand=5->5 pre=5 pick(must/bucket/top/rand)=1/2/2/0 depth0=7 depth=5 dlog=2 dper=0 sims=6993 loop=6988 gen_time=0 eval_time=0.024 best_avg=0.0493215 best_move=6,6 leader=2 inc2=1 attack_w=0.13 S0=1103 SA=1036 ratio=1.06461 my_comp=1 my_front=4 leader_comp=1 comp_gain(sz/front/cut)=1/2/0
DBG t=12 used=0.021 remain=1.67 turn_time=0.0208845 end_in=0.0208845 cand_pre=23 cand_cap=20 cand=23->20 pre=23 pick(must/bucket/top/rand)=1/4/11/4 depth0=7 depth=3 dlog=4 dper=0 sims=3900 loop=3880 gen_time=0 eval_time=0.021 best_avg=0.387647 best_move=2,7 leader=2 inc2=1 attack_w=0.2 S0=19583 SA=13386 ratio=1.46291 my_comp=8 my_front=18 leader_comp=9 comp_gain(sz/front/cut)=0/0/0
DBG t=24 used=0.021 remain=1.417 turn_time=0.020155 end_in=0.020155 cand_pre=26 cand_cap=20 cand=26->20 pre=26 pick(must/bucket/top/rand)=1/6/9/4 depth0=7 depth=3 dlog=4 dper=0 sims=3244 loop=3224 gen_time=0 eval_time=0.021 best_avg=0.460331 best_move=3,6 leader=2 inc2=1 attack_w=0.2 S0=38218 SA=24235 ratio=1.57695 my_comp=10 my_front=22 leader_comp=18 comp_gain(sz/front/cut)=0/0/0
DBG t=37 used=0.019 remain=1.156 turn_time=0.0185235 end_in=0.0185235 cand_pre=37 cand_cap=20 cand=37->20 pre=37 pick(must/bucket/top/rand)=1/7/8/4 depth0=10 depth=3 dlog=5 dper=2 sims=2484 loop=2464 gen_time=0 eval_time=0.019 best_avg=0.489103 best_move=7,3 leader=1 inc2=1 attack_w=0.2 S0=53761 SA=32255 ratio=1.66673 my_comp=16 my_front=30 leader_comp=11 comp_gain(sz/front/cut)=1/2/0
DBG t=49 used=0.018 remain=0.936 turn_time=0.0176922 end_in=0.0176922 cand_pre=44 cand_cap=20 cand=44->20 pre=44 pick(must/bucket/top/rand)=1/8/7/4 depth0=10 depth=3 dlog=5 dper=2 sims=1984 loop=1964 gen_time=0 eval_time=0.018 best_avg=0.505548 best_move=1,7 leader=1 inc2=1 attack_w=0.2 S0=67616 SA=39257 ratio=1.72238 my_comp=22 my_front=34 leader_comp=14 comp_gain(sz/front/cut)=0/0/0
DBG t=61 used=0.018 remain=0.72 turn_time=0.0176769 end_in=0.0176769 cand_pre=45 cand_cap=20 cand=45->20 pre=45 pick(must/bucket/top/rand)=1/8/7/4 depth0=10 depth=2 dlog=5 dper=3 sims=2172 loop=2152 gen_time=0 eval_time=0.018 best_avg=0.513356 best_move=0,6 leader=1 inc2=1 attack_w=0.2 S0=79773 SA=46529 ratio=1.71446 my_comp=23 my_front=35 leader_comp=15 comp_gain(sz/front/cut)=0/0/0
DBG t=74 used=0.018 remain=0.486 turn_time=0.0175334 end_in=0.0175334 cand_pre=48 cand_cap=20 cand=48->20 pre=48 pick(must/bucket/top/rand)=1/8/7/4 depth0=11 depth=3 dlog=5 dper=3 sims=1840 loop=1820 gen_time=0 eval_time=0.018 best_avg=0.462268 best_move=2,3 leader=1 inc2=1 attack_w=0.2 S0=85272 SA=51037 ratio=1.67077 my_comp=26 my_front=38 leader_comp=17 comp_gain(sz/front/cut)=0/0/0
DBG t=86 used=0.019 remain=0.266 turn_time=0.018316 end_in=0.018316 cand_pre=44 cand_cap=20 cand=44->20 pre=44 pick(must/bucket/top/rand)=1/8/7/4 depth0=11 depth=4 dlog=5 dper=2 sims=1888 loop=1868 gen_time=0 eval_time=0.019 best_avg=0.376618 best_move=1,4 leader=1 inc2=1 attack_w=0.2 S0=82935 SA=54047 ratio=1.53449 my_comp=22 my_front=34 leader_comp=18 comp_gain(sz/front/cut)=0/0/0
DBG t=99 used=0.013 remain=0.02 turn_time=0.012 end_in=0.012 cand_pre=48 cand_cap=16 cand=48->16 pre=48 pick(must/bucket/top/rand)=1/8/3/4 depth0=0 depth=0 dlog=5 dper=4 sims=28048 loop=28032 gen_time=0 eval_time=0.013 best_avg=0.379622 best_move=2,3 leader=1 inc2=1 attack_w=0.2 S0=84321 SA=57035 ratio=1.4784 my_comp=24 my_front=38 leader_comp=18 comp_gain(sz/front/cut)=0/0/0
DBG summary depth_guard_fired=0
Score = 129225
=== CASE 0054.txt ===
DBG hdr N=10 M=4 T=100 U=1 VMAX=1783 TIME_LIMIT=1.94 MAX_CAND=20 UCB_C=0.21 OBJ=log(S0+1)-log(SA+1)
DBG t=0 used=0.024 remain=1.94 turn_time=0.0238717 end_in=0.0238717 cand_pre=3 cand_cap=20 cand=3->3 pre=3 pick(must/bucket/top/rand)=1/2/0/0 depth0=7 depth=6 dlog=1 dper=0 sims=4763 loop=4760 gen_time=0 eval_time=0.024 best_avg=-0.259569 best_move=4,0 leader=3 inc2=1 attack_w=0.549074 S0=809 SA=899 ratio=0.9 my_comp=1 my_front=3 leader_comp=1 comp_gain(sz/front/cut)=1/1/0
DBG t=12 used=0.022 remain=1.666 turn_time=0.0210806 end_in=0.0210806 cand_pre=21 cand_cap=20 cand=21->20 pre=21 pick(must/bucket/top/rand)=1/4/11/4 depth0=7 depth=3 dlog=4 dper=0 sims=4176 loop=4156 gen_time=0 eval_time=0.022 best_avg=-0.211997 best_move=2,0 leader=2 inc2=1 attack_w=0.322276 S0=11965 SA=12042 ratio=0.993606 my_comp=11 my_front=17 leader_comp=10 comp_gain(sz/front/cut)=0/0/0
DBG t=24 used=0.021 remain=1.401 turn_time=0.0207661 end_in=0.0207661 cand_pre=19 cand_cap=20 cand=19->19 pre=19 pick(must/bucket/top/rand)=1/4/11/3 depth0=7 depth=3 dlog=4 dper=0 sims=4075 loop=4056 gen_time=0 eval_time=0.021 best_avg=-0.0510225 best_move=1,1 leader=2 inc2=1 attack_w=0.85 S0=9922 SA=16559 ratio=0.599215 my_comp=10 my_front=12 leader_comp=6 comp_gain(sz/front/cut)=1/0/0
DBG t=37 used=0.019 remain=1.139 turn_time=0.0184862 end_in=0.0184862 cand_pre=35 cand_cap=20 cand=35->20 pre=35 pick(must/bucket/top/rand)=1/4/11/4 depth0=10 depth=4 dlog=4 dper=2 sims=1876 loop=1856 gen_time=0 eval_time=0.019 best_avg=0.673276 best_move=4,3 leader=2 inc2=1 attack_w=0.2 S0=25120 SA=12594 ratio=1.99452 my_comp=23 my_front=20 leader_comp=10 comp_gain(sz/front/cut)=1/2/0
DBG t=49 used=0.021 remain=0.91 turn_time=0.0201003 end_in=0.0201003 cand_pre=19 cand_cap=20 cand=19->19 pre=19 pick(must/bucket/top/rand)=1/5/10/3 depth0=10 depth=6 dlog=4 dper=0 sims=2239 loop=2220 gen_time=0 eval_time=0.021 best_avg=0.81985 best_move=3,9 leader=1 inc2=1 attack_w=0.2 S0=32812 SA=13516 ratio=2.42754 my_comp=10 my_front=15 leader_comp=1 comp_gain(sz/front/cut)=1/-3/0
DBG t=61 used=0.019 remain=0.674 turn_time=0.0183449 end_in=0.0183449 cand_pre=29 cand_cap=20 cand=29->20 pre=29 pick(must/bucket/top/rand)=1/4/11/4 depth0=10 depth=5 dlog=4 dper=1 sims=1904 loop=1884 gen_time=0 eval_time=0.019 best_avg=0.908379 best_move=9,9 leader=1 inc2=0 attack_w=0.2 S0=37712 SA=16576 ratio=2.27502 my_comp=15 my_front=20 leader_comp=7 comp_gain(sz/front/cut)=1/-2/0
DBG t=74 used=0.018 remain=0.446 turn_time=0.0175398 end_in=0.0175398 cand_pre=35 cand_cap=20 cand=35->20 pre=35 pick(must/bucket/top/rand)=1/5/10/4 depth0=11 depth=5 dlog=4 dper=2 sims=1480 loop=1460 gen_time=0 eval_time=0.018 best_avg=1.01003 best_move=0,4 leader=1 inc2=0 attack_w=0.2 S0=45037 SA=17951 ratio=2.5088 my_comp=24 my_front=17 leader_comp=8 comp_gain(sz/front/cut)=0/0/0
DBG t=86 used=0.016 remain=0.239 turn_time=0.0155691 end_in=0.0155691 cand_pre=52 cand_cap=20 cand=52->20 pre=52 pick(must/bucket/top/rand)=1/5/10/4 depth0=11 depth=2 dlog=5 dper=4 sims=1144 loop=1124 gen_time=0 eval_time=0.016 best_avg=1.08974 best_move=0,5 leader=2 inc2=0 attack_w=0.2 S0=50249 SA=17489 ratio=2.87307 my_comp=31 my_front=36 leader_comp=7 comp_gain(sz/front/cut)=1/-1/0
DBG depth_guard t=99 remain=0.012 cand_pre=54 depth0=0 depth=0
DBG t=99 used=0.008 remain=0.012 turn_time=0.0072 end_in=0.0072 cand_pre=54 cand_cap=12 cand=54->12 pre=36 pick(must/bucket/top/rand)=1/6/3/2 depth0=0 depth=0 dlog=5 dper=5 sims=15816 loop=15804 gen_time=0 eval_time=0.008 best_avg=0.962284 best_move=7,5 leader=2 inc2=1 attack_w=0.2 S0=45238 SA=17849 ratio=2.5344 my_comp=30 my_front=42 leader_comp=7 comp_gain(sz/front/cut)=1/2/0
DBG summary depth_guard_fired=1
Score = 187010
=== CASE 0055.txt ===
DBG hdr N=10 M=8 T=100 U=2 VMAX=1735 TIME_LIMIT=1.94 MAX_CAND=20 UCB_C=0.21 OBJ=log(S0+1)-log(SA+1)
DBG t=0 used=0.024 remain=1.94 turn_time=0.0237456 end_in=0.0237456 cand_pre=4 cand_cap=20 cand=4->4 pre=4 pick(must/bucket/top/rand)=1/2/1/0 depth0=7 depth=6 dlog=1 dper=0 sims=2940 loop=2936 gen_time=0 eval_time=0.024 best_avg=-0.509691 best_move=0,4 leader=2 inc2=1 attack_w=0.85 S0=882 SA=1413 ratio=0.62447 my_comp=1 my_front=3 leader_comp=1 comp_gain(sz/front/cut)=0/0/0
DBG t=12 used=0.022 remain=1.665 turn_time=0.0211909 end_in=0.0211909 cand_pre=20 cand_cap=20 cand=20->20 pre=20 pick(must/bucket/top/rand)=1/4/11/4 depth0=7 depth=3 dlog=4 dper=0 sims=3020 loop=3000 gen_time=0 eval_time=0.022 best_avg=0.222146 best_move=4,0 leader=6 inc2=1 attack_w=0.2 S0=16297 SA=12555 ratio=1.29802 my_comp=9 my_front=14 leader_comp=7 comp_gain(sz/front/cut)=0/0/0
DBG t=24 used=0.02 remain=1.413 turn_time=0.0194938 end_in=0.0194938 cand_pre=31 cand_cap=20 cand=31->20 pre=31 pick(must/bucket/top/rand)=1/7/8/4 depth0=7 depth=2 dlog=4 dper=1 sims=2768 loop=2748 gen_time=0 eval_time=0.02 best_avg=0.366585 best_move=1,6 leader=6 inc2=1 attack_w=0.2 S0=29027 SA=19717 ratio=1.47216 my_comp=15 my_front=26 leader_comp=4 comp_gain(sz/front/cut)=0/0/0
DBG t=37 used=0.019 remain=1.16 turn_time=0.0184679 end_in=0.0184679 cand_pre=38 cand_cap=20 cand=38->20 pre=38 pick(must/bucket/top/rand)=1/6/9/4 depth0=10 depth=3 dlog=5 dper=2 sims=1840 loop=1820 gen_time=0 eval_time=0.019 best_avg=0.401341 best_move=3,0 leader=4 inc2=1 attack_w=0.2 S0=34132 SA=25302 ratio=1.34897 my_comp=21 my_front=30 leader_comp=7 comp_gain(sz/front/cut)=0/0/0
DBG t=49 used=0.018 remain=0.932 turn_time=0.0178542 end_in=0.0178542 cand_pre=42 cand_cap=20 cand=42->20 pre=42 pick(must/bucket/top/rand)=1/4/11/4 depth0=10 depth=3 dlog=5 dper=2 sims=1660 loop=1640 gen_time=0 eval_time=0.018 best_avg=0.57147 best_move=4,3 leader=7 inc2=1 attack_w=0.2 S0=38539 SA=22292 ratio=1.72879 my_comp=22 my_front=32 leader_comp=17 comp_gain(sz/front/cut)=0/0/0
DBG t=61 used=0.018 remain=0.716 turn_time=0.0176981 end_in=0.0176981 cand_pre=44 cand_cap=20 cand=44->20 pre=44 pick(must/bucket/top/rand)=1/6/9/4 depth0=10 depth=3 dlog=5 dper=2 sims=1700 loop=1680 gen_time=0 eval_time=0.018 best_avg=0.595088 best_move=3,0 leader=6 inc2=1 attack_w=0.2 S0=46155 SA=23983 ratio=1.92445 my_comp=25 my_front=37 leader_comp=2 comp_gain(sz/front/cut)=0/0/0
DBG t=74 used=0.018 remain=0.474 turn_time=0.017219 end_in=0.017219 cand_pre=47 cand_cap=20 cand=47->20 pre=47 pick(must/bucket/top/rand)=1/8/7/4 depth0=11 depth=3 dlog=5 dper=3 sims=1448 loop=1428 gen_time=0 eval_time=0.018 best_avg=0.530347 best_move=2,1 leader=7 inc2=1 attack_w=0.2 S0=44266 SA=24247 ratio=1.82559 my_comp=26 my_front=41 leader_comp=19 comp_gain(sz/front/cut)=0/0/0
DBG t=86 used=0.017 remain=0.261 turn_time=0.0165176 end_in=0.0165176 cand_pre=56 cand_cap=20 cand=56->20 pre=56 pick(must/bucket/top/rand)=1/8/7/4 depth0=11 depth=2 dlog=5 dper=4 sims=1520 loop=1500 gen_time=0 eval_time=0.017 best_avg=0.604714 best_move=6,4 leader=7 inc2=1 attack_w=0.2 S0=47011 SA=25720 ratio=1.82777 my_comp=29 my_front=47 leader_comp=14 comp_gain(sz/front/cut)=0/0/0
DBG depth_guard t=99 remain=0.015 cand_pre=24 depth0=0 depth=0
DBG t=99 used=0.01 remain=0.015 turn_time=0.009 end_in=0.009 cand_pre=24 cand_cap=14 cand=24->14 pre=24 pick(must/bucket/top/rand)=1/7/3/3 depth0=0 depth=0 dlog=4 dper=3 sims=11030 loop=11016 gen_time=0 eval_time=0.01 best_avg=0.473752 best_move=7,3 leader=7 inc2=1 attack_w=0.2 S0=41284 SA=24971 ratio=1.65325 my_comp=11 my_front=22 leader_comp=17 comp_gain(sz/front/cut)=1/2/0
DBG summary depth_guard_fired=1
Score = 136784
=== CASE 0056.txt ===
DBG hdr N=10 M=7 T=100 U=2 VMAX=1961 TIME_LIMIT=1.94 MAX_CAND=20 UCB_C=0.21 OBJ=log(S0+1)-log(SA+1)
DBG t=0 used=0.024 remain=1.94 turn_time=0.0237456 end_in=0.0237456 cand_pre=4 cand_cap=20 cand=4->4 pre=4 pick(must/bucket/top/rand)=1/2/1/0 depth0=7 depth=6 dlog=1 dper=0 sims=3060 loop=3056 gen_time=0 eval_time=0.024 best_avg=-0.130863 best_move=8,5 leader=4 inc2=1 attack_w=0.847371 S0=823 SA=1028 ratio=0.800777 my_comp=1 my_front=3 leader_comp=1 comp_gain(sz/front/cut)=1/2/0
DBG t=12 used=0.021 remain=1.671 turn_time=0.0205267 end_in=0.0205267 cand_pre=26 cand_cap=20 cand=26->20 pre=26 pick(must/bucket/top/rand)=1/6/9/4 depth0=7 depth=3 dlog=4 dper=0 sims=2476 loop=2456 gen_time=0 eval_time=0.021 best_avg=0.186074 best_move=6,0 leader=6 inc2=1 attack_w=0.2 S0=15500 SA=12723 ratio=1.21825 my_comp=11 my_front=22 leader_comp=9 comp_gain(sz/front/cut)=1/1/0
DBG t=24 used=0.02 remain=1.419 turn_time=0.0199407 end_in=0.0199407 cand_pre=28 cand_cap=20 cand=28->20 pre=28 pick(must/bucket/top/rand)=1/7/8/4 depth0=7 depth=2 dlog=4 dper=1 sims=2888 loop=2868 gen_time=0 eval_time=0.02 best_avg=0.200921 best_move=5,0 leader=6 inc2=1 attack_w=0.2 S0=22653 SA=19966 ratio=1.13457 my_comp=14 my_front=20 leader_comp=12 comp_gain(sz/front/cut)=1/1/1
DBG t=37 used=0.02 remain=1.147 turn_time=0.019326 end_in=0.019326 cand_pre=29 cand_cap=20 cand=29->20 pre=29 pick(must/bucket/top/rand)=1/7/8/4 depth0=10 depth=5 dlog=4 dper=1 sims=1480 loop=1460 gen_time=0 eval_time=0.02 best_avg=-0.00110199 best_move=4,1 leader=6 inc2=1 attack_w=0.263665 S0=26386 SA=25842 ratio=1.02105 my_comp=15 my_front=19 leader_comp=15 comp_gain(sz/front/cut)=1/2/1
DBG t=49 used=0.02 remain=0.907 turn_time=0.0193404 end_in=0.0193404 cand_pre=25 cand_cap=20 cand=25->20 pre=25 pick(must/bucket/top/rand)=1/8/7/4 depth0=10 depth=6 dlog=4 dper=0 sims=1224 loop=1204 gen_time=0 eval_time=0.02 best_avg=-0.0948018 best_move=5,1 leader=6 inc2=1 attack_w=0.76733 S0=25428 SA=30815 ratio=0.825188 my_comp=13 my_front=19 leader_comp=17 comp_gain(sz/front/cut)=0/0/0
DBG t=61 used=0.019 remain=0.671 turn_time=0.0189342 end_in=0.0189342 cand_pre=23 cand_cap=20 cand=23->20 pre=23 pick(must/bucket/top/rand)=1/7/8/4 depth0=10 depth=6 dlog=4 dper=0 sims=1220 loop=1200 gen_time=0 eval_time=0.019 best_avg=-0.0768654 best_move=4,2 leader=6 inc2=1 attack_w=0.534993 S0=28772 SA=31782 ratio=0.905295 my_comp=13 my_front=17 leader_comp=18 comp_gain(sz/front/cut)=1/2/1
DBG t=74 used=0.02 remain=0.424 turn_time=0.0179466 end_in=0.0179466 cand_pre=23 cand_cap=20 cand=23->20 pre=23 pick(must/bucket/top/rand)=1/4/11/4 depth0=11 depth=7 dlog=4 dper=0 sims=624 loop=604 gen_time=0 eval_time=0.02 best_avg=-0.0941111 best_move=6,1 leader=6 inc2=1 attack_w=0.75502 S0=32774 SA=39531 ratio=0.829075 my_comp=14 my_front=17 leader_comp=22 comp_gain(sz/front/cut)=0/0/0
DBG t=86 used=0.016 remain=0.209 turn_time=0.0158467 end_in=0.0158467 cand_pre=29 cand_cap=20 cand=29->20 pre=29 pick(must/bucket/top/rand)=1/6/9/4 depth0=11 depth=5 dlog=4 dper=2 sims=1452 loop=1432 gen_time=0 eval_time=0.016 best_avg=0.0619332 best_move=6,0 leader=6 inc2=1 attack_w=0.281723 S0=35906 SA=35465 ratio=1.01243 my_comp=16 my_front=21 leader_comp=2 comp_gain(sz/front/cut)=0/0/0
DBG depth_guard t=99 remain=0.011 cand_pre=32 depth0=0 depth=0
DBG t=99 used=0.007 remain=0.011 turn_time=0.0066 end_in=0.0066 cand_pre=32 cand_cap=12 cand=32->12 pre=32 pick(must/bucket/top/rand)=1/6/3/2 depth0=0 depth=0 dlog=4 dper=5 sims=9200 loop=9188 gen_time=0 eval_time=0.007 best_avg=0.296341 best_move=5,1 leader=4 inc2=1 attack_w=0.2 S0=37552 SA=27730 ratio=1.35419 my_comp=17 my_front=23 leader_comp=14 comp_gain(sz/front/cut)=1/2/0
DBG summary depth_guard_fired=1
Score = 125981
=== CASE 0057.txt ===
DBG hdr N=10 M=7 T=100 U=4 VMAX=1762 TIME_LIMIT=1.94 MAX_CAND=20 UCB_C=0.21 OBJ=log(S0+1)-log(SA+1)
DBG t=0 used=0.024 remain=1.94 turn_time=0.0236195 end_in=0.0236195 cand_pre=5 cand_cap=20 cand=5->5 pre=5 pick(must/bucket/top/rand)=1/2/2/0 depth0=7 depth=5 dlog=2 dper=0 sims=3901 loop=3896 gen_time=0 eval_time=0.024 best_avg=-0.636607 best_move=2,6 leader=4 inc2=1 attack_w=0.85 S0=819 SA=1620 ratio=0.505861 my_comp=1 my_front=4 leader_comp=1 comp_gain(sz/front/cut)=1/2/0
DBG t=12 used=0.024 remain=1.67 turn_time=0.0234749 end_in=0.0234749 cand_pre=2 cand_cap=20 cand=2->2 pre=2 pick(must/bucket/top/rand)=1/1/0/0 depth0=7 depth=7 dlog=0 dper=0 sims=2214 loop=2212 gen_time=0 eval_time=0.024 best_avg=-0.324524 best_move=3,0 leader=4 inc2=1 attack_w=0.75485 S0=15711 SA=18949 ratio=0.829129 my_comp=1 my_front=3 leader_comp=5 comp_gain(sz/front/cut)=1/1/0
DBG t=24 used=0.023 remain=1.392 turn_time=0.0220614 end_in=0.0220614 cand_pre=7 cand_cap=20 cand=7->7 pre=7 pick(must/bucket/top/rand)=1/2/4/0 depth0=7 depth=5 dlog=2 dper=0 sims=3211 loop=3204 gen_time=0 eval_time=0.023 best_avg=-0.24933 best_move=3,1 leader=4 inc2=1 attack_w=0.428237 S0=21918 SA=23131 ratio=0.947562 my_comp=3 my_front=6 leader_comp=6 comp_gain(sz/front/cut)=0/0/0
DBG t=37 used=0.021 remain=1.107 turn_time=0.0207079 end_in=0.0207079 cand_pre=11 cand_cap=20 cand=11->11 pre=11 pick(must/bucket/top/rand)=1/5/5/0 depth0=10 depth=7 dlog=3 dper=0 sims=1979 loop=1968 gen_time=0 eval_time=0.021 best_avg=0.1321 best_move=5,0 leader=4 inc2=1 attack_w=0.2 S0=33386 SA=24323 ratio=1.37259 my_comp=6 my_front=11 leader_comp=6 comp_gain(sz/front/cut)=0/0/0
DBG t=49 used=0.02 remain=0.86 turn_time=0.0195439 end_in=0.0195439 cand_pre=14 cand_cap=20 cand=14->14 pre=14 pick(must/bucket/top/rand)=1/6/7/0 depth0=10 depth=7 dlog=3 dper=0 sims=1754 loop=1740 gen_time=0 eval_time=0.02 best_avg=0.247134 best_move=2,0 leader=4 inc2=1 attack_w=0.2 S0=30319 SA=25943 ratio=1.16867 my_comp=6 my_front=12 leader_comp=6 comp_gain(sz/front/cut)=0/0/0
DBG t=61 used=0.019 remain=0.626 turn_time=0.0179774 end_in=0.0179774 cand_pre=20 cand_cap=20 cand=20->20 pre=20 pick(must/bucket/top/rand)=1/6/9/4 depth0=10 depth=6 dlog=4 dper=0 sims=680 loop=660 gen_time=0 eval_time=0.019 best_avg=0.397599 best_move=3,4 leader=3 inc2=1 attack_w=0.2 S0=39013 SA=26279 ratio=1.48455 my_comp=12 my_front=15 leader_comp=3 comp_gain(sz/front/cut)=0/0/0
DBG t=74 used=0.017 remain=0.389 turn_time=0.0166597 end_in=0.0166597 cand_pre=21 cand_cap=20 cand=21->20 pre=21 pick(must/bucket/top/rand)=1/7/8/4 depth0=11 depth=7 dlog=4 dper=0 sims=1296 loop=1276 gen_time=0 eval_time=0.017 best_avg=0.411143 best_move=3,3 leader=6 inc2=1 attack_w=0.2 S0=48208 SA=32367 ratio=1.4894 my_comp=12 my_front=15 leader_comp=8 comp_gain(sz/front/cut)=0/0/0
DBG t=86 used=0.015 remain=0.193 turn_time=0.0149024 end_in=0.0149024 cand_pre=26 cand_cap=20 cand=26->20 pre=26 pick(must/bucket/top/rand)=1/6/9/4 depth0=11 depth=6 dlog=4 dper=1 sims=1128 loop=1108 gen_time=0 eval_time=0.015 best_avg=0.344853 best_move=3,4 leader=6 inc2=1 attack_w=0.2 S0=56465 SA=40524 ratio=1.39336 my_comp=15 my_front=18 leader_comp=10 comp_gain(sz/front/cut)=0/0/0
DBG depth_guard t=99 remain=0.009 cand_pre=30 depth0=0 depth=0
DBG t=99 used=0.006 remain=0.009 turn_time=0.0054 end_in=0.0054 cand_pre=30 cand_cap=12 cand=30->12 pre=30 pick(must/bucket/top/rand)=1/7/2/2 depth0=0 depth=0 dlog=4 dper=5 sims=8280 loop=8268 gen_time=0 eval_time=0.006 best_avg=0.371599 best_move=5,4 leader=6 inc2=1 attack_w=0.2 S0=70646 SA=48722 ratio=1.44997 my_comp=17 my_front=20 leader_comp=13 comp_gain(sz/front/cut)=0/0/0
DBG summary depth_guard_fired=1
Score = 127031
=== CASE 0058.txt ===
DBG hdr N=10 M=2 T=100 U=3 VMAX=2929 TIME_LIMIT=1.94 MAX_CAND=20 UCB_C=0.21 OBJ=log(S0+1)-log(SA+1)
DBG t=0 used=0.024 remain=1.94 turn_time=0.0237456 end_in=0.0237456 cand_pre=4 cand_cap=20 cand=4->4 pre=4 pick(must/bucket/top/rand)=1/2/1/0 depth0=7 depth=6 dlog=1 dper=0 sims=7888 loop=7884 gen_time=0 eval_time=0.024 best_avg=0.591365 best_move=3,0 leader=1 inc2=1 attack_w=0.13 S0=1199 SA=804 ratio=1.49068 my_comp=1 my_front=3 leader_comp=1 comp_gain(sz/front/cut)=1/1/0
DBG t=12 used=0.022 remain=1.663 turn_time=0.0216568 end_in=0.0216568 cand_pre=16 cand_cap=20 cand=16->16 pre=16 pick(must/bucket/top/rand)=1/2/13/0 depth0=7 depth=4 dlog=3 dper=0 sims=5136 loop=5120 gen_time=0 eval_time=0.022 best_avg=0.733502 best_move=7,1 leader=1 inc2=1 attack_w=0.2 S0=28553 SA=13316 ratio=2.14418 my_comp=7 my_front=10 leader_comp=8 comp_gain(sz/front/cut)=0/0/0
DBG t=24 used=0.021 remain=1.401 turn_time=0.0206463 end_in=0.0206463 cand_pre=20 cand_cap=20 cand=20->20 pre=20 pick(must/bucket/top/rand)=1/2/13/4 depth0=7 depth=3 dlog=4 dper=0 sims=4560 loop=4540 gen_time=0 eval_time=0.021 best_avg=0.681001 best_move=6,2 leader=1 inc2=1 attack_w=0.2 S0=53506 SA=26458 ratio=2.02226 my_comp=10 my_front=14 leader_comp=14 comp_gain(sz/front/cut)=0/0/0
DBG t=37 used=0.02 remain=1.133 turn_time=0.0193239 end_in=0.0193239 cand_pre=27 cand_cap=20 cand=27->20 pre=27 pick(must/bucket/top/rand)=1/2/13/4 depth0=10 depth=5 dlog=4 dper=1 sims=2568 loop=2548 gen_time=0 eval_time=0.02 best_avg=0.558091 best_move=9,0 leader=1 inc2=1 attack_w=0.2 S0=73299 SA=39080 ratio=1.87559 my_comp=15 my_front=20 leader_comp=15 comp_gain(sz/front/cut)=0/0/0
DBG t=49 used=0.019 remain=0.901 turn_time=0.018179 end_in=0.018179 cand_pre=34 cand_cap=20 cand=34->20 pre=34 pick(must/bucket/top/rand)=1/6/9/4 depth0=10 depth=4 dlog=4 dper=2 sims=2176 loop=2156 gen_time=0 eval_time=0.019 best_avg=0.591497 best_move=1,2 leader=1 inc2=1 attack_w=0.2 S0=89518 SA=49262 ratio=1.81717 my_comp=20 my_front=22 leader_comp=18 comp_gain(sz/front/cut)=1/2/17
DBG t=61 used=0.018 remain=0.683 turn_time=0.017793 end_in=0.017793 cand_pre=36 cand_cap=20 cand=36->20 pre=36 pick(must/bucket/top/rand)=1/6/9/4 depth0=10 depth=3 dlog=5 dper=2 sims=2268 loop=2248 gen_time=0 eval_time=0.018 best_avg=0.581479 best_move=0,0 leader=1 inc2=1 attack_w=0.2 S0=93864 SA=53444 ratio=1.75629 my_comp=22 my_front=24 leader_comp=20 comp_gain(sz/front/cut)=0/0/0
DBG t=74 used=0.018 remain=0.439 turn_time=0.0171548 end_in=0.0171548 cand_pre=36 cand_cap=20 cand=36->20 pre=36 pick(must/bucket/top/rand)=1/5/10/4 depth0=11 depth=4 dlog=5 dper=2 sims=1588 loop=1568 gen_time=0 eval_time=0.018 best_avg=0.503328 best_move=1,0 leader=1 inc2=1 attack_w=0.2 S0=92377 SA=56253 ratio=1.64216 my_comp=22 my_front=24 leader_comp=20 comp_gain(sz/front/cut)=0/0/0
DBG t=86 used=0.017 remain=0.232 turn_time=0.0167289 end_in=0.0167289 cand_pre=37 cand_cap=20 cand=37->20 pre=37 pick(must/bucket/top/rand)=1/6/9/4 depth0=11 depth=4 dlog=5 dper=2 sims=2008 loop=1988 gen_time=0 eval_time=0.017 best_avg=0.491556 best_move=0,0 leader=1 inc2=1 attack_w=0.2 S0=93792 SA=58172 ratio=1.61231 my_comp=22 my_front=24 leader_comp=21 comp_gain(sz/front/cut)=0/0/0
DBG depth_guard t=99 remain=0.015 cand_pre=36 depth0=0 depth=0
DBG t=99 used=0.01 remain=0.015 turn_time=0.009 end_in=0.009 cand_pre=36 cand_cap=14 cand=36->14 pre=36 pick(must/bucket/top/rand)=1/5/5/3 depth0=0 depth=0 dlog=5 dper=4 sims=22646 loop=22632 gen_time=0 eval_time=0.01 best_avg=0.508035 best_move=0,2 leader=1 inc2=1 attack_w=0.2 S0=96459 SA=57900 ratio=1.66595 my_comp=22 my_front=24 leader_comp=23 comp_gain(sz/front/cut)=0/0/0
DBG summary depth_guard_fired=1
Score = 140742
=== CASE 0059.txt ===
DBG hdr N=10 M=4 T=100 U=2 VMAX=1678 TIME_LIMIT=1.94 MAX_CAND=20 UCB_C=0.21 OBJ=log(S0+1)-log(SA+1)
DBG t=0 used=0.024 remain=1.94 turn_time=0.0237456 end_in=0.0237456 cand_pre=4 cand_cap=20 cand=4->4 pre=4 pick(must/bucket/top/rand)=1/2/1/0 depth0=7 depth=6 dlog=1 dper=0 sims=4696 loop=4692 gen_time=0 eval_time=0.024 best_avg=-0.317538 best_move=3,7 leader=2 inc2=1 attack_w=0.85 S0=539 SA=1121 ratio=0.481283 my_comp=1 my_front=4 leader_comp=1 comp_gain(sz/front/cut)=1/2/0
DBG t=12 used=0.022 remain=1.663 turn_time=0.021534 end_in=0.021534 cand_pre=17 cand_cap=20 cand=17->17 pre=17 pick(must/bucket/top/rand)=1/4/11/1 depth0=7 depth=4 dlog=3 dper=0 sims=3701 loop=3684 gen_time=0 eval_time=0.022 best_avg=-0.111018 best_move=5,6 leader=1 inc2=1 attack_w=0.600186 S0=11402 SA=12938 ratio=0.881289 my_comp=6 my_front=14 leader_comp=6 comp_gain(sz/front/cut)=1/2/0
DBG t=24 used=0.02 remain=1.409 turn_time=0.0198002 end_in=0.0198002 cand_pre=28 cand_cap=20 cand=28->20 pre=28 pick(must/bucket/top/rand)=1/6/9/4 depth0=7 depth=2 dlog=4 dper=1 sims=3820 loop=3800 gen_time=0 eval_time=0.02 best_avg=0.215722 best_move=2,8 leader=2 inc2=1 attack_w=0.2 S0=20508 SA=17040 ratio=1.20351 my_comp=11 my_front=22 leader_comp=9 comp_gain(sz/front/cut)=0/0/0
DBG t=37 used=0.022 remain=1.138 turn_time=0.0216401 end_in=0.0216401 cand_pre=8 cand_cap=20 cand=8->8 pre=8 pick(must/bucket/top/rand)=1/5/2/0 depth0=10 depth=8 dlog=2 dper=0 sims=1800 loop=1792 gen_time=0 eval_time=0.022 best_avg=0.0898126 best_move=9,5 leader=2 inc2=1 attack_w=0.2 S0=26303 SA=19918 ratio=1.32055 my_comp=3 my_front=5 leader_comp=12 comp_gain(sz/front/cut)=0/0/0
DBG t=49 used=0.02 remain=0.884 turn_time=0.019526 end_in=0.019526 cand_pre=19 cand_cap=20 cand=19->19 pre=19 pick(must/bucket/top/rand)=1/5/10/3 depth0=10 depth=6 dlog=4 dper=0 sims=1903 loop=1884 gen_time=0 eval_time=0.02 best_avg=0.18982 best_move=5,5 leader=2 inc2=1 attack_w=0.2 S0=32179 SA=22284 ratio=1.44402 my_comp=9 my_front=15 leader_comp=14 comp_gain(sz/front/cut)=8/16/0
DBG t=61 used=0.02 remain=0.663 turn_time=0.017714 end_in=0.017714 cand_pre=32 cand_cap=20 cand=32->20 pre=32 pick(must/bucket/top/rand)=1/7/8/4 depth0=10 depth=5 dlog=4 dper=1 sims=736 loop=716 gen_time=0 eval_time=0.02 best_avg=0.274328 best_move=8,2 leader=2 inc2=1 attack_w=0.2 S0=36602 SA=24076 ratio=1.52025 my_comp=15 my_front=23 leader_comp=14 comp_gain(sz/front/cut)=1/2/0
DBG t=74 used=0.019 remain=0.41 turn_time=0.018584 end_in=0.018584 cand_pre=11 cand_cap=20 cand=11->11 pre=11 pick(must/bucket/top/rand)=1/4/6/0 depth0=11 depth=8 dlog=3 dper=0 sims=1379 loop=1368 gen_time=0 eval_time=0.019 best_avg=0.244145 best_move=6,0 leader=1 inc2=1 attack_w=0.2 S0=38564 SA=28619 ratio=1.34748 my_comp=5 my_front=7 leader_comp=15 comp_gain(sz/front/cut)=0/0/0
DBG t=86 used=0.016 remain=0.195 turn_time=0.0157811 end_in=0.0157811 cand_pre=18 cand_cap=20 cand=18->18 pre=18 pick(must/bucket/top/rand)=1/7/8/2 depth0=11 depth=6 dlog=4 dper=0 sims=1370 loop=1352 gen_time=0 eval_time=0.016 best_avg=0.111718 best_move=6,0 leader=1 inc2=1 attack_w=0.2 S0=41999 SA=33401 ratio=1.25741 my_comp=10 my_front=10 leader_comp=20 comp_gain(sz/front/cut)=0/0/0
DBG depth_guard t=99 remain=0.009 cand_pre=25 depth0=0 depth=0
DBG t=99 used=0.006 remain=0.009 turn_time=0.0054 end_in=0.0054 cand_pre=25 cand_cap=12 cand=25->12 pre=25 pick(must/bucket/top/rand)=1/3/6/2 depth0=0 depth=0 dlog=4 dper=5 sims=7952 loop=7940 gen_time=0 eval_time=0.006 best_avg=0.0969416 best_move=5,2 leader=1 inc2=0 attack_w=0.2 S0=48205 SA=43809 ratio=1.10034 my_comp=14 my_front=15 leader_comp=24 comp_gain(sz/front/cut)=0/0/0
DBG summary depth_guard_fired=1
Score = 106453
=== CASE 0061.txt ===
DBG hdr N=10 M=5 T=100 U=2 VMAX=1600 TIME_LIMIT=1.94 MAX_CAND=20 UCB_C=0.21 OBJ=log(S0+1)-log(SA+1)
DBG t=0 used=0.024 remain=1.94 turn_time=0.0237456 end_in=0.0237456 cand_pre=4 cand_cap=20 cand=4->4 pre=4 pick(must/bucket/top/rand)=1/2/1/0 depth0=7 depth=6 dlog=1 dper=0 sims=4460 loop=4456 gen_time=0 eval_time=0.024 best_avg=-0.466912 best_move=1,3 leader=4 inc2=1 attack_w=0.480774 S0=1067 SA=1152 ratio=0.926279 my_comp=1 my_front=4 leader_comp=1 comp_gain(sz/front/cut)=1/2/0
DBG t=12 used=0.023 remain=1.664 turn_time=0.0220385 end_in=0.0220385 cand_pre=13 cand_cap=20 cand=13->13 pre=13 pick(must/bucket/top/rand)=1/7/5/0 depth0=7 depth=4 dlog=3 dper=0 sims=3825 loop=3812 gen_time=0 eval_time=0.023 best_avg=-0.526775 best_move=1,2 leader=2 inc2=1 attack_w=0.85 S0=8988 SA=16985 ratio=0.529201 my_comp=5 my_front=10 leader_comp=9 comp_gain(sz/front/cut)=1/2/0
DBG t=24 used=0.021 remain=1.397 turn_time=0.0205874 end_in=0.0205874 cand_pre=20 cand_cap=20 cand=20->20 pre=20 pick(must/bucket/top/rand)=1/4/11/4 depth0=7 depth=3 dlog=4 dper=0 sims=2700 loop=2680 gen_time=0 eval_time=0.021 best_avg=-0.621108 best_move=1,2 leader=2 inc2=0 attack_w=0.85 S0=14213 SA=28618 ratio=0.496663 my_comp=9 my_front=14 leader_comp=21 comp_gain(sz/front/cut)=1/2/0
DBG t=37 used=0.019 remain=1.135 turn_time=0.0186554 end_in=0.0186554 cand_pre=33 cand_cap=20 cand=33->20 pre=33 pick(must/bucket/top/rand)=1/8/7/4 depth0=10 depth=5 dlog=4 dper=1 sims=1432 loop=1412 gen_time=0 eval_time=0.019 best_avg=-0.421266 best_move=8,4 leader=2 inc2=0 attack_w=0.85 S0=21062 SA=38347 ratio=0.549259 my_comp=15 my_front=26 leader_comp=19 comp_gain(sz/front/cut)=1/2/0
DBG t=49 used=0.018 remain=0.915 turn_time=0.0171787 end_in=0.0171787 cand_pre=45 cand_cap=20 cand=45->20 pre=45 pick(must/bucket/top/rand)=1/8/7/4 depth0=10 depth=2 dlog=5 dper=3 sims=1968 loop=1948 gen_time=0 eval_time=0.018 best_avg=0.112728 best_move=5,7 leader=2 inc2=0 attack_w=0.281916 S0=27311 SA=26978 ratio=1.01234 my_comp=22 my_front=33 leader_comp=4 comp_gain(sz/front/cut)=1/2/0
DBG t=61 used=0.017 remain=0.705 turn_time=0.0168387 end_in=0.0168387 cand_pre=49 cand_cap=20 cand=49->20 pre=49 pick(must/bucket/top/rand)=1/8/7/4 depth0=10 depth=2 dlog=5 dper=3 sims=1504 loop=1484 gen_time=0 eval_time=0.017 best_avg=0.599343 best_move=8,2 leader=1 inc2=1 attack_w=0.2 S0=34120 SA=20676 ratio=1.65019 my_comp=28 my_front=36 leader_comp=9 comp_gain(sz/front/cut)=1/0/0
DBG t=74 used=0.017 remain=0.488 turn_time=0.0168735 end_in=0.0168735 cand_pre=54 cand_cap=20 cand=54->20 pre=54 pick(must/bucket/top/rand)=1/6/9/4 depth0=11 depth=3 dlog=5 dper=3 sims=1280 loop=1260 gen_time=0 eval_time=0.017 best_avg=0.617223 best_move=7,1 leader=4 inc2=1 attack_w=0.2 S0=42251 SA=22443 ratio=1.88255 my_comp=31 my_front=36 leader_comp=12 comp_gain(sz/front/cut)=1/0/1
DBG t=86 used=0.018 remain=0.28 turn_time=0.01759 end_in=0.01759 cand_pre=57 cand_cap=20 cand=57->20 pre=57 pick(must/bucket/top/rand)=1/6/9/4 depth0=11 depth=3 dlog=5 dper=3 sims=1232 loop=1212 gen_time=0 eval_time=0.018 best_avg=0.524768 best_move=6,6 leader=3 inc2=1 attack_w=0.2 S0=46228 SA=25528 ratio=1.81084 my_comp=35 my_front=36 leader_comp=16 comp_gain(sz/front/cut)=0/0/0
DBG t=99 used=0.017 remain=0.028 turn_time=0.0168 end_in=0.0168 cand_pre=56 cand_cap=20 cand=56->20 pre=56 pick(must/bucket/top/rand)=1/6/9/4 depth0=0 depth=0 dlog=5 dper=3 sims=18588 loop=18568 gen_time=0 eval_time=0.017 best_avg=0.515124 best_move=4,1 leader=3 inc2=1 attack_w=0.2 S0=43031 SA=25379 ratio=1.69551 my_comp=35 my_front=38 leader_comp=17 comp_gain(sz/front/cut)=0/0/0
DBG summary depth_guard_fired=0
Score = 145742
=== CASE 0060.txt ===
DBG hdr N=10 M=5 T=100 U=3 VMAX=1320 TIME_LIMIT=1.94 MAX_CAND=20 UCB_C=0.21 OBJ=log(S0+1)-log(SA+1)
DBG t=0 used=0.024 remain=1.94 turn_time=0.0237456 end_in=0.0237456 cand_pre=4 cand_cap=20 cand=4->4 pre=4 pick(must/bucket/top/rand)=1/2/1/0 depth0=7 depth=6 dlog=1 dper=0 sims=4920 loop=4916 gen_time=0 eval_time=0.024 best_avg=-0.0742109 best_move=7,0 leader=3 inc2=0 attack_w=0.638592 S0=1029 SA=1186 ratio=0.867734 my_comp=1 my_front=4 leader_comp=1 comp_gain(sz/front/cut)=1/1/0
DBG t=12 used=0.022 remain=1.66 turn_time=0.0219856 end_in=0.0219856 cand_pre=13 cand_cap=20 cand=13->13 pre=13 pick(must/bucket/top/rand)=1/4/8/0 depth0=7 depth=4 dlog=3 dper=0 sims=4397 loop=4384 gen_time=0 eval_time=0.022 best_avg=0.00360344 best_move=9,0 leader=3 inc2=0 attack_w=0.493317 S0=13129 SA=14250 ratio=0.921339 my_comp=5 my_front=10 leader_comp=7 comp_gain(sz/front/cut)=1/0/0
DBG t=24 used=0.021 remain=1.397 turn_time=0.0205874 end_in=0.0205874 cand_pre=20 cand_cap=20 cand=20->20 pre=20 pick(must/bucket/top/rand)=1/6/9/4 depth0=7 depth=3 dlog=4 dper=0 sims=4272 loop=4252 gen_time=0 eval_time=0.021 best_avg=0.296043 best_move=4,2 leader=2 inc2=0 attack_w=0.2 S0=22720 SA=15855 ratio=1.43296 my_comp=10 my_front=17 leader_comp=6 comp_gain(sz/front/cut)=0/0/0
DBG t=37 used=0.02 remain=1.128 turn_time=0.0194714 end_in=0.0194714 cand_pre=25 cand_cap=20 cand=25->20 pre=25 pick(must/bucket/top/rand)=1/6/9/4 depth0=10 depth=6 dlog=4 dper=0 sims=2036 loop=2016 gen_time=0 eval_time=0.02 best_avg=0.06456 best_move=6,0 leader=2 inc2=0 attack_w=0.2 S0=25230 SA=21141 ratio=1.19341 my_comp=13 my_front=19 leader_comp=8 comp_gain(sz/front/cut)=0/0/0
DBG t=49 used=0.019 remain=0.891 turn_time=0.018545 end_in=0.018545 cand_pre=29 cand_cap=20 cand=29->20 pre=29 pick(must/bucket/top/rand)=1/6/9/4 depth0=10 depth=5 dlog=4 dper=1 sims=2120 loop=2100 gen_time=0 eval_time=0.019 best_avg=0.18735 best_move=5,2 leader=2 inc2=0 attack_w=0.2 S0=30096 SA=27080 ratio=1.11137 my_comp=15 my_front=23 leader_comp=11 comp_gain(sz/front/cut)=0/0/0
DBG t=61 used=0.018 remain=0.663 turn_time=0.017935 end_in=0.017935 cand_pre=30 cand_cap=20 cand=30->20 pre=30 pick(must/bucket/top/rand)=1/8/7/4 depth0=10 depth=5 dlog=4 dper=1 sims=2024 loop=2004 gen_time=0 eval_time=0.018 best_avg=0.531834 best_move=5,4 leader=2 inc2=0 attack_w=0.2 S0=31339 SA=21768 ratio=1.43966 my_comp=15 my_front=23 leader_comp=2 comp_gain(sz/front/cut)=1/2/0
DBG t=74 used=0.017 remain=0.433 turn_time=0.0168121 end_in=0.0168121 cand_pre=37 cand_cap=20 cand=37->20 pre=37 pick(must/bucket/top/rand)=1/7/8/4 depth0=11 depth=4 dlog=5 dper=2 sims=1692 loop=1672 gen_time=0 eval_time=0.017 best_avg=0.830803 best_move=6,2 leader=1 inc2=1 attack_w=0.2 S0=35644 SA=15393 ratio=2.31551 my_comp=20 my_front=27 leader_comp=9 comp_gain(sz/front/cut)=0/0/0
DBG t=86 used=0.017 remain=0.233 turn_time=0.0163682 end_in=0.0163682 cand_pre=41 cand_cap=20 cand=41->20 pre=41 pick(must/bucket/top/rand)=1/7/8/4 depth0=11 depth=3 dlog=5 dper=3 sims=1928 loop=1908 gen_time=0 eval_time=0.017 best_avg=1.06178 best_move=5,2 leader=1 inc2=1 attack_w=0.2 S0=45400 SA=15601 ratio=2.90995 my_comp=21 my_front=30 leader_comp=2 comp_gain(sz/front/cut)=1/2/0
DBG depth_guard t=99 remain=0.018 cand_pre=50 depth0=0 depth=0
DBG t=99 used=0.011 remain=0.018 turn_time=0.0108 end_in=0.0108 cand_pre=50 cand_cap=14 cand=50->14 pre=42 pick(must/bucket/top/rand)=1/4/6/3 depth0=0 depth=0 dlog=5 dper=5 sims=27598 loop=27584 gen_time=0 eval_time=0.011 best_avg=1.22403 best_move=8,9 leader=1 inc2=0 attack_w=0.2 S0=58942 SA=17669 ratio=3.33577 my_comp=27 my_front=40 leader_comp=5 comp_gain(sz/front/cut)=1/1/0
DBG summary depth_guard_fired=1
Score = 214434
=== CASE 0062.txt ===
DBG hdr N=10 M=4 T=100 U=5 VMAX=2517 TIME_LIMIT=1.94 MAX_CAND=20 UCB_C=0.21 OBJ=log(S0+1)-log(SA+1)
DBG t=0 used=0.024 remain=1.94 turn_time=0.0237456 end_in=0.0237456 cand_pre=4 cand_cap=20 cand=4->4 pre=4 pick(must/bucket/top/rand)=1/2/1/0 depth0=7 depth=6 dlog=1 dper=0 sims=5368 loop=5364 gen_time=0 eval_time=0.024 best_avg=-0.998335 best_move=9,4 leader=2 inc2=1 attack_w=0.85 S0=484 SA=2223 ratio=0.218076 my_comp=1 my_front=3 leader_comp=1 comp_gain(sz/front/cut)=1/1/0
DBG t=12 used=0.021 remain=1.669 turn_time=0.0205021 end_in=0.0205021 cand_pre=26 cand_cap=20 cand=26->20 pre=26 pick(must/bucket/top/rand)=1/8/7/4 depth0=7 depth=3 dlog=4 dper=0 sims=3932 loop=3912 gen_time=0 eval_time=0.021 best_avg=0.768668 best_move=6,7 leader=2 inc2=1 attack_w=0.2 S0=19581 SA=9705 ratio=2.01751 my_comp=12 my_front=21 leader_comp=5 comp_gain(sz/front/cut)=0/0/0
DBG t=24 used=0.021 remain=1.405 turn_time=0.0209456 end_in=0.0209456 cand_pre=18 cand_cap=20 cand=18->18 pre=18 pick(must/bucket/top/rand)=1/8/7/2 depth0=7 depth=3 dlog=4 dper=0 sims=3826 loop=3808 gen_time=0 eval_time=0.021 best_avg=0.150864 best_move=4,6 leader=1 inc2=1 attack_w=0.2 S0=33981 SA=27244 ratio=1.24727 my_comp=8 my_front=14 leader_comp=3 comp_gain(sz/front/cut)=0/0/0
DBG t=37 used=0.021 remain=1.132 turn_time=0.0202412 end_in=0.0202412 cand_pre=19 cand_cap=20 cand=19->19 pre=19 pick(must/bucket/top/rand)=1/7/8/3 depth0=10 depth=6 dlog=4 dper=0 sims=2807 loop=2788 gen_time=0 eval_time=0.021 best_avg=-0.123229 best_move=2,7 leader=1 inc2=0 attack_w=0.2 S0=50880 SA=47085 ratio=1.0806 my_comp=8 my_front=14 leader_comp=7 comp_gain(sz/front/cut)=1/2/1
DBG t=49 used=0.02 remain=0.888 turn_time=0.0195012 end_in=0.0195012 cand_pre=20 cand_cap=20 cand=20->20 pre=20 pick(must/bucket/top/rand)=1/7/8/4 depth0=10 depth=6 dlog=4 dper=0 sims=2564 loop=2544 gen_time=0 eval_time=0.02 best_avg=-0.0358694 best_move=3,5 leader=1 inc2=0 attack_w=0.309255 S0=56414 SA=56438 ratio=0.999575 my_comp=8 my_front=16 leader_comp=7 comp_gain(sz/front/cut)=1/2/0
DBG t=61 used=0.019 remain=0.655 turn_time=0.0185919 end_in=0.0185919 cand_pre=22 cand_cap=20 cand=22->20 pre=22 pick(must/bucket/top/rand)=1/7/8/4 depth0=10 depth=6 dlog=4 dper=0 sims=2472 loop=2452 gen_time=0 eval_time=0.019 best_avg=0.0547987 best_move=4,7 leader=1 inc2=0 attack_w=0.2 S0=63383 SA=58501 ratio=1.08345 my_comp=9 my_front=18 leader_comp=7 comp_gain(sz/front/cut)=0/0/0
DBG t=74 used=0.018 remain=0.414 turn_time=0.0173163 end_in=0.0173163 cand_pre=25 cand_cap=20 cand=25->20 pre=25 pick(must/bucket/top/rand)=1/6/9/4 depth0=11 depth=6 dlog=4 dper=1 sims=2160 loop=2140 gen_time=0 eval_time=0.018 best_avg=0.223485 best_move=2,7 leader=1 inc2=0 attack_w=0.2 S0=76311 SA=57415 ratio=1.32911 my_comp=10 my_front=20 leader_comp=7 comp_gain(sz/front/cut)=0/0/0
DBG t=86 used=0.016 remain=0.205 turn_time=0.0159241 end_in=0.0159241 cand_pre=25 cand_cap=20 cand=25->20 pre=25 pick(must/bucket/top/rand)=1/6/9/4 depth0=11 depth=6 dlog=4 dper=1 sims=1896 loop=1876 gen_time=0 eval_time=0.016 best_avg=0.295615 best_move=1,7 leader=1 inc2=0 attack_w=0.2 S0=82261 SA=57415 ratio=1.43274 my_comp=10 my_front=20 leader_comp=7 comp_gain(sz/front/cut)=1/2/0
DBG depth_guard t=99 remain=0.011 cand_pre=34 depth0=0 depth=0
DBG t=99 used=0.007 remain=0.011 turn_time=0.0066 end_in=0.0066 cand_pre=34 cand_cap=12 cand=34->12 pre=34 pick(must/bucket/top/rand)=1/6/3/2 depth0=0 depth=0 dlog=4 dper=5 sims=12560 loop=12548 gen_time=0 eval_time=0.007 best_avg=0.444252 best_move=5,7 leader=1 inc2=0 attack_w=0.2 S0=87142 SA=56390 ratio=1.54534 my_comp=14 my_front=25 leader_comp=6 comp_gain(sz/front/cut)=0/0/0
DBG summary depth_guard_fired=1
Score = 133290
=== CASE 0063.txt ===
DBG hdr N=10 M=5 T=100 U=2 VMAX=2287 TIME_LIMIT=1.94 MAX_CAND=20 UCB_C=0.21 OBJ=log(S0+1)-log(SA+1)
DBG t=0 used=0.024 remain=1.94 turn_time=0.0239978 end_in=0.0239978 cand_pre=2 cand_cap=20 cand=2->2 pre=2 pick(must/bucket/top/rand)=1/1/0/0 depth0=7 depth=7 dlog=0 dper=0 sims=3938 loop=3936 gen_time=0 eval_time=0.024 best_avg=-0.552337 best_move=0,1 leader=3 inc2=0 attack_w=0.472526 S0=1279 SA=1376 ratio=0.929557 my_comp=1 my_front=2 leader_comp=1 comp_gain(sz/front/cut)=1/1/0
DBG t=12 used=0.023 remain=1.658 turn_time=0.0220815 end_in=0.0220815 cand_pre=12 cand_cap=20 cand=12->12 pre=12 pick(must/bucket/top/rand)=1/4/7/0 depth0=7 depth=4 dlog=3 dper=0 sims=3832 loop=3820 gen_time=0 eval_time=0.023 best_avg=-0.382837 best_move=2,2 leader=1 inc2=1 attack_w=0.85 S0=10740 SA=13451 ratio=0.798469 my_comp=6 my_front=8 leader_comp=8 comp_gain(sz/front/cut)=0/0/0
DBG t=24 used=0.021 remain=1.389 turn_time=0.0204695 end_in=0.0204695 cand_pre=20 cand_cap=20 cand=20->20 pre=20 pick(must/bucket/top/rand)=1/7/8/4 depth0=7 depth=3 dlog=4 dper=0 sims=3208 loop=3188 gen_time=0 eval_time=0.021 best_avg=-0.668779 best_move=2,6 leader=1 inc2=1 attack_w=0.85 S0=16389 SA=30706 ratio=0.533755 my_comp=9 my_front=14 leader_comp=2 comp_gain(sz/front/cut)=1/2/0
DBG t=37 used=0.02 remain=1.126 turn_time=0.0195531 end_in=0.0195531 cand_pre=24 cand_cap=20 cand=24->20 pre=24 pick(must/bucket/top/rand)=1/8/7/4 depth0=10 depth=6 dlog=4 dper=0 sims=1436 loop=1416 gen_time=0 eval_time=0.02 best_avg=-0.506801 best_move=2,2 leader=1 inc2=1 attack_w=0.85 S0=20417 SA=37593 ratio=0.543119 my_comp=12 my_front=15 leader_comp=18 comp_gain(sz/front/cut)=0/0/0
DBG t=49 used=0.02 remain=0.886 turn_time=0.0190056 end_in=0.0190056 cand_pre=24 cand_cap=20 cand=24->20 pre=24 pick(must/bucket/top/rand)=1/8/7/4 depth0=10 depth=6 dlog=4 dper=0 sims=1412 loop=1392 gen_time=0 eval_time=0.02 best_avg=-0.562001 best_move=1,2 leader=1 inc2=1 attack_w=0.85 S0=21987 SA=44344 ratio=0.495839 my_comp=13 my_front=15 leader_comp=18 comp_gain(sz/front/cut)=0/0/0
DBG t=61 used=0.019 remain=0.657 turn_time=0.0183202 end_in=0.0183202 cand_pre=25 cand_cap=20 cand=25->20 pre=25 pick(must/bucket/top/rand)=1/6/9/4 depth0=10 depth=5 dlog=4 dper=1 sims=1852 loop=1832 gen_time=0 eval_time=0.019 best_avg=-0.492651 best_move=1,2 leader=4 inc2=1 attack_w=0.85 S0=22693 SA=41858 ratio=0.542153 my_comp=14 my_front=16 leader_comp=1 comp_gain(sz/front/cut)=0/0/0
DBG t=74 used=0.018 remain=0.418 turn_time=0.0173792 end_in=0.0173792 cand_pre=26 cand_cap=20 cand=26->20 pre=26 pick(must/bucket/top/rand)=1/8/7/4 depth0=11 depth=6 dlog=4 dper=1 sims=1300 loop=1280 gen_time=0 eval_time=0.018 best_avg=-0.48267 best_move=1,2 leader=4 inc2=1 attack_w=0.85 S0=25344 SA=46852 ratio=0.540947 my_comp=15 my_front=16 leader_comp=18 comp_gain(sz/front/cut)=0/0/0
DBG t=86 used=0.016 remain=0.209 turn_time=0.0159437 end_in=0.0159437 cand_pre=28 cand_cap=20 cand=28->20 pre=28 pick(must/bucket/top/rand)=1/8/7/4 depth0=11 depth=6 dlog=4 dper=1 sims=1076 loop=1056 gen_time=0 eval_time=0.016 best_avg=-0.367099 best_move=1,0 leader=4 inc2=1 attack_w=0.85 S0=26196 SA=43911 ratio=0.59658 my_comp=17 my_front=19 leader_comp=16 comp_gain(sz/front/cut)=0/0/0
DBG depth_guard t=99 remain=0.012 cand_pre=33 depth0=0 depth=0
DBG t=99 used=0.008 remain=0.012 turn_time=0.0072 end_in=0.0072 cand_pre=33 cand_cap=12 cand=33->12 pre=33 pick(must/bucket/top/rand)=1/7/2/2 depth0=0 depth=0 dlog=4 dper=5 sims=9908 loop=9896 gen_time=0 eval_time=0.008 best_avg=-0.413396 best_move=4,5 leader=1 inc2=1 attack_w=0.85 S0=29504 SA=45948 ratio=0.642125 my_comp=18 my_front=26 leader_comp=23 comp_gain(sz/front/cut)=0/0/0
DBG summary depth_guard_fired=1
Score = 75001
=== CASE 0064.txt ===
DBG hdr N=10 M=3 T=100 U=2 VMAX=1013 TIME_LIMIT=1.94 MAX_CAND=20 UCB_C=0.21 OBJ=log(S0+1)-log(SA+1)
DBG t=0 used=0.024 remain=1.94 turn_time=0.0238717 end_in=0.0238717 cand_pre=3 cand_cap=20 cand=3->3 pre=3 pick(must/bucket/top/rand)=1/2/0/0 depth0=7 depth=6 dlog=1 dper=0 sims=6167 loop=6164 gen_time=0 eval_time=0.024 best_avg=-0.0181728 best_move=8,9 leader=1 inc2=1 attack_w=0.203231 S0=1000 SA=1002 ratio=0.998006 my_comp=1 my_front=2 leader_comp=1 comp_gain(sz/front/cut)=1/1/0
DBG t=12 used=0.022 remain=1.665 turn_time=0.0216828 end_in=0.0216828 cand_pre=16 cand_cap=20 cand=16->16 pre=16 pick(must/bucket/top/rand)=1/8/7/0 depth0=7 depth=4 dlog=3 dper=0 sims=4156 loop=4140 gen_time=0 eval_time=0.022 best_avg=-0.0398588 best_move=1,9 leader=1 inc2=1 attack_w=0.324725 S0=10970 SA=11053 ratio=0.992491 my_comp=7 my_front=14 leader_comp=10 comp_gain(sz/front/cut)=1/1/1
DBG t=24 used=0.02 remain=1.405 turn_time=0.0199843 end_in=0.0199843 cand_pre=26 cand_cap=20 cand=26->20 pre=26 pick(must/bucket/top/rand)=1/8/7/4 depth0=7 depth=3 dlog=4 dper=0 sims=3008 loop=2988 gen_time=0 eval_time=0.02 best_avg=0.0701659 best_move=7,7 leader=2 inc2=1 attack_w=0.2 S0=19021 SA=18008 ratio=1.05625 my_comp=14 my_front=16 leader_comp=11 comp_gain(sz/front/cut)=1/2/2
DBG t=37 used=0.019 remain=1.149 turn_time=0.0180557 end_in=0.0180557 cand_pre=40 cand_cap=20 cand=40->20 pre=40 pick(must/bucket/top/rand)=1/8/7/4 depth0=10 depth=3 dlog=5 dper=2 sims=2104 loop=2084 gen_time=0 eval_time=0.019 best_avg=0.234488 best_move=7,7 leader=2 inc2=1 attack_w=0.2 S0=26053 SA=21017 ratio=1.2396 my_comp=24 my_front=29 leader_comp=2 comp_gain(sz/front/cut)=0/0/0
DBG t=49 used=0.017 remain=0.93 turn_time=0.0168676 end_in=0.0168676 cand_pre=50 cand_cap=20 cand=50->20 pre=50 pick(must/bucket/top/rand)=1/8/7/4 depth0=10 depth=2 dlog=5 dper=3 sims=1684 loop=1664 gen_time=0 eval_time=0.017 best_avg=0.253085 best_move=5,7 leader=1 inc2=1 attack_w=0.2 S0=32035 SA=24168 ratio=1.3255 my_comp=30 my_front=36 leader_comp=21 comp_gain(sz/front/cut)=0/0/0
DBG t=61 used=0.016 remain=0.728 turn_time=0.0156893 end_in=0.0156893 cand_pre=63 cand_cap=14 cand=63->14 pre=42 pick(must/bucket/top/rand)=1/8/2/3 depth0=10 depth=1 dlog=5 dper=4 sims=1154 loop=1140 gen_time=0 eval_time=0.016 best_avg=0.418213 best_move=1,3 leader=1 inc2=1 attack_w=0.2 S0=39094 SA=26114 ratio=1.49703 my_comp=38 my_front=46 leader_comp=13 comp_gain(sz/front/cut)=1/0/1
DBG t=74 used=0.016 remain=0.52 turn_time=0.01551 end_in=0.01551 cand_pre=73 cand_cap=14 cand=73->14 pre=42 pick(must/bucket/top/rand)=1/8/2/3 depth0=11 depth=0 dlog=6 dper=5 sims=28210 loop=28196 gen_time=0 eval_time=0.016 best_avg=0.598113 best_move=2,4 leader=1 inc2=1 attack_w=0.2 S0=47115 SA=27026 ratio=1.74329 my_comp=46 my_front=54 leader_comp=24 comp_gain(sz/front/cut)=1/2/2
DBG t=86 used=0.017 remain=0.32 turn_time=0.0168343 end_in=0.0168343 cand_pre=79 cand_cap=14 cand=79->14 pre=42 pick(must/bucket/top/rand)=1/8/2/3 depth0=11 depth=0 dlog=6 dper=5 sims=33682 loop=33668 gen_time=0 eval_time=0.017 best_avg=0.86031 best_move=7,3 leader=2 inc2=1 attack_w=0.2 S0=54111 SA=23050 ratio=2.34749 my_comp=52 my_front=54 leader_comp=3 comp_gain(sz/front/cut)=1/2/0
DBG t=99 used=0.029 remain=0.048 turn_time=0.0288 end_in=0.0288 cand_pre=76 cand_cap=14 cand=76->14 pre=42 pick(must/bucket/top/rand)=1/8/2/3 depth0=0 depth=0 dlog=6 dper=3 sims=64202 loop=64188 gen_time=0 eval_time=0.029 best_avg=0.951246 best_move=3,4 leader=2 inc2=1 attack_w=0.2 S0=59107 SA=23070 ratio=2.562 my_comp=51 my_front=54 leader_comp=4 comp_gain(sz/front/cut)=0/0/0
DBG summary depth_guard_fired=0
Score = 186149
=== CASE 0065.txt ===
DBG hdr N=10 M=5 T=100 U=1 VMAX=1735 TIME_LIMIT=1.94 MAX_CAND=20 UCB_C=0.21 OBJ=log(S0+1)-log(SA+1)
DBG t=0 used=0.024 remain=1.94 turn_time=0.0236195 end_in=0.0236195 cand_pre=5 cand_cap=20 cand=5->5 pre=5 pick(must/bucket/top/rand)=1/2/2/0 depth0=7 depth=5 dlog=2 dper=0 sims=4625 loop=4620 gen_time=0 eval_time=0.024 best_avg=-0.264897 best_move=2,6 leader=3 inc2=1 attack_w=0.85 S0=535 SA=1735 ratio=0.308756 my_comp=1 my_front=4 leader_comp=1 comp_gain(sz/front/cut)=1/2/0
DBG t=12 used=0.023 remain=1.663 turn_time=0.0220253 end_in=0.0220253 cand_pre=13 cand_cap=20 cand=13->13 pre=13 pick(must/bucket/top/rand)=1/6/6/0 depth0=7 depth=4 dlog=3 dper=0 sims=3325 loop=3312 gen_time=0 eval_time=0.023 best_avg=-0.392543 best_move=4,6 leader=3 inc2=1 attack_w=0.85 S0=7817 SA=16790 ratio=0.465607 my_comp=4 my_front=10 leader_comp=12 comp_gain(sz/front/cut)=1/0/0
DBG t=24 used=0.02 remain=1.404 turn_time=0.0190094 end_in=0.0190094 cand_pre=34 cand_cap=20 cand=34->20 pre=34 pick(must/bucket/top/rand)=1/2/13/4 depth0=7 depth=2 dlog=4 dper=1 sims=2656 loop=2636 gen_time=0 eval_time=0.02 best_avg=0.145464 best_move=5,4 leader=3 inc2=0 attack_w=0.2 S0=21553 SA=18515 ratio=1.16407 my_comp=16 my_front=26 leader_comp=1 comp_gain(sz/front/cut)=1/2/0
DBG t=37 used=0.018 remain=1.156 turn_time=0.0179272 end_in=0.0179272 cand_pre=42 cand_cap=20 cand=42->20 pre=42 pick(must/bucket/top/rand)=1/6/9/4 depth0=10 depth=3 dlog=5 dper=2 sims=1628 loop=1608 gen_time=0 eval_time=0.018 best_avg=0.418272 best_move=7,2 leader=3 inc2=1 attack_w=0.2 S0=26359 SA=19729 ratio=1.33604 my_comp=20 my_front=35 leader_comp=6 comp_gain(sz/front/cut)=1/2/0
DBG t=49 used=0.019 remain=0.937 turn_time=0.0184277 end_in=0.0184277 cand_pre=38 cand_cap=20 cand=38->20 pre=38 pick(must/bucket/top/rand)=1/6/9/4 depth0=10 depth=3 dlog=5 dper=2 sims=1740 loop=1720 gen_time=0 eval_time=0.019 best_avg=0.482348 best_move=5,7 leader=3 inc2=1 attack_w=0.2 S0=32338 SA=19018 ratio=1.70035 my_comp=18 my_front=32 leader_comp=9 comp_gain(sz/front/cut)=3/3/0
DBG t=61 used=0.017 remain=0.72 turn_time=0.0167169 end_in=0.0167169 cand_pre=53 cand_cap=20 cand=53->20 pre=53 pick(must/bucket/top/rand)=1/6/9/4 depth0=10 depth=2 dlog=5 dper=3 sims=1312 loop=1292 gen_time=0 eval_time=0.017 best_avg=0.831375 best_move=9,3 leader=1 inc2=1 attack_w=0.2 S0=39900 SA=14901 ratio=2.67756 my_comp=30 my_front=43 leader_comp=10 comp_gain(sz/front/cut)=1/-1/0
DBG t=74 used=0.017 remain=0.482 turn_time=0.0166661 end_in=0.0166661 cand_pre=54 cand_cap=20 cand=54->20 pre=54 pick(must/bucket/top/rand)=1/6/9/4 depth0=11 depth=3 dlog=5 dper=3 sims=1200 loop=1180 gen_time=0 eval_time=0.017 best_avg=0.58852 best_move=9,5 leader=2 inc2=1 attack_w=0.2 S0=34139 SA=18074 ratio=1.8888 my_comp=28 my_front=39 leader_comp=14 comp_gain(sz/front/cut)=1/1/1
DBG t=86 used=0.017 remain=0.269 turn_time=0.016899 end_in=0.016899 cand_pre=57 cand_cap=20 cand=57->20 pre=57 pick(must/bucket/top/rand)=1/6/9/4 depth0=11 depth=2 dlog=5 dper=4 sims=1164 loop=1144 gen_time=0 eval_time=0.017 best_avg=0.807211 best_move=7,3 leader=2 inc2=0 attack_w=0.2 S0=36641 SA=19168 ratio=1.91152 my_comp=31 my_front=40 leader_comp=15 comp_gain(sz/front/cut)=1/0/1
DBG t=99 used=0.017 remain=0.027 turn_time=0.0162 end_in=0.0162 cand_pre=60 cand_cap=20 cand=60->20 pre=60 pick(must/bucket/top/rand)=1/6/9/4 depth0=0 depth=0 dlog=5 dper=4 sims=20624 loop=20604 gen_time=0 eval_time=0.017 best_avg=0.786645 best_move=7,3 leader=2 inc2=1 attack_w=0.2 S0=36250 SA=15851 ratio=2.28684 my_comp=31 my_front=46 leader_comp=14 comp_gain(sz/front/cut)=1/2/2
DBG summary depth_guard_fired=0
Score = 160525
=== CASE 0067.txt ===
DBG hdr N=10 M=8 T=100 U=2 VMAX=1725 TIME_LIMIT=1.94 MAX_CAND=20 UCB_C=0.21 OBJ=log(S0+1)-log(SA+1)
DBG t=0 used=0.024 remain=1.94 turn_time=0.0236195 end_in=0.0236195 cand_pre=5 cand_cap=20 cand=5->5 pre=5 pick(must/bucket/top/rand)=1/2/2/0 depth0=7 depth=5 dlog=2 dper=0 sims=3501 loop=3496 gen_time=0 eval_time=0.024 best_avg=-0.479899 best_move=8,2 leader=5 inc2=1 attack_w=0.85 S0=743 SA=1199 ratio=0.62 my_comp=1 my_front=4 leader_comp=1 comp_gain(sz/front/cut)=0/0/0
DBG t=12 used=0.021 remain=1.669 turn_time=0.0206254 end_in=0.0206254 cand_pre=25 cand_cap=20 cand=25->20 pre=25 pick(must/bucket/top/rand)=1/3/12/4 depth0=7 depth=3 dlog=4 dper=0 sims=2472 loop=2452 gen_time=0 eval_time=0.021 best_avg=-0.00790338 best_move=4,6 leader=5 inc2=1 attack_w=0.85 S0=11538 SA=14564 ratio=0.792242 my_comp=9 my_front=20 leader_comp=5 comp_gain(sz/front/cut)=0/0/0
DBG t=24 used=0.02 remain=1.425 turn_time=0.0195375 end_in=0.0195375 cand_pre=32 cand_cap=20 cand=32->20 pre=32 pick(must/bucket/top/rand)=1/6/9/4 depth0=7 depth=2 dlog=4 dper=1 sims=2856 loop=2836 gen_time=0 eval_time=0.02 best_avg=0.0223004 best_move=4,7 leader=1 inc2=1 attack_w=0.203088 S0=18836 SA=17921 ratio=1.05105 my_comp=14 my_front=26 leader_comp=1 comp_gain(sz/front/cut)=0/0/0
DBG t=37 used=0.02 remain=1.169 turn_time=0.0192143 end_in=0.0192143 cand_pre=33 cand_cap=20 cand=33->20 pre=33 pick(must/bucket/top/rand)=1/7/8/4 depth0=10 depth=5 dlog=4 dper=1 sims=1548 loop=1528 gen_time=0 eval_time=0.02 best_avg=-0.00793179 best_move=5,5 leader=1 inc2=1 attack_w=0.369745 S0=21732 SA=22348 ratio=0.972437 my_comp=15 my_front=28 leader_comp=3 comp_gain(sz/front/cut)=0/0/0
DBG t=49 used=0.019 remain=0.933 turn_time=0.0184679 end_in=0.0184679 cand_pre=37 cand_cap=20 cand=37->20 pre=37 pick(must/bucket/top/rand)=1/6/9/4 depth0=10 depth=3 dlog=5 dper=2 sims=2096 loop=2076 gen_time=0 eval_time=0.019 best_avg=0.0677423 best_move=4,9 leader=7 inc2=1 attack_w=0.2 S0=25208 SA=23407 ratio=1.07694 my_comp=17 my_front=29 leader_comp=12 comp_gain(sz/front/cut)=1/1/0
DBG t=61 used=0.021 remain=0.7 turn_time=0.0204526 end_in=0.0204526 cand_pre=17 cand_cap=20 cand=17->17 pre=17 pick(must/bucket/top/rand)=1/2/13/1 depth0=10 depth=7 dlog=3 dper=0 sims=1281 loop=1264 gen_time=0 eval_time=0.021 best_avg=0.0799375 best_move=5,6 leader=1 inc2=1 attack_w=0.243889 S0=28879 SA=28020 ratio=1.03066 my_comp=11 my_front=13 leader_comp=6 comp_gain(sz/front/cut)=0/0/0
DBG t=74 used=0.018 remain=0.454 turn_time=0.0172869 end_in=0.0172869 cand_pre=40 cand_cap=20 cand=40->20 pre=40 pick(must/bucket/top/rand)=1/6/9/4 depth0=11 depth=4 dlog=5 dper=2 sims=1404 loop=1384 gen_time=0 eval_time=0.018 best_avg=0.317855 best_move=7,6 leader=1 inc2=1 attack_w=0.2 S0=34381 SA=25189 ratio=1.36491 my_comp=22 my_front=28 leader_comp=4 comp_gain(sz/front/cut)=2/2/0
DBG t=86 used=0.017 remain=0.24 turn_time=0.01686 end_in=0.01686 cand_pre=41 cand_cap=20 cand=41->20 pre=41 pick(must/bucket/top/rand)=1/5/10/4 depth0=11 depth=4 dlog=5 dper=2 sims=1388 loop=1368 gen_time=0 eval_time=0.017 best_avg=0.276507 best_move=4,8 leader=7 inc2=1 attack_w=0.2 S0=35923 SA=28281 ratio=1.27021 my_comp=24 my_front=25 leader_comp=15 comp_gain(sz/front/cut)=0/0/0
DBG depth_guard t=99 remain=0.018 cand_pre=43 depth0=0 depth=0
DBG t=99 used=0.011 remain=0.018 turn_time=0.0108 end_in=0.0108 cand_pre=43 cand_cap=14 cand=43->14 pre=42 pick(must/bucket/top/rand)=1/6/4/3 depth0=0 depth=0 dlog=5 dper=4 sims=12530 loop=12516 gen_time=0 eval_time=0.011 best_avg=0.589202 best_move=3,9 leader=7 inc2=1 attack_w=0.2 S0=47431 SA=27516 ratio=1.72373 my_comp=28 my_front=24 leader_comp=5 comp_gain(sz/front/cut)=0/0/0
DBG summary depth_guard_fired=1
Score = 151635
=== CASE 0066.txt ===
DBG hdr N=10 M=8 T=100 U=5 VMAX=1914 TIME_LIMIT=1.94 MAX_CAND=20 UCB_C=0.21 OBJ=log(S0+1)-log(SA+1)
DBG t=0 used=0.024 remain=1.94 turn_time=0.0237456 end_in=0.0237456 cand_pre=4 cand_cap=20 cand=4->4 pre=4 pick(must/bucket/top/rand)=1/2/1/0 depth0=7 depth=6 dlog=1 dper=0 sims=3124 loop=3120 gen_time=0 eval_time=0.024 best_avg=-0.347167 best_move=0,5 leader=7 inc2=1 attack_w=0.85 S0=651 SA=1910 ratio=0.341183 my_comp=1 my_front=3 leader_comp=1 comp_gain(sz/front/cut)=1/1/0
DBG t=12 used=0.023 remain=1.657 turn_time=0.0221906 end_in=0.0221906 cand_pre=11 cand_cap=20 cand=11->11 pre=11 pick(must/bucket/top/rand)=1/3/7/0 depth0=7 depth=4 dlog=3 dper=0 sims=3247 loop=3236 gen_time=0 eval_time=0.023 best_avg=-0.0189426 best_move=1,4 leader=3 inc2=1 attack_w=0.213811 S0=16612 SA=16770 ratio=0.990579 my_comp=5 my_front=8 leader_comp=2 comp_gain(sz/front/cut)=0/0/0
DBG t=24 used=0.022 remain=1.387 turn_time=0.0215076 end_in=0.0215076 cand_pre=11 cand_cap=20 cand=11->11 pre=11 pick(must/bucket/top/rand)=1/4/6/0 depth0=7 depth=4 dlog=3 dper=0 sims=2935 loop=2924 gen_time=0 eval_time=0.022 best_avg=-0.21363 best_move=3,6 leader=4 inc2=1 attack_w=0.566524 S0=28363 SA=31743 ratio=0.893523 my_comp=4 my_front=10 leader_comp=9 comp_gain(sz/front/cut)=0/0/0
DBG t=37 used=0.021 remain=1.109 turn_time=0.0205165 end_in=0.0205165 cand_pre=13 cand_cap=20 cand=13->13 pre=13 pick(must/bucket/top/rand)=1/3/9/0 depth0=10 depth=7 dlog=3 dper=0 sims=1601 loop=1588 gen_time=0 eval_time=0.021 best_avg=-0.530706 best_move=2,7 leader=4 inc2=1 attack_w=0.85 S0=36172 SA=46730 ratio=0.774069 my_comp=5 my_front=12 leader_comp=12 comp_gain(sz/front/cut)=0/0/0
DBG t=49 used=0.02 remain=0.862 turn_time=0.0195894 end_in=0.0195894 cand_pre=14 cand_cap=20 cand=14->14 pre=14 pick(must/bucket/top/rand)=1/4/9/0 depth0=10 depth=7 dlog=3 dper=0 sims=1454 loop=1440 gen_time=0 eval_time=0.02 best_avg=-0.732563 best_move=5,7 leader=4 inc2=1 attack_w=0.85 S0=33329 SA=56651 ratio=0.588329 my_comp=5 my_front=12 leader_comp=14 comp_gain(sz/front/cut)=0/0/0
DBG t=61 used=0.019 remain=0.626 turn_time=0.0183948 end_in=0.0183948 cand_pre=16 cand_cap=20 cand=16->16 pre=16 pick(must/bucket/top/rand)=1/5/10/0 depth0=10 depth=7 dlog=3 dper=0 sims=1296 loop=1280 gen_time=0 eval_time=0.019 best_avg=-0.805064 best_move=4,6 leader=1 inc2=1 attack_w=0.85 S0=31758 SA=63564 ratio=0.49963 my_comp=6 my_front=12 leader_comp=15 comp_gain(sz/front/cut)=0/0/0
DBG t=74 used=0.017 remain=0.388 turn_time=0.0166168 end_in=0.0166168 cand_pre=21 cand_cap=20 cand=21->20 pre=21 pick(must/bucket/top/rand)=1/5/10/4 depth0=11 depth=7 dlog=4 dper=0 sims=928 loop=908 gen_time=0 eval_time=0.017 best_avg=-0.662362 best_move=2,4 leader=1 inc2=1 attack_w=0.85 S0=38878 SA=65965 ratio=0.589379 my_comp=9 my_front=14 leader_comp=16 comp_gain(sz/front/cut)=4/6/0
DBG t=86 used=0.015 remain=0.196 turn_time=0.014952 end_in=0.014952 cand_pre=28 cand_cap=20 cand=28->20 pre=28 pick(must/bucket/top/rand)=1/7/8/4 depth0=11 depth=5 dlog=4 dper=2 sims=1184 loop=1164 gen_time=0 eval_time=0.015 best_avg=-0.554407 best_move=1,3 leader=1 inc2=1 attack_w=0.85 S0=48075 SA=75451 ratio=0.637173 my_comp=13 my_front=20 leader_comp=18 comp_gain(sz/front/cut)=0/0/0
DBG depth_guard t=99 remain=0.01 cand_pre=32 depth0=0 depth=0
DBG t=99 used=0.007 remain=0.01 turn_time=0.006 end_in=0.006 cand_pre=32 cand_cap=12 cand=32->12 pre=32 pick(must/bucket/top/rand)=1/6/3/2 depth0=0 depth=0 dlog=4 dper=5 sims=6140 loop=6128 gen_time=0 eval_time=0.007 best_avg=-0.361003 best_move=5,7 leader=1 inc2=1 attack_w=0.85 S0=53209 SA=74806 ratio=0.711297 my_comp=15 my_front=22 leader_comp=16 comp_gain(sz/front/cut)=0/0/0
DBG summary depth_guard_fired=1
Score = 77781
=== CASE 0068.txt ===
DBG hdr N=10 M=4 T=100 U=5 VMAX=1716 TIME_LIMIT=1.94 MAX_CAND=20 UCB_C=0.21 OBJ=log(S0+1)-log(SA+1)
DBG t=0 used=0.024 remain=1.94 turn_time=0.0237456 end_in=0.0237456 cand_pre=4 cand_cap=20 cand=4->4 pre=4 pick(must/bucket/top/rand)=1/2/1/0 depth0=7 depth=6 dlog=1 dper=0 sims=6048 loop=6044 gen_time=0 eval_time=0.024 best_avg=-0.691191 best_move=0,5 leader=3 inc2=1 attack_w=0.85 S0=813 SA=1716 ratio=0.474083 my_comp=1 my_front=3 leader_comp=1 comp_gain(sz/front/cut)=1/1/0
DBG t=12 used=0.022 remain=1.656 turn_time=0.0211987 end_in=0.0211987 cand_pre=19 cand_cap=20 cand=19->19 pre=19 pick(must/bucket/top/rand)=1/2/13/3 depth0=7 depth=3 dlog=4 dper=0 sims=4927 loop=4908 gen_time=0 eval_time=0.022 best_avg=-0.288995 best_move=3,7 leader=3 inc2=0 attack_w=0.85 S0=13674 SA=19026 ratio=0.718716 my_comp=8 my_front=16 leader_comp=4 comp_gain(sz/front/cut)=0/0/0
DBG t=24 used=0.021 remain=1.4 turn_time=0.0202724 end_in=0.0202724 cand_pre=23 cand_cap=20 cand=23->20 pre=23 pick(must/bucket/top/rand)=1/3/12/4 depth0=7 depth=3 dlog=4 dper=0 sims=3808 loop=3788 gen_time=0 eval_time=0.021 best_avg=-0.23366 best_move=0,4 leader=3 inc2=0 attack_w=0.815703 S0=28427 SA=35084 ratio=0.810261 my_comp=10 my_front=20 leader_comp=8 comp_gain(sz/front/cut)=0/0/0
DBG t=37 used=0.019 remain=1.137 turn_time=0.0186883 end_in=0.0186883 cand_pre=33 cand_cap=20 cand=33->20 pre=33 pick(must/bucket/top/rand)=1/5/10/4 depth0=10 depth=5 dlog=4 dper=1 sims=1740 loop=1720 gen_time=0 eval_time=0.019 best_avg=-0.165706 best_move=0,4 leader=3 inc2=0 attack_w=0.671297 S0=43086 SA=50304 ratio=0.856515 my_comp=14 my_front=26 leader_comp=13 comp_gain(sz/front/cut)=0/0/0
DBG t=49 used=0.021 remain=0.913 turn_time=0.0208647 end_in=0.0208647 cand_pre=13 cand_cap=20 cand=13->13 pre=13 pick(must/bucket/top/rand)=1/7/5/0 depth0=10 depth=7 dlog=3 dper=0 sims=1749 loop=1736 gen_time=0 eval_time=0.021 best_avg=-0.0394578 best_move=8,4 leader=3 inc2=0 attack_w=0.413457 S0=54638 SA=57289 ratio=0.953727 my_comp=5 my_front=10 leader_comp=12 comp_gain(sz/front/cut)=0/0/0
DBG t=61 used=0.017 remain=0.685 turn_time=0.016361 end_in=0.016361 cand_pre=49 cand_cap=20 cand=49->20 pre=49 pick(must/bucket/top/rand)=1/6/9/4 depth0=10 depth=2 dlog=5 dper=3 sims=1756 loop=1736 gen_time=0 eval_time=0.017 best_avg=0.0106683 best_move=7,5 leader=3 inc2=0 attack_w=0.297619 S0=63091 SA=62779 ratio=1.00497 my_comp=24 my_front=42 leader_comp=10 comp_gain(sz/front/cut)=0/0/0
DBG t=74 used=0.017 remain=0.456 turn_time=0.0166791 end_in=0.0166791 cand_pre=46 cand_cap=20 cand=46->20 pre=46 pick(must/bucket/top/rand)=1/6/9/4 depth0=11 depth=3 dlog=5 dper=3 sims=1732 loop=1712 gen_time=0 eval_time=0.017 best_avg=-0.0336076 best_move=7,3 leader=3 inc2=0 attack_w=0.355316 S0=67928 SA=69401 ratio=0.978776 my_comp=22 my_front=38 leader_comp=12 comp_gain(sz/front/cut)=0/0/0
DBG t=86 used=0.017 remain=0.252 turn_time=0.016884 end_in=0.016884 cand_pre=48 cand_cap=20 cand=48->20 pre=48 pick(must/bucket/top/rand)=1/6/9/4 depth0=11 depth=3 dlog=5 dper=3 sims=1644 loop=1624 gen_time=0 eval_time=0.017 best_avg=0.0106981 best_move=7,5 leader=3 inc2=0 attack_w=0.216096 S0=69318 SA=66367 ratio=1.04446 my_comp=23 my_front=40 leader_comp=12 comp_gain(sz/front/cut)=0/0/0
DBG t=99 used=0.013 remain=0.021 turn_time=0.0126 end_in=0.0126 cand_pre=50 cand_cap=16 cand=50->16 pre=48 pick(must/bucket/top/rand)=1/6/5/4 depth0=0 depth=0 dlog=5 dper=4 sims=18872 loop=18856 gen_time=0 eval_time=0.013 best_avg=0.075083 best_move=8,5 leader=3 inc2=0 attack_w=0.2 S0=70365 SA=65517 ratio=1.07399 my_comp=24 my_front=41 leader_comp=11 comp_gain(sz/front/cut)=0/0/0
DBG summary depth_guard_fired=0
Score = 105656
=== CASE 0070.txt ===
DBG hdr N=10 M=5 T=100 U=3 VMAX=1226 TIME_LIMIT=1.94 MAX_CAND=20 UCB_C=0.21 OBJ=log(S0+1)-log(SA+1)
DBG t=0 used=0.024 remain=1.94 turn_time=0.0237456 end_in=0.0237456 cand_pre=4 cand_cap=20 cand=4->4 pre=4 pick(must/bucket/top/rand)=1/2/1/0 depth0=7 depth=6 dlog=1 dper=0 sims=4284 loop=4280 gen_time=0 eval_time=0.024 best_avg=-0.0367578 best_move=9,4 leader=4 inc2=1 attack_w=0.483437 S0=1125 SA=1216 ratio=0.925226 my_comp=1 my_front=3 leader_comp=1 comp_gain(sz/front/cut)=1/1/0
DBG t=12 used=0.022 remain=1.661 turn_time=0.0219988 end_in=0.0219988 cand_pre=13 cand_cap=20 cand=13->13 pre=13 pick(must/bucket/top/rand)=1/5/7/0 depth0=7 depth=4 dlog=3 dper=0 sims=3465 loop=3452 gen_time=0 eval_time=0.022 best_avg=0.0356055 best_move=8,5 leader=4 inc2=1 attack_w=0.567525 S0=13399 SA=15002 ratio=0.893155 my_comp=6 my_front=11 leader_comp=6 comp_gain(sz/front/cut)=0/0/0
DBG t=24 used=0.02 remain=1.403 turn_time=0.0195958 end_in=0.0195958 cand_pre=29 cand_cap=20 cand=29->20 pre=29 pick(must/bucket/top/rand)=1/6/9/4 depth0=7 depth=2 dlog=4 dper=1 sims=3216 loop=3196 gen_time=0 eval_time=0.02 best_avg=0.20316 best_move=7,5 leader=4 inc2=1 attack_w=0.2 S0=24852 SA=20972 ratio=1.185 my_comp=12 my_front=22 leader_comp=8 comp_gain(sz/front/cut)=0/0/0
DBG t=37 used=0.019 remain=1.144 turn_time=0.0188034 end_in=0.0188034 cand_pre=33 cand_cap=20 cand=33->20 pre=33 pick(must/bucket/top/rand)=1/5/10/4 depth0=10 depth=5 dlog=4 dper=1 sims=1648 loop=1628 gen_time=0 eval_time=0.019 best_avg=0.323724 best_move=4,5 leader=3 inc2=0 attack_w=0.2 S0=39168 SA=28491 ratio=1.37474 my_comp=15 my_front=26 leader_comp=16 comp_gain(sz/front/cut)=1/2/0
DBG t=49 used=0.017 remain=0.922 turn_time=0.0167225 end_in=0.0167225 cand_pre=50 cand_cap=20 cand=50->20 pre=50 pick(must/bucket/top/rand)=1/7/8/4 depth0=10 depth=2 dlog=5 dper=3 sims=1864 loop=1844 gen_time=0 eval_time=0.017 best_avg=0.505876 best_move=8,6 leader=1 inc2=1 attack_w=0.2 S0=49654 SA=30583 ratio=1.62356 my_comp=23 my_front=37 leader_comp=17 comp_gain(sz/front/cut)=1/0/1
DBG t=61 used=0.021 remain=0.709 turn_time=0.0208337 end_in=0.0208337 cand_pre=16 cand_cap=20 cand=16->16 pre=16 pick(must/bucket/top/rand)=1/7/8/0 depth0=10 depth=7 dlog=3 dper=0 sims=1536 loop=1520 gen_time=0 eval_time=0.021 best_avg=0.54467 best_move=0,6 leader=2 inc2=1 attack_w=0.2 S0=56126 SA=32580 ratio=1.72269 my_comp=8 my_front=14 leader_comp=12 comp_gain(sz/front/cut)=1/-3/0
DBG t=74 used=0.019 remain=0.443 turn_time=0.0186401 end_in=0.0186401 cand_pre=24 cand_cap=20 cand=24->20 pre=24 pick(must/bucket/top/rand)=1/8/7/4 depth0=11 depth=7 dlog=4 dper=0 sims=1372 loop=1352 gen_time=0 eval_time=0.019 best_avg=0.523917 best_move=3,5 leader=2 inc2=1 attack_w=0.2 S0=59603 SA=34973 ratio=1.70424 my_comp=12 my_front=16 leader_comp=10 comp_gain(sz/front/cut)=20/30/0
DBG t=86 used=0.016 remain=0.256 turn_time=0.0151314 end_in=0.0151314 cand_pre=65 cand_cap=14 cand=65->14 pre=42 pick(must/bucket/top/rand)=1/8/2/3 depth0=11 depth=2 dlog=5 dper=4 sims=1206 loop=1192 gen_time=0 eval_time=0.016 best_avg=0.598291 best_move=0,2 leader=2 inc2=1 attack_w=0.2 S0=68182 SA=35846 ratio=1.90206 my_comp=35 my_front=49 leader_comp=15 comp_gain(sz/front/cut)=0/0/0
DBG t=99 used=0.017 remain=0.028 turn_time=0.0168 end_in=0.0168 cand_pre=62 cand_cap=14 cand=62->14 pre=42 pick(must/bucket/top/rand)=1/8/2/3 depth0=0 depth=0 dlog=5 dper=4 sims=19482 loop=19468 gen_time=0 eval_time=0.017 best_avg=0.607248 best_move=6,7 leader=2 inc2=1 attack_w=0.2 S0=72374 SA=39315 ratio=1.84085 my_comp=35 my_front=46 leader_comp=17 comp_gain(sz/front/cut)=0/0/0
DBG summary depth_guard_fired=0
Score = 150165
=== CASE 0069.txt ===
DBG hdr N=10 M=3 T=100 U=1 VMAX=1051 TIME_LIMIT=1.94 MAX_CAND=20 UCB_C=0.21 OBJ=log(S0+1)-log(SA+1)
DBG t=0 used=0.024 remain=1.94 turn_time=0.0237456 end_in=0.0237456 cand_pre=4 cand_cap=20 cand=4->4 pre=4 pick(must/bucket/top/rand)=1/2/1/0 depth0=7 depth=6 dlog=1 dper=0 sims=5452 loop=5448 gen_time=0 eval_time=0.024 best_avg=0.00281395 best_move=1,8 leader=2 inc2=1 attack_w=0.175441 S0=1014 SA=996 ratio=1.01805 my_comp=1 my_front=3 leader_comp=1 comp_gain(sz/front/cut)=1/2/0
DBG t=12 used=0.022 remain=1.665 turn_time=0.0216828 end_in=0.0216828 cand_pre=16 cand_cap=20 cand=16->16 pre=16 pick(must/bucket/top/rand)=1/3/12/0 depth0=7 depth=4 dlog=3 dper=0 sims=3820 loop=3804 gen_time=0 eval_time=0.022 best_avg=-0.135274 best_move=2,7 leader=1 inc2=1 attack_w=0.29502 S0=10252 SA=10189 ratio=1.00618 my_comp=9 my_front=12 leader_comp=3 comp_gain(sz/front/cut)=0/0/0
DBG t=24 used=0.021 remain=1.404 turn_time=0.0203303 end_in=0.0203303 cand_pre=23 cand_cap=20 cand=23->20 pre=23 pick(must/bucket/top/rand)=1/6/9/4 depth0=7 depth=3 dlog=4 dper=0 sims=3388 loop=3368 gen_time=0 eval_time=0.021 best_avg=0.235918 best_move=4,5 leader=2 inc2=1 attack_w=0.2 S0=16188 SA=14186 ratio=1.14112 my_comp=10 my_front=17 leader_comp=12 comp_gain(sz/front/cut)=1/2/0
DBG t=37 used=0.018 remain=1.145 turn_time=0.0177566 end_in=0.0177566 cand_pre=42 cand_cap=20 cand=42->20 pre=42 pick(must/bucket/top/rand)=1/6/9/4 depth0=10 depth=3 dlog=5 dper=2 sims=1896 loop=1876 gen_time=0 eval_time=0.018 best_avg=0.77496 best_move=4,5 leader=2 inc2=1 attack_w=0.2 S0=24247 SA=12162 ratio=1.99359 my_comp=22 my_front=34 leader_comp=3 comp_gain(sz/front/cut)=1/0/1
DBG t=49 used=0.017 remain=0.92 turn_time=0.0169208 end_in=0.0169208 cand_pre=48 cand_cap=20 cand=48->20 pre=48 pick(must/bucket/top/rand)=1/6/9/4 depth0=10 depth=2 dlog=5 dper=3 sims=1676 loop=1656 gen_time=0 eval_time=0.017 best_avg=1.07917 best_move=1,6 leader=2 inc2=1 attack_w=0.2 S0=30375 SA=10988 ratio=2.76422 my_comp=28 my_front=38 leader_comp=2 comp_gain(sz/front/cut)=3/2/0
DBG t=61 used=0.019 remain=0.686 turn_time=0.0185572 end_in=0.0185572 cand_pre=30 cand_cap=20 cand=30->20 pre=30 pick(must/bucket/top/rand)=1/6/9/4 depth0=10 depth=5 dlog=4 dper=1 sims=2000 loop=1980 gen_time=0 eval_time=0.019 best_avg=0.971902 best_move=3,3 leader=2 inc2=1 attack_w=0.2 S0=31254 SA=11007 ratio=2.8393 my_comp=13 my_front=25 leader_comp=5 comp_gain(sz/front/cut)=1/-2/0
DBG t=74 used=0.016 remain=0.44 turn_time=0.0154338 end_in=0.0154338 cand_pre=52 cand_cap=20 cand=52->20 pre=52 pick(must/bucket/top/rand)=1/6/9/4 depth0=11 depth=2 dlog=5 dper=4 sims=1532 loop=1512 gen_time=0 eval_time=0.016 best_avg=1.22768 best_move=6,6 leader=2 inc2=1 attack_w=0.2 S0=33127 SA=10293 ratio=3.21819 my_comp=26 my_front=40 leader_comp=9 comp_gain(sz/front/cut)=1/0/0
DBG t=86 used=0.014 remain=0.236 turn_time=0.0137301 end_in=0.0137301 cand_pre=67 cand_cap=14 cand=67->14 pre=42 pick(must/bucket/top/rand)=1/5/5/3 depth0=11 depth=1 dlog=5 dper=5 sims=1218 loop=1204 gen_time=0 eval_time=0.014 best_avg=1.7539 best_move=2,3 leader=1 inc2=1 attack_w=0.2 S0=39181 SA=8112 ratio=4.82953 my_comp=38 my_front=53 leader_comp=2 comp_gain(sz/front/cut)=1/2/0
DBG depth_guard t=99 remain=0.015 cand_pre=36 depth0=0 depth=0
DBG t=99 used=0.01 remain=0.015 turn_time=0.009 end_in=0.009 cand_pre=36 cand_cap=14 cand=36->14 pre=36 pick(must/bucket/top/rand)=1/5/5/3 depth0=0 depth=0 dlog=5 dper=4 sims=36750 loop=36736 gen_time=0 eval_time=0.01 best_avg=1.73638 best_move=5,5 leader=2 inc2=1 attack_w=0.2 S0=40201 SA=7223 ratio=5.56506 my_comp=22 my_front=25 leader_comp=1 comp_gain(sz/front/cut)=1/2/0
DBG summary depth_guard_fired=1
Score = 276260
=== CASE 0071.txt ===
DBG hdr N=10 M=8 T=100 U=4 VMAX=2045 TIME_LIMIT=1.94 MAX_CAND=20 UCB_C=0.21 OBJ=log(S0+1)-log(SA+1)
DBG t=0 used=0.024 remain=1.94 turn_time=0.0237456 end_in=0.0237456 cand_pre=4 cand_cap=20 cand=4->4 pre=4 pick(must/bucket/top/rand)=1/2/1/0 depth0=7 depth=6 dlog=1 dper=0 sims=3280 loop=3276 gen_time=0 eval_time=0.024 best_avg=-0.396254 best_move=3,0 leader=1 inc2=1 attack_w=0.85 S0=1096 SA=1899 ratio=0.577368 my_comp=1 my_front=3 leader_comp=1 comp_gain(sz/front/cut)=1/1/0
DBG t=12 used=0.022 remain=1.662 turn_time=0.0212755 end_in=0.0212755 cand_pre=19 cand_cap=20 cand=19->19 pre=19 pick(must/bucket/top/rand)=1/5/10/3 depth0=7 depth=3 dlog=4 dper=0 sims=3523 loop=3504 gen_time=0 eval_time=0.022 best_avg=0.248539 best_move=4,4 leader=4 inc2=1 attack_w=0.2 S0=19754 SA=16440 ratio=1.20157 my_comp=8 my_front=14 leader_comp=3 comp_gain(sz/front/cut)=0/0/0
DBG t=24 used=0.021 remain=1.406 turn_time=0.0205997 end_in=0.0205998 cand_pre=21 cand_cap=20 cand=21->20 pre=21 pick(must/bucket/top/rand)=1/5/10/4 depth0=7 depth=3 dlog=4 dper=0 sims=2824 loop=2804 gen_time=0 eval_time=0.021 best_avg=0.563352 best_move=5,1 leader=3 inc2=1 attack_w=0.2 S0=39268 SA=23192 ratio=1.69314 my_comp=11 my_front=18 leader_comp=10 comp_gain(sz/front/cut)=0/0/0
DBG t=37 used=0.02 remain=1.141 turn_time=0.0198136 end_in=0.0198136 cand_pre=24 cand_cap=20 cand=24->20 pre=24 pick(must/bucket/top/rand)=1/8/7/4 depth0=10 depth=6 dlog=4 dper=0 sims=1468 loop=1448 gen_time=0 eval_time=0.02 best_avg=0.521304 best_move=6,3 leader=3 inc2=1 attack_w=0.2 S0=52317 SA=32781 ratio=1.59594 my_comp=13 my_front=19 leader_comp=13 comp_gain(sz/front/cut)=1/2/0
DBG t=49 used=0.019 remain=0.907 turn_time=0.0185313 end_in=0.0185313 cand_pre=32 cand_cap=20 cand=32->20 pre=32 pick(must/bucket/top/rand)=1/8/7/4 depth0=10 depth=5 dlog=4 dper=1 sims=1532 loop=1512 gen_time=0 eval_time=0.019 best_avg=0.659062 best_move=2,3 leader=1 inc2=1 attack_w=0.2 S0=63022 SA=32790 ratio=1.92196 my_comp=16 my_front=25 leader_comp=11 comp_gain(sz/front/cut)=1/2/1
DBG t=61 used=0.019 remain=0.68 turn_time=0.0183949 end_in=0.0183949 cand_pre=30 cand_cap=20 cand=30->20 pre=30 pick(must/bucket/top/rand)=1/8/7/4 depth0=10 depth=5 dlog=4 dper=1 sims=1512 loop=1492 gen_time=0 eval_time=0.019 best_avg=0.658372 best_move=6,3 leader=1 inc2=1 attack_w=0.2 S0=69063 SA=34641 ratio=1.99365 my_comp=16 my_front=25 leader_comp=10 comp_gain(sz/front/cut)=0/0/0
DBG t=74 used=0.018 remain=0.442 turn_time=0.0178245 end_in=0.0178245 cand_pre=31 cand_cap=20 cand=31->20 pre=31 pick(must/bucket/top/rand)=1/8/7/4 depth0=11 depth=6 dlog=4 dper=1 sims=904 loop=884 gen_time=0 eval_time=0.018 best_avg=0.637841 best_move=7,3 leader=1 inc2=1 attack_w=0.2 S0=71891 SA=37601 ratio=1.91192 my_comp=16 my_front=25 leader_comp=10 comp_gain(sz/front/cut)=0/0/0
DBG t=86 used=0.017 remain=0.227 turn_time=0.0168953 end_in=0.0168953 cand_pre=32 cand_cap=20 cand=32->20 pre=32 pick(must/bucket/top/rand)=1/7/8/4 depth0=11 depth=5 dlog=4 dper=2 sims=1360 loop=1340 gen_time=0 eval_time=0.017 best_avg=0.614494 best_move=4,2 leader=5 inc2=1 attack_w=0.2 S0=78957 SA=42192 ratio=1.87135 my_comp=17 my_front=23 leader_comp=17 comp_gain(sz/front/cut)=0/0/0
DBG depth_guard t=99 remain=0.013 cand_pre=30 depth0=0 depth=0
DBG t=99 used=0.008 remain=0.013 turn_time=0.0078 end_in=0.0078 cand_pre=30 cand_cap=12 cand=30->12 pre=30 pick(must/bucket/top/rand)=1/7/2/2 depth0=0 depth=0 dlog=4 dper=4 sims=7484 loop=7472 gen_time=0 eval_time=0.008 best_avg=0.605876 best_move=2,4 leader=1 inc2=1 attack_w=0.2 S0=83129 SA=44859 ratio=1.8531 my_comp=17 my_front=23 leader_comp=10 comp_gain(sz/front/cut)=0/0/0
DBG summary depth_guard_fired=1
Score = 146943
=== CASE 0073.txt ===
DBG hdr N=10 M=3 T=100 U=3 VMAX=2043 TIME_LIMIT=1.94 MAX_CAND=20 UCB_C=0.21 OBJ=log(S0+1)-log(SA+1)
DBG t=0 used=0.024 remain=1.94 turn_time=0.0236195 end_in=0.0236195 cand_pre=5 cand_cap=20 cand=5->5 pre=5 pick(must/bucket/top/rand)=1/2/2/0 depth0=7 depth=5 dlog=2 dper=0 sims=6805 loop=6800 gen_time=0 eval_time=0.024 best_avg=-0.325682 best_move=5,2 leader=2 inc2=1 attack_w=0.641385 S0=1183 SA=1365 ratio=0.866764 my_comp=1 my_front=4 leader_comp=1 comp_gain(sz/front/cut)=1/2/0
DBG t=12 used=0.022 remain=1.662 turn_time=0.02103 end_in=0.02103 cand_pre=21 cand_cap=20 cand=21->20 pre=21 pick(must/bucket/top/rand)=1/7/8/4 depth0=7 depth=3 dlog=4 dper=0 sims=5120 loop=5100 gen_time=0 eval_time=0.022 best_avg=-0.167118 best_move=8,5 leader=2 inc2=1 attack_w=0.757893 S0=13619 SA=16445 ratio=0.828165 my_comp=7 my_front=16 leader_comp=6 comp_gain(sz/front/cut)=1/2/0
DBG t=24 used=0.02 remain=1.416 turn_time=0.0190508 end_in=0.0190508 cand_pre=35 cand_cap=20 cand=35->20 pre=35 pick(must/bucket/top/rand)=1/5/10/4 depth0=7 depth=1 dlog=4 dper=2 sims=4752 loop=4732 gen_time=0 eval_time=0.02 best_avg=0.475839 best_move=6,8 leader=2 inc2=1 attack_w=0.2 S0=29913 SA=20207 ratio=1.4803 my_comp=14 my_front=30 leader_comp=1 comp_gain(sz/front/cut)=0/0/0
DBG t=37 used=0.019 remain=1.166 turn_time=0.0185635 end_in=0.0185635 cand_pre=38 cand_cap=20 cand=38->20 pre=38 pick(must/bucket/top/rand)=1/7/8/4 depth0=10 depth=3 dlog=5 dper=2 sims=2556 loop=2536 gen_time=0 eval_time=0.019 best_avg=0.97158 best_move=5,7 leader=1 inc2=1 attack_w=0.2 S0=43551 SA=16491 ratio=2.6408 my_comp=17 my_front=31 leader_comp=12 comp_gain(sz/front/cut)=2/2/1
DBG t=49 used=0.019 remain=0.945 turn_time=0.0182237 end_in=0.0182237 cand_pre=41 cand_cap=20 cand=41->20 pre=41 pick(must/bucket/top/rand)=1/7/8/4 depth0=10 depth=3 dlog=5 dper=2 sims=2360 loop=2340 gen_time=0 eval_time=0.019 best_avg=1.02675 best_move=9,8 leader=1 inc2=1 attack_w=0.2 S0=50172 SA=17266 ratio=2.90572 my_comp=19 my_front=33 leader_comp=14 comp_gain(sz/front/cut)=1/1/0
DBG t=61 used=0.017 remain=0.735 turn_time=0.0169427 end_in=0.0169427 cand_pre=54 cand_cap=20 cand=54->20 pre=54 pick(must/bucket/top/rand)=1/8/7/4 depth0=10 depth=2 dlog=5 dper=3 sims=1848 loop=1828 gen_time=0 eval_time=0.017 best_avg=1.32035 best_move=3,7 leader=1 inc2=1 attack_w=0.2 S0=57156 SA=15329 ratio=3.72844 my_comp=26 my_front=43 leader_comp=12 comp_gain(sz/front/cut)=0/0/0
DBG t=74 used=0.019 remain=0.505 turn_time=0.0188501 end_in=0.0188501 cand_pre=43 cand_cap=20 cand=43->20 pre=43 pick(must/bucket/top/rand)=1/6/9/4 depth0=11 depth=4 dlog=5 dper=2 sims=1968 loop=1948 gen_time=0 eval_time=0.019 best_avg=1.25641 best_move=4,9 leader=1 inc2=1 attack_w=0.2 S0=56755 SA=14848 ratio=3.82221 my_comp=22 my_front=32 leader_comp=9 comp_gain(sz/front/cut)=1/1/0
DBG t=86 used=0.018 remain=0.28 turn_time=0.01733 end_in=0.01733 cand_pre=59 cand_cap=20 cand=59->20 pre=59 pick(must/bucket/top/rand)=1/8/7/4 depth0=11 depth=2 dlog=5 dper=4 sims=1672 loop=1652 gen_time=0 eval_time=0.018 best_avg=1.32288 best_move=3,7 leader=1 inc2=1 attack_w=0.2 S0=58730 SA=15812 ratio=3.7141 my_comp=31 my_front=43 leader_comp=8 comp_gain(sz/front/cut)=1/2/7
DBG t=99 used=0.016 remain=0.025 turn_time=0.015 end_in=0.015 cand_pre=47 cand_cap=20 cand=47->20 pre=47 pick(must/bucket/top/rand)=1/8/7/4 depth0=0 depth=0 dlog=5 dper=3 sims=50576 loop=50556 gen_time=0 eval_time=0.016 best_avg=1.1729 best_move=3,8 leader=1 inc2=1 attack_w=0.2 S0=58377 SA=17684 ratio=3.30099 my_comp=25 my_front=33 leader_comp=4 comp_gain(sz/front/cut)=1/2/0
DBG summary depth_guard_fired=0
Score = 207514
=== CASE 0074.txt ===
DBG hdr N=10 M=6 T=100 U=3 VMAX=1639 TIME_LIMIT=1.94 MAX_CAND=20 UCB_C=0.21 OBJ=log(S0+1)-log(SA+1)
DBG t=0 used=0.024 remain=1.94 turn_time=0.0237456 end_in=0.0237456 cand_pre=4 cand_cap=20 cand=4->4 pre=4 pick(must/bucket/top/rand)=1/2/1/0 depth0=7 depth=6 dlog=1 dper=0 sims=3972 loop=3968 gen_time=0 eval_time=0.024 best_avg=-0.335206 best_move=0,0 leader=5 inc2=1 attack_w=0.85 S0=724 SA=1043 ratio=0.694444 my_comp=1 my_front=3 leader_comp=1 comp_gain(sz/front/cut)=1/0/0
DBG t=12 used=0.022 remain=1.665 turn_time=0.0213139 end_in=0.0213139 cand_pre=19 cand_cap=20 cand=19->19 pre=19 pick(must/bucket/top/rand)=1/5/10/3 depth0=7 depth=3 dlog=4 dper=0 sims=3759 loop=3740 gen_time=0 eval_time=0.022 best_avg=-0.149014 best_move=3,5 leader=3 inc2=1 attack_w=0.85 S0=11599 SA=15293 ratio=0.758467 my_comp=8 my_front=14 leader_comp=5 comp_gain(sz/front/cut)=1/2/0
DBG t=24 used=0.021 remain=1.41 turn_time=0.020176 end_in=0.020176 cand_pre=25 cand_cap=20 cand=25->20 pre=25 pick(must/bucket/top/rand)=1/7/8/4 depth0=7 depth=3 dlog=4 dper=0 sims=2812 loop=2792 gen_time=0 eval_time=0.021 best_avg=0.159581 best_move=1,5 leader=3 inc2=1 attack_w=0.2 S0=24346 SA=20152 ratio=1.20811 my_comp=13 my_front=20 leader_comp=10 comp_gain(sz/front/cut)=0/0/0
DBG t=37 used=0.02 remain=1.147 turn_time=0.0197994 end_in=0.0197994 cand_pre=25 cand_cap=20 cand=25->20 pre=25 pick(must/bucket/top/rand)=1/5/10/4 depth0=10 depth=6 dlog=4 dper=0 sims=1612 loop=1592 gen_time=0 eval_time=0.02 best_avg=-0.30405 best_move=3,5 leader=2 inc2=1 attack_w=0.240092 S0=30384 SA=29427 ratio=1.03252 my_comp=13 my_front=20 leader_comp=12 comp_gain(sz/front/cut)=0/0/0
DBG t=49 used=0.019 remain=0.907 turn_time=0.0189936 end_in=0.0189936 cand_pre=28 cand_cap=20 cand=28->20 pre=28 pick(must/bucket/top/rand)=1/6/9/4 depth0=10 depth=5 dlog=4 dper=1 sims=1620 loop=1600 gen_time=0 eval_time=0.019 best_avg=-0.322239 best_move=1,5 leader=2 inc2=1 attack_w=0.572917 S0=30724 SA=34476 ratio=0.891174 my_comp=14 my_front=20 leader_comp=14 comp_gain(sz/front/cut)=0/0/0
DBG t=61 used=0.019 remain=0.676 turn_time=0.018512 end_in=0.018512 cand_pre=28 cand_cap=20 cand=28->20 pre=28 pick(must/bucket/top/rand)=1/5/10/4 depth0=10 depth=5 dlog=4 dper=1 sims=1444 loop=1424 gen_time=0 eval_time=0.019 best_avg=-0.384079 best_move=2,4 leader=2 inc2=1 attack_w=0.738906 S0=30609 SA=36692 ratio=0.834219 my_comp=15 my_front=22 leader_comp=15 comp_gain(sz/front/cut)=0/0/0
DBG t=74 used=0.019 remain=0.43 turn_time=0.0186306 end_in=0.0186306 cand_pre=19 cand_cap=20 cand=19->19 pre=19 pick(must/bucket/top/rand)=1/6/9/3 depth0=11 depth=7 dlog=4 dper=0 sims=1347 loop=1328 gen_time=0 eval_time=0.019 best_avg=-0.625569 best_move=3,4 leader=2 inc2=1 attack_w=0.85 S0=30643 SA=41775 ratio=0.733531 my_comp=8 my_front=16 leader_comp=18 comp_gain(sz/front/cut)=0/0/0
DBG t=86 used=0.017 remain=0.211 turn_time=0.0164881 end_in=0.0164881 cand_pre=24 cand_cap=20 cand=24->20 pre=24 pick(must/bucket/top/rand)=1/7/8/4 depth0=11 depth=6 dlog=4 dper=1 sims=1432 loop=1412 gen_time=0 eval_time=0.017 best_avg=-0.283497 best_move=4,2 leader=2 inc2=1 attack_w=0.85 S0=34428 SA=45239 ratio=0.76103 my_comp=11 my_front=20 leader_comp=2 comp_gain(sz/front/cut)=1/0/0
DBG depth_guard t=99 remain=0.011 cand_pre=26 depth0=0 depth=0
DBG t=99 used=0.007 remain=0.011 turn_time=0.0066 end_in=0.0066 cand_pre=26 cand_cap=12 cand=26->12 pre=26 pick(must/bucket/top/rand)=1/7/2/2 depth0=0 depth=0 dlog=4 dper=4 sims=8228 loop=8216 gen_time=0 eval_time=0.007 best_avg=-0.219227 best_move=5,6 leader=2 inc2=1 attack_w=0.85 S0=35417 SA=45173 ratio=0.784035 my_comp=12 my_front=24 leader_comp=3 comp_gain(sz/front/cut)=1/2/1
DBG summary depth_guard_fired=1
Score = 85043
=== CASE 0075.txt ===
DBG hdr N=10 M=6 T=100 U=2 VMAX=1825 TIME_LIMIT=1.94 MAX_CAND=20 UCB_C=0.21 OBJ=log(S0+1)-log(SA+1)
DBG t=0 used=0.024 remain=1.94 turn_time=0.0237456 end_in=0.0237456 cand_pre=4 cand_cap=20 cand=4->4 pre=4 pick(must/bucket/top/rand)=1/2/1/0 depth0=7 depth=6 dlog=1 dper=0 sims=3752 loop=3748 gen_time=0 eval_time=0.024 best_avg=-0.40738 best_move=4,6 leader=3 inc2=1 attack_w=0.85 S0=842 SA=1767 ratio=0.47681 my_comp=1 my_front=4 leader_comp=1 comp_gain(sz/front/cut)=1/2/0
DBG t=12 used=0.022 remain=1.667 turn_time=0.0212164 end_in=0.0212164 cand_pre=20 cand_cap=20 cand=20->20 pre=20 pick(must/bucket/top/rand)=1/5/10/4 depth0=7 depth=3 dlog=4 dper=0 sims=3644 loop=3624 gen_time=0 eval_time=0.022 best_avg=0.00138693 best_move=3,7 leader=1 inc2=1 attack_w=0.456184 S0=16412 SA=17532 ratio=0.93612 my_comp=8 my_front=16 leader_comp=5 comp_gain(sz/front/cut)=1/2/0
DBG t=24 used=0.02 remain=1.418 turn_time=0.0193203 end_in=0.0193203 cand_pre=33 cand_cap=20 cand=33->20 pre=33 pick(must/bucket/top/rand)=1/7/8/4 depth0=7 depth=2 dlog=4 dper=1 sims=3068 loop=3048 gen_time=0 eval_time=0.02 best_avg=0.0343431 best_move=4,7 leader=4 inc2=1 attack_w=0.2 S0=21733 SA=19610 ratio=1.10826 my_comp=13 my_front=28 leader_comp=13 comp_gain(sz/front/cut)=0/0/0
DBG t=37 used=0.019 remain=1.164 turn_time=0.0181713 end_in=0.0181713 cand_pre=41 cand_cap=20 cand=41->20 pre=41 pick(must/bucket/top/rand)=1/8/7/4 depth0=10 depth=3 dlog=5 dper=2 sims=2020 loop=2000 gen_time=0 eval_time=0.019 best_avg=0.125004 best_move=3,2 leader=4 inc2=1 attack_w=0.2 S0=27235 SA=22539 ratio=1.20834 my_comp=17 my_front=31 leader_comp=6 comp_gain(sz/front/cut)=1/0/0
DBG t=49 used=0.018 remain=0.943 turn_time=0.0173438 end_in=0.0173438 cand_pre=48 cand_cap=20 cand=48->20 pre=48 pick(must/bucket/top/rand)=1/6/9/4 depth0=10 depth=2 dlog=5 dper=3 sims=2340 loop=2320 gen_time=0 eval_time=0.018 best_avg=0.208177 best_move=4,3 leader=4 inc2=1 attack_w=0.2 S0=34132 SA=26305 ratio=1.29754 my_comp=22 my_front=36 leader_comp=9 comp_gain(sz/front/cut)=0/0/0
DBG t=61 used=0.019 remain=0.709 turn_time=0.018943 end_in=0.018943 cand_pre=32 cand_cap=20 cand=32->20 pre=32 pick(must/bucket/top/rand)=1/5/10/4 depth0=10 depth=5 dlog=4 dper=1 sims=1644 loop=1624 gen_time=0 eval_time=0.019 best_avg=-0.110721 best_move=0,3 leader=4 inc2=1 attack_w=0.2 S0=33388 SA=30766 ratio=1.08522 my_comp=16 my_front=24 leader_comp=1 comp_gain(sz/front/cut)=0/0/0
DBG t=74 used=0.018 remain=0.467 turn_time=0.0173149 end_in=0.0173149 cand_pre=44 cand_cap=20 cand=44->20 pre=44 pick(must/bucket/top/rand)=1/7/8/4 depth0=11 depth=3 dlog=5 dper=3 sims=1400 loop=1380 gen_time=0 eval_time=0.018 best_avg=-0.151084 best_move=5,3 leader=4 inc2=1 attack_w=0.698899 S0=31176 SA=36796 ratio=0.84727 my_comp=21 my_front=33 leader_comp=6 comp_gain(sz/front/cut)=1/-2/0
DBG t=86 used=0.018 remain=0.251 turn_time=0.0172831 end_in=0.0172831 cand_pre=44 cand_cap=20 cand=44->20 pre=44 pick(must/bucket/top/rand)=1/8/7/4 depth0=11 depth=3 dlog=5 dper=3 sims=1724 loop=1704 gen_time=0 eval_time=0.018 best_avg=0.00791698 best_move=7,6 leader=4 inc2=1 attack_w=0.663399 S0=31956 SA=37193 ratio=0.859198 my_comp=22 my_front=34 leader_comp=5 comp_gain(sz/front/cut)=0/0/0
DBG depth_guard t=99 remain=0.015 cand_pre=36 depth0=0 depth=0
DBG t=99 used=0.01 remain=0.015 turn_time=0.009 end_in=0.009 cand_pre=36 cand_cap=14 cand=36->14 pre=36 pick(must/bucket/top/rand)=1/4/6/3 depth0=0 depth=0 dlog=5 dper=4 sims=13746 loop=13732 gen_time=0 eval_time=0.01 best_avg=0.127045 best_move=5,2 leader=4 inc2=1 attack_w=0.2 S0=37315 SA=32828 ratio=1.13668 my_comp=18 my_front=27 leader_comp=3 comp_gain(sz/front/cut)=1/0/0
DBG summary depth_guard_fired=1
Score = 111358
=== CASE 0072.txt ===
DBG hdr N=10 M=7 T=100 U=5 VMAX=1951 TIME_LIMIT=1.94 MAX_CAND=20 UCB_C=0.21 OBJ=log(S0+1)-log(SA+1)
DBG t=0 used=0.024 remain=1.94 turn_time=0.0237456 end_in=0.0237456 cand_pre=4 cand_cap=20 cand=4->4 pre=4 pick(must/bucket/top/rand)=1/2/1/0 depth0=7 depth=6 dlog=1 dper=0 sims=3904 loop=3900 gen_time=0 eval_time=0.024 best_avg=-0.17865 best_move=9,8 leader=4 inc2=1 attack_w=0.794696 S0=1380 SA=1690 ratio=0.816677 my_comp=1 my_front=3 leader_comp=1 comp_gain(sz/front/cut)=0/0/0
DBG t=12 used=0.023 remain=1.656 turn_time=0.0225442 end_in=0.0225442 cand_pre=8 cand_cap=20 cand=8->8 pre=8 pick(must/bucket/top/rand)=1/6/1/0 depth0=7 depth=5 dlog=2 dper=0 sims=2760 loop=2752 gen_time=0 eval_time=0.023 best_avg=0.149687 best_move=9,8 leader=6 inc2=1 attack_w=0.2 S0=15584 SA=14264 ratio=1.09253 my_comp=4 my_front=5 leader_comp=7 comp_gain(sz/front/cut)=0/0/0
DBG t=24 used=0.022 remain=1.382 turn_time=0.0216665 end_in=0.0216665 cand_pre=9 cand_cap=20 cand=9->9 pre=9 pick(must/bucket/top/rand)=1/5/3/0 depth0=7 depth=4 dlog=3 dper=0 sims=3061 loop=3052 gen_time=0 eval_time=0.022 best_avg=0.343795 best_move=9,7 leader=5 inc2=1 attack_w=0.2 S0=24184 SA=18188 ratio=1.32965 my_comp=5 my_front=6 leader_comp=11 comp_gain(sz/front/cut)=0/0/0
DBG t=37 used=0.021 remain=1.099 turn_time=0.0205583 end_in=0.0205583 cand_pre=11 cand_cap=20 cand=11->11 pre=11 pick(must/bucket/top/rand)=1/7/3/0 depth0=10 depth=7 dlog=3 dper=0 sims=1839 loop=1828 gen_time=0 eval_time=0.021 best_avg=0.218839 best_move=8,9 leader=5 inc2=1 attack_w=0.2 S0=32339 SA=24496 ratio=1.32016 my_comp=6 my_front=7 leader_comp=16 comp_gain(sz/front/cut)=0/0/0
DBG t=49 used=0.02 remain=0.848 turn_time=0.0194874 end_in=0.0194874 cand_pre=12 cand_cap=20 cand=12->12 pre=12 pick(must/bucket/top/rand)=1/3/8/0 depth0=10 depth=7 dlog=3 dper=0 sims=1688 loop=1676 gen_time=0 eval_time=0.02 best_avg=0.0583324 best_move=5,8 leader=5 inc2=1 attack_w=0.295813 S0=34610 SA=34410 ratio=1.00581 my_comp=7 my_front=7 leader_comp=25 comp_gain(sz/front/cut)=1/2/0
DBG t=61 used=0.018 remain=0.614 turn_time=0.0177352 end_in=0.0177352 cand_pre=19 cand_cap=20 cand=19->19 pre=19 pick(must/bucket/top/rand)=1/4/11/3 depth0=10 depth=6 dlog=4 dper=0 sims=1595 loop=1576 gen_time=0 eval_time=0.018 best_avg=-0.0505728 best_move=8,8 leader=5 inc2=1 attack_w=0.56679 S0=40439 SA=45263 ratio=0.893425 my_comp=10 my_front=13 leader_comp=34 comp_gain(sz/front/cut)=0/0/0
DBG t=74 used=0.017 remain=0.38 turn_time=0.0161792 end_in=0.0161792 cand_pre=22 cand_cap=20 cand=22->20 pre=22 pick(must/bucket/top/rand)=1/6/9/4 depth0=11 depth=6 dlog=4 dper=1 sims=1352 loop=1332 gen_time=0 eval_time=0.017 best_avg=-0.180076 best_move=8,8 leader=5 inc2=1 attack_w=0.85 S0=45086 SA=58537 ratio=0.770218 my_comp=11 my_front=15 leader_comp=38 comp_gain(sz/front/cut)=0/0/0
DBG t=86 used=0.014 remain=0.191 turn_time=0.0138611 end_in=0.0138611 cand_pre=36 cand_cap=16 cand=36->16 pre=36 pick(must/bucket/top/rand)=1/7/4/4 depth0=11 depth=3 dlog=5 dper=3 sims=1496 loop=1480 gen_time=0 eval_time=0.014 best_avg=-0.0579214 best_move=6,2 leader=5 inc2=1 attack_w=0.577156 S0=51727 SA=58145 ratio=0.889623 my_comp=17 my_front=27 leader_comp=29 comp_gain(sz/front/cut)=1/2/0
DBG depth_guard t=99 remain=0.009 cand_pre=20 depth0=0 depth=0
DBG t=99 used=0.006 remain=0.009 turn_time=0.0054 end_in=0.0054 cand_pre=20 cand_cap=12 cand=20->12 pre=20 pick(must/bucket/top/rand)=1/6/3/2 depth0=0 depth=0 dlog=4 dper=4 sims=6380 loop=6368 gen_time=0 eval_time=0.006 best_avg=-0.138214 best_move=5,3 leader=5 inc2=1 attack_w=0.661008 S0=53847 SA=62612 ratio=0.860013 my_comp=9 my_front=18 leader_comp=29 comp_gain(sz/front/cut)=5/10/1
DBG summary depth_guard_fired=1
Score = 88530
=== CASE 0076.txt ===
DBG hdr N=10 M=2 T=100 U=5 VMAX=1499 TIME_LIMIT=1.94 MAX_CAND=20 UCB_C=0.21 OBJ=log(S0+1)-log(SA+1)
DBG t=0 used=0.024 remain=1.94 turn_time=0.0236195 end_in=0.0236195 cand_pre=5 cand_cap=20 cand=5->5 pre=5 pick(must/bucket/top/rand)=1/2/2/0 depth0=7 depth=5 dlog=2 dper=0 sims=7989 loop=7984 gen_time=0 eval_time=0.024 best_avg=0.266505 best_move=7,3 leader=1 inc2=1 attack_w=0.13 S0=1061 SA=864 ratio=1.22775 my_comp=1 my_front=4 leader_comp=1 comp_gain(sz/front/cut)=1/2/0
DBG t=12 used=0.022 remain=1.659 turn_time=0.0218498 end_in=0.0218498 cand_pre=14 cand_cap=20 cand=14->14 pre=14 pick(must/bucket/top/rand)=1/2/11/0 depth0=7 depth=4 dlog=3 dper=0 sims=6158 loop=6144 gen_time=0 eval_time=0.022 best_avg=0.341453 best_move=8,4 leader=1 inc2=1 attack_w=0.2 S0=18450 SA=13092 ratio=1.40923 my_comp=5 my_front=11 leader_comp=5 comp_gain(sz/front/cut)=0/0/0
DBG t=24 used=0.022 remain=1.395 turn_time=0.0210351 end_in=0.0210351 cand_pre=16 cand_cap=20 cand=16->16 pre=16 pick(must/bucket/top/rand)=1/2/13/0 depth0=7 depth=4 dlog=3 dper=0 sims=5136 loop=5120 gen_time=0 eval_time=0.022 best_avg=0.383833 best_move=7,4 leader=1 inc2=1 attack_w=0.2 S0=35289 SA=23616 ratio=1.49426 my_comp=7 my_front=10 leader_comp=10 comp_gain(sz/front/cut)=0/0/0
DBG t=37 used=0.02 remain=1.125 turn_time=0.0197679 end_in=0.0197679 cand_pre=22 cand_cap=20 cand=22->20 pre=22 pick(must/bucket/top/rand)=1/2/13/4 depth0=10 depth=6 dlog=4 dper=0 sims=2752 loop=2732 gen_time=0 eval_time=0.02 best_avg=0.387384 best_move=7,7 leader=1 inc2=1 attack_w=0.2 S0=53011 SA=35578 ratio=1.48998 my_comp=10 my_front=15 leader_comp=11 comp_gain(sz/front/cut)=1/2/0
DBG t=49 used=0.019 remain=0.889 turn_time=0.01873 end_in=0.01873 cand_pre=27 cand_cap=20 cand=27->20 pre=27 pick(must/bucket/top/rand)=1/3/12/4 depth0=10 depth=5 dlog=4 dper=1 sims=2552 loop=2532 gen_time=0 eval_time=0.019 best_avg=0.389232 best_move=6,6 leader=1 inc2=1 attack_w=0.2 S0=69668 SA=47067 ratio=1.48018 my_comp=13 my_front=19 leader_comp=14 comp_gain(sz/front/cut)=0/0/0
DBG t=61 used=0.019 remain=0.661 turn_time=0.0181012 end_in=0.0181012 cand_pre=28 cand_cap=20 cand=28->20 pre=28 pick(must/bucket/top/rand)=1/3/12/4 depth0=10 depth=5 dlog=4 dper=1 sims=2404 loop=2384 gen_time=0 eval_time=0.019 best_avg=0.376516 best_move=7,5 leader=1 inc2=1 attack_w=0.2 S0=85711 SA=58127 ratio=1.47454 my_comp=14 my_front=17 leader_comp=17 comp_gain(sz/front/cut)=0/0/0
DBG t=74 used=0.017 remain=0.419 turn_time=0.0165827 end_in=0.0165827 cand_pre=34 cand_cap=20 cand=34->20 pre=34 pick(must/bucket/top/rand)=1/3/12/4 depth0=11 depth=5 dlog=4 dper=2 sims=1724 loop=1704 gen_time=0 eval_time=0.017 best_avg=0.391381 best_move=8,8 leader=1 inc2=1 attack_w=0.2 S0=102969 SA=68386 ratio=1.5057 my_comp=18 my_front=22 leader_comp=24 comp_gain(sz/front/cut)=0/0/0
DBG t=86 used=0.016 remain=0.218 turn_time=0.0154157 end_in=0.0154157 cand_pre=40 cand_cap=20 cand=40->20 pre=40 pick(must/bucket/top/rand)=1/6/9/4 depth0=11 depth=3 dlog=5 dper=3 sims=1760 loop=1740 gen_time=0 eval_time=0.016 best_avg=0.392292 best_move=4,7 leader=1 inc2=1 attack_w=0.2 S0=115716 SA=78311 ratio=1.47764 my_comp=22 my_front=27 leader_comp=25 comp_gain(sz/front/cut)=1/2/1
DBG depth_guard t=99 remain=0.016 cand_pre=45 depth0=0 depth=0
DBG t=99 used=0.01 remain=0.016 turn_time=0.0096 end_in=0.0096 cand_pre=45 cand_cap=14 cand=45->14 pre=42 pick(must/bucket/top/rand)=1/6/4/3 depth0=0 depth=0 dlog=5 dper=5 sims=19922 loop=19908 gen_time=0 eval_time=0.01 best_avg=0.428998 best_move=2,7 leader=1 inc2=1 attack_w=0.2 S0=120161 SA=78349 ratio=1.53366 my_comp=25 my_front=31 leader_comp=28 comp_gain(sz/front/cut)=0/0/0
DBG summary depth_guard_fired=1
Score = 135335
=== CASE 0077.txt ===
DBG hdr N=10 M=5 T=100 U=4 VMAX=2029 TIME_LIMIT=1.94 MAX_CAND=20 UCB_C=0.21 OBJ=log(S0+1)-log(SA+1)
DBG t=0 used=0.024 remain=1.94 turn_time=0.0238717 end_in=0.0238717 cand_pre=3 cand_cap=20 cand=3->3 pre=3 pick(must/bucket/top/rand)=1/2/0/0 depth0=7 depth=6 dlog=1 dper=0 sims=4891 loop=4888 gen_time=0 eval_time=0.024 best_avg=-0.35197 best_move=9,9 leader=3 inc2=1 attack_w=0.814863 S0=1556 SA=1920 ratio=0.810515 my_comp=1 my_front=2 leader_comp=1 comp_gain(sz/front/cut)=0/0/0
DBG t=12 used=0.023 remain=1.656 turn_time=0.0224219 end_in=0.0224219 cand_pre=9 cand_cap=20 cand=9->9 pre=9 pick(must/bucket/top/rand)=1/2/6/0 depth0=7 depth=4 dlog=3 dper=0 sims=4329 loop=4320 gen_time=0 eval_time=0.023 best_avg=-0.126405 best_move=9,8 leader=3 inc2=0 attack_w=0.433177 S0=19211 SA=20318 ratio=0.945519 my_comp=5 my_front=7 leader_comp=7 comp_gain(sz/front/cut)=0/0/0
DBG t=24 used=0.021 remain=1.389 turn_time=0.0207071 end_in=0.0207071 cand_pre=18 cand_cap=20 cand=18->18 pre=18 pick(must/bucket/top/rand)=1/4/11/2 depth0=7 depth=3 dlog=4 dper=0 sims=3682 loop=3664 gen_time=0 eval_time=0.021 best_avg=-0.231619 best_move=9,6 leader=3 inc2=0 attack_w=0.674622 S0=30545 SA=35709 ratio=0.855391 my_comp=9 my_front=13 leader_comp=11 comp_gain(sz/front/cut)=0/0/0
DBG t=37 used=0.02 remain=1.118 turn_time=0.0195295 end_in=0.0195295 cand_pre=23 cand_cap=20 cand=23->20 pre=23 pick(must/bucket/top/rand)=1/4/11/4 depth0=10 depth=6 dlog=4 dper=0 sims=1944 loop=1924 gen_time=0 eval_time=0.02 best_avg=-0.244412 best_move=4,7 leader=3 inc2=0 attack_w=0.424576 S0=42720 SA=45012 ratio=0.949081 my_comp=12 my_front=15 leader_comp=4 comp_gain(sz/front/cut)=0/0/0
DBG t=49 used=0.018 remain=0.885 turn_time=0.0178562 end_in=0.0178562 cand_pre=34 cand_cap=20 cand=34->20 pre=34 pick(must/bucket/top/rand)=1/5/10/4 depth0=10 depth=4 dlog=4 dper=2 sims=1720 loop=1700 gen_time=0 eval_time=0.018 best_avg=-0.188485 best_move=4,5 leader=3 inc2=0 attack_w=0.606228 S0=50279 SA=57192 ratio=0.879129 my_comp=18 my_front=24 leader_comp=17 comp_gain(sz/front/cut)=0/0/0
DBG t=61 used=0.018 remain=0.667 turn_time=0.0177097 end_in=0.0177097 cand_pre=33 cand_cap=20 cand=33->20 pre=33 pick(must/bucket/top/rand)=1/8/7/4 depth0=10 depth=4 dlog=4 dper=2 sims=1480 loop=1460 gen_time=0 eval_time=0.018 best_avg=-0.17775 best_move=4,3 leader=3 inc2=1 attack_w=0.639502 S0=53896 SA=62134 ratio=0.867418 my_comp=18 my_front=22 leader_comp=16 comp_gain(sz/front/cut)=0/0/0
DBG t=74 used=0.017 remain=0.432 turn_time=0.0166652 end_in=0.0166652 cand_pre=38 cand_cap=20 cand=38->20 pre=38 pick(must/bucket/top/rand)=1/7/8/4 depth0=11 depth=4 dlog=5 dper=2 sims=1372 loop=1352 gen_time=0 eval_time=0.017 best_avg=0.0654643 best_move=3,4 leader=3 inc2=1 attack_w=0.2 S0=63056 SA=58987 ratio=1.06898 my_comp=21 my_front=26 leader_comp=14 comp_gain(sz/front/cut)=0/0/0
DBG t=86 used=0.017 remain=0.225 turn_time=0.0160152 end_in=0.0160152 cand_pre=39 cand_cap=20 cand=39->20 pre=39 pick(must/bucket/top/rand)=1/8/7/4 depth0=11 depth=4 dlog=5 dper=2 sims=1368 loop=1348 gen_time=0 eval_time=0.017 best_avg=0.0951264 best_move=4,5 leader=3 inc2=1 attack_w=0.2 S0=70581 SA=63827 ratio=1.10582 my_comp=21 my_front=28 leader_comp=16 comp_gain(sz/front/cut)=0/0/0
DBG depth_guard t=99 remain=0.014 cand_pre=35 depth0=0 depth=0
DBG t=99 used=0.009 remain=0.014 turn_time=0.0084 end_in=0.0084 cand_pre=35 cand_cap=14 cand=35->14 pre=35 pick(must/bucket/top/rand)=1/8/2/3 depth0=0 depth=0 dlog=4 dper=4 sims=9394 loop=9380 gen_time=0 eval_time=0.009 best_avg=0.222562 best_move=7,8 leader=3 inc2=1 attack_w=0.2 S0=78423 SA=62314 ratio=1.25851 my_comp=20 my_front=28 leader_comp=3 comp_gain(sz/front/cut)=0/0/0
DBG summary depth_guard_fired=1
Score = 116706
=== CASE 0080.txt ===
DBG hdr N=10 M=2 T=100 U=2 VMAX=1532 TIME_LIMIT=1.94 MAX_CAND=20 UCB_C=0.21 OBJ=log(S0+1)-log(SA+1)
DBG t=0 used=0.024 remain=1.94 turn_time=0.0237456 end_in=0.0237456 cand_pre=4 cand_cap=20 cand=4->4 pre=4 pick(must/bucket/top/rand)=1/2/1/0 depth0=7 depth=6 dlog=1 dper=0 sims=7212 loop=7208 gen_time=0 eval_time=0.024 best_avg=-0.059656 best_move=3,8 leader=1 inc2=1 attack_w=0.557008 S0=879 SA=980 ratio=0.897044 my_comp=1 my_front=3 leader_comp=1 comp_gain(sz/front/cut)=1/2/0
DBG t=12 used=0.021 remain=1.673 turn_time=0.0206749 end_in=0.0206749 cand_pre=25 cand_cap=20 cand=25->20 pre=25 pick(must/bucket/top/rand)=1/4/11/4 depth0=7 depth=3 dlog=4 dper=0 sims=1984 loop=1964 gen_time=0 eval_time=0.021 best_avg=0.383586 best_move=6,3 leader=1 inc2=1 attack_w=0.2 S0=11466 SA=9348 ratio=1.22655 my_comp=10 my_front=21 leader_comp=6 comp_gain(sz/front/cut)=1/2/2
DBG t=24 used=0.02 remain=1.423 turn_time=0.0192667 end_in=0.0192667 cand_pre=34 cand_cap=20 cand=34->20 pre=34 pick(must/bucket/top/rand)=1/5/10/4 depth0=7 depth=2 dlog=4 dper=1 sims=4496 loop=4476 gen_time=0 eval_time=0.02 best_avg=1.72771 best_move=7,4 leader=1 inc2=1 attack_w=0.2 S0=17755 SA=3937 ratio=4.50889 my_comp=14 my_front=29 leader_comp=1 comp_gain(sz/front/cut)=0/0/0
DBG t=37 used=0.019 remain=1.173 turn_time=0.0181908 end_in=0.0181908 cand_pre=42 cand_cap=20 cand=42->20 pre=42 pick(must/bucket/top/rand)=1/5/10/4 depth0=10 depth=3 dlog=5 dper=2 sims=2608 loop=2588 gen_time=0 eval_time=0.019 best_avg=2.18004 best_move=7,5 leader=1 inc2=1 attack_w=0.13 S0=26038 SA=2240 ratio=11.6194 my_comp=19 my_front=35 leader_comp=2 comp_gain(sz/front/cut)=1/-2/1
DBG t=49 used=0.018 remain=0.951 turn_time=0.0174909 end_in=0.0174909 cand_pre=48 cand_cap=20 cand=48->20 pre=48 pick(must/bucket/top/rand)=1/4/11/4 depth0=10 depth=2 dlog=5 dper=3 sims=2344 loop=2324 gen_time=0 eval_time=0.018 best_avg=2.80457 best_move=7,6 leader=1 inc2=1 attack_w=0.13 S0=32741 SA=1031 ratio=31.7267 my_comp=23 my_front=39 leader_comp=1 comp_gain(sz/front/cut)=0/0/0
DBG t=61 used=0.017 remain=0.738 turn_time=0.0167658 end_in=0.0167658 cand_pre=56 cand_cap=20 cand=56->20 pre=56 pick(must/bucket/top/rand)=1/3/12/4 depth0=10 depth=1 dlog=5 dper=4 sims=1912 loop=1892 gen_time=0 eval_time=0.017 best_avg=2.97249 best_move=5,7 leader=1 inc2=1 attack_w=0.13 S0=40319 SA=2106 ratio=19.1362 my_comp=27 my_front=45 leader_comp=1 comp_gain(sz/front/cut)=1/2/0
DBG t=74 used=0.017 remain=0.515 turn_time=0.0166484 end_in=0.0166484 cand_pre=63 cand_cap=14 cand=63->14 pre=42 pick(must/bucket/top/rand)=1/3/7/3 depth0=11 depth=2 dlog=5 dper=4 sims=1546 loop=1532 gen_time=0 eval_time=0.017 best_avg=2.84397 best_move=4,6 leader=1 inc2=1 attack_w=0.13 S0=47107 SA=2106 ratio=22.3579 my_comp=32 my_front=50 leader_comp=1 comp_gain(sz/front/cut)=0/0/0
DBG t=86 used=0.018 remain=0.303 turn_time=0.0176281 end_in=0.0176281 cand_pre=67 cand_cap=14 cand=67->14 pre=42 pick(must/bucket/top/rand)=1/3/7/3 depth0=11 depth=2 dlog=5 dper=4 sims=1418 loop=1404 gen_time=0 eval_time=0.018 best_avg=2.98389 best_move=6,6 leader=1 inc2=1 attack_w=0.13 S0=53622 SA=2106 ratio=25.4499 my_comp=38 my_front=50 leader_comp=1 comp_gain(sz/front/cut)=0/0/0
DBG t=99 used=0.023 remain=0.037 turn_time=0.0222 end_in=0.0222 cand_pre=69 cand_cap=14 cand=69->14 pre=42 pick(must/bucket/top/rand)=1/2/8/3 depth0=0 depth=0 dlog=5 dper=3 sims=105866 loop=105852 gen_time=0 eval_time=0.023 best_avg=3.35493 best_move=9,3 leader=1 inc2=1 attack_w=0.13 S0=60309 SA=2106 ratio=28.6236 my_comp=41 my_front=51 leader_comp=1 comp_gain(sz/front/cut)=1/-1/0
DBG summary depth_guard_fired=0
Score = 488888
=== CASE 0079.txt ===
DBG hdr N=10 M=5 T=100 U=1 VMAX=1929 TIME_LIMIT=1.94 MAX_CAND=20 UCB_C=0.21 OBJ=log(S0+1)-log(SA+1)
DBG t=0 used=0.024 remain=1.94 turn_time=0.0238717 end_in=0.0238717 cand_pre=3 cand_cap=20 cand=3->3 pre=3 pick(must/bucket/top/rand)=1/2/0/0 depth0=7 depth=6 dlog=1 dper=0 sims=3983 loop=3980 gen_time=0 eval_time=0.024 best_avg=-0.306674 best_move=1,9 leader=3 inc2=1 attack_w=0.85 S0=747 SA=1753 ratio=0.426454 my_comp=1 my_front=2 leader_comp=1 comp_gain(sz/front/cut)=1/1/0
DBG t=12 used=0.021 remain=1.666 turn_time=0.0208345 end_in=0.0208345 cand_pre=23 cand_cap=20 cand=23->20 pre=23 pick(must/bucket/top/rand)=1/5/10/4 depth0=7 depth=3 dlog=4 dper=0 sims=1908 loop=1888 gen_time=0 eval_time=0.021 best_avg=0.264432 best_move=7,7 leader=2 inc2=1 attack_w=0.2 S0=16104 SA=10614 ratio=1.51719 my_comp=12 my_front=16 leader_comp=13 comp_gain(sz/front/cut)=1/2/0
DBG t=24 used=0.02 remain=1.425 turn_time=0.0191719 end_in=0.0191719 cand_pre=35 cand_cap=20 cand=35->20 pre=35 pick(must/bucket/top/rand)=1/5/10/4 depth0=7 depth=1 dlog=4 dper=2 sims=5048 loop=5028 gen_time=0 eval_time=0.02 best_avg=0.858113 best_move=5,9 leader=4 inc2=0 attack_w=0.2 S0=23916 SA=11631 ratio=2.05614 my_comp=18 my_front=28 leader_comp=6 comp_gain(sz/front/cut)=1/1/3
DBG t=37 used=0.021 remain=1.16 turn_time=0.0206222 end_in=0.0206222 cand_pre=20 cand_cap=20 cand=20->20 pre=20 pick(must/bucket/top/rand)=1/6/9/4 depth0=10 depth=6 dlog=4 dper=0 sims=2256 loop=2236 gen_time=0 eval_time=0.021 best_avg=1.00525 best_move=7,6 leader=4 inc2=1 attack_w=0.2 S0=29038 SA=11065 ratio=2.62416 my_comp=9 my_front=15 leader_comp=5 comp_gain(sz/front/cut)=1/0/1
DBG t=49 used=0.017 remain=0.935 turn_time=0.0166008 end_in=0.0166008 cand_pre=53 cand_cap=20 cand=53->20 pre=53 pick(must/bucket/top/rand)=1/6/9/4 depth0=10 depth=2 dlog=5 dper=3 sims=1548 loop=1528 gen_time=0 eval_time=0.017 best_avg=1.61263 best_move=8,2 leader=2 inc2=0 attack_w=0.2 S0=37868 SA=8502 ratio=4.4536 my_comp=30 my_front=35 leader_comp=3 comp_gain(sz/front/cut)=1/0/0
DBG t=61 used=0.022 remain=0.675 turn_time=0.0212971 end_in=0.0212971 cand_pre=3 cand_cap=20 cand=3->3 pre=3 pick(must/bucket/top/rand)=1/2/0/0 depth0=10 depth=9 dlog=1 dper=0 sims=2099 loop=2096 gen_time=0 eval_time=0.022 best_avg=1.32931 best_move=9,8 leader=1 inc2=1 attack_w=0.2 S0=37224 SA=7270 ratio=5.11965 my_comp=1 my_front=3 leader_comp=4 comp_gain(sz/front/cut)=0/0/0
DBG t=74 used=0.018 remain=0.442 turn_time=0.017051 end_in=0.017051 cand_pre=38 cand_cap=20 cand=38->20 pre=38 pick(must/bucket/top/rand)=1/6/9/4 depth0=11 depth=4 dlog=5 dper=2 sims=1424 loop=1404 gen_time=0 eval_time=0.018 best_avg=1.54245 best_move=5,7 leader=1 inc2=1 attack_w=0.2 S0=35807 SA=7328 ratio=4.8858 my_comp=20 my_front=27 leader_comp=4 comp_gain(sz/front/cut)=11/10/0
DBG t=86 used=0.016 remain=0.248 turn_time=0.0156949 end_in=0.0156949 cand_pre=56 cand_cap=20 cand=56->20 pre=56 pick(must/bucket/top/rand)=1/4/11/4 depth0=11 depth=2 dlog=5 dper=4 sims=996 loop=976 gen_time=0 eval_time=0.016 best_avg=1.60751 best_move=7,6 leader=1 inc2=0 attack_w=0.2 S0=42593 SA=6709 ratio=6.34784 my_comp=34 my_front=41 leader_comp=4 comp_gain(sz/front/cut)=1/-2/1
DBG t=99 used=0.014 remain=0.023 turn_time=0.0138 end_in=0.0138 cand_pre=60 cand_cap=16 cand=60->16 pre=48 pick(must/bucket/top/rand)=1/5/6/4 depth0=0 depth=0 dlog=5 dper=4 sims=36792 loop=36776 gen_time=0 eval_time=0.014 best_avg=2.09609 best_move=6,8 leader=3 inc2=0 attack_w=0.2 S0=43899 SA=5492 ratio=7.99199 my_comp=37 my_front=41 leader_comp=3 comp_gain(sz/front/cut)=1/0/2
DBG summary depth_guard_fired=0
Score = 316648
=== CASE 0078.txt ===
DBG hdr N=10 M=6 T=100 U=4 VMAX=1796 TIME_LIMIT=1.94 MAX_CAND=20 UCB_C=0.21 OBJ=log(S0+1)-log(SA+1)
DBG t=0 used=0.024 remain=1.94 turn_time=0.0237456 end_in=0.0237456 cand_pre=4 cand_cap=20 cand=4->4 pre=4 pick(must/bucket/top/rand)=1/2/1/0 depth0=7 depth=6 dlog=1 dper=0 sims=3356 loop=3352 gen_time=0 eval_time=0.024 best_avg=-0.476545 best_move=6,1 leader=2 inc2=1 attack_w=0.85 S0=880 SA=1358 ratio=0.648271 my_comp=1 my_front=3 leader_comp=1 comp_gain(sz/front/cut)=1/2/0
DBG t=12 used=0.022 remain=1.668 turn_time=0.0214755 end_in=0.0214755 cand_pre=18 cand_cap=20 cand=18->18 pre=18 pick(must/bucket/top/rand)=1/5/10/2 depth0=7 depth=3 dlog=4 dper=0 sims=1818 loop=1800 gen_time=0 eval_time=0.022 best_avg=-0.12592 best_move=6,1 leader=1 inc2=1 attack_w=0.824006 S0=12356 SA=15297 ratio=0.807753 my_comp=6 my_front=13 leader_comp=10 comp_gain(sz/front/cut)=0/0/0
DBG t=24 used=0.021 remain=1.407 turn_time=0.0208551 end_in=0.0208551 cand_pre=19 cand_cap=20 cand=19->19 pre=19 pick(must/bucket/top/rand)=1/6/9/3 depth0=7 depth=3 dlog=4 dper=0 sims=3575 loop=3556 gen_time=0 eval_time=0.021 best_avg=-0.137539 best_move=6,5 leader=1 inc2=1 attack_w=0.681174 S0=17979 SA=21073 ratio=0.853184 my_comp=7 my_front=15 leader_comp=5 comp_gain(sz/front/cut)=0/0/0
DBG t=37 used=0.021 remain=1.135 turn_time=0.0200607 end_in=0.0200607 cand_pre=21 cand_cap=20 cand=21->20 pre=21 pick(must/bucket/top/rand)=1/5/10/4 depth0=10 depth=6 dlog=4 dper=0 sims=1868 loop=1848 gen_time=0 eval_time=0.021 best_avg=-0.0224671 best_move=7,2 leader=1 inc2=1 attack_w=0.218115 S0=24183 SA=23176 ratio=1.04345 my_comp=9 my_front=19 leader_comp=9 comp_gain(sz/front/cut)=1/0/0
DBG t=49 used=0.02 remain=0.894 turn_time=0.0190632 end_in=0.0190632 cand_pre=25 cand_cap=20 cand=25->20 pre=25 pick(must/bucket/top/rand)=1/7/8/4 depth0=10 depth=6 dlog=4 dper=0 sims=1752 loop=1732 gen_time=0 eval_time=0.02 best_avg=-0.0212894 best_move=5,5 leader=3 inc2=1 attack_w=0.2 S0=27098 SA=24307 ratio=1.11482 my_comp=11 my_front=19 leader_comp=6 comp_gain(sz/front/cut)=1/2/0
DBG t=61 used=0.019 remain=0.665 turn_time=0.0182108 end_in=0.0182108 cand_pre=28 cand_cap=20 cand=28->20 pre=28 pick(must/bucket/top/rand)=1/7/8/4 depth0=10 depth=5 dlog=4 dper=1 sims=1812 loop=1792 gen_time=0 eval_time=0.019 best_avg=0.0337479 best_move=5,5 leader=3 inc2=1 attack_w=0.2 S0=33387 SA=29376 ratio=1.13654 my_comp=13 my_front=21 leader_comp=7 comp_gain(sz/front/cut)=0/0/0
DBG t=74 used=0.018 remain=0.427 turn_time=0.0175398 end_in=0.0175398 cand_pre=28 cand_cap=20 cand=28->20 pre=28 pick(must/bucket/top/rand)=1/6/9/4 depth0=11 depth=6 dlog=4 dper=1 sims=1448 loop=1428 gen_time=0 eval_time=0.018 best_avg=0.074671 best_move=7,3 leader=3 inc2=1 attack_w=0.2 S0=38438 SA=35992 ratio=1.06796 my_comp=14 my_front=19 leader_comp=8 comp_gain(sz/front/cut)=0/0/0
DBG t=86 used=0.017 remain=0.215 turn_time=0.0164014 end_in=0.0164014 cand_pre=28 cand_cap=20 cand=28->20 pre=28 pick(must/bucket/top/rand)=1/6/9/4 depth0=11 depth=6 dlog=4 dper=1 sims=876 loop=856 gen_time=0 eval_time=0.017 best_avg=0.0212308 best_move=8,3 leader=3 inc2=1 attack_w=0.2 S0=41246 SA=37415 ratio=1.10239 my_comp=15 my_front=18 leader_comp=9 comp_gain(sz/front/cut)=1/0/0
DBG depth_guard t=99 remain=0.011 cand_pre=31 depth0=0 depth=0
DBG t=99 used=0.007 remain=0.011 turn_time=0.0066 end_in=0.0066 cand_pre=31 cand_cap=12 cand=31->12 pre=31 pick(must/bucket/top/rand)=1/6/3/2 depth0=0 depth=0 dlog=4 dper=5 sims=9684 loop=9672 gen_time=0 eval_time=0.007 best_avg=0.154118 best_move=6,1 leader=5 inc2=1 attack_w=0.2 S0=44075 SA=37752 ratio=1.16748 my_comp=16 my_front=18 leader_comp=20 comp_gain(sz/front/cut)=0/0/0
DBG summary depth_guard_fired=1
Score = 113201
=== CASE 0081.txt ===
DBG hdr N=10 M=3 T=100 U=5 VMAX=1476 TIME_LIMIT=1.94 MAX_CAND=20 UCB_C=0.21 OBJ=log(S0+1)-log(SA+1)
DBG t=0 used=0.024 remain=1.94 turn_time=0.0236195 end_in=0.0236195 cand_pre=5 cand_cap=20 cand=5->5 pre=5 pick(must/bucket/top/rand)=1/2/2/0 depth0=7 depth=5 dlog=2 dper=0 sims=6785 loop=6780 gen_time=0 eval_time=0.024 best_avg=-0.215252 best_move=2,3 leader=2 inc2=1 attack_w=0.85 S0=954 SA=1383 ratio=0.690029 my_comp=1 my_front=4 leader_comp=1 comp_gain(sz/front/cut)=1/2/0
DBG t=12 used=0.022 remain=1.664 turn_time=0.021424 end_in=0.021424 cand_pre=18 cand_cap=20 cand=18->18 pre=18 pick(must/bucket/top/rand)=1/5/10/2 depth0=7 depth=3 dlog=4 dper=0 sims=3182 loop=3164 gen_time=0 eval_time=0.022 best_avg=0.00329495 best_move=4,4 leader=2 inc2=1 attack_w=0.396818 S0=17825 SA=18553 ratio=0.960763 my_comp=7 my_front=14 leader_comp=5 comp_gain(sz/front/cut)=1/2/0
DBG t=24 used=0.022 remain=1.398 turn_time=0.0216782 end_in=0.0216782 cand_pre=11 cand_cap=20 cand=11->11 pre=11 pick(must/bucket/top/rand)=1/6/4/0 depth0=7 depth=4 dlog=3 dper=0 sims=5983 loop=5972 gen_time=0 eval_time=0.022 best_avg=0.866899 best_move=8,3 leader=1 inc2=1 attack_w=0.2 S0=24823 SA=13807 ratio=1.7978 my_comp=4 my_front=10 leader_comp=3 comp_gain(sz/front/cut)=1/2/0
DBG t=37 used=0.019 remain=1.122 turn_time=0.0182102 end_in=0.0182102 cand_pre=35 cand_cap=20 cand=35->20 pre=35 pick(must/bucket/top/rand)=1/6/9/4 depth0=10 depth=4 dlog=4 dper=2 sims=2776 loop=2756 gen_time=0 eval_time=0.019 best_avg=0.91266 best_move=3,5 leader=1 inc2=1 attack_w=0.2 S0=34527 SA=15691 ratio=2.20036 my_comp=15 my_front=29 leader_comp=5 comp_gain(sz/front/cut)=1/0/0
DBG t=49 used=0.021 remain=0.889 turn_time=0.0203163 end_in=0.0203163 cand_pre=13 cand_cap=20 cand=13->13 pre=13 pick(must/bucket/top/rand)=1/6/6/0 depth0=10 depth=7 dlog=3 dper=0 sims=2841 loop=2828 gen_time=0 eval_time=0.021 best_avg=0.96123 best_move=5,6 leader=1 inc2=1 attack_w=0.2 S0=43765 SA=15521 ratio=2.81961 my_comp=4 my_front=10 leader_comp=1 comp_gain(sz/front/cut)=0/0/0
DBG t=61 used=0.016 remain=0.671 turn_time=0.0156911 end_in=0.0156911 cand_pre=52 cand_cap=20 cand=52->20 pre=52 pick(must/bucket/top/rand)=1/8/7/4 depth0=10 depth=2 dlog=5 dper=3 sims=1904 loop=1884 gen_time=0 eval_time=0.016 best_avg=0.909719 best_move=1,3 leader=1 inc2=1 attack_w=0.2 S0=51868 SA=20025 ratio=2.59008 my_comp=26 my_front=44 leader_comp=3 comp_gain(sz/front/cut)=1/2/1
DBG t=74 used=0.017 remain=0.462 turn_time=0.01609 end_in=0.01609 cand_pre=53 cand_cap=20 cand=53->20 pre=53 pick(must/bucket/top/rand)=1/7/8/4 depth0=11 depth=3 dlog=5 dper=3 sims=1772 loop=1752 gen_time=0 eval_time=0.017 best_avg=0.647175 best_move=2,7 leader=2 inc2=1 attack_w=0.2 S0=61417 SA=29566 ratio=2.07725 my_comp=27 my_front=46 leader_comp=5 comp_gain(sz/front/cut)=0/0/0
DBG t=86 used=0.019 remain=0.258 turn_time=0.0169266 end_in=0.0169266 cand_pre=51 cand_cap=20 cand=51->20 pre=51 pick(must/bucket/top/rand)=1/7/8/4 depth0=11 depth=3 dlog=5 dper=3 sims=1240 loop=1220 gen_time=0 eval_time=0.019 best_avg=0.754248 best_move=4,8 leader=1 inc2=1 attack_w=0.2 S0=66565 SA=32415 ratio=2.05349 my_comp=25 my_front=43 leader_comp=8 comp_gain(sz/front/cut)=0/0/0
DBG t=99 used=0.013 remain=0.02 turn_time=0.012 end_in=0.012 cand_pre=46 cand_cap=16 cand=46->16 pre=46 pick(must/bucket/top/rand)=1/8/3/4 depth0=0 depth=0 dlog=5 dper=4 sims=31256 loop=31240 gen_time=0 eval_time=0.013 best_avg=0.770768 best_move=2,7 leader=2 inc2=1 attack_w=0.2 S0=76921 SA=35316 ratio=2.17804 my_comp=23 my_front=39 leader_comp=7 comp_gain(sz/front/cut)=0/0/0
DBG summary depth_guard_fired=0
Score = 165553
=== CASE 0082.txt ===
DBG hdr N=10 M=8 T=100 U=1 VMAX=1915 TIME_LIMIT=1.94 MAX_CAND=20 UCB_C=0.21 OBJ=log(S0+1)-log(SA+1)
DBG t=0 used=0.024 remain=1.94 turn_time=0.0237456 end_in=0.0237456 cand_pre=4 cand_cap=20 cand=4->4 pre=4 pick(must/bucket/top/rand)=1/2/1/0 depth0=7 depth=6 dlog=1 dper=0 sims=2920 loop=2916 gen_time=0 eval_time=0.024 best_avg=-0.115293 best_move=9,6 leader=5 inc2=1 attack_w=0.549887 S0=1183 SA=1315 ratio=0.899696 my_comp=1 my_front=3 leader_comp=1 comp_gain(sz/front/cut)=1/1/0
DBG t=12 used=0.021 remain=1.669 turn_time=0.0201323 end_in=0.0201323 cand_pre=29 cand_cap=20 cand=29->20 pre=29 pick(must/bucket/top/rand)=1/5/10/4 depth0=7 depth=2 dlog=4 dper=1 sims=1976 loop=1956 gen_time=0 eval_time=0.021 best_avg=0.575506 best_move=6,0 leader=6 inc2=1 attack_w=0.2 S0=15233 SA=12074 ratio=1.26161 my_comp=12 my_front=23 leader_comp=3 comp_gain(sz/front/cut)=1/1/0
DBG t=24 used=0.02 remain=1.416 turn_time=0.0198985 end_in=0.0198985 cand_pre=28 cand_cap=20 cand=28->20 pre=28 pick(must/bucket/top/rand)=1/2/13/4 depth0=7 depth=2 dlog=4 dper=1 sims=2920 loop=2900 gen_time=0 eval_time=0.02 best_avg=0.748908 best_move=5,2 leader=4 inc2=1 attack_w=0.2 S0=18725 SA=7694 ratio=2.43353 my_comp=15 my_front=20 leader_comp=6 comp_gain(sz/front/cut)=1/-2/0
DBG t=37 used=0.019 remain=1.16 turn_time=0.0185876 end_in=0.0185876 cand_pre=37 cand_cap=20 cand=37->20 pre=37 pick(must/bucket/top/rand)=1/3/12/4 depth0=10 depth=3 dlog=5 dper=2 sims=1840 loop=1820 gen_time=0 eval_time=0.019 best_avg=0.744631 best_move=6,4 leader=2 inc2=1 attack_w=0.2 S0=25929 SA=13349 ratio=1.94232 my_comp=22 my_front=28 leader_comp=4 comp_gain(sz/front/cut)=1/-2/0
DBG t=49 used=0.019 remain=0.93 turn_time=0.0187641 end_in=0.0187641 cand_pre=34 cand_cap=20 cand=34->20 pre=34 pick(must/bucket/top/rand)=1/6/9/4 depth0=10 depth=5 dlog=4 dper=1 sims=1188 loop=1168 gen_time=0 eval_time=0.019 best_avg=0.628718 best_move=6,4 leader=2 inc2=1 attack_w=0.2 S0=25419 SA=13209 ratio=1.9243 my_comp=21 my_front=21 leader_comp=12 comp_gain(sz/front/cut)=3/6/0
DBG t=61 used=0.018 remain=0.705 turn_time=0.0176612 end_in=0.0176612 cand_pre=42 cand_cap=20 cand=42->20 pre=42 pick(must/bucket/top/rand)=1/4/11/4 depth0=10 depth=3 dlog=5 dper=2 sims=1448 loop=1428 gen_time=0 eval_time=0.018 best_avg=0.646322 best_move=4,4 leader=2 inc2=1 attack_w=0.2 S0=28091 SA=14888 ratio=1.88676 my_comp=26 my_front=33 leader_comp=3 comp_gain(sz/front/cut)=1/2/0
DBG t=74 used=0.017 remain=0.471 turn_time=0.0169922 end_in=0.0169922 cand_pre=48 cand_cap=20 cand=48->20 pre=48 pick(must/bucket/top/rand)=1/6/9/4 depth0=11 depth=3 dlog=5 dper=3 sims=1116 loop=1096 gen_time=0 eval_time=0.017 best_avg=0.977334 best_move=6,6 leader=4 inc2=1 attack_w=0.2 S0=33494 SA=15476 ratio=2.16418 my_comp=31 my_front=31 leader_comp=14 comp_gain(sz/front/cut)=1/2/0
DBG t=86 used=0.019 remain=0.231 turn_time=0.0188017 end_in=0.0188017 cand_pre=17 cand_cap=20 cand=17->17 pre=17 pick(must/bucket/top/rand)=1/5/10/1 depth0=11 depth=6 dlog=3 dper=0 sims=1037 loop=1020 gen_time=0 eval_time=0.019 best_avg=1.02379 best_move=3,4 leader=1 inc2=1 attack_w=0.2 S0=37056 SA=12985 ratio=2.85361 my_comp=8 my_front=14 leader_comp=13 comp_gain(sz/front/cut)=1/2/0
DBG depth_guard t=99 remain=0.013 cand_pre=7 depth0=0 depth=0
DBG t=99 used=0.008 remain=0.013 turn_time=0.0078 end_in=0.0078 cand_pre=7 cand_cap=12 cand=7->7 pre=7 pick(must/bucket/top/rand)=1/3/3/0 depth0=0 depth=0 dlog=2 dper=0 sims=8627 loop=8620 gen_time=0 eval_time=0.008 best_avg=0.818094 best_move=3,8 leader=1 inc2=1 attack_w=0.2 S0=37685 SA=15608 ratio=2.41438 my_comp=2 my_front=6 leader_comp=16 comp_gain(sz/front/cut)=1/2/11
DBG summary depth_guard_fired=1
Score = 164992
=== CASE 0083.txt ===
DBG hdr N=10 M=5 T=100 U=4 VMAX=2622 TIME_LIMIT=1.94 MAX_CAND=20 UCB_C=0.21 OBJ=log(S0+1)-log(SA+1)
DBG t=0 used=0.024 remain=1.94 turn_time=0.0237456 end_in=0.0237456 cand_pre=4 cand_cap=20 cand=4->4 pre=4 pick(must/bucket/top/rand)=1/2/1/0 depth0=7 depth=6 dlog=1 dper=0 sims=5228 loop=5224 gen_time=0 eval_time=0.024 best_avg=-0.2453 best_move=0,4 leader=3 inc2=1 attack_w=0.85 S0=1185 SA=1714 ratio=0.691545 my_comp=1 my_front=3 leader_comp=1 comp_gain(sz/front/cut)=1/1/0
DBG t=12 used=0.023 remain=1.659 turn_time=0.0220949 end_in=0.0220949 cand_pre=12 cand_cap=20 cand=12->12 pre=12 pick(must/bucket/top/rand)=1/6/5/0 depth0=7 depth=4 dlog=3 dper=0 sims=4212 loop=4200 gen_time=0 eval_time=0.023 best_avg=0.384163 best_move=0,1 leader=3 inc2=0 attack_w=0.2 S0=25060 SA=16966 ratio=1.47704 my_comp=6 my_front=9 leader_comp=4 comp_gain(sz/front/cut)=0/0/0
DBG t=24 used=0.022 remain=1.393 turn_time=0.0214815 end_in=0.0214815 cand_pre=12 cand_cap=20 cand=12->12 pre=12 pick(must/bucket/top/rand)=1/6/5/0 depth0=7 depth=4 dlog=3 dper=0 sims=4016 loop=4004 gen_time=0 eval_time=0.022 best_avg=0.215784 best_move=1,3 leader=2 inc2=1 attack_w=0.2 S0=36948 SA=28240 ratio=1.30835 my_comp=7 my_front=11 leader_comp=8 comp_gain(sz/front/cut)=0/0/0
DBG t=37 used=0.02 remain=1.116 turn_time=0.0199551 end_in=0.0199551 cand_pre=19 cand_cap=20 cand=19->19 pre=19 pick(must/bucket/top/rand)=1/7/8/3 depth0=10 depth=6 dlog=4 dper=0 sims=2219 loop=2200 gen_time=0 eval_time=0.02 best_avg=0.155356 best_move=1,3 leader=2 inc2=1 attack_w=0.2 S0=42592 SA=35843 ratio=1.18829 my_comp=10 my_front=13 leader_comp=9 comp_gain(sz/front/cut)=0/0/0
DBG t=49 used=0.02 remain=0.876 turn_time=0.0192376 end_in=0.0192376 cand_pre=20 cand_cap=20 cand=20->20 pre=20 pick(must/bucket/top/rand)=1/6/9/4 depth0=10 depth=6 dlog=4 dper=0 sims=2224 loop=2204 gen_time=0 eval_time=0.02 best_avg=0.189915 best_move=0,0 leader=3 inc2=1 attack_w=0.2 S0=53437 SA=41912 ratio=1.27497 my_comp=10 my_front=13 leader_comp=11 comp_gain(sz/front/cut)=0/0/0
DBG t=61 used=0.019 remain=0.64 turn_time=0.0185928 end_in=0.0185928 cand_pre=18 cand_cap=20 cand=18->18 pre=18 pick(must/bucket/top/rand)=1/6/9/2 depth0=10 depth=6 dlog=4 dper=0 sims=1794 loop=1776 gen_time=0 eval_time=0.019 best_avg=0.166384 best_move=1,3 leader=3 inc2=1 attack_w=0.2 S0=59321 SA=46899 ratio=1.26486 my_comp=11 my_front=11 leader_comp=12 comp_gain(sz/front/cut)=0/0/0
DBG t=74 used=0.018 remain=0.402 turn_time=0.0172164 end_in=0.0172164 cand_pre=21 cand_cap=20 cand=21->20 pre=21 pick(must/bucket/top/rand)=1/6/9/4 depth0=11 depth=7 dlog=4 dper=0 sims=1476 loop=1456 gen_time=0 eval_time=0.018 best_avg=0.188293 best_move=1,2 leader=3 inc2=1 attack_w=0.2 S0=67506 SA=52657 ratio=1.28199 my_comp=13 my_front=12 leader_comp=14 comp_gain(sz/front/cut)=0/0/0
DBG t=86 used=0.016 remain=0.198 turn_time=0.0156561 end_in=0.0156561 cand_pre=22 cand_cap=20 cand=22->20 pre=22 pick(must/bucket/top/rand)=1/6/9/4 depth0=11 depth=6 dlog=4 dper=1 sims=1472 loop=1452 gen_time=0 eval_time=0.016 best_avg=0.188663 best_move=1,9 leader=3 inc2=1 attack_w=0.2 S0=70429 SA=54787 ratio=1.2855 my_comp=14 my_front=13 leader_comp=15 comp_gain(sz/front/cut)=0/0/0
DBG depth_guard t=99 remain=0.009 cand_pre=24 depth0=0 depth=0
DBG t=99 used=0.006 remain=0.009 turn_time=0.0054 end_in=0.0054 cand_pre=24 cand_cap=12 cand=24->12 pre=24 pick(must/bucket/top/rand)=1/4/5/2 depth0=0 depth=0 dlog=4 dper=4 sims=6448 loop=6436 gen_time=0 eval_time=0.006 best_avg=0.258925 best_move=1,8 leader=1 inc2=1 attack_w=0.2 S0=76743 SA=58817 ratio=1.30477 my_comp=15 my_front=13 leader_comp=17 comp_gain(sz/front/cut)=0/0/0
DBG summary depth_guard_fired=1
Score = 119749
=== CASE 0085.txt ===
DBG hdr N=10 M=2 T=100 U=4 VMAX=1553 TIME_LIMIT=1.94 MAX_CAND=20 UCB_C=0.21 OBJ=log(S0+1)-log(SA+1)
DBG t=0 used=0.024 remain=1.94 turn_time=0.0236195 end_in=0.0236195 cand_pre=5 cand_cap=20 cand=5->5 pre=5 pick(must/bucket/top/rand)=1/2/2/0 depth0=7 depth=5 dlog=2 dper=0 sims=8161 loop=8156 gen_time=0 eval_time=0.024 best_avg=0.0697987 best_move=4,8 leader=1 inc2=1 attack_w=0.13 S0=992 SA=571 ratio=1.73601 my_comp=1 my_front=4 leader_comp=1 comp_gain(sz/front/cut)=1/2/0
DBG t=12 used=0.022 remain=1.662 turn_time=0.0216438 end_in=0.0216438 cand_pre=16 cand_cap=20 cand=16->16 pre=16 pick(must/bucket/top/rand)=1/5/10/0 depth0=7 depth=4 dlog=3 dper=0 sims=5796 loop=5780 gen_time=0 eval_time=0.022 best_avg=0.510306 best_move=1,7 leader=1 inc2=1 attack_w=0.2 S0=14934 SA=7965 ratio=1.87484 my_comp=7 my_front=12 leader_comp=6 comp_gain(sz/front/cut)=1/2/0
DBG t=24 used=0.022 remain=1.408 turn_time=0.0215924 end_in=0.0215924 cand_pre=13 cand_cap=20 cand=13->13 pre=13 pick(must/bucket/top/rand)=1/6/6/0 depth0=7 depth=4 dlog=3 dper=0 sims=5765 loop=5752 gen_time=0 eval_time=0.022 best_avg=0.670882 best_move=2,7 leader=1 inc2=1 attack_w=0.2 S0=22822 SA=12197 ratio=1.87104 my_comp=7 my_front=8 leader_comp=6 comp_gain(sz/front/cut)=0/0/0
DBG t=37 used=0.021 remain=1.136 turn_time=0.0205472 end_in=0.0205472 cand_pre=17 cand_cap=20 cand=17->17 pre=17 pick(must/bucket/top/rand)=1/7/8/1 depth0=10 depth=7 dlog=3 dper=0 sims=2325 loop=2308 gen_time=0 eval_time=0.021 best_avg=0.793198 best_move=2,9 leader=1 inc2=1 attack_w=0.2 S0=29523 SA=12365 ratio=2.38751 my_comp=8 my_front=13 leader_comp=3 comp_gain(sz/front/cut)=0/0/0
DBG t=49 used=0.018 remain=0.904 turn_time=0.0170874 end_in=0.0170874 cand_pre=44 cand_cap=20 cand=44->20 pre=44 pick(must/bucket/top/rand)=1/7/8/4 depth0=10 depth=2 dlog=5 dper=3 sims=2320 loop=2300 gen_time=0 eval_time=0.018 best_avg=1.0023 best_move=3,4 leader=1 inc2=1 attack_w=0.2 S0=42517 SA=14803 ratio=2.87206 my_comp=22 my_front=34 leader_comp=2 comp_gain(sz/front/cut)=0/0/0
DBG t=61 used=0.018 remain=0.688 turn_time=0.0171206 end_in=0.0171206 cand_pre=43 cand_cap=20 cand=43->20 pre=43 pick(must/bucket/top/rand)=1/8/7/4 depth0=10 depth=2 dlog=5 dper=3 sims=2324 loop=2304 gen_time=0 eval_time=0.018 best_avg=0.991777 best_move=4,4 leader=1 inc2=1 attack_w=0.2 S0=50634 SA=18716 ratio=2.70529 my_comp=25 my_front=30 leader_comp=8 comp_gain(sz/front/cut)=0/0/0
DBG t=74 used=0.017 remain=0.466 turn_time=0.0162293 end_in=0.0162293 cand_pre=53 cand_cap=20 cand=53->20 pre=53 pick(must/bucket/top/rand)=1/8/7/4 depth0=11 depth=3 dlog=5 dper=3 sims=1368 loop=1348 gen_time=0 eval_time=0.017 best_avg=0.907703 best_move=6,2 leader=1 inc2=1 attack_w=0.2 S0=57810 SA=22672 ratio=2.54977 my_comp=33 my_front=35 leader_comp=9 comp_gain(sz/front/cut)=0/0/0
DBG t=86 used=0.016 remain=0.269 turn_time=0.0157749 end_in=0.0157749 cand_pre=66 cand_cap=14 cand=66->14 pre=42 pick(must/bucket/top/rand)=1/8/2/3 depth0=11 depth=2 dlog=5 dper=4 sims=1074 loop=1060 gen_time=0 eval_time=0.016 best_avg=1.11729 best_move=8,3 leader=1 inc2=1 attack_w=0.2 S0=65955 SA=22561 ratio=2.92332 my_comp=40 my_front=47 leader_comp=11 comp_gain(sz/front/cut)=1/2/1
DBG t=99 used=0.017 remain=0.027 turn_time=0.0162 end_in=0.0162 cand_pre=77 cand_cap=14 cand=77->14 pre=42 pick(must/bucket/top/rand)=1/8/2/3 depth0=0 depth=0 dlog=6 dper=5 sims=55566 loop=55552 gen_time=0 eval_time=0.017 best_avg=1.31723 best_move=6,8 leader=1 inc2=1 attack_w=0.2 S0=76170 SA=20511 ratio=3.71348 my_comp=46 my_front=60 leader_comp=4 comp_gain(sz/front/cut)=1/2/2
DBG summary depth_guard_fired=0
Score = 222772
=== CASE 0086.txt ===
DBG hdr N=10 M=8 T=100 U=5 VMAX=4599 TIME_LIMIT=1.94 MAX_CAND=20 UCB_C=0.21 OBJ=log(S0+1)-log(SA+1)
DBG t=0 used=0.024 remain=1.94 turn_time=0.0236195 end_in=0.0236195 cand_pre=5 cand_cap=20 cand=5->5 pre=5 pick(must/bucket/top/rand)=1/2/2/0 depth0=7 depth=5 dlog=2 dper=0 sims=3913 loop=3908 gen_time=0 eval_time=0.024 best_avg=-1.2878 best_move=9,6 leader=2 inc2=1 attack_w=0.85 S0=676 SA=1457 ratio=0.464335 my_comp=1 my_front=4 leader_comp=1 comp_gain(sz/front/cut)=1/1/0
DBG t=12 used=0.023 remain=1.661 turn_time=0.0222442 end_in=0.0222442 cand_pre=11 cand_cap=20 cand=11->11 pre=11 pick(must/bucket/top/rand)=1/2/8/0 depth0=7 depth=4 dlog=3 dper=0 sims=2947 loop=2936 gen_time=0 eval_time=0.023 best_avg=-1.28721 best_move=8,7 leader=2 inc2=1 attack_w=0.85 S0=11202 SA=46522 ratio=0.240806 my_comp=5 my_front=7 leader_comp=6 comp_gain(sz/front/cut)=1/0/0
DBG t=24 used=0.022 remain=1.395 turn_time=0.0210351 end_in=0.0210351 cand_pre=16 cand_cap=20 cand=16->16 pre=16 pick(must/bucket/top/rand)=1/3/12/0 depth0=7 depth=4 dlog=3 dper=0 sims=2376 loop=2360 gen_time=0 eval_time=0.022 best_avg=-0.704914 best_move=8,9 leader=2 inc2=1 attack_w=0.85 S0=21084 SA=47713 ratio=0.441904 my_comp=9 my_front=9 leader_comp=7 comp_gain(sz/front/cut)=1/-1/0
DBG t=37 used=0.02 remain=1.123 turn_time=0.0196168 end_in=0.0196168 cand_pre=23 cand_cap=20 cand=23->20 pre=23 pick(must/bucket/top/rand)=1/5/10/4 depth0=10 depth=6 dlog=4 dper=0 sims=1316 loop=1296 gen_time=0 eval_time=0.02 best_avg=0.057839 best_move=6,5 leader=2 inc2=1 attack_w=0.436191 S0=30061 SA=31835 ratio=0.944277 my_comp=14 my_front=13 leader_comp=4 comp_gain(sz/front/cut)=0/0/0
DBG t=49 used=0.019 remain=0.887 turn_time=0.0183487 end_in=0.0183487 cand_pre=30 cand_cap=20 cand=30->20 pre=30 pick(must/bucket/top/rand)=1/4/11/4 depth0=10 depth=5 dlog=4 dper=1 sims=1324 loop=1304 gen_time=0 eval_time=0.019 best_avg=0.0664348 best_move=4,6 leader=4 inc2=1 attack_w=0.287143 S0=37728 SA=37359 ratio=1.00988 my_comp=18 my_front=20 leader_comp=8 comp_gain(sz/front/cut)=1/2/0
DBG t=61 used=0.018 remain=0.667 turn_time=0.0175985 end_in=0.0175985 cand_pre=34 cand_cap=20 cand=34->20 pre=34 pick(must/bucket/top/rand)=1/5/10/4 depth0=10 depth=4 dlog=4 dper=2 sims=1676 loop=1656 gen_time=0 eval_time=0.018 best_avg=0.296036 best_move=4,5 leader=5 inc2=1 attack_w=0.2 S0=46528 SA=35217 ratio=1.32117 my_comp=20 my_front=22 leader_comp=11 comp_gain(sz/front/cut)=1/2/0
DBG t=74 used=0.017 remain=0.437 turn_time=0.0168581 end_in=0.0168581 cand_pre=38 cand_cap=20 cand=38->20 pre=38 pick(must/bucket/top/rand)=1/7/8/4 depth0=11 depth=4 dlog=5 dper=2 sims=1540 loop=1520 gen_time=0 eval_time=0.017 best_avg=0.332672 best_move=6,8 leader=7 inc2=1 attack_w=0.2 S0=54201 SA=37944 ratio=1.42844 my_comp=23 my_front=26 leader_comp=14 comp_gain(sz/front/cut)=0/0/0
DBG t=86 used=0.017 remain=0.233 turn_time=0.0162601 end_in=0.0162601 cand_pre=42 cand_cap=20 cand=42->20 pre=42 pick(must/bucket/top/rand)=1/7/8/4 depth0=11 depth=3 dlog=5 dper=3 sims=1820 loop=1800 gen_time=0 eval_time=0.017 best_avg=0.281189 best_move=4,2 leader=7 inc2=1 attack_w=0.2 S0=62793 SA=46430 ratio=1.35242 my_comp=24 my_front=28 leader_comp=14 comp_gain(sz/front/cut)=0/0/0
DBG depth_guard t=99 remain=0.016 cand_pre=43 depth0=0 depth=0
DBG t=99 used=0.01 remain=0.016 turn_time=0.0096 end_in=0.0096 cand_pre=43 cand_cap=14 cand=43->14 pre=42 pick(must/bucket/top/rand)=1/7/3/3 depth0=0 depth=0 dlog=5 dper=4 sims=10994 loop=10980 gen_time=0 eval_time=0.01 best_avg=0.268595 best_move=4,2 leader=7 inc2=1 attack_w=0.2 S0=67818 SA=52165 ratio=1.30006 my_comp=24 my_front=28 leader_comp=15 comp_gain(sz/front/cut)=0/0/0
DBG summary depth_guard_fired=1
Score = 120611
=== CASE 0084.txt ===
DBG hdr N=10 M=5 T=100 U=1 VMAX=1974 TIME_LIMIT=1.94 MAX_CAND=20 UCB_C=0.21 OBJ=log(S0+1)-log(SA+1)
DBG t=0 used=0.024 remain=1.94 turn_time=0.0236195 end_in=0.0236195 cand_pre=5 cand_cap=20 cand=5->5 pre=5 pick(must/bucket/top/rand)=1/2/2/0 depth0=7 depth=5 dlog=2 dper=0 sims=4789 loop=4784 gen_time=0 eval_time=0.024 best_avg=-0.146613 best_move=4,7 leader=3 inc2=1 attack_w=0.476714 S0=1749 SA=1885 ratio=0.92789 my_comp=1 my_front=4 leader_comp=1 comp_gain(sz/front/cut)=1/2/0
DBG t=12 used=0.021 remain=1.673 turn_time=0.0207984 end_in=0.0207984 cand_pre=24 cand_cap=20 cand=24->20 pre=24 pick(must/bucket/top/rand)=1/6/9/4 depth0=7 depth=3 dlog=4 dper=0 sims=3460 loop=3440 gen_time=0 eval_time=0.021 best_avg=-0.27618 best_move=1,6 leader=3 inc2=1 attack_w=0.2 S0=16123 SA=13305 ratio=1.21178 my_comp=10 my_front=18 leader_comp=8 comp_gain(sz/front/cut)=1/2/0
DBG t=24 used=0.023 remain=1.412 turn_time=0.0224991 end_in=0.0224991 cand_pre=6 cand_cap=20 cand=6->6 pre=6 pick(must/bucket/top/rand)=1/4/1/0 depth0=7 depth=5 dlog=2 dper=0 sims=2926 loop=2920 gen_time=0 eval_time=0.023 best_avg=-0.421067 best_move=8,5 leader=1 inc2=1 attack_w=0.85 S0=10945 SA=18711 ratio=0.584972 my_comp=2 my_front=5 leader_comp=15 comp_gain(sz/front/cut)=2/4/0
DBG t=37 used=0.019 remain=1.13 turn_time=0.0188064 end_in=0.0188064 cand_pre=31 cand_cap=20 cand=31->20 pre=31 pick(must/bucket/top/rand)=1/2/13/4 depth0=10 depth=5 dlog=4 dper=1 sims=1380 loop=1360 gen_time=0 eval_time=0.019 best_avg=0.13758 best_move=4,6 leader=2 inc2=0 attack_w=0.2 S0=23157 SA=20217 ratio=1.14541 my_comp=14 my_front=23 leader_comp=19 comp_gain(sz/front/cut)=1/2/0
DBG t=49 used=0.018 remain=0.903 turn_time=0.017759 end_in=0.017759 cand_pre=38 cand_cap=20 cand=38->20 pre=38 pick(must/bucket/top/rand)=1/6/9/4 depth0=10 depth=3 dlog=5 dper=2 sims=1808 loop=1788 gen_time=0 eval_time=0.018 best_avg=0.39417 best_move=5,6 leader=2 inc2=0 attack_w=0.2 S0=30647 SA=25182 ratio=1.21701 my_comp=21 my_front=29 leader_comp=4 comp_gain(sz/front/cut)=1/2/2
DBG t=61 used=0.018 remain=0.683 turn_time=0.01711 end_in=0.01711 cand_pre=42 cand_cap=20 cand=42->20 pre=42 pick(must/bucket/top/rand)=1/6/9/4 depth0=10 depth=3 dlog=5 dper=2 sims=1848 loop=1828 gen_time=0 eval_time=0.018 best_avg=0.610307 best_move=6,3 leader=1 inc2=1 attack_w=0.2 S0=31093 SA=14914 ratio=2.08475 my_comp=23 my_front=31 leader_comp=10 comp_gain(sz/front/cut)=1/2/0
DBG t=74 used=0.022 remain=0.447 turn_time=0.0211551 end_in=0.0211551 cand_pre=3 cand_cap=20 cand=3->3 pre=3 pick(must/bucket/top/rand)=1/0/2/0 depth0=11 depth=10 dlog=1 dper=0 sims=963 loop=960 gen_time=0 eval_time=0.022 best_avg=0.208238 best_move=9,4 leader=1 inc2=0 attack_w=0.2 S0=28097 SA=20115 ratio=1.3968 my_comp=1 my_front=3 leader_comp=2 comp_gain(sz/front/cut)=19/29/0
DBG t=86 used=0.016 remain=0.234 turn_time=0.015678 end_in=0.015678 cand_pre=48 cand_cap=20 cand=48->20 pre=48 pick(must/bucket/top/rand)=1/5/10/4 depth0=11 depth=3 dlog=5 dper=3 sims=1260 loop=1240 gen_time=0 eval_time=0.016 best_avg=0.475354 best_move=9,6 leader=1 inc2=1 attack_w=0.2 S0=29652 SA=17834 ratio=1.66263 my_comp=25 my_front=40 leader_comp=1 comp_gain(sz/front/cut)=1/-1/0
DBG depth_guard t=99 remain=0.015 cand_pre=41 depth0=0 depth=0
DBG t=99 used=0.01 remain=0.015 turn_time=0.009 end_in=0.009 cand_pre=41 cand_cap=14 cand=41->14 pre=41 pick(must/bucket/top/rand)=1/6/4/3 depth0=0 depth=0 dlog=5 dper=5 sims=13438 loop=13424 gen_time=0 eval_time=0.01 best_avg=0.355501 best_move=9,5 leader=1 inc2=1 attack_w=0.2 S0=27674 SA=19398 ratio=1.42662 my_comp=22 my_front=36 leader_comp=11 comp_gain(sz/front/cut)=1/-1/0
DBG summary depth_guard_fired=1
Score = 128864
=== CASE 0088.txt ===
DBG hdr N=10 M=3 T=100 U=3 VMAX=1748 TIME_LIMIT=1.94 MAX_CAND=20 UCB_C=0.21 OBJ=log(S0+1)-log(SA+1)
DBG t=0 used=0.024 remain=1.94 turn_time=0.0236195 end_in=0.0236195 cand_pre=5 cand_cap=20 cand=5->5 pre=5 pick(must/bucket/top/rand)=1/2/2/0 depth0=7 depth=5 dlog=2 dper=0 sims=6873 loop=6868 gen_time=0 eval_time=0.024 best_avg=0.10328 best_move=4,5 leader=2 inc2=1 attack_w=0.13 S0=913 SA=793 ratio=1.15113 my_comp=1 my_front=4 leader_comp=1 comp_gain(sz/front/cut)=1/2/0
DBG t=12 used=0.022 remain=1.666 turn_time=0.0212036 end_in=0.0212036 cand_pre=20 cand_cap=20 cand=20->20 pre=20 pick(must/bucket/top/rand)=1/2/13/4 depth0=7 depth=3 dlog=4 dper=0 sims=4972 loop=4952 gen_time=0 eval_time=0.022 best_avg=0.520038 best_move=7,4 leader=2 inc2=1 attack_w=0.2 S0=18263 SA=10422 ratio=1.75228 my_comp=7 my_front=16 leader_comp=5 comp_gain(sz/front/cut)=0/0/0
DBG t=24 used=0.02 remain=1.415 turn_time=0.0192794 end_in=0.0192794 cand_pre=33 cand_cap=20 cand=33->20 pre=33 pick(must/bucket/top/rand)=1/3/12/4 depth0=7 depth=2 dlog=4 dper=1 sims=3368 loop=3348 gen_time=0 eval_time=0.02 best_avg=0.724985 best_move=8,7 leader=1 inc2=1 attack_w=0.2 S0=35390 SA=17685 ratio=2.00107 my_comp=13 my_front=26 leader_comp=7 comp_gain(sz/front/cut)=1/2/0
DBG t=37 used=0.019 remain=1.166 turn_time=0.0183229 end_in=0.0183229 cand_pre=40 cand_cap=20 cand=40->20 pre=40 pick(must/bucket/top/rand)=1/4/11/4 depth0=10 depth=3 dlog=5 dper=2 sims=1796 loop=1776 gen_time=0 eval_time=0.019 best_avg=0.85048 best_move=8,4 leader=1 inc2=1 attack_w=0.2 S0=54279 SA=24324 ratio=2.23145 my_comp=18 my_front=33 leader_comp=10 comp_gain(sz/front/cut)=0/0/0
DBG t=49 used=0.019 remain=0.94 turn_time=0.0180075 end_in=0.0180075 cand_pre=42 cand_cap=20 cand=42->20 pre=42 pick(must/bucket/top/rand)=1/5/10/4 depth0=10 depth=3 dlog=5 dper=2 sims=1628 loop=1608 gen_time=0 eval_time=0.019 best_avg=0.749612 best_move=7,4 leader=1 inc2=1 attack_w=0.2 S0=64561 SA=30689 ratio=2.10368 my_comp=22 my_front=37 leader_comp=12 comp_gain(sz/front/cut)=0/0/0
DBG t=61 used=0.018 remain=0.711 turn_time=0.01793 end_in=0.01793 cand_pre=41 cand_cap=20 cand=41->20 pre=41 pick(must/bucket/top/rand)=1/3/12/4 depth0=10 depth=3 dlog=5 dper=2 sims=1324 loop=1304 gen_time=0 eval_time=0.018 best_avg=0.651547 best_move=9,4 leader=1 inc2=1 attack_w=0.2 S0=73900 SA=36192 ratio=2.04186 my_comp=23 my_front=35 leader_comp=15 comp_gain(sz/front/cut)=1/-1/0
DBG t=74 used=0.018 remain=0.477 turn_time=0.0174472 end_in=0.0174472 cand_pre=46 cand_cap=20 cand=46->20 pre=46 pick(must/bucket/top/rand)=1/6/9/4 depth0=11 depth=3 dlog=5 dper=3 sims=1316 loop=1296 gen_time=0 eval_time=0.018 best_avg=0.623119 best_move=2,3 leader=1 inc2=1 attack_w=0.2 S0=77812 SA=40886 ratio=1.90312 my_comp=27 my_front=37 leader_comp=20 comp_gain(sz/front/cut)=1/2/1
DBG t=86 used=0.018 remain=0.264 turn_time=0.0170751 end_in=0.0170751 cand_pre=53 cand_cap=20 cand=53->20 pre=53 pick(must/bucket/top/rand)=1/6/9/4 depth0=11 depth=3 dlog=5 dper=3 sims=1452 loop=1432 gen_time=0 eval_time=0.018 best_avg=0.614902 best_move=8,6 leader=1 inc2=1 attack_w=0.2 S0=83435 SA=44292 ratio=1.88373 my_comp=31 my_front=36 leader_comp=18 comp_gain(sz/front/cut)=1/-4/0
DBG t=99 used=0.014 remain=0.023 turn_time=0.0138 end_in=0.0138 cand_pre=52 cand_cap=16 cand=52->16 pre=48 pick(must/bucket/top/rand)=1/6/5/4 depth0=0 depth=0 dlog=5 dper=4 sims=22296 loop=22280 gen_time=0 eval_time=0.014 best_avg=0.581482 best_move=9,4 leader=1 inc2=1 attack_w=0.2 S0=91549 SA=50570 ratio=1.81033 my_comp=33 my_front=28 leader_comp=20 comp_gain(sz/front/cut)=0/0/0
DBG summary depth_guard_fired=0
Score = 148957
=== CASE 0087.txt ===
DBG hdr N=10 M=4 T=100 U=3 VMAX=2225 TIME_LIMIT=1.94 MAX_CAND=20 UCB_C=0.21 OBJ=log(S0+1)-log(SA+1)
DBG t=0 used=0.024 remain=1.94 turn_time=0.0236195 end_in=0.0236195 cand_pre=5 cand_cap=20 cand=5->5 pre=5 pick(must/bucket/top/rand)=1/2/2/0 depth0=7 depth=5 dlog=2 dper=0 sims=6389 loop=6384 gen_time=0 eval_time=0.024 best_avg=-0.788077 best_move=8,3 leader=2 inc2=1 attack_w=0.85 S0=652 SA=1039 ratio=0.627885 my_comp=1 my_front=4 leader_comp=1 comp_gain(sz/front/cut)=1/2/0
DBG t=12 used=0.023 remain=1.663 turn_time=0.0220253 end_in=0.0220253 cand_pre=13 cand_cap=20 cand=13->13 pre=13 pick(must/bucket/top/rand)=1/2/10/0 depth0=7 depth=4 dlog=3 dper=0 sims=4685 loop=4672 gen_time=0 eval_time=0.023 best_avg=-0.7263 best_move=8,5 leader=2 inc2=1 attack_w=0.85 S0=9988 SA=19150 ratio=0.521592 my_comp=5 my_front=10 leader_comp=7 comp_gain(sz/front/cut)=0/0/0
DBG t=24 used=0.02 remain=1.403 turn_time=0.0197158 end_in=0.0197158 cand_pre=28 cand_cap=20 cand=28->20 pre=28 pick(must/bucket/top/rand)=1/3/12/4 depth0=7 depth=2 dlog=4 dper=1 sims=3904 loop=3884 gen_time=0 eval_time=0.02 best_avg=-0.554779 best_move=7,6 leader=2 inc2=0 attack_w=0.85 S0=21553 SA=37416 ratio=0.576048 my_comp=11 my_front=22 leader_comp=9 comp_gain(sz/front/cut)=0/0/0
DBG t=37 used=0.018 remain=1.145 turn_time=0.0176385 end_in=0.0176385 cand_pre=43 cand_cap=20 cand=43->20 pre=43 pick(must/bucket/top/rand)=1/6/9/4 depth0=10 depth=3 dlog=5 dper=2 sims=1756 loop=1736 gen_time=0 eval_time=0.018 best_avg=-0.248387 best_move=2,8 leader=2 inc2=0 attack_w=0.85 S0=38262 SA=48351 ratio=0.791343 my_comp=18 my_front=34 leader_comp=11 comp_gain(sz/front/cut)=1/2/0
DBG t=49 used=0.018 remain=0.929 turn_time=0.0176783 end_in=0.0176783 cand_pre=43 cand_cap=20 cand=43->20 pre=43 pick(must/bucket/top/rand)=1/6/9/4 depth0=10 depth=3 dlog=5 dper=2 sims=1556 loop=1536 gen_time=0 eval_time=0.018 best_avg=-0.174866 best_move=3,7 leader=2 inc2=0 attack_w=0.725657 S0=51372 SA=61267 ratio=0.838496 my_comp=19 my_front=34 leader_comp=15 comp_gain(sz/front/cut)=0/0/0
DBG t=61 used=0.02 remain=0.713 turn_time=0.0198817 end_in=0.0198817 cand_pre=25 cand_cap=20 cand=25->20 pre=25 pick(must/bucket/top/rand)=1/6/9/4 depth0=10 depth=6 dlog=4 dper=0 sims=1324 loop=1304 gen_time=0 eval_time=0.02 best_avg=0.121155 best_move=0,8 leader=2 inc2=0 attack_w=0.232373 S0=59271 SA=57193 ratio=1.03633 my_comp=12 my_front=19 leader_comp=12 comp_gain(sz/front/cut)=0/0/0
DBG t=74 used=0.019 remain=0.453 turn_time=0.0189476 end_in=0.0189476 cand_pre=25 cand_cap=20 cand=25->20 pre=25 pick(must/bucket/top/rand)=1/7/8/4 depth0=11 depth=7 dlog=4 dper=0 sims=1372 loop=1352 gen_time=0 eval_time=0.019 best_avg=0.178343 best_move=3,5 leader=2 inc2=1 attack_w=0.2 S0=63527 SA=51751 ratio=1.22755 my_comp=12 my_front=20 leader_comp=13 comp_gain(sz/front/cut)=1/0/0
DBG t=86 used=0.018 remain=0.228 turn_time=0.0173931 end_in=0.0173931 cand_pre=28 cand_cap=20 cand=28->20 pre=28 pick(must/bucket/top/rand)=1/6/9/4 depth0=11 depth=6 dlog=4 dper=1 sims=1480 loop=1460 gen_time=0 eval_time=0.018 best_avg=0.0464549 best_move=2,8 leader=2 inc2=1 attack_w=0.2 S0=65816 SA=57644 ratio=1.14176 my_comp=14 my_front=20 leader_comp=17 comp_gain(sz/front/cut)=0/0/0
DBG depth_guard t=99 remain=0.012 cand_pre=30 depth0=0 depth=0
DBG t=99 used=0.008 remain=0.012 turn_time=0.0072 end_in=0.0072 cand_pre=30 cand_cap=12 cand=30->12 pre=30 pick(must/bucket/top/rand)=1/6/3/2 depth0=0 depth=0 dlog=4 dper=4 sims=8048 loop=8036 gen_time=0 eval_time=0.008 best_avg=0.0635806 best_move=3,8 leader=3 inc2=1 attack_w=0.2 S0=65874 SA=61543 ratio=1.07037 my_comp=14 my_front=22 leader_comp=29 comp_gain(sz/front/cut)=0/0/0
DBG summary depth_guard_fired=1
Score = 103246
=== CASE 0089.txt ===
DBG hdr N=10 M=3 T=100 U=2 VMAX=1407 TIME_LIMIT=1.94 MAX_CAND=20 UCB_C=0.21 OBJ=log(S0+1)-log(SA+1)
DBG t=0 used=0.024 remain=1.94 turn_time=0.0237456 end_in=0.0237456 cand_pre=4 cand_cap=20 cand=4->4 pre=4 pick(must/bucket/top/rand)=1/2/1/0 depth0=7 depth=6 dlog=1 dper=0 sims=5968 loop=5964 gen_time=0 eval_time=0.024 best_avg=-0.318481 best_move=1,1 leader=1 inc2=1 attack_w=0.74687 S0=1165 SA=1401 ratio=0.831669 my_comp=1 my_front=3 leader_comp=1 comp_gain(sz/front/cut)=1/2/0
DBG t=12 used=0.022 remain=1.665 turn_time=0.0214369 end_in=0.0214369 cand_pre=18 cand_cap=20 cand=18->18 pre=18 pick(must/bucket/top/rand)=1/6/9/2 depth0=7 depth=3 dlog=4 dper=0 sims=4686 loop=4668 gen_time=0 eval_time=0.022 best_avg=-0.0304202 best_move=1,3 leader=2 inc2=1 attack_w=0.387748 S0=12631 SA=13094 ratio=0.964643 my_comp=8 my_front=13 leader_comp=9 comp_gain(sz/front/cut)=1/2/0
DBG t=24 used=0.021 remain=1.407 turn_time=0.0202534 end_in=0.0202534 cand_pre=24 cand_cap=20 cand=24->20 pre=24 pick(must/bucket/top/rand)=1/8/7/4 depth0=7 depth=3 dlog=4 dper=0 sims=3600 loop=3580 gen_time=0 eval_time=0.021 best_avg=-0.129491 best_move=4,3 leader=2 inc2=1 attack_w=0.548195 S0=19438 SA=21590 ratio=0.900329 my_comp=11 my_front=19 leader_comp=14 comp_gain(sz/front/cut)=0/0/0
DBG t=37 used=0.021 remain=1.13 turn_time=0.020905 end_in=0.020905 cand_pre=13 cand_cap=20 cand=13->13 pre=13 pick(must/bucket/top/rand)=1/8/4/0 depth0=10 depth=7 dlog=3 dper=0 sims=2765 loop=2752 gen_time=0 eval_time=0.021 best_avg=0.0964349 best_move=5,4 leader=2 inc2=1 attack_w=0.2 S0=22488 SA=21032 ratio=1.06922 my_comp=5 my_front=12 leader_comp=1 comp_gain(sz/front/cut)=0/0/0
DBG t=49 used=0.02 remain=0.877 turn_time=0.0194832 end_in=0.0194832 cand_pre=18 cand_cap=20 cand=18->18 pre=18 pick(must/bucket/top/rand)=1/8/7/2 depth0=10 depth=6 dlog=4 dper=0 sims=2186 loop=2168 gen_time=0 eval_time=0.02 best_avg=0.281535 best_move=5,6 leader=2 inc2=1 attack_w=0.2 S0=25902 SA=20233 ratio=1.28017 my_comp=7 my_front=14 leader_comp=3 comp_gain(sz/front/cut)=0/0/0
DBG t=61 used=0.018 remain=0.647 turn_time=0.0178257 end_in=0.0178257 cand_pre=27 cand_cap=20 cand=27->20 pre=27 pick(must/bucket/top/rand)=1/7/8/4 depth0=10 depth=5 dlog=4 dper=1 sims=2116 loop=2096 gen_time=0 eval_time=0.018 best_avg=-0.017598 best_move=4,5 leader=2 inc2=1 attack_w=0.50811 S0=24065 SA=26284 ratio=0.915579 my_comp=11 my_front=22 leader_comp=7 comp_gain(sz/front/cut)=1/2/0
DBG t=74 used=0.017 remain=0.417 turn_time=0.0162951 end_in=0.0162951 cand_pre=36 cand_cap=20 cand=36->20 pre=36 pick(must/bucket/top/rand)=1/6/9/4 depth0=11 depth=4 dlog=5 dper=2 sims=1896 loop=1876 gen_time=0 eval_time=0.017 best_avg=0.371045 best_move=7,7 leader=2 inc2=1 attack_w=0.2 S0=36141 SA=23814 ratio=1.51761 my_comp=19 my_front=26 leader_comp=7 comp_gain(sz/front/cut)=1/2/0
DBG t=86 used=0.019 remain=0.217 turn_time=0.018569 end_in=0.018569 cand_pre=8 cand_cap=20 cand=8->8 pre=8 pick(must/bucket/top/rand)=1/6/1/0 depth0=11 depth=6 dlog=2 dper=0 sims=2512 loop=2504 gen_time=0 eval_time=0.019 best_avg=0.375291 best_move=3,2 leader=2 inc2=1 attack_w=0.2 S0=39806 SA=25729 ratio=1.5471 my_comp=2 my_front=6 leader_comp=13 comp_gain(sz/front/cut)=0/0/0
DBG depth_guard t=99 remain=0.009 cand_pre=21 depth0=0 depth=0
DBG t=99 used=0.006 remain=0.009 turn_time=0.0054 end_in=0.0054 cand_pre=21 cand_cap=12 cand=21->12 pre=21 pick(must/bucket/top/rand)=1/8/1/2 depth0=0 depth=0 dlog=4 dper=4 sims=12828 loop=12816 gen_time=0 eval_time=0.006 best_avg=0.313703 best_move=3,0 leader=2 inc2=1 attack_w=0.2 S0=36395 SA=26084 ratio=1.39528 my_comp=10 my_front=18 leader_comp=15 comp_gain(sz/front/cut)=0/0/0
DBG summary depth_guard_fired=1
Score = 121385
=== CASE 0092.txt ===
DBG hdr N=10 M=5 T=100 U=2 VMAX=1591 TIME_LIMIT=1.94 MAX_CAND=20 UCB_C=0.21 OBJ=log(S0+1)-log(SA+1)
DBG t=0 used=0.024 remain=1.94 turn_time=0.0237456 end_in=0.0237456 cand_pre=4 cand_cap=20 cand=4->4 pre=4 pick(must/bucket/top/rand)=1/2/1/0 depth0=7 depth=6 dlog=1 dper=0 sims=4692 loop=4688 gen_time=0 eval_time=0.024 best_avg=-0.285453 best_move=0,4 leader=1 inc2=1 attack_w=0.85 S0=511 SA=1575 ratio=0.324873 my_comp=1 my_front=3 leader_comp=1 comp_gain(sz/front/cut)=1/1/0
DBG t=12 used=0.022 remain=1.663 turn_time=0.0214111 end_in=0.0214111 cand_pre=18 cand_cap=20 cand=18->18 pre=18 pick(must/bucket/top/rand)=1/2/13/2 depth0=7 depth=3 dlog=4 dper=0 sims=3674 loop=3656 gen_time=0 eval_time=0.022 best_avg=0.104425 best_move=3,3 leader=3 inc2=1 attack_w=0.2 S0=15715 SA=14054 ratio=1.11818 my_comp=8 my_front=15 leader_comp=7 comp_gain(sz/front/cut)=1/2/0
DBG t=24 used=0.02 remain=1.413 turn_time=0.0194938 end_in=0.0194938 cand_pre=31 cand_cap=20 cand=31->20 pre=31 pick(must/bucket/top/rand)=1/3/12/4 depth0=7 depth=2 dlog=4 dper=1 sims=2720 loop=2700 gen_time=0 eval_time=0.02 best_avg=0.475928 best_move=2,4 leader=3 inc2=1 attack_w=0.2 S0=30750 SA=20103 ratio=1.5296 my_comp=14 my_front=25 leader_comp=11 comp_gain(sz/front/cut)=1/2/0
DBG t=37 used=0.018 remain=1.164 turn_time=0.017691 end_in=0.017691 cand_pre=45 cand_cap=20 cand=45->20 pre=45 pick(must/bucket/top/rand)=1/8/7/4 depth0=10 depth=2 dlog=5 dper=3 sims=1892 loop=1872 gen_time=0 eval_time=0.018 best_avg=0.662671 best_move=5,5 leader=1 inc2=1 attack_w=0.2 S0=40513 SA=20609 ratio=1.96574 my_comp=21 my_front=39 leader_comp=8 comp_gain(sz/front/cut)=0/0/0
DBG t=49 used=0.017 remain=0.95 turn_time=0.0168672 end_in=0.0168672 cand_pre=53 cand_cap=20 cand=53->20 pre=53 pick(must/bucket/top/rand)=1/6/9/4 depth0=10 depth=2 dlog=5 dper=3 sims=1780 loop=1760 gen_time=0 eval_time=0.017 best_avg=0.948779 best_move=7,4 leader=2 inc2=1 attack_w=0.2 S0=46685 SA=19026 ratio=2.45367 my_comp=25 my_front=47 leader_comp=9 comp_gain(sz/front/cut)=0/0/0
DBG t=61 used=0.017 remain=0.746 turn_time=0.0169476 end_in=0.0169476 cand_pre=56 cand_cap=20 cand=56->20 pre=56 pick(must/bucket/top/rand)=1/7/8/4 depth0=10 depth=2 dlog=5 dper=3 sims=1560 loop=1540 gen_time=0 eval_time=0.017 best_avg=1.16761 best_move=1,8 leader=2 inc2=0 attack_w=0.2 S0=53964 SA=19063 ratio=2.83073 my_comp=28 my_front=53 leader_comp=9 comp_gain(sz/front/cut)=0/0/0
DBG t=74 used=0.017 remain=0.525 turn_time=0.0165779 end_in=0.0165779 cand_pre=66 cand_cap=14 cand=66->14 pre=42 pick(must/bucket/top/rand)=1/8/2/3 depth0=11 depth=2 dlog=5 dper=4 sims=1294 loop=1280 gen_time=0 eval_time=0.017 best_avg=1.43405 best_move=7,6 leader=1 inc2=1 attack_w=0.2 S0=62038 SA=15401 ratio=4.02798 my_comp=36 my_front=54 leader_comp=6 comp_gain(sz/front/cut)=0/0/0
DBG t=86 used=0.019 remain=0.305 turn_time=0.0181693 end_in=0.0181693 cand_pre=64 cand_cap=14 cand=64->14 pre=42 pick(must/bucket/top/rand)=1/7/3/3 depth0=11 depth=2 dlog=5 dper=4 sims=1494 loop=1480 gen_time=0 eval_time=0.019 best_avg=1.44331 best_move=7,6 leader=2 inc2=1 attack_w=0.2 S0=63437 SA=15112 ratio=4.19758 my_comp=35 my_front=57 leader_comp=7 comp_gain(sz/front/cut)=0/0/0
DBG t=99 used=0.02 remain=0.033 turn_time=0.0198 end_in=0.0198 cand_pre=68 cand_cap=14 cand=68->14 pre=42 pick(must/bucket/top/rand)=1/6/4/3 depth0=0 depth=0 dlog=5 dper=4 sims=36226 loop=36212 gen_time=0 eval_time=0.02 best_avg=1.47208 best_move=7,9 leader=3 inc2=0 attack_w=0.2 S0=64767 SA=15447 ratio=4.19265 my_comp=36 my_front=55 leader_comp=3 comp_gain(sz/front/cut)=0/0/0
DBG summary depth_guard_fired=0
Score = 235460
=== CASE 0090.txt ===
DBG hdr N=10 M=7 T=100 U=5 VMAX=1976 TIME_LIMIT=1.94 MAX_CAND=20 UCB_C=0.21 OBJ=log(S0+1)-log(SA+1)
DBG t=0 used=0.024 remain=1.94 turn_time=0.0236195 end_in=0.0236195 cand_pre=5 cand_cap=20 cand=5->5 pre=5 pick(must/bucket/top/rand)=1/2/2/0 depth0=7 depth=5 dlog=2 dper=0 sims=4005 loop=4000 gen_time=0 eval_time=0.024 best_avg=-0.356721 best_move=6,1 leader=5 inc2=1 attack_w=0.85 S0=1124 SA=1553 ratio=0.723938 my_comp=1 my_front=4 leader_comp=1 comp_gain(sz/front/cut)=0/0/0
DBG t=12 used=0.023 remain=1.659 turn_time=0.0220949 end_in=0.0220949 cand_pre=12 cand_cap=20 cand=12->12 pre=12 pick(must/bucket/top/rand)=1/5/6/0 depth0=7 depth=4 dlog=3 dper=0 sims=3632 loop=3620 gen_time=0 eval_time=0.023 best_avg=0.142019 best_move=4,0 leader=2 inc2=1 attack_w=0.256199 S0=14794 SA=14438 ratio=1.02466 my_comp=4 my_front=10 leader_comp=1 comp_gain(sz/front/cut)=1/1/0
DBG t=24 used=0.022 remain=1.394 turn_time=0.0211393 end_in=0.0211393 cand_pre=15 cand_cap=20 cand=15->15 pre=15 pick(must/bucket/top/rand)=1/4/10/0 depth0=7 depth=4 dlog=3 dper=0 sims=3307 loop=3292 gen_time=0 eval_time=0.022 best_avg=0.261041 best_move=3,1 leader=3 inc2=1 attack_w=0.2 S0=29259 SA=24580 ratio=1.19035 my_comp=7 my_front=12 leader_comp=3 comp_gain(sz/front/cut)=0/0/0
DBG t=37 used=0.02 remain=1.118 turn_time=0.0191835 end_in=0.0191835 cand_pre=26 cand_cap=20 cand=26->20 pre=26 pick(must/bucket/top/rand)=1/5/10/4 depth0=10 depth=5 dlog=4 dper=1 sims=2088 loop=2068 gen_time=0 eval_time=0.02 best_avg=0.198901 best_move=3,1 leader=4 inc2=1 attack_w=0.2 S0=39190 SA=33260 ratio=1.17829 my_comp=12 my_front=19 leader_comp=6 comp_gain(sz/front/cut)=0/0/0
DBG t=49 used=0.019 remain=0.885 turn_time=0.0185329 end_in=0.0185329 cand_pre=28 cand_cap=20 cand=28->20 pre=28 pick(must/bucket/top/rand)=1/3/12/4 depth0=10 depth=5 dlog=4 dper=1 sims=1880 loop=1860 gen_time=0 eval_time=0.019 best_avg=0.0801652 best_move=2,0 leader=4 inc2=1 attack_w=0.229475 S0=51708 SA=49826 ratio=1.03777 my_comp=14 my_front=20 leader_comp=7 comp_gain(sz/front/cut)=0/0/0
DBG t=61 used=0.018 remain=0.657 turn_time=0.0179917 end_in=0.0179917 cand_pre=28 cand_cap=20 cand=28->20 pre=28 pick(must/bucket/top/rand)=1/3/12/4 depth0=10 depth=5 dlog=4 dper=1 sims=1684 loop=1664 gen_time=0 eval_time=0.018 best_avg=0.108798 best_move=8,2 leader=4 inc2=1 attack_w=0.2 S0=64411 SA=58634 ratio=1.09852 my_comp=16 my_front=22 leader_comp=14 comp_gain(sz/front/cut)=0/0/0
DBG t=74 used=0.018 remain=0.42 turn_time=0.0170423 end_in=0.0170423 cand_pre=30 cand_cap=20 cand=30->20 pre=30 pick(must/bucket/top/rand)=1/3/12/4 depth0=11 depth=6 dlog=4 dper=1 sims=1336 loop=1316 gen_time=0 eval_time=0.018 best_avg=0.205693 best_move=9,2 leader=4 inc2=1 attack_w=0.2 S0=75691 SA=64194 ratio=1.17909 my_comp=18 my_front=22 leader_comp=14 comp_gain(sz/front/cut)=1/-1/0
DBG t=86 used=0.016 remain=0.216 turn_time=0.015876 end_in=0.015876 cand_pre=34 cand_cap=20 cand=34->20 pre=34 pick(must/bucket/top/rand)=1/5/10/4 depth0=11 depth=5 dlog=4 dper=2 sims=1320 loop=1300 gen_time=0 eval_time=0.016 best_avg=0.304712 best_move=4,4 leader=4 inc2=1 attack_w=0.2 S0=84258 SA=66158 ratio=1.27358 my_comp=21 my_front=20 leader_comp=14 comp_gain(sz/front/cut)=0/0/0
DBG depth_guard t=99 remain=0.013 cand_pre=35 depth0=0 depth=0
DBG t=99 used=0.008 remain=0.013 turn_time=0.0078 end_in=0.0078 cand_pre=35 cand_cap=12 cand=35->12 pre=35 pick(must/bucket/top/rand)=1/6/3/2 depth0=0 depth=0 dlog=4 dper=4 sims=9252 loop=9240 gen_time=0 eval_time=0.008 best_avg=0.31602 best_move=3,5 leader=4 inc2=1 attack_w=0.2 S0=93273 SA=68420 ratio=1.36324 my_comp=23 my_front=24 leader_comp=14 comp_gain(sz/front/cut)=0/0/0
DBG summary depth_guard_fired=1
Score = 124438
=== CASE 0091.txt ===
DBG hdr N=10 M=3 T=100 U=2 VMAX=1676 TIME_LIMIT=1.94 MAX_CAND=20 UCB_C=0.21 OBJ=log(S0+1)-log(SA+1)
DBG t=0 used=0.024 remain=1.94 turn_time=0.0237456 end_in=0.0237456 cand_pre=4 cand_cap=20 cand=4->4 pre=4 pick(must/bucket/top/rand)=1/2/1/0 depth0=7 depth=6 dlog=1 dper=0 sims=5800 loop=5796 gen_time=0 eval_time=0.024 best_avg=-0.0728604 best_move=0,4 leader=2 inc2=1 attack_w=0.244285 S0=930 SA=959 ratio=0.969792 my_comp=1 my_front=3 leader_comp=1 comp_gain(sz/front/cut)=1/1/0
DBG t=12 used=0.021 remain=1.668 turn_time=0.0206131 end_in=0.0206131 cand_pre=25 cand_cap=20 cand=25->20 pre=25 pick(must/bucket/top/rand)=1/7/8/4 depth0=7 depth=3 dlog=4 dper=0 sims=3616 loop=3596 gen_time=0 eval_time=0.021 best_avg=0.512914 best_move=2,8 leader=2 inc2=1 attack_w=0.2 S0=17708 SA=11414 ratio=1.55138 my_comp=11 my_front=20 leader_comp=2 comp_gain(sz/front/cut)=1/2/1
DBG t=24 used=0.02 remain=1.422 turn_time=0.0194964 end_in=0.0194964 cand_pre=32 cand_cap=20 cand=32->20 pre=32 pick(must/bucket/top/rand)=1/8/7/4 depth0=7 depth=2 dlog=4 dper=1 sims=3116 loop=3096 gen_time=0 eval_time=0.02 best_avg=0.504148 best_move=3,5 leader=1 inc2=1 attack_w=0.2 S0=31491 SA=18942 ratio=1.66246 my_comp=16 my_front=24 leader_comp=12 comp_gain(sz/front/cut)=0/0/0
DBG t=37 used=0.019 remain=1.167 turn_time=0.0185794 end_in=0.0185794 cand_pre=38 cand_cap=20 cand=38->20 pre=38 pick(must/bucket/top/rand)=1/8/7/4 depth0=10 depth=3 dlog=5 dper=2 sims=2044 loop=2024 gen_time=0 eval_time=0.019 best_avg=0.464374 best_move=5,6 leader=1 inc2=1 attack_w=0.2 S0=48012 SA=30266 ratio=1.58632 my_comp=23 my_front=27 leader_comp=18 comp_gain(sz/front/cut)=0/0/0
DBG t=49 used=0.018 remain=0.944 turn_time=0.0179638 end_in=0.0179638 cand_pre=43 cand_cap=20 cand=43->20 pre=43 pick(must/bucket/top/rand)=1/8/7/4 depth0=10 depth=3 dlog=5 dper=2 sims=1736 loop=1716 gen_time=0 eval_time=0.018 best_avg=0.538023 best_move=5,7 leader=1 inc2=1 attack_w=0.2 S0=56372 SA=32430 ratio=1.73824 my_comp=26 my_front=26 leader_comp=20 comp_gain(sz/front/cut)=0/0/0
DBG t=61 used=0.018 remain=0.727 turn_time=0.0177276 end_in=0.0177276 cand_pre=46 cand_cap=20 cand=46->20 pre=46 pick(must/bucket/top/rand)=1/8/7/4 depth0=10 depth=2 dlog=5 dper=3 sims=1736 loop=1716 gen_time=0 eval_time=0.018 best_avg=0.445957 best_move=4,5 leader=1 inc2=1 attack_w=0.2 S0=56117 SA=35902 ratio=1.56304 my_comp=27 my_front=29 leader_comp=22 comp_gain(sz/front/cut)=0/0/0
DBG t=74 used=0.019 remain=0.488 turn_time=0.0183375 end_in=0.0183375 cand_pre=42 cand_cap=20 cand=42->20 pre=42 pick(must/bucket/top/rand)=1/8/7/4 depth0=11 depth=4 dlog=5 dper=2 sims=1596 loop=1576 gen_time=0 eval_time=0.019 best_avg=0.338473 best_move=5,6 leader=1 inc2=1 attack_w=0.2 S0=53500 SA=36539 ratio=1.46418 my_comp=24 my_front=27 leader_comp=25 comp_gain(sz/front/cut)=0/0/0
DBG t=86 used=0.019 remain=0.26 turn_time=0.0180236 end_in=0.0180236 cand_pre=43 cand_cap=20 cand=43->20 pre=43 pick(must/bucket/top/rand)=1/8/7/4 depth0=11 depth=4 dlog=5 dper=2 sims=1524 loop=1504 gen_time=0 eval_time=0.019 best_avg=0.198628 best_move=6,5 leader=1 inc2=1 attack_w=0.2 S0=50125 SA=39557 ratio=1.26715 my_comp=24 my_front=29 leader_comp=24 comp_gain(sz/front/cut)=0/0/0
DBG depth_guard t=99 remain=0.019 cand_pre=45 depth0=0 depth=0
DBG t=99 used=0.012 remain=0.019 turn_time=0.0114 end_in=0.0114 cand_pre=45 cand_cap=16 cand=45->16 pre=45 pick(must/bucket/top/rand)=1/8/3/4 depth0=0 depth=0 dlog=5 dper=4 sims=16492 loop=16476 gen_time=0 eval_time=0.012 best_avg=0.10463 best_move=4,6 leader=1 inc2=1 attack_w=0.2 S0=49369 SA=44789 ratio=1.10225 my_comp=24 my_front=29 leader_comp=28 comp_gain(sz/front/cut)=0/0/0
DBG summary depth_guard_fired=1
Score = 107051
=== CASE 0094.txt ===
DBG hdr N=10 M=2 T=100 U=4 VMAX=1645 TIME_LIMIT=1.94 MAX_CAND=20 UCB_C=0.21 OBJ=log(S0+1)-log(SA+1)
DBG t=0 used=0.024 remain=1.94 turn_time=0.0236195 end_in=0.0236195 cand_pre=5 cand_cap=20 cand=5->5 pre=5 pick(must/bucket/top/rand)=1/2/2/0 depth0=7 depth=5 dlog=2 dper=0 sims=8713 loop=8708 gen_time=0 eval_time=0.024 best_avg=0.0105029 best_move=4,4 leader=1 inc2=1 attack_w=0.153407 S0=1437 SA=1389 ratio=1.03453 my_comp=1 my_front=4 leader_comp=1 comp_gain(sz/front/cut)=1/2/0
DBG t=12 used=0.022 remain=1.665 turn_time=0.0218058 end_in=0.0218058 cand_pre=15 cand_cap=20 cand=15->15 pre=15 pick(must/bucket/top/rand)=1/2/12/0 depth0=7 depth=4 dlog=3 dper=0 sims=5411 loop=5396 gen_time=0 eval_time=0.022 best_avg=0.127091 best_move=3,6 leader=1 inc2=1 attack_w=0.2 S0=19448 SA=17342 ratio=1.12143 my_comp=5 my_front=12 leader_comp=5 comp_gain(sz/front/cut)=1/2/0
DBG t=24 used=0.021 remain=1.408 turn_time=0.0206291 end_in=0.0206291 cand_pre=21 cand_cap=20 cand=21->20 pre=21 pick(must/bucket/top/rand)=1/2/13/4 depth0=7 depth=3 dlog=4 dper=0 sims=5016 loop=4996 gen_time=0 eval_time=0.021 best_avg=0.151593 best_move=4,4 leader=1 inc2=1 attack_w=0.2 S0=37548 SA=32628 ratio=1.15079 my_comp=8 my_front=16 leader_comp=7 comp_gain(sz/front/cut)=0/0/0
DBG t=37 used=0.02 remain=1.144 turn_time=0.0191575 end_in=0.0191575 cand_pre=30 cand_cap=20 cand=30->20 pre=30 pick(must/bucket/top/rand)=1/2/13/4 depth0=10 depth=5 dlog=4 dper=1 sims=2660 loop=2640 gen_time=0 eval_time=0.02 best_avg=0.159383 best_move=3,9 leader=1 inc2=1 attack_w=0.2 S0=57065 SA=47609 ratio=1.19861 my_comp=13 my_front=21 leader_comp=10 comp_gain(sz/front/cut)=0/0/0
DBG t=49 used=0.019 remain=0.913 turn_time=0.0181884 end_in=0.0181884 cand_pre=36 cand_cap=20 cand=36->20 pre=36 pick(must/bucket/top/rand)=1/4/11/4 depth0=10 depth=3 dlog=5 dper=2 sims=2712 loop=2692 gen_time=0 eval_time=0.019 best_avg=0.239673 best_move=4,3 leader=1 inc2=1 attack_w=0.2 S0=73567 SA=57575 ratio=1.27775 my_comp=16 my_front=27 leader_comp=12 comp_gain(sz/front/cut)=1/2/0
DBG t=61 used=0.018 remain=0.691 turn_time=0.0176559 end_in=0.0176559 cand_pre=39 cand_cap=20 cand=39->20 pre=39 pick(must/bucket/top/rand)=1/5/10/4 depth0=10 depth=3 dlog=5 dper=2 sims=2264 loop=2244 gen_time=0 eval_time=0.018 best_avg=0.261503 best_move=6,3 leader=1 inc2=1 attack_w=0.2 S0=88282 SA=67509 ratio=1.3077 my_comp=19 my_front=31 leader_comp=16 comp_gain(sz/front/cut)=0/0/0
DBG t=74 used=0.017 remain=0.461 turn_time=0.0169772 end_in=0.0169772 cand_pre=45 cand_cap=20 cand=45->20 pre=45 pick(must/bucket/top/rand)=1/5/10/4 depth0=11 depth=3 dlog=5 dper=3 sims=1444 loop=1424 gen_time=0 eval_time=0.017 best_avg=0.287757 best_move=7,5 leader=1 inc2=1 attack_w=0.2 S0=103541 SA=77802 ratio=1.33082 my_comp=23 my_front=37 leader_comp=21 comp_gain(sz/front/cut)=0/0/0
DBG t=86 used=0.017 remain=0.252 turn_time=0.016884 end_in=0.016884 cand_pre=48 cand_cap=20 cand=48->20 pre=48 pick(must/bucket/top/rand)=1/6/9/4 depth0=11 depth=3 dlog=5 dper=3 sims=1612 loop=1592 gen_time=0 eval_time=0.017 best_avg=0.319581 best_move=5,8 leader=1 inc2=1 attack_w=0.2 S0=108731 SA=79888 ratio=1.36104 my_comp=25 my_front=39 leader_comp=22 comp_gain(sz/front/cut)=0/0/0
DBG t=99 used=0.013 remain=0.021 turn_time=0.0126 end_in=0.0126 cand_pre=51 cand_cap=16 cand=51->16 pre=48 pick(must/bucket/top/rand)=1/6/5/4 depth0=0 depth=0 dlog=5 dper=4 sims=26936 loop=26920 gen_time=0 eval_time=0.013 best_avg=0.332582 best_move=7,7 leader=1 inc2=1 attack_w=0.2 S0=113398 SA=81615 ratio=1.38942 my_comp=28 my_front=39 leader_comp=23 comp_gain(sz/front/cut)=0/0/0
DBG summary depth_guard_fired=0
Score = 125623
=== CASE 0093.txt ===
DBG hdr N=10 M=8 T=100 U=3 VMAX=1791 TIME_LIMIT=1.94 MAX_CAND=20 UCB_C=0.21 OBJ=log(S0+1)-log(SA+1)
DBG t=0 used=0.024 remain=1.94 turn_time=0.0237456 end_in=0.0237456 cand_pre=4 cand_cap=20 cand=4->4 pre=4 pick(must/bucket/top/rand)=1/2/1/0 depth0=7 depth=6 dlog=1 dper=0 sims=2940 loop=2936 gen_time=0 eval_time=0.024 best_avg=-0.311445 best_move=0,6 leader=2 inc2=1 attack_w=0.85 S0=1041 SA=1780 ratio=0.585065 my_comp=1 my_front=3 leader_comp=1 comp_gain(sz/front/cut)=1/1/0
DBG t=12 used=0.022 remain=1.66 turn_time=0.021863 end_in=0.021863 cand_pre=14 cand_cap=20 cand=14->14 pre=14 pick(must/bucket/top/rand)=1/7/6/0 depth0=7 depth=4 dlog=3 dper=0 sims=2554 loop=2540 gen_time=0 eval_time=0.022 best_avg=0.0617649 best_move=0,4 leader=7 inc2=1 attack_w=0.336192 S0=16176 SA=16384 ratio=0.987305 my_comp=7 my_front=11 leader_comp=5 comp_gain(sz/front/cut)=0/0/0
DBG t=24 used=0.022 remain=1.396 turn_time=0.0211696 end_in=0.0211696 cand_pre=15 cand_cap=20 cand=15->15 pre=15 pick(must/bucket/top/rand)=1/6/8/0 depth0=7 depth=4 dlog=3 dper=0 sims=2511 loop=2496 gen_time=0 eval_time=0.022 best_avg=0.17583 best_move=1,2 leader=1 inc2=1 attack_w=0.2 S0=24425 SA=21992 ratio=1.11063 my_comp=7 my_front=11 leader_comp=15 comp_gain(sz/front/cut)=1/2/0
DBG t=37 used=0.02 remain=1.124 turn_time=0.0195183 end_in=0.0195183 cand_pre=24 cand_cap=20 cand=24->20 pre=24 pick(must/bucket/top/rand)=1/8/7/4 depth0=10 depth=6 dlog=4 dper=0 sims=1512 loop=1492 gen_time=0 eval_time=0.02 best_avg=0.261602 best_move=2,2 leader=1 inc2=1 attack_w=0.2 S0=29570 SA=21918 ratio=1.3491 my_comp=11 my_front=19 leader_comp=3 comp_gain(sz/front/cut)=0/0/0
DBG t=49 used=0.02 remain=0.88 turn_time=0.0195498 end_in=0.0195498 cand_pre=18 cand_cap=20 cand=18->18 pre=18 pick(must/bucket/top/rand)=1/3/12/2 depth0=10 depth=6 dlog=4 dper=0 sims=1738 loop=1720 gen_time=0 eval_time=0.02 best_avg=0.186701 best_move=1,7 leader=5 inc2=1 attack_w=0.2 S0=29037 SA=24292 ratio=1.19532 my_comp=9 my_front=13 leader_comp=15 comp_gain(sz/front/cut)=0/0/0
DBG t=61 used=0.02 remain=0.639 turn_time=0.0196288 end_in=0.0196288 cand_pre=8 cand_cap=20 cand=8->8 pre=8 pick(must/bucket/top/rand)=1/1/6/0 depth0=10 depth=8 dlog=2 dper=0 sims=1388 loop=1380 gen_time=0 eval_time=0.02 best_avg=0.207317 best_move=2,0 leader=5 inc2=1 attack_w=0.2 S0=31859 SA=22570 ratio=1.41155 my_comp=3 my_front=7 leader_comp=2 comp_gain(sz/front/cut)=0/0/0
DBG t=74 used=0.017 remain=0.39 turn_time=0.01641 end_in=0.01641 cand_pre=24 cand_cap=20 cand=24->20 pre=24 pick(must/bucket/top/rand)=1/5/10/4 depth0=11 depth=6 dlog=4 dper=1 sims=1288 loop=1268 gen_time=0 eval_time=0.017 best_avg=0.162293 best_move=1,2 leader=1 inc2=1 attack_w=0.2 S0=32808 SA=24807 ratio=1.32252 my_comp=13 my_front=19 leader_comp=4 comp_gain(sz/front/cut)=0/0/0
DBG t=86 used=0.016 remain=0.182 turn_time=0.015405 end_in=0.015405 cand_pre=10 cand_cap=20 cand=10->10 pre=10 pick(must/bucket/top/rand)=1/3/6/0 depth0=11 depth=6 dlog=3 dper=0 sims=1330 loop=1320 gen_time=0 eval_time=0.016 best_avg=-0.187682 best_move=0,2 leader=5 inc2=1 attack_w=0.273057 S0=33473 SA=32928 ratio=1.01655 my_comp=4 my_front=9 leader_comp=16 comp_gain(sz/front/cut)=0/0/0
DBG depth_guard t=98 remain=0.015 cand_pre=11 depth0=1 depth=0
DBG depth_guard t=99 remain=0.006 cand_pre=10 depth0=0 depth=0
DBG t=99 used=0.004 remain=0.006 turn_time=0.0036 end_in=0.0036 cand_pre=10 cand_cap=12 cand=10->10 pre=10 pick(must/bucket/top/rand)=1/2/7/0 depth0=0 depth=0 dlog=3 dper=3 sims=4158 loop=4148 gen_time=0 eval_time=0.004 best_avg=-0.156136 best_move=0,3 leader=5 inc2=1 attack_w=0.706006 S0=37511 SA=44396 ratio=0.844922 my_comp=5 my_front=8 leader_comp=21 comp_gain(sz/front/cut)=0/0/0
DBG summary depth_guard_fired=2
Score = 87272
=== CASE 0095.txt ===
DBG hdr N=10 M=3 T=100 U=3 VMAX=2391 TIME_LIMIT=1.94 MAX_CAND=20 UCB_C=0.21 OBJ=log(S0+1)-log(SA+1)
DBG t=0 used=0.024 remain=1.94 turn_time=0.0237456 end_in=0.0237456 cand_pre=4 cand_cap=20 cand=4->4 pre=4 pick(must/bucket/top/rand)=1/2/1/0 depth0=7 depth=6 dlog=1 dper=0 sims=5492 loop=5488 gen_time=0 eval_time=0.024 best_avg=0.521478 best_move=8,3 leader=2 inc2=1 attack_w=0.13 S0=1237 SA=833 ratio=1.48441 my_comp=1 my_front=3 leader_comp=1 comp_gain(sz/front/cut)=1/2/0
DBG t=12 used=0.022 remain=1.665 turn_time=0.0216828 end_in=0.0216828 cand_pre=16 cand_cap=20 cand=16->16 pre=16 pick(must/bucket/top/rand)=1/6/9/0 depth0=7 depth=4 dlog=3 dper=0 sims=5416 loop=5400 gen_time=0 eval_time=0.022 best_avg=0.545851 best_move=9,4 leader=1 inc2=1 attack_w=0.2 S0=25901 SA=12977 ratio=1.99584 my_comp=7 my_front=14 leader_comp=5 comp_gain(sz/front/cut)=0/0/0
DBG t=24 used=0.022 remain=1.401 turn_time=0.0210058 end_in=0.0210058 cand_pre=17 cand_cap=20 cand=17->17 pre=17 pick(must/bucket/top/rand)=1/4/11/1 depth0=7 depth=4 dlog=3 dper=0 sims=5081 loop=5064 gen_time=0 eval_time=0.022 best_avg=0.781725 best_move=6,3 leader=1 inc2=1 attack_w=0.2 S0=34941 SA=19591 ratio=1.78348 my_comp=7 my_front=14 leader_comp=4 comp_gain(sz/front/cut)=0/0/0
DBG t=37 used=0.02 remain=1.129 turn_time=0.0198381 end_in=0.0198381 cand_pre=22 cand_cap=20 cand=22->20 pre=22 pick(must/bucket/top/rand)=1/4/11/4 depth0=10 depth=6 dlog=4 dper=0 sims=2760 loop=2740 gen_time=0 eval_time=0.02 best_avg=0.853127 best_move=6,1 leader=1 inc2=1 attack_w=0.2 S0=54220 SA=24259 ratio=2.235 my_comp=11 my_front=17 leader_comp=7 comp_gain(sz/front/cut)=0/0/0
DBG t=49 used=0.019 remain=0.891 turn_time=0.0189993 end_in=0.0189993 cand_pre=25 cand_cap=20 cand=25->20 pre=25 pick(must/bucket/top/rand)=1/6/9/4 depth0=10 depth=6 dlog=4 dper=0 sims=2256 loop=2236 gen_time=0 eval_time=0.019 best_avg=0.790438 best_move=6,4 leader=1 inc2=1 attack_w=0.2 S0=63114 SA=27967 ratio=2.25669 my_comp=14 my_front=18 leader_comp=9 comp_gain(sz/front/cut)=0/0/0
DBG t=61 used=0.019 remain=0.662 turn_time=0.0183493 end_in=0.0183493 cand_pre=26 cand_cap=20 cand=26->20 pre=26 pick(must/bucket/top/rand)=1/5/10/4 depth0=10 depth=5 dlog=4 dper=1 sims=2656 loop=2636 gen_time=0 eval_time=0.019 best_avg=0.89181 best_move=4,2 leader=1 inc2=1 attack_w=0.2 S0=68665 SA=28228 ratio=2.43246 my_comp=14 my_front=18 leader_comp=9 comp_gain(sz/front/cut)=1/2/0
DBG t=74 used=0.018 remain=0.422 turn_time=0.0173345 end_in=0.0173345 cand_pre=28 cand_cap=20 cand=28->20 pre=28 pick(must/bucket/top/rand)=1/4/11/4 depth0=11 depth=6 dlog=4 dper=1 sims=2108 loop=2088 gen_time=0 eval_time=0.018 best_avg=0.839401 best_move=8,4 leader=1 inc2=1 attack_w=0.2 S0=74199 SA=31647 ratio=2.34454 my_comp=16 my_front=20 leader_comp=10 comp_gain(sz/front/cut)=0/0/0
DBG t=86 used=0.017 remain=0.214 turn_time=0.0165239 end_in=0.0165239 cand_pre=26 cand_cap=20 cand=26->20 pre=26 pick(must/bucket/top/rand)=1/6/9/4 depth0=11 depth=6 dlog=4 dper=1 sims=1856 loop=1836 gen_time=0 eval_time=0.017 best_avg=0.648137 best_move=9,0 leader=1 inc2=1 attack_w=0.2 S0=75665 SA=34734 ratio=2.17838 my_comp=18 my_front=15 leader_comp=13 comp_gain(sz/front/cut)=1/-2/0
DBG depth_guard t=99 remain=0.01 cand_pre=25 depth0=0 depth=0
DBG t=99 used=0.007 remain=0.01 turn_time=0.006 end_in=0.006 cand_pre=25 cand_cap=12 cand=25->12 pre=25 pick(must/bucket/top/rand)=1/5/4/2 depth0=0 depth=0 dlog=4 dper=4 sims=14040 loop=14028 gen_time=0 eval_time=0.007 best_avg=0.605498 best_move=6,2 leader=1 inc2=1 attack_w=0.2 S0=69695 SA=38196 ratio=1.82465 my_comp=18 my_front=13 leader_comp=14 comp_gain(sz/front/cut)=0/0/0
DBG summary depth_guard_fired=1
Score = 149885
=== CASE 0098.txt ===
DBG hdr N=10 M=2 T=100 U=1 VMAX=2363 TIME_LIMIT=1.94 MAX_CAND=20 UCB_C=0.21 OBJ=log(S0+1)-log(SA+1)
DBG t=0 used=0.024 remain=1.94 turn_time=0.0236195 end_in=0.0236195 cand_pre=5 cand_cap=20 cand=5->5 pre=5 pick(must/bucket/top/rand)=1/2/2/0 depth0=7 depth=5 dlog=2 dper=0 sims=8353 loop=8348 gen_time=0 eval_time=0.024 best_avg=0.0419788 best_move=8,3 leader=1 inc2=1 attack_w=0.13 S0=1012 SA=774 ratio=1.3071 my_comp=1 my_front=4 leader_comp=1 comp_gain(sz/front/cut)=1/2/0
DBG t=12 used=0.021 remain=1.671 turn_time=0.0202799 end_in=0.0202799 cand_pre=28 cand_cap=20 cand=28->20 pre=28 pick(must/bucket/top/rand)=1/2/13/4 depth0=7 depth=2 dlog=4 dper=1 sims=4364 loop=4344 gen_time=0 eval_time=0.021 best_avg=0.611232 best_move=6,6 leader=1 inc2=1 attack_w=0.2 S0=19421 SA=10422 ratio=1.86338 my_comp=13 my_front=19 leader_comp=10 comp_gain(sz/front/cut)=1/2/0
DBG t=24 used=0.018 remain=1.426 turn_time=0.0179657 end_in=0.0179657 cand_pre=45 cand_cap=20 cand=45->20 pre=45 pick(must/bucket/top/rand)=1/6/9/4 depth0=7 depth=0 dlog=5 dper=3 sims=47880 loop=47860 gen_time=0 eval_time=0.018 best_avg=0.776517 best_move=4,5 leader=1 inc2=1 attack_w=0.2 S0=30748 SA=14571 ratio=2.11014 my_comp=22 my_front=32 leader_comp=15 comp_gain(sz/front/cut)=2/4/1
DBG t=37 used=0.023 remain=1.167 turn_time=0.0220711 end_in=0.0220711 cand_pre=9 cand_cap=20 cand=9->9 pre=9 pick(must/bucket/top/rand)=1/3/5/0 depth0=10 depth=7 dlog=3 dper=0 sims=3185 loop=3176 gen_time=0 eval_time=0.023 best_avg=0.949018 best_move=0,1 leader=1 inc2=1 attack_w=0.2 S0=36585 SA=14258 ratio=2.56582 my_comp=3 my_front=7 leader_comp=7 comp_gain(sz/front/cut)=1/1/0
DBG t=49 used=0.015 remain=0.91 turn_time=0.0149972 end_in=0.0149972 cand_pre=63 cand_cap=14 cand=63->14 pre=42 pick(must/bucket/top/rand)=1/5/5/3 depth0=10 depth=1 dlog=5 dper=4 sims=1314 loop=1300 gen_time=0 eval_time=0.015 best_avg=1.17304 best_move=2,5 leader=1 inc2=1 attack_w=0.2 S0=39446 SA=13027 ratio=3.02786 my_comp=31 my_front=48 leader_comp=2 comp_gain(sz/front/cut)=1/0/0
DBG t=61 used=0.017 remain=0.697 turn_time=0.0167637 end_in=0.0167637 cand_pre=48 cand_cap=20 cand=48->20 pre=48 pick(must/bucket/top/rand)=1/4/11/4 depth0=10 depth=2 dlog=5 dper=3 sims=1696 loop=1676 gen_time=0 eval_time=0.017 best_avg=0.992803 best_move=7,7 leader=1 inc2=1 attack_w=0.2 S0=38290 SA=14996 ratio=2.55324 my_comp=23 my_front=38 leader_comp=3 comp_gain(sz/front/cut)=5/7/1
DBG t=74 used=0.016 remain=0.461 turn_time=0.0152485 end_in=0.0152485 cand_pre=60 cand_cap=20 cand=60->20 pre=60 pick(must/bucket/top/rand)=1/4/11/4 depth0=11 depth=2 dlog=5 dper=4 sims=1264 loop=1244 gen_time=0 eval_time=0.016 best_avg=1.05208 best_move=9,5 leader=1 inc2=1 attack_w=0.2 S0=40984 SA=13489 ratio=3.03818 my_comp=32 my_front=45 leader_comp=2 comp_gain(sz/front/cut)=1/1/1
DBG t=86 used=0.015 remain=0.246 turn_time=0.0140835 end_in=0.0140835 cand_pre=69 cand_cap=14 cand=69->14 pre=42 pick(must/bucket/top/rand)=1/6/4/3 depth0=11 depth=1 dlog=5 dper=5 sims=1694 loop=1680 gen_time=0 eval_time=0.015 best_avg=1.31733 best_move=7,6 leader=1 inc2=1 attack_w=0.2 S0=43792 SA=11610 ratio=3.77168 my_comp=37 my_front=50 leader_comp=4 comp_gain(sz/front/cut)=1/0/1
DBG t=99 used=0.013 remain=0.021 turn_time=0.0126 end_in=0.0126 cand_pre=71 cand_cap=14 cand=71->14 pre=42 pick(must/bucket/top/rand)=1/4/6/3 depth0=0 depth=0 dlog=5 dper=5 sims=50126 loop=50112 gen_time=0 eval_time=0.013 best_avg=1.34829 best_move=8,6 leader=1 inc2=1 attack_w=0.2 S0=45507 SA=10992 ratio=4.13973 my_comp=39 my_front=56 leader_comp=2 comp_gain(sz/front/cut)=1/-2/1
DBG summary depth_guard_fired=0
Score = 222764
=== CASE 0096.txt ===
DBG hdr N=10 M=4 T=100 U=3 VMAX=1888 TIME_LIMIT=1.94 MAX_CAND=20 UCB_C=0.21 OBJ=log(S0+1)-log(SA+1)
DBG t=0 used=0.024 remain=1.94 turn_time=0.0236195 end_in=0.0236195 cand_pre=5 cand_cap=20 cand=5->5 pre=5 pick(must/bucket/top/rand)=1/2/2/0 depth0=7 depth=5 dlog=2 dper=0 sims=5809 loop=5804 gen_time=0 eval_time=0.024 best_avg=-0.0298721 best_move=6,0 leader=1 inc2=1 attack_w=0.85 S0=873 SA=1724 ratio=0.506667 my_comp=1 my_front=4 leader_comp=1 comp_gain(sz/front/cut)=1/1/0
DBG t=12 used=0.022 remain=1.659 turn_time=0.0217272 end_in=0.0217272 cand_pre=15 cand_cap=20 cand=15->15 pre=15 pick(must/bucket/top/rand)=1/6/8/0 depth0=7 depth=4 dlog=3 dper=0 sims=4259 loop=4244 gen_time=0 eval_time=0.022 best_avg=0.348848 best_move=9,3 leader=3 inc2=0 attack_w=0.2 S0=18936 SA=13388 ratio=1.41437 my_comp=8 my_front=12 leader_comp=6 comp_gain(sz/front/cut)=1/1/2
DBG t=24 used=0.021 remain=1.398 turn_time=0.0202434 end_in=0.0202434 cand_pre=23 cand_cap=20 cand=23->20 pre=23 pick(must/bucket/top/rand)=1/6/9/4 depth0=7 depth=3 dlog=4 dper=0 sims=3732 loop=3712 gen_time=0 eval_time=0.021 best_avg=0.423448 best_move=8,3 leader=3 inc2=0 attack_w=0.2 S0=27841 SA=17890 ratio=1.5562 my_comp=12 my_front=18 leader_comp=4 comp_gain(sz/front/cut)=0/0/0
DBG t=37 used=0.02 remain=1.126 turn_time=0.0194369 end_in=0.0194369 cand_pre=25 cand_cap=20 cand=25->20 pre=25 pick(must/bucket/top/rand)=1/5/10/4 depth0=10 depth=6 dlog=4 dper=0 sims=2204 loop=2184 gen_time=0 eval_time=0.02 best_avg=0.273214 best_move=7,0 leader=2 inc2=0 attack_w=0.2 S0=33012 SA=22678 ratio=1.45566 my_comp=12 my_front=20 leader_comp=13 comp_gain(sz/front/cut)=0/0/0
DBG t=49 used=0.02 remain=0.886 turn_time=0.0195702 end_in=0.0195702 cand_pre=19 cand_cap=20 cand=19->19 pre=19 pick(must/bucket/top/rand)=1/4/11/3 depth0=10 depth=6 dlog=4 dper=0 sims=2359 loop=2340 gen_time=0 eval_time=0.02 best_avg=-0.288338 best_move=6,1 leader=2 inc2=0 attack_w=0.72993 S0=30829 SA=36828 ratio=0.837112 my_comp=9 my_front=15 leader_comp=16 comp_gain(sz/front/cut)=1/-2/0
DBG t=61 used=0.019 remain=0.65 turn_time=0.0185583 end_in=0.0185583 cand_pre=21 cand_cap=20 cand=21->20 pre=21 pick(must/bucket/top/rand)=1/6/9/4 depth0=10 depth=6 dlog=4 dper=0 sims=2272 loop=2252 gen_time=0 eval_time=0.019 best_avg=-0.48321 best_move=5,0 leader=2 inc2=0 attack_w=0.85 S0=31107 SA=46142 ratio=0.674165 my_comp=11 my_front=16 leader_comp=1 comp_gain(sz/front/cut)=0/0/0
DBG t=74 used=0.018 remain=0.406 turn_time=0.0174892 end_in=0.0174892 cand_pre=20 cand_cap=20 cand=20->20 pre=20 pick(must/bucket/top/rand)=1/4/11/4 depth0=11 depth=7 dlog=4 dper=0 sims=1572 loop=1552 gen_time=0 eval_time=0.018 best_avg=-0.420736 best_move=9,2 leader=2 inc2=0 attack_w=0.85 S0=33707 SA=51574 ratio=0.653572 my_comp=10 my_front=14 leader_comp=19 comp_gain(sz/front/cut)=0/0/0
DBG t=86 used=0.017 remain=0.197 turn_time=0.0166746 end_in=0.0166746 cand_pre=10 cand_cap=20 cand=10->10 pre=10 pick(must/bucket/top/rand)=1/7/2/0 depth0=11 depth=6 dlog=3 dper=0 sims=1782 loop=1772 gen_time=0 eval_time=0.017 best_avg=-0.283624 best_move=6,6 leader=2 inc2=1 attack_w=0.85 S0=36227 SA=52394 ratio=0.69144 my_comp=3 my_front=8 leader_comp=4 comp_gain(sz/front/cut)=1/2/0
DBG depth_guard t=99 remain=0.008 cand_pre=20 depth0=0 depth=0
DBG t=99 used=0.005 remain=0.008 turn_time=0.0048 end_in=0.0048 cand_pre=20 cand_cap=12 cand=20->12 pre=20 pick(must/bucket/top/rand)=1/6/3/2 depth0=0 depth=0 dlog=4 dper=4 sims=5516 loop=5504 gen_time=0 eval_time=0.005 best_avg=-0.153921 best_move=5,5 leader=2 inc2=1 attack_w=0.570211 S0=46720 SA=52367 ratio=0.892167 my_comp=7 my_front=16 leader_comp=21 comp_gain(sz/front/cut)=0/0/0
DBG summary depth_guard_fired=1
Score = 89492
=== CASE 0097.txt ===
DBG hdr N=10 M=7 T=100 U=5 VMAX=1552 TIME_LIMIT=1.94 MAX_CAND=20 UCB_C=0.21 OBJ=log(S0+1)-log(SA+1)
DBG t=0 used=0.024 remain=1.94 turn_time=0.0237456 end_in=0.0237456 cand_pre=4 cand_cap=20 cand=4->4 pre=4 pick(must/bucket/top/rand)=1/2/1/0 depth0=7 depth=6 dlog=1 dper=0 sims=3744 loop=3740 gen_time=0 eval_time=0.024 best_avg=-0.329465 best_move=8,4 leader=5 inc2=1 attack_w=0.655086 S0=1005 SA=1166 ratio=0.862039 my_comp=1 my_front=4 leader_comp=1 comp_gain(sz/front/cut)=1/2/0
DBG t=12 used=0.023 remain=1.658 turn_time=0.0220815 end_in=0.0220815 cand_pre=12 cand_cap=20 cand=12->12 pre=12 pick(must/bucket/top/rand)=1/4/7/0 depth0=7 depth=4 dlog=3 dper=0 sims=3200 loop=3188 gen_time=0 eval_time=0.023 best_avg=0.0579745 best_move=7,3 leader=5 inc2=1 attack_w=0.27968 S0=14744 SA=14549 ratio=1.0134 my_comp=4 my_front=10 leader_comp=3 comp_gain(sz/front/cut)=0/0/0
DBG t=24 used=0.021 remain=1.392 turn_time=0.0209899 end_in=0.0209899 cand_pre=16 cand_cap=20 cand=16->16 pre=16 pick(must/bucket/top/rand)=1/5/10/0 depth0=7 depth=4 dlog=3 dper=0 sims=2816 loop=2800 gen_time=0 eval_time=0.021 best_avg=0.127321 best_move=6,2 leader=6 inc2=1 attack_w=0.2 S0=29704 SA=24740 ratio=1.20064 my_comp=7 my_front=14 leader_comp=10 comp_gain(sz/front/cut)=0/0/0
DBG t=37 used=0.02 remain=1.121 turn_time=0.0199289 end_in=0.0199289 cand_pre=20 cand_cap=20 cand=20->20 pre=20 pick(must/bucket/top/rand)=1/8/7/4 depth0=10 depth=6 dlog=4 dper=0 sims=1556 loop=1536 gen_time=0 eval_time=0.02 best_avg=0.175825 best_move=6,0 leader=6 inc2=1 attack_w=0.2 S0=43451 SA=37741 ratio=1.15129 my_comp=9 my_front=18 leader_comp=17 comp_gain(sz/front/cut)=1/1/0
DBG t=49 used=0.02 remain=0.883 turn_time=0.0190538 end_in=0.0190538 cand_pre=23 cand_cap=20 cand=23->20 pre=23 pick(must/bucket/top/rand)=1/7/8/4 depth0=10 depth=6 dlog=4 dper=0 sims=1376 loop=1356 gen_time=0 eval_time=0.02 best_avg=0.148564 best_move=6,4 leader=6 inc2=1 attack_w=0.2 S0=52014 SA=47552 ratio=1.09383 my_comp=12 my_front=18 leader_comp=16 comp_gain(sz/front/cut)=1/0/0
DBG t=61 used=0.018 remain=0.657 turn_time=0.0178822 end_in=0.0178822 cand_pre=29 cand_cap=20 cand=29->20 pre=29 pick(must/bucket/top/rand)=1/7/8/4 depth0=10 depth=5 dlog=4 dper=1 sims=1432 loop=1412 gen_time=0 eval_time=0.018 best_avg=0.0771503 best_move=5,3 leader=6 inc2=1 attack_w=0.2 S0=57735 SA=52691 ratio=1.09573 my_comp=15 my_front=21 leader_comp=15 comp_gain(sz/front/cut)=0/0/0
DBG t=74 used=0.018 remain=0.423 turn_time=0.0170583 end_in=0.0170583 cand_pre=31 cand_cap=20 cand=31->20 pre=31 pick(must/bucket/top/rand)=1/7/8/4 depth0=11 depth=6 dlog=4 dper=1 sims=1272 loop=1252 gen_time=0 eval_time=0.018 best_avg=0.134944 best_move=5,3 leader=6 inc2=1 attack_w=0.2 S0=66390 SA=55773 ratio=1.19036 my_comp=16 my_front=23 leader_comp=15 comp_gain(sz/front/cut)=0/0/0
DBG t=86 used=0.016 remain=0.217 turn_time=0.0159495 end_in=0.0159495 cand_pre=34 cand_cap=20 cand=34->20 pre=34 pick(must/bucket/top/rand)=1/7/8/4 depth0=11 depth=5 dlog=4 dper=2 sims=1188 loop=1168 gen_time=0 eval_time=0.016 best_avg=0.210686 best_move=7,1 leader=6 inc2=1 attack_w=0.2 S0=72885 SA=60880 ratio=1.19719 my_comp=18 my_front=22 leader_comp=15 comp_gain(sz/front/cut)=0/0/0
DBG depth_guard t=99 remain=0.013 cand_pre=35 depth0=0 depth=0
DBG t=99 used=0.008 remain=0.013 turn_time=0.0078 end_in=0.0078 cand_pre=35 cand_cap=12 cand=35->12 pre=35 pick(must/bucket/top/rand)=1/7/2/2 depth0=0 depth=0 dlog=4 dper=4 sims=7100 loop=7088 gen_time=0 eval_time=0.008 best_avg=0.276515 best_move=5,0 leader=6 inc2=1 attack_w=0.2 S0=79125 SA=62679 ratio=1.26238 my_comp=19 my_front=24 leader_comp=16 comp_gain(sz/front/cut)=0/0/0
DBG summary depth_guard_fired=1
Score = 117819
=== CASE 0099.txt ===
DBG hdr N=10 M=5 T=100 U=3 VMAX=2063 TIME_LIMIT=1.94 MAX_CAND=20 UCB_C=0.21 OBJ=log(S0+1)-log(SA+1)
DBG t=0 used=0.024 remain=1.94 turn_time=0.0236195 end_in=0.0236195 cand_pre=5 cand_cap=20 cand=5->5 pre=5 pick(must/bucket/top/rand)=1/2/2/0 depth0=7 depth=5 dlog=2 dper=0 sims=5805 loop=5800 gen_time=0 eval_time=0.024 best_avg=0.0278037 best_move=6,4 leader=2 inc2=1 attack_w=0.13 S0=2063 SA=1222 ratio=1.68765 my_comp=1 my_front=4 leader_comp=1 comp_gain(sz/front/cut)=1/2/0
DBG t=12 used=0.023 remain=1.658 turn_time=0.022204 end_in=0.022204 cand_pre=11 cand_cap=20 cand=11->11 pre=11 pick(must/bucket/top/rand)=1/6/4/0 depth0=7 depth=4 dlog=3 dper=0 sims=4543 loop=4532 gen_time=0 eval_time=0.023 best_avg=0.249376 best_move=7,5 leader=2 inc2=1 attack_w=0.2 S0=20140 SA=15256 ratio=1.32012 my_comp=4 my_front=10 leader_comp=6 comp_gain(sz/front/cut)=1/2/0
DBG t=24 used=0.021 remain=1.397 turn_time=0.0208263 end_in=0.0208263 cand_pre=18 cand_cap=20 cand=18->18 pre=18 pick(must/bucket/top/rand)=1/7/8/2 depth0=7 depth=3 dlog=4 dper=0 sims=3946 loop=3928 gen_time=0 eval_time=0.021 best_avg=0.146408 best_move=5,4 leader=3 inc2=1 attack_w=0.2 S0=28541 SA=24403 ratio=1.16956 my_comp=7 my_front=16 leader_comp=8 comp_gain(sz/front/cut)=0/0/0
DBG t=37 used=0.02 remain=1.126 turn_time=0.0199016 end_in=0.0199016 cand_pre=21 cand_cap=20 cand=21->20 pre=21 pick(must/bucket/top/rand)=1/7/8/4 depth0=10 depth=6 dlog=4 dper=0 sims=1824 loop=1804 gen_time=0 eval_time=0.02 best_avg=-0.0535233 best_move=5,4 leader=1 inc2=1 attack_w=0.2 S0=35212 SA=31595 ratio=1.11448 my_comp=8 my_front=18 leader_comp=18 comp_gain(sz/front/cut)=0/0/0
DBG t=49 used=0.019 remain=0.887 turn_time=0.0188009 end_in=0.0188009 cand_pre=26 cand_cap=20 cand=26->20 pre=26 pick(must/bucket/top/rand)=1/8/7/4 depth0=10 depth=5 dlog=4 dper=1 sims=1968 loop=1948 gen_time=0 eval_time=0.019 best_avg=0.00622194 best_move=3,3 leader=3 inc2=1 attack_w=0.2 S0=44402 SA=39158 ratio=1.13392 my_comp=10 my_front=22 leader_comp=16 comp_gain(sz/front/cut)=0/0/0
DBG t=61 used=0.018 remain=0.66 turn_time=0.0178538 end_in=0.0178538 cand_pre=30 cand_cap=20 cand=30->20 pre=30 pick(must/bucket/top/rand)=1/8/7/4 depth0=10 depth=5 dlog=4 dper=1 sims=1788 loop=1768 gen_time=0 eval_time=0.018 best_avg=-0.113144 best_move=7,3 leader=3 inc2=1 attack_w=0.217941 S0=47099 SA=45134 ratio=1.04354 my_comp=13 my_front=26 leader_comp=17 comp_gain(sz/front/cut)=1/2/0
DBG t=74 used=0.018 remain=0.424 turn_time=0.0177346 end_in=0.0177346 cand_pre=25 cand_cap=20 cand=25->20 pre=25 pick(must/bucket/top/rand)=1/7/8/4 depth0=11 depth=6 dlog=4 dper=1 sims=1500 loop=1480 gen_time=0 eval_time=0.018 best_avg=-0.332089 best_move=4,3 leader=3 inc2=1 attack_w=0.618731 S0=43193 SA=49381 ratio=0.874691 my_comp=12 my_front=22 leader_comp=19 comp_gain(sz/front/cut)=0/0/0
DBG t=86 used=0.017 remain=0.211 turn_time=0.0161942 end_in=0.0161943 cand_pre=27 cand_cap=20 cand=27->20 pre=27 pick(must/bucket/top/rand)=1/6/9/4 depth0=11 depth=6 dlog=4 dper=1 sims=1352 loop=1332 gen_time=0 eval_time=0.017 best_avg=-0.320108 best_move=5,3 leader=1 inc2=1 attack_w=0.728221 S0=43184 SA=51553 ratio=0.837665 my_comp=13 my_front=20 leader_comp=18 comp_gain(sz/front/cut)=0/0/0
DBG depth_guard t=99 remain=0.01 cand_pre=23 depth0=0 depth=0
DBG t=99 used=0.007 remain=0.01 turn_time=0.006 end_in=0.006 cand_pre=23 cand_cap=12 cand=23->12 pre=23 pick(must/bucket/top/rand)=1/6/3/2 depth0=0 depth=0 dlog=4 dper=4 sims=6804 loop=6792 gen_time=0 eval_time=0.007 best_avg=-0.412127 best_move=5,4 leader=1 inc2=1 attack_w=0.85 S0=40990 SA=60538 ratio=0.677101 my_comp=11 my_front=16 leader_comp=23 comp_gain(sz/front/cut)=0/0/0
DBG summary depth_guard_fired=1
Score = 73365
=== CASE 0100.txt ===
DBG hdr N=10 M=6 T=100 U=5 VMAX=2118 TIME_LIMIT=1.94 MAX_CAND=20 UCB_C=0.21 OBJ=log(S0+1)-log(SA+1)
DBG t=0 used=0.024 remain=1.94 turn_time=0.0236195 end_in=0.0236195 cand_pre=5 cand_cap=20 cand=5->5 pre=5 pick(must/bucket/top/rand)=1/2/2/0 depth0=7 depth=5 dlog=2 dper=0 sims=4809 loop=4804 gen_time=0 eval_time=0.024 best_avg=-0.361371 best_move=2,6 leader=3 inc2=1 attack_w=0.85 S0=962 SA=1270 ratio=0.757671 my_comp=1 my_front=4 leader_comp=1 comp_gain(sz/front/cut)=1/2/0
DBG t=12 used=0.022 remain=1.666 turn_time=0.0213267 end_in=0.0213267 cand_pre=19 cand_cap=20 cand=19->19 pre=19 pick(must/bucket/top/rand)=1/7/8/3 depth0=7 depth=3 dlog=4 dper=0 sims=4147 loop=4128 gen_time=0 eval_time=0.022 best_avg=0.0589222 best_move=4,5 leader=5 inc2=1 attack_w=0.218125 S0=17004 SA=16296 ratio=1.04344 my_comp=7 my_front=16 leader_comp=2 comp_gain(sz/front/cut)=0/0/0
DBG t=24 used=0.021 remain=1.411 turn_time=0.020311 end_in=0.020311 cand_pre=24 cand_cap=20 cand=24->20 pre=24 pick(must/bucket/top/rand)=1/7/8/4 depth0=7 depth=3 dlog=4 dper=0 sims=3492 loop=3472 gen_time=0 eval_time=0.021 best_avg=0.168802 best_move=4,5 leader=4 inc2=1 attack_w=0.2 S0=29254 SA=21560 ratio=1.35685 my_comp=10 my_front=22 leader_comp=6 comp_gain(sz/front/cut)=0/0/0
DBG t=37 used=0.02 remain=1.14 turn_time=0.0197962 end_in=0.0197962 cand_pre=24 cand_cap=20 cand=24->20 pre=24 pick(must/bucket/top/rand)=1/7/8/4 depth0=10 depth=6 dlog=4 dper=0 sims=1756 loop=1736 gen_time=0 eval_time=0.02 best_avg=0.036192 best_move=5,4 leader=4 inc2=1 attack_w=0.2 S0=33417 SA=30591 ratio=1.09238 my_comp=9 my_front=20 leader_comp=9 comp_gain(sz/front/cut)=0/0/0
DBG t=49 used=0.019 remain=0.901 turn_time=0.0189828 end_in=0.0189828 cand_pre=27 cand_cap=20 cand=27->20 pre=27 pick(must/bucket/top/rand)=1/7/8/4 depth0=10 depth=5 dlog=4 dper=1 sims=1996 loop=1976 gen_time=0 eval_time=0.019 best_avg=0.00059558 best_move=5,3 leader=4 inc2=1 attack_w=0.2 S0=41139 SA=39049 ratio=1.05352 my_comp=11 my_front=22 leader_comp=12 comp_gain(sz/front/cut)=0/0/0
DBG t=61 used=0.019 remain=0.671 turn_time=0.0184869 end_in=0.0184869 cand_pre=27 cand_cap=20 cand=27->20 pre=27 pick(must/bucket/top/rand)=1/7/8/4 depth0=10 depth=5 dlog=4 dper=1 sims=2020 loop=2000 gen_time=0 eval_time=0.019 best_avg=0.0655308 best_move=5,3 leader=4 inc2=1 attack_w=0.22402 S0=48208 SA=46332 ratio=1.04049 my_comp=11 my_front=22 leader_comp=13 comp_gain(sz/front/cut)=0/0/0
DBG t=74 used=0.019 remain=0.423 turn_time=0.0186445 end_in=0.0186445 cand_pre=16 cand_cap=20 cand=16->16 pre=16 pick(must/bucket/top/rand)=1/6/9/0 depth0=11 depth=8 dlog=3 dper=0 sims=1452 loop=1436 gen_time=0 eval_time=0.019 best_avg=-0.0250841 best_move=5,3 leader=4 inc2=1 attack_w=0.34 S0=51520 SA=52273 ratio=0.985595 my_comp=7 my_front=14 leader_comp=16 comp_gain(sz/front/cut)=0/0/0
DBG t=86 used=0.017 remain=0.205 turn_time=0.0161145 end_in=0.0161145 cand_pre=23 cand_cap=20 cand=23->20 pre=23 pick(must/bucket/top/rand)=1/6/9/4 depth0=11 depth=6 dlog=4 dper=1 sims=1456 loop=1436 gen_time=0 eval_time=0.017 best_avg=-0.0605294 best_move=3,5 leader=4 inc2=1 attack_w=0.380713 S0=54660 SA=56486 ratio=0.967674 my_comp=10 my_front=18 leader_comp=17 comp_gain(sz/front/cut)=0/0/0
DBG depth_guard t=99 remain=0.009 cand_pre=21 depth0=0 depth=0
DBG t=99 used=0.006 remain=0.009 turn_time=0.0054 end_in=0.0054 cand_pre=21 cand_cap=12 cand=21->12 pre=21 pick(must/bucket/top/rand)=1/5/4/2 depth0=0 depth=0 dlog=4 dper=4 sims=5332 loop=5320 gen_time=0 eval_time=0.006 best_avg=-0.0280045 best_move=5,4 leader=4 inc2=1 attack_w=0.38161 S0=62004 SA=64101 ratio=0.967287 my_comp=10 my_front=18 leader_comp=17 comp_gain(sz/front/cut)=0/0/0
DBG summary depth_guard_fired=1
Score = 98373
=== CASE 0101.txt ===
DBG hdr N=10 M=5 T=100 U=5 VMAX=1598 TIME_LIMIT=1.94 MAX_CAND=20 UCB_C=0.21 OBJ=log(S0+1)-log(SA+1)
DBG t=0 used=0.024 remain=1.94 turn_time=0.0236195 end_in=0.0236195 cand_pre=5 cand_cap=20 cand=5->5 pre=5 pick(must/bucket/top/rand)=1/2/2/0 depth0=7 depth=5 dlog=2 dper=0 sims=5157 loop=5152 gen_time=0 eval_time=0.024 best_avg=-0.167074 best_move=6,3 leader=3 inc2=1 attack_w=0.85 S0=615 SA=1376 ratio=0.447349 my_comp=1 my_front=4 leader_comp=1 comp_gain(sz/front/cut)=1/2/0
DBG t=12 used=0.023 remain=1.661 turn_time=0.0221215 end_in=0.0221215 cand_pre=12 cand_cap=20 cand=12->12 pre=12 pick(must/bucket/top/rand)=1/2/9/0 depth0=7 depth=4 dlog=3 dper=0 sims=4404 loop=4392 gen_time=0 eval_time=0.023 best_avg=0.0615651 best_move=6,2 leader=4 inc2=0 attack_w=0.2 S0=17781 SA=16426 ratio=1.08249 my_comp=4 my_front=10 leader_comp=5 comp_gain(sz/front/cut)=0/0/0
DBG t=24 used=0.022 remain=1.394 turn_time=0.0210201 end_in=0.0210201 cand_pre=16 cand_cap=20 cand=16->16 pre=16 pick(must/bucket/top/rand)=1/2/13/0 depth0=7 depth=4 dlog=3 dper=0 sims=3308 loop=3292 gen_time=0 eval_time=0.022 best_avg=0.0921006 best_move=8,2 leader=4 inc2=1 attack_w=0.2 S0=35393 SA=30965 ratio=1.143 my_comp=6 my_front=12 leader_comp=7 comp_gain(sz/front/cut)=1/2/0
DBG t=37 used=0.02 remain=1.121 turn_time=0.0199289 end_in=0.0199289 cand_pre=20 cand_cap=20 cand=20->20 pre=20 pick(must/bucket/top/rand)=1/3/12/4 depth0=10 depth=6 dlog=4 dper=0 sims=1912 loop=1892 gen_time=0 eval_time=0.02 best_avg=0.073028 best_move=5,2 leader=1 inc2=1 attack_w=0.270806 S0=46419 SA=45615 ratio=1.01763 my_comp=9 my_front=13 leader_comp=9 comp_gain(sz/front/cut)=1/2/0
DBG t=49 used=0.019 remain=0.88 turn_time=0.018989 end_in=0.018989 cand_pre=23 cand_cap=20 cand=23->20 pre=23 pick(must/bucket/top/rand)=1/3/12/4 depth0=10 depth=6 dlog=4 dper=0 sims=1576 loop=1556 gen_time=0 eval_time=0.019 best_avg=0.200119 best_move=5,2 leader=4 inc2=1 attack_w=0.2 S0=58568 SA=51529 ratio=1.1366 my_comp=11 my_front=16 leader_comp=12 comp_gain(sz/front/cut)=0/0/0
DBG t=61 used=0.018 remain=0.653 turn_time=0.0177733 end_in=0.0177733 cand_pre=29 cand_cap=20 cand=29->20 pre=29 pick(must/bucket/top/rand)=1/5/10/4 depth0=10 depth=5 dlog=4 dper=1 sims=1576 loop=1556 gen_time=0 eval_time=0.018 best_avg=0.225524 best_move=9,0 leader=1 inc2=1 attack_w=0.2 S0=71763 SA=57693 ratio=1.24387 my_comp=16 my_front=20 leader_comp=12 comp_gain(sz/front/cut)=0/0/0
DBG t=74 used=0.017 remain=0.423 turn_time=0.0166353 end_in=0.0166353 cand_pre=35 cand_cap=20 cand=35->20 pre=35 pick(must/bucket/top/rand)=1/6/9/4 depth0=11 depth=5 dlog=4 dper=2 sims=1420 loop=1400 gen_time=0 eval_time=0.017 best_avg=0.239728 best_move=3,3 leader=1 inc2=0 attack_w=0.2 S0=87386 SA=67654 ratio=1.29166 my_comp=19 my_front=26 leader_comp=14 comp_gain(sz/front/cut)=0/0/0
DBG t=86 used=0.017 remain=0.205 turn_time=0.0169711 end_in=0.0169711 cand_pre=14 cand_cap=20 cand=14->14 pre=14 pick(must/bucket/top/rand)=1/4/9/0 depth0=11 depth=6 dlog=3 dper=0 sims=1510 loop=1496 gen_time=0 eval_time=0.017 best_avg=0.292665 best_move=1,3 leader=1 inc2=0 attack_w=0.2 S0=99864 SA=75064 ratio=1.33038 my_comp=5 my_front=12 leader_comp=15 comp_gain(sz/front/cut)=0/0/0
DBG depth_guard t=99 remain=0.013 cand_pre=39 depth0=0 depth=0
DBG t=99 used=0.008 remain=0.013 turn_time=0.0078 end_in=0.0078 cand_pre=39 cand_cap=12 cand=39->12 pre=36 pick(must/bucket/top/rand)=1/6/3/2 depth0=0 depth=0 dlog=5 dper=5 sims=9216 loop=9204 gen_time=0 eval_time=0.008 best_avg=0.332727 best_move=5,1 leader=1 inc2=0 attack_w=0.2 S0=112705 SA=80395 ratio=1.40189 my_comp=21 my_front=30 leader_comp=16 comp_gain(sz/front/cut)=0/0/0
DBG summary depth_guard_fired=1
Score = 125654
=== CASE 0104.txt ===
DBG hdr N=10 M=4 T=100 U=2 VMAX=2650 TIME_LIMIT=1.94 MAX_CAND=20 UCB_C=0.21 OBJ=log(S0+1)-log(SA+1)
DBG t=0 used=0.024 remain=1.94 turn_time=0.0238717 end_in=0.0238717 cand_pre=3 cand_cap=20 cand=3->3 pre=3 pick(must/bucket/top/rand)=1/2/0/0 depth0=7 depth=6 dlog=1 dper=0 sims=5407 loop=5404 gen_time=0 eval_time=0.024 best_avg=-0.754229 best_move=1,0 leader=2 inc2=1 attack_w=0.85 S0=768 SA=1833 ratio=0.419302 my_comp=1 my_front=2 leader_comp=1 comp_gain(sz/front/cut)=1/1/0
DBG t=12 used=0.02 remain=1.672 turn_time=0.0194275 end_in=0.0194275 cand_pre=35 cand_cap=20 cand=35->20 pre=35 pick(must/bucket/top/rand)=1/5/10/4 depth0=7 depth=2 dlog=4 dper=1 sims=3564 loop=3544 gen_time=0 eval_time=0.02 best_avg=-0.253242 best_move=6,6 leader=2 inc2=0 attack_w=0.85 S0=13069 SA=20254 ratio=0.645273 my_comp=13 my_front=25 leader_comp=7 comp_gain(sz/front/cut)=0/0/0
DBG t=24 used=0.019 remain=1.439 turn_time=0.0187449 end_in=0.0187449 cand_pre=40 cand_cap=20 cand=40->20 pre=40 pick(must/bucket/top/rand)=1/6/9/4 depth0=7 depth=0 dlog=5 dper=2 sims=37292 loop=37272 gen_time=0 eval_time=0.019 best_avg=0.372814 best_move=6,4 leader=2 inc2=1 attack_w=0.2 S0=26193 SA=17677 ratio=1.48173 my_comp=16 my_front=31 leader_comp=5 comp_gain(sz/front/cut)=0/0/0
DBG t=37 used=0.019 remain=1.192 turn_time=0.0184855 end_in=0.0184855 cand_pre=42 cand_cap=20 cand=42->20 pre=42 pick(must/bucket/top/rand)=1/7/8/4 depth0=10 depth=3 dlog=5 dper=2 sims=2064 loop=2044 gen_time=0 eval_time=0.019 best_avg=0.120899 best_move=6,6 leader=3 inc2=1 attack_w=0.2 S0=27367 SA=23809 ratio=1.14943 my_comp=19 my_front=37 leader_comp=15 comp_gain(sz/front/cut)=0/0/0
DBG t=49 used=0.021 remain=0.965 turn_time=0.0209462 end_in=0.0209462 cand_pre=22 cand_cap=20 cand=22->20 pre=22 pick(must/bucket/top/rand)=1/6/9/4 depth0=10 depth=6 dlog=4 dper=0 sims=1948 loop=1928 gen_time=0 eval_time=0.021 best_avg=-0.0901563 best_move=4,7 leader=3 inc2=0 attack_w=0.494006 S0=31436 SA=34130 ratio=0.921069 my_comp=9 my_front=20 leader_comp=19 comp_gain(sz/front/cut)=1/2/17
DBG t=61 used=0.02 remain=0.704 turn_time=0.0192788 end_in=0.0192788 cand_pre=28 cand_cap=20 cand=28->20 pre=28 pick(must/bucket/top/rand)=1/7/8/4 depth0=10 depth=5 dlog=4 dper=1 sims=2064 loop=2044 gen_time=0 eval_time=0.02 best_avg=0.0108388 best_move=3,6 leader=1 inc2=1 attack_w=0.2 S0=37669 SA=32051 ratio=1.17528 my_comp=13 my_front=25 leader_comp=22 comp_gain(sz/front/cut)=1/2/1
DBG t=74 used=0.017 remain=0.457 turn_time=0.0163729 end_in=0.0163729 cand_pre=49 cand_cap=20 cand=49->20 pre=49 pick(must/bucket/top/rand)=1/8/7/4 depth0=11 depth=3 dlog=5 dper=3 sims=1500 loop=1480 gen_time=0 eval_time=0.017 best_avg=0.111426 best_move=8,3 leader=1 inc2=0 attack_w=0.2 S0=43383 SA=38093 ratio=1.13887 my_comp=25 my_front=41 leader_comp=22 comp_gain(sz/front/cut)=1/2/1
DBG t=86 used=0.016 remain=0.249 turn_time=0.0152957 end_in=0.0152957 cand_pre=60 cand_cap=20 cand=60->20 pre=60 pick(must/bucket/top/rand)=1/8/7/4 depth0=11 depth=2 dlog=5 dper=4 sims=1504 loop=1484 gen_time=0 eval_time=0.016 best_avg=0.267008 best_move=5,3 leader=1 inc2=1 attack_w=0.2 S0=49252 SA=38549 ratio=1.27764 my_comp=33 my_front=46 leader_comp=4 comp_gain(sz/front/cut)=0/0/0
DBG t=99 used=0.018 remain=0.029 turn_time=0.0174 end_in=0.0174 cand_pre=67 cand_cap=14 cand=67->14 pre=42 pick(must/bucket/top/rand)=1/8/2/3 depth0=0 depth=0 dlog=5 dper=4 sims=41506 loop=41492 gen_time=0 eval_time=0.018 best_avg=0.346369 best_move=7,2 leader=1 inc2=0 attack_w=0.2 S0=53635 SA=38458 ratio=1.39463 my_comp=41 my_front=55 leader_comp=7 comp_gain(sz/front/cut)=1/-2/0
DBG summary depth_guard_fired=0
Score = 128700
=== CASE 0103.txt ===
DBG hdr N=10 M=6 T=100 U=1 VMAX=1933 TIME_LIMIT=1.94 MAX_CAND=20 UCB_C=0.21 OBJ=log(S0+1)-log(SA+1)
DBG t=0 used=0.024 remain=1.94 turn_time=0.0236195 end_in=0.0236195 cand_pre=5 cand_cap=20 cand=5->5 pre=5 pick(must/bucket/top/rand)=1/2/2/0 depth0=7 depth=5 dlog=2 dper=0 sims=4269 loop=4264 gen_time=0 eval_time=0.024 best_avg=-0.0519206 best_move=3,1 leader=2 inc2=1 attack_w=0.85 S0=1294 SA=1842 ratio=0.702659 my_comp=1 my_front=4 leader_comp=1 comp_gain(sz/front/cut)=1/2/0
DBG t=12 used=0.021 remain=1.672 turn_time=0.0204155 end_in=0.0204155 cand_pre=27 cand_cap=20 cand=27->20 pre=27 pick(must/bucket/top/rand)=1/3/12/4 depth0=7 depth=3 dlog=4 dper=0 sims=2768 loop=2748 gen_time=0 eval_time=0.021 best_avg=0.114761 best_move=6,1 leader=4 inc2=1 attack_w=0.2 S0=17402 SA=12678 ratio=1.37258 my_comp=13 my_front=22 leader_comp=12 comp_gain(sz/front/cut)=1/2/0
DBG t=24 used=0.021 remain=1.407 turn_time=0.0208551 end_in=0.0208551 cand_pre=19 cand_cap=20 cand=19->19 pre=19 pick(must/bucket/top/rand)=1/4/11/3 depth0=7 depth=3 dlog=4 dper=0 sims=3175 loop=3156 gen_time=0 eval_time=0.021 best_avg=0.80104 best_move=7,6 leader=4 inc2=1 attack_w=0.2 S0=24607 SA=15637 ratio=1.5736 my_comp=8 my_front=16 leader_comp=4 comp_gain(sz/front/cut)=1/2/0
DBG t=37 used=0.02 remain=1.143 turn_time=0.0190228 end_in=0.0190228 cand_pre=31 cand_cap=20 cand=31->20 pre=31 pick(must/bucket/top/rand)=1/4/11/4 depth0=10 depth=5 dlog=4 dper=1 sims=1568 loop=1548 gen_time=0 eval_time=0.02 best_avg=0.873753 best_move=9,7 leader=5 inc2=1 attack_w=0.2 S0=30782 SA=11589 ratio=2.656 my_comp=17 my_front=21 leader_comp=10 comp_gain(sz/front/cut)=1/1/0
DBG t=49 used=0.02 remain=0.909 turn_time=0.0190355 end_in=0.0190355 cand_pre=28 cand_cap=20 cand=28->20 pre=28 pick(must/bucket/top/rand)=1/6/9/4 depth0=10 depth=5 dlog=4 dper=1 sims=1864 loop=1844 gen_time=0 eval_time=0.02 best_avg=1.25833 best_move=2,4 leader=2 inc2=1 attack_w=0.2 S0=39592 SA=10299 ratio=3.84398 my_comp=12 my_front=25 leader_comp=8 comp_gain(sz/front/cut)=1/0/1
DBG t=61 used=0.018 remain=0.686 turn_time=0.0176425 end_in=0.0176425 cand_pre=38 cand_cap=20 cand=38->20 pre=38 pick(must/bucket/top/rand)=1/6/9/4 depth0=10 depth=3 dlog=5 dper=2 sims=1588 loop=1568 gen_time=0 eval_time=0.018 best_avg=1.36339 best_move=0,6 leader=2 inc2=1 attack_w=0.2 S0=46555 SA=10058 ratio=4.62829 my_comp=18 my_front=31 leader_comp=7 comp_gain(sz/front/cut)=1/1/1
DBG t=74 used=0.018 remain=0.446 turn_time=0.0175398 end_in=0.0175398 cand_pre=35 cand_cap=20 cand=35->20 pre=35 pick(must/bucket/top/rand)=1/6/9/4 depth0=11 depth=5 dlog=4 dper=2 sims=1204 loop=1184 gen_time=0 eval_time=0.018 best_avg=1.30376 best_move=0,1 leader=4 inc2=1 attack_w=0.2 S0=44543 SA=11550 ratio=3.85629 my_comp=19 my_front=25 leader_comp=10 comp_gain(sz/front/cut)=1/1/0
DBG t=86 used=0.018 remain=0.233 turn_time=0.01745 end_in=0.01745 cand_pre=31 cand_cap=20 cand=31->20 pre=31 pick(must/bucket/top/rand)=1/6/9/4 depth0=11 depth=6 dlog=4 dper=1 sims=1156 loop=1136 gen_time=0 eval_time=0.018 best_avg=1.35981 best_move=2,5 leader=5 inc2=1 attack_w=0.2 S0=46573 SA=11861 ratio=3.92632 my_comp=16 my_front=20 leader_comp=11 comp_gain(sz/front/cut)=1/2/0
DBG t=99 used=0.016 remain=0.025 turn_time=0.015 end_in=0.015 cand_pre=73 cand_cap=14 cand=73->14 pre=42 pick(must/bucket/top/rand)=1/6/4/3 depth0=0 depth=0 dlog=6 dper=5 sims=22034 loop=22020 gen_time=0 eval_time=0.016 best_avg=1.66233 best_move=7,4 leader=3 inc2=1 attack_w=0.2 S0=52758 SA=10126 ratio=5.20974 my_comp=46 my_front=51 leader_comp=8 comp_gain(sz/front/cut)=1/0/1
DBG summary depth_guard_fired=0
Score = 259541
=== CASE 0102.txt ===
DBG hdr N=10 M=2 T=100 U=1 VMAX=1073 TIME_LIMIT=1.94 MAX_CAND=20 UCB_C=0.21 OBJ=log(S0+1)-log(SA+1)
DBG t=0 used=0.024 remain=1.94 turn_time=0.0236195 end_in=0.0236195 cand_pre=5 cand_cap=20 cand=5->5 pre=5 pick(must/bucket/top/rand)=1/2/2/0 depth0=7 depth=5 dlog=2 dper=0 sims=7909 loop=7904 gen_time=0 eval_time=0.024 best_avg=0.109485 best_move=2,7 leader=1 inc2=1 attack_w=0.447251 S0=966 SA=1028 ratio=0.939747 my_comp=1 my_front=4 leader_comp=1 comp_gain(sz/front/cut)=1/2/0
DBG t=12 used=0.021 remain=1.668 turn_time=0.0206131 end_in=0.0206131 cand_pre=25 cand_cap=20 cand=25->20 pre=25 pick(must/bucket/top/rand)=1/4/11/4 depth0=7 depth=3 dlog=4 dper=0 sims=4024 loop=4004 gen_time=0 eval_time=0.021 best_avg=0.14372 best_move=5,5 leader=1 inc2=1 attack_w=0.336323 S0=13236 SA=13407 ratio=0.987246 my_comp=13 my_front=20 leader_comp=13 comp_gain(sz/front/cut)=1/2/1
DBG t=24 used=0.018 remain=1.432 turn_time=0.0174289 end_in=0.0174289 cand_pre=50 cand_cap=20 cand=50->20 pre=50 pick(must/bucket/top/rand)=1/5/10/4 depth0=7 depth=0 dlog=5 dper=3 sims=65664 loop=65644 gen_time=0 eval_time=0.018 best_avg=0.693487 best_move=6,1 leader=1 inc2=1 attack_w=0.2 S0=25760 SA=13475 ratio=1.91162 my_comp=25 my_front=41 leader_comp=5 comp_gain(sz/front/cut)=1/2/0
DBG t=37 used=0.023 remain=1.196 turn_time=0.0223728 end_in=0.0223728 cand_pre=11 cand_cap=20 cand=11->11 pre=11 pick(must/bucket/top/rand)=1/5/5/0 depth0=10 depth=7 dlog=3 dper=0 sims=3355 loop=3344 gen_time=0 eval_time=0.023 best_avg=0.800279 best_move=2,2 leader=1 inc2=1 attack_w=0.2 S0=31910 SA=12364 ratio=2.58075 my_comp=3 my_front=8 leader_comp=5 comp_gain(sz/front/cut)=1/2/0
DBG t=49 used=0.02 remain=0.932 turn_time=0.0197547 end_in=0.0197547 cand_pre=26 cand_cap=20 cand=26->20 pre=26 pick(must/bucket/top/rand)=1/6/9/4 depth0=10 depth=6 dlog=4 dper=0 sims=2604 loop=2584 gen_time=0 eval_time=0.02 best_avg=0.9148 best_move=5,2 leader=1 inc2=1 attack_w=0.2 S0=36923 SA=13435 ratio=2.74814 my_comp=12 my_front=21 leader_comp=10 comp_gain(sz/front/cut)=1/2/2
DBG t=61 used=0.021 remain=0.682 turn_time=0.0209496 end_in=0.0209496 cand_pre=8 cand_cap=20 cand=8->8 pre=8 pick(must/bucket/top/rand)=1/4/3/0 depth0=10 depth=8 dlog=2 dper=0 sims=1964 loop=1956 gen_time=0 eval_time=0.021 best_avg=0.863846 best_move=8,3 leader=1 inc2=1 attack_w=0.2 S0=37811 SA=14488 ratio=2.6097 my_comp=4 my_front=6 leader_comp=12 comp_gain(sz/front/cut)=25/36/1
DBG t=74 used=0.021 remain=0.442 turn_time=0.020808 end_in=0.020808 cand_pre=4 cand_cap=20 cand=4->4 pre=4 pick(must/bucket/top/rand)=1/2/1/0 depth0=11 depth=10 dlog=1 dper=0 sims=1224 loop=1220 gen_time=0 eval_time=0.021 best_avg=0.799557 best_move=8,1 leader=1 inc2=1 attack_w=0.2 S0=40860 SA=14339 ratio=2.84944 my_comp=2 my_front=3 leader_comp=2 comp_gain(sz/front/cut)=22/29/1
DBG t=86 used=0.018 remain=0.227 turn_time=0.0172115 end_in=0.0172115 cand_pre=29 cand_cap=20 cand=29->20 pre=29 pick(must/bucket/top/rand)=1/6/9/4 depth0=11 depth=6 dlog=4 dper=1 sims=1472 loop=1452 gen_time=0 eval_time=0.018 best_avg=1.08756 best_move=6,1 leader=1 inc2=1 attack_w=0.2 S0=43746 SA=13421 ratio=3.25935 my_comp=19 my_front=16 leader_comp=11 comp_gain(sz/front/cut)=9/17/4
DBG t=99 used=0.013 remain=0.021 turn_time=0.0126 end_in=0.0126 cand_pre=81 cand_cap=12 cand=81->12 pre=36 pick(must/bucket/top/rand)=1/6/3/2 depth0=0 depth=0 dlog=6 dper=5 sims=49468 loop=49456 gen_time=0 eval_time=0.013 best_avg=1.27675 best_move=8,0 leader=1 inc2=1 attack_w=0.2 S0=46876 SA=13237 ratio=3.54109 my_comp=46 my_front=62 leader_comp=3 comp_gain(sz/front/cut)=1/-1/0
DBG summary depth_guard_fired=0
Score = 218321
=== CASE 0105.txt ===
DBG hdr N=10 M=8 T=100 U=4 VMAX=1638 TIME_LIMIT=1.94 MAX_CAND=20 UCB_C=0.21 OBJ=log(S0+1)-log(SA+1)
DBG t=0 used=0.024 remain=1.94 turn_time=0.0236195 end_in=0.0236195 cand_pre=5 cand_cap=20 cand=5->5 pre=5 pick(must/bucket/top/rand)=1/3/1/0 depth0=7 depth=5 dlog=2 dper=0 sims=4493 loop=4488 gen_time=0 eval_time=0.024 best_avg=-0.464695 best_move=1,1 leader=6 inc2=1 attack_w=0.85 S0=1055 SA=1543 ratio=0.683938 my_comp=1 my_front=4 leader_comp=1 comp_gain(sz/front/cut)=0/0/0
DBG t=12 used=0.023 remain=1.657 turn_time=0.0221906 end_in=0.0221906 cand_pre=11 cand_cap=20 cand=11->11 pre=11 pick(must/bucket/top/rand)=1/3/7/0 depth0=7 depth=4 dlog=3 dper=0 sims=3263 loop=3252 gen_time=0 eval_time=0.023 best_avg=-0.341479 best_move=2,0 leader=6 inc2=1 attack_w=0.85 S0=13554 SA=20083 ratio=0.674915 my_comp=5 my_front=7 leader_comp=4 comp_gain(sz/front/cut)=1/1/0
DBG t=24 used=0.022 remain=1.389 turn_time=0.0210635 end_in=0.0210635 cand_pre=15 cand_cap=20 cand=15->15 pre=15 pick(must/bucket/top/rand)=1/4/10/0 depth0=7 depth=4 dlog=3 dper=0 sims=2535 loop=2520 gen_time=0 eval_time=0.022 best_avg=-0.43818 best_move=2,3 leader=2 inc2=1 attack_w=0.85 S0=21697 SA=33951 ratio=0.639079 my_comp=8 my_front=12 leader_comp=8 comp_gain(sz/front/cut)=0/0/0
DBG t=37 used=0.02 remain=1.116 turn_time=0.0196097 end_in=0.0196097 cand_pre=22 cand_cap=20 cand=22->20 pre=22 pick(must/bucket/top/rand)=1/6/9/4 depth0=10 depth=6 dlog=4 dper=0 sims=1580 loop=1560 gen_time=0 eval_time=0.02 best_avg=-0.224544 best_move=1,3 leader=2 inc2=1 attack_w=0.85 S0=31598 SA=42238 ratio=0.7481 my_comp=11 my_front=18 leader_comp=11 comp_gain(sz/front/cut)=1/0/0
DBG t=49 used=0.019 remain=0.884 turn_time=0.0183993 end_in=0.0183993 cand_pre=29 cand_cap=20 cand=29->20 pre=29 pick(must/bucket/top/rand)=1/6/9/4 depth0=10 depth=5 dlog=4 dper=1 sims=1588 loop=1568 gen_time=0 eval_time=0.019 best_avg=0.0370706 best_move=1,8 leader=2 inc2=1 attack_w=0.540463 S0=41460 SA=45902 ratio=0.903231 my_comp=16 my_front=25 leader_comp=13 comp_gain(sz/front/cut)=1/2/0
DBG t=61 used=0.02 remain=0.649 turn_time=0.0197196 end_in=0.0197196 cand_pre=10 cand_cap=20 cand=10->10 pre=10 pick(must/bucket/top/rand)=1/5/4/0 depth0=10 depth=7 dlog=3 dper=0 sims=1570 loop=1560 gen_time=0 eval_time=0.02 best_avg=0.228537 best_move=4,8 leader=2 inc2=1 attack_w=0.2 S0=46767 SA=40514 ratio=1.15434 my_comp=3 my_front=8 leader_comp=13 comp_gain(sz/front/cut)=0/0/0
DBG t=74 used=0.018 remain=0.394 turn_time=0.0179573 end_in=0.0179573 cand_pre=10 cand_cap=20 cand=10->10 pre=10 pick(must/bucket/top/rand)=1/4/5/0 depth0=11 depth=8 dlog=3 dper=0 sims=1286 loop=1276 gen_time=0 eval_time=0.018 best_avg=0.216481 best_move=5,8 leader=5 inc2=1 attack_w=0.2 S0=58195 SA=44688 ratio=1.30224 my_comp=4 my_front=8 leader_comp=13 comp_gain(sz/front/cut)=1/0/0
DBG t=86 used=0.016 remain=0.186 turn_time=0.0151391 end_in=0.0151391 cand_pre=17 cand_cap=20 cand=17->17 pre=17 pick(must/bucket/top/rand)=1/4/11/1 depth0=11 depth=6 dlog=3 dper=0 sims=1437 loop=1420 gen_time=0 eval_time=0.016 best_avg=0.122002 best_move=0,9 leader=5 inc2=1 attack_w=0.2 S0=62341 SA=51474 ratio=1.21111 my_comp=9 my_front=9 leader_comp=15 comp_gain(sz/front/cut)=0/0/0
DBG depth_guard t=98 remain=0.017 cand_pre=16 depth0=1 depth=0
DBG depth_guard t=99 remain=0.007 cand_pre=15 depth0=0 depth=0
DBG t=99 used=0.005 remain=0.007 turn_time=0.0042 end_in=0.0042 cand_pre=15 cand_cap=12 cand=15->12 pre=15 pick(must/bucket/top/rand)=1/4/5/2 depth0=0 depth=0 dlog=3 dper=4 sims=4464 loop=4452 gen_time=0 eval_time=0.005 best_avg=0.132393 best_move=1,9 leader=5 inc2=1 attack_w=0.2 S0=67272 SA=58535 ratio=1.14926 my_comp=9 my_front=9 leader_comp=20 comp_gain(sz/front/cut)=0/0/0
DBG summary depth_guard_fired=2
Score = 109374
=== CASE 0106.txt ===
DBG hdr N=10 M=4 T=100 U=2 VMAX=2254 TIME_LIMIT=1.94 MAX_CAND=20 UCB_C=0.21 OBJ=log(S0+1)-log(SA+1)
DBG t=0 used=0.024 remain=1.94 turn_time=0.0237456 end_in=0.0237456 cand_pre=4 cand_cap=20 cand=4->4 pre=4 pick(must/bucket/top/rand)=1/2/1/0 depth0=7 depth=6 dlog=1 dper=0 sims=5044 loop=5040 gen_time=0 eval_time=0.024 best_avg=0.189939 best_move=5,0 leader=3 inc2=1 attack_w=0.13 S0=2041 SA=859 ratio=2.37442 my_comp=1 my_front=3 leader_comp=1 comp_gain(sz/front/cut)=0/0/0
DBG t=12 used=0.022 remain=1.66 turn_time=0.021863 end_in=0.021863 cand_pre=14 cand_cap=20 cand=14->14 pre=14 pick(must/bucket/top/rand)=1/4/9/0 depth0=7 depth=4 dlog=3 dper=0 sims=4698 loop=4684 gen_time=0 eval_time=0.022 best_avg=0.315519 best_move=6,0 leader=3 inc2=0 attack_w=0.2 S0=22035 SA=15371 ratio=1.43352 my_comp=7 my_front=10 leader_comp=6 comp_gain(sz/front/cut)=0/0/0
DBG t=24 used=0.021 remain=1.4 turn_time=0.0207513 end_in=0.0207513 cand_pre=19 cand_cap=20 cand=19->19 pre=19 pick(must/bucket/top/rand)=1/3/12/3 depth0=7 depth=3 dlog=4 dper=0 sims=4147 loop=4128 gen_time=0 eval_time=0.021 best_avg=0.512393 best_move=6,0 leader=3 inc2=1 attack_w=0.2 S0=32069 SA=19076 ratio=1.68108 my_comp=10 my_front=14 leader_comp=8 comp_gain(sz/front/cut)=0/0/0
DBG t=37 used=0.02 remain=1.132 turn_time=0.0197741 end_in=0.0197741 cand_pre=23 cand_cap=20 cand=23->20 pre=23 pick(must/bucket/top/rand)=1/3/12/4 depth0=10 depth=6 dlog=4 dper=0 sims=2016 loop=1996 gen_time=0 eval_time=0.02 best_avg=0.498202 best_move=2,1 leader=1 inc2=1 attack_w=0.2 S0=35827 SA=21676 ratio=1.65281 my_comp=12 my_front=16 leader_comp=10 comp_gain(sz/front/cut)=1/2/0
DBG t=49 used=0.019 remain=0.896 turn_time=0.0185349 end_in=0.0185349 cand_pre=30 cand_cap=20 cand=30->20 pre=30 pick(must/bucket/top/rand)=1/5/10/4 depth0=10 depth=5 dlog=4 dper=1 sims=1872 loop=1852 gen_time=0 eval_time=0.019 best_avg=0.393694 best_move=1,1 leader=1 inc2=0 attack_w=0.2 S0=41186 SA=27821 ratio=1.48038 my_comp=15 my_front=21 leader_comp=12 comp_gain(sz/front/cut)=1/2/0
DBG t=61 used=0.018 remain=0.673 turn_time=0.0177568 end_in=0.0177568 cand_pre=34 cand_cap=20 cand=34->20 pre=34 pick(must/bucket/top/rand)=1/6/9/4 depth0=10 depth=4 dlog=4 dper=2 sims=1980 loop=1960 gen_time=0 eval_time=0.018 best_avg=0.557131 best_move=2,4 leader=1 inc2=0 attack_w=0.2 S0=44134 SA=23964 ratio=1.84164 my_comp=17 my_front=29 leader_comp=11 comp_gain(sz/front/cut)=0/0/0
DBG t=74 used=0.018 remain=0.439 turn_time=0.0173743 end_in=0.0173743 cand_pre=34 cand_cap=20 cand=34->20 pre=34 pick(must/bucket/top/rand)=1/5/10/4 depth0=11 depth=5 dlog=4 dper=2 sims=1724 loop=1704 gen_time=0 eval_time=0.018 best_avg=0.604038 best_move=5,2 leader=3 inc2=1 attack_w=0.2 S0=46681 SA=24380 ratio=1.91469 my_comp=16 my_front=27 leader_comp=11 comp_gain(sz/front/cut)=0/0/0
DBG t=86 used=0.017 remain=0.23 turn_time=0.0163711 end_in=0.0163711 cand_pre=39 cand_cap=20 cand=39->20 pre=39 pick(must/bucket/top/rand)=1/6/9/4 depth0=11 depth=4 dlog=5 dper=2 sims=1640 loop=1620 gen_time=0 eval_time=0.017 best_avg=0.743411 best_move=5,1 leader=3 inc2=1 attack_w=0.2 S0=49630 SA=23323 ratio=2.12789 my_comp=19 my_front=32 leader_comp=11 comp_gain(sz/front/cut)=1/-2/0
DBG depth_guard t=99 remain=0.014 cand_pre=35 depth0=0 depth=0
DBG t=99 used=0.009 remain=0.014 turn_time=0.0084 end_in=0.0084 cand_pre=35 cand_cap=14 cand=35->14 pre=35 pick(must/bucket/top/rand)=1/6/4/3 depth0=0 depth=0 dlog=4 dper=4 sims=13450 loop=13436 gen_time=0 eval_time=0.009 best_avg=0.643298 best_move=2,4 leader=3 inc2=1 attack_w=0.2 S0=46369 SA=24380 ratio=1.90189 my_comp=18 my_front=26 leader_comp=11 comp_gain(sz/front/cut)=0/0/0
DBG summary depth_guard_fired=1
Score = 154820
=== CASE 0107.txt ===
DBG hdr N=10 M=7 T=100 U=4 VMAX=1471 TIME_LIMIT=1.94 MAX_CAND=20 UCB_C=0.21 OBJ=log(S0+1)-log(SA+1)
DBG t=0 used=0.024 remain=1.94 turn_time=0.0237456 end_in=0.0237456 cand_pre=4 cand_cap=20 cand=4->4 pre=4 pick(must/bucket/top/rand)=1/2/1/0 depth0=7 depth=6 dlog=1 dper=0 sims=3940 loop=3936 gen_time=0 eval_time=0.024 best_avg=-0.335916 best_move=2,2 leader=3 inc2=1 attack_w=0.85 S0=680 SA=1424 ratio=0.477895 my_comp=1 my_front=4 leader_comp=1 comp_gain(sz/front/cut)=1/2/0
DBG t=12 used=0.023 remain=1.659 turn_time=0.0224625 end_in=0.0224625 cand_pre=9 cand_cap=20 cand=9->9 pre=9 pick(must/bucket/top/rand)=1/5/3/0 depth0=7 depth=4 dlog=3 dper=0 sims=3741 loop=3732 gen_time=0 eval_time=0.023 best_avg=-0.802687 best_move=3,4 leader=5 inc2=1 attack_w=0.85 S0=8067 SA=15610 ratio=0.516815 my_comp=3 my_front=8 leader_comp=5 comp_gain(sz/front/cut)=0/0/0
DBG t=24 used=0.022 remain=1.388 turn_time=0.0218793 end_in=0.0218793 cand_pre=8 cand_cap=20 cand=8->8 pre=8 pick(must/bucket/top/rand)=1/5/2/0 depth0=7 depth=5 dlog=2 dper=0 sims=2384 loop=2376 gen_time=0 eval_time=0.022 best_avg=-0.711795 best_move=3,4 leader=4 inc2=1 attack_w=0.85 S0=11591 SA=26630 ratio=0.435282 my_comp=3 my_front=8 leader_comp=11 comp_gain(sz/front/cut)=0/0/0
DBG t=37 used=0.021 remain=1.107 turn_time=0.0203653 end_in=0.0203653 cand_pre=14 cand_cap=20 cand=14->14 pre=14 pick(must/bucket/top/rand)=1/7/6/0 depth0=10 depth=7 dlog=3 dper=0 sims=1342 loop=1328 gen_time=0 eval_time=0.021 best_avg=-0.53838 best_move=4,4 leader=4 inc2=1 attack_w=0.85 S0=17292 SA=36118 ratio=0.478778 my_comp=5 my_front=12 leader_comp=13 comp_gain(sz/front/cut)=0/0/0
DBG t=49 used=0.02 remain=0.863 turn_time=0.0190621 end_in=0.0190621 cand_pre=19 cand_cap=20 cand=19->19 pre=19 pick(must/bucket/top/rand)=1/5/10/3 depth0=10 depth=6 dlog=4 dper=0 sims=1515 loop=1496 gen_time=0 eval_time=0.02 best_avg=-0.892668 best_move=4,4 leader=4 inc2=1 attack_w=0.85 S0=16638 SA=47850 ratio=0.347725 my_comp=9 my_front=18 leader_comp=15 comp_gain(sz/front/cut)=0/0/0
DBG t=61 used=0.018 remain=0.63 turn_time=0.0178823 end_in=0.0178823 cand_pre=22 cand_cap=20 cand=22->20 pre=22 pick(must/bucket/top/rand)=1/7/8/4 depth0=10 depth=6 dlog=4 dper=0 sims=1196 loop=1176 gen_time=0 eval_time=0.018 best_avg=-0.82663 best_move=7,5 leader=4 inc2=1 attack_w=0.85 S0=22392 SA=56157 ratio=0.39875 my_comp=9 my_front=20 leader_comp=19 comp_gain(sz/front/cut)=0/0/0
DBG t=74 used=0.017 remain=0.4 turn_time=0.0167308 end_in=0.0167308 cand_pre=25 cand_cap=20 cand=25->20 pre=25 pick(must/bucket/top/rand)=1/6/9/4 depth0=11 depth=6 dlog=4 dper=1 sims=1224 loop=1204 gen_time=0 eval_time=0.017 best_avg=-0.472883 best_move=7,5 leader=4 inc2=1 attack_w=0.85 S0=32169 SA=56082 ratio=0.573614 my_comp=10 my_front=22 leader_comp=19 comp_gain(sz/front/cut)=0/0/0
DBG t=86 used=0.015 remain=0.203 turn_time=0.0148262 end_in=0.0148263 cand_pre=35 cand_cap=20 cand=35->20 pre=35 pick(must/bucket/top/rand)=1/6/9/4 depth0=11 depth=5 dlog=4 dper=2 sims=1120 loop=1100 gen_time=0 eval_time=0.015 best_avg=-0.0890575 best_move=9,8 leader=4 inc2=1 attack_w=0.6457 S0=46901 SA=54204 ratio=0.865271 my_comp=15 my_front=31 leader_comp=18 comp_gain(sz/front/cut)=1/1/0
DBG depth_guard t=99 remain=0.011 cand_pre=31 depth0=0 depth=0
DBG t=99 used=0.007 remain=0.011 turn_time=0.0066 end_in=0.0066 cand_pre=31 cand_cap=12 cand=31->12 pre=31 pick(must/bucket/top/rand)=1/4/5/2 depth0=0 depth=0 dlog=4 dper=5 sims=6152 loop=6140 gen_time=0 eval_time=0.007 best_avg=0.0422118 best_move=7,5 leader=4 inc2=1 attack_w=0.2 S0=48360 SA=45453 ratio=1.06395 my_comp=15 my_front=26 leader_comp=14 comp_gain(sz/front/cut)=0/0/0
DBG summary depth_guard_fired=1
Score = 104329
=== CASE 0111.txt ===
DBG hdr N=10 M=2 T=100 U=1 VMAX=2340 TIME_LIMIT=1.94 MAX_CAND=20 UCB_C=0.21 OBJ=log(S0+1)-log(SA+1)
DBG t=0 used=0.024 remain=1.94 turn_time=0.0238717 end_in=0.0238717 cand_pre=3 cand_cap=20 cand=3->3 pre=3 pick(must/bucket/top/rand)=1/2/0/0 depth0=7 depth=6 dlog=1 dper=0 sims=7595 loop=7592 gen_time=0 eval_time=0.024 best_avg=-0.0391197 best_move=6,1 leader=1 inc2=1 attack_w=0.13 S0=835 SA=566 ratio=1.47443 my_comp=1 my_front=3 leader_comp=1 comp_gain(sz/front/cut)=1/2/0
DBG t=12 used=0.021 remain=1.669 turn_time=0.0207487 end_in=0.0207487 cand_pre=24 cand_cap=20 cand=24->20 pre=24 pick(must/bucket/top/rand)=1/4/11/4 depth0=7 depth=3 dlog=4 dper=0 sims=4732 loop=4712 gen_time=0 eval_time=0.021 best_avg=0.432184 best_move=5,6 leader=1 inc2=1 attack_w=0.2 S0=12321 SA=8471 ratio=1.45444 my_comp=10 my_front=17 leader_comp=2 comp_gain(sz/front/cut)=1/2/0
DBG t=24 used=0.019 remain=1.426 turn_time=0.0184536 end_in=0.0184536 cand_pre=41 cand_cap=20 cand=41->20 pre=41 pick(must/bucket/top/rand)=1/5/10/4 depth0=7 depth=0 dlog=5 dper=2 sims=83692 loop=83672 gen_time=0 eval_time=0.019 best_avg=1.8359 best_move=9,8 leader=1 inc2=1 attack_w=0.2 S0=34241 SA=5799 ratio=5.90379 my_comp=21 my_front=29 leader_comp=2 comp_gain(sz/front/cut)=1/-1/1
DBG t=37 used=0.018 remain=1.186 turn_time=0.0171688 end_in=0.0171688 cand_pre=52 cand_cap=20 cand=52->20 pre=52 pick(must/bucket/top/rand)=1/6/9/4 depth0=10 depth=2 dlog=5 dper=3 sims=1868 loop=1848 gen_time=0 eval_time=0.018 best_avg=2.44477 best_move=3,6 leader=1 inc2=1 attack_w=0.2 S0=49073 SA=4893 ratio=10.0274 my_comp=34 my_front=26 leader_comp=3 comp_gain(sz/front/cut)=1/2/1
DBG t=49 used=0.016 remain=0.981 turn_time=0.0157922 end_in=0.0157922 cand_pre=66 cand_cap=14 cand=66->14 pre=42 pick(must/bucket/top/rand)=1/6/4/3 depth0=10 depth=1 dlog=5 dper=4 sims=1238 loop=1224 gen_time=0 eval_time=0.016 best_avg=2.64771 best_move=1,8 leader=1 inc2=1 attack_w=0.2 S0=56215 SA=4976 ratio=11.2952 my_comp=44 my_front=32 leader_comp=5 comp_gain(sz/front/cut)=1/2/1
DBG t=61 used=0.015 remain=0.765 turn_time=0.0144467 end_in=0.0144467 cand_pre=79 cand_cap=14 cand=79->14 pre=42 pick(must/bucket/top/rand)=1/6/4/3 depth0=10 depth=0 dlog=6 dper=5 sims=58894 loop=58880 gen_time=0 eval_time=0.015 best_avg=3.07934 best_move=0,7 leader=1 inc2=1 attack_w=0.2 S0=63846 SA=2762 ratio=23.1079 my_comp=54 my_front=38 leader_comp=2 comp_gain(sz/front/cut)=1/1/0
DBG t=74 used=0.016 remain=0.567 turn_time=0.0152654 end_in=0.0152654 cand_pre=89 cand_cap=12 cand=89->12 pre=36 pick(must/bucket/top/rand)=1/4/5/2 depth0=11 depth=0 dlog=6 dper=5 sims=63976 loop=63964 gen_time=0 eval_time=0.016 best_avg=2.8551 best_move=3,2 leader=1 inc2=1 attack_w=0.2 S0=69208 SA=3040 ratio=22.7586 my_comp=64 my_front=50 leader_comp=1 comp_gain(sz/front/cut)=1/0/0
DBG t=86 used=0.019 remain=0.364 turn_time=0.0182 end_in=0.0182 cand_pre=89 cand_cap=12 cand=89->12 pre=36 pick(must/bucket/top/rand)=1/5/4/2 depth0=11 depth=0 dlog=6 dper=5 sims=71824 loop=71812 gen_time=0 eval_time=0.019 best_avg=2.65302 best_move=7,5 leader=1 inc2=1 attack_w=0.2 S0=69432 SA=4738 ratio=14.6514 my_comp=65 my_front=48 leader_comp=2 comp_gain(sz/front/cut)=1/-2/0
DBG t=99 used=0.037 remain=0.061 turn_time=0.0366 end_in=0.0366 cand_pre=97 cand_cap=12 cand=97->12 pre=36 pick(must/bucket/top/rand)=1/5/4/2 depth0=0 depth=0 dlog=6 dper=3 sims=121384 loop=121372 gen_time=0 eval_time=0.037 best_avg=3.11497 best_move=7,3 leader=1 inc2=1 attack_w=0.2 S0=85618 SA=3710 ratio=23.0717 my_comp=76 my_front=45 leader_comp=3 comp_gain(sz/front/cut)=1/-2/0
DBG summary depth_guard_fired=0
Score = 458962
=== CASE 0108.txt ===
DBG hdr N=10 M=5 T=100 U=5 VMAX=1062 TIME_LIMIT=1.94 MAX_CAND=20 UCB_C=0.21 OBJ=log(S0+1)-log(SA+1)
DBG t=0 used=0.024 remain=1.94 turn_time=0.0237456 end_in=0.0237456 cand_pre=4 cand_cap=20 cand=4->4 pre=4 pick(must/bucket/top/rand)=1/2/1/0 depth0=7 depth=6 dlog=1 dper=0 sims=4616 loop=4612 gen_time=0 eval_time=0.024 best_avg=-0.0562535 best_move=9,4 leader=4 inc2=1 attack_w=0.2348 S0=1023 SA=1048 ratio=0.976168 my_comp=1 my_front=3 leader_comp=1 comp_gain(sz/front/cut)=1/1/0
DBG t=12 used=0.022 remain=1.661 turn_time=0.0216307 end_in=0.0216307 cand_pre=16 cand_cap=20 cand=16->16 pre=16 pick(must/bucket/top/rand)=1/4/11/0 depth0=7 depth=4 dlog=3 dper=0 sims=3392 loop=3376 gen_time=0 eval_time=0.022 best_avg=0.0145796 best_move=6,4 leader=1 inc2=0 attack_w=0.290426 S0=13429 SA=13318 ratio=1.00833 my_comp=8 my_front=12 leader_comp=3 comp_gain(sz/front/cut)=1/2/0
DBG t=24 used=0.02 remain=1.4 turn_time=0.0196737 end_in=0.0196737 cand_pre=28 cand_cap=20 cand=28->20 pre=28 pick(must/bucket/top/rand)=1/7/8/4 depth0=7 depth=2 dlog=4 dper=1 sims=3052 loop=3032 gen_time=0 eval_time=0.02 best_avg=0.0639487 best_move=7,2 leader=3 inc2=1 attack_w=0.2 S0=22596 SA=21343 ratio=1.05871 my_comp=14 my_front=22 leader_comp=20 comp_gain(sz/front/cut)=0/0/0
DBG t=37 used=0.019 remain=1.14 turn_time=0.0189729 end_in=0.0189729 cand_pre=31 cand_cap=20 cand=31->20 pre=31 pick(must/bucket/top/rand)=1/8/7/4 depth0=10 depth=5 dlog=4 dper=1 sims=1468 loop=1448 gen_time=0 eval_time=0.019 best_avg=-0.00233317 best_move=9,4 leader=3 inc2=1 attack_w=0.207421 S0=29822 SA=28433 ratio=1.04885 my_comp=17 my_front=24 leader_comp=26 comp_gain(sz/front/cut)=0/0/0
DBG t=49 used=0.019 remain=0.908 turn_time=0.0186674 end_in=0.0186674 cand_pre=31 cand_cap=20 cand=31->20 pre=31 pick(must/bucket/top/rand)=1/7/8/4 depth0=10 depth=5 dlog=4 dper=1 sims=1488 loop=1468 gen_time=0 eval_time=0.019 best_avg=0.0203839 best_move=7,5 leader=4 inc2=1 attack_w=0.2 S0=35964 SA=33107 ratio=1.08629 my_comp=17 my_front=23 leader_comp=7 comp_gain(sz/front/cut)=0/0/0
DBG t=61 used=0.018 remain=0.681 turn_time=0.0176274 end_in=0.0176274 cand_pre=37 cand_cap=20 cand=37->20 pre=37 pick(must/bucket/top/rand)=1/6/9/4 depth0=10 depth=3 dlog=5 dper=2 sims=1844 loop=1824 gen_time=0 eval_time=0.018 best_avg=0.0652201 best_move=7,2 leader=3 inc2=1 attack_w=0.2 S0=41934 SA=39486 ratio=1.062 my_comp=19 my_front=30 leader_comp=22 comp_gain(sz/front/cut)=0/0/0
DBG t=74 used=0.017 remain=0.451 turn_time=0.0168344 end_in=0.0168344 cand_pre=43 cand_cap=20 cand=43->20 pre=43 pick(must/bucket/top/rand)=1/7/8/4 depth0=11 depth=3 dlog=5 dper=3 sims=1500 loop=1480 gen_time=0 eval_time=0.017 best_avg=-0.0813078 best_move=7,4 leader=2 inc2=1 attack_w=0.418527 S0=42922 SA=45105 ratio=0.951603 my_comp=21 my_front=34 leader_comp=24 comp_gain(sz/front/cut)=0/0/0
DBG t=86 used=0.017 remain=0.247 turn_time=0.016205 end_in=0.016205 cand_pre=51 cand_cap=20 cand=51->20 pre=51 pick(must/bucket/top/rand)=1/6/9/4 depth0=11 depth=3 dlog=5 dper=3 sims=1448 loop=1428 gen_time=0 eval_time=0.017 best_avg=-0.123409 best_move=7,2 leader=2 inc2=1 attack_w=0.611319 S0=46960 SA=53527 ratio=0.877317 my_comp=26 my_front=38 leader_comp=22 comp_gain(sz/front/cut)=0/0/0
DBG t=99 used=0.014 remain=0.022 turn_time=0.0132 end_in=0.0132 cand_pre=61 cand_cap=14 cand=61->14 pre=42 pick(must/bucket/top/rand)=1/6/4/3 depth0=0 depth=0 dlog=5 dper=5 sims=17614 loop=17600 gen_time=0 eval_time=0.014 best_avg=-0.229441 best_move=8,5 leader=2 inc2=1 attack_w=0.85 S0=47600 SA=59945 ratio=0.794065 my_comp=33 my_front=49 leader_comp=9 comp_gain(sz/front/cut)=0/0/0
DBG summary depth_guard_fired=0
Score = 83277
=== CASE 0109.txt ===
DBG hdr N=10 M=8 T=100 U=4 VMAX=2107 TIME_LIMIT=1.94 MAX_CAND=20 UCB_C=0.21 OBJ=log(S0+1)-log(SA+1)
DBG t=0 used=0.024 remain=1.94 turn_time=0.0237456 end_in=0.0237456 cand_pre=4 cand_cap=20 cand=4->4 pre=4 pick(must/bucket/top/rand)=1/2/1/0 depth0=7 depth=6 dlog=1 dper=0 sims=3184 loop=3180 gen_time=0 eval_time=0.024 best_avg=-0.278275 best_move=9,4 leader=5 inc2=1 attack_w=0.697626 S0=1101 SA=1299 ratio=0.847692 my_comp=1 my_front=3 leader_comp=1 comp_gain(sz/front/cut)=1/1/0
DBG t=12 used=0.023 remain=1.659 turn_time=0.0228301 end_in=0.0228301 cand_pre=6 cand_cap=20 cand=6->6 pre=6 pick(must/bucket/top/rand)=1/5/0/0 depth0=7 depth=5 dlog=2 dper=0 sims=3222 loop=3216 gen_time=0 eval_time=0.023 best_avg=-0.137846 best_move=7,0 leader=7 inc2=1 attack_w=0.294034 S0=16060 SA=15954 ratio=1.00664 my_comp=2 my_front=4 leader_comp=4 comp_gain(sz/front/cut)=0/0/0
DBG t=24 used=0.022 remain=1.389 turn_time=0.0211822 end_in=0.0211822 cand_pre=14 cand_cap=20 cand=14->14 pre=14 pick(must/bucket/top/rand)=1/6/7/0 depth0=7 depth=4 dlog=3 dper=0 sims=3214 loop=3200 gen_time=0 eval_time=0.022 best_avg=-0.225833 best_move=8,1 leader=7 inc2=1 attack_w=0.724625 S0=25809 SA=30768 ratio=0.838831 my_comp=6 my_front=10 leader_comp=6 comp_gain(sz/front/cut)=0/0/0
DBG t=37 used=0.021 remain=1.109 turn_time=0.0206309 end_in=0.0206309 cand_pre=12 cand_cap=20 cand=12->12 pre=12 pick(must/bucket/top/rand)=1/5/6/0 depth0=10 depth=7 dlog=3 dper=0 sims=1648 loop=1636 gen_time=0 eval_time=0.021 best_avg=-0.070772 best_move=8,2 leader=7 inc2=1 attack_w=0.672902 S0=29138 SA=34041 ratio=0.855972 my_comp=7 my_front=8 leader_comp=7 comp_gain(sz/front/cut)=0/0/0
DBG t=49 used=0.021 remain=0.858 turn_time=0.0200452 end_in=0.0200452 cand_pre=9 cand_cap=20 cand=9->9 pre=9 pick(must/bucket/top/rand)=1/5/3/0 depth0=10 depth=7 dlog=3 dper=0 sims=1725 loop=1716 gen_time=0 eval_time=0.021 best_avg=-0.152669 best_move=4,0 leader=7 inc2=1 attack_w=0.732954 S0=31880 SA=38128 ratio=0.836135 my_comp=4 my_front=7 leader_comp=8 comp_gain(sz/front/cut)=0/0/0
DBG t=61 used=0.019 remain=0.622 turn_time=0.0180699 end_in=0.0180699 cand_pre=18 cand_cap=20 cand=18->18 pre=18 pick(must/bucket/top/rand)=1/6/9/2 depth0=10 depth=6 dlog=4 dper=0 sims=1614 loop=1596 gen_time=0 eval_time=0.019 best_avg=0.0681073 best_move=3,2 leader=7 inc2=1 attack_w=0.352481 S0=34844 SA=35554 ratio=0.980031 my_comp=8 my_front=14 leader_comp=8 comp_gain(sz/front/cut)=1/0/0
DBG t=74 used=0.017 remain=0.389 turn_time=0.0164652 end_in=0.0164652 cand_pre=23 cand_cap=20 cand=23->20 pre=23 pick(must/bucket/top/rand)=1/8/7/4 depth0=11 depth=6 dlog=4 dper=1 sims=1452 loop=1432 gen_time=0 eval_time=0.017 best_avg=0.175184 best_move=2,5 leader=4 inc2=1 attack_w=0.2 S0=40420 SA=33814 ratio=1.19536 my_comp=10 my_front=18 leader_comp=23 comp_gain(sz/front/cut)=1/2/5
DBG t=86 used=0.015 remain=0.2 turn_time=0.0148857 end_in=0.0148857 cand_pre=32 cand_cap=20 cand=32->20 pre=32 pick(must/bucket/top/rand)=1/8/7/4 depth0=11 depth=5 dlog=4 dper=2 sims=1340 loop=1320 gen_time=0 eval_time=0.015 best_avg=0.0933089 best_move=4,3 leader=4 inc2=1 attack_w=0.2 S0=40716 SA=33975 ratio=1.1984 my_comp=14 my_front=25 leader_comp=6 comp_gain(sz/front/cut)=1/2/1
DBG depth_guard t=98 remain=0.018 cand_pre=17 depth0=1 depth=0
DBG depth_guard t=99 remain=0.007 cand_pre=15 depth0=0 depth=0
DBG t=99 used=0.005 remain=0.007 turn_time=0.0042 end_in=0.0042 cand_pre=15 cand_cap=12 cand=15->12 pre=15 pick(must/bucket/top/rand)=1/6/3/2 depth0=0 depth=0 dlog=3 dper=4 sims=4844 loop=4832 gen_time=0 eval_time=0.005 best_avg=-0.189769 best_move=6,0 leader=6 inc2=1 attack_w=0.712741 S0=35279 SA=41864 ratio=0.842709 my_comp=7 my_front=12 leader_comp=12 comp_gain(sz/front/cut)=0/0/0
DBG summary depth_guard_fired=2
Score = 86903
=== CASE 0110.txt ===
DBG hdr N=10 M=4 T=100 U=4 VMAX=2343 TIME_LIMIT=1.94 MAX_CAND=20 UCB_C=0.21 OBJ=log(S0+1)-log(SA+1)
DBG t=0 used=0.024 remain=1.94 turn_time=0.0236195 end_in=0.0236195 cand_pre=5 cand_cap=20 cand=5->5 pre=5 pick(must/bucket/top/rand)=1/2/2/0 depth0=7 depth=5 dlog=2 dper=0 sims=5677 loop=5672 gen_time=0 eval_time=0.024 best_avg=-0.445445 best_move=3,4 leader=3 inc2=1 attack_w=0.85 S0=676 SA=1868 ratio=0.362226 my_comp=1 my_front=4 leader_comp=1 comp_gain(sz/front/cut)=1/2/0
DBG t=12 used=0.023 remain=1.663 turn_time=0.0225166 end_in=0.0225166 cand_pre=9 cand_cap=20 cand=9->9 pre=9 pick(must/bucket/top/rand)=1/8/0/0 depth0=7 depth=4 dlog=3 dper=0 sims=4893 loop=4884 gen_time=0 eval_time=0.023 best_avg=-0.025144 best_move=2,8 leader=3 inc2=1 attack_w=0.85 S0=15321 SA=24479 ratio=0.625899 my_comp=3 my_front=8 leader_comp=9 comp_gain(sz/front/cut)=1/2/2
DBG t=24 used=0.021 remain=1.391 turn_time=0.0208558 end_in=0.0208558 cand_pre=17 cand_cap=20 cand=17->17 pre=17 pick(must/bucket/top/rand)=1/6/9/1 depth0=7 depth=4 dlog=3 dper=0 sims=4181 loop=4164 gen_time=0 eval_time=0.021 best_avg=0.143098 best_move=3,9 leader=1 inc2=1 attack_w=0.25637 S0=37776 SA=36870 ratio=1.02457 my_comp=8 my_front=13 leader_comp=7 comp_gain(sz/front/cut)=0/0/0
DBG t=37 used=0.021 remain=1.117 turn_time=0.0203188 end_in=0.0203188 cand_pre=16 cand_cap=20 cand=16->16 pre=16 pick(must/bucket/top/rand)=1/4/11/0 depth0=10 depth=7 dlog=3 dper=0 sims=2536 loop=2520 gen_time=0 eval_time=0.021 best_avg=0.139127 best_move=0,9 leader=1 inc2=0 attack_w=0.2 S0=57579 SA=50684 ratio=1.13604 my_comp=9 my_front=11 leader_comp=8 comp_gain(sz/front/cut)=0/0/0
DBG t=49 used=0.02 remain=0.866 turn_time=0.0196803 end_in=0.0196803 cand_pre=14 cand_cap=20 cand=14->14 pre=14 pick(must/bucket/top/rand)=1/4/9/0 depth0=10 depth=7 dlog=3 dper=0 sims=2478 loop=2464 gen_time=0 eval_time=0.02 best_avg=-0.0114637 best_move=1,9 leader=1 inc2=0 attack_w=0.377901 S0=58707 SA=60592 ratio=0.968891 my_comp=8 my_front=11 leader_comp=10 comp_gain(sz/front/cut)=0/0/0
DBG t=61 used=0.019 remain=0.63 turn_time=0.0188273 end_in=0.0188273 cand_pre=13 cand_cap=20 cand=13->13 pre=13 pick(must/bucket/top/rand)=1/3/9/0 depth0=10 depth=7 dlog=3 dper=0 sims=1941 loop=1928 gen_time=0 eval_time=0.019 best_avg=-0.0114643 best_move=4,9 leader=1 inc2=0 attack_w=0.2 S0=68376 SA=63287 ratio=1.08041 my_comp=9 my_front=12 leader_comp=12 comp_gain(sz/front/cut)=0/0/0
DBG t=74 used=0.018 remain=0.388 turn_time=0.0170048 end_in=0.0170048 cand_pre=17 cand_cap=20 cand=17->17 pre=17 pick(must/bucket/top/rand)=1/4/11/1 depth0=11 depth=8 dlog=3 dper=0 sims=1717 loop=1700 gen_time=0 eval_time=0.018 best_avg=-0.0629958 best_move=5,9 leader=1 inc2=0 attack_w=0.365349 S0=62245 SA=63883 ratio=0.97436 my_comp=9 my_front=14 leader_comp=15 comp_gain(sz/front/cut)=0/0/0
DBG t=86 used=0.015 remain=0.183 turn_time=0.0149799 end_in=0.0149799 cand_pre=16 cand_cap=20 cand=16->16 pre=16 pick(must/bucket/top/rand)=1/4/11/0 depth0=11 depth=6 dlog=3 dper=0 sims=1684 loop=1668 gen_time=0 eval_time=0.015 best_avg=-0.208464 best_move=2,9 leader=1 inc2=0 attack_w=0.706657 S0=57554 SA=68135 ratio=0.844708 my_comp=9 my_front=11 leader_comp=17 comp_gain(sz/front/cut)=0/0/0
DBG depth_guard t=98 remain=0.017 cand_pre=16 depth0=1 depth=0
DBG depth_guard t=99 remain=0.007 cand_pre=15 depth0=0 depth=0
DBG t=99 used=0.005 remain=0.007 turn_time=0.0042 end_in=0.0042 cand_pre=15 cand_cap=12 cand=15->12 pre=15 pick(must/bucket/top/rand)=1/3/6/2 depth0=0 depth=0 dlog=3 dper=4 sims=5976 loop=5964 gen_time=0 eval_time=0.005 best_avg=0.0184938 best_move=1,9 leader=1 inc2=0 attack_w=0.332369 S0=70581 SA=71364 ratio=0.989028 my_comp=9 my_front=11 leader_comp=21 comp_gain(sz/front/cut)=0/0/0
DBG summary depth_guard_fired=2
Score = 99657
=== CASE 0112.txt ===
DBG hdr N=10 M=8 T=100 U=4 VMAX=1508 TIME_LIMIT=1.94 MAX_CAND=20 UCB_C=0.21 OBJ=log(S0+1)-log(SA+1)
DBG t=0 used=0.024 remain=1.94 turn_time=0.0236195 end_in=0.0236195 cand_pre=5 cand_cap=20 cand=5->5 pre=5 pick(must/bucket/top/rand)=1/2/2/0 depth0=7 depth=5 dlog=2 dper=0 sims=4289 loop=4284 gen_time=0 eval_time=0.024 best_avg=-0.298616 best_move=8,6 leader=1 inc2=1 attack_w=0.85 S0=1009 SA=1306 ratio=0.772762 my_comp=1 my_front=4 leader_comp=1 comp_gain(sz/front/cut)=0/0/0
DBG t=12 used=0.022 remain=1.665 turn_time=0.0213139 end_in=0.0213139 cand_pre=19 cand_cap=20 cand=19->19 pre=19 pick(must/bucket/top/rand)=1/6/9/3 depth0=7 depth=3 dlog=4 dper=0 sims=3551 loop=3532 gen_time=0 eval_time=0.022 best_avg=-0.0124608 best_move=5,7 leader=1 inc2=1 attack_w=0.411375 S0=13982 SA=14647 ratio=0.954601 my_comp=7 my_front=16 leader_comp=4 comp_gain(sz/front/cut)=0/0/0
DBG t=24 used=0.022 remain=1.404 turn_time=0.0215311 end_in=0.0215311 cand_pre=13 cand_cap=20 cand=13->13 pre=13 pick(must/bucket/top/rand)=1/5/7/0 depth0=7 depth=4 dlog=3 dper=0 sims=2465 loop=2452 gen_time=0 eval_time=0.022 best_avg=-0.29443 best_move=6,7 leader=5 inc2=1 attack_w=0.85 S0=18848 SA=25539 ratio=0.738019 my_comp=5 my_front=12 leader_comp=14 comp_gain(sz/front/cut)=0/0/0
DBG t=37 used=0.021 remain=1.124 turn_time=0.0202142 end_in=0.0202142 cand_pre=18 cand_cap=20 cand=18->18 pre=18 pick(must/bucket/top/rand)=1/6/9/2 depth0=10 depth=6 dlog=4 dper=0 sims=1622 loop=1604 gen_time=0 eval_time=0.021 best_avg=-0.195099 best_move=7,7 leader=1 inc2=1 attack_w=0.813749 S0=27791 SA=34274 ratio=0.810853 my_comp=7 my_front=14 leader_comp=10 comp_gain(sz/front/cut)=0/0/0
DBG t=49 used=0.02 remain=0.879 turn_time=0.0190795 end_in=0.0190795 cand_pre=22 cand_cap=20 cand=22->20 pre=22 pick(must/bucket/top/rand)=1/6/9/4 depth0=10 depth=6 dlog=4 dper=0 sims=1696 loop=1676 gen_time=0 eval_time=0.02 best_avg=-0.142834 best_move=2,9 leader=6 inc2=1 attack_w=0.488952 S0=37426 SA=40546 ratio=0.923052 my_comp=11 my_front=13 leader_comp=11 comp_gain(sz/front/cut)=1/1/0
DBG t=61 used=0.019 remain=0.65 turn_time=0.018125 end_in=0.018125 cand_pre=25 cand_cap=20 cand=25->20 pre=25 pick(must/bucket/top/rand)=1/5/10/4 depth0=10 depth=5 dlog=4 dper=1 sims=1620 loop=1600 gen_time=0 eval_time=0.019 best_avg=-0.0647289 best_move=5,6 leader=1 inc2=1 attack_w=0.403354 S0=44030 SA=45961 ratio=0.957987 my_comp=13 my_front=14 leader_comp=15 comp_gain(sz/front/cut)=0/0/0
DBG t=74 used=0.018 remain=0.412 turn_time=0.0172327 end_in=0.0172327 cand_pre=25 cand_cap=20 cand=25->20 pre=25 pick(must/bucket/top/rand)=1/5/10/4 depth0=11 depth=6 dlog=4 dper=1 sims=1408 loop=1388 gen_time=0 eval_time=0.018 best_avg=-0.0825124 best_move=5,5 leader=6 inc2=1 attack_w=0.580385 S0=45570 SA=51292 ratio=0.888445 my_comp=13 my_front=14 leader_comp=13 comp_gain(sz/front/cut)=1/2/0
DBG t=86 used=0.016 remain=0.207 turn_time=0.0155989 end_in=0.0155989 cand_pre=30 cand_cap=20 cand=30->20 pre=30 pick(must/bucket/top/rand)=1/5/10/4 depth0=11 depth=5 dlog=4 dper=2 sims=1448 loop=1428 gen_time=0 eval_time=0.016 best_avg=-0.0441011 best_move=4,7 leader=6 inc2=1 attack_w=0.522898 S0=50721 SA=55744 ratio=0.909893 my_comp=17 my_front=20 leader_comp=15 comp_gain(sz/front/cut)=0/0/0
DBG depth_guard t=99 remain=0.01 cand_pre=30 depth0=0 depth=0
DBG t=99 used=0.007 remain=0.01 turn_time=0.006 end_in=0.006 cand_pre=30 cand_cap=12 cand=30->12 pre=30 pick(must/bucket/top/rand)=1/5/4/2 depth0=0 depth=0 dlog=4 dper=5 sims=6456 loop=6444 gen_time=0 eval_time=0.007 best_avg=0.0269622 best_move=2,9 leader=6 inc2=1 attack_w=0.278175 S0=59269 SA=58444 ratio=1.01412 my_comp=17 my_front=20 leader_comp=15 comp_gain(sz/front/cut)=0/0/0
DBG summary depth_guard_fired=1
Score = 103161
=== CASE 0113.txt ===
DBG hdr N=10 M=2 T=100 U=5 VMAX=2124 TIME_LIMIT=1.94 MAX_CAND=20 UCB_C=0.21 OBJ=log(S0+1)-log(SA+1)
DBG t=0 used=0.024 remain=1.94 turn_time=0.0236195 end_in=0.0236195 cand_pre=5 cand_cap=20 cand=5->5 pre=5 pick(must/bucket/top/rand)=1/3/1/0 depth0=7 depth=5 dlog=2 dper=0 sims=9117 loop=9112 gen_time=0 eval_time=0.024 best_avg=0.516138 best_move=4,4 leader=1 inc2=1 attack_w=0.13 S0=1941 SA=594 ratio=3.26387 my_comp=1 my_front=4 leader_comp=1 comp_gain(sz/front/cut)=1/2/0
DBG t=12 used=0.022 remain=1.659 turn_time=0.0219723 end_in=0.0219723 cand_pre=13 cand_cap=20 cand=13->13 pre=13 pick(must/bucket/top/rand)=1/4/8/0 depth0=7 depth=4 dlog=3 dper=0 sims=6965 loop=6952 gen_time=0 eval_time=0.022 best_avg=1.39908 best_move=3,5 leader=1 inc2=1 attack_w=0.2 S0=15680 SA=4443 ratio=3.52858 my_comp=5 my_front=12 leader_comp=5 comp_gain(sz/front/cut)=0/0/0
DBG t=24 used=0.021 remain=1.393 turn_time=0.0207667 end_in=0.0207667 cand_pre=18 cand_cap=20 cand=18->18 pre=18 pick(must/bucket/top/rand)=1/6/9/2 depth0=7 depth=3 dlog=4 dper=0 sims=6078 loop=6060 gen_time=0 eval_time=0.021 best_avg=1.36759 best_move=4,4 leader=1 inc2=1 attack_w=0.2 S0=26586 SA=6020 ratio=4.41571 my_comp=7 my_front=16 leader_comp=7 comp_gain(sz/front/cut)=0/0/0
DBG t=37 used=0.02 remain=1.127 turn_time=0.0195704 end_in=0.0195704 cand_pre=24 cand_cap=20 cand=24->20 pre=24 pick(must/bucket/top/rand)=1/7/8/4 depth0=10 depth=6 dlog=4 dper=0 sims=2960 loop=2940 gen_time=0 eval_time=0.02 best_avg=1.42142 best_move=8,7 leader=1 inc2=1 attack_w=0.2 S0=38190 SA=7964 ratio=4.79485 my_comp=10 my_front=22 leader_comp=8 comp_gain(sz/front/cut)=1/2/0
DBG t=49 used=0.018 remain=0.897 turn_time=0.017984 end_in=0.017984 cand_pre=35 cand_cap=20 cand=35->20 pre=35 pick(must/bucket/top/rand)=1/8/7/4 depth0=10 depth=4 dlog=4 dper=2 sims=2728 loop=2708 gen_time=0 eval_time=0.018 best_avg=1.75379 best_move=4,4 leader=1 inc2=1 attack_w=0.2 S0=42615 SA=6233 ratio=6.83606 my_comp=14 my_front=30 leader_comp=10 comp_gain(sz/front/cut)=0/0/0
DBG t=61 used=0.018 remain=0.681 turn_time=0.0171734 end_in=0.0171734 cand_pre=41 cand_cap=20 cand=41->20 pre=41 pick(must/bucket/top/rand)=1/8/7/4 depth0=10 depth=3 dlog=5 dper=2 sims=2360 loop=2340 gen_time=0 eval_time=0.018 best_avg=2.26782 best_move=3,4 leader=1 inc2=1 attack_w=0.2 S0=48228 SA=4399 ratio=10.9611 my_comp=19 my_front=34 leader_comp=5 comp_gain(sz/front/cut)=1/0/0
DBG t=74 used=0.016 remain=0.443 turn_time=0.0158713 end_in=0.0158713 cand_pre=49 cand_cap=20 cand=49->20 pre=49 pick(must/bucket/top/rand)=1/8/7/4 depth0=11 depth=3 dlog=5 dper=3 sims=1740 loop=1720 gen_time=0 eval_time=0.016 best_avg=2.24343 best_move=1,4 leader=1 inc2=1 attack_w=0.2 S0=47412 SA=5163 ratio=9.18145 my_comp=23 my_front=44 leader_comp=3 comp_gain(sz/front/cut)=0/0/0
DBG t=86 used=0.016 remain=0.245 turn_time=0.01596 end_in=0.01596 cand_pre=52 cand_cap=20 cand=52->20 pre=52 pick(must/bucket/top/rand)=1/6/9/4 depth0=11 depth=3 dlog=5 dper=3 sims=1536 loop=1516 gen_time=0 eval_time=0.016 best_avg=2.61716 best_move=1,3 leader=1 inc2=1 attack_w=0.2 S0=54926 SA=4926 ratio=11.1482 my_comp=27 my_front=40 leader_comp=1 comp_gain(sz/front/cut)=1/-2/0
DBG t=99 used=0.013 remain=0.021 turn_time=0.0126 end_in=0.0126 cand_pre=54 cand_cap=16 cand=54->16 pre=48 pick(must/bucket/top/rand)=1/6/5/4 depth0=0 depth=0 dlog=5 dper=4 sims=56652 loop=56636 gen_time=0 eval_time=0.013 best_avg=3.36461 best_move=2,4 leader=1 inc2=1 attack_w=0.2 S0=56039 SA=1996 ratio=28.0621 my_comp=27 my_front=45 leader_comp=2 comp_gain(sz/front/cut)=1/-2/1
DBG summary depth_guard_fired=0
Score = 517718
=== CASE 0114.txt ===
DBG hdr N=10 M=7 T=100 U=1 VMAX=2188 TIME_LIMIT=1.94 MAX_CAND=20 UCB_C=0.21 OBJ=log(S0+1)-log(SA+1)
DBG t=0 used=0.024 remain=1.94 turn_time=0.0237456 end_in=0.0237456 cand_pre=4 cand_cap=20 cand=4->4 pre=4 pick(must/bucket/top/rand)=1/2/1/0 depth0=7 depth=6 dlog=1 dper=0 sims=3080 loop=3076 gen_time=0 eval_time=0.024 best_avg=-1.0924 best_move=8,1 leader=5 inc2=1 attack_w=0.85 S0=394 SA=2188 ratio=0.180448 my_comp=1 my_front=4 leader_comp=1 comp_gain(sz/front/cut)=1/2/0
DBG t=12 used=0.023 remain=1.667 turn_time=0.0228171 end_in=0.0228171 cand_pre=7 cand_cap=20 cand=7->7 pre=7 pick(must/bucket/top/rand)=1/1/5/0 depth0=7 depth=5 dlog=2 dper=0 sims=2291 loop=2284 gen_time=0 eval_time=0.023 best_avg=-0.567221 best_move=6,4 leader=4 inc2=1 attack_w=0.85 S0=10412 SA=15548 ratio=0.669689 my_comp=2 my_front=6 leader_comp=12 comp_gain(sz/front/cut)=10/17/0
DBG t=24 used=0.023 remain=1.409 turn_time=0.0224513 end_in=0.0224513 cand_pre=6 cand_cap=20 cand=6->6 pre=6 pick(must/bucket/top/rand)=1/1/4/0 depth0=7 depth=5 dlog=2 dper=0 sims=2810 loop=2804 gen_time=0 eval_time=0.023 best_avg=-0.0514089 best_move=0,5 leader=1 inc2=1 attack_w=0.2 S0=15041 SA=13819 ratio=1.08842 my_comp=2 my_front=5 leader_comp=12 comp_gain(sz/front/cut)=1/1/0
DBG t=37 used=0.02 remain=1.124 turn_time=0.0197503 end_in=0.0197503 cand_pre=22 cand_cap=20 cand=22->20 pre=22 pick(must/bucket/top/rand)=1/5/10/4 depth0=10 depth=6 dlog=4 dper=0 sims=1636 loop=1616 gen_time=0 eval_time=0.02 best_avg=-0.200003 best_move=3,8 leader=1 inc2=1 attack_w=0.85 S0=19295 SA=25972 ratio=0.742925 my_comp=10 my_front=16 leader_comp=20 comp_gain(sz/front/cut)=1/2/0
DBG t=49 used=0.02 remain=0.88 turn_time=0.019662 end_in=0.019662 cand_pre=17 cand_cap=20 cand=17->17 pre=17 pick(must/bucket/top/rand)=1/5/10/1 depth0=10 depth=7 dlog=3 dper=0 sims=1453 loop=1436 gen_time=0 eval_time=0.02 best_avg=0.319704 best_move=8,6 leader=1 inc2=1 attack_w=0.2 S0=26593 SA=19008 ratio=1.39902 my_comp=7 my_front=13 leader_comp=5 comp_gain(sz/front/cut)=1/0/2
DBG t=61 used=0.018 remain=0.645 turn_time=0.0178781 end_in=0.0178781 cand_pre=26 cand_cap=20 cand=26->20 pre=26 pick(must/bucket/top/rand)=1/5/10/4 depth0=10 depth=5 dlog=4 dper=1 sims=1568 loop=1548 gen_time=0 eval_time=0.018 best_avg=0.588384 best_move=7,5 leader=3 inc2=1 attack_w=0.2 S0=26246 SA=14001 ratio=1.87452 my_comp=14 my_front=23 leader_comp=11 comp_gain(sz/front/cut)=1/-2/0
DBG t=74 used=0.016 remain=0.417 turn_time=0.0154611 end_in=0.0154611 cand_pre=44 cand_cap=20 cand=44->20 pre=44 pick(must/bucket/top/rand)=1/5/10/4 depth0=11 depth=3 dlog=5 dper=3 sims=1280 loop=1260 gen_time=0 eval_time=0.016 best_avg=0.531974 best_move=5,4 leader=3 inc2=1 attack_w=0.2 S0=26562 SA=12164 ratio=2.18356 my_comp=22 my_front=35 leader_comp=10 comp_gain(sz/front/cut)=1/0/0
DBG t=86 used=0.016 remain=0.213 turn_time=0.0158533 end_in=0.0158533 cand_pre=32 cand_cap=20 cand=32->20 pre=32 pick(must/bucket/top/rand)=1/6/9/4 depth0=11 depth=5 dlog=4 dper=2 sims=1136 loop=1116 gen_time=0 eval_time=0.016 best_avg=0.507855 best_move=6,4 leader=3 inc2=1 attack_w=0.2 S0=24557 SA=14691 ratio=1.67152 my_comp=15 my_front=25 leader_comp=11 comp_gain(sz/front/cut)=5/8/0
DBG depth_guard t=99 remain=0.009 cand_pre=7 depth0=0 depth=0
DBG t=99 used=0.006 remain=0.009 turn_time=0.0054 end_in=0.0054 cand_pre=7 cand_cap=12 cand=7->7 pre=7 pick(must/bucket/top/rand)=1/0/6/0 depth0=0 depth=0 dlog=2 dper=0 sims=6951 loop=6944 gen_time=0 eval_time=0.006 best_avg=0.488489 best_move=2,6 leader=2 inc2=1 attack_w=0.2 S0=29107 SA=16179 ratio=1.79901 my_comp=2 my_front=6 leader_comp=15 comp_gain(sz/front/cut)=1/2/0
DBG summary depth_guard_fired=1
Score = 143223
=== CASE 0115.txt ===
DBG hdr N=10 M=8 T=100 U=5 VMAX=1950 TIME_LIMIT=1.94 MAX_CAND=20 UCB_C=0.21 OBJ=log(S0+1)-log(SA+1)
DBG t=0 used=0.024 remain=1.94 turn_time=0.0236195 end_in=0.0236195 cand_pre=5 cand_cap=20 cand=5->5 pre=5 pick(must/bucket/top/rand)=1/2/2/0 depth0=7 depth=5 dlog=2 dper=0 sims=4029 loop=4024 gen_time=0 eval_time=0.024 best_avg=-0.914667 best_move=8,7 leader=2 inc2=1 attack_w=0.85 S0=500 SA=1789 ratio=0.279888 my_comp=1 my_front=4 leader_comp=1 comp_gain(sz/front/cut)=1/2/0
DBG t=12 used=0.021 remain=1.668 turn_time=0.0208595 end_in=0.0208595 cand_pre=23 cand_cap=20 cand=23->20 pre=23 pick(must/bucket/top/rand)=1/4/11/4 depth0=7 depth=3 dlog=4 dper=0 sims=3252 loop=3232 gen_time=0 eval_time=0.021 best_avg=-0.16823 best_move=8,3 leader=3 inc2=1 attack_w=0.77653 S0=16580 SA=20163 ratio=0.822307 my_comp=8 my_front=18 leader_comp=4 comp_gain(sz/front/cut)=0/0/0
DBG t=24 used=0.021 remain=1.416 turn_time=0.0200196 end_in=0.0200196 cand_pre=27 cand_cap=20 cand=27->20 pre=27 pick(must/bucket/top/rand)=1/4/11/4 depth0=7 depth=2 dlog=4 dper=1 sims=3348 loop=3328 gen_time=0 eval_time=0.021 best_avg=0.139068 best_move=6,3 leader=2 inc2=1 attack_w=0.2 S0=34587 SA=29619 ratio=1.16772 my_comp=11 my_front=24 leader_comp=4 comp_gain(sz/front/cut)=0/0/0
DBG t=37 used=0.02 remain=1.155 turn_time=0.0193417 end_in=0.0193417 cand_pre=30 cand_cap=20 cand=30->20 pre=30 pick(must/bucket/top/rand)=1/4/11/4 depth0=10 depth=5 dlog=4 dper=1 sims=1560 loop=1540 gen_time=0 eval_time=0.02 best_avg=0.366905 best_move=9,2 leader=2 inc2=1 attack_w=0.2 S0=51597 SA=36728 ratio=1.40483 my_comp=13 my_front=27 leader_comp=5 comp_gain(sz/front/cut)=1/-1/0
DBG t=49 used=0.019 remain=0.912 turn_time=0.0184009 end_in=0.0184009 cand_pre=34 cand_cap=20 cand=34->20 pre=34 pick(must/bucket/top/rand)=1/4/11/4 depth0=10 depth=4 dlog=4 dper=2 sims=1672 loop=1652 gen_time=0 eval_time=0.019 best_avg=0.467181 best_move=5,5 leader=3 inc2=1 attack_w=0.2 S0=65408 SA=41829 ratio=1.56369 my_comp=16 my_front=30 leader_comp=8 comp_gain(sz/front/cut)=0/0/0
DBG t=61 used=0.019 remain=0.681 turn_time=0.0189894 end_in=0.0189894 cand_pre=25 cand_cap=20 cand=25->20 pre=25 pick(must/bucket/top/rand)=1/5/10/4 depth0=10 depth=6 dlog=4 dper=0 sims=1456 loop=1436 gen_time=0 eval_time=0.019 best_avg=0.383725 best_move=8,2 leader=2 inc2=1 attack_w=0.2 S0=70402 SA=45770 ratio=1.53816 my_comp=12 my_front=22 leader_comp=6 comp_gain(sz/front/cut)=0/0/0
DBG t=74 used=0.019 remain=0.433 turn_time=0.0182193 end_in=0.0182193 cand_pre=24 cand_cap=20 cand=24->20 pre=24 pick(must/bucket/top/rand)=1/5/10/4 depth0=11 depth=7 dlog=4 dper=0 sims=1464 loop=1444 gen_time=0 eval_time=0.019 best_avg=0.40205 best_move=9,1 leader=3 inc2=1 attack_w=0.2 S0=82484 SA=52254 ratio=1.57851 my_comp=13 my_front=22 leader_comp=9 comp_gain(sz/front/cut)=0/0/0
DBG t=86 used=0.017 remain=0.216 turn_time=0.0168789 end_in=0.0168789 cand_pre=24 cand_cap=20 cand=24->20 pre=24 pick(must/bucket/top/rand)=1/6/9/4 depth0=11 depth=6 dlog=4 dper=1 sims=1372 loop=1352 gen_time=0 eval_time=0.017 best_avg=0.430131 best_move=8,1 leader=3 inc2=1 attack_w=0.2 S0=86935 SA=53327 ratio=1.63021 my_comp=13 my_front=22 leader_comp=10 comp_gain(sz/front/cut)=0/0/0
DBG depth_guard t=99 remain=0.011 cand_pre=28 depth0=0 depth=0
DBG t=99 used=0.007 remain=0.011 turn_time=0.0066 end_in=0.0066 cand_pre=28 cand_cap=12 cand=28->12 pre=28 pick(must/bucket/top/rand)=1/6/3/2 depth0=0 depth=0 dlog=4 dper=4 sims=6032 loop=6020 gen_time=0 eval_time=0.007 best_avg=0.507144 best_move=9,0 leader=3 inc2=1 attack_w=0.2 S0=95811 SA=57462 ratio=1.66737 my_comp=14 my_front=22 leader_comp=10 comp_gain(sz/front/cut)=0/0/0
DBG summary depth_guard_fired=1
Score = 142257
=== CASE 0116.txt ===
DBG hdr N=10 M=5 T=100 U=4 VMAX=1772 TIME_LIMIT=1.94 MAX_CAND=20 UCB_C=0.21 OBJ=log(S0+1)-log(SA+1)
DBG t=0 used=0.024 remain=1.94 turn_time=0.0237456 end_in=0.0237456 cand_pre=4 cand_cap=20 cand=4->4 pre=4 pick(must/bucket/top/rand)=1/2/1/0 depth0=7 depth=6 dlog=1 dper=0 sims=4416 loop=4412 gen_time=0 eval_time=0.024 best_avg=-0.553827 best_move=5,5 leader=1 inc2=1 attack_w=0.85 S0=673 SA=1482 ratio=0.454484 my_comp=1 my_front=4 leader_comp=1 comp_gain(sz/front/cut)=1/2/0
DBG t=12 used=0.022 remain=1.667 turn_time=0.0217089 end_in=0.0217089 cand_pre=16 cand_cap=20 cand=16->16 pre=16 pick(must/bucket/top/rand)=1/6/9/0 depth0=7 depth=4 dlog=3 dper=0 sims=3728 loop=3712 gen_time=0 eval_time=0.022 best_avg=0.00763775 best_move=1,5 leader=1 inc2=1 attack_w=0.2 S0=17364 SA=15666 ratio=1.10838 my_comp=5 my_front=12 leader_comp=3 comp_gain(sz/front/cut)=0/0/0
DBG t=24 used=0.021 remain=1.406 turn_time=0.02072 end_in=0.02072 cand_pre=20 cand_cap=20 cand=20->20 pre=20 pick(must/bucket/top/rand)=1/7/8/4 depth0=7 depth=3 dlog=4 dper=0 sims=3304 loop=3284 gen_time=0 eval_time=0.021 best_avg=0.126544 best_move=4,4 leader=1 inc2=1 attack_w=0.2 S0=28977 SA=25137 ratio=1.15276 my_comp=8 my_front=16 leader_comp=6 comp_gain(sz/front/cut)=0/0/0
DBG t=37 used=0.02 remain=1.14 turn_time=0.019561 end_in=0.019561 cand_pre=26 cand_cap=20 cand=26->20 pre=26 pick(must/bucket/top/rand)=1/7/8/4 depth0=10 depth=6 dlog=4 dper=0 sims=1592 loop=1572 gen_time=0 eval_time=0.02 best_avg=0.122975 best_move=3,2 leader=1 inc2=1 attack_w=0.2 S0=44624 SA=36287 ratio=1.22975 my_comp=10 my_front=20 leader_comp=7 comp_gain(sz/front/cut)=0/0/0
DBG t=49 used=0.02 remain=0.898 turn_time=0.019263 end_in=0.019263 cand_pre=24 cand_cap=20 cand=24->20 pre=24 pick(must/bucket/top/rand)=1/7/8/4 depth0=10 depth=6 dlog=4 dper=0 sims=1612 loop=1592 gen_time=0 eval_time=0.02 best_avg=0.0978716 best_move=3,4 leader=1 inc2=1 attack_w=0.2 S0=50857 SA=43820 ratio=1.16059 my_comp=10 my_front=20 leader_comp=8 comp_gain(sz/front/cut)=0/0/0
DBG t=61 used=0.019 remain=0.668 turn_time=0.0181816 end_in=0.0181816 cand_pre=29 cand_cap=20 cand=29->20 pre=29 pick(must/bucket/top/rand)=1/6/9/4 depth0=10 depth=5 dlog=4 dper=1 sims=1684 loop=1664 gen_time=0 eval_time=0.019 best_avg=0.0503692 best_move=2,3 leader=4 inc2=1 attack_w=0.2 S0=57443 SA=53241 ratio=1.07892 my_comp=12 my_front=22 leader_comp=17 comp_gain(sz/front/cut)=0/0/0
DBG t=74 used=0.018 remain=0.431 turn_time=0.0170577 end_in=0.0170577 cand_pre=34 cand_cap=20 cand=34->20 pre=34 pick(must/bucket/top/rand)=1/6/9/4 depth0=11 depth=5 dlog=4 dper=2 sims=1592 loop=1572 gen_time=0 eval_time=0.018 best_avg=0.101953 best_move=0,4 leader=4 inc2=1 attack_w=0.2 S0=67382 SA=60642 ratio=1.11114 my_comp=16 my_front=22 leader_comp=19 comp_gain(sz/front/cut)=0/0/0
DBG t=86 used=0.017 remain=0.225 turn_time=0.016642 end_in=0.016642 cand_pre=33 cand_cap=20 cand=33->20 pre=33 pick(must/bucket/top/rand)=1/6/9/4 depth0=11 depth=5 dlog=4 dper=2 sims=1460 loop=1440 gen_time=0 eval_time=0.017 best_avg=0.0604477 best_move=3,5 leader=4 inc2=1 attack_w=0.2 S0=70894 SA=66810 ratio=1.06113 my_comp=17 my_front=22 leader_comp=21 comp_gain(sz/front/cut)=0/0/0
DBG depth_guard t=99 remain=0.013 cand_pre=34 depth0=0 depth=0
DBG t=99 used=0.008 remain=0.013 turn_time=0.0078 end_in=0.0078 cand_pre=34 cand_cap=12 cand=34->12 pre=34 pick(must/bucket/top/rand)=1/6/3/2 depth0=0 depth=0 dlog=4 dper=4 sims=8156 loop=8144 gen_time=0 eval_time=0.008 best_avg=0.107512 best_move=0,4 leader=4 inc2=0 attack_w=0.2 S0=75410 SA=68499 ratio=1.10089 my_comp=17 my_front=22 leader_comp=21 comp_gain(sz/front/cut)=0/0/0
DBG summary depth_guard_fired=1
Score = 108225
=== CASE 0117.txt ===
DBG hdr N=10 M=8 T=100 U=2 VMAX=1187 TIME_LIMIT=1.94 MAX_CAND=20 UCB_C=0.21 OBJ=log(S0+1)-log(SA+1)
DBG t=0 used=0.024 remain=1.94 turn_time=0.0237456 end_in=0.0237456 cand_pre=4 cand_cap=20 cand=4->4 pre=4 pick(must/bucket/top/rand)=1/2/1/0 depth0=7 depth=6 dlog=1 dper=0 sims=3128 loop=3124 gen_time=0 eval_time=0.024 best_avg=-0.35215 best_move=8,1 leader=3 inc2=1 attack_w=0.250668 S0=1092 SA=1131 ratio=0.965548 my_comp=1 my_front=3 leader_comp=1 comp_gain(sz/front/cut)=1/2/0
DBG t=12 used=0.022 remain=1.659 turn_time=0.0219723 end_in=0.0219723 cand_pre=13 cand_cap=20 cand=13->13 pre=13 pick(must/bucket/top/rand)=1/4/8/0 depth0=7 depth=4 dlog=3 dper=0 sims=2617 loop=2604 gen_time=0 eval_time=0.022 best_avg=-0.414945 best_move=7,2 leader=5 inc2=1 attack_w=0.85 S0=10030 SA=13098 ratio=0.765784 my_comp=6 my_front=12 leader_comp=11 comp_gain(sz/front/cut)=0/0/0
DBG t=24 used=0.021 remain=1.398 turn_time=0.020363 end_in=0.020363 cand_pre=22 cand_cap=20 cand=22->20 pre=22 pick(must/bucket/top/rand)=1/5/10/4 depth0=7 depth=3 dlog=4 dper=0 sims=2420 loop=2400 gen_time=0 eval_time=0.021 best_avg=-0.54104 best_move=5,0 leader=5 inc2=1 attack_w=0.85 S0=13372 SA=24816 ratio=0.538864 my_comp=11 my_front=18 leader_comp=22 comp_gain(sz/front/cut)=0/0/0
DBG t=37 used=0.021 remain=1.12 turn_time=0.0203733 end_in=0.0203733 cand_pre=16 cand_cap=20 cand=16->16 pre=16 pick(must/bucket/top/rand)=1/3/12/0 depth0=10 depth=7 dlog=3 dper=0 sims=800 loop=784 gen_time=0 eval_time=0.021 best_avg=-0.700658 best_move=7,1 leader=5 inc2=1 attack_w=0.85 S0=16824 SA=33604 ratio=0.50067 my_comp=10 my_front=11 leader_comp=31 comp_gain(sz/front/cut)=0/0/0
DBG t=49 used=0.019 remain=0.872 turn_time=0.0188164 end_in=0.0188164 cand_pre=23 cand_cap=20 cand=23->20 pre=23 pick(must/bucket/top/rand)=1/4/11/4 depth0=10 depth=6 dlog=4 dper=0 sims=1240 loop=1220 gen_time=0 eval_time=0.019 best_avg=-0.43475 best_move=8,3 leader=5 inc2=1 attack_w=0.85 S0=22656 SA=33838 ratio=0.669553 my_comp=14 my_front=14 leader_comp=29 comp_gain(sz/front/cut)=0/0/0
DBG t=61 used=0.018 remain=0.641 turn_time=0.0176604 end_in=0.0176604 cand_pre=27 cand_cap=20 cand=27->20 pre=27 pick(must/bucket/top/rand)=1/4/11/4 depth0=10 depth=5 dlog=4 dper=1 sims=1408 loop=1388 gen_time=0 eval_time=0.018 best_avg=-0.377492 best_move=6,2 leader=5 inc2=1 attack_w=0.794844 S0=25513 SA=31242 ratio=0.816631 my_comp=15 my_front=19 leader_comp=8 comp_gain(sz/front/cut)=0/0/0
DBG t=74 used=0.018 remain=0.401 turn_time=0.0173741 end_in=0.0173741 cand_pre=19 cand_cap=20 cand=19->19 pre=19 pick(must/bucket/top/rand)=1/5/10/3 depth0=11 depth=7 dlog=4 dper=0 sims=1099 loop=1080 gen_time=0 eval_time=0.018 best_avg=-0.0553286 best_move=9,5 leader=1 inc2=1 attack_w=0.261578 S0=25996 SA=25435 ratio=1.02206 my_comp=11 my_front=13 leader_comp=14 comp_gain(sz/front/cut)=0/0/0
DBG t=86 used=0.016 remain=0.199 turn_time=0.0150885 end_in=0.0150885 cand_pre=29 cand_cap=20 cand=29->20 pre=29 pick(must/bucket/top/rand)=1/2/13/4 depth0=11 depth=5 dlog=4 dper=2 sims=1320 loop=1300 gen_time=0 eval_time=0.016 best_avg=0.08113 best_move=9,8 leader=4 inc2=1 attack_w=0.2 S0=27789 SA=24601 ratio=1.12958 my_comp=16 my_front=21 leader_comp=15 comp_gain(sz/front/cut)=0/0/0
DBG depth_guard t=99 remain=0.01 cand_pre=30 depth0=0 depth=0
DBG t=99 used=0.007 remain=0.01 turn_time=0.006 end_in=0.006 cand_pre=30 cand_cap=12 cand=30->12 pre=30 pick(must/bucket/top/rand)=1/3/6/2 depth0=0 depth=0 dlog=4 dper=5 sims=6272 loop=6260 gen_time=0 eval_time=0.007 best_avg=0.0610398 best_move=7,2 leader=4 inc2=1 attack_w=0.2 S0=32089 SA=30174 ratio=1.06346 my_comp=17 my_front=22 leader_comp=18 comp_gain(sz/front/cut)=1/2/0
DBG summary depth_guard_fired=1
Score = 110085
=== CASE 0118.txt ===
DBG hdr N=10 M=4 T=100 U=2 VMAX=2712 TIME_LIMIT=1.94 MAX_CAND=20 UCB_C=0.21 OBJ=log(S0+1)-log(SA+1)
DBG t=0 used=0.024 remain=1.94 turn_time=0.0237456 end_in=0.0237456 cand_pre=4 cand_cap=20 cand=4->4 pre=4 pick(must/bucket/top/rand)=1/2/1/0 depth0=7 depth=6 dlog=1 dper=0 sims=4616 loop=4612 gen_time=0 eval_time=0.024 best_avg=0.11781 best_move=5,9 leader=3 inc2=1 attack_w=0.85 S0=398 SA=1263 ratio=0.315665 my_comp=1 my_front=3 leader_comp=1 comp_gain(sz/front/cut)=1/1/0
DBG t=12 used=0.022 remain=1.665 turn_time=0.0214369 end_in=0.0214369 cand_pre=18 cand_cap=20 cand=18->18 pre=18 pick(must/bucket/top/rand)=1/4/11/2 depth0=7 depth=3 dlog=4 dper=0 sims=4374 loop=4356 gen_time=0 eval_time=0.022 best_avg=0.65246 best_move=8,8 leader=1 inc2=0 attack_w=0.2 S0=24134 SA=12133 ratio=1.98904 my_comp=8 my_front=14 leader_comp=7 comp_gain(sz/front/cut)=1/2/0
DBG t=24 used=0.021 remain=1.41 turn_time=0.0200554 end_in=0.0200554 cand_pre=26 cand_cap=20 cand=26->20 pre=26 pick(must/bucket/top/rand)=1/7/8/4 depth0=7 depth=3 dlog=4 dper=0 sims=3264 loop=3244 gen_time=0 eval_time=0.021 best_avg=0.654407 best_move=5,7 leader=1 inc2=0 attack_w=0.2 S0=39930 SA=21388 ratio=1.86689 my_comp=14 my_front=20 leader_comp=10 comp_gain(sz/front/cut)=0/0/0
DBG t=37 used=0.02 remain=1.147 turn_time=0.0194444 end_in=0.0194444 cand_pre=28 cand_cap=20 cand=28->20 pre=28 pick(must/bucket/top/rand)=1/6/9/4 depth0=10 depth=5 dlog=4 dper=1 sims=1736 loop=1716 gen_time=0 eval_time=0.02 best_avg=0.985849 best_move=3,6 leader=2 inc2=1 attack_w=0.2 S0=48863 SA=19296 ratio=2.53221 my_comp=15 my_front=20 leader_comp=12 comp_gain(sz/front/cut)=1/2/0
DBG t=49 used=0.019 remain=0.908 turn_time=0.0183202 end_in=0.0183202 cand_pre=34 cand_cap=20 cand=34->20 pre=34 pick(must/bucket/top/rand)=1/8/7/4 depth0=10 depth=4 dlog=4 dper=2 sims=1696 loop=1676 gen_time=0 eval_time=0.019 best_avg=1.05142 best_move=7,5 leader=1 inc2=1 attack_w=0.2 S0=55263 SA=20847 ratio=2.65081 my_comp=20 my_front=23 leader_comp=13 comp_gain(sz/front/cut)=0/0/0
DBG t=61 used=0.021 remain=0.683 turn_time=0.0208665 end_in=0.0208665 cand_pre=9 cand_cap=20 cand=9->9 pre=9 pick(must/bucket/top/rand)=1/5/3/0 depth0=10 depth=7 dlog=3 dper=0 sims=2281 loop=2272 gen_time=0 eval_time=0.021 best_avg=1.02321 best_move=9,3 leader=1 inc2=0 attack_w=0.2 S0=60919 SA=25844 ratio=2.35713 my_comp=3 my_front=8 leader_comp=7 comp_gain(sz/front/cut)=0/0/0
DBG t=74 used=0.016 remain=0.437 turn_time=0.0159841 end_in=0.0159841 cand_pre=46 cand_cap=20 cand=46->20 pre=46 pick(must/bucket/top/rand)=1/6/9/4 depth0=11 depth=3 dlog=5 dper=3 sims=1492 loop=1472 gen_time=0 eval_time=0.016 best_avg=1.30704 best_move=8,2 leader=2 inc2=1 attack_w=0.2 S0=68136 SA=16179 ratio=4.21119 my_comp=28 my_front=33 leader_comp=4 comp_gain(sz/front/cut)=0/0/0
DBG t=86 used=0.016 remain=0.24 turn_time=0.0157457 end_in=0.0157457 cand_pre=51 cand_cap=20 cand=51->20 pre=51 pick(must/bucket/top/rand)=1/8/7/4 depth0=11 depth=3 dlog=5 dper=3 sims=1380 loop=1360 gen_time=0 eval_time=0.016 best_avg=1.27942 best_move=6,4 leader=3 inc2=1 attack_w=0.2 S0=74721 SA=21763 ratio=3.43328 my_comp=31 my_front=32 leader_comp=13 comp_gain(sz/front/cut)=1/2/0
DBG t=99 used=0.013 remain=0.021 turn_time=0.0126 end_in=0.0126 cand_pre=53 cand_cap=16 cand=53->16 pre=48 pick(must/bucket/top/rand)=1/4/7/4 depth0=0 depth=0 dlog=5 dper=4 sims=23292 loop=23276 gen_time=0 eval_time=0.013 best_avg=1.12125 best_move=7,5 leader=3 inc2=0 attack_w=0.2 S0=78837 SA=27433 ratio=2.87373 my_comp=34 my_front=34 leader_comp=16 comp_gain(sz/front/cut)=0/0/0
DBG summary depth_guard_fired=0
Score = 194488
=== CASE 0119.txt ===
DBG hdr N=10 M=8 T=100 U=1 VMAX=2418 TIME_LIMIT=1.94 MAX_CAND=20 UCB_C=0.21 OBJ=log(S0+1)-log(SA+1)
DBG t=0 used=0.024 remain=1.94 turn_time=0.0236195 end_in=0.0236195 cand_pre=5 cand_cap=20 cand=5->5 pre=5 pick(must/bucket/top/rand)=1/2/2/0 depth0=7 depth=5 dlog=2 dper=0 sims=3705 loop=3700 gen_time=0 eval_time=0.024 best_avg=-0.464666 best_move=5,7 leader=1 inc2=1 attack_w=0.85 S0=754 SA=2161 ratio=0.349214 my_comp=1 my_front=4 leader_comp=1 comp_gain(sz/front/cut)=1/2/0
DBG t=12 used=0.023 remain=1.661 turn_time=0.0223669 end_in=0.0223669 cand_pre=10 cand_cap=20 cand=10->10 pre=10 pick(must/bucket/top/rand)=1/2/7/0 depth0=7 depth=4 dlog=3 dper=0 sims=2862 loop=2852 gen_time=0 eval_time=0.023 best_avg=-0.491791 best_move=2,9 leader=5 inc2=1 attack_w=0.85 S0=8429 SA=12877 ratio=0.654605 my_comp=3 my_front=8 leader_comp=4 comp_gain(sz/front/cut)=1/1/0
DBG t=24 used=0.021 remain=1.395 turn_time=0.0206772 end_in=0.0206772 cand_pre=19 cand_cap=20 cand=19->19 pre=19 pick(must/bucket/top/rand)=1/5/10/3 depth0=7 depth=3 dlog=4 dper=0 sims=3059 loop=3040 gen_time=0 eval_time=0.021 best_avg=-0.150537 best_move=3,7 leader=3 inc2=1 attack_w=0.670748 S0=14957 SA=17459 ratio=0.856701 my_comp=9 my_front=19 leader_comp=18 comp_gain(sz/front/cut)=1/0/1
DBG t=37 used=0.02 remain=1.119 turn_time=0.0193161 end_in=0.0193161 cand_pre=25 cand_cap=20 cand=25->20 pre=25 pick(must/bucket/top/rand)=1/3/12/4 depth0=10 depth=6 dlog=4 dper=0 sims=1552 loop=1532 gen_time=0 eval_time=0.02 best_avg=0.137888 best_move=4,6 leader=2 inc2=1 attack_w=0.2 S0=20126 SA=16227 ratio=1.24026 my_comp=10 my_front=22 leader_comp=6 comp_gain(sz/front/cut)=1/-2/0
DBG t=49 used=0.019 remain=0.884 turn_time=0.0182867 end_in=0.0182867 cand_pre=30 cand_cap=20 cand=30->20 pre=30 pick(must/bucket/top/rand)=1/6/9/4 depth0=10 depth=5 dlog=4 dper=1 sims=1456 loop=1436 gen_time=0 eval_time=0.019 best_avg=0.586833 best_move=4,6 leader=1 inc2=1 attack_w=0.2 S0=25811 SA=13833 ratio=1.86584 my_comp=14 my_front=29 leader_comp=2 comp_gain(sz/front/cut)=1/0/0
DBG t=61 used=0.017 remain=0.67 turn_time=0.0163377 end_in=0.0163377 cand_pre=46 cand_cap=20 cand=46->20 pre=46 pick(must/bucket/top/rand)=1/6/9/4 depth0=10 depth=2 dlog=5 dper=3 sims=1716 loop=1696 gen_time=0 eval_time=0.017 best_avg=1.00839 best_move=0,5 leader=2 inc2=1 attack_w=0.2 S0=40088 SA=12330 ratio=3.25107 my_comp=25 my_front=36 leader_comp=5 comp_gain(sz/front/cut)=1/1/0
DBG t=74 used=0.017 remain=0.445 turn_time=0.016833 end_in=0.016833 cand_pre=41 cand_cap=20 cand=41->20 pre=41 pick(must/bucket/top/rand)=1/5/10/4 depth0=11 depth=4 dlog=5 dper=2 sims=1204 loop=1184 gen_time=0 eval_time=0.017 best_avg=0.894011 best_move=8,8 leader=3 inc2=1 attack_w=0.2 S0=35969 SA=14262 ratio=2.52191 my_comp=23 my_front=31 leader_comp=4 comp_gain(sz/front/cut)=1/2/0
DBG t=86 used=0.02 remain=0.235 turn_time=0.0190182 end_in=0.0190182 cand_pre=18 cand_cap=20 cand=18->18 pre=18 pick(must/bucket/top/rand)=1/5/10/2 depth0=11 depth=6 dlog=4 dper=0 sims=1490 loop=1472 gen_time=0 eval_time=0.02 best_avg=0.601774 best_move=2,5 leader=2 inc2=1 attack_w=0.2 S0=29322 SA=11701 ratio=2.50581 my_comp=8 my_front=18 leader_comp=9 comp_gain(sz/front/cut)=1/2/0
DBG depth_guard t=99 remain=0.011 cand_pre=10 depth0=0 depth=0
DBG t=99 used=0.007 remain=0.011 turn_time=0.0066 end_in=0.0066 cand_pre=10 cand_cap=12 cand=10->10 pre=10 pick(must/bucket/top/rand)=1/4/5/0 depth0=0 depth=0 dlog=3 dper=1 sims=8154 loop=8144 gen_time=0 eval_time=0.007 best_avg=0.407765 best_move=2,7 leader=6 inc2=1 attack_w=0.2 S0=23627 SA=13313 ratio=1.77467 my_comp=4 my_front=10 leader_comp=18 comp_gain(sz/front/cut)=3/5/0
DBG summary depth_guard_fired=1
Score = 124995
=== CASE 0120.txt ===
DBG hdr N=10 M=2 T=100 U=1 VMAX=2348 TIME_LIMIT=1.94 MAX_CAND=20 UCB_C=0.21 OBJ=log(S0+1)-log(SA+1)
DBG t=0 used=0.024 remain=1.94 turn_time=0.0236195 end_in=0.0236195 cand_pre=5 cand_cap=20 cand=5->5 pre=5 pick(must/bucket/top/rand)=1/2/2/0 depth0=7 depth=5 dlog=2 dper=0 sims=8025 loop=8020 gen_time=0 eval_time=0.024 best_avg=0.303643 best_move=1,5 leader=1 inc2=1 attack_w=0.13 S0=1817 SA=756 ratio=2.40159 my_comp=1 my_front=4 leader_comp=1 comp_gain(sz/front/cut)=1/2/0
DBG t=12 used=0.021 remain=1.671 turn_time=0.0202799 end_in=0.0202799 cand_pre=28 cand_cap=20 cand=28->20 pre=28 pick(must/bucket/top/rand)=1/3/12/4 depth0=7 depth=2 dlog=4 dper=1 sims=4644 loop=4624 gen_time=0 eval_time=0.021 best_avg=0.924413 best_move=3,1 leader=1 inc2=1 attack_w=0.2 S0=20265 SA=7727 ratio=2.62241 my_comp=13 my_front=23 leader_comp=9 comp_gain(sz/front/cut)=0/0/0
DBG t=24 used=0.019 remain=1.42 turn_time=0.0184974 end_in=0.0184974 cand_pre=40 cand_cap=20 cand=40->20 pre=40 pick(must/bucket/top/rand)=1/6/9/4 depth0=7 depth=0 dlog=5 dper=2 sims=71016 loop=70996 gen_time=0 eval_time=0.019 best_avg=1.51119 best_move=4,2 leader=1 inc2=1 attack_w=0.2 S0=25874 SA=6097 ratio=4.24319 my_comp=18 my_front=33 leader_comp=5 comp_gain(sz/front/cut)=2/0/0
DBG t=37 used=0.018 remain=1.148 turn_time=0.0170924 end_in=0.0170924 cand_pre=48 cand_cap=20 cand=48->20 pre=48 pick(must/bucket/top/rand)=1/5/10/4 depth0=10 depth=2 dlog=5 dper=3 sims=3200 loop=3180 gen_time=0 eval_time=0.018 best_avg=1.61424 best_move=5,3 leader=1 inc2=1 attack_w=0.2 S0=28757 SA=5003 ratio=5.747 my_comp=23 my_front=39 leader_comp=1 comp_gain(sz/front/cut)=1/-2/0
DBG t=49 used=0.019 remain=0.921 turn_time=0.0182304 end_in=0.0182304 cand_pre=37 cand_cap=20 cand=37->20 pre=37 pick(must/bucket/top/rand)=1/4/11/4 depth0=10 depth=3 dlog=5 dper=2 sims=3060 loop=3040 gen_time=0 eval_time=0.019 best_avg=1.52621 best_move=1,1 leader=1 inc2=1 attack_w=0.2 S0=31471 SA=5550 ratio=5.66961 my_comp=21 my_front=24 leader_comp=2 comp_gain(sz/front/cut)=8/12/1
DBG t=61 used=0.018 remain=0.702 turn_time=0.017703 end_in=0.017703 cand_pre=41 cand_cap=20 cand=41->20 pre=41 pick(must/bucket/top/rand)=1/4/11/4 depth0=10 depth=3 dlog=5 dper=2 sims=1832 loop=1812 gen_time=0 eval_time=0.018 best_avg=1.75707 best_move=1,1 leader=1 inc2=1 attack_w=0.2 S0=34124 SA=4524 ratio=7.54144 my_comp=24 my_front=27 leader_comp=2 comp_gain(sz/front/cut)=3/2/1
DBG t=74 used=0.017 remain=0.473 turn_time=0.0162366 end_in=0.0162366 cand_pre=55 cand_cap=20 cand=55->20 pre=55 pick(must/bucket/top/rand)=1/3/12/4 depth0=11 depth=2 dlog=5 dper=4 sims=1632 loop=1612 gen_time=0 eval_time=0.017 best_avg=2.13281 best_move=1,1 leader=1 inc2=1 attack_w=0.13 S0=36642 SA=4067 ratio=9.00762 my_comp=33 my_front=37 leader_comp=2 comp_gain(sz/front/cut)=1/-2/1
DBG t=86 used=0.017 remain=0.252 turn_time=0.016065 end_in=0.016065 cand_pre=55 cand_cap=20 cand=55->20 pre=55 pick(must/bucket/top/rand)=1/5/10/4 depth0=11 depth=2 dlog=5 dper=4 sims=1556 loop=1536 gen_time=0 eval_time=0.017 best_avg=1.97323 best_move=2,2 leader=1 inc2=1 attack_w=0.2 S0=39968 SA=4305 ratio=9.28216 my_comp=35 my_front=34 leader_comp=3 comp_gain(sz/front/cut)=1/0/2
DBG t=99 used=0.014 remain=0.023 turn_time=0.0138 end_in=0.0138 cand_pre=54 cand_cap=16 cand=54->16 pre=48 pick(must/bucket/top/rand)=1/4/7/4 depth0=0 depth=0 dlog=5 dper=4 sims=63568 loop=63552 gen_time=0 eval_time=0.014 best_avg=2.38077 best_move=1,0 leader=1 inc2=1 attack_w=0.2 S0=39969 SA=4304 ratio=9.28455 my_comp=34 my_front=35 leader_comp=1 comp_gain(sz/front/cut)=2/-1/0
DBG summary depth_guard_fired=0
Score = 343097
=== CASE 0121.txt ===
DBG hdr N=10 M=4 T=100 U=3 VMAX=1477 TIME_LIMIT=1.94 MAX_CAND=20 UCB_C=0.21 OBJ=log(S0+1)-log(SA+1)
DBG t=0 used=0.024 remain=1.94 turn_time=0.0236195 end_in=0.0236195 cand_pre=5 cand_cap=20 cand=5->5 pre=5 pick(must/bucket/top/rand)=1/3/1/0 depth0=7 depth=5 dlog=2 dper=0 sims=6101 loop=6096 gen_time=0 eval_time=0.024 best_avg=-0.175994 best_move=6,7 leader=2 inc2=0 attack_w=0.570899 S0=1080 SA=1211 ratio=0.891914 my_comp=1 my_front=4 leader_comp=1 comp_gain(sz/front/cut)=1/2/0
DBG t=12 used=0.022 remain=1.663 turn_time=0.0217796 end_in=0.0217796 cand_pre=15 cand_cap=20 cand=15->15 pre=15 pick(must/bucket/top/rand)=1/5/9/0 depth0=7 depth=4 dlog=3 dper=0 sims=4611 loop=4596 gen_time=0 eval_time=0.022 best_avg=-0.0158448 best_move=6,7 leader=1 inc2=1 attack_w=0.337835 S0=12925 SA=13101 ratio=0.986567 my_comp=5 my_front=12 leader_comp=4 comp_gain(sz/front/cut)=0/0/0
DBG t=24 used=0.021 remain=1.401 turn_time=0.0204067 end_in=0.0204067 cand_pre=22 cand_cap=20 cand=22->20 pre=22 pick(must/bucket/top/rand)=1/2/13/4 depth0=7 depth=3 dlog=4 dper=0 sims=3900 loop=3880 gen_time=0 eval_time=0.021 best_avg=-0.189043 best_move=2,6 leader=1 inc2=0 attack_w=0.553037 S0=24782 SA=27581 ratio=0.898521 my_comp=8 my_front=18 leader_comp=9 comp_gain(sz/front/cut)=0/0/0
DBG t=37 used=0.02 remain=1.135 turn_time=0.0190067 end_in=0.0190067 cand_pre=30 cand_cap=20 cand=30->20 pre=30 pick(must/bucket/top/rand)=1/5/10/4 depth0=10 depth=5 dlog=4 dper=1 sims=2228 loop=2208 gen_time=0 eval_time=0.02 best_avg=-0.241073 best_move=3,5 leader=1 inc2=1 attack_w=0.757188 S0=35903 SA=43341 ratio=0.828388 my_comp=11 my_front=24 leader_comp=13 comp_gain(sz/front/cut)=1/2/0
DBG t=49 used=0.019 remain=0.903 turn_time=0.0184495 end_in=0.0184495 cand_pre=32 cand_cap=20 cand=32->20 pre=32 pick(must/bucket/top/rand)=1/6/9/4 depth0=10 depth=5 dlog=4 dper=1 sims=1712 loop=1692 gen_time=0 eval_time=0.019 best_avg=-0.28638 best_move=0,4 leader=1 inc2=1 attack_w=0.85 S0=42965 SA=55685 ratio=0.771576 my_comp=14 my_front=29 leader_comp=17 comp_gain(sz/front/cut)=1/-1/1
DBG t=61 used=0.019 remain=0.665 turn_time=0.0180999 end_in=0.0180999 cand_pre=29 cand_cap=20 cand=29->20 pre=29 pick(must/bucket/top/rand)=1/6/9/4 depth0=10 depth=5 dlog=4 dper=1 sims=1652 loop=1632 gen_time=0 eval_time=0.019 best_avg=-0.283011 best_move=1,4 leader=1 inc2=1 attack_w=0.85 S0=45323 SA=59883 ratio=0.756863 my_comp=14 my_front=24 leader_comp=20 comp_gain(sz/front/cut)=0/0/0
DBG t=74 used=0.017 remain=0.429 turn_time=0.0169785 end_in=0.0169785 cand_pre=34 cand_cap=20 cand=34->20 pre=34 pick(must/bucket/top/rand)=1/6/9/4 depth0=11 depth=5 dlog=4 dper=2 sims=1308 loop=1288 gen_time=0 eval_time=0.017 best_avg=-0.166167 best_move=4,5 leader=1 inc2=1 attack_w=0.85 S0=51338 SA=64287 ratio=0.798578 my_comp=18 my_front=26 leader_comp=20 comp_gain(sz/front/cut)=0/0/0
DBG t=86 used=0.017 remain=0.225 turn_time=0.016433 end_in=0.016433 cand_pre=35 cand_cap=20 cand=35->20 pre=35 pick(must/bucket/top/rand)=1/8/7/4 depth0=11 depth=5 dlog=4 dper=2 sims=1188 loop=1168 gen_time=0 eval_time=0.017 best_avg=-0.0465143 best_move=1,3 leader=1 inc2=1 attack_w=0.445893 S0=56922 SA=60536 ratio=0.940301 my_comp=18 my_front=26 leader_comp=20 comp_gain(sz/front/cut)=1/2/1
DBG depth_guard t=99 remain=0.014 cand_pre=36 depth0=0 depth=0
DBG t=99 used=0.009 remain=0.014 turn_time=0.0084 end_in=0.0084 cand_pre=36 cand_cap=14 cand=36->14 pre=36 pick(must/bucket/top/rand)=1/6/4/3 depth0=0 depth=0 dlog=5 dper=4 sims=9538 loop=9524 gen_time=0 eval_time=0.009 best_avg=0.0389137 best_move=1,4 leader=2 inc2=1 attack_w=0.228478 S0=64221 SA=61854 ratio=1.03827 my_comp=19 my_front=28 leader_comp=21 comp_gain(sz/front/cut)=0/0/0
DBG summary depth_guard_fired=1
Score = 102325
=== CASE 0122.txt ===
DBG hdr N=10 M=4 T=100 U=1 VMAX=1669 TIME_LIMIT=1.94 MAX_CAND=20 UCB_C=0.21 OBJ=log(S0+1)-log(SA+1)
DBG t=0 used=0.024 remain=1.94 turn_time=0.0236195 end_in=0.0236195 cand_pre=5 cand_cap=20 cand=5->5 pre=5 pick(must/bucket/top/rand)=1/3/1/0 depth0=7 depth=5 dlog=2 dper=0 sims=5537 loop=5532 gen_time=0 eval_time=0.024 best_avg=-0.356776 best_move=8,3 leader=3 inc2=1 attack_w=0.85 S0=941 SA=1402 ratio=0.671418 my_comp=1 my_front=4 leader_comp=1 comp_gain(sz/front/cut)=1/2/0
DBG t=12 used=0.023 remain=1.664 turn_time=0.0225302 end_in=0.0225302 cand_pre=9 cand_cap=20 cand=9->9 pre=9 pick(must/bucket/top/rand)=1/5/3/0 depth0=7 depth=4 dlog=3 dper=0 sims=3525 loop=3516 gen_time=0 eval_time=0.023 best_avg=-0.105142 best_move=6,3 leader=3 inc2=0 attack_w=0.286408 S0=11561 SA=11444 ratio=1.01022 my_comp=3 my_front=8 leader_comp=4 comp_gain(sz/front/cut)=8/9/1
DBG t=24 used=0.022 remain=1.403 turn_time=0.0210358 end_in=0.0210358 cand_pre=17 cand_cap=20 cand=17->17 pre=17 pick(must/bucket/top/rand)=1/5/10/1 depth0=7 depth=4 dlog=3 dper=0 sims=2925 loop=2908 gen_time=0 eval_time=0.022 best_avg=-0.491587 best_move=9,2 leader=3 inc2=1 attack_w=0.780373 S0=12952 SA=15774 ratio=0.821109 my_comp=7 my_front=15 leader_comp=11 comp_gain(sz/front/cut)=1/-1/0
DBG t=37 used=0.02 remain=1.125 turn_time=0.0194196 end_in=0.0194196 cand_pre=25 cand_cap=20 cand=25->20 pre=25 pick(must/bucket/top/rand)=1/6/9/4 depth0=10 depth=6 dlog=4 dper=0 sims=1444 loop=1424 gen_time=0 eval_time=0.02 best_avg=-0.294061 best_move=6,8 leader=3 inc2=1 attack_w=0.85 S0=17650 SA=26802 ratio=0.658546 my_comp=12 my_front=16 leader_comp=23 comp_gain(sz/front/cut)=1/0/0
DBG t=49 used=0.018 remain=0.895 turn_time=0.0174876 end_in=0.0174876 cand_pre=39 cand_cap=20 cand=39->20 pre=39 pick(must/bucket/top/rand)=1/5/10/4 depth0=10 depth=3 dlog=5 dper=2 sims=1612 loop=1592 gen_time=0 eval_time=0.018 best_avg=0.109504 best_move=1,7 leader=3 inc2=0 attack_w=0.2 S0=30097 SA=26450 ratio=1.13788 my_comp=23 my_front=29 leader_comp=24 comp_gain(sz/front/cut)=1/0/1
DBG t=61 used=0.02 remain=0.655 turn_time=0.0193561 end_in=0.0193561 cand_pre=15 cand_cap=20 cand=15->15 pre=15 pick(must/bucket/top/rand)=1/6/8/0 depth0=10 depth=7 dlog=3 dper=0 sims=1239 loop=1224 gen_time=0 eval_time=0.02 best_avg=0.514183 best_move=0,1 leader=1 inc2=1 attack_w=0.2 S0=33637 SA=20012 ratio=1.68081 my_comp=7 my_front=11 leader_comp=16 comp_gain(sz/front/cut)=1/1/0
DBG t=74 used=0.014 remain=0.423 turn_time=0.01378 end_in=0.01378 cand_pre=62 cand_cap=14 cand=62->14 pre=42 pick(must/bucket/top/rand)=1/6/4/3 depth0=11 depth=2 dlog=5 dper=4 sims=982 loop=968 gen_time=0 eval_time=0.014 best_avg=0.999877 best_move=8,8 leader=2 inc2=0 attack_w=0.2 S0=44876 SA=18228 ratio=2.46185 my_comp=37 my_front=49 leader_comp=14 comp_gain(sz/front/cut)=1/2/4
DBG t=86 used=0.012 remain=0.213 turn_time=0.0117987 end_in=0.0117987 cand_pre=73 cand_cap=14 cand=73->14 pre=42 pick(must/bucket/top/rand)=1/6/4/3 depth0=11 depth=0 dlog=6 dper=5 sims=25014 loop=25000 gen_time=0 eval_time=0.012 best_avg=1.22928 best_move=3,2 leader=3 inc2=0 attack_w=0.2 S0=53466 SA=17254 ratio=3.09864 my_comp=46 my_front=56 leader_comp=5 comp_gain(sz/front/cut)=1/2/0
DBG t=99 used=0.015 remain=0.024 turn_time=0.0144 end_in=0.0144 cand_pre=71 cand_cap=14 cand=71->14 pre=42 pick(must/bucket/top/rand)=1/6/4/3 depth0=0 depth=0 dlog=5 dper=5 sims=31194 loop=31180 gen_time=0 eval_time=0.015 best_avg=1.36356 best_move=8,8 leader=1 inc2=1 attack_w=0.2 S0=53914 SA=13900 ratio=3.8785 my_comp=44 my_front=56 leader_comp=5 comp_gain(sz/front/cut)=3/3/0
DBG summary depth_guard_fired=0
Score = 232640
=== CASE 0124.txt ===
DBG hdr N=10 M=8 T=100 U=5 VMAX=1767 TIME_LIMIT=1.94 MAX_CAND=20 UCB_C=0.21 OBJ=log(S0+1)-log(SA+1)
DBG t=0 used=0.024 remain=1.94 turn_time=0.0236195 end_in=0.0236195 cand_pre=5 cand_cap=20 cand=5->5 pre=5 pick(must/bucket/top/rand)=1/3/1/0 depth0=7 depth=5 dlog=2 dper=0 sims=4009 loop=4004 gen_time=0 eval_time=0.024 best_avg=0.138803 best_move=6,3 leader=3 inc2=1 attack_w=0.13 S0=1359 SA=1078 ratio=1.26043 my_comp=1 my_front=4 leader_comp=1 comp_gain(sz/front/cut)=1/2/0
DBG t=12 used=0.023 remain=1.661 turn_time=0.0221215 end_in=0.0221215 cand_pre=12 cand_cap=20 cand=12->12 pre=12 pick(must/bucket/top/rand)=1/6/5/0 depth0=7 depth=4 dlog=3 dper=0 sims=3300 loop=3288 gen_time=0 eval_time=0.023 best_avg=0.00586012 best_move=7,3 leader=5 inc2=1 attack_w=0.389671 S0=15076 SA=15642 ratio=0.963818 my_comp=4 my_front=10 leader_comp=7 comp_gain(sz/front/cut)=0/0/0
DBG t=24 used=0.02 remain=1.399 turn_time=0.0197793 end_in=0.0197793 cand_pre=27 cand_cap=20 cand=27->20 pre=27 pick(must/bucket/top/rand)=1/8/7/4 depth0=7 depth=2 dlog=4 dper=1 sims=3204 loop=3184 gen_time=0 eval_time=0.02 best_avg=0.270025 best_move=7,1 leader=5 inc2=1 attack_w=0.2 S0=29563 SA=23829 ratio=1.24062 my_comp=11 my_front=22 leader_comp=5 comp_gain(sz/front/cut)=1/0/1
DBG t=37 used=0.022 remain=1.13 turn_time=0.0218377 end_in=0.0218377 cand_pre=5 cand_cap=20 cand=5->5 pre=5 pick(must/bucket/top/rand)=1/2/2/0 depth0=10 depth=8 dlog=2 dper=0 sims=1469 loop=1464 gen_time=0 eval_time=0.022 best_avg=0.0937677 best_move=4,2 leader=5 inc2=1 attack_w=0.2 S0=34733 SA=29428 ratio=1.18026 my_comp=1 my_front=4 leader_comp=6 comp_gain(sz/front/cut)=0/0/0
DBG t=49 used=0.019 remain=0.889 turn_time=0.0183901 end_in=0.0183901 cand_pre=30 cand_cap=20 cand=30->20 pre=30 pick(must/bucket/top/rand)=1/8/7/4 depth0=10 depth=5 dlog=4 dper=1 sims=1980 loop=1960 gen_time=0 eval_time=0.019 best_avg=0.0696277 best_move=5,1 leader=1 inc2=1 attack_w=0.2 S0=42134 SA=37290 ratio=1.1299 my_comp=12 my_front=24 leader_comp=3 comp_gain(sz/front/cut)=0/0/0
DBG t=61 used=0.018 remain=0.667 turn_time=0.0177097 end_in=0.0177097 cand_pre=33 cand_cap=20 cand=33->20 pre=33 pick(must/bucket/top/rand)=1/7/8/4 depth0=10 depth=4 dlog=4 dper=2 sims=1824 loop=1804 gen_time=0 eval_time=0.018 best_avg=0.0450066 best_move=7,1 leader=1 inc2=1 attack_w=0.211069 S0=46979 SA=44870 ratio=1.047 my_comp=13 my_front=26 leader_comp=4 comp_gain(sz/front/cut)=0/0/0
DBG t=74 used=0.017 remain=0.434 turn_time=0.0169594 end_in=0.0169594 cand_pre=36 cand_cap=20 cand=36->20 pre=36 pick(must/bucket/top/rand)=1/5/10/4 depth0=11 depth=4 dlog=5 dper=2 sims=1920 loop=1900 gen_time=0 eval_time=0.017 best_avg=0.111799 best_move=4,2 leader=5 inc2=1 attack_w=0.2 S0=56002 SA=48539 ratio=1.15375 my_comp=16 my_front=30 leader_comp=4 comp_gain(sz/front/cut)=0/0/0
DBG t=86 used=0.017 remain=0.228 turn_time=0.0164404 end_in=0.0164404 cand_pre=37 cand_cap=20 cand=37->20 pre=37 pick(must/bucket/top/rand)=1/6/9/4 depth0=11 depth=4 dlog=5 dper=2 sims=1824 loop=1804 gen_time=0 eval_time=0.017 best_avg=0.0845999 best_move=7,5 leader=5 inc2=1 attack_w=0.2 S0=60439 SA=50942 ratio=1.18642 my_comp=16 my_front=29 leader_comp=6 comp_gain(sz/front/cut)=0/0/0
DBG depth_guard t=99 remain=0.014 cand_pre=36 depth0=0 depth=0
DBG t=99 used=0.009 remain=0.014 turn_time=0.0084 end_in=0.0084 cand_pre=36 cand_cap=14 cand=36->14 pre=36 pick(must/bucket/top/rand)=1/5/5/3 depth0=0 depth=0 dlog=5 dper=4 sims=11394 loop=11380 gen_time=0 eval_time=0.009 best_avg=0.0864398 best_move=5,1 leader=5 inc2=1 attack_w=0.2 S0=62185 SA=56209 ratio=1.10632 my_comp=15 my_front=27 leader_comp=7 comp_gain(sz/front/cut)=0/0/0
DBG summary depth_guard_fired=1
Score = 107531
=== CASE 0123.txt ===
DBG hdr N=10 M=8 T=100 U=4 VMAX=1349 TIME_LIMIT=1.94 MAX_CAND=20 UCB_C=0.21 OBJ=log(S0+1)-log(SA+1)
DBG t=0 used=0.024 remain=1.94 turn_time=0.0237456 end_in=0.0237456 cand_pre=4 cand_cap=20 cand=4->4 pre=4 pick(must/bucket/top/rand)=1/2/1/0 depth0=7 depth=6 dlog=1 dper=0 sims=3148 loop=3144 gen_time=0 eval_time=0.024 best_avg=0.0456091 best_move=4,0 leader=2 inc2=1 attack_w=0.472344 S0=1254 SA=1349 ratio=0.92963 my_comp=1 my_front=3 leader_comp=1 comp_gain(sz/front/cut)=0/0/0
DBG t=12 used=0.023 remain=1.657 turn_time=0.0220682 end_in=0.0220682 cand_pre=12 cand_cap=20 cand=12->12 pre=12 pick(must/bucket/top/rand)=1/7/4/0 depth0=7 depth=4 dlog=3 dper=0 sims=2996 loop=2984 gen_time=0 eval_time=0.023 best_avg=0.173825 best_move=4,2 leader=1 inc2=1 attack_w=0.2 S0=16298 SA=14459 ratio=1.12718 my_comp=5 my_front=9 leader_comp=3 comp_gain(sz/front/cut)=0/0/0
DBG t=24 used=0.022 remain=1.392 turn_time=0.021228 end_in=0.021228 cand_pre=14 cand_cap=20 cand=14->14 pre=14 pick(must/bucket/top/rand)=1/5/8/0 depth0=7 depth=4 dlog=3 dper=0 sims=2214 loop=2200 gen_time=0 eval_time=0.022 best_avg=0.253343 best_move=3,1 leader=1 inc2=1 attack_w=0.2 S0=28838 SA=22583 ratio=1.27697 my_comp=7 my_front=10 leader_comp=5 comp_gain(sz/front/cut)=1/2/0
DBG t=37 used=0.021 remain=1.115 turn_time=0.0203974 end_in=0.0203974 cand_pre=15 cand_cap=20 cand=15->15 pre=15 pick(must/bucket/top/rand)=1/3/11/0 depth0=10 depth=7 dlog=3 dper=0 sims=1371 loop=1356 gen_time=0 eval_time=0.021 best_avg=0.0617704 best_move=3,2 leader=3 inc2=1 attack_w=0.2 S0=37277 SA=32147 ratio=1.15957 my_comp=9 my_front=13 leader_comp=6 comp_gain(sz/front/cut)=1/0/0
DBG t=49 used=0.02 remain=0.872 turn_time=0.0193721 end_in=0.0193721 cand_pre=18 cand_cap=20 cand=18->18 pre=18 pick(must/bucket/top/rand)=1/4/11/2 depth0=10 depth=6 dlog=4 dper=0 sims=1558 loop=1540 gen_time=0 eval_time=0.02 best_avg=0.0620244 best_move=3,2 leader=3 inc2=1 attack_w=0.234851 S0=41220 SA=39822 ratio=1.03511 my_comp=10 my_front=12 leader_comp=10 comp_gain(sz/front/cut)=0/0/0
DBG t=61 used=0.019 remain=0.637 turn_time=0.0185057 end_in=0.0185057 cand_pre=18 cand_cap=20 cand=18->18 pre=18 pick(must/bucket/top/rand)=1/3/12/2 depth0=10 depth=6 dlog=4 dper=0 sims=1410 loop=1392 gen_time=0 eval_time=0.019 best_avg=0.103227 best_move=3,3 leader=5 inc2=1 attack_w=0.2 S0=48722 SA=42143 ratio=1.15611 my_comp=10 my_front=12 leader_comp=32 comp_gain(sz/front/cut)=0/0/0
DBG t=74 used=0.018 remain=0.398 turn_time=0.0173436 end_in=0.0173436 cand_pre=18 cand_cap=20 cand=18->18 pre=18 pick(must/bucket/top/rand)=1/2/13/2 depth0=11 depth=7 dlog=4 dper=0 sims=1218 loop=1200 gen_time=0 eval_time=0.018 best_avg=-0.0689365 best_move=4,2 leader=5 inc2=1 attack_w=0.2 S0=49976 SA=45625 ratio=1.09536 my_comp=10 my_front=12 leader_comp=32 comp_gain(sz/front/cut)=0/0/0
DBG t=86 used=0.016 remain=0.194 turn_time=0.0156101 end_in=0.0156101 cand_pre=19 cand_cap=20 cand=19->19 pre=19 pick(must/bucket/top/rand)=1/4/11/3 depth0=11 depth=6 dlog=4 dper=0 sims=1163 loop=1144 gen_time=0 eval_time=0.016 best_avg=-0.209131 best_move=5,1 leader=6 inc2=1 attack_w=0.634021 S0=45037 SA=51807 ratio=0.869325 my_comp=10 my_front=12 leader_comp=15 comp_gain(sz/front/cut)=0/0/0
DBG depth_guard t=98 remain=0.019 cand_pre=18 depth0=1 depth=0
DBG depth_guard t=99 remain=0.008 cand_pre=18 depth0=0 depth=0
DBG t=99 used=0.005 remain=0.008 turn_time=0.0048 end_in=0.0048 cand_pre=18 cand_cap=12 cand=18->12 pre=18 pick(must/bucket/top/rand)=1/4/5/2 depth0=0 depth=0 dlog=4 dper=4 sims=3776 loop=3764 gen_time=0 eval_time=0.005 best_avg=-0.229787 best_move=4,0 leader=6 inc2=1 attack_w=0.811145 S0=47481 SA=58500 ratio=0.811644 my_comp=10 my_front=12 leader_comp=17 comp_gain(sz/front/cut)=0/0/0
DBG summary depth_guard_fired=2
Score = 83016
=== CASE 0125.txt ===
DBG hdr N=10 M=5 T=100 U=2 VMAX=1268 TIME_LIMIT=1.94 MAX_CAND=20 UCB_C=0.21 OBJ=log(S0+1)-log(SA+1)
DBG t=0 used=0.024 remain=1.94 turn_time=0.0237456 end_in=0.0237456 cand_pre=4 cand_cap=20 cand=4->4 pre=4 pick(must/bucket/top/rand)=1/2/1/0 depth0=7 depth=6 dlog=1 dper=0 sims=4280 loop=4276 gen_time=0 eval_time=0.024 best_avg=0.199517 best_move=9,0 leader=4 inc2=1 attack_w=0.13 S0=1254 SA=1088 ratio=1.15243 my_comp=1 my_front=3 leader_comp=1 comp_gain(sz/front/cut)=1/0/0
DBG t=12 used=0.022 remain=1.658 turn_time=0.0215917 end_in=0.0215917 cand_pre=16 cand_cap=20 cand=16->16 pre=16 pick(must/bucket/top/rand)=1/4/11/0 depth0=7 depth=4 dlog=3 dper=0 sims=4204 loop=4188 gen_time=0 eval_time=0.022 best_avg=0.443198 best_move=6,2 leader=2 inc2=0 attack_w=0.2 S0=15175 SA=12972 ratio=1.16981 my_comp=7 my_front=11 leader_comp=10 comp_gain(sz/front/cut)=0/0/0
DBG t=24 used=0.022 remain=1.396 turn_time=0.0211696 end_in=0.0211696 cand_pre=15 cand_cap=20 cand=15->15 pre=15 pick(must/bucket/top/rand)=1/3/11/0 depth0=7 depth=4 dlog=3 dper=0 sims=4315 loop=4300 gen_time=0 eval_time=0.022 best_avg=0.397187 best_move=7,2 leader=2 inc2=0 attack_w=0.2 S0=19933 SA=17469 ratio=1.14104 my_comp=5 my_front=12 leader_comp=1 comp_gain(sz/front/cut)=0/0/0
DBG t=37 used=0.019 remain=1.13 turn_time=0.0188064 end_in=0.0188064 cand_pre=31 cand_cap=20 cand=31->20 pre=31 pick(must/bucket/top/rand)=1/6/9/4 depth0=10 depth=5 dlog=4 dper=1 sims=1896 loop=1876 gen_time=0 eval_time=0.019 best_avg=1.14737 best_move=8,5 leader=2 inc2=1 attack_w=0.2 S0=28525 SA=8697 ratio=3.2796 my_comp=16 my_front=23 leader_comp=6 comp_gain(sz/front/cut)=1/2/0
DBG t=49 used=0.017 remain=0.908 turn_time=0.0169315 end_in=0.0169315 cand_pre=46 cand_cap=20 cand=46->20 pre=46 pick(must/bucket/top/rand)=1/8/7/4 depth0=10 depth=2 dlog=5 dper=3 sims=1848 loop=1828 gen_time=0 eval_time=0.017 best_avg=1.16243 best_move=5,4 leader=3 inc2=1 attack_w=0.2 S0=36940 SA=10798 ratio=3.42078 my_comp=23 my_front=36 leader_comp=6 comp_gain(sz/front/cut)=1/0/0
DBG t=61 used=0.017 remain=0.694 turn_time=0.0169229 end_in=0.0169229 cand_pre=46 cand_cap=20 cand=46->20 pre=46 pick(must/bucket/top/rand)=1/8/7/4 depth0=10 depth=2 dlog=5 dper=3 sims=2488 loop=2468 gen_time=0 eval_time=0.017 best_avg=1.15849 best_move=3,7 leader=1 inc2=1 attack_w=0.2 S0=39728 SA=12402 ratio=3.20318 my_comp=21 my_front=37 leader_comp=9 comp_gain(sz/front/cut)=0/0/0
DBG t=74 used=0.016 remain=0.477 turn_time=0.0155392 end_in=0.0155392 cand_pre=62 cand_cap=14 cand=62->14 pre=42 pick(must/bucket/top/rand)=1/8/2/3 depth0=11 depth=2 dlog=5 dper=4 sims=1334 loop=1320 gen_time=0 eval_time=0.016 best_avg=1.28522 best_move=7,8 leader=1 inc2=1 attack_w=0.2 S0=50330 SA=13589 ratio=3.70353 my_comp=30 my_front=50 leader_comp=4 comp_gain(sz/front/cut)=0/0/0
DBG t=86 used=0.017 remain=0.278 turn_time=0.0169481 end_in=0.0169481 cand_pre=61 cand_cap=14 cand=61->14 pre=42 pick(must/bucket/top/rand)=1/8/2/3 depth0=11 depth=2 dlog=5 dper=4 sims=1262 loop=1248 gen_time=0 eval_time=0.017 best_avg=1.07016 best_move=4,9 leader=3 inc2=1 attack_w=0.2 S0=53618 SA=17597 ratio=3.04688 my_comp=31 my_front=51 leader_comp=6 comp_gain(sz/front/cut)=0/0/0
DBG t=99 used=0.014 remain=0.023 turn_time=0.0138 end_in=0.0138 cand_pre=39 cand_cap=16 cand=39->16 pre=39 pick(must/bucket/top/rand)=1/8/3/4 depth0=0 depth=0 dlog=5 dper=3 sims=19392 loop=19376 gen_time=0 eval_time=0.014 best_avg=0.804544 best_move=6,8 leader=3 inc2=1 attack_w=0.2 S0=48478 SA=21392 ratio=2.26612 my_comp=20 my_front=34 leader_comp=11 comp_gain(sz/front/cut)=0/0/0
DBG summary depth_guard_fired=0
Score = 168911
=== CASE 0126.txt ===
DBG hdr N=10 M=2 T=100 U=2 VMAX=2406 TIME_LIMIT=1.94 MAX_CAND=20 UCB_C=0.21 OBJ=log(S0+1)-log(SA+1)
DBG t=0 used=0.024 remain=1.94 turn_time=0.0236195 end_in=0.0236195 cand_pre=5 cand_cap=20 cand=5->5 pre=5 pick(must/bucket/top/rand)=1/2/2/0 depth0=7 depth=5 dlog=2 dper=0 sims=9165 loop=9160 gen_time=0 eval_time=0.024 best_avg=0.944204 best_move=3,5 leader=1 inc2=1 attack_w=0.13 S0=1803 SA=575 ratio=3.13194 my_comp=1 my_front=4 leader_comp=1 comp_gain(sz/front/cut)=0/0/0
DBG t=12 used=0.022 remain=1.664 turn_time=0.0213011 end_in=0.0213011 cand_pre=19 cand_cap=20 cand=19->19 pre=19 pick(must/bucket/top/rand)=1/2/13/3 depth0=7 depth=3 dlog=4 dper=0 sims=5703 loop=5684 gen_time=0 eval_time=0.022 best_avg=0.78832 best_move=3,6 leader=1 inc2=1 attack_w=0.2 S0=22572 SA=9198 ratio=2.45385 my_comp=7 my_front=14 leader_comp=7 comp_gain(sz/front/cut)=0/0/0
DBG t=24 used=0.021 remain=1.41 turn_time=0.020176 end_in=0.020176 cand_pre=25 cand_cap=20 cand=25->20 pre=25 pick(must/bucket/top/rand)=1/4/11/4 depth0=7 depth=3 dlog=4 dper=0 sims=4184 loop=4164 gen_time=0 eval_time=0.021 best_avg=0.69596 best_move=3,4 leader=1 inc2=1 attack_w=0.2 S0=37003 SA=16863 ratio=2.19426 my_comp=12 my_front=18 leader_comp=11 comp_gain(sz/front/cut)=1/0/0
DBG t=37 used=0.02 remain=1.145 turn_time=0.0197649 end_in=0.0197649 cand_pre=25 cand_cap=20 cand=25->20 pre=25 pick(must/bucket/top/rand)=1/4/11/4 depth0=10 depth=6 dlog=4 dper=0 sims=2692 loop=2672 gen_time=0 eval_time=0.02 best_avg=0.548232 best_move=3,4 leader=1 inc2=1 attack_w=0.2 S0=37003 SA=16863 ratio=2.19426 my_comp=12 my_front=18 leader_comp=11 comp_gain(sz/front/cut)=1/0/0
DBG t=49 used=0.019 remain=0.907 turn_time=0.018878 end_in=0.018878 cand_pre=29 cand_cap=20 cand=29->20 pre=29 pick(must/bucket/top/rand)=1/4/11/4 depth0=10 depth=5 dlog=4 dper=1 sims=2384 loop=2364 gen_time=0 eval_time=0.019 best_avg=0.871578 best_move=3,2 leader=1 inc2=1 attack_w=0.2 S0=40115 SA=14859 ratio=2.6996 my_comp=14 my_front=20 leader_comp=10 comp_gain(sz/front/cut)=1/2/0
DBG t=61 used=0.019 remain=0.679 turn_time=0.0180283 end_in=0.0180283 cand_pre=33 cand_cap=20 cand=33->20 pre=33 pick(must/bucket/top/rand)=1/3/12/4 depth0=10 depth=4 dlog=4 dper=2 sims=2732 loop=2712 gen_time=0 eval_time=0.019 best_avg=1.22864 best_move=3,3 leader=1 inc2=1 attack_w=0.2 S0=43528 SA=11756 ratio=3.70239 my_comp=17 my_front=22 leader_comp=1 comp_gain(sz/front/cut)=0/0/0
DBG t=74 used=0.017 remain=0.445 turn_time=0.0169442 end_in=0.0169442 cand_pre=40 cand_cap=20 cand=40->20 pre=40 pick(must/bucket/top/rand)=1/5/10/4 depth0=11 depth=4 dlog=5 dper=2 sims=2052 loop=2032 gen_time=0 eval_time=0.017 best_avg=1.33723 best_move=5,2 leader=1 inc2=1 attack_w=0.2 S0=49498 SA=12355 ratio=4.00607 my_comp=21 my_front=26 leader_comp=1 comp_gain(sz/front/cut)=1/2/0
DBG t=86 used=0.017 remain=0.24 turn_time=0.0165257 end_in=0.0165257 cand_pre=44 cand_cap=20 cand=44->20 pre=44 pick(must/bucket/top/rand)=1/8/7/4 depth0=11 depth=3 dlog=5 dper=3 sims=1936 loop=1916 gen_time=0 eval_time=0.017 best_avg=1.42168 best_move=3,1 leader=1 inc2=1 attack_w=0.2 S0=52511 SA=12196 ratio=4.30532 my_comp=24 my_front=25 leader_comp=9 comp_gain(sz/front/cut)=1/2/0
DBG depth_guard t=99 remain=0.018 cand_pre=47 depth0=0 depth=0
DBG t=99 used=0.011 remain=0.018 turn_time=0.0108 end_in=0.0108 cand_pre=47 cand_cap=14 cand=47->14 pre=42 pick(must/bucket/top/rand)=1/5/5/3 depth0=0 depth=0 dlog=5 dper=4 sims=50678 loop=50664 gen_time=0 eval_time=0.011 best_avg=1.74314 best_move=5,0 leader=1 inc2=1 attack_w=0.2 S0=58619 SA=10834 ratio=5.41024 my_comp=26 my_front=31 leader_comp=1 comp_gain(sz/front/cut)=1/1/0
DBG summary depth_guard_fired=1
Score = 275960
=== CASE 0127.txt ===
DBG hdr N=10 M=4 T=100 U=1 VMAX=1630 TIME_LIMIT=1.94 MAX_CAND=20 UCB_C=0.21 OBJ=log(S0+1)-log(SA+1)
DBG t=0 used=0.024 remain=1.94 turn_time=0.0236195 end_in=0.0236195 cand_pre=5 cand_cap=20 cand=5->5 pre=5 pick(must/bucket/top/rand)=1/2/2/0 depth0=7 depth=5 dlog=2 dper=0 sims=5553 loop=5548 gen_time=0 eval_time=0.024 best_avg=0.167214 best_move=7,4 leader=3 inc2=0 attack_w=0.13 S0=1227 SA=1152 ratio=1.06505 my_comp=1 my_front=4 leader_comp=1 comp_gain(sz/front/cut)=1/2/0
DBG t=12 used=0.022 remain=1.666 turn_time=0.0212036 end_in=0.0212036 cand_pre=20 cand_cap=20 cand=20->20 pre=20 pick(must/bucket/top/rand)=1/5/10/4 depth0=7 depth=3 dlog=4 dper=0 sims=3884 loop=3864 gen_time=0 eval_time=0.022 best_avg=0.140768 best_move=5,5 leader=3 inc2=0 attack_w=0.2 S0=12317 SA=9703 ratio=1.26937 my_comp=9 my_front=17 leader_comp=8 comp_gain(sz/front/cut)=0/0/0
DBG t=24 used=0.02 remain=1.409 turn_time=0.0199207 end_in=0.0199207 cand_pre=27 cand_cap=20 cand=27->20 pre=27 pick(must/bucket/top/rand)=1/6/9/4 depth0=7 depth=2 dlog=4 dper=1 sims=3176 loop=3156 gen_time=0 eval_time=0.02 best_avg=0.495661 best_move=5,5 leader=3 inc2=1 attack_w=0.2 S0=19814 SA=11612 ratio=1.70628 my_comp=15 my_front=18 leader_comp=11 comp_gain(sz/front/cut)=0/0/0
DBG t=37 used=0.022 remain=1.143 turn_time=0.0212634 end_in=0.0212634 cand_pre=12 cand_cap=20 cand=12->12 pre=12 pick(must/bucket/top/rand)=1/5/6/0 depth0=10 depth=7 dlog=3 dper=0 sims=1780 loop=1768 gen_time=0 eval_time=0.022 best_avg=-0.0600019 best_move=7,8 leader=1 inc2=1 attack_w=0.530987 S0=16211 SA=17877 ratio=0.906813 my_comp=6 my_front=10 leader_comp=18 comp_gain(sz/front/cut)=1/2/0
DBG t=49 used=0.02 remain=0.888 turn_time=0.0192748 end_in=0.0192748 cand_pre=22 cand_cap=20 cand=22->20 pre=22 pick(must/bucket/top/rand)=1/2/13/4 depth0=10 depth=6 dlog=4 dper=0 sims=1728 loop=1708 gen_time=0 eval_time=0.02 best_avg=0.205163 best_move=7,8 leader=1 inc2=0 attack_w=0.501023 S0=19418 SA=21145 ratio=0.91833 my_comp=10 my_front=15 leader_comp=4 comp_gain(sz/front/cut)=6/8/0
DBG t=61 used=0.016 remain=0.667 turn_time=0.015931 end_in=0.015931 cand_pre=49 cand_cap=20 cand=49->20 pre=49 pick(must/bucket/top/rand)=1/6/9/4 depth0=10 depth=2 dlog=5 dper=3 sims=1268 loop=1248 gen_time=0 eval_time=0.016 best_avg=0.537125 best_move=8,6 leader=2 inc2=1 attack_w=0.2 S0=30207 SA=18620 ratio=1.62225 my_comp=29 my_front=31 leader_comp=10 comp_gain(sz/front/cut)=1/0/9
DBG t=74 used=0.016 remain=0.456 turn_time=0.0159951 end_in=0.0159951 cand_pre=52 cand_cap=20 cand=52->20 pre=52 pick(must/bucket/top/rand)=1/6/9/4 depth0=11 depth=3 dlog=5 dper=3 sims=1380 loop=1360 gen_time=0 eval_time=0.016 best_avg=0.383326 best_move=1,5 leader=1 inc2=1 attack_w=0.2 S0=32124 SA=20574 ratio=1.56136 my_comp=26 my_front=43 leader_comp=6 comp_gain(sz/front/cut)=1/-2/0
DBG t=86 used=0.016 remain=0.256 turn_time=0.0158446 end_in=0.0158446 cand_pre=59 cand_cap=20 cand=59->20 pre=59 pick(must/bucket/top/rand)=1/4/11/4 depth0=11 depth=2 dlog=5 dper=4 sims=1152 loop=1132 gen_time=0 eval_time=0.016 best_avg=0.892961 best_move=3,8 leader=3 inc2=1 attack_w=0.2 S0=39431 SA=17497 ratio=2.25351 my_comp=35 my_front=38 leader_comp=1 comp_gain(sz/front/cut)=1/-2/0
DBG t=99 used=0.016 remain=0.026 turn_time=0.0156 end_in=0.0156 cand_pre=57 cand_cap=20 cand=57->20 pre=57 pick(must/bucket/top/rand)=1/6/9/4 depth0=0 depth=0 dlog=5 dper=4 sims=33208 loop=33188 gen_time=0 eval_time=0.016 best_avg=1.00124 best_move=7,6 leader=1 inc2=1 attack_w=0.2 S0=43030 SA=16091 ratio=2.67406 my_comp=39 my_front=33 leader_comp=4 comp_gain(sz/front/cut)=2/4/2
DBG summary depth_guard_fired=0
Score = 186959
=== CASE 0128.txt ===
DBG hdr N=10 M=3 T=100 U=5 VMAX=1385 TIME_LIMIT=1.94 MAX_CAND=20 UCB_C=0.21 OBJ=log(S0+1)-log(SA+1)
DBG t=0 used=0.024 remain=1.94 turn_time=0.0236195 end_in=0.0236195 cand_pre=5 cand_cap=20 cand=5->5 pre=5 pick(must/bucket/top/rand)=1/2/2/0 depth0=7 depth=5 dlog=2 dper=0 sims=7469 loop=7464 gen_time=0 eval_time=0.024 best_avg=0.264275 best_move=6,4 leader=1 inc2=1 attack_w=0.13 S0=1141 SA=814 ratio=1.40123 my_comp=1 my_front=4 leader_comp=1 comp_gain(sz/front/cut)=1/2/0
DBG t=12 used=0.021 remain=1.67 turn_time=0.0205144 end_in=0.0205144 cand_pre=26 cand_cap=20 cand=26->20 pre=26 pick(must/bucket/top/rand)=1/6/9/4 depth0=7 depth=3 dlog=4 dper=0 sims=3968 loop=3948 gen_time=0 eval_time=0.021 best_avg=0.376128 best_move=8,5 leader=2 inc2=1 attack_w=0.2 S0=16369 SA=11338 ratio=1.44369 my_comp=12 my_front=20 leader_comp=5 comp_gain(sz/front/cut)=0/0/0
DBG t=24 used=0.021 remain=1.424 turn_time=0.0201327 end_in=0.0201327 cand_pre=27 cand_cap=20 cand=27->20 pre=27 pick(must/bucket/top/rand)=1/8/7/4 depth0=7 depth=2 dlog=4 dper=1 sims=4260 loop=4240 gen_time=0 eval_time=0.021 best_avg=0.326109 best_move=7,6 leader=2 inc2=1 attack_w=0.2 S0=29974 SA=21865 ratio=1.37085 my_comp=13 my_front=20 leader_comp=7 comp_gain(sz/front/cut)=0/0/0
DBG t=37 used=0.02 remain=1.162 turn_time=0.0190992 end_in=0.0190992 cand_pre=33 cand_cap=20 cand=33->20 pre=33 pick(must/bucket/top/rand)=1/8/7/4 depth0=10 depth=5 dlog=4 dper=1 sims=2108 loop=2088 gen_time=0 eval_time=0.02 best_avg=0.363335 best_move=8,6 leader=2 inc2=1 attack_w=0.2 S0=46942 SA=32160 ratio=1.45963 my_comp=17 my_front=23 leader_comp=11 comp_gain(sz/front/cut)=0/0/0
DBG t=49 used=0.019 remain=0.932 turn_time=0.0185669 end_in=0.0185669 cand_pre=36 cand_cap=20 cand=36->20 pre=36 pick(must/bucket/top/rand)=1/8/7/4 depth0=10 depth=3 dlog=5 dper=2 sims=2084 loop=2064 gen_time=0 eval_time=0.019 best_avg=0.359917 best_move=6,6 leader=2 inc2=1 attack_w=0.2 S0=59494 SA=41930 ratio=1.41888 my_comp=20 my_front=23 leader_comp=14 comp_gain(sz/front/cut)=0/0/0
DBG t=61 used=0.019 remain=0.704 turn_time=0.0183401 end_in=0.0183401 cand_pre=36 cand_cap=20 cand=36->20 pre=36 pick(must/bucket/top/rand)=1/8/7/4 depth0=10 depth=3 dlog=5 dper=2 sims=2416 loop=2396 gen_time=0 eval_time=0.019 best_avg=0.216192 best_move=5,3 leader=2 inc2=1 attack_w=0.2 S0=66099 SA=51192 ratio=1.29119 my_comp=18 my_front=27 leader_comp=15 comp_gain(sz/front/cut)=0/0/0
DBG t=74 used=0.019 remain=0.462 turn_time=0.0180535 end_in=0.0180535 cand_pre=36 cand_cap=20 cand=36->20 pre=36 pick(must/bucket/top/rand)=1/7/8/4 depth0=11 depth=4 dlog=5 dper=2 sims=1964 loop=1944 gen_time=0 eval_time=0.019 best_avg=0.177349 best_move=9,7 leader=2 inc2=1 attack_w=0.2 S0=77049 SA=62507 ratio=1.23264 my_comp=20 my_front=25 leader_comp=17 comp_gain(sz/front/cut)=1/-1/0
DBG t=86 used=0.018 remain=0.245 turn_time=0.0176662 end_in=0.0176662 cand_pre=37 cand_cap=20 cand=37->20 pre=37 pick(must/bucket/top/rand)=1/7/8/4 depth0=11 depth=4 dlog=5 dper=2 sims=1848 loop=1828 gen_time=0 eval_time=0.018 best_avg=0.128798 best_move=8,7 leader=2 inc2=1 attack_w=0.2 S0=80454 SA=69578 ratio=1.15631 my_comp=21 my_front=25 leader_comp=19 comp_gain(sz/front/cut)=0/0/0
DBG depth_guard t=99 remain=0.017 cand_pre=39 depth0=0 depth=0
DBG t=99 used=0.011 remain=0.017 turn_time=0.0102 end_in=0.0102 cand_pre=39 cand_cap=14 cand=39->14 pre=39 pick(must/bucket/top/rand)=1/7/3/3 depth0=0 depth=0 dlog=5 dper=4 sims=18550 loop=18536 gen_time=0 eval_time=0.011 best_avg=0.185374 best_move=5,7 leader=2 inc2=1 attack_w=0.2 S0=86646 SA=71415 ratio=1.21327 my_comp=22 my_front=27 leader_comp=18 comp_gain(sz/front/cut)=0/0/0
DBG summary depth_guard_fired=1
Score = 113494
=== CASE 0129.txt ===
DBG hdr N=10 M=4 T=100 U=2 VMAX=2828 TIME_LIMIT=1.94 MAX_CAND=20 UCB_C=0.21 OBJ=log(S0+1)-log(SA+1)
DBG t=0 used=0.024 remain=1.94 turn_time=0.0236195 end_in=0.0236195 cand_pre=5 cand_cap=20 cand=5->5 pre=5 pick(must/bucket/top/rand)=1/2/2/0 depth0=7 depth=5 dlog=2 dper=0 sims=5861 loop=5856 gen_time=0 eval_time=0.024 best_avg=-0.92761 best_move=3,8 leader=2 inc2=1 attack_w=0.85 S0=250 SA=1776 ratio=0.141249 my_comp=1 my_front=4 leader_comp=1 comp_gain(sz/front/cut)=1/2/0
DBG t=12 used=0.021 remain=1.666 turn_time=0.0205884 end_in=0.0205884 cand_pre=25 cand_cap=20 cand=25->20 pre=25 pick(must/bucket/top/rand)=1/2/13/4 depth0=7 depth=3 dlog=4 dper=0 sims=3572 loop=3552 gen_time=0 eval_time=0.021 best_avg=-0.517179 best_move=0,4 leader=2 inc2=0 attack_w=0.85 S0=14856 SA=26192 ratio=0.567213 my_comp=9 my_front=19 leader_comp=6 comp_gain(sz/front/cut)=1/1/0
DBG t=24 used=0.02 remain=1.422 turn_time=0.0192531 end_in=0.0192531 cand_pre=34 cand_cap=20 cand=34->20 pre=34 pick(must/bucket/top/rand)=1/3/12/4 depth0=7 depth=2 dlog=4 dper=1 sims=2984 loop=2964 gen_time=0 eval_time=0.02 best_avg=-0.306744 best_move=2,5 leader=2 inc2=0 attack_w=0.85 S0=28989 SA=41359 ratio=0.700919 my_comp=15 my_front=27 leader_comp=11 comp_gain(sz/front/cut)=0/0/0
DBG t=37 used=0.019 remain=1.17 turn_time=0.0186271 end_in=0.0186271 cand_pre=38 cand_cap=20 cand=38->20 pre=38 pick(must/bucket/top/rand)=1/6/9/4 depth0=10 depth=3 dlog=5 dper=2 sims=1948 loop=1928 gen_time=0 eval_time=0.019 best_avg=-0.519248 best_move=2,3 leader=2 inc2=0 attack_w=0.85 S0=36840 SA=61549 ratio=0.598554 my_comp=19 my_front=35 leader_comp=16 comp_gain(sz/front/cut)=0/0/0
DBG t=49 used=0.019 remain=0.942 turn_time=0.0182859 end_in=0.0182859 cand_pre=40 cand_cap=20 cand=40->20 pre=40 pick(must/bucket/top/rand)=1/5/10/4 depth0=10 depth=3 dlog=5 dper=2 sims=1836 loop=1816 gen_time=0 eval_time=0.019 best_avg=-0.547724 best_move=3,9 leader=2 inc2=0 attack_w=0.85 S0=42641 SA=68091 ratio=0.626241 my_comp=21 my_front=34 leader_comp=19 comp_gain(sz/front/cut)=0/0/0
DBG t=61 used=0.019 remain=0.717 turn_time=0.0182008 end_in=0.0182008 cand_pre=40 cand_cap=20 cand=40->20 pre=40 pick(must/bucket/top/rand)=1/7/8/4 depth0=10 depth=3 dlog=5 dper=2 sims=1720 loop=1700 gen_time=0 eval_time=0.019 best_avg=-0.678979 best_move=3,2 leader=2 inc2=1 attack_w=0.85 S0=41447 SA=74247 ratio=0.558237 my_comp=21 my_front=31 leader_comp=21 comp_gain(sz/front/cut)=0/0/0
DBG t=74 used=0.019 remain=0.467 turn_time=0.0180154 end_in=0.0180154 cand_pre=38 cand_cap=20 cand=38->20 pre=38 pick(must/bucket/top/rand)=1/6/9/4 depth0=11 depth=4 dlog=5 dper=2 sims=1536 loop=1516 gen_time=0 eval_time=0.019 best_avg=-0.806259 best_move=3,3 leader=2 inc2=1 attack_w=0.85 S0=35927 SA=79504 ratio=0.451896 my_comp=21 my_front=25 leader_comp=24 comp_gain(sz/front/cut)=0/0/0
DBG t=86 used=0.018 remain=0.249 turn_time=0.0176079 end_in=0.0176079 cand_pre=40 cand_cap=20 cand=40->20 pre=40 pick(must/bucket/top/rand)=1/6/9/4 depth0=11 depth=4 dlog=5 dper=2 sims=1432 loop=1412 gen_time=0 eval_time=0.018 best_avg=-0.76453 best_move=0,3 leader=2 inc2=1 attack_w=0.85 S0=36810 SA=78427 ratio=0.46936 my_comp=22 my_front=28 leader_comp=24 comp_gain(sz/front/cut)=1/-1/0
DBG depth_guard t=99 remain=0.017 cand_pre=42 depth0=0 depth=0
DBG t=99 used=0.011 remain=0.017 turn_time=0.0102 end_in=0.0102 cand_pre=42 cand_cap=14 cand=42->14 pre=42 pick(must/bucket/top/rand)=1/7/3/3 depth0=0 depth=0 dlog=5 dper=4 sims=11778 loop=11764 gen_time=0 eval_time=0.011 best_avg=-0.700782 best_move=0,9 leader=2 inc2=1 attack_w=0.85 S0=39814 SA=78906 ratio=0.504581 my_comp=25 my_front=29 leader_comp=25 comp_gain(sz/front/cut)=1/0/0
DBG summary depth_guard_fired=1
Score = 58742
=== CASE 0130.txt ===
DBG hdr N=10 M=6 T=100 U=2 VMAX=1824 TIME_LIMIT=1.94 MAX_CAND=20 UCB_C=0.21 OBJ=log(S0+1)-log(SA+1)
DBG t=0 used=0.024 remain=1.94 turn_time=0.0238717 end_in=0.0238717 cand_pre=3 cand_cap=20 cand=3->3 pre=3 pick(must/bucket/top/rand)=1/2/0/0 depth0=7 depth=6 dlog=1 dper=0 sims=4043 loop=4040 gen_time=0 eval_time=0.024 best_avg=-0.727117 best_move=4,2 leader=5 inc2=1 attack_w=0.434948 S0=1676 SA=1774 ratio=0.944789 my_comp=1 my_front=4 leader_comp=1 comp_gain(sz/front/cut)=0/0/0
DBG t=12 used=0.023 remain=1.661 turn_time=0.0223669 end_in=0.0223669 cand_pre=10 cand_cap=20 cand=10->10 pre=10 pick(must/bucket/top/rand)=1/3/6/0 depth0=7 depth=4 dlog=3 dper=0 sims=3530 loop=3520 gen_time=0 eval_time=0.023 best_avg=-0.580938 best_move=5,8 leader=5 inc2=1 attack_w=0.85 S0=9618 SA=19644 ratio=0.489641 my_comp=3 my_front=8 leader_comp=8 comp_gain(sz/front/cut)=1/2/0
DBG t=24 used=0.021 remain=1.397 turn_time=0.0205874 end_in=0.0205874 cand_pre=20 cand_cap=20 cand=20->20 pre=20 pick(must/bucket/top/rand)=1/3/12/4 depth0=7 depth=3 dlog=4 dper=0 sims=3028 loop=3008 gen_time=0 eval_time=0.021 best_avg=0.0161988 best_move=7,8 leader=5 inc2=1 attack_w=0.331274 S0=23988 SA=24242 ratio=0.989523 my_comp=8 my_front=17 leader_comp=11 comp_gain(sz/front/cut)=0/0/0
DBG t=37 used=0.019 remain=1.132 turn_time=0.0188397 end_in=0.0188397 cand_pre=31 cand_cap=20 cand=31->20 pre=31 pick(must/bucket/top/rand)=1/3/12/4 depth0=10 depth=5 dlog=4 dper=1 sims=1464 loop=1444 gen_time=0 eval_time=0.019 best_avg=0.345411 best_move=8,6 leader=5 inc2=1 attack_w=0.2 S0=35710 SA=27925 ratio=1.27877 my_comp=14 my_front=23 leader_comp=12 comp_gain(sz/front/cut)=1/2/0
DBG t=49 used=0.018 remain=0.909 turn_time=0.0172977 end_in=0.0172977 cand_pre=43 cand_cap=20 cand=43->20 pre=43 pick(must/bucket/top/rand)=1/7/8/4 depth0=10 depth=3 dlog=5 dper=2 sims=1628 loop=1608 gen_time=0 eval_time=0.018 best_avg=0.605208 best_move=8,4 leader=4 inc2=1 attack_w=0.2 S0=45500 SA=25763 ratio=1.76607 my_comp=20 my_front=31 leader_comp=13 comp_gain(sz/front/cut)=0/0/0
DBG t=61 used=0.017 remain=0.699 turn_time=0.0169283 end_in=0.0169283 cand_pre=47 cand_cap=20 cand=47->20 pre=47 pick(must/bucket/top/rand)=1/6/9/4 depth0=10 depth=2 dlog=5 dper=3 sims=1576 loop=1556 gen_time=0 eval_time=0.017 best_avg=0.837753 best_move=0,5 leader=5 inc2=1 attack_w=0.2 S0=51743 SA=21958 ratio=2.35639 my_comp=24 my_front=35 leader_comp=8 comp_gain(sz/front/cut)=0/0/0
DBG t=74 used=0.017 remain=0.477 turn_time=0.0169702 end_in=0.0169702 cand_pre=50 cand_cap=20 cand=50->20 pre=50 pick(must/bucket/top/rand)=1/8/7/4 depth0=11 depth=3 dlog=5 dper=3 sims=1332 loop=1312 gen_time=0 eval_time=0.017 best_avg=0.94259 best_move=9,2 leader=5 inc2=1 attack_w=0.2 S0=51445 SA=18796 ratio=2.73693 my_comp=26 my_front=38 leader_comp=8 comp_gain(sz/front/cut)=0/0/0
DBG t=86 used=0.018 remain=0.27 turn_time=0.0175886 end_in=0.0175886 cand_pre=52 cand_cap=20 cand=52->20 pre=52 pick(must/bucket/top/rand)=1/7/8/4 depth0=11 depth=3 dlog=5 dper=3 sims=1400 loop=1380 gen_time=0 eval_time=0.018 best_avg=1.0959 best_move=8,2 leader=5 inc2=1 attack_w=0.2 S0=58977 SA=20529 ratio=2.87277 my_comp=26 my_front=38 leader_comp=9 comp_gain(sz/front/cut)=0/0/0
DBG depth_guard t=99 remain=0.016 cand_pre=10 depth0=0 depth=0
DBG t=99 used=0.01 remain=0.016 turn_time=0.0096 end_in=0.0096 cand_pre=10 cand_cap=14 cand=10->10 pre=10 pick(must/bucket/top/rand)=1/2/7/0 depth0=0 depth=0 dlog=3 dper=0 sims=11734 loop=11724 gen_time=0 eval_time=0.01 best_avg=1.27474 best_move=1,5 leader=3 inc2=1 attack_w=0.2 S0=64280 SA=17288 ratio=3.71803 my_comp=4 my_front=8 leader_comp=11 comp_gain(sz/front/cut)=0/0/0
DBG summary depth_guard_fired=1
Score = 221197
=== CASE 0131.txt ===
DBG hdr N=10 M=5 T=100 U=1 VMAX=1033 TIME_LIMIT=1.94 MAX_CAND=20 UCB_C=0.21 OBJ=log(S0+1)-log(SA+1)
DBG t=0 used=0.024 remain=1.94 turn_time=0.0237456 end_in=0.0237456 cand_pre=4 cand_cap=20 cand=4->4 pre=4 pick(must/bucket/top/rand)=1/2/1/0 depth0=7 depth=6 dlog=1 dper=0 sims=4168 loop=4164 gen_time=0 eval_time=0.024 best_avg=-0.117418 best_move=0,3 leader=1 inc2=1 attack_w=0.194942 S0=1028 SA=1024 ratio=1.0039 my_comp=1 my_front=3 leader_comp=1 comp_gain(sz/front/cut)=1/1/0
DBG t=12 used=0.021 remain=1.667 turn_time=0.0207238 end_in=0.0207238 cand_pre=24 cand_cap=20 cand=24->20 pre=24 pick(must/bucket/top/rand)=1/2/13/4 depth0=7 depth=3 dlog=4 dper=0 sims=2908 loop=2888 gen_time=0 eval_time=0.021 best_avg=0.113181 best_move=3,3 leader=2 inc2=0 attack_w=0.2 S0=13162 SA=12002 ratio=1.09664 my_comp=13 my_front=17 leader_comp=12 comp_gain(sz/front/cut)=1/2/0
DBG t=24 used=0.023 remain=1.421 turn_time=0.0222779 end_in=0.0222779 cand_pre=9 cand_cap=20 cand=9->9 pre=9 pick(must/bucket/top/rand)=1/1/7/0 depth0=7 depth=4 dlog=3 dper=0 sims=2953 loop=2944 gen_time=0 eval_time=0.023 best_avg=0.363646 best_move=6,8 leader=1 inc2=0 attack_w=0.2 S0=24162 SA=18181 ratio=1.32895 my_comp=3 my_front=8 leader_comp=18 comp_gain(sz/front/cut)=1/2/0
DBG t=37 used=0.018 remain=1.167 turn_time=0.0176161 end_in=0.0176161 cand_pre=46 cand_cap=20 cand=46->20 pre=46 pick(must/bucket/top/rand)=1/6/9/4 depth0=10 depth=2 dlog=5 dper=3 sims=1352 loop=1332 gen_time=0 eval_time=0.018 best_avg=0.657835 best_move=5,2 leader=2 inc2=1 attack_w=0.2 S0=32035 SA=17129 ratio=1.87017 my_comp=29 my_front=32 leader_comp=10 comp_gain(sz/front/cut)=1/0/0
DBG t=49 used=0.018 remain=0.958 turn_time=0.0170092 end_in=0.0170092 cand_pre=53 cand_cap=20 cand=53->20 pre=53 pick(must/bucket/top/rand)=1/6/9/4 depth0=10 depth=2 dlog=5 dper=3 sims=1128 loop=1108 gen_time=0 eval_time=0.018 best_avg=0.964251 best_move=1,9 leader=2 inc2=1 attack_w=0.2 S0=38972 SA=15072 ratio=2.58562 my_comp=36 my_front=36 leader_comp=11 comp_gain(sz/front/cut)=1/1/0
DBG t=61 used=0.018 remain=0.751 turn_time=0.0175618 end_in=0.0175618 cand_pre=52 cand_cap=20 cand=52->20 pre=52 pick(must/bucket/top/rand)=1/6/9/4 depth0=10 depth=2 dlog=5 dper=3 sims=1056 loop=1036 gen_time=0 eval_time=0.018 best_avg=1.06366 best_move=3,8 leader=4 inc2=1 attack_w=0.2 S0=42035 SA=14984 ratio=2.80521 my_comp=36 my_front=32 leader_comp=11 comp_gain(sz/front/cut)=1/2/2
DBG t=74 used=0.018 remain=0.527 turn_time=0.0170363 end_in=0.0170363 cand_pre=63 cand_cap=14 cand=63->14 pre=42 pick(must/bucket/top/rand)=1/6/4/3 depth0=11 depth=2 dlog=5 dper=4 sims=966 loop=952 gen_time=0 eval_time=0.018 best_avg=1.19354 best_move=6,4 leader=2 inc2=1 attack_w=0.2 S0=46047 SA=15134 ratio=3.04248 my_comp=46 my_front=39 leader_comp=15 comp_gain(sz/front/cut)=1/2/0
DBG t=86 used=0.018 remain=0.313 turn_time=0.0179192 end_in=0.0179193 cand_pre=69 cand_cap=14 cand=69->14 pre=42 pick(must/bucket/top/rand)=1/6/4/3 depth0=11 depth=2 dlog=5 dper=4 sims=898 loop=884 gen_time=0 eval_time=0.018 best_avg=1.41671 best_move=6,2 leader=1 inc2=1 attack_w=0.2 S0=52027 SA=12119 ratio=4.29274 my_comp=51 my_front=37 leader_comp=12 comp_gain(sz/front/cut)=1/0/1
DBG t=99 used=0.014 remain=0.023 turn_time=0.0138 end_in=0.0138 cand_pre=76 cand_cap=14 cand=76->14 pre=42 pick(must/bucket/top/rand)=1/4/6/3 depth0=0 depth=0 dlog=6 dper=5 sims=17754 loop=17740 gen_time=0 eval_time=0.014 best_avg=1.16393 best_move=3,0 leader=1 inc2=1 attack_w=0.2 S0=47870 SA=15022 ratio=3.18651 my_comp=46 my_front=52 leader_comp=7 comp_gain(sz/front/cut)=2/2/0
DBG summary depth_guard_fired=0
Score = 204056
=== CASE 0132.txt ===
DBG hdr N=10 M=5 T=100 U=3 VMAX=2576 TIME_LIMIT=1.94 MAX_CAND=20 UCB_C=0.21 OBJ=log(S0+1)-log(SA+1)
DBG t=0 used=0.024 remain=1.94 turn_time=0.0237456 end_in=0.0237456 cand_pre=4 cand_cap=20 cand=4->4 pre=4 pick(must/bucket/top/rand)=1/2/1/0 depth0=7 depth=6 dlog=1 dper=0 sims=4428 loop=4424 gen_time=0 eval_time=0.024 best_avg=-0.544035 best_move=9,1 leader=4 inc2=1 attack_w=0.85 S0=753 SA=1061 ratio=0.709981 my_comp=1 my_front=3 leader_comp=1 comp_gain(sz/front/cut)=1/1/0
DBG t=12 used=0.023 remain=1.656 turn_time=0.0226665 end_in=0.0226665 cand_pre=7 cand_cap=20 cand=7->7 pre=7 pick(must/bucket/top/rand)=1/3/3/0 depth0=7 depth=5 dlog=2 dper=0 sims=3643 loop=3636 gen_time=0 eval_time=0.023 best_avg=-0.726484 best_move=8,0 leader=4 inc2=1 attack_w=0.85 S0=8572 SA=21705 ratio=0.39496 my_comp=4 my_front=5 leader_comp=1 comp_gain(sz/front/cut)=0/0/0
DBG t=24 used=0.021 remain=1.388 turn_time=0.0204547 end_in=0.0204547 cand_pre=20 cand_cap=20 cand=20->20 pre=20 pick(must/bucket/top/rand)=1/6/9/4 depth0=7 depth=3 dlog=4 dper=0 sims=3636 loop=3616 gen_time=0 eval_time=0.021 best_avg=-0.498318 best_move=5,1 leader=4 inc2=1 attack_w=0.85 S0=13362 SA=21606 ratio=0.618457 my_comp=9 my_front=16 leader_comp=3 comp_gain(sz/front/cut)=0/0/0
DBG t=37 used=0.02 remain=1.124 turn_time=0.0194024 end_in=0.0194024 cand_pre=25 cand_cap=20 cand=25->20 pre=25 pick(must/bucket/top/rand)=1/7/8/4 depth0=10 depth=6 dlog=4 dper=0 sims=1808 loop=1788 gen_time=0 eval_time=0.02 best_avg=-0.514701 best_move=9,1 leader=3 inc2=1 attack_w=0.85 S0=22989 SA=35007 ratio=0.656707 my_comp=11 my_front=20 leader_comp=18 comp_gain(sz/front/cut)=0/0/0
DBG t=49 used=0.02 remain=0.888 turn_time=0.0190485 end_in=0.0190485 cand_pre=24 cand_cap=20 cand=24->20 pre=24 pick(must/bucket/top/rand)=1/6/9/4 depth0=10 depth=6 dlog=4 dper=0 sims=2016 loop=1996 gen_time=0 eval_time=0.02 best_avg=-0.50033 best_move=2,2 leader=3 inc2=0 attack_w=0.85 S0=32575 SA=46998 ratio=0.693121 my_comp=10 my_front=22 leader_comp=21 comp_gain(sz/front/cut)=0/0/0
DBG t=61 used=0.018 remain=0.658 turn_time=0.0177997 end_in=0.0177997 cand_pre=30 cand_cap=20 cand=30->20 pre=30 pick(must/bucket/top/rand)=1/6/9/4 depth0=10 depth=5 dlog=4 dper=1 sims=1736 loop=1716 gen_time=0 eval_time=0.018 best_avg=-0.540139 best_move=4,3 leader=3 inc2=0 attack_w=0.85 S0=38951 SA=58265 ratio=0.66852 my_comp=14 my_front=24 leader_comp=26 comp_gain(sz/front/cut)=0/0/0
DBG t=74 used=0.018 remain=0.424 turn_time=0.0173106 end_in=0.0173106 cand_pre=29 cand_cap=20 cand=29->20 pre=29 pick(must/bucket/top/rand)=1/7/8/4 depth0=11 depth=6 dlog=4 dper=1 sims=1452 loop=1432 gen_time=0 eval_time=0.018 best_avg=-0.622372 best_move=5,1 leader=3 inc2=0 attack_w=0.85 S0=34372 SA=57610 ratio=0.59664 my_comp=13 my_front=22 leader_comp=29 comp_gain(sz/front/cut)=0/0/0
DBG t=86 used=0.017 remain=0.217 turn_time=0.0162517 end_in=0.0162517 cand_pre=31 cand_cap=20 cand=31->20 pre=31 pick(must/bucket/top/rand)=1/6/9/4 depth0=11 depth=5 dlog=4 dper=2 sims=1512 loop=1492 gen_time=0 eval_time=0.017 best_avg=-0.607013 best_move=2,1 leader=3 inc2=0 attack_w=0.85 S0=36215 SA=57829 ratio=0.626249 my_comp=14 my_front=24 leader_comp=30 comp_gain(sz/front/cut)=0/0/0
DBG depth_guard t=99 remain=0.01 cand_pre=25 depth0=0 depth=0
DBG t=99 used=0.007 remain=0.01 turn_time=0.006 end_in=0.006 cand_pre=25 cand_cap=12 cand=25->12 pre=25 pick(must/bucket/top/rand)=1/5/4/2 depth0=0 depth=0 dlog=4 dper=4 sims=7652 loop=7640 gen_time=0 eval_time=0.007 best_avg=-0.545124 best_move=5,1 leader=3 inc2=1 attack_w=0.85 S0=34476 SA=60630 ratio=0.568637 my_comp=12 my_front=18 leader_comp=28 comp_gain(sz/front/cut)=0/0/0
DBG summary depth_guard_fired=1
Score = 65969
=== CASE 0134.txt ===
DBG hdr N=10 M=6 T=100 U=3 VMAX=1790 TIME_LIMIT=1.94 MAX_CAND=20 UCB_C=0.21 OBJ=log(S0+1)-log(SA+1)
DBG t=0 used=0.024 remain=1.94 turn_time=0.0238717 end_in=0.0238717 cand_pre=3 cand_cap=20 cand=3->3 pre=3 pick(must/bucket/top/rand)=1/2/0/0 depth0=7 depth=6 dlog=1 dper=0 sims=3947 loop=3944 gen_time=0 eval_time=0.024 best_avg=-0.327484 best_move=8,9 leader=2 inc2=1 attack_w=0.85 S0=657 SA=1736 ratio=0.378814 my_comp=1 my_front=2 leader_comp=1 comp_gain(sz/front/cut)=1/1/0
DBG t=12 used=0.023 remain=1.659 turn_time=0.0220949 end_in=0.0220949 cand_pre=12 cand_cap=20 cand=12->12 pre=12 pick(must/bucket/top/rand)=1/4/7/0 depth0=7 depth=4 dlog=3 dper=0 sims=3644 loop=3632 gen_time=0 eval_time=0.023 best_avg=-0.0453149 best_move=5,9 leader=5 inc2=1 attack_w=0.284112 S0=16727 SA=16540 ratio=1.01131 my_comp=6 my_front=8 leader_comp=5 comp_gain(sz/front/cut)=0/0/0
DBG t=24 used=0.021 remain=1.4 turn_time=0.0202724 end_in=0.0202724 cand_pre=23 cand_cap=20 cand=23->20 pre=23 pick(must/bucket/top/rand)=1/4/11/4 depth0=7 depth=3 dlog=4 dper=0 sims=3012 loop=2992 gen_time=0 eval_time=0.021 best_avg=0.213949 best_move=7,5 leader=5 inc2=1 attack_w=0.2 S0=30774 SA=27140 ratio=1.13389 my_comp=11 my_front=16 leader_comp=8 comp_gain(sz/front/cut)=1/2/0
DBG t=37 used=0.019 remain=1.139 turn_time=0.0186037 end_in=0.0186037 cand_pre=34 cand_cap=20 cand=34->20 pre=34 pick(must/bucket/top/rand)=1/3/12/4 depth0=10 depth=4 dlog=4 dper=2 sims=1836 loop=1816 gen_time=0 eval_time=0.019 best_avg=0.323394 best_move=8,4 leader=4 inc2=1 attack_w=0.2 S0=44188 SA=30505 ratio=1.44853 my_comp=18 my_front=25 leader_comp=9 comp_gain(sz/front/cut)=0/0/0
DBG t=49 used=0.018 remain=0.914 turn_time=0.0176259 end_in=0.0176259 cand_pre=41 cand_cap=20 cand=41->20 pre=41 pick(must/bucket/top/rand)=1/8/7/4 depth0=10 depth=3 dlog=5 dper=2 sims=1628 loop=1608 gen_time=0 eval_time=0.018 best_avg=0.464722 best_move=7,3 leader=5 inc2=1 attack_w=0.2 S0=57898 SA=38174 ratio=1.51667 my_comp=23 my_front=29 leader_comp=12 comp_gain(sz/front/cut)=0/0/0
DBG t=61 used=0.018 remain=0.698 turn_time=0.0170205 end_in=0.0170205 cand_pre=46 cand_cap=20 cand=46->20 pre=46 pick(must/bucket/top/rand)=1/7/8/4 depth0=10 depth=2 dlog=5 dper=3 sims=1832 loop=1812 gen_time=0 eval_time=0.018 best_avg=0.525827 best_move=5,9 leader=4 inc2=1 attack_w=0.2 S0=66881 SA=39111 ratio=1.71001 my_comp=26 my_front=35 leader_comp=13 comp_gain(sz/front/cut)=0/0/0
DBG t=74 used=0.017 remain=0.465 turn_time=0.016892 end_in=0.016892 cand_pre=47 cand_cap=20 cand=47->20 pre=47 pick(must/bucket/top/rand)=1/7/8/4 depth0=11 depth=3 dlog=5 dper=3 sims=1400 loop=1380 gen_time=0 eval_time=0.017 best_avg=0.564626 best_move=6,3 leader=4 inc2=1 attack_w=0.2 S0=76736 SA=43382 ratio=1.76883 my_comp=27 my_front=35 leader_comp=13 comp_gain(sz/front/cut)=0/0/0
DBG t=86 used=0.018 remain=0.255 turn_time=0.0172034 end_in=0.0172034 cand_pre=47 cand_cap=20 cand=47->20 pre=47 pick(must/bucket/top/rand)=1/6/9/4 depth0=11 depth=3 dlog=5 dper=3 sims=1372 loop=1352 gen_time=0 eval_time=0.018 best_avg=0.617685 best_move=2,7 leader=4 inc2=1 attack_w=0.2 S0=83801 SA=44478 ratio=1.88408 my_comp=28 my_front=37 leader_comp=15 comp_gain(sz/front/cut)=0/0/0
DBG t=99 used=0.013 remain=0.021 turn_time=0.0126 end_in=0.0126 cand_pre=49 cand_cap=16 cand=49->16 pre=48 pick(must/bucket/top/rand)=1/6/5/4 depth0=0 depth=0 dlog=5 dper=4 sims=16440 loop=16424 gen_time=0 eval_time=0.013 best_avg=0.774379 best_move=4,6 leader=4 inc2=1 attack_w=0.2 S0=89399 SA=42083 ratio=2.12432 my_comp=31 my_front=38 leader_comp=3 comp_gain(sz/front/cut)=0/0/0
DBG summary depth_guard_fired=0
Score = 162605
=== CASE 0133.txt ===
DBG hdr N=10 M=7 T=100 U=3 VMAX=1854 TIME_LIMIT=1.94 MAX_CAND=20 UCB_C=0.21 OBJ=log(S0+1)-log(SA+1)
DBG t=0 used=0.024 remain=1.94 turn_time=0.0237456 end_in=0.0237456 cand_pre=4 cand_cap=20 cand=4->4 pre=4 pick(must/bucket/top/rand)=1/2/1/0 depth0=7 depth=6 dlog=1 dper=0 sims=3600 loop=3596 gen_time=0 eval_time=0.024 best_avg=-0.171435 best_move=9,5 leader=3 inc2=1 attack_w=0.506222 S0=1499 SA=1636 ratio=0.91631 my_comp=1 my_front=3 leader_comp=1 comp_gain(sz/front/cut)=0/0/0
DBG t=12 used=0.023 remain=1.658 turn_time=0.0220815 end_in=0.0220815 cand_pre=12 cand_cap=20 cand=12->12 pre=12 pick(must/bucket/top/rand)=1/4/7/0 depth0=7 depth=4 dlog=3 dper=0 sims=3364 loop=3352 gen_time=0 eval_time=0.023 best_avg=0.108178 best_move=8,3 leader=4 inc2=1 attack_w=0.2 S0=17492 SA=15169 ratio=1.15313 my_comp=6 my_front=9 leader_comp=6 comp_gain(sz/front/cut)=0/0/0
DBG t=24 used=0.022 remain=1.394 turn_time=0.0210201 end_in=0.0210201 cand_pre=16 cand_cap=20 cand=16->16 pre=16 pick(must/bucket/top/rand)=1/5/10/0 depth0=7 depth=4 dlog=3 dper=0 sims=2792 loop=2776 gen_time=0 eval_time=0.022 best_avg=-0.056657 best_move=8,5 leader=6 inc2=1 attack_w=0.2 S0=30836 SA=26867 ratio=1.14772 my_comp=8 my_front=11 leader_comp=10 comp_gain(sz/front/cut)=0/0/0
DBG t=37 used=0.021 remain=1.118 turn_time=0.0201063 end_in=0.0201063 cand_pre=18 cand_cap=20 cand=18->18 pre=18 pick(must/bucket/top/rand)=1/5/10/2 depth0=10 depth=6 dlog=4 dper=0 sims=1590 loop=1572 gen_time=0 eval_time=0.021 best_avg=-0.340629 best_move=9,1 leader=6 inc2=1 attack_w=0.841074 S0=33922 SA=42263 ratio=0.802645 my_comp=10 my_front=14 leader_comp=18 comp_gain(sz/front/cut)=1/1/0
DBG t=49 used=0.02 remain=0.877 turn_time=0.0193714 end_in=0.0193714 cand_pre=19 cand_cap=20 cand=19->19 pre=19 pick(must/bucket/top/rand)=1/5/10/3 depth0=10 depth=6 dlog=4 dper=0 sims=1507 loop=1488 gen_time=0 eval_time=0.02 best_avg=-0.312033 best_move=7,3 leader=6 inc2=1 attack_w=0.85 S0=38029 SA=51874 ratio=0.733108 my_comp=12 my_front=13 leader_comp=19 comp_gain(sz/front/cut)=0/0/0
DBG t=61 used=0.019 remain=0.642 turn_time=0.0184369 end_in=0.0184369 cand_pre=20 cand_cap=20 cand=20->20 pre=20 pick(must/bucket/top/rand)=1/5/10/4 depth0=10 depth=6 dlog=4 dper=0 sims=1340 loop=1320 gen_time=0 eval_time=0.019 best_avg=-0.430528 best_move=8,0 leader=6 inc2=1 attack_w=0.85 S0=42168 SA=59810 ratio=0.705038 my_comp=12 my_front=17 leader_comp=22 comp_gain(sz/front/cut)=0/0/0
DBG t=74 used=0.017 remain=0.406 turn_time=0.0165757 end_in=0.0165757 cand_pre=29 cand_cap=20 cand=29->20 pre=29 pick(must/bucket/top/rand)=1/7/8/4 depth0=11 depth=6 dlog=4 dper=1 sims=1108 loop=1088 gen_time=0 eval_time=0.017 best_avg=-0.17324 best_move=9,7 leader=6 inc2=1 attack_w=0.760623 S0=46677 SA=56421 ratio=0.827301 my_comp=16 my_front=21 leader_comp=18 comp_gain(sz/front/cut)=0/0/0
DBG t=86 used=0.017 remain=0.197 turn_time=0.0167661 end_in=0.0167661 cand_pre=9 cand_cap=20 cand=9->9 pre=9 pick(must/bucket/top/rand)=1/2/6/0 depth0=11 depth=6 dlog=3 dper=0 sims=1381 loop=1372 gen_time=0 eval_time=0.017 best_avg=-0.0209162 best_move=9,0 leader=6 inc2=1 attack_w=0.283091 S0=57593 SA=56922 ratio=1.01179 my_comp=5 my_front=6 leader_comp=21 comp_gain(sz/front/cut)=0/0/0
DBG depth_guard t=98 remain=0.017 cand_pre=10 depth0=1 depth=0
DBG depth_guard t=99 remain=0.006 cand_pre=10 depth0=0 depth=0
DBG t=99 used=0.004 remain=0.006 turn_time=0.0036 end_in=0.0036 cand_pre=10 cand_cap=12 cand=10->10 pre=10 pick(must/bucket/top/rand)=1/2/7/0 depth0=0 depth=0 dlog=3 dper=3 sims=3318 loop=3308 gen_time=0 eval_time=0.004 best_avg=0.161481 best_move=5,1 leader=6 inc2=1 attack_w=0.2 S0=64773 SA=55628 ratio=1.16439 my_comp=6 my_front=8 leader_comp=20 comp_gain(sz/front/cut)=0/0/0
DBG summary depth_guard_fired=2
Score = 114754
=== CASE 0136.txt ===
DBG hdr N=10 M=6 T=100 U=1 VMAX=2305 TIME_LIMIT=1.94 MAX_CAND=20 UCB_C=0.21 OBJ=log(S0+1)-log(SA+1)
DBG t=0 used=0.024 remain=1.94 turn_time=0.0236195 end_in=0.0236195 cand_pre=5 cand_cap=20 cand=5->5 pre=5 pick(must/bucket/top/rand)=1/2/2/0 depth0=7 depth=5 dlog=2 dper=0 sims=4677 loop=4672 gen_time=0 eval_time=0.024 best_avg=-0.481126 best_move=4,5 leader=5 inc2=1 attack_w=0.85 S0=804 SA=2305 ratio=0.349089 my_comp=1 my_front=4 leader_comp=1 comp_gain(sz/front/cut)=1/2/0
DBG t=12 used=0.023 remain=1.67 turn_time=0.0226114 end_in=0.0226114 cand_pre=9 cand_cap=20 cand=9->9 pre=9 pick(must/bucket/top/rand)=1/4/4/0 depth0=7 depth=4 dlog=3 dper=0 sims=2865 loop=2856 gen_time=0 eval_time=0.023 best_avg=-0.401478 best_move=0,3 leader=2 inc2=1 attack_w=0.85 S0=10782 SA=20585 ratio=0.523803 my_comp=3 my_front=8 leader_comp=11 comp_gain(sz/front/cut)=1/1/3
DBG t=24 used=0.021 remain=1.403 turn_time=0.0203158 end_in=0.0203158 cand_pre=23 cand_cap=20 cand=23->20 pre=23 pick(must/bucket/top/rand)=1/4/11/4 depth0=7 depth=3 dlog=4 dper=0 sims=2480 loop=2460 gen_time=0 eval_time=0.021 best_avg=0.178415 best_move=3,3 leader=1 inc2=1 attack_w=0.2 S0=17129 SA=14725 ratio=1.16325 my_comp=11 my_front=19 leader_comp=10 comp_gain(sz/front/cut)=1/0/6
DBG t=37 used=0.02 remain=1.14 turn_time=0.0197962 end_in=0.0197962 cand_pre=24 cand_cap=20 cand=24->20 pre=24 pick(must/bucket/top/rand)=1/6/9/4 depth0=10 depth=6 dlog=4 dper=0 sims=1608 loop=1588 gen_time=0 eval_time=0.02 best_avg=0.168572 best_move=7,1 leader=4 inc2=1 attack_w=0.549891 S0=17678 SA=19649 ratio=0.899695 my_comp=11 my_front=19 leader_comp=4 comp_gain(sz/front/cut)=1/2/0
DBG t=49 used=0.02 remain=0.891 turn_time=0.0197942 end_in=0.0197942 cand_pre=18 cand_cap=20 cand=18->18 pre=18 pick(must/bucket/top/rand)=1/3/12/2 depth0=10 depth=6 dlog=4 dper=0 sims=1998 loop=1980 gen_time=0 eval_time=0.02 best_avg=0.333043 best_move=1,6 leader=4 inc2=1 attack_w=0.2 S0=24587 SA=21812 ratio=1.12722 my_comp=7 my_front=16 leader_comp=2 comp_gain(sz/front/cut)=1/0/0
DBG t=61 used=0.016 remain=0.676 turn_time=0.0159207 end_in=0.0159207 cand_pre=51 cand_cap=20 cand=51->20 pre=51 pick(must/bucket/top/rand)=1/5/10/4 depth0=10 depth=2 dlog=5 dper=3 sims=1540 loop=1520 gen_time=0 eval_time=0.016 best_avg=0.711753 best_move=5,0 leader=3 inc2=1 attack_w=0.2 S0=32507 SA=18994 ratio=1.7114 my_comp=27 my_front=38 leader_comp=2 comp_gain(sz/front/cut)=1/1/0
DBG t=74 used=0.018 remain=0.444 turn_time=0.0177942 end_in=0.0177942 cand_pre=32 cand_cap=20 cand=32->20 pre=32 pick(must/bucket/top/rand)=1/4/11/4 depth0=11 depth=6 dlog=4 dper=1 sims=1276 loop=1256 gen_time=0 eval_time=0.018 best_avg=0.881191 best_move=7,4 leader=5 inc2=1 attack_w=0.2 S0=35885 SA=12912 ratio=2.77906 my_comp=19 my_front=24 leader_comp=2 comp_gain(sz/front/cut)=1/2/0
DBG t=86 used=0.015 remain=0.235 turn_time=0.014763 end_in=0.014763 cand_pre=57 cand_cap=20 cand=57->20 pre=57 pick(must/bucket/top/rand)=1/5/10/4 depth0=11 depth=2 dlog=5 dper=4 sims=1200 loop=1180 gen_time=0 eval_time=0.015 best_avg=1.09955 best_move=1,4 leader=2 inc2=1 attack_w=0.2 S0=35571 SA=12476 ratio=2.85101 my_comp=32 my_front=44 leader_comp=3 comp_gain(sz/front/cut)=1/2/0
DBG t=99 used=0.016 remain=0.025 turn_time=0.015 end_in=0.015 cand_pre=65 cand_cap=14 cand=65->14 pre=42 pick(must/bucket/top/rand)=1/5/5/3 depth0=0 depth=0 dlog=5 dper=4 sims=35358 loop=35344 gen_time=0 eval_time=0.016 best_avg=1.44653 best_move=5,4 leader=4 inc2=1 attack_w=0.2 S0=43883 SA=10433 ratio=4.20587 my_comp=39 my_front=49 leader_comp=3 comp_gain(sz/front/cut)=1/0/0
DBG summary depth_guard_fired=0
Score = 243110
=== CASE 0135.txt ===
DBG hdr N=10 M=7 T=100 U=5 VMAX=1885 TIME_LIMIT=1.94 MAX_CAND=20 UCB_C=0.21 OBJ=log(S0+1)-log(SA+1)
DBG t=0 used=0.024 remain=1.94 turn_time=0.0236195 end_in=0.0236195 cand_pre=5 cand_cap=20 cand=5->5 pre=5 pick(must/bucket/top/rand)=1/2/2/0 depth0=7 depth=5 dlog=2 dper=0 sims=4749 loop=4744 gen_time=0 eval_time=0.024 best_avg=-0.417275 best_move=6,3 leader=4 inc2=1 attack_w=0.85 S0=490 SA=1740 ratio=0.282022 my_comp=1 my_front=4 leader_comp=1 comp_gain(sz/front/cut)=1/2/0
DBG t=12 used=0.022 remain=1.659 turn_time=0.0217272 end_in=0.0217272 cand_pre=15 cand_cap=20 cand=15->15 pre=15 pick(must/bucket/top/rand)=1/4/10/0 depth0=7 depth=4 dlog=3 dper=0 sims=3247 loop=3232 gen_time=0 eval_time=0.022 best_avg=-0.13659 best_move=4,5 leader=3 inc2=1 attack_w=0.85 S0=16246 SA=21364 ratio=0.760449 my_comp=5 my_front=12 leader_comp=5 comp_gain(sz/front/cut)=1/2/0
DBG t=24 used=0.02 remain=1.407 turn_time=0.0198924 end_in=0.0198924 cand_pre=27 cand_cap=20 cand=27->20 pre=27 pick(must/bucket/top/rand)=1/5/10/4 depth0=7 depth=2 dlog=4 dper=1 sims=3332 loop=3312 gen_time=0 eval_time=0.02 best_avg=0.1424 best_move=2,4 leader=6 inc2=1 attack_w=0.2 S0=36629 SA=33887 ratio=1.08091 my_comp=10 my_front=22 leader_comp=10 comp_gain(sz/front/cut)=0/0/0
DBG t=37 used=0.02 remain=1.146 turn_time=0.019191 end_in=0.019191 cand_pre=30 cand_cap=20 cand=30->20 pre=30 pick(must/bucket/top/rand)=1/6/9/4 depth0=10 depth=5 dlog=4 dper=1 sims=1880 loop=1860 gen_time=0 eval_time=0.02 best_avg=0.16423 best_move=6,2 leader=6 inc2=1 attack_w=0.2 S0=54146 SA=43247 ratio=1.25201 my_comp=13 my_front=24 leader_comp=10 comp_gain(sz/front/cut)=0/0/0
DBG t=49 used=0.019 remain=0.912 turn_time=0.0185172 end_in=0.0185172 cand_pre=33 cand_cap=20 cand=33->20 pre=33 pick(must/bucket/top/rand)=1/6/9/4 depth0=10 depth=5 dlog=4 dper=1 sims=1564 loop=1544 gen_time=0 eval_time=0.019 best_avg=0.215489 best_move=4,4 leader=6 inc2=1 attack_w=0.2 S0=64478 SA=50807 ratio=1.26907 my_comp=15 my_front=28 leader_comp=12 comp_gain(sz/front/cut)=0/0/0
DBG t=61 used=0.019 remain=0.683 turn_time=0.0180207 end_in=0.0180207 cand_pre=34 cand_cap=20 cand=34->20 pre=34 pick(must/bucket/top/rand)=1/7/8/4 depth0=10 depth=4 dlog=4 dper=2 sims=1716 loop=1696 gen_time=0 eval_time=0.019 best_avg=0.32321 best_move=6,2 leader=6 inc2=1 attack_w=0.2 S0=70626 SA=49653 ratio=1.42238 my_comp=16 my_front=28 leader_comp=15 comp_gain(sz/front/cut)=0/0/0
DBG t=74 used=0.018 remain=0.448 turn_time=0.0170585 end_in=0.0170585 cand_pre=40 cand_cap=20 cand=40->20 pre=40 pick(must/bucket/top/rand)=1/7/8/4 depth0=11 depth=4 dlog=5 dper=2 sims=1472 loop=1452 gen_time=0 eval_time=0.018 best_avg=0.298854 best_move=7,7 leader=6 inc2=1 attack_w=0.2 S0=73246 SA=53189 ratio=1.37708 my_comp=19 my_front=32 leader_comp=13 comp_gain(sz/front/cut)=0/0/0
DBG t=86 used=0.017 remain=0.235 turn_time=0.0166179 end_in=0.0166179 cand_pre=40 cand_cap=20 cand=40->20 pre=40 pick(must/bucket/top/rand)=1/8/7/4 depth0=11 depth=4 dlog=5 dper=2 sims=1296 loop=1276 gen_time=0 eval_time=0.017 best_avg=0.265476 best_move=6,2 leader=4 inc2=1 attack_w=0.2 S0=80412 SA=59299 ratio=1.35604 my_comp=19 my_front=32 leader_comp=8 comp_gain(sz/front/cut)=0/0/0
DBG depth_guard t=99 remain=0.016 cand_pre=43 depth0=0 depth=0
DBG t=99 used=0.01 remain=0.016 turn_time=0.0096 end_in=0.0096 cand_pre=43 cand_cap=14 cand=43->14 pre=42 pick(must/bucket/top/rand)=1/8/2/3 depth0=0 depth=0 dlog=5 dper=4 sims=8914 loop=8900 gen_time=0 eval_time=0.01 best_avg=0.271541 best_move=2,3 leader=3 inc2=1 attack_w=0.2 S0=87225 SA=65765 ratio=1.32631 my_comp=21 my_front=35 leader_comp=15 comp_gain(sz/front/cut)=0/0/0
DBG summary depth_guard_fired=1
Score = 121062
=== CASE 0137.txt ===
DBG hdr N=10 M=8 T=100 U=1 VMAX=1945 TIME_LIMIT=1.94 MAX_CAND=20 UCB_C=0.21 OBJ=log(S0+1)-log(SA+1)
DBG t=0 used=0.024 remain=1.94 turn_time=0.0237456 end_in=0.0237456 cand_pre=4 cand_cap=20 cand=4->4 pre=4 pick(must/bucket/top/rand)=1/2/1/0 depth0=7 depth=6 dlog=1 dper=0 sims=2768 loop=2764 gen_time=0 eval_time=0.024 best_avg=-0.287885 best_move=5,5 leader=6 inc2=1 attack_w=0.85 S0=1126 SA=1945 ratio=0.579137 my_comp=1 my_front=4 leader_comp=1 comp_gain(sz/front/cut)=1/2/0
DBG t=12 used=0.022 remain=1.661 turn_time=0.0213854 end_in=0.0213854 cand_pre=18 cand_cap=20 cand=18->18 pre=18 pick(must/bucket/top/rand)=1/5/10/2 depth0=7 depth=3 dlog=4 dper=0 sims=3614 loop=3596 gen_time=0 eval_time=0.022 best_avg=0.0942125 best_move=3,6 leader=7 inc2=1 attack_w=0.700726 S0=7387 SA=8725 ratio=0.846665 my_comp=7 my_front=12 leader_comp=5 comp_gain(sz/front/cut)=1/2/0
DBG t=24 used=0.02 remain=1.4 turn_time=0.0196737 end_in=0.0196737 cand_pre=28 cand_cap=20 cand=28->20 pre=28 pick(must/bucket/top/rand)=1/4/11/4 depth0=7 depth=2 dlog=4 dper=1 sims=3316 loop=3296 gen_time=0 eval_time=0.02 best_avg=0.493855 best_move=6,2 leader=5 inc2=1 attack_w=0.2 S0=11564 SA=9025 ratio=1.2813 my_comp=10 my_front=20 leader_comp=8 comp_gain(sz/front/cut)=1/2/0
DBG t=37 used=0.018 remain=1.15 turn_time=0.0179528 end_in=0.0179528 cand_pre=41 cand_cap=20 cand=41->20 pre=41 pick(must/bucket/top/rand)=1/6/9/4 depth0=10 depth=3 dlog=5 dper=2 sims=1804 loop=1784 gen_time=0 eval_time=0.018 best_avg=1.12358 best_move=4,3 leader=1 inc2=1 attack_w=0.2 S0=24173 SA=8396 ratio=2.87889 my_comp=21 my_front=28 leader_comp=4 comp_gain(sz/front/cut)=1/2/1
DBG t=49 used=0.017 remain=0.937 turn_time=0.0168752 end_in=0.0168752 cand_pre=51 cand_cap=20 cand=51->20 pre=51 pick(must/bucket/top/rand)=1/5/10/4 depth0=10 depth=2 dlog=5 dper=3 sims=1648 loop=1628 gen_time=0 eval_time=0.017 best_avg=1.32385 best_move=1,4 leader=2 inc2=1 attack_w=0.2 S0=32234 SA=8390 ratio=3.84162 my_comp=28 my_front=39 leader_comp=8 comp_gain(sz/front/cut)=1/2/1
DBG t=61 used=0.018 remain=0.716 turn_time=0.0171014 end_in=0.0171014 cand_pre=49 cand_cap=20 cand=49->20 pre=49 pick(must/bucket/top/rand)=1/6/9/4 depth0=10 depth=2 dlog=5 dper=3 sims=2632 loop=2612 gen_time=0 eval_time=0.018 best_avg=1.34574 best_move=6,0 leader=6 inc2=1 attack_w=0.2 S0=29620 SA=7451 ratio=3.97491 my_comp=24 my_front=40 leader_comp=5 comp_gain(sz/front/cut)=1/1/4
DBG t=74 used=0.019 remain=0.486 turn_time=0.0181409 end_in=0.0181409 cand_pre=43 cand_cap=20 cand=43->20 pre=43 pick(must/bucket/top/rand)=1/6/9/4 depth0=11 depth=4 dlog=5 dper=2 sims=1488 loop=1468 gen_time=0 eval_time=0.019 best_avg=1.38931 best_move=5,3 leader=3 inc2=1 attack_w=0.2 S0=32456 SA=8819 ratio=3.67993 my_comp=22 my_front=37 leader_comp=6 comp_gain(sz/front/cut)=1/0/0
DBG t=86 used=0.018 remain=0.273 turn_time=0.0175305 end_in=0.0175305 cand_pre=54 cand_cap=20 cand=54->20 pre=54 pick(must/bucket/top/rand)=1/6/9/4 depth0=11 depth=3 dlog=5 dper=3 sims=2192 loop=2172 gen_time=0 eval_time=0.018 best_avg=1.52394 best_move=1,3 leader=7 inc2=1 attack_w=0.2 S0=36675 SA=6449 ratio=5.6862 my_comp=28 my_front=47 leader_comp=2 comp_gain(sz/front/cut)=1/2/0
DBG t=99 used=0.016 remain=0.025 turn_time=0.015 end_in=0.015 cand_pre=65 cand_cap=14 cand=65->14 pre=42 pick(must/bucket/top/rand)=1/6/4/3 depth0=0 depth=0 dlog=5 dper=4 sims=31098 loop=31084 gen_time=0 eval_time=0.016 best_avg=1.8755 best_move=5,0 leader=7 inc2=1 attack_w=0.2 S0=39553 SA=6468 ratio=6.11439 my_comp=37 my_front=50 leader_comp=2 comp_gain(sz/front/cut)=1/1/1
DBG summary depth_guard_fired=0
Score = 299700
=== CASE 0138.txt ===
DBG hdr N=10 M=6 T=100 U=2 VMAX=2279 TIME_LIMIT=1.94 MAX_CAND=20 UCB_C=0.21 OBJ=log(S0+1)-log(SA+1)
DBG t=0 used=0.024 remain=1.94 turn_time=0.0236195 end_in=0.0236195 cand_pre=5 cand_cap=20 cand=5->5 pre=5 pick(must/bucket/top/rand)=1/2/2/0 depth0=7 depth=5 dlog=2 dper=0 sims=4521 loop=4516 gen_time=0 eval_time=0.024 best_avg=-0.369311 best_move=6,8 leader=4 inc2=1 attack_w=0.85 S0=1269 SA=2046 ratio=0.62042 my_comp=1 my_front=4 leader_comp=1 comp_gain(sz/front/cut)=0/0/0
DBG t=12 used=0.022 remain=1.664 turn_time=0.0211782 end_in=0.0211782 cand_pre=20 cand_cap=20 cand=20->20 pre=20 pick(must/bucket/top/rand)=1/6/9/4 depth0=7 depth=3 dlog=4 dper=0 sims=3568 loop=3548 gen_time=0 eval_time=0.022 best_avg=0.155934 best_move=2,9 leader=2 inc2=1 attack_w=0.2 S0=15832 SA=12391 ratio=1.27768 my_comp=8 my_front=14 leader_comp=9 comp_gain(sz/front/cut)=1/1/0
DBG t=24 used=0.02 remain=1.411 turn_time=0.0199489 end_in=0.0199489 cand_pre=27 cand_cap=20 cand=27->20 pre=27 pick(must/bucket/top/rand)=1/7/8/4 depth0=7 depth=2 dlog=4 dper=1 sims=3448 loop=3428 gen_time=0 eval_time=0.02 best_avg=0.222514 best_move=1,7 leader=2 inc2=1 attack_w=0.2 S0=27964 SA=23007 ratio=1.21545 my_comp=13 my_front=20 leader_comp=14 comp_gain(sz/front/cut)=0/0/0
DBG t=37 used=0.02 remain=1.151 turn_time=0.0197497 end_in=0.0197497 cand_pre=26 cand_cap=20 cand=26->20 pre=26 pick(must/bucket/top/rand)=1/7/8/4 depth0=10 depth=6 dlog=4 dper=0 sims=1556 loop=1536 gen_time=0 eval_time=0.02 best_avg=-0.257495 best_move=3,7 leader=2 inc2=1 attack_w=0.719702 S0=25449 SA=30281 ratio=0.840433 my_comp=12 my_front=20 leader_comp=18 comp_gain(sz/front/cut)=0/0/0
DBG t=49 used=0.019 remain=0.908 turn_time=0.0186674 end_in=0.0186674 cand_pre=31 cand_cap=20 cand=31->20 pre=31 pick(must/bucket/top/rand)=1/6/9/4 depth0=10 depth=5 dlog=4 dper=1 sims=1744 loop=1724 gen_time=0 eval_time=0.019 best_avg=-0.331253 best_move=0,8 leader=2 inc2=1 attack_w=0.85 S0=26920 SA=35725 ratio=0.753541 my_comp=15 my_front=26 leader_comp=21 comp_gain(sz/front/cut)=2/2/0
DBG t=61 used=0.018 remain=0.684 turn_time=0.0177051 end_in=0.0177051 cand_pre=37 cand_cap=20 cand=37->20 pre=37 pick(must/bucket/top/rand)=1/6/9/4 depth0=10 depth=3 dlog=5 dper=2 sims=2428 loop=2408 gen_time=0 eval_time=0.018 best_avg=0.121659 best_move=4,7 leader=2 inc2=1 attack_w=0.2 S0=41355 SA=37846 ratio=1.09272 my_comp=21 my_front=27 leader_comp=1 comp_gain(sz/front/cut)=1/0/0
DBG t=74 used=0.018 remain=0.45 turn_time=0.0174721 end_in=0.0174721 cand_pre=37 cand_cap=20 cand=37->20 pre=37 pick(must/bucket/top/rand)=1/6/9/4 depth0=11 depth=4 dlog=5 dper=2 sims=1676 loop=1656 gen_time=0 eval_time=0.018 best_avg=0.116547 best_move=3,6 leader=2 inc2=1 attack_w=0.2 S0=45125 SA=41435 ratio=1.08905 my_comp=23 my_front=27 leader_comp=2 comp_gain(sz/front/cut)=1/2/0
DBG t=86 used=0.017 remain=0.237 turn_time=0.0168693 end_in=0.0168693 cand_pre=39 cand_cap=20 cand=39->20 pre=39 pick(must/bucket/top/rand)=1/8/7/4 depth0=11 depth=4 dlog=5 dper=2 sims=1468 loop=1448 gen_time=0 eval_time=0.017 best_avg=0.147565 best_move=1,7 leader=2 inc2=1 attack_w=0.2 S0=45149 SA=40934 ratio=1.10297 my_comp=25 my_front=26 leader_comp=4 comp_gain(sz/front/cut)=0/0/0
DBG depth_guard t=99 remain=0.017 cand_pre=43 depth0=0 depth=0
DBG t=99 used=0.011 remain=0.017 turn_time=0.0102 end_in=0.0102 cand_pre=43 cand_cap=14 cand=43->14 pre=42 pick(must/bucket/top/rand)=1/7/3/3 depth0=0 depth=0 dlog=5 dper=4 sims=14398 loop=14384 gen_time=0 eval_time=0.011 best_avg=0.429957 best_move=1,7 leader=1 inc2=1 attack_w=0.2 S0=50337 SA=33221 ratio=1.5152 my_comp=28 my_front=28 leader_comp=23 comp_gain(sz/front/cut)=0/0/0
DBG summary depth_guard_fired=1
Score = 134512
=== CASE 0139.txt ===
DBG hdr N=10 M=7 T=100 U=1 VMAX=1258 TIME_LIMIT=1.94 MAX_CAND=20 UCB_C=0.21 OBJ=log(S0+1)-log(SA+1)
DBG t=0 used=0.024 remain=1.94 turn_time=0.0236195 end_in=0.0236195 cand_pre=5 cand_cap=20 cand=5->5 pre=5 pick(must/bucket/top/rand)=1/2/2/0 depth0=7 depth=5 dlog=2 dper=0 sims=4293 loop=4288 gen_time=0 eval_time=0.024 best_avg=-0.219829 best_move=5,3 leader=1 inc2=1 attack_w=0.85 S0=865 SA=1234 ratio=0.701215 my_comp=1 my_front=4 leader_comp=1 comp_gain(sz/front/cut)=1/2/0
DBG t=12 used=0.021 remain=1.671 turn_time=0.0201564 end_in=0.0201564 cand_pre=29 cand_cap=20 cand=29->20 pre=29 pick(must/bucket/top/rand)=1/4/11/4 depth0=7 depth=2 dlog=4 dper=1 sims=2892 loop=2872 gen_time=0 eval_time=0.021 best_avg=0.189099 best_move=5,6 leader=4 inc2=1 attack_w=0.274821 S0=13059 SA=12857 ratio=1.01571 my_comp=13 my_front=24 leader_comp=12 comp_gain(sz/front/cut)=1/2/9
DBG t=24 used=0.018 remain=1.438 turn_time=0.0178709 end_in=0.0178709 cand_pre=47 cand_cap=20 cand=47->20 pre=47 pick(must/bucket/top/rand)=1/6/9/4 depth0=7 depth=0 dlog=5 dper=3 sims=19428 loop=19408 gen_time=0 eval_time=0.018 best_avg=0.666296 best_move=7,0 leader=3 inc2=1 attack_w=0.2 S0=27094 SA=13978 ratio=1.93826 my_comp=25 my_front=41 leader_comp=14 comp_gain(sz/front/cut)=1/1/0
DBG t=37 used=0.017 remain=1.176 turn_time=0.0167813 end_in=0.0167813 cand_pre=54 cand_cap=20 cand=54->20 pre=54 pick(must/bucket/top/rand)=1/6/9/4 depth0=10 depth=2 dlog=5 dper=3 sims=1360 loop=1340 gen_time=0 eval_time=0.017 best_avg=1.05932 best_move=3,8 leader=6 inc2=1 attack_w=0.2 S0=33628 SA=12795 ratio=2.62809 my_comp=32 my_front=40 leader_comp=9 comp_gain(sz/front/cut)=1/2/0
DBG t=49 used=0.016 remain=0.974 turn_time=0.0159278 end_in=0.0159278 cand_pre=64 cand_cap=14 cand=64->14 pre=42 pick(must/bucket/top/rand)=1/5/5/3 depth0=10 depth=1 dlog=5 dper=4 sims=1062 loop=1048 gen_time=0 eval_time=0.016 best_avg=1.47862 best_move=8,6 leader=4 inc2=1 attack_w=0.2 S0=42945 SA=9685 ratio=4.43382 my_comp=40 my_front=54 leader_comp=4 comp_gain(sz/front/cut)=1/2/0
DBG t=61 used=0.016 remain=0.765 turn_time=0.0159767 end_in=0.0159767 cand_pre=67 cand_cap=14 cand=67->14 pre=42 pick(must/bucket/top/rand)=1/6/4/3 depth0=10 depth=1 dlog=5 dper=4 sims=1030 loop=1016 gen_time=0 eval_time=0.016 best_avg=1.66736 best_move=0,7 leader=1 inc2=1 attack_w=0.2 S0=48182 SA=8971 ratio=5.37037 my_comp=46 my_front=43 leader_comp=4 comp_gain(sz/front/cut)=1/1/1
DBG t=74 used=0.017 remain=0.518 turn_time=0.0162273 end_in=0.0162273 cand_pre=67 cand_cap=14 cand=67->14 pre=42 pick(must/bucket/top/rand)=1/6/4/3 depth0=11 depth=2 dlog=5 dper=4 sims=914 loop=900 gen_time=0 eval_time=0.017 best_avg=1.6766 best_move=1,8 leader=6 inc2=1 attack_w=0.2 S0=49725 SA=9101 ratio=5.46319 my_comp=47 my_front=43 leader_comp=9 comp_gain(sz/front/cut)=0/0/0
DBG t=86 used=0.018 remain=0.292 turn_time=0.0179371 end_in=0.0179371 cand_pre=60 cand_cap=20 cand=60->20 pre=60 pick(must/bucket/top/rand)=1/6/9/4 depth0=11 depth=2 dlog=5 dper=4 sims=1084 loop=1064 gen_time=0 eval_time=0.018 best_avg=1.38898 best_move=1,8 leader=1 inc2=1 attack_w=0.2 S0=42103 SA=10682 ratio=3.94122 my_comp=40 my_front=50 leader_comp=6 comp_gain(sz/front/cut)=1/2/0
DBG depth_guard t=99 remain=0.019 cand_pre=62 depth0=0 depth=0
DBG t=99 used=0.012 remain=0.019 turn_time=0.0114 end_in=0.0114 cand_pre=62 cand_cap=14 cand=62->14 pre=42 pick(must/bucket/top/rand)=1/6/4/3 depth0=0 depth=0 dlog=5 dper=5 sims=16658 loop=16644 gen_time=0 eval_time=0.012 best_avg=1.3197 best_move=2,6 leader=4 inc2=1 attack_w=0.2 S0=39346 SA=11258 ratio=3.49472 my_comp=37 my_front=50 leader_comp=8 comp_gain(sz/front/cut)=1/2/1
DBG summary depth_guard_fired=1
Score = 210682
=== CASE 0140.txt ===
DBG hdr N=10 M=6 T=100 U=4 VMAX=2013 TIME_LIMIT=1.94 MAX_CAND=20 UCB_C=0.21 OBJ=log(S0+1)-log(SA+1)
DBG t=0 used=0.024 remain=1.94 turn_time=0.0238717 end_in=0.0238717 cand_pre=3 cand_cap=20 cand=3->3 pre=3 pick(must/bucket/top/rand)=1/2/0/0 depth0=7 depth=6 dlog=1 dper=0 sims=4443 loop=4440 gen_time=0 eval_time=0.024 best_avg=-0.641538 best_move=4,4 leader=4 inc2=1 attack_w=0.85 S0=1241 SA=1896 ratio=0.654718 my_comp=1 my_front=4 leader_comp=1 comp_gain(sz/front/cut)=0/0/0
DBG t=12 used=0.023 remain=1.66 turn_time=0.022476 end_in=0.022476 cand_pre=9 cand_cap=20 cand=9->9 pre=9 pick(must/bucket/top/rand)=1/6/2/0 depth0=7 depth=4 dlog=3 dper=0 sims=3269 loop=3260 gen_time=0 eval_time=0.023 best_avg=-0.0296009 best_move=4,5 leader=1 inc2=1 attack_w=0.574967 S0=16056 SA=18032 ratio=0.890423 my_comp=3 my_front=8 leader_comp=9 comp_gain(sz/front/cut)=1/0/0
DBG t=24 used=0.022 remain=1.393 turn_time=0.021005 end_in=0.021005 cand_pre=16 cand_cap=20 cand=16->16 pre=16 pick(must/bucket/top/rand)=1/8/7/0 depth0=7 depth=4 dlog=3 dper=0 sims=2800 loop=2784 gen_time=0 eval_time=0.022 best_avg=-0.0806533 best_move=6,8 leader=5 inc2=1 attack_w=0.299243 S0=25980 SA=25871 ratio=1.00421 my_comp=7 my_front=12 leader_comp=5 comp_gain(sz/front/cut)=1/2/0
DBG t=37 used=0.021 remain=1.119 turn_time=0.0202397 end_in=0.0202397 cand_pre=17 cand_cap=20 cand=17->17 pre=17 pick(must/bucket/top/rand)=1/8/7/1 depth0=10 depth=7 dlog=3 dper=0 sims=1413 loop=1396 gen_time=0 eval_time=0.021 best_avg=-0.256729 best_move=6,6 leader=3 inc2=1 attack_w=0.722237 S0=29884 SA=35593 ratio=0.839608 my_comp=7 my_front=14 leader_comp=13 comp_gain(sz/front/cut)=1/0/0
DBG t=49 used=0.02 remain=0.875 turn_time=0.0193272 end_in=0.0193272 cand_pre=19 cand_cap=20 cand=19->19 pre=19 pick(must/bucket/top/rand)=1/6/9/3 depth0=10 depth=6 dlog=4 dper=0 sims=1723 loop=1704 gen_time=0 eval_time=0.02 best_avg=-0.176301 best_move=5,6 leader=5 inc2=1 attack_w=0.815357 S0=32412 SA=39997 ratio=0.810366 my_comp=8 my_front=14 leader_comp=14 comp_gain(sz/front/cut)=0/0/0
DBG t=61 used=0.018 remain=0.646 turn_time=0.0175828 end_in=0.0175828 cand_pre=29 cand_cap=20 cand=29->20 pre=29 pick(must/bucket/top/rand)=1/8/7/4 depth0=10 depth=5 dlog=4 dper=1 sims=1608 loop=1588 gen_time=0 eval_time=0.018 best_avg=0.152785 best_move=3,8 leader=5 inc2=1 attack_w=0.2 S0=42460 SA=38154 ratio=1.11286 my_comp=14 my_front=22 leader_comp=3 comp_gain(sz/front/cut)=0/0/0
DBG t=74 used=0.017 remain=0.42 turn_time=0.0166223 end_in=0.0166223 cand_pre=34 cand_cap=20 cand=34->20 pre=34 pick(must/bucket/top/rand)=1/6/9/4 depth0=11 depth=5 dlog=4 dper=2 sims=1616 loop=1596 gen_time=0 eval_time=0.017 best_avg=0.29647 best_move=3,7 leader=5 inc2=1 attack_w=0.2 S0=57771 SA=43325 ratio=1.33343 my_comp=16 my_front=26 leader_comp=6 comp_gain(sz/front/cut)=1/2/0
DBG t=86 used=0.016 remain=0.223 turn_time=0.0156657 end_in=0.0156657 cand_pre=41 cand_cap=20 cand=41->20 pre=41 pick(must/bucket/top/rand)=1/7/8/4 depth0=11 depth=3 dlog=5 dper=3 sims=1760 loop=1740 gen_time=0 eval_time=0.016 best_avg=0.514307 best_move=8,8 leader=1 inc2=1 attack_w=0.2 S0=70637 SA=44079 ratio=1.6025 my_comp=20 my_front=32 leader_comp=9 comp_gain(sz/front/cut)=1/2/0
DBG depth_guard t=99 remain=0.016 cand_pre=44 depth0=0 depth=0
DBG t=99 used=0.01 remain=0.016 turn_time=0.0096 end_in=0.0096 cand_pre=44 cand_cap=14 cand=44->14 pre=42 pick(must/bucket/top/rand)=1/6/4/3 depth0=0 depth=0 dlog=5 dper=5 sims=11154 loop=11140 gen_time=0 eval_time=0.01 best_avg=0.630666 best_move=9,7 leader=1 inc2=1 attack_w=0.2 S0=82670 SA=45162 ratio=1.8305 my_comp=22 my_front=36 leader_comp=8 comp_gain(sz/front/cut)=0/0/0
DBG summary depth_guard_fired=1
Score = 150794
=== CASE 0142.txt ===
DBG hdr N=10 M=4 T=100 U=3 VMAX=1934 TIME_LIMIT=1.94 MAX_CAND=20 UCB_C=0.21 OBJ=log(S0+1)-log(SA+1)
DBG t=0 used=0.024 remain=1.94 turn_time=0.0236195 end_in=0.0236195 cand_pre=5 cand_cap=20 cand=5->5 pre=5 pick(must/bucket/top/rand)=1/2/2/0 depth0=7 depth=5 dlog=2 dper=0 sims=6345 loop=6340 gen_time=0 eval_time=0.024 best_avg=-0.564427 best_move=2,1 leader=2 inc2=1 attack_w=0.85 S0=1040 SA=1347 ratio=0.772255 my_comp=1 my_front=4 leader_comp=1 comp_gain(sz/front/cut)=1/2/0
DBG t=12 used=0.022 remain=1.661 turn_time=0.0217534 end_in=0.0217534 cand_pre=15 cand_cap=20 cand=15->15 pre=15 pick(must/bucket/top/rand)=1/3/11/0 depth0=7 depth=4 dlog=3 dper=0 sims=3823 loop=3808 gen_time=0 eval_time=0.022 best_avg=0.168609 best_move=4,2 leader=2 inc2=0 attack_w=0.551602 S0=13902 SA=15463 ratio=0.899056 my_comp=6 my_front=12 leader_comp=7 comp_gain(sz/front/cut)=0/0/0
DBG t=24 used=0.02 remain=1.402 turn_time=0.0199416 end_in=0.0199416 cand_pre=26 cand_cap=20 cand=26->20 pre=26 pick(must/bucket/top/rand)=1/5/10/4 depth0=7 depth=3 dlog=4 dper=0 sims=3504 loop=3484 gen_time=0 eval_time=0.02 best_avg=0.549683 best_move=7,3 leader=3 inc2=0 attack_w=0.2 S0=25413 SA=16892 ratio=1.50441 my_comp=10 my_front=20 leader_comp=14 comp_gain(sz/front/cut)=1/2/0
DBG t=37 used=0.018 remain=1.153 turn_time=0.0179996 end_in=0.0179996 cand_pre=41 cand_cap=20 cand=41->20 pre=41 pick(must/bucket/top/rand)=1/8/7/4 depth0=10 depth=3 dlog=5 dper=2 sims=2040 loop=2020 gen_time=0 eval_time=0.018 best_avg=0.764932 best_move=6,0 leader=3 inc2=1 attack_w=0.2 S0=34481 SA=15733 ratio=2.19156 my_comp=18 my_front=32 leader_comp=12 comp_gain(sz/front/cut)=1/1/0
DBG t=49 used=0.018 remain=0.927 turn_time=0.0175221 end_in=0.0175221 cand_pre=44 cand_cap=20 cand=44->20 pre=44 pick(must/bucket/top/rand)=1/7/8/4 depth0=10 depth=2 dlog=5 dper=3 sims=2280 loop=2260 gen_time=0 eval_time=0.018 best_avg=0.519811 best_move=9,3 leader=2 inc2=1 attack_w=0.2 S0=39486 SA=20738 ratio=1.904 my_comp=20 my_front=33 leader_comp=5 comp_gain(sz/front/cut)=2/2/0
DBG t=61 used=0.017 remain=0.712 turn_time=0.0165312 end_in=0.0165312 cand_pre=53 cand_cap=20 cand=53->20 pre=53 pick(must/bucket/top/rand)=1/8/7/4 depth0=10 depth=2 dlog=5 dper=3 sims=1864 loop=1844 gen_time=0 eval_time=0.017 best_avg=0.522658 best_move=7,9 leader=2 inc2=1 attack_w=0.2 S0=42710 SA=25258 ratio=1.69092 my_comp=26 my_front=40 leader_comp=6 comp_gain(sz/front/cut)=1/1/0
DBG t=74 used=0.02 remain=0.475 turn_time=0.019274 end_in=0.019274 cand_pre=30 cand_cap=20 cand=30->20 pre=30 pick(must/bucket/top/rand)=1/8/7/4 depth0=11 depth=6 dlog=4 dper=1 sims=1616 loop=1596 gen_time=0 eval_time=0.02 best_avg=0.447971 best_move=7,7 leader=2 inc2=1 attack_w=0.2 S0=48577 SA=31101 ratio=1.56189 my_comp=16 my_front=25 leader_comp=7 comp_gain(sz/front/cut)=0/0/0
DBG t=86 used=0.015 remain=0.243 turn_time=0.0147015 end_in=0.0147015 cand_pre=62 cand_cap=14 cand=62->14 pre=42 pick(must/bucket/top/rand)=1/8/2/3 depth0=11 depth=2 dlog=5 dper=4 sims=1342 loop=1328 gen_time=0 eval_time=0.015 best_avg=0.443938 best_move=6,3 leader=2 inc2=1 attack_w=0.2 S0=47406 SA=31219 ratio=1.51848 my_comp=34 my_front=44 leader_comp=8 comp_gain(sz/front/cut)=0/0/0
DBG t=99 used=0.014 remain=0.022 turn_time=0.0132 end_in=0.0132 cand_pre=34 cand_cap=16 cand=34->16 pre=34 pick(must/bucket/top/rand)=1/8/3/4 depth0=0 depth=0 dlog=4 dper=3 sims=28980 loop=28964 gen_time=0 eval_time=0.014 best_avg=0.350005 best_move=7,3 leader=2 inc2=1 attack_w=0.2 S0=51077 SA=35101 ratio=1.45513 my_comp=15 my_front=26 leader_comp=10 comp_gain(sz/front/cut)=18/24/1
DBG summary depth_guard_fired=0
Score = 129241
=== CASE 0141.txt ===
DBG hdr N=10 M=3 T=100 U=3 VMAX=1781 TIME_LIMIT=1.94 MAX_CAND=20 UCB_C=0.21 OBJ=log(S0+1)-log(SA+1)
DBG t=0 used=0.024 remain=1.94 turn_time=0.0237456 end_in=0.0237456 cand_pre=4 cand_cap=20 cand=4->4 pre=4 pick(must/bucket/top/rand)=1/2/1/0 depth0=7 depth=6 dlog=1 dper=0 sims=5740 loop=5736 gen_time=0 eval_time=0.024 best_avg=-0.255083 best_move=2,0 leader=1 inc2=1 attack_w=0.816927 S0=736 SA=909 ratio=0.80989 my_comp=1 my_front=3 leader_comp=1 comp_gain(sz/front/cut)=1/1/0
DBG t=12 used=0.022 remain=1.667 turn_time=0.0212164 end_in=0.0212164 cand_pre=20 cand_cap=20 cand=20->20 pre=20 pick(must/bucket/top/rand)=1/6/9/4 depth0=7 depth=3 dlog=4 dper=0 sims=4092 loop=4072 gen_time=0 eval_time=0.022 best_avg=0.275654 best_move=7,3 leader=2 inc2=1 attack_w=0.2 S0=17441 SA=13071 ratio=1.3343 my_comp=9 my_front=14 leader_comp=12 comp_gain(sz/front/cut)=1/2/0
DBG t=24 used=0.021 remain=1.41 turn_time=0.0202966 end_in=0.0202966 cand_pre=24 cand_cap=20 cand=24->20 pre=24 pick(must/bucket/top/rand)=1/7/8/4 depth0=7 depth=3 dlog=4 dper=0 sims=3404 loop=3384 gen_time=0 eval_time=0.021 best_avg=0.433992 best_move=9,2 leader=2 inc2=1 attack_w=0.2 S0=33917 SA=21517 ratio=1.57626 my_comp=13 my_front=19 leader_comp=16 comp_gain(sz/front/cut)=0/0/0
DBG t=37 used=0.02 remain=1.139 turn_time=0.0198963 end_in=0.0198963 cand_pre=23 cand_cap=20 cand=23->20 pre=23 pick(must/bucket/top/rand)=1/8/7/4 depth0=10 depth=6 dlog=4 dper=0 sims=2068 loop=2048 gen_time=0 eval_time=0.02 best_avg=0.109226 best_move=7,2 leader=1 inc2=1 attack_w=0.2 S0=42602 SA=33900 ratio=1.25669 my_comp=13 my_front=17 leader_comp=14 comp_gain(sz/front/cut)=0/0/0
DBG t=49 used=0.02 remain=0.899 turn_time=0.0195136 end_in=0.0195136 cand_pre=22 cand_cap=20 cand=22->20 pre=22 pick(must/bucket/top/rand)=1/5/10/4 depth0=10 depth=6 dlog=4 dper=0 sims=2092 loop=2072 gen_time=0 eval_time=0.02 best_avg=0.0434904 best_move=6,3 leader=1 inc2=1 attack_w=0.2 S0=52137 SA=46248 ratio=1.12733 my_comp=13 my_front=17 leader_comp=17 comp_gain(sz/front/cut)=0/0/0
DBG t=61 used=0.019 remain=0.665 turn_time=0.0186541 end_in=0.0186541 cand_pre=24 cand_cap=20 cand=24->20 pre=24 pick(must/bucket/top/rand)=1/5/10/4 depth0=10 depth=6 dlog=4 dper=0 sims=2024 loop=2004 gen_time=0 eval_time=0.019 best_avg=-0.0632716 best_move=7,2 leader=1 inc2=1 attack_w=0.299267 S0=52099 SA=51881 ratio=1.0042 my_comp=13 my_front=17 leader_comp=18 comp_gain(sz/front/cut)=0/0/0
DBG t=74 used=0.018 remain=0.421 turn_time=0.0178196 end_in=0.0178196 cand_pre=23 cand_cap=20 cand=23->20 pre=23 pick(must/bucket/top/rand)=1/4/11/4 depth0=11 depth=7 dlog=4 dper=0 sims=1672 loop=1652 gen_time=0 eval_time=0.018 best_avg=-0.0541959 best_move=9,0 leader=1 inc2=1 attack_w=0.237021 S0=58547 SA=56620 ratio=1.03403 my_comp=14 my_front=15 leader_comp=20 comp_gain(sz/front/cut)=0/0/0
DBG t=86 used=0.017 remain=0.21 turn_time=0.016605 end_in=0.016605 cand_pre=22 cand_cap=20 cand=22->20 pre=22 pick(must/bucket/top/rand)=1/4/11/4 depth0=11 depth=6 dlog=4 dper=0 sims=1796 loop=1776 gen_time=0 eval_time=0.017 best_avg=-0.112953 best_move=7,2 leader=1 inc2=1 attack_w=0.401701 S0=56969 SA=59424 ratio=0.958687 my_comp=14 my_front=15 leader_comp=21 comp_gain(sz/front/cut)=0/0/0
DBG depth_guard t=99 remain=0.009 cand_pre=24 depth0=0 depth=0
DBG t=99 used=0.006 remain=0.009 turn_time=0.0054 end_in=0.0054 cand_pre=24 cand_cap=12 cand=24->12 pre=24 pick(must/bucket/top/rand)=1/4/5/2 depth0=0 depth=0 dlog=4 dper=4 sims=8188 loop=8176 gen_time=0 eval_time=0.006 best_avg=-0.0313008 best_move=7,1 leader=1 inc2=1 attack_w=0.364241 S0=66657 SA=68377 ratio=0.974846 my_comp=14 my_front=15 leader_comp=24 comp_gain(sz/front/cut)=0/0/0
DBG summary depth_guard_fired=1
Score = 97077
=== CASE 0143.txt ===
DBG hdr N=10 M=3 T=100 U=5 VMAX=1725 TIME_LIMIT=1.94 MAX_CAND=20 UCB_C=0.21 OBJ=log(S0+1)-log(SA+1)
DBG t=0 used=0.024 remain=1.94 turn_time=0.0236195 end_in=0.0236195 cand_pre=5 cand_cap=20 cand=5->5 pre=5 pick(must/bucket/top/rand)=1/3/1/0 depth0=7 depth=5 dlog=2 dper=0 sims=8021 loop=8016 gen_time=0 eval_time=0.024 best_avg=-0.150945 best_move=3,5 leader=2 inc2=1 attack_w=0.723879 S0=1412 SA=1683 ratio=0.839074 my_comp=1 my_front=4 leader_comp=1 comp_gain(sz/front/cut)=0/0/0
DBG t=12 used=0.022 remain=1.659 turn_time=0.0219723 end_in=0.0219723 cand_pre=13 cand_cap=20 cand=13->13 pre=13 pick(must/bucket/top/rand)=1/4/8/0 depth0=7 depth=4 dlog=3 dper=0 sims=4789 loop=4776 gen_time=0 eval_time=0.022 best_avg=-0.0441003 best_move=2,5 leader=2 inc2=1 attack_w=0.313611 S0=18064 SA=18108 ratio=0.99757 my_comp=4 my_front=10 leader_comp=4 comp_gain(sz/front/cut)=1/0/1
DBG t=24 used=0.021 remain=1.395 turn_time=0.0209158 end_in=0.0209158 cand_pre=17 cand_cap=20 cand=17->17 pre=17 pick(must/bucket/top/rand)=1/5/10/1 depth0=7 depth=4 dlog=3 dper=0 sims=4153 loop=4136 gen_time=0 eval_time=0.021 best_avg=0.0261118 best_move=1,5 leader=1 inc2=1 attack_w=0.2 S0=31761 SA=29439 ratio=1.07887 my_comp=7 my_front=13 leader_comp=10 comp_gain(sz/front/cut)=0/0/0
DBG t=37 used=0.02 remain=1.127 turn_time=0.019803 end_in=0.019803 cand_pre=22 cand_cap=20 cand=22->20 pre=22 pick(must/bucket/top/rand)=1/7/8/4 depth0=10 depth=6 dlog=4 dper=0 sims=2248 loop=2228 gen_time=0 eval_time=0.02 best_avg=0.0381741 best_move=3,6 leader=2 inc2=1 attack_w=0.2 S0=46362 SA=43854 ratio=1.05719 my_comp=10 my_front=15 leader_comp=11 comp_gain(sz/front/cut)=1/2/1
DBG t=49 used=0.019 remain=0.896 turn_time=0.0185349 end_in=0.0185349 cand_pre=30 cand_cap=20 cand=30->20 pre=30 pick(must/bucket/top/rand)=1/7/8/4 depth0=10 depth=5 dlog=4 dper=1 sims=2248 loop=2228 gen_time=0 eval_time=0.019 best_avg=0.0900148 best_move=2,5 leader=2 inc2=1 attack_w=0.2 S0=57569 SA=52851 ratio=1.08927 my_comp=13 my_front=25 leader_comp=10 comp_gain(sz/front/cut)=1/-2/1
DBG t=61 used=0.018 remain=0.679 turn_time=0.0170098 end_in=0.0170098 cand_pre=42 cand_cap=20 cand=42->20 pre=42 pick(must/bucket/top/rand)=1/6/9/4 depth0=10 depth=3 dlog=5 dper=2 sims=2152 loop=2132 gen_time=0 eval_time=0.018 best_avg=0.176703 best_move=6,9 leader=2 inc2=1 attack_w=0.2 S0=72960 SA=60618 ratio=1.2036 my_comp=18 my_front=33 leader_comp=12 comp_gain(sz/front/cut)=1/1/0
DBG t=74 used=0.02 remain=0.451 turn_time=0.0197659 end_in=0.0197659 cand_pre=17 cand_cap=20 cand=17->17 pre=17 pick(must/bucket/top/rand)=1/7/8/1 depth0=11 depth=8 dlog=3 dper=0 sims=1785 loop=1768 gen_time=0 eval_time=0.02 best_avg=0.188236 best_move=4,8 leader=2 inc2=1 attack_w=0.2 S0=85693 SA=68274 ratio=1.25513 my_comp=7 my_front=15 leader_comp=15 comp_gain(sz/front/cut)=15/25/1
DBG t=86 used=0.017 remain=0.243 turn_time=0.0160554 end_in=0.0160554 cand_pre=50 cand_cap=20 cand=50->20 pre=50 pick(must/bucket/top/rand)=1/6/9/4 depth0=11 depth=3 dlog=5 dper=3 sims=1772 loop=1752 gen_time=0 eval_time=0.017 best_avg=0.183892 best_move=3,9 leader=2 inc2=1 attack_w=0.2 S0=86459 SA=69933 ratio=1.23631 my_comp=24 my_front=43 leader_comp=16 comp_gain(sz/front/cut)=0/0/0
DBG t=99 used=0.013 remain=0.02 turn_time=0.012 end_in=0.012 cand_pre=49 cand_cap=16 cand=49->16 pre=48 pick(must/bucket/top/rand)=1/8/3/4 depth0=0 depth=0 dlog=5 dper=4 sims=20188 loop=20172 gen_time=0 eval_time=0.013 best_avg=0.182634 best_move=1,6 leader=2 inc2=1 attack_w=0.2 S0=91422 SA=75653 ratio=1.20844 my_comp=25 my_front=41 leader_comp=17 comp_gain(sz/front/cut)=0/0/0
DBG summary depth_guard_fired=0
Score = 113498
=== CASE 0144.txt ===
DBG hdr N=10 M=3 T=100 U=3 VMAX=1649 TIME_LIMIT=1.94 MAX_CAND=20 UCB_C=0.21 OBJ=log(S0+1)-log(SA+1)
DBG t=0 used=0.024 remain=1.94 turn_time=0.0236195 end_in=0.0236195 cand_pre=5 cand_cap=20 cand=5->5 pre=5 pick(must/bucket/top/rand)=1/2/2/0 depth0=7 depth=5 dlog=2 dper=0 sims=6941 loop=6936 gen_time=0 eval_time=0.024 best_avg=-0.169912 best_move=2,3 leader=1 inc2=1 attack_w=0.805149 S0=941 SA=1157 ratio=0.813472 my_comp=1 my_front=4 leader_comp=1 comp_gain(sz/front/cut)=0/0/0
DBG t=12 used=0.022 remain=1.661 turn_time=0.02114 end_in=0.02114 cand_pre=20 cand_cap=20 cand=20->20 pre=20 pick(must/bucket/top/rand)=1/6/9/4 depth0=7 depth=3 dlog=4 dper=0 sims=5652 loop=5632 gen_time=0 eval_time=0.022 best_avg=-0.00539481 best_move=6,6 leader=1 inc2=1 attack_w=0.496067 S0=12475 SA=13556 ratio=0.920263 my_comp=7 my_front=16 leader_comp=6 comp_gain(sz/front/cut)=0/0/0
DBG t=24 used=0.02 remain=1.408 turn_time=0.0197861 end_in=0.0197861 cand_pre=28 cand_cap=20 cand=28->20 pre=28 pick(must/bucket/top/rand)=1/6/9/4 depth0=7 depth=2 dlog=4 dper=1 sims=4548 loop=4528 gen_time=0 eval_time=0.02 best_avg=0.649178 best_move=5,5 leader=1 inc2=1 attack_w=0.2 S0=20829 SA=10234 ratio=2.03517 my_comp=12 my_front=22 leader_comp=4 comp_gain(sz/front/cut)=0/0/0
DBG t=37 used=0.019 remain=1.148 turn_time=0.0188691 end_in=0.0188691 cand_pre=33 cand_cap=20 cand=33->20 pre=33 pick(must/bucket/top/rand)=1/6/9/4 depth0=10 depth=5 dlog=4 dper=1 sims=2384 loop=2364 gen_time=0 eval_time=0.019 best_avg=0.70462 best_move=6,4 leader=2 inc2=1 attack_w=0.2 S0=26061 SA=12234 ratio=2.13012 my_comp=14 my_front=26 leader_comp=4 comp_gain(sz/front/cut)=0/0/0
DBG t=49 used=0.018 remain=0.921 turn_time=0.0175261 end_in=0.0175261 cand_pre=43 cand_cap=20 cand=43->20 pre=43 pick(must/bucket/top/rand)=1/7/8/4 depth0=10 depth=3 dlog=5 dper=2 sims=2280 loop=2260 gen_time=0 eval_time=0.018 best_avg=0.77266 best_move=8,4 leader=1 inc2=1 attack_w=0.2 S0=33074 SA=15413 ratio=2.14578 my_comp=19 my_front=34 leader_comp=7 comp_gain(sz/front/cut)=1/2/1
DBG t=61 used=0.02 remain=0.674 turn_time=0.0194682 end_in=0.0194682 cand_pre=19 cand_cap=20 cand=19->19 pre=19 pick(must/bucket/top/rand)=1/5/10/3 depth0=10 depth=6 dlog=4 dper=0 sims=2927 loop=2908 gen_time=0 eval_time=0.02 best_avg=0.752072 best_move=9,0 leader=2 inc2=1 attack_w=0.2 S0=37616 SA=17996 ratio=2.09018 my_comp=9 my_front=14 leader_comp=9 comp_gain(sz/front/cut)=0/0/0
DBG t=74 used=0.016 remain=0.443 turn_time=0.0157606 end_in=0.0157606 cand_pre=50 cand_cap=20 cand=50->20 pre=50 pick(must/bucket/top/rand)=1/8/7/4 depth0=11 depth=3 dlog=5 dper=3 sims=1620 loop=1600 gen_time=0 eval_time=0.016 best_avg=1.07136 best_move=8,4 leader=2 inc2=1 attack_w=0.2 S0=45309 SA=15514 ratio=2.9204 my_comp=26 my_front=43 leader_comp=3 comp_gain(sz/front/cut)=0/0/0
DBG t=86 used=0.017 remain=0.246 turn_time=0.0162536 end_in=0.0162536 cand_pre=50 cand_cap=20 cand=50->20 pre=50 pick(must/bucket/top/rand)=1/7/8/4 depth0=11 depth=3 dlog=5 dper=3 sims=1796 loop=1776 gen_time=0 eval_time=0.017 best_avg=1.06776 best_move=9,1 leader=1 inc2=1 attack_w=0.2 S0=50165 SA=16699 ratio=3.00395 my_comp=27 my_front=40 leader_comp=6 comp_gain(sz/front/cut)=0/0/0
DBG t=99 used=0.013 remain=0.02 turn_time=0.012 end_in=0.012 cand_pre=44 cand_cap=16 cand=44->16 pre=44 pick(must/bucket/top/rand)=1/7/4/4 depth0=0 depth=0 dlog=5 dper=4 sims=32144 loop=32128 gen_time=0 eval_time=0.013 best_avg=1.04857 best_move=6,2 leader=1 inc2=1 attack_w=0.2 S0=57124 SA=20121 ratio=2.83893 my_comp=25 my_front=29 leader_comp=8 comp_gain(sz/front/cut)=1/-2/0
DBG summary depth_guard_fired=0
Score = 196311
=== CASE 0146.txt ===
DBG hdr N=10 M=5 T=100 U=3 VMAX=1522 TIME_LIMIT=1.94 MAX_CAND=20 UCB_C=0.21 OBJ=log(S0+1)-log(SA+1)
DBG t=0 used=0.024 remain=1.94 turn_time=0.0236195 end_in=0.0236195 cand_pre=5 cand_cap=20 cand=5->5 pre=5 pick(must/bucket/top/rand)=1/2/2/0 depth0=7 depth=5 dlog=2 dper=0 sims=5069 loop=5064 gen_time=0 eval_time=0.024 best_avg=-0.257725 best_move=3,4 leader=2 inc2=1 attack_w=0.85 S0=736 SA=1259 ratio=0.584921 my_comp=1 my_front=4 leader_comp=1 comp_gain(sz/front/cut)=1/2/0
DBG t=12 used=0.023 remain=1.664 turn_time=0.0226531 end_in=0.0226531 cand_pre=8 cand_cap=20 cand=8->8 pre=8 pick(must/bucket/top/rand)=1/6/1/0 depth0=7 depth=5 dlog=2 dper=0 sims=3464 loop=3456 gen_time=0 eval_time=0.023 best_avg=-0.168414 best_move=7,6 leader=4 inc2=1 attack_w=0.2 S0=13310 SA=12557 ratio=1.05996 my_comp=2 my_front=6 leader_comp=9 comp_gain(sz/front/cut)=1/2/0
DBG t=24 used=0.021 remain=1.394 turn_time=0.0207816 end_in=0.0207816 cand_pre=18 cand_cap=20 cand=18->18 pre=18 pick(must/bucket/top/rand)=1/8/7/2 depth0=7 depth=3 dlog=4 dper=0 sims=3290 loop=3272 gen_time=0 eval_time=0.021 best_avg=0.236406 best_move=7,5 leader=2 inc2=1 attack_w=0.2 S0=26850 SA=20201 ratio=1.32913 my_comp=7 my_front=16 leader_comp=13 comp_gain(sz/front/cut)=0/0/0
DBG t=37 used=0.02 remain=1.125 turn_time=0.0195357 end_in=0.0195357 cand_pre=24 cand_cap=20 cand=24->20 pre=24 pick(must/bucket/top/rand)=1/8/7/4 depth0=10 depth=6 dlog=4 dper=0 sims=1820 loop=1800 gen_time=0 eval_time=0.02 best_avg=0.172505 best_move=6,5 leader=1 inc2=1 attack_w=0.2 S0=37551 SA=30444 ratio=1.23344 my_comp=11 my_front=20 leader_comp=11 comp_gain(sz/front/cut)=1/2/0
DBG t=49 used=0.019 remain=0.892 turn_time=0.0184522 end_in=0.0184522 cand_pre=30 cand_cap=20 cand=30->20 pre=30 pick(must/bucket/top/rand)=1/6/9/4 depth0=10 depth=5 dlog=4 dper=1 sims=1764 loop=1744 gen_time=0 eval_time=0.019 best_avg=0.103874 best_move=6,7 leader=1 inc2=0 attack_w=0.2 S0=48664 SA=45091 ratio=1.07924 my_comp=14 my_front=25 leader_comp=15 comp_gain(sz/front/cut)=0/0/0
DBG t=61 used=0.018 remain=0.668 turn_time=0.0178476 end_in=0.0178476 cand_pre=32 cand_cap=20 cand=32->20 pre=32 pick(must/bucket/top/rand)=1/6/9/4 depth0=10 depth=5 dlog=4 dper=1 sims=1608 loop=1588 gen_time=0 eval_time=0.018 best_avg=0.0403599 best_move=5,7 leader=1 inc2=0 attack_w=0.2 S0=59024 SA=55862 ratio=1.0566 my_comp=15 my_front=27 leader_comp=19 comp_gain(sz/front/cut)=0/0/0
DBG t=74 used=0.018 remain=0.432 turn_time=0.0176372 end_in=0.0176372 cand_pre=29 cand_cap=20 cand=29->20 pre=29 pick(must/bucket/top/rand)=1/4/11/4 depth0=11 depth=6 dlog=4 dper=1 sims=1492 loop=1472 gen_time=0 eval_time=0.018 best_avg=0.181862 best_move=5,7 leader=1 inc2=0 attack_w=0.2 S0=63623 SA=55751 ratio=1.1412 my_comp=15 my_front=25 leader_comp=18 comp_gain(sz/front/cut)=0/0/0
DBG t=86 used=0.017 remain=0.223 turn_time=0.0165976 end_in=0.0165976 cand_pre=32 cand_cap=20 cand=32->20 pre=32 pick(must/bucket/top/rand)=1/6/9/4 depth0=11 depth=5 dlog=4 dper=2 sims=1464 loop=1444 gen_time=0 eval_time=0.017 best_avg=0.32043 best_move=6,6 leader=1 inc2=1 attack_w=0.2 S0=67808 SA=50316 ratio=1.34764 my_comp=18 my_front=27 leader_comp=15 comp_gain(sz/front/cut)=0/0/0
DBG depth_guard t=99 remain=0.013 cand_pre=34 depth0=0 depth=0
DBG t=99 used=0.008 remain=0.013 turn_time=0.0078 end_in=0.0078 cand_pre=34 cand_cap=12 cand=34->12 pre=34 pick(must/bucket/top/rand)=1/6/3/2 depth0=0 depth=0 dlog=4 dper=4 sims=7888 loop=7876 gen_time=0 eval_time=0.008 best_avg=0.318198 best_move=5,7 leader=1 inc2=1 attack_w=0.2 S0=69288 SA=51090 ratio=1.35619 my_comp=19 my_front=27 leader_comp=17 comp_gain(sz/front/cut)=0/0/0
DBG summary depth_guard_fired=1
Score = 125031
=== CASE 0145.txt ===
DBG hdr N=10 M=7 T=100 U=1 VMAX=1296 TIME_LIMIT=1.94 MAX_CAND=20 UCB_C=0.21 OBJ=log(S0+1)-log(SA+1)
DBG t=0 used=0.024 remain=1.94 turn_time=0.0238717 end_in=0.0238717 cand_pre=3 cand_cap=20 cand=3->3 pre=3 pick(must/bucket/top/rand)=1/2/0/0 depth0=7 depth=6 dlog=1 dper=0 sims=3075 loop=3072 gen_time=0 eval_time=0.024 best_avg=-0.112089 best_move=9,8 leader=4 inc2=1 attack_w=0.557261 S0=1087 SA=1212 ratio=0.89695 my_comp=1 my_front=2 leader_comp=1 comp_gain(sz/front/cut)=1/1/0
DBG t=12 used=0.022 remain=1.666 turn_time=0.0210806 end_in=0.0210806 cand_pre=21 cand_cap=20 cand=21->20 pre=21 pick(must/bucket/top/rand)=1/6/9/4 depth0=7 depth=3 dlog=4 dper=0 sims=2996 loop=2976 gen_time=0 eval_time=0.022 best_avg=0.114532 best_move=3,9 leader=3 inc2=1 attack_w=0.286675 S0=12904 SA=12775 ratio=1.0101 my_comp=12 my_front=14 leader_comp=12 comp_gain(sz/front/cut)=1/1/1
DBG t=24 used=0.022 remain=1.408 turn_time=0.0219537 end_in=0.0219537 cand_pre=10 cand_cap=20 cand=10->10 pre=10 pick(must/bucket/top/rand)=1/5/4/0 depth0=7 depth=4 dlog=3 dper=0 sims=2474 loop=2464 gen_time=0 eval_time=0.022 best_avg=0.49751 best_move=9,3 leader=5 inc2=1 attack_w=0.2 S0=21474 SA=12222 ratio=1.75693 my_comp=3 my_front=8 leader_comp=11 comp_gain(sz/front/cut)=1/1/0
DBG t=37 used=0.021 remain=1.132 turn_time=0.0201244 end_in=0.0201244 cand_pre=20 cand_cap=20 cand=20->20 pre=20 pick(must/bucket/top/rand)=1/6/9/4 depth0=10 depth=6 dlog=4 dper=0 sims=1628 loop=1608 gen_time=0 eval_time=0.021 best_avg=0.186936 best_move=9,4 leader=3 inc2=1 attack_w=0.2 S0=22112 SA=15584 ratio=1.41886 my_comp=9 my_front=16 leader_comp=14 comp_gain(sz/front/cut)=1/1/0
DBG t=49 used=0.021 remain=0.887 turn_time=0.0203836 end_in=0.0203836 cand_pre=12 cand_cap=20 cand=12->12 pre=12 pick(must/bucket/top/rand)=1/2/9/0 depth0=10 depth=7 dlog=3 dper=0 sims=1392 loop=1380 gen_time=0 eval_time=0.021 best_avg=-0.130507 best_move=9,0 leader=3 inc2=1 attack_w=0.385012 S0=19835 SA=20537 ratio=0.965819 my_comp=7 my_front=9 leader_comp=20 comp_gain(sz/front/cut)=1/0/0
DBG t=61 used=0.019 remain=0.654 turn_time=0.0184545 end_in=0.0184545 cand_pre=23 cand_cap=20 cand=23->20 pre=23 pick(must/bucket/top/rand)=1/4/11/4 depth0=10 depth=6 dlog=4 dper=0 sims=1232 loop=1212 gen_time=0 eval_time=0.019 best_avg=0.191724 best_move=4,1 leader=3 inc2=1 attack_w=0.2 S0=23315 SA=20236 ratio=1.15215 my_comp=16 my_front=13 leader_comp=20 comp_gain(sz/front/cut)=1/2/0
DBG t=74 used=0.02 remain=0.416 turn_time=0.019584 end_in=0.019584 cand_pre=4 cand_cap=20 cand=4->4 pre=4 pick(must/bucket/top/rand)=1/0/3/0 depth0=11 depth=10 dlog=1 dper=0 sims=808 loop=804 gen_time=0 eval_time=0.02 best_avg=0.439339 best_move=5,4 leader=3 inc2=1 attack_w=0.2 S0=28196 SA=18387 ratio=1.53345 my_comp=1 my_front=4 leader_comp=17 comp_gain(sz/front/cut)=1/2/0
DBG t=86 used=0.017 remain=0.201 turn_time=0.01636 end_in=0.01636 cand_pre=17 cand_cap=20 cand=17->17 pre=17 pick(must/bucket/top/rand)=1/4/11/1 depth0=11 depth=6 dlog=3 dper=0 sims=1161 loop=1144 gen_time=0 eval_time=0.017 best_avg=0.687537 best_move=1,7 leader=3 inc2=1 attack_w=0.2 S0=31692 SA=16494 ratio=1.92137 my_comp=7 my_front=14 leader_comp=16 comp_gain(sz/front/cut)=1/2/1
DBG depth_guard t=98 remain=0.017 cand_pre=4 depth0=1 depth=0
DBG depth_guard t=99 remain=0.006 cand_pre=7 depth0=0 depth=0
DBG t=99 used=0.004 remain=0.006 turn_time=0.0036 end_in=0.0036 cand_pre=7 cand_cap=12 cand=7->7 pre=7 pick(must/bucket/top/rand)=1/3/3/0 depth0=0 depth=0 dlog=2 dper=2 sims=4571 loop=4564 gen_time=0 eval_time=0.004 best_avg=0.662729 best_move=0,3 leader=1 inc2=1 attack_w=0.2 S0=30838 SA=15438 ratio=1.99747 my_comp=3 my_front=6 leader_comp=15 comp_gain(sz/front/cut)=1/1/1
DBG summary depth_guard_fired=2
Score = 156924
=== CASE 0148.txt ===
DBG hdr N=10 M=6 T=100 U=2 VMAX=2056 TIME_LIMIT=1.94 MAX_CAND=20 UCB_C=0.21 OBJ=log(S0+1)-log(SA+1)
DBG t=0 used=0.024 remain=1.94 turn_time=0.0237456 end_in=0.0237456 cand_pre=4 cand_cap=20 cand=4->4 pre=4 pick(must/bucket/top/rand)=1/2/1/0 depth0=7 depth=6 dlog=1 dper=0 sims=3632 loop=3628 gen_time=0 eval_time=0.024 best_avg=-0.409445 best_move=7,7 leader=4 inc2=1 attack_w=0.85 S0=1226 SA=1627 ratio=0.753686 my_comp=1 my_front=4 leader_comp=1 comp_gain(sz/front/cut)=1/2/0
DBG t=12 used=0.023 remain=1.661 turn_time=0.0221215 end_in=0.0221215 cand_pre=12 cand_cap=20 cand=12->12 pre=12 pick(must/bucket/top/rand)=1/5/6/0 depth0=7 depth=4 dlog=3 dper=0 sims=2960 loop=2948 gen_time=0 eval_time=0.023 best_avg=-0.282373 best_move=8,5 leader=4 inc2=1 attack_w=0.82588 S0=16213 SA=20086 ratio=0.807189 my_comp=6 my_front=7 leader_comp=10 comp_gain(sz/front/cut)=0/0/0
DBG t=24 used=0.022 remain=1.394 turn_time=0.0213777 end_in=0.0213777 cand_pre=13 cand_cap=20 cand=13->13 pre=13 pick(must/bucket/top/rand)=1/2/10/0 depth0=7 depth=4 dlog=3 dper=0 sims=3165 loop=3152 gen_time=0 eval_time=0.022 best_avg=0.0372668 best_move=3,7 leader=4 inc2=1 attack_w=0.680188 S0=25409 SA=29770 ratio=0.853515 my_comp=4 my_front=10 leader_comp=1 comp_gain(sz/front/cut)=1/2/0
DBG t=37 used=0.018 remain=1.129 turn_time=0.0178579 end_in=0.0178579 cand_pre=39 cand_cap=20 cand=39->20 pre=39 pick(must/bucket/top/rand)=1/6/9/4 depth0=10 depth=3 dlog=5 dper=2 sims=2264 loop=2244 gen_time=0 eval_time=0.018 best_avg=0.414634 best_move=4,9 leader=2 inc2=1 attack_w=0.2 S0=42310 SA=31584 ratio=1.33959 my_comp=20 my_front=28 leader_comp=1 comp_gain(sz/front/cut)=1/1/0
DBG t=49 used=0.018 remain=0.913 turn_time=0.0176066 end_in=0.0176066 cand_pre=41 cand_cap=20 cand=41->20 pre=41 pick(must/bucket/top/rand)=1/8/7/4 depth0=10 depth=3 dlog=5 dper=2 sims=1920 loop=1900 gen_time=0 eval_time=0.018 best_avg=0.712927 best_move=3,4 leader=2 inc2=1 attack_w=0.2 S0=50952 SA=25729 ratio=1.9803 my_comp=23 my_front=31 leader_comp=4 comp_gain(sz/front/cut)=1/2/1
DBG t=61 used=0.018 remain=0.697 turn_time=0.0175769 end_in=0.0175769 cand_pre=41 cand_cap=20 cand=41->20 pre=41 pick(must/bucket/top/rand)=1/4/11/4 depth0=10 depth=3 dlog=5 dper=2 sims=1656 loop=1636 gen_time=0 eval_time=0.018 best_avg=0.766003 best_move=6,7 leader=3 inc2=1 attack_w=0.2 S0=48912 SA=23796 ratio=2.05543 my_comp=26 my_front=29 leader_comp=12 comp_gain(sz/front/cut)=0/0/0
DBG t=74 used=0.017 remain=0.469 turn_time=0.0164511 end_in=0.0164511 cand_pre=52 cand_cap=20 cand=52->20 pre=52 pick(must/bucket/top/rand)=1/8/7/4 depth0=11 depth=3 dlog=5 dper=3 sims=1336 loop=1316 gen_time=0 eval_time=0.017 best_avg=0.992804 best_move=7,4 leader=3 inc2=1 attack_w=0.2 S0=60492 SA=22115 ratio=2.73526 my_comp=32 my_front=34 leader_comp=12 comp_gain(sz/front/cut)=0/0/0
DBG t=86 used=0.017 remain=0.26 turn_time=0.0169371 end_in=0.0169371 cand_pre=52 cand_cap=20 cand=52->20 pre=52 pick(must/bucket/top/rand)=1/8/7/4 depth0=11 depth=3 dlog=5 dper=3 sims=1540 loop=1520 gen_time=0 eval_time=0.017 best_avg=0.973855 best_move=8,2 leader=3 inc2=1 attack_w=0.2 S0=59534 SA=22258 ratio=2.67465 my_comp=29 my_front=38 leader_comp=9 comp_gain(sz/front/cut)=0/0/0
DBG t=99 used=0.014 remain=0.023 turn_time=0.0138 end_in=0.0138 cand_pre=52 cand_cap=16 cand=52->16 pre=48 pick(must/bucket/top/rand)=1/7/4/4 depth0=0 depth=0 dlog=5 dper=4 sims=17732 loop=17716 gen_time=0 eval_time=0.014 best_avg=1.1568 best_move=7,4 leader=3 inc2=1 attack_w=0.2 S0=58218 SA=19716 ratio=2.95273 my_comp=30 my_front=39 leader_comp=12 comp_gain(sz/front/cut)=0/0/0
DBG summary depth_guard_fired=0
Score = 202132
=== CASE 0147.txt ===
DBG hdr N=10 M=4 T=100 U=4 VMAX=1165 TIME_LIMIT=1.94 MAX_CAND=20 UCB_C=0.21 OBJ=log(S0+1)-log(SA+1)
DBG t=0 used=0.024 remain=1.94 turn_time=0.0236195 end_in=0.0236195 cand_pre=5 cand_cap=20 cand=5->5 pre=5 pick(must/bucket/top/rand)=1/2/2/0 depth0=7 depth=5 dlog=2 dper=0 sims=6009 loop=6004 gen_time=0 eval_time=0.024 best_avg=-0.158448 best_move=0,6 leader=1 inc2=1 attack_w=0.85 S0=906 SA=1147 ratio=0.79007 my_comp=1 my_front=4 leader_comp=1 comp_gain(sz/front/cut)=1/1/0
DBG t=12 used=0.023 remain=1.662 turn_time=0.0221348 end_in=0.0221348 cand_pre=12 cand_cap=20 cand=12->12 pre=12 pick(must/bucket/top/rand)=1/3/8/0 depth0=7 depth=4 dlog=3 dper=0 sims=4344 loop=4332 gen_time=0 eval_time=0.023 best_avg=-0.163863 best_move=3,6 leader=3 inc2=0 attack_w=0.548793 S0=12839 SA=14264 ratio=0.900105 my_comp=5 my_front=10 leader_comp=6 comp_gain(sz/front/cut)=1/2/0
DBG t=24 used=0.021 remain=1.4 turn_time=0.0207513 end_in=0.0207513 cand_pre=19 cand_cap=20 cand=19->19 pre=19 pick(must/bucket/top/rand)=1/7/8/3 depth0=7 depth=3 dlog=4 dper=0 sims=3347 loop=3328 gen_time=0 eval_time=0.021 best_avg=-0.0110221 best_move=3,5 leader=3 inc2=1 attack_w=0.2665 S0=22736 SA=22297 ratio=1.01969 my_comp=8 my_front=16 leader_comp=12 comp_gain(sz/front/cut)=0/0/0
DBG t=37 used=0.019 remain=1.125 turn_time=0.0188393 end_in=0.0188393 cand_pre=30 cand_cap=20 cand=30->20 pre=30 pick(must/bucket/top/rand)=1/8/7/4 depth0=10 depth=5 dlog=4 dper=1 sims=1640 loop=1620 gen_time=0 eval_time=0.019 best_avg=-0.132344 best_move=3,4 leader=2 inc2=1 attack_w=0.85 S0=23637 SA=30216 ratio=0.782275 my_comp=13 my_front=23 leader_comp=27 comp_gain(sz/front/cut)=1/0/0
DBG t=49 used=0.019 remain=0.897 turn_time=0.0182126 end_in=0.0182126 cand_pre=33 cand_cap=20 cand=33->20 pre=33 pick(must/bucket/top/rand)=1/8/7/4 depth0=10 depth=5 dlog=4 dper=1 sims=1592 loop=1572 gen_time=0 eval_time=0.019 best_avg=0.114386 best_move=3,7 leader=2 inc2=1 attack_w=0.2 S0=30031 SA=26779 ratio=1.12143 my_comp=16 my_front=23 leader_comp=19 comp_gain(sz/front/cut)=1/2/0
DBG t=61 used=0.018 remain=0.678 turn_time=0.0172108 end_in=0.0172108 cand_pre=40 cand_cap=20 cand=40->20 pre=40 pick(must/bucket/top/rand)=1/5/10/4 depth0=10 depth=3 dlog=5 dper=2 sims=1816 loop=1796 gen_time=0 eval_time=0.018 best_avg=0.174888 best_move=4,7 leader=2 inc2=0 attack_w=0.2 S0=38354 SA=31129 ratio=1.23209 my_comp=20 my_front=29 leader_comp=23 comp_gain(sz/front/cut)=1/2/0
DBG t=74 used=0.019 remain=0.43 turn_time=0.0186306 end_in=0.0186306 cand_pre=19 cand_cap=20 cand=19->19 pre=19 pick(must/bucket/top/rand)=1/5/10/3 depth0=11 depth=7 dlog=4 dper=0 sims=1551 loop=1532 gen_time=0 eval_time=0.019 best_avg=-0.078846 best_move=5,7 leader=2 inc2=0 attack_w=0.466646 S0=39661 SA=42559 ratio=0.931908 my_comp=10 my_front=13 leader_comp=25 comp_gain(sz/front/cut)=0/0/0
DBG t=86 used=0.017 remain=0.211 turn_time=0.0164881 end_in=0.0164881 cand_pre=24 cand_cap=20 cand=24->20 pre=24 pick(must/bucket/top/rand)=1/4/11/4 depth0=11 depth=6 dlog=4 dper=1 sims=1460 loop=1440 gen_time=0 eval_time=0.017 best_avg=-0.102049 best_move=3,7 leader=2 inc2=0 attack_w=0.478302 S0=38356 SA=41365 ratio=0.927259 my_comp=12 my_front=15 leader_comp=27 comp_gain(sz/front/cut)=1/0/0
DBG depth_guard t=99 remain=0.012 cand_pre=37 depth0=0 depth=0
DBG t=99 used=0.008 remain=0.012 turn_time=0.0072 end_in=0.0072 cand_pre=37 cand_cap=12 cand=37->12 pre=36 pick(must/bucket/top/rand)=1/7/2/2 depth0=0 depth=0 dlog=5 dper=5 sims=11248 loop=11236 gen_time=0 eval_time=0.008 best_avg=-0.140756 best_move=8,1 leader=2 inc2=0 attack_w=0.742772 S0=33708 SA=40467 ratio=0.832979 my_comp=16 my_front=28 leader_comp=15 comp_gain(sz/front/cut)=1/2/0
DBG summary depth_guard_fired=1
Score = 89397
=== CASE 0149.txt ===
DBG hdr N=10 M=7 T=100 U=5 VMAX=1666 TIME_LIMIT=1.94 MAX_CAND=20 UCB_C=0.21 OBJ=log(S0+1)-log(SA+1)
DBG t=0 used=0.024 remain=1.94 turn_time=0.0236195 end_in=0.0236195 cand_pre=5 cand_cap=20 cand=5->5 pre=5 pick(must/bucket/top/rand)=1/3/1/0 depth0=7 depth=5 dlog=2 dper=0 sims=4269 loop=4264 gen_time=0 eval_time=0.024 best_avg=-0.171651 best_move=5,5 leader=6 inc2=1 attack_w=0.835139 S0=1056 SA=1313 ratio=0.804414 my_comp=1 my_front=4 leader_comp=1 comp_gain(sz/front/cut)=1/2/0
DBG t=12 used=0.023 remain=1.659 turn_time=0.0222174 end_in=0.0222174 cand_pre=11 cand_cap=20 cand=11->11 pre=11 pick(must/bucket/top/rand)=1/7/3/0 depth0=7 depth=4 dlog=3 dper=0 sims=3059 loop=3048 gen_time=0 eval_time=0.023 best_avg=0.226647 best_move=4,3 leader=2 inc2=1 attack_w=0.28134 S0=11798 SA=11651 ratio=1.01262 my_comp=4 my_front=10 leader_comp=8 comp_gain(sz/front/cut)=0/0/0
DBG t=24 used=0.021 remain=1.393 turn_time=0.0205284 end_in=0.0205284 cand_pre=20 cand_cap=20 cand=20->20 pre=20 pick(must/bucket/top/rand)=1/6/9/4 depth0=7 depth=3 dlog=4 dper=0 sims=3908 loop=3888 gen_time=0 eval_time=0.021 best_avg=0.438053 best_move=6,5 leader=5 inc2=1 attack_w=0.2 S0=27021 SA=17298 ratio=1.56206 my_comp=8 my_front=18 leader_comp=1 comp_gain(sz/front/cut)=0/0/0
DBG t=37 used=0.02 remain=1.127 turn_time=0.0192216 end_in=0.0192216 cand_pre=27 cand_cap=20 cand=27->20 pre=27 pick(must/bucket/top/rand)=1/6/9/4 depth0=10 depth=5 dlog=4 dper=1 sims=2184 loop=2164 gen_time=0 eval_time=0.02 best_avg=0.777349 best_move=7,6 leader=5 inc2=1 attack_w=0.2 S0=39501 SA=20916 ratio=1.88851 my_comp=13 my_front=24 leader_comp=4 comp_gain(sz/front/cut)=1/2/1
DBG t=49 used=0.019 remain=0.897 turn_time=0.0183269 end_in=0.0183269 cand_pre=32 cand_cap=20 cand=32->20 pre=32 pick(must/bucket/top/rand)=1/7/8/4 depth0=10 depth=5 dlog=4 dper=1 sims=1960 loop=1940 gen_time=0 eval_time=0.019 best_avg=0.95988 best_move=5,2 leader=5 inc2=1 attack_w=0.2 S0=50561 SA=22847 ratio=2.21297 my_comp=15 my_front=26 leader_comp=5 comp_gain(sz/front/cut)=0/0/0
DBG t=61 used=0.019 remain=0.67 turn_time=0.0181244 end_in=0.0181244 cand_pre=30 cand_cap=20 cand=30->20 pre=30 pick(must/bucket/top/rand)=1/8/7/4 depth0=10 depth=5 dlog=4 dper=1 sims=1916 loop=1896 gen_time=0 eval_time=0.019 best_avg=0.959995 best_move=7,5 leader=5 inc2=1 attack_w=0.2 S0=57059 SA=21165 ratio=2.69583 my_comp=14 my_front=26 leader_comp=3 comp_gain(sz/front/cut)=0/0/0
DBG t=74 used=0.017 remain=0.43 turn_time=0.0166956 end_in=0.0166956 cand_pre=37 cand_cap=20 cand=37->20 pre=37 pick(must/bucket/top/rand)=1/8/7/4 depth0=11 depth=4 dlog=5 dper=2 sims=2240 loop=2220 gen_time=0 eval_time=0.017 best_avg=0.755326 best_move=5,4 leader=4 inc2=1 attack_w=0.2 S0=44876 SA=21750 ratio=2.06322 my_comp=17 my_front=34 leader_comp=8 comp_gain(sz/front/cut)=0/0/0
DBG t=86 used=0.018 remain=0.221 turn_time=0.0175774 end_in=0.0175774 cand_pre=21 cand_cap=20 cand=21->20 pre=21 pick(must/bucket/top/rand)=1/6/9/4 depth0=11 depth=6 dlog=4 dper=0 sims=1848 loop=1828 gen_time=0 eval_time=0.018 best_avg=0.573961 best_move=6,0 leader=3 inc2=1 attack_w=0.2 S0=41020 SA=22082 ratio=1.85758 my_comp=10 my_front=20 leader_comp=13 comp_gain(sz/front/cut)=1/-1/0
DBG depth_guard t=99 remain=0.013 cand_pre=40 depth0=0 depth=0
DBG t=99 used=0.008 remain=0.013 turn_time=0.0078 end_in=0.0078 cand_pre=40 cand_cap=12 cand=40->12 pre=36 pick(must/bucket/top/rand)=1/6/3/2 depth0=0 depth=0 dlog=5 dper=5 sims=14092 loop=14080 gen_time=0 eval_time=0.008 best_avg=0.637918 best_move=6,6 leader=3 inc2=1 attack_w=0.2 S0=41191 SA=22136 ratio=1.86078 my_comp=20 my_front=33 leader_comp=3 comp_gain(sz/front/cut)=1/2/1
DBG summary depth_guard_fired=1
Score = 154045
=== CASE 0152.txt ===
DBG hdr N=10 M=3 T=100 U=4 VMAX=2181 TIME_LIMIT=1.94 MAX_CAND=20 UCB_C=0.21 OBJ=log(S0+1)-log(SA+1)
DBG t=0 used=0.024 remain=1.94 turn_time=0.0236195 end_in=0.0236195 cand_pre=5 cand_cap=20 cand=5->5 pre=5 pick(must/bucket/top/rand)=1/2/2/0 depth0=7 depth=5 dlog=2 dper=0 sims=6785 loop=6780 gen_time=0 eval_time=0.024 best_avg=-0.607855 best_move=2,7 leader=1 inc2=1 attack_w=0.85 S0=797 SA=1631 ratio=0.488971 my_comp=1 my_front=4 leader_comp=1 comp_gain(sz/front/cut)=1/2/0
DBG t=12 used=0.022 remain=1.668 turn_time=0.0215987 end_in=0.0215987 cand_pre=17 cand_cap=20 cand=17->17 pre=17 pick(must/bucket/top/rand)=1/3/12/1 depth0=7 depth=4 dlog=3 dper=0 sims=4089 loop=4072 gen_time=0 eval_time=0.022 best_avg=-0.0885385 best_move=1,4 leader=1 inc2=1 attack_w=0.601266 S0=16323 SA=18530 ratio=0.880902 my_comp=6 my_front=13 leader_comp=3 comp_gain(sz/front/cut)=1/2/0
DBG t=24 used=0.021 remain=1.408 turn_time=0.0203882 end_in=0.0203882 cand_pre=23 cand_cap=20 cand=23->20 pre=23 pick(must/bucket/top/rand)=1/8/7/4 depth0=7 depth=3 dlog=4 dper=0 sims=4248 loop=4228 gen_time=0 eval_time=0.021 best_avg=0.0719593 best_move=3,6 leader=1 inc2=1 attack_w=0.2 S0=30658 SA=27935 ratio=1.09747 my_comp=10 my_front=17 leader_comp=6 comp_gain(sz/front/cut)=1/-2/0
DBG t=37 used=0.019 remain=1.147 turn_time=0.0187343 end_in=0.0187343 cand_pre=34 cand_cap=20 cand=34->20 pre=34 pick(must/bucket/top/rand)=1/8/7/4 depth0=10 depth=5 dlog=4 dper=1 sims=1852 loop=1832 gen_time=0 eval_time=0.019 best_avg=0.104372 best_move=4,6 leader=2 inc2=1 attack_w=0.2 S0=37927 SA=34099 ratio=1.11226 my_comp=17 my_front=22 leader_comp=14 comp_gain(sz/front/cut)=1/2/1
DBG t=49 used=0.018 remain=0.922 turn_time=0.0177801 end_in=0.0177801 cand_pre=41 cand_cap=20 cand=41->20 pre=41 pick(must/bucket/top/rand)=1/8/7/4 depth0=10 depth=3 dlog=5 dper=2 sims=2048 loop=2028 gen_time=0 eval_time=0.018 best_avg=0.0960479 best_move=2,4 leader=1 inc2=1 attack_w=0.2 S0=44850 SA=40680 ratio=1.1025 my_comp=20 my_front=31 leader_comp=8 comp_gain(sz/front/cut)=0/0/0
DBG t=61 used=0.017 remain=0.711 turn_time=0.0163895 end_in=0.0163895 cand_pre=54 cand_cap=20 cand=54->20 pre=54 pick(must/bucket/top/rand)=1/8/7/4 depth0=10 depth=2 dlog=5 dper=3 sims=1512 loop=1492 gen_time=0 eval_time=0.017 best_avg=0.116428 best_move=6,7 leader=2 inc2=1 attack_w=0.2 S0=51736 SA=43603 ratio=1.18652 my_comp=27 my_front=42 leader_comp=25 comp_gain(sz/front/cut)=1/2/0
DBG t=74 used=0.017 remain=0.49 turn_time=0.0166977 end_in=0.0166977 cand_pre=56 cand_cap=20 cand=56->20 pre=56 pick(must/bucket/top/rand)=1/8/7/4 depth0=11 depth=2 dlog=5 dper=4 sims=1544 loop=1524 gen_time=0 eval_time=0.017 best_avg=0.234585 best_move=3,2 leader=2 inc2=1 attack_w=0.2 S0=57343 SA=46494 ratio=1.23334 my_comp=33 my_front=46 leader_comp=1 comp_gain(sz/front/cut)=1/0/0
DBG t=86 used=0.018 remain=0.28 turn_time=0.01746 end_in=0.01746 cand_pre=58 cand_cap=20 cand=58->20 pre=58 pick(must/bucket/top/rand)=1/8/7/4 depth0=11 depth=3 dlog=5 dper=3 sims=1196 loop=1176 gen_time=0 eval_time=0.018 best_avg=0.204621 best_move=8,7 leader=2 inc2=1 attack_w=0.2 S0=60629 SA=46352 ratio=1.30801 my_comp=35 my_front=45 leader_comp=25 comp_gain(sz/front/cut)=1/2/0
DBG t=99 used=0.021 remain=0.034 turn_time=0.0204 end_in=0.0204 cand_pre=29 cand_cap=20 cand=29->20 pre=29 pick(must/bucket/top/rand)=1/7/8/4 depth0=0 depth=0 dlog=4 dper=1 sims=34664 loop=34644 gen_time=0 eval_time=0.021 best_avg=0.25232 best_move=0,3 leader=1 inc2=1 attack_w=0.2 S0=63805 SA=49945 ratio=1.2775 my_comp=13 my_front=24 leader_comp=11 comp_gain(sz/front/cut)=0/0/0
DBG summary depth_guard_fired=0
Score = 121340
=== CASE 0151.txt ===
DBG hdr N=10 M=3 T=100 U=1 VMAX=1679 TIME_LIMIT=1.94 MAX_CAND=20 UCB_C=0.21 OBJ=log(S0+1)-log(SA+1)
DBG t=0 used=0.024 remain=1.94 turn_time=0.0236195 end_in=0.0236195 cand_pre=5 cand_cap=20 cand=5->5 pre=5 pick(must/bucket/top/rand)=1/2/2/0 depth0=7 depth=5 dlog=2 dper=0 sims=6577 loop=6572 gen_time=0 eval_time=0.024 best_avg=0.225307 best_move=3,8 leader=2 inc2=1 attack_w=0.85 S0=768 SA=1538 ratio=0.499675 my_comp=1 my_front=4 leader_comp=1 comp_gain(sz/front/cut)=1/2/0
DBG t=12 used=0.021 remain=1.667 turn_time=0.0206007 end_in=0.0206007 cand_pre=25 cand_cap=20 cand=25->20 pre=25 pick(must/bucket/top/rand)=1/2/13/4 depth0=7 depth=3 dlog=4 dper=0 sims=3616 loop=3596 gen_time=0 eval_time=0.021 best_avg=0.596745 best_move=3,7 leader=1 inc2=1 attack_w=0.2 S0=17587 SA=10356 ratio=1.69818 my_comp=13 my_front=17 leader_comp=1 comp_gain(sz/front/cut)=1/2/0
DBG t=24 used=0.019 remain=1.425 turn_time=0.018075 end_in=0.018075 cand_pre=44 cand_cap=20 cand=44->20 pre=44 pick(must/bucket/top/rand)=1/4/11/4 depth0=7 depth=0 dlog=5 dper=2 sims=45996 loop=45976 gen_time=0 eval_time=0.019 best_avg=0.933865 best_move=2,2 leader=1 inc2=1 attack_w=0.2 S0=31589 SA=11734 ratio=2.69195 my_comp=25 my_front=31 leader_comp=13 comp_gain(sz/front/cut)=1/2/0
DBG t=37 used=0.021 remain=1.141 turn_time=0.0206376 end_in=0.0206376 cand_pre=17 cand_cap=20 cand=17->17 pre=17 pick(must/bucket/top/rand)=1/6/9/1 depth0=10 depth=7 dlog=3 dper=0 sims=2117 loop=2100 gen_time=0 eval_time=0.021 best_avg=1.11963 best_move=6,1 leader=1 inc2=1 attack_w=0.2 S0=34733 SA=13535 ratio=2.56605 my_comp=7 my_front=12 leader_comp=13 comp_gain(sz/front/cut)=1/2/2
DBG t=49 used=0.02 remain=0.899 turn_time=0.0199719 end_in=0.0199719 cand_pre=18 cand_cap=20 cand=18->18 pre=18 pick(must/bucket/top/rand)=1/6/9/2 depth0=10 depth=6 dlog=4 dper=0 sims=2138 loop=2120 gen_time=0 eval_time=0.02 best_avg=1.64627 best_move=4,2 leader=2 inc2=1 attack_w=0.2 S0=43981 SA=9253 ratio=4.75276 my_comp=6 my_front=14 leader_comp=1 comp_gain(sz/front/cut)=10/15/0
DBG t=61 used=0.015 remain=0.714 turn_time=0.0141976 end_in=0.0141976 cand_pre=73 cand_cap=14 cand=73->14 pre=42 pick(must/bucket/top/rand)=1/6/4/3 depth0=10 depth=0 dlog=6 dper=5 sims=56358 loop=56344 gen_time=0 eval_time=0.015 best_avg=1.9673 best_move=3,2 leader=2 inc2=1 attack_w=0.2 S0=49197 SA=6611 ratio=7.44071 my_comp=42 my_front=51 leader_comp=1 comp_gain(sz/front/cut)=1/-2/0
DBG t=74 used=0.019 remain=0.507 turn_time=0.0181642 end_in=0.0181643 cand_pre=49 cand_cap=20 cand=49->20 pre=49 pick(must/bucket/top/rand)=1/6/9/4 depth0=11 depth=3 dlog=5 dper=3 sims=3552 loop=3532 gen_time=0 eval_time=0.019 best_avg=1.7273 best_move=1,0 leader=1 inc2=1 attack_w=0.2 S0=50544 SA=7225 ratio=6.99488 my_comp=28 my_front=33 leader_comp=4 comp_gain(sz/front/cut)=1/1/0
DBG t=86 used=0.016 remain=0.283 turn_time=0.0154134 end_in=0.0154134 cand_pre=75 cand_cap=14 cand=75->14 pre=42 pick(must/bucket/top/rand)=1/6/4/3 depth0=11 depth=0 dlog=6 dper=5 sims=51558 loop=51544 gen_time=0 eval_time=0.016 best_avg=2.32245 best_move=0,0 leader=2 inc2=1 attack_w=0.2 S0=53395 SA=4652 ratio=11.4756 my_comp=47 my_front=50 leader_comp=3 comp_gain(sz/front/cut)=1/0/0
DBG t=99 used=0.02 remain=0.033 turn_time=0.0198 end_in=0.0198 cand_pre=79 cand_cap=14 cand=79->14 pre=42 pick(must/bucket/top/rand)=1/6/4/3 depth0=0 depth=0 dlog=6 dper=4 sims=61550 loop=61536 gen_time=0 eval_time=0.02 best_avg=2.45775 best_move=4,2 leader=1 inc2=1 attack_w=0.2 S0=56803 SA=5404 ratio=10.5095 my_comp=52 my_front=46 leader_comp=4 comp_gain(sz/front/cut)=1/-2/1
DBG summary depth_guard_fired=0
Score = 373496
=== CASE 0150.txt ===
DBG hdr N=10 M=4 T=100 U=2 VMAX=2104 TIME_LIMIT=1.94 MAX_CAND=20 UCB_C=0.21 OBJ=log(S0+1)-log(SA+1)
DBG t=0 used=0.024 remain=1.94 turn_time=0.0236195 end_in=0.0236195 cand_pre=5 cand_cap=20 cand=5->5 pre=5 pick(must/bucket/top/rand)=1/2/2/0 depth0=7 depth=5 dlog=2 dper=0 sims=6245 loop=6240 gen_time=0 eval_time=0.024 best_avg=-0.345351 best_move=4,4 leader=3 inc2=1 attack_w=0.85 S0=736 SA=1435 ratio=0.513231 my_comp=1 my_front=4 leader_comp=1 comp_gain(sz/front/cut)=1/2/0
DBG t=12 used=0.022 remain=1.669 turn_time=0.0212418 end_in=0.0212418 cand_pre=20 cand_cap=20 cand=20->20 pre=20 pick(must/bucket/top/rand)=1/6/9/4 depth0=7 depth=3 dlog=4 dper=0 sims=3356 loop=3336 gen_time=0 eval_time=0.022 best_avg=-0.0461028 best_move=3,6 leader=3 inc2=0 attack_w=0.45839 S0=15853 SA=16951 ratio=0.935229 my_comp=8 my_front=18 leader_comp=10 comp_gain(sz/front/cut)=1/2/1
DBG t=24 used=0.021 remain=1.42 turn_time=0.0204405 end_in=0.0204405 cand_pre=24 cand_cap=20 cand=24->20 pre=24 pick(must/bucket/top/rand)=1/8/7/4 depth0=7 depth=3 dlog=4 dper=0 sims=3172 loop=3152 gen_time=0 eval_time=0.021 best_avg=-0.0997948 best_move=4,8 leader=3 inc2=0 attack_w=0.33981 S0=21682 SA=21997 ratio=0.985681 my_comp=10 my_front=22 leader_comp=12 comp_gain(sz/front/cut)=1/2/3
DBG t=37 used=0.02 remain=1.15 turn_time=0.0196139 end_in=0.0196139 cand_pre=27 cand_cap=20 cand=27->20 pre=27 pick(must/bucket/top/rand)=1/8/7/4 depth0=10 depth=5 dlog=4 dper=1 sims=2672 loop=2652 gen_time=0 eval_time=0.02 best_avg=0.164717 best_move=5,4 leader=1 inc2=1 attack_w=0.210256 S0=22709 SA=21681 ratio=1.04741 my_comp=13 my_front=22 leader_comp=3 comp_gain(sz/front/cut)=1/2/0
DBG t=49 used=0.019 remain=0.904 turn_time=0.0180091 end_in=0.0180091 cand_pre=36 cand_cap=20 cand=36->20 pre=36 pick(must/bucket/top/rand)=1/7/8/4 depth0=10 depth=3 dlog=5 dper=2 sims=2808 loop=2788 gen_time=0 eval_time=0.019 best_avg=0.479043 best_move=4,5 leader=3 inc2=0 attack_w=0.2 S0=31779 SA=23715 ratio=1.34002 my_comp=18 my_front=32 leader_comp=7 comp_gain(sz/front/cut)=0/0/0
DBG t=61 used=0.017 remain=0.686 turn_time=0.0167278 end_in=0.0167278 cand_pre=46 cand_cap=20 cand=46->20 pre=46 pick(must/bucket/top/rand)=1/8/7/4 depth0=10 depth=2 dlog=5 dper=3 sims=2164 loop=2144 gen_time=0 eval_time=0.017 best_avg=0.81892 best_move=6,6 leader=1 inc2=1 attack_w=0.2 S0=43027 SA=17118 ratio=2.51346 my_comp=25 my_front=34 leader_comp=4 comp_gain(sz/front/cut)=1/2/0
DBG t=74 used=0.021 remain=0.446 turn_time=0.0207733 end_in=0.0207733 cand_pre=6 cand_cap=20 cand=6->6 pre=6 pick(must/bucket/top/rand)=1/4/1/0 depth0=11 depth=9 dlog=2 dper=0 sims=2354 loop=2348 gen_time=0 eval_time=0.021 best_avg=0.787958 best_move=9,9 leader=1 inc2=1 attack_w=0.2 S0=46640 SA=18302 ratio=2.54827 my_comp=2 my_front=5 leader_comp=2 comp_gain(sz/front/cut)=0/0/0
DBG t=86 used=0.018 remain=0.207 turn_time=0.0176172 end_in=0.0176172 cand_pre=9 cand_cap=20 cand=9->9 pre=9 pick(must/bucket/top/rand)=1/4/4/0 depth0=11 depth=6 dlog=3 dper=0 sims=2889 loop=2880 gen_time=0 eval_time=0.018 best_avg=0.928592 best_move=7,9 leader=3 inc2=0 attack_w=0.2 S0=47922 SA=22210 ratio=2.15762 my_comp=5 my_front=7 leader_comp=7 comp_gain(sz/front/cut)=0/0/0
DBG depth_guard t=99 remain=0.011 cand_pre=52 depth0=0 depth=0
DBG t=99 used=0.007 remain=0.011 turn_time=0.0066 end_in=0.0066 cand_pre=52 cand_cap=12 cand=52->12 pre=36 pick(must/bucket/top/rand)=1/7/2/2 depth0=0 depth=0 dlog=5 dper=5 sims=15588 loop=15576 gen_time=0 eval_time=0.007 best_avg=1.07618 best_move=8,7 leader=1 inc2=0 attack_w=0.2 S0=50789 SA=17987 ratio=2.82355 my_comp=29 my_front=38 leader_comp=5 comp_gain(sz/front/cut)=1/0/1
DBG summary depth_guard_fired=1
Score = 199224
=== CASE 0154.txt ===
DBG hdr N=10 M=2 T=100 U=5 VMAX=1488 TIME_LIMIT=1.94 MAX_CAND=20 UCB_C=0.21 OBJ=log(S0+1)-log(SA+1)
DBG t=0 used=0.024 remain=1.94 turn_time=0.0236195 end_in=0.0236195 cand_pre=5 cand_cap=20 cand=5->5 pre=5 pick(must/bucket/top/rand)=1/2/2/0 depth0=7 depth=5 dlog=2 dper=0 sims=8157 loop=8152 gen_time=0 eval_time=0.024 best_avg=-0.00581567 best_move=5,3 leader=1 inc2=1 attack_w=0.13 S0=869 SA=785 ratio=1.10687 my_comp=1 my_front=4 leader_comp=1 comp_gain(sz/front/cut)=1/2/0
DBG t=12 used=0.021 remain=1.673 turn_time=0.020922 end_in=0.020922 cand_pre=23 cand_cap=20 cand=23->20 pre=23 pick(must/bucket/top/rand)=1/2/13/4 depth0=7 depth=3 dlog=4 dper=0 sims=5144 loop=5124 gen_time=0 eval_time=0.021 best_avg=0.420684 best_move=5,7 leader=1 inc2=1 attack_w=0.2 S0=15093 SA=9789 ratio=1.54178 my_comp=7 my_front=16 leader_comp=4 comp_gain(sz/front/cut)=0/0/0
DBG t=24 used=0.02 remain=1.425 turn_time=0.0195375 end_in=0.0195375 cand_pre=32 cand_cap=20 cand=32->20 pre=32 pick(must/bucket/top/rand)=1/2/13/4 depth0=7 depth=2 dlog=4 dper=1 sims=4288 loop=4268 gen_time=0 eval_time=0.02 best_avg=0.53465 best_move=2,7 leader=1 inc2=1 attack_w=0.2 S0=31328 SA=18217 ratio=1.71967 my_comp=11 my_front=23 leader_comp=6 comp_gain(sz/front/cut)=1/2/0
DBG t=37 used=0.019 remain=1.168 turn_time=0.0189568 end_in=0.0189568 cand_pre=35 cand_cap=20 cand=35->20 pre=35 pick(must/bucket/top/rand)=1/2/13/4 depth0=10 depth=4 dlog=4 dper=2 sims=2872 loop=2852 gen_time=0 eval_time=0.019 best_avg=0.525767 best_move=3,8 leader=1 inc2=1 attack_w=0.2 S0=48250 SA=28209 ratio=1.71042 my_comp=13 my_front=26 leader_comp=8 comp_gain(sz/front/cut)=0/0/0
DBG t=49 used=0.019 remain=0.94 turn_time=0.0184867 end_in=0.0184867 cand_pre=38 cand_cap=20 cand=38->20 pre=38 pick(must/bucket/top/rand)=1/2/13/4 depth0=10 depth=3 dlog=5 dper=2 sims=2716 loop=2696 gen_time=0 eval_time=0.019 best_avg=0.54305 best_move=3,7 leader=1 inc2=1 attack_w=0.2 S0=63400 SA=36437 ratio=1.73997 my_comp=16 my_front=28 leader_comp=9 comp_gain(sz/front/cut)=0/0/0
DBG t=61 used=0.019 remain=0.712 turn_time=0.0181925 end_in=0.0181925 cand_pre=39 cand_cap=20 cand=39->20 pre=39 pick(must/bucket/top/rand)=1/2/13/4 depth0=10 depth=3 dlog=5 dper=2 sims=2608 loop=2588 gen_time=0 eval_time=0.019 best_avg=0.511109 best_move=6,9 leader=1 inc2=1 attack_w=0.2 S0=78542 SA=46721 ratio=1.68107 my_comp=18 my_front=27 leader_comp=12 comp_gain(sz/front/cut)=0/0/0
DBG t=74 used=0.018 remain=0.476 turn_time=0.0171726 end_in=0.0171726 cand_pre=48 cand_cap=20 cand=48->20 pre=48 pick(must/bucket/top/rand)=1/5/10/4 depth0=11 depth=3 dlog=5 dper=3 sims=1972 loop=1952 gen_time=0 eval_time=0.018 best_avg=0.559413 best_move=1,7 leader=1 inc2=1 attack_w=0.2 S0=88238 SA=50589 ratio=1.7442 my_comp=23 my_front=33 leader_comp=13 comp_gain(sz/front/cut)=0/0/0
DBG t=86 used=0.018 remain=0.263 turn_time=0.0173768 end_in=0.0173768 cand_pre=50 cand_cap=20 cand=50->20 pre=50 pick(must/bucket/top/rand)=1/3/12/4 depth0=11 depth=3 dlog=5 dper=3 sims=1772 loop=1752 gen_time=0 eval_time=0.018 best_avg=0.558102 best_move=3,9 leader=1 inc2=1 attack_w=0.2 S0=94624 SA=53789 ratio=1.75916 my_comp=27 my_front=35 leader_comp=13 comp_gain(sz/front/cut)=0/0/0
DBG t=99 used=0.014 remain=0.023 turn_time=0.0138 end_in=0.0138 cand_pre=55 cand_cap=16 cand=55->16 pre=48 pick(must/bucket/top/rand)=1/5/6/4 depth0=0 depth=0 dlog=5 dper=4 sims=41776 loop=41760 gen_time=0 eval_time=0.014 best_avg=0.561359 best_move=6,7 leader=1 inc2=1 attack_w=0.2 S0=105011 SA=59840 ratio=1.75485 my_comp=29 my_front=38 leader_comp=14 comp_gain(sz/front/cut)=0/0/0
DBG summary depth_guard_fired=0
Score = 147251
=== CASE 0153.txt ===
DBG hdr N=10 M=5 T=100 U=2 VMAX=1370 TIME_LIMIT=1.94 MAX_CAND=20 UCB_C=0.21 OBJ=log(S0+1)-log(SA+1)
DBG t=0 used=0.024 remain=1.94 turn_time=0.0237456 end_in=0.0237456 cand_pre=4 cand_cap=20 cand=4->4 pre=4 pick(must/bucket/top/rand)=1/3/0/0 depth0=7 depth=6 dlog=1 dper=0 sims=4472 loop=4468 gen_time=0 eval_time=0.024 best_avg=-0.246355 best_move=8,4 leader=3 inc2=1 attack_w=0.199032 S0=1016 SA=1015 ratio=1.00098 my_comp=1 my_front=4 leader_comp=1 comp_gain(sz/front/cut)=0/0/0
DBG t=12 used=0.022 remain=1.658 turn_time=0.0218366 end_in=0.0218366 cand_pre=14 cand_cap=20 cand=14->14 pre=14 pick(must/bucket/top/rand)=1/4/9/0 depth0=7 depth=4 dlog=3 dper=0 sims=4030 loop=4016 gen_time=0 eval_time=0.022 best_avg=-0.303335 best_move=9,1 leader=1 inc2=0 attack_w=0.70334 S0=11622 SA=13741 ratio=0.845801 my_comp=8 my_front=10 leader_comp=8 comp_gain(sz/front/cut)=0/0/0
DBG t=24 used=0.022 remain=1.389 turn_time=0.0215386 end_in=0.0215386 cand_pre=11 cand_cap=20 cand=11->11 pre=11 pick(must/bucket/top/rand)=1/5/5/0 depth0=7 depth=4 dlog=3 dper=0 sims=3243 loop=3232 gen_time=0 eval_time=0.022 best_avg=-0.0834451 best_move=3,0 leader=1 inc2=1 attack_w=0.666217 S0=21479 SA=25027 ratio=0.858239 my_comp=5 my_front=8 leader_comp=12 comp_gain(sz/front/cut)=0/0/0
DBG t=37 used=0.02 remain=1.112 turn_time=0.0199983 end_in=0.0199983 cand_pre=18 cand_cap=20 cand=18->18 pre=18 pick(must/bucket/top/rand)=1/5/10/2 depth0=10 depth=6 dlog=4 dper=0 sims=1926 loop=1908 gen_time=0 eval_time=0.02 best_avg=0.0361364 best_move=1,1 leader=1 inc2=0 attack_w=0.331612 S0=30714 SA=31044 ratio=0.98937 my_comp=9 my_front=12 leader_comp=16 comp_gain(sz/front/cut)=0/0/0
DBG t=49 used=0.02 remain=0.873 turn_time=0.019283 end_in=0.019283 cand_pre=19 cand_cap=20 cand=19->19 pre=19 pick(must/bucket/top/rand)=1/6/9/3 depth0=10 depth=6 dlog=4 dper=0 sims=1971 loop=1952 gen_time=0 eval_time=0.02 best_avg=0.219516 best_move=1,0 leader=1 inc2=1 attack_w=0.2 S0=35672 SA=26069 ratio=1.36835 my_comp=10 my_front=14 leader_comp=2 comp_gain(sz/front/cut)=1/1/0
DBG t=61 used=0.019 remain=0.639 turn_time=0.0183508 end_in=0.0183508 cand_pre=20 cand_cap=20 cand=20->20 pre=20 pick(must/bucket/top/rand)=1/5/10/4 depth0=10 depth=6 dlog=4 dper=0 sims=1832 loop=1812 gen_time=0 eval_time=0.019 best_avg=0.197473 best_move=2,0 leader=1 inc2=1 attack_w=0.2 S0=34719 SA=27577 ratio=1.25897 my_comp=12 my_front=12 leader_comp=2 comp_gain(sz/front/cut)=0/0/0
DBG t=74 used=0.017 remain=0.404 turn_time=0.0168981 end_in=0.0168981 cand_pre=25 cand_cap=20 cand=25->20 pre=25 pick(must/bucket/top/rand)=1/6/9/4 depth0=11 depth=6 dlog=4 dper=1 sims=1448 loop=1428 gen_time=0 eval_time=0.017 best_avg=0.317753 best_move=0,2 leader=3 inc2=1 attack_w=0.2 S0=39867 SA=31011 ratio=1.28557 my_comp=15 my_front=17 leader_comp=13 comp_gain(sz/front/cut)=0/0/0
DBG t=86 used=0.016 remain=0.203 turn_time=0.0156745 end_in=0.0156745 cand_pre=26 cand_cap=20 cand=26->20 pre=26 pick(must/bucket/top/rand)=1/6/9/4 depth0=11 depth=6 dlog=4 dper=1 sims=1304 loop=1284 gen_time=0 eval_time=0.016 best_avg=0.392737 best_move=1,2 leader=3 inc2=1 attack_w=0.2 S0=41740 SA=29744 ratio=1.40329 my_comp=17 my_front=16 leader_comp=13 comp_gain(sz/front/cut)=0/0/0
DBG depth_guard t=99 remain=0.012 cand_pre=38 depth0=0 depth=0
DBG t=99 used=0.008 remain=0.012 turn_time=0.0072 end_in=0.0072 cand_pre=38 cand_cap=12 cand=38->12 pre=36 pick(must/bucket/top/rand)=1/5/4/2 depth0=0 depth=0 dlog=5 dper=5 sims=11504 loop=11492 gen_time=0 eval_time=0.008 best_avg=0.455087 best_move=2,2 leader=4 inc2=1 attack_w=0.2 S0=45840 SA=29610 ratio=1.54811 my_comp=23 my_front=26 leader_comp=21 comp_gain(sz/front/cut)=0/0/0
DBG summary depth_guard_fired=1
Score = 132481
=== CASE 0155.txt ===
DBG hdr N=10 M=6 T=100 U=3 VMAX=4289 TIME_LIMIT=1.94 MAX_CAND=20 UCB_C=0.21 OBJ=log(S0+1)-log(SA+1)
DBG t=0 used=0.024 remain=1.94 turn_time=0.0238717 end_in=0.0238717 cand_pre=3 cand_cap=20 cand=3->3 pre=3 pick(must/bucket/top/rand)=1/2/0/0 depth0=7 depth=6 dlog=1 dper=0 sims=3779 loop=3776 gen_time=0 eval_time=0.024 best_avg=-1.33312 best_move=3,8 leader=4 inc2=1 attack_w=0.85 S0=605 SA=1406 ratio=0.430704 my_comp=1 my_front=3 leader_comp=1 comp_gain(sz/front/cut)=1/2/0
DBG t=12 used=0.022 remain=1.662 turn_time=0.0212755 end_in=0.0212755 cand_pre=19 cand_cap=20 cand=19->19 pre=19 pick(must/bucket/top/rand)=1/7/8/3 depth0=7 depth=3 dlog=4 dper=0 sims=3903 loop=3884 gen_time=0 eval_time=0.022 best_avg=-0.468719 best_move=3,5 leader=4 inc2=1 attack_w=0.85 S0=10705 SA=22941 ratio=0.466655 my_comp=7 my_front=15 leader_comp=8 comp_gain(sz/front/cut)=1/2/0
DBG t=24 used=0.023 remain=1.389 turn_time=0.0220138 end_in=0.0220138 cand_pre=7 cand_cap=20 cand=7->7 pre=7 pick(must/bucket/top/rand)=1/5/1/0 depth0=7 depth=5 dlog=2 dper=0 sims=3319 loop=3312 gen_time=0 eval_time=0.023 best_avg=0.437964 best_move=0,3 leader=2 inc2=1 attack_w=0.2 S0=34075 SA=20377 ratio=1.6722 my_comp=3 my_front=7 leader_comp=10 comp_gain(sz/front/cut)=0/0/0
DBG t=37 used=0.021 remain=1.104 turn_time=0.0208796 end_in=0.0208796 cand_pre=9 cand_cap=20 cand=9->9 pre=9 pick(must/bucket/top/rand)=1/5/3/0 depth0=10 depth=7 dlog=3 dper=0 sims=1873 loop=1864 gen_time=0 eval_time=0.021 best_avg=0.399534 best_move=0,1 leader=1 inc2=1 attack_w=0.2 S0=38064 SA=26723 ratio=1.42438 my_comp=5 my_front=8 leader_comp=12 comp_gain(sz/front/cut)=1/1/0
DBG t=49 used=0.02 remain=0.855 turn_time=0.0197572 end_in=0.0197572 cand_pre=11 cand_cap=20 cand=11->11 pre=11 pick(must/bucket/top/rand)=1/3/7/0 depth0=10 depth=7 dlog=3 dper=0 sims=1855 loop=1844 gen_time=0 eval_time=0.02 best_avg=0.177239 best_move=0,1 leader=1 inc2=1 attack_w=0.2 S0=44184 SA=34453 ratio=1.28243 my_comp=5 my_front=9 leader_comp=16 comp_gain(sz/front/cut)=0/0/0
DBG t=61 used=0.019 remain=0.617 turn_time=0.0181303 end_in=0.0181303 cand_pre=16 cand_cap=20 cand=16->16 pre=16 pick(must/bucket/top/rand)=1/4/11/0 depth0=10 depth=7 dlog=3 dper=0 sims=1732 loop=1716 gen_time=0 eval_time=0.019 best_avg=0.299235 best_move=1,5 leader=1 inc2=1 attack_w=0.2 S0=50911 SA=38087 ratio=1.33669 my_comp=8 my_front=13 leader_comp=19 comp_gain(sz/front/cut)=0/0/0
DBG t=74 used=0.017 remain=0.383 turn_time=0.0168815 end_in=0.0168815 cand_pre=16 cand_cap=20 cand=16->16 pre=16 pick(must/bucket/top/rand)=1/3/12/0 depth0=11 depth=8 dlog=3 dper=0 sims=1344 loop=1328 gen_time=0 eval_time=0.017 best_avg=-0.00516455 best_move=0,2 leader=1 inc2=1 attack_w=0.2 S0=49198 SA=46338 ratio=1.06172 my_comp=8 my_front=13 leader_comp=24 comp_gain(sz/front/cut)=0/0/0
DBG t=86 used=0.015 remain=0.184 turn_time=0.0148909 end_in=0.0148909 cand_pre=18 cand_cap=20 cand=18->18 pre=18 pick(must/bucket/top/rand)=1/2/13/2 depth0=11 depth=6 dlog=4 dper=0 sims=1674 loop=1656 gen_time=0 eval_time=0.015 best_avg=0.173736 best_move=1,2 leader=1 inc2=1 attack_w=0.2 S0=59160 SA=47603 ratio=1.24277 my_comp=9 my_front=15 leader_comp=14 comp_gain(sz/front/cut)=0/0/0
DBG depth_guard t=98 remain=0.017 cand_pre=17 depth0=1 depth=0
DBG depth_guard t=99 remain=0.007 cand_pre=18 depth0=0 depth=0
DBG t=99 used=0.005 remain=0.007 turn_time=0.0042 end_in=0.0042 cand_pre=18 cand_cap=12 cand=18->12 pre=18 pick(must/bucket/top/rand)=1/4/5/2 depth0=0 depth=0 dlog=4 dper=4 sims=5808 loop=5796 gen_time=0 eval_time=0.005 best_avg=0.221837 best_move=1,3 leader=1 inc2=1 attack_w=0.2 S0=63427 SA=53175 ratio=1.19279 my_comp=10 my_front=17 leader_comp=29 comp_gain(sz/front/cut)=0/0/0
DBG summary depth_guard_fired=2
Score = 116127
=== CASE 0158.txt ===
DBG hdr N=10 M=3 T=100 U=1 VMAX=1661 TIME_LIMIT=1.94 MAX_CAND=20 UCB_C=0.21 OBJ=log(S0+1)-log(SA+1)
DBG t=0 used=0.024 remain=1.94 turn_time=0.0237456 end_in=0.0237456 cand_pre=4 cand_cap=20 cand=4->4 pre=4 pick(must/bucket/top/rand)=1/2/1/0 depth0=7 depth=6 dlog=1 dper=0 sims=5700 loop=5696 gen_time=0 eval_time=0.024 best_avg=-0.105832 best_move=9,5 leader=1 inc2=1 attack_w=0.193524 S0=612 SA=609 ratio=1.00492 my_comp=1 my_front=3 leader_comp=1 comp_gain(sz/front/cut)=1/1/0
DBG t=12 used=0.02 remain=1.669 turn_time=0.0197625 end_in=0.0197625 cand_pre=32 cand_cap=20 cand=32->20 pre=32 pick(must/bucket/top/rand)=1/5/10/4 depth0=7 depth=2 dlog=4 dper=1 sims=3436 loop=3416 gen_time=0 eval_time=0.02 best_avg=0.181889 best_move=2,3 leader=2 inc2=1 attack_w=0.595934 S0=13228 SA=14984 ratio=0.882816 my_comp=13 my_front=23 leader_comp=12 comp_gain(sz/front/cut)=1/2/0
DBG t=24 used=0.018 remain=1.441 turn_time=0.017785 end_in=0.017785 cand_pre=48 cand_cap=20 cand=48->20 pre=48 pick(must/bucket/top/rand)=1/6/9/4 depth0=7 depth=0 dlog=5 dper=3 sims=35444 loop=35424 gen_time=0 eval_time=0.018 best_avg=0.444343 best_move=1,4 leader=1 inc2=1 attack_w=0.2 S0=29037 SA=18602 ratio=1.56093 my_comp=23 my_front=35 leader_comp=19 comp_gain(sz/front/cut)=1/0/0
DBG t=37 used=0.017 remain=1.216 turn_time=0.0163484 end_in=0.0163484 cand_pre=62 cand_cap=14 cand=62->14 pre=42 pick(must/bucket/top/rand)=1/6/4/3 depth0=10 depth=1 dlog=5 dper=4 sims=1330 loop=1316 gen_time=0 eval_time=0.017 best_avg=0.65785 best_move=6,5 leader=2 inc2=1 attack_w=0.2 S0=40637 SA=23210 ratio=1.75081 my_comp=33 my_front=46 leader_comp=9 comp_gain(sz/front/cut)=1/2/0
DBG t=49 used=0.017 remain=1.013 turn_time=0.0163073 end_in=0.0163073 cand_pre=66 cand_cap=14 cand=66->14 pre=42 pick(must/bucket/top/rand)=1/6/4/3 depth0=10 depth=1 dlog=5 dper=4 sims=958 loop=944 gen_time=0 eval_time=0.017 best_avg=0.876162 best_move=6,6 leader=2 inc2=1 attack_w=0.2 S0=52341 SA=22045 ratio=2.37422 my_comp=44 my_front=40 leader_comp=17 comp_gain(sz/front/cut)=1/2/0
DBG t=61 used=0.016 remain=0.787 turn_time=0.0157804 end_in=0.0157804 cand_pre=72 cand_cap=14 cand=72->14 pre=42 pick(must/bucket/top/rand)=1/4/6/3 depth0=10 depth=0 dlog=5 dper=5 sims=40634 loop=40620 gen_time=0 eval_time=0.016 best_avg=0.55747 best_move=3,5 leader=2 inc2=1 attack_w=0.2 S0=47167 SA=26995 ratio=1.74722 my_comp=42 my_front=50 leader_comp=3 comp_gain(sz/front/cut)=1/0/0
DBG t=74 used=0.018 remain=0.553 turn_time=0.0178768 end_in=0.0178768 cand_pre=63 cand_cap=14 cand=63->14 pre=42 pick(must/bucket/top/rand)=1/4/6/3 depth0=11 depth=2 dlog=5 dper=4 sims=1050 loop=1036 gen_time=0 eval_time=0.018 best_avg=0.678563 best_move=0,2 leader=2 inc2=1 attack_w=0.2 S0=49465 SA=26463 ratio=1.86918 my_comp=43 my_front=36 leader_comp=24 comp_gain(sz/front/cut)=1/1/1
DBG t=86 used=0.019 remain=0.337 turn_time=0.018198 end_in=0.018198 cand_pre=76 cand_cap=14 cand=76->14 pre=42 pick(must/bucket/top/rand)=1/4/6/3 depth0=11 depth=1 dlog=6 dper=4 sims=958 loop=944 gen_time=0 eval_time=0.019 best_avg=1.09528 best_move=4,2 leader=1 inc2=1 attack_w=0.2 S0=60636 SA=20973 ratio=2.89106 my_comp=53 my_front=42 leader_comp=3 comp_gain(sz/front/cut)=1/-2/0
DBG t=99 used=0.029 remain=0.047 turn_time=0.0282 end_in=0.0282 cand_pre=3 cand_cap=20 cand=3->3 pre=3 pick(must/bucket/top/rand)=1/2/0/0 depth0=0 depth=0 dlog=1 dper=0 sims=65387 loop=65384 gen_time=0 eval_time=0.029 best_avg=1.1971 best_move=0,3 leader=1 inc2=1 attack_w=0.2 S0=63747 SA=18914 ratio=3.37024 my_comp=1 my_front=3 leader_comp=1 comp_gain(sz/front/cut)=55/35/0
DBG summary depth_guard_fired=0
Score = 212350
=== CASE 0157.txt ===
DBG hdr N=10 M=8 T=100 U=3 VMAX=2358 TIME_LIMIT=1.94 MAX_CAND=20 UCB_C=0.21 OBJ=log(S0+1)-log(SA+1)
DBG t=0 used=0.024 remain=1.94 turn_time=0.0236195 end_in=0.0236195 cand_pre=5 cand_cap=20 cand=5->5 pre=5 pick(must/bucket/top/rand)=1/2/2/0 depth0=7 depth=5 dlog=2 dper=0 sims=3877 loop=3872 gen_time=0 eval_time=0.024 best_avg=-1.26205 best_move=1,7 leader=5 inc2=1 attack_w=0.85 S0=350 SA=2358 ratio=0.148792 my_comp=1 my_front=4 leader_comp=1 comp_gain(sz/front/cut)=1/2/0
DBG t=12 used=0.02 remain=1.674 turn_time=0.0195744 end_in=0.0195744 cand_pre=34 cand_cap=20 cand=34->20 pre=34 pick(must/bucket/top/rand)=1/5/10/4 depth0=7 depth=2 dlog=4 dper=1 sims=3608 loop=3588 gen_time=0 eval_time=0.02 best_avg=-0.0873822 best_move=5,2 leader=5 inc2=1 attack_w=0.803849 S0=12933 SA=15891 ratio=0.813869 my_comp=13 my_front=28 leader_comp=3 comp_gain(sz/front/cut)=0/0/0
DBG t=24 used=0.022 remain=1.434 turn_time=0.0211326 end_in=0.0211326 cand_pre=20 cand_cap=20 cand=20->20 pre=20 pick(must/bucket/top/rand)=1/6/9/4 depth0=7 depth=3 dlog=4 dper=0 sims=3568 loop=3548 gen_time=0 eval_time=0.022 best_avg=0.313309 best_move=6,4 leader=5 inc2=1 attack_w=0.2 S0=31400 SA=21591 ratio=1.45429 my_comp=9 my_front=16 leader_comp=4 comp_gain(sz/front/cut)=0/0/0
DBG t=37 used=0.021 remain=1.154 turn_time=0.0206346 end_in=0.0206346 cand_pre=19 cand_cap=20 cand=19->19 pre=19 pick(must/bucket/top/rand)=1/7/8/3 depth0=10 depth=6 dlog=4 dper=0 sims=2055 loop=2036 gen_time=0 eval_time=0.021 best_avg=0.161397 best_move=6,4 leader=7 inc2=1 attack_w=0.2 S0=35504 SA=26443 ratio=1.34265 my_comp=9 my_front=14 leader_comp=2 comp_gain(sz/front/cut)=0/0/0
DBG t=49 used=0.02 remain=0.904 turn_time=0.0197373 end_in=0.0197373 cand_pre=21 cand_cap=20 cand=21->20 pre=21 pick(must/bucket/top/rand)=1/7/8/4 depth0=10 depth=6 dlog=4 dper=0 sims=1924 loop=1904 gen_time=0 eval_time=0.02 best_avg=0.109757 best_move=7,2 leader=7 inc2=1 attack_w=0.2 S0=39247 SA=31379 ratio=1.25073 my_comp=10 my_front=14 leader_comp=3 comp_gain(sz/front/cut)=0/0/0
DBG t=61 used=0.019 remain=0.665 turn_time=0.0187649 end_in=0.0187649 cand_pre=23 cand_cap=20 cand=23->20 pre=23 pick(must/bucket/top/rand)=1/8/7/4 depth0=10 depth=6 dlog=4 dper=0 sims=1660 loop=1640 gen_time=0 eval_time=0.019 best_avg=0.18706 best_move=7,2 leader=6 inc2=1 attack_w=0.2 S0=42181 SA=34681 ratio=1.21625 my_comp=11 my_front=16 leader_comp=19 comp_gain(sz/front/cut)=0/0/0
DBG t=74 used=0.018 remain=0.42 turn_time=0.0177773 end_in=0.0177773 cand_pre=23 cand_cap=20 cand=23->20 pre=23 pick(must/bucket/top/rand)=1/8/7/4 depth0=11 depth=7 dlog=4 dper=0 sims=1376 loop=1356 gen_time=0 eval_time=0.018 best_avg=0.128968 best_move=6,6 leader=7 inc2=1 attack_w=0.2 S0=41858 SA=32376 ratio=1.29286 my_comp=11 my_front=16 leader_comp=6 comp_gain(sz/front/cut)=1/2/0
DBG t=86 used=0.017 remain=0.21 turn_time=0.0163125 end_in=0.0163125 cand_pre=25 cand_cap=20 cand=25->20 pre=25 pick(must/bucket/top/rand)=1/7/8/4 depth0=11 depth=6 dlog=4 dper=1 sims=1416 loop=1396 gen_time=0 eval_time=0.017 best_avg=0.0120524 best_move=7,3 leader=7 inc2=1 attack_w=0.2 S0=39642 SA=36471 ratio=1.08694 my_comp=12 my_front=18 leader_comp=7 comp_gain(sz/front/cut)=0/0/0
DBG depth_guard t=99 remain=0.01 cand_pre=26 depth0=0 depth=0
DBG t=99 used=0.007 remain=0.01 turn_time=0.006 end_in=0.006 cand_pre=26 cand_cap=12 cand=26->12 pre=26 pick(must/bucket/top/rand)=1/5/4/2 depth0=0 depth=0 dlog=4 dper=4 sims=7544 loop=7532 gen_time=0 eval_time=0.007 best_avg=-0.0689747 best_move=5,3 leader=7 inc2=1 attack_w=0.422139 S0=43273 SA=45546 ratio=0.950096 my_comp=12 my_front=20 leader_comp=9 comp_gain(sz/front/cut)=0/0/0
DBG summary depth_guard_fired=1
Score = 93513
=== CASE 0156.txt ===
DBG hdr N=10 M=8 T=100 U=5 VMAX=1060 TIME_LIMIT=1.94 MAX_CAND=20 UCB_C=0.21 OBJ=log(S0+1)-log(SA+1)
DBG t=0 used=0.024 remain=1.94 turn_time=0.0236195 end_in=0.0236195 cand_pre=5 cand_cap=20 cand=5->5 pre=5 pick(must/bucket/top/rand)=1/2/2/0 depth0=7 depth=5 dlog=2 dper=0 sims=4297 loop=4292 gen_time=0 eval_time=0.024 best_avg=-0.0266565 best_move=1,7 leader=2 inc2=1 attack_w=0.210082 S0=1019 SA=1026 ratio=0.993184 my_comp=1 my_front=4 leader_comp=1 comp_gain(sz/front/cut)=1/2/0
DBG t=12 used=0.022 remain=1.659 turn_time=0.0219723 end_in=0.0219723 cand_pre=13 cand_cap=20 cand=13->13 pre=13 pick(must/bucket/top/rand)=1/5/7/0 depth0=7 depth=4 dlog=3 dper=0 sims=2769 loop=2756 gen_time=0 eval_time=0.022 best_avg=0.0381856 best_move=2,7 leader=7 inc2=1 attack_w=0.281771 S0=13458 SA=13293 ratio=1.01241 my_comp=5 my_front=11 leader_comp=12 comp_gain(sz/front/cut)=0/0/0
DBG t=24 used=0.022 remain=1.395 turn_time=0.0212737 end_in=0.0212737 cand_pre=14 cand_cap=20 cand=14->14 pre=14 pick(must/bucket/top/rand)=1/6/7/0 depth0=7 depth=4 dlog=3 dper=0 sims=2382 loop=2368 gen_time=0 eval_time=0.022 best_avg=0.0806895 best_move=0,5 leader=4 inc2=1 attack_w=0.2 S0=25911 SA=23565 ratio=1.09955 my_comp=8 my_front=12 leader_comp=5 comp_gain(sz/front/cut)=1/-1/0
DBG t=37 used=0.02 remain=1.122 turn_time=0.0199467 end_in=0.0199467 cand_pre=20 cand_cap=20 cand=20->20 pre=20 pick(must/bucket/top/rand)=1/5/10/4 depth0=10 depth=6 dlog=4 dper=0 sims=1476 loop=1456 gen_time=0 eval_time=0.02 best_avg=0.101631 best_move=0,8 leader=4 inc2=1 attack_w=0.2 S0=36000 SA=33929 ratio=1.06104 my_comp=12 my_front=14 leader_comp=7 comp_gain(sz/front/cut)=1/-1/0
DBG t=49 used=0.02 remain=0.882 turn_time=0.0191446 end_in=0.0191446 cand_pre=22 cand_cap=20 cand=22->20 pre=22 pick(must/bucket/top/rand)=1/4/11/4 depth0=10 depth=6 dlog=4 dper=0 sims=1436 loop=1416 gen_time=0 eval_time=0.02 best_avg=0.203287 best_move=2,7 leader=4 inc2=1 attack_w=0.2 S0=41760 SA=32789 ratio=1.27359 my_comp=13 my_front=13 leader_comp=8 comp_gain(sz/front/cut)=0/0/0
DBG t=61 used=0.019 remain=0.651 turn_time=0.0184784 end_in=0.0184784 cand_pre=22 cand_cap=20 cand=22->20 pre=22 pick(must/bucket/top/rand)=1/2/13/4 depth0=10 depth=6 dlog=4 dper=0 sims=1408 loop=1388 gen_time=0 eval_time=0.019 best_avg=0.336354 best_move=1,8 leader=1 inc2=1 attack_w=0.2 S0=49736 SA=34917 ratio=1.42439 my_comp=13 my_front=13 leader_comp=5 comp_gain(sz/front/cut)=0/0/0
DBG t=74 used=0.018 remain=0.412 turn_time=0.0172327 end_in=0.0172327 cand_pre=25 cand_cap=20 cand=25->20 pre=25 pick(must/bucket/top/rand)=1/3/12/4 depth0=11 depth=6 dlog=4 dper=1 sims=1316 loop=1296 gen_time=0 eval_time=0.018 best_avg=0.393953 best_move=3,5 leader=4 inc2=1 attack_w=0.2 S0=57709 SA=36878 ratio=1.56485 my_comp=16 my_front=12 leader_comp=11 comp_gain(sz/front/cut)=0/0/0
DBG t=86 used=0.016 remain=0.204 turn_time=0.0158464 end_in=0.0158464 cand_pre=25 cand_cap=20 cand=25->20 pre=25 pick(must/bucket/top/rand)=1/3/12/4 depth0=11 depth=6 dlog=4 dper=1 sims=1248 loop=1228 gen_time=0 eval_time=0.016 best_avg=0.270373 best_move=4,5 leader=4 inc2=1 attack_w=0.2 S0=57783 SA=42049 ratio=1.37417 my_comp=18 my_front=14 leader_comp=11 comp_gain(sz/front/cut)=1/2/0
DBG depth_guard t=99 remain=0.01 cand_pre=26 depth0=0 depth=0
DBG t=99 used=0.007 remain=0.01 turn_time=0.006 end_in=0.006 cand_pre=26 cand_cap=12 cand=26->12 pre=26 pick(must/bucket/top/rand)=1/4/5/2 depth0=0 depth=0 dlog=4 dper=4 sims=6392 loop=6380 gen_time=0 eval_time=0.007 best_avg=0.338943 best_move=2,6 leader=4 inc2=1 attack_w=0.2 S0=64812 SA=46222 ratio=1.40218 my_comp=18 my_front=16 leader_comp=11 comp_gain(sz/front/cut)=0/0/0
DBG summary depth_guard_fired=1
Score = 127704
=== CASE 0159.txt ===
DBG hdr N=10 M=4 T=100 U=4 VMAX=2020 TIME_LIMIT=1.94 MAX_CAND=20 UCB_C=0.21 OBJ=log(S0+1)-log(SA+1)
DBG t=0 used=0.024 remain=1.94 turn_time=0.0236195 end_in=0.0236195 cand_pre=5 cand_cap=20 cand=5->5 pre=5 pick(must/bucket/top/rand)=1/2/2/0 depth0=7 depth=5 dlog=2 dper=0 sims=6477 loop=6472 gen_time=0 eval_time=0.024 best_avg=-0.331092 best_move=6,1 leader=1 inc2=0 attack_w=0.85 S0=1248 SA=1774 ratio=0.703662 my_comp=1 my_front=4 leader_comp=1 comp_gain(sz/front/cut)=0/0/0
DBG t=12 used=0.023 remain=1.657 turn_time=0.022313 end_in=0.022313 cand_pre=10 cand_cap=20 cand=10->10 pre=10 pick(must/bucket/top/rand)=1/3/6/0 depth0=7 depth=4 dlog=3 dper=0 sims=5434 loop=5424 gen_time=0 eval_time=0.023 best_avg=-0.304167 best_move=4,2 leader=3 inc2=0 attack_w=0.465615 S0=16764 SA=17981 ratio=0.932321 my_comp=3 my_front=8 leader_comp=6 comp_gain(sz/front/cut)=1/2/0
DBG t=24 used=0.021 remain=1.39 turn_time=0.0209597 end_in=0.0209597 cand_pre=16 cand_cap=20 cand=16->16 pre=16 pick(must/bucket/top/rand)=1/3/12/0 depth0=7 depth=4 dlog=3 dper=0 sims=3416 loop=3400 gen_time=0 eval_time=0.021 best_avg=-0.212078 best_move=3,2 leader=3 inc2=0 attack_w=0.640143 S0=28874 SA=33296 ratio=0.867195 my_comp=6 my_front=14 leader_comp=9 comp_gain(sz/front/cut)=1/2/0
DBG t=37 used=0.02 remain=1.124 turn_time=0.0190545 end_in=0.0190545 cand_pre=28 cand_cap=20 cand=28->20 pre=28 pick(must/bucket/top/rand)=1/4/11/4 depth0=10 depth=5 dlog=4 dper=1 sims=2324 loop=2304 gen_time=0 eval_time=0.02 best_avg=-0.0624398 best_move=2,3 leader=3 inc2=0 attack_w=0.480375 S0=44090 SA=47591 ratio=0.926437 my_comp=12 my_front=20 leader_comp=10 comp_gain(sz/front/cut)=0/0/0
DBG t=49 used=0.019 remain=0.894 turn_time=0.0184935 end_in=0.0184935 cand_pre=30 cand_cap=20 cand=30->20 pre=30 pick(must/bucket/top/rand)=1/7/8/4 depth0=10 depth=5 dlog=4 dper=1 sims=2016 loop=1996 gen_time=0 eval_time=0.019 best_avg=0.0578112 best_move=8,1 leader=3 inc2=1 attack_w=0.295546 S0=55234 SA=54908 ratio=1.00594 my_comp=13 my_front=22 leader_comp=13 comp_gain(sz/front/cut)=1/2/0
DBG t=61 used=0.018 remain=0.676 turn_time=0.0176107 end_in=0.0176107 cand_pre=36 cand_cap=20 cand=36->20 pre=36 pick(must/bucket/top/rand)=1/6/9/4 depth0=10 depth=3 dlog=5 dper=2 sims=2224 loop=2204 gen_time=0 eval_time=0.018 best_avg=0.210199 best_move=3,3 leader=2 inc2=1 attack_w=0.2 S0=65445 SA=53023 ratio=1.23427 my_comp=18 my_front=26 leader_comp=9 comp_gain(sz/front/cut)=0/0/0
DBG t=74 used=0.017 remain=0.447 turn_time=0.0160146 end_in=0.0160146 cand_pre=49 cand_cap=20 cand=49->20 pre=49 pick(must/bucket/top/rand)=1/8/7/4 depth0=11 depth=3 dlog=5 dper=3 sims=1676 loop=1656 gen_time=0 eval_time=0.017 best_avg=0.364292 best_move=2,8 leader=2 inc2=1 attack_w=0.2 S0=72680 SA=54766 ratio=1.32709 my_comp=23 my_front=36 leader_comp=10 comp_gain(sz/front/cut)=0/0/0
DBG t=86 used=0.017 remain=0.246 turn_time=0.0160251 end_in=0.0160251 cand_pre=52 cand_cap=20 cand=52->20 pre=52 pick(must/bucket/top/rand)=1/6/9/4 depth0=11 depth=3 dlog=5 dper=3 sims=1612 loop=1592 gen_time=0 eval_time=0.017 best_avg=0.515851 best_move=7,2 leader=2 inc2=0 attack_w=0.2 S0=84603 SA=51515 ratio=1.64229 my_comp=26 my_front=39 leader_comp=11 comp_gain(sz/front/cut)=0/0/0
DBG t=99 used=0.013 remain=0.021 turn_time=0.0126 end_in=0.0126 cand_pre=53 cand_cap=16 cand=53->16 pre=48 pick(must/bucket/top/rand)=1/8/3/4 depth0=0 depth=0 dlog=5 dper=4 sims=20700 loop=20684 gen_time=0 eval_time=0.013 best_avg=0.568684 best_move=2,8 leader=2 inc2=1 attack_w=0.2 S0=87812 SA=49050 ratio=1.79024 my_comp=27 my_front=39 leader_comp=11 comp_gain(sz/front/cut)=0/0/0
DBG summary depth_guard_fired=0
Score = 146124
=== CASE 0160.txt ===
DBG hdr N=10 M=3 T=100 U=5 VMAX=2109 TIME_LIMIT=1.94 MAX_CAND=20 UCB_C=0.21 OBJ=log(S0+1)-log(SA+1)
DBG t=0 used=0.024 remain=1.94 turn_time=0.0236195 end_in=0.0236195 cand_pre=5 cand_cap=20 cand=5->5 pre=5 pick(must/bucket/top/rand)=1/2/2/0 depth0=7 depth=5 dlog=2 dper=0 sims=6665 loop=6660 gen_time=0 eval_time=0.024 best_avg=0.0131672 best_move=5,6 leader=2 inc2=1 attack_w=0.678154 S0=1077 SA=1261 ratio=0.8542 my_comp=1 my_front=4 leader_comp=1 comp_gain(sz/front/cut)=1/2/0
DBG t=12 used=0.022 remain=1.669 turn_time=0.0211185 end_in=0.0211185 cand_pre=21 cand_cap=20 cand=21->20 pre=21 pick(must/bucket/top/rand)=1/8/7/4 depth0=7 depth=3 dlog=4 dper=0 sims=4624 loop=4604 gen_time=0 eval_time=0.022 best_avg=0.321984 best_move=3,5 leader=1 inc2=1 attack_w=0.2 S0=20394 SA=13389 ratio=1.52315 my_comp=8 my_front=16 leader_comp=11 comp_gain(sz/front/cut)=0/0/0
DBG t=24 used=0.02 remain=1.412 turn_time=0.0198423 end_in=0.0198423 cand_pre=28 cand_cap=20 cand=28->20 pre=28 pick(must/bucket/top/rand)=1/8/7/4 depth0=7 depth=2 dlog=4 dper=1 sims=4268 loop=4248 gen_time=0 eval_time=0.02 best_avg=0.515791 best_move=5,3 leader=1 inc2=1 attack_w=0.2 S0=38031 SA=25957 ratio=1.46514 my_comp=11 my_front=20 leader_comp=18 comp_gain(sz/front/cut)=0/0/0
DBG t=37 used=0.02 remain=1.152 turn_time=0.0191726 end_in=0.0191726 cand_pre=31 cand_cap=20 cand=31->20 pre=31 pick(must/bucket/top/rand)=1/8/7/4 depth0=10 depth=5 dlog=4 dper=1 sims=2276 loop=2256 gen_time=0 eval_time=0.02 best_avg=0.291413 best_move=3,3 leader=1 inc2=1 attack_w=0.2 S0=49313 SA=40229 ratio=1.2258 my_comp=14 my_front=24 leader_comp=16 comp_gain(sz/front/cut)=0/0/0
DBG t=49 used=0.019 remain=0.915 turn_time=0.0189279 end_in=0.0189279 cand_pre=30 cand_cap=20 cand=30->20 pre=30 pick(must/bucket/top/rand)=1/8/7/4 depth0=10 depth=5 dlog=4 dper=1 sims=2132 loop=2112 gen_time=0 eval_time=0.019 best_avg=0.0459721 best_move=5,3 leader=1 inc2=1 attack_w=0.290188 S0=58270 SA=57782 ratio=1.00845 my_comp=14 my_front=24 leader_comp=19 comp_gain(sz/front/cut)=0/0/0
DBG t=61 used=0.019 remain=0.687 turn_time=0.0184697 end_in=0.0184697 cand_pre=31 cand_cap=20 cand=31->20 pre=31 pick(must/bucket/top/rand)=1/8/7/4 depth0=10 depth=5 dlog=4 dper=1 sims=2260 loop=2240 gen_time=0 eval_time=0.019 best_avg=0.0547454 best_move=5,4 leader=1 inc2=1 attack_w=0.209875 S0=71694 SA=68436 ratio=1.04761 my_comp=14 my_front=24 leader_comp=20 comp_gain(sz/front/cut)=0/0/0
DBG t=74 used=0.018 remain=0.443 turn_time=0.0178648 end_in=0.0178648 cand_pre=31 cand_cap=20 cand=31->20 pre=31 pick(must/bucket/top/rand)=1/8/7/4 depth0=11 depth=6 dlog=4 dper=1 sims=1820 loop=1800 gen_time=0 eval_time=0.018 best_avg=0.103028 best_move=5,2 leader=1 inc2=1 attack_w=0.2 S0=86673 SA=78963 ratio=1.09764 my_comp=14 my_front=24 leader_comp=21 comp_gain(sz/front/cut)=0/0/0
DBG t=86 used=0.017 remain=0.227 turn_time=0.0168953 end_in=0.0168953 cand_pre=32 cand_cap=20 cand=32->20 pre=32 pick(must/bucket/top/rand)=1/8/7/4 depth0=11 depth=5 dlog=4 dper=2 sims=1688 loop=1668 gen_time=0 eval_time=0.017 best_avg=0.122602 best_move=2,4 leader=1 inc2=1 attack_w=0.2 S0=100170 SA=87623 ratio=1.14319 my_comp=15 my_front=26 leader_comp=25 comp_gain(sz/front/cut)=1/2/0
DBG depth_guard t=99 remain=0.013 cand_pre=34 depth0=0 depth=0
DBG t=99 used=0.008 remain=0.013 turn_time=0.0078 end_in=0.0078 cand_pre=34 cand_cap=12 cand=34->12 pre=34 pick(must/bucket/top/rand)=1/7/2/2 depth0=0 depth=0 dlog=4 dper=4 sims=11376 loop=11364 gen_time=0 eval_time=0.008 best_avg=0.16007 best_move=6,5 leader=1 inc2=1 attack_w=0.2 S0=104750 SA=89670 ratio=1.16817 my_comp=16 my_front=28 leader_comp=28 comp_gain(sz/front/cut)=0/0/0
DBG summary depth_guard_fired=1
Score = 110416
=== CASE 0161.txt ===
DBG hdr N=10 M=4 T=100 U=4 VMAX=1629 TIME_LIMIT=1.94 MAX_CAND=20 UCB_C=0.21 OBJ=log(S0+1)-log(SA+1)
DBG t=0 used=0.024 remain=1.94 turn_time=0.0237456 end_in=0.0237456 cand_pre=4 cand_cap=20 cand=4->4 pre=4 pick(must/bucket/top/rand)=1/2/1/0 depth0=7 depth=6 dlog=1 dper=0 sims=4772 loop=4768 gen_time=0 eval_time=0.024 best_avg=-0.214917 best_move=4,5 leader=3 inc2=0 attack_w=0.13 S0=1298 SA=1159 ratio=1.11983 my_comp=1 my_front=4 leader_comp=1 comp_gain(sz/front/cut)=1/2/0
DBG t=12 used=0.023 remain=1.659 turn_time=0.0223399 end_in=0.0223399 cand_pre=10 cand_cap=20 cand=10->10 pre=10 pick(must/bucket/top/rand)=1/7/2/0 depth0=7 depth=4 dlog=3 dper=0 sims=5694 loop=5684 gen_time=0 eval_time=0.023 best_avg=-0.0118449 best_move=5,5 leader=3 inc2=1 attack_w=0.216399 S0=18641 SA=17850 ratio=1.04431 my_comp=4 my_front=10 leader_comp=4 comp_gain(sz/front/cut)=0/0/0
DBG t=24 used=0.021 remain=1.395 turn_time=0.0207965 end_in=0.0207965 cand_pre=18 cand_cap=20 cand=18->18 pre=18 pick(must/bucket/top/rand)=1/4/11/2 depth0=7 depth=3 dlog=4 dper=0 sims=5034 loop=5016 gen_time=0 eval_time=0.021 best_avg=-0.18164 best_move=3,5 leader=2 inc2=0 attack_w=0.608929 S0=26243 SA=29884 ratio=0.878166 my_comp=7 my_front=14 leader_comp=8 comp_gain(sz/front/cut)=1/2/0
DBG t=37 used=0.02 remain=1.125 turn_time=0.0196518 end_in=0.0196518 cand_pre=23 cand_cap=20 cand=23->20 pre=23 pick(must/bucket/top/rand)=1/4/11/4 depth0=10 depth=6 dlog=4 dper=0 sims=2236 loop=2216 gen_time=0 eval_time=0.02 best_avg=-0.235372 best_move=6,2 leader=2 inc2=0 attack_w=0.598143 S0=39705 SA=45016 ratio=0.882022 my_comp=11 my_front=18 leader_comp=9 comp_gain(sz/front/cut)=1/2/0
DBG t=49 used=0.02 remain=0.887 turn_time=0.019027 end_in=0.019027 cand_pre=24 cand_cap=20 cand=24->20 pre=24 pick(must/bucket/top/rand)=1/6/9/4 depth0=10 depth=6 dlog=4 dper=0 sims=2244 loop=2224 gen_time=0 eval_time=0.02 best_avg=-0.24214 best_move=8,3 leader=2 inc2=0 attack_w=0.612086 S0=43332 SA=49407 ratio=0.877044 my_comp=11 my_front=18 leader_comp=12 comp_gain(sz/front/cut)=0/0/0
DBG t=61 used=0.02 remain=0.647 turn_time=0.019551 end_in=0.019551 cand_pre=11 cand_cap=20 cand=11->11 pre=11 pick(must/bucket/top/rand)=1/8/2/0 depth0=10 depth=7 dlog=3 dper=0 sims=1971 loop=1960 gen_time=0 eval_time=0.02 best_avg=-0.0918475 best_move=6,2 leader=2 inc2=1 attack_w=0.3639 S0=43904 SA=45030 ratio=0.974995 my_comp=4 my_front=10 leader_comp=11 comp_gain(sz/front/cut)=0/0/0
DBG t=74 used=0.017 remain=0.409 turn_time=0.0162892 end_in=0.0162892 cand_pre=33 cand_cap=20 cand=33->20 pre=33 pick(must/bucket/top/rand)=1/7/8/4 depth0=11 depth=5 dlog=4 dper=2 sims=1672 loop=1652 gen_time=0 eval_time=0.017 best_avg=-0.00117487 best_move=6,2 leader=2 inc2=1 attack_w=0.22656 S0=48407 SA=46580 ratio=1.03922 my_comp=17 my_front=24 leader_comp=13 comp_gain(sz/front/cut)=0/0/0
DBG t=86 used=0.018 remain=0.197 turn_time=0.0170405 end_in=0.0170405 cand_pre=6 cand_cap=20 cand=6->6 pre=6 pick(must/bucket/top/rand)=1/5/0/0 depth0=11 depth=6 dlog=2 dper=0 sims=2046 loop=2040 gen_time=0 eval_time=0.018 best_avg=-0.139916 best_move=9,4 leader=1 inc2=1 attack_w=0.497226 S0=47624 SA=51776 ratio=0.91981 my_comp=2 my_front=4 leader_comp=21 comp_gain(sz/front/cut)=0/0/0
DBG depth_guard t=98 remain=0.017 cand_pre=16 depth0=1 depth=0
DBG depth_guard t=99 remain=0.007 cand_pre=17 depth0=0 depth=0
DBG t=99 used=0.005 remain=0.007 turn_time=0.0042 end_in=0.0042 cand_pre=17 cand_cap=12 cand=17->12 pre=17 pick(must/bucket/top/rand)=1/3/6/2 depth0=0 depth=0 dlog=3 dper=4 sims=5976 loop=5964 gen_time=0 eval_time=0.005 best_avg=-0.116605 best_move=6,8 leader=1 inc2=0 attack_w=0.573141 S0=57355 SA=64365 ratio=0.891092 my_comp=7 my_front=12 leader_comp=23 comp_gain(sz/front/cut)=1/2/0
DBG summary depth_guard_fired=2
Score = 91896
=== CASE 0162.txt ===
DBG hdr N=10 M=8 T=100 U=1 VMAX=1349 TIME_LIMIT=1.94 MAX_CAND=20 UCB_C=0.21 OBJ=log(S0+1)-log(SA+1)
DBG t=0 used=0.024 remain=1.94 turn_time=0.0236195 end_in=0.0236195 cand_pre=5 cand_cap=20 cand=5->5 pre=5 pick(must/bucket/top/rand)=1/2/2/0 depth0=7 depth=5 dlog=2 dper=0 sims=3457 loop=3452 gen_time=0 eval_time=0.024 best_avg=-0.107113 best_move=7,4 leader=5 inc2=1 attack_w=0.13 S0=1327 SA=1163 ratio=1.14089 my_comp=1 my_front=4 leader_comp=1 comp_gain(sz/front/cut)=1/2/0
DBG t=12 used=0.023 remain=1.665 turn_time=0.0229127 end_in=0.0229127 cand_pre=6 cand_cap=20 cand=6->6 pre=6 pick(must/bucket/top/rand)=1/3/2/0 depth0=7 depth=5 dlog=2 dper=0 sims=2638 loop=2632 gen_time=0 eval_time=0.023 best_avg=-0.00761417 best_move=4,5 leader=6 inc2=1 attack_w=0.2 S0=10739 SA=9761 ratio=1.10018 my_comp=2 my_front=6 leader_comp=8 comp_gain(sz/front/cut)=1/2/0
DBG t=24 used=0.021 remain=1.398 turn_time=0.0201238 end_in=0.0201238 cand_pre=24 cand_cap=20 cand=24->20 pre=24 pick(must/bucket/top/rand)=1/6/9/4 depth0=7 depth=3 dlog=4 dper=0 sims=2544 loop=2524 gen_time=0 eval_time=0.021 best_avg=0.313408 best_move=6,2 leader=2 inc2=1 attack_w=0.2 S0=14721 SA=12082 ratio=1.21841 my_comp=11 my_front=22 leader_comp=8 comp_gain(sz/front/cut)=1/0/0
DBG t=37 used=0.018 remain=1.153 turn_time=0.0170479 end_in=0.0170479 cand_pre=49 cand_cap=20 cand=49->20 pre=49 pick(must/bucket/top/rand)=1/6/9/4 depth0=10 depth=2 dlog=5 dper=3 sims=1696 loop=1676 gen_time=0 eval_time=0.018 best_avg=0.805247 best_move=7,2 leader=4 inc2=1 attack_w=0.2 S0=25422 SA=11265 ratio=2.25661 my_comp=24 my_front=38 leader_comp=11 comp_gain(sz/front/cut)=1/-2/0
DBG t=49 used=0.018 remain=0.905 turn_time=0.017683 end_in=0.017683 cand_pre=39 cand_cap=20 cand=39->20 pre=39 pick(must/bucket/top/rand)=1/4/11/4 depth0=10 depth=3 dlog=5 dper=2 sims=1592 loop=1572 gen_time=0 eval_time=0.018 best_avg=0.47882 best_move=3,3 leader=1 inc2=1 attack_w=0.2 S0=29654 SA=15444 ratio=1.92004 my_comp=21 my_front=27 leader_comp=16 comp_gain(sz/front/cut)=9/17/1
DBG t=61 used=0.017 remain=0.668 turn_time=0.0165116 end_in=0.0165116 cand_pre=44 cand_cap=20 cand=44->20 pre=44 pick(must/bucket/top/rand)=1/4/11/4 depth0=10 depth=2 dlog=5 dper=3 sims=1608 loop=1588 gen_time=0 eval_time=0.017 best_avg=0.957305 best_move=0,5 leader=1 inc2=1 attack_w=0.2 S0=32652 SA=12993 ratio=2.51293 my_comp=24 my_front=29 leader_comp=3 comp_gain(sz/front/cut)=1/1/0
DBG t=74 used=0.019 remain=0.444 turn_time=0.0187932 end_in=0.0187932 cand_pre=23 cand_cap=20 cand=23->20 pre=23 pick(must/bucket/top/rand)=1/2/13/4 depth0=11 depth=7 dlog=4 dper=0 sims=1280 loop=1260 gen_time=0 eval_time=0.019 best_avg=1.17893 best_move=0,7 leader=3 inc2=1 attack_w=0.2 S0=37227 SA=10705 ratio=3.4773 my_comp=11 my_front=20 leader_comp=1 comp_gain(sz/front/cut)=1/1/0
DBG t=86 used=0.014 remain=0.244 turn_time=0.0137424 end_in=0.0137424 cand_pre=71 cand_cap=14 cand=71->14 pre=42 pick(must/bucket/top/rand)=1/4/6/3 depth0=11 depth=1 dlog=5 dper=5 sims=838 loop=824 gen_time=0 eval_time=0.014 best_avg=1.55838 best_move=6,3 leader=1 inc2=1 attack_w=0.2 S0=45832 SA=9680 ratio=4.73432 my_comp=47 my_front=52 leader_comp=4 comp_gain(sz/front/cut)=1/2/3
DBG depth_guard t=99 remain=0.012 cand_pre=10 depth0=0 depth=0
DBG t=99 used=0.008 remain=0.012 turn_time=0.0072 end_in=0.0072 cand_pre=10 cand_cap=12 cand=10->10 pre=10 pick(must/bucket/top/rand)=1/4/5/0 depth0=0 depth=0 dlog=3 dper=1 sims=11938 loop=11928 gen_time=0 eval_time=0.008 best_avg=1.38052 best_move=6,6 leader=1 inc2=1 attack_w=0.2 S0=46643 SA=12240 ratio=3.81047 my_comp=3 my_front=8 leader_comp=4 comp_gain(sz/front/cut)=1/2/1
DBG summary depth_guard_fired=1
Score = 242102
=== CASE 0164.txt ===
DBG hdr N=10 M=3 T=100 U=1 VMAX=2075 TIME_LIMIT=1.94 MAX_CAND=20 UCB_C=0.21 OBJ=log(S0+1)-log(SA+1)
DBG t=0 used=0.024 remain=1.94 turn_time=0.0236195 end_in=0.0236195 cand_pre=5 cand_cap=20 cand=5->5 pre=5 pick(must/bucket/top/rand)=1/2/2/0 depth0=7 depth=5 dlog=2 dper=0 sims=7013 loop=7008 gen_time=0 eval_time=0.024 best_avg=-0.52081 best_move=6,4 leader=1 inc2=1 attack_w=0.514892 S0=985 SA=1079 ratio=0.912963 my_comp=1 my_front=4 leader_comp=1 comp_gain(sz/front/cut)=1/2/0
DBG t=12 used=0.023 remain=1.66 turn_time=0.0221082 end_in=0.0221082 cand_pre=12 cand_cap=20 cand=12->12 pre=12 pick(must/bucket/top/rand)=1/6/5/0 depth0=7 depth=4 dlog=3 dper=0 sims=5628 loop=5616 gen_time=0 eval_time=0.023 best_avg=-0.302653 best_move=9,4 leader=2 inc2=1 attack_w=0.375206 S0=9071 SA=9351 ratio=0.97006 my_comp=5 my_front=7 leader_comp=10 comp_gain(sz/front/cut)=0/0/0
DBG t=24 used=0.022 remain=1.392 turn_time=0.0213471 end_in=0.0213471 cand_pre=13 cand_cap=20 cand=13->13 pre=13 pick(must/bucket/top/rand)=1/5/7/0 depth0=7 depth=4 dlog=3 dper=0 sims=5861 loop=5848 gen_time=0 eval_time=0.022 best_avg=0.116046 best_move=5,3 leader=2 inc2=1 attack_w=0.2 S0=11323 SA=10565 ratio=1.07174 my_comp=4 my_front=10 leader_comp=2 comp_gain(sz/front/cut)=1/2/0
DBG t=37 used=0.019 remain=1.126 turn_time=0.018856 end_in=0.018856 cand_pre=30 cand_cap=20 cand=30->20 pre=30 pick(must/bucket/top/rand)=1/4/11/4 depth0=10 depth=5 dlog=4 dper=1 sims=2492 loop=2472 gen_time=0 eval_time=0.019 best_avg=1.00157 best_move=8,3 leader=1 inc2=1 attack_w=0.2 S0=14975 SA=7943 ratio=1.8852 my_comp=15 my_front=23 leader_comp=3 comp_gain(sz/front/cut)=1/0/0
DBG t=49 used=0.018 remain=0.905 turn_time=0.0172216 end_in=0.0172216 cand_pre=43 cand_cap=20 cand=43->20 pre=43 pick(must/bucket/top/rand)=1/4/11/4 depth0=10 depth=3 dlog=5 dper=2 sims=2128 loop=2108 gen_time=0 eval_time=0.018 best_avg=1.5868 best_move=9,7 leader=2 inc2=1 attack_w=0.2 S0=24334 SA=4946 ratio=4.91914 my_comp=24 my_front=29 leader_comp=3 comp_gain(sz/front/cut)=1/1/0
DBG t=61 used=0.017 remain=0.698 turn_time=0.0163225 end_in=0.0163225 cand_pre=52 cand_cap=20 cand=52->20 pre=52 pick(must/bucket/top/rand)=1/3/12/4 depth0=10 depth=2 dlog=5 dper=3 sims=1780 loop=1760 gen_time=0 eval_time=0.017 best_avg=1.92755 best_move=7,9 leader=1 inc2=1 attack_w=0.13 S0=31550 SA=3590 ratio=8.78613 my_comp=30 my_front=36 leader_comp=2 comp_gain(sz/front/cut)=1/1/0
DBG t=74 used=0.015 remain=0.442 turn_time=0.014841 end_in=0.014841 cand_pre=58 cand_cap=20 cand=58->20 pre=58 pick(must/bucket/top/rand)=1/4/11/4 depth0=11 depth=2 dlog=5 dper=4 sims=1228 loop=1208 gen_time=0 eval_time=0.015 best_avg=1.98547 best_move=8,8 leader=1 inc2=1 attack_w=0.2 S0=36539 SA=6498 ratio=5.6224 my_comp=35 my_front=41 leader_comp=4 comp_gain(sz/front/cut)=1/0/3
DBG t=86 used=0.023 remain=0.253 turn_time=0.0222369 end_in=0.0222369 cand_pre=3 cand_cap=20 cand=3->3 pre=3 pick(must/bucket/top/rand)=1/2/0/0 depth0=11 depth=10 dlog=1 dper=0 sims=1083 loop=1080 gen_time=0 eval_time=0.023 best_avg=1.72135 best_move=8,7 leader=1 inc2=1 attack_w=0.2 S0=40434 SA=4694 ratio=8.61235 my_comp=1 my_front=3 leader_comp=1 comp_gain(sz/front/cut)=38/38/0
DBG t=99 used=0.015 remain=0.024 turn_time=0.0144 end_in=0.0144 cand_pre=61 cand_cap=14 cand=61->14 pre=42 pick(must/bucket/top/rand)=1/3/7/3 depth0=0 depth=0 dlog=5 dper=4 sims=52222 loop=52208 gen_time=0 eval_time=0.015 best_avg=2.4248 best_move=4,7 leader=2 inc2=1 attack_w=0.13 S0=43378 SA=3592 ratio=12.0732 my_comp=41 my_front=31 leader_comp=2 comp_gain(sz/front/cut)=1/2/0
DBG summary depth_guard_fired=0
Score = 380149
=== CASE 0165.txt ===
DBG hdr N=10 M=2 T=100 U=3 VMAX=1868 TIME_LIMIT=1.94 MAX_CAND=20 UCB_C=0.21 OBJ=log(S0+1)-log(SA+1)
DBG t=0 used=0.024 remain=1.94 turn_time=0.0236195 end_in=0.0236195 cand_pre=5 cand_cap=20 cand=5->5 pre=5 pick(must/bucket/top/rand)=1/2/2/0 depth0=7 depth=5 dlog=2 dper=0 sims=8789 loop=8784 gen_time=0 eval_time=0.024 best_avg=0.232133 best_move=2,0 leader=1 inc2=1 attack_w=0.13 S0=1290 SA=997 ratio=1.29359 my_comp=1 my_front=4 leader_comp=1 comp_gain(sz/front/cut)=1/1/0
DBG t=12 used=0.022 remain=1.665 turn_time=0.0216828 end_in=0.0216828 cand_pre=16 cand_cap=20 cand=16->16 pre=16 pick(must/bucket/top/rand)=1/3/12/0 depth0=7 depth=4 dlog=3 dper=0 sims=5900 loop=5884 gen_time=0 eval_time=0.022 best_avg=0.311407 best_move=6,2 leader=1 inc2=1 attack_w=0.2 S0=18970 SA=13908 ratio=1.36394 my_comp=7 my_front=11 leader_comp=7 comp_gain(sz/front/cut)=0/0/0
DBG t=24 used=0.021 remain=1.402 turn_time=0.0204212 end_in=0.0204212 cand_pre=22 cand_cap=20 cand=22->20 pre=22 pick(must/bucket/top/rand)=1/6/9/4 depth0=7 depth=3 dlog=4 dper=0 sims=5272 loop=5252 gen_time=0 eval_time=0.021 best_avg=0.327087 best_move=6,3 leader=1 inc2=1 attack_w=0.2 S0=27020 SA=19320 ratio=1.39853 my_comp=10 my_front=17 leader_comp=6 comp_gain(sz/front/cut)=0/0/0
DBG t=37 used=0.02 remain=1.135 turn_time=0.0198265 end_in=0.0198265 cand_pre=23 cand_cap=20 cand=23->20 pre=23 pick(must/bucket/top/rand)=1/7/8/4 depth0=10 depth=6 dlog=4 dper=0 sims=3160 loop=3140 gen_time=0 eval_time=0.02 best_avg=0.246822 best_move=7,0 leader=1 inc2=1 attack_w=0.2 S0=33926 SA=25900 ratio=1.30987 my_comp=11 my_front=16 leader_comp=7 comp_gain(sz/front/cut)=0/0/0
DBG t=49 used=0.019 remain=0.9 turn_time=0.0187324 end_in=0.0187324 cand_pre=29 cand_cap=20 cand=29->20 pre=29 pick(must/bucket/top/rand)=1/6/9/4 depth0=10 depth=5 dlog=4 dper=1 sims=2864 loop=2844 gen_time=0 eval_time=0.019 best_avg=0.26235 best_move=6,3 leader=1 inc2=1 attack_w=0.2 S0=38969 SA=28828 ratio=1.35176 my_comp=15 my_front=23 leader_comp=9 comp_gain(sz/front/cut)=0/0/0
DBG t=61 used=0.019 remain=0.672 turn_time=0.0180665 end_in=0.0180665 cand_pre=31 cand_cap=20 cand=31->20 pre=31 pick(must/bucket/top/rand)=1/6/9/4 depth0=10 depth=5 dlog=4 dper=1 sims=2672 loop=2652 gen_time=0 eval_time=0.019 best_avg=0.262372 best_move=8,0 leader=1 inc2=1 attack_w=0.2 S0=42850 SA=32280 ratio=1.32744 my_comp=17 my_front=23 leader_comp=10 comp_gain(sz/front/cut)=1/1/0
DBG t=74 used=0.018 remain=0.438 turn_time=0.0170062 end_in=0.0170062 cand_pre=37 cand_cap=20 cand=37->20 pre=37 pick(must/bucket/top/rand)=1/6/9/4 depth0=11 depth=4 dlog=5 dper=2 sims=2368 loop=2348 gen_time=0 eval_time=0.018 best_avg=0.352887 best_move=5,2 leader=1 inc2=1 attack_w=0.2 S0=50355 SA=34323 ratio=1.46708 my_comp=21 my_front=24 leader_comp=13 comp_gain(sz/front/cut)=0/0/0
DBG t=86 used=0.017 remain=0.233 turn_time=0.0165846 end_in=0.0165846 cand_pre=39 cand_cap=20 cand=39->20 pre=39 pick(must/bucket/top/rand)=1/7/8/4 depth0=11 depth=4 dlog=5 dper=2 sims=2180 loop=2160 gen_time=0 eval_time=0.017 best_avg=0.385251 best_move=6,3 leader=1 inc2=1 attack_w=0.2 S0=55705 SA=36955 ratio=1.50736 my_comp=22 my_front=26 leader_comp=13 comp_gain(sz/front/cut)=0/0/0
DBG depth_guard t=99 remain=0.016 cand_pre=40 depth0=0 depth=0
DBG t=99 used=0.01 remain=0.016 turn_time=0.0096 end_in=0.0096 cand_pre=40 cand_cap=14 cand=40->14 pre=40 pick(must/bucket/top/rand)=1/6/4/3 depth0=0 depth=0 dlog=5 dper=4 sims=27858 loop=27844 gen_time=0 eval_time=0.01 best_avg=0.459121 best_move=6,2 leader=1 inc2=1 attack_w=0.2 S0=58199 SA=37276 ratio=1.56128 my_comp=23 my_front=24 leader_comp=14 comp_gain(sz/front/cut)=0/0/0
DBG summary depth_guard_fired=1
Score = 135688
=== CASE 0163.txt ===
DBG hdr N=10 M=3 T=100 U=5 VMAX=2231 TIME_LIMIT=1.94 MAX_CAND=20 UCB_C=0.21 OBJ=log(S0+1)-log(SA+1)
DBG t=0 used=0.024 remain=1.94 turn_time=0.0236195 end_in=0.0236195 cand_pre=5 cand_cap=20 cand=5->5 pre=5 pick(must/bucket/top/rand)=1/2/2/0 depth0=7 depth=5 dlog=2 dper=0 sims=6609 loop=6604 gen_time=0 eval_time=0.024 best_avg=-0.771924 best_move=7,8 leader=2 inc2=1 attack_w=0.85 S0=723 SA=1234 ratio=0.586235 my_comp=1 my_front=4 leader_comp=1 comp_gain(sz/front/cut)=1/2/0
DBG t=12 used=0.024 remain=1.671 turn_time=0.0231187 end_in=0.0231187 cand_pre=5 cand_cap=20 cand=5->5 pre=5 pick(must/bucket/top/rand)=1/4/0/0 depth0=7 depth=5 dlog=2 dper=0 sims=6577 loop=6572 gen_time=0 eval_time=0.024 best_avg=-0.311377 best_move=0,4 leader=2 inc2=1 attack_w=0.85 S0=12664 SA=18947 ratio=0.668408 my_comp=2 my_front=5 leader_comp=3 comp_gain(sz/front/cut)=0/0/0
DBG t=24 used=0.022 remain=1.391 turn_time=0.0219266 end_in=0.0219266 cand_pre=8 cand_cap=20 cand=8->8 pre=8 pick(must/bucket/top/rand)=1/6/1/0 depth0=7 depth=5 dlog=2 dper=0 sims=4792 loop=4784 gen_time=0 eval_time=0.022 best_avg=-0.164692 best_move=2,4 leader=2 inc2=1 attack_w=0.710963 S0=27492 SA=32601 ratio=0.843292 my_comp=3 my_front=7 leader_comp=5 comp_gain(sz/front/cut)=1/2/0
DBG t=37 used=0.021 remain=1.106 turn_time=0.0208033 end_in=0.0208033 cand_pre=10 cand_cap=20 cand=10->10 pre=10 pick(must/bucket/top/rand)=1/7/2/0 depth0=10 depth=7 dlog=3 dper=0 sims=3174 loop=3164 gen_time=0 eval_time=0.021 best_avg=0.0188684 best_move=1,3 leader=2 inc2=1 attack_w=0.206964 S0=36805 SA=35083 ratio=1.04908 my_comp=4 my_front=9 leader_comp=6 comp_gain(sz/front/cut)=0/0/0
DBG t=49 used=0.02 remain=0.857 turn_time=0.0198034 end_in=0.0198034 cand_pre=11 cand_cap=20 cand=11->11 pre=11 pick(must/bucket/top/rand)=1/6/4/0 depth0=10 depth=7 dlog=3 dper=0 sims=2831 loop=2820 gen_time=0 eval_time=0.02 best_avg=6.74033e-05 best_move=1,3 leader=2 inc2=1 attack_w=0.2 S0=40418 SA=37438 ratio=1.0796 my_comp=5 my_front=11 leader_comp=7 comp_gain(sz/front/cut)=0/0/0
DBG t=61 used=0.019 remain=0.62 turn_time=0.0187351 end_in=0.0187351 cand_pre=11 cand_cap=20 cand=11->11 pre=11 pick(must/bucket/top/rand)=1/6/4/0 depth0=10 depth=7 dlog=3 dper=0 sims=2567 loop=2556 gen_time=0 eval_time=0.019 best_avg=0.0321177 best_move=0,4 leader=2 inc2=1 attack_w=0.2 S0=42936 SA=38526 ratio=1.11447 my_comp=6 my_front=10 leader_comp=7 comp_gain(sz/front/cut)=0/0/0
DBG t=74 used=0.018 remain=0.384 turn_time=0.0174055 end_in=0.0174055 cand_pre=11 cand_cap=20 cand=11->11 pre=11 pick(must/bucket/top/rand)=1/6/4/0 depth0=11 depth=8 dlog=3 dper=0 sims=2311 loop=2300 gen_time=0 eval_time=0.018 best_avg=-0.0260423 best_move=4,4 leader=2 inc2=1 attack_w=0.2 S0=48575 SA=39614 ratio=1.2262 my_comp=4 my_front=10 leader_comp=7 comp_gain(sz/front/cut)=0/0/0
DBG t=86 used=0.015 remain=0.188 turn_time=0.0149527 end_in=0.0149527 cand_pre=21 cand_cap=20 cand=21->20 pre=21 pick(must/bucket/top/rand)=1/8/7/4 depth0=11 depth=6 dlog=4 dper=1 sims=1912 loop=1892 gen_time=0 eval_time=0.015 best_avg=0.196686 best_move=2,2 leader=2 inc2=1 attack_w=0.2 S0=51053 SA=41870 ratio=1.21932 my_comp=10 my_front=17 leader_comp=9 comp_gain(sz/front/cut)=1/2/1
DBG depth_guard t=98 remain=0.018 cand_pre=20 depth0=1 depth=0
DBG depth_guard t=99 remain=0.007 cand_pre=20 depth0=0 depth=0
DBG t=99 used=0.005 remain=0.007 turn_time=0.0042 end_in=0.0042 cand_pre=20 cand_cap=12 cand=20->12 pre=20 pick(must/bucket/top/rand)=1/8/1/2 depth0=0 depth=0 dlog=4 dper=5 sims=11840 loop=11828 gen_time=0 eval_time=0.005 best_avg=0.191105 best_move=2,2 leader=2 inc2=1 attack_w=0.2 S0=53888 SA=44153 ratio=1.22048 my_comp=10 my_front=17 leader_comp=1 comp_gain(sz/front/cut)=0/0/0
DBG summary depth_guard_fired=2
Score = 114233
=== CASE 0166.txt ===
DBG hdr N=10 M=8 T=100 U=4 VMAX=1506 TIME_LIMIT=1.94 MAX_CAND=20 UCB_C=0.21 OBJ=log(S0+1)-log(SA+1)
DBG t=0 used=0.024 remain=1.94 turn_time=0.0236195 end_in=0.0236195 cand_pre=5 cand_cap=20 cand=5->5 pre=5 pick(must/bucket/top/rand)=1/2/2/0 depth0=7 depth=5 dlog=2 dper=0 sims=4249 loop=4244 gen_time=0 eval_time=0.024 best_avg=-0.186506 best_move=2,7 leader=7 inc2=1 attack_w=0.659104 S0=907 SA=1054 ratio=0.860664 my_comp=1 my_front=4 leader_comp=1 comp_gain(sz/front/cut)=0/0/0
DBG t=12 used=0.022 remain=1.666 turn_time=0.0212036 end_in=0.0212036 cand_pre=20 cand_cap=20 cand=20->20 pre=20 pick(must/bucket/top/rand)=1/5/10/4 depth0=7 depth=3 dlog=4 dper=0 sims=2700 loop=2680 gen_time=0 eval_time=0.022 best_avg=-0.073943 best_move=6,8 leader=5 inc2=1 attack_w=0.66578 S0=11037 SA=12858 ratio=0.858387 my_comp=8 my_front=16 leader_comp=8 comp_gain(sz/front/cut)=0/0/0
DBG t=24 used=0.021 remain=1.408 turn_time=0.0207495 end_in=0.0207495 cand_pre=20 cand_cap=20 cand=20->20 pre=20 pick(must/bucket/top/rand)=1/8/7/4 depth0=7 depth=3 dlog=4 dper=0 sims=2804 loop=2784 gen_time=0 eval_time=0.021 best_avg=-0.0300549 best_move=5,7 leader=3 inc2=1 attack_w=0.316071 S0=22961 SA=23043 ratio=0.996442 my_comp=8 my_front=16 leader_comp=17 comp_gain(sz/front/cut)=0/0/0
DBG t=37 used=0.02 remain=1.136 turn_time=0.0199611 end_in=0.0199611 cand_pre=22 cand_cap=20 cand=22->20 pre=22 pick(must/bucket/top/rand)=1/4/11/4 depth0=10 depth=6 dlog=4 dper=0 sims=1460 loop=1440 gen_time=0 eval_time=0.02 best_avg=-0.090452 best_move=7,8 leader=3 inc2=1 attack_w=0.255514 S0=34046 SA=33216 ratio=1.02499 my_comp=10 my_front=15 leader_comp=16 comp_gain(sz/front/cut)=1/2/0
DBG t=49 used=0.02 remain=0.895 turn_time=0.0194268 end_in=0.0194268 cand_pre=22 cand_cap=20 cand=22->20 pre=22 pick(must/bucket/top/rand)=1/4/11/4 depth0=10 depth=6 dlog=4 dper=0 sims=1388 loop=1368 gen_time=0 eval_time=0.02 best_avg=-0.0760229 best_move=6,7 leader=3 inc2=1 attack_w=0.375132 S0=43009 SA=44335 ratio=0.970092 my_comp=13 my_front=15 leader_comp=17 comp_gain(sz/front/cut)=0/0/0
DBG t=61 used=0.019 remain=0.664 turn_time=0.0185154 end_in=0.0185154 cand_pre=25 cand_cap=20 cand=25->20 pre=25 pick(must/bucket/top/rand)=1/5/10/4 depth0=10 depth=5 dlog=4 dper=1 sims=1496 loop=1476 gen_time=0 eval_time=0.019 best_avg=0.0584192 best_move=5,9 leader=3 inc2=1 attack_w=0.2 S0=48834 SA=46196 ratio=1.0571 my_comp=15 my_front=16 leader_comp=17 comp_gain(sz/front/cut)=0/0/0
DBG t=74 used=0.018 remain=0.424 turn_time=0.0175226 end_in=0.0175226 cand_pre=27 cand_cap=20 cand=27->20 pre=27 pick(must/bucket/top/rand)=1/4/11/4 depth0=11 depth=6 dlog=4 dper=1 sims=1204 loop=1184 gen_time=0 eval_time=0.018 best_avg=0.119503 best_move=7,9 leader=1 inc2=1 attack_w=0.2 S0=58007 SA=48755 ratio=1.18976 my_comp=16 my_front=16 leader_comp=13 comp_gain(sz/front/cut)=0/0/0
DBG t=86 used=0.017 remain=0.214 turn_time=0.0162258 end_in=0.0162258 cand_pre=29 cand_cap=20 cand=29->20 pre=29 pick(must/bucket/top/rand)=1/5/10/4 depth0=11 depth=6 dlog=4 dper=1 sims=1152 loop=1132 gen_time=0 eval_time=0.017 best_avg=0.233128 best_move=2,8 leader=1 inc2=1 attack_w=0.2 S0=65142 SA=52928 ratio=1.23076 my_comp=18 my_front=13 leader_comp=14 comp_gain(sz/front/cut)=0/0/0
DBG depth_guard t=99 remain=0.012 cand_pre=37 depth0=0 depth=0
DBG t=99 used=0.008 remain=0.012 turn_time=0.0072 end_in=0.0072 cand_pre=37 cand_cap=12 cand=37->12 pre=36 pick(must/bucket/top/rand)=1/6/3/2 depth0=0 depth=0 dlog=5 dper=5 sims=7640 loop=7628 gen_time=0 eval_time=0.008 best_avg=0.371038 best_move=6,7 leader=1 inc2=1 attack_w=0.2 S0=75562 SA=52928 ratio=1.42763 my_comp=22 my_front=20 leader_comp=14 comp_gain(sz/front/cut)=0/0/0
DBG summary depth_guard_fired=1
Score = 129279
=== CASE 0167.txt ===
DBG hdr N=10 M=8 T=100 U=2 VMAX=1766 TIME_LIMIT=1.94 MAX_CAND=20 UCB_C=0.21 OBJ=log(S0+1)-log(SA+1)
DBG t=0 used=0.024 remain=1.94 turn_time=0.0237456 end_in=0.0237456 cand_pre=4 cand_cap=20 cand=4->4 pre=4 pick(must/bucket/top/rand)=1/2/1/0 depth0=7 depth=6 dlog=1 dper=0 sims=3124 loop=3120 gen_time=0 eval_time=0.024 best_avg=-0.537775 best_move=0,6 leader=2 inc2=1 attack_w=0.13 S0=1176 SA=1023 ratio=1.14941 my_comp=1 my_front=3 leader_comp=1 comp_gain(sz/front/cut)=1/1/0
DBG t=12 used=0.022 remain=1.663 turn_time=0.0216568 end_in=0.0216568 cand_pre=16 cand_cap=20 cand=16->16 pre=16 pick(must/bucket/top/rand)=1/4/11/0 depth0=7 depth=4 dlog=3 dper=0 sims=2848 loop=2832 gen_time=0 eval_time=0.022 best_avg=-0.522576 best_move=0,0 leader=2 inc2=1 attack_w=0.85 S0=10931 SA=18598 ratio=0.587774 my_comp=9 my_front=11 leader_comp=7 comp_gain(sz/front/cut)=0/0/0
DBG t=24 used=0.022 remain=1.396 turn_time=0.021289 end_in=0.021289 cand_pre=14 cand_cap=20 cand=14->14 pre=14 pick(must/bucket/top/rand)=1/3/10/0 depth0=7 depth=4 dlog=3 dper=0 sims=2374 loop=2360 gen_time=0 eval_time=0.022 best_avg=-0.635795 best_move=0,3 leader=2 inc2=1 attack_w=0.85 S0=15025 SA=28819 ratio=0.521374 my_comp=8 my_front=10 leader_comp=12 comp_gain(sz/front/cut)=0/0/0
DBG t=37 used=0.02 remain=1.118 turn_time=0.0198756 end_in=0.0198756 cand_pre=20 cand_cap=20 cand=20->20 pre=20 pick(must/bucket/top/rand)=1/4/11/4 depth0=10 depth=6 dlog=4 dper=0 sims=1448 loop=1428 gen_time=0 eval_time=0.02 best_avg=-0.287756 best_move=4,4 leader=5 inc2=1 attack_w=0.85 S0=19158 SA=27889 ratio=0.686949 my_comp=11 my_front=13 leader_comp=13 comp_gain(sz/front/cut)=1/2/0
DBG t=49 used=0.021 remain=0.882 turn_time=0.0203811 end_in=0.0203811 cand_pre=11 cand_cap=20 cand=11->11 pre=11 pick(must/bucket/top/rand)=1/5/5/0 depth0=10 depth=7 dlog=3 dper=0 sims=1267 loop=1256 gen_time=0 eval_time=0.021 best_avg=-0.264838 best_move=8,5 leader=2 inc2=1 attack_w=0.85 S0=22528 SA=28960 ratio=0.777908 my_comp=4 my_front=10 leader_comp=12 comp_gain(sz/front/cut)=1/2/0
DBG t=61 used=0.019 remain=0.637 turn_time=0.0189303 end_in=0.0189303 cand_pre=14 cand_cap=20 cand=14->14 pre=14 pick(must/bucket/top/rand)=1/4/9/0 depth0=10 depth=7 dlog=3 dper=0 sims=1134 loop=1120 gen_time=0 eval_time=0.019 best_avg=0.0505243 best_move=8,7 leader=5 inc2=1 attack_w=0.416031 S0=29975 SA=31465 ratio=0.952647 my_comp=7 my_front=10 leader_comp=16 comp_gain(sz/front/cut)=1/0/0
DBG t=74 used=0.017 remain=0.397 turn_time=0.016903 end_in=0.016903 cand_pre=22 cand_cap=20 cand=22->20 pre=22 pick(must/bucket/top/rand)=1/7/8/4 depth0=11 depth=7 dlog=4 dper=0 sims=1060 loop=1040 gen_time=0 eval_time=0.017 best_avg=0.144191 best_move=8,8 leader=5 inc2=1 attack_w=0.2 S0=35988 SA=33665 ratio=1.069 my_comp=13 my_front=14 leader_comp=18 comp_gain(sz/front/cut)=0/0/0
DBG t=86 used=0.015 remain=0.199 turn_time=0.0149037 end_in=0.0149037 cand_pre=31 cand_cap=20 cand=31->20 pre=31 pick(must/bucket/top/rand)=1/6/9/4 depth0=11 depth=5 dlog=4 dper=2 sims=1064 loop=1044 gen_time=0 eval_time=0.015 best_avg=0.395743 best_move=9,2 leader=5 inc2=1 attack_w=0.2 S0=41518 SA=31217 ratio=1.32997 my_comp=19 my_front=18 leader_comp=15 comp_gain(sz/front/cut)=0/0/0
DBG depth_guard t=99 remain=0.012 cand_pre=34 depth0=0 depth=0
DBG t=99 used=0.008 remain=0.012 turn_time=0.0072 end_in=0.0072 cand_pre=34 cand_cap=12 cand=34->12 pre=34 pick(must/bucket/top/rand)=1/7/2/2 depth0=0 depth=0 dlog=4 dper=5 sims=7736 loop=7724 gen_time=0 eval_time=0.008 best_avg=0.685854 best_move=5,6 leader=2 inc2=1 attack_w=0.2 S0=48593 SA=23926 ratio=2.03093 my_comp=22 my_front=22 leader_comp=11 comp_gain(sz/front/cut)=2/4/1
DBG summary depth_guard_fired=1
Score = 157123
=== CASE 0171.txt ===
DBG hdr N=10 M=2 T=100 U=2 VMAX=1330 TIME_LIMIT=1.94 MAX_CAND=20 UCB_C=0.21 OBJ=log(S0+1)-log(SA+1)
DBG t=0 used=0.024 remain=1.94 turn_time=0.0237456 end_in=0.0237456 cand_pre=4 cand_cap=20 cand=4->4 pre=4 pick(must/bucket/top/rand)=1/2/1/0 depth0=7 depth=6 dlog=1 dper=0 sims=8024 loop=8020 gen_time=0 eval_time=0.024 best_avg=-0.0939833 best_move=0,6 leader=1 inc2=1 attack_w=0.13 S0=1257 SA=1009 ratio=1.24554 my_comp=1 my_front=3 leader_comp=1 comp_gain(sz/front/cut)=0/0/0
DBG t=12 used=0.022 remain=1.663 turn_time=0.0211655 end_in=0.0211655 cand_pre=20 cand_cap=20 cand=20->20 pre=20 pick(must/bucket/top/rand)=1/7/8/4 depth0=7 depth=3 dlog=4 dper=0 sims=6348 loop=6328 gen_time=0 eval_time=0.022 best_avg=0.695013 best_move=2,4 leader=1 inc2=1 attack_w=0.2 S0=11472 SA=5887 ratio=1.94854 my_comp=9 my_front=14 leader_comp=2 comp_gain(sz/front/cut)=0/0/0
DBG t=24 used=0.02 remain=1.414 turn_time=0.0196286 end_in=0.0196286 cand_pre=30 cand_cap=20 cand=30->20 pre=30 pick(must/bucket/top/rand)=1/8/7/4 depth0=7 depth=2 dlog=4 dper=1 sims=4112 loop=4092 gen_time=0 eval_time=0.02 best_avg=0.980229 best_move=4,1 leader=1 inc2=1 attack_w=0.2 S0=19293 SA=6571 ratio=2.93579 my_comp=16 my_front=22 leader_comp=5 comp_gain(sz/front/cut)=1/2/2
DBG t=37 used=0.019 remain=1.161 turn_time=0.0181245 end_in=0.0181245 cand_pre=41 cand_cap=20 cand=41->20 pre=41 pick(must/bucket/top/rand)=1/7/8/4 depth0=10 depth=3 dlog=5 dper=2 sims=2376 loop=2356 gen_time=0 eval_time=0.019 best_avg=1.11375 best_move=6,2 leader=1 inc2=1 attack_w=0.2 S0=28629 SA=8907 ratio=3.21396 my_comp=24 my_front=28 leader_comp=5 comp_gain(sz/front/cut)=1/0/0
DBG t=49 used=0.017 remain=0.948 turn_time=0.0163484 end_in=0.0163484 cand_pre=57 cand_cap=20 cand=57->20 pre=57 pick(must/bucket/top/rand)=1/7/8/4 depth0=10 depth=1 dlog=5 dper=4 sims=1768 loop=1748 gen_time=0 eval_time=0.017 best_avg=1.18158 best_move=5,5 leader=1 inc2=1 attack_w=0.2 S0=39633 SA=12414 ratio=3.19243 my_comp=33 my_front=40 leader_comp=3 comp_gain(sz/front/cut)=1/2/1
DBG t=61 used=0.017 remain=0.744 turn_time=0.0162822 end_in=0.0162822 cand_pre=61 cand_cap=14 cand=61->14 pre=42 pick(must/bucket/top/rand)=1/8/2/3 depth0=10 depth=1 dlog=5 dper=4 sims=1546 loop=1532 gen_time=0 eval_time=0.017 best_avg=1.29431 best_move=4,6 leader=1 inc2=1 attack_w=0.2 S0=43807 SA=12616 ratio=3.47214 my_comp=37 my_front=43 leader_comp=3 comp_gain(sz/front/cut)=0/0/0
DBG t=74 used=0.016 remain=0.527 turn_time=0.0158505 end_in=0.0158505 cand_pre=72 cand_cap=14 cand=72->14 pre=42 pick(must/bucket/top/rand)=1/8/2/3 depth0=11 depth=2 dlog=5 dper=4 sims=970 loop=956 gen_time=0 eval_time=0.016 best_avg=1.47788 best_move=1,7 leader=1 inc2=1 attack_w=0.2 S0=53700 SA=12510 ratio=4.2923 my_comp=46 my_front=46 leader_comp=5 comp_gain(sz/front/cut)=1/2/0
DBG t=86 used=0.018 remain=0.327 turn_time=0.0172025 end_in=0.0172025 cand_pre=79 cand_cap=14 cand=79->14 pre=42 pick(must/bucket/top/rand)=1/7/3/3 depth0=11 depth=0 dlog=6 dper=5 sims=60086 loop=60072 gen_time=0 eval_time=0.018 best_avg=1.55898 best_move=7,8 leader=1 inc2=1 attack_w=0.2 S0=62930 SA=13094 ratio=4.80573 my_comp=53 my_front=54 leader_comp=7 comp_gain(sz/front/cut)=1/2/6
DBG t=99 used=0.034 remain=0.055 turn_time=0.033 end_in=0.033 cand_pre=91 cand_cap=12 cand=91->12 pre=36 pick(must/bucket/top/rand)=1/6/3/2 depth0=0 depth=0 dlog=6 dper=3 sims=109900 loop=109888 gen_time=0 eval_time=0.034 best_avg=1.43785 best_move=9,6 leader=1 inc2=1 attack_w=0.2 S0=72750 SA=17584 ratio=4.13711 my_comp=61 my_front=61 leader_comp=4 comp_gain(sz/front/cut)=0/0/0
DBG summary depth_guard_fired=0
Score = 239298
=== CASE 0170.txt ===
DBG hdr N=10 M=5 T=100 U=2 VMAX=1568 TIME_LIMIT=1.94 MAX_CAND=20 UCB_C=0.21 OBJ=log(S0+1)-log(SA+1)
DBG t=0 used=0.024 remain=1.94 turn_time=0.0236195 end_in=0.0236195 cand_pre=5 cand_cap=20 cand=5->5 pre=5 pick(must/bucket/top/rand)=1/2/2/0 depth0=7 depth=5 dlog=2 dper=0 sims=5273 loop=5268 gen_time=0 eval_time=0.024 best_avg=-0.233654 best_move=2,9 leader=3 inc2=1 attack_w=0.85 S0=820 SA=1267 ratio=0.647476 my_comp=1 my_front=4 leader_comp=1 comp_gain(sz/front/cut)=1/1/0
DBG t=12 used=0.022 remain=1.665 turn_time=0.0216828 end_in=0.0216828 cand_pre=16 cand_cap=20 cand=16->16 pre=16 pick(must/bucket/top/rand)=1/2/13/0 depth0=7 depth=4 dlog=3 dper=0 sims=3384 loop=3368 gen_time=0 eval_time=0.022 best_avg=0.0221285 best_move=3,7 leader=2 inc2=1 attack_w=0.204271 S0=14761 SA=14052 ratio=1.05045 my_comp=7 my_front=11 leader_comp=6 comp_gain(sz/front/cut)=1/2/0
DBG t=24 used=0.02 remain=1.415 turn_time=0.0195214 end_in=0.0195214 cand_pre=31 cand_cap=20 cand=31->20 pre=31 pick(must/bucket/top/rand)=1/4/11/4 depth0=7 depth=2 dlog=4 dper=1 sims=3248 loop=3228 gen_time=0 eval_time=0.02 best_avg=0.021032 best_move=5,5 leader=4 inc2=0 attack_w=0.241105 S0=26942 SA=26106 ratio=1.03202 my_comp=14 my_front=25 leader_comp=11 comp_gain(sz/front/cut)=1/2/0
DBG t=37 used=0.019 remain=1.159 turn_time=0.0185716 end_in=0.0185716 cand_pre=37 cand_cap=20 cand=37->20 pre=37 pick(must/bucket/top/rand)=1/4/11/4 depth0=10 depth=3 dlog=5 dper=2 sims=2300 loop=2280 gen_time=0 eval_time=0.019 best_avg=-0.299031 best_move=6,6 leader=4 inc2=0 attack_w=0.85 S0=28119 SA=36930 ratio=0.76142 my_comp=18 my_front=31 leader_comp=15 comp_gain(sz/front/cut)=0/0/0
DBG t=49 used=0.019 remain=0.928 turn_time=0.0180141 end_in=0.0180141 cand_pre=40 cand_cap=20 cand=40->20 pre=40 pick(must/bucket/top/rand)=1/6/9/4 depth0=10 depth=3 dlog=5 dper=2 sims=2156 loop=2136 gen_time=0 eval_time=0.019 best_avg=-0.201685 best_move=1,5 leader=4 inc2=0 attack_w=0.811228 S0=33109 SA=40794 ratio=0.811619 my_comp=19 my_front=33 leader_comp=18 comp_gain(sz/front/cut)=0/0/0
DBG t=61 used=0.018 remain=0.711 turn_time=0.017693 end_in=0.017693 cand_pre=43 cand_cap=20 cand=43->20 pre=43 pick(must/bucket/top/rand)=1/6/9/4 depth0=10 depth=3 dlog=5 dper=2 sims=1832 loop=1812 gen_time=0 eval_time=0.018 best_avg=-0.129577 best_move=8,6 leader=4 inc2=0 attack_w=0.629291 S0=37654 SA=43232 ratio=0.870978 my_comp=20 my_front=33 leader_comp=18 comp_gain(sz/front/cut)=0/0/0
DBG t=74 used=0.018 remain=0.478 turn_time=0.0170058 end_in=0.0170058 cand_pre=50 cand_cap=20 cand=50->20 pre=50 pick(must/bucket/top/rand)=1/6/9/4 depth0=11 depth=3 dlog=5 dper=3 sims=1608 loop=1588 gen_time=0 eval_time=0.018 best_avg=-0.00991621 best_move=8,5 leader=4 inc2=0 attack_w=0.364881 S0=46859 SA=48082 ratio=0.974565 my_comp=24 my_front=38 leader_comp=18 comp_gain(sz/front/cut)=0/0/0
DBG t=86 used=0.016 remain=0.247 turn_time=0.0158609 end_in=0.0158609 cand_pre=54 cand_cap=20 cand=54->20 pre=54 pick(must/bucket/top/rand)=1/6/9/4 depth0=11 depth=2 dlog=5 dper=4 sims=1492 loop=1472 gen_time=0 eval_time=0.016 best_avg=0.0732471 best_move=0,9 leader=4 inc2=0 attack_w=0.285179 S0=45382 SA=44897 ratio=1.0108 my_comp=27 my_front=41 leader_comp=20 comp_gain(sz/front/cut)=0/0/0
DBG t=99 used=0.014 remain=0.023 turn_time=0.0138 end_in=0.0138 cand_pre=55 cand_cap=16 cand=55->16 pre=48 pick(must/bucket/top/rand)=1/6/5/4 depth0=0 depth=0 dlog=5 dper=4 sims=16792 loop=16776 gen_time=0 eval_time=0.014 best_avg=0.28832 best_move=9,4 leader=4 inc2=0 attack_w=0.2 S0=46740 SA=35722 ratio=1.30843 my_comp=29 my_front=43 leader_comp=16 comp_gain(sz/front/cut)=0/0/0
DBG summary depth_guard_fired=0
Score = 117175
=== CASE 0169.txt ===
DBG hdr N=10 M=6 T=100 U=1 VMAX=2754 TIME_LIMIT=1.94 MAX_CAND=20 UCB_C=0.21 OBJ=log(S0+1)-log(SA+1)
DBG t=0 used=0.024 remain=1.94 turn_time=0.0237456 end_in=0.0237456 cand_pre=4 cand_cap=20 cand=4->4 pre=4 pick(must/bucket/top/rand)=1/2/1/0 depth0=7 depth=6 dlog=1 dper=0 sims=3568 loop=3564 gen_time=0 eval_time=0.024 best_avg=0.203801 best_move=3,0 leader=3 inc2=1 attack_w=0.85 S0=1022 SA=1407 ratio=0.726562 my_comp=1 my_front=3 leader_comp=1 comp_gain(sz/front/cut)=1/1/0
DBG t=12 used=0.022 remain=1.665 turn_time=0.0211909 end_in=0.0211909 cand_pre=20 cand_cap=20 cand=20->20 pre=20 pick(must/bucket/top/rand)=1/6/9/4 depth0=7 depth=3 dlog=4 dper=0 sims=3152 loop=3132 gen_time=0 eval_time=0.022 best_avg=0.541874 best_move=7,1 leader=4 inc2=1 attack_w=0.2 S0=23341 SA=13415 ratio=1.73986 my_comp=12 my_front=11 leader_comp=12 comp_gain(sz/front/cut)=1/2/0
DBG t=24 used=0.021 remain=1.41 turn_time=0.0204172 end_in=0.0204172 cand_pre=23 cand_cap=20 cand=23->20 pre=23 pick(must/bucket/top/rand)=1/4/11/4 depth0=7 depth=3 dlog=4 dper=0 sims=2500 loop=2480 gen_time=0 eval_time=0.021 best_avg=0.156643 best_move=9,0 leader=4 inc2=1 attack_w=0.2 S0=24158 SA=21184 ratio=1.14038 my_comp=14 my_front=14 leader_comp=20 comp_gain(sz/front/cut)=1/0/0
DBG t=37 used=0.022 remain=1.148 turn_time=0.0210011 end_in=0.0210011 cand_pre=15 cand_cap=20 cand=15->15 pre=15 pick(must/bucket/top/rand)=1/6/8/0 depth0=10 depth=7 dlog=3 dper=0 sims=1839 loop=1824 gen_time=0 eval_time=0.022 best_avg=0.549938 best_move=7,3 leader=2 inc2=1 attack_w=0.2 S0=35274 SA=18565 ratio=1.89998 my_comp=8 my_front=10 leader_comp=4 comp_gain(sz/front/cut)=1/2/0
DBG t=49 used=0.021 remain=0.895 turn_time=0.0205675 end_in=0.0205675 cand_pre=12 cand_cap=20 cand=12->12 pre=12 pick(must/bucket/top/rand)=1/5/6/0 depth0=10 depth=7 dlog=3 dper=0 sims=1712 loop=1700 gen_time=0 eval_time=0.021 best_avg=0.712001 best_move=7,7 leader=4 inc2=1 attack_w=0.2 S0=41347 SA=16998 ratio=2.43238 my_comp=4 my_front=9 leader_comp=14 comp_gain(sz/front/cut)=12/16/0
DBG t=61 used=0.016 remain=0.675 turn_time=0.0158971 end_in=0.0158971 cand_pre=51 cand_cap=20 cand=51->20 pre=51 pick(must/bucket/top/rand)=1/6/9/4 depth0=10 depth=2 dlog=5 dper=3 sims=1492 loop=1472 gen_time=0 eval_time=0.016 best_avg=0.803056 best_move=5,0 leader=5 inc2=1 attack_w=0.2 S0=32614 SA=17567 ratio=1.8565 my_comp=23 my_front=40 leader_comp=1 comp_gain(sz/front/cut)=1/1/0
DBG t=74 used=0.016 remain=0.465 turn_time=0.015497 end_in=0.015497 cand_pre=59 cand_cap=20 cand=59->20 pre=59 pick(must/bucket/top/rand)=1/6/9/4 depth0=11 depth=2 dlog=5 dper=4 sims=1280 loop=1260 gen_time=0 eval_time=0.016 best_avg=0.718275 best_move=9,4 leader=5 inc2=1 attack_w=0.2 S0=35927 SA=13655 ratio=2.63093 my_comp=31 my_front=49 leader_comp=3 comp_gain(sz/front/cut)=1/-1/0
DBG t=86 used=0.017 remain=0.258 turn_time=0.0165673 end_in=0.0165673 cand_pre=54 cand_cap=20 cand=54->20 pre=54 pick(must/bucket/top/rand)=1/6/9/4 depth0=11 depth=3 dlog=5 dper=3 sims=1212 loop=1192 gen_time=0 eval_time=0.017 best_avg=0.588371 best_move=4,2 leader=1 inc2=1 attack_w=0.2 S0=33150 SA=17353 ratio=1.91028 my_comp=28 my_front=49 leader_comp=3 comp_gain(sz/front/cut)=1/0/2
DBG depth_guard t=99 remain=0.019 cand_pre=3 depth0=0 depth=0
DBG t=99 used=0.012 remain=0.019 turn_time=0.0114 end_in=0.0114 cand_pre=3 cand_cap=16 cand=3->3 pre=3 pick(must/bucket/top/rand)=1/2/0/0 depth0=0 depth=0 dlog=1 dper=0 sims=24135 loop=24132 gen_time=0 eval_time=0.012 best_avg=0.793788 best_move=6,0 leader=1 inc2=1 attack_w=0.2 S0=34136 SA=15108 ratio=2.25938 my_comp=1 my_front=4 leader_comp=5 comp_gain(sz/front/cut)=1/1/0
DBG summary depth_guard_fired=1
Score = 168644
=== CASE 0168.txt ===
DBG hdr N=10 M=5 T=100 U=4 VMAX=1457 TIME_LIMIT=1.94 MAX_CAND=20 UCB_C=0.21 OBJ=log(S0+1)-log(SA+1)
DBG t=0 used=0.024 remain=1.94 turn_time=0.0236195 end_in=0.0236195 cand_pre=5 cand_cap=20 cand=5->5 pre=5 pick(must/bucket/top/rand)=1/2/2/0 depth0=7 depth=5 dlog=2 dper=0 sims=5425 loop=5420 gen_time=0 eval_time=0.024 best_avg=-0.397062 best_move=6,8 leader=3 inc2=1 attack_w=0.85 S0=803 SA=1191 ratio=0.674497 my_comp=1 my_front=4 leader_comp=1 comp_gain(sz/front/cut)=1/2/0
DBG t=12 used=0.023 remain=1.669 turn_time=0.0224746 end_in=0.0224746 cand_pre=10 cand_cap=20 cand=10->10 pre=10 pick(must/bucket/top/rand)=1/7/2/0 depth0=7 depth=4 dlog=3 dper=0 sims=4506 loop=4496 gen_time=0 eval_time=0.023 best_avg=0.0740432 best_move=4,7 leader=1 inc2=1 attack_w=0.2 S0=14861 SA=13683 ratio=1.08609 my_comp=4 my_front=10 leader_comp=5 comp_gain(sz/front/cut)=0/0/0
DBG t=24 used=0.021 remain=1.404 turn_time=0.0205704 end_in=0.0205704 cand_pre=21 cand_cap=20 cand=21->20 pre=21 pick(must/bucket/top/rand)=1/6/9/4 depth0=7 depth=3 dlog=4 dper=0 sims=4328 loop=4308 gen_time=0 eval_time=0.021 best_avg=0.0903677 best_move=4,6 leader=4 inc2=1 attack_w=0.2 S0=22507 SA=19026 ratio=1.18295 my_comp=8 my_front=18 leader_comp=3 comp_gain(sz/front/cut)=0/0/0
DBG t=37 used=0.02 remain=1.136 turn_time=0.0194923 end_in=0.0194923 cand_pre=26 cand_cap=20 cand=26->20 pre=26 pick(must/bucket/top/rand)=1/7/8/4 depth0=10 depth=5 dlog=4 dper=1 sims=2576 loop=2556 gen_time=0 eval_time=0.02 best_avg=0.273889 best_move=6,6 leader=1 inc2=1 attack_w=0.2 S0=33115 SA=24056 ratio=1.37656 my_comp=11 my_front=20 leader_comp=6 comp_gain(sz/front/cut)=0/0/0
DBG t=49 used=0.019 remain=0.9 turn_time=0.0188471 end_in=0.0188471 cand_pre=28 cand_cap=20 cand=28->20 pre=28 pick(must/bucket/top/rand)=1/8/7/4 depth0=10 depth=5 dlog=4 dper=1 sims=2164 loop=2144 gen_time=0 eval_time=0.019 best_avg=0.307415 best_move=5,4 leader=1 inc2=0 attack_w=0.2 S0=39652 SA=28925 ratio=1.37084 my_comp=12 my_front=22 leader_comp=11 comp_gain(sz/front/cut)=0/0/0
DBG t=61 used=0.018 remain=0.675 turn_time=0.0175846 end_in=0.0175846 cand_pre=36 cand_cap=20 cand=36->20 pre=36 pick(must/bucket/top/rand)=1/6/9/4 depth0=10 depth=3 dlog=5 dper=2 sims=2612 loop=2592 gen_time=0 eval_time=0.018 best_avg=0.581566 best_move=4,6 leader=1 inc2=1 attack_w=0.2 S0=45617 SA=25803 ratio=1.76787 my_comp=16 my_front=28 leader_comp=5 comp_gain(sz/front/cut)=0/0/0
DBG t=74 used=0.017 remain=0.444 turn_time=0.0167952 end_in=0.0167952 cand_pre=41 cand_cap=20 cand=41->20 pre=41 pick(must/bucket/top/rand)=1/7/8/4 depth0=11 depth=4 dlog=5 dper=2 sims=1972 loop=1952 gen_time=0 eval_time=0.017 best_avg=0.768934 best_move=4,4 leader=1 inc2=1 attack_w=0.2 S0=56060 SA=25520 ratio=2.19666 my_comp=20 my_front=30 leader_comp=2 comp_gain(sz/front/cut)=0/0/0
DBG t=86 used=0.017 remain=0.24 turn_time=0.0163029 end_in=0.0163029 cand_pre=46 cand_cap=20 cand=46->20 pre=46 pick(must/bucket/top/rand)=1/8/7/4 depth0=11 depth=3 dlog=5 dper=3 sims=2060 loop=2040 gen_time=0 eval_time=0.017 best_avg=0.82122 best_move=1,5 leader=1 inc2=1 attack_w=0.2 S0=64126 SA=26946 ratio=2.37975 my_comp=22 my_front=34 leader_comp=3 comp_gain(sz/front/cut)=1/2/0
DBG depth_guard t=99 remain=0.008 cand_pre=10 depth0=0 depth=0
DBG t=99 used=0.005 remain=0.008 turn_time=0.0048 end_in=0.0048 cand_pre=10 cand_cap=12 cand=10->10 pre=10 pick(must/bucket/top/rand)=1/6/3/0 depth0=0 depth=0 dlog=3 dper=2 sims=9330 loop=9320 gen_time=0 eval_time=0.005 best_avg=0.751355 best_move=1,6 leader=1 inc2=1 attack_w=0.2 S0=70781 SA=32330 ratio=2.18929 my_comp=4 my_front=9 leader_comp=3 comp_gain(sz/front/cut)=0/0/0
DBG summary depth_guard_fired=1
Score = 163879
=== CASE 0172.txt ===
DBG hdr N=10 M=5 T=100 U=4 VMAX=1295 TIME_LIMIT=1.94 MAX_CAND=20 UCB_C=0.21 OBJ=log(S0+1)-log(SA+1)
DBG t=0 used=0.024 remain=1.94 turn_time=0.0238717 end_in=0.0238717 cand_pre=3 cand_cap=20 cand=3->3 pre=3 pick(must/bucket/top/rand)=1/2/0/0 depth0=7 depth=6 dlog=1 dper=0 sims=4515 loop=4512 gen_time=0 eval_time=0.024 best_avg=-0.178275 best_move=9,1 leader=3 inc2=1 attack_w=0.670503 S0=1022 SA=1193 ratio=0.856784 my_comp=1 my_front=2 leader_comp=1 comp_gain(sz/front/cut)=1/1/0
DBG t=12 used=0.023 remain=1.655 turn_time=0.0226528 end_in=0.0226528 cand_pre=7 cand_cap=20 cand=7->7 pre=7 pick(must/bucket/top/rand)=1/2/4/0 depth0=7 depth=5 dlog=2 dper=0 sims=3915 loop=3908 gen_time=0 eval_time=0.023 best_avg=-0.238212 best_move=7,1 leader=1 inc2=1 attack_w=0.494048 S0=12949 SA=14059 ratio=0.921053 my_comp=4 my_front=4 leader_comp=11 comp_gain(sz/front/cut)=1/2/0
DBG t=24 used=0.021 remain=1.388 turn_time=0.0209296 end_in=0.0209296 cand_pre=16 cand_cap=20 cand=16->16 pre=16 pick(must/bucket/top/rand)=1/5/10/0 depth0=7 depth=4 dlog=3 dper=0 sims=3068 loop=3052 gen_time=0 eval_time=0.021 best_avg=-0.159969 best_move=8,0 leader=1 inc2=1 attack_w=0.487804 S0=24458 SA=26484 ratio=0.923504 my_comp=8 my_front=12 leader_comp=20 comp_gain(sz/front/cut)=0/0/0
DBG t=37 used=0.019 remain=1.125 turn_time=0.018375 end_in=0.018375 cand_pre=34 cand_cap=20 cand=34->20 pre=34 pick(must/bucket/top/rand)=1/8/7/4 depth0=10 depth=4 dlog=4 dper=2 sims=1988 loop=1968 gen_time=0 eval_time=0.019 best_avg=-0.0104108 best_move=6,4 leader=2 inc2=1 attack_w=0.250846 S0=37387 SA=36395 ratio=1.02726 my_comp=16 my_front=28 leader_comp=10 comp_gain(sz/front/cut)=0/0/0
DBG t=49 used=0.018 remain=0.902 turn_time=0.0177393 end_in=0.0177393 cand_pre=38 cand_cap=20 cand=38->20 pre=38 pick(must/bucket/top/rand)=1/7/8/4 depth0=10 depth=3 dlog=5 dper=2 sims=2020 loop=2000 gen_time=0 eval_time=0.018 best_avg=0.0277286 best_move=4,3 leader=2 inc2=1 attack_w=0.285337 S0=46448 SA=45955 ratio=1.01073 my_comp=18 my_front=30 leader_comp=12 comp_gain(sz/front/cut)=0/0/0
DBG t=61 used=0.02 remain=0.678 turn_time=0.0196968 end_in=0.0196968 cand_pre=18 cand_cap=20 cand=18->18 pre=18 pick(must/bucket/top/rand)=1/5/10/2 depth0=10 depth=6 dlog=4 dper=0 sims=1622 loop=1604 gen_time=0 eval_time=0.02 best_avg=0.148068 best_move=2,4 leader=4 inc2=1 attack_w=0.2 S0=55650 SA=49948 ratio=1.11416 my_comp=7 my_front=14 leader_comp=13 comp_gain(sz/front/cut)=0/0/0
DBG t=74 used=0.017 remain=0.445 turn_time=0.0161655 end_in=0.0161655 cand_pre=47 cand_cap=20 cand=47->20 pre=47 pick(must/bucket/top/rand)=1/6/9/4 depth0=11 depth=3 dlog=5 dper=3 sims=1648 loop=1628 gen_time=0 eval_time=0.017 best_avg=0.238632 best_move=9,1 leader=4 inc2=1 attack_w=0.2 S0=65493 SA=52534 ratio=1.24667 my_comp=23 my_front=38 leader_comp=14 comp_gain(sz/front/cut)=0/0/0
DBG t=86 used=0.017 remain=0.243 turn_time=0.0160554 end_in=0.0160554 cand_pre=50 cand_cap=20 cand=50->20 pre=50 pick(must/bucket/top/rand)=1/6/9/4 depth0=11 depth=3 dlog=5 dper=3 sims=1564 loop=1544 gen_time=0 eval_time=0.017 best_avg=0.324075 best_move=1,5 leader=4 inc2=1 attack_w=0.2 S0=73479 SA=55301 ratio=1.3287 my_comp=25 my_front=38 leader_comp=15 comp_gain(sz/front/cut)=0/0/0
DBG t=99 used=0.013 remain=0.02 turn_time=0.012 end_in=0.012 cand_pre=50 cand_cap=16 cand=50->16 pre=48 pick(must/bucket/top/rand)=1/6/5/4 depth0=0 depth=0 dlog=5 dper=4 sims=14384 loop=14368 gen_time=0 eval_time=0.013 best_avg=0.36545 best_move=6,4 leader=2 inc2=1 attack_w=0.2 S0=84091 SA=58742 ratio=1.43152 my_comp=26 my_front=39 leader_comp=18 comp_gain(sz/front/cut)=0/0/0
DBG summary depth_guard_fired=0
Score = 127567
=== CASE 0173.txt ===
DBG hdr N=10 M=2 T=100 U=1 VMAX=2102 TIME_LIMIT=1.94 MAX_CAND=20 UCB_C=0.21 OBJ=log(S0+1)-log(SA+1)
DBG t=0 used=0.024 remain=1.94 turn_time=0.0237456 end_in=0.0237456 cand_pre=4 cand_cap=20 cand=4->4 pre=4 pick(must/bucket/top/rand)=1/2/1/0 depth0=7 depth=6 dlog=1 dper=0 sims=7452 loop=7448 gen_time=0 eval_time=0.024 best_avg=-0.178894 best_move=4,9 leader=1 inc2=1 attack_w=0.13 S0=1971 SA=1107 ratio=1.77978 my_comp=1 my_front=3 leader_comp=1 comp_gain(sz/front/cut)=1/1/0
DBG t=12 used=0.021 remain=1.665 turn_time=0.020822 end_in=0.020822 cand_pre=23 cand_cap=20 cand=23->20 pre=23 pick(must/bucket/top/rand)=1/4/11/4 depth0=7 depth=3 dlog=4 dper=0 sims=5192 loop=5172 gen_time=0 eval_time=0.021 best_avg=1.21338 best_move=7,7 leader=1 inc2=1 attack_w=0.2 S0=15164 SA=4965 ratio=3.05377 my_comp=13 my_front=14 leader_comp=3 comp_gain(sz/front/cut)=0/0/0
DBG t=24 used=0.019 remain=1.424 turn_time=0.0185495 end_in=0.0185495 cand_pre=40 cand_cap=20 cand=40->20 pre=40 pick(must/bucket/top/rand)=1/3/12/4 depth0=7 depth=0 dlog=5 dper=2 sims=89544 loop=89524 gen_time=0 eval_time=0.019 best_avg=2.72243 best_move=8,1 leader=1 inc2=1 attack_w=0.13 S0=30426 SA=1227 ratio=24.7777 my_comp=24 my_front=23 leader_comp=1 comp_gain(sz/front/cut)=1/2/0
DBG t=37 used=0.018 remain=1.187 turn_time=0.0173057 end_in=0.0173057 cand_pre=51 cand_cap=20 cand=51->20 pre=51 pick(must/bucket/top/rand)=1/2/13/4 depth0=10 depth=2 dlog=5 dper=3 sims=1916 loop=1896 gen_time=0 eval_time=0.018 best_avg=2.66209 best_move=4,8 leader=1 inc2=1 attack_w=0.13 S0=41317 SA=1987 ratio=20.7837 my_comp=33 my_front=27 leader_comp=1 comp_gain(sz/front/cut)=1/2/0
DBG t=49 used=0.024 remain=0.984 turn_time=0.0237414 end_in=0.0237414 cand_pre=3 cand_cap=20 cand=3->3 pre=3 pick(must/bucket/top/rand)=1/2/0/0 depth0=10 depth=9 dlog=1 dper=0 sims=2383 loop=2380 gen_time=0 eval_time=0.024 best_avg=1.99437 best_move=1,0 leader=1 inc2=1 attack_w=0.13 S0=52922 SA=3046 ratio=17.3689 my_comp=1 my_front=3 leader_comp=1 comp_gain(sz/front/cut)=3/5/0
DBG t=61 used=0.022 remain=0.713 turn_time=0.0213077 end_in=0.0213077 cand_pre=13 cand_cap=20 cand=13->13 pre=13 pick(must/bucket/top/rand)=1/4/8/0 depth0=10 depth=7 dlog=3 dper=0 sims=2253 loop=2240 gen_time=0 eval_time=0.022 best_avg=2.20326 best_move=0,2 leader=1 inc2=1 attack_w=0.2 S0=56762 SA=2375 ratio=23.8902 my_comp=6 my_front=11 leader_comp=2 comp_gain(sz/front/cut)=0/0/0
DBG t=74 used=0.02 remain=0.436 turn_time=0.0199805 end_in=0.0199805 cand_pre=9 cand_cap=20 cand=9->9 pre=9 pick(must/bucket/top/rand)=1/3/5/0 depth0=11 depth=8 dlog=3 dper=0 sims=2369 loop=2360 gen_time=0 eval_time=0.02 best_avg=1.8937 best_move=0,0 leader=1 inc2=1 attack_w=0.2 S0=54416 SA=6476 ratio=8.40157 my_comp=6 my_front=6 leader_comp=4 comp_gain(sz/front/cut)=0/0/0
DBG t=86 used=0.017 remain=0.207 turn_time=0.01656 end_in=0.01656 cand_pre=20 cand_cap=20 cand=20->20 pre=20 pick(must/bucket/top/rand)=1/5/10/4 depth0=11 depth=6 dlog=4 dper=0 sims=2264 loop=2244 gen_time=0 eval_time=0.017 best_avg=1.95249 best_move=4,1 leader=1 inc2=1 attack_w=0.2 S0=57882 SA=5677 ratio=10.1943 my_comp=13 my_front=12 leader_comp=1 comp_gain(sz/front/cut)=1/0/0
DBG t=99 used=0.015 remain=0.024 turn_time=0.0144 end_in=0.0144 cand_pre=82 cand_cap=12 cand=82->12 pre=36 pick(must/bucket/top/rand)=1/6/3/2 depth0=0 depth=0 dlog=6 dper=5 sims=59800 loop=59788 gen_time=0 eval_time=0.015 best_avg=3.05601 best_move=5,5 leader=1 inc2=1 attack_w=0.2 S0=68751 SA=3370 ratio=20.3951 my_comp=56 my_front=44 leader_comp=3 comp_gain(sz/front/cut)=1/0/1
DBG summary depth_guard_fired=0
Score = 444033
=== CASE 0174.txt ===
DBG hdr N=10 M=4 T=100 U=2 VMAX=1684 TIME_LIMIT=1.94 MAX_CAND=20 UCB_C=0.21 OBJ=log(S0+1)-log(SA+1)
DBG t=0 used=0.024 remain=1.94 turn_time=0.0236195 end_in=0.0236195 cand_pre=5 cand_cap=20 cand=5->5 pre=5 pick(must/bucket/top/rand)=1/2/2/0 depth0=7 depth=5 dlog=2 dper=0 sims=6605 loop=6600 gen_time=0 eval_time=0.024 best_avg=-0.0208941 best_move=3,7 leader=3 inc2=0 attack_w=0.13 S0=1413 SA=917 ratio=1.54031 my_comp=1 my_front=4 leader_comp=1 comp_gain(sz/front/cut)=0/0/0
DBG t=12 used=0.022 remain=1.665 turn_time=0.0211909 end_in=0.0211909 cand_pre=20 cand_cap=20 cand=20->20 pre=20 pick(must/bucket/top/rand)=1/2/13/4 depth0=7 depth=3 dlog=4 dper=0 sims=4508 loop=4488 gen_time=0 eval_time=0.022 best_avg=0.233141 best_move=1,5 leader=1 inc2=0 attack_w=0.2 S0=18960 SA=14873 ratio=1.27477 my_comp=8 my_front=16 leader_comp=10 comp_gain(sz/front/cut)=0/0/0
DBG t=24 used=0.02 remain=1.413 turn_time=0.0196147 end_in=0.0196147 cand_pre=30 cand_cap=20 cand=30->20 pre=30 pick(must/bucket/top/rand)=1/4/11/4 depth0=7 depth=2 dlog=4 dper=1 sims=3160 loop=3140 gen_time=0 eval_time=0.02 best_avg=0.293562 best_move=1,2 leader=1 inc2=0 attack_w=0.2 S0=36769 SA=26948 ratio=1.36443 my_comp=15 my_front=24 leader_comp=17 comp_gain(sz/front/cut)=1/2/0
DBG t=37 used=0.019 remain=1.158 turn_time=0.0180777 end_in=0.0180777 cand_pre=41 cand_cap=20 cand=41->20 pre=41 pick(must/bucket/top/rand)=1/7/8/4 depth0=10 depth=3 dlog=5 dper=2 sims=2012 loop=1992 gen_time=0 eval_time=0.019 best_avg=0.469553 best_move=4,0 leader=1 inc2=0 attack_w=0.2 S0=46212 SA=30550 ratio=1.51265 my_comp=21 my_front=32 leader_comp=13 comp_gain(sz/front/cut)=0/0/0
DBG t=49 used=0.018 remain=0.94 turn_time=0.017049 end_in=0.017049 cand_pre=50 cand_cap=20 cand=50->20 pre=50 pick(must/bucket/top/rand)=1/8/7/4 depth0=10 depth=2 dlog=5 dper=3 sims=1716 loop=1696 gen_time=0 eval_time=0.018 best_avg=0.550815 best_move=5,0 leader=1 inc2=0 attack_w=0.2 S0=53995 SA=30814 ratio=1.75226 my_comp=27 my_front=38 leader_comp=15 comp_gain(sz/front/cut)=0/0/0
DBG t=61 used=0.018 remain=0.725 turn_time=0.0170747 end_in=0.0170747 cand_pre=51 cand_cap=20 cand=51->20 pre=51 pick(must/bucket/top/rand)=1/8/7/4 depth0=10 depth=2 dlog=5 dper=3 sims=1796 loop=1776 gen_time=0 eval_time=0.018 best_avg=0.693586 best_move=6,5 leader=1 inc2=0 attack_w=0.2 S0=49621 SA=28108 ratio=1.76534 my_comp=27 my_front=39 leader_comp=13 comp_gain(sz/front/cut)=1/2/1
DBG t=74 used=0.018 remain=0.502 turn_time=0.0171066 end_in=0.0171066 cand_pre=56 cand_cap=20 cand=56->20 pre=56 pick(must/bucket/top/rand)=1/8/7/4 depth0=11 depth=3 dlog=5 dper=3 sims=1224 loop=1204 gen_time=0 eval_time=0.018 best_avg=0.908848 best_move=4,6 leader=1 inc2=1 attack_w=0.2 S0=57788 SA=22173 ratio=2.60616 my_comp=32 my_front=42 leader_comp=12 comp_gain(sz/front/cut)=1/0/0
DBG t=86 used=0.018 remain=0.286 turn_time=0.0179669 end_in=0.0179669 cand_pre=57 cand_cap=20 cand=57->20 pre=57 pick(must/bucket/top/rand)=1/8/7/4 depth0=11 depth=3 dlog=5 dper=3 sims=1232 loop=1212 gen_time=0 eval_time=0.018 best_avg=0.933032 best_move=7,3 leader=1 inc2=1 attack_w=0.2 S0=63586 SA=24103 ratio=2.63803 my_comp=33 my_front=44 leader_comp=15 comp_gain(sz/front/cut)=1/2/6
DBG t=99 used=0.019 remain=0.03 turn_time=0.018 end_in=0.018 cand_pre=62 cand_cap=14 cand=62->14 pre=42 pick(must/bucket/top/rand)=1/8/2/3 depth0=0 depth=0 dlog=5 dper=4 sims=29366 loop=29352 gen_time=0 eval_time=0.019 best_avg=1.1785 best_move=7,2 leader=3 inc2=1 attack_w=0.2 S0=66942 SA=20698 ratio=3.23412 my_comp=36 my_front=48 leader_comp=12 comp_gain(sz/front/cut)=0/0/0
DBG summary depth_guard_fired=0
Score = 215909
=== CASE 0175.txt ===
DBG hdr N=10 M=8 T=100 U=4 VMAX=1212 TIME_LIMIT=1.94 MAX_CAND=20 UCB_C=0.21 OBJ=log(S0+1)-log(SA+1)
DBG t=0 used=0.024 remain=1.94 turn_time=0.0237456 end_in=0.0237456 cand_pre=4 cand_cap=20 cand=4->4 pre=4 pick(must/bucket/top/rand)=1/2/1/0 depth0=7 depth=6 dlog=1 dper=0 sims=3360 loop=3356 gen_time=0 eval_time=0.024 best_avg=-0.385272 best_move=9,7 leader=7 inc2=1 attack_w=0.747462 S0=971 SA=1168 ratio=0.83148 my_comp=1 my_front=4 leader_comp=1 comp_gain(sz/front/cut)=1/1/0
DBG t=12 used=0.023 remain=1.659 turn_time=0.0224625 end_in=0.0224625 cand_pre=9 cand_cap=20 cand=9->9 pre=9 pick(must/bucket/top/rand)=1/5/3/0 depth0=7 depth=4 dlog=3 dper=0 sims=3225 loop=3216 gen_time=0 eval_time=0.023 best_avg=0.0107865 best_move=9,8 leader=1 inc2=1 attack_w=0.301671 S0=14633 SA=14588 ratio=1.00308 my_comp=4 my_front=6 leader_comp=4 comp_gain(sz/front/cut)=0/0/0
DBG t=24 used=0.021 remain=1.393 turn_time=0.0200519 end_in=0.0200519 cand_pre=24 cand_cap=20 cand=24->20 pre=24 pick(must/bucket/top/rand)=1/8/7/4 depth0=7 depth=3 dlog=4 dper=0 sims=2676 loop=2656 gen_time=0 eval_time=0.021 best_avg=0.245133 best_move=8,9 leader=3 inc2=1 attack_w=0.2 S0=27135 SA=23398 ratio=1.15971 my_comp=11 my_front=18 leader_comp=21 comp_gain(sz/front/cut)=0/0/0
DBG t=37 used=0.022 remain=1.131 turn_time=0.0213903 end_in=0.0213903 cand_pre=9 cand_cap=20 cand=9->9 pre=9 pick(must/bucket/top/rand)=1/2/6/0 depth0=10 depth=7 dlog=3 dper=0 sims=1661 loop=1652 gen_time=0 eval_time=0.022 best_avg=0.281823 best_move=7,8 leader=2 inc2=1 attack_w=0.2 S0=37413 SA=30548 ratio=1.22472 my_comp=3 my_front=8 leader_comp=13 comp_gain(sz/front/cut)=0/0/0
DBG t=49 used=0.019 remain=0.895 turn_time=0.0187424 end_in=0.0187424 cand_pre=28 cand_cap=20 cand=28->20 pre=28 pick(must/bucket/top/rand)=1/7/8/4 depth0=10 depth=5 dlog=4 dper=1 sims=1616 loop=1596 gen_time=0 eval_time=0.019 best_avg=0.237887 best_move=8,7 leader=2 inc2=1 attack_w=0.2 S0=38596 SA=33296 ratio=1.15917 my_comp=15 my_front=26 leader_comp=12 comp_gain(sz/front/cut)=0/0/0
DBG t=61 used=0.019 remain=0.671 turn_time=0.0185987 end_in=0.0185987 cand_pre=26 cand_cap=20 cand=26->20 pre=26 pick(must/bucket/top/rand)=1/5/10/4 depth0=10 depth=5 dlog=4 dper=1 sims=1772 loop=1752 gen_time=0 eval_time=0.019 best_avg=0.344296 best_move=8,5 leader=5 inc2=1 attack_w=0.2 S0=44361 SA=33004 ratio=1.3441 my_comp=15 my_front=23 leader_comp=9 comp_gain(sz/front/cut)=0/0/0
DBG t=74 used=0.018 remain=0.434 turn_time=0.0176104 end_in=0.0176104 cand_pre=30 cand_cap=20 cand=30->20 pre=30 pick(must/bucket/top/rand)=1/6/9/4 depth0=11 depth=6 dlog=4 dper=1 sims=1344 loop=1324 gen_time=0 eval_time=0.018 best_avg=0.462621 best_move=5,9 leader=5 inc2=1 attack_w=0.2 S0=52358 SA=32230 ratio=1.62449 my_comp=18 my_front=28 leader_comp=8 comp_gain(sz/front/cut)=0/0/0
DBG t=86 used=0.017 remain=0.223 turn_time=0.0165976 end_in=0.0165976 cand_pre=32 cand_cap=20 cand=32->20 pre=32 pick(must/bucket/top/rand)=1/6/9/4 depth0=11 depth=5 dlog=4 dper=2 sims=1372 loop=1352 gen_time=0 eval_time=0.017 best_avg=0.506421 best_move=4,9 leader=2 inc2=1 attack_w=0.2 S0=60796 SA=36575 ratio=1.66221 my_comp=20 my_front=29 leader_comp=13 comp_gain(sz/front/cut)=0/0/0
DBG depth_guard t=99 remain=0.013 cand_pre=32 depth0=0 depth=0
DBG t=99 used=0.008 remain=0.013 turn_time=0.0078 end_in=0.0078 cand_pre=32 cand_cap=12 cand=32->12 pre=32 pick(must/bucket/top/rand)=1/4/5/2 depth0=0 depth=0 dlog=4 dper=4 sims=7308 loop=7296 gen_time=0 eval_time=0.008 best_avg=0.463389 best_move=8,4 leader=2 inc2=1 attack_w=0.2 S0=67580 SA=43049 ratio=1.56983 my_comp=20 my_front=29 leader_comp=13 comp_gain(sz/front/cut)=0/0/0
DBG summary depth_guard_fired=1
Score = 137620
=== CASE 0176.txt ===
DBG hdr N=10 M=3 T=100 U=5 VMAX=2139 TIME_LIMIT=1.94 MAX_CAND=20 UCB_C=0.21 OBJ=log(S0+1)-log(SA+1)
DBG t=0 used=0.024 remain=1.94 turn_time=0.0236195 end_in=0.0236195 cand_pre=5 cand_cap=20 cand=5->5 pre=5 pick(must/bucket/top/rand)=1/2/2/0 depth0=7 depth=5 dlog=2 dper=0 sims=7585 loop=7580 gen_time=0 eval_time=0.024 best_avg=0.294371 best_move=8,7 leader=1 inc2=1 attack_w=0.13 S0=1467 SA=980 ratio=1.49643 my_comp=1 my_front=4 leader_comp=1 comp_gain(sz/front/cut)=1/2/0
DBG t=12 used=0.021 remain=1.672 turn_time=0.0206625 end_in=0.0206625 cand_pre=25 cand_cap=20 cand=25->20 pre=25 pick(must/bucket/top/rand)=1/7/8/4 depth0=7 depth=3 dlog=4 dper=0 sims=4496 loop=4476 gen_time=0 eval_time=0.021 best_avg=0.356285 best_move=9,2 leader=1 inc2=1 attack_w=0.2 S0=22682 SA=15036 ratio=1.50848 my_comp=9 my_front=19 leader_comp=1 comp_gain(sz/front/cut)=0/0/0
DBG t=24 used=0.022 remain=1.411 turn_time=0.0217591 end_in=0.0217591 cand_pre=12 cand_cap=20 cand=12->12 pre=12 pick(must/bucket/top/rand)=1/7/4/0 depth0=7 depth=4 dlog=3 dper=0 sims=3988 loop=3976 gen_time=0 eval_time=0.022 best_avg=0.365616 best_move=9,3 leader=2 inc2=1 attack_w=0.2 S0=41000 SA=29925 ratio=1.37008 my_comp=5 my_front=10 leader_comp=22 comp_gain(sz/front/cut)=0/0/0
DBG t=37 used=0.021 remain=1.125 turn_time=0.0206964 end_in=0.0206964 cand_pre=14 cand_cap=20 cand=14->14 pre=14 pick(must/bucket/top/rand)=1/6/7/0 depth0=10 depth=7 dlog=3 dper=0 sims=2926 loop=2912 gen_time=0 eval_time=0.021 best_avg=0.183123 best_move=9,5 leader=1 inc2=1 attack_w=0.2 S0=45768 SA=40341 ratio=1.13452 my_comp=6 my_front=10 leader_comp=9 comp_gain(sz/front/cut)=2/2/0
DBG t=49 used=0.021 remain=0.868 turn_time=0.0202789 end_in=0.0202789 cand_pre=9 cand_cap=20 cand=9->9 pre=9 pick(must/bucket/top/rand)=1/6/2/0 depth0=10 depth=7 dlog=3 dper=0 sims=2649 loop=2640 gen_time=0 eval_time=0.021 best_avg=0.17745 best_move=8,5 leader=1 inc2=1 attack_w=0.268123 S0=56522 SA=55473 ratio=1.01891 my_comp=4 my_front=7 leader_comp=13 comp_gain(sz/front/cut)=6/6/0
DBG t=61 used=0.02 remain=0.629 turn_time=0.0190071 end_in=0.0190071 cand_pre=11 cand_cap=20 cand=11->11 pre=11 pick(must/bucket/top/rand)=1/6/4/0 depth0=10 depth=7 dlog=3 dper=0 sims=2759 loop=2748 gen_time=0 eval_time=0.02 best_avg=0.368194 best_move=7,4 leader=1 inc2=1 attack_w=0.2 S0=60421 SA=53136 ratio=1.1371 my_comp=5 my_front=8 leader_comp=14 comp_gain(sz/front/cut)=0/0/0
DBG t=74 used=0.018 remain=0.383 turn_time=0.017456 end_in=0.017456 cand_pre=10 cand_cap=20 cand=10->10 pre=10 pick(must/bucket/top/rand)=1/5/4/0 depth0=11 depth=8 dlog=3 dper=0 sims=2174 loop=2164 gen_time=0 eval_time=0.018 best_avg=0.531447 best_move=8,2 leader=1 inc2=1 attack_w=0.2 S0=60851 SA=46170 ratio=1.31797 my_comp=5 my_front=8 leader_comp=13 comp_gain(sz/front/cut)=0/0/0
DBG t=86 used=0.015 remain=0.184 turn_time=0.0148909 end_in=0.0148909 cand_pre=18 cand_cap=20 cand=18->18 pre=18 pick(must/bucket/top/rand)=1/6/9/2 depth0=11 depth=6 dlog=4 dper=0 sims=2118 loop=2100 gen_time=0 eval_time=0.015 best_avg=0.710584 best_move=8,6 leader=1 inc2=1 attack_w=0.2 S0=75612 SA=44272 ratio=1.70788 my_comp=11 my_front=13 leader_comp=13 comp_gain(sz/front/cut)=0/0/0
DBG depth_guard t=98 remain=0.018 cand_pre=20 depth0=1 depth=0
DBG depth_guard t=99 remain=0.007 cand_pre=20 depth0=0 depth=0
DBG t=99 used=0.005 remain=0.007 turn_time=0.0042 end_in=0.0042 cand_pre=20 cand_cap=12 cand=20->12 pre=20 pick(must/bucket/top/rand)=1/5/4/2 depth0=0 depth=0 dlog=4 dper=5 sims=9224 loop=9212 gen_time=0 eval_time=0.005 best_avg=0.623287 best_move=7,3 leader=1 inc2=1 attack_w=0.2 S0=82718 SA=46060 ratio=1.79586 my_comp=11 my_front=13 leader_comp=14 comp_gain(sz/front/cut)=0/0/0
DBG summary depth_guard_fired=2
Score = 148400
=== CASE 0177.txt ===
DBG hdr N=10 M=8 T=100 U=4 VMAX=1857 TIME_LIMIT=1.94 MAX_CAND=20 UCB_C=0.21 OBJ=log(S0+1)-log(SA+1)
DBG t=0 used=0.024 remain=1.94 turn_time=0.0238717 end_in=0.0238717 cand_pre=3 cand_cap=20 cand=3->3 pre=3 pick(must/bucket/top/rand)=1/2/0/0 depth0=7 depth=6 dlog=1 dper=0 sims=3319 loop=3316 gen_time=0 eval_time=0.024 best_avg=-0.568959 best_move=0,5 leader=2 inc2=1 attack_w=0.800059 S0=845 SA=1037 ratio=0.815029 my_comp=1 my_front=3 leader_comp=1 comp_gain(sz/front/cut)=0/0/0
DBG t=12 used=0.023 remain=1.657 turn_time=0.0221906 end_in=0.0221906 cand_pre=11 cand_cap=20 cand=11->11 pre=11 pick(must/bucket/top/rand)=1/4/6/0 depth0=7 depth=4 dlog=3 dper=0 sims=2707 loop=2696 gen_time=0 eval_time=0.023 best_avg=-0.720981 best_move=1,1 leader=4 inc2=1 attack_w=0.85 S0=7774 SA=16317 ratio=0.476468 my_comp=5 my_front=8 leader_comp=7 comp_gain(sz/front/cut)=1/2/0
DBG t=24 used=0.021 remain=1.394 turn_time=0.0207816 end_in=0.0207816 cand_pre=18 cand_cap=20 cand=18->18 pre=18 pick(must/bucket/top/rand)=1/5/10/2 depth0=7 depth=3 dlog=4 dper=0 sims=3006 loop=2988 gen_time=0 eval_time=0.021 best_avg=-0.386168 best_move=3,0 leader=4 inc2=1 attack_w=0.85 S0=14168 SA=25682 ratio=0.551688 my_comp=9 my_front=14 leader_comp=5 comp_gain(sz/front/cut)=0/0/0
DBG t=37 used=0.02 remain=1.124 turn_time=0.0194024 end_in=0.0194024 cand_pre=25 cand_cap=20 cand=25->20 pre=25 pick(must/bucket/top/rand)=1/7/8/4 depth0=10 depth=6 dlog=4 dper=0 sims=1408 loop=1388 gen_time=0 eval_time=0.02 best_avg=-0.11908 best_move=4,0 leader=7 inc2=1 attack_w=0.517082 S0=27255 SA=29881 ratio=0.912121 my_comp=13 my_front=17 leader_comp=9 comp_gain(sz/front/cut)=0/0/0
DBG t=49 used=0.019 remain=0.887 turn_time=0.0185748 end_in=0.0185748 cand_pre=28 cand_cap=20 cand=28->20 pre=28 pick(must/bucket/top/rand)=1/5/10/4 depth0=10 depth=5 dlog=4 dper=1 sims=1720 loop=1700 gen_time=0 eval_time=0.019 best_avg=0.309557 best_move=4,0 leader=7 inc2=1 attack_w=0.2 S0=36681 SA=33295 ratio=1.10169 my_comp=17 my_front=19 leader_comp=3 comp_gain(sz/front/cut)=0/0/0
DBG t=61 used=0.019 remain=0.666 turn_time=0.0181272 end_in=0.0181272 cand_pre=29 cand_cap=20 cand=29->20 pre=29 pick(must/bucket/top/rand)=1/5/10/4 depth0=10 depth=5 dlog=4 dper=1 sims=1604 loop=1584 gen_time=0 eval_time=0.019 best_avg=0.462942 best_move=4,0 leader=7 inc2=1 attack_w=0.2 S0=45973 SA=35687 ratio=1.28822 my_comp=19 my_front=20 leader_comp=4 comp_gain(sz/front/cut)=0/0/0
DBG t=74 used=0.018 remain=0.428 turn_time=0.0170459 end_in=0.0170459 cand_pre=33 cand_cap=20 cand=33->20 pre=33 pick(must/bucket/top/rand)=1/5/10/4 depth0=11 depth=5 dlog=4 dper=2 sims=1576 loop=1556 gen_time=0 eval_time=0.018 best_avg=0.583942 best_move=4,0 leader=7 inc2=1 attack_w=0.2 S0=53877 SA=32504 ratio=1.65753 my_comp=22 my_front=22 leader_comp=2 comp_gain(sz/front/cut)=0/0/0
DBG t=86 used=0.016 remain=0.223 turn_time=0.0159764 end_in=0.0159764 cand_pre=38 cand_cap=20 cand=38->20 pre=38 pick(must/bucket/top/rand)=1/6/9/4 depth0=11 depth=4 dlog=5 dper=2 sims=1700 loop=1680 gen_time=0 eval_time=0.016 best_avg=0.660174 best_move=5,0 leader=4 inc2=1 attack_w=0.2 S0=61885 SA=34356 ratio=1.80126 my_comp=24 my_front=24 leader_comp=6 comp_gain(sz/front/cut)=0/0/0
DBG depth_guard t=99 remain=0.015 cand_pre=39 depth0=0 depth=0
DBG t=99 used=0.01 remain=0.015 turn_time=0.009 end_in=0.009 cand_pre=39 cand_cap=14 cand=39->14 pre=39 pick(must/bucket/top/rand)=1/6/4/3 depth0=0 depth=0 dlog=5 dper=4 sims=13842 loop=13828 gen_time=0 eval_time=0.01 best_avg=0.749882 best_move=6,4 leader=4 inc2=1 attack_w=0.2 S0=66345 SA=31997 ratio=2.07344 my_comp=25 my_front=26 leader_comp=6 comp_gain(sz/front/cut)=1/2/0
DBG summary depth_guard_fired=1
Score = 164562
=== CASE 0178.txt ===
DBG hdr N=10 M=7 T=100 U=4 VMAX=1492 TIME_LIMIT=1.94 MAX_CAND=20 UCB_C=0.21 OBJ=log(S0+1)-log(SA+1)
DBG t=0 used=0.024 remain=1.94 turn_time=0.0236195 end_in=0.0236195 cand_pre=5 cand_cap=20 cand=5->5 pre=5 pick(must/bucket/top/rand)=1/2/2/0 depth0=7 depth=5 dlog=2 dper=0 sims=4993 loop=4988 gen_time=0 eval_time=0.024 best_avg=-0.137308 best_move=5,3 leader=4 inc2=1 attack_w=0.13 S0=1352 SA=1188 ratio=1.13793 my_comp=1 my_front=4 leader_comp=1 comp_gain(sz/front/cut)=0/0/0
DBG t=12 used=0.022 remain=1.66 turn_time=0.0213725 end_in=0.0213725 cand_pre=18 cand_cap=20 cand=18->18 pre=18 pick(must/bucket/top/rand)=1/7/8/2 depth0=7 depth=3 dlog=4 dper=0 sims=4142 loop=4124 gen_time=0 eval_time=0.022 best_avg=-0.0386478 best_move=8,3 leader=5 inc2=1 attack_w=0.300657 S0=16088 SA=16031 ratio=1.00356 my_comp=6 my_front=14 leader_comp=4 comp_gain(sz/front/cut)=0/0/0
DBG t=24 used=0.022 remain=1.388 turn_time=0.0218793 end_in=0.0218793 cand_pre=8 cand_cap=20 cand=8->8 pre=8 pick(must/bucket/top/rand)=1/3/4/0 depth0=7 depth=5 dlog=2 dper=0 sims=2724 loop=2716 gen_time=0 eval_time=0.022 best_avg=-0.050178 best_move=9,3 leader=2 inc2=1 attack_w=0.2 S0=26300 SA=24796 ratio=1.06065 my_comp=4 my_front=7 leader_comp=5 comp_gain(sz/front/cut)=0/0/0
DBG t=37 used=0.021 remain=1.106 turn_time=0.0203469 end_in=0.0203469 cand_pre=14 cand_cap=20 cand=14->14 pre=14 pick(must/bucket/top/rand)=1/2/11/0 depth0=10 depth=7 dlog=3 dper=0 sims=1754 loop=1740 gen_time=0 eval_time=0.021 best_avg=-0.200684 best_move=8,0 leader=2 inc2=1 attack_w=0.634872 S0=29141 SA=33533 ratio=0.869028 my_comp=7 my_front=9 leader_comp=12 comp_gain(sz/front/cut)=1/1/0
DBG t=49 used=0.02 remain=0.86 turn_time=0.0195439 end_in=0.0195439 cand_pre=14 cand_cap=20 cand=14->14 pre=14 pick(must/bucket/top/rand)=1/1/12/0 depth0=10 depth=7 dlog=3 dper=0 sims=1714 loop=1700 gen_time=0 eval_time=0.02 best_avg=-0.0958962 best_move=6,2 leader=2 inc2=1 attack_w=0.572172 S0=34884 SA=39132 ratio=0.891447 my_comp=8 my_front=10 leader_comp=14 comp_gain(sz/front/cut)=1/2/0
DBG t=61 used=0.019 remain=0.622 turn_time=0.0187956 end_in=0.0187956 cand_pre=11 cand_cap=20 cand=11->11 pre=11 pick(must/bucket/top/rand)=1/6/4/0 depth0=10 depth=7 dlog=3 dper=0 sims=1571 loop=1560 gen_time=0 eval_time=0.019 best_avg=-0.00308192 best_move=2,1 leader=5 inc2=1 attack_w=0.322304 S0=43732 SA=44014 ratio=0.993593 my_comp=4 my_front=10 leader_comp=14 comp_gain(sz/front/cut)=0/0/0
DBG t=74 used=0.017 remain=0.383 turn_time=0.0167857 end_in=0.0167857 cand_pre=17 cand_cap=20 cand=17->17 pre=17 pick(must/bucket/top/rand)=1/8/7/1 depth0=11 depth=8 dlog=3 dper=0 sims=1285 loop=1268 gen_time=0 eval_time=0.017 best_avg=0.0279967 best_move=2,0 leader=5 inc2=1 attack_w=0.2 S0=50734 SA=47101 ratio=1.07713 my_comp=8 my_front=10 leader_comp=3 comp_gain(sz/front/cut)=0/0/0
DBG t=86 used=0.015 remain=0.185 turn_time=0.0147141 end_in=0.0147141 cand_pre=21 cand_cap=20 cand=21->20 pre=21 pick(must/bucket/top/rand)=1/7/8/4 depth0=11 depth=6 dlog=4 dper=1 sims=1304 loop=1284 gen_time=0 eval_time=0.015 best_avg=0.129931 best_move=3,1 leader=5 inc2=1 attack_w=0.2 S0=58078 SA=51324 ratio=1.13159 my_comp=11 my_front=11 leader_comp=16 comp_gain(sz/front/cut)=0/0/0
DBG depth_guard t=98 remain=0.019 cand_pre=21 depth0=1 depth=0
DBG depth_guard t=99 remain=0.008 cand_pre=23 depth0=0 depth=0
DBG t=99 used=0.005 remain=0.008 turn_time=0.0048 end_in=0.0048 cand_pre=23 cand_cap=12 cand=23->12 pre=23 pick(must/bucket/top/rand)=1/6/3/2 depth0=0 depth=0 dlog=4 dper=5 sims=4576 loop=4564 gen_time=0 eval_time=0.005 best_avg=0.251402 best_move=0,2 leader=5 inc2=1 attack_w=0.2 S0=66010 SA=51608 ratio=1.27906 my_comp=13 my_front=13 leader_comp=16 comp_gain(sz/front/cut)=0/0/0
DBG summary depth_guard_fired=2
Score = 117815
=== CASE 0179.txt ===
DBG hdr N=10 M=3 T=100 U=2 VMAX=1658 TIME_LIMIT=1.94 MAX_CAND=20 UCB_C=0.21 OBJ=log(S0+1)-log(SA+1)
DBG t=0 used=0.024 remain=1.94 turn_time=0.0237456 end_in=0.0237456 cand_pre=4 cand_cap=20 cand=4->4 pre=4 pick(must/bucket/top/rand)=1/2/1/0 depth0=7 depth=6 dlog=1 dper=0 sims=6412 loop=6408 gen_time=0 eval_time=0.024 best_avg=0.273646 best_move=1,0 leader=1 inc2=1 attack_w=0.13 S0=1315 SA=1102 ratio=1.19311 my_comp=1 my_front=3 leader_comp=1 comp_gain(sz/front/cut)=1/1/0
DBG t=12 used=0.022 remain=1.659 turn_time=0.0219723 end_in=0.0219723 cand_pre=13 cand_cap=20 cand=13->13 pre=13 pick(must/bucket/top/rand)=1/5/7/0 depth0=7 depth=4 dlog=3 dper=0 sims=4225 loop=4212 gen_time=0 eval_time=0.022 best_avg=0.341935 best_move=3,2 leader=1 inc2=1 attack_w=0.2 S0=17562 SA=12711 ratio=1.38161 my_comp=8 my_front=8 leader_comp=8 comp_gain(sz/front/cut)=1/2/1
DBG t=24 used=0.021 remain=1.399 turn_time=0.0200186 end_in=0.0200186 cand_pre=25 cand_cap=20 cand=25->20 pre=25 pick(must/bucket/top/rand)=1/8/7/4 depth0=7 depth=3 dlog=4 dper=0 sims=3404 loop=3384 gen_time=0 eval_time=0.021 best_avg=0.3497 best_move=4,3 leader=2 inc2=1 attack_w=0.2 S0=29960 SA=20339 ratio=1.47301 my_comp=14 my_front=16 leader_comp=17 comp_gain(sz/front/cut)=1/2/1
DBG t=37 used=0.019 remain=1.137 turn_time=0.0189229 end_in=0.0189229 cand_pre=31 cand_cap=20 cand=31->20 pre=31 pick(must/bucket/top/rand)=1/8/7/4 depth0=10 depth=5 dlog=4 dper=1 sims=1748 loop=1728 gen_time=0 eval_time=0.019 best_avg=0.476503 best_move=5,2 leader=1 inc2=1 attack_w=0.2 S0=40900 SA=25499 ratio=1.60396 my_comp=20 my_front=18 leader_comp=9 comp_gain(sz/front/cut)=1/2/0
DBG t=49 used=0.018 remain=0.916 turn_time=0.0174309 end_in=0.0174309 cand_pre=43 cand_cap=20 cand=43->20 pre=43 pick(must/bucket/top/rand)=1/8/7/4 depth0=10 depth=3 dlog=5 dper=2 sims=1652 loop=1632 gen_time=0 eval_time=0.018 best_avg=0.453812 best_move=3,6 leader=1 inc2=1 attack_w=0.2 S0=49422 SA=31340 ratio=1.57694 my_comp=26 my_front=24 leader_comp=16 comp_gain(sz/front/cut)=1/2/0
DBG t=61 used=0.017 remain=0.702 turn_time=0.016533 end_in=0.016533 cand_pre=51 cand_cap=20 cand=51->20 pre=51 pick(must/bucket/top/rand)=1/8/7/4 depth0=10 depth=2 dlog=5 dper=3 sims=1600 loop=1580 gen_time=0 eval_time=0.017 best_avg=0.400885 best_move=4,1 leader=1 inc2=1 attack_w=0.2 S0=57070 SA=37757 ratio=1.51149 my_comp=31 my_front=26 leader_comp=19 comp_gain(sz/front/cut)=0/0/0
DBG t=74 used=0.017 remain=0.481 turn_time=0.0160302 end_in=0.0160303 cand_pre=59 cand_cap=20 cand=59->20 pre=59 pick(must/bucket/top/rand)=1/8/7/4 depth0=11 depth=2 dlog=5 dper=4 sims=1288 loop=1268 gen_time=0 eval_time=0.017 best_avg=0.444678 best_move=7,4 leader=1 inc2=1 attack_w=0.2 S0=63717 SA=39889 ratio=1.59734 my_comp=37 my_front=32 leader_comp=20 comp_gain(sz/front/cut)=1/2/0
DBG t=86 used=0.018 remain=0.277 turn_time=0.0175301 end_in=0.0175301 cand_pre=56 cand_cap=20 cand=56->20 pre=56 pick(must/bucket/top/rand)=1/6/9/4 depth0=11 depth=3 dlog=5 dper=3 sims=1376 loop=1356 gen_time=0 eval_time=0.018 best_avg=0.335783 best_move=4,0 leader=2 inc2=1 attack_w=0.2 S0=63343 SA=43170 ratio=1.46728 my_comp=35 my_front=31 leader_comp=12 comp_gain(sz/front/cut)=1/1/11
DBG t=99 used=0.016 remain=0.025 turn_time=0.015 end_in=0.015 cand_pre=54 cand_cap=20 cand=54->20 pre=54 pick(must/bucket/top/rand)=1/6/9/4 depth0=0 depth=0 dlog=5 dper=4 sims=27920 loop=27900 gen_time=0 eval_time=0.016 best_avg=0.102418 best_move=1,1 leader=1 inc2=1 attack_w=0.2 S0=53604 SA=48223 ratio=1.11158 my_comp=32 my_front=38 leader_comp=23 comp_gain(sz/front/cut)=0/0/0
DBG summary depth_guard_fired=0
Score = 108874
=== CASE 0180.txt ===
DBG hdr N=10 M=6 T=100 U=1 VMAX=1681 TIME_LIMIT=1.94 MAX_CAND=20 UCB_C=0.21 OBJ=log(S0+1)-log(SA+1)
DBG t=0 used=0.024 remain=1.94 turn_time=0.0236195 end_in=0.0236195 cand_pre=5 cand_cap=20 cand=5->5 pre=5 pick(must/bucket/top/rand)=1/2/2/0 depth0=7 depth=5 dlog=2 dper=0 sims=4533 loop=4528 gen_time=0 eval_time=0.024 best_avg=-0.239356 best_move=1,5 leader=4 inc2=1 attack_w=0.85 S0=805 SA=1456 ratio=0.553191 my_comp=1 my_front=4 leader_comp=1 comp_gain(sz/front/cut)=1/2/0
DBG t=12 used=0.021 remain=1.664 turn_time=0.0205636 end_in=0.0205636 cand_pre=25 cand_cap=20 cand=25->20 pre=25 pick(must/bucket/top/rand)=1/3/12/4 depth0=7 depth=3 dlog=4 dper=0 sims=3412 loop=3392 gen_time=0 eval_time=0.021 best_avg=0.154179 best_move=5,3 leader=2 inc2=1 attack_w=0.685697 S0=8531 SA=10017 ratio=0.851667 my_comp=9 my_front=20 leader_comp=8 comp_gain(sz/front/cut)=1/2/0
DBG t=24 used=0.019 remain=1.427 turn_time=0.0184665 end_in=0.0184665 cand_pre=41 cand_cap=20 cand=41->20 pre=41 pick(must/bucket/top/rand)=1/6/9/4 depth0=7 depth=0 dlog=5 dper=2 sims=33804 loop=33784 gen_time=0 eval_time=0.019 best_avg=0.688375 best_move=8,2 leader=1 inc2=1 attack_w=0.2 S0=17685 SA=9357 ratio=1.88993 my_comp=17 my_front=34 leader_comp=5 comp_gain(sz/front/cut)=1/2/4
DBG t=37 used=0.018 remain=1.183 turn_time=0.0176136 end_in=0.0176136 cand_pre=48 cand_cap=20 cand=48->20 pre=48 pick(must/bucket/top/rand)=1/6/9/4 depth0=10 depth=2 dlog=5 dper=3 sims=1804 loop=1784 gen_time=0 eval_time=0.018 best_avg=1.26245 best_move=6,5 leader=4 inc2=1 attack_w=0.2 S0=26534 SA=9705 ratio=2.73388 my_comp=25 my_front=38 leader_comp=7 comp_gain(sz/front/cut)=1/2/1
DBG t=49 used=0.017 remain=0.974 turn_time=0.0166726 end_in=0.0166726 cand_pre=58 cand_cap=20 cand=58->20 pre=58 pick(must/bucket/top/rand)=1/6/9/4 depth0=10 depth=1 dlog=5 dper=4 sims=1556 loop=1536 gen_time=0 eval_time=0.017 best_avg=1.34742 best_move=7,2 leader=5 inc2=1 attack_w=0.2 S0=31529 SA=8074 ratio=3.90464 my_comp=30 my_front=48 leader_comp=6 comp_gain(sz/front/cut)=1/-2/1
DBG t=61 used=0.022 remain=0.717 turn_time=0.0215468 end_in=0.0215468 cand_pre=12 cand_cap=20 cand=12->12 pre=12 pick(must/bucket/top/rand)=1/4/7/0 depth0=10 depth=7 dlog=3 dper=0 sims=2200 loop=2188 gen_time=0 eval_time=0.022 best_avg=1.30765 best_move=6,8 leader=2 inc2=1 attack_w=0.2 S0=32492 SA=10123 ratio=3.2095 my_comp=6 my_front=10 leader_comp=7 comp_gain(sz/front/cut)=1/2/0
DBG t=74 used=0.015 remain=0.455 turn_time=0.0144812 end_in=0.0144813 cand_pre=65 cand_cap=14 cand=65->14 pre=42 pick(must/bucket/top/rand)=1/5/5/3 depth0=11 depth=2 dlog=5 dper=4 sims=970 loop=956 gen_time=0 eval_time=0.015 best_avg=1.71242 best_move=6,1 leader=1 inc2=1 attack_w=0.2 S0=38481 SA=11415 ratio=3.37088 my_comp=32 my_front=53 leader_comp=1 comp_gain(sz/front/cut)=6/6/0
DBG t=86 used=0.016 remain=0.281 turn_time=0.015174 end_in=0.015174 cand_pre=76 cand_cap=14 cand=76->14 pre=42 pick(must/bucket/top/rand)=1/6/4/3 depth0=11 depth=0 dlog=6 dper=5 sims=37286 loop=37272 gen_time=0 eval_time=0.016 best_avg=1.95548 best_move=6,4 leader=3 inc2=1 attack_w=0.2 S0=45126 SA=5993 ratio=7.5287 my_comp=44 my_front=58 leader_comp=1 comp_gain(sz/front/cut)=1/2/0
DBG depth_guard t=99 remain=0.015 cand_pre=25 depth0=0 depth=0
DBG t=99 used=0.01 remain=0.015 turn_time=0.009 end_in=0.009 cand_pre=25 cand_cap=14 cand=25->14 pre=25 pick(must/bucket/top/rand)=1/5/5/3 depth0=0 depth=0 dlog=4 dper=3 sims=21886 loop=21872 gen_time=0 eval_time=0.01 best_avg=2.00204 best_move=4,2 leader=5 inc2=1 attack_w=0.2 S0=45520 SA=5814 ratio=7.8282 my_comp=18 my_front=13 leader_comp=5 comp_gain(sz/front/cut)=13/26/0
DBG summary depth_guard_fired=1
Score = 304731
=== CASE 0182.txt ===
DBG hdr N=10 M=2 T=100 U=3 VMAX=1596 TIME_LIMIT=1.94 MAX_CAND=20 UCB_C=0.21 OBJ=log(S0+1)-log(SA+1)
DBG t=0 used=0.024 remain=1.94 turn_time=0.0236195 end_in=0.0236195 cand_pre=5 cand_cap=20 cand=5->5 pre=5 pick(must/bucket/top/rand)=1/2/2/0 depth0=7 depth=5 dlog=2 dper=0 sims=8413 loop=8408 gen_time=0 eval_time=0.024 best_avg=-0.410316 best_move=2,2 leader=1 inc2=1 attack_w=0.823154 S0=685 SA=848 ratio=0.808009 my_comp=1 my_front=4 leader_comp=1 comp_gain(sz/front/cut)=1/2/0
DBG t=12 used=0.02 remain=1.677 turn_time=0.0194856 end_in=0.0194856 cand_pre=35 cand_cap=20 cand=35->20 pre=35 pick(must/bucket/top/rand)=1/5/10/4 depth0=7 depth=2 dlog=4 dper=1 sims=4520 loop=4500 gen_time=0 eval_time=0.02 best_avg=0.58405 best_move=8,6 leader=1 inc2=1 attack_w=0.2 S0=14423 SA=8519 ratio=1.69296 my_comp=12 my_front=26 leader_comp=3 comp_gain(sz/front/cut)=0/0/0
DBG t=24 used=0.019 remain=1.446 turn_time=0.018465 end_in=0.018465 cand_pre=43 cand_cap=20 cand=43->20 pre=43 pick(must/bucket/top/rand)=1/4/11/4 depth0=7 depth=0 dlog=5 dper=2 sims=82500 loop=82480 gen_time=0 eval_time=0.019 best_avg=1.01079 best_move=8,7 leader=1 inc2=1 attack_w=0.13 S0=22430 SA=7424 ratio=3.02101 my_comp=16 my_front=33 leader_comp=2 comp_gain(sz/front/cut)=0/0/0
DBG t=37 used=0.019 remain=1.199 turn_time=0.0182229 end_in=0.0182229 cand_pre=45 cand_cap=20 cand=45->20 pre=45 pick(must/bucket/top/rand)=1/6/9/4 depth0=10 depth=3 dlog=5 dper=2 sims=2696 loop=2676 gen_time=0 eval_time=0.019 best_avg=1.53395 best_move=8,7 leader=1 inc2=1 attack_w=0.13 S0=29372 SA=5828 ratio=5.03911 my_comp=18 my_front=35 leader_comp=2 comp_gain(sz/front/cut)=0/0/0
DBG t=49 used=0.019 remain=0.979 turn_time=0.0180059 end_in=0.0180059 cand_pre=48 cand_cap=20 cand=48->20 pre=48 pick(must/bucket/top/rand)=1/4/11/4 depth0=10 depth=2 dlog=5 dper=3 sims=3012 loop=2992 gen_time=0 eval_time=0.019 best_avg=2.25445 best_move=7,6 leader=1 inc2=1 attack_w=0.13 S0=31692 SA=3192 ratio=9.92578 my_comp=20 my_front=38 leader_comp=1 comp_gain(sz/front/cut)=0/0/0
DBG t=61 used=0.019 remain=0.751 turn_time=0.0180625 end_in=0.0180625 cand_pre=48 cand_cap=20 cand=48->20 pre=48 pick(must/bucket/top/rand)=1/2/13/4 depth0=10 depth=2 dlog=5 dper=3 sims=2632 loop=2612 gen_time=0 eval_time=0.019 best_avg=2.0907 best_move=7,7 leader=1 inc2=1 attack_w=0.13 S0=38837 SA=4788 ratio=8.10984 my_comp=20 my_front=38 leader_comp=1 comp_gain(sz/front/cut)=0/0/0
DBG t=74 used=0.018 remain=0.51 turn_time=0.0178892 end_in=0.0178892 cand_pre=52 cand_cap=20 cand=52->20 pre=52 pick(must/bucket/top/rand)=1/3/12/4 depth0=11 depth=3 dlog=5 dper=3 sims=2016 loop=1996 gen_time=0 eval_time=0.018 best_avg=2.23421 best_move=8,7 leader=1 inc2=1 attack_w=0.13 S0=44139 SA=4788 ratio=9.21696 my_comp=24 my_front=39 leader_comp=1 comp_gain(sz/front/cut)=0/0/0
DBG t=86 used=0.019 remain=0.287 turn_time=0.0182962 end_in=0.0182962 cand_pre=55 cand_cap=20 cand=55->20 pre=55 pick(must/bucket/top/rand)=1/2/13/4 depth0=11 depth=3 dlog=5 dper=3 sims=1908 loop=1888 gen_time=0 eval_time=0.019 best_avg=2.32742 best_move=4,8 leader=1 inc2=1 attack_w=0.13 S0=49619 SA=4788 ratio=10.3612 my_comp=26 my_front=39 leader_comp=1 comp_gain(sz/front/cut)=1/2/0
DBG t=99 used=0.017 remain=0.028 turn_time=0.0168 end_in=0.0168 cand_pre=57 cand_cap=20 cand=57->20 pre=57 pick(must/bucket/top/rand)=1/3/12/4 depth0=0 depth=0 dlog=5 dper=4 sims=75684 loop=75664 gen_time=0 eval_time=0.017 best_avg=2.41693 best_move=8,7 leader=1 inc2=1 attack_w=0.13 S0=53564 SA=4788 ratio=11.185 my_comp=28 my_front=42 leader_comp=1 comp_gain(sz/front/cut)=0/0/0
DBG summary depth_guard_fired=0
Score = 360630
=== CASE 0181.txt ===
DBG hdr N=10 M=5 T=100 U=3 VMAX=1983 TIME_LIMIT=1.94 MAX_CAND=20 UCB_C=0.21 OBJ=log(S0+1)-log(SA+1)
DBG t=0 used=0.024 remain=1.94 turn_time=0.0237456 end_in=0.0237456 cand_pre=4 cand_cap=20 cand=4->4 pre=4 pick(must/bucket/top/rand)=1/2/1/0 depth0=7 depth=6 dlog=1 dper=0 sims=4544 loop=4540 gen_time=0 eval_time=0.024 best_avg=-0.219406 best_move=9,5 leader=3 inc2=0 attack_w=0.534652 S0=1301 SA=1437 ratio=0.905424 my_comp=1 my_front=3 leader_comp=1 comp_gain(sz/front/cut)=1/1/0
DBG t=12 used=0.022 remain=1.663 turn_time=0.0212883 end_in=0.0212883 cand_pre=19 cand_cap=20 cand=19->19 pre=19 pick(must/bucket/top/rand)=1/4/11/3 depth0=7 depth=3 dlog=4 dper=0 sims=4143 loop=4124 gen_time=0 eval_time=0.022 best_avg=0.158218 best_move=7,5 leader=3 inc2=1 attack_w=0.2 S0=20488 SA=16893 ratio=1.2128 my_comp=8 my_front=14 leader_comp=4 comp_gain(sz/front/cut)=1/2/0
DBG t=24 used=0.021 remain=1.407 turn_time=0.0206144 end_in=0.0206144 cand_pre=21 cand_cap=20 cand=21->20 pre=21 pick(must/bucket/top/rand)=1/6/9/4 depth0=7 depth=3 dlog=4 dper=0 sims=4096 loop=4076 gen_time=0 eval_time=0.021 best_avg=0.329109 best_move=8,3 leader=2 inc2=1 attack_w=0.2 S0=31078 SA=21678 ratio=1.4336 my_comp=10 my_front=16 leader_comp=7 comp_gain(sz/front/cut)=0/0/0
DBG t=37 used=0.02 remain=1.135 turn_time=0.0197094 end_in=0.0197094 cand_pre=24 cand_cap=20 cand=24->20 pre=24 pick(must/bucket/top/rand)=1/5/10/4 depth0=10 depth=6 dlog=4 dper=0 sims=2072 loop=2052 gen_time=0 eval_time=0.02 best_avg=0.267522 best_move=8,1 leader=2 inc2=0 attack_w=0.2 S0=40780 SA=36117 ratio=1.1291 my_comp=13 my_front=17 leader_comp=10 comp_gain(sz/front/cut)=0/0/0
DBG t=49 used=0.021 remain=0.883 turn_time=0.0201791 end_in=0.0201791 cand_pre=13 cand_cap=20 cand=13->13 pre=13 pick(must/bucket/top/rand)=1/5/7/0 depth0=10 depth=7 dlog=3 dper=0 sims=2405 loop=2392 gen_time=0 eval_time=0.021 best_avg=0.134098 best_move=6,0 leader=2 inc2=0 attack_w=0.2 S0=42758 SA=38761 ratio=1.10312 my_comp=5 my_front=11 leader_comp=11 comp_gain(sz/front/cut)=0/0/0
DBG t=61 used=0.02 remain=0.64 turn_time=0.0191262 end_in=0.0191262 cand_pre=13 cand_cap=20 cand=13->13 pre=13 pick(must/bucket/top/rand)=1/4/8/0 depth0=10 depth=7 dlog=3 dper=0 sims=1793 loop=1780 gen_time=0 eval_time=0.02 best_avg=0.0644287 best_move=6,0 leader=2 inc2=0 attack_w=0.225594 S0=42055 SA=40449 ratio=1.0397 my_comp=8 my_front=9 leader_comp=13 comp_gain(sz/front/cut)=0/0/0
DBG t=74 used=0.018 remain=0.393 turn_time=0.0177152 end_in=0.0177152 cand_pre=12 cand_cap=20 cand=12->12 pre=12 pick(must/bucket/top/rand)=1/4/7/0 depth0=11 depth=8 dlog=3 dper=0 sims=1396 loop=1384 gen_time=0 eval_time=0.018 best_avg=-0.17551 best_move=7,1 leader=2 inc2=0 attack_w=0.834506 S0=35622 SA=44273 ratio=0.804603 my_comp=8 my_front=9 leader_comp=13 comp_gain(sz/front/cut)=0/0/0
DBG t=86 used=0.016 remain=0.186 turn_time=0.0154845 end_in=0.0154845 cand_pre=13 cand_cap=20 cand=13->13 pre=13 pick(must/bucket/top/rand)=1/5/7/0 depth0=11 depth=6 dlog=3 dper=0 sims=1581 loop=1568 gen_time=0 eval_time=0.016 best_avg=-0.121529 best_move=6,0 leader=2 inc2=0 attack_w=0.85 S0=30928 SA=43792 ratio=0.706254 my_comp=8 my_front=9 leader_comp=14 comp_gain(sz/front/cut)=1/-1/1
DBG depth_guard t=98 remain=0.017 cand_pre=17 depth0=1 depth=0
DBG depth_guard t=99 remain=0.007 cand_pre=17 depth0=0 depth=0
DBG t=99 used=0.005 remain=0.007 turn_time=0.0042 end_in=0.0042 cand_pre=17 cand_cap=12 cand=17->12 pre=17 pick(must/bucket/top/rand)=1/4/5/2 depth0=0 depth=0 dlog=3 dper=4 sims=5816 loop=5804 gen_time=0 eval_time=0.005 best_avg=-0.0470528 best_move=8,2 leader=2 inc2=0 attack_w=0.480379 S0=40588 SA=43811 ratio=0.926436 my_comp=10 my_front=10 leader_comp=13 comp_gain(sz/front/cut)=0/0/0
DBG summary depth_guard_fired=2
Score = 97056
=== CASE 0183.txt ===
DBG hdr N=10 M=7 T=100 U=4 VMAX=1489 TIME_LIMIT=1.94 MAX_CAND=20 UCB_C=0.21 OBJ=log(S0+1)-log(SA+1)
DBG t=0 used=0.024 remain=1.94 turn_time=0.0236195 end_in=0.0236195 cand_pre=5 cand_cap=20 cand=5->5 pre=5 pick(must/bucket/top/rand)=1/2/2/0 depth0=7 depth=5 dlog=2 dper=0 sims=4317 loop=4312 gen_time=0 eval_time=0.024 best_avg=-0.256678 best_move=4,8 leader=4 inc2=1 attack_w=0.85 S0=1018 SA=1322 ratio=0.770219 my_comp=1 my_front=4 leader_comp=1 comp_gain(sz/front/cut)=1/2/0
DBG t=12 used=0.023 remain=1.659 turn_time=0.0223399 end_in=0.0223399 cand_pre=10 cand_cap=20 cand=10->10 pre=10 pick(must/bucket/top/rand)=1/4/5/0 depth0=7 depth=4 dlog=3 dper=0 sims=3822 loop=3812 gen_time=0 eval_time=0.023 best_avg=0.22487 best_move=4,7 leader=5 inc2=1 attack_w=0.2 S0=13141 SA=9845 ratio=1.33476 my_comp=4 my_front=8 leader_comp=9 comp_gain(sz/front/cut)=0/0/0
DBG t=24 used=0.021 remain=1.391 turn_time=0.0207369 end_in=0.0207369 cand_pre=18 cand_cap=20 cand=18->18 pre=18 pick(must/bucket/top/rand)=1/5/10/2 depth0=7 depth=3 dlog=4 dper=0 sims=3542 loop=3524 gen_time=0 eval_time=0.021 best_avg=0.300188 best_move=6,7 leader=3 inc2=1 attack_w=0.2 S0=22991 SA=17686 ratio=1.29994 my_comp=7 my_front=14 leader_comp=5 comp_gain(sz/front/cut)=0/0/0
DBG t=37 used=0.02 remain=1.122 turn_time=0.0197151 end_in=0.0197151 cand_pre=22 cand_cap=20 cand=22->20 pre=22 pick(must/bucket/top/rand)=1/6/9/4 depth0=10 depth=6 dlog=4 dper=0 sims=1796 loop=1776 gen_time=0 eval_time=0.02 best_avg=0.0897191 best_move=7,5 leader=3 inc2=1 attack_w=0.2 S0=34597 SA=30050 ratio=1.15131 my_comp=9 my_front=16 leader_comp=8 comp_gain(sz/front/cut)=1/2/0
DBG t=49 used=0.019 remain=0.885 turn_time=0.0186457 end_in=0.0186457 cand_pre=27 cand_cap=20 cand=27->20 pre=27 pick(must/bucket/top/rand)=1/7/8/4 depth0=10 depth=5 dlog=4 dper=1 sims=1908 loop=1888 gen_time=0 eval_time=0.019 best_avg=0.592684 best_move=4,7 leader=6 inc2=1 attack_w=0.2 S0=37289 SA=24370 ratio=1.5301 my_comp=11 my_front=18 leader_comp=12 comp_gain(sz/front/cut)=0/0/0
DBG t=61 used=0.018 remain=0.657 turn_time=0.0179917 end_in=0.0179917 cand_pre=28 cand_cap=20 cand=28->20 pre=28 pick(must/bucket/top/rand)=1/8/7/4 depth0=10 depth=5 dlog=4 dper=1 sims=1792 loop=1772 gen_time=0 eval_time=0.018 best_avg=0.760341 best_move=9,4 leader=6 inc2=1 attack_w=0.2 S0=44775 SA=21142 ratio=2.11777 my_comp=14 my_front=19 leader_comp=12 comp_gain(sz/front/cut)=0/0/0
DBG t=74 used=0.018 remain=0.421 turn_time=0.0171881 end_in=0.0171881 cand_pre=29 cand_cap=20 cand=29->20 pre=29 pick(must/bucket/top/rand)=1/5/10/4 depth0=11 depth=6 dlog=4 dper=1 sims=1556 loop=1536 gen_time=0 eval_time=0.018 best_avg=0.542089 best_move=7,6 leader=3 inc2=1 attack_w=0.2 S0=48062 SA=26112 ratio=1.84058 my_comp=15 my_front=20 leader_comp=7 comp_gain(sz/front/cut)=0/0/0
DBG t=86 used=0.016 remain=0.212 turn_time=0.0158773 end_in=0.0158773 cand_pre=31 cand_cap=20 cand=31->20 pre=31 pick(must/bucket/top/rand)=1/7/8/4 depth0=11 depth=5 dlog=4 dper=2 sims=1584 loop=1564 gen_time=0 eval_time=0.016 best_avg=0.411472 best_move=7,5 leader=3 inc2=1 attack_w=0.2 S0=51762 SA=34909 ratio=1.48276 my_comp=16 my_front=22 leader_comp=10 comp_gain(sz/front/cut)=0/0/0
DBG depth_guard t=99 remain=0.012 cand_pre=33 depth0=0 depth=0
DBG t=99 used=0.008 remain=0.012 turn_time=0.0072 end_in=0.0072 cand_pre=33 cand_cap=12 cand=33->12 pre=33 pick(must/bucket/top/rand)=1/8/1/2 depth0=0 depth=0 dlog=4 dper=5 sims=11380 loop=11368 gen_time=0 eval_time=0.008 best_avg=0.40139 best_move=7,4 leader=3 inc2=1 attack_w=0.2 S0=61083 SA=41124 ratio=1.48533 my_comp=17 my_front=24 leader_comp=11 comp_gain(sz/front/cut)=1/2/0
DBG summary depth_guard_fired=1
Score = 130476
=== CASE 0184.txt ===
DBG hdr N=10 M=7 T=100 U=3 VMAX=2058 TIME_LIMIT=1.94 MAX_CAND=20 UCB_C=0.21 OBJ=log(S0+1)-log(SA+1)
DBG t=0 used=0.024 remain=1.94 turn_time=0.0237456 end_in=0.0237456 cand_pre=4 cand_cap=20 cand=4->4 pre=4 pick(must/bucket/top/rand)=1/2/1/0 depth0=7 depth=6 dlog=1 dper=0 sims=3576 loop=3572 gen_time=0 eval_time=0.024 best_avg=-0.536207 best_move=3,0 leader=3 inc2=1 attack_w=0.85 S0=538 SA=1831 ratio=0.294214 my_comp=1 my_front=3 leader_comp=1 comp_gain(sz/front/cut)=1/1/0
DBG t=12 used=0.022 remain=1.661 turn_time=0.0216307 end_in=0.0216307 cand_pre=16 cand_cap=20 cand=16->16 pre=16 pick(must/bucket/top/rand)=1/4/11/0 depth0=7 depth=4 dlog=3 dper=0 sims=3184 loop=3168 gen_time=0 eval_time=0.022 best_avg=-0.294718 best_move=5,0 leader=6 inc2=1 attack_w=0.85 S0=11867 SA=16177 ratio=0.733589 my_comp=7 my_front=13 leader_comp=1 comp_gain(sz/front/cut)=1/1/0
DBG t=24 used=0.021 remain=1.401 turn_time=0.0206463 end_in=0.0206463 cand_pre=20 cand_cap=20 cand=20->20 pre=20 pick(must/bucket/top/rand)=1/8/7/4 depth0=7 depth=3 dlog=4 dper=0 sims=3236 loop=3216 gen_time=0 eval_time=0.021 best_avg=-0.174975 best_move=5,1 leader=4 inc2=1 attack_w=0.629262 S0=27166 SA=31190 ratio=0.870988 my_comp=10 my_front=17 leader_comp=13 comp_gain(sz/front/cut)=1/0/0
DBG t=37 used=0.02 remain=1.138 turn_time=0.019057 end_in=0.019057 cand_pre=30 cand_cap=20 cand=30->20 pre=30 pick(must/bucket/top/rand)=1/7/8/4 depth0=10 depth=5 dlog=4 dper=1 sims=1868 loop=1848 gen_time=0 eval_time=0.02 best_avg=-0.0675483 best_move=7,2 leader=4 inc2=1 attack_w=0.293791 S0=33968 SA=33740 ratio=1.00676 my_comp=16 my_front=23 leader_comp=10 comp_gain(sz/front/cut)=0/0/0
DBG t=49 used=0.019 remain=0.908 turn_time=0.0188989 end_in=0.0188989 cand_pre=29 cand_cap=20 cand=29->20 pre=29 pick(must/bucket/top/rand)=1/8/7/4 depth0=10 depth=5 dlog=4 dper=1 sims=1584 loop=1564 gen_time=0 eval_time=0.019 best_avg=0.233856 best_move=7,1 leader=4 inc2=1 attack_w=0.2 S0=38667 SA=29199 ratio=1.32425 my_comp=16 my_front=22 leader_comp=12 comp_gain(sz/front/cut)=0/0/0
DBG t=61 used=0.019 remain=0.68 turn_time=0.0180549 end_in=0.0180549 cand_pre=33 cand_cap=20 cand=33->20 pre=33 pick(must/bucket/top/rand)=1/8/7/4 depth0=10 depth=4 dlog=4 dper=2 sims=1632 loop=1612 gen_time=0 eval_time=0.019 best_avg=0.221929 best_move=3,4 leader=4 inc2=1 attack_w=0.2 S0=48152 SA=36067 ratio=1.33506 my_comp=17 my_front=24 leader_comp=13 comp_gain(sz/front/cut)=0/0/0
DBG t=74 used=0.018 remain=0.443 turn_time=0.0178648 end_in=0.0178648 cand_pre=31 cand_cap=20 cand=31->20 pre=31 pick(must/bucket/top/rand)=1/6/9/4 depth0=11 depth=6 dlog=4 dper=1 sims=1268 loop=1248 gen_time=0 eval_time=0.018 best_avg=-0.0981816 best_move=7,2 leader=4 inc2=1 attack_w=0.2 S0=44658 SA=41628 ratio=1.07279 my_comp=15 my_front=26 leader_comp=15 comp_gain(sz/front/cut)=0/0/0
DBG t=86 used=0.018 remain=0.22 turn_time=0.0177021 end_in=0.0177021 cand_pre=19 cand_cap=20 cand=19->19 pre=19 pick(must/bucket/top/rand)=1/5/10/3 depth0=11 depth=6 dlog=4 dper=0 sims=1415 loop=1396 gen_time=0 eval_time=0.018 best_avg=-0.324305 best_move=4,3 leader=4 inc2=1 attack_w=0.85 S0=34069 SA=49360 ratio=0.690221 my_comp=10 my_front=17 leader_comp=17 comp_gain(sz/front/cut)=0/0/0
DBG depth_guard t=99 remain=0.011 cand_pre=28 depth0=0 depth=0
DBG t=99 used=0.007 remain=0.011 turn_time=0.0066 end_in=0.0066 cand_pre=28 cand_cap=12 cand=28->12 pre=28 pick(must/bucket/top/rand)=1/5/4/2 depth0=0 depth=0 dlog=4 dper=4 sims=7240 loop=7228 gen_time=0 eval_time=0.007 best_avg=-0.224954 best_move=5,4 leader=4 inc2=1 attack_w=0.85 S0=37564 SA=47851 ratio=0.785025 my_comp=13 my_front=23 leader_comp=1 comp_gain(sz/front/cut)=0/0/0
DBG summary depth_guard_fired=1
Score = 81919
=== CASE 0185.txt ===
DBG hdr N=10 M=4 T=100 U=5 VMAX=1220 TIME_LIMIT=1.94 MAX_CAND=20 UCB_C=0.21 OBJ=log(S0+1)-log(SA+1)
DBG t=0 used=0.024 remain=1.94 turn_time=0.0236195 end_in=0.0236195 cand_pre=5 cand_cap=20 cand=5->5 pre=5 pick(must/bucket/top/rand)=1/2/2/0 depth0=7 depth=5 dlog=2 dper=0 sims=6781 loop=6776 gen_time=0 eval_time=0.024 best_avg=-0.152736 best_move=4,1 leader=3 inc2=1 attack_w=0.85 S0=754 SA=1214 ratio=0.621399 my_comp=1 my_front=4 leader_comp=1 comp_gain(sz/front/cut)=1/2/0
DBG t=12 used=0.022 remain=1.663 turn_time=0.0216568 end_in=0.0216568 cand_pre=16 cand_cap=20 cand=16->16 pre=16 pick(must/bucket/top/rand)=1/2/13/0 depth0=7 depth=4 dlog=3 dper=0 sims=4228 loop=4212 gen_time=0 eval_time=0.022 best_avg=-0.0220367 best_move=4,3 leader=3 inc2=1 attack_w=0.343208 S0=14661 SA=14897 ratio=0.984159 my_comp=6 my_front=13 leader_comp=3 comp_gain(sz/front/cut)=0/0/0
DBG t=24 used=0.023 remain=1.4 turn_time=0.0221882 end_in=0.0221882 cand_pre=7 cand_cap=20 cand=7->7 pre=7 pick(must/bucket/top/rand)=1/6/0/0 depth0=7 depth=5 dlog=2 dper=0 sims=3839 loop=3832 gen_time=0 eval_time=0.023 best_avg=-0.105326 best_move=6,6 leader=3 inc2=1 attack_w=0.443291 S0=22716 SA=24131 ratio=0.941364 my_comp=2 my_front=6 leader_comp=5 comp_gain(sz/front/cut)=0/0/0
DBG t=37 used=0.019 remain=1.117 turn_time=0.0187053 end_in=0.0187053 cand_pre=30 cand_cap=20 cand=30->20 pre=30 pick(must/bucket/top/rand)=1/8/7/4 depth0=10 depth=5 dlog=4 dper=1 sims=2228 loop=2208 gen_time=0 eval_time=0.019 best_avg=-0.0754429 best_move=6,3 leader=2 inc2=1 attack_w=0.467228 S0=29998 SA=32198 ratio=0.931675 my_comp=12 my_front=24 leader_comp=1 comp_gain(sz/front/cut)=0/0/0
DBG t=49 used=0.019 remain=0.889 turn_time=0.0180502 end_in=0.0180502 cand_pre=33 cand_cap=20 cand=33->20 pre=33 pick(must/bucket/top/rand)=1/8/7/4 depth0=10 depth=4 dlog=4 dper=2 sims=2148 loop=2128 gen_time=0 eval_time=0.019 best_avg=-0.0686023 best_move=6,6 leader=2 inc2=1 attack_w=0.5293 S0=40103 SA=44193 ratio=0.907454 my_comp=13 my_front=26 leader_comp=9 comp_gain(sz/front/cut)=0/0/0
DBG t=61 used=0.018 remain=0.671 turn_time=0.0175922 end_in=0.0175922 cand_pre=35 cand_cap=20 cand=35->20 pre=35 pick(must/bucket/top/rand)=1/8/7/4 depth0=10 depth=4 dlog=4 dper=2 sims=1748 loop=1728 gen_time=0 eval_time=0.018 best_avg=-0.197512 best_move=3,2 leader=2 inc2=1 attack_w=0.82918 S0=41236 SA=51149 ratio=0.806197 my_comp=14 my_front=28 leader_comp=13 comp_gain(sz/front/cut)=2/2/1
DBG t=74 used=0.017 remain=0.447 turn_time=0.0166851 end_in=0.0166851 cand_pre=43 cand_cap=20 cand=43->20 pre=43 pick(must/bucket/top/rand)=1/8/7/4 depth0=11 depth=3 dlog=5 dper=3 sims=1584 loop=1564 gen_time=0 eval_time=0.017 best_avg=-0.2377 best_move=2,3 leader=2 inc2=1 attack_w=0.85 S0=43390 SA=55373 ratio=0.783599 my_comp=20 my_front=34 leader_comp=13 comp_gain(sz/front/cut)=0/0/0
DBG t=86 used=0.019 remain=0.219 turn_time=0.0180284 end_in=0.0180284 cand_pre=15 cand_cap=20 cand=15->15 pre=15 pick(must/bucket/top/rand)=1/7/7/0 depth0=11 depth=6 dlog=3 dper=0 sims=1471 loop=1456 gen_time=0 eval_time=0.019 best_avg=-0.461472 best_move=2,6 leader=1 inc2=1 attack_w=0.85 S0=32253 SA=56062 ratio=0.575317 my_comp=5 my_front=12 leader_comp=42 comp_gain(sz/front/cut)=1/2/1
DBG depth_guard t=99 remain=0.008 cand_pre=8 depth0=0 depth=0
DBG t=99 used=0.005 remain=0.008 turn_time=0.0048 end_in=0.0048 cand_pre=8 cand_cap=12 cand=8->8 pre=8 pick(must/bucket/top/rand)=1/2/5/0 depth0=0 depth=0 dlog=2 dper=1 sims=6248 loop=6240 gen_time=0 eval_time=0.005 best_avg=-0.491633 best_move=6,5 leader=2 inc2=1 attack_w=0.85 S0=39141 SA=64803 ratio=0.604006 my_comp=2 my_front=6 leader_comp=17 comp_gain(sz/front/cut)=1/2/0
DBG summary depth_guard_fired=1
Score = 67241
=== CASE 0186.txt ===
DBG hdr N=10 M=8 T=100 U=4 VMAX=1499 TIME_LIMIT=1.94 MAX_CAND=20 UCB_C=0.21 OBJ=log(S0+1)-log(SA+1)
DBG t=0 used=0.024 remain=1.94 turn_time=0.0236195 end_in=0.0236195 cand_pre=5 cand_cap=20 cand=5->5 pre=5 pick(must/bucket/top/rand)=1/3/1/0 depth0=7 depth=5 dlog=2 dper=0 sims=3881 loop=3876 gen_time=0 eval_time=0.024 best_avg=-0.151602 best_move=3,8 leader=1 inc2=1 attack_w=0.192067 S0=1011 SA=1005 ratio=1.00596 my_comp=1 my_front=4 leader_comp=1 comp_gain(sz/front/cut)=1/2/0
DBG t=12 used=0.022 remain=1.66 turn_time=0.021863 end_in=0.021863 cand_pre=14 cand_cap=20 cand=14->14 pre=14 pick(must/bucket/top/rand)=1/7/6/0 depth0=7 depth=4 dlog=3 dper=0 sims=3730 loop=3716 gen_time=0 eval_time=0.022 best_avg=-0.0505526 best_move=3,6 leader=5 inc2=1 attack_w=0.382598 S0=9510 SA=9836 ratio=0.96686 my_comp=5 my_front=12 leader_comp=2 comp_gain(sz/front/cut)=1/2/0
DBG t=24 used=0.021 remain=1.399 turn_time=0.0202579 end_in=0.0202579 cand_pre=23 cand_cap=20 cand=23->20 pre=23 pick(must/bucket/top/rand)=1/6/9/4 depth0=7 depth=3 dlog=4 dper=0 sims=3312 loop=3292 gen_time=0 eval_time=0.021 best_avg=0.0564035 best_move=4,6 leader=5 inc2=1 attack_w=0.2 S0=17465 SA=16568 ratio=1.05414 my_comp=8 my_front=18 leader_comp=5 comp_gain(sz/front/cut)=0/0/0
DBG t=37 used=0.02 remain=1.134 turn_time=0.019224 end_in=0.019224 cand_pre=28 cand_cap=20 cand=28->20 pre=28 pick(must/bucket/top/rand)=1/6/9/4 depth0=10 depth=5 dlog=4 dper=1 sims=2016 loop=1996 gen_time=0 eval_time=0.02 best_avg=0.152427 best_move=6,6 leader=5 inc2=1 attack_w=0.2 S0=30468 SA=25092 ratio=1.21424 my_comp=11 my_front=22 leader_comp=9 comp_gain(sz/front/cut)=0/0/0
DBG t=49 used=0.019 remain=0.902 turn_time=0.0184291 end_in=0.0184291 cand_pre=32 cand_cap=20 cand=32->20 pre=32 pick(must/bucket/top/rand)=1/6/9/4 depth0=10 depth=5 dlog=4 dper=1 sims=1760 loop=1740 gen_time=0 eval_time=0.019 best_avg=0.11669 best_move=4,8 leader=5 inc2=1 attack_w=0.2 S0=37176 SA=33035 ratio=1.12535 my_comp=14 my_front=24 leader_comp=10 comp_gain(sz/front/cut)=0/0/0
DBG t=61 used=0.018 remain=0.676 turn_time=0.0179487 end_in=0.0179487 cand_pre=33 cand_cap=20 cand=33->20 pre=33 pick(must/bucket/top/rand)=1/6/9/4 depth0=10 depth=4 dlog=4 dper=2 sims=1992 loop=1972 gen_time=0 eval_time=0.018 best_avg=0.0511468 best_move=3,5 leader=5 inc2=1 attack_w=0.2 S0=43238 SA=40690 ratio=1.06262 my_comp=15 my_front=26 leader_comp=12 comp_gain(sz/front/cut)=0/0/0
DBG t=74 used=0.018 remain=0.442 turn_time=0.0171615 end_in=0.0171615 cand_pre=37 cand_cap=20 cand=37->20 pre=37 pick(must/bucket/top/rand)=1/6/9/4 depth0=11 depth=4 dlog=5 dper=2 sims=1808 loop=1788 gen_time=0 eval_time=0.018 best_avg=0.0405754 best_move=3,4 leader=5 inc2=1 attack_w=0.2 S0=50038 SA=47022 ratio=1.06414 my_comp=19 my_front=29 leader_comp=14 comp_gain(sz/front/cut)=0/0/0
DBG t=86 used=0.017 remain=0.234 turn_time=0.0167644 end_in=0.0167644 cand_pre=38 cand_cap=20 cand=38->20 pre=38 pick(must/bucket/top/rand)=1/6/9/4 depth0=11 depth=4 dlog=5 dper=2 sims=1552 loop=1532 gen_time=0 eval_time=0.017 best_avg=0.0539259 best_move=5,3 leader=5 inc2=1 attack_w=0.241232 S0=58152 SA=56351 ratio=1.03196 my_comp=21 my_front=31 leader_comp=16 comp_gain(sz/front/cut)=1/2/0
DBG depth_guard t=99 remain=0.016 cand_pre=43 depth0=0 depth=0
DBG t=99 used=0.01 remain=0.016 turn_time=0.0096 end_in=0.0096 cand_pre=43 cand_cap=14 cand=43->14 pre=42 pick(must/bucket/top/rand)=1/6/4/3 depth0=0 depth=0 dlog=5 dper=4 sims=10322 loop=10308 gen_time=0 eval_time=0.01 best_avg=0.0131769 best_move=6,3 leader=5 inc2=1 attack_w=0.273519 S0=68021 SA=66928 ratio=1.01633 my_comp=22 my_front=34 leader_comp=20 comp_gain(sz/front/cut)=0/0/0
DBG summary depth_guard_fired=1
Score = 102585
=== CASE 0187.txt ===
DBG hdr N=10 M=7 T=100 U=2 VMAX=1393 TIME_LIMIT=1.94 MAX_CAND=20 UCB_C=0.21 OBJ=log(S0+1)-log(SA+1)
DBG t=0 used=0.024 remain=1.94 turn_time=0.0236195 end_in=0.0236195 cand_pre=5 cand_cap=20 cand=5->5 pre=5 pick(must/bucket/top/rand)=1/2/2/0 depth0=7 depth=5 dlog=2 dper=0 sims=3677 loop=3672 gen_time=0 eval_time=0.024 best_avg=-0.282894 best_move=4,8 leader=2 inc2=1 attack_w=0.85 S0=976 SA=1393 ratio=0.700861 my_comp=1 my_front=4 leader_comp=1 comp_gain(sz/front/cut)=1/2/0
DBG t=12 used=0.022 remain=1.666 turn_time=0.0216959 end_in=0.0216959 cand_pre=16 cand_cap=20 cand=16->16 pre=16 pick(must/bucket/top/rand)=1/6/9/0 depth0=7 depth=4 dlog=3 dper=0 sims=3136 loop=3120 gen_time=0 eval_time=0.022 best_avg=0.0420694 best_move=4,9 leader=5 inc2=1 attack_w=0.2 S0=13526 SA=12523 ratio=1.08009 my_comp=7 my_front=14 leader_comp=7 comp_gain(sz/front/cut)=1/-1/0
DBG t=24 used=0.021 remain=1.404 turn_time=0.0209307 end_in=0.0209307 cand_pre=18 cand_cap=20 cand=18->18 pre=18 pick(must/bucket/top/rand)=1/5/10/2 depth0=7 depth=3 dlog=4 dper=0 sims=3314 loop=3296 gen_time=0 eval_time=0.021 best_avg=0.12488 best_move=7,6 leader=5 inc2=1 attack_w=0.2 S0=24163 SA=19600 ratio=1.23279 my_comp=11 my_front=13 leader_comp=10 comp_gain(sz/front/cut)=0/0/0
DBG t=37 used=0.02 remain=1.137 turn_time=0.0193922 end_in=0.0193922 cand_pre=27 cand_cap=20 cand=27->20 pre=27 pick(must/bucket/top/rand)=1/5/10/4 depth0=10 depth=5 dlog=4 dper=1 sims=1788 loop=1768 gen_time=0 eval_time=0.02 best_avg=0.216813 best_move=3,8 leader=5 inc2=1 attack_w=0.2 S0=34795 SA=26936 ratio=1.29175 my_comp=17 my_front=17 leader_comp=14 comp_gain(sz/front/cut)=0/0/0
DBG t=49 used=0.019 remain=0.9 turn_time=0.0188471 end_in=0.0188471 cand_pre=28 cand_cap=20 cand=28->20 pre=28 pick(must/bucket/top/rand)=1/5/10/4 depth0=10 depth=5 dlog=4 dper=1 sims=1640 loop=1620 gen_time=0 eval_time=0.019 best_avg=0.262096 best_move=2,8 leader=5 inc2=1 attack_w=0.2 S0=40614 SA=31933 ratio=1.27184 my_comp=19 my_front=16 leader_comp=18 comp_gain(sz/front/cut)=1/2/0
DBG t=61 used=0.018 remain=0.678 turn_time=0.0176628 end_in=0.0176628 cand_pre=36 cand_cap=20 cand=36->20 pre=36 pick(must/bucket/top/rand)=1/7/8/4 depth0=10 depth=3 dlog=5 dper=2 sims=1724 loop=1704 gen_time=0 eval_time=0.018 best_avg=0.326086 best_move=7,5 leader=5 inc2=1 attack_w=0.2 S0=51243 SA=36690 ratio=1.39664 my_comp=25 my_front=18 leader_comp=18 comp_gain(sz/front/cut)=0/0/0
DBG t=74 used=0.017 remain=0.45 turn_time=0.0166846 end_in=0.0166846 cand_pre=44 cand_cap=20 cand=44->20 pre=44 pick(must/bucket/top/rand)=1/7/8/4 depth0=11 depth=3 dlog=5 dper=3 sims=1524 loop=1504 gen_time=0 eval_time=0.017 best_avg=0.53541 best_move=4,6 leader=5 inc2=1 attack_w=0.2 S0=57967 SA=33484 ratio=1.73116 my_comp=29 my_front=23 leader_comp=18 comp_gain(sz/front/cut)=0/0/0
DBG t=86 used=0.017 remain=0.241 turn_time=0.0165946 end_in=0.0165946 cand_pre=44 cand_cap=20 cand=44->20 pre=44 pick(must/bucket/top/rand)=1/5/10/4 depth0=11 depth=3 dlog=5 dper=3 sims=1504 loop=1484 gen_time=0 eval_time=0.017 best_avg=0.531935 best_move=1,7 leader=5 inc2=1 attack_w=0.2 S0=63715 SA=38150 ratio=1.6701 my_comp=31 my_front=21 leader_comp=20 comp_gain(sz/front/cut)=1/2/0
DBG depth_guard t=99 remain=0.019 cand_pre=48 depth0=0 depth=0
DBG t=99 used=0.012 remain=0.019 turn_time=0.0114 end_in=0.0114 cand_pre=48 cand_cap=16 cand=48->16 pre=48 pick(must/bucket/top/rand)=1/5/6/4 depth0=0 depth=0 dlog=5 dper=4 sims=15536 loop=15520 gen_time=0 eval_time=0.012 best_avg=0.748988 best_move=0,8 leader=5 inc2=1 attack_w=0.2 S0=71339 SA=33858 ratio=2.10697 my_comp=35 my_front=25 leader_comp=12 comp_gain(sz/front/cut)=0/0/0
DBG summary depth_guard_fired=1
Score = 167991
=== CASE 0188.txt ===
DBG hdr N=10 M=6 T=100 U=1 VMAX=1572 TIME_LIMIT=1.94 MAX_CAND=20 UCB_C=0.21 OBJ=log(S0+1)-log(SA+1)
DBG t=0 used=0.024 remain=1.94 turn_time=0.0237456 end_in=0.0237456 cand_pre=4 cand_cap=20 cand=4->4 pre=4 pick(must/bucket/top/rand)=1/2/1/0 depth0=7 depth=6 dlog=1 dper=0 sims=3664 loop=3660 gen_time=0 eval_time=0.024 best_avg=-0.236161 best_move=5,3 leader=2 inc2=1 attack_w=0.85 S0=630 SA=1149 ratio=0.548696 my_comp=1 my_front=4 leader_comp=1 comp_gain(sz/front/cut)=1/2/0
DBG t=12 used=0.021 remain=1.669 turn_time=0.020009 end_in=0.020009 cand_pre=30 cand_cap=20 cand=30->20 pre=30 pick(must/bucket/top/rand)=1/6/9/4 depth0=7 depth=2 dlog=4 dper=1 sims=3484 loop=3464 gen_time=0 eval_time=0.021 best_avg=0.151477 best_move=8,2 leader=4 inc2=1 attack_w=0.2 S0=11229 SA=9889 ratio=1.13549 my_comp=12 my_front=23 leader_comp=10 comp_gain(sz/front/cut)=1/2/2
DBG t=24 used=0.018 remain=1.435 turn_time=0.0175882 end_in=0.0175882 cand_pre=49 cand_cap=20 cand=49->20 pre=49 pick(must/bucket/top/rand)=1/6/9/4 depth0=7 depth=0 dlog=5 dper=3 sims=31408 loop=31388 gen_time=0 eval_time=0.018 best_avg=0.968042 best_move=4,7 leader=4 inc2=1 attack_w=0.2 S0=23641 SA=9764 ratio=2.4211 my_comp=24 my_front=43 leader_comp=8 comp_gain(sz/front/cut)=1/2/3
DBG t=37 used=0.021 remain=1.17 turn_time=0.0201964 end_in=0.0201964 cand_pre=25 cand_cap=20 cand=25->20 pre=25 pick(must/bucket/top/rand)=1/6/9/4 depth0=10 depth=6 dlog=4 dper=0 sims=1512 loop=1492 gen_time=0 eval_time=0.021 best_avg=1.11424 best_move=3,6 leader=5 inc2=1 attack_w=0.2 S0=30648 SA=9777 ratio=3.13449 my_comp=13 my_front=22 leader_comp=5 comp_gain(sz/front/cut)=1/0/0
DBG t=49 used=0.019 remain=0.935 turn_time=0.0185075 end_in=0.0185075 cand_pre=37 cand_cap=20 cand=37->20 pre=37 pick(must/bucket/top/rand)=1/6/9/4 depth0=10 depth=3 dlog=5 dper=2 sims=1792 loop=1772 gen_time=0 eval_time=0.019 best_avg=1.55065 best_move=3,5 leader=5 inc2=1 attack_w=0.2 S0=38488 SA=8447 ratio=4.55599 my_comp=21 my_front=26 leader_comp=5 comp_gain(sz/front/cut)=2/4/0
DBG t=61 used=0.015 remain=0.721 turn_time=0.014457 end_in=0.014457 cand_pre=72 cand_cap=14 cand=72->14 pre=42 pick(must/bucket/top/rand)=1/6/4/3 depth0=10 depth=0 dlog=5 dper=5 sims=32950 loop=32936 gen_time=0 eval_time=0.015 best_avg=1.73761 best_move=2,3 leader=1 inc2=1 attack_w=0.2 S0=42919 SA=8261 ratio=5.19487 my_comp=40 my_front=61 leader_comp=2 comp_gain(sz/front/cut)=1/2/0
DBG t=74 used=0.022 remain=0.502 turn_time=0.0214991 end_in=0.0214991 cand_pre=21 cand_cap=20 cand=21->20 pre=21 pick(must/bucket/top/rand)=1/2/13/4 depth0=11 depth=7 dlog=4 dper=0 sims=1380 loop=1360 gen_time=0 eval_time=0.022 best_avg=1.52263 best_move=8,4 leader=3 inc2=1 attack_w=0.2 S0=46854 SA=8741 ratio=5.35976 my_comp=11 my_front=16 leader_comp=8 comp_gain(sz/front/cut)=1/-2/0
DBG t=86 used=0.017 remain=0.254 turn_time=0.0169001 end_in=0.0169001 cand_pre=49 cand_cap=20 cand=49->20 pre=49 pick(must/bucket/top/rand)=1/4/11/4 depth0=11 depth=3 dlog=5 dper=3 sims=1208 loop=1188 gen_time=0 eval_time=0.017 best_avg=1.53871 best_move=8,5 leader=3 inc2=1 attack_w=0.2 S0=46713 SA=10803 ratio=4.32377 my_comp=30 my_front=31 leader_comp=10 comp_gain(sz/front/cut)=1/-2/0
DBG t=99 used=0.016 remain=0.025 turn_time=0.015 end_in=0.015 cand_pre=63 cand_cap=14 cand=63->14 pre=42 pick(must/bucket/top/rand)=1/6/4/3 depth0=0 depth=0 dlog=5 dper=4 sims=29574 loop=29560 gen_time=0 eval_time=0.016 best_avg=1.68298 best_move=4,6 leader=5 inc2=1 attack_w=0.2 S0=49368 SA=9056 ratio=5.45092 my_comp=38 my_front=42 leader_comp=5 comp_gain(sz/front/cut)=1/2/4
DBG summary depth_guard_fired=0
Score = 259680
=== CASE 0190.txt ===
DBG hdr N=10 M=5 T=100 U=2 VMAX=2260 TIME_LIMIT=1.94 MAX_CAND=20 UCB_C=0.21 OBJ=log(S0+1)-log(SA+1)
DBG t=0 used=0.024 remain=1.94 turn_time=0.0236195 end_in=0.0236195 cand_pre=5 cand_cap=20 cand=5->5 pre=5 pick(must/bucket/top/rand)=1/2/2/0 depth0=7 depth=5 dlog=2 dper=0 sims=5069 loop=5064 gen_time=0 eval_time=0.024 best_avg=-0.508662 best_move=5,6 leader=1 inc2=1 attack_w=0.85 S0=955 SA=1510 ratio=0.632694 my_comp=1 my_front=4 leader_comp=1 comp_gain(sz/front/cut)=0/0/0
DBG t=12 used=0.021 remain=1.669 turn_time=0.0207487 end_in=0.0207487 cand_pre=24 cand_cap=20 cand=24->20 pre=24 pick(must/bucket/top/rand)=1/5/10/4 depth0=7 depth=3 dlog=4 dper=0 sims=3492 loop=3472 gen_time=0 eval_time=0.021 best_avg=0.162557 best_move=5,5 leader=1 inc2=1 attack_w=0.249919 S0=16616 SA=16168 ratio=1.02771 my_comp=10 my_front=21 leader_comp=5 comp_gain(sz/front/cut)=0/0/0
DBG t=24 used=0.02 remain=1.423 turn_time=0.0197535 end_in=0.0197535 cand_pre=30 cand_cap=20 cand=30->20 pre=30 pick(must/bucket/top/rand)=1/7/8/4 depth0=7 depth=2 dlog=4 dper=1 sims=3112 loop=3092 gen_time=0 eval_time=0.02 best_avg=0.464402 best_move=5,2 leader=4 inc2=1 attack_w=0.2 S0=26725 SA=17260 ratio=1.54835 my_comp=14 my_front=29 leader_comp=7 comp_gain(sz/front/cut)=0/0/0
DBG t=37 used=0.019 remain=1.161 turn_time=0.0188432 end_in=0.0188432 cand_pre=35 cand_cap=20 cand=35->20 pre=35 pick(must/bucket/top/rand)=1/6/9/4 depth0=10 depth=4 dlog=4 dper=2 sims=1876 loop=1856 gen_time=0 eval_time=0.019 best_avg=0.680178 best_move=2,0 leader=4 inc2=1 attack_w=0.2 S0=36314 SA=19373 ratio=1.87442 my_comp=18 my_front=30 leader_comp=8 comp_gain(sz/front/cut)=1/1/0
DBG t=49 used=0.019 remain=0.931 turn_time=0.0184283 end_in=0.0184283 cand_pre=37 cand_cap=20 cand=37->20 pre=37 pick(must/bucket/top/rand)=1/8/7/4 depth0=10 depth=3 dlog=5 dper=2 sims=2080 loop=2060 gen_time=0 eval_time=0.019 best_avg=0.730585 best_move=5,5 leader=3 inc2=1 attack_w=0.2 S0=41749 SA=19831 ratio=2.10518 my_comp=21 my_front=23 leader_comp=7 comp_gain(sz/front/cut)=0/0/0
DBG t=61 used=0.019 remain=0.7 turn_time=0.0180026 end_in=0.0180026 cand_pre=38 cand_cap=20 cand=38->20 pre=38 pick(must/bucket/top/rand)=1/6/9/4 depth0=10 depth=3 dlog=5 dper=2 sims=1992 loop=1972 gen_time=0 eval_time=0.019 best_avg=0.726707 best_move=6,1 leader=3 inc2=1 attack_w=0.2 S0=43769 SA=21578 ratio=2.02836 my_comp=22 my_front=24 leader_comp=7 comp_gain(sz/front/cut)=0/0/0
DBG t=74 used=0.017 remain=0.465 turn_time=0.0165433 end_in=0.0165433 cand_pre=50 cand_cap=20 cand=50->20 pre=50 pick(must/bucket/top/rand)=1/8/7/4 depth0=11 depth=3 dlog=5 dper=3 sims=1412 loop=1392 gen_time=0 eval_time=0.017 best_avg=0.902975 best_move=7,4 leader=1 inc2=1 attack_w=0.2 S0=53472 SA=20446 ratio=2.6152 my_comp=28 my_front=30 leader_comp=11 comp_gain(sz/front/cut)=1/2/0
DBG t=86 used=0.017 remain=0.261 turn_time=0.0167599 end_in=0.0167599 cand_pre=54 cand_cap=20 cand=54->20 pre=54 pick(must/bucket/top/rand)=1/6/9/4 depth0=11 depth=3 dlog=5 dper=3 sims=1312 loop=1292 gen_time=0 eval_time=0.017 best_avg=0.934826 best_move=9,4 leader=3 inc2=1 attack_w=0.2 S0=57940 SA=21578 ratio=2.68506 my_comp=32 my_front=35 leader_comp=7 comp_gain(sz/front/cut)=1/1/0
DBG t=99 used=0.016 remain=0.025 turn_time=0.015 end_in=0.015 cand_pre=54 cand_cap=20 cand=54->20 pre=54 pick(must/bucket/top/rand)=1/8/7/4 depth0=0 depth=0 dlog=5 dper=4 sims=20704 loop=20684 gen_time=0 eval_time=0.016 best_avg=0.930847 best_move=6,1 leader=4 inc2=1 attack_w=0.2 S0=58916 SA=24166 ratio=2.43791 my_comp=32 my_front=38 leader_comp=10 comp_gain(sz/front/cut)=0/0/0
DBG summary depth_guard_fired=0
Score = 178111
=== CASE 0189.txt ===
DBG hdr N=10 M=8 T=100 U=3 VMAX=1777 TIME_LIMIT=1.94 MAX_CAND=20 UCB_C=0.21 OBJ=log(S0+1)-log(SA+1)
DBG t=0 used=0.024 remain=1.94 turn_time=0.0237456 end_in=0.0237456 cand_pre=4 cand_cap=20 cand=4->4 pre=4 pick(must/bucket/top/rand)=1/2/1/0 depth0=7 depth=6 dlog=1 dper=0 sims=3268 loop=3264 gen_time=0 eval_time=0.024 best_avg=-0.293356 best_move=0,1 leader=3 inc2=1 attack_w=0.779539 S0=983 SA=1197 ratio=0.821369 my_comp=1 my_front=3 leader_comp=1 comp_gain(sz/front/cut)=0/0/0
DBG t=12 used=0.022 remain=1.665 turn_time=0.0214369 end_in=0.0214369 cand_pre=18 cand_cap=20 cand=18->18 pre=18 pick(must/bucket/top/rand)=1/3/12/2 depth0=7 depth=3 dlog=4 dper=0 sims=3374 loop=3356 gen_time=0 eval_time=0.022 best_avg=0.335904 best_move=0,4 leader=4 inc2=1 attack_w=0.2 S0=14500 SA=9742 ratio=1.48835 my_comp=9 my_front=11 leader_comp=2 comp_gain(sz/front/cut)=0/0/0
DBG t=24 used=0.021 remain=1.408 turn_time=0.0207495 end_in=0.0207495 cand_pre=20 cand_cap=20 cand=20->20 pre=20 pick(must/bucket/top/rand)=1/6/9/4 depth0=7 depth=3 dlog=4 dper=0 sims=2880 loop=2860 gen_time=0 eval_time=0.021 best_avg=0.14518 best_move=2,4 leader=6 inc2=1 attack_w=0.2 S0=23450 SA=19276 ratio=1.21653 my_comp=11 my_front=15 leader_comp=8 comp_gain(sz/front/cut)=0/0/0
DBG t=37 used=0.02 remain=1.135 turn_time=0.0199436 end_in=0.0199436 cand_pre=22 cand_cap=20 cand=22->20 pre=22 pick(must/bucket/top/rand)=1/8/7/4 depth0=10 depth=6 dlog=4 dper=0 sims=1296 loop=1276 gen_time=0 eval_time=0.02 best_avg=0.169866 best_move=3,3 leader=6 inc2=1 attack_w=0.2 S0=27792 SA=22630 ratio=1.22809 my_comp=11 my_front=14 leader_comp=12 comp_gain(sz/front/cut)=1/2/3
DBG t=49 used=0.02 remain=0.894 turn_time=0.0194051 end_in=0.0194051 cand_pre=22 cand_cap=20 cand=22->20 pre=22 pick(must/bucket/top/rand)=1/6/9/4 depth0=10 depth=6 dlog=4 dper=0 sims=1464 loop=1444 gen_time=0 eval_time=0.02 best_avg=0.107399 best_move=0,2 leader=3 inc2=1 attack_w=0.2 S0=35332 SA=26602 ratio=1.32816 my_comp=12 my_front=16 leader_comp=9 comp_gain(sz/front/cut)=0/0/0
DBG t=61 used=0.019 remain=0.661 turn_time=0.0185419 end_in=0.0185419 cand_pre=24 cand_cap=20 cand=24->20 pre=24 pick(must/bucket/top/rand)=1/8/7/4 depth0=10 depth=6 dlog=4 dper=0 sims=1404 loop=1384 gen_time=0 eval_time=0.019 best_avg=0.190972 best_move=2,3 leader=6 inc2=1 attack_w=0.2 S0=39235 SA=31492 ratio=1.24586 my_comp=14 my_front=16 leader_comp=13 comp_gain(sz/front/cut)=0/0/0
DBG t=74 used=0.018 remain=0.42 turn_time=0.0175673 end_in=0.0175673 cand_pre=25 cand_cap=20 cand=25->20 pre=25 pick(must/bucket/top/rand)=1/6/9/4 depth0=11 depth=6 dlog=4 dper=1 sims=1444 loop=1424 gen_time=0 eval_time=0.018 best_avg=0.0801668 best_move=2,5 leader=6 inc2=1 attack_w=0.2 S0=43529 SA=37452 ratio=1.16226 my_comp=16 my_front=16 leader_comp=16 comp_gain(sz/front/cut)=0/0/0
DBG t=86 used=0.017 remain=0.208 turn_time=0.0160606 end_in=0.0160606 cand_pre=26 cand_cap=20 cand=26->20 pre=26 pick(must/bucket/top/rand)=1/6/9/4 depth0=11 depth=6 dlog=4 dper=1 sims=1356 loop=1336 gen_time=0 eval_time=0.017 best_avg=0.0902212 best_move=2,5 leader=6 inc2=1 attack_w=0.2 S0=43614 SA=39155 ratio=1.11388 my_comp=16 my_front=14 leader_comp=18 comp_gain(sz/front/cut)=0/0/0
DBG depth_guard t=99 remain=0.01 cand_pre=27 depth0=0 depth=0
DBG t=99 used=0.007 remain=0.01 turn_time=0.006 end_in=0.006 cand_pre=27 cand_cap=12 cand=27->12 pre=27 pick(must/bucket/top/rand)=1/5/4/2 depth0=0 depth=0 dlog=4 dper=4 sims=7444 loop=7432 gen_time=0 eval_time=0.007 best_avg=0.186685 best_move=1,1 leader=6 inc2=1 attack_w=0.2 S0=45488 SA=37846 ratio=1.20192 my_comp=17 my_front=14 leader_comp=18 comp_gain(sz/front/cut)=0/0/0
DBG summary depth_guard_fired=1
Score = 115430
=== CASE 0191.txt ===
DBG hdr N=10 M=4 T=100 U=5 VMAX=1662 TIME_LIMIT=1.94 MAX_CAND=20 UCB_C=0.21 OBJ=log(S0+1)-log(SA+1)
DBG t=0 used=0.024 remain=1.94 turn_time=0.0236195 end_in=0.0236195 cand_pre=5 cand_cap=20 cand=5->5 pre=5 pick(must/bucket/top/rand)=1/2/2/0 depth0=7 depth=5 dlog=2 dper=0 sims=6321 loop=6316 gen_time=0 eval_time=0.024 best_avg=0.0671354 best_move=7,1 leader=2 inc2=1 attack_w=0.13 S0=1085 SA=852 ratio=1.27315 my_comp=1 my_front=4 leader_comp=1 comp_gain(sz/front/cut)=1/2/0
DBG t=12 used=0.021 remain=1.674 turn_time=0.0204399 end_in=0.0204399 cand_pre=27 cand_cap=20 cand=27->20 pre=27 pick(must/bucket/top/rand)=1/2/13/4 depth0=7 depth=3 dlog=4 dper=0 sims=4028 loop=4008 gen_time=0 eval_time=0.021 best_avg=0.407687 best_move=9,7 leader=1 inc2=1 attack_w=0.2 S0=17758 SA=11915 ratio=1.49035 my_comp=10 my_front=20 leader_comp=5 comp_gain(sz/front/cut)=0/0/0
DBG t=24 used=0.02 remain=1.426 turn_time=0.0196732 end_in=0.0196732 cand_pre=31 cand_cap=20 cand=31->20 pre=31 pick(must/bucket/top/rand)=1/2/13/4 depth0=7 depth=2 dlog=4 dper=1 sims=3504 loop=3484 gen_time=0 eval_time=0.02 best_avg=0.409346 best_move=8,8 leader=3 inc2=1 attack_w=0.2 S0=36826 SA=24410 ratio=1.50862 my_comp=13 my_front=23 leader_comp=5 comp_gain(sz/front/cut)=0/0/0
DBG t=37 used=0.02 remain=1.165 turn_time=0.0192687 end_in=0.0192687 cand_pre=32 cand_cap=20 cand=32->20 pre=32 pick(must/bucket/top/rand)=1/5/10/4 depth0=10 depth=5 dlog=4 dper=1 sims=2060 loop=2040 gen_time=0 eval_time=0.02 best_avg=0.614882 best_move=9,9 leader=2 inc2=1 attack_w=0.2 S0=55849 SA=31295 ratio=1.78457 my_comp=16 my_front=21 leader_comp=7 comp_gain(sz/front/cut)=0/0/0
DBG t=49 used=0.019 remain=0.926 turn_time=0.0188014 end_in=0.0188014 cand_pre=33 cand_cap=20 cand=33->20 pre=33 pick(must/bucket/top/rand)=1/6/9/4 depth0=10 depth=5 dlog=4 dper=1 sims=1828 loop=1808 gen_time=0 eval_time=0.019 best_avg=0.58604 best_move=7,6 leader=2 inc2=1 attack_w=0.2 S0=70924 SA=39235 ratio=1.80765 my_comp=18 my_front=22 leader_comp=9 comp_gain(sz/front/cut)=0/0/0
DBG t=61 used=0.019 remain=0.698 turn_time=0.0183001 end_in=0.0183001 cand_pre=35 cand_cap=20 cand=35->20 pre=35 pick(must/bucket/top/rand)=1/7/8/4 depth0=10 depth=4 dlog=4 dper=2 sims=1972 loop=1952 gen_time=0 eval_time=0.019 best_avg=0.573688 best_move=6,4 leader=2 inc2=1 attack_w=0.2 S0=81484 SA=43922 ratio=1.85518 my_comp=21 my_front=24 leader_comp=10 comp_gain(sz/front/cut)=0/0/0
DBG t=74 used=0.018 remain=0.454 turn_time=0.0178544 end_in=0.0178544 cand_pre=35 cand_cap=20 cand=35->20 pre=35 pick(must/bucket/top/rand)=1/8/7/4 depth0=11 depth=5 dlog=4 dper=2 sims=1576 loop=1556 gen_time=0 eval_time=0.018 best_avg=0.429652 best_move=7,4 leader=2 inc2=1 attack_w=0.2 S0=84832 SA=54291 ratio=1.56253 my_comp=21 my_front=22 leader_comp=12 comp_gain(sz/front/cut)=0/0/0
DBG t=86 used=0.018 remain=0.238 turn_time=0.017272 end_in=0.017272 cand_pre=36 cand_cap=20 cand=36->20 pre=36 pick(must/bucket/top/rand)=1/6/9/4 depth0=11 depth=4 dlog=5 dper=2 sims=1808 loop=1788 gen_time=0 eval_time=0.018 best_avg=0.448318 best_move=8,9 leader=2 inc2=0 attack_w=0.2 S0=87607 SA=58018 ratio=1.50999 my_comp=22 my_front=22 leader_comp=14 comp_gain(sz/front/cut)=0/0/0
DBG depth_guard t=99 remain=0.015 cand_pre=37 depth0=0 depth=0
DBG t=99 used=0.01 remain=0.015 turn_time=0.009 end_in=0.009 cand_pre=37 cand_cap=14 cand=37->14 pre=37 pick(must/bucket/top/rand)=1/6/4/3 depth0=0 depth=0 dlog=5 dper=4 sims=12718 loop=12704 gen_time=0 eval_time=0.01 best_avg=0.422709 best_move=7,5 leader=2 inc2=0 attack_w=0.2 S0=97227 SA=64915 ratio=1.49775 my_comp=22 my_front=22 leader_comp=14 comp_gain(sz/front/cut)=0/0/0
DBG summary depth_guard_fired=1
Score = 133730
=== CASE 0194.txt ===
DBG hdr N=10 M=6 T=100 U=4 VMAX=1728 TIME_LIMIT=1.94 MAX_CAND=20 UCB_C=0.21 OBJ=log(S0+1)-log(SA+1)
DBG t=0 used=0.024 remain=1.94 turn_time=0.0237456 end_in=0.0237456 cand_pre=4 cand_cap=20 cand=4->4 pre=4 pick(must/bucket/top/rand)=1/2/1/0 depth0=7 depth=6 dlog=1 dper=0 sims=4260 loop=4256 gen_time=0 eval_time=0.024 best_avg=-0.247918 best_move=1,8 leader=2 inc2=1 attack_w=0.85 S0=513 SA=1586 ratio=0.323882 my_comp=1 my_front=3 leader_comp=1 comp_gain(sz/front/cut)=1/2/0
DBG t=12 used=0.023 remain=1.659 turn_time=0.0222174 end_in=0.0222174 cand_pre=11 cand_cap=20 cand=11->11 pre=11 pick(must/bucket/top/rand)=1/2/8/0 depth0=7 depth=4 dlog=3 dper=0 sims=3631 loop=3620 gen_time=0 eval_time=0.023 best_avg=-0.0627909 best_move=0,7 leader=2 inc2=1 attack_w=0.661512 S0=17753 SA=20647 ratio=0.859841 my_comp=5 my_front=9 leader_comp=4 comp_gain(sz/front/cut)=0/0/0
DBG t=24 used=0.021 remain=1.397 turn_time=0.0208263 end_in=0.0208263 cand_pre=18 cand_cap=20 cand=18->18 pre=18 pick(must/bucket/top/rand)=1/2/13/2 depth0=7 depth=3 dlog=4 dper=0 sims=3426 loop=3408 gen_time=0 eval_time=0.021 best_avg=0.13423 best_move=4,8 leader=2 inc2=1 attack_w=0.2 S0=34949 SA=32648 ratio=1.07048 my_comp=8 my_front=14 leader_comp=7 comp_gain(sz/front/cut)=0/0/0
DBG t=37 used=0.02 remain=1.13 turn_time=0.0190396 end_in=0.0190396 cand_pre=29 cand_cap=20 cand=29->20 pre=29 pick(must/bucket/top/rand)=1/4/11/4 depth0=10 depth=5 dlog=4 dper=1 sims=1820 loop=1800 gen_time=0 eval_time=0.02 best_avg=0.314414 best_move=5,6 leader=2 inc2=1 attack_w=0.2 S0=51910 SA=38862 ratio=1.33574 my_comp=14 my_front=23 leader_comp=9 comp_gain(sz/front/cut)=0/0/0
DBG t=49 used=0.019 remain=0.9 turn_time=0.0180441 end_in=0.0180441 cand_pre=35 cand_cap=20 cand=35->20 pre=35 pick(must/bucket/top/rand)=1/6/9/4 depth0=10 depth=4 dlog=4 dper=2 sims=1872 loop=1852 gen_time=0 eval_time=0.019 best_avg=0.468066 best_move=7,6 leader=2 inc2=1 attack_w=0.2 S0=69163 SA=42952 ratio=1.61023 my_comp=17 my_front=29 leader_comp=13 comp_gain(sz/front/cut)=0/0/0
DBG t=61 used=0.018 remain=0.682 turn_time=0.0173123 end_in=0.0173123 cand_pre=40 cand_cap=20 cand=40->20 pre=40 pick(must/bucket/top/rand)=1/6/9/4 depth0=10 depth=3 dlog=5 dper=2 sims=1876 loop=1856 gen_time=0 eval_time=0.018 best_avg=0.782734 best_move=3,5 leader=2 inc2=1 attack_w=0.2 S0=77386 SA=36968 ratio=2.09329 my_comp=20 my_front=35 leader_comp=10 comp_gain(sz/front/cut)=0/0/0
DBG t=74 used=0.017 remain=0.454 turn_time=0.0163789 end_in=0.0163789 cand_pre=48 cand_cap=20 cand=48->20 pre=48 pick(must/bucket/top/rand)=1/7/8/4 depth0=11 depth=3 dlog=5 dper=3 sims=1580 loop=1560 gen_time=0 eval_time=0.017 best_avg=0.833483 best_move=9,7 leader=1 inc2=1 attack_w=0.2 S0=81760 SA=34409 ratio=2.37608 my_comp=24 my_front=41 leader_comp=12 comp_gain(sz/front/cut)=0/0/0
DBG t=86 used=0.017 remain=0.248 turn_time=0.0167311 end_in=0.0167311 cand_pre=47 cand_cap=20 cand=47->20 pre=47 pick(must/bucket/top/rand)=1/8/7/4 depth0=11 depth=3 dlog=5 dper=3 sims=1648 loop=1628 gen_time=0 eval_time=0.017 best_avg=0.735631 best_move=6,5 leader=4 inc2=1 attack_w=0.2 S0=86290 SA=42462 ratio=2.03215 my_comp=24 my_front=40 leader_comp=9 comp_gain(sz/front/cut)=1/2/0
DBG t=99 used=0.013 remain=0.021 turn_time=0.0126 end_in=0.0126 cand_pre=51 cand_cap=16 cand=51->16 pre=48 pick(must/bucket/top/rand)=1/8/3/4 depth0=0 depth=0 dlog=5 dper=4 sims=21088 loop=21072 gen_time=0 eval_time=0.013 best_avg=0.872919 best_move=2,3 leader=4 inc2=1 attack_w=0.2 S0=93544 SA=39594 ratio=2.36255 my_comp=26 my_front=44 leader_comp=11 comp_gain(sz/front/cut)=0/0/0
DBG summary depth_guard_fired=0
Score = 177251
=== CASE 0192.txt ===
DBG hdr N=10 M=2 T=100 U=4 VMAX=1748 TIME_LIMIT=1.94 MAX_CAND=20 UCB_C=0.21 OBJ=log(S0+1)-log(SA+1)
DBG t=0 used=0.024 remain=1.94 turn_time=0.0236195 end_in=0.0236195 cand_pre=5 cand_cap=20 cand=5->5 pre=5 pick(must/bucket/top/rand)=1/2/2/0 depth0=7 depth=5 dlog=2 dper=0 sims=8877 loop=8872 gen_time=0 eval_time=0.024 best_avg=-0.0172641 best_move=1,2 leader=1 inc2=1 attack_w=0.520853 S0=1253 SA=1376 ratio=0.910675 my_comp=1 my_front=4 leader_comp=1 comp_gain(sz/front/cut)=1/2/0
DBG t=12 used=0.022 remain=1.665 turn_time=0.0216828 end_in=0.0216828 cand_pre=16 cand_cap=20 cand=16->16 pre=16 pick(must/bucket/top/rand)=1/3/12/0 depth0=7 depth=4 dlog=3 dper=0 sims=6412 loop=6396 gen_time=0 eval_time=0.022 best_avg=0.435187 best_move=1,0 leader=1 inc2=1 attack_w=0.2 S0=18564 SA=12115 ratio=1.53227 my_comp=6 my_front=13 leader_comp=4 comp_gain(sz/front/cut)=1/1/0
DBG t=24 used=0.021 remain=1.403 turn_time=0.0209158 end_in=0.0209158 cand_pre=18 cand_cap=20 cand=18->18 pre=18 pick(must/bucket/top/rand)=1/4/11/2 depth0=7 depth=3 dlog=4 dper=0 sims=6238 loop=6220 gen_time=0 eval_time=0.021 best_avg=0.291148 best_move=3,0 leader=1 inc2=1 attack_w=0.2 S0=34859 SA=26030 ratio=1.33917 my_comp=8 my_front=15 leader_comp=7 comp_gain(sz/front/cut)=0/0/0
DBG t=37 used=0.02 remain=1.13 turn_time=0.0198557 end_in=0.0198557 cand_pre=22 cand_cap=20 cand=22->20 pre=22 pick(must/bucket/top/rand)=1/7/8/4 depth0=10 depth=6 dlog=4 dper=0 sims=3472 loop=3452 gen_time=0 eval_time=0.02 best_avg=0.31465 best_move=4,3 leader=1 inc2=1 attack_w=0.2 S0=41439 SA=31150 ratio=1.33029 my_comp=11 my_front=16 leader_comp=4 comp_gain(sz/front/cut)=1/2/0
DBG t=49 used=0.019 remain=0.895 turn_time=0.0187424 end_in=0.0187424 cand_pre=28 cand_cap=20 cand=28->20 pre=28 pick(must/bucket/top/rand)=1/7/8/4 depth0=10 depth=5 dlog=4 dper=1 sims=3092 loop=3072 gen_time=0 eval_time=0.019 best_avg=0.29859 best_move=3,4 leader=1 inc2=1 attack_w=0.2 S0=47828 SA=34430 ratio=1.38913 my_comp=15 my_front=20 leader_comp=4 comp_gain(sz/front/cut)=1/0/0
DBG t=61 used=0.018 remain=0.67 turn_time=0.017566 end_in=0.017566 cand_pre=35 cand_cap=20 cand=35->20 pre=35 pick(must/bucket/top/rand)=1/7/8/4 depth0=10 depth=4 dlog=4 dper=2 sims=2632 loop=2612 gen_time=0 eval_time=0.018 best_avg=0.351326 best_move=1,7 leader=1 inc2=1 attack_w=0.2 S0=55439 SA=36674 ratio=1.51166 my_comp=19 my_front=25 leader_comp=5 comp_gain(sz/front/cut)=0/0/0
DBG t=74 used=0.017 remain=0.44 turn_time=0.0168638 end_in=0.0168638 cand_pre=39 cand_cap=20 cand=39->20 pre=39 pick(must/bucket/top/rand)=1/6/9/4 depth0=11 depth=4 dlog=5 dper=2 sims=2200 loop=2180 gen_time=0 eval_time=0.017 best_avg=0.368617 best_move=2,4 leader=1 inc2=1 attack_w=0.2 S0=66422 SA=46388 ratio=1.43187 my_comp=21 my_front=29 leader_comp=7 comp_gain(sz/front/cut)=0/0/0
DBG t=86 used=0.017 remain=0.236 turn_time=0.0162503 end_in=0.0162503 cand_pre=44 cand_cap=20 cand=44->20 pre=44 pick(must/bucket/top/rand)=1/6/9/4 depth0=11 depth=3 dlog=5 dper=3 sims=2108 loop=2088 gen_time=0 eval_time=0.017 best_avg=0.429427 best_move=1,6 leader=1 inc2=1 attack_w=0.2 S0=79337 SA=51794 ratio=1.53177 my_comp=23 my_front=33 leader_comp=8 comp_gain(sz/front/cut)=0/0/0
DBG depth_guard t=99 remain=0.017 cand_pre=47 depth0=0 depth=0
DBG t=99 used=0.011 remain=0.017 turn_time=0.0102 end_in=0.0102 cand_pre=47 cand_cap=14 cand=47->14 pre=42 pick(must/bucket/top/rand)=1/6/4/3 depth0=0 depth=0 dlog=5 dper=5 sims=39562 loop=39548 gen_time=0 eval_time=0.011 best_avg=0.468733 best_move=1,8 leader=1 inc2=1 attack_w=0.2 S0=84860 SA=53335 ratio=1.59106 my_comp=25 my_front=34 leader_comp=9 comp_gain(sz/front/cut)=0/0/0
DBG summary depth_guard_fired=1
Score = 137460
=== CASE 0193.txt ===
DBG hdr N=10 M=2 T=100 U=4 VMAX=1939 TIME_LIMIT=1.94 MAX_CAND=20 UCB_C=0.21 OBJ=log(S0+1)-log(SA+1)
DBG t=0 used=0.024 remain=1.94 turn_time=0.0236195 end_in=0.0236195 cand_pre=5 cand_cap=20 cand=5->5 pre=5 pick(must/bucket/top/rand)=1/2/2/0 depth0=7 depth=5 dlog=2 dper=0 sims=8969 loop=8964 gen_time=0 eval_time=0.024 best_avg=0.137882 best_move=5,6 leader=1 inc2=1 attack_w=0.13 S0=1874 SA=1313 ratio=1.42694 my_comp=1 my_front=4 leader_comp=1 comp_gain(sz/front/cut)=0/0/0
DBG t=12 used=0.023 remain=1.659 turn_time=0.0222174 end_in=0.0222174 cand_pre=11 cand_cap=20 cand=11->11 pre=11 pick(must/bucket/top/rand)=1/4/6/0 depth0=7 depth=4 dlog=3 dper=0 sims=8283 loop=8272 gen_time=0 eval_time=0.023 best_avg=0.180153 best_move=3,5 leader=1 inc2=1 attack_w=0.2 S0=23912 SA=19030 ratio=1.25653 my_comp=4 my_front=10 leader_comp=4 comp_gain(sz/front/cut)=0/0/0
DBG t=24 used=0.022 remain=1.393 turn_time=0.0211241 end_in=0.0211241 cand_pre=15 cand_cap=20 cand=15->15 pre=15 pick(must/bucket/top/rand)=1/4/10/0 depth0=7 depth=4 dlog=3 dper=0 sims=6111 loop=6096 gen_time=0 eval_time=0.022 best_avg=0.34127 best_move=5,4 leader=1 inc2=1 attack_w=0.2 S0=38792 SA=27732 ratio=1.3988 my_comp=6 my_front=12 leader_comp=5 comp_gain(sz/front/cut)=0/0/0
DBG t=37 used=0.021 remain=1.119 turn_time=0.0201242 end_in=0.0201242 cand_pre=18 cand_cap=20 cand=18->18 pre=18 pick(must/bucket/top/rand)=1/5/10/2 depth0=10 depth=6 dlog=4 dper=0 sims=4078 loop=4060 gen_time=0 eval_time=0.021 best_avg=0.509154 best_move=6,5 leader=1 inc2=1 attack_w=0.2 S0=50488 SA=31040 ratio=1.62653 my_comp=8 my_front=14 leader_comp=5 comp_gain(sz/front/cut)=0/0/0
DBG t=49 used=0.02 remain=0.876 turn_time=0.019126 end_in=0.019126 cand_pre=21 cand_cap=20 cand=21->20 pre=21 pick(must/bucket/top/rand)=1/6/9/4 depth0=10 depth=6 dlog=4 dper=0 sims=3620 loop=3600 gen_time=0 eval_time=0.02 best_avg=0.64749 best_move=4,4 leader=1 inc2=1 attack_w=0.2 S0=57695 SA=30598 ratio=1.88555 my_comp=10 my_front=18 leader_comp=6 comp_gain(sz/front/cut)=0/0/0
DBG t=61 used=0.018 remain=0.648 turn_time=0.0178532 end_in=0.0178532 cand_pre=27 cand_cap=20 cand=27->20 pre=27 pick(must/bucket/top/rand)=1/6/9/4 depth0=10 depth=5 dlog=4 dper=1 sims=3336 loop=3316 gen_time=0 eval_time=0.018 best_avg=0.959717 best_move=3,3 leader=1 inc2=1 attack_w=0.2 S0=60320 SA=24304 ratio=2.48184 my_comp=12 my_front=22 leader_comp=5 comp_gain(sz/front/cut)=0/0/0
DBG t=74 used=0.018 remain=0.414 turn_time=0.0173163 end_in=0.0173163 cand_pre=25 cand_cap=20 cand=25->20 pre=25 pick(must/bucket/top/rand)=1/6/9/4 depth0=11 depth=6 dlog=4 dper=1 sims=3004 loop=2984 gen_time=0 eval_time=0.018 best_avg=1.12677 best_move=3,3 leader=1 inc2=1 attack_w=0.2 S0=56225 SA=18216 ratio=3.08646 my_comp=11 my_front=20 leader_comp=3 comp_gain(sz/front/cut)=0/0/0
DBG t=86 used=0.016 remain=0.211 turn_time=0.0154105 end_in=0.0154105 cand_pre=35 cand_cap=20 cand=35->20 pre=35 pick(must/bucket/top/rand)=1/6/9/4 depth0=11 depth=5 dlog=4 dper=2 sims=2336 loop=2316 gen_time=0 eval_time=0.016 best_avg=1.74585 best_move=3,4 leader=1 inc2=1 attack_w=0.2 S0=54656 SA=10078 ratio=5.42286 my_comp=17 my_front=29 leader_comp=2 comp_gain(sz/front/cut)=0/0/0
DBG depth_guard t=99 remain=0.013 cand_pre=35 depth0=0 depth=0
DBG t=99 used=0.008 remain=0.013 turn_time=0.0078 end_in=0.0078 cand_pre=35 cand_cap=12 cand=35->12 pre=35 pick(must/bucket/top/rand)=1/4/5/2 depth0=0 depth=0 dlog=4 dper=4 sims=40016 loop=40004 gen_time=0 eval_time=0.008 best_avg=2.72178 best_move=4,4 leader=1 inc2=1 attack_w=0.13 S0=62442 SA=4113 ratio=15.1782 my_comp=19 my_front=25 leader_comp=1 comp_gain(sz/front/cut)=0/0/0
DBG summary depth_guard_fired=1
Score = 404979
=== CASE 0195.txt ===
DBG hdr N=10 M=8 T=100 U=4 VMAX=1904 TIME_LIMIT=1.94 MAX_CAND=20 UCB_C=0.21 OBJ=log(S0+1)-log(SA+1)
DBG t=0 used=0.024 remain=1.94 turn_time=0.0237456 end_in=0.0237456 cand_pre=4 cand_cap=20 cand=4->4 pre=4 pick(must/bucket/top/rand)=1/2/1/0 depth0=7 depth=6 dlog=1 dper=0 sims=3160 loop=3156 gen_time=0 eval_time=0.024 best_avg=-0.331397 best_move=1,9 leader=7 inc2=1 attack_w=0.85 S0=941 SA=1542 ratio=0.610499 my_comp=1 my_front=3 leader_comp=1 comp_gain(sz/front/cut)=1/1/0
DBG t=12 used=0.023 remain=1.659 turn_time=0.0223399 end_in=0.0223399 cand_pre=10 cand_cap=20 cand=10->10 pre=10 pick(must/bucket/top/rand)=1/7/2/0 depth0=7 depth=4 dlog=3 dper=0 sims=3358 loop=3348 gen_time=0 eval_time=0.023 best_avg=-0.412725 best_move=0,7 leader=4 inc2=1 attack_w=0.85 S0=11582 SA=17640 ratio=0.656595 my_comp=5 my_front=6 leader_comp=11 comp_gain(sz/front/cut)=0/0/0
DBG t=24 used=0.02 remain=1.401 turn_time=0.0195679 end_in=0.0195679 cand_pre=29 cand_cap=20 cand=29->20 pre=29 pick(must/bucket/top/rand)=1/8/7/4 depth0=7 depth=2 dlog=4 dper=1 sims=3488 loop=3468 gen_time=0 eval_time=0.02 best_avg=0.00467176 best_move=1,3 leader=4 inc2=1 attack_w=0.695249 S0=20948 SA=24689 ratio=0.848481 my_comp=14 my_front=23 leader_comp=4 comp_gain(sz/front/cut)=0/0/0
DBG t=37 used=0.02 remain=1.136 turn_time=0.0196095 end_in=0.0196095 cand_pre=25 cand_cap=20 cand=25->20 pre=25 pick(must/bucket/top/rand)=1/8/7/4 depth0=10 depth=6 dlog=4 dper=0 sims=1628 loop=1608 gen_time=0 eval_time=0.02 best_avg=0.101899 best_move=1,6 leader=4 inc2=1 attack_w=0.2 S0=29677 SA=26370 ratio=1.1254 my_comp=10 my_front=21 leader_comp=8 comp_gain(sz/front/cut)=0/0/0
DBG t=49 used=0.02 remain=0.896 turn_time=0.0194485 end_in=0.0194485 cand_pre=22 cand_cap=20 cand=22->20 pre=22 pick(must/bucket/top/rand)=1/7/8/4 depth0=10 depth=6 dlog=4 dper=0 sims=1664 loop=1644 gen_time=0 eval_time=0.02 best_avg=0.0894464 best_move=1,4 leader=2 inc2=1 attack_w=0.2 S0=33663 SA=29521 ratio=1.1403 my_comp=8 my_front=18 leader_comp=11 comp_gain(sz/front/cut)=0/0/0
DBG t=61 used=0.019 remain=0.659 turn_time=0.0185956 end_in=0.0185956 cand_pre=23 cand_cap=20 cand=23->20 pre=23 pick(must/bucket/top/rand)=1/6/9/4 depth0=10 depth=6 dlog=4 dper=0 sims=1612 loop=1592 gen_time=0 eval_time=0.019 best_avg=0.136272 best_move=1,3 leader=2 inc2=1 attack_w=0.2 S0=39975 SA=35156 ratio=1.13707 my_comp=9 my_front=18 leader_comp=11 comp_gain(sz/front/cut)=0/0/0
DBG t=74 used=0.018 remain=0.414 turn_time=0.0176268 end_in=0.0176268 cand_pre=22 cand_cap=20 cand=22->20 pre=22 pick(must/bucket/top/rand)=1/6/9/4 depth0=11 depth=7 dlog=4 dper=0 sims=1336 loop=1316 gen_time=0 eval_time=0.018 best_avg=0.0932516 best_move=1,3 leader=2 inc2=1 attack_w=0.2 S0=41209 SA=35156 ratio=1.17217 my_comp=9 my_front=18 leader_comp=11 comp_gain(sz/front/cut)=0/0/0
DBG t=86 used=0.016 remain=0.202 turn_time=0.0157849 end_in=0.0157849 cand_pre=24 cand_cap=20 cand=24->20 pre=24 pick(must/bucket/top/rand)=1/5/10/4 depth0=11 depth=6 dlog=4 dper=1 sims=1332 loop=1312 gen_time=0 eval_time=0.016 best_avg=0.180742 best_move=1,6 leader=1 inc2=1 attack_w=0.2 S0=47480 SA=40430 ratio=1.17437 my_comp=10 my_front=18 leader_comp=6 comp_gain(sz/front/cut)=0/0/0
DBG depth_guard t=99 remain=0.009 cand_pre=23 depth0=0 depth=0
DBG t=99 used=0.006 remain=0.009 turn_time=0.0054 end_in=0.0054 cand_pre=23 cand_cap=12 cand=23->12 pre=23 pick(must/bucket/top/rand)=1/4/5/2 depth0=0 depth=0 dlog=4 dper=4 sims=5540 loop=5528 gen_time=0 eval_time=0.006 best_avg=0.154427 best_move=1,3 leader=6 inc2=1 attack_w=0.2 S0=48670 SA=42884 ratio=1.13492 my_comp=10 my_front=18 leader_comp=14 comp_gain(sz/front/cut)=0/0/0
DBG summary depth_guard_fired=1
Score = 112954
=== CASE 0196.txt ===
DBG hdr N=10 M=2 T=100 U=3 VMAX=1521 TIME_LIMIT=1.94 MAX_CAND=20 UCB_C=0.21 OBJ=log(S0+1)-log(SA+1)
DBG t=0 used=0.024 remain=1.94 turn_time=0.0236195 end_in=0.0236195 cand_pre=5 cand_cap=20 cand=5->5 pre=5 pick(must/bucket/top/rand)=1/2/2/0 depth0=7 depth=5 dlog=2 dper=0 sims=9581 loop=9576 gen_time=0 eval_time=0.024 best_avg=-0.164012 best_move=7,4 leader=1 inc2=1 attack_w=0.13 S0=1486 SA=1376 ratio=1.07988 my_comp=1 my_front=4 leader_comp=1 comp_gain(sz/front/cut)=0/0/0
DBG t=12 used=0.022 remain=1.661 turn_time=0.0216307 end_in=0.0216307 cand_pre=16 cand_cap=20 cand=16->16 pre=16 pick(must/bucket/top/rand)=1/4/11/0 depth0=7 depth=4 dlog=3 dper=0 sims=5932 loop=5916 gen_time=0 eval_time=0.022 best_avg=-0.0377441 best_move=3,3 leader=1 inc2=1 attack_w=0.428847 S0=17636 SA=18617 ratio=0.947309 my_comp=6 my_front=12 leader_comp=5 comp_gain(sz/front/cut)=1/2/4
DBG t=24 used=0.021 remain=1.401 turn_time=0.0206463 end_in=0.0206463 cand_pre=20 cand_cap=20 cand=20->20 pre=20 pick(must/bucket/top/rand)=1/6/9/4 depth0=7 depth=3 dlog=4 dper=0 sims=5600 loop=5580 gen_time=0 eval_time=0.021 best_avg=-0.114557 best_move=3,3 leader=1 inc2=1 attack_w=0.535952 S0=24272 SA=26822 ratio=0.904932 my_comp=8 my_front=16 leader_comp=7 comp_gain(sz/front/cut)=0/0/0
DBG t=37 used=0.019 remain=1.133 turn_time=0.0188564 end_in=0.0188564 cand_pre=31 cand_cap=20 cand=31->20 pre=31 pick(must/bucket/top/rand)=1/6/9/4 depth0=10 depth=5 dlog=4 dper=1 sims=2668 loop=2648 gen_time=0 eval_time=0.019 best_avg=-0.03353 best_move=3,7 leader=1 inc2=1 attack_w=0.374996 S0=34516 SA=35578 ratio=0.970151 my_comp=13 my_front=24 leader_comp=11 comp_gain(sz/front/cut)=0/0/0
DBG t=49 used=0.019 remain=0.9 turn_time=0.0180441 end_in=0.0180441 cand_pre=35 cand_cap=20 cand=35->20 pre=35 pick(must/bucket/top/rand)=1/6/9/4 depth0=10 depth=4 dlog=4 dper=2 sims=2636 loop=2616 gen_time=0 eval_time=0.019 best_avg=0.0296046 best_move=2,3 leader=1 inc2=1 attack_w=0.233812 S0=45966 SA=44385 ratio=1.03562 my_comp=15 my_front=27 leader_comp=13 comp_gain(sz/front/cut)=0/0/0
DBG t=61 used=0.019 remain=0.68 turn_time=0.0181682 end_in=0.0181682 cand_pre=32 cand_cap=20 cand=32->20 pre=32 pick(must/bucket/top/rand)=1/4/11/4 depth0=10 depth=5 dlog=4 dper=1 sims=2320 loop=2300 gen_time=0 eval_time=0.019 best_avg=0.076812 best_move=7,1 leader=1 inc2=1 attack_w=0.2 S0=59440 SA=55384 ratio=1.07323 my_comp=14 my_front=26 leader_comp=16 comp_gain(sz/front/cut)=0/0/0
DBG t=74 used=0.017 remain=0.444 turn_time=0.0169062 end_in=0.0169062 cand_pre=40 cand_cap=20 cand=40->20 pre=40 pick(must/bucket/top/rand)=1/4/11/4 depth0=11 depth=4 dlog=5 dper=2 sims=1856 loop=1836 gen_time=0 eval_time=0.017 best_avg=0.143894 best_move=9,5 leader=1 inc2=1 attack_w=0.2 S0=75631 SA=65833 ratio=1.14883 my_comp=20 my_front=34 leader_comp=20 comp_gain(sz/front/cut)=1/1/0
DBG t=86 used=0.017 remain=0.242 turn_time=0.016214 end_in=0.016214 cand_pre=48 cand_cap=20 cand=48->20 pre=48 pick(must/bucket/top/rand)=1/5/10/4 depth0=11 depth=3 dlog=5 dper=3 sims=1700 loop=1680 gen_time=0 eval_time=0.017 best_avg=0.192642 best_move=5,5 leader=1 inc2=1 attack_w=0.2 S0=85652 SA=71208 ratio=1.20284 my_comp=24 my_front=40 leader_comp=24 comp_gain(sz/front/cut)=1/2/23
DBG depth_guard t=99 remain=0.011 cand_pre=15 depth0=0 depth=0
DBG t=99 used=0.007 remain=0.011 turn_time=0.0066 end_in=0.0066 cand_pre=15 cand_cap=12 cand=15->12 pre=15 pick(must/bucket/top/rand)=1/5/4/2 depth0=0 depth=0 dlog=3 dper=2 sims=27028 loop=27016 gen_time=0 eval_time=0.007 best_avg=0.227855 best_move=3,4 leader=1 inc2=1 attack_w=0.2 S0=88442 SA=71923 ratio=1.22967 my_comp=6 my_front=12 leader_comp=3 comp_gain(sz/front/cut)=27/44/0
DBG summary depth_guard_fired=1
Score = 117476
=== CASE 0197.txt ===
DBG hdr N=10 M=2 T=100 U=5 VMAX=2471 TIME_LIMIT=1.94 MAX_CAND=20 UCB_C=0.21 OBJ=log(S0+1)-log(SA+1)
DBG t=0 used=0.024 remain=1.94 turn_time=0.0236195 end_in=0.0236195 cand_pre=5 cand_cap=20 cand=5->5 pre=5 pick(must/bucket/top/rand)=1/2/2/0 depth0=7 depth=5 dlog=2 dper=0 sims=8737 loop=8732 gen_time=0 eval_time=0.024 best_avg=-0.572199 best_move=1,7 leader=1 inc2=1 attack_w=0.13 S0=1317 SA=796 ratio=1.6537 my_comp=1 my_front=4 leader_comp=1 comp_gain(sz/front/cut)=1/2/0
DBG t=12 used=0.023 remain=1.662 turn_time=0.0220121 end_in=0.0220121 cand_pre=13 cand_cap=20 cand=13->13 pre=13 pick(must/bucket/top/rand)=1/2/10/0 depth0=7 depth=4 dlog=3 dper=0 sims=5677 loop=5664 gen_time=0 eval_time=0.023 best_avg=-0.29548 best_move=2,6 leader=1 inc2=1 attack_w=0.795146 S0=16618 SA=20352 ratio=0.816538 my_comp=4 my_front=10 leader_comp=13 comp_gain(sz/front/cut)=0/0/0
DBG t=24 used=0.022 remain=1.397 turn_time=0.0211848 end_in=0.0211848 cand_pre=15 cand_cap=20 cand=15->15 pre=15 pick(must/bucket/top/rand)=1/2/12/0 depth0=7 depth=4 dlog=3 dper=0 sims=4519 loop=4504 gen_time=0 eval_time=0.022 best_avg=-0.236829 best_move=2,4 leader=1 inc2=1 attack_w=0.748138 S0=31070 SA=37377 ratio=0.831264 my_comp=5 my_front=12 leader_comp=21 comp_gain(sz/front/cut)=1/2/0
DBG t=37 used=0.02 remain=1.13 turn_time=0.019506 end_in=0.019506 cand_pre=25 cand_cap=20 cand=25->20 pre=25 pick(must/bucket/top/rand)=1/5/10/4 depth0=10 depth=6 dlog=4 dper=0 sims=2352 loop=2332 gen_time=0 eval_time=0.02 best_avg=-0.155157 best_move=3,6 leader=1 inc2=1 attack_w=0.62105 S0=45658 SA=52248 ratio=0.873873 my_comp=9 my_front=20 leader_comp=30 comp_gain(sz/front/cut)=0/0/0
DBG t=49 used=0.019 remain=0.892 turn_time=0.0186795 end_in=0.0186795 cand_pre=28 cand_cap=20 cand=28->20 pre=28 pick(must/bucket/top/rand)=1/6/9/4 depth0=10 depth=5 dlog=4 dper=1 sims=2208 loop=2188 gen_time=0 eval_time=0.019 best_avg=-0.143791 best_move=2,1 leader=1 inc2=1 attack_w=0.58329 S0=54387 SA=61289 ratio=0.887388 my_comp=11 my_front=23 leader_comp=33 comp_gain(sz/front/cut)=1/2/0
DBG t=61 used=0.018 remain=0.672 turn_time=0.0176185 end_in=0.0176185 cand_pre=35 cand_cap=20 cand=35->20 pre=35 pick(must/bucket/top/rand)=1/8/7/4 depth0=10 depth=4 dlog=4 dper=2 sims=1956 loop=1936 gen_time=0 eval_time=0.018 best_avg=-0.0271494 best_move=3,1 leader=1 inc2=1 attack_w=0.368516 S0=66026 SA=67860 ratio=0.972974 my_comp=15 my_front=27 leader_comp=35 comp_gain(sz/front/cut)=1/2/1
DBG t=74 used=0.017 remain=0.441 turn_time=0.0165714 end_in=0.0165714 cand_pre=42 cand_cap=20 cand=42->20 pre=42 pick(must/bucket/top/rand)=1/8/7/4 depth0=11 depth=3 dlog=5 dper=3 sims=2104 loop=2084 gen_time=0 eval_time=0.017 best_avg=0.16911 best_move=6,0 leader=1 inc2=1 attack_w=0.2 S0=72560 SA=61985 ratio=1.1706 my_comp=20 my_front=31 leader_comp=30 comp_gain(sz/front/cut)=0/0/0
DBG t=86 used=0.016 remain=0.237 turn_time=0.015989 end_in=0.015989 cand_pre=47 cand_cap=20 cand=47->20 pre=47 pick(must/bucket/top/rand)=1/8/7/4 depth0=11 depth=3 dlog=5 dper=3 sims=1660 loop=1640 gen_time=0 eval_time=0.016 best_avg=0.420508 best_move=9,1 leader=1 inc2=1 attack_w=0.2 S0=91481 SA=63860 ratio=1.43252 my_comp=23 my_front=33 leader_comp=28 comp_gain(sz/front/cut)=0/0/0
DBG depth_guard t=99 remain=0.014 cand_pre=28 depth0=0 depth=0
DBG t=99 used=0.009 remain=0.014 turn_time=0.0084 end_in=0.0084 cand_pre=28 cand_cap=14 cand=28->14 pre=28 pick(must/bucket/top/rand)=1/8/2/3 depth0=0 depth=0 dlog=4 dper=3 sims=17498 loop=17484 gen_time=0 eval_time=0.009 best_avg=0.644029 best_move=5,1 leader=1 inc2=1 attack_w=0.2 S0=102980 SA=54844 ratio=1.87767 my_comp=17 my_front=18 leader_comp=27 comp_gain(sz/front/cut)=0/0/0
DBG summary depth_guard_fired=1
Score = 154643
=== CASE 0199.txt ===
DBG hdr N=10 M=2 T=100 U=4 VMAX=1844 TIME_LIMIT=1.94 MAX_CAND=20 UCB_C=0.21 OBJ=log(S0+1)-log(SA+1)
DBG t=0 used=0.024 remain=1.94 turn_time=0.0236195 end_in=0.0236195 cand_pre=5 cand_cap=20 cand=5->5 pre=5 pick(must/bucket/top/rand)=1/2/2/0 depth0=7 depth=5 dlog=2 dper=0 sims=8237 loop=8232 gen_time=0 eval_time=0.024 best_avg=0.307391 best_move=1,7 leader=1 inc2=1 attack_w=0.13 S0=1681 SA=865 ratio=1.94226 my_comp=1 my_front=4 leader_comp=1 comp_gain(sz/front/cut)=1/2/0
DBG t=12 used=0.022 remain=1.661 turn_time=0.0215081 end_in=0.0215081 cand_pre=17 cand_cap=20 cand=17->17 pre=17 pick(must/bucket/top/rand)=1/8/7/1 depth0=7 depth=4 dlog=3 dper=0 sims=5565 loop=5548 gen_time=0 eval_time=0.022 best_avg=0.568715 best_move=0,7 leader=1 inc2=1 attack_w=0.2 S0=22695 SA=13121 ratio=1.72961 my_comp=7 my_front=14 leader_comp=6 comp_gain(sz/front/cut)=1/1/1
DBG t=24 used=0.02 remain=1.405 turn_time=0.0199843 end_in=0.0199843 cand_pre=26 cand_cap=20 cand=26->20 pre=26 pick(must/bucket/top/rand)=1/6/9/4 depth0=7 depth=3 dlog=4 dper=0 sims=3908 loop=3888 gen_time=0 eval_time=0.02 best_avg=0.994484 best_move=1,5 leader=1 inc2=1 attack_w=0.2 S0=42365 SA=15436 ratio=2.74445 my_comp=17 my_front=14 leader_comp=1 comp_gain(sz/front/cut)=1/2/0
DBG t=37 used=0.019 remain=1.152 turn_time=0.0184594 end_in=0.0184594 cand_pre=37 cand_cap=20 cand=37->20 pre=37 pick(must/bucket/top/rand)=1/8/7/4 depth0=10 depth=3 dlog=5 dper=2 sims=2480 loop=2460 gen_time=0 eval_time=0.019 best_avg=1.24291 best_move=6,8 leader=1 inc2=1 attack_w=0.2 S0=55797 SA=14536 ratio=3.83834 my_comp=25 my_front=20 leader_comp=7 comp_gain(sz/front/cut)=1/2/5
DBG t=49 used=0.018 remain=0.934 turn_time=0.0175354 end_in=0.0175354 cand_pre=45 cand_cap=20 cand=45->20 pre=45 pick(must/bucket/top/rand)=1/8/7/4 depth0=10 depth=2 dlog=5 dper=3 sims=2128 loop=2108 gen_time=0 eval_time=0.018 best_avg=1.22041 best_move=2,4 leader=1 inc2=1 attack_w=0.2 S0=69278 SA=19188 ratio=3.61035 my_comp=31 my_front=22 leader_comp=7 comp_gain(sz/front/cut)=1/-2/1
DBG t=61 used=0.018 remain=0.722 turn_time=0.0171244 end_in=0.0171244 cand_pre=50 cand_cap=20 cand=50->20 pre=50 pick(must/bucket/top/rand)=1/8/7/4 depth0=10 depth=2 dlog=5 dper=3 sims=1804 loop=1784 gen_time=0 eval_time=0.018 best_avg=1.21587 best_move=3,3 leader=1 inc2=1 attack_w=0.2 S0=81059 SA=22654 ratio=3.57802 my_comp=35 my_front=22 leader_comp=11 comp_gain(sz/front/cut)=0/0/0
DBG t=74 used=0.017 remain=0.499 turn_time=0.0168796 end_in=0.0168796 cand_pre=57 cand_cap=20 cand=57->20 pre=57 pick(must/bucket/top/rand)=1/8/7/4 depth0=11 depth=2 dlog=5 dper=4 sims=1488 loop=1468 gen_time=0 eval_time=0.017 best_avg=1.52491 best_move=0,4 leader=1 inc2=1 attack_w=0.2 S0=90548 SA=19917 ratio=4.54609 my_comp=42 my_front=25 leader_comp=10 comp_gain(sz/front/cut)=0/0/0
DBG t=86 used=0.018 remain=0.286 turn_time=0.0175686 end_in=0.0175686 cand_pre=60 cand_cap=20 cand=60->20 pre=60 pick(must/bucket/top/rand)=1/8/7/4 depth0=11 depth=2 dlog=5 dper=4 sims=1456 loop=1436 gen_time=0 eval_time=0.018 best_avg=1.76016 best_move=3,3 leader=1 inc2=1 attack_w=0.2 S0=95461 SA=17156 ratio=5.56403 my_comp=45 my_front=25 leader_comp=12 comp_gain(sz/front/cut)=0/0/0
DBG t=99 used=0.019 remain=0.031 turn_time=0.0186 end_in=0.0186 cand_pre=62 cand_cap=14 cand=62->14 pre=42 pick(must/bucket/top/rand)=1/8/2/3 depth0=0 depth=0 dlog=5 dper=4 sims=62490 loop=62476 gen_time=0 eval_time=0.019 best_avg=1.95174 best_move=1,2 leader=1 inc2=1 attack_w=0.2 S0=100881 SA=14616 ratio=6.90169 my_comp=48 my_front=21 leader_comp=11 comp_gain(sz/front/cut)=1/2/10
DBG summary depth_guard_fired=0
Score = 300509
=== CASE 0198.txt ===
DBG hdr N=10 M=8 T=100 U=4 VMAX=1359 TIME_LIMIT=1.94 MAX_CAND=20 UCB_C=0.21 OBJ=log(S0+1)-log(SA+1)
DBG t=0 used=0.024 remain=1.94 turn_time=0.0236195 end_in=0.0236195 cand_pre=5 cand_cap=20 cand=5->5 pre=5 pick(must/bucket/top/rand)=1/2/2/0 depth0=7 depth=5 dlog=2 dper=0 sims=4273 loop=4268 gen_time=0 eval_time=0.024 best_avg=-0.203292 best_move=6,7 leader=4 inc2=1 attack_w=0.85 S0=842 SA=1277 ratio=0.659624 my_comp=1 my_front=4 leader_comp=1 comp_gain(sz/front/cut)=1/2/0
DBG t=12 used=0.022 remain=1.66 turn_time=0.0219856 end_in=0.0219856 cand_pre=13 cand_cap=20 cand=13->13 pre=13 pick(must/bucket/top/rand)=1/4/8/0 depth0=7 depth=4 dlog=3 dper=0 sims=2629 loop=2616 gen_time=0 eval_time=0.022 best_avg=-0.24688 best_move=6,6 leader=4 inc2=1 attack_w=0.691508 S0=12569 SA=14792 ratio=0.849726 my_comp=5 my_front=10 leader_comp=10 comp_gain(sz/front/cut)=0/0/0
DBG t=24 used=0.022 remain=1.397 turn_time=0.0210653 end_in=0.0210653 cand_pre=16 cand_cap=20 cand=16->16 pre=16 pick(must/bucket/top/rand)=1/6/9/0 depth0=7 depth=4 dlog=3 dper=0 sims=2200 loop=2184 gen_time=0 eval_time=0.022 best_avg=-0.140319 best_move=6,6 leader=5 inc2=1 attack_w=0.464236 S0=21165 SA=22688 ratio=0.932875 my_comp=7 my_front=14 leader_comp=16 comp_gain(sz/front/cut)=0/0/0
DBG t=37 used=0.02 remain=1.12 turn_time=0.0197956 end_in=0.0197956 cand_pre=21 cand_cap=20 cand=21->20 pre=21 pick(must/bucket/top/rand)=1/6/9/4 depth0=10 depth=6 dlog=4 dper=0 sims=1468 loop=1448 gen_time=0 eval_time=0.02 best_avg=-0.0289654 best_move=6,6 leader=1 inc2=1 attack_w=0.462823 S0=26702 SA=28606 ratio=0.933443 my_comp=9 my_front=16 leader_comp=13 comp_gain(sz/front/cut)=0/0/0
DBG t=49 used=0.019 remain=0.88 turn_time=0.018989 end_in=0.018989 cand_pre=23 cand_cap=20 cand=23->20 pre=23 pick(must/bucket/top/rand)=1/7/8/4 depth0=10 depth=6 dlog=4 dper=0 sims=1296 loop=1276 gen_time=0 eval_time=0.019 best_avg=-0.0481656 best_move=4,8 leader=1 inc2=1 attack_w=0.425196 S0=31258 SA=32944 ratio=0.948824 my_comp=10 my_front=18 leader_comp=13 comp_gain(sz/front/cut)=0/0/0
DBG t=61 used=0.019 remain=0.65 turn_time=0.018125 end_in=0.018125 cand_pre=25 cand_cap=20 cand=25->20 pre=25 pick(must/bucket/top/rand)=1/5/10/4 depth0=10 depth=5 dlog=4 dper=1 sims=1548 loop=1528 gen_time=0 eval_time=0.019 best_avg=0.0435861 best_move=9,8 leader=6 inc2=1 attack_w=0.372767 S0=32314 SA=33275 ratio=0.97112 my_comp=12 my_front=18 leader_comp=15 comp_gain(sz/front/cut)=0/0/0
DBG t=74 used=0.018 remain=0.412 turn_time=0.0170267 end_in=0.0170267 cand_pre=27 cand_cap=20 cand=27->20 pre=27 pick(must/bucket/top/rand)=1/5/10/4 depth0=11 depth=6 dlog=4 dper=1 sims=1304 loop=1284 gen_time=0 eval_time=0.018 best_avg=0.103343 best_move=9,8 leader=4 inc2=1 attack_w=0.2 S0=38351 SA=35874 ratio=1.06905 my_comp=13 my_front=22 leader_comp=22 comp_gain(sz/front/cut)=0/0/0
DBG t=86 used=0.017 remain=0.206 turn_time=0.0160018 end_in=0.0160018 cand_pre=25 cand_cap=20 cand=25->20 pre=25 pick(must/bucket/top/rand)=1/5/10/4 depth0=11 depth=6 dlog=4 dper=1 sims=1392 loop=1372 gen_time=0 eval_time=0.017 best_avg=0.0869101 best_move=4,7 leader=4 inc2=1 attack_w=0.2 S0=44411 SA=39504 ratio=1.12421 my_comp=12 my_front=20 leader_comp=21 comp_gain(sz/front/cut)=0/0/0
DBG depth_guard t=99 remain=0.01 cand_pre=27 depth0=0 depth=0
DBG t=99 used=0.007 remain=0.01 turn_time=0.006 end_in=0.006 cand_pre=27 cand_cap=12 cand=27->12 pre=27 pick(must/bucket/top/rand)=1/5/4/2 depth0=0 depth=0 dlog=4 dper=4 sims=5476 loop=5464 gen_time=0 eval_time=0.007 best_avg=0.196026 best_move=4,8 leader=2 inc2=1 attack_w=0.2 S0=47059 SA=38647 ratio=1.21766 my_comp=13 my_front=22 leader_comp=12 comp_gain(sz/front/cut)=0/0/0
DBG summary depth_guard_fired=1
Score = 116351
