=== CASE 0001.txt ===
DBG hdr N=10 M=5 T=100 U=4 VMAX=1609 TIME_LIMIT=1.94 MAX_CAND=20 UCB_C=0.21
DBG t=0 used=0.024 remain=1.94 turn_time=0.0236195 end_in=0.0236195 cand_pre=5 cand_cap=20 cand=5->5 pre=5 pick(must/bucket/top/rand)=1/2/2/0 depth0=7 depth=5 dlog=2 dper=0 sims=6205 loop=6200 gen_time=0 eval_time=0.024 best_avg=-0.651032 best_move=3,3 leader=4 inc2=1 attack_w=0.13
DBG t=12 used=0.022 remain=1.661 turn_time=0.0216307 end_in=0.0216307 cand_pre=16 cand_cap=20 cand=16->16 pre=16 pick(must/bucket/top/rand)=1/7/8/0 depth0=7 depth=4 dlog=3 dper=0 sims=5168 loop=5152 gen_time=0 eval_time=0.022 best_avg=-0.639641 best_move=4,2 leader=3 inc2=1 attack_w=0.2
DBG t=24 used=0.02 remain=1.405 turn_time=0.0199843 end_in=0.0199843 cand_pre=26 cand_cap=20 cand=26->20 pre=26 pick(must/bucket/top/rand)=1/8/7/4 depth0=7 depth=3 dlog=4 dper=0 sims=5612 loop=5592 gen_time=0 eval_time=0.02 best_avg=-0.483475 best_move=3,2 leader=3 inc2=1 attack_w=0.2
DBG t=37 used=0.02 remain=1.145 turn_time=0.0194105 end_in=0.0194105 cand_pre=28 cand_cap=20 cand=28->20 pre=28 pick(must/bucket/top/rand)=1/8/7/4 depth0=10 depth=5 dlog=4 dper=1 sims=2504 loop=2484 gen_time=0 eval_time=0.02 best_avg=-0.444945 best_move=7,1 leader=3 inc2=1 attack_w=0.2
DBG t=49 used=0.019 remain=0.912 turn_time=0.0180522 end_in=0.0180522 cand_pre=37 cand_cap=20 cand=37->20 pre=37 pick(must/bucket/top/rand)=1/8/7/4 depth0=10 depth=3 dlog=5 dper=2 sims=3700 loop=3680 gen_time=0 eval_time=0.019 best_avg=-0.377046 best_move=3,2 leader=3 inc2=1 attack_w=0.2
DBG t=61 used=0.018 remain=0.693 turn_time=0.017707 end_in=0.017707 cand_pre=39 cand_cap=20 cand=39->20 pre=39 pick(must/bucket/top/rand)=1/6/9/4 depth0=10 depth=3 dlog=5 dper=2 sims=3036 loop=3016 gen_time=0 eval_time=0.018 best_avg=-0.485481 best_move=3,2 leader=3 inc2=1 attack_w=0.2
DBG t=74 used=0.018 remain=0.459 turn_time=0.0177068 end_in=0.0177068 cand_pre=38 cand_cap=20 cand=38->20 pre=38 pick(must/bucket/top/rand)=1/6/9/4 depth0=11 depth=4 dlog=5 dper=2 sims=2084 loop=2064 gen_time=0 eval_time=0.018 best_avg=-0.604281 best_move=5,3 leader=1 inc2=1 attack_w=0.2
DBG t=86 used=0.018 remain=0.243 turn_time=0.0172964 end_in=0.0172964 cand_pre=39 cand_cap=20 cand=39->20 pre=39 pick(must/bucket/top/rand)=1/6/9/4 depth0=11 depth=4 dlog=5 dper=2 sims=2168 loop=2148 gen_time=0 eval_time=0.018 best_avg=-0.746152 best_move=7,3 leader=1 inc2=1 attack_w=0.2
DBG depth_guard t=99 remain=0.016 cand_pre=36 depth0=0 depth=0
DBG t=99 used=0.01 remain=0.016 turn_time=0.0096 end_in=0.0096 cand_pre=36 cand_cap=14 cand=36->14 pre=36 pick(must/bucket/top/rand)=1/6/4/3 depth0=0 depth=0 dlog=5 dper=4 sims=9370 loop=9356 gen_time=0 eval_time=0.01 best_avg=-0.798415 best_move=3,2 leader=1 inc2=1 attack_w=0.24861
DBG summary depth_guard_fired=1
Score = 102265
=== CASE 0005.txt ===
DBG hdr N=10 M=5 T=100 U=4 VMAX=1648 TIME_LIMIT=1.94 MAX_CAND=20 UCB_C=0.21
DBG t=0 used=0.024 remain=1.94 turn_time=0.0238717 end_in=0.0238717 cand_pre=3 cand_cap=20 cand=3->3 pre=3 pick(must/bucket/top/rand)=1/2/0/0 depth0=7 depth=6 dlog=1 dper=0 sims=4967 loop=4964 gen_time=0 eval_time=0.024 best_avg=-1.05015 best_move=1,9 leader=4 inc2=1 attack_w=0.85
DBG t=12 used=0.023 remain=1.66 turn_time=0.0223534 end_in=0.0223534 cand_pre=10 cand_cap=20 cand=10->10 pre=10 pick(must/bucket/top/rand)=1/5/4/0 depth0=7 depth=4 dlog=3 dper=0 sims=4734 loop=4724 gen_time=0 eval_time=0.023 best_avg=-0.730546 best_move=5,9 leader=4 inc2=1 attack_w=0.2
DBG t=24 used=0.022 remain=1.395 turn_time=0.0215124 end_in=0.0215124 cand_pre=12 cand_cap=20 cand=12->12 pre=12 pick(must/bucket/top/rand)=1/4/7/0 depth0=7 depth=4 dlog=3 dper=0 sims=4648 loop=4636 gen_time=0 eval_time=0.022 best_avg=-0.958297 best_move=2,9 leader=4 inc2=0 attack_w=0.608327
DBG t=37 used=0.021 remain=1.119 turn_time=0.0200088 end_in=0.0200088 cand_pre=19 cand_cap=20 cand=19->19 pre=19 pick(must/bucket/top/rand)=1/4/11/3 depth0=10 depth=6 dlog=4 dper=0 sims=2659 loop=2640 gen_time=0 eval_time=0.021 best_avg=-1.01254 best_move=7,7 leader=4 inc2=0 attack_w=0.518528
DBG t=49 used=0.019 remain=0.883 turn_time=0.0184911 end_in=0.0184911 cand_pre=28 cand_cap=20 cand=28->20 pre=28 pick(must/bucket/top/rand)=1/4/11/4 depth0=10 depth=5 dlog=4 dper=1 sims=2704 loop=2684 gen_time=0 eval_time=0.019 best_avg=-0.922869 best_move=9,6 leader=4 inc2=0 attack_w=0.658824
DBG t=61 used=0.018 remain=0.657 turn_time=0.0176632 end_in=0.0176632 cand_pre=31 cand_cap=20 cand=31->20 pre=31 pick(must/bucket/top/rand)=1/4/11/4 depth0=10 depth=5 dlog=4 dper=1 sims=2260 loop=2240 gen_time=0 eval_time=0.018 best_avg=-0.885006 best_move=9,7 leader=4 inc2=0 attack_w=0.5034
DBG t=74 used=0.017 remain=0.426 turn_time=0.0167533 end_in=0.0167533 cand_pre=35 cand_cap=20 cand=35->20 pre=35 pick(must/bucket/top/rand)=1/4/11/4 depth0=11 depth=5 dlog=4 dper=2 sims=1796 loop=1776 gen_time=0 eval_time=0.017 best_avg=-0.797898 best_move=9,4 leader=4 inc2=0 attack_w=0.365804
DBG t=86 used=0.016 remain=0.224 turn_time=0.01584 end_in=0.01584 cand_pre=40 cand_cap=20 cand=40->20 pre=40 pick(must/bucket/top/rand)=1/4/11/4 depth0=11 depth=3 dlog=5 dper=3 sims=3440 loop=3420 gen_time=0 eval_time=0.016 best_avg=-0.73705 best_move=8,3 leader=4 inc2=0 attack_w=0.2
DBG depth_guard t=99 remain=0.015 cand_pre=39 depth0=0 depth=0
DBG t=99 used=0.01 remain=0.015 turn_time=0.009 end_in=0.009 cand_pre=39 cand_cap=14 cand=39->14 pre=39 pick(must/bucket/top/rand)=1/4/6/3 depth0=0 depth=0 dlog=5 dper=4 sims=16350 loop=16336 gen_time=0 eval_time=0.01 best_avg=-0.805816 best_move=5,7 leader=4 inc2=0 attack_w=0.22847
DBG summary depth_guard_fired=1
Score = 103629
=== CASE 0003.txt ===
DBG hdr N=10 M=4 T=100 U=5 VMAX=1503 TIME_LIMIT=1.94 MAX_CAND=20 UCB_C=0.21
DBG t=0 used=0.024 remain=1.94 turn_time=0.0236195 end_in=0.0236195 cand_pre=5 cand_cap=20 cand=5->5 pre=5 pick(must/bucket/top/rand)=1/2/2/0 depth0=7 depth=5 dlog=2 dper=0 sims=7793 loop=7788 gen_time=0 eval_time=0.024 best_avg=-1.05282 best_move=7,4 leader=1 inc2=0 attack_w=0.13
DBG t=12 used=0.023 remain=1.659 turn_time=0.0222174 end_in=0.0222174 cand_pre=11 cand_cap=20 cand=11->11 pre=11 pick(must/bucket/top/rand)=1/3/7/0 depth0=7 depth=4 dlog=3 dper=0 sims=5783 loop=5772 gen_time=0 eval_time=0.023 best_avg=-0.999735 best_move=7,5 leader=1 inc2=0 attack_w=0.238975
DBG t=24 used=0.021 remain=1.395 turn_time=0.0203193 end_in=0.0203193 cand_pre=22 cand_cap=20 cand=22->20 pre=22 pick(must/bucket/top/rand)=1/6/9/4 depth0=7 depth=3 dlog=4 dper=0 sims=7332 loop=7312 gen_time=0 eval_time=0.021 best_avg=-0.728359 best_move=6,8 leader=1 inc2=0 attack_w=0.2
DBG t=37 used=0.022 remain=1.121 turn_time=0.0213168 end_in=0.0213168 cand_pre=8 cand_cap=20 cand=8->8 pre=8 pick(must/bucket/top/rand)=1/7/0/0 depth0=10 depth=8 dlog=2 dper=0 sims=2272 loop=2264 gen_time=0 eval_time=0.022 best_avg=-0.655845 best_move=9,8 leader=1 inc2=1 attack_w=0.2
DBG t=49 used=0.02 remain=0.884 turn_time=0.0190753 end_in=0.0190753 cand_pre=23 cand_cap=20 cand=23->20 pre=23 pick(must/bucket/top/rand)=1/8/7/4 depth0=10 depth=6 dlog=4 dper=0 sims=2768 loop=2748 gen_time=0 eval_time=0.02 best_avg=-0.614975 best_move=7,8 leader=1 inc2=1 attack_w=0.2
DBG t=61 used=0.018 remain=0.654 turn_time=0.0175825 end_in=0.0175825 cand_pre=31 cand_cap=20 cand=31->20 pre=31 pick(must/bucket/top/rand)=1/4/11/4 depth0=10 depth=5 dlog=4 dper=1 sims=2680 loop=2660 gen_time=0 eval_time=0.018 best_avg=-0.672807 best_move=9,8 leader=3 inc2=1 attack_w=0.2
DBG t=74 used=0.017 remain=0.428 turn_time=0.0167249 end_in=0.0167249 cand_pre=36 cand_cap=20 cand=36->20 pre=36 pick(must/bucket/top/rand)=1/4/11/4 depth0=11 depth=4 dlog=5 dper=2 sims=3132 loop=3112 gen_time=0 eval_time=0.017 best_avg=-0.716498 best_move=6,2 leader=3 inc2=0 attack_w=0.2
DBG t=86 used=0.016 remain=0.224 turn_time=0.015944 end_in=0.015944 cand_pre=39 cand_cap=20 cand=39->20 pre=39 pick(must/bucket/top/rand)=1/4/11/4 depth0=11 depth=4 dlog=5 dper=2 sims=2788 loop=2768 gen_time=0 eval_time=0.016 best_avg=-0.699682 best_move=6,8 leader=3 inc2=0 attack_w=0.2
DBG depth_guard t=99 remain=0.015 cand_pre=39 depth0=0 depth=0
DBG t=99 used=0.01 remain=0.015 turn_time=0.009 end_in=0.009 cand_pre=39 cand_cap=14 cand=39->14 pre=39 pick(must/bucket/top/rand)=1/4/6/3 depth0=0 depth=0 dlog=5 dper=4 sims=14050 loop=14036 gen_time=0 eval_time=0.01 best_avg=-0.716547 best_move=9,5 leader=3 inc2=0 attack_w=0.2
DBG summary depth_guard_fired=1
Score = 129663
=== CASE 0000.txt ===
DBG hdr N=10 M=4 T=100 U=2 VMAX=1656 TIME_LIMIT=1.94 MAX_CAND=20 UCB_C=0.21
DBG t=0 used=0.024 remain=1.94 turn_time=0.0236195 end_in=0.0236195 cand_pre=5 cand_cap=20 cand=5->5 pre=5 pick(must/bucket/top/rand)=1/2/2/0 depth0=7 depth=5 dlog=2 dper=0 sims=7413 loop=7408 gen_time=0 eval_time=0.024 best_avg=-1.13493 best_move=8,3 leader=1 inc2=1 attack_w=0.838007
DBG t=12 used=0.022 remain=1.663 turn_time=0.0214111 end_in=0.0214111 cand_pre=18 cand_cap=20 cand=18->18 pre=18 pick(must/bucket/top/rand)=1/6/9/2 depth0=7 depth=3 dlog=4 dper=0 sims=4918 loop=4900 gen_time=0 eval_time=0.022 best_avg=-1.20333 best_move=8,4 leader=3 inc2=1 attack_w=0.374141
DBG t=24 used=0.02 remain=1.407 turn_time=0.0195314 end_in=0.0195314 cand_pre=30 cand_cap=20 cand=30->20 pre=30 pick(must/bucket/top/rand)=1/7/8/4 depth0=7 depth=2 dlog=4 dper=1 sims=6380 loop=6360 gen_time=0 eval_time=0.02 best_avg=-1.29216 best_move=6,2 leader=3 inc2=1 attack_w=0.85
DBG t=37 used=0.022 remain=1.139 turn_time=0.021189 end_in=0.021189 cand_pre=12 cand_cap=20 cand=12->12 pre=12 pick(must/bucket/top/rand)=1/5/6/0 depth0=10 depth=7 dlog=3 dper=0 sims=2240 loop=2228 gen_time=0 eval_time=0.022 best_avg=-1.2768 best_move=4,1 leader=1 inc2=1 attack_w=0.85
DBG t=49 used=0.021 remain=0.886 turn_time=0.0204735 end_in=0.0204735 cand_pre=11 cand_cap=20 cand=11->11 pre=11 pick(must/bucket/top/rand)=1/5/5/0 depth0=10 depth=7 dlog=3 dper=0 sims=2283 loop=2272 gen_time=0 eval_time=0.021 best_avg=-1.47645 best_move=2,1 leader=1 inc2=1 attack_w=0.85
DBG t=61 used=0.019 remain=0.642 turn_time=0.0182229 end_in=0.0182229 cand_pre=22 cand_cap=20 cand=22->20 pre=22 pick(must/bucket/top/rand)=1/7/8/4 depth0=10 depth=6 dlog=4 dper=0 sims=2208 loop=2188 gen_time=0 eval_time=0.019 best_avg=-1.00765 best_move=1,1 leader=1 inc2=1 attack_w=0.342232
DBG t=74 used=0.018 remain=0.404 turn_time=0.0174031 end_in=0.0174031 cand_pre=20 cand_cap=20 cand=20->20 pre=20 pick(must/bucket/top/rand)=1/5/10/4 depth0=11 depth=7 dlog=4 dper=0 sims=1704 loop=1684 gen_time=0 eval_time=0.018 best_avg=-0.987799 best_move=3,1 leader=3 inc2=1 attack_w=0.2
DBG t=86 used=0.016 remain=0.198 turn_time=0.01584 end_in=0.01584 cand_pre=20 cand_cap=20 cand=20->20 pre=20 pick(must/bucket/top/rand)=1/5/10/4 depth0=11 depth=6 dlog=4 dper=0 sims=1980 loop=1960 gen_time=0 eval_time=0.016 best_avg=-1.10038 best_move=2,2 leader=3 inc2=0 attack_w=0.420866
DBG depth_guard t=99 remain=0.008 cand_pre=23 depth0=0 depth=0
DBG t=99 used=0.005 remain=0.008 turn_time=0.0048 end_in=0.0048 cand_pre=23 cand_cap=12 cand=23->12 pre=23 pick(must/bucket/top/rand)=1/7/2/2 depth0=0 depth=0 dlog=4 dper=5 sims=6508 loop=6496 gen_time=0 eval_time=0.005 best_avg=-0.99029 best_move=5,2 leader=3 inc2=1 attack_w=0.245059
DBG summary depth_guard_fired=1
Score = 106745
=== CASE 0004.txt ===
DBG hdr N=10 M=7 T=100 U=2 VMAX=2345 TIME_LIMIT=1.94 MAX_CAND=20 UCB_C=0.21
DBG t=0 used=0.024 remain=1.94 turn_time=0.0236195 end_in=0.0236195 cand_pre=5 cand_cap=20 cand=5->5 pre=5 pick(must/bucket/top/rand)=1/2/2/0 depth0=7 depth=5 dlog=2 dper=0 sims=4585 loop=4580 gen_time=0 eval_time=0.024 best_avg=-0.392482 best_move=6,6 leader=3 inc2=1 attack_w=0.154583
DBG t=12 used=0.023 remain=1.66 turn_time=0.0228439 end_in=0.0228439 cand_pre=6 cand_cap=20 cand=6->6 pre=6 pick(must/bucket/top/rand)=1/5/0/0 depth0=7 depth=5 dlog=2 dper=0 sims=2530 loop=2524 gen_time=0 eval_time=0.023 best_avg=-0.784235 best_move=8,3 leader=3 inc2=1 attack_w=0.474821
DBG t=24 used=0.023 remain=1.389 turn_time=0.0220138 end_in=0.0220138 cand_pre=7 cand_cap=20 cand=7->7 pre=7 pick(must/bucket/top/rand)=1/4/2/0 depth0=7 depth=5 dlog=2 dper=0 sims=2587 loop=2580 gen_time=0 eval_time=0.023 best_avg=-0.765202 best_move=9,4 leader=4 inc2=1 attack_w=0.85
DBG t=37 used=0.021 remain=1.108 turn_time=0.020155 end_in=0.020155 cand_pre=16 cand_cap=20 cand=16->16 pre=16 pick(must/bucket/top/rand)=1/6/9/0 depth0=10 depth=7 dlog=3 dper=0 sims=1900 loop=1884 gen_time=0 eval_time=0.021 best_avg=-0.325714 best_move=5,5 leader=2 inc2=1 attack_w=0.542154
DBG t=49 used=0.019 remain=0.865 turn_time=0.0186653 end_in=0.0186653 cand_pre=23 cand_cap=20 cand=23->20 pre=23 pick(must/bucket/top/rand)=1/7/8/4 depth0=10 depth=6 dlog=4 dper=0 sims=2208 loop=2188 gen_time=0 eval_time=0.019 best_avg=-0.330273 best_move=8,4 leader=4 inc2=1 attack_w=0.2
DBG t=61 used=0.018 remain=0.638 turn_time=0.0171524 end_in=0.0171524 cand_pre=31 cand_cap=20 cand=31->20 pre=31 pick(must/bucket/top/rand)=1/8/7/4 depth0=10 depth=5 dlog=4 dper=1 sims=2280 loop=2260 gen_time=0 eval_time=0.018 best_avg=-0.0822524 best_move=4,4 leader=4 inc2=1 attack_w=0.2
DBG t=74 used=0.017 remain=0.407 turn_time=0.0168201 end_in=0.0168201 cand_pre=27 cand_cap=20 cand=27->20 pre=27 pick(must/bucket/top/rand)=1/5/10/4 depth0=11 depth=6 dlog=4 dper=1 sims=1764 loop=1744 gen_time=0 eval_time=0.017 best_avg=-0.298074 best_move=7,7 leader=4 inc2=1 attack_w=0.2
DBG t=86 used=0.016 remain=0.209 turn_time=0.0157496 end_in=0.0157496 cand_pre=30 cand_cap=20 cand=30->20 pre=30 pick(must/bucket/top/rand)=1/7/8/4 depth0=11 depth=5 dlog=4 dper=2 sims=2248 loop=2228 gen_time=0 eval_time=0.016 best_avg=-0.112646 best_move=6,3 leader=4 inc2=1 attack_w=0.2
DBG depth_guard t=99 remain=0.01 cand_pre=2 depth0=0 depth=0
DBG t=99 used=0.007 remain=0.01 turn_time=0.006 end_in=0.006 cand_pre=2 cand_cap=12 cand=2->2 pre=2 pick(must/bucket/top/rand)=1/1/0/0 depth0=0 depth=0 dlog=0 dper=0 sims=11234 loop=11232 gen_time=0 eval_time=0.007 best_avg=0.147838 best_move=8,0 leader=4 inc2=1 attack_w=0.2
DBG summary depth_guard_fired=1
Score = 145217
=== CASE 0002.txt ===
DBG hdr N=10 M=5 T=100 U=5 VMAX=1973 TIME_LIMIT=1.94 MAX_CAND=20 UCB_C=0.21
DBG t=0 used=0.024 remain=1.94 turn_time=0.0237456 end_in=0.0237456 cand_pre=4 cand_cap=20 cand=4->4 pre=4 pick(must/bucket/top/rand)=1/2/1/0 depth0=7 depth=6 dlog=1 dper=0 sims=5324 loop=5320 gen_time=0 eval_time=0.024 best_avg=-1.1856 best_move=2,2 leader=2 inc2=1 attack_w=0.85
DBG t=12 used=0.023 remain=1.66 turn_time=0.0227212 end_in=0.0227213 cand_pre=7 cand_cap=20 cand=7->7 pre=7 pick(must/bucket/top/rand)=1/4/2/0 depth0=7 depth=5 dlog=2 dper=0 sims=3991 loop=3984 gen_time=0 eval_time=0.023 best_avg=-1.28502 best_move=4,1 leader=3 inc2=1 attack_w=0.85
DBG t=24 used=0.022 remain=1.393 turn_time=0.0213624 end_in=0.0213624 cand_pre=13 cand_cap=20 cand=13->13 pre=13 pick(must/bucket/top/rand)=1/3/9/0 depth0=7 depth=4 dlog=3 dper=0 sims=4649 loop=4636 gen_time=0 eval_time=0.022 best_avg=-1.13738 best_move=5,2 leader=3 inc2=1 attack_w=0.85
DBG t=37 used=0.02 remain=1.122 turn_time=0.0197151 end_in=0.0197151 cand_pre=22 cand_cap=20 cand=22->20 pre=22 pick(must/bucket/top/rand)=1/6/9/4 depth0=10 depth=6 dlog=4 dper=0 sims=2376 loop=2356 gen_time=0 eval_time=0.02 best_avg=-0.866439 best_move=5,3 leader=4 inc2=1 attack_w=0.604609
DBG t=49 used=0.019 remain=0.887 turn_time=0.0182357 end_in=0.0182357 cand_pre=31 cand_cap=20 cand=31->20 pre=31 pick(must/bucket/top/rand)=1/8/7/4 depth0=10 depth=5 dlog=4 dper=1 sims=3080 loop=3060 gen_time=0 eval_time=0.019 best_avg=-0.84427 best_move=6,5 leader=2 inc2=1 attack_w=0.338993
DBG t=61 used=0.018 remain=0.659 turn_time=0.0172776 end_in=0.0172776 cand_pre=35 cand_cap=20 cand=35->20 pre=35 pick(must/bucket/top/rand)=1/6/9/4 depth0=10 depth=4 dlog=4 dper=2 sims=3020 loop=3000 gen_time=0 eval_time=0.018 best_avg=-0.688672 best_move=4,3 leader=2 inc2=0 attack_w=0.2
DBG t=74 used=0.018 remain=0.416 turn_time=0.017816 end_in=0.017816 cand_pre=21 cand_cap=20 cand=21->20 pre=21 pick(must/bucket/top/rand)=1/7/8/4 depth0=11 depth=7 dlog=4 dper=0 sims=1640 loop=1620 gen_time=0 eval_time=0.018 best_avg=-0.754929 best_move=5,8 leader=2 inc2=0 attack_w=0.2
DBG t=86 used=0.017 remain=0.205 turn_time=0.0161145 end_in=0.0161145 cand_pre=23 cand_cap=20 cand=23->20 pre=23 pick(must/bucket/top/rand)=1/6/9/4 depth0=11 depth=6 dlog=4 dper=1 sims=1792 loop=1772 gen_time=0 eval_time=0.017 best_avg=-0.876637 best_move=5,7 leader=2 inc2=0 attack_w=0.293661
DBG depth_guard t=99 remain=0.01 cand_pre=25 depth0=0 depth=0
DBG t=99 used=0.007 remain=0.01 turn_time=0.006 end_in=0.006 cand_pre=25 cand_cap=12 cand=25->12 pre=25 pick(must/bucket/top/rand)=1/6/3/2 depth0=0 depth=0 dlog=4 dper=4 sims=7292 loop=7280 gen_time=0 eval_time=0.007 best_avg=-0.895351 best_move=4,8 leader=2 inc2=0 attack_w=0.429833
DBG summary depth_guard_fired=1
Score = 91437
=== CASE 0011.txt ===
DBG hdr N=10 M=4 T=100 U=3 VMAX=1057 TIME_LIMIT=1.94 MAX_CAND=20 UCB_C=0.21
DBG t=0 used=0.024 remain=1.94 turn_time=0.0237456 end_in=0.0237456 cand_pre=4 cand_cap=20 cand=4->4 pre=4 pick(must/bucket/top/rand)=1/2/1/0 depth0=7 depth=6 dlog=1 dper=0 sims=5028 loop=5024 gen_time=0 eval_time=0.024 best_avg=-0.920465 best_move=1,0 leader=1 inc2=1 attack_w=0.16653
DBG t=12 used=0.022 remain=1.66 turn_time=0.0219856 end_in=0.0219856 cand_pre=13 cand_cap=20 cand=13->13 pre=13 pick(must/bucket/top/rand)=1/2/10/0 depth0=7 depth=4 dlog=3 dper=0 sims=4133 loop=4120 gen_time=0 eval_time=0.022 best_avg=-0.9762 best_move=3,0 leader=2 inc2=1 attack_w=0.307194
DBG t=24 used=0.023 remain=1.403 turn_time=0.0222357 end_in=0.0222357 cand_pre=7 cand_cap=20 cand=7->7 pre=7 pick(must/bucket/top/rand)=1/6/0/0 depth0=7 depth=5 dlog=2 dper=0 sims=3507 loop=3500 gen_time=0 eval_time=0.023 best_avg=-0.837698 best_move=2,5 leader=1 inc2=1 attack_w=0.2
DBG t=37 used=0.019 remain=1.138 turn_time=0.0182351 end_in=0.0182351 cand_pre=37 cand_cap=20 cand=37->20 pre=37 pick(must/bucket/top/rand)=1/8/7/4 depth0=10 depth=3 dlog=5 dper=2 sims=4328 loop=4308 gen_time=0 eval_time=0.019 best_avg=-0.614629 best_move=2,4 leader=1 inc2=1 attack_w=0.2
DBG t=49 used=0.017 remain=0.914 turn_time=0.0166939 end_in=0.0166939 cand_pre=49 cand_cap=20 cand=49->20 pre=49 pick(must/bucket/top/rand)=1/8/7/4 depth0=10 depth=2 dlog=5 dper=3 sims=6064 loop=6044 gen_time=0 eval_time=0.017 best_avg=-0.478694 best_move=3,9 leader=1 inc2=1 attack_w=0.2
DBG t=61 used=0.016 remain=0.72 turn_time=0.0151569 end_in=0.0151569 cand_pre=66 cand_cap=14 cand=66->14 pre=42 pick(must/bucket/top/rand)=1/8/2/3 depth0=10 depth=1 dlog=5 dper=4 sims=7714 loop=7700 gen_time=0 eval_time=0.016 best_avg=-0.221192 best_move=5,1 leader=3 inc2=1 attack_w=0.2
DBG t=74 used=0.018 remain=0.505 turn_time=0.0173351 end_in=0.0173351 cand_pre=55 cand_cap=20 cand=55->20 pre=55 pick(must/bucket/top/rand)=1/8/7/4 depth0=11 depth=3 dlog=5 dper=3 sims=3504 loop=3484 gen_time=0 eval_time=0.018 best_avg=-0.436703 best_move=4,0 leader=3 inc2=1 attack_w=0.2
DBG t=86 used=0.019 remain=0.288 turn_time=0.0182263 end_in=0.0182263 cand_pre=56 cand_cap=20 cand=56->20 pre=56 pick(must/bucket/top/rand)=1/8/7/4 depth0=11 depth=3 dlog=5 dper=3 sims=3484 loop=3464 gen_time=0 eval_time=0.019 best_avg=-0.395908 best_move=4,6 leader=1 inc2=1 attack_w=0.2
DBG t=99 used=0.019 remain=0.031 turn_time=0.0186 end_in=0.0186 cand_pre=64 cand_cap=14 cand=64->14 pre=42 pick(must/bucket/top/rand)=1/7/3/3 depth0=0 depth=0 dlog=5 dper=4 sims=36070 loop=36056 gen_time=0 eval_time=0.019 best_avg=-0.239537 best_move=5,0 leader=3 inc2=1 attack_w=0.2
DBG summary depth_guard_fired=0
Score = 169886
=== CASE 0010.txt ===
DBG hdr N=10 M=3 T=100 U=3 VMAX=1484 TIME_LIMIT=1.94 MAX_CAND=20 UCB_C=0.21
DBG t=0 used=0.024 remain=1.94 turn_time=0.0236195 end_in=0.0236195 cand_pre=5 cand_cap=20 cand=5->5 pre=5 pick(must/bucket/top/rand)=1/2/2/0 depth0=7 depth=5 dlog=2 dper=0 sims=7977 loop=7972 gen_time=0 eval_time=0.024 best_avg=-1.49948 best_move=3,6 leader=1 inc2=1 attack_w=0.85
DBG t=12 used=0.021 remain=1.668 turn_time=0.0208595 end_in=0.0208595 cand_pre=23 cand_cap=20 cand=23->20 pre=23 pick(must/bucket/top/rand)=1/7/8/4 depth0=7 depth=3 dlog=4 dper=0 sims=7108 loop=7088 gen_time=0 eval_time=0.021 best_avg=-1.40101 best_move=3,8 leader=1 inc2=1 attack_w=0.264924
DBG t=24 used=0.02 remain=1.416 turn_time=0.0197774 end_in=0.0197774 cand_pre=29 cand_cap=20 cand=29->20 pre=29 pick(must/bucket/top/rand)=1/8/7/4 depth0=7 depth=2 dlog=4 dper=1 sims=8104 loop=8084 gen_time=0 eval_time=0.02 best_avg=-1.46357 best_move=4,6 leader=2 inc2=1 attack_w=0.2
DBG t=37 used=0.02 remain=1.156 turn_time=0.0190006 end_in=0.0190006 cand_pre=33 cand_cap=20 cand=33->20 pre=33 pick(must/bucket/top/rand)=1/7/8/4 depth0=10 depth=5 dlog=4 dper=1 sims=3096 loop=3076 gen_time=0 eval_time=0.02 best_avg=-1.53374 best_move=4,3 leader=1 inc2=1 attack_w=0.231934
DBG t=49 used=0.018 remain=0.927 turn_time=0.0175221 end_in=0.0175221 cand_pre=44 cand_cap=20 cand=44->20 pre=44 pick(must/bucket/top/rand)=1/8/7/4 depth0=10 depth=2 dlog=5 dper=3 sims=5240 loop=5220 gen_time=0 eval_time=0.018 best_avg=-1.54554 best_move=5,5 leader=1 inc2=1 attack_w=0.367272
DBG t=61 used=0.018 remain=0.717 turn_time=0.0170058 end_in=0.0170058 cand_pre=50 cand_cap=20 cand=50->20 pre=50 pick(must/bucket/top/rand)=1/8/7/4 depth0=10 depth=2 dlog=5 dper=3 sims=4964 loop=4944 gen_time=0 eval_time=0.018 best_avg=-1.5061 best_move=4,1 leader=1 inc2=1 attack_w=0.2
DBG t=74 used=0.017 remain=0.486 turn_time=0.0168044 end_in=0.0168044 cand_pre=54 cand_cap=20 cand=54->20 pre=54 pick(must/bucket/top/rand)=1/8/7/4 depth0=11 depth=3 dlog=5 dper=3 sims=3440 loop=3420 gen_time=0 eval_time=0.017 best_avg=-1.31562 best_move=9,6 leader=1 inc2=1 attack_w=0.2
DBG t=86 used=0.017 remain=0.271 turn_time=0.016773 end_in=0.016773 cand_pre=59 cand_cap=20 cand=59->20 pre=59 pick(must/bucket/top/rand)=1/8/7/4 depth0=11 depth=2 dlog=5 dper=4 sims=4948 loop=4928 gen_time=0 eval_time=0.017 best_avg=-1.00339 best_move=5,5 leader=1 inc2=1 attack_w=0.2
DBG t=99 used=0.018 remain=0.029 turn_time=0.0174 end_in=0.0174 cand_pre=62 cand_cap=14 cand=62->14 pre=42 pick(must/bucket/top/rand)=1/8/2/3 depth0=0 depth=0 dlog=5 dper=4 sims=34170 loop=34156 gen_time=0 eval_time=0.018 best_avg=-0.954444 best_move=6,5 leader=1 inc2=1 attack_w=0.2
DBG summary depth_guard_fired=0
Score = 149577
=== CASE 0008.txt ===
DBG hdr N=10 M=4 T=100 U=2 VMAX=1885 TIME_LIMIT=1.94 MAX_CAND=20 UCB_C=0.21
DBG t=0 used=0.024 remain=1.94 turn_time=0.0236195 end_in=0.0236195 cand_pre=5 cand_cap=20 cand=5->5 pre=5 pick(must/bucket/top/rand)=1/2/2/0 depth0=7 depth=5 dlog=2 dper=0 sims=6957 loop=6952 gen_time=0 eval_time=0.024 best_avg=-1.04665 best_move=8,6 leader=3 inc2=0 attack_w=0.13
DBG t=12 used=0.022 remain=1.667 turn_time=0.0212164 end_in=0.0212164 cand_pre=20 cand_cap=20 cand=20->20 pre=20 pick(must/bucket/top/rand)=1/4/11/4 depth0=7 depth=3 dlog=4 dper=0 sims=5688 loop=5668 gen_time=0 eval_time=0.022 best_avg=-0.854266 best_move=4,9 leader=3 inc2=1 attack_w=0.2
DBG t=24 used=0.021 remain=1.413 turn_time=0.0202189 end_in=0.0202189 cand_pre=25 cand_cap=20 cand=25->20 pre=25 pick(must/bucket/top/rand)=1/6/9/4 depth0=7 depth=3 dlog=4 dper=0 sims=4568 loop=4548 gen_time=0 eval_time=0.021 best_avg=-0.695341 best_move=4,7 leader=3 inc2=1 attack_w=0.2
DBG t=37 used=0.019 remain=1.154 turn_time=0.0186105 end_in=0.0186105 cand_pre=36 cand_cap=20 cand=36->20 pre=36 pick(must/bucket/top/rand)=1/4/11/4 depth0=10 depth=3 dlog=5 dper=2 sims=4340 loop=4320 gen_time=0 eval_time=0.019 best_avg=-0.392331 best_move=4,6 leader=1 inc2=0 attack_w=0.2
DBG t=49 used=0.019 remain=0.916 turn_time=0.0183649 end_in=0.0183649 cand_pre=35 cand_cap=20 cand=35->20 pre=35 pick(must/bucket/top/rand)=1/4/11/4 depth0=10 depth=4 dlog=4 dper=2 sims=3532 loop=3512 gen_time=0 eval_time=0.019 best_avg=-0.409264 best_move=2,6 leader=1 inc2=0 attack_w=0.2
DBG t=61 used=0.018 remain=0.686 turn_time=0.0171852 end_in=0.0171852 cand_pre=42 cand_cap=20 cand=42->20 pre=42 pick(must/bucket/top/rand)=1/4/11/4 depth0=10 depth=3 dlog=5 dper=2 sims=3768 loop=3748 gen_time=0 eval_time=0.018 best_avg=-0.684419 best_move=8,6 leader=1 inc2=0 attack_w=0.2
DBG t=74 used=0.018 remain=0.463 turn_time=0.0171666 end_in=0.0171666 cand_pre=44 cand_cap=20 cand=44->20 pre=44 pick(must/bucket/top/rand)=1/4/11/4 depth0=11 depth=3 dlog=5 dper=3 sims=3760 loop=3740 gen_time=0 eval_time=0.018 best_avg=-0.635062 best_move=8,6 leader=1 inc2=0 attack_w=0.2
DBG t=86 used=0.017 remain=0.258 turn_time=0.0165673 end_in=0.0165673 cand_pre=54 cand_cap=20 cand=54->20 pre=54 pick(must/bucket/top/rand)=1/5/10/4 depth0=11 depth=3 dlog=5 dper=3 sims=3360 loop=3340 gen_time=0 eval_time=0.017 best_avg=-0.61598 best_move=9,3 leader=1 inc2=0 attack_w=0.2
DBG t=99 used=0.016 remain=0.025 turn_time=0.015 end_in=0.015 cand_pre=59 cand_cap=20 cand=59->20 pre=59 pick(must/bucket/top/rand)=1/6/9/4 depth0=0 depth=0 dlog=5 dper=4 sims=24036 loop=24016 gen_time=0 eval_time=0.016 best_avg=-0.540056 best_move=9,2 leader=1 inc2=0 attack_w=0.2
DBG summary depth_guard_fired=0
Score = 145956
=== CASE 0006.txt ===
DBG hdr N=10 M=2 T=100 U=1 VMAX=1434 TIME_LIMIT=1.94 MAX_CAND=20 UCB_C=0.21
DBG t=0 used=0.024 remain=1.94 turn_time=0.0237456 end_in=0.0237456 cand_pre=4 cand_cap=20 cand=4->4 pre=4 pick(must/bucket/top/rand)=1/2/1/0 depth0=7 depth=6 dlog=1 dper=0 sims=8208 loop=8204 gen_time=0 eval_time=0.024 best_avg=-2.74354 best_move=3,0 leader=1 inc2=1 attack_w=0.85
DBG t=12 used=0.021 remain=1.671 turn_time=0.0201564 end_in=0.0201564 cand_pre=29 cand_cap=20 cand=29->20 pre=29 pick(must/bucket/top/rand)=1/3/12/4 depth0=7 depth=2 dlog=4 dper=1 sims=11496 loop=11476 gen_time=0 eval_time=0.021 best_avg=-2.18352 best_move=5,6 leader=1 inc2=1 attack_w=0.2
DBG t=24 used=0.022 remain=1.409 turn_time=0.0211257 end_in=0.0211257 cand_pre=17 cand_cap=20 cand=17->17 pre=17 pick(must/bucket/top/rand)=1/5/10/1 depth0=7 depth=4 dlog=3 dper=0 sims=8477 loop=8460 gen_time=0 eval_time=0.022 best_avg=-1.97998 best_move=5,8 leader=1 inc2=1 attack_w=0.2
DBG t=37 used=0.017 remain=1.168 turn_time=0.0165467 end_in=0.0165467 cand_pre=55 cand_cap=20 cand=55->20 pre=55 pick(must/bucket/top/rand)=1/4/11/4 depth0=10 depth=2 dlog=5 dper=3 sims=7540 loop=7520 gen_time=0 eval_time=0.017 best_avg=-1.48819 best_move=7,8 leader=1 inc2=1 attack_w=0.2
DBG t=49 used=0.015 remain=0.966 turn_time=0.0146889 end_in=0.0146889 cand_pre=73 cand_cap=14 cand=73->14 pre=42 pick(must/bucket/top/rand)=1/6/4/3 depth0=10 depth=0 dlog=6 dper=5 sims=45086 loop=45072 gen_time=0 eval_time=0.015 best_avg=-0.959058 best_move=7,3 leader=1 inc2=1 attack_w=0.2
DBG t=61 used=0.015 remain=0.777 turn_time=0.0144143 end_in=0.0144143 cand_pre=81 cand_cap=12 cand=81->12 pre=36 pick(must/bucket/top/rand)=1/5/4/2 depth0=10 depth=0 dlog=6 dper=5 sims=55956 loop=55944 gen_time=0 eval_time=0.015 best_avg=-0.803406 best_move=7,6 leader=1 inc2=1 attack_w=0.2
DBG t=74 used=0.025 remain=0.542 turn_time=0.0240252 end_in=0.0240252 cand_pre=15 cand_cap=20 cand=15->15 pre=15 pick(must/bucket/top/rand)=1/4/10/0 depth0=11 depth=8 dlog=3 dper=0 sims=2259 loop=2244 gen_time=0 eval_time=0.025 best_avg=-1.25223 best_move=6,3 leader=1 inc2=1 attack_w=0.2
DBG t=86 used=0.023 remain=0.279 turn_time=0.0221905 end_in=0.0221905 cand_pre=21 cand_cap=20 cand=21->20 pre=21 pick(must/bucket/top/rand)=1/5/10/4 depth0=11 depth=7 dlog=4 dper=0 sims=2608 loop=2588 gen_time=0 eval_time=0.023 best_avg=-1.0448 best_move=8,3 leader=1 inc2=1 attack_w=0.2
DBG depth_guard t=99 remain=0.018 cand_pre=88 depth0=0 depth=0
DBG t=99 used=0.011 remain=0.018 turn_time=0.0108 end_in=0.0108 cand_pre=88 cand_cap=12 cand=88->12 pre=36 pick(must/bucket/top/rand)=1/6/3/2 depth0=0 depth=0 dlog=6 dper=5 sims=34068 loop=34056 gen_time=0 eval_time=0.011 best_avg=-0.464982 best_move=6,4 leader=1 inc2=1 attack_w=0.2
DBG summary depth_guard_fired=1
Score = 326635
=== CASE 0009.txt ===
DBG hdr N=10 M=8 T=100 U=5 VMAX=1485 TIME_LIMIT=1.94 MAX_CAND=20 UCB_C=0.21
DBG t=0 used=0.024 remain=1.94 turn_time=0.0237456 end_in=0.0237456 cand_pre=4 cand_cap=20 cand=4->4 pre=4 pick(must/bucket/top/rand)=1/2/1/0 depth0=7 depth=6 dlog=1 dper=0 sims=3284 loop=3280 gen_time=0 eval_time=0.024 best_avg=-0.476347 best_move=9,5 leader=7 inc2=1 attack_w=0.752108
DBG t=12 used=0.022 remain=1.661 turn_time=0.0212627 end_in=0.0212627 cand_pre=19 cand_cap=20 cand=19->19 pre=19 pick(must/bucket/top/rand)=1/5/10/3 depth0=7 depth=3 dlog=4 dper=0 sims=3823 loop=3804 gen_time=0 eval_time=0.022 best_avg=-0.213507 best_move=6,1 leader=1 inc2=1 attack_w=0.2
DBG t=24 used=0.021 remain=1.406 turn_time=0.0204795 end_in=0.0204795 cand_pre=22 cand_cap=20 cand=22->20 pre=22 pick(must/bucket/top/rand)=1/5/10/4 depth0=7 depth=3 dlog=4 dper=0 sims=3292 loop=3272 gen_time=0 eval_time=0.021 best_avg=0.0568326 best_move=5,0 leader=1 inc2=1 attack_w=0.2
DBG t=37 used=0.02 remain=1.139 turn_time=0.0190737 end_in=0.0190737 cand_pre=30 cand_cap=20 cand=30->20 pre=30 pick(must/bucket/top/rand)=1/6/9/4 depth0=10 depth=5 dlog=4 dper=1 sims=1904 loop=1884 gen_time=0 eval_time=0.02 best_avg=0.370317 best_move=7,4 leader=3 inc2=1 attack_w=0.2
DBG t=49 used=0.019 remain=0.909 turn_time=0.0185721 end_in=0.0185721 cand_pre=32 cand_cap=20 cand=32->20 pre=32 pick(must/bucket/top/rand)=1/6/9/4 depth0=10 depth=5 dlog=4 dper=1 sims=2208 loop=2188 gen_time=0 eval_time=0.019 best_avg=0.399942 best_move=8,2 leader=3 inc2=1 attack_w=0.2
DBG t=61 used=0.018 remain=0.686 turn_time=0.0175282 end_in=0.0175282 cand_pre=39 cand_cap=20 cand=39->20 pre=39 pick(must/bucket/top/rand)=1/7/8/4 depth0=10 depth=3 dlog=5 dper=2 sims=3492 loop=3472 gen_time=0 eval_time=0.018 best_avg=0.39231 best_move=9,7 leader=3 inc2=1 attack_w=0.2
DBG t=74 used=0.018 remain=0.452 turn_time=0.0170978 end_in=0.0170978 cand_pre=41 cand_cap=20 cand=41->20 pre=41 pick(must/bucket/top/rand)=1/7/8/4 depth0=11 depth=4 dlog=5 dper=2 sims=2244 loop=2224 gen_time=0 eval_time=0.018 best_avg=0.357916 best_move=9,0 leader=3 inc2=1 attack_w=0.2
DBG t=86 used=0.017 remain=0.244 turn_time=0.0169144 end_in=0.0169144 cand_pre=43 cand_cap=20 cand=43->20 pre=43 pick(must/bucket/top/rand)=1/6/9/4 depth0=11 depth=3 dlog=5 dper=3 sims=2980 loop=2960 gen_time=0 eval_time=0.017 best_avg=0.341948 best_move=6,4 leader=2 inc2=1 attack_w=0.2
DBG depth_guard t=99 remain=0.018 cand_pre=44 depth0=0 depth=0
DBG t=99 used=0.011 remain=0.018 turn_time=0.0108 end_in=0.0108 cand_pre=44 cand_cap=14 cand=44->14 pre=42 pick(must/bucket/top/rand)=1/6/4/3 depth0=0 depth=0 dlog=5 dper=4 sims=10810 loop=10796 gen_time=0 eval_time=0.011 best_avg=0.380281 best_move=9,6 leader=3 inc2=1 attack_w=0.2
DBG summary depth_guard_fired=1
Score = 172083
=== CASE 0007.txt ===
DBG hdr N=10 M=7 T=100 U=2 VMAX=1467 TIME_LIMIT=1.94 MAX_CAND=20 UCB_C=0.21
DBG t=0 used=0.024 remain=1.94 turn_time=0.0236195 end_in=0.0236195 cand_pre=5 cand_cap=20 cand=5->5 pre=5 pick(must/bucket/top/rand)=1/2/2/0 depth0=7 depth=5 dlog=2 dper=0 sims=4153 loop=4148 gen_time=0 eval_time=0.024 best_avg=-0.817971 best_move=3,4 leader=5 inc2=1 attack_w=0.802551
DBG t=12 used=0.023 remain=1.657 turn_time=0.022925 end_in=0.022925 cand_pre=5 cand_cap=20 cand=5->5 pre=5 pick(must/bucket/top/rand)=1/1/3/0 depth0=7 depth=5 dlog=2 dper=0 sims=2597 loop=2592 gen_time=0 eval_time=0.023 best_avg=-1.18674 best_move=0,3 leader=6 inc2=1 attack_w=0.85
DBG t=24 used=0.021 remain=1.39 turn_time=0.0209597 end_in=0.0209597 cand_pre=16 cand_cap=20 cand=16->16 pre=16 pick(must/bucket/top/rand)=1/3/12/0 depth0=7 depth=4 dlog=3 dper=0 sims=3072 loop=3056 gen_time=0 eval_time=0.021 best_avg=-0.928178 best_move=1,6 leader=6 inc2=1 attack_w=0.85
DBG t=37 used=0.02 remain=1.121 turn_time=0.0191193 end_in=0.0191193 cand_pre=27 cand_cap=20 cand=27->20 pre=27 pick(must/bucket/top/rand)=1/6/9/4 depth0=10 depth=5 dlog=4 dper=1 sims=2220 loop=2200 gen_time=0 eval_time=0.02 best_avg=-0.673715 best_move=0,8 leader=4 inc2=1 attack_w=0.787358
DBG t=49 used=0.022 remain=0.885 turn_time=0.0210144 end_in=0.0210144 cand_pre=6 cand_cap=20 cand=6->6 pre=6 pick(must/bucket/top/rand)=1/5/0/0 depth0=10 depth=8 dlog=2 dper=0 sims=1678 loop=1672 gen_time=0 eval_time=0.022 best_avg=-0.27406 best_move=4,8 leader=6 inc2=1 attack_w=0.2
DBG t=61 used=0.017 remain=0.652 turn_time=0.0165508 end_in=0.0165508 cand_pre=40 cand_cap=20 cand=40->20 pre=40 pick(must/bucket/top/rand)=1/7/8/4 depth0=10 depth=3 dlog=5 dper=2 sims=3172 loop=3152 gen_time=0 eval_time=0.017 best_avg=0.0221563 best_move=4,9 leader=6 inc2=1 attack_w=0.2
DBG t=74 used=0.016 remain=0.435 turn_time=0.015911 end_in=0.015911 cand_pre=46 cand_cap=20 cand=46->20 pre=46 pick(must/bucket/top/rand)=1/6/9/4 depth0=11 depth=3 dlog=5 dper=3 sims=2572 loop=2552 gen_time=0 eval_time=0.016 best_avg=0.446221 best_move=8,8 leader=4 inc2=1 attack_w=0.2
DBG t=86 used=0.016 remain=0.243 turn_time=0.0159425 end_in=0.0159425 cand_pre=51 cand_cap=20 cand=51->20 pre=51 pick(must/bucket/top/rand)=1/7/8/4 depth0=11 depth=3 dlog=5 dper=3 sims=2840 loop=2820 gen_time=0 eval_time=0.016 best_avg=0.323922 best_move=2,3 leader=6 inc2=1 attack_w=0.2
DBG depth_guard t=99 remain=0.016 cand_pre=35 depth0=0 depth=0
DBG t=99 used=0.01 remain=0.016 turn_time=0.0096 end_in=0.0096 cand_pre=35 cand_cap=14 cand=35->14 pre=35 pick(must/bucket/top/rand)=1/8/2/3 depth0=0 depth=0 dlog=4 dper=4 sims=13910 loop=13896 gen_time=0 eval_time=0.01 best_avg=0.307412 best_move=8,7 leader=2 inc2=1 attack_w=0.2
DBG summary depth_guard_fired=1
Score = 160266
=== CASE 0013.txt ===
DBG hdr N=10 M=2 T=100 U=1 VMAX=2489 TIME_LIMIT=1.94 MAX_CAND=20 UCB_C=0.21
DBG t=0 used=0.024 remain=1.94 turn_time=0.0238717 end_in=0.0238717 cand_pre=3 cand_cap=20 cand=3->3 pre=3 pick(must/bucket/top/rand)=1/2/0/0 depth0=7 depth=6 dlog=1 dper=0 sims=8323 loop=8320 gen_time=0 eval_time=0.024 best_avg=-3.46715 best_move=9,1 leader=1 inc2=1 attack_w=0.85
DBG t=12 used=0.021 remain=1.668 turn_time=0.0206131 end_in=0.0206131 cand_pre=25 cand_cap=20 cand=25->20 pre=25 pick(must/bucket/top/rand)=1/5/10/4 depth0=7 depth=3 dlog=4 dper=0 sims=11036 loop=11016 gen_time=0 eval_time=0.021 best_avg=-2.36691 best_move=6,8 leader=1 inc2=1 attack_w=0.2
DBG t=24 used=0.02 remain=1.42 turn_time=0.0193475 end_in=0.0193475 cand_pre=33 cand_cap=20 cand=33->20 pre=33 pick(must/bucket/top/rand)=1/4/11/4 depth0=7 depth=2 dlog=4 dper=1 sims=14244 loop=14224 gen_time=0 eval_time=0.02 best_avg=-1.78401 best_move=6,6 leader=1 inc2=1 attack_w=0.2
DBG t=37 used=0.019 remain=1.166 turn_time=0.0186838 end_in=0.0186838 cand_pre=37 cand_cap=20 cand=37->20 pre=37 pick(must/bucket/top/rand)=1/4/11/4 depth0=10 depth=3 dlog=5 dper=2 sims=7920 loop=7900 gen_time=0 eval_time=0.019 best_avg=-1.43937 best_move=5,7 leader=1 inc2=1 attack_w=0.2
DBG t=49 used=0.018 remain=0.947 turn_time=0.0174174 end_in=0.0174174 cand_pre=48 cand_cap=20 cand=48->20 pre=48 pick(must/bucket/top/rand)=1/6/9/4 depth0=10 depth=2 dlog=5 dper=3 sims=8804 loop=8784 gen_time=0 eval_time=0.018 best_avg=-0.83951 best_move=5,4 leader=1 inc2=1 attack_w=0.2
DBG t=61 used=0.017 remain=0.732 turn_time=0.0166295 end_in=0.0166295 cand_pre=56 cand_cap=20 cand=56->20 pre=56 pick(must/bucket/top/rand)=1/5/10/4 depth0=10 depth=1 dlog=5 dper=4 sims=14932 loop=14912 gen_time=0 eval_time=0.017 best_avg=-0.636174 best_move=5,3 leader=1 inc2=1 attack_w=0.2
DBG t=74 used=0.017 remain=0.509 turn_time=0.0167089 end_in=0.0167089 cand_pre=61 cand_cap=14 cand=61->14 pre=42 pick(must/bucket/top/rand)=1/4/6/3 depth0=11 depth=2 dlog=5 dper=4 sims=8398 loop=8384 gen_time=0 eval_time=0.017 best_avg=-1.12521 best_move=8,7 leader=1 inc2=1 attack_w=0.2
DBG t=86 used=0.018 remain=0.295 turn_time=0.0179845 end_in=0.0179845 cand_pre=61 cand_cap=14 cand=61->14 pre=42 pick(must/bucket/top/rand)=1/4/6/3 depth0=11 depth=2 dlog=5 dper=4 sims=8778 loop=8764 gen_time=0 eval_time=0.018 best_avg=-0.690321 best_move=7,7 leader=1 inc2=1 attack_w=0.2
DBG t=99 used=0.019 remain=0.031 turn_time=0.0186 end_in=0.0186 cand_pre=61 cand_cap=14 cand=61->14 pre=42 pick(must/bucket/top/rand)=1/4/6/3 depth0=0 depth=0 dlog=5 dper=3 sims=67314 loop=67300 gen_time=0 eval_time=0.019 best_avg=-0.870846 best_move=7,6 leader=1 inc2=1 attack_w=0.2
DBG summary depth_guard_fired=0
Score = 282691
=== CASE 0012.txt ===
DBG hdr N=10 M=3 T=100 U=2 VMAX=1321 TIME_LIMIT=1.94 MAX_CAND=20 UCB_C=0.21
DBG t=0 used=0.024 remain=1.94 turn_time=0.0238717 end_in=0.0238717 cand_pre=3 cand_cap=20 cand=3->3 pre=3 pick(must/bucket/top/rand)=1/2/0/0 depth0=7 depth=6 dlog=1 dper=0 sims=6595 loop=6592 gen_time=0 eval_time=0.024 best_avg=-1.36801 best_move=8,9 leader=1 inc2=1 attack_w=0.190428
DBG t=12 used=0.022 remain=1.661 turn_time=0.0219988 end_in=0.0219988 cand_pre=13 cand_cap=20 cand=13->13 pre=13 pick(must/bucket/top/rand)=1/2/10/0 depth0=7 depth=4 dlog=3 dper=0 sims=5517 loop=5504 gen_time=0 eval_time=0.022 best_avg=-1.56668 best_move=6,8 leader=2 inc2=1 attack_w=0.357476
DBG t=24 used=0.02 remain=1.407 turn_time=0.0192907 end_in=0.0192907 cand_pre=32 cand_cap=20 cand=32->20 pre=32 pick(must/bucket/top/rand)=1/8/7/4 depth0=7 depth=2 dlog=4 dper=1 sims=5880 loop=5860 gen_time=0 eval_time=0.02 best_avg=-1.41907 best_move=2,9 leader=2 inc2=1 attack_w=0.249808
DBG t=37 used=0.018 remain=1.162 turn_time=0.0173009 end_in=0.0173009 cand_pre=48 cand_cap=20 cand=48->20 pre=48 pick(must/bucket/top/rand)=1/8/7/4 depth0=10 depth=2 dlog=5 dper=3 sims=5052 loop=5032 gen_time=0 eval_time=0.018 best_avg=-1.13657 best_move=0,8 leader=1 inc2=1 attack_w=0.2
DBG t=49 used=0.016 remain=0.955 turn_time=0.0157388 end_in=0.0157388 cand_pre=63 cand_cap=14 cand=63->14 pre=42 pick(must/bucket/top/rand)=1/8/2/3 depth0=10 depth=1 dlog=5 dper=4 sims=5574 loop=5560 gen_time=0 eval_time=0.016 best_avg=-1.16976 best_move=4,2 leader=2 inc2=1 attack_w=0.2
DBG t=61 used=0.019 remain=0.761 turn_time=0.018303 end_in=0.018303 cand_pre=48 cand_cap=20 cand=48->20 pre=48 pick(must/bucket/top/rand)=1/8/7/4 depth0=10 depth=2 dlog=5 dper=3 sims=4484 loop=4464 gen_time=0 eval_time=0.019 best_avg=-1.23373 best_move=1,8 leader=2 inc2=1 attack_w=0.2
DBG t=74 used=0.024 remain=0.497 turn_time=0.0233972 end_in=0.0233972 cand_pre=4 cand_cap=20 cand=4->4 pre=4 pick(must/bucket/top/rand)=1/3/0/0 depth0=11 depth=10 dlog=1 dper=0 sims=1168 loop=1164 gen_time=0 eval_time=0.024 best_avg=-1.67731 best_move=1,7 leader=1 inc2=1 attack_w=0.2
DBG t=86 used=0.017 remain=0.283 turn_time=0.0160704 end_in=0.0160704 cand_pre=70 cand_cap=14 cand=70->14 pre=42 pick(must/bucket/top/rand)=1/8/2/3 depth0=11 depth=2 dlog=5 dper=4 sims=3338 loop=3324 gen_time=0 eval_time=0.017 best_avg=-1.60073 best_move=4,0 leader=1 inc2=1 attack_w=0.263981
DBG t=99 used=0.016 remain=0.026 turn_time=0.0156 end_in=0.0156 cand_pre=52 cand_cap=20 cand=52->20 pre=52 pick(must/bucket/top/rand)=1/6/9/4 depth0=0 depth=0 dlog=5 dper=3 sims=25136 loop=25116 gen_time=0 eval_time=0.016 best_avg=-1.65487 best_move=7,4 leader=1 inc2=1 attack_w=0.443789
DBG summary depth_guard_fired=0
Score = 97144
=== CASE 0014.txt ===
DBG hdr N=10 M=7 T=100 U=4 VMAX=2149 TIME_LIMIT=1.94 MAX_CAND=20 UCB_C=0.21
DBG t=0 used=0.024 remain=1.94 turn_time=0.0236195 end_in=0.0236195 cand_pre=5 cand_cap=20 cand=5->5 pre=5 pick(must/bucket/top/rand)=1/2/2/0 depth0=7 depth=5 dlog=2 dper=0 sims=5097 loop=5092 gen_time=0 eval_time=0.024 best_avg=-0.97891 best_move=6,5 leader=1 inc2=1 attack_w=0.85
DBG t=12 used=0.021 remain=1.669 turn_time=0.020872 end_in=0.020872 cand_pre=23 cand_cap=20 cand=23->20 pre=23 pick(must/bucket/top/rand)=1/7/8/4 depth0=7 depth=3 dlog=4 dper=0 sims=5360 loop=5340 gen_time=0 eval_time=0.021 best_avg=-0.249878 best_move=4,2 leader=5 inc2=1 attack_w=0.2
DBG t=24 used=0.021 remain=1.414 turn_time=0.0208379 end_in=0.0208379 cand_pre=20 cand_cap=20 cand=20->20 pre=20 pick(must/bucket/top/rand)=1/6/9/4 depth0=7 depth=3 dlog=4 dper=0 sims=5048 loop=5028 gen_time=0 eval_time=0.021 best_avg=-0.131629 best_move=4,2 leader=5 inc2=1 attack_w=0.2
DBG t=37 used=0.02 remain=1.146 turn_time=0.0197821 end_in=0.0197821 cand_pre=25 cand_cap=20 cand=25->20 pre=25 pick(must/bucket/top/rand)=1/6/9/4 depth0=10 depth=6 dlog=4 dper=0 sims=2240 loop=2220 gen_time=0 eval_time=0.02 best_avg=-0.209534 best_move=2,4 leader=5 inc2=1 attack_w=0.2
DBG t=49 used=0.019 remain=0.912 turn_time=0.0185172 end_in=0.0185172 cand_pre=33 cand_cap=20 cand=33->20 pre=33 pick(must/bucket/top/rand)=1/8/7/4 depth0=10 depth=5 dlog=4 dper=1 sims=2296 loop=2276 gen_time=0 eval_time=0.019 best_avg=-0.425503 best_move=6,3 leader=5 inc2=1 attack_w=0.2
DBG t=61 used=0.019 remain=0.683 turn_time=0.0183622 end_in=0.0183622 cand_pre=31 cand_cap=20 cand=31->20 pre=31 pick(must/bucket/top/rand)=1/8/7/4 depth0=10 depth=5 dlog=4 dper=1 sims=2180 loop=2160 gen_time=0 eval_time=0.019 best_avg=-0.562322 best_move=4,4 leader=5 inc2=1 attack_w=0.2
DBG t=74 used=0.019 remain=0.442 turn_time=0.0182665 end_in=0.0182665 cand_pre=27 cand_cap=20 cand=27->20 pre=27 pick(must/bucket/top/rand)=1/8/7/4 depth0=11 depth=6 dlog=4 dper=1 sims=1760 loop=1740 gen_time=0 eval_time=0.019 best_avg=-0.684135 best_move=7,4 leader=5 inc2=1 attack_w=0.326755
DBG t=86 used=0.017 remain=0.223 turn_time=0.0169082 end_in=0.0169082 cand_pre=29 cand_cap=20 cand=29->20 pre=29 pick(must/bucket/top/rand)=1/7/8/4 depth0=11 depth=6 dlog=4 dper=1 sims=1640 loop=1620 gen_time=0 eval_time=0.017 best_avg=-0.778041 best_move=5,5 leader=5 inc2=1 attack_w=0.707872
DBG depth_guard t=99 remain=0.012 cand_pre=31 depth0=0 depth=0
DBG t=99 used=0.008 remain=0.012 turn_time=0.0072 end_in=0.0072 cand_pre=31 cand_cap=12 cand=31->12 pre=31 pick(must/bucket/top/rand)=1/6/3/2 depth0=0 depth=0 dlog=4 dper=4 sims=8368 loop=8356 gen_time=0 eval_time=0.008 best_avg=-0.686599 best_move=5,2 leader=5 inc2=1 attack_w=0.615646
DBG summary depth_guard_fired=1
Score = 92565
=== CASE 0015.txt ===
DBG hdr N=10 M=5 T=100 U=4 VMAX=4555 TIME_LIMIT=1.94 MAX_CAND=20 UCB_C=0.21
DBG t=0 used=0.024 remain=1.94 turn_time=0.0237456 end_in=0.0237456 cand_pre=4 cand_cap=20 cand=4->4 pre=4 pick(must/bucket/top/rand)=1/2/1/0 depth0=7 depth=6 dlog=1 dper=0 sims=5052 loop=5048 gen_time=0 eval_time=0.024 best_avg=-1.15383 best_move=1,9 leader=4 inc2=0 attack_w=0.543219
DBG t=12 used=0.023 remain=1.659 turn_time=0.0223399 end_in=0.0223399 cand_pre=10 cand_cap=20 cand=10->10 pre=10 pick(must/bucket/top/rand)=1/2/7/0 depth0=7 depth=4 dlog=3 dper=0 sims=5570 loop=5560 gen_time=0 eval_time=0.023 best_avg=-0.960422 best_move=0,7 leader=4 inc2=1 attack_w=0.702068
DBG t=24 used=0.021 remain=1.391 turn_time=0.0207369 end_in=0.0207369 cand_pre=18 cand_cap=20 cand=18->18 pre=18 pick(must/bucket/top/rand)=1/6/9/2 depth0=7 depth=3 dlog=4 dper=0 sims=5750 loop=5732 gen_time=0 eval_time=0.021 best_avg=-1.1115 best_move=0,2 leader=3 inc2=1 attack_w=0.85
DBG t=37 used=0.02 remain=1.123 turn_time=0.0193851 end_in=0.0193851 cand_pre=25 cand_cap=20 cand=25->20 pre=25 pick(must/bucket/top/rand)=1/6/9/4 depth0=10 depth=6 dlog=4 dper=0 sims=2592 loop=2572 gen_time=0 eval_time=0.02 best_avg=-0.558294 best_move=1,1 leader=1 inc2=1 attack_w=0.2
DBG t=49 used=0.019 remain=0.884 turn_time=0.0183993 end_in=0.0183993 cand_pre=29 cand_cap=20 cand=29->20 pre=29 pick(must/bucket/top/rand)=1/4/11/4 depth0=10 depth=5 dlog=4 dper=1 sims=2388 loop=2368 gen_time=0 eval_time=0.019 best_avg=-0.541544 best_move=2,2 leader=1 inc2=0 attack_w=0.2
DBG t=61 used=0.019 remain=0.646 turn_time=0.0188748 end_in=0.0188748 cand_pre=17 cand_cap=20 cand=17->17 pre=17 pick(must/bucket/top/rand)=1/4/11/1 depth0=10 depth=7 dlog=3 dper=0 sims=1921 loop=1904 gen_time=0 eval_time=0.019 best_avg=-0.584221 best_move=0,3 leader=1 inc2=0 attack_w=0.2
DBG t=74 used=0.018 remain=0.404 turn_time=0.0173021 end_in=0.0173021 cand_pre=21 cand_cap=20 cand=21->20 pre=21 pick(must/bucket/top/rand)=1/4/11/4 depth0=11 depth=7 dlog=4 dper=0 sims=1600 loop=1580 gen_time=0 eval_time=0.018 best_avg=-0.527135 best_move=0,5 leader=1 inc2=0 attack_w=0.2
DBG t=86 used=0.016 remain=0.208 turn_time=0.0155777 end_in=0.0155777 cand_pre=31 cand_cap=20 cand=31->20 pre=31 pick(must/bucket/top/rand)=1/4/11/4 depth0=11 depth=5 dlog=4 dper=2 sims=1808 loop=1788 gen_time=0 eval_time=0.016 best_avg=-0.469196 best_move=2,1 leader=1 inc2=0 attack_w=0.2
DBG depth_guard t=99 remain=0.011 cand_pre=33 depth0=0 depth=0
DBG t=99 used=0.007 remain=0.011 turn_time=0.0066 end_in=0.0066 cand_pre=33 cand_cap=12 cand=33->12 pre=33 pick(must/bucket/top/rand)=1/3/6/2 depth0=0 depth=0 dlog=4 dper=5 sims=6768 loop=6756 gen_time=0 eval_time=0.007 best_avg=-0.493077 best_move=0,5 leader=1 inc2=0 attack_w=0.2
DBG summary depth_guard_fired=1
Score = 127126
=== CASE 0016.txt ===
DBG hdr N=10 M=3 T=100 U=1 VMAX=1697 TIME_LIMIT=1.94 MAX_CAND=20 UCB_C=0.21
DBG t=0 used=0.024 remain=1.94 turn_time=0.0236195 end_in=0.0236195 cand_pre=5 cand_cap=20 cand=5->5 pre=5 pick(must/bucket/top/rand)=1/3/1/0 depth0=7 depth=5 dlog=2 dper=0 sims=8301 loop=8296 gen_time=0 eval_time=0.024 best_avg=-1.53874 best_move=4,7 leader=2 inc2=1 attack_w=0.13
DBG t=12 used=0.021 remain=1.668 turn_time=0.0207363 end_in=0.0207363 cand_pre=24 cand_cap=20 cand=24->20 pre=24 pick(must/bucket/top/rand)=1/6/9/4 depth0=7 depth=3 dlog=4 dper=0 sims=7748 loop=7728 gen_time=0 eval_time=0.021 best_avg=-1.12824 best_move=2,7 leader=1 inc2=1 attack_w=0.2
DBG t=24 used=0.019 remain=1.429 turn_time=0.0181257 end_in=0.0181257 cand_pre=44 cand_cap=20 cand=44->20 pre=44 pick(must/bucket/top/rand)=1/6/9/4 depth0=7 depth=0 dlog=5 dper=2 sims=46784 loop=46764 gen_time=0 eval_time=0.019 best_avg=-0.637597 best_move=8,5 leader=2 inc2=1 attack_w=0.2
DBG t=37 used=0.018 remain=1.183 turn_time=0.0178577 end_in=0.0178577 cand_pre=46 cand_cap=20 cand=46->20 pre=46 pick(must/bucket/top/rand)=1/4/11/4 depth0=10 depth=2 dlog=5 dper=3 sims=8404 loop=8384 gen_time=0 eval_time=0.018 best_avg=-0.509038 best_move=9,5 leader=2 inc2=1 attack_w=0.2
DBG t=49 used=0.019 remain=0.941 turn_time=0.0182665 end_in=0.0182665 cand_pre=40 cand_cap=20 cand=40->20 pre=40 pick(must/bucket/top/rand)=1/6/9/4 depth0=10 depth=3 dlog=5 dper=2 sims=5744 loop=5724 gen_time=0 eval_time=0.019 best_avg=-0.146795 best_move=9,7 leader=2 inc2=1 attack_w=0.2
DBG t=61 used=0.017 remain=0.727 turn_time=0.0163948 end_in=0.0163948 cand_pre=57 cand_cap=20 cand=57->20 pre=57 pick(must/bucket/top/rand)=1/6/9/4 depth0=10 depth=1 dlog=5 dper=4 sims=12316 loop=12296 gen_time=0 eval_time=0.017 best_avg=0.433003 best_move=9,6 leader=2 inc2=1 attack_w=0.2
DBG t=74 used=0.017 remain=0.498 turn_time=0.0167213 end_in=0.0167213 cand_pre=58 cand_cap=20 cand=58->20 pre=58 pick(must/bucket/top/rand)=1/6/9/4 depth0=11 depth=2 dlog=5 dper=4 sims=6088 loop=6068 gen_time=0 eval_time=0.017 best_avg=0.273184 best_move=7,4 leader=2 inc2=1 attack_w=0.2
DBG t=86 used=0.022 remain=0.284 turn_time=0.0216651 end_in=0.0216651 cand_pre=28 cand_cap=20 cand=28->20 pre=28 pick(must/bucket/top/rand)=1/4/11/4 depth0=11 depth=7 dlog=4 dper=0 sims=1932 loop=1912 gen_time=0 eval_time=0.022 best_avg=-0.582236 best_move=6,3 leader=2 inc2=1 attack_w=0.2
DBG depth_guard t=99 remain=0.012 cand_pre=24 depth0=0 depth=0
DBG t=99 used=0.008 remain=0.012 turn_time=0.0072 end_in=0.0072 cand_pre=24 cand_cap=12 cand=24->12 pre=24 pick(must/bucket/top/rand)=1/4/5/2 depth0=0 depth=0 dlog=4 dper=3 sims=15760 loop=15748 gen_time=0 eval_time=0.008 best_avg=-0.681327 best_move=6,4 leader=2 inc2=1 attack_w=0.2
DBG summary depth_guard_fired=1
Score = 166866
=== CASE 0017.txt ===
DBG hdr N=10 M=5 T=100 U=5 VMAX=1407 TIME_LIMIT=1.94 MAX_CAND=20 UCB_C=0.21
DBG t=0 used=0.024 remain=1.94 turn_time=0.0236195 end_in=0.0236195 cand_pre=5 cand_cap=20 cand=5->5 pre=5 pick(must/bucket/top/rand)=1/2/2/0 depth0=7 depth=5 dlog=2 dper=0 sims=6009 loop=6004 gen_time=0 eval_time=0.024 best_avg=-0.710449 best_move=3,5 leader=1 inc2=0 attack_w=0.13
DBG t=12 used=0.023 remain=1.659 turn_time=0.0224625 end_in=0.0224625 cand_pre=9 cand_cap=20 cand=9->9 pre=9 pick(must/bucket/top/rand)=1/5/3/0 depth0=7 depth=4 dlog=3 dper=0 sims=5581 loop=5572 gen_time=0 eval_time=0.023 best_avg=-0.974854 best_move=3,5 leader=1 inc2=1 attack_w=0.694595
DBG t=24 used=0.021 remain=1.392 turn_time=0.0207518 end_in=0.0207518 cand_pre=18 cand_cap=20 cand=18->18 pre=18 pick(must/bucket/top/rand)=1/7/8/2 depth0=7 depth=3 dlog=4 dper=0 sims=4814 loop=4796 gen_time=0 eval_time=0.021 best_avg=-0.95389 best_move=3,5 leader=1 inc2=1 attack_w=0.695408
DBG t=37 used=0.02 remain=1.119 turn_time=0.0198933 end_in=0.0198933 cand_pre=20 cand_cap=20 cand=20->20 pre=20 pick(must/bucket/top/rand)=1/8/7/4 depth0=10 depth=6 dlog=4 dper=0 sims=1920 loop=1900 gen_time=0 eval_time=0.02 best_avg=-1.00374 best_move=4,8 leader=1 inc2=1 attack_w=0.696914
DBG t=49 used=0.019 remain=0.884 turn_time=0.018174 end_in=0.018174 cand_pre=31 cand_cap=20 cand=31->20 pre=31 pick(must/bucket/top/rand)=1/7/8/4 depth0=10 depth=5 dlog=4 dper=1 sims=2876 loop=2856 gen_time=0 eval_time=0.019 best_avg=-0.849769 best_move=2,9 leader=1 inc2=1 attack_w=0.50917
DBG t=61 used=0.018 remain=0.66 turn_time=0.0175238 end_in=0.0175238 cand_pre=33 cand_cap=20 cand=33->20 pre=33 pick(must/bucket/top/rand)=1/8/7/4 depth0=10 depth=4 dlog=4 dper=2 sims=2908 loop=2888 gen_time=0 eval_time=0.018 best_avg=-0.857284 best_move=3,9 leader=4 inc2=1 attack_w=0.502023
DBG t=74 used=0.018 remain=0.426 turn_time=0.0171793 end_in=0.0171793 cand_pre=31 cand_cap=20 cand=31->20 pre=31 pick(must/bucket/top/rand)=1/8/7/4 depth0=11 depth=6 dlog=4 dper=1 sims=2080 loop=2060 gen_time=0 eval_time=0.018 best_avg=-0.775048 best_move=4,6 leader=4 inc2=1 attack_w=0.476864
DBG t=86 used=0.017 remain=0.218 turn_time=0.0166303 end_in=0.0166303 cand_pre=28 cand_cap=20 cand=28->20 pre=28 pick(must/bucket/top/rand)=1/7/8/4 depth0=11 depth=6 dlog=4 dper=1 sims=1712 loop=1692 gen_time=0 eval_time=0.017 best_avg=-0.895799 best_move=4,8 leader=4 inc2=1 attack_w=0.443036
DBG depth_guard t=99 remain=0.012 cand_pre=32 depth0=0 depth=0
DBG t=99 used=0.008 remain=0.012 turn_time=0.0072 end_in=0.0072 cand_pre=32 cand_cap=12 cand=32->12 pre=32 pick(must/bucket/top/rand)=1/6/3/2 depth0=0 depth=0 dlog=4 dper=4 sims=8736 loop=8724 gen_time=0 eval_time=0.008 best_avg=-0.915329 best_move=3,5 leader=4 inc2=1 attack_w=0.486244
DBG summary depth_guard_fired=1
Score = 94503
=== CASE 0019.txt ===
DBG hdr N=10 M=3 T=100 U=4 VMAX=1941 TIME_LIMIT=1.94 MAX_CAND=20 UCB_C=0.21
DBG t=0 used=0.024 remain=1.94 turn_time=0.0236195 end_in=0.0236195 cand_pre=5 cand_cap=20 cand=5->5 pre=5 pick(must/bucket/top/rand)=1/2/2/0 depth0=7 depth=5 dlog=2 dper=0 sims=7833 loop=7828 gen_time=0 eval_time=0.024 best_avg=-1.73783 best_move=1,3 leader=1 inc2=1 attack_w=0.85
DBG t=12 used=0.022 remain=1.669 turn_time=0.0212418 end_in=0.0212418 cand_pre=20 cand_cap=20 cand=20->20 pre=20 pick(must/bucket/top/rand)=1/2/13/4 depth0=7 depth=3 dlog=4 dper=0 sims=8660 loop=8640 gen_time=0 eval_time=0.022 best_avg=-1.45185 best_move=3,3 leader=1 inc2=1 attack_w=0.2
DBG t=24 used=0.021 remain=1.411 turn_time=0.0204317 end_in=0.0204317 cand_pre=23 cand_cap=20 cand=23->20 pre=23 pick(must/bucket/top/rand)=1/2/13/4 depth0=7 depth=3 dlog=4 dper=0 sims=7096 loop=7076 gen_time=0 eval_time=0.021 best_avg=-1.50428 best_move=3,6 leader=1 inc2=1 attack_w=0.2
DBG t=37 used=0.02 remain=1.142 turn_time=0.019124 end_in=0.019124 cand_pre=30 cand_cap=20 cand=30->20 pre=30 pick(must/bucket/top/rand)=1/5/10/4 depth0=10 depth=5 dlog=4 dper=1 sims=3492 loop=3472 gen_time=0 eval_time=0.02 best_avg=-1.52865 best_move=5,6 leader=1 inc2=1 attack_w=0.2
DBG t=49 used=0.019 remain=0.915 turn_time=0.0181116 end_in=0.0181116 cand_pre=37 cand_cap=20 cand=37->20 pre=37 pick(must/bucket/top/rand)=1/6/9/4 depth0=10 depth=3 dlog=5 dper=2 sims=4728 loop=4708 gen_time=0 eval_time=0.019 best_avg=-1.53982 best_move=5,6 leader=1 inc2=1 attack_w=0.2
DBG t=61 used=0.018 remain=0.69 turn_time=0.0178604 end_in=0.0178604 cand_pre=37 cand_cap=20 cand=37->20 pre=37 pick(must/bucket/top/rand)=1/8/7/4 depth0=10 depth=3 dlog=5 dper=2 sims=4452 loop=4432 gen_time=0 eval_time=0.018 best_avg=-1.59761 best_move=6,4 leader=1 inc2=1 attack_w=0.2
DBG t=74 used=0.018 remain=0.453 turn_time=0.0178151 end_in=0.0178151 cand_pre=35 cand_cap=20 cand=35->20 pre=35 pick(must/bucket/top/rand)=1/7/8/4 depth0=11 depth=5 dlog=4 dper=2 sims=2660 loop=2640 gen_time=0 eval_time=0.018 best_avg=-1.7665 best_move=1,3 leader=1 inc2=1 attack_w=0.418698
DBG t=86 used=0.018 remain=0.237 turn_time=0.0174195 end_in=0.0174195 cand_pre=34 cand_cap=20 cand=34->20 pre=34 pick(must/bucket/top/rand)=1/8/7/4 depth0=11 depth=5 dlog=4 dper=2 sims=2504 loop=2484 gen_time=0 eval_time=0.018 best_avg=-1.80114 best_move=0,5 leader=1 inc2=1 attack_w=0.563243
DBG depth_guard t=99 remain=0.014 cand_pre=36 depth0=0 depth=0
DBG t=99 used=0.009 remain=0.014 turn_time=0.0084 end_in=0.0084 cand_pre=36 cand_cap=14 cand=36->14 pre=36 pick(must/bucket/top/rand)=1/8/2/3 depth0=0 depth=0 dlog=5 dper=4 sims=14338 loop=14324 gen_time=0 eval_time=0.009 best_avg=-1.73692 best_move=6,6 leader=1 inc2=1 attack_w=0.413081
DBG summary depth_guard_fired=1
Score = 95370
=== CASE 0018.txt ===
DBG hdr N=10 M=7 T=100 U=5 VMAX=2680 TIME_LIMIT=1.94 MAX_CAND=20 UCB_C=0.21
DBG t=0 used=0.024 remain=1.94 turn_time=0.0237456 end_in=0.0237456 cand_pre=4 cand_cap=20 cand=4->4 pre=4 pick(must/bucket/top/rand)=1/2/1/0 depth0=7 depth=6 dlog=1 dper=0 sims=3756 loop=3752 gen_time=0 eval_time=0.024 best_avg=-0.703533 best_move=9,5 leader=5 inc2=1 attack_w=0.85
DBG t=12 used=0.023 remain=1.661 turn_time=0.0226122 end_in=0.0226123 cand_pre=8 cand_cap=20 cand=8->8 pre=8 pick(must/bucket/top/rand)=1/4/3/0 depth0=7 depth=5 dlog=2 dper=0 sims=3220 loop=3212 gen_time=0 eval_time=0.023 best_avg=-0.313232 best_move=8,5 leader=6 inc2=1 attack_w=0.2
DBG t=24 used=0.022 remain=1.389 turn_time=0.0211822 end_in=0.0211822 cand_pre=14 cand_cap=20 cand=14->14 pre=14 pick(must/bucket/top/rand)=1/6/7/0 depth0=7 depth=4 dlog=3 dper=0 sims=3578 loop=3564 gen_time=0 eval_time=0.022 best_avg=-0.36776 best_move=8,3 leader=6 inc2=1 attack_w=0.2
DBG t=37 used=0.02 remain=1.107 turn_time=0.0199084 end_in=0.0199084 cand_pre=18 cand_cap=20 cand=18->18 pre=18 pick(must/bucket/top/rand)=1/6/9/2 depth0=10 depth=6 dlog=4 dper=0 sims=2086 loop=2068 gen_time=0 eval_time=0.02 best_avg=-0.338405 best_move=7,1 leader=2 inc2=1 attack_w=0.2
DBG t=49 used=0.02 remain=0.865 turn_time=0.0192166 end_in=0.0192166 cand_pre=18 cand_cap=20 cand=18->18 pre=18 pick(must/bucket/top/rand)=1/6/9/2 depth0=10 depth=6 dlog=4 dper=0 sims=1466 loop=1448 gen_time=0 eval_time=0.02 best_avg=-0.51929 best_move=8,3 leader=2 inc2=1 attack_w=0.561366
DBG t=61 used=0.019 remain=0.634 turn_time=0.0182072 end_in=0.0182072 cand_pre=20 cand_cap=20 cand=20->20 pre=20 pick(must/bucket/top/rand)=1/7/8/4 depth0=10 depth=6 dlog=4 dper=0 sims=1804 loop=1784 gen_time=0 eval_time=0.019 best_avg=-0.371182 best_move=9,1 leader=1 inc2=1 attack_w=0.202231
DBG t=74 used=0.017 remain=0.396 turn_time=0.0167615 end_in=0.0167615 cand_pre=23 cand_cap=20 cand=23->20 pre=23 pick(must/bucket/top/rand)=1/6/9/4 depth0=11 depth=6 dlog=4 dper=1 sims=1632 loop=1612 gen_time=0 eval_time=0.017 best_avg=-0.306243 best_move=8,6 leader=2 inc2=1 attack_w=0.2
DBG t=86 used=0.016 remain=0.196 turn_time=0.015498 end_in=0.015498 cand_pre=22 cand_cap=20 cand=22->20 pre=22 pick(must/bucket/top/rand)=1/6/9/4 depth0=11 depth=6 dlog=4 dper=1 sims=1516 loop=1496 gen_time=0 eval_time=0.016 best_avg=-0.320627 best_move=8,3 leader=1 inc2=1 attack_w=0.2
DBG depth_guard t=99 remain=0.008 cand_pre=20 depth0=0 depth=0
DBG t=99 used=0.005 remain=0.008 turn_time=0.0048 end_in=0.0048 cand_pre=20 cand_cap=12 cand=20->12 pre=20 pick(must/bucket/top/rand)=1/6/3/2 depth0=0 depth=0 dlog=4 dper=4 sims=4368 loop=4356 gen_time=0 eval_time=0.005 best_avg=-0.368628 best_move=8,4 leader=1 inc2=1 attack_w=0.2
DBG summary depth_guard_fired=1
Score = 114420
=== CASE 0020.txt ===
DBG hdr N=10 M=7 T=100 U=5 VMAX=1504 TIME_LIMIT=1.94 MAX_CAND=20 UCB_C=0.21
DBG t=0 used=0.024 remain=1.94 turn_time=0.0237456 end_in=0.0237456 cand_pre=4 cand_cap=20 cand=4->4 pre=4 pick(must/bucket/top/rand)=1/2/1/0 depth0=7 depth=6 dlog=1 dper=0 sims=3880 loop=3876 gen_time=0 eval_time=0.024 best_avg=-0.759458 best_move=0,9 leader=3 inc2=1 attack_w=0.85
DBG t=12 used=0.023 remain=1.659 turn_time=0.0222174 end_in=0.0222174 cand_pre=11 cand_cap=20 cand=11->11 pre=11 pick(must/bucket/top/rand)=1/3/7/0 depth0=7 depth=4 dlog=3 dper=0 sims=3779 loop=3768 gen_time=0 eval_time=0.023 best_avg=-0.627411 best_move=3,8 leader=3 inc2=1 attack_w=0.632391
DBG t=24 used=0.021 remain=1.396 turn_time=0.0205726 end_in=0.0205726 cand_pre=20 cand_cap=20 cand=20->20 pre=20 pick(must/bucket/top/rand)=1/7/8/4 depth0=7 depth=3 dlog=4 dper=0 sims=4432 loop=4412 gen_time=0 eval_time=0.021 best_avg=-0.318583 best_move=5,6 leader=4 inc2=1 attack_w=0.2
DBG t=37 used=0.022 remain=1.111 turn_time=0.0213559 end_in=0.0213559 cand_pre=6 cand_cap=20 cand=6->6 pre=6 pick(must/bucket/top/rand)=1/2/3/0 depth0=10 depth=8 dlog=2 dper=0 sims=2086 loop=2080 gen_time=0 eval_time=0.022 best_avg=-0.322176 best_move=7,9 leader=4 inc2=1 attack_w=0.2
DBG t=49 used=0.02 remain=0.858 turn_time=0.0199359 end_in=0.0199359 cand_pre=10 cand_cap=20 cand=10->10 pre=10 pick(must/bucket/top/rand)=1/5/4/0 depth0=10 depth=7 dlog=3 dper=0 sims=1818 loop=1808 gen_time=0 eval_time=0.02 best_avg=-0.586894 best_move=8,9 leader=1 inc2=1 attack_w=0.2
DBG t=61 used=0.02 remain=0.616 turn_time=0.0190249 end_in=0.0190249 cand_pre=7 cand_cap=20 cand=7->7 pre=7 pick(must/bucket/top/rand)=1/2/4/0 depth0=10 depth=8 dlog=2 dper=0 sims=2011 loop=2004 gen_time=0 eval_time=0.02 best_avg=-0.755376 best_move=7,9 leader=1 inc2=1 attack_w=0.520325
DBG t=74 used=0.017 remain=0.376 turn_time=0.0169489 end_in=0.0169489 cand_pre=12 cand_cap=20 cand=12->12 pre=12 pick(must/bucket/top/rand)=1/5/6/0 depth0=11 depth=8 dlog=3 dper=0 sims=1636 loop=1624 gen_time=0 eval_time=0.017 best_avg=-0.681083 best_move=6,7 leader=1 inc2=1 attack_w=0.538511
DBG t=86 used=0.015 remain=0.181 turn_time=0.014564 end_in=0.014564 cand_pre=19 cand_cap=20 cand=19->19 pre=19 pick(must/bucket/top/rand)=1/8/7/3 depth0=11 depth=6 dlog=4 dper=0 sims=2083 loop=2064 gen_time=0 eval_time=0.015 best_avg=-0.479353 best_move=9,9 leader=1 inc2=1 attack_w=0.2
DBG depth_guard t=98 remain=0.017 cand_pre=16 depth0=1 depth=0
DBG depth_guard t=99 remain=0.007 cand_pre=17 depth0=0 depth=0
DBG t=99 used=0.005 remain=0.007 turn_time=0.0042 end_in=0.0042 cand_pre=17 cand_cap=12 cand=17->12 pre=17 pick(must/bucket/top/rand)=1/5/4/2 depth0=0 depth=0 dlog=3 dper=4 sims=7444 loop=7432 gen_time=0 eval_time=0.005 best_avg=-0.326869 best_move=7,6 leader=1 inc2=1 attack_w=0.2
DBG summary depth_guard_fired=2
Score = 114743
=== CASE 0022.txt ===
DBG hdr N=10 M=5 T=100 U=5 VMAX=1464 TIME_LIMIT=1.94 MAX_CAND=20 UCB_C=0.21
DBG t=0 used=0.024 remain=1.94 turn_time=0.0236195 end_in=0.0236195 cand_pre=5 cand_cap=20 cand=5->5 pre=5 pick(must/bucket/top/rand)=1/2/2/0 depth0=7 depth=5 dlog=2 dper=0 sims=6629 loop=6624 gen_time=0 eval_time=0.024 best_avg=-0.861172 best_move=8,6 leader=1 inc2=1 attack_w=0.85
DBG t=12 used=0.023 remain=1.661 turn_time=0.0228576 end_in=0.0228576 cand_pre=6 cand_cap=20 cand=6->6 pre=6 pick(must/bucket/top/rand)=1/2/3/0 depth0=7 depth=5 dlog=2 dper=0 sims=4530 loop=4524 gen_time=0 eval_time=0.023 best_avg=-1.13543 best_move=5,6 leader=2 inc2=1 attack_w=0.85
DBG t=24 used=0.022 remain=1.389 turn_time=0.0216574 end_in=0.0216574 cand_pre=10 cand_cap=20 cand=10->10 pre=10 pick(must/bucket/top/rand)=1/5/4/0 depth0=7 depth=4 dlog=3 dper=0 sims=4998 loop=4988 gen_time=0 eval_time=0.022 best_avg=-1.0422 best_move=6,6 leader=2 inc2=1 attack_w=0.815049
DBG t=37 used=0.021 remain=1.11 turn_time=0.0201914 end_in=0.0201914 cand_pre=16 cand_cap=20 cand=16->16 pre=16 pick(must/bucket/top/rand)=1/4/11/0 depth0=10 depth=7 dlog=3 dper=0 sims=2680 loop=2664 gen_time=0 eval_time=0.021 best_avg=-1.01673 best_move=4,6 leader=3 inc2=0 attack_w=0.762082
DBG t=49 used=0.02 remain=0.865 turn_time=0.0191063 end_in=0.0191063 cand_pre=19 cand_cap=20 cand=19->19 pre=19 pick(must/bucket/top/rand)=1/6/9/3 depth0=10 depth=6 dlog=4 dper=0 sims=2131 loop=2112 gen_time=0 eval_time=0.02 best_avg=-1.04775 best_move=7,6 leader=3 inc2=0 attack_w=0.758462
DBG t=61 used=0.019 remain=0.636 turn_time=0.0180526 end_in=0.0180526 cand_pre=22 cand_cap=20 cand=22->20 pre=22 pick(must/bucket/top/rand)=1/6/9/4 depth0=10 depth=6 dlog=4 dper=0 sims=2184 loop=2164 gen_time=0 eval_time=0.019 best_avg=-1.09062 best_move=2,9 leader=3 inc2=0 attack_w=0.723089
DBG t=74 used=0.017 remain=0.406 turn_time=0.0162712 end_in=0.0162712 cand_pre=32 cand_cap=20 cand=32->20 pre=32 pick(must/bucket/top/rand)=1/8/7/4 depth0=11 depth=5 dlog=4 dper=2 sims=1944 loop=1924 gen_time=0 eval_time=0.017 best_avg=-1.07339 best_move=2,5 leader=3 inc2=0 attack_w=0.800625
DBG t=86 used=0.016 remain=0.212 turn_time=0.0151883 end_in=0.0151883 cand_pre=38 cand_cap=20 cand=38->20 pre=38 pick(must/bucket/top/rand)=1/6/9/4 depth0=11 depth=3 dlog=5 dper=3 sims=2860 loop=2840 gen_time=0 eval_time=0.016 best_avg=-1.01996 best_move=0,5 leader=3 inc2=0 attack_w=0.715751
DBG depth_guard t=99 remain=0.013 cand_pre=40 depth0=0 depth=0
DBG t=99 used=0.008 remain=0.013 turn_time=0.0078 end_in=0.0078 cand_pre=40 cand_cap=12 cand=40->12 pre=36 pick(must/bucket/top/rand)=1/6/3/2 depth0=0 depth=0 dlog=5 dper=5 sims=8764 loop=8752 gen_time=0 eval_time=0.008 best_avg=-1.01618 best_move=1,6 leader=3 inc2=0 attack_w=0.713495
DBG summary depth_guard_fired=1
Score = 88019
=== CASE 0021.txt ===
DBG hdr N=10 M=3 T=100 U=5 VMAX=2360 TIME_LIMIT=1.94 MAX_CAND=20 UCB_C=0.21
DBG t=0 used=0.024 remain=1.94 turn_time=0.0237456 end_in=0.0237456 cand_pre=4 cand_cap=20 cand=4->4 pre=4 pick(must/bucket/top/rand)=1/2/1/0 depth0=7 depth=6 dlog=1 dper=0 sims=7312 loop=7308 gen_time=0 eval_time=0.024 best_avg=-0.89902 best_move=3,9 leader=1 inc2=1 attack_w=0.13
DBG t=12 used=0.023 remain=1.659 turn_time=0.0222174 end_in=0.0222174 cand_pre=11 cand_cap=20 cand=11->11 pre=11 pick(must/bucket/top/rand)=1/2/8/0 depth0=7 depth=4 dlog=3 dper=0 sims=5575 loop=5564 gen_time=0 eval_time=0.023 best_avg=-0.874223 best_move=1,8 leader=2 inc2=1 attack_w=0.2
DBG t=24 used=0.022 remain=1.392 turn_time=0.0214661 end_in=0.0214661 cand_pre=12 cand_cap=20 cand=12->12 pre=12 pick(must/bucket/top/rand)=1/6/5/0 depth0=7 depth=4 dlog=3 dper=0 sims=3996 loop=3984 gen_time=0 eval_time=0.022 best_avg=-1.08342 best_move=4,8 leader=2 inc2=1 attack_w=0.2
DBG t=37 used=0.021 remain=1.103 turn_time=0.0207469 end_in=0.0207469 cand_pre=10 cand_cap=20 cand=10->10 pre=10 pick(must/bucket/top/rand)=1/6/3/0 depth0=10 depth=7 dlog=3 dper=0 sims=2358 loop=2348 gen_time=0 eval_time=0.021 best_avg=-1.02378 best_move=0,9 leader=1 inc2=1 attack_w=0.2
DBG t=49 used=0.02 remain=0.851 turn_time=0.0197732 end_in=0.0197732 cand_pre=10 cand_cap=20 cand=10->10 pre=10 pick(must/bucket/top/rand)=1/6/3/0 depth0=10 depth=7 dlog=3 dper=0 sims=2130 loop=2120 gen_time=0 eval_time=0.02 best_avg=-1.19287 best_move=1,8 leader=1 inc2=1 attack_w=0.2
DBG t=61 used=0.019 remain=0.615 turn_time=0.0182765 end_in=0.0182765 cand_pre=14 cand_cap=20 cand=14->14 pre=14 pick(must/bucket/top/rand)=1/6/7/0 depth0=10 depth=7 dlog=3 dper=0 sims=2066 loop=2052 gen_time=0 eval_time=0.019 best_avg=-1.14047 best_move=3,9 leader=2 inc2=1 attack_w=0.2
DBG t=74 used=0.017 remain=0.38 turn_time=0.0167492 end_in=0.0167492 cand_pre=16 cand_cap=20 cand=16->16 pre=16 pick(must/bucket/top/rand)=1/5/10/0 depth0=11 depth=8 dlog=3 dper=0 sims=2580 loop=2564 gen_time=0 eval_time=0.017 best_avg=-1.05274 best_move=0,6 leader=2 inc2=1 attack_w=0.2
DBG t=86 used=0.015 remain=0.184 turn_time=0.0146346 end_in=0.0146346 cand_pre=21 cand_cap=20 cand=21->20 pre=21 pick(must/bucket/top/rand)=1/8/7/4 depth0=11 depth=6 dlog=4 dper=1 sims=2872 loop=2852 gen_time=0 eval_time=0.015 best_avg=-0.772977 best_move=2,5 leader=1 inc2=1 attack_w=0.2
DBG depth_guard t=99 remain=0.009 cand_pre=25 depth0=0 depth=0
DBG t=99 used=0.006 remain=0.009 turn_time=0.0054 end_in=0.0054 cand_pre=25 cand_cap=12 cand=25->12 pre=25 pick(must/bucket/top/rand)=1/6/3/2 depth0=0 depth=0 dlog=4 dper=5 sims=14112 loop=14100 gen_time=0 eval_time=0.006 best_avg=-1.0092 best_move=4,9 leader=2 inc2=1 attack_w=0.2
DBG summary depth_guard_fired=1
Score = 140551
=== CASE 0023.txt ===
DBG hdr N=10 M=5 T=100 U=1 VMAX=1610 TIME_LIMIT=1.94 MAX_CAND=20 UCB_C=0.21
DBG t=0 used=0.024 remain=1.94 turn_time=0.0237456 end_in=0.0237456 cand_pre=4 cand_cap=20 cand=4->4 pre=4 pick(must/bucket/top/rand)=1/2/1/0 depth0=7 depth=6 dlog=1 dper=0 sims=4092 loop=4088 gen_time=0 eval_time=0.024 best_avg=-0.910783 best_move=6,4 leader=2 inc2=1 attack_w=0.85
DBG t=12 used=0.022 remain=1.668 turn_time=0.0219683 end_in=0.0219683 cand_pre=14 cand_cap=20 cand=14->14 pre=14 pick(must/bucket/top/rand)=1/4/9/0 depth0=7 depth=4 dlog=3 dper=0 sims=4370 loop=4356 gen_time=0 eval_time=0.022 best_avg=-0.716228 best_move=3,2 leader=3 inc2=1 attack_w=0.2
DBG t=24 used=0.023 remain=1.419 turn_time=0.0224893 end_in=0.0224893 cand_pre=7 cand_cap=20 cand=7->7 pre=7 pick(must/bucket/top/rand)=1/1/5/0 depth0=7 depth=5 dlog=2 dper=0 sims=2787 loop=2780 gen_time=0 eval_time=0.023 best_avg=-0.706485 best_move=8,1 leader=3 inc2=0 attack_w=0.2
DBG t=37 used=0.018 remain=1.172 turn_time=0.017087 end_in=0.017087 cand_pre=51 cand_cap=20 cand=51->20 pre=51 pick(must/bucket/top/rand)=1/5/10/4 depth0=10 depth=2 dlog=5 dper=3 sims=4464 loop=4444 gen_time=0 eval_time=0.018 best_avg=-0.261947 best_move=7,8 leader=4 inc2=0 attack_w=0.2
DBG t=49 used=0.019 remain=0.933 turn_time=0.018349 end_in=0.018349 cand_pre=38 cand_cap=20 cand=38->20 pre=38 pick(must/bucket/top/rand)=1/4/11/4 depth0=10 depth=3 dlog=5 dper=2 sims=3596 loop=3576 gen_time=0 eval_time=0.019 best_avg=-0.289998 best_move=6,9 leader=3 inc2=0 attack_w=0.2
DBG t=61 used=0.018 remain=0.71 turn_time=0.0175497 end_in=0.0175497 cand_pre=44 cand_cap=20 cand=44->20 pre=44 pick(must/bucket/top/rand)=1/6/9/4 depth0=10 depth=2 dlog=5 dper=3 sims=4796 loop=4776 gen_time=0 eval_time=0.018 best_avg=-0.228407 best_move=3,3 leader=3 inc2=1 attack_w=0.2
DBG t=74 used=0.017 remain=0.477 turn_time=0.0169702 end_in=0.0169702 cand_pre=50 cand_cap=20 cand=50->20 pre=50 pick(must/bucket/top/rand)=1/6/9/4 depth0=11 depth=3 dlog=5 dper=3 sims=2804 loop=2784 gen_time=0 eval_time=0.017 best_avg=-0.0697284 best_move=9,2 leader=2 inc2=1 attack_w=0.2
DBG t=86 used=0.017 remain=0.269 turn_time=0.016899 end_in=0.016899 cand_pre=57 cand_cap=20 cand=57->20 pre=57 pick(must/bucket/top/rand)=1/6/9/4 depth0=11 depth=2 dlog=5 dper=4 sims=4792 loop=4772 gen_time=0 eval_time=0.017 best_avg=0.0477444 best_move=2,3 leader=1 inc2=1 attack_w=0.2
DBG depth_guard t=99 remain=0.011 cand_pre=21 depth0=0 depth=0
DBG t=99 used=0.007 remain=0.011 turn_time=0.0066 end_in=0.0066 cand_pre=21 cand_cap=12 cand=21->12 pre=21 pick(must/bucket/top/rand)=1/5/4/2 depth0=0 depth=0 dlog=4 dper=3 sims=9208 loop=9196 gen_time=0 eval_time=0.007 best_avg=-0.103305 best_move=3,2 leader=3 inc2=1 attack_w=0.2
DBG summary depth_guard_fired=1
Score = 148379
=== CASE 0025.txt ===
DBG hdr N=10 M=2 T=100 U=2 VMAX=1033 TIME_LIMIT=1.94 MAX_CAND=20 UCB_C=0.21
DBG t=0 used=0.024 remain=1.94 turn_time=0.0236195 end_in=0.0236195 cand_pre=5 cand_cap=20 cand=5->5 pre=5 pick(must/bucket/top/rand)=1/2/2/0 depth0=7 depth=5 dlog=2 dper=0 sims=10589 loop=10584 gen_time=0 eval_time=0.024 best_avg=-2.56848 best_move=0,6 leader=1 inc2=1 attack_w=0.183977
DBG t=12 used=0.021 remain=1.659 turn_time=0.0208695 end_in=0.0208695 cand_pre=22 cand_cap=20 cand=22->20 pre=22 pick(must/bucket/top/rand)=1/2/13/4 depth0=7 depth=3 dlog=4 dper=0 sims=9508 loop=9488 gen_time=0 eval_time=0.021 best_avg=-2.76496 best_move=0,6 leader=1 inc2=1 attack_w=0.2
DBG t=24 used=0.019 remain=1.414 turn_time=0.018782 end_in=0.018782 cand_pre=37 cand_cap=20 cand=37->20 pre=37 pick(must/bucket/top/rand)=1/3/12/4 depth0=7 depth=0 dlog=5 dper=2 sims=53020 loop=53000 gen_time=0 eval_time=0.019 best_avg=-2.86234 best_move=5,8 leader=1 inc2=1 attack_w=0.2
DBG t=37 used=0.018 remain=1.173 turn_time=0.0178277 end_in=0.0178277 cand_pre=45 cand_cap=20 cand=45->20 pre=45 pick(must/bucket/top/rand)=1/3/12/4 depth0=10 depth=2 dlog=5 dper=3 sims=7612 loop=7592 gen_time=0 eval_time=0.018 best_avg=-2.98968 best_move=3,2 leader=1 inc2=1 attack_w=0.2
DBG t=49 used=0.018 remain=0.957 turn_time=0.0172354 end_in=0.0172354 cand_pre=51 cand_cap=20 cand=51->20 pre=51 pick(must/bucket/top/rand)=1/4/11/4 depth0=10 depth=2 dlog=5 dper=3 sims=7336 loop=7316 gen_time=0 eval_time=0.018 best_avg=-2.85938 best_move=6,9 leader=1 inc2=1 attack_w=0.2
DBG t=61 used=0.017 remain=0.748 turn_time=0.0164944 end_in=0.0164944 cand_pre=60 cand_cap=20 cand=60->20 pre=60 pick(must/bucket/top/rand)=1/4/11/4 depth0=10 depth=1 dlog=5 dper=4 sims=9992 loop=9972 gen_time=0 eval_time=0.017 best_avg=-2.73533 best_move=0,1 leader=1 inc2=1 attack_w=0.2
DBG t=74 used=0.017 remain=0.527 turn_time=0.0163775 end_in=0.0163775 cand_pre=68 cand_cap=14 cand=68->14 pre=42 pick(must/bucket/top/rand)=1/5/5/3 depth0=11 depth=2 dlog=5 dper=4 sims=5758 loop=5744 gen_time=0 eval_time=0.017 best_avg=-2.67522 best_move=2,1 leader=1 inc2=1 attack_w=0.2
DBG t=86 used=0.018 remain=0.316 turn_time=0.0179443 end_in=0.0179443 cand_pre=70 cand_cap=14 cand=70->14 pre=42 pick(must/bucket/top/rand)=1/6/4/3 depth0=11 depth=2 dlog=5 dper=4 sims=5958 loop=5944 gen_time=0 eval_time=0.018 best_avg=-2.57887 best_move=4,1 leader=1 inc2=1 attack_w=0.2
DBG t=99 used=0.026 remain=0.042 turn_time=0.0252 end_in=0.0252 cand_pre=71 cand_cap=14 cand=71->14 pre=42 pick(must/bucket/top/rand)=1/8/2/3 depth0=0 depth=0 dlog=5 dper=3 sims=61438 loop=61424 gen_time=0 eval_time=0.026 best_avg=-2.42189 best_move=5,1 leader=1 inc2=1 attack_w=0.2
DBG summary depth_guard_fired=0
Score = 158181
=== CASE 0024.txt ===
DBG hdr N=10 M=6 T=100 U=2 VMAX=2351 TIME_LIMIT=1.94 MAX_CAND=20 UCB_C=0.21
DBG t=0 used=0.024 remain=1.94 turn_time=0.0238717 end_in=0.0238717 cand_pre=3 cand_cap=20 cand=3->3 pre=3 pick(must/bucket/top/rand)=1/2/0/0 depth0=7 depth=6 dlog=1 dper=0 sims=3967 loop=3964 gen_time=0 eval_time=0.024 best_avg=-1.49815 best_move=0,9 leader=2 inc2=1 attack_w=0.85
DBG t=12 used=0.023 remain=1.657 turn_time=0.022313 end_in=0.022313 cand_pre=10 cand_cap=20 cand=10->10 pre=10 pick(must/bucket/top/rand)=1/4/5/0 depth0=7 depth=4 dlog=3 dper=0 sims=3750 loop=3740 gen_time=0 eval_time=0.023 best_avg=-1.89465 best_move=4,8 leader=2 inc2=1 attack_w=0.85
DBG t=24 used=0.021 remain=1.396 turn_time=0.0205726 end_in=0.0205726 cand_pre=20 cand_cap=20 cand=20->20 pre=20 pick(must/bucket/top/rand)=1/5/10/4 depth0=7 depth=3 dlog=4 dper=0 sims=3904 loop=3884 gen_time=0 eval_time=0.021 best_avg=-1.43329 best_move=7,9 leader=1 inc2=1 attack_w=0.85
DBG t=37 used=0.019 remain=1.131 turn_time=0.0187064 end_in=0.0187064 cand_pre=32 cand_cap=20 cand=32->20 pre=32 pick(must/bucket/top/rand)=1/8/7/4 depth0=10 depth=5 dlog=4 dper=1 sims=2188 loop=2168 gen_time=0 eval_time=0.019 best_avg=-0.682977 best_move=8,5 leader=2 inc2=1 attack_w=0.8085
DBG t=49 used=0.019 remain=0.903 turn_time=0.0182194 end_in=0.0182194 cand_pre=34 cand_cap=20 cand=34->20 pre=34 pick(must/bucket/top/rand)=1/8/7/4 depth0=10 depth=4 dlog=4 dper=2 sims=2616 loop=2596 gen_time=0 eval_time=0.019 best_avg=-0.271943 best_move=6,4 leader=4 inc2=1 attack_w=0.2
DBG t=61 used=0.018 remain=0.686 turn_time=0.0172995 end_in=0.0172995 cand_pre=41 cand_cap=20 cand=41->20 pre=41 pick(must/bucket/top/rand)=1/8/7/4 depth0=10 depth=3 dlog=5 dper=2 sims=3776 loop=3756 gen_time=0 eval_time=0.018 best_avg=-0.0826233 best_move=4,9 leader=3 inc2=1 attack_w=0.2
DBG t=74 used=0.017 remain=0.457 turn_time=0.0166014 end_in=0.0166014 cand_pre=47 cand_cap=20 cand=47->20 pre=47 pick(must/bucket/top/rand)=1/8/7/4 depth0=11 depth=3 dlog=5 dper=3 sims=3300 loop=3280 gen_time=0 eval_time=0.017 best_avg=0.222815 best_move=6,1 leader=2 inc2=1 attack_w=0.2
DBG t=86 used=0.017 remain=0.243 turn_time=0.0168451 end_in=0.0168451 cand_pre=43 cand_cap=20 cand=43->20 pre=43 pick(must/bucket/top/rand)=1/8/7/4 depth0=11 depth=3 dlog=5 dper=3 sims=3116 loop=3096 gen_time=0 eval_time=0.017 best_avg=0.0239842 best_move=4,7 leader=5 inc2=1 attack_w=0.2
DBG depth_guard t=99 remain=0.018 cand_pre=46 depth0=0 depth=0
DBG t=99 used=0.011 remain=0.018 turn_time=0.0108 end_in=0.0108 cand_pre=46 cand_cap=14 cand=46->14 pre=42 pick(must/bucket/top/rand)=1/8/2/3 depth0=0 depth=0 dlog=5 dper=4 sims=16510 loop=16496 gen_time=0 eval_time=0.011 best_avg=0.136273 best_move=2,8 leader=5 inc2=1 attack_w=0.2
DBG summary depth_guard_fired=1
Score = 163777
=== CASE 0029.txt ===
DBG hdr N=10 M=3 T=100 U=5 VMAX=1023 TIME_LIMIT=1.94 MAX_CAND=20 UCB_C=0.21
DBG t=0 used=0.024 remain=1.94 turn_time=0.0236195 end_in=0.0236195 cand_pre=5 cand_cap=20 cand=5->5 pre=5 pick(must/bucket/top/rand)=1/2/2/0 depth0=7 depth=5 dlog=2 dper=0 sims=8593 loop=8588 gen_time=0 eval_time=0.024 best_avg=-1.35992 best_move=5,8 leader=1 inc2=1 attack_w=0.203239
DBG t=12 used=0.022 remain=1.664 turn_time=0.0210553 end_in=0.0210553 cand_pre=21 cand_cap=20 cand=21->20 pre=21 pick(must/bucket/top/rand)=1/5/10/4 depth0=7 depth=3 dlog=4 dper=0 sims=5992 loop=5972 gen_time=0 eval_time=0.022 best_avg=-1.4799 best_move=6,5 leader=1 inc2=1 attack_w=0.320581
DBG t=24 used=0.019 remain=1.418 turn_time=0.0187139 end_in=0.0187139 cand_pre=38 cand_cap=20 cand=38->20 pre=38 pick(must/bucket/top/rand)=1/8/7/4 depth0=7 depth=0 dlog=5 dper=2 sims=29552 loop=29532 gen_time=0 eval_time=0.019 best_avg=-1.32873 best_move=8,4 leader=2 inc2=1 attack_w=0.2
DBG t=37 used=0.018 remain=1.181 turn_time=0.0173401 end_in=0.0173401 cand_pre=50 cand_cap=20 cand=50->20 pre=50 pick(must/bucket/top/rand)=1/8/7/4 depth0=10 depth=2 dlog=5 dper=3 sims=5340 loop=5320 gen_time=0 eval_time=0.018 best_avg=-1.24952 best_move=9,4 leader=2 inc2=1 attack_w=0.2
DBG t=49 used=0.017 remain=0.974 turn_time=0.0167967 end_in=0.0167967 cand_pre=57 cand_cap=20 cand=57->20 pre=57 pick(must/bucket/top/rand)=1/8/7/4 depth0=10 depth=1 dlog=5 dper=4 sims=7424 loop=7404 gen_time=0 eval_time=0.017 best_avg=-1.09271 best_move=3,2 leader=1 inc2=1 attack_w=0.2
DBG t=61 used=0.016 remain=0.773 turn_time=0.0158861 end_in=0.0158861 cand_pre=69 cand_cap=14 cand=69->14 pre=42 pick(must/bucket/top/rand)=1/8/2/3 depth0=10 depth=1 dlog=5 dper=4 sims=8590 loop=8576 gen_time=0 eval_time=0.016 best_avg=-1.12075 best_move=8,1 leader=2 inc2=1 attack_w=0.2
DBG t=74 used=0.022 remain=0.51 turn_time=0.0212042 end_in=0.0212042 cand_pre=26 cand_cap=20 cand=26->20 pre=26 pick(must/bucket/top/rand)=1/8/7/4 depth0=11 depth=7 dlog=4 dper=0 sims=2516 loop=2496 gen_time=0 eval_time=0.022 best_avg=-1.01121 best_move=6,0 leader=2 inc2=1 attack_w=0.2
DBG t=86 used=0.016 remain=0.27 turn_time=0.0150814 end_in=0.0150814 cand_pre=72 cand_cap=14 cand=72->14 pre=42 pick(must/bucket/top/rand)=1/8/2/3 depth0=11 depth=1 dlog=5 dper=5 sims=8130 loop=8116 gen_time=0 eval_time=0.016 best_avg=-0.763309 best_move=0,4 leader=1 inc2=1 attack_w=0.2
DBG t=99 used=0.025 remain=0.04 turn_time=0.024 end_in=0.024 cand_pre=79 cand_cap=14 cand=79->14 pre=42 pick(must/bucket/top/rand)=1/8/2/3 depth0=0 depth=0 dlog=6 dper=3 sims=52326 loop=52312 gen_time=0 eval_time=0.025 best_avg=-0.678189 best_move=1,8 leader=1 inc2=1 attack_w=0.2
DBG summary depth_guard_fired=0
Score = 173080
=== CASE 0027.txt ===
DBG hdr N=10 M=5 T=100 U=1 VMAX=1278 TIME_LIMIT=1.94 MAX_CAND=20 UCB_C=0.21
DBG t=0 used=0.024 remain=1.94 turn_time=0.0237456 end_in=0.0237456 cand_pre=4 cand_cap=20 cand=4->4 pre=4 pick(must/bucket/top/rand)=1/2/1/0 depth0=7 depth=6 dlog=1 dper=0 sims=4620 loop=4616 gen_time=0 eval_time=0.024 best_avg=-0.330539 best_move=3,9 leader=4 inc2=1 attack_w=0.819098
DBG t=12 used=0.021 remain=1.667 turn_time=0.0202313 end_in=0.0202313 cand_pre=28 cand_cap=20 cand=28->20 pre=28 pick(must/bucket/top/rand)=1/5/10/4 depth0=7 depth=2 dlog=4 dper=1 sims=7812 loop=7792 gen_time=0 eval_time=0.021 best_avg=-0.29893 best_move=4,4 leader=2 inc2=0 attack_w=0.2
DBG t=24 used=0.02 remain=1.404 turn_time=0.0191295 end_in=0.0191295 cand_pre=33 cand_cap=20 cand=33->20 pre=33 pick(must/bucket/top/rand)=1/6/9/4 depth0=7 depth=2 dlog=4 dper=1 sims=6736 loop=6716 gen_time=0 eval_time=0.02 best_avg=0.0675226 best_move=5,6 leader=4 inc2=1 attack_w=0.2
DBG t=37 used=0.021 remain=1.159 turn_time=0.0208436 end_in=0.0208436 cand_pre=18 cand_cap=20 cand=18->18 pre=18 pick(must/bucket/top/rand)=1/5/10/2 depth0=10 depth=6 dlog=4 dper=0 sims=1802 loop=1784 gen_time=0 eval_time=0.021 best_avg=-0.300626 best_move=4,8 leader=2 inc2=1 attack_w=0.2
DBG t=49 used=0.02 remain=0.918 turn_time=0.019341 end_in=0.019341 cand_pre=27 cand_cap=20 cand=27->20 pre=27 pick(must/bucket/top/rand)=1/6/9/4 depth0=10 depth=5 dlog=4 dper=1 sims=2092 loop=2072 gen_time=0 eval_time=0.02 best_avg=-0.551437 best_move=7,6 leader=1 inc2=1 attack_w=0.2
DBG t=61 used=0.018 remain=0.686 turn_time=0.0178712 end_in=0.0178712 cand_pre=36 cand_cap=20 cand=36->20 pre=36 pick(must/bucket/top/rand)=1/4/11/4 depth0=10 depth=3 dlog=5 dper=2 sims=3228 loop=3208 gen_time=0 eval_time=0.018 best_avg=-0.370105 best_move=8,4 leader=2 inc2=0 attack_w=0.2
DBG t=74 used=0.017 remain=0.463 turn_time=0.0169351 end_in=0.0169351 cand_pre=46 cand_cap=20 cand=46->20 pre=46 pick(must/bucket/top/rand)=1/6/9/4 depth0=11 depth=3 dlog=5 dper=3 sims=2840 loop=2820 gen_time=0 eval_time=0.017 best_avg=-0.200404 best_move=3,0 leader=1 inc2=1 attack_w=0.2
DBG t=86 used=0.018 remain=0.241 turn_time=0.0176016 end_in=0.0176016 cand_pre=35 cand_cap=20 cand=35->20 pre=35 pick(must/bucket/top/rand)=1/4/11/4 depth0=11 depth=5 dlog=4 dper=2 sims=1648 loop=1628 gen_time=0 eval_time=0.018 best_avg=-0.03213 best_move=3,7 leader=1 inc2=1 attack_w=0.2
DBG t=99 used=0.013 remain=0.02 turn_time=0.012 end_in=0.012 cand_pre=52 cand_cap=16 cand=52->16 pre=48 pick(must/bucket/top/rand)=1/4/7/4 depth0=0 depth=0 dlog=5 dper=4 sims=16048 loop=16032 gen_time=0 eval_time=0.013 best_avg=0.323101 best_move=4,3 leader=3 inc2=1 attack_w=0.2
DBG summary depth_guard_fired=0
Score = 195809
=== CASE 0026.txt ===
DBG hdr N=10 M=3 T=100 U=1 VMAX=1795 TIME_LIMIT=1.94 MAX_CAND=20 UCB_C=0.21
DBG t=0 used=0.024 remain=1.94 turn_time=0.0236195 end_in=0.0236195 cand_pre=5 cand_cap=20 cand=5->5 pre=5 pick(must/bucket/top/rand)=1/3/1/0 depth0=7 depth=5 dlog=2 dper=0 sims=7537 loop=7532 gen_time=0 eval_time=0.024 best_avg=-1.23934 best_move=5,4 leader=2 inc2=1 attack_w=0.20191
DBG t=12 used=0.021 remain=1.67 turn_time=0.020021 end_in=0.020021 cand_pre=30 cand_cap=20 cand=30->20 pre=30 pick(must/bucket/top/rand)=1/6/9/4 depth0=7 depth=2 dlog=4 dper=1 sims=11524 loop=11504 gen_time=0 eval_time=0.021 best_avg=-1.28326 best_move=3,7 leader=1 inc2=1 attack_w=0.2
DBG t=24 used=0.023 remain=1.412 turn_time=0.0221368 end_in=0.0221368 cand_pre=9 cand_cap=20 cand=9->9 pre=9 pick(must/bucket/top/rand)=1/4/4/0 depth0=7 depth=4 dlog=3 dper=0 sims=7569 loop=7560 gen_time=0 eval_time=0.023 best_avg=-1.33387 best_move=8,7 leader=1 inc2=1 attack_w=0.2
DBG t=37 used=0.021 remain=1.13 turn_time=0.020905 end_in=0.020905 cand_pre=13 cand_cap=20 cand=13->13 pre=13 pick(must/bucket/top/rand)=1/4/8/0 depth0=10 depth=7 dlog=3 dper=0 sims=2733 loop=2720 gen_time=0 eval_time=0.021 best_avg=-1.45595 best_move=9,7 leader=1 inc2=1 attack_w=0.2
DBG t=49 used=0.022 remain=0.88 turn_time=0.02112 end_in=0.02112 cand_pre=4 cand_cap=20 cand=4->4 pre=4 pick(must/bucket/top/rand)=1/3/0/0 depth0=10 depth=9 dlog=1 dper=0 sims=2304 loop=2300 gen_time=0 eval_time=0.022 best_avg=-1.50794 best_move=7,7 leader=1 inc2=1 attack_w=0.2
DBG t=61 used=0.018 remain=0.643 turn_time=0.0176083 end_in=0.0176083 cand_pre=28 cand_cap=20 cand=28->20 pre=28 pick(must/bucket/top/rand)=1/4/11/4 depth0=10 depth=5 dlog=4 dper=1 sims=2604 loop=2584 gen_time=0 eval_time=0.018 best_avg=-1.48342 best_move=1,7 leader=2 inc2=1 attack_w=0.2
DBG t=74 used=0.02 remain=0.41 turn_time=0.0190965 end_in=0.0190965 cand_pre=6 cand_cap=20 cand=6->6 pre=6 pick(must/bucket/top/rand)=1/4/1/0 depth0=11 depth=9 dlog=2 dper=0 sims=1526 loop=1520 gen_time=0 eval_time=0.02 best_avg=-1.83297 best_move=7,6 leader=1 inc2=1 attack_w=0.461838
DBG t=86 used=0.018 remain=0.206 turn_time=0.0176277 end_in=0.0176277 cand_pre=8 cand_cap=20 cand=8->8 pre=8 pick(must/bucket/top/rand)=1/4/3/0 depth0=11 depth=6 dlog=2 dper=0 sims=1808 loop=1800 gen_time=0 eval_time=0.018 best_avg=-1.85745 best_move=8,4 leader=2 inc2=1 attack_w=0.68735
DBG depth_guard t=99 remain=0.012 cand_pre=7 depth0=0 depth=0
DBG t=99 used=0.008 remain=0.012 turn_time=0.0072 end_in=0.0072 cand_pre=7 cand_cap=12 cand=7->7 pre=7 pick(must/bucket/top/rand)=1/4/2/0 depth0=0 depth=0 dlog=2 dper=0 sims=9179 loop=9172 gen_time=0 eval_time=0.008 best_avg=-1.86657 best_move=9,7 leader=2 inc2=1 attack_w=0.85
DBG summary depth_guard_fired=1
Score = 79577
=== CASE 0028.txt ===
DBG hdr N=10 M=5 T=100 U=3 VMAX=1872 TIME_LIMIT=1.94 MAX_CAND=20 UCB_C=0.21
DBG t=0 used=0.024 remain=1.94 turn_time=0.0238717 end_in=0.0238717 cand_pre=3 cand_cap=20 cand=3->3 pre=3 pick(must/bucket/top/rand)=1/2/0/0 depth0=7 depth=6 dlog=1 dper=0 sims=5107 loop=5104 gen_time=0 eval_time=0.024 best_avg=-1.03134 best_move=0,0 leader=4 inc2=1 attack_w=0.13
DBG t=12 used=0.022 remain=1.65 turn_time=0.021975 end_in=0.021975 cand_pre=12 cand_cap=20 cand=12->12 pre=12 pick(must/bucket/top/rand)=1/4/7/0 depth0=7 depth=4 dlog=3 dper=0 sims=4880 loop=4868 gen_time=0 eval_time=0.022 best_avg=-1.10505 best_move=0,1 leader=1 inc2=0 attack_w=0.615992
DBG t=24 used=0.022 remain=1.384 turn_time=0.021106 end_in=0.021106 cand_pre=14 cand_cap=20 cand=14->14 pre=14 pick(must/bucket/top/rand)=1/6/7/0 depth0=7 depth=4 dlog=3 dper=0 sims=3502 loop=3488 gen_time=0 eval_time=0.022 best_avg=-1.45603 best_move=0,1 leader=1 inc2=1 attack_w=0.85
DBG t=37 used=0.021 remain=1.109 turn_time=0.0200588 end_in=0.0200588 cand_pre=17 cand_cap=20 cand=17->17 pre=17 pick(must/bucket/top/rand)=1/6/9/1 depth0=10 depth=7 dlog=3 dper=0 sims=1757 loop=1740 gen_time=0 eval_time=0.021 best_avg=-1.85394 best_move=1,1 leader=1 inc2=1 attack_w=0.85
DBG t=49 used=0.021 remain=0.866 turn_time=0.020784 end_in=0.020784 cand_pre=4 cand_cap=20 cand=4->4 pre=4 pick(must/bucket/top/rand)=1/2/1/0 depth0=10 depth=9 dlog=1 dper=0 sims=2280 loop=2276 gen_time=0 eval_time=0.021 best_avg=-1.73154 best_move=2,7 leader=1 inc2=1 attack_w=0.85
DBG t=61 used=0.019 remain=0.625 turn_time=0.0183654 end_in=0.0183654 cand_pre=16 cand_cap=20 cand=16->16 pre=16 pick(must/bucket/top/rand)=1/6/9/0 depth0=10 depth=7 dlog=3 dper=0 sims=2296 loop=2280 gen_time=0 eval_time=0.019 best_avg=-0.978904 best_move=2,7 leader=1 inc2=0 attack_w=0.85
DBG t=74 used=0.017 remain=0.388 turn_time=0.0169078 end_in=0.0169078 cand_pre=18 cand_cap=20 cand=18->18 pre=18 pick(must/bucket/top/rand)=1/7/8/2 depth0=11 depth=7 dlog=4 dper=0 sims=1742 loop=1724 gen_time=0 eval_time=0.017 best_avg=-0.624057 best_move=8,8 leader=3 inc2=0 attack_w=0.2
DBG t=86 used=0.016 remain=0.189 turn_time=0.0155588 end_in=0.0155588 cand_pre=15 cand_cap=20 cand=15->15 pre=15 pick(must/bucket/top/rand)=1/8/6/0 depth0=11 depth=6 dlog=3 dper=0 sims=1939 loop=1924 gen_time=0 eval_time=0.016 best_avg=-0.585324 best_move=8,5 leader=3 inc2=1 attack_w=0.2
DBG depth_guard t=98 remain=0.017 cand_pre=17 depth0=1 depth=0
DBG depth_guard t=99 remain=0.007 cand_pre=17 depth0=0 depth=0
DBG t=99 used=0.005 remain=0.007 turn_time=0.0042 end_in=0.0042 cand_pre=17 cand_cap=12 cand=17->12 pre=17 pick(must/bucket/top/rand)=1/5/4/2 depth0=0 depth=0 dlog=3 dper=4 sims=5156 loop=5144 gen_time=0 eval_time=0.005 best_avg=-0.609761 best_move=8,5 leader=2 inc2=0 attack_w=0.2
DBG summary depth_guard_fired=2
Score = 112284
=== CASE 0030.txt ===
DBG hdr N=10 M=5 T=100 U=2 VMAX=2124 TIME_LIMIT=1.94 MAX_CAND=20 UCB_C=0.21
DBG t=0 used=0.024 remain=1.94 turn_time=0.0236195 end_in=0.0236195 cand_pre=5 cand_cap=20 cand=5->5 pre=5 pick(must/bucket/top/rand)=1/2/2/0 depth0=7 depth=5 dlog=2 dper=0 sims=5857 loop=5852 gen_time=0 eval_time=0.024 best_avg=-0.477219 best_move=7,6 leader=3 inc2=0 attack_w=0.442251
DBG t=12 used=0.022 remain=1.668 turn_time=0.0213523 end_in=0.0213523 cand_pre=19 cand_cap=20 cand=19->19 pre=19 pick(must/bucket/top/rand)=1/2/13/3 depth0=7 depth=3 dlog=4 dper=0 sims=6131 loop=6112 gen_time=0 eval_time=0.022 best_avg=-0.0599611 best_move=8,8 leader=2 inc2=1 attack_w=0.2
DBG t=24 used=0.021 remain=1.412 turn_time=0.0204461 end_in=0.0204461 cand_pre=23 cand_cap=20 cand=23->20 pre=23 pick(must/bucket/top/rand)=1/4/11/4 depth0=7 depth=3 dlog=4 dper=0 sims=4360 loop=4340 gen_time=0 eval_time=0.021 best_avg=-0.416187 best_move=5,7 leader=1 inc2=0 attack_w=0.2
DBG t=37 used=0.019 remain=1.147 turn_time=0.018971 end_in=0.018971 cand_pre=32 cand_cap=20 cand=32->20 pre=32 pick(must/bucket/top/rand)=1/7/8/4 depth0=10 depth=5 dlog=4 dper=1 sims=1944 loop=1924 gen_time=0 eval_time=0.019 best_avg=-0.197058 best_move=7,5 leader=3 inc2=1 attack_w=0.2
DBG t=49 used=0.019 remain=0.924 turn_time=0.0180542 end_in=0.0180542 cand_pre=39 cand_cap=20 cand=39->20 pre=39 pick(must/bucket/top/rand)=1/7/8/4 depth0=10 depth=3 dlog=5 dper=2 sims=3088 loop=3068 gen_time=0 eval_time=0.019 best_avg=-0.114612 best_move=7,4 leader=3 inc2=1 attack_w=0.2
DBG t=61 used=0.019 remain=0.702 turn_time=0.018054 end_in=0.018054 cand_pre=38 cand_cap=20 cand=38->20 pre=38 pick(must/bucket/top/rand)=1/8/7/4 depth0=10 depth=3 dlog=5 dper=2 sims=3116 loop=3096 gen_time=0 eval_time=0.019 best_avg=-0.132575 best_move=7,4 leader=2 inc2=1 attack_w=0.2
DBG t=74 used=0.022 remain=0.467 turn_time=0.0219849 end_in=0.0219849 cand_pre=4 cand_cap=20 cand=4->4 pre=4 pick(must/bucket/top/rand)=1/2/1/0 depth0=11 depth=10 dlog=1 dper=0 sims=1080 loop=1076 gen_time=0 eval_time=0.022 best_avg=-0.0996472 best_move=3,9 leader=2 inc2=1 attack_w=0.2
DBG t=86 used=0.016 remain=0.236 turn_time=0.0151546 end_in=0.0151546 cand_pre=54 cand_cap=20 cand=54->20 pre=54 pick(must/bucket/top/rand)=1/8/7/4 depth0=11 depth=2 dlog=5 dper=4 sims=3520 loop=3500 gen_time=0 eval_time=0.016 best_avg=0.0956442 best_move=6,4 leader=4 inc2=1 attack_w=0.2
DBG t=99 used=0.014 remain=0.023 turn_time=0.0138 end_in=0.0138 cand_pre=60 cand_cap=16 cand=60->16 pre=48 pick(must/bucket/top/rand)=1/8/3/4 depth0=0 depth=0 dlog=5 dper=4 sims=16016 loop=16000 gen_time=0 eval_time=0.014 best_avg=0.442644 best_move=2,9 leader=2 inc2=1 attack_w=0.2
DBG summary depth_guard_fired=0
Score = 203828
=== CASE 0031.txt ===
DBG hdr N=10 M=2 T=100 U=3 VMAX=3223 TIME_LIMIT=1.94 MAX_CAND=20 UCB_C=0.21
DBG t=0 used=0.024 remain=1.94 turn_time=0.0236195 end_in=0.0236195 cand_pre=5 cand_cap=20 cand=5->5 pre=5 pick(must/bucket/top/rand)=1/2/2/0 depth0=7 depth=5 dlog=2 dper=0 sims=11757 loop=11752 gen_time=0 eval_time=0.024 best_avg=-2.68692 best_move=9,8 leader=1 inc2=1 attack_w=0.85
DBG t=12 used=0.022 remain=1.661 turn_time=0.0216307 end_in=0.0216307 cand_pre=16 cand_cap=20 cand=16->16 pre=16 pick(must/bucket/top/rand)=1/2/13/0 depth0=7 depth=4 dlog=3 dper=0 sims=7444 loop=7428 gen_time=0 eval_time=0.022 best_avg=-3.39075 best_move=9,5 leader=1 inc2=1 attack_w=0.52042
DBG t=24 used=0.021 remain=1.403 turn_time=0.0201958 end_in=0.0201958 cand_pre=24 cand_cap=20 cand=24->20 pre=24 pick(must/bucket/top/rand)=1/2/13/4 depth0=7 depth=3 dlog=4 dper=0 sims=6996 loop=6976 gen_time=0 eval_time=0.021 best_avg=-3.41077 best_move=7,5 leader=1 inc2=1 attack_w=0.691026
DBG t=37 used=0.019 remain=1.148 turn_time=0.0186322 end_in=0.0186322 cand_pre=35 cand_cap=20 cand=35->20 pre=35 pick(must/bucket/top/rand)=1/4/11/4 depth0=10 depth=4 dlog=4 dper=2 sims=3964 loop=3944 gen_time=0 eval_time=0.019 best_avg=-3.42033 best_move=3,5 leader=1 inc2=1 attack_w=0.492087
DBG t=49 used=0.017 remain=0.933 turn_time=0.0166842 end_in=0.0166842 cand_pre=52 cand_cap=20 cand=52->20 pre=52 pick(must/bucket/top/rand)=1/8/7/4 depth0=10 depth=2 dlog=5 dper=3 sims=7052 loop=7032 gen_time=0 eval_time=0.017 best_avg=-3.20166 best_move=3,2 leader=1 inc2=1 attack_w=0.2
DBG t=61 used=0.017 remain=0.728 turn_time=0.016296 end_in=0.016296 cand_pre=58 cand_cap=20 cand=58->20 pre=58 pick(must/bucket/top/rand)=1/8/7/4 depth0=10 depth=1 dlog=5 dper=4 sims=10680 loop=10660 gen_time=0 eval_time=0.017 best_avg=-2.96237 best_move=4,1 leader=1 inc2=1 attack_w=0.2
DBG t=74 used=0.018 remain=0.504 turn_time=0.0173008 end_in=0.0173008 cand_pre=55 cand_cap=20 cand=55->20 pre=55 pick(must/bucket/top/rand)=1/8/7/4 depth0=11 depth=3 dlog=5 dper=3 sims=5076 loop=5056 gen_time=0 eval_time=0.018 best_avg=-2.958 best_move=3,2 leader=1 inc2=1 attack_w=0.2
DBG t=86 used=0.018 remain=0.288 turn_time=0.0179589 end_in=0.0179589 cand_pre=58 cand_cap=20 cand=58->20 pre=58 pick(must/bucket/top/rand)=1/8/7/4 depth0=11 depth=3 dlog=5 dper=3 sims=5028 loop=5008 gen_time=0 eval_time=0.018 best_avg=-2.75169 best_move=4,3 leader=1 inc2=1 attack_w=0.2
DBG t=99 used=0.019 remain=0.03 turn_time=0.018 end_in=0.018 cand_pre=61 cand_cap=14 cand=61->14 pre=42 pick(must/bucket/top/rand)=1/8/2/3 depth0=0 depth=0 dlog=5 dper=4 sims=73398 loop=73384 gen_time=0 eval_time=0.019 best_avg=-2.31182 best_move=4,2 leader=1 inc2=1 attack_w=0.2
DBG summary depth_guard_fired=0
Score = 172207
=== CASE 0032.txt ===
DBG hdr N=10 M=3 T=100 U=5 VMAX=1964 TIME_LIMIT=1.94 MAX_CAND=20 UCB_C=0.21
DBG t=0 used=0.024 remain=1.94 turn_time=0.0236195 end_in=0.0236195 cand_pre=5 cand_cap=20 cand=5->5 pre=5 pick(must/bucket/top/rand)=1/2/2/0 depth0=7 depth=5 dlog=2 dper=0 sims=9393 loop=9388 gen_time=0 eval_time=0.024 best_avg=-1.71529 best_move=2,1 leader=1 inc2=1 attack_w=0.85
DBG t=12 used=0.021 remain=1.674 turn_time=0.0205636 end_in=0.0205636 cand_pre=26 cand_cap=20 cand=26->20 pre=26 pick(must/bucket/top/rand)=1/2/13/4 depth0=7 depth=3 dlog=4 dper=0 sims=8388 loop=8368 gen_time=0 eval_time=0.021 best_avg=-1.09757 best_move=0,5 leader=1 inc2=1 attack_w=0.2
DBG t=24 used=0.02 remain=1.426 turn_time=0.0196732 end_in=0.0196732 cand_pre=31 cand_cap=20 cand=31->20 pre=31 pick(must/bucket/top/rand)=1/3/12/4 depth0=7 depth=2 dlog=4 dper=1 sims=8084 loop=8064 gen_time=0 eval_time=0.02 best_avg=-1.38722 best_move=1,8 leader=1 inc2=1 attack_w=0.2
DBG t=37 used=0.019 remain=1.167 turn_time=0.0188202 end_in=0.0188202 cand_pre=36 cand_cap=20 cand=36->20 pre=36 pick(must/bucket/top/rand)=1/8/7/4 depth0=10 depth=3 dlog=5 dper=2 sims=4800 loop=4780 gen_time=0 eval_time=0.019 best_avg=-1.50425 best_move=3,5 leader=1 inc2=1 attack_w=0.2
DBG t=49 used=0.019 remain=0.94 turn_time=0.0181273 end_in=0.0181273 cand_pre=41 cand_cap=20 cand=41->20 pre=41 pick(must/bucket/top/rand)=1/8/7/4 depth0=10 depth=3 dlog=5 dper=2 sims=4468 loop=4448 gen_time=0 eval_time=0.019 best_avg=-1.31661 best_move=4,5 leader=2 inc2=1 attack_w=0.2
DBG t=61 used=0.019 remain=0.715 turn_time=0.0180308 end_in=0.0180308 cand_pre=41 cand_cap=20 cand=41->20 pre=41 pick(must/bucket/top/rand)=1/8/7/4 depth0=10 depth=3 dlog=5 dper=2 sims=4400 loop=4380 gen_time=0 eval_time=0.019 best_avg=-1.29853 best_move=1,8 leader=2 inc2=1 attack_w=0.2
DBG t=74 used=0.018 remain=0.475 turn_time=0.0179678 end_in=0.0179678 cand_pre=41 cand_cap=20 cand=41->20 pre=41 pick(must/bucket/top/rand)=1/8/7/4 depth0=11 depth=4 dlog=5 dper=2 sims=3160 loop=3140 gen_time=0 eval_time=0.018 best_avg=-1.40024 best_move=4,5 leader=2 inc2=1 attack_w=0.2
DBG t=86 used=0.019 remain=0.252 turn_time=0.018405 end_in=0.018405 cand_pre=35 cand_cap=20 cand=35->20 pre=35 pick(must/bucket/top/rand)=1/8/7/4 depth0=11 depth=5 dlog=4 dper=2 sims=2800 loop=2780 gen_time=0 eval_time=0.019 best_avg=-1.54234 best_move=4,5 leader=2 inc2=1 attack_w=0.2
DBG depth_guard t=99 remain=0.018 cand_pre=45 depth0=0 depth=0
DBG t=99 used=0.011 remain=0.018 turn_time=0.0108 end_in=0.0108 cand_pre=45 cand_cap=14 cand=45->14 pre=42 pick(must/bucket/top/rand)=1/8/2/3 depth0=0 depth=0 dlog=5 dper=4 sims=16626 loop=16612 gen_time=0 eval_time=0.011 best_avg=-1.40511 best_move=4,2 leader=2 inc2=1 attack_w=0.2
DBG summary depth_guard_fired=1
Score = 117658
=== CASE 0034.txt ===
DBG hdr N=10 M=4 T=100 U=3 VMAX=2224 TIME_LIMIT=1.94 MAX_CAND=20 UCB_C=0.21
DBG t=0 used=0.024 remain=1.94 turn_time=0.0236195 end_in=0.0236195 cand_pre=5 cand_cap=20 cand=5->5 pre=5 pick(must/bucket/top/rand)=1/2/2/0 depth0=7 depth=5 dlog=2 dper=0 sims=6737 loop=6732 gen_time=0 eval_time=0.024 best_avg=-1.10679 best_move=8,6 leader=1 inc2=1 attack_w=0.735302
DBG t=12 used=0.023 remain=1.659 turn_time=0.0222174 end_in=0.0222174 cand_pre=11 cand_cap=20 cand=11->11 pre=11 pick(must/bucket/top/rand)=1/2/8/0 depth0=7 depth=4 dlog=3 dper=0 sims=5815 loop=5804 gen_time=0 eval_time=0.023 best_avg=-1.24211 best_move=9,6 leader=1 inc2=1 attack_w=0.370106
DBG t=24 used=0.021 remain=1.395 turn_time=0.0204386 end_in=0.0204386 cand_pre=21 cand_cap=20 cand=21->20 pre=21 pick(must/bucket/top/rand)=1/2/13/4 depth0=7 depth=3 dlog=4 dper=0 sims=5008 loop=4988 gen_time=0 eval_time=0.021 best_avg=-1.31478 best_move=5,4 leader=1 inc2=1 attack_w=0.85
DBG t=37 used=0.019 remain=1.132 turn_time=0.0189565 end_in=0.0189565 cand_pre=30 cand_cap=20 cand=30->20 pre=30 pick(must/bucket/top/rand)=1/5/10/4 depth0=10 depth=5 dlog=4 dper=1 sims=2592 loop=2572 gen_time=0 eval_time=0.019 best_avg=-1.28908 best_move=6,3 leader=1 inc2=1 attack_w=0.85
DBG t=49 used=0.018 remain=0.907 turn_time=0.0178377 end_in=0.0178377 cand_pre=38 cand_cap=20 cand=38->20 pre=38 pick(must/bucket/top/rand)=1/5/10/4 depth0=10 depth=3 dlog=5 dper=2 sims=4108 loop=4088 gen_time=0 eval_time=0.018 best_avg=-1.28897 best_move=8,7 leader=1 inc2=0 attack_w=0.85
DBG t=61 used=0.018 remain=0.691 turn_time=0.0176559 end_in=0.0176559 cand_pre=39 cand_cap=20 cand=39->20 pre=39 pick(must/bucket/top/rand)=1/6/9/4 depth0=10 depth=3 dlog=5 dper=2 sims=3336 loop=3316 gen_time=0 eval_time=0.018 best_avg=-1.19964 best_move=4,1 leader=1 inc2=0 attack_w=0.754002
DBG t=74 used=0.018 remain=0.457 turn_time=0.0175154 end_in=0.0175154 cand_pre=39 cand_cap=20 cand=39->20 pre=39 pick(must/bucket/top/rand)=1/8/7/4 depth0=11 depth=4 dlog=5 dper=2 sims=2588 loop=2568 gen_time=0 eval_time=0.018 best_avg=-1.17059 best_move=4,1 leader=1 inc2=1 attack_w=0.652675
DBG t=86 used=0.018 remain=0.241 turn_time=0.0170421 end_in=0.0170421 cand_pre=40 cand_cap=20 cand=40->20 pre=40 pick(must/bucket/top/rand)=1/8/7/4 depth0=11 depth=4 dlog=5 dper=2 sims=2500 loop=2480 gen_time=0 eval_time=0.018 best_avg=-1.25589 best_move=4,1 leader=1 inc2=1 attack_w=0.828498
DBG depth_guard t=99 remain=0.017 cand_pre=41 depth0=0 depth=0
DBG t=99 used=0.011 remain=0.017 turn_time=0.0102 end_in=0.0102 cand_pre=41 cand_cap=14 cand=41->14 pre=41 pick(must/bucket/top/rand)=1/6/4/3 depth0=0 depth=0 dlog=5 dper=4 sims=15750 loop=15736 gen_time=0 eval_time=0.011 best_avg=-1.22506 best_move=4,1 leader=1 inc2=0 attack_w=0.700701
DBG summary depth_guard_fired=1
Score = 90278
=== CASE 0033.txt ===
DBG hdr N=10 M=8 T=100 U=4 VMAX=2465 TIME_LIMIT=1.94 MAX_CAND=20 UCB_C=0.21
DBG t=0 used=0.024 remain=1.94 turn_time=0.0237456 end_in=0.0237456 cand_pre=4 cand_cap=20 cand=4->4 pre=4 pick(must/bucket/top/rand)=1/2/1/0 depth0=7 depth=6 dlog=1 dper=0 sims=3064 loop=3060 gen_time=0 eval_time=0.024 best_avg=-1.19967 best_move=7,8 leader=7 inc2=1 attack_w=0.85
DBG t=12 used=0.023 remain=1.663 turn_time=0.0225166 end_in=0.0225166 cand_pre=9 cand_cap=20 cand=9->9 pre=9 pick(must/bucket/top/rand)=1/6/2/0 depth0=7 depth=4 dlog=3 dper=0 sims=3793 loop=3784 gen_time=0 eval_time=0.023 best_avg=-0.609 best_move=7,5 leader=7 inc2=1 attack_w=0.85
DBG t=24 used=0.022 remain=1.396 turn_time=0.0210502 end_in=0.0210502 cand_pre=16 cand_cap=20 cand=16->16 pre=16 pick(must/bucket/top/rand)=1/3/12/0 depth0=7 depth=4 dlog=3 dper=0 sims=3260 loop=3244 gen_time=0 eval_time=0.022 best_avg=-0.383729 best_move=8,5 leader=6 inc2=1 attack_w=0.373887
DBG t=37 used=0.021 remain=1.122 turn_time=0.020294 end_in=0.020294 cand_pre=17 cand_cap=20 cand=17->17 pre=17 pick(must/bucket/top/rand)=1/4/11/1 depth0=10 depth=7 dlog=3 dper=0 sims=1793 loop=1776 gen_time=0 eval_time=0.021 best_avg=-0.33164 best_move=8,4 leader=6 inc2=1 attack_w=0.485555
DBG t=49 used=0.021 remain=0.879 turn_time=0.0200877 end_in=0.0200877 cand_pre=13 cand_cap=20 cand=13->13 pre=13 pick(must/bucket/top/rand)=1/2/10/0 depth0=10 depth=7 dlog=3 dper=0 sims=1785 loop=1772 gen_time=0 eval_time=0.021 best_avg=-0.594841 best_move=9,4 leader=6 inc2=1 attack_w=0.233765
DBG t=61 used=0.019 remain=0.641 turn_time=0.0188355 end_in=0.0188355 cand_pre=16 cand_cap=20 cand=16->16 pre=16 pick(must/bucket/top/rand)=1/3/12/0 depth0=10 depth=7 dlog=3 dper=0 sims=1616 loop=1600 gen_time=0 eval_time=0.019 best_avg=-0.580532 best_move=6,5 leader=6 inc2=1 attack_w=0.399203
DBG t=74 used=0.018 remain=0.397 turn_time=0.0174985 end_in=0.0174985 cand_pre=16 cand_cap=20 cand=16->16 pre=16 pick(must/bucket/top/rand)=1/3/12/0 depth0=11 depth=8 dlog=3 dper=0 sims=1280 loop=1264 gen_time=0 eval_time=0.018 best_avg=-0.546537 best_move=8,4 leader=6 inc2=1 attack_w=0.46628
DBG t=86 used=0.016 remain=0.191 turn_time=0.0157234 end_in=0.0157234 cand_pre=15 cand_cap=20 cand=15->15 pre=15 pick(must/bucket/top/rand)=1/3/11/0 depth0=11 depth=6 dlog=3 dper=0 sims=1495 loop=1480 gen_time=0 eval_time=0.016 best_avg=-0.548913 best_move=6,5 leader=6 inc2=1 attack_w=0.46628
DBG depth_guard t=98 remain=0.017 cand_pre=15 depth0=1 depth=0
DBG depth_guard t=99 remain=0.007 cand_pre=16 depth0=0 depth=0
DBG t=99 used=0.005 remain=0.007 turn_time=0.0042 end_in=0.0042 cand_pre=16 cand_cap=12 cand=16->12 pre=16 pick(must/bucket/top/rand)=1/3/6/2 depth0=0 depth=0 dlog=3 dper=4 sims=3608 loop=3596 gen_time=0 eval_time=0.005 best_avg=-0.536628 best_move=8,5 leader=6 inc2=1 attack_w=0.466566
DBG summary depth_guard_fired=2
Score = 94135
=== CASE 0035.txt ===
DBG hdr N=10 M=6 T=100 U=2 VMAX=1863 TIME_LIMIT=1.94 MAX_CAND=20 UCB_C=0.21
DBG t=0 used=0.024 remain=1.94 turn_time=0.0238717 end_in=0.0238717 cand_pre=3 cand_cap=20 cand=3->3 pre=3 pick(must/bucket/top/rand)=1/2/0/0 depth0=7 depth=6 dlog=1 dper=0 sims=4219 loop=4216 gen_time=0 eval_time=0.024 best_avg=-1.67556 best_move=0,2 leader=3 inc2=1 attack_w=0.85
DBG t=12 used=0.022 remain=1.661 turn_time=0.0213854 end_in=0.0213854 cand_pre=18 cand_cap=20 cand=18->18 pre=18 pick(must/bucket/top/rand)=1/3/12/2 depth0=7 depth=3 dlog=4 dper=0 sims=6050 loop=6032 gen_time=0 eval_time=0.022 best_avg=-1.18551 best_move=7,0 leader=3 inc2=1 attack_w=0.85
DBG t=24 used=0.02 remain=1.407 turn_time=0.019411 end_in=0.019411 cand_pre=31 cand_cap=20 cand=31->20 pre=31 pick(must/bucket/top/rand)=1/5/10/4 depth0=7 depth=2 dlog=4 dper=1 sims=6096 loop=6076 gen_time=0 eval_time=0.02 best_avg=-0.722533 best_move=8,6 leader=3 inc2=1 attack_w=0.85
DBG t=37 used=0.019 remain=1.157 turn_time=0.0185395 end_in=0.0185395 cand_pre=37 cand_cap=20 cand=37->20 pre=37 pick(must/bucket/top/rand)=1/7/8/4 depth0=10 depth=3 dlog=5 dper=2 sims=3268 loop=3248 gen_time=0 eval_time=0.019 best_avg=-0.467787 best_move=6,5 leader=1 inc2=1 attack_w=0.2
DBG t=49 used=0.019 remain=0.929 turn_time=0.0181519 end_in=0.0181519 cand_pre=39 cand_cap=20 cand=39->20 pre=39 pick(must/bucket/top/rand)=1/8/7/4 depth0=10 depth=3 dlog=5 dper=2 sims=2980 loop=2960 gen_time=0 eval_time=0.019 best_avg=-0.398492 best_move=6,7 leader=1 inc2=1 attack_w=0.2
DBG t=61 used=0.019 remain=0.707 turn_time=0.0183004 end_in=0.0183004 cand_pre=37 cand_cap=20 cand=37->20 pre=37 pick(must/bucket/top/rand)=1/6/9/4 depth0=10 depth=3 dlog=5 dper=2 sims=3224 loop=3204 gen_time=0 eval_time=0.019 best_avg=-0.564998 best_move=7,3 leader=2 inc2=1 attack_w=0.2
DBG t=74 used=0.018 remain=0.466 turn_time=0.0176273 end_in=0.0176273 cand_pre=41 cand_cap=20 cand=41->20 pre=41 pick(must/bucket/top/rand)=1/7/8/4 depth0=11 depth=4 dlog=5 dper=2 sims=2300 loop=2280 gen_time=0 eval_time=0.018 best_avg=-0.622757 best_move=9,5 leader=1 inc2=1 attack_w=0.384485
DBG t=86 used=0.02 remain=0.227 turn_time=0.0198463 end_in=0.0198463 cand_pre=4 cand_cap=20 cand=4->4 pre=4 pick(must/bucket/top/rand)=1/2/1/0 depth0=11 depth=6 dlog=1 dper=0 sims=2104 loop=2100 gen_time=0 eval_time=0.02 best_avg=-0.363838 best_move=7,6 leader=1 inc2=1 attack_w=0.2
DBG depth_guard t=99 remain=0.008 cand_pre=13 depth0=0 depth=0
DBG t=99 used=0.005 remain=0.008 turn_time=0.0048 end_in=0.0048 cand_pre=13 cand_cap=12 cand=13->12 pre=13 pick(must/bucket/top/rand)=1/6/3/2 depth0=0 depth=0 dlog=3 dper=3 sims=3020 loop=3008 gen_time=0 eval_time=0.005 best_avg=-0.244851 best_move=6,6 leader=1 inc2=1 attack_w=0.2
DBG summary depth_guard_fired=1
Score = 130369
=== CASE 0036.txt ===
DBG hdr N=10 M=4 T=100 U=4 VMAX=1042 TIME_LIMIT=1.94 MAX_CAND=20 UCB_C=0.21
DBG t=0 used=0.024 remain=1.94 turn_time=0.0236195 end_in=0.0236195 cand_pre=5 cand_cap=20 cand=5->5 pre=5 pick(must/bucket/top/rand)=1/3/1/0 depth0=7 depth=5 dlog=2 dper=0 sims=6765 loop=6760 gen_time=0 eval_time=0.024 best_avg=-0.920606 best_move=7,4 leader=2 inc2=1 attack_w=0.183701
DBG t=12 used=0.022 remain=1.662 turn_time=0.0212755 end_in=0.0212755 cand_pre=19 cand_cap=20 cand=19->19 pre=19 pick(must/bucket/top/rand)=1/6/9/3 depth0=7 depth=3 dlog=4 dper=0 sims=7699 loop=7680 gen_time=0 eval_time=0.022 best_avg=-0.959818 best_move=6,4 leader=1 inc2=1 attack_w=0.2
DBG t=24 used=0.019 remain=1.412 turn_time=0.018997 end_in=0.018997 cand_pre=35 cand_cap=20 cand=35->20 pre=35 pick(must/bucket/top/rand)=1/7/8/4 depth0=7 depth=1 dlog=4 dper=2 sims=11156 loop=11136 gen_time=0 eval_time=0.019 best_avg=-0.623955 best_move=5,7 leader=1 inc2=1 attack_w=0.2
DBG t=37 used=0.018 remain=1.169 turn_time=0.0176463 end_in=0.0176463 cand_pre=46 cand_cap=20 cand=46->20 pre=46 pick(must/bucket/top/rand)=1/6/9/4 depth0=10 depth=2 dlog=5 dper=3 sims=6024 loop=6004 gen_time=0 eval_time=0.018 best_avg=-0.623155 best_move=2,4 leader=1 inc2=0 attack_w=0.2
DBG t=49 used=0.018 remain=0.953 turn_time=0.0171633 end_in=0.0171633 cand_pre=51 cand_cap=20 cand=51->20 pre=51 pick(must/bucket/top/rand)=1/6/9/4 depth0=10 depth=2 dlog=5 dper=3 sims=5672 loop=5652 gen_time=0 eval_time=0.018 best_avg=-0.686589 best_move=3,0 leader=1 inc2=1 attack_w=0.2
DBG t=61 used=0.018 remain=0.747 turn_time=0.0170948 end_in=0.0170948 cand_pre=55 cand_cap=20 cand=55->20 pre=55 pick(must/bucket/top/rand)=1/7/8/4 depth0=10 depth=2 dlog=5 dper=3 sims=5048 loop=5028 gen_time=0 eval_time=0.018 best_avg=-0.596391 best_move=2,6 leader=2 inc2=1 attack_w=0.2
DBG t=74 used=0.018 remain=0.517 turn_time=0.017747 end_in=0.017747 cand_pre=55 cand_cap=20 cand=55->20 pre=55 pick(must/bucket/top/rand)=1/7/8/4 depth0=11 depth=3 dlog=5 dper=3 sims=3744 loop=3724 gen_time=0 eval_time=0.018 best_avg=-0.579711 best_move=5,6 leader=1 inc2=1 attack_w=0.2
DBG t=86 used=0.019 remain=0.3 turn_time=0.0187071 end_in=0.0187071 cand_pre=58 cand_cap=20 cand=58->20 pre=58 pick(must/bucket/top/rand)=1/7/8/4 depth0=11 depth=3 dlog=5 dper=3 sims=3652 loop=3632 gen_time=0 eval_time=0.019 best_avg=-0.441376 best_move=0,3 leader=3 inc2=1 attack_w=0.2
DBG t=99 used=0.022 remain=0.036 turn_time=0.0216 end_in=0.0216 cand_pre=69 cand_cap=14 cand=69->14 pre=42 pick(must/bucket/top/rand)=1/6/4/3 depth0=0 depth=0 dlog=5 dper=3 sims=34374 loop=34360 gen_time=0 eval_time=0.022 best_avg=-0.338537 best_move=8,6 leader=1 inc2=1 attack_w=0.2
DBG summary depth_guard_fired=0
Score = 156400
=== CASE 0037.txt ===
DBG hdr N=10 M=5 T=100 U=3 VMAX=1977 TIME_LIMIT=1.94 MAX_CAND=20 UCB_C=0.21
DBG t=0 used=0.024 remain=1.94 turn_time=0.0236195 end_in=0.0236195 cand_pre=5 cand_cap=20 cand=5->5 pre=5 pick(must/bucket/top/rand)=1/2/2/0 depth0=7 depth=5 dlog=2 dper=0 sims=5549 loop=5544 gen_time=0 eval_time=0.024 best_avg=-1.13439 best_move=8,4 leader=3 inc2=1 attack_w=0.85
DBG t=12 used=0.022 remain=1.666 turn_time=0.0215728 end_in=0.0215728 cand_pre=17 cand_cap=20 cand=17->17 pre=17 pick(must/bucket/top/rand)=1/2/13/1 depth0=7 depth=4 dlog=3 dper=0 sims=3997 loop=3980 gen_time=0 eval_time=0.022 best_avg=-0.746415 best_move=6,3 leader=4 inc2=0 attack_w=0.2
DBG t=24 used=0.02 remain=1.413 turn_time=0.0199772 end_in=0.0199772 cand_pre=27 cand_cap=20 cand=27->20 pre=27 pick(must/bucket/top/rand)=1/8/7/4 depth0=7 depth=2 dlog=4 dper=1 sims=5416 loop=5396 gen_time=0 eval_time=0.02 best_avg=-0.685584 best_move=6,3 leader=4 inc2=1 attack_w=0.2
DBG t=37 used=0.02 remain=1.153 turn_time=0.0190703 end_in=0.0190703 cand_pre=32 cand_cap=20 cand=32->20 pre=32 pick(must/bucket/top/rand)=1/4/11/4 depth0=10 depth=5 dlog=4 dper=1 sims=2480 loop=2460 gen_time=0 eval_time=0.02 best_avg=-0.452076 best_move=9,1 leader=4 inc2=0 attack_w=0.2
DBG t=49 used=0.019 remain=0.92 turn_time=0.0180933 end_in=0.0180933 cand_pre=38 cand_cap=20 cand=38->20 pre=38 pick(must/bucket/top/rand)=1/4/11/4 depth0=10 depth=3 dlog=5 dper=2 sims=4244 loop=4224 gen_time=0 eval_time=0.019 best_avg=-0.127188 best_move=5,3 leader=4 inc2=0 attack_w=0.2
DBG t=61 used=0.017 remain=0.703 turn_time=0.0169081 end_in=0.0169081 cand_pre=48 cand_cap=20 cand=48->20 pre=48 pick(must/bucket/top/rand)=1/5/10/4 depth0=10 depth=2 dlog=5 dper=3 sims=4844 loop=4824 gen_time=0 eval_time=0.017 best_avg=0.170457 best_move=5,3 leader=3 inc2=0 attack_w=0.2
DBG t=74 used=0.02 remain=0.448 turn_time=0.0195225 end_in=0.0195225 cand_pre=18 cand_cap=20 cand=18->18 pre=18 pick(must/bucket/top/rand)=1/4/11/2 depth0=11 depth=7 dlog=4 dper=0 sims=1958 loop=1940 gen_time=0 eval_time=0.02 best_avg=0.291664 best_move=5,3 leader=3 inc2=0 attack_w=0.2
DBG t=86 used=0.017 remain=0.244 turn_time=0.016348 end_in=0.016348 cand_pre=48 cand_cap=20 cand=48->20 pre=48 pick(must/bucket/top/rand)=1/6/9/4 depth0=11 depth=3 dlog=5 dper=3 sims=3356 loop=3336 gen_time=0 eval_time=0.017 best_avg=0.259306 best_move=5,8 leader=3 inc2=0 attack_w=0.2
DBG t=99 used=0.015 remain=0.024 turn_time=0.0144 end_in=0.0144 cand_pre=65 cand_cap=14 cand=65->14 pre=42 pick(must/bucket/top/rand)=1/8/2/3 depth0=0 depth=0 dlog=5 dper=4 sims=19478 loop=19464 gen_time=0 eval_time=0.015 best_avg=0.244565 best_move=3,2 leader=3 inc2=1 attack_w=0.2
DBG summary depth_guard_fired=0
Score = 191322
=== CASE 0038.txt ===
DBG hdr N=10 M=6 T=100 U=1 VMAX=2195 TIME_LIMIT=1.94 MAX_CAND=20 UCB_C=0.21
DBG t=0 used=0.024 remain=1.94 turn_time=0.0237456 end_in=0.0237456 cand_pre=4 cand_cap=20 cand=4->4 pre=4 pick(must/bucket/top/rand)=1/2/1/0 depth0=7 depth=6 dlog=1 dper=0 sims=3396 loop=3392 gen_time=0 eval_time=0.024 best_avg=-0.87568 best_move=1,3 leader=1 inc2=1 attack_w=0.85
DBG t=12 used=0.021 remain=1.666 turn_time=0.0208345 end_in=0.0208345 cand_pre=23 cand_cap=20 cand=23->20 pre=23 pick(must/bucket/top/rand)=1/6/9/4 depth0=7 depth=3 dlog=4 dper=0 sims=5468 loop=5448 gen_time=0 eval_time=0.021 best_avg=0.421541 best_move=3,3 leader=1 inc2=1 attack_w=0.2
DBG t=24 used=0.02 remain=1.417 turn_time=0.0191854 end_in=0.0191854 cand_pre=34 cand_cap=20 cand=34->20 pre=34 pick(must/bucket/top/rand)=1/6/9/4 depth0=7 depth=2 dlog=4 dper=1 sims=6192 loop=6172 gen_time=0 eval_time=0.02 best_avg=0.814988 best_move=4,4 leader=1 inc2=1 attack_w=0.2
DBG t=37 used=0.021 remain=1.147 turn_time=0.0202728 end_in=0.0202728 cand_pre=21 cand_cap=20 cand=21->20 pre=21 pick(must/bucket/top/rand)=1/5/10/4 depth0=10 depth=6 dlog=4 dper=0 sims=2104 loop=2084 gen_time=0 eval_time=0.021 best_avg=-0.641428 best_move=5,3 leader=3 inc2=1 attack_w=0.2
DBG t=49 used=0.018 remain=0.914 turn_time=0.0171599 end_in=0.0171599 cand_pre=45 cand_cap=20 cand=45->20 pre=45 pick(must/bucket/top/rand)=1/5/10/4 depth0=10 depth=2 dlog=5 dper=3 sims=6700 loop=6680 gen_time=0 eval_time=0.018 best_avg=-0.187732 best_move=0,6 leader=3 inc2=1 attack_w=0.2
DBG t=61 used=0.016 remain=0.696 turn_time=0.0158117 end_in=0.0158117 cand_pre=56 cand_cap=20 cand=56->20 pre=56 pick(must/bucket/top/rand)=1/6/9/4 depth0=10 depth=1 dlog=5 dper=4 sims=7988 loop=7968 gen_time=0 eval_time=0.016 best_avg=0.336544 best_move=6,1 leader=5 inc2=1 attack_w=0.2
DBG t=74 used=0.017 remain=0.487 turn_time=0.0161085 end_in=0.0161085 cand_pre=60 cand_cap=20 cand=60->20 pre=60 pick(must/bucket/top/rand)=1/6/9/4 depth0=11 depth=2 dlog=5 dper=4 sims=4364 loop=4344 gen_time=0 eval_time=0.017 best_avg=0.718504 best_move=8,3 leader=3 inc2=1 attack_w=0.2
DBG t=86 used=0.023 remain=0.264 turn_time=0.0223457 end_in=0.0223457 cand_pre=10 cand_cap=20 cand=10->10 pre=10 pick(must/bucket/top/rand)=1/0/9/0 depth0=11 depth=8 dlog=3 dper=0 sims=1550 loop=1540 gen_time=0 eval_time=0.023 best_avg=0.37645 best_move=8,3 leader=3 inc2=1 attack_w=0.2
DBG t=99 used=0.015 remain=0.024 turn_time=0.0144 end_in=0.0144 cand_pre=72 cand_cap=14 cand=72->14 pre=42 pick(must/bucket/top/rand)=1/6/4/3 depth0=0 depth=0 dlog=5 dper=5 sims=29738 loop=29724 gen_time=0 eval_time=0.015 best_avg=0.783721 best_move=7,2 leader=5 inc2=1 attack_w=0.2
DBG summary depth_guard_fired=0
Score = 228208
=== CASE 0039.txt ===
DBG hdr N=10 M=7 T=100 U=1 VMAX=1630 TIME_LIMIT=1.94 MAX_CAND=20 UCB_C=0.21
DBG t=0 used=0.024 remain=1.94 turn_time=0.0237456 end_in=0.0237456 cand_pre=4 cand_cap=20 cand=4->4 pre=4 pick(must/bucket/top/rand)=1/2/1/0 depth0=7 depth=6 dlog=1 dper=0 sims=3424 loop=3420 gen_time=0 eval_time=0.024 best_avg=-1.02258 best_move=8,1 leader=1 inc2=1 attack_w=0.85
DBG t=12 used=0.024 remain=1.671 turn_time=0.0232421 end_in=0.0232421 cand_pre=4 cand_cap=20 cand=4->4 pre=4 pick(must/bucket/top/rand)=1/1/2/0 depth0=7 depth=6 dlog=1 dper=0 sims=2856 loop=2852 gen_time=0 eval_time=0.024 best_avg=-0.560131 best_move=2,1 leader=2 inc2=1 attack_w=0.614838
DBG t=24 used=0.022 remain=1.401 turn_time=0.0214851 end_in=0.0214851 cand_pre=13 cand_cap=20 cand=13->13 pre=13 pick(must/bucket/top/rand)=1/5/7/0 depth0=7 depth=4 dlog=3 dper=0 sims=3893 loop=3880 gen_time=0 eval_time=0.022 best_avg=-0.298366 best_move=4,4 leader=6 inc2=1 attack_w=0.230915
DBG t=37 used=0.023 remain=1.133 turn_time=0.0221295 end_in=0.0221295 cand_pre=3 cand_cap=20 cand=3->3 pre=3 pick(must/bucket/top/rand)=1/0/2/0 depth0=10 depth=9 dlog=1 dper=0 sims=1747 loop=1744 gen_time=0 eval_time=0.023 best_avg=0.278805 best_move=0,7 leader=3 inc2=1 attack_w=0.2
DBG t=49 used=0.018 remain=0.897 turn_time=0.0175267 end_in=0.0175267 cand_pre=39 cand_cap=20 cand=39->20 pre=39 pick(must/bucket/top/rand)=1/4/11/4 depth0=10 depth=3 dlog=5 dper=2 sims=3264 loop=3244 gen_time=0 eval_time=0.018 best_avg=0.505115 best_move=6,3 leader=1 inc2=1 attack_w=0.2
DBG t=61 used=0.021 remain=0.684 turn_time=0.0200991 end_in=0.0200991 cand_pre=16 cand_cap=20 cand=16->16 pre=16 pick(must/bucket/top/rand)=1/4/11/0 depth0=10 depth=7 dlog=3 dper=0 sims=1764 loop=1748 gen_time=0 eval_time=0.021 best_avg=0.57669 best_move=0,6 leader=4 inc2=1 attack_w=0.2
DBG t=74 used=0.016 remain=0.467 turn_time=0.0153302 end_in=0.0153302 cand_pre=61 cand_cap=14 cand=61->14 pre=42 pick(must/bucket/top/rand)=1/5/5/3 depth0=11 depth=2 dlog=5 dper=4 sims=3838 loop=3824 gen_time=0 eval_time=0.016 best_avg=0.728967 best_move=2,3 leader=3 inc2=1 attack_w=0.2
DBG t=86 used=0.017 remain=0.273 turn_time=0.016263 end_in=0.016263 cand_pre=64 cand_cap=14 cand=64->14 pre=42 pick(must/bucket/top/rand)=1/5/5/3 depth0=11 depth=2 dlog=5 dper=4 sims=3702 loop=3688 gen_time=0 eval_time=0.017 best_avg=0.750637 best_move=7,7 leader=4 inc2=1 attack_w=0.2
DBG t=99 used=0.022 remain=0.035 turn_time=0.021 end_in=0.021 cand_pre=72 cand_cap=14 cand=72->14 pre=42 pick(must/bucket/top/rand)=1/4/6/3 depth0=0 depth=0 dlog=5 dper=4 sims=39430 loop=39416 gen_time=0 eval_time=0.022 best_avg=0.765797 best_move=2,8 leader=4 inc2=1 attack_w=0.2
DBG summary depth_guard_fired=0
Score = 217849
=== CASE 0040.txt ===
DBG hdr N=10 M=3 T=100 U=4 VMAX=1431 TIME_LIMIT=1.94 MAX_CAND=20 UCB_C=0.21
DBG t=0 used=0.024 remain=1.94 turn_time=0.0237456 end_in=0.0237456 cand_pre=4 cand_cap=20 cand=4->4 pre=4 pick(must/bucket/top/rand)=1/2/1/0 depth0=7 depth=6 dlog=1 dper=0 sims=6712 loop=6708 gen_time=0 eval_time=0.024 best_avg=-1.32983 best_move=4,0 leader=1 inc2=1 attack_w=0.25282
DBG t=12 used=0.023 remain=1.659 turn_time=0.0223399 end_in=0.0223399 cand_pre=10 cand_cap=20 cand=10->10 pre=10 pick(must/bucket/top/rand)=1/3/6/0 depth0=7 depth=4 dlog=3 dper=0 sims=8558 loop=8548 gen_time=0 eval_time=0.023 best_avg=-1.31821 best_move=6,1 leader=2 inc2=1 attack_w=0.2
DBG t=24 used=0.021 remain=1.396 turn_time=0.0203338 end_in=0.0203338 cand_pre=22 cand_cap=20 cand=22->20 pre=22 pick(must/bucket/top/rand)=1/4/11/4 depth0=7 depth=3 dlog=4 dper=0 sims=7256 loop=7236 gen_time=0 eval_time=0.021 best_avg=-1.15444 best_move=2,2 leader=2 inc2=1 attack_w=0.2
DBG t=37 used=0.02 remain=1.129 turn_time=0.0196052 end_in=0.0196052 cand_pre=24 cand_cap=20 cand=24->20 pre=24 pick(must/bucket/top/rand)=1/4/11/4 depth0=10 depth=6 dlog=4 dper=0 sims=3456 loop=3436 gen_time=0 eval_time=0.02 best_avg=-1.32301 best_move=1,4 leader=2 inc2=1 attack_w=0.2
DBG t=49 used=0.02 remain=0.892 turn_time=0.019248 end_in=0.019248 cand_pre=23 cand_cap=20 cand=23->20 pre=23 pick(must/bucket/top/rand)=1/3/12/4 depth0=10 depth=6 dlog=4 dper=0 sims=3192 loop=3172 gen_time=0 eval_time=0.02 best_avg=-1.51217 best_move=1,5 leader=2 inc2=1 attack_w=0.2
DBG t=61 used=0.018 remain=0.666 turn_time=0.0171282 end_in=0.0171282 cand_pre=38 cand_cap=20 cand=38->20 pre=38 pick(must/bucket/top/rand)=1/7/8/4 depth0=10 depth=3 dlog=5 dper=2 sims=4260 loop=4240 gen_time=0 eval_time=0.018 best_avg=-1.50412 best_move=2,9 leader=2 inc2=1 attack_w=0.2
DBG t=74 used=0.017 remain=0.44 turn_time=0.0164238 end_in=0.0164238 cand_pre=43 cand_cap=20 cand=43->20 pre=43 pick(must/bucket/top/rand)=1/7/8/4 depth0=11 depth=3 dlog=5 dper=3 sims=4472 loop=4452 gen_time=0 eval_time=0.017 best_avg=-1.48752 best_move=5,2 leader=2 inc2=1 attack_w=0.2
DBG t=86 used=0.017 remain=0.236 turn_time=0.0162503 end_in=0.0162503 cand_pre=44 cand_cap=20 cand=44->20 pre=44 pick(must/bucket/top/rand)=1/7/8/4 depth0=11 depth=3 dlog=5 dper=3 sims=4856 loop=4836 gen_time=0 eval_time=0.017 best_avg=-1.47693 best_move=2,6 leader=2 inc2=1 attack_w=0.2
DBG depth_guard t=99 remain=0.011 cand_pre=23 depth0=0 depth=0
DBG t=99 used=0.007 remain=0.011 turn_time=0.0066 end_in=0.0066 cand_pre=23 cand_cap=12 cand=23->12 pre=23 pick(must/bucket/top/rand)=1/6/3/2 depth0=0 depth=0 dlog=4 dper=4 sims=12344 loop=12332 gen_time=0 eval_time=0.007 best_avg=-1.44602 best_move=2,5 leader=2 inc2=1 attack_w=0.2
DBG summary depth_guard_fired=1
Score = 112484
=== CASE 0041.txt ===
DBG hdr N=10 M=8 T=100 U=4 VMAX=1591 TIME_LIMIT=1.94 MAX_CAND=20 UCB_C=0.21
DBG t=0 used=0.024 remain=1.94 turn_time=0.0236195 end_in=0.0236195 cand_pre=5 cand_cap=20 cand=5->5 pre=5 pick(must/bucket/top/rand)=1/2/2/0 depth0=7 depth=5 dlog=2 dper=0 sims=3933 loop=3928 gen_time=0 eval_time=0.024 best_avg=-0.641461 best_move=5,7 leader=2 inc2=1 attack_w=0.85
DBG t=12 used=0.022 remain=1.666 turn_time=0.0215728 end_in=0.0215728 cand_pre=17 cand_cap=20 cand=17->17 pre=17 pick(must/bucket/top/rand)=1/3/12/1 depth0=7 depth=4 dlog=3 dper=0 sims=4033 loop=4016 gen_time=0 eval_time=0.022 best_avg=-0.50285 best_move=6,5 leader=4 inc2=1 attack_w=0.2
DBG t=24 used=0.021 remain=1.406 turn_time=0.0208403 end_in=0.0208403 cand_pre=19 cand_cap=20 cand=19->19 pre=19 pick(must/bucket/top/rand)=1/4/11/3 depth0=7 depth=3 dlog=4 dper=0 sims=4191 loop=4172 gen_time=0 eval_time=0.021 best_avg=-0.416967 best_move=7,5 leader=4 inc2=1 attack_w=0.2
DBG t=37 used=0.021 remain=1.131 turn_time=0.0206901 end_in=0.0206901 cand_pre=15 cand_cap=20 cand=15->15 pre=15 pick(must/bucket/top/rand)=1/6/8/0 depth0=10 depth=7 dlog=3 dper=0 sims=1895 loop=1880 gen_time=0 eval_time=0.021 best_avg=-0.471218 best_move=7,4 leader=3 inc2=1 attack_w=0.237006
DBG t=49 used=0.02 remain=0.88 turn_time=0.0197741 end_in=0.0197741 cand_pre=16 cand_cap=20 cand=16->16 pre=16 pick(must/bucket/top/rand)=1/7/8/0 depth0=10 depth=7 dlog=3 dper=0 sims=1820 loop=1804 gen_time=0 eval_time=0.02 best_avg=-0.579913 best_move=8,4 leader=3 inc2=1 attack_w=0.85
DBG t=61 used=0.019 remain=0.644 turn_time=0.0186017 end_in=0.0186017 cand_pre=19 cand_cap=20 cand=19->19 pre=19 pick(must/bucket/top/rand)=1/6/9/3 depth0=10 depth=6 dlog=4 dper=0 sims=1967 loop=1948 gen_time=0 eval_time=0.019 best_avg=-0.573767 best_move=5,5 leader=5 inc2=1 attack_w=0.431453
DBG t=74 used=0.018 remain=0.403 turn_time=0.0170578 end_in=0.0170577 cand_pre=23 cand_cap=20 cand=23->20 pre=23 pick(must/bucket/top/rand)=1/6/9/4 depth0=11 depth=6 dlog=4 dper=1 sims=1856 loop=1836 gen_time=0 eval_time=0.018 best_avg=-0.483622 best_move=8,3 leader=5 inc2=1 attack_w=0.260132
DBG t=86 used=0.016 remain=0.2 turn_time=0.0155357 end_in=0.0155357 cand_pre=25 cand_cap=20 cand=25->20 pre=25 pick(must/bucket/top/rand)=1/6/9/4 depth0=11 depth=6 dlog=4 dper=1 sims=1552 loop=1532 gen_time=0 eval_time=0.016 best_avg=-0.491767 best_move=6,6 leader=5 inc2=1 attack_w=0.32502
DBG depth_guard t=99 remain=0.009 cand_pre=26 depth0=0 depth=0
DBG t=99 used=0.006 remain=0.009 turn_time=0.0054 end_in=0.0054 cand_pre=26 cand_cap=12 cand=26->12 pre=26 pick(must/bucket/top/rand)=1/6/3/2 depth0=0 depth=0 dlog=4 dper=5 sims=5736 loop=5724 gen_time=0 eval_time=0.006 best_avg=-0.41816 best_move=6,3 leader=5 inc2=1 attack_w=0.2
DBG summary depth_guard_fired=1
Score = 103545
=== CASE 0043.txt ===
DBG hdr N=10 M=4 T=100 U=1 VMAX=2001 TIME_LIMIT=1.94 MAX_CAND=20 UCB_C=0.21
DBG t=0 used=0.024 remain=1.94 turn_time=0.0237456 end_in=0.0237456 cand_pre=4 cand_cap=20 cand=4->4 pre=4 pick(must/bucket/top/rand)=1/2/1/0 depth0=7 depth=6 dlog=1 dper=0 sims=5624 loop=5620 gen_time=0 eval_time=0.024 best_avg=-1.41558 best_move=0,3 leader=1 inc2=0 attack_w=0.85
DBG t=12 used=0.023 remain=1.658 turn_time=0.0225714 end_in=0.0225714 cand_pre=8 cand_cap=20 cand=8->8 pre=8 pick(must/bucket/top/rand)=1/2/5/0 depth0=7 depth=5 dlog=2 dper=0 sims=4328 loop=4320 gen_time=0 eval_time=0.023 best_avg=-1.31317 best_move=2,0 leader=3 inc2=1 attack_w=0.85
DBG t=24 used=0.021 remain=1.401 turn_time=0.0206463 end_in=0.0206463 cand_pre=20 cand_cap=20 cand=20->20 pre=20 pick(must/bucket/top/rand)=1/1/14/4 depth0=7 depth=3 dlog=4 dper=0 sims=4712 loop=4692 gen_time=0 eval_time=0.021 best_avg=-1.27343 best_move=2,1 leader=3 inc2=0 attack_w=0.535727
DBG t=37 used=0.02 remain=1.135 turn_time=0.0193581 end_in=0.0193581 cand_pre=27 cand_cap=20 cand=27->20 pre=27 pick(must/bucket/top/rand)=1/5/10/4 depth0=10 depth=5 dlog=4 dper=1 sims=3040 loop=3020 gen_time=0 eval_time=0.02 best_avg=-1.24644 best_move=6,6 leader=3 inc2=0 attack_w=0.705438
DBG t=49 used=0.017 remain=0.91 turn_time=0.0169688 end_in=0.0169688 cand_pre=46 cand_cap=20 cand=46->20 pre=46 pick(must/bucket/top/rand)=1/6/9/4 depth0=10 depth=2 dlog=5 dper=3 sims=4500 loop=4480 gen_time=0 eval_time=0.017 best_avg=-0.96774 best_move=5,9 leader=3 inc2=0 attack_w=0.292509
DBG t=61 used=0.018 remain=0.707 turn_time=0.0179469 end_in=0.0179469 cand_pre=40 cand_cap=20 cand=40->20 pre=40 pick(must/bucket/top/rand)=1/6/9/4 depth0=10 depth=3 dlog=5 dper=2 sims=3460 loop=3440 gen_time=0 eval_time=0.018 best_avg=-0.717677 best_move=1,6 leader=3 inc2=0 attack_w=0.2
DBG t=74 used=0.02 remain=0.469 turn_time=0.0198513 end_in=0.0198513 cand_pre=23 cand_cap=20 cand=23->20 pre=23 pick(must/bucket/top/rand)=1/4/11/4 depth0=11 depth=7 dlog=4 dper=0 sims=1520 loop=1500 gen_time=0 eval_time=0.02 best_avg=-0.592658 best_move=9,2 leader=3 inc2=1 attack_w=0.2
DBG t=86 used=0.015 remain=0.264 turn_time=0.0143786 end_in=0.0143786 cand_pre=75 cand_cap=14 cand=75->14 pre=42 pick(must/bucket/top/rand)=1/6/4/3 depth0=11 depth=0 dlog=6 dper=5 sims=20102 loop=20088 gen_time=0 eval_time=0.015 best_avg=0.00905963 best_move=0,2 leader=1 inc2=0 attack_w=0.2
DBG t=99 used=0.025 remain=0.041 turn_time=0.0246 end_in=0.0246 cand_pre=93 cand_cap=12 cand=93->12 pre=36 pick(must/bucket/top/rand)=1/6/3/2 depth0=0 depth=0 dlog=6 dper=4 sims=55284 loop=55272 gen_time=0 eval_time=0.025 best_avg=0.522771 best_move=0,0 leader=3 inc2=1 attack_w=0.2
DBG summary depth_guard_fired=0
Score = 234256
=== CASE 0042.txt ===
DBG hdr N=10 M=8 T=100 U=5 VMAX=2032 TIME_LIMIT=1.94 MAX_CAND=20 UCB_C=0.21
DBG t=0 used=0.024 remain=1.94 turn_time=0.0238717 end_in=0.0238717 cand_pre=3 cand_cap=20 cand=3->3 pre=3 pick(must/bucket/top/rand)=1/2/0/0 depth0=7 depth=6 dlog=1 dper=0 sims=3483 loop=3480 gen_time=0 eval_time=0.024 best_avg=-0.696333 best_move=0,8 leader=5 inc2=1 attack_w=0.85
DBG t=12 used=0.023 remain=1.656 turn_time=0.0224219 end_in=0.0224219 cand_pre=9 cand_cap=20 cand=9->9 pre=9 pick(must/bucket/top/rand)=1/4/4/0 depth0=7 depth=4 dlog=3 dper=0 sims=3453 loop=3444 gen_time=0 eval_time=0.023 best_avg=-0.465756 best_move=0,6 leader=1 inc2=1 attack_w=0.360439
DBG t=24 used=0.022 remain=1.388 turn_time=0.0210483 end_in=0.0210483 cand_pre=15 cand_cap=20 cand=15->15 pre=15 pick(must/bucket/top/rand)=1/5/9/0 depth0=7 depth=4 dlog=3 dper=0 sims=2875 loop=2860 gen_time=0 eval_time=0.022 best_avg=-0.368543 best_move=3,9 leader=1 inc2=1 attack_w=0.2
DBG t=37 used=0.021 remain=1.114 turn_time=0.0201493 end_in=0.0201493 cand_pre=17 cand_cap=20 cand=17->17 pre=17 pick(must/bucket/top/rand)=1/5/10/1 depth0=10 depth=7 dlog=3 dper=0 sims=1741 loop=1724 gen_time=0 eval_time=0.021 best_avg=-0.251676 best_move=1,7 leader=1 inc2=1 attack_w=0.2
DBG t=49 used=0.02 remain=0.871 turn_time=0.0193499 end_in=0.0193499 cand_pre=18 cand_cap=20 cand=18->18 pre=18 pick(must/bucket/top/rand)=1/5/10/2 depth0=10 depth=6 dlog=4 dper=0 sims=1942 loop=1924 gen_time=0 eval_time=0.02 best_avg=-0.166937 best_move=2,7 leader=2 inc2=1 attack_w=0.2
DBG t=61 used=0.019 remain=0.638 turn_time=0.0184284 end_in=0.0184284 cand_pre=19 cand_cap=20 cand=19->19 pre=19 pick(must/bucket/top/rand)=1/5/10/3 depth0=10 depth=6 dlog=4 dper=0 sims=1779 loop=1760 gen_time=0 eval_time=0.019 best_avg=0.000582233 best_move=2,7 leader=1 inc2=1 attack_w=0.2
DBG t=74 used=0.018 remain=0.4 turn_time=0.0174308 end_in=0.0174308 cand_pre=18 cand_cap=20 cand=18->18 pre=18 pick(must/bucket/top/rand)=1/4/11/2 depth0=11 depth=7 dlog=4 dper=0 sims=1498 loop=1480 gen_time=0 eval_time=0.018 best_avg=0.25498 best_move=4,9 leader=2 inc2=1 attack_w=0.2
DBG t=86 used=0.016 remain=0.195 turn_time=0.0156 end_in=0.0156 cand_pre=20 cand_cap=20 cand=20->20 pre=20 pick(must/bucket/top/rand)=1/2/13/4 depth0=11 depth=6 dlog=4 dper=0 sims=1452 loop=1432 gen_time=0 eval_time=0.016 best_avg=0.290439 best_move=0,5 leader=3 inc2=1 attack_w=0.2
DBG depth_guard t=99 remain=0.009 cand_pre=23 depth0=0 depth=0
DBG t=99 used=0.006 remain=0.009 turn_time=0.0054 end_in=0.0054 cand_pre=23 cand_cap=12 cand=23->12 pre=23 pick(must/bucket/top/rand)=1/2/7/2 depth0=0 depth=0 dlog=4 dper=4 sims=5392 loop=5380 gen_time=0 eval_time=0.006 best_avg=0.285137 best_move=1,5 leader=3 inc2=1 attack_w=0.2
DBG summary depth_guard_fired=1
Score = 163999
=== CASE 0044.txt ===
DBG hdr N=10 M=3 T=100 U=3 VMAX=1508 TIME_LIMIT=1.94 MAX_CAND=20 UCB_C=0.21
DBG t=0 used=0.024 remain=1.94 turn_time=0.0238717 end_in=0.0238717 cand_pre=3 cand_cap=20 cand=3->3 pre=3 pick(must/bucket/top/rand)=1/2/0/0 depth0=7 depth=6 dlog=1 dper=0 sims=7463 loop=7460 gen_time=0 eval_time=0.024 best_avg=-1.5367 best_move=7,9 leader=1 inc2=1 attack_w=0.718728
DBG t=12 used=0.023 remain=1.659 turn_time=0.0223399 end_in=0.0223399 cand_pre=10 cand_cap=20 cand=10->10 pre=10 pick(must/bucket/top/rand)=1/4/5/0 depth0=7 depth=4 dlog=3 dper=0 sims=7522 loop=7512 gen_time=0 eval_time=0.023 best_avg=-1.78687 best_move=7,8 leader=1 inc2=1 attack_w=0.719671
DBG t=24 used=0.021 remain=1.395 turn_time=0.0206772 end_in=0.0206772 cand_pre=19 cand_cap=20 cand=19->19 pre=19 pick(must/bucket/top/rand)=1/5/10/3 depth0=7 depth=3 dlog=4 dper=0 sims=6519 loop=6500 gen_time=0 eval_time=0.021 best_avg=-1.74466 best_move=6,7 leader=1 inc2=1 attack_w=0.5983
DBG t=37 used=0.019 remain=1.129 turn_time=0.0186733 end_in=0.0186733 cand_pre=32 cand_cap=20 cand=32->20 pre=32 pick(must/bucket/top/rand)=1/8/7/4 depth0=10 depth=5 dlog=4 dper=1 sims=2964 loop=2944 gen_time=0 eval_time=0.019 best_avg=-1.73266 best_move=1,7 leader=1 inc2=1 attack_w=0.631782
DBG t=49 used=0.018 remain=0.907 turn_time=0.0177221 end_in=0.0177221 cand_pre=39 cand_cap=20 cand=39->20 pre=39 pick(must/bucket/top/rand)=1/7/8/4 depth0=10 depth=3 dlog=5 dper=2 sims=3740 loop=3720 gen_time=0 eval_time=0.018 best_avg=-1.78307 best_move=1,7 leader=1 inc2=1 attack_w=0.562589
DBG t=61 used=0.018 remain=0.691 turn_time=0.0175408 end_in=0.0175408 cand_pre=40 cand_cap=20 cand=40->20 pre=40 pick(must/bucket/top/rand)=1/7/8/4 depth0=10 depth=3 dlog=5 dper=2 sims=3708 loop=3688 gen_time=0 eval_time=0.018 best_avg=-1.92992 best_move=1,5 leader=1 inc2=1 attack_w=0.846348
DBG t=74 used=0.018 remain=0.457 turn_time=0.0171727 end_in=0.0171727 cand_pre=42 cand_cap=20 cand=42->20 pre=42 pick(must/bucket/top/rand)=1/8/7/4 depth0=11 depth=4 dlog=5 dper=2 sims=2608 loop=2588 gen_time=0 eval_time=0.018 best_avg=-1.7265 best_move=0,3 leader=1 inc2=1 attack_w=0.584179
DBG t=86 used=0.017 remain=0.252 turn_time=0.016884 end_in=0.016884 cand_pre=48 cand_cap=20 cand=48->20 pre=48 pick(must/bucket/top/rand)=1/8/7/4 depth0=11 depth=3 dlog=5 dper=3 sims=3592 loop=3572 gen_time=0 eval_time=0.017 best_avg=-1.5071 best_move=1,1 leader=1 inc2=1 attack_w=0.2
DBG t=99 used=0.013 remain=0.02 turn_time=0.012 end_in=0.012 cand_pre=49 cand_cap=16 cand=49->16 pre=48 pick(must/bucket/top/rand)=1/8/3/4 depth0=0 depth=0 dlog=5 dper=4 sims=24676 loop=24660 gen_time=0 eval_time=0.013 best_avg=-1.40696 best_move=1,1 leader=1 inc2=1 attack_w=0.2
DBG summary depth_guard_fired=0
Score = 117035
=== CASE 0045.txt ===
DBG hdr N=10 M=8 T=100 U=3 VMAX=1509 TIME_LIMIT=1.94 MAX_CAND=20 UCB_C=0.21
DBG t=0 used=0.024 remain=1.94 turn_time=0.0237456 end_in=0.0237456 cand_pre=4 cand_cap=20 cand=4->4 pre=4 pick(must/bucket/top/rand)=1/2/1/0 depth0=7 depth=6 dlog=1 dper=0 sims=3308 loop=3304 gen_time=0 eval_time=0.024 best_avg=-0.974063 best_move=2,2 leader=6 inc2=1 attack_w=0.85
DBG t=12 used=0.022 remain=1.66 turn_time=0.021863 end_in=0.021863 cand_pre=14 cand_cap=20 cand=14->14 pre=14 pick(must/bucket/top/rand)=1/4/9/0 depth0=7 depth=4 dlog=3 dper=0 sims=3366 loop=3352 gen_time=0 eval_time=0.022 best_avg=-0.984448 best_move=2,1 leader=6 inc2=1 attack_w=0.85
DBG t=24 used=0.021 remain=1.399 turn_time=0.0206168 end_in=0.0206168 cand_pre=20 cand_cap=20 cand=20->20 pre=20 pick(must/bucket/top/rand)=1/4/11/4 depth0=7 depth=3 dlog=4 dper=0 sims=3784 loop=3764 gen_time=0 eval_time=0.021 best_avg=-0.761383 best_move=5,2 leader=6 inc2=1 attack_w=0.85
DBG t=37 used=0.02 remain=1.13 turn_time=0.0196225 end_in=0.0196225 cand_pre=24 cand_cap=20 cand=24->20 pre=24 pick(must/bucket/top/rand)=1/6/9/4 depth0=10 depth=6 dlog=4 dper=0 sims=1784 loop=1764 gen_time=0 eval_time=0.02 best_avg=-0.695085 best_move=5,2 leader=6 inc2=1 attack_w=0.85
DBG t=49 used=0.019 remain=0.897 turn_time=0.0183269 end_in=0.0183269 cand_pre=32 cand_cap=20 cand=32->20 pre=32 pick(must/bucket/top/rand)=1/6/9/4 depth0=10 depth=5 dlog=4 dper=1 sims=1808 loop=1788 gen_time=0 eval_time=0.019 best_avg=-0.579497 best_move=0,2 leader=6 inc2=1 attack_w=0.66705
DBG t=61 used=0.019 remain=0.669 turn_time=0.0180973 end_in=0.0180973 cand_pre=30 cand_cap=20 cand=30->20 pre=30 pick(must/bucket/top/rand)=1/7/8/4 depth0=10 depth=5 dlog=4 dper=1 sims=2024 loop=2004 gen_time=0 eval_time=0.019 best_avg=-0.414967 best_move=3,4 leader=6 inc2=1 attack_w=0.311848
DBG t=74 used=0.017 remain=0.435 turn_time=0.0168897 end_in=0.0168897 cand_pre=37 cand_cap=20 cand=37->20 pre=37 pick(must/bucket/top/rand)=1/6/9/4 depth0=11 depth=4 dlog=5 dper=2 sims=2272 loop=2252 gen_time=0 eval_time=0.017 best_avg=-0.381262 best_move=6,5 leader=6 inc2=1 attack_w=0.202508
DBG t=86 used=0.017 remain=0.231 turn_time=0.0165495 end_in=0.0165495 cand_pre=38 cand_cap=20 cand=38->20 pre=38 pick(must/bucket/top/rand)=1/5/10/4 depth0=11 depth=4 dlog=5 dper=2 sims=2264 loop=2244 gen_time=0 eval_time=0.017 best_avg=-0.334973 best_move=7,5 leader=6 inc2=1 attack_w=0.2
DBG depth_guard t=99 remain=0.014 cand_pre=12 depth0=0 depth=0
DBG t=99 used=0.009 remain=0.014 turn_time=0.0084 end_in=0.0084 cand_pre=12 cand_cap=14 cand=12->12 pre=12 pick(must/bucket/top/rand)=1/2/8/1 depth0=0 depth=0 dlog=3 dper=1 sims=8348 loop=8336 gen_time=0 eval_time=0.009 best_avg=-0.224979 best_move=7,5 leader=7 inc2=1 attack_w=0.2
DBG summary depth_guard_fired=1
Score = 119077
=== CASE 0046.txt ===
DBG hdr N=10 M=3 T=100 U=2 VMAX=1251 TIME_LIMIT=1.94 MAX_CAND=20 UCB_C=0.21
DBG t=0 used=0.024 remain=1.94 turn_time=0.0236195 end_in=0.0236195 cand_pre=5 cand_cap=20 cand=5->5 pre=5 pick(must/bucket/top/rand)=1/2/2/0 depth0=7 depth=5 dlog=2 dper=0 sims=7909 loop=7904 gen_time=0 eval_time=0.024 best_avg=-1.40441 best_move=2,8 leader=2 inc2=1 attack_w=0.85
DBG t=12 used=0.022 remain=1.667 turn_time=0.0214626 end_in=0.0214626 cand_pre=18 cand_cap=20 cand=18->18 pre=18 pick(must/bucket/top/rand)=1/2/13/2 depth0=7 depth=3 dlog=4 dper=0 sims=7362 loop=7344 gen_time=0 eval_time=0.022 best_avg=-1.20869 best_move=0,6 leader=1 inc2=1 attack_w=0.2
DBG t=24 used=0.02 remain=1.411 turn_time=0.0195869 end_in=0.0195869 cand_pre=30 cand_cap=20 cand=30->20 pre=30 pick(must/bucket/top/rand)=1/6/9/4 depth0=7 depth=2 dlog=4 dper=1 sims=7748 loop=7728 gen_time=0 eval_time=0.02 best_avg=-1.05693 best_move=6,6 leader=2 inc2=1 attack_w=0.2
DBG t=37 used=0.021 remain=1.134 turn_time=0.020862 end_in=0.020862 cand_pre=14 cand_cap=20 cand=14->14 pre=14 pick(must/bucket/top/rand)=1/7/6/0 depth0=10 depth=7 dlog=3 dper=0 sims=2862 loop=2848 gen_time=0 eval_time=0.021 best_avg=-0.977025 best_move=7,5 leader=1 inc2=1 attack_w=0.2
DBG t=49 used=0.02 remain=0.899 turn_time=0.019399 end_in=0.019399 cand_pre=23 cand_cap=20 cand=23->20 pre=23 pick(must/bucket/top/rand)=1/8/7/4 depth0=10 depth=6 dlog=4 dper=0 sims=2596 loop=2576 gen_time=0 eval_time=0.02 best_avg=-0.938253 best_move=3,8 leader=1 inc2=1 attack_w=0.2
DBG t=61 used=0.018 remain=0.673 turn_time=0.0179812 end_in=0.0179812 cand_pre=32 cand_cap=20 cand=32->20 pre=32 pick(must/bucket/top/rand)=1/8/7/4 depth0=10 depth=5 dlog=4 dper=1 sims=2648 loop=2628 gen_time=0 eval_time=0.018 best_avg=-1.23018 best_move=3,4 leader=2 inc2=1 attack_w=0.2
DBG t=74 used=0.016 remain=0.459 turn_time=0.0156413 end_in=0.0156413 cand_pre=56 cand_cap=20 cand=56->20 pre=56 pick(must/bucket/top/rand)=1/8/7/4 depth0=11 depth=2 dlog=5 dper=4 sims=4656 loop=4636 gen_time=0 eval_time=0.016 best_avg=-1.08143 best_move=5,8 leader=2 inc2=1 attack_w=0.2
DBG t=86 used=0.02 remain=0.231 turn_time=0.019767 end_in=0.019767 cand_pre=8 cand_cap=20 cand=8->8 pre=8 pick(must/bucket/top/rand)=1/5/2/0 depth0=11 depth=6 dlog=2 dper=0 sims=2780 loop=2772 gen_time=0 eval_time=0.02 best_avg=-1.20965 best_move=9,6 leader=2 inc2=1 attack_w=0.2
DBG depth_guard t=99 remain=0.01 cand_pre=42 depth0=0 depth=0
DBG t=99 used=0.007 remain=0.01 turn_time=0.006 end_in=0.006 cand_pre=42 cand_cap=12 cand=42->12 pre=36 pick(must/bucket/top/rand)=1/8/1/2 depth0=0 depth=0 dlog=5 dper=5 sims=12360 loop=12348 gen_time=0 eval_time=0.007 best_avg=-1.13572 best_move=3,6 leader=1 inc2=1 attack_w=0.2
DBG summary depth_guard_fired=1
Score = 133876
=== CASE 0047.txt ===
DBG hdr N=10 M=4 T=100 U=3 VMAX=2265 TIME_LIMIT=1.94 MAX_CAND=20 UCB_C=0.21
DBG t=0 used=0.024 remain=1.94 turn_time=0.0236195 end_in=0.0236195 cand_pre=5 cand_cap=20 cand=5->5 pre=5 pick(must/bucket/top/rand)=1/2/2/0 depth0=7 depth=5 dlog=2 dper=0 sims=6565 loop=6560 gen_time=0 eval_time=0.024 best_avg=-1.52762 best_move=2,5 leader=1 inc2=0 attack_w=0.85
DBG t=12 used=0.021 remain=1.667 turn_time=0.020847 end_in=0.020847 cand_pre=23 cand_cap=20 cand=23->20 pre=23 pick(must/bucket/top/rand)=1/7/8/4 depth0=7 depth=3 dlog=4 dper=0 sims=6352 loop=6332 gen_time=0 eval_time=0.021 best_avg=-1.18994 best_move=7,5 leader=1 inc2=1 attack_w=0.85
DBG t=24 used=0.021 remain=1.411 turn_time=0.0207937 end_in=0.0207937 cand_pre=20 cand_cap=20 cand=20->20 pre=20 pick(must/bucket/top/rand)=1/8/7/4 depth0=7 depth=3 dlog=4 dper=0 sims=4960 loop=4940 gen_time=0 eval_time=0.021 best_avg=-1.13668 best_move=5,6 leader=2 inc2=1 attack_w=0.67614
DBG t=37 used=0.021 remain=1.137 turn_time=0.020096 end_in=0.020096 cand_pre=21 cand_cap=20 cand=21->20 pre=21 pick(must/bucket/top/rand)=1/6/9/4 depth0=10 depth=6 dlog=4 dper=0 sims=2516 loop=2496 gen_time=0 eval_time=0.021 best_avg=-1.2693 best_move=7,4 leader=3 inc2=1 attack_w=0.85
DBG t=49 used=0.02 remain=0.896 turn_time=0.0191059 end_in=0.0191059 cand_pre=25 cand_cap=20 cand=25->20 pre=25 pick(must/bucket/top/rand)=1/6/9/4 depth0=10 depth=6 dlog=4 dper=0 sims=2196 loop=2176 gen_time=0 eval_time=0.02 best_avg=-1.26894 best_move=9,6 leader=3 inc2=1 attack_w=0.85
DBG t=61 used=0.019 remain=0.666 turn_time=0.0181272 end_in=0.0181272 cand_pre=29 cand_cap=20 cand=29->20 pre=29 pick(must/bucket/top/rand)=1/6/9/4 depth0=10 depth=5 dlog=4 dper=1 sims=2500 loop=2480 gen_time=0 eval_time=0.019 best_avg=-1.2557 best_move=7,4 leader=3 inc2=1 attack_w=0.754077
DBG t=74 used=0.018 remain=0.427 turn_time=0.0172196 end_in=0.0172196 cand_pre=31 cand_cap=20 cand=31->20 pre=31 pick(must/bucket/top/rand)=1/7/8/4 depth0=11 depth=6 dlog=4 dper=1 sims=1984 loop=1964 gen_time=0 eval_time=0.018 best_avg=-1.33182 best_move=9,6 leader=3 inc2=1 attack_w=0.782534
DBG t=86 used=0.016 remain=0.217 turn_time=0.0159495 end_in=0.0159495 cand_pre=34 cand_cap=20 cand=34->20 pre=34 pick(must/bucket/top/rand)=1/6/9/4 depth0=11 depth=5 dlog=4 dper=2 sims=1924 loop=1904 gen_time=0 eval_time=0.016 best_avg=-1.13442 best_move=5,4 leader=3 inc2=1 attack_w=0.33046
DBG depth_guard t=99 remain=0.013 cand_pre=37 depth0=0 depth=0
DBG t=99 used=0.008 remain=0.013 turn_time=0.0078 end_in=0.0078 cand_pre=37 cand_cap=12 cand=37->12 pre=36 pick(must/bucket/top/rand)=1/6/3/2 depth0=0 depth=0 dlog=5 dper=5 sims=9172 loop=9160 gen_time=0 eval_time=0.008 best_avg=-0.927095 best_move=4,8 leader=3 inc2=1 attack_w=0.2
DBG summary depth_guard_fired=1
Score = 110455
=== CASE 0048.txt ===
DBG hdr N=10 M=3 T=100 U=3 VMAX=2106 TIME_LIMIT=1.94 MAX_CAND=20 UCB_C=0.21
DBG t=0 used=0.024 remain=1.94 turn_time=0.0236195 end_in=0.0236195 cand_pre=5 cand_cap=20 cand=5->5 pre=5 pick(must/bucket/top/rand)=1/2/2/0 depth0=7 depth=5 dlog=2 dper=0 sims=7717 loop=7712 gen_time=0 eval_time=0.024 best_avg=-1.24549 best_move=6,8 leader=1 inc2=1 attack_w=0.267866
DBG t=12 used=0.022 remain=1.663 turn_time=0.0216568 end_in=0.0216568 cand_pre=16 cand_cap=20 cand=16->16 pre=16 pick(must/bucket/top/rand)=1/6/9/0 depth0=7 depth=4 dlog=3 dper=0 sims=7344 loop=7328 gen_time=0 eval_time=0.022 best_avg=-1.48399 best_move=7,6 leader=1 inc2=1 attack_w=0.316764
DBG t=24 used=0.021 remain=1.399 turn_time=0.0209758 end_in=0.0209758 cand_pre=17 cand_cap=20 cand=17->17 pre=17 pick(must/bucket/top/rand)=1/6/9/1 depth0=7 depth=4 dlog=3 dper=0 sims=6137 loop=6120 gen_time=0 eval_time=0.021 best_avg=-1.86081 best_move=6,9 leader=1 inc2=1 attack_w=0.636136
DBG t=37 used=0.021 remain=1.126 turn_time=0.0202501 end_in=0.0202501 cand_pre=18 cand_cap=20 cand=18->18 pre=18 pick(must/bucket/top/rand)=1/6/9/2 depth0=10 depth=6 dlog=4 dper=0 sims=3806 loop=3788 gen_time=0 eval_time=0.021 best_avg=-2.04612 best_move=5,9 leader=1 inc2=1 attack_w=0.85
DBG t=49 used=0.02 remain=0.882 turn_time=0.0190322 end_in=0.0190322 cand_pre=23 cand_cap=20 cand=23->20 pre=23 pick(must/bucket/top/rand)=1/7/8/4 depth0=10 depth=6 dlog=4 dper=0 sims=3204 loop=3184 gen_time=0 eval_time=0.02 best_avg=-2.17063 best_move=6,8 leader=1 inc2=1 attack_w=0.85
DBG t=61 used=0.019 remain=0.653 turn_time=0.0184263 end_in=0.0184263 cand_pre=23 cand_cap=20 cand=23->20 pre=23 pick(must/bucket/top/rand)=1/6/9/4 depth0=10 depth=6 dlog=4 dper=0 sims=2784 loop=2764 gen_time=0 eval_time=0.019 best_avg=-2.21617 best_move=8,9 leader=1 inc2=1 attack_w=0.85
DBG t=74 used=0.018 remain=0.414 turn_time=0.0173163 end_in=0.0173163 cand_pre=25 cand_cap=20 cand=25->20 pre=25 pick(must/bucket/top/rand)=1/7/8/4 depth0=11 depth=6 dlog=4 dper=1 sims=2804 loop=2784 gen_time=0 eval_time=0.018 best_avg=-2.22314 best_move=6,8 leader=1 inc2=1 attack_w=0.85
DBG t=86 used=0.016 remain=0.206 turn_time=0.0158105 end_in=0.0158105 cand_pre=27 cand_cap=20 cand=27->20 pre=27 pick(must/bucket/top/rand)=1/7/8/4 depth0=11 depth=6 dlog=4 dper=1 sims=2248 loop=2228 gen_time=0 eval_time=0.016 best_avg=-2.25509 best_move=5,6 leader=1 inc2=1 attack_w=0.85
DBG depth_guard t=99 remain=0.01 cand_pre=31 depth0=0 depth=0
DBG t=99 used=0.007 remain=0.01 turn_time=0.006 end_in=0.006 cand_pre=31 cand_cap=12 cand=31->12 pre=31 pick(must/bucket/top/rand)=1/7/2/2 depth0=0 depth=0 dlog=4 dper=5 sims=12600 loop=12588 gen_time=0 eval_time=0.007 best_avg=-2.22421 best_move=6,8 leader=1 inc2=1 attack_w=0.85
DBG summary depth_guard_fired=1
Score = 67389
=== CASE 0049.txt ===
DBG hdr N=10 M=3 T=100 U=4 VMAX=1541 TIME_LIMIT=1.94 MAX_CAND=20 UCB_C=0.21
DBG t=0 used=0.024 remain=1.94 turn_time=0.0236195 end_in=0.0236195 cand_pre=5 cand_cap=20 cand=5->5 pre=5 pick(must/bucket/top/rand)=1/2/2/0 depth0=7 depth=5 dlog=2 dper=0 sims=8265 loop=8260 gen_time=0 eval_time=0.024 best_avg=-1.12007 best_move=4,5 leader=2 inc2=1 attack_w=0.13
DBG t=12 used=0.023 remain=1.66 turn_time=0.0222308 end_in=0.0222308 cand_pre=11 cand_cap=20 cand=11->11 pre=11 pick(must/bucket/top/rand)=1/3/7/0 depth0=7 depth=4 dlog=3 dper=0 sims=7595 loop=7584 gen_time=0 eval_time=0.023 best_avg=-1.12294 best_move=4,6 leader=2 inc2=1 attack_w=0.2
DBG t=24 used=0.021 remain=1.396 turn_time=0.0208114 end_in=0.0208114 cand_pre=18 cand_cap=20 cand=18->18 pre=18 pick(must/bucket/top/rand)=1/4/11/2 depth0=7 depth=3 dlog=4 dper=0 sims=6558 loop=6540 gen_time=0 eval_time=0.021 best_avg=-1.22247 best_move=5,3 leader=2 inc2=1 attack_w=0.2
DBG t=37 used=0.02 remain=1.125 turn_time=0.0197679 end_in=0.0197679 cand_pre=22 cand_cap=20 cand=22->20 pre=22 pick(must/bucket/top/rand)=1/5/10/4 depth0=10 depth=6 dlog=4 dper=0 sims=3028 loop=3008 gen_time=0 eval_time=0.02 best_avg=-1.45326 best_move=4,7 leader=2 inc2=1 attack_w=0.2
DBG t=49 used=0.022 remain=0.887 turn_time=0.021288 end_in=0.021288 cand_pre=4 cand_cap=20 cand=4->4 pre=4 pick(must/bucket/top/rand)=1/0/3/0 depth0=10 depth=9 dlog=1 dper=0 sims=2804 loop=2800 gen_time=0 eval_time=0.022 best_avg=-1.68485 best_move=4,2 leader=2 inc2=1 attack_w=0.209561
DBG t=61 used=0.019 remain=0.646 turn_time=0.0184441 end_in=0.0184441 cand_pre=21 cand_cap=20 cand=21->20 pre=21 pick(must/bucket/top/rand)=1/7/8/4 depth0=10 depth=6 dlog=4 dper=0 sims=3432 loop=3412 gen_time=0 eval_time=0.019 best_avg=-1.83167 best_move=6,4 leader=2 inc2=1 attack_w=0.794165
DBG t=74 used=0.016 remain=0.415 turn_time=0.0155944 end_in=0.0155944 cand_pre=42 cand_cap=20 cand=42->20 pre=42 pick(must/bucket/top/rand)=1/8/7/4 depth0=11 depth=3 dlog=5 dper=3 sims=4212 loop=4192 gen_time=0 eval_time=0.016 best_avg=-1.96913 best_move=6,5 leader=2 inc2=1 attack_w=0.85
DBG t=86 used=0.017 remain=0.202 turn_time=0.0163476 end_in=0.0163476 cand_pre=18 cand_cap=20 cand=18->18 pre=18 pick(must/bucket/top/rand)=1/6/9/2 depth0=11 depth=6 dlog=4 dper=0 sims=3274 loop=3256 gen_time=0 eval_time=0.017 best_avg=-1.84213 best_move=5,6 leader=2 inc2=1 attack_w=0.85
DBG depth_guard t=99 remain=0.013 cand_pre=45 depth0=0 depth=0
DBG t=99 used=0.008 remain=0.013 turn_time=0.0078 end_in=0.0078 cand_pre=45 cand_cap=12 cand=45->12 pre=36 pick(must/bucket/top/rand)=1/8/1/2 depth0=0 depth=0 dlog=5 dper=5 sims=24132 loop=24120 gen_time=0 eval_time=0.008 best_avg=-1.83894 best_move=3,6 leader=2 inc2=1 attack_w=0.85
DBG summary depth_guard_fired=1
Score = 83694
=== CASE 0050.txt ===
DBG hdr N=10 M=3 T=100 U=2 VMAX=1379 TIME_LIMIT=1.94 MAX_CAND=20 UCB_C=0.21
DBG t=0 used=0.024 remain=1.94 turn_time=0.0237456 end_in=0.0237456 cand_pre=4 cand_cap=20 cand=4->4 pre=4 pick(must/bucket/top/rand)=1/2/1/0 depth0=7 depth=6 dlog=1 dper=0 sims=6896 loop=6892 gen_time=0 eval_time=0.024 best_avg=-1.47083 best_move=2,9 leader=1 inc2=1 attack_w=0.13
DBG t=12 used=0.022 remain=1.666 turn_time=0.0213267 end_in=0.0213267 cand_pre=19 cand_cap=20 cand=19->19 pre=19 pick(must/bucket/top/rand)=1/3/12/3 depth0=7 depth=3 dlog=4 dper=0 sims=8507 loop=8488 gen_time=0 eval_time=0.022 best_avg=-1.12733 best_move=2,6 leader=2 inc2=1 attack_w=0.2
DBG t=24 used=0.022 remain=1.403 turn_time=0.0212758 end_in=0.0212758 cand_pre=15 cand_cap=20 cand=15->15 pre=15 pick(must/bucket/top/rand)=1/7/7/0 depth0=7 depth=4 dlog=3 dper=0 sims=5939 loop=5924 gen_time=0 eval_time=0.022 best_avg=-1.60349 best_move=4,5 leader=2 inc2=1 attack_w=0.433109
DBG t=37 used=0.021 remain=1.126 turn_time=0.0202501 end_in=0.0202501 cand_pre=18 cand_cap=20 cand=18->18 pre=18 pick(must/bucket/top/rand)=1/7/8/2 depth0=10 depth=6 dlog=4 dper=0 sims=3986 loop=3968 gen_time=0 eval_time=0.021 best_avg=-1.14305 best_move=2,3 leader=2 inc2=1 attack_w=0.2
DBG t=49 used=0.021 remain=0.877 turn_time=0.0202656 end_in=0.0202656 cand_pre=11 cand_cap=20 cand=11->11 pre=11 pick(must/bucket/top/rand)=1/6/4/0 depth0=10 depth=7 dlog=3 dper=0 sims=3595 loop=3584 gen_time=0 eval_time=0.021 best_avg=-0.990162 best_move=5,0 leader=2 inc2=1 attack_w=0.2
DBG t=61 used=0.02 remain=0.645 turn_time=0.0194906 end_in=0.0194906 cand_pre=11 cand_cap=20 cand=11->11 pre=11 pick(must/bucket/top/rand)=1/7/3/0 depth0=10 depth=7 dlog=3 dper=0 sims=2935 loop=2924 gen_time=0 eval_time=0.02 best_avg=-0.655876 best_move=4,7 leader=2 inc2=1 attack_w=0.2
DBG t=74 used=0.017 remain=0.403 turn_time=0.0167555 end_in=0.0167555 cand_pre=26 cand_cap=20 cand=26->20 pre=26 pick(must/bucket/top/rand)=1/5/10/4 depth0=11 depth=6 dlog=4 dper=1 sims=3152 loop=3132 gen_time=0 eval_time=0.017 best_avg=-0.32465 best_move=3,5 leader=1 inc2=1 attack_w=0.2
DBG t=86 used=0.015 remain=0.208 turn_time=0.0147086 end_in=0.0147086 cand_pre=40 cand_cap=20 cand=40->20 pre=40 pick(must/bucket/top/rand)=1/8/7/4 depth0=11 depth=3 dlog=5 dper=3 sims=5248 loop=5228 gen_time=0 eval_time=0.015 best_avg=0.220671 best_move=4,4 leader=2 inc2=1 attack_w=0.2
DBG depth_guard t=99 remain=0.015 cand_pre=51 depth0=0 depth=0
DBG t=99 used=0.01 remain=0.015 turn_time=0.009 end_in=0.009 cand_pre=51 cand_cap=14 cand=51->14 pre=42 pick(must/bucket/top/rand)=1/8/2/3 depth0=0 depth=0 dlog=5 dper=5 sims=28806 loop=28792 gen_time=0 eval_time=0.01 best_avg=0.0602528 best_move=2,4 leader=2 inc2=1 attack_w=0.2
DBG summary depth_guard_fired=1
Score = 234896
=== CASE 0051.txt ===
DBG hdr N=10 M=8 T=100 U=1 VMAX=1078 TIME_LIMIT=1.94 MAX_CAND=20 UCB_C=0.21
DBG t=0 used=0.024 remain=1.94 turn_time=0.0236195 end_in=0.0236195 cand_pre=5 cand_cap=20 cand=5->5 pre=5 pick(must/bucket/top/rand)=1/2/2/0 depth0=7 depth=5 dlog=2 dper=0 sims=3353 loop=3348 gen_time=0 eval_time=0.024 best_avg=-0.444134 best_move=7,2 leader=6 inc2=1 attack_w=0.678947
DBG t=12 used=0.024 remain=1.664 turn_time=0.0231447 end_in=0.0231447 cand_pre=4 cand_cap=20 cand=4->4 pre=4 pick(must/bucket/top/rand)=1/1/2/0 depth0=7 depth=6 dlog=1 dper=0 sims=2360 loop=2356 gen_time=0 eval_time=0.024 best_avg=-0.570602 best_move=4,5 leader=6 inc2=1 attack_w=0.85
DBG t=24 used=0.022 remain=1.396 turn_time=0.021289 end_in=0.021289 cand_pre=14 cand_cap=20 cand=14->14 pre=14 pick(must/bucket/top/rand)=1/5/8/0 depth0=7 depth=4 dlog=3 dper=0 sims=2882 loop=2868 gen_time=0 eval_time=0.022 best_avg=-0.584323 best_move=0,7 leader=6 inc2=1 attack_w=0.536619
DBG t=37 used=0.019 remain=1.128 turn_time=0.0188895 end_in=0.0188895 cand_pre=30 cand_cap=20 cand=30->20 pre=30 pick(must/bucket/top/rand)=1/6/9/4 depth0=10 depth=5 dlog=4 dper=1 sims=1992 loop=1972 gen_time=0 eval_time=0.019 best_avg=-0.16087 best_move=6,7 leader=1 inc2=1 attack_w=0.2
DBG t=49 used=0.018 remain=0.906 turn_time=0.0179335 end_in=0.0179335 cand_pre=37 cand_cap=20 cand=37->20 pre=37 pick(must/bucket/top/rand)=1/6/9/4 depth0=10 depth=3 dlog=5 dper=2 sims=2744 loop=2724 gen_time=0 eval_time=0.018 best_avg=0.137239 best_move=5,6 leader=1 inc2=1 attack_w=0.2
DBG t=61 used=0.018 remain=0.689 turn_time=0.0176048 end_in=0.0176048 cand_pre=39 cand_cap=20 cand=39->20 pre=39 pick(must/bucket/top/rand)=1/4/11/4 depth0=10 depth=3 dlog=5 dper=2 sims=2764 loop=2744 gen_time=0 eval_time=0.018 best_avg=0.455817 best_move=7,8 leader=4 inc2=1 attack_w=0.2
DBG t=74 used=0.017 remain=0.459 turn_time=0.0169036 end_in=0.0169036 cand_pre=45 cand_cap=20 cand=45->20 pre=45 pick(must/bucket/top/rand)=1/5/10/4 depth0=11 depth=3 dlog=5 dper=3 sims=2584 loop=2564 gen_time=0 eval_time=0.017 best_avg=0.791573 best_move=9,2 leader=4 inc2=1 attack_w=0.2
DBG t=86 used=0.019 remain=0.251 turn_time=0.0186816 end_in=0.0186816 cand_pre=32 cand_cap=20 cand=32->20 pre=32 pick(must/bucket/top/rand)=1/4/11/4 depth0=11 depth=6 dlog=4 dper=1 sims=1324 loop=1304 gen_time=0 eval_time=0.019 best_avg=0.262701 best_move=3,8 leader=7 inc2=1 attack_w=0.2
DBG depth_guard t=99 remain=0.011 cand_pre=14 depth0=0 depth=0
DBG t=99 used=0.007 remain=0.011 turn_time=0.0066 end_in=0.0066 cand_pre=14 cand_cap=12 cand=14->12 pre=14 pick(must/bucket/top/rand)=1/4/5/2 depth0=0 depth=0 dlog=3 dper=2 sims=8548 loop=8536 gen_time=0 eval_time=0.007 best_avg=0.311965 best_move=1,3 leader=4 inc2=1 attack_w=0.2
DBG summary depth_guard_fired=1
Score = 160046
=== CASE 0053.txt ===
DBG hdr N=10 M=3 T=100 U=5 VMAX=1960 TIME_LIMIT=1.94 MAX_CAND=20 UCB_C=0.21
DBG t=0 used=0.024 remain=1.94 turn_time=0.0236195 end_in=0.0236195 cand_pre=5 cand_cap=20 cand=5->5 pre=5 pick(must/bucket/top/rand)=1/2/2/0 depth0=7 depth=5 dlog=2 dper=0 sims=8845 loop=8840 gen_time=0 eval_time=0.024 best_avg=-1.28447 best_move=6,6 leader=2 inc2=1 attack_w=0.13
DBG t=12 used=0.021 remain=1.67 turn_time=0.0208845 end_in=0.0208845 cand_pre=23 cand_cap=20 cand=23->20 pre=23 pick(must/bucket/top/rand)=1/4/11/4 depth0=7 depth=3 dlog=4 dper=0 sims=7384 loop=7364 gen_time=0 eval_time=0.021 best_avg=-1.07474 best_move=2,7 leader=2 inc2=1 attack_w=0.2
DBG t=24 used=0.02 remain=1.424 turn_time=0.0196456 end_in=0.0196456 cand_pre=31 cand_cap=20 cand=31->20 pre=31 pick(must/bucket/top/rand)=1/8/7/4 depth0=7 depth=2 dlog=4 dper=1 sims=8564 loop=8544 gen_time=0 eval_time=0.02 best_avg=-1.05851 best_move=3,5 leader=2 inc2=1 attack_w=0.2
DBG t=37 used=0.019 remain=1.168 turn_time=0.0187158 end_in=0.0187158 cand_pre=37 cand_cap=20 cand=37->20 pre=37 pick(must/bucket/top/rand)=1/8/7/4 depth0=10 depth=3 dlog=5 dper=2 sims=4932 loop=4912 gen_time=0 eval_time=0.019 best_avg=-1.12427 best_move=2,8 leader=1 inc2=1 attack_w=0.2
DBG t=49 used=0.019 remain=0.94 turn_time=0.0186065 end_in=0.0186065 cand_pre=37 cand_cap=20 cand=37->20 pre=37 pick(must/bucket/top/rand)=1/8/7/4 depth0=10 depth=3 dlog=5 dper=2 sims=4432 loop=4412 gen_time=0 eval_time=0.019 best_avg=-1.10601 best_move=1,8 leader=1 inc2=1 attack_w=0.2
DBG t=61 used=0.019 remain=0.714 turn_time=0.0181246 end_in=0.0181246 cand_pre=40 cand_cap=20 cand=40->20 pre=40 pick(must/bucket/top/rand)=1/8/7/4 depth0=10 depth=3 dlog=5 dper=2 sims=4156 loop=4136 gen_time=0 eval_time=0.019 best_avg=-1.05963 best_move=4,3 leader=1 inc2=1 attack_w=0.2
DBG t=74 used=0.017 remain=0.483 turn_time=0.0168214 end_in=0.0168214 cand_pre=53 cand_cap=20 cand=53->20 pre=53 pick(must/bucket/top/rand)=1/8/7/4 depth0=11 depth=3 dlog=5 dper=3 sims=5252 loop=5232 gen_time=0 eval_time=0.017 best_avg=-0.991504 best_move=3,1 leader=2 inc2=1 attack_w=0.2
DBG t=86 used=0.018 remain=0.276 turn_time=0.0172106 end_in=0.0172106 cand_pre=58 cand_cap=20 cand=58->20 pre=58 pick(must/bucket/top/rand)=1/8/7/4 depth0=11 depth=2 dlog=5 dper=4 sims=6884 loop=6864 gen_time=0 eval_time=0.018 best_avg=-0.982529 best_move=7,8 leader=1 inc2=1 attack_w=0.2
DBG t=99 used=0.02 remain=0.032 turn_time=0.0192 end_in=0.0192 cand_pre=68 cand_cap=14 cand=68->14 pre=42 pick(must/bucket/top/rand)=1/8/2/3 depth0=0 depth=0 dlog=5 dper=4 sims=49006 loop=48992 gen_time=0 eval_time=0.02 best_avg=-0.942973 best_move=0,6 leader=1 inc2=1 attack_w=0.2
DBG summary depth_guard_fired=0
Score = 159439
=== CASE 0052.txt ===
DBG hdr N=10 M=5 T=100 U=4 VMAX=1301 TIME_LIMIT=1.94 MAX_CAND=20 UCB_C=0.21
DBG t=0 used=0.024 remain=1.94 turn_time=0.0237456 end_in=0.0237456 cand_pre=4 cand_cap=20 cand=4->4 pre=4 pick(must/bucket/top/rand)=1/2/1/0 depth0=7 depth=6 dlog=1 dper=0 sims=4708 loop=4704 gen_time=0 eval_time=0.024 best_avg=-0.753159 best_move=1,5 leader=3 inc2=0 attack_w=0.765672
DBG t=12 used=0.023 remain=1.657 turn_time=0.0221906 end_in=0.0221906 cand_pre=11 cand_cap=20 cand=11->11 pre=11 pick(must/bucket/top/rand)=1/4/6/0 depth0=7 depth=4 dlog=3 dper=0 sims=4159 loop=4148 gen_time=0 eval_time=0.023 best_avg=-0.953976 best_move=1,4 leader=4 inc2=1 attack_w=0.85
DBG t=24 used=0.022 remain=1.39 turn_time=0.0210786 end_in=0.0210786 cand_pre=15 cand_cap=20 cand=15->15 pre=15 pick(must/bucket/top/rand)=1/6/8/0 depth0=7 depth=4 dlog=3 dper=0 sims=3527 loop=3512 gen_time=0 eval_time=0.022 best_avg=-0.785656 best_move=2,4 leader=4 inc2=1 attack_w=0.442862
DBG t=37 used=0.021 remain=1.113 turn_time=0.020246 end_in=0.020246 cand_pre=16 cand_cap=20 cand=16->16 pre=16 pick(must/bucket/top/rand)=1/7/8/0 depth0=10 depth=7 dlog=3 dper=0 sims=2088 loop=2072 gen_time=0 eval_time=0.021 best_avg=-0.593218 best_move=0,7 leader=4 inc2=1 attack_w=0.2
DBG t=49 used=0.019 remain=0.87 turn_time=0.018995 end_in=0.018995 cand_pre=21 cand_cap=20 cand=21->20 pre=21 pick(must/bucket/top/rand)=1/8/7/4 depth0=10 depth=6 dlog=4 dper=0 sims=2720 loop=2700 gen_time=0 eval_time=0.019 best_avg=-0.558188 best_move=3,3 leader=1 inc2=1 attack_w=0.2
DBG t=61 used=0.02 remain=0.637 turn_time=0.0196735 end_in=0.0196735 cand_pre=7 cand_cap=20 cand=7->7 pre=7 pick(must/bucket/top/rand)=1/6/0/0 depth0=10 depth=8 dlog=2 dper=0 sims=1867 loop=1860 gen_time=0 eval_time=0.02 best_avg=-0.762027 best_move=4,1 leader=2 inc2=1 attack_w=0.282647
DBG t=74 used=0.018 remain=0.389 turn_time=0.0175349 end_in=0.0175349 cand_pre=12 cand_cap=20 cand=12->12 pre=12 pick(must/bucket/top/rand)=1/6/5/0 depth0=11 depth=8 dlog=3 dper=0 sims=2116 loop=2104 gen_time=0 eval_time=0.018 best_avg=-0.585342 best_move=3,0 leader=3 inc2=1 attack_w=0.2
DBG t=86 used=0.015 remain=0.192 turn_time=0.0146469 end_in=0.0146469 cand_pre=28 cand_cap=20 cand=28->20 pre=28 pick(must/bucket/top/rand)=1/8/7/4 depth0=11 depth=5 dlog=4 dper=2 sims=2632 loop=2612 gen_time=0 eval_time=0.015 best_avg=-0.443776 best_move=4,3 leader=3 inc2=1 attack_w=0.2
DBG depth_guard t=99 remain=0.011 cand_pre=36 depth0=0 depth=0
DBG t=99 used=0.007 remain=0.011 turn_time=0.0066 end_in=0.0066 cand_pre=36 cand_cap=12 cand=36->12 pre=36 pick(must/bucket/top/rand)=1/8/1/2 depth0=0 depth=0 dlog=5 dper=5 sims=8996 loop=8984 gen_time=0 eval_time=0.007 best_avg=-0.376179 best_move=3,4 leader=3 inc2=1 attack_w=0.2
DBG summary depth_guard_fired=1
Score = 133263
=== CASE 0054.txt ===
DBG hdr N=10 M=4 T=100 U=1 VMAX=1783 TIME_LIMIT=1.94 MAX_CAND=20 UCB_C=0.21
DBG t=0 used=0.024 remain=1.94 turn_time=0.0238717 end_in=0.0238717 cand_pre=3 cand_cap=20 cand=3->3 pre=3 pick(must/bucket/top/rand)=1/2/0/0 depth0=7 depth=6 dlog=1 dper=0 sims=5507 loop=5504 gen_time=0 eval_time=0.024 best_avg=-1.1745 best_move=4,0 leader=3 inc2=1 attack_w=0.549074
DBG t=12 used=0.022 remain=1.666 turn_time=0.0210806 end_in=0.0210806 cand_pre=21 cand_cap=20 cand=21->20 pre=21 pick(must/bucket/top/rand)=1/4/11/4 depth0=7 depth=3 dlog=4 dper=0 sims=7044 loop=7024 gen_time=0 eval_time=0.022 best_avg=-1.16273 best_move=5,1 leader=2 inc2=1 attack_w=0.322276
DBG t=24 used=0.021 remain=1.403 turn_time=0.0207958 end_in=0.0207958 cand_pre=19 cand_cap=20 cand=19->19 pre=19 pick(must/bucket/top/rand)=1/4/11/3 depth0=7 depth=3 dlog=4 dper=0 sims=7183 loop=7164 gen_time=0 eval_time=0.021 best_avg=-1.00424 best_move=1,1 leader=2 inc2=1 attack_w=0.85
DBG t=37 used=0.019 remain=1.143 turn_time=0.0183152 end_in=0.0183152 cand_pre=37 cand_cap=20 cand=37->20 pre=37 pick(must/bucket/top/rand)=1/4/11/4 depth0=10 depth=3 dlog=5 dper=2 sims=4740 loop=4720 gen_time=0 eval_time=0.019 best_avg=-0.247885 best_move=3,4 leader=2 inc2=1 attack_w=0.2
DBG t=49 used=0.022 remain=0.925 turn_time=0.0214926 end_in=0.0214926 cand_pre=10 cand_cap=20 cand=10->10 pre=10 pick(must/bucket/top/rand)=1/4/5/0 depth0=10 depth=7 dlog=3 dper=0 sims=2770 loop=2760 gen_time=0 eval_time=0.022 best_avg=-0.297448 best_move=5,8 leader=2 inc2=1 attack_w=0.2
DBG t=61 used=0.019 remain=0.678 turn_time=0.0189058 end_in=0.0189058 cand_pre=25 cand_cap=20 cand=25->20 pre=25 pick(must/bucket/top/rand)=1/6/9/4 depth0=10 depth=6 dlog=4 dper=0 sims=2396 loop=2376 gen_time=0 eval_time=0.019 best_avg=0.0466579 best_move=8,7 leader=2 inc2=1 attack_w=0.2
DBG t=74 used=0.018 remain=0.441 turn_time=0.0171227 end_in=0.0171227 cand_pre=37 cand_cap=20 cand=37->20 pre=37 pick(must/bucket/top/rand)=1/6/9/4 depth0=11 depth=4 dlog=5 dper=2 sims=3420 loop=3400 gen_time=0 eval_time=0.018 best_avg=0.0450592 best_move=7,3 leader=1 inc2=1 attack_w=0.2
DBG t=86 used=0.018 remain=0.223 turn_time=0.0176329 end_in=0.0176329 cand_pre=22 cand_cap=20 cand=22->20 pre=22 pick(must/bucket/top/rand)=1/2/13/4 depth0=11 depth=6 dlog=4 dper=0 sims=1840 loop=1820 gen_time=0 eval_time=0.018 best_avg=0.192411 best_move=5,5 leader=2 inc2=0 attack_w=0.2
DBG t=99 used=0.015 remain=0.024 turn_time=0.0144 end_in=0.0144 cand_pre=77 cand_cap=14 cand=77->14 pre=42 pick(must/bucket/top/rand)=1/6/4/3 depth0=0 depth=0 dlog=6 dper=5 sims=25246 loop=25232 gen_time=0 eval_time=0.015 best_avg=0.0709862 best_move=4,8 leader=3 inc2=1 attack_w=0.2
DBG summary depth_guard_fired=0
Score = 192581
=== CASE 0055.txt ===
DBG hdr N=10 M=8 T=100 U=2 VMAX=1735 TIME_LIMIT=1.94 MAX_CAND=20 UCB_C=0.21
DBG t=0 used=0.024 remain=1.94 turn_time=0.0237456 end_in=0.0237456 cand_pre=4 cand_cap=20 cand=4->4 pre=4 pick(must/bucket/top/rand)=1/2/1/0 depth0=7 depth=6 dlog=1 dper=0 sims=3188 loop=3184 gen_time=0 eval_time=0.024 best_avg=-0.91197 best_move=0,4 leader=2 inc2=1 attack_w=0.85
DBG t=12 used=0.021 remain=1.665 turn_time=0.0209449 end_in=0.0209449 cand_pre=22 cand_cap=20 cand=22->20 pre=22 pick(must/bucket/top/rand)=1/5/10/4 depth0=7 depth=3 dlog=4 dper=0 sims=3996 loop=3976 gen_time=0 eval_time=0.021 best_avg=-0.23287 best_move=3,0 leader=6 inc2=1 attack_w=0.2
DBG t=24 used=0.021 remain=1.408 turn_time=0.0203882 end_in=0.0203882 cand_pre=23 cand_cap=20 cand=23->20 pre=23 pick(must/bucket/top/rand)=1/6/9/4 depth0=7 depth=3 dlog=4 dper=0 sims=3436 loop=3416 gen_time=0 eval_time=0.021 best_avg=-0.424235 best_move=3,1 leader=6 inc2=1 attack_w=0.2
DBG t=37 used=0.021 remain=1.136 turn_time=0.0200783 end_in=0.0200783 cand_pre=21 cand_cap=20 cand=21->20 pre=21 pick(must/bucket/top/rand)=1/6/9/4 depth0=10 depth=6 dlog=4 dper=0 sims=1520 loop=1500 gen_time=0 eval_time=0.021 best_avg=-0.545111 best_move=3,3 leader=4 inc2=1 attack_w=0.499434
DBG t=49 used=0.02 remain=0.895 turn_time=0.0193127 end_in=0.0193127 cand_pre=23 cand_cap=20 cand=23->20 pre=23 pick(must/bucket/top/rand)=1/5/10/4 depth0=10 depth=6 dlog=4 dper=0 sims=1416 loop=1396 gen_time=0 eval_time=0.02 best_avg=-0.548648 best_move=1,1 leader=4 inc2=1 attack_w=0.722618
DBG t=61 used=0.019 remain=0.662 turn_time=0.0181286 end_in=0.0181286 cand_pre=28 cand_cap=20 cand=28->20 pre=28 pick(must/bucket/top/rand)=1/6/9/4 depth0=10 depth=5 dlog=4 dper=1 sims=1588 loop=1568 gen_time=0 eval_time=0.019 best_avg=-0.503742 best_move=2,5 leader=4 inc2=1 attack_w=0.50354
DBG t=74 used=0.018 remain=0.427 turn_time=0.0170061 end_in=0.0170061 cand_pre=33 cand_cap=20 cand=33->20 pre=33 pick(must/bucket/top/rand)=1/8/7/4 depth0=11 depth=5 dlog=4 dper=2 sims=1572 loop=1552 gen_time=0 eval_time=0.018 best_avg=-0.321041 best_move=1,6 leader=4 inc2=1 attack_w=0.219974
DBG t=86 used=0.016 remain=0.223 turn_time=0.0159764 end_in=0.0159764 cand_pre=38 cand_cap=20 cand=38->20 pre=38 pick(must/bucket/top/rand)=1/8/7/4 depth0=11 depth=4 dlog=5 dper=2 sims=2136 loop=2116 gen_time=0 eval_time=0.016 best_avg=-0.0171239 best_move=0,7 leader=4 inc2=1 attack_w=0.2
DBG depth_guard t=99 remain=0.015 cand_pre=43 depth0=0 depth=0
DBG t=99 used=0.01 remain=0.015 turn_time=0.009 end_in=0.009 cand_pre=43 cand_cap=14 cand=43->14 pre=42 pick(must/bucket/top/rand)=1/7/3/3 depth0=0 depth=0 dlog=5 dper=5 sims=10406 loop=10392 gen_time=0 eval_time=0.01 best_avg=0.247025 best_move=4,0 leader=4 inc2=1 attack_w=0.2
DBG summary depth_guard_fired=1
Score = 156931
=== CASE 0056.txt ===
DBG hdr N=10 M=7 T=100 U=2 VMAX=1961 TIME_LIMIT=1.94 MAX_CAND=20 UCB_C=0.21
DBG t=0 used=0.024 remain=1.94 turn_time=0.0237456 end_in=0.0237456 cand_pre=4 cand_cap=20 cand=4->4 pre=4 pick(must/bucket/top/rand)=1/2/1/0 depth0=7 depth=6 dlog=1 dper=0 sims=3248 loop=3244 gen_time=0 eval_time=0.024 best_avg=-0.580611 best_move=8,5 leader=4 inc2=1 attack_w=0.847371
DBG t=12 used=0.021 remain=1.671 turn_time=0.0205267 end_in=0.0205267 cand_pre=26 cand_cap=20 cand=26->20 pre=26 pick(must/bucket/top/rand)=1/6/9/4 depth0=7 depth=3 dlog=4 dper=0 sims=3700 loop=3680 gen_time=0 eval_time=0.021 best_avg=-0.298707 best_move=6,0 leader=6 inc2=1 attack_w=0.2
DBG t=24 used=0.023 remain=1.405 turn_time=0.0220271 end_in=0.0220271 cand_pre=9 cand_cap=20 cand=9->9 pre=9 pick(must/bucket/top/rand)=1/2/6/0 depth0=7 depth=4 dlog=3 dper=0 sims=3097 loop=3088 gen_time=0 eval_time=0.023 best_avg=-0.409526 best_move=4,0 leader=6 inc2=1 attack_w=0.2
DBG t=37 used=0.021 remain=1.12 turn_time=0.02072 end_in=0.02072 cand_pre=13 cand_cap=20 cand=13->13 pre=13 pick(must/bucket/top/rand)=1/4/8/0 depth0=10 depth=7 dlog=3 dper=0 sims=1365 loop=1352 gen_time=0 eval_time=0.021 best_avg=-0.907792 best_move=6,1 leader=6 inc2=1 attack_w=0.85
DBG t=49 used=0.02 remain=0.871 turn_time=0.0197939 end_in=0.0197939 cand_pre=14 cand_cap=20 cand=14->14 pre=14 pick(must/bucket/top/rand)=1/5/8/0 depth0=10 depth=7 dlog=3 dper=0 sims=1254 loop=1240 gen_time=0 eval_time=0.02 best_avg=-0.754266 best_move=7,0 leader=6 inc2=1 attack_w=0.708375
DBG t=61 used=0.019 remain=0.637 turn_time=0.0188242 end_in=0.0188242 cand_pre=15 cand_cap=20 cand=15->15 pre=15 pick(must/bucket/top/rand)=1/7/7/0 depth0=10 depth=7 dlog=3 dper=0 sims=1379 loop=1364 gen_time=0 eval_time=0.019 best_avg=-0.664854 best_move=5,1 leader=6 inc2=1 attack_w=0.85
DBG t=74 used=0.018 remain=0.396 turn_time=0.0170585 end_in=0.0170585 cand_pre=20 cand_cap=20 cand=20->20 pre=20 pick(must/bucket/top/rand)=1/7/8/4 depth0=11 depth=7 dlog=4 dper=0 sims=1280 loop=1260 gen_time=0 eval_time=0.018 best_avg=-0.399749 best_move=8,3 leader=4 inc2=1 attack_w=0.2
DBG t=86 used=0.016 remain=0.195 turn_time=0.0155095 end_in=0.0155095 cand_pre=21 cand_cap=20 cand=21->20 pre=21 pick(must/bucket/top/rand)=1/4/11/4 depth0=11 depth=6 dlog=4 dper=1 sims=1432 loop=1412 gen_time=0 eval_time=0.016 best_avg=-0.375167 best_move=5,0 leader=6 inc2=1 attack_w=0.2
DBG depth_guard t=99 remain=0.009 cand_pre=25 depth0=0 depth=0
DBG t=99 used=0.006 remain=0.009 turn_time=0.0054 end_in=0.0054 cand_pre=25 cand_cap=12 cand=25->12 pre=25 pick(must/bucket/top/rand)=1/6/3/2 depth0=0 depth=0 dlog=4 dper=5 sims=6264 loop=6252 gen_time=0 eval_time=0.006 best_avg=-0.244892 best_move=8,3 leader=6 inc2=1 attack_w=0.2
DBG summary depth_guard_fired=1
Score = 120873
=== CASE 0057.txt ===
DBG hdr N=10 M=7 T=100 U=4 VMAX=1762 TIME_LIMIT=1.94 MAX_CAND=20 UCB_C=0.21
DBG t=0 used=0.024 remain=1.94 turn_time=0.0236195 end_in=0.0236195 cand_pre=5 cand_cap=20 cand=5->5 pre=5 pick(must/bucket/top/rand)=1/2/2/0 depth0=7 depth=5 dlog=2 dper=0 sims=4389 loop=4384 gen_time=0 eval_time=0.024 best_avg=-1.1037 best_move=2,6 leader=4 inc2=1 attack_w=0.85
DBG t=12 used=0.024 remain=1.67 turn_time=0.0234749 end_in=0.0234749 cand_pre=2 cand_cap=20 cand=2->2 pre=2 pick(must/bucket/top/rand)=1/1/0/0 depth0=7 depth=7 dlog=0 dper=0 sims=2366 loop=2364 gen_time=0 eval_time=0.024 best_avg=-0.834751 best_move=3,0 leader=4 inc2=1 attack_w=0.75485
DBG t=24 used=0.023 remain=1.392 turn_time=0.0220614 end_in=0.0220614 cand_pre=7 cand_cap=20 cand=7->7 pre=7 pick(must/bucket/top/rand)=1/6/0/0 depth0=7 depth=5 dlog=2 dper=0 sims=3167 loop=3160 gen_time=0 eval_time=0.023 best_avg=-0.584301 best_move=5,0 leader=4 inc2=1 attack_w=0.253353
DBG t=37 used=0.021 remain=1.106 turn_time=0.0208033 end_in=0.0208033 cand_pre=10 cand_cap=20 cand=10->10 pre=10 pick(must/bucket/top/rand)=1/5/4/0 depth0=10 depth=7 dlog=3 dper=0 sims=2458 loop=2448 gen_time=0 eval_time=0.021 best_avg=-0.266325 best_move=6,0 leader=1 inc2=1 attack_w=0.2
DBG t=49 used=0.02 remain=0.857 turn_time=0.0196942 end_in=0.0196942 cand_pre=12 cand_cap=20 cand=12->12 pre=12 pick(must/bucket/top/rand)=1/5/6/0 depth0=10 depth=7 dlog=3 dper=0 sims=2140 loop=2128 gen_time=0 eval_time=0.02 best_avg=-0.241399 best_move=2,0 leader=1 inc2=1 attack_w=0.2
DBG t=61 used=0.019 remain=0.623 turn_time=0.0182028 end_in=0.0182028 cand_pre=17 cand_cap=20 cand=17->17 pre=17 pick(must/bucket/top/rand)=1/5/10/1 depth0=10 depth=7 dlog=3 dper=0 sims=2169 loop=2152 gen_time=0 eval_time=0.019 best_avg=-0.0827671 best_move=5,0 leader=1 inc2=1 attack_w=0.2
DBG t=74 used=0.017 remain=0.388 turn_time=0.0168108 end_in=0.0168108 cand_pre=19 cand_cap=20 cand=19->19 pre=19 pick(must/bucket/top/rand)=1/6/9/3 depth0=11 depth=7 dlog=4 dper=0 sims=1823 loop=1804 gen_time=0 eval_time=0.017 best_avg=-0.0596448 best_move=2,0 leader=1 inc2=1 attack_w=0.2
DBG t=86 used=0.016 remain=0.19 turn_time=0.0150236 end_in=0.0150236 cand_pre=22 cand_cap=20 cand=22->20 pre=22 pick(must/bucket/top/rand)=1/5/10/4 depth0=11 depth=6 dlog=4 dper=1 sims=1948 loop=1928 gen_time=0 eval_time=0.016 best_avg=-0.243442 best_move=2,0 leader=6 inc2=1 attack_w=0.2
DBG depth_guard t=99 remain=0.008 cand_pre=23 depth0=0 depth=0
DBG t=99 used=0.005 remain=0.008 turn_time=0.0048 end_in=0.0048 cand_pre=23 cand_cap=12 cand=23->12 pre=23 pick(must/bucket/top/rand)=1/4/5/2 depth0=0 depth=0 dlog=4 dper=5 sims=6068 loop=6056 gen_time=0 eval_time=0.005 best_avg=-0.444829 best_move=3,2 leader=6 inc2=1 attack_w=0.2
DBG summary depth_guard_fired=1
Score = 108021
=== CASE 0058.txt ===
DBG hdr N=10 M=2 T=100 U=3 VMAX=2929 TIME_LIMIT=1.94 MAX_CAND=20 UCB_C=0.21
DBG t=0 used=0.024 remain=1.94 turn_time=0.0237456 end_in=0.0237456 cand_pre=4 cand_cap=20 cand=4->4 pre=4 pick(must/bucket/top/rand)=1/2/1/0 depth0=7 depth=6 dlog=1 dper=0 sims=9404 loop=9400 gen_time=0 eval_time=0.024 best_avg=-2.08251 best_move=3,0 leader=1 inc2=1 attack_w=0.13
DBG t=12 used=0.022 remain=1.663 turn_time=0.0216568 end_in=0.0216568 cand_pre=16 cand_cap=20 cand=16->16 pre=16 pick(must/bucket/top/rand)=1/2/13/0 depth0=7 depth=4 dlog=3 dper=0 sims=8256 loop=8240 gen_time=0 eval_time=0.022 best_avg=-2.20548 best_move=7,1 leader=1 inc2=1 attack_w=0.2
DBG t=24 used=0.021 remain=1.401 turn_time=0.0207661 end_in=0.0207661 cand_pre=19 cand_cap=20 cand=19->19 pre=19 pick(must/bucket/top/rand)=1/2/13/3 depth0=7 depth=3 dlog=4 dper=0 sims=8395 loop=8376 gen_time=0 eval_time=0.021 best_avg=-2.41904 best_move=6,2 leader=1 inc2=1 attack_w=0.2
DBG t=37 used=0.02 remain=1.133 turn_time=0.0193239 end_in=0.0193239 cand_pre=27 cand_cap=20 cand=27->20 pre=27 pick(must/bucket/top/rand)=1/2/13/4 depth0=10 depth=5 dlog=4 dper=1 sims=4368 loop=4348 gen_time=0 eval_time=0.02 best_avg=-2.66287 best_move=2,1 leader=1 inc2=1 attack_w=0.2
DBG t=49 used=0.019 remain=0.899 turn_time=0.0188261 end_in=0.0188261 cand_pre=28 cand_cap=20 cand=28->20 pre=28 pick(must/bucket/top/rand)=1/2/13/4 depth0=10 depth=5 dlog=4 dper=1 sims=4000 loop=3980 gen_time=0 eval_time=0.019 best_avg=-2.67841 best_move=2,2 leader=1 inc2=1 attack_w=0.2
DBG t=61 used=0.018 remain=0.672 turn_time=0.0178425 end_in=0.0178425 cand_pre=33 cand_cap=20 cand=33->20 pre=33 pick(must/bucket/top/rand)=1/5/10/4 depth0=10 depth=4 dlog=4 dper=2 sims=4652 loop=4632 gen_time=0 eval_time=0.018 best_avg=-2.62537 best_move=2,3 leader=1 inc2=1 attack_w=0.2
DBG t=74 used=0.017 remain=0.441 turn_time=0.0169022 end_in=0.0169022 cand_pre=39 cand_cap=20 cand=39->20 pre=39 pick(must/bucket/top/rand)=1/6/9/4 depth0=11 depth=4 dlog=5 dper=2 sims=5168 loop=5148 gen_time=0 eval_time=0.017 best_avg=-2.62299 best_move=2,3 leader=1 inc2=1 attack_w=0.2
DBG t=86 used=0.017 remain=0.234 turn_time=0.0168731 end_in=0.0168731 cand_pre=37 cand_cap=20 cand=37->20 pre=37 pick(must/bucket/top/rand)=1/6/9/4 depth0=11 depth=4 dlog=5 dper=2 sims=4076 loop=4056 gen_time=0 eval_time=0.017 best_avg=-2.63928 best_move=0,2 leader=1 inc2=1 attack_w=0.2
DBG depth_guard t=99 remain=0.016 cand_pre=41 depth0=0 depth=0
DBG t=99 used=0.01 remain=0.016 turn_time=0.0096 end_in=0.0096 cand_pre=41 cand_cap=14 cand=41->14 pre=41 pick(must/bucket/top/rand)=1/6/4/3 depth0=0 depth=0 dlog=5 dper=4 sims=25666 loop=25652 gen_time=0 eval_time=0.01 best_avg=-2.58271 best_move=1,3 leader=1 inc2=1 attack_w=0.2
DBG summary depth_guard_fired=1
Score = 155383
=== CASE 0059.txt ===
DBG hdr N=10 M=4 T=100 U=2 VMAX=1678 TIME_LIMIT=1.94 MAX_CAND=20 UCB_C=0.21
DBG t=0 used=0.024 remain=1.94 turn_time=0.0237456 end_in=0.0237456 cand_pre=4 cand_cap=20 cand=4->4 pre=4 pick(must/bucket/top/rand)=1/2/1/0 depth0=7 depth=6 dlog=1 dper=0 sims=5384 loop=5380 gen_time=0 eval_time=0.024 best_avg=-1.22404 best_move=3,7 leader=2 inc2=1 attack_w=0.85
DBG t=12 used=0.022 remain=1.663 turn_time=0.021534 end_in=0.021534 cand_pre=17 cand_cap=20 cand=17->17 pre=17 pick(must/bucket/top/rand)=1/4/11/1 depth0=7 depth=4 dlog=3 dper=0 sims=5201 loop=5184 gen_time=0 eval_time=0.022 best_avg=-1.07609 best_move=5,6 leader=1 inc2=1 attack_w=0.600186
DBG t=24 used=0.02 remain=1.408 turn_time=0.0199065 end_in=0.0199065 cand_pre=27 cand_cap=20 cand=27->20 pre=27 pick(must/bucket/top/rand)=1/7/8/4 depth0=7 depth=2 dlog=4 dper=1 sims=7716 loop=7696 gen_time=0 eval_time=0.02 best_avg=-0.763412 best_move=2,8 leader=1 inc2=1 attack_w=0.2
DBG t=37 used=0.02 remain=1.146 turn_time=0.0193092 end_in=0.0193092 cand_pre=29 cand_cap=20 cand=29->20 pre=29 pick(must/bucket/top/rand)=1/7/8/4 depth0=10 depth=5 dlog=4 dper=1 sims=2892 loop=2872 gen_time=0 eval_time=0.02 best_avg=-0.802278 best_move=3,5 leader=3 inc2=1 attack_w=0.2
DBG t=49 used=0.019 remain=0.916 turn_time=0.0181314 end_in=0.0181314 cand_pre=37 cand_cap=20 cand=37->20 pre=37 pick(must/bucket/top/rand)=1/8/7/4 depth0=10 depth=3 dlog=5 dper=2 sims=4300 loop=4280 gen_time=0 eval_time=0.019 best_avg=-0.518568 best_move=9,4 leader=3 inc2=1 attack_w=0.2
DBG t=61 used=0.02 remain=0.685 turn_time=0.019101 end_in=0.019101 cand_pre=25 cand_cap=20 cand=25->20 pre=25 pick(must/bucket/top/rand)=1/6/9/4 depth0=10 depth=6 dlog=4 dper=0 sims=2112 loop=2092 gen_time=0 eval_time=0.02 best_avg=-0.551547 best_move=7,5 leader=3 inc2=1 attack_w=0.2
DBG t=74 used=0.018 remain=0.441 turn_time=0.0172329 end_in=0.0172329 cand_pre=36 cand_cap=20 cand=36->20 pre=36 pick(must/bucket/top/rand)=1/5/10/4 depth0=11 depth=4 dlog=5 dper=2 sims=2840 loop=2820 gen_time=0 eval_time=0.018 best_avg=-0.352293 best_move=8,6 leader=1 inc2=1 attack_w=0.2
DBG t=86 used=0.017 remain=0.234 turn_time=0.0160039 end_in=0.0160039 cand_pre=45 cand_cap=20 cand=45->20 pre=45 pick(must/bucket/top/rand)=1/4/11/4 depth0=11 depth=3 dlog=5 dper=3 sims=3212 loop=3192 gen_time=0 eval_time=0.017 best_avg=-0.214077 best_move=5,5 leader=1 inc2=1 attack_w=0.2
DBG t=99 used=0.013 remain=0.021 turn_time=0.0126 end_in=0.0126 cand_pre=55 cand_cap=16 cand=55->16 pre=48 pick(must/bucket/top/rand)=1/7/4/4 depth0=0 depth=0 dlog=5 dper=4 sims=17392 loop=17376 gen_time=0 eval_time=0.013 best_avg=-0.160192 best_move=1,2 leader=1 inc2=1 attack_w=0.2
DBG summary depth_guard_fired=0
Score = 174800
=== CASE 0061.txt ===
DBG hdr N=10 M=5 T=100 U=2 VMAX=1600 TIME_LIMIT=1.94 MAX_CAND=20 UCB_C=0.21
DBG t=0 used=0.024 remain=1.94 turn_time=0.0237456 end_in=0.0237456 cand_pre=4 cand_cap=20 cand=4->4 pre=4 pick(must/bucket/top/rand)=1/2/1/0 depth0=7 depth=6 dlog=1 dper=0 sims=5072 loop=5068 gen_time=0 eval_time=0.024 best_avg=-1.15198 best_move=1,3 leader=4 inc2=1 attack_w=0.480774
DBG t=12 used=0.022 remain=1.667 turn_time=0.0214626 end_in=0.0214626 cand_pre=18 cand_cap=20 cand=18->18 pre=18 pick(must/bucket/top/rand)=1/4/11/2 depth0=7 depth=3 dlog=4 dper=0 sims=6806 loop=6788 gen_time=0 eval_time=0.022 best_avg=-1.24478 best_move=1,2 leader=2 inc2=0 attack_w=0.85
DBG t=24 used=0.021 remain=1.408 turn_time=0.0203882 end_in=0.0203882 cand_pre=23 cand_cap=20 cand=23->20 pre=23 pick(must/bucket/top/rand)=1/8/7/4 depth0=7 depth=3 dlog=4 dper=0 sims=4020 loop=4000 gen_time=0 eval_time=0.021 best_avg=-1.64459 best_move=4,3 leader=2 inc2=1 attack_w=0.85
DBG t=37 used=0.021 remain=1.143 turn_time=0.0207917 end_in=0.0207917 cand_pre=16 cand_cap=20 cand=16->16 pre=16 pick(must/bucket/top/rand)=1/8/7/0 depth0=10 depth=7 dlog=3 dper=0 sims=1768 loop=1752 gen_time=0 eval_time=0.021 best_avg=-1.00592 best_move=9,3 leader=2 inc2=1 attack_w=0.85
DBG t=49 used=0.019 remain=0.899 turn_time=0.0184824 end_in=0.0184824 cand_pre=31 cand_cap=20 cand=31->20 pre=31 pick(must/bucket/top/rand)=1/6/9/4 depth0=10 depth=5 dlog=4 dper=1 sims=2036 loop=2016 gen_time=0 eval_time=0.019 best_avg=-0.950103 best_move=6,6 leader=1 inc2=1 attack_w=0.624635
DBG t=61 used=0.018 remain=0.68 turn_time=0.0172615 end_in=0.0172615 cand_pre=40 cand_cap=20 cand=40->20 pre=40 pick(must/bucket/top/rand)=1/6/9/4 depth0=10 depth=3 dlog=5 dper=2 sims=3192 loop=3172 gen_time=0 eval_time=0.018 best_avg=-0.838791 best_move=6,2 leader=1 inc2=1 attack_w=0.473571
DBG t=74 used=0.017 remain=0.466 turn_time=0.0163458 end_in=0.0163458 cand_pre=52 cand_cap=20 cand=52->20 pre=52 pick(must/bucket/top/rand)=1/6/9/4 depth0=11 depth=3 dlog=5 dper=3 sims=2760 loop=2740 gen_time=0 eval_time=0.017 best_avg=-0.695211 best_move=6,6 leader=3 inc2=1 attack_w=0.2
DBG t=86 used=0.017 remain=0.263 turn_time=0.0167662 end_in=0.0167663 cand_pre=55 cand_cap=20 cand=55->20 pre=55 pick(must/bucket/top/rand)=1/6/9/4 depth0=11 depth=3 dlog=5 dper=3 sims=2620 loop=2600 gen_time=0 eval_time=0.017 best_avg=-0.736165 best_move=5,7 leader=3 inc2=1 attack_w=0.2
DBG t=99 used=0.015 remain=0.024 turn_time=0.0144 end_in=0.0144 cand_pre=52 cand_cap=20 cand=52->20 pre=52 pick(must/bucket/top/rand)=1/6/9/4 depth0=0 depth=0 dlog=5 dper=4 sims=15048 loop=15028 gen_time=0 eval_time=0.015 best_avg=-0.801293 best_move=2,3 leader=3 inc2=1 attack_w=0.358134
DBG summary depth_guard_fired=0
Score = 96124
=== CASE 0060.txt ===
DBG hdr N=10 M=5 T=100 U=3 VMAX=1320 TIME_LIMIT=1.94 MAX_CAND=20 UCB_C=0.21
DBG t=0 used=0.024 remain=1.94 turn_time=0.0237456 end_in=0.0237456 cand_pre=4 cand_cap=20 cand=4->4 pre=4 pick(must/bucket/top/rand)=1/2/1/0 depth0=7 depth=6 dlog=1 dper=0 sims=5296 loop=5292 gen_time=0 eval_time=0.024 best_avg=-0.749512 best_move=7,0 leader=3 inc2=0 attack_w=0.638592
DBG t=12 used=0.022 remain=1.66 turn_time=0.0219856 end_in=0.0219856 cand_pre=13 cand_cap=20 cand=13->13 pre=13 pick(must/bucket/top/rand)=1/4/8/0 depth0=7 depth=4 dlog=3 dper=0 sims=5545 loop=5532 gen_time=0 eval_time=0.022 best_avg=-0.721821 best_move=9,0 leader=3 inc2=0 attack_w=0.493317
DBG t=24 used=0.021 remain=1.398 turn_time=0.0208412 end_in=0.0208412 cand_pre=18 cand_cap=20 cand=18->18 pre=18 pick(must/bucket/top/rand)=1/5/10/2 depth0=7 depth=3 dlog=4 dper=0 sims=7130 loop=7112 gen_time=0 eval_time=0.021 best_avg=-0.592326 best_move=6,3 leader=2 inc2=0 attack_w=0.2
DBG t=37 used=0.021 remain=1.123 turn_time=0.0204279 end_in=0.0204279 cand_pre=16 cand_cap=20 cand=16->16 pre=16 pick(must/bucket/top/rand)=1/4/11/0 depth0=10 depth=7 dlog=3 dper=0 sims=2560 loop=2544 gen_time=0 eval_time=0.021 best_avg=-0.847484 best_move=6,2 leader=2 inc2=0 attack_w=0.223657
DBG t=49 used=0.019 remain=0.878 turn_time=0.0186102 end_in=0.0186102 cand_pre=26 cand_cap=20 cand=26->20 pre=26 pick(must/bucket/top/rand)=1/6/9/4 depth0=10 depth=5 dlog=4 dper=1 sims=3188 loop=3168 gen_time=0 eval_time=0.019 best_avg=-0.795722 best_move=5,1 leader=2 inc2=0 attack_w=0.341823
DBG t=61 used=0.019 remain=0.65 turn_time=0.0180167 end_in=0.0180167 cand_pre=26 cand_cap=20 cand=26->20 pre=26 pick(must/bucket/top/rand)=1/6/9/4 depth0=10 depth=5 dlog=4 dper=1 sims=3544 loop=3524 gen_time=0 eval_time=0.019 best_avg=-0.752363 best_move=6,4 leader=2 inc2=0 attack_w=0.414345
DBG t=74 used=0.017 remain=0.418 turn_time=0.0167522 end_in=0.0167522 cand_pre=32 cand_cap=20 cand=32->20 pre=32 pick(must/bucket/top/rand)=1/6/9/4 depth0=11 depth=5 dlog=4 dper=2 sims=2736 loop=2716 gen_time=0 eval_time=0.017 best_avg=-0.609221 best_move=6,3 leader=2 inc2=0 attack_w=0.2
DBG t=86 used=0.016 remain=0.216 turn_time=0.0159763 end_in=0.0159763 cand_pre=33 cand_cap=20 cand=33->20 pre=33 pick(must/bucket/top/rand)=1/8/7/4 depth0=11 depth=5 dlog=4 dper=2 sims=2256 loop=2236 gen_time=0 eval_time=0.016 best_avg=-0.254421 best_move=5,6 leader=2 inc2=0 attack_w=0.2
DBG depth_guard t=99 remain=0.011 cand_pre=7 depth0=0 depth=0
DBG t=99 used=0.007 remain=0.011 turn_time=0.0066 end_in=0.0066 cand_pre=7 cand_cap=12 cand=7->7 pre=7 pick(must/bucket/top/rand)=1/4/2/0 depth0=0 depth=0 dlog=2 dper=0 sims=9687 loop=9680 gen_time=0 eval_time=0.007 best_avg=-0.324342 best_move=1,7 leader=2 inc2=1 attack_w=0.2
DBG summary depth_guard_fired=1
Score = 133496
=== CASE 0062.txt ===
DBG hdr N=10 M=4 T=100 U=5 VMAX=2517 TIME_LIMIT=1.94 MAX_CAND=20 UCB_C=0.21
DBG t=0 used=0.024 remain=1.94 turn_time=0.0237456 end_in=0.0237456 cand_pre=4 cand_cap=20 cand=4->4 pre=4 pick(must/bucket/top/rand)=1/2/1/0 depth0=7 depth=6 dlog=1 dper=0 sims=5960 loop=5956 gen_time=0 eval_time=0.024 best_avg=-1.96307 best_move=9,4 leader=2 inc2=1 attack_w=0.85
DBG t=12 used=0.021 remain=1.669 turn_time=0.0205021 end_in=0.0205021 cand_pre=26 cand_cap=20 cand=26->20 pre=26 pick(must/bucket/top/rand)=1/8/7/4 depth0=7 depth=3 dlog=4 dper=0 sims=7828 loop=7808 gen_time=0 eval_time=0.021 best_avg=-0.176097 best_move=6,7 leader=2 inc2=1 attack_w=0.2
DBG t=24 used=0.022 remain=1.411 turn_time=0.021035 end_in=0.021035 cand_pre=18 cand_cap=20 cand=18->18 pre=18 pick(must/bucket/top/rand)=1/8/7/2 depth0=7 depth=3 dlog=4 dper=0 sims=8210 loop=8192 gen_time=0 eval_time=0.022 best_avg=-0.891207 best_move=4,6 leader=1 inc2=1 attack_w=0.2
DBG t=37 used=0.021 remain=1.137 turn_time=0.0203306 end_in=0.0203306 cand_pre=19 cand_cap=20 cand=19->19 pre=19 pick(must/bucket/top/rand)=1/7/8/3 depth0=10 depth=6 dlog=4 dper=0 sims=3723 loop=3704 gen_time=0 eval_time=0.021 best_avg=-1.31631 best_move=6,7 leader=1 inc2=1 attack_w=0.322033
DBG t=49 used=0.02 remain=0.889 turn_time=0.0197497 end_in=0.0197497 cand_pre=18 cand_cap=20 cand=18->18 pre=18 pick(must/bucket/top/rand)=1/7/8/2 depth0=10 depth=6 dlog=4 dper=0 sims=3326 loop=3308 gen_time=0 eval_time=0.02 best_avg=-1.27272 best_move=6,7 leader=1 inc2=1 attack_w=0.577838
DBG t=61 used=0.019 remain=0.651 turn_time=0.0189124 end_in=0.0189124 cand_pre=18 cand_cap=20 cand=18->18 pre=18 pick(must/bucket/top/rand)=1/7/8/2 depth0=10 depth=6 dlog=4 dper=0 sims=3222 loop=3204 gen_time=0 eval_time=0.019 best_avg=-1.08258 best_move=6,7 leader=1 inc2=0 attack_w=0.423256
DBG t=74 used=0.018 remain=0.411 turn_time=0.0172936 end_in=0.0172936 cand_pre=24 cand_cap=20 cand=24->20 pre=24 pick(must/bucket/top/rand)=1/6/9/4 depth0=11 depth=6 dlog=4 dper=1 sims=2784 loop=2764 gen_time=0 eval_time=0.018 best_avg=-0.850393 best_move=5,7 leader=1 inc2=0 attack_w=0.2
DBG t=86 used=0.016 remain=0.205 turn_time=0.0156386 end_in=0.0156386 cand_pre=28 cand_cap=20 cand=28->20 pre=28 pick(must/bucket/top/rand)=1/6/9/4 depth0=11 depth=6 dlog=4 dper=1 sims=2304 loop=2284 gen_time=0 eval_time=0.016 best_avg=-0.734608 best_move=6,7 leader=1 inc2=0 attack_w=0.2
DBG depth_guard t=99 remain=0.008 cand_pre=31 depth0=0 depth=0
DBG t=99 used=0.005 remain=0.008 turn_time=0.0048 end_in=0.0048 cand_pre=31 cand_cap=12 cand=31->12 pre=31 pick(must/bucket/top/rand)=1/6/3/2 depth0=0 depth=0 dlog=4 dper=5 sims=7616 loop=7604 gen_time=0 eval_time=0.005 best_avg=-0.712224 best_move=5,8 leader=1 inc2=0 attack_w=0.2
DBG summary depth_guard_fired=1
Score = 129581
=== CASE 0064.txt ===
DBG hdr N=10 M=3 T=100 U=2 VMAX=1013 TIME_LIMIT=1.94 MAX_CAND=20 UCB_C=0.21
DBG t=0 used=0.024 remain=1.94 turn_time=0.0238717 end_in=0.0238717 cand_pre=3 cand_cap=20 cand=3->3 pre=3 pick(must/bucket/top/rand)=1/2/0/0 depth0=7 depth=6 dlog=1 dper=0 sims=6995 loop=6992 gen_time=0 eval_time=0.024 best_avg=-1.36579 best_move=8,9 leader=1 inc2=1 attack_w=0.203231
DBG t=12 used=0.023 remain=1.665 turn_time=0.0221748 end_in=0.0221748 cand_pre=12 cand_cap=20 cand=12->12 pre=12 pick(must/bucket/top/rand)=1/7/4/0 depth0=7 depth=4 dlog=3 dper=0 sims=6564 loop=6552 gen_time=0 eval_time=0.023 best_avg=-1.61247 best_move=6,8 leader=1 inc2=1 attack_w=0.551517
DBG t=24 used=0.02 remain=1.403 turn_time=0.0198358 end_in=0.0198358 cand_pre=27 cand_cap=20 cand=27->20 pre=27 pick(must/bucket/top/rand)=1/8/7/4 depth0=7 depth=2 dlog=4 dper=1 sims=7796 loop=7776 gen_time=0 eval_time=0.02 best_avg=-1.52033 best_move=8,8 leader=2 inc2=1 attack_w=0.561932
DBG t=37 used=0.019 remain=1.15 turn_time=0.018546 end_in=0.018546 cand_pre=36 cand_cap=20 cand=36->20 pre=36 pick(must/bucket/top/rand)=1/8/7/4 depth0=10 depth=3 dlog=5 dper=2 sims=4164 loop=4144 gen_time=0 eval_time=0.019 best_avg=-1.55453 best_move=6,9 leader=2 inc2=1 attack_w=0.400007
DBG t=49 used=0.018 remain=0.921 turn_time=0.0178782 end_in=0.0178782 cand_pre=40 cand_cap=20 cand=40->20 pre=40 pick(must/bucket/top/rand)=1/8/7/4 depth0=10 depth=3 dlog=5 dper=2 sims=3444 loop=3424 gen_time=0 eval_time=0.018 best_avg=-1.57811 best_move=5,9 leader=2 inc2=1 attack_w=0.383796
DBG t=61 used=0.017 remain=0.708 turn_time=0.0160843 end_in=0.0160843 cand_pre=56 cand_cap=20 cand=56->20 pre=56 pick(must/bucket/top/rand)=1/8/7/4 depth0=10 depth=1 dlog=5 dper=4 sims=5548 loop=5528 gen_time=0 eval_time=0.017 best_avg=-1.51392 best_move=7,8 leader=2 inc2=1 attack_w=0.240142
DBG t=74 used=0.016 remain=0.497 turn_time=0.0155695 end_in=0.0155695 cand_pre=67 cand_cap=14 cand=67->14 pre=42 pick(must/bucket/top/rand)=1/8/2/3 depth0=11 depth=2 dlog=5 dper=4 sims=3446 loop=3432 gen_time=0 eval_time=0.016 best_avg=-1.30793 best_move=5,4 leader=2 inc2=1 attack_w=0.2
DBG t=86 used=0.017 remain=0.297 turn_time=0.0164517 end_in=0.0164517 cand_pre=73 cand_cap=14 cand=73->14 pre=42 pick(must/bucket/top/rand)=1/8/2/3 depth0=11 depth=1 dlog=6 dper=4 sims=5774 loop=5760 gen_time=0 eval_time=0.017 best_avg=-1.01082 best_move=5,4 leader=2 inc2=1 attack_w=0.2
DBG t=99 used=0.026 remain=0.043 turn_time=0.0258 end_in=0.0258 cand_pre=79 cand_cap=14 cand=79->14 pre=42 pick(must/bucket/top/rand)=1/8/2/3 depth0=0 depth=0 dlog=6 dper=3 sims=46506 loop=46492 gen_time=0 eval_time=0.026 best_avg=-0.950281 best_move=6,3 leader=2 inc2=1 attack_w=0.2
DBG summary depth_guard_fired=0
Score = 147760
=== CASE 0063.txt ===
DBG hdr N=10 M=5 T=100 U=2 VMAX=2287 TIME_LIMIT=1.94 MAX_CAND=20 UCB_C=0.21
DBG t=0 used=0.024 remain=1.94 turn_time=0.0239978 end_in=0.0239978 cand_pre=2 cand_cap=20 cand=2->2 pre=2 pick(must/bucket/top/rand)=1/1/0/0 depth0=7 depth=7 dlog=0 dper=0 sims=4242 loop=4240 gen_time=0 eval_time=0.024 best_avg=-1.23034 best_move=0,1 leader=3 inc2=0 attack_w=0.472526
DBG t=12 used=0.023 remain=1.658 turn_time=0.0220815 end_in=0.0220815 cand_pre=12 cand_cap=20 cand=12->12 pre=12 pick(must/bucket/top/rand)=1/4/7/0 depth0=7 depth=4 dlog=3 dper=0 sims=4664 loop=4652 gen_time=0 eval_time=0.023 best_avg=-1.11352 best_move=2,2 leader=1 inc2=1 attack_w=0.85
DBG t=24 used=0.021 remain=1.394 turn_time=0.0209008 end_in=0.0209008 cand_pre=17 cand_cap=20 cand=17->17 pre=17 pick(must/bucket/top/rand)=1/5/10/1 depth0=7 depth=4 dlog=3 dper=0 sims=3917 loop=3900 gen_time=0 eval_time=0.021 best_avg=-1.46002 best_move=2,2 leader=1 inc2=1 attack_w=0.85
DBG t=37 used=0.021 remain=1.116 turn_time=0.0203006 end_in=0.0203006 cand_pre=16 cand_cap=20 cand=16->16 pre=16 pick(must/bucket/top/rand)=1/6/9/0 depth0=10 depth=7 dlog=3 dper=0 sims=1968 loop=1952 gen_time=0 eval_time=0.021 best_avg=-1.40243 best_move=2,1 leader=1 inc2=1 attack_w=0.85
DBG t=49 used=0.02 remain=0.873 turn_time=0.019283 end_in=0.019283 cand_pre=19 cand_cap=20 cand=19->19 pre=19 pick(must/bucket/top/rand)=1/5/10/3 depth0=10 depth=6 dlog=4 dper=0 sims=2339 loop=2320 gen_time=0 eval_time=0.02 best_avg=-1.11642 best_move=2,3 leader=1 inc2=1 attack_w=0.85
DBG t=61 used=0.018 remain=0.642 turn_time=0.0177949 end_in=0.0177949 cand_pre=26 cand_cap=20 cand=26->20 pre=26 pick(must/bucket/top/rand)=1/8/7/4 depth0=10 depth=5 dlog=4 dper=1 sims=2024 loop=2004 gen_time=0 eval_time=0.018 best_avg=-1.00111 best_move=3,1 leader=1 inc2=1 attack_w=0.85
DBG t=74 used=0.017 remain=0.414 turn_time=0.0165918 end_in=0.0165918 cand_pre=32 cand_cap=20 cand=32->20 pre=32 pick(must/bucket/top/rand)=1/8/7/4 depth0=11 depth=5 dlog=4 dper=2 sims=2280 loop=2260 gen_time=0 eval_time=0.017 best_avg=-0.92431 best_move=1,2 leader=1 inc2=1 attack_w=0.815592
DBG t=86 used=0.018 remain=0.209 turn_time=0.0175933 end_in=0.0175933 cand_pre=11 cand_cap=20 cand=11->11 pre=11 pick(must/bucket/top/rand)=1/6/4/0 depth0=11 depth=6 dlog=3 dper=0 sims=2171 loop=2160 gen_time=0 eval_time=0.018 best_avg=-0.612143 best_move=1,9 leader=1 inc2=1 attack_w=0.4123
DBG depth_guard t=98 remain=0.019 cand_pre=14 depth0=1 depth=0
DBG depth_guard t=99 remain=0.007 cand_pre=22 depth0=0 depth=0
DBG t=99 used=0.005 remain=0.007 turn_time=0.0042 end_in=0.0042 cand_pre=22 cand_cap=12 cand=22->12 pre=22 pick(must/bucket/top/rand)=1/2/7/2 depth0=0 depth=0 dlog=4 dper=5 sims=6428 loop=6416 gen_time=0 eval_time=0.005 best_avg=-1.04828 best_move=0,5 leader=1 inc2=0 attack_w=0.818939
DBG summary depth_guard_fired=2
Score = 80609
=== CASE 0065.txt ===
DBG hdr N=10 M=5 T=100 U=1 VMAX=1735 TIME_LIMIT=1.94 MAX_CAND=20 UCB_C=0.21
DBG t=0 used=0.024 remain=1.94 turn_time=0.0236195 end_in=0.0236195 cand_pre=5 cand_cap=20 cand=5->5 pre=5 pick(must/bucket/top/rand)=1/2/2/0 depth0=7 depth=5 dlog=2 dper=0 sims=5505 loop=5500 gen_time=0 eval_time=0.024 best_avg=-0.946523 best_move=2,6 leader=3 inc2=1 attack_w=0.85
DBG t=12 used=0.023 remain=1.663 turn_time=0.0220253 end_in=0.0220253 cand_pre=13 cand_cap=20 cand=13->13 pre=13 pick(must/bucket/top/rand)=1/6/6/0 depth0=7 depth=4 dlog=3 dper=0 sims=4185 loop=4172 gen_time=0 eval_time=0.023 best_avg=-1.12232 best_move=4,6 leader=3 inc2=1 attack_w=0.85
DBG t=24 used=0.019 remain=1.411 turn_time=0.0189835 end_in=0.0189835 cand_pre=35 cand_cap=20 cand=35->20 pre=35 pick(must/bucket/top/rand)=1/4/11/4 depth0=7 depth=1 dlog=4 dper=2 sims=11420 loop=11400 gen_time=0 eval_time=0.019 best_avg=-0.596923 best_move=2,4 leader=3 inc2=0 attack_w=0.2
DBG t=37 used=0.018 remain=1.132 turn_time=0.0173214 end_in=0.0173214 cand_pre=44 cand_cap=20 cand=44->20 pre=44 pick(must/bucket/top/rand)=1/2/13/4 depth0=10 depth=2 dlog=5 dper=3 sims=5244 loop=5224 gen_time=0 eval_time=0.018 best_avg=-0.49042 best_move=2,7 leader=3 inc2=0 attack_w=0.2
DBG t=49 used=0.022 remain=0.91 turn_time=0.0211441 end_in=0.0211441 cand_pre=10 cand_cap=20 cand=10->10 pre=10 pick(must/bucket/top/rand)=1/5/4/0 depth0=10 depth=7 dlog=3 dper=0 sims=1962 loop=1952 gen_time=0 eval_time=0.022 best_avg=-0.220554 best_move=7,3 leader=3 inc2=0 attack_w=0.2
DBG t=61 used=0.02 remain=0.655 turn_time=0.0190286 end_in=0.0190286 cand_pre=18 cand_cap=20 cand=18->18 pre=18 pick(must/bucket/top/rand)=1/4/11/2 depth0=10 depth=6 dlog=4 dper=0 sims=2302 loop=2284 gen_time=0 eval_time=0.02 best_avg=0.133055 best_move=7,5 leader=2 inc2=1 attack_w=0.2
DBG t=74 used=0.015 remain=0.411 turn_time=0.0149304 end_in=0.0149304 cand_pre=47 cand_cap=20 cand=47->20 pre=47 pick(must/bucket/top/rand)=1/6/9/4 depth0=11 depth=3 dlog=5 dper=3 sims=3184 loop=3164 gen_time=0 eval_time=0.015 best_avg=0.345048 best_move=8,7 leader=2 inc2=1 attack_w=0.2
DBG t=86 used=0.016 remain=0.215 turn_time=0.0151037 end_in=0.0151037 cand_pre=41 cand_cap=20 cand=41->20 pre=41 pick(must/bucket/top/rand)=1/6/9/4 depth0=11 depth=3 dlog=5 dper=3 sims=3004 loop=2984 gen_time=0 eval_time=0.016 best_avg=0.188932 best_move=5,2 leader=2 inc2=1 attack_w=0.2
DBG depth_guard t=99 remain=0.012 cand_pre=16 depth0=0 depth=0
DBG t=99 used=0.008 remain=0.012 turn_time=0.0072 end_in=0.0072 cand_pre=16 cand_cap=12 cand=16->12 pre=16 pick(must/bucket/top/rand)=1/4/5/2 depth0=0 depth=0 dlog=3 dper=2 sims=9500 loop=9488 gen_time=0 eval_time=0.008 best_avg=-0.163582 best_move=8,3 leader=2 inc2=1 attack_w=0.2
DBG summary depth_guard_fired=1
Score = 150603
=== CASE 0067.txt ===
DBG hdr N=10 M=8 T=100 U=2 VMAX=1725 TIME_LIMIT=1.94 MAX_CAND=20 UCB_C=0.21
DBG t=0 used=0.024 remain=1.94 turn_time=0.0236195 end_in=0.0236195 cand_pre=5 cand_cap=20 cand=5->5 pre=5 pick(must/bucket/top/rand)=1/2/2/0 depth0=7 depth=5 dlog=2 dper=0 sims=3717 loop=3712 gen_time=0 eval_time=0.024 best_avg=-0.866584 best_move=8,2 leader=5 inc2=1 attack_w=0.85
DBG t=12 used=0.021 remain=1.671 turn_time=0.0204033 end_in=0.0204033 cand_pre=27 cand_cap=20 cand=27->20 pre=27 pick(must/bucket/top/rand)=1/5/10/4 depth0=7 depth=3 dlog=4 dper=0 sims=4128 loop=4108 gen_time=0 eval_time=0.021 best_avg=-0.427173 best_move=5,7 leader=7 inc2=1 attack_w=0.520465
DBG t=24 used=0.02 remain=1.427 turn_time=0.0191988 end_in=0.0191988 cand_pre=35 cand_cap=20 cand=35->20 pre=35 pick(must/bucket/top/rand)=1/6/9/4 depth0=7 depth=1 dlog=4 dper=2 sims=9516 loop=9496 gen_time=0 eval_time=0.02 best_avg=-0.253864 best_move=6,2 leader=1 inc2=1 attack_w=0.2
DBG t=37 used=0.021 remain=1.174 turn_time=0.0205077 end_in=0.0205077 cand_pre=23 cand_cap=20 cand=23->20 pre=23 pick(must/bucket/top/rand)=1/6/9/4 depth0=10 depth=6 dlog=4 dper=0 sims=1936 loop=1916 gen_time=0 eval_time=0.021 best_avg=-0.458286 best_move=5,8 leader=6 inc2=1 attack_w=0.336032
DBG t=49 used=0.02 remain=0.929 turn_time=0.0194544 end_in=0.0194544 cand_pre=28 cand_cap=20 cand=28->20 pre=28 pick(must/bucket/top/rand)=1/6/9/4 depth0=10 depth=5 dlog=4 dper=1 sims=2100 loop=2080 gen_time=0 eval_time=0.02 best_avg=-0.386315 best_move=8,7 leader=1 inc2=1 attack_w=0.2
DBG t=61 used=0.018 remain=0.693 turn_time=0.017938 end_in=0.017938 cand_pre=37 cand_cap=20 cand=37->20 pre=37 pick(must/bucket/top/rand)=1/6/9/4 depth0=10 depth=3 dlog=5 dper=2 sims=3176 loop=3156 gen_time=0 eval_time=0.018 best_avg=-0.303427 best_move=5,8 leader=1 inc2=1 attack_w=0.2
DBG t=74 used=0.018 remain=0.456 turn_time=0.0174771 end_in=0.0174771 cand_pre=39 cand_cap=20 cand=39->20 pre=39 pick(must/bucket/top/rand)=1/6/9/4 depth0=11 depth=4 dlog=5 dper=2 sims=2284 loop=2264 gen_time=0 eval_time=0.018 best_avg=-0.304828 best_move=7,4 leader=7 inc2=1 attack_w=0.2
DBG t=86 used=0.017 remain=0.246 turn_time=0.0167104 end_in=0.0167104 cand_pre=46 cand_cap=20 cand=46->20 pre=46 pick(must/bucket/top/rand)=1/7/8/4 depth0=11 depth=3 dlog=5 dper=3 sims=2832 loop=2812 gen_time=0 eval_time=0.017 best_avg=-0.235824 best_move=8,8 leader=7 inc2=1 attack_w=0.2
DBG t=99 used=0.013 remain=0.02 turn_time=0.012 end_in=0.012 cand_pre=48 cand_cap=16 cand=48->16 pre=48 pick(must/bucket/top/rand)=1/5/6/4 depth0=0 depth=0 dlog=5 dper=4 sims=14840 loop=14824 gen_time=0 eval_time=0.013 best_avg=-0.183281 best_move=7,8 leader=7 inc2=1 attack_w=0.2
DBG summary depth_guard_fired=0
Score = 122041
=== CASE 0069.txt ===
DBG hdr N=10 M=3 T=100 U=1 VMAX=1051 TIME_LIMIT=1.94 MAX_CAND=20 UCB_C=0.21
DBG t=0 used=0.024 remain=1.94 turn_time=0.0237456 end_in=0.0237456 cand_pre=4 cand_cap=20 cand=4->4 pre=4 pick(must/bucket/top/rand)=1/2/1/0 depth0=7 depth=6 dlog=1 dper=0 sims=6048 loop=6044 gen_time=0 eval_time=0.024 best_avg=-1.34377 best_move=1,8 leader=2 inc2=1 attack_w=0.175441
DBG t=12 used=0.022 remain=1.667 turn_time=0.0214626 end_in=0.0214626 cand_pre=18 cand_cap=20 cand=18->18 pre=18 pick(must/bucket/top/rand)=1/3/12/2 depth0=7 depth=3 dlog=4 dper=0 sims=7438 loop=7420 gen_time=0 eval_time=0.022 best_avg=-1.52497 best_move=4,7 leader=2 inc2=1 attack_w=0.543805
DBG t=24 used=0.02 remain=1.413 turn_time=0.0199772 end_in=0.0199772 cand_pre=27 cand_cap=20 cand=27->20 pre=27 pick(must/bucket/top/rand)=1/6/9/4 depth0=7 depth=2 dlog=4 dper=1 sims=7324 loop=7304 gen_time=0 eval_time=0.02 best_avg=-1.23645 best_move=6,8 leader=1 inc2=1 attack_w=0.2
DBG t=37 used=0.023 remain=1.164 turn_time=0.0226149 end_in=0.0226149 cand_pre=4 cand_cap=20 cand=4->4 pre=4 pick(must/bucket/top/rand)=1/3/0/0 depth0=10 depth=9 dlog=1 dper=0 sims=2264 loop=2260 gen_time=0 eval_time=0.023 best_avg=-0.705874 best_move=3,2 leader=2 inc2=1 attack_w=0.2
DBG t=49 used=0.02 remain=0.907 turn_time=0.0195716 end_in=0.0195716 cand_pre=23 cand_cap=20 cand=23->20 pre=23 pick(must/bucket/top/rand)=1/6/9/4 depth0=10 depth=6 dlog=4 dper=0 sims=3460 loop=3440 gen_time=0 eval_time=0.02 best_avg=-0.429294 best_move=2,2 leader=2 inc2=1 attack_w=0.2
DBG t=61 used=0.018 remain=0.679 turn_time=0.017802 end_in=0.017802 cand_pre=35 cand_cap=20 cand=35->20 pre=35 pick(must/bucket/top/rand)=1/6/9/4 depth0=10 depth=4 dlog=4 dper=2 sims=3844 loop=3824 gen_time=0 eval_time=0.018 best_avg=0.0847753 best_move=2,5 leader=1 inc2=1 attack_w=0.2
DBG t=74 used=0.014 remain=0.449 turn_time=0.0136168 end_in=0.0136168 cand_pre=71 cand_cap=14 cand=71->14 pre=42 pick(must/bucket/top/rand)=1/6/4/3 depth0=11 depth=1 dlog=5 dper=5 sims=7382 loop=7368 gen_time=0 eval_time=0.014 best_avg=0.504929 best_move=2,3 leader=2 inc2=1 attack_w=0.2
DBG t=86 used=0.021 remain=0.262 turn_time=0.0207167 end_in=0.0207167 cand_pre=22 cand_cap=20 cand=22->20 pre=22 pick(must/bucket/top/rand)=1/6/9/4 depth0=11 depth=7 dlog=4 dper=0 sims=2160 loop=2140 gen_time=0 eval_time=0.021 best_avg=0.445031 best_move=4,7 leader=1 inc2=1 attack_w=0.2
DBG t=99 used=0.02 remain=0.032 turn_time=0.0192 end_in=0.0192 cand_pre=70 cand_cap=14 cand=70->14 pre=42 pick(must/bucket/top/rand)=1/6/4/3 depth0=0 depth=0 dlog=5 dper=4 sims=54414 loop=54400 gen_time=0 eval_time=0.02 best_avg=1.02942 best_move=2,4 leader=2 inc2=1 attack_w=0.2
DBG summary depth_guard_fired=0
Score = 325911
=== CASE 0066.txt ===
DBG hdr N=10 M=8 T=100 U=5 VMAX=1914 TIME_LIMIT=1.94 MAX_CAND=20 UCB_C=0.21
DBG t=0 used=0.024 remain=1.94 turn_time=0.0237456 end_in=0.0237456 cand_pre=4 cand_cap=20 cand=4->4 pre=4 pick(must/bucket/top/rand)=1/2/1/0 depth0=7 depth=6 dlog=1 dper=0 sims=3336 loop=3332 gen_time=0 eval_time=0.024 best_avg=-0.75203 best_move=0,5 leader=7 inc2=1 attack_w=0.85
DBG t=12 used=0.023 remain=1.658 turn_time=0.022204 end_in=0.022204 cand_pre=11 cand_cap=20 cand=11->11 pre=11 pick(must/bucket/top/rand)=1/3/7/0 depth0=7 depth=4 dlog=3 dper=0 sims=3999 loop=3988 gen_time=0 eval_time=0.023 best_avg=-0.448206 best_move=1,4 leader=3 inc2=1 attack_w=0.213811
DBG t=24 used=0.022 remain=1.388 turn_time=0.0215231 end_in=0.0215231 cand_pre=11 cand_cap=20 cand=11->11 pre=11 pick(must/bucket/top/rand)=1/4/6/0 depth0=7 depth=4 dlog=3 dper=0 sims=3199 loop=3188 gen_time=0 eval_time=0.022 best_avg=-0.661881 best_move=3,6 leader=4 inc2=1 attack_w=0.566524
DBG t=37 used=0.021 remain=1.11 turn_time=0.020535 end_in=0.020535 cand_pre=13 cand_cap=20 cand=13->13 pre=13 pick(must/bucket/top/rand)=1/3/9/0 depth0=10 depth=7 dlog=3 dper=0 sims=1677 loop=1664 gen_time=0 eval_time=0.021 best_avg=-0.996707 best_move=2,7 leader=4 inc2=1 attack_w=0.85
DBG t=49 used=0.02 remain=0.859 turn_time=0.0196307 end_in=0.0196307 cand_pre=13 cand_cap=20 cand=13->13 pre=13 pick(must/bucket/top/rand)=1/4/8/0 depth0=10 depth=7 dlog=3 dper=0 sims=1629 loop=1616 gen_time=0 eval_time=0.02 best_avg=-1.07444 best_move=0,7 leader=4 inc2=1 attack_w=0.85
DBG t=61 used=0.019 remain=0.623 turn_time=0.0185143 end_in=0.0185143 cand_pre=14 cand_cap=20 cand=14->14 pre=14 pick(must/bucket/top/rand)=1/4/9/0 depth0=10 depth=7 dlog=3 dper=0 sims=1482 loop=1468 gen_time=0 eval_time=0.019 best_avg=-0.947549 best_move=1,8 leader=1 inc2=1 attack_w=0.85
DBG t=74 used=0.017 remain=0.388 turn_time=0.0166168 end_in=0.0166168 cand_pre=21 cand_cap=20 cand=21->20 pre=21 pick(must/bucket/top/rand)=1/5/10/4 depth0=11 depth=7 dlog=4 dper=0 sims=1232 loop=1212 gen_time=0 eval_time=0.017 best_avg=-0.790515 best_move=0,5 leader=1 inc2=1 attack_w=0.85
DBG t=86 used=0.016 remain=0.19 turn_time=0.0151118 end_in=0.0151118 cand_pre=21 cand_cap=20 cand=21->20 pre=21 pick(must/bucket/top/rand)=1/4/11/4 depth0=11 depth=6 dlog=4 dper=1 sims=1292 loop=1272 gen_time=0 eval_time=0.016 best_avg=-0.727644 best_move=1,4 leader=1 inc2=1 attack_w=0.85
DBG depth_guard t=99 remain=0.008 cand_pre=21 depth0=0 depth=0
DBG t=99 used=0.005 remain=0.008 turn_time=0.0048 end_in=0.0048 cand_pre=21 cand_cap=12 cand=21->12 pre=21 pick(must/bucket/top/rand)=1/6/3/2 depth0=0 depth=0 dlog=4 dper=4 sims=3964 loop=3952 gen_time=0 eval_time=0.005 best_avg=-0.637225 best_move=1,3 leader=1 inc2=1 attack_w=0.745585
DBG summary depth_guard_fired=1
Score = 89002
=== CASE 0068.txt ===
DBG hdr N=10 M=4 T=100 U=5 VMAX=1716 TIME_LIMIT=1.94 MAX_CAND=20 UCB_C=0.21
DBG t=0 used=0.024 remain=1.94 turn_time=0.0237456 end_in=0.0237456 cand_pre=4 cand_cap=20 cand=4->4 pre=4 pick(must/bucket/top/rand)=1/2/1/0 depth0=7 depth=6 dlog=1 dper=0 sims=6852 loop=6848 gen_time=0 eval_time=0.024 best_avg=-1.63761 best_move=0,5 leader=3 inc2=1 attack_w=0.85
DBG t=12 used=0.022 remain=1.661 turn_time=0.0212627 end_in=0.0212627 cand_pre=19 cand_cap=20 cand=19->19 pre=19 pick(must/bucket/top/rand)=1/2/13/3 depth0=7 depth=3 dlog=4 dper=0 sims=8355 loop=8336 gen_time=0 eval_time=0.022 best_avg=-1.29622 best_move=3,7 leader=3 inc2=0 attack_w=0.85
DBG t=24 used=0.021 remain=1.405 turn_time=0.0203448 end_in=0.0203448 cand_pre=23 cand_cap=20 cand=23->20 pre=23 pick(must/bucket/top/rand)=1/3/12/4 depth0=7 depth=3 dlog=4 dper=0 sims=6372 loop=6352 gen_time=0 eval_time=0.021 best_avg=-1.29151 best_move=0,4 leader=3 inc2=0 attack_w=0.815703
DBG t=37 used=0.019 remain=1.139 turn_time=0.0189562 end_in=0.0189562 cand_pre=31 cand_cap=20 cand=31->20 pre=31 pick(must/bucket/top/rand)=1/5/10/4 depth0=10 depth=5 dlog=4 dper=1 sims=2792 loop=2772 gen_time=0 eval_time=0.019 best_avg=-1.2543 best_move=0,4 leader=3 inc2=0 attack_w=0.662404
DBG t=49 used=0.019 remain=0.91 turn_time=0.0180126 end_in=0.0180126 cand_pre=37 cand_cap=20 cand=37->20 pre=37 pick(must/bucket/top/rand)=1/6/9/4 depth0=10 depth=3 dlog=5 dper=2 sims=4060 loop=4040 gen_time=0 eval_time=0.019 best_avg=-1.11576 best_move=8,8 leader=3 inc2=0 attack_w=0.43412
DBG t=61 used=0.017 remain=0.697 turn_time=0.0165314 end_in=0.0165314 cand_pre=50 cand_cap=20 cand=50->20 pre=50 pick(must/bucket/top/rand)=1/8/7/4 depth0=10 depth=2 dlog=5 dper=3 sims=5304 loop=5284 gen_time=0 eval_time=0.017 best_avg=-0.97736 best_move=9,2 leader=3 inc2=0 attack_w=0.2
DBG t=74 used=0.016 remain=0.46 turn_time=0.0159054 end_in=0.0159054 cand_pre=54 cand_cap=20 cand=54->20 pre=54 pick(must/bucket/top/rand)=1/6/9/4 depth0=11 depth=2 dlog=5 dper=4 sims=4260 loop=4240 gen_time=0 eval_time=0.016 best_avg=-0.898737 best_move=9,4 leader=3 inc2=0 attack_w=0.2
DBG t=86 used=0.017 remain=0.257 turn_time=0.016861 end_in=0.016861 cand_pre=51 cand_cap=20 cand=51->20 pre=51 pick(must/bucket/top/rand)=1/7/8/4 depth0=11 depth=3 dlog=5 dper=3 sims=3612 loop=3592 gen_time=0 eval_time=0.017 best_avg=-0.824586 best_move=8,8 leader=3 inc2=0 attack_w=0.2
DBG depth_guard t=99 remain=0.016 cand_pre=41 depth0=0 depth=0
DBG t=99 used=0.01 remain=0.016 turn_time=0.0096 end_in=0.0096 cand_pre=41 cand_cap=14 cand=41->14 pre=41 pick(must/bucket/top/rand)=1/5/5/3 depth0=0 depth=0 dlog=5 dper=4 sims=15658 loop=15644 gen_time=0 eval_time=0.01 best_avg=-0.844653 best_move=1,5 leader=3 inc2=1 attack_w=0.2
DBG summary depth_guard_fired=1
Score = 116254
=== CASE 0070.txt ===
DBG hdr N=10 M=5 T=100 U=3 VMAX=1226 TIME_LIMIT=1.94 MAX_CAND=20 UCB_C=0.21
DBG t=0 used=0.024 remain=1.94 turn_time=0.0237456 end_in=0.0237456 cand_pre=4 cand_cap=20 cand=4->4 pre=4 pick(must/bucket/top/rand)=1/2/1/0 depth0=7 depth=6 dlog=1 dper=0 sims=4644 loop=4640 gen_time=0 eval_time=0.024 best_avg=-0.713018 best_move=9,4 leader=4 inc2=1 attack_w=0.483437
DBG t=12 used=0.022 remain=1.661 turn_time=0.0215081 end_in=0.0215081 cand_pre=17 cand_cap=20 cand=17->17 pre=17 pick(must/bucket/top/rand)=1/5/10/1 depth0=7 depth=4 dlog=3 dper=0 sims=4313 loop=4296 gen_time=0 eval_time=0.022 best_avg=-0.608133 best_move=7,5 leader=4 inc2=1 attack_w=0.353896
DBG t=24 used=0.02 remain=1.404 turn_time=0.0196098 end_in=0.0196098 cand_pre=29 cand_cap=20 cand=29->20 pre=29 pick(must/bucket/top/rand)=1/6/9/4 depth0=7 depth=2 dlog=4 dper=1 sims=5880 loop=5860 gen_time=0 eval_time=0.02 best_avg=-0.590762 best_move=8,7 leader=4 inc2=1 attack_w=0.2
DBG t=37 used=0.02 remain=1.144 turn_time=0.0191575 end_in=0.0191575 cand_pre=30 cand_cap=20 cand=30->20 pre=30 pick(must/bucket/top/rand)=1/4/11/4 depth0=10 depth=5 dlog=4 dper=1 sims=2388 loop=2368 gen_time=0 eval_time=0.02 best_avg=-0.654943 best_move=8,7 leader=3 inc2=0 attack_w=0.2
DBG t=49 used=0.019 remain=0.911 turn_time=0.0184969 end_in=0.0184969 cand_pre=33 cand_cap=20 cand=33->20 pre=33 pick(must/bucket/top/rand)=1/4/11/4 depth0=10 depth=5 dlog=4 dper=1 sims=2312 loop=2292 gen_time=0 eval_time=0.019 best_avg=-0.648489 best_move=8,8 leader=3 inc2=0 attack_w=0.2
DBG t=61 used=0.018 remain=0.684 turn_time=0.0179331 end_in=0.0179331 cand_pre=35 cand_cap=20 cand=35->20 pre=35 pick(must/bucket/top/rand)=1/4/11/4 depth0=10 depth=4 dlog=4 dper=2 sims=2676 loop=2656 gen_time=0 eval_time=0.018 best_avg=-0.679578 best_move=8,8 leader=3 inc2=0 attack_w=0.2
DBG t=74 used=0.018 remain=0.45 turn_time=0.0173596 end_in=0.0173596 cand_pre=38 cand_cap=20 cand=38->20 pre=38 pick(must/bucket/top/rand)=1/4/11/4 depth0=11 depth=4 dlog=5 dper=2 sims=2180 loop=2160 gen_time=0 eval_time=0.018 best_avg=-0.712899 best_move=9,4 leader=3 inc2=0 attack_w=0.2
DBG t=86 used=0.017 remain=0.242 turn_time=0.0166634 end_in=0.0166634 cand_pre=44 cand_cap=20 cand=44->20 pre=44 pick(must/bucket/top/rand)=1/6/9/4 depth0=11 depth=3 dlog=5 dper=3 sims=2652 loop=2632 gen_time=0 eval_time=0.017 best_avg=-0.749813 best_move=4,2 leader=3 inc2=0 attack_w=0.2
DBG depth_guard t=99 remain=0.019 cand_pre=50 depth0=0 depth=0
DBG t=99 used=0.012 remain=0.019 turn_time=0.0114 end_in=0.0114 cand_pre=50 cand_cap=16 cand=50->16 pre=48 pick(must/bucket/top/rand)=1/6/5/4 depth0=0 depth=0 dlog=5 dper=4 sims=11932 loop=11916 gen_time=0 eval_time=0.012 best_avg=-0.524243 best_move=2,2 leader=3 inc2=0 attack_w=0.2
DBG summary depth_guard_fired=1
Score = 119723
=== CASE 0071.txt ===
DBG hdr N=10 M=8 T=100 U=4 VMAX=2045 TIME_LIMIT=1.94 MAX_CAND=20 UCB_C=0.21
DBG t=0 used=0.024 remain=1.94 turn_time=0.0237456 end_in=0.0237456 cand_pre=4 cand_cap=20 cand=4->4 pre=4 pick(must/bucket/top/rand)=1/2/1/0 depth0=7 depth=6 dlog=1 dper=0 sims=3484 loop=3480 gen_time=0 eval_time=0.024 best_avg=-0.804207 best_move=3,0 leader=1 inc2=1 attack_w=0.85
DBG t=12 used=0.022 remain=1.664 turn_time=0.0211782 end_in=0.0211782 cand_pre=20 cand_cap=20 cand=20->20 pre=20 pick(must/bucket/top/rand)=1/5/10/4 depth0=7 depth=3 dlog=4 dper=0 sims=4824 loop=4804 gen_time=0 eval_time=0.022 best_avg=-0.17011 best_move=4,4 leader=4 inc2=1 attack_w=0.2
DBG t=24 used=0.021 remain=1.41 turn_time=0.020176 end_in=0.020176 cand_pre=25 cand_cap=20 cand=25->20 pre=25 pick(must/bucket/top/rand)=1/8/7/4 depth0=7 depth=3 dlog=4 dper=0 sims=3860 loop=3840 gen_time=0 eval_time=0.021 best_avg=0.0497266 best_move=6,3 leader=3 inc2=1 attack_w=0.2
DBG t=37 used=0.021 remain=1.14 turn_time=0.0200314 end_in=0.0200314 cand_pre=22 cand_cap=20 cand=22->20 pre=22 pick(must/bucket/top/rand)=1/6/9/4 depth0=10 depth=6 dlog=4 dper=0 sims=1780 loop=1760 gen_time=0 eval_time=0.021 best_avg=-0.0431743 best_move=5,1 leader=1 inc2=1 attack_w=0.2
DBG t=49 used=0.019 remain=0.905 turn_time=0.0186057 end_in=0.0186057 cand_pre=31 cand_cap=20 cand=31->20 pre=31 pick(must/bucket/top/rand)=1/8/7/4 depth0=10 depth=5 dlog=4 dper=1 sims=1864 loop=1844 gen_time=0 eval_time=0.019 best_avg=0.0926925 best_move=4,4 leader=5 inc2=1 attack_w=0.2
DBG t=61 used=0.019 remain=0.677 turn_time=0.0185394 end_in=0.0185394 cand_pre=28 cand_cap=20 cand=28->20 pre=28 pick(must/bucket/top/rand)=1/6/9/4 depth0=10 depth=5 dlog=4 dper=1 sims=2148 loop=2128 gen_time=0 eval_time=0.019 best_avg=-0.309785 best_move=3,3 leader=5 inc2=1 attack_w=0.2
DBG t=74 used=0.018 remain=0.435 turn_time=0.0177597 end_in=0.0177597 cand_pre=29 cand_cap=20 cand=29->20 pre=29 pick(must/bucket/top/rand)=1/7/8/4 depth0=11 depth=6 dlog=4 dper=1 sims=1448 loop=1428 gen_time=0 eval_time=0.018 best_avg=-0.65544 best_move=4,4 leader=5 inc2=1 attack_w=0.220366
DBG t=86 used=0.018 remain=0.219 turn_time=0.0171133 end_in=0.0171133 cand_pre=24 cand_cap=20 cand=24->20 pre=24 pick(must/bucket/top/rand)=1/7/8/4 depth0=11 depth=6 dlog=4 dper=1 sims=1508 loop=1488 gen_time=0 eval_time=0.018 best_avg=-0.61142 best_move=6,4 leader=5 inc2=1 attack_w=0.385199
DBG depth_guard t=99 remain=0.01 cand_pre=24 depth0=0 depth=0
DBG t=99 used=0.007 remain=0.01 turn_time=0.006 end_in=0.006 cand_pre=24 cand_cap=12 cand=24->12 pre=24 pick(must/bucket/top/rand)=1/7/2/2 depth0=0 depth=0 dlog=4 dper=4 sims=6152 loop=6140 gen_time=0 eval_time=0.007 best_avg=-0.583985 best_move=4,1 leader=5 inc2=1 attack_w=0.641938
DBG summary depth_guard_fired=1
Score = 90691
=== CASE 0073.txt ===
DBG hdr N=10 M=3 T=100 U=3 VMAX=2043 TIME_LIMIT=1.94 MAX_CAND=20 UCB_C=0.21
DBG t=0 used=0.024 remain=1.94 turn_time=0.0236195 end_in=0.0236195 cand_pre=5 cand_cap=20 cand=5->5 pre=5 pick(must/bucket/top/rand)=1/2/2/0 depth0=7 depth=5 dlog=2 dper=0 sims=8149 loop=8144 gen_time=0 eval_time=0.024 best_avg=-1.69711 best_move=5,2 leader=2 inc2=1 attack_w=0.641385
DBG t=12 used=0.022 remain=1.662 turn_time=0.02103 end_in=0.02103 cand_pre=21 cand_cap=20 cand=21->20 pre=21 pick(must/bucket/top/rand)=1/7/8/4 depth0=7 depth=3 dlog=4 dper=0 sims=8524 loop=8504 gen_time=0 eval_time=0.022 best_avg=-1.65703 best_move=8,5 leader=2 inc2=1 attack_w=0.757893
DBG t=24 used=0.022 remain=1.399 turn_time=0.0215741 end_in=0.0215741 cand_pre=12 cand_cap=20 cand=12->12 pre=12 pick(must/bucket/top/rand)=1/5/6/0 depth0=7 depth=4 dlog=3 dper=0 sims=7580 loop=7568 gen_time=0 eval_time=0.022 best_avg=-0.920318 best_move=7,8 leader=1 inc2=1 attack_w=0.2
DBG t=37 used=0.02 remain=1.119 turn_time=0.0198933 end_in=0.0198933 cand_pre=20 cand_cap=20 cand=20->20 pre=20 pick(must/bucket/top/rand)=1/7/8/4 depth0=10 depth=6 dlog=4 dper=0 sims=4644 loop=4624 gen_time=0 eval_time=0.02 best_avg=-0.889935 best_move=6,6 leader=1 inc2=1 attack_w=0.2
DBG t=49 used=0.018 remain=0.887 turn_time=0.0175574 end_in=0.0175574 cand_pre=37 cand_cap=20 cand=37->20 pre=37 pick(must/bucket/top/rand)=1/7/8/4 depth0=10 depth=3 dlog=5 dper=2 sims=7048 loop=7028 gen_time=0 eval_time=0.018 best_avg=-0.526791 best_move=7,9 leader=1 inc2=1 attack_w=0.2
DBG t=61 used=0.018 remain=0.671 turn_time=0.0172567 end_in=0.0172567 cand_pre=38 cand_cap=20 cand=38->20 pre=38 pick(must/bucket/top/rand)=1/7/8/4 depth0=10 depth=3 dlog=5 dper=2 sims=6564 loop=6544 gen_time=0 eval_time=0.018 best_avg=-0.353216 best_move=7,8 leader=1 inc2=1 attack_w=0.2
DBG t=74 used=0.017 remain=0.445 turn_time=0.0164992 end_in=0.0164992 cand_pre=44 cand_cap=20 cand=44->20 pre=44 pick(must/bucket/top/rand)=1/7/8/4 depth0=11 depth=3 dlog=5 dper=3 sims=6044 loop=6024 gen_time=0 eval_time=0.017 best_avg=-0.221927 best_move=4,8 leader=1 inc2=1 attack_w=0.2
DBG t=86 used=0.017 remain=0.241 turn_time=0.0162589 end_in=0.0162589 cand_pre=47 cand_cap=20 cand=47->20 pre=47 pick(must/bucket/top/rand)=1/7/8/4 depth0=11 depth=3 dlog=5 dper=3 sims=6080 loop=6060 gen_time=0 eval_time=0.017 best_avg=-0.0795836 best_move=7,6 leader=1 inc2=1 attack_w=0.2
DBG depth_guard t=99 remain=0.018 cand_pre=43 depth0=0 depth=0
DBG t=99 used=0.011 remain=0.018 turn_time=0.0108 end_in=0.0108 cand_pre=43 cand_cap=14 cand=43->14 pre=42 pick(must/bucket/top/rand)=1/6/4/3 depth0=0 depth=0 dlog=5 dper=4 sims=33462 loop=33448 gen_time=0 eval_time=0.011 best_avg=0.0333563 best_move=7,8 leader=1 inc2=1 attack_w=0.2
DBG summary depth_guard_fired=1
Score = 237735
=== CASE 0075.txt ===
DBG hdr N=10 M=6 T=100 U=2 VMAX=1825 TIME_LIMIT=1.94 MAX_CAND=20 UCB_C=0.21
DBG t=0 used=0.024 remain=1.94 turn_time=0.0237456 end_in=0.0237456 cand_pre=4 cand_cap=20 cand=4->4 pre=4 pick(must/bucket/top/rand)=1/2/1/0 depth0=7 depth=6 dlog=1 dper=0 sims=4276 loop=4272 gen_time=0 eval_time=0.024 best_avg=-0.954387 best_move=4,6 leader=3 inc2=1 attack_w=0.85
DBG t=12 used=0.022 remain=1.667 turn_time=0.0212164 end_in=0.0212164 cand_pre=20 cand_cap=20 cand=20->20 pre=20 pick(must/bucket/top/rand)=1/5/10/4 depth0=7 depth=3 dlog=4 dper=0 sims=4944 loop=4924 gen_time=0 eval_time=0.022 best_avg=-0.59196 best_move=3,7 leader=1 inc2=1 attack_w=0.456184
DBG t=24 used=0.02 remain=1.41 turn_time=0.019573 end_in=0.019573 cand_pre=30 cand_cap=20 cand=30->20 pre=30 pick(must/bucket/top/rand)=1/8/7/4 depth0=7 depth=2 dlog=4 dper=1 sims=5196 loop=5176 gen_time=0 eval_time=0.02 best_avg=-0.602841 best_move=4,2 leader=4 inc2=1 attack_w=0.205301
DBG t=37 used=0.019 remain=1.154 turn_time=0.0186105 end_in=0.0186105 cand_pre=36 cand_cap=20 cand=36->20 pre=36 pick(must/bucket/top/rand)=1/8/7/4 depth0=10 depth=3 dlog=5 dper=2 sims=3480 loop=3460 gen_time=0 eval_time=0.019 best_avg=-0.497941 best_move=6,1 leader=4 inc2=1 attack_w=0.2
DBG t=49 used=0.018 remain=0.929 turn_time=0.0177967 end_in=0.0177967 cand_pre=42 cand_cap=20 cand=42->20 pre=42 pick(must/bucket/top/rand)=1/8/7/4 depth0=10 depth=3 dlog=5 dper=2 sims=3084 loop=3064 gen_time=0 eval_time=0.018 best_avg=-0.488654 best_move=3,2 leader=5 inc2=1 attack_w=0.2
DBG t=61 used=0.018 remain=0.713 turn_time=0.0179804 end_in=0.0179804 cand_pre=41 cand_cap=20 cand=41->20 pre=41 pick(must/bucket/top/rand)=1/7/8/4 depth0=10 depth=3 dlog=5 dper=2 sims=2952 loop=2932 gen_time=0 eval_time=0.018 best_avg=-0.486622 best_move=7,0 leader=4 inc2=1 attack_w=0.2
DBG t=74 used=0.017 remain=0.466 turn_time=0.0169283 end_in=0.0169283 cand_pre=47 cand_cap=20 cand=47->20 pre=47 pick(must/bucket/top/rand)=1/6/9/4 depth0=11 depth=3 dlog=5 dper=3 sims=2624 loop=2604 gen_time=0 eval_time=0.017 best_avg=-0.53121 best_move=7,0 leader=4 inc2=1 attack_w=0.2
DBG t=86 used=0.017 remain=0.239 turn_time=0.0169007 end_in=0.0169007 cand_pre=40 cand_cap=20 cand=40->20 pre=40 pick(must/bucket/top/rand)=1/7/8/4 depth0=11 depth=4 dlog=5 dper=2 sims=2100 loop=2080 gen_time=0 eval_time=0.017 best_avg=-0.587547 best_move=4,3 leader=4 inc2=1 attack_w=0.213139
DBG depth_guard t=99 remain=0.017 cand_pre=43 depth0=0 depth=0
DBG t=99 used=0.011 remain=0.017 turn_time=0.0102 end_in=0.0102 cand_pre=43 cand_cap=14 cand=43->14 pre=42 pick(must/bucket/top/rand)=1/8/2/3 depth0=0 depth=0 dlog=5 dper=4 sims=11690 loop=11676 gen_time=0 eval_time=0.011 best_avg=-0.493072 best_move=3,5 leader=5 inc2=1 attack_w=0.2
DBG summary depth_guard_fired=1
Score = 109992
=== CASE 0072.txt ===
DBG hdr N=10 M=7 T=100 U=5 VMAX=1951 TIME_LIMIT=1.94 MAX_CAND=20 UCB_C=0.21
DBG t=0 used=0.024 remain=1.94 turn_time=0.0237456 end_in=0.0237456 cand_pre=4 cand_cap=20 cand=4->4 pre=4 pick(must/bucket/top/rand)=1/2/1/0 depth0=7 depth=6 dlog=1 dper=0 sims=4196 loop=4192 gen_time=0 eval_time=0.024 best_avg=-0.650402 best_move=9,8 leader=4 inc2=1 attack_w=0.794696
DBG t=12 used=0.023 remain=1.656 turn_time=0.0225442 end_in=0.0225442 cand_pre=8 cand_cap=20 cand=8->8 pre=8 pick(must/bucket/top/rand)=1/6/1/0 depth0=7 depth=5 dlog=2 dper=0 sims=3200 loop=3192 gen_time=0 eval_time=0.023 best_avg=-0.336687 best_move=9,8 leader=6 inc2=1 attack_w=0.2
DBG t=24 used=0.022 remain=1.382 turn_time=0.0217847 end_in=0.0217847 cand_pre=8 cand_cap=20 cand=8->8 pre=8 pick(must/bucket/top/rand)=1/4/3/0 depth0=7 depth=5 dlog=2 dper=0 sims=2636 loop=2628 gen_time=0 eval_time=0.022 best_avg=-0.318865 best_move=9,6 leader=5 inc2=1 attack_w=0.2
DBG t=37 used=0.021 remain=1.099 turn_time=0.0206717 end_in=0.0206717 cand_pre=10 cand_cap=20 cand=10->10 pre=10 pick(must/bucket/top/rand)=1/3/6/0 depth0=10 depth=7 dlog=3 dper=0 sims=2154 loop=2144 gen_time=0 eval_time=0.021 best_avg=-0.23764 best_move=8,6 leader=5 inc2=1 attack_w=0.2
DBG t=49 used=0.02 remain=0.853 turn_time=0.0194936 end_in=0.0194936 cand_pre=13 cand_cap=20 cand=13->13 pre=13 pick(must/bucket/top/rand)=1/5/7/0 depth0=10 depth=7 dlog=3 dper=0 sims=1749 loop=1736 gen_time=0 eval_time=0.02 best_avg=-0.339676 best_move=7,6 leader=5 inc2=1 attack_w=0.2
DBG t=61 used=0.019 remain=0.621 turn_time=0.0180408 end_in=0.0180408 cand_pre=18 cand_cap=20 cand=18->18 pre=18 pick(must/bucket/top/rand)=1/5/10/2 depth0=10 depth=6 dlog=4 dper=0 sims=1938 loop=1920 gen_time=0 eval_time=0.019 best_avg=-0.478714 best_move=9,6 leader=5 inc2=1 attack_w=0.2
DBG t=74 used=0.017 remain=0.386 turn_time=0.0165312 end_in=0.0165312 cand_pre=21 cand_cap=20 cand=21->20 pre=21 pick(must/bucket/top/rand)=1/7/8/4 depth0=11 depth=7 dlog=4 dper=0 sims=1340 loop=1320 gen_time=0 eval_time=0.017 best_avg=-0.525515 best_move=8,7 leader=5 inc2=1 attack_w=0.2
DBG t=86 used=0.016 remain=0.189 turn_time=0.0150323 end_in=0.0150322 cand_pre=21 cand_cap=20 cand=21->20 pre=21 pick(must/bucket/top/rand)=1/4/11/4 depth0=11 depth=6 dlog=4 dper=1 sims=1484 loop=1464 gen_time=0 eval_time=0.016 best_avg=-0.586342 best_move=5,8 leader=5 inc2=1 attack_w=0.312375
DBG depth_guard t=99 remain=0.009 cand_pre=24 depth0=0 depth=0
DBG t=99 used=0.006 remain=0.009 turn_time=0.0054 end_in=0.0054 cand_pre=24 cand_cap=12 cand=24->12 pre=24 pick(must/bucket/top/rand)=1/4/5/2 depth0=0 depth=0 dlog=4 dper=4 sims=5636 loop=5624 gen_time=0 eval_time=0.006 best_avg=-0.488759 best_move=5,8 leader=5 inc2=1 attack_w=0.207046
DBG summary depth_guard_fired=1
Score = 103322
=== CASE 0074.txt ===
DBG hdr N=10 M=6 T=100 U=3 VMAX=1639 TIME_LIMIT=1.94 MAX_CAND=20 UCB_C=0.21
DBG t=0 used=0.024 remain=1.94 turn_time=0.0237456 end_in=0.0237456 cand_pre=4 cand_cap=20 cand=4->4 pre=4 pick(must/bucket/top/rand)=1/2/1/0 depth0=7 depth=6 dlog=1 dper=0 sims=4264 loop=4260 gen_time=0 eval_time=0.024 best_avg=-0.885554 best_move=0,0 leader=5 inc2=1 attack_w=0.85
DBG t=12 used=0.021 remain=1.665 turn_time=0.0209449 end_in=0.0209449 cand_pre=22 cand_cap=20 cand=22->20 pre=22 pick(must/bucket/top/rand)=1/5/10/4 depth0=7 depth=3 dlog=4 dper=0 sims=5064 loop=5044 gen_time=0 eval_time=0.021 best_avg=-0.708746 best_move=3,5 leader=3 inc2=1 attack_w=0.85
DBG t=24 used=0.021 remain=1.413 turn_time=0.0207023 end_in=0.0207023 cand_pre=21 cand_cap=20 cand=21->20 pre=21 pick(must/bucket/top/rand)=1/5/10/4 depth0=7 depth=3 dlog=4 dper=0 sims=4704 loop=4684 gen_time=0 eval_time=0.021 best_avg=-0.764602 best_move=4,5 leader=3 inc2=1 attack_w=0.665525
DBG t=37 used=0.02 remain=1.147 turn_time=0.0195627 end_in=0.0195627 cand_pre=27 cand_cap=20 cand=27->20 pre=27 pick(must/bucket/top/rand)=1/7/8/4 depth0=10 depth=5 dlog=4 dper=1 sims=2428 loop=2408 gen_time=0 eval_time=0.02 best_avg=-0.766834 best_move=5,4 leader=2 inc2=1 attack_w=0.389769
DBG t=49 used=0.02 remain=0.908 turn_time=0.0190146 end_in=0.0190146 cand_pre=28 cand_cap=20 cand=28->20 pre=28 pick(must/bucket/top/rand)=1/6/9/4 depth0=10 depth=5 dlog=4 dper=1 sims=2304 loop=2284 gen_time=0 eval_time=0.02 best_avg=-0.813148 best_move=5,4 leader=2 inc2=1 attack_w=0.542753
DBG t=61 used=0.019 remain=0.678 turn_time=0.0186798 end_in=0.0186798 cand_pre=27 cand_cap=20 cand=27->20 pre=27 pick(must/bucket/top/rand)=1/7/8/4 depth0=10 depth=5 dlog=4 dper=1 sims=2244 loop=2224 gen_time=0 eval_time=0.019 best_avg=-0.956995 best_move=0,3 leader=2 inc2=1 attack_w=0.586642
DBG t=74 used=0.018 remain=0.439 turn_time=0.017923 end_in=0.017923 cand_pre=29 cand_cap=20 cand=29->20 pre=29 pick(must/bucket/top/rand)=1/7/8/4 depth0=11 depth=6 dlog=4 dper=1 sims=1820 loop=1800 gen_time=0 eval_time=0.018 best_avg=-0.932476 best_move=5,5 leader=2 inc2=1 attack_w=0.789439
DBG t=86 used=0.018 remain=0.213 turn_time=0.0173367 end_in=0.0173367 cand_pre=17 cand_cap=20 cand=17->17 pre=17 pick(must/bucket/top/rand)=1/6/9/1 depth0=11 depth=6 dlog=3 dper=0 sims=2205 loop=2188 gen_time=0 eval_time=0.018 best_avg=-0.82424 best_move=3,4 leader=2 inc2=1 attack_w=0.57014
DBG depth_guard t=99 remain=0.009 cand_pre=18 depth0=0 depth=0
DBG t=99 used=0.006 remain=0.009 turn_time=0.0054 end_in=0.0054 cand_pre=18 cand_cap=12 cand=18->12 pre=18 pick(must/bucket/top/rand)=1/6/3/2 depth0=0 depth=0 dlog=4 dper=4 sims=7920 loop=7908 gen_time=0 eval_time=0.006 best_avg=-1.00625 best_move=5,5 leader=2 inc2=1 attack_w=0.85
DBG summary depth_guard_fired=1
Score = 75139
=== CASE 0076.txt ===
DBG hdr N=10 M=2 T=100 U=5 VMAX=1499 TIME_LIMIT=1.94 MAX_CAND=20 UCB_C=0.21
DBG t=0 used=0.024 remain=1.94 turn_time=0.0236195 end_in=0.0236195 cand_pre=5 cand_cap=20 cand=5->5 pre=5 pick(must/bucket/top/rand)=1/2/2/0 depth0=7 depth=5 dlog=2 dper=0 sims=10289 loop=10284 gen_time=0 eval_time=0.024 best_avg=-2.37804 best_move=7,3 leader=1 inc2=1 attack_w=0.13
DBG t=12 used=0.022 remain=1.659 turn_time=0.0218498 end_in=0.0218498 cand_pre=14 cand_cap=20 cand=14->14 pre=14 pick(must/bucket/top/rand)=1/2/11/0 depth0=7 depth=4 dlog=3 dper=0 sims=9338 loop=9324 gen_time=0 eval_time=0.022 best_avg=-2.59133 best_move=8,4 leader=1 inc2=1 attack_w=0.2
DBG t=24 used=0.022 remain=1.395 turn_time=0.0210351 end_in=0.0210351 cand_pre=16 cand_cap=20 cand=16->16 pre=16 pick(must/bucket/top/rand)=1/2/13/0 depth0=7 depth=4 dlog=3 dper=0 sims=8012 loop=7996 gen_time=0 eval_time=0.022 best_avg=-2.69034 best_move=7,4 leader=1 inc2=1 attack_w=0.2
DBG t=37 used=0.02 remain=1.126 turn_time=0.0197854 end_in=0.0197854 cand_pre=22 cand_cap=20 cand=22->20 pre=22 pick(must/bucket/top/rand)=1/2/13/4 depth0=10 depth=6 dlog=4 dper=0 sims=3980 loop=3960 gen_time=0 eval_time=0.02 best_avg=-2.80356 best_move=9,2 leader=1 inc2=1 attack_w=0.2
DBG t=49 used=0.019 remain=0.89 turn_time=0.0188645 end_in=0.0188645 cand_pre=26 cand_cap=20 cand=26->20 pre=26 pick(must/bucket/top/rand)=1/2/13/4 depth0=10 depth=5 dlog=4 dper=1 sims=4396 loop=4376 gen_time=0 eval_time=0.019 best_avg=-2.86755 best_move=7,5 leader=1 inc2=1 attack_w=0.2
DBG t=61 used=0.019 remain=0.662 turn_time=0.0181286 end_in=0.0181286 cand_pre=28 cand_cap=20 cand=28->20 pre=28 pick(must/bucket/top/rand)=1/2/13/4 depth0=10 depth=5 dlog=4 dper=1 sims=3952 loop=3932 gen_time=0 eval_time=0.019 best_avg=-2.93869 best_move=7,5 leader=1 inc2=1 attack_w=0.2
DBG t=74 used=0.017 remain=0.426 turn_time=0.0169663 end_in=0.0169663 cand_pre=33 cand_cap=20 cand=33->20 pre=33 pick(must/bucket/top/rand)=1/3/12/4 depth0=11 depth=5 dlog=4 dper=2 sims=3028 loop=3008 gen_time=0 eval_time=0.017 best_avg=-2.96857 best_move=8,8 leader=1 inc2=1 attack_w=0.2
DBG t=86 used=0.016 remain=0.223 turn_time=0.0157693 end_in=0.0157693 cand_pre=40 cand_cap=20 cand=40->20 pre=40 pick(must/bucket/top/rand)=1/6/9/4 depth0=11 depth=3 dlog=5 dper=3 sims=4332 loop=4312 gen_time=0 eval_time=0.016 best_avg=-2.99149 best_move=4,6 leader=1 inc2=1 attack_w=0.2
DBG depth_guard t=99 remain=0.016 cand_pre=47 depth0=0 depth=0
DBG t=99 used=0.01 remain=0.016 turn_time=0.0096 end_in=0.0096 cand_pre=47 cand_cap=14 cand=47->14 pre=42 pick(must/bucket/top/rand)=1/7/3/3 depth0=0 depth=0 dlog=5 dper=5 sims=37362 loop=37348 gen_time=0 eval_time=0.01 best_avg=-2.94011 best_move=6,8 leader=1 inc2=1 attack_w=0.2
DBG summary depth_guard_fired=1
Score = 135498
=== CASE 0077.txt ===
DBG hdr N=10 M=5 T=100 U=4 VMAX=2029 TIME_LIMIT=1.94 MAX_CAND=20 UCB_C=0.21
DBG t=0 used=0.024 remain=1.94 turn_time=0.0238717 end_in=0.0238717 cand_pre=3 cand_cap=20 cand=3->3 pre=3 pick(must/bucket/top/rand)=1/2/0/0 depth0=7 depth=6 dlog=1 dper=0 sims=5371 loop=5368 gen_time=0 eval_time=0.024 best_avg=-1.0612 best_move=9,9 leader=3 inc2=1 attack_w=0.814863
DBG t=12 used=0.023 remain=1.656 turn_time=0.0224219 end_in=0.0224219 cand_pre=9 cand_cap=20 cand=9->9 pre=9 pick(must/bucket/top/rand)=1/2/6/0 depth0=7 depth=4 dlog=3 dper=0 sims=4929 loop=4920 gen_time=0 eval_time=0.023 best_avg=-0.88905 best_move=9,8 leader=3 inc2=0 attack_w=0.433177
DBG t=24 used=0.021 remain=1.389 turn_time=0.0207071 end_in=0.0207071 cand_pre=18 cand_cap=20 cand=18->18 pre=18 pick(must/bucket/top/rand)=1/4/11/2 depth0=7 depth=3 dlog=4 dper=0 sims=5082 loop=5064 gen_time=0 eval_time=0.021 best_avg=-1.03057 best_move=9,6 leader=3 inc2=0 attack_w=0.674622
DBG t=37 used=0.02 remain=1.119 turn_time=0.0194315 end_in=0.0194315 cand_pre=24 cand_cap=20 cand=24->20 pre=24 pick(must/bucket/top/rand)=1/4/11/4 depth0=10 depth=6 dlog=4 dper=0 sims=2404 loop=2384 gen_time=0 eval_time=0.02 best_avg=-1.05179 best_move=4,7 leader=3 inc2=0 attack_w=0.436825
DBG t=49 used=0.019 remain=0.889 turn_time=0.0180502 end_in=0.0180502 cand_pre=33 cand_cap=20 cand=33->20 pre=33 pick(must/bucket/top/rand)=1/6/9/4 depth0=10 depth=4 dlog=4 dper=2 sims=2636 loop=2616 gen_time=0 eval_time=0.019 best_avg=-0.917952 best_move=2,4 leader=3 inc2=1 attack_w=0.404315
DBG t=61 used=0.019 remain=0.66 turn_time=0.0188438 end_in=0.0188438 cand_pre=21 cand_cap=20 cand=21->20 pre=21 pick(must/bucket/top/rand)=1/8/7/4 depth0=10 depth=6 dlog=4 dper=0 sims=2088 loop=2068 gen_time=0 eval_time=0.019 best_avg=-0.788241 best_move=1,4 leader=2 inc2=1 attack_w=0.2
DBG t=74 used=0.017 remain=0.431 turn_time=0.0163034 end_in=0.0163034 cand_pre=41 cand_cap=20 cand=41->20 pre=41 pick(must/bucket/top/rand)=1/8/7/4 depth0=11 depth=3 dlog=5 dper=3 sims=3060 loop=3040 gen_time=0 eval_time=0.017 best_avg=-0.657878 best_move=9,6 leader=1 inc2=1 attack_w=0.2
DBG t=86 used=0.015 remain=0.221 turn_time=0.0143966 end_in=0.0143966 cand_pre=52 cand_cap=20 cand=52->20 pre=52 pick(must/bucket/top/rand)=1/8/7/4 depth0=11 depth=2 dlog=5 dper=4 sims=3500 loop=3480 gen_time=0 eval_time=0.015 best_avg=-0.651893 best_move=6,3 leader=1 inc2=1 attack_w=0.2
DBG depth_guard t=99 remain=0.017 cand_pre=46 depth0=0 depth=0
DBG t=99 used=0.011 remain=0.017 turn_time=0.0102 end_in=0.0102 cand_pre=46 cand_cap=14 cand=46->14 pre=42 pick(must/bucket/top/rand)=1/8/2/3 depth0=0 depth=0 dlog=5 dper=4 sims=12334 loop=12320 gen_time=0 eval_time=0.011 best_avg=-0.614341 best_move=6,5 leader=1 inc2=1 attack_w=0.2
DBG summary depth_guard_fired=1
Score = 115864
=== CASE 0080.txt ===
DBG hdr N=10 M=2 T=100 U=2 VMAX=1532 TIME_LIMIT=1.94 MAX_CAND=20 UCB_C=0.21
DBG t=0 used=0.024 remain=1.94 turn_time=0.0237456 end_in=0.0237456 cand_pre=4 cand_cap=20 cand=4->4 pre=4 pick(must/bucket/top/rand)=1/2/1/0 depth0=7 depth=6 dlog=1 dper=0 sims=8440 loop=8436 gen_time=0 eval_time=0.024 best_avg=-2.75598 best_move=3,8 leader=1 inc2=1 attack_w=0.557008
DBG t=12 used=0.021 remain=1.673 turn_time=0.0206749 end_in=0.0206749 cand_pre=25 cand_cap=20 cand=25->20 pre=25 pick(must/bucket/top/rand)=1/4/11/4 depth0=7 depth=3 dlog=4 dper=0 sims=9612 loop=9592 gen_time=0 eval_time=0.021 best_avg=-2.40021 best_move=6,3 leader=1 inc2=1 attack_w=0.2
DBG t=24 used=0.02 remain=1.409 turn_time=0.0190771 end_in=0.0190771 cand_pre=34 cand_cap=20 cand=34->20 pre=34 pick(must/bucket/top/rand)=1/8/7/4 depth0=7 depth=2 dlog=4 dper=1 sims=14156 loop=14136 gen_time=0 eval_time=0.02 best_avg=-1.387 best_move=6,5 leader=1 inc2=1 attack_w=0.2
DBG t=37 used=0.018 remain=1.16 turn_time=0.0179892 end_in=0.0179892 cand_pre=42 cand_cap=20 cand=42->20 pre=42 pick(must/bucket/top/rand)=1/7/8/4 depth0=10 depth=3 dlog=5 dper=2 sims=8720 loop=8700 gen_time=0 eval_time=0.018 best_avg=-0.93621 best_move=3,3 leader=1 inc2=1 attack_w=0.13
DBG t=49 used=0.018 remain=0.943 turn_time=0.0177044 end_in=0.0177044 cand_pre=45 cand_cap=20 cand=45->20 pre=45 pick(must/bucket/top/rand)=1/3/12/4 depth0=10 depth=2 dlog=5 dper=3 sims=11328 loop=11308 gen_time=0 eval_time=0.018 best_avg=0.245183 best_move=7,4 leader=1 inc2=1 attack_w=0.13
DBG t=61 used=0.018 remain=0.727 turn_time=0.0176064 end_in=0.0176064 cand_pre=47 cand_cap=20 cand=47->20 pre=47 pick(must/bucket/top/rand)=1/3/12/4 depth0=10 depth=2 dlog=5 dper=3 sims=11124 loop=11104 gen_time=0 eval_time=0.018 best_avg=0.386899 best_move=5,2 leader=1 inc2=1 attack_w=0.13
DBG t=74 used=0.018 remain=0.493 turn_time=0.0171697 end_in=0.0171697 cand_pre=53 cand_cap=20 cand=53->20 pre=53 pick(must/bucket/top/rand)=1/4/11/4 depth0=11 depth=3 dlog=5 dper=3 sims=7232 loop=7212 gen_time=0 eval_time=0.018 best_avg=-0.106735 best_move=4,3 leader=1 inc2=1 attack_w=0.13
DBG t=86 used=0.018 remain=0.278 turn_time=0.0173353 end_in=0.0173353 cand_pre=58 cand_cap=20 cand=58->20 pre=58 pick(must/bucket/top/rand)=1/5/10/4 depth0=11 depth=2 dlog=5 dper=4 sims=9832 loop=9812 gen_time=0 eval_time=0.018 best_avg=0.133818 best_move=4,4 leader=1 inc2=1 attack_w=0.13
DBG t=99 used=0.017 remain=0.028 turn_time=0.0168 end_in=0.0168 cand_pre=60 cand_cap=20 cand=60->20 pre=60 pick(must/bucket/top/rand)=1/3/12/4 depth0=0 depth=0 dlog=5 dper=4 sims=68052 loop=68032 gen_time=0 eval_time=0.017 best_avg=1.57299 best_move=4,3 leader=1 inc2=1 attack_w=0.13
DBG summary depth_guard_fired=0
Score = 538817
=== CASE 0079.txt ===
DBG hdr N=10 M=5 T=100 U=1 VMAX=1929 TIME_LIMIT=1.94 MAX_CAND=20 UCB_C=0.21
DBG t=0 used=0.024 remain=1.94 turn_time=0.0238717 end_in=0.0238717 cand_pre=3 cand_cap=20 cand=3->3 pre=3 pick(must/bucket/top/rand)=1/2/0/0 depth0=7 depth=6 dlog=1 dper=0 sims=4339 loop=4336 gen_time=0 eval_time=0.024 best_avg=-1.00345 best_move=1,9 leader=3 inc2=1 attack_w=0.85
DBG t=12 used=0.021 remain=1.666 turn_time=0.0208345 end_in=0.0208345 cand_pre=23 cand_cap=20 cand=23->20 pre=23 pick(must/bucket/top/rand)=1/5/10/4 depth0=7 depth=3 dlog=4 dper=0 sims=5648 loop=5628 gen_time=0 eval_time=0.021 best_avg=-0.439187 best_move=7,7 leader=2 inc2=1 attack_w=0.2
DBG t=24 used=0.02 remain=1.425 turn_time=0.0191719 end_in=0.0191719 cand_pre=35 cand_cap=20 cand=35->20 pre=35 pick(must/bucket/top/rand)=1/5/10/4 depth0=7 depth=1 dlog=4 dper=2 sims=16592 loop=16572 gen_time=0 eval_time=0.02 best_avg=0.162045 best_move=5,9 leader=4 inc2=0 attack_w=0.2
DBG t=37 used=0.021 remain=1.16 turn_time=0.0206222 end_in=0.0206222 cand_pre=20 cand_cap=20 cand=20->20 pre=20 pick(must/bucket/top/rand)=1/6/9/4 depth0=10 depth=6 dlog=4 dper=0 sims=3104 loop=3084 gen_time=0 eval_time=0.021 best_avg=0.302909 best_move=9,7 leader=4 inc2=1 attack_w=0.2
DBG t=49 used=0.017 remain=0.937 turn_time=0.0169946 end_in=0.0169946 cand_pre=50 cand_cap=20 cand=50->20 pre=50 pick(must/bucket/top/rand)=1/6/9/4 depth0=10 depth=2 dlog=5 dper=3 sims=7560 loop=7540 gen_time=0 eval_time=0.017 best_avg=0.835996 best_move=6,9 leader=2 inc2=0 attack_w=0.2
DBG t=61 used=0.017 remain=0.72 turn_time=0.0168369 end_in=0.0168369 cand_pre=52 cand_cap=20 cand=52->20 pre=52 pick(must/bucket/top/rand)=1/5/10/4 depth0=10 depth=2 dlog=5 dper=3 sims=6796 loop=6776 gen_time=0 eval_time=0.017 best_avg=0.731993 best_move=6,7 leader=2 inc2=0 attack_w=0.2
DBG t=74 used=0.017 remain=0.493 turn_time=0.0169232 end_in=0.0169232 cand_pre=55 cand_cap=20 cand=55->20 pre=55 pick(must/bucket/top/rand)=1/5/10/4 depth0=11 depth=3 dlog=5 dper=3 sims=4380 loop=4360 gen_time=0 eval_time=0.017 best_avg=1.08076 best_move=8,7 leader=4 inc2=0 attack_w=0.2
DBG t=86 used=0.018 remain=0.282 turn_time=0.0171919 end_in=0.0171919 cand_pre=61 cand_cap=14 cand=61->14 pre=42 pick(must/bucket/top/rand)=1/4/6/3 depth0=11 depth=2 dlog=5 dper=4 sims=8074 loop=8060 gen_time=0 eval_time=0.018 best_avg=1.38442 best_move=6,9 leader=3 inc2=0 attack_w=0.2
DBG t=99 used=0.016 remain=0.025 turn_time=0.015 end_in=0.015 cand_pre=65 cand_cap=14 cand=65->14 pre=42 pick(must/bucket/top/rand)=1/6/4/3 depth0=0 depth=0 dlog=5 dper=4 sims=44642 loop=44628 gen_time=0 eval_time=0.016 best_avg=1.8066 best_move=8,8 leader=1 inc2=0 attack_w=0.2
DBG summary depth_guard_fired=0
Score = 382780
=== CASE 0081.txt ===
DBG hdr N=10 M=3 T=100 U=5 VMAX=1476 TIME_LIMIT=1.94 MAX_CAND=20 UCB_C=0.21
DBG t=0 used=0.024 remain=1.94 turn_time=0.0236195 end_in=0.0236195 cand_pre=5 cand_cap=20 cand=5->5 pre=5 pick(must/bucket/top/rand)=1/2/2/0 depth0=7 depth=5 dlog=2 dper=0 sims=7989 loop=7984 gen_time=0 eval_time=0.024 best_avg=-1.5966 best_move=2,3 leader=2 inc2=1 attack_w=0.85
DBG t=12 used=0.022 remain=1.666 turn_time=0.0214498 end_in=0.0214497 cand_pre=18 cand_cap=20 cand=18->18 pre=18 pick(must/bucket/top/rand)=1/5/10/2 depth0=7 depth=3 dlog=4 dper=0 sims=10178 loop=10160 gen_time=0 eval_time=0.022 best_avg=-1.48604 best_move=4,4 leader=2 inc2=1 attack_w=0.396818
DBG t=24 used=0.022 remain=1.401 turn_time=0.0216049 end_in=0.0216049 cand_pre=12 cand_cap=20 cand=12->12 pre=12 pick(must/bucket/top/rand)=1/6/5/0 depth0=7 depth=4 dlog=3 dper=0 sims=8328 loop=8316 gen_time=0 eval_time=0.022 best_avg=-0.664534 best_move=6,3 leader=2 inc2=1 attack_w=0.2
DBG t=37 used=0.018 remain=1.138 turn_time=0.0178829 end_in=0.0178829 cand_pre=40 cand_cap=20 cand=40->20 pre=40 pick(must/bucket/top/rand)=1/8/7/4 depth0=10 depth=3 dlog=5 dper=2 sims=7256 loop=7236 gen_time=0 eval_time=0.018 best_avg=-0.318226 best_move=4,5 leader=2 inc2=1 attack_w=0.13
DBG t=49 used=0.017 remain=0.922 turn_time=0.0169576 end_in=0.0169576 cand_pre=48 cand_cap=20 cand=48->20 pre=48 pick(must/bucket/top/rand)=1/7/8/4 depth0=10 depth=2 dlog=5 dper=3 sims=8792 loop=8772 gen_time=0 eval_time=0.017 best_avg=-0.115594 best_move=5,9 leader=2 inc2=1 attack_w=0.2
DBG t=61 used=0.017 remain=0.71 turn_time=0.0169581 end_in=0.0169581 cand_pre=49 cand_cap=20 cand=49->20 pre=49 pick(must/bucket/top/rand)=1/7/8/4 depth0=10 depth=2 dlog=5 dper=3 sims=8856 loop=8836 gen_time=0 eval_time=0.017 best_avg=0.186998 best_move=4,5 leader=2 inc2=1 attack_w=0.13
DBG t=74 used=0.018 remain=0.48 turn_time=0.0170769 end_in=0.0170769 cand_pre=50 cand_cap=20 cand=50->20 pre=50 pick(must/bucket/top/rand)=1/6/9/4 depth0=11 depth=3 dlog=5 dper=3 sims=6624 loop=6604 gen_time=0 eval_time=0.018 best_avg=0.509076 best_move=4,8 leader=1 inc2=1 attack_w=0.2
DBG t=86 used=0.018 remain=0.268 turn_time=0.0173339 end_in=0.0173339 cand_pre=53 cand_cap=20 cand=53->20 pre=53 pick(must/bucket/top/rand)=1/6/9/4 depth0=11 depth=3 dlog=5 dper=3 sims=6376 loop=6356 gen_time=0 eval_time=0.018 best_avg=0.678116 best_move=5,7 leader=1 inc2=1 attack_w=0.2
DBG t=99 used=0.014 remain=0.023 turn_time=0.0138 end_in=0.0138 cand_pre=54 cand_cap=16 cand=54->16 pre=48 pick(must/bucket/top/rand)=1/8/3/4 depth0=0 depth=0 dlog=5 dper=4 sims=42796 loop=42780 gen_time=0 eval_time=0.014 best_avg=0.706696 best_move=3,6 leader=1 inc2=1 attack_w=0.2
DBG summary depth_guard_fired=0
Score = 316608
=== CASE 0078.txt ===
DBG hdr N=10 M=6 T=100 U=4 VMAX=1796 TIME_LIMIT=1.94 MAX_CAND=20 UCB_C=0.21
DBG t=0 used=0.024 remain=1.94 turn_time=0.0237456 end_in=0.0237456 cand_pre=4 cand_cap=20 cand=4->4 pre=4 pick(must/bucket/top/rand)=1/2/1/0 depth0=7 depth=6 dlog=1 dper=0 sims=3604 loop=3600 gen_time=0 eval_time=0.024 best_avg=-1.03698 best_move=6,1 leader=2 inc2=1 attack_w=0.85
DBG t=12 used=0.022 remain=1.668 turn_time=0.0219683 end_in=0.0219683 cand_pre=14 cand_cap=20 cand=14->14 pre=14 pick(must/bucket/top/rand)=1/2/11/0 depth0=7 depth=4 dlog=3 dper=0 sims=3826 loop=3812 gen_time=0 eval_time=0.022 best_avg=-0.819358 best_move=5,3 leader=1 inc2=1 attack_w=0.85
DBG t=24 used=0.021 remain=1.406 turn_time=0.0208403 end_in=0.0208403 cand_pre=19 cand_cap=20 cand=19->19 pre=19 pick(must/bucket/top/rand)=1/4/11/3 depth0=7 depth=3 dlog=4 dper=0 sims=5027 loop=5008 gen_time=0 eval_time=0.021 best_avg=-0.644145 best_move=4,3 leader=4 inc2=1 attack_w=0.496685
DBG t=37 used=0.02 remain=1.139 turn_time=0.0193088 end_in=0.0193088 cand_pre=28 cand_cap=20 cand=28->20 pre=28 pick(must/bucket/top/rand)=1/6/9/4 depth0=10 depth=5 dlog=4 dper=1 sims=3112 loop=3092 gen_time=0 eval_time=0.02 best_avg=-0.225801 best_move=7,2 leader=4 inc2=1 attack_w=0.2
DBG t=49 used=0.019 remain=0.907 turn_time=0.0181845 end_in=0.0181845 cand_pre=35 cand_cap=20 cand=35->20 pre=35 pick(must/bucket/top/rand)=1/6/9/4 depth0=10 depth=4 dlog=4 dper=2 sims=3368 loop=3348 gen_time=0 eval_time=0.019 best_avg=-0.212432 best_move=6,5 leader=3 inc2=1 attack_w=0.2
DBG t=61 used=0.018 remain=0.685 turn_time=0.0176168 end_in=0.0176168 cand_pre=38 cand_cap=20 cand=38->20 pre=38 pick(must/bucket/top/rand)=1/8/7/4 depth0=10 depth=3 dlog=5 dper=2 sims=3424 loop=3404 gen_time=0 eval_time=0.018 best_avg=-0.198985 best_move=6,5 leader=3 inc2=1 attack_w=0.2
DBG t=74 used=0.018 remain=0.456 turn_time=0.0173631 end_in=0.0173631 cand_pre=40 cand_cap=20 cand=40->20 pre=40 pick(must/bucket/top/rand)=1/8/7/4 depth0=11 depth=4 dlog=5 dper=2 sims=2612 loop=2592 gen_time=0 eval_time=0.018 best_avg=-0.203593 best_move=3,6 leader=3 inc2=1 attack_w=0.2
DBG t=86 used=0.019 remain=0.224 turn_time=0.01844 end_in=0.01844 cand_pre=15 cand_cap=20 cand=15->15 pre=15 pick(must/bucket/top/rand)=1/6/8/0 depth0=11 depth=6 dlog=3 dper=0 sims=2115 loop=2100 gen_time=0 eval_time=0.019 best_avg=-0.396409 best_move=2,7 leader=3 inc2=1 attack_w=0.2
DBG depth_guard t=99 remain=0.01 cand_pre=27 depth0=0 depth=0
DBG t=99 used=0.007 remain=0.01 turn_time=0.006 end_in=0.006 cand_pre=27 cand_cap=12 cand=27->12 pre=27 pick(must/bucket/top/rand)=1/6/3/2 depth0=0 depth=0 dlog=4 dper=4 sims=10796 loop=10784 gen_time=0 eval_time=0.007 best_avg=-0.299271 best_move=6,7 leader=3 inc2=1 attack_w=0.2
DBG summary depth_guard_fired=1
Score = 125540
=== CASE 0082.txt ===
DBG hdr N=10 M=8 T=100 U=1 VMAX=1915 TIME_LIMIT=1.94 MAX_CAND=20 UCB_C=0.21
DBG t=0 used=0.024 remain=1.94 turn_time=0.0237456 end_in=0.0237456 cand_pre=4 cand_cap=20 cand=4->4 pre=4 pick(must/bucket/top/rand)=1/2/1/0 depth0=7 depth=6 dlog=1 dper=0 sims=3076 loop=3072 gen_time=0 eval_time=0.024 best_avg=-0.509281 best_move=9,6 leader=5 inc2=1 attack_w=0.549887
DBG t=12 used=0.021 remain=1.669 turn_time=0.0201323 end_in=0.0201323 cand_pre=29 cand_cap=20 cand=29->20 pre=29 pick(must/bucket/top/rand)=1/5/10/4 depth0=7 depth=2 dlog=4 dper=1 sims=6420 loop=6400 gen_time=0 eval_time=0.021 best_avg=0.181818 best_move=6,0 leader=6 inc2=1 attack_w=0.2
DBG t=24 used=0.02 remain=1.416 turn_time=0.0198985 end_in=0.0198985 cand_pre=28 cand_cap=20 cand=28->20 pre=28 pick(must/bucket/top/rand)=1/2/13/4 depth0=7 depth=2 dlog=4 dper=1 sims=5348 loop=5328 gen_time=0 eval_time=0.02 best_avg=0.352751 best_move=5,2 leader=4 inc2=1 attack_w=0.2
DBG t=37 used=0.019 remain=1.16 turn_time=0.0185876 end_in=0.0185876 cand_pre=37 cand_cap=20 cand=37->20 pre=37 pick(must/bucket/top/rand)=1/3/12/4 depth0=10 depth=3 dlog=5 dper=2 sims=3512 loop=3492 gen_time=0 eval_time=0.019 best_avg=0.33624 best_move=6,4 leader=2 inc2=1 attack_w=0.2
DBG t=49 used=0.019 remain=0.934 turn_time=0.0181306 end_in=0.0181306 cand_pre=40 cand_cap=20 cand=40->20 pre=40 pick(must/bucket/top/rand)=1/6/9/4 depth0=10 depth=3 dlog=5 dper=2 sims=2996 loop=2976 gen_time=0 eval_time=0.019 best_avg=0.278977 best_move=4,6 leader=4 inc2=1 attack_w=0.2
DBG t=61 used=0.02 remain=0.685 turn_time=0.0196718 end_in=0.0196718 cand_pre=20 cand_cap=20 cand=20->20 pre=20 pick(must/bucket/top/rand)=1/3/12/4 depth0=10 depth=6 dlog=4 dper=0 sims=1800 loop=1780 gen_time=0 eval_time=0.02 best_avg=-0.0742615 best_move=2,7 leader=1 inc2=1 attack_w=0.2
DBG t=74 used=0.022 remain=0.449 turn_time=0.0211375 end_in=0.0211375 cand_pre=4 cand_cap=20 cand=4->4 pre=4 pick(must/bucket/top/rand)=1/1/2/0 depth0=11 depth=10 dlog=1 dper=0 sims=1064 loop=1060 gen_time=0 eval_time=0.022 best_avg=-0.414219 best_move=9,4 leader=5 inc2=1 attack_w=0.2
DBG t=86 used=0.017 remain=0.21 turn_time=0.016995 end_in=0.016995 cand_pre=18 cand_cap=20 cand=18->18 pre=18 pick(must/bucket/top/rand)=1/4/11/2 depth0=11 depth=6 dlog=4 dper=0 sims=1434 loop=1416 gen_time=0 eval_time=0.017 best_avg=-0.0792449 best_move=2,8 leader=3 inc2=1 attack_w=0.2
DBG depth_guard t=99 remain=0.009 cand_pre=20 depth0=0 depth=0
DBG t=99 used=0.006 remain=0.009 turn_time=0.0054 end_in=0.0054 cand_pre=20 cand_cap=12 cand=20->12 pre=20 pick(must/bucket/top/rand)=1/2/7/2 depth0=0 depth=0 dlog=4 dper=4 sims=8008 loop=7996 gen_time=0 eval_time=0.006 best_avg=0.290355 best_move=9,2 leader=7 inc2=1 attack_w=0.2
DBG summary depth_guard_fired=1
Score = 159445
=== CASE 0083.txt ===
DBG hdr N=10 M=5 T=100 U=4 VMAX=2622 TIME_LIMIT=1.94 MAX_CAND=20 UCB_C=0.21
DBG t=0 used=0.024 remain=1.94 turn_time=0.0237456 end_in=0.0237456 cand_pre=4 cand_cap=20 cand=4->4 pre=4 pick(must/bucket/top/rand)=1/2/1/0 depth0=7 depth=6 dlog=1 dper=0 sims=5804 loop=5800 gen_time=0 eval_time=0.024 best_avg=-0.946307 best_move=0,4 leader=3 inc2=1 attack_w=0.85
DBG t=12 used=0.023 remain=1.659 turn_time=0.0220949 end_in=0.0220949 cand_pre=12 cand_cap=20 cand=12->12 pre=12 pick(must/bucket/top/rand)=1/6/5/0 depth0=7 depth=4 dlog=3 dper=0 sims=5188 loop=5176 gen_time=0 eval_time=0.023 best_avg=-0.359915 best_move=0,1 leader=3 inc2=0 attack_w=0.2
DBG t=24 used=0.022 remain=1.393 turn_time=0.021005 end_in=0.021005 cand_pre=16 cand_cap=20 cand=16->16 pre=16 pick(must/bucket/top/rand)=1/6/9/0 depth0=7 depth=4 dlog=3 dper=0 sims=4868 loop=4852 gen_time=0 eval_time=0.022 best_avg=-0.4168 best_move=0,6 leader=2 inc2=1 attack_w=0.2
DBG t=37 used=0.021 remain=1.115 turn_time=0.0206275 end_in=0.0206275 cand_pre=13 cand_cap=20 cand=13->13 pre=13 pick(must/bucket/top/rand)=1/5/7/0 depth0=10 depth=7 dlog=3 dper=0 sims=2309 loop=2296 gen_time=0 eval_time=0.021 best_avg=-0.613377 best_move=0,5 leader=2 inc2=1 attack_w=0.2
DBG t=49 used=0.02 remain=0.867 turn_time=0.019482 end_in=0.019482 cand_pre=16 cand_cap=20 cand=16->16 pre=16 pick(must/bucket/top/rand)=1/3/12/0 depth0=10 depth=7 dlog=3 dper=0 sims=2192 loop=2176 gen_time=0 eval_time=0.02 best_avg=-0.584805 best_move=1,5 leader=2 inc2=1 attack_w=0.2
DBG t=61 used=0.019 remain=0.632 turn_time=0.0181497 end_in=0.0181497 cand_pre=20 cand_cap=20 cand=20->20 pre=20 pick(must/bucket/top/rand)=1/4/11/4 depth0=10 depth=6 dlog=4 dper=0 sims=2320 loop=2300 gen_time=0 eval_time=0.019 best_avg=-0.458643 best_move=1,3 leader=3 inc2=1 attack_w=0.2
DBG t=74 used=0.017 remain=0.399 turn_time=0.0162899 end_in=0.0162899 cand_pre=29 cand_cap=20 cand=29->20 pre=29 pick(must/bucket/top/rand)=1/4/11/4 depth0=11 depth=6 dlog=4 dper=1 sims=2068 loop=2048 gen_time=0 eval_time=0.017 best_avg=-0.554614 best_move=0,6 leader=3 inc2=1 attack_w=0.2
DBG t=86 used=0.016 remain=0.202 turn_time=0.0158786 end_in=0.0158786 cand_pre=23 cand_cap=20 cand=23->20 pre=23 pick(must/bucket/top/rand)=1/5/10/4 depth0=11 depth=6 dlog=4 dper=1 sims=1952 loop=1932 gen_time=0 eval_time=0.016 best_avg=-0.627786 best_move=1,9 leader=1 inc2=1 attack_w=0.2
DBG depth_guard t=99 remain=0.009 cand_pre=25 depth0=0 depth=0
DBG t=99 used=0.006 remain=0.009 turn_time=0.0054 end_in=0.0054 cand_pre=25 cand_cap=12 cand=25->12 pre=25 pick(must/bucket/top/rand)=1/4/5/2 depth0=0 depth=0 dlog=4 dper=5 sims=7132 loop=7120 gen_time=0 eval_time=0.006 best_avg=-0.480851 best_move=1,8 leader=1 inc2=1 attack_w=0.2
DBG summary depth_guard_fired=1
Score = 126162
=== CASE 0085.txt ===
DBG hdr N=10 M=2 T=100 U=4 VMAX=1553 TIME_LIMIT=1.94 MAX_CAND=20 UCB_C=0.21
DBG t=0 used=0.024 remain=1.94 turn_time=0.0236195 end_in=0.0236195 cand_pre=5 cand_cap=20 cand=5->5 pre=5 pick(must/bucket/top/rand)=1/2/2/0 depth0=7 depth=5 dlog=2 dper=0 sims=10433 loop=10428 gen_time=0 eval_time=0.024 best_avg=-2.59194 best_move=4,8 leader=1 inc2=1 attack_w=0.13
DBG t=12 used=0.022 remain=1.664 turn_time=0.0210553 end_in=0.0210553 cand_pre=21 cand_cap=20 cand=21->20 pre=21 pick(must/bucket/top/rand)=1/8/7/4 depth0=7 depth=3 dlog=4 dper=0 sims=11480 loop=11460 gen_time=0 eval_time=0.022 best_avg=-2.27139 best_move=2,6 leader=1 inc2=1 attack_w=0.2
DBG t=24 used=0.02 remain=1.414 turn_time=0.0195076 end_in=0.0195076 cand_pre=31 cand_cap=20 cand=31->20 pre=31 pick(must/bucket/top/rand)=1/8/7/4 depth0=7 depth=2 dlog=4 dper=1 sims=11880 loop=11860 gen_time=0 eval_time=0.02 best_avg=-1.79022 best_move=2,5 leader=1 inc2=1 attack_w=0.2
DBG t=37 used=0.018 remain=1.165 turn_time=0.0173456 end_in=0.0173456 cand_pre=48 cand_cap=20 cand=48->20 pre=48 pick(must/bucket/top/rand)=1/8/7/4 depth0=10 depth=2 dlog=5 dper=3 sims=9000 loop=8980 gen_time=0 eval_time=0.018 best_avg=-1.48154 best_move=2,2 leader=1 inc2=1 attack_w=0.2
DBG t=49 used=0.022 remain=0.914 turn_time=0.0211206 end_in=0.0211206 cand_pre=11 cand_cap=20 cand=11->11 pre=11 pick(must/bucket/top/rand)=1/5/5/0 depth0=10 depth=7 dlog=3 dper=0 sims=3963 loop=3952 gen_time=0 eval_time=0.022 best_avg=-1.84975 best_move=1,1 leader=1 inc2=1 attack_w=0.2
DBG t=61 used=0.02 remain=0.668 turn_time=0.0199629 end_in=0.0199629 cand_pre=13 cand_cap=20 cand=13->13 pre=13 pick(must/bucket/top/rand)=1/8/4/0 depth0=10 depth=7 dlog=3 dper=0 sims=3221 loop=3208 gen_time=0 eval_time=0.02 best_avg=-1.65851 best_move=2,2 leader=1 inc2=1 attack_w=0.2
DBG t=74 used=0.015 remain=0.443 turn_time=0.0147638 end_in=0.0147638 cand_pre=59 cand_cap=20 cand=59->20 pre=59 pick(must/bucket/top/rand)=1/6/9/4 depth0=11 depth=2 dlog=5 dper=4 sims=7528 loop=7508 gen_time=0 eval_time=0.015 best_avg=-0.83689 best_move=3,0 leader=1 inc2=1 attack_w=0.2
DBG t=86 used=0.016 remain=0.254 turn_time=0.0159566 end_in=0.0159566 cand_pre=57 cand_cap=20 cand=57->20 pre=57 pick(must/bucket/top/rand)=1/6/9/4 depth0=11 depth=2 dlog=5 dper=4 sims=8092 loop=8072 gen_time=0 eval_time=0.016 best_avg=-0.493585 best_move=1,0 leader=1 inc2=1 attack_w=0.2
DBG depth_guard t=99 remain=0.019 cand_pre=58 depth0=0 depth=0
DBG t=99 used=0.012 remain=0.019 turn_time=0.0114 end_in=0.0114 cand_pre=58 cand_cap=16 cand=58->16 pre=48 pick(must/bucket/top/rand)=1/6/5/4 depth0=0 depth=0 dlog=5 dper=5 sims=44536 loop=44520 gen_time=0 eval_time=0.012 best_avg=-0.672094 best_move=2,0 leader=1 inc2=1 attack_w=0.2
DBG summary depth_guard_fired=1
Score = 302357
=== CASE 0084.txt ===
DBG hdr N=10 M=5 T=100 U=1 VMAX=1974 TIME_LIMIT=1.94 MAX_CAND=20 UCB_C=0.21
DBG t=0 used=0.024 remain=1.94 turn_time=0.0236195 end_in=0.0236195 cand_pre=5 cand_cap=20 cand=5->5 pre=5 pick(must/bucket/top/rand)=1/2/2/0 depth0=7 depth=5 dlog=2 dper=0 sims=5613 loop=5608 gen_time=0 eval_time=0.024 best_avg=-0.833656 best_move=4,7 leader=3 inc2=1 attack_w=0.476714
DBG t=12 used=0.021 remain=1.673 turn_time=0.0207984 end_in=0.0207984 cand_pre=24 cand_cap=20 cand=24->20 pre=24 pick(must/bucket/top/rand)=1/6/9/4 depth0=7 depth=3 dlog=4 dper=0 sims=5624 loop=5604 gen_time=0 eval_time=0.021 best_avg=-1.00591 best_move=2,8 leader=3 inc2=1 attack_w=0.2
DBG t=24 used=0.022 remain=1.412 turn_time=0.021533 end_in=0.021533 cand_pre=14 cand_cap=20 cand=14->14 pre=14 pick(must/bucket/top/rand)=1/5/8/0 depth0=7 depth=4 dlog=3 dper=0 sims=4762 loop=4748 gen_time=0 eval_time=0.022 best_avg=-0.749953 best_move=9,5 leader=3 inc2=1 attack_w=0.85
DBG t=37 used=0.019 remain=1.143 turn_time=0.018669 end_in=0.018669 cand_pre=34 cand_cap=20 cand=34->20 pre=34 pick(must/bucket/top/rand)=1/2/13/4 depth0=10 depth=4 dlog=4 dper=2 sims=3120 loop=3100 gen_time=0 eval_time=0.019 best_avg=-0.572047 best_move=7,5 leader=2 inc2=0 attack_w=0.2
DBG t=49 used=0.017 remain=0.922 turn_time=0.0167225 end_in=0.0167225 cand_pre=50 cand_cap=20 cand=50->20 pre=50 pick(must/bucket/top/rand)=1/6/9/4 depth0=10 depth=2 dlog=5 dper=3 sims=5564 loop=5544 gen_time=0 eval_time=0.017 best_avg=0.343223 best_move=1,2 leader=2 inc2=0 attack_w=0.2
DBG t=61 used=0.021 remain=0.685 turn_time=0.0203568 end_in=0.0203568 cand_pre=14 cand_cap=20 cand=14->14 pre=14 pick(must/bucket/top/rand)=1/2/11/0 depth0=10 depth=7 dlog=3 dper=0 sims=2066 loop=2052 gen_time=0 eval_time=0.021 best_avg=0.138962 best_move=2,6 leader=4 inc2=0 attack_w=0.2
DBG t=74 used=0.016 remain=0.446 turn_time=0.0150868 end_in=0.0150868 cand_pre=57 cand_cap=20 cand=57->20 pre=57 pick(must/bucket/top/rand)=1/6/9/4 depth0=11 depth=2 dlog=5 dper=4 sims=4376 loop=4356 gen_time=0 eval_time=0.016 best_avg=0.146992 best_move=9,5 leader=1 inc2=0 attack_w=0.2
DBG t=86 used=0.016 remain=0.235 turn_time=0.0153086 end_in=0.0153086 cand_pre=52 cand_cap=20 cand=52->20 pre=52 pick(must/bucket/top/rand)=1/5/10/4 depth0=11 depth=2 dlog=5 dper=4 sims=4948 loop=4928 gen_time=0 eval_time=0.016 best_avg=0.362527 best_move=1,3 leader=1 inc2=0 attack_w=0.2
DBG depth_guard t=99 remain=0.011 cand_pre=15 depth0=0 depth=0
DBG t=99 used=0.007 remain=0.011 turn_time=0.0066 end_in=0.0066 cand_pre=15 cand_cap=12 cand=15->12 pre=15 pick(must/bucket/top/rand)=1/2/7/2 depth0=0 depth=0 dlog=3 dper=2 sims=9828 loop=9816 gen_time=0 eval_time=0.007 best_avg=-0.282939 best_move=8,5 leader=2 inc2=0 attack_w=0.2
DBG summary depth_guard_fired=1
Score = 131192
=== CASE 0086.txt ===
DBG hdr N=10 M=8 T=100 U=5 VMAX=4599 TIME_LIMIT=1.94 MAX_CAND=20 UCB_C=0.21
DBG t=0 used=0.024 remain=1.94 turn_time=0.0236195 end_in=0.0236195 cand_pre=5 cand_cap=20 cand=5->5 pre=5 pick(must/bucket/top/rand)=1/2/2/0 depth0=7 depth=5 dlog=2 dper=0 sims=4381 loop=4376 gen_time=0 eval_time=0.024 best_avg=-1.70583 best_move=9,6 leader=2 inc2=1 attack_w=0.85
DBG t=12 used=0.023 remain=1.661 turn_time=0.0222442 end_in=0.0222442 cand_pre=11 cand_cap=20 cand=11->11 pre=11 pick(must/bucket/top/rand)=1/2/8/0 depth0=7 depth=4 dlog=3 dper=0 sims=3399 loop=3388 gen_time=0 eval_time=0.023 best_avg=-1.75116 best_move=8,7 leader=2 inc2=1 attack_w=0.85
DBG t=24 used=0.022 remain=1.395 turn_time=0.0210351 end_in=0.0210351 cand_pre=16 cand_cap=20 cand=16->16 pre=16 pick(must/bucket/top/rand)=1/3/12/0 depth0=7 depth=4 dlog=3 dper=0 sims=2828 loop=2812 gen_time=0 eval_time=0.022 best_avg=-1.1578 best_move=8,9 leader=2 inc2=1 attack_w=0.85
DBG t=37 used=0.02 remain=1.122 turn_time=0.0197151 end_in=0.0197151 cand_pre=22 cand_cap=20 cand=22->20 pre=22 pick(must/bucket/top/rand)=1/5/10/4 depth0=10 depth=6 dlog=4 dper=0 sims=1832 loop=1812 gen_time=0 eval_time=0.02 best_avg=-0.385219 best_move=6,5 leader=2 inc2=1 attack_w=0.601652
DBG t=49 used=0.019 remain=0.887 turn_time=0.0186879 end_in=0.0186879 cand_pre=27 cand_cap=20 cand=27->20 pre=27 pick(must/bucket/top/rand)=1/5/10/4 depth0=10 depth=5 dlog=4 dper=1 sims=2112 loop=2092 gen_time=0 eval_time=0.019 best_avg=-0.420962 best_move=6,6 leader=2 inc2=1 attack_w=0.413573
DBG t=61 used=0.019 remain=0.661 turn_time=0.0181012 end_in=0.0181012 cand_pre=28 cand_cap=20 cand=28->20 pre=28 pick(must/bucket/top/rand)=1/6/9/4 depth0=10 depth=5 dlog=4 dper=1 sims=1960 loop=1940 gen_time=0 eval_time=0.019 best_avg=-0.365273 best_move=3,5 leader=2 inc2=1 attack_w=0.793512
DBG t=74 used=0.02 remain=0.42 turn_time=0.0191423 end_in=0.0191423 cand_pre=10 cand_cap=20 cand=10->10 pre=10 pick(must/bucket/top/rand)=1/5/4/0 depth0=11 depth=8 dlog=3 dper=0 sims=1402 loop=1392 gen_time=0 eval_time=0.02 best_avg=-0.229036 best_move=2,1 leader=2 inc2=1 attack_w=0.20492
DBG t=86 used=0.017 remain=0.195 turn_time=0.016777 end_in=0.016777 cand_pre=7 cand_cap=20 cand=7->7 pre=7 pick(must/bucket/top/rand)=1/3/3/0 depth0=11 depth=6 dlog=2 dper=0 sims=1919 loop=1912 gen_time=0 eval_time=0.017 best_avg=-0.124334 best_move=0,1 leader=7 inc2=1 attack_w=0.2
DBG depth_guard t=98 remain=0.016 cand_pre=7 depth0=1 depth=0
DBG depth_guard t=99 remain=0.006 cand_pre=6 depth0=0 depth=0
DBG t=99 used=0.004 remain=0.006 turn_time=0.0036 end_in=0.0036 cand_pre=6 cand_cap=12 cand=6->6 pre=6 pick(must/bucket/top/rand)=1/2/3/0 depth0=0 depth=0 dlog=2 dper=1 sims=3482 loop=3476 gen_time=0 eval_time=0.004 best_avg=-0.0342284 best_move=2,1 leader=7 inc2=1 attack_w=0.2
DBG summary depth_guard_fired=2
Score = 135223
=== CASE 0087.txt ===
DBG hdr N=10 M=4 T=100 U=3 VMAX=2225 TIME_LIMIT=1.94 MAX_CAND=20 UCB_C=0.21
DBG t=0 used=0.024 remain=1.94 turn_time=0.0236195 end_in=0.0236195 cand_pre=5 cand_cap=20 cand=5->5 pre=5 pick(must/bucket/top/rand)=1/2/2/0 depth0=7 depth=5 dlog=2 dper=0 sims=7553 loop=7548 gen_time=0 eval_time=0.024 best_avg=-1.69065 best_move=8,3 leader=2 inc2=1 attack_w=0.85
DBG t=12 used=0.021 remain=1.667 turn_time=0.0209701 end_in=0.0209701 cand_pre=22 cand_cap=20 cand=22->20 pre=22 pick(must/bucket/top/rand)=1/3/12/4 depth0=7 depth=3 dlog=4 dper=0 sims=7492 loop=7472 gen_time=0 eval_time=0.021 best_avg=-1.56848 best_move=5,5 leader=2 inc2=0 attack_w=0.85
DBG t=24 used=0.02 remain=1.418 turn_time=0.0198054 end_in=0.0198054 cand_pre=29 cand_cap=20 cand=29->20 pre=29 pick(must/bucket/top/rand)=1/6/9/4 depth0=7 depth=2 dlog=4 dper=1 sims=8112 loop=8092 gen_time=0 eval_time=0.02 best_avg=-1.4969 best_move=0,5 leader=2 inc2=0 attack_w=0.85
DBG t=37 used=0.021 remain=1.152 turn_time=0.0202423 end_in=0.0202423 cand_pre=22 cand_cap=20 cand=22->20 pre=22 pick(must/bucket/top/rand)=1/6/9/4 depth0=10 depth=6 dlog=4 dper=0 sims=2932 loop=2912 gen_time=0 eval_time=0.021 best_avg=-0.839893 best_move=1,6 leader=2 inc2=1 attack_w=0.2
DBG t=49 used=0.02 remain=0.91 turn_time=0.0192884 end_in=0.0192884 cand_pre=26 cand_cap=20 cand=26->20 pre=26 pick(must/bucket/top/rand)=1/5/10/4 depth0=10 depth=5 dlog=4 dper=1 sims=2756 loop=2736 gen_time=0 eval_time=0.02 best_avg=-0.775586 best_move=3,6 leader=2 inc2=1 attack_w=0.2
DBG t=61 used=0.019 remain=0.676 turn_time=0.018512 end_in=0.018512 cand_pre=28 cand_cap=20 cand=28->20 pre=28 pick(must/bucket/top/rand)=1/6/9/4 depth0=10 depth=5 dlog=4 dper=1 sims=2324 loop=2304 gen_time=0 eval_time=0.019 best_avg=-0.734382 best_move=2,4 leader=2 inc2=1 attack_w=0.2
DBG t=74 used=0.018 remain=0.43 turn_time=0.0179856 end_in=0.0179856 cand_pre=25 cand_cap=20 cand=25->20 pre=25 pick(must/bucket/top/rand)=1/6/9/4 depth0=11 depth=6 dlog=4 dper=1 sims=1780 loop=1760 gen_time=0 eval_time=0.018 best_avg=-0.772962 best_move=3,7 leader=1 inc2=1 attack_w=0.2
DBG t=86 used=0.017 remain=0.216 turn_time=0.0166783 end_in=0.0166783 cand_pre=26 cand_cap=20 cand=26->20 pre=26 pick(must/bucket/top/rand)=1/5/10/4 depth0=11 depth=6 dlog=4 dper=1 sims=1708 loop=1688 gen_time=0 eval_time=0.017 best_avg=-0.862604 best_move=4,7 leader=1 inc2=1 attack_w=0.2
DBG depth_guard t=99 remain=0.011 cand_pre=30 depth0=0 depth=0
DBG t=99 used=0.007 remain=0.011 turn_time=0.0066 end_in=0.0066 cand_pre=30 cand_cap=12 cand=30->12 pre=30 pick(must/bucket/top/rand)=1/4/5/2 depth0=0 depth=0 dlog=4 dper=5 sims=6704 loop=6692 gen_time=0 eval_time=0.007 best_avg=-0.854696 best_move=3,4 leader=3 inc2=1 attack_w=0.2
DBG summary depth_guard_fired=1
Score = 120049
=== CASE 0088.txt ===
DBG hdr N=10 M=3 T=100 U=3 VMAX=1748 TIME_LIMIT=1.94 MAX_CAND=20 UCB_C=0.21
DBG t=0 used=0.024 remain=1.94 turn_time=0.0236195 end_in=0.0236195 cand_pre=5 cand_cap=20 cand=5->5 pre=5 pick(must/bucket/top/rand)=1/2/2/0 depth0=7 depth=5 dlog=2 dper=0 sims=8461 loop=8456 gen_time=0 eval_time=0.024 best_avg=-1.22573 best_move=4,5 leader=2 inc2=1 attack_w=0.13
DBG t=12 used=0.022 remain=1.666 turn_time=0.0210806 end_in=0.0210806 cand_pre=21 cand_cap=20 cand=21->20 pre=21 pick(must/bucket/top/rand)=1/2/13/4 depth0=7 depth=3 dlog=4 dper=0 sims=8992 loop=8972 gen_time=0 eval_time=0.022 best_avg=-0.90394 best_move=6,8 leader=2 inc2=1 attack_w=0.2
DBG t=24 used=0.02 remain=1.419 turn_time=0.019698 end_in=0.019698 cand_pre=30 cand_cap=20 cand=30->20 pre=30 pick(must/bucket/top/rand)=1/2/13/4 depth0=7 depth=2 dlog=4 dper=1 sims=8908 loop=8888 gen_time=0 eval_time=0.02 best_avg=-0.746877 best_move=6,5 leader=1 inc2=1 attack_w=0.2
DBG t=37 used=0.019 remain=1.167 turn_time=0.0182182 end_in=0.0182182 cand_pre=41 cand_cap=20 cand=41->20 pre=41 pick(must/bucket/top/rand)=1/4/11/4 depth0=10 depth=3 dlog=5 dper=2 sims=5376 loop=5356 gen_time=0 eval_time=0.019 best_avg=-0.667442 best_move=8,7 leader=1 inc2=1 attack_w=0.2
DBG t=49 used=0.019 remain=0.939 turn_time=0.0182276 end_in=0.0182276 cand_pre=40 cand_cap=20 cand=40->20 pre=40 pick(must/bucket/top/rand)=1/4/11/4 depth0=10 depth=3 dlog=5 dper=2 sims=4928 loop=4908 gen_time=0 eval_time=0.019 best_avg=-0.811321 best_move=7,4 leader=1 inc2=1 attack_w=0.2
DBG t=61 used=0.019 remain=0.714 turn_time=0.0182436 end_in=0.0182436 cand_pre=39 cand_cap=20 cand=39->20 pre=39 pick(must/bucket/top/rand)=1/4/11/4 depth0=10 depth=3 dlog=5 dper=2 sims=4760 loop=4740 gen_time=0 eval_time=0.019 best_avg=-0.917569 best_move=9,9 leader=1 inc2=1 attack_w=0.2
DBG t=74 used=0.019 remain=0.472 turn_time=0.0180903 end_in=0.0180903 cand_pre=39 cand_cap=20 cand=39->20 pre=39 pick(must/bucket/top/rand)=1/5/10/4 depth0=11 depth=4 dlog=5 dper=2 sims=3276 loop=3256 gen_time=0 eval_time=0.019 best_avg=-0.967073 best_move=8,6 leader=1 inc2=1 attack_w=0.2
DBG t=86 used=0.018 remain=0.254 turn_time=0.0176076 end_in=0.0176076 cand_pre=43 cand_cap=20 cand=43->20 pre=43 pick(must/bucket/top/rand)=1/5/10/4 depth0=11 depth=4 dlog=5 dper=2 sims=3004 loop=2984 gen_time=0 eval_time=0.018 best_avg=-1.01452 best_move=7,9 leader=1 inc2=1 attack_w=0.2
DBG t=99 used=0.013 remain=0.02 turn_time=0.012 end_in=0.012 cand_pre=46 cand_cap=16 cand=46->16 pre=46 pick(must/bucket/top/rand)=1/5/6/4 depth0=0 depth=0 dlog=5 dper=4 sims=19008 loop=18992 gen_time=0 eval_time=0.013 best_avg=-1.01129 best_move=3,7 leader=1 inc2=1 attack_w=0.2
DBG summary depth_guard_fired=0
Score = 151351
=== CASE 0089.txt ===
DBG hdr N=10 M=3 T=100 U=2 VMAX=1407 TIME_LIMIT=1.94 MAX_CAND=20 UCB_C=0.21
DBG t=0 used=0.024 remain=1.94 turn_time=0.0237456 end_in=0.0237456 cand_pre=4 cand_cap=20 cand=4->4 pre=4 pick(must/bucket/top/rand)=1/2/1/0 depth0=7 depth=6 dlog=1 dper=0 sims=6804 loop=6800 gen_time=0 eval_time=0.024 best_avg=-1.68564 best_move=1,1 leader=1 inc2=1 attack_w=0.74687
DBG t=12 used=0.022 remain=1.665 turn_time=0.0214369 end_in=0.0214369 cand_pre=18 cand_cap=20 cand=18->18 pre=18 pick(must/bucket/top/rand)=1/6/9/2 depth0=7 depth=3 dlog=4 dper=0 sims=7202 loop=7184 gen_time=0 eval_time=0.022 best_avg=-1.49342 best_move=1,3 leader=2 inc2=1 attack_w=0.387748
DBG t=24 used=0.02 remain=1.413 turn_time=0.0197355 end_in=0.0197355 cand_pre=29 cand_cap=20 cand=29->20 pre=29 pick(must/bucket/top/rand)=1/6/9/4 depth0=7 depth=2 dlog=4 dper=1 sims=9284 loop=9264 gen_time=0 eval_time=0.02 best_avg=-1.24868 best_move=5,3 leader=2 inc2=1 attack_w=0.2
DBG t=37 used=0.02 remain=1.153 turn_time=0.0195461 end_in=0.0195461 cand_pre=28 cand_cap=20 cand=28->20 pre=28 pick(must/bucket/top/rand)=1/7/8/4 depth0=10 depth=5 dlog=4 dper=1 sims=3508 loop=3488 gen_time=0 eval_time=0.02 best_avg=-1.7689 best_move=5,3 leader=2 inc2=1 attack_w=0.85
DBG t=49 used=0.02 remain=0.913 turn_time=0.0191193 end_in=0.0191193 cand_pre=28 cand_cap=20 cand=28->20 pre=28 pick(must/bucket/top/rand)=1/7/8/4 depth0=10 depth=5 dlog=4 dper=1 sims=3152 loop=3132 gen_time=0 eval_time=0.02 best_avg=-1.74046 best_move=3,4 leader=2 inc2=1 attack_w=0.85
DBG t=61 used=0.018 remain=0.684 turn_time=0.0179331 end_in=0.0179331 cand_pre=35 cand_cap=20 cand=35->20 pre=35 pick(must/bucket/top/rand)=1/8/7/4 depth0=10 depth=4 dlog=4 dper=2 sims=3452 loop=3432 gen_time=0 eval_time=0.018 best_avg=-1.55188 best_move=7,0 leader=2 inc2=1 attack_w=0.403473
DBG t=74 used=0.018 remain=0.45 turn_time=0.0178096 end_in=0.0178096 cand_pre=34 cand_cap=20 cand=34->20 pre=34 pick(must/bucket/top/rand)=1/8/7/4 depth0=11 depth=5 dlog=4 dper=2 sims=2692 loop=2672 gen_time=0 eval_time=0.018 best_avg=-1.57265 best_move=2,4 leader=2 inc2=1 attack_w=0.424346
DBG t=86 used=0.017 remain=0.237 turn_time=0.0163191 end_in=0.0163191 cand_pre=44 cand_cap=20 cand=44->20 pre=44 pick(must/bucket/top/rand)=1/8/7/4 depth0=11 depth=3 dlog=5 dper=3 sims=3852 loop=3832 gen_time=0 eval_time=0.017 best_avg=-1.21972 best_move=8,2 leader=2 inc2=1 attack_w=0.2
DBG depth_guard t=99 remain=0.019 cand_pre=53 depth0=0 depth=0
DBG t=99 used=0.012 remain=0.019 turn_time=0.0114 end_in=0.0114 cand_pre=53 cand_cap=16 cand=53->16 pre=48 pick(must/bucket/top/rand)=1/8/3/4 depth0=0 depth=0 dlog=5 dper=5 sims=30812 loop=30796 gen_time=0 eval_time=0.012 best_avg=-0.651038 best_move=8,5 leader=2 inc2=1 attack_w=0.2
DBG summary depth_guard_fired=1
Score = 179193
=== CASE 0091.txt ===
DBG hdr N=10 M=3 T=100 U=2 VMAX=1676 TIME_LIMIT=1.94 MAX_CAND=20 UCB_C=0.21
DBG t=0 used=0.024 remain=1.94 turn_time=0.0237456 end_in=0.0237456 cand_pre=4 cand_cap=20 cand=4->4 pre=4 pick(must/bucket/top/rand)=1/2/1/0 depth0=7 depth=6 dlog=1 dper=0 sims=6712 loop=6708 gen_time=0 eval_time=0.024 best_avg=-1.44235 best_move=0,4 leader=2 inc2=1 attack_w=0.244285
DBG t=12 used=0.021 remain=1.668 turn_time=0.0206131 end_in=0.0206131 cand_pre=25 cand_cap=20 cand=25->20 pre=25 pick(must/bucket/top/rand)=1/7/8/4 depth0=7 depth=3 dlog=4 dper=0 sims=7900 loop=7880 gen_time=0 eval_time=0.021 best_avg=-0.910023 best_move=2,8 leader=2 inc2=1 attack_w=0.2
DBG t=24 used=0.02 remain=1.424 turn_time=0.0195238 end_in=0.0195238 cand_pre=32 cand_cap=20 cand=32->20 pre=32 pick(must/bucket/top/rand)=1/8/7/4 depth0=7 depth=2 dlog=4 dper=1 sims=7348 loop=7328 gen_time=0 eval_time=0.02 best_avg=-0.955849 best_move=3,9 leader=1 inc2=1 attack_w=0.2
DBG t=37 used=0.019 remain=1.171 turn_time=0.0187639 end_in=0.0187639 cand_pre=37 cand_cap=20 cand=37->20 pre=37 pick(must/bucket/top/rand)=1/8/7/4 depth0=10 depth=3 dlog=5 dper=2 sims=4540 loop=4520 gen_time=0 eval_time=0.019 best_avg=-1.02457 best_move=5,8 leader=1 inc2=1 attack_w=0.2
DBG t=49 used=0.018 remain=0.944 turn_time=0.0177231 end_in=0.0177231 cand_pre=45 cand_cap=20 cand=45->20 pre=45 pick(must/bucket/top/rand)=1/8/7/4 depth0=10 depth=2 dlog=5 dper=3 sims=5156 loop=5136 gen_time=0 eval_time=0.018 best_avg=-0.930203 best_move=6,5 leader=1 inc2=1 attack_w=0.2
DBG t=61 used=0.018 remain=0.728 turn_time=0.0178733 end_in=0.0178733 cand_pre=45 cand_cap=20 cand=45->20 pre=45 pick(must/bucket/top/rand)=1/8/7/4 depth0=10 depth=2 dlog=5 dper=3 sims=6028 loop=6008 gen_time=0 eval_time=0.018 best_avg=-1.00985 best_move=3,8 leader=1 inc2=1 attack_w=0.2
DBG t=74 used=0.018 remain=0.494 turn_time=0.0179455 end_in=0.0179455 cand_pre=47 cand_cap=20 cand=47->20 pre=47 pick(must/bucket/top/rand)=1/8/7/4 depth0=11 depth=3 dlog=5 dper=3 sims=3660 loop=3640 gen_time=0 eval_time=0.018 best_avg=-1.09375 best_move=2,6 leader=1 inc2=1 attack_w=0.2
DBG t=86 used=0.019 remain=0.268 turn_time=0.0180804 end_in=0.0180804 cand_pre=47 cand_cap=20 cand=47->20 pre=47 pick(must/bucket/top/rand)=1/8/7/4 depth0=11 depth=3 dlog=5 dper=3 sims=4140 loop=4120 gen_time=0 eval_time=0.019 best_avg=-1.23689 best_move=6,5 leader=1 inc2=1 attack_w=0.2
DBG depth_guard t=99 remain=0.019 cand_pre=43 depth0=0 depth=0
DBG t=99 used=0.012 remain=0.019 turn_time=0.0114 end_in=0.0114 cand_pre=43 cand_cap=16 cand=43->16 pre=43 pick(must/bucket/top/rand)=1/8/3/4 depth0=0 depth=0 dlog=5 dper=4 sims=19016 loop=19000 gen_time=0 eval_time=0.012 best_avg=-1.356 best_move=4,6 leader=1 inc2=1 attack_w=0.2
DBG summary depth_guard_fired=1
Score = 115696
=== CASE 0090.txt ===
DBG hdr N=10 M=7 T=100 U=5 VMAX=1976 TIME_LIMIT=1.94 MAX_CAND=20 UCB_C=0.21
DBG t=0 used=0.024 remain=1.94 turn_time=0.0236195 end_in=0.0236195 cand_pre=5 cand_cap=20 cand=5->5 pre=5 pick(must/bucket/top/rand)=1/2/2/0 depth0=7 depth=5 dlog=2 dper=0 sims=4345 loop=4340 gen_time=0 eval_time=0.024 best_avg=-0.817513 best_move=5,1 leader=5 inc2=1 attack_w=0.85
DBG t=12 used=0.023 remain=1.659 turn_time=0.0220949 end_in=0.0220949 cand_pre=12 cand_cap=20 cand=12->12 pre=12 pick(must/bucket/top/rand)=1/5/6/0 depth0=7 depth=4 dlog=3 dper=0 sims=4672 loop=4660 gen_time=0 eval_time=0.023 best_avg=-0.343944 best_move=4,2 leader=2 inc2=1 attack_w=0.256199
DBG t=24 used=0.022 remain=1.395 turn_time=0.0210351 end_in=0.0210351 cand_pre=16 cand_cap=20 cand=16->16 pre=16 pick(must/bucket/top/rand)=1/5/10/0 depth0=7 depth=4 dlog=3 dper=0 sims=4296 loop=4280 gen_time=0 eval_time=0.022 best_avg=-0.245173 best_move=4,2 leader=3 inc2=1 attack_w=0.2
DBG t=37 used=0.02 remain=1.123 turn_time=0.0193851 end_in=0.0193851 cand_pre=25 cand_cap=20 cand=25->20 pre=25 pick(must/bucket/top/rand)=1/7/8/4 depth0=10 depth=6 dlog=4 dper=0 sims=2588 loop=2568 gen_time=0 eval_time=0.02 best_avg=-0.250619 best_move=3,4 leader=4 inc2=1 attack_w=0.2
DBG t=49 used=0.019 remain=0.887 turn_time=0.0186879 end_in=0.0186879 cand_pre=27 cand_cap=20 cand=27->20 pre=27 pick(must/bucket/top/rand)=1/6/9/4 depth0=10 depth=5 dlog=4 dper=1 sims=2912 loop=2892 gen_time=0 eval_time=0.019 best_avg=-0.260497 best_move=2,4 leader=4 inc2=1 attack_w=0.2
DBG t=61 used=0.019 remain=0.659 turn_time=0.0181563 end_in=0.0181563 cand_pre=27 cand_cap=20 cand=27->20 pre=27 pick(must/bucket/top/rand)=1/4/11/4 depth0=10 depth=5 dlog=4 dper=1 sims=2716 loop=2696 gen_time=0 eval_time=0.019 best_avg=-0.320226 best_move=4,0 leader=4 inc2=1 attack_w=0.2
DBG t=74 used=0.018 remain=0.423 turn_time=0.017164 end_in=0.017164 cand_pre=30 cand_cap=20 cand=30->20 pre=30 pick(must/bucket/top/rand)=1/6/9/4 depth0=11 depth=6 dlog=4 dper=1 sims=1712 loop=1692 gen_time=0 eval_time=0.018 best_avg=-0.32013 best_move=3,5 leader=6 inc2=1 attack_w=0.2
DBG t=86 used=0.016 remain=0.218 turn_time=0.0158206 end_in=0.0158206 cand_pre=36 cand_cap=20 cand=36->20 pre=36 pick(must/bucket/top/rand)=1/8/7/4 depth0=11 depth=4 dlog=5 dper=2 sims=2360 loop=2340 gen_time=0 eval_time=0.016 best_avg=-0.348667 best_move=8,1 leader=4 inc2=1 attack_w=0.2
DBG depth_guard t=99 remain=0.015 cand_pre=40 depth0=0 depth=0
DBG t=99 used=0.01 remain=0.015 turn_time=0.009 end_in=0.009 cand_pre=40 cand_cap=14 cand=40->14 pre=40 pick(must/bucket/top/rand)=1/6/4/3 depth0=0 depth=0 dlog=5 dper=4 sims=14882 loop=14868 gen_time=0 eval_time=0.01 best_avg=-0.247447 best_move=2,0 leader=4 inc2=1 attack_w=0.2
DBG summary depth_guard_fired=1
Score = 122201
=== CASE 0092.txt ===
DBG hdr N=10 M=5 T=100 U=2 VMAX=1591 TIME_LIMIT=1.94 MAX_CAND=20 UCB_C=0.21
DBG t=0 used=0.024 remain=1.94 turn_time=0.0237456 end_in=0.0237456 cand_pre=4 cand_cap=20 cand=4->4 pre=4 pick(must/bucket/top/rand)=1/2/1/0 depth0=7 depth=6 dlog=1 dper=0 sims=5164 loop=5160 gen_time=0 eval_time=0.024 best_avg=-0.980556 best_move=0,4 leader=1 inc2=1 attack_w=0.85
DBG t=12 used=0.022 remain=1.663 turn_time=0.0214111 end_in=0.0214111 cand_pre=18 cand_cap=20 cand=18->18 pre=18 pick(must/bucket/top/rand)=1/2/13/2 depth0=7 depth=3 dlog=4 dper=0 sims=5914 loop=5896 gen_time=0 eval_time=0.022 best_avg=-0.630331 best_move=3,3 leader=3 inc2=1 attack_w=0.2
DBG t=24 used=0.02 remain=1.413 turn_time=0.0198564 end_in=0.0198564 cand_pre=28 cand_cap=20 cand=28->20 pre=28 pick(must/bucket/top/rand)=1/2/13/4 depth0=7 depth=2 dlog=4 dper=1 sims=6268 loop=6248 gen_time=0 eval_time=0.02 best_avg=-0.271222 best_move=4,3 leader=3 inc2=1 attack_w=0.2
DBG t=37 used=0.018 remain=1.163 turn_time=0.0175558 end_in=0.0175558 cand_pre=46 cand_cap=20 cand=46->20 pre=46 pick(must/bucket/top/rand)=1/6/9/4 depth0=10 depth=2 dlog=5 dper=3 sims=4972 loop=4952 gen_time=0 eval_time=0.018 best_avg=0.0704621 best_move=5,5 leader=2 inc2=1 attack_w=0.2
DBG t=49 used=0.018 remain=0.945 turn_time=0.0178624 end_in=0.0178624 cand_pre=44 cand_cap=20 cand=44->20 pre=44 pick(must/bucket/top/rand)=1/6/9/4 depth0=10 depth=3 dlog=5 dper=2 sims=3612 loop=3592 gen_time=0 eval_time=0.018 best_avg=0.0332718 best_move=6,4 leader=1 inc2=1 attack_w=0.2
DBG t=61 used=0.017 remain=0.731 turn_time=0.0166068 end_in=0.0166068 cand_pre=56 cand_cap=20 cand=56->20 pre=56 pick(must/bucket/top/rand)=1/8/7/4 depth0=10 depth=1 dlog=5 dper=4 sims=8200 loop=8180 gen_time=0 eval_time=0.017 best_avg=0.392678 best_move=4,6 leader=2 inc2=1 attack_w=0.2
DBG t=74 used=0.017 remain=0.503 turn_time=0.0165119 end_in=0.0165119 cand_pre=61 cand_cap=14 cand=61->14 pre=42 pick(must/bucket/top/rand)=1/8/2/3 depth0=11 depth=2 dlog=5 dper=4 sims=4718 loop=4704 gen_time=0 eval_time=0.017 best_avg=0.411828 best_move=9,4 leader=2 inc2=1 attack_w=0.2
DBG t=86 used=0.024 remain=0.293 turn_time=0.0239841 end_in=0.0239841 cand_pre=16 cand_cap=20 cand=16->16 pre=16 pick(must/bucket/top/rand)=1/6/9/0 depth0=11 depth=8 dlog=3 dper=0 sims=2460 loop=2444 gen_time=0 eval_time=0.024 best_avg=0.28534 best_move=8,6 leader=1 inc2=1 attack_w=0.2
DBG depth_guard t=99 remain=0.013 cand_pre=22 depth0=0 depth=0
DBG t=99 used=0.008 remain=0.013 turn_time=0.0078 end_in=0.0078 cand_pre=22 cand_cap=12 cand=22->12 pre=22 pick(must/bucket/top/rand)=1/4/5/2 depth0=0 depth=0 dlog=4 dper=3 sims=11656 loop=11644 gen_time=0 eval_time=0.008 best_avg=0.117881 best_move=8,6 leader=1 inc2=0 attack_w=0.2
DBG summary depth_guard_fired=1
Score = 176105
=== CASE 0093.txt ===
DBG hdr N=10 M=8 T=100 U=3 VMAX=1791 TIME_LIMIT=1.94 MAX_CAND=20 UCB_C=0.21
DBG t=0 used=0.024 remain=1.94 turn_time=0.0237456 end_in=0.0237456 cand_pre=4 cand_cap=20 cand=4->4 pre=4 pick(must/bucket/top/rand)=1/2/1/0 depth0=7 depth=6 dlog=1 dper=0 sims=3212 loop=3208 gen_time=0 eval_time=0.024 best_avg=-0.714453 best_move=0,6 leader=2 inc2=1 attack_w=0.85
DBG t=12 used=0.022 remain=1.66 turn_time=0.021863 end_in=0.021863 cand_pre=14 cand_cap=20 cand=14->14 pre=14 pick(must/bucket/top/rand)=1/7/6/0 depth0=7 depth=4 dlog=3 dper=0 sims=3226 loop=3212 gen_time=0 eval_time=0.022 best_avg=-0.363864 best_move=0,4 leader=7 inc2=1 attack_w=0.336192
DBG t=24 used=0.022 remain=1.396 turn_time=0.0211696 end_in=0.0211696 cand_pre=15 cand_cap=20 cand=15->15 pre=15 pick(must/bucket/top/rand)=1/6/8/0 depth0=7 depth=4 dlog=3 dper=0 sims=3087 loop=3072 gen_time=0 eval_time=0.022 best_avg=-0.254994 best_move=1,2 leader=1 inc2=1 attack_w=0.2
DBG t=37 used=0.02 remain=1.124 turn_time=0.0195183 end_in=0.0195183 cand_pre=24 cand_cap=20 cand=24->20 pre=24 pick(must/bucket/top/rand)=1/8/7/4 depth0=10 depth=6 dlog=4 dper=0 sims=1808 loop=1788 gen_time=0 eval_time=0.02 best_avg=-0.228877 best_move=1,2 leader=1 inc2=1 attack_w=0.2
DBG t=49 used=0.02 remain=0.872 turn_time=0.0191498 end_in=0.0191498 cand_pre=20 cand_cap=20 cand=20->20 pre=20 pick(must/bucket/top/rand)=1/6/9/4 depth0=10 depth=6 dlog=4 dper=0 sims=1880 loop=1860 gen_time=0 eval_time=0.02 best_avg=-0.487267 best_move=1,2 leader=5 inc2=1 attack_w=0.2
DBG t=61 used=0.019 remain=0.638 turn_time=0.0182157 end_in=0.0182157 cand_pre=21 cand_cap=20 cand=21->20 pre=21 pick(must/bucket/top/rand)=1/5/10/4 depth0=10 depth=6 dlog=4 dper=0 sims=1868 loop=1848 gen_time=0 eval_time=0.019 best_avg=-0.31204 best_move=1,2 leader=1 inc2=1 attack_w=0.2
DBG t=74 used=0.018 remain=0.4 turn_time=0.0171308 end_in=0.0171308 cand_pre=21 cand_cap=20 cand=21->20 pre=21 pick(must/bucket/top/rand)=1/6/9/4 depth0=11 depth=7 dlog=4 dper=0 sims=1500 loop=1480 gen_time=0 eval_time=0.018 best_avg=-0.54187 best_move=0,3 leader=5 inc2=1 attack_w=0.2
DBG t=86 used=0.016 remain=0.195 turn_time=0.0156 end_in=0.0156 cand_pre=20 cand_cap=20 cand=20->20 pre=20 pick(must/bucket/top/rand)=1/6/9/4 depth0=11 depth=6 dlog=4 dper=0 sims=1616 loop=1596 gen_time=0 eval_time=0.016 best_avg=-0.483063 best_move=1,3 leader=5 inc2=1 attack_w=0.370114
DBG depth_guard t=99 remain=0.008 cand_pre=20 depth0=0 depth=0
DBG t=99 used=0.005 remain=0.008 turn_time=0.0048 end_in=0.0048 cand_pre=20 cand_cap=12 cand=20->12 pre=20 pick(must/bucket/top/rand)=1/6/3/2 depth0=0 depth=0 dlog=4 dper=4 sims=5308 loop=5296 gen_time=0 eval_time=0.005 best_avg=-0.444026 best_move=0,3 leader=7 inc2=1 attack_w=0.356025
DBG summary depth_guard_fired=1
Score = 97593
=== CASE 0094.txt ===
DBG hdr N=10 M=2 T=100 U=4 VMAX=1645 TIME_LIMIT=1.94 MAX_CAND=20 UCB_C=0.21
DBG t=0 used=0.024 remain=1.94 turn_time=0.0236195 end_in=0.0236195 cand_pre=5 cand_cap=20 cand=5->5 pre=5 pick(must/bucket/top/rand)=1/2/2/0 depth0=7 depth=5 dlog=2 dper=0 sims=11037 loop=11032 gen_time=0 eval_time=0.024 best_avg=-2.73922 best_move=4,4 leader=1 inc2=1 attack_w=0.153407
DBG t=12 used=0.022 remain=1.665 turn_time=0.0218058 end_in=0.0218058 cand_pre=15 cand_cap=20 cand=15->15 pre=15 pick(must/bucket/top/rand)=1/2/12/0 depth0=7 depth=4 dlog=3 dper=0 sims=9175 loop=9160 gen_time=0 eval_time=0.022 best_avg=-2.8885 best_move=3,6 leader=1 inc2=1 attack_w=0.2
DBG t=24 used=0.021 remain=1.408 turn_time=0.0206291 end_in=0.0206291 cand_pre=21 cand_cap=20 cand=21->20 pre=21 pick(must/bucket/top/rand)=1/2/13/4 depth0=7 depth=3 dlog=4 dper=0 sims=10072 loop=10052 gen_time=0 eval_time=0.021 best_avg=-3.00389 best_move=3,4 leader=1 inc2=1 attack_w=0.2
DBG t=37 used=0.02 remain=1.144 turn_time=0.0191575 end_in=0.0191575 cand_pre=30 cand_cap=20 cand=30->20 pre=30 pick(must/bucket/top/rand)=1/2/13/4 depth0=10 depth=5 dlog=4 dper=1 sims=4980 loop=4960 gen_time=0 eval_time=0.02 best_avg=-3.11297 best_move=3,9 leader=1 inc2=1 attack_w=0.2
DBG t=49 used=0.019 remain=0.914 turn_time=0.0180918 end_in=0.0180918 cand_pre=37 cand_cap=20 cand=37->20 pre=37 pick(must/bucket/top/rand)=1/4/11/4 depth0=10 depth=3 dlog=5 dper=2 sims=6764 loop=6744 gen_time=0 eval_time=0.019 best_avg=-3.07042 best_move=7,5 leader=1 inc2=1 attack_w=0.2
DBG t=61 used=0.018 remain=0.696 turn_time=0.0174357 end_in=0.0174357 cand_pre=42 cand_cap=20 cand=42->20 pre=42 pick(must/bucket/top/rand)=1/6/9/4 depth0=10 depth=3 dlog=5 dper=2 sims=6044 loop=6024 gen_time=0 eval_time=0.018 best_avg=-2.94723 best_move=6,8 leader=1 inc2=1 attack_w=0.2
DBG t=74 used=0.018 remain=0.462 turn_time=0.0171295 end_in=0.0171295 cand_pre=44 cand_cap=20 cand=44->20 pre=44 pick(must/bucket/top/rand)=1/8/7/4 depth0=11 depth=3 dlog=5 dper=3 sims=5536 loop=5516 gen_time=0 eval_time=0.018 best_avg=-2.77899 best_move=7,6 leader=1 inc2=1 attack_w=0.2
DBG t=86 used=0.017 remain=0.25 turn_time=0.01675 end_in=0.01675 cand_pre=48 cand_cap=20 cand=48->20 pre=48 pick(must/bucket/top/rand)=1/8/7/4 depth0=11 depth=3 dlog=5 dper=3 sims=5296 loop=5276 gen_time=0 eval_time=0.017 best_avg=-2.81766 best_move=8,6 leader=1 inc2=1 attack_w=0.2
DBG depth_guard t=99 remain=0.019 cand_pre=48 depth0=0 depth=0
DBG t=99 used=0.012 remain=0.019 turn_time=0.0114 end_in=0.0114 cand_pre=48 cand_cap=16 cand=48->16 pre=48 pick(must/bucket/top/rand)=1/8/3/4 depth0=0 depth=0 dlog=5 dper=4 sims=32332 loop=32316 gen_time=0 eval_time=0.012 best_avg=-2.70603 best_move=7,6 leader=1 inc2=1 attack_w=0.2
DBG summary depth_guard_fired=1
Score = 142645
=== CASE 0095.txt ===
DBG hdr N=10 M=3 T=100 U=3 VMAX=2391 TIME_LIMIT=1.94 MAX_CAND=20 UCB_C=0.21
DBG t=0 used=0.024 remain=1.94 turn_time=0.0237456 end_in=0.0237456 cand_pre=4 cand_cap=20 cand=4->4 pre=4 pick(must/bucket/top/rand)=1/2/1/0 depth0=7 depth=6 dlog=1 dper=0 sims=6404 loop=6400 gen_time=0 eval_time=0.024 best_avg=-0.818028 best_move=8,3 leader=2 inc2=1 attack_w=0.13
DBG t=12 used=0.022 remain=1.665 turn_time=0.0216828 end_in=0.0216828 cand_pre=16 cand_cap=20 cand=16->16 pre=16 pick(must/bucket/top/rand)=1/6/9/0 depth0=7 depth=4 dlog=3 dper=0 sims=7508 loop=7492 gen_time=0 eval_time=0.022 best_avg=-0.9302 best_move=9,4 leader=1 inc2=1 attack_w=0.2
DBG t=24 used=0.022 remain=1.401 turn_time=0.0210058 end_in=0.0210058 cand_pre=17 cand_cap=20 cand=17->17 pre=17 pick(must/bucket/top/rand)=1/4/11/1 depth0=7 depth=4 dlog=3 dper=0 sims=7589 loop=7572 gen_time=0 eval_time=0.022 best_avg=-0.693384 best_move=6,3 leader=1 inc2=1 attack_w=0.2
DBG t=37 used=0.02 remain=1.129 turn_time=0.0197217 end_in=0.0197217 cand_pre=23 cand_cap=20 cand=23->20 pre=23 pick(must/bucket/top/rand)=1/5/10/4 depth0=10 depth=6 dlog=4 dper=0 sims=3796 loop=3776 gen_time=0 eval_time=0.02 best_avg=-0.655004 best_move=6,3 leader=1 inc2=1 attack_w=0.2
DBG t=49 used=0.019 remain=0.892 turn_time=0.0186795 end_in=0.0186795 cand_pre=28 cand_cap=20 cand=28->20 pre=28 pick(must/bucket/top/rand)=1/7/8/4 depth0=10 depth=5 dlog=4 dper=1 sims=4192 loop=4172 gen_time=0 eval_time=0.019 best_avg=-0.400311 best_move=7,4 leader=1 inc2=1 attack_w=0.2
DBG t=61 used=0.019 remain=0.664 turn_time=0.0184047 end_in=0.0184047 cand_pre=26 cand_cap=20 cand=26->20 pre=26 pick(must/bucket/top/rand)=1/5/10/4 depth0=10 depth=5 dlog=4 dper=1 sims=3996 loop=3976 gen_time=0 eval_time=0.019 best_avg=-0.850907 best_move=8,0 leader=1 inc2=1 attack_w=0.2
DBG t=74 used=0.018 remain=0.423 turn_time=0.0176928 end_in=0.0176928 cand_pre=25 cand_cap=20 cand=25->20 pre=25 pick(must/bucket/top/rand)=1/4/11/4 depth0=11 depth=6 dlog=4 dper=1 sims=2876 loop=2856 gen_time=0 eval_time=0.018 best_avg=-1.03624 best_move=5,4 leader=1 inc2=1 attack_w=0.2
DBG t=86 used=0.017 remain=0.212 turn_time=0.0163694 end_in=0.0163694 cand_pre=26 cand_cap=20 cand=26->20 pre=26 pick(must/bucket/top/rand)=1/6/9/4 depth0=11 depth=6 dlog=4 dper=1 sims=2928 loop=2908 gen_time=0 eval_time=0.017 best_avg=-1.13221 best_move=7,3 leader=2 inc2=1 attack_w=0.2
DBG depth_guard t=99 remain=0.01 cand_pre=26 depth0=0 depth=0
DBG t=99 used=0.007 remain=0.01 turn_time=0.006 end_in=0.006 cand_pre=26 cand_cap=12 cand=26->12 pre=26 pick(must/bucket/top/rand)=1/6/3/2 depth0=0 depth=0 dlog=4 dper=4 sims=14816 loop=14804 gen_time=0 eval_time=0.007 best_avg=-0.982372 best_move=6,3 leader=2 inc2=1 attack_w=0.2
DBG summary depth_guard_fired=1
Score = 149464
=== CASE 0098.txt ===
DBG hdr N=10 M=2 T=100 U=1 VMAX=2363 TIME_LIMIT=1.94 MAX_CAND=20 UCB_C=0.21
DBG t=0 used=0.024 remain=1.94 turn_time=0.0236195 end_in=0.0236195 cand_pre=5 cand_cap=20 cand=5->5 pre=5 pick(must/bucket/top/rand)=1/2/2/0 depth0=7 depth=5 dlog=2 dper=0 sims=10753 loop=10748 gen_time=0 eval_time=0.024 best_avg=-2.6139 best_move=8,3 leader=1 inc2=1 attack_w=0.13
DBG t=12 used=0.021 remain=1.673 turn_time=0.0203041 end_in=0.0203041 cand_pre=28 cand_cap=20 cand=28->20 pre=28 pick(must/bucket/top/rand)=1/2/13/4 depth0=7 depth=2 dlog=4 dper=1 sims=11452 loop=11432 gen_time=0 eval_time=0.021 best_avg=-2.22546 best_move=6,6 leader=1 inc2=1 attack_w=0.2
DBG t=24 used=0.019 remain=1.427 turn_time=0.0181004 end_in=0.0181004 cand_pre=44 cand_cap=20 cand=44->20 pre=44 pick(must/bucket/top/rand)=1/6/9/4 depth0=7 depth=0 dlog=5 dper=2 sims=48640 loop=48620 gen_time=0 eval_time=0.019 best_avg=-2.09624 best_move=4,5 leader=1 inc2=1 attack_w=0.2
DBG t=37 used=0.022 remain=1.159 turn_time=0.0213219 end_in=0.0213219 cand_pre=14 cand_cap=20 cand=14->14 pre=14 pick(must/bucket/top/rand)=1/4/9/0 depth0=10 depth=7 dlog=3 dper=0 sims=4194 loop=4180 gen_time=0 eval_time=0.022 best_avg=-1.95549 best_move=0,1 leader=1 inc2=1 attack_w=0.2
DBG t=49 used=0.021 remain=0.904 turn_time=0.020083 end_in=0.020083 cand_pre=18 cand_cap=20 cand=18->18 pre=18 pick(must/bucket/top/rand)=1/4/11/2 depth0=10 depth=6 dlog=4 dper=0 sims=4142 loop=4124 gen_time=0 eval_time=0.021 best_avg=-1.41289 best_move=2,4 leader=1 inc2=1 attack_w=0.2
DBG t=61 used=0.019 remain=0.665 turn_time=0.0180999 end_in=0.0180999 cand_pre=29 cand_cap=20 cand=29->20 pre=29 pick(must/bucket/top/rand)=1/5/10/4 depth0=10 depth=5 dlog=4 dper=1 sims=4476 loop=4456 gen_time=0 eval_time=0.019 best_avg=-1.17335 best_move=2,5 leader=1 inc2=1 attack_w=0.2
DBG t=74 used=0.018 remain=0.425 turn_time=0.0170327 end_in=0.0170327 cand_pre=32 cand_cap=20 cand=32->20 pre=32 pick(must/bucket/top/rand)=1/6/9/4 depth0=11 depth=5 dlog=4 dper=2 sims=3840 loop=3820 gen_time=0 eval_time=0.018 best_avg=-1.04358 best_move=3,4 leader=1 inc2=1 attack_w=0.2
DBG t=86 used=0.017 remain=0.218 turn_time=0.016023 end_in=0.016023 cand_pre=34 cand_cap=20 cand=34->20 pre=34 pick(must/bucket/top/rand)=1/4/11/4 depth0=11 depth=5 dlog=4 dper=2 sims=3300 loop=3280 gen_time=0 eval_time=0.017 best_avg=-0.864798 best_move=1,4 leader=1 inc2=1 attack_w=0.2
DBG t=99 used=0.013 remain=0.021 turn_time=0.0126 end_in=0.0126 cand_pre=3 cand_cap=16 cand=3->3 pre=3 pick(must/bucket/top/rand)=1/2/0/0 depth0=0 depth=0 dlog=1 dper=0 sims=49455 loop=49452 gen_time=0 eval_time=0.013 best_avg=-0.202408 best_move=0,3 leader=1 inc2=1 attack_w=0.2
DBG summary depth_guard_fired=0
Score = 340119
=== CASE 0096.txt ===
DBG hdr N=10 M=4 T=100 U=3 VMAX=1888 TIME_LIMIT=1.94 MAX_CAND=20 UCB_C=0.21
DBG t=0 used=0.024 remain=1.94 turn_time=0.0236195 end_in=0.0236195 cand_pre=5 cand_cap=20 cand=5->5 pre=5 pick(must/bucket/top/rand)=1/2/2/0 depth0=7 depth=5 dlog=2 dper=0 sims=7013 loop=7008 gen_time=0 eval_time=0.024 best_avg=-0.947553 best_move=6,0 leader=1 inc2=1 attack_w=0.85
DBG t=12 used=0.022 remain=1.662 turn_time=0.0216438 end_in=0.0216438 cand_pre=16 cand_cap=20 cand=16->16 pre=16 pick(must/bucket/top/rand)=1/7/8/0 depth0=7 depth=4 dlog=3 dper=0 sims=6088 loop=6072 gen_time=0 eval_time=0.022 best_avg=-0.571527 best_move=9,3 leader=3 inc2=0 attack_w=0.2
DBG t=24 used=0.022 remain=1.385 turn_time=0.0219504 end_in=0.0219504 cand_pre=7 cand_cap=20 cand=7->7 pre=7 pick(must/bucket/top/rand)=1/5/1/0 depth0=7 depth=5 dlog=2 dper=0 sims=4103 loop=4096 gen_time=0 eval_time=0.022 best_avg=-0.900435 best_move=8,3 leader=3 inc2=0 attack_w=0.2
DBG t=37 used=0.02 remain=1.111 turn_time=0.0195219 end_in=0.0195219 cand_pre=22 cand_cap=20 cand=22->20 pre=22 pick(must/bucket/top/rand)=1/7/8/4 depth0=10 depth=6 dlog=4 dper=0 sims=2812 loop=2792 gen_time=0 eval_time=0.02 best_avg=-0.835757 best_move=9,2 leader=2 inc2=1 attack_w=0.2
DBG t=49 used=0.02 remain=0.871 turn_time=0.0190168 end_in=0.0190168 cand_pre=21 cand_cap=20 cand=21->20 pre=21 pick(must/bucket/top/rand)=1/4/11/4 depth0=10 depth=6 dlog=4 dper=0 sims=2604 loop=2584 gen_time=0 eval_time=0.02 best_avg=-0.934012 best_move=3,0 leader=2 inc2=0 attack_w=0.2
DBG t=61 used=0.018 remain=0.644 turn_time=0.017099 end_in=0.017099 cand_pre=33 cand_cap=20 cand=33->20 pre=33 pick(must/bucket/top/rand)=1/4/11/4 depth0=10 depth=4 dlog=4 dper=2 sims=3004 loop=2984 gen_time=0 eval_time=0.018 best_avg=-0.916507 best_move=2,2 leader=2 inc2=0 attack_w=0.2
DBG t=74 used=0.017 remain=0.42 turn_time=0.0160973 end_in=0.0160973 cand_pre=39 cand_cap=20 cand=39->20 pre=39 pick(must/bucket/top/rand)=1/5/10/4 depth0=11 depth=4 dlog=5 dper=2 sims=2508 loop=2488 gen_time=0 eval_time=0.017 best_avg=-0.696894 best_move=0,1 leader=2 inc2=0 attack_w=0.2
DBG t=86 used=0.016 remain=0.226 turn_time=0.0153519 end_in=0.0153519 cand_pre=46 cand_cap=20 cand=46->20 pre=46 pick(must/bucket/top/rand)=1/8/7/4 depth0=11 depth=3 dlog=5 dper=3 sims=2696 loop=2676 gen_time=0 eval_time=0.016 best_avg=-0.624321 best_move=1,6 leader=2 inc2=1 attack_w=0.2
DBG depth_guard t=99 remain=0.018 cand_pre=55 depth0=0 depth=0
DBG t=99 used=0.011 remain=0.018 turn_time=0.0108 end_in=0.0108 cand_pre=55 cand_cap=14 cand=55->14 pre=42 pick(must/bucket/top/rand)=1/8/2/3 depth0=0 depth=0 dlog=5 dper=5 sims=12854 loop=12840 gen_time=0 eval_time=0.011 best_avg=-0.532077 best_move=2,8 leader=2 inc2=1 attack_w=0.2
DBG summary depth_guard_fired=1
Score = 142709
=== CASE 0097.txt ===
DBG hdr N=10 M=7 T=100 U=5 VMAX=1552 TIME_LIMIT=1.94 MAX_CAND=20 UCB_C=0.21
DBG t=0 used=0.024 remain=1.94 turn_time=0.0237456 end_in=0.0237456 cand_pre=4 cand_cap=20 cand=4->4 pre=4 pick(must/bucket/top/rand)=1/2/1/0 depth0=7 depth=6 dlog=1 dper=0 sims=4172 loop=4168 gen_time=0 eval_time=0.024 best_avg=-0.786048 best_move=8,4 leader=5 inc2=1 attack_w=0.655086
DBG t=12 used=0.023 remain=1.659 turn_time=0.0220949 end_in=0.0220949 cand_pre=12 cand_cap=20 cand=12->12 pre=12 pick(must/bucket/top/rand)=1/4/7/0 depth0=7 depth=4 dlog=3 dper=0 sims=4052 loop=4040 gen_time=0 eval_time=0.023 best_avg=-0.436027 best_move=7,3 leader=5 inc2=1 attack_w=0.27968
DBG t=24 used=0.022 remain=1.393 turn_time=0.0211241 end_in=0.0211241 cand_pre=15 cand_cap=20 cand=15->15 pre=15 pick(must/bucket/top/rand)=1/6/8/0 depth0=7 depth=4 dlog=3 dper=0 sims=3507 loop=3492 gen_time=0 eval_time=0.022 best_avg=-0.300605 best_move=6,4 leader=6 inc2=1 attack_w=0.2
DBG t=37 used=0.02 remain=1.124 turn_time=0.0195183 end_in=0.0195183 cand_pre=24 cand_cap=20 cand=24->20 pre=24 pick(must/bucket/top/rand)=1/8/7/4 depth0=10 depth=6 dlog=4 dper=0 sims=1812 loop=1792 gen_time=0 eval_time=0.02 best_avg=-0.23362 best_move=6,4 leader=6 inc2=1 attack_w=0.2
DBG t=49 used=0.019 remain=0.886 turn_time=0.0185539 end_in=0.0185539 cand_pre=28 cand_cap=20 cand=28->20 pre=28 pick(must/bucket/top/rand)=1/7/8/4 depth0=10 depth=5 dlog=4 dper=1 sims=1872 loop=1852 gen_time=0 eval_time=0.019 best_avg=-0.231458 best_move=4,4 leader=6 inc2=1 attack_w=0.2
DBG t=61 used=0.018 remain=0.651 turn_time=0.0178274 end_in=0.0178274 cand_pre=28 cand_cap=20 cand=28->20 pre=28 pick(must/bucket/top/rand)=1/7/8/4 depth0=10 depth=5 dlog=4 dper=1 sims=1688 loop=1668 gen_time=0 eval_time=0.018 best_avg=-0.315765 best_move=7,1 leader=6 inc2=1 attack_w=0.2
DBG t=74 used=0.018 remain=0.417 turn_time=0.0170248 end_in=0.0170248 cand_pre=29 cand_cap=20 cand=29->20 pre=29 pick(must/bucket/top/rand)=1/7/8/4 depth0=11 depth=6 dlog=4 dper=1 sims=1568 loop=1548 gen_time=0 eval_time=0.018 best_avg=-0.408168 best_move=6,3 leader=6 inc2=1 attack_w=0.2
DBG t=86 used=0.016 remain=0.213 turn_time=0.0157544 end_in=0.0157544 cand_pre=33 cand_cap=20 cand=33->20 pre=33 pick(must/bucket/top/rand)=1/4/11/4 depth0=11 depth=5 dlog=4 dper=2 sims=1732 loop=1712 gen_time=0 eval_time=0.016 best_avg=-0.289879 best_move=7,4 leader=6 inc2=1 attack_w=0.2
DBG depth_guard t=99 remain=0.011 cand_pre=28 depth0=0 depth=0
DBG t=99 used=0.007 remain=0.011 turn_time=0.0066 end_in=0.0066 cand_pre=28 cand_cap=12 cand=28->12 pre=28 pick(must/bucket/top/rand)=1/4/5/2 depth0=0 depth=0 dlog=4 dper=4 sims=5952 loop=5940 gen_time=0 eval_time=0.007 best_avg=-0.304209 best_move=6,2 leader=6 inc2=1 attack_w=0.2
DBG summary depth_guard_fired=1
Score = 115983
=== CASE 0099.txt ===
DBG hdr N=10 M=5 T=100 U=3 VMAX=2063 TIME_LIMIT=1.94 MAX_CAND=20 UCB_C=0.21
DBG t=0 used=0.024 remain=1.94 turn_time=0.0236195 end_in=0.0236195 cand_pre=5 cand_cap=20 cand=5->5 pre=5 pick(must/bucket/top/rand)=1/2/2/0 depth0=7 depth=5 dlog=2 dper=0 sims=6857 loop=6852 gen_time=0 eval_time=0.024 best_avg=-0.653815 best_move=6,4 leader=2 inc2=1 attack_w=0.13
DBG t=12 used=0.023 remain=1.658 turn_time=0.022204 end_in=0.022204 cand_pre=11 cand_cap=20 cand=11->11 pre=11 pick(must/bucket/top/rand)=1/6/4/0 depth0=7 depth=4 dlog=3 dper=0 sims=5479 loop=5468 gen_time=0 eval_time=0.023 best_avg=-0.772471 best_move=7,4 leader=2 inc2=0 attack_w=0.350286
DBG t=24 used=0.022 remain=1.392 turn_time=0.021228 end_in=0.021228 cand_pre=14 cand_cap=20 cand=14->14 pre=14 pick(must/bucket/top/rand)=1/6/7/0 depth0=7 depth=4 dlog=3 dper=0 sims=4386 loop=4372 gen_time=0 eval_time=0.022 best_avg=-0.991704 best_move=7,4 leader=2 inc2=1 attack_w=0.575291
DBG t=37 used=0.021 remain=1.114 turn_time=0.020609 end_in=0.020609 cand_pre=13 cand_cap=20 cand=13->13 pre=13 pick(must/bucket/top/rand)=1/5/7/0 depth0=10 depth=7 dlog=3 dper=0 sims=1893 loop=1880 gen_time=0 eval_time=0.021 best_avg=-1.48264 best_move=6,6 leader=3 inc2=1 attack_w=0.85
DBG t=49 used=0.02 remain=0.869 turn_time=0.0191947 end_in=0.0191947 cand_pre=19 cand_cap=20 cand=19->19 pre=19 pick(must/bucket/top/rand)=1/6/9/3 depth0=10 depth=6 dlog=4 dper=0 sims=1643 loop=1624 gen_time=0 eval_time=0.02 best_avg=-1.53512 best_move=7,5 leader=3 inc2=1 attack_w=0.85
DBG t=61 used=0.018 remain=0.626 turn_time=0.0177688 end_in=0.0177688 cand_pre=22 cand_cap=20 cand=22->20 pre=22 pick(must/bucket/top/rand)=1/6/9/4 depth0=10 depth=6 dlog=4 dper=0 sims=1644 loop=1624 gen_time=0 eval_time=0.018 best_avg=-1.34747 best_move=6,7 leader=3 inc2=1 attack_w=0.85
DBG t=74 used=0.017 remain=0.396 turn_time=0.0166625 end_in=0.0166625 cand_pre=24 cand_cap=20 cand=24->20 pre=24 pick(must/bucket/top/rand)=1/6/9/4 depth0=11 depth=6 dlog=4 dper=1 sims=1520 loop=1500 gen_time=0 eval_time=0.017 best_avg=-1.21356 best_move=5,8 leader=3 inc2=1 attack_w=0.85
DBG t=86 used=0.016 remain=0.198 turn_time=0.0151046 end_in=0.0151046 cand_pre=28 cand_cap=20 cand=28->20 pre=28 pick(must/bucket/top/rand)=1/6/9/4 depth0=11 depth=5 dlog=4 dper=2 sims=1680 loop=1660 gen_time=0 eval_time=0.016 best_avg=-1.11034 best_move=9,7 leader=3 inc2=1 attack_w=0.85
DBG depth_guard t=99 remain=0.01 cand_pre=30 depth0=0 depth=0
DBG t=99 used=0.007 remain=0.01 turn_time=0.006 end_in=0.006 cand_pre=30 cand_cap=12 cand=30->12 pre=30 pick(must/bucket/top/rand)=1/5/4/2 depth0=0 depth=0 dlog=4 dper=5 sims=6588 loop=6576 gen_time=0 eval_time=0.007 best_avg=-1.05634 best_move=8,9 leader=1 inc2=1 attack_w=0.85
DBG summary depth_guard_fired=1
Score = 86206
=== CASE 0100.txt ===
DBG hdr N=10 M=6 T=100 U=5 VMAX=2118 TIME_LIMIT=1.94 MAX_CAND=20 UCB_C=0.21
DBG t=0 used=0.024 remain=1.94 turn_time=0.0236195 end_in=0.0236195 cand_pre=5 cand_cap=20 cand=5->5 pre=5 pick(must/bucket/top/rand)=1/2/2/0 depth0=7 depth=5 dlog=2 dper=0 sims=5573 loop=5568 gen_time=0 eval_time=0.024 best_avg=-0.916663 best_move=2,6 leader=3 inc2=1 attack_w=0.85
DBG t=12 used=0.022 remain=1.666 turn_time=0.0213267 end_in=0.0213267 cand_pre=19 cand_cap=20 cand=19->19 pre=19 pick(must/bucket/top/rand)=1/7/8/3 depth0=7 depth=3 dlog=4 dper=0 sims=5995 loop=5976 gen_time=0 eval_time=0.022 best_avg=-0.529617 best_move=6,5 leader=5 inc2=1 attack_w=0.218125
DBG t=24 used=0.021 remain=1.412 turn_time=0.0203254 end_in=0.0203254 cand_pre=24 cand_cap=20 cand=24->20 pre=24 pick(must/bucket/top/rand)=1/7/8/4 depth0=7 depth=3 dlog=4 dper=0 sims=5280 loop=5260 gen_time=0 eval_time=0.021 best_avg=-0.426071 best_move=4,5 leader=4 inc2=1 attack_w=0.2
DBG t=37 used=0.02 remain=1.142 turn_time=0.0197131 end_in=0.0197131 cand_pre=25 cand_cap=20 cand=25->20 pre=25 pick(must/bucket/top/rand)=1/7/8/4 depth0=10 depth=6 dlog=4 dper=0 sims=2060 loop=2040 gen_time=0 eval_time=0.02 best_avg=-0.834162 best_move=5,5 leader=4 inc2=1 attack_w=0.248885
DBG t=49 used=0.02 remain=0.902 turn_time=0.0192338 end_in=0.0192338 cand_pre=25 cand_cap=20 cand=25->20 pre=25 pick(must/bucket/top/rand)=1/7/8/4 depth0=10 depth=6 dlog=4 dper=0 sims=1844 loop=1824 gen_time=0 eval_time=0.02 best_avg=-0.843948 best_move=4,5 leader=4 inc2=1 attack_w=0.320726
DBG t=61 used=0.019 remain=0.667 turn_time=0.0187102 end_in=0.0187102 cand_pre=24 cand_cap=20 cand=24->20 pre=24 pick(must/bucket/top/rand)=1/7/8/4 depth0=10 depth=6 dlog=4 dper=0 sims=1844 loop=1824 gen_time=0 eval_time=0.019 best_avg=-1.07018 best_move=5,3 leader=1 inc2=1 attack_w=0.85
DBG t=74 used=0.018 remain=0.425 turn_time=0.0177764 end_in=0.0177764 cand_pre=25 cand_cap=20 cand=25->20 pre=25 pick(must/bucket/top/rand)=1/7/8/4 depth0=11 depth=6 dlog=4 dper=1 sims=1744 loop=1724 gen_time=0 eval_time=0.018 best_avg=-0.929781 best_move=3,5 leader=4 inc2=1 attack_w=0.793933
DBG t=86 used=0.017 remain=0.214 turn_time=0.0166232 end_in=0.0166232 cand_pre=25 cand_cap=20 cand=25->20 pre=25 pick(must/bucket/top/rand)=1/8/7/4 depth0=11 depth=6 dlog=4 dper=1 sims=1532 loop=1512 gen_time=0 eval_time=0.017 best_avg=-0.803375 best_move=2,5 leader=4 inc2=1 attack_w=0.628001
DBG depth_guard t=99 remain=0.011 cand_pre=28 depth0=0 depth=0
DBG t=99 used=0.007 remain=0.011 turn_time=0.0066 end_in=0.0066 cand_pre=28 cand_cap=12 cand=28->12 pre=28 pick(must/bucket/top/rand)=1/7/2/2 depth0=0 depth=0 dlog=4 dper=4 sims=8172 loop=8160 gen_time=0 eval_time=0.007 best_avg=-0.657918 best_move=3,5 leader=4 inc2=1 attack_w=0.253113
DBG summary depth_guard_fired=1
Score = 100282
=== CASE 0101.txt ===
DBG hdr N=10 M=5 T=100 U=5 VMAX=1598 TIME_LIMIT=1.94 MAX_CAND=20 UCB_C=0.21
DBG t=0 used=0.024 remain=1.94 turn_time=0.0236195 end_in=0.0236195 cand_pre=5 cand_cap=20 cand=5->5 pre=5 pick(must/bucket/top/rand)=1/2/2/0 depth0=7 depth=5 dlog=2 dper=0 sims=5997 loop=5992 gen_time=0 eval_time=0.024 best_avg=-0.85218 best_move=6,3 leader=3 inc2=1 attack_w=0.85
DBG t=12 used=0.023 remain=1.662 turn_time=0.0221348 end_in=0.0221348 cand_pre=12 cand_cap=20 cand=12->12 pre=12 pick(must/bucket/top/rand)=1/2/9/0 depth0=7 depth=4 dlog=3 dper=0 sims=5612 loop=5600 gen_time=0 eval_time=0.023 best_avg=-0.688622 best_move=6,2 leader=4 inc2=0 attack_w=0.2
DBG t=24 used=0.021 remain=1.397 turn_time=0.0208263 end_in=0.0208263 cand_pre=18 cand_cap=20 cand=18->18 pre=18 pick(must/bucket/top/rand)=1/2/13/2 depth0=7 depth=3 dlog=4 dper=0 sims=5486 loop=5468 gen_time=0 eval_time=0.021 best_avg=-0.674301 best_move=9,2 leader=4 inc2=1 attack_w=0.2
DBG t=37 used=0.02 remain=1.125 turn_time=0.0198839 end_in=0.0198839 cand_pre=21 cand_cap=20 cand=21->20 pre=21 pick(must/bucket/top/rand)=1/3/12/4 depth0=10 depth=6 dlog=4 dper=0 sims=2428 loop=2408 gen_time=0 eval_time=0.02 best_avg=-0.740616 best_move=5,2 leader=1 inc2=1 attack_w=0.272137
DBG t=49 used=0.019 remain=0.885 turn_time=0.0189841 end_in=0.0189841 cand_pre=24 cand_cap=20 cand=24->20 pre=24 pick(must/bucket/top/rand)=1/3/12/4 depth0=10 depth=6 dlog=4 dper=0 sims=1948 loop=1928 gen_time=0 eval_time=0.019 best_avg=-0.617588 best_move=5,2 leader=4 inc2=1 attack_w=0.2
DBG t=61 used=0.018 remain=0.654 turn_time=0.0176915 end_in=0.0176915 cand_pre=30 cand_cap=20 cand=30->20 pre=30 pick(must/bucket/top/rand)=1/5/10/4 depth0=10 depth=5 dlog=4 dper=1 sims=2348 loop=2328 gen_time=0 eval_time=0.018 best_avg=-0.602963 best_move=6,1 leader=1 inc2=1 attack_w=0.2
DBG t=74 used=0.017 remain=0.423 turn_time=0.0166353 end_in=0.0166353 cand_pre=35 cand_cap=20 cand=35->20 pre=35 pick(must/bucket/top/rand)=1/6/9/4 depth0=11 depth=5 dlog=4 dper=2 sims=2244 loop=2224 gen_time=0 eval_time=0.017 best_avg=-0.585981 best_move=2,4 leader=1 inc2=1 attack_w=0.2
DBG t=86 used=0.016 remain=0.221 turn_time=0.0157305 end_in=0.0157305 cand_pre=39 cand_cap=20 cand=39->20 pre=39 pick(must/bucket/top/rand)=1/6/9/4 depth0=11 depth=4 dlog=5 dper=2 sims=2384 loop=2364 gen_time=0 eval_time=0.016 best_avg=-0.566612 best_move=3,2 leader=1 inc2=0 attack_w=0.2
DBG depth_guard t=99 remain=0.015 cand_pre=39 depth0=0 depth=0
DBG t=99 used=0.01 remain=0.015 turn_time=0.009 end_in=0.009 cand_pre=39 cand_cap=14 cand=39->14 pre=39 pick(must/bucket/top/rand)=1/6/4/3 depth0=0 depth=0 dlog=5 dper=4 sims=11774 loop=11760 gen_time=0 eval_time=0.01 best_avg=-0.584199 best_move=1,4 leader=1 inc2=0 attack_w=0.2
DBG summary depth_guard_fired=1
Score = 119525
=== CASE 0104.txt ===
DBG hdr N=10 M=4 T=100 U=2 VMAX=2650 TIME_LIMIT=1.94 MAX_CAND=20 UCB_C=0.21
DBG t=0 used=0.024 remain=1.94 turn_time=0.0238717 end_in=0.0238717 cand_pre=3 cand_cap=20 cand=3->3 pre=3 pick(must/bucket/top/rand)=1/2/0/0 depth0=7 depth=6 dlog=1 dper=0 sims=5959 loop=5956 gen_time=0 eval_time=0.024 best_avg=-1.69019 best_move=1,0 leader=2 inc2=1 attack_w=0.85
DBG t=12 used=0.02 remain=1.672 turn_time=0.0194275 end_in=0.0194275 cand_pre=35 cand_cap=20 cand=35->20 pre=35 pick(must/bucket/top/rand)=1/5/10/4 depth0=7 depth=2 dlog=4 dper=1 sims=8752 loop=8732 gen_time=0 eval_time=0.02 best_avg=-1.25073 best_move=6,6 leader=2 inc2=0 attack_w=0.85
DBG t=24 used=0.019 remain=1.439 turn_time=0.0187449 end_in=0.0187449 cand_pre=40 cand_cap=20 cand=40->20 pre=40 pick(must/bucket/top/rand)=1/6/9/4 depth0=7 depth=0 dlog=5 dper=2 sims=35952 loop=35932 gen_time=0 eval_time=0.019 best_avg=-0.603059 best_move=6,4 leader=2 inc2=1 attack_w=0.2
DBG t=37 used=0.019 remain=1.192 turn_time=0.0184855 end_in=0.0184855 cand_pre=42 cand_cap=20 cand=42->20 pre=42 pick(must/bucket/top/rand)=1/7/8/4 depth0=10 depth=3 dlog=5 dper=2 sims=4124 loop=4104 gen_time=0 eval_time=0.019 best_avg=-0.821093 best_move=4,6 leader=3 inc2=1 attack_w=0.2
DBG t=49 used=0.021 remain=0.966 turn_time=0.0201061 end_in=0.0201061 cand_pre=29 cand_cap=20 cand=29->20 pre=29 pick(must/bucket/top/rand)=1/6/9/4 depth0=10 depth=5 dlog=4 dper=1 sims=3236 loop=3216 gen_time=0 eval_time=0.021 best_avg=-0.849462 best_move=7,5 leader=3 inc2=0 attack_w=0.2
DBG t=61 used=0.017 remain=0.732 turn_time=0.0169955 end_in=0.0169955 cand_pre=53 cand_cap=20 cand=53->20 pre=53 pick(must/bucket/top/rand)=1/8/7/4 depth0=10 depth=2 dlog=5 dper=3 sims=5624 loop=5604 gen_time=0 eval_time=0.017 best_avg=-0.74091 best_move=8,7 leader=3 inc2=1 attack_w=0.2
DBG t=74 used=0.017 remain=0.508 turn_time=0.0168031 end_in=0.0168031 cand_pre=60 cand_cap=20 cand=60->20 pre=60 pick(must/bucket/top/rand)=1/7/8/4 depth0=11 depth=2 dlog=5 dper=4 sims=5364 loop=5344 gen_time=0 eval_time=0.017 best_avg=-0.70667 best_move=8,6 leader=1 inc2=0 attack_w=0.2
DBG t=86 used=0.019 remain=0.29 turn_time=0.0182182 end_in=0.0182182 cand_pre=57 cand_cap=20 cand=57->20 pre=57 pick(must/bucket/top/rand)=1/8/7/4 depth0=11 depth=3 dlog=5 dper=3 sims=3808 loop=3788 gen_time=0 eval_time=0.019 best_avg=-0.742609 best_move=5,7 leader=1 inc2=1 attack_w=0.2
DBG depth_guard t=99 remain=0.016 cand_pre=27 depth0=0 depth=0
DBG t=99 used=0.01 remain=0.016 turn_time=0.0096 end_in=0.0096 cand_pre=27 cand_cap=14 cand=27->14 pre=27 pick(must/bucket/top/rand)=1/6/4/3 depth0=0 depth=0 dlog=4 dper=3 sims=20950 loop=20936 gen_time=0 eval_time=0.01 best_avg=-0.782396 best_move=6,2 leader=1 inc2=1 attack_w=0.2
DBG summary depth_guard_fired=1
Score = 119331
=== CASE 0103.txt ===
DBG hdr N=10 M=6 T=100 U=1 VMAX=1933 TIME_LIMIT=1.94 MAX_CAND=20 UCB_C=0.21
DBG t=0 used=0.024 remain=1.94 turn_time=0.0236195 end_in=0.0236195 cand_pre=5 cand_cap=20 cand=5->5 pre=5 pick(must/bucket/top/rand)=1/2/2/0 depth0=7 depth=5 dlog=2 dper=0 sims=4893 loop=4888 gen_time=0 eval_time=0.024 best_avg=-0.593141 best_move=3,1 leader=2 inc2=1 attack_w=0.85
DBG t=12 used=0.021 remain=1.671 turn_time=0.0204033 end_in=0.0204033 cand_pre=27 cand_cap=20 cand=27->20 pre=27 pick(must/bucket/top/rand)=1/3/12/4 depth0=7 depth=3 dlog=4 dper=0 sims=4468 loop=4448 gen_time=0 eval_time=0.021 best_avg=-0.469944 best_move=6,1 leader=4 inc2=1 attack_w=0.2
DBG t=24 used=0.021 remain=1.406 turn_time=0.0209605 end_in=0.0209605 cand_pre=18 cand_cap=20 cand=18->18 pre=18 pick(must/bucket/top/rand)=1/4/11/2 depth0=7 depth=3 dlog=4 dper=0 sims=4826 loop=4808 gen_time=0 eval_time=0.021 best_avg=0.239193 best_move=8,7 leader=4 inc2=1 attack_w=0.2
DBG t=37 used=0.019 remain=1.14 turn_time=0.0185024 end_in=0.0185024 cand_pre=35 cand_cap=20 cand=35->20 pre=35 pick(must/bucket/top/rand)=1/5/10/4 depth0=10 depth=4 dlog=4 dper=2 sims=2788 loop=2768 gen_time=0 eval_time=0.019 best_avg=0.409759 best_move=5,7 leader=5 inc2=1 attack_w=0.2
DBG t=49 used=0.02 remain=0.915 turn_time=0.0192778 end_in=0.0192778 cand_pre=27 cand_cap=20 cand=27->20 pre=27 pick(must/bucket/top/rand)=1/5/10/4 depth0=10 depth=5 dlog=4 dper=1 sims=2456 loop=2436 gen_time=0 eval_time=0.02 best_avg=0.570657 best_move=5,1 leader=3 inc2=1 attack_w=0.2
DBG t=61 used=0.018 remain=0.687 turn_time=0.0173247 end_in=0.0173247 cand_pre=41 cand_cap=20 cand=41->20 pre=41 pick(must/bucket/top/rand)=1/6/9/4 depth0=10 depth=3 dlog=5 dper=2 sims=3448 loop=3428 gen_time=0 eval_time=0.018 best_avg=0.686095 best_move=4,4 leader=4 inc2=1 attack_w=0.2
DBG t=74 used=0.016 remain=0.468 turn_time=0.015129 end_in=0.015129 cand_pre=63 cand_cap=14 cand=63->14 pre=42 pick(must/bucket/top/rand)=1/6/4/3 depth0=11 depth=2 dlog=5 dper=4 sims=4250 loop=4236 gen_time=0 eval_time=0.016 best_avg=0.819735 best_move=3,7 leader=3 inc2=1 attack_w=0.2
DBG t=86 used=0.021 remain=0.25 turn_time=0.0205804 end_in=0.0205804 cand_pre=15 cand_cap=20 cand=15->15 pre=15 pick(must/bucket/top/rand)=1/4/10/0 depth0=11 depth=8 dlog=3 dper=0 sims=1475 loop=1460 gen_time=0 eval_time=0.021 best_avg=0.371406 best_move=3,1 leader=5 inc2=1 attack_w=0.2
DBG depth_guard t=99 remain=0.009 cand_pre=9 depth0=0 depth=0
DBG t=99 used=0.006 remain=0.009 turn_time=0.0054 end_in=0.0054 cand_pre=9 cand_cap=12 cand=9->9 pre=9 pick(must/bucket/top/rand)=1/4/4/0 depth0=0 depth=0 dlog=3 dper=1 sims=7541 loop=7532 gen_time=0 eval_time=0.006 best_avg=0.568718 best_move=7,1 leader=3 inc2=1 attack_w=0.2
DBG summary depth_guard_fired=1
Score = 205275
=== CASE 0102.txt ===
DBG hdr N=10 M=2 T=100 U=1 VMAX=1073 TIME_LIMIT=1.94 MAX_CAND=20 UCB_C=0.21
DBG t=0 used=0.024 remain=1.94 turn_time=0.0236195 end_in=0.0236195 cand_pre=5 cand_cap=20 cand=5->5 pre=5 pick(must/bucket/top/rand)=1/2/2/0 depth0=7 depth=5 dlog=2 dper=0 sims=9845 loop=9840 gen_time=0 eval_time=0.024 best_avg=-2.51078 best_move=3,8 leader=1 inc2=1 attack_w=0.447251
DBG t=12 used=0.021 remain=1.67 turn_time=0.0205144 end_in=0.0205144 cand_pre=26 cand_cap=20 cand=26->20 pre=26 pick(must/bucket/top/rand)=1/2/13/4 depth0=7 depth=3 dlog=4 dper=0 sims=7740 loop=7720 gen_time=0 eval_time=0.021 best_avg=-2.91485 best_move=4,6 leader=1 inc2=1 attack_w=0.318888
DBG t=24 used=0.018 remain=1.438 turn_time=0.017502 end_in=0.017502 cand_pre=50 cand_cap=20 cand=50->20 pre=50 pick(must/bucket/top/rand)=1/6/9/4 depth0=7 depth=0 dlog=5 dper=3 sims=44956 loop=44936 gen_time=0 eval_time=0.018 best_avg=-2.33867 best_move=8,8 leader=1 inc2=1 attack_w=0.2
DBG t=37 used=0.022 remain=1.172 turn_time=0.0213192 end_in=0.0213192 cand_pre=16 cand_cap=20 cand=16->16 pre=16 pick(must/bucket/top/rand)=1/6/9/0 depth0=10 depth=7 dlog=3 dper=0 sims=3076 loop=3060 gen_time=0 eval_time=0.022 best_avg=-2.07248 best_move=6,1 leader=1 inc2=1 attack_w=0.2
DBG t=49 used=0.021 remain=0.907 turn_time=0.0207276 end_in=0.0207276 cand_pre=13 cand_cap=20 cand=13->13 pre=13 pick(must/bucket/top/rand)=1/4/8/0 depth0=10 depth=7 dlog=3 dper=0 sims=3225 loop=3212 gen_time=0 eval_time=0.021 best_avg=-2.05495 best_move=9,3 leader=1 inc2=1 attack_w=0.2
DBG t=61 used=0.02 remain=0.667 turn_time=0.019933 end_in=0.019933 cand_pre=13 cand_cap=20 cand=13->13 pre=13 pick(must/bucket/top/rand)=1/5/7/0 depth0=10 depth=7 dlog=3 dper=0 sims=2973 loop=2960 gen_time=0 eval_time=0.02 best_avg=-1.88011 best_move=4,2 leader=1 inc2=1 attack_w=0.2
DBG t=74 used=0.019 remain=0.412 turn_time=0.0186747 end_in=0.0186747 cand_pre=11 cand_cap=20 cand=11->11 pre=11 pick(must/bucket/top/rand)=1/5/5/0 depth0=11 depth=8 dlog=3 dper=0 sims=2371 loop=2360 gen_time=0 eval_time=0.019 best_avg=-1.82183 best_move=5,2 leader=1 inc2=1 attack_w=0.2
DBG t=86 used=0.016 remain=0.192 turn_time=0.0154491 end_in=0.0154491 cand_pre=19 cand_cap=20 cand=19->19 pre=19 pick(must/bucket/top/rand)=1/5/10/3 depth0=11 depth=6 dlog=4 dper=0 sims=2999 loop=2980 gen_time=0 eval_time=0.016 best_avg=-1.78467 best_move=2,2 leader=1 inc2=1 attack_w=0.2
DBG depth_guard t=99 remain=0.01 cand_pre=44 depth0=0 depth=0
DBG t=99 used=0.007 remain=0.01 turn_time=0.006 end_in=0.006 cand_pre=44 cand_cap=12 cand=44->12 pre=36 pick(must/bucket/top/rand)=1/6/3/2 depth0=0 depth=0 dlog=5 dper=5 sims=18504 loop=18492 gen_time=0 eval_time=0.007 best_avg=-1.72859 best_move=2,2 leader=1 inc2=1 attack_w=0.2
DBG summary depth_guard_fired=1
Score = 204551
=== CASE 0105.txt ===
DBG hdr N=10 M=8 T=100 U=4 VMAX=1638 TIME_LIMIT=1.94 MAX_CAND=20 UCB_C=0.21
DBG t=0 used=0.024 remain=1.94 turn_time=0.0236195 end_in=0.0236195 cand_pre=5 cand_cap=20 cand=5->5 pre=5 pick(must/bucket/top/rand)=1/3/1/0 depth0=7 depth=5 dlog=2 dper=0 sims=4993 loop=4988 gen_time=0 eval_time=0.024 best_avg=-0.86046 best_move=1,1 leader=6 inc2=1 attack_w=0.85
DBG t=12 used=0.023 remain=1.657 turn_time=0.0221906 end_in=0.0221906 cand_pre=11 cand_cap=20 cand=11->11 pre=11 pick(must/bucket/top/rand)=1/3/7/0 depth0=7 depth=4 dlog=3 dper=0 sims=3563 loop=3552 gen_time=0 eval_time=0.023 best_avg=-0.780254 best_move=2,3 leader=6 inc2=1 attack_w=0.85
DBG t=24 used=0.021 remain=1.392 turn_time=0.0207518 end_in=0.0207518 cand_pre=18 cand_cap=20 cand=18->18 pre=18 pick(must/bucket/top/rand)=1/6/9/2 depth0=7 depth=3 dlog=4 dper=0 sims=3690 loop=3672 gen_time=0 eval_time=0.021 best_avg=-0.898967 best_move=2,4 leader=2 inc2=1 attack_w=0.85
DBG t=37 used=0.02 remain=1.117 turn_time=0.0198578 end_in=0.0198578 cand_pre=20 cand_cap=20 cand=20->20 pre=20 pick(must/bucket/top/rand)=1/6/9/4 depth0=10 depth=6 dlog=4 dper=0 sims=1828 loop=1808 gen_time=0 eval_time=0.02 best_avg=-0.644676 best_move=0,3 leader=2 inc2=1 attack_w=0.85
DBG t=49 used=0.019 remain=0.881 turn_time=0.0185615 end_in=0.0185615 cand_pre=27 cand_cap=20 cand=27->20 pre=27 pick(must/bucket/top/rand)=1/5/10/4 depth0=10 depth=5 dlog=4 dper=1 sims=1812 loop=1792 gen_time=0 eval_time=0.019 best_avg=-0.545284 best_move=1,6 leader=2 inc2=1 attack_w=0.85
DBG t=61 used=0.018 remain=0.656 turn_time=0.017855 end_in=0.017855 cand_pre=29 cand_cap=20 cand=29->20 pre=29 pick(must/bucket/top/rand)=1/6/9/4 depth0=10 depth=5 dlog=4 dper=1 sims=1964 loop=1944 gen_time=0 eval_time=0.018 best_avg=-0.666966 best_move=0,7 leader=2 inc2=1 attack_w=0.559082
DBG t=74 used=0.019 remain=0.416 turn_time=0.018024 end_in=0.018024 cand_pre=19 cand_cap=20 cand=19->19 pre=19 pick(must/bucket/top/rand)=1/4/11/3 depth0=11 depth=7 dlog=4 dper=0 sims=1487 loop=1468 gen_time=0 eval_time=0.019 best_avg=-0.677037 best_move=4,2 leader=5 inc2=1 attack_w=0.679369
DBG t=86 used=0.017 remain=0.203 turn_time=0.0160515 end_in=0.0160515 cand_pre=22 cand_cap=20 cand=22->20 pre=22 pick(must/bucket/top/rand)=1/4/11/4 depth0=11 depth=6 dlog=4 dper=1 sims=1520 loop=1500 gen_time=0 eval_time=0.017 best_avg=-0.645158 best_move=4,2 leader=2 inc2=1 attack_w=0.69624
DBG depth_guard t=99 remain=0.008 cand_pre=21 depth0=0 depth=0
DBG t=99 used=0.005 remain=0.008 turn_time=0.0048 end_in=0.0048 cand_pre=21 cand_cap=12 cand=21->12 pre=21 pick(must/bucket/top/rand)=1/2/7/2 depth0=0 depth=0 dlog=4 dper=4 sims=4424 loop=4412 gen_time=0 eval_time=0.005 best_avg=-0.642353 best_move=1,3 leader=2 inc2=1 attack_w=0.751708
DBG summary depth_guard_fired=1
Score = 86633
=== CASE 0106.txt ===
DBG hdr N=10 M=4 T=100 U=2 VMAX=2254 TIME_LIMIT=1.94 MAX_CAND=20 UCB_C=0.21
DBG t=0 used=0.024 remain=1.94 turn_time=0.0237456 end_in=0.0237456 cand_pre=4 cand_cap=20 cand=4->4 pre=4 pick(must/bucket/top/rand)=1/2/1/0 depth0=7 depth=6 dlog=1 dper=0 sims=5796 loop=5792 gen_time=0 eval_time=0.024 best_avg=-0.741466 best_move=5,0 leader=3 inc2=1 attack_w=0.13
DBG t=12 used=0.022 remain=1.66 turn_time=0.021863 end_in=0.021863 cand_pre=14 cand_cap=20 cand=14->14 pre=14 pick(must/bucket/top/rand)=1/4/9/0 depth0=7 depth=4 dlog=3 dper=0 sims=5570 loop=5556 gen_time=0 eval_time=0.022 best_avg=-0.659293 best_move=6,0 leader=3 inc2=0 attack_w=0.2
DBG t=24 used=0.021 remain=1.4 turn_time=0.0207513 end_in=0.0207513 cand_pre=19 cand_cap=20 cand=19->19 pre=19 pick(must/bucket/top/rand)=1/3/12/3 depth0=7 depth=3 dlog=4 dper=0 sims=6203 loop=6184 gen_time=0 eval_time=0.021 best_avg=-0.475823 best_move=6,0 leader=3 inc2=1 attack_w=0.2
DBG t=37 used=0.02 remain=1.128 turn_time=0.019937 end_in=0.019937 cand_pre=21 cand_cap=20 cand=21->20 pre=21 pick(must/bucket/top/rand)=1/4/11/4 depth0=10 depth=6 dlog=4 dper=0 sims=2836 loop=2816 gen_time=0 eval_time=0.02 best_avg=-0.574988 best_move=5,2 leader=1 inc2=1 attack_w=0.2
DBG t=49 used=0.02 remain=0.887 turn_time=0.0191401 end_in=0.0191401 cand_pre=23 cand_cap=20 cand=23->20 pre=23 pick(must/bucket/top/rand)=1/4/11/4 depth0=10 depth=6 dlog=4 dper=0 sims=2748 loop=2728 gen_time=0 eval_time=0.02 best_avg=-0.70928 best_move=7,1 leader=1 inc2=0 attack_w=0.2
DBG t=61 used=0.019 remain=0.656 turn_time=0.0180736 end_in=0.0180736 cand_pre=27 cand_cap=20 cand=27->20 pre=27 pick(must/bucket/top/rand)=1/4/11/4 depth0=10 depth=5 dlog=4 dper=1 sims=2892 loop=2872 gen_time=0 eval_time=0.019 best_avg=-0.667232 best_move=7,2 leader=1 inc2=0 attack_w=0.2
DBG t=74 used=0.017 remain=0.421 turn_time=0.0168724 end_in=0.0168724 cand_pre=32 cand_cap=20 cand=32->20 pre=32 pick(must/bucket/top/rand)=1/4/11/4 depth0=11 depth=5 dlog=4 dper=2 sims=2368 loop=2348 gen_time=0 eval_time=0.017 best_avg=-0.431401 best_move=2,2 leader=1 inc2=0 attack_w=0.2
DBG t=86 used=0.016 remain=0.217 turn_time=0.0159495 end_in=0.0159495 cand_pre=34 cand_cap=20 cand=34->20 pre=34 pick(must/bucket/top/rand)=1/6/9/4 depth0=11 depth=5 dlog=4 dper=2 sims=2300 loop=2280 gen_time=0 eval_time=0.016 best_avg=-0.377624 best_move=2,3 leader=1 inc2=0 attack_w=0.2
DBG depth_guard t=99 remain=0.012 cand_pre=30 depth0=0 depth=0
DBG t=99 used=0.008 remain=0.012 turn_time=0.0072 end_in=0.0072 cand_pre=30 cand_cap=12 cand=30->12 pre=30 pick(must/bucket/top/rand)=1/6/3/2 depth0=0 depth=0 dlog=4 dper=4 sims=11752 loop=11740 gen_time=0 eval_time=0.008 best_avg=-0.459606 best_move=6,0 leader=1 inc2=1 attack_w=0.2
DBG summary depth_guard_fired=1
Score = 140983
=== CASE 0107.txt ===
DBG hdr N=10 M=7 T=100 U=4 VMAX=1471 TIME_LIMIT=1.94 MAX_CAND=20 UCB_C=0.21
DBG t=0 used=0.024 remain=1.94 turn_time=0.0237456 end_in=0.0237456 cand_pre=4 cand_cap=20 cand=4->4 pre=4 pick(must/bucket/top/rand)=1/2/1/0 depth0=7 depth=6 dlog=1 dper=0 sims=4500 loop=4496 gen_time=0 eval_time=0.024 best_avg=-0.798499 best_move=2,2 leader=3 inc2=1 attack_w=0.85
DBG t=12 used=0.023 remain=1.659 turn_time=0.0224625 end_in=0.0224625 cand_pre=9 cand_cap=20 cand=9->9 pre=9 pick(must/bucket/top/rand)=1/5/3/0 depth0=7 depth=4 dlog=3 dper=0 sims=4217 loop=4208 gen_time=0 eval_time=0.023 best_avg=-1.29738 best_move=3,4 leader=5 inc2=1 attack_w=0.85
DBG t=24 used=0.022 remain=1.388 turn_time=0.0218793 end_in=0.0218793 cand_pre=8 cand_cap=20 cand=8->8 pre=8 pick(must/bucket/top/rand)=1/5/2/0 depth0=7 depth=5 dlog=2 dper=0 sims=2536 loop=2528 gen_time=0 eval_time=0.022 best_avg=-1.22696 best_move=3,4 leader=4 inc2=1 attack_w=0.85
DBG t=37 used=0.02 remain=1.111 turn_time=0.0198657 end_in=0.0198657 cand_pre=19 cand_cap=20 cand=19->19 pre=19 pick(must/bucket/top/rand)=1/8/7/3 depth0=10 depth=6 dlog=4 dper=0 sims=1811 loop=1792 gen_time=0 eval_time=0.02 best_avg=-1.16852 best_move=1,7 leader=4 inc2=1 attack_w=0.85
DBG t=49 used=0.019 remain=0.873 turn_time=0.0187267 end_in=0.0187267 cand_pre=24 cand_cap=20 cand=24->20 pre=24 pick(must/bucket/top/rand)=1/8/7/4 depth0=10 depth=6 dlog=4 dper=0 sims=1752 loop=1732 gen_time=0 eval_time=0.019 best_avg=-1.07549 best_move=3,3 leader=4 inc2=1 attack_w=0.85
DBG t=61 used=0.018 remain=0.643 turn_time=0.0176083 end_in=0.0176083 cand_pre=28 cand_cap=20 cand=28->20 pre=28 pick(must/bucket/top/rand)=1/7/8/4 depth0=10 depth=5 dlog=4 dper=1 sims=1824 loop=1804 gen_time=0 eval_time=0.018 best_avg=-0.989992 best_move=2,4 leader=4 inc2=1 attack_w=0.85
DBG t=74 used=0.017 remain=0.412 turn_time=0.0168207 end_in=0.0168207 cand_pre=29 cand_cap=20 cand=29->20 pre=29 pick(must/bucket/top/rand)=1/6/9/4 depth0=11 depth=6 dlog=4 dper=1 sims=1380 loop=1360 gen_time=0 eval_time=0.017 best_avg=-0.878176 best_move=3,7 leader=4 inc2=1 attack_w=0.85
DBG t=86 used=0.016 remain=0.211 turn_time=0.0159004 end_in=0.0159004 cand_pre=30 cand_cap=20 cand=30->20 pre=30 pick(must/bucket/top/rand)=1/6/9/4 depth0=11 depth=5 dlog=4 dper=2 sims=1524 loop=1504 gen_time=0 eval_time=0.016 best_avg=-0.679092 best_move=3,9 leader=4 inc2=1 attack_w=0.567603
DBG depth_guard t=99 remain=0.011 cand_pre=33 depth0=0 depth=0
DBG t=99 used=0.007 remain=0.011 turn_time=0.0066 end_in=0.0066 cand_pre=33 cand_cap=12 cand=33->12 pre=33 pick(must/bucket/top/rand)=1/6/3/2 depth0=0 depth=0 dlog=4 dper=5 sims=5960 loop=5948 gen_time=0 eval_time=0.007 best_avg=-0.541059 best_move=3,9 leader=4 inc2=1 attack_w=0.321839
DBG summary depth_guard_fired=1
Score = 102368
=== CASE 0111.txt ===
DBG hdr N=10 M=2 T=100 U=1 VMAX=2340 TIME_LIMIT=1.94 MAX_CAND=20 UCB_C=0.21
DBG t=0 used=0.024 remain=1.94 turn_time=0.0238717 end_in=0.0238717 cand_pre=3 cand_cap=20 cand=3->3 pre=3 pick(must/bucket/top/rand)=1/2/0/0 depth0=7 depth=6 dlog=1 dper=0 sims=9203 loop=9200 gen_time=0 eval_time=0.024 best_avg=-2.53338 best_move=6,1 leader=1 inc2=1 attack_w=0.13
DBG t=12 used=0.021 remain=1.668 turn_time=0.0208595 end_in=0.0208595 cand_pre=23 cand_cap=20 cand=23->20 pre=23 pick(must/bucket/top/rand)=1/6/9/4 depth0=7 depth=3 dlog=4 dper=0 sims=11800 loop=11780 gen_time=0 eval_time=0.021 best_avg=-2.42063 best_move=5,3 leader=1 inc2=1 attack_w=0.2
DBG t=24 used=0.02 remain=1.421 turn_time=0.0192396 end_in=0.0192396 cand_pre=34 cand_cap=20 cand=34->20 pre=34 pick(must/bucket/top/rand)=1/4/11/4 depth0=7 depth=2 dlog=4 dper=1 sims=14048 loop=14028 gen_time=0 eval_time=0.02 best_avg=-2.12588 best_move=6,8 leader=1 inc2=1 attack_w=0.2
DBG t=37 used=0.018 remain=1.179 turn_time=0.0176756 end_in=0.0176756 cand_pre=47 cand_cap=20 cand=47->20 pre=47 pick(must/bucket/top/rand)=1/4/11/4 depth0=10 depth=2 dlog=5 dper=3 sims=10784 loop=10764 gen_time=0 eval_time=0.018 best_avg=-1.40951 best_move=9,6 leader=1 inc2=1 attack_w=0.2
DBG t=49 used=0.018 remain=0.963 turn_time=0.0172207 end_in=0.0172207 cand_pre=52 cand_cap=20 cand=52->20 pre=52 pick(must/bucket/top/rand)=1/5/10/4 depth0=10 depth=2 dlog=5 dper=3 sims=9788 loop=9768 gen_time=0 eval_time=0.018 best_avg=-0.959501 best_move=6,9 leader=1 inc2=1 attack_w=0.2
DBG t=61 used=0.018 remain=0.747 turn_time=0.0174683 end_in=0.0174683 cand_pre=52 cand_cap=20 cand=52->20 pre=52 pick(must/bucket/top/rand)=1/5/10/4 depth0=10 depth=2 dlog=5 dper=3 sims=9388 loop=9368 gen_time=0 eval_time=0.018 best_avg=-0.610222 best_move=7,4 leader=1 inc2=1 attack_w=0.2
DBG t=74 used=0.018 remain=0.513 turn_time=0.017225 end_in=0.017225 cand_pre=58 cand_cap=20 cand=58->20 pre=58 pick(must/bucket/top/rand)=1/6/9/4 depth0=11 depth=2 dlog=5 dper=4 sims=8592 loop=8572 gen_time=0 eval_time=0.018 best_avg=-0.28506 best_move=9,1 leader=1 inc2=1 attack_w=0.2
DBG t=86 used=0.019 remain=0.296 turn_time=0.0181829 end_in=0.0181829 cand_pre=60 cand_cap=20 cand=60->20 pre=60 pick(must/bucket/top/rand)=1/5/10/4 depth0=11 depth=3 dlog=5 dper=3 sims=7928 loop=7908 gen_time=0 eval_time=0.019 best_avg=-0.375955 best_move=7,2 leader=1 inc2=1 attack_w=0.2
DBG t=99 used=0.017 remain=0.027 turn_time=0.0162 end_in=0.0162 cand_pre=60 cand_cap=20 cand=60->20 pre=60 pick(must/bucket/top/rand)=1/4/11/4 depth0=0 depth=0 dlog=5 dper=4 sims=62832 loop=62812 gen_time=0 eval_time=0.017 best_avg=-0.335096 best_move=9,4 leader=1 inc2=1 attack_w=0.2
DBG summary depth_guard_fired=0
Score = 347251
=== CASE 0108.txt ===
DBG hdr N=10 M=5 T=100 U=5 VMAX=1062 TIME_LIMIT=1.94 MAX_CAND=20 UCB_C=0.21
DBG t=0 used=0.024 remain=1.94 turn_time=0.0237456 end_in=0.0237456 cand_pre=4 cand_cap=20 cand=4->4 pre=4 pick(must/bucket/top/rand)=1/2/1/0 depth0=7 depth=6 dlog=1 dper=0 sims=5148 loop=5144 gen_time=0 eval_time=0.024 best_avg=-0.730654 best_move=9,4 leader=4 inc2=1 attack_w=0.2348
DBG t=12 used=0.022 remain=1.661 turn_time=0.02114 end_in=0.02114 cand_pre=20 cand_cap=20 cand=20->20 pre=20 pick(must/bucket/top/rand)=1/6/9/4 depth0=7 depth=3 dlog=4 dper=0 sims=5672 loop=5652 gen_time=0 eval_time=0.022 best_avg=-0.71158 best_move=8,5 leader=1 inc2=1 attack_w=0.288188
DBG t=24 used=0.02 remain=1.412 turn_time=0.0198423 end_in=0.0198423 cand_pre=28 cand_cap=20 cand=28->20 pre=28 pick(must/bucket/top/rand)=1/7/8/4 depth0=7 depth=2 dlog=4 dper=1 sims=4568 loop=4548 gen_time=0 eval_time=0.02 best_avg=-0.624895 best_move=6,2 leader=3 inc2=1 attack_w=0.2
DBG t=37 used=0.02 remain=1.149 turn_time=0.0190041 end_in=0.0190041 cand_pre=32 cand_cap=20 cand=32->20 pre=32 pick(must/bucket/top/rand)=1/8/7/4 depth0=10 depth=5 dlog=4 dper=1 sims=2052 loop=2032 gen_time=0 eval_time=0.02 best_avg=-0.724975 best_move=3,5 leader=2 inc2=1 attack_w=0.289746
DBG t=49 used=0.018 remain=0.927 turn_time=0.0177584 end_in=0.0177584 cand_pre=42 cand_cap=20 cand=42->20 pre=42 pick(must/bucket/top/rand)=1/8/7/4 depth0=10 depth=3 dlog=5 dper=2 sims=2880 loop=2860 gen_time=0 eval_time=0.018 best_avg=-0.638438 best_move=8,8 leader=2 inc2=1 attack_w=0.2
DBG t=61 used=0.018 remain=0.71 turn_time=0.0175497 end_in=0.0175497 cand_pre=44 cand_cap=20 cand=44->20 pre=44 pick(must/bucket/top/rand)=1/7/8/4 depth0=10 depth=2 dlog=5 dper=3 sims=4380 loop=4360 gen_time=0 eval_time=0.018 best_avg=-0.650079 best_move=6,2 leader=3 inc2=1 attack_w=0.2
DBG t=74 used=0.019 remain=0.472 turn_time=0.0184443 end_in=0.0184443 cand_pre=36 cand_cap=20 cand=36->20 pre=36 pick(must/bucket/top/rand)=1/7/8/4 depth0=11 depth=4 dlog=5 dper=2 sims=2600 loop=2580 gen_time=0 eval_time=0.019 best_avg=-0.840012 best_move=6,4 leader=3 inc2=1 attack_w=0.445733
DBG t=86 used=0.018 remain=0.248 turn_time=0.0176523 end_in=0.0176523 cand_pre=39 cand_cap=20 cand=39->20 pre=39 pick(must/bucket/top/rand)=1/7/8/4 depth0=11 depth=4 dlog=5 dper=2 sims=2260 loop=2240 gen_time=0 eval_time=0.018 best_avg=-0.90935 best_move=7,2 leader=3 inc2=1 attack_w=0.612523
DBG depth_guard t=99 remain=0.016 cand_pre=37 depth0=0 depth=0
DBG t=99 used=0.01 remain=0.016 turn_time=0.0096 end_in=0.0096 cand_pre=37 cand_cap=14 cand=37->14 pre=37 pick(must/bucket/top/rand)=1/5/5/3 depth0=0 depth=0 dlog=5 dper=4 sims=8890 loop=8876 gen_time=0 eval_time=0.01 best_avg=-0.990571 best_move=7,2 leader=3 inc2=1 attack_w=0.752024
DBG summary depth_guard_fired=1
Score = 87478
=== CASE 0110.txt ===
DBG hdr N=10 M=4 T=100 U=4 VMAX=2343 TIME_LIMIT=1.94 MAX_CAND=20 UCB_C=0.21
DBG t=0 used=0.024 remain=1.94 turn_time=0.0236195 end_in=0.0236195 cand_pre=5 cand_cap=20 cand=5->5 pre=5 pick(must/bucket/top/rand)=1/2/2/0 depth0=7 depth=5 dlog=2 dper=0 sims=6849 loop=6844 gen_time=0 eval_time=0.024 best_avg=-1.37547 best_move=3,4 leader=3 inc2=1 attack_w=0.85
DBG t=12 used=0.022 remain=1.662 turn_time=0.0218893 end_in=0.0218893 cand_pre=14 cand_cap=20 cand=14->14 pre=14 pick(must/bucket/top/rand)=1/7/6/0 depth0=7 depth=4 dlog=3 dper=0 sims=6210 loop=6196 gen_time=0 eval_time=0.022 best_avg=-0.909428 best_move=2,8 leader=3 inc2=1 attack_w=0.85
DBG t=24 used=0.022 remain=1.393 turn_time=0.0214815 end_in=0.0214815 cand_pre=12 cand_cap=20 cand=12->12 pre=12 pick(must/bucket/top/rand)=1/4/7/0 depth0=7 depth=4 dlog=3 dper=0 sims=5868 loop=5856 gen_time=0 eval_time=0.022 best_avg=-1.21549 best_move=3,8 leader=1 inc2=1 attack_w=0.474008
DBG t=37 used=0.021 remain=1.117 turn_time=0.0205493 end_in=0.0205493 cand_pre=14 cand_cap=20 cand=14->14 pre=14 pick(must/bucket/top/rand)=1/4/9/0 depth0=10 depth=7 dlog=3 dper=0 sims=2950 loop=2936 gen_time=0 eval_time=0.021 best_avg=-0.97383 best_move=1,9 leader=1 inc2=0 attack_w=0.2
DBG t=49 used=0.02 remain=0.87 turn_time=0.0195494 end_in=0.0195494 cand_pre=16 cand_cap=20 cand=16->16 pre=16 pick(must/bucket/top/rand)=1/4/11/0 depth0=10 depth=7 dlog=3 dper=0 sims=2288 loop=2272 gen_time=0 eval_time=0.02 best_avg=-0.742598 best_move=1,9 leader=1 inc2=0 attack_w=0.2
DBG t=61 used=0.019 remain=0.634 turn_time=0.0187355 end_in=0.0187355 cand_pre=15 cand_cap=20 cand=15->15 pre=15 pick(must/bucket/top/rand)=1/4/10/0 depth0=10 depth=7 dlog=3 dper=0 sims=2051 loop=2036 gen_time=0 eval_time=0.019 best_avg=-0.705234 best_move=2,9 leader=1 inc2=1 attack_w=0.2
DBG t=74 used=0.018 remain=0.394 turn_time=0.0171693 end_in=0.0171693 cand_pre=18 cand_cap=20 cand=18->18 pre=18 pick(must/bucket/top/rand)=1/4/11/2 depth0=11 depth=7 dlog=4 dper=0 sims=1946 loop=1928 gen_time=0 eval_time=0.018 best_avg=-0.605832 best_move=2,9 leader=1 inc2=1 attack_w=0.2
DBG t=86 used=0.016 remain=0.19 turn_time=0.0154646 end_in=0.0154646 cand_pre=17 cand_cap=20 cand=17->17 pre=17 pick(must/bucket/top/rand)=1/3/12/1 depth0=11 depth=6 dlog=3 dper=0 sims=1817 loop=1800 gen_time=0 eval_time=0.016 best_avg=-0.633846 best_move=5,9 leader=1 inc2=1 attack_w=0.2
DBG depth_guard t=98 remain=0.018 cand_pre=19 depth0=1 depth=0
DBG depth_guard t=99 remain=0.007 cand_pre=19 depth0=0 depth=0
DBG t=99 used=0.005 remain=0.007 turn_time=0.0042 end_in=0.0042 cand_pre=19 cand_cap=12 cand=19->12 pre=19 pick(must/bucket/top/rand)=1/2/7/2 depth0=0 depth=0 dlog=4 dper=4 sims=5352 loop=5340 gen_time=0 eval_time=0.005 best_avg=-0.612051 best_move=3,7 leader=1 inc2=1 attack_w=0.2
DBG summary depth_guard_fired=2
Score = 140791
=== CASE 0109.txt ===
DBG hdr N=10 M=8 T=100 U=4 VMAX=2107 TIME_LIMIT=1.94 MAX_CAND=20 UCB_C=0.21
DBG t=0 used=0.024 remain=1.94 turn_time=0.0237456 end_in=0.0237456 cand_pre=4 cand_cap=20 cand=4->4 pre=4 pick(must/bucket/top/rand)=1/2/1/0 depth0=7 depth=6 dlog=1 dper=0 sims=3432 loop=3428 gen_time=0 eval_time=0.024 best_avg=-0.675943 best_move=9,4 leader=5 inc2=1 attack_w=0.697626
DBG t=12 used=0.023 remain=1.659 turn_time=0.0228301 end_in=0.0228301 cand_pre=6 cand_cap=20 cand=6->6 pre=6 pick(must/bucket/top/rand)=1/5/0/0 depth0=7 depth=5 dlog=2 dper=0 sims=3462 loop=3456 gen_time=0 eval_time=0.023 best_avg=-0.565224 best_move=7,0 leader=7 inc2=1 attack_w=0.294034
DBG t=24 used=0.022 remain=1.389 turn_time=0.0210635 end_in=0.0210635 cand_pre=15 cand_cap=20 cand=15->15 pre=15 pick(must/bucket/top/rand)=1/6/8/0 depth0=7 depth=4 dlog=3 dper=0 sims=3523 loop=3508 gen_time=0 eval_time=0.022 best_avg=-0.5846 best_move=7,0 leader=7 inc2=1 attack_w=0.85
DBG t=37 used=0.021 remain=1.098 turn_time=0.0208794 end_in=0.0208794 cand_pre=8 cand_cap=20 cand=8->8 pre=8 pick(must/bucket/top/rand)=1/2/5/0 depth0=10 depth=8 dlog=2 dper=0 sims=1492 loop=1484 gen_time=0 eval_time=0.021 best_avg=-1.18714 best_move=6,2 leader=7 inc2=1 attack_w=0.85
DBG t=49 used=0.021 remain=0.846 turn_time=0.0201962 end_in=0.0201962 cand_pre=5 cand_cap=20 cand=5->5 pre=5 pick(must/bucket/top/rand)=1/3/1/0 depth0=10 depth=8 dlog=2 dper=0 sims=1441 loop=1436 gen_time=0 eval_time=0.021 best_avg=-1.07404 best_move=5,0 leader=7 inc2=1 attack_w=0.85
DBG t=61 used=0.019 remain=0.606 turn_time=0.0187161 end_in=0.0187161 cand_pre=7 cand_cap=20 cand=7->7 pre=7 pick(must/bucket/top/rand)=1/2/4/0 depth0=10 depth=8 dlog=2 dper=0 sims=1247 loop=1240 gen_time=0 eval_time=0.019 best_avg=-1.02642 best_move=5,1 leader=4 inc2=1 attack_w=0.85
DBG t=74 used=0.017 remain=0.366 turn_time=0.0164982 end_in=0.0164982 cand_pre=12 cand_cap=20 cand=12->12 pre=12 pick(must/bucket/top/rand)=1/5/6/0 depth0=11 depth=8 dlog=3 dper=0 sims=1028 loop=1016 gen_time=0 eval_time=0.017 best_avg=-1.03038 best_move=6,0 leader=4 inc2=1 attack_w=0.85
DBG t=86 used=0.015 remain=0.171 turn_time=0.0141564 end_in=0.0141564 cand_pre=14 cand_cap=20 cand=14->14 pre=14 pick(must/bucket/top/rand)=1/7/6/0 depth0=11 depth=6 dlog=3 dper=0 sims=1234 loop=1220 gen_time=0 eval_time=0.015 best_avg=-1.03726 best_move=0,0 leader=4 inc2=1 attack_w=0.85
DBG depth_guard t=98 remain=0.015 cand_pre=15 depth0=1 depth=0
DBG depth_guard t=99 remain=0.006 cand_pre=16 depth0=0 depth=0
DBG t=99 used=0.004 remain=0.006 turn_time=0.0036 end_in=0.0036 cand_pre=16 cand_cap=12 cand=16->12 pre=16 pick(must/bucket/top/rand)=1/6/3/2 depth0=0 depth=0 dlog=3 dper=4 sims=3224 loop=3212 gen_time=0 eval_time=0.004 best_avg=-1.14202 best_move=5,0 leader=4 inc2=1 attack_w=0.85
DBG summary depth_guard_fired=2
Score = 58255
=== CASE 0113.txt ===
DBG hdr N=10 M=2 T=100 U=5 VMAX=2124 TIME_LIMIT=1.94 MAX_CAND=20 UCB_C=0.21
DBG t=0 used=0.024 remain=1.94 turn_time=0.0236195 end_in=0.0236195 cand_pre=5 cand_cap=20 cand=5->5 pre=5 pick(must/bucket/top/rand)=1/3/1/0 depth0=7 depth=5 dlog=2 dper=0 sims=11405 loop=11400 gen_time=0 eval_time=0.024 best_avg=-2.07485 best_move=4,4 leader=1 inc2=1 attack_w=0.13
DBG t=12 used=0.023 remain=1.659 turn_time=0.0222174 end_in=0.0222174 cand_pre=11 cand_cap=20 cand=11->11 pre=11 pick(must/bucket/top/rand)=1/4/6/0 depth0=7 depth=4 dlog=3 dper=0 sims=11851 loop=11840 gen_time=0 eval_time=0.023 best_avg=-1.36285 best_move=3,5 leader=1 inc2=1 attack_w=0.2
DBG t=24 used=0.022 remain=1.393 turn_time=0.0211241 end_in=0.0211241 cand_pre=15 cand_cap=20 cand=15->15 pre=15 pick(must/bucket/top/rand)=1/6/8/0 depth0=7 depth=4 dlog=3 dper=0 sims=9123 loop=9108 gen_time=0 eval_time=0.022 best_avg=-1.50927 best_move=4,4 leader=1 inc2=1 attack_w=0.2
DBG t=37 used=0.021 remain=1.119 turn_time=0.0202397 end_in=0.0202397 cand_pre=17 cand_cap=20 cand=17->17 pre=17 pick(must/bucket/top/rand)=1/6/9/1 depth0=10 depth=7 dlog=3 dper=0 sims=4529 loop=4512 gen_time=0 eval_time=0.021 best_avg=-1.13656 best_move=2,5 leader=1 inc2=1 attack_w=0.2
DBG t=49 used=0.02 remain=0.877 turn_time=0.0192596 end_in=0.0192596 cand_pre=20 cand_cap=20 cand=20->20 pre=20 pick(must/bucket/top/rand)=1/8/7/4 depth0=10 depth=6 dlog=4 dper=0 sims=4896 loop=4876 gen_time=0 eval_time=0.02 best_avg=-0.829964 best_move=3,8 leader=1 inc2=1 attack_w=0.2
DBG t=61 used=0.018 remain=0.65 turn_time=0.0172583 end_in=0.0172583 cand_pre=33 cand_cap=20 cand=33->20 pre=33 pick(must/bucket/top/rand)=1/8/7/4 depth0=10 depth=4 dlog=4 dper=2 sims=6348 loop=6328 gen_time=0 eval_time=0.018 best_avg=-0.210781 best_move=2,5 leader=1 inc2=1 attack_w=0.2
DBG t=74 used=0.017 remain=0.423 turn_time=0.016318 end_in=0.016318 cand_pre=38 cand_cap=20 cand=38->20 pre=38 pick(must/bucket/top/rand)=1/6/9/4 depth0=11 depth=4 dlog=5 dper=2 sims=5468 loop=5448 gen_time=0 eval_time=0.017 best_avg=-0.66184 best_move=6,6 leader=1 inc2=1 attack_w=0.2
DBG t=86 used=0.016 remain=0.227 turn_time=0.0158414 end_in=0.0158414 cand_pre=42 cand_cap=20 cand=42->20 pre=42 pick(must/bucket/top/rand)=1/6/9/4 depth0=11 depth=3 dlog=5 dper=3 sims=6692 loop=6672 gen_time=0 eval_time=0.016 best_avg=-0.181101 best_move=0,4 leader=1 inc2=1 attack_w=0.2
DBG depth_guard t=99 remain=0.017 cand_pre=49 depth0=0 depth=0
DBG t=99 used=0.011 remain=0.017 turn_time=0.0102 end_in=0.0102 cand_pre=49 cand_cap=14 cand=49->14 pre=42 pick(must/bucket/top/rand)=1/5/5/3 depth0=0 depth=0 dlog=5 dper=5 sims=43702 loop=43688 gen_time=0 eval_time=0.011 best_avg=-0.444065 best_move=8,7 leader=1 inc2=1 attack_w=0.2
DBG summary depth_guard_fired=1
Score = 315219
=== CASE 0112.txt ===
DBG hdr N=10 M=8 T=100 U=4 VMAX=1508 TIME_LIMIT=1.94 MAX_CAND=20 UCB_C=0.21
DBG t=0 used=0.024 remain=1.94 turn_time=0.0236195 end_in=0.0236195 cand_pre=5 cand_cap=20 cand=5->5 pre=5 pick(must/bucket/top/rand)=1/2/2/0 depth0=7 depth=5 dlog=2 dper=0 sims=4693 loop=4688 gen_time=0 eval_time=0.024 best_avg=-0.686043 best_move=8,6 leader=1 inc2=1 attack_w=0.85
DBG t=12 used=0.022 remain=1.665 turn_time=0.0213139 end_in=0.0213139 cand_pre=19 cand_cap=20 cand=19->19 pre=19 pick(must/bucket/top/rand)=1/6/9/3 depth0=7 depth=3 dlog=4 dper=0 sims=5095 loop=5076 gen_time=0 eval_time=0.022 best_avg=-0.432459 best_move=5,7 leader=1 inc2=1 attack_w=0.411375
DBG t=24 used=0.022 remain=1.406 turn_time=0.0215617 end_in=0.0215618 cand_pre=13 cand_cap=20 cand=13->13 pre=13 pick(must/bucket/top/rand)=1/5/7/0 depth0=7 depth=4 dlog=3 dper=0 sims=2741 loop=2728 gen_time=0 eval_time=0.022 best_avg=-0.736079 best_move=6,7 leader=5 inc2=1 attack_w=0.85
DBG t=37 used=0.021 remain=1.127 turn_time=0.0205007 end_in=0.0205007 cand_pre=16 cand_cap=20 cand=16->16 pre=16 pick(must/bucket/top/rand)=1/5/10/0 depth0=10 depth=7 dlog=3 dper=0 sims=1488 loop=1472 gen_time=0 eval_time=0.021 best_avg=-0.585741 best_move=6,8 leader=1 inc2=1 attack_w=0.642975
DBG t=49 used=0.02 remain=0.884 turn_time=0.019526 end_in=0.019526 cand_pre=19 cand_cap=20 cand=19->19 pre=19 pick(must/bucket/top/rand)=1/5/10/3 depth0=10 depth=6 dlog=4 dper=0 sims=1623 loop=1604 gen_time=0 eval_time=0.02 best_avg=-0.560321 best_move=4,5 leader=1 inc2=1 attack_w=0.565245
DBG t=61 used=0.019 remain=0.651 turn_time=0.0181529 end_in=0.0181529 cand_pre=25 cand_cap=20 cand=25->20 pre=25 pick(must/bucket/top/rand)=1/6/9/4 depth0=10 depth=5 dlog=4 dper=1 sims=1932 loop=1912 gen_time=0 eval_time=0.019 best_avg=-0.474331 best_move=7,6 leader=6 inc2=1 attack_w=0.203531
DBG t=74 used=0.017 remain=0.414 turn_time=0.0166953 end_in=0.0166953 cand_pre=31 cand_cap=20 cand=31->20 pre=31 pick(must/bucket/top/rand)=1/7/8/4 depth0=11 depth=5 dlog=4 dper=2 sims=1616 loop=1596 gen_time=0 eval_time=0.017 best_avg=-0.638971 best_move=1,8 leader=6 inc2=1 attack_w=0.588592
DBG t=86 used=0.016 remain=0.21 turn_time=0.0153375 end_in=0.0153375 cand_pre=35 cand_cap=20 cand=35->20 pre=35 pick(must/bucket/top/rand)=1/5/10/4 depth0=11 depth=5 dlog=4 dper=2 sims=1696 loop=1676 gen_time=0 eval_time=0.016 best_avg=-0.486676 best_move=4,5 leader=6 inc2=1 attack_w=0.352882
DBG depth_guard t=99 remain=0.012 cand_pre=34 depth0=0 depth=0
DBG t=99 used=0.008 remain=0.012 turn_time=0.0072 end_in=0.0072 cand_pre=34 cand_cap=12 cand=34->12 pre=34 pick(must/bucket/top/rand)=1/4/5/2 depth0=0 depth=0 dlog=4 dper=5 sims=8420 loop=8408 gen_time=0 eval_time=0.008 best_avg=-0.503035 best_move=6,7 leader=4 inc2=1 attack_w=0.38742
DBG summary depth_guard_fired=1
Score = 96931
=== CASE 0115.txt ===
DBG hdr N=10 M=8 T=100 U=5 VMAX=1950 TIME_LIMIT=1.94 MAX_CAND=20 UCB_C=0.21
DBG t=0 used=0.024 remain=1.94 turn_time=0.0236195 end_in=0.0236195 cand_pre=5 cand_cap=20 cand=5->5 pre=5 pick(must/bucket/top/rand)=1/2/2/0 depth0=7 depth=5 dlog=2 dper=0 sims=4593 loop=4588 gen_time=0 eval_time=0.024 best_avg=-1.31679 best_move=8,7 leader=2 inc2=1 attack_w=0.85
DBG t=12 used=0.021 remain=1.668 turn_time=0.0208595 end_in=0.0208595 cand_pre=23 cand_cap=20 cand=23->20 pre=23 pick(must/bucket/top/rand)=1/4/11/4 depth0=7 depth=3 dlog=4 dper=0 sims=4636 loop=4616 gen_time=0 eval_time=0.021 best_avg=-0.601108 best_move=8,3 leader=3 inc2=1 attack_w=0.77653
DBG t=24 used=0.022 remain=1.414 turn_time=0.0213216 end_in=0.0213216 cand_pre=16 cand_cap=20 cand=16->16 pre=16 pick(must/bucket/top/rand)=1/4/11/0 depth0=7 depth=4 dlog=3 dper=0 sims=3384 loop=3368 gen_time=0 eval_time=0.022 best_avg=-0.382769 best_move=7,3 leader=3 inc2=1 attack_w=0.2
DBG t=37 used=0.021 remain=1.137 turn_time=0.020096 end_in=0.020096 cand_pre=21 cand_cap=20 cand=21->20 pre=21 pick(must/bucket/top/rand)=1/5/10/4 depth0=10 depth=6 dlog=4 dper=0 sims=2064 loop=2044 gen_time=0 eval_time=0.021 best_avg=-0.236905 best_move=8,1 leader=2 inc2=1 attack_w=0.2
DBG t=49 used=0.02 remain=0.887 turn_time=0.0198184 end_in=0.0198184 cand_pre=17 cand_cap=20 cand=17->17 pre=17 pick(must/bucket/top/rand)=1/3/12/1 depth0=10 depth=7 dlog=3 dper=0 sims=1617 loop=1600 gen_time=0 eval_time=0.02 best_avg=-0.103897 best_move=9,1 leader=3 inc2=1 attack_w=0.2
DBG t=61 used=0.02 remain=0.647 turn_time=0.0190118 end_in=0.0190118 cand_pre=16 cand_cap=20 cand=16->16 pre=16 pick(must/bucket/top/rand)=1/3/12/0 depth0=10 depth=7 dlog=3 dper=0 sims=1596 loop=1580 gen_time=0 eval_time=0.02 best_avg=-0.0228472 best_move=9,0 leader=2 inc2=1 attack_w=0.2
DBG t=74 used=0.017 remain=0.396 turn_time=0.0167615 end_in=0.0167615 cand_pre=23 cand_cap=20 cand=23->20 pre=23 pick(must/bucket/top/rand)=1/4/11/4 depth0=11 depth=6 dlog=4 dper=1 sims=1144 loop=1124 gen_time=0 eval_time=0.017 best_avg=0.0147786 best_move=5,4 leader=5 inc2=1 attack_w=0.2
DBG t=86 used=0.015 remain=0.197 turn_time=0.014388 end_in=0.014388 cand_pre=35 cand_cap=20 cand=35->20 pre=35 pick(must/bucket/top/rand)=1/4/11/4 depth0=11 depth=5 dlog=4 dper=2 sims=1464 loop=1444 gen_time=0 eval_time=0.015 best_avg=0.0870714 best_move=8,9 leader=3 inc2=1 attack_w=0.2
DBG depth_guard t=99 remain=0.01 cand_pre=31 depth0=0 depth=0
DBG t=99 used=0.007 remain=0.01 turn_time=0.006 end_in=0.006 cand_pre=31 cand_cap=12 cand=31->12 pre=31 pick(must/bucket/top/rand)=1/6/3/2 depth0=0 depth=0 dlog=4 dper=5 sims=6184 loop=6172 gen_time=0 eval_time=0.007 best_avg=0.0935623 best_move=4,5 leader=5 inc2=1 attack_w=0.2
DBG summary depth_guard_fired=1
Score = 145721
=== CASE 0118.txt ===
DBG hdr N=10 M=4 T=100 U=2 VMAX=2712 TIME_LIMIT=1.94 MAX_CAND=20 UCB_C=0.21
DBG t=0 used=0.024 remain=1.94 turn_time=0.0237456 end_in=0.0237456 cand_pre=4 cand_cap=20 cand=4->4 pre=4 pick(must/bucket/top/rand)=1/2/1/0 depth0=7 depth=6 dlog=1 dper=0 sims=5156 loop=5152 gen_time=0 eval_time=0.024 best_avg=-0.80107 best_move=5,9 leader=3 inc2=1 attack_w=0.85
DBG t=12 used=0.022 remain=1.665 turn_time=0.0213139 end_in=0.0213139 cand_pre=19 cand_cap=20 cand=19->19 pre=19 pick(must/bucket/top/rand)=1/4/11/3 depth0=7 depth=3 dlog=4 dper=0 sims=6875 loop=6856 gen_time=0 eval_time=0.022 best_avg=-0.307867 best_move=8,8 leader=1 inc2=0 attack_w=0.2
DBG t=24 used=0.021 remain=1.411 turn_time=0.020311 end_in=0.020311 cand_pre=24 cand_cap=20 cand=24->20 pre=24 pick(must/bucket/top/rand)=1/5/10/4 depth0=7 depth=3 dlog=4 dper=0 sims=5468 loop=5448 gen_time=0 eval_time=0.021 best_avg=-0.377619 best_move=6,7 leader=1 inc2=0 attack_w=0.2
DBG t=37 used=0.02 remain=1.147 turn_time=0.019326 end_in=0.019326 cand_pre=29 cand_cap=20 cand=29->20 pre=29 pick(must/bucket/top/rand)=1/7/8/4 depth0=10 depth=5 dlog=4 dper=1 sims=2748 loop=2728 gen_time=0 eval_time=0.02 best_avg=0.0318886 best_move=5,6 leader=2 inc2=1 attack_w=0.2
DBG t=49 used=0.019 remain=0.916 turn_time=0.0182482 end_in=0.0182482 cand_pre=36 cand_cap=20 cand=36->20 pre=36 pick(must/bucket/top/rand)=1/8/7/4 depth0=10 depth=3 dlog=5 dper=2 sims=4212 loop=4192 gen_time=0 eval_time=0.019 best_avg=0.182397 best_move=4,6 leader=3 inc2=1 attack_w=0.2
DBG t=61 used=0.018 remain=0.698 turn_time=0.0171368 end_in=0.0171368 cand_pre=45 cand_cap=20 cand=45->20 pre=45 pick(must/bucket/top/rand)=1/8/7/4 depth0=10 depth=2 dlog=5 dper=3 sims=5300 loop=5280 gen_time=0 eval_time=0.018 best_avg=0.322215 best_move=4,4 leader=1 inc2=1 attack_w=0.2
DBG t=74 used=0.017 remain=0.472 turn_time=0.0169103 end_in=0.0169103 cand_pre=49 cand_cap=20 cand=49->20 pre=49 pick(must/bucket/top/rand)=1/8/7/4 depth0=11 depth=3 dlog=5 dper=3 sims=3232 loop=3212 gen_time=0 eval_time=0.017 best_avg=0.366652 best_move=5,5 leader=3 inc2=1 attack_w=0.2
DBG t=86 used=0.017 remain=0.257 turn_time=0.016861 end_in=0.016861 cand_pre=51 cand_cap=20 cand=51->20 pre=51 pick(must/bucket/top/rand)=1/7/8/4 depth0=11 depth=3 dlog=5 dper=3 sims=3200 loop=3180 gen_time=0 eval_time=0.017 best_avg=0.423851 best_move=0,3 leader=3 inc2=1 attack_w=0.2
DBG t=99 used=0.014 remain=0.023 turn_time=0.0138 end_in=0.0138 cand_pre=56 cand_cap=16 cand=56->16 pre=48 pick(must/bucket/top/rand)=1/8/3/4 depth0=0 depth=0 dlog=5 dper=4 sims=21516 loop=21500 gen_time=0 eval_time=0.014 best_avg=0.583413 best_move=7,5 leader=1 inc2=1 attack_w=0.2
DBG summary depth_guard_fired=0
Score = 252913
=== CASE 0114.txt ===
DBG hdr N=10 M=7 T=100 U=1 VMAX=2188 TIME_LIMIT=1.94 MAX_CAND=20 UCB_C=0.21
DBG t=0 used=0.024 remain=1.94 turn_time=0.0237456 end_in=0.0237456 cand_pre=4 cand_cap=20 cand=4->4 pre=4 pick(must/bucket/top/rand)=1/2/1/0 depth0=7 depth=6 dlog=1 dper=0 sims=3532 loop=3528 gen_time=0 eval_time=0.024 best_avg=-1.55897 best_move=8,1 leader=5 inc2=1 attack_w=0.85
DBG t=12 used=0.023 remain=1.667 turn_time=0.0228171 end_in=0.0228171 cand_pre=7 cand_cap=20 cand=7->7 pre=7 pick(must/bucket/top/rand)=1/1/5/0 depth0=7 depth=5 dlog=2 dper=0 sims=2827 loop=2820 gen_time=0 eval_time=0.023 best_avg=-1.06335 best_move=6,4 leader=4 inc2=1 attack_w=0.85
DBG t=24 used=0.023 remain=1.409 turn_time=0.0224513 end_in=0.0224513 cand_pre=6 cand_cap=20 cand=6->6 pre=6 pick(must/bucket/top/rand)=1/1/4/0 depth0=7 depth=5 dlog=2 dper=0 sims=3246 loop=3240 gen_time=0 eval_time=0.023 best_avg=-0.538223 best_move=0,5 leader=1 inc2=1 attack_w=0.2
DBG t=37 used=0.021 remain=1.121 turn_time=0.0209698 end_in=0.0209698 cand_pre=11 cand_cap=20 cand=11->11 pre=11 pick(must/bucket/top/rand)=1/2/8/0 depth0=10 depth=7 dlog=3 dper=0 sims=1683 loop=1672 gen_time=0 eval_time=0.021 best_avg=-0.647898 best_move=0,0 leader=1 inc2=1 attack_w=0.85
DBG t=49 used=0.019 remain=0.881 turn_time=0.0183369 end_in=0.0183369 cand_pre=29 cand_cap=20 cand=29->20 pre=29 pick(must/bucket/top/rand)=1/5/10/4 depth0=10 depth=5 dlog=4 dper=1 sims=1956 loop=1936 gen_time=0 eval_time=0.019 best_avg=-0.484501 best_move=4,6 leader=1 inc2=1 attack_w=0.383663
DBG t=61 used=0.019 remain=0.654 turn_time=0.0187815 end_in=0.0187815 cand_pre=20 cand_cap=20 cand=20->20 pre=20 pick(must/bucket/top/rand)=1/6/9/4 depth0=10 depth=6 dlog=4 dper=0 sims=1980 loop=1960 gen_time=0 eval_time=0.019 best_avg=0.120775 best_move=8,7 leader=5 inc2=1 attack_w=0.2
DBG t=74 used=0.019 remain=0.403 turn_time=0.0183675 end_in=0.0183675 cand_pre=10 cand_cap=20 cand=10->10 pre=10 pick(must/bucket/top/rand)=1/2/7/0 depth0=11 depth=8 dlog=3 dper=0 sims=634 loop=624 gen_time=0 eval_time=0.019 best_avg=0.302304 best_move=1,6 leader=1 inc2=1 attack_w=0.2
DBG t=86 used=0.016 remain=0.197 turn_time=0.0152112 end_in=0.0152112 cand_pre=26 cand_cap=20 cand=26->20 pre=26 pick(must/bucket/top/rand)=1/3/12/4 depth0=11 depth=6 dlog=4 dper=1 sims=1656 loop=1636 gen_time=0 eval_time=0.016 best_avg=0.184747 best_move=1,5 leader=6 inc2=1 attack_w=0.2
DBG depth_guard t=98 remain=0.017 cand_pre=16 depth0=1 depth=0
DBG depth_guard t=99 remain=0.007 cand_pre=11 depth0=0 depth=0
DBG t=99 used=0.005 remain=0.007 turn_time=0.0042 end_in=0.0042 cand_pre=11 cand_cap=12 cand=11->11 pre=11 pick(must/bucket/top/rand)=1/4/5/1 depth0=0 depth=0 dlog=3 dper=3 sims=6087 loop=6076 gen_time=0 eval_time=0.005 best_avg=0.240557 best_move=5,5 leader=2 inc2=1 attack_w=0.2
DBG summary depth_guard_fired=2
Score = 154923
=== CASE 0116.txt ===
DBG hdr N=10 M=5 T=100 U=4 VMAX=1772 TIME_LIMIT=1.94 MAX_CAND=20 UCB_C=0.21
DBG t=0 used=0.024 remain=1.94 turn_time=0.0237456 end_in=0.0237456 cand_pre=4 cand_cap=20 cand=4->4 pre=4 pick(must/bucket/top/rand)=1/2/1/0 depth0=7 depth=6 dlog=1 dper=0 sims=4820 loop=4816 gen_time=0 eval_time=0.024 best_avg=-1.25817 best_move=5,5 leader=1 inc2=1 attack_w=0.85
DBG t=12 used=0.022 remain=1.667 turn_time=0.0217089 end_in=0.0217089 cand_pre=16 cand_cap=20 cand=16->16 pre=16 pick(must/bucket/top/rand)=1/6/9/0 depth0=7 depth=4 dlog=3 dper=0 sims=4940 loop=4924 gen_time=0 eval_time=0.022 best_avg=-0.745502 best_move=1,5 leader=1 inc2=1 attack_w=0.2
DBG t=24 used=0.021 remain=1.406 turn_time=0.0208403 end_in=0.0208403 cand_pre=19 cand_cap=20 cand=19->19 pre=19 pick(must/bucket/top/rand)=1/7/8/3 depth0=7 depth=3 dlog=4 dper=0 sims=4727 loop=4708 gen_time=0 eval_time=0.021 best_avg=-0.738807 best_move=3,3 leader=1 inc2=1 attack_w=0.2
DBG t=37 used=0.021 remain=1.133 turn_time=0.0201422 end_in=0.0201422 cand_pre=20 cand_cap=20 cand=20->20 pre=20 pick(must/bucket/top/rand)=1/7/8/4 depth0=10 depth=6 dlog=4 dper=0 sims=2304 loop=2284 gen_time=0 eval_time=0.021 best_avg=-0.870373 best_move=3,2 leader=1 inc2=1 attack_w=0.328157
DBG t=49 used=0.021 remain=0.878 turn_time=0.0208482 end_in=0.0208482 cand_pre=6 cand_cap=20 cand=6->6 pre=6 pick(must/bucket/top/rand)=1/5/0/0 depth0=10 depth=8 dlog=2 dper=0 sims=1582 loop=1576 gen_time=0 eval_time=0.021 best_avg=-0.827869 best_move=1,3 leader=1 inc2=1 attack_w=0.2
DBG t=61 used=0.019 remain=0.632 turn_time=0.0189924 end_in=0.0189924 cand_pre=12 cand_cap=20 cand=12->12 pre=12 pick(must/bucket/top/rand)=1/6/5/0 depth0=10 depth=7 dlog=3 dper=0 sims=1768 loop=1756 gen_time=0 eval_time=0.019 best_avg=-0.917075 best_move=2,1 leader=1 inc2=1 attack_w=0.263717
DBG t=74 used=0.017 remain=0.399 turn_time=0.0160904 end_in=0.0160904 cand_pre=31 cand_cap=20 cand=31->20 pre=31 pick(must/bucket/top/rand)=1/7/8/4 depth0=11 depth=5 dlog=4 dper=2 sims=1388 loop=1368 gen_time=0 eval_time=0.017 best_avg=-0.776967 best_move=0,1 leader=4 inc2=1 attack_w=0.266683
DBG t=86 used=0.016 remain=0.206 turn_time=0.0153323 end_in=0.0153323 cand_pre=32 cand_cap=20 cand=32->20 pre=32 pick(must/bucket/top/rand)=1/7/8/4 depth0=11 depth=5 dlog=4 dper=2 sims=2064 loop=2044 gen_time=0 eval_time=0.016 best_avg=-0.764848 best_move=3,3 leader=1 inc2=1 attack_w=0.2
DBG depth_guard t=99 remain=0.012 cand_pre=33 depth0=0 depth=0
DBG t=99 used=0.008 remain=0.012 turn_time=0.0072 end_in=0.0072 cand_pre=33 cand_cap=12 cand=33->12 pre=33 pick(must/bucket/top/rand)=1/6/3/2 depth0=0 depth=0 dlog=4 dper=5 sims=9556 loop=9544 gen_time=0 eval_time=0.008 best_avg=-0.626132 best_move=2,5 leader=4 inc2=1 attack_w=0.2
DBG summary depth_guard_fired=1
Score = 115407
=== CASE 0117.txt ===
DBG hdr N=10 M=8 T=100 U=2 VMAX=1187 TIME_LIMIT=1.94 MAX_CAND=20 UCB_C=0.21
DBG t=0 used=0.024 remain=1.94 turn_time=0.0237456 end_in=0.0237456 cand_pre=4 cand_cap=20 cand=4->4 pre=4 pick(must/bucket/top/rand)=1/2/1/0 depth0=7 depth=6 dlog=1 dper=0 sims=3320 loop=3316 gen_time=0 eval_time=0.024 best_avg=-0.74102 best_move=8,1 leader=3 inc2=1 attack_w=0.250668
DBG t=12 used=0.023 remain=1.659 turn_time=0.0220949 end_in=0.0220949 cand_pre=12 cand_cap=20 cand=12->12 pre=12 pick(must/bucket/top/rand)=1/4/7/0 depth0=7 depth=4 dlog=3 dper=0 sims=3136 loop=3124 gen_time=0 eval_time=0.023 best_avg=-0.957702 best_move=6,0 leader=5 inc2=1 attack_w=0.85
DBG t=24 used=0.021 remain=1.396 turn_time=0.020692 end_in=0.020692 cand_pre=19 cand_cap=20 cand=19->19 pre=19 pick(must/bucket/top/rand)=1/4/11/3 depth0=7 depth=3 dlog=4 dper=0 sims=3095 loop=3076 gen_time=0 eval_time=0.021 best_avg=-0.871183 best_move=7,2 leader=5 inc2=1 attack_w=0.85
DBG t=37 used=0.02 remain=1.132 turn_time=0.0197741 end_in=0.0197741 cand_pre=23 cand_cap=20 cand=23->20 pre=23 pick(must/bucket/top/rand)=1/4/11/4 depth0=10 depth=6 dlog=4 dper=0 sims=1464 loop=1444 gen_time=0 eval_time=0.02 best_avg=-0.867292 best_move=7,1 leader=5 inc2=1 attack_w=0.85
DBG t=49 used=0.019 remain=0.893 turn_time=0.0188143 end_in=0.0188143 cand_pre=27 cand_cap=20 cand=27->20 pre=27 pick(must/bucket/top/rand)=1/4/11/4 depth0=10 depth=5 dlog=4 dper=1 sims=1700 loop=1680 gen_time=0 eval_time=0.019 best_avg=-0.793255 best_move=8,4 leader=5 inc2=1 attack_w=0.798009
DBG t=61 used=0.021 remain=0.657 turn_time=0.0202912 end_in=0.0202912 cand_pre=7 cand_cap=20 cand=7->7 pre=7 pick(must/bucket/top/rand)=1/1/5/0 depth0=10 depth=8 dlog=2 dper=0 sims=1231 loop=1224 gen_time=0 eval_time=0.021 best_avg=-0.88544 best_move=9,6 leader=5 inc2=1 attack_w=0.85
DBG t=74 used=0.018 remain=0.399 turn_time=0.0176864 end_in=0.0176864 cand_pre=15 cand_cap=20 cand=15->15 pre=15 pick(must/bucket/top/rand)=1/3/11/0 depth0=11 depth=8 dlog=3 dper=0 sims=655 loop=640 gen_time=0 eval_time=0.018 best_avg=-0.896814 best_move=9,8 leader=1 inc2=1 attack_w=0.85
DBG t=86 used=0.016 remain=0.192 turn_time=0.0152709 end_in=0.0152709 cand_pre=21 cand_cap=20 cand=21->20 pre=21 pick(must/bucket/top/rand)=1/4/11/4 depth0=11 depth=6 dlog=4 dper=1 sims=1240 loop=1220 gen_time=0 eval_time=0.016 best_avg=-0.89641 best_move=9,7 leader=1 inc2=1 attack_w=0.85
DBG depth_guard t=99 remain=0.009 cand_pre=28 depth0=0 depth=0
DBG t=99 used=0.006 remain=0.009 turn_time=0.0054 end_in=0.0054 cand_pre=28 cand_cap=12 cand=28->12 pre=28 pick(must/bucket/top/rand)=1/4/5/2 depth0=0 depth=0 dlog=4 dper=5 sims=5052 loop=5040 gen_time=0 eval_time=0.006 best_avg=-0.931191 best_move=2,7 leader=1 inc2=1 attack_w=0.85
DBG summary depth_guard_fired=1
Score = 70707
=== CASE 0119.txt ===
DBG hdr N=10 M=8 T=100 U=1 VMAX=2418 TIME_LIMIT=1.94 MAX_CAND=20 UCB_C=0.21
DBG t=0 used=0.024 remain=1.94 turn_time=0.0236195 end_in=0.0236195 cand_pre=5 cand_cap=20 cand=5->5 pre=5 pick(must/bucket/top/rand)=1/2/2/0 depth0=7 depth=5 dlog=2 dper=0 sims=3917 loop=3912 gen_time=0 eval_time=0.024 best_avg=-0.858567 best_move=5,7 leader=1 inc2=1 attack_w=0.85
DBG t=12 used=0.023 remain=1.661 turn_time=0.0223669 end_in=0.0223669 cand_pre=10 cand_cap=20 cand=10->10 pre=10 pick(must/bucket/top/rand)=1/2/7/0 depth0=7 depth=4 dlog=3 dper=0 sims=3342 loop=3332 gen_time=0 eval_time=0.023 best_avg=-0.908221 best_move=2,9 leader=5 inc2=1 attack_w=0.85
DBG t=24 used=0.022 remain=1.395 turn_time=0.0215124 end_in=0.0215124 cand_pre=12 cand_cap=20 cand=12->12 pre=12 pick(must/bucket/top/rand)=1/3/8/0 depth0=7 depth=4 dlog=3 dper=0 sims=3220 loop=3208 gen_time=0 eval_time=0.022 best_avg=-0.700301 best_move=1,9 leader=3 inc2=1 attack_w=0.385424
DBG t=37 used=0.02 remain=1.12 turn_time=0.0199111 end_in=0.0199111 cand_pre=20 cand_cap=20 cand=20->20 pre=20 pick(must/bucket/top/rand)=1/3/12/4 depth0=10 depth=6 dlog=4 dper=0 sims=1792 loop=1772 gen_time=0 eval_time=0.02 best_avg=-0.508416 best_move=6,5 leader=3 inc2=1 attack_w=0.2
DBG t=49 used=0.021 remain=0.872 turn_time=0.0203723 end_in=0.0203723 cand_pre=9 cand_cap=20 cand=9->9 pre=9 pick(must/bucket/top/rand)=1/3/5/0 depth0=10 depth=7 dlog=3 dper=0 sims=1561 loop=1552 gen_time=0 eval_time=0.021 best_avg=-0.261281 best_move=3,5 leader=2 inc2=1 attack_w=0.2
DBG t=61 used=0.02 remain=0.63 turn_time=0.0192473 end_in=0.0192473 cand_pre=9 cand_cap=20 cand=9->9 pre=9 pick(must/bucket/top/rand)=1/5/3/0 depth0=10 depth=7 dlog=3 dper=0 sims=1577 loop=1568 gen_time=0 eval_time=0.02 best_avg=-0.221585 best_move=4,0 leader=3 inc2=1 attack_w=0.2
DBG t=74 used=0.016 remain=0.386 turn_time=0.0158557 end_in=0.0158557 cand_pre=28 cand_cap=20 cand=28->20 pre=28 pick(must/bucket/top/rand)=1/4/11/4 depth0=11 depth=6 dlog=4 dper=1 sims=1604 loop=1584 gen_time=0 eval_time=0.016 best_avg=-0.298238 best_move=1,2 leader=1 inc2=1 attack_w=0.2
DBG t=86 used=0.017 remain=0.195 turn_time=0.0165959 end_in=0.0165959 cand_pre=9 cand_cap=20 cand=9->9 pre=9 pick(must/bucket/top/rand)=1/3/5/0 depth0=11 depth=6 dlog=3 dper=0 sims=1861 loop=1852 gen_time=0 eval_time=0.017 best_avg=0.160661 best_move=4,5 leader=1 inc2=1 attack_w=0.2
DBG depth_guard t=98 remain=0.017 cand_pre=3 depth0=1 depth=0
DBG depth_guard t=99 remain=0.006 cand_pre=7 depth0=0 depth=0
DBG t=99 used=0.004 remain=0.006 turn_time=0.0036 end_in=0.0036 cand_pre=7 cand_cap=12 cand=7->7 pre=7 pick(must/bucket/top/rand)=1/3/3/0 depth0=0 depth=0 dlog=2 dper=2 sims=5231 loop=5224 gen_time=0 eval_time=0.004 best_avg=-0.102375 best_move=2,6 leader=3 inc2=1 attack_w=0.2
DBG summary depth_guard_fired=2
Score = 116224
=== CASE 0122.txt ===
DBG hdr N=10 M=4 T=100 U=1 VMAX=1669 TIME_LIMIT=1.94 MAX_CAND=20 UCB_C=0.21
DBG t=0 used=0.024 remain=1.94 turn_time=0.0236195 end_in=0.0236195 cand_pre=5 cand_cap=20 cand=5->5 pre=5 pick(must/bucket/top/rand)=1/3/1/0 depth0=7 depth=5 dlog=2 dper=0 sims=6517 loop=6512 gen_time=0 eval_time=0.024 best_avg=-1.26136 best_move=8,3 leader=3 inc2=1 attack_w=0.85
DBG t=12 used=0.023 remain=1.664 turn_time=0.0225302 end_in=0.0225302 cand_pre=9 cand_cap=20 cand=9->9 pre=9 pick(must/bucket/top/rand)=1/5/3/0 depth0=7 depth=4 dlog=3 dper=0 sims=5329 loop=5320 gen_time=0 eval_time=0.023 best_avg=-1.04983 best_move=6,3 leader=3 inc2=0 attack_w=0.286408
DBG t=24 used=0.022 remain=1.403 turn_time=0.0210358 end_in=0.0210358 cand_pre=17 cand_cap=20 cand=17->17 pre=17 pick(must/bucket/top/rand)=1/5/10/1 depth0=7 depth=4 dlog=3 dper=0 sims=4265 loop=4248 gen_time=0 eval_time=0.022 best_avg=-1.48853 best_move=9,2 leader=3 inc2=1 attack_w=0.780373
DBG t=37 used=0.02 remain=1.125 turn_time=0.0194196 end_in=0.0194196 cand_pre=25 cand_cap=20 cand=25->20 pre=25 pick(must/bucket/top/rand)=1/6/9/4 depth0=10 depth=6 dlog=4 dper=0 sims=2044 loop=2024 gen_time=0 eval_time=0.02 best_avg=-1.32758 best_move=6,8 leader=3 inc2=1 attack_w=0.85
DBG t=49 used=0.018 remain=0.895 turn_time=0.0174876 end_in=0.0174876 cand_pre=39 cand_cap=20 cand=39->20 pre=39 pick(must/bucket/top/rand)=1/5/10/4 depth0=10 depth=3 dlog=5 dper=2 sims=3388 loop=3368 gen_time=0 eval_time=0.018 best_avg=-0.907644 best_move=1,7 leader=3 inc2=0 attack_w=0.2
DBG t=61 used=0.02 remain=0.659 turn_time=0.019694 end_in=0.019694 cand_pre=13 cand_cap=20 cand=13->13 pre=13 pick(must/bucket/top/rand)=1/4/8/0 depth0=10 depth=7 dlog=3 dper=0 sims=1701 loop=1688 gen_time=0 eval_time=0.02 best_avg=-0.445638 best_move=1,0 leader=1 inc2=1 attack_w=0.2
DBG t=74 used=0.017 remain=0.42 turn_time=0.0162023 end_in=0.0162023 cand_pre=38 cand_cap=20 cand=38->20 pre=38 pick(must/bucket/top/rand)=1/6/9/4 depth0=11 depth=4 dlog=5 dper=2 sims=2756 loop=2736 gen_time=0 eval_time=0.017 best_avg=-0.152382 best_move=7,1 leader=3 inc2=1 attack_w=0.2
DBG t=86 used=0.012 remain=0.222 turn_time=0.0118849 end_in=0.0118849 cand_pre=77 cand_cap=14 cand=77->14 pre=42 pick(must/bucket/top/rand)=1/6/4/3 depth0=11 depth=0 dlog=6 dper=5 sims=21066 loop=21052 gen_time=0 eval_time=0.012 best_avg=0.183486 best_move=6,6 leader=3 inc2=1 attack_w=0.2
DBG t=99 used=0.016 remain=0.025 turn_time=0.015 end_in=0.015 cand_pre=62 cand_cap=14 cand=62->14 pre=42 pick(must/bucket/top/rand)=1/6/4/3 depth0=0 depth=0 dlog=5 dper=4 sims=21502 loop=21488 gen_time=0 eval_time=0.016 best_avg=0.0335524 best_move=6,4 leader=2 inc2=1 attack_w=0.2
DBG summary depth_guard_fired=0
Score = 189710
=== CASE 0120.txt ===
DBG hdr N=10 M=2 T=100 U=1 VMAX=2348 TIME_LIMIT=1.94 MAX_CAND=20 UCB_C=0.21
DBG t=0 used=0.024 remain=1.94 turn_time=0.0236195 end_in=0.0236195 cand_pre=5 cand_cap=20 cand=5->5 pre=5 pick(must/bucket/top/rand)=1/2/2/0 depth0=7 depth=5 dlog=2 dper=0 sims=10157 loop=10152 gen_time=0 eval_time=0.024 best_avg=-2.34031 best_move=1,5 leader=1 inc2=1 attack_w=0.13
DBG t=12 used=0.021 remain=1.671 turn_time=0.0202799 end_in=0.0202799 cand_pre=28 cand_cap=20 cand=28->20 pre=28 pick(must/bucket/top/rand)=1/3/12/4 depth0=7 depth=2 dlog=4 dper=1 sims=14160 loop=14140 gen_time=0 eval_time=0.021 best_avg=-1.78068 best_move=3,1 leader=1 inc2=1 attack_w=0.2
DBG t=24 used=0.019 remain=1.42 turn_time=0.0184974 end_in=0.0184974 cand_pre=40 cand_cap=20 cand=40->20 pre=40 pick(must/bucket/top/rand)=1/6/9/4 depth0=7 depth=0 dlog=5 dper=2 sims=64684 loop=64664 gen_time=0 eval_time=0.019 best_avg=-1.08679 best_move=4,2 leader=1 inc2=1 attack_w=0.2
DBG t=37 used=0.018 remain=1.148 turn_time=0.0170924 end_in=0.0170924 cand_pre=48 cand_cap=20 cand=48->20 pre=48 pick(must/bucket/top/rand)=1/5/10/4 depth0=10 depth=2 dlog=5 dper=3 sims=12080 loop=12060 gen_time=0 eval_time=0.018 best_avg=-0.987416 best_move=5,3 leader=1 inc2=1 attack_w=0.2
DBG t=49 used=0.017 remain=0.921 turn_time=0.0168218 end_in=0.0168218 cand_pre=49 cand_cap=20 cand=49->20 pre=49 pick(must/bucket/top/rand)=1/6/9/4 depth0=10 depth=2 dlog=5 dper=3 sims=9396 loop=9376 gen_time=0 eval_time=0.017 best_avg=-1.21757 best_move=3,1 leader=1 inc2=1 attack_w=0.2
DBG t=61 used=0.017 remain=0.716 turn_time=0.0168627 end_in=0.0168627 cand_pre=51 cand_cap=20 cand=51->20 pre=51 pick(must/bucket/top/rand)=1/5/10/4 depth0=10 depth=2 dlog=5 dper=3 sims=11088 loop=11068 gen_time=0 eval_time=0.017 best_avg=-1.3962 best_move=0,2 leader=1 inc2=1 attack_w=0.2
DBG t=74 used=0.018 remain=0.484 turn_time=0.0170982 end_in=0.0170982 cand_pre=51 cand_cap=20 cand=51->20 pre=51 pick(must/bucket/top/rand)=1/6/9/4 depth0=11 depth=3 dlog=5 dper=3 sims=8936 loop=8916 gen_time=0 eval_time=0.018 best_avg=-1.25164 best_move=1,0 leader=1 inc2=1 attack_w=0.2
DBG t=86 used=0.018 remain=0.268 turn_time=0.0172094 end_in=0.0172094 cand_pre=54 cand_cap=20 cand=54->20 pre=54 pick(must/bucket/top/rand)=1/4/11/4 depth0=11 depth=3 dlog=5 dper=3 sims=6836 loop=6816 gen_time=0 eval_time=0.018 best_avg=-0.9545 best_move=1,1 leader=1 inc2=1 attack_w=0.2
DBG t=99 used=0.015 remain=0.024 turn_time=0.0144 end_in=0.0144 cand_pre=54 cand_cap=20 cand=54->20 pre=54 pick(must/bucket/top/rand)=1/4/11/4 depth0=0 depth=0 dlog=5 dper=4 sims=58708 loop=58688 gen_time=0 eval_time=0.015 best_avg=-0.179942 best_move=0,1 leader=1 inc2=1 attack_w=0.2
DBG summary depth_guard_fired=0
Score = 332179
=== CASE 0121.txt ===
DBG hdr N=10 M=4 T=100 U=3 VMAX=1477 TIME_LIMIT=1.94 MAX_CAND=20 UCB_C=0.21
DBG t=0 used=0.024 remain=1.94 turn_time=0.0236195 end_in=0.0236195 cand_pre=5 cand_cap=20 cand=5->5 pre=5 pick(must/bucket/top/rand)=1/3/1/0 depth0=7 depth=5 dlog=2 dper=0 sims=6945 loop=6940 gen_time=0 eval_time=0.024 best_avg=-1.06913 best_move=6,8 leader=2 inc2=0 attack_w=0.570899
DBG t=12 used=0.022 remain=1.663 turn_time=0.0216568 end_in=0.0216568 cand_pre=16 cand_cap=20 cand=16->16 pre=16 pick(must/bucket/top/rand)=1/5/10/0 depth0=7 depth=4 dlog=3 dper=0 sims=5812 loop=5796 gen_time=0 eval_time=0.022 best_avg=-0.898695 best_move=4,5 leader=1 inc2=1 attack_w=0.2
DBG t=24 used=0.021 remain=1.404 turn_time=0.0202102 end_in=0.0202102 cand_pre=24 cand_cap=20 cand=24->20 pre=24 pick(must/bucket/top/rand)=1/4/11/4 depth0=7 depth=3 dlog=4 dper=0 sims=6424 loop=6404 gen_time=0 eval_time=0.021 best_avg=-1.10073 best_move=3,5 leader=1 inc2=0 attack_w=0.405512
DBG t=37 used=0.02 remain=1.142 turn_time=0.0190061 end_in=0.0190061 cand_pre=31 cand_cap=20 cand=31->20 pre=31 pick(must/bucket/top/rand)=1/6/9/4 depth0=10 depth=5 dlog=4 dper=1 sims=3108 loop=3088 gen_time=0 eval_time=0.02 best_avg=-1.24334 best_move=1,6 leader=1 inc2=0 attack_w=0.718577
DBG t=49 used=0.019 remain=0.904 turn_time=0.0189308 end_in=0.0189308 cand_pre=28 cand_cap=20 cand=28->20 pre=28 pick(must/bucket/top/rand)=1/6/9/4 depth0=10 depth=5 dlog=4 dper=1 sims=2932 loop=2912 gen_time=0 eval_time=0.019 best_avg=-1.35075 best_move=1,5 leader=1 inc2=0 attack_w=0.824831
DBG t=61 used=0.019 remain=0.676 turn_time=0.018512 end_in=0.018512 cand_pre=28 cand_cap=20 cand=28->20 pre=28 pick(must/bucket/top/rand)=1/5/10/4 depth0=10 depth=5 dlog=4 dper=1 sims=3144 loop=3124 gen_time=0 eval_time=0.019 best_avg=-1.22188 best_move=5,5 leader=1 inc2=0 attack_w=0.532361
DBG t=74 used=0.019 remain=0.428 turn_time=0.0184369 end_in=0.0184369 cand_pre=20 cand_cap=20 cand=20->20 pre=20 pick(must/bucket/top/rand)=1/4/11/4 depth0=11 depth=7 dlog=4 dper=0 sims=2048 loop=2028 gen_time=0 eval_time=0.019 best_avg=-1.42878 best_move=1,4 leader=1 inc2=1 attack_w=0.846331
DBG t=86 used=0.017 remain=0.211 turn_time=0.0164881 end_in=0.0164881 cand_pre=24 cand_cap=20 cand=24->20 pre=24 pick(must/bucket/top/rand)=1/6/9/4 depth0=11 depth=6 dlog=4 dper=1 sims=2024 loop=2004 gen_time=0 eval_time=0.017 best_avg=-1.37815 best_move=0,6 leader=1 inc2=1 attack_w=0.845206
DBG depth_guard t=99 remain=0.012 cand_pre=33 depth0=0 depth=0
DBG t=99 used=0.008 remain=0.012 turn_time=0.0072 end_in=0.0072 cand_pre=33 cand_cap=12 cand=33->12 pre=33 pick(must/bucket/top/rand)=1/7/2/2 depth0=0 depth=0 dlog=4 dper=5 sims=11172 loop=11160 gen_time=0 eval_time=0.008 best_avg=-1.33873 best_move=1,5 leader=1 inc2=1 attack_w=0.85
DBG summary depth_guard_fired=1
Score = 83641
=== CASE 0124.txt ===
DBG hdr N=10 M=8 T=100 U=5 VMAX=1767 TIME_LIMIT=1.94 MAX_CAND=20 UCB_C=0.21
DBG t=0 used=0.024 remain=1.94 turn_time=0.0236195 end_in=0.0236195 cand_pre=5 cand_cap=20 cand=5->5 pre=5 pick(must/bucket/top/rand)=1/3/1/0 depth0=7 depth=5 dlog=2 dper=0 sims=4461 loop=4456 gen_time=0 eval_time=0.024 best_avg=-0.244291 best_move=6,3 leader=3 inc2=1 attack_w=0.13
DBG t=12 used=0.023 remain=1.661 turn_time=0.0221215 end_in=0.0221215 cand_pre=12 cand_cap=20 cand=12->12 pre=12 pick(must/bucket/top/rand)=1/5/6/0 depth0=7 depth=4 dlog=3 dper=0 sims=4020 loop=4008 gen_time=0 eval_time=0.023 best_avg=-0.426214 best_move=7,3 leader=5 inc2=1 attack_w=0.384762
DBG t=24 used=0.021 remain=1.398 turn_time=0.020363 end_in=0.020363 cand_pre=22 cand_cap=20 cand=22->20 pre=22 pick(must/bucket/top/rand)=1/7/8/4 depth0=7 depth=3 dlog=4 dper=0 sims=4620 loop=4600 gen_time=0 eval_time=0.021 best_avg=-0.254778 best_move=3,1 leader=5 inc2=1 attack_w=0.2
DBG t=37 used=0.02 remain=1.137 turn_time=0.0191575 end_in=0.0191575 cand_pre=29 cand_cap=20 cand=29->20 pre=29 pick(must/bucket/top/rand)=1/7/8/4 depth0=10 depth=5 dlog=4 dper=1 sims=2620 loop=2600 gen_time=0 eval_time=0.02 best_avg=-0.164364 best_move=5,0 leader=5 inc2=1 attack_w=0.2
DBG t=49 used=0.02 remain=0.89 turn_time=0.0195451 end_in=0.0195451 cand_pre=20 cand_cap=20 cand=20->20 pre=20 pick(must/bucket/top/rand)=1/8/7/4 depth0=10 depth=6 dlog=4 dper=0 sims=2052 loop=2032 gen_time=0 eval_time=0.02 best_avg=-0.186196 best_move=7,1 leader=1 inc2=1 attack_w=0.2
DBG t=61 used=0.019 remain=0.653 turn_time=0.018644 end_in=0.018644 cand_pre=21 cand_cap=20 cand=21->20 pre=21 pick(must/bucket/top/rand)=1/4/11/4 depth0=10 depth=6 dlog=4 dper=0 sims=2208 loop=2188 gen_time=0 eval_time=0.019 best_avg=-0.187425 best_move=9,2 leader=5 inc2=1 attack_w=0.2
DBG t=74 used=0.018 remain=0.41 turn_time=0.0176615 end_in=0.0176615 cand_pre=20 cand_cap=20 cand=20->20 pre=20 pick(must/bucket/top/rand)=1/2/13/4 depth0=11 depth=7 dlog=4 dper=0 sims=1812 loop=1792 gen_time=0 eval_time=0.018 best_avg=-0.245238 best_move=8,2 leader=2 inc2=1 attack_w=0.2
DBG t=86 used=0.016 remain=0.211 turn_time=0.0154105 end_in=0.0154105 cand_pre=35 cand_cap=20 cand=35->20 pre=35 pick(must/bucket/top/rand)=1/5/10/4 depth0=11 depth=5 dlog=4 dper=2 sims=1720 loop=1700 gen_time=0 eval_time=0.016 best_avg=-0.295543 best_move=7,4 leader=2 inc2=1 attack_w=0.2
DBG depth_guard t=99 remain=0.013 cand_pre=36 depth0=0 depth=0
DBG t=99 used=0.008 remain=0.013 turn_time=0.0078 end_in=0.0078 cand_pre=36 cand_cap=12 cand=36->12 pre=36 pick(must/bucket/top/rand)=1/4/5/2 depth0=0 depth=0 dlog=5 dper=5 sims=8080 loop=8068 gen_time=0 eval_time=0.008 best_avg=-0.34405 best_move=2,1 leader=2 inc2=1 attack_w=0.2
DBG summary depth_guard_fired=1
Score = 109242
=== CASE 0123.txt ===
DBG hdr N=10 M=8 T=100 U=4 VMAX=1349 TIME_LIMIT=1.94 MAX_CAND=20 UCB_C=0.21
DBG t=0 used=0.024 remain=1.94 turn_time=0.0237456 end_in=0.0237456 cand_pre=4 cand_cap=20 cand=4->4 pre=4 pick(must/bucket/top/rand)=1/2/1/0 depth0=7 depth=6 dlog=1 dper=0 sims=3412 loop=3408 gen_time=0 eval_time=0.024 best_avg=-0.344841 best_move=4,0 leader=2 inc2=1 attack_w=0.472344
DBG t=12 used=0.023 remain=1.66 turn_time=0.0221082 end_in=0.0221082 cand_pre=12 cand_cap=20 cand=12->12 pre=12 pick(must/bucket/top/rand)=1/6/5/0 depth0=7 depth=4 dlog=3 dper=0 sims=3736 loop=3724 gen_time=0 eval_time=0.023 best_avg=-0.25455 best_move=4,2 leader=1 inc2=1 attack_w=0.2
DBG t=24 used=0.022 remain=1.395 turn_time=0.0210351 end_in=0.0210351 cand_pre=16 cand_cap=20 cand=16->16 pre=16 pick(must/bucket/top/rand)=1/8/7/0 depth0=7 depth=4 dlog=3 dper=0 sims=3048 loop=3032 gen_time=0 eval_time=0.022 best_avg=-0.173908 best_move=4,3 leader=1 inc2=1 attack_w=0.2
DBG t=37 used=0.021 remain=1.122 turn_time=0.020294 end_in=0.020294 cand_pre=17 cand_cap=20 cand=17->17 pre=17 pick(must/bucket/top/rand)=1/5/10/1 depth0=10 depth=7 dlog=3 dper=0 sims=1533 loop=1516 gen_time=0 eval_time=0.021 best_avg=-0.261157 best_move=4,1 leader=4 inc2=1 attack_w=0.2
DBG t=49 used=0.02 remain=0.879 turn_time=0.0194156 end_in=0.0194156 cand_pre=19 cand_cap=20 cand=19->19 pre=19 pick(must/bucket/top/rand)=1/4/11/3 depth0=10 depth=6 dlog=4 dper=0 sims=1587 loop=1568 gen_time=0 eval_time=0.02 best_avg=-0.385884 best_move=5,1 leader=3 inc2=1 attack_w=0.2
DBG t=61 used=0.019 remain=0.645 turn_time=0.0183081 end_in=0.0183081 cand_pre=22 cand_cap=20 cand=22->20 pre=22 pick(must/bucket/top/rand)=1/6/9/4 depth0=10 depth=6 dlog=4 dper=0 sims=1588 loop=1568 gen_time=0 eval_time=0.019 best_avg=-0.319089 best_move=5,3 leader=3 inc2=1 attack_w=0.2
DBG t=74 used=0.018 remain=0.409 turn_time=0.017005 end_in=0.017005 cand_pre=26 cand_cap=20 cand=26->20 pre=26 pick(must/bucket/top/rand)=1/5/10/4 depth0=11 depth=6 dlog=4 dper=1 sims=1440 loop=1420 gen_time=0 eval_time=0.018 best_avg=-0.270593 best_move=5,2 leader=6 inc2=1 attack_w=0.2
DBG t=86 used=0.016 remain=0.204 turn_time=0.0158464 end_in=0.0158464 cand_pre=25 cand_cap=20 cand=25->20 pre=25 pick(must/bucket/top/rand)=1/5/10/4 depth0=11 depth=6 dlog=4 dper=1 sims=1308 loop=1288 gen_time=0 eval_time=0.016 best_avg=-0.345645 best_move=5,3 leader=6 inc2=1 attack_w=0.2
DBG depth_guard t=99 remain=0.01 cand_pre=25 depth0=0 depth=0
DBG t=99 used=0.007 remain=0.01 turn_time=0.006 end_in=0.006 cand_pre=25 cand_cap=12 cand=25->12 pre=25 pick(must/bucket/top/rand)=1/4/5/2 depth0=0 depth=0 dlog=4 dper=4 sims=5504 loop=5492 gen_time=0 eval_time=0.007 best_avg=-0.386162 best_move=5,1 leader=6 inc2=1 attack_w=0.2
DBG summary depth_guard_fired=1
Score = 104223
=== CASE 0125.txt ===
DBG hdr N=10 M=5 T=100 U=2 VMAX=1268 TIME_LIMIT=1.94 MAX_CAND=20 UCB_C=0.21
DBG t=0 used=0.024 remain=1.94 turn_time=0.0237456 end_in=0.0237456 cand_pre=4 cand_cap=20 cand=4->4 pre=4 pick(must/bucket/top/rand)=1/2/1/0 depth0=7 depth=6 dlog=1 dper=0 sims=4852 loop=4848 gen_time=0 eval_time=0.024 best_avg=-0.465844 best_move=9,1 leader=4 inc2=1 attack_w=0.13
DBG t=12 used=0.022 remain=1.658 turn_time=0.0218366 end_in=0.0218366 cand_pre=14 cand_cap=20 cand=14->14 pre=14 pick(must/bucket/top/rand)=1/4/9/0 depth0=7 depth=4 dlog=3 dper=0 sims=6082 loop=6068 gen_time=0 eval_time=0.022 best_avg=-0.198863 best_move=5,1 leader=2 inc2=0 attack_w=0.2
DBG t=24 used=0.022 remain=1.39 turn_time=0.0215541 end_in=0.0215541 cand_pre=11 cand_cap=20 cand=11->11 pre=11 pick(must/bucket/top/rand)=1/6/4/0 depth0=7 depth=4 dlog=3 dper=0 sims=5547 loop=5536 gen_time=0 eval_time=0.022 best_avg=0.349873 best_move=6,1 leader=2 inc2=0 attack_w=0.2
DBG t=37 used=0.019 remain=1.131 turn_time=0.018473 end_in=0.018473 cand_pre=34 cand_cap=20 cand=34->20 pre=34 pick(must/bucket/top/rand)=1/6/9/4 depth0=10 depth=4 dlog=4 dper=2 sims=3632 loop=3612 gen_time=0 eval_time=0.019 best_avg=0.388081 best_move=3,4 leader=2 inc2=1 attack_w=0.2
DBG t=49 used=0.017 remain=0.91 turn_time=0.0169688 end_in=0.0169688 cand_pre=46 cand_cap=20 cand=46->20 pre=46 pick(must/bucket/top/rand)=1/8/7/4 depth0=10 depth=2 dlog=5 dper=3 sims=5712 loop=5692 gen_time=0 eval_time=0.017 best_avg=0.388426 best_move=4,8 leader=4 inc2=0 attack_w=0.2
DBG t=61 used=0.016 remain=0.676 turn_time=0.0159207 end_in=0.0159207 cand_pre=51 cand_cap=20 cand=51->20 pre=51 pick(must/bucket/top/rand)=1/8/7/4 depth0=10 depth=2 dlog=5 dper=3 sims=5264 loop=5244 gen_time=0 eval_time=0.016 best_avg=0.7246 best_move=2,7 leader=3 inc2=1 attack_w=0.2
DBG t=74 used=0.017 remain=0.459 turn_time=0.0162151 end_in=0.0162151 cand_pre=51 cand_cap=20 cand=51->20 pre=51 pick(must/bucket/top/rand)=1/8/7/4 depth0=11 depth=3 dlog=5 dper=3 sims=4516 loop=4496 gen_time=0 eval_time=0.017 best_avg=0.64272 best_move=3,7 leader=3 inc2=1 attack_w=0.2
DBG t=86 used=0.019 remain=0.253 turn_time=0.0188304 end_in=0.0188304 cand_pre=32 cand_cap=20 cand=32->20 pre=32 pick(must/bucket/top/rand)=1/8/7/4 depth0=11 depth=6 dlog=4 dper=1 sims=2192 loop=2172 gen_time=0 eval_time=0.019 best_avg=0.508945 best_move=2,2 leader=4 inc2=1 attack_w=0.2
DBG depth_guard t=99 remain=0.018 cand_pre=37 depth0=0 depth=0
DBG t=99 used=0.011 remain=0.018 turn_time=0.0108 end_in=0.0108 cand_pre=37 cand_cap=14 cand=37->14 pre=37 pick(must/bucket/top/rand)=1/7/3/3 depth0=0 depth=0 dlog=5 dper=4 sims=17338 loop=17324 gen_time=0 eval_time=0.011 best_avg=0.47438 best_move=4,1 leader=3 inc2=1 attack_w=0.2
DBG summary depth_guard_fired=1
Score = 206551
=== CASE 0127.txt ===
DBG hdr N=10 M=4 T=100 U=1 VMAX=1630 TIME_LIMIT=1.94 MAX_CAND=20 UCB_C=0.21
DBG t=0 used=0.024 remain=1.94 turn_time=0.0236195 end_in=0.0236195 cand_pre=5 cand_cap=20 cand=5->5 pre=5 pick(must/bucket/top/rand)=1/2/2/0 depth0=7 depth=5 dlog=2 dper=0 sims=6521 loop=6516 gen_time=0 eval_time=0.024 best_avg=-0.722185 best_move=7,4 leader=3 inc2=0 attack_w=0.13
DBG t=12 used=0.022 remain=1.666 turn_time=0.0210806 end_in=0.0210806 cand_pre=21 cand_cap=20 cand=21->20 pre=21 pick(must/bucket/top/rand)=1/6/9/4 depth0=7 depth=3 dlog=4 dper=0 sims=6716 loop=6696 gen_time=0 eval_time=0.022 best_avg=-0.784261 best_move=6,5 leader=3 inc2=1 attack_w=0.2
DBG t=24 used=0.022 remain=1.406 turn_time=0.0215617 end_in=0.0215618 cand_pre=13 cand_cap=20 cand=13->13 pre=13 pick(must/bucket/top/rand)=1/4/8/0 depth0=7 depth=4 dlog=3 dper=0 sims=5501 loop=5488 gen_time=0 eval_time=0.022 best_avg=-0.965122 best_move=4,7 leader=3 inc2=1 attack_w=0.2
DBG t=37 used=0.019 remain=1.136 turn_time=0.0185547 end_in=0.0185547 cand_pre=34 cand_cap=20 cand=34->20 pre=34 pick(must/bucket/top/rand)=1/6/9/4 depth0=10 depth=4 dlog=4 dper=2 sims=3732 loop=3712 gen_time=0 eval_time=0.019 best_avg=-0.389858 best_move=4,4 leader=1 inc2=1 attack_w=0.2
DBG t=49 used=0.018 remain=0.92 turn_time=0.0178588 end_in=0.0178588 cand_pre=40 cand_cap=20 cand=40->20 pre=40 pick(must/bucket/top/rand)=1/6/9/4 depth0=10 depth=3 dlog=5 dper=2 sims=4108 loop=4088 gen_time=0 eval_time=0.018 best_avg=-0.151964 best_move=9,3 leader=1 inc2=1 attack_w=0.2
DBG t=61 used=0.016 remain=0.694 turn_time=0.0156506 end_in=0.0156506 cand_pre=57 cand_cap=20 cand=57->20 pre=57 pick(must/bucket/top/rand)=1/6/9/4 depth0=10 depth=1 dlog=5 dper=4 sims=8292 loop=8272 gen_time=0 eval_time=0.016 best_avg=0.0764142 best_move=7,7 leader=3 inc2=1 attack_w=0.2
DBG t=74 used=0.016 remain=0.485 turn_time=0.0159211 end_in=0.0159211 cand_pre=61 cand_cap=14 cand=61->14 pre=42 pick(must/bucket/top/rand)=1/6/4/3 depth0=11 depth=2 dlog=5 dper=4 sims=4570 loop=4556 gen_time=0 eval_time=0.016 best_avg=0.459566 best_move=7,4 leader=1 inc2=1 attack_w=0.2
DBG t=86 used=0.021 remain=0.273 turn_time=0.0206992 end_in=0.0206993 cand_pre=29 cand_cap=20 cand=29->20 pre=29 pick(must/bucket/top/rand)=1/5/10/4 depth0=11 depth=6 dlog=4 dper=1 sims=2444 loop=2424 gen_time=0 eval_time=0.021 best_avg=0.333426 best_move=3,2 leader=2 inc2=1 attack_w=0.2
DBG depth_guard t=99 remain=0.018 cand_pre=33 depth0=0 depth=0
DBG t=99 used=0.011 remain=0.018 turn_time=0.0108 end_in=0.0108 cand_pre=33 cand_cap=14 cand=33->14 pre=33 pick(must/bucket/top/rand)=1/5/5/3 depth0=0 depth=0 dlog=4 dper=3 sims=25450 loop=25436 gen_time=0 eval_time=0.011 best_avg=0.533554 best_move=9,5 leader=1 inc2=1 attack_w=0.2
DBG summary depth_guard_fired=1
Score = 246803
=== CASE 0126.txt ===
DBG hdr N=10 M=2 T=100 U=2 VMAX=2406 TIME_LIMIT=1.94 MAX_CAND=20 UCB_C=0.21
DBG t=0 used=0.024 remain=1.94 turn_time=0.0236195 end_in=0.0236195 cand_pre=5 cand_cap=20 cand=5->5 pre=5 pick(must/bucket/top/rand)=1/2/2/0 depth0=7 depth=5 dlog=2 dper=0 sims=11333 loop=11328 gen_time=0 eval_time=0.024 best_avg=-1.58202 best_move=3,5 leader=1 inc2=1 attack_w=0.13
DBG t=12 used=0.022 remain=1.664 turn_time=0.0213011 end_in=0.0213011 cand_pre=19 cand_cap=20 cand=19->19 pre=19 pick(must/bucket/top/rand)=1/2/13/3 depth0=7 depth=3 dlog=4 dper=0 sims=11067 loop=11048 gen_time=0 eval_time=0.022 best_avg=-2.04978 best_move=4,8 leader=1 inc2=1 attack_w=0.2
DBG t=24 used=0.021 remain=1.41 turn_time=0.020176 end_in=0.020176 cand_pre=25 cand_cap=20 cand=25->20 pre=25 pick(must/bucket/top/rand)=1/4/11/4 depth0=7 depth=3 dlog=4 dper=0 sims=8916 loop=8896 gen_time=0 eval_time=0.021 best_avg=-2.25988 best_move=3,4 leader=1 inc2=1 attack_w=0.2
DBG t=37 used=0.02 remain=1.145 turn_time=0.0197649 end_in=0.0197649 cand_pre=25 cand_cap=20 cand=25->20 pre=25 pick(must/bucket/top/rand)=1/4/11/4 depth0=10 depth=6 dlog=4 dper=0 sims=4212 loop=4192 gen_time=0 eval_time=0.02 best_avg=-2.45017 best_move=3,4 leader=1 inc2=1 attack_w=0.2
DBG t=49 used=0.019 remain=0.907 turn_time=0.018878 end_in=0.018878 cand_pre=29 cand_cap=20 cand=29->20 pre=29 pick(must/bucket/top/rand)=1/4/11/4 depth0=10 depth=5 dlog=4 dper=1 sims=4676 loop=4656 gen_time=0 eval_time=0.019 best_avg=-2.05467 best_move=3,2 leader=1 inc2=1 attack_w=0.2
DBG t=61 used=0.018 remain=0.68 turn_time=0.0178282 end_in=0.0178282 cand_pre=35 cand_cap=20 cand=35->20 pre=35 pick(must/bucket/top/rand)=1/4/11/4 depth0=10 depth=4 dlog=4 dper=2 sims=6364 loop=6344 gen_time=0 eval_time=0.018 best_avg=-1.64804 best_move=3,4 leader=1 inc2=1 attack_w=0.2
DBG t=74 used=0.018 remain=0.442 turn_time=0.017051 end_in=0.017051 cand_pre=38 cand_cap=20 cand=38->20 pre=38 pick(must/bucket/top/rand)=1/6/9/4 depth0=11 depth=4 dlog=5 dper=2 sims=6660 loop=6640 gen_time=0 eval_time=0.018 best_avg=-1.48656 best_move=5,1 leader=1 inc2=1 attack_w=0.2
DBG t=86 used=0.017 remain=0.237 turn_time=0.0162091 end_in=0.0162091 cand_pre=45 cand_cap=20 cand=45->20 pre=45 pick(must/bucket/top/rand)=1/5/10/4 depth0=11 depth=3 dlog=5 dper=3 sims=6060 loop=6040 gen_time=0 eval_time=0.017 best_avg=-1.18489 best_move=5,2 leader=1 inc2=1 attack_w=0.2
DBG depth_guard t=99 remain=0.018 cand_pre=50 depth0=0 depth=0
DBG t=99 used=0.011 remain=0.018 turn_time=0.0108 end_in=0.0108 cand_pre=50 cand_cap=14 cand=50->14 pre=42 pick(must/bucket/top/rand)=1/5/5/3 depth0=0 depth=0 dlog=5 dper=5 sims=35894 loop=35880 gen_time=0 eval_time=0.011 best_avg=-0.914978 best_move=6,1 leader=1 inc2=1 attack_w=0.2
DBG summary depth_guard_fired=1
Score = 289152
=== CASE 0128.txt ===
DBG hdr N=10 M=3 T=100 U=5 VMAX=1385 TIME_LIMIT=1.94 MAX_CAND=20 UCB_C=0.21
DBG t=0 used=0.024 remain=1.94 turn_time=0.0236195 end_in=0.0236195 cand_pre=5 cand_cap=20 cand=5->5 pre=5 pick(must/bucket/top/rand)=1/2/2/0 depth0=7 depth=5 dlog=2 dper=0 sims=9205 loop=9200 gen_time=0 eval_time=0.024 best_avg=-1.05394 best_move=6,4 leader=1 inc2=1 attack_w=0.13
DBG t=12 used=0.021 remain=1.67 turn_time=0.0205144 end_in=0.0205144 cand_pre=26 cand_cap=20 cand=26->20 pre=26 pick(must/bucket/top/rand)=1/6/9/4 depth0=7 depth=3 dlog=4 dper=0 sims=8372 loop=8352 gen_time=0 eval_time=0.021 best_avg=-1.06479 best_move=8,6 leader=2 inc2=1 attack_w=0.2
DBG t=24 used=0.023 remain=1.425 turn_time=0.02295 end_in=0.02295 cand_pre=4 cand_cap=20 cand=4->4 pre=4 pick(must/bucket/top/rand)=1/3/0/0 depth0=7 depth=6 dlog=1 dper=0 sims=3828 loop=3824 gen_time=0 eval_time=0.023 best_avg=-1.24635 best_move=7,7 leader=2 inc2=1 attack_w=0.2
DBG t=37 used=0.02 remain=1.162 turn_time=0.0190992 end_in=0.0190992 cand_pre=33 cand_cap=20 cand=33->20 pre=33 pick(must/bucket/top/rand)=1/8/7/4 depth0=10 depth=5 dlog=4 dper=1 sims=3352 loop=3332 gen_time=0 eval_time=0.02 best_avg=-1.26536 best_move=9,6 leader=2 inc2=1 attack_w=0.2
DBG t=49 used=0.02 remain=0.93 turn_time=0.0190012 end_in=0.0190012 cand_pre=32 cand_cap=20 cand=32->20 pre=32 pick(must/bucket/top/rand)=1/8/7/4 depth0=10 depth=5 dlog=4 dper=1 sims=2820 loop=2800 gen_time=0 eval_time=0.02 best_avg=-1.27793 best_move=5,3 leader=2 inc2=1 attack_w=0.2
DBG t=61 used=0.019 remain=0.701 turn_time=0.0184956 end_in=0.0184956 cand_pre=34 cand_cap=20 cand=34->20 pre=34 pick(must/bucket/top/rand)=1/8/7/4 depth0=10 depth=4 dlog=4 dper=2 sims=2596 loop=2576 gen_time=0 eval_time=0.019 best_avg=-1.36978 best_move=7,7 leader=2 inc2=1 attack_w=0.2
DBG t=74 used=0.019 remain=0.452 turn_time=0.0180018 end_in=0.0180018 cand_pre=33 cand_cap=20 cand=33->20 pre=33 pick(must/bucket/top/rand)=1/6/9/4 depth0=11 depth=5 dlog=4 dper=2 sims=3052 loop=3032 gen_time=0 eval_time=0.019 best_avg=-1.51312 best_move=8,8 leader=2 inc2=1 attack_w=0.2
DBG t=86 used=0.017 remain=0.227 turn_time=0.0160521 end_in=0.0160521 cand_pre=40 cand_cap=20 cand=40->20 pre=40 pick(must/bucket/top/rand)=1/6/9/4 depth0=11 depth=4 dlog=5 dper=2 sims=3384 loop=3364 gen_time=0 eval_time=0.017 best_avg=-1.61264 best_move=7,8 leader=2 inc2=1 attack_w=0.2
DBG depth_guard t=99 remain=0.016 cand_pre=39 depth0=0 depth=0
DBG t=99 used=0.01 remain=0.016 turn_time=0.0096 end_in=0.0096 cand_pre=39 cand_cap=14 cand=39->14 pre=39 pick(must/bucket/top/rand)=1/6/4/3 depth0=0 depth=0 dlog=5 dper=4 sims=17514 loop=17500 gen_time=0 eval_time=0.01 best_avg=-1.61079 best_move=8,7 leader=2 inc2=1 attack_w=0.2
DBG summary depth_guard_fired=1
Score = 105874
=== CASE 0131.txt ===
DBG hdr N=10 M=5 T=100 U=1 VMAX=1033 TIME_LIMIT=1.94 MAX_CAND=20 UCB_C=0.21
DBG t=0 used=0.024 remain=1.94 turn_time=0.0237456 end_in=0.0237456 cand_pre=4 cand_cap=20 cand=4->4 pre=4 pick(must/bucket/top/rand)=1/2/1/0 depth0=7 depth=6 dlog=1 dper=0 sims=4536 loop=4532 gen_time=0 eval_time=0.024 best_avg=-0.786516 best_move=0,3 leader=1 inc2=1 attack_w=0.194942
DBG t=12 used=0.021 remain=1.669 turn_time=0.0205021 end_in=0.0205021 cand_pre=26 cand_cap=20 cand=26->20 pre=26 pick(must/bucket/top/rand)=1/2/13/4 depth0=7 depth=3 dlog=4 dper=0 sims=5068 loop=5048 gen_time=0 eval_time=0.021 best_avg=-0.472947 best_move=1,3 leader=2 inc2=0 attack_w=0.2
DBG t=24 used=0.019 remain=1.429 turn_time=0.018248 end_in=0.018248 cand_pre=43 cand_cap=20 cand=43->20 pre=43 pick(must/bucket/top/rand)=1/6/9/4 depth0=7 depth=0 dlog=5 dper=2 sims=19816 loop=19796 gen_time=0 eval_time=0.019 best_avg=-0.220147 best_move=7,7 leader=1 inc2=1 attack_w=0.2
DBG t=37 used=0.019 remain=1.191 turn_time=0.0187157 end_in=0.0187157 cand_pre=40 cand_cap=20 cand=40->20 pre=40 pick(must/bucket/top/rand)=1/6/9/4 depth0=10 depth=3 dlog=5 dper=2 sims=3276 loop=3256 gen_time=0 eval_time=0.019 best_avg=-0.172913 best_move=7,9 leader=1 inc2=1 attack_w=0.2
DBG t=49 used=0.018 remain=0.956 turn_time=0.0178266 end_in=0.0178266 cand_pre=46 cand_cap=20 cand=46->20 pre=46 pick(must/bucket/top/rand)=1/4/11/4 depth0=10 depth=2 dlog=5 dper=3 sims=4244 loop=4224 gen_time=0 eval_time=0.018 best_avg=-0.267995 best_move=1,9 leader=3 inc2=1 attack_w=0.2
DBG t=61 used=0.018 remain=0.737 turn_time=0.0172345 end_in=0.0172345 cand_pre=52 cand_cap=20 cand=52->20 pre=52 pick(must/bucket/top/rand)=1/4/11/4 depth0=10 depth=2 dlog=5 dper=3 sims=5656 loop=5636 gen_time=0 eval_time=0.018 best_avg=-0.127629 best_move=9,4 leader=4 inc2=1 attack_w=0.2
DBG t=74 used=0.017 remain=0.499 turn_time=0.0162559 end_in=0.0162559 cand_pre=62 cand_cap=14 cand=62->14 pre=42 pick(must/bucket/top/rand)=1/4/6/3 depth0=11 depth=2 dlog=5 dper=4 sims=4150 loop=4136 gen_time=0 eval_time=0.017 best_avg=0.158459 best_move=4,8 leader=2 inc2=1 attack_w=0.2
DBG t=86 used=0.019 remain=0.257 turn_time=0.0186509 end_in=0.0186509 cand_pre=36 cand_cap=20 cand=36->20 pre=36 pick(must/bucket/top/rand)=1/4/11/4 depth0=11 depth=4 dlog=5 dper=2 sims=2824 loop=2804 gen_time=0 eval_time=0.019 best_avg=0.349076 best_move=0,1 leader=1 inc2=1 attack_w=0.2
DBG depth_guard t=99 remain=0.019 cand_pre=46 depth0=0 depth=0
DBG t=99 used=0.012 remain=0.019 turn_time=0.0114 end_in=0.0114 cand_pre=46 cand_cap=16 cand=46->16 pre=46 pick(must/bucket/top/rand)=1/2/9/4 depth0=0 depth=0 dlog=5 dper=4 sims=17216 loop=17200 gen_time=0 eval_time=0.012 best_avg=0.407757 best_move=5,0 leader=1 inc2=1 attack_w=0.2
DBG summary depth_guard_fired=1
Score = 206841
=== CASE 0129.txt ===
DBG hdr N=10 M=4 T=100 U=2 VMAX=2828 TIME_LIMIT=1.94 MAX_CAND=20 UCB_C=0.21
DBG t=0 used=0.024 remain=1.94 turn_time=0.0236195 end_in=0.0236195 cand_pre=5 cand_cap=20 cand=5->5 pre=5 pick(must/bucket/top/rand)=1/2/2/0 depth0=7 depth=5 dlog=2 dper=0 sims=7061 loop=7056 gen_time=0 eval_time=0.024 best_avg=-1.89412 best_move=3,8 leader=2 inc2=1 attack_w=0.85
DBG t=12 used=0.022 remain=1.666 turn_time=0.0210806 end_in=0.0210806 cand_pre=21 cand_cap=20 cand=21->20 pre=21 pick(must/bucket/top/rand)=1/2/13/4 depth0=7 depth=3 dlog=4 dper=0 sims=6364 loop=6344 gen_time=0 eval_time=0.022 best_avg=-1.56635 best_move=3,5 leader=2 inc2=0 attack_w=0.85
DBG t=24 used=0.02 remain=1.421 turn_time=0.0191181 end_in=0.0191181 cand_pre=35 cand_cap=20 cand=35->20 pre=35 pick(must/bucket/top/rand)=1/3/12/4 depth0=7 depth=1 dlog=4 dper=2 sims=10732 loop=10712 gen_time=0 eval_time=0.02 best_avg=-1.46651 best_move=3,1 leader=2 inc2=0 attack_w=0.85
DBG t=37 used=0.019 remain=1.173 turn_time=0.0185539 end_in=0.0185539 cand_pre=39 cand_cap=20 cand=39->20 pre=39 pick(must/bucket/top/rand)=1/7/8/4 depth0=10 depth=3 dlog=5 dper=2 sims=3668 loop=3648 gen_time=0 eval_time=0.019 best_avg=-1.84232 best_move=4,9 leader=2 inc2=1 attack_w=0.85
DBG t=49 used=0.022 remain=0.926 turn_time=0.0217519 end_in=0.0217519 cand_pre=8 cand_cap=20 cand=8->8 pre=8 pick(must/bucket/top/rand)=1/5/2/0 depth0=10 depth=8 dlog=2 dper=0 sims=2108 loop=2100 gen_time=0 eval_time=0.022 best_avg=-1.5582 best_move=5,0 leader=2 inc2=1 attack_w=0.85
DBG t=61 used=0.021 remain=0.666 turn_time=0.0200142 end_in=0.0200142 cand_pre=12 cand_cap=20 cand=12->12 pre=12 pick(must/bucket/top/rand)=1/7/4/0 depth0=10 depth=7 dlog=3 dper=0 sims=2024 loop=2012 gen_time=0 eval_time=0.021 best_avg=-1.32516 best_move=8,1 leader=1 inc2=1 attack_w=0.85
DBG t=74 used=0.019 remain=0.41 turn_time=0.0180715 end_in=0.0180715 cand_pre=16 cand_cap=20 cand=16->16 pre=16 pick(must/bucket/top/rand)=1/6/9/0 depth0=11 depth=8 dlog=3 dper=0 sims=1404 loop=1388 gen_time=0 eval_time=0.019 best_avg=-1.17576 best_move=9,1 leader=1 inc2=1 attack_w=0.678118
DBG t=86 used=0.017 remain=0.197 turn_time=0.0160344 end_in=0.0160344 cand_pre=17 cand_cap=20 cand=17->17 pre=17 pick(must/bucket/top/rand)=1/2/13/1 depth0=11 depth=6 dlog=3 dper=0 sims=1733 loop=1716 gen_time=0 eval_time=0.017 best_avg=-1.03465 best_move=9,0 leader=1 inc2=0 attack_w=0.202935
DBG depth_guard t=98 remain=0.019 cand_pre=18 depth0=1 depth=0
DBG depth_guard t=99 remain=0.008 cand_pre=19 depth0=0 depth=0
DBG t=99 used=0.005 remain=0.008 turn_time=0.0048 end_in=0.0048 cand_pre=19 cand_cap=12 cand=19->12 pre=19 pick(must/bucket/top/rand)=1/5/4/2 depth0=0 depth=0 dlog=4 dper=4 sims=5192 loop=5180 gen_time=0 eval_time=0.005 best_avg=-0.964847 best_move=7,3 leader=1 inc2=0 attack_w=0.2
DBG summary depth_guard_fired=2
Score = 108799
=== CASE 0130.txt ===
DBG hdr N=10 M=6 T=100 U=2 VMAX=1824 TIME_LIMIT=1.94 MAX_CAND=20 UCB_C=0.21
DBG t=0 used=0.024 remain=1.94 turn_time=0.0238717 end_in=0.0238717 cand_pre=3 cand_cap=20 cand=3->3 pre=3 pick(must/bucket/top/rand)=1/2/0/0 depth0=7 depth=6 dlog=1 dper=0 sims=4351 loop=4348 gen_time=0 eval_time=0.024 best_avg=-1.28897 best_move=4,2 leader=5 inc2=1 attack_w=0.434948
DBG t=12 used=0.023 remain=1.661 turn_time=0.0223669 end_in=0.0223669 cand_pre=10 cand_cap=20 cand=10->10 pre=10 pick(must/bucket/top/rand)=1/3/6/0 depth0=7 depth=4 dlog=3 dper=0 sims=4394 loop=4384 gen_time=0 eval_time=0.023 best_avg=-1.18593 best_move=5,8 leader=5 inc2=1 attack_w=0.85
DBG t=24 used=0.021 remain=1.397 turn_time=0.0205874 end_in=0.0205874 cand_pre=20 cand_cap=20 cand=20->20 pre=20 pick(must/bucket/top/rand)=1/3/12/4 depth0=7 depth=3 dlog=4 dper=0 sims=4220 loop=4200 gen_time=0 eval_time=0.021 best_avg=-0.592697 best_move=7,8 leader=5 inc2=1 attack_w=0.331274
DBG t=37 used=0.019 remain=1.132 turn_time=0.0188397 end_in=0.0188397 cand_pre=31 cand_cap=20 cand=31->20 pre=31 pick(must/bucket/top/rand)=1/3/12/4 depth0=10 depth=5 dlog=4 dper=1 sims=2260 loop=2240 gen_time=0 eval_time=0.019 best_avg=-0.272864 best_move=8,6 leader=5 inc2=1 attack_w=0.2
DBG t=49 used=0.018 remain=0.907 turn_time=0.0176065 end_in=0.0176065 cand_pre=40 cand_cap=20 cand=40->20 pre=40 pick(must/bucket/top/rand)=1/5/10/4 depth0=10 depth=3 dlog=5 dper=2 sims=3252 loop=3232 gen_time=0 eval_time=0.018 best_avg=-0.0541935 best_move=6,5 leader=5 inc2=1 attack_w=0.2
DBG t=61 used=0.017 remain=0.696 turn_time=0.0167397 end_in=0.0167397 cand_pre=48 cand_cap=20 cand=48->20 pre=48 pick(must/bucket/top/rand)=1/8/7/4 depth0=10 depth=2 dlog=5 dper=3 sims=3848 loop=3828 gen_time=0 eval_time=0.017 best_avg=0.0759306 best_move=8,2 leader=5 inc2=1 attack_w=0.2
DBG t=74 used=0.02 remain=0.428 turn_time=0.0192929 end_in=0.0192929 cand_pre=12 cand_cap=20 cand=12->12 pre=12 pick(must/bucket/top/rand)=1/7/4/0 depth0=11 depth=8 dlog=3 dper=0 sims=1488 loop=1476 gen_time=0 eval_time=0.02 best_avg=0.011197 best_move=5,1 leader=4 inc2=1 attack_w=0.2
DBG t=86 used=0.017 remain=0.205 turn_time=0.0165904 end_in=0.0165904 cand_pre=18 cand_cap=20 cand=18->18 pre=18 pick(must/bucket/top/rand)=1/7/8/2 depth0=11 depth=6 dlog=4 dper=0 sims=1610 loop=1592 gen_time=0 eval_time=0.017 best_avg=-0.279357 best_move=9,0 leader=4 inc2=1 attack_w=0.2
DBG depth_guard t=99 remain=0.008 cand_pre=20 depth0=0 depth=0
DBG t=99 used=0.005 remain=0.008 turn_time=0.0048 end_in=0.0048 cand_pre=20 cand_cap=12 cand=20->12 pre=20 pick(must/bucket/top/rand)=1/3/6/2 depth0=0 depth=0 dlog=4 dper=4 sims=5864 loop=5852 gen_time=0 eval_time=0.005 best_avg=-0.414959 best_move=6,1 leader=4 inc2=1 attack_w=0.2
DBG summary depth_guard_fired=1
Score = 118916
=== CASE 0134.txt ===
DBG hdr N=10 M=6 T=100 U=3 VMAX=1790 TIME_LIMIT=1.94 MAX_CAND=20 UCB_C=0.21
DBG t=0 used=0.024 remain=1.94 turn_time=0.0238717 end_in=0.0238717 cand_pre=3 cand_cap=20 cand=3->3 pre=3 pick(must/bucket/top/rand)=1/2/0/0 depth0=7 depth=6 dlog=1 dper=0 sims=4251 loop=4248 gen_time=0 eval_time=0.024 best_avg=-0.889754 best_move=8,9 leader=2 inc2=1 attack_w=0.85
DBG t=12 used=0.023 remain=1.659 turn_time=0.0220949 end_in=0.0220949 cand_pre=12 cand_cap=20 cand=12->12 pre=12 pick(must/bucket/top/rand)=1/4/7/0 depth0=7 depth=4 dlog=3 dper=0 sims=4436 loop=4424 gen_time=0 eval_time=0.023 best_avg=-0.645055 best_move=5,9 leader=5 inc2=1 attack_w=0.284112
DBG t=24 used=0.021 remain=1.4 turn_time=0.0202724 end_in=0.0202724 cand_pre=23 cand_cap=20 cand=23->20 pre=23 pick(must/bucket/top/rand)=1/4/11/4 depth0=7 depth=3 dlog=4 dper=0 sims=4208 loop=4188 gen_time=0 eval_time=0.021 best_avg=-0.399323 best_move=7,5 leader=5 inc2=1 attack_w=0.2
DBG t=37 used=0.019 remain=1.139 turn_time=0.0189562 end_in=0.0189562 cand_pre=31 cand_cap=20 cand=31->20 pre=31 pick(must/bucket/top/rand)=1/3/12/4 depth0=10 depth=5 dlog=4 dper=1 sims=2304 loop=2284 gen_time=0 eval_time=0.019 best_avg=-0.296603 best_move=5,5 leader=4 inc2=1 attack_w=0.2
DBG t=49 used=0.019 remain=0.915 turn_time=0.0182282 end_in=0.0182282 cand_pre=36 cand_cap=20 cand=36->20 pre=36 pick(must/bucket/top/rand)=1/6/9/4 depth0=10 depth=3 dlog=5 dper=2 sims=3216 loop=3196 gen_time=0 eval_time=0.019 best_avg=-0.309942 best_move=5,8 leader=4 inc2=1 attack_w=0.2
DBG t=61 used=0.018 remain=0.695 turn_time=0.0176423 end_in=0.0176423 cand_pre=40 cand_cap=20 cand=40->20 pre=40 pick(must/bucket/top/rand)=1/8/7/4 depth0=10 depth=3 dlog=5 dper=2 sims=2900 loop=2880 gen_time=0 eval_time=0.018 best_avg=-0.217702 best_move=4,6 leader=4 inc2=1 attack_w=0.2
DBG t=74 used=0.017 remain=0.467 turn_time=0.0168479 end_in=0.0168479 cand_pre=48 cand_cap=20 cand=48->20 pre=48 pick(must/bucket/top/rand)=1/6/9/4 depth0=11 depth=3 dlog=5 dper=3 sims=2732 loop=2712 gen_time=0 eval_time=0.017 best_avg=-0.172621 best_move=9,6 leader=4 inc2=1 attack_w=0.2
DBG t=86 used=0.018 remain=0.257 turn_time=0.0170997 end_in=0.0170997 cand_pre=49 cand_cap=20 cand=49->20 pre=49 pick(must/bucket/top/rand)=1/6/9/4 depth0=11 depth=3 dlog=5 dper=3 sims=2864 loop=2844 gen_time=0 eval_time=0.018 best_avg=-0.163624 best_move=9,3 leader=4 inc2=1 attack_w=0.2
DBG t=99 used=0.013 remain=0.02 turn_time=0.012 end_in=0.012 cand_pre=48 cand_cap=16 cand=48->16 pre=48 pick(must/bucket/top/rand)=1/4/7/4 depth0=0 depth=0 dlog=5 dper=4 sims=13216 loop=13200 gen_time=0 eval_time=0.013 best_avg=-0.11807 best_move=6,7 leader=4 inc2=1 attack_w=0.2
DBG summary depth_guard_fired=0
Score = 143951
=== CASE 0135.txt ===
DBG hdr N=10 M=7 T=100 U=5 VMAX=1885 TIME_LIMIT=1.94 MAX_CAND=20 UCB_C=0.21
DBG t=0 used=0.024 remain=1.94 turn_time=0.0236195 end_in=0.0236195 cand_pre=5 cand_cap=20 cand=5->5 pre=5 pick(must/bucket/top/rand)=1/2/2/0 depth0=7 depth=5 dlog=2 dper=0 sims=5465 loop=5460 gen_time=0 eval_time=0.024 best_avg=-0.881341 best_move=6,3 leader=4 inc2=1 attack_w=0.85
DBG t=12 used=0.022 remain=1.659 turn_time=0.0217272 end_in=0.0217272 cand_pre=15 cand_cap=20 cand=15->15 pre=15 pick(must/bucket/top/rand)=1/4/10/0 depth0=7 depth=4 dlog=3 dper=0 sims=4167 loop=4152 gen_time=0 eval_time=0.022 best_avg=-0.644781 best_move=4,5 leader=3 inc2=1 attack_w=0.85
DBG t=24 used=0.02 remain=1.407 turn_time=0.0198924 end_in=0.0198924 cand_pre=27 cand_cap=20 cand=27->20 pre=27 pick(must/bucket/top/rand)=1/5/10/4 depth0=7 depth=2 dlog=4 dper=1 sims=5888 loop=5868 gen_time=0 eval_time=0.02 best_avg=-0.378557 best_move=2,4 leader=6 inc2=1 attack_w=0.2
DBG t=37 used=0.02 remain=1.146 turn_time=0.019191 end_in=0.019191 cand_pre=30 cand_cap=20 cand=30->20 pre=30 pick(must/bucket/top/rand)=1/6/9/4 depth0=10 depth=5 dlog=4 dper=1 sims=2476 loop=2456 gen_time=0 eval_time=0.02 best_avg=-0.374862 best_move=6,2 leader=6 inc2=1 attack_w=0.2
DBG t=49 used=0.019 remain=0.912 turn_time=0.0186334 end_in=0.0186334 cand_pre=32 cand_cap=20 cand=32->20 pre=32 pick(must/bucket/top/rand)=1/5/10/4 depth0=10 depth=5 dlog=4 dper=1 sims=2156 loop=2136 gen_time=0 eval_time=0.019 best_avg=-0.325747 best_move=5,7 leader=6 inc2=1 attack_w=0.2
DBG t=61 used=0.019 remain=0.684 turn_time=0.0180471 end_in=0.0180471 cand_pre=34 cand_cap=20 cand=34->20 pre=34 pick(must/bucket/top/rand)=1/8/7/4 depth0=10 depth=4 dlog=4 dper=2 sims=2632 loop=2612 gen_time=0 eval_time=0.019 best_avg=-0.193437 best_move=6,2 leader=6 inc2=1 attack_w=0.2
DBG t=74 used=0.018 remain=0.449 turn_time=0.0172088 end_in=0.0172088 cand_pre=39 cand_cap=20 cand=39->20 pre=39 pick(must/bucket/top/rand)=1/8/7/4 depth0=11 depth=4 dlog=5 dper=2 sims=2148 loop=2128 gen_time=0 eval_time=0.018 best_avg=-0.162029 best_move=8,7 leader=6 inc2=1 attack_w=0.2
DBG t=86 used=0.017 remain=0.24 turn_time=0.01686 end_in=0.01686 cand_pre=41 cand_cap=20 cand=41->20 pre=41 pick(must/bucket/top/rand)=1/8/7/4 depth0=11 depth=4 dlog=5 dper=2 sims=1996 loop=1976 gen_time=0 eval_time=0.017 best_avg=-0.220016 best_move=7,7 leader=4 inc2=1 attack_w=0.2
DBG depth_guard t=99 remain=0.017 cand_pre=41 depth0=0 depth=0
DBG t=99 used=0.011 remain=0.017 turn_time=0.0102 end_in=0.0102 cand_pre=41 cand_cap=14 cand=41->14 pre=41 pick(must/bucket/top/rand)=1/6/4/3 depth0=0 depth=0 dlog=5 dper=4 sims=9930 loop=9916 gen_time=0 eval_time=0.011 best_avg=-0.295538 best_move=4,4 leader=3 inc2=1 attack_w=0.2
DBG summary depth_guard_fired=1
Score = 120058
=== CASE 0133.txt ===
DBG hdr N=10 M=7 T=100 U=3 VMAX=1854 TIME_LIMIT=1.94 MAX_CAND=20 UCB_C=0.21
DBG t=0 used=0.024 remain=1.94 turn_time=0.0237456 end_in=0.0237456 cand_pre=4 cand_cap=20 cand=4->4 pre=4 pick(must/bucket/top/rand)=1/2/1/0 depth0=7 depth=6 dlog=1 dper=0 sims=3812 loop=3808 gen_time=0 eval_time=0.024 best_avg=-0.636424 best_move=9,5 leader=3 inc2=1 attack_w=0.506222
DBG t=12 used=0.023 remain=1.658 turn_time=0.0220815 end_in=0.0220815 cand_pre=12 cand_cap=20 cand=12->12 pre=12 pick(must/bucket/top/rand)=1/4/7/0 depth0=7 depth=4 dlog=3 dper=0 sims=4056 loop=4044 gen_time=0 eval_time=0.023 best_avg=-0.385322 best_move=8,3 leader=4 inc2=1 attack_w=0.2
DBG t=24 used=0.022 remain=1.391 turn_time=0.0210938 end_in=0.0210938 cand_pre=15 cand_cap=20 cand=15->15 pre=15 pick(must/bucket/top/rand)=1/6/8/0 depth0=7 depth=4 dlog=3 dper=0 sims=3503 loop=3488 gen_time=0 eval_time=0.022 best_avg=-0.456448 best_move=8,5 leader=6 inc2=1 attack_w=0.2
DBG t=37 used=0.02 remain=1.119 turn_time=0.019547 end_in=0.019547 cand_pre=23 cand_cap=20 cand=23->20 pre=23 pick(must/bucket/top/rand)=1/6/9/4 depth0=10 depth=6 dlog=4 dper=0 sims=1864 loop=1844 gen_time=0 eval_time=0.02 best_avg=-0.641245 best_move=9,1 leader=6 inc2=1 attack_w=0.343112
DBG t=49 used=0.019 remain=0.881 turn_time=0.0188983 end_in=0.0188983 cand_pre=24 cand_cap=20 cand=24->20 pre=24 pick(must/bucket/top/rand)=1/6/9/4 depth0=10 depth=6 dlog=4 dper=0 sims=1712 loop=1692 gen_time=0 eval_time=0.019 best_avg=-0.642443 best_move=8,0 leader=6 inc2=1 attack_w=0.431977
DBG t=61 used=0.019 remain=0.655 turn_time=0.0189194 end_in=0.0189194 cand_pre=19 cand_cap=20 cand=19->19 pre=19 pick(must/bucket/top/rand)=1/5/10/3 depth0=10 depth=6 dlog=4 dper=0 sims=1739 loop=1720 gen_time=0 eval_time=0.019 best_avg=-0.685799 best_move=7,7 leader=6 inc2=1 attack_w=0.34315
DBG t=74 used=0.017 remain=0.419 turn_time=0.016897 end_in=0.016897 cand_pre=31 cand_cap=20 cand=31->20 pre=31 pick(must/bucket/top/rand)=1/7/8/4 depth0=11 depth=5 dlog=4 dper=2 sims=1708 loop=1688 gen_time=0 eval_time=0.017 best_avg=-0.666686 best_move=9,7 leader=6 inc2=1 attack_w=0.517728
DBG t=86 used=0.016 remain=0.215 turn_time=0.0158025 end_in=0.0158025 cand_pre=34 cand_cap=20 cand=34->20 pre=34 pick(must/bucket/top/rand)=1/7/8/4 depth0=11 depth=5 dlog=4 dper=2 sims=1492 loop=1472 gen_time=0 eval_time=0.016 best_avg=-0.64611 best_move=6,4 leader=6 inc2=1 attack_w=0.414741
DBG depth_guard t=99 remain=0.013 cand_pre=34 depth0=0 depth=0
DBG t=99 used=0.008 remain=0.013 turn_time=0.0078 end_in=0.0078 cand_pre=34 cand_cap=12 cand=34->12 pre=34 pick(must/bucket/top/rand)=1/7/2/2 depth0=0 depth=0 dlog=4 dper=4 sims=6896 loop=6884 gen_time=0 eval_time=0.008 best_avg=-0.534691 best_move=6,4 leader=6 inc2=1 attack_w=0.285762
DBG summary depth_guard_fired=1
Score = 103420
=== CASE 0136.txt ===
DBG hdr N=10 M=6 T=100 U=1 VMAX=2305 TIME_LIMIT=1.94 MAX_CAND=20 UCB_C=0.21
DBG t=0 used=0.024 remain=1.94 turn_time=0.0236195 end_in=0.0236195 cand_pre=5 cand_cap=20 cand=5->5 pre=5 pick(must/bucket/top/rand)=1/2/2/0 depth0=7 depth=5 dlog=2 dper=0 sims=5185 loop=5180 gen_time=0 eval_time=0.024 best_avg=-1.0183 best_move=4,5 leader=5 inc2=1 attack_w=0.85
DBG t=12 used=0.024 remain=1.669 turn_time=0.023091 end_in=0.023091 cand_pre=5 cand_cap=20 cand=5->5 pre=5 pick(must/bucket/top/rand)=1/3/1/0 depth0=7 depth=5 dlog=2 dper=0 sims=3121 loop=3116 gen_time=0 eval_time=0.024 best_avg=-0.754251 best_move=1,2 leader=2 inc2=1 attack_w=0.539299
DBG t=24 used=0.023 remain=1.401 turn_time=0.0225635 end_in=0.0225635 cand_pre=4 cand_cap=20 cand=4->4 pre=4 pick(must/bucket/top/rand)=1/0/3/0 depth0=7 depth=6 dlog=1 dper=0 sims=2992 loop=2988 gen_time=0 eval_time=0.023 best_avg=-0.553384 best_move=2,5 leader=3 inc2=1 attack_w=0.85
DBG t=37 used=0.02 remain=1.122 turn_time=0.0194836 end_in=0.0194836 cand_pre=24 cand_cap=20 cand=24->20 pre=24 pick(must/bucket/top/rand)=1/5/10/4 depth0=10 depth=6 dlog=4 dper=0 sims=2064 loop=2044 gen_time=0 eval_time=0.02 best_avg=-0.107855 best_move=6,2 leader=2 inc2=1 attack_w=0.2
DBG t=49 used=0.018 remain=0.895 turn_time=0.0177157 end_in=0.0177157 cand_pre=37 cand_cap=20 cand=37->20 pre=37 pick(must/bucket/top/rand)=1/4/11/4 depth0=10 depth=3 dlog=5 dper=2 sims=3536 loop=3516 gen_time=0 eval_time=0.018 best_avg=0.179663 best_move=9,0 leader=4 inc2=1 attack_w=0.2
DBG t=61 used=0.016 remain=0.681 turn_time=0.0158114 end_in=0.0158114 cand_pre=53 cand_cap=20 cand=53->20 pre=53 pick(must/bucket/top/rand)=1/4/11/4 depth0=10 depth=1 dlog=5 dper=4 sims=6568 loop=6548 gen_time=0 eval_time=0.016 best_avg=0.26553 best_move=9,1 leader=5 inc2=1 attack_w=0.2
DBG t=74 used=0.017 remain=0.465 turn_time=0.0166595 end_in=0.0166595 cand_pre=49 cand_cap=20 cand=49->20 pre=49 pick(must/bucket/top/rand)=1/4/11/4 depth0=11 depth=3 dlog=5 dper=3 sims=2684 loop=2664 gen_time=0 eval_time=0.017 best_avg=-0.15922 best_move=2,0 leader=4 inc2=1 attack_w=0.2
DBG t=86 used=0.018 remain=0.251 turn_time=0.0176327 end_in=0.0176327 cand_pre=41 cand_cap=20 cand=41->20 pre=41 pick(must/bucket/top/rand)=1/2/13/4 depth0=11 depth=4 dlog=5 dper=2 sims=2736 loop=2716 gen_time=0 eval_time=0.018 best_avg=-0.033012 best_move=3,0 leader=5 inc2=1 attack_w=0.2
DBG depth_guard t=99 remain=0.018 cand_pre=43 depth0=0 depth=0
DBG t=99 used=0.011 remain=0.018 turn_time=0.0108 end_in=0.0108 cand_pre=43 cand_cap=14 cand=43->14 pre=42 pick(must/bucket/top/rand)=1/3/7/3 depth0=0 depth=0 dlog=5 dper=4 sims=22630 loop=22616 gen_time=0 eval_time=0.011 best_avg=0.456985 best_move=2,2 leader=5 inc2=1 attack_w=0.2
DBG summary depth_guard_fired=1
Score = 197843
=== CASE 0132.txt ===
DBG hdr N=10 M=5 T=100 U=3 VMAX=2576 TIME_LIMIT=1.94 MAX_CAND=20 UCB_C=0.21
DBG t=0 used=0.024 remain=1.94 turn_time=0.0237456 end_in=0.0237456 cand_pre=4 cand_cap=20 cand=4->4 pre=4 pick(must/bucket/top/rand)=1/2/1/0 depth0=7 depth=6 dlog=1 dper=0 sims=4868 loop=4864 gen_time=0 eval_time=0.024 best_avg=-1.24666 best_move=9,1 leader=4 inc2=1 attack_w=0.85
DBG t=12 used=0.023 remain=1.656 turn_time=0.0226665 end_in=0.0226665 cand_pre=7 cand_cap=20 cand=7->7 pre=7 pick(must/bucket/top/rand)=1/3/3/0 depth0=7 depth=5 dlog=2 dper=0 sims=4019 loop=4012 gen_time=0 eval_time=0.023 best_avg=-1.47259 best_move=8,0 leader=4 inc2=1 attack_w=0.85
DBG t=24 used=0.021 remain=1.388 turn_time=0.0204547 end_in=0.0204547 cand_pre=20 cand_cap=20 cand=20->20 pre=20 pick(must/bucket/top/rand)=1/6/9/4 depth0=7 depth=3 dlog=4 dper=0 sims=5404 loop=5384 gen_time=0 eval_time=0.021 best_avg=-1.2584 best_move=5,1 leader=4 inc2=1 attack_w=0.85
DBG t=37 used=0.02 remain=1.124 turn_time=0.0194024 end_in=0.0194024 cand_pre=25 cand_cap=20 cand=25->20 pre=25 pick(must/bucket/top/rand)=1/7/8/4 depth0=10 depth=6 dlog=4 dper=0 sims=2196 loop=2176 gen_time=0 eval_time=0.02 best_avg=-1.30812 best_move=9,1 leader=3 inc2=1 attack_w=0.85
DBG t=49 used=0.019 remain=0.89 turn_time=0.0188645 end_in=0.0188645 cand_pre=26 cand_cap=20 cand=26->20 pre=26 pick(must/bucket/top/rand)=1/6/9/4 depth0=10 depth=5 dlog=4 dper=1 sims=2644 loop=2624 gen_time=0 eval_time=0.019 best_avg=-1.28543 best_move=2,1 leader=3 inc2=0 attack_w=0.85
DBG t=61 used=0.019 remain=0.662 turn_time=0.0182389 end_in=0.0182389 cand_pre=27 cand_cap=20 cand=27->20 pre=27 pick(must/bucket/top/rand)=1/6/9/4 depth0=10 depth=5 dlog=4 dper=1 sims=2744 loop=2724 gen_time=0 eval_time=0.019 best_avg=-1.33298 best_move=1,2 leader=3 inc2=0 attack_w=0.85
DBG t=74 used=0.018 remain=0.425 turn_time=0.0171389 end_in=0.0171389 cand_pre=31 cand_cap=20 cand=31->20 pre=31 pick(must/bucket/top/rand)=1/6/9/4 depth0=11 depth=6 dlog=4 dper=1 sims=1820 loop=1800 gen_time=0 eval_time=0.018 best_avg=-1.41165 best_move=2,1 leader=3 inc2=0 attack_w=0.85
DBG t=86 used=0.017 remain=0.218 turn_time=0.0161242 end_in=0.0161242 cand_pre=33 cand_cap=20 cand=33->20 pre=33 pick(must/bucket/top/rand)=1/7/8/4 depth0=11 depth=5 dlog=4 dper=2 sims=2068 loop=2048 gen_time=0 eval_time=0.017 best_avg=-1.49045 best_move=3,1 leader=3 inc2=0 attack_w=0.85
DBG depth_guard t=99 remain=0.01 cand_pre=20 depth0=0 depth=0
DBG t=99 used=0.007 remain=0.01 turn_time=0.006 end_in=0.006 cand_pre=20 cand_cap=12 cand=20->12 pre=20 pick(must/bucket/top/rand)=1/4/5/2 depth0=0 depth=0 dlog=4 dper=3 sims=7936 loop=7924 gen_time=0 eval_time=0.007 best_avg=-1.42701 best_move=4,1 leader=3 inc2=1 attack_w=0.85
DBG summary depth_guard_fired=1
Score = 58537
=== CASE 0137.txt ===
DBG hdr N=10 M=8 T=100 U=1 VMAX=1945 TIME_LIMIT=1.94 MAX_CAND=20 UCB_C=0.21
DBG t=0 used=0.024 remain=1.94 turn_time=0.0237456 end_in=0.0237456 cand_pre=4 cand_cap=20 cand=4->4 pre=4 pick(must/bucket/top/rand)=1/2/1/0 depth0=7 depth=6 dlog=1 dper=0 sims=3096 loop=3092 gen_time=0 eval_time=0.024 best_avg=-0.677219 best_move=5,5 leader=6 inc2=1 attack_w=0.85
DBG t=12 used=0.022 remain=1.661 turn_time=0.0215081 end_in=0.0215081 cand_pre=17 cand_cap=20 cand=17->17 pre=17 pick(must/bucket/top/rand)=1/4/11/1 depth0=7 depth=4 dlog=3 dper=0 sims=3957 loop=3940 gen_time=0 eval_time=0.022 best_avg=-0.308326 best_move=6,4 leader=7 inc2=1 attack_w=0.758822
DBG t=24 used=0.02 remain=1.398 turn_time=0.019526 end_in=0.019526 cand_pre=29 cand_cap=20 cand=29->20 pre=29 pick(must/bucket/top/rand)=1/2/13/4 depth0=7 depth=2 dlog=4 dper=1 sims=6348 loop=6328 gen_time=0 eval_time=0.02 best_avg=0.119242 best_move=2,3 leader=5 inc2=1 attack_w=0.2
DBG t=37 used=0.018 remain=1.154 turn_time=0.017539 end_in=0.017539 cand_pre=45 cand_cap=20 cand=45->20 pre=45 pick(must/bucket/top/rand)=1/5/10/4 depth0=10 depth=2 dlog=5 dper=3 sims=5792 loop=5772 gen_time=0 eval_time=0.018 best_avg=0.854431 best_move=5,2 leader=2 inc2=1 attack_w=0.2
DBG t=49 used=0.022 remain=0.919 turn_time=0.021119 end_in=0.021119 cand_pre=12 cand_cap=20 cand=12->12 pre=12 pick(must/bucket/top/rand)=1/5/6/0 depth0=10 depth=7 dlog=3 dper=0 sims=2504 loop=2492 gen_time=0 eval_time=0.022 best_avg=0.545131 best_move=5,0 leader=5 inc2=1 attack_w=0.2
DBG t=61 used=0.018 remain=0.694 turn_time=0.0172699 end_in=0.0172699 cand_pre=43 cand_cap=20 cand=43->20 pre=43 pick(must/bucket/top/rand)=1/6/9/4 depth0=10 depth=3 dlog=5 dper=2 sims=3784 loop=3764 gen_time=0 eval_time=0.018 best_avg=1.03668 best_move=1,3 leader=1 inc2=1 attack_w=0.2
DBG t=74 used=0.017 remain=0.472 turn_time=0.0162023 end_in=0.0162023 cand_pre=55 cand_cap=20 cand=55->20 pre=55 pick(must/bucket/top/rand)=1/3/12/4 depth0=11 depth=2 dlog=5 dper=4 sims=5128 loop=5108 gen_time=0 eval_time=0.017 best_avg=1.14732 best_move=2,2 leader=6 inc2=1 attack_w=0.2
DBG t=86 used=0.017 remain=0.247 turn_time=0.016893 end_in=0.016893 cand_pre=45 cand_cap=20 cand=45->20 pre=45 pick(must/bucket/top/rand)=1/6/9/4 depth0=11 depth=3 dlog=5 dper=3 sims=3424 loop=3404 gen_time=0 eval_time=0.017 best_avg=0.988408 best_move=6,1 leader=6 inc2=1 attack_w=0.2
DBG depth_guard t=99 remain=0.015 cand_pre=7 depth0=0 depth=0
DBG t=99 used=0.01 remain=0.015 turn_time=0.009 end_in=0.009 cand_pre=7 cand_cap=14 cand=7->7 pre=7 pick(must/bucket/top/rand)=1/3/3/0 depth0=0 depth=0 dlog=2 dper=0 sims=19643 loop=19636 gen_time=0 eval_time=0.01 best_avg=1.41768 best_move=5,3 leader=4 inc2=1 attack_w=0.2
DBG summary depth_guard_fired=1
Score = 287825
=== CASE 0138.txt ===
DBG hdr N=10 M=6 T=100 U=2 VMAX=2279 TIME_LIMIT=1.94 MAX_CAND=20 UCB_C=0.21
DBG t=0 used=0.024 remain=1.94 turn_time=0.0236195 end_in=0.0236195 cand_pre=5 cand_cap=20 cand=5->5 pre=5 pick(must/bucket/top/rand)=1/2/2/0 depth0=7 depth=5 dlog=2 dper=0 sims=4889 loop=4884 gen_time=0 eval_time=0.024 best_avg=-0.921398 best_move=6,8 leader=4 inc2=1 attack_w=0.85
DBG t=12 used=0.022 remain=1.664 turn_time=0.0211782 end_in=0.0211782 cand_pre=20 cand_cap=20 cand=20->20 pre=20 pick(must/bucket/top/rand)=1/6/9/4 depth0=7 depth=3 dlog=4 dper=0 sims=5052 loop=5032 gen_time=0 eval_time=0.022 best_avg=-0.426718 best_move=2,9 leader=2 inc2=1 attack_w=0.2
DBG t=24 used=0.02 remain=1.411 turn_time=0.0199489 end_in=0.0199489 cand_pre=27 cand_cap=20 cand=27->20 pre=27 pick(must/bucket/top/rand)=1/7/8/4 depth0=7 depth=2 dlog=4 dper=1 sims=5668 loop=5648 gen_time=0 eval_time=0.02 best_avg=-0.383841 best_move=1,7 leader=2 inc2=1 attack_w=0.2
DBG t=37 used=0.02 remain=1.151 turn_time=0.0193934 end_in=0.0193934 cand_pre=29 cand_cap=20 cand=29->20 pre=29 pick(must/bucket/top/rand)=1/7/8/4 depth0=10 depth=5 dlog=4 dper=1 sims=2208 loop=2188 gen_time=0 eval_time=0.02 best_avg=-0.786453 best_move=1,7 leader=2 inc2=1 attack_w=0.447043
DBG t=49 used=0.02 remain=0.913 turn_time=0.0190029 end_in=0.0190029 cand_pre=29 cand_cap=20 cand=29->20 pre=29 pick(must/bucket/top/rand)=1/6/9/4 depth0=10 depth=5 dlog=4 dper=1 sims=2204 loop=2184 gen_time=0 eval_time=0.02 best_avg=-0.797713 best_move=0,6 leader=2 inc2=1 attack_w=0.32832
DBG t=61 used=0.019 remain=0.684 turn_time=0.0181611 end_in=0.0181611 cand_pre=33 cand_cap=20 cand=33->20 pre=33 pick(must/bucket/top/rand)=1/6/9/4 depth0=10 depth=5 dlog=4 dper=1 sims=1912 loop=1892 gen_time=0 eval_time=0.019 best_avg=-0.738728 best_move=0,5 leader=2 inc2=1 attack_w=0.328966
DBG t=74 used=0.018 remain=0.446 turn_time=0.0177628 end_in=0.0177628 cand_pre=33 cand_cap=20 cand=33->20 pre=33 pick(must/bucket/top/rand)=1/8/7/4 depth0=11 depth=5 dlog=4 dper=2 sims=2220 loop=2200 gen_time=0 eval_time=0.018 best_avg=-0.689608 best_move=2,3 leader=2 inc2=1 attack_w=0.2
DBG t=86 used=0.018 remain=0.219 turn_time=0.0170116 end_in=0.0170116 cand_pre=25 cand_cap=20 cand=25->20 pre=25 pick(must/bucket/top/rand)=1/5/10/4 depth0=11 depth=6 dlog=4 dper=1 sims=584 loop=564 gen_time=0 eval_time=0.018 best_avg=-0.692876 best_move=3,5 leader=2 inc2=1 attack_w=0.396837
DBG depth_guard t=98 remain=0.019 cand_pre=26 depth0=1 depth=0
DBG depth_guard t=99 remain=0.008 cand_pre=32 depth0=0 depth=0
DBG t=99 used=0.005 remain=0.008 turn_time=0.0048 end_in=0.0048 cand_pre=32 cand_cap=12 cand=32->12 pre=32 pick(must/bucket/top/rand)=1/7/2/2 depth0=0 depth=0 dlog=4 dper=5 sims=4932 loop=4920 gen_time=0 eval_time=0.005 best_avg=-0.756591 best_move=3,7 leader=1 inc2=1 attack_w=0.597907
DBG summary depth_guard_fired=2
Score = 91969
=== CASE 0139.txt ===
DBG hdr N=10 M=7 T=100 U=1 VMAX=1258 TIME_LIMIT=1.94 MAX_CAND=20 UCB_C=0.21
DBG t=0 used=0.024 remain=1.94 turn_time=0.0236195 end_in=0.0236195 cand_pre=5 cand_cap=20 cand=5->5 pre=5 pick(must/bucket/top/rand)=1/2/2/0 depth0=7 depth=5 dlog=2 dper=0 sims=4873 loop=4868 gen_time=0 eval_time=0.024 best_avg=-0.666784 best_move=5,3 leader=1 inc2=1 attack_w=0.85
DBG t=12 used=0.021 remain=1.671 turn_time=0.020033 end_in=0.020033 cand_pre=30 cand_cap=20 cand=30->20 pre=30 pick(must/bucket/top/rand)=1/4/11/4 depth0=7 depth=2 dlog=4 dper=1 sims=5796 loop=5776 gen_time=0 eval_time=0.021 best_avg=-0.259609 best_move=5,7 leader=4 inc2=1 attack_w=0.2
DBG t=24 used=0.018 remain=1.438 turn_time=0.0179939 end_in=0.0179939 cand_pre=46 cand_cap=20 cand=46->20 pre=46 pick(must/bucket/top/rand)=1/4/11/4 depth0=7 depth=0 dlog=5 dper=3 sims=20664 loop=20644 gen_time=0 eval_time=0.018 best_avg=0.227792 best_move=6,5 leader=3 inc2=1 attack_w=0.2
DBG t=37 used=0.017 remain=1.176 turn_time=0.0161747 end_in=0.0161747 cand_pre=59 cand_cap=20 cand=59->20 pre=59 pick(must/bucket/top/rand)=1/6/9/4 depth0=10 depth=1 dlog=5 dper=4 sims=6352 loop=6332 gen_time=0 eval_time=0.017 best_avg=0.438273 best_move=3,9 leader=2 inc2=1 attack_w=0.2
DBG t=49 used=0.02 remain=0.952 turn_time=0.019572 end_in=0.019572 cand_pre=31 cand_cap=20 cand=31->20 pre=31 pick(must/bucket/top/rand)=1/6/9/4 depth0=10 depth=5 dlog=4 dper=1 sims=1848 loop=1828 gen_time=0 eval_time=0.02 best_avg=0.22806 best_move=9,1 leader=4 inc2=1 attack_w=0.2
DBG t=61 used=0.021 remain=0.711 turn_time=0.0204185 end_in=0.0204185 cand_pre=20 cand_cap=20 cand=20->20 pre=20 pick(must/bucket/top/rand)=1/6/9/4 depth0=10 depth=6 dlog=4 dper=0 sims=1808 loop=1788 gen_time=0 eval_time=0.021 best_avg=0.115038 best_move=8,2 leader=6 inc2=1 attack_w=0.2
DBG t=74 used=0.017 remain=0.473 turn_time=0.0163549 end_in=0.0163549 cand_pre=54 cand_cap=20 cand=54->20 pre=54 pick(must/bucket/top/rand)=1/4/11/4 depth0=11 depth=3 dlog=5 dper=3 sims=2816 loop=2796 gen_time=0 eval_time=0.017 best_avg=0.343293 best_move=5,7 leader=6 inc2=1 attack_w=0.2
DBG t=86 used=0.017 remain=0.265 turn_time=0.0166477 end_in=0.0166477 cand_pre=57 cand_cap=20 cand=57->20 pre=57 pick(must/bucket/top/rand)=1/6/9/4 depth0=11 depth=2 dlog=5 dper=4 sims=2232 loop=2212 gen_time=0 eval_time=0.017 best_avg=0.835938 best_move=6,9 leader=4 inc2=1 attack_w=0.2
DBG depth_guard t=99 remain=0.012 cand_pre=57 depth0=0 depth=0
DBG t=99 used=0.008 remain=0.012 turn_time=0.0072 end_in=0.0072 cand_pre=57 cand_cap=12 cand=57->12 pre=36 pick(must/bucket/top/rand)=1/6/3/2 depth0=0 depth=0 dlog=5 dper=5 sims=6772 loop=6760 gen_time=0 eval_time=0.008 best_avg=0.78774 best_move=5,6 leader=4 inc2=1 attack_w=0.2
DBG summary depth_guard_fired=1
Score = 220710
=== CASE 0140.txt ===
DBG hdr N=10 M=6 T=100 U=4 VMAX=2013 TIME_LIMIT=1.94 MAX_CAND=20 UCB_C=0.21
DBG t=0 used=0.024 remain=1.94 turn_time=0.0238717 end_in=0.0238717 cand_pre=3 cand_cap=20 cand=3->3 pre=3 pick(must/bucket/top/rand)=1/2/0/0 depth0=7 depth=6 dlog=1 dper=0 sims=4887 loop=4884 gen_time=0 eval_time=0.024 best_avg=-1.20945 best_move=4,4 leader=4 inc2=1 attack_w=0.85
DBG t=12 used=0.023 remain=1.66 turn_time=0.022476 end_in=0.022476 cand_pre=9 cand_cap=20 cand=9->9 pre=9 pick(must/bucket/top/rand)=1/6/2/0 depth0=7 depth=4 dlog=3 dper=0 sims=4073 loop=4064 gen_time=0 eval_time=0.023 best_avg=-0.624382 best_move=4,5 leader=1 inc2=1 attack_w=0.574967
DBG t=24 used=0.022 remain=1.393 turn_time=0.021005 end_in=0.021005 cand_pre=16 cand_cap=20 cand=16->16 pre=16 pick(must/bucket/top/rand)=1/8/7/0 depth0=7 depth=4 dlog=3 dper=0 sims=3460 loop=3444 gen_time=0 eval_time=0.022 best_avg=-0.700907 best_move=6,8 leader=5 inc2=1 attack_w=0.299243
DBG t=37 used=0.021 remain=1.119 turn_time=0.0202397 end_in=0.0202397 cand_pre=17 cand_cap=20 cand=17->17 pre=17 pick(must/bucket/top/rand)=1/8/7/1 depth0=10 depth=7 dlog=3 dper=0 sims=1613 loop=1596 gen_time=0 eval_time=0.021 best_avg=-0.893411 best_move=6,6 leader=3 inc2=1 attack_w=0.749462
DBG t=49 used=0.02 remain=0.875 turn_time=0.0193272 end_in=0.0193272 cand_pre=19 cand_cap=20 cand=19->19 pre=19 pick(must/bucket/top/rand)=1/6/9/3 depth0=10 depth=6 dlog=4 dper=0 sims=1831 loop=1812 gen_time=0 eval_time=0.02 best_avg=-0.815882 best_move=6,7 leader=5 inc2=1 attack_w=0.754181
DBG t=61 used=0.019 remain=0.644 turn_time=0.0181724 end_in=0.0181724 cand_pre=23 cand_cap=20 cand=23->20 pre=23 pick(must/bucket/top/rand)=1/8/7/4 depth0=10 depth=6 dlog=4 dper=0 sims=1748 loop=1728 gen_time=0 eval_time=0.019 best_avg=-0.556287 best_move=4,6 leader=5 inc2=1 attack_w=0.30236
DBG t=74 used=0.017 remain=0.414 turn_time=0.0165918 end_in=0.0165918 cand_pre=32 cand_cap=20 cand=32->20 pre=32 pick(must/bucket/top/rand)=1/8/7/4 depth0=11 depth=5 dlog=4 dper=2 sims=2060 loop=2040 gen_time=0 eval_time=0.017 best_avg=-0.411086 best_move=7,5 leader=1 inc2=1 attack_w=0.2
DBG t=86 used=0.016 remain=0.213 turn_time=0.0153588 end_in=0.0153588 cand_pre=37 cand_cap=20 cand=37->20 pre=37 pick(must/bucket/top/rand)=1/8/7/4 depth0=11 depth=4 dlog=5 dper=2 sims=592 loop=572 gen_time=0 eval_time=0.016 best_avg=-0.189468 best_move=4,6 leader=5 inc2=1 attack_w=0.2
DBG depth_guard t=99 remain=0.009 cand_pre=42 depth0=0 depth=0
DBG t=99 used=0.006 remain=0.009 turn_time=0.0054 end_in=0.0054 cand_pre=42 cand_cap=12 cand=42->12 pre=36 pick(must/bucket/top/rand)=1/7/2/2 depth0=0 depth=0 dlog=5 dper=5 sims=6016 loop=6004 gen_time=0 eval_time=0.006 best_avg=-0.0998938 best_move=8,2 leader=1 inc2=1 attack_w=0.2
DBG summary depth_guard_fired=1
Score = 144270
=== CASE 0143.txt ===
DBG hdr N=10 M=3 T=100 U=5 VMAX=1725 TIME_LIMIT=1.94 MAX_CAND=20 UCB_C=0.21
DBG t=0 used=0.024 remain=1.94 turn_time=0.0236195 end_in=0.0236195 cand_pre=5 cand_cap=20 cand=5->5 pre=5 pick(must/bucket/top/rand)=1/3/1/0 depth0=7 depth=5 dlog=2 dper=0 sims=9477 loop=9472 gen_time=0 eval_time=0.024 best_avg=-1.51785 best_move=3,5 leader=2 inc2=1 attack_w=0.723879
DBG t=12 used=0.022 remain=1.661 turn_time=0.0218761 end_in=0.0218761 cand_pre=14 cand_cap=20 cand=14->14 pre=14 pick(must/bucket/top/rand)=1/5/8/0 depth0=7 depth=4 dlog=3 dper=0 sims=7902 loop=7888 gen_time=0 eval_time=0.022 best_avg=-1.59799 best_move=2,6 leader=2 inc2=1 attack_w=0.373537
DBG t=24 used=0.021 remain=1.4 turn_time=0.0207513 end_in=0.0207513 cand_pre=19 cand_cap=20 cand=19->19 pre=19 pick(must/bucket/top/rand)=1/6/9/3 depth0=7 depth=3 dlog=4 dper=0 sims=7539 loop=7520 gen_time=0 eval_time=0.021 best_avg=-1.5002 best_move=1,3 leader=1 inc2=1 attack_w=0.2
DBG t=37 used=0.02 remain=1.127 turn_time=0.019803 end_in=0.019803 cand_pre=22 cand_cap=20 cand=22->20 pre=22 pick(must/bucket/top/rand)=1/6/9/4 depth0=10 depth=6 dlog=4 dper=0 sims=3116 loop=3096 gen_time=0 eval_time=0.02 best_avg=-1.56045 best_move=0,1 leader=1 inc2=1 attack_w=0.2
DBG t=49 used=0.019 remain=0.888 turn_time=0.0188221 end_in=0.0188221 cand_pre=26 cand_cap=20 cand=26->20 pre=26 pick(must/bucket/top/rand)=1/7/8/4 depth0=10 depth=5 dlog=4 dper=1 sims=3228 loop=3208 gen_time=0 eval_time=0.019 best_avg=-1.59066 best_move=2,2 leader=2 inc2=1 attack_w=0.2
DBG t=61 used=0.018 remain=0.666 turn_time=0.0177942 end_in=0.0177942 cand_pre=32 cand_cap=20 cand=32->20 pre=32 pick(must/bucket/top/rand)=1/7/8/4 depth0=10 depth=5 dlog=4 dper=1 sims=2976 loop=2956 gen_time=0 eval_time=0.018 best_avg=-1.55472 best_move=1,5 leader=1 inc2=1 attack_w=0.2
DBG t=74 used=0.017 remain=0.436 turn_time=0.0163835 end_in=0.0163835 cand_pre=42 cand_cap=20 cand=42->20 pre=42 pick(must/bucket/top/rand)=1/7/8/4 depth0=11 depth=3 dlog=5 dper=3 sims=3736 loop=3716 gen_time=0 eval_time=0.017 best_avg=-1.55966 best_move=3,1 leader=1 inc2=1 attack_w=0.2
DBG t=86 used=0.016 remain=0.235 turn_time=0.0155268 end_in=0.0155268 cand_pre=50 cand_cap=20 cand=50->20 pre=50 pick(must/bucket/top/rand)=1/7/8/4 depth0=11 depth=3 dlog=5 dper=3 sims=1836 loop=1816 gen_time=0 eval_time=0.016 best_avg=-1.49322 best_move=6,7 leader=2 inc2=1 attack_w=0.2
DBG depth_guard t=99 remain=0.017 cand_pre=54 depth0=0 depth=0
DBG t=99 used=0.011 remain=0.017 turn_time=0.0102 end_in=0.0102 cand_pre=54 cand_cap=14 cand=54->14 pre=42 pick(must/bucket/top/rand)=1/7/3/3 depth0=0 depth=0 dlog=5 dper=5 sims=8642 loop=8628 gen_time=0 eval_time=0.011 best_avg=-1.46283 best_move=2,6 leader=2 inc2=1 attack_w=0.2
DBG summary depth_guard_fired=1
Score = 117508
=== CASE 0141.txt ===
DBG hdr N=10 M=3 T=100 U=3 VMAX=1781 TIME_LIMIT=1.94 MAX_CAND=20 UCB_C=0.21
DBG t=0 used=0.024 remain=1.94 turn_time=0.0237456 end_in=0.0237456 cand_pre=4 cand_cap=20 cand=4->4 pre=4 pick(must/bucket/top/rand)=1/2/1/0 depth0=7 depth=6 dlog=1 dper=0 sims=6708 loop=6704 gen_time=0 eval_time=0.024 best_avg=-1.60762 best_move=2,0 leader=1 inc2=1 attack_w=0.816927
DBG t=12 used=0.022 remain=1.667 turn_time=0.0212164 end_in=0.0212164 cand_pre=20 cand_cap=20 cand=20->20 pre=20 pick(must/bucket/top/rand)=1/6/9/4 depth0=7 depth=3 dlog=4 dper=0 sims=7164 loop=7144 gen_time=0 eval_time=0.022 best_avg=-1.18948 best_move=7,3 leader=2 inc2=1 attack_w=0.2
DBG t=24 used=0.021 remain=1.41 turn_time=0.0205378 end_in=0.0205378 cand_pre=22 cand_cap=20 cand=22->20 pre=22 pick(must/bucket/top/rand)=1/8/7/4 depth0=7 depth=3 dlog=4 dper=0 sims=5780 loop=5760 gen_time=0 eval_time=0.021 best_avg=-1.09825 best_move=8,0 leader=1 inc2=1 attack_w=0.2
DBG t=37 used=0.02 remain=1.137 turn_time=0.0199787 end_in=0.0199787 cand_pre=22 cand_cap=20 cand=22->20 pre=22 pick(must/bucket/top/rand)=1/8/7/4 depth0=10 depth=6 dlog=4 dper=0 sims=2536 loop=2516 gen_time=0 eval_time=0.02 best_avg=-1.58976 best_move=8,3 leader=1 inc2=1 attack_w=0.308333
DBG t=49 used=0.02 remain=0.897 turn_time=0.0193559 end_in=0.0193559 cand_pre=23 cand_cap=20 cand=23->20 pre=23 pick(must/bucket/top/rand)=1/8/7/4 depth0=10 depth=6 dlog=4 dper=0 sims=2532 loop=2512 gen_time=0 eval_time=0.02 best_avg=-1.70177 best_move=8,3 leader=1 inc2=1 attack_w=0.566285
DBG t=61 used=0.019 remain=0.663 turn_time=0.0187085 end_in=0.0187085 cand_pre=23 cand_cap=20 cand=23->20 pre=23 pick(must/bucket/top/rand)=1/8/7/4 depth0=10 depth=6 dlog=4 dper=0 sims=2396 loop=2376 gen_time=0 eval_time=0.019 best_avg=-1.73212 best_move=9,3 leader=1 inc2=1 attack_w=0.583991
DBG t=74 used=0.018 remain=0.419 turn_time=0.0178397 end_in=0.0178397 cand_pre=22 cand_cap=20 cand=22->20 pre=22 pick(must/bucket/top/rand)=1/8/7/4 depth0=11 depth=7 dlog=4 dper=0 sims=1872 loop=1852 gen_time=0 eval_time=0.018 best_avg=-1.75281 best_move=9,2 leader=1 inc2=1 attack_w=0.633274
DBG t=86 used=0.019 remain=0.201 turn_time=0.01608 end_in=0.01608 cand_pre=20 cand_cap=20 cand=20->20 pre=20 pick(must/bucket/top/rand)=1/7/8/4 depth0=11 depth=6 dlog=4 dper=0 sims=824 loop=804 gen_time=0 eval_time=0.019 best_avg=-1.84503 best_move=7,2 leader=1 inc2=1 attack_w=0.85
DBG depth_guard t=98 remain=0.015 cand_pre=20 depth0=1 depth=0
DBG depth_guard t=99 remain=0.006 cand_pre=20 depth0=0 depth=0
DBG t=99 used=0.004 remain=0.006 turn_time=0.0036 end_in=0.0036 cand_pre=20 cand_cap=12 cand=20->12 pre=20 pick(must/bucket/top/rand)=1/7/2/2 depth0=0 depth=0 dlog=4 dper=5 sims=4796 loop=4784 gen_time=0 eval_time=0.004 best_avg=-1.90941 best_move=8,3 leader=1 inc2=1 attack_w=0.85
DBG summary depth_guard_fired=2
Score = 84980
=== CASE 0142.txt ===
DBG hdr N=10 M=4 T=100 U=3 VMAX=1934 TIME_LIMIT=1.94 MAX_CAND=20 UCB_C=0.21
DBG t=0 used=0.024 remain=1.94 turn_time=0.0236195 end_in=0.0236195 cand_pre=5 cand_cap=20 cand=5->5 pre=5 pick(must/bucket/top/rand)=1/2/2/0 depth0=7 depth=5 dlog=2 dper=0 sims=7505 loop=7500 gen_time=0 eval_time=0.024 best_avg=-1.4926 best_move=2,1 leader=2 inc2=1 attack_w=0.85
DBG t=12 used=0.022 remain=1.661 turn_time=0.0217534 end_in=0.0217534 cand_pre=15 cand_cap=20 cand=15->15 pre=15 pick(must/bucket/top/rand)=1/3/11/0 depth0=7 depth=4 dlog=3 dper=0 sims=5583 loop=5568 gen_time=0 eval_time=0.022 best_avg=-0.797227 best_move=4,2 leader=2 inc2=0 attack_w=0.551602
DBG t=24 used=0.021 remain=1.402 turn_time=0.0203013 end_in=0.0203013 cand_pre=23 cand_cap=20 cand=23->20 pre=23 pick(must/bucket/top/rand)=1/6/9/4 depth0=7 depth=3 dlog=4 dper=0 sims=5724 loop=5704 gen_time=0 eval_time=0.021 best_avg=-0.831727 best_move=3,1 leader=2 inc2=1 attack_w=0.2
DBG t=37 used=0.019 remain=1.143 turn_time=0.0183152 end_in=0.0183152 cand_pre=37 cand_cap=20 cand=37->20 pre=37 pick(must/bucket/top/rand)=1/6/9/4 depth0=10 depth=3 dlog=5 dper=2 sims=5552 loop=5532 gen_time=0 eval_time=0.019 best_avg=-0.707724 best_move=5,3 leader=2 inc2=0 attack_w=0.2
DBG t=49 used=0.018 remain=0.916 turn_time=0.0177812 end_in=0.0177812 cand_pre=40 cand_cap=20 cand=40->20 pre=40 pick(must/bucket/top/rand)=1/8/7/4 depth0=10 depth=3 dlog=5 dper=2 sims=5612 loop=5592 gen_time=0 eval_time=0.018 best_avg=-0.359808 best_move=7,5 leader=3 inc2=1 attack_w=0.2
DBG t=61 used=0.017 remain=0.702 turn_time=0.016533 end_in=0.016533 cand_pre=51 cand_cap=20 cand=51->20 pre=51 pick(must/bucket/top/rand)=1/8/7/4 depth0=10 depth=2 dlog=5 dper=3 sims=6884 loop=6864 gen_time=0 eval_time=0.017 best_avg=-0.242005 best_move=4,1 leader=3 inc2=1 attack_w=0.2
DBG t=74 used=0.017 remain=0.481 turn_time=0.0162707 end_in=0.0162707 cand_pre=57 cand_cap=20 cand=57->20 pre=57 pick(must/bucket/top/rand)=1/8/7/4 depth0=11 depth=2 dlog=5 dper=4 sims=6412 loop=6392 gen_time=0 eval_time=0.017 best_avg=-0.0766994 best_move=3,0 leader=1 inc2=1 attack_w=0.2
DBG t=86 used=0.018 remain=0.261 turn_time=0.0170023 end_in=0.0170023 cand_pre=52 cand_cap=20 cand=52->20 pre=52 pick(must/bucket/top/rand)=1/8/7/4 depth0=11 depth=3 dlog=5 dper=3 sims=2856 loop=2836 gen_time=0 eval_time=0.018 best_avg=-0.48115 best_move=4,1 leader=2 inc2=1 attack_w=0.2
DBG depth_guard t=99 remain=0.009 cand_pre=14 depth0=0 depth=0
DBG t=99 used=0.006 remain=0.009 turn_time=0.0054 end_in=0.0054 cand_pre=14 cand_cap=12 cand=14->12 pre=14 pick(must/bucket/top/rand)=1/5/4/2 depth0=0 depth=0 dlog=3 dper=3 sims=8328 loop=8316 gen_time=0 eval_time=0.006 best_avg=-0.442136 best_move=9,1 leader=2 inc2=1 attack_w=0.2
DBG summary depth_guard_fired=1
Score = 155235
=== CASE 0144.txt ===
DBG hdr N=10 M=3 T=100 U=3 VMAX=1649 TIME_LIMIT=1.94 MAX_CAND=20 UCB_C=0.21
DBG t=0 used=0.024 remain=1.94 turn_time=0.0236195 end_in=0.0236195 cand_pre=5 cand_cap=20 cand=5->5 pre=5 pick(must/bucket/top/rand)=1/2/2/0 depth0=7 depth=5 dlog=2 dper=0 sims=8237 loop=8232 gen_time=0 eval_time=0.024 best_avg=-1.51232 best_move=2,3 leader=1 inc2=1 attack_w=0.805149
DBG t=12 used=0.021 remain=1.662 turn_time=0.0209072 end_in=0.0209072 cand_pre=22 cand_cap=20 cand=22->20 pre=22 pick(must/bucket/top/rand)=1/3/12/4 depth0=7 depth=3 dlog=4 dper=0 sims=8332 loop=8312 gen_time=0 eval_time=0.021 best_avg=-1.40272 best_move=6,1 leader=1 inc2=1 attack_w=0.411293
DBG t=24 used=0.019 remain=1.411 turn_time=0.0188628 end_in=0.0188628 cand_pre=36 cand_cap=20 cand=36->20 pre=36 pick(must/bucket/top/rand)=1/4/11/4 depth0=7 depth=0 dlog=5 dper=2 sims=28584 loop=28564 gen_time=0 eval_time=0.019 best_avg=-0.706556 best_move=6,6 leader=1 inc2=1 attack_w=0.2
DBG t=37 used=0.018 remain=1.151 turn_time=0.0173746 end_in=0.0173746 cand_pre=46 cand_cap=20 cand=46->20 pre=46 pick(must/bucket/top/rand)=1/6/9/4 depth0=10 depth=2 dlog=5 dper=3 sims=8944 loop=8924 gen_time=0 eval_time=0.018 best_avg=-0.0946656 best_move=4,7 leader=1 inc2=1 attack_w=0.2
DBG t=49 used=0.016 remain=0.932 turn_time=0.0158349 end_in=0.0158349 cand_pre=59 cand_cap=20 cand=59->20 pre=59 pick(must/bucket/top/rand)=1/8/7/4 depth0=10 depth=1 dlog=5 dper=4 sims=12112 loop=12092 gen_time=0 eval_time=0.016 best_avg=0.445691 best_move=7,8 leader=2 inc2=1 attack_w=0.2
DBG t=61 used=0.016 remain=0.735 turn_time=0.0159627 end_in=0.0159627 cand_pre=62 cand_cap=14 cand=62->14 pre=42 pick(must/bucket/top/rand)=1/6/4/3 depth0=10 depth=1 dlog=5 dper=4 sims=12126 loop=12112 gen_time=0 eval_time=0.016 best_avg=0.745066 best_move=4,9 leader=1 inc2=1 attack_w=0.13
DBG t=74 used=0.017 remain=0.515 turn_time=0.0166484 end_in=0.0166484 cand_pre=63 cand_cap=14 cand=63->14 pre=42 pick(must/bucket/top/rand)=1/6/4/3 depth0=11 depth=2 dlog=5 dper=4 sims=8338 loop=8324 gen_time=0 eval_time=0.017 best_avg=1.1268 best_move=5,9 leader=1 inc2=1 attack_w=0.13
DBG t=86 used=0.019 remain=0.303 turn_time=0.0181908 end_in=0.0181908 cand_pre=63 cand_cap=14 cand=63->14 pre=42 pick(must/bucket/top/rand)=1/5/5/3 depth0=11 depth=2 dlog=5 dper=4 sims=9618 loop=9604 gen_time=0 eval_time=0.019 best_avg=1.01086 best_move=5,9 leader=2 inc2=1 attack_w=0.13
DBG t=99 used=0.02 remain=0.033 turn_time=0.0198 end_in=0.0198 cand_pre=63 cand_cap=14 cand=63->14 pre=42 pick(must/bucket/top/rand)=1/6/4/3 depth0=0 depth=0 dlog=5 dper=3 sims=67322 loop=67308 gen_time=0 eval_time=0.02 best_avg=0.872345 best_move=6,7 leader=1 inc2=1 attack_w=0.13
DBG summary depth_guard_fired=0
Score = 328394
=== CASE 0148.txt ===
DBG hdr N=10 M=6 T=100 U=2 VMAX=2056 TIME_LIMIT=1.94 MAX_CAND=20 UCB_C=0.21
DBG t=0 used=0.024 remain=1.94 turn_time=0.0237456 end_in=0.0237456 cand_pre=4 cand_cap=20 cand=4->4 pre=4 pick(must/bucket/top/rand)=1/2/1/0 depth0=7 depth=6 dlog=1 dper=0 sims=3648 loop=3644 gen_time=0 eval_time=0.024 best_avg=-0.966293 best_move=7,7 leader=4 inc2=1 attack_w=0.85
DBG t=12 used=0.023 remain=1.661 turn_time=0.0221215 end_in=0.0221215 cand_pre=12 cand_cap=20 cand=12->12 pre=12 pick(must/bucket/top/rand)=1/5/6/0 depth0=7 depth=4 dlog=3 dper=0 sims=3388 loop=3376 gen_time=0 eval_time=0.023 best_avg=-0.895002 best_move=8,5 leader=4 inc2=1 attack_w=0.82588
DBG t=24 used=0.02 remain=1.393 turn_time=0.0199327 end_in=0.0199327 cand_pre=25 cand_cap=20 cand=25->20 pre=25 pick(must/bucket/top/rand)=1/6/9/4 depth0=7 depth=3 dlog=4 dper=0 sims=3276 loop=3256 gen_time=0 eval_time=0.02 best_avg=-0.665166 best_move=6,8 leader=4 inc2=1 attack_w=0.665874
DBG t=37 used=0.019 remain=1.122 turn_time=0.0186733 end_in=0.0186733 cand_pre=31 cand_cap=20 cand=31->20 pre=31 pick(must/bucket/top/rand)=1/7/8/4 depth0=10 depth=5 dlog=4 dper=1 sims=1960 loop=1940 gen_time=0 eval_time=0.019 best_avg=-0.60345 best_move=4,7 leader=2 inc2=1 attack_w=0.358671
DBG t=49 used=0.018 remain=0.901 turn_time=0.0176048 end_in=0.0176048 cand_pre=39 cand_cap=20 cand=39->20 pre=39 pick(must/bucket/top/rand)=1/7/8/4 depth0=10 depth=3 dlog=5 dper=2 sims=2976 loop=2956 gen_time=0 eval_time=0.018 best_avg=-0.557578 best_move=2,8 leader=2 inc2=1 attack_w=0.246584
DBG t=61 used=0.018 remain=0.686 turn_time=0.0170708 end_in=0.0170708 cand_pre=43 cand_cap=20 cand=43->20 pre=43 pick(must/bucket/top/rand)=1/6/9/4 depth0=10 depth=2 dlog=5 dper=3 sims=4208 loop=4188 gen_time=0 eval_time=0.018 best_avg=-0.196219 best_move=2,7 leader=2 inc2=1 attack_w=0.2
DBG t=74 used=0.017 remain=0.464 turn_time=0.0162757 end_in=0.0162757 cand_pre=52 cand_cap=20 cand=52->20 pre=52 pick(must/bucket/top/rand)=1/7/8/4 depth0=11 depth=3 dlog=5 dper=3 sims=2732 loop=2712 gen_time=0 eval_time=0.017 best_avg=-0.0682643 best_move=2,4 leader=2 inc2=1 attack_w=0.2
DBG t=86 used=0.017 remain=0.259 turn_time=0.0169922 end_in=0.0169922 cand_pre=51 cand_cap=20 cand=51->20 pre=51 pick(must/bucket/top/rand)=1/8/7/4 depth0=11 depth=3 dlog=5 dper=3 sims=2980 loop=2960 gen_time=0 eval_time=0.017 best_avg=0.134566 best_move=2,6 leader=2 inc2=1 attack_w=0.2
DBG depth_guard t=99 remain=0.018 cand_pre=53 depth0=0 depth=0
DBG t=99 used=0.011 remain=0.018 turn_time=0.0108 end_in=0.0108 cand_pre=53 cand_cap=14 cand=53->14 pre=42 pick(must/bucket/top/rand)=1/6/4/3 depth0=0 depth=0 dlog=5 dper=5 sims=15686 loop=15672 gen_time=0 eval_time=0.011 best_avg=0.202444 best_move=2,4 leader=2 inc2=1 attack_w=0.2
DBG summary depth_guard_fired=1
Score = 168546
=== CASE 0145.txt ===
DBG hdr N=10 M=7 T=100 U=1 VMAX=1296 TIME_LIMIT=1.94 MAX_CAND=20 UCB_C=0.21
DBG t=0 used=0.024 remain=1.94 turn_time=0.0238717 end_in=0.0238717 cand_pre=3 cand_cap=20 cand=3->3 pre=3 pick(must/bucket/top/rand)=1/2/0/0 depth0=7 depth=6 dlog=1 dper=0 sims=3043 loop=3040 gen_time=0 eval_time=0.024 best_avg=-0.561813 best_move=9,8 leader=4 inc2=1 attack_w=0.557261
DBG t=12 used=0.022 remain=1.666 turn_time=0.0210806 end_in=0.0210806 cand_pre=21 cand_cap=20 cand=21->20 pre=21 pick(must/bucket/top/rand)=1/6/9/4 depth0=7 depth=3 dlog=4 dper=0 sims=3688 loop=3668 gen_time=0 eval_time=0.022 best_avg=-0.356972 best_move=3,9 leader=3 inc2=1 attack_w=0.286675
DBG t=24 used=0.025 remain=1.39 turn_time=0.021673 end_in=0.021673 cand_pre=10 cand_cap=20 cand=10->10 pre=10 pick(must/bucket/top/rand)=1/5/4/0 depth0=7 depth=4 dlog=3 dper=0 sims=2462 loop=2452 gen_time=0 eval_time=0.025 best_avg=0.0226757 best_move=9,3 leader=5 inc2=1 attack_w=0.2
DBG t=37 used=0.02 remain=1.113 turn_time=0.0197867 end_in=0.0197867 cand_pre=20 cand_cap=20 cand=20->20 pre=20 pick(must/bucket/top/rand)=1/6/9/4 depth0=10 depth=6 dlog=4 dper=0 sims=1804 loop=1784 gen_time=0 eval_time=0.02 best_avg=-0.30176 best_move=9,4 leader=3 inc2=1 attack_w=0.2
DBG t=49 used=0.02 remain=0.884 turn_time=0.019526 end_in=0.019526 cand_pre=19 cand_cap=20 cand=19->19 pre=19 pick(must/bucket/top/rand)=1/4/11/3 depth0=10 depth=6 dlog=4 dper=0 sims=1595 loop=1576 gen_time=0 eval_time=0.02 best_avg=-0.333639 best_move=1,7 leader=3 inc2=1 attack_w=0.2
DBG t=61 used=0.018 remain=0.641 turn_time=0.0174467 end_in=0.0174467 cand_pre=29 cand_cap=20 cand=29->20 pre=29 pick(must/bucket/top/rand)=1/4/11/4 depth0=10 depth=5 dlog=4 dper=1 sims=1688 loop=1668 gen_time=0 eval_time=0.018 best_avg=-0.0277268 best_move=1,4 leader=6 inc2=1 attack_w=0.2
DBG t=74 used=0.015 remain=0.422 turn_time=0.014697 end_in=0.014697 cand_pre=53 cand_cap=20 cand=53->20 pre=53 pick(must/bucket/top/rand)=1/4/11/4 depth0=11 depth=2 dlog=5 dper=4 sims=3412 loop=3392 gen_time=0 eval_time=0.015 best_avg=0.369296 best_move=0,5 leader=6 inc2=1 attack_w=0.2
DBG t=86 used=0.017 remain=0.215 turn_time=0.0166011 end_in=0.0166011 cand_pre=26 cand_cap=20 cand=26->20 pre=26 pick(must/bucket/top/rand)=1/3/12/4 depth0=11 depth=6 dlog=4 dper=1 sims=1436 loop=1416 gen_time=0 eval_time=0.017 best_avg=0.445899 best_move=7,0 leader=6 inc2=1 attack_w=0.2
DBG depth_guard t=99 remain=0.013 cand_pre=40 depth0=0 depth=0
DBG t=99 used=0.008 remain=0.013 turn_time=0.0078 end_in=0.0078 cand_pre=40 cand_cap=12 cand=40->12 pre=36 pick(must/bucket/top/rand)=1/4/5/2 depth0=0 depth=0 dlog=5 dper=5 sims=10512 loop=10500 gen_time=0 eval_time=0.008 best_avg=0.613968 best_move=8,7 leader=6 inc2=1 attack_w=0.2
DBG summary depth_guard_fired=1
Score = 199168
=== CASE 0146.txt ===
DBG hdr N=10 M=5 T=100 U=3 VMAX=1522 TIME_LIMIT=1.94 MAX_CAND=20 UCB_C=0.21
DBG t=0 used=0.024 remain=1.94 turn_time=0.0236195 end_in=0.0236195 cand_pre=5 cand_cap=20 cand=5->5 pre=5 pick(must/bucket/top/rand)=1/2/2/0 depth0=7 depth=5 dlog=2 dper=0 sims=5585 loop=5580 gen_time=0 eval_time=0.024 best_avg=-0.944264 best_move=3,4 leader=2 inc2=1 attack_w=0.85
DBG t=12 used=0.024 remain=1.663 turn_time=0.023008 end_in=0.023008 cand_pre=5 cand_cap=20 cand=5->5 pre=5 pick(must/bucket/top/rand)=1/3/1/0 depth0=7 depth=5 dlog=2 dper=0 sims=4081 loop=4076 gen_time=0 eval_time=0.024 best_avg=-0.600083 best_move=7,5 leader=2 inc2=1 attack_w=0.2593
DBG t=24 used=0.02 remain=1.385 turn_time=0.0199367 end_in=0.0199367 cand_pre=24 cand_cap=20 cand=24->20 pre=24 pick(must/bucket/top/rand)=1/7/8/4 depth0=7 depth=3 dlog=4 dper=0 sims=3312 loop=3292 gen_time=0 eval_time=0.02 best_avg=-0.600689 best_move=8,4 leader=4 inc2=1 attack_w=0.2
DBG t=37 used=0.019 remain=1.119 turn_time=0.0188543 end_in=0.0188543 cand_pre=29 cand_cap=20 cand=29->20 pre=29 pick(must/bucket/top/rand)=1/8/7/4 depth0=10 depth=5 dlog=4 dper=1 sims=2392 loop=2372 gen_time=0 eval_time=0.019 best_avg=-0.600325 best_move=8,5 leader=1 inc2=1 attack_w=0.2
DBG t=49 used=0.019 remain=0.89 turn_time=0.0181839 end_in=0.0181839 cand_pre=32 cand_cap=20 cand=32->20 pre=32 pick(must/bucket/top/rand)=1/7/8/4 depth0=10 depth=5 dlog=4 dper=1 sims=2296 loop=2276 gen_time=0 eval_time=0.019 best_avg=-0.621554 best_move=7,2 leader=1 inc2=1 attack_w=0.2
DBG t=61 used=0.018 remain=0.668 turn_time=0.0176249 end_in=0.0176249 cand_pre=34 cand_cap=20 cand=34->20 pre=34 pick(must/bucket/top/rand)=1/6/9/4 depth0=10 depth=4 dlog=4 dper=2 sims=2532 loop=2512 gen_time=0 eval_time=0.018 best_avg=-0.690418 best_move=3,3 leader=2 inc2=1 attack_w=0.2
DBG t=74 used=0.018 remain=0.434 turn_time=0.0172849 end_in=0.0172849 cand_pre=33 cand_cap=20 cand=33->20 pre=33 pick(must/bucket/top/rand)=1/6/9/4 depth0=11 depth=5 dlog=4 dper=2 sims=1912 loop=1892 gen_time=0 eval_time=0.018 best_avg=-0.782621 best_move=4,3 leader=1 inc2=1 attack_w=0.2
DBG t=86 used=0.017 remain=0.225 turn_time=0.016433 end_in=0.016433 cand_pre=35 cand_cap=20 cand=35->20 pre=35 pick(must/bucket/top/rand)=1/6/9/4 depth0=11 depth=5 dlog=4 dper=2 sims=1860 loop=1840 gen_time=0 eval_time=0.017 best_avg=-0.790191 best_move=9,4 leader=2 inc2=1 attack_w=0.2
DBG depth_guard t=99 remain=0.014 cand_pre=36 depth0=0 depth=0
DBG t=99 used=0.009 remain=0.014 turn_time=0.0084 end_in=0.0084 cand_pre=36 cand_cap=14 cand=36->14 pre=36 pick(must/bucket/top/rand)=1/6/4/3 depth0=0 depth=0 dlog=5 dper=4 sims=8534 loop=8520 gen_time=0 eval_time=0.009 best_avg=-0.652755 best_move=3,4 leader=2 inc2=1 attack_w=0.2
DBG summary depth_guard_fired=1
Score = 111540
=== CASE 0147.txt ===
DBG hdr N=10 M=4 T=100 U=4 VMAX=1165 TIME_LIMIT=1.94 MAX_CAND=20 UCB_C=0.21
DBG t=0 used=0.024 remain=1.94 turn_time=0.0236195 end_in=0.0236195 cand_pre=5 cand_cap=20 cand=5->5 pre=5 pick(must/bucket/top/rand)=1/2/2/0 depth0=7 depth=5 dlog=2 dper=0 sims=6753 loop=6748 gen_time=0 eval_time=0.024 best_avg=-1.05102 best_move=0,6 leader=1 inc2=1 attack_w=0.85
DBG t=12 used=0.023 remain=1.662 turn_time=0.0221348 end_in=0.0221348 cand_pre=12 cand_cap=20 cand=12->12 pre=12 pick(must/bucket/top/rand)=1/3/8/0 depth0=7 depth=4 dlog=3 dper=0 sims=5272 loop=5260 gen_time=0 eval_time=0.023 best_avg=-1.15133 best_move=3,6 leader=3 inc2=0 attack_w=0.548793
DBG t=24 used=0.021 remain=1.389 turn_time=0.0205883 end_in=0.0205883 cand_pre=19 cand_cap=20 cand=19->19 pre=19 pick(must/bucket/top/rand)=1/7/8/3 depth0=7 depth=3 dlog=4 dper=0 sims=4199 loop=4180 gen_time=0 eval_time=0.021 best_avg=-1.02414 best_move=3,5 leader=3 inc2=1 attack_w=0.2665
DBG t=37 used=0.019 remain=1.105 turn_time=0.0187324 end_in=0.0187324 cand_pre=28 cand_cap=20 cand=28->20 pre=28 pick(must/bucket/top/rand)=1/8/7/4 depth0=10 depth=5 dlog=4 dper=1 sims=2068 loop=2048 gen_time=0 eval_time=0.019 best_avg=-1.17189 best_move=3,4 leader=2 inc2=1 attack_w=0.85
DBG t=49 used=0.022 remain=0.887 turn_time=0.021288 end_in=0.021288 cand_pre=4 cand_cap=20 cand=4->4 pre=4 pick(must/bucket/top/rand)=1/0/3/0 depth0=10 depth=9 dlog=1 dper=0 sims=1528 loop=1524 gen_time=0 eval_time=0.022 best_avg=-0.868335 best_move=8,3 leader=3 inc2=0 attack_w=0.2
DBG t=61 used=0.017 remain=0.672 turn_time=0.0163865 end_in=0.0163865 cand_pre=46 cand_cap=20 cand=46->20 pre=46 pick(must/bucket/top/rand)=1/8/7/4 depth0=10 depth=2 dlog=5 dper=3 sims=5164 loop=5144 gen_time=0 eval_time=0.017 best_avg=-0.608322 best_move=7,6 leader=3 inc2=1 attack_w=0.2
DBG t=74 used=0.016 remain=0.449 turn_time=0.0153005 end_in=0.0153005 cand_pre=56 cand_cap=20 cand=56->20 pre=56 pick(must/bucket/top/rand)=1/8/7/4 depth0=11 depth=2 dlog=5 dper=4 sims=6280 loop=6260 gen_time=0 eval_time=0.016 best_avg=-0.359277 best_move=2,2 leader=3 inc2=1 attack_w=0.2
DBG t=86 used=0.02 remain=0.23 turn_time=0.0194679 end_in=0.0194679 cand_pre=10 cand_cap=20 cand=10->10 pre=10 pick(must/bucket/top/rand)=1/4/5/0 depth0=11 depth=6 dlog=3 dper=0 sims=2350 loop=2340 gen_time=0 eval_time=0.02 best_avg=-0.251545 best_move=6,3 leader=3 inc2=0 attack_w=0.2
DBG depth_guard t=99 remain=0.012 cand_pre=7 depth0=0 depth=0
DBG t=99 used=0.008 remain=0.012 turn_time=0.0072 end_in=0.0072 cand_pre=7 cand_cap=12 cand=7->7 pre=7 pick(must/bucket/top/rand)=1/6/0/0 depth0=0 depth=0 dlog=2 dper=0 sims=17275 loop=17268 gen_time=0 eval_time=0.008 best_avg=-0.136434 best_move=6,0 leader=1 inc2=1 attack_w=0.2
DBG summary depth_guard_fired=1
Score = 175880
=== CASE 0149.txt ===
DBG hdr N=10 M=7 T=100 U=5 VMAX=1666 TIME_LIMIT=1.94 MAX_CAND=20 UCB_C=0.21
DBG t=0 used=0.024 remain=1.94 turn_time=0.0236195 end_in=0.0236195 cand_pre=5 cand_cap=20 cand=5->5 pre=5 pick(must/bucket/top/rand)=1/3/1/0 depth0=7 depth=5 dlog=2 dper=0 sims=4505 loop=4500 gen_time=0 eval_time=0.024 best_avg=-0.622953 best_move=5,5 leader=6 inc2=1 attack_w=0.835139
DBG t=12 used=0.023 remain=1.66 turn_time=0.0221082 end_in=0.0221082 cand_pre=12 cand_cap=20 cand=12->12 pre=12 pick(must/bucket/top/rand)=1/7/4/0 depth0=7 depth=4 dlog=3 dper=0 sims=3500 loop=3488 gen_time=0 eval_time=0.023 best_avg=-0.253903 best_move=6,3 leader=2 inc2=1 attack_w=0.235666
DBG t=24 used=0.021 remain=1.375 turn_time=0.020616 end_in=0.020616 cand_pre=17 cand_cap=20 cand=17->17 pre=17 pick(must/bucket/top/rand)=1/8/7/1 depth0=7 depth=4 dlog=3 dper=0 sims=2457 loop=2440 gen_time=0 eval_time=0.021 best_avg=-0.27905 best_move=6,6 leader=5 inc2=1 attack_w=0.2
DBG t=37 used=0.02 remain=1.086 turn_time=0.019979 end_in=0.019979 cand_pre=14 cand_cap=20 cand=14->14 pre=14 pick(must/bucket/top/rand)=1/6/7/0 depth0=10 depth=7 dlog=3 dper=0 sims=2026 loop=2012 gen_time=0 eval_time=0.02 best_avg=0.0754104 best_move=5,5 leader=5 inc2=1 attack_w=0.2
DBG t=49 used=0.018 remain=0.857 turn_time=0.0178374 end_in=0.0178374 cand_pre=29 cand_cap=20 cand=29->20 pre=29 pick(must/bucket/top/rand)=1/8/7/4 depth0=10 depth=5 dlog=4 dper=1 sims=2500 loop=2480 gen_time=0 eval_time=0.018 best_avg=0.114907 best_move=6,5 leader=6 inc2=1 attack_w=0.2
DBG t=61 used=0.018 remain=0.641 turn_time=0.0174467 end_in=0.0174467 cand_pre=29 cand_cap=20 cand=29->20 pre=29 pick(must/bucket/top/rand)=1/8/7/4 depth0=10 depth=5 dlog=4 dper=1 sims=2232 loop=2212 gen_time=0 eval_time=0.018 best_avg=-0.0852819 best_move=6,3 leader=6 inc2=1 attack_w=0.2
DBG t=74 used=0.017 remain=0.411 turn_time=0.0167799 end_in=0.0167799 cand_pre=29 cand_cap=20 cand=29->20 pre=29 pick(must/bucket/top/rand)=1/8/7/4 depth0=11 depth=6 dlog=4 dper=1 sims=1812 loop=1792 gen_time=0 eval_time=0.017 best_avg=0.222212 best_move=6,7 leader=6 inc2=1 attack_w=0.2
DBG t=86 used=0.016 remain=0.209 turn_time=0.0154585 end_in=0.0154585 cand_pre=33 cand_cap=20 cand=33->20 pre=33 pick(must/bucket/top/rand)=1/7/8/4 depth0=11 depth=5 dlog=4 dper=2 sims=2060 loop=2040 gen_time=0 eval_time=0.016 best_avg=0.166935 best_move=8,6 leader=6 inc2=1 attack_w=0.2
DBG depth_guard t=99 remain=0.012 cand_pre=33 depth0=0 depth=0
DBG t=99 used=0.008 remain=0.012 turn_time=0.0072 end_in=0.0072 cand_pre=33 cand_cap=12 cand=33->12 pre=33 pick(must/bucket/top/rand)=1/7/2/2 depth0=0 depth=0 dlog=4 dper=5 sims=9836 loop=9824 gen_time=0 eval_time=0.008 best_avg=0.15149 best_move=9,5 leader=6 inc2=1 attack_w=0.2
DBG summary depth_guard_fired=1
Score = 153761
=== CASE 0151.txt ===
DBG hdr N=10 M=3 T=100 U=1 VMAX=1679 TIME_LIMIT=1.94 MAX_CAND=20 UCB_C=0.21
DBG t=0 used=0.024 remain=1.94 turn_time=0.0236195 end_in=0.0236195 cand_pre=5 cand_cap=20 cand=5->5 pre=5 pick(must/bucket/top/rand)=1/2/2/0 depth0=7 depth=5 dlog=2 dper=0 sims=7657 loop=7652 gen_time=0 eval_time=0.024 best_avg=-1.09184 best_move=2,9 leader=2 inc2=1 attack_w=0.85
DBG t=12 used=0.021 remain=1.665 turn_time=0.0209449 end_in=0.0209449 cand_pre=22 cand_cap=20 cand=22->20 pre=22 pick(must/bucket/top/rand)=1/2/13/4 depth0=7 depth=3 dlog=4 dper=0 sims=7444 loop=7424 gen_time=0 eval_time=0.021 best_avg=-0.816606 best_move=0,6 leader=1 inc2=1 attack_w=0.2
DBG t=24 used=0.019 remain=1.425 turn_time=0.0181969 end_in=0.0181969 cand_pre=43 cand_cap=20 cand=43->20 pre=43 pick(must/bucket/top/rand)=1/2/13/4 depth0=7 depth=0 dlog=5 dper=2 sims=34836 loop=34816 gen_time=0 eval_time=0.019 best_avg=-0.531818 best_move=9,8 leader=2 inc2=1 attack_w=0.2
DBG t=37 used=0.016 remain=1.197 turn_time=0.015352 end_in=0.015352 cand_pre=68 cand_cap=14 cand=68->14 pre=42 pick(must/bucket/top/rand)=1/6/4/3 depth0=10 depth=1 dlog=5 dper=4 sims=10346 loop=10332 gen_time=0 eval_time=0.016 best_avg=0.09341 best_move=4,3 leader=1 inc2=1 attack_w=0.2
DBG t=49 used=0.014 remain=0.977 turn_time=0.0134098 end_in=0.0134098 cand_pre=86 cand_cap=12 cand=86->12 pre=36 pick(must/bucket/top/rand)=1/6/3/2 depth0=10 depth=0 dlog=6 dper=5 sims=47308 loop=47296 gen_time=0 eval_time=0.014 best_avg=0.961366 best_move=3,1 leader=2 inc2=1 attack_w=0.2
DBG t=61 used=0.015 remain=0.769 turn_time=0.0149068 end_in=0.0149068 cand_pre=76 cand_cap=14 cand=76->14 pre=42 pick(must/bucket/top/rand)=1/6/4/3 depth0=10 depth=0 dlog=6 dper=5 sims=44266 loop=44252 gen_time=0 eval_time=0.015 best_avg=1.28129 best_move=4,1 leader=2 inc2=1 attack_w=0.2
DBG t=74 used=0.025 remain=0.521 turn_time=0.0242666 end_in=0.0242666 cand_pre=6 cand_cap=20 cand=6->6 pre=6 pick(must/bucket/top/rand)=1/3/2/0 depth0=11 depth=9 dlog=2 dper=0 sims=1790 loop=1784 gen_time=0 eval_time=0.025 best_avg=0.921424 best_move=0,2 leader=2 inc2=1 attack_w=0.2
DBG t=86 used=0.016 remain=0.311 turn_time=0.01555 end_in=0.01555 cand_pre=87 cand_cap=12 cand=87->12 pre=36 pick(must/bucket/top/rand)=1/4/5/2 depth0=11 depth=0 dlog=6 dper=5 sims=47824 loop=47812 gen_time=0 eval_time=0.016 best_avg=1.28411 best_move=2,0 leader=2 inc2=1 attack_w=0.2
DBG t=99 used=0.018 remain=0.029 turn_time=0.0174 end_in=0.0174 cand_pre=90 cand_cap=12 cand=90->12 pre=36 pick(must/bucket/top/rand)=1/4/5/2 depth0=0 depth=0 dlog=6 dper=5 sims=30812 loop=30800 gen_time=0 eval_time=0.018 best_avg=1.62919 best_move=1,0 leader=1 inc2=1 attack_w=0.2
DBG summary depth_guard_fired=0
Score = 408280
=== CASE 0150.txt ===
DBG hdr N=10 M=4 T=100 U=2 VMAX=2104 TIME_LIMIT=1.94 MAX_CAND=20 UCB_C=0.21
DBG t=0 used=0.024 remain=1.94 turn_time=0.0236195 end_in=0.0236195 cand_pre=5 cand_cap=20 cand=5->5 pre=5 pick(must/bucket/top/rand)=1/2/2/0 depth0=7 depth=5 dlog=2 dper=0 sims=7345 loop=7340 gen_time=0 eval_time=0.024 best_avg=-1.26258 best_move=4,4 leader=3 inc2=1 attack_w=0.85
DBG t=12 used=0.022 remain=1.669 turn_time=0.0212418 end_in=0.0212418 cand_pre=20 cand_cap=20 cand=20->20 pre=20 pick(must/bucket/top/rand)=1/6/9/4 depth0=7 depth=3 dlog=4 dper=0 sims=5776 loop=5756 gen_time=0 eval_time=0.022 best_avg=-1.02806 best_move=3,6 leader=3 inc2=0 attack_w=0.45839
DBG t=24 used=0.021 remain=1.422 turn_time=0.0209558 end_in=0.0209558 cand_pre=20 cand_cap=20 cand=20->20 pre=20 pick(must/bucket/top/rand)=1/8/7/4 depth0=7 depth=3 dlog=4 dper=0 sims=5452 loop=5432 gen_time=0 eval_time=0.021 best_avg=-1.13531 best_move=1,7 leader=3 inc2=0 attack_w=0.26198
DBG t=37 used=0.02 remain=1.15 turn_time=0.0198512 end_in=0.0198512 cand_pre=25 cand_cap=20 cand=25->20 pre=25 pick(must/bucket/top/rand)=1/8/7/4 depth0=10 depth=6 dlog=4 dper=0 sims=3620 loop=3600 gen_time=0 eval_time=0.02 best_avg=-0.790645 best_move=1,9 leader=3 inc2=1 attack_w=0.365137
DBG t=49 used=0.022 remain=0.904 turn_time=0.021696 end_in=0.021696 cand_pre=4 cand_cap=20 cand=4->4 pre=4 pick(must/bucket/top/rand)=1/1/2/0 depth0=10 depth=9 dlog=1 dper=0 sims=1972 loop=1968 gen_time=0 eval_time=0.022 best_avg=-0.593387 best_move=4,6 leader=3 inc2=0 attack_w=0.2
DBG t=61 used=0.019 remain=0.672 turn_time=0.0187385 end_in=0.0187385 cand_pre=25 cand_cap=20 cand=25->20 pre=25 pick(must/bucket/top/rand)=1/8/7/4 depth0=10 depth=5 dlog=4 dper=1 sims=3116 loop=3096 gen_time=0 eval_time=0.019 best_avg=-0.507427 best_move=2,7 leader=1 inc2=1 attack_w=0.2
DBG t=74 used=0.021 remain=0.433 turn_time=0.0203843 end_in=0.0203843 cand_pre=4 cand_cap=20 cand=4->4 pre=4 pick(must/bucket/top/rand)=1/3/0/0 depth0=11 depth=10 dlog=1 dper=0 sims=1468 loop=1464 gen_time=0 eval_time=0.021 best_avg=-0.58654 best_move=0,6 leader=1 inc2=1 attack_w=0.2
DBG t=86 used=0.017 remain=0.222 turn_time=0.0160078 end_in=0.0160078 cand_pre=37 cand_cap=20 cand=37->20 pre=37 pick(must/bucket/top/rand)=1/8/7/4 depth0=11 depth=4 dlog=5 dper=2 sims=2800 loop=2780 gen_time=0 eval_time=0.017 best_avg=-0.560587 best_move=7,9 leader=1 inc2=1 attack_w=0.2
DBG depth_guard t=98 remain=0.017 cand_pre=40 depth0=1 depth=0
DBG depth_guard t=99 remain=0.006 cand_pre=42 depth0=0 depth=0
DBG t=99 used=0.004 remain=0.006 turn_time=0.0036 end_in=0.0036 cand_pre=42 cand_cap=12 cand=42->12 pre=36 pick(must/bucket/top/rand)=1/8/1/2 depth0=0 depth=0 dlog=5 dper=5 sims=3500 loop=3488 gen_time=0 eval_time=0.004 best_avg=-0.317797 best_move=5,7 leader=1 inc2=1 attack_w=0.2
DBG summary depth_guard_fired=2
Score = 160104
=== CASE 0154.txt ===
DBG hdr N=10 M=2 T=100 U=5 VMAX=1488 TIME_LIMIT=1.94 MAX_CAND=20 UCB_C=0.21
DBG t=0 used=0.024 remain=1.94 turn_time=0.0236195 end_in=0.0236195 cand_pre=5 cand_cap=20 cand=5->5 pre=5 pick(must/bucket/top/rand)=1/2/2/0 depth0=7 depth=5 dlog=2 dper=0 sims=10281 loop=10276 gen_time=0 eval_time=0.024 best_avg=-2.6273 best_move=5,3 leader=1 inc2=1 attack_w=0.13
DBG t=12 used=0.021 remain=1.673 turn_time=0.020922 end_in=0.020922 cand_pre=23 cand_cap=20 cand=23->20 pre=23 pick(must/bucket/top/rand)=1/2/13/4 depth0=7 depth=3 dlog=4 dper=0 sims=11068 loop=11048 gen_time=0 eval_time=0.021 best_avg=-2.41819 best_move=5,7 leader=1 inc2=1 attack_w=0.2
DBG t=24 used=0.02 remain=1.426 turn_time=0.0195512 end_in=0.0195512 cand_pre=32 cand_cap=20 cand=32->20 pre=32 pick(must/bucket/top/rand)=1/2/13/4 depth0=7 depth=2 dlog=4 dper=1 sims=12432 loop=12412 gen_time=0 eval_time=0.02 best_avg=-2.44189 best_move=2,7 leader=1 inc2=1 attack_w=0.2
DBG t=37 used=0.019 remain=1.173 turn_time=0.018917 end_in=0.018917 cand_pre=36 cand_cap=20 cand=36->20 pre=36 pick(must/bucket/top/rand)=1/2/13/4 depth0=10 depth=3 dlog=5 dper=2 sims=7808 loop=7788 gen_time=0 eval_time=0.019 best_avg=-2.57509 best_move=3,8 leader=1 inc2=1 attack_w=0.2
DBG t=49 used=0.019 remain=0.945 turn_time=0.018585 end_in=0.018585 cand_pre=38 cand_cap=20 cand=38->20 pre=38 pick(must/bucket/top/rand)=1/2/13/4 depth0=10 depth=3 dlog=5 dper=2 sims=7196 loop=7176 gen_time=0 eval_time=0.019 best_avg=-2.62865 best_move=2,9 leader=1 inc2=1 attack_w=0.2
DBG t=61 used=0.019 remain=0.717 turn_time=0.0180813 end_in=0.0180813 cand_pre=41 cand_cap=20 cand=41->20 pre=41 pick(must/bucket/top/rand)=1/2/13/4 depth0=10 depth=3 dlog=5 dper=2 sims=6572 loop=6552 gen_time=0 eval_time=0.019 best_avg=-2.73136 best_move=6,9 leader=1 inc2=1 attack_w=0.2
DBG t=74 used=0.018 remain=0.482 turn_time=0.0173891 end_in=0.0173891 cand_pre=48 cand_cap=20 cand=48->20 pre=48 pick(must/bucket/top/rand)=1/5/10/4 depth0=11 depth=3 dlog=5 dper=3 sims=5752 loop=5732 gen_time=0 eval_time=0.018 best_avg=-2.66092 best_move=3,0 leader=1 inc2=1 attack_w=0.2
DBG t=86 used=0.018 remain=0.267 turn_time=0.0172692 end_in=0.0172692 cand_pre=53 cand_cap=20 cand=53->20 pre=53 pick(must/bucket/top/rand)=1/4/11/4 depth0=11 depth=3 dlog=5 dper=3 sims=5320 loop=5300 gen_time=0 eval_time=0.018 best_avg=-2.6799 best_move=6,9 leader=1 inc2=1 attack_w=0.2
DBG t=99 used=0.013 remain=0.02 turn_time=0.012 end_in=0.012 cand_pre=56 cand_cap=16 cand=56->16 pre=48 pick(must/bucket/top/rand)=1/4/7/4 depth0=0 depth=0 dlog=5 dper=5 sims=18976 loop=18960 gen_time=0 eval_time=0.013 best_avg=-2.6848 best_move=2,1 leader=1 inc2=1 attack_w=0.2
DBG summary depth_guard_fired=0
Score = 148803
=== CASE 0153.txt ===
DBG hdr N=10 M=5 T=100 U=2 VMAX=1370 TIME_LIMIT=1.94 MAX_CAND=20 UCB_C=0.21
DBG t=0 used=0.024 remain=1.94 turn_time=0.0237456 end_in=0.0237456 cand_pre=4 cand_cap=20 cand=4->4 pre=4 pick(must/bucket/top/rand)=1/3/0/0 depth0=7 depth=6 dlog=1 dper=0 sims=4776 loop=4772 gen_time=0 eval_time=0.024 best_avg=-0.915123 best_move=8,4 leader=3 inc2=1 attack_w=0.199032
DBG t=12 used=0.022 remain=1.658 turn_time=0.0218366 end_in=0.0218366 cand_pre=14 cand_cap=20 cand=14->14 pre=14 pick(must/bucket/top/rand)=1/4/9/0 depth0=7 depth=4 dlog=3 dper=0 sims=4762 loop=4748 gen_time=0 eval_time=0.022 best_avg=-1.04092 best_move=9,1 leader=1 inc2=0 attack_w=0.70334
DBG t=24 used=0.021 remain=1.399 turn_time=0.0201382 end_in=0.0201382 cand_pre=24 cand_cap=20 cand=24->20 pre=24 pick(must/bucket/top/rand)=1/6/9/4 depth0=7 depth=3 dlog=4 dper=0 sims=4032 loop=4012 gen_time=0 eval_time=0.021 best_avg=-0.96547 best_move=6,5 leader=1 inc2=1 attack_w=0.8064
DBG t=37 used=0.02 remain=1.138 turn_time=0.0191744 end_in=0.0191744 cand_pre=29 cand_cap=20 cand=29->20 pre=29 pick(must/bucket/top/rand)=1/6/9/4 depth0=10 depth=5 dlog=4 dper=1 sims=2380 loop=2360 gen_time=0 eval_time=0.02 best_avg=-0.950431 best_move=7,0 leader=1 inc2=1 attack_w=0.85
DBG t=49 used=0.019 remain=0.909 turn_time=0.0181087 end_in=0.0181087 cand_pre=36 cand_cap=20 cand=36->20 pre=36 pick(must/bucket/top/rand)=1/3/12/4 depth0=10 depth=3 dlog=5 dper=2 sims=4056 loop=4036 gen_time=0 eval_time=0.019 best_avg=-0.722208 best_move=5,8 leader=1 inc2=0 attack_w=0.297378
DBG t=61 used=0.018 remain=0.692 turn_time=0.0173355 end_in=0.0173355 cand_pre=42 cand_cap=20 cand=42->20 pre=42 pick(must/bucket/top/rand)=1/6/9/4 depth0=10 depth=3 dlog=5 dper=2 sims=2996 loop=2976 gen_time=0 eval_time=0.018 best_avg=-0.529507 best_move=5,7 leader=1 inc2=1 attack_w=0.2
DBG t=74 used=0.017 remain=0.458 turn_time=0.0169812 end_in=0.0169812 cand_pre=44 cand_cap=20 cand=44->20 pre=44 pick(must/bucket/top/rand)=1/5/10/4 depth0=11 depth=3 dlog=5 dper=3 sims=2728 loop=2708 gen_time=0 eval_time=0.017 best_avg=-0.537842 best_move=7,0 leader=1 inc2=1 attack_w=0.2
DBG t=86 used=0.017 remain=0.247 turn_time=0.0167784 end_in=0.0167784 cand_pre=46 cand_cap=20 cand=46->20 pre=46 pick(must/bucket/top/rand)=1/6/9/4 depth0=11 depth=3 dlog=5 dper=3 sims=2900 loop=2880 gen_time=0 eval_time=0.017 best_avg=-0.651026 best_move=5,2 leader=1 inc2=0 attack_w=0.2
DBG depth_guard t=98 remain=0.019 cand_pre=18 depth0=1 depth=0
DBG depth_guard t=99 remain=0.007 cand_pre=13 depth0=0 depth=0
DBG t=99 used=0.005 remain=0.007 turn_time=0.0042 end_in=0.0042 cand_pre=13 cand_cap=12 cand=13->12 pre=13 pick(must/bucket/top/rand)=1/4/5/2 depth0=0 depth=0 dlog=3 dper=3 sims=4104 loop=4092 gen_time=0 eval_time=0.005 best_avg=-0.532405 best_move=2,2 leader=1 inc2=0 attack_w=0.2
DBG summary depth_guard_fired=2
Score = 118268
=== CASE 0152.txt ===
DBG hdr N=10 M=3 T=100 U=4 VMAX=2181 TIME_LIMIT=1.94 MAX_CAND=20 UCB_C=0.21
DBG t=0 used=0.024 remain=1.94 turn_time=0.0236195 end_in=0.0236195 cand_pre=5 cand_cap=20 cand=5->5 pre=5 pick(must/bucket/top/rand)=1/2/2/0 depth0=7 depth=5 dlog=2 dper=0 sims=7937 loop=7932 gen_time=0 eval_time=0.024 best_avg=-2.02408 best_move=2,7 leader=1 inc2=1 attack_w=0.85
DBG t=12 used=0.022 remain=1.668 turn_time=0.0214755 end_in=0.0214755 cand_pre=18 cand_cap=20 cand=18->18 pre=18 pick(must/bucket/top/rand)=1/4/11/2 depth0=7 depth=3 dlog=4 dper=0 sims=8226 loop=8208 gen_time=0 eval_time=0.022 best_avg=-1.56665 best_move=1,3 leader=1 inc2=1 attack_w=0.645439
DBG t=24 used=0.021 remain=1.409 turn_time=0.0202822 end_in=0.0202822 cand_pre=24 cand_cap=20 cand=24->20 pre=24 pick(must/bucket/top/rand)=1/8/7/4 depth0=7 depth=3 dlog=4 dper=0 sims=6268 loop=6248 gen_time=0 eval_time=0.021 best_avg=-1.4887 best_move=2,4 leader=2 inc2=1 attack_w=0.2
DBG t=37 used=0.019 remain=1.147 turn_time=0.0187343 end_in=0.0187343 cand_pre=34 cand_cap=20 cand=34->20 pre=34 pick(must/bucket/top/rand)=1/8/7/4 depth0=10 depth=5 dlog=4 dper=1 sims=3184 loop=3164 gen_time=0 eval_time=0.019 best_avg=-1.35169 best_move=1,3 leader=1 inc2=1 attack_w=0.2
DBG t=49 used=0.022 remain=0.909 turn_time=0.0214684 end_in=0.0214684 cand_pre=7 cand_cap=20 cand=7->7 pre=7 pick(must/bucket/top/rand)=1/6/0/0 depth0=10 depth=8 dlog=2 dper=0 sims=1983 loop=1976 gen_time=0 eval_time=0.022 best_avg=-1.34006 best_move=2,3 leader=2 inc2=1 attack_w=0.2
DBG t=61 used=0.018 remain=0.688 turn_time=0.0172353 end_in=0.0172353 cand_pre=42 cand_cap=20 cand=42->20 pre=42 pick(must/bucket/top/rand)=1/8/7/4 depth0=10 depth=3 dlog=5 dper=2 sims=4104 loop=4084 gen_time=0 eval_time=0.018 best_avg=-1.29711 best_move=6,4 leader=2 inc2=1 attack_w=0.2
DBG t=74 used=0.021 remain=0.441 turn_time=0.0203199 end_in=0.0203199 cand_pre=8 cand_cap=20 cand=8->8 pre=8 pick(must/bucket/top/rand)=1/3/4/0 depth0=11 depth=9 dlog=2 dper=0 sims=1976 loop=1968 gen_time=0 eval_time=0.021 best_avg=-1.23888 best_move=1,0 leader=1 inc2=1 attack_w=0.2
DBG t=86 used=0.018 remain=0.208 turn_time=0.0171229 end_in=0.0171229 cand_pre=15 cand_cap=20 cand=15->15 pre=15 pick(must/bucket/top/rand)=1/6/8/0 depth0=11 depth=6 dlog=3 dper=0 sims=2891 loop=2876 gen_time=0 eval_time=0.018 best_avg=-1.04957 best_move=5,0 leader=1 inc2=1 attack_w=0.2
DBG depth_guard t=98 remain=0.013 cand_pre=10 depth0=1 depth=0
DBG depth_guard t=99 remain=0.005 cand_pre=8 depth0=0 depth=0
DBG t=99 used=0.004 remain=0.005 turn_time=0.003 end_in=0.003 cand_pre=8 cand_cap=12 cand=8->8 pre=8 pick(must/bucket/top/rand)=1/5/2/0 depth0=0 depth=0 dlog=2 dper=3 sims=6916 loop=6908 gen_time=0 eval_time=0.004 best_avg=-1.2268 best_move=0,2 leader=1 inc2=1 attack_w=0.2
DBG summary depth_guard_fired=2
Score = 127915
=== CASE 0155.txt ===
DBG hdr N=10 M=6 T=100 U=3 VMAX=4289 TIME_LIMIT=1.94 MAX_CAND=20 UCB_C=0.21
DBG t=0 used=0.024 remain=1.94 turn_time=0.0238717 end_in=0.0238717 cand_pre=3 cand_cap=20 cand=3->3 pre=3 pick(must/bucket/top/rand)=1/2/0/0 depth0=7 depth=6 dlog=1 dper=0 sims=4003 loop=4000 gen_time=0 eval_time=0.024 best_avg=-1.92391 best_move=3,8 leader=4 inc2=1 attack_w=0.85
DBG t=12 used=0.022 remain=1.662 turn_time=0.0212755 end_in=0.0212755 cand_pre=19 cand_cap=20 cand=19->19 pre=19 pick(must/bucket/top/rand)=1/7/8/3 depth0=7 depth=3 dlog=4 dper=0 sims=5331 loop=5312 gen_time=0 eval_time=0.022 best_avg=-1.07247 best_move=3,5 leader=4 inc2=1 attack_w=0.85
DBG t=24 used=0.023 remain=1.391 turn_time=0.0220455 end_in=0.0220455 cand_pre=7 cand_cap=20 cand=7->7 pre=7 pick(must/bucket/top/rand)=1/5/1/0 depth0=7 depth=5 dlog=2 dper=0 sims=3423 loop=3416 gen_time=0 eval_time=0.023 best_avg=-0.164556 best_move=0,3 leader=2 inc2=1 attack_w=0.2
DBG t=37 used=0.021 remain=1.105 turn_time=0.0208985 end_in=0.0208985 cand_pre=9 cand_cap=20 cand=9->9 pre=9 pick(must/bucket/top/rand)=1/5/3/0 depth0=10 depth=7 dlog=3 dper=0 sims=2033 loop=2024 gen_time=0 eval_time=0.021 best_avg=-0.22082 best_move=0,1 leader=1 inc2=1 attack_w=0.2
DBG t=49 used=0.02 remain=0.856 turn_time=0.0196712 end_in=0.0196712 cand_pre=12 cand_cap=20 cand=12->12 pre=12 pick(must/bucket/top/rand)=1/4/7/0 depth0=10 depth=7 dlog=3 dper=0 sims=2020 loop=2008 gen_time=0 eval_time=0.02 best_avg=-0.384884 best_move=0,5 leader=1 inc2=1 attack_w=0.2
DBG t=61 used=0.02 remain=0.619 turn_time=0.0191176 end_in=0.0191176 cand_pre=7 cand_cap=20 cand=7->7 pre=7 pick(must/bucket/top/rand)=1/3/3/0 depth0=10 depth=8 dlog=2 dper=0 sims=1483 loop=1476 gen_time=0 eval_time=0.02 best_avg=-0.324811 best_move=2,4 leader=1 inc2=1 attack_w=0.2
DBG t=74 used=0.017 remain=0.38 turn_time=0.0167492 end_in=0.0167492 cand_pre=16 cand_cap=20 cand=16->16 pre=16 pick(must/bucket/top/rand)=1/5/10/0 depth0=11 depth=8 dlog=3 dper=0 sims=1372 loop=1356 gen_time=0 eval_time=0.017 best_avg=-0.463229 best_move=1,2 leader=1 inc2=1 attack_w=0.2
DBG t=86 used=0.015 remain=0.183 turn_time=0.0148099 end_in=0.0148099 cand_pre=18 cand_cap=20 cand=18->18 pre=18 pick(must/bucket/top/rand)=1/4/11/2 depth0=11 depth=6 dlog=4 dper=0 sims=1554 loop=1536 gen_time=0 eval_time=0.015 best_avg=-0.529368 best_move=1,3 leader=1 inc2=1 attack_w=0.2
DBG depth_guard t=98 remain=0.014 cand_pre=18 depth0=1 depth=0
DBG depth_guard t=99 remain=0.006 cand_pre=17 depth0=0 depth=0
DBG t=99 used=0.004 remain=0.006 turn_time=0.0036 end_in=0.0036 cand_pre=17 cand_cap=12 cand=17->12 pre=17 pick(must/bucket/top/rand)=1/3/6/2 depth0=0 depth=0 dlog=3 dper=5 sims=4204 loop=4192 gen_time=0 eval_time=0.004 best_avg=-0.474597 best_move=1,3 leader=1 inc2=1 attack_w=0.2
DBG summary depth_guard_fired=2
Score = 115822
=== CASE 0158.txt ===
DBG hdr N=10 M=3 T=100 U=1 VMAX=1661 TIME_LIMIT=1.94 MAX_CAND=20 UCB_C=0.21
DBG t=0 used=0.024 remain=1.94 turn_time=0.0237456 end_in=0.0237456 cand_pre=4 cand_cap=20 cand=4->4 pre=4 pick(must/bucket/top/rand)=1/2/1/0 depth0=7 depth=6 dlog=1 dper=0 sims=6408 loop=6404 gen_time=0 eval_time=0.024 best_avg=-1.43768 best_move=9,5 leader=1 inc2=1 attack_w=0.193524
DBG t=12 used=0.02 remain=1.669 turn_time=0.0197625 end_in=0.0197625 cand_pre=32 cand_cap=20 cand=32->20 pre=32 pick(must/bucket/top/rand)=1/5/10/4 depth0=7 depth=2 dlog=4 dper=1 sims=7356 loop=7336 gen_time=0 eval_time=0.02 best_avg=-1.25301 best_move=2,3 leader=2 inc2=1 attack_w=0.595934
DBG t=24 used=0.018 remain=1.442 turn_time=0.0177973 end_in=0.0177973 cand_pre=48 cand_cap=20 cand=48->20 pre=48 pick(must/bucket/top/rand)=1/6/9/4 depth0=7 depth=0 dlog=5 dper=3 sims=30696 loop=30676 gen_time=0 eval_time=0.018 best_avg=-1.01381 best_move=3,7 leader=1 inc2=1 attack_w=0.2
DBG t=37 used=0.017 remain=1.218 turn_time=0.016124 end_in=0.016124 cand_pre=64 cand_cap=14 cand=64->14 pre=42 pick(must/bucket/top/rand)=1/6/4/3 depth0=10 depth=1 dlog=5 dper=4 sims=7798 loop=7784 gen_time=0 eval_time=0.017 best_avg=-0.714903 best_move=7,3 leader=2 inc2=1 attack_w=0.2
DBG t=49 used=0.016 remain=1.021 turn_time=0.0157855 end_in=0.0157855 cand_pre=71 cand_cap=14 cand=71->14 pre=42 pick(must/bucket/top/rand)=1/6/4/3 depth0=10 depth=1 dlog=5 dper=4 sims=6894 loop=6880 gen_time=0 eval_time=0.016 best_avg=-0.509704 best_move=8,4 leader=2 inc2=1 attack_w=0.2
DBG t=61 used=0.017 remain=0.82 turn_time=0.0164421 end_in=0.0164421 cand_pre=72 cand_cap=14 cand=72->14 pre=42 pick(must/bucket/top/rand)=1/4/6/3 depth0=10 depth=1 dlog=5 dper=4 sims=5930 loop=5916 gen_time=0 eval_time=0.017 best_avg=-0.890947 best_move=1,3 leader=2 inc2=1 attack_w=0.2
DBG t=74 used=0.025 remain=0.574 turn_time=0.0245827 end_in=0.0245827 cand_pre=21 cand_cap=20 cand=21->20 pre=21 pick(must/bucket/top/rand)=1/4/11/4 depth0=11 depth=7 dlog=4 dper=0 sims=1936 loop=1916 gen_time=0 eval_time=0.025 best_avg=-0.987159 best_move=2,8 leader=2 inc2=1 attack_w=0.2
DBG t=86 used=0.02 remain=0.343 turn_time=0.019159 end_in=0.019159 cand_pre=72 cand_cap=14 cand=72->14 pre=42 pick(must/bucket/top/rand)=1/4/6/3 depth0=11 depth=2 dlog=5 dper=4 sims=5334 loop=5320 gen_time=0 eval_time=0.02 best_avg=-0.592545 best_move=5,1 leader=2 inc2=1 attack_w=0.2
DBG t=99 used=0.021 remain=0.034 turn_time=0.0204 end_in=0.0204 cand_pre=76 cand_cap=14 cand=76->14 pre=42 pick(must/bucket/top/rand)=1/4/6/3 depth0=0 depth=0 dlog=6 dper=4 sims=39914 loop=39900 gen_time=0 eval_time=0.021 best_avg=-0.629406 best_move=1,3 leader=1 inc2=1 attack_w=0.2
DBG summary depth_guard_fired=0
Score = 177505
=== CASE 0159.txt ===
DBG hdr N=10 M=4 T=100 U=4 VMAX=2020 TIME_LIMIT=1.94 MAX_CAND=20 UCB_C=0.21
DBG t=0 used=0.024 remain=1.94 turn_time=0.0236195 end_in=0.0236195 cand_pre=5 cand_cap=20 cand=5->5 pre=5 pick(must/bucket/top/rand)=1/2/2/0 depth0=7 depth=5 dlog=2 dper=0 sims=7037 loop=7032 gen_time=0 eval_time=0.024 best_avg=-1.26537 best_move=6,1 leader=1 inc2=0 attack_w=0.85
DBG t=12 used=0.023 remain=1.657 turn_time=0.022313 end_in=0.022313 cand_pre=10 cand_cap=20 cand=10->10 pre=10 pick(must/bucket/top/rand)=1/3/6/0 depth0=7 depth=4 dlog=3 dper=0 sims=6350 loop=6340 gen_time=0 eval_time=0.023 best_avg=-1.31467 best_move=4,2 leader=3 inc2=0 attack_w=0.465615
DBG t=24 used=0.021 remain=1.39 turn_time=0.0209597 end_in=0.0209597 cand_pre=16 cand_cap=20 cand=16->16 pre=16 pick(must/bucket/top/rand)=1/3/12/0 depth0=7 depth=4 dlog=3 dper=0 sims=4056 loop=4040 gen_time=0 eval_time=0.021 best_avg=-1.2721 best_move=3,2 leader=3 inc2=0 attack_w=0.640143
DBG t=37 used=0.02 remain=1.124 turn_time=0.0190545 end_in=0.0190545 cand_pre=28 cand_cap=20 cand=28->20 pre=28 pick(must/bucket/top/rand)=1/4/11/4 depth0=10 depth=5 dlog=4 dper=1 sims=3028 loop=3008 gen_time=0 eval_time=0.02 best_avg=-1.14224 best_move=2,3 leader=3 inc2=0 attack_w=0.453996
DBG t=49 used=0.019 remain=0.894 turn_time=0.0180378 end_in=0.0180378 cand_pre=34 cand_cap=20 cand=34->20 pre=34 pick(must/bucket/top/rand)=1/7/8/4 depth0=10 depth=4 dlog=4 dper=2 sims=3384 loop=3364 gen_time=0 eval_time=0.019 best_avg=-0.990412 best_move=0,2 leader=3 inc2=1 attack_w=0.2
DBG t=61 used=0.018 remain=0.676 turn_time=0.0172727 end_in=0.0172727 cand_pre=39 cand_cap=20 cand=39->20 pre=39 pick(must/bucket/top/rand)=1/6/9/4 depth0=10 depth=3 dlog=5 dper=2 sims=3804 loop=3784 gen_time=0 eval_time=0.018 best_avg=-0.808581 best_move=2,6 leader=3 inc2=1 attack_w=0.2
DBG t=74 used=0.017 remain=0.454 turn_time=0.0162654 end_in=0.0162654 cand_pre=49 cand_cap=20 cand=49->20 pre=49 pick(must/bucket/top/rand)=1/8/7/4 depth0=11 depth=3 dlog=5 dper=3 sims=3380 loop=3360 gen_time=0 eval_time=0.017 best_avg=-0.6945 best_move=7,2 leader=2 inc2=1 attack_w=0.2
DBG t=86 used=0.017 remain=0.25 turn_time=0.0160536 end_in=0.0160536 cand_pre=54 cand_cap=20 cand=54->20 pre=54 pick(must/bucket/top/rand)=1/8/7/4 depth0=11 depth=2 dlog=5 dper=4 sims=4352 loop=4332 gen_time=0 eval_time=0.017 best_avg=-0.456066 best_move=6,4 leader=2 inc2=1 attack_w=0.2
DBG t=99 used=0.015 remain=0.024 turn_time=0.0144 end_in=0.0144 cand_pre=57 cand_cap=20 cand=57->20 pre=57 pick(must/bucket/top/rand)=1/8/7/4 depth0=0 depth=0 dlog=5 dper=4 sims=18992 loop=18972 gen_time=0 eval_time=0.015 best_avg=-0.292437 best_move=6,5 leader=3 inc2=1 attack_w=0.2
DBG summary depth_guard_fired=0
Score = 167852
=== CASE 0156.txt ===
DBG hdr N=10 M=8 T=100 U=5 VMAX=1060 TIME_LIMIT=1.94 MAX_CAND=20 UCB_C=0.21
DBG t=0 used=0.024 remain=1.94 turn_time=0.0236195 end_in=0.0236195 cand_pre=5 cand_cap=20 cand=5->5 pre=5 pick(must/bucket/top/rand)=1/2/2/0 depth0=7 depth=5 dlog=2 dper=0 sims=4405 loop=4400 gen_time=0 eval_time=0.024 best_avg=-0.406407 best_move=1,7 leader=2 inc2=1 attack_w=0.210082
DBG t=12 used=0.021 remain=1.666 turn_time=0.0208345 end_in=0.0208345 cand_pre=23 cand_cap=20 cand=23->20 pre=23 pick(must/bucket/top/rand)=1/8/7/4 depth0=7 depth=3 dlog=4 dper=0 sims=3792 loop=3772 gen_time=0 eval_time=0.021 best_avg=-0.377816 best_move=3,6 leader=4 inc2=1 attack_w=0.236024
DBG t=24 used=0.02 remain=1.418 turn_time=0.0199266 end_in=0.0199266 cand_pre=28 cand_cap=20 cand=28->20 pre=28 pick(must/bucket/top/rand)=1/8/7/4 depth0=7 depth=2 dlog=4 dper=1 sims=4408 loop=4388 gen_time=0 eval_time=0.02 best_avg=-0.337869 best_move=1,8 leader=4 inc2=1 attack_w=0.2
DBG t=37 used=0.02 remain=1.155 turn_time=0.0194608 end_in=0.0194608 cand_pre=29 cand_cap=20 cand=29->20 pre=29 pick(must/bucket/top/rand)=1/7/8/4 depth0=10 depth=5 dlog=4 dper=1 sims=1680 loop=1660 gen_time=0 eval_time=0.02 best_avg=-0.490165 best_move=2,7 leader=4 inc2=1 attack_w=0.2
DBG t=49 used=0.019 remain=0.921 turn_time=0.0185825 end_in=0.0185825 cand_pre=34 cand_cap=20 cand=34->20 pre=34 pick(must/bucket/top/rand)=1/7/8/4 depth0=10 depth=4 dlog=4 dper=2 sims=2172 loop=2152 gen_time=0 eval_time=0.019 best_avg=-0.31814 best_move=3,2 leader=4 inc2=1 attack_w=0.2
DBG t=61 used=0.019 remain=0.693 turn_time=0.0185155 end_in=0.0185155 cand_pre=32 cand_cap=20 cand=32->20 pre=32 pick(must/bucket/top/rand)=1/7/8/4 depth0=10 depth=5 dlog=4 dper=1 sims=1644 loop=1624 gen_time=0 eval_time=0.019 best_avg=-0.496964 best_move=2,3 leader=4 inc2=1 attack_w=0.2
DBG t=74 used=0.019 remain=0.447 turn_time=0.0180261 end_in=0.0180261 cand_pre=31 cand_cap=20 cand=31->20 pre=31 pick(must/bucket/top/rand)=1/7/8/4 depth0=11 depth=6 dlog=4 dper=1 sims=1452 loop=1432 gen_time=0 eval_time=0.019 best_avg=-0.652464 best_move=3,2 leader=4 inc2=1 attack_w=0.745524
DBG t=86 used=0.02 remain=0.23 turn_time=0.0194679 end_in=0.0194679 cand_pre=10 cand_cap=20 cand=10->10 pre=10 pick(must/bucket/top/rand)=1/4/5/0 depth0=11 depth=6 dlog=3 dper=0 sims=1530 loop=1520 gen_time=0 eval_time=0.02 best_avg=-0.706092 best_move=3,4 leader=4 inc2=1 attack_w=0.6323
DBG depth_guard t=99 remain=0.009 cand_pre=15 depth0=0 depth=0
DBG t=99 used=0.006 remain=0.009 turn_time=0.0054 end_in=0.0054 cand_pre=15 cand_cap=12 cand=15->12 pre=15 pick(must/bucket/top/rand)=1/4/5/2 depth0=0 depth=0 dlog=3 dper=3 sims=5224 loop=5212 gen_time=0 eval_time=0.006 best_avg=-0.82333 best_move=3,6 leader=3 inc2=1 attack_w=0.85
DBG summary depth_guard_fired=1
Score = 76223
=== CASE 0157.txt ===
DBG hdr N=10 M=8 T=100 U=3 VMAX=2358 TIME_LIMIT=1.94 MAX_CAND=20 UCB_C=0.21
DBG t=0 used=0.024 remain=1.94 turn_time=0.0236195 end_in=0.0236195 cand_pre=5 cand_cap=20 cand=5->5 pre=5 pick(must/bucket/top/rand)=1/2/2/0 depth0=7 depth=5 dlog=2 dper=0 sims=4117 loop=4112 gen_time=0 eval_time=0.024 best_avg=-1.66813 best_move=1,7 leader=5 inc2=1 attack_w=0.85
DBG t=12 used=0.02 remain=1.674 turn_time=0.019698 end_in=0.019698 cand_pre=33 cand_cap=20 cand=33->20 pre=33 pick(must/bucket/top/rand)=1/8/7/4 depth0=7 depth=2 dlog=4 dper=1 sims=6696 loop=6676 gen_time=0 eval_time=0.02 best_avg=-0.517732 best_move=6,2 leader=5 inc2=1 attack_w=0.842056
DBG t=24 used=0.022 remain=1.434 turn_time=0.0212553 end_in=0.0212553 cand_pre=19 cand_cap=20 cand=19->19 pre=19 pick(must/bucket/top/rand)=1/7/8/3 depth0=7 depth=3 dlog=4 dper=0 sims=4475 loop=4456 gen_time=0 eval_time=0.022 best_avg=-0.26287 best_move=6,4 leader=7 inc2=1 attack_w=0.2
DBG t=37 used=0.021 remain=1.153 turn_time=0.0207357 end_in=0.0207357 cand_pre=18 cand_cap=20 cand=18->18 pre=18 pick(must/bucket/top/rand)=1/6/9/2 depth0=10 depth=6 dlog=4 dper=0 sims=1962 loop=1944 gen_time=0 eval_time=0.021 best_avg=-0.391206 best_move=4,2 leader=6 inc2=1 attack_w=0.2
DBG t=49 used=0.021 remain=0.901 turn_time=0.020246 end_in=0.020246 cand_pre=16 cand_cap=20 cand=16->16 pre=16 pick(must/bucket/top/rand)=1/6/9/0 depth0=10 depth=7 dlog=3 dper=0 sims=1708 loop=1692 gen_time=0 eval_time=0.021 best_avg=-0.716174 best_move=7,3 leader=7 inc2=1 attack_w=0.85
DBG t=61 used=0.02 remain=0.657 turn_time=0.0195247 end_in=0.0195247 cand_pre=14 cand_cap=20 cand=14->14 pre=14 pick(must/bucket/top/rand)=1/3/10/0 depth0=10 depth=7 dlog=3 dper=0 sims=1570 loop=1556 gen_time=0 eval_time=0.02 best_avg=-0.647578 best_move=9,3 leader=6 inc2=1 attack_w=0.732721
DBG t=74 used=0.018 remain=0.405 turn_time=0.0177499 end_in=0.0177499 cand_pre=17 cand_cap=20 cand=17->17 pre=17 pick(must/bucket/top/rand)=1/4/11/1 depth0=11 depth=8 dlog=3 dper=0 sims=1489 loop=1472 gen_time=0 eval_time=0.018 best_avg=-0.624958 best_move=5,1 leader=7 inc2=1 attack_w=0.510335
DBG t=86 used=0.016 remain=0.197 turn_time=0.01576 end_in=0.01576 cand_pre=20 cand_cap=20 cand=20->20 pre=20 pick(must/bucket/top/rand)=1/5/10/4 depth0=11 depth=6 dlog=4 dper=0 sims=1724 loop=1704 gen_time=0 eval_time=0.016 best_avg=-0.493017 best_move=4,3 leader=6 inc2=1 attack_w=0.220482
DBG depth_guard t=99 remain=0.009 cand_pre=26 depth0=0 depth=0
DBG t=99 used=0.006 remain=0.009 turn_time=0.0054 end_in=0.0054 cand_pre=26 cand_cap=12 cand=26->12 pre=26 pick(must/bucket/top/rand)=1/6/3/2 depth0=0 depth=0 dlog=4 dper=5 sims=6516 loop=6504 gen_time=0 eval_time=0.006 best_avg=-0.487167 best_move=7,3 leader=7 inc2=1 attack_w=0.336862
DBG summary depth_guard_fired=1
Score = 93758
=== CASE 0160.txt ===
DBG hdr N=10 M=3 T=100 U=5 VMAX=2109 TIME_LIMIT=1.94 MAX_CAND=20 UCB_C=0.21
DBG t=0 used=0.024 remain=1.94 turn_time=0.0236195 end_in=0.0236195 cand_pre=5 cand_cap=20 cand=5->5 pre=5 pick(must/bucket/top/rand)=1/2/2/0 depth0=7 depth=5 dlog=2 dper=0 sims=7653 loop=7648 gen_time=0 eval_time=0.024 best_avg=-1.35806 best_move=5,6 leader=2 inc2=1 attack_w=0.678154
DBG t=12 used=0.022 remain=1.669 turn_time=0.0218582 end_in=0.0218582 cand_pre=15 cand_cap=20 cand=15->15 pre=15 pick(must/bucket/top/rand)=1/6/8/0 depth0=7 depth=4 dlog=3 dper=0 sims=6187 loop=6172 gen_time=0 eval_time=0.022 best_avg=-1.42409 best_move=4,5 leader=2 inc2=1 attack_w=0.2
DBG t=24 used=0.02 remain=1.41 turn_time=0.0198142 end_in=0.0198142 cand_pre=28 cand_cap=20 cand=28->20 pre=28 pick(must/bucket/top/rand)=1/8/7/4 depth0=7 depth=2 dlog=4 dper=1 sims=9176 loop=9156 gen_time=0 eval_time=0.02 best_avg=-0.98653 best_move=6,6 leader=1 inc2=1 attack_w=0.2
DBG t=37 used=0.019 remain=1.141 turn_time=0.0187541 end_in=0.0187541 cand_pre=33 cand_cap=20 cand=33->20 pre=33 pick(must/bucket/top/rand)=1/8/7/4 depth0=10 depth=5 dlog=4 dper=1 sims=3600 loop=3580 gen_time=0 eval_time=0.019 best_avg=-1.58508 best_move=6,6 leader=1 inc2=1 attack_w=0.371101
DBG t=49 used=0.019 remain=0.913 turn_time=0.0181884 end_in=0.0181884 cand_pre=36 cand_cap=20 cand=36->20 pre=36 pick(must/bucket/top/rand)=1/8/7/4 depth0=10 depth=3 dlog=5 dper=2 sims=6232 loop=6212 gen_time=0 eval_time=0.019 best_avg=-1.37971 best_move=3,5 leader=1 inc2=1 attack_w=0.2
DBG t=61 used=0.019 remain=0.686 turn_time=0.0180998 end_in=0.0180998 cand_pre=34 cand_cap=20 cand=34->20 pre=34 pick(must/bucket/top/rand)=1/8/7/4 depth0=10 depth=4 dlog=4 dper=2 sims=4460 loop=4440 gen_time=0 eval_time=0.019 best_avg=-1.41965 best_move=4,2 leader=1 inc2=1 attack_w=0.2
DBG t=74 used=0.017 remain=0.452 turn_time=0.0169848 end_in=0.0169848 cand_pre=42 cand_cap=20 cand=42->20 pre=42 pick(must/bucket/top/rand)=1/8/7/4 depth0=11 depth=4 dlog=5 dper=2 sims=3556 loop=3536 gen_time=0 eval_time=0.017 best_avg=-1.18645 best_move=9,6 leader=1 inc2=1 attack_w=0.2
DBG t=86 used=0.017 remain=0.246 turn_time=0.0169389 end_in=0.0169389 cand_pre=44 cand_cap=20 cand=44->20 pre=44 pick(must/bucket/top/rand)=1/8/7/4 depth0=11 depth=3 dlog=5 dper=3 sims=4228 loop=4208 gen_time=0 eval_time=0.017 best_avg=-1.30518 best_move=9,6 leader=1 inc2=1 attack_w=0.2
DBG depth_guard t=99 remain=0.017 cand_pre=45 depth0=0 depth=0
DBG t=99 used=0.011 remain=0.017 turn_time=0.0102 end_in=0.0102 cand_pre=45 cand_cap=14 cand=45->14 pre=42 pick(must/bucket/top/rand)=1/8/2/3 depth0=0 depth=0 dlog=5 dper=4 sims=21602 loop=21588 gen_time=0 eval_time=0.011 best_avg=-1.29128 best_move=9,5 leader=1 inc2=1 attack_w=0.2
DBG summary depth_guard_fired=1
Score = 126058
=== CASE 0161.txt ===
DBG hdr N=10 M=4 T=100 U=4 VMAX=1629 TIME_LIMIT=1.94 MAX_CAND=20 UCB_C=0.21
DBG t=0 used=0.024 remain=1.94 turn_time=0.0237456 end_in=0.0237456 cand_pre=4 cand_cap=20 cand=4->4 pre=4 pick(must/bucket/top/rand)=1/2/1/0 depth0=7 depth=6 dlog=1 dper=0 sims=4952 loop=4948 gen_time=0 eval_time=0.024 best_avg=-1.14482 best_move=4,5 leader=3 inc2=0 attack_w=0.13
DBG t=12 used=0.023 remain=1.659 turn_time=0.0220949 end_in=0.0220949 cand_pre=12 cand_cap=20 cand=12->12 pre=12 pick(must/bucket/top/rand)=1/7/4/0 depth0=7 depth=4 dlog=3 dper=0 sims=6520 loop=6508 gen_time=0 eval_time=0.023 best_avg=-0.992779 best_move=5,5 leader=3 inc2=1 attack_w=0.298306
DBG t=24 used=0.021 remain=1.399 turn_time=0.0203775 end_in=0.0203775 cand_pre=22 cand_cap=20 cand=22->20 pre=22 pick(must/bucket/top/rand)=1/5/10/4 depth0=7 depth=3 dlog=4 dper=0 sims=6404 loop=6384 gen_time=0 eval_time=0.021 best_avg=-1.04954 best_move=6,2 leader=2 inc2=0 attack_w=0.279646
DBG t=37 used=0.02 remain=1.133 turn_time=0.0196746 end_in=0.0196746 cand_pre=24 cand_cap=20 cand=24->20 pre=24 pick(must/bucket/top/rand)=1/6/9/4 depth0=10 depth=6 dlog=4 dper=0 sims=2572 loop=2552 gen_time=0 eval_time=0.02 best_avg=-1.09797 best_move=7,1 leader=2 inc2=0 attack_w=0.2
DBG t=49 used=0.019 remain=0.899 turn_time=0.018597 end_in=0.018597 cand_pre=30 cand_cap=20 cand=30->20 pre=30 pick(must/bucket/top/rand)=1/8/7/4 depth0=10 depth=5 dlog=4 dper=1 sims=2832 loop=2812 gen_time=0 eval_time=0.019 best_avg=-1.05678 best_move=4,5 leader=1 inc2=1 attack_w=0.2
DBG t=61 used=0.019 remain=0.667 turn_time=0.0180432 end_in=0.0180432 cand_pre=30 cand_cap=20 cand=30->20 pre=30 pick(must/bucket/top/rand)=1/8/7/4 depth0=10 depth=5 dlog=4 dper=1 sims=2712 loop=2692 gen_time=0 eval_time=0.019 best_avg=-1.19116 best_move=9,4 leader=1 inc2=1 attack_w=0.642608
DBG t=74 used=0.018 remain=0.432 turn_time=0.0174212 end_in=0.0174212 cand_pre=31 cand_cap=20 cand=31->20 pre=31 pick(must/bucket/top/rand)=1/8/7/4 depth0=11 depth=6 dlog=4 dper=1 sims=2232 loop=2212 gen_time=0 eval_time=0.018 best_avg=-1.03959 best_move=9,3 leader=2 inc2=1 attack_w=0.2
DBG t=86 used=0.017 remain=0.223 turn_time=0.0163905 end_in=0.0163905 cand_pre=34 cand_cap=20 cand=34->20 pre=34 pick(must/bucket/top/rand)=1/8/7/4 depth0=11 depth=5 dlog=4 dper=2 sims=2432 loop=2412 gen_time=0 eval_time=0.017 best_avg=-0.822403 best_move=4,4 leader=1 inc2=1 attack_w=0.2
DBG depth_guard t=99 remain=0.015 cand_pre=39 depth0=0 depth=0
DBG t=99 used=0.01 remain=0.015 turn_time=0.009 end_in=0.009 cand_pre=39 cand_cap=14 cand=39->14 pre=39 pick(must/bucket/top/rand)=1/8/2/3 depth0=0 depth=0 dlog=5 dper=4 sims=13718 loop=13704 gen_time=0 eval_time=0.01 best_avg=-0.697901 best_move=9,2 leader=1 inc2=1 attack_w=0.2
DBG summary depth_guard_fired=1
Score = 127827
=== CASE 0162.txt ===
DBG hdr N=10 M=8 T=100 U=1 VMAX=1349 TIME_LIMIT=1.94 MAX_CAND=20 UCB_C=0.21
DBG t=0 used=0.024 remain=1.94 turn_time=0.0236195 end_in=0.0236195 cand_pre=5 cand_cap=20 cand=5->5 pre=5 pick(must/bucket/top/rand)=1/2/2/0 depth0=7 depth=5 dlog=2 dper=0 sims=3405 loop=3400 gen_time=0 eval_time=0.024 best_avg=-0.486693 best_move=7,4 leader=5 inc2=1 attack_w=0.13
DBG t=12 used=0.023 remain=1.665 turn_time=0.0229127 end_in=0.0229127 cand_pre=6 cand_cap=20 cand=6->6 pre=6 pick(must/bucket/top/rand)=1/3/2/0 depth0=7 depth=5 dlog=2 dper=0 sims=2702 loop=2696 gen_time=0 eval_time=0.023 best_avg=-0.398688 best_move=4,5 leader=6 inc2=1 attack_w=0.2
DBG t=24 used=0.02 remain=1.402 turn_time=0.0192222 end_in=0.0192222 cand_pre=32 cand_cap=20 cand=32->20 pre=32 pick(must/bucket/top/rand)=1/6/9/4 depth0=7 depth=2 dlog=4 dper=1 sims=5208 loop=5188 gen_time=0 eval_time=0.02 best_avg=-0.0737422 best_move=2,6 leader=2 inc2=1 attack_w=0.2
DBG t=37 used=0.018 remain=1.15 turn_time=0.0175968 end_in=0.0175968 cand_pre=44 cand_cap=20 cand=44->20 pre=44 pick(must/bucket/top/rand)=1/6/9/4 depth0=10 depth=2 dlog=5 dper=3 sims=4176 loop=4156 gen_time=0 eval_time=0.018 best_avg=0.332004 best_move=2,6 leader=7 inc2=1 attack_w=0.2
DBG t=49 used=0.022 remain=0.908 turn_time=0.0212134 end_in=0.0212134 cand_pre=9 cand_cap=20 cand=9->9 pre=9 pick(must/bucket/top/rand)=1/1/7/0 depth0=10 depth=7 dlog=3 dper=0 sims=1453 loop=1444 gen_time=0 eval_time=0.022 best_avg=0.206003 best_move=2,2 leader=7 inc2=1 attack_w=0.2
DBG t=61 used=0.018 remain=0.678 turn_time=0.0174368 end_in=0.0174368 cand_pre=38 cand_cap=20 cand=38->20 pre=38 pick(must/bucket/top/rand)=1/6/9/4 depth0=10 depth=3 dlog=5 dper=2 sims=3208 loop=3188 gen_time=0 eval_time=0.018 best_avg=0.577272 best_move=3,7 leader=7 inc2=1 attack_w=0.2
DBG t=74 used=0.017 remain=0.436 turn_time=0.0161655 end_in=0.0161655 cand_pre=44 cand_cap=20 cand=44->20 pre=44 pick(must/bucket/top/rand)=1/6/9/4 depth0=11 depth=3 dlog=5 dper=3 sims=2708 loop=2688 gen_time=0 eval_time=0.017 best_avg=0.803698 best_move=6,2 leader=5 inc2=1 attack_w=0.2
DBG t=86 used=0.018 remain=0.228 turn_time=0.0171814 end_in=0.0171814 cand_pre=30 cand_cap=20 cand=30->20 pre=30 pick(must/bucket/top/rand)=1/4/11/4 depth0=11 depth=6 dlog=4 dper=1 sims=1672 loop=1652 gen_time=0 eval_time=0.018 best_avg=0.922834 best_move=5,8 leader=7 inc2=1 attack_w=0.2
DBG t=99 used=0.013 remain=0.02 turn_time=0.012 end_in=0.012 cand_pre=78 cand_cap=14 cand=78->14 pre=42 pick(must/bucket/top/rand)=1/6/4/3 depth0=0 depth=0 dlog=6 dper=5 sims=18738 loop=18724 gen_time=0 eval_time=0.013 best_avg=1.2804 best_move=1,3 leader=2 inc2=1 attack_w=0.2
DBG summary depth_guard_fired=0
Score = 269496
=== CASE 0163.txt ===
DBG hdr N=10 M=3 T=100 U=5 VMAX=2231 TIME_LIMIT=1.94 MAX_CAND=20 UCB_C=0.21
DBG t=0 used=0.024 remain=1.94 turn_time=0.0236195 end_in=0.0236195 cand_pre=5 cand_cap=20 cand=5->5 pre=5 pick(must/bucket/top/rand)=1/2/2/0 depth0=7 depth=5 dlog=2 dper=0 sims=7353 loop=7348 gen_time=0 eval_time=0.024 best_avg=-2.17942 best_move=7,8 leader=2 inc2=1 attack_w=0.85
DBG t=12 used=0.024 remain=1.671 turn_time=0.0231187 end_in=0.0231187 cand_pre=5 cand_cap=20 cand=5->5 pre=5 pick(must/bucket/top/rand)=1/4/0/0 depth0=7 depth=5 dlog=2 dper=0 sims=7277 loop=7272 gen_time=0 eval_time=0.024 best_avg=-1.84622 best_move=0,4 leader=2 inc2=1 attack_w=0.85
DBG t=24 used=0.022 remain=1.392 turn_time=0.0219423 end_in=0.0219423 cand_pre=8 cand_cap=20 cand=8->8 pre=8 pick(must/bucket/top/rand)=1/4/3/0 depth0=7 depth=5 dlog=2 dper=0 sims=8296 loop=8288 gen_time=0 eval_time=0.022 best_avg=-1.15 best_move=2,4 leader=2 inc2=1 attack_w=0.30478
DBG t=37 used=0.021 remain=1.109 turn_time=0.0205165 end_in=0.0205165 cand_pre=13 cand_cap=20 cand=13->13 pre=13 pick(must/bucket/top/rand)=1/5/7/0 depth0=10 depth=7 dlog=3 dper=0 sims=4957 loop=4944 gen_time=0 eval_time=0.021 best_avg=-0.899566 best_move=0,2 leader=2 inc2=1 attack_w=0.2
DBG t=49 used=0.02 remain=0.86 turn_time=0.0193247 end_in=0.0193247 cand_pre=16 cand_cap=20 cand=16->16 pre=16 pick(must/bucket/top/rand)=1/8/7/0 depth0=10 depth=7 dlog=3 dper=0 sims=3508 loop=3492 gen_time=0 eval_time=0.02 best_avg=-0.673852 best_move=0,3 leader=1 inc2=1 attack_w=0.2
DBG t=61 used=0.019 remain=0.623 turn_time=0.0187219 end_in=0.0187219 cand_pre=12 cand_cap=20 cand=12->12 pre=12 pick(must/bucket/top/rand)=1/8/3/0 depth0=10 depth=7 dlog=3 dper=0 sims=3120 loop=3108 gen_time=0 eval_time=0.019 best_avg=-1.06515 best_move=0,2 leader=2 inc2=1 attack_w=0.2
DBG t=74 used=0.018 remain=0.381 turn_time=0.0170791 end_in=0.0170791 cand_pre=13 cand_cap=20 cand=13->13 pre=13 pick(must/bucket/top/rand)=1/7/5/0 depth0=11 depth=8 dlog=3 dper=0 sims=2585 loop=2572 gen_time=0 eval_time=0.018 best_avg=-0.93949 best_move=2,4 leader=1 inc2=1 attack_w=0.2
DBG t=86 used=0.015 remain=0.18 turn_time=0.0148179 end_in=0.0148179 cand_pre=15 cand_cap=20 cand=15->15 pre=15 pick(must/bucket/top/rand)=1/7/7/0 depth0=11 depth=6 dlog=3 dper=0 sims=2423 loop=2408 gen_time=0 eval_time=0.015 best_avg=-0.91836 best_move=1,7 leader=1 inc2=1 attack_w=0.2
DBG depth_guard t=98 remain=0.016 cand_pre=16 depth0=1 depth=0
DBG depth_guard t=99 remain=0.006 cand_pre=18 depth0=0 depth=0
DBG t=99 used=0.004 remain=0.006 turn_time=0.0036 end_in=0.0036 cand_pre=18 cand_cap=12 cand=18->12 pre=18 pick(must/bucket/top/rand)=1/6/3/2 depth0=0 depth=0 dlog=4 dper=5 sims=13416 loop=13404 gen_time=0 eval_time=0.004 best_avg=-0.710255 best_move=2,6 leader=1 inc2=1 attack_w=0.2
DBG summary depth_guard_fired=2
Score = 169211
=== CASE 0164.txt ===
DBG hdr N=10 M=3 T=100 U=1 VMAX=2075 TIME_LIMIT=1.94 MAX_CAND=20 UCB_C=0.21
DBG t=0 used=0.024 remain=1.94 turn_time=0.0236195 end_in=0.0236195 cand_pre=5 cand_cap=20 cand=5->5 pre=5 pick(must/bucket/top/rand)=1/2/2/0 depth0=7 depth=5 dlog=2 dper=0 sims=7753 loop=7748 gen_time=0 eval_time=0.024 best_avg=-1.88901 best_move=7,3 leader=1 inc2=1 attack_w=0.514892
DBG t=12 used=0.023 remain=1.66 turn_time=0.0221082 end_in=0.0221082 cand_pre=12 cand_cap=20 cand=12->12 pre=12 pick(must/bucket/top/rand)=1/6/5/0 depth0=7 depth=4 dlog=3 dper=0 sims=7308 loop=7296 gen_time=0 eval_time=0.023 best_avg=-1.55884 best_move=9,4 leader=2 inc2=1 attack_w=0.436904
DBG t=24 used=0.022 remain=1.394 turn_time=0.0211393 end_in=0.0211393 cand_pre=15 cand_cap=20 cand=15->15 pre=15 pick(must/bucket/top/rand)=1/6/8/0 depth0=7 depth=4 dlog=3 dper=0 sims=7739 loop=7724 gen_time=0 eval_time=0.022 best_avg=-1.02396 best_move=8,4 leader=2 inc2=1 attack_w=0.2
DBG t=37 used=0.02 remain=1.115 turn_time=0.0198222 end_in=0.0198222 cand_pre=20 cand_cap=20 cand=20->20 pre=20 pick(must/bucket/top/rand)=1/6/9/4 depth0=10 depth=6 dlog=4 dper=0 sims=3772 loop=3752 gen_time=0 eval_time=0.02 best_avg=-1.21059 best_move=5,2 leader=2 inc2=1 attack_w=0.2
DBG t=49 used=0.018 remain=0.883 turn_time=0.0178158 end_in=0.0178158 cand_pre=34 cand_cap=20 cand=34->20 pre=34 pick(must/bucket/top/rand)=1/4/11/4 depth0=10 depth=4 dlog=4 dper=2 sims=4764 loop=4744 gen_time=0 eval_time=0.018 best_avg=-0.390571 best_move=8,6 leader=1 inc2=1 attack_w=0.2
DBG t=61 used=0.017 remain=0.673 turn_time=0.0161865 end_in=0.0161865 cand_pre=48 cand_cap=20 cand=48->20 pre=48 pick(must/bucket/top/rand)=1/5/10/4 depth0=10 depth=2 dlog=5 dper=3 sims=8560 loop=8540 gen_time=0 eval_time=0.017 best_avg=0.511962 best_move=7,8 leader=2 inc2=1 attack_w=0.2
DBG t=74 used=0.016 remain=0.443 turn_time=0.0152068 end_in=0.0152068 cand_pre=55 cand_cap=20 cand=55->20 pre=55 pick(must/bucket/top/rand)=1/5/10/4 depth0=11 depth=2 dlog=5 dper=4 sims=7484 loop=7464 gen_time=0 eval_time=0.016 best_avg=0.702664 best_move=8,7 leader=1 inc2=1 attack_w=0.2
DBG t=86 used=0.016 remain=0.241 turn_time=0.0152519 end_in=0.0152519 cand_pre=56 cand_cap=20 cand=56->20 pre=56 pick(must/bucket/top/rand)=1/4/11/4 depth0=11 depth=2 dlog=5 dper=4 sims=7808 loop=7788 gen_time=0 eval_time=0.016 best_avg=0.748661 best_move=9,5 leader=1 inc2=1 attack_w=0.2
DBG t=99 used=0.014 remain=0.023 turn_time=0.0138 end_in=0.0138 cand_pre=58 cand_cap=16 cand=58->16 pre=48 pick(must/bucket/top/rand)=1/5/6/4 depth0=0 depth=0 dlog=5 dper=4 sims=42308 loop=42292 gen_time=0 eval_time=0.014 best_avg=1.06261 best_move=8,6 leader=2 inc2=1 attack_w=0.2
DBG summary depth_guard_fired=0
Score = 362532
=== CASE 0165.txt ===
DBG hdr N=10 M=2 T=100 U=3 VMAX=1868 TIME_LIMIT=1.94 MAX_CAND=20 UCB_C=0.21
DBG t=0 used=0.024 remain=1.94 turn_time=0.0236195 end_in=0.0236195 cand_pre=5 cand_cap=20 cand=5->5 pre=5 pick(must/bucket/top/rand)=1/2/2/0 depth0=7 depth=5 dlog=2 dper=0 sims=9325 loop=9320 gen_time=0 eval_time=0.024 best_avg=-2.41038 best_move=2,0 leader=1 inc2=1 attack_w=0.13
DBG t=12 used=0.022 remain=1.665 turn_time=0.0216828 end_in=0.0216828 cand_pre=16 cand_cap=20 cand=16->16 pre=16 pick(must/bucket/top/rand)=1/3/12/0 depth0=7 depth=4 dlog=3 dper=0 sims=8120 loop=8104 gen_time=0 eval_time=0.022 best_avg=-2.58678 best_move=6,2 leader=1 inc2=1 attack_w=0.2
DBG t=24 used=0.021 remain=1.402 turn_time=0.0204212 end_in=0.0204212 cand_pre=22 cand_cap=20 cand=22->20 pre=22 pick(must/bucket/top/rand)=1/6/9/4 depth0=7 depth=3 dlog=4 dper=0 sims=10368 loop=10348 gen_time=0 eval_time=0.021 best_avg=-2.6594 best_move=6,3 leader=1 inc2=1 attack_w=0.2
DBG t=37 used=0.02 remain=1.132 turn_time=0.0198909 end_in=0.0198909 cand_pre=22 cand_cap=20 cand=22->20 pre=22 pick(must/bucket/top/rand)=1/7/8/4 depth0=10 depth=6 dlog=4 dper=0 sims=4792 loop=4772 gen_time=0 eval_time=0.02 best_avg=-2.79833 best_move=6,3 leader=1 inc2=1 attack_w=0.2
DBG t=49 used=0.019 remain=0.898 turn_time=0.0182329 end_in=0.0182329 cand_pre=33 cand_cap=20 cand=33->20 pre=33 pick(must/bucket/top/rand)=1/7/8/4 depth0=10 depth=5 dlog=4 dper=1 sims=5500 loop=5480 gen_time=0 eval_time=0.019 best_avg=-2.71806 best_move=8,4 leader=1 inc2=1 attack_w=0.2
DBG t=61 used=0.018 remain=0.678 turn_time=0.0178888 end_in=0.0178888 cand_pre=34 cand_cap=20 cand=34->20 pre=34 pick(must/bucket/top/rand)=1/7/8/4 depth0=10 depth=4 dlog=4 dper=2 sims=5412 loop=5392 gen_time=0 eval_time=0.018 best_avg=-2.66226 best_move=3,1 leader=1 inc2=1 attack_w=0.2
DBG t=74 used=0.018 remain=0.444 turn_time=0.0172392 end_in=0.0172392 cand_pre=37 cand_cap=20 cand=37->20 pre=37 pick(must/bucket/top/rand)=1/6/9/4 depth0=11 depth=4 dlog=5 dper=2 sims=5408 loop=5388 gen_time=0 eval_time=0.018 best_avg=-2.66933 best_move=5,1 leader=1 inc2=1 attack_w=0.2
DBG t=86 used=0.017 remain=0.234 turn_time=0.0168731 end_in=0.0168731 cand_pre=37 cand_cap=20 cand=37->20 pre=37 pick(must/bucket/top/rand)=1/4/11/4 depth0=11 depth=4 dlog=5 dper=2 sims=6124 loop=6104 gen_time=0 eval_time=0.017 best_avg=-2.35327 best_move=6,2 leader=1 inc2=1 attack_w=0.2
DBG depth_guard t=99 remain=0.016 cand_pre=39 depth0=0 depth=0
DBG t=99 used=0.01 remain=0.016 turn_time=0.0096 end_in=0.0096 cand_pre=39 cand_cap=14 cand=39->14 pre=39 pick(must/bucket/top/rand)=1/5/5/3 depth0=0 depth=0 dlog=5 dper=4 sims=39546 loop=39532 gen_time=0 eval_time=0.01 best_avg=-1.69871 best_move=3,4 leader=1 inc2=1 attack_w=0.2
DBG summary depth_guard_fired=1
Score = 205854
=== CASE 0166.txt ===
DBG hdr N=10 M=8 T=100 U=4 VMAX=1506 TIME_LIMIT=1.94 MAX_CAND=20 UCB_C=0.21
DBG t=0 used=0.024 remain=1.94 turn_time=0.0236195 end_in=0.0236195 cand_pre=5 cand_cap=20 cand=5->5 pre=5 pick(must/bucket/top/rand)=1/2/2/0 depth0=7 depth=5 dlog=2 dper=0 sims=3925 loop=3920 gen_time=0 eval_time=0.024 best_avg=-0.56939 best_move=2,7 leader=7 inc2=1 attack_w=0.659104
DBG t=12 used=0.022 remain=1.664 turn_time=0.021424 end_in=0.021424 cand_pre=18 cand_cap=20 cand=18->18 pre=18 pick(must/bucket/top/rand)=1/5/10/2 depth0=7 depth=3 dlog=4 dper=0 sims=3154 loop=3136 gen_time=0 eval_time=0.022 best_avg=-0.347768 best_move=6,7 leader=5 inc2=1 attack_w=0.316319
DBG t=24 used=0.021 remain=1.41 turn_time=0.020176 end_in=0.020176 cand_pre=25 cand_cap=20 cand=25->20 pre=25 pick(must/bucket/top/rand)=1/7/8/4 depth0=7 depth=3 dlog=4 dper=0 sims=3352 loop=3332 gen_time=0 eval_time=0.021 best_avg=-0.195255 best_move=8,7 leader=6 inc2=1 attack_w=0.2
DBG t=37 used=0.02 remain=1.148 turn_time=0.0192244 end_in=0.0192244 cand_pre=30 cand_cap=20 cand=30->20 pre=30 pick(must/bucket/top/rand)=1/6/9/4 depth0=10 depth=5 dlog=4 dper=1 sims=1720 loop=1700 gen_time=0 eval_time=0.02 best_avg=-0.265345 best_move=6,8 leader=3 inc2=1 attack_w=0.2
DBG t=49 used=0.02 remain=0.909 turn_time=0.0197306 end_in=0.0197306 cand_pre=22 cand_cap=20 cand=22->20 pre=22 pick(must/bucket/top/rand)=1/6/9/4 depth0=10 depth=6 dlog=4 dper=0 sims=1616 loop=1596 gen_time=0 eval_time=0.02 best_avg=-0.526176 best_move=7,7 leader=5 inc2=1 attack_w=0.2
DBG t=61 used=0.02 remain=0.672 turn_time=0.0198585 end_in=0.0198585 cand_pre=15 cand_cap=20 cand=15->15 pre=15 pick(must/bucket/top/rand)=1/3/11/0 depth0=10 depth=7 dlog=3 dper=0 sims=1527 loop=1512 gen_time=0 eval_time=0.02 best_avg=-0.798278 best_move=6,8 leader=1 inc2=1 attack_w=0.53602
DBG t=74 used=0.018 remain=0.419 turn_time=0.0174207 end_in=0.0174207 cand_pre=26 cand_cap=20 cand=26->20 pre=26 pick(must/bucket/top/rand)=1/4/11/4 depth0=11 depth=6 dlog=4 dper=1 sims=1516 loop=1496 gen_time=0 eval_time=0.018 best_avg=-0.726618 best_move=7,7 leader=1 inc2=1 attack_w=0.585937
DBG t=86 used=0.017 remain=0.207 turn_time=0.0162717 end_in=0.0162717 cand_pre=23 cand_cap=20 cand=23->20 pre=23 pick(must/bucket/top/rand)=1/4/11/4 depth0=11 depth=6 dlog=4 dper=1 sims=1508 loop=1488 gen_time=0 eval_time=0.017 best_avg=-0.677 best_move=6,8 leader=3 inc2=1 attack_w=0.85
DBG depth_guard t=99 remain=0.01 cand_pre=27 depth0=0 depth=0
DBG t=99 used=0.007 remain=0.01 turn_time=0.006 end_in=0.006 cand_pre=27 cand_cap=12 cand=27->12 pre=27 pick(must/bucket/top/rand)=1/4/5/2 depth0=0 depth=0 dlog=4 dper=4 sims=5956 loop=5944 gen_time=0 eval_time=0.007 best_avg=-0.650237 best_move=7,8 leader=3 inc2=1 attack_w=0.804724
DBG summary depth_guard_fired=1
Score = 86111
=== CASE 0167.txt ===
DBG hdr N=10 M=8 T=100 U=2 VMAX=1766 TIME_LIMIT=1.94 MAX_CAND=20 UCB_C=0.21
DBG t=0 used=0.024 remain=1.94 turn_time=0.0237456 end_in=0.0237456 cand_pre=4 cand_cap=20 cand=4->4 pre=4 pick(must/bucket/top/rand)=1/2/1/0 depth0=7 depth=6 dlog=1 dper=0 sims=2864 loop=2860 gen_time=0 eval_time=0.024 best_avg=-0.93747 best_move=0,4 leader=2 inc2=1 attack_w=0.13
DBG t=12 used=0.022 remain=1.659 turn_time=0.0219723 end_in=0.0219723 cand_pre=13 cand_cap=20 cand=13->13 pre=13 pick(must/bucket/top/rand)=1/4/8/0 depth0=7 depth=4 dlog=3 dper=0 sims=3001 loop=2988 gen_time=0 eval_time=0.022 best_avg=-1.03483 best_move=1,4 leader=2 inc2=1 attack_w=0.85
DBG t=24 used=0.022 remain=1.394 turn_time=0.0212585 end_in=0.0212585 cand_pre=14 cand_cap=20 cand=14->14 pre=14 pick(must/bucket/top/rand)=1/3/10/0 depth0=7 depth=4 dlog=3 dper=0 sims=3018 loop=3004 gen_time=0 eval_time=0.022 best_avg=-1.19633 best_move=1,2 leader=2 inc2=1 attack_w=0.85
DBG t=37 used=0.021 remain=1.113 turn_time=0.020246 end_in=0.020246 cand_pre=16 cand_cap=20 cand=16->16 pre=16 pick(must/bucket/top/rand)=1/2/13/0 depth0=10 depth=7 dlog=3 dper=0 sims=1420 loop=1404 gen_time=0 eval_time=0.021 best_avg=-1.24393 best_move=2,2 leader=2 inc2=1 attack_w=0.85
DBG t=49 used=0.02 remain=0.87 turn_time=0.0193276 end_in=0.0193276 cand_pre=18 cand_cap=20 cand=18->18 pre=18 pick(must/bucket/top/rand)=1/1/14/2 depth0=10 depth=6 dlog=4 dper=0 sims=1678 loop=1660 gen_time=0 eval_time=0.02 best_avg=-0.839027 best_move=4,0 leader=2 inc2=1 attack_w=0.85
DBG t=61 used=0.019 remain=0.638 turn_time=0.0180031 end_in=0.0180031 cand_pre=23 cand_cap=20 cand=23->20 pre=23 pick(must/bucket/top/rand)=1/2/13/4 depth0=10 depth=6 dlog=4 dper=0 sims=1664 loop=1644 gen_time=0 eval_time=0.019 best_avg=-0.516635 best_move=5,2 leader=2 inc2=1 attack_w=0.663797
DBG t=74 used=0.017 remain=0.404 turn_time=0.0167971 end_in=0.0167971 cand_pre=26 cand_cap=20 cand=26->20 pre=26 pick(must/bucket/top/rand)=1/3/12/4 depth0=11 depth=6 dlog=4 dper=1 sims=1440 loop=1420 gen_time=0 eval_time=0.017 best_avg=-0.216815 best_move=0,4 leader=2 inc2=1 attack_w=0.2
DBG t=86 used=0.016 remain=0.203 turn_time=0.015486 end_in=0.015486 cand_pre=28 cand_cap=20 cand=28->20 pre=28 pick(must/bucket/top/rand)=1/2/13/4 depth0=11 depth=6 dlog=4 dper=1 sims=1308 loop=1288 gen_time=0 eval_time=0.016 best_avg=-0.393413 best_move=4,3 leader=3 inc2=1 attack_w=0.2
DBG depth_guard t=99 remain=0.008 cand_pre=3 depth0=0 depth=0
DBG t=99 used=0.005 remain=0.008 turn_time=0.0048 end_in=0.0048 cand_pre=3 cand_cap=12 cand=3->3 pre=3 pick(must/bucket/top/rand)=1/0/2/0 depth0=0 depth=0 dlog=1 dper=0 sims=4679 loop=4676 gen_time=0 eval_time=0.005 best_avg=-0.333478 best_move=8,1 leader=2 inc2=1 attack_w=0.2
DBG summary depth_guard_fired=1
Score = 105853
=== CASE 0168.txt ===
DBG hdr N=10 M=5 T=100 U=4 VMAX=1457 TIME_LIMIT=1.94 MAX_CAND=20 UCB_C=0.21
DBG t=0 used=0.024 remain=1.94 turn_time=0.0236195 end_in=0.0236195 cand_pre=5 cand_cap=20 cand=5->5 pre=5 pick(must/bucket/top/rand)=1/2/2/0 depth0=7 depth=5 dlog=2 dper=0 sims=6193 loop=6188 gen_time=0 eval_time=0.024 best_avg=-1.07812 best_move=6,8 leader=3 inc2=1 attack_w=0.85
DBG t=12 used=0.023 remain=1.669 turn_time=0.0224746 end_in=0.0224746 cand_pre=10 cand_cap=20 cand=10->10 pre=10 pick(must/bucket/top/rand)=1/7/2/0 depth0=7 depth=4 dlog=3 dper=0 sims=5054 loop=5044 gen_time=0 eval_time=0.023 best_avg=-0.64957 best_move=4,7 leader=1 inc2=1 attack_w=0.2
DBG t=24 used=0.022 remain=1.395 turn_time=0.0211544 end_in=0.0211544 cand_pre=15 cand_cap=20 cand=15->15 pre=15 pick(must/bucket/top/rand)=1/7/7/0 depth0=7 depth=4 dlog=3 dper=0 sims=4471 loop=4456 gen_time=0 eval_time=0.022 best_avg=-0.546135 best_move=3,8 leader=1 inc2=1 attack_w=0.2
DBG t=37 used=0.02 remain=1.124 turn_time=0.0198663 end_in=0.0198663 cand_pre=21 cand_cap=20 cand=21->20 pre=21 pick(must/bucket/top/rand)=1/7/8/4 depth0=10 depth=6 dlog=4 dper=0 sims=2476 loop=2456 gen_time=0 eval_time=0.02 best_avg=-0.608587 best_move=5,6 leader=4 inc2=1 attack_w=0.2
DBG t=49 used=0.019 remain=0.884 turn_time=0.0189627 end_in=0.0189627 cand_pre=24 cand_cap=20 cand=24->20 pre=24 pick(must/bucket/top/rand)=1/7/8/4 depth0=10 depth=6 dlog=4 dper=0 sims=1928 loop=1908 gen_time=0 eval_time=0.019 best_avg=-0.552373 best_move=6,5 leader=4 inc2=1 attack_w=0.2
DBG t=61 used=0.018 remain=0.646 turn_time=0.0175828 end_in=0.0175828 cand_pre=29 cand_cap=20 cand=29->20 pre=29 pick(must/bucket/top/rand)=1/7/8/4 depth0=10 depth=5 dlog=4 dper=1 sims=2740 loop=2720 gen_time=0 eval_time=0.018 best_avg=-0.46165 best_move=6,6 leader=1 inc2=1 attack_w=0.2
DBG t=74 used=0.017 remain=0.416 turn_time=0.016672 end_in=0.016672 cand_pre=32 cand_cap=20 cand=32->20 pre=32 pick(must/bucket/top/rand)=1/6/9/4 depth0=11 depth=5 dlog=4 dper=2 sims=2532 loop=2512 gen_time=0 eval_time=0.017 best_avg=-0.374335 best_move=5,2 leader=2 inc2=1 attack_w=0.2
DBG t=86 used=0.016 remain=0.214 turn_time=0.0153316 end_in=0.0153316 cand_pre=38 cand_cap=20 cand=38->20 pre=38 pick(must/bucket/top/rand)=1/7/8/4 depth0=11 depth=4 dlog=5 dper=2 sims=2948 loop=2928 gen_time=0 eval_time=0.016 best_avg=-0.273446 best_move=6,7 leader=1 inc2=1 attack_w=0.2
DBG depth_guard t=99 remain=0.014 cand_pre=40 depth0=0 depth=0
DBG t=99 used=0.009 remain=0.014 turn_time=0.0084 end_in=0.0084 cand_pre=40 cand_cap=14 cand=40->14 pre=40 pick(must/bucket/top/rand)=1/6/4/3 depth0=0 depth=0 dlog=5 dper=5 sims=13754 loop=13740 gen_time=0 eval_time=0.009 best_avg=-0.307197 best_move=3,7 leader=2 inc2=1 attack_w=0.2
DBG summary depth_guard_fired=1
Score = 138852
=== CASE 0169.txt ===
DBG hdr N=10 M=6 T=100 U=1 VMAX=2754 TIME_LIMIT=1.94 MAX_CAND=20 UCB_C=0.21
DBG t=0 used=0.024 remain=1.94 turn_time=0.0237456 end_in=0.0237456 cand_pre=4 cand_cap=20 cand=4->4 pre=4 pick(must/bucket/top/rand)=1/2/1/0 depth0=7 depth=6 dlog=1 dper=0 sims=3888 loop=3884 gen_time=0 eval_time=0.024 best_avg=-0.344562 best_move=3,0 leader=3 inc2=1 attack_w=0.85
DBG t=12 used=0.022 remain=1.665 turn_time=0.0211909 end_in=0.0211909 cand_pre=20 cand_cap=20 cand=20->20 pre=20 pick(must/bucket/top/rand)=1/6/9/4 depth0=7 depth=3 dlog=4 dper=0 sims=4288 loop=4268 gen_time=0 eval_time=0.022 best_avg=-0.0306343 best_move=7,1 leader=4 inc2=1 attack_w=0.2
DBG t=24 used=0.021 remain=1.41 turn_time=0.0204172 end_in=0.0204172 cand_pre=23 cand_cap=20 cand=23->20 pre=23 pick(must/bucket/top/rand)=1/4/11/4 depth0=7 depth=3 dlog=4 dper=0 sims=3412 loop=3392 gen_time=0 eval_time=0.021 best_avg=-0.444726 best_move=9,0 leader=4 inc2=1 attack_w=0.2
DBG t=37 used=0.022 remain=1.148 turn_time=0.0210011 end_in=0.0210011 cand_pre=15 cand_cap=20 cand=15->15 pre=15 pick(must/bucket/top/rand)=1/6/8/0 depth0=10 depth=7 dlog=3 dper=0 sims=2115 loop=2100 gen_time=0 eval_time=0.022 best_avg=-0.0301852 best_move=7,4 leader=2 inc2=1 attack_w=0.2
DBG t=49 used=0.019 remain=0.903 turn_time=0.0187948 end_in=0.0187948 cand_pre=29 cand_cap=20 cand=29->20 pre=29 pick(must/bucket/top/rand)=1/6/9/4 depth0=10 depth=5 dlog=4 dper=1 sims=2348 loop=2328 gen_time=0 eval_time=0.019 best_avg=0.587852 best_move=9,9 leader=2 inc2=1 attack_w=0.2
DBG t=61 used=0.016 remain=0.69 turn_time=0.0155604 end_in=0.0155604 cand_pre=57 cand_cap=20 cand=57->20 pre=57 pick(must/bucket/top/rand)=1/6/9/4 depth0=10 depth=1 dlog=5 dper=4 sims=6692 loop=6672 gen_time=0 eval_time=0.016 best_avg=0.581182 best_move=5,5 leader=4 inc2=1 attack_w=0.2
DBG t=74 used=0.021 remain=0.449 turn_time=0.0203518 end_in=0.0203518 cand_pre=11 cand_cap=20 cand=11->11 pre=11 pick(must/bucket/top/rand)=1/4/6/0 depth0=11 depth=8 dlog=3 dper=0 sims=1667 loop=1656 gen_time=0 eval_time=0.021 best_avg=0.0458561 best_move=1,9 leader=3 inc2=1 attack_w=0.2
DBG t=86 used=0.018 remain=0.21 turn_time=0.01719 end_in=0.01719 cand_pre=16 cand_cap=20 cand=16->16 pre=16 pick(must/bucket/top/rand)=1/3/12/0 depth0=11 depth=6 dlog=3 dper=0 sims=2032 loop=2016 gen_time=0 eval_time=0.018 best_avg=0.185211 best_move=4,7 leader=3 inc2=1 attack_w=0.2
DBG t=99 used=0.013 remain=0.02 turn_time=0.012 end_in=0.012 cand_pre=70 cand_cap=14 cand=70->14 pre=42 pick(must/bucket/top/rand)=1/5/5/3 depth0=0 depth=0 dlog=5 dper=5 sims=28246 loop=28232 gen_time=0 eval_time=0.013 best_avg=0.950781 best_move=5,1 leader=2 inc2=1 attack_w=0.2
DBG summary depth_guard_fired=0
Score = 248942
=== CASE 0170.txt ===
DBG hdr N=10 M=5 T=100 U=2 VMAX=1568 TIME_LIMIT=1.94 MAX_CAND=20 UCB_C=0.21
DBG t=0 used=0.024 remain=1.94 turn_time=0.0236195 end_in=0.0236195 cand_pre=5 cand_cap=20 cand=5->5 pre=5 pick(must/bucket/top/rand)=1/2/2/0 depth0=7 depth=5 dlog=2 dper=0 sims=5949 loop=5944 gen_time=0 eval_time=0.024 best_avg=-0.915444 best_move=2,9 leader=3 inc2=1 attack_w=0.85
DBG t=12 used=0.022 remain=1.665 turn_time=0.0216828 end_in=0.0216828 cand_pre=16 cand_cap=20 cand=16->16 pre=16 pick(must/bucket/top/rand)=1/2/13/0 depth0=7 depth=4 dlog=3 dper=0 sims=4180 loop=4164 gen_time=0 eval_time=0.022 best_avg=-0.712528 best_move=3,7 leader=2 inc2=1 attack_w=0.204271
DBG t=24 used=0.02 remain=1.415 turn_time=0.0195214 end_in=0.0195214 cand_pre=31 cand_cap=20 cand=31->20 pre=31 pick(must/bucket/top/rand)=1/4/11/4 depth0=7 depth=2 dlog=4 dper=1 sims=5772 loop=5752 gen_time=0 eval_time=0.02 best_avg=-0.749392 best_move=5,5 leader=4 inc2=0 attack_w=0.241105
DBG t=37 used=0.019 remain=1.161 turn_time=0.0183641 end_in=0.0183641 cand_pre=39 cand_cap=20 cand=39->20 pre=39 pick(must/bucket/top/rand)=1/5/10/4 depth0=10 depth=3 dlog=5 dper=2 sims=4224 loop=4204 gen_time=0 eval_time=0.019 best_avg=-1.09077 best_move=7,7 leader=4 inc2=0 attack_w=0.85
DBG t=49 used=0.019 remain=0.933 turn_time=0.0185868 end_in=0.0185868 cand_pre=36 cand_cap=20 cand=36->20 pre=36 pick(must/bucket/top/rand)=1/6/9/4 depth0=10 depth=3 dlog=5 dper=2 sims=4080 loop=4060 gen_time=0 eval_time=0.019 best_avg=-1.00896 best_move=6,6 leader=4 inc2=0 attack_w=0.85
DBG t=61 used=0.018 remain=0.701 turn_time=0.0177946 end_in=0.0177946 cand_pre=40 cand_cap=20 cand=40->20 pre=40 pick(must/bucket/top/rand)=1/6/9/4 depth0=10 depth=3 dlog=5 dper=2 sims=3324 loop=3304 gen_time=0 eval_time=0.018 best_avg=-0.985075 best_move=7,8 leader=4 inc2=0 attack_w=0.85
DBG t=74 used=0.019 remain=0.465 turn_time=0.0180545 end_in=0.0180545 cand_pre=37 cand_cap=20 cand=37->20 pre=37 pick(must/bucket/top/rand)=1/7/8/4 depth0=11 depth=4 dlog=5 dper=2 sims=2536 loop=2516 gen_time=0 eval_time=0.019 best_avg=-0.955532 best_move=2,5 leader=4 inc2=0 attack_w=0.803556
DBG t=86 used=0.018 remain=0.246 turn_time=0.0170531 end_in=0.0170531 cand_pre=43 cand_cap=20 cand=43->20 pre=43 pick(must/bucket/top/rand)=1/7/8/4 depth0=11 depth=3 dlog=5 dper=3 sims=2900 loop=2880 gen_time=0 eval_time=0.018 best_avg=-0.982808 best_move=8,6 leader=4 inc2=0 attack_w=0.749634
DBG depth_guard t=99 remain=0.016 cand_pre=40 depth0=0 depth=0
DBG t=99 used=0.01 remain=0.016 turn_time=0.0096 end_in=0.0096 cand_pre=40 cand_cap=14 cand=40->14 pre=40 pick(must/bucket/top/rand)=1/7/3/3 depth0=0 depth=0 dlog=5 dper=4 sims=11486 loop=11472 gen_time=0 eval_time=0.01 best_avg=-0.71674 best_move=8,4 leader=4 inc2=0 attack_w=0.2
DBG summary depth_guard_fired=1
Score = 109726
=== CASE 0173.txt ===
DBG hdr N=10 M=2 T=100 U=1 VMAX=2102 TIME_LIMIT=1.94 MAX_CAND=20 UCB_C=0.21
DBG t=0 used=0.024 remain=1.94 turn_time=0.0237456 end_in=0.0237456 cand_pre=4 cand_cap=20 cand=4->4 pre=4 pick(must/bucket/top/rand)=1/2/1/0 depth0=7 depth=6 dlog=1 dper=0 sims=9036 loop=9032 gen_time=0 eval_time=0.024 best_avg=-2.90793 best_move=5,8 leader=1 inc2=1 attack_w=0.13
DBG t=12 used=0.022 remain=1.667 turn_time=0.0217089 end_in=0.0217089 cand_pre=16 cand_cap=20 cand=16->16 pre=16 pick(must/bucket/top/rand)=1/4/11/0 depth0=7 depth=4 dlog=3 dper=0 sims=8428 loop=8412 gen_time=0 eval_time=0.022 best_avg=-1.90676 best_move=8,9 leader=1 inc2=1 attack_w=0.2
DBG t=24 used=0.021 remain=1.404 turn_time=0.0209307 end_in=0.0209307 cand_pre=18 cand_cap=20 cand=18->18 pre=18 pick(must/bucket/top/rand)=1/5/10/2 depth0=7 depth=3 dlog=4 dper=0 sims=11434 loop=11416 gen_time=0 eval_time=0.021 best_avg=-2.02827 best_move=6,7 leader=1 inc2=1 attack_w=0.2
DBG t=37 used=0.02 remain=1.133 turn_time=0.0193239 end_in=0.0193239 cand_pre=27 cand_cap=20 cand=27->20 pre=27 pick(must/bucket/top/rand)=1/5/10/4 depth0=10 depth=5 dlog=4 dper=1 sims=5508 loop=5488 gen_time=0 eval_time=0.02 best_avg=-1.17414 best_move=8,7 leader=1 inc2=1 attack_w=0.2
DBG t=49 used=0.018 remain=0.905 turn_time=0.0174523 end_in=0.0174523 cand_pre=41 cand_cap=20 cand=41->20 pre=41 pick(must/bucket/top/rand)=1/3/12/4 depth0=10 depth=3 dlog=5 dper=2 sims=7792 loop=7772 gen_time=0 eval_time=0.018 best_avg=-0.0269723 best_move=9,1 leader=1 inc2=1 attack_w=0.13
DBG t=61 used=0.017 remain=0.674 turn_time=0.0165476 end_in=0.0165476 cand_pre=45 cand_cap=20 cand=45->20 pre=45 pick(must/bucket/top/rand)=1/4/11/4 depth0=10 depth=2 dlog=5 dper=3 sims=9140 loop=9120 gen_time=0 eval_time=0.017 best_avg=-0.283179 best_move=6,2 leader=1 inc2=1 attack_w=0.2
DBG t=74 used=0.021 remain=0.44 turn_time=0.0206038 end_in=0.0206038 cand_pre=5 cand_cap=20 cand=5->5 pre=5 pick(must/bucket/top/rand)=1/2/2/0 depth0=11 depth=9 dlog=2 dper=0 sims=2245 loop=2240 gen_time=0 eval_time=0.021 best_avg=-0.940326 best_move=7,0 leader=1 inc2=1 attack_w=0.2
DBG t=86 used=0.016 remain=0.24 turn_time=0.0151886 end_in=0.0151886 cand_pre=56 cand_cap=20 cand=56->20 pre=56 pick(must/bucket/top/rand)=1/4/11/4 depth0=11 depth=2 dlog=5 dper=4 sims=8064 loop=8044 gen_time=0 eval_time=0.016 best_avg=0.294407 best_move=7,1 leader=1 inc2=1 attack_w=0.13
DBG t=99 used=0.014 remain=0.022 turn_time=0.0132 end_in=0.0132 cand_pre=56 cand_cap=16 cand=56->16 pre=48 pick(must/bucket/top/rand)=1/5/6/4 depth0=0 depth=0 dlog=5 dper=4 sims=48012 loop=47996 gen_time=0 eval_time=0.014 best_avg=0.953793 best_move=7,4 leader=1 inc2=1 attack_w=0.2
DBG summary depth_guard_fired=0
Score = 411002
=== CASE 0171.txt ===
DBG hdr N=10 M=2 T=100 U=2 VMAX=1330 TIME_LIMIT=1.94 MAX_CAND=20 UCB_C=0.21
DBG t=0 used=0.024 remain=1.94 turn_time=0.0237456 end_in=0.0237456 cand_pre=4 cand_cap=20 cand=4->4 pre=4 pick(must/bucket/top/rand)=1/2/1/0 depth0=7 depth=6 dlog=1 dper=0 sims=9160 loop=9156 gen_time=0 eval_time=0.024 best_avg=-2.82188 best_move=0,6 leader=1 inc2=1 attack_w=0.13
DBG t=12 used=0.022 remain=1.664 turn_time=0.0215469 end_in=0.0215469 cand_pre=17 cand_cap=20 cand=17->17 pre=17 pick(must/bucket/top/rand)=1/7/8/1 depth0=7 depth=4 dlog=3 dper=0 sims=8881 loop=8864 gen_time=0 eval_time=0.022 best_avg=-2.0565 best_move=3,3 leader=1 inc2=1 attack_w=0.2
DBG t=24 used=0.02 remain=1.413 turn_time=0.019373 end_in=0.019373 cand_pre=32 cand_cap=20 cand=32->20 pre=32 pick(must/bucket/top/rand)=1/7/8/4 depth0=7 depth=2 dlog=4 dper=1 sims=13036 loop=13016 gen_time=0 eval_time=0.02 best_avg=-1.41147 best_move=1,7 leader=1 inc2=1 attack_w=0.2
DBG t=37 used=0.019 remain=1.159 turn_time=0.0189303 end_in=0.0189303 cand_pre=34 cand_cap=20 cand=34->20 pre=34 pick(must/bucket/top/rand)=1/8/7/4 depth0=10 depth=5 dlog=4 dper=1 sims=5116 loop=5096 gen_time=0 eval_time=0.019 best_avg=-1.66822 best_move=0,6 leader=1 inc2=1 attack_w=0.2
DBG t=49 used=0.019 remain=0.931 turn_time=0.0187843 end_in=0.0187843 cand_pre=34 cand_cap=20 cand=34->20 pre=34 pick(must/bucket/top/rand)=1/8/7/4 depth0=10 depth=5 dlog=4 dper=1 sims=4692 loop=4672 gen_time=0 eval_time=0.019 best_avg=-1.67719 best_move=0,6 leader=1 inc2=1 attack_w=0.2
DBG t=61 used=0.019 remain=0.692 turn_time=0.0181428 end_in=0.0181428 cand_pre=35 cand_cap=20 cand=35->20 pre=35 pick(must/bucket/top/rand)=1/6/9/4 depth0=10 depth=4 dlog=4 dper=2 sims=6400 loop=6380 gen_time=0 eval_time=0.019 best_avg=-1.21641 best_move=2,7 leader=1 inc2=1 attack_w=0.13
DBG t=74 used=0.018 remain=0.454 turn_time=0.0178544 end_in=0.0178544 cand_pre=35 cand_cap=20 cand=35->20 pre=35 pick(must/bucket/top/rand)=1/6/9/4 depth0=11 depth=5 dlog=4 dper=2 sims=4544 loop=4524 gen_time=0 eval_time=0.018 best_avg=-1.37053 best_move=0,8 leader=1 inc2=1 attack_w=0.2
DBG t=86 used=0.018 remain=0.234 turn_time=0.0170904 end_in=0.0170904 cand_pre=35 cand_cap=20 cand=35->20 pre=35 pick(must/bucket/top/rand)=1/6/9/4 depth0=11 depth=5 dlog=4 dper=2 sims=4812 loop=4792 gen_time=0 eval_time=0.018 best_avg=-1.49307 best_move=2,8 leader=1 inc2=1 attack_w=0.2
DBG depth_guard t=99 remain=0.014 cand_pre=34 depth0=0 depth=0
DBG t=99 used=0.009 remain=0.014 turn_time=0.0084 end_in=0.0084 cand_pre=34 cand_cap=14 cand=34->14 pre=34 pick(must/bucket/top/rand)=1/6/4/3 depth0=0 depth=0 dlog=4 dper=4 sims=35810 loop=35796 gen_time=0 eval_time=0.009 best_avg=-0.660676 best_move=1,7 leader=1 inc2=1 attack_w=0.2
DBG summary depth_guard_fired=1
Score = 273911
=== CASE 0172.txt ===
DBG hdr N=10 M=5 T=100 U=4 VMAX=1295 TIME_LIMIT=1.94 MAX_CAND=20 UCB_C=0.21
DBG t=0 used=0.024 remain=1.94 turn_time=0.0238717 end_in=0.0238717 cand_pre=3 cand_cap=20 cand=3->3 pre=3 pick(must/bucket/top/rand)=1/2/0/0 depth0=7 depth=6 dlog=1 dper=0 sims=4939 loop=4936 gen_time=0 eval_time=0.024 best_avg=-0.861287 best_move=9,1 leader=3 inc2=1 attack_w=0.670503
DBG t=12 used=0.023 remain=1.655 turn_time=0.0226528 end_in=0.0226528 cand_pre=7 cand_cap=20 cand=7->7 pre=7 pick(must/bucket/top/rand)=1/2/4/0 depth0=7 depth=5 dlog=2 dper=0 sims=4195 loop=4188 gen_time=0 eval_time=0.023 best_avg=-0.980844 best_move=7,1 leader=1 inc2=1 attack_w=0.494048
DBG t=24 used=0.021 remain=1.388 turn_time=0.0209296 end_in=0.0209296 cand_pre=16 cand_cap=20 cand=16->16 pre=16 pick(must/bucket/top/rand)=1/5/10/0 depth0=7 depth=4 dlog=3 dper=0 sims=3484 loop=3468 gen_time=0 eval_time=0.021 best_avg=-0.936102 best_move=8,0 leader=1 inc2=1 attack_w=0.487804
DBG t=37 used=0.019 remain=1.124 turn_time=0.0182427 end_in=0.0182427 cand_pre=35 cand_cap=20 cand=35->20 pre=35 pick(must/bucket/top/rand)=1/8/7/4 depth0=10 depth=4 dlog=4 dper=2 sims=2176 loop=2156 gen_time=0 eval_time=0.019 best_avg=-0.777824 best_move=3,5 leader=2 inc2=1 attack_w=0.226359
DBG t=49 used=0.018 remain=0.906 turn_time=0.0172406 end_in=0.0172406 cand_pre=43 cand_cap=20 cand=43->20 pre=43 pick(must/bucket/top/rand)=1/6/9/4 depth0=10 depth=3 dlog=5 dper=2 sims=3080 loop=3060 gen_time=0 eval_time=0.018 best_avg=-0.77232 best_move=2,5 leader=3 inc2=1 attack_w=0.2
DBG t=61 used=0.019 remain=0.671 turn_time=0.0189342 end_in=0.0189342 cand_pre=23 cand_cap=20 cand=23->20 pre=23 pick(must/bucket/top/rand)=1/4/11/4 depth0=10 depth=6 dlog=4 dper=0 sims=1876 loop=1856 gen_time=0 eval_time=0.019 best_avg=-0.750851 best_move=3,6 leader=3 inc2=1 attack_w=0.223178
DBG t=74 used=0.02 remain=0.427 turn_time=0.0192478 end_in=0.0192478 cand_pre=12 cand_cap=20 cand=12->12 pre=12 pick(must/bucket/top/rand)=1/2/9/0 depth0=11 depth=8 dlog=3 dper=0 sims=1424 loop=1412 gen_time=0 eval_time=0.02 best_avg=-0.795438 best_move=3,8 leader=3 inc2=1 attack_w=0.243935
DBG t=86 used=0.016 remain=0.218 turn_time=0.0157194 end_in=0.0157194 cand_pre=37 cand_cap=20 cand=37->20 pre=37 pick(must/bucket/top/rand)=1/5/10/4 depth0=11 depth=4 dlog=5 dper=2 sims=2224 loop=2204 gen_time=0 eval_time=0.016 best_avg=-0.749677 best_move=2,4 leader=3 inc2=1 attack_w=0.205449
DBG depth_guard t=99 remain=0.014 cand_pre=36 depth0=0 depth=0
DBG t=99 used=0.009 remain=0.014 turn_time=0.0084 end_in=0.0084 cand_pre=36 cand_cap=14 cand=36->14 pre=36 pick(must/bucket/top/rand)=1/5/5/3 depth0=0 depth=0 dlog=5 dper=4 sims=9250 loop=9236 gen_time=0 eval_time=0.009 best_avg=-0.631565 best_move=3,8 leader=4 inc2=1 attack_w=0.2
DBG summary depth_guard_fired=1
Score = 115133
=== CASE 0174.txt ===
DBG hdr N=10 M=4 T=100 U=2 VMAX=1684 TIME_LIMIT=1.94 MAX_CAND=20 UCB_C=0.21
DBG t=0 used=0.024 remain=1.94 turn_time=0.0236195 end_in=0.0236195 cand_pre=5 cand_cap=20 cand=5->5 pre=5 pick(must/bucket/top/rand)=1/2/2/0 depth0=7 depth=5 dlog=2 dper=0 sims=7285 loop=7280 gen_time=0 eval_time=0.024 best_avg=-0.928875 best_move=3,7 leader=3 inc2=0 attack_w=0.13
DBG t=12 used=0.022 remain=1.665 turn_time=0.0211909 end_in=0.0211909 cand_pre=20 cand_cap=20 cand=20->20 pre=20 pick(must/bucket/top/rand)=1/2/13/4 depth0=7 depth=3 dlog=4 dper=0 sims=7144 loop=7124 gen_time=0 eval_time=0.022 best_avg=-0.750012 best_move=1,5 leader=1 inc2=0 attack_w=0.2
DBG t=24 used=0.02 remain=1.415 turn_time=0.0196424 end_in=0.0196424 cand_pre=30 cand_cap=20 cand=30->20 pre=30 pick(must/bucket/top/rand)=1/3/12/4 depth0=7 depth=2 dlog=4 dper=1 sims=6976 loop=6956 gen_time=0 eval_time=0.02 best_avg=-0.758788 best_move=3,3 leader=1 inc2=0 attack_w=0.2
DBG t=37 used=0.019 remain=1.165 turn_time=0.0187879 end_in=0.0187879 cand_pre=36 cand_cap=20 cand=36->20 pre=36 pick(must/bucket/top/rand)=1/8/7/4 depth0=10 depth=3 dlog=5 dper=2 sims=5320 loop=5300 gen_time=0 eval_time=0.019 best_avg=-0.918291 best_move=4,0 leader=1 inc2=0 attack_w=0.2
DBG t=49 used=0.02 remain=0.934 turn_time=0.0192019 end_in=0.0192019 cand_pre=31 cand_cap=20 cand=31->20 pre=31 pick(must/bucket/top/rand)=1/8/7/4 depth0=10 depth=5 dlog=4 dper=1 sims=2836 loop=2816 gen_time=0 eval_time=0.02 best_avg=-1.27254 best_move=3,4 leader=2 inc2=1 attack_w=0.308333
DBG t=61 used=0.019 remain=0.694 turn_time=0.0184266 end_in=0.0184266 cand_pre=33 cand_cap=20 cand=33->20 pre=33 pick(must/bucket/top/rand)=1/6/9/4 depth0=10 depth=5 dlog=4 dper=1 sims=2232 loop=2212 gen_time=0 eval_time=0.019 best_avg=-1.39586 best_move=1,4 leader=2 inc2=0 attack_w=0.85
DBG t=74 used=0.017 remain=0.454 turn_time=0.0164924 end_in=0.0164924 cand_pre=47 cand_cap=20 cand=47->20 pre=47 pick(must/bucket/top/rand)=1/6/9/4 depth0=11 depth=3 dlog=5 dper=3 sims=3500 loop=3480 gen_time=0 eval_time=0.017 best_avg=-1.18559 best_move=1,5 leader=2 inc2=0 attack_w=0.614524
DBG t=86 used=0.02 remain=0.232 turn_time=0.0195294 end_in=0.0195294 cand_pre=11 cand_cap=20 cand=11->11 pre=11 pick(must/bucket/top/rand)=1/5/5/0 depth0=11 depth=6 dlog=3 dper=0 sims=3735 loop=3724 gen_time=0 eval_time=0.02 best_avg=-1.13441 best_move=2,7 leader=2 inc2=0 attack_w=0.351351
DBG depth_guard t=99 remain=0.009 cand_pre=17 depth0=0 depth=0
DBG t=99 used=0.006 remain=0.009 turn_time=0.0054 end_in=0.0054 cand_pre=17 cand_cap=12 cand=17->12 pre=17 pick(must/bucket/top/rand)=1/7/2/2 depth0=0 depth=0 dlog=3 dper=3 sims=11168 loop=11156 gen_time=0 eval_time=0.006 best_avg=-0.72561 best_move=3,8 leader=1 inc2=1 attack_w=0.2
DBG summary depth_guard_fired=1
Score = 129652
=== CASE 0176.txt ===
DBG hdr N=10 M=3 T=100 U=5 VMAX=2139 TIME_LIMIT=1.94 MAX_CAND=20 UCB_C=0.21
DBG t=0 used=0.024 remain=1.94 turn_time=0.0236195 end_in=0.0236195 cand_pre=5 cand_cap=20 cand=5->5 pre=5 pick(must/bucket/top/rand)=1/2/2/0 depth0=7 depth=5 dlog=2 dper=0 sims=9149 loop=9144 gen_time=0 eval_time=0.024 best_avg=-1.06008 best_move=8,7 leader=1 inc2=1 attack_w=0.13
DBG t=12 used=0.021 remain=1.672 turn_time=0.0206625 end_in=0.0206625 cand_pre=25 cand_cap=20 cand=25->20 pre=25 pick(must/bucket/top/rand)=1/7/8/4 depth0=7 depth=3 dlog=4 dper=0 sims=7704 loop=7684 gen_time=0 eval_time=0.021 best_avg=-1.11781 best_move=9,2 leader=1 inc2=1 attack_w=0.2
DBG t=24 used=0.022 remain=1.411 turn_time=0.0217591 end_in=0.0217591 cand_pre=12 cand_cap=20 cand=12->12 pre=12 pick(must/bucket/top/rand)=1/7/4/0 depth0=7 depth=4 dlog=3 dper=0 sims=5004 loop=4992 gen_time=0 eval_time=0.022 best_avg=-1.22082 best_move=8,5 leader=2 inc2=1 attack_w=0.2
DBG t=37 used=0.021 remain=1.134 turn_time=0.020745 end_in=0.020745 cand_pre=15 cand_cap=20 cand=15->15 pre=15 pick(must/bucket/top/rand)=1/5/9/0 depth0=10 depth=7 dlog=3 dper=0 sims=3055 loop=3040 gen_time=0 eval_time=0.021 best_avg=-1.29127 best_move=7,3 leader=1 inc2=1 attack_w=0.2
DBG t=49 used=0.02 remain=0.884 turn_time=0.019864 end_in=0.019864 cand_pre=16 cand_cap=20 cand=16->16 pre=16 pick(must/bucket/top/rand)=1/6/9/0 depth0=10 depth=7 dlog=3 dper=0 sims=2960 loop=2944 gen_time=0 eval_time=0.02 best_avg=-1.1387 best_move=7,3 leader=1 inc2=1 attack_w=0.2
DBG t=61 used=0.019 remain=0.644 turn_time=0.018709 end_in=0.018709 cand_pre=18 cand_cap=20 cand=18->18 pre=18 pick(must/bucket/top/rand)=1/7/8/2 depth0=10 depth=6 dlog=4 dper=0 sims=3418 loop=3400 gen_time=0 eval_time=0.019 best_avg=-1.00332 best_move=8,4 leader=2 inc2=1 attack_w=0.2
DBG t=74 used=0.018 remain=0.401 turn_time=0.0173741 end_in=0.0173741 cand_pre=19 cand_cap=20 cand=19->19 pre=19 pick(must/bucket/top/rand)=1/7/8/3 depth0=11 depth=7 dlog=4 dper=0 sims=2383 loop=2364 gen_time=0 eval_time=0.018 best_avg=-0.852166 best_move=9,7 leader=2 inc2=1 attack_w=0.2
DBG t=86 used=0.016 remain=0.196 turn_time=0.015498 end_in=0.015498 cand_pre=22 cand_cap=20 cand=22->20 pre=22 pick(must/bucket/top/rand)=1/7/8/4 depth0=11 depth=6 dlog=4 dper=1 sims=2756 loop=2736 gen_time=0 eval_time=0.016 best_avg=-0.745522 best_move=9,8 leader=2 inc2=1 attack_w=0.2
DBG depth_guard t=99 remain=0.008 cand_pre=24 depth0=0 depth=0
DBG t=99 used=0.005 remain=0.008 turn_time=0.0048 end_in=0.0048 cand_pre=24 cand_cap=12 cand=24->12 pre=24 pick(must/bucket/top/rand)=1/8/1/2 depth0=0 depth=0 dlog=4 dper=5 sims=10856 loop=10844 gen_time=0 eval_time=0.005 best_avg=-1.1017 best_move=6,4 leader=1 inc2=1 attack_w=0.2
DBG summary depth_guard_fired=1
Score = 135812
=== CASE 0175.txt ===
DBG hdr N=10 M=8 T=100 U=4 VMAX=1212 TIME_LIMIT=1.94 MAX_CAND=20 UCB_C=0.21
DBG t=0 used=0.024 remain=1.94 turn_time=0.0237456 end_in=0.0237456 cand_pre=4 cand_cap=20 cand=4->4 pre=4 pick(must/bucket/top/rand)=1/2/1/0 depth0=7 depth=6 dlog=1 dper=0 sims=3568 loop=3564 gen_time=0 eval_time=0.024 best_avg=-0.772594 best_move=9,7 leader=7 inc2=1 attack_w=0.747462
DBG t=12 used=0.023 remain=1.659 turn_time=0.0224625 end_in=0.0224625 cand_pre=9 cand_cap=20 cand=9->9 pre=9 pick(must/bucket/top/rand)=1/5/3/0 depth0=7 depth=4 dlog=3 dper=0 sims=3389 loop=3380 gen_time=0 eval_time=0.023 best_avg=-0.40868 best_move=9,8 leader=1 inc2=1 attack_w=0.301671
DBG t=24 used=0.021 remain=1.393 turn_time=0.0204093 end_in=0.0204093 cand_pre=21 cand_cap=20 cand=21->20 pre=21 pick(must/bucket/top/rand)=1/8/7/4 depth0=7 depth=3 dlog=4 dper=0 sims=3772 loop=3752 gen_time=0 eval_time=0.021 best_avg=-0.183455 best_move=8,9 leader=3 inc2=1 attack_w=0.2
DBG t=37 used=0.022 remain=1.129 turn_time=0.0213524 end_in=0.0213524 cand_pre=9 cand_cap=20 cand=9->9 pre=9 pick(must/bucket/top/rand)=1/2/6/0 depth0=10 depth=7 dlog=3 dper=0 sims=1737 loop=1728 gen_time=0 eval_time=0.022 best_avg=-0.172912 best_move=7,8 leader=2 inc2=1 attack_w=0.2
DBG t=49 used=0.021 remain=0.881 turn_time=0.0202457 end_in=0.0202457 cand_pre=12 cand_cap=20 cand=12->12 pre=12 pick(must/bucket/top/rand)=1/2/9/0 depth0=10 depth=7 dlog=3 dper=0 sims=1812 loop=1800 gen_time=0 eval_time=0.021 best_avg=-0.228749 best_move=7,9 leader=7 inc2=1 attack_w=0.2
DBG t=61 used=0.019 remain=0.641 turn_time=0.0186219 end_in=0.0186219 cand_pre=18 cand_cap=20 cand=18->18 pre=18 pick(must/bucket/top/rand)=1/4/11/2 depth0=10 depth=6 dlog=4 dper=0 sims=1942 loop=1924 gen_time=0 eval_time=0.019 best_avg=-0.357391 best_move=3,8 leader=5 inc2=1 attack_w=0.2
DBG t=74 used=0.018 remain=0.401 turn_time=0.0171736 end_in=0.0171736 cand_pre=21 cand_cap=20 cand=21->20 pre=21 pick(must/bucket/top/rand)=1/2/13/4 depth0=11 depth=7 dlog=4 dper=0 sims=1348 loop=1328 gen_time=0 eval_time=0.018 best_avg=-0.337624 best_move=6,9 leader=5 inc2=1 attack_w=0.2
DBG t=86 used=0.016 remain=0.198 turn_time=0.0154723 end_in=0.0154723 cand_pre=24 cand_cap=20 cand=24->20 pre=24 pick(must/bucket/top/rand)=1/2/13/4 depth0=11 depth=6 dlog=4 dper=1 sims=1464 loop=1444 gen_time=0 eval_time=0.016 best_avg=-0.267225 best_move=5,6 leader=5 inc2=1 attack_w=0.2
DBG depth_guard t=99 remain=0.009 cand_pre=27 depth0=0 depth=0
DBG t=99 used=0.006 remain=0.009 turn_time=0.0054 end_in=0.0054 cand_pre=27 cand_cap=12 cand=27->12 pre=27 pick(must/bucket/top/rand)=1/2/7/2 depth0=0 depth=0 dlog=4 dper=5 sims=5160 loop=5148 gen_time=0 eval_time=0.006 best_avg=-0.282505 best_move=7,7 leader=1 inc2=1 attack_w=0.2
DBG summary depth_guard_fired=1
Score = 113053
=== CASE 0179.txt ===
DBG hdr N=10 M=3 T=100 U=2 VMAX=1658 TIME_LIMIT=1.94 MAX_CAND=20 UCB_C=0.21
DBG t=0 used=0.024 remain=1.94 turn_time=0.0237456 end_in=0.0237456 cand_pre=4 cand_cap=20 cand=4->4 pre=4 pick(must/bucket/top/rand)=1/2/1/0 depth0=7 depth=6 dlog=1 dper=0 sims=7136 loop=7132 gen_time=0 eval_time=0.024 best_avg=-1.08074 best_move=1,0 leader=1 inc2=1 attack_w=0.13
DBG t=12 used=0.022 remain=1.659 turn_time=0.0219723 end_in=0.0219723 cand_pre=13 cand_cap=20 cand=13->13 pre=13 pick(must/bucket/top/rand)=1/6/6/0 depth0=7 depth=4 dlog=3 dper=0 sims=6549 loop=6536 gen_time=0 eval_time=0.022 best_avg=-1.07572 best_move=1,2 leader=1 inc2=1 attack_w=0.2
DBG t=24 used=0.022 remain=1.396 turn_time=0.0216472 end_in=0.0216472 cand_pre=11 cand_cap=20 cand=11->11 pre=11 pick(must/bucket/top/rand)=1/5/5/0 depth0=7 depth=4 dlog=3 dper=0 sims=5407 loop=5396 gen_time=0 eval_time=0.022 best_avg=-1.50105 best_move=0,3 leader=2 inc2=1 attack_w=0.230307
DBG t=37 used=0.02 remain=1.124 turn_time=0.0190545 end_in=0.0190545 cand_pre=28 cand_cap=20 cand=28->20 pre=28 pick(must/bucket/top/rand)=1/8/7/4 depth0=10 depth=5 dlog=4 dper=1 sims=2804 loop=2784 gen_time=0 eval_time=0.02 best_avg=-1.52825 best_move=5,2 leader=1 inc2=1 attack_w=0.20568
DBG t=49 used=0.018 remain=0.898 turn_time=0.0174318 end_in=0.0174318 cand_pre=40 cand_cap=20 cand=40->20 pre=40 pick(must/bucket/top/rand)=1/7/8/4 depth0=10 depth=3 dlog=5 dper=2 sims=3764 loop=3744 gen_time=0 eval_time=0.018 best_avg=-1.66573 best_move=0,8 leader=1 inc2=1 attack_w=0.50376
DBG t=61 used=0.017 remain=0.682 turn_time=0.0166303 end_in=0.0166303 cand_pre=46 cand_cap=20 cand=46->20 pre=46 pick(must/bucket/top/rand)=1/8/7/4 depth0=10 depth=2 dlog=5 dper=3 sims=4104 loop=4084 gen_time=0 eval_time=0.017 best_avg=-1.66724 best_move=1,6 leader=1 inc2=1 attack_w=0.552986
DBG t=74 used=0.018 remain=0.455 turn_time=0.0170975 end_in=0.0170975 cand_pre=42 cand_cap=20 cand=42->20 pre=42 pick(must/bucket/top/rand)=1/8/7/4 depth0=11 depth=4 dlog=5 dper=2 sims=2124 loop=2104 gen_time=0 eval_time=0.018 best_avg=-1.78673 best_move=2,1 leader=1 inc2=1 attack_w=0.841903
DBG t=86 used=0.017 remain=0.245 turn_time=0.0169837 end_in=0.0169838 cand_pre=43 cand_cap=20 cand=43->20 pre=43 pick(must/bucket/top/rand)=1/8/7/4 depth0=11 depth=3 dlog=5 dper=3 sims=2420 loop=2400 gen_time=0 eval_time=0.017 best_avg=-1.79045 best_move=1,4 leader=1 inc2=1 attack_w=0.815268
DBG depth_guard t=99 remain=0.019 cand_pre=50 depth0=0 depth=0
DBG t=99 used=0.012 remain=0.019 turn_time=0.0114 end_in=0.0114 cand_pre=50 cand_cap=16 cand=50->16 pre=48 pick(must/bucket/top/rand)=1/8/3/4 depth0=0 depth=0 dlog=5 dper=4 sims=15996 loop=15980 gen_time=0 eval_time=0.012 best_avg=-1.8616 best_move=2,5 leader=1 inc2=1 attack_w=0.85
DBG summary depth_guard_fired=1
Score = 83332
=== CASE 0178.txt ===
DBG hdr N=10 M=7 T=100 U=4 VMAX=1492 TIME_LIMIT=1.94 MAX_CAND=20 UCB_C=0.21
DBG t=0 used=0.024 remain=1.94 turn_time=0.0236195 end_in=0.0236195 cand_pre=5 cand_cap=20 cand=5->5 pre=5 pick(must/bucket/top/rand)=1/2/2/0 depth0=7 depth=5 dlog=2 dper=0 sims=5425 loop=5420 gen_time=0 eval_time=0.024 best_avg=-0.59108 best_move=5,3 leader=4 inc2=1 attack_w=0.13
DBG t=12 used=0.021 remain=1.662 turn_time=0.0207844 end_in=0.0207844 cand_pre=23 cand_cap=20 cand=23->20 pre=23 pick(must/bucket/top/rand)=1/8/7/4 depth0=7 depth=3 dlog=4 dper=0 sims=4988 loop=4968 gen_time=0 eval_time=0.021 best_avg=-0.598685 best_move=4,5 leader=5 inc2=1 attack_w=0.382699
DBG t=24 used=0.021 remain=1.408 turn_time=0.0207495 end_in=0.0207495 cand_pre=20 cand_cap=20 cand=20->20 pre=20 pick(must/bucket/top/rand)=1/7/8/4 depth0=7 depth=3 dlog=4 dper=0 sims=4484 loop=4464 gen_time=0 eval_time=0.021 best_avg=-0.557549 best_move=4,5 leader=5 inc2=1 attack_w=0.311832
DBG t=37 used=0.02 remain=1.144 turn_time=0.0192755 end_in=0.0192755 cand_pre=29 cand_cap=20 cand=29->20 pre=29 pick(must/bucket/top/rand)=1/6/9/4 depth0=10 depth=5 dlog=4 dper=1 sims=2176 loop=2156 gen_time=0 eval_time=0.02 best_avg=-0.506158 best_move=4,3 leader=5 inc2=1 attack_w=0.2
DBG t=49 used=0.019 remain=0.911 turn_time=0.018613 end_in=0.018613 cand_pre=32 cand_cap=20 cand=32->20 pre=32 pick(must/bucket/top/rand)=1/6/9/4 depth0=10 depth=5 dlog=4 dper=1 sims=2020 loop=2000 gen_time=0 eval_time=0.019 best_avg=-0.365735 best_move=3,8 leader=5 inc2=1 attack_w=0.2
DBG t=61 used=0.018 remain=0.691 turn_time=0.0178863 end_in=0.0178863 cand_pre=37 cand_cap=20 cand=37->20 pre=37 pick(must/bucket/top/rand)=1/8/7/4 depth0=10 depth=3 dlog=5 dper=2 sims=2856 loop=2836 gen_time=0 eval_time=0.018 best_avg=-0.277246 best_move=6,5 leader=5 inc2=1 attack_w=0.2
DBG t=74 used=0.018 remain=0.457 turn_time=0.0174012 end_in=0.0174012 cand_pre=40 cand_cap=20 cand=40->20 pre=40 pick(must/bucket/top/rand)=1/8/7/4 depth0=11 depth=4 dlog=5 dper=2 sims=2024 loop=2004 gen_time=0 eval_time=0.018 best_avg=-0.461196 best_move=2,4 leader=6 inc2=1 attack_w=0.2
DBG t=86 used=0.018 remain=0.241 turn_time=0.0177135 end_in=0.0177135 cand_pre=34 cand_cap=20 cand=34->20 pre=34 pick(must/bucket/top/rand)=1/8/7/4 depth0=11 depth=5 dlog=4 dper=2 sims=1628 loop=1608 gen_time=0 eval_time=0.018 best_avg=-0.536518 best_move=2,5 leader=6 inc2=1 attack_w=0.2
DBG depth_guard t=99 remain=0.015 cand_pre=34 depth0=0 depth=0
DBG t=99 used=0.01 remain=0.015 turn_time=0.009 end_in=0.009 cand_pre=34 cand_cap=14 cand=34->14 pre=34 pick(must/bucket/top/rand)=1/8/2/3 depth0=0 depth=0 dlog=4 dper=4 sims=9838 loop=9824 gen_time=0 eval_time=0.01 best_avg=-0.355869 best_move=2,3 leader=6 inc2=1 attack_w=0.2
DBG summary depth_guard_fired=1
Score = 113798
=== CASE 0177.txt ===
DBG hdr N=10 M=8 T=100 U=4 VMAX=1857 TIME_LIMIT=1.94 MAX_CAND=20 UCB_C=0.21
DBG t=0 used=0.024 remain=1.94 turn_time=0.0238717 end_in=0.0238717 cand_pre=3 cand_cap=20 cand=3->3 pre=3 pick(must/bucket/top/rand)=1/2/0/0 depth0=7 depth=6 dlog=1 dper=0 sims=3419 loop=3416 gen_time=0 eval_time=0.024 best_avg=-0.964963 best_move=0,5 leader=2 inc2=1 attack_w=0.800059
DBG t=12 used=0.023 remain=1.657 turn_time=0.0221906 end_in=0.0221906 cand_pre=11 cand_cap=20 cand=11->11 pre=11 pick(must/bucket/top/rand)=1/4/6/0 depth0=7 depth=4 dlog=3 dper=0 sims=2947 loop=2936 gen_time=0 eval_time=0.023 best_avg=-1.14553 best_move=1,1 leader=4 inc2=1 attack_w=0.85
DBG t=24 used=0.021 remain=1.395 turn_time=0.0204386 end_in=0.0204386 cand_pre=21 cand_cap=20 cand=21->20 pre=21 pick(must/bucket/top/rand)=1/6/9/4 depth0=7 depth=3 dlog=4 dper=0 sims=3788 loop=3768 gen_time=0 eval_time=0.021 best_avg=-0.779247 best_move=4,1 leader=4 inc2=1 attack_w=0.85
DBG t=37 used=0.02 remain=1.128 turn_time=0.0197042 end_in=0.0197042 cand_pre=23 cand_cap=20 cand=23->20 pre=23 pick(must/bucket/top/rand)=1/5/10/4 depth0=10 depth=6 dlog=4 dper=0 sims=1852 loop=1832 gen_time=0 eval_time=0.02 best_avg=-0.515943 best_move=3,1 leader=7 inc2=1 attack_w=0.585379
DBG t=49 used=0.019 remain=0.891 turn_time=0.0188857 end_in=0.0188857 cand_pre=26 cand_cap=20 cand=26->20 pre=26 pick(must/bucket/top/rand)=1/5/10/4 depth0=10 depth=5 dlog=4 dper=1 sims=2216 loop=2196 gen_time=0 eval_time=0.019 best_avg=-0.180431 best_move=1,0 leader=7 inc2=1 attack_w=0.2
DBG t=61 used=0.018 remain=0.664 turn_time=0.0178514 end_in=0.0178514 cand_pre=31 cand_cap=20 cand=31->20 pre=31 pick(must/bucket/top/rand)=1/7/8/4 depth0=10 depth=5 dlog=4 dper=1 sims=2032 loop=2012 gen_time=0 eval_time=0.018 best_avg=0.0793667 best_move=6,1 leader=7 inc2=1 attack_w=0.2
DBG t=74 used=0.021 remain=0.432 turn_time=0.0200132 end_in=0.0200132 cand_pre=7 cand_cap=20 cand=7->7 pre=7 pick(must/bucket/top/rand)=1/3/3/0 depth0=11 depth=9 dlog=2 dper=0 sims=1343 loop=1336 gen_time=0 eval_time=0.021 best_avg=0.280641 best_move=8,1 leader=4 inc2=1 attack_w=0.2
DBG t=86 used=0.018 remain=0.201 turn_time=0.0171065 end_in=0.0171065 cand_pre=9 cand_cap=20 cand=9->9 pre=9 pick(must/bucket/top/rand)=1/3/5/0 depth0=11 depth=6 dlog=3 dper=0 sims=2245 loop=2236 gen_time=0 eval_time=0.018 best_avg=0.453337 best_move=8,1 leader=4 inc2=1 attack_w=0.2
DBG depth_guard t=98 remain=0.017 cand_pre=8 depth0=1 depth=0
DBG depth_guard t=99 remain=0.006 cand_pre=9 depth0=0 depth=0
DBG t=99 used=0.004 remain=0.006 turn_time=0.0036 end_in=0.0036 cand_pre=9 cand_cap=12 cand=9->9 pre=9 pick(must/bucket/top/rand)=1/4/4/0 depth0=0 depth=0 dlog=3 dper=2 sims=4961 loop=4952 gen_time=0 eval_time=0.004 best_avg=0.505219 best_move=7,5 leader=6 inc2=1 attack_w=0.2
DBG summary depth_guard_fired=2
Score = 181983
=== CASE 0182.txt ===
DBG hdr N=10 M=2 T=100 U=3 VMAX=1596 TIME_LIMIT=1.94 MAX_CAND=20 UCB_C=0.21
DBG t=0 used=0.024 remain=1.94 turn_time=0.0236195 end_in=0.0236195 cand_pre=5 cand_cap=20 cand=5->5 pre=5 pick(must/bucket/top/rand)=1/2/2/0 depth0=7 depth=5 dlog=2 dper=0 sims=10245 loop=10240 gen_time=0 eval_time=0.024 best_avg=-3.09325 best_move=2,2 leader=1 inc2=1 attack_w=0.823154
DBG t=12 used=0.02 remain=1.677 turn_time=0.0194856 end_in=0.0194856 cand_pre=35 cand_cap=20 cand=35->20 pre=35 pick(must/bucket/top/rand)=1/5/10/4 depth0=7 depth=2 dlog=4 dper=1 sims=14920 loop=14900 gen_time=0 eval_time=0.02 best_avg=-2.14206 best_move=8,6 leader=1 inc2=1 attack_w=0.2
DBG t=24 used=0.019 remain=1.446 turn_time=0.018465 end_in=0.018465 cand_pre=43 cand_cap=20 cand=43->20 pre=43 pick(must/bucket/top/rand)=1/4/11/4 depth0=7 depth=0 dlog=5 dper=2 sims=73392 loop=73372 gen_time=0 eval_time=0.019 best_avg=-1.84101 best_move=7,6 leader=1 inc2=1 attack_w=0.13
DBG t=37 used=0.018 remain=1.201 turn_time=0.0177576 end_in=0.0177576 cand_pre=49 cand_cap=20 cand=49->20 pre=49 pick(must/bucket/top/rand)=1/5/10/4 depth0=10 depth=2 dlog=5 dper=3 sims=12000 loop=11980 gen_time=0 eval_time=0.018 best_avg=-1.45738 best_move=8,6 leader=1 inc2=1 attack_w=0.13
DBG t=49 used=0.018 remain=0.979 turn_time=0.0176316 end_in=0.0176316 cand_pre=51 cand_cap=20 cand=51->20 pre=51 pick(must/bucket/top/rand)=1/6/9/4 depth0=10 depth=2 dlog=5 dper=3 sims=11424 loop=11404 gen_time=0 eval_time=0.018 best_avg=-0.987279 best_move=9,8 leader=1 inc2=1 attack_w=0.2
DBG t=61 used=0.018 remain=0.763 turn_time=0.0179696 end_in=0.0179696 cand_pre=51 cand_cap=20 cand=51->20 pre=51 pick(must/bucket/top/rand)=1/3/12/4 depth0=10 depth=2 dlog=5 dper=3 sims=10796 loop=10776 gen_time=0 eval_time=0.018 best_avg=-0.686907 best_move=9,6 leader=1 inc2=1 attack_w=0.13
DBG t=74 used=0.019 remain=0.518 turn_time=0.0180403 end_in=0.0180403 cand_pre=53 cand_cap=20 cand=53->20 pre=53 pick(must/bucket/top/rand)=1/3/12/4 depth0=11 depth=3 dlog=5 dper=3 sims=7764 loop=7744 gen_time=0 eval_time=0.019 best_avg=0.221615 best_move=9,8 leader=1 inc2=1 attack_w=0.13
DBG t=86 used=0.019 remain=0.291 turn_time=0.018281 end_in=0.018281 cand_pre=57 cand_cap=20 cand=57->20 pre=57 pick(must/bucket/top/rand)=1/3/12/4 depth0=11 depth=3 dlog=5 dper=3 sims=7056 loop=7036 gen_time=0 eval_time=0.019 best_avg=0.319719 best_move=8,9 leader=1 inc2=1 attack_w=0.13
DBG t=99 used=0.018 remain=0.029 turn_time=0.0174 end_in=0.0174 cand_pre=57 cand_cap=20 cand=57->20 pre=57 pick(must/bucket/top/rand)=1/3/12/4 depth0=0 depth=0 dlog=5 dper=3 sims=69236 loop=69216 gen_time=0 eval_time=0.018 best_avg=0.397688 best_move=6,6 leader=1 inc2=1 attack_w=0.13
DBG summary depth_guard_fired=0
Score = 417330
=== CASE 0180.txt ===
DBG hdr N=10 M=6 T=100 U=1 VMAX=1681 TIME_LIMIT=1.94 MAX_CAND=20 UCB_C=0.21
DBG t=0 used=0.024 remain=1.94 turn_time=0.0236195 end_in=0.0236195 cand_pre=5 cand_cap=20 cand=5->5 pre=5 pick(must/bucket/top/rand)=1/2/2/0 depth0=7 depth=5 dlog=2 dper=0 sims=5065 loop=5060 gen_time=0 eval_time=0.024 best_avg=-0.768746 best_move=1,5 leader=4 inc2=1 attack_w=0.85
DBG t=12 used=0.021 remain=1.664 turn_time=0.0205636 end_in=0.0205636 cand_pre=25 cand_cap=20 cand=25->20 pre=25 pick(must/bucket/top/rand)=1/3/12/4 depth0=7 depth=3 dlog=4 dper=0 sims=5536 loop=5516 gen_time=0 eval_time=0.021 best_avg=-0.398438 best_move=5,3 leader=2 inc2=1 attack_w=0.685697
DBG t=24 used=0.019 remain=1.427 turn_time=0.0184665 end_in=0.0184665 cand_pre=41 cand_cap=20 cand=41->20 pre=41 pick(must/bucket/top/rand)=1/6/9/4 depth0=7 depth=0 dlog=5 dper=2 sims=30448 loop=30428 gen_time=0 eval_time=0.019 best_avg=0.141877 best_move=8,2 leader=1 inc2=1 attack_w=0.2
DBG t=37 used=0.018 remain=1.183 turn_time=0.0177356 end_in=0.0177356 cand_pre=47 cand_cap=20 cand=47->20 pre=47 pick(must/bucket/top/rand)=1/4/11/4 depth0=10 depth=2 dlog=5 dper=3 sims=6288 loop=6268 gen_time=0 eval_time=0.018 best_avg=0.746149 best_move=6,4 leader=4 inc2=1 attack_w=0.2
DBG t=49 used=0.018 remain=0.96 turn_time=0.0171671 end_in=0.0171671 cand_pre=52 cand_cap=20 cand=52->20 pre=52 pick(must/bucket/top/rand)=1/5/10/4 depth0=10 depth=2 dlog=5 dper=3 sims=5696 loop=5676 gen_time=0 eval_time=0.018 best_avg=0.876492 best_move=1,2 leader=1 inc2=1 attack_w=0.2
DBG t=61 used=0.016 remain=0.753 turn_time=0.0158516 end_in=0.0158516 cand_pre=66 cand_cap=14 cand=66->14 pre=42 pick(must/bucket/top/rand)=1/6/4/3 depth0=10 depth=1 dlog=5 dper=4 sims=9694 loop=9680 gen_time=0 eval_time=0.016 best_avg=1.20113 best_move=9,2 leader=5 inc2=1 attack_w=0.2
DBG t=74 used=0.021 remain=0.465 turn_time=0.0207283 end_in=0.0207283 cand_pre=14 cand_cap=20 cand=14->14 pre=14 pick(must/bucket/top/rand)=1/4/9/0 depth0=11 depth=8 dlog=3 dper=0 sims=1886 loop=1872 gen_time=0 eval_time=0.021 best_avg=0.824327 best_move=8,0 leader=5 inc2=1 attack_w=0.2
DBG t=86 used=0.016 remain=0.234 turn_time=0.0150261 end_in=0.0150261 cand_pre=54 cand_cap=20 cand=54->20 pre=54 pick(must/bucket/top/rand)=1/3/12/4 depth0=11 depth=2 dlog=5 dper=4 sims=5264 loop=5244 gen_time=0 eval_time=0.016 best_avg=1.27281 best_move=9,5 leader=5 inc2=1 attack_w=0.2
DBG depth_guard t=99 remain=0.017 cand_pre=15 depth0=0 depth=0
DBG t=99 used=0.011 remain=0.017 turn_time=0.0102 end_in=0.0102 cand_pre=15 cand_cap=14 cand=15->14 pre=15 pick(must/bucket/top/rand)=1/5/5/3 depth0=0 depth=0 dlog=3 dper=1 sims=23142 loop=23128 gen_time=0 eval_time=0.011 best_avg=1.63669 best_move=7,5 leader=5 inc2=1 attack_w=0.2
DBG summary depth_guard_fired=1
Score = 315751
=== CASE 0184.txt ===
DBG hdr N=10 M=7 T=100 U=3 VMAX=2058 TIME_LIMIT=1.94 MAX_CAND=20 UCB_C=0.21
DBG t=0 used=0.024 remain=1.94 turn_time=0.0237456 end_in=0.0237456 cand_pre=4 cand_cap=20 cand=4->4 pre=4 pick(must/bucket/top/rand)=1/2/1/0 depth0=7 depth=6 dlog=1 dper=0 sims=3704 loop=3700 gen_time=0 eval_time=0.024 best_avg=-1.00739 best_move=3,0 leader=3 inc2=1 attack_w=0.85
DBG t=12 used=0.023 remain=1.657 turn_time=0.0220682 end_in=0.0220682 cand_pre=12 cand_cap=20 cand=12->12 pre=12 pick(must/bucket/top/rand)=1/4/7/0 depth0=7 depth=4 dlog=3 dper=0 sims=4188 loop=4176 gen_time=0 eval_time=0.023 best_avg=-0.849054 best_move=4,3 leader=6 inc2=1 attack_w=0.85
DBG t=24 used=0.021 remain=1.392 turn_time=0.0207518 end_in=0.0207518 cand_pre=18 cand_cap=20 cand=18->18 pre=18 pick(must/bucket/top/rand)=1/6/9/2 depth0=7 depth=3 dlog=4 dper=0 sims=3782 loop=3764 gen_time=0 eval_time=0.021 best_avg=-0.573972 best_move=4,0 leader=4 inc2=1 attack_w=0.677979
DBG t=37 used=0.02 remain=1.123 turn_time=0.0191534 end_in=0.0191534 cand_pre=27 cand_cap=20 cand=27->20 pre=27 pick(must/bucket/top/rand)=1/6/9/4 depth0=10 depth=5 dlog=4 dper=1 sims=1052 loop=1032 gen_time=0 eval_time=0.02 best_avg=-0.739305 best_move=1,3 leader=4 inc2=1 attack_w=0.630375
DBG t=49 used=0.019 remain=0.891 turn_time=0.0188857 end_in=0.0188857 cand_pre=26 cand_cap=20 cand=26->20 pre=26 pick(must/bucket/top/rand)=1/5/10/4 depth0=10 depth=5 dlog=4 dper=1 sims=2036 loop=2016 gen_time=0 eval_time=0.019 best_avg=-0.719414 best_move=3,4 leader=4 inc2=1 attack_w=0.85
DBG t=61 used=0.019 remain=0.663 turn_time=0.0182665 end_in=0.0182665 cand_pre=27 cand_cap=20 cand=27->20 pre=27 pick(must/bucket/top/rand)=1/4/11/4 depth0=10 depth=5 dlog=4 dper=1 sims=2520 loop=2500 gen_time=0 eval_time=0.019 best_avg=-0.750128 best_move=4,2 leader=4 inc2=1 attack_w=0.667986
DBG t=74 used=0.018 remain=0.424 turn_time=0.0173106 end_in=0.0173106 cand_pre=29 cand_cap=20 cand=29->20 pre=29 pick(must/bucket/top/rand)=1/5/10/4 depth0=11 depth=6 dlog=4 dper=1 sims=1464 loop=1444 gen_time=0 eval_time=0.018 best_avg=-0.661845 best_move=1,3 leader=4 inc2=1 attack_w=0.561794
DBG t=86 used=0.017 remain=0.218 turn_time=0.0161242 end_in=0.0161242 cand_pre=33 cand_cap=20 cand=33->20 pre=33 pick(must/bucket/top/rand)=1/5/10/4 depth0=11 depth=5 dlog=4 dper=2 sims=1572 loop=1552 gen_time=0 eval_time=0.017 best_avg=-0.61467 best_move=4,4 leader=4 inc2=1 attack_w=0.262758
DBG depth_guard t=99 remain=0.013 cand_pre=33 depth0=0 depth=0
DBG t=99 used=0.008 remain=0.013 turn_time=0.0078 end_in=0.0078 cand_pre=33 cand_cap=12 cand=33->12 pre=33 pick(must/bucket/top/rand)=1/5/4/2 depth0=0 depth=0 dlog=4 dper=4 sims=7428 loop=7416 gen_time=0 eval_time=0.008 best_avg=-0.698879 best_move=6,2 leader=4 inc2=1 attack_w=0.58155
DBG summary depth_guard_fired=1
Score = 91433
=== CASE 0181.txt ===
DBG hdr N=10 M=5 T=100 U=3 VMAX=1983 TIME_LIMIT=1.94 MAX_CAND=20 UCB_C=0.21
DBG t=0 used=0.024 remain=1.94 turn_time=0.0237456 end_in=0.0237456 cand_pre=4 cand_cap=20 cand=4->4 pre=4 pick(must/bucket/top/rand)=1/2/1/0 depth0=7 depth=6 dlog=1 dper=0 sims=4672 loop=4668 gen_time=0 eval_time=0.024 best_avg=-0.916848 best_move=9,5 leader=3 inc2=0 attack_w=0.534652
DBG t=12 used=0.022 remain=1.66 turn_time=0.0213725 end_in=0.0213725 cand_pre=18 cand_cap=20 cand=18->18 pre=18 pick(must/bucket/top/rand)=1/5/10/2 depth0=7 depth=3 dlog=4 dper=0 sims=5766 loop=5748 gen_time=0 eval_time=0.022 best_avg=-0.560236 best_move=8,5 leader=3 inc2=1 attack_w=0.2
DBG t=24 used=0.021 remain=1.397 turn_time=0.0205874 end_in=0.0205874 cand_pre=20 cand_cap=20 cand=20->20 pre=20 pick(must/bucket/top/rand)=1/4/11/4 depth0=7 depth=3 dlog=4 dper=0 sims=5680 loop=5660 gen_time=0 eval_time=0.021 best_avg=-0.660289 best_move=9,4 leader=2 inc2=0 attack_w=0.2
DBG t=37 used=0.021 remain=1.125 turn_time=0.02 end_in=0.02 cand_pre=20 cand_cap=20 cand=20->20 pre=20 pick(must/bucket/top/rand)=1/5/10/4 depth0=10 depth=6 dlog=4 dper=0 sims=1176 loop=1156 gen_time=0 eval_time=0.021 best_avg=-0.919875 best_move=8,1 leader=2 inc2=0 attack_w=0.215859
DBG t=49 used=0.02 remain=0.88 turn_time=0.0191012 end_in=0.0191012 cand_pre=22 cand_cap=20 cand=22->20 pre=22 pick(must/bucket/top/rand)=1/6/9/4 depth0=10 depth=6 dlog=4 dper=0 sims=2372 loop=2352 gen_time=0 eval_time=0.02 best_avg=-0.969851 best_move=7,5 leader=2 inc2=0 attack_w=0.301107
DBG t=61 used=0.019 remain=0.65 turn_time=0.0182333 end_in=0.0182333 cand_pre=24 cand_cap=20 cand=24->20 pre=24 pick(must/bucket/top/rand)=1/6/9/4 depth0=10 depth=6 dlog=4 dper=0 sims=2068 loop=2048 gen_time=0 eval_time=0.019 best_avg=-1.0591 best_move=7,6 leader=2 inc2=0 attack_w=0.361412
DBG t=74 used=0.018 remain=0.411 turn_time=0.0173964 end_in=0.0173964 cand_pre=23 cand_cap=20 cand=23->20 pre=23 pick(must/bucket/top/rand)=1/6/9/4 depth0=11 depth=7 dlog=4 dper=0 sims=1916 loop=1896 gen_time=0 eval_time=0.018 best_avg=-1.02721 best_move=8,3 leader=2 inc2=0 attack_w=0.418329
DBG t=86 used=0.016 remain=0.203 turn_time=0.0159572 end_in=0.0159573 cand_pre=23 cand_cap=20 cand=23->20 pre=23 pick(must/bucket/top/rand)=1/5/10/4 depth0=11 depth=6 dlog=4 dper=1 sims=1800 loop=1780 gen_time=0 eval_time=0.016 best_avg=-0.970842 best_move=8,1 leader=2 inc2=0 attack_w=0.265252
DBG depth_guard t=99 remain=0.009 cand_pre=24 depth0=0 depth=0
DBG t=99 used=0.006 remain=0.009 turn_time=0.0054 end_in=0.0054 cand_pre=24 cand_cap=12 cand=24->12 pre=24 pick(must/bucket/top/rand)=1/4/5/2 depth0=0 depth=0 dlog=4 dper=4 sims=6740 loop=6728 gen_time=0 eval_time=0.006 best_avg=-0.860587 best_move=8,2 leader=2 inc2=0 attack_w=0.390108
DBG summary depth_guard_fired=1
Score = 98579
=== CASE 0185.txt ===
DBG hdr N=10 M=4 T=100 U=5 VMAX=1220 TIME_LIMIT=1.94 MAX_CAND=20 UCB_C=0.21
DBG t=0 used=0.024 remain=1.94 turn_time=0.0236195 end_in=0.0236195 cand_pre=5 cand_cap=20 cand=5->5 pre=5 pick(must/bucket/top/rand)=1/2/2/0 depth0=7 depth=5 dlog=2 dper=0 sims=7849 loop=7844 gen_time=0 eval_time=0.024 best_avg=-1.05276 best_move=4,1 leader=3 inc2=1 attack_w=0.85
DBG t=12 used=0.022 remain=1.663 turn_time=0.0216568 end_in=0.0216568 cand_pre=16 cand_cap=20 cand=16->16 pre=16 pick(must/bucket/top/rand)=1/2/13/0 depth0=7 depth=4 dlog=3 dper=0 sims=5844 loop=5828 gen_time=0 eval_time=0.022 best_avg=-1.01366 best_move=4,3 leader=3 inc2=1 attack_w=0.343208
DBG t=24 used=0.021 remain=1.407 turn_time=0.0203737 end_in=0.0203737 cand_pre=23 cand_cap=20 cand=23->20 pre=23 pick(must/bucket/top/rand)=1/7/8/4 depth0=7 depth=3 dlog=4 dper=0 sims=5148 loop=5128 gen_time=0 eval_time=0.021 best_avg=-1.12748 best_move=2,3 leader=3 inc2=1 attack_w=0.43835
DBG t=37 used=0.019 remain=1.144 turn_time=0.0186853 end_in=0.0186853 cand_pre=34 cand_cap=20 cand=34->20 pre=34 pick(must/bucket/top/rand)=1/8/7/4 depth0=10 depth=4 dlog=4 dper=2 sims=2576 loop=2556 gen_time=0 eval_time=0.019 best_avg=-1.10342 best_move=8,4 leader=3 inc2=1 attack_w=0.31024
DBG t=49 used=0.018 remain=0.919 turn_time=0.0176052 end_in=0.0176052 cand_pre=42 cand_cap=20 cand=42->20 pre=42 pick(must/bucket/top/rand)=1/8/7/4 depth0=10 depth=3 dlog=5 dper=2 sims=3512 loop=3492 gen_time=0 eval_time=0.018 best_avg=-1.10929 best_move=6,6 leader=3 inc2=1 attack_w=0.295763
DBG t=61 used=0.017 remain=0.704 turn_time=0.0168148 end_in=0.0168148 cand_pre=49 cand_cap=20 cand=49->20 pre=49 pick(must/bucket/top/rand)=1/8/7/4 depth0=10 depth=2 dlog=5 dper=3 sims=4128 loop=4108 gen_time=0 eval_time=0.017 best_avg=-1.10838 best_move=3,0 leader=1 inc2=1 attack_w=0.384185
DBG t=74 used=0.018 remain=0.479 turn_time=0.0177598 end_in=0.0177598 cand_pre=44 cand_cap=20 cand=44->20 pre=44 pick(must/bucket/top/rand)=1/8/7/4 depth0=11 depth=4 dlog=5 dper=2 sims=2408 loop=2388 gen_time=0 eval_time=0.018 best_avg=-1.25907 best_move=9,3 leader=3 inc2=1 attack_w=0.592083
DBG t=86 used=0.019 remain=0.259 turn_time=0.0181947 end_in=0.0181947 cand_pre=41 cand_cap=20 cand=41->20 pre=41 pick(must/bucket/top/rand)=1/8/7/4 depth0=11 depth=4 dlog=5 dper=2 sims=2856 loop=2836 gen_time=0 eval_time=0.019 best_avg=-1.45647 best_move=2,3 leader=3 inc2=1 attack_w=0.85
DBG depth_guard t=99 remain=0.015 cand_pre=34 depth0=0 depth=0
DBG t=99 used=0.01 remain=0.015 turn_time=0.009 end_in=0.009 cand_pre=34 cand_cap=14 cand=34->14 pre=34 pick(must/bucket/top/rand)=1/8/2/3 depth0=0 depth=0 dlog=4 dper=4 sims=9638 loop=9624 gen_time=0 eval_time=0.01 best_avg=-1.50612 best_move=9,3 leader=3 inc2=1 attack_w=0.85
DBG summary depth_guard_fired=1
Score = 72076
=== CASE 0183.txt ===
DBG hdr N=10 M=7 T=100 U=4 VMAX=1489 TIME_LIMIT=1.94 MAX_CAND=20 UCB_C=0.21
DBG t=0 used=0.024 remain=1.94 turn_time=0.0236195 end_in=0.0236195 cand_pre=5 cand_cap=20 cand=5->5 pre=5 pick(must/bucket/top/rand)=1/2/2/0 depth0=7 depth=5 dlog=2 dper=0 sims=4797 loop=4792 gen_time=0 eval_time=0.024 best_avg=-0.709528 best_move=4,8 leader=4 inc2=1 attack_w=0.85
DBG t=12 used=0.023 remain=1.659 turn_time=0.0223399 end_in=0.0223399 cand_pre=10 cand_cap=20 cand=10->10 pre=10 pick(must/bucket/top/rand)=1/4/5/0 depth0=7 depth=4 dlog=3 dper=0 sims=4346 loop=4336 gen_time=0 eval_time=0.023 best_avg=-0.243258 best_move=6,7 leader=5 inc2=1 attack_w=0.2
DBG t=24 used=0.022 remain=1.393 turn_time=0.0212432 end_in=0.0212433 cand_pre=14 cand_cap=20 cand=14->14 pre=14 pick(must/bucket/top/rand)=1/3/10/0 depth0=7 depth=4 dlog=3 dper=0 sims=3702 loop=3688 gen_time=0 eval_time=0.022 best_avg=-0.323324 best_move=5,7 leader=3 inc2=1 attack_w=0.2
DBG t=37 used=0.02 remain=1.116 turn_time=0.0194946 end_in=0.0194946 cand_pre=23 cand_cap=20 cand=23->20 pre=23 pick(must/bucket/top/rand)=1/6/9/4 depth0=10 depth=6 dlog=4 dper=0 sims=1144 loop=1124 gen_time=0 eval_time=0.02 best_avg=-0.529788 best_move=8,5 leader=3 inc2=1 attack_w=0.354209
DBG t=49 used=0.019 remain=0.876 turn_time=0.0186794 end_in=0.0186794 cand_pre=25 cand_cap=20 cand=25->20 pre=25 pick(must/bucket/top/rand)=1/6/9/4 depth0=10 depth=5 dlog=4 dper=1 sims=2116 loop=2096 gen_time=0 eval_time=0.019 best_avg=-0.327749 best_move=8,5 leader=3 inc2=1 attack_w=0.2
DBG t=61 used=0.019 remain=0.648 turn_time=0.0180692 end_in=0.0180692 cand_pre=25 cand_cap=20 cand=25->20 pre=25 pick(must/bucket/top/rand)=1/4/11/4 depth0=10 depth=5 dlog=4 dper=1 sims=2472 loop=2452 gen_time=0 eval_time=0.019 best_avg=-0.246184 best_move=4,7 leader=3 inc2=1 attack_w=0.2
DBG t=74 used=0.018 remain=0.412 turn_time=0.0173357 end_in=0.0173357 cand_pre=24 cand_cap=20 cand=24->20 pre=24 pick(must/bucket/top/rand)=1/6/9/4 depth0=11 depth=6 dlog=4 dper=1 sims=1780 loop=1760 gen_time=0 eval_time=0.018 best_avg=-0.340296 best_move=8,6 leader=5 inc2=1 attack_w=0.2
DBG t=86 used=0.017 remain=0.206 turn_time=0.0160018 end_in=0.0160018 cand_pre=25 cand_cap=20 cand=25->20 pre=25 pick(must/bucket/top/rand)=1/6/9/4 depth0=11 depth=6 dlog=4 dper=1 sims=1852 loop=1832 gen_time=0 eval_time=0.017 best_avg=-0.247302 best_move=7,7 leader=5 inc2=1 attack_w=0.2
DBG depth_guard t=99 remain=0.01 cand_pre=26 depth0=0 depth=0
DBG t=99 used=0.007 remain=0.01 turn_time=0.006 end_in=0.006 cand_pre=26 cand_cap=12 cand=26->12 pre=26 pick(must/bucket/top/rand)=1/7/2/2 depth0=0 depth=0 dlog=4 dper=4 sims=7764 loop=7752 gen_time=0 eval_time=0.007 best_avg=-0.144239 best_move=9,4 leader=5 inc2=1 attack_w=0.2
DBG summary depth_guard_fired=1
Score = 127885
=== CASE 0190.txt ===
DBG hdr N=10 M=5 T=100 U=2 VMAX=2260 TIME_LIMIT=1.94 MAX_CAND=20 UCB_C=0.21
DBG t=0 used=0.024 remain=1.94 turn_time=0.0236195 end_in=0.0236195 cand_pre=5 cand_cap=20 cand=5->5 pre=5 pick(must/bucket/top/rand)=1/2/2/0 depth0=7 depth=5 dlog=2 dper=0 sims=5501 loop=5496 gen_time=0 eval_time=0.024 best_avg=-1.20497 best_move=5,6 leader=1 inc2=1 attack_w=0.85
DBG t=12 used=0.021 remain=1.669 turn_time=0.0207487 end_in=0.0207487 cand_pre=24 cand_cap=20 cand=24->20 pre=24 pick(must/bucket/top/rand)=1/5/10/4 depth0=7 depth=3 dlog=4 dper=0 sims=5236 loop=5216 gen_time=0 eval_time=0.021 best_avg=-0.567193 best_move=5,5 leader=1 inc2=1 attack_w=0.249919
DBG t=24 used=0.02 remain=1.423 turn_time=0.0195101 end_in=0.0195101 cand_pre=32 cand_cap=20 cand=32->20 pre=32 pick(must/bucket/top/rand)=1/6/9/4 depth0=7 depth=2 dlog=4 dper=1 sims=7092 loop=7072 gen_time=0 eval_time=0.02 best_avg=-0.203057 best_move=3,2 leader=4 inc2=1 attack_w=0.2
DBG t=37 used=0.019 remain=1.161 turn_time=0.0182443 end_in=0.0182443 cand_pre=40 cand_cap=20 cand=40->20 pre=40 pick(must/bucket/top/rand)=1/7/8/4 depth0=10 depth=3 dlog=5 dper=2 sims=3908 loop=3888 gen_time=0 eval_time=0.019 best_avg=0.0211061 best_move=2,7 leader=1 inc2=1 attack_w=0.2
DBG t=49 used=0.017 remain=0.942 turn_time=0.0167251 end_in=0.0167251 cand_pre=53 cand_cap=20 cand=53->20 pre=53 pick(must/bucket/top/rand)=1/8/7/4 depth0=10 depth=2 dlog=5 dper=3 sims=4500 loop=4480 gen_time=0 eval_time=0.017 best_avg=0.185079 best_move=4,0 leader=1 inc2=1 attack_w=0.2
DBG t=61 used=0.017 remain=0.738 turn_time=0.0162738 end_in=0.0162738 cand_pre=60 cand_cap=20 cand=60->20 pre=60 pick(must/bucket/top/rand)=1/8/7/4 depth0=10 depth=1 dlog=5 dper=4 sims=7024 loop=7004 gen_time=0 eval_time=0.017 best_avg=0.269124 best_move=7,7 leader=1 inc2=1 attack_w=0.2
DBG t=74 used=0.022 remain=0.473 turn_time=0.0212031 end_in=0.0212031 cand_pre=13 cand_cap=20 cand=13->13 pre=13 pick(must/bucket/top/rand)=1/6/6/0 depth0=11 depth=8 dlog=3 dper=0 sims=1405 loop=1392 gen_time=0 eval_time=0.022 best_avg=0.17529 best_move=9,1 leader=2 inc2=1 attack_w=0.2
DBG t=86 used=0.015 remain=0.257 turn_time=0.0147132 end_in=0.0147133 cand_pre=69 cand_cap=14 cand=69->14 pre=42 pick(must/bucket/top/rand)=1/8/2/3 depth0=11 depth=1 dlog=5 dper=5 sims=5734 loop=5720 gen_time=0 eval_time=0.015 best_avg=0.242581 best_move=3,0 leader=3 inc2=1 attack_w=0.2
DBG t=99 used=0.021 remain=0.034 turn_time=0.0204 end_in=0.0204 cand_pre=73 cand_cap=14 cand=73->14 pre=42 pick(must/bucket/top/rand)=1/8/2/3 depth0=0 depth=0 dlog=6 dper=4 sims=29526 loop=29512 gen_time=0 eval_time=0.021 best_avg=0.0805197 best_move=5,0 leader=4 inc2=1 attack_w=0.2
DBG summary depth_guard_fired=0
Score = 177644
=== CASE 0188.txt ===
DBG hdr N=10 M=6 T=100 U=1 VMAX=1572 TIME_LIMIT=1.94 MAX_CAND=20 UCB_C=0.21
DBG t=0 used=0.024 remain=1.94 turn_time=0.0237456 end_in=0.0237456 cand_pre=4 cand_cap=20 cand=4->4 pre=4 pick(must/bucket/top/rand)=1/2/1/0 depth0=7 depth=6 dlog=1 dper=0 sims=3780 loop=3776 gen_time=0 eval_time=0.024 best_avg=-0.779922 best_move=5,3 leader=2 inc2=1 attack_w=0.85
DBG t=12 used=0.021 remain=1.67 turn_time=0.0203911 end_in=0.0203911 cand_pre=27 cand_cap=20 cand=27->20 pre=27 pick(must/bucket/top/rand)=1/6/9/4 depth0=7 depth=3 dlog=4 dper=0 sims=4976 loop=4956 gen_time=0 eval_time=0.021 best_avg=-0.344684 best_move=8,5 leader=4 inc2=1 attack_w=0.2
DBG t=24 used=0.02 remain=1.426 turn_time=0.0197951 end_in=0.0197951 cand_pre=30 cand_cap=20 cand=30->20 pre=30 pick(must/bucket/top/rand)=1/6/9/4 depth0=7 depth=2 dlog=4 dper=1 sims=6672 loop=6652 gen_time=0 eval_time=0.02 best_avg=0.052215 best_move=3,8 leader=2 inc2=1 attack_w=0.2
DBG t=37 used=0.02 remain=1.177 turn_time=0.0195886 end_in=0.0195886 cand_pre=31 cand_cap=20 cand=31->20 pre=31 pick(must/bucket/top/rand)=1/6/9/4 depth0=10 depth=5 dlog=4 dper=1 sims=2528 loop=2508 gen_time=0 eval_time=0.02 best_avg=0.507003 best_move=2,4 leader=2 inc2=1 attack_w=0.2
DBG t=49 used=0.021 remain=0.936 turn_time=0.0203167 end_in=0.0203167 cand_pre=22 cand_cap=20 cand=22->20 pre=22 pick(must/bucket/top/rand)=1/5/10/4 depth0=10 depth=6 dlog=4 dper=0 sims=2184 loop=2164 gen_time=0 eval_time=0.021 best_avg=0.457374 best_move=0,9 leader=2 inc2=1 attack_w=0.2
DBG t=61 used=0.018 remain=0.706 turn_time=0.0179215 end_in=0.0179215 cand_pre=40 cand_cap=20 cand=40->20 pre=40 pick(must/bucket/top/rand)=1/5/10/4 depth0=10 depth=3 dlog=5 dper=2 sims=3944 loop=3924 gen_time=0 eval_time=0.018 best_avg=0.657821 best_move=3,5 leader=2 inc2=1 attack_w=0.2
DBG t=74 used=0.016 remain=0.481 turn_time=0.0153087 end_in=0.0153087 cand_pre=65 cand_cap=14 cand=65->14 pre=42 pick(must/bucket/top/rand)=1/6/4/3 depth0=11 depth=2 dlog=5 dper=4 sims=4410 loop=4396 gen_time=0 eval_time=0.016 best_avg=1.07844 best_move=2,3 leader=3 inc2=1 attack_w=0.2
DBG t=86 used=0.016 remain=0.272 turn_time=0.0158246 end_in=0.0158246 cand_pre=67 cand_cap=14 cand=67->14 pre=42 pick(must/bucket/top/rand)=1/6/4/3 depth0=11 depth=2 dlog=5 dper=4 sims=4070 loop=4056 gen_time=0 eval_time=0.016 best_avg=1.19875 best_move=4,8 leader=5 inc2=1 attack_w=0.2
DBG t=99 used=0.016 remain=0.025 turn_time=0.015 end_in=0.015 cand_pre=31 cand_cap=20 cand=31->20 pre=31 pick(must/bucket/top/rand)=1/6/9/4 depth0=0 depth=0 dlog=4 dper=2 sims=29796 loop=29776 gen_time=0 eval_time=0.016 best_avg=1.18338 best_move=6,4 leader=5 inc2=1 attack_w=0.2
DBG summary depth_guard_fired=0
Score = 279811
=== CASE 0186.txt ===
DBG hdr N=10 M=8 T=100 U=4 VMAX=1499 TIME_LIMIT=1.94 MAX_CAND=20 UCB_C=0.21
DBG t=0 used=0.024 remain=1.94 turn_time=0.0236195 end_in=0.0236195 cand_pre=5 cand_cap=20 cand=5->5 pre=5 pick(must/bucket/top/rand)=1/3/1/0 depth0=7 depth=5 dlog=2 dper=0 sims=4265 loop=4260 gen_time=0 eval_time=0.024 best_avg=-0.527517 best_move=3,8 leader=1 inc2=1 attack_w=0.192067
DBG t=12 used=0.022 remain=1.661 turn_time=0.0216307 end_in=0.0216307 cand_pre=16 cand_cap=20 cand=16->16 pre=16 pick(must/bucket/top/rand)=1/7/8/0 depth0=7 depth=4 dlog=3 dper=0 sims=4068 loop=4052 gen_time=0 eval_time=0.022 best_avg=-0.203455 best_move=3,7 leader=2 inc2=1 attack_w=0.2
DBG t=24 used=0.022 remain=1.398 turn_time=0.0210804 end_in=0.0210804 cand_pre=16 cand_cap=20 cand=16->16 pre=16 pick(must/bucket/top/rand)=1/5/10/0 depth0=7 depth=4 dlog=3 dper=0 sims=3456 loop=3440 gen_time=0 eval_time=0.022 best_avg=-0.291822 best_move=4,8 leader=5 inc2=1 attack_w=0.2
DBG t=37 used=0.02 remain=1.125 turn_time=0.0194196 end_in=0.0194196 cand_pre=25 cand_cap=20 cand=25->20 pre=25 pick(must/bucket/top/rand)=1/6/9/4 depth0=10 depth=6 dlog=4 dper=0 sims=2104 loop=2084 gen_time=0 eval_time=0.02 best_avg=-0.30614 best_move=7,7 leader=5 inc2=1 attack_w=0.2
DBG t=49 used=0.019 remain=0.887 turn_time=0.0184618 end_in=0.0184618 cand_pre=29 cand_cap=20 cand=29->20 pre=29 pick(must/bucket/top/rand)=1/6/9/4 depth0=10 depth=5 dlog=4 dper=1 sims=1980 loop=1960 gen_time=0 eval_time=0.019 best_avg=-0.281343 best_move=7,6 leader=5 inc2=1 attack_w=0.2
DBG t=61 used=0.018 remain=0.667 turn_time=0.0178209 end_in=0.0178209 cand_pre=32 cand_cap=20 cand=32->20 pre=32 pick(must/bucket/top/rand)=1/6/9/4 depth0=10 depth=5 dlog=4 dper=1 sims=2036 loop=2016 gen_time=0 eval_time=0.018 best_avg=-0.284667 best_move=8,7 leader=5 inc2=1 attack_w=0.2
DBG t=74 used=0.017 remain=0.436 turn_time=0.0167105 end_in=0.0167105 cand_pre=39 cand_cap=20 cand=39->20 pre=39 pick(must/bucket/top/rand)=1/7/8/4 depth0=11 depth=4 dlog=5 dper=2 sims=2340 loop=2320 gen_time=0 eval_time=0.017 best_avg=-0.096263 best_move=8,3 leader=5 inc2=1 attack_w=0.2
DBG t=86 used=0.021 remain=0.235 turn_time=0.0206548 end_in=0.0206548 cand_pre=3 cand_cap=20 cand=3->3 pre=3 pick(must/bucket/top/rand)=1/0/2/0 depth0=11 depth=6 dlog=1 dper=0 sims=2159 loop=2156 gen_time=0 eval_time=0.021 best_avg=-0.241125 best_move=6,0 leader=5 inc2=1 attack_w=0.2
DBG depth_guard t=99 remain=0.009 cand_pre=14 depth0=0 depth=0
DBG t=99 used=0.006 remain=0.009 turn_time=0.0054 end_in=0.0054 cand_pre=14 cand_cap=12 cand=14->12 pre=14 pick(must/bucket/top/rand)=1/4/5/2 depth0=0 depth=0 dlog=3 dper=3 sims=5824 loop=5812 gen_time=0 eval_time=0.006 best_avg=-0.30023 best_move=7,1 leader=5 inc2=1 attack_w=0.2
DBG summary depth_guard_fired=1
Score = 111209
=== CASE 0187.txt ===
DBG hdr N=10 M=7 T=100 U=2 VMAX=1393 TIME_LIMIT=1.94 MAX_CAND=20 UCB_C=0.21
DBG t=0 used=0.024 remain=1.94 turn_time=0.0236195 end_in=0.0236195 cand_pre=5 cand_cap=20 cand=5->5 pre=5 pick(must/bucket/top/rand)=1/2/2/0 depth0=7 depth=5 dlog=2 dper=0 sims=3821 loop=3816 gen_time=0 eval_time=0.024 best_avg=-0.734433 best_move=4,8 leader=2 inc2=1 attack_w=0.85
DBG t=12 used=0.022 remain=1.666 turn_time=0.0215728 end_in=0.0215728 cand_pre=17 cand_cap=20 cand=17->17 pre=17 pick(must/bucket/top/rand)=1/6/9/1 depth0=7 depth=4 dlog=3 dper=0 sims=3361 loop=3344 gen_time=0 eval_time=0.022 best_avg=-0.445661 best_move=5,9 leader=5 inc2=1 attack_w=0.2
DBG t=24 used=0.021 remain=1.405 turn_time=0.0205851 end_in=0.0205851 cand_pre=21 cand_cap=20 cand=21->20 pre=21 pick(must/bucket/top/rand)=1/6/9/4 depth0=7 depth=3 dlog=4 dper=0 sims=4364 loop=4344 gen_time=0 eval_time=0.021 best_avg=-0.301672 best_move=7,4 leader=5 inc2=1 attack_w=0.2
DBG t=37 used=0.02 remain=1.141 turn_time=0.0191072 end_in=0.0191072 cand_pre=30 cand_cap=20 cand=30->20 pre=30 pick(must/bucket/top/rand)=1/5/10/4 depth0=10 depth=5 dlog=4 dper=1 sims=2104 loop=2084 gen_time=0 eval_time=0.02 best_avg=-0.468477 best_move=7,9 leader=5 inc2=1 attack_w=0.2
DBG t=49 used=0.022 remain=0.894 turn_time=0.0210002 end_in=0.0210002 cand_pre=8 cand_cap=20 cand=8->8 pre=8 pick(must/bucket/top/rand)=1/5/2/0 depth0=10 depth=8 dlog=2 dper=0 sims=1444 loop=1436 gen_time=0 eval_time=0.022 best_avg=-0.397146 best_move=5,1 leader=5 inc2=1 attack_w=0.2
DBG t=61 used=0.02 remain=0.645 turn_time=0.0191681 end_in=0.0191681 cand_pre=14 cand_cap=20 cand=14->14 pre=14 pick(must/bucket/top/rand)=1/8/5/0 depth0=10 depth=7 dlog=3 dper=0 sims=1554 loop=1540 gen_time=0 eval_time=0.02 best_avg=-0.152166 best_move=5,1 leader=5 inc2=1 attack_w=0.2
DBG t=74 used=0.017 remain=0.4 turn_time=0.0166308 end_in=0.0166308 cand_pre=26 cand_cap=20 cand=26->20 pre=26 pick(must/bucket/top/rand)=1/7/8/4 depth0=11 depth=6 dlog=4 dper=1 sims=1564 loop=1544 gen_time=0 eval_time=0.017 best_avg=-0.113006 best_move=6,3 leader=6 inc2=1 attack_w=0.2
DBG t=86 used=0.016 remain=0.201 turn_time=0.0154267 end_in=0.0154268 cand_pre=27 cand_cap=20 cand=27->20 pre=27 pick(must/bucket/top/rand)=1/5/10/4 depth0=11 depth=6 dlog=4 dper=1 sims=1324 loop=1304 gen_time=0 eval_time=0.016 best_avg=-0.264844 best_move=9,1 leader=5 inc2=1 attack_w=0.2
DBG depth_guard t=99 remain=0.01 cand_pre=25 depth0=0 depth=0
DBG t=99 used=0.007 remain=0.01 turn_time=0.006 end_in=0.006 cand_pre=25 cand_cap=12 cand=25->12 pre=25 pick(must/bucket/top/rand)=1/4/5/2 depth0=0 depth=0 dlog=4 dper=4 sims=5984 loop=5972 gen_time=0 eval_time=0.007 best_avg=-0.277447 best_move=6,2 leader=3 inc2=1 attack_w=0.2
DBG summary depth_guard_fired=1
Score = 119693
=== CASE 0191.txt ===
DBG hdr N=10 M=4 T=100 U=5 VMAX=1662 TIME_LIMIT=1.94 MAX_CAND=20 UCB_C=0.21
DBG t=0 used=0.024 remain=1.94 turn_time=0.0236195 end_in=0.0236195 cand_pre=5 cand_cap=20 cand=5->5 pre=5 pick(must/bucket/top/rand)=1/2/2/0 depth0=7 depth=5 dlog=2 dper=0 sims=6913 loop=6908 gen_time=0 eval_time=0.024 best_avg=-0.809334 best_move=7,1 leader=2 inc2=1 attack_w=0.13
DBG t=12 used=0.021 remain=1.674 turn_time=0.0204399 end_in=0.0204399 cand_pre=27 cand_cap=20 cand=27->20 pre=27 pick(must/bucket/top/rand)=1/2/13/4 depth0=7 depth=3 dlog=4 dper=0 sims=7336 loop=7316 gen_time=0 eval_time=0.021 best_avg=-0.555686 best_move=9,7 leader=1 inc2=1 attack_w=0.2
DBG t=24 used=0.02 remain=1.425 turn_time=0.0196594 end_in=0.0196594 cand_pre=31 cand_cap=20 cand=31->20 pre=31 pick(must/bucket/top/rand)=1/2/13/4 depth0=7 depth=2 dlog=4 dper=1 sims=7688 loop=7668 gen_time=0 eval_time=0.02 best_avg=-0.607896 best_move=8,8 leader=3 inc2=1 attack_w=0.2
DBG t=37 used=0.02 remain=1.164 turn_time=0.0193723 end_in=0.0193723 cand_pre=31 cand_cap=20 cand=31->20 pre=31 pick(must/bucket/top/rand)=1/5/10/4 depth0=10 depth=5 dlog=4 dper=1 sims=3272 loop=3252 gen_time=0 eval_time=0.02 best_avg=-0.420735 best_move=8,7 leader=2 inc2=1 attack_w=0.2
DBG t=49 used=0.019 remain=0.928 turn_time=0.018842 end_in=0.018842 cand_pre=33 cand_cap=20 cand=33->20 pre=33 pick(must/bucket/top/rand)=1/6/9/4 depth0=10 depth=5 dlog=4 dper=1 sims=2828 loop=2808 gen_time=0 eval_time=0.019 best_avg=-0.442653 best_move=8,9 leader=2 inc2=1 attack_w=0.2
DBG t=61 used=0.019 remain=0.7 turn_time=0.0181192 end_in=0.0181192 cand_pre=37 cand_cap=20 cand=37->20 pre=37 pick(must/bucket/top/rand)=1/8/7/4 depth0=10 depth=3 dlog=5 dper=2 sims=3856 loop=3836 gen_time=0 eval_time=0.019 best_avg=-0.370461 best_move=7,6 leader=2 inc2=1 attack_w=0.2
DBG t=74 used=0.018 remain=0.461 turn_time=0.0175535 end_in=0.0175535 cand_pre=40 cand_cap=20 cand=40->20 pre=40 pick(must/bucket/top/rand)=1/7/8/4 depth0=11 depth=4 dlog=5 dper=2 sims=2892 loop=2872 gen_time=0 eval_time=0.018 best_avg=-0.481703 best_move=7,7 leader=2 inc2=1 attack_w=0.2
DBG t=86 used=0.018 remain=0.243 turn_time=0.0171836 end_in=0.0171836 cand_pre=40 cand_cap=20 cand=40->20 pre=40 pick(must/bucket/top/rand)=1/7/8/4 depth0=11 depth=4 dlog=5 dper=2 sims=2756 loop=2736 gen_time=0 eval_time=0.018 best_avg=-0.531082 best_move=7,6 leader=2 inc2=1 attack_w=0.2
DBG depth_guard t=99 remain=0.016 cand_pre=40 depth0=0 depth=0
DBG t=99 used=0.01 remain=0.016 turn_time=0.0096 end_in=0.0096 cand_pre=40 cand_cap=14 cand=40->14 pre=40 pick(must/bucket/top/rand)=1/7/3/3 depth0=0 depth=0 dlog=5 dper=4 sims=12638 loop=12624 gen_time=0 eval_time=0.01 best_avg=-0.656031 best_move=7,4 leader=2 inc2=1 attack_w=0.2
DBG summary depth_guard_fired=1
Score = 135798
=== CASE 0189.txt ===
DBG hdr N=10 M=8 T=100 U=3 VMAX=1777 TIME_LIMIT=1.94 MAX_CAND=20 UCB_C=0.21
DBG t=0 used=0.024 remain=1.94 turn_time=0.0237456 end_in=0.0237456 cand_pre=4 cand_cap=20 cand=4->4 pre=4 pick(must/bucket/top/rand)=1/2/1/0 depth0=7 depth=6 dlog=1 dper=0 sims=3244 loop=3240 gen_time=0 eval_time=0.024 best_avg=-0.68793 best_move=0,1 leader=3 inc2=1 attack_w=0.779539
DBG t=12 used=0.022 remain=1.665 turn_time=0.0214369 end_in=0.0214369 cand_pre=18 cand_cap=20 cand=18->18 pre=18 pick(must/bucket/top/rand)=1/3/12/2 depth0=7 depth=3 dlog=4 dper=0 sims=4086 loop=4068 gen_time=0 eval_time=0.022 best_avg=-0.0722469 best_move=0,4 leader=4 inc2=1 attack_w=0.2
DBG t=24 used=0.021 remain=1.408 turn_time=0.0207495 end_in=0.0207495 cand_pre=20 cand_cap=20 cand=20->20 pre=20 pick(must/bucket/top/rand)=1/6/9/4 depth0=7 depth=3 dlog=4 dper=0 sims=3344 loop=3324 gen_time=0 eval_time=0.021 best_avg=-0.3111 best_move=2,4 leader=6 inc2=1 attack_w=0.2
DBG t=37 used=0.02 remain=1.133 turn_time=0.0199084 end_in=0.0199084 cand_pre=22 cand_cap=20 cand=22->20 pre=22 pick(must/bucket/top/rand)=1/8/7/4 depth0=10 depth=6 dlog=4 dper=0 sims=1336 loop=1316 gen_time=0 eval_time=0.02 best_avg=-0.214647 best_move=0,3 leader=6 inc2=1 attack_w=0.2
DBG t=49 used=0.02 remain=0.891 turn_time=0.0194535 end_in=0.0194535 cand_pre=21 cand_cap=20 cand=21->20 pre=21 pick(must/bucket/top/rand)=1/6/9/4 depth0=10 depth=6 dlog=4 dper=0 sims=1492 loop=1472 gen_time=0 eval_time=0.02 best_avg=-0.164446 best_move=0,6 leader=7 inc2=1 attack_w=0.2
DBG t=61 used=0.019 remain=0.658 turn_time=0.0184577 end_in=0.0184577 cand_pre=24 cand_cap=20 cand=24->20 pre=24 pick(must/bucket/top/rand)=1/6/9/4 depth0=10 depth=6 dlog=4 dper=0 sims=1288 loop=1268 gen_time=0 eval_time=0.019 best_avg=-0.282865 best_move=0,6 leader=4 inc2=1 attack_w=0.2
DBG t=74 used=0.018 remain=0.417 turn_time=0.0176503 end_in=0.0176503 cand_pre=23 cand_cap=20 cand=23->20 pre=23 pick(must/bucket/top/rand)=1/5/10/4 depth0=11 depth=7 dlog=4 dper=0 sims=1136 loop=1116 gen_time=0 eval_time=0.018 best_avg=-0.246314 best_move=2,3 leader=4 inc2=1 attack_w=0.2
DBG t=86 used=0.017 remain=0.207 turn_time=0.0163678 end_in=0.0163678 cand_pre=22 cand_cap=20 cand=22->20 pre=22 pick(must/bucket/top/rand)=1/6/9/4 depth0=11 depth=6 dlog=4 dper=1 sims=1260 loop=1240 gen_time=0 eval_time=0.017 best_avg=-0.107444 best_move=1,2 leader=4 inc2=1 attack_w=0.2
DBG depth_guard t=99 remain=0.01 cand_pre=25 depth0=0 depth=0
DBG t=99 used=0.007 remain=0.01 turn_time=0.006 end_in=0.006 cand_pre=25 cand_cap=12 cand=25->12 pre=25 pick(must/bucket/top/rand)=1/4/5/2 depth0=0 depth=0 dlog=4 dper=4 sims=5616 loop=5604 gen_time=0 eval_time=0.007 best_avg=0.0491341 best_move=0,1 leader=4 inc2=1 attack_w=0.2
DBG summary depth_guard_fired=1
Score = 140191
=== CASE 0192.txt ===
DBG hdr N=10 M=2 T=100 U=4 VMAX=1748 TIME_LIMIT=1.94 MAX_CAND=20 UCB_C=0.21
DBG t=0 used=0.024 remain=1.94 turn_time=0.0236195 end_in=0.0236195 cand_pre=5 cand_cap=20 cand=5->5 pre=5 pick(must/bucket/top/rand)=1/2/2/0 depth0=7 depth=5 dlog=2 dper=0 sims=11081 loop=11076 gen_time=0 eval_time=0.024 best_avg=-2.71851 best_move=1,2 leader=1 inc2=1 attack_w=0.520853
DBG t=12 used=0.022 remain=1.665 turn_time=0.0216828 end_in=0.0216828 cand_pre=16 cand_cap=20 cand=16->16 pre=16 pick(must/bucket/top/rand)=1/3/12/0 depth0=7 depth=4 dlog=3 dper=0 sims=10048 loop=10032 gen_time=0 eval_time=0.022 best_avg=-2.43686 best_move=1,0 leader=1 inc2=1 attack_w=0.2
DBG t=24 used=0.021 remain=1.396 turn_time=0.020692 end_in=0.020692 cand_pre=19 cand_cap=20 cand=19->19 pre=19 pick(must/bucket/top/rand)=1/6/9/3 depth0=7 depth=3 dlog=4 dper=0 sims=12255 loop=12236 gen_time=0 eval_time=0.021 best_avg=-2.69326 best_move=3,2 leader=1 inc2=1 attack_w=0.2
DBG t=37 used=0.02 remain=1.13 turn_time=0.0196225 end_in=0.0196225 cand_pre=24 cand_cap=20 cand=24->20 pre=24 pick(must/bucket/top/rand)=1/8/7/4 depth0=10 depth=6 dlog=4 dper=0 sims=5032 loop=5012 gen_time=0 eval_time=0.02 best_avg=-2.8233 best_move=4,2 leader=1 inc2=1 attack_w=0.2
DBG t=49 used=0.02 remain=0.89 turn_time=0.0190914 end_in=0.0190914 cand_pre=24 cand_cap=20 cand=24->20 pre=24 pick(must/bucket/top/rand)=1/7/8/4 depth0=10 depth=6 dlog=4 dper=0 sims=4824 loop=4804 gen_time=0 eval_time=0.02 best_avg=-2.89124 best_move=3,0 leader=1 inc2=1 attack_w=0.2
DBG t=61 used=0.019 remain=0.66 turn_time=0.0180738 end_in=0.0180738 cand_pre=28 cand_cap=20 cand=28->20 pre=28 pick(must/bucket/top/rand)=1/8/7/4 depth0=10 depth=5 dlog=4 dper=1 sims=4960 loop=4940 gen_time=0 eval_time=0.019 best_avg=-2.80326 best_move=5,1 leader=1 inc2=1 attack_w=0.2
DBG t=74 used=0.018 remain=0.424 turn_time=0.0170986 end_in=0.0170986 cand_pre=31 cand_cap=20 cand=31->20 pre=31 pick(must/bucket/top/rand)=1/7/8/4 depth0=11 depth=6 dlog=4 dper=1 sims=3848 loop=3828 gen_time=0 eval_time=0.018 best_avg=-2.97569 best_move=3,4 leader=1 inc2=1 attack_w=0.2
DBG t=86 used=0.017 remain=0.218 turn_time=0.0161242 end_in=0.0161242 cand_pre=33 cand_cap=20 cand=33->20 pre=33 pick(must/bucket/top/rand)=1/8/7/4 depth0=11 depth=5 dlog=4 dper=2 sims=3964 loop=3944 gen_time=0 eval_time=0.017 best_avg=-2.92659 best_move=3,6 leader=1 inc2=1 attack_w=0.2
DBG depth_guard t=99 remain=0.014 cand_pre=37 depth0=0 depth=0
DBG t=99 used=0.009 remain=0.014 turn_time=0.0084 end_in=0.0084 cand_pre=37 cand_cap=14 cand=37->14 pre=37 pick(must/bucket/top/rand)=1/7/3/3 depth0=0 depth=0 dlog=5 dper=4 sims=24666 loop=24652 gen_time=0 eval_time=0.009 best_avg=-2.93612 best_move=2,0 leader=1 inc2=1 attack_w=0.2
DBG summary depth_guard_fired=1
Score = 125109
=== CASE 0197.txt ===
DBG hdr N=10 M=2 T=100 U=5 VMAX=2471 TIME_LIMIT=1.94 MAX_CAND=20 UCB_C=0.21
DBG t=0 used=0.024 remain=1.94 turn_time=0.0236195 end_in=0.0236195 cand_pre=5 cand_cap=20 cand=5->5 pre=5 pick(must/bucket/top/rand)=1/2/2/0 depth0=7 depth=5 dlog=2 dper=0 sims=10429 loop=10424 gen_time=0 eval_time=0.024 best_avg=-3.40956 best_move=1,7 leader=1 inc2=1 attack_w=0.13
DBG t=12 used=0.023 remain=1.662 turn_time=0.0220121 end_in=0.0220121 cand_pre=13 cand_cap=20 cand=13->13 pre=13 pick(must/bucket/top/rand)=1/2/10/0 depth0=7 depth=4 dlog=3 dper=0 sims=7801 loop=7788 gen_time=0 eval_time=0.023 best_avg=-3.37943 best_move=2,6 leader=1 inc2=1 attack_w=0.795146
DBG t=24 used=0.022 remain=1.396 turn_time=0.0210502 end_in=0.0210502 cand_pre=16 cand_cap=20 cand=16->16 pre=16 pick(must/bucket/top/rand)=1/2/13/0 depth0=7 depth=4 dlog=3 dper=0 sims=6096 loop=6080 gen_time=0 eval_time=0.022 best_avg=-3.45671 best_move=2,5 leader=1 inc2=1 attack_w=0.767576
DBG t=37 used=0.02 remain=1.128 turn_time=0.0194714 end_in=0.0194714 cand_pre=25 cand_cap=20 cand=25->20 pre=25 pick(must/bucket/top/rand)=1/4/11/4 depth0=10 depth=6 dlog=4 dper=0 sims=3220 loop=3200 gen_time=0 eval_time=0.02 best_avg=-3.44282 best_move=3,4 leader=1 inc2=1 attack_w=0.614309
DBG t=49 used=0.018 remain=0.889 turn_time=0.0177103 end_in=0.0177103 cand_pre=36 cand_cap=20 cand=36->20 pre=36 pick(must/bucket/top/rand)=1/8/7/4 depth0=10 depth=3 dlog=5 dper=2 sims=4908 loop=4888 gen_time=0 eval_time=0.018 best_avg=-3.27221 best_move=4,0 leader=1 inc2=1 attack_w=0.434573
DBG t=61 used=0.018 remain=0.678 turn_time=0.0170978 end_in=0.0170978 cand_pre=41 cand_cap=20 cand=41->20 pre=41 pick(must/bucket/top/rand)=1/8/7/4 depth0=10 depth=3 dlog=5 dper=2 sims=4756 loop=4736 gen_time=0 eval_time=0.018 best_avg=-3.00901 best_move=5,0 leader=1 inc2=1 attack_w=0.2
DBG t=74 used=0.017 remain=0.453 turn_time=0.0160031 end_in=0.0160031 cand_pre=51 cand_cap=20 cand=51->20 pre=51 pick(must/bucket/top/rand)=1/8/7/4 depth0=11 depth=3 dlog=5 dper=3 sims=4472 loop=4452 gen_time=0 eval_time=0.017 best_avg=-2.65926 best_move=7,3 leader=1 inc2=1 attack_w=0.2
DBG t=86 used=0.016 remain=0.26 turn_time=0.0158507 end_in=0.0158507 cand_pre=61 cand_cap=14 cand=61->14 pre=42 pick(must/bucket/top/rand)=1/8/2/3 depth0=11 depth=2 dlog=5 dper=4 sims=8034 loop=8020 gen_time=0 eval_time=0.016 best_avg=-2.36688 best_move=7,0 leader=1 inc2=1 attack_w=0.2
DBG t=99 used=0.016 remain=0.026 turn_time=0.0156 end_in=0.0156 cand_pre=64 cand_cap=14 cand=64->14 pre=42 pick(must/bucket/top/rand)=1/8/2/3 depth0=0 depth=0 dlog=5 dper=4 sims=46378 loop=46364 gen_time=0 eval_time=0.016 best_avg=-2.22332 best_move=4,4 leader=1 inc2=1 attack_w=0.2
DBG summary depth_guard_fired=0
Score = 180892
=== CASE 0193.txt ===
DBG hdr N=10 M=2 T=100 U=4 VMAX=1939 TIME_LIMIT=1.94 MAX_CAND=20 UCB_C=0.21
DBG t=0 used=0.024 remain=1.94 turn_time=0.0236195 end_in=0.0236195 cand_pre=5 cand_cap=20 cand=5->5 pre=5 pick(must/bucket/top/rand)=1/2/2/0 depth0=7 depth=5 dlog=2 dper=0 sims=10577 loop=10572 gen_time=0 eval_time=0.024 best_avg=-2.63974 best_move=5,6 leader=1 inc2=1 attack_w=0.13
DBG t=12 used=0.022 remain=1.66 turn_time=0.021863 end_in=0.021863 cand_pre=14 cand_cap=20 cand=14->14 pre=14 pick(must/bucket/top/rand)=1/4/9/0 depth0=7 depth=4 dlog=3 dper=0 sims=11218 loop=11204 gen_time=0 eval_time=0.022 best_avg=-2.7748 best_move=3,3 leader=1 inc2=1 attack_w=0.2
DBG t=24 used=0.021 remain=1.389 turn_time=0.0204695 end_in=0.0204695 cand_pre=20 cand_cap=20 cand=20->20 pre=20 pick(must/bucket/top/rand)=1/6/9/4 depth0=7 depth=3 dlog=4 dper=0 sims=12156 loop=12136 gen_time=0 eval_time=0.021 best_avg=-2.71445 best_move=3,5 leader=1 inc2=1 attack_w=0.2
DBG t=37 used=0.02 remain=1.118 turn_time=0.0196449 end_in=0.0196449 cand_pre=22 cand_cap=20 cand=22->20 pre=22 pick(must/bucket/top/rand)=1/6/9/4 depth0=10 depth=6 dlog=4 dper=0 sims=6312 loop=6292 gen_time=0 eval_time=0.02 best_avg=-2.16696 best_move=3,3 leader=1 inc2=1 attack_w=0.2
DBG t=49 used=0.02 remain=0.88 turn_time=0.0191012 end_in=0.0191012 cand_pre=22 cand_cap=20 cand=22->20 pre=22 pick(must/bucket/top/rand)=1/6/9/4 depth0=10 depth=6 dlog=4 dper=0 sims=6132 loop=6112 gen_time=0 eval_time=0.02 best_avg=-1.37226 best_move=2,4 leader=1 inc2=1 attack_w=0.2
DBG t=61 used=0.018 remain=0.656 turn_time=0.017855 end_in=0.017855 cand_pre=29 cand_cap=20 cand=29->20 pre=29 pick(must/bucket/top/rand)=1/4/11/4 depth0=10 depth=5 dlog=4 dper=1 sims=5972 loop=5952 gen_time=0 eval_time=0.018 best_avg=-0.773529 best_move=3,5 leader=1 inc2=1 attack_w=0.13
DBG t=74 used=0.018 remain=0.422 turn_time=0.017018 end_in=0.017018 cand_pre=31 cand_cap=20 cand=31->20 pre=31 pick(must/bucket/top/rand)=1/4/11/4 depth0=11 depth=5 dlog=4 dper=2 sims=6072 loop=6052 gen_time=0 eval_time=0.018 best_avg=-0.631874 best_move=3,3 leader=1 inc2=1 attack_w=0.13
DBG t=86 used=0.017 remain=0.217 turn_time=0.0162517 end_in=0.0162517 cand_pre=31 cand_cap=20 cand=31->20 pre=31 pick(must/bucket/top/rand)=1/4/11/4 depth0=11 depth=5 dlog=4 dper=2 sims=5368 loop=5348 gen_time=0 eval_time=0.017 best_avg=-0.482285 best_move=3,5 leader=1 inc2=1 attack_w=0.13
DBG depth_guard t=99 remain=0.012 cand_pre=33 depth0=0 depth=0
DBG t=99 used=0.008 remain=0.012 turn_time=0.0072 end_in=0.0072 cand_pre=33 cand_cap=12 cand=33->12 pre=33 pick(must/bucket/top/rand)=1/4/5/2 depth0=0 depth=0 dlog=4 dper=5 sims=34360 loop=34348 gen_time=0 eval_time=0.008 best_avg=-0.336457 best_move=3,3 leader=1 inc2=1 attack_w=0.13
DBG summary depth_guard_fired=1
Score = 349155
=== CASE 0194.txt ===
DBG hdr N=10 M=6 T=100 U=4 VMAX=1728 TIME_LIMIT=1.94 MAX_CAND=20 UCB_C=0.21
DBG t=0 used=0.024 remain=1.94 turn_time=0.0237456 end_in=0.0237456 cand_pre=4 cand_cap=20 cand=4->4 pre=4 pick(must/bucket/top/rand)=1/2/1/0 depth0=7 depth=6 dlog=1 dper=0 sims=4324 loop=4320 gen_time=0 eval_time=0.024 best_avg=-0.80723 best_move=1,8 leader=2 inc2=1 attack_w=0.85
DBG t=12 used=0.023 remain=1.659 turn_time=0.0222174 end_in=0.0222174 cand_pre=11 cand_cap=20 cand=11->11 pre=11 pick(must/bucket/top/rand)=1/2/8/0 depth0=7 depth=4 dlog=3 dper=0 sims=4231 loop=4220 gen_time=0 eval_time=0.023 best_avg=-0.671082 best_move=1,9 leader=2 inc2=1 attack_w=0.625418
DBG t=24 used=0.021 remain=1.396 turn_time=0.020692 end_in=0.020692 cand_pre=19 cand_cap=20 cand=19->19 pre=19 pick(must/bucket/top/rand)=1/2/13/3 depth0=7 depth=3 dlog=4 dper=0 sims=4411 loop=4392 gen_time=0 eval_time=0.021 best_avg=-0.490216 best_move=1,7 leader=2 inc2=1 attack_w=0.2
DBG t=37 used=0.02 remain=1.128 turn_time=0.0191223 end_in=0.0191223 cand_pre=28 cand_cap=20 cand=28->20 pre=28 pick(must/bucket/top/rand)=1/3/12/4 depth0=10 depth=5 dlog=4 dper=1 sims=2432 loop=2412 gen_time=0 eval_time=0.02 best_avg=-0.345619 best_move=5,9 leader=2 inc2=1 attack_w=0.2
DBG t=49 used=0.019 remain=0.899 turn_time=0.0181386 end_in=0.0181386 cand_pre=34 cand_cap=20 cand=34->20 pre=34 pick(must/bucket/top/rand)=1/6/9/4 depth0=10 depth=4 dlog=4 dper=2 sims=2944 loop=2924 gen_time=0 eval_time=0.019 best_avg=-0.206574 best_move=7,7 leader=2 inc2=1 attack_w=0.2
DBG t=61 used=0.017 remain=0.662 turn_time=0.0169149 end_in=0.0169149 cand_pre=39 cand_cap=20 cand=39->20 pre=39 pick(must/bucket/top/rand)=1/6/9/4 depth0=10 depth=3 dlog=5 dper=2 sims=3136 loop=3116 gen_time=0 eval_time=0.017 best_avg=-0.0791958 best_move=8,9 leader=2 inc2=1 attack_w=0.2
DBG t=74 used=0.017 remain=0.441 turn_time=0.0164612 end_in=0.0164612 cand_pre=43 cand_cap=20 cand=43->20 pre=43 pick(must/bucket/top/rand)=1/7/8/4 depth0=11 depth=3 dlog=5 dper=3 sims=3028 loop=3008 gen_time=0 eval_time=0.017 best_avg=0.121574 best_move=2,6 leader=2 inc2=1 attack_w=0.2
DBG t=86 used=0.017 remain=0.238 turn_time=0.016167 end_in=0.016167 cand_pre=46 cand_cap=20 cand=46->20 pre=46 pick(must/bucket/top/rand)=1/8/7/4 depth0=11 depth=3 dlog=5 dper=3 sims=2768 loop=2748 gen_time=0 eval_time=0.017 best_avg=0.271271 best_move=5,5 leader=2 inc2=1 attack_w=0.2
DBG depth_guard t=99 remain=0.009 cand_pre=10 depth0=0 depth=0
DBG t=99 used=0.006 remain=0.009 turn_time=0.0054 end_in=0.0054 cand_pre=10 cand_cap=12 cand=10->10 pre=10 pick(must/bucket/top/rand)=1/5/4/0 depth0=0 depth=0 dlog=3 dper=2 sims=6486 loop=6476 gen_time=0 eval_time=0.006 best_avg=0.368636 best_move=5,5 leader=1 inc2=1 attack_w=0.2
DBG summary depth_guard_fired=1
Score = 193613
=== CASE 0196.txt ===
DBG hdr N=10 M=2 T=100 U=3 VMAX=1521 TIME_LIMIT=1.94 MAX_CAND=20 UCB_C=0.21
DBG t=0 used=0.024 remain=1.94 turn_time=0.0236195 end_in=0.0236195 cand_pre=5 cand_cap=20 cand=5->5 pre=5 pick(must/bucket/top/rand)=1/2/2/0 depth0=7 depth=5 dlog=2 dper=0 sims=10717 loop=10712 gen_time=0 eval_time=0.024 best_avg=-2.91246 best_move=7,4 leader=1 inc2=1 attack_w=0.13
DBG t=12 used=0.022 remain=1.663 turn_time=0.0217796 end_in=0.0217796 cand_pre=15 cand_cap=20 cand=15->15 pre=15 pick(must/bucket/top/rand)=1/2/12/0 depth0=7 depth=4 dlog=3 dper=0 sims=10831 loop=10816 gen_time=0 eval_time=0.022 best_avg=-2.97056 best_move=3,3 leader=1 inc2=1 attack_w=0.36262
DBG t=24 used=0.021 remain=1.399 turn_time=0.0209758 end_in=0.0209758 cand_pre=17 cand_cap=20 cand=17->17 pre=17 pick(must/bucket/top/rand)=1/3/12/1 depth0=7 depth=4 dlog=3 dper=0 sims=8569 loop=8552 gen_time=0 eval_time=0.021 best_avg=-3.06883 best_move=3,4 leader=1 inc2=1 attack_w=0.307664
DBG t=37 used=0.02 remain=1.129 turn_time=0.0197217 end_in=0.0197217 cand_pre=23 cand_cap=20 cand=23->20 pre=23 pick(must/bucket/top/rand)=1/6/9/4 depth0=10 depth=6 dlog=4 dper=0 sims=5136 loop=5116 gen_time=0 eval_time=0.02 best_avg=-2.85123 best_move=3,5 leader=1 inc2=1 attack_w=0.2
DBG t=49 used=0.019 remain=0.895 turn_time=0.0184001 end_in=0.0184001 cand_pre=31 cand_cap=20 cand=31->20 pre=31 pick(must/bucket/top/rand)=1/6/9/4 depth0=10 depth=5 dlog=4 dper=1 sims=5020 loop=5000 gen_time=0 eval_time=0.019 best_avg=-2.67906 best_move=2,5 leader=1 inc2=1 attack_w=0.2
DBG t=61 used=0.018 remain=0.675 turn_time=0.0174721 end_in=0.0174721 cand_pre=37 cand_cap=20 cand=37->20 pre=37 pick(must/bucket/top/rand)=1/6/9/4 depth0=10 depth=3 dlog=5 dper=2 sims=6636 loop=6616 gen_time=0 eval_time=0.018 best_avg=-2.69242 best_move=1,5 leader=1 inc2=1 attack_w=0.2
DBG t=74 used=0.017 remain=0.441 turn_time=0.0167919 end_in=0.0167919 cand_pre=40 cand_cap=20 cand=40->20 pre=40 pick(must/bucket/top/rand)=1/6/9/4 depth0=11 depth=4 dlog=5 dper=2 sims=5600 loop=5580 gen_time=0 eval_time=0.017 best_avg=-2.84234 best_move=0,6 leader=1 inc2=1 attack_w=0.2
DBG t=86 used=0.017 remain=0.237 turn_time=0.0164292 end_in=0.0164292 cand_pre=43 cand_cap=20 cand=43->20 pre=43 pick(must/bucket/top/rand)=1/6/9/4 depth0=11 depth=3 dlog=5 dper=3 sims=6764 loop=6744 gen_time=0 eval_time=0.017 best_avg=-2.67744 best_move=1,2 leader=1 inc2=1 attack_w=0.2
DBG depth_guard t=99 remain=0.017 cand_pre=49 depth0=0 depth=0
DBG t=99 used=0.011 remain=0.017 turn_time=0.0102 end_in=0.0102 cand_pre=49 cand_cap=14 cand=49->14 pre=42 pick(must/bucket/top/rand)=1/7/3/3 depth0=0 depth=0 dlog=5 dper=5 sims=35050 loop=35036 gen_time=0 eval_time=0.011 best_avg=-2.44803 best_move=1,6 leader=1 inc2=1 attack_w=0.2
DBG summary depth_guard_fired=1
Score = 155627
=== CASE 0195.txt ===
DBG hdr N=10 M=8 T=100 U=4 VMAX=1904 TIME_LIMIT=1.94 MAX_CAND=20 UCB_C=0.21
DBG t=0 used=0.024 remain=1.94 turn_time=0.0237456 end_in=0.0237456 cand_pre=4 cand_cap=20 cand=4->4 pre=4 pick(must/bucket/top/rand)=1/2/1/0 depth0=7 depth=6 dlog=1 dper=0 sims=3240 loop=3236 gen_time=0 eval_time=0.024 best_avg=-0.723794 best_move=1,9 leader=7 inc2=1 attack_w=0.85
DBG t=12 used=0.023 remain=1.659 turn_time=0.0223399 end_in=0.0223399 cand_pre=10 cand_cap=20 cand=10->10 pre=10 pick(must/bucket/top/rand)=1/7/2/0 depth0=7 depth=4 dlog=3 dper=0 sims=3866 loop=3856 gen_time=0 eval_time=0.023 best_avg=-0.842813 best_move=0,7 leader=4 inc2=1 attack_w=0.85
DBG t=24 used=0.02 remain=1.398 turn_time=0.019526 end_in=0.019526 cand_pre=29 cand_cap=20 cand=29->20 pre=29 pick(must/bucket/top/rand)=1/8/7/4 depth0=7 depth=2 dlog=4 dper=1 sims=5596 loop=5576 gen_time=0 eval_time=0.02 best_avg=-0.428144 best_move=1,3 leader=4 inc2=1 attack_w=0.695249
DBG t=37 used=0.02 remain=1.134 turn_time=0.019575 end_in=0.019575 cand_pre=25 cand_cap=20 cand=25->20 pre=25 pick(must/bucket/top/rand)=1/8/7/4 depth0=10 depth=6 dlog=4 dper=0 sims=1908 loop=1888 gen_time=0 eval_time=0.02 best_avg=-0.372905 best_move=1,6 leader=4 inc2=1 attack_w=0.2
DBG t=49 used=0.02 remain=0.894 turn_time=0.019519 end_in=0.019519 cand_pre=21 cand_cap=20 cand=21->20 pre=21 pick(must/bucket/top/rand)=1/7/8/4 depth0=10 depth=6 dlog=4 dper=0 sims=1940 loop=1920 gen_time=0 eval_time=0.02 best_avg=-0.304439 best_move=1,3 leader=2 inc2=1 attack_w=0.2
DBG t=61 used=0.019 remain=0.658 turn_time=0.0188964 end_in=0.0188964 cand_pre=20 cand_cap=20 cand=20->20 pre=20 pick(must/bucket/top/rand)=1/6/9/4 depth0=10 depth=6 dlog=4 dper=0 sims=1864 loop=1844 gen_time=0 eval_time=0.019 best_avg=-0.321616 best_move=3,3 leader=2 inc2=1 attack_w=0.2
DBG t=74 used=0.018 remain=0.414 turn_time=0.0177303 end_in=0.0177303 cand_pre=21 cand_cap=20 cand=21->20 pre=21 pick(must/bucket/top/rand)=1/5/10/4 depth0=11 depth=7 dlog=4 dper=0 sims=1476 loop=1456 gen_time=0 eval_time=0.018 best_avg=-0.465025 best_move=1,4 leader=6 inc2=1 attack_w=0.233291
DBG t=86 used=0.017 remain=0.202 turn_time=0.0160662 end_in=0.0160662 cand_pre=21 cand_cap=20 cand=21->20 pre=21 pick(must/bucket/top/rand)=1/5/10/4 depth0=11 depth=6 dlog=4 dper=0 sims=1504 loop=1484 gen_time=0 eval_time=0.017 best_avg=-0.407293 best_move=1,6 leader=6 inc2=1 attack_w=0.303282
DBG depth_guard t=99 remain=0.008 cand_pre=22 depth0=0 depth=0
DBG t=99 used=0.005 remain=0.008 turn_time=0.0048 end_in=0.0048 cand_pre=22 cand_cap=12 cand=22->12 pre=22 pick(must/bucket/top/rand)=1/5/4/2 depth0=0 depth=0 dlog=4 dper=5 sims=4224 loop=4212 gen_time=0 eval_time=0.005 best_avg=-0.377864 best_move=5,3 leader=6 inc2=1 attack_w=0.2
DBG summary depth_guard_fired=1
Score = 109282
=== CASE 0199.txt ===
DBG hdr N=10 M=2 T=100 U=4 VMAX=1844 TIME_LIMIT=1.94 MAX_CAND=20 UCB_C=0.21
DBG t=0 used=0.024 remain=1.94 turn_time=0.0236195 end_in=0.0236195 cand_pre=5 cand_cap=20 cand=5->5 pre=5 pick(must/bucket/top/rand)=1/2/2/0 depth0=7 depth=5 dlog=2 dper=0 sims=10341 loop=10336 gen_time=0 eval_time=0.024 best_avg=-2.40976 best_move=2,6 leader=1 inc2=1 attack_w=0.13
DBG t=12 used=0.022 remain=1.661 turn_time=0.0215081 end_in=0.0215081 cand_pre=17 cand_cap=20 cand=17->17 pre=17 pick(must/bucket/top/rand)=1/8/7/1 depth0=7 depth=4 dlog=3 dper=0 sims=10497 loop=10480 gen_time=0 eval_time=0.022 best_avg=-2.32734 best_move=1,7 leader=1 inc2=1 attack_w=0.2
DBG t=24 used=0.02 remain=1.404 turn_time=0.0197299 end_in=0.0197299 cand_pre=28 cand_cap=20 cand=28->20 pre=28 pick(must/bucket/top/rand)=1/6/9/4 depth0=7 depth=2 dlog=4 dper=1 sims=13772 loop=13752 gen_time=0 eval_time=0.02 best_avg=-1.84992 best_move=3,5 leader=1 inc2=1 attack_w=0.2
DBG t=37 used=0.018 remain=1.152 turn_time=0.0175086 end_in=0.0175086 cand_pre=45 cand_cap=20 cand=45->20 pre=45 pick(must/bucket/top/rand)=1/7/8/4 depth0=10 depth=2 dlog=5 dper=3 sims=10104 loop=10084 gen_time=0 eval_time=0.018 best_avg=-1.17066 best_move=1,3 leader=1 inc2=1 attack_w=0.2
DBG t=49 used=0.019 remain=0.915 turn_time=0.0186947 end_in=0.0186947 cand_pre=32 cand_cap=20 cand=32->20 pre=32 pick(must/bucket/top/rand)=1/6/9/4 depth0=10 depth=5 dlog=4 dper=1 sims=3632 loop=3612 gen_time=0 eval_time=0.019 best_avg=-1.67912 best_move=2,7 leader=1 inc2=1 attack_w=0.2
DBG t=61 used=0.018 remain=0.704 turn_time=0.0174014 end_in=0.0174014 cand_pre=44 cand_cap=20 cand=44->20 pre=44 pick(must/bucket/top/rand)=1/8/7/4 depth0=10 depth=2 dlog=5 dper=3 sims=9632 loop=9612 gen_time=0 eval_time=0.018 best_avg=-1.33245 best_move=3,8 leader=1 inc2=1 attack_w=0.2
DBG t=74 used=0.017 remain=0.477 turn_time=0.0168509 end_in=0.0168509 cand_pre=51 cand_cap=20 cand=51->20 pre=51 pick(must/bucket/top/rand)=1/8/7/4 depth0=11 depth=3 dlog=5 dper=3 sims=4928 loop=4908 gen_time=0 eval_time=0.017 best_avg=-1.32924 best_move=4,7 leader=1 inc2=1 attack_w=0.2
DBG t=86 used=0.018 remain=0.266 turn_time=0.017081 end_in=0.017081 cand_pre=54 cand_cap=20 cand=54->20 pre=54 pick(must/bucket/top/rand)=1/8/7/4 depth0=11 depth=3 dlog=5 dper=3 sims=5824 loop=5804 gen_time=0 eval_time=0.018 best_avg=-1.13683 best_move=4,7 leader=1 inc2=1 attack_w=0.2
DBG t=99 used=0.015 remain=0.024 turn_time=0.0144 end_in=0.0144 cand_pre=55 cand_cap=20 cand=55->20 pre=55 pick(must/bucket/top/rand)=1/8/7/4 depth0=0 depth=0 dlog=5 dper=4 sims=43632 loop=43612 gen_time=0 eval_time=0.015 best_avg=-0.600596 best_move=5,3 leader=1 inc2=1 attack_w=0.2
DBG summary depth_guard_fired=0
Score = 333084
=== CASE 0198.txt ===
DBG hdr N=10 M=8 T=100 U=4 VMAX=1359 TIME_LIMIT=1.94 MAX_CAND=20 UCB_C=0.21
DBG t=0 used=0.024 remain=1.94 turn_time=0.0236195 end_in=0.0236195 cand_pre=5 cand_cap=20 cand=5->5 pre=5 pick(must/bucket/top/rand)=1/2/2/0 depth0=7 depth=5 dlog=2 dper=0 sims=4849 loop=4844 gen_time=0 eval_time=0.024 best_avg=-0.591394 best_move=6,7 leader=4 inc2=1 attack_w=0.85
DBG t=12 used=0.022 remain=1.66 turn_time=0.0219856 end_in=0.0219856 cand_pre=13 cand_cap=20 cand=13->13 pre=13 pick(must/bucket/top/rand)=1/4/8/0 depth0=7 depth=4 dlog=3 dper=0 sims=2989 loop=2976 gen_time=0 eval_time=0.022 best_avg=-0.670148 best_move=6,6 leader=4 inc2=1 attack_w=0.691508
DBG t=24 used=0.022 remain=1.397 turn_time=0.0210653 end_in=0.0210653 cand_pre=16 cand_cap=20 cand=16->16 pre=16 pick(must/bucket/top/rand)=1/6/9/0 depth0=7 depth=4 dlog=3 dper=0 sims=2488 loop=2472 gen_time=0 eval_time=0.022 best_avg=-0.57406 best_move=6,6 leader=5 inc2=1 attack_w=0.464236
DBG t=37 used=0.02 remain=1.12 turn_time=0.0197956 end_in=0.0197956 cand_pre=21 cand_cap=20 cand=21->20 pre=21 pick(must/bucket/top/rand)=1/6/9/4 depth0=10 depth=6 dlog=4 dper=0 sims=1616 loop=1596 gen_time=0 eval_time=0.02 best_avg=-0.469301 best_move=6,6 leader=1 inc2=1 attack_w=0.462823
DBG t=49 used=0.019 remain=0.88 turn_time=0.018989 end_in=0.018989 cand_pre=23 cand_cap=20 cand=23->20 pre=23 pick(must/bucket/top/rand)=1/7/8/4 depth0=10 depth=6 dlog=4 dper=0 sims=1440 loop=1420 gen_time=0 eval_time=0.019 best_avg=-0.49807 best_move=4,8 leader=1 inc2=1 attack_w=0.425196
DBG t=61 used=0.019 remain=0.651 turn_time=0.0182614 end_in=0.0182614 cand_pre=24 cand_cap=20 cand=24->20 pre=24 pick(must/bucket/top/rand)=1/6/9/4 depth0=10 depth=6 dlog=4 dper=0 sims=1532 loop=1512 gen_time=0 eval_time=0.019 best_avg=-0.579584 best_move=4,7 leader=1 inc2=1 attack_w=0.498687
DBG t=74 used=0.02 remain=0.41 turn_time=0.019404 end_in=0.019404 cand_pre=3 cand_cap=20 cand=3->3 pre=3 pick(must/bucket/top/rand)=1/1/1/0 depth0=11 depth=10 dlog=1 dper=0 sims=995 loop=992 gen_time=0 eval_time=0.02 best_avg=-0.606717 best_move=9,5 leader=1 inc2=1 attack_w=0.674598
DBG t=86 used=0.017 remain=0.188 turn_time=0.0160001 end_in=0.0160001 cand_pre=9 cand_cap=20 cand=9->9 pre=9 pick(must/bucket/top/rand)=1/2/6/0 depth0=11 depth=6 dlog=3 dper=0 sims=1349 loop=1340 gen_time=0 eval_time=0.017 best_avg=-0.58115 best_move=8,4 leader=1 inc2=1 attack_w=0.622528
DBG depth_guard t=98 remain=0.016 cand_pre=12 depth0=1 depth=0
DBG depth_guard t=99 remain=0.006 cand_pre=13 depth0=0 depth=0
DBG t=99 used=0.004 remain=0.006 turn_time=0.0036 end_in=0.0036 cand_pre=13 cand_cap=12 cand=13->12 pre=13 pick(must/bucket/top/rand)=1/3/6/2 depth0=0 depth=0 dlog=3 dper=4 sims=3252 loop=3240 gen_time=0 eval_time=0.004 best_avg=-0.543254 best_move=9,1 leader=1 inc2=1 attack_w=0.56765
DBG summary depth_guard_fired=2
Score = 92959
