# tester_exe: target/release/tester
# solver: ./a.out
# cmd: target/release/tester ./a.out
# cases: 200
# harness_timeout_sec: 120
# max_workers: 6

=== CASE 0000.txt ===
cmd=target/release/tester ./a.out
returncode=0 timed_out=0 elapsed_sec=2.358236
score=135815.0
--- stdout ---
8 3
8 4
9 3
8 4
7 4
9 3
8 2
7 4
8 2
7 3
8 5
8 4
9 2
8 5
8 6
7 6
7 4
7 6
7 6
9 2
6 4
7 3
7 3
8 5
7 5
7 5
7 4
7 5
8 3
6 5
6 5
7 7
5 5
5 5
6 4
7 7
6 6
6 7
6 5
4 5
5 5
4 5
4 5
3 5
9 2
4 4
9 2
6 4
3 5
3 5
5 4
9 2
3 6
4 4
6 4
4 4
9 2
3 6
2 6
3 7
2 5
1 5
2 4
4 5
2 4
7 4
9 2
4 3
4 6
5 7
2 4
5 7
4 6
3 8
6 3
7 3
7 3
9 6
2 4
3 4
5 4
9 2
4 6
9 1
4 4
2 3
9 1
8 2
8 1
9 2
8 2
8 2
3 4
8 1
8 2
8 2
7 3
9 0
9 0
2 3
--- stderr ---
DBG hdr N=10 M=4 T=100 U=2 VMAX=1656 TIME_LIMIT=1.94 MAX_CAND=20 UCB_C=0.21
DBG t=0 used=0.02 remain=1.94 turn_time=0.0194 end_in=0.0194 depth=7 dec=0 cand_cap=20 cand=5->5 pick(must/top/rand)=3/2/0 sims=3869 loop=3864 best_avg=-1.24121 leader=1 inc2=1 attack_w=1
DBG t=12 used=0.02 remain=1.7 turn_time=0.0193182 end_in=0.0193182 depth=7 dec=0 cand_cap=20 cand=15->15 pick(must/top/rand)=7/8/0 sims=2639 loop=2624 best_avg=-1.43201 leader=1 inc2=1 attack_w=0.960878
DBG t=24 used=0.02 remain=1.46 turn_time=0.0192105 end_in=0.0192105 depth=7 dec=0 cand_cap=20 cand=18->18 pick(must/top/rand)=7/9/2 sims=2218 loop=2200 best_avg=-1.69885 leader=3 inc2=1 attack_w=1
DBG t=37 used=0.02 remain=1.2 turn_time=0.0190476 end_in=0.0190476 depth=10 dec=0 cand_cap=20 cand=24->20 pick(must/top/rand)=6/10/4 sims=1352 loop=1332 best_avg=-1.5648 leader=3 inc2=1 attack_w=1
DBG t=49 used=0.019 remain=0.968 turn_time=0.0189804 end_in=0.0189804 depth=10 dec=0 cand_cap=20 cand=34->20 pick(must/top/rand)=9/7/4 sims=1312 loop=1292 best_avg=-1.08153 leader=1 inc2=1 attack_w=0.771421
DBG t=61 used=0.019 remain=0.737 turn_time=0.0188974 end_in=0.0188974 depth=10 dec=0 cand_cap=20 cand=43->20 pick(must/top/rand)=9/7/4 sims=1080 loop=1060 best_avg=-0.885964 leader=1 inc2=1 attack_w=0.25
DBG t=74 used=0.019 remain=0.49 turn_time=0.0188462 end_in=0.0188462 depth=11 dec=0 cand_cap=20 cand=50->20 pick(must/top/rand)=7/9/4 sims=1096 loop=1076 best_avg=-0.86917 leader=1 inc2=0 attack_w=0.25
DBG t=86 used=0.019 remain=0.262 turn_time=0.0187143 end_in=0.0187143 depth=11 dec=0 cand_cap=20 cand=51->20 pick(must/top/rand)=8/8/4 sims=1020 loop=1000 best_avg=-0.755341 leader=1 inc2=0 attack_w=0.25
DBG t=99 used=0.017 remain=0.017 turn_time=0.017 end_in=0.016 depth=0 dec=1 cand_cap=20 cand=51->20 pick(must/top/rand)=8/8/4 sims=26736 loop=26716 best_avg=-0.59653 leader=3 inc2=1 attack_w=0.25
DBG summary depth_safety_fired=5
Score = 135815

=== CASE 0005.txt ===
cmd=target/release/tester ./a.out
returncode=0 timed_out=0 elapsed_sec=2.356825
score=103797.0
--- stdout ---
1 9
2 9
3 9
3 9
3 9
3 9
2 9
4 9
4 9
4 9
4 9
2 9
5 9
5 8
5 8
6 9
7 9
2 9
8 9
8 9
8 9
8 9
8 8
8 7
2 9
8 7
1 9
8 7
8 7
2 9
8 6
4 8
9 6
2 9
8 6
8 6
5 7
5 7
9 8
2 9
7 7
9 8
2 9
9 6
9 6
9 8
9 8
2 9
9 6
9 7
9 9
9 7
8 6
7 8
9 7
9 7
2 9
7 7
7 7
5 9
2 9
5 8
7 7
4 8
7 7
7 7
3 9
3 8
9 5
7 7
2 9
5 9
4 8
7 7
5 8
4 8
7 7
5 8
3 8
9 4
9 4
6 8
7 7
3 9
8 4
7 7
3 8
3 8
8 3
8 3
4 8
2 9
7 7
2 9
2 9
8 3
8 3
5 7
7 7
5 7
--- stderr ---
DBG hdr N=10 M=5 T=100 U=4 VMAX=1648 TIME_LIMIT=1.94 MAX_CAND=20 UCB_C=0.21
DBG t=0 used=0.02 remain=1.94 turn_time=0.0194 end_in=0.0194 depth=7 dec=0 cand_cap=20 cand=3->3 pick(must/top/rand)=3/0/0 sims=3327 loop=3324 best_avg=-1.08065 leader=4 inc2=1 attack_w=1
DBG t=12 used=0.02 remain=1.699 turn_time=0.0193068 end_in=0.0193068 depth=7 dec=0 cand_cap=20 cand=10->10 pick(must/top/rand)=6/4/0 sims=2598 loop=2588 best_avg=-0.833321 leader=4 inc2=1 attack_w=0.25
DBG t=24 used=0.02 remain=1.459 turn_time=0.0191974 end_in=0.0191974 depth=7 dec=0 cand_cap=20 cand=21->20 pick(must/top/rand)=5/11/4 sims=2288 loop=2268 best_avg=-0.850524 leader=4 inc2=0 attack_w=0.49565
DBG t=37 used=0.02 remain=1.199 turn_time=0.0190317 end_in=0.0190317 depth=10 dec=0 cand_cap=20 cand=29->20 pick(must/top/rand)=5/11/4 sims=1360 loop=1340 best_avg=-0.837689 leader=4 inc2=0 attack_w=0.277345
DBG t=49 used=0.019 remain=0.968 turn_time=0.0189804 end_in=0.0189804 depth=10 dec=0 cand_cap=20 cand=29->20 pick(must/top/rand)=5/11/4 sims=1220 loop=1200 best_avg=-0.877734 leader=4 inc2=0 attack_w=0.536412
DBG t=61 used=0.019 remain=0.722 turn_time=0.0185128 end_in=0.0185128 depth=10 dec=0 cand_cap=20 cand=28->20 pick(must/top/rand)=5/11/4 sims=1164 loop=1144 best_avg=-0.841537 leader=4 inc2=0 attack_w=0.52262
DBG t=74 used=0.019 remain=0.475 turn_time=0.0182692 end_in=0.0182692 depth=11 dec=0 cand_cap=20 cand=30->20 pick(must/top/rand)=5/11/4 sims=1112 loop=1092 best_avg=-0.829169 leader=4 inc2=0 attack_w=0.332637
DBG t=86 used=0.018 remain=0.251 turn_time=0.0179286 end_in=0.0179286 depth=10 dec=1 cand_cap=20 cand=35->20 pick(must/top/rand)=6/10/4 sims=1096 loop=1076 best_avg=-0.827646 leader=4 inc2=0 attack_w=0.343911
DBG t=99 used=0.015 remain=0.015 turn_time=0.015 end_in=0.014 depth=0 dec=2 cand_cap=20 cand=37->20 pick(must/top/rand)=7/9/4 sims=15372 loop=15352 best_avg=-0.792727 leader=4 inc2=0 attack_w=0.364383
DBG summary depth_safety_fired=19
Score = 103797

=== CASE 0002.txt ===
cmd=target/release/tester ./a.out
returncode=0 timed_out=0 elapsed_sec=2.358304
score=87155.0
--- stdout ---
2 2
2 1
3 1
4 1
4 1
2 0
2 0
2 0
2 0
2 0
4 1
4 0
5 1
4 0
2 1
6 1
6 2
6 1
6 1
6 1
6 1
6 2
4 2
4 0
4 0
6 2
5 1
5 2
5 1
6 1
5 3
4 2
5 1
4 1
5 3
5 4
5 5
6 4
6 3
5 6
5 7
5 8
5 8
6 3
4 4
4 8
6 8
4 9
5 8
6 9
6 9
6 9
4 6
6 9
6 9
4 8
4 5
5 9
5 9
5 9
4 8
5 8
6 8
5 8
4 8
6 8
5 8
6 8
6 8
6 7
5 8
5 9
5 8
5 8
5 8
5 7
7 7
5 9
5 7
5 7
5 7
6 6
5 7
4 7
5 7
5 7
4 7
4 7
6 7
5 6
6 6
7 7
7 7
4 7
7 7
4 7
7 7
5 8
6 6
5 5
--- stderr ---
DBG hdr N=10 M=5 T=100 U=5 VMAX=1973 TIME_LIMIT=1.94 MAX_CAND=20 UCB_C=0.21
DBG t=0 used=0.02 remain=1.94 turn_time=0.0194 end_in=0.0194 depth=7 dec=0 cand_cap=20 cand=4->4 pick(must/top/rand)=3/1/0 sims=3560 loop=3556 best_avg=-1.20779 leader=2 inc2=1 attack_w=1
DBG t=12 used=0.02 remain=1.7 turn_time=0.0193182 end_in=0.0193182 depth=7 dec=0 cand_cap=20 cand=8->8 pick(must/top/rand)=7/1/0 sims=2760 loop=2752 best_avg=-1.40115 leader=4 inc2=1 attack_w=1
DBG t=24 used=0.02 remain=1.46 turn_time=0.0192105 end_in=0.0192105 depth=7 dec=0 cand_cap=20 cand=14->14 pick(must/top/rand)=7/7/0 sims=2462 loop=2448 best_avg=-1.36655 leader=3 inc2=1 attack_w=1
DBG t=37 used=0.02 remain=1.2 turn_time=0.0190476 end_in=0.0190476 depth=10 dec=0 cand_cap=20 cand=7->7 pick(must/top/rand)=7/0/0 sims=1503 loop=1496 best_avg=-1.24943 leader=3 inc2=1 attack_w=1
DBG t=49 used=0.019 remain=0.968 turn_time=0.0189804 end_in=0.0189804 depth=10 dec=0 cand_cap=20 cand=27->20 pick(must/top/rand)=7/9/4 sims=1248 loop=1228 best_avg=-1.10377 leader=2 inc2=1 attack_w=1
DBG t=61 used=0.019 remain=0.737 turn_time=0.0188974 end_in=0.0188974 depth=10 dec=0 cand_cap=20 cand=11->11 pick(must/top/rand)=8/3/0 sims=1183 loop=1172 best_avg=-1.08916 leader=2 inc2=1 attack_w=1
DBG t=74 used=0.019 remain=0.49 turn_time=0.0188462 end_in=0.0188462 depth=11 dec=0 cand_cap=20 cand=11->11 pick(must/top/rand)=7/4/0 sims=1107 loop=1096 best_avg=-1.10888 leader=2 inc2=0 attack_w=1
DBG t=86 used=0.019 remain=0.262 turn_time=0.0187143 end_in=0.0187143 depth=11 dec=0 cand_cap=20 cand=17->17 pick(must/top/rand)=7/9/1 sims=1133 loop=1116 best_avg=-1.11224 leader=2 inc2=0 attack_w=1
DBG t=99 used=0.016 remain=0.016 turn_time=0.016 end_in=0.015 depth=0 dec=1 cand_cap=20 cand=19->19 pick(must/top/rand)=7/9/3 sims=16267 loop=16248 best_avg=-1.04523 leader=2 inc2=0 attack_w=1
DBG summary depth_safety_fired=5
Score = 87155

=== CASE 0001.txt ===
cmd=target/release/tester ./a.out
returncode=0 timed_out=0 elapsed_sec=2.358506
score=104263.0
--- stdout ---
3 3
3 3
4 3
3 3
4 3
4 4
4 3
4 4
4 4
5 4
5 4
5 4
4 2
4 2
4 2
5 4
5 2
5 4
3 4
5 4
5 2
4 4
4 5
4 2
4 2
5 2
6 2
6 2
6 3
6 2
4 2
7 2
6 1
7 2
4 2
3 3
3 3
6 2
4 2
4 3
5 4
4 2
4 3
3 3
4 2
7 2
3 3
4 2
4 2
3 3
6 1
5 1
5 1
4 2
3 3
5 1
6 0
4 2
3 3
7 0
4 2
3 3
4 5
4 2
3 3
4 6
4 2
4 5
3 3
4 2
3 3
5 1
4 2
4 2
6 1
7 1
8 1
5 1
4 2
3 3
4 6
7 3
4 2
9 1
8 3
9 3
9 4
9 5
7 3
7 4
7 3
5 2
8 0
9 5
6 2
6 2
9 6
5 2
5 2
5 1
--- stderr ---
DBG hdr N=10 M=5 T=100 U=4 VMAX=1609 TIME_LIMIT=1.94 MAX_CAND=20 UCB_C=0.21
DBG t=0 used=0.02 remain=1.94 turn_time=0.0194 end_in=0.0194 depth=7 dec=0 cand_cap=20 cand=5->5 pick(must/top/rand)=3/2/0 sims=3225 loop=3220 best_avg=-0.745629 leader=4 inc2=1 attack_w=0.15
DBG t=12 used=0.02 remain=1.7 turn_time=0.0193182 end_in=0.0193182 depth=7 dec=0 cand_cap=20 cand=11->11 pick(must/top/rand)=6/5/0 sims=2631 loop=2620 best_avg=-0.448506 leader=4 inc2=0 attack_w=0.390352
DBG t=24 used=0.02 remain=1.46 turn_time=0.0192105 end_in=0.0192105 depth=7 dec=0 cand_cap=20 cand=17->17 pick(must/top/rand)=8/8/1 sims=2089 loop=2072 best_avg=-0.703731 leader=3 inc2=1 attack_w=0.25
DBG t=37 used=0.02 remain=1.2 turn_time=0.0190476 end_in=0.0190476 depth=10 dec=0 cand_cap=20 cand=26->20 pick(must/top/rand)=9/7/4 sims=1316 loop=1296 best_avg=-0.639516 leader=4 inc2=1 attack_w=0.25
DBG t=49 used=0.019 remain=0.968 turn_time=0.0189804 end_in=0.0189804 depth=10 dec=0 cand_cap=20 cand=26->20 pick(must/top/rand)=9/7/4 sims=1180 loop=1160 best_avg=-0.770269 leader=1 inc2=1 attack_w=0.318576
DBG t=61 used=0.019 remain=0.738 turn_time=0.0189231 end_in=0.0189231 depth=10 dec=0 cand_cap=20 cand=29->20 pick(must/top/rand)=9/7/4 sims=1280 loop=1260 best_avg=-0.773807 leader=1 inc2=1 attack_w=0.452024
DBG t=74 used=0.019 remain=0.491 turn_time=0.0188846 end_in=0.0188846 depth=11 dec=0 cand_cap=20 cand=29->20 pick(must/top/rand)=9/7/4 sims=1080 loop=1060 best_avg=-0.917724 leader=4 inc2=1 attack_w=0.759646
DBG t=86 used=0.019 remain=0.263 turn_time=0.0187857 end_in=0.0187857 depth=11 dec=0 cand_cap=20 cand=7->7 pick(must/top/rand)=5/2/0 sims=1159 loop=1152 best_avg=-0.95277 leader=1 inc2=1 attack_w=0.51679
DBG t=99 used=0.016 remain=0.016 turn_time=0.016 end_in=0.015 depth=0 dec=1 cand_cap=20 cand=30->20 pick(must/top/rand)=7/9/4 sims=29608 loop=29588 best_avg=-0.73839 leader=4 inc2=1 attack_w=0.317154
DBG summary depth_safety_fired=5
Score = 104263

=== CASE 0003.txt ===
cmd=target/release/tester ./a.out
returncode=0 timed_out=0 elapsed_sec=2.358333
score=148169.0
--- stdout ---
7 4
7 5
7 4
7 4
7 4
7 6
7 6
7 6
7 6
7 6
7 5
7 5
7 5
8 4
8 3
9 3
9 3
9 3
9 3
9 3
8 3
6 6
6 7
6 8
7 8
5 7
7 8
6 8
5 8
5 7
6 8
9 2
5 7
6 9
7 8
7 8
5 9
5 8
5 8
5 8
5 8
4 9
3 9
2 9
2 9
1 9
0 9
1 9
7 8
2 8
4 8
2 7
2 7
7 8
7 8
0 8
2 7
4 8
4 8
0 7
5 8
0 6
2 6
0 6
1 7
1 6
1 6
0 6
7 9
1 6
1 6
1 6
1 6
7 9
9 2
7 8
1 6
1 8
1 6
1 8
7 8
6 6
0 6
7 9
4 8
1 6
7 8
7 9
7 8
6 5
1 8
6 4
5 6
6 4
1 5
7 9
5 8
5 8
1 5
2 5
--- stderr ---
DBG hdr N=10 M=4 T=100 U=5 VMAX=1503 TIME_LIMIT=1.94 MAX_CAND=20 UCB_C=0.21
DBG t=0 used=0.02 remain=1.94 turn_time=0.0194 end_in=0.0194 depth=7 dec=0 cand_cap=20 cand=5->5 pick(must/top/rand)=3/2/0 sims=4133 loop=4128 best_avg=-1.08907 leader=1 inc2=0 attack_w=0.18704
DBG t=12 used=0.02 remain=1.699 turn_time=0.0193068 end_in=0.0193068 depth=7 dec=0 cand_cap=20 cand=11->11 pick(must/top/rand)=4/7/0 sims=3243 loop=3232 best_avg=-1.01174 leader=1 inc2=0 attack_w=0.453965
DBG t=24 used=0.02 remain=1.459 turn_time=0.0191974 end_in=0.0191974 depth=7 dec=0 cand_cap=20 cand=23->20 pick(must/top/rand)=8/8/4 sims=2960 loop=2940 best_avg=-0.858396 leader=1 inc2=0 attack_w=0.25
DBG t=37 used=0.02 remain=1.199 turn_time=0.0190317 end_in=0.0190317 depth=10 dec=0 cand_cap=20 cand=28->20 pick(must/top/rand)=8/8/4 sims=1852 loop=1832 best_avg=-0.907671 leader=1 inc2=0 attack_w=0.25
DBG t=49 used=0.019 remain=0.968 turn_time=0.0189804 end_in=0.0189804 depth=10 dec=0 cand_cap=20 cand=37->20 pick(must/top/rand)=9/7/4 sims=1528 loop=1508 best_avg=-0.709506 leader=1 inc2=1 attack_w=0.25
DBG t=61 used=0.019 remain=0.736 turn_time=0.0188718 end_in=0.0188718 depth=10 dec=0 cand_cap=20 cand=44->20 pick(must/top/rand)=9/7/4 sims=1280 loop=1260 best_avg=-0.575173 leader=3 inc2=1 attack_w=0.25
DBG t=74 used=0.019 remain=0.489 turn_time=0.0188077 end_in=0.0188077 depth=11 dec=0 cand_cap=20 cand=48->20 pick(must/top/rand)=7/9/4 sims=1224 loop=1204 best_avg=-0.548284 leader=3 inc2=1 attack_w=0.25
DBG t=86 used=0.019 remain=0.261 turn_time=0.0186429 end_in=0.0186429 depth=11 dec=0 cand_cap=20 cand=49->20 pick(must/top/rand)=8/8/4 sims=1152 loop=1132 best_avg=-0.535831 leader=3 inc2=1 attack_w=0.25
DBG t=99 used=0.015 remain=0.015 turn_time=0.015 end_in=0.014 depth=0 dec=2 cand_cap=20 cand=52->20 pick(must/top/rand)=8/8/4 sims=23184 loop=23164 best_avg=-0.49109 leader=3 inc2=1 attack_w=0.25
DBG summary depth_safety_fired=6
Score = 148169

=== CASE 0004.txt ===
cmd=target/release/tester ./a.out
returncode=0 timed_out=0 elapsed_sec=2.358304
score=149394.0
--- stdout ---
6 6
7 6
7 5
8 5
8 4
8 5
8 3
8 2
8 2
7 2
8 3
9 3
7 3
9 4
8 2
9 3
8 4
8 1
7 6
7 5
8 1
9 4
9 1
7 1
8 2
8 4
7 2
7 5
9 2
8 3
7 4
8 0
8 3
7 2
7 2
9 5
9 5
6 5
7 2
7 5
6 6
6 5
6 5
8 2
7 0
8 0
7 1
7 1
7 6
7 0
7 5
9 2
6 6
8 2
8 6
8 6
7 0
8 2
9 1
9 0
9 0
7 0
9 4
7 0
6 0
5 0
8 1
5 0
7 1
5 1
4 1
8 1
4 0
4 1
4 1
3 1
8 1
4 2
5 1
5 2
6 1
6 0
6 1
9 1
5 0
8 1
4 2
3 1
4 2
3 0
3 1
4 2
4 2
3 2
5 2
4 2
4 2
7 2
7 2
5 3
--- stderr ---
DBG hdr N=10 M=7 T=100 U=2 VMAX=2345 TIME_LIMIT=1.94 MAX_CAND=20 UCB_C=0.21
DBG t=0 used=0.02 remain=1.94 turn_time=0.0194 end_in=0.0194 depth=7 dec=0 cand_cap=20 cand=5->5 pick(must/top/rand)=3/2/0 sims=2357 loop=2352 best_avg=-0.384162 leader=3 inc2=1 attack_w=0.27142
DBG t=12 used=0.02 remain=1.7 turn_time=0.0193182 end_in=0.0193182 depth=7 dec=0 cand_cap=20 cand=17->17 pick(must/top/rand)=8/8/1 sims=1589 loop=1572 best_avg=-0.214412 leader=3 inc2=1 attack_w=0.959747
DBG t=24 used=0.02 remain=1.46 turn_time=0.0192105 end_in=0.0192105 depth=7 dec=0 cand_cap=20 cand=7->7 pick(must/top/rand)=5/2/0 sims=1859 loop=1852 best_avg=-0.298656 leader=3 inc2=1 attack_w=0.25
DBG t=37 used=0.02 remain=1.2 turn_time=0.0190476 end_in=0.0190476 depth=10 dec=0 cand_cap=20 cand=22->20 pick(must/top/rand)=7/9/4 sims=1372 loop=1352 best_avg=-0.187492 leader=2 inc2=1 attack_w=0.25
DBG t=49 used=0.019 remain=0.968 turn_time=0.0189804 end_in=0.0189804 depth=10 dec=0 cand_cap=20 cand=22->20 pick(must/top/rand)=6/10/4 sims=1472 loop=1452 best_avg=-0.0680531 leader=4 inc2=1 attack_w=0.25
DBG t=61 used=0.019 remain=0.736 turn_time=0.0188718 end_in=0.0188718 depth=10 dec=0 cand_cap=20 cand=10->10 pick(must/top/rand)=2/8/0 sims=1314 loop=1304 best_avg=-0.0993877 leader=2 inc2=1 attack_w=0.25
DBG t=74 used=0.019 remain=0.489 turn_time=0.0188077 end_in=0.0188077 depth=11 dec=0 cand_cap=20 cand=16->16 pick(must/top/rand)=7/9/0 sims=1500 loop=1484 best_avg=-0.243631 leader=4 inc2=1 attack_w=0.25
DBG t=86 used=0.019 remain=0.261 turn_time=0.0186429 end_in=0.0186429 depth=11 dec=0 cand_cap=20 cand=19->19 pick(must/top/rand)=5/11/3 sims=1355 loop=1336 best_avg=-0.156343 leader=2 inc2=1 attack_w=0.25
DBG t=99 used=0.016 remain=0.016 turn_time=0.016 end_in=0.015 depth=0 dec=1 cand_cap=20 cand=20->20 pick(must/top/rand)=7/9/4 sims=23500 loop=23480 best_avg=-0.088459 leader=4 inc2=1 attack_w=0.25
DBG summary depth_safety_fired=6
Score = 149394

=== CASE 0007.txt ===
cmd=target/release/tester ./a.out
returncode=0 timed_out=0 elapsed_sec=1.954595
score=173309.0
--- stdout ---
4 5
3 5
4 5
5 5
5 4
6 4
7 4
6 4
7 4
7 5
5 4
7 5
7 3
5 4
7 3
7 2
7 1
5 4
7 2
7 1
7 0
7 1
8 1
8 3
8 4
8 3
9 1
9 3
8 4
9 3
6 3
9 2
7 6
9 0
9 1
8 2
6 3
7 6
8 6
8 7
8 7
6 3
8 2
9 6
9 2
9 6
9 6
8 1
9 7
8 7
8 7
8 8
6 2
9 7
9 7
8 7
8 8
8 8
9 8
8 9
6 3
8 9
6 4
6 6
9 4
9 0
5 6
8 9
9 0
5 5
9 4
8 6
7 2
5 5
7 3
7 4
8 5
8 5
5 5
5 6
5 7
6 4
8 2
6 4
6 5
5 6
4 7
6 5
4 7
5 6
5 7
9 5
4 6
3 7
3 7
3 7
8 3
4 5
8 0
8 0
--- stderr ---
DBG hdr N=10 M=7 T=100 U=2 VMAX=1467 TIME_LIMIT=1.94 MAX_CAND=20 UCB_C=0.21
DBG t=0 used=0.02 remain=1.94 turn_time=0.0194 end_in=0.0194 depth=7 dec=0 cand_cap=20 cand=5->5 pick(must/top/rand)=3/2/0 sims=2237 loop=2232 best_avg=-0.930307 leader=5 inc2=1 attack_w=1
DBG t=12 used=0.02 remain=1.7 turn_time=0.0193182 end_in=0.0193182 depth=7 dec=0 cand_cap=20 cand=13->13 pick(must/top/rand)=4/9/0 sims=1809 loop=1796 best_avg=-1.11375 leader=6 inc2=1 attack_w=1
DBG t=24 used=0.02 remain=1.46 turn_time=0.0192105 end_in=0.0192105 depth=7 dec=0 cand_cap=20 cand=19->19 pick(must/top/rand)=8/8/3 sims=1627 loop=1608 best_avg=-0.987135 leader=4 inc2=1 attack_w=1
DBG t=37 used=0.02 remain=1.2 turn_time=0.0190476 end_in=0.0190476 depth=10 dec=0 cand_cap=20 cand=28->20 pick(must/top/rand)=9/7/4 sims=1024 loop=1004 best_avg=-0.554732 leader=4 inc2=1 attack_w=1
DBG t=49 used=0.019 remain=0.967 turn_time=0.0189608 end_in=0.0189608 depth=10 dec=0 cand_cap=20 cand=30->20 pick(must/top/rand)=8/8/4 sims=968 loop=948 best_avg=-0.17785 leader=4 inc2=1 attack_w=0.25
DBG t=61 used=0.019 remain=0.739 turn_time=0.0189487 end_in=0.0189487 depth=10 dec=0 cand_cap=20 cand=35->20 pick(must/top/rand)=7/9/4 sims=1060 loop=1040 best_avg=-0.0170544 leader=5 inc2=1 attack_w=0.25
DBG t=74 used=0.019 remain=0.492 turn_time=0.0189231 end_in=0.0189231 depth=11 dec=0 cand_cap=20 cand=41->20 pick(must/top/rand)=7/9/4 sims=880 loop=860 best_avg=0.126515 leader=5 inc2=1 attack_w=0.25
DBG t=86 used=0.019 remain=0.264 turn_time=0.0188571 end_in=0.0188571 depth=11 dec=0 cand_cap=20 cand=40->20 pick(must/top/rand)=7/9/4 sims=880 loop=860 best_avg=0.120613 leader=5 inc2=1 attack_w=0.25
DBG t=99 used=0.017 remain=0.017 turn_time=0.017 end_in=0.016 depth=0 dec=1 cand_cap=20 cand=48->20 pick(must/top/rand)=8/8/4 sims=18728 loop=18708 best_avg=0.336553 leader=3 inc2=1 attack_w=0.25
DBG summary depth_safety_fired=1
Score = 173309

=== CASE 0008.txt ===
cmd=target/release/tester ./a.out
returncode=0 timed_out=0 elapsed_sec=1.953749
score=112834.0
--- stdout ---
8 6
7 6
7 6
7 7
6 7
6 8
6 8
5 8
5 9
4 9
6 7
4 9
7 5
6 5
5 5
4 5
3 9
3 9
4 5
5 6
4 6
5 5
9 6
4 5
4 6
9 7
4 6
4 4
9 7
5 7
7 5
4 4
4 4
4 5
4 7
4 7
4 6
7 5
4 7
4 6
4 6
4 5
3 9
5 4
4 6
5 5
3 9
6 9
4 6
5 6
3 9
3 9
5 9
8 5
5 4
7 8
4 6
7 6
4 6
8 6
4 7
4 9
7 7
9 6
4 6
9 5
3 4
6 4
6 8
3 3
3 5
3 5
3 2
6 8
3 2
5 8
3 2
3 1
6 8
4 1
5 8
3 3
3 1
4 4
7 9
2 3
3 1
4 3
9 4
9 4
9 4
4 3
4 6
4 4
9 3
4 2
4 6
7 8
4 2
5 8
--- stderr ---
DBG hdr N=10 M=4 T=100 U=2 VMAX=1885 TIME_LIMIT=1.94 MAX_CAND=20 UCB_C=0.21
DBG t=0 used=0.02 remain=1.94 turn_time=0.0194 end_in=0.0194 depth=7 dec=0 cand_cap=20 cand=5->5 pick(must/top/rand)=3/2/0 sims=3681 loop=3676 best_avg=-1.10255 leader=3 inc2=0 attack_w=0.15
DBG t=12 used=0.02 remain=1.7 turn_time=0.0193182 end_in=0.0193182 depth=7 dec=0 cand_cap=20 cand=20->20 pick(must/top/rand)=5/11/4 sims=2244 loop=2224 best_avg=-0.865524 leader=3 inc2=1 attack_w=0.25
DBG t=24 used=0.02 remain=1.46 turn_time=0.0192105 end_in=0.0192105 depth=7 dec=0 cand_cap=20 cand=33->20 pick(must/top/rand)=8/8/4 sims=1960 loop=1940 best_avg=-0.662887 leader=2 inc2=1 attack_w=0.25
DBG t=37 used=0.02 remain=1.2 turn_time=0.0190476 end_in=0.0190476 depth=10 dec=0 cand_cap=20 cand=37->20 pick(must/top/rand)=9/7/4 sims=1080 loop=1060 best_avg=-0.838994 leader=1 inc2=1 attack_w=0.25
DBG t=49 used=0.019 remain=0.966 turn_time=0.0189412 end_in=0.0189412 depth=10 dec=0 cand_cap=20 cand=38->20 pick(must/top/rand)=8/8/4 sims=1160 loop=1140 best_avg=-0.770927 leader=1 inc2=1 attack_w=0.25
DBG t=61 used=0.019 remain=0.738 turn_time=0.0189231 end_in=0.0189231 depth=10 dec=0 cand_cap=20 cand=39->20 pick(must/top/rand)=7/9/4 sims=1012 loop=992 best_avg=-0.856043 leader=2 inc2=1 attack_w=0.25
DBG t=74 used=0.019 remain=0.491 turn_time=0.0188846 end_in=0.0188846 depth=11 dec=0 cand_cap=20 cand=45->20 pick(must/top/rand)=9/7/4 sims=936 loop=916 best_avg=-0.901111 leader=1 inc2=1 attack_w=0.25
DBG t=86 used=0.019 remain=0.263 turn_time=0.0187857 end_in=0.0187857 depth=11 dec=0 cand_cap=20 cand=47->20 pick(must/top/rand)=7/9/4 sims=872 loop=852 best_avg=-1.09434 leader=1 inc2=0 attack_w=0.250018
DBG t=99 used=0.017 remain=0.017 turn_time=0.017 end_in=0.016 depth=0 dec=1 cand_cap=20 cand=51->20 pick(must/top/rand)=9/7/4 sims=21864 loop=21844 best_avg=-0.878216 leader=1 inc2=1 attack_w=0.25
DBG summary depth_safety_fired=2
Score = 112834

=== CASE 0006.txt ===
cmd=target/release/tester ./a.out
returncode=0 timed_out=0 elapsed_sec=1.955880
score=318583.0
--- stdout ---
3 0
3 1
2 0
1 0
3 2
3 3
3 4
2 4
2 1
0 0
4 4
4 5
4 6
4 7
4 8
3 8
5 8
2 8
6 8
5 7
1 8
1 9
7 8
5 6
6 9
5 9
7 9
7 8
8 8
6 8
8 7
9 8
7 7
6 8
9 9
8 9
7 9
7 7
9 7
7 6
6 9
7 5
5 8
2 9
8 5
8 4
8 3
8 2
7 3
6 3
9 3
6 2
6 1
6 0
6 6
6 4
5 7
4 7
5 6
3 1
2 2
2 2
3 0
4 0
5 0
2 3
3 3
4 3
2 4
6 0
5 2
3 4
2 4
5 1
2 5
2 6
2 4
3 4
4 4
1 7
5 4
3 2
2 4
2 5
3 5
3 4
2 7
2 6
6 7
4 4
6 3
6 4
4 8
4 3
3 8
2 8
5 6
5 7
4 7
2 8
--- stderr ---
DBG hdr N=10 M=2 T=100 U=1 VMAX=1434 TIME_LIMIT=1.94 MAX_CAND=20 UCB_C=0.21
DBG t=0 used=0.02 remain=1.94 turn_time=0.0194 end_in=0.0194 depth=7 dec=0 cand_cap=20 cand=4->4 pick(must/top/rand)=3/1/0 sims=5532 loop=5528 best_avg=-2.79898 leader=1 inc2=1 attack_w=1
DBG t=12 used=0.02 remain=1.7 turn_time=0.0193182 end_in=0.0193182 depth=7 dec=0 cand_cap=20 cand=27->20 pick(must/top/rand)=5/11/4 sims=3200 loop=3180 best_avg=-2.56437 leader=1 inc2=1 attack_w=0.25
DBG t=24 used=0.02 remain=1.46 turn_time=0.0192105 end_in=0.0192105 depth=7 dec=0 cand_cap=20 cand=50->20 pick(must/top/rand)=7/9/4 sims=2692 loop=2672 best_avg=-1.90288 leader=1 inc2=1 attack_w=0.25
DBG t=37 used=0.02 remain=1.2 turn_time=0.0190476 end_in=0.0190476 depth=10 dec=0 cand_cap=20 cand=14->14 pick(must/top/rand)=6/8/0 sims=1978 loop=1964 best_avg=-1.77686 leader=1 inc2=1 attack_w=0.25
DBG t=49 used=0.019 remain=0.967 turn_time=0.0189608 end_in=0.0189608 depth=10 dec=0 cand_cap=20 cand=48->20 pick(must/top/rand)=7/9/4 sims=1428 loop=1408 best_avg=-1.6617 leader=1 inc2=1 attack_w=0.25
DBG t=61 used=0.019 remain=0.739 turn_time=0.0189487 end_in=0.0189487 depth=10 dec=0 cand_cap=20 cand=10->10 pick(must/top/rand)=4/6/0 sims=1630 loop=1620 best_avg=-1.44188 leader=1 inc2=1 attack_w=0.25
DBG t=74 used=0.019 remain=0.492 turn_time=0.0189231 end_in=0.0189231 depth=11 dec=0 cand_cap=20 cand=35->20 pick(must/top/rand)=6/10/4 sims=1192 loop=1172 best_avg=-1.5384 leader=1 inc2=1 attack_w=0.25
DBG t=86 used=0.019 remain=0.264 turn_time=0.0188571 end_in=0.0188571 depth=11 dec=0 cand_cap=20 cand=89->20 pick(must/top/rand)=7/9/4 sims=976 loop=956 best_avg=-1.31242 leader=1 inc2=1 attack_w=0.25
DBG t=99 used=0.017 remain=0.017 turn_time=0.017 end_in=0.016 depth=0 dec=1 cand_cap=20 cand=87->20 pick(must/top/rand)=7/9/4 sims=50312 loop=50292 best_avg=-0.55565 leader=1 inc2=1 attack_w=0.25
DBG summary depth_safety_fired=1
Score = 318583

=== CASE 0009.txt ===
cmd=target/release/tester ./a.out
returncode=0 timed_out=0 elapsed_sec=1.952630
score=134071.0
--- stdout ---
9 3
9 3
9 3
9 3
9 3
8 3
8 2
8 1
7 1
7 0
6 1
7 0
6 1
7 1
7 1
6 1
7 1
5 1
6 1
7 1
8 2
8 2
5 2
7 0
6 1
5 0
5 1
5 0
5 0
5 0
7 0
5 0
5 1
4 2
8 2
5 0
4 3
7 0
7 0
5 0
5 1
5 1
7 2
9 4
5 0
6 2
9 4
9 4
8 3
5 0
8 2
8 3
5 0
6 3
8 1
6 3
5 0
7 3
6 4
5 0
7 3
8 0
8 3
5 0
8 1
8 1
5 0
6 1
9 1
5 0
6 1
6 1
9 0
5 0
5 1
6 1
6 0
6 1
5 0
9 0
7 0
6 0
5 0
6 1
6 1
7 0
9 0
8 3
5 0
9 4
9 0
9 0
5 0
8 1
8 0
5 0
5 1
4 0
8 0
5 0
--- stderr ---
DBG hdr N=10 M=8 T=100 U=5 VMAX=1485 TIME_LIMIT=1.94 MAX_CAND=20 UCB_C=0.21
DBG t=0 used=0.02 remain=1.94 turn_time=0.0194 end_in=0.0194 depth=7 dec=0 cand_cap=20 cand=4->4 pick(must/top/rand)=3/1/0 sims=2280 loop=2276 best_avg=-0.491135 leader=7 inc2=1 attack_w=1
DBG t=12 used=0.02 remain=1.7 turn_time=0.0193182 end_in=0.0193182 depth=7 dec=0 cand_cap=20 cand=17->17 pick(must/top/rand)=6/10/1 sims=1593 loop=1576 best_avg=-0.354713 leader=1 inc2=1 attack_w=0.271206
DBG t=24 used=0.02 remain=1.46 turn_time=0.0192105 end_in=0.0192105 depth=7 dec=0 cand_cap=20 cand=23->20 pick(must/top/rand)=9/7/4 sims=1500 loop=1480 best_avg=-0.0951419 leader=4 inc2=1 attack_w=0.25
DBG t=37 used=0.02 remain=1.2 turn_time=0.0190476 end_in=0.0190476 depth=10 dec=0 cand_cap=20 cand=28->20 pick(must/top/rand)=8/8/4 sims=872 loop=852 best_avg=0.00880429 leader=4 inc2=1 attack_w=0.25
DBG t=49 used=0.019 remain=0.968 turn_time=0.0189804 end_in=0.0189804 depth=10 dec=0 cand_cap=20 cand=27->20 pick(must/top/rand)=8/8/4 sims=904 loop=884 best_avg=-0.00372574 leader=4 inc2=1 attack_w=0.25
DBG t=61 used=0.019 remain=0.74 turn_time=0.0189744 end_in=0.0189744 depth=10 dec=0 cand_cap=20 cand=27->20 pick(must/top/rand)=8/8/4 sims=980 loop=960 best_avg=-0.117243 leader=2 inc2=1 attack_w=0.25
DBG t=74 used=0.019 remain=0.493 turn_time=0.0189615 end_in=0.0189615 depth=11 dec=0 cand_cap=20 cand=24->20 pick(must/top/rand)=6/10/4 sims=972 loop=952 best_avg=-0.148881 leader=4 inc2=1 attack_w=0.25
DBG t=86 used=0.019 remain=0.265 turn_time=0.0189286 end_in=0.0189286 depth=11 dec=0 cand_cap=20 cand=25->20 pick(must/top/rand)=6/10/4 sims=984 loop=964 best_avg=-0.0902005 leader=4 inc2=1 attack_w=0.25
DBG t=99 used=0.018 remain=0.018 turn_time=0.018 end_in=0.017 depth=0 dec=0 cand_cap=20 cand=25->20 pick(must/top/rand)=6/10/4 sims=16164 loop=16144 best_avg=-0.0425706 leader=4 inc2=1 attack_w=0.25
DBG summary depth_safety_fired=0
Score = 134071

=== CASE 0010.txt ===
cmd=target/release/tester ./a.out
returncode=0 timed_out=0 elapsed_sec=1.951725
score=171249.0
--- stdout ---
3 6
3 5
3 4
3 3
4 5
4 3
4 5
5 5
5 3
3 6
4 5
3 7
3 8
4 5
5 5
4 6
3 7
3 8
4 2
4 7
5 7
5 3
6 3
6 2
5 8
5 9
6 8
7 8
7 3
4 1
4 7
8 8
6 7
7 9
4 7
5 3
4 3
6 4
6 3
7 3
5 3
5 7
4 9
6 3
4 3
6 3
5 9
5 3
9 8
5 8
5 7
4 7
6 8
8 3
3 9
7 2
6 3
6 3
8 2
6 2
5 2
8 4
5 3
9 4
9 5
8 5
3 6
5 8
4 3
6 3
7 3
4 3
7 7
6 4
8 8
5 3
5 7
6 9
8 9
9 8
9 6
9 7
9 7
2 3
5 3
8 3
5 3
4 2
4 3
5 3
5 6
5 6
4 6
5 6
6 6
7 6
5 6
6 1
5 3
5 6
--- stderr ---
DBG hdr N=10 M=3 T=100 U=3 VMAX=1484 TIME_LIMIT=1.94 MAX_CAND=20 UCB_C=0.21
DBG t=0 used=0.02 remain=1.94 turn_time=0.0194 end_in=0.0194 depth=7 dec=0 cand_cap=20 cand=5->5 pick(must/top/rand)=3/2/0 sims=4561 loop=4556 best_avg=-1.48017 leader=1 inc2=1 attack_w=1
DBG t=12 used=0.02 remain=1.7 turn_time=0.0193182 end_in=0.0193182 depth=7 dec=0 cand_cap=20 cand=24->20 pick(must/top/rand)=7/9/4 sims=2804 loop=2784 best_avg=-1.48215 leader=1 inc2=1 attack_w=0.484978
DBG t=24 used=0.02 remain=1.46 turn_time=0.0192105 end_in=0.0192105 depth=7 dec=0 cand_cap=20 cand=36->20 pick(must/top/rand)=9/7/4 sims=2904 loop=2884 best_avg=-1.35086 leader=1 inc2=1 attack_w=0.259004
DBG t=37 used=0.02 remain=1.2 turn_time=0.0190476 end_in=0.0190476 depth=10 dec=0 cand_cap=20 cand=51->20 pick(must/top/rand)=9/7/4 sims=1632 loop=1612 best_avg=-1.12323 leader=2 inc2=1 attack_w=0.25
DBG t=49 used=0.019 remain=0.967 turn_time=0.0189608 end_in=0.0189608 depth=10 dec=0 cand_cap=20 cand=53->20 pick(must/top/rand)=9/7/4 sims=1552 loop=1532 best_avg=-1.06291 leader=1 inc2=1 attack_w=0.25
DBG t=61 used=0.019 remain=0.739 turn_time=0.0189487 end_in=0.0189487 depth=10 dec=0 cand_cap=20 cand=30->20 pick(must/top/rand)=8/8/4 sims=1600 loop=1580 best_avg=-0.940977 leader=1 inc2=1 attack_w=0.25
DBG t=74 used=0.019 remain=0.492 turn_time=0.0189231 end_in=0.0189231 depth=11 dec=0 cand_cap=20 cand=65->20 pick(must/top/rand)=9/7/4 sims=1212 loop=1192 best_avg=-0.775866 leader=1 inc2=1 attack_w=0.25
DBG t=86 used=0.019 remain=0.264 turn_time=0.0188571 end_in=0.0188571 depth=11 dec=0 cand_cap=20 cand=67->20 pick(must/top/rand)=9/7/4 sims=1248 loop=1228 best_avg=-0.83206 leader=2 inc2=1 attack_w=0.25
DBG t=99 used=0.017 remain=0.017 turn_time=0.017 end_in=0.016 depth=0 dec=1 cand_cap=20 cand=66->20 pick(must/top/rand)=9/7/4 sims=32624 loop=32604 best_avg=-0.722671 leader=2 inc2=1 attack_w=0.25
DBG summary depth_safety_fired=1
Score = 171249

=== CASE 0011.txt ===
cmd=target/release/tester ./a.out
returncode=0 timed_out=0 elapsed_sec=1.952009
score=176568.0
--- stdout ---
0 0
1 0
1 0
2 0
2 1
2 1
2 1
3 0
3 0
2 0
1 1
0 1
0 1
0 1
0 2
3 0
0 3
0 3
0 4
2 2
3 2
4 2
0 4
5 2
1 4
5 2
5 3
5 3
5 3
1 2
3 1
5 3
4 1
5 1
6 1
7 1
7 2
8 2
7 0
8 0
6 0
1 5
5 3
9 2
7 2
5 3
8 3
0 3
7 2
5 2
0 5
6 2
8 2
1 3
5 0
9 2
9 1
9 1
4 1
8 3
9 2
9 0
7 2
9 3
9 1
8 2
4 0
8 3
8 3
8 3
9 3
9 3
8 4
6 1
2 3
9 3
8 4
4 3
4 3
0 6
5 1
8 1
2 0
8 3
9 3
8 4
3 2
3 3
9 3
8 4
1 5
9 3
8 4
0 7
9 3
8 4
9 3
9 3
9 4
5 4
--- stderr ---
DBG hdr N=10 M=4 T=100 U=3 VMAX=1057 TIME_LIMIT=1.94 MAX_CAND=20 UCB_C=0.21
DBG t=0 used=0.02 remain=1.94 turn_time=0.0194 end_in=0.0194 depth=7 dec=0 cand_cap=20 cand=4->4 pick(must/top/rand)=3/1/0 sims=3464 loop=3460 best_avg=-0.933702 leader=1 inc2=1 attack_w=0.286689
DBG t=12 used=0.02 remain=1.7 turn_time=0.0193182 end_in=0.0193182 depth=7 dec=0 cand_cap=20 cand=12->12 pick(must/top/rand)=3/9/0 sims=2468 loop=2456 best_avg=-0.983616 leader=2 inc2=1 attack_w=0.586524
DBG t=24 used=0.02 remain=1.46 turn_time=0.0192105 end_in=0.0192105 depth=7 dec=0 cand_cap=20 cand=27->20 pick(must/top/rand)=7/9/4 sims=2128 loop=2108 best_avg=-0.824128 leader=1 inc2=1 attack_w=0.25
DBG t=37 used=0.02 remain=1.2 turn_time=0.0190476 end_in=0.0190476 depth=10 dec=0 cand_cap=20 cand=39->20 pick(must/top/rand)=7/9/4 sims=1456 loop=1436 best_avg=-0.540734 leader=1 inc2=1 attack_w=0.25
DBG t=49 used=0.019 remain=0.963 turn_time=0.0188824 end_in=0.0188824 depth=10 dec=0 cand_cap=20 cand=47->20 pick(must/top/rand)=9/7/4 sims=1164 loop=1144 best_avg=-0.611156 leader=1 inc2=1 attack_w=0.25
DBG t=61 used=0.019 remain=0.735 turn_time=0.0188462 end_in=0.0188462 depth=10 dec=0 cand_cap=20 cand=49->20 pick(must/top/rand)=7/9/4 sims=1208 loop=1188 best_avg=-0.319416 leader=3 inc2=1 attack_w=0.25
DBG t=74 used=0.019 remain=0.488 turn_time=0.0187692 end_in=0.0187692 depth=11 dec=0 cand_cap=20 cand=49->20 pick(must/top/rand)=6/10/4 sims=1088 loop=1068 best_avg=-0.282072 leader=3 inc2=0 attack_w=0.25
DBG t=86 used=0.019 remain=0.26 turn_time=0.0185714 end_in=0.0185714 depth=11 dec=0 cand_cap=20 cand=51->20 pick(must/top/rand)=6/10/4 sims=1028 loop=1008 best_avg=-0.298587 leader=3 inc2=1 attack_w=0.25
DBG t=99 used=0.017 remain=0.017 turn_time=0.017 end_in=0.016 depth=0 dec=1 cand_cap=20 cand=55->20 pick(must/top/rand)=8/8/4 sims=24120 loop=24100 best_avg=-0.166686 leader=3 inc2=1 attack_w=0.25
DBG summary depth_safety_fired=6
Score = 176568

=== CASE 0012.txt ===
cmd=target/release/tester ./a.out
returncode=0 timed_out=0 elapsed_sec=1.955156
score=153657.0
--- stdout ---
8 9
9 9
7 9
7 8
7 8
7 9
9 8
9 8
6 8
5 8
4 8
4 8
3 8
3 7
2 8
6 7
3 6
5 7
6 6
5 6
2 9
6 7
7 7
1 8
1 9
1 9
5 5
0 8
7 6
7 5
6 6
8 6
2 7
7 4
3 6
5 4
4 4
4 3
3 3
3 2
2 2
2 1
6 4
5 3
0 7
1 2
1 9
6 3
6 2
8 4
0 7
1 3
0 2
8 3
6 3
3 3
8 2
9 6
9 3
8 1
1 9
4 6
1 1
5 5
8 7
5 2
7 4
7 2
6 4
2 3
3 1
0 1
4 1
4 0
2 4
9 1
3 4
5 1
5 4
1 0
3 1
9 2
0 3
4 5
2 5
2 0
9 0
1 8
1 9
4 2
0 4
7 2
3 0
5 0
0 5
6 0
1 3
7 4
3 4
4 3
--- stderr ---
DBG hdr N=10 M=3 T=100 U=2 VMAX=1321 TIME_LIMIT=1.94 MAX_CAND=20 UCB_C=0.21
DBG t=0 used=0.02 remain=1.94 turn_time=0.0194 end_in=0.0194 depth=7 dec=0 cand_cap=20 cand=3->3 pick(must/top/rand)=3/0/0 sims=4303 loop=4300 best_avg=-1.39395 leader=1 inc2=1 attack_w=0.317234
DBG t=12 used=0.02 remain=1.7 turn_time=0.0193182 end_in=0.0193182 depth=7 dec=0 cand_cap=20 cand=17->17 pick(must/top/rand)=5/11/1 sims=2577 loop=2560 best_avg=-1.61009 leader=2 inc2=1 attack_w=0.618998
DBG t=24 used=0.02 remain=1.46 turn_time=0.0192105 end_in=0.0192105 depth=7 dec=0 cand_cap=20 cand=37->20 pick(must/top/rand)=9/7/4 sims=1712 loop=1692 best_avg=-1.33614 leader=2 inc2=1 attack_w=0.313623
DBG t=37 used=0.019 remain=1.196 turn_time=0.0189841 end_in=0.0189841 depth=10 dec=0 cand_cap=20 cand=52->20 pick(must/top/rand)=9/7/4 sims=904 loop=884 best_avg=-1.28411 leader=2 inc2=1 attack_w=0.25
DBG t=49 used=0.019 remain=0.968 turn_time=0.0189804 end_in=0.0189804 depth=10 dec=0 cand_cap=20 cand=70->20 pick(must/top/rand)=9/7/4 sims=772 loop=752 best_avg=-1.26173 leader=1 inc2=1 attack_w=0.25
DBG t=61 used=0.019 remain=0.74 turn_time=0.0189744 end_in=0.0189744 depth=10 dec=0 cand_cap=20 cand=79->20 pick(must/top/rand)=9/7/4 sims=876 loop=856 best_avg=-1.27723 leader=2 inc2=1 attack_w=0.25
DBG t=74 used=0.019 remain=0.493 turn_time=0.0189615 end_in=0.0189615 depth=11 dec=0 cand_cap=20 cand=51->20 pick(must/top/rand)=7/9/4 sims=812 loop=792 best_avg=-1.42149 leader=2 inc2=1 attack_w=0.25
DBG t=86 used=0.019 remain=0.264 turn_time=0.0188571 end_in=0.0188571 depth=11 dec=0 cand_cap=20 cand=77->20 pick(must/top/rand)=7/9/4 sims=852 loop=832 best_avg=-1.18336 leader=1 inc2=1 attack_w=0.25
DBG t=99 used=0.017 remain=0.017 turn_time=0.017 end_in=0.016 depth=0 dec=1 cand_cap=20 cand=59->20 pick(must/top/rand)=7/9/4 sims=32100 loop=32080 best_avg=-0.941598 leader=1 inc2=1 attack_w=0.25
DBG summary depth_safety_fired=1
Score = 153657

=== CASE 0013.txt ===
cmd=target/release/tester ./a.out
returncode=0 timed_out=0 elapsed_sec=1.953940
score=350365.0
--- stdout ---
9 1
9 2
9 3
9 4
9 5
8 5
8 6
7 6
7 5
7 7
8 7
7 8
6 8
5 8
5 7
7 9
8 8
8 7
6 7
9 7
9 8
5 6
8 7
7 6
6 6
7 7
6 7
7 5
7 4
5 5
6 5
4 5
7 3
5 4
4 4
4 5
3 5
4 7
4 7
4 7
4 7
3 6
6 4
4 6
3 7
6 3
4 7
6 9
4 8
5 8
5 7
6 7
4 9
7 7
4 3
6 7
8 7
5 7
7 7
7 6
8 7
2 6
7 4
7 5
6 4
7 6
2 7
8 6
1 7
5 4
4 3
3 3
3 2
6 3
6 4
5 3
3 1
3 0
3 0
4 1
5 1
3 0
8 9
5 0
8 4
7 2
4 0
7 1
6 1
8 3
8 4
7 3
7 4
7 5
7 6
8 6
8 5
9 5
7 5
7 6
--- stderr ---
DBG hdr N=10 M=2 T=100 U=1 VMAX=2489 TIME_LIMIT=1.94 MAX_CAND=20 UCB_C=0.21
DBG t=0 used=0.02 remain=1.94 turn_time=0.0194 end_in=0.0194 depth=7 dec=0 cand_cap=20 cand=3->3 pick(must/top/rand)=3/0/0 sims=5235 loop=5232 best_avg=-3.47514 leader=1 inc2=1 attack_w=1
DBG t=12 used=0.02 remain=1.7 turn_time=0.0193182 end_in=0.0193182 depth=7 dec=0 cand_cap=20 cand=4->4 pick(must/top/rand)=3/1/0 sims=3940 loop=3936 best_avg=-2.43196 leader=1 inc2=1 attack_w=0.25
DBG t=24 used=0.02 remain=1.459 turn_time=0.0191974 end_in=0.0191974 depth=7 dec=0 cand_cap=20 cand=37->20 pick(must/top/rand)=7/9/4 sims=3344 loop=3324 best_avg=-2.09531 leader=1 inc2=1 attack_w=0.25
DBG t=37 used=0.019 remain=1.196 turn_time=0.0189841 end_in=0.0189841 depth=10 dec=0 cand_cap=20 cand=52->20 pick(must/top/rand)=7/9/4 sims=1540 loop=1520 best_avg=-2.01862 leader=1 inc2=1 attack_w=0.25
DBG t=49 used=0.019 remain=0.968 turn_time=0.0189804 end_in=0.0189804 depth=10 dec=0 cand_cap=20 cand=57->20 pick(must/top/rand)=6/10/4 sims=1404 loop=1384 best_avg=-2.03038 leader=1 inc2=1 attack_w=0.25
DBG t=61 used=0.019 remain=0.74 turn_time=0.0189744 end_in=0.0189744 depth=10 dec=0 cand_cap=20 cand=49->20 pick(must/top/rand)=5/11/4 sims=1236 loop=1216 best_avg=-1.83947 leader=1 inc2=1 attack_w=0.25
DBG t=74 used=0.019 remain=0.493 turn_time=0.0189615 end_in=0.0189615 depth=11 dec=0 cand_cap=20 cand=70->20 pick(must/top/rand)=7/9/4 sims=1076 loop=1056 best_avg=-1.18042 leader=1 inc2=1 attack_w=0.25
DBG t=86 used=0.019 remain=0.265 turn_time=0.0189286 end_in=0.0189286 depth=11 dec=0 cand_cap=20 cand=80->20 pick(must/top/rand)=7/9/4 sims=948 loop=928 best_avg=-1.49771 leader=1 inc2=1 attack_w=0.25
DBG t=99 used=0.018 remain=0.018 turn_time=0.018 end_in=0.017 depth=0 dec=0 cand_cap=20 cand=78->20 pick(must/top/rand)=5/11/4 sims=61272 loop=61252 best_avg=-0.253364 leader=1 inc2=1 attack_w=0.25
DBG summary depth_safety_fired=0
Score = 350365

=== CASE 0014.txt ===
cmd=target/release/tester ./a.out
returncode=0 timed_out=0 elapsed_sec=1.953027
score=81006.0
--- stdout ---
6 5
6 4
5 4
5 5
7 4
6 4
5 3
4 5
6 3
6 3
4 3
4 2
4 2
6 3
4 2
4 2
4 2
4 3
4 2
4 2
5 2
4 1
4 2
4 1
3 2
4 3
3 3
3 3
3 3
4 3
2 3
3 3
3 4
2 3
4 2
5 3
3 3
5 3
4 3
5 3
4 3
5 3
4 3
5 4
4 4
2 2
4 2
5 3
6 3
4 2
3 3
7 3
5 4
7 3
7 3
2 3
3 5
5 3
4 5
3 5
4 2
3 3
2 3
1 3
4 2
3 3
4 2
2 3
4 2
1 3
4 1
5 3
3 3
6 3
5 6
5 3
3 3
1 3
5 3
4 2
6 7
2 3
2 3
4 2
5 3
7 2
3 5
4 4
7 5
6 3
3 4
4 3
6 3
4 2
4 5
4 3
4 3
3 5
4 3
4 2
--- stderr ---
DBG hdr N=10 M=7 T=100 U=4 VMAX=2149 TIME_LIMIT=1.94 MAX_CAND=20 UCB_C=0.21
DBG t=0 used=0.02 remain=1.94 turn_time=0.0194 end_in=0.0194 depth=7 dec=0 cand_cap=20 cand=5->5 pick(must/top/rand)=3/2/0 sims=2553 loop=2548 best_avg=-0.909249 leader=1 inc2=1 attack_w=1
DBG t=12 used=0.02 remain=1.7 turn_time=0.0193182 end_in=0.0193182 depth=7 dec=0 cand_cap=20 cand=23->20 pick(must/top/rand)=6/10/4 sims=1956 loop=1936 best_avg=-0.339863 leader=5 inc2=1 attack_w=0.25
DBG t=24 used=0.02 remain=1.46 turn_time=0.0192105 end_in=0.0192105 depth=7 dec=0 cand_cap=20 cand=3->3 pick(must/top/rand)=2/1/0 sims=1951 loop=1948 best_avg=-0.739361 leader=2 inc2=1 attack_w=0.689239
DBG t=37 used=0.019 remain=1.196 turn_time=0.0189841 end_in=0.0189841 depth=10 dec=0 cand_cap=20 cand=27->20 pick(must/top/rand)=6/10/4 sims=1416 loop=1396 best_avg=-0.473808 leader=5 inc2=1 attack_w=0.348067
DBG t=49 used=0.019 remain=0.968 turn_time=0.0189804 end_in=0.0189804 depth=10 dec=0 cand_cap=20 cand=29->20 pick(must/top/rand)=5/11/4 sims=1252 loop=1232 best_avg=-0.567243 leader=5 inc2=1 attack_w=0.25
DBG t=61 used=0.019 remain=0.74 turn_time=0.0189744 end_in=0.0189744 depth=10 dec=0 cand_cap=20 cand=31->20 pick(must/top/rand)=8/8/4 sims=1076 loop=1056 best_avg=-0.747258 leader=5 inc2=1 attack_w=0.742235
DBG t=74 used=0.019 remain=0.493 turn_time=0.0189615 end_in=0.0189615 depth=11 dec=0 cand_cap=20 cand=33->20 pick(must/top/rand)=8/8/4 sims=968 loop=948 best_avg=-0.760698 leader=5 inc2=1 attack_w=0.848679
DBG t=86 used=0.019 remain=0.264 turn_time=0.0188571 end_in=0.0188571 depth=11 dec=0 cand_cap=20 cand=39->20 pick(must/top/rand)=8/8/4 sims=904 loop=884 best_avg=-0.860544 leader=5 inc2=1 attack_w=1
DBG t=99 used=0.017 remain=0.017 turn_time=0.017 end_in=0.016 depth=0 dec=1 cand_cap=20 cand=31->20 pick(must/top/rand)=8/8/4 sims=19888 loop=19868 best_avg=-0.843085 leader=5 inc2=1 attack_w=1
DBG summary depth_safety_fired=1
Score = 81006

=== CASE 0016.txt ===
cmd=target/release/tester ./a.out
returncode=0 timed_out=0 elapsed_sec=1.953144
score=293510.0
--- stdout ---
4 7
4 8
4 9
4 5
4 4
5 5
4 6
3 9
3 8
5 6
3 7
6 6
3 6
7 6
8 6
2 8
7 7
8 7
2 9
3 9
9 6
7 7
2 8
9 7
6 7
8 5
6 6
5 7
2 9
7 6
7 5
2 7
1 9
3 5
2 6
3 6
5 5
1 7
1 8
6 5
9 5
5 4
2 5
1 5
7 4
8 8
5 3
1 4
0 4
0 5
1 6
9 5
9 4
8 4
8 3
8 2
7 2
6 3
6 8
6 9
7 8
6 7
6 2
8 4
7 4
5 9
1 3
9 2
5 6
6 4
8 4
8 5
7 3
1 2
0 2
9 3
9 1
5 2
5 8
2 2
3 2
6 9
4 2
7 8
7 9
5 1
4 3
8 9
5 6
5 7
6 7
7 7
3 1
9 9
9 8
5 6
8 8
9 6
6 6
9 7
--- stderr ---
DBG hdr N=10 M=3 T=100 U=1 VMAX=1697 TIME_LIMIT=1.94 MAX_CAND=20 UCB_C=0.21
DBG t=0 used=0.02 remain=1.94 turn_time=0.0194 end_in=0.0194 depth=7 dec=0 cand_cap=20 cand=5->5 pick(must/top/rand)=4/1/0 sims=4353 loop=4348 best_avg=-1.63778 leader=2 inc2=1 attack_w=0.15
DBG t=12 used=0.02 remain=1.7 turn_time=0.0193182 end_in=0.0193182 depth=7 dec=0 cand_cap=20 cand=25->20 pick(must/top/rand)=7/9/4 sims=2832 loop=2812 best_avg=-1.14387 leader=2 inc2=1 attack_w=0.25
DBG t=24 used=0.02 remain=1.458 turn_time=0.0191842 end_in=0.0191842 depth=7 dec=0 cand_cap=20 cand=38->20 pick(must/top/rand)=7/9/4 sims=2016 loop=1996 best_avg=-0.892937 leader=2 inc2=1 attack_w=0.25
DBG t=37 used=0.019 remain=1.196 turn_time=0.0189841 end_in=0.0189841 depth=10 dec=0 cand_cap=20 cand=46->20 pick(must/top/rand)=7/9/4 sims=996 loop=976 best_avg=-0.76479 leader=2 inc2=1 attack_w=0.25
DBG t=49 used=0.019 remain=0.968 turn_time=0.0189804 end_in=0.0189804 depth=10 dec=0 cand_cap=20 cand=62->20 pick(must/top/rand)=7/9/4 sims=964 loop=944 best_avg=-0.94672 leader=2 inc2=1 attack_w=0.25
DBG t=61 used=0.019 remain=0.74 turn_time=0.0189744 end_in=0.0189744 depth=10 dec=0 cand_cap=20 cand=8->8 pick(must/top/rand)=4/4/0 sims=1096 loop=1088 best_avg=-0.742151 leader=1 inc2=1 attack_w=0.25
DBG t=74 used=0.019 remain=0.493 turn_time=0.0189615 end_in=0.0189615 depth=11 dec=0 cand_cap=20 cand=71->20 pick(must/top/rand)=7/9/4 sims=860 loop=840 best_avg=-0.275792 leader=2 inc2=1 attack_w=0.25
DBG t=86 used=0.019 remain=0.261 turn_time=0.0186429 end_in=0.0186429 depth=11 dec=0 cand_cap=20 cand=84->20 pick(must/top/rand)=7/9/4 sims=780 loop=760 best_avg=0.0295395 leader=2 inc2=1 attack_w=0.25
DBG t=99 used=0.017 remain=0.017 turn_time=0.017 end_in=0.016 depth=0 dec=1 cand_cap=20 cand=91->20 pick(must/top/rand)=7/9/4 sims=40356 loop=40336 best_avg=0.464874 leader=1 inc2=1 attack_w=0.25
DBG summary depth_safety_fired=5
Score = 293510

=== CASE 0015.txt ===
cmd=target/release/tester ./a.out
returncode=0 timed_out=0 elapsed_sec=1.953624
score=154338.0
--- stdout ---
1 9
2 9
2 9
2 9
1 8
1 8
1 8
1 8
0 8
0 8
0 8
0 8
0 7
0 7
0 7
0 7
0 6
0 5
0 6
0 5
0 6
0 4
0 4
0 3
0 2
0 1
0 0
0 0
0 0
0 1
0 0
0 1
0 0
0 1
1 0
0 0
1 0
0 1
1 0
1 0
1 1
1 2
1 1
1 1
0 1
0 2
1 1
0 2
1 2
0 2
0 2
0 3
2 0
2 0
0 4
2 2
0 3
3 2
0 4
0 7
0 5
0 5
2 0
0 4
0 3
0 7
2 0
0 7
0 5
2 1
0 6
2 2
0 7
3 1
0 4
2 2
1 8
0 7
1 4
3 2
0 3
0 7
4 1
2 8
2 2
0 9
5 1
1 4
4 2
1 8
3 9
0 9
0 7
5 2
6 2
6 2
6 2
6 2
7 2
7 2
--- stderr ---
DBG hdr N=10 M=5 T=100 U=4 VMAX=4555 TIME_LIMIT=1.94 MAX_CAND=20 UCB_C=0.21
DBG t=0 used=0.02 remain=1.94 turn_time=0.0194 end_in=0.0194 depth=7 dec=0 cand_cap=20 cand=4->4 pick(must/top/rand)=3/1/0 sims=3388 loop=3384 best_avg=-1.16396 leader=4 inc2=0 attack_w=0.875226
DBG t=12 used=0.02 remain=1.7 turn_time=0.0193182 end_in=0.0193182 depth=7 dec=0 cand_cap=20 cand=9->9 pick(must/top/rand)=3/6/0 sims=2653 loop=2644 best_avg=-1.03201 leader=4 inc2=1 attack_w=1
DBG t=24 used=0.02 remain=1.459 turn_time=0.0191974 end_in=0.0191974 depth=7 dec=0 cand_cap=20 cand=18->18 pick(must/top/rand)=7/9/2 sims=2374 loop=2356 best_avg=-1.0465 leader=3 inc2=1 attack_w=0.87278
DBG t=37 used=0.019 remain=1.196 turn_time=0.0189841 end_in=0.0189841 depth=10 dec=0 cand_cap=20 cand=6->6 pick(must/top/rand)=3/3/0 sims=1338 loop=1332 best_avg=-0.576053 leader=1 inc2=0 attack_w=0.25
DBG t=49 used=0.019 remain=0.968 turn_time=0.0189804 end_in=0.0189804 depth=10 dec=0 cand_cap=20 cand=11->11 pick(must/top/rand)=4/7/0 sims=1167 loop=1156 best_avg=-0.443831 leader=1 inc2=0 attack_w=0.25
DBG t=61 used=0.019 remain=0.74 turn_time=0.0189744 end_in=0.0189744 depth=10 dec=0 cand_cap=20 cand=32->20 pick(must/top/rand)=5/11/4 sims=1132 loop=1112 best_avg=-0.455365 leader=1 inc2=0 attack_w=0.25
DBG t=74 used=0.019 remain=0.493 turn_time=0.0189615 end_in=0.0189615 depth=11 dec=0 cand_cap=20 cand=33->20 pick(must/top/rand)=5/11/4 sims=996 loop=976 best_avg=-0.471663 leader=1 inc2=0 attack_w=0.25
DBG t=86 used=0.019 remain=0.263 turn_time=0.0187857 end_in=0.0187857 depth=11 dec=0 cand_cap=20 cand=35->20 pick(must/top/rand)=5/11/4 sims=976 loop=956 best_avg=-0.339451 leader=1 inc2=0 attack_w=0.25
DBG t=99 used=0.017 remain=0.017 turn_time=0.017 end_in=0.016 depth=0 dec=1 cand_cap=20 cand=46->20 pick(must/top/rand)=8/8/4 sims=17628 loop=17608 best_avg=-0.157763 leader=1 inc2=0 attack_w=0.25
DBG summary depth_safety_fired=2
Score = 154338

=== CASE 0017.txt ===
cmd=target/release/tester ./a.out
returncode=0 timed_out=0 elapsed_sec=1.951430
score=87041.0
--- stdout ---
3 5
3 5
4 5
5 5
3 5
4 6
4 6
5 6
5 5
5 6
5 7
5 6
5 5
5 6
5 7
5 5
5 7
5 7
5 8
5 9
5 6
4 6
5 5
4 6
5 8
4 6
5 9
4 9
5 5
4 8
5 7
5 8
6 6
6 6
6 7
4 6
5 5
5 6
6 6
6 7
5 5
4 9
6 6
4 7
5 5
5 8
6 6
5 5
4 6
5 5
5 5
4 6
6 7
5 5
6 7
6 6
5 5
6 6
5 9
6 7
7 7
6 7
4 9
4 8
8 7
4 9
5 5
4 8
5 6
5 5
4 8
5 9
7 8
9 7
9 7
9 7
5 8
4 9
4 8
7 9
7 7
9 8
5 8
9 7
7 9
7 6
9 8
7 9
4 9
9 8
9 7
7 9
9 8
9 8
7 9
7 8
4 8
4 9
7 9
5 5
--- stderr ---
DBG hdr N=10 M=5 T=100 U=5 VMAX=1407 TIME_LIMIT=1.94 MAX_CAND=20 UCB_C=0.21
DBG t=0 used=0.02 remain=1.94 turn_time=0.0194 end_in=0.0194 depth=7 dec=0 cand_cap=20 cand=5->5 pick(must/top/rand)=3/2/0 sims=3225 loop=3220 best_avg=-0.772308 leader=1 inc2=0 attack_w=0.176389
DBG t=12 used=0.02 remain=1.7 turn_time=0.0193182 end_in=0.0193182 depth=7 dec=0 cand_cap=20 cand=13->13 pick(must/top/rand)=7/6/0 sims=2401 loop=2388 best_avg=-1.22703 leader=1 inc2=1 attack_w=1
DBG t=24 used=0.02 remain=1.459 turn_time=0.0191974 end_in=0.0191974 depth=7 dec=0 cand_cap=20 cand=19->19 pick(must/top/rand)=8/8/3 sims=1855 loop=1836 best_avg=-0.957803 leader=1 inc2=1 attack_w=0.97098
DBG t=37 used=0.019 remain=1.196 turn_time=0.0189841 end_in=0.0189841 depth=10 dec=0 cand_cap=20 cand=18->18 pick(must/top/rand)=7/9/2 sims=1130 loop=1112 best_avg=-1.16708 leader=1 inc2=1 attack_w=1
DBG t=49 used=0.019 remain=0.968 turn_time=0.0189804 end_in=0.0189804 depth=10 dec=0 cand_cap=20 cand=18->18 pick(must/top/rand)=6/10/2 sims=982 loop=964 best_avg=-1.05768 leader=1 inc2=1 attack_w=1
DBG t=61 used=0.019 remain=0.74 turn_time=0.0189744 end_in=0.0189744 depth=10 dec=0 cand_cap=20 cand=22->20 pick(must/top/rand)=8/8/4 sims=1064 loop=1044 best_avg=-1.00837 leader=1 inc2=1 attack_w=1
DBG t=74 used=0.019 remain=0.493 turn_time=0.0189615 end_in=0.0189615 depth=11 dec=0 cand_cap=20 cand=24->20 pick(must/top/rand)=7/9/4 sims=1016 loop=996 best_avg=-1.0826 leader=4 inc2=1 attack_w=1
DBG t=86 used=0.019 remain=0.263 turn_time=0.0187857 end_in=0.0187857 depth=11 dec=0 cand_cap=20 cand=28->20 pick(must/top/rand)=6/10/4 sims=980 loop=960 best_avg=-0.992692 leader=4 inc2=1 attack_w=1
DBG t=99 used=0.017 remain=0.017 turn_time=0.017 end_in=0.016 depth=0 dec=1 cand_cap=20 cand=28->20 pick(must/top/rand)=7/9/4 sims=15216 loop=15196 best_avg=-1.02574 leader=4 inc2=1 attack_w=1
DBG summary depth_safety_fired=2
Score = 87041

=== CASE 0019.txt ===
cmd=target/release/tester ./a.out
returncode=0 timed_out=0 elapsed_sec=1.953196
score=69988.0
--- stdout ---
1 3
2 3
1 3
1 3
1 3
3 3
3 4
3 3
3 3
3 3
0 4
0 4
0 4
0 4
3 5
3 5
3 5
3 5
4 5
4 5
4 5
4 5
5 5
5 6
6 6
5 6
6 6
4 3
6 6
4 3
4 3
4 3
6 5
6 5
6 4
7 6
6 3
6 5
7 3
6 6
6 4
6 5
8 6
6 2
8 6
6 2
0 5
8 6
6 7
6 4
3 6
6 3
3 6
6 4
8 6
8 6
4 6
8 6
6 2
7 2
8 6
5 6
6 2
6 2
1 4
6 4
9 6
6 2
6 2
6 4
4 2
6 2
5 2
7 3
6 6
7 6
6 2
6 4
6 6
6 2
3 6
6 4
5 1
5 1
5 1
3 6
4 6
0 3
5 6
5 1
3 6
4 6
5 1
1 3
3 6
0 3
0 4
1 3
0 3
0 3
--- stderr ---
DBG hdr N=10 M=3 T=100 U=4 VMAX=1941 TIME_LIMIT=1.94 MAX_CAND=20 UCB_C=0.21
DBG t=0 used=0.02 remain=1.94 turn_time=0.0194 end_in=0.0194 depth=7 dec=0 cand_cap=20 cand=5->5 pick(must/top/rand)=3/2/0 sims=4269 loop=4264 best_avg=-1.78869 leader=1 inc2=1 attack_w=1
DBG t=12 used=0.02 remain=1.7 turn_time=0.0193182 end_in=0.0193182 depth=7 dec=0 cand_cap=20 cand=16->16 pick(must/top/rand)=3/13/0 sims=3252 loop=3236 best_avg=-1.57775 leader=1 inc2=1 attack_w=0.694142
DBG t=24 used=0.02 remain=1.46 turn_time=0.0192105 end_in=0.0192105 depth=7 dec=0 cand_cap=20 cand=26->20 pick(must/top/rand)=4/12/4 sims=2556 loop=2536 best_avg=-1.51578 leader=1 inc2=1 attack_w=0.341854
DBG t=37 used=0.02 remain=1.2 turn_time=0.0190476 end_in=0.0190476 depth=10 dec=0 cand_cap=20 cand=38->20 pick(must/top/rand)=8/8/4 sims=1568 loop=1548 best_avg=-1.56368 leader=1 inc2=1 attack_w=0.280864
DBG t=49 used=0.019 remain=0.968 turn_time=0.0189804 end_in=0.0189804 depth=10 dec=0 cand_cap=20 cand=43->20 pick(must/top/rand)=8/8/4 sims=1372 loop=1352 best_avg=-1.58764 leader=1 inc2=1 attack_w=0.397377
DBG t=61 used=0.019 remain=0.74 turn_time=0.0189744 end_in=0.0189744 depth=10 dec=0 cand_cap=20 cand=43->20 pick(must/top/rand)=8/8/4 sims=1376 loop=1356 best_avg=-1.77728 leader=1 inc2=1 attack_w=0.636187
DBG t=74 used=0.019 remain=0.493 turn_time=0.0189615 end_in=0.0189615 depth=11 dec=0 cand_cap=20 cand=40->20 pick(must/top/rand)=8/8/4 sims=1068 loop=1048 best_avg=-1.81751 leader=1 inc2=1 attack_w=1
DBG t=86 used=0.019 remain=0.265 turn_time=0.0189286 end_in=0.0189286 depth=11 dec=0 cand_cap=20 cand=40->20 pick(must/top/rand)=9/7/4 sims=1132 loop=1112 best_avg=-1.94039 leader=1 inc2=1 attack_w=1
DBG t=99 used=0.018 remain=0.018 turn_time=0.018 end_in=0.017 depth=0 dec=0 cand_cap=20 cand=3->3 pick(must/top/rand)=2/1/0 sims=40863 loop=40860 best_avg=-2.15515 leader=2 inc2=1 attack_w=1
DBG summary depth_safety_fired=0
Score = 69988

=== CASE 0021.txt ===
cmd=target/release/tester ./a.out
returncode=0 timed_out=0 elapsed_sec=1.951498
score=207905.0
--- stdout ---
3 9
2 9
2 9
2 9
2 9
2 9
1 9
1 9
1 9
1 9
1 9
0 9
1 8
1 8
1 8
1 7
1 8
0 9
0 9
0 9
0 9
5 9
5 9
5 9
4 8
3 8
3 8
2 8
1 7
2 9
1 8
3 8
1 6
1 8
2 9
1 6
3 9
3 9
4 9
4 9
2 8
3 7
3 8
3 9
3 9
1 7
3 9
1 7
4 9
3 8
0 6
3 9
2 6
4 9
4 9
3 8
4 9
5 9
5 9
6 9
5 8
1 7
0 6
2 6
2 6
2 5
4 9
2 5
2 5
2 7
0 5
2 7
4 9
4 8
1 5
0 5
4 9
3 7
3 7
2 4
0 4
3 5
4 8
4 8
5 8
0 3
3 4
1 4
1 4
3 6
4 9
4 9
5 9
4 7
4 7
0 2
5 7
5 7
4 9
5 6
--- stderr ---
DBG hdr N=10 M=3 T=100 U=5 VMAX=2360 TIME_LIMIT=1.94 MAX_CAND=20 UCB_C=0.21
DBG t=0 used=0.02 remain=1.94 turn_time=0.0194 end_in=0.0194 depth=7 dec=0 cand_cap=20 cand=4->4 pick(must/top/rand)=3/1/0 sims=5096 loop=5092 best_avg=-0.923977 leader=1 inc2=1 attack_w=0.15
DBG t=12 used=0.02 remain=1.7 turn_time=0.0193182 end_in=0.0193182 depth=7 dec=0 cand_cap=20 cand=11->11 pick(must/top/rand)=3/8/0 sims=2711 loop=2700 best_avg=-0.958156 leader=2 inc2=1 attack_w=0.25
DBG t=24 used=0.02 remain=1.46 turn_time=0.0192105 end_in=0.0192105 depth=7 dec=0 cand_cap=20 cand=5->5 pick(must/top/rand)=4/1/0 sims=2497 loop=2492 best_avg=-1.20626 leader=2 inc2=1 attack_w=0.25
DBG t=37 used=0.02 remain=1.2 turn_time=0.0190476 end_in=0.0190476 depth=10 dec=0 cand_cap=20 cand=17->17 pick(must/top/rand)=9/7/1 sims=2461 loop=2444 best_avg=-0.904844 leader=1 inc2=1 attack_w=0.25
DBG t=49 used=0.019 remain=0.968 turn_time=0.0189804 end_in=0.0189804 depth=10 dec=0 cand_cap=20 cand=17->17 pick(must/top/rand)=7/9/1 sims=2077 loop=2060 best_avg=-0.931303 leader=1 inc2=1 attack_w=0.25
DBG t=61 used=0.019 remain=0.74 turn_time=0.0189744 end_in=0.0189744 depth=10 dec=0 cand_cap=20 cand=24->20 pick(must/top/rand)=9/7/4 sims=1316 loop=1296 best_avg=-0.87001 leader=1 inc2=1 attack_w=0.25
DBG t=74 used=0.019 remain=0.493 turn_time=0.0189615 end_in=0.0189615 depth=11 dec=0 cand_cap=20 cand=24->20 pick(must/top/rand)=8/8/4 sims=1468 loop=1448 best_avg=-0.790478 leader=2 inc2=1 attack_w=0.25
DBG t=86 used=0.019 remain=0.265 turn_time=0.0189286 end_in=0.0189286 depth=11 dec=0 cand_cap=20 cand=36->20 pick(must/top/rand)=7/9/4 sims=1584 loop=1564 best_avg=-0.576063 leader=2 inc2=1 attack_w=0.25
DBG t=99 used=0.018 remain=0.018 turn_time=0.018 end_in=0.017 depth=0 dec=0 cand_cap=20 cand=41->20 pick(must/top/rand)=9/7/4 sims=33184 loop=33164 best_avg=-0.364005 leader=1 inc2=1 attack_w=0.25
DBG summary depth_safety_fired=0
Score = 207905

=== CASE 0020.txt ===
cmd=target/release/tester ./a.out
returncode=0 timed_out=0 elapsed_sec=1.952435
score=153470.0
--- stdout ---
1 9
2 9
3 9
3 9
3 9
3 9
1 9
1 9
1 9
3 8
3 9
3 7
3 6
3 8
3 8
3 9
3 6
3 6
2 6
3 6
2 7
3 9
4 6
3 8
5 6
1 7
5 6
4 6
5 6
5 5
1 8
2 7
2 7
3 8
5 6
5 6
5 5
5 7
5 7
2 7
3 8
3 6
0 9
5 6
5 4
5 5
3 9
6 4
7 4
7 5
7 5
7 3
5 7
7 5
8 5
8 4
5 6
6 4
6 3
5 6
6 4
6 2
7 5
5 2
6 4
9 4
9 4
9 4
9 4
6 1
6 0
7 1
6 3
5 0
9 4
7 4
6 3
5 3
7 3
7 5
5 6
3 7
7 5
8 4
6 4
8 3
7 2
8 2
5 6
5 6
3 9
5 6
6 4
5 6
8 3
7 5
7 6
5 6
7 6
4 7
--- stderr ---
DBG hdr N=10 M=7 T=100 U=5 VMAX=1504 TIME_LIMIT=1.94 MAX_CAND=20 UCB_C=0.21
DBG t=0 used=0.02 remain=1.94 turn_time=0.0194 end_in=0.0194 depth=7 dec=0 cand_cap=20 cand=4->4 pick(must/top/rand)=3/1/0 sims=2660 loop=2656 best_avg=-0.760528 leader=3 inc2=1 attack_w=1
DBG t=12 used=0.02 remain=1.7 turn_time=0.0193182 end_in=0.0193182 depth=7 dec=0 cand_cap=20 cand=12->12 pick(must/top/rand)=7/5/0 sims=1752 loop=1740 best_avg=-0.555365 leader=3 inc2=1 attack_w=1
DBG t=24 used=0.02 remain=1.46 turn_time=0.0192105 end_in=0.0192105 depth=7 dec=0 cand_cap=20 cand=21->20 pick(must/top/rand)=9/7/4 sims=1816 loop=1796 best_avg=-0.290266 leader=4 inc2=1 attack_w=0.25
DBG t=37 used=0.02 remain=1.2 turn_time=0.0190476 end_in=0.0190476 depth=10 dec=0 cand_cap=20 cand=28->20 pick(must/top/rand)=6/10/4 sims=1296 loop=1276 best_avg=-0.137505 leader=4 inc2=1 attack_w=0.25
DBG t=49 used=0.019 remain=0.968 turn_time=0.0189804 end_in=0.0189804 depth=10 dec=0 cand_cap=20 cand=36->20 pick(must/top/rand)=7/9/4 sims=1368 loop=1348 best_avg=-0.199339 leader=1 inc2=1 attack_w=0.25
DBG t=61 used=0.019 remain=0.74 turn_time=0.0189744 end_in=0.0189744 depth=10 dec=0 cand_cap=20 cand=40->20 pick(must/top/rand)=7/9/4 sims=1244 loop=1224 best_avg=-0.206418 leader=1 inc2=1 attack_w=0.25
DBG t=74 used=0.019 remain=0.493 turn_time=0.0189615 end_in=0.0189615 depth=11 dec=0 cand_cap=20 cand=24->20 pick(must/top/rand)=5/11/4 sims=1348 loop=1328 best_avg=-0.0572654 leader=1 inc2=1 attack_w=0.25
DBG t=86 used=0.019 remain=0.265 turn_time=0.0189286 end_in=0.0189286 depth=11 dec=0 cand_cap=20 cand=53->20 pick(must/top/rand)=9/7/4 sims=1160 loop=1140 best_avg=0.0966065 leader=5 inc2=1 attack_w=0.25
DBG t=99 used=0.018 remain=0.018 turn_time=0.018 end_in=0.017 depth=0 dec=0 cand_cap=20 cand=47->20 pick(must/top/rand)=9/7/4 sims=30164 loop=30144 best_avg=0.145247 leader=3 inc2=1 attack_w=0.25
DBG summary depth_safety_fired=0
Score = 153470

=== CASE 0018.txt ===
cmd=target/release/tester ./a.out
returncode=0 timed_out=0 elapsed_sec=1.954940
score=154245.0
--- stdout ---
9 5
9 6
9 4
9 4
8 4
9 4
8 4
9 4
9 4
8 4
9 6
8 4
8 6
8 4
8 3
8 3
8 3
7 4
8 6
8 3
8 4
8 3
8 6
8 6
7 6
8 4
9 6
7 4
7 3
7 4
9 6
8 5
8 5
7 4
9 3
8 6
7 3
7 4
8 5
8 5
7 4
7 3
7 5
7 4
8 6
8 5
8 2
7 3
9 2
8 6
7 5
8 7
7 3
7 5
7 5
7 5
8 6
7 4
7 3
7 5
7 5
9 1
8 1
9 1
7 3
9 1
9 1
7 3
8 2
9 1
7 3
9 7
8 1
7 4
7 4
6 4
9 7
7 3
8 7
7 5
7 3
8 1
9 5
8 2
9 5
9 7
8 7
8 1
8 2
8 2
9 7
7 3
8 1
9 5
9 5
9 2
9 2
9 2
7 4
7 3
--- stderr ---
DBG hdr N=10 M=7 T=100 U=5 VMAX=2680 TIME_LIMIT=1.94 MAX_CAND=20 UCB_C=0.21
DBG t=0 used=0.02 remain=1.94 turn_time=0.0194 end_in=0.0194 depth=7 dec=0 cand_cap=20 cand=4->4 pick(must/top/rand)=3/1/0 sims=2604 loop=2600 best_avg=-0.703264 leader=5 inc2=1 attack_w=1
DBG t=12 used=0.02 remain=1.7 turn_time=0.0193182 end_in=0.0193182 depth=7 dec=0 cand_cap=20 cand=10->10 pick(must/top/rand)=5/5/0 sims=1714 loop=1704 best_avg=-0.349945 leader=4 inc2=1 attack_w=0.25
DBG t=24 used=0.02 remain=1.46 turn_time=0.0192105 end_in=0.0192105 depth=7 dec=0 cand_cap=20 cand=14->14 pick(must/top/rand)=6/8/0 sims=1566 loop=1552 best_avg=-0.225756 leader=4 inc2=1 attack_w=0.25
DBG t=37 used=0.02 remain=1.2 turn_time=0.0190476 end_in=0.0190476 depth=10 dec=0 cand_cap=20 cand=18->18 pick(must/top/rand)=7/9/2 sims=1318 loop=1300 best_avg=0.177758 leader=4 inc2=1 attack_w=0.25
DBG t=49 used=0.019 remain=0.968 turn_time=0.0189804 end_in=0.0189804 depth=10 dec=0 cand_cap=20 cand=20->20 pick(must/top/rand)=7/9/4 sims=1052 loop=1032 best_avg=0.141176 leader=3 inc2=1 attack_w=0.25
DBG t=61 used=0.019 remain=0.74 turn_time=0.0189744 end_in=0.0189744 depth=10 dec=0 cand_cap=20 cand=23->20 pick(must/top/rand)=6/10/4 sims=1068 loop=1048 best_avg=-0.0828841 leader=3 inc2=1 attack_w=0.25
DBG t=74 used=0.019 remain=0.493 turn_time=0.0189615 end_in=0.0189615 depth=11 dec=0 cand_cap=20 cand=23->20 pick(must/top/rand)=6/10/4 sims=956 loop=936 best_avg=0.110018 leader=1 inc2=1 attack_w=0.25
DBG t=86 used=0.019 remain=0.265 turn_time=0.0189286 end_in=0.0189286 depth=11 dec=0 cand_cap=20 cand=25->20 pick(must/top/rand)=6/10/4 sims=928 loop=908 best_avg=0.111997 leader=1 inc2=1 attack_w=0.25
DBG t=99 used=0.018 remain=0.018 turn_time=0.018 end_in=0.017 depth=0 dec=0 cand_cap=20 cand=26->20 pick(must/top/rand)=6/10/4 sims=14888 loop=14868 best_avg=0.0960268 leader=1 inc2=1 attack_w=0.25
DBG summary depth_safety_fired=0
Score = 154245

=== CASE 0022.txt ===
cmd=target/release/tester ./a.out
returncode=0 timed_out=0 elapsed_sec=1.951977
score=87327.0
--- stdout ---
8 6
7 6
6 6
7 7
8 6
5 6
5 6
5 6
5 6
5 5
6 5
5 5
5 5
5 5
5 6
5 7
5 6
5 7
5 6
5 7
5 7
5 7
4 6
4 6
4 6
4 7
4 6
4 6
3 6
6 5
5 7
4 7
3 5
2 6
5 7
5 6
5 8
5 6
1 6
3 4
4 4
4 4
4 4
4 8
3 4
4 4
5 6
1 6
4 4
5 7
2 4
1 4
1 3
1 4
4 7
5 7
5 5
3 3
3 2
5 6
1 3
3 2
1 2
1 2
1 1
0 3
3 2
5 6
2 2
4 2
2 3
2 1
1 2
3 2
1 2
4 7
5 6
0 2
0 1
5 6
3 2
0 0
1 2
1 1
1 2
3 1
1 0
3 1
3 4
5 8
1 0
1 0
1 0
1 0
0 1
0 1
0 1
0 1
4 2
4 7
--- stderr ---
DBG hdr N=10 M=5 T=100 U=5 VMAX=1464 TIME_LIMIT=1.94 MAX_CAND=20 UCB_C=0.21
DBG t=0 used=0.02 remain=1.94 turn_time=0.0194 end_in=0.0194 depth=7 dec=0 cand_cap=20 cand=5->5 pick(must/top/rand)=3/2/0 sims=3705 loop=3700 best_avg=-0.870591 leader=1 inc2=1 attack_w=1
DBG t=12 used=0.02 remain=1.7 turn_time=0.0193182 end_in=0.0193182 depth=7 dec=0 cand_cap=20 cand=10->10 pick(must/top/rand)=5/5/0 sims=2542 loop=2532 best_avg=-1.04498 leader=2 inc2=0 attack_w=0.961414
DBG t=24 used=0.02 remain=1.46 turn_time=0.0192105 end_in=0.0192105 depth=7 dec=0 cand_cap=20 cand=10->10 pick(must/top/rand)=7/3/0 sims=2702 loop=2692 best_avg=-1.02521 leader=3 inc2=1 attack_w=0.985785
DBG t=37 used=0.02 remain=1.2 turn_time=0.0190476 end_in=0.0190476 depth=10 dec=0 cand_cap=20 cand=22->20 pick(must/top/rand)=7/9/4 sims=1652 loop=1632 best_avg=-1.1316 leader=3 inc2=0 attack_w=1
DBG t=49 used=0.019 remain=0.968 turn_time=0.0189804 end_in=0.0189804 depth=10 dec=0 cand_cap=20 cand=28->20 pick(must/top/rand)=7/9/4 sims=1420 loop=1400 best_avg=-1.09106 leader=3 inc2=0 attack_w=1
DBG t=61 used=0.019 remain=0.74 turn_time=0.0189744 end_in=0.0189744 depth=10 dec=0 cand_cap=20 cand=37->20 pick(must/top/rand)=9/7/4 sims=1368 loop=1348 best_avg=-1.05416 leader=3 inc2=0 attack_w=1
DBG t=74 used=0.019 remain=0.493 turn_time=0.0189615 end_in=0.0189615 depth=11 dec=0 cand_cap=20 cand=44->20 pick(must/top/rand)=8/8/4 sims=1340 loop=1320 best_avg=-1.07335 leader=3 inc2=0 attack_w=1
DBG t=86 used=0.019 remain=0.265 turn_time=0.0189286 end_in=0.0189286 depth=11 dec=0 cand_cap=20 cand=43->20 pick(must/top/rand)=6/10/4 sims=1256 loop=1236 best_avg=-1.07139 leader=3 inc2=0 attack_w=1
DBG t=99 used=0.018 remain=0.018 turn_time=0.018 end_in=0.017 depth=0 dec=0 cand_cap=20 cand=44->20 pick(must/top/rand)=7/9/4 sims=26848 loop=26828 best_avg=-1.0147 leader=3 inc2=0 attack_w=1
DBG summary depth_safety_fired=0
Score = 87327

=== CASE 0023.txt ===
cmd=target/release/tester ./a.out
returncode=0 timed_out=0 elapsed_sec=1.950889
score=195441.0
--- stdout ---
6 4
5 4
4 4
5 3
7 3
7 3
8 3
8 3
3 4
5 4
5 5
3 3
2 3
1 3
1 4
8 2
3 2
1 5
1 6
0 6
0 7
0 5
2 6
0 8
0 4
0 8
2 7
1 6
0 7
3 5
2 6
0 8
2 5
0 9
2 4
1 9
2 6
3 2
2 9
2 2
2 6
2 8
1 7
2 7
1 2
1 6
2 6
0 2
3 4
2 6
4 4
2 7
5 4
6 4
3 2
8 2
2 9
8 1
2 9
2 8
2 5
2 6
3 5
4 4
4 3
8 2
2 9
2 2
6 3
3 8
4 5
3 7
2 7
3 6
5 5
3 2
8 1
7 1
8 0
9 0
8 0
9 1
8 0
7 0
7 2
4 6
6 5
3 3
2 2
2 3
3 8
4 8
4 3
2 9
5 3
2 1
3 1
3 0
2 2
6 6
--- stderr ---
DBG hdr N=10 M=5 T=100 U=1 VMAX=1610 TIME_LIMIT=1.94 MAX_CAND=20 UCB_C=0.21
DBG t=0 used=0.02 remain=1.94 turn_time=0.0194 end_in=0.0194 depth=7 dec=0 cand_cap=20 cand=4->4 pick(must/top/rand)=3/1/0 sims=2928 loop=2924 best_avg=-0.926525 leader=2 inc2=1 attack_w=1
DBG t=12 used=0.02 remain=1.7 turn_time=0.0193182 end_in=0.0193182 depth=7 dec=0 cand_cap=20 cand=24->20 pick(must/top/rand)=4/12/4 sims=1904 loop=1884 best_avg=-0.727556 leader=2 inc2=1 attack_w=0.48584
DBG t=24 used=0.02 remain=1.459 turn_time=0.0191974 end_in=0.0191974 depth=7 dec=0 cand_cap=20 cand=28->20 pick(must/top/rand)=5/11/4 sims=1716 loop=1696 best_avg=-0.499933 leader=3 inc2=0 attack_w=0.25
DBG t=37 used=0.02 remain=1.199 turn_time=0.0190317 end_in=0.0190317 depth=10 dec=0 cand_cap=20 cand=30->20 pick(must/top/rand)=5/11/4 sims=1160 loop=1140 best_avg=-0.506152 leader=3 inc2=0 attack_w=0.25
DBG t=49 used=0.019 remain=0.968 turn_time=0.0189804 end_in=0.0189804 depth=10 dec=0 cand_cap=20 cand=32->20 pick(must/top/rand)=7/9/4 sims=1036 loop=1016 best_avg=-0.514484 leader=3 inc2=1 attack_w=0.25
DBG t=61 used=0.019 remain=0.74 turn_time=0.0189744 end_in=0.0189744 depth=10 dec=0 cand_cap=20 cand=50->20 pick(must/top/rand)=6/10/4 sims=920 loop=900 best_avg=-0.190484 leader=3 inc2=0 attack_w=0.25
DBG t=74 used=0.019 remain=0.493 turn_time=0.0189615 end_in=0.0189615 depth=11 dec=0 cand_cap=20 cand=57->20 pick(must/top/rand)=7/9/4 sims=744 loop=724 best_avg=0.168536 leader=3 inc2=1 attack_w=0.25
DBG t=86 used=0.019 remain=0.265 turn_time=0.0189286 end_in=0.0189286 depth=11 dec=0 cand_cap=20 cand=51->20 pick(must/top/rand)=7/9/4 sims=708 loop=688 best_avg=0.0271626 leader=2 inc2=0 attack_w=0.25
DBG t=99 used=0.018 remain=0.018 turn_time=0.018 end_in=0.017 depth=0 dec=0 cand_cap=20 cand=58->20 pick(must/top/rand)=7/9/4 sims=26112 loop=26092 best_avg=0.410286 leader=3 inc2=1 attack_w=0.25
DBG summary depth_safety_fired=0
Score = 195441

=== CASE 0024.txt ===
cmd=target/release/tester ./a.out
returncode=0 timed_out=0 elapsed_sec=1.956684
score=116452.0
--- stdout ---
0 9
1 8
1 9
1 7
2 9
3 9
2 9
4 9
4 9
5 9
5 8
5 8
6 8
6 8
7 8
7 7
7 8
8 7
7 7
9 7
4 9
9 7
6 7
7 6
7 5
7 6
7 5
7 4
7 9
7 3
7 3
8 3
8 3
9 3
8 2
8 2
8 2
7 2
7 2
8 1
8 1
9 1
8 0
9 0
8 0
8 1
9 0
7 1
7 1
9 0
9 1
8 0
7 4
8 4
7 4
8 5
8 4
9 3
9 1
9 2
9 3
7 4
8 0
7 4
5 8
8 5
9 8
4 8
6 5
7 3
8 5
7 4
8 5
7 1
6 2
9 4
7 2
9 0
8 0
9 2
9 1
9 4
8 0
9 1
8 2
9 2
9 4
8 0
9 1
8 2
8 0
7 2
7 3
7 3
4 7
7 5
7 3
6 2
6 2
7 2
--- stderr ---
DBG hdr N=10 M=6 T=100 U=2 VMAX=2351 TIME_LIMIT=1.94 MAX_CAND=20 UCB_C=0.21
DBG t=0 used=0.02 remain=1.94 turn_time=0.0194 end_in=0.0194 depth=7 dec=0 cand_cap=20 cand=3->3 pick(must/top/rand)=3/0/0 sims=2595 loop=2592 best_avg=-1.52584 leader=2 inc2=1 attack_w=1
DBG t=12 used=0.02 remain=1.7 turn_time=0.0193182 end_in=0.0193182 depth=7 dec=0 cand_cap=20 cand=8->8 pick(must/top/rand)=3/5/0 sims=1752 loop=1744 best_avg=-1.58975 leader=2 inc2=1 attack_w=1
DBG t=24 used=0.02 remain=1.46 turn_time=0.0192105 end_in=0.0192105 depth=7 dec=0 cand_cap=20 cand=21->20 pick(must/top/rand)=6/10/4 sims=1504 loop=1484 best_avg=-1.36342 leader=1 inc2=1 attack_w=1
DBG t=37 used=0.02 remain=1.198 turn_time=0.0190159 end_in=0.0190159 depth=10 dec=0 cand_cap=20 cand=9->9 pick(must/top/rand)=4/5/0 sims=1201 loop=1192 best_avg=-0.398002 leader=2 inc2=1 attack_w=1
DBG t=49 used=0.019 remain=0.968 turn_time=0.0189804 end_in=0.0189804 depth=10 dec=0 cand_cap=20 cand=16->16 pick(must/top/rand)=5/11/0 sims=1228 loop=1212 best_avg=-0.205525 leader=5 inc2=1 attack_w=0.25
DBG t=61 used=0.019 remain=0.74 turn_time=0.0189744 end_in=0.0189744 depth=10 dec=0 cand_cap=20 cand=17->17 pick(must/top/rand)=5/11/1 sims=1049 loop=1032 best_avg=-0.267373 leader=5 inc2=1 attack_w=0.25
DBG t=74 used=0.019 remain=0.493 turn_time=0.0189615 end_in=0.0189615 depth=11 dec=0 cand_cap=20 cand=13->13 pick(must/top/rand)=2/11/0 sims=1005 loop=992 best_avg=-0.309186 leader=5 inc2=1 attack_w=0.25
DBG t=86 used=0.019 remain=0.265 turn_time=0.0189286 end_in=0.0189286 depth=11 dec=0 cand_cap=20 cand=14->14 pick(must/top/rand)=5/9/0 sims=1074 loop=1060 best_avg=-0.545692 leader=5 inc2=1 attack_w=0.25
DBG t=99 used=0.018 remain=0.018 turn_time=0.018 end_in=0.017 depth=0 dec=0 cand_cap=20 cand=46->20 pick(must/top/rand)=9/7/4 sims=19640 loop=19620 best_avg=-0.457689 leader=5 inc2=1 attack_w=0.25
DBG summary depth_safety_fired=0
Score = 116452

=== CASE 0027.txt ===
cmd=target/release/tester ./a.out
returncode=0 timed_out=0 elapsed_sec=1.953219
score=262764.0
--- stdout ---
3 9
5 9
6 9
2 9
7 9
8 9
8 8
8 7
9 7
8 6
6 8
7 7
9 8
7 6
8 5
9 9
6 6
7 5
7 4
7 3
6 3
7 2
7 1
7 0
7 3
8 1
6 3
8 3
9 3
6 2
9 4
9 1
6 1
5 1
8 4
6 4
5 3
4 3
7 4
7 7
4 1
3 1
4 2
3 0
6 5
6 6
4 4
4 0
5 0
2 0
6 6
5 2
4 2
3 2
4 1
7 9
2 1
5 4
4 4
1 1
3 4
1 0
6 9
2 9
4 8
2 2
6 5
1 2
0 2
1 0
6 5
7 5
4 5
3 3
6 7
0 1
8 6
1 9
0 9
2 9
6 4
7 8
1 9
8 5
7 6
5 4
2 9
1 9
3 9
4 4
3 2
2 2
3 1
2 8
2 7
4 8
7 7
4 7
5 7
6 8
--- stderr ---
DBG hdr N=10 M=5 T=100 U=1 VMAX=1278 TIME_LIMIT=1.94 MAX_CAND=20 UCB_C=0.21
DBG t=0 used=0.02 remain=1.94 turn_time=0.0194 end_in=0.0194 depth=7 dec=0 cand_cap=20 cand=4->4 pick(must/top/rand)=3/1/0 sims=3124 loop=3120 best_avg=-0.303594 leader=4 inc2=1 attack_w=1
DBG t=12 used=0.02 remain=1.7 turn_time=0.0193182 end_in=0.0193182 depth=7 dec=0 cand_cap=20 cand=24->20 pick(must/top/rand)=3/13/4 sims=1940 loop=1920 best_avg=-0.576581 leader=2 inc2=0 attack_w=0.391903
DBG t=24 used=0.02 remain=1.46 turn_time=0.0192105 end_in=0.0192105 depth=7 dec=0 cand_cap=20 cand=10->10 pick(must/top/rand)=5/5/0 sims=1714 loop=1704 best_avg=-0.108556 leader=2 inc2=0 attack_w=0.25
DBG t=37 used=0.02 remain=1.197 turn_time=0.019 end_in=0.019 depth=10 dec=0 cand_cap=20 cand=56->20 pick(must/top/rand)=7/9/4 sims=896 loop=876 best_avg=0.137281 leader=4 inc2=0 attack_w=0.25
DBG t=49 used=0.019 remain=0.968 turn_time=0.0189804 end_in=0.0189804 depth=10 dec=0 cand_cap=20 cand=57->20 pick(must/top/rand)=7/9/4 sims=740 loop=720 best_avg=0.329767 leader=4 inc2=0 attack_w=0.25
DBG t=61 used=0.019 remain=0.74 turn_time=0.0189744 end_in=0.0189744 depth=10 dec=0 cand_cap=20 cand=66->20 pick(must/top/rand)=7/9/4 sims=752 loop=732 best_avg=0.560518 leader=4 inc2=0 attack_w=0.25
DBG t=74 used=0.019 remain=0.493 turn_time=0.0189615 end_in=0.0189615 depth=11 dec=0 cand_cap=20 cand=57->20 pick(must/top/rand)=7/9/4 sims=704 loop=684 best_avg=0.553299 leader=4 inc2=1 attack_w=0.25
DBG t=86 used=0.019 remain=0.265 turn_time=0.0189286 end_in=0.0189286 depth=11 dec=0 cand_cap=20 cand=76->20 pick(must/top/rand)=7/9/4 sims=684 loop=664 best_avg=0.711966 leader=4 inc2=0 attack_w=0.25
DBG t=99 used=0.018 remain=0.018 turn_time=0.018 end_in=0.017 depth=0 dec=0 cand_cap=20 cand=71->20 pick(must/top/rand)=7/9/4 sims=27512 loop=27492 best_avg=0.907637 leader=1 inc2=1 attack_w=0.25
DBG summary depth_safety_fired=0
Score = 262764

=== CASE 0025.txt ===
cmd=target/release/tester ./a.out
returncode=0 timed_out=0 elapsed_sec=1.955592
score=166695.0
--- stdout ---
2 6
2 7
0 6
3 7
1 6
2 7
3 7
3 8
2 8
2 8
3 6
4 8
3 9
4 6
4 5
4 5
4 4
4 4
3 6
1 5
4 3
5 5
4 3
4 2
5 4
3 5
1 4
4 3
4 2
4 2
3 4
2 5
4 3
6 5
5 4
2 4
5 3
4 2
0 4
5 2
5 3
6 3
6 3
5 2
4 3
4 3
5 3
0 5
4 3
2 3
5 2
4 2
5 2
1 8
5 2
4 7
4 2
6 2
1 9
0 3
2 3
6 2
3 5
5 2
0 7
6 2
6 4
0 9
1 7
5 2
5 8
6 2
2 4
5 2
0 2
6 2
2 9
5 2
2 9
6 2
0 1
0 9
7 2
4 2
2 2
7 2
4 2
2 2
7 2
7 2
7 3
7 2
4 3
6 8
4 2
8 2
7 1
2 3
4 2
7 1
--- stderr ---
DBG hdr N=10 M=2 T=100 U=2 VMAX=1033 TIME_LIMIT=1.94 MAX_CAND=20 UCB_C=0.21
DBG t=0 used=0.02 remain=1.94 turn_time=0.0194 end_in=0.0194 depth=7 dec=0 cand_cap=20 cand=5->5 pick(must/top/rand)=3/2/0 sims=5697 loop=5692 best_avg=-2.62868 leader=1 inc2=1 attack_w=0.308988
DBG t=12 used=0.02 remain=1.7 turn_time=0.0193182 end_in=0.0193182 depth=7 dec=0 cand_cap=20 cand=22->20 pick(must/top/rand)=3/13/4 sims=3628 loop=3608 best_avg=-2.818 leader=1 inc2=1 attack_w=0.25
DBG t=24 used=0.02 remain=1.46 turn_time=0.0192105 end_in=0.0192105 depth=7 dec=0 cand_cap=20 cand=34->20 pick(must/top/rand)=4/12/4 sims=2876 loop=2856 best_avg=-2.87376 leader=1 inc2=1 attack_w=0.25
DBG t=37 used=0.02 remain=1.198 turn_time=0.0190159 end_in=0.0190159 depth=10 dec=0 cand_cap=20 cand=43->20 pick(must/top/rand)=5/11/4 sims=1636 loop=1616 best_avg=-2.89064 leader=1 inc2=1 attack_w=0.25
DBG t=49 used=0.019 remain=0.968 turn_time=0.0189804 end_in=0.0189804 depth=10 dec=0 cand_cap=20 cand=46->20 pick(must/top/rand)=5/11/4 sims=1540 loop=1520 best_avg=-2.85166 leader=1 inc2=1 attack_w=0.25
DBG t=61 used=0.019 remain=0.74 turn_time=0.0189744 end_in=0.0189744 depth=10 dec=0 cand_cap=20 cand=55->20 pick(must/top/rand)=6/10/4 sims=1344 loop=1324 best_avg=-2.75729 leader=1 inc2=1 attack_w=0.25
DBG t=74 used=0.019 remain=0.493 turn_time=0.0189615 end_in=0.0189615 depth=11 dec=0 cand_cap=20 cand=58->20 pick(must/top/rand)=5/11/4 sims=1216 loop=1196 best_avg=-2.61607 leader=1 inc2=1 attack_w=0.25
DBG t=86 used=0.019 remain=0.265 turn_time=0.0189286 end_in=0.0189286 depth=11 dec=0 cand_cap=20 cand=61->20 pick(must/top/rand)=6/10/4 sims=1136 loop=1116 best_avg=-2.59638 leader=1 inc2=1 attack_w=0.25
DBG t=99 used=0.018 remain=0.018 turn_time=0.018 end_in=0.017 depth=0 dec=0 cand_cap=20 cand=68->20 pick(must/top/rand)=8/8/4 sims=59332 loop=59312 best_avg=-2.29855 leader=1 inc2=1 attack_w=0.25
DBG summary depth_safety_fired=0
Score = 166695

=== CASE 0026.txt ===
cmd=target/release/tester ./a.out
returncode=0 timed_out=0 elapsed_sec=1.955463
score=467060.0
--- stdout ---
5 4
6 4
6 3
7 3
7 4
7 5
8 5
6 5
6 6
5 6
4 6
5 7
8 4
6 2
4 6
6 7
4 7
5 7
3 7
2 7
1 7
6 7
1 6
7 7
1 5
8 7
8 6
8 8
9 8
9 8
9 9
8 9
9 7
8 8
7 8
8 7
8 6
7 6
5 8
7 7
0 7
2 8
0 6
9 4
5 9
6 9
7 6
1 4
6 8
2 9
4 8
1 3
1 2
2 4
7 9
8 5
9 5
0 5
8 3
8 9
3 9
3 8
8 4
5 5
9 8
1 8
7 5
0 2
0 8
8 9
7 6
0 9
7 8
9 6
4 9
8 5
9 8
1 9
9 3
9 6
7 8
7 6
7 9
8 9
8 6
2 5
3 5
0 1
9 2
9 1
9 8
9 8
2 6
8 2
7 8
8 8
8 7
9 8
9 7
7 7
--- stderr ---
DBG hdr N=10 M=3 T=100 U=1 VMAX=1795 TIME_LIMIT=1.94 MAX_CAND=20 UCB_C=0.21
DBG t=0 used=0.02 remain=1.94 turn_time=0.0194 end_in=0.0194 depth=7 dec=0 cand_cap=20 cand=5->5 pick(must/top/rand)=4/1/0 sims=3721 loop=3716 best_avg=-1.28369 leader=2 inc2=1 attack_w=0.553181
DBG t=12 used=0.02 remain=1.7 turn_time=0.0193182 end_in=0.0193182 depth=7 dec=0 cand_cap=20 cand=25->20 pick(must/top/rand)=7/9/4 sims=2508 loop=2488 best_avg=-1.27802 leader=2 inc2=1 attack_w=0.384712
DBG t=24 used=0.02 remain=1.46 turn_time=0.0192105 end_in=0.0192105 depth=7 dec=0 cand_cap=20 cand=45->20 pick(must/top/rand)=7/9/4 sims=2764 loop=2744 best_avg=-1.19093 leader=1 inc2=1 attack_w=0.25
DBG t=37 used=0.02 remain=1.199 turn_time=0.0190317 end_in=0.0190317 depth=10 dec=0 cand_cap=20 cand=11->11 pick(must/top/rand)=5/6/0 sims=1371 loop=1360 best_avg=-1.14947 leader=2 inc2=1 attack_w=0.25
DBG t=49 used=0.019 remain=0.968 turn_time=0.0189804 end_in=0.0189804 depth=10 dec=0 cand_cap=20 cand=57->20 pick(must/top/rand)=6/10/4 sims=1324 loop=1304 best_avg=-0.341346 leader=1 inc2=1 attack_w=0.25
DBG t=61 used=0.019 remain=0.74 turn_time=0.0189744 end_in=0.0189744 depth=10 dec=0 cand_cap=20 cand=69->20 pick(must/top/rand)=7/9/4 sims=1160 loop=1140 best_avg=0.0284073 leader=2 inc2=1 attack_w=0.25
DBG t=74 used=0.019 remain=0.493 turn_time=0.0189615 end_in=0.0189615 depth=11 dec=0 cand_cap=20 cand=76->20 pick(must/top/rand)=7/9/4 sims=1008 loop=988 best_avg=0.754936 leader=1 inc2=1 attack_w=0.25
DBG t=86 used=0.019 remain=0.265 turn_time=0.0189286 end_in=0.0189286 depth=11 dec=0 cand_cap=20 cand=78->20 pick(must/top/rand)=6/10/4 sims=960 loop=940 best_avg=0.952845 leader=2 inc2=1 attack_w=0.25
DBG t=99 used=0.018 remain=0.018 turn_time=0.018 end_in=0.017 depth=0 dec=0 cand_cap=20 cand=6->6 pick(must/top/rand)=3/3/0 sims=51478 loop=51472 best_avg=1.84024 leader=2 inc2=1 attack_w=0.25
DBG summary depth_safety_fired=0
Score = 467060

=== CASE 0028.txt ===
cmd=target/release/tester ./a.out
returncode=0 timed_out=0 elapsed_sec=1.952511
score=119956.0
--- stdout ---
0 0
0 0
0 1
1 0
1 1
0 1
1 2
0 1
1 1
1 1
0 1
1 3
2 3
2 4
1 2
1 1
2 1
1 0
1 4
1 0
1 5
2 3
2 4
2 4
0 4
0 5
1 5
1 4
1 5
0 5
2 3
0 5
0 6
2 3
0 6
1 3
3 3
3 3
2 3
3 3
2 2
0 6
3 4
2 5
3 4
0 5
0 6
2 5
2 6
2 3
0 7
0 6
2 6
3 5
3 4
2 6
3 5
2 6
2 2
1 3
3 4
2 6
3 3
3 4
0 3
2 1
4 5
5 5
5 6
5 4
6 4
7 4
7 4
8 4
7 4
7 5
8 5
8 6
8 6
9 6
9 7
8 3
8 2
9 7
8 6
9 8
9 4
8 7
8 6
7 7
7 7
7 7
8 7
7 8
7 7
7 8
6 8
8 1
8 0
7 2
--- stderr ---
DBG hdr N=10 M=5 T=100 U=3 VMAX=1872 TIME_LIMIT=1.94 MAX_CAND=20 UCB_C=0.21
DBG t=0 used=0.02 remain=1.94 turn_time=0.0194 end_in=0.0194 depth=7 dec=0 cand_cap=20 cand=3->3 pick(must/top/rand)=3/0/0 sims=3351 loop=3348 best_avg=-1.11415 leader=4 inc2=1 attack_w=0.15
DBG t=12 used=0.02 remain=1.7 turn_time=0.0193182 end_in=0.0193182 depth=7 dec=0 cand_cap=20 cand=4->4 pick(must/top/rand)=2/2/0 sims=2468 loop=2464 best_avg=-1.41586 leader=1 inc2=0 attack_w=0.874441
DBG t=24 used=0.02 remain=1.46 turn_time=0.0192105 end_in=0.0192105 depth=7 dec=0 cand_cap=20 cand=19->19 pick(must/top/rand)=7/9/3 sims=1915 loop=1896 best_avg=-1.63548 leader=1 inc2=1 attack_w=1
DBG t=37 used=0.02 remain=1.198 turn_time=0.0190159 end_in=0.0190159 depth=10 dec=0 cand_cap=20 cand=17->17 pick(must/top/rand)=7/9/1 sims=1301 loop=1284 best_avg=-1.84419 leader=1 inc2=1 attack_w=1
DBG t=49 used=0.019 remain=0.968 turn_time=0.0189804 end_in=0.0189804 depth=10 dec=0 cand_cap=20 cand=20->20 pick(must/top/rand)=7/9/4 sims=1128 loop=1108 best_avg=-1.36024 leader=1 inc2=0 attack_w=1
DBG t=61 used=0.019 remain=0.74 turn_time=0.0189744 end_in=0.0189744 depth=10 dec=0 cand_cap=20 cand=27->20 pick(must/top/rand)=8/8/4 sims=1108 loop=1088 best_avg=-1.13542 leader=1 inc2=0 attack_w=1
DBG t=74 used=0.019 remain=0.493 turn_time=0.0189615 end_in=0.0189615 depth=11 dec=0 cand_cap=20 cand=11->11 pick(must/top/rand)=7/4/0 sims=991 loop=980 best_avg=-1.11551 leader=1 inc2=0 attack_w=1
DBG t=86 used=0.019 remain=0.265 turn_time=0.0189286 end_in=0.0189286 depth=11 dec=0 cand_cap=20 cand=25->20 pick(must/top/rand)=9/7/4 sims=1140 loop=1120 best_avg=-0.871839 leader=1 inc2=0 attack_w=1
DBG t=99 used=0.018 remain=0.018 turn_time=0.018 end_in=0.017 depth=0 dec=0 cand_cap=20 cand=37->20 pick(must/top/rand)=8/8/4 sims=27148 loop=27128 best_avg=-0.566491 leader=1 inc2=0 attack_w=0.25
DBG summary depth_safety_fired=0
Score = 119956

=== CASE 0029.txt ===
cmd=target/release/tester ./a.out
returncode=0 timed_out=0 elapsed_sec=1.952382
score=177364.0
--- stdout ---
5 8
6 8
4 8
5 7
4 9
5 6
4 6
3 6
5 9
3 9
6 7
4 5
4 5
4 4
4 3
7 8
7 7
4 2
5 4
7 9
3 3
8 7
5 2
8 8
5 3
7 7
3 2
8 7
2 2
9 7
6 6
5 2
9 6
9 5
5 3
5 2
3 4
8 5
8 4
3 1
8 3
9 5
2 1
9 4
7 5
5 2
6 3
5 5
6 4
5 3
3 0
7 3
7 4
2 0
4 2
7 2
5 3
1 2
3 3
6 5
6 5
3 3
4 3
2 6
4 1
2 5
1 5
3 0
4 3
9 3
9 3
0 5
2 0
2 4
5 5
2 0
4 3
1 6
2 1
7 1
3 0
4 1
7 1
8 1
9 8
9 1
8 2
6 1
7 0
7 2
8 9
6 3
8 0
5 5
4 3
1 7
5 6
9 0
7 0
7 2
--- stderr ---
DBG hdr N=10 M=3 T=100 U=5 VMAX=1023 TIME_LIMIT=1.94 MAX_CAND=20 UCB_C=0.21
DBG t=0 used=0.02 remain=1.94 turn_time=0.0194 end_in=0.0194 depth=7 dec=0 cand_cap=20 cand=5->5 pick(must/top/rand)=3/2/0 sims=4529 loop=4524 best_avg=-1.4266 leader=1 inc2=1 attack_w=0.556012
DBG t=12 used=0.02 remain=1.7 turn_time=0.0193182 end_in=0.0193182 depth=7 dec=0 cand_cap=20 cand=24->20 pick(must/top/rand)=9/7/4 sims=2240 loop=2220 best_avg=-1.55057 leader=1 inc2=1 attack_w=0.592758
DBG t=24 used=0.02 remain=1.46 turn_time=0.0192105 end_in=0.0192105 depth=7 dec=0 cand_cap=20 cand=41->20 pick(must/top/rand)=9/7/4 sims=1788 loop=1768 best_avg=-1.31933 leader=2 inc2=1 attack_w=0.25
DBG t=37 used=0.02 remain=1.199 turn_time=0.0190317 end_in=0.0190317 depth=10 dec=0 cand_cap=20 cand=56->20 pick(must/top/rand)=9/7/4 sims=1048 loop=1028 best_avg=-1.33178 leader=2 inc2=1 attack_w=0.25
DBG t=49 used=0.019 remain=0.968 turn_time=0.0189804 end_in=0.0189804 depth=10 dec=0 cand_cap=20 cand=64->20 pick(must/top/rand)=9/7/4 sims=952 loop=932 best_avg=-1.17414 leader=2 inc2=1 attack_w=0.25
DBG t=61 used=0.019 remain=0.74 turn_time=0.0189744 end_in=0.0189744 depth=10 dec=0 cand_cap=20 cand=69->20 pick(must/top/rand)=9/7/4 sims=1036 loop=1016 best_avg=-1.04086 leader=1 inc2=1 attack_w=0.25
DBG t=74 used=0.019 remain=0.493 turn_time=0.0189615 end_in=0.0189615 depth=11 dec=0 cand_cap=20 cand=76->20 pick(must/top/rand)=9/7/4 sims=964 loop=944 best_avg=-1.02268 leader=1 inc2=1 attack_w=0.25
DBG t=86 used=0.019 remain=0.265 turn_time=0.0189286 end_in=0.0189286 depth=11 dec=0 cand_cap=20 cand=49->20 pick(must/top/rand)=9/7/4 sims=1084 loop=1064 best_avg=-0.85486 leader=2 inc2=1 attack_w=0.25
DBG t=99 used=0.018 remain=0.018 turn_time=0.018 end_in=0.017 depth=0 dec=0 cand_cap=20 cand=11->11 pick(must/top/rand)=7/4/0 sims=34423 loop=34412 best_avg=-0.644255 leader=2 inc2=1 attack_w=0.25
DBG summary depth_safety_fired=0
Score = 177364

=== CASE 0031.txt ===
cmd=target/release/tester ./a.out
returncode=0 timed_out=0 elapsed_sec=1.955757
score=200721.0
--- stdout ---
9 8
9 8
9 8
8 7
9 9
9 9
9 9
7 7
7 7
7 7
8 6
8 6
8 6
8 5
6 7
9 5
9 5
9 5
8 4
8 4
8 4
6 8
6 8
6 8
7 5
6 5
5 5
5 5
5 5
5 4
4 5
7 5
5 3
5 2
8 9
5 2
6 4
7 5
5 2
3 5
3 5
4 2
4 2
4 2
7 8
5 2
5 6
4 2
4 2
4 3
5 2
3 6
5 2
4 2
5 7
4 3
4 3
4 3
5 2
4 3
5 2
4 2
4 3
4 2
4 2
4 3
4 2
4 1
4 1
4 3
4 2
4 3
3 2
3 2
4 2
4 1
4 3
3 1
4 2
4 2
3 2
4 3
4 1
2 2
4 3
4 1
3 1
3 3
1 2
4 1
3 0
3 0
4 1
1 3
4 1
2 1
0 2
4 0
4 0
4 0
--- stderr ---
DBG hdr N=10 M=2 T=100 U=3 VMAX=3223 TIME_LIMIT=1.94 MAX_CAND=20 UCB_C=0.21
DBG t=0 used=0.02 remain=1.94 turn_time=0.0194 end_in=0.0194 depth=7 dec=0 cand_cap=20 cand=5->5 pick(must/top/rand)=3/2/0 sims=6341 loop=6336 best_avg=-2.75803 leader=1 inc2=1 attack_w=1
DBG t=12 used=0.02 remain=1.7 turn_time=0.0193182 end_in=0.0193182 depth=7 dec=0 cand_cap=20 cand=13->13 pick(must/top/rand)=3/10/0 sims=3573 loop=3560 best_avg=-3.48902 leader=1 inc2=1 attack_w=0.839312
DBG t=24 used=0.02 remain=1.46 turn_time=0.0192105 end_in=0.0192105 depth=7 dec=0 cand_cap=20 cand=24->20 pick(must/top/rand)=5/11/4 sims=2528 loop=2508 best_avg=-3.43857 leader=1 inc2=1 attack_w=0.957523
DBG t=37 used=0.02 remain=1.2 turn_time=0.0190476 end_in=0.0190476 depth=10 dec=0 cand_cap=20 cand=41->20 pick(must/top/rand)=7/9/4 sims=1588 loop=1568 best_avg=-3.36966 leader=1 inc2=1 attack_w=0.676193
DBG t=49 used=0.019 remain=0.968 turn_time=0.0189804 end_in=0.0189804 depth=10 dec=0 cand_cap=20 cand=44->20 pick(must/top/rand)=8/8/4 sims=1248 loop=1228 best_avg=-3.34503 leader=1 inc2=1 attack_w=0.388507
DBG t=61 used=0.019 remain=0.74 turn_time=0.0189744 end_in=0.0189744 depth=10 dec=0 cand_cap=20 cand=48->20 pick(must/top/rand)=7/9/4 sims=1408 loop=1388 best_avg=-3.10948 leader=1 inc2=1 attack_w=0.25
DBG t=74 used=0.019 remain=0.492 turn_time=0.0189231 end_in=0.0189231 depth=11 dec=0 cand_cap=20 cand=50->20 pick(must/top/rand)=8/8/4 sims=1256 loop=1236 best_avg=-2.62714 leader=1 inc2=1 attack_w=0.25
DBG t=86 used=0.019 remain=0.264 turn_time=0.0188571 end_in=0.0188571 depth=11 dec=0 cand_cap=20 cand=56->20 pick(must/top/rand)=9/7/4 sims=1292 loop=1272 best_avg=-2.23595 leader=1 inc2=1 attack_w=0.25
DBG t=99 used=0.017 remain=0.017 turn_time=0.017 end_in=0.016 depth=0 dec=1 cand_cap=20 cand=64->20 pick(must/top/rand)=9/7/4 sims=46104 loop=46084 best_avg=-1.87136 leader=1 inc2=1 attack_w=0.25
DBG summary depth_safety_fired=1
Score = 200721

=== CASE 0030.txt ===
cmd=target/release/tester ./a.out
returncode=0 timed_out=0 elapsed_sec=1.957188
score=171996.0
--- stdout ---
7 6
7 7
7 7
7 8
7 8
6 8
6 8
7 9
7 9
6 9
6 9
5 9
4 9
8 5
6 7
6 5
6 4
8 7
4 9
5 7
5 7
5 8
5 8
9 7
9 8
9 8
9 9
4 7
8 6
6 7
3 7
8 8
8 8
5 9
3 7
6 6
7 7
3 6
7 6
3 6
3 5
5 6
3 5
3 4
4 7
7 6
4 5
4 8
4 8
5 9
3 7
7 6
3 8
3 8
6 5
8 5
3 4
7 5
6 5
8 9
8 4
8 6
7 4
3 6
7 3
3 9
7 2
2 7
6 2
4 7
2 8
5 6
7 5
2 6
5 9
9 4
2 8
2 6
2 5
3 7
6 6
2 5
4 9
9 9
8 7
1 6
4 9
2 5
2 4
2 4
2 3
6 5
3 6
1 5
2 4
3 5
4 9
1 7
7 4
1 7
--- stderr ---
DBG hdr N=10 M=5 T=100 U=2 VMAX=2124 TIME_LIMIT=1.94 MAX_CAND=20 UCB_C=0.21
DBG t=0 used=0.02 remain=1.94 turn_time=0.0194 end_in=0.0194 depth=7 dec=0 cand_cap=20 cand=5->5 pick(must/top/rand)=3/2/0 sims=2829 loop=2824 best_avg=-0.465663 leader=3 inc2=0 attack_w=0.735424
DBG t=12 used=0.02 remain=1.7 turn_time=0.0193182 end_in=0.0193182 depth=7 dec=0 cand_cap=20 cand=19->19 pick(must/top/rand)=3/13/3 sims=2167 loop=2148 best_avg=-0.160485 leader=2 inc2=1 attack_w=0.25
DBG t=24 used=0.02 remain=1.458 turn_time=0.0191842 end_in=0.0191842 depth=7 dec=0 cand_cap=20 cand=24->20 pick(must/top/rand)=4/12/4 sims=1608 loop=1588 best_avg=-0.472856 leader=1 inc2=0 attack_w=0.25
DBG t=37 used=0.02 remain=1.198 turn_time=0.0190159 end_in=0.0190159 depth=10 dec=0 cand_cap=20 cand=32->20 pick(must/top/rand)=6/10/4 sims=916 loop=896 best_avg=-0.290288 leader=1 inc2=0 attack_w=0.25
DBG t=49 used=0.019 remain=0.968 turn_time=0.0189804 end_in=0.0189804 depth=10 dec=0 cand_cap=20 cand=40->20 pick(must/top/rand)=8/8/4 sims=708 loop=688 best_avg=-0.196389 leader=1 inc2=1 attack_w=0.25
DBG t=61 used=0.019 remain=0.74 turn_time=0.0189744 end_in=0.0189744 depth=10 dec=0 cand_cap=20 cand=40->20 pick(must/top/rand)=8/8/4 sims=852 loop=832 best_avg=-0.143062 leader=1 inc2=1 attack_w=0.25
DBG t=74 used=0.019 remain=0.493 turn_time=0.0189615 end_in=0.0189615 depth=11 dec=0 cand_cap=20 cand=46->20 pick(must/top/rand)=7/9/4 sims=744 loop=724 best_avg=-0.11508 leader=1 inc2=0 attack_w=0.25
DBG t=86 used=0.019 remain=0.265 turn_time=0.0189286 end_in=0.0189286 depth=11 dec=0 cand_cap=20 cand=51->20 pick(must/top/rand)=7/9/4 sims=900 loop=880 best_avg=-0.065397 leader=2 inc2=1 attack_w=0.25
DBG t=99 used=0.018 remain=0.018 turn_time=0.018 end_in=0.017 depth=0 dec=0 cand_cap=20 cand=55->20 pick(must/top/rand)=6/10/4 sims=25932 loop=25912 best_avg=0.0633074 leader=1 inc2=1 attack_w=0.25
DBG summary depth_safety_fired=0
Score = 171996

=== CASE 0032.txt ===
cmd=target/release/tester ./a.out
returncode=0 timed_out=0 elapsed_sec=1.954988
score=92277.0
--- stdout ---
2 1
2 2
2 3
3 2
2 4
2 5
2 6
2 6
2 7
2 7
2 7
2 7
1 7
1 5
1 8
1 9
1 9
1 9
2 7
1 9
1 8
0 9
2 9
1 9
3 5
3 7
1 9
4 5
5 5
5 4
4 4
0 8
4 3
2 7
1 9
4 6
4 4
5 6
4 4
4 4
3 6
5 4
5 5
5 4
5 3
4 2
2 6
3 5
3 6
1 6
4 6
5 6
5 6
3 6
0 5
1 8
0 9
0 9
1 8
1 4
1 5
1 8
1 6
1 5
0 8
0 9
0 8
3 6
0 8
1 9
2 6
0 9
2 6
0 5
1 4
0 8
0 5
2 4
3 3
1 9
2 6
1 9
3 2
1 9
3 6
3 2
1 7
1 9
3 2
2 7
1 6
1 7
1 5
0 5
1 9
2 4
0 5
1 7
1 5
1 9
--- stderr ---
DBG hdr N=10 M=3 T=100 U=5 VMAX=1964 TIME_LIMIT=1.94 MAX_CAND=20 UCB_C=0.21
DBG t=0 used=0.02 remain=1.94 turn_time=0.0194 end_in=0.0194 depth=7 dec=0 cand_cap=20 cand=5->5 pick(must/top/rand)=3/2/0 sims=4881 loop=4876 best_avg=-1.76206 leader=1 inc2=1 attack_w=1
DBG t=12 used=0.02 remain=1.7 turn_time=0.0193182 end_in=0.0193182 depth=7 dec=0 cand_cap=20 cand=26->20 pick(must/top/rand)=3/13/4 sims=3100 loop=3080 best_avg=-1.17683 leader=1 inc2=1 attack_w=0.25
DBG t=24 used=0.02 remain=1.459 turn_time=0.0191974 end_in=0.0191974 depth=7 dec=0 cand_cap=20 cand=32->20 pick(must/top/rand)=5/11/4 sims=2244 loop=2224 best_avg=-1.32808 leader=1 inc2=1 attack_w=0.25
DBG t=37 used=0.02 remain=1.199 turn_time=0.0190317 end_in=0.0190317 depth=10 dec=0 cand_cap=20 cand=37->20 pick(must/top/rand)=9/7/4 sims=1388 loop=1368 best_avg=-1.56404 leader=1 inc2=1 attack_w=0.25
DBG t=49 used=0.019 remain=0.968 turn_time=0.0189804 end_in=0.0189804 depth=10 dec=0 cand_cap=20 cand=29->20 pick(must/top/rand)=9/7/4 sims=1268 loop=1248 best_avg=-1.82388 leader=1 inc2=1 attack_w=0.694096
DBG t=61 used=0.019 remain=0.74 turn_time=0.0189744 end_in=0.0189744 depth=10 dec=0 cand_cap=20 cand=32->20 pick(must/top/rand)=9/7/4 sims=1272 loop=1252 best_avg=-1.86862 leader=2 inc2=1 attack_w=0.845095
DBG t=74 used=0.019 remain=0.492 turn_time=0.0189231 end_in=0.0189231 depth=11 dec=0 cand_cap=20 cand=18->18 pick(must/top/rand)=9/7/2 sims=1290 loop=1272 best_avg=-1.95383 leader=2 inc2=1 attack_w=0.865978
DBG t=86 used=0.019 remain=0.264 turn_time=0.0188571 end_in=0.0188571 depth=11 dec=0 cand_cap=20 cand=30->20 pick(must/top/rand)=9/7/4 sims=1204 loop=1184 best_avg=-1.90707 leader=2 inc2=1 attack_w=0.764141
DBG t=99 used=0.017 remain=0.017 turn_time=0.017 end_in=0.016 depth=0 dec=1 cand_cap=20 cand=32->20 pick(must/top/rand)=7/9/4 sims=23028 loop=23008 best_avg=-1.79669 leader=2 inc2=1 attack_w=0.917057
DBG summary depth_safety_fired=1
Score = 92277

=== CASE 0033.txt ===
cmd=target/release/tester ./a.out
returncode=0 timed_out=0 elapsed_sec=1.954065
score=133685.0
--- stdout ---
7 8
7 7
8 7
8 7
9 7
6 7
6 6
6 5
6 4
7 4
7 4
6 4
6 4
8 4
7 4
6 4
7 3
7 4
7 5
6 4
7 5
6 5
6 5
6 5
7 5
6 5
7 4
7 5
6 5
7 5
5 5
5 5
6 6
5 5
7 5
6 6
6 6
7 6
7 6
5 5
5 5
7 6
6 3
5 3
6 3
6 6
7 6
4 3
4 4
5 4
6 6
6 3
6 3
7 4
5 3
7 6
7 6
8 7
7 6
7 5
5 3
7 4
6 3
9 7
4 3
7 6
4 5
8 7
9 7
5 2
5 5
7 5
4 5
5 3
5 5
5 5
7 4
6 3
5 1
5 3
4 6
4 4
5 2
4 2
4 4
5 1
7 4
5 3
5 1
4 2
6 3
4 2
7 5
5 2
7 6
5 8
5 9
4 9
5 7
6 3
--- stderr ---
DBG hdr N=10 M=8 T=100 U=4 VMAX=2465 TIME_LIMIT=1.94 MAX_CAND=20 UCB_C=0.21
DBG t=0 used=0.02 remain=1.94 turn_time=0.0194 end_in=0.0194 depth=7 dec=0 cand_cap=20 cand=4->4 pick(must/top/rand)=3/1/0 sims=2080 loop=2076 best_avg=-1.09883 leader=7 inc2=1 attack_w=1
DBG t=12 used=0.02 remain=1.7 turn_time=0.0193182 end_in=0.0193182 depth=7 dec=0 cand_cap=20 cand=26->20 pick(must/top/rand)=7/9/4 sims=1660 loop=1640 best_avg=-0.480837 leader=2 inc2=1 attack_w=1
DBG t=24 used=0.02 remain=1.459 turn_time=0.0191974 end_in=0.0191974 depth=7 dec=0 cand_cap=20 cand=11->11 pick(must/top/rand)=7/4/0 sims=1715 loop=1704 best_avg=-0.436175 leader=2 inc2=1 attack_w=1
DBG t=37 used=0.02 remain=1.199 turn_time=0.0190317 end_in=0.0190317 depth=10 dec=0 cand_cap=20 cand=15->15 pick(must/top/rand)=4/11/0 sims=1239 loop=1224 best_avg=-0.413942 leader=7 inc2=1 attack_w=0.460235
DBG t=49 used=0.019 remain=0.968 turn_time=0.0189804 end_in=0.0189804 depth=10 dec=0 cand_cap=20 cand=32->20 pick(must/top/rand)=7/9/4 sims=1032 loop=1012 best_avg=-0.170141 leader=7 inc2=1 attack_w=0.25
DBG t=61 used=0.019 remain=0.74 turn_time=0.0189744 end_in=0.0189744 depth=10 dec=0 cand_cap=20 cand=31->20 pick(must/top/rand)=8/8/4 sims=1116 loop=1096 best_avg=-0.097615 leader=7 inc2=1 attack_w=0.25
DBG t=74 used=0.019 remain=0.491 turn_time=0.0188846 end_in=0.0188846 depth=11 dec=0 cand_cap=20 cand=36->20 pick(must/top/rand)=8/8/4 sims=988 loop=968 best_avg=0.00358547 leader=7 inc2=1 attack_w=0.25
DBG t=86 used=0.019 remain=0.263 turn_time=0.0187857 end_in=0.0187857 depth=11 dec=0 cand_cap=20 cand=38->20 pick(must/top/rand)=7/9/4 sims=960 loop=940 best_avg=-0.188417 leader=3 inc2=1 attack_w=0.25
DBG t=99 used=0.017 remain=0.017 turn_time=0.017 end_in=0.016 depth=0 dec=1 cand_cap=20 cand=42->20 pick(must/top/rand)=9/7/4 sims=16636 loop=16616 best_avg=-0.0339199 leader=3 inc2=1 attack_w=0.25
DBG summary depth_safety_fired=2
Score = 133685

=== CASE 0035.txt ===
cmd=target/release/tester ./a.out
returncode=0 timed_out=0 elapsed_sec=1.952577
score=180711.0
--- stdout ---
0 2
0 1
0 1
0 2
1 1
1 0
2 0
3 0
4 0
5 0
6 0
5 0
6 1
6 2
7 2
7 3
8 3
5 1
8 4
9 4
8 3
7 1
9 5
7 1
5 1
8 4
9 4
7 4
7 4
7 0
7 0
8 0
8 0
9 3
7 2
1 1
1 1
6 2
9 5
6 4
8 5
7 5
7 5
1 1
9 2
5 4
9 5
6 5
6 5
5 5
4 4
7 6
8 2
6 3
6 3
9 5
8 4
5 5
5 6
5 7
4 7
4 8
5 8
5 9
4 8
5 9
5 8
4 9
4 9
4 9
5 6
5 5
5 9
5 9
5 9
7 5
3 7
6 5
5 8
6 9
6 9
6 9
6 8
8 5
5 6
6 6
3 6
6 8
3 9
6 8
4 7
5 7
3 9
6 8
6 9
6 8
7 8
7 7
6 7
6 9
--- stderr ---
DBG hdr N=10 M=6 T=100 U=2 VMAX=1863 TIME_LIMIT=1.94 MAX_CAND=20 UCB_C=0.21
DBG t=0 used=0.02 remain=1.94 turn_time=0.0194 end_in=0.0194 depth=7 dec=0 cand_cap=20 cand=3->3 pick(must/top/rand)=3/0/0 sims=2723 loop=2720 best_avg=-1.65685 leader=3 inc2=1 attack_w=1
DBG t=12 used=0.02 remain=1.7 turn_time=0.0193182 end_in=0.0193182 depth=7 dec=0 cand_cap=20 cand=18->18 pick(must/top/rand)=4/12/2 sims=2034 loop=2016 best_avg=-1.06782 leader=3 inc2=1 attack_w=1
DBG t=24 used=0.02 remain=1.46 turn_time=0.0192105 end_in=0.0192105 depth=7 dec=0 cand_cap=20 cand=28->20 pick(must/top/rand)=6/10/4 sims=1792 loop=1772 best_avg=-0.583419 leader=3 inc2=1 attack_w=1
DBG t=37 used=0.02 remain=1.2 turn_time=0.0190476 end_in=0.0190476 depth=10 dec=0 cand_cap=20 cand=35->20 pick(must/top/rand)=5/11/4 sims=1084 loop=1064 best_avg=-0.267996 leader=1 inc2=1 attack_w=0.25
DBG t=49 used=0.019 remain=0.968 turn_time=0.0189804 end_in=0.0189804 depth=10 dec=0 cand_cap=20 cand=44->20 pick(must/top/rand)=8/8/4 sims=888 loop=868 best_avg=-0.159841 leader=2 inc2=1 attack_w=0.25
DBG t=61 used=0.019 remain=0.74 turn_time=0.0189744 end_in=0.0189744 depth=10 dec=0 cand_cap=20 cand=53->20 pick(must/top/rand)=9/7/4 sims=1052 loop=1032 best_avg=-0.176812 leader=1 inc2=1 attack_w=0.25
DBG t=74 used=0.019 remain=0.492 turn_time=0.0189231 end_in=0.0189231 depth=11 dec=0 cand_cap=20 cand=60->20 pick(must/top/rand)=9/7/4 sims=1040 loop=1020 best_avg=0.135345 leader=1 inc2=1 attack_w=0.25
DBG t=86 used=0.019 remain=0.264 turn_time=0.0188571 end_in=0.0188571 depth=11 dec=0 cand_cap=20 cand=61->20 pick(must/top/rand)=9/7/4 sims=1056 loop=1036 best_avg=0.266132 leader=1 inc2=1 attack_w=0.25
DBG t=99 used=0.017 remain=0.017 turn_time=0.017 end_in=0.016 depth=0 dec=1 cand_cap=20 cand=14->14 pick(must/top/rand)=6/8/0 sims=32058 loop=32044 best_avg=0.321707 leader=2 inc2=1 attack_w=0.25
DBG summary depth_safety_fired=1
Score = 180711

=== CASE 0034.txt ===
cmd=target/release/tester ./a.out
returncode=0 timed_out=0 elapsed_sec=1.954665
score=70269.0
--- stdout ---
8 6
8 6
8 7
8 7
8 6
9 7
9 7
9 7
9 6
8 5
7 5
8 5
8 5
7 4
6 4
6 3
6 2
5 2
4 2
4 2
4 2
3 2
8 7
4 1
4 1
8 7
4 0
3 2
3 2
8 7
4 1
6 5
7 5
4 0
9 7
6 2
7 3
9 7
5 4
8 6
9 7
4 1
5 4
9 7
8 6
3 3
9 7
4 0
9 6
9 7
9 5
8 5
9 6
2 3
2 3
2 3
3 3
4 1
5 1
5 1
3 1
3 1
1 3
4 3
5 2
4 3
5 2
1 3
3 1
1 3
3 3
4 4
5 4
4 4
6 2
4 1
4 5
5 4
4 5
2 1
2 1
5 4
2 1
4 6
2 1
4 6
4 5
2 1
4 4
2 3
4 1
2 1
5 2
5 1
2 1
7 2
2 0
2 1
2 1
6 2
--- stderr ---
DBG hdr N=10 M=4 T=100 U=3 VMAX=2224 TIME_LIMIT=1.94 MAX_CAND=20 UCB_C=0.21
DBG t=0 used=0.02 remain=1.94 turn_time=0.0194 end_in=0.0194 depth=7 dec=0 cand_cap=20 cand=5->5 pick(must/top/rand)=3/2/0 sims=3413 loop=3408 best_avg=-1.11513 leader=1 inc2=1 attack_w=1
DBG t=12 used=0.02 remain=1.7 turn_time=0.0193182 end_in=0.0193182 depth=7 dec=0 cand_cap=20 cand=14->14 pick(must/top/rand)=3/11/0 sims=2622 loop=2608 best_avg=-1.25011 leader=1 inc2=1 attack_w=0.583306
DBG t=24 used=0.02 remain=1.46 turn_time=0.0192105 end_in=0.0192105 depth=7 dec=0 cand_cap=20 cand=32->20 pick(must/top/rand)=7/9/4 sims=1936 loop=1916 best_avg=-1.12441 leader=1 inc2=1 attack_w=1
DBG t=37 used=0.02 remain=1.2 turn_time=0.0190476 end_in=0.0190476 depth=10 dec=0 cand_cap=20 cand=32->20 pick(must/top/rand)=7/9/4 sims=1316 loop=1296 best_avg=-1.47614 leader=1 inc2=0 attack_w=1
DBG t=49 used=0.019 remain=0.968 turn_time=0.0189804 end_in=0.0189804 depth=10 dec=0 cand_cap=20 cand=5->5 pick(must/top/rand)=3/2/0 sims=809 loop=804 best_avg=-1.74486 leader=1 inc2=1 attack_w=1
DBG t=61 used=0.019 remain=0.74 turn_time=0.0189744 end_in=0.0189744 depth=10 dec=0 cand_cap=20 cand=17->17 pick(must/top/rand)=7/9/1 sims=1121 loop=1104 best_avg=-1.77989 leader=1 inc2=1 attack_w=1
DBG t=74 used=0.019 remain=0.491 turn_time=0.0188846 end_in=0.0188846 depth=11 dec=0 cand_cap=20 cand=27->20 pick(must/top/rand)=7/9/4 sims=972 loop=952 best_avg=-1.68576 leader=1 inc2=1 attack_w=1
DBG t=86 used=0.019 remain=0.263 turn_time=0.0187857 end_in=0.0187857 depth=11 dec=0 cand_cap=20 cand=33->20 pick(must/top/rand)=8/8/4 sims=964 loop=944 best_avg=-1.50458 leader=1 inc2=1 attack_w=1
DBG t=99 used=0.017 remain=0.017 turn_time=0.017 end_in=0.016 depth=0 dec=1 cand_cap=20 cand=29->20 pick(must/top/rand)=8/8/4 sims=17868 loop=17848 best_avg=-1.57705 leader=1 inc2=1 attack_w=1
DBG summary depth_safety_fired=2
Score = 70269

=== CASE 0038.txt ===
cmd=target/release/tester ./a.out
returncode=0 timed_out=0 elapsed_sec=1.953213
score=304038.0
--- stdout ---
1 3
1 2
0 2
0 3
0 3
0 1
2 2
3 2
3 1
4 1
5 1
4 2
6 1
3 0
3 2
4 0
3 3
6 1
4 3
2 0
7 1
4 3
6 0
5 0
4 2
5 2
6 1
4 1
1 0
0 0
1 4
1 5
1 6
0 4
0 6
0 5
2 5
2 6
1 3
3 5
3 6
2 4
0 7
4 5
4 4
5 4
6 4
0 3
3 4
2 3
7 4
7 3
1 2
1 1
4 6
0 1
7 5
5 6
5 3
8 3
7 2
6 2
4 7
5 7
1 1
6 7
6 3
5 2
7 7
6 5
0 0
6 6
5 5
5 8
1 2
3 4
1 7
6 8
4 3
1 0
6 3
6 4
1 2
1 1
6 9
3 3
4 8
8 1
7 0
9 1
5 3
5 9
2 2
5 2
4 2
7 2
3 2
1 0
2 0
3 0
--- stderr ---
DBG hdr N=10 M=6 T=100 U=1 VMAX=2195 TIME_LIMIT=1.94 MAX_CAND=20 UCB_C=0.21
DBG t=0 used=0.02 remain=1.94 turn_time=0.0194 end_in=0.0194 depth=7 dec=0 cand_cap=20 cand=4->4 pick(must/top/rand)=3/1/0 sims=2560 loop=2556 best_avg=-0.868508 leader=1 inc2=1 attack_w=1
DBG t=12 used=0.02 remain=1.7 turn_time=0.0193182 end_in=0.0193182 depth=7 dec=0 cand_cap=20 cand=22->20 pick(must/top/rand)=7/9/4 sims=1940 loop=1920 best_avg=-0.449664 leader=1 inc2=1 attack_w=0.813068
DBG t=24 used=0.02 remain=1.46 turn_time=0.0192105 end_in=0.0192105 depth=7 dec=0 cand_cap=20 cand=30->20 pick(must/top/rand)=5/11/4 sims=1688 loop=1668 best_avg=-0.0651158 leader=2 inc2=1 attack_w=0.25
DBG t=37 used=0.02 remain=1.2 turn_time=0.0190476 end_in=0.0190476 depth=10 dec=0 cand_cap=20 cand=13->13 pick(must/top/rand)=4/9/0 sims=1329 loop=1316 best_avg=-0.343335 leader=3 inc2=1 attack_w=1
DBG t=49 used=0.019 remain=0.968 turn_time=0.0189804 end_in=0.0189804 depth=10 dec=0 cand_cap=20 cand=37->20 pick(must/top/rand)=7/9/4 sims=1188 loop=1168 best_avg=0.20719 leader=1 inc2=1 attack_w=0.25
DBG t=61 used=0.019 remain=0.74 turn_time=0.0189744 end_in=0.0189744 depth=10 dec=0 cand_cap=20 cand=57->20 pick(must/top/rand)=7/9/4 sims=1016 loop=996 best_avg=0.660766 leader=4 inc2=1 attack_w=0.25
DBG t=74 used=0.019 remain=0.493 turn_time=0.0189615 end_in=0.0189615 depth=11 dec=0 cand_cap=20 cand=66->20 pick(must/top/rand)=7/9/4 sims=832 loop=812 best_avg=0.875222 leader=5 inc2=1 attack_w=0.25
DBG t=86 used=0.019 remain=0.265 turn_time=0.0189286 end_in=0.0189286 depth=11 dec=0 cand_cap=20 cand=69->20 pick(must/top/rand)=7/9/4 sims=884 loop=864 best_avg=1.02575 leader=1 inc2=1 attack_w=0.25
DBG t=99 used=0.017 remain=0.017 turn_time=0.017 end_in=0.016 depth=0 dec=1 cand_cap=20 cand=71->20 pick(must/top/rand)=7/9/4 sims=34028 loop=34008 best_avg=1.42006 leader=2 inc2=1 attack_w=0.25
DBG summary depth_safety_fired=1
Score = 304038

=== CASE 0036.txt ===
cmd=target/release/tester ./a.out
returncode=0 timed_out=0 elapsed_sec=1.956023
score=172466.0
--- stdout ---
7 4
7 3
7 3
8 3
7 4
6 4
9 3
5 4
4 4
4 3
4 2
6 3
3 2
3 2
4 1
5 1
5 4
4 1
2 2
5 0
2 3
4 0
5 5
5 6
3 1
2 4
1 3
1 4
0 4
5 6
1 5
1 6
2 6
5 3
1 6
0 6
3 0
1 7
1 7
0 6
4 4
1 8
5 5
1 8
0 8
0 8
2 6
5 7
0 6
2 6
4 6
1 8
1 8
0 8
2 6
1 3
1 7
0 3
0 3
1 7
2 5
7 2
2 5
0 3
1 7
4 6
0 2
6 1
4 4
2 0
2 5
7 1
4 4
5 2
1 0
4 2
0 8
2 7
5 4
4 4
7 0
6 0
2 5
0 7
3 6
3 6
6 4
7 5
3 6
8 5
0 9
2 5
3 4
2 6
3 4
0 6
5 4
3 4
5 4
8 0
--- stderr ---
DBG hdr N=10 M=4 T=100 U=4 VMAX=1042 TIME_LIMIT=1.94 MAX_CAND=20 UCB_C=0.21
DBG t=0 used=0.02 remain=1.94 turn_time=0.0194 end_in=0.0194 depth=7 dec=0 cand_cap=20 cand=5->5 pick(must/top/rand)=4/1/0 sims=4073 loop=4068 best_avg=-0.958775 leader=2 inc2=1 attack_w=0.308635
DBG t=12 used=0.02 remain=1.7 turn_time=0.0193182 end_in=0.0193182 depth=7 dec=0 cand_cap=20 cand=25->20 pick(must/top/rand)=7/9/4 sims=2700 loop=2680 best_avg=-0.841632 leader=1 inc2=1 attack_w=0.319442
DBG t=24 used=0.02 remain=1.46 turn_time=0.0192105 end_in=0.0192105 depth=7 dec=0 cand_cap=20 cand=42->20 pick(must/top/rand)=8/8/4 sims=2264 loop=2244 best_avg=-0.565474 leader=3 inc2=1 attack_w=0.25
DBG t=37 used=0.02 remain=1.2 turn_time=0.0190476 end_in=0.0190476 depth=10 dec=0 cand_cap=20 cand=57->20 pick(must/top/rand)=8/8/4 sims=1316 loop=1296 best_avg=-0.39868 leader=1 inc2=1 attack_w=0.25
DBG t=49 used=0.019 remain=0.968 turn_time=0.0189804 end_in=0.0189804 depth=10 dec=0 cand_cap=20 cand=61->20 pick(must/top/rand)=7/9/4 sims=1308 loop=1288 best_avg=-0.380604 leader=1 inc2=1 attack_w=0.25
DBG t=61 used=0.019 remain=0.74 turn_time=0.0189744 end_in=0.0189744 depth=10 dec=0 cand_cap=20 cand=62->20 pick(must/top/rand)=8/8/4 sims=1228 loop=1208 best_avg=-0.324796 leader=1 inc2=1 attack_w=0.25
DBG t=74 used=0.019 remain=0.493 turn_time=0.0189615 end_in=0.0189615 depth=11 dec=0 cand_cap=20 cand=63->20 pick(must/top/rand)=7/9/4 sims=1000 loop=980 best_avg=-0.216959 leader=1 inc2=1 attack_w=0.25
DBG t=86 used=0.019 remain=0.265 turn_time=0.0189286 end_in=0.0189286 depth=11 dec=0 cand_cap=20 cand=70->20 pick(must/top/rand)=7/9/4 sims=944 loop=924 best_avg=-0.191882 leader=1 inc2=1 attack_w=0.25
DBG t=99 used=0.017 remain=0.017 turn_time=0.017 end_in=0.016 depth=0 dec=1 cand_cap=20 cand=70->20 pick(must/top/rand)=7/9/4 sims=25732 loop=25712 best_avg=-0.222697 leader=2 inc2=1 attack_w=0.25
DBG summary depth_safety_fired=1
Score = 172466

=== CASE 0037.txt ===
cmd=target/release/tester ./a.out
returncode=0 timed_out=0 elapsed_sec=1.954366
score=146117.0
--- stdout ---
8 4
7 4
9 5
7 3
7 3
7 3
7 2
7 2
7 2
9 6
9 6
9 6
6 3
6 3
5 3
6 4
9 7
9 8
9 9
6 3
5 3
9 8
9 9
9 9
8 9
8 9
5 4
7 1
8 9
8 9
6 3
8 1
8 0
8 9
6 3
6 3
8 9
6 3
9 9
7 4
6 3
7 2
8 9
6 2
9 8
7 2
7 2
6 2
8 3
6 3
7 1
7 4
9 1
5 3
6 3
9 2
9 7
8 9
8 0
6 3
8 9
7 0
8 3
7 1
8 0
9 1
6 4
5 4
6 3
5 4
6 4
8 1
5 5
4 4
3 4
8 9
2 4
6 4
8 6
8 9
5 4
9 8
8 9
3 4
9 8
8 9
7 1
2 4
6 3
7 1
5 3
2 4
5 3
7 1
2 4
2 4
7 1
8 7
2 4
9 9
--- stderr ---
DBG hdr N=10 M=5 T=100 U=3 VMAX=1977 TIME_LIMIT=1.94 MAX_CAND=20 UCB_C=0.21
DBG t=0 used=0.02 remain=1.94 turn_time=0.0194 end_in=0.0194 depth=7 dec=0 cand_cap=20 cand=5->5 pick(must/top/rand)=3/2/0 sims=3197 loop=3192 best_avg=-1.11175 leader=3 inc2=1 attack_w=1
DBG t=12 used=0.02 remain=1.7 turn_time=0.0193182 end_in=0.0193182 depth=7 dec=0 cand_cap=20 cand=17->17 pick(must/top/rand)=3/13/1 sims=1937 loop=1920 best_avg=-0.907727 leader=4 inc2=0 attack_w=0.25
DBG t=24 used=0.02 remain=1.46 turn_time=0.0192105 end_in=0.0192105 depth=7 dec=0 cand_cap=20 cand=27->20 pick(must/top/rand)=9/7/4 sims=1648 loop=1628 best_avg=-0.714593 leader=4 inc2=1 attack_w=0.323793
DBG t=37 used=0.02 remain=1.2 turn_time=0.0190476 end_in=0.0190476 depth=10 dec=0 cand_cap=20 cand=28->20 pick(must/top/rand)=9/7/4 sims=1100 loop=1080 best_avg=-1.26432 leader=4 inc2=1 attack_w=1
DBG t=49 used=0.019 remain=0.968 turn_time=0.0189804 end_in=0.0189804 depth=10 dec=0 cand_cap=20 cand=30->20 pick(must/top/rand)=7/9/4 sims=956 loop=936 best_avg=-0.938389 leader=4 inc2=0 attack_w=1
DBG t=61 used=0.019 remain=0.74 turn_time=0.0189744 end_in=0.0189744 depth=10 dec=0 cand_cap=20 cand=33->20 pick(must/top/rand)=7/9/4 sims=996 loop=976 best_avg=-0.833535 leader=4 inc2=0 attack_w=0.757649
DBG t=74 used=0.019 remain=0.493 turn_time=0.0189615 end_in=0.0189615 depth=11 dec=0 cand_cap=20 cand=41->20 pick(must/top/rand)=8/8/4 sims=816 loop=796 best_avg=-0.573926 leader=4 inc2=0 attack_w=0.25
DBG t=86 used=0.019 remain=0.265 turn_time=0.0189286 end_in=0.0189286 depth=11 dec=0 cand_cap=20 cand=44->20 pick(must/top/rand)=9/7/4 sims=768 loop=748 best_avg=-0.597708 leader=4 inc2=0 attack_w=0.25
DBG t=99 used=0.017 remain=0.017 turn_time=0.017 end_in=0.016 depth=0 dec=1 cand_cap=20 cand=48->20 pick(must/top/rand)=9/7/4 sims=20212 loop=20192 best_avg=-0.202428 leader=1 inc2=1 attack_w=0.25
DBG summary depth_safety_fired=2
Score = 146117

=== CASE 0039.txt ===
cmd=target/release/tester ./a.out
returncode=0 timed_out=0 elapsed_sec=1.952621
score=315764.0
--- stdout ---
8 1
7 1
8 0
7 0
6 0
5 0
4 0
3 0
4 1
2 0
4 2
2 1
2 2
2 2
2 2
2 1
1 2
2 3
2 4
2 5
1 5
1 6
1 7
1 8
3 4
2 6
1 9
3 6
0 9
2 8
3 5
2 9
4 4
3 9
4 3
0 8
5 3
5 2
5 1
7 1
0 6
6 1
5 4
4 0
8 1
6 3
3 7
8 2
6 4
8 3
8 4
4 0
8 5
7 4
3 4
5 5
7 2
3 0
6 5
3 3
4 2
7 3
5 2
2 7
0 5
0 7
4 1
6 3
7 1
6 0
5 1
7 5
7 2
0 5
5 1
0 4
6 0
6 2
9 5
4 0
2 3
9 6
2 2
2 1
2 0
3 0
4 1
3 1
1 4
6 6
6 1
2 4
9 7
4 0
4 2
4 1
3 0
3 2
9 8
2 4
--- stderr ---
DBG hdr N=10 M=7 T=100 U=1 VMAX=1630 TIME_LIMIT=1.94 MAX_CAND=20 UCB_C=0.21
DBG t=0 used=0.02 remain=1.94 turn_time=0.0194 end_in=0.0194 depth=7 dec=0 cand_cap=20 cand=4->4 pick(must/top/rand)=3/1/0 sims=2156 loop=2152 best_avg=-0.998602 leader=1 inc2=1 attack_w=1
DBG t=12 used=0.02 remain=1.7 turn_time=0.0193182 end_in=0.0193182 depth=7 dec=0 cand_cap=20 cand=4->4 pick(must/top/rand)=3/1/0 sims=2148 loop=2144 best_avg=-0.632017 leader=2 inc2=1 attack_w=1
DBG t=24 used=0.02 remain=1.46 turn_time=0.0192105 end_in=0.0192105 depth=7 dec=0 cand_cap=20 cand=17->17 pick(must/top/rand)=5/11/1 sims=1937 loop=1920 best_avg=-0.318318 leader=6 inc2=1 attack_w=0.953924
DBG t=37 used=0.02 remain=1.2 turn_time=0.0190476 end_in=0.0190476 depth=10 dec=0 cand_cap=20 cand=35->20 pick(must/top/rand)=5/11/4 sims=1396 loop=1376 best_avg=0.421081 leader=6 inc2=1 attack_w=0.25
DBG t=49 used=0.019 remain=0.968 turn_time=0.0189804 end_in=0.0189804 depth=10 dec=0 cand_cap=20 cand=58->20 pick(must/top/rand)=7/9/4 sims=1052 loop=1032 best_avg=0.974906 leader=4 inc2=1 attack_w=0.25
DBG t=61 used=0.019 remain=0.74 turn_time=0.0189744 end_in=0.0189744 depth=10 dec=0 cand_cap=20 cand=69->20 pick(must/top/rand)=7/9/4 sims=824 loop=804 best_avg=1.19719 leader=2 inc2=1 attack_w=0.25
DBG t=74 used=0.019 remain=0.493 turn_time=0.0189615 end_in=0.0189615 depth=11 dec=0 cand_cap=20 cand=67->20 pick(must/top/rand)=7/9/4 sims=804 loop=784 best_avg=1.16716 leader=1 inc2=1 attack_w=0.25
DBG t=86 used=0.019 remain=0.265 turn_time=0.0189286 end_in=0.0189286 depth=11 dec=0 cand_cap=20 cand=79->20 pick(must/top/rand)=7/9/4 sims=788 loop=768 best_avg=1.5606 leader=1 inc2=1 attack_w=0.25
DBG t=99 used=0.017 remain=0.017 turn_time=0.017 end_in=0.016 depth=0 dec=1 cand_cap=20 cand=79->20 pick(must/top/rand)=6/10/4 sims=29980 loop=29960 best_avg=1.81563 leader=2 inc2=1 attack_w=0.25
DBG summary depth_safety_fired=11
Score = 315764

=== CASE 0040.txt ===
cmd=target/release/tester ./a.out
returncode=0 timed_out=0 elapsed_sec=1.953154
score=174759.0
--- stdout ---
4 0
4 0
4 0
4 1
4 1
4 1
4 1
3 1
3 2
2 2
2 2
2 2
2 2
4 0
2 3
2 3
5 1
1 3
1 3
5 1
1 3
5 1
1 3
2 3
1 4
0 4
0 4
0 4
5 1
0 4
2 3
0 5
1 5
1 6
1 6
4 1
3 1
1 6
4 1
0 5
1 6
4 1
5 1
5 1
2 6
5 1
2 7
2 7
5 1
6 1
6 1
6 1
6 1
6 0
7 0
2 8
7 1
2 9
2 9
2 9
2 8
7 0
5 1
1 8
3 7
2 5
0 8
4 2
3 5
2 9
7 1
7 2
2 7
0 5
1 2
2 1
2 0
3 0
4 7
4 5
5 7
6 1
1 9
4 4
5 6
6 6
5 6
6 6
5 7
6 6
6 6
4 4
0 5
6 6
6 6
4 3
6 7
7 7
5 2
6 6
--- stderr ---
DBG hdr N=10 M=3 T=100 U=4 VMAX=1431 TIME_LIMIT=1.94 MAX_CAND=20 UCB_C=0.21
DBG t=0 used=0.02 remain=1.94 turn_time=0.0194 end_in=0.0194 depth=7 dec=0 cand_cap=20 cand=4->4 pick(must/top/rand)=3/1/0 sims=4492 loop=4488 best_avg=-1.35295 leader=1 inc2=1 attack_w=0.661628
DBG t=12 used=0.02 remain=1.7 turn_time=0.0193182 end_in=0.0193182 depth=7 dec=0 cand_cap=20 cand=14->14 pick(must/top/rand)=3/11/0 sims=3874 loop=3860 best_avg=-1.4075 leader=2 inc2=1 attack_w=0.324398
DBG t=24 used=0.02 remain=1.46 turn_time=0.0192105 end_in=0.0192105 depth=7 dec=0 cand_cap=20 cand=19->19 pick(must/top/rand)=6/10/3 sims=3095 loop=3076 best_avg=-1.13813 leader=2 inc2=1 attack_w=0.25
DBG t=37 used=0.02 remain=1.2 turn_time=0.0190476 end_in=0.0190476 depth=10 dec=0 cand_cap=20 cand=25->20 pick(must/top/rand)=6/10/4 sims=1788 loop=1768 best_avg=-1.3743 leader=2 inc2=1 attack_w=0.25
DBG t=49 used=0.019 remain=0.968 turn_time=0.0189804 end_in=0.0189804 depth=10 dec=0 cand_cap=20 cand=32->20 pick(must/top/rand)=6/10/4 sims=1540 loop=1520 best_avg=-1.40682 leader=2 inc2=1 attack_w=0.25
DBG t=61 used=0.019 remain=0.74 turn_time=0.0189744 end_in=0.0189744 depth=10 dec=0 cand_cap=20 cand=40->20 pick(must/top/rand)=7/9/4 sims=1484 loop=1464 best_avg=-1.1799 leader=2 inc2=1 attack_w=0.25
DBG t=74 used=0.019 remain=0.493 turn_time=0.0189615 end_in=0.0189615 depth=11 dec=0 cand_cap=20 cand=48->20 pick(must/top/rand)=6/10/4 sims=1176 loop=1156 best_avg=-1.07471 leader=2 inc2=1 attack_w=0.25
DBG t=86 used=0.019 remain=0.265 turn_time=0.0189286 end_in=0.0189286 depth=11 dec=0 cand_cap=20 cand=63->20 pick(must/top/rand)=9/7/4 sims=984 loop=964 best_avg=-1.00559 leader=2 inc2=1 attack_w=0.25
DBG t=99 used=0.017 remain=0.017 turn_time=0.017 end_in=0.016 depth=0 dec=1 cand_cap=20 cand=69->20 pick(must/top/rand)=8/8/4 sims=34252 loop=34232 best_avg=-0.76705 leader=2 inc2=1 attack_w=0.25
DBG summary depth_safety_fired=1
Score = 174759

=== CASE 0041.txt ===
cmd=target/release/tester ./a.out
returncode=0 timed_out=0 elapsed_sec=1.952389
score=109520.0
--- stdout ---
5 7
5 6
6 6
5 6
5 5
5 4
5 4
5 4
6 6
5 5
5 4
6 6
4 4
4 3
4 4
5 5
6 6
5 6
5 6
5 4
6 6
5 5
6 6
7 6
6 4
6 4
7 6
6 3
5 6
5 4
7 6
7 7
5 5
7 7
7 8
7 8
6 5
6 6
6 7
6 7
6 7
7 8
5 5
4 6
5 7
7 6
6 8
7 9
4 7
4 6
4 8
4 6
7 5
7 8
7 8
7 9
8 9
6 5
7 5
6 5
7 5
6 7
4 9
4 7
5 9
8 9
5 5
8 9
7 5
5 5
6 9
8 9
6 5
4 7
3 8
6 5
3 8
6 5
3 8
2 8
1 8
1 7
4 6
4 6
4 7
1 6
0 8
0 7
5 5
6 9
2 6
6 8
4 6
5 5
2 6
7 7
4 7
2 6
2 6
7 7
--- stderr ---
DBG hdr N=10 M=8 T=100 U=4 VMAX=1591 TIME_LIMIT=1.94 MAX_CAND=20 UCB_C=0.21
DBG t=0 used=0.02 remain=1.94 turn_time=0.0194 end_in=0.0194 depth=7 dec=0 cand_cap=20 cand=5->5 pick(must/top/rand)=3/2/0 sims=2185 loop=2180 best_avg=-0.607489 leader=2 inc2=1 attack_w=1
DBG t=12 used=0.02 remain=1.7 turn_time=0.0193182 end_in=0.0193182 depth=7 dec=0 cand_cap=20 cand=18->18 pick(must/top/rand)=6/10/2 sims=1922 loop=1904 best_avg=-0.480094 leader=4 inc2=1 attack_w=0.359302
DBG t=24 used=0.02 remain=1.46 turn_time=0.0192105 end_in=0.0192105 depth=7 dec=0 cand_cap=20 cand=18->18 pick(must/top/rand)=5/11/2 sims=1810 loop=1792 best_avg=-0.481969 leader=6 inc2=1 attack_w=0.707138
DBG t=37 used=0.02 remain=1.2 turn_time=0.0190476 end_in=0.0190476 depth=10 dec=0 cand_cap=20 cand=22->20 pick(must/top/rand)=7/9/4 sims=1256 loop=1236 best_avg=-0.587746 leader=3 inc2=1 attack_w=1
DBG t=49 used=0.019 remain=0.968 turn_time=0.0189804 end_in=0.0189804 depth=10 dec=0 cand_cap=20 cand=24->20 pick(must/top/rand)=9/7/4 sims=1176 loop=1156 best_avg=-0.656741 leader=3 inc2=1 attack_w=1
DBG t=61 used=0.019 remain=0.74 turn_time=0.0189744 end_in=0.0189744 depth=10 dec=0 cand_cap=20 cand=29->20 pick(must/top/rand)=7/9/4 sims=1136 loop=1116 best_avg=-0.352643 leader=3 inc2=1 attack_w=0.738824
DBG t=74 used=0.019 remain=0.493 turn_time=0.0189615 end_in=0.0189615 depth=11 dec=0 cand_cap=20 cand=30->20 pick(must/top/rand)=7/9/4 sims=1048 loop=1028 best_avg=-0.324352 leader=3 inc2=1 attack_w=0.337181
DBG t=86 used=0.019 remain=0.265 turn_time=0.0189286 end_in=0.0189286 depth=11 dec=0 cand_cap=20 cand=43->20 pick(must/top/rand)=7/9/4 sims=916 loop=896 best_avg=-0.253582 leader=3 inc2=1 attack_w=0.288305
DBG t=99 used=0.017 remain=0.017 turn_time=0.017 end_in=0.016 depth=0 dec=1 cand_cap=20 cand=46->20 pick(must/top/rand)=7/9/4 sims=16320 loop=16300 best_avg=-0.33114 leader=3 inc2=1 attack_w=0.25
DBG summary depth_safety_fired=4
Score = 109520

=== CASE 0044.txt ===
cmd=target/release/tester ./a.out
returncode=0 timed_out=0 elapsed_sec=1.953547
score=104905.0
--- stdout ---
7 9
8 9
6 9
6 9
8 9
6 9
7 9
8 9
5 9
5 9
5 9
5 8
8 9
5 7
5 7
4 8
7 8
7 8
4 8
7 8
4 8
8 8
7 8
8 8
5 7
6 7
5 6
8 9
6 7
6 7
5 5
8 9
5 5
3 8
5 4
5 3
5 2
8 9
5 1
4 1
4 2
4 1
3 1
6 2
6 1
6 0
3 2
7 8
3 1
6 0
3 0
4 6
3 2
6 0
5 4
6 0
3 3
5 1
5 1
6 1
5 0
2 3
2 4
2 0
6 0
6 2
5 2
2 0
2 3
7 2
2 0
7 2
5 2
8 2
4 0
6 1
2 0
5 3
8 2
2 5
2 3
5 4
2 3
3 1
6 3
5 4
2 5
7 2
2 3
2 0
2 5
2 5
9 2
9 2
2 3
6 4
4 1
9 2
2 3
2 0
--- stderr ---
DBG hdr N=10 M=3 T=100 U=3 VMAX=1508 TIME_LIMIT=1.94 MAX_CAND=20 UCB_C=0.21
DBG t=0 used=0.02 remain=1.94 turn_time=0.0194 end_in=0.0194 depth=7 dec=0 cand_cap=20 cand=3->3 pick(must/top/rand)=3/0/0 sims=5155 loop=5152 best_avg=-1.57782 leader=1 inc2=1 attack_w=1
DBG t=12 used=0.02 remain=1.7 turn_time=0.0193182 end_in=0.0193182 depth=7 dec=0 cand_cap=20 cand=12->12 pick(must/top/rand)=6/6/0 sims=3400 loop=3388 best_avg=-1.78953 leader=1 inc2=1 attack_w=1
DBG t=24 used=0.02 remain=1.46 turn_time=0.0192105 end_in=0.0192105 depth=7 dec=0 cand_cap=20 cand=19->19 pick(must/top/rand)=6/10/3 sims=2795 loop=2776 best_avg=-1.86302 leader=1 inc2=1 attack_w=1
DBG t=37 used=0.02 remain=1.2 turn_time=0.0190476 end_in=0.0190476 depth=10 dec=0 cand_cap=20 cand=37->20 pick(must/top/rand)=9/7/4 sims=1428 loop=1408 best_avg=-1.83082 leader=1 inc2=1 attack_w=1
DBG t=49 used=0.019 remain=0.968 turn_time=0.0189804 end_in=0.0189804 depth=10 dec=0 cand_cap=20 cand=46->20 pick(must/top/rand)=8/8/4 sims=1328 loop=1308 best_avg=-1.86769 leader=1 inc2=1 attack_w=1
DBG t=61 used=0.019 remain=0.74 turn_time=0.0189744 end_in=0.0189744 depth=10 dec=0 cand_cap=20 cand=28->20 pick(must/top/rand)=8/8/4 sims=1320 loop=1300 best_avg=-1.86257 leader=1 inc2=1 attack_w=1
DBG t=74 used=0.019 remain=0.493 turn_time=0.0189615 end_in=0.0189615 depth=11 dec=0 cand_cap=20 cand=38->20 pick(must/top/rand)=8/8/4 sims=1032 loop=1012 best_avg=-1.7526 leader=1 inc2=1 attack_w=0.926489
DBG t=86 used=0.019 remain=0.265 turn_time=0.0189286 end_in=0.0189286 depth=11 dec=0 cand_cap=20 cand=38->20 pick(must/top/rand)=8/8/4 sims=1048 loop=1028 best_avg=-1.697 leader=1 inc2=1 attack_w=0.6954
DBG t=99 used=0.018 remain=0.018 turn_time=0.018 end_in=0.017 depth=0 dec=0 cand_cap=20 cand=41->20 pick(must/top/rand)=9/7/4 sims=23116 loop=23096 best_avg=-1.5984 leader=1 inc2=1 attack_w=0.394492
DBG summary depth_safety_fired=0
Score = 104905

=== CASE 0043.txt ===
cmd=target/release/tester ./a.out
returncode=0 timed_out=0 elapsed_sec=1.954648
score=427210.0
--- stdout ---
0 3
0 4
0 2
0 1
0 0
1 0
1 4
1 5
2 4
1 6
3 4
1 7
3 5
1 8
2 8
2 8
2 8
0 7
2 8
3 8
3 9
4 8
5 8
5 9
6 8
7 8
6 7
7 7
8 7
6 6
6 5
7 5
8 6
7 4
7 3
7 2
9 6
6 4
5 4
7 2
9 7
7 1
8 2
7 0
2 7
8 8
5 3
4 3
8 0
7 9
4 4
8 3
9 3
6 9
4 4
6 2
5 6
5 2
5 3
4 3
6 0
4 5
5 1
5 0
9 5
4 2
1 4
0 3
4 0
5 7
6 1
4 6
5 5
9 2
2 4
2 3
4 4
3 4
0 3
0 2
1 3
9 1
4 1
4 0
1 2
0 8
4 3
9 4
3 3
1 3
4 0
4 9
0 1
3 0
2 4
1 1
0 0
1 0
2 0
3 2
--- stderr ---
DBG hdr N=10 M=4 T=100 U=1 VMAX=2001 TIME_LIMIT=1.94 MAX_CAND=20 UCB_C=0.21
DBG t=0 used=0.02 remain=1.94 turn_time=0.0194 end_in=0.0194 depth=7 dec=0 cand_cap=20 cand=4->4 pick(must/top/rand)=3/1/0 sims=3832 loop=3828 best_avg=-1.40789 leader=1 inc2=0 attack_w=1
DBG t=12 used=0.02 remain=1.7 turn_time=0.0193182 end_in=0.0193182 depth=7 dec=0 cand_cap=20 cand=20->20 pick(must/top/rand)=5/11/4 sims=2496 loop=2476 best_avg=-1.21927 leader=3 inc2=1 attack_w=1
DBG t=24 used=0.02 remain=1.46 turn_time=0.0192105 end_in=0.0192105 depth=7 dec=0 cand_cap=20 cand=31->20 pick(must/top/rand)=7/9/4 sims=1816 loop=1796 best_avg=-0.885778 leader=3 inc2=1 attack_w=0.694456
DBG t=37 used=0.02 remain=1.2 turn_time=0.0190476 end_in=0.0190476 depth=10 dec=0 cand_cap=20 cand=57->20 pick(must/top/rand)=6/10/4 sims=1056 loop=1036 best_avg=-0.309231 leader=2 inc2=1 attack_w=0.25
DBG t=49 used=0.019 remain=0.968 turn_time=0.0189804 end_in=0.0189804 depth=10 dec=0 cand_cap=20 cand=68->20 pick(must/top/rand)=6/10/4 sims=968 loop=948 best_avg=-0.169252 leader=2 inc2=0 attack_w=0.25
DBG t=61 used=0.019 remain=0.74 turn_time=0.0189744 end_in=0.0189744 depth=10 dec=0 cand_cap=20 cand=76->20 pick(must/top/rand)=7/9/4 sims=912 loop=892 best_avg=0.39168 leader=3 inc2=1 attack_w=0.25
DBG t=74 used=0.019 remain=0.493 turn_time=0.0189615 end_in=0.0189615 depth=11 dec=0 cand_cap=20 cand=86->20 pick(must/top/rand)=7/9/4 sims=796 loop=776 best_avg=0.845131 leader=3 inc2=1 attack_w=0.25
DBG t=86 used=0.019 remain=0.265 turn_time=0.0189286 end_in=0.0189286 depth=11 dec=0 cand_cap=20 cand=93->20 pick(must/top/rand)=7/9/4 sims=756 loop=736 best_avg=1.14347 leader=2 inc2=0 attack_w=0.25
DBG t=99 used=0.018 remain=0.018 turn_time=0.018 end_in=0.017 depth=0 dec=0 cand_cap=20 cand=95->20 pick(must/top/rand)=5/11/4 sims=43616 loop=43596 best_avg=2.07099 leader=2 inc2=0 attack_w=0.25
DBG summary depth_safety_fired=0
Score = 427210

=== CASE 0045.txt ===
cmd=target/release/tester ./a.out
returncode=0 timed_out=0 elapsed_sec=1.952713
score=135512.0
--- stdout ---
2 2
2 2
2 1
2 2
2 1
1 2
1 3
0 2
3 1
1 2
3 2
3 2
2 1
1 3
3 1
0 2
4 2
0 3
4 2
1 3
1 3
4 2
3 2
1 3
0 2
4 2
4 2
5 2
1 3
2 3
2 2
1 3
0 3
0 3
0 1
3 1
2 3
2 3
4 3
4 3
1 2
4 3
1 3
2 3
3 2
0 4
0 4
1 3
0 3
4 2
0 3
0 1
0 3
5 2
4 3
1 3
0 3
4 1
2 3
5 2
1 3
5 2
6 2
6 3
1 3
6 3
1 3
2 0
6 2
2 0
0 1
6 3
2 3
6 2
2 3
1 4
5 3
1 5
2 5
2 0
5 3
2 5
1 5
1 5
5 2
4 1
2 4
1 3
2 0
5 3
6 2
5 3
2 0
2 4
4 0
6 3
2 4
1 6
1 7
4 0
--- stderr ---
DBG hdr N=10 M=8 T=100 U=3 VMAX=1509 TIME_LIMIT=1.94 MAX_CAND=20 UCB_C=0.21
DBG t=0 used=0.02 remain=1.94 turn_time=0.0194 end_in=0.0194 depth=7 dec=0 cand_cap=20 cand=4->4 pick(must/top/rand)=3/1/0 sims=2248 loop=2244 best_avg=-0.986692 leader=6 inc2=1 attack_w=1
DBG t=12 used=0.02 remain=1.7 turn_time=0.0193182 end_in=0.0193182 depth=7 dec=0 cand_cap=20 cand=15->15 pick(must/top/rand)=5/10/0 sims=1679 loop=1664 best_avg=-0.988965 leader=6 inc2=1 attack_w=1
DBG t=24 used=0.02 remain=1.46 turn_time=0.0192105 end_in=0.0192105 depth=7 dec=0 cand_cap=20 cand=18->18 pick(must/top/rand)=7/9/2 sims=1522 loop=1504 best_avg=-0.957082 leader=6 inc2=1 attack_w=1
DBG t=37 used=0.02 remain=1.2 turn_time=0.0190476 end_in=0.0190476 depth=10 dec=0 cand_cap=20 cand=19->19 pick(must/top/rand)=5/11/3 sims=1059 loop=1040 best_avg=-0.74028 leader=6 inc2=1 attack_w=1
DBG t=49 used=0.019 remain=0.968 turn_time=0.0189804 end_in=0.0189804 depth=10 dec=0 cand_cap=20 cand=22->20 pick(must/top/rand)=5/11/4 sims=1104 loop=1084 best_avg=-0.615683 leader=6 inc2=1 attack_w=1
DBG t=61 used=0.019 remain=0.74 turn_time=0.0189744 end_in=0.0189744 depth=10 dec=0 cand_cap=20 cand=25->20 pick(must/top/rand)=5/11/4 sims=1052 loop=1032 best_avg=-0.629667 leader=6 inc2=1 attack_w=1
DBG t=74 used=0.019 remain=0.493 turn_time=0.0189615 end_in=0.0189615 depth=11 dec=0 cand_cap=20 cand=28->20 pick(must/top/rand)=7/9/4 sims=948 loop=928 best_avg=-0.527763 leader=6 inc2=1 attack_w=1
DBG t=86 used=0.019 remain=0.265 turn_time=0.0189286 end_in=0.0189286 depth=11 dec=0 cand_cap=20 cand=31->20 pick(must/top/rand)=5/11/4 sims=960 loop=940 best_avg=-0.115492 leader=6 inc2=1 attack_w=0.385849
DBG t=99 used=0.018 remain=0.018 turn_time=0.018 end_in=0.017 depth=0 dec=0 cand_cap=20 cand=41->20 pick(must/top/rand)=6/10/4 sims=19260 loop=19240 best_avg=0.0183744 leader=7 inc2=1 attack_w=0.25
DBG summary depth_safety_fired=0
Score = 135512

=== CASE 0042.txt ===
cmd=target/release/tester ./a.out
returncode=0 timed_out=0 elapsed_sec=1.956116
score=120515.0
--- stdout ---
0 8
0 9
0 7
1 9
0 9
0 7
0 7
0 7
0 7
0 7
0 6
0 6
0 6
2 9
2 9
0 6
2 9
0 6
2 8
0 5
2 9
3 9
0 7
3 9
2 9
2 9
1 5
1 5
1 5
2 5
1 5
2 8
2 8
3 5
3 5
2 5
1 7
1 8
3 9
1 7
3 5
2 8
1 8
3 5
1 5
1 7
2 5
1 9
1 8
1 8
0 8
1 8
3 5
2 5
0 7
0 8
3 5
1 4
3 9
2 9
3 5
0 9
4 5
0 9
3 5
2 9
0 7
4 5
2 9
3 5
2 9
4 5
2 9
1 8
2 8
0 8
0 7
3 5
4 5
3 5
2 9
0 7
2 9
0 5
3 9
1 5
1 4
1 4
0 7
0 5
2 5
4 5
3 5
1 7
2 6
1 4
4 5
0 5
4 5
3 5
--- stderr ---
DBG hdr N=10 M=8 T=100 U=5 VMAX=2032 TIME_LIMIT=1.94 MAX_CAND=20 UCB_C=0.21
DBG t=0 used=0.02 remain=1.94 turn_time=0.0194 end_in=0.0194 depth=7 dec=0 cand_cap=20 cand=3->3 pick(must/top/rand)=3/0/0 sims=2447 loop=2444 best_avg=-0.689966 leader=5 inc2=1 attack_w=1
DBG t=12 used=0.02 remain=1.7 turn_time=0.0193182 end_in=0.0193182 depth=7 dec=0 cand_cap=20 cand=9->9 pick(must/top/rand)=5/4/0 sims=1717 loop=1708 best_avg=-0.541231 leader=1 inc2=1 attack_w=0.622146
DBG t=24 used=0.02 remain=1.46 turn_time=0.0192105 end_in=0.0192105 depth=7 dec=0 cand_cap=20 cand=15->15 pick(must/top/rand)=6/9/0 sims=1559 loop=1544 best_avg=-0.446965 leader=1 inc2=1 attack_w=0.347026
DBG t=37 used=0.02 remain=1.2 turn_time=0.0190476 end_in=0.0190476 depth=10 dec=0 cand_cap=20 cand=24->20 pick(must/top/rand)=7/9/4 sims=1064 loop=1044 best_avg=-0.219483 leader=2 inc2=1 attack_w=0.25
DBG t=49 used=0.019 remain=0.968 turn_time=0.0189804 end_in=0.0189804 depth=10 dec=0 cand_cap=20 cand=8->8 pick(must/top/rand)=6/2/0 sims=1036 loop=1028 best_avg=-0.22003 leader=7 inc2=1 attack_w=0.25
DBG t=61 used=0.019 remain=0.74 turn_time=0.0189744 end_in=0.0189744 depth=10 dec=0 cand_cap=20 cand=25->20 pick(must/top/rand)=6/10/4 sims=1000 loop=980 best_avg=-0.266635 leader=2 inc2=1 attack_w=0.25
DBG t=74 used=0.019 remain=0.493 turn_time=0.0189615 end_in=0.0189615 depth=11 dec=0 cand_cap=20 cand=8->8 pick(must/top/rand)=5/3/0 sims=844 loop=836 best_avg=-0.254723 leader=3 inc2=1 attack_w=0.25
DBG t=86 used=0.019 remain=0.265 turn_time=0.0189286 end_in=0.0189286 depth=11 dec=0 cand_cap=20 cand=25->20 pick(must/top/rand)=5/11/4 sims=840 loop=820 best_avg=-0.278394 leader=3 inc2=1 attack_w=0.25
DBG t=99 used=0.018 remain=0.018 turn_time=0.018 end_in=0.017 depth=0 dec=0 cand_cap=20 cand=19->19 pick(must/top/rand)=6/10/3 sims=15215 loop=15196 best_avg=-0.188039 leader=3 inc2=1 attack_w=0.25
DBG summary depth_safety_fired=0
Score = 120515

=== CASE 0047.txt ===
cmd=target/release/tester ./a.out
returncode=0 timed_out=0 elapsed_sec=1.952640
score=107985.0
--- stdout ---
2 5
3 5
3 6
4 6
4 6
5 6
6 6
7 6
7 6
6 6
8 6
8 6
7 5
7 5
7 4
7 5
9 6
9 6
7 4
6 5
7 4
9 5
7 5
6 4
5 6
9 5
7 5
6 7
9 5
5 4
7 7
7 7
6 4
7 7
6 8
6 7
6 7
9 6
6 8
8 7
7 8
6 5
7 9
8 7
7 8
8 6
7 6
5 6
8 9
5 6
5 6
6 6
9 7
5 8
8 7
5 9
4 9
5 7
5 6
3 9
9 7
5 6
9 4
8 5
5 6
6 8
6 6
4 7
4 7
4 7
2 9
1 9
2 8
1 8
1 7
3 9
3 9
7 8
7 9
5 8
5 8
0 9
6 9
7 5
5 7
7 5
7 5
5 6
8 9
7 6
8 8
8 8
5 6
6 9
9 4
4 8
4 6
5 5
1 7
7 6
--- stderr ---
DBG hdr N=10 M=4 T=100 U=3 VMAX=2265 TIME_LIMIT=1.94 MAX_CAND=20 UCB_C=0.21
DBG t=0 used=0.02 remain=1.94 turn_time=0.0194 end_in=0.0194 depth=7 dec=0 cand_cap=20 cand=5->5 pick(must/top/rand)=3/2/0 sims=3417 loop=3412 best_avg=-1.52857 leader=1 inc2=0 attack_w=1
DBG t=12 used=0.02 remain=1.7 turn_time=0.0193182 end_in=0.0193182 depth=7 dec=0 cand_cap=20 cand=24->20 pick(must/top/rand)=7/9/4 sims=2436 loop=2416 best_avg=-1.22212 leader=1 inc2=0 attack_w=1
DBG t=24 used=0.02 remain=1.46 turn_time=0.0192105 end_in=0.0192105 depth=7 dec=0 cand_cap=20 cand=21->20 pick(must/top/rand)=9/7/4 sims=2124 loop=2104 best_avg=-1.13681 leader=1 inc2=1 attack_w=1
DBG t=37 used=0.02 remain=1.2 turn_time=0.0190476 end_in=0.0190476 depth=10 dec=0 cand_cap=20 cand=19->19 pick(must/top/rand)=8/8/3 sims=1435 loop=1416 best_avg=-1.34014 leader=1 inc2=1 attack_w=1
DBG t=49 used=0.019 remain=0.968 turn_time=0.0189804 end_in=0.0189804 depth=10 dec=0 cand_cap=20 cand=22->20 pick(must/top/rand)=8/8/4 sims=1300 loop=1280 best_avg=-1.29166 leader=1 inc2=1 attack_w=1
DBG t=61 used=0.019 remain=0.74 turn_time=0.0189744 end_in=0.0189744 depth=10 dec=0 cand_cap=20 cand=33->20 pick(must/top/rand)=7/9/4 sims=1272 loop=1252 best_avg=-1.05298 leader=1 inc2=1 attack_w=0.894068
DBG t=74 used=0.019 remain=0.493 turn_time=0.0189615 end_in=0.0189615 depth=11 dec=0 cand_cap=20 cand=7->7 pick(must/top/rand)=7/0/0 sims=1283 loop=1276 best_avg=-1.09092 leader=1 inc2=1 attack_w=0.683879
DBG t=86 used=0.019 remain=0.265 turn_time=0.0189286 end_in=0.0189286 depth=11 dec=0 cand_cap=20 cand=39->20 pick(must/top/rand)=8/8/4 sims=1124 loop=1104 best_avg=-0.965532 leader=1 inc2=1 attack_w=0.4892
DBG t=99 used=0.018 remain=0.018 turn_time=0.018 end_in=0.017 depth=0 dec=0 cand_cap=20 cand=40->20 pick(must/top/rand)=7/9/4 sims=20416 loop=20396 best_avg=-0.973247 leader=1 inc2=1 attack_w=0.25
DBG summary depth_safety_fired=0
Score = 107985

=== CASE 0046.txt ===
cmd=target/release/tester ./a.out
returncode=0 timed_out=0 elapsed_sec=1.953652
score=117667.0
--- stdout ---
2 8
1 7
1 7
1 6
2 8
1 5
0 5
0 5
1 5
0 6
0 6
1 4
1 4
2 4
2 4
1 8
3 7
3 6
1 8
2 3
3 8
4 6
3 5
5 6
5 5
6 5
6 4
6 3
7 5
6 3
6 6
7 3
7 4
7 5
7 4
6 7
6 7
5 7
8 4
6 7
8 3
8 3
8 4
6 8
6 8
7 8
7 8
6 7
6 7
7 8
6 7
7 7
6 7
7 3
7 3
5 6
6 4
6 5
8 4
8 4
6 6
5 5
7 3
7 2
5 3
7 3
8 2
7 5
5 3
7 5
4 5
7 5
8 3
8 2
8 3
5 4
4 4
4 3
5 2
4 3
8 3
3 3
3 7
8 2
0 8
7 6
9 2
9 2
3 3
0 8
4 2
3 6
8 5
5 5
3 7
7 6
4 4
4 2
4 1
5 1
--- stderr ---
DBG hdr N=10 M=3 T=100 U=2 VMAX=1251 TIME_LIMIT=1.94 MAX_CAND=20 UCB_C=0.21
DBG t=0 used=0.02 remain=1.94 turn_time=0.0194 end_in=0.0194 depth=7 dec=0 cand_cap=20 cand=5->5 pick(must/top/rand)=3/2/0 sims=4129 loop=4124 best_avg=-1.42813 leader=2 inc2=1 attack_w=1
DBG t=12 used=0.02 remain=1.7 turn_time=0.0193182 end_in=0.0193182 depth=7 dec=0 cand_cap=20 cand=18->18 pick(must/top/rand)=3/13/2 sims=2766 loop=2748 best_avg=-1.23374 leader=1 inc2=1 attack_w=0.25
DBG t=24 used=0.02 remain=1.46 turn_time=0.0192105 end_in=0.0192105 depth=7 dec=0 cand_cap=20 cand=35->20 pick(must/top/rand)=7/9/4 sims=2160 loop=2140 best_avg=-1.07076 leader=2 inc2=1 attack_w=0.25
DBG t=37 used=0.02 remain=1.2 turn_time=0.0190476 end_in=0.0190476 depth=10 dec=0 cand_cap=20 cand=19->19 pick(must/top/rand)=9/7/3 sims=1495 loop=1476 best_avg=-0.825283 leader=1 inc2=1 attack_w=0.25
DBG t=49 used=0.019 remain=0.968 turn_time=0.0189804 end_in=0.0189804 depth=10 dec=0 cand_cap=20 cand=7->7 pick(must/top/rand)=4/3/0 sims=1743 loop=1736 best_avg=-1.12989 leader=2 inc2=1 attack_w=0.25
DBG t=61 used=0.019 remain=0.74 turn_time=0.0189744 end_in=0.0189744 depth=10 dec=0 cand_cap=20 cand=18->18 pick(must/top/rand)=6/10/2 sims=1550 loop=1532 best_avg=-1.26433 leader=1 inc2=1 attack_w=0.25
DBG t=74 used=0.019 remain=0.493 turn_time=0.0189615 end_in=0.0189615 depth=11 dec=0 cand_cap=20 cand=24->20 pick(must/top/rand)=8/8/4 sims=1108 loop=1088 best_avg=-1.08623 leader=1 inc2=1 attack_w=0.25
DBG t=86 used=0.019 remain=0.265 turn_time=0.0189286 end_in=0.0189286 depth=11 dec=0 cand_cap=20 cand=53->20 pick(must/top/rand)=9/7/4 sims=1144 loop=1124 best_avg=-1.11328 leader=2 inc2=1 attack_w=0.25
DBG t=99 used=0.018 remain=0.018 turn_time=0.018 end_in=0.017 depth=0 dec=0 cand_cap=20 cand=37->20 pick(must/top/rand)=9/7/4 sims=29764 loop=29744 best_avg=-1.23514 leader=1 inc2=1 attack_w=0.25
DBG summary depth_safety_fired=0
Score = 117667

=== CASE 0050.txt ===
cmd=target/release/tester ./a.out
returncode=0 timed_out=0 elapsed_sec=1.952484
score=239324.0
--- stdout ---
2 9
2 8
2 7
2 7
3 7
3 6
3 6
4 6
4 6
3 7
4 7
4 7
3 8
1 7
4 8
3 9
2 6
3 5
1 6
4 8
2 5
2 4
3 6
2 4
2 5
3 6
2 4
2 5
3 6
2 6
2 3
3 3
4 3
4 2
4 1
4 1
3 2
4 1
4 1
3 1
5 1
6 1
4 0
3 1
2 1
3 0
3 0
2 1
4 0
4 1
4 2
5 1
2 2
4 2
6 1
5 2
3 2
5 0
3 2
2 3
2 3
1 3
5 0
5 0
6 2
2 3
5 3
6 2
6 3
1 2
1 4
1 5
1 6
5 3
5 2
2 3
5 3
1 3
2 3
5 4
5 4
1 6
5 5
3 7
4 7
4 6
2 6
5 7
3 6
0 6
0 6
5 7
0 5
3 5
3 6
1 5
4 6
4 3
2 3
2 4
--- stderr ---
DBG hdr N=10 M=3 T=100 U=2 VMAX=1379 TIME_LIMIT=1.94 MAX_CAND=20 UCB_C=0.21
DBG t=0 used=0.02 remain=1.94 turn_time=0.0194 end_in=0.0194 depth=7 dec=0 cand_cap=20 cand=4->4 pick(must/top/rand)=3/1/0 sims=4808 loop=4804 best_avg=-1.49465 leader=1 inc2=1 attack_w=0.184006
DBG t=12 used=0.02 remain=1.7 turn_time=0.0193182 end_in=0.0193182 depth=7 dec=0 cand_cap=20 cand=19->19 pick(must/top/rand)=4/12/3 sims=3023 loop=3004 best_avg=-0.915836 leader=2 inc2=1 attack_w=0.25
DBG t=24 used=0.02 remain=1.456 turn_time=0.0191579 end_in=0.0191579 depth=7 dec=0 cand_cap=20 cand=29->20 pick(must/top/rand)=5/11/4 sims=2568 loop=2548 best_avg=-0.802035 leader=2 inc2=1 attack_w=0.25
DBG t=37 used=0.019 remain=1.196 turn_time=0.0189841 end_in=0.0189841 depth=10 dec=0 cand_cap=20 cand=6->6 pick(must/top/rand)=6/0/0 sims=2062 loop=2056 best_avg=-1.13446 leader=2 inc2=1 attack_w=0.25
DBG t=49 used=0.019 remain=0.968 turn_time=0.0189804 end_in=0.0189804 depth=10 dec=0 cand_cap=20 cand=10->10 pick(must/top/rand)=6/4/0 sims=2090 loop=2080 best_avg=-0.669568 leader=1 inc2=1 attack_w=0.25
DBG t=61 used=0.019 remain=0.739 turn_time=0.0189487 end_in=0.0189487 depth=10 dec=0 cand_cap=20 cand=24->20 pick(must/top/rand)=9/7/4 sims=1388 loop=1368 best_avg=-0.659419 leader=2 inc2=1 attack_w=0.25
DBG t=74 used=0.019 remain=0.492 turn_time=0.0189231 end_in=0.0189231 depth=11 dec=0 cand_cap=20 cand=50->20 pick(must/top/rand)=9/7/4 sims=1316 loop=1296 best_avg=-0.367873 leader=2 inc2=1 attack_w=0.25
DBG t=86 used=0.019 remain=0.264 turn_time=0.0188571 end_in=0.0188571 depth=11 dec=0 cand_cap=20 cand=22->20 pick(must/top/rand)=9/7/4 sims=1508 loop=1488 best_avg=-0.223239 leader=1 inc2=1 attack_w=0.25
DBG t=99 used=0.017 remain=0.017 turn_time=0.017 end_in=0.016 depth=0 dec=1 cand_cap=20 cand=58->20 pick(must/top/rand)=8/8/4 sims=51588 loop=51568 best_avg=0.168309 leader=2 inc2=1 attack_w=0.25
DBG summary depth_safety_fired=1
Score = 239324

=== CASE 0049.txt ===
cmd=target/release/tester ./a.out
returncode=0 timed_out=0 elapsed_sec=1.953555
score=95832.0
--- stdout ---
5 6
5 7
5 4
6 5
5 4
5 3
5 2
5 5
4 5
4 5
5 4
5 5
5 4
4 5
5 6
4 5
5 3
5 7
5 3
4 7
5 5
3 5
2 5
5 6
5 6
4 6
4 6
5 3
5 7
4 6
6 6
3 5
2 5
3 6
6 6
6 6
5 7
7 6
6 6
6 4
4 6
4 5
6 4
6 4
5 8
6 5
4 5
5 9
5 9
3 6
5 7
3 5
4 5
3 6
6 7
5 8
6 3
4 8
4 5
6 2
5 2
3 6
5 1
3 6
5 1
5 1
4 7
5 0
5 1
5 2
6 2
3 5
3 7
4 9
7 5
4 8
4 5
6 3
4 7
6 2
6 1
6 0
4 1
6 3
5 2
4 2
6 2
4 2
4 1
6 3
4 7
4 6
6 1
3 7
5 7
4 5
5 2
4 9
5 5
4 5
--- stderr ---
DBG hdr N=10 M=3 T=100 U=4 VMAX=1541 TIME_LIMIT=1.94 MAX_CAND=20 UCB_C=0.21
DBG t=0 used=0.02 remain=1.94 turn_time=0.0194 end_in=0.0194 depth=7 dec=0 cand_cap=20 cand=5->5 pick(must/top/rand)=3/2/0 sims=4381 loop=4376 best_avg=-1.20417 leader=2 inc2=1 attack_w=0.15
DBG t=12 used=0.02 remain=1.7 turn_time=0.0193182 end_in=0.0193182 depth=7 dec=0 cand_cap=20 cand=16->16 pick(must/top/rand)=6/10/0 sims=3304 loop=3288 best_avg=-1.35497 leader=2 inc2=1 attack_w=0.25
DBG t=24 used=0.02 remain=1.456 turn_time=0.0191579 end_in=0.0191579 depth=7 dec=0 cand_cap=20 cand=23->20 pick(must/top/rand)=6/10/4 sims=2684 loop=2664 best_avg=-1.33226 leader=1 inc2=1 attack_w=0.25
DBG t=37 used=0.019 remain=1.196 turn_time=0.0189841 end_in=0.0189841 depth=10 dec=0 cand_cap=20 cand=21->20 pick(must/top/rand)=8/8/4 sims=1644 loop=1624 best_avg=-1.5667 leader=2 inc2=1 attack_w=0.783815
DBG t=49 used=0.019 remain=0.967 turn_time=0.0189608 end_in=0.0189608 depth=10 dec=0 cand_cap=20 cand=26->20 pick(must/top/rand)=8/8/4 sims=1816 loop=1796 best_avg=-1.44984 leader=2 inc2=1 attack_w=0.288077
DBG t=61 used=0.019 remain=0.739 turn_time=0.0189487 end_in=0.0189487 depth=10 dec=0 cand_cap=20 cand=34->20 pick(must/top/rand)=9/7/4 sims=1280 loop=1260 best_avg=-1.25583 leader=2 inc2=1 attack_w=0.25
DBG t=74 used=0.019 remain=0.492 turn_time=0.0189231 end_in=0.0189231 depth=11 dec=0 cand_cap=20 cand=33->20 pick(must/top/rand)=9/7/4 sims=1264 loop=1244 best_avg=-1.24561 leader=2 inc2=1 attack_w=0.25
DBG t=86 used=0.019 remain=0.264 turn_time=0.0188571 end_in=0.0188571 depth=11 dec=0 cand_cap=20 cand=7->7 pick(must/top/rand)=4/3/0 sims=1723 loop=1716 best_avg=-1.54085 leader=2 inc2=1 attack_w=0.25
DBG t=99 used=0.017 remain=0.017 turn_time=0.017 end_in=0.016 depth=0 dec=1 cand_cap=20 cand=39->20 pick(must/top/rand)=8/8/4 sims=41188 loop=41168 best_avg=-1.65593 leader=2 inc2=1 attack_w=0.659121
DBG summary depth_safety_fired=1
Score = 95832

=== CASE 0048.txt ===
cmd=target/release/tester ./a.out
returncode=0 timed_out=0 elapsed_sec=1.955379
score=103742.0
--- stdout ---
6 8
6 9
6 8
6 8
4 8
6 7
7 7
6 6
7 6
6 5
5 7
6 4
6 4
5 4
4 4
5 4
4 4
5 5
5 6
7 8
7 8
7 9
3 4
8 8
8 8
7 8
5 9
7 6
7 8
2 4
2 4
2 4
4 7
3 7
7 8
7 6
2 4
9 8
8 8
9 7
9 6
8 6
8 5
4 3
2 3
2 4
3 5
8 6
2 3
4 5
8 7
2 2
2 1
2 2
3 2
2 0
1 0
1 0
0 0
2 1
0 1
2 1
6 5
3 2
4 8
1 0
5 9
7 4
6 6
6 6
7 5
9 9
1 0
0 2
8 9
1 0
8 4
4 9
5 3
1 0
0 2
0 3
1 2
0 1
0 1
5 2
2 1
3 3
5 1
4 2
2 4
4 1
9 8
8 3
5 0
6 0
8 2
3 5
2 2
2 2
--- stderr ---
DBG hdr N=10 M=3 T=100 U=3 VMAX=2106 TIME_LIMIT=1.94 MAX_CAND=20 UCB_C=0.21
DBG t=0 used=0.02 remain=1.94 turn_time=0.0194 end_in=0.0194 depth=7 dec=0 cand_cap=20 cand=5->5 pick(must/top/rand)=3/2/0 sims=4293 loop=4288 best_avg=-1.35388 leader=1 inc2=1 attack_w=0.693678
DBG t=12 used=0.02 remain=1.7 turn_time=0.0193182 end_in=0.0193182 depth=7 dec=0 cand_cap=20 cand=4->4 pick(must/top/rand)=4/0/0 sims=3324 loop=3320 best_avg=-1.14558 leader=1 inc2=1 attack_w=0.25
DBG t=24 used=0.02 remain=1.456 turn_time=0.0191579 end_in=0.0191579 depth=7 dec=0 cand_cap=20 cand=34->20 pick(must/top/rand)=9/7/4 sims=2488 loop=2468 best_avg=-1.26923 leader=1 inc2=1 attack_w=0.25
DBG t=37 used=0.019 remain=1.196 turn_time=0.0189841 end_in=0.0189841 depth=10 dec=0 cand_cap=20 cand=42->20 pick(must/top/rand)=9/7/4 sims=1728 loop=1708 best_avg=-1.61016 leader=1 inc2=1 attack_w=0.25
DBG t=49 used=0.019 remain=0.967 turn_time=0.0189608 end_in=0.0189608 depth=10 dec=0 cand_cap=20 cand=49->20 pick(must/top/rand)=9/7/4 sims=1356 loop=1336 best_avg=-1.74833 leader=2 inc2=1 attack_w=0.53937
DBG t=61 used=0.019 remain=0.738 turn_time=0.0189231 end_in=0.0189231 depth=10 dec=0 cand_cap=20 cand=46->20 pick(must/top/rand)=9/7/4 sims=1052 loop=1032 best_avg=-1.75668 leader=1 inc2=1 attack_w=0.947234
DBG t=74 used=0.019 remain=0.491 turn_time=0.0188846 end_in=0.0188846 depth=11 dec=0 cand_cap=20 cand=63->20 pick(must/top/rand)=9/7/4 sims=1108 loop=1088 best_avg=-1.73713 leader=1 inc2=1 attack_w=0.764397
DBG t=86 used=0.019 remain=0.263 turn_time=0.0187857 end_in=0.0187857 depth=11 dec=0 cand_cap=20 cand=66->20 pick(must/top/rand)=9/7/4 sims=944 loop=924 best_avg=-1.70807 leader=2 inc2=1 attack_w=0.785528
DBG t=99 used=0.017 remain=0.017 turn_time=0.017 end_in=0.016 depth=0 dec=1 cand_cap=20 cand=72->20 pick(must/top/rand)=9/7/4 sims=31464 loop=31444 best_avg=-1.55649 leader=1 inc2=1 attack_w=0.379547
DBG summary depth_safety_fired=2
Score = 103742

=== CASE 0053.txt ===
cmd=target/release/tester ./a.out
returncode=0 timed_out=0 elapsed_sec=1.951179
score=145307.0
--- stdout ---
6 6
5 5
4 5
3 5
3 6
3 7
3 5
3 7
3 7
3 7
3 5
3 7
3 6
3 6
3 6
2 7
2 7
2 7
2 7
5 4
3 6
2 8
2 8
2 7
4 7
4 7
4 7
4 7
4 7
4 5
5 3
6 3
4 4
4 4
4 4
3 4
3 3
2 4
2 4
2 3
2 3
1 7
2 3
2 4
5 3
1 8
2 6
2 2
4 8
2 6
2 6
1 7
0 8
5 6
2 1
2 1
4 5
2 6
2 9
1 7
4 8
0 7
2 8
2 8
4 8
2 5
2 5
3 2
4 2
7 3
4 1
4 0
2 3
4 6
2 4
1 7
2 6
4 5
4 5
1 7
2 4
1 7
1 2
1 5
2 6
2 4
1 7
1 2
3 4
2 4
1 7
2 6
1 5
1 7
2 6
1 5
1 7
1 4
2 6
1 2
--- stderr ---
DBG hdr N=10 M=3 T=100 U=5 VMAX=1960 TIME_LIMIT=1.94 MAX_CAND=20 UCB_C=0.21
DBG t=0 used=0.02 remain=1.94 turn_time=0.0194 end_in=0.0194 depth=7 dec=0 cand_cap=20 cand=5->5 pick(must/top/rand)=3/2/0 sims=4905 loop=4900 best_avg=-1.35162 leader=2 inc2=1 attack_w=0.220761
DBG t=12 used=0.02 remain=1.7 turn_time=0.0193182 end_in=0.0193182 depth=7 dec=0 cand_cap=20 cand=21->20 pick(must/top/rand)=5/11/4 sims=2576 loop=2556 best_avg=-1.14736 leader=2 inc2=1 attack_w=0.25
DBG t=24 used=0.02 remain=1.455 turn_time=0.0191447 end_in=0.0191447 depth=7 dec=0 cand_cap=20 cand=26->20 pick(must/top/rand)=7/9/4 sims=2568 loop=2548 best_avg=-1.1221 leader=2 inc2=1 attack_w=0.25
DBG t=37 used=0.019 remain=1.196 turn_time=0.0189841 end_in=0.0189841 depth=10 dec=0 cand_cap=20 cand=36->20 pick(must/top/rand)=8/8/4 sims=1616 loop=1596 best_avg=-1.14906 leader=1 inc2=1 attack_w=0.25
DBG t=49 used=0.019 remain=0.967 turn_time=0.0189608 end_in=0.0189608 depth=10 dec=0 cand_cap=20 cand=46->20 pick(must/top/rand)=9/7/4 sims=1476 loop=1456 best_avg=-1.08458 leader=2 inc2=1 attack_w=0.25
DBG t=61 used=0.019 remain=0.738 turn_time=0.0189231 end_in=0.0189231 depth=10 dec=0 cand_cap=20 cand=22->20 pick(must/top/rand)=8/8/4 sims=1352 loop=1332 best_avg=-1.16936 leader=1 inc2=1 attack_w=0.25
DBG t=74 used=0.019 remain=0.491 turn_time=0.0188846 end_in=0.0188846 depth=11 dec=0 cand_cap=20 cand=62->20 pick(must/top/rand)=9/7/4 sims=1244 loop=1224 best_avg=-1.08871 leader=2 inc2=1 attack_w=0.25
DBG t=86 used=0.019 remain=0.263 turn_time=0.0187857 end_in=0.0187857 depth=11 dec=0 cand_cap=20 cand=63->20 pick(must/top/rand)=9/7/4 sims=1292 loop=1272 best_avg=-1.12674 leader=1 inc2=1 attack_w=0.25
DBG t=99 used=0.017 remain=0.017 turn_time=0.017 end_in=0.016 depth=0 dec=1 cand_cap=20 cand=63->20 pick(must/top/rand)=9/7/4 sims=37112 loop=37092 best_avg=-1.06322 leader=1 inc2=1 attack_w=0.25
DBG summary depth_safety_fired=2
Score = 145307

=== CASE 0051.txt ===
cmd=target/release/tester ./a.out
returncode=0 timed_out=0 elapsed_sec=1.954123
score=318306.0
--- stdout ---
7 2
7 2
6 2
6 3
6 4
6 2
7 3
8 3
7 0
6 2
8 4
6 2
8 5
8 0
6 1
9 0
6 0
8 1
6 2
9 1
9 2
7 3
9 3
9 5
9 6
8 6
6 0
8 7
8 8
7 8
8 9
9 9
7 9
9 8
7 8
6 9
8 8
8 7
9 7
8 5
7 3
9 6
6 3
7 4
7 6
5 0
7 2
6 4
5 9
7 5
5 3
6 2
8 8
9 4
7 8
6 8
8 5
5 1
4 1
6 6
6 5
7 5
6 4
6 1
4 3
5 2
5 4
4 0
6 7
7 4
6 4
6 4
3 1
5 4
8 2
5 8
5 4
2 1
6 6
5 5
7 2
3 1
3 2
4 0
3 0
6 7
6 7
6 8
5 9
4 2
2 1
3 0
5 4
4 4
2 0
1 0
0 0
2 2
1 2
1 3
--- stderr ---
DBG hdr N=10 M=8 T=100 U=1 VMAX=1078 TIME_LIMIT=1.94 MAX_CAND=20 UCB_C=0.21
DBG t=0 used=0.02 remain=1.94 turn_time=0.0194 end_in=0.0194 depth=7 dec=0 cand_cap=20 cand=5->5 pick(must/top/rand)=3/2/0 sims=1801 loop=1796 best_avg=-0.444046 leader=6 inc2=1 attack_w=1
DBG t=12 used=0.02 remain=1.7 turn_time=0.0193182 end_in=0.0193182 depth=7 dec=0 cand_cap=20 cand=22->20 pick(must/top/rand)=4/12/4 sims=1640 loop=1620 best_avg=-0.101777 leader=2 inc2=1 attack_w=0.661763
DBG t=24 used=0.02 remain=1.456 turn_time=0.0191579 end_in=0.0191579 depth=7 dec=0 cand_cap=20 cand=28->20 pick(must/top/rand)=7/9/4 sims=1380 loop=1360 best_avg=-0.34834 leader=6 inc2=1 attack_w=0.841963
DBG t=37 used=0.019 remain=1.196 turn_time=0.0189841 end_in=0.0189841 depth=10 dec=0 cand_cap=20 cand=12->12 pick(must/top/rand)=3/9/0 sims=808 loop=796 best_avg=0.24753 leader=1 inc2=1 attack_w=0.25
DBG t=49 used=0.019 remain=0.968 turn_time=0.0189804 end_in=0.0189804 depth=10 dec=0 cand_cap=20 cand=46->20 pick(must/top/rand)=7/9/4 sims=752 loop=732 best_avg=0.393465 leader=2 inc2=1 attack_w=0.25
DBG t=61 used=0.019 remain=0.74 turn_time=0.0189744 end_in=0.0189744 depth=10 dec=0 cand_cap=20 cand=55->20 pick(must/top/rand)=7/9/4 sims=604 loop=584 best_avg=0.878477 leader=2 inc2=1 attack_w=0.25
DBG t=74 used=0.019 remain=0.493 turn_time=0.0189615 end_in=0.0189615 depth=11 dec=0 cand_cap=20 cand=56->20 pick(must/top/rand)=7/9/4 sims=668 loop=648 best_avg=0.95324 leader=1 inc2=1 attack_w=0.25
DBG t=86 used=0.019 remain=0.265 turn_time=0.0189286 end_in=0.0189286 depth=11 dec=0 cand_cap=20 cand=62->20 pick(must/top/rand)=6/10/4 sims=692 loop=672 best_avg=1.17446 leader=6 inc2=1 attack_w=0.25
DBG t=99 used=0.018 remain=0.018 turn_time=0.018 end_in=0.017 depth=0 dec=0 cand_cap=20 cand=70->20 pick(must/top/rand)=6/10/4 sims=21908 loop=21888 best_avg=1.72577 leader=3 inc2=1 attack_w=0.25
DBG summary depth_safety_fired=0
Score = 318306

=== CASE 0052.txt ===
cmd=target/release/tester ./a.out
returncode=0 timed_out=0 elapsed_sec=1.953291
score=145274.0
--- stdout ---
1 5
0 6
1 4
1 3
1 4
1 3
2 4
1 3
2 4
2 3
3 3
1 3
4 3
4 2
5 2
4 3
4 3
6 2
4 3
5 1
6 2
6 2
4 3
5 2
5 2
5 0
5 0
5 0
5 0
5 1
5 2
4 0
4 0
4 3
4 0
4 3
7 2
4 1
4 0
5 3
6 2
5 3
4 3
4 3
4 3
3 3
3 3
8 2
8 1
8 0
8 0
8 1
9 0
3 3
3 3
9 0
8 0
6 3
8 0
6 4
9 2
6 5
4 3
3 1
6 6
8 1
8 1
6 4
7 6
7 3
7 6
8 6
8 6
9 6
9 5
9 6
3 1
9 0
6 6
9 4
3 1
9 6
9 7
4 2
7 6
9 7
9 7
8 6
7 7
9 0
3 3
8 6
7 6
8 6
7 6
4 2
8 7
7 6
8 7
9 8
--- stderr ---
DBG hdr N=10 M=5 T=100 U=4 VMAX=1301 TIME_LIMIT=1.94 MAX_CAND=20 UCB_C=0.21
DBG t=0 used=0.02 remain=1.94 turn_time=0.0194 end_in=0.0194 depth=7 dec=0 cand_cap=20 cand=4->4 pick(must/top/rand)=3/1/0 sims=3248 loop=3244 best_avg=-0.755839 leader=3 inc2=0 attack_w=1
DBG t=12 used=0.02 remain=1.7 turn_time=0.0193182 end_in=0.0193182 depth=7 dec=0 cand_cap=20 cand=14->14 pick(must/top/rand)=8/6/0 sims=2222 loop=2208 best_avg=-0.736603 leader=4 inc2=1 attack_w=0.628248
DBG t=24 used=0.02 remain=1.457 turn_time=0.0191711 end_in=0.0191711 depth=7 dec=0 cand_cap=20 cand=14->14 pick(must/top/rand)=5/9/0 sims=2350 loop=2336 best_avg=-1.02546 leader=2 inc2=1 attack_w=1
DBG t=37 used=0.02 remain=1.197 turn_time=0.019 end_in=0.019 depth=10 dec=0 cand_cap=20 cand=20->20 pick(must/top/rand)=4/12/4 sims=1384 loop=1364 best_avg=-0.804944 leader=3 inc2=0 attack_w=0.694743
DBG t=49 used=0.019 remain=0.967 turn_time=0.0189608 end_in=0.0189608 depth=10 dec=0 cand_cap=20 cand=29->20 pick(must/top/rand)=5/11/4 sims=1428 loop=1408 best_avg=-0.675345 leader=3 inc2=0 attack_w=0.354497
DBG t=61 used=0.019 remain=0.739 turn_time=0.0189487 end_in=0.0189487 depth=10 dec=0 cand_cap=20 cand=35->20 pick(must/top/rand)=5/11/4 sims=1244 loop=1224 best_avg=-0.709935 leader=3 inc2=0 attack_w=0.25
DBG t=74 used=0.019 remain=0.492 turn_time=0.0189231 end_in=0.0189231 depth=11 dec=0 cand_cap=20 cand=48->20 pick(must/top/rand)=7/9/4 sims=1024 loop=1004 best_avg=-0.656666 leader=3 inc2=0 attack_w=0.25
DBG t=86 used=0.019 remain=0.264 turn_time=0.0188571 end_in=0.0188571 depth=11 dec=0 cand_cap=20 cand=50->20 pick(must/top/rand)=6/10/4 sims=1040 loop=1020 best_avg=-0.591908 leader=3 inc2=0 attack_w=0.25
DBG t=99 used=0.017 remain=0.017 turn_time=0.017 end_in=0.016 depth=0 dec=1 cand_cap=20 cand=52->20 pick(must/top/rand)=8/8/4 sims=26036 loop=26016 best_avg=-0.246021 leader=3 inc2=0 attack_w=0.25
DBG summary depth_safety_fired=1
Score = 145274

=== CASE 0056.txt ===
cmd=target/release/tester ./a.out
returncode=0 timed_out=0 elapsed_sec=1.952537
score=111214.0
--- stdout ---
8 5
8 4
8 3
8 3
7 4
6 4
6 3
6 3
6 2
6 1
6 0
6 0
6 2
7 2
7 1
7 1
6 1
5 3
6 0
6 1
8 1
6 0
6 1
5 3
6 0
8 1
5 0
6 1
5 0
4 0
6 0
6 1
5 0
5 2
6 4
6 1
8 5
5 0
6 4
6 1
5 0
6 5
8 5
8 5
9 3
8 2
7 0
9 4
7 4
7 3
7 1
5 1
9 6
4 1
6 5
6 5
5 3
7 5
8 2
8 0
5 3
7 1
8 0
6 1
6 1
7 1
6 3
7 2
5 4
6 3
9 1
9 2
6 3
5 4
8 5
5 3
9 5
6 5
9 4
5 3
7 5
6 5
5 3
7 5
6 6
9 1
8 1
5 3
9 0
8 1
6 2
5 5
6 3
9 6
7 3
5 5
6 3
6 5
5 3
6 6
--- stderr ---
DBG hdr N=10 M=7 T=100 U=2 VMAX=1961 TIME_LIMIT=1.94 MAX_CAND=20 UCB_C=0.21
DBG t=0 used=0.02 remain=1.94 turn_time=0.0194 end_in=0.0194 depth=7 dec=0 cand_cap=20 cand=4->4 pick(must/top/rand)=3/1/0 sims=2188 loop=2184 best_avg=-0.577926 leader=4 inc2=1 attack_w=1
DBG t=12 used=0.02 remain=1.7 turn_time=0.0193182 end_in=0.0193182 depth=7 dec=0 cand_cap=20 cand=12->12 pick(must/top/rand)=5/7/0 sims=1456 loop=1444 best_avg=-0.43812 leader=6 inc2=1 attack_w=0.25
DBG t=24 used=0.02 remain=1.46 turn_time=0.0192105 end_in=0.0192105 depth=7 dec=0 cand_cap=20 cand=17->17 pick(must/top/rand)=4/12/1 sims=1445 loop=1428 best_avg=-0.309017 leader=4 inc2=1 attack_w=0.25
DBG t=37 used=0.02 remain=1.2 turn_time=0.0190476 end_in=0.0190476 depth=10 dec=0 cand_cap=20 cand=29->20 pick(must/top/rand)=8/8/4 sims=876 loop=856 best_avg=-0.264036 leader=4 inc2=1 attack_w=0.25
DBG t=49 used=0.019 remain=0.968 turn_time=0.0189804 end_in=0.0189804 depth=10 dec=0 cand_cap=20 cand=31->20 pick(must/top/rand)=8/8/4 sims=824 loop=804 best_avg=-0.312954 leader=4 inc2=1 attack_w=0.25
DBG t=61 used=0.019 remain=0.74 turn_time=0.0189744 end_in=0.0189744 depth=10 dec=0 cand_cap=20 cand=30->20 pick(must/top/rand)=9/7/4 sims=788 loop=768 best_avg=-0.348156 leader=4 inc2=1 attack_w=0.25
DBG t=74 used=0.019 remain=0.493 turn_time=0.0189615 end_in=0.0189615 depth=11 dec=0 cand_cap=20 cand=29->20 pick(must/top/rand)=6/10/4 sims=740 loop=720 best_avg=-0.341322 leader=4 inc2=1 attack_w=0.25
DBG t=86 used=0.019 remain=0.265 turn_time=0.0189286 end_in=0.0189286 depth=11 dec=0 cand_cap=20 cand=29->20 pick(must/top/rand)=5/11/4 sims=800 loop=780 best_avg=-0.289853 leader=4 inc2=1 attack_w=0.25
DBG t=99 used=0.018 remain=0.018 turn_time=0.018 end_in=0.017 depth=0 dec=0 cand_cap=20 cand=30->20 pick(must/top/rand)=6/10/4 sims=17356 loop=17336 best_avg=-0.332513 leader=4 inc2=1 attack_w=0.25
DBG summary depth_safety_fired=0
Score = 111214

=== CASE 0054.txt ===
cmd=target/release/tester ./a.out
returncode=0 timed_out=0 elapsed_sec=1.955333
score=348850.0
--- stdout ---
4 0
2 0
3 1
3 2
2 2
2 1
1 2
1 0
4 2
0 2
0 3
5 2
6 2
6 1
7 2
5 1
4 1
8 2
4 0
4 2
1 1
0 3
5 3
1 3
2 2
3 2
7 3
0 0
7 1
8 3
9 2
8 1
0 3
0 1
1 3
1 4
1 5
2 5
2 6
3 6
2 7
3 7
3 8
2 8
1 7
3 9
1 8
4 9
5 9
1 9
0 9
6 9
2 9
7 9
8 9
8 8
9 8
8 7
8 6
9 9
7 6
7 5
5 8
7 4
7 3
4 3
5 4
5 7
4 8
6 6
7 4
6 3
4 7
7 7
6 5
4 6
5 6
2 3
1 3
5 5
4 5
0 8
4 4
6 8
3 5
3 3
3 4
6 7
1 4
6 4
4 7
3 9
3 7
2 4
3 8
3 9
2 9
3 8
3 7
2 8
--- stderr ---
DBG hdr N=10 M=4 T=100 U=1 VMAX=1783 TIME_LIMIT=1.94 MAX_CAND=20 UCB_C=0.21
DBG t=0 used=0.02 remain=1.94 turn_time=0.0194 end_in=0.0194 depth=7 dec=0 cand_cap=20 cand=3->3 pick(must/top/rand)=3/0/0 sims=3563 loop=3560 best_avg=-1.21724 leader=3 inc2=1 attack_w=0.883333
DBG t=12 used=0.02 remain=1.7 turn_time=0.0193182 end_in=0.0193182 depth=7 dec=0 cand_cap=20 cand=4->4 pick(must/top/rand)=4/0/0 sims=2136 loop=2132 best_avg=-1.13179 leader=2 inc2=1 attack_w=1
DBG t=24 used=0.02 remain=1.46 turn_time=0.0192105 end_in=0.0192105 depth=7 dec=0 cand_cap=20 cand=36->20 pick(must/top/rand)=4/12/4 sims=2216 loop=2196 best_avg=-0.455721 leader=2 inc2=0 attack_w=0.375837
DBG t=37 used=0.02 remain=1.2 turn_time=0.0190476 end_in=0.0190476 depth=10 dec=0 cand_cap=20 cand=48->20 pick(must/top/rand)=4/12/4 sims=1312 loop=1292 best_avg=-0.111366 leader=2 inc2=0 attack_w=0.25
DBG t=49 used=0.019 remain=0.968 turn_time=0.0189804 end_in=0.0189804 depth=10 dec=0 cand_cap=20 cand=20->20 pick(must/top/rand)=5/11/4 sims=1488 loop=1468 best_avg=-0.027427 leader=2 inc2=0 attack_w=0.25
DBG t=61 used=0.019 remain=0.74 turn_time=0.0189744 end_in=0.0189744 depth=10 dec=0 cand_cap=20 cand=36->20 pick(must/top/rand)=6/10/4 sims=1184 loop=1164 best_avg=0.251943 leader=2 inc2=0 attack_w=0.25
DBG t=74 used=0.019 remain=0.493 turn_time=0.0189615 end_in=0.0189615 depth=11 dec=0 cand_cap=20 cand=81->20 pick(must/top/rand)=7/9/4 sims=800 loop=780 best_avg=0.595029 leader=1 inc2=0 attack_w=0.25
DBG t=86 used=0.019 remain=0.265 turn_time=0.0189286 end_in=0.0189286 depth=11 dec=0 cand_cap=20 cand=85->20 pick(must/top/rand)=7/9/4 sims=760 loop=740 best_avg=1.12706 leader=3 inc2=1 attack_w=0.25
DBG t=99 used=0.018 remain=0.018 turn_time=0.018 end_in=0.017 depth=0 dec=0 cand_cap=20 cand=91->20 pick(must/top/rand)=7/9/4 sims=39552 loop=39532 best_avg=1.50397 leader=2 inc2=0 attack_w=0.25
DBG summary depth_safety_fired=0
Score = 348850

=== CASE 0057.txt ===
cmd=target/release/tester ./a.out
returncode=0 timed_out=0 elapsed_sec=1.952836
score=117888.0
--- stdout ---
1 5
2 5
2 4
3 4
4 4
4 3
4 2
4 3
4 3
4 3
4 2
4 1
5 3
6 3
6 2
6 1
6 0
4 4
6 2
7 1
5 0
6 1
6 2
5 0
5 0
6 1
6 3
5 0
6 3
6 2
5 0
5 0
6 1
7 2
6 2
5 0
7 1
6 2
5 0
4 0
4 0
6 2
5 0
4 0
4 0
6 0
6 2
5 0
4 0
4 0
6 2
6 3
6 0
7 1
5 0
6 3
4 0
4 0
6 2
7 2
6 3
6 4
6 0
6 4
8 1
8 0
6 4
6 5
5 0
6 2
6 3
7 2
8 0
7 0
7 0
8 0
8 2
7 2
8 0
6 2
7 1
7 0
7 0
8 1
6 1
6 3
6 3
6 4
8 1
9 2
6 3
5 0
5 0
6 3
5 0
5 0
5 0
5 0
5 0
6 5
--- stderr ---
DBG hdr N=10 M=7 T=100 U=4 VMAX=1762 TIME_LIMIT=1.94 MAX_CAND=20 UCB_C=0.21
DBG t=0 used=0.02 remain=1.94 turn_time=0.0194 end_in=0.0194 depth=7 dec=0 cand_cap=20 cand=5->5 pick(must/top/rand)=3/2/0 sims=2209 loop=2204 best_avg=-1.07602 leader=4 inc2=1 attack_w=1
DBG t=12 used=0.02 remain=1.7 turn_time=0.0193182 end_in=0.0193182 depth=7 dec=0 cand_cap=20 cand=22->20 pick(must/top/rand)=6/10/4 sims=1884 loop=1864 best_avg=-0.772718 leader=4 inc2=1 attack_w=1
DBG t=24 used=0.02 remain=1.46 turn_time=0.0192105 end_in=0.0192105 depth=7 dec=0 cand_cap=20 cand=14->14 pick(must/top/rand)=9/5/0 sims=1878 loop=1864 best_avg=-0.247944 leader=4 inc2=1 attack_w=0.25
DBG t=37 used=0.02 remain=1.2 turn_time=0.0190476 end_in=0.0190476 depth=10 dec=0 cand_cap=20 cand=15->15 pick(must/top/rand)=7/8/0 sims=1255 loop=1240 best_avg=-0.532229 leader=3 inc2=1 attack_w=0.85076
DBG t=49 used=0.019 remain=0.968 turn_time=0.0189804 end_in=0.0189804 depth=10 dec=0 cand_cap=20 cand=15->15 pick(must/top/rand)=7/8/0 sims=1051 loop=1036 best_avg=-0.719091 leader=3 inc2=1 attack_w=1
DBG t=61 used=0.019 remain=0.74 turn_time=0.0189744 end_in=0.0189744 depth=10 dec=0 cand_cap=20 cand=14->14 pick(must/top/rand)=6/8/0 sims=1126 loop=1112 best_avg=-0.681959 leader=3 inc2=1 attack_w=0.926726
DBG t=74 used=0.019 remain=0.493 turn_time=0.0189615 end_in=0.0189615 depth=11 dec=0 cand_cap=20 cand=20->20 pick(must/top/rand)=7/9/4 sims=1040 loop=1020 best_avg=-0.698722 leader=3 inc2=1 attack_w=0.702932
DBG t=86 used=0.019 remain=0.265 turn_time=0.0189286 end_in=0.0189286 depth=11 dec=0 cand_cap=20 cand=20->20 pick(must/top/rand)=7/9/4 sims=1088 loop=1068 best_avg=-0.486883 leader=3 inc2=1 attack_w=0.949467
DBG t=99 used=0.018 remain=0.018 turn_time=0.018 end_in=0.017 depth=0 dec=0 cand_cap=20 cand=23->20 pick(must/top/rand)=7/9/4 sims=18452 loop=18432 best_avg=-0.282908 leader=6 inc2=1 attack_w=0.25
DBG summary depth_safety_fired=0
Score = 117888

=== CASE 0059.txt ===
cmd=target/release/tester ./a.out
returncode=0 timed_out=0 elapsed_sec=1.952138
score=150996.0
--- stdout ---
3 7
3 8
3 9
3 5
3 7
3 8
3 9
2 8
1 8
4 8
0 8
4 8
1 7
0 8
4 8
3 7
3 6
4 8
0 9
1 7
4 8
4 6
4 8
4 6
4 5
4 8
3 7
3 8
2 8
1 8
1 8
3 6
1 7
1 6
4 5
0 7
2 8
1 7
5 8
2 9
0 7
5 8
5 8
1 6
5 7
6 7
6 7
7 7
7 7
7 6
5 8
2 9
3 5
5 8
3 5
4 4
7 6
5 7
7 5
6 6
4 4
7 6
5 5
6 5
5 5
8 7
9 7
6 5
7 5
7 5
8 7
8 5
1 6
9 5
9 5
8 4
9 4
6 4
9 6
6 3
8 3
8 5
6 3
9 4
8 3
8 3
6 4
8 5
8 2
9 4
6 6
8 6
6 2
7 5
9 5
6 4
7 2
8 5
9 5
9 4
--- stderr ---
DBG hdr N=10 M=4 T=100 U=2 VMAX=1678 TIME_LIMIT=1.94 MAX_CAND=20 UCB_C=0.21
DBG t=0 used=0.02 remain=1.94 turn_time=0.0194 end_in=0.0194 depth=7 dec=0 cand_cap=20 cand=4->4 pick(must/top/rand)=3/1/0 sims=3440 loop=3436 best_avg=-1.28105 leader=2 inc2=1 attack_w=1
DBG t=12 used=0.02 remain=1.7 turn_time=0.0193182 end_in=0.0193182 depth=7 dec=0 cand_cap=20 cand=16->16 pick(must/top/rand)=8/8/0 sims=2768 loop=2752 best_avg=-1.26261 leader=3 inc2=1 attack_w=1
DBG t=24 used=0.02 remain=1.46 turn_time=0.0192105 end_in=0.0192105 depth=7 dec=0 cand_cap=20 cand=19->19 pick(must/top/rand)=9/7/3 sims=2099 loop=2080 best_avg=-1.64571 leader=1 inc2=1 attack_w=1
DBG t=37 used=0.02 remain=1.2 turn_time=0.0190476 end_in=0.0190476 depth=10 dec=0 cand_cap=20 cand=23->20 pick(must/top/rand)=7/9/4 sims=1392 loop=1372 best_avg=-1.35115 leader=3 inc2=1 attack_w=1
DBG t=49 used=0.019 remain=0.968 turn_time=0.0189804 end_in=0.0189804 depth=10 dec=0 cand_cap=20 cand=11->11 pick(must/top/rand)=6/5/0 sims=1159 loop=1148 best_avg=-1.08091 leader=3 inc2=1 attack_w=1
DBG t=61 used=0.019 remain=0.74 turn_time=0.0189744 end_in=0.0189744 depth=10 dec=0 cand_cap=20 cand=42->20 pick(must/top/rand)=7/9/4 sims=1312 loop=1292 best_avg=-0.793932 leader=1 inc2=1 attack_w=0.416723
DBG t=74 used=0.019 remain=0.493 turn_time=0.0189615 end_in=0.0189615 depth=11 dec=0 cand_cap=20 cand=51->20 pick(must/top/rand)=9/7/4 sims=992 loop=972 best_avg=-0.668786 leader=1 inc2=0 attack_w=0.25
DBG t=86 used=0.019 remain=0.265 turn_time=0.0189286 end_in=0.0189286 depth=11 dec=0 cand_cap=20 cand=58->20 pick(must/top/rand)=9/7/4 sims=932 loop=912 best_avg=-0.577977 leader=1 inc2=0 attack_w=0.25
DBG t=99 used=0.018 remain=0.018 turn_time=0.018 end_in=0.017 depth=0 dec=0 cand_cap=20 cand=61->20 pick(must/top/rand)=9/7/4 sims=28052 loop=28032 best_avg=-0.40746 leader=1 inc2=0 attack_w=0.25
DBG summary depth_safety_fired=0
Score = 150996

=== CASE 0058.txt ===
cmd=target/release/tester ./a.out
returncode=0 timed_out=0 elapsed_sec=1.952341
score=152267.0
--- stdout ---
3 0
4 0
5 0
5 0
5 0
6 0
6 0
6 0
4 0
4 0
7 0
7 0
7 0
7 1
7 1
7 1
5 1
5 1
5 1
4 1
4 1
4 1
6 1
6 1
6 1
5 2
5 2
5 2
1 0
1 0
2 1
8 0
1 0
6 2
6 2
6 2
2 2
9 0
2 2
4 2
4 3
2 3
4 3
4 3
9 0
0 0
9 0
8 1
2 3
1 2
0 2
0 2
2 3
2 2
0 2
1 2
2 2
0 2
1 3
2 2
8 1
1 3
2 2
0 3
8 1
2 2
0 3
1 3
2 2
1 2
2 2
2 3
1 3
1 3
2 3
6 3
1 3
1 3
0 4
2 2
0 4
0 5
0 5
1 4
1 4
0 5
0 5
2 2
0 3
7 2
2 2
6 4
0 3
2 2
6 3
0 5
0 5
1 4
0 5
2 3
--- stderr ---
DBG hdr N=10 M=2 T=100 U=3 VMAX=2929 TIME_LIMIT=1.94 MAX_CAND=20 UCB_C=0.21
DBG t=0 used=0.02 remain=1.94 turn_time=0.0194 end_in=0.0194 depth=7 dec=0 cand_cap=20 cand=4->4 pick(must/top/rand)=3/1/0 sims=6292 loop=6288 best_avg=-2.12206 leader=1 inc2=1 attack_w=0.15
DBG t=12 used=0.02 remain=1.7 turn_time=0.0193182 end_in=0.0193182 depth=7 dec=0 cand_cap=20 cand=14->14 pick(must/top/rand)=3/11/0 sims=4082 loop=4068 best_avg=-2.31751 leader=1 inc2=1 attack_w=0.25
DBG t=24 used=0.02 remain=1.46 turn_time=0.0192105 end_in=0.0192105 depth=7 dec=0 cand_cap=20 cand=19->19 pick(must/top/rand)=3/13/3 sims=3431 loop=3412 best_avg=-2.48128 leader=1 inc2=1 attack_w=0.25
DBG t=37 used=0.02 remain=1.2 turn_time=0.0190476 end_in=0.0190476 depth=10 dec=0 cand_cap=20 cand=28->20 pick(must/top/rand)=4/12/4 sims=2088 loop=2068 best_avg=-2.68376 leader=1 inc2=1 attack_w=0.25
DBG t=49 used=0.019 remain=0.968 turn_time=0.0189804 end_in=0.0189804 depth=10 dec=0 cand_cap=20 cand=34->20 pick(must/top/rand)=7/9/4 sims=1788 loop=1768 best_avg=-2.74796 leader=1 inc2=1 attack_w=0.25
DBG t=61 used=0.019 remain=0.74 turn_time=0.0189744 end_in=0.0189744 depth=10 dec=0 cand_cap=20 cand=37->20 pick(must/top/rand)=8/8/4 sims=1772 loop=1752 best_avg=-2.69957 leader=1 inc2=1 attack_w=0.25
DBG t=74 used=0.019 remain=0.493 turn_time=0.0189615 end_in=0.0189615 depth=11 dec=0 cand_cap=20 cand=37->20 pick(must/top/rand)=7/9/4 sims=1516 loop=1496 best_avg=-2.74036 leader=1 inc2=1 attack_w=0.25
DBG t=86 used=0.019 remain=0.265 turn_time=0.0189286 end_in=0.0189286 depth=11 dec=0 cand_cap=20 cand=41->20 pick(must/top/rand)=7/9/4 sims=1508 loop=1488 best_avg=-2.7149 leader=1 inc2=1 attack_w=0.25
DBG t=99 used=0.018 remain=0.018 turn_time=0.018 end_in=0.017 depth=0 dec=0 cand_cap=20 cand=44->20 pick(must/top/rand)=7/9/4 sims=39464 loop=39444 best_avg=-2.62955 leader=1 inc2=1 attack_w=0.25
DBG summary depth_safety_fired=0
Score = 152267

=== CASE 0055.txt ===
cmd=target/release/tester ./a.out
returncode=0 timed_out=0 elapsed_sec=1.955923
score=216128.0
--- stdout ---
0 4
1 4
1 3
1 2
1 1
2 1
2 1
2 0
2 2
2 2
2 0
3 0
3 0
3 2
3 2
0 1
3 0
2 1
1 5
2 5
2 1
3 0
0 3
3 1
1 6
3 0
3 1
1 7
1 8
0 6
1 8
0 7
2 8
0 8
0 7
0 8
3 1
2 7
0 9
3 3
2 8
1 9
3 8
0 9
3 2
3 8
1 0
2 4
0 7
3 1
0 2
4 8
4 0
1 2
4 8
3 2
4 7
3 0
5 7
3 2
2 4
3 3
3 2
3 9
4 0
3 2
2 5
1 6
3 2
3 4
5 7
4 7
3 2
2 3
1 1
2 8
3 2
5 6
3 0
3 7
1 7
2 2
2 3
3 2
2 4
5 6
0 2
2 3
2 9
3 0
3 2
3 7
4 6
3 2
4 9
4 1
4 0
4 1
3 2
4 0
--- stderr ---
DBG hdr N=10 M=8 T=100 U=2 VMAX=1735 TIME_LIMIT=1.94 MAX_CAND=20 UCB_C=0.21
DBG t=0 used=0.02 remain=1.94 turn_time=0.0194 end_in=0.0194 depth=7 dec=0 cand_cap=20 cand=4->4 pick(must/top/rand)=3/1/0 sims=2152 loop=2148 best_avg=-0.905564 leader=2 inc2=1 attack_w=1
DBG t=12 used=0.02 remain=1.7 turn_time=0.0193182 end_in=0.0193182 depth=7 dec=0 cand_cap=20 cand=19->19 pick(must/top/rand)=5/11/3 sims=1563 loop=1544 best_avg=-0.262046 leader=6 inc2=1 attack_w=0.25
DBG t=24 used=0.02 remain=1.46 turn_time=0.0192105 end_in=0.0192105 depth=7 dec=0 cand_cap=20 cand=26->20 pick(must/top/rand)=7/9/4 sims=1576 loop=1556 best_avg=-0.359427 leader=6 inc2=1 attack_w=0.522744
DBG t=37 used=0.02 remain=1.2 turn_time=0.0190476 end_in=0.0190476 depth=10 dec=0 cand_cap=20 cand=36->20 pick(must/top/rand)=9/7/4 sims=968 loop=948 best_avg=-0.0677841 leader=4 inc2=1 attack_w=0.25
DBG t=49 used=0.019 remain=0.968 turn_time=0.0189804 end_in=0.0189804 depth=10 dec=0 cand_cap=20 cand=43->20 pick(must/top/rand)=7/9/4 sims=1020 loop=1000 best_avg=0.277734 leader=4 inc2=1 attack_w=0.25
DBG t=61 used=0.019 remain=0.74 turn_time=0.0189744 end_in=0.0189744 depth=10 dec=0 cand_cap=20 cand=48->20 pick(must/top/rand)=6/10/4 sims=1004 loop=984 best_avg=0.481758 leader=7 inc2=1 attack_w=0.25
DBG t=74 used=0.019 remain=0.493 turn_time=0.0189615 end_in=0.0189615 depth=11 dec=0 cand_cap=20 cand=48->20 pick(must/top/rand)=7/9/4 sims=788 loop=768 best_avg=0.501132 leader=6 inc2=1 attack_w=0.25
DBG t=86 used=0.019 remain=0.265 turn_time=0.0189286 end_in=0.0189286 depth=11 dec=0 cand_cap=20 cand=52->20 pick(must/top/rand)=6/10/4 sims=820 loop=800 best_avg=0.60892 leader=4 inc2=1 attack_w=0.25
DBG t=99 used=0.018 remain=0.018 turn_time=0.018 end_in=0.017 depth=0 dec=0 cand_cap=20 cand=53->20 pick(must/top/rand)=6/10/4 sims=26616 loop=26596 best_avg=0.820557 leader=6 inc2=1 attack_w=0.25
DBG summary depth_safety_fired=0
Score = 216128

=== CASE 0063.txt ===
cmd=target/release/tester ./a.out
returncode=0 timed_out=0 elapsed_sec=1.952598
score=158456.0
--- stdout ---
0 1
0 0
1 0
0 2
0 2
1 1
0 0
2 1
2 2
2 3
2 2
2 0
2 0
0 1
2 0
1 0
1 0
1 1
2 0
1 2
2 1
1 2
2 1
0 3
1 2
3 0
3 0
1 2
4 0
5 0
6 0
1 2
4 0
4 0
4 1
4 1
6 1
6 0
1 1
5 0
7 1
0 1
6 2
6 3
6 4
6 5
6 5
1 1
5 5
6 6
6 6
6 7
5 7
7 7
5 7
6 5
0 1
5 5
5 8
5 8
5 9
6 9
4 9
3 9
6 9
5 9
3 9
6 8
2 9
6 5
3 9
6 8
6 8
6 5
7 5
7 6
5 8
2 9
4 5
2 9
2 8
3 8
4 5
4 5
6 8
6 5
7 6
6 8
6 9
5 5
1 8
6 8
5 5
8 6
8 6
6 9
8 6
1 8
6 8
6 8
--- stderr ---
DBG hdr N=10 M=5 T=100 U=2 VMAX=2287 TIME_LIMIT=1.94 MAX_CAND=20 UCB_C=0.21
DBG t=0 used=0.02 remain=1.94 turn_time=0.0194 end_in=0.0194 depth=7 dec=0 cand_cap=20 cand=2->2 pick(must/top/rand)=2/0/0 sims=3538 loop=3536 best_avg=-1.2304 leader=3 inc2=0 attack_w=0.777344
DBG t=12 used=0.02 remain=1.7 turn_time=0.0193182 end_in=0.0193182 depth=7 dec=0 cand_cap=20 cand=11->11 pick(must/top/rand)=5/6/0 sims=2159 loop=2148 best_avg=-1.10032 leader=1 inc2=1 attack_w=1
DBG t=24 used=0.02 remain=1.46 turn_time=0.0192105 end_in=0.0192105 depth=7 dec=0 cand_cap=20 cand=13->13 pick(must/top/rand)=3/10/0 sims=2537 loop=2524 best_avg=-1.41975 leader=1 inc2=1 attack_w=1
DBG t=37 used=0.02 remain=1.2 turn_time=0.0190476 end_in=0.0190476 depth=10 dec=0 cand_cap=20 cand=19->19 pick(must/top/rand)=5/11/3 sims=1307 loop=1288 best_avg=-1.22807 leader=1 inc2=1 attack_w=1
DBG t=49 used=0.019 remain=0.968 turn_time=0.0189804 end_in=0.0189804 depth=10 dec=0 cand_cap=20 cand=32->20 pick(must/top/rand)=9/7/4 sims=1108 loop=1088 best_avg=-0.779354 leader=1 inc2=1 attack_w=1
DBG t=61 used=0.019 remain=0.74 turn_time=0.0189744 end_in=0.0189744 depth=10 dec=0 cand_cap=20 cand=13->13 pick(must/top/rand)=6/7/0 sims=1225 loop=1212 best_avg=-0.604855 leader=1 inc2=1 attack_w=0.835552
DBG t=74 used=0.019 remain=0.493 turn_time=0.0189615 end_in=0.0189615 depth=11 dec=0 cand_cap=20 cand=24->20 pick(must/top/rand)=9/7/4 sims=988 loop=968 best_avg=-0.269512 leader=1 inc2=1 attack_w=0.25
DBG t=86 used=0.019 remain=0.265 turn_time=0.0189286 end_in=0.0189286 depth=11 dec=0 cand_cap=20 cand=32->20 pick(must/top/rand)=7/9/4 sims=964 loop=944 best_avg=-0.124785 leader=1 inc2=1 attack_w=0.25
DBG t=99 used=0.018 remain=0.018 turn_time=0.018 end_in=0.017 depth=0 dec=0 cand_cap=20 cand=37->20 pick(must/top/rand)=7/9/4 sims=24836 loop=24816 best_avg=0.0136187 leader=1 inc2=1 attack_w=0.25
DBG summary depth_safety_fired=0
Score = 158456

=== CASE 0060.txt ===
cmd=target/release/tester ./a.out
returncode=0 timed_out=0 elapsed_sec=1.956686
score=239941.0
--- stdout ---
7 0
7 1
7 1
7 2
7 2
7 2
6 2
8 0
6 2
8 0
8 0
6 2
8 1
7 0
6 1
6 0
6 3
6 0
9 0
9 0
6 3
9 0
8 1
8 1
6 3
7 3
6 3
6 1
7 4
6 4
6 4
6 4
6 5
6 5
5 1
6 5
6 3
6 1
5 2
7 5
5 1
6 0
7 6
7 7
6 1
6 2
5 1
6 3
5 0
6 4
8 4
6 4
6 6
6 3
5 2
5 1
5 3
5 4
5 4
5 1
5 0
4 4
5 1
5 3
5 1
5 0
4 4
4 3
5 4
5 1
6 6
4 1
6 6
4 3
4 3
9 4
6 0
9 5
4 3
4 4
4 2
9 4
8 3
4 1
4 4
5 4
9 6
4 4
5 0
5 0
4 2
5 2
3 3
4 4
3 4
8 7
2 4
4 2
7 7
7 7
--- stderr ---
DBG hdr N=10 M=5 T=100 U=3 VMAX=1320 TIME_LIMIT=1.94 MAX_CAND=20 UCB_C=0.21
DBG t=0 used=0.02 remain=1.94 turn_time=0.0194 end_in=0.0194 depth=7 dec=0 cand_cap=20 cand=4->4 pick(must/top/rand)=3/1/0 sims=3500 loop=3496 best_avg=-0.758807 leader=3 inc2=0 attack_w=1
DBG t=12 used=0.02 remain=1.7 turn_time=0.0193182 end_in=0.0193182 depth=7 dec=0 cand_cap=20 cand=13->13 pick(must/top/rand)=5/8/0 sims=2725 loop=2712 best_avg=-0.765353 leader=3 inc2=0 attack_w=0.806131
DBG t=24 used=0.02 remain=1.46 turn_time=0.0192105 end_in=0.0192105 depth=7 dec=0 cand_cap=20 cand=15->15 pick(must/top/rand)=8/7/0 sims=2759 loop=2744 best_avg=-0.465029 leader=2 inc2=0 attack_w=0.25
DBG t=37 used=0.02 remain=1.2 turn_time=0.0190476 end_in=0.0190476 depth=10 dec=0 cand_cap=20 cand=24->20 pick(must/top/rand)=9/7/4 sims=1492 loop=1472 best_avg=-0.06848 leader=1 inc2=1 attack_w=0.25
DBG t=49 used=0.019 remain=0.968 turn_time=0.0189804 end_in=0.0189804 depth=10 dec=0 cand_cap=20 cand=31->20 pick(must/top/rand)=5/11/4 sims=1372 loop=1352 best_avg=-0.093514 leader=1 inc2=0 attack_w=0.25
DBG t=61 used=0.019 remain=0.74 turn_time=0.0189744 end_in=0.0189744 depth=10 dec=0 cand_cap=20 cand=36->20 pick(must/top/rand)=9/7/4 sims=1456 loop=1436 best_avg=-0.0113517 leader=4 inc2=1 attack_w=0.25
DBG t=74 used=0.019 remain=0.493 turn_time=0.0189615 end_in=0.0189615 depth=11 dec=0 cand_cap=20 cand=40->20 pick(must/top/rand)=6/10/4 sims=1204 loop=1184 best_avg=0.240588 leader=4 inc2=0 attack_w=0.25
DBG t=86 used=0.019 remain=0.265 turn_time=0.0189286 end_in=0.0189286 depth=11 dec=0 cand_cap=20 cand=43->20 pick(must/top/rand)=7/9/4 sims=1164 loop=1144 best_avg=0.499706 leader=4 inc2=1 attack_w=0.25
DBG t=99 used=0.018 remain=0.018 turn_time=0.018 end_in=0.017 depth=0 dec=0 cand_cap=20 cand=52->20 pick(must/top/rand)=9/7/4 sims=29352 loop=29332 best_avg=0.648549 leader=4 inc2=1 attack_w=0.25
DBG summary depth_safety_fired=0
Score = 239941

=== CASE 0061.txt ===
cmd=target/release/tester ./a.out
returncode=0 timed_out=0 elapsed_sec=1.955068
score=141879.0
--- stdout ---
1 3
2 3
0 2
3 3
4 3
4 4
3 2
4 2
4 2
3 4
2 3
3 3
5 4
3 2
4 4
5 4
5 5
4 5
5 5
5 3
4 2
5 2
3 1
5 2
6 4
6 2
5 6
6 1
5 6
5 6
5 3
5 7
5 8
5 8
5 7
6 7
5 6
4 2
4 8
7 7
2 2
4 5
2 3
6 3
4 5
5 2
3 1
2 2
3 2
5 5
5 1
4 1
3 1
4 1
1 2
4 6
4 6
4 7
3 7
4 5
4 1
3 1
2 2
5 5
1 3
7 3
7 2
3 1
8 2
6 1
5 6
4 6
2 4
1 2
1 3
4 5
2 2
3 1
5 1
3 4
4 2
8 1
8 1
8 0
1 2
7 3
2 3
3 3
5 2
8 0
2 2
1 3
7 2
9 2
8 0
3 1
6 1
6 1
5 1
5 0
--- stderr ---
DBG hdr N=10 M=5 T=100 U=2 VMAX=1600 TIME_LIMIT=1.94 MAX_CAND=20 UCB_C=0.21
DBG t=0 used=0.02 remain=1.94 turn_time=0.0194 end_in=0.0194 depth=7 dec=0 cand_cap=20 cand=4->4 pick(must/top/rand)=3/1/0 sims=3360 loop=3356 best_avg=-1.21449 leader=4 inc2=1 attack_w=0.788764
DBG t=12 used=0.02 remain=1.7 turn_time=0.0193182 end_in=0.0193182 depth=7 dec=0 cand_cap=20 cand=17->17 pick(must/top/rand)=9/7/1 sims=2081 loop=2064 best_avg=-1.29716 leader=2 inc2=1 attack_w=1
DBG t=24 used=0.02 remain=1.46 turn_time=0.0192105 end_in=0.0192105 depth=7 dec=0 cand_cap=20 cand=24->20 pick(must/top/rand)=9/7/4 sims=1656 loop=1636 best_avg=-1.24304 leader=2 inc2=1 attack_w=1
DBG t=37 used=0.02 remain=1.2 turn_time=0.0190476 end_in=0.0190476 depth=10 dec=0 cand_cap=20 cand=37->20 pick(must/top/rand)=8/8/4 sims=1092 loop=1072 best_avg=-0.867606 leader=2 inc2=0 attack_w=1
DBG t=49 used=0.019 remain=0.968 turn_time=0.0189804 end_in=0.0189804 depth=10 dec=0 cand_cap=20 cand=33->20 pick(must/top/rand)=7/9/4 sims=952 loop=932 best_avg=-0.671135 leader=2 inc2=0 attack_w=0.527495
DBG t=61 used=0.019 remain=0.74 turn_time=0.0189744 end_in=0.0189744 depth=10 dec=0 cand_cap=20 cand=35->20 pick(must/top/rand)=7/9/4 sims=856 loop=836 best_avg=-0.580735 leader=2 inc2=1 attack_w=0.25
DBG t=74 used=0.019 remain=0.493 turn_time=0.0189615 end_in=0.0189615 depth=11 dec=0 cand_cap=20 cand=4->4 pick(must/top/rand)=4/0/0 sims=760 loop=756 best_avg=-0.69299 leader=4 inc2=1 attack_w=0.25
DBG t=86 used=0.019 remain=0.265 turn_time=0.0189286 end_in=0.0189286 depth=11 dec=0 cand_cap=20 cand=45->20 pick(must/top/rand)=7/9/4 sims=784 loop=764 best_avg=-0.541081 leader=3 inc2=1 attack_w=0.25
DBG t=99 used=0.018 remain=0.018 turn_time=0.018 end_in=0.017 depth=0 dec=0 cand_cap=20 cand=50->20 pick(must/top/rand)=7/9/4 sims=24864 loop=24844 best_avg=-0.254703 leader=4 inc2=1 attack_w=0.25
DBG summary depth_safety_fired=0
Score = 141879

=== CASE 0062.txt ===
cmd=target/release/tester ./a.out
returncode=0 timed_out=0 elapsed_sec=1.954118
score=161735.0
--- stdout ---
9 4
9 5
8 5
8 6
7 6
8 6
7 7
6 6
6 6
7 8
6 7
6 7
6 8
6 7
6 8
6 7
6 8
5 7
7 8
5 7
5 6
5 6
6 8
7 8
5 7
6 8
5 7
6 6
6 9
6 9
6 7
6 5
5 7
5 8
5 6
7 8
6 5
5 7
6 5
7 7
5 6
6 5
5 7
5 5
5 7
6 8
7 5
8 7
4 6
4 6
4 6
5 7
4 6
5 7
7 8
6 5
4 6
5 7
6 8
4 5
5 7
6 5
5 7
6 8
7 8
7 7
7 7
7 6
3 6
3 6
3 7
3 5
5 4
5 7
6 8
3 4
4 5
5 7
7 6
5 7
7 7
2 6
5 7
6 8
2 7
3 7
2 8
2 8
5 7
3 6
5 7
6 8
2 8
3 7
5 7
5 7
2 8
2 9
2 7
3 7
--- stderr ---
DBG hdr N=10 M=4 T=100 U=5 VMAX=2517 TIME_LIMIT=1.94 MAX_CAND=20 UCB_C=0.21
DBG t=0 used=0.02 remain=1.94 turn_time=0.0194 end_in=0.0194 depth=7 dec=0 cand_cap=20 cand=4->4 pick(must/top/rand)=3/1/0 sims=3904 loop=3900 best_avg=-1.87568 leader=2 inc2=1 attack_w=1
DBG t=12 used=0.02 remain=1.7 turn_time=0.0193182 end_in=0.0193182 depth=7 dec=0 cand_cap=20 cand=21->20 pick(must/top/rand)=9/7/4 sims=3140 loop=3120 best_avg=-0.588788 leader=2 inc2=0 attack_w=0.354348
DBG t=24 used=0.02 remain=1.46 turn_time=0.0192105 end_in=0.0192105 depth=7 dec=0 cand_cap=20 cand=27->20 pick(must/top/rand)=9/7/4 sims=3136 loop=3116 best_avg=-0.581319 leader=3 inc2=1 attack_w=0.25
DBG t=37 used=0.02 remain=1.2 turn_time=0.0190476 end_in=0.0190476 depth=10 dec=0 cand_cap=20 cand=28->20 pick(must/top/rand)=8/8/4 sims=1868 loop=1848 best_avg=-0.720239 leader=3 inc2=1 attack_w=0.25
DBG t=49 used=0.019 remain=0.968 turn_time=0.0189804 end_in=0.0189804 depth=10 dec=0 cand_cap=20 cand=32->20 pick(must/top/rand)=9/7/4 sims=1944 loop=1924 best_avg=-0.718495 leader=1 inc2=1 attack_w=0.25
DBG t=61 used=0.019 remain=0.74 turn_time=0.0189744 end_in=0.0189744 depth=10 dec=0 cand_cap=20 cand=34->20 pick(must/top/rand)=7/9/4 sims=1920 loop=1900 best_avg=-0.678166 leader=1 inc2=0 attack_w=0.25
DBG t=74 used=0.019 remain=0.493 turn_time=0.0189615 end_in=0.0189615 depth=11 dec=0 cand_cap=20 cand=39->20 pick(must/top/rand)=8/8/4 sims=1660 loop=1640 best_avg=-0.588468 leader=1 inc2=0 attack_w=0.25
DBG t=86 used=0.019 remain=0.265 turn_time=0.0189286 end_in=0.0189286 depth=11 dec=0 cand_cap=20 cand=45->20 pick(must/top/rand)=7/9/4 sims=1592 loop=1572 best_avg=-0.551634 leader=1 inc2=0 attack_w=0.25
DBG t=99 used=0.018 remain=0.018 turn_time=0.018 end_in=0.017 depth=0 dec=0 cand_cap=20 cand=7->7 pick(must/top/rand)=4/3/0 sims=51975 loop=51968 best_avg=-0.350084 leader=1 inc2=1 attack_w=0.25
DBG summary depth_safety_fired=0
Score = 161735

=== CASE 0064.txt ===
cmd=target/release/tester ./a.out
returncode=0 timed_out=0 elapsed_sec=1.952947
score=155142.0
--- stdout ---
8 9
8 8
7 8
6 8
5 8
8 8
4 8
3 8
3 7
3 9
4 9
7 8
2 7
2 9
1 9
7 8
0 9
3 6
8 8
7 8
2 7
0 8
1 7
4 6
5 6
7 8
1 6
5 8
4 7
4 6
6 6
3 6
7 8
6 6
4 5
6 8
0 6
7 8
0 7
2 6
7 8
0 5
5 7
5 7
5 5
6 5
5 7
7 8
0 4
5 4
5 7
3 5
3 4
3 3
5 7
2 3
2 4
5 5
5 6
6 5
6 5
5 7
1 3
7 9
8 9
2 2
1 2
0 2
9 8
1 1
5 7
5 4
5 3
0 4
5 6
2 2
6 6
5 3
6 3
2 1
2 1
7 5
6 5
2 5
6 2
1 8
5 4
6 7
1 0
6 7
1 1
6 3
7 3
5 2
6 6
6 2
6 6
8 3
8 4
9 4
--- stderr ---
DBG hdr N=10 M=3 T=100 U=2 VMAX=1013 TIME_LIMIT=1.94 MAX_CAND=20 UCB_C=0.21
DBG t=0 used=0.02 remain=1.94 turn_time=0.0194 end_in=0.0194 depth=7 dec=0 cand_cap=20 cand=3->3 pick(must/top/rand)=3/0/0 sims=4667 loop=4664 best_avg=-1.40075 leader=1 inc2=1 attack_w=0.555994
DBG t=12 used=0.02 remain=1.7 turn_time=0.0193182 end_in=0.0193182 depth=7 dec=0 cand_cap=20 cand=23->20 pick(must/top/rand)=9/7/4 sims=2940 loop=2920 best_avg=-1.48686 leader=1 inc2=1 attack_w=0.317902
DBG t=24 used=0.02 remain=1.46 turn_time=0.0192105 end_in=0.0192105 depth=7 dec=0 cand_cap=20 cand=32->20 pick(must/top/rand)=9/7/4 sims=2412 loop=2392 best_avg=-1.31779 leader=2 inc2=1 attack_w=0.25
DBG t=37 used=0.02 remain=1.2 turn_time=0.0190476 end_in=0.0190476 depth=10 dec=0 cand_cap=20 cand=39->20 pick(must/top/rand)=9/7/4 sims=1288 loop=1268 best_avg=-1.37792 leader=2 inc2=1 attack_w=0.25
DBG t=49 used=0.019 remain=0.968 turn_time=0.0189804 end_in=0.0189804 depth=10 dec=0 cand_cap=20 cand=46->20 pick(must/top/rand)=9/7/4 sims=1088 loop=1068 best_avg=-1.42037 leader=2 inc2=1 attack_w=0.25
DBG t=61 used=0.019 remain=0.74 turn_time=0.0189744 end_in=0.0189744 depth=10 dec=0 cand_cap=20 cand=55->20 pick(must/top/rand)=9/7/4 sims=940 loop=920 best_avg=-1.36315 leader=2 inc2=1 attack_w=0.25
DBG t=74 used=0.019 remain=0.493 turn_time=0.0189615 end_in=0.0189615 depth=11 dec=0 cand_cap=20 cand=59->20 pick(must/top/rand)=9/7/4 sims=776 loop=756 best_avg=-1.48206 leader=2 inc2=1 attack_w=0.25
DBG t=86 used=0.019 remain=0.265 turn_time=0.0189286 end_in=0.0189286 depth=11 dec=0 cand_cap=20 cand=66->20 pick(must/top/rand)=9/7/4 sims=776 loop=756 best_avg=-1.17023 leader=2 inc2=1 attack_w=0.25
DBG t=99 used=0.018 remain=0.018 turn_time=0.018 end_in=0.017 depth=0 dec=0 cand_cap=20 cand=8->8 pick(must/top/rand)=6/2/0 sims=44692 loop=44684 best_avg=-0.929891 leader=2 inc2=1 attack_w=0.25
DBG summary depth_safety_fired=0
Score = 155142

=== CASE 0065.txt ===
cmd=target/release/tester ./a.out
returncode=0 timed_out=0 elapsed_sec=1.952160
score=275498.0
--- stdout ---
0 6
2 6
0 7
2 7
3 7
2 5
3 8
3 9
3 7
3 7
2 9
1 9
3 6
4 6
0 9
5 6
5 7
5 5
5 8
5 4
5 3
6 3
7 3
5 9
7 2
7 1
6 2
6 1
6 0
5 2
7 0
8 0
5 0
8 2
9 0
9 2
9 3
4 2
5 1
9 1
6 7
7 7
8 7
9 4
6 5
8 1
7 3
9 5
8 5
7 5
9 6
7 6
9 7
4 0
6 9
8 7
7 9
8 8
7 8
8 9
9 8
9 9
5 5
7 4
9 4
8 7
9 5
3 6
3 7
3 5
4 7
2 6
9 7
8 6
2 5
9 5
9 4
7 3
0 9
8 4
5 0
4 0
6 2
6 1
2 7
6 5
8 2
3 0
0 8
0 7
4 1
6 2
5 4
8 3
3 5
7 3
5 2
6 1
4 2
4 7
--- stderr ---
DBG hdr N=10 M=5 T=100 U=1 VMAX=1735 TIME_LIMIT=1.94 MAX_CAND=20 UCB_C=0.21
DBG t=0 used=0.02 remain=1.94 turn_time=0.0194 end_in=0.0194 depth=7 dec=0 cand_cap=20 cand=5->5 pick(must/top/rand)=3/2/0 sims=2805 loop=2800 best_avg=-1.0778 leader=3 inc2=1 attack_w=1
DBG t=12 used=0.02 remain=1.7 turn_time=0.0193182 end_in=0.0193182 depth=7 dec=0 cand_cap=20 cand=13->13 pick(must/top/rand)=7/6/0 sims=1889 loop=1876 best_avg=-0.879674 leader=3 inc2=1 attack_w=1
DBG t=24 used=0.02 remain=1.46 turn_time=0.0192105 end_in=0.0192105 depth=7 dec=0 cand_cap=20 cand=27->20 pick(must/top/rand)=6/10/4 sims=2128 loop=2108 best_avg=-0.30446 leader=3 inc2=1 attack_w=0.25
DBG t=37 used=0.02 remain=1.2 turn_time=0.0190476 end_in=0.0190476 depth=10 dec=0 cand_cap=20 cand=44->20 pick(must/top/rand)=7/9/4 sims=1048 loop=1028 best_avg=0.1577 leader=4 inc2=1 attack_w=0.25
DBG t=49 used=0.019 remain=0.968 turn_time=0.0189804 end_in=0.0189804 depth=10 dec=0 cand_cap=20 cand=37->20 pick(must/top/rand)=6/10/4 sims=1036 loop=1016 best_avg=0.298414 leader=3 inc2=1 attack_w=0.25
DBG t=61 used=0.019 remain=0.74 turn_time=0.0189744 end_in=0.0189744 depth=10 dec=0 cand_cap=20 cand=24->20 pick(must/top/rand)=7/9/4 sims=932 loop=912 best_avg=0.164533 leader=4 inc2=0 attack_w=0.25
DBG t=74 used=0.019 remain=0.493 turn_time=0.0189615 end_in=0.0189615 depth=11 dec=0 cand_cap=20 cand=54->20 pick(must/top/rand)=7/9/4 sims=808 loop=788 best_avg=0.38064 leader=2 inc2=1 attack_w=0.25
DBG t=86 used=0.019 remain=0.265 turn_time=0.0189286 end_in=0.0189286 depth=11 dec=0 cand_cap=20 cand=76->20 pick(must/top/rand)=7/9/4 sims=712 loop=692 best_avg=0.629286 leader=3 inc2=1 attack_w=0.25
DBG t=99 used=0.018 remain=0.018 turn_time=0.018 end_in=0.017 depth=0 dec=0 cand_cap=20 cand=63->20 pick(must/top/rand)=4/12/4 sims=30000 loop=29980 best_avg=1.17392 leader=3 inc2=0 attack_w=0.25
DBG summary depth_safety_fired=0
Score = 275498

=== CASE 0067.txt ===
cmd=target/release/tester ./a.out
returncode=0 timed_out=0 elapsed_sec=1.953817
score=155173.0
--- stdout ---
8 2
8 3
8 4
8 5
8 6
8 7
7 7
6 7
5 7
4 7
4 8
4 7
4 9
5 9
6 8
6 8
5 7
7 2
8 8
7 2
6 2
6 1
7 1
8 1
6 9
4 8
6 2
5 8
7 6
8 0
6 1
6 0
6 0
5 0
5 0
7 8
5 9
5 0
5 8
8 7
6 3
6 7
6 4
5 9
4 0
4 0
5 1
5 3
5 3
4 0
6 6
5 8
3 0
4 9
4 9
9 7
5 1
9 7
6 6
8 8
3 0
8 6
3 0
6 9
6 5
6 5
5 9
8 5
5 4
3 0
5 7
9 8
5 8
4 1
7 5
9 5
4 4
4 9
4 4
7 5
8 0
7 4
5 8
5 4
7 9
4 4
9 9
5 8
8 4
4 8
6 5
5 4
9 6
6 6
4 8
4 9
4 9
3 9
4 5
6 6
--- stderr ---
DBG hdr N=10 M=8 T=100 U=2 VMAX=1725 TIME_LIMIT=1.94 MAX_CAND=20 UCB_C=0.21
DBG t=0 used=0.02 remain=1.94 turn_time=0.0194 end_in=0.0194 depth=7 dec=0 cand_cap=20 cand=5->5 pick(must/top/rand)=3/2/0 sims=1993 loop=1988 best_avg=-0.809884 leader=5 inc2=1 attack_w=1
DBG t=12 used=0.02 remain=1.7 turn_time=0.0193182 end_in=0.0193182 depth=7 dec=0 cand_cap=20 cand=33->20 pick(must/top/rand)=7/9/4 sims=1572 loop=1552 best_avg=-0.20538 leader=5 inc2=1 attack_w=1
DBG t=24 used=0.02 remain=1.46 turn_time=0.0192105 end_in=0.0192105 depth=7 dec=0 cand_cap=20 cand=40->20 pick(must/top/rand)=7/9/4 sims=1480 loop=1460 best_avg=-0.20718 leader=6 inc2=1 attack_w=0.25
DBG t=37 used=0.02 remain=1.2 turn_time=0.0190476 end_in=0.0190476 depth=10 dec=0 cand_cap=20 cand=47->20 pick(must/top/rand)=7/9/4 sims=968 loop=948 best_avg=-0.00276344 leader=6 inc2=1 attack_w=0.25
DBG t=49 used=0.02 remain=0.965 turn_time=0.0189216 end_in=0.0189216 depth=10 dec=0 cand_cap=20 cand=53->20 pick(must/top/rand)=7/9/4 sims=444 loop=424 best_avg=0.0290688 leader=7 inc2=1 attack_w=0.25
DBG t=61 used=0.019 remain=0.732 turn_time=0.0187692 end_in=0.0187692 depth=10 dec=0 cand_cap=20 cand=54->20 pick(must/top/rand)=8/8/4 sims=920 loop=900 best_avg=0.11786 leader=7 inc2=1 attack_w=0.25
DBG t=74 used=0.019 remain=0.485 turn_time=0.0186538 end_in=0.0186538 depth=11 dec=0 cand_cap=20 cand=59->20 pick(must/top/rand)=7/9/4 sims=764 loop=744 best_avg=0.238596 leader=7 inc2=1 attack_w=0.25
DBG t=86 used=0.019 remain=0.257 turn_time=0.0183571 end_in=0.0183571 depth=11 dec=0 cand_cap=20 cand=59->20 pick(must/top/rand)=7/9/4 sims=772 loop=752 best_avg=0.265558 leader=7 inc2=1 attack_w=0.25
DBG t=99 used=0.016 remain=0.016 turn_time=0.016 end_in=0.015 depth=0 dec=1 cand_cap=20 cand=60->20 pick(must/top/rand)=7/9/4 sims=17296 loop=17276 best_avg=0.231913 leader=7 inc2=1 attack_w=0.25
DBG summary depth_safety_fired=9
Score = 155173

=== CASE 0066.txt ===
cmd=target/release/tester ./a.out
returncode=0 timed_out=0 elapsed_sec=1.954881
score=100179.0
--- stdout ---
0 5
0 5
0 5
0 5
0 5
1 5
2 5
1 4
2 5
1 4
1 4
1 4
1 4
1 3
1 3
1 3
1 3
2 5
1 3
0 5
0 6
0 7
0 7
0 7
2 4
0 8
2 5
2 4
2 5
0 8
0 9
0 9
0 9
0 9
0 8
0 9
0 8
1 8
0 8
2 5
2 5
2 8
3 8
3 8
1 5
2 5
3 8
0 7
1 4
3 8
3 8
1 4
2 5
1 8
3 9
3 9
4 8
1 4
2 5
1 4
4 8
2 5
2 3
1 2
3 9
3 9
1 3
3 8
1 4
3 7
1 4
2 6
1 9
2 6
2 8
2 5
0 4
1 4
0 3
1 4
2 6
1 4
2 8
1 3
2 6
2 5
3 8
1 4
3 8
4 8
3 7
2 6
4 8
2 6
4 8
4 8
1 4
1 3
2 7
2 7
--- stderr ---
DBG hdr N=10 M=8 T=100 U=5 VMAX=1914 TIME_LIMIT=1.94 MAX_CAND=20 UCB_C=0.21
DBG t=0 used=0.02 remain=1.94 turn_time=0.0194 end_in=0.0194 depth=7 dec=0 cand_cap=20 cand=4->4 pick(must/top/rand)=3/1/0 sims=2340 loop=2336 best_avg=-0.75563 leader=7 inc2=1 attack_w=1
DBG t=12 used=0.02 remain=1.7 turn_time=0.0193182 end_in=0.0193182 depth=7 dec=0 cand_cap=20 cand=11->11 pick(must/top/rand)=4/7/0 sims=1839 loop=1828 best_avg=-0.502001 leader=3 inc2=1 attack_w=0.578532
DBG t=24 used=0.02 remain=1.46 turn_time=0.0192105 end_in=0.0192105 depth=7 dec=0 cand_cap=20 cand=14->14 pick(must/top/rand)=5/9/0 sims=1558 loop=1544 best_avg=-0.519195 leader=4 inc2=1 attack_w=0.79769
DBG t=37 used=0.02 remain=1.2 turn_time=0.0190476 end_in=0.0190476 depth=10 dec=0 cand_cap=20 cand=20->20 pick(must/top/rand)=7/9/4 sims=1136 loop=1116 best_avg=-0.489195 leader=4 inc2=1 attack_w=0.61815
DBG t=49 used=0.02 remain=0.965 turn_time=0.0189216 end_in=0.0189216 depth=10 dec=0 cand_cap=20 cand=25->20 pick(must/top/rand)=7/9/4 sims=464 loop=444 best_avg=-0.491704 leader=4 inc2=1 attack_w=0.598265
DBG t=61 used=0.019 remain=0.735 turn_time=0.0188462 end_in=0.0188462 depth=10 dec=0 cand_cap=20 cand=28->20 pick(must/top/rand)=8/8/4 sims=864 loop=844 best_avg=-0.557939 leader=1 inc2=1 attack_w=0.562761
DBG t=74 used=0.019 remain=0.488 turn_time=0.0187692 end_in=0.0187692 depth=11 dec=0 cand_cap=20 cand=33->20 pick(must/top/rand)=7/9/4 sims=832 loop=812 best_avg=-0.503995 leader=1 inc2=1 attack_w=0.483852
DBG t=86 used=0.019 remain=0.26 turn_time=0.0185714 end_in=0.0185714 depth=11 dec=0 cand_cap=20 cand=31->20 pick(must/top/rand)=7/9/4 sims=796 loop=776 best_avg=-0.460774 leader=4 inc2=1 attack_w=0.589611
DBG t=99 used=0.016 remain=0.016 turn_time=0.016 end_in=0.015 depth=0 dec=1 cand_cap=20 cand=31->20 pick(must/top/rand)=7/9/4 sims=15008 loop=14988 best_avg=-0.450607 leader=1 inc2=1 attack_w=0.478096
DBG summary depth_safety_fired=6
Score = 100179

=== CASE 0068.txt ===
cmd=target/release/tester ./a.out
returncode=0 timed_out=0 elapsed_sec=1.952700
score=102698.0
--- stdout ---
0 5
0 5
0 5
0 5
0 5
1 5
2 5
2 6
3 6
4 6
5 6
5 6
5 6
3 7
2 5
6 6
7 6
8 6
8 6
8 7
8 7
8 8
9 8
0 4
9 9
8 9
9 8
8 7
8 6
9 8
8 7
8 7
7 5
7 5
9 7
7 4
0 4
9 8
7 5
7 7
0 4
8 4
9 7
8 7
8 6
9 8
7 4
3 8
4 7
8 6
9 8
7 3
7 4
0 4
7 4
9 8
7 9
5 5
7 5
9 6
2 7
8 6
7 4
9 6
1 5
5 6
8 9
8 9
7 9
8 9
8 8
1 5
9 7
8 3
6 9
9 7
6 5
5 9
3 7
9 6
1 5
8 6
4 9
3 9
6 8
7 3
3 7
3 7
8 8
8 3
7 3
7 3
9 6
9 7
8 5
7 2
7 6
7 7
8 6
9 7
--- stderr ---
DBG hdr N=10 M=4 T=100 U=5 VMAX=1716 TIME_LIMIT=1.94 MAX_CAND=20 UCB_C=0.21
DBG t=0 used=0.02 remain=1.94 turn_time=0.0194 end_in=0.0194 depth=7 dec=0 cand_cap=20 cand=4->4 pick(must/top/rand)=3/1/0 sims=4716 loop=4712 best_avg=-1.66765 leader=3 inc2=1 attack_w=1
DBG t=12 used=0.02 remain=1.7 turn_time=0.0193182 end_in=0.0193182 depth=7 dec=0 cand_cap=20 cand=21->20 pick(must/top/rand)=3/13/4 sims=3012 loop=2992 best_avg=-1.3633 leader=3 inc2=0 attack_w=1
DBG t=24 used=0.02 remain=1.46 turn_time=0.0192105 end_in=0.0192105 depth=7 dec=0 cand_cap=20 cand=36->20 pick(must/top/rand)=8/8/4 sims=2432 loop=2412 best_avg=-1.14033 leader=3 inc2=0 attack_w=0.813964
DBG t=37 used=0.02 remain=1.2 turn_time=0.0190476 end_in=0.0190476 depth=10 dec=0 cand_cap=20 cand=41->20 pick(must/top/rand)=8/8/4 sims=1432 loop=1412 best_avg=-1.07261 leader=3 inc2=0 attack_w=0.569505
DBG t=49 used=0.019 remain=0.964 turn_time=0.018902 end_in=0.018902 depth=10 dec=0 cand_cap=20 cand=45->20 pick(must/top/rand)=7/9/4 sims=536 loop=516 best_avg=-1.11086 leader=3 inc2=0 attack_w=0.567737
DBG t=61 used=0.019 remain=0.735 turn_time=0.0188462 end_in=0.0188462 depth=10 dec=0 cand_cap=20 cand=50->20 pick(must/top/rand)=7/9/4 sims=1132 loop=1112 best_avg=-1.04844 leader=3 inc2=0 attack_w=0.415981
DBG t=74 used=0.019 remain=0.488 turn_time=0.0187692 end_in=0.0187692 depth=11 dec=0 cand_cap=20 cand=51->20 pick(must/top/rand)=7/9/4 sims=1004 loop=984 best_avg=-1.13399 leader=3 inc2=0 attack_w=0.583656
DBG t=86 used=0.019 remain=0.26 turn_time=0.0185714 end_in=0.0185714 depth=11 dec=0 cand_cap=20 cand=55->20 pick(must/top/rand)=8/8/4 sims=960 loop=940 best_avg=-1.07215 leader=3 inc2=0 attack_w=0.483109
DBG t=99 used=0.016 remain=0.016 turn_time=0.016 end_in=0.015 depth=0 dec=1 cand_cap=20 cand=55->20 pick(must/top/rand)=7/9/4 sims=20912 loop=20892 best_avg=-1.06441 leader=3 inc2=0 attack_w=0.432654
DBG summary depth_safety_fired=6
Score = 102698

=== CASE 0070.txt ===
cmd=target/release/tester ./a.out
returncode=0 timed_out=0 elapsed_sec=1.952165
score=212763.0
--- stdout ---
9 4
9 5
9 3
8 3
9 3
9 3
8 2
8 2
8 2
7 2
7 2
7 2
6 2
9 6
7 1
7 1
9 5
7 1
9 6
7 0
7 0
9 6
8 5
7 0
8 1
8 5
8 5
9 7
7 5
7 5
9 8
7 5
9 2
7 5
7 3
9 7
8 1
6 5
6 5
9 8
6 2
8 6
6 3
5 2
7 6
4 2
3 2
3 1
2 1
3 3
2 3
2 0
2 0
2 2
4 3
1 3
8 4
2 2
7 5
2 2
2 3
9 8
8 8
1 0
9 9
6 6
8 8
1 4
7 7
5 5
7 7
1 4
4 5
8 8
5 5
1 5
9 9
2 3
1 5
3 5
1 5
7 7
8 8
6 6
3 5
0 0
1 1
1 5
3 5
0 1
0 2
4 5
4 5
2 5
2 5
2 6
3 6
2 4
5 5
2 7
--- stderr ---
DBG hdr N=10 M=5 T=100 U=3 VMAX=1226 TIME_LIMIT=1.94 MAX_CAND=20 UCB_C=0.21
DBG t=0 used=0.02 remain=1.94 turn_time=0.0194 end_in=0.0194 depth=7 dec=0 cand_cap=20 cand=4->4 pick(must/top/rand)=3/1/0 sims=2964 loop=2960 best_avg=-0.698311 leader=4 inc2=1 attack_w=0.792451
DBG t=12 used=0.02 remain=1.7 turn_time=0.0193182 end_in=0.0193182 depth=7 dec=0 cand_cap=20 cand=14->14 pick(must/top/rand)=5/9/0 sims=2042 loop=2028 best_avg=-0.55296 leader=4 inc2=1 attack_w=0.628802
DBG t=24 used=0.02 remain=1.46 turn_time=0.0192105 end_in=0.0192105 depth=7 dec=0 cand_cap=20 cand=23->20 pick(must/top/rand)=8/8/4 sims=1816 loop=1796 best_avg=-0.537712 leader=1 inc2=1 attack_w=0.25
DBG t=37 used=0.02 remain=1.2 turn_time=0.0190476 end_in=0.0190476 depth=10 dec=0 cand_cap=20 cand=29->20 pick(must/top/rand)=9/7/4 sims=1272 loop=1252 best_avg=-0.39714 leader=3 inc2=1 attack_w=0.25
DBG t=49 used=0.019 remain=0.968 turn_time=0.0189804 end_in=0.0189804 depth=10 dec=0 cand_cap=20 cand=46->20 pick(must/top/rand)=6/10/4 sims=448 loop=428 best_avg=-0.209978 leader=3 inc2=0 attack_w=0.25
DBG t=61 used=0.019 remain=0.738 turn_time=0.0189231 end_in=0.0189231 depth=10 dec=0 cand_cap=20 cand=57->20 pick(must/top/rand)=9/7/4 sims=948 loop=928 best_avg=0.0191884 leader=1 inc2=1 attack_w=0.25
DBG t=74 used=0.019 remain=0.491 turn_time=0.0188846 end_in=0.0188846 depth=11 dec=0 cand_cap=20 cand=67->20 pick(must/top/rand)=9/7/4 sims=916 loop=896 best_avg=0.259837 leader=3 inc2=1 attack_w=0.25
DBG t=86 used=0.019 remain=0.263 turn_time=0.0187857 end_in=0.0187857 depth=11 dec=0 cand_cap=20 cand=72->20 pick(must/top/rand)=7/9/4 sims=880 loop=860 best_avg=0.353716 leader=2 inc2=1 attack_w=0.25
DBG t=99 used=0.016 remain=0.016 turn_time=0.016 end_in=0.015 depth=0 dec=1 cand_cap=20 cand=76->20 pick(must/top/rand)=9/7/4 sims=22980 loop=22960 best_avg=0.44194 leader=3 inc2=1 attack_w=0.25
DBG summary depth_safety_fired=4
Score = 212763

=== CASE 0069.txt ===
cmd=target/release/tester ./a.out
returncode=0 timed_out=0 elapsed_sec=1.953434
score=389289.0
--- stdout ---
1 8
2 9
0 9
3 9
1 7
4 9
1 6
4 8
4 8
4 8
1 5
4 8
4 7
4 6
5 6
5 9
6 9
7 9
5 8
0 8
6 8
7 8
2 7
2 6
4 7
1 6
1 5
2 6
3 8
8 9
8 8
7 7
9 8
0 6
0 5
0 4
1 4
1 3
1 5
1 2
1 1
2 1
2 2
3 1
3 2
4 2
2 3
1 3
5 2
0 3
5 1
5 0
4 0
4 1
3 3
0 2
0 1
2 5
0 7
1 7
2 3
4 9
6 0
3 7
2 7
2 6
4 8
1 6
2 5
3 3
4 3
4 8
5 7
3 7
7 6
8 6
6 6
4 8
4 7
6 7
5 7
5 9
3 8
3 7
2 3
3 4
3 5
5 7
6 7
3 6
5 6
6 6
5 7
4 7
2 2
1 4
3 3
2 3
6 7
4 6
--- stderr ---
DBG hdr N=10 M=3 T=100 U=1 VMAX=1051 TIME_LIMIT=1.94 MAX_CAND=20 UCB_C=0.21
DBG t=0 used=0.02 remain=1.94 turn_time=0.0194 end_in=0.0194 depth=7 dec=0 cand_cap=20 cand=4->4 pick(must/top/rand)=3/1/0 sims=4072 loop=4068 best_avg=-1.36498 leader=2 inc2=1 attack_w=0.298079
DBG t=12 used=0.02 remain=1.7 turn_time=0.0193182 end_in=0.0193182 depth=7 dec=0 cand_cap=20 cand=23->20 pick(must/top/rand)=6/10/4 sims=2620 loop=2600 best_avg=-1.39024 leader=1 inc2=1 attack_w=0.636463
DBG t=24 used=0.02 remain=1.46 turn_time=0.0192105 end_in=0.0192105 depth=7 dec=0 cand_cap=20 cand=31->20 pick(must/top/rand)=7/9/4 sims=2248 loop=2228 best_avg=-0.964223 leader=2 inc2=1 attack_w=0.25
DBG t=37 used=0.02 remain=1.2 turn_time=0.0190476 end_in=0.0190476 depth=10 dec=0 cand_cap=20 cand=10->10 pick(must/top/rand)=5/5/0 sims=1606 loop=1596 best_avg=-0.919661 leader=2 inc2=1 attack_w=0.25
DBG t=49 used=0.019 remain=0.967 turn_time=0.0189608 end_in=0.0189608 depth=10 dec=0 cand_cap=20 cand=29->20 pick(must/top/rand)=7/9/4 sims=672 loop=652 best_avg=-0.219631 leader=2 inc2=1 attack_w=0.25
DBG t=61 used=0.019 remain=0.737 turn_time=0.0188974 end_in=0.0188974 depth=10 dec=0 cand_cap=20 cand=52->20 pick(must/top/rand)=7/9/4 sims=1204 loop=1184 best_avg=0.15762 leader=2 inc2=1 attack_w=0.25
DBG t=74 used=0.019 remain=0.49 turn_time=0.0188462 end_in=0.0188462 depth=11 dec=0 cand_cap=20 cand=71->20 pick(must/top/rand)=7/9/4 sims=1232 loop=1212 best_avg=0.150076 leader=2 inc2=1 attack_w=0.25
DBG t=86 used=0.019 remain=0.262 turn_time=0.0187143 end_in=0.0187143 depth=11 dec=0 cand_cap=20 cand=4->4 pick(must/top/rand)=4/0/0 sims=868 loop=864 best_avg=0.191062 leader=2 inc2=1 attack_w=0.25
DBG t=99 used=0.016 remain=0.016 turn_time=0.016 end_in=0.015 depth=0 dec=1 cand_cap=20 cand=75->20 pick(must/top/rand)=7/9/4 sims=45000 loop=44980 best_avg=1.26526 leader=1 inc2=1 attack_w=0.25
DBG summary depth_safety_fired=4
Score = 389289

=== CASE 0071.txt ===
cmd=target/release/tester ./a.out
returncode=0 timed_out=0 elapsed_sec=1.952654
score=134401.0
--- stdout ---
3 0
3 1
4 1
4 1
4 1
4 2
4 3
4 3
4 1
4 4
4 4
3 3
5 1
5 1
5 1
5 3
5 4
5 4
3 2
5 4
5 4
5 1
3 3
5 0
5 3
5 3
4 5
5 4
5 0
5 3
3 2
5 4
5 4
5 0
4 5
3 2
5 4
3 5
4 4
4 5
4 6
3 3
5 4
5 4
5 2
5 2
5 4
4 5
5 2
6 1
3 3
5 0
6 0
7 1
6 1
5 3
6 4
6 4
6 4
7 4
6 4
6 3
5 3
3 2
4 3
5 3
5 0
6 4
6 1
6 1
5 3
3 3
5 3
6 0
2 0
3 1
4 2
4 2
6 1
5 2
2 0
3 1
5 3
5 3
5 3
5 2
4 0
4 2
3 3
5 3
5 2
3 1
5 3
5 2
6 1
5 3
5 3
2 3
6 1
2 3
--- stderr ---
DBG hdr N=10 M=8 T=100 U=4 VMAX=2045 TIME_LIMIT=1.94 MAX_CAND=20 UCB_C=0.21
DBG t=0 used=0.02 remain=1.94 turn_time=0.0194 end_in=0.0194 depth=7 dec=0 cand_cap=20 cand=4->4 pick(must/top/rand)=3/1/0 sims=2328 loop=2324 best_avg=-0.785572 leader=1 inc2=1 attack_w=1
DBG t=12 used=0.02 remain=1.7 turn_time=0.0193182 end_in=0.0193182 depth=7 dec=0 cand_cap=20 cand=19->19 pick(must/top/rand)=6/10/3 sims=1731 loop=1712 best_avg=-0.0963329 leader=4 inc2=1 attack_w=0.25
DBG t=24 used=0.02 remain=1.46 turn_time=0.0192105 end_in=0.0192105 depth=7 dec=0 cand_cap=20 cand=25->20 pick(must/top/rand)=9/7/4 sims=1516 loop=1496 best_avg=0.0373772 leader=3 inc2=1 attack_w=0.25
DBG t=37 used=0.02 remain=1.2 turn_time=0.0190476 end_in=0.0190476 depth=10 dec=0 cand_cap=20 cand=27->20 pick(must/top/rand)=9/7/4 sims=1008 loop=988 best_avg=0.0590148 leader=1 inc2=1 attack_w=0.25
DBG t=49 used=0.019 remain=0.966 turn_time=0.0189412 end_in=0.0189412 depth=10 dec=0 cand_cap=20 cand=28->20 pick(must/top/rand)=8/8/4 sims=404 loop=384 best_avg=0.00736754 leader=1 inc2=1 attack_w=0.25
DBG t=61 used=0.019 remain=0.73 turn_time=0.0187179 end_in=0.0187179 depth=10 dec=0 cand_cap=20 cand=7->7 pick(must/top/rand)=2/5/0 sims=951 loop=944 best_avg=-0.131407 leader=1 inc2=1 attack_w=0.25
DBG t=74 used=0.019 remain=0.483 turn_time=0.0185769 end_in=0.0185769 depth=11 dec=0 cand_cap=20 cand=23->20 pick(must/top/rand)=7/9/4 sims=916 loop=896 best_avg=-0.161832 leader=1 inc2=1 attack_w=0.25
DBG t=86 used=0.019 remain=0.255 turn_time=0.0182143 end_in=0.0182143 depth=11 dec=0 cand_cap=20 cand=25->20 pick(must/top/rand)=8/8/4 sims=808 loop=788 best_avg=-0.0484354 leader=1 inc2=1 attack_w=0.25
DBG t=99 used=0.016 remain=0.016 turn_time=0.016 end_in=0.015 depth=0 dec=1 cand_cap=20 cand=24->20 pick(must/top/rand)=7/9/4 sims=13916 loop=13896 best_avg=0.0129177 leader=5 inc2=1 attack_w=0.25
DBG summary depth_safety_fired=11
Score = 134401

=== CASE 0074.txt ===
cmd=target/release/tester ./a.out
returncode=0 timed_out=0 elapsed_sec=1.953603
score=160355.0
--- stdout ---
0 0
2 0
0 0
2 1
2 1
2 2
2 3
2 2
0 0
3 3
3 4
3 4
4 4
4 4
3 5
4 5
4 4
3 5
3 4
3 3
2 1
3 5
3 5
3 6
2 2
2 5
3 5
2 5
2 4
3 5
4 4
2 5
2 4
3 2
4 4
1 4
1 4
2 4
4 4
3 5
1 4
1 3
1 2
3 3
3 0
1 3
4 3
1 1
3 4
4 2
2 3
0 4
0 4
3 4
4 2
4 4
3 3
0 4
2 3
5 3
1 5
0 3
4 4
4 1
4 2
1 5
1 5
1 5
3 4
0 1
4 3
5 1
4 0
5 1
0 2
0 4
5 2
3 4
5 2
0 2
6 1
4 4
3 4
3 4
6 1
4 3
5 3
3 4
6 1
5 1
5 3
1 6
1 6
3 4
1 6
7 1
4 4
1 7
5 4
7 2
--- stderr ---
DBG hdr N=10 M=6 T=100 U=3 VMAX=1639 TIME_LIMIT=1.94 MAX_CAND=20 UCB_C=0.21
DBG t=0 used=0.02 remain=1.94 turn_time=0.0194 end_in=0.0194 depth=7 dec=0 cand_cap=20 cand=4->4 pick(must/top/rand)=3/1/0 sims=2800 loop=2796 best_avg=-0.865668 leader=5 inc2=1 attack_w=1
DBG t=12 used=0.02 remain=1.7 turn_time=0.0193182 end_in=0.0193182 depth=7 dec=0 cand_cap=20 cand=18->18 pick(must/top/rand)=5/11/2 sims=1914 loop=1896 best_avg=-0.458278 leader=3 inc2=1 attack_w=0.640383
DBG t=24 used=0.02 remain=1.46 turn_time=0.0192105 end_in=0.0192105 depth=7 dec=0 cand_cap=20 cand=23->20 pick(must/top/rand)=6/10/4 sims=1756 loop=1736 best_avg=-0.410088 leader=1 inc2=1 attack_w=0.25
DBG t=37 used=0.02 remain=1.2 turn_time=0.0190476 end_in=0.0190476 depth=10 dec=0 cand_cap=20 cand=27->20 pick(must/top/rand)=9/7/4 sims=1088 loop=1068 best_avg=-0.643255 leader=2 inc2=1 attack_w=0.278267
DBG t=49 used=0.019 remain=0.968 turn_time=0.0189804 end_in=0.0189804 depth=10 dec=0 cand_cap=20 cand=27->20 pick(must/top/rand)=9/7/4 sims=1140 loop=1120 best_avg=-0.596434 leader=3 inc2=1 attack_w=0.908811
DBG t=61 used=0.019 remain=0.74 turn_time=0.0189744 end_in=0.0189744 depth=10 dec=0 cand_cap=20 cand=30->20 pick(must/top/rand)=9/7/4 sims=1056 loop=1036 best_avg=-0.392876 leader=3 inc2=1 attack_w=0.389138
DBG t=74 used=0.019 remain=0.493 turn_time=0.0189615 end_in=0.0189615 depth=11 dec=0 cand_cap=20 cand=33->20 pick(must/top/rand)=8/8/4 sims=728 loop=708 best_avg=-0.268602 leader=3 inc2=1 attack_w=0.25
DBG t=86 used=0.019 remain=0.265 turn_time=0.0189286 end_in=0.0189286 depth=11 dec=0 cand_cap=20 cand=35->20 pick(must/top/rand)=8/8/4 sims=840 loop=820 best_avg=-0.111479 leader=3 inc2=1 attack_w=0.25
DBG t=99 used=0.018 remain=0.018 turn_time=0.018 end_in=0.017 depth=0 dec=0 cand_cap=20 cand=49->20 pick(must/top/rand)=8/8/4 sims=25344 loop=25324 best_avg=0.0923423 leader=2 inc2=1 attack_w=0.25
DBG summary depth_safety_fired=0
Score = 160355

=== CASE 0075.txt ===
cmd=target/release/tester ./a.out
returncode=0 timed_out=0 elapsed_sec=1.952808
score=114139.0
--- stdout ---
4 6
5 7
6 7
6 6
6 7
7 6
6 5
7 6
6 6
6 8
4 5
3 6
4 4
4 3
6 8
4 6
4 7
6 8
4 4
5 4
4 2
5 4
4 1
5 1
5 1
5 2
5 2
6 2
3 1
4 2
3 1
4 1
3 0
2 0
5 3
1 0
4 3
4 2
5 0
2 1
2 0
6 0
1 0
4 3
7 2
7 0
7 2
6 2
4 2
2 1
8 2
9 2
9 2
9 1
5 4
9 0
3 0
9 1
8 1
5 3
4 3
8 0
9 2
9 0
8 1
7 3
7 3
3 1
4 3
7 0
7 1
5 4
0 0
7 1
3 2
8 3
6 3
0 0
7 4
1 0
0 0
1 0
6 0
2 0
3 2
4 3
2 2
4 2
0 0
8 2
7 3
7 1
4 3
4 2
4 2
6 1
4 2
4 2
3 2
6 1
--- stderr ---
DBG hdr N=10 M=6 T=100 U=2 VMAX=1825 TIME_LIMIT=1.94 MAX_CAND=20 UCB_C=0.21
DBG t=0 used=0.02 remain=1.94 turn_time=0.0194 end_in=0.0194 depth=7 dec=0 cand_cap=20 cand=4->4 pick(must/top/rand)=3/1/0 sims=2672 loop=2668 best_avg=-0.976734 leader=3 inc2=1 attack_w=1
DBG t=12 used=0.02 remain=1.7 turn_time=0.0193182 end_in=0.0193182 depth=7 dec=0 cand_cap=20 cand=22->20 pick(must/top/rand)=6/10/4 sims=1748 loop=1728 best_avg=-0.523514 leader=1 inc2=1 attack_w=0.544143
DBG t=24 used=0.02 remain=1.46 turn_time=0.0192105 end_in=0.0192105 depth=7 dec=0 cand_cap=20 cand=17->17 pick(must/top/rand)=5/11/1 sims=1657 loop=1640 best_avg=-0.950246 leader=2 inc2=1 attack_w=1
DBG t=37 used=0.02 remain=1.2 turn_time=0.0190476 end_in=0.0190476 depth=10 dec=0 cand_cap=20 cand=24->20 pick(must/top/rand)=8/8/4 sims=1020 loop=1000 best_avg=-0.737874 leader=5 inc2=1 attack_w=1
DBG t=49 used=0.019 remain=0.968 turn_time=0.0189804 end_in=0.0189804 depth=10 dec=0 cand_cap=20 cand=30->20 pick(must/top/rand)=7/9/4 sims=928 loop=908 best_avg=-0.53796 leader=5 inc2=1 attack_w=0.664749
DBG t=61 used=0.019 remain=0.74 turn_time=0.0189744 end_in=0.0189744 depth=10 dec=0 cand_cap=20 cand=37->20 pick(must/top/rand)=8/8/4 sims=848 loop=828 best_avg=-0.53974 leader=2 inc2=1 attack_w=0.762295
DBG t=74 used=0.019 remain=0.492 turn_time=0.0189231 end_in=0.0189231 depth=11 dec=0 cand_cap=20 cand=37->20 pick(must/top/rand)=8/8/4 sims=644 loop=624 best_avg=-0.382852 leader=2 inc2=1 attack_w=0.25
DBG t=86 used=0.019 remain=0.264 turn_time=0.0188571 end_in=0.0188571 depth=11 dec=0 cand_cap=20 cand=40->20 pick(must/top/rand)=5/11/4 sims=780 loop=760 best_avg=-0.467816 leader=2 inc2=1 attack_w=0.297953
DBG t=99 used=0.017 remain=0.017 turn_time=0.017 end_in=0.016 depth=0 dec=1 cand_cap=20 cand=31->20 pick(must/top/rand)=6/10/4 sims=17024 loop=17004 best_avg=-0.428975 leader=4 inc2=1 attack_w=0.25
DBG summary depth_safety_fired=1
Score = 114139

=== CASE 0073.txt ===
cmd=target/release/tester ./a.out
returncode=0 timed_out=0 elapsed_sec=1.955069
score=195280.0
--- stdout ---
5 2
5 2
5 1
5 1
5 3
6 3
5 3
6 3
5 2
6 4
6 4
6 3
6 4
7 4
7 5
7 6
8 5
6 4
8 6
8 7
8 6
6 6
9 7
9 6
8 7
8 8
8 8
5 6
7 6
5 6
8 9
8 9
9 8
8 9
9 8
9 8
9 8
7 6
6 6
6 7
8 9
8 7
5 7
6 4
9 8
9 8
8 8
5 8
8 7
7 6
8 8
8 8
8 7
8 8
7 6
7 9
6 5
6 5
6 5
9 9
8 4
6 6
8 8
5 4
8 9
5 6
7 9
9 4
9 8
7 7
8 8
8 7
6 6
5 7
9 5
4 7
4 7
7 9
7 7
9 8
5 7
7 7
8 3
5 5
9 8
7 9
8 9
4 6
4 7
6 2
8 8
6 7
8 8
4 7
8 7
4 8
5 8
4 9
6 7
6 8
--- stderr ---
DBG hdr N=10 M=3 T=100 U=3 VMAX=2043 TIME_LIMIT=1.94 MAX_CAND=20 UCB_C=0.21
DBG t=0 used=0.02 remain=1.94 turn_time=0.0194 end_in=0.0194 depth=7 dec=0 cand_cap=20 cand=5->5 pick(must/top/rand)=3/2/0 sims=4233 loop=4228 best_avg=-1.77229 leader=2 inc2=1 attack_w=1
DBG t=12 used=0.02 remain=1.7 turn_time=0.0193182 end_in=0.0193182 depth=7 dec=0 cand_cap=20 cand=13->13 pick(must/top/rand)=4/9/0 sims=3245 loop=3232 best_avg=-1.65357 leader=2 inc2=1 attack_w=1
DBG t=24 used=0.02 remain=1.46 turn_time=0.0192105 end_in=0.0192105 depth=7 dec=0 cand_cap=20 cand=28->20 pick(must/top/rand)=8/8/4 sims=2620 loop=2600 best_avg=-1.28576 leader=1 inc2=1 attack_w=0.25
DBG t=37 used=0.02 remain=1.2 turn_time=0.0190476 end_in=0.0190476 depth=10 dec=0 cand_cap=20 cand=35->20 pick(must/top/rand)=9/7/4 sims=1812 loop=1792 best_avg=-0.904775 leader=1 inc2=1 attack_w=0.25
DBG t=49 used=0.019 remain=0.968 turn_time=0.0189804 end_in=0.0189804 depth=10 dec=0 cand_cap=20 cand=32->20 pick(must/top/rand)=8/8/4 sims=1544 loop=1524 best_avg=-1.02626 leader=1 inc2=1 attack_w=0.25
DBG t=61 used=0.019 remain=0.74 turn_time=0.0189744 end_in=0.0189744 depth=10 dec=0 cand_cap=20 cand=39->20 pick(must/top/rand)=9/7/4 sims=1500 loop=1480 best_avg=-0.745028 leader=1 inc2=1 attack_w=0.25
DBG t=74 used=0.019 remain=0.493 turn_time=0.0189615 end_in=0.0189615 depth=11 dec=0 cand_cap=20 cand=41->20 pick(must/top/rand)=9/7/4 sims=1304 loop=1284 best_avg=-0.73077 leader=1 inc2=1 attack_w=0.25
DBG t=86 used=0.019 remain=0.265 turn_time=0.0189286 end_in=0.0189286 depth=11 dec=0 cand_cap=20 cand=43->20 pick(must/top/rand)=9/7/4 sims=1232 loop=1212 best_avg=-0.702751 leader=1 inc2=1 attack_w=0.25
DBG t=99 used=0.018 remain=0.018 turn_time=0.018 end_in=0.017 depth=0 dec=0 cand_cap=20 cand=51->20 pick(must/top/rand)=9/7/4 sims=50552 loop=50532 best_avg=-0.471283 leader=2 inc2=1 attack_w=0.25
DBG summary depth_safety_fired=0
Score = 195280

=== CASE 0076.txt ===
cmd=target/release/tester ./a.out
returncode=0 timed_out=0 elapsed_sec=1.951922
score=137814.0
--- stdout ---
7 3
7 3
7 3
7 3
7 3
8 3
8 3
8 3
8 3
9 3
8 3
7 4
7 5
9 4
7 4
9 3
9 2
9 2
9 2
9 2
9 2
7 4
6 5
6 5
7 4
9 3
9 4
9 3
9 4
9 4
7 4
7 6
9 4
7 7
7 7
7 7
6 6
6 6
6 6
6 6
6 6
6 5
8 4
8 4
8 4
8 4
8 4
7 7
6 5
7 7
6 4
6 4
6 4
6 4
9 3
6 5
6 4
7 5
8 2
7 5
7 5
7 6
9 5
9 5
9 5
9 5
9 5
7 6
6 7
5 7
8 7
4 7
4 8
3 7
3 6
3 8
2 7
2 7
5 8
3 6
4 8
3 8
2 7
2 7
2 7
2 6
2 7
3 8
3 8
3 6
5 9
3 8
2 8
3 8
3 6
2 5
6 8
4 7
6 8
3 6
--- stderr ---
DBG hdr N=10 M=2 T=100 U=5 VMAX=1499 TIME_LIMIT=1.94 MAX_CAND=20 UCB_C=0.21
DBG t=0 used=0.02 remain=1.94 turn_time=0.0194 end_in=0.0194 depth=7 dec=0 cand_cap=20 cand=5->5 pick(must/top/rand)=3/2/0 sims=5105 loop=5100 best_avg=-2.46997 leader=1 inc2=1 attack_w=0.15
DBG t=12 used=0.02 remain=1.7 turn_time=0.0193182 end_in=0.0193182 depth=7 dec=0 cand_cap=20 cand=14->14 pick(must/top/rand)=3/11/0 sims=4346 loop=4332 best_avg=-2.66548 leader=1 inc2=1 attack_w=0.25
DBG t=24 used=0.02 remain=1.46 turn_time=0.0192105 end_in=0.0192105 depth=7 dec=0 cand_cap=20 cand=21->20 pick(must/top/rand)=3/13/4 sims=3860 loop=3840 best_avg=-2.7375 leader=1 inc2=1 attack_w=0.25
DBG t=37 used=0.02 remain=1.2 turn_time=0.0190476 end_in=0.0190476 depth=10 dec=0 cand_cap=20 cand=27->20 pick(must/top/rand)=3/13/4 sims=2168 loop=2148 best_avg=-2.84288 leader=1 inc2=1 attack_w=0.25
DBG t=49 used=0.019 remain=0.968 turn_time=0.0189804 end_in=0.0189804 depth=10 dec=0 cand_cap=20 cand=27->20 pick(must/top/rand)=4/12/4 sims=1872 loop=1852 best_avg=-2.90733 leader=1 inc2=1 attack_w=0.25
DBG t=61 used=0.019 remain=0.74 turn_time=0.0189744 end_in=0.0189744 depth=10 dec=0 cand_cap=20 cand=29->20 pick(must/top/rand)=4/12/4 sims=1792 loop=1772 best_avg=-2.97438 leader=1 inc2=1 attack_w=0.25
DBG t=74 used=0.019 remain=0.493 turn_time=0.0189615 end_in=0.0189615 depth=11 dec=0 cand_cap=20 cand=41->20 pick(must/top/rand)=6/10/4 sims=1660 loop=1640 best_avg=-2.98479 leader=1 inc2=1 attack_w=0.25
DBG t=86 used=0.019 remain=0.265 turn_time=0.0189286 end_in=0.0189286 depth=11 dec=0 cand_cap=20 cand=48->20 pick(must/top/rand)=8/8/4 sims=1888 loop=1868 best_avg=-2.94933 leader=1 inc2=1 attack_w=0.25
DBG t=99 used=0.018 remain=0.018 turn_time=0.018 end_in=0.017 depth=0 dec=0 cand_cap=20 cand=50->20 pick(must/top/rand)=9/7/4 sims=53896 loop=53876 best_avg=-2.86111 leader=1 inc2=1 attack_w=0.25
DBG summary depth_safety_fired=0
Score = 137814

=== CASE 0072.txt ===
cmd=target/release/tester ./a.out
returncode=0 timed_out=0 elapsed_sec=1.956965
score=92734.0
--- stdout ---
9 8
9 8
9 8
9 9
9 9
9 7
9 7
9 6
9 6
9 9
9 9
9 6
9 8
9 8
9 8
9 9
9 7
9 9
9 7
9 8
9 9
9 7
9 8
9 9
9 9
9 7
8 9
9 7
8 9
9 6
8 9
8 9
9 6
9 7
9 7
9 6
8 9
8 8
9 7
8 8
9 7
8 8
8 8
9 6
9 7
8 8
7 9
9 7
7 9
9 6
9 7
9 6
7 9
9 7
8 8
9 6
9 7
7 9
7 8
9 7
8 8
9 6
9 7
9 7
8 8
9 6
9 6
9 6
9 7
9 7
7 8
8 8
8 8
9 7
7 9
7 8
9 7
9 6
6 8
9 7
7 8
9 6
7 8
6 9
9 5
5 8
9 5
9 7
5 8
6 7
5 7
9 5
6 8
5 8
9 5
7 7
8 5
8 5
8 5
8 5
--- stderr ---
DBG hdr N=10 M=7 T=100 U=5 VMAX=1951 TIME_LIMIT=1.94 MAX_CAND=20 UCB_C=0.21
DBG t=0 used=0.02 remain=1.94 turn_time=0.0194 end_in=0.0194 depth=7 dec=0 cand_cap=20 cand=4->4 pick(must/top/rand)=3/1/0 sims=2744 loop=2740 best_avg=-0.66266 leader=4 inc2=1 attack_w=1
DBG t=12 used=0.02 remain=1.7 turn_time=0.0193182 end_in=0.0193182 depth=7 dec=0 cand_cap=20 cand=8->8 pick(must/top/rand)=6/2/0 sims=1848 loop=1840 best_avg=-0.583134 leader=6 inc2=1 attack_w=0.88035
DBG t=24 used=0.02 remain=1.46 turn_time=0.0192105 end_in=0.0192105 depth=7 dec=0 cand_cap=20 cand=8->8 pick(must/top/rand)=6/2/0 sims=1672 loop=1664 best_avg=-0.487144 leader=5 inc2=1 attack_w=0.389578
DBG t=37 used=0.02 remain=1.2 turn_time=0.0190476 end_in=0.0190476 depth=10 dec=0 cand_cap=20 cand=9->9 pick(must/top/rand)=6/3/0 sims=1261 loop=1252 best_avg=-0.367229 leader=5 inc2=1 attack_w=0.25
DBG t=49 used=0.019 remain=0.968 turn_time=0.0189804 end_in=0.0189804 depth=10 dec=0 cand_cap=20 cand=11->11 pick(must/top/rand)=3/8/0 sims=1151 loop=1140 best_avg=-0.517665 leader=5 inc2=1 attack_w=0.514749
DBG t=61 used=0.019 remain=0.74 turn_time=0.0189744 end_in=0.0189744 depth=10 dec=0 cand_cap=20 cand=13->13 pick(must/top/rand)=3/10/0 sims=1061 loop=1048 best_avg=-0.717287 leader=5 inc2=1 attack_w=1
DBG t=74 used=0.019 remain=0.493 turn_time=0.0189615 end_in=0.0189615 depth=11 dec=0 cand_cap=20 cand=14->14 pick(must/top/rand)=4/10/0 sims=858 loop=844 best_avg=-0.854734 leader=5 inc2=1 attack_w=1
DBG t=86 used=0.019 remain=0.265 turn_time=0.0189286 end_in=0.0189286 depth=11 dec=0 cand_cap=20 cand=18->18 pick(must/top/rand)=5/11/2 sims=922 loop=904 best_avg=-0.74712 leader=5 inc2=1 attack_w=1
DBG t=99 used=0.018 remain=0.018 turn_time=0.018 end_in=0.017 depth=0 dec=0 cand_cap=20 cand=24->20 pick(must/top/rand)=5/11/4 sims=17132 loop=17112 best_avg=-0.659042 leader=5 inc2=1 attack_w=0.901655
DBG summary depth_safety_fired=0
Score = 92734

=== CASE 0077.txt ===
cmd=target/release/tester ./a.out
returncode=0 timed_out=0 elapsed_sec=1.952316
score=120266.0
--- stdout ---
9 9
9 9
9 9
8 9
7 9
7 9
7 9
7 9
7 8
9 8
7 8
9 8
9 8
9 7
7 8
9 6
7 8
9 6
6 8
6 7
6 7
6 7
5 7
4 7
4 7
4 8
6 7
4 7
4 7
9 8
4 8
4 8
8 8
8 8
6 9
5 6
5 9
4 9
3 7
5 9
5 9
4 8
4 8
4 9
5 6
3 8
3 8
5 5
5 5
4 5
3 8
4 4
8 8
3 5
3 8
2 8
2 7
2 7
4 6
4 5
3 8
2 8
3 9
6 6
5 5
6 7
3 9
3 9
3 6
3 6
4 6
3 6
8 7
3 8
3 9
3 6
4 5
3 6
7 7
8 8
5 5
3 9
7 7
7 7
2 7
5 5
2 6
4 5
2 6
3 5
3 9
4 5
7 7
5 5
5 5
4 5
7 7
3 9
4 5
4 4
--- stderr ---
DBG hdr N=10 M=5 T=100 U=4 VMAX=2029 TIME_LIMIT=1.94 MAX_CAND=20 UCB_C=0.21
DBG t=0 used=0.02 remain=1.94 turn_time=0.0194 end_in=0.0194 depth=7 dec=0 cand_cap=20 cand=3->3 pick(must/top/rand)=3/0/0 sims=3411 loop=3408 best_avg=-1.09977 leader=3 inc2=1 attack_w=1
DBG t=12 used=0.02 remain=1.7 turn_time=0.0193182 end_in=0.0193182 depth=7 dec=0 cand_cap=20 cand=9->9 pick(must/top/rand)=3/6/0 sims=2237 loop=2228 best_avg=-0.972856 leader=3 inc2=0 attack_w=0.722861
DBG t=24 used=0.02 remain=1.46 turn_time=0.0192105 end_in=0.0192105 depth=7 dec=0 cand_cap=20 cand=20->20 pick(must/top/rand)=5/11/4 sims=2028 loop=2008 best_avg=-0.982795 leader=3 inc2=1 attack_w=1
DBG t=37 used=0.02 remain=1.2 turn_time=0.0190476 end_in=0.0190476 depth=10 dec=0 cand_cap=20 cand=25->20 pick(must/top/rand)=5/11/4 sims=1404 loop=1384 best_avg=-0.698001 leader=3 inc2=1 attack_w=0.550208
DBG t=49 used=0.019 remain=0.968 turn_time=0.0189804 end_in=0.0189804 depth=10 dec=0 cand_cap=20 cand=28->20 pick(must/top/rand)=5/11/4 sims=1144 loop=1124 best_avg=-0.899417 leader=3 inc2=0 attack_w=0.650259
DBG t=61 used=0.019 remain=0.74 turn_time=0.0189744 end_in=0.0189744 depth=10 dec=0 cand_cap=20 cand=35->20 pick(must/top/rand)=6/10/4 sims=1040 loop=1020 best_avg=-1.08496 leader=3 inc2=0 attack_w=1
DBG t=74 used=0.019 remain=0.493 turn_time=0.0189615 end_in=0.0189615 depth=11 dec=0 cand_cap=20 cand=39->20 pick(must/top/rand)=6/10/4 sims=684 loop=664 best_avg=-0.839415 leader=3 inc2=0 attack_w=0.840349
DBG t=86 used=0.019 remain=0.265 turn_time=0.0189286 end_in=0.0189286 depth=11 dec=0 cand_cap=20 cand=37->20 pick(must/top/rand)=5/11/4 sims=864 loop=844 best_avg=-0.779 leader=3 inc2=0 attack_w=0.411134
DBG t=99 used=0.018 remain=0.018 turn_time=0.018 end_in=0.017 depth=0 dec=0 cand_cap=20 cand=39->20 pick(must/top/rand)=6/10/4 sims=15956 loop=15936 best_avg=-0.600981 leader=3 inc2=0 attack_w=0.25
DBG summary depth_safety_fired=0
Score = 120266

=== CASE 0081.txt ===
cmd=target/release/tester ./a.out
returncode=0 timed_out=0 elapsed_sec=1.954571
score=200718.0
--- stdout ---
2 3
2 4
2 5
2 5
2 5
2 5
3 4
2 5
3 4
3 4
2 6
3 6
4 4
3 6
4 4
4 5
4 4
5 5
6 5
5 5
6 4
6 5
6 4
5 4
3 6
5 5
6 3
4 4
5 5
3 6
3 4
3 7
4 4
4 4
3 6
4 7
3 4
4 4
3 5
5 7
3 4
2 6
5 5
4 4
5 5
4 5
3 5
3 6
5 5
3 5
4 5
1 6
3 6
3 7
4 7
3 6
5 5
4 7
7 4
5 5
6 6
5 6
4 7
5 6
3 6
4 3
5 7
3 8
3 5
8 4
5 6
8 3
8 4
5 7
9 4
8 5
8 6
7 6
6 6
7 6
8 6
5 7
6 6
6 6
4 8
6 5
6 6
4 8
6 6
5 6
5 7
5 8
5 8
8 6
7 7
7 7
7 3
8 7
8 5
5 6
--- stderr ---
DBG hdr N=10 M=3 T=100 U=5 VMAX=1476 TIME_LIMIT=1.94 MAX_CAND=20 UCB_C=0.21
DBG t=0 used=0.02 remain=1.94 turn_time=0.0194 end_in=0.0194 depth=7 dec=0 cand_cap=20 cand=5->5 pick(must/top/rand)=3/2/0 sims=3965 loop=3960 best_avg=-1.59088 leader=2 inc2=1 attack_w=1
DBG t=12 used=0.02 remain=1.692 turn_time=0.0192273 end_in=0.0192273 depth=7 dec=0 cand_cap=20 cand=19->19 pick(must/top/rand)=4/12/3 sims=3071 loop=3052 best_avg=-1.49971 leader=2 inc2=1 attack_w=0.644052
DBG t=24 used=0.02 remain=1.452 turn_time=0.0191053 end_in=0.0191053 depth=7 dec=0 cand_cap=20 cand=30->20 pick(must/top/rand)=8/8/4 sims=3620 loop=3600 best_avg=-0.69586 leader=2 inc2=1 attack_w=0.25
DBG t=37 used=0.019 remain=1.196 turn_time=0.0189841 end_in=0.0189841 depth=10 dec=0 cand_cap=20 cand=37->20 pick(must/top/rand)=9/7/4 sims=2228 loop=2208 best_avg=-0.698914 leader=1 inc2=1 attack_w=0.25
DBG t=49 used=0.019 remain=0.968 turn_time=0.0189804 end_in=0.0189804 depth=10 dec=0 cand_cap=20 cand=34->20 pick(must/top/rand)=9/7/4 sims=1824 loop=1804 best_avg=-0.561458 leader=1 inc2=1 attack_w=0.25
DBG t=61 used=0.019 remain=0.74 turn_time=0.0189744 end_in=0.0189744 depth=10 dec=0 cand_cap=20 cand=39->20 pick(must/top/rand)=9/7/4 sims=1720 loop=1700 best_avg=-0.438739 leader=1 inc2=1 attack_w=0.25
DBG t=74 used=0.019 remain=0.493 turn_time=0.0189615 end_in=0.0189615 depth=11 dec=0 cand_cap=20 cand=48->20 pick(must/top/rand)=9/7/4 sims=1500 loop=1480 best_avg=-0.562371 leader=1 inc2=1 attack_w=0.25
DBG t=86 used=0.019 remain=0.265 turn_time=0.0189286 end_in=0.0189286 depth=11 dec=0 cand_cap=20 cand=56->20 pick(must/top/rand)=9/7/4 sims=1396 loop=1376 best_avg=-0.568262 leader=1 inc2=1 attack_w=0.25
DBG t=99 used=0.018 remain=0.018 turn_time=0.018 end_in=0.017 depth=0 dec=0 cand_cap=20 cand=63->20 pick(must/top/rand)=9/7/4 sims=45368 loop=45348 best_avg=-0.40735 leader=1 inc2=1 attack_w=0.25
DBG summary depth_safety_fired=0
Score = 200718

=== CASE 0078.txt ===
cmd=target/release/tester ./a.out
returncode=0 timed_out=0 elapsed_sec=1.957474
score=169740.0
--- stdout ---
6 1
6 2
6 2
6 2
6 1
7 2
6 3
6 4
6 4
6 3
6 3
7 3
6 4
6 3
5 4
5 4
6 4
7 3
7 4
8 4
7 4
8 5
5 2
6 4
7 3
7 4
5 1
7 5
8 5
6 4
8 5
7 5
4 4
7 5
4 4
7 5
4 5
4 6
4 6
5 5
7 5
4 2
3 6
5 5
4 6
4 7
5 4
8 6
5 5
8 6
5 5
8 6
6 5
4 6
8 6
4 7
5 7
5 8
4 7
4 3
5 6
5 7
4 7
5 7
5 8
4 7
7 5
5 6
3 6
4 7
4 6
9 5
3 6
5 8
4 7
8 6
5 7
5 8
3 5
3 7
4 7
5 8
5 5
3 7
4 7
2 6
3 6
4 7
5 6
3 4
3 8
5 6
5 6
2 8
5 6
1 8
1 9
5 8
6 8
5 8
--- stderr ---
DBG hdr N=10 M=6 T=100 U=4 VMAX=1796 TIME_LIMIT=1.94 MAX_CAND=20 UCB_C=0.21
DBG t=0 used=0.02 remain=1.94 turn_time=0.0194 end_in=0.0194 depth=7 dec=0 cand_cap=20 cand=4->4 pick(must/top/rand)=3/1/0 sims=2180 loop=2176 best_avg=-1.0128 leader=2 inc2=1 attack_w=1
DBG t=12 used=0.02 remain=1.687 turn_time=0.0191705 end_in=0.0191705 depth=7 dec=0 cand_cap=20 cand=17->17 pick(must/top/rand)=5/11/1 sims=1849 loop=1832 best_avg=-0.512775 leader=2 inc2=1 attack_w=1
DBG t=24 used=0.02 remain=1.447 turn_time=0.0190395 end_in=0.0190395 depth=7 dec=0 cand_cap=20 cand=27->20 pick(must/top/rand)=6/10/4 sims=1584 loop=1564 best_avg=-0.763937 leader=1 inc2=1 attack_w=1
DBG t=37 used=0.019 remain=1.196 turn_time=0.0189841 end_in=0.0189841 depth=10 dec=0 cand_cap=20 cand=34->20 pick(must/top/rand)=8/8/4 sims=1400 loop=1380 best_avg=0.00560297 leader=1 inc2=1 attack_w=0.25
DBG t=49 used=0.019 remain=0.968 turn_time=0.0189804 end_in=0.0189804 depth=10 dec=0 cand_cap=20 cand=42->20 pick(must/top/rand)=9/7/4 sims=1176 loop=1156 best_avg=0.052957 leader=5 inc2=1 attack_w=0.25
DBG t=61 used=0.019 remain=0.74 turn_time=0.0189744 end_in=0.0189744 depth=10 dec=0 cand_cap=20 cand=45->20 pick(must/top/rand)=8/8/4 sims=1044 loop=1024 best_avg=0.0826009 leader=3 inc2=1 attack_w=0.25
DBG t=74 used=0.019 remain=0.493 turn_time=0.0189615 end_in=0.0189615 depth=11 dec=0 cand_cap=20 cand=45->20 pick(must/top/rand)=9/7/4 sims=952 loop=932 best_avg=0.0739896 leader=3 inc2=1 attack_w=0.25
DBG t=86 used=0.019 remain=0.265 turn_time=0.0189286 end_in=0.0189286 depth=11 dec=0 cand_cap=20 cand=17->17 pick(must/top/rand)=5/11/1 sims=773 loop=756 best_avg=0.071106 leader=3 inc2=1 attack_w=0.25
DBG t=99 used=0.018 remain=0.018 turn_time=0.018 end_in=0.017 depth=0 dec=0 cand_cap=20 cand=32->20 pick(must/top/rand)=7/9/4 sims=24816 loop=24796 best_avg=0.25228 leader=3 inc2=1 attack_w=0.25
DBG summary depth_safety_fired=0
Score = 169740

=== CASE 0079.txt ===
cmd=target/release/tester ./a.out
returncode=0 timed_out=0 elapsed_sec=1.957399
score=304368.0
--- stdout ---
1 9
2 9
3 9
3 8
2 8
3 7
4 7
5 7
4 8
6 7
6 6
4 9
5 6
6 5
2 7
7 5
7 6
8 6
6 4
7 4
8 5
8 4
9 4
9 5
8 6
9 6
7 3
9 7
5 7
7 2
7 1
3 9
4 6
7 0
3 8
8 1
4 9
8 2
4 8
9 1
1 7
8 3
6 0
5 9
3 6
9 7
9 0
9 3
8 6
7 6
1 6
5 5
2 6
1 8
1 5
0 8
5 0
0 7
6 3
9 7
6 6
0 6
6 7
4 5
5 3
8 7
5 8
5 2
9 8
2 5
3 5
6 2
6 7
2 4
8 7
4 9
9 7
4 3
6 0
5 8
8 5
5 7
4 4
8 7
4 9
5 9
5 4
9 8
2 8
9 8
5 8
8 6
7 7
6 7
7 7
5 9
8 7
9 7
8 7
8 7
--- stderr ---
DBG hdr N=10 M=5 T=100 U=1 VMAX=1929 TIME_LIMIT=1.94 MAX_CAND=20 UCB_C=0.21
DBG t=0 used=0.02 remain=1.94 turn_time=0.0194 end_in=0.0194 depth=7 dec=0 cand_cap=20 cand=3->3 pick(must/top/rand)=3/0/0 sims=2711 loop=2708 best_avg=-0.959697 leader=3 inc2=1 attack_w=1
DBG t=12 used=0.02 remain=1.69 turn_time=0.0192045 end_in=0.0192045 depth=7 dec=0 cand_cap=20 cand=23->20 pick(must/top/rand)=7/9/4 sims=2448 loop=2428 best_avg=-0.304947 leader=2 inc2=1 attack_w=0.25
DBG t=24 used=0.02 remain=1.45 turn_time=0.0190789 end_in=0.0190789 depth=7 dec=0 cand_cap=20 cand=39->20 pick(must/top/rand)=7/9/4 sims=1956 loop=1936 best_avg=0.145457 leader=4 inc2=1 attack_w=0.25
DBG t=37 used=0.019 remain=1.196 turn_time=0.0189841 end_in=0.0189841 depth=10 dec=0 cand_cap=20 cand=53->20 pick(must/top/rand)=6/10/4 sims=1092 loop=1072 best_avg=0.719637 leader=2 inc2=0 attack_w=0.25
DBG t=49 used=0.019 remain=0.968 turn_time=0.0189804 end_in=0.0189804 depth=10 dec=0 cand_cap=20 cand=59->20 pick(must/top/rand)=6/10/4 sims=1056 loop=1036 best_avg=1.02687 leader=2 inc2=1 attack_w=0.25
DBG t=61 used=0.019 remain=0.74 turn_time=0.0189744 end_in=0.0189744 depth=10 dec=0 cand_cap=20 cand=68->20 pick(must/top/rand)=7/9/4 sims=1020 loop=1000 best_avg=1.23554 leader=3 inc2=1 attack_w=0.25
DBG t=74 used=0.019 remain=0.493 turn_time=0.0189615 end_in=0.0189615 depth=11 dec=0 cand_cap=20 cand=74->20 pick(must/top/rand)=6/10/4 sims=888 loop=868 best_avg=1.31375 leader=1 inc2=0 attack_w=0.25
DBG t=86 used=0.019 remain=0.265 turn_time=0.0189286 end_in=0.0189286 depth=11 dec=0 cand_cap=20 cand=78->20 pick(must/top/rand)=4/12/4 sims=896 loop=876 best_avg=1.39839 leader=4 inc2=0 attack_w=0.25
DBG t=99 used=0.018 remain=0.018 turn_time=0.018 end_in=0.017 depth=0 dec=0 cand_cap=20 cand=3->3 pick(must/top/rand)=3/0/0 sims=40931 loop=40928 best_avg=1.35772 leader=1 inc2=1 attack_w=0.25
DBG summary depth_safety_fired=0
Score = 304368

=== CASE 0080.txt ===
cmd=target/release/tester ./a.out
returncode=0 timed_out=0 elapsed_sec=1.955024
score=433921.0
--- stdout ---
3 8
3 7
4 7
4 6
4 5
5 5
6 5
7 5
5 5
7 5
7 4
6 4
6 3
7 3
7 3
6 3
7 3
7 2
6 3
7 3
8 3
8 4
5 3
6 3
7 3
7 4
7 2
6 2
6 3
7 2
6 2
6 3
5 3
7 3
6 3
7 3
7 4
6 4
4 4
5 3
4 4
5 4
5 3
5 4
4 4
5 3
6 3
4 4
5 3
3 4
3 4
4 3
4 3
4 2
5 2
5 2
6 4
5 3
7 3
5 3
9 4
7 3
6 6
5 3
7 3
8 3
5 3
7 3
9 4
5 3
7 3
3 3
5 3
7 3
3 6
3 2
7 3
2 6
5 3
7 3
6 2
5 3
2 8
7 3
5 3
9 3
7 3
2 4
5 3
7 3
7 6
5 3
7 3
2 2
5 3
6 2
7 3
7 3
5 3
1 6
--- stderr ---
DBG hdr N=10 M=2 T=100 U=2 VMAX=1532 TIME_LIMIT=1.94 MAX_CAND=20 UCB_C=0.21
DBG t=0 used=0.02 remain=1.94 turn_time=0.0194 end_in=0.0194 depth=7 dec=0 cand_cap=20 cand=4->4 pick(must/top/rand)=3/1/0 sims=5776 loop=5772 best_avg=-2.79868 leader=1 inc2=1 attack_w=0.894318
DBG t=12 used=0.02 remain=1.691 turn_time=0.0192159 end_in=0.0192159 depth=7 dec=0 cand_cap=20 cand=27->20 pick(must/top/rand)=7/9/4 sims=3380 loop=3360 best_avg=-2.39381 leader=1 inc2=1 attack_w=0.25
DBG t=24 used=0.02 remain=1.451 turn_time=0.0190921 end_in=0.0190921 depth=7 dec=0 cand_cap=20 cand=7->7 pick(must/top/rand)=6/1/0 sims=3899 loop=3892 best_avg=-1.72561 leader=1 inc2=1 attack_w=0.25
DBG t=37 used=0.019 remain=1.196 turn_time=0.0189841 end_in=0.0189841 depth=10 dec=0 cand_cap=20 cand=38->20 pick(must/top/rand)=8/8/4 sims=1952 loop=1932 best_avg=-1.42017 leader=1 inc2=1 attack_w=0.25
DBG t=49 used=0.019 remain=0.968 turn_time=0.0189804 end_in=0.0189804 depth=10 dec=0 cand_cap=20 cand=39->20 pick(must/top/rand)=3/13/4 sims=1792 loop=1772 best_avg=-0.9094 leader=1 inc2=1 attack_w=0.15
DBG t=61 used=0.019 remain=0.74 turn_time=0.0189744 end_in=0.0189744 depth=10 dec=0 cand_cap=20 cand=46->20 pick(must/top/rand)=4/12/4 sims=1848 loop=1828 best_avg=-0.85613 leader=1 inc2=1 attack_w=0.15
DBG t=74 used=0.019 remain=0.493 turn_time=0.0189615 end_in=0.0189615 depth=11 dec=0 cand_cap=20 cand=48->20 pick(must/top/rand)=3/13/4 sims=1404 loop=1384 best_avg=-0.683301 leader=1 inc2=1 attack_w=0.15
DBG t=86 used=0.019 remain=0.265 turn_time=0.0189286 end_in=0.0189286 depth=11 dec=0 cand_cap=20 cand=55->20 pick(must/top/rand)=4/12/4 sims=1328 loop=1308 best_avg=-0.654897 leader=1 inc2=1 attack_w=0.15
DBG t=99 used=0.018 remain=0.018 turn_time=0.018 end_in=0.017 depth=0 dec=0 cand_cap=20 cand=60->20 pick(must/top/rand)=3/13/4 sims=69448 loop=69428 best_avg=0.605172 leader=1 inc2=1 attack_w=0.15
DBG summary depth_safety_fired=0
Score = 433921

=== CASE 0082.txt ===
cmd=target/release/tester ./a.out
returncode=0 timed_out=0 elapsed_sec=1.953005
score=207226.0
--- stdout ---
9 6
8 6
8 5
8 4
7 6
9 4
9 3
8 3
7 5
7 3
7 2
7 1
6 1
6 0
7 0
5 0
4 0
7 7
7 4
6 2
3 0
4 1
4 2
3 1
6 3
5 3
8 2
7 4
5 2
5 4
6 6
9 2
8 7
2 0
2 1
7 8
8 0
6 8
2 2
3 2
3 3
8 8
7 4
6 4
1 1
3 2
2 3
1 3
3 1
6 9
2 1
7 4
3 0
2 0
1 0
3 2
3 2
0 1
0 2
4 0
2 2
5 0
4 1
0 1
0 2
2 2
5 1
0 3
0 0
9 5
7 2
0 4
1 4
0 5
0 6
0 3
4 0
5 0
6 0
6 2
9 0
4 0
9 4
9 5
0 1
5 8
1 1
8 4
1 2
7 9
0 2
0 1
7 4
8 6
7 7
8 5
4 8
6 2
5 2
5 0
--- stderr ---
DBG hdr N=10 M=8 T=100 U=1 VMAX=1915 TIME_LIMIT=1.94 MAX_CAND=20 UCB_C=0.21
DBG t=0 used=0.02 remain=1.94 turn_time=0.0194 end_in=0.0194 depth=7 dec=0 cand_cap=20 cand=4->4 pick(must/top/rand)=3/1/0 sims=2056 loop=2052 best_avg=-0.511944 leader=5 inc2=1 attack_w=0.884459
DBG t=12 used=0.02 remain=1.681 turn_time=0.0191023 end_in=0.0191023 depth=7 dec=0 cand_cap=20 cand=27->20 pick(must/top/rand)=7/9/4 sims=1504 loop=1484 best_avg=0.014883 leader=6 inc2=1 attack_w=1
DBG t=24 used=0.019 remain=1.443 turn_time=0.0189868 end_in=0.0189868 depth=7 dec=0 cand_cap=20 cand=42->20 pick(must/top/rand)=7/9/4 sims=1188 loop=1168 best_avg=0.625397 leader=6 inc2=1 attack_w=0.25
DBG t=37 used=0.019 remain=1.196 turn_time=0.0189841 end_in=0.0189841 depth=10 dec=0 cand_cap=20 cand=49->20 pick(must/top/rand)=3/13/4 sims=788 loop=768 best_avg=0.786024 leader=2 inc2=1 attack_w=0.25
DBG t=49 used=0.019 remain=0.968 turn_time=0.0189804 end_in=0.0189804 depth=10 dec=0 cand_cap=20 cand=59->20 pick(must/top/rand)=7/9/4 sims=828 loop=808 best_avg=0.411164 leader=3 inc2=1 attack_w=0.25
DBG t=61 used=0.019 remain=0.74 turn_time=0.0189744 end_in=0.0189744 depth=10 dec=0 cand_cap=20 cand=18->18 pick(must/top/rand)=5/11/2 sims=826 loop=808 best_avg=0.132293 leader=2 inc2=1 attack_w=0.25
DBG t=74 used=0.019 remain=0.493 turn_time=0.0189615 end_in=0.0189615 depth=11 dec=0 cand_cap=20 cand=8->8 pick(must/top/rand)=2/6/0 sims=796 loop=788 best_avg=0.3055 leader=6 inc2=1 attack_w=0.25
DBG t=86 used=0.019 remain=0.265 turn_time=0.0189286 end_in=0.0189286 depth=11 dec=0 cand_cap=20 cand=52->20 pick(must/top/rand)=6/10/4 sims=632 loop=612 best_avg=0.525828 leader=6 inc2=1 attack_w=0.25
DBG t=99 used=0.018 remain=0.018 turn_time=0.018 end_in=0.017 depth=0 dec=0 cand_cap=20 cand=48->20 pick(must/top/rand)=7/9/4 sims=22916 loop=22896 best_avg=0.7999 leader=4 inc2=1 attack_w=0.25
DBG summary depth_safety_fired=0
Score = 207226

=== CASE 0083.txt ===
cmd=target/release/tester ./a.out
returncode=0 timed_out=0 elapsed_sec=1.952887
score=142956.0
--- stdout ---
0 4
0 3
0 3
0 3
1 3
0 2
1 3
0 2
0 3
0 2
0 4
1 3
0 4
0 1
0 1
0 4
0 2
1 5
1 3
1 4
1 3
1 5
1 4
0 1
1 4
1 2
1 5
0 0
1 1
2 4
0 0
0 0
1 4
0 6
0 6
0 2
1 3
2 4
1 3
0 2
0 1
1 3
0 6
2 3
2 4
0 5
1 3
1 6
1 3
1 6
0 2
0 2
0 1
1 1
2 4
0 0
0 1
1 6
0 2
0 5
1 2
0 5
1 3
2 3
3 4
1 7
0 2
1 8
0 6
1 8
1 9
1 9
0 8
2 7
1 7
1 6
2 7
1 8
0 7
2 9
1 1
0 9
1 8
0 9
2 8
2 9
3 7
3 9
3 8
2 8
2 8
3 8
3 4
2 5
2 3
2 3
2 3
2 3
1 5
1 2
--- stderr ---
DBG hdr N=10 M=5 T=100 U=4 VMAX=2622 TIME_LIMIT=1.94 MAX_CAND=20 UCB_C=0.21
DBG t=0 used=0.02 remain=1.94 turn_time=0.0194 end_in=0.0194 depth=7 dec=0 cand_cap=20 cand=4->4 pick(must/top/rand)=3/1/0 sims=3924 loop=3920 best_avg=-0.954694 leader=3 inc2=1 attack_w=1
DBG t=12 used=0.02 remain=1.681 turn_time=0.0191023 end_in=0.0191023 depth=7 dec=0 cand_cap=20 cand=11->11 pick(must/top/rand)=6/5/0 sims=2043 loop=2032 best_avg=-0.423514 leader=3 inc2=0 attack_w=0.25
DBG t=24 used=0.019 remain=1.443 turn_time=0.0189868 end_in=0.0189868 depth=7 dec=0 cand_cap=20 cand=14->14 pick(must/top/rand)=7/7/0 sims=2166 loop=2152 best_avg=-0.517666 leader=3 inc2=1 attack_w=0.25
DBG t=37 used=0.019 remain=1.196 turn_time=0.0189841 end_in=0.0189841 depth=10 dec=0 cand_cap=20 cand=18->18 pick(must/top/rand)=7/9/2 sims=1234 loop=1216 best_avg=-0.556424 leader=3 inc2=1 attack_w=0.25
DBG t=49 used=0.019 remain=0.968 turn_time=0.0189804 end_in=0.0189804 depth=10 dec=0 cand_cap=20 cand=19->19 pick(must/top/rand)=7/9/3 sims=1127 loop=1108 best_avg=-0.493841 leader=3 inc2=1 attack_w=0.25
DBG t=61 used=0.019 remain=0.74 turn_time=0.0189744 end_in=0.0189744 depth=10 dec=0 cand_cap=20 cand=20->20 pick(must/top/rand)=7/9/4 sims=1064 loop=1044 best_avg=-0.482674 leader=3 inc2=0 attack_w=0.25
DBG t=74 used=0.019 remain=0.493 turn_time=0.0189615 end_in=0.0189615 depth=11 dec=0 cand_cap=20 cand=25->20 pick(must/top/rand)=8/8/4 sims=972 loop=952 best_avg=-0.428266 leader=1 inc2=1 attack_w=0.25
DBG t=86 used=0.019 remain=0.265 turn_time=0.0189286 end_in=0.0189286 depth=11 dec=0 cand_cap=20 cand=28->20 pick(must/top/rand)=7/9/4 sims=1052 loop=1032 best_avg=-0.333711 leader=3 inc2=1 attack_w=0.25
DBG t=99 used=0.018 remain=0.018 turn_time=0.018 end_in=0.017 depth=0 dec=0 cand_cap=20 cand=31->20 pick(must/top/rand)=6/10/4 sims=22544 loop=22524 best_avg=-0.252235 leader=3 inc2=1 attack_w=0.25
DBG summary depth_safety_fired=0
Score = 142956

=== CASE 0084.txt ===
cmd=target/release/tester ./a.out
returncode=0 timed_out=0 elapsed_sec=1.955918
score=239198.0
--- stdout ---
4 7
4 9
4 6
5 9
3 7
5 6
3 6
2 6
6 6
7 6
8 6
8 7
7 7
7 6
8 8
6 6
9 8
9 9
8 5
6 6
9 5
5 6
9 6
5 6
7 5
9 4
9 3
5 6
8 3
7 3
7 2
6 6
9 2
8 2
7 1
7 0
5 6
7 4
6 3
6 1
8 0
6 4
5 4
9 0
5 1
6 7
6 6
6 6
5 3
4 3
6 5
5 6
4 6
2 6
2 7
1 6
4 7
5 0
3 7
3 3
3 2
3 4
2 3
4 4
5 3
2 2
3 4
2 3
2 1
2 1
1 1
0 1
6 3
1 2
5 4
1 0
0 2
0 3
2 0
0 0
5 6
1 3
5 7
1 3
5 8
4 5
4 8
2 3
3 0
0 4
6 7
5 9
9 7
9 6
8 5
7 7
4 7
4 6
4 9
3 4
--- stderr ---
DBG hdr N=10 M=5 T=100 U=1 VMAX=1974 TIME_LIMIT=1.94 MAX_CAND=20 UCB_C=0.21
DBG t=0 used=0.02 remain=1.94 turn_time=0.0194 end_in=0.0194 depth=7 dec=0 cand_cap=20 cand=5->5 pick(must/top/rand)=3/2/0 sims=2817 loop=2812 best_avg=-0.905492 leader=3 inc2=1 attack_w=0.783143
DBG t=12 used=0.02 remain=1.7 turn_time=0.0193182 end_in=0.0193182 depth=7 dec=0 cand_cap=20 cand=7->7 pick(must/top/rand)=5/2/0 sims=2199 loop=2192 best_avg=-1.35113 leader=3 inc2=0 attack_w=1
DBG t=24 used=0.02 remain=1.46 turn_time=0.0192105 end_in=0.0192105 depth=7 dec=0 cand_cap=20 cand=23->20 pick(must/top/rand)=7/9/4 sims=1976 loop=1956 best_avg=-0.483653 leader=1 inc2=1 attack_w=0.303994
DBG t=37 used=0.02 remain=1.2 turn_time=0.0190476 end_in=0.0190476 depth=10 dec=0 cand_cap=20 cand=39->20 pick(must/top/rand)=6/10/4 sims=1172 loop=1152 best_avg=0.0748902 leader=1 inc2=0 attack_w=0.25
DBG t=49 used=0.019 remain=0.968 turn_time=0.0189804 end_in=0.0189804 depth=10 dec=0 cand_cap=20 cand=48->20 pick(must/top/rand)=3/13/4 sims=1108 loop=1088 best_avg=0.136854 leader=1 inc2=0 attack_w=0.25
DBG t=61 used=0.019 remain=0.74 turn_time=0.0189744 end_in=0.0189744 depth=10 dec=0 cand_cap=20 cand=67->20 pick(must/top/rand)=7/9/4 sims=1024 loop=1004 best_avg=0.35572 leader=4 inc2=0 attack_w=0.25
DBG t=74 used=0.019 remain=0.493 turn_time=0.0189615 end_in=0.0189615 depth=11 dec=0 cand_cap=20 cand=67->20 pick(must/top/rand)=7/9/4 sims=804 loop=784 best_avg=0.529717 leader=3 inc2=0 attack_w=0.25
DBG t=86 used=0.019 remain=0.265 turn_time=0.0189286 end_in=0.0189286 depth=11 dec=0 cand_cap=20 cand=75->20 pick(must/top/rand)=7/9/4 sims=740 loop=720 best_avg=0.779854 leader=4 inc2=0 attack_w=0.25
DBG t=99 used=0.018 remain=0.018 turn_time=0.018 end_in=0.017 depth=0 dec=0 cand_cap=20 cand=61->20 pick(must/top/rand)=7/9/4 sims=27768 loop=27748 best_avg=0.676991 leader=2 inc2=1 attack_w=0.25
DBG summary depth_safety_fired=0
Score = 239198

=== CASE 0085.txt ===
cmd=target/release/tester ./a.out
returncode=0 timed_out=0 elapsed_sec=1.954942
score=265292.0
--- stdout ---
4 8
5 7
5 7
5 7
5 7
3 8
2 8
1 8
1 9
2 9
0 8
0 8
3 9
3 8
0 9
4 9
4 9
0 7
4 8
3 7
2 7
4 7
5 6
4 8
5 8
6 7
7 7
6 8
7 7
5 8
7 7
5 9
6 8
7 8
4 9
7 9
6 6
7 6
8 6
7 5
7 5
5 5
5 4
0 6
8 9
6 6
6 7
9 9
6 5
7 6
8 6
6 6
8 6
8 6
9 6
9 6
9 5
7 5
6 5
7 4
9 4
9 3
8 3
9 2
9 1
8 1
7 1
8 2
7 0
6 0
6 1
8 0
6 1
7 1
7 0
7 2
6 1
6 2
5 2
8 2
7 3
8 1
5 1
4 2
4 3
4 3
7 4
3 3
3 4
2 3
3 4
2 2
2 4
4 4
3 2
4 3
4 2
8 3
9 2
5 6
--- stderr ---
DBG hdr N=10 M=2 T=100 U=4 VMAX=1553 TIME_LIMIT=1.94 MAX_CAND=20 UCB_C=0.21
DBG t=0 used=0.02 remain=1.94 turn_time=0.0194 end_in=0.0194 depth=7 dec=0 cand_cap=20 cand=5->5 pick(must/top/rand)=3/2/0 sims=5521 loop=5516 best_avg=-2.68688 leader=1 inc2=1 attack_w=0.15
DBG t=12 used=0.02 remain=1.7 turn_time=0.0193182 end_in=0.0193182 depth=7 dec=0 cand_cap=20 cand=11->11 pick(must/top/rand)=8/3/0 sims=4951 loop=4940 best_avg=-2.46655 leader=1 inc2=1 attack_w=0.25
DBG t=24 used=0.02 remain=1.46 turn_time=0.0192105 end_in=0.0192105 depth=7 dec=0 cand_cap=20 cand=24->20 pick(must/top/rand)=8/8/4 sims=3664 loop=3644 best_avg=-2.11729 leader=1 inc2=1 attack_w=0.25
DBG t=37 used=0.02 remain=1.2 turn_time=0.0190476 end_in=0.0190476 depth=10 dec=0 cand_cap=20 cand=35->20 pick(must/top/rand)=9/7/4 sims=1956 loop=1936 best_avg=-1.98653 leader=1 inc2=1 attack_w=0.25
DBG t=49 used=0.019 remain=0.968 turn_time=0.0189804 end_in=0.0189804 depth=10 dec=0 cand_cap=20 cand=45->20 pick(must/top/rand)=9/7/4 sims=1708 loop=1688 best_avg=-1.96966 leader=1 inc2=1 attack_w=0.25
DBG t=61 used=0.019 remain=0.74 turn_time=0.0189744 end_in=0.0189744 depth=10 dec=0 cand_cap=20 cand=56->20 pick(must/top/rand)=8/8/4 sims=1532 loop=1512 best_avg=-1.95987 leader=1 inc2=1 attack_w=0.25
DBG t=74 used=0.019 remain=0.493 turn_time=0.0189615 end_in=0.0189615 depth=11 dec=0 cand_cap=20 cand=8->8 pick(must/top/rand)=7/1/0 sims=2064 loop=2056 best_avg=-1.83585 leader=1 inc2=1 attack_w=0.25
DBG t=86 used=0.019 remain=0.265 turn_time=0.0189286 end_in=0.0189286 depth=11 dec=0 cand_cap=20 cand=26->20 pick(must/top/rand)=9/7/4 sims=1076 loop=1056 best_avg=-1.82623 leader=1 inc2=1 attack_w=0.25
DBG t=99 used=0.018 remain=0.018 turn_time=0.018 end_in=0.017 depth=0 dec=0 cand_cap=20 cand=89->20 pick(must/top/rand)=9/7/4 sims=51652 loop=51632 best_avg=-1.196 leader=1 inc2=1 attack_w=0.25
DBG summary depth_safety_fired=0
Score = 265292

=== CASE 0086.txt ===
cmd=target/release/tester ./a.out
returncode=0 timed_out=0 elapsed_sec=1.953767
score=91495.0
--- stdout ---
9 6
9 7
9 8
9 8
9 8
9 8
9 9
9 9
9 9
9 9
9 8
9 9
8 5
8 4
8 4
9 4
9 3
8 4
9 3
8 4
8 8
9 3
8 8
7 4
9 3
8 8
9 3
7 8
7 5
7 4
9 9
7 4
8 8
7 4
8 8
7 8
8 8
9 9
7 4
8 4
7 5
7 5
8 6
8 4
7 8
8 4
7 8
9 5
9 2
8 7
9 3
7 5
8 6
7 5
6 5
9 2
9 2
9 1
9 1
9 2
9 1
5 5
6 5
9 2
8 6
9 2
8 6
5 5
6 5
5 6
4 6
7 4
7 4
4 7
5 6
5 5
4 6
4 7
9 1
6 5
8 3
8 2
9 1
9 6
7 4
4 6
7 4
5 6
5 5
5 4
4 7
8 1
8 1
8 1
8 1
8 1
7 1
6 1
5 1
5 1
--- stderr ---
DBG hdr N=10 M=8 T=100 U=5 VMAX=4599 TIME_LIMIT=1.94 MAX_CAND=20 UCB_C=0.21
DBG t=0 used=0.02 remain=1.94 turn_time=0.0194 end_in=0.0194 depth=7 dec=0 cand_cap=20 cand=5->5 pick(must/top/rand)=3/2/0 sims=2301 loop=2296 best_avg=-1.82672 leader=2 inc2=1 attack_w=1
DBG t=12 used=0.02 remain=1.7 turn_time=0.0193182 end_in=0.0193182 depth=7 dec=0 cand_cap=20 cand=11->11 pick(must/top/rand)=3/8/0 sims=1543 loop=1532 best_avg=-1.73962 leader=2 inc2=1 attack_w=1
DBG t=24 used=0.02 remain=1.46 turn_time=0.0192105 end_in=0.0192105 depth=7 dec=0 cand_cap=20 cand=20->20 pick(must/top/rand)=5/11/4 sims=1548 loop=1528 best_avg=-1.09041 leader=2 inc2=1 attack_w=1
DBG t=37 used=0.02 remain=1.2 turn_time=0.0190476 end_in=0.0190476 depth=10 dec=0 cand_cap=20 cand=23->20 pick(must/top/rand)=5/11/4 sims=996 loop=976 best_avg=-1.03553 leader=2 inc2=1 attack_w=1
DBG t=49 used=0.019 remain=0.968 turn_time=0.0189804 end_in=0.0189804 depth=10 dec=0 cand_cap=20 cand=25->20 pick(must/top/rand)=5/11/4 sims=1024 loop=1004 best_avg=-0.705055 leader=2 inc2=1 attack_w=1
DBG t=61 used=0.019 remain=0.74 turn_time=0.0189744 end_in=0.0189744 depth=10 dec=0 cand_cap=20 cand=29->20 pick(must/top/rand)=5/11/4 sims=1008 loop=988 best_avg=-0.752935 leader=2 inc2=1 attack_w=1
DBG t=74 used=0.019 remain=0.493 turn_time=0.0189615 end_in=0.0189615 depth=11 dec=0 cand_cap=20 cand=35->20 pick(must/top/rand)=5/11/4 sims=956 loop=936 best_avg=-0.557249 leader=2 inc2=1 attack_w=1
DBG t=86 used=0.019 remain=0.265 turn_time=0.0189286 end_in=0.0189286 depth=11 dec=0 cand_cap=20 cand=31->20 pick(must/top/rand)=5/11/4 sims=948 loop=928 best_avg=-0.543559 leader=7 inc2=1 attack_w=0.565077
DBG t=99 used=0.018 remain=0.018 turn_time=0.018 end_in=0.017 depth=0 dec=0 cand_cap=20 cand=42->20 pick(must/top/rand)=7/9/4 sims=16988 loop=16968 best_avg=-0.581575 leader=7 inc2=1 attack_w=0.985364
DBG summary depth_safety_fired=0
Score = 91495

=== CASE 0087.txt ===
cmd=target/release/tester ./a.out
returncode=0 timed_out=0 elapsed_sec=1.952746
score=86659.0
--- stdout ---
8 3
8 2
8 4
7 4
7 5
7 4
6 5
5 5
7 6
8 4
7 6
8 3
8 3
4 5
3 5
2 5
1 5
1 4
7 6
0 4
0 4
3 6
0 4
7 6
2 5
3 6
3 6
8 4
7 5
3 7
2 6
2 5
4 5
2 7
4 5
2 6
2 8
3 7
1 7
2 8
2 4
2 6
1 4
1 7
2 8
0 3
1 4
0 3
3 7
3 8
0 3
1 3
1 7
1 3
1 2
1 6
0 7
1 3
2 3
2 6
2 9
2 8
0 5
1 4
1 6
0 7
0 7
4 5
0 4
0 7
4 5
0 4
3 6
4 5
0 7
0 4
3 7
2 6
3 5
2 7
0 7
1 7
0 7
2 5
1 1
0 7
2 6
0 4
1 7
0 3
2 4
2 5
0 3
0 4
2 4
2 5
0 1
3 5
0 1
1 1
--- stderr ---
DBG hdr N=10 M=4 T=100 U=3 VMAX=2225 TIME_LIMIT=1.94 MAX_CAND=20 UCB_C=0.21
DBG t=0 used=0.02 remain=1.94 turn_time=0.0194 end_in=0.0194 depth=7 dec=0 cand_cap=20 cand=5->5 pick(must/top/rand)=3/2/0 sims=4193 loop=4188 best_avg=-1.89625 leader=2 inc2=1 attack_w=1
DBG t=12 used=0.02 remain=1.7 turn_time=0.0193182 end_in=0.0193182 depth=7 dec=0 cand_cap=20 cand=18->18 pick(must/top/rand)=4/12/2 sims=2590 loop=2572 best_avg=-1.76957 leader=2 inc2=1 attack_w=1
DBG t=24 used=0.02 remain=1.46 turn_time=0.0192105 end_in=0.0192105 depth=7 dec=0 cand_cap=20 cand=35->20 pick(must/top/rand)=7/9/4 sims=2384 loop=2364 best_avg=-1.50022 leader=2 inc2=0 attack_w=1
DBG t=37 used=0.02 remain=1.2 turn_time=0.0190476 end_in=0.0190476 depth=10 dec=0 cand_cap=20 cand=18->18 pick(must/top/rand)=6/10/2 sims=1394 loop=1376 best_avg=-1.61909 leader=2 inc2=0 attack_w=1
DBG t=49 used=0.019 remain=0.968 turn_time=0.0189804 end_in=0.0189804 depth=10 dec=0 cand_cap=20 cand=25->20 pick(must/top/rand)=8/8/4 sims=1372 loop=1352 best_avg=-1.40548 leader=2 inc2=0 attack_w=1
DBG t=61 used=0.019 remain=0.74 turn_time=0.0189744 end_in=0.0189744 depth=10 dec=0 cand_cap=20 cand=32->20 pick(must/top/rand)=8/8/4 sims=1272 loop=1252 best_avg=-1.31279 leader=2 inc2=0 attack_w=1
DBG t=74 used=0.019 remain=0.493 turn_time=0.0189615 end_in=0.0189615 depth=11 dec=0 cand_cap=20 cand=33->20 pick(must/top/rand)=8/8/4 sims=1116 loop=1096 best_avg=-1.43248 leader=2 inc2=1 attack_w=1
DBG t=86 used=0.019 remain=0.265 turn_time=0.0189286 end_in=0.0189286 depth=11 dec=0 cand_cap=20 cand=32->20 pick(must/top/rand)=8/8/4 sims=1176 loop=1156 best_avg=-1.40561 leader=2 inc2=1 attack_w=1
DBG t=99 used=0.018 remain=0.018 turn_time=0.018 end_in=0.017 depth=0 dec=0 cand_cap=20 cand=22->20 pick(must/top/rand)=6/10/4 sims=25116 loop=25096 best_avg=-1.2847 leader=3 inc2=1 attack_w=1
DBG summary depth_safety_fired=0
Score = 86659

=== CASE 0089.txt ===
cmd=target/release/tester ./a.out
returncode=0 timed_out=0 elapsed_sec=1.953229
score=150301.0
--- stdout ---
2 0
3 0
1 0
3 1
3 1
3 2
3 2
2 2
4 0
4 0
5 0
5 0
3 3
3 3
2 3
2 3
2 0
1 3
1 3
1 1
4 3
5 3
5 3
5 3
4 3
4 4
5 4
6 4
6 4
5 3
5 3
5 3
5 3
5 3
7 4
6 5
6 6
6 6
6 7
5 6
5 6
5 7
6 4
5 5
8 4
8 3
8 3
8 4
9 3
8 3
9 3
8 5
6 4
5 5
5 4
5 5
5 3
4 4
6 3
4 5
4 6
4 3
4 4
5 5
4 6
5 5
2 3
2 3
4 1
5 4
4 5
5 3
5 3
5 5
5 1
6 1
7 1
0 3
7 1
7 2
5 3
7 0
4 4
7 0
8 1
7 2
5 3
5 4
5 5
4 4
6 4
5 5
8 2
6 6
8 2
5 5
4 5
5 5
4 4
5 6
--- stderr ---
DBG hdr N=10 M=3 T=100 U=2 VMAX=1407 TIME_LIMIT=1.94 MAX_CAND=20 UCB_C=0.21
DBG t=0 used=0.02 remain=1.94 turn_time=0.0194 end_in=0.0194 depth=7 dec=0 cand_cap=20 cand=4->4 pick(must/top/rand)=3/1/0 sims=4432 loop=4428 best_avg=-1.72854 leader=1 inc2=1 attack_w=1
DBG t=12 used=0.02 remain=1.7 turn_time=0.0193182 end_in=0.0193182 depth=7 dec=0 cand_cap=20 cand=15->15 pick(must/top/rand)=5/10/0 sims=2859 loop=2844 best_avg=-1.4544 leader=1 inc2=1 attack_w=0.703803
DBG t=24 used=0.02 remain=1.46 turn_time=0.0192105 end_in=0.0192105 depth=7 dec=0 cand_cap=20 cand=27->20 pick(must/top/rand)=7/9/4 sims=2328 loop=2308 best_avg=-1.34999 leader=2 inc2=1 attack_w=0.25
DBG t=37 used=0.02 remain=1.2 turn_time=0.0190476 end_in=0.0190476 depth=10 dec=0 cand_cap=20 cand=6->6 pick(must/top/rand)=5/1/0 sims=2018 loop=2012 best_avg=-1.58432 leader=2 inc2=1 attack_w=0.960286
DBG t=49 used=0.019 remain=0.968 turn_time=0.0189804 end_in=0.0189804 depth=10 dec=0 cand_cap=20 cand=11->11 pick(must/top/rand)=6/5/0 sims=1847 loop=1836 best_avg=-1.3486 leader=1 inc2=1 attack_w=0.25
DBG t=61 used=0.019 remain=0.74 turn_time=0.0189744 end_in=0.0189744 depth=10 dec=0 cand_cap=20 cand=7->7 pick(must/top/rand)=6/1/0 sims=1575 loop=1568 best_avg=-1.17941 leader=1 inc2=1 attack_w=0.25
DBG t=74 used=0.019 remain=0.493 turn_time=0.0189615 end_in=0.0189615 depth=11 dec=0 cand_cap=20 cand=48->20 pick(must/top/rand)=8/8/4 sims=1212 loop=1192 best_avg=-1.26273 leader=2 inc2=1 attack_w=0.25
DBG t=86 used=0.019 remain=0.265 turn_time=0.0189286 end_in=0.0189286 depth=11 dec=0 cand_cap=20 cand=43->20 pick(must/top/rand)=7/9/4 sims=1176 loop=1156 best_avg=-0.932283 leader=2 inc2=1 attack_w=0.25
DBG t=99 used=0.018 remain=0.018 turn_time=0.018 end_in=0.017 depth=0 dec=0 cand_cap=20 cand=59->20 pick(must/top/rand)=9/7/4 sims=39180 loop=39160 best_avg=-0.886508 leader=2 inc2=1 attack_w=0.25
DBG summary depth_safety_fired=0
Score = 150301

=== CASE 0088.txt ===
cmd=target/release/tester ./a.out
returncode=0 timed_out=0 elapsed_sec=1.953551
score=140646.0
--- stdout ---
4 5
5 5
4 5
6 5
7 5
8 5
8 5
8 5
6 5
6 5
4 5
7 6
7 7
7 8
7 8
8 7
9 7
7 8
7 7
6 8
9 7
5 6
5 6
5 6
7 7
9 8
9 8
9 8
8 4
8 7
6 7
9 7
6 6
9 6
8 8
9 5
6 8
8 3
6 9
6 9
6 9
8 9
8 9
9 6
7 4
9 4
9 3
7 9
9 3
7 6
7 4
8 7
9 6
2 5
5 7
8 4
7 5
9 9
8 6
8 4
7 4
9 5
8 4
9 5
4 7
5 8
3 4
7 6
7 5
2 4
9 9
1 4
8 5
2 4
4 7
2 4
7 5
4 4
5 4
2 6
4 7
9 6
3 7
4 3
1 6
4 3
4 3
7 4
9 5
6 6
6 6
8 6
8 6
7 4
6 5
8 4
7 4
5 5
0 6
5 7
--- stderr ---
DBG hdr N=10 M=3 T=100 U=3 VMAX=1748 TIME_LIMIT=1.94 MAX_CAND=20 UCB_C=0.21
DBG t=0 used=0.02 remain=1.94 turn_time=0.0194 end_in=0.0194 depth=7 dec=0 cand_cap=20 cand=5->5 pick(must/top/rand)=3/2/0 sims=4309 loop=4304 best_avg=-1.32736 leader=2 inc2=1 attack_w=0.15
DBG t=12 used=0.02 remain=1.7 turn_time=0.0193182 end_in=0.0193182 depth=7 dec=0 cand_cap=20 cand=21->20 pick(must/top/rand)=3/13/4 sims=3304 loop=3284 best_avg=-0.970232 leader=2 inc2=1 attack_w=0.25
DBG t=24 used=0.02 remain=1.46 turn_time=0.0192105 end_in=0.0192105 depth=7 dec=0 cand_cap=20 cand=33->20 pick(must/top/rand)=3/13/4 sims=2688 loop=2668 best_avg=-0.780266 leader=1 inc2=1 attack_w=0.25
DBG t=37 used=0.02 remain=1.2 turn_time=0.0190476 end_in=0.0190476 depth=10 dec=0 cand_cap=20 cand=37->20 pick(must/top/rand)=3/13/4 sims=1508 loop=1488 best_avg=-0.678434 leader=1 inc2=1 attack_w=0.25
DBG t=49 used=0.019 remain=0.968 turn_time=0.0189804 end_in=0.0189804 depth=10 dec=0 cand_cap=20 cand=39->20 pick(must/top/rand)=7/9/4 sims=1508 loop=1488 best_avg=-0.860998 leader=2 inc2=1 attack_w=0.25
DBG t=61 used=0.019 remain=0.74 turn_time=0.0189744 end_in=0.0189744 depth=10 dec=0 cand_cap=20 cand=39->20 pick(must/top/rand)=6/10/4 sims=1436 loop=1416 best_avg=-1.08806 leader=2 inc2=1 attack_w=0.25
DBG t=74 used=0.019 remain=0.493 turn_time=0.0189615 end_in=0.0189615 depth=11 dec=0 cand_cap=20 cand=46->20 pick(must/top/rand)=8/8/4 sims=1188 loop=1168 best_avg=-1.14235 leader=2 inc2=1 attack_w=0.25
DBG t=86 used=0.019 remain=0.265 turn_time=0.0189286 end_in=0.0189286 depth=11 dec=0 cand_cap=20 cand=54->20 pick(must/top/rand)=7/9/4 sims=1088 loop=1068 best_avg=-1.14737 leader=1 inc2=1 attack_w=0.25
DBG t=99 used=0.018 remain=0.018 turn_time=0.018 end_in=0.017 depth=0 dec=0 cand_cap=20 cand=55->20 pick(must/top/rand)=8/8/4 sims=26776 loop=26756 best_avg=-1.14054 leader=1 inc2=1 attack_w=0.25
DBG summary depth_safety_fired=0
Score = 140646

=== CASE 0091.txt ===
cmd=target/release/tester ./a.out
returncode=0 timed_out=0 elapsed_sec=1.953767
score=127672.0
--- stdout ---
0 4
1 4
1 5
2 5
2 6
3 6
3 7
3 7
3 6
4 7
4 6
3 8
4 8
2 8
4 7
1 6
2 8
3 9
2 6
2 7
4 5
2 7
1 6
3 5
4 9
4 8
3 5
4 5
4 6
5 6
5 7
5 6
1 8
1 9
6 6
6 6
2 5
1 7
6 6
2 4
6 5
2 4
5 6
6 6
4 6
5 5
5 6
5 9
4 6
5 6
6 5
5 8
3 5
5 5
6 6
6 5
5 6
6 5
6 5
3 5
4 6
7 6
4 5
2 9
6 6
6 5
3 5
5 5
6 8
6 5
4 4
4 6
6 5
7 6
6 7
3 6
6 5
2 5
3 6
6 5
2 5
3 6
6 5
2 5
6 8
3 6
3 5
1 4
3 5
4 5
7 6
6 5
6 5
6 5
5 5
5 5
6 8
6 5
3 6
2 5
--- stderr ---
DBG hdr N=10 M=3 T=100 U=2 VMAX=1676 TIME_LIMIT=1.94 MAX_CAND=20 UCB_C=0.21
DBG t=0 used=0.02 remain=1.94 turn_time=0.0194 end_in=0.0194 depth=7 dec=0 cand_cap=20 cand=4->4 pick(must/top/rand)=3/1/0 sims=4464 loop=4460 best_avg=-1.48269 leader=2 inc2=1 attack_w=0.643448
DBG t=12 used=0.02 remain=1.7 turn_time=0.0193182 end_in=0.0193182 depth=7 dec=0 cand_cap=20 cand=23->20 pick(must/top/rand)=7/9/4 sims=2736 loop=2716 best_avg=-0.998466 leader=2 inc2=1 attack_w=0.25
DBG t=24 used=0.02 remain=1.46 turn_time=0.0192105 end_in=0.0192105 depth=7 dec=0 cand_cap=20 cand=32->20 pick(must/top/rand)=9/7/4 sims=1980 loop=1960 best_avg=-0.978801 leader=2 inc2=1 attack_w=0.25
DBG t=37 used=0.02 remain=1.2 turn_time=0.0190476 end_in=0.0190476 depth=10 dec=0 cand_cap=20 cand=39->20 pick(must/top/rand)=9/7/4 sims=1344 loop=1324 best_avg=-1.18683 leader=1 inc2=1 attack_w=0.25
DBG t=49 used=0.019 remain=0.968 turn_time=0.0189804 end_in=0.0189804 depth=10 dec=0 cand_cap=20 cand=43->20 pick(must/top/rand)=9/7/4 sims=1152 loop=1132 best_avg=-1.1408 leader=1 inc2=1 attack_w=0.25
DBG t=61 used=0.019 remain=0.74 turn_time=0.0189744 end_in=0.0189744 depth=10 dec=0 cand_cap=20 cand=46->20 pick(must/top/rand)=9/7/4 sims=1068 loop=1048 best_avg=-1.10083 leader=1 inc2=1 attack_w=0.25
DBG t=74 used=0.019 remain=0.493 turn_time=0.0189615 end_in=0.0189615 depth=11 dec=0 cand_cap=20 cand=51->20 pick(must/top/rand)=9/7/4 sims=880 loop=860 best_avg=-1.14636 leader=1 inc2=1 attack_w=0.25
DBG t=86 used=0.019 remain=0.265 turn_time=0.0189286 end_in=0.0189286 depth=11 dec=0 cand_cap=20 cand=47->20 pick(must/top/rand)=9/7/4 sims=864 loop=844 best_avg=-1.22534 leader=1 inc2=1 attack_w=0.25
DBG t=99 used=0.018 remain=0.018 turn_time=0.018 end_in=0.017 depth=0 dec=0 cand_cap=20 cand=49->20 pick(must/top/rand)=9/7/4 sims=22128 loop=22108 best_avg=-1.22818 leader=1 inc2=1 attack_w=0.25
DBG summary depth_safety_fired=0
Score = 127672

=== CASE 0090.txt ===
cmd=target/release/tester ./a.out
returncode=0 timed_out=0 elapsed_sec=1.956163
score=151226.0
--- stdout ---
6 1
5 1
6 1
6 1
6 1
4 1
4 0
3 0
2 0
3 0
2 0
2 0
3 0
3 0
4 0
4 1
5 2
5 2
5 2
5 2
3 0
5 2
4 1
5 0
2 0
7 1
4 2
3 2
4 1
2 0
8 1
8 2
8 1
7 0
8 1
4 1
6 0
8 2
8 1
2 0
2 0
3 1
9 2
3 1
8 1
2 1
2 0
2 1
2 1
5 3
6 3
3 1
2 1
5 3
3 1
4 2
5 3
3 1
2 1
5 2
7 2
3 2
4 2
6 2
3 2
4 2
4 1
5 3
4 2
8 0
3 2
4 2
4 1
5 3
8 3
2 0
9 0
5 1
9 3
3 2
4 0
3 2
4 0
6 4
9 0
7 4
5 4
7 5
7 5
5 3
7 6
7 5
5 4
9 4
9 5
2 1
9 5
8 2
8 2
2 1
--- stderr ---
DBG hdr N=10 M=7 T=100 U=5 VMAX=1976 TIME_LIMIT=1.94 MAX_CAND=20 UCB_C=0.21
DBG t=0 used=0.02 remain=1.94 turn_time=0.0194 end_in=0.0194 depth=7 dec=0 cand_cap=20 cand=5->5 pick(must/top/rand)=3/2/0 sims=2273 loop=2268 best_avg=-0.80733 leader=5 inc2=1 attack_w=1
DBG t=12 used=0.02 remain=1.7 turn_time=0.0193182 end_in=0.0193182 depth=7 dec=0 cand_cap=20 cand=7->7 pick(must/top/rand)=4/3/0 sims=2283 loop=2276 best_avg=-0.295443 leader=2 inc2=1 attack_w=0.4743
DBG t=24 used=0.02 remain=1.46 turn_time=0.0192105 end_in=0.0192105 depth=7 dec=0 cand_cap=20 cand=16->16 pick(must/top/rand)=6/10/0 sims=2008 loop=1992 best_avg=-0.350766 leader=4 inc2=1 attack_w=0.25
DBG t=37 used=0.02 remain=1.2 turn_time=0.0190476 end_in=0.0190476 depth=10 dec=0 cand_cap=20 cand=23->20 pick(must/top/rand)=6/10/4 sims=1380 loop=1360 best_avg=-0.369267 leader=4 inc2=1 attack_w=0.25
DBG t=49 used=0.019 remain=0.968 turn_time=0.0189804 end_in=0.0189804 depth=10 dec=0 cand_cap=20 cand=27->20 pick(must/top/rand)=5/11/4 sims=1200 loop=1180 best_avg=-0.31394 leader=4 inc2=1 attack_w=0.25
DBG t=61 used=0.019 remain=0.74 turn_time=0.0189744 end_in=0.0189744 depth=10 dec=0 cand_cap=20 cand=31->20 pick(must/top/rand)=5/11/4 sims=1120 loop=1100 best_avg=-0.229918 leader=4 inc2=1 attack_w=0.25
DBG t=74 used=0.019 remain=0.493 turn_time=0.0189615 end_in=0.0189615 depth=11 dec=0 cand_cap=20 cand=34->20 pick(must/top/rand)=7/9/4 sims=1024 loop=1004 best_avg=-0.154844 leader=6 inc2=1 attack_w=0.25
DBG t=86 used=0.019 remain=0.265 turn_time=0.0189286 end_in=0.0189286 depth=11 dec=0 cand_cap=20 cand=40->20 pick(must/top/rand)=6/10/4 sims=1012 loop=992 best_avg=-0.021486 leader=6 inc2=1 attack_w=0.25
DBG t=99 used=0.018 remain=0.018 turn_time=0.018 end_in=0.017 depth=0 dec=0 cand_cap=20 cand=45->20 pick(must/top/rand)=7/9/4 sims=21776 loop=21756 best_avg=0.0543988 leader=6 inc2=1 attack_w=0.25
DBG summary depth_safety_fired=0
Score = 151226

=== CASE 0092.txt ===
cmd=target/release/tester ./a.out
returncode=0 timed_out=0 elapsed_sec=1.952938
score=178652.0
--- stdout ---
0 4
0 5
1 5
1 5
0 4
0 5
1 3
1 6
1 6
2 3
1 2
1 2
1 1
1 7
3 3
3 3
1 8
1 8
0 8
0 8
0 1
0 0
4 3
4 4
5 4
1 9
4 4
0 0
2 4
5 4
5 4
6 4
5 4
4 2
6 4
1 9
2 6
5 4
7 4
5 4
2 6
0 9
1 7
0 6
7 5
7 4
5 5
3 6
6 5
5 5
6 4
5 2
5 5
7 3
3 6
6 5
1 9
7 3
7 4
1 8
4 1
6 2
7 3
6 5
6 5
2 1
6 5
4 6
7 4
4 3
2 5
3 4
1 8
7 4
8 3
7 4
8 3
9 3
8 3
5 1
5 3
8 4
9 3
9 2
9 2
9 2
9 1
8 1
8 1
8 1
7 1
7 0
7 0
6 1
6 5
6 6
6 4
6 6
6 5
6 7
--- stderr ---
DBG hdr N=10 M=5 T=100 U=2 VMAX=1591 TIME_LIMIT=1.94 MAX_CAND=20 UCB_C=0.21
DBG t=0 used=0.02 remain=1.94 turn_time=0.0194 end_in=0.0194 depth=7 dec=0 cand_cap=20 cand=4->4 pick(must/top/rand)=3/1/0 sims=3508 loop=3504 best_avg=-0.96892 leader=1 inc2=1 attack_w=1
DBG t=12 used=0.02 remain=1.7 turn_time=0.0193182 end_in=0.0193182 depth=7 dec=0 cand_cap=20 cand=18->18 pick(must/top/rand)=3/13/2 sims=2174 loop=2156 best_avg=-0.668786 leader=3 inc2=1 attack_w=0.25
DBG t=24 used=0.02 remain=1.46 turn_time=0.0192105 end_in=0.0192105 depth=7 dec=0 cand_cap=20 cand=36->20 pick(must/top/rand)=6/10/4 sims=1764 loop=1744 best_avg=-0.255666 leader=3 inc2=1 attack_w=0.25
DBG t=37 used=0.02 remain=1.2 turn_time=0.0190476 end_in=0.0190476 depth=10 dec=0 cand_cap=20 cand=40->20 pick(must/top/rand)=8/8/4 sims=1108 loop=1088 best_avg=-0.0778097 leader=1 inc2=1 attack_w=0.25
DBG t=49 used=0.019 remain=0.968 turn_time=0.0189804 end_in=0.0189804 depth=10 dec=0 cand_cap=20 cand=48->20 pick(must/top/rand)=9/7/4 sims=1048 loop=1028 best_avg=0.175551 leader=1 inc2=1 attack_w=0.25
DBG t=61 used=0.019 remain=0.74 turn_time=0.0189744 end_in=0.0189744 depth=10 dec=0 cand_cap=20 cand=59->20 pick(must/top/rand)=8/8/4 sims=956 loop=936 best_avg=0.268276 leader=2 inc2=0 attack_w=0.25
DBG t=74 used=0.019 remain=0.493 turn_time=0.0189615 end_in=0.0189615 depth=11 dec=0 cand_cap=20 cand=62->20 pick(must/top/rand)=9/7/4 sims=816 loop=796 best_avg=0.256269 leader=2 inc2=1 attack_w=0.25
DBG t=86 used=0.019 remain=0.265 turn_time=0.0189286 end_in=0.0189286 depth=11 dec=0 cand_cap=20 cand=3->3 pick(must/top/rand)=3/0/0 sims=1079 loop=1076 best_avg=0.0820987 leader=2 inc2=1 attack_w=0.25
DBG t=99 used=0.018 remain=0.018 turn_time=0.018 end_in=0.017 depth=0 dec=0 cand_cap=20 cand=60->20 pick(must/top/rand)=8/8/4 sims=23492 loop=23472 best_avg=0.166507 leader=2 inc2=1 attack_w=0.25
DBG summary depth_safety_fired=0
Score = 178652

=== CASE 0093.txt ===
cmd=target/release/tester ./a.out
returncode=0 timed_out=0 elapsed_sec=1.951855
score=129077.0
--- stdout ---
0 6
0 6
0 5
0 5
0 5
0 6
1 6
0 4
0 3
1 3
0 3
1 6
1 3
0 3
1 3
1 4
0 3
0 4
0 3
1 3
0 4
1 2
1 2
0 3
1 2
1 3
0 3
0 5
1 2
2 6
0 3
2 6
1 2
1 7
0 3
3 6
1 2
0 3
2 6
1 2
0 3
1 7
1 2
0 3
3 6
1 2
1 3
1 1
1 0
1 2
1 1
1 3
2 1
1 2
1 1
2 1
1 2
1 1
2 1
1 3
1 1
1 3
1 2
1 3
2 1
1 1
2 0
2 1
2 0
2 1
3 0
3 0
1 1
2 1
4 0
4 0
4 0
2 0
2 0
4 1
4 1
2 1
2 1
3 0
4 1
2 0
2 0
2 1
2 0
5 1
5 1
2 0
3 1
3 1
3 2
3 2
2 0
3 2
2 1
3 1
--- stderr ---
DBG hdr N=10 M=8 T=100 U=3 VMAX=1791 TIME_LIMIT=1.94 MAX_CAND=20 UCB_C=0.21
DBG t=0 used=0.02 remain=1.94 turn_time=0.0194 end_in=0.0194 depth=7 dec=0 cand_cap=20 cand=4->4 pick(must/top/rand)=3/1/0 sims=2128 loop=2124 best_avg=-0.675895 leader=2 inc2=1 attack_w=1
DBG t=12 used=0.02 remain=1.7 turn_time=0.0193182 end_in=0.0193182 depth=7 dec=0 cand_cap=20 cand=14->14 pick(must/top/rand)=8/6/0 sims=1486 loop=1472 best_avg=-0.332772 leader=7 inc2=1 attack_w=0.632978
DBG t=24 used=0.02 remain=1.46 turn_time=0.0192105 end_in=0.0192105 depth=7 dec=0 cand_cap=20 cand=17->17 pick(must/top/rand)=9/7/1 sims=1529 loop=1512 best_avg=-0.274132 leader=1 inc2=1 attack_w=0.454772
DBG t=37 used=0.02 remain=1.2 turn_time=0.0190476 end_in=0.0190476 depth=10 dec=0 cand_cap=20 cand=23->20 pick(must/top/rand)=8/8/4 sims=1044 loop=1024 best_avg=-0.270816 leader=1 inc2=1 attack_w=0.25
DBG t=49 used=0.019 remain=0.968 turn_time=0.0189804 end_in=0.0189804 depth=10 dec=0 cand_cap=20 cand=10->10 pick(must/top/rand)=5/5/0 sims=1054 loop=1044 best_avg=-0.367226 leader=5 inc2=1 attack_w=0.25
DBG t=61 used=0.019 remain=0.74 turn_time=0.0189744 end_in=0.0189744 depth=10 dec=0 cand_cap=20 cand=11->11 pick(must/top/rand)=4/7/0 sims=1091 loop=1080 best_avg=-0.40306 leader=5 inc2=1 attack_w=0.667307
DBG t=74 used=0.019 remain=0.493 turn_time=0.0189615 end_in=0.0189615 depth=11 dec=0 cand_cap=20 cand=7->7 pick(must/top/rand)=4/3/0 sims=1087 loop=1080 best_avg=-0.601682 leader=5 inc2=1 attack_w=0.854927
DBG t=86 used=0.019 remain=0.265 turn_time=0.0189286 end_in=0.0189286 depth=11 dec=0 cand_cap=20 cand=10->10 pick(must/top/rand)=6/4/0 sims=1146 loop=1136 best_avg=-0.334648 leader=5 inc2=1 attack_w=0.678649
DBG t=99 used=0.018 remain=0.018 turn_time=0.018 end_in=0.017 depth=0 dec=0 cand_cap=20 cand=14->14 pick(must/top/rand)=4/10/0 sims=22750 loop=22736 best_avg=-0.112123 leader=7 inc2=1 attack_w=0.25
DBG summary depth_safety_fired=0
Score = 129077

=== CASE 0094.txt ===
cmd=target/release/tester ./a.out
returncode=0 timed_out=0 elapsed_sec=1.952075
score=141724.0
--- stdout ---
4 4
4 5
5 4
3 5
3 5
3 5
3 5
4 4
6 4
6 4
6 4
6 4
5 4
5 4
4 6
4 6
4 6
4 6
3 6
3 6
3 4
3 6
3 6
4 4
3 7
3 7
3 7
3 7
4 4
2 4
2 4
2 4
3 8
5 5
2 4
2 7
2 7
5 5
5 5
2 7
2 7
2 8
5 5
2 9
1 8
4 3
7 4
6 3
7 4
7 5
7 4
1 8
7 4
6 3
7 5
2 5
0 8
7 5
1 7
0 7
1 9
1 9
8 4
7 5
8 5
1 9
3 9
4 9
5 6
5 9
8 5
5 7
7 5
5 9
8 5
5 9
7 5
8 5
5 9
7 5
8 5
5 9
7 5
5 8
6 9
8 5
8 5
8 5
8 5
6 6
6 9
8 6
7 6
6 9
6 9
6 9
7 6
6 8
6 9
6 8
--- stderr ---
DBG hdr N=10 M=2 T=100 U=4 VMAX=1645 TIME_LIMIT=1.94 MAX_CAND=20 UCB_C=0.21
DBG t=0 used=0.02 remain=1.94 turn_time=0.0194 end_in=0.0194 depth=7 dec=0 cand_cap=20 cand=5->5 pick(must/top/rand)=3/2/0 sims=5925 loop=5920 best_avg=-2.82125 leader=1 inc2=1 attack_w=0.269917
DBG t=12 used=0.02 remain=1.7 turn_time=0.0193182 end_in=0.0193182 depth=7 dec=0 cand_cap=20 cand=15->15 pick(must/top/rand)=3/12/0 sims=4247 loop=4232 best_avg=-2.92815 leader=1 inc2=1 attack_w=0.25
DBG t=24 used=0.02 remain=1.46 turn_time=0.0192105 end_in=0.0192105 depth=7 dec=0 cand_cap=20 cand=21->20 pick(must/top/rand)=3/13/4 sims=3720 loop=3700 best_avg=-3.04925 leader=1 inc2=1 attack_w=0.25
DBG t=37 used=0.02 remain=1.2 turn_time=0.0190476 end_in=0.0190476 depth=10 dec=0 cand_cap=20 cand=29->20 pick(must/top/rand)=3/13/4 sims=2140 loop=2120 best_avg=-3.18103 leader=1 inc2=1 attack_w=0.25
DBG t=49 used=0.019 remain=0.968 turn_time=0.0189804 end_in=0.0189804 depth=10 dec=0 cand_cap=20 cand=38->20 pick(must/top/rand)=5/11/4 sims=1832 loop=1812 best_avg=-3.13759 leader=1 inc2=1 attack_w=0.25
DBG t=61 used=0.019 remain=0.74 turn_time=0.0189744 end_in=0.0189744 depth=10 dec=0 cand_cap=20 cand=43->20 pick(must/top/rand)=6/10/4 sims=1584 loop=1564 best_avg=-3.09382 leader=1 inc2=1 attack_w=0.25
DBG t=74 used=0.019 remain=0.493 turn_time=0.0189615 end_in=0.0189615 depth=11 dec=0 cand_cap=20 cand=51->20 pick(must/top/rand)=7/9/4 sims=1420 loop=1400 best_avg=-3.06137 leader=1 inc2=1 attack_w=0.25
DBG t=86 used=0.019 remain=0.265 turn_time=0.0189286 end_in=0.0189286 depth=11 dec=0 cand_cap=20 cand=54->20 pick(must/top/rand)=8/8/4 sims=1408 loop=1388 best_avg=-3.00078 leader=1 inc2=1 attack_w=0.25
DBG t=99 used=0.018 remain=0.018 turn_time=0.018 end_in=0.017 depth=0 dec=0 cand_cap=20 cand=51->20 pick(must/top/rand)=9/7/4 sims=40784 loop=40764 best_avg=-2.7736 leader=1 inc2=1 attack_w=0.25
DBG summary depth_safety_fired=0
Score = 141724

=== CASE 0095.txt ===
cmd=target/release/tester ./a.out
returncode=0 timed_out=0 elapsed_sec=1.951286
score=133449.0
--- stdout ---
8 3
8 2
8 2
9 4
7 2
9 4
7 2
7 2
9 4
8 3
8 2
6 2
6 2
8 3
7 3
9 4
6 2
6 3
6 3
7 3
8 3
6 3
9 5
7 3
7 1
7 1
7 3
8 3
6 3
8 4
7 3
7 2
9 5
6 3
7 2
7 1
8 3
7 3
9 4
7 3
8 1
8 1
8 1
9 2
9 2
6 2
9 4
6 2
7 2
8 3
7 3
9 2
6 1
6 1
6 1
6 2
7 2
9 5
9 5
6 2
5 2
6 2
7 2
8 0
5 1
7 3
8 0
9 5
5 2
9 5
9 1
5 2
7 0
9 5
5 2
9 5
8 0
9 3
7 0
9 1
5 2
7 0
9 5
9 5
9 1
6 0
9 3
6 2
6 0
5 2
6 0
8 4
5 0
9 5
9 5
5 0
9 5
7 2
9 0
7 2
--- stderr ---
DBG hdr N=10 M=3 T=100 U=3 VMAX=2391 TIME_LIMIT=1.94 MAX_CAND=20 UCB_C=0.21
DBG t=0 used=0.02 remain=1.94 turn_time=0.0194 end_in=0.0194 depth=7 dec=0 cand_cap=20 cand=4->4 pick(must/top/rand)=3/1/0 sims=4300 loop=4296 best_avg=-0.896778 leader=2 inc2=1 attack_w=0.15
DBG t=12 used=0.02 remain=1.7 turn_time=0.0193182 end_in=0.0193182 depth=7 dec=0 cand_cap=20 cand=14->14 pick(must/top/rand)=6/8/0 sims=3686 loop=3672 best_avg=-1.06188 leader=1 inc2=1 attack_w=0.25
DBG t=24 used=0.02 remain=1.46 turn_time=0.0192105 end_in=0.0192105 depth=7 dec=0 cand_cap=20 cand=16->16 pick(must/top/rand)=6/10/0 sims=3612 loop=3596 best_avg=-1.13204 leader=1 inc2=1 attack_w=0.25
DBG t=37 used=0.02 remain=1.2 turn_time=0.0190476 end_in=0.0190476 depth=10 dec=0 cand_cap=20 cand=17->17 pick(must/top/rand)=6/10/1 sims=2413 loop=2396 best_avg=-1.20902 leader=1 inc2=1 attack_w=0.25
DBG t=49 used=0.019 remain=0.968 turn_time=0.0189804 end_in=0.0189804 depth=10 dec=0 cand_cap=20 cand=18->18 pick(must/top/rand)=6/10/2 sims=2546 loop=2528 best_avg=-1.09634 leader=1 inc2=1 attack_w=0.25
DBG t=61 used=0.019 remain=0.74 turn_time=0.0189744 end_in=0.0189744 depth=10 dec=0 cand_cap=20 cand=21->20 pick(must/top/rand)=8/8/4 sims=2256 loop=2236 best_avg=-1.0153 leader=2 inc2=1 attack_w=0.25
DBG t=74 used=0.019 remain=0.493 turn_time=0.0189615 end_in=0.0189615 depth=11 dec=0 cand_cap=20 cand=20->20 pick(must/top/rand)=5/11/4 sims=1992 loop=1972 best_avg=-1.12161 leader=2 inc2=1 attack_w=0.25
DBG t=86 used=0.019 remain=0.265 turn_time=0.0189286 end_in=0.0189286 depth=11 dec=0 cand_cap=20 cand=21->20 pick(must/top/rand)=7/9/4 sims=2000 loop=1980 best_avg=-1.16943 leader=2 inc2=1 attack_w=0.25
DBG t=99 used=0.018 remain=0.018 turn_time=0.018 end_in=0.017 depth=0 dec=0 cand_cap=20 cand=21->20 pick(must/top/rand)=6/10/4 sims=38656 loop=38636 best_avg=-1.17668 leader=2 inc2=1 attack_w=0.25
DBG summary depth_safety_fired=0
Score = 133449

=== CASE 0098.txt ===
cmd=target/release/tester ./a.out
returncode=0 timed_out=0 elapsed_sec=1.952616
score=278525.0
--- stdout ---
8 3
8 4
8 5
8 6
8 7
9 6
7 7
9 7
9 8
8 8
9 9
6 7
7 8
9 5
7 6
9 4
6 6
5 6
4 6
5 7
3 6
2 6
2 5
4 6
4 7
2 4
5 7
1 4
6 7
0 4
0 3
4 5
4 7
6 7
5 7
2 3
6 8
0 5
7 7
0 2
7 6
8 7
7 7
8 6
8 5
0 6
9 6
7 7
7 8
8 7
9 8
9 9
8 6
8 7
8 5
9 5
0 1
9 5
9 8
7 7
9 6
4 4
9 8
8 9
9 9
8 8
7 9
8 7
7 7
2 2
8 4
9 9
9 6
7 7
8 8
9 5
9 8
9 4
9 8
9 9
7 7
8 8
9 8
7 8
9 6
7 7
9 5
8 7
6 7
7 7
9 7
4 8
5 7
3 8
5 7
7 7
8 7
9 7
9 6
9 8
--- stderr ---
DBG hdr N=10 M=2 T=100 U=1 VMAX=2363 TIME_LIMIT=1.94 MAX_CAND=20 UCB_C=0.21
DBG t=0 used=0.02 remain=1.94 turn_time=0.0194 end_in=0.0194 depth=7 dec=0 cand_cap=20 cand=5->5 pick(must/top/rand)=3/2/0 sims=5545 loop=5540 best_avg=-2.65811 leader=1 inc2=1 attack_w=0.15
DBG t=12 used=0.02 remain=1.7 turn_time=0.0193182 end_in=0.0193182 depth=7 dec=0 cand_cap=20 cand=28->20 pick(must/top/rand)=3/13/4 sims=2924 loop=2904 best_avg=-2.3647 leader=1 inc2=1 attack_w=0.25
DBG t=24 used=0.02 remain=1.46 turn_time=0.0192105 end_in=0.0192105 depth=7 dec=0 cand_cap=20 cand=43->20 pick(must/top/rand)=6/10/4 sims=2736 loop=2716 best_avg=-2.62976 leader=1 inc2=1 attack_w=0.25
DBG t=37 used=0.02 remain=1.2 turn_time=0.0190476 end_in=0.0190476 depth=10 dec=0 cand_cap=20 cand=44->20 pick(must/top/rand)=6/10/4 sims=2000 loop=1980 best_avg=-2.52243 leader=1 inc2=1 attack_w=0.25
DBG t=49 used=0.019 remain=0.968 turn_time=0.0189804 end_in=0.0189804 depth=10 dec=0 cand_cap=20 cand=53->20 pick(must/top/rand)=6/10/4 sims=1616 loop=1596 best_avg=-2.39529 leader=1 inc2=1 attack_w=0.25
DBG t=61 used=0.019 remain=0.74 turn_time=0.0189744 end_in=0.0189744 depth=10 dec=0 cand_cap=20 cand=55->20 pick(must/top/rand)=6/10/4 sims=1740 loop=1720 best_avg=-2.3698 leader=1 inc2=1 attack_w=0.25
DBG t=74 used=0.019 remain=0.491 turn_time=0.0188846 end_in=0.0188846 depth=11 dec=0 cand_cap=20 cand=67->20 pick(must/top/rand)=7/9/4 sims=1108 loop=1088 best_avg=-2.22295 leader=1 inc2=1 attack_w=0.25
DBG t=86 used=0.019 remain=0.261 turn_time=0.0186429 end_in=0.0186429 depth=11 dec=0 cand_cap=20 cand=67->20 pick(must/top/rand)=5/11/4 sims=1420 loop=1400 best_avg=-1.97302 leader=1 inc2=1 attack_w=0.25
DBG t=99 used=0.017 remain=0.017 turn_time=0.017 end_in=0.016 depth=0 dec=1 cand_cap=20 cand=71->20 pick(must/top/rand)=5/11/4 sims=64240 loop=64220 best_avg=-0.812392 leader=1 inc2=1 attack_w=0.25
DBG summary depth_safety_fired=5
Score = 278525

=== CASE 0096.txt ===
cmd=target/release/tester ./a.out
returncode=0 timed_out=0 elapsed_sec=1.954278
score=172336.0
--- stdout ---
5 1
5 1
5 1
5 0
5 0
7 1
5 0
6 2
8 1
6 2
8 1
8 2
8 3
6 2
6 0
6 0
9 2
8 3
6 3
8 3
8 3
6 4
6 5
5 5
5 5
5 5
7 4
4 5
4 4
4 4
4 4
7 5
7 4
8 4
6 0
9 4
9 4
6 5
4 5
4 5
4 4
9 3
4 6
4 4
7 0
7 0
4 4
8 4
7 0
4 4
7 4
9 3
8 1
4 0
4 0
4 0
8 4
7 5
4 4
4 4
4 4
3 4
3 3
2 4
2 5
2 5
3 2
3 1
8 3
3 0
3 0
5 5
4 4
2 5
3 2
7 5
1 4
8 3
5 2
2 6
1 6
2 7
2 7
1 5
2 6
2 7
1 6
4 3
6 6
5 5
0 6
0 6
6 6
8 5
0 6
0 5
6 6
3 7
9 4
9 2
--- stderr ---
DBG hdr N=10 M=4 T=100 U=3 VMAX=1888 TIME_LIMIT=1.94 MAX_CAND=20 UCB_C=0.21
DBG t=0 used=0.02 remain=1.94 turn_time=0.0194 end_in=0.0194 depth=7 dec=0 cand_cap=20 cand=5->5 pick(must/top/rand)=3/2/0 sims=3697 loop=3692 best_avg=-0.966307 leader=1 inc2=1 attack_w=1
DBG t=12 used=0.02 remain=1.7 turn_time=0.0193182 end_in=0.0193182 depth=7 dec=0 cand_cap=20 cand=18->18 pick(must/top/rand)=6/10/2 sims=2754 loop=2736 best_avg=-0.703726 leader=3 inc2=0 attack_w=0.25
DBG t=24 used=0.02 remain=1.459 turn_time=0.0191974 end_in=0.0191974 depth=7 dec=0 cand_cap=20 cand=30->20 pick(must/top/rand)=9/7/4 sims=1792 loop=1772 best_avg=-0.497332 leader=3 inc2=0 attack_w=0.25
DBG t=37 used=0.02 remain=1.199 turn_time=0.0190317 end_in=0.0190317 depth=10 dec=0 cand_cap=20 cand=30->20 pick(must/top/rand)=9/7/4 sims=1240 loop=1220 best_avg=-0.720822 leader=3 inc2=1 attack_w=0.25
DBG t=49 used=0.019 remain=0.968 turn_time=0.0189804 end_in=0.0189804 depth=10 dec=0 cand_cap=20 cand=38->20 pick(must/top/rand)=8/8/4 sims=1012 loop=992 best_avg=-0.717919 leader=1 inc2=1 attack_w=0.25
DBG t=61 used=0.019 remain=0.74 turn_time=0.0189744 end_in=0.0189744 depth=10 dec=0 cand_cap=20 cand=40->20 pick(must/top/rand)=9/7/4 sims=1064 loop=1044 best_avg=-0.661613 leader=2 inc2=1 attack_w=0.25
DBG t=74 used=0.019 remain=0.493 turn_time=0.0189615 end_in=0.0189615 depth=11 dec=0 cand_cap=20 cand=50->20 pick(must/top/rand)=9/7/4 sims=708 loop=688 best_avg=-0.47115 leader=2 inc2=1 attack_w=0.25
DBG t=86 used=0.019 remain=0.261 turn_time=0.0186429 end_in=0.0186429 depth=11 dec=0 cand_cap=20 cand=62->20 pick(must/top/rand)=9/7/4 sims=896 loop=876 best_avg=-0.326429 leader=3 inc2=1 attack_w=0.25
DBG t=99 used=0.017 remain=0.017 turn_time=0.017 end_in=0.016 depth=0 dec=1 cand_cap=20 cand=69->20 pick(must/top/rand)=9/7/4 sims=26192 loop=26172 best_avg=-0.17359 leader=3 inc2=1 attack_w=0.25
DBG summary depth_safety_fired=5
Score = 172336

=== CASE 0097.txt ===
cmd=target/release/tester ./a.out
returncode=0 timed_out=0 elapsed_sec=1.952981
score=131741.0
--- stdout ---
8 4
8 3
7 4
8 3
8 3
8 5
8 3
7 4
8 5
7 4
8 5
8 3
7 4
6 4
6 4
7 4
7 4
6 4
6 4
6 4
6 3
5 4
5 4
5 5
5 4
5 5
4 5
4 4
4 5
5 4
4 5
5 4
8 2
4 5
6 3
6 3
7 3
6 2
6 1
5 2
7 2
6 2
7 1
7 1
6 3
6 3
4 5
7 5
6 1
6 1
8 2
6 5
9 2
6 2
9 5
5 4
6 2
7 0
5 2
4 5
6 1
5 6
5 6
5 6
5 6
5 6
5 6
5 6
5 4
5 5
6 1
6 2
5 5
4 5
5 5
4 6
4 6
5 6
5 5
9 1
5 6
7 0
5 6
9 0
5 6
8 1
7 0
5 6
6 1
6 1
4 6
7 0
5 7
4 6
4 6
4 7
4 7
4 6
4 6
6 1
--- stderr ---
DBG hdr N=10 M=7 T=100 U=5 VMAX=1552 TIME_LIMIT=1.94 MAX_CAND=20 UCB_C=0.21
DBG t=0 used=0.02 remain=1.94 turn_time=0.0194 end_in=0.0194 depth=7 dec=0 cand_cap=20 cand=4->4 pick(must/top/rand)=3/1/0 sims=2824 loop=2820 best_avg=-0.800299 leader=5 inc2=1 attack_w=1
DBG t=12 used=0.02 remain=1.7 turn_time=0.0193182 end_in=0.0193182 depth=7 dec=0 cand_cap=20 cand=12->12 pick(must/top/rand)=5/7/0 sims=1908 loop=1896 best_avg=-0.567294 leader=5 inc2=1 attack_w=0.886136
DBG t=24 used=0.02 remain=1.459 turn_time=0.0191974 end_in=0.0191974 depth=7 dec=0 cand_cap=20 cand=21->20 pick(must/top/rand)=8/8/4 sims=1592 loop=1572 best_avg=-0.430123 leader=6 inc2=1 attack_w=0.265409
DBG t=37 used=0.02 remain=1.199 turn_time=0.0190317 end_in=0.0190317 depth=10 dec=0 cand_cap=20 cand=26->20 pick(must/top/rand)=5/11/4 sims=1328 loop=1308 best_avg=-0.376198 leader=6 inc2=1 attack_w=0.25
DBG t=49 used=0.019 remain=0.968 turn_time=0.0189804 end_in=0.0189804 depth=10 dec=0 cand_cap=20 cand=34->20 pick(must/top/rand)=7/9/4 sims=1124 loop=1104 best_avg=-0.124615 leader=6 inc2=1 attack_w=0.25
DBG t=61 used=0.019 remain=0.74 turn_time=0.0189744 end_in=0.0189744 depth=10 dec=0 cand_cap=20 cand=35->20 pick(must/top/rand)=7/9/4 sims=1180 loop=1160 best_avg=-0.212896 leader=6 inc2=1 attack_w=0.25
DBG t=74 used=0.019 remain=0.492 turn_time=0.0189231 end_in=0.0189231 depth=11 dec=0 cand_cap=20 cand=35->20 pick(must/top/rand)=7/9/4 sims=776 loop=756 best_avg=-0.195444 leader=6 inc2=1 attack_w=0.25
DBG t=86 used=0.019 remain=0.261 turn_time=0.0186429 end_in=0.0186429 depth=11 dec=0 cand_cap=20 cand=37->20 pick(must/top/rand)=7/9/4 sims=1012 loop=992 best_avg=-0.0875439 leader=6 inc2=1 attack_w=0.25
DBG t=99 used=0.017 remain=0.017 turn_time=0.017 end_in=0.016 depth=0 dec=1 cand_cap=20 cand=39->20 pick(must/top/rand)=8/8/4 sims=22848 loop=22828 best_avg=-0.180718 leader=6 inc2=1 attack_w=0.25
DBG summary depth_safety_fired=5
Score = 131741

=== CASE 0099.txt ===
cmd=target/release/tester ./a.out
returncode=0 timed_out=0 elapsed_sec=1.952496
score=90421.0
--- stdout ---
6 4
5 4
6 4
5 4
5 5
5 5
5 4
5 5
6 4
5 3
4 3
5 3
5 3
5 4
5 5
3 3
6 4
6 5
7 5
7 5
6 4
6 6
7 5
6 6
6 6
6 5
7 6
6 5
5 6
5 7
7 6
5 5
7 4
4 6
5 6
5 5
4 7
7 6
5 6
5 8
5 9
5 9
5 9
5 8
6 9
7 9
5 8
7 9
4 8
4 8
3 8
7 9
8 9
4 9
6 9
3 9
3 9
6 9
3 8
9 9
9 9
3 9
3 9
7 9
9 9
8 9
4 8
2 9
8 9
5 8
3 9
3 8
4 7
3 8
3 8
3 7
3 7
3 7
3 9
4 7
4 7
3 7
4 7
2 7
3 8
5 8
7 8
2 9
7 8
3 7
2 7
5 7
7 8
5 7
3 8
3 8
9 8
7 7
7 7
7 7
--- stderr ---
DBG hdr N=10 M=5 T=100 U=3 VMAX=2063 TIME_LIMIT=1.94 MAX_CAND=20 UCB_C=0.21
DBG t=0 used=0.02 remain=1.94 turn_time=0.0194 end_in=0.0194 depth=7 dec=0 cand_cap=20 cand=5->5 pick(must/top/rand)=3/2/0 sims=3593 loop=3588 best_avg=-0.812463 leader=2 inc2=1 attack_w=0.15
DBG t=12 used=0.02 remain=1.7 turn_time=0.0193182 end_in=0.0193182 depth=7 dec=0 cand_cap=20 cand=8->8 pick(must/top/rand)=4/4/0 sims=2324 loop=2316 best_avg=-1.00383 leader=2 inc2=1 attack_w=0.417498
DBG t=24 used=0.02 remain=1.46 turn_time=0.0192105 end_in=0.0192105 depth=7 dec=0 cand_cap=20 cand=12->12 pick(must/top/rand)=7/5/0 sims=1932 loop=1920 best_avg=-1.0278 leader=3 inc2=1 attack_w=0.680457
DBG t=37 used=0.02 remain=1.2 turn_time=0.0190476 end_in=0.0190476 depth=10 dec=0 cand_cap=20 cand=15->15 pick(must/top/rand)=7/8/0 sims=1363 loop=1348 best_avg=-1.22034 leader=3 inc2=1 attack_w=1
DBG t=49 used=0.019 remain=0.968 turn_time=0.0189804 end_in=0.0189804 depth=10 dec=0 cand_cap=20 cand=11->11 pick(must/top/rand)=7/4/0 sims=1163 loop=1152 best_avg=-1.05594 leader=3 inc2=1 attack_w=1
DBG t=61 used=0.019 remain=0.74 turn_time=0.0189744 end_in=0.0189744 depth=10 dec=0 cand_cap=20 cand=15->15 pick(must/top/rand)=6/9/0 sims=1287 loop=1272 best_avg=-1.02919 leader=3 inc2=1 attack_w=1
DBG t=74 used=0.019 remain=0.491 turn_time=0.0188846 end_in=0.0188846 depth=11 dec=0 cand_cap=20 cand=16->16 pick(must/top/rand)=5/11/0 sims=936 loop=920 best_avg=-1.18322 leader=4 inc2=1 attack_w=1
DBG t=86 used=0.019 remain=0.263 turn_time=0.0187857 end_in=0.0187857 depth=11 dec=0 cand_cap=20 cand=24->20 pick(must/top/rand)=6/10/4 sims=1116 loop=1096 best_avg=-0.850727 leader=1 inc2=1 attack_w=1
DBG t=99 used=0.017 remain=0.017 turn_time=0.017 end_in=0.016 depth=0 dec=1 cand_cap=20 cand=24->20 pick(must/top/rand)=7/9/4 sims=18988 loop=18968 best_avg=-0.884708 leader=3 inc2=1 attack_w=0.928411
DBG summary depth_safety_fired=2
Score = 90421

=== CASE 0100.txt ===
cmd=target/release/tester ./a.out
returncode=0 timed_out=0 elapsed_sec=1.951735
score=112321.0
--- stdout ---
2 6
3 6
3 6
3 6
3 7
3 5
3 6
4 5
3 5
5 5
5 4
5 4
5 5
5 4
5 4
6 5
5 4
6 5
5 6
5 6
6 5
5 6
5 5
5 6
5 4
6 5
5 6
5 5
5 6
3 6
3 5
1 7
2 6
1 5
4 5
4 5
5 6
5 5
5 4
4 5
3 6
4 5
6 5
5 6
0 7
4 5
5 6
3 5
5 4
4 5
3 8
2 6
6 5
2 5
5 4
3 4
3 4
2 5
5 6
3 8
1 6
3 5
5 6
2 5
2 5
2 7
1 6
5 6
2 5
1 6
1 5
0 6
6 4
5 6
0 8
0 9
0 6
5 6
5 4
5 6
1 8
3 7
5 6
2 5
3 7
0 6
5 6
1 5
5 6
2 7
5 6
6 5
4 6
4 6
4 6
5 6
4 6
5 6
4 6
4 6
--- stderr ---
DBG hdr N=10 M=6 T=100 U=5 VMAX=2118 TIME_LIMIT=1.94 MAX_CAND=20 UCB_C=0.21
DBG t=0 used=0.02 remain=1.94 turn_time=0.0194 end_in=0.0194 depth=7 dec=0 cand_cap=20 cand=5->5 pick(must/top/rand)=3/2/0 sims=2961 loop=2956 best_avg=-0.927096 leader=3 inc2=1 attack_w=1
DBG t=12 used=0.02 remain=1.7 turn_time=0.0193182 end_in=0.0193182 depth=7 dec=0 cand_cap=20 cand=22->20 pick(must/top/rand)=7/9/4 sims=2192 loop=2172 best_avg=-0.44141 leader=3 inc2=1 attack_w=0.430862
DBG t=24 used=0.02 remain=1.46 turn_time=0.0192105 end_in=0.0192105 depth=7 dec=0 cand_cap=20 cand=24->20 pick(must/top/rand)=7/9/4 sims=1868 loop=1848 best_avg=-0.215915 leader=3 inc2=1 attack_w=0.25
DBG t=37 used=0.02 remain=1.2 turn_time=0.0190476 end_in=0.0190476 depth=10 dec=0 cand_cap=20 cand=28->20 pick(must/top/rand)=7/9/4 sims=1196 loop=1176 best_avg=-0.383773 leader=4 inc2=1 attack_w=0.25
DBG t=49 used=0.019 remain=0.968 turn_time=0.0189804 end_in=0.0189804 depth=10 dec=0 cand_cap=20 cand=28->20 pick(must/top/rand)=7/9/4 sims=1000 loop=980 best_avg=-0.409935 leader=4 inc2=1 attack_w=0.25
DBG t=61 used=0.019 remain=0.74 turn_time=0.0189744 end_in=0.0189744 depth=10 dec=0 cand_cap=20 cand=31->20 pick(must/top/rand)=8/8/4 sims=1088 loop=1068 best_avg=-0.42115 leader=4 inc2=1 attack_w=0.25
DBG t=74 used=0.019 remain=0.49 turn_time=0.0188462 end_in=0.0188462 depth=11 dec=0 cand_cap=20 cand=33->20 pick(must/top/rand)=7/9/4 sims=688 loop=668 best_avg=-0.476054 leader=4 inc2=1 attack_w=0.329334
DBG t=86 used=0.019 remain=0.258 turn_time=0.0184286 end_in=0.0184286 depth=11 dec=0 cand_cap=20 cand=35->20 pick(must/top/rand)=5/11/4 sims=888 loop=868 best_avg=-0.586289 leader=5 inc2=1 attack_w=0.25
DBG t=99 used=0.017 remain=0.017 turn_time=0.017 end_in=0.016 depth=0 dec=1 cand_cap=20 cand=34->20 pick(must/top/rand)=5/11/4 sims=16368 loop=16348 best_avg=-0.513065 leader=5 inc2=1 attack_w=0.25
DBG summary depth_safety_fired=8
Score = 112321

=== CASE 0101.txt ===
cmd=target/release/tester ./a.out
returncode=0 timed_out=0 elapsed_sec=1.952771
score=118727.0
--- stdout ---
6 3
6 2
6 2
6 2
6 2
6 2
6 3
6 3
6 3
6 3
7 3
7 3
7 3
7 3
7 3
8 3
8 3
8 2
8 3
8 3
8 3
9 2
9 2
9 2
9 2
9 2
5 2
5 2
5 2
5 2
5 2
5 2
5 2
5 2
5 2
5 2
5 2
5 2
5 2
5 2
5 2
5 2
9 1
9 1
9 1
9 1
5 2
9 1
6 1
6 1
5 2
9 0
5 2
5 2
9 0
6 3
6 1
9 0
8 1
9 0
7 4
7 4
7 4
7 4
8 4
7 4
8 0
7 0
9 4
9 4
9 4
9 4
8 2
8 5
7 0
9 4
7 0
8 5
7 5
5 1
9 0
7 0
7 0
8 1
7 2
8 1
8 6
8 6
8 1
8 1
9 6
9 6
8 2
9 7
4 2
3 2
3 2
3 2
9 8
7 6
--- stderr ---
DBG hdr N=10 M=5 T=100 U=5 VMAX=1598 TIME_LIMIT=1.94 MAX_CAND=20 UCB_C=0.21
DBG t=0 used=0.02 remain=1.94 turn_time=0.0194 end_in=0.0194 depth=7 dec=0 cand_cap=20 cand=5->5 pick(must/top/rand)=3/2/0 sims=3085 loop=3080 best_avg=-0.895054 leader=3 inc2=1 attack_w=1
DBG t=12 used=0.02 remain=1.7 turn_time=0.0193182 end_in=0.0193182 depth=7 dec=0 cand_cap=20 cand=12->12 pick(must/top/rand)=3/9/0 sims=2328 loop=2316 best_avg=-0.752104 leader=4 inc2=0 attack_w=0.311459
DBG t=24 used=0.02 remain=1.46 turn_time=0.0192105 end_in=0.0192105 depth=7 dec=0 cand_cap=20 cand=18->18 pick(must/top/rand)=3/13/2 sims=1770 loop=1752 best_avg=-0.718605 leader=4 inc2=1 attack_w=0.25
DBG t=37 used=0.02 remain=1.2 turn_time=0.0190476 end_in=0.0190476 depth=10 dec=0 cand_cap=20 cand=18->18 pick(must/top/rand)=3/13/2 sims=1322 loop=1304 best_avg=-0.852392 leader=1 inc2=1 attack_w=1
DBG t=49 used=0.019 remain=0.968 turn_time=0.0189804 end_in=0.0189804 depth=10 dec=0 cand_cap=20 cand=23->20 pick(must/top/rand)=4/12/4 sims=1116 loop=1096 best_avg=-0.745746 leader=4 inc2=1 attack_w=0.698665
DBG t=61 used=0.019 remain=0.74 turn_time=0.0189744 end_in=0.0189744 depth=10 dec=0 cand_cap=20 cand=24->20 pick(must/top/rand)=5/11/4 sims=1100 loop=1080 best_avg=-0.746179 leader=1 inc2=1 attack_w=0.355082
DBG t=74 used=0.019 remain=0.491 turn_time=0.0188846 end_in=0.0188846 depth=11 dec=0 cand_cap=20 cand=29->20 pick(must/top/rand)=7/9/4 sims=800 loop=780 best_avg=-0.647206 leader=1 inc2=1 attack_w=0.25
DBG t=86 used=0.019 remain=0.259 turn_time=0.0185 end_in=0.0185 depth=11 dec=0 cand_cap=20 cand=30->20 pick(must/top/rand)=7/9/4 sims=888 loop=868 best_avg=-0.64363 leader=1 inc2=1 attack_w=0.25
DBG t=99 used=0.017 remain=0.017 turn_time=0.017 end_in=0.016 depth=0 dec=1 cand_cap=20 cand=41->20 pick(must/top/rand)=7/9/4 sims=21356 loop=21336 best_avg=-0.589167 leader=1 inc2=0 attack_w=0.25
DBG summary depth_safety_fired=7
Score = 118727

=== CASE 0104.txt ===
cmd=target/release/tester ./a.out
returncode=0 timed_out=0 elapsed_sec=1.956189
score=162826.0
--- stdout ---
1 0
1 1
1 2
2 2
3 2
4 2
4 3
5 3
6 3
6 3
5 4
6 2
5 3
7 3
5 5
5 6
5 6
5 6
6 5
8 3
5 6
7 5
7 5
8 5
7 6
8 6
7 7
6 6
8 7
8 7
8 6
7 6
7 6
7 5
8 5
8 7
8 8
9 5
8 8
9 5
6 5
6 4
9 6
7 6
7 8
8 7
7 8
9 8
2 3
4 5
2 4
9 7
5 2
3 5
3 6
6 5
4 6
7 9
6 9
5 9
5 8
4 9
3 9
6 9
5 9
5 8
5 8
4 9
5 8
3 9
4 9
3 8
3 7
2 6
2 6
3 5
3 5
2 7
4 5
2 6
4 7
4 5
1 6
5 5
6 4
3 2
2 5
5 4
2 7
4 5
4 5
2 7
3 3
3 3
4 6
3 7
6 5
3 7
4 6
3 7
--- stderr ---
DBG hdr N=10 M=4 T=100 U=2 VMAX=2650 TIME_LIMIT=1.94 MAX_CAND=20 UCB_C=0.21
DBG t=0 used=0.02 remain=1.94 turn_time=0.0194 end_in=0.0194 depth=7 dec=0 cand_cap=20 cand=3->3 pick(must/top/rand)=3/0/0 sims=3763 loop=3760 best_avg=-1.63464 leader=2 inc2=1 attack_w=1
DBG t=12 used=0.02 remain=1.7 turn_time=0.0193182 end_in=0.0193182 depth=7 dec=0 cand_cap=20 cand=28->20 pick(must/top/rand)=4/12/4 sims=2368 loop=2348 best_avg=-1.38401 leader=2 inc2=0 attack_w=1
DBG t=24 used=0.02 remain=1.46 turn_time=0.0192105 end_in=0.0192105 depth=7 dec=0 cand_cap=20 cand=4->4 pick(must/top/rand)=4/0/0 sims=960 loop=956 best_avg=-1.04763 leader=2 inc2=0 attack_w=1
DBG t=37 used=0.02 remain=1.2 turn_time=0.0190476 end_in=0.0190476 depth=10 dec=0 cand_cap=20 cand=17->17 pick(must/top/rand)=6/10/1 sims=1133 loop=1116 best_avg=-0.700457 leader=3 inc2=1 attack_w=0.25
DBG t=49 used=0.019 remain=0.968 turn_time=0.0189804 end_in=0.0189804 depth=10 dec=0 cand_cap=20 cand=48->20 pick(must/top/rand)=6/10/4 sims=1088 loop=1068 best_avg=-0.386322 leader=3 inc2=0 attack_w=0.25
DBG t=61 used=0.019 remain=0.74 turn_time=0.0189744 end_in=0.0189744 depth=10 dec=0 cand_cap=20 cand=8->8 pick(must/top/rand)=7/1/0 sims=1328 loop=1320 best_avg=-0.283 leader=3 inc2=0 attack_w=0.25
DBG t=74 used=0.019 remain=0.493 turn_time=0.0189615 end_in=0.0189615 depth=11 dec=0 cand_cap=20 cand=18->18 pick(must/top/rand)=7/9/2 sims=1130 loop=1112 best_avg=-0.510334 leader=1 inc2=1 attack_w=0.25
DBG t=86 used=0.019 remain=0.265 turn_time=0.0189286 end_in=0.0189286 depth=11 dec=0 cand_cap=20 cand=32->20 pick(must/top/rand)=5/11/4 sims=1116 loop=1096 best_avg=-0.518202 leader=3 inc2=0 attack_w=0.25
DBG t=99 used=0.018 remain=0.018 turn_time=0.018 end_in=0.017 depth=0 dec=0 cand_cap=20 cand=46->20 pick(must/top/rand)=8/8/4 sims=30232 loop=30212 best_avg=-0.302923 leader=1 inc2=1 attack_w=0.25
DBG summary depth_safety_fired=0
Score = 162826

=== CASE 0102.txt ===
cmd=target/release/tester ./a.out
returncode=0 timed_out=0 elapsed_sec=1.959163
score=198073.0
--- stdout ---
3 8
2 8
1 8
0 8
4 8
2 7
4 9
3 6
0 7
1 7
2 9
4 6
4 5
5 5
6 5
7 5
8 5
6 4
6 3
9 5
9 6
9 7
9 8
8 4
9 4
9 9
6 2
5 2
4 2
7 2
4 1
4 0
3 1
3 2
2 2
5 0
4 2
6 0
7 0
8 0
4 2
1 2
1 1
5 2
6 2
6 1
4 1
4 2
2 3
5 2
6 2
7 2
6 1
6 0
6 2
5 2
7 2
8 2
6 2
6 1
6 0
5 1
5 2
6 1
6 0
6 2
5 2
7 2
9 2
9 1
9 0
7 2
6 2
6 1
6 0
5 1
8 3
5 2
6 1
6 0
7 0
8 0
7 2
6 2
5 3
6 1
6 3
6 2
5 2
6 1
6 3
6 2
5 2
6 1
6 3
6 2
5 2
6 1
4 2
0 2
--- stderr ---
DBG hdr N=10 M=2 T=100 U=1 VMAX=1073 TIME_LIMIT=1.94 MAX_CAND=20 UCB_C=0.21
DBG t=0 used=0.02 remain=1.94 turn_time=0.0194 end_in=0.0194 depth=7 dec=0 cand_cap=20 cand=5->5 pick(must/top/rand)=3/2/0 sims=4501 loop=4496 best_avg=-2.56884 leader=1 inc2=1 attack_w=0.742347
DBG t=12 used=0.02 remain=1.7 turn_time=0.0193182 end_in=0.0193182 depth=7 dec=0 cand_cap=20 cand=25->20 pick(must/top/rand)=4/12/4 sims=3080 loop=3060 best_avg=-2.87661 leader=1 inc2=1 attack_w=0.598427
DBG t=24 used=0.02 remain=1.46 turn_time=0.0192105 end_in=0.0192105 depth=7 dec=0 cand_cap=20 cand=50->20 pick(must/top/rand)=6/10/4 sims=1148 loop=1128 best_avg=-2.31577 leader=1 inc2=1 attack_w=0.25
DBG t=37 used=0.02 remain=1.2 turn_time=0.0190476 end_in=0.0190476 depth=10 dec=0 cand_cap=20 cand=16->16 pick(must/top/rand)=6/10/0 sims=1628 loop=1612 best_avg=-1.88932 leader=1 inc2=1 attack_w=0.25
DBG t=49 used=0.019 remain=0.968 turn_time=0.0189804 end_in=0.0189804 depth=10 dec=0 cand_cap=20 cand=21->20 pick(must/top/rand)=6/10/4 sims=1536 loop=1516 best_avg=-1.8079 leader=1 inc2=1 attack_w=0.25
DBG t=61 used=0.019 remain=0.74 turn_time=0.0189744 end_in=0.0189744 depth=10 dec=0 cand_cap=20 cand=12->12 pick(must/top/rand)=5/7/0 sims=1412 loop=1400 best_avg=-1.75063 leader=1 inc2=1 attack_w=0.25
DBG t=74 used=0.019 remain=0.493 turn_time=0.0189615 end_in=0.0189615 depth=11 dec=0 cand_cap=20 cand=7->7 pick(must/top/rand)=5/2/0 sims=1079 loop=1072 best_avg=-1.80976 leader=1 inc2=1 attack_w=0.25
DBG t=86 used=0.019 remain=0.265 turn_time=0.0189286 end_in=0.0189286 depth=11 dec=0 cand_cap=20 cand=26->20 pick(must/top/rand)=7/9/4 sims=1288 loop=1268 best_avg=-1.78573 leader=1 inc2=1 attack_w=0.25
DBG t=99 used=0.018 remain=0.018 turn_time=0.018 end_in=0.017 depth=0 dec=0 cand_cap=20 cand=17->17 pick(must/top/rand)=5/11/1 sims=58413 loop=58396 best_avg=-1.74545 leader=1 inc2=1 attack_w=0.25
DBG summary depth_safety_fired=0
Score = 198073

=== CASE 0106.txt ===
cmd=target/release/tester ./a.out
returncode=0 timed_out=0 elapsed_sec=1.955103
score=143313.0
--- stdout ---
5 0
4 0
4 0
6 0
6 0
4 1
4 1
5 1
3 0
5 1
6 1
6 0
6 1
3 0
4 2
6 1
4 2
7 1
7 1
7 0
6 1
7 1
6 0
7 0
7 0
5 1
2 0
2 0
5 1
6 1
5 2
7 1
4 1
5 2
5 2
6 2
7 1
6 1
4 2
4 2
7 1
3 1
8 0
7 1
7 2
8 1
5 2
7 2
8 1
8 0
6 1
5 3
4 3
6 1
9 0
7 2
7 1
5 2
5 1
6 1
9 1
5 2
4 3
7 1
7 2
5 1
6 1
7 1
7 2
5 2
7 2
9 1
7 1
4 4
7 2
3 2
2 2
2 2
3 2
2 2
7 2
5 2
7 2
2 2
4 4
3 3
2 2
5 2
7 2
2 3
8 2
6 1
2 3
2 2
2 2
2 3
7 1
2 2
6 1
2 3
--- stderr ---
DBG hdr N=10 M=4 T=100 U=2 VMAX=2254 TIME_LIMIT=1.94 MAX_CAND=20 UCB_C=0.21
DBG t=0 used=0.02 remain=1.94 turn_time=0.0194 end_in=0.0194 depth=7 dec=0 cand_cap=20 cand=4->4 pick(must/top/rand)=3/1/0 sims=3404 loop=3400 best_avg=-0.720759 leader=3 inc2=1 attack_w=0.15
DBG t=12 used=0.02 remain=1.7 turn_time=0.0193182 end_in=0.0193182 depth=7 dec=0 cand_cap=20 cand=13->13 pick(must/top/rand)=6/7/0 sims=2617 loop=2604 best_avg=-0.713101 leader=3 inc2=1 attack_w=0.25
DBG t=24 used=0.02 remain=1.457 turn_time=0.0191711 end_in=0.0191711 depth=7 dec=0 cand_cap=20 cand=18->18 pick(must/top/rand)=4/12/2 sims=1378 loop=1360 best_avg=-0.510764 leader=3 inc2=1 attack_w=0.25
DBG t=37 used=0.02 remain=1.197 turn_time=0.019 end_in=0.019 depth=10 dec=0 cand_cap=20 cand=21->20 pick(must/top/rand)=4/12/4 sims=1516 loop=1496 best_avg=-0.464541 leader=1 inc2=1 attack_w=0.25
DBG t=49 used=0.019 remain=0.965 turn_time=0.0189216 end_in=0.0189216 depth=10 dec=0 cand_cap=20 cand=26->20 pick(must/top/rand)=5/11/4 sims=1232 loop=1212 best_avg=-0.521731 leader=1 inc2=0 attack_w=0.25
DBG t=61 used=0.019 remain=0.737 turn_time=0.0188974 end_in=0.0188974 depth=10 dec=0 cand_cap=20 cand=29->20 pick(must/top/rand)=7/9/4 sims=1232 loop=1212 best_avg=-0.625188 leader=1 inc2=0 attack_w=0.25
DBG t=74 used=0.019 remain=0.49 turn_time=0.0188462 end_in=0.0188462 depth=11 dec=0 cand_cap=20 cand=32->20 pick(must/top/rand)=6/10/4 sims=908 loop=888 best_avg=-0.453429 leader=1 inc2=0 attack_w=0.25
DBG t=86 used=0.019 remain=0.262 turn_time=0.0187143 end_in=0.0187143 depth=11 dec=0 cand_cap=20 cand=35->20 pick(must/top/rand)=7/9/4 sims=988 loop=968 best_avg=-0.381324 leader=1 inc2=0 attack_w=0.25
DBG t=99 used=0.017 remain=0.017 turn_time=0.017 end_in=0.016 depth=0 dec=1 cand_cap=20 cand=32->20 pick(must/top/rand)=9/7/4 sims=22500 loop=22480 best_avg=-0.485996 leader=1 inc2=1 attack_w=0.25
DBG summary depth_safety_fired=4
Score = 143313

=== CASE 0103.txt ===
cmd=target/release/tester ./a.out
returncode=0 timed_out=0 elapsed_sec=1.957784
score=271563.0
--- stdout ---
3 1
3 2
3 3
2 3
1 3
4 0
3 0
2 4
5 1
2 1
0 3
0 2
2 4
2 5
0 1
2 3
0 0
2 3
0 4
1 2
0 5
1 5
1 4
2 4
2 6
2 7
3 3
2 7
1 3
3 4
5 1
1 1
3 7
4 7
4 8
5 8
6 8
6 7
7 7
8 7
9 7
7 8
7 9
8 6
8 5
9 5
9 5
8 8
9 5
4 7
8 4
4 6
5 7
6 9
4 5
3 5
1 5
5 5
4 6
4 1
5 6
4 6
3 0
5 7
2 6
4 2
1 6
5 8
4 8
7 6
3 0
1 6
4 0
4 1
5 1
3 5
5 0
4 1
5 1
6 6
2 6
9 8
8 6
4 7
8 5
4 9
3 5
5 7
3 7
3 8
8 6
8 9
3 5
6 1
7 1
2 4
7 1
7 1
3 7
7 2
--- stderr ---
DBG hdr N=10 M=6 T=100 U=1 VMAX=1933 TIME_LIMIT=1.94 MAX_CAND=20 UCB_C=0.21
DBG t=0 used=0.02 remain=1.94 turn_time=0.0194 end_in=0.0194 depth=7 dec=0 cand_cap=20 cand=5->5 pick(must/top/rand)=3/2/0 sims=2365 loop=2360 best_avg=-0.59817 leader=2 inc2=1 attack_w=1
DBG t=12 used=0.02 remain=1.7 turn_time=0.0193182 end_in=0.0193182 depth=7 dec=0 cand_cap=20 cand=26->20 pick(must/top/rand)=5/11/4 sims=1836 loop=1816 best_avg=-0.479655 leader=4 inc2=1 attack_w=0.25
DBG t=24 used=0.02 remain=1.46 turn_time=0.0192105 end_in=0.0192105 depth=7 dec=0 cand_cap=20 cand=21->20 pick(must/top/rand)=6/10/4 sims=704 loop=684 best_avg=-0.291116 leader=4 inc2=1 attack_w=0.742675
DBG t=37 used=0.02 remain=1.2 turn_time=0.0190476 end_in=0.0190476 depth=10 dec=0 cand_cap=20 cand=12->12 pick(must/top/rand)=6/6/0 sims=1196 loop=1184 best_avg=-0.165821 leader=1 inc2=1 attack_w=0.25
DBG t=49 used=0.019 remain=0.968 turn_time=0.0189804 end_in=0.0189804 depth=10 dec=0 cand_cap=20 cand=27->20 pick(must/top/rand)=6/10/4 sims=1092 loop=1072 best_avg=0.316349 leader=3 inc2=1 attack_w=0.25
DBG t=61 used=0.019 remain=0.74 turn_time=0.0189744 end_in=0.0189744 depth=10 dec=0 cand_cap=20 cand=42->20 pick(must/top/rand)=5/11/4 sims=860 loop=840 best_avg=0.51438 leader=1 inc2=1 attack_w=0.25
DBG t=74 used=0.019 remain=0.493 turn_time=0.0189615 end_in=0.0189615 depth=11 dec=0 cand_cap=20 cand=36->20 pick(must/top/rand)=7/9/4 sims=744 loop=724 best_avg=0.495569 leader=1 inc2=1 attack_w=0.25
DBG t=86 used=0.019 remain=0.265 turn_time=0.0189286 end_in=0.0189286 depth=11 dec=0 cand_cap=20 cand=38->20 pick(must/top/rand)=7/9/4 sims=728 loop=708 best_avg=0.715448 leader=4 inc2=1 attack_w=0.25
DBG t=99 used=0.018 remain=0.018 turn_time=0.018 end_in=0.017 depth=0 dec=0 cand_cap=20 cand=75->20 pick(must/top/rand)=7/9/4 sims=26892 loop=26872 best_avg=1.24511 leader=5 inc2=1 attack_w=0.25
DBG summary depth_safety_fired=0
Score = 271563

=== CASE 0105.txt ===
cmd=target/release/tester ./a.out
returncode=0 timed_out=0 elapsed_sec=1.955504
score=101360.0
--- stdout ---
1 1
1 1
1 1
0 1
0 1
0 0
0 1
0 2
0 1
0 2
0 3
0 2
0 3
0 2
0 3
1 3
0 3
1 4
1 4
1 5
1 2
1 5
1 5
2 4
0 3
1 4
2 4
2 4
2 4
1 2
2 2
3 4
2 5
2 6
1 5
3 4
3 5
2 6
3 4
0 3
2 3
2 4
3 5
1 2
3 5
4 4
2 6
2 6
2 2
1 5
3 4
1 4
1 4
2 6
1 3
1 1
1 2
3 5
1 2
0 0
3 3
0 3
2 6
3 4
4 5
3 2
1 3
3 4
1 3
1 4
3 2
0 0
3 3
4 5
2 6
4 3
1 4
0 0
1 4
3 3
3 4
4 3
4 3
4 3
1 4
2 7
2 7
2 7
2 8
1 7
2 7
1 8
1 8
2 7
4 3
2 8
0 3
2 7
1 1
4 2
--- stderr ---
DBG hdr N=10 M=8 T=100 U=4 VMAX=1638 TIME_LIMIT=1.94 MAX_CAND=20 UCB_C=0.21
DBG t=0 used=0.02 remain=1.94 turn_time=0.0194 end_in=0.0194 depth=7 dec=0 cand_cap=20 cand=5->5 pick(must/top/rand)=4/1/0 sims=2497 loop=2492 best_avg=-0.882499 leader=6 inc2=1 attack_w=1
DBG t=12 used=0.02 remain=1.7 turn_time=0.0193182 end_in=0.0193182 depth=7 dec=0 cand_cap=20 cand=8->8 pick(must/top/rand)=3/5/0 sims=1792 loop=1784 best_avg=-0.844693 leader=6 inc2=1 attack_w=1
DBG t=24 used=0.02 remain=1.46 turn_time=0.0192105 end_in=0.0192105 depth=7 dec=0 cand_cap=20 cand=17->17 pick(must/top/rand)=7/9/1 sims=597 loop=580 best_avg=-0.83346 leader=2 inc2=1 attack_w=1
DBG t=37 used=0.02 remain=1.2 turn_time=0.0190476 end_in=0.0190476 depth=10 dec=0 cand_cap=20 cand=26->20 pick(must/top/rand)=7/9/4 sims=968 loop=948 best_avg=-0.602636 leader=2 inc2=1 attack_w=1
DBG t=49 used=0.019 remain=0.967 turn_time=0.0189608 end_in=0.0189608 depth=10 dec=0 cand_cap=20 cand=24->20 pick(must/top/rand)=6/10/4 sims=928 loop=908 best_avg=-0.748005 leader=2 inc2=1 attack_w=1
DBG t=61 used=0.019 remain=0.739 turn_time=0.0189487 end_in=0.0189487 depth=10 dec=0 cand_cap=20 cand=28->20 pick(must/top/rand)=6/10/4 sims=876 loop=856 best_avg=-0.602469 leader=2 inc2=1 attack_w=1
DBG t=74 used=0.019 remain=0.492 turn_time=0.0189231 end_in=0.0189231 depth=11 dec=0 cand_cap=20 cand=28->20 pick(must/top/rand)=5/11/4 sims=788 loop=768 best_avg=-0.56128 leader=2 inc2=1 attack_w=0.941064
DBG t=86 used=0.019 remain=0.264 turn_time=0.0188571 end_in=0.0188571 depth=11 dec=0 cand_cap=20 cand=29->20 pick(must/top/rand)=5/11/4 sims=868 loop=848 best_avg=-0.457922 leader=2 inc2=1 attack_w=0.804024
DBG t=99 used=0.017 remain=0.017 turn_time=0.017 end_in=0.016 depth=0 dec=1 cand_cap=20 cand=36->20 pick(must/top/rand)=5/11/4 sims=14452 loop=14432 best_avg=-0.442785 leader=5 inc2=1 attack_w=0.484268
DBG summary depth_safety_fired=1
Score = 101360

=== CASE 0107.txt ===
cmd=target/release/tester ./a.out
returncode=0 timed_out=0 elapsed_sec=1.953274
score=94158.0
--- stdout ---
2 2
2 0
1 0
1 0
2 0
1 0
0 0
1 0
0 0
0 1
0 1
0 0
0 1
0 0
2 0
0 2
0 1
0 3
0 4
1 4
0 3
1 4
0 5
0 5
0 2
0 1
2 0
0 4
0 5
0 4
0 4
0 3
0 2
0 5
0 6
0 7
1 7
1 3
0 3
0 2
2 7
0 2
1 0
1 7
1 7
1 7
2 7
2 7
3 7
4 7
1 7
0 7
0 3
3 7
0 1
0 1
0 3
3 7
3 8
2 0
3 0
2 7
0 7
3 6
3 8
0 7
3 5
3 8
0 6
4 7
2 7
2 7
0 7
3 7
0 6
0 6
1 8
0 2
0 2
4 7
3 8
3 0
4 7
0 2
0 1
4 7
0 2
0 2
3 0
4 7
0 3
3 0
2 0
4 7
0 5
1 0
0 1
1 0
4 7
4 7
--- stderr ---
DBG hdr N=10 M=7 T=100 U=4 VMAX=1471 TIME_LIMIT=1.94 MAX_CAND=20 UCB_C=0.21
DBG t=0 used=0.02 remain=1.94 turn_time=0.0194 end_in=0.0194 depth=7 dec=0 cand_cap=20 cand=4->4 pick(must/top/rand)=3/1/0 sims=2860 loop=2856 best_avg=-0.799682 leader=3 inc2=1 attack_w=1
DBG t=12 used=0.02 remain=1.7 turn_time=0.0193182 end_in=0.0193182 depth=7 dec=0 cand_cap=20 cand=8->8 pick(must/top/rand)=5/3/0 sims=2052 loop=2044 best_avg=-0.651726 leader=5 inc2=1 attack_w=1
DBG t=24 used=0.02 remain=1.457 turn_time=0.0191711 end_in=0.0191711 depth=7 dec=0 cand_cap=20 cand=8->8 pick(must/top/rand)=6/2/0 sims=1112 loop=1104 best_avg=-0.631471 leader=5 inc2=1 attack_w=1
DBG t=37 used=0.019 remain=1.196 turn_time=0.0189841 end_in=0.0189841 depth=10 dec=0 cand_cap=20 cand=13->13 pick(must/top/rand)=7/6/0 sims=1033 loop=1020 best_avg=-0.657521 leader=5 inc2=1 attack_w=1
DBG t=49 used=0.019 remain=0.965 turn_time=0.0189216 end_in=0.0189216 depth=10 dec=0 cand_cap=20 cand=11->11 pick(must/top/rand)=8/3/0 sims=983 loop=972 best_avg=-0.761235 leader=5 inc2=1 attack_w=1
DBG t=61 used=0.019 remain=0.737 turn_time=0.0188974 end_in=0.0188974 depth=10 dec=0 cand_cap=20 cand=30->20 pick(must/top/rand)=7/9/4 sims=1160 loop=1140 best_avg=-0.765301 leader=5 inc2=1 attack_w=1
DBG t=74 used=0.019 remain=0.49 turn_time=0.0188462 end_in=0.0188462 depth=11 dec=0 cand_cap=20 cand=22->20 pick(must/top/rand)=6/10/4 sims=1048 loop=1028 best_avg=-0.795337 leader=5 inc2=1 attack_w=1
DBG t=86 used=0.019 remain=0.262 turn_time=0.0187143 end_in=0.0187143 depth=11 dec=0 cand_cap=20 cand=33->20 pick(must/top/rand)=5/11/4 sims=1020 loop=1000 best_avg=-0.705496 leader=5 inc2=1 attack_w=1
DBG t=99 used=0.017 remain=0.017 turn_time=0.017 end_in=0.016 depth=0 dec=1 cand_cap=20 cand=32->20 pick(must/top/rand)=6/10/4 sims=23184 loop=23164 best_avg=-0.643815 leader=5 inc2=1 attack_w=0.969242
DBG summary depth_safety_fired=4
Score = 94158

=== CASE 0109.txt ===
cmd=target/release/tester ./a.out
returncode=0 timed_out=0 elapsed_sec=1.954152
score=132545.0
--- stdout ---
9 4
9 3
9 2
9 1
8 1
8 1
8 1
9 4
8 1
8 0
7 0
8 0
7 0
8 0
8 0
6 0
6 0
5 0
5 0
4 0
6 1
5 0
4 0
4 0
4 0
6 0
4 1
4 1
6 0
3 0
3 0
3 0
3 0
5 0
6 0
4 1
4 2
4 1
2 0
6 0
3 1
3 1
2 1
2 1
2 0
2 1
2 2
5 1
4 1
2 2
6 0
2 0
2 0
2 1
6 0
2 2
1 0
7 0
3 1
6 0
2 3
1 3
6 0
3 1
2 3
2 2
3 3
2 4
3 2
6 0
3 2
0 0
1 1
4 1
6 0
1 0
4 1
4 2
2 3
6 0
2 4
2 5
2 5
2 3
3 3
6 0
3 2
4 1
3 2
3 3
4 2
4 2
6 0
4 3
3 3
4 2
2 3
4 3
6 0
5 3
--- stderr ---
DBG hdr N=10 M=8 T=100 U=4 VMAX=2107 TIME_LIMIT=1.94 MAX_CAND=20 UCB_C=0.21
DBG t=0 used=0.02 remain=1.94 turn_time=0.0194 end_in=0.0194 depth=7 dec=0 cand_cap=20 cand=4->4 pick(must/top/rand)=3/1/0 sims=2316 loop=2312 best_avg=-0.676195 leader=5 inc2=1 attack_w=1
DBG t=12 used=0.02 remain=1.7 turn_time=0.0193182 end_in=0.0193182 depth=7 dec=0 cand_cap=20 cand=13->13 pick(must/top/rand)=6/7/0 sims=1929 loop=1916 best_avg=-0.387328 leader=5 inc2=1 attack_w=0.981406
DBG t=24 used=0.02 remain=1.46 turn_time=0.0192105 end_in=0.0192105 depth=7 dec=0 cand_cap=20 cand=8->8 pick(must/top/rand)=7/1/0 sims=1904 loop=1896 best_avg=-0.704752 leader=7 inc2=1 attack_w=1
DBG t=37 used=0.02 remain=1.2 turn_time=0.0190476 end_in=0.0190476 depth=10 dec=0 cand_cap=20 cand=14->14 pick(must/top/rand)=7/7/0 sims=1166 loop=1152 best_avg=-0.386855 leader=7 inc2=1 attack_w=1
DBG t=49 used=0.019 remain=0.968 turn_time=0.0189804 end_in=0.0189804 depth=10 dec=0 cand_cap=20 cand=16->16 pick(must/top/rand)=7/9/0 sims=1128 loop=1112 best_avg=-0.209502 leader=7 inc2=1 attack_w=0.25
DBG t=61 used=0.019 remain=0.74 turn_time=0.0189744 end_in=0.0189744 depth=10 dec=0 cand_cap=20 cand=21->20 pick(must/top/rand)=7/9/4 sims=972 loop=952 best_avg=-0.0387023 leader=7 inc2=1 attack_w=0.25
DBG t=74 used=0.019 remain=0.493 turn_time=0.0189615 end_in=0.0189615 depth=11 dec=0 cand_cap=20 cand=22->20 pick(must/top/rand)=9/7/4 sims=880 loop=860 best_avg=-0.0107755 leader=5 inc2=1 attack_w=0.25
DBG t=86 used=0.019 remain=0.265 turn_time=0.0189286 end_in=0.0189286 depth=11 dec=0 cand_cap=20 cand=26->20 pick(must/top/rand)=9/7/4 sims=848 loop=828 best_avg=-0.0421586 leader=4 inc2=1 attack_w=0.25
DBG t=99 used=0.015 remain=0.015 turn_time=0.015 end_in=0.014 depth=0 dec=2 cand_cap=20 cand=23->20 pick(must/top/rand)=9/7/4 sims=13136 loop=13116 best_avg=-0.0473164 leader=4 inc2=1 attack_w=0.25
DBG summary depth_safety_fired=1
Score = 132545

=== CASE 0110.txt ===
cmd=target/release/tester ./a.out
returncode=0 timed_out=0 elapsed_sec=1.953119
score=126583.0
--- stdout ---
3 4
3 5
4 5
2 5
3 5
2 5
1 5
4 6
1 6
1 6
1 7
1 7
1 7
1 7
1 7
0 7
0 8
0 8
0 9
0 9
0 9
0 6
0 8
0 9
1 8
2 7
1 8
2 7
2 7
0 7
2 7
0 7
0 8
0 6
0 7
0 6
2 7
1 7
0 6
0 5
0 5
1 7
1 8
1 8
2 7
1 5
1 4
2 4
1 5
3 4
0 6
3 5
4 5
1 7
3 5
1 9
4 5
5 5
5 5
1 5
3 3
2 5
2 5
3 4
4 5
1 8
0 4
3 5
3 5
3 6
4 4
2 5
1 8
1 8
1 8
6 5
3 6
7 5
5 5
2 5
5 5
1 8
2 5
1 8
1 4
2 5
2 7
1 9
6 5
0 6
1 7
2 5
2 7
5 6
5 6
1 8
7 5
5 6
2 8
2 8
--- stderr ---
DBG hdr N=10 M=4 T=100 U=4 VMAX=2343 TIME_LIMIT=1.94 MAX_CAND=20 UCB_C=0.21
DBG t=0 used=0.02 remain=1.94 turn_time=0.0194 end_in=0.0194 depth=7 dec=0 cand_cap=20 cand=5->5 pick(must/top/rand)=3/2/0 sims=3593 loop=3588 best_avg=-1.2396 leader=3 inc2=1 attack_w=1
DBG t=12 used=0.02 remain=1.7 turn_time=0.0193182 end_in=0.0193182 depth=7 dec=0 cand_cap=20 cand=24->20 pick(must/top/rand)=9/7/4 sims=2984 loop=2964 best_avg=-1.35268 leader=3 inc2=1 attack_w=1
DBG t=24 used=0.02 remain=1.46 turn_time=0.0192105 end_in=0.0192105 depth=7 dec=0 cand_cap=20 cand=13->13 pick(must/top/rand)=8/5/0 sims=2925 loop=2912 best_avg=-1.22009 leader=3 inc2=1 attack_w=1
DBG t=37 used=0.02 remain=1.2 turn_time=0.0190476 end_in=0.0190476 depth=10 dec=0 cand_cap=20 cand=12->12 pick(must/top/rand)=6/6/0 sims=1884 loop=1872 best_avg=-1.12462 leader=3 inc2=1 attack_w=0.949009
DBG t=49 used=0.019 remain=0.968 turn_time=0.0189804 end_in=0.0189804 depth=10 dec=0 cand_cap=20 cand=20->20 pick(must/top/rand)=7/9/4 sims=1744 loop=1724 best_avg=-1.07291 leader=3 inc2=1 attack_w=0.669018
DBG t=61 used=0.019 remain=0.74 turn_time=0.0189744 end_in=0.0189744 depth=10 dec=0 cand_cap=20 cand=15->15 pick(must/top/rand)=7/8/0 sims=1575 loop=1560 best_avg=-0.9814 leader=1 inc2=1 attack_w=0.25
DBG t=74 used=0.019 remain=0.493 turn_time=0.0189615 end_in=0.0189615 depth=11 dec=0 cand_cap=20 cand=33->20 pick(must/top/rand)=7/9/4 sims=1312 loop=1292 best_avg=-0.934299 leader=1 inc2=1 attack_w=0.25
DBG t=86 used=0.019 remain=0.265 turn_time=0.0189286 end_in=0.0189286 depth=11 dec=0 cand_cap=20 cand=38->20 pick(must/top/rand)=8/8/4 sims=1292 loop=1272 best_avg=-0.840682 leader=1 inc2=1 attack_w=0.25
DBG t=99 used=0.017 remain=0.017 turn_time=0.017 end_in=0.016 depth=0 dec=1 cand_cap=20 cand=38->20 pick(must/top/rand)=8/8/4 sims=31296 loop=31276 best_avg=-0.704879 leader=3 inc2=1 attack_w=0.25
DBG summary depth_safety_fired=2
Score = 126583

=== CASE 0108.txt ===
cmd=target/release/tester ./a.out
returncode=0 timed_out=0 elapsed_sec=1.955609
score=95343.0
--- stdout ---
9 4
9 5
9 3
9 5
8 5
8 5
8 3
8 4
9 6
9 7
9 8
9 9
9 7
8 9
8 9
8 9
7 9
8 9
7 8
8 9
6 8
7 8
5 8
7 7
8 7
5 8
8 5
8 5
7 4
9 7
8 8
8 6
7 5
7 4
8 2
9 3
6 4
8 3
9 2
6 5
8 2
7 2
9 8
9 1
9 1
8 3
8 1
8 1
5 9
8 1
9 0
9 2
7 1
8 3
8 3
7 0
8 0
8 2
7 5
7 4
7 9
7 2
6 0
8 2
7 4
8 7
7 4
5 0
4 0
5 0
7 4
6 9
5 8
7 4
8 3
8 2
8 3
7 4
5 0
6 8
8 2
7 4
7 8
6 8
7 4
8 6
7 0
7 4
6 0
7 8
8 2
7 5
7 4
8 3
7 4
8 2
7 8
8 2
7 4
5 8
--- stderr ---
DBG hdr N=10 M=5 T=100 U=5 VMAX=1062 TIME_LIMIT=1.94 MAX_CAND=20 UCB_C=0.21
DBG t=0 used=0.02 remain=1.94 turn_time=0.0194 end_in=0.0194 depth=7 dec=0 cand_cap=20 cand=4->4 pick(must/top/rand)=3/1/0 sims=3440 loop=3436 best_avg=-0.750684 leader=4 inc2=1 attack_w=0.623242
DBG t=12 used=0.02 remain=1.7 turn_time=0.0193182 end_in=0.0193182 depth=7 dec=0 cand_cap=20 cand=19->19 pick(must/top/rand)=5/11/3 sims=2263 loop=2244 best_avg=-0.891465 leader=1 inc2=0 attack_w=0.556094
DBG t=24 used=0.02 remain=1.46 turn_time=0.0192105 end_in=0.0192105 depth=7 dec=0 cand_cap=20 cand=14->14 pick(must/top/rand)=5/9/0 sims=2010 loop=1996 best_avg=-0.782606 leader=1 inc2=1 attack_w=0.668876
DBG t=37 used=0.02 remain=1.2 turn_time=0.0190476 end_in=0.0190476 depth=10 dec=0 cand_cap=20 cand=35->20 pick(must/top/rand)=8/8/4 sims=1064 loop=1044 best_avg=-0.657416 leader=4 inc2=1 attack_w=0.363043
DBG t=49 used=0.019 remain=0.968 turn_time=0.0189804 end_in=0.0189804 depth=10 dec=0 cand_cap=20 cand=40->20 pick(must/top/rand)=8/8/4 sims=980 loop=960 best_avg=-0.60333 leader=4 inc2=1 attack_w=0.331021
DBG t=61 used=0.019 remain=0.74 turn_time=0.0189744 end_in=0.0189744 depth=10 dec=0 cand_cap=20 cand=35->20 pick(must/top/rand)=7/9/4 sims=956 loop=936 best_avg=-0.708334 leader=1 inc2=1 attack_w=0.281442
DBG t=74 used=0.019 remain=0.493 turn_time=0.0189615 end_in=0.0189615 depth=11 dec=0 cand_cap=20 cand=40->20 pick(must/top/rand)=5/11/4 sims=960 loop=940 best_avg=-0.670841 leader=4 inc2=1 attack_w=0.327867
DBG t=86 used=0.019 remain=0.264 turn_time=0.0188571 end_in=0.0188571 depth=11 dec=0 cand_cap=20 cand=41->20 pick(must/top/rand)=5/11/4 sims=948 loop=928 best_avg=-0.663966 leader=3 inc2=1 attack_w=0.506295
DBG t=99 used=0.017 remain=0.017 turn_time=0.017 end_in=0.016 depth=0 dec=1 cand_cap=20 cand=41->20 pick(must/top/rand)=3/13/4 sims=15340 loop=15320 best_avg=-0.86112 leader=3 inc2=0 attack_w=0.701034
DBG summary depth_safety_fired=2
Score = 95343

=== CASE 0112.txt ===
cmd=target/release/tester ./a.out
returncode=0 timed_out=0 elapsed_sec=1.952660
score=85247.0
--- stdout ---
8 6
8 6
7 6
6 6
6 7
5 7
4 7
8 7
8 7
7 7
4 7
8 7
6 6
5 7
7 7
6 6
7 5
5 8
5 7
4 7
8 7
6 6
8 6
9 6
4 7
5 8
5 8
6 7
5 7
4 7
5 6
5 6
4 7
4 6
4 6
4 7
4 6
4 6
4 5
5 6
4 5
5 6
6 7
4 7
5 8
4 5
4 5
4 8
5 5
4 7
5 5
4 7
6 6
4 8
5 5
4 9
6 7
4 8
5 5
6 7
6 6
4 7
4 8
5 7
4 7
6 6
4 7
5 5
6 6
4 7
6 7
5 5
6 8
5 9
3 9
6 8
4 7
5 5
4 9
6 5
4 7
6 8
6 8
4 7
5 9
6 8
2 9
5 9
2 9
3 9
5 9
4 5
6 8
6 9
4 7
5 7
4 7
2 9
4 7
6 8
--- stderr ---
DBG hdr N=10 M=8 T=100 U=4 VMAX=1508 TIME_LIMIT=1.94 MAX_CAND=20 UCB_C=0.21
DBG t=0 used=0.02 remain=1.94 turn_time=0.0194 end_in=0.0194 depth=7 dec=0 cand_cap=20 cand=5->5 pick(must/top/rand)=3/2/0 sims=2485 loop=2480 best_avg=-0.682919 leader=1 inc2=1 attack_w=1
DBG t=12 used=0.02 remain=1.7 turn_time=0.0193182 end_in=0.0193182 depth=7 dec=0 cand_cap=20 cand=20->20 pick(must/top/rand)=7/9/4 sims=1896 loop=1876 best_avg=-0.463005 leader=1 inc2=1 attack_w=0.722623
DBG t=24 used=0.02 remain=1.46 turn_time=0.0192105 end_in=0.0192105 depth=7 dec=0 cand_cap=20 cand=21->20 pick(must/top/rand)=7/9/4 sims=1564 loop=1544 best_avg=-0.659534 leader=1 inc2=1 attack_w=1
DBG t=37 used=0.02 remain=1.2 turn_time=0.0190476 end_in=0.0190476 depth=10 dec=0 cand_cap=20 cand=14->14 pick(must/top/rand)=7/7/0 sims=1022 loop=1008 best_avg=-0.834965 leader=6 inc2=1 attack_w=1
DBG t=49 used=0.019 remain=0.968 turn_time=0.0189804 end_in=0.0189804 depth=10 dec=0 cand_cap=20 cand=20->20 pick(must/top/rand)=7/9/4 sims=884 loop=864 best_avg=-0.856009 leader=4 inc2=1 attack_w=1
DBG t=61 used=0.019 remain=0.74 turn_time=0.0189744 end_in=0.0189744 depth=10 dec=0 cand_cap=20 cand=20->20 pick(must/top/rand)=7/9/4 sims=960 loop=940 best_avg=-0.708861 leader=4 inc2=1 attack_w=1
DBG t=74 used=0.019 remain=0.493 turn_time=0.0189615 end_in=0.0189615 depth=11 dec=0 cand_cap=20 cand=22->20 pick(must/top/rand)=6/10/4 sims=896 loop=876 best_avg=-0.710432 leader=4 inc2=1 attack_w=1
DBG t=86 used=0.019 remain=0.258 turn_time=0.0184286 end_in=0.0184286 depth=11 dec=0 cand_cap=20 cand=23->20 pick(must/top/rand)=6/10/4 sims=980 loop=960 best_avg=-0.697149 leader=4 inc2=1 attack_w=1
DBG t=99 used=0.015 remain=0.015 turn_time=0.015 end_in=0.014 depth=0 dec=2 cand_cap=20 cand=27->20 pick(must/top/rand)=5/11/4 sims=12780 loop=12760 best_avg=-0.673519 leader=4 inc2=1 attack_w=1
DBG summary depth_safety_fired=8
Score = 85247

=== CASE 0111.txt ===
cmd=target/release/tester ./a.out
returncode=0 timed_out=0 elapsed_sec=1.954026
score=328088.0
--- stdout ---
7 0
7 1
7 2
7 3
7 4
6 3
6 4
6 3
7 5
6 2
5 3
5 4
6 5
5 2
6 5
7 6
8 6
6 6
5 6
7 7
6 7
5 5
8 7
7 7
5 7
7 8
8 8
9 6
9 5
9 7
8 7
8 4
8 5
9 4
9 3
8 1
8 1
9 2
8 2
8 4
8 3
8 5
8 6
8 7
9 7
8 9
9 8
9 9
8 9
9 1
5 8
6 8
6 9
8 7
7 8
7 7
8 8
8 7
7 9
8 5
7 5
8 6
8 7
9 7
7 5
8 6
8 7
9 7
7 7
7 8
8 7
5 0
9 7
9 6
7 6
8 5
8 7
8 6
9 7
8 8
8 7
7 7
8 5
8 6
7 8
7 5
7 7
8 6
8 7
9 7
8 5
7 5
8 6
9 7
8 5
8 7
8 6
9 7
9 6
8 5
--- stderr ---
DBG hdr N=10 M=2 T=100 U=1 VMAX=2340 TIME_LIMIT=1.94 MAX_CAND=20 UCB_C=0.21
DBG t=0 used=0.02 remain=1.94 turn_time=0.0194 end_in=0.0194 depth=7 dec=0 cand_cap=20 cand=3->3 pick(must/top/rand)=3/0/0 sims=6479 loop=6476 best_avg=-2.58438 leader=1 inc2=1 attack_w=0.15
DBG t=12 used=0.02 remain=1.7 turn_time=0.0193182 end_in=0.0193182 depth=7 dec=0 cand_cap=20 cand=25->20 pick(must/top/rand)=5/11/4 sims=3980 loop=3960 best_avg=-2.30733 leader=1 inc2=1 attack_w=0.25
DBG t=24 used=0.02 remain=1.46 turn_time=0.0192105 end_in=0.0192105 depth=7 dec=0 cand_cap=20 cand=39->20 pick(must/top/rand)=6/10/4 sims=3180 loop=3160 best_avg=-1.78898 leader=1 inc2=1 attack_w=0.25
DBG t=37 used=0.02 remain=1.2 turn_time=0.0190476 end_in=0.0190476 depth=10 dec=0 cand_cap=20 cand=51->20 pick(must/top/rand)=6/10/4 sims=1544 loop=1524 best_avg=-1.66986 leader=1 inc2=1 attack_w=0.25
DBG t=49 used=0.019 remain=0.968 turn_time=0.0189804 end_in=0.0189804 depth=10 dec=0 cand_cap=20 cand=53->20 pick(must/top/rand)=5/11/4 sims=1548 loop=1528 best_avg=-1.43046 leader=1 inc2=1 attack_w=0.25
DBG t=61 used=0.019 remain=0.74 turn_time=0.0189744 end_in=0.0189744 depth=10 dec=0 cand_cap=20 cand=56->20 pick(must/top/rand)=5/11/4 sims=1468 loop=1448 best_avg=-1.60332 leader=1 inc2=1 attack_w=0.25
DBG t=74 used=0.019 remain=0.493 turn_time=0.0189615 end_in=0.0189615 depth=11 dec=0 cand_cap=20 cand=57->20 pick(must/top/rand)=6/10/4 sims=1240 loop=1220 best_avg=-1.70051 leader=1 inc2=1 attack_w=0.25
DBG t=86 used=0.019 remain=0.264 turn_time=0.0188571 end_in=0.0188571 depth=11 dec=0 cand_cap=20 cand=57->20 pick(must/top/rand)=6/10/4 sims=1188 loop=1168 best_avg=-1.71716 leader=1 inc2=1 attack_w=0.25
DBG t=99 used=0.016 remain=0.016 turn_time=0.016 end_in=0.015 depth=0 dec=1 cand_cap=20 cand=57->20 pick(must/top/rand)=5/11/4 sims=52960 loop=52940 best_avg=-0.442147 leader=1 inc2=1 attack_w=0.25
DBG summary depth_safety_fired=2
Score = 328088

=== CASE 0113.txt ===
cmd=target/release/tester ./a.out
returncode=0 timed_out=0 elapsed_sec=1.951793
score=380933.0
--- stdout ---
4 4
4 5
4 4
4 5
4 4
4 5
4 5
5 4
4 4
3 5
3 5
4 4
3 5
2 5
4 4
4 6
5 4
2 5
2 5
5 5
4 5
5 3
5 4
5 4
4 5
2 5
5 4
5 6
4 5
5 4
4 5
6 6
5 3
4 5
5 4
6 7
4 5
5 4
2 4
6 7
7 7
4 5
5 3
4 5
6 6
5 4
4 5
7 8
2 4
2 4
4 5
5 4
2 5
4 5
3 4
7 6
5 4
2 5
4 4
4 5
4 7
5 7
5 6
4 6
4 5
7 8
4 5
5 4
7 9
4 4
2 5
4 5
5 4
6 5
2 5
4 5
7 7
4 5
5 4
6 8
4 8
6 5
4 5
8 8
4 5
6 7
4 5
4 4
4 4
4 4
4 4
2 5
4 3
2 4
1 4
1 4
0 4
3 4
1 5
1 6
--- stderr ---
DBG hdr N=10 M=2 T=100 U=5 VMAX=2124 TIME_LIMIT=1.94 MAX_CAND=20 UCB_C=0.21
DBG t=0 used=0.02 remain=1.94 turn_time=0.0194 end_in=0.0194 depth=7 dec=0 cand_cap=20 cand=5->5 pick(must/top/rand)=4/1/0 sims=6365 loop=6360 best_avg=-2.26058 leader=1 inc2=1 attack_w=0.15
DBG t=12 used=0.02 remain=1.7 turn_time=0.0193182 end_in=0.0193182 depth=7 dec=0 cand_cap=20 cand=11->11 pick(must/top/rand)=5/6/0 sims=5471 loop=5460 best_avg=-1.29333 leader=1 inc2=1 attack_w=0.25
DBG t=24 used=0.02 remain=1.46 turn_time=0.0192105 end_in=0.0192105 depth=7 dec=0 cand_cap=20 cand=19->19 pick(must/top/rand)=9/7/3 sims=4743 loop=4724 best_avg=-1.10722 leader=1 inc2=1 attack_w=0.25
DBG t=37 used=0.02 remain=1.2 turn_time=0.0190476 end_in=0.0190476 depth=10 dec=0 cand_cap=20 cand=25->20 pick(must/top/rand)=9/7/4 sims=2580 loop=2560 best_avg=-1.2414 leader=1 inc2=1 attack_w=0.25
DBG t=49 used=0.019 remain=0.968 turn_time=0.0189804 end_in=0.0189804 depth=10 dec=0 cand_cap=20 cand=29->20 pick(must/top/rand)=9/7/4 sims=2284 loop=2264 best_avg=-1.15865 leader=1 inc2=1 attack_w=0.25
DBG t=61 used=0.019 remain=0.74 turn_time=0.0189744 end_in=0.0189744 depth=10 dec=0 cand_cap=20 cand=33->20 pick(must/top/rand)=9/7/4 sims=1956 loop=1936 best_avg=-1.17434 leader=1 inc2=1 attack_w=0.25
DBG t=74 used=0.019 remain=0.493 turn_time=0.0189615 end_in=0.0189615 depth=11 dec=0 cand_cap=20 cand=36->20 pick(must/top/rand)=9/7/4 sims=1772 loop=1752 best_avg=-0.867492 leader=1 inc2=1 attack_w=0.25
DBG t=86 used=0.019 remain=0.256 turn_time=0.0182857 end_in=0.0182857 depth=11 dec=0 cand_cap=20 cand=40->20 pick(must/top/rand)=9/7/4 sims=1672 loop=1652 best_avg=-0.845891 leader=1 inc2=1 attack_w=0.25
DBG t=99 used=0.016 remain=0.016 turn_time=0.016 end_in=0.015 depth=0 dec=1 cand_cap=20 cand=47->20 pick(must/top/rand)=8/8/4 sims=53000 loop=52980 best_avg=-0.17235 leader=1 inc2=1 attack_w=0.25
DBG summary depth_safety_fired=10
Score = 380933

=== CASE 0114.txt ===
cmd=target/release/tester ./a.out
returncode=0 timed_out=0 elapsed_sec=1.954937
score=243438.0
--- stdout ---
7 1
6 1
5 1
4 1
6 0
5 0
5 2
4 2
3 1
2 1
1 1
1 2
0 1
2 2
2 3
2 0
0 0
3 0
2 3
2 4
2 5
1 5
0 5
0 6
1 6
2 6
2 6
1 7
2 7
5 2
4 3
3 5
4 5
6 2
5 5
6 5
6 6
7 5
8 5
6 7
7 6
7 7
8 7
8 7
8 8
6 7
6 8
8 5
5 7
8 6
6 9
9 6
7 9
6 8
6 4
6 4
5 8
8 9
5 6
5 8
8 4
9 4
8 3
7 3
4 6
8 2
9 2
5 9
4 8
4 9
7 4
9 9
7 2
7 8
9 5
3 9
4 8
7 4
3 9
7 5
2 9
1 9
5 5
0 9
6 4
1 8
6 2
9 8
5 9
5 8
4 8
5 7
5 2
3 9
1 7
1 6
4 2
3 2
3 3
2 3
--- stderr ---
DBG hdr N=10 M=7 T=100 U=1 VMAX=2188 TIME_LIMIT=1.94 MAX_CAND=20 UCB_C=0.21
DBG t=0 used=0.02 remain=1.94 turn_time=0.0194 end_in=0.0194 depth=7 dec=0 cand_cap=20 cand=4->4 pick(must/top/rand)=3/1/0 sims=2272 loop=2268 best_avg=-1.60743 leader=5 inc2=1 attack_w=1
DBG t=12 used=0.02 remain=1.7 turn_time=0.0193182 end_in=0.0193182 depth=7 dec=0 cand_cap=20 cand=22->20 pick(must/top/rand)=3/13/4 sims=1436 loop=1416 best_avg=-0.872305 leader=4 inc2=1 attack_w=1
DBG t=24 used=0.02 remain=1.46 turn_time=0.0192105 end_in=0.0192105 depth=7 dec=0 cand_cap=20 cand=35->20 pick(must/top/rand)=7/9/4 sims=1528 loop=1508 best_avg=-0.125646 leader=1 inc2=1 attack_w=0.25
DBG t=37 used=0.02 remain=1.2 turn_time=0.0190476 end_in=0.0190476 depth=10 dec=0 cand_cap=20 cand=7->7 pick(must/top/rand)=5/2/0 sims=1235 loop=1228 best_avg=0.0756758 leader=1 inc2=1 attack_w=0.25
DBG t=49 used=0.019 remain=0.968 turn_time=0.0189804 end_in=0.0189804 depth=10 dec=0 cand_cap=20 cand=23->20 pick(must/top/rand)=6/10/4 sims=1104 loop=1084 best_avg=0.0152297 leader=5 inc2=1 attack_w=0.25
DBG t=61 used=0.019 remain=0.74 turn_time=0.0189744 end_in=0.0189744 depth=10 dec=0 cand_cap=20 cand=32->20 pick(must/top/rand)=4/12/4 sims=960 loop=940 best_avg=0.383809 leader=4 inc2=1 attack_w=0.25
DBG t=74 used=0.019 remain=0.491 turn_time=0.0188846 end_in=0.0188846 depth=11 dec=0 cand_cap=20 cand=43->20 pick(must/top/rand)=5/11/4 sims=844 loop=824 best_avg=0.519301 leader=4 inc2=1 attack_w=0.25
DBG t=86 used=0.019 remain=0.263 turn_time=0.0187857 end_in=0.0187857 depth=11 dec=0 cand_cap=20 cand=52->20 pick(must/top/rand)=7/9/4 sims=852 loop=832 best_avg=0.708905 leader=5 inc2=1 attack_w=0.25
DBG t=99 used=0.017 remain=0.017 turn_time=0.017 end_in=0.016 depth=0 dec=1 cand_cap=20 cand=20->20 pick(must/top/rand)=6/10/4 sims=25888 loop=25868 best_avg=1.05857 leader=1 inc2=1 attack_w=0.25
DBG summary depth_safety_fired=2
Score = 243438

=== CASE 0117.txt ===
cmd=target/release/tester ./a.out
returncode=0 timed_out=0 elapsed_sec=1.952478
score=83752.0
--- stdout ---
8 1
9 1
8 2
8 1
9 1
8 0
7 0
8 1
6 0
7 1
9 0
9 0
8 1
6 1
9 1
7 0
5 1
5 2
5 3
5 4
6 0
8 1
9 1
5 3
6 4
7 4
8 4
8 5
7 3
5 4
7 3
8 6
8 3
4 3
7 4
4 4
4 3
5 5
6 2
6 5
6 3
6 3
7 3
6 2
9 3
7 5
7 6
6 4
5 3
6 4
6 5
6 5
4 3
8 3
7 4
7 4
6 3
6 6
6 4
4 4
7 6
6 7
8 3
7 3
5 6
5 6
5 5
6 2
4 4
7 3
6 2
9 3
6 6
7 3
6 2
4 5
4 6
5 5
7 3
6 6
4 5
3 4
6 2
5 2
5 3
6 1
3 4
7 4
7 6
4 5
3 5
7 4
7 6
4 2
5 2
6 7
6 6
7 6
3 5
5 2
--- stderr ---
DBG hdr N=10 M=8 T=100 U=2 VMAX=1187 TIME_LIMIT=1.94 MAX_CAND=20 UCB_C=0.21
DBG t=0 used=0.02 remain=1.94 turn_time=0.0194 end_in=0.0194 depth=7 dec=0 cand_cap=20 cand=4->4 pick(must/top/rand)=3/1/0 sims=2256 loop=2252 best_avg=-0.794122 leader=3 inc2=1 attack_w=0.657045
DBG t=12 used=0.02 remain=1.7 turn_time=0.0193182 end_in=0.0193182 depth=7 dec=0 cand_cap=20 cand=11->11 pick(must/top/rand)=3/8/0 sims=1251 loop=1240 best_avg=-0.838179 leader=4 inc2=1 attack_w=1
DBG t=24 used=0.02 remain=1.46 turn_time=0.0192105 end_in=0.0192105 depth=7 dec=0 cand_cap=20 cand=24->20 pick(must/top/rand)=6/10/4 sims=1420 loop=1400 best_avg=-0.568201 leader=5 inc2=1 attack_w=1
DBG t=37 used=0.02 remain=1.2 turn_time=0.0190476 end_in=0.0190476 depth=10 dec=0 cand_cap=20 cand=19->19 pick(must/top/rand)=5/11/3 sims=811 loop=792 best_avg=-0.88841 leader=5 inc2=1 attack_w=1
DBG t=49 used=0.019 remain=0.968 turn_time=0.0189804 end_in=0.0189804 depth=10 dec=0 cand_cap=20 cand=18->18 pick(must/top/rand)=7/9/2 sims=994 loop=976 best_avg=-1.19089 leader=5 inc2=1 attack_w=1
DBG t=61 used=0.019 remain=0.74 turn_time=0.0189744 end_in=0.0189744 depth=10 dec=0 cand_cap=20 cand=26->20 pick(must/top/rand)=7/9/4 sims=1000 loop=980 best_avg=-0.802083 leader=5 inc2=1 attack_w=1
DBG t=74 used=0.019 remain=0.491 turn_time=0.0188846 end_in=0.0188846 depth=11 dec=0 cand_cap=20 cand=25->20 pick(must/top/rand)=6/10/4 sims=824 loop=804 best_avg=-0.910357 leader=1 inc2=1 attack_w=1
DBG t=86 used=0.019 remain=0.263 turn_time=0.0187857 end_in=0.0187857 depth=11 dec=0 cand_cap=20 cand=24->20 pick(must/top/rand)=6/10/4 sims=780 loop=760 best_avg=-1.05243 leader=2 inc2=1 attack_w=1
DBG t=99 used=0.016 remain=0.016 turn_time=0.016 end_in=0.015 depth=0 dec=1 cand_cap=20 cand=28->20 pick(must/top/rand)=6/10/4 sims=13000 loop=12980 best_avg=-0.722314 leader=1 inc2=1 attack_w=1
DBG summary depth_safety_fired=2
Score = 83752

=== CASE 0115.txt ===
cmd=target/release/tester ./a.out
returncode=0 timed_out=0 elapsed_sec=1.953710
score=124828.0
--- stdout ---
8 7
8 6
8 6
7 6
7 5
7 4
7 3
8 3
7 3
8 3
8 3
8 3
7 3
8 3
8 2
7 4
7 3
8 1
8 2
8 2
8 2
7 3
8 1
7 3
6 3
8 1
6 3
8 1
6 3
6 3
8 2
8 1
8 1
7 4
7 4
7 4
8 2
8 2
9 1
9 0
9 1
8 1
9 0
7 1
8 1
9 0
6 3
9 1
6 3
7 1
9 0
9 1
9 2
7 1
9 2
7 1
8 1
9 1
7 1
9 2
6 3
5 3
8 1
7 1
5 3
8 1
9 0
6 2
8 1
9 0
5 3
8 1
9 0
5 3
7 3
5 3
7 3
7 1
8 1
9 2
7 3
6 3
9 2
8 1
5 3
8 4
9 4
7 1
9 4
6 4
7 5
7 5
7 3
6 5
6 5
6 5
6 5
7 5
6 3
4 3
--- stderr ---
DBG hdr N=10 M=8 T=100 U=5 VMAX=1950 TIME_LIMIT=1.94 MAX_CAND=20 UCB_C=0.21
DBG t=0 used=0.02 remain=1.94 turn_time=0.0194 end_in=0.0194 depth=7 dec=0 cand_cap=20 cand=5->5 pick(must/top/rand)=3/2/0 sims=2313 loop=2308 best_avg=-1.29387 leader=2 inc2=1 attack_w=1
DBG t=12 used=0.02 remain=1.7 turn_time=0.0193182 end_in=0.0193182 depth=7 dec=0 cand_cap=20 cand=23->20 pick(must/top/rand)=5/11/4 sims=1672 loop=1652 best_avg=-0.604677 leader=3 inc2=1 attack_w=1
DBG t=24 used=0.02 remain=1.46 turn_time=0.0192105 end_in=0.0192105 depth=7 dec=0 cand_cap=20 cand=18->18 pick(must/top/rand)=5/11/2 sims=1734 loop=1716 best_avg=-0.380035 leader=2 inc2=1 attack_w=0.308342
DBG t=37 used=0.02 remain=1.2 turn_time=0.0190476 end_in=0.0190476 depth=10 dec=0 cand_cap=20 cand=19->19 pick(must/top/rand)=6/10/3 sims=1115 loop=1096 best_avg=-0.295455 leader=2 inc2=1 attack_w=0.25
DBG t=49 used=0.019 remain=0.968 turn_time=0.0189804 end_in=0.0189804 depth=10 dec=0 cand_cap=20 cand=18->18 pick(must/top/rand)=6/10/2 sims=1030 loop=1012 best_avg=-0.224598 leader=3 inc2=1 attack_w=0.25
DBG t=61 used=0.019 remain=0.74 turn_time=0.0189744 end_in=0.0189744 depth=10 dec=0 cand_cap=20 cand=19->19 pick(must/top/rand)=6/10/3 sims=987 loop=968 best_avg=-0.117735 leader=3 inc2=1 attack_w=0.25
DBG t=74 used=0.019 remain=0.491 turn_time=0.0188846 end_in=0.0188846 depth=11 dec=0 cand_cap=20 cand=22->20 pick(must/top/rand)=6/10/4 sims=964 loop=944 best_avg=-0.12539 leader=2 inc2=1 attack_w=0.25
DBG t=86 used=0.019 remain=0.263 turn_time=0.0187857 end_in=0.0187857 depth=11 dec=0 cand_cap=20 cand=23->20 pick(must/top/rand)=5/11/4 sims=896 loop=876 best_avg=-0.169438 leader=5 inc2=1 attack_w=0.25
DBG t=99 used=0.017 remain=0.017 turn_time=0.017 end_in=0.016 depth=0 dec=1 cand_cap=20 cand=28->20 pick(must/top/rand)=7/9/4 sims=13960 loop=13940 best_avg=-0.160796 leader=5 inc2=1 attack_w=0.25
DBG summary depth_safety_fired=2
Score = 124828

=== CASE 0116.txt ===
cmd=target/release/tester ./a.out
returncode=0 timed_out=0 elapsed_sec=1.952782
score=132346.0
--- stdout ---
5 5
5 4
5 4
4 4
4 3
3 4
4 4
4 2
4 2
4 2
3 2
3 2
2 2
4 2
4 4
3 2
3 1
4 4
3 2
2 1
2 1
1 1
1 2
1 3
0 3
1 3
2 1
1 1
2 1
1 1
3 1
0 1
1 0
2 0
3 1
0 2
0 4
0 2
0 4
0 0
1 3
0 4
1 3
5 5
5 4
0 3
1 1
0 3
1 4
0 4
2 3
5 4
5 6
4 4
2 3
3 4
1 4
0 3
4 5
5 5
3 0
4 5
4 0
4 1
4 0
4 0
3 3
0 0
1 0
4 5
0 4
4 0
4 3
4 5
5 0
5 5
4 5
0 4
2 0
2 0
3 1
2 0
5 5
1 0
0 1
6 0
0 0
4 5
3 3
0 5
4 5
5 5
5 1
4 3
1 0
2 3
2 3
2 3
4 5
4 5
--- stderr ---
DBG hdr N=10 M=5 T=100 U=4 VMAX=1772 TIME_LIMIT=1.94 MAX_CAND=20 UCB_C=0.21
DBG t=0 used=0.02 remain=1.94 turn_time=0.0194 end_in=0.0194 depth=7 dec=0 cand_cap=20 cand=4->4 pick(must/top/rand)=3/1/0 sims=3240 loop=3236 best_avg=-1.26277 leader=1 inc2=1 attack_w=1
DBG t=12 used=0.02 remain=1.7 turn_time=0.0193182 end_in=0.0193182 depth=7 dec=0 cand_cap=20 cand=15->15 pick(must/top/rand)=7/8/0 sims=2019 loop=2004 best_avg=-0.931827 leader=1 inc2=0 attack_w=1
DBG t=24 used=0.02 remain=1.46 turn_time=0.0192105 end_in=0.0192105 depth=7 dec=0 cand_cap=20 cand=29->20 pick(must/top/rand)=7/9/4 sims=1984 loop=1964 best_avg=-0.736037 leader=1 inc2=0 attack_w=0.418699
DBG t=37 used=0.02 remain=1.2 turn_time=0.0190476 end_in=0.0190476 depth=10 dec=0 cand_cap=20 cand=32->20 pick(must/top/rand)=7/9/4 sims=1172 loop=1152 best_avg=-0.730284 leader=1 inc2=0 attack_w=0.25
DBG t=49 used=0.019 remain=0.968 turn_time=0.0189804 end_in=0.0189804 depth=10 dec=0 cand_cap=20 cand=30->20 pick(must/top/rand)=7/9/4 sims=1184 loop=1164 best_avg=-0.647836 leader=1 inc2=0 attack_w=0.25
DBG t=61 used=0.019 remain=0.74 turn_time=0.0189744 end_in=0.0189744 depth=10 dec=0 cand_cap=20 cand=33->20 pick(must/top/rand)=7/9/4 sims=1204 loop=1184 best_avg=-0.451223 leader=1 inc2=1 attack_w=0.25
DBG t=74 used=0.019 remain=0.479 turn_time=0.0184231 end_in=0.0184231 depth=11 dec=0 cand_cap=20 cand=35->20 pick(must/top/rand)=7/9/4 sims=1016 loop=996 best_avg=-0.431541 leader=1 inc2=1 attack_w=0.25
DBG t=86 used=0.018 remain=0.251 turn_time=0.0179286 end_in=0.0179286 depth=10 dec=1 cand_cap=20 cand=38->20 pick(must/top/rand)=7/9/4 sims=1060 loop=1040 best_avg=-0.444064 leader=1 inc2=1 attack_w=0.25
DBG t=99 used=0.016 remain=0.016 turn_time=0.016 end_in=0.015 depth=0 dec=1 cand_cap=20 cand=39->20 pick(must/top/rand)=7/9/4 sims=14460 loop=14440 best_avg=-0.439856 leader=4 inc2=1 attack_w=0.25
DBG summary depth_safety_fired=14
Score = 132346

=== CASE 0118.txt ===
cmd=target/release/tester ./a.out
returncode=0 timed_out=0 elapsed_sec=1.952311
score=256986.0
--- stdout ---
5 9
6 9
6 8
6 8
7 8
7 8
6 7
4 8
4 8
5 7
5 7
6 6
6 6
8 8
8 8
7 7
7 7
3 9
5 8
6 6
6 5
7 5
7 5
8 9
8 9
7 5
6 4
4 7
5 5
7 9
7 9
9 9
5 5
4 6
7 5
7 6
5 4
5 5
6 5
7 4
7 5
7 4
6 4
6 9
7 3
8 5
4 5
4 4
3 6
3 6
4 4
4 6
7 4
3 9
6 5
8 6
5 4
5 6
2 6
1 6
4 5
1 5
9 5
2 6
1 5
6 7
1 4
1 3
7 3
5 4
9 8
7 2
1 3
1 3
2 6
8 3
8 2
8 2
8 1
8 2
7 1
7 1
8 1
6 4
3 5
7 2
1 7
8 1
8 2
7 2
8 1
8 3
1 3
3 8
8 2
8 1
2 3
2 3
2 3
1 3
--- stderr ---
DBG hdr N=10 M=4 T=100 U=2 VMAX=2712 TIME_LIMIT=1.94 MAX_CAND=20 UCB_C=0.21
DBG t=0 used=0.02 remain=1.94 turn_time=0.0194 end_in=0.0194 depth=7 dec=0 cand_cap=20 cand=4->4 pick(must/top/rand)=3/1/0 sims=3408 loop=3404 best_avg=-0.789527 leader=3 inc2=1 attack_w=1
DBG t=12 used=0.02 remain=1.7 turn_time=0.0193182 end_in=0.0193182 depth=7 dec=0 cand_cap=20 cand=19->19 pick(must/top/rand)=5/11/3 sims=2411 loop=2392 best_avg=-0.389502 leader=1 inc2=0 attack_w=0.25
DBG t=24 used=0.02 remain=1.46 turn_time=0.0192105 end_in=0.0192105 depth=7 dec=0 cand_cap=20 cand=29->20 pick(must/top/rand)=7/9/4 sims=2180 loop=2160 best_avg=-0.383711 leader=1 inc2=0 attack_w=0.25
DBG t=37 used=0.02 remain=1.2 turn_time=0.0190476 end_in=0.0190476 depth=10 dec=0 cand_cap=20 cand=34->20 pick(must/top/rand)=8/8/4 sims=1288 loop=1268 best_avg=-0.0480462 leader=1 inc2=1 attack_w=0.25
DBG t=49 used=0.019 remain=0.968 turn_time=0.0189804 end_in=0.0189804 depth=10 dec=0 cand_cap=20 cand=40->20 pick(must/top/rand)=7/9/4 sims=1064 loop=1044 best_avg=0.0391306 leader=1 inc2=1 attack_w=0.25
DBG t=61 used=0.019 remain=0.74 turn_time=0.0189744 end_in=0.0189744 depth=10 dec=0 cand_cap=20 cand=47->20 pick(must/top/rand)=9/7/4 sims=1072 loop=1052 best_avg=0.203391 leader=1 inc2=0 attack_w=0.25
DBG t=74 used=0.019 remain=0.483 turn_time=0.0185769 end_in=0.0185769 depth=11 dec=0 cand_cap=20 cand=63->20 pick(must/top/rand)=8/8/4 sims=960 loop=940 best_avg=0.416976 leader=3 inc2=1 attack_w=0.25
DBG t=86 used=0.019 remain=0.255 turn_time=0.0182143 end_in=0.0182143 depth=11 dec=0 cand_cap=20 cand=66->20 pick(must/top/rand)=8/8/4 sims=980 loop=960 best_avg=0.440032 leader=2 inc2=1 attack_w=0.25
DBG t=99 used=0.016 remain=0.016 turn_time=0.016 end_in=0.015 depth=0 dec=1 cand_cap=20 cand=7->7 pick(must/top/rand)=2/5/0 sims=26747 loop=26740 best_avg=0.667228 leader=3 inc2=1 attack_w=0.25
DBG summary depth_safety_fired=11
Score = 256986

=== CASE 0119.txt ===
cmd=target/release/tester ./a.out
returncode=0 timed_out=0 elapsed_sec=1.952329
score=184853.0
--- stdout ---
5 7
6 6
4 7
4 6
5 6
4 5
3 6
3 7
3 8
4 6
2 8
1 8
1 7
2 9
1 6
0 7
0 6
0 6
1 6
0 5
0 4
0 3
0 4
1 7
0 4
1 5
1 4
0 3
1 4
2 5
0 3
1 8
2 8
0 4
2 9
2 4
3 5
3 9
4 5
1 9
0 4
4 6
0 9
0 4
0 4
1 4
2 8
0 8
1 6
0 6
2 5
2 9
3 5
4 5
5 5
6 5
6 4
6 3
6 2
7 2
8 2
5 4
4 4
7 1
7 0
8 0
9 2
6 0
9 0
6 5
3 4
3 3
4 4
3 5
6 1
6 5
8 3
5 0
5 4
5 5
9 1
6 6
6 7
7 7
8 7
9 7
4 4
5 1
3 4
9 6
3 5
8 8
8 9
3 4
3 3
4 5
2 5
2 6
1 6
4 3
--- stderr ---
DBG hdr N=10 M=8 T=100 U=1 VMAX=2418 TIME_LIMIT=1.94 MAX_CAND=20 UCB_C=0.21
DBG t=0 used=0.02 remain=1.94 turn_time=0.0194 end_in=0.0194 depth=7 dec=0 cand_cap=20 cand=5->5 pick(must/top/rand)=3/2/0 sims=2057 loop=2052 best_avg=-0.870871 leader=1 inc2=1 attack_w=1
DBG t=12 used=0.02 remain=1.7 turn_time=0.0193182 end_in=0.0193182 depth=7 dec=0 cand_cap=20 cand=11->11 pick(must/top/rand)=3/8/0 sims=1583 loop=1572 best_avg=-0.567344 leader=3 inc2=1 attack_w=1
DBG t=24 used=0.02 remain=1.46 turn_time=0.0192105 end_in=0.0192105 depth=7 dec=0 cand_cap=20 cand=15->15 pick(must/top/rand)=7/8/0 sims=1611 loop=1596 best_avg=-0.684709 leader=4 inc2=1 attack_w=1
DBG t=37 used=0.02 remain=1.2 turn_time=0.0190476 end_in=0.0190476 depth=10 dec=0 cand_cap=20 cand=24->20 pick(must/top/rand)=6/10/4 sims=1228 loop=1208 best_avg=-0.520309 leader=2 inc2=1 attack_w=0.25
DBG t=49 used=0.019 remain=0.968 turn_time=0.0189804 end_in=0.0189804 depth=10 dec=0 cand_cap=20 cand=18->18 pick(must/top/rand)=4/12/2 sims=1002 loop=984 best_avg=-0.740152 leader=2 inc2=1 attack_w=1
DBG t=61 used=0.019 remain=0.74 turn_time=0.0189744 end_in=0.0189744 depth=10 dec=0 cand_cap=20 cand=16->16 pick(must/top/rand)=5/11/0 sims=1060 loop=1044 best_avg=-0.384627 leader=3 inc2=1 attack_w=1
DBG t=74 used=0.019 remain=0.487 turn_time=0.0187308 end_in=0.0187308 depth=11 dec=0 cand_cap=20 cand=33->20 pick(must/top/rand)=7/9/4 sims=924 loop=904 best_avg=-0.273607 leader=2 inc2=1 attack_w=0.431899
DBG t=86 used=0.019 remain=0.259 turn_time=0.0185 end_in=0.0185 depth=11 dec=0 cand_cap=20 cand=44->20 pick(must/top/rand)=7/9/4 sims=828 loop=808 best_avg=0.191204 leader=1 inc2=1 attack_w=0.25
DBG t=99 used=0.012 remain=0.012 turn_time=0.012 end_in=0.011 depth=0 dec=2 cand_cap=16 cand=44->16 pick(must/top/rand)=7/5/4 sims=17424 loop=17408 best_avg=0.557478 leader=6 inc2=1 attack_w=0.25
DBG summary depth_safety_fired=7
Score = 184853

=== CASE 0121.txt ===
cmd=target/release/tester ./a.out
returncode=0 timed_out=0 elapsed_sec=1.955236
score=110311.0
--- stdout ---
6 8
6 7
5 7
5 7
6 7
5 6
5 6
4 7
5 5
6 7
4 5
4 5
6 7
4 7
4 5
4 7
3 7
2 7
2 6
2 6
2 6
1 6
1 6
1 5
1 5
1 5
5 7
1 6
2 7
3 5
0 5
1 4
3 8
3 8
3 8
2 4
3 5
5 5
2 5
5 6
2 4
0 5
3 5
1 3
6 5
5 5
1 3
2 8
0 5
0 4
2 9
1 4
1 9
1 9
0 9
0 9
0 9
1 8
6 6
1 3
7 5
5 4
7 5
7 5
6 5
6 5
2 4
5 6
1 4
6 6
1 4
0 4
1 3
1 9
5 3
5 7
1 4
2 5
3 7
1 4
5 4
0 4
3 7
5 6
0 6
7 6
1 4
2 5
0 4
1 4
0 8
1 9
1 4
5 4
6 5
1 4
2 7
6 3
1 4
2 4
--- stderr ---
DBG hdr N=10 M=4 T=100 U=3 VMAX=1477 TIME_LIMIT=1.94 MAX_CAND=20 UCB_C=0.21
DBG t=0 used=0.02 remain=1.94 turn_time=0.0194 end_in=0.0194 depth=7 dec=0 cand_cap=20 cand=5->5 pick(must/top/rand)=4/1/0 sims=3581 loop=3576 best_avg=-1.11938 leader=2 inc2=0 attack_w=0.913552
DBG t=12 used=0.02 remain=1.7 turn_time=0.0193182 end_in=0.0193182 depth=7 dec=0 cand_cap=20 cand=18->18 pick(must/top/rand)=7/9/2 sims=2658 loop=2640 best_avg=-1.03285 leader=1 inc2=1 attack_w=0.385522
DBG t=24 used=0.02 remain=1.457 turn_time=0.0191711 end_in=0.0191711 depth=7 dec=0 cand_cap=20 cand=26->20 pick(must/top/rand)=7/9/4 sims=1880 loop=1860 best_avg=-1.14437 leader=1 inc2=1 attack_w=0.779616
DBG t=37 used=0.02 remain=1.197 turn_time=0.019 end_in=0.019 depth=10 dec=0 cand_cap=20 cand=31->20 pick(must/top/rand)=6/10/4 sims=1268 loop=1248 best_avg=-1.13811 leader=1 inc2=0 attack_w=0.646094
DBG t=49 used=0.019 remain=0.968 turn_time=0.0189804 end_in=0.0189804 depth=10 dec=0 cand_cap=20 cand=35->20 pick(must/top/rand)=8/8/4 sims=1156 loop=1136 best_avg=-1.11287 leader=1 inc2=0 attack_w=0.556937
DBG t=61 used=0.019 remain=0.74 turn_time=0.0189744 end_in=0.0189744 depth=10 dec=0 cand_cap=20 cand=43->20 pick(must/top/rand)=7/9/4 sims=1088 loop=1068 best_avg=-1.04788 leader=1 inc2=0 attack_w=0.341894
DBG t=74 used=0.019 remain=0.493 turn_time=0.0189615 end_in=0.0189615 depth=11 dec=0 cand_cap=20 cand=43->20 pick(must/top/rand)=7/9/4 sims=868 loop=848 best_avg=-1.0694 leader=1 inc2=0 attack_w=0.433243
DBG t=86 used=0.019 remain=0.265 turn_time=0.0189286 end_in=0.0189286 depth=11 dec=0 cand_cap=20 cand=48->20 pick(must/top/rand)=7/9/4 sims=880 loop=860 best_avg=-1.05518 leader=1 inc2=0 attack_w=0.307351
DBG t=99 used=0.018 remain=0.018 turn_time=0.018 end_in=0.017 depth=0 dec=0 cand_cap=20 cand=52->20 pick(must/top/rand)=7/9/4 sims=20484 loop=20464 best_avg=-0.95412 leader=1 inc2=0 attack_w=0.25
DBG summary depth_safety_fired=0
Score = 110311

=== CASE 0122.txt ===
cmd=target/release/tester ./a.out
returncode=0 timed_out=0 elapsed_sec=1.954265
score=268906.0
--- stdout ---
8 3
8 2
9 2
8 1
8 0
7 2
7 3
9 0
9 3
7 1
7 4
6 4
6 5
8 3
6 6
8 4
8 5
8 3
6 2
7 5
9 4
5 2
4 2
6 2
6 1
6 3
8 5
8 1
7 1
7 4
7 1
6 1
6 2
6 0
7 6
6 4
7 7
8 7
5 0
5 1
8 6
6 6
6 3
8 8
6 2
9 8
7 8
5 2
9 7
7 6
9 6
8 6
7 9
9 9
7 7
7 6
6 5
8 6
6 9
5 4
6 7
5 7
4 7
4 2
6 1
4 1
7 0
4 8
4 2
6 8
4 0
4 4
6 0
3 0
5 6
2 0
3 1
4 1
4 5
6 6
3 5
3 4
4 2
2 1
4 0
3 2
1 0
3 3
0 0
3 6
5 8
0 1
4 8
3 8
4 2
6 4
6 3
6 2
3 5
4 7
--- stderr ---
DBG hdr N=10 M=4 T=100 U=1 VMAX=1669 TIME_LIMIT=1.94 MAX_CAND=20 UCB_C=0.21
DBG t=0 used=0.02 remain=1.94 turn_time=0.0194 end_in=0.0194 depth=7 dec=0 cand_cap=20 cand=5->5 pick(must/top/rand)=4/1/0 sims=3017 loop=3012 best_avg=-1.39394 leader=3 inc2=1 attack_w=1
DBG t=12 used=0.02 remain=1.7 turn_time=0.0193182 end_in=0.0193182 depth=7 dec=0 cand_cap=20 cand=20->20 pick(must/top/rand)=6/10/4 sims=2108 loop=2088 best_avg=-0.891571 leader=3 inc2=0 attack_w=0.564584
DBG t=24 used=0.02 remain=1.458 turn_time=0.0191842 end_in=0.0191842 depth=7 dec=0 cand_cap=20 cand=26->20 pick(must/top/rand)=7/9/4 sims=1752 loop=1732 best_avg=-0.801706 leader=3 inc2=1 attack_w=0.287877
DBG t=37 used=0.02 remain=1.198 turn_time=0.0190159 end_in=0.0190159 depth=10 dec=0 cand_cap=20 cand=36->20 pick(must/top/rand)=7/9/4 sims=1032 loop=1012 best_avg=-0.768294 leader=3 inc2=0 attack_w=0.397454
DBG t=49 used=0.019 remain=0.968 turn_time=0.0189804 end_in=0.0189804 depth=10 dec=0 cand_cap=20 cand=13->13 pick(must/top/rand)=6/7/0 sims=961 loop=948 best_avg=-0.592751 leader=3 inc2=0 attack_w=0.25
DBG t=61 used=0.019 remain=0.74 turn_time=0.0189744 end_in=0.0189744 depth=10 dec=0 cand_cap=20 cand=52->20 pick(must/top/rand)=7/9/4 sims=988 loop=968 best_avg=-0.0958789 leader=3 inc2=1 attack_w=0.25
DBG t=74 used=0.019 remain=0.493 turn_time=0.0189615 end_in=0.0189615 depth=11 dec=0 cand_cap=20 cand=66->20 pick(must/top/rand)=6/10/4 sims=756 loop=736 best_avg=0.232586 leader=3 inc2=1 attack_w=0.25
DBG t=86 used=0.019 remain=0.265 turn_time=0.0189286 end_in=0.0189286 depth=11 dec=0 cand_cap=20 cand=73->20 pick(must/top/rand)=6/10/4 sims=784 loop=764 best_avg=0.530285 leader=3 inc2=0 attack_w=0.25
DBG t=99 used=0.018 remain=0.018 turn_time=0.018 end_in=0.017 depth=0 dec=0 cand_cap=20 cand=81->20 pick(must/top/rand)=7/9/4 sims=32920 loop=32900 best_avg=0.817294 leader=3 inc2=1 attack_w=0.25
DBG summary depth_safety_fired=0
Score = 268906

=== CASE 0120.txt ===
cmd=target/release/tester ./a.out
returncode=0 timed_out=0 elapsed_sec=1.957327
score=292706.0
--- stdout ---
2 4
2 3
2 2
2 1
1 3
1 2
2 0
1 0
3 2
3 2
4 2
5 2
6 2
1 1
6 3
6 4
5 3
5 4
7 2
5 5
5 6
6 5
7 5
7 4
7 3
5 5
5 4
7 2
6 4
6 3
5 4
5 5
5 6
5 4
5 5
5 4
5 5
5 4
5 5
5 4
5 5
6 4
5 6
5 5
5 4
6 4
8 2
5 4
6 5
5 5
6 5
6 4
5 5
7 4
5 6
6 6
6 5
5 4
5 5
5 6
6 5
6 4
6 5
6 4
7 6
7 5
7 7
6 7
7 7
7 8
7 9
6 8
6 9
6 3
5 8
5 9
7 9
7 8
6 8
6 9
6 7
7 7
7 8
7 4
6 8
7 6
7 5
7 7
8 7
6 5
9 7
8 3
9 2
8 7
8 6
8 5
9 6
6 2
5 1
9 7
--- stderr ---
DBG hdr N=10 M=2 T=100 U=1 VMAX=2348 TIME_LIMIT=1.94 MAX_CAND=20 UCB_C=0.21
DBG t=0 used=0.02 remain=1.94 turn_time=0.0194 end_in=0.0194 depth=7 dec=0 cand_cap=20 cand=5->5 pick(must/top/rand)=3/2/0 sims=5053 loop=5048 best_avg=-2.56519 leader=1 inc2=1 attack_w=0.15
DBG t=12 used=0.02 remain=1.7 turn_time=0.0193182 end_in=0.0193182 depth=7 dec=0 cand_cap=20 cand=29->20 pick(must/top/rand)=5/11/4 sims=2952 loop=2932 best_avg=-2.11642 leader=1 inc2=1 attack_w=0.25
DBG t=24 used=0.02 remain=1.457 turn_time=0.0191711 end_in=0.0191711 depth=7 dec=0 cand_cap=20 cand=9->9 pick(must/top/rand)=6/3/0 sims=3461 loop=3452 best_avg=-1.89336 leader=1 inc2=1 attack_w=0.25
DBG t=37 used=0.02 remain=1.197 turn_time=0.019 end_in=0.019 depth=10 dec=0 cand_cap=20 cand=10->10 pick(must/top/rand)=6/4/0 sims=2330 loop=2320 best_avg=-2.07926 leader=1 inc2=1 attack_w=0.25
DBG t=49 used=0.019 remain=0.968 turn_time=0.0189804 end_in=0.0189804 depth=10 dec=0 cand_cap=20 cand=18->18 pick(must/top/rand)=5/11/2 sims=2182 loop=2164 best_avg=-1.90263 leader=1 inc2=1 attack_w=0.25
DBG t=61 used=0.019 remain=0.74 turn_time=0.0189744 end_in=0.0189744 depth=10 dec=0 cand_cap=20 cand=13->13 pick(must/top/rand)=6/7/0 sims=2121 loop=2108 best_avg=-2.00583 leader=1 inc2=1 attack_w=0.25
DBG t=74 used=0.019 remain=0.493 turn_time=0.0189615 end_in=0.0189615 depth=11 dec=0 cand_cap=20 cand=33->20 pick(must/top/rand)=6/10/4 sims=1592 loop=1572 best_avg=-1.77726 leader=1 inc2=1 attack_w=0.25
DBG t=86 used=0.019 remain=0.265 turn_time=0.0189286 end_in=0.0189286 depth=11 dec=0 cand_cap=20 cand=36->20 pick(must/top/rand)=5/11/4 sims=1492 loop=1472 best_avg=-1.68266 leader=1 inc2=1 attack_w=0.25
DBG t=99 used=0.018 remain=0.018 turn_time=0.018 end_in=0.017 depth=0 dec=0 cand_cap=20 cand=73->20 pick(must/top/rand)=7/9/4 sims=58616 loop=58596 best_avg=-0.69342 leader=1 inc2=1 attack_w=0.25
DBG summary depth_safety_fired=0
Score = 292706

=== CASE 0123.txt ===
cmd=target/release/tester ./a.out
returncode=0 timed_out=0 elapsed_sec=1.956011
score=125484.0
--- stdout ---
4 0
5 0
5 1
5 0
5 0
4 0
6 0
6 0
5 1
6 0
6 1
6 0
5 0
5 2
5 1
5 2
6 1
6 1
4 2
5 2
6 1
6 2
4 3
4 2
5 2
6 1
4 0
4 2
3 0
3 0
6 2
6 2
6 2
7 2
3 2
3 2
3 0
4 2
4 0
6 3
3 2
6 3
4 2
3 2
6 1
4 3
6 3
6 0
3 0
4 0
6 1
6 3
4 2
4 0
4 2
4 3
3 3
6 1
7 3
3 0
4 4
6 3
4 2
3 3
4 2
4 0
3 2
7 3
4 0
6 2
3 4
4 4
4 2
4 0
3 2
6 1
4 2
6 4
6 4
3 4
4 2
4 3
4 0
6 4
3 2
5 1
4 5
3 0
6 5
7 3
4 2
4 5
5 5
4 0
3 2
6 6
6 6
6 2
6 1
4 2
--- stderr ---
DBG hdr N=10 M=8 T=100 U=4 VMAX=1349 TIME_LIMIT=1.94 MAX_CAND=20 UCB_C=0.21
DBG t=0 used=0.02 remain=1.94 turn_time=0.0194 end_in=0.0194 depth=7 dec=0 cand_cap=20 cand=4->4 pick(must/top/rand)=3/1/0 sims=2164 loop=2160 best_avg=-0.339167 leader=2 inc2=1 attack_w=0.777092
DBG t=12 used=0.02 remain=1.7 turn_time=0.0193182 end_in=0.0193182 depth=7 dec=0 cand_cap=20 cand=10->10 pick(must/top/rand)=5/5/0 sims=1590 loop=1580 best_avg=-0.259866 leader=1 inc2=1 attack_w=0.25
DBG t=24 used=0.02 remain=1.456 turn_time=0.0191579 end_in=0.0191579 depth=7 dec=0 cand_cap=20 cand=19->19 pick(must/top/rand)=6/10/3 sims=1239 loop=1220 best_avg=-0.157139 leader=1 inc2=1 attack_w=0.25
DBG t=37 used=0.019 remain=1.196 turn_time=0.0189841 end_in=0.0189841 depth=10 dec=0 cand_cap=20 cand=22->20 pick(must/top/rand)=6/10/4 sims=900 loop=880 best_avg=-0.261621 leader=3 inc2=1 attack_w=0.25
DBG t=49 used=0.019 remain=0.968 turn_time=0.0189804 end_in=0.0189804 depth=10 dec=0 cand_cap=20 cand=22->20 pick(must/top/rand)=6/10/4 sims=964 loop=944 best_avg=-0.233981 leader=3 inc2=1 attack_w=0.25
DBG t=61 used=0.019 remain=0.74 turn_time=0.0189744 end_in=0.0189744 depth=10 dec=0 cand_cap=20 cand=26->20 pick(must/top/rand)=5/11/4 sims=964 loop=944 best_avg=-0.221273 leader=3 inc2=1 attack_w=0.25
DBG t=74 used=0.019 remain=0.493 turn_time=0.0189615 end_in=0.0189615 depth=11 dec=0 cand_cap=20 cand=25->20 pick(must/top/rand)=5/11/4 sims=852 loop=832 best_avg=-0.249272 leader=3 inc2=1 attack_w=0.25
DBG t=86 used=0.019 remain=0.265 turn_time=0.0189286 end_in=0.0189286 depth=11 dec=0 cand_cap=20 cand=28->20 pick(must/top/rand)=6/10/4 sims=852 loop=832 best_avg=-0.236873 leader=3 inc2=1 attack_w=0.25
DBG t=99 used=0.018 remain=0.018 turn_time=0.018 end_in=0.017 depth=0 dec=0 cand_cap=20 cand=27->20 pick(must/top/rand)=5/11/4 sims=14776 loop=14756 best_avg=-0.14293 leader=3 inc2=1 attack_w=0.25
DBG summary depth_safety_fired=0
Score = 125484

=== CASE 0124.txt ===
cmd=target/release/tester ./a.out
returncode=0 timed_out=0 elapsed_sec=1.956149
score=99378.0
--- stdout ---
7 4
7 3
7 3
7 3
7 3
8 3
7 4
7 4
8 3
7 2
8 2
7 4
7 2
7 4
7 2
7 4
7 3
8 2
8 2
8 2
7 4
8 2
6 2
7 2
6 1
6 2
7 5
5 2
5 1
4 1
4 1
5 1
8 4
4 1
7 2
3 1
7 2
8 3
3 2
6 2
3 2
3 3
7 2
5 2
7 4
7 2
7 4
3 3
3 3
3 4
7 4
3 4
6 2
7 2
4 4
7 2
7 4
7 2
7 2
4 4
7 2
5 2
6 1
7 3
2 1
7 2
4 4
2 1
4 1
7 2
4 1
5 1
4 1
8 4
8 4
7 2
8 4
9 2
9 2
7 2
9 2
7 3
5 2
7 2
8 3
8 2
7 2
7 2
8 3
5 1
6 3
7 3
6 2
5 2
3 1
4 1
5 2
3 1
3 1
7 3
--- stderr ---
DBG hdr N=10 M=8 T=100 U=5 VMAX=1767 TIME_LIMIT=1.94 MAX_CAND=20 UCB_C=0.21
DBG t=0 used=0.02 remain=1.94 turn_time=0.0194 end_in=0.0194 depth=7 dec=0 cand_cap=20 cand=5->5 pick(must/top/rand)=4/1/0 sims=2225 loop=2220 best_avg=-0.308838 leader=3 inc2=1 attack_w=0.15
DBG t=12 used=0.02 remain=1.7 turn_time=0.0193182 end_in=0.0193182 depth=7 dec=0 cand_cap=20 cand=12->12 pick(must/top/rand)=6/6/0 sims=1916 loop=1904 best_avg=-0.520591 leader=5 inc2=1 attack_w=1
DBG t=24 used=0.02 remain=1.457 turn_time=0.0191711 end_in=0.0191711 depth=7 dec=0 cand_cap=20 cand=15->15 pick(must/top/rand)=7/8/0 sims=1495 loop=1480 best_avg=-0.365974 leader=5 inc2=1 attack_w=0.549037
DBG t=37 used=0.02 remain=1.197 turn_time=0.019 end_in=0.019 depth=10 dec=0 cand_cap=20 cand=27->20 pick(must/top/rand)=6/10/4 sims=1080 loop=1060 best_avg=-0.334738 leader=5 inc2=1 attack_w=0.453947
DBG t=49 used=0.019 remain=0.968 turn_time=0.0189804 end_in=0.0189804 depth=10 dec=0 cand_cap=20 cand=33->20 pick(must/top/rand)=8/8/4 sims=980 loop=960 best_avg=-0.198199 leader=5 inc2=1 attack_w=0.25
DBG t=61 used=0.019 remain=0.74 turn_time=0.0189744 end_in=0.0189744 depth=10 dec=0 cand_cap=20 cand=32->20 pick(must/top/rand)=7/9/4 sims=972 loop=952 best_avg=-0.375021 leader=5 inc2=1 attack_w=0.587349
DBG t=74 used=0.019 remain=0.493 turn_time=0.0189615 end_in=0.0189615 depth=11 dec=0 cand_cap=20 cand=29->20 pick(must/top/rand)=7/9/4 sims=804 loop=784 best_avg=-0.424873 leader=5 inc2=1 attack_w=0.671454
DBG t=86 used=0.019 remain=0.265 turn_time=0.0189286 end_in=0.0189286 depth=11 dec=0 cand_cap=20 cand=26->20 pick(must/top/rand)=5/11/4 sims=1032 loop=1012 best_avg=-0.384796 leader=4 inc2=1 attack_w=0.599857
DBG t=99 used=0.018 remain=0.018 turn_time=0.018 end_in=0.017 depth=0 dec=0 cand_cap=20 cand=26->20 pick(must/top/rand)=5/11/4 sims=19712 loop=19692 best_avg=-0.458463 leader=4 inc2=1 attack_w=0.590868
DBG summary depth_safety_fired=0
Score = 99378

=== CASE 0125.txt ===
cmd=target/release/tester ./a.out
returncode=0 timed_out=0 elapsed_sec=1.955832
score=203634.0
--- stdout ---
9 1
9 0
9 0
8 0
8 0
7 0
7 1
7 1
7 2
6 1
7 2
6 1
5 1
7 2
5 0
6 2
5 1
4 1
5 0
4 0
7 1
5 0
3 0
5 1
6 2
6 2
5 2
7 2
5 0
4 1
5 0
4 1
5 2
6 2
8 2
6 0
4 0
4 2
7 3
3 1
4 0
4 0
7 2
4 2
7 4
3 1
4 2
4 3
4 3
3 2
4 3
5 3
4 3
4 2
4 3
3 0
3 1
3 3
2 0
1 0
3 2
3 4
3 5
5 4
2 3
3 1
3 4
4 5
3 6
2 0
3 2
4 4
2 3
1 0
1 1
3 5
4 5
3 6
2 3
4 5
2 0
3 6
2 3
2 5
8 4
8 5
1 5
1 6
1 6
7 4
3 0
1 6
7 4
0 6
0 7
0 7
2 6
2 7
1 7
2 7
--- stderr ---
DBG hdr N=10 M=5 T=100 U=2 VMAX=1268 TIME_LIMIT=1.94 MAX_CAND=20 UCB_C=0.21
DBG t=0 used=0.02 remain=1.94 turn_time=0.0194 end_in=0.0194 depth=7 dec=0 cand_cap=20 cand=4->4 pick(must/top/rand)=3/1/0 sims=2996 loop=2992 best_avg=-0.446471 leader=4 inc2=1 attack_w=0.15
DBG t=12 used=0.02 remain=1.7 turn_time=0.0193182 end_in=0.0193182 depth=7 dec=0 cand_cap=20 cand=13->13 pick(must/top/rand)=4/9/0 sims=2649 loop=2636 best_avg=-0.139182 leader=2 inc2=0 attack_w=0.25
DBG t=24 used=0.02 remain=1.455 turn_time=0.0191447 end_in=0.0191447 depth=7 dec=0 cand_cap=20 cand=18->18 pick(must/top/rand)=7/9/2 sims=2846 loop=2828 best_avg=0.0479927 leader=2 inc2=0 attack_w=0.25
DBG t=37 used=0.019 remain=1.196 turn_time=0.0189841 end_in=0.0189841 depth=10 dec=0 cand_cap=20 cand=22->20 pick(must/top/rand)=5/11/4 sims=1456 loop=1436 best_avg=0.454433 leader=3 inc2=0 attack_w=0.25
DBG t=49 used=0.019 remain=0.968 turn_time=0.0189804 end_in=0.0189804 depth=10 dec=0 cand_cap=20 cand=30->20 pick(must/top/rand)=7/9/4 sims=1484 loop=1464 best_avg=0.714224 leader=3 inc2=0 attack_w=0.25
DBG t=61 used=0.019 remain=0.74 turn_time=0.0189744 end_in=0.0189744 depth=10 dec=0 cand_cap=20 cand=38->20 pick(must/top/rand)=6/10/4 sims=1180 loop=1160 best_avg=0.488338 leader=1 inc2=1 attack_w=0.25
DBG t=74 used=0.019 remain=0.493 turn_time=0.0189615 end_in=0.0189615 depth=11 dec=0 cand_cap=20 cand=45->20 pick(must/top/rand)=7/9/4 sims=940 loop=920 best_avg=0.493715 leader=4 inc2=1 attack_w=0.25
DBG t=86 used=0.019 remain=0.265 turn_time=0.0189286 end_in=0.0189286 depth=11 dec=0 cand_cap=20 cand=50->20 pick(must/top/rand)=8/8/4 sims=1060 loop=1040 best_avg=0.422557 leader=2 inc2=0 attack_w=0.25
DBG t=99 used=0.018 remain=0.018 turn_time=0.018 end_in=0.017 depth=0 dec=0 cand_cap=20 cand=15->15 pick(must/top/rand)=6/9/0 sims=26263 loop=26248 best_avg=0.411935 leader=3 inc2=1 attack_w=0.25
DBG summary depth_safety_fired=0
Score = 203634

=== CASE 0127.txt ===
cmd=target/release/tester ./a.out
returncode=0 timed_out=0 elapsed_sec=1.953429
score=374436.0
--- stdout ---
7 4
8 5
8 3
7 5
9 5
7 6
8 2
8 6
7 7
6 5
6 5
6 5
9 3
7 8
6 7
5 7
5 6
6 8
8 3
8 8
7 9
9 8
9 7
4 6
4 5
4 4
4 3
5 3
5 2
6 2
5 1
3 4
4 1
4 2
6 1
3 1
7 1
3 2
3 3
3 0
3 5
2 4
2 5
6 3
8 1
7 2
9 4
2 1
2 0
4 5
1 0
7 0
8 0
9 2
9 4
2 6
5 6
5 4
5 7
5 8
5 5
9 6
9 5
5 0
8 7
9 9
6 7
5 4
4 4
4 7
9 4
3 6
6 9
5 4
6 6
8 7
9 3
3 7
7 7
5 9
6 4
8 7
5 5
5 4
6 5
9 7
9 3
1 4
9 6
7 3
9 4
8 4
9 5
8 6
8 5
7 6
5 6
6 7
6 6
5 5
--- stderr ---
DBG hdr N=10 M=4 T=100 U=1 VMAX=1630 TIME_LIMIT=1.94 MAX_CAND=20 UCB_C=0.21
DBG t=0 used=0.02 remain=1.94 turn_time=0.0194 end_in=0.0194 depth=7 dec=0 cand_cap=20 cand=5->5 pick(must/top/rand)=3/2/0 sims=3253 loop=3248 best_avg=-0.736027 leader=3 inc2=0 attack_w=0.220065
DBG t=12 used=0.02 remain=1.7 turn_time=0.0193182 end_in=0.0193182 depth=7 dec=0 cand_cap=20 cand=23->20 pick(must/top/rand)=7/9/4 sims=2536 loop=2516 best_avg=-0.89475 leader=3 inc2=1 attack_w=0.25
DBG t=24 used=0.02 remain=1.46 turn_time=0.0192105 end_in=0.0192105 depth=7 dec=0 cand_cap=20 cand=23->20 pick(must/top/rand)=6/10/4 sims=2244 loop=2224 best_avg=-0.740882 leader=1 inc2=0 attack_w=0.382505
DBG t=37 used=0.02 remain=1.2 turn_time=0.0190476 end_in=0.0190476 depth=10 dec=0 cand_cap=20 cand=27->20 pick(must/top/rand)=7/9/4 sims=1448 loop=1428 best_avg=-0.0306696 leader=1 inc2=1 attack_w=0.25
DBG t=49 used=0.019 remain=0.968 turn_time=0.0189804 end_in=0.0189804 depth=10 dec=0 cand_cap=20 cand=47->20 pick(must/top/rand)=6/10/4 sims=1196 loop=1176 best_avg=0.502238 leader=2 inc2=0 attack_w=0.25
DBG t=61 used=0.019 remain=0.74 turn_time=0.0189744 end_in=0.0189744 depth=10 dec=0 cand_cap=20 cand=74->20 pick(must/top/rand)=7/9/4 sims=1024 loop=1004 best_avg=0.788889 leader=2 inc2=0 attack_w=0.25
DBG t=74 used=0.019 remain=0.493 turn_time=0.0189615 end_in=0.0189615 depth=11 dec=0 cand_cap=20 cand=75->20 pick(must/top/rand)=6/10/4 sims=844 loop=824 best_avg=1.07648 leader=3 inc2=0 attack_w=0.25
DBG t=86 used=0.019 remain=0.265 turn_time=0.0189286 end_in=0.0189286 depth=11 dec=0 cand_cap=20 cand=77->20 pick(must/top/rand)=7/9/4 sims=812 loop=792 best_avg=1.02243 leader=2 inc2=0 attack_w=0.25
DBG t=99 used=0.018 remain=0.018 turn_time=0.018 end_in=0.017 depth=0 dec=0 cand_cap=20 cand=81->20 pick(must/top/rand)=7/9/4 sims=41928 loop=41908 best_avg=1.66635 leader=2 inc2=0 attack_w=0.25
DBG summary depth_safety_fired=0
Score = 374436

=== CASE 0126.txt ===
cmd=target/release/tester ./a.out
returncode=0 timed_out=0 elapsed_sec=1.954969
score=351063.0
--- stdout ---
3 5
4 5
4 5
4 6
4 6
4 7
5 6
4 8
5 6
4 7
4 8
4 4
4 4
3 6
5 5
5 5
4 3
4 3
4 3
4 3
6 5
4 3
5 4
6 5
5 4
4 2
6 6
4 4
5 4
5 3
4 4
5 2
4 3
5 4
4 3
4 2
5 4
3 7
5 7
5 4
5 3
5 3
4 3
3 6
5 3
7 5
4 3
4 9
5 3
5 2
4 3
5 2
5 1
4 3
4 3
5 2
5 1
4 3
4 3
5 2
6 2
4 3
4 3
5 2
6 2
4 3
7 2
5 2
7 2
4 3
4 2
5 2
4 2
4 2
4 3
7 1
4 2
5 1
7 1
4 2
5 0
4 0
4 1
5 1
4 1
5 2
4 1
4 4
4 2
4 3
4 2
5 3
5 1
4 2
3 8
5 3
2 7
4 2
2 6
2 6
--- stderr ---
DBG hdr N=10 M=2 T=100 U=2 VMAX=2406 TIME_LIMIT=1.94 MAX_CAND=20 UCB_C=0.21
DBG t=0 used=0.02 remain=1.94 turn_time=0.0194 end_in=0.0194 depth=7 dec=0 cand_cap=20 cand=5->5 pick(must/top/rand)=3/2/0 sims=6049 loop=6044 best_avg=-1.72727 leader=1 inc2=1 attack_w=0.15
DBG t=12 used=0.02 remain=1.7 turn_time=0.0193182 end_in=0.0193182 depth=7 dec=0 cand_cap=20 cand=19->19 pick(must/top/rand)=3/13/3 sims=4067 loop=4048 best_avg=-2.19812 leader=1 inc2=1 attack_w=0.25
DBG t=24 used=0.02 remain=1.46 turn_time=0.0192105 end_in=0.0192105 depth=7 dec=0 cand_cap=20 cand=25->20 pick(must/top/rand)=6/10/4 sims=3584 loop=3564 best_avg=-2.18481 leader=1 inc2=1 attack_w=0.25
DBG t=37 used=0.02 remain=1.2 turn_time=0.0190476 end_in=0.0190476 depth=10 dec=0 cand_cap=20 cand=30->20 pick(must/top/rand)=6/10/4 sims=2080 loop=2060 best_avg=-1.97601 leader=1 inc2=1 attack_w=0.25
DBG t=49 used=0.019 remain=0.968 turn_time=0.0189804 end_in=0.0189804 depth=10 dec=0 cand_cap=20 cand=34->20 pick(must/top/rand)=5/11/4 sims=1852 loop=1832 best_avg=-1.81856 leader=1 inc2=1 attack_w=0.25
DBG t=61 used=0.019 remain=0.74 turn_time=0.0189744 end_in=0.0189744 depth=10 dec=0 cand_cap=20 cand=39->20 pick(must/top/rand)=6/10/4 sims=2092 loop=2072 best_avg=-1.59659 leader=1 inc2=1 attack_w=0.25
DBG t=74 used=0.019 remain=0.493 turn_time=0.0189615 end_in=0.0189615 depth=11 dec=0 cand_cap=20 cand=43->20 pick(must/top/rand)=6/10/4 sims=1632 loop=1612 best_avg=-1.3741 leader=1 inc2=1 attack_w=0.25
DBG t=86 used=0.019 remain=0.265 turn_time=0.0189286 end_in=0.0189286 depth=11 dec=0 cand_cap=20 cand=48->20 pick(must/top/rand)=6/10/4 sims=1584 loop=1564 best_avg=-1.37032 leader=1 inc2=1 attack_w=0.25
DBG t=99 used=0.018 remain=0.018 turn_time=0.018 end_in=0.017 depth=0 dec=0 cand_cap=20 cand=46->20 pick(must/top/rand)=3/13/4 sims=70160 loop=70140 best_avg=-0.257716 leader=1 inc2=1 attack_w=0.25
DBG summary depth_safety_fired=0
Score = 351063

=== CASE 0128.txt ===
cmd=target/release/tester ./a.out
returncode=0 timed_out=0 elapsed_sec=1.952277
score=98534.0
--- stdout ---
6 4
5 3
6 5
6 6
4 3
7 5
8 5
6 7
5 5
4 4
6 5
7 5
7 5
7 6
8 5
8 6
8 5
8 5
8 6
8 5
8 7
8 7
8 7
8 6
8 6
7 5
7 5
8 6
6 6
8 7
7 6
7 7
7 8
5 6
4 2
7 6
7 8
5 3
5 5
3 3
7 5
8 7
5 3
7 8
5 6
7 4
8 6
5 3
9 6
4 5
5 3
6 4
6 4
5 2
5 1
2 3
4 2
4 4
3 4
9 6
4 1
5 2
5 0
6 5
4 3
4 2
6 3
9 6
7 4
5 0
9 5
5 2
7 4
4 3
9 6
4 5
3 4
9 5
9 6
6 3
2 4
4 3
7 4
6 8
5 8
9 6
7 6
4 6
6 7
6 2
9 6
9 6
9 6
7 6
4 2
4 0
9 6
6 4
9 6
8 5
--- stderr ---
DBG hdr N=10 M=3 T=100 U=5 VMAX=1385 TIME_LIMIT=1.94 MAX_CAND=20 UCB_C=0.21
DBG t=0 used=0.02 remain=1.94 turn_time=0.0194 end_in=0.0194 depth=7 dec=0 cand_cap=20 cand=5->5 pick(must/top/rand)=3/2/0 sims=4985 loop=4980 best_avg=-1.12754 leader=1 inc2=1 attack_w=0.15
DBG t=12 used=0.02 remain=1.7 turn_time=0.0193182 end_in=0.0193182 depth=7 dec=0 cand_cap=20 cand=25->20 pick(must/top/rand)=7/9/4 sims=3400 loop=3380 best_avg=-1.21869 leader=2 inc2=1 attack_w=0.25
DBG t=24 used=0.02 remain=1.46 turn_time=0.0192105 end_in=0.0192105 depth=7 dec=0 cand_cap=20 cand=29->20 pick(must/top/rand)=9/7/4 sims=3024 loop=3004 best_avg=-1.24105 leader=2 inc2=1 attack_w=0.25
DBG t=37 used=0.02 remain=1.2 turn_time=0.0190476 end_in=0.0190476 depth=10 dec=0 cand_cap=20 cand=35->20 pick(must/top/rand)=9/7/4 sims=1532 loop=1512 best_avg=-1.25112 leader=2 inc2=1 attack_w=0.25
DBG t=49 used=0.019 remain=0.968 turn_time=0.0189804 end_in=0.0189804 depth=10 dec=0 cand_cap=20 cand=37->20 pick(must/top/rand)=9/7/4 sims=1364 loop=1344 best_avg=-1.36989 leader=2 inc2=1 attack_w=0.25
DBG t=61 used=0.019 remain=0.74 turn_time=0.0189744 end_in=0.0189744 depth=10 dec=0 cand_cap=20 cand=43->20 pick(must/top/rand)=9/7/4 sims=1296 loop=1276 best_avg=-1.48008 leader=2 inc2=1 attack_w=0.25
DBG t=74 used=0.019 remain=0.493 turn_time=0.0189615 end_in=0.0189615 depth=11 dec=0 cand_cap=20 cand=38->20 pick(must/top/rand)=9/7/4 sims=1168 loop=1148 best_avg=-1.68762 leader=2 inc2=1 attack_w=0.25
DBG t=86 used=0.019 remain=0.265 turn_time=0.0189286 end_in=0.0189286 depth=11 dec=0 cand_cap=20 cand=34->20 pick(must/top/rand)=7/9/4 sims=1352 loop=1332 best_avg=-1.76916 leader=2 inc2=1 attack_w=0.425977
DBG t=99 used=0.018 remain=0.018 turn_time=0.018 end_in=0.017 depth=0 dec=0 cand_cap=20 cand=40->20 pick(must/top/rand)=7/9/4 sims=21076 loop=21056 best_avg=-1.71055 leader=2 inc2=1 attack_w=0.635581
DBG summary depth_safety_fired=0
Score = 98534

=== CASE 0129.txt ===
cmd=target/release/tester ./a.out
returncode=0 timed_out=0 elapsed_sec=1.952365
score=85162.0
--- stdout ---
3 8
3 9
3 9
3 7
3 7
3 6
3 5
3 6
3 4
3 3
3 3
2 5
3 4
3 2
3 1
4 1
2 3
5 1
5 0
5 0
6 1
5 1
6 0
7 0
6 1
7 1
7 1
7 1
8 1
6 1
7 0
8 1
8 1
9 1
8 1
7 0
7 0
8 0
8 2
9 1
8 2
9 1
9 0
8 0
6 0
8 0
9 2
9 2
9 2
9 2
9 2
9 0
9 2
7 0
9 3
9 2
7 0
9 3
6 1
7 1
9 2
8 2
6 0
6 1
9 3
9 3
8 1
6 0
7 1
9 2
9 3
8 2
8 1
9 3
7 0
6 0
9 2
9 3
9 3
7 0
6 0
9 2
9 3
8 1
9 2
9 3
6 1
7 1
6 0
7 1
9 2
9 3
8 1
5 0
9 2
9 3
9 3
8 1
9 3
9 2
--- stderr ---
DBG hdr N=10 M=4 T=100 U=2 VMAX=2828 TIME_LIMIT=1.94 MAX_CAND=20 UCB_C=0.21
DBG t=0 used=0.02 remain=1.94 turn_time=0.0194 end_in=0.0194 depth=7 dec=0 cand_cap=20 cand=5->5 pick(must/top/rand)=3/2/0 sims=3653 loop=3648 best_avg=-1.93536 leader=2 inc2=1 attack_w=1
DBG t=12 used=0.02 remain=1.7 turn_time=0.0193182 end_in=0.0193182 depth=7 dec=0 cand_cap=20 cand=24->20 pick(must/top/rand)=4/12/4 sims=2360 loop=2340 best_avg=-1.41022 leader=2 inc2=0 attack_w=1
DBG t=24 used=0.02 remain=1.46 turn_time=0.0192105 end_in=0.0192105 depth=7 dec=0 cand_cap=20 cand=40->20 pick(must/top/rand)=6/10/4 sims=1892 loop=1872 best_avg=-1.02681 leader=2 inc2=0 attack_w=0.761403
DBG t=37 used=0.02 remain=1.2 turn_time=0.0190476 end_in=0.0190476 depth=10 dec=0 cand_cap=20 cand=8->8 pick(must/top/rand)=5/3/0 sims=1612 loop=1604 best_avg=-1.06729 leader=1 inc2=1 attack_w=0.422047
DBG t=49 used=0.019 remain=0.968 turn_time=0.0189804 end_in=0.0189804 depth=10 dec=0 cand_cap=20 cand=10->10 pick(must/top/rand)=3/7/0 sims=1494 loop=1484 best_avg=-1.18581 leader=1 inc2=0 attack_w=0.969682
DBG t=61 used=0.019 remain=0.74 turn_time=0.0189744 end_in=0.0189744 depth=10 dec=0 cand_cap=20 cand=10->10 pick(must/top/rand)=4/6/0 sims=1366 loop=1356 best_avg=-1.16405 leader=1 inc2=1 attack_w=0.274495
DBG t=74 used=0.019 remain=0.493 turn_time=0.0189615 end_in=0.0189615 depth=11 dec=0 cand_cap=20 cand=10->10 pick(must/top/rand)=3/7/0 sims=1106 loop=1096 best_avg=-1.34158 leader=1 inc2=1 attack_w=0.277926
DBG t=86 used=0.019 remain=0.265 turn_time=0.0189286 end_in=0.0189286 depth=11 dec=0 cand_cap=20 cand=11->11 pick(must/top/rand)=4/7/0 sims=999 loop=988 best_avg=-1.49361 leader=3 inc2=1 attack_w=1
DBG t=99 used=0.018 remain=0.018 turn_time=0.018 end_in=0.017 depth=0 dec=0 cand_cap=20 cand=12->12 pick(must/top/rand)=4/8/0 sims=18536 loop=18524 best_avg=-1.29535 leader=3 inc2=1 attack_w=1
DBG summary depth_safety_fired=0
Score = 85162

=== CASE 0130.txt ===
cmd=target/release/tester ./a.out
returncode=0 timed_out=0 elapsed_sec=1.951271
score=128170.0
--- stdout ---
4 2
5 2
3 2
3 2
3 1
5 2
3 3
5 1
4 2
3 3
6 1
5 3
5 3
2 3
5 1
3 2
4 2
6 1
3 2
4 1
6 2
6 2
6 3
6 1
6 2
5 0
7 1
6 2
6 3
5 0
7 1
6 4
6 5
5 5
6 3
5 4
4 5
6 5
6 1
6 3
6 2
4 5
6 2
5 6
5 1
6 2
5 6
3 5
5 4
5 7
2 5
5 1
5 6
2 5
6 2
1 5
2 5
3 5
8 1
2 5
5 4
5 6
7 4
8 4
8 4
7 5
8 3
9 3
5 6
8 4
5 7
5 7
9 3
8 4
5 2
8 5
9 2
5 6
6 2
7 5
5 6
5 6
5 6
8 4
5 7
8 5
5 7
5 6
8 5
5 7
7 6
8 3
5 7
9 2
5 8
5 7
4 7
4 7
5 8
5 8
--- stderr ---
DBG hdr N=10 M=6 T=100 U=2 VMAX=1824 TIME_LIMIT=1.94 MAX_CAND=20 UCB_C=0.21
DBG t=0 used=0.02 remain=1.94 turn_time=0.0194 end_in=0.0194 depth=7 dec=0 cand_cap=20 cand=3->3 pick(must/top/rand)=3/0/0 sims=2955 loop=2952 best_avg=-1.36097 leader=5 inc2=1 attack_w=0.725313
DBG t=12 used=0.02 remain=1.7 turn_time=0.0193182 end_in=0.0193182 depth=7 dec=0 cand_cap=20 cand=16->16 pick(must/top/rand)=6/10/0 sims=2132 loop=2116 best_avg=-1.51264 leader=5 inc2=1 attack_w=1
DBG t=24 used=0.02 remain=1.46 turn_time=0.0192105 end_in=0.0192105 depth=7 dec=0 cand_cap=20 cand=18->18 pick(must/top/rand)=7/9/2 sims=1598 loop=1580 best_avg=-1.22756 leader=5 inc2=1 attack_w=1
DBG t=37 used=0.02 remain=1.2 turn_time=0.0190476 end_in=0.0190476 depth=10 dec=0 cand_cap=20 cand=28->20 pick(must/top/rand)=9/7/4 sims=1012 loop=992 best_avg=-1.08542 leader=3 inc2=1 attack_w=1
DBG t=49 used=0.019 remain=0.968 turn_time=0.0189804 end_in=0.0189804 depth=10 dec=0 cand_cap=20 cand=32->20 pick(must/top/rand)=8/8/4 sims=1016 loop=996 best_avg=-0.566558 leader=4 inc2=1 attack_w=0.465782
DBG t=61 used=0.019 remain=0.74 turn_time=0.0189744 end_in=0.0189744 depth=10 dec=0 cand_cap=20 cand=35->20 pick(must/top/rand)=9/7/4 sims=872 loop=852 best_avg=-0.583237 leader=3 inc2=1 attack_w=0.500615
DBG t=74 used=0.019 remain=0.493 turn_time=0.0189615 end_in=0.0189615 depth=11 dec=0 cand_cap=20 cand=40->20 pick(must/top/rand)=9/7/4 sims=792 loop=772 best_avg=-0.458607 leader=3 inc2=1 attack_w=0.609844
DBG t=86 used=0.019 remain=0.265 turn_time=0.0189286 end_in=0.0189286 depth=11 dec=0 cand_cap=20 cand=42->20 pick(must/top/rand)=9/7/4 sims=820 loop=800 best_avg=-0.207691 leader=3 inc2=1 attack_w=0.25
DBG t=99 used=0.018 remain=0.018 turn_time=0.018 end_in=0.017 depth=0 dec=0 cand_cap=20 cand=46->20 pick(must/top/rand)=9/7/4 sims=21440 loop=21420 best_avg=-0.126171 leader=3 inc2=1 attack_w=0.25
DBG summary depth_safety_fired=0
Score = 128170

=== CASE 0131.txt ===
cmd=target/release/tester ./a.out
returncode=0 timed_out=0 elapsed_sec=1.952034
score=227519.0
--- stdout ---
0 3
0 2
1 4
0 1
2 4
2 3
3 3
2 5
4 3
3 5
0 5
0 0
1 5
4 4
3 4
4 3
4 5
5 3
6 3
5 2
7 3
1 6
2 6
7 2
5 4
6 2
3 6
1 1
8 3
8 2
8 1
9 3
1 7
7 1
0 6
7 0
6 0
2 7
1 7
0 7
1 8
1 3
2 3
1 9
0 9
3 7
1 4
3 8
2 4
2 4
2 3
1 4
2 8
2 9
0 8
4 8
5 8
6 8
7 8
8 8
7 7
7 9
5 9
9 8
9 7
8 9
4 9
8 7
7 6
9 9
6 9
3 9
1 4
4 8
0 4
2 7
2 6
4 7
1 3
6 6
0 2
6 7
0 1
1 7
7 5
8 6
2 6
4 7
3 8
2 3
2 7
2 2
2 2
3 8
4 7
3 9
5 7
5 6
9 6
2 5
--- stderr ---
DBG hdr N=10 M=5 T=100 U=1 VMAX=1033 TIME_LIMIT=1.94 MAX_CAND=20 UCB_C=0.21
DBG t=0 used=0.02 remain=1.94 turn_time=0.0194 end_in=0.0194 depth=7 dec=0 cand_cap=20 cand=4->4 pick(must/top/rand)=3/1/0 sims=3068 loop=3064 best_avg=-0.82916 leader=1 inc2=1 attack_w=0.323003
DBG t=12 used=0.02 remain=1.7 turn_time=0.0193182 end_in=0.0193182 depth=7 dec=0 cand_cap=20 cand=27->20 pick(must/top/rand)=3/13/4 sims=1772 loop=1752 best_avg=-0.618471 leader=2 inc2=0 attack_w=0.310791
DBG t=24 used=0.02 remain=1.46 turn_time=0.0192105 end_in=0.0192105 depth=7 dec=0 cand_cap=20 cand=44->20 pick(must/top/rand)=7/9/4 sims=1200 loop=1180 best_avg=-0.42841 leader=2 inc2=1 attack_w=0.25
DBG t=37 used=0.02 remain=1.2 turn_time=0.0190476 end_in=0.0190476 depth=10 dec=0 cand_cap=20 cand=53->20 pick(must/top/rand)=5/11/4 sims=940 loop=920 best_avg=-0.396519 leader=2 inc2=1 attack_w=0.25
DBG t=49 used=0.019 remain=0.968 turn_time=0.0189804 end_in=0.0189804 depth=10 dec=0 cand_cap=20 cand=28->20 pick(must/top/rand)=5/11/4 sims=900 loop=880 best_avg=-0.577217 leader=1 inc2=1 attack_w=0.25
DBG t=61 used=0.019 remain=0.74 turn_time=0.0189744 end_in=0.0189744 depth=10 dec=0 cand_cap=20 cand=15->15 pick(must/top/rand)=3/12/0 sims=1063 loop=1048 best_avg=-0.176565 leader=1 inc2=1 attack_w=0.25
DBG t=74 used=0.019 remain=0.493 turn_time=0.0189615 end_in=0.0189615 depth=11 dec=0 cand_cap=20 cand=46->20 pick(must/top/rand)=3/13/4 sims=884 loop=864 best_avg=0.13041 leader=1 inc2=0 attack_w=0.25
DBG t=86 used=0.019 remain=0.265 turn_time=0.0189286 end_in=0.0189286 depth=11 dec=0 cand_cap=20 cand=49->20 pick(must/top/rand)=5/11/4 sims=796 loop=776 best_avg=0.268176 leader=4 inc2=1 attack_w=0.25
DBG t=99 used=0.018 remain=0.018 turn_time=0.018 end_in=0.017 depth=0 dec=0 cand_cap=20 cand=60->20 pick(must/top/rand)=5/11/4 sims=27452 loop=27432 best_avg=0.598867 leader=1 inc2=1 attack_w=0.25
DBG summary depth_safety_fired=0
Score = 227519

=== CASE 0133.txt ===
cmd=target/release/tester ./a.out
returncode=0 timed_out=0 elapsed_sec=1.953298
score=103783.0
--- stdout ---
9 5
9 5
8 5
9 4
8 4
8 5
8 4
9 4
8 4
8 5
8 6
8 6
8 6
8 4
8 3
8 4
9 6
9 7
9 8
9 8
9 8
9 7
7 4
7 5
9 7
8 8
8 8
9 4
8 9
8 9
9 9
7 6
7 6
8 9
7 5
6 5
8 7
6 5
6 5
7 9
7 9
8 7
6 9
7 5
7 9
7 6
7 8
5 9
5 9
5 9
8 8
6 8
6 8
8 7
6 5
4 9
6 5
4 9
4 9
7 8
5 8
6 6
6 6
6 6
7 8
6 6
6 6
7 7
5 8
7 7
7 7
8 4
6 5
8 4
5 8
9 4
8 4
7 4
5 7
4 7
8 4
6 5
5 7
5 8
6 8
8 4
4 7
6 6
5 7
9 3
9 3
9 3
4 7
9 3
9 3
7 4
7 3
9 3
8 4
9 3
--- stderr ---
DBG hdr N=10 M=7 T=100 U=3 VMAX=1854 TIME_LIMIT=1.94 MAX_CAND=20 UCB_C=0.21
DBG t=0 used=0.02 remain=1.94 turn_time=0.0194 end_in=0.0194 depth=7 dec=0 cand_cap=20 cand=4->4 pick(must/top/rand)=3/1/0 sims=2604 loop=2600 best_avg=-0.652661 leader=3 inc2=1 attack_w=0.824
DBG t=12 used=0.02 remain=1.7 turn_time=0.0193182 end_in=0.0193182 depth=7 dec=0 cand_cap=20 cand=12->12 pick(must/top/rand)=5/7/0 sims=1852 loop=1840 best_avg=-0.465259 leader=4 inc2=1 attack_w=0.310833
DBG t=24 used=0.02 remain=1.46 turn_time=0.0192105 end_in=0.0192105 depth=7 dec=0 cand_cap=20 cand=17->17 pick(must/top/rand)=5/11/1 sims=1705 loop=1688 best_avg=-0.636518 leader=4 inc2=1 attack_w=0.923739
DBG t=37 used=0.02 remain=1.2 turn_time=0.0190476 end_in=0.0190476 depth=10 dec=0 cand_cap=20 cand=22->20 pick(must/top/rand)=7/9/4 sims=1012 loop=992 best_avg=-0.723244 leader=6 inc2=1 attack_w=1
DBG t=49 used=0.019 remain=0.968 turn_time=0.0189804 end_in=0.0189804 depth=10 dec=0 cand_cap=20 cand=26->20 pick(must/top/rand)=6/10/4 sims=1004 loop=984 best_avg=-0.731099 leader=6 inc2=1 attack_w=1
DBG t=61 used=0.019 remain=0.74 turn_time=0.0189744 end_in=0.0189744 depth=10 dec=0 cand_cap=20 cand=31->20 pick(must/top/rand)=4/12/4 sims=988 loop=968 best_avg=-0.672578 leader=6 inc2=1 attack_w=1
DBG t=74 used=0.019 remain=0.493 turn_time=0.0189615 end_in=0.0189615 depth=11 dec=0 cand_cap=20 cand=33->20 pick(must/top/rand)=5/11/4 sims=832 loop=812 best_avg=-0.616722 leader=6 inc2=1 attack_w=0.720748
DBG t=86 used=0.019 remain=0.265 turn_time=0.0189286 end_in=0.0189286 depth=11 dec=0 cand_cap=20 cand=36->20 pick(must/top/rand)=5/11/4 sims=912 loop=892 best_avg=-0.640698 leader=6 inc2=1 attack_w=0.85683
DBG t=99 used=0.018 remain=0.018 turn_time=0.018 end_in=0.017 depth=0 dec=0 cand_cap=20 cand=36->20 pick(must/top/rand)=5/11/4 sims=18216 loop=18196 best_avg=-0.541111 leader=6 inc2=1 attack_w=0.585257
DBG summary depth_safety_fired=0
Score = 103783

=== CASE 0132.txt ===
cmd=target/release/tester ./a.out
returncode=0 timed_out=0 elapsed_sec=1.954929
score=102046.0
--- stdout ---
9 1
9 1
9 1
8 1
9 0
9 0
9 1
8 0
9 1
8 0
9 2
9 1
9 2
8 2
8 3
7 3
9 1
6 3
5 3
9 1
5 2
4 3
3 3
2 3
2 3
2 3
3 3
3 2
3 3
4 3
1 3
1 3
1 4
4 3
1 2
1 4
4 3
3 2
5 3
2 3
2 4
3 2
6 3
5 3
8 4
8 2
6 3
8 3
8 3
6 3
5 2
8 5
6 3
8 2
9 0
7 3
5 2
5 1
4 2
4 2
3 2
2 4
2 5
3 4
2 3
1 5
1 5
3 2
3 3
2 4
3 4
1 4
1 4
1 4
3 5
4 4
3 4
1 3
2 4
2 3
4 4
3 2
4 4
3 1
2 3
4 4
2 5
2 3
4 2
4 1
4 1
5 2
5 2
5 1
5 1
4 2
4 2
3 2
1 3
4 2
--- stderr ---
DBG hdr N=10 M=5 T=100 U=3 VMAX=2576 TIME_LIMIT=1.94 MAX_CAND=20 UCB_C=0.21
DBG t=0 used=0.02 remain=1.94 turn_time=0.0194 end_in=0.0194 depth=7 dec=0 cand_cap=20 cand=4->4 pick(must/top/rand)=3/1/0 sims=3276 loop=3272 best_avg=-1.2749 leader=4 inc2=1 attack_w=1
DBG t=12 used=0.02 remain=1.7 turn_time=0.0193182 end_in=0.0193182 depth=7 dec=0 cand_cap=20 cand=7->7 pick(must/top/rand)=4/3/0 sims=2495 loop=2488 best_avg=-1.39947 leader=4 inc2=1 attack_w=1
DBG t=24 used=0.02 remain=1.46 turn_time=0.0192105 end_in=0.0192105 depth=7 dec=0 cand_cap=20 cand=28->20 pick(must/top/rand)=9/7/4 sims=2016 loop=1996 best_avg=-1.14591 leader=4 inc2=1 attack_w=1
DBG t=37 used=0.02 remain=1.2 turn_time=0.0190476 end_in=0.0190476 depth=10 dec=0 cand_cap=20 cand=31->20 pick(must/top/rand)=7/9/4 sims=1220 loop=1200 best_avg=-1.12892 leader=3 inc2=1 attack_w=1
DBG t=49 used=0.019 remain=0.968 turn_time=0.0189804 end_in=0.0189804 depth=10 dec=0 cand_cap=20 cand=20->20 pick(must/top/rand)=6/10/4 sims=1216 loop=1196 best_avg=-1.18676 leader=4 inc2=1 attack_w=1
DBG t=61 used=0.019 remain=0.74 turn_time=0.0189744 end_in=0.0189744 depth=10 dec=0 cand_cap=20 cand=10->10 pick(must/top/rand)=7/3/0 sims=1766 loop=1756 best_avg=-1.03056 leader=3 inc2=1 attack_w=1
DBG t=74 used=0.019 remain=0.493 turn_time=0.0189615 end_in=0.0189615 depth=11 dec=0 cand_cap=20 cand=11->11 pick(must/top/rand)=4/7/0 sims=1611 loop=1600 best_avg=-0.918164 leader=3 inc2=0 attack_w=1
DBG t=86 used=0.019 remain=0.265 turn_time=0.0189286 end_in=0.0189286 depth=11 dec=0 cand_cap=20 cand=19->19 pick(must/top/rand)=6/10/3 sims=1279 loop=1260 best_avg=-0.731653 leader=3 inc2=1 attack_w=0.995339
DBG t=99 used=0.018 remain=0.018 turn_time=0.018 end_in=0.017 depth=0 dec=0 cand_cap=20 cand=44->20 pick(must/top/rand)=8/8/4 sims=31460 loop=31440 best_avg=-0.774062 leader=1 inc2=1 attack_w=0.553388
DBG summary depth_safety_fired=0
Score = 102046

=== CASE 0134.txt ===
cmd=target/release/tester ./a.out
returncode=0 timed_out=0 elapsed_sec=1.952584
score=148727.0
--- stdout ---
8 9
7 9
7 9
7 9
6 9
6 9
6 9
6 8
6 8
6 8
7 8
5 9
6 7
6 6
7 6
5 9
5 9
6 5
8 6
9 6
9 6
9 6
8 7
6 5
5 9
6 5
5 6
5 6
5 8
9 5
9 5
9 5
9 4
5 8
5 6
8 4
8 4
5 5
7 5
8 4
8 8
6 6
6 4
9 7
8 6
7 6
7 6
5 9
5 7
6 3
9 8
5 7
7 3
5 9
8 4
6 7
8 3
8 4
7 5
5 9
5 9
5 4
8 6
6 3
6 3
9 5
5 4
9 4
8 7
5 4
9 5
9 4
9 4
5 8
8 5
9 4
5 7
9 4
6 6
4 5
7 5
7 3
4 9
5 5
7 3
5 8
9 3
7 2
7 1
7 0
8 1
8 0
9 0
7 0
9 0
9 0
7 0
8 1
9 1
8 1
--- stderr ---
DBG hdr N=10 M=6 T=100 U=3 VMAX=1790 TIME_LIMIT=1.94 MAX_CAND=20 UCB_C=0.21
DBG t=0 used=0.02 remain=1.94 turn_time=0.0194 end_in=0.0194 depth=7 dec=0 cand_cap=20 cand=3->3 pick(must/top/rand)=3/0/0 sims=2823 loop=2820 best_avg=-0.871898 leader=2 inc2=1 attack_w=1
DBG t=12 used=0.02 remain=1.7 turn_time=0.0193182 end_in=0.0193182 depth=7 dec=0 cand_cap=20 cand=13->13 pick(must/top/rand)=4/9/0 sims=2045 loop=2032 best_avg=-0.599369 leader=3 inc2=1 attack_w=0.490222
DBG t=24 used=0.02 remain=1.46 turn_time=0.0192105 end_in=0.0192105 depth=7 dec=0 cand_cap=20 cand=27->20 pick(must/top/rand)=5/11/4 sims=1784 loop=1764 best_avg=-0.358765 leader=5 inc2=1 attack_w=0.25
DBG t=37 used=0.02 remain=1.2 turn_time=0.0190476 end_in=0.0190476 depth=10 dec=0 cand_cap=20 cand=34->20 pick(must/top/rand)=7/9/4 sims=1112 loop=1092 best_avg=-0.329825 leader=4 inc2=1 attack_w=0.25
DBG t=49 used=0.019 remain=0.968 turn_time=0.0189804 end_in=0.0189804 depth=10 dec=0 cand_cap=20 cand=38->20 pick(must/top/rand)=8/8/4 sims=928 loop=908 best_avg=-0.254299 leader=4 inc2=1 attack_w=0.25
DBG t=61 used=0.019 remain=0.74 turn_time=0.0189744 end_in=0.0189744 depth=10 dec=0 cand_cap=20 cand=42->20 pick(must/top/rand)=9/7/4 sims=936 loop=916 best_avg=-0.257264 leader=4 inc2=1 attack_w=0.25
DBG t=74 used=0.019 remain=0.493 turn_time=0.0189615 end_in=0.0189615 depth=11 dec=0 cand_cap=20 cand=40->20 pick(must/top/rand)=9/7/4 sims=856 loop=836 best_avg=-0.225497 leader=4 inc2=1 attack_w=0.25
DBG t=86 used=0.019 remain=0.265 turn_time=0.0189286 end_in=0.0189286 depth=11 dec=0 cand_cap=20 cand=42->20 pick(must/top/rand)=8/8/4 sims=844 loop=824 best_avg=-0.181581 leader=5 inc2=1 attack_w=0.25
DBG t=99 used=0.018 remain=0.018 turn_time=0.018 end_in=0.017 depth=0 dec=0 cand_cap=20 cand=9->9 pick(must/top/rand)=2/7/0 sims=17293 loop=17284 best_avg=-0.0330823 leader=4 inc2=1 attack_w=0.25
DBG summary depth_safety_fired=0
Score = 148727

=== CASE 0135.txt ===
cmd=target/release/tester ./a.out
returncode=0 timed_out=0 elapsed_sec=1.951897
score=96544.0
--- stdout ---
6 3
6 3
6 3
6 3
6 3
5 4
7 3
5 5
6 4
4 5
3 5
3 5
3 5
3 5
3 5
2 5
2 4
7 3
5 6
2 4
5 6
5 6
5 6
5 6
2 4
2 4
2 4
7 3
4 6
2 3
6 4
7 3
2 6
2 3
2 3
7 4
5 7
7 3
7 2
6 3
6 3
5 8
6 2
2 3
6 3
7 4
2 5
2 5
4 5
4 6
4 5
5 7
5 9
4 6
2 3
5 7
2 4
2 2
5 8
2 5
5 7
2 3
7 2
2 4
8 4
4 5
2 4
5 8
9 4
9 4
6 5
8 4
4 9
4 9
9 3
4 9
9 4
6 7
2 4
4 6
3 5
5 5
2 4
4 9
6 5
6 4
5 7
3 5
4 9
4 5
3 5
3 5
8 4
3 5
3 9
2 5
3 8
7 7
3 5
3 5
--- stderr ---
DBG hdr N=10 M=7 T=100 U=5 VMAX=1885 TIME_LIMIT=1.94 MAX_CAND=20 UCB_C=0.21
DBG t=0 used=0.02 remain=1.94 turn_time=0.0194 end_in=0.0194 depth=7 dec=0 cand_cap=20 cand=5->5 pick(must/top/rand)=3/2/0 sims=2889 loop=2884 best_avg=-0.89369 leader=4 inc2=1 attack_w=1
DBG t=12 used=0.02 remain=1.7 turn_time=0.0193182 end_in=0.0193182 depth=7 dec=0 cand_cap=20 cand=21->20 pick(must/top/rand)=5/11/4 sims=2056 loop=2036 best_avg=-0.608579 leader=3 inc2=1 attack_w=1
DBG t=24 used=0.02 remain=1.46 turn_time=0.0192105 end_in=0.0192105 depth=7 dec=0 cand_cap=20 cand=28->20 pick(must/top/rand)=8/8/4 sims=1872 loop=1852 best_avg=-0.395508 leader=6 inc2=1 attack_w=0.331124
DBG t=37 used=0.02 remain=1.2 turn_time=0.0190476 end_in=0.0190476 depth=10 dec=0 cand_cap=20 cand=35->20 pick(must/top/rand)=7/9/4 sims=1244 loop=1224 best_avg=-0.570182 leader=6 inc2=1 attack_w=0.25
DBG t=49 used=0.019 remain=0.968 turn_time=0.0189804 end_in=0.0189804 depth=10 dec=0 cand_cap=20 cand=43->20 pick(must/top/rand)=7/9/4 sims=1080 loop=1060 best_avg=-0.589987 leader=6 inc2=1 attack_w=0.25
DBG t=61 used=0.019 remain=0.74 turn_time=0.0189744 end_in=0.0189744 depth=10 dec=0 cand_cap=20 cand=44->20 pick(must/top/rand)=9/7/4 sims=1088 loop=1068 best_avg=-0.612797 leader=6 inc2=1 attack_w=0.318416
DBG t=74 used=0.019 remain=0.493 turn_time=0.0189615 end_in=0.0189615 depth=11 dec=0 cand_cap=20 cand=49->20 pick(must/top/rand)=9/7/4 sims=976 loop=956 best_avg=-0.396762 leader=6 inc2=1 attack_w=0.25
DBG t=86 used=0.019 remain=0.265 turn_time=0.0189286 end_in=0.0189286 depth=11 dec=0 cand_cap=20 cand=47->20 pick(must/top/rand)=9/7/4 sims=928 loop=908 best_avg=-0.570786 leader=6 inc2=1 attack_w=0.830004
DBG t=99 used=0.018 remain=0.018 turn_time=0.018 end_in=0.017 depth=0 dec=0 cand_cap=20 cand=39->20 pick(must/top/rand)=9/7/4 sims=18860 loop=18840 best_avg=-0.65381 leader=6 inc2=1 attack_w=0.852722
DBG summary depth_safety_fired=0
Score = 96544

=== CASE 0136.txt ===
cmd=target/release/tester ./a.out
returncode=0 timed_out=0 elapsed_sec=1.952119
score=299678.0
--- stdout ---
4 5
3 5
4 4
3 4
4 3
2 5
4 2
2 4
3 3
4 1
2 3
2 2
1 5
5 2
0 5
4 4
3 2
5 4
5 3
5 2
6 3
6 2
6 1
4 0
7 2
6 4
7 3
5 1
5 0
5 5
5 2
3 2
4 0
4 7
6 5
5 7
6 1
5 8
7 5
8 5
9 5
7 1
8 6
9 6
7 4
6 2
4 1
7 3
6 3
8 2
9 2
8 1
8 0
9 0
7 0
7 1
9 1
6 0
5 0
6 1
9 3
9 4
5 1
3 2
7 2
4 0
0 5
4 1
3 0
6 2
6 7
3 1
5 6
6 4
3 3
8 4
3 2
3 5
7 7
2 5
3 6
2 6
6 8
2 4
4 5
1 6
3 4
0 6
0 7
7 6
0 8
2 0
3 1
1 0
1 4
3 2
2 0
3 2
2 4
2 2
--- stderr ---
DBG hdr N=10 M=6 T=100 U=1 VMAX=2305 TIME_LIMIT=1.94 MAX_CAND=20 UCB_C=0.21
DBG t=0 used=0.02 remain=1.94 turn_time=0.0194 end_in=0.0194 depth=7 dec=0 cand_cap=20 cand=5->5 pick(must/top/rand)=3/2/0 sims=2773 loop=2768 best_avg=-0.91176 leader=5 inc2=1 attack_w=1
DBG t=12 used=0.02 remain=1.7 turn_time=0.0193182 end_in=0.0193182 depth=7 dec=0 cand_cap=20 cand=27->20 pick(must/top/rand)=7/9/4 sims=1720 loop=1700 best_avg=-0.361591 leader=2 inc2=1 attack_w=0.25
DBG t=24 used=0.02 remain=1.46 turn_time=0.0192105 end_in=0.0192105 depth=7 dec=0 cand_cap=20 cand=39->20 pick(must/top/rand)=7/9/4 sims=1460 loop=1440 best_avg=-0.212363 leader=4 inc2=1 attack_w=0.25
DBG t=37 used=0.02 remain=1.2 turn_time=0.0190476 end_in=0.0190476 depth=10 dec=0 cand_cap=20 cand=50->20 pick(must/top/rand)=7/9/4 sims=972 loop=952 best_avg=-0.110581 leader=4 inc2=1 attack_w=0.25
DBG t=49 used=0.019 remain=0.968 turn_time=0.0189804 end_in=0.0189804 depth=10 dec=0 cand_cap=20 cand=59->20 pick(must/top/rand)=7/9/4 sims=1004 loop=984 best_avg=0.192258 leader=3 inc2=1 attack_w=0.25
DBG t=61 used=0.019 remain=0.74 turn_time=0.0189744 end_in=0.0189744 depth=10 dec=0 cand_cap=20 cand=17->17 pick(must/top/rand)=2/14/1 sims=917 loop=900 best_avg=0.572352 leader=4 inc2=1 attack_w=0.25
DBG t=74 used=0.019 remain=0.493 turn_time=0.0189615 end_in=0.0189615 depth=11 dec=0 cand_cap=20 cand=61->20 pick(must/top/rand)=5/11/4 sims=880 loop=860 best_avg=0.811922 leader=4 inc2=1 attack_w=0.25
DBG t=86 used=0.019 remain=0.265 turn_time=0.0189286 end_in=0.0189286 depth=11 dec=0 cand_cap=20 cand=76->20 pick(must/top/rand)=6/10/4 sims=820 loop=800 best_avg=1.16362 leader=1 inc2=1 attack_w=0.25
DBG t=99 used=0.018 remain=0.018 turn_time=0.018 end_in=0.017 depth=0 dec=0 cand_cap=20 cand=78->20 pick(must/top/rand)=6/10/4 sims=35132 loop=35112 best_avg=1.57606 leader=5 inc2=1 attack_w=0.25
DBG summary depth_safety_fired=0
Score = 299678

=== CASE 0137.txt ===
cmd=target/release/tester ./a.out
returncode=0 timed_out=0 elapsed_sec=1.952128
score=275855.0
--- stdout ---
5 5
4 5
5 4
3 5
3 4
5 5
5 4
4 5
5 6
6 6
5 7
4 6
6 5
7 6
3 6
3 5
4 7
3 7
6 4
3 8
6 7
3 5
2 5
2 7
2 6
3 6
1 6
5 5
2 8
2 4
6 4
1 8
7 4
7 3
7 5
2 9
4 4
6 3
7 2
8 5
8 3
1 7
7 1
5 4
8 1
7 0
8 0
1 5
3 4
6 4
9 0
5 4
1 4
7 5
7 4
7 2
0 6
7 2
9 1
7 3
6 3
6 4
7 4
6 5
5 4
0 7
3 5
3 6
0 6
5 3
1 4
3 5
6 0
1 3
2 3
4 4
0 5
0 3
0 2
0 4
0 1
0 4
2 5
3 6
6 2
1 4
2 6
1 6
3 4
4 4
1 2
6 1
0 6
5 4
6 0
6 1
6 2
6 4
5 0
5 2
--- stderr ---
DBG hdr N=10 M=8 T=100 U=1 VMAX=1945 TIME_LIMIT=1.94 MAX_CAND=20 UCB_C=0.21
DBG t=0 used=0.02 remain=1.94 turn_time=0.0194 end_in=0.0194 depth=7 dec=0 cand_cap=20 cand=4->4 pick(must/top/rand)=3/1/0 sims=2088 loop=2084 best_avg=-0.652925 leader=6 inc2=1 attack_w=1
DBG t=12 used=0.02 remain=1.7 turn_time=0.0193182 end_in=0.0193182 depth=7 dec=0 cand_cap=20 cand=17->17 pick(must/top/rand)=6/10/1 sims=2173 loop=2156 best_avg=-0.183003 leader=1 inc2=1 attack_w=1
DBG t=24 used=0.02 remain=1.46 turn_time=0.0192105 end_in=0.0192105 depth=7 dec=0 cand_cap=20 cand=30->20 pick(must/top/rand)=7/9/4 sims=1864 loop=1844 best_avg=0.296206 leader=5 inc2=1 attack_w=0.25
DBG t=37 used=0.02 remain=1.2 turn_time=0.0190476 end_in=0.0190476 depth=10 dec=0 cand_cap=20 cand=47->20 pick(must/top/rand)=5/11/4 sims=1164 loop=1144 best_avg=0.936526 leader=5 inc2=1 attack_w=0.25
DBG t=49 used=0.019 remain=0.968 turn_time=0.0189804 end_in=0.0189804 depth=10 dec=0 cand_cap=20 cand=62->20 pick(must/top/rand)=7/9/4 sims=1000 loop=980 best_avg=1.14223 leader=4 inc2=1 attack_w=0.25
DBG t=61 used=0.019 remain=0.74 turn_time=0.0189744 end_in=0.0189744 depth=10 dec=0 cand_cap=20 cand=20->20 pick(must/top/rand)=7/9/4 sims=1096 loop=1076 best_avg=0.951766 leader=2 inc2=1 attack_w=0.25
DBG t=74 used=0.019 remain=0.493 turn_time=0.0189615 end_in=0.0189615 depth=11 dec=0 cand_cap=20 cand=69->20 pick(must/top/rand)=7/9/4 sims=804 loop=784 best_avg=1.1105 leader=4 inc2=1 attack_w=0.25
DBG t=86 used=0.019 remain=0.265 turn_time=0.0189286 end_in=0.0189286 depth=11 dec=0 cand_cap=20 cand=73->20 pick(must/top/rand)=7/9/4 sims=912 loop=892 best_avg=1.1836 leader=4 inc2=1 attack_w=0.25
DBG t=99 used=0.018 remain=0.018 turn_time=0.018 end_in=0.017 depth=0 dec=0 cand_cap=20 cand=29->20 pick(must/top/rand)=6/10/4 sims=30408 loop=30388 best_avg=1.34369 leader=7 inc2=1 attack_w=0.25
DBG summary depth_safety_fired=0
Score = 275855

=== CASE 0140.txt ===
cmd=target/release/tester ./a.out
returncode=0 timed_out=0 elapsed_sec=1.953801
score=138595.0
--- stdout ---
5 4
4 4
3 4
6 4
6 4
6 4
2 4
2 3
2 3
1 3
2 4
1 2
1 2
1 2
2 4
1 3
1 4
2 3
2 4
2 5
2 5
2 5
2 3
2 4
1 1
1 2
2 1
2 5
2 0
3 1
2 0
3 0
3 1
3 1
2 0
3 1
3 1
3 1
3 1
2 0
0 3
4 1
2 2
3 1
4 0
3 2
4 1
3 1
0 3
0 3
0 1
0 1
4 1
3 2
0 0
0 0
0 0
0 0
0 1
4 1
0 1
4 1
3 2
5 0
5 0
5 0
5 0
1 3
6 0
6 0
6 0
4 2
5 2
5 3
5 3
4 1
3 3
2 4
6 0
0 2
6 1
5 2
5 1
4 1
6 1
7 1
8 1
5 2
7 2
5 3
5 4
0 3
2 3
5 3
3 4
2 3
2 5
2 5
0 4
2 3
--- stderr ---
DBG hdr N=10 M=6 T=100 U=4 VMAX=2013 TIME_LIMIT=1.94 MAX_CAND=20 UCB_C=0.21
DBG t=0 used=0.02 remain=1.94 turn_time=0.0194 end_in=0.0194 depth=7 dec=0 cand_cap=20 cand=3->3 pick(must/top/rand)=3/0/0 sims=3259 loop=3256 best_avg=-1.22926 leader=4 inc2=1 attack_w=1
DBG t=12 used=0.02 remain=1.7 turn_time=0.0193182 end_in=0.0193182 depth=7 dec=0 cand_cap=20 cand=13->13 pick(must/top/rand)=5/8/0 sims=2281 loop=2268 best_avg=-0.695123 leader=1 inc2=1 attack_w=1
DBG t=24 used=0.02 remain=1.46 turn_time=0.0192105 end_in=0.0192105 depth=7 dec=0 cand_cap=20 cand=17->17 pick(must/top/rand)=7/9/1 sims=2121 loop=2104 best_avg=-0.817264 leader=1 inc2=1 attack_w=0.637057
DBG t=37 used=0.02 remain=1.2 turn_time=0.0190476 end_in=0.0190476 depth=10 dec=0 cand_cap=20 cand=25->20 pick(must/top/rand)=5/11/4 sims=1216 loop=1196 best_avg=-0.670272 leader=1 inc2=1 attack_w=0.693762
DBG t=49 used=0.019 remain=0.968 turn_time=0.0189804 end_in=0.0189804 depth=10 dec=0 cand_cap=20 cand=27->20 pick(must/top/rand)=7/9/4 sims=1268 loop=1248 best_avg=-0.527199 leader=2 inc2=1 attack_w=0.25
DBG t=61 used=0.019 remain=0.74 turn_time=0.0189744 end_in=0.0189744 depth=10 dec=0 cand_cap=20 cand=27->20 pick(must/top/rand)=8/8/4 sims=1144 loop=1124 best_avg=-0.467254 leader=3 inc2=1 attack_w=0.25
DBG t=74 used=0.019 remain=0.493 turn_time=0.0189615 end_in=0.0189615 depth=11 dec=0 cand_cap=20 cand=33->20 pick(must/top/rand)=9/7/4 sims=880 loop=860 best_avg=-0.22574 leader=5 inc2=1 attack_w=0.25
DBG t=86 used=0.019 remain=0.265 turn_time=0.0189286 end_in=0.0189286 depth=11 dec=0 cand_cap=20 cand=34->20 pick(must/top/rand)=7/9/4 sims=912 loop=892 best_avg=-0.137144 leader=5 inc2=1 attack_w=0.25
DBG t=99 used=0.018 remain=0.018 turn_time=0.018 end_in=0.017 depth=0 dec=0 cand_cap=20 cand=36->20 pick(must/top/rand)=7/9/4 sims=21884 loop=21864 best_avg=-0.159499 leader=5 inc2=1 attack_w=0.25
DBG summary depth_safety_fired=0
Score = 138595

=== CASE 0141.txt ===
cmd=target/release/tester ./a.out
returncode=0 timed_out=0 elapsed_sec=1.953224
score=158535.0
--- stdout ---
2 0
3 0
4 0
5 0
6 0
7 0
8 0
8 1
8 1
8 1
8 2
8 3
7 3
8 2
7 3
6 3
7 3
6 3
6 4
9 1
6 4
9 2
6 4
6 3
9 2
7 3
6 3
6 4
9 1
6 3
6 4
5 4
6 0
7 0
9 1
4 0
8 2
9 0
8 2
5 1
5 1
4 0
4 0
9 0
8 0
4 0
8 1
8 2
6 1
6 0
8 1
9 2
8 2
5 1
4 1
4 1
3 0
5 1
3 0
8 0
4 1
8 2
5 1
8 2
8 3
6 1
7 3
7 3
3 1
6 1
7 4
5 3
5 2
7 1
7 4
3 1
5 3
5 2
7 5
6 3
7 4
4 2
6 3
6 4
7 2
6 2
5 1
4 1
6 2
6 4
5 2
5 2
7 5
4 3
6 4
4 3
3 1
5 2
4 2
5 3
--- stderr ---
DBG hdr N=10 M=3 T=100 U=3 VMAX=1781 TIME_LIMIT=1.94 MAX_CAND=20 UCB_C=0.21
DBG t=0 used=0.02 remain=1.94 turn_time=0.0194 end_in=0.0194 depth=7 dec=0 cand_cap=20 cand=4->4 pick(must/top/rand)=3/1/0 sims=4504 loop=4500 best_avg=-1.66657 leader=1 inc2=1 attack_w=1
DBG t=12 used=0.02 remain=1.7 turn_time=0.0193182 end_in=0.0193182 depth=7 dec=0 cand_cap=20 cand=20->20 pick(must/top/rand)=7/9/4 sims=2764 loop=2744 best_avg=-1.2711 leader=2 inc2=1 attack_w=0.25
DBG t=24 used=0.02 remain=1.46 turn_time=0.0192105 end_in=0.0192105 depth=7 dec=0 cand_cap=20 cand=26->20 pick(must/top/rand)=9/7/4 sims=2524 loop=2504 best_avg=-1.23344 leader=1 inc2=1 attack_w=0.25
DBG t=37 used=0.02 remain=1.2 turn_time=0.0190476 end_in=0.0190476 depth=10 dec=0 cand_cap=20 cand=16->16 pick(must/top/rand)=8/8/0 sims=1652 loop=1636 best_avg=-1.64666 leader=1 inc2=1 attack_w=0.549286
DBG t=49 used=0.019 remain=0.968 turn_time=0.0189804 end_in=0.0189804 depth=10 dec=0 cand_cap=20 cand=20->20 pick(must/top/rand)=9/7/4 sims=1508 loop=1488 best_avg=-1.4456 leader=1 inc2=1 attack_w=0.25
DBG t=61 used=0.019 remain=0.74 turn_time=0.0189744 end_in=0.0189744 depth=10 dec=0 cand_cap=20 cand=22->20 pick(must/top/rand)=9/7/4 sims=1512 loop=1492 best_avg=-1.17625 leader=1 inc2=1 attack_w=0.25
DBG t=74 used=0.019 remain=0.493 turn_time=0.0189615 end_in=0.0189615 depth=11 dec=0 cand_cap=20 cand=32->20 pick(must/top/rand)=9/7/4 sims=1216 loop=1196 best_avg=-1.17601 leader=1 inc2=1 attack_w=0.25
DBG t=86 used=0.019 remain=0.265 turn_time=0.0189286 end_in=0.0189286 depth=11 dec=0 cand_cap=20 cand=34->20 pick(must/top/rand)=8/8/4 sims=1200 loop=1180 best_avg=-1.11862 leader=1 inc2=1 attack_w=0.25
DBG t=99 used=0.018 remain=0.018 turn_time=0.018 end_in=0.017 depth=0 dec=0 cand_cap=20 cand=34->20 pick(must/top/rand)=9/7/4 sims=28220 loop=28200 best_avg=-0.888885 leader=1 inc2=1 attack_w=0.25
DBG summary depth_safety_fired=0
Score = 158535

=== CASE 0139.txt ===
cmd=target/release/tester ./a.out
returncode=0 timed_out=0 elapsed_sec=1.955210
score=365767.0
--- stdout ---
6 4
6 5
6 6
7 4
6 6
8 4
9 4
6 7
6 8
7 7
7 8
8 3
5 6
9 3
7 3
9 2
6 3
9 1
6 2
8 2
8 1
7 2
7 1
5 3
7 0
4 3
8 0
5 4
5 7
9 0
5 8
5 2
6 9
5 9
4 2
4 4
3 2
4 9
5 1
5 4
6 0
4 4
4 3
2 2
4 1
5 0
4 0
5 7
5 6
5 6
4 6
3 3
4 9
5 8
4 5
3 2
3 9
5 5
5 7
5 6
9 5
4 8
4 7
7 6
4 6
5 6
2 2
2 1
3 4
3 5
5 4
3 8
3 6
2 5
3 7
4 5
8 7
8 6
3 0
2 3
4 5
3 9
2 9
2 2
3 6
9 7
3 1
7 5
3 7
6 1
9 6
2 0
4 5
2 3
1 2
3 5
3 9
2 9
3 8
3 5
--- stderr ---
DBG hdr N=10 M=7 T=100 U=1 VMAX=1258 TIME_LIMIT=1.94 MAX_CAND=20 UCB_C=0.21
DBG t=0 used=0.02 remain=1.94 turn_time=0.0194 end_in=0.0194 depth=7 dec=0 cand_cap=20 cand=5->5 pick(must/top/rand)=3/2/0 sims=2429 loop=2424 best_avg=-0.695415 leader=1 inc2=1 attack_w=1
DBG t=12 used=0.02 remain=1.7 turn_time=0.0193182 end_in=0.0193182 depth=7 dec=0 cand_cap=20 cand=28->20 pick(must/top/rand)=6/10/4 sims=1616 loop=1596 best_avg=-0.451365 leader=3 inc2=1 attack_w=0.595338
DBG t=24 used=0.02 remain=1.46 turn_time=0.0192105 end_in=0.0192105 depth=7 dec=0 cand_cap=20 cand=41->20 pick(must/top/rand)=3/13/4 sims=1460 loop=1440 best_avg=0.0514947 leader=3 inc2=1 attack_w=0.25
DBG t=37 used=0.02 remain=1.2 turn_time=0.0190476 end_in=0.0190476 depth=10 dec=0 cand_cap=20 cand=56->20 pick(must/top/rand)=7/9/4 sims=892 loop=872 best_avg=0.815005 leader=6 inc2=1 attack_w=0.25
DBG t=49 used=0.019 remain=0.968 turn_time=0.0189804 end_in=0.0189804 depth=10 dec=0 cand_cap=20 cand=57->20 pick(must/top/rand)=7/9/4 sims=812 loop=792 best_avg=0.861971 leader=2 inc2=1 attack_w=0.25
DBG t=61 used=0.019 remain=0.74 turn_time=0.0189744 end_in=0.0189744 depth=10 dec=0 cand_cap=20 cand=63->20 pick(must/top/rand)=6/10/4 sims=832 loop=812 best_avg=0.996275 leader=2 inc2=1 attack_w=0.25
DBG t=74 used=0.019 remain=0.493 turn_time=0.0189615 end_in=0.0189615 depth=11 dec=0 cand_cap=20 cand=71->20 pick(must/top/rand)=7/9/4 sims=712 loop=692 best_avg=1.4355 leader=5 inc2=1 attack_w=0.25
DBG t=86 used=0.019 remain=0.265 turn_time=0.0189286 end_in=0.0189286 depth=11 dec=0 cand_cap=20 cand=78->20 pick(must/top/rand)=7/9/4 sims=728 loop=708 best_avg=1.57476 leader=5 inc2=1 attack_w=0.25
DBG t=99 used=0.018 remain=0.018 turn_time=0.018 end_in=0.017 depth=0 dec=0 cand_cap=20 cand=79->20 pick(must/top/rand)=7/9/4 sims=27780 loop=27760 best_avg=1.8987 leader=6 inc2=1 attack_w=0.25
DBG summary depth_safety_fired=0
Score = 365767

=== CASE 0138.txt ===
cmd=target/release/tester ./a.out
returncode=0 timed_out=0 elapsed_sec=1.956771
score=125727.0
--- stdout ---
6 8
7 8
7 8
6 9
6 9
5 8
4 8
3 8
4 8
7 9
7 9
3 7
3 8
2 8
2 9
3 7
2 8
5 7
5 6
5 6
4 7
2 9
1 9
4 7
5 5
1 9
3 7
6 7
5 5
3 6
4 9
4 7
3 6
5 6
5 6
0 9
5 9
3 6
1 8
6 7
0 8
3 6
1 8
1 8
0 8
3 7
3 6
3 5
3 5
3 6
7 9
3 5
2 6
3 6
3 9
2 8
3 6
4 9
1 8
3 6
7 9
1 8
7 9
3 9
7 9
2 8
5 9
8 9
8 9
1 8
3 6
5 6
5 8
1 8
2 8
3 6
3 6
1 7
5 6
9 9
2 8
8 9
7 8
0 7
3 6
9 8
4 7
4 6
1 8
3 6
0 9
0 7
6 7
4 6
9 9
3 6
0 7
0 6
3 6
0 6
--- stderr ---
DBG hdr N=10 M=6 T=100 U=2 VMAX=2279 TIME_LIMIT=1.94 MAX_CAND=20 UCB_C=0.21
DBG t=0 used=0.02 remain=1.94 turn_time=0.0194 end_in=0.0194 depth=7 dec=0 cand_cap=20 cand=5->5 pick(must/top/rand)=3/2/0 sims=2661 loop=2656 best_avg=-0.948589 leader=4 inc2=1 attack_w=1
DBG t=12 used=0.02 remain=1.7 turn_time=0.0193182 end_in=0.0193182 depth=7 dec=0 cand_cap=20 cand=20->20 pick(must/top/rand)=4/12/4 sims=1968 loop=1948 best_avg=-0.495418 leader=2 inc2=1 attack_w=0.25
DBG t=24 used=0.02 remain=1.46 turn_time=0.0192105 end_in=0.0192105 depth=7 dec=0 cand_cap=20 cand=28->20 pick(must/top/rand)=8/8/4 sims=1528 loop=1508 best_avg=-0.293796 leader=2 inc2=1 attack_w=0.25
DBG t=37 used=0.02 remain=1.2 turn_time=0.0190476 end_in=0.0190476 depth=10 dec=0 cand_cap=20 cand=29->20 pick(must/top/rand)=7/9/4 sims=1008 loop=988 best_avg=-0.439239 leader=2 inc2=1 attack_w=0.25
DBG t=49 used=0.019 remain=0.968 turn_time=0.0189804 end_in=0.0189804 depth=10 dec=0 cand_cap=20 cand=33->20 pick(must/top/rand)=7/9/4 sims=924 loop=904 best_avg=-0.535207 leader=1 inc2=1 attack_w=0.25
DBG t=61 used=0.019 remain=0.74 turn_time=0.0189744 end_in=0.0189744 depth=10 dec=0 cand_cap=20 cand=29->20 pick(must/top/rand)=5/11/4 sims=880 loop=860 best_avg=-0.549148 leader=1 inc2=1 attack_w=0.469892
DBG t=74 used=0.019 remain=0.493 turn_time=0.0189615 end_in=0.0189615 depth=11 dec=0 cand_cap=20 cand=31->20 pick(must/top/rand)=5/11/4 sims=784 loop=764 best_avg=-0.589172 leader=1 inc2=1 attack_w=0.332226
DBG t=86 used=0.019 remain=0.265 turn_time=0.0189286 end_in=0.0189286 depth=11 dec=0 cand_cap=20 cand=31->20 pick(must/top/rand)=6/10/4 sims=760 loop=740 best_avg=-0.597257 leader=2 inc2=1 attack_w=0.496208
DBG t=99 used=0.018 remain=0.018 turn_time=0.018 end_in=0.017 depth=0 dec=0 cand_cap=20 cand=38->20 pick(must/top/rand)=5/11/4 sims=21304 loop=21284 best_avg=-0.295867 leader=2 inc2=1 attack_w=0.25
DBG summary depth_safety_fired=0
Score = 125727

=== CASE 0143.txt ===
cmd=target/release/tester ./a.out
returncode=0 timed_out=0 elapsed_sec=1.951569
score=114469.0
--- stdout ---
3 5
3 5
3 5
3 5
3 4
2 4
1 4
1 4
1 4
1 4
1 4
2 4
2 4
1 5
2 5
1 3
1 3
1 3
1 3
1 3
1 5
2 4
2 4
0 3
0 3
0 2
3 6
3 7
3 8
3 8
4 8
5 8
4 9
6 8
6 8
7 8
7 8
7 8
7 8
6 8
7 8
6 8
5 8
7 9
6 8
5 8
8 9
8 9
8 9
8 9
4 8
8 9
6 9
5 8
5 8
3 8
3 8
6 9
9 9
9 9
9 9
9 9
9 9
6 9
3 6
0 1
2 4
2 5
5 7
5 9
1 5
4 8
3 8
2 5
1 5
3 6
9 8
0 3
9 8
9 8
3 8
5 7
1 6
6 8
6 9
7 7
4 9
6 9
6 8
5 6
6 7
5 6
6 7
2 4
6 7
5 6
9 7
9 7
9 7
6 6
--- stderr ---
DBG hdr N=10 M=3 T=100 U=5 VMAX=1725 TIME_LIMIT=1.94 MAX_CAND=20 UCB_C=0.21
DBG t=0 used=0.02 remain=1.94 turn_time=0.0194 end_in=0.0194 depth=7 dec=0 cand_cap=20 cand=5->5 pick(must/top/rand)=4/1/0 sims=5129 loop=5124 best_avg=-1.5372 leader=2 inc2=1 attack_w=1
DBG t=12 used=0.02 remain=1.7 turn_time=0.0193182 end_in=0.0193182 depth=7 dec=0 cand_cap=20 cand=13->13 pick(must/top/rand)=5/8/0 sims=4093 loop=4080 best_avg=-1.60835 leader=2 inc2=1 attack_w=0.557307
DBG t=24 used=0.02 remain=1.46 turn_time=0.0192105 end_in=0.0192105 depth=7 dec=0 cand_cap=20 cand=19->19 pick(must/top/rand)=8/8/3 sims=3043 loop=3024 best_avg=-1.50857 leader=2 inc2=1 attack_w=0.25
DBG t=37 used=0.02 remain=1.2 turn_time=0.0190476 end_in=0.0190476 depth=10 dec=0 cand_cap=20 cand=39->20 pick(must/top/rand)=7/9/4 sims=1728 loop=1708 best_avg=-1.50218 leader=1 inc2=1 attack_w=0.25
DBG t=49 used=0.019 remain=0.968 turn_time=0.0189804 end_in=0.0189804 depth=10 dec=0 cand_cap=20 cand=13->13 pick(must/top/rand)=7/6/0 sims=1725 loop=1712 best_avg=-1.50096 leader=2 inc2=1 attack_w=0.25
DBG t=61 used=0.019 remain=0.74 turn_time=0.0189744 end_in=0.0189744 depth=10 dec=0 cand_cap=20 cand=22->20 pick(must/top/rand)=8/8/4 sims=1680 loop=1660 best_avg=-1.46334 leader=2 inc2=1 attack_w=0.25
DBG t=74 used=0.019 remain=0.493 turn_time=0.0189615 end_in=0.0189615 depth=11 dec=0 cand_cap=20 cand=45->20 pick(must/top/rand)=7/9/4 sims=1244 loop=1224 best_avg=-1.49431 leader=1 inc2=1 attack_w=0.25
DBG t=86 used=0.019 remain=0.265 turn_time=0.0189286 end_in=0.0189286 depth=11 dec=0 cand_cap=20 cand=46->20 pick(must/top/rand)=8/8/4 sims=1248 loop=1228 best_avg=-1.58266 leader=1 inc2=1 attack_w=0.25
DBG t=99 used=0.018 remain=0.018 turn_time=0.018 end_in=0.017 depth=0 dec=0 cand_cap=20 cand=27->20 pick(must/top/rand)=9/7/4 sims=27892 loop=27872 best_avg=-1.5087 leader=1 inc2=1 attack_w=0.25
DBG summary depth_safety_fired=0
Score = 114469

=== CASE 0142.txt ===
cmd=target/release/tester ./a.out
returncode=0 timed_out=0 elapsed_sec=1.952587
score=219213.0
--- stdout ---
2 1
2 1
2 1
3 1
3 1
3 0
3 0
4 1
4 2
3 0
4 1
4 2
4 2
4 1
5 2
5 1
5 3
5 1
5 3
5 3
4 1
6 1
7 1
7 0
7 2
7 2
7 0
7 1
7 3
6 1
7 4
4 1
5 4
7 1
7 2
5 5
6 5
7 2
7 3
5 6
7 5
7 5
6 1
7 2
7 0
8 3
7 6
7 1
7 1
6 3
6 3
7 7
7 0
7 3
6 3
7 2
5 7
6 0
7 2
5 8
7 1
5 9
6 6
5 1
7 3
8 3
7 5
7 4
7 0
6 8
5 4
4 7
8 7
7 0
6 1
8 8
7 2
5 5
6 5
6 2
6 7
6 7
7 5
8 8
8 5
9 7
9 6
9 8
6 3
7 2
4 4
6 3
7 6
7 0
8 2
7 3
7 0
8 5
7 8
8 3
--- stderr ---
DBG hdr N=10 M=4 T=100 U=3 VMAX=1934 TIME_LIMIT=1.94 MAX_CAND=20 UCB_C=0.21
DBG t=0 used=0.02 remain=1.94 turn_time=0.0194 end_in=0.0194 depth=7 dec=0 cand_cap=20 cand=5->5 pick(must/top/rand)=3/2/0 sims=4081 loop=4076 best_avg=-1.45865 leader=2 inc2=1 attack_w=1
DBG t=12 used=0.02 remain=1.7 turn_time=0.0193182 end_in=0.0193182 depth=7 dec=0 cand_cap=20 cand=13->13 pick(must/top/rand)=7/6/0 sims=2873 loop=2860 best_avg=-0.697164 leader=2 inc2=1 attack_w=0.702109
DBG t=24 used=0.02 remain=1.46 turn_time=0.0192105 end_in=0.0192105 depth=7 dec=0 cand_cap=20 cand=24->20 pick(must/top/rand)=8/8/4 sims=2672 loop=2652 best_avg=-0.393124 leader=2 inc2=0 attack_w=0.25
DBG t=37 used=0.02 remain=1.2 turn_time=0.0190476 end_in=0.0190476 depth=10 dec=0 cand_cap=20 cand=36->20 pick(must/top/rand)=8/8/4 sims=1604 loop=1584 best_avg=-0.389474 leader=1 inc2=1 attack_w=0.25
DBG t=49 used=0.019 remain=0.968 turn_time=0.0189804 end_in=0.0189804 depth=10 dec=0 cand_cap=20 cand=41->20 pick(must/top/rand)=7/9/4 sims=1568 loop=1548 best_avg=-0.449976 leader=2 inc2=0 attack_w=0.25
DBG t=61 used=0.019 remain=0.74 turn_time=0.0189744 end_in=0.0189744 depth=10 dec=0 cand_cap=20 cand=42->20 pick(must/top/rand)=9/7/4 sims=1456 loop=1436 best_avg=-0.330427 leader=2 inc2=1 attack_w=0.25
DBG t=74 used=0.019 remain=0.493 turn_time=0.0189615 end_in=0.0189615 depth=11 dec=0 cand_cap=20 cand=56->20 pick(must/top/rand)=9/7/4 sims=1064 loop=1044 best_avg=-0.184556 leader=2 inc2=1 attack_w=0.25
DBG t=86 used=0.019 remain=0.265 turn_time=0.0189286 end_in=0.0189286 depth=11 dec=0 cand_cap=20 cand=59->20 pick(must/top/rand)=9/7/4 sims=1236 loop=1216 best_avg=0.153932 leader=3 inc2=1 attack_w=0.25
DBG t=99 used=0.018 remain=0.018 turn_time=0.018 end_in=0.017 depth=0 dec=0 cand_cap=20 cand=61->20 pick(must/top/rand)=9/7/4 sims=40676 loop=40656 best_avg=0.280335 leader=2 inc2=1 attack_w=0.25
DBG summary depth_safety_fired=0
Score = 219213

=== CASE 0145.txt ===
cmd=target/release/tester ./a.out
returncode=0 timed_out=0 elapsed_sec=1.953752
score=213784.0
--- stdout ---
9 8
8 9
7 9
8 8
6 9
7 8
7 7
9 7
6 8
8 7
5 8
5 7
6 8
6 7
7 8
7 7
8 7
5 9
7 6
5 6
4 6
4 9
7 8
3 6
3 5
6 8
2 5
2 4
7 8
9 7
9 6
9 5
8 5
8 4
8 3
9 4
9 3
9 2
8 2
8 1
9 7
8 8
3 9
2 9
5 7
6 7
3 8
2 8
2 7
6 8
1 7
0 7
4 8
9 7
8 8
7 8
7 7
3 6
4 7
3 5
6 6
2 8
8 7
7 6
7 5
8 5
7 4
7 3
8 4
7 5
7 6
6 5
9 5
9 7
3 7
4 5
7 7
6 6
6 8
6 7
6 5
3 4
7 7
7 8
1 8
5 5
7 9
6 6
1 7
0 7
1 6
8 9
8 8
1 8
0 8
6 8
1 5
1 4
0 5
0 4
--- stderr ---
DBG hdr N=10 M=7 T=100 U=1 VMAX=1296 TIME_LIMIT=1.94 MAX_CAND=20 UCB_C=0.21
DBG t=0 used=0.02 remain=1.94 turn_time=0.0194 end_in=0.0194 depth=7 dec=0 cand_cap=20 cand=3->3 pick(must/top/rand)=3/0/0 sims=2235 loop=2232 best_avg=-0.598312 leader=4 inc2=1 attack_w=0.894669
DBG t=12 used=0.02 remain=1.7 turn_time=0.0193182 end_in=0.0193182 depth=7 dec=0 cand_cap=20 cand=8->8 pick(must/top/rand)=5/3/0 sims=1364 loop=1356 best_avg=-0.527214 leader=3 inc2=1 attack_w=0.907393
DBG t=24 used=0.02 remain=1.46 turn_time=0.0192105 end_in=0.0192105 depth=7 dec=0 cand_cap=20 cand=27->20 pick(must/top/rand)=5/11/4 sims=1404 loop=1384 best_avg=-0.474913 leader=4 inc2=1 attack_w=0.69533
DBG t=37 used=0.02 remain=1.198 turn_time=0.0190159 end_in=0.0190159 depth=10 dec=0 cand_cap=20 cand=14->14 pick(must/top/rand)=5/9/0 sims=362 loop=348 best_avg=-0.246108 leader=3 inc2=1 attack_w=0.25
DBG t=49 used=0.019 remain=0.968 turn_time=0.0189804 end_in=0.0189804 depth=10 dec=0 cand_cap=20 cand=34->20 pick(must/top/rand)=5/11/4 sims=800 loop=780 best_avg=-0.129374 leader=4 inc2=1 attack_w=0.25
DBG t=61 used=0.019 remain=0.74 turn_time=0.0189744 end_in=0.0189744 depth=10 dec=0 cand_cap=20 cand=36->20 pick(must/top/rand)=5/11/4 sims=832 loop=812 best_avg=0.0563834 leader=3 inc2=1 attack_w=0.25
DBG t=74 used=0.019 remain=0.492 turn_time=0.0189231 end_in=0.0189231 depth=11 dec=0 cand_cap=20 cand=52->20 pick(must/top/rand)=5/11/4 sims=712 loop=692 best_avg=0.191849 leader=4 inc2=1 attack_w=0.25
DBG t=86 used=0.019 remain=0.264 turn_time=0.0188571 end_in=0.0188571 depth=11 dec=0 cand_cap=20 cand=47->20 pick(must/top/rand)=5/11/4 sims=656 loop=636 best_avg=0.287829 leader=4 inc2=1 attack_w=0.25
DBG t=99 used=0.017 remain=0.017 turn_time=0.017 end_in=0.016 depth=0 dec=1 cand_cap=20 cand=9->9 pick(must/top/rand)=2/7/0 sims=25061 loop=25052 best_avg=0.762528 leader=5 inc2=1 attack_w=0.25
DBG summary depth_safety_fired=1
Score = 213784

=== CASE 0146.txt ===
cmd=target/release/tester ./a.out
returncode=0 timed_out=0 elapsed_sec=1.952929
score=119574.0
--- stdout ---
3 4
3 4
4 4
5 4
4 4
5 4
6 4
5 5
6 5
6 3
6 4
5 5
4 5
5 5
7 4
7 5
8 4
7 5
8 4
8 5
7 5
8 5
7 3
7 2
7 2
6 3
8 3
7 2
8 5
9 4
7 3
9 4
9 4
9 5
8 3
7 5
9 5
8 3
7 5
8 4
5 5
6 5
6 2
6 3
5 5
6 2
7 2
9 3
7 2
6 3
5 6
9 6
7 2
5 6
6 4
7 2
6 3
7 2
9 3
9 3
5 6
7 2
6 3
7 6
7 2
7 6
7 6
9 5
7 2
7 2
6 2
7 6
6 6
7 2
6 3
6 6
6 6
9 6
9 6
5 4
9 6
5 3
7 3
6 2
6 7
6 7
6 7
4 6
4 6
9 5
8 3
6 6
8 3
9 2
6 3
6 7
7 6
8 3
6 3
8 3
--- stderr ---
DBG hdr N=10 M=5 T=100 U=3 VMAX=1522 TIME_LIMIT=1.94 MAX_CAND=20 UCB_C=0.21
DBG t=0 used=0.02 remain=1.94 turn_time=0.0194 end_in=0.0194 depth=7 dec=0 cand_cap=20 cand=5->5 pick(must/top/rand)=3/2/0 sims=3041 loop=3036 best_avg=-1.0383 leader=2 inc2=1 attack_w=1
DBG t=12 used=0.02 remain=1.7 turn_time=0.0193182 end_in=0.0193182 depth=7 dec=0 cand_cap=20 cand=19->19 pick(must/top/rand)=9/7/3 sims=2015 loop=1996 best_avg=-0.969582 leader=2 inc2=1 attack_w=0.738667
DBG t=24 used=0.02 remain=1.46 turn_time=0.0192105 end_in=0.0192105 depth=7 dec=0 cand_cap=20 cand=31->20 pick(must/top/rand)=8/8/4 sims=1624 loop=1604 best_avg=-0.645992 leader=4 inc2=1 attack_w=0.25
DBG t=37 used=0.019 remain=1.196 turn_time=0.0189841 end_in=0.0189841 depth=10 dec=0 cand_cap=20 cand=24->20 pick(must/top/rand)=7/9/4 sims=500 loop=480 best_avg=-0.682612 leader=1 inc2=1 attack_w=0.25
DBG t=49 used=0.019 remain=0.968 turn_time=0.0189804 end_in=0.0189804 depth=10 dec=0 cand_cap=20 cand=25->20 pick(must/top/rand)=9/7/4 sims=1080 loop=1060 best_avg=-0.747511 leader=2 inc2=1 attack_w=0.25
DBG t=61 used=0.019 remain=0.74 turn_time=0.0189744 end_in=0.0189744 depth=10 dec=0 cand_cap=20 cand=28->20 pick(must/top/rand)=9/7/4 sims=1024 loop=1004 best_avg=-0.67871 leader=2 inc2=0 attack_w=0.25
DBG t=74 used=0.019 remain=0.492 turn_time=0.0189231 end_in=0.0189231 depth=11 dec=0 cand_cap=20 cand=28->20 pick(must/top/rand)=9/7/4 sims=896 loop=876 best_avg=-0.561244 leader=2 inc2=0 attack_w=0.25
DBG t=86 used=0.019 remain=0.264 turn_time=0.0188571 end_in=0.0188571 depth=11 dec=0 cand_cap=20 cand=31->20 pick(must/top/rand)=6/10/4 sims=908 loop=888 best_avg=-0.624329 leader=2 inc2=1 attack_w=0.25
DBG t=99 used=0.017 remain=0.017 turn_time=0.017 end_in=0.016 depth=0 dec=1 cand_cap=20 cand=34->20 pick(must/top/rand)=8/8/4 sims=17428 loop=17408 best_avg=-0.547541 leader=3 inc2=1 attack_w=0.25
DBG summary depth_safety_fired=1
Score = 119574

=== CASE 0147.txt ===
cmd=target/release/tester ./a.out
returncode=0 timed_out=0 elapsed_sec=1.951985
score=167916.0
--- stdout ---
0 6
2 6
2 6
0 7
0 7
0 7
2 6
0 7
1 5
2 6
1 5
1 5
1 5
2 6
2 7
2 6
3 7
2 7
3 7
2 7
0 5
1 6
2 7
2 6
2 5
3 6
2 7
4 6
5 6
5 5
5 7
5 4
6 5
4 4
3 4
6 4
3 5
2 6
4 4
2 4
3 6
4 7
4 8
2 3
3 7
4 9
3 8
3 3
5 5
4 5
5 8
3 2
4 9
4 7
4 9
4 6
3 7
4 9
3 5
2 3
5 6
3 2
4 4
5 8
2 6
3 2
2 3
2 3
4 7
5 6
2 2
2 1
3 7
2 3
4 4
2 2
1 2
3 1
2 2
3 2
5 5
5 8
2 8
5 6
6 8
2 3
3 2
5 7
2 2
4 1
5 1
6 1
6 7
4 0
6 2
6 0
5 6
5 0
6 3
5 0
--- stderr ---
DBG hdr N=10 M=4 T=100 U=4 VMAX=1165 TIME_LIMIT=1.94 MAX_CAND=20 UCB_C=0.21
DBG t=0 used=0.02 remain=1.94 turn_time=0.0194 end_in=0.0194 depth=7 dec=0 cand_cap=20 cand=5->5 pick(must/top/rand)=3/2/0 sims=3829 loop=3824 best_avg=-1.10574 leader=1 inc2=1 attack_w=1
DBG t=12 used=0.02 remain=1.7 turn_time=0.0193182 end_in=0.0193182 depth=7 dec=0 cand_cap=20 cand=12->12 pick(must/top/rand)=5/7/0 sims=2436 loop=2424 best_avg=-1.24598 leader=3 inc2=0 attack_w=0.885802
DBG t=24 used=0.02 remain=1.46 turn_time=0.0192105 end_in=0.0192105 depth=7 dec=0 cand_cap=20 cand=14->14 pick(must/top/rand)=5/9/0 sims=1926 loop=1912 best_avg=-1.33333 leader=2 inc2=1 attack_w=1
DBG t=37 used=0.019 remain=1.194 turn_time=0.0189524 end_in=0.0189524 depth=10 dec=0 cand_cap=20 cand=20->20 pick(must/top/rand)=9/7/4 sims=416 loop=396 best_avg=-0.872487 leader=2 inc2=1 attack_w=0.529517
DBG t=49 used=0.019 remain=0.966 turn_time=0.0189412 end_in=0.0189412 depth=10 dec=0 cand_cap=20 cand=4->4 pick(must/top/rand)=3/1/0 sims=1144 loop=1140 best_avg=-0.759522 leader=3 inc2=1 attack_w=0.25
DBG t=61 used=0.019 remain=0.738 turn_time=0.0189231 end_in=0.0189231 depth=10 dec=0 cand_cap=20 cand=36->20 pick(must/top/rand)=9/7/4 sims=1052 loop=1032 best_avg=-0.789774 leader=3 inc2=1 attack_w=0.25
DBG t=74 used=0.019 remain=0.49 turn_time=0.0188462 end_in=0.0188462 depth=11 dec=0 cand_cap=20 cand=38->20 pick(must/top/rand)=9/7/4 sims=912 loop=892 best_avg=-0.670309 leader=3 inc2=1 attack_w=0.25
DBG t=86 used=0.019 remain=0.262 turn_time=0.0187143 end_in=0.0187143 depth=11 dec=0 cand_cap=20 cand=44->20 pick(must/top/rand)=8/8/4 sims=820 loop=800 best_avg=-0.527548 leader=2 inc2=0 attack_w=0.25
DBG t=99 used=0.017 remain=0.017 turn_time=0.017 end_in=0.016 depth=0 dec=1 cand_cap=20 cand=62->20 pick(must/top/rand)=9/7/4 sims=23224 loop=23204 best_avg=-0.210932 leader=2 inc2=1 attack_w=0.25
DBG summary depth_safety_fired=4
Score = 167916

=== CASE 0144.txt ===
cmd=target/release/tester ./a.out
returncode=0 timed_out=0 elapsed_sec=1.955372
score=228483.0
--- stdout ---
2 3
2 3
2 4
2 4
2 4
2 5
2 5
3 5
4 5
4 6
4 7
5 6
6 6
5 5
5 4
6 4
6 5
6 5
7 4
6 5
4 8
5 7
6 6
6 6
3 7
7 5
4 8
4 9
3 9
6 7
6 7
6 7
7 6
6 6
7 3
6 6
5 9
6 9
7 7
5 8
7 2
6 9
6 7
7 7
4 9
5 9
7 2
5 9
5 7
6 9
7 7
5 9
6 9
8 2
8 1
6 9
8 0
6 7
6 9
7 7
7 0
6 9
6 9
8 6
6 9
6 7
9 0
5 8
6 7
6 8
7 6
5 8
7 7
6 8
5 8
7 7
6 8
3 3
9 6
9 0
6 8
6 2
5 9
6 8
6 7
6 3
7 5
9 0
4 9
8 6
8 6
4 9
6 8
5 9
7 5
8 5
6 8
9 6
5 9
9 6
--- stderr ---
DBG hdr N=10 M=3 T=100 U=3 VMAX=1649 TIME_LIMIT=1.94 MAX_CAND=20 UCB_C=0.21
DBG t=0 used=0.02 remain=1.94 turn_time=0.0194 end_in=0.0194 depth=7 dec=0 cand_cap=20 cand=5->5 pick(must/top/rand)=3/2/0 sims=4405 loop=4400 best_avg=-1.54828 leader=1 inc2=1 attack_w=1
DBG t=12 used=0.02 remain=1.7 turn_time=0.0193182 end_in=0.0193182 depth=7 dec=0 cand_cap=20 cand=22->20 pick(must/top/rand)=8/8/4 sims=3404 loop=3384 best_avg=-1.46009 leader=1 inc2=1 attack_w=0.528283
DBG t=24 used=0.02 remain=1.46 turn_time=0.0192105 end_in=0.0192105 depth=7 dec=0 cand_cap=20 cand=35->20 pick(must/top/rand)=7/9/4 sims=3112 loop=3092 best_avg=-0.260261 leader=2 inc2=1 attack_w=0.25
DBG t=37 used=0.02 remain=1.198 turn_time=0.0190159 end_in=0.0190159 depth=10 dec=0 cand_cap=20 cand=46->20 pick(must/top/rand)=9/7/4 sims=856 loop=836 best_avg=-0.358558 leader=1 inc2=1 attack_w=0.25
DBG t=49 used=0.019 remain=0.968 turn_time=0.0189804 end_in=0.0189804 depth=10 dec=0 cand_cap=20 cand=49->20 pick(must/top/rand)=9/7/4 sims=1480 loop=1460 best_avg=-0.300811 leader=1 inc2=1 attack_w=0.25
DBG t=61 used=0.019 remain=0.74 turn_time=0.0189744 end_in=0.0189744 depth=10 dec=0 cand_cap=20 cand=58->20 pick(must/top/rand)=9/7/4 sims=1364 loop=1344 best_avg=-0.0386633 leader=1 inc2=1 attack_w=0.25
DBG t=74 used=0.019 remain=0.492 turn_time=0.0189231 end_in=0.0189231 depth=11 dec=0 cand_cap=20 cand=59->20 pick(must/top/rand)=8/8/4 sims=1168 loop=1148 best_avg=-0.149387 leader=1 inc2=1 attack_w=0.25
DBG t=86 used=0.019 remain=0.264 turn_time=0.0188571 end_in=0.0188571 depth=11 dec=0 cand_cap=20 cand=61->20 pick(must/top/rand)=8/8/4 sims=1052 loop=1032 best_avg=-0.258205 leader=2 inc2=1 attack_w=0.25
DBG t=99 used=0.017 remain=0.017 turn_time=0.017 end_in=0.016 depth=0 dec=1 cand_cap=20 cand=62->20 pick(must/top/rand)=9/7/4 sims=40544 loop=40524 best_avg=-0.085993 leader=2 inc2=1 attack_w=0.25
DBG summary depth_safety_fired=1
Score = 228483

=== CASE 0149.txt ===
cmd=target/release/tester ./a.out
returncode=0 timed_out=0 elapsed_sec=1.951581
score=201727.0
--- stdout ---
4 5
4 5
4 5
4 4
5 4
5 4
5 3
6 3
5 3
5 2
5 4
5 2
5 4
5 3
5 2
5 3
5 3
5 5
5 6
5 6
5 7
5 2
5 7
6 6
5 1
6 6
5 2
6 7
6 7
6 7
4 3
6 8
6 1
6 6
6 7
6 1
5 1
6 2
5 3
5 4
4 6
5 5
6 2
6 6
7 2
5 5
5 4
6 1
3 6
5 3
6 6
7 6
7 6
8 6
7 1
7 7
7 6
3 7
6 6
7 6
5 5
4 7
4 3
7 6
7 7
8 6
7 5
8 6
7 5
7 8
7 5
9 6
7 5
8 6
5 4
7 5
8 5
8 5
8 5
7 5
5 2
7 7
8 5
5 3
3 5
5 2
5 3
7 5
5 2
5 1
2 7
7 5
5 1
6 5
5 1
9 5
6 5
7 5
8 5
7 5
--- stderr ---
DBG hdr N=10 M=7 T=100 U=5 VMAX=1666 TIME_LIMIT=1.94 MAX_CAND=20 UCB_C=0.21
DBG t=0 used=0.02 remain=1.94 turn_time=0.0194 end_in=0.0194 depth=7 dec=0 cand_cap=20 cand=5->5 pick(must/top/rand)=4/1/0 sims=2505 loop=2500 best_avg=-0.65136 leader=6 inc2=1 attack_w=1
DBG t=12 used=0.02 remain=1.7 turn_time=0.0193182 end_in=0.0193182 depth=7 dec=0 cand_cap=20 cand=14->14 pick(must/top/rand)=7/7/0 sims=1962 loop=1948 best_avg=-0.295739 leader=6 inc2=1 attack_w=0.25
DBG t=24 used=0.02 remain=1.46 turn_time=0.0192105 end_in=0.0192105 depth=7 dec=0 cand_cap=20 cand=21->20 pick(must/top/rand)=7/9/4 sims=2196 loop=2176 best_avg=0.0890655 leader=5 inc2=1 attack_w=0.25
DBG t=37 used=0.019 remain=1.196 turn_time=0.0189841 end_in=0.0189841 depth=10 dec=0 cand_cap=20 cand=32->20 pick(must/top/rand)=8/8/4 sims=492 loop=472 best_avg=0.173301 leader=5 inc2=1 attack_w=0.25
DBG t=49 used=0.019 remain=0.968 turn_time=0.0189804 end_in=0.0189804 depth=10 dec=0 cand_cap=20 cand=33->20 pick(must/top/rand)=8/8/4 sims=1312 loop=1292 best_avg=0.0460804 leader=5 inc2=1 attack_w=0.25
DBG t=61 used=0.019 remain=0.74 turn_time=0.0189744 end_in=0.0189744 depth=10 dec=0 cand_cap=20 cand=33->20 pick(must/top/rand)=9/7/4 sims=1224 loop=1204 best_avg=0.118566 leader=5 inc2=1 attack_w=0.25
DBG t=74 used=0.019 remain=0.492 turn_time=0.0189231 end_in=0.0189231 depth=11 dec=0 cand_cap=20 cand=41->20 pick(must/top/rand)=7/9/4 sims=1372 loop=1352 best_avg=0.31718 leader=5 inc2=1 attack_w=0.25
DBG t=86 used=0.019 remain=0.264 turn_time=0.0188571 end_in=0.0188571 depth=11 dec=0 cand_cap=20 cand=42->20 pick(must/top/rand)=8/8/4 sims=1344 loop=1324 best_avg=0.461754 leader=4 inc2=1 attack_w=0.25
DBG t=99 used=0.017 remain=0.017 turn_time=0.017 end_in=0.016 depth=0 dec=1 cand_cap=20 cand=45->20 pick(must/top/rand)=5/11/4 sims=30540 loop=30520 best_avg=0.560212 leader=6 inc2=1 attack_w=0.25
DBG summary depth_safety_fired=1
Score = 201727

=== CASE 0148.txt ===
cmd=target/release/tester ./a.out
returncode=0 timed_out=0 elapsed_sec=1.952631
score=190440.0
--- stdout ---
7 7
8 7
5 7
4 7
3 7
2 7
2 7
4 7
1 7
1 8
0 7
0 7
0 8
1 7
1 8
1 8
0 7
1 9
1 9
0 7
0 8
0 6
0 6
0 7
0 8
2 7
2 7
3 7
2 7
3 8
5 8
0 7
3 8
6 8
3 6
6 7
5 6
3 5
6 8
3 8
5 5
0 6
3 5
7 8
5 6
0 6
0 9
7 8
5 5
4 8
2 5
2 5
2 5
2 4
2 4
4 9
5 8
7 7
6 6
6 5
6 7
5 4
6 4
3 9
6 4
0 6
1 5
8 7
2 6
4 6
6 3
1 4
1 4
6 5
6 3
1 5
0 5
6 3
2 4
6 2
8 6
2 4
2 3
4 9
4 6
1 3
2 4
0 4
5 5
0 4
0 3
0 3
8 7
0 2
0 2
1 3
1 3
1 2
1 2
8 6
--- stderr ---
DBG hdr N=10 M=6 T=100 U=2 VMAX=2056 TIME_LIMIT=1.94 MAX_CAND=20 UCB_C=0.21
DBG t=0 used=0.02 remain=1.94 turn_time=0.0194 end_in=0.0194 depth=7 dec=0 cand_cap=20 cand=4->4 pick(must/top/rand)=3/1/0 sims=2724 loop=2720 best_avg=-1.01041 leader=4 inc2=1 attack_w=1
DBG t=12 used=0.02 remain=1.7 turn_time=0.0193182 end_in=0.0193182 depth=7 dec=0 cand_cap=20 cand=9->9 pick(must/top/rand)=7/2/0 sims=1745 loop=1736 best_avg=-1.14916 leader=4 inc2=1 attack_w=1
DBG t=24 used=0.02 remain=1.46 turn_time=0.0192105 end_in=0.0192105 depth=7 dec=0 cand_cap=20 cand=11->11 pick(must/top/rand)=5/6/0 sims=1563 loop=1552 best_avg=-0.944107 leader=2 inc2=1 attack_w=1
DBG t=37 used=0.02 remain=1.197 turn_time=0.019 end_in=0.019 depth=10 dec=0 cand_cap=20 cand=31->20 pick(must/top/rand)=7/9/4 sims=420 loop=400 best_avg=-0.549721 leader=2 inc2=1 attack_w=0.843347
DBG t=49 used=0.019 remain=0.968 turn_time=0.0189804 end_in=0.0189804 depth=10 dec=0 cand_cap=20 cand=39->20 pick(must/top/rand)=8/8/4 sims=1056 loop=1036 best_avg=-0.229834 leader=2 inc2=1 attack_w=0.25
DBG t=61 used=0.019 remain=0.74 turn_time=0.0189744 end_in=0.0189744 depth=10 dec=0 cand_cap=20 cand=48->20 pick(must/top/rand)=9/7/4 sims=892 loop=872 best_avg=-0.0595194 leader=2 inc2=1 attack_w=0.25
DBG t=74 used=0.019 remain=0.491 turn_time=0.0188846 end_in=0.0188846 depth=11 dec=0 cand_cap=20 cand=55->20 pick(must/top/rand)=8/8/4 sims=796 loop=776 best_avg=-0.00275841 leader=2 inc2=1 attack_w=0.25
DBG t=86 used=0.019 remain=0.263 turn_time=0.0187857 end_in=0.0187857 depth=11 dec=0 cand_cap=20 cand=52->20 pick(must/top/rand)=9/7/4 sims=692 loop=672 best_avg=-0.0918334 leader=2 inc2=1 attack_w=0.25
DBG t=99 used=0.017 remain=0.017 turn_time=0.017 end_in=0.016 depth=0 dec=1 cand_cap=20 cand=56->20 pick(must/top/rand)=8/8/4 sims=24840 loop=24820 best_avg=0.423626 leader=2 inc2=1 attack_w=0.25
DBG summary depth_safety_fired=2
Score = 190440

=== CASE 0150.txt ===
cmd=target/release/tester ./a.out
returncode=0 timed_out=0 elapsed_sec=1.955091
score=180347.0
--- stdout ---
5 3
5 4
5 4
5 3
4 2
4 2
6 4
4 4
4 5
4 5
6 4
4 6
5 5
4 6
5 5
4 7
5 7
4 8
5 7
3 8
4 6
5 7
6 3
2 8
6 7
2 7
1 8
5 7
2 8
2 6
6 4
4 8
4 9
4 6
1 8
2 9
2 6
4 7
2 8
4 6
4 5
5 4
5 9
1 9
1 9
1 9
3 8
2 7
0 9
4 5
0 9
4 5
4 5
3 5
4 9
2 5
4 8
3 4
6 3
5 3
5 2
2 9
5 4
7 3
4 5
3 5
5 5
5 9
6 3
7 2
5 8
5 5
6 8
4 7
5 8
7 3
3 3
3 2
7 4
8 4
6 8
1 5
8 3
8 3
5 8
6 8
6 9
7 9
6 8
6 9
7 8
3 6
3 6
5 8
4 5
7 7
4 7
5 5
4 5
4 6
--- stderr ---
DBG hdr N=10 M=4 T=100 U=2 VMAX=2104 TIME_LIMIT=1.94 MAX_CAND=20 UCB_C=0.21
DBG t=0 used=0.02 remain=1.94 turn_time=0.0194 end_in=0.0194 depth=7 dec=0 cand_cap=20 cand=5->5 pick(must/top/rand)=3/2/0 sims=3689 loop=3684 best_avg=-1.32651 leader=3 inc2=1 attack_w=1
DBG t=12 used=0.02 remain=1.7 turn_time=0.0193182 end_in=0.0193182 depth=7 dec=0 cand_cap=20 cand=21->20 pick(must/top/rand)=6/10/4 sims=2200 loop=2180 best_avg=-1.09458 leader=2 inc2=1 attack_w=1
DBG t=24 used=0.02 remain=1.46 turn_time=0.0192105 end_in=0.0192105 depth=7 dec=0 cand_cap=20 cand=35->20 pick(must/top/rand)=9/7/4 sims=1824 loop=1804 best_avg=-1.12254 leader=2 inc2=1 attack_w=0.807293
DBG t=37 used=0.02 remain=1.2 turn_time=0.0190476 end_in=0.0190476 depth=10 dec=0 cand_cap=20 cand=34->20 pick(must/top/rand)=7/9/4 sims=1416 loop=1396 best_avg=-0.997535 leader=2 inc2=0 attack_w=1
DBG t=49 used=0.019 remain=0.968 turn_time=0.0189804 end_in=0.0189804 depth=10 dec=0 cand_cap=20 cand=24->20 pick(must/top/rand)=9/7/4 sims=1228 loop=1208 best_avg=-0.561243 leader=1 inc2=1 attack_w=0.25
DBG t=61 used=0.019 remain=0.74 turn_time=0.0189744 end_in=0.0189744 depth=10 dec=0 cand_cap=20 cand=43->20 pick(must/top/rand)=9/7/4 sims=1152 loop=1132 best_avg=-0.473944 leader=3 inc2=1 attack_w=0.25
DBG t=74 used=0.019 remain=0.493 turn_time=0.0189615 end_in=0.0189615 depth=11 dec=0 cand_cap=20 cand=47->20 pick(must/top/rand)=8/8/4 sims=956 loop=936 best_avg=-0.34783 leader=2 inc2=1 attack_w=0.25
DBG t=86 used=0.019 remain=0.265 turn_time=0.0189286 end_in=0.0189286 depth=11 dec=0 cand_cap=20 cand=56->20 pick(must/top/rand)=9/7/4 sims=1100 loop=1080 best_avg=-0.325664 leader=1 inc2=1 attack_w=0.25
DBG t=99 used=0.018 remain=0.018 turn_time=0.018 end_in=0.017 depth=0 dec=0 cand_cap=20 cand=62->20 pick(must/top/rand)=9/7/4 sims=39884 loop=39864 best_avg=-0.0685515 leader=1 inc2=0 attack_w=0.25
DBG summary depth_safety_fired=0
Score = 180347

=== CASE 0151.txt ===
cmd=target/release/tester ./a.out
returncode=0 timed_out=0 elapsed_sec=1.953819
score=449605.0
--- stdout ---
2 9
1 8
0 8
1 9
0 7
3 9
4 9
5 9
5 8
6 9
5 7
3 8
1 7
3 7
1 6
0 6
6 7
1 5
2 5
2 4
3 4
2 3
6 8
7 7
2 2
3 2
2 1
3 3
1 2
3 1
4 1
5 1
4 0
4 2
6 1
6 0
3 2
2 3
4 3
4 4
5 0
3 4
3 1
7 1
3 1
4 5
3 1
7 0
2 1
2 3
2 2
1 2
1 3
3 0
6 2
0 3
0 2
0 1
2 3
1 1
2 2
2 4
0 0
4 1
4 6
0 5
5 3
8 1
8 2
4 0
9 1
4 0
4 1
8 3
8 3
4 2
3 0
9 3
1 4
9 4
2 2
6 3
1 1
0 4
0 2
2 0
5 5
2 3
0 9
9 0
4 7
2 2
7 8
0 2
0 1
2 0
2 1
2 1
3 1
1 0
--- stderr ---
DBG hdr N=10 M=3 T=100 U=1 VMAX=1679 TIME_LIMIT=1.94 MAX_CAND=20 UCB_C=0.21
DBG t=0 used=0.02 remain=1.94 turn_time=0.0194 end_in=0.0194 depth=7 dec=0 cand_cap=20 cand=5->5 pick(must/top/rand)=3/2/0 sims=4049 loop=4044 best_avg=-1.01356 leader=2 inc2=1 attack_w=1
DBG t=12 used=0.02 remain=1.7 turn_time=0.0193182 end_in=0.0193182 depth=7 dec=0 cand_cap=20 cand=24->20 pick(must/top/rand)=3/13/4 sims=2836 loop=2816 best_avg=-0.745667 leader=1 inc2=1 attack_w=0.25
DBG t=24 used=0.02 remain=1.46 turn_time=0.0192105 end_in=0.0192105 depth=7 dec=0 cand_cap=20 cand=43->20 pick(must/top/rand)=5/11/4 sims=2624 loop=2604 best_avg=-0.686874 leader=1 inc2=1 attack_w=0.25
DBG t=37 used=0.02 remain=1.2 turn_time=0.0190476 end_in=0.0190476 depth=10 dec=0 cand_cap=20 cand=19->19 pick(must/top/rand)=6/10/3 sims=1983 loop=1964 best_avg=-0.0320893 leader=2 inc2=1 attack_w=0.25
DBG t=49 used=0.019 remain=0.968 turn_time=0.0189804 end_in=0.0189804 depth=10 dec=0 cand_cap=20 cand=29->20 pick(must/top/rand)=7/9/4 sims=1464 loop=1444 best_avg=0.363129 leader=1 inc2=1 attack_w=0.25
DBG t=61 used=0.019 remain=0.74 turn_time=0.0189744 end_in=0.0189744 depth=10 dec=0 cand_cap=20 cand=27->20 pick(must/top/rand)=7/9/4 sims=1372 loop=1352 best_avg=0.647257 leader=2 inc2=1 attack_w=0.25
DBG t=74 used=0.019 remain=0.493 turn_time=0.0189615 end_in=0.0189615 depth=11 dec=0 cand_cap=20 cand=25->20 pick(must/top/rand)=6/10/4 sims=1052 loop=1032 best_avg=0.841257 leader=2 inc2=1 attack_w=0.25
DBG t=86 used=0.019 remain=0.265 turn_time=0.0189286 end_in=0.0189286 depth=11 dec=0 cand_cap=20 cand=86->20 pick(must/top/rand)=7/9/4 sims=992 loop=972 best_avg=0.786159 leader=2 inc2=1 attack_w=0.25
DBG t=99 used=0.018 remain=0.018 turn_time=0.018 end_in=0.017 depth=0 dec=0 cand_cap=20 cand=89->20 pick(must/top/rand)=6/10/4 sims=51848 loop=51828 best_avg=2.17543 leader=2 inc2=1 attack_w=0.15
DBG summary depth_safety_fired=0
Score = 449605

=== CASE 0153.txt ===
cmd=target/release/tester ./a.out
returncode=0 timed_out=0 elapsed_sec=1.952020
score=144717.0
--- stdout ---
8 4
9 4
9 3
8 4
9 2
9 1
9 0
9 0
8 0
7 0
6 0
5 0
4 0
3 0
3 0
8 1
3 1
3 1
3 2
3 3
5 0
4 1
7 1
7 1
4 0
7 1
5 1
4 1
2 1
2 0
2 0
2 1
9 2
9 3
8 4
7 4
7 5
6 5
9 1
7 0
7 0
3 1
6 5
8 4
2 1
5 1
8 0
4 2
4 2
1 0
6 5
7 4
0 0
3 1
0 0
5 2
0 1
0 2
0 2
6 0
7 4
1 0
6 0
8 3
4 2
1 1
1 1
0 2
6 2
6 2
6 2
6 0
2 1
1 2
2 2
3 2
6 0
4 2
5 1
0 1
2 2
2 2
1 1
5 1
2 1
7 0
2 2
6 0
2 2
5 2
7 0
5 2
5 1
4 3
4 3
2 2
7 0
7 0
2 2
7 0
--- stderr ---
DBG hdr N=10 M=5 T=100 U=2 VMAX=1370 TIME_LIMIT=1.94 MAX_CAND=20 UCB_C=0.21
DBG t=0 used=0.02 remain=1.94 turn_time=0.0194 end_in=0.0194 depth=7 dec=0 cand_cap=20 cand=4->4 pick(must/top/rand)=4/0/0 sims=3116 loop=3112 best_avg=-0.942228 leader=3 inc2=1 attack_w=0.32823
DBG t=12 used=0.02 remain=1.7 turn_time=0.0193182 end_in=0.0193182 depth=7 dec=0 cand_cap=20 cand=19->19 pick(must/top/rand)=5/11/3 sims=2155 loop=2136 best_avg=-0.826789 leader=1 inc2=0 attack_w=0.756752
DBG t=24 used=0.02 remain=1.46 turn_time=0.0192105 end_in=0.0192105 depth=7 dec=0 cand_cap=20 cand=27->20 pick(must/top/rand)=7/9/4 sims=1812 loop=1792 best_avg=-0.559761 leader=3 inc2=1 attack_w=0.25
DBG t=37 used=0.02 remain=1.2 turn_time=0.0190476 end_in=0.0190476 depth=10 dec=0 cand_cap=20 cand=17->17 pick(must/top/rand)=7/9/1 sims=1377 loop=1360 best_avg=-0.51163 leader=4 inc2=1 attack_w=0.25
DBG t=49 used=0.019 remain=0.968 turn_time=0.0189804 end_in=0.0189804 depth=10 dec=0 cand_cap=20 cand=38->20 pick(must/top/rand)=8/8/4 sims=1024 loop=1004 best_avg=-0.213454 leader=4 inc2=1 attack_w=0.25
DBG t=61 used=0.019 remain=0.74 turn_time=0.0189744 end_in=0.0189744 depth=10 dec=0 cand_cap=20 cand=45->20 pick(must/top/rand)=8/8/4 sims=1044 loop=1024 best_avg=-0.113301 leader=3 inc2=1 attack_w=0.25
DBG t=74 used=0.019 remain=0.493 turn_time=0.0189615 end_in=0.0189615 depth=11 dec=0 cand_cap=20 cand=27->20 pick(must/top/rand)=7/9/4 sims=1044 loop=1024 best_avg=-0.233774 leader=4 inc2=1 attack_w=0.25
DBG t=86 used=0.019 remain=0.265 turn_time=0.0189286 end_in=0.0189286 depth=11 dec=0 cand_cap=20 cand=23->20 pick(must/top/rand)=6/10/4 sims=976 loop=956 best_avg=-0.394672 leader=4 inc2=1 attack_w=0.25
DBG t=99 used=0.018 remain=0.018 turn_time=0.018 end_in=0.017 depth=0 dec=0 cand_cap=20 cand=28->20 pick(must/top/rand)=3/13/4 sims=21912 loop=21892 best_avg=-0.177505 leader=4 inc2=0 attack_w=0.25
DBG summary depth_safety_fired=0
Score = 144717

=== CASE 0152.txt ===
cmd=target/release/tester ./a.out
returncode=0 timed_out=0 elapsed_sec=1.952895
score=130142.0
--- stdout ---
3 6
3 5
2 5
1 5
0 5
0 5
1 5
0 5
1 5
2 5
0 5
1 5
0 6
0 6
3 4
3 4
2 5
2 4
2 4
3 3
4 3
3 3
0 4
2 4
3 3
2 4
4 3
0 6
3 4
1 4
0 6
4 3
2 5
1 5
0 7
5 3
0 4
1 4
1 6
0 4
0 5
4 2
1 4
3 8
1 7
2 4
1 4
4 8
0 4
3 3
0 5
3 9
0 4
1 4
1 8
1 5
5 2
4 2
5 1
0 7
2 8
2 8
3 4
5 2
4 9
4 1
3 2
4 4
4 1
1 4
2 6
4 0
0 5
4 0
5 0
5 0
0 8
4 4
0 4
5 4
5 1
5 0
0 4
1 6
1 6
0 4
0 4
5 5
6 0
6 0
6 0
0 3
0 4
5 3
0 4
2 2
6 0
7 0
6 1
6 1
--- stderr ---
DBG hdr N=10 M=3 T=100 U=4 VMAX=2181 TIME_LIMIT=1.94 MAX_CAND=20 UCB_C=0.21
DBG t=0 used=0.02 remain=1.94 turn_time=0.0194 end_in=0.0194 depth=7 dec=0 cand_cap=20 cand=5->5 pick(must/top/rand)=3/2/0 sims=4165 loop=4160 best_avg=-2.00364 leader=1 inc2=1 attack_w=1
DBG t=12 used=0.02 remain=1.7 turn_time=0.0193182 end_in=0.0193182 depth=7 dec=0 cand_cap=20 cand=18->18 pick(must/top/rand)=5/11/2 sims=2922 loop=2904 best_avg=-1.63988 leader=1 inc2=1 attack_w=0.812112
DBG t=24 used=0.02 remain=1.46 turn_time=0.0192105 end_in=0.0192105 depth=7 dec=0 cand_cap=20 cand=24->20 pick(must/top/rand)=8/8/4 sims=3280 loop=3260 best_avg=-1.50393 leader=1 inc2=1 attack_w=0.649401
DBG t=37 used=0.02 remain=1.2 turn_time=0.0190476 end_in=0.0190476 depth=10 dec=0 cand_cap=20 cand=31->20 pick(must/top/rand)=9/7/4 sims=1608 loop=1588 best_avg=-1.52629 leader=1 inc2=1 attack_w=0.386556
DBG t=49 used=0.019 remain=0.968 turn_time=0.0189804 end_in=0.0189804 depth=10 dec=0 cand_cap=20 cand=37->20 pick(must/top/rand)=9/7/4 sims=1308 loop=1288 best_avg=-1.41241 leader=1 inc2=1 attack_w=0.25
DBG t=61 used=0.019 remain=0.74 turn_time=0.0189744 end_in=0.0189744 depth=10 dec=0 cand_cap=20 cand=41->20 pick(must/top/rand)=9/7/4 sims=1252 loop=1232 best_avg=-1.51548 leader=1 inc2=1 attack_w=0.25
DBG t=74 used=0.019 remain=0.493 turn_time=0.0189615 end_in=0.0189615 depth=11 dec=0 cand_cap=20 cand=47->20 pick(must/top/rand)=9/7/4 sims=1172 loop=1152 best_avg=-1.33611 leader=1 inc2=1 attack_w=0.25
DBG t=86 used=0.019 remain=0.265 turn_time=0.0189286 end_in=0.0189286 depth=11 dec=0 cand_cap=20 cand=52->20 pick(must/top/rand)=9/7/4 sims=1244 loop=1224 best_avg=-1.21096 leader=1 inc2=1 attack_w=0.25
DBG t=99 used=0.018 remain=0.018 turn_time=0.018 end_in=0.017 depth=0 dec=0 cand_cap=20 cand=2->2 pick(must/top/rand)=2/0/0 sims=37538 loop=37536 best_avg=-1.19789 leader=2 inc2=1 attack_w=0.25
DBG summary depth_safety_fired=0
Score = 130142

=== CASE 0155.txt ===
cmd=target/release/tester ./a.out
returncode=0 timed_out=0 elapsed_sec=1.951546
score=107715.0
--- stdout ---
3 8
4 8
4 8
2 8
2 7
2 6
2 5
1 5
2 4
1 4
1 4
0 4
2 4
1 4
2 4
0 4
1 3
1 3
0 3
2 3
0 3
1 4
0 3
0 4
1 4
0 5
0 3
0 4
0 4
2 4
0 3
1 4
0 5
1 5
1 4
1 5
1 5
0 5
2 5
2 5
0 6
2 5
1 4
2 6
1 4
2 4
0 3
1 4
2 6
0 3
0 3
1 4
0 3
1 4
0 6
0 6
0 3
2 4
0 3
2 4
0 3
3 5
0 3
3 5
0 3
1 4
1 4
2 4
2 4
0 3
4 5
2 3
1 6
1 4
2 4
2 7
1 6
1 6
1 4
0 3
4 5
2 4
0 3
3 5
1 4
3 6
3 6
0 2
4 5
2 7
0 3
1 4
4 6
0 2
0 2
1 4
0 2
2 3
2 4
0 3
--- stderr ---
DBG hdr N=10 M=6 T=100 U=3 VMAX=4289 TIME_LIMIT=1.94 MAX_CAND=20 UCB_C=0.21
DBG t=0 used=0.02 remain=1.94 turn_time=0.0194 end_in=0.0194 depth=7 dec=0 cand_cap=20 cand=3->3 pick(must/top/rand)=3/0/0 sims=2679 loop=2676 best_avg=-1.92416 leader=4 inc2=1 attack_w=1
DBG t=12 used=0.02 remain=1.7 turn_time=0.0193182 end_in=0.0193182 depth=7 dec=0 cand_cap=20 cand=25->20 pick(must/top/rand)=8/8/4 sims=1892 loop=1872 best_avg=-0.512281 leader=4 inc2=1 attack_w=0.25
DBG t=24 used=0.02 remain=1.46 turn_time=0.0192105 end_in=0.0192105 depth=7 dec=0 cand_cap=20 cand=16->16 pick(must/top/rand)=7/9/0 sims=2032 loop=2016 best_avg=-0.831804 leader=3 inc2=1 attack_w=0.25
DBG t=37 used=0.02 remain=1.2 turn_time=0.0190476 end_in=0.0190476 depth=10 dec=0 cand_cap=20 cand=9->9 pick(must/top/rand)=5/4/0 sims=1405 loop=1396 best_avg=-0.605748 leader=4 inc2=1 attack_w=0.25
DBG t=49 used=0.019 remain=0.968 turn_time=0.0189804 end_in=0.0189804 depth=10 dec=0 cand_cap=20 cand=18->18 pick(must/top/rand)=6/10/2 sims=1394 loop=1376 best_avg=-0.607643 leader=2 inc2=1 attack_w=0.25
DBG t=61 used=0.019 remain=0.74 turn_time=0.0189744 end_in=0.0189744 depth=10 dec=0 cand_cap=20 cand=20->20 pick(must/top/rand)=6/10/4 sims=1360 loop=1340 best_avg=-0.68678 leader=1 inc2=1 attack_w=0.25
DBG t=74 used=0.019 remain=0.493 turn_time=0.0189615 end_in=0.0189615 depth=11 dec=0 cand_cap=20 cand=21->20 pick(must/top/rand)=5/11/4 sims=1180 loop=1160 best_avg=-0.693287 leader=1 inc2=1 attack_w=0.25
DBG t=86 used=0.019 remain=0.265 turn_time=0.0189286 end_in=0.0189286 depth=11 dec=0 cand_cap=20 cand=20->20 pick(must/top/rand)=5/11/4 sims=1232 loop=1212 best_avg=-0.72804 leader=1 inc2=1 attack_w=0.326849
DBG t=99 used=0.018 remain=0.018 turn_time=0.018 end_in=0.017 depth=0 dec=0 cand_cap=20 cand=23->20 pick(must/top/rand)=5/11/4 sims=20928 loop=20908 best_avg=-0.579754 leader=1 inc2=1 attack_w=0.394994
DBG summary depth_safety_fired=0
Score = 107715

=== CASE 0154.txt ===
cmd=target/release/tester ./a.out
returncode=0 timed_out=0 elapsed_sec=1.952626
score=146405.0
--- stdout ---
5 3
5 4
5 5
5 6
5 7
5 8
5 8
5 8
5 8
5 8
5 6
5 7
5 7
5 7
4 8
3 8
2 8
2 8
2 8
2 8
2 8
1 8
1 8
1 8
1 8
3 8
5 9
5 9
5 9
2 7
2 7
2 7
6 7
3 8
2 7
2 7
2 9
2 9
2 9
2 9
2 9
6 5
3 9
1 8
3 7
5 7
5 9
7 7
5 9
1 7
1 9
1 9
1 9
1 6
1 5
1 5
7 8
1 4
0 5
1 4
0 4
0 4
0 4
0 4
1 5
1 6
1 5
1 5
0 4
6 8
0 4
0 4
0 4
4 7
6 6
0 4
0 3
6 5
4 9
7 6
2 6
5 3
0 3
0 7
3 6
0 3
6 6
8 6
6 9
0 5
0 4
0 5
0 3
0 5
5 2
6 2
0 3
1 9
3 8
0 5
--- stderr ---
DBG hdr N=10 M=2 T=100 U=5 VMAX=1488 TIME_LIMIT=1.94 MAX_CAND=20 UCB_C=0.21
DBG t=0 used=0.02 remain=1.94 turn_time=0.0194 end_in=0.0194 depth=7 dec=0 cand_cap=20 cand=5->5 pick(must/top/rand)=3/2/0 sims=5377 loop=5372 best_avg=-2.75002 leader=1 inc2=1 attack_w=0.156207
DBG t=12 used=0.02 remain=1.7 turn_time=0.0193182 end_in=0.0193182 depth=7 dec=0 cand_cap=20 cand=23->20 pick(must/top/rand)=3/13/4 sims=4196 loop=4176 best_avg=-2.50702 leader=1 inc2=1 attack_w=0.25
DBG t=24 used=0.02 remain=1.46 turn_time=0.0192105 end_in=0.0192105 depth=7 dec=0 cand_cap=20 cand=34->20 pick(must/top/rand)=3/13/4 sims=3516 loop=3496 best_avg=-2.51505 leader=1 inc2=1 attack_w=0.25
DBG t=37 used=0.02 remain=1.2 turn_time=0.0190476 end_in=0.0190476 depth=10 dec=0 cand_cap=20 cand=37->20 pick(must/top/rand)=3/13/4 sims=2112 loop=2092 best_avg=-2.64183 leader=1 inc2=1 attack_w=0.25
DBG t=49 used=0.019 remain=0.968 turn_time=0.0189804 end_in=0.0189804 depth=10 dec=0 cand_cap=20 cand=42->20 pick(must/top/rand)=3/13/4 sims=1724 loop=1704 best_avg=-2.6961 leader=1 inc2=1 attack_w=0.25
DBG t=61 used=0.019 remain=0.74 turn_time=0.0189744 end_in=0.0189744 depth=10 dec=0 cand_cap=20 cand=54->20 pick(must/top/rand)=6/10/4 sims=1704 loop=1684 best_avg=-2.76186 leader=1 inc2=1 attack_w=0.25
DBG t=74 used=0.019 remain=0.493 turn_time=0.0189615 end_in=0.0189615 depth=11 dec=0 cand_cap=20 cand=56->20 pick(must/top/rand)=6/10/4 sims=1432 loop=1412 best_avg=-2.70197 leader=1 inc2=1 attack_w=0.25
DBG t=86 used=0.019 remain=0.265 turn_time=0.0189286 end_in=0.0189286 depth=11 dec=0 cand_cap=20 cand=58->20 pick(must/top/rand)=5/11/4 sims=1400 loop=1380 best_avg=-2.75619 leader=1 inc2=1 attack_w=0.25
DBG t=99 used=0.018 remain=0.018 turn_time=0.018 end_in=0.017 depth=0 dec=0 cand_cap=20 cand=56->20 pick(must/top/rand)=7/9/4 sims=45788 loop=45768 best_avg=-2.71781 leader=1 inc2=1 attack_w=0.25
DBG summary depth_safety_fired=0
Score = 146405

=== CASE 0157.txt ===
cmd=target/release/tester ./a.out
returncode=0 timed_out=0 elapsed_sec=1.955040
score=111872.0
--- stdout ---
1 7
1 6
2 6
2 5
3 5
4 5
5 5
5 5
6 5
5 4
5 3
5 3
5 3
5 2
5 2
5 3
5 1
5 3
4 5
5 1
5 1
6 1
6 1
5 2
6 1
5 4
5 5
6 3
6 3
6 2
6 3
4 6
6 2
6 3
4 3
4 3
6 1
4 2
4 2
4 6
6 3
4 2
4 3
6 3
4 3
6 1
6 3
5 4
3 5
4 5
6 3
6 2
6 3
4 4
5 4
3 5
7 2
6 3
3 3
6 1
6 3
4 6
3 5
6 1
4 2
6 1
6 3
4 4
4 6
6 1
4 4
6 3
3 5
3 5
4 4
4 6
3 5
6 2
6 3
4 4
7 2
3 3
7 2
7 2
4 6
4 4
3 5
6 3
4 3
4 2
3 3
4 6
4 6
6 3
4 6
4 5
7 2
6 3
7 2
6 1
--- stderr ---
DBG hdr N=10 M=8 T=100 U=3 VMAX=2358 TIME_LIMIT=1.94 MAX_CAND=20 UCB_C=0.21
DBG t=0 used=0.02 remain=1.94 turn_time=0.0194 end_in=0.0194 depth=7 dec=0 cand_cap=20 cand=5->5 pick(must/top/rand)=3/2/0 sims=2257 loop=2252 best_avg=-1.51634 leader=5 inc2=1 attack_w=1
DBG t=12 used=0.02 remain=1.7 turn_time=0.0193182 end_in=0.0193182 depth=7 dec=0 cand_cap=20 cand=27->20 pick(must/top/rand)=3/13/4 sims=1848 loop=1828 best_avg=-0.650342 leader=5 inc2=1 attack_w=1
DBG t=24 used=0.02 remain=1.46 turn_time=0.0192105 end_in=0.0192105 depth=7 dec=0 cand_cap=20 cand=18->18 pick(must/top/rand)=7/9/2 sims=1746 loop=1728 best_avg=-0.301958 leader=5 inc2=1 attack_w=0.25
DBG t=37 used=0.02 remain=1.2 turn_time=0.0190476 end_in=0.0190476 depth=10 dec=0 cand_cap=20 cand=22->20 pick(must/top/rand)=7/9/4 sims=1016 loop=996 best_avg=-0.167634 leader=7 inc2=1 attack_w=0.25
DBG t=49 used=0.019 remain=0.967 turn_time=0.0189608 end_in=0.0189608 depth=10 dec=0 cand_cap=20 cand=23->20 pick(must/top/rand)=5/11/4 sims=1012 loop=992 best_avg=-0.315615 leader=7 inc2=1 attack_w=0.25
DBG t=61 used=0.019 remain=0.739 turn_time=0.0189487 end_in=0.0189487 depth=10 dec=0 cand_cap=20 cand=24->20 pick(must/top/rand)=5/11/4 sims=940 loop=920 best_avg=-0.403346 leader=7 inc2=1 attack_w=0.25
DBG t=74 used=0.019 remain=0.492 turn_time=0.0189231 end_in=0.0189231 depth=11 dec=0 cand_cap=20 cand=23->20 pick(must/top/rand)=6/10/4 sims=856 loop=836 best_avg=-0.35015 leader=7 inc2=1 attack_w=0.25
DBG t=86 used=0.019 remain=0.264 turn_time=0.0188571 end_in=0.0188571 depth=11 dec=0 cand_cap=20 cand=21->20 pick(must/top/rand)=5/11/4 sims=880 loop=860 best_avg=-0.517294 leader=4 inc2=1 attack_w=0.25
DBG t=99 used=0.017 remain=0.017 turn_time=0.017 end_in=0.016 depth=0 dec=1 cand_cap=20 cand=24->20 pick(must/top/rand)=3/13/4 sims=14976 loop=14956 best_avg=-0.286189 leader=4 inc2=1 attack_w=0.25
DBG summary depth_safety_fired=1
Score = 111872

=== CASE 0158.txt ===
cmd=target/release/tester ./a.out
returncode=0 timed_out=0 elapsed_sec=1.954077
score=270069.0
--- stdout ---
9 5
9 4
8 5
9 3
9 2
8 2
7 2
6 2
5 2
9 1
4 2
4 3
7 5
3 3
3 4
5 3
2 3
2 4
1 3
1 2
3 5
4 4
2 2
3 6
0 2
6 3
3 7
6 4
1 4
1 1
5 4
0 3
5 5
0 4
6 5
8 4
3 2
2 7
2 1
1 7
3 1
7 3
1 8
3 5
2 8
4 1
7 6
5 6
3 5
0 5
0 8
7 4
2 6
0 7
3 8
2 9
1 6
3 5
0 6
4 5
3 0
8 3
4 6
2 0
9 0
1 5
6 6
4 3
2 5
4 2
8 1
1 0
3 5
2 4
6 1
3 3
9 7
4 0
7 1
7 7
8 0
8 7
7 0
3 4
6 0
3 3
4 8
3 9
6 7
7 8
2 4
3 3
4 2
0 5
2 5
2 4
5 1
0 4
3 2
3 3
--- stderr ---
DBG hdr N=10 M=3 T=100 U=1 VMAX=1661 TIME_LIMIT=1.94 MAX_CAND=20 UCB_C=0.21
DBG t=0 used=0.02 remain=1.94 turn_time=0.0194 end_in=0.0194 depth=7 dec=0 cand_cap=20 cand=4->4 pick(must/top/rand)=3/1/0 sims=4268 loop=4264 best_avg=-1.47869 leader=1 inc2=1 attack_w=0.321191
DBG t=12 used=0.02 remain=1.7 turn_time=0.0193182 end_in=0.0193182 depth=7 dec=0 cand_cap=20 cand=28->20 pick(must/top/rand)=6/10/4 sims=2460 loop=2440 best_avg=-1.357 leader=2 inc2=1 attack_w=1
DBG t=24 used=0.02 remain=1.46 turn_time=0.0192105 end_in=0.0192105 depth=7 dec=0 cand_cap=20 cand=50->20 pick(must/top/rand)=7/9/4 sims=1800 loop=1780 best_avg=-1.1629 leader=2 inc2=1 attack_w=0.25
DBG t=37 used=0.02 remain=1.2 turn_time=0.0190476 end_in=0.0190476 depth=10 dec=0 cand_cap=20 cand=63->20 pick(must/top/rand)=7/9/4 sims=952 loop=932 best_avg=-1.0255 leader=2 inc2=1 attack_w=0.25
DBG t=49 used=0.019 remain=0.968 turn_time=0.0189804 end_in=0.0189804 depth=10 dec=0 cand_cap=20 cand=75->20 pick(must/top/rand)=7/9/4 sims=836 loop=816 best_avg=-0.995135 leader=2 inc2=1 attack_w=0.25
DBG t=61 used=0.019 remain=0.74 turn_time=0.0189744 end_in=0.0189744 depth=10 dec=0 cand_cap=20 cand=48->20 pick(must/top/rand)=5/11/4 sims=1076 loop=1056 best_avg=-0.621083 leader=2 inc2=1 attack_w=0.25
DBG t=74 used=0.019 remain=0.493 turn_time=0.0189615 end_in=0.0189615 depth=11 dec=0 cand_cap=20 cand=80->20 pick(must/top/rand)=5/11/4 sims=824 loop=804 best_avg=-0.291014 leader=1 inc2=1 attack_w=0.25
DBG t=86 used=0.019 remain=0.265 turn_time=0.0189286 end_in=0.0189286 depth=11 dec=0 cand_cap=20 cand=87->20 pick(must/top/rand)=6/10/4 sims=836 loop=816 best_avg=0.0145417 leader=1 inc2=1 attack_w=0.25
DBG t=99 used=0.018 remain=0.018 turn_time=0.018 end_in=0.017 depth=0 dec=0 cand_cap=20 cand=88->20 pick(must/top/rand)=6/10/4 sims=36740 loop=36720 best_avg=0.375174 leader=1 inc2=1 attack_w=0.25
DBG summary depth_safety_fired=0
Score = 270069

=== CASE 0156.txt ===
cmd=target/release/tester ./a.out
returncode=0 timed_out=0 elapsed_sec=1.956743
score=137487.0
--- stdout ---
1 7
2 6
1 6
2 7
2 7
2 7
2 7
3 6
2 7
1 8
0 6
0 6
3 6
3 5
0 7
0 7
1 7
2 5
1 7
2 5
1 5
3 6
0 6
0 7
1 8
0 7
3 6
1 7
1 8
3 6
4 6
3 5
4 6
1 5
4 6
0 6
2 7
1 8
1 7
1 4
4 6
2 5
1 3
2 3
1 8
1 3
2 3
0 7
1 2
2 2
3 3
4 6
1 1
1 1
1 2
2 2
0 2
0 2
0 3
2 2
0 6
0 2
3 5
3 4
1 2
2 7
4 5
3 6
5 6
3 3
0 6
4 4
3 6
2 7
1 2
3 6
4 6
4 6
3 6
4 3
3 3
3 6
3 3
3 6
2 7
2 3
3 6
5 3
2 3
4 3
0 2
2 3
3 3
2 3
3 3
2 3
3 3
0 4
5 4
2 3
--- stderr ---
DBG hdr N=10 M=8 T=100 U=5 VMAX=1060 TIME_LIMIT=1.94 MAX_CAND=20 UCB_C=0.21
DBG t=0 used=0.02 remain=1.94 turn_time=0.0194 end_in=0.0194 depth=7 dec=0 cand_cap=20 cand=5->5 pick(must/top/rand)=3/2/0 sims=2573 loop=2568 best_avg=-0.425397 leader=2 inc2=1 attack_w=0.570588
DBG t=12 used=0.02 remain=1.7 turn_time=0.0193182 end_in=0.0193182 depth=7 dec=0 cand_cap=20 cand=17->17 pick(must/top/rand)=5/11/1 sims=1597 loop=1580 best_avg=-0.369183 leader=7 inc2=1 attack_w=0.50138
DBG t=24 used=0.02 remain=1.46 turn_time=0.0192105 end_in=0.0192105 depth=7 dec=0 cand_cap=20 cand=21->20 pick(must/top/rand)=9/7/4 sims=1368 loop=1348 best_avg=-0.383558 leader=4 inc2=1 attack_w=0.288853
DBG t=37 used=0.02 remain=1.2 turn_time=0.0190476 end_in=0.0190476 depth=10 dec=0 cand_cap=20 cand=22->20 pick(must/top/rand)=7/9/4 sims=832 loop=812 best_avg=-0.404089 leader=4 inc2=1 attack_w=0.368245
DBG t=49 used=0.019 remain=0.968 turn_time=0.0189804 end_in=0.0189804 depth=10 dec=0 cand_cap=20 cand=32->20 pick(must/top/rand)=5/11/4 sims=964 loop=944 best_avg=-0.122134 leader=4 inc2=1 attack_w=0.25
DBG t=61 used=0.019 remain=0.74 turn_time=0.0189744 end_in=0.0189744 depth=10 dec=0 cand_cap=20 cand=32->20 pick(must/top/rand)=7/9/4 sims=1012 loop=992 best_avg=-0.0687009 leader=4 inc2=1 attack_w=0.25
DBG t=74 used=0.019 remain=0.493 turn_time=0.0189615 end_in=0.0189615 depth=11 dec=0 cand_cap=20 cand=36->20 pick(must/top/rand)=5/11/4 sims=840 loop=820 best_avg=-0.25924 leader=1 inc2=1 attack_w=0.25
DBG t=86 used=0.019 remain=0.265 turn_time=0.0189286 end_in=0.0189286 depth=11 dec=0 cand_cap=20 cand=38->20 pick(must/top/rand)=5/11/4 sims=924 loop=904 best_avg=-0.145119 leader=4 inc2=1 attack_w=0.25
DBG t=99 used=0.018 remain=0.018 turn_time=0.018 end_in=0.017 depth=0 dec=0 cand_cap=20 cand=42->20 pick(must/top/rand)=6/10/4 sims=19332 loop=19312 best_avg=0.00707509 leader=4 inc2=1 attack_w=0.25
DBG summary depth_safety_fired=0
Score = 137487

=== CASE 0159.txt ===
cmd=target/release/tester ./a.out
returncode=0 timed_out=0 elapsed_sec=1.953240
score=98495.0
--- stdout ---
5 1
5 1
6 1
5 1
6 1
5 1
6 1
5 2
5 1
5 2
5 1
5 2
4 2
4 2
4 2
5 2
5 1
5 3
5 0
5 3
5 1
5 3
5 3
5 1
7 1
7 0
8 0
6 3
8 0
6 4
7 4
7 5
5 1
7 6
6 6
6 6
7 6
4 3
7 6
6 6
7 5
7 5
6 6
5 6
5 6
7 5
7 4
5 7
6 6
5 6
5 8
5 6
7 6
6 5
6 5
4 6
6 6
7 4
6 4
7 6
6 5
4 7
7 6
8 5
6 4
7 4
7 4
6 4
6 6
6 4
6 4
4 8
6 6
6 7
7 5
6 7
5 6
6 5
6 7
4 7
4 7
4 7
4 9
7 4
4 9
6 8
7 8
5 8
5 8
7 6
7 9
8 9
8 9
4 9
8 9
6 6
5 8
5 9
5 9
7 4
--- stderr ---
DBG hdr N=10 M=4 T=100 U=4 VMAX=2020 TIME_LIMIT=1.94 MAX_CAND=20 UCB_C=0.21
DBG t=0 used=0.02 remain=1.94 turn_time=0.0194 end_in=0.0194 depth=7 dec=0 cand_cap=20 cand=5->5 pick(must/top/rand)=3/2/0 sims=3837 loop=3832 best_avg=-1.34537 leader=1 inc2=0 attack_w=1
DBG t=12 used=0.02 remain=1.7 turn_time=0.0193182 end_in=0.0193182 depth=7 dec=0 cand_cap=20 cand=10->10 pick(must/top/rand)=3/7/0 sims=2898 loop=2888 best_avg=-1.37937 leader=3 inc2=0 attack_w=0.498997
DBG t=24 used=0.02 remain=1.46 turn_time=0.0192105 end_in=0.0192105 depth=7 dec=0 cand_cap=20 cand=15->15 pick(must/top/rand)=5/10/0 sims=2223 loop=2208 best_avg=-1.33944 leader=3 inc2=0 attack_w=1
DBG t=37 used=0.02 remain=1.2 turn_time=0.0190476 end_in=0.0190476 depth=10 dec=0 cand_cap=20 cand=33->20 pick(must/top/rand)=7/9/4 sims=1212 loop=1192 best_avg=-1.16458 leader=3 inc2=0 attack_w=0.824127
DBG t=49 used=0.019 remain=0.968 turn_time=0.0189804 end_in=0.0189804 depth=10 dec=0 cand_cap=20 cand=15->15 pick(must/top/rand)=7/8/0 sims=1239 loop=1224 best_avg=-1.07933 leader=2 inc2=1 attack_w=0.526007
DBG t=61 used=0.019 remain=0.74 turn_time=0.0189744 end_in=0.0189744 depth=10 dec=0 cand_cap=20 cand=16->16 pick(must/top/rand)=8/8/0 sims=1392 loop=1376 best_avg=-1.1337 leader=2 inc2=1 attack_w=0.728142
DBG t=74 used=0.019 remain=0.493 turn_time=0.0189615 end_in=0.0189615 depth=11 dec=0 cand_cap=20 cand=22->20 pick(must/top/rand)=9/7/4 sims=1104 loop=1084 best_avg=-1.22627 leader=1 inc2=1 attack_w=0.532419
DBG t=86 used=0.019 remain=0.265 turn_time=0.0189286 end_in=0.0189286 depth=11 dec=0 cand_cap=20 cand=25->20 pick(must/top/rand)=9/7/4 sims=1152 loop=1132 best_avg=-1.14356 leader=1 inc2=1 attack_w=0.669071
DBG t=99 used=0.018 remain=0.018 turn_time=0.018 end_in=0.017 depth=0 dec=0 cand_cap=20 cand=24->20 pick(must/top/rand)=8/8/4 sims=18132 loop=18112 best_avg=-1.03991 leader=2 inc2=1 attack_w=0.520925
DBG summary depth_safety_fired=0
Score = 98495

=== CASE 0161.txt ===
cmd=target/release/tester ./a.out
returncode=0 timed_out=0 elapsed_sec=1.951299
score=105047.0
--- stdout ---
4 5
4 6
4 5
4 5
5 5
4 5
5 5
4 6
5 5
4 4
5 6
4 4
5 5
4 4
6 5
6 4
4 5
6 3
4 6
3 5
6 3
6 3
6 3
7 3
8 3
8 3
7 3
7 3
8 2
8 2
9 2
8 3
5 4
8 3
6 2
9 2
8 3
4 4
8 3
7 3
7 4
9 3
8 3
7 4
4 5
8 3
8 3
7 4
4 5
8 3
8 2
8 3
6 2
6 2
4 5
8 3
7 4
8 3
4 7
7 4
4 5
7 2
5 2
8 3
6 2
8 2
4 2
7 2
5 1
8 3
8 2
5 1
8 3
4 2
4 5
8 3
4 2
4 5
8 2
8 2
4 4
5 1
5 1
8 3
6 5
4 7
8 3
4 7
3 7
4 5
4 5
7 5
6 5
4 5
8 3
5 7
4 5
8 3
8 3
3 7
--- stderr ---
DBG hdr N=10 M=4 T=100 U=4 VMAX=1629 TIME_LIMIT=1.94 MAX_CAND=20 UCB_C=0.21
DBG t=0 used=0.02 remain=1.94 turn_time=0.0194 end_in=0.0194 depth=7 dec=0 cand_cap=20 cand=4->4 pick(must/top/rand)=3/1/0 sims=3756 loop=3752 best_avg=-1.19882 leader=3 inc2=0 attack_w=0.15
DBG t=12 used=0.02 remain=1.7 turn_time=0.0193182 end_in=0.0193182 depth=7 dec=0 cand_cap=20 cand=12->12 pick(must/top/rand)=7/5/0 sims=3220 loop=3208 best_avg=-1.12191 leader=3 inc2=0 attack_w=0.536116
DBG t=24 used=0.02 remain=1.46 turn_time=0.0192105 end_in=0.0192105 depth=7 dec=0 cand_cap=20 cand=23->20 pick(must/top/rand)=6/10/4 sims=2568 loop=2548 best_avg=-1.07577 leader=2 inc2=0 attack_w=0.471024
DBG t=37 used=0.02 remain=1.2 turn_time=0.0190476 end_in=0.0190476 depth=10 dec=0 cand_cap=20 cand=27->20 pick(must/top/rand)=5/11/4 sims=1460 loop=1440 best_avg=-1.02284 leader=2 inc2=0 attack_w=0.25
DBG t=49 used=0.019 remain=0.967 turn_time=0.0189608 end_in=0.0189608 depth=10 dec=0 cand_cap=20 cand=29->20 pick(must/top/rand)=8/8/4 sims=1312 loop=1292 best_avg=-1.08508 leader=2 inc2=1 attack_w=0.25
DBG t=61 used=0.019 remain=0.739 turn_time=0.0189487 end_in=0.0189487 depth=10 dec=0 cand_cap=20 cand=29->20 pick(must/top/rand)=8/8/4 sims=1324 loop=1304 best_avg=-1.06103 leader=1 inc2=1 attack_w=0.25
DBG t=74 used=0.019 remain=0.492 turn_time=0.0189231 end_in=0.0189231 depth=11 dec=0 cand_cap=20 cand=34->20 pick(must/top/rand)=8/8/4 sims=1016 loop=996 best_avg=-1.07444 leader=1 inc2=1 attack_w=0.25
DBG t=86 used=0.019 remain=0.264 turn_time=0.0188571 end_in=0.0188571 depth=11 dec=0 cand_cap=20 cand=36->20 pick(must/top/rand)=8/8/4 sims=1004 loop=984 best_avg=-1.09653 leader=1 inc2=1 attack_w=0.272206
DBG t=99 used=0.017 remain=0.017 turn_time=0.017 end_in=0.016 depth=0 dec=1 cand_cap=20 cand=39->20 pick(must/top/rand)=9/7/4 sims=20704 loop=20684 best_avg=-0.99158 leader=1 inc2=1 attack_w=0.317057
DBG summary depth_safety_fired=1
Score = 105047

=== CASE 0160.txt ===
cmd=target/release/tester ./a.out
returncode=0 timed_out=0 elapsed_sec=1.952326
score=96503.0
--- stdout ---
5 6
4 6
4 5
3 5
3 4
3 3
3 3
4 4
4 5
4 4
4 4
6 6
6 5
4 5
5 4
7 5
7 4
8 5
4 5
3 3
8 6
4 5
3 3
5 5
6 5
7 6
6 5
3 3
6 5
3 3
8 6
6 5
3 3
6 5
8 6
8 6
8 6
3 3
4 6
4 3
6 5
3 4
5 3
5 3
5 3
6 5
3 4
5 3
6 5
3 4
3 2
5 5
6 5
4 3
6 5
3 4
5 3
6 5
3 4
8 6
5 3
6 5
3 4
4 6
6 5
3 5
8 6
6 5
4 6
4 6
6 5
3 6
3 5
8 6
8 6
6 5
3 5
3 5
6 5
4 5
8 6
6 5
3 4
7 7
5 6
8 6
6 5
8 7
9 7
6 5
3 4
9 6
6 5
9 8
7 8
7 5
3 5
4 5
4 5
9 5
--- stderr ---
DBG hdr N=10 M=3 T=100 U=5 VMAX=2109 TIME_LIMIT=1.94 MAX_CAND=20 UCB_C=0.21
DBG t=0 used=0.02 remain=1.94 turn_time=0.0194 end_in=0.0194 depth=7 dec=0 cand_cap=20 cand=5->5 pick(must/top/rand)=3/2/0 sims=4181 loop=4176 best_avg=-1.3454 leader=2 inc2=1 attack_w=1
DBG t=12 used=0.02 remain=1.7 turn_time=0.0193182 end_in=0.0193182 depth=7 dec=0 cand_cap=20 cand=21->20 pick(must/top/rand)=9/7/4 sims=3040 loop=3020 best_avg=-1.20588 leader=2 inc2=1 attack_w=0.25
DBG t=24 used=0.02 remain=1.46 turn_time=0.0192105 end_in=0.0192105 depth=7 dec=0 cand_cap=20 cand=22->20 pick(must/top/rand)=9/7/4 sims=2596 loop=2576 best_avg=-1.09655 leader=2 inc2=1 attack_w=0.25
DBG t=37 used=0.02 remain=1.2 turn_time=0.0190476 end_in=0.0190476 depth=10 dec=0 cand_cap=20 cand=25->20 pick(must/top/rand)=9/7/4 sims=1756 loop=1736 best_avg=-1.1556 leader=1 inc2=1 attack_w=0.313067
DBG t=49 used=0.019 remain=0.967 turn_time=0.0189608 end_in=0.0189608 depth=10 dec=0 cand_cap=20 cand=29->20 pick(must/top/rand)=9/7/4 sims=1604 loop=1584 best_avg=-1.37795 leader=1 inc2=1 attack_w=0.356549
DBG t=61 used=0.019 remain=0.739 turn_time=0.0189487 end_in=0.0189487 depth=10 dec=0 cand_cap=20 cand=30->20 pick(must/top/rand)=9/7/4 sims=1544 loop=1524 best_avg=-1.55771 leader=1 inc2=1 attack_w=0.901889
DBG t=74 used=0.019 remain=0.492 turn_time=0.0189231 end_in=0.0189231 depth=11 dec=0 cand_cap=20 cand=30->20 pick(must/top/rand)=9/7/4 sims=1364 loop=1344 best_avg=-1.68863 leader=1 inc2=1 attack_w=1
DBG t=86 used=0.019 remain=0.264 turn_time=0.0188571 end_in=0.0188571 depth=11 dec=0 cand_cap=20 cand=33->20 pick(must/top/rand)=9/7/4 sims=1348 loop=1328 best_avg=-1.67691 leader=1 inc2=1 attack_w=0.99391
DBG t=99 used=0.017 remain=0.017 turn_time=0.017 end_in=0.016 depth=0 dec=1 cand_cap=20 cand=42->20 pick(must/top/rand)=8/8/4 sims=28804 loop=28784 best_avg=-1.663 leader=1 inc2=1 attack_w=0.719163
DBG summary depth_safety_fired=1
Score = 96503

=== CASE 0165.txt ===
cmd=target/release/tester ./a.out
returncode=0 timed_out=0 elapsed_sec=1.953056
score=211330.0
--- stdout ---
2 0
3 0
4 0
5 0
5 0
4 0
5 1
5 0
5 1
5 2
5 1
6 2
6 3
6 2
6 0
6 0
6 2
6 0
7 0
8 0
7 0
7 2
6 1
6 1
5 3
7 3
7 3
6 3
7 1
7 1
7 1
5 4
6 3
6 4
7 3
6 3
6 4
5 3
6 3
7 3
6 4
6 2
7 3
6 3
6 2
6 4
6 3
5 5
6 5
6 2
8 3
6 3
6 4
6 3
7 5
6 6
7 4
6 3
4 3
4 4
5 4
3 4
7 1
6 3
7 2
6 4
7 3
6 3
7 3
5 4
6 4
6 3
8 4
9 4
6 4
6 3
6 4
9 4
6 3
9 4
7 4
7 3
7 3
6 3
8 2
8 2
8 2
8 2
8 3
7 3
8 4
8 4
6 4
9 4
8 3
6 3
6 3
9 4
6 0
6 1
--- stderr ---
DBG hdr N=10 M=2 T=100 U=3 VMAX=1868 TIME_LIMIT=1.94 MAX_CAND=20 UCB_C=0.21
DBG t=0 used=0.02 remain=1.94 turn_time=0.0194 end_in=0.0194 depth=7 dec=0 cand_cap=20 cand=5->5 pick(must/top/rand)=3/2/0 sims=5677 loop=5672 best_avg=-2.59855 leader=1 inc2=1 attack_w=0.15
DBG t=12 used=0.02 remain=1.7 turn_time=0.0193182 end_in=0.0193182 depth=7 dec=0 cand_cap=20 cand=18->18 pick(must/top/rand)=4/12/2 sims=5062 loop=5044 best_avg=-2.78758 leader=1 inc2=1 attack_w=0.25
DBG t=24 used=0.02 remain=1.46 turn_time=0.0192105 end_in=0.0192105 depth=7 dec=0 cand_cap=20 cand=25->20 pick(must/top/rand)=8/8/4 sims=4132 loop=4112 best_avg=-2.49485 leader=1 inc2=1 attack_w=0.25
DBG t=37 used=0.02 remain=1.2 turn_time=0.0190476 end_in=0.0190476 depth=10 dec=0 cand_cap=20 cand=5->5 pick(must/top/rand)=5/0/0 sims=2541 loop=2536 best_avg=-2.53067 leader=1 inc2=1 attack_w=0.25
DBG t=49 used=0.019 remain=0.968 turn_time=0.0189804 end_in=0.0189804 depth=10 dec=0 cand_cap=20 cand=37->20 pick(must/top/rand)=9/7/4 sims=2124 loop=2104 best_avg=-2.36085 leader=1 inc2=1 attack_w=0.25
DBG t=61 used=0.019 remain=0.739 turn_time=0.0189487 end_in=0.0189487 depth=10 dec=0 cand_cap=20 cand=42->20 pick(must/top/rand)=9/7/4 sims=1808 loop=1788 best_avg=-2.28276 leader=1 inc2=1 attack_w=0.25
DBG t=74 used=0.019 remain=0.492 turn_time=0.0189231 end_in=0.0189231 depth=11 dec=0 cand_cap=20 cand=46->20 pick(must/top/rand)=8/8/4 sims=1768 loop=1748 best_avg=-2.23247 leader=1 inc2=1 attack_w=0.25
DBG t=86 used=0.019 remain=0.264 turn_time=0.0188571 end_in=0.0188571 depth=11 dec=0 cand_cap=20 cand=46->20 pick(must/top/rand)=8/8/4 sims=1592 loop=1572 best_avg=-2.11743 leader=1 inc2=1 attack_w=0.25
DBG t=99 used=0.017 remain=0.017 turn_time=0.017 end_in=0.016 depth=0 dec=1 cand_cap=20 cand=47->20 pick(must/top/rand)=8/8/4 sims=55060 loop=55040 best_avg=-1.69162 leader=1 inc2=1 attack_w=0.25
DBG summary depth_safety_fired=1
Score = 211330

=== CASE 0163.txt ===
cmd=target/release/tester ./a.out
returncode=0 timed_out=0 elapsed_sec=1.955458
score=70599.0
--- stdout ---
7 8
6 8
6 7
5 7
4 7
4 6
4 5
3 5
3 4
3 5
3 4
3 4
3 5
4 4
3 5
3 4
4 7
2 4
2 4
3 5
1 4
1 4
1 4
1 4
1 4
2 4
2 4
2 5
2 4
3 5
5 6
2 4
3 4
2 4
0 4
1 5
2 5
1 5
4 6
3 5
2 4
2 4
2 5
3 5
3 3
3 6
1 4
3 5
1 4
2 5
2 4
1 3
2 3
3 3
2 3
2 5
2 3
6 6
1 3
2 3
3 3
2 3
2 4
2 2
1 3
2 1
1 1
4 4
3 3
3 5
1 1
3 3
1 1
3 3
2 2
3 4
4 3
2 2
4 3
4 3
1 1
3 5
3 2
3 2
4 3
1 0
0 0
0 0
1 3
4 3
3 4
3 4
4 4
4 4
4 3
1 1
4 4
4 4
4 4
4 5
--- stderr ---
DBG hdr N=10 M=3 T=100 U=5 VMAX=2231 TIME_LIMIT=1.94 MAX_CAND=20 UCB_C=0.21
DBG t=0 used=0.02 remain=1.94 turn_time=0.0194 end_in=0.0194 depth=7 dec=0 cand_cap=20 cand=5->5 pick(must/top/rand)=3/2/0 sims=4213 loop=4208 best_avg=-2.19295 leader=2 inc2=1 attack_w=1
DBG t=12 used=0.02 remain=1.7 turn_time=0.0193182 end_in=0.0193182 depth=7 dec=0 cand_cap=20 cand=27->20 pick(must/top/rand)=7/9/4 sims=3016 loop=2996 best_avg=-1.76013 leader=2 inc2=1 attack_w=1
DBG t=24 used=0.02 remain=1.46 turn_time=0.0192105 end_in=0.0192105 depth=7 dec=0 cand_cap=20 cand=4->4 pick(must/top/rand)=4/0/0 sims=3220 loop=3216 best_avg=-1.62211 leader=2 inc2=1 attack_w=0.800392
DBG t=37 used=0.02 remain=1.2 turn_time=0.0190476 end_in=0.0190476 depth=10 dec=0 cand_cap=20 cand=36->20 pick(must/top/rand)=8/8/4 sims=1840 loop=1820 best_avg=-1.8325 leader=2 inc2=1 attack_w=1
DBG t=49 used=0.019 remain=0.968 turn_time=0.0189804 end_in=0.0189804 depth=10 dec=0 cand_cap=20 cand=36->20 pick(must/top/rand)=8/8/4 sims=1864 loop=1844 best_avg=-1.85646 leader=2 inc2=1 attack_w=1
DBG t=61 used=0.019 remain=0.739 turn_time=0.0189487 end_in=0.0189487 depth=10 dec=0 cand_cap=20 cand=32->20 pick(must/top/rand)=7/9/4 sims=1456 loop=1436 best_avg=-2.01688 leader=2 inc2=1 attack_w=1
DBG t=74 used=0.019 remain=0.492 turn_time=0.0189231 end_in=0.0189231 depth=11 dec=0 cand_cap=20 cand=19->19 pick(must/top/rand)=9/7/3 sims=1763 loop=1744 best_avg=-2.14273 leader=2 inc2=1 attack_w=1
DBG t=86 used=0.019 remain=0.264 turn_time=0.0188571 end_in=0.0188571 depth=11 dec=0 cand_cap=20 cand=20->20 pick(must/top/rand)=9/7/4 sims=1596 loop=1576 best_avg=-2.0202 leader=2 inc2=1 attack_w=1
DBG t=99 used=0.017 remain=0.017 turn_time=0.017 end_in=0.016 depth=0 dec=1 cand_cap=20 cand=22->20 pick(must/top/rand)=9/7/4 sims=38296 loop=38276 best_avg=-2.16761 leader=2 inc2=1 attack_w=1
DBG summary depth_safety_fired=1
Score = 70599

=== CASE 0164.txt ===
cmd=target/release/tester ./a.out
returncode=0 timed_out=0 elapsed_sec=1.954515
score=393800.0
--- stdout ---
6 4
7 4
8 4
9 4
9 5
8 3
9 6
9 7
9 6
9 5
9 4
9 8
9 4
8 5
9 4
9 9
9 5
8 9
9 5
7 9
9 4
7 8
6 9
9 5
8 6
9 5
9 5
8 7
9 5
9 5
6 8
6 7
5 8
6 6
4 8
6 5
6 4
6 3
5 3
6 2
7 5
8 5
5 2
7 3
8 3
6 1
7 4
5 1
9 5
4 1
8 4
9 3
7 7
8 2
4 3
8 7
9 6
9 4
3 1
4 0
7 9
7 8
7 6
9 2
8 9
5 6
5 4
4 9
7 7
8 6
7 8
7 2
3 0
6 8
5 9
5 5
3 9
9 6
8 1
7 9
4 6
3 8
8 1
5 0
8 9
4 4
2 8
4 7
5 7
8 8
7 1
9 9
9 6
8 6
3 7
9 9
9 8
9 9
8 9
9 8
--- stderr ---
DBG hdr N=10 M=3 T=100 U=1 VMAX=2075 TIME_LIMIT=1.94 MAX_CAND=20 UCB_C=0.21
DBG t=0 used=0.02 remain=1.94 turn_time=0.0194 end_in=0.0194 depth=7 dec=0 cand_cap=20 cand=5->5 pick(must/top/rand)=3/2/0 sims=4705 loop=4700 best_avg=-2.11796 leader=1 inc2=1 attack_w=0.836004
DBG t=12 used=0.02 remain=1.7 turn_time=0.0193182 end_in=0.0193182 depth=7 dec=0 cand_cap=20 cand=12->12 pick(must/top/rand)=7/5/0 sims=3552 loop=3540 best_avg=-2.01342 leader=2 inc2=1 attack_w=1
DBG t=24 used=0.02 remain=1.46 turn_time=0.0192105 end_in=0.0192105 depth=7 dec=0 cand_cap=20 cand=17->17 pick(must/top/rand)=5/11/1 sims=3381 loop=3364 best_avg=-1.64082 leader=2 inc2=1 attack_w=0.25
DBG t=37 used=0.02 remain=1.2 turn_time=0.0190476 end_in=0.0190476 depth=10 dec=0 cand_cap=20 cand=27->20 pick(must/top/rand)=7/9/4 sims=1956 loop=1936 best_avg=-1.28047 leader=2 inc2=1 attack_w=0.25
DBG t=49 used=0.019 remain=0.968 turn_time=0.0189804 end_in=0.0189804 depth=10 dec=0 cand_cap=20 cand=45->20 pick(must/top/rand)=5/11/4 sims=1628 loop=1608 best_avg=-0.26912 leader=2 inc2=1 attack_w=0.25
DBG t=61 used=0.019 remain=0.739 turn_time=0.0189487 end_in=0.0189487 depth=10 dec=0 cand_cap=20 cand=56->20 pick(must/top/rand)=6/10/4 sims=1372 loop=1352 best_avg=0.438294 leader=2 inc2=1 attack_w=0.25
DBG t=74 used=0.019 remain=0.492 turn_time=0.0189231 end_in=0.0189231 depth=11 dec=0 cand_cap=20 cand=60->20 pick(must/top/rand)=5/11/4 sims=1248 loop=1228 best_avg=0.635188 leader=1 inc2=1 attack_w=0.25
DBG t=86 used=0.019 remain=0.264 turn_time=0.0188571 end_in=0.0188571 depth=11 dec=0 cand_cap=20 cand=69->20 pick(must/top/rand)=6/10/4 sims=1080 loop=1060 best_avg=0.860525 leader=1 inc2=1 attack_w=0.25
DBG t=99 used=0.017 remain=0.017 turn_time=0.017 end_in=0.016 depth=0 dec=1 cand_cap=20 cand=5->5 pick(must/top/rand)=3/2/0 sims=56381 loop=56376 best_avg=1.72386 leader=2 inc2=1 attack_w=0.15
DBG summary depth_safety_fired=1
Score = 393800

=== CASE 0162.txt ===
cmd=target/release/tester ./a.out
returncode=0 timed_out=0 elapsed_sec=1.956561
score=286994.0
--- stdout ---
7 4
8 4
8 3
8 2
9 2
7 3
9 1
6 3
6 2
8 1
9 4
9 5
5 3
8 4
6 1
9 3
8 4
4 3
3 3
2 3
2 4
1 4
3 2
1 3
3 4
3 1
4 1
1 5
2 1
4 2
0 4
4 0
1 6
1 7
2 7
5 1
5 1
7 1
8 0
8 2
2 8
1 8
2 9
4 1
9 2
8 4
8 3
7 2
5 2
3 9
0 6
0 7
0 5
2 2
4 2
6 3
2 5
4 9
5 9
6 9
7 9
1 9
6 8
8 9
1 6
8 8
7 8
2 6
9 9
8 7
1 5
6 3
6 4
3 9
7 7
3 8
0 9
2 7
1 4
7 8
5 3
6 1
5 0
7 1
1 5
7 2
3 4
0 6
4 4
3 5
0 8
4 9
7 0
4 9
8 2
8 1
7 8
4 8
7 7
7 6
--- stderr ---
DBG hdr N=10 M=8 T=100 U=1 VMAX=1349 TIME_LIMIT=1.94 MAX_CAND=20 UCB_C=0.21
DBG t=0 used=0.02 remain=1.94 turn_time=0.0194 end_in=0.0194 depth=7 dec=0 cand_cap=20 cand=5->5 pick(must/top/rand)=3/2/0 sims=1985 loop=1980 best_avg=-0.655055 leader=5 inc2=1 attack_w=0.15
DBG t=12 used=0.02 remain=1.7 turn_time=0.0193182 end_in=0.0193182 depth=7 dec=0 cand_cap=20 cand=20->20 pick(must/top/rand)=3/13/4 sims=1520 loop=1500 best_avg=-0.314216 leader=6 inc2=1 attack_w=0.607628
DBG t=24 used=0.02 remain=1.46 turn_time=0.0192105 end_in=0.0192105 depth=7 dec=0 cand_cap=20 cand=18->18 pick(must/top/rand)=6/10/2 sims=1558 loop=1540 best_avg=0.208542 leader=2 inc2=1 attack_w=0.25
DBG t=37 used=0.02 remain=1.2 turn_time=0.0190476 end_in=0.0190476 depth=10 dec=0 cand_cap=20 cand=41->20 pick(must/top/rand)=6/10/4 sims=920 loop=900 best_avg=0.390519 leader=7 inc2=1 attack_w=0.25
DBG t=49 used=0.019 remain=0.968 turn_time=0.0189804 end_in=0.0189804 depth=10 dec=0 cand_cap=20 cand=58->20 pick(must/top/rand)=5/11/4 sims=916 loop=896 best_avg=0.644372 leader=4 inc2=1 attack_w=0.25
DBG t=61 used=0.019 remain=0.736 turn_time=0.0188718 end_in=0.0188718 depth=10 dec=0 cand_cap=20 cand=22->20 pick(must/top/rand)=5/11/4 sims=1016 loop=996 best_avg=0.780342 leader=4 inc2=1 attack_w=0.25
DBG t=74 used=0.019 remain=0.489 turn_time=0.0188077 end_in=0.0188077 depth=11 dec=0 cand_cap=20 cand=66->20 pick(must/top/rand)=7/9/4 sims=748 loop=728 best_avg=1.07557 leader=1 inc2=1 attack_w=0.25
DBG t=86 used=0.019 remain=0.261 turn_time=0.0186429 end_in=0.0186429 depth=11 dec=0 cand_cap=20 cand=56->20 pick(must/top/rand)=7/9/4 sims=700 loop=680 best_avg=1.14032 leader=1 inc2=1 attack_w=0.25
DBG t=99 used=0.017 remain=0.017 turn_time=0.017 end_in=0.016 depth=0 dec=1 cand_cap=20 cand=76->20 pick(must/top/rand)=7/9/4 sims=26864 loop=26844 best_avg=1.44775 leader=4 inc2=1 attack_w=0.25
DBG summary depth_safety_fired=5
Score = 286994

=== CASE 0166.txt ===
cmd=target/release/tester ./a.out
returncode=0 timed_out=0 elapsed_sec=1.952473
score=154779.0
--- stdout ---
2 7
3 7
3 7
3 8
4 8
4 8
4 7
4 8
5 8
6 8
5 8
5 7
4 6
5 9
5 8
6 8
5 9
5 6
3 9
6 9
6 9
5 6
5 7
7 9
7 9
4 6
5 7
7 9
5 8
4 8
3 6
7 9
4 9
5 6
5 7
4 7
5 6
2 9
8 9
5 8
8 9
6 9
6 9
7 8
3 6
3 5
3 5
5 8
5 8
8 9
4 6
3 4
2 8
6 9
5 8
5 7
2 4
8 9
4 7
8 9
3 4
3 4
3 4
1 8
1 4
2 6
1 3
0 3
0 3
4 7
1 3
2 4
5 5
5 5
0 8
4 6
5 8
5 5
1 9
2 6
5 8
3 4
0 3
5 4
5 9
1 6
5 7
5 6
6 9
0 4
1 3
0 9
5 8
3 5
3 5
6 5
6 6
6 6
7 6
5 7
--- stderr ---
DBG hdr N=10 M=8 T=100 U=4 VMAX=1506 TIME_LIMIT=1.94 MAX_CAND=20 UCB_C=0.21
DBG t=0 used=0.02 remain=1.94 turn_time=0.0194 end_in=0.0194 depth=7 dec=0 cand_cap=20 cand=5->5 pick(must/top/rand)=3/2/0 sims=2405 loop=2400 best_avg=-0.635293 leader=7 inc2=1 attack_w=1
DBG t=12 used=0.02 remain=1.7 turn_time=0.0193182 end_in=0.0193182 depth=7 dec=0 cand_cap=20 cand=18->18 pick(must/top/rand)=6/10/2 sims=1318 loop=1300 best_avg=-0.418778 leader=5 inc2=1 attack_w=0.865099
DBG t=24 used=0.02 remain=1.46 turn_time=0.0192105 end_in=0.0192105 depth=7 dec=0 cand_cap=20 cand=24->20 pick(must/top/rand)=8/8/4 sims=1420 loop=1400 best_avg=-0.45342 leader=5 inc2=1 attack_w=0.341635
DBG t=37 used=0.02 remain=1.2 turn_time=0.0190476 end_in=0.0190476 depth=10 dec=0 cand_cap=20 cand=25->20 pick(must/top/rand)=5/11/4 sims=1068 loop=1048 best_avg=-0.394291 leader=3 inc2=1 attack_w=0.25
DBG t=49 used=0.019 remain=0.968 turn_time=0.0189804 end_in=0.0189804 depth=10 dec=0 cand_cap=20 cand=31->20 pick(must/top/rand)=5/11/4 sims=1052 loop=1032 best_avg=-0.329972 leader=3 inc2=1 attack_w=0.25
DBG t=61 used=0.019 remain=0.739 turn_time=0.0189487 end_in=0.0189487 depth=10 dec=0 cand_cap=20 cand=36->20 pick(must/top/rand)=5/11/4 sims=960 loop=940 best_avg=-0.0398377 leader=3 inc2=1 attack_w=0.25
DBG t=74 used=0.019 remain=0.492 turn_time=0.0189231 end_in=0.0189231 depth=11 dec=0 cand_cap=20 cand=47->20 pick(must/top/rand)=7/9/4 sims=932 loop=912 best_avg=0.129946 leader=2 inc2=1 attack_w=0.25
DBG t=86 used=0.019 remain=0.264 turn_time=0.0188571 end_in=0.0188571 depth=11 dec=0 cand_cap=20 cand=51->20 pick(must/top/rand)=7/9/4 sims=844 loop=824 best_avg=0.181937 leader=2 inc2=1 attack_w=0.25
DBG t=99 used=0.017 remain=0.017 turn_time=0.017 end_in=0.016 depth=0 dec=1 cand_cap=20 cand=51->20 pick(must/top/rand)=7/9/4 sims=16948 loop=16928 best_avg=0.212968 leader=2 inc2=1 attack_w=0.25
DBG summary depth_safety_fired=1
Score = 154779

=== CASE 0167.txt ===
cmd=target/release/tester ./a.out
returncode=0 timed_out=0 elapsed_sec=1.952502
score=122358.0
--- stdout ---
0 4
0 3
0 2
0 3
1 3
1 3
1 2
0 4
0 4
0 1
0 2
0 0
0 0
1 4
2 3
3 3
0 5
1 1
1 3
2 4
1 4
2 3
0 4
1 2
1 0
1 2
2 3
0 4
2 4
1 0
3 4
2 3
4 4
5 4
6 4
6 4
7 4
6 3
5 3
4 4
8 4
9 4
9 4
7 5
7 5
9 5
9 5
7 4
9 6
6 2
9 6
8 3
6 5
6 5
9 7
9 7
8 6
8 5
5 2
7 3
6 3
6 2
4 4
8 5
8 3
5 5
7 3
6 2
5 5
6 2
6 1
6 5
8 2
3 4
5 3
4 5
6 2
6 2
8 2
4 3
8 2
9 2
4 3
7 3
9 3
7 2
4 6
3 4
4 2
6 5
9 2
8 6
6 2
4 3
3 6
6 6
6 6
6 6
3 5
6 2
--- stderr ---
DBG hdr N=10 M=8 T=100 U=2 VMAX=1766 TIME_LIMIT=1.94 MAX_CAND=20 UCB_C=0.21
DBG t=0 used=0.02 remain=1.94 turn_time=0.0194 end_in=0.0194 depth=7 dec=0 cand_cap=20 cand=4->4 pick(must/top/rand)=3/1/0 sims=2184 loop=2180 best_avg=-0.935345 leader=2 inc2=1 attack_w=0.15
DBG t=12 used=0.02 remain=1.7 turn_time=0.0193182 end_in=0.0193182 depth=7 dec=0 cand_cap=20 cand=13->13 pick(must/top/rand)=4/9/0 sims=1681 loop=1668 best_avg=-0.9262 leader=2 inc2=1 attack_w=1
DBG t=24 used=0.02 remain=1.46 turn_time=0.0192105 end_in=0.0192105 depth=7 dec=0 cand_cap=20 cand=17->17 pick(must/top/rand)=3/13/1 sims=1517 loop=1500 best_avg=-1.06908 leader=2 inc2=1 attack_w=1
DBG t=37 used=0.02 remain=1.2 turn_time=0.0190476 end_in=0.0190476 depth=10 dec=0 cand_cap=20 cand=18->18 pick(must/top/rand)=7/9/2 sims=926 loop=908 best_avg=-1.10855 leader=2 inc2=1 attack_w=1
DBG t=49 used=0.019 remain=0.968 turn_time=0.0189804 end_in=0.0189804 depth=10 dec=0 cand_cap=20 cand=30->20 pick(must/top/rand)=8/8/4 sims=824 loop=804 best_avg=-0.820279 leader=5 inc2=1 attack_w=1
DBG t=61 used=0.019 remain=0.736 turn_time=0.0188718 end_in=0.0188718 depth=10 dec=0 cand_cap=20 cand=34->20 pick(must/top/rand)=9/7/4 sims=768 loop=748 best_avg=-0.61787 leader=5 inc2=1 attack_w=1
DBG t=74 used=0.019 remain=0.489 turn_time=0.0188077 end_in=0.0188077 depth=11 dec=0 cand_cap=20 cand=32->20 pick(must/top/rand)=9/7/4 sims=716 loop=696 best_avg=-0.370039 leader=5 inc2=1 attack_w=0.806362
DBG t=86 used=0.019 remain=0.261 turn_time=0.0186429 end_in=0.0186429 depth=11 dec=0 cand_cap=20 cand=37->20 pick(must/top/rand)=9/7/4 sims=680 loop=660 best_avg=-0.206593 leader=5 inc2=1 attack_w=0.25
DBG t=99 used=0.017 remain=0.017 turn_time=0.017 end_in=0.016 depth=0 dec=1 cand_cap=20 cand=45->20 pick(must/top/rand)=9/7/4 sims=19264 loop=19244 best_avg=-0.131283 leader=2 inc2=1 attack_w=0.25
DBG summary depth_safety_fired=5
Score = 122358

=== CASE 0171.txt ===
cmd=target/release/tester ./a.out
returncode=0 timed_out=0 elapsed_sec=1.952640
score=361028.0
--- stdout ---
0 6
0 5
0 4
1 4
1 3
1 2
2 3
2 4
2 3
3 3
1 6
1 7
2 7
2 6
2 8
2 3
3 4
2 5
4 4
2 5
3 5
2 3
1 5
1 4
2 6
2 3
4 3
3 5
2 3
2 6
3 4
3 5
1 4
2 6
3 5
2 3
2 6
3 4
2 3
3 5
2 6
2 3
3 5
3 4
2 3
3 5
2 6
2 3
3 5
3 4
2 3
2 6
3 5
2 3
2 6
3 4
2 3
2 6
3 5
2 3
2 6
3 5
2 3
2 6
3 5
2 3
2 6
3 5
2 3
2 6
3 5
2 3
2 6
3 5
2 3
2 6
3 5
2 3
2 6
3 5
0 5
2 3
2 6
3 5
2 3
2 6
3 5
2 3
2 6
3 5
2 3
2 6
3 5
2 3
2 6
2 4
2 4
3 5
1 5
1 5
--- stderr ---
DBG hdr N=10 M=2 T=100 U=2 VMAX=1330 TIME_LIMIT=1.94 MAX_CAND=20 UCB_C=0.21
DBG t=0 used=0.02 remain=1.94 turn_time=0.0194 end_in=0.0194 depth=7 dec=0 cand_cap=20 cand=4->4 pick(must/top/rand)=3/1/0 sims=5884 loop=5880 best_avg=-2.85963 leader=1 inc2=1 attack_w=0.15
DBG t=12 used=0.02 remain=1.7 turn_time=0.0193182 end_in=0.0193182 depth=7 dec=0 cand_cap=20 cand=22->20 pick(must/top/rand)=9/7/4 sims=3740 loop=3720 best_avg=-2.36355 leader=1 inc2=1 attack_w=0.25
DBG t=24 used=0.02 remain=1.46 turn_time=0.0192105 end_in=0.0192105 depth=7 dec=0 cand_cap=20 cand=32->20 pick(must/top/rand)=8/8/4 sims=3860 loop=3840 best_avg=-2.0835 leader=1 inc2=1 attack_w=0.25
DBG t=37 used=0.02 remain=1.2 turn_time=0.0190476 end_in=0.0190476 depth=10 dec=0 cand_cap=20 cand=34->20 pick(must/top/rand)=7/9/4 sims=2440 loop=2420 best_avg=-1.9129 leader=1 inc2=1 attack_w=0.25
DBG t=49 used=0.019 remain=0.968 turn_time=0.0189804 end_in=0.0189804 depth=10 dec=0 cand_cap=20 cand=34->20 pick(must/top/rand)=7/9/4 sims=2316 loop=2296 best_avg=-1.91914 leader=1 inc2=1 attack_w=0.25
DBG t=61 used=0.019 remain=0.74 turn_time=0.0189744 end_in=0.0189744 depth=10 dec=0 cand_cap=20 cand=34->20 pick(must/top/rand)=7/9/4 sims=2376 loop=2356 best_avg=-1.79759 leader=1 inc2=1 attack_w=0.25
DBG t=74 used=0.019 remain=0.493 turn_time=0.0189615 end_in=0.0189615 depth=11 dec=0 cand_cap=20 cand=34->20 pick(must/top/rand)=7/9/4 sims=2064 loop=2044 best_avg=-1.84554 leader=1 inc2=1 attack_w=0.25
DBG t=86 used=0.019 remain=0.265 turn_time=0.0189286 end_in=0.0189286 depth=11 dec=0 cand_cap=20 cand=34->20 pick(must/top/rand)=7/9/4 sims=1972 loop=1952 best_avg=-1.76728 leader=1 inc2=1 attack_w=0.25
DBG t=99 used=0.018 remain=0.018 turn_time=0.018 end_in=0.017 depth=0 dec=0 cand_cap=20 cand=34->20 pick(must/top/rand)=6/10/4 sims=67724 loop=67704 best_avg=-0.542577 leader=1 inc2=1 attack_w=0.15
DBG summary depth_safety_fired=0
Score = 361028

=== CASE 0169.txt ===
cmd=target/release/tester ./a.out
returncode=0 timed_out=0 elapsed_sec=1.955071
score=286985.0
--- stdout ---
2 1
3 1
3 2
4 2
4 1
5 1
4 3
6 1
5 1
6 2
5 2
5 3
1 0
3 2
1 1
2 2
3 3
4 4
6 3
6 4
6 5
4 2
4 5
3 1
6 6
7 6
7 7
7 8
8 7
9 7
7 9
8 6
9 6
8 9
9 7
6 8
8 5
5 8
9 9
5 9
9 5
8 4
9 4
9 3
8 3
6 8
5 8
5 7
4 8
9 2
6 9
5 9
4 9
3 8
3 9
2 8
7 4
0 1
1 8
6 5
1 9
0 8
0 9
7 3
6 5
7 2
8 2
2 3
9 1
1 2
4 5
4 4
2 4
4 2
4 6
3 1
3 4
2 5
3 5
1 4
1 5
0 4
2 5
1 6
3 6
2 6
2 4
3 4
3 5
1 7
2 6
3 4
3 2
4 5
4 3
2 1
4 2
3 2
4 2
3 1
--- stderr ---
DBG hdr N=10 M=6 T=100 U=1 VMAX=2754 TIME_LIMIT=1.94 MAX_CAND=20 UCB_C=0.21
DBG t=0 used=0.02 remain=1.94 turn_time=0.0194 end_in=0.0194 depth=7 dec=0 cand_cap=20 cand=4->4 pick(must/top/rand)=3/1/0 sims=2540 loop=2536 best_avg=-0.525638 leader=3 inc2=1 attack_w=1
DBG t=12 used=0.02 remain=1.7 turn_time=0.0193182 end_in=0.0193182 depth=7 dec=0 cand_cap=20 cand=22->20 pick(must/top/rand)=6/10/4 sims=1772 loop=1752 best_avg=-0.65752 leader=4 inc2=1 attack_w=0.25
DBG t=24 used=0.02 remain=1.46 turn_time=0.0192105 end_in=0.0192105 depth=7 dec=0 cand_cap=20 cand=34->20 pick(must/top/rand)=7/9/4 sims=1664 loop=1644 best_avg=-0.663345 leader=4 inc2=1 attack_w=0.862399
DBG t=37 used=0.02 remain=1.2 turn_time=0.0190476 end_in=0.0190476 depth=10 dec=0 cand_cap=20 cand=23->20 pick(must/top/rand)=5/11/4 sims=1212 loop=1192 best_avg=0.00066416 leader=2 inc2=1 attack_w=0.25
DBG t=49 used=0.019 remain=0.968 turn_time=0.0189804 end_in=0.0189804 depth=10 dec=0 cand_cap=20 cand=36->20 pick(must/top/rand)=7/9/4 sims=940 loop=920 best_avg=0.320551 leader=3 inc2=1 attack_w=0.25
DBG t=61 used=0.019 remain=0.74 turn_time=0.0189744 end_in=0.0189744 depth=10 dec=0 cand_cap=20 cand=74->20 pick(must/top/rand)=7/9/4 sims=844 loop=824 best_avg=0.581716 leader=3 inc2=1 attack_w=0.25
DBG t=74 used=0.019 remain=0.493 turn_time=0.0189615 end_in=0.0189615 depth=11 dec=0 cand_cap=20 cand=30->20 pick(must/top/rand)=7/9/4 sims=812 loop=792 best_avg=0.763279 leader=3 inc2=1 attack_w=0.25
DBG t=86 used=0.019 remain=0.265 turn_time=0.0189286 end_in=0.0189286 depth=11 dec=0 cand_cap=20 cand=22->20 pick(must/top/rand)=5/11/4 sims=780 loop=760 best_avg=0.773242 leader=2 inc2=1 attack_w=0.25
DBG t=99 used=0.018 remain=0.018 turn_time=0.018 end_in=0.017 depth=0 dec=0 cand_cap=20 cand=43->20 pick(must/top/rand)=7/9/4 sims=34264 loop=34244 best_avg=1.23703 leader=2 inc2=1 attack_w=0.25
DBG summary depth_safety_fired=0
Score = 286985

=== CASE 0168.txt ===
cmd=target/release/tester ./a.out
returncode=0 timed_out=0 elapsed_sec=1.956731
score=181491.0
--- stdout ---
6 8
5 8
4 8
4 7
4 6
4 7
4 6
4 7
3 7
3 7
4 6
4 6
4 7
4 6
5 6
5 6
3 7
3 7
4 5
3 7
4 5
4 6
3 7
4 5
4 6
4 5
3 7
4 5
2 7
2 7
3 8
3 8
3 8
2 7
3 6
2 8
1 7
2 8
2 8
5 7
3 9
1 7
4 8
0 7
1 7
3 8
4 8
5 6
0 7
4 9
2 7
5 6
5 6
1 7
4 5
5 6
4 8
0 7
5 7
5 7
2 8
5 9
5 8
5 7
5 8
5 7
5 6
4 5
5 6
6 8
4 5
5 6
0 7
5 5
5 8
1 7
8 8
8 7
2 7
8 6
4 5
8 5
3 6
3 7
1 6
1 7
3 7
6 9
8 4
1 6
6 7
0 8
7 4
4 5
3 7
1 6
4 4
5 6
9 4
1 6
--- stderr ---
DBG hdr N=10 M=5 T=100 U=4 VMAX=1457 TIME_LIMIT=1.94 MAX_CAND=20 UCB_C=0.21
DBG t=0 used=0.02 remain=1.94 turn_time=0.0194 end_in=0.0194 depth=7 dec=0 cand_cap=20 cand=5->5 pick(must/top/rand)=3/2/0 sims=3321 loop=3316 best_avg=-1.0544 leader=3 inc2=1 attack_w=1
DBG t=12 used=0.02 remain=1.7 turn_time=0.0193182 end_in=0.0193182 depth=7 dec=0 cand_cap=20 cand=10->10 pick(must/top/rand)=8/2/0 sims=2338 loop=2328 best_avg=-0.749199 leader=1 inc2=1 attack_w=0.312212
DBG t=24 used=0.02 remain=1.46 turn_time=0.0192105 end_in=0.0192105 depth=7 dec=0 cand_cap=20 cand=12->12 pick(must/top/rand)=6/6/0 sims=2484 loop=2472 best_avg=-1.06152 leader=1 inc2=0 attack_w=1
DBG t=37 used=0.02 remain=1.2 turn_time=0.0190476 end_in=0.0190476 depth=10 dec=0 cand_cap=20 cand=20->20 pick(must/top/rand)=8/8/4 sims=1892 loop=1872 best_avg=-0.64682 leader=1 inc2=1 attack_w=0.25
DBG t=49 used=0.019 remain=0.968 turn_time=0.0189804 end_in=0.0189804 depth=10 dec=0 cand_cap=20 cand=22->20 pick(must/top/rand)=7/9/4 sims=1668 loop=1648 best_avg=-0.654314 leader=1 inc2=1 attack_w=0.25
DBG t=61 used=0.019 remain=0.74 turn_time=0.0189744 end_in=0.0189744 depth=10 dec=0 cand_cap=20 cand=24->20 pick(must/top/rand)=7/9/4 sims=1692 loop=1672 best_avg=-0.382682 leader=4 inc2=1 attack_w=0.25
DBG t=74 used=0.019 remain=0.493 turn_time=0.0189615 end_in=0.0189615 depth=11 dec=0 cand_cap=20 cand=33->20 pick(must/top/rand)=7/9/4 sims=1364 loop=1344 best_avg=-0.223737 leader=1 inc2=1 attack_w=0.25
DBG t=86 used=0.019 remain=0.265 turn_time=0.0189286 end_in=0.0189286 depth=11 dec=0 cand_cap=20 cand=45->20 pick(must/top/rand)=7/9/4 sims=1268 loop=1248 best_avg=-0.0771015 leader=1 inc2=0 attack_w=0.25
DBG t=99 used=0.018 remain=0.018 turn_time=0.018 end_in=0.017 depth=0 dec=0 cand_cap=20 cand=51->20 pick(must/top/rand)=7/9/4 sims=35928 loop=35908 best_avg=0.117831 leader=1 inc2=1 attack_w=0.25
DBG summary depth_safety_fired=0
Score = 181491

=== CASE 0170.txt ===
cmd=target/release/tester ./a.out
returncode=0 timed_out=0 elapsed_sec=1.954290
score=158643.0
--- stdout ---
2 9
3 9
3 9
1 9
1 9
2 7
0 9
0 9
2 7
3 8
3 7
3 7
2 6
2 6
3 7
2 5
2 7
2 5
4 7
4 7
3 7
2 5
4 6
2 4
4 8
3 5
2 5
3 5
4 7
4 5
2 5
1 7
5 7
2 5
5 7
1 6
2 5
0 7
0 7
2 5
2 6
6 7
6 7
7 7
6 6
6 7
6 6
2 5
6 8
5 6
7 8
6 8
7 8
7 9
7 9
6 7
8 9
8 9
8 8
8 7
7 7
9 7
7 9
9 7
9 8
7 7
7 7
7 9
8 6
8 6
9 6
9 6
6 7
7 8
9 6
9 8
6 8
6 7
2 6
4 9
0 7
7 7
5 6
9 7
0 6
4 6
6 9
4 9
3 6
3 5
6 7
3 6
8 6
8 5
9 8
5 6
3 5
6 6
5 5
5 5
--- stderr ---
DBG hdr N=10 M=5 T=100 U=2 VMAX=1568 TIME_LIMIT=1.94 MAX_CAND=20 UCB_C=0.21
DBG t=0 used=0.02 remain=1.94 turn_time=0.0194 end_in=0.0194 depth=7 dec=0 cand_cap=20 cand=5->5 pick(must/top/rand)=3/2/0 sims=3093 loop=3088 best_avg=-0.969188 leader=3 inc2=1 attack_w=1
DBG t=12 used=0.02 remain=1.7 turn_time=0.0193182 end_in=0.0193182 depth=7 dec=0 cand_cap=20 cand=16->16 pick(must/top/rand)=4/12/0 sims=2112 loop=2096 best_avg=-0.717504 leader=2 inc2=1 attack_w=0.558134
DBG t=24 used=0.02 remain=1.46 turn_time=0.0192105 end_in=0.0192105 depth=7 dec=0 cand_cap=20 cand=24->20 pick(must/top/rand)=5/11/4 sims=1932 loop=1912 best_avg=-1.02683 leader=4 inc2=1 attack_w=1
DBG t=37 used=0.02 remain=1.2 turn_time=0.0190476 end_in=0.0190476 depth=10 dec=0 cand_cap=20 cand=32->20 pick(must/top/rand)=7/9/4 sims=1076 loop=1056 best_avg=-0.995826 leader=4 inc2=1 attack_w=1
DBG t=49 used=0.019 remain=0.968 turn_time=0.0189804 end_in=0.0189804 depth=10 dec=0 cand_cap=20 cand=39->20 pick(must/top/rand)=8/8/4 sims=1012 loop=992 best_avg=-0.755334 leader=4 inc2=0 attack_w=0.31862
DBG t=61 used=0.019 remain=0.74 turn_time=0.0189744 end_in=0.0189744 depth=10 dec=0 cand_cap=20 cand=11->11 pick(must/top/rand)=9/2/0 sims=1019 loop=1008 best_avg=-0.743694 leader=4 inc2=0 attack_w=0.903412
DBG t=74 used=0.019 remain=0.493 turn_time=0.0189615 end_in=0.0189615 depth=11 dec=0 cand_cap=20 cand=18->18 pick(must/top/rand)=9/7/2 sims=830 loop=812 best_avg=-0.438263 leader=4 inc2=0 attack_w=0.25
DBG t=86 used=0.019 remain=0.265 turn_time=0.0189286 end_in=0.0189286 depth=11 dec=0 cand_cap=20 cand=45->20 pick(must/top/rand)=8/8/4 sims=744 loop=724 best_avg=-0.38664 leader=4 inc2=1 attack_w=0.25
DBG t=99 used=0.018 remain=0.018 turn_time=0.018 end_in=0.017 depth=0 dec=0 cand_cap=20 cand=52->20 pick(must/top/rand)=7/9/4 sims=19728 loop=19708 best_avg=-0.12221 leader=2 inc2=1 attack_w=0.25
DBG summary depth_safety_fired=0
Score = 158643

=== CASE 0173.txt ===
cmd=target/release/tester ./a.out
returncode=0 timed_out=0 elapsed_sec=1.952710
score=358683.0
--- stdout ---
5 9
6 9
7 9
6 8
8 9
9 9
8 8
6 8
6 7
7 8
7 7
6 7
7 6
5 7
6 8
7 8
6 6
7 7
7 9
7 6
7 5
8 5
6 5
8 6
7 6
6 6
7 7
8 8
6 7
7 6
8 6
7 7
9 8
8 7
8 8
9 7
7 8
7 6
7 7
7 8
6 8
7 8
9 9
7 8
9 9
7 8
7 9
6 4
9 9
8 9
5 6
7 8
5 8
6 9
7 9
9 5
7 9
6 8
9 9
7 8
8 8
8 9
7 9
7 8
9 4
6 8
7 8
7 7
7 6
8 9
9 3
7 9
7 8
6 7
7 6
8 3
6 8
4 6
4 7
7 7
5 7
3 7
4 8
3 6
8 4
5 5
4 5
3 5
4 6
3 4
3 3
3 2
4 4
3 1
2 1
2 2
1 2
2 3
4 1
3 3
--- stderr ---
DBG hdr N=10 M=2 T=100 U=1 VMAX=2102 TIME_LIMIT=1.94 MAX_CAND=20 UCB_C=0.21
DBG t=0 used=0.02 remain=1.94 turn_time=0.0194 end_in=0.0194 depth=7 dec=0 cand_cap=20 cand=4->4 pick(must/top/rand)=3/1/0 sims=6712 loop=6708 best_avg=-2.93032 leader=1 inc2=1 attack_w=0.15
DBG t=12 used=0.02 remain=1.7 turn_time=0.0193182 end_in=0.0193182 depth=7 dec=0 cand_cap=20 cand=16->16 pick(must/top/rand)=6/10/0 sims=4624 loop=4608 best_avg=-1.89163 leader=1 inc2=1 attack_w=0.25
DBG t=24 used=0.02 remain=1.46 turn_time=0.0192105 end_in=0.0192105 depth=7 dec=0 cand_cap=20 cand=13->13 pick(must/top/rand)=6/7/0 sims=4549 loop=4536 best_avg=-1.92853 leader=1 inc2=1 attack_w=0.25
DBG t=37 used=0.02 remain=1.2 turn_time=0.0190476 end_in=0.0190476 depth=10 dec=0 cand_cap=20 cand=29->20 pick(must/top/rand)=4/12/4 sims=2376 loop=2356 best_avg=-1.95087 leader=1 inc2=1 attack_w=0.15
DBG t=49 used=0.019 remain=0.968 turn_time=0.0189804 end_in=0.0189804 depth=10 dec=0 cand_cap=20 cand=31->20 pick(must/top/rand)=4/12/4 sims=2152 loop=2132 best_avg=-1.89522 leader=1 inc2=1 attack_w=0.15
DBG t=61 used=0.019 remain=0.74 turn_time=0.0189744 end_in=0.0189744 depth=10 dec=0 cand_cap=20 cand=34->20 pick(must/top/rand)=4/12/4 sims=1820 loop=1800 best_avg=-1.80929 leader=1 inc2=1 attack_w=0.15
DBG t=74 used=0.019 remain=0.493 turn_time=0.0189615 end_in=0.0189615 depth=11 dec=0 cand_cap=20 cand=36->20 pick(must/top/rand)=5/11/4 sims=1708 loop=1688 best_avg=-1.86793 leader=1 inc2=1 attack_w=0.25
DBG t=86 used=0.019 remain=0.265 turn_time=0.0189286 end_in=0.0189286 depth=11 dec=0 cand_cap=20 cand=46->20 pick(must/top/rand)=7/9/4 sims=1376 loop=1356 best_avg=-1.74279 leader=1 inc2=1 attack_w=0.25
DBG t=99 used=0.018 remain=0.018 turn_time=0.018 end_in=0.017 depth=0 dec=0 cand_cap=20 cand=17->17 pick(must/top/rand)=5/11/1 sims=60517 loop=60500 best_avg=-0.0354453 leader=1 inc2=1 attack_w=0.25
DBG summary depth_safety_fired=0
Score = 358683

=== CASE 0172.txt ===
cmd=target/release/tester ./a.out
returncode=0 timed_out=0 elapsed_sec=1.953902
score=122281.0
--- stdout ---
9 1
9 0
9 1
9 0
9 1
9 0
8 0
9 1
8 1
8 1
8 1
8 0
7 1
7 1
7 1
7 2
7 2
7 2
8 1
7 2
7 1
8 0
7 0
8 0
8 1
8 2
8 2
8 2
8 2
8 3
8 4
8 5
8 4
8 6
9 6
8 7
8 4
8 2
8 2
9 4
9 5
8 8
7 1
8 7
9 6
9 5
8 7
9 5
8 4
8 7
8 8
8 9
7 9
8 9
6 9
9 8
7 9
6 9
8 8
9 9
7 9
8 3
8 8
7 2
9 5
9 8
9 8
7 9
8 3
9 8
5 9
5 9
4 9
3 9
4 8
3 8
3 8
2 8
3 8
3 8
2 8
1 8
1 8
0 8
1 7
2 9
0 9
8 8
8 7
8 4
8 8
4 9
9 2
8 7
0 9
1 8
8 7
1 8
0 9
0 9
--- stderr ---
DBG hdr N=10 M=5 T=100 U=4 VMAX=1295 TIME_LIMIT=1.94 MAX_CAND=20 UCB_C=0.21
DBG t=0 used=0.02 remain=1.94 turn_time=0.0194 end_in=0.0194 depth=7 dec=0 cand_cap=20 cand=3->3 pick(must/top/rand)=3/0/0 sims=3267 loop=3264 best_avg=-0.886746 leader=3 inc2=1 attack_w=1
DBG t=12 used=0.02 remain=1.7 turn_time=0.0193182 end_in=0.0193182 depth=7 dec=0 cand_cap=20 cand=7->7 pick(must/top/rand)=3/4/0 sims=2535 loop=2528 best_avg=-1.0526 leader=1 inc2=1 attack_w=0.807143
DBG t=24 used=0.02 remain=1.46 turn_time=0.0192105 end_in=0.0192105 depth=7 dec=0 cand_cap=20 cand=11->11 pick(must/top/rand)=2/9/0 sims=2235 loop=2224 best_avg=-1.21784 leader=1 inc2=1 attack_w=1
DBG t=37 used=0.02 remain=1.2 turn_time=0.0190476 end_in=0.0190476 depth=10 dec=0 cand_cap=20 cand=17->17 pick(must/top/rand)=4/12/1 sims=1141 loop=1124 best_avg=-0.990635 leader=1 inc2=1 attack_w=1
DBG t=49 used=0.019 remain=0.968 turn_time=0.0189804 end_in=0.0189804 depth=10 dec=0 cand_cap=20 cand=13->13 pick(must/top/rand)=6/7/0 sims=1033 loop=1020 best_avg=-0.937844 leader=1 inc2=1 attack_w=1
DBG t=61 used=0.019 remain=0.74 turn_time=0.0189744 end_in=0.0189744 depth=10 dec=0 cand_cap=20 cand=22->20 pick(must/top/rand)=5/11/4 sims=1056 loop=1036 best_avg=-0.861593 leader=1 inc2=0 attack_w=0.823836
DBG t=74 used=0.019 remain=0.493 turn_time=0.0189615 end_in=0.0189615 depth=11 dec=0 cand_cap=20 cand=40->20 pick(must/top/rand)=7/9/4 sims=868 loop=848 best_avg=-0.692239 leader=1 inc2=0 attack_w=0.467924
DBG t=86 used=0.019 remain=0.265 turn_time=0.0189286 end_in=0.0189286 depth=11 dec=0 cand_cap=20 cand=48->20 pick(must/top/rand)=6/10/4 sims=880 loop=860 best_avg=-0.498726 leader=4 inc2=1 attack_w=0.25
DBG t=99 used=0.018 remain=0.018 turn_time=0.018 end_in=0.017 depth=0 dec=0 cand_cap=20 cand=49->20 pick(must/top/rand)=6/10/4 sims=18232 loop=18212 best_avg=-0.512693 leader=3 inc2=1 attack_w=0.25
DBG summary depth_safety_fired=0
Score = 122281

=== CASE 0176.txt ===
cmd=target/release/tester ./a.out
returncode=0 timed_out=0 elapsed_sec=1.953489
score=164298.0
--- stdout ---
8 7
8 6
8 5
8 4
8 5
8 4
8 3
8 4
8 3
9 3
9 3
8 2
8 2
7 5
7 5
7 4
9 3
8 3
8 1
9 1
7 3
7 4
6 4
9 2
8 2
9 4
9 2
9 4
8 3
9 2
9 4
9 2
8 5
8 2
7 4
9 2
8 6
8 7
9 7
9 7
9 7
9 7
9 6
8 6
8 2
8 6
6 4
6 4
7 3
7 3
7 3
9 8
7 3
8 2
7 3
6 4
9 3
6 4
6 4
9 6
6 4
6 4
6 4
8 6
6 4
9 8
6 4
9 5
6 4
8 3
9 8
9 6
6 4
6 4
6 4
6 4
8 6
9 7
7 6
6 4
6 4
7 1
6 4
7 3
6 4
8 6
9 8
6 4
6 4
7 3
6 4
6 4
9 3
7 3
7 1
7 1
6 4
6 4
6 3
6 4
--- stderr ---
DBG hdr N=10 M=3 T=100 U=5 VMAX=2139 TIME_LIMIT=1.94 MAX_CAND=20 UCB_C=0.21
DBG t=0 used=0.02 remain=1.94 turn_time=0.0194 end_in=0.0194 depth=7 dec=0 cand_cap=20 cand=5->5 pick(must/top/rand)=3/2/0 sims=4973 loop=4968 best_avg=-1.13003 leader=1 inc2=1 attack_w=0.15
DBG t=12 used=0.02 remain=1.7 turn_time=0.0193182 end_in=0.0193182 depth=7 dec=0 cand_cap=20 cand=22->20 pick(must/top/rand)=9/7/4 sims=2848 loop=2828 best_avg=-0.930804 leader=1 inc2=1 attack_w=0.25
DBG t=24 used=0.02 remain=1.459 turn_time=0.0191974 end_in=0.0191974 depth=7 dec=0 cand_cap=20 cand=20->20 pick(must/top/rand)=9/7/4 sims=3304 loop=3284 best_avg=-1.32898 leader=2 inc2=1 attack_w=0.25
DBG t=37 used=0.02 remain=1.199 turn_time=0.0190317 end_in=0.0190317 depth=10 dec=0 cand_cap=20 cand=21->20 pick(must/top/rand)=9/7/4 sims=1984 loop=1964 best_avg=-1.16614 leader=2 inc2=1 attack_w=0.25
DBG t=49 used=0.019 remain=0.968 turn_time=0.0189804 end_in=0.0189804 depth=10 dec=0 cand_cap=20 cand=22->20 pick(must/top/rand)=9/7/4 sims=1952 loop=1932 best_avg=-0.92995 leader=1 inc2=1 attack_w=0.25
DBG t=61 used=0.019 remain=0.74 turn_time=0.0189744 end_in=0.0189744 depth=10 dec=0 cand_cap=20 cand=24->20 pick(must/top/rand)=9/7/4 sims=1900 loop=1880 best_avg=-0.73548 leader=1 inc2=1 attack_w=0.25
DBG t=74 used=0.019 remain=0.493 turn_time=0.0189615 end_in=0.0189615 depth=11 dec=0 cand_cap=20 cand=24->20 pick(must/top/rand)=9/7/4 sims=1620 loop=1600 best_avg=-0.668116 leader=1 inc2=1 attack_w=0.25
DBG t=86 used=0.019 remain=0.265 turn_time=0.0189286 end_in=0.0189286 depth=11 dec=0 cand_cap=20 cand=23->20 pick(must/top/rand)=9/7/4 sims=1548 loop=1528 best_avg=-0.57636 leader=1 inc2=1 attack_w=0.25
DBG t=99 used=0.018 remain=0.018 turn_time=0.018 end_in=0.017 depth=0 dec=0 cand_cap=20 cand=26->20 pick(must/top/rand)=9/7/4 sims=34164 loop=34144 best_avg=-0.775281 leader=1 inc2=1 attack_w=0.25
DBG summary depth_safety_fired=0
Score = 164298

=== CASE 0174.txt ===
cmd=target/release/tester ./a.out
returncode=0 timed_out=0 elapsed_sec=1.956687
score=196471.0
--- stdout ---
3 7
3 6
2 6
3 6
2 5
2 5
1 5
1 5
0 5
0 5
2 4
2 4
3 8
3 4
3 4
2 3
2 2
2 1
2 0
3 0
2 0
4 0
5 0
1 0
5 1
6 1
6 1
1 0
7 1
7 2
1 0
7 0
7 2
2 1
8 0
1 0
1 0
3 1
2 1
1 0
1 1
1 2
1 3
2 1
8 0
1 4
1 4
0 3
1 2
0 5
0 0
0 1
0 2
0 3
1 4
0 5
7 1
2 4
2 5
1 2
0 5
2 5
2 5
2 6
1 3
4 6
3 8
4 6
2 2
2 5
2 7
3 6
5 6
2 7
2 4
0 3
0 3
2 4
2 5
2 4
5 0
0 2
2 4
2 3
2 4
2 4
5 7
3 4
3 4
0 2
5 5
7 3
7 2
6 3
6 3
6 1
2 4
6 3
3 6
3 9
--- stderr ---
DBG hdr N=10 M=4 T=100 U=2 VMAX=1684 TIME_LIMIT=1.94 MAX_CAND=20 UCB_C=0.21
DBG t=0 used=0.02 remain=1.94 turn_time=0.0194 end_in=0.0194 depth=7 dec=0 cand_cap=20 cand=5->5 pick(must/top/rand)=3/2/0 sims=3873 loop=3868 best_avg=-0.984272 leader=3 inc2=0 attack_w=0.15
DBG t=12 used=0.02 remain=1.7 turn_time=0.0193182 end_in=0.0193182 depth=7 dec=0 cand_cap=20 cand=18->18 pick(must/top/rand)=3/13/2 sims=2746 loop=2728 best_avg=-0.799559 leader=1 inc2=0 attack_w=0.25
DBG t=24 used=0.02 remain=1.46 turn_time=0.0192105 end_in=0.0192105 depth=7 dec=0 cand_cap=20 cand=10->10 pick(must/top/rand)=7/3/0 sims=2502 loop=2492 best_avg=-0.571447 leader=1 inc2=0 attack_w=0.25
DBG t=37 used=0.02 remain=1.2 turn_time=0.0190476 end_in=0.0190476 depth=10 dec=0 cand_cap=20 cand=22->20 pick(must/top/rand)=9/7/4 sims=1824 loop=1804 best_avg=-0.595681 leader=1 inc2=0 attack_w=0.25
DBG t=49 used=0.019 remain=0.968 turn_time=0.0189804 end_in=0.0189804 depth=10 dec=0 cand_cap=20 cand=39->20 pick(must/top/rand)=9/7/4 sims=1364 loop=1344 best_avg=-0.344234 leader=1 inc2=1 attack_w=0.25
DBG t=61 used=0.019 remain=0.74 turn_time=0.0189744 end_in=0.0189744 depth=10 dec=0 cand_cap=20 cand=39->20 pick(must/top/rand)=5/11/4 sims=1272 loop=1252 best_avg=-0.152756 leader=2 inc2=0 attack_w=0.25
DBG t=74 used=0.019 remain=0.493 turn_time=0.0189615 end_in=0.0189615 depth=11 dec=0 cand_cap=20 cand=56->20 pick(must/top/rand)=9/7/4 sims=1032 loop=1012 best_avg=-0.319359 leader=1 inc2=1 attack_w=0.25
DBG t=86 used=0.019 remain=0.265 turn_time=0.0189286 end_in=0.0189286 depth=11 dec=0 cand_cap=20 cand=56->20 pick(must/top/rand)=7/9/4 sims=976 loop=956 best_avg=-0.238112 leader=3 inc2=1 attack_w=0.25
DBG t=99 used=0.018 remain=0.018 turn_time=0.018 end_in=0.017 depth=0 dec=0 cand_cap=20 cand=56->20 pick(must/top/rand)=8/8/4 sims=26352 loop=26332 best_avg=0.0835392 leader=3 inc2=0 attack_w=0.25
DBG summary depth_safety_fired=0
Score = 196471

=== CASE 0175.txt ===
cmd=target/release/tester ./a.out
returncode=0 timed_out=0 elapsed_sec=1.955043
score=125431.0
--- stdout ---
9 7
9 7
9 7
8 7
9 8
9 7
9 9
9 9
8 7
9 9
9 9
9 8
8 9
9 8
8 9
9 8
8 9
8 6
8 5
8 4
8 4
8 4
8 4
8 6
8 3
7 9
7 9
6 9
8 7
6 9
6 8
8 6
6 8
8 9
7 8
6 8
8 9
7 8
8 7
7 4
6 9
6 8
9 4
9 4
8 5
9 4
6 8
6 9
6 8
9 4
7 9
7 5
7 5
6 8
8 8
8 5
7 5
6 8
8 8
8 8
6 8
6 8
8 5
8 7
9 6
6 8
5 9
5 9
6 7
8 7
6 8
7 5
8 7
7 6
9 5
6 7
7 8
6 7
8 7
6 7
9 4
6 7
5 9
6 8
7 4
8 7
5 9
6 7
7 5
8 8
6 7
6 7
8 7
6 7
7 4
6 8
7 3
6 7
7 3
6 3
--- stderr ---
DBG hdr N=10 M=8 T=100 U=4 VMAX=1212 TIME_LIMIT=1.94 MAX_CAND=20 UCB_C=0.21
DBG t=0 used=0.02 remain=1.94 turn_time=0.0194 end_in=0.0194 depth=7 dec=0 cand_cap=20 cand=4->4 pick(must/top/rand)=3/1/0 sims=2448 loop=2444 best_avg=-0.798675 leader=7 inc2=1 attack_w=1
DBG t=12 used=0.02 remain=1.7 turn_time=0.0193182 end_in=0.0193182 depth=7 dec=0 cand_cap=20 cand=9->9 pick(must/top/rand)=6/3/0 sims=1653 loop=1644 best_avg=-0.440968 leader=1 inc2=1 attack_w=0.540775
DBG t=24 used=0.02 remain=1.46 turn_time=0.0192105 end_in=0.0192105 depth=7 dec=0 cand_cap=20 cand=18->18 pick(must/top/rand)=8/8/2 sims=1558 loop=1540 best_avg=-0.221571 leader=3 inc2=1 attack_w=0.25
DBG t=37 used=0.02 remain=1.2 turn_time=0.0190476 end_in=0.0190476 depth=10 dec=0 cand_cap=20 cand=26->20 pick(must/top/rand)=6/10/4 sims=1020 loop=1000 best_avg=-0.122159 leader=2 inc2=1 attack_w=0.25
DBG t=49 used=0.019 remain=0.968 turn_time=0.0189804 end_in=0.0189804 depth=10 dec=0 cand_cap=20 cand=27->20 pick(must/top/rand)=7/9/4 sims=956 loop=936 best_avg=-0.131608 leader=2 inc2=1 attack_w=0.25
DBG t=61 used=0.019 remain=0.74 turn_time=0.0189744 end_in=0.0189744 depth=10 dec=0 cand_cap=20 cand=28->20 pick(must/top/rand)=7/9/4 sims=992 loop=972 best_avg=-0.22029 leader=2 inc2=1 attack_w=0.25
DBG t=74 used=0.019 remain=0.493 turn_time=0.0189615 end_in=0.0189615 depth=11 dec=0 cand_cap=20 cand=27->20 pick(must/top/rand)=7/9/4 sims=872 loop=852 best_avg=-0.163042 leader=1 inc2=1 attack_w=0.25
DBG t=86 used=0.019 remain=0.265 turn_time=0.0189286 end_in=0.0189286 depth=11 dec=0 cand_cap=20 cand=30->20 pick(must/top/rand)=6/10/4 sims=872 loop=852 best_avg=-0.146699 leader=1 inc2=1 attack_w=0.25
DBG t=99 used=0.018 remain=0.018 turn_time=0.018 end_in=0.017 depth=0 dec=0 cand_cap=20 cand=31->20 pick(must/top/rand)=6/10/4 sims=15652 loop=15632 best_avg=-0.129087 leader=2 inc2=1 attack_w=0.25
DBG summary depth_safety_fired=0
Score = 125431

=== CASE 0177.txt ===
cmd=target/release/tester ./a.out
returncode=0 timed_out=0 elapsed_sec=1.952881
score=140881.0
--- stdout ---
0 5
0 4
0 3
0 5
1 3
1 2
1 1
1 0
2 0
1 1
1 1
2 2
1 0
2 0
2 0
1 0
2 0
1 1
2 1
2 1
1 0
2 1
2 1
2 2
2 0
3 2
3 3
2 2
2 2
0 0
0 3
2 0
0 4
0 1
1 4
2 0
1 2
3 2
1 4
0 3
1 4
1 4
0 1
0 5
0 1
2 3
2 3
2 3
4 2
0 2
2 3
2 2
3 2
4 2
1 2
0 3
3 1
3 1
3 1
3 1
3 2
5 2
4 2
4 3
3 3
6 2
5 3
6 2
3 3
6 2
0 0
6 2
5 4
5 5
4 5
3 5
4 4
4 4
4 6
4 3
3 6
4 3
6 5
6 5
4 5
5 4
6 6
5 3
5 3
5 6
5 5
5 5
6 4
5 2
6 4
5 2
6 4
5 2
5 6
6 4
--- stderr ---
DBG hdr N=10 M=8 T=100 U=4 VMAX=1857 TIME_LIMIT=1.94 MAX_CAND=20 UCB_C=0.21
DBG t=0 used=0.02 remain=1.94 turn_time=0.0194 end_in=0.0194 depth=7 dec=0 cand_cap=20 cand=3->3 pick(must/top/rand)=3/0/0 sims=2315 loop=2312 best_avg=-0.999756 leader=2 inc2=1 attack_w=1
DBG t=12 used=0.02 remain=1.7 turn_time=0.0193182 end_in=0.0193182 depth=7 dec=0 cand_cap=20 cand=16->16 pick(must/top/rand)=6/10/0 sims=1488 loop=1472 best_avg=-0.970555 leader=4 inc2=1 attack_w=1
DBG t=24 used=0.02 remain=1.46 turn_time=0.0192105 end_in=0.0192105 depth=7 dec=0 cand_cap=20 cand=18->18 pick(must/top/rand)=6/10/2 sims=1554 loop=1536 best_avg=-0.596577 leader=4 inc2=1 attack_w=1
DBG t=37 used=0.02 remain=1.2 turn_time=0.0190476 end_in=0.0190476 depth=10 dec=0 cand_cap=20 cand=20->20 pick(must/top/rand)=5/11/4 sims=1092 loop=1072 best_avg=-0.542316 leader=7 inc2=1 attack_w=1
DBG t=49 used=0.019 remain=0.968 turn_time=0.0189804 end_in=0.0189804 depth=10 dec=0 cand_cap=20 cand=25->20 pick(must/top/rand)=9/7/4 sims=1008 loop=988 best_avg=-0.532583 leader=7 inc2=1 attack_w=0.939594
DBG t=61 used=0.019 remain=0.74 turn_time=0.0189744 end_in=0.0189744 depth=10 dec=0 cand_cap=20 cand=22->20 pick(must/top/rand)=6/10/4 sims=1176 loop=1156 best_avg=-0.311457 leader=7 inc2=1 attack_w=0.719055
DBG t=74 used=0.019 remain=0.493 turn_time=0.0189615 end_in=0.0189615 depth=11 dec=0 cand_cap=20 cand=35->20 pick(must/top/rand)=7/9/4 sims=964 loop=944 best_avg=-0.131146 leader=7 inc2=1 attack_w=0.25
DBG t=86 used=0.019 remain=0.265 turn_time=0.0189286 end_in=0.0189286 depth=11 dec=0 cand_cap=20 cand=45->20 pick(must/top/rand)=7/9/4 sims=1036 loop=1016 best_avg=-0.0298932 leader=7 inc2=1 attack_w=0.25
DBG t=99 used=0.018 remain=0.018 turn_time=0.018 end_in=0.017 depth=0 dec=0 cand_cap=20 cand=42->20 pick(must/top/rand)=6/10/4 sims=24340 loop=24320 best_avg=0.0217444 leader=7 inc2=1 attack_w=0.25
DBG summary depth_safety_fired=0
Score = 140881

=== CASE 0179.txt ===
cmd=target/release/tester ./a.out
returncode=0 timed_out=0 elapsed_sec=1.951966
score=99828.0
--- stdout ---
1 0
0 0
1 0
0 0
1 1
1 1
1 2
2 0
0 1
0 1
1 2
2 1
2 1
0 2
2 1
2 2
1 3
2 1
2 2
0 2
0 3
1 3
2 3
3 3
4 3
2 1
3 2
1 4
2 4
3 2
3 4
4 2
5 2
3 1
1 4
3 5
1 5
4 5
5 1
0 4
6 2
0 4
2 5
4 4
6 1
4 4
3 6
0 3
4 6
6 2
4 5
1 5
6 1
4 3
1 5
4 7
3 5
2 4
7 2
7 2
5 5
1 5
3 0
2 5
4 0
4 7
1 5
6 0
1 5
2 5
0 5
2 5
5 0
7 0
2 5
4 2
8 0
1 4
3 6
0 5
1 3
3 4
5 6
5 6
8 0
5 0
5 6
2 5
3 7
2 3
3 7
2 5
0 5
1 4
2 5
1 4
1 1
0 2
0 0
2 1
--- stderr ---
DBG hdr N=10 M=3 T=100 U=2 VMAX=1658 TIME_LIMIT=1.94 MAX_CAND=20 UCB_C=0.21
DBG t=0 used=0.02 remain=1.94 turn_time=0.0194 end_in=0.0194 depth=7 dec=0 cand_cap=20 cand=4->4 pick(must/top/rand)=3/1/0 sims=4888 loop=4884 best_avg=-1.09946 leader=1 inc2=1 attack_w=0.15
DBG t=12 used=0.02 remain=1.7 turn_time=0.0193182 end_in=0.0193182 depth=7 dec=0 cand_cap=20 cand=11->11 pick(must/top/rand)=6/5/0 sims=2703 loop=2692 best_avg=-1.09614 leader=1 inc2=1 attack_w=0.25
DBG t=24 used=0.02 remain=1.458 turn_time=0.0191842 end_in=0.0191842 depth=7 dec=0 cand_cap=20 cand=21->20 pick(must/top/rand)=8/8/4 sims=2220 loop=2200 best_avg=-1.16773 leader=1 inc2=1 attack_w=0.25
DBG t=37 used=0.02 remain=1.198 turn_time=0.0190159 end_in=0.0190159 depth=10 dec=0 cand_cap=20 cand=32->20 pick(must/top/rand)=9/7/4 sims=1236 loop=1216 best_avg=-1.08543 leader=2 inc2=1 attack_w=0.25
DBG t=49 used=0.019 remain=0.968 turn_time=0.0189804 end_in=0.0189804 depth=10 dec=0 cand_cap=20 cand=46->20 pick(must/top/rand)=9/7/4 sims=1060 loop=1040 best_avg=-1.12536 leader=2 inc2=1 attack_w=0.25
DBG t=61 used=0.019 remain=0.74 turn_time=0.0189744 end_in=0.0189744 depth=10 dec=0 cand_cap=20 cand=49->20 pick(must/top/rand)=8/8/4 sims=964 loop=944 best_avg=-1.17461 leader=1 inc2=1 attack_w=0.25
DBG t=74 used=0.019 remain=0.493 turn_time=0.0189615 end_in=0.0189615 depth=11 dec=0 cand_cap=20 cand=52->20 pick(must/top/rand)=7/9/4 sims=868 loop=848 best_avg=-1.2299 leader=1 inc2=1 attack_w=0.25
DBG t=86 used=0.019 remain=0.265 turn_time=0.0189286 end_in=0.0189286 depth=11 dec=0 cand_cap=20 cand=55->20 pick(must/top/rand)=7/9/4 sims=844 loop=824 best_avg=-1.43881 leader=1 inc2=1 attack_w=0.25
DBG t=99 used=0.018 remain=0.018 turn_time=0.018 end_in=0.017 depth=0 dec=0 cand_cap=20 cand=28->20 pick(must/top/rand)=7/9/4 sims=19368 loop=19348 best_avg=-1.6091 leader=1 inc2=1 attack_w=0.506142
DBG summary depth_safety_fired=0
Score = 99828

=== CASE 0178.txt ===
cmd=target/release/tester ./a.out
returncode=0 timed_out=0 elapsed_sec=1.953407
score=92834.0
--- stdout ---
5 3
5 3
5 3
5 4
5 4
6 3
5 5
6 5
7 5
7 5
8 5
4 3
6 6
6 6
8 5
6 3
6 6
6 7
4 3
6 3
6 7
4 3
4 2
6 6
6 3
5 6
6 6
3 2
5 2
6 4
6 5
4 5
7 5
4 5
6 6
5 4
6 5
5 6
4 2
4 5
3 2
4 5
5 5
4 5
7 5
7 5
7 6
4 6
7 6
4 5
6 3
4 5
3 3
4 2
2 3
8 6
4 2
7 5
8 6
6 5
8 6
3 3
8 6
3 5
4 1
5 6
4 2
3 5
8 6
7 7
7 7
5 4
7 3
7 3
8 6
7 3
4 5
6 7
8 6
7 3
8 6
7 8
6 7
4 2
4 3
4 3
7 7
7 5
5 6
8 7
8 6
4 3
8 6
8 6
8 7
8 7
8 7
4 3
7 8
4 3
--- stderr ---
DBG hdr N=10 M=7 T=100 U=4 VMAX=1492 TIME_LIMIT=1.94 MAX_CAND=20 UCB_C=0.21
DBG t=0 used=0.02 remain=1.94 turn_time=0.0194 end_in=0.0194 depth=7 dec=0 cand_cap=20 cand=5->5 pick(must/top/rand)=3/2/0 sims=2893 loop=2888 best_avg=-0.666748 leader=4 inc2=1 attack_w=0.15
DBG t=12 used=0.02 remain=1.7 turn_time=0.0193182 end_in=0.0193182 depth=7 dec=0 cand_cap=20 cand=23->20 pick(must/top/rand)=6/10/4 sims=2000 loop=1980 best_avg=-0.715025 leader=5 inc2=1 attack_w=0.94158
DBG t=24 used=0.02 remain=1.458 turn_time=0.0191842 end_in=0.0191842 depth=7 dec=0 cand_cap=20 cand=22->20 pick(must/top/rand)=8/8/4 sims=1656 loop=1636 best_avg=-0.748112 leader=5 inc2=1 attack_w=0.482248
DBG t=37 used=0.02 remain=1.198 turn_time=0.0190159 end_in=0.0190159 depth=10 dec=0 cand_cap=20 cand=24->20 pick(must/top/rand)=7/9/4 sims=1100 loop=1080 best_avg=-0.857807 leader=5 inc2=1 attack_w=1
DBG t=49 used=0.019 remain=0.968 turn_time=0.0189804 end_in=0.0189804 depth=10 dec=0 cand_cap=20 cand=32->20 pick(must/top/rand)=8/8/4 sims=980 loop=960 best_avg=-0.623168 leader=5 inc2=1 attack_w=0.615675
DBG t=61 used=0.019 remain=0.74 turn_time=0.0189744 end_in=0.0189744 depth=10 dec=0 cand_cap=20 cand=34->20 pick(must/top/rand)=9/7/4 sims=972 loop=952 best_avg=-0.555306 leader=5 inc2=1 attack_w=0.455239
DBG t=74 used=0.019 remain=0.493 turn_time=0.0189615 end_in=0.0189615 depth=11 dec=0 cand_cap=20 cand=37->20 pick(must/top/rand)=7/9/4 sims=900 loop=880 best_avg=-0.497569 leader=5 inc2=1 attack_w=0.25
DBG t=86 used=0.019 remain=0.265 turn_time=0.0189286 end_in=0.0189286 depth=11 dec=0 cand_cap=20 cand=32->20 pick(must/top/rand)=7/9/4 sims=856 loop=836 best_avg=-0.537773 leader=5 inc2=1 attack_w=0.292224
DBG t=99 used=0.018 remain=0.018 turn_time=0.018 end_in=0.017 depth=0 dec=0 cand_cap=20 cand=15->15 pick(must/top/rand)=6/9/0 sims=19539 loop=19524 best_avg=-0.618141 leader=5 inc2=1 attack_w=0.778102
DBG summary depth_safety_fired=0
Score = 92834

=== CASE 0181.txt ===
cmd=target/release/tester ./a.out
returncode=0 timed_out=0 elapsed_sec=1.956434
score=93976.0
--- stdout ---
9 5
9 4
8 4
8 3
8 6
8 6
9 4
7 6
8 4
7 6
8 6
8 4
8 3
7 6
8 4
7 7
9 4
8 3
7 3
7 3
8 5
8 6
9 3
8 5
8 6
9 3
8 6
7 3
8 6
8 5
9 3
9 5
7 5
8 6
7 5
8 6
7 5
9 6
8 6
8 2
7 5
8 6
7 5
8 2
9 6
8 2
9 2
8 6
7 5
9 2
9 5
9 1
7 5
8 2
9 0
9 1
8 0
9 1
7 5
8 4
7 3
8 4
7 5
7 3
8 2
9 7
7 3
8 1
7 6
8 2
9 0
9 0
9 7
8 2
8 0
8 4
7 3
7 0
8 5
8 5
8 0
9 8
8 2
7 5
7 5
7 0
7 0
9 2
9 9
9 8
8 2
7 0
8 5
8 7
8 7
7 5
8 3
7 0
8 2
8 5
--- stderr ---
DBG hdr N=10 M=5 T=100 U=3 VMAX=1983 TIME_LIMIT=1.94 MAX_CAND=20 UCB_C=0.21
DBG t=0 used=0.02 remain=1.94 turn_time=0.0194 end_in=0.0194 depth=7 dec=0 cand_cap=20 cand=4->4 pick(must/top/rand)=3/1/0 sims=3368 loop=3364 best_avg=-0.954648 leader=3 inc2=0 attack_w=0.863364
DBG t=12 used=0.02 remain=1.7 turn_time=0.0193182 end_in=0.0193182 depth=7 dec=0 cand_cap=20 cand=17->17 pick(must/top/rand)=5/11/1 sims=2185 loop=2168 best_avg=-0.521032 leader=2 inc2=1 attack_w=0.25
DBG t=24 used=0.02 remain=1.46 turn_time=0.0192105 end_in=0.0192105 depth=7 dec=0 cand_cap=20 cand=18->18 pick(must/top/rand)=5/11/2 sims=2222 loop=2204 best_avg=-0.812987 leader=2 inc2=0 attack_w=0.508133
DBG t=37 used=0.02 remain=1.2 turn_time=0.0190476 end_in=0.0190476 depth=10 dec=0 cand_cap=20 cand=18->18 pick(must/top/rand)=3/13/2 sims=1490 loop=1472 best_avg=-1.03764 leader=2 inc2=0 attack_w=0.349458
DBG t=49 used=0.019 remain=0.968 turn_time=0.0189804 end_in=0.0189804 depth=10 dec=0 cand_cap=20 cand=20->20 pick(must/top/rand)=4/12/4 sims=1348 loop=1328 best_avg=-1.11693 leader=2 inc2=0 attack_w=0.52729
DBG t=61 used=0.019 remain=0.74 turn_time=0.0189744 end_in=0.0189744 depth=10 dec=0 cand_cap=20 cand=22->20 pick(must/top/rand)=5/11/4 sims=1196 loop=1176 best_avg=-1.12881 leader=2 inc2=0 attack_w=1
DBG t=74 used=0.019 remain=0.493 turn_time=0.0189615 end_in=0.0189615 depth=11 dec=0 cand_cap=20 cand=23->20 pick(must/top/rand)=6/10/4 sims=1140 loop=1120 best_avg=-1.03642 leader=2 inc2=0 attack_w=0.841682
DBG t=86 used=0.019 remain=0.265 turn_time=0.0189286 end_in=0.0189286 depth=11 dec=0 cand_cap=20 cand=26->20 pick(must/top/rand)=7/9/4 sims=1048 loop=1028 best_avg=-0.961041 leader=2 inc2=0 attack_w=0.873852
DBG t=99 used=0.018 remain=0.018 turn_time=0.018 end_in=0.017 depth=0 dec=0 cand_cap=20 cand=26->20 pick(must/top/rand)=7/9/4 sims=24056 loop=24036 best_avg=-0.917993 leader=2 inc2=0 attack_w=0.811244
DBG summary depth_safety_fired=0
Score = 93976

=== CASE 0182.txt ===
cmd=target/release/tester ./a.out
returncode=0 timed_out=0 elapsed_sec=1.955458
score=391565.0
--- stdout ---
2 2
2 3
2 4
2 5
2 6
3 6
4 6
1 6
5 6
0 6
6 6
6 7
6 6
7 7
8 7
8 6
7 6
7 7
8 6
7 6
8 7
8 6
7 5
8 5
8 7
7 6
8 7
7 6
8 5
8 7
8 5
8 5
7 6
8 6
8 7
8 6
8 6
8 6
8 6
9 6
8 7
9 6
9 6
9 6
8 7
9 6
8 8
8 8
8 8
9 6
8 7
8 7
8 7
9 6
8 6
8 7
8 7
9 6
9 8
8 7
9 8
9 6
8 7
9 8
9 6
8 7
8 7
9 6
7 8
9 8
5 7
4 7
8 7
9 6
4 8
8 7
3 7
9 6
8 7
8 7
9 6
8 9
8 7
8 7
9 6
7 4
8 7
8 7
9 6
6 8
8 7
8 7
9 8
9 6
8 7
8 7
9 6
6 9
8 7
6 9
--- stderr ---
DBG hdr N=10 M=2 T=100 U=3 VMAX=1596 TIME_LIMIT=1.94 MAX_CAND=20 UCB_C=0.21
DBG t=0 used=0.02 remain=1.94 turn_time=0.0194 end_in=0.0194 depth=7 dec=0 cand_cap=20 cand=5->5 pick(must/top/rand)=3/2/0 sims=5545 loop=5540 best_avg=-3.22019 leader=1 inc2=1 attack_w=1
DBG t=12 used=0.02 remain=1.7 turn_time=0.0193182 end_in=0.0193182 depth=7 dec=0 cand_cap=20 cand=36->20 pick(must/top/rand)=5/11/4 sims=3676 loop=3656 best_avg=-2.74463 leader=1 inc2=1 attack_w=0.25
DBG t=24 used=0.02 remain=1.46 turn_time=0.0192105 end_in=0.0192105 depth=7 dec=0 cand_cap=20 cand=45->20 pick(must/top/rand)=7/9/4 sims=3624 loop=3604 best_avg=-2.41302 leader=1 inc2=1 attack_w=0.25
DBG t=37 used=0.02 remain=1.2 turn_time=0.0190476 end_in=0.0190476 depth=10 dec=0 cand_cap=20 cand=47->20 pick(must/top/rand)=5/11/4 sims=2284 loop=2264 best_avg=-1.59145 leader=1 inc2=1 attack_w=0.15
DBG t=49 used=0.019 remain=0.968 turn_time=0.0189804 end_in=0.0189804 depth=10 dec=0 cand_cap=20 cand=49->20 pick(must/top/rand)=6/10/4 sims=2108 loop=2088 best_avg=-1.15121 leader=1 inc2=1 attack_w=0.15
DBG t=61 used=0.019 remain=0.74 turn_time=0.0189744 end_in=0.0189744 depth=10 dec=0 cand_cap=20 cand=50->20 pick(must/top/rand)=4/12/4 sims=1976 loop=1956 best_avg=-0.617636 leader=1 inc2=1 attack_w=0.15
DBG t=74 used=0.019 remain=0.493 turn_time=0.0189615 end_in=0.0189615 depth=11 dec=0 cand_cap=20 cand=53->20 pick(must/top/rand)=3/13/4 sims=1644 loop=1624 best_avg=-0.496154 leader=1 inc2=1 attack_w=0.15
DBG t=86 used=0.019 remain=0.265 turn_time=0.0189286 end_in=0.0189286 depth=11 dec=0 cand_cap=20 cand=57->20 pick(must/top/rand)=4/12/4 sims=1556 loop=1536 best_avg=-0.458788 leader=1 inc2=1 attack_w=0.15
DBG t=99 used=0.018 remain=0.018 turn_time=0.018 end_in=0.017 depth=0 dec=0 cand_cap=20 cand=59->20 pick(must/top/rand)=3/13/4 sims=70176 loop=70156 best_avg=0.183059 leader=1 inc2=1 attack_w=0.15
DBG summary depth_safety_fired=0
Score = 391565

=== CASE 0184.txt ===
cmd=target/release/tester ./a.out
returncode=0 timed_out=0 elapsed_sec=1.953547
score=134470.0
--- stdout ---
3 0
3 0
1 0
3 1
4 0
3 1
4 0
3 1
4 1
5 0
5 0
4 1
5 0
6 0
6 1
4 1
7 1
8 1
8 2
6 1
7 1
8 2
9 2
9 2
9 2
9 3
7 1
9 3
4 2
3 2
3 1
3 2
3 2
3 1
9 1
3 1
3 2
9 1
4 2
9 4
9 4
4 2
2 2
3 2
9 4
9 4
7 1
9 5
9 6
9 6
9 6
9 7
9 4
9 8
9 9
9 9
9 4
8 9
8 5
8 9
9 6
9 9
8 6
8 9
8 6
8 6
8 9
8 6
8 7
8 9
7 9
9 7
8 4
7 9
8 7
8 9
9 5
8 7
8 6
9 5
9 5
7 7
9 4
8 7
6 7
6 7
6 7
6 8
6 8
7 7
5 8
5 9
5 7
6 7
4 8
6 8
4 8
6 8
4 8
3 8
--- stderr ---
DBG hdr N=10 M=7 T=100 U=3 VMAX=2058 TIME_LIMIT=1.94 MAX_CAND=20 UCB_C=0.21
DBG t=0 used=0.02 remain=1.94 turn_time=0.0194 end_in=0.0194 depth=7 dec=0 cand_cap=20 cand=4->4 pick(must/top/rand)=3/1/0 sims=2608 loop=2604 best_avg=-1.0054 leader=3 inc2=1 attack_w=1
DBG t=12 used=0.02 remain=1.7 turn_time=0.0193182 end_in=0.0193182 depth=7 dec=0 cand_cap=20 cand=11->11 pick(must/top/rand)=4/7/0 sims=1867 loop=1856 best_avg=-0.806031 leader=6 inc2=1 attack_w=0.897403
DBG t=24 used=0.02 remain=1.46 turn_time=0.0192105 end_in=0.0192105 depth=7 dec=0 cand_cap=20 cand=19->19 pick(must/top/rand)=9/7/3 sims=1715 loop=1696 best_avg=-0.612666 leader=4 inc2=1 attack_w=0.414225
DBG t=37 used=0.02 remain=1.2 turn_time=0.0190476 end_in=0.0190476 depth=10 dec=0 cand_cap=20 cand=23->20 pick(must/top/rand)=9/7/4 sims=1160 loop=1140 best_avg=-0.312997 leader=4 inc2=1 attack_w=0.25
DBG t=49 used=0.019 remain=0.968 turn_time=0.0189804 end_in=0.0189804 depth=10 dec=0 cand_cap=20 cand=4->4 pick(must/top/rand)=3/1/0 sims=1148 loop=1144 best_avg=-0.154116 leader=4 inc2=1 attack_w=0.25
DBG t=61 used=0.019 remain=0.74 turn_time=0.0189744 end_in=0.0189744 depth=10 dec=0 cand_cap=20 cand=12->12 pick(must/top/rand)=6/6/0 sims=1052 loop=1040 best_avg=-0.403173 leader=2 inc2=1 attack_w=0.25
DBG t=74 used=0.019 remain=0.493 turn_time=0.0189615 end_in=0.0189615 depth=11 dec=0 cand_cap=20 cand=8->8 pick(must/top/rand)=4/4/0 sims=928 loop=920 best_avg=-0.40096 leader=4 inc2=1 attack_w=0.25
DBG t=86 used=0.019 remain=0.265 turn_time=0.0189286 end_in=0.0189286 depth=11 dec=0 cand_cap=20 cand=3->3 pick(must/top/rand)=1/2/0 sims=1159 loop=1156 best_avg=-0.330712 leader=2 inc2=1 attack_w=0.25
DBG t=99 used=0.018 remain=0.018 turn_time=0.018 end_in=0.017 depth=0 dec=0 cand_cap=20 cand=13->13 pick(must/top/rand)=6/7/0 sims=22289 loop=22276 best_avg=-0.0906538 leader=4 inc2=1 attack_w=0.25
DBG summary depth_safety_fired=0
Score = 134470

=== CASE 0180.txt ===
cmd=target/release/tester ./a.out
returncode=0 timed_out=0 elapsed_sec=1.958445
score=354231.0
--- stdout ---
0 4
2 4
2 5
2 4
3 4
1 4
0 4
2 6
2 7
3 5
4 5
2 4
3 4
4 4
3 3
4 3
4 2
5 2
5 1
6 1
4 1
6 0
5 0
7 1
4 5
2 3
1 3
4 3
1 2
8 1
7 0
6 1
9 1
4 0
8 2
9 2
4 2
3 1
4 4
3 2
3 3
5 2
5 3
6 2
5 5
5 6
9 0
2 2
8 0
4 6
3 7
1 1
5 7
7 2
5 8
6 8
6 9
7 9
7 8
8 8
9 8
5 6
5 5
9 7
9 7
4 5
8 7
5 3
9 6
6 6
9 2
8 9
2 8
0 1
5 4
7 3
4 4
6 7
6 6
7 6
6 1
6 1
3 8
5 4
7 6
6 2
7 1
8 2
8 2
5 1
5 0
5 2
7 2
4 1
4 3
4 2
8 3
9 3
5 5
6 5
--- stderr ---
DBG hdr N=10 M=6 T=100 U=1 VMAX=1681 TIME_LIMIT=1.94 MAX_CAND=20 UCB_C=0.21
DBG t=0 used=0.02 remain=1.94 turn_time=0.0194 end_in=0.0194 depth=7 dec=0 cand_cap=20 cand=5->5 pick(must/top/rand)=3/2/0 sims=2801 loop=2796 best_avg=-0.636203 leader=4 inc2=1 attack_w=1
DBG t=12 used=0.02 remain=1.7 turn_time=0.0193182 end_in=0.0193182 depth=7 dec=0 cand_cap=20 cand=21->20 pick(must/top/rand)=4/12/4 sims=2104 loop=2084 best_avg=-0.562961 leader=2 inc2=1 attack_w=1
DBG t=24 used=0.02 remain=1.46 turn_time=0.0192105 end_in=0.0192105 depth=7 dec=0 cand_cap=20 cand=37->20 pick(must/top/rand)=6/10/4 sims=1888 loop=1868 best_avg=0.0945762 leader=5 inc2=1 attack_w=0.25
DBG t=37 used=0.02 remain=1.2 turn_time=0.0190476 end_in=0.0190476 depth=10 dec=0 cand_cap=20 cand=26->20 pick(must/top/rand)=6/10/4 sims=1292 loop=1272 best_avg=0.582271 leader=2 inc2=1 attack_w=0.25
DBG t=49 used=0.019 remain=0.968 turn_time=0.0189804 end_in=0.0189804 depth=10 dec=0 cand_cap=20 cand=54->20 pick(must/top/rand)=6/10/4 sims=1132 loop=1112 best_avg=0.940161 leader=1 inc2=1 attack_w=0.25
DBG t=61 used=0.019 remain=0.74 turn_time=0.0189744 end_in=0.0189744 depth=10 dec=0 cand_cap=20 cand=18->18 pick(must/top/rand)=7/9/2 sims=1106 loop=1088 best_avg=1.18985 leader=3 inc2=1 attack_w=0.25
DBG t=74 used=0.019 remain=0.493 turn_time=0.0189615 end_in=0.0189615 depth=11 dec=0 cand_cap=20 cand=82->20 pick(must/top/rand)=7/9/4 sims=720 loop=700 best_avg=1.42847 leader=2 inc2=1 attack_w=0.25
DBG t=86 used=0.019 remain=0.265 turn_time=0.0189286 end_in=0.0189286 depth=11 dec=0 cand_cap=20 cand=14->14 pick(must/top/rand)=4/10/0 sims=1122 loop=1108 best_avg=1.25333 leader=3 inc2=1 attack_w=0.25
DBG t=99 used=0.018 remain=0.018 turn_time=0.018 end_in=0.017 depth=0 dec=0 cand_cap=20 cand=83->20 pick(must/top/rand)=7/9/4 sims=36832 loop=36812 best_avg=1.90747 leader=2 inc2=1 attack_w=0.25
DBG summary depth_safety_fired=0
Score = 354231

=== CASE 0183.txt ===
cmd=target/release/tester ./a.out
returncode=0 timed_out=0 elapsed_sec=1.954657
score=147600.0
--- stdout ---
4 8
5 8
5 8
5 8
4 8
4 8
4 7
5 7
4 7
4 8
5 7
4 7
4 8
5 7
5 8
5 7
6 7
6 7
5 7
4 7
6 7
5 7
6 8
5 7
4 7
6 7
7 8
3 7
3 6
3 6
2 6
6 7
5 7
4 6
3 6
6 7
2 6
2 5
8 8
6 7
5 7
9 8
4 6
4 6
4 6
6 7
3 7
5 7
4 6
5 7
6 7
4 5
6 7
3 6
4 5
5 5
7 8
5 5
6 7
2 6
4 5
4 5
5 7
6 7
9 7
5 5
9 7
8 8
5 5
1 6
6 7
1 6
5 5
9 6
9 6
5 5
6 7
9 6
5 5
5 6
7 8
6 7
5 5
5 6
6 7
4 4
5 6
4 5
9 5
6 7
4 4
9 5
4 5
5 6
6 7
4 5
5 6
4 5
6 7
6 7
--- stderr ---
DBG hdr N=10 M=7 T=100 U=4 VMAX=1489 TIME_LIMIT=1.94 MAX_CAND=20 UCB_C=0.21
DBG t=0 used=0.02 remain=1.94 turn_time=0.0194 end_in=0.0194 depth=7 dec=0 cand_cap=20 cand=5->5 pick(must/top/rand)=3/2/0 sims=2577 loop=2572 best_avg=-0.731164 leader=4 inc2=1 attack_w=1
DBG t=12 used=0.02 remain=1.7 turn_time=0.0193182 end_in=0.0193182 depth=7 dec=0 cand_cap=20 cand=10->10 pick(must/top/rand)=5/5/0 sims=2134 loop=2124 best_avg=-0.288768 leader=5 inc2=1 attack_w=0.25
DBG t=24 used=0.02 remain=1.46 turn_time=0.0192105 end_in=0.0192105 depth=7 dec=0 cand_cap=20 cand=15->15 pick(must/top/rand)=5/10/0 sims=2095 loop=2080 best_avg=-0.103595 leader=1 inc2=1 attack_w=0.25
DBG t=37 used=0.02 remain=1.2 turn_time=0.0190476 end_in=0.0190476 depth=10 dec=0 cand_cap=20 cand=24->20 pick(must/top/rand)=8/8/4 sims=1264 loop=1244 best_avg=-0.0125941 leader=5 inc2=1 attack_w=0.25
DBG t=49 used=0.019 remain=0.968 turn_time=0.0189804 end_in=0.0189804 depth=10 dec=0 cand_cap=20 cand=31->20 pick(must/top/rand)=6/10/4 sims=1364 loop=1344 best_avg=0.141869 leader=3 inc2=1 attack_w=0.25
DBG t=61 used=0.019 remain=0.74 turn_time=0.0189744 end_in=0.0189744 depth=10 dec=0 cand_cap=20 cand=36->20 pick(must/top/rand)=5/11/4 sims=1180 loop=1160 best_avg=0.335003 leader=3 inc2=1 attack_w=0.25
DBG t=74 used=0.019 remain=0.493 turn_time=0.0189615 end_in=0.0189615 depth=11 dec=0 cand_cap=20 cand=40->20 pick(must/top/rand)=6/10/4 sims=980 loop=960 best_avg=0.396654 leader=3 inc2=1 attack_w=0.25
DBG t=86 used=0.019 remain=0.265 turn_time=0.0189286 end_in=0.0189286 depth=11 dec=0 cand_cap=20 cand=41->20 pick(must/top/rand)=7/9/4 sims=1052 loop=1032 best_avg=0.052011 leader=3 inc2=1 attack_w=0.25
DBG t=99 used=0.018 remain=0.018 turn_time=0.018 end_in=0.017 depth=0 dec=0 cand_cap=20 cand=39->20 pick(must/top/rand)=8/8/4 sims=26072 loop=26052 best_avg=0.0723735 leader=3 inc2=1 attack_w=0.25
DBG summary depth_safety_fired=0
Score = 147600

=== CASE 0185.txt ===
cmd=target/release/tester ./a.out
returncode=0 timed_out=0 elapsed_sec=1.953574
score=86850.0
--- stdout ---
4 1
4 2
4 3
4 3
4 3
4 3
3 3
4 3
4 2
4 2
2 3
5 3
2 3
2 3
2 3
5 4
6 4
6 3
6 3
3 1
6 3
6 5
6 6
7 6
7 4
6 6
5 6
2 3
3 0
6 5
2 4
5 6
8 4
6 6
2 4
5 4
6 5
6 5
6 6
8 3
2 3
9 4
8 2
6 6
2 3
9 5
8 1
5 6
5 6
8 1
8 1
5 4
6 6
2 3
5 2
9 3
6 6
6 3
8 0
2 0
6 3
6 5
5 1
2 3
9 5
5 4
8 5
8 5
8 5
7 0
8 5
8 6
3 3
8 5
8 0
2 0
3 0
2 0
3 1
4 1
4 4
8 5
5 4
5 0
8 0
7 3
8 5
4 3
9 5
8 5
3 2
8 5
9 4
8 6
9 5
9 0
6 6
6 6
9 3
6 6
--- stderr ---
DBG hdr N=10 M=4 T=100 U=5 VMAX=1220 TIME_LIMIT=1.94 MAX_CAND=20 UCB_C=0.21
DBG t=0 used=0.02 remain=1.94 turn_time=0.0194 end_in=0.0194 depth=7 dec=0 cand_cap=20 cand=5->5 pick(must/top/rand)=3/2/0 sims=4361 loop=4356 best_avg=-1.07449 leader=3 inc2=1 attack_w=1
DBG t=12 used=0.02 remain=1.7 turn_time=0.0193182 end_in=0.0193182 depth=7 dec=0 cand_cap=20 cand=20->20 pick(must/top/rand)=3/13/4 sims=2880 loop=2860 best_avg=-1.07095 leader=3 inc2=1 attack_w=0.703461
DBG t=24 used=0.02 remain=1.46 turn_time=0.0192105 end_in=0.0192105 depth=7 dec=0 cand_cap=20 cand=31->20 pick(must/top/rand)=7/9/4 sims=2500 loop=2480 best_avg=-1.03669 leader=3 inc2=1 attack_w=0.423049
DBG t=37 used=0.02 remain=1.2 turn_time=0.0190476 end_in=0.0190476 depth=10 dec=0 cand_cap=20 cand=39->20 pick(must/top/rand)=7/9/4 sims=1524 loop=1504 best_avg=-1.14507 leader=3 inc2=1 attack_w=0.524475
DBG t=49 used=0.019 remain=0.968 turn_time=0.0189804 end_in=0.0189804 depth=10 dec=0 cand_cap=20 cand=49->20 pick(must/top/rand)=7/9/4 sims=1176 loop=1156 best_avg=-1.21721 leader=3 inc2=1 attack_w=0.699682
DBG t=61 used=0.019 remain=0.74 turn_time=0.0189744 end_in=0.0189744 depth=10 dec=0 cand_cap=20 cand=51->20 pick(must/top/rand)=7/9/4 sims=984 loop=964 best_avg=-1.19103 leader=3 inc2=1 attack_w=0.776782
DBG t=74 used=0.019 remain=0.493 turn_time=0.0189615 end_in=0.0189615 depth=11 dec=0 cand_cap=20 cand=50->20 pick(must/top/rand)=7/9/4 sims=908 loop=888 best_avg=-1.20922 leader=3 inc2=1 attack_w=0.804092
DBG t=86 used=0.019 remain=0.265 turn_time=0.0189286 end_in=0.0189286 depth=11 dec=0 cand_cap=20 cand=46->20 pick(must/top/rand)=7/9/4 sims=888 loop=868 best_avg=-1.27122 leader=3 inc2=1 attack_w=1
DBG t=99 used=0.018 remain=0.018 turn_time=0.018 end_in=0.017 depth=0 dec=0 cand_cap=20 cand=44->20 pick(must/top/rand)=7/9/4 sims=19812 loop=19792 best_avg=-1.28665 leader=2 inc2=1 attack_w=1
DBG summary depth_safety_fired=0
Score = 86850

=== CASE 0188.txt ===
cmd=target/release/tester ./a.out
returncode=0 timed_out=0 elapsed_sec=1.953665
score=260489.0
--- stdout ---
5 3
5 2
5 1
4 3
5 0
6 0
7 0
7 3
4 0
8 3
8 2
9 3
9 4
9 5
8 5
8 6
7 6
6 6
7 2
6 7
5 7
5 8
4 8
9 2
3 8
3 9
3 7
4 9
2 7
1 7
0 7
1 6
2 6
2 5
1 5
1 4
2 7
3 7
2 9
5 9
6 9
6 8
5 7
1 5
3 5
2 4
0 6
6 6
8 1
0 5
7 5
4 7
4 6
5 8
3 6
1 4
0 4
7 4
8 4
6 2
5 2
6 4
2 3
5 0
4 1
5 1
6 1
1 3
2 8
4 6
2 4
7 9
0 8
0 3
2 3
0 2
2 2
0 1
0 0
0 1
0 0
0 1
0 0
0 1
0 0
1 0
0 0
1 1
2 0
3 0
0 0
1 2
1 4
0 2
2 1
3 1
1 5
2 5
0 1
0 0
--- stderr ---
DBG hdr N=10 M=6 T=100 U=1 VMAX=1572 TIME_LIMIT=1.94 MAX_CAND=20 UCB_C=0.21
DBG t=0 used=0.02 remain=1.94 turn_time=0.0194 end_in=0.0194 depth=7 dec=0 cand_cap=20 cand=4->4 pick(must/top/rand)=3/1/0 sims=2732 loop=2728 best_avg=-0.814461 leader=2 inc2=1 attack_w=1
DBG t=12 used=0.02 remain=1.7 turn_time=0.0193182 end_in=0.0193182 depth=7 dec=0 cand_cap=20 cand=30->20 pick(must/top/rand)=7/9/4 sims=1808 loop=1788 best_avg=-0.360648 leader=2 inc2=1 attack_w=0.25
DBG t=24 used=0.02 remain=1.46 turn_time=0.0192105 end_in=0.0192105 depth=7 dec=0 cand_cap=20 cand=34->20 pick(must/top/rand)=7/9/4 sims=1664 loop=1644 best_avg=0.237853 leader=2 inc2=1 attack_w=0.25
DBG t=37 used=0.02 remain=1.2 turn_time=0.0190476 end_in=0.0190476 depth=10 dec=0 cand_cap=20 cand=19->19 pick(must/top/rand)=6/10/3 sims=1187 loop=1168 best_avg=0.601056 leader=2 inc2=1 attack_w=0.25
DBG t=49 used=0.019 remain=0.968 turn_time=0.0189804 end_in=0.0189804 depth=10 dec=0 cand_cap=20 cand=62->20 pick(must/top/rand)=7/9/4 sims=876 loop=856 best_avg=0.815083 leader=4 inc2=1 attack_w=0.25
DBG t=61 used=0.019 remain=0.74 turn_time=0.0189744 end_in=0.0189744 depth=10 dec=0 cand_cap=20 cand=71->20 pick(must/top/rand)=7/9/4 sims=848 loop=828 best_avg=1.03311 leader=2 inc2=1 attack_w=0.25
DBG t=74 used=0.019 remain=0.493 turn_time=0.0189615 end_in=0.0189615 depth=11 dec=0 cand_cap=20 cand=41->20 pick(must/top/rand)=7/9/4 sims=836 loop=816 best_avg=0.644312 leader=2 inc2=1 attack_w=0.25
DBG t=86 used=0.019 remain=0.265 turn_time=0.0189286 end_in=0.0189286 depth=11 dec=0 cand_cap=20 cand=4->4 pick(must/top/rand)=3/1/0 sims=1116 loop=1112 best_avg=0.561669 leader=3 inc2=1 attack_w=0.25
DBG t=99 used=0.018 remain=0.018 turn_time=0.018 end_in=0.017 depth=0 dec=0 cand_cap=20 cand=27->20 pick(must/top/rand)=5/11/4 sims=29992 loop=29972 best_avg=1.0493 leader=5 inc2=1 attack_w=0.25
DBG summary depth_safety_fired=0
Score = 260489

=== CASE 0187.txt ===
cmd=target/release/tester ./a.out
returncode=0 timed_out=0 elapsed_sec=1.954946
score=192982.0
--- stdout ---
4 8
4 9
5 9
5 9
6 9
6 9
4 9
7 9
5 8
7 8
7 9
7 8
3 9
5 8
4 8
5 7
6 7
5 7
3 8
6 7
5 6
3 9
5 6
6 8
2 8
6 8
1 8
1 8
3 7
2 8
1 9
3 7
7 9
1 9
1 7
1 7
2 9
5 5
1 6
2 9
4 6
3 6
3 6
6 7
0 6
4 6
4 5
4 6
2 6
5 6
4 5
6 7
2 6
1 5
4 7
1 5
4 7
4 4
0 5
8 9
0 9
1 4
1 4
4 7
1 3
7 8
4 6
2 5
6 7
2 5
7 8
0 7
6 7
3 5
0 4
2 5
0 4
6 7
7 7
4 5
0 4
1 6
4 5
4 5
0 8
2 4
6 7
4 4
2 4
1 3
6 6
7 7
4 4
4 5
1 3
7 7
2 3
6 7
7 7
5 5
--- stderr ---
DBG hdr N=10 M=7 T=100 U=2 VMAX=1393 TIME_LIMIT=1.94 MAX_CAND=20 UCB_C=0.21
DBG t=0 used=0.02 remain=1.94 turn_time=0.0194 end_in=0.0194 depth=7 dec=0 cand_cap=20 cand=5->5 pick(must/top/rand)=3/2/0 sims=2017 loop=2012 best_avg=-0.709417 leader=2 inc2=1 attack_w=1
DBG t=12 used=0.02 remain=1.7 turn_time=0.0193182 end_in=0.0193182 depth=7 dec=0 cand_cap=20 cand=17->17 pick(must/top/rand)=5/11/1 sims=1689 loop=1672 best_avg=-0.502677 leader=5 inc2=1 attack_w=0.25
DBG t=24 used=0.02 remain=1.46 turn_time=0.0192105 end_in=0.0192105 depth=7 dec=0 cand_cap=20 cand=23->20 pick(must/top/rand)=6/10/4 sims=1544 loop=1524 best_avg=-0.159676 leader=5 inc2=1 attack_w=0.25
DBG t=37 used=0.02 remain=1.2 turn_time=0.0190476 end_in=0.0190476 depth=10 dec=0 cand_cap=20 cand=32->20 pick(must/top/rand)=4/12/4 sims=1040 loop=1020 best_avg=-0.297717 leader=5 inc2=1 attack_w=0.25
DBG t=49 used=0.019 remain=0.968 turn_time=0.0189804 end_in=0.0189804 depth=10 dec=0 cand_cap=20 cand=40->20 pick(must/top/rand)=7/9/4 sims=976 loop=956 best_avg=0.1741 leader=5 inc2=1 attack_w=0.25
DBG t=61 used=0.019 remain=0.74 turn_time=0.0189744 end_in=0.0189744 depth=10 dec=0 cand_cap=20 cand=39->20 pick(must/top/rand)=7/9/4 sims=1044 loop=1024 best_avg=0.334737 leader=5 inc2=1 attack_w=0.25
DBG t=74 used=0.019 remain=0.493 turn_time=0.0189615 end_in=0.0189615 depth=11 dec=0 cand_cap=20 cand=41->20 pick(must/top/rand)=5/11/4 sims=964 loop=944 best_avg=0.346138 leader=5 inc2=1 attack_w=0.25
DBG t=86 used=0.019 remain=0.265 turn_time=0.0189286 end_in=0.0189286 depth=11 dec=0 cand_cap=20 cand=42->20 pick(must/top/rand)=3/13/4 sims=880 loop=860 best_avg=0.483916 leader=4 inc2=1 attack_w=0.25
DBG t=99 used=0.018 remain=0.018 turn_time=0.018 end_in=0.017 depth=0 dec=0 cand_cap=20 cand=51->20 pick(must/top/rand)=8/8/4 sims=25672 loop=25652 best_avg=0.606686 leader=4 inc2=1 attack_w=0.25
DBG summary depth_safety_fired=0
Score = 192982

=== CASE 0186.txt ===
cmd=target/release/tester ./a.out
returncode=0 timed_out=0 elapsed_sec=1.956464
score=83083.0
--- stdout ---
3 8
3 7
3 8
3 7
3 8
4 8
4 8
5 8
6 8
3 7
6 9
6 8
4 8
3 7
6 9
2 8
6 9
3 6
3 7
5 8
3 6
3 7
6 7
3 6
5 7
4 6
3 6
2 7
4 6
3 6
2 7
4 8
3 6
2 7
4 6
5 8
4 6
3 8
6 9
5 8
5 8
3 6
6 8
2 7
3 6
2 7
6 8
3 9
5 8
7 8
2 7
5 7
7 7
8 7
2 7
3 6
3 8
8 6
3 6
2 9
4 5
8 5
2 9
8 6
2 9
5 7
2 7
2 9
3 8
8 5
7 5
7 9
4 7
7 4
2 7
2 9
3 7
2 7
4 6
4 5
9 6
2 9
5 9
2 9
4 6
3 8
4 7
7 7
7 5
3 8
6 7
9 5
3 7
4 7
8 6
9 4
8 5
3 8
3 8
4 7
--- stderr ---
DBG hdr N=10 M=8 T=100 U=4 VMAX=1499 TIME_LIMIT=1.94 MAX_CAND=20 UCB_C=0.21
DBG t=0 used=0.02 remain=1.94 turn_time=0.0194 end_in=0.0194 depth=7 dec=0 cand_cap=20 cand=5->5 pick(must/top/rand)=4/1/0 sims=2317 loop=2312 best_avg=-0.58889 leader=1 inc2=1 attack_w=0.319328
DBG t=12 used=0.02 remain=1.7 turn_time=0.0193182 end_in=0.0193182 depth=7 dec=0 cand_cap=20 cand=16->16 pick(must/top/rand)=8/8/0 sims=2176 loop=2160 best_avg=-0.292038 leader=2 inc2=1 attack_w=0.25
DBG t=24 used=0.02 remain=1.46 turn_time=0.0192105 end_in=0.0192105 depth=7 dec=0 cand_cap=20 cand=18->18 pick(must/top/rand)=9/7/2 sims=1934 loop=1916 best_avg=-0.509456 leader=5 inc2=1 attack_w=0.338779
DBG t=37 used=0.02 remain=1.2 turn_time=0.0190476 end_in=0.0190476 depth=10 dec=0 cand_cap=20 cand=21->20 pick(must/top/rand)=7/9/4 sims=1080 loop=1060 best_avg=-0.585169 leader=5 inc2=1 attack_w=0.698629
DBG t=49 used=0.019 remain=0.968 turn_time=0.0189804 end_in=0.0189804 depth=10 dec=0 cand_cap=20 cand=23->20 pick(must/top/rand)=7/9/4 sims=944 loop=924 best_avg=-0.654533 leader=5 inc2=1 attack_w=0.910729
DBG t=61 used=0.019 remain=0.74 turn_time=0.0189744 end_in=0.0189744 depth=10 dec=0 cand_cap=20 cand=31->20 pick(must/top/rand)=7/9/4 sims=996 loop=976 best_avg=-0.720243 leader=5 inc2=1 attack_w=1
DBG t=74 used=0.019 remain=0.493 turn_time=0.0189615 end_in=0.0189615 depth=11 dec=0 cand_cap=20 cand=37->20 pick(must/top/rand)=8/8/4 sims=840 loop=820 best_avg=-0.59794 leader=5 inc2=1 attack_w=1
DBG t=86 used=0.019 remain=0.265 turn_time=0.0189286 end_in=0.0189286 depth=11 dec=0 cand_cap=20 cand=33->20 pick(must/top/rand)=7/9/4 sims=868 loop=848 best_avg=-0.707939 leader=5 inc2=1 attack_w=1
DBG t=99 used=0.017 remain=0.017 turn_time=0.017 end_in=0.016 depth=0 dec=1 cand_cap=20 cand=37->20 pick(must/top/rand)=7/9/4 sims=17624 loop=17604 best_avg=-0.705284 leader=5 inc2=1 attack_w=1
DBG summary depth_safety_fired=1
Score = 83083

=== CASE 0189.txt ===
cmd=target/release/tester ./a.out
returncode=0 timed_out=0 elapsed_sec=1.953040
score=105696.0
--- stdout ---
0 1
0 1
0 2
0 3
0 4
0 4
0 3
0 5
0 4
1 4
1 5
1 4
1 3
1 3
0 3
1 6
1 5
1 4
1 5
1 7
2 6
2 3
1 1
1 1
0 5
1 3
1 5
1 5
1 6
1 7
1 8
1 9
0 8
1 8
1 8
0 9
1 6
2 9
0 9
0 9
2 9
0 8
0 8
2 9
1 8
1 9
1 8
3 9
1 9
3 9
4 9
3 9
4 9
2 9
2 9
1 7
4 9
1 6
1 2
1 6
0 5
1 4
0 5
1 6
1 7
1 4
5 9
4 8
0 3
5 8
4 8
5 8
4 8
1 8
1 8
4 8
5 9
4 8
4 9
6 9
4 8
0 8
1 8
5 8
5 9
1 7
5 8
1 7
5 8
5 9
6 9
1 7
6 9
4 9
7 9
1 7
6 9
4 7
1 7
4 6
--- stderr ---
DBG hdr N=10 M=8 T=100 U=3 VMAX=1777 TIME_LIMIT=1.94 MAX_CAND=20 UCB_C=0.21
DBG t=0 used=0.02 remain=1.94 turn_time=0.0194 end_in=0.0194 depth=7 dec=0 cand_cap=20 cand=4->4 pick(must/top/rand)=3/1/0 sims=2272 loop=2268 best_avg=-0.741166 leader=3 inc2=1 attack_w=1
DBG t=12 used=0.02 remain=1.7 turn_time=0.0193182 end_in=0.0193182 depth=7 dec=0 cand_cap=20 cand=13->13 pick(must/top/rand)=6/7/0 sims=1541 loop=1528 best_avg=-0.24307 leader=3 inc2=1 attack_w=0.854861
DBG t=24 used=0.02 remain=1.46 turn_time=0.0192105 end_in=0.0192105 depth=7 dec=0 cand_cap=20 cand=20->20 pick(must/top/rand)=7/9/4 sims=1400 loop=1380 best_avg=-0.179901 leader=7 inc2=1 attack_w=0.25
DBG t=37 used=0.02 remain=1.2 turn_time=0.0190476 end_in=0.0190476 depth=10 dec=0 cand_cap=20 cand=24->20 pick(must/top/rand)=7/9/4 sims=864 loop=844 best_avg=-0.109917 leader=7 inc2=1 attack_w=0.25
DBG t=49 used=0.019 remain=0.968 turn_time=0.0189804 end_in=0.0189804 depth=10 dec=0 cand_cap=20 cand=11->11 pick(must/top/rand)=3/8/0 sims=1031 loop=1020 best_avg=-0.17234 leader=6 inc2=1 attack_w=0.25
DBG t=61 used=0.019 remain=0.74 turn_time=0.0189744 end_in=0.0189744 depth=10 dec=0 cand_cap=20 cand=14->14 pick(must/top/rand)=7/7/0 sims=966 loop=952 best_avg=-0.427988 leader=6 inc2=1 attack_w=0.25
DBG t=74 used=0.019 remain=0.493 turn_time=0.0189615 end_in=0.0189615 depth=11 dec=0 cand_cap=20 cand=15->15 pick(must/top/rand)=5/10/0 sims=867 loop=852 best_avg=-0.318541 leader=6 inc2=1 attack_w=0.25
DBG t=86 used=0.019 remain=0.265 turn_time=0.0189286 end_in=0.0189286 depth=11 dec=0 cand_cap=20 cand=20->20 pick(must/top/rand)=6/10/4 sims=848 loop=828 best_avg=-0.479528 leader=6 inc2=1 attack_w=0.25
DBG t=99 used=0.017 remain=0.017 turn_time=0.017 end_in=0.016 depth=0 dec=1 cand_cap=20 cand=23->20 pick(must/top/rand)=7/9/4 sims=15296 loop=15276 best_avg=-0.373068 leader=6 inc2=1 attack_w=0.324305
DBG summary depth_safety_fired=1
Score = 105696

=== CASE 0190.txt ===
cmd=target/release/tester ./a.out
returncode=0 timed_out=0 elapsed_sec=1.952159
score=184946.0
--- stdout ---
5 5
5 5
5 4
4 4
4 3
4 5
4 2
4 1
4 2
5 2
5 1
6 2
4 0
4 0
6 3
5 3
3 2
7 2
3 2
3 3
6 2
5 1
3 4
4 1
3 1
3 1
3 3
3 1
2 1
3 0
3 0
3 3
6 4
3 0
2 2
2 1
2 1
6 1
2 1
5 6
1 1
8 2
2 0
4 3
2 0
4 4
2 0
1 0
6 6
7 4
1 0
9 2
7 4
7 5
7 6
7 7
7 8
8 8
6 8
8 7
6 8
6 6
7 9
2 1
5 0
8 9
7 3
7 5
3 3
7 1
2 2
5 7
3 2
7 0
3 2
4 7
2 0
3 2
6 9
4 3
5 9
3 2
8 8
6 1
6 7
2 1
8 7
6 3
8 1
5 4
6 8
9 1
2 1
4 2
5 7
9 2
5 6
3 1
5 3
2 1
--- stderr ---
DBG hdr N=10 M=5 T=100 U=2 VMAX=2260 TIME_LIMIT=1.94 MAX_CAND=20 UCB_C=0.21
DBG t=0 used=0.02 remain=1.94 turn_time=0.0194 end_in=0.0194 depth=7 dec=0 cand_cap=20 cand=5->5 pick(must/top/rand)=3/2/0 sims=2873 loop=2868 best_avg=-1.24113 leader=1 inc2=1 attack_w=1
DBG t=12 used=0.02 remain=1.7 turn_time=0.0193182 end_in=0.0193182 depth=7 dec=0 cand_cap=20 cand=25->20 pick(must/top/rand)=6/10/4 sims=1952 loop=1932 best_avg=-0.503167 leader=1 inc2=1 attack_w=0.614632
DBG t=24 used=0.02 remain=1.46 turn_time=0.0192105 end_in=0.0192105 depth=7 dec=0 cand_cap=20 cand=32->20 pick(must/top/rand)=7/9/4 sims=1856 loop=1836 best_avg=-0.22852 leader=4 inc2=1 attack_w=0.25
DBG t=37 used=0.02 remain=1.2 turn_time=0.0190476 end_in=0.0190476 depth=10 dec=0 cand_cap=20 cand=34->20 pick(must/top/rand)=8/8/4 sims=1112 loop=1092 best_avg=-0.0792501 leader=2 inc2=1 attack_w=0.25
DBG t=49 used=0.019 remain=0.968 turn_time=0.0189804 end_in=0.0189804 depth=10 dec=0 cand_cap=20 cand=40->20 pick(must/top/rand)=5/11/4 sims=956 loop=936 best_avg=-0.15182 leader=2 inc2=1 attack_w=0.25
DBG t=61 used=0.019 remain=0.74 turn_time=0.0189744 end_in=0.0189744 depth=10 dec=0 cand_cap=20 cand=58->20 pick(must/top/rand)=9/7/4 sims=960 loop=940 best_avg=0.269188 leader=4 inc2=1 attack_w=0.25
DBG t=74 used=0.019 remain=0.493 turn_time=0.0189615 end_in=0.0189615 depth=11 dec=0 cand_cap=20 cand=64->20 pick(must/top/rand)=8/8/4 sims=796 loop=776 best_avg=0.231643 leader=4 inc2=1 attack_w=0.25
DBG t=86 used=0.019 remain=0.265 turn_time=0.0189286 end_in=0.0189286 depth=11 dec=0 cand_cap=20 cand=63->20 pick(must/top/rand)=7/9/4 sims=792 loop=772 best_avg=0.23093 leader=4 inc2=1 attack_w=0.25
DBG t=99 used=0.017 remain=0.017 turn_time=0.017 end_in=0.016 depth=0 dec=1 cand_cap=20 cand=67->20 pick(must/top/rand)=7/9/4 sims=21028 loop=21008 best_avg=0.277159 leader=3 inc2=1 attack_w=0.25
DBG summary depth_safety_fired=1
Score = 184946

=== CASE 0191.txt ===
cmd=target/release/tester ./a.out
returncode=0 timed_out=0 elapsed_sec=1.952130
score=155584.0
--- stdout ---
7 1
7 2
7 3
7 4
7 5
7 6
8 6
9 6
9 7
9 7
9 7
9 7
9 7
9 6
9 6
9 6
9 6
9 8
9 8
9 8
9 8
9 8
8 7
8 7
7 5
7 6
8 8
8 8
8 8
8 8
8 8
9 9
9 9
7 5
8 4
9 4
9 5
9 3
8 5
8 1
8 7
9 9
7 7
8 9
7 7
6 6
7 0
7 7
6 7
7 9
6 9
6 8
6 8
6 1
6 8
8 5
8 5
7 9
8 0
5 8
7 8
9 0
5 7
4 7
3 7
6 8
8 3
6 8
9 9
9 9
6 8
9 1
6 3
5 8
8 2
6 7
9 4
6 6
6 7
6 6
7 4
5 6
5 6
6 7
6 2
6 8
8 7
6 7
6 8
6 0
5 0
6 8
5 6
7 6
6 8
6 7
7 5
6 8
7 5
7 5
--- stderr ---
DBG hdr N=10 M=4 T=100 U=5 VMAX=1662 TIME_LIMIT=1.94 MAX_CAND=20 UCB_C=0.21
DBG t=0 used=0.02 remain=1.94 turn_time=0.0194 end_in=0.0194 depth=7 dec=0 cand_cap=20 cand=5->5 pick(must/top/rand)=3/2/0 sims=3877 loop=3872 best_avg=-0.820183 leader=2 inc2=1 attack_w=0.15
DBG t=12 used=0.02 remain=1.7 turn_time=0.0193182 end_in=0.0193182 depth=7 dec=0 cand_cap=20 cand=27->20 pick(must/top/rand)=3/13/4 sims=3000 loop=2980 best_avg=-0.624933 leader=1 inc2=1 attack_w=0.25
DBG t=24 used=0.02 remain=1.46 turn_time=0.0192105 end_in=0.0192105 depth=7 dec=0 cand_cap=20 cand=29->20 pick(must/top/rand)=3/13/4 sims=2324 loop=2304 best_avg=-0.658226 leader=3 inc2=1 attack_w=0.25
DBG t=37 used=0.02 remain=1.2 turn_time=0.0190476 end_in=0.0190476 depth=10 dec=0 cand_cap=20 cand=32->20 pick(must/top/rand)=6/10/4 sims=1372 loop=1352 best_avg=-0.568977 leader=2 inc2=1 attack_w=0.25
DBG t=49 used=0.019 remain=0.968 turn_time=0.0189804 end_in=0.0189804 depth=10 dec=0 cand_cap=20 cand=41->20 pick(must/top/rand)=8/8/4 sims=1204 loop=1184 best_avg=-0.507371 leader=2 inc2=1 attack_w=0.25
DBG t=61 used=0.019 remain=0.74 turn_time=0.0189744 end_in=0.0189744 depth=10 dec=0 cand_cap=20 cand=45->20 pick(must/top/rand)=7/9/4 sims=1276 loop=1256 best_avg=-0.436816 leader=2 inc2=1 attack_w=0.25
DBG t=74 used=0.019 remain=0.493 turn_time=0.0189615 end_in=0.0189615 depth=11 dec=0 cand_cap=20 cand=51->20 pick(must/top/rand)=7/9/4 sims=1224 loop=1204 best_avg=-0.431536 leader=2 inc2=0 attack_w=0.25
DBG t=86 used=0.019 remain=0.265 turn_time=0.0189286 end_in=0.0189286 depth=11 dec=0 cand_cap=20 cand=47->20 pick(must/top/rand)=7/9/4 sims=1132 loop=1112 best_avg=-0.424493 leader=2 inc2=0 attack_w=0.25
DBG t=99 used=0.017 remain=0.017 turn_time=0.017 end_in=0.016 depth=0 dec=1 cand_cap=20 cand=49->20 pick(must/top/rand)=9/7/4 sims=23088 loop=23068 best_avg=-0.419474 leader=2 inc2=1 attack_w=0.25
DBG summary depth_safety_fired=5
Score = 155584

=== CASE 0196.txt ===
cmd=target/release/tester ./a.out
returncode=0 timed_out=0 elapsed_sec=1.956684
score=112839.0
--- stdout ---
7 4
6 4
6 4
6 4
7 4
5 4
5 3
4 3
3 3
3 3
3 3
3 3
3 3
3 3
3 3
3 4
3 4
3 4
3 4
3 4
2 3
3 3
5 3
5 3
4 3
3 2
3 4
2 3
3 2
3 4
3 4
3 2
2 3
3 4
3 4
2 3
5 2
3 4
2 3
3 4
2 2
1 2
2 3
3 4
1 2
2 3
3 4
1 2
6 2
3 3
3 4
2 3
1 2
3 4
2 3
1 2
3 4
2 3
1 2
3 4
2 3
1 2
3 4
2 3
1 2
3 4
2 3
1 2
3 4
2 3
1 2
4 3
3 4
2 3
1 2
3 4
2 3
1 2
3 4
2 3
1 2
3 4
2 3
1 2
3 4
2 3
1 2
3 4
1 2
1 2
3 4
1 3
1 3
2 3
3 4
1 3
5 4
4 4
2 3
3 4
--- stderr ---
DBG hdr N=10 M=2 T=100 U=3 VMAX=1521 TIME_LIMIT=1.94 MAX_CAND=20 UCB_C=0.21
DBG t=0 used=0.02 remain=1.94 turn_time=0.0194 end_in=0.0194 depth=7 dec=0 cand_cap=20 cand=5->5 pick(must/top/rand)=3/2/0 sims=6105 loop=6100 best_avg=-3.011 leader=1 inc2=1 attack_w=0.196846
DBG t=12 used=0.02 remain=1.7 turn_time=0.0193182 end_in=0.0193182 depth=7 dec=0 cand_cap=20 cand=15->15 pick(must/top/rand)=3/12/0 sims=5055 loop=5040 best_avg=-3.07214 leader=1 inc2=1 attack_w=0.625167
DBG t=24 used=0.02 remain=1.46 turn_time=0.0192105 end_in=0.0192105 depth=7 dec=0 cand_cap=20 cand=17->17 pick(must/top/rand)=5/11/1 sims=4625 loop=4608 best_avg=-3.00239 leader=1 inc2=1 attack_w=0.263693
DBG t=37 used=0.02 remain=1.2 turn_time=0.0190476 end_in=0.0190476 depth=10 dec=0 cand_cap=20 cand=21->20 pick(must/top/rand)=6/10/4 sims=2428 loop=2408 best_avg=-3.18178 leader=1 inc2=1 attack_w=0.560522
DBG t=49 used=0.019 remain=0.968 turn_time=0.0189804 end_in=0.0189804 depth=10 dec=0 cand_cap=20 cand=25->20 pick(must/top/rand)=7/9/4 sims=2340 loop=2320 best_avg=-3.09499 leader=1 inc2=1 attack_w=0.457852
DBG t=61 used=0.019 remain=0.74 turn_time=0.0189744 end_in=0.0189744 depth=10 dec=0 cand_cap=20 cand=25->20 pick(must/top/rand)=6/10/4 sims=2200 loop=2180 best_avg=-3.22565 leader=1 inc2=1 attack_w=0.461431
DBG t=74 used=0.019 remain=0.493 turn_time=0.0189615 end_in=0.0189615 depth=11 dec=0 cand_cap=20 cand=25->20 pick(must/top/rand)=8/8/4 sims=1952 loop=1932 best_avg=-3.21097 leader=1 inc2=1 attack_w=0.447567
DBG t=86 used=0.019 remain=0.265 turn_time=0.0189286 end_in=0.0189286 depth=11 dec=0 cand_cap=20 cand=25->20 pick(must/top/rand)=8/8/4 sims=2016 loop=1996 best_avg=-3.21875 leader=1 inc2=1 attack_w=0.447567
DBG t=99 used=0.018 remain=0.018 turn_time=0.018 end_in=0.017 depth=0 dec=0 cand_cap=20 cand=32->20 pick(must/top/rand)=9/7/4 sims=52656 loop=52636 best_avg=-2.85992 leader=1 inc2=1 attack_w=0.25
DBG summary depth_safety_fired=0
Score = 112839

=== CASE 0195.txt ===
cmd=target/release/tester ./a.out
returncode=0 timed_out=0 elapsed_sec=1.957763
score=111528.0
--- stdout ---
1 9
1 9
1 9
1 9
2 9
2 9
2 9
0 9
1 8
1 7
1 6
1 5
0 9
2 5
1 5
2 5
2 5
1 5
2 6
2 6
2 5
2 6
2 5
1 4
2 4
1 5
2 3
2 3
1 4
3 3
2 6
1 4
2 6
2 6
3 3
1 4
1 5
3 4
2 6
1 5
3 3
2 3
2 6
3 2
1 5
2 6
2 4
1 5
2 3
3 2
1 5
2 4
2 6
4 3
1 5
3 3
3 3
3 4
3 4
3 4
2 5
3 2
3 5
3 5
3 5
2 6
4 4
2 6
4 4
3 5
1 6
2 6
2 4
2 3
2 6
1 4
4 4
3 1
3 1
3 1
3 2
2 1
2 1
2 1
3 1
2 4
2 0
3 1
2 0
4 4
2 0
2 0
2 1
2 1
2 3
3 3
1 4
1 4
1 4
1 4
--- stderr ---
DBG hdr N=10 M=8 T=100 U=4 VMAX=1904 TIME_LIMIT=1.94 MAX_CAND=20 UCB_C=0.21
DBG t=0 used=0.02 remain=1.94 turn_time=0.0194 end_in=0.0194 depth=7 dec=0 cand_cap=20 cand=4->4 pick(must/top/rand)=3/1/0 sims=2288 loop=2284 best_avg=-0.694725 leader=7 inc2=1 attack_w=1
DBG t=12 used=0.02 remain=1.7 turn_time=0.0193182 end_in=0.0193182 depth=7 dec=0 cand_cap=20 cand=16->16 pick(must/top/rand)=9/7/0 sims=1892 loop=1876 best_avg=-0.653523 leader=4 inc2=1 attack_w=1
DBG t=24 used=0.02 remain=1.46 turn_time=0.0192105 end_in=0.0192105 depth=7 dec=0 cand_cap=20 cand=11->11 pick(must/top/rand)=8/3/0 sims=1659 loop=1648 best_avg=-0.256366 leader=7 inc2=1 attack_w=0.25
DBG t=37 used=0.02 remain=1.2 turn_time=0.0190476 end_in=0.0190476 depth=10 dec=0 cand_cap=20 cand=16->16 pick(must/top/rand)=5/11/0 sims=1148 loop=1132 best_avg=-0.131938 leader=2 inc2=1 attack_w=0.25
DBG t=49 used=0.019 remain=0.968 turn_time=0.0189804 end_in=0.0189804 depth=10 dec=0 cand_cap=20 cand=19->19 pick(must/top/rand)=6/10/3 sims=999 loop=980 best_avg=-0.346762 leader=2 inc2=1 attack_w=0.265383
DBG t=61 used=0.019 remain=0.74 turn_time=0.0189744 end_in=0.0189744 depth=10 dec=0 cand_cap=20 cand=20->20 pick(must/top/rand)=6/10/4 sims=984 loop=964 best_avg=-0.628311 leader=6 inc2=1 attack_w=0.971113
DBG t=74 used=0.019 remain=0.493 turn_time=0.0189615 end_in=0.0189615 depth=11 dec=0 cand_cap=20 cand=18->18 pick(must/top/rand)=5/11/2 sims=926 loop=908 best_avg=-0.518832 leader=2 inc2=1 attack_w=0.816006
DBG t=86 used=0.019 remain=0.265 turn_time=0.0189286 end_in=0.0189286 depth=11 dec=0 cand_cap=20 cand=20->20 pick(must/top/rand)=5/11/4 sims=1052 loop=1032 best_avg=-0.412188 leader=6 inc2=1 attack_w=0.678797
DBG t=99 used=0.018 remain=0.018 turn_time=0.018 end_in=0.017 depth=0 dec=0 cand_cap=20 cand=23->20 pick(must/top/rand)=5/11/4 sims=16584 loop=16564 best_avg=-0.278625 leader=6 inc2=1 attack_w=0.25
DBG summary depth_safety_fired=0
Score = 111528

=== CASE 0192.txt ===
cmd=target/release/tester ./a.out
returncode=0 timed_out=0 elapsed_sec=1.961297
score=123357.0
--- stdout ---
1 2
1 1
1 1
1 0
2 1
1 1
1 0
0 1
3 1
0 1
3 1
0 1
3 1
0 1
4 1
2 2
4 1
4 1
1 0
3 2
1 0
1 1
3 2
4 1
5 1
5 1
5 1
3 1
3 2
4 2
4 2
4 2
3 2
5 1
5 0
3 2
4 2
5 0
5 0
3 2
4 3
5 0
3 2
4 3
1 3
3 2
4 3
3 2
3 0
4 3
3 2
3 0
4 3
4 3
4 3
3 2
3 2
3 2
3 0
4 3
4 3
3 3
3 2
3 3
3 3
5 1
3 3
3 4
3 0
6 1
3 3
3 4
1 4
2 4
1 5
4 3
3 4
1 5
3 3
3 4
1 5
1 5
1 5
1 5
2 5
3 5
2 4
3 6
1 6
1 7
2 4
0 6
1 6
0 7
3 4
0 8
1 7
3 6
3 4
3 4
--- stderr ---
DBG hdr N=10 M=2 T=100 U=4 VMAX=1748 TIME_LIMIT=1.94 MAX_CAND=20 UCB_C=0.21
DBG t=0 used=0.02 remain=1.94 turn_time=0.0194 end_in=0.0194 depth=7 dec=0 cand_cap=20 cand=5->5 pick(must/top/rand)=3/2/0 sims=6245 loop=6240 best_avg=-2.74482 leader=1 inc2=1 attack_w=0.844258
DBG t=12 used=0.02 remain=1.7 turn_time=0.0193182 end_in=0.0193182 depth=7 dec=0 cand_cap=20 cand=16->16 pick(must/top/rand)=4/12/0 sims=4932 loop=4916 best_avg=-2.62758 leader=1 inc2=1 attack_w=0.25
DBG t=24 used=0.02 remain=1.46 turn_time=0.0192105 end_in=0.0192105 depth=7 dec=0 cand_cap=20 cand=19->19 pick(must/top/rand)=6/10/3 sims=4795 loop=4776 best_avg=-2.82624 leader=1 inc2=1 attack_w=0.25
DBG t=37 used=0.02 remain=1.2 turn_time=0.0190476 end_in=0.0190476 depth=10 dec=0 cand_cap=20 cand=23->20 pick(must/top/rand)=8/8/4 sims=2896 loop=2876 best_avg=-2.90224 leader=1 inc2=1 attack_w=0.25
DBG t=49 used=0.019 remain=0.968 turn_time=0.0189804 end_in=0.0189804 depth=10 dec=0 cand_cap=20 cand=24->20 pick(must/top/rand)=8/8/4 sims=2688 loop=2668 best_avg=-2.86673 leader=1 inc2=1 attack_w=0.25
DBG t=61 used=0.019 remain=0.74 turn_time=0.0189744 end_in=0.0189744 depth=10 dec=0 cand_cap=20 cand=28->20 pick(must/top/rand)=8/8/4 sims=2340 loop=2320 best_avg=-2.88314 leader=1 inc2=1 attack_w=0.25
DBG t=74 used=0.019 remain=0.493 turn_time=0.0189615 end_in=0.0189615 depth=11 dec=0 cand_cap=20 cand=34->20 pick(must/top/rand)=6/10/4 sims=1892 loop=1872 best_avg=-2.99553 leader=1 inc2=1 attack_w=0.25
DBG t=86 used=0.019 remain=0.265 turn_time=0.0189286 end_in=0.0189286 depth=11 dec=0 cand_cap=20 cand=41->20 pick(must/top/rand)=7/9/4 sims=2048 loop=2028 best_avg=-3.09947 leader=1 inc2=1 attack_w=0.25
DBG t=99 used=0.018 remain=0.018 turn_time=0.018 end_in=0.017 depth=0 dec=0 cand_cap=20 cand=45->20 pick(must/top/rand)=8/8/4 sims=67232 loop=67212 best_avg=-2.90765 leader=1 inc2=1 attack_w=0.25
DBG summary depth_safety_fired=0
Score = 123357

=== CASE 0194.txt ===
cmd=target/release/tester ./a.out
returncode=0 timed_out=0 elapsed_sec=1.958850
score=190649.0
--- stdout ---
1 8
1 8
1 8
1 8
1 9
1 9
1 9
1 9
2 9
3 9
0 7
0 7
0 7
0 7
4 9
4 9
4 9
4 9
5 9
5 9
5 9
5 9
5 8
5 7
3 8
5 6
6 6
3 8
5 6
6 6
7 6
7 7
7 7
8 7
8 7
6 8
5 6
1 7
5 6
1 6
8 7
4 8
6 6
7 6
7 7
7 7
7 6
4 7
7 5
2 7
3 8
7 5
7 5
7 6
1 7
2 8
6 8
8 5
9 7
8 5
6 6
8 5
2 6
8 8
3 7
7 5
4 7
1 6
8 9
5 6
8 5
7 9
4 6
9 8
8 5
8 5
8 7
2 6
8 4
8 4
1 5
5 6
5 6
2 6
8 5
2 5
0 9
2 5
2 5
2 5
8 4
2 5
8 4
7 4
8 4
3 5
2 5
3 5
3 5
8 4
--- stderr ---
DBG hdr N=10 M=6 T=100 U=4 VMAX=1728 TIME_LIMIT=1.94 MAX_CAND=20 UCB_C=0.21
DBG t=0 used=0.02 remain=1.94 turn_time=0.0194 end_in=0.0194 depth=7 dec=0 cand_cap=20 cand=4->4 pick(must/top/rand)=3/1/0 sims=3120 loop=3116 best_avg=-0.801362 leader=2 inc2=1 attack_w=1
DBG t=12 used=0.02 remain=1.7 turn_time=0.0193182 end_in=0.0193182 depth=7 dec=0 cand_cap=20 cand=12->12 pick(must/top/rand)=3/9/0 sims=2012 loop=2000 best_avg=-0.659698 leader=2 inc2=1 attack_w=1
DBG t=24 used=0.02 remain=1.46 turn_time=0.0192105 end_in=0.0192105 depth=7 dec=0 cand_cap=20 cand=21->20 pick(must/top/rand)=3/13/4 sims=1824 loop=1804 best_avg=-0.437234 leader=2 inc2=1 attack_w=0.393577
DBG t=37 used=0.02 remain=1.2 turn_time=0.0190476 end_in=0.0190476 depth=10 dec=0 cand_cap=20 cand=33->20 pick(must/top/rand)=5/11/4 sims=1124 loop=1104 best_avg=-0.331406 leader=2 inc2=1 attack_w=0.25
DBG t=49 used=0.019 remain=0.968 turn_time=0.0189804 end_in=0.0189804 depth=10 dec=0 cand_cap=20 cand=39->20 pick(must/top/rand)=7/9/4 sims=1040 loop=1020 best_avg=-0.189709 leader=2 inc2=1 attack_w=0.25
DBG t=61 used=0.019 remain=0.74 turn_time=0.0189744 end_in=0.0189744 depth=10 dec=0 cand_cap=20 cand=44->20 pick(must/top/rand)=7/9/4 sims=1012 loop=992 best_avg=-0.00992818 leader=2 inc2=1 attack_w=0.25
DBG t=74 used=0.019 remain=0.493 turn_time=0.0189615 end_in=0.0189615 depth=11 dec=0 cand_cap=20 cand=49->20 pick(must/top/rand)=9/7/4 sims=904 loop=884 best_avg=0.0992522 leader=2 inc2=1 attack_w=0.25
DBG t=86 used=0.019 remain=0.265 turn_time=0.0189286 end_in=0.0189286 depth=11 dec=0 cand_cap=20 cand=49->20 pick(must/top/rand)=9/7/4 sims=868 loop=848 best_avg=0.139227 leader=2 inc2=1 attack_w=0.25
DBG t=99 used=0.018 remain=0.018 turn_time=0.018 end_in=0.017 depth=0 dec=0 cand_cap=20 cand=55->20 pick(must/top/rand)=9/7/4 sims=20424 loop=20404 best_avg=0.354655 leader=2 inc2=1 attack_w=0.25
DBG summary depth_safety_fired=0
Score = 190649

=== CASE 0197.txt ===
cmd=target/release/tester ./a.out
returncode=0 timed_out=0 elapsed_sec=1.956094
score=196934.0
--- stdout ---
1 7
1 8
1 8
1 8
1 6
1 6
1 6
1 6
1 8
1 6
2 6
2 6
2 6
2 6
2 6
1 7
1 7
1 7
1 7
3 6
3 6
3 6
3 6
3 6
0 6
0 5
2 5
2 5
2 5
2 5
2 4
2 5
3 4
3 3
3 3
0 4
1 9
4 3
5 3
6 3
7 3
7 2
8 2
9 2
8 1
9 2
9 2
8 2
9 2
8 2
9 1
9 1
7 1
8 2
9 1
8 2
9 1
9 0
9 1
9 3
7 1
7 0
7 0
6 0
6 0
5 0
5 1
5 1
5 1
6 0
5 1
6 0
5 1
8 0
6 0
5 1
6 1
6 1
6 0
4 0
5 1
6 0
5 1
7 1
8 1
8 0
8 3
7 2
8 2
5 1
8 3
6 1
9 4
5 1
7 3
6 2
9 5
5 1
6 1
6 2
--- stderr ---
DBG hdr N=10 M=2 T=100 U=5 VMAX=2471 TIME_LIMIT=1.94 MAX_CAND=20 UCB_C=0.21
DBG t=0 used=0.02 remain=1.94 turn_time=0.0194 end_in=0.0194 depth=7 dec=0 cand_cap=20 cand=5->5 pick(must/top/rand)=3/2/0 sims=5925 loop=5920 best_avg=-3.53622 leader=1 inc2=1 attack_w=0.15
DBG t=12 used=0.02 remain=1.7 turn_time=0.0193182 end_in=0.0193182 depth=7 dec=0 cand_cap=20 cand=13->13 pick(must/top/rand)=3/10/0 sims=3565 loop=3552 best_avg=-3.45579 leader=1 inc2=1 attack_w=1
DBG t=24 used=0.02 remain=1.46 turn_time=0.0192105 end_in=0.0192105 depth=7 dec=0 cand_cap=20 cand=16->16 pick(must/top/rand)=3/13/0 sims=3292 loop=3276 best_avg=-3.54624 leader=1 inc2=1 attack_w=1
DBG t=37 used=0.02 remain=1.2 turn_time=0.0190476 end_in=0.0190476 depth=10 dec=0 cand_cap=20 cand=29->20 pick(must/top/rand)=7/9/4 sims=1980 loop=1960 best_avg=-3.5253 leader=1 inc2=1 attack_w=1
DBG t=49 used=0.019 remain=0.968 turn_time=0.0189804 end_in=0.0189804 depth=10 dec=0 cand_cap=20 cand=13->13 pick(must/top/rand)=9/4/0 sims=2249 loop=2236 best_avg=-3.16166 leader=1 inc2=1 attack_w=0.513734
DBG t=61 used=0.019 remain=0.74 turn_time=0.0189744 end_in=0.0189744 depth=10 dec=0 cand_cap=20 cand=4->4 pick(must/top/rand)=4/0/0 sims=2504 loop=2500 best_avg=-2.86563 leader=1 inc2=1 attack_w=0.25
DBG t=74 used=0.019 remain=0.493 turn_time=0.0189615 end_in=0.0189615 depth=11 dec=0 cand_cap=20 cand=12->12 pick(must/top/rand)=7/5/0 sims=2216 loop=2204 best_avg=-2.46377 leader=1 inc2=1 attack_w=0.25
DBG t=86 used=0.019 remain=0.265 turn_time=0.0189286 end_in=0.0189286 depth=11 dec=0 cand_cap=20 cand=18->18 pick(must/top/rand)=7/9/2 sims=2066 loop=2048 best_avg=-2.34246 leader=1 inc2=1 attack_w=0.25
DBG t=99 used=0.018 remain=0.018 turn_time=0.018 end_in=0.017 depth=0 dec=0 cand_cap=20 cand=28->20 pick(must/top/rand)=9/7/4 sims=44940 loop=44920 best_avg=-2.0127 leader=1 inc2=1 attack_w=0.25
DBG summary depth_safety_fired=0
Score = 196934

=== CASE 0193.txt ===
cmd=target/release/tester ./a.out
returncode=0 timed_out=0 elapsed_sec=1.960147
score=355423.0
--- stdout ---
5 6
5 6
5 6
5 5
5 5
5 5
4 5
5 5
3 5
3 4
3 3
3 3
4 3
4 4
3 3
3 5
3 3
3 5
4 4
3 5
2 3
3 3
2 3
2 3
3 5
3 3
2 3
3 5
4 6
2 4
3 5
3 3
2 4
3 5
4 4
2 4
3 5
3 3
2 4
3 5
2 4
3 5
3 3
1 3
3 5
2 4
1 3
3 5
3 3
1 3
4 4
3 5
1 3
3 5
3 3
4 5
2 4
3 5
4 4
5 4
3 5
4 4
3 5
3 3
5 4
6 5
6 5
3 5
4 5
3 5
3 3
2 4
4 5
3 5
4 6
3 5
3 3
3 3
5 4
3 5
1 2
3 5
3 3
5 4
5 7
2 4
3 5
2 4
4 6
3 5
3 5
3 3
6 6
4 6
3 5
3 6
3 5
3 3
6 7
5 7
--- stderr ---
DBG hdr N=10 M=2 T=100 U=4 VMAX=1939 TIME_LIMIT=1.94 MAX_CAND=20 UCB_C=0.21
DBG t=0 used=0.02 remain=1.94 turn_time=0.0194 end_in=0.0194 depth=7 dec=0 cand_cap=20 cand=5->5 pick(must/top/rand)=3/2/0 sims=5873 loop=5868 best_avg=-2.83021 leader=1 inc2=1 attack_w=0.15
DBG t=12 used=0.02 remain=1.7 turn_time=0.0193182 end_in=0.0193182 depth=7 dec=0 cand_cap=20 cand=4->4 pick(must/top/rand)=4/0/0 sims=5224 loop=5220 best_avg=-2.95142 leader=1 inc2=1 attack_w=0.25
DBG t=24 used=0.02 remain=1.46 turn_time=0.0192105 end_in=0.0192105 depth=7 dec=0 cand_cap=20 cand=18->18 pick(must/top/rand)=7/9/2 sims=5262 loop=5244 best_avg=-2.52861 leader=1 inc2=1 attack_w=0.25
DBG t=37 used=0.02 remain=1.2 turn_time=0.0190476 end_in=0.0190476 depth=10 dec=0 cand_cap=20 cand=22->20 pick(must/top/rand)=7/9/4 sims=3248 loop=3228 best_avg=-1.83817 leader=1 inc2=1 attack_w=0.25
DBG t=49 used=0.019 remain=0.968 turn_time=0.0189804 end_in=0.0189804 depth=10 dec=0 cand_cap=20 cand=23->20 pick(must/top/rand)=5/11/4 sims=3168 loop=3148 best_avg=-1.1644 leader=1 inc2=1 attack_w=0.15
DBG t=61 used=0.019 remain=0.74 turn_time=0.0189744 end_in=0.0189744 depth=10 dec=0 cand_cap=20 cand=26->20 pick(must/top/rand)=5/11/4 sims=2856 loop=2836 best_avg=-0.782012 leader=1 inc2=1 attack_w=0.15
DBG t=74 used=0.019 remain=0.493 turn_time=0.0189615 end_in=0.0189615 depth=11 dec=0 cand_cap=20 cand=27->20 pick(must/top/rand)=4/12/4 sims=2488 loop=2468 best_avg=-0.590425 leader=1 inc2=1 attack_w=0.15
DBG t=86 used=0.019 remain=0.265 turn_time=0.0189286 end_in=0.0189286 depth=11 dec=0 cand_cap=20 cand=31->20 pick(must/top/rand)=4/12/4 sims=2392 loop=2372 best_avg=-0.5123 leader=1 inc2=1 attack_w=0.15
DBG t=99 used=0.018 remain=0.018 turn_time=0.018 end_in=0.017 depth=0 dec=0 cand_cap=20 cand=36->20 pick(must/top/rand)=4/12/4 sims=72552 loop=72532 best_avg=-0.286935 leader=1 inc2=1 attack_w=0.15
DBG summary depth_safety_fired=0
Score = 355423

=== CASE 0198.txt ===
cmd=target/release/tester ./a.out
returncode=0 timed_out=0 elapsed_sec=1.954789
score=151364.0
--- stdout ---
7 8
7 8
7 8
6 7
6 7
6 7
6 6
5 7
5 7
6 7
5 8
4 8
6 6
4 8
4 8
5 8
5 8
5 7
6 7
5 7
7 7
6 7
7 7
7 6
7 8
7 6
5 7
6 7
5 7
7 9
7 9
7 6
7 9
5 9
7 6
4 9
3 9
7 9
8 9
4 9
6 6
9 9
5 8
7 6
6 7
4 8
5 8
9 9
9 9
3 9
3 8
6 7
4 9
4 7
9 9
4 7
6 9
4 9
3 9
4 7
6 8
6 6
3 9
6 6
6 6
6 5
3 8
7 7
3 9
6 5
7 6
8 6
6 5
7 6
8 7
3 8
6 5
6 5
8 5
8 8
8 5
4 8
8 5
8 6
6 6
8 5
4 6
4 6
8 4
6 6
8 4
9 6
8 4
9 7
9 5
4 7
9 5
7 5
7 5
7 5
--- stderr ---
DBG hdr N=10 M=8 T=100 U=4 VMAX=1359 TIME_LIMIT=1.94 MAX_CAND=20 UCB_C=0.21
DBG t=0 used=0.02 remain=1.94 turn_time=0.0194 end_in=0.0194 depth=7 dec=0 cand_cap=20 cand=5->5 pick(must/top/rand)=3/2/0 sims=2605 loop=2600 best_avg=-0.646519 leader=4 inc2=1 attack_w=1
DBG t=12 used=0.02 remain=1.7 turn_time=0.0193182 end_in=0.0193182 depth=7 dec=0 cand_cap=20 cand=13->13 pick(must/top/rand)=4/9/0 sims=1469 loop=1456 best_avg=-0.60553 leader=4 inc2=1 attack_w=0.662568
DBG t=24 used=0.02 remain=1.46 turn_time=0.0192105 end_in=0.0192105 depth=7 dec=0 cand_cap=20 cand=13->13 pick(must/top/rand)=6/7/0 sims=1621 loop=1608 best_avg=-0.643749 leader=5 inc2=1 attack_w=1
DBG t=37 used=0.02 remain=1.2 turn_time=0.0190476 end_in=0.0190476 depth=10 dec=0 cand_cap=20 cand=23->20 pick(must/top/rand)=7/9/4 sims=1116 loop=1096 best_avg=-0.422339 leader=4 inc2=1 attack_w=0.655692
DBG t=49 used=0.019 remain=0.968 turn_time=0.0189804 end_in=0.0189804 depth=10 dec=0 cand_cap=20 cand=22->20 pick(must/top/rand)=8/8/4 sims=972 loop=952 best_avg=-0.350001 leader=1 inc2=1 attack_w=0.33666
DBG t=61 used=0.019 remain=0.74 turn_time=0.0189744 end_in=0.0189744 depth=10 dec=0 cand_cap=20 cand=26->20 pick(must/top/rand)=4/12/4 sims=996 loop=976 best_avg=-0.260581 leader=1 inc2=1 attack_w=0.25
DBG t=74 used=0.019 remain=0.493 turn_time=0.0189615 end_in=0.0189615 depth=11 dec=0 cand_cap=20 cand=32->20 pick(must/top/rand)=6/10/4 sims=880 loop=860 best_avg=-0.0688874 leader=3 inc2=1 attack_w=0.25
DBG t=86 used=0.019 remain=0.265 turn_time=0.0189286 end_in=0.0189286 depth=11 dec=0 cand_cap=20 cand=34->20 pick(must/top/rand)=5/11/4 sims=884 loop=864 best_avg=0.0989849 leader=3 inc2=1 attack_w=0.25
DBG t=99 used=0.018 remain=0.018 turn_time=0.018 end_in=0.017 depth=0 dec=0 cand_cap=20 cand=40->20 pick(must/top/rand)=6/10/4 sims=18648 loop=18628 best_avg=0.196481 leader=3 inc2=1 attack_w=0.25
DBG summary depth_safety_fired=0
Score = 151364

=== CASE 0199.txt ===
cmd=target/release/tester ./a.out
returncode=0 timed_out=0 elapsed_sec=1.953854
score=260132.0
--- stdout ---
1 6
1 7
1 7
1 7
2 7
2 7
2 8
2 8
1 8
1 8
0 7
0 6
0 8
0 5
1 5
2 6
2 5
3 6
3 7
3 8
4 6
4 8
4 6
4 7
3 5
5 7
5 8
5 7
5 6
5 5
3 9
6 5
6 8
6 7
6 6
4 5
6 8
6 8
1 9
6 9
3 7
4 8
2 9
5 8
2 8
3 9
2 7
4 9
2 8
3 8
2 7
3 7
2 7
3 5
3 8
3 6
3 7
3 6
4 6
4 7
5 9
4 6
5 8
5 9
5 7
5 5
3 8
2 6
4 7
2 6
5 6
3 7
1 6
2 8
1 7
6 9
2 5
1 7
3 7
2 8
3 9
4 7
2 9
4 8
2 7
1 6
3 8
1 6
2 6
1 7
0 8
1 7
2 8
1 8
3 8
1 8
0 8
1 9
2 7
2 6
--- stderr ---
DBG hdr N=10 M=2 T=100 U=4 VMAX=1844 TIME_LIMIT=1.94 MAX_CAND=20 UCB_C=0.21
DBG t=0 used=0.02 remain=1.94 turn_time=0.0194 end_in=0.0194 depth=7 dec=0 cand_cap=20 cand=5->5 pick(must/top/rand)=3/2/0 sims=5729 loop=5724 best_avg=-2.58858 leader=1 inc2=1 attack_w=0.15
DBG t=12 used=0.02 remain=1.7 turn_time=0.0193182 end_in=0.0193182 depth=7 dec=0 cand_cap=20 cand=14->14 pick(must/top/rand)=8/6/0 sims=4766 loop=4752 best_avg=-2.38443 leader=1 inc2=1 attack_w=0.25
DBG t=24 used=0.02 remain=1.46 turn_time=0.0192105 end_in=0.0192105 depth=7 dec=0 cand_cap=20 cand=30->20 pick(must/top/rand)=9/7/4 sims=3452 loop=3432 best_avg=-1.75598 leader=1 inc2=1 attack_w=0.25
DBG t=37 used=0.02 remain=1.2 turn_time=0.0190476 end_in=0.0190476 depth=10 dec=0 cand_cap=20 cand=43->20 pick(must/top/rand)=9/7/4 sims=2192 loop=2172 best_avg=-1.80775 leader=1 inc2=1 attack_w=0.25
DBG t=49 used=0.019 remain=0.968 turn_time=0.0189804 end_in=0.0189804 depth=10 dec=0 cand_cap=20 cand=45->20 pick(must/top/rand)=7/9/4 sims=1772 loop=1752 best_avg=-1.47688 leader=1 inc2=1 attack_w=0.25
DBG t=61 used=0.019 remain=0.74 turn_time=0.0189744 end_in=0.0189744 depth=10 dec=0 cand_cap=20 cand=45->20 pick(must/top/rand)=7/9/4 sims=1768 loop=1748 best_avg=-1.57011 leader=1 inc2=1 attack_w=0.25
DBG t=74 used=0.019 remain=0.493 turn_time=0.0189615 end_in=0.0189615 depth=11 dec=0 cand_cap=20 cand=45->20 pick(must/top/rand)=8/8/4 sims=1572 loop=1552 best_avg=-1.47135 leader=1 inc2=1 attack_w=0.25
DBG t=86 used=0.019 remain=0.265 turn_time=0.0189286 end_in=0.0189286 depth=11 dec=0 cand_cap=20 cand=46->20 pick(must/top/rand)=9/7/4 sims=1624 loop=1604 best_avg=-1.49492 leader=1 inc2=1 attack_w=0.25
DBG t=99 used=0.018 remain=0.018 turn_time=0.018 end_in=0.017 depth=0 dec=0 cand_cap=20 cand=46->20 pick(must/top/rand)=7/9/4 sims=72824 loop=72804 best_avg=-1.20908 leader=1 inc2=1 attack_w=0.25
DBG summary depth_safety_fired=0
Score = 260132

=== SUMMARY ===
ok=200 fail=0
total_score_sum=35574386.0

