=== CASE 0003.txt ===
DBG hdr N=10 M=4 T=100 U=5 VMAX=1503 TIME_LIMIT=1.94 MAX_CAND=20 UCB_C=0.21 OBJ=log(S0+1)-log(SA+1)
DBG t=0 used=0.024 remain=1.94 turn_time=0.0236195 end_in=0.0236195 cand_pre=5 cand_cap=20 cand=5->5 pre=5 pick(must/bucket/top/rand)=1/2/2/0 depth0=7 depth=5 dlog=2 dper=0 sims=6577 loop=6572 gen_time=0 eval_time=0.024 best_avg=-0.139887 best_move=7,4 leader=1 inc2=0 attack_w=0.13 S0=1384 SA=1274 ratio=1.08627 my_comp=1 my_front=4 leader_comp=1 comp_gain(sz/front/cut)=0/0/0
DBG t=12 used=0.023 remain=1.659 turn_time=0.0222174 end_in=0.0222174 cand_pre=11 cand_cap=20 cand=11->11 pre=11 pick(must/bucket/top/rand)=1/3/7/0 depth0=7 depth=4 dlog=3 dper=0 sims=5119 loop=5108 gen_time=0 eval_time=0.023 best_avg=-0.000829274 best_move=7,5 leader=1 inc2=0 attack_w=0.238975 S0=17805 SA=17235 ratio=1.03307 my_comp=3 my_front=8 leader_comp=4 comp_gain(sz/front/cut)=0/0/0
DBG t=24 used=0.023 remain=1.395 turn_time=0.0224668 end_in=0.0224668 cand_pre=4 cand_cap=20 cand=4->4 pre=4 pick(must/bucket/top/rand)=1/2/1/0 depth0=7 depth=6 dlog=1 dper=0 sims=4152 loop=4148 gen_time=0 eval_time=0.023 best_avg=0.179457 best_move=5,8 leader=1 inc2=0 attack_w=0.2 S0=29499 SA=25454 ratio=1.15891 my_comp=1 my_front=4 leader_comp=4 comp_gain(sz/front/cut)=1/2/2
DBG t=37 used=0.02 remain=1.124 turn_time=0.0194024 end_in=0.0194024 cand_pre=25 cand_cap=20 cand=25->20 pre=25 pick(must/bucket/top/rand)=1/7/8/4 depth0=10 depth=6 dlog=4 dper=0 sims=1972 loop=1952 gen_time=0 eval_time=0.02 best_avg=0.294398 best_move=6,9 leader=1 inc2=0 attack_w=0.2 S0=40136 SA=30521 ratio=1.31502 my_comp=10 my_front=22 leader_comp=8 comp_gain(sz/front/cut)=1/1/5
DBG t=49 used=0.021 remain=0.886 turn_time=0.0202477 end_in=0.0202477 cand_pre=13 cand_cap=20 cand=13->13 pre=13 pick(must/bucket/top/rand)=1/7/5/0 depth0=10 depth=7 dlog=3 dper=0 sims=2621 loop=2608 gen_time=0 eval_time=0.021 best_avg=0.362711 best_move=6,7 leader=1 inc2=1 attack_w=0.2 S0=43492 SA=28626 ratio=1.5193 my_comp=5 my_front=11 leader_comp=3 comp_gain(sz/front/cut)=1/0/2
DBG t=61 used=0.018 remain=0.657 turn_time=0.0171157 end_in=0.0171157 cand_pre=36 cand_cap=20 cand=36->20 pre=36 pick(must/bucket/top/rand)=1/8/7/4 depth0=10 depth=3 dlog=5 dper=2 sims=2400 loop=2380 gen_time=0 eval_time=0.018 best_avg=0.471861 best_move=5,8 leader=3 inc2=1 attack_w=0.2 S0=56047 SA=34644 ratio=1.61778 my_comp=21 my_front=25 leader_comp=9 comp_gain(sz/front/cut)=0/0/0
DBG t=74 used=0.017 remain=0.432 turn_time=0.0166652 end_in=0.0166652 cand_pre=38 cand_cap=20 cand=38->20 pre=38 pick(must/bucket/top/rand)=1/8/7/4 depth0=11 depth=4 dlog=5 dper=2 sims=1664 loop=1644 gen_time=0 eval_time=0.017 best_avg=0.441521 best_move=5,5 leader=3 inc2=1 attack_w=0.2 S0=66523 SA=41985 ratio=1.58443 my_comp=23 my_front=26 leader_comp=10 comp_gain(sz/front/cut)=0/0/0
DBG t=86 used=0.016 remain=0.229 turn_time=0.0159809 end_in=0.0159809 cand_pre=42 cand_cap=20 cand=42->20 pre=42 pick(must/bucket/top/rand)=1/7/8/4 depth0=11 depth=3 dlog=5 dper=3 sims=1640 loop=1620 gen_time=0 eval_time=0.016 best_avg=0.440386 best_move=5,6 leader=1 inc2=1 attack_w=0.2 S0=73464 SA=46379 ratio=1.58398 my_comp=26 my_front=26 leader_comp=12 comp_gain(sz/front/cut)=0/0/0
DBG depth_guard t=99 remain=0.016 cand_pre=39 depth0=0 depth=0
DBG t=99 used=0.01 remain=0.016 turn_time=0.0096 end_in=0.0096 cand_pre=39 cand_cap=14 cand=39->14 pre=39 pick(must/bucket/top/rand)=1/7/3/3 depth0=0 depth=0 dlog=5 dper=4 sims=13622 loop=13608 gen_time=0 eval_time=0.01 best_avg=0.422282 best_move=4,6 leader=3 inc2=1 attack_w=0.2 S0=83881 SA=54875 ratio=1.52857 my_comp=26 my_front=22 leader_comp=12 comp_gain(sz/front/cut)=0/0/0
DBG summary depth_guard_fired=1
Score = 134136
=== CASE 0005.txt ===
DBG hdr N=10 M=5 T=100 U=4 VMAX=1648 TIME_LIMIT=1.94 MAX_CAND=20 UCB_C=0.21 OBJ=log(S0+1)-log(SA+1)
DBG t=0 used=0.024 remain=1.94 turn_time=0.0238717 end_in=0.0238717 cand_pre=3 cand_cap=20 cand=3->3 pre=3 pick(must/bucket/top/rand)=1/2/0/0 depth0=7 depth=6 dlog=1 dper=0 sims=4595 loop=4592 gen_time=0 eval_time=0.024 best_avg=-0.360355 best_move=1,9 leader=4 inc2=1 attack_w=0.85 S0=848 SA=1202 ratio=0.705736 my_comp=1 my_front=2 leader_comp=1 comp_gain(sz/front/cut)=1/1/0
DBG t=12 used=0.023 remain=1.661 turn_time=0.0223669 end_in=0.0223669 cand_pre=10 cand_cap=20 cand=10->10 pre=10 pick(must/bucket/top/rand)=1/5/4/0 depth0=7 depth=4 dlog=3 dper=0 sims=4250 loop=4240 gen_time=0 eval_time=0.023 best_avg=0.015736 best_move=5,9 leader=4 inc2=1 attack_w=0.2 S0=17249 SA=13972 ratio=1.23452 my_comp=5 my_front=6 leader_comp=4 comp_gain(sz/front/cut)=1/1/0
DBG t=24 used=0.022 remain=1.396 turn_time=0.0215278 end_in=0.0215278 cand_pre=12 cand_cap=20 cand=12->12 pre=12 pick(must/bucket/top/rand)=1/4/7/0 depth0=7 depth=4 dlog=3 dper=0 sims=3860 loop=3848 gen_time=0 eval_time=0.022 best_avg=-0.177181 best_move=2,9 leader=4 inc2=0 attack_w=0.608327 S0=25754 SA=29320 ratio=0.878381 my_comp=6 my_front=8 leader_comp=9 comp_gain(sz/front/cut)=0/0/0
DBG t=37 used=0.021 remain=1.12 turn_time=0.0200267 end_in=0.0200267 cand_pre=19 cand_cap=20 cand=19->19 pre=19 pick(must/bucket/top/rand)=1/4/11/3 depth0=10 depth=6 dlog=4 dper=0 sims=1935 loop=1916 gen_time=0 eval_time=0.021 best_avg=-0.209523 best_move=7,7 leader=4 inc2=0 attack_w=0.518528 S0=34211 SA=37530 ratio=0.911566 my_comp=10 my_front=13 leader_comp=9 comp_gain(sz/front/cut)=1/2/0
DBG t=49 used=0.019 remain=0.884 turn_time=0.0186247 end_in=0.0186247 cand_pre=27 cand_cap=20 cand=27->20 pre=27 pick(must/bucket/top/rand)=1/4/11/4 depth0=10 depth=5 dlog=4 dper=1 sims=1984 loop=1964 gen_time=0 eval_time=0.019 best_avg=-0.112342 best_move=9,6 leader=4 inc2=0 attack_w=0.651623 S0=44394 SA=51428 ratio=0.863229 my_comp=13 my_front=20 leader_comp=12 comp_gain(sz/front/cut)=1/1/0
DBG t=61 used=0.018 remain=0.657 turn_time=0.0176632 end_in=0.0176632 cand_pre=31 cand_cap=20 cand=31->20 pre=31 pick(must/bucket/top/rand)=1/4/11/4 depth0=10 depth=5 dlog=4 dper=1 sims=1692 loop=1672 gen_time=0 eval_time=0.018 best_avg=-0.0502484 best_move=8,6 leader=4 inc2=0 attack_w=0.509578 S0=58105 SA=63502 ratio=0.915012 my_comp=16 my_front=22 leader_comp=15 comp_gain(sz/front/cut)=0/0/0
DBG t=74 used=0.017 remain=0.427 turn_time=0.0165791 end_in=0.0165791 cand_pre=37 cand_cap=20 cand=37->20 pre=37 pick(must/bucket/top/rand)=1/4/11/4 depth0=11 depth=4 dlog=5 dper=2 sims=1564 loop=1544 gen_time=0 eval_time=0.017 best_avg=0.0369383 best_move=8,3 leader=4 inc2=0 attack_w=0.366382 S0=73081 SA=75039 ratio=0.973907 my_comp=20 my_front=27 leader_comp=19 comp_gain(sz/front/cut)=1/2/0
DBG t=86 used=0.016 remain=0.224 turn_time=0.015944 end_in=0.015944 cand_pre=39 cand_cap=20 cand=39->20 pre=39 pick(must/bucket/top/rand)=1/6/9/4 depth0=11 depth=4 dlog=5 dper=2 sims=1444 loop=1424 gen_time=0 eval_time=0.016 best_avg=0.0579726 best_move=6,6 leader=4 inc2=0 attack_w=0.324152 S0=84373 SA=84989 ratio=0.992752 my_comp=21 my_front=29 leader_comp=21 comp_gain(sz/front/cut)=0/0/0
DBG depth_guard t=99 remain=0.015 cand_pre=40 depth0=0 depth=0
DBG t=99 used=0.01 remain=0.015 turn_time=0.009 end_in=0.009 cand_pre=40 cand_cap=14 cand=40->14 pre=40 pick(must/bucket/top/rand)=1/6/4/3 depth0=0 depth=0 dlog=5 dper=4 sims=10598 loop=10584 gen_time=0 eval_time=0.01 best_avg=-0.038252 best_move=6,6 leader=4 inc2=0 attack_w=0.419484 S0=88907 SA=93468 ratio=0.951203 my_comp=23 my_front=31 leader_comp=24 comp_gain(sz/front/cut)=0/0/0
DBG summary depth_guard_fired=1
Score = 96408
=== CASE 0001.txt ===
DBG hdr N=10 M=5 T=100 U=4 VMAX=1609 TIME_LIMIT=1.94 MAX_CAND=20 UCB_C=0.21 OBJ=log(S0+1)-log(SA+1)
DBG t=0 used=0.024 remain=1.94 turn_time=0.0236195 end_in=0.0236195 cand_pre=5 cand_cap=20 cand=5->5 pre=5 pick(must/bucket/top/rand)=1/2/2/0 depth0=7 depth=5 dlog=2 dper=0 sims=5297 loop=5292 gen_time=0 eval_time=0.024 best_avg=0.0247837 best_move=3,3 leader=4 inc2=1 attack_w=0.13 S0=1247 SA=1041 ratio=1.1977 my_comp=1 my_front=4 leader_comp=1 comp_gain(sz/front/cut)=0/0/0
DBG t=12 used=0.023 remain=1.661 turn_time=0.0224896 end_in=0.0224896 cand_pre=9 cand_cap=20 cand=9->9 pre=9 pick(must/bucket/top/rand)=1/7/1/0 depth0=7 depth=4 dlog=3 dper=0 sims=4517 loop=4508 gen_time=0 eval_time=0.023 best_avg=0.0501231 best_move=5,2 leader=3 inc2=1 attack_w=0.2 S0=15603 SA=12241 ratio=1.27463 my_comp=3 my_front=8 leader_comp=4 comp_gain(sz/front/cut)=4/8/0
DBG t=24 used=0.021 remain=1.402 turn_time=0.0206611 end_in=0.0206611 cand_pre=20 cand_cap=20 cand=20->20 pre=20 pick(must/bucket/top/rand)=1/8/7/4 depth0=7 depth=3 dlog=4 dper=0 sims=3576 loop=3556 gen_time=0 eval_time=0.021 best_avg=0.239725 best_move=3,2 leader=3 inc2=1 attack_w=0.2 S0=29559 SA=22728 ratio=1.30054 my_comp=8 my_front=16 leader_comp=6 comp_gain(sz/front/cut)=0/0/0
DBG t=37 used=0.019 remain=1.14 turn_time=0.0185024 end_in=0.0185024 cand_pre=35 cand_cap=20 cand=35->20 pre=35 pick(must/bucket/top/rand)=1/8/7/4 depth0=10 depth=4 dlog=4 dper=2 sims=1992 loop=1972 gen_time=0 eval_time=0.019 best_avg=0.430692 best_move=7,1 leader=3 inc2=1 attack_w=0.2 S0=42115 SA=25968 ratio=1.62178 my_comp=16 my_front=26 leader_comp=7 comp_gain(sz/front/cut)=1/2/0
DBG t=49 used=0.019 remain=0.92 turn_time=0.0183278 end_in=0.0183278 cand_pre=36 cand_cap=20 cand=36->20 pre=36 pick(must/bucket/top/rand)=1/6/9/4 depth0=10 depth=3 dlog=5 dper=2 sims=2436 loop=2416 gen_time=0 eval_time=0.019 best_avg=0.490638 best_move=6,3 leader=3 inc2=1 attack_w=0.2 S0=46329 SA=28682 ratio=1.61524 my_comp=17 my_front=28 leader_comp=8 comp_gain(sz/front/cut)=0/0/0
DBG t=61 used=0.019 remain=0.692 turn_time=0.0180275 end_in=0.0180275 cand_pre=36 cand_cap=20 cand=36->20 pre=36 pick(must/bucket/top/rand)=1/7/8/4 depth0=10 depth=3 dlog=5 dper=2 sims=1352 loop=1332 gen_time=0 eval_time=0.019 best_avg=0.1891 best_move=4,6 leader=1 inc2=1 attack_w=0.2 S0=42902 SA=34471 ratio=1.24458 my_comp=17 my_front=35 leader_comp=19 comp_gain(sz/front/cut)=1/2/18
DBG t=74 used=0.019 remain=0.455 turn_time=0.0181212 end_in=0.0181213 cand_pre=33 cand_cap=20 cand=33->20 pre=33 pick(must/bucket/top/rand)=1/8/7/4 depth0=11 depth=5 dlog=4 dper=2 sims=2016 loop=1996 gen_time=0 eval_time=0.019 best_avg=-0.230823 best_move=3,5 leader=1 inc2=0 attack_w=0.425139 S0=42143 SA=44415 ratio=0.948847 my_comp=14 my_front=29 leader_comp=5 comp_gain(sz/front/cut)=1/2/1
DBG t=86 used=0.018 remain=0.234 turn_time=0.0173076 end_in=0.0173076 cand_pre=33 cand_cap=20 cand=33->20 pre=33 pick(must/bucket/top/rand)=1/7/8/4 depth0=11 depth=5 dlog=4 dper=2 sims=1636 loop=1616 gen_time=0 eval_time=0.018 best_avg=0.0554021 best_move=3,6 leader=1 inc2=0 attack_w=0.461561 S0=41769 SA=44723 ratio=0.93395 my_comp=17 my_front=30 leader_comp=5 comp_gain(sz/front/cut)=1/2/1
DBG depth_guard t=99 remain=0.014 cand_pre=35 depth0=0 depth=0
DBG t=99 used=0.009 remain=0.014 turn_time=0.0084 end_in=0.0084 cand_pre=35 cand_cap=14 cand=35->14 pre=35 pick(must/bucket/top/rand)=1/8/2/3 depth0=0 depth=0 dlog=4 dper=4 sims=9514 loop=9500 gen_time=0 eval_time=0.009 best_avg=0.0845292 best_move=0,3 leader=4 inc2=1 attack_w=0.2 S0=50295 SA=45451 ratio=1.10657 my_comp=17 my_front=32 leader_comp=23 comp_gain(sz/front/cut)=1/1/3
DBG summary depth_guard_fired=1
Score = 108133
=== CASE 0000.txt ===
DBG hdr N=10 M=4 T=100 U=2 VMAX=1656 TIME_LIMIT=1.94 MAX_CAND=20 UCB_C=0.21 OBJ=log(S0+1)-log(SA+1)
DBG t=0 used=0.024 remain=1.94 turn_time=0.0236195 end_in=0.0236195 cand_pre=5 cand_cap=20 cand=5->5 pre=5 pick(must/bucket/top/rand)=1/2/2/0 depth0=7 depth=5 dlog=2 dper=0 sims=6029 loop=6024 gen_time=0 eval_time=0.024 best_avg=-0.220481 best_move=8,3 leader=1 inc2=1 attack_w=0.838007 S0=1083 SA=1348 ratio=0.803558 my_comp=1 my_front=4 leader_comp=1 comp_gain(sz/front/cut)=0/0/0
DBG t=12 used=0.022 remain=1.664 turn_time=0.021424 end_in=0.021424 cand_pre=18 cand_cap=20 cand=18->18 pre=18 pick(must/bucket/top/rand)=1/6/9/2 depth0=7 depth=3 dlog=4 dper=0 sims=4878 loop=4860 gen_time=0 eval_time=0.022 best_avg=-0.215365 best_move=8,4 leader=3 inc2=1 attack_w=0.374141 S0=14782 SA=15231 ratio=0.970523 my_comp=8 my_front=14 leader_comp=7 comp_gain(sz/front/cut)=0/0/0
DBG t=24 used=0.02 remain=1.408 turn_time=0.0195453 end_in=0.0195453 cand_pre=30 cand_cap=20 cand=30->20 pre=30 pick(must/bucket/top/rand)=1/7/8/4 depth0=7 depth=2 dlog=4 dper=1 sims=3616 loop=3596 gen_time=0 eval_time=0.02 best_avg=-0.265759 best_move=2,1 leader=3 inc2=1 attack_w=0.85 S0=20542 SA=30445 ratio=0.674736 my_comp=13 my_front=22 leader_comp=14 comp_gain(sz/front/cut)=1/2/1
DBG t=37 used=0.022 remain=1.132 turn_time=0.0210588 end_in=0.0210588 cand_pre=12 cand_cap=20 cand=12->12 pre=12 pick(must/bucket/top/rand)=1/7/4/0 depth0=10 depth=7 dlog=3 dper=0 sims=1976 loop=1964 gen_time=0 eval_time=0.022 best_avg=-0.449277 best_move=3,1 leader=3 inc2=1 attack_w=0.85 S0=23211 SA=33548 ratio=0.691884 my_comp=6 my_front=8 leader_comp=17 comp_gain(sz/front/cut)=0/0/0
DBG t=49 used=0.02 remain=0.88 turn_time=0.0197741 end_in=0.0197741 cand_pre=16 cand_cap=20 cand=16->16 pre=16 pick(must/bucket/top/rand)=1/5/10/0 depth0=10 depth=7 dlog=3 dper=0 sims=1664 loop=1648 gen_time=0 eval_time=0.02 best_avg=-0.186531 best_move=2,1 leader=3 inc2=1 attack_w=0.85 S0=27835 SA=36961 ratio=0.753098 my_comp=9 my_front=11 leader_comp=19 comp_gain(sz/front/cut)=0/0/0
DBG t=61 used=0.019 remain=0.647 turn_time=0.0181492 end_in=0.0181492 cand_pre=24 cand_cap=20 cand=24->20 pre=24 pick(must/bucket/top/rand)=1/7/8/4 depth0=10 depth=6 dlog=4 dper=0 sims=1732 loop=1712 gen_time=0 eval_time=0.019 best_avg=-0.0525528 best_move=4,2 leader=1 inc2=0 attack_w=0.474389 S0=35489 SA=38209 ratio=0.928814 my_comp=13 my_front=16 leader_comp=14 comp_gain(sz/front/cut)=1/-2/0
DBG t=74 used=0.017 remain=0.415 turn_time=0.0164244 end_in=0.0164244 cand_pre=34 cand_cap=20 cand=34->20 pre=34 pick(must/bucket/top/rand)=1/8/7/4 depth0=11 depth=5 dlog=4 dper=2 sims=1576 loop=1556 gen_time=0 eval_time=0.017 best_avg=0.118762 best_move=7,3 leader=1 inc2=1 attack_w=0.2 S0=40510 SA=35482 ratio=1.1417 my_comp=19 my_front=24 leader_comp=14 comp_gain(sz/front/cut)=0/0/0
DBG t=86 used=0.016 remain=0.215 turn_time=0.0157027 end_in=0.0157027 cand_pre=35 cand_cap=20 cand=35->20 pre=35 pick(must/bucket/top/rand)=1/8/7/4 depth0=11 depth=5 dlog=4 dper=2 sims=1452 loop=1432 gen_time=0 eval_time=0.016 best_avg=0.180085 best_move=6,2 leader=1 inc2=1 attack_w=0.2 S0=41614 SA=33982 ratio=1.22458 my_comp=19 my_front=24 leader_comp=14 comp_gain(sz/front/cut)=0/0/0
DBG depth_guard t=99 remain=0.013 cand_pre=36 depth0=0 depth=0
DBG t=99 used=0.008 remain=0.013 turn_time=0.0078 end_in=0.0078 cand_pre=36 cand_cap=12 cand=36->12 pre=36 pick(must/bucket/top/rand)=1/7/2/2 depth0=0 depth=0 dlog=5 dper=5 sims=10660 loop=10648 gen_time=0 eval_time=0.008 best_avg=0.297041 best_move=4,2 leader=1 inc2=1 attack_w=0.2 S0=44520 SA=32795 ratio=1.35751 my_comp=21 my_front=24 leader_comp=11 comp_gain(sz/front/cut)=0/0/0
DBG summary depth_guard_fired=1
Score = 123084
=== CASE 0004.txt ===
DBG hdr N=10 M=7 T=100 U=2 VMAX=2345 TIME_LIMIT=1.94 MAX_CAND=20 UCB_C=0.21 OBJ=log(S0+1)-log(SA+1)
DBG t=0 used=0.024 remain=1.94 turn_time=0.0236195 end_in=0.0236195 cand_pre=5 cand_cap=20 cand=5->5 pre=5 pick(must/bucket/top/rand)=1/2/2/0 depth0=7 depth=5 dlog=2 dper=0 sims=4161 loop=4156 gen_time=0 eval_time=0.024 best_avg=0.0568749 best_move=6,6 leader=3 inc2=1 attack_w=0.154583 S0=1013 SA=980 ratio=1.03364 my_comp=1 my_front=4 leader_comp=1 comp_gain(sz/front/cut)=1/2/0
DBG t=12 used=0.022 remain=1.663 turn_time=0.0217796 end_in=0.0217796 cand_pre=15 cand_cap=20 cand=15->15 pre=15 pick(must/bucket/top/rand)=1/6/8/0 depth0=7 depth=4 dlog=3 dper=0 sims=2699 loop=2684 gen_time=0 eval_time=0.022 best_avg=0.00572623 best_move=6,3 leader=3 inc2=1 attack_w=0.2 S0=16808 SA=13773 ratio=1.22034 my_comp=6 my_front=10 leader_comp=6 comp_gain(sz/front/cut)=0/0/0
DBG t=24 used=0.021 remain=1.4 turn_time=0.0205118 end_in=0.0205118 cand_pre=21 cand_cap=20 cand=21->20 pre=21 pick(must/bucket/top/rand)=1/5/10/4 depth0=7 depth=3 dlog=4 dper=0 sims=2608 loop=2588 gen_time=0 eval_time=0.021 best_avg=0.232332 best_move=6,3 leader=4 inc2=1 attack_w=0.2 S0=25015 SA=21241 ratio=1.17767 my_comp=10 my_front=16 leader_comp=10 comp_gain(sz/front/cut)=0/0/0
DBG t=37 used=0.021 remain=1.117 turn_time=0.020434 end_in=0.020434 cand_pre=15 cand_cap=20 cand=15->15 pre=15 pick(must/bucket/top/rand)=1/4/10/0 depth0=10 depth=7 dlog=3 dper=0 sims=1659 loop=1644 gen_time=0 eval_time=0.021 best_avg=-0.0758211 best_move=7,5 leader=4 inc2=1 attack_w=0.658802 S0=20493 SA=23808 ratio=0.860767 my_comp=7 my_front=11 leader_comp=13 comp_gain(sz/front/cut)=0/0/0
DBG t=49 used=0.02 remain=0.873 turn_time=0.0190605 end_in=0.0190605 cand_pre=21 cand_cap=20 cand=21->20 pre=21 pick(must/bucket/top/rand)=1/6/9/4 depth0=10 depth=6 dlog=4 dper=0 sims=1820 loop=1800 gen_time=0 eval_time=0.02 best_avg=0.203419 best_move=8,0 leader=2 inc2=1 attack_w=0.2 S0=31509 SA=25189 ratio=1.25089 my_comp=11 my_front=15 leader_comp=13 comp_gain(sz/front/cut)=1/1/0
DBG t=61 used=0.019 remain=0.64 turn_time=0.0180595 end_in=0.0180595 cand_pre=23 cand_cap=20 cand=23->20 pre=23 pick(must/bucket/top/rand)=1/4/11/4 depth0=10 depth=6 dlog=4 dper=0 sims=1748 loop=1728 gen_time=0 eval_time=0.019 best_avg=0.171513 best_move=8,4 leader=4 inc2=1 attack_w=0.2 S0=35032 SA=24144 ratio=1.45094 my_comp=14 my_front=17 leader_comp=13 comp_gain(sz/front/cut)=0/0/0
DBG t=74 used=0.017 remain=0.405 turn_time=0.0169399 end_in=0.0169399 cand_pre=25 cand_cap=20 cand=25->20 pre=25 pick(must/bucket/top/rand)=1/4/11/4 depth0=11 depth=6 dlog=4 dper=1 sims=1732 loop=1712 gen_time=0 eval_time=0.017 best_avg=0.261202 best_move=9,1 leader=4 inc2=1 attack_w=0.2 S0=35475 SA=21905 ratio=1.61946 my_comp=13 my_front=19 leader_comp=13 comp_gain(sz/front/cut)=0/0/0
DBG t=86 used=0.016 remain=0.202 turn_time=0.0156911 end_in=0.0156911 cand_pre=25 cand_cap=20 cand=25->20 pre=25 pick(must/bucket/top/rand)=1/6/9/4 depth0=11 depth=6 dlog=4 dper=1 sims=1484 loop=1464 gen_time=0 eval_time=0.016 best_avg=0.251217 best_move=7,5 leader=2 inc2=1 attack_w=0.2 S0=37643 SA=27735 ratio=1.35723 my_comp=14 my_front=20 leader_comp=5 comp_gain(sz/front/cut)=0/0/0
DBG depth_guard t=99 remain=0.008 cand_pre=15 depth0=0 depth=0
DBG t=99 used=0.005 remain=0.008 turn_time=0.0048 end_in=0.0048 cand_pre=15 cand_cap=12 cand=15->12 pre=15 pick(must/bucket/top/rand)=1/3/6/2 depth0=0 depth=0 dlog=3 dper=3 sims=7848 loop=7836 gen_time=0 eval_time=0.005 best_avg=0.291846 best_move=8,1 leader=4 inc2=1 attack_w=0.2 S0=40145 SA=28223 ratio=1.42241 my_comp=8 my_front=9 leader_comp=15 comp_gain(sz/front/cut)=0/0/0
DBG summary depth_guard_fired=1
Score = 125263
=== CASE 0002.txt ===
DBG hdr N=10 M=5 T=100 U=5 VMAX=1973 TIME_LIMIT=1.94 MAX_CAND=20 UCB_C=0.21 OBJ=log(S0+1)-log(SA+1)
DBG t=0 used=0.024 remain=1.94 turn_time=0.0237456 end_in=0.0237456 cand_pre=4 cand_cap=20 cand=4->4 pre=4 pick(must/bucket/top/rand)=1/2/1/0 depth0=7 depth=6 dlog=1 dper=0 sims=4500 loop=4496 gen_time=0 eval_time=0.024 best_avg=-0.48679 best_move=2,2 leader=2 inc2=1 attack_w=0.85 S0=1018 SA=1859 ratio=0.547849 my_comp=1 my_front=4 leader_comp=1 comp_gain(sz/front/cut)=0/0/0
DBG t=12 used=0.023 remain=1.66 turn_time=0.0227212 end_in=0.0227213 cand_pre=7 cand_cap=20 cand=7->7 pre=7 pick(must/bucket/top/rand)=1/4/2/0 depth0=7 depth=5 dlog=2 dper=0 sims=4043 loop=4036 gen_time=0 eval_time=0.023 best_avg=-0.519278 best_move=4,1 leader=3 inc2=1 attack_w=0.85 S0=14739 SA=19065 ratio=0.773104 my_comp=3 my_front=5 leader_comp=7 comp_gain(sz/front/cut)=1/2/0
DBG t=24 used=0.022 remain=1.393 turn_time=0.0213624 end_in=0.0213624 cand_pre=13 cand_cap=20 cand=13->13 pre=13 pick(must/bucket/top/rand)=1/3/9/0 depth0=7 depth=4 dlog=3 dper=0 sims=3605 loop=3592 gen_time=0 eval_time=0.022 best_avg=-0.337417 best_move=5,2 leader=3 inc2=1 attack_w=0.85 S0=26673 SA=38609 ratio=0.690857 my_comp=6 my_front=11 leader_comp=9 comp_gain(sz/front/cut)=1/2/0
DBG t=37 used=0.021 remain=1.12 turn_time=0.0206044 end_in=0.0206044 cand_pre=14 cand_cap=20 cand=14->14 pre=14 pick(must/bucket/top/rand)=1/6/7/0 depth0=10 depth=7 dlog=3 dper=0 sims=2082 loop=2068 gen_time=0 eval_time=0.021 best_avg=-0.156389 best_move=6,6 leader=3 inc2=1 attack_w=0.601595 S0=41055 SA=46612 ratio=0.880784 my_comp=5 my_front=12 leader_comp=8 comp_gain(sz/front/cut)=1/2/0
DBG t=49 used=0.019 remain=0.88 turn_time=0.0180918 end_in=0.0180918 cand_pre=31 cand_cap=20 cand=31->20 pre=31 pick(must/bucket/top/rand)=1/6/9/4 depth0=10 depth=5 dlog=4 dper=1 sims=2004 loop=1984 gen_time=0 eval_time=0.019 best_avg=-0.041471 best_move=6,5 leader=2 inc2=1 attack_w=0.422815 S0=54373 SA=57246 ratio=0.949814 my_comp=14 my_front=25 leader_comp=13 comp_gain(sz/front/cut)=0/0/0
DBG t=61 used=0.018 remain=0.658 turn_time=0.0172514 end_in=0.0172514 cand_pre=35 cand_cap=20 cand=35->20 pre=35 pick(must/bucket/top/rand)=1/7/8/4 depth0=10 depth=4 dlog=4 dper=2 sims=1800 loop=1780 gen_time=0 eval_time=0.018 best_avg=0.107156 best_move=4,3 leader=2 inc2=1 attack_w=0.2 S0=68031 SA=59957 ratio=1.13466 my_comp=16 my_front=29 leader_comp=17 comp_gain(sz/front/cut)=0/0/0
DBG t=74 used=0.017 remain=0.43 turn_time=0.0166956 end_in=0.0166956 cand_pre=37 cand_cap=20 cand=37->20 pre=37 pick(must/bucket/top/rand)=1/8/7/4 depth0=11 depth=4 dlog=5 dper=2 sims=1656 loop=1636 gen_time=0 eval_time=0.017 best_avg=-0.0128616 best_move=4,3 leader=2 inc2=1 attack_w=0.2 S0=73286 SA=68173 ratio=1.075 my_comp=18 my_front=30 leader_comp=19 comp_gain(sz/front/cut)=0/0/0
DBG t=86 used=0.017 remain=0.226 turn_time=0.0164011 end_in=0.0164011 cand_pre=36 cand_cap=20 cand=36->20 pre=36 pick(must/bucket/top/rand)=1/7/8/4 depth0=11 depth=4 dlog=5 dper=2 sims=1576 loop=1556 gen_time=0 eval_time=0.017 best_avg=-0.00740055 best_move=6,2 leader=4 inc2=1 attack_w=0.345734 S0=74151 SA=75431 ratio=0.983031 my_comp=17 my_front=30 leader_comp=14 comp_gain(sz/front/cut)=0/0/0
DBG depth_guard t=99 remain=0.014 cand_pre=35 depth0=0 depth=0
DBG t=99 used=0.009 remain=0.014 turn_time=0.0084 end_in=0.0084 cand_pre=35 cand_cap=14 cand=35->14 pre=35 pick(must/bucket/top/rand)=1/8/2/3 depth0=0 depth=0 dlog=4 dper=4 sims=9358 loop=9344 gen_time=0 eval_time=0.009 best_avg=-0.0749781 best_move=5,1 leader=4 inc2=1 attack_w=0.510396 S0=70930 SA=77545 ratio=0.914696 my_comp=16 my_front=29 leader_comp=14 comp_gain(sz/front/cut)=0/0/0
DBG summary depth_guard_fired=1
Score = 93914
=== CASE 0008.txt ===
DBG hdr N=10 M=4 T=100 U=2 VMAX=1885 TIME_LIMIT=1.94 MAX_CAND=20 UCB_C=0.21 OBJ=log(S0+1)-log(SA+1)
DBG t=0 used=0.024 remain=1.94 turn_time=0.0236195 end_in=0.0236195 cand_pre=5 cand_cap=20 cand=5->5 pre=5 pick(must/bucket/top/rand)=1/2/2/0 depth0=7 depth=5 dlog=2 dper=0 sims=6121 loop=6116 gen_time=0 eval_time=0.024 best_avg=-0.132153 best_move=8,6 leader=3 inc2=0 attack_w=0.13 S0=1288 SA=934 ratio=1.37861 my_comp=1 my_front=4 leader_comp=1 comp_gain(sz/front/cut)=1/2/0
DBG t=12 used=0.022 remain=1.667 turn_time=0.0212164 end_in=0.0212164 cand_pre=20 cand_cap=20 cand=20->20 pre=20 pick(must/bucket/top/rand)=1/4/11/4 depth0=7 depth=3 dlog=4 dper=0 sims=4224 loop=4204 gen_time=0 eval_time=0.022 best_avg=0.135552 best_move=4,9 leader=3 inc2=1 attack_w=0.2 S0=18487 SA=16770 ratio=1.10238 my_comp=9 my_front=18 leader_comp=10 comp_gain(sz/front/cut)=1/1/0
DBG t=24 used=0.02 remain=1.413 turn_time=0.0199772 end_in=0.0199772 cand_pre=27 cand_cap=20 cand=27->20 pre=27 pick(must/bucket/top/rand)=1/6/9/4 depth0=7 depth=2 dlog=4 dper=1 sims=3296 loop=3276 gen_time=0 eval_time=0.02 best_avg=0.443392 best_move=4,6 leader=2 inc2=1 attack_w=0.2 S0=33980 SA=22207 ratio=1.53012 my_comp=14 my_front=23 leader_comp=10 comp_gain(sz/front/cut)=0/0/0
DBG t=37 used=0.019 remain=1.156 turn_time=0.0185235 end_in=0.0185235 cand_pre=37 cand_cap=20 cand=37->20 pre=37 pick(must/bucket/top/rand)=1/8/7/4 depth0=10 depth=3 dlog=5 dper=2 sims=2168 loop=2148 gen_time=0 eval_time=0.019 best_avg=0.5584 best_move=4,5 leader=1 inc2=1 attack_w=0.2 S0=41442 SA=24594 ratio=1.68502 my_comp=18 my_front=30 leader_comp=12 comp_gain(sz/front/cut)=0/0/0
DBG t=49 used=0.018 remain=0.936 turn_time=0.0178115 end_in=0.0178115 cand_pre=43 cand_cap=20 cand=43->20 pre=43 pick(must/bucket/top/rand)=1/4/11/4 depth0=10 depth=3 dlog=5 dper=2 sims=1976 loop=1956 gen_time=0 eval_time=0.018 best_avg=0.627301 best_move=7,5 leader=1 inc2=0 attack_w=0.2 S0=49712 SA=25888 ratio=1.92024 my_comp=21 my_front=34 leader_comp=13 comp_gain(sz/front/cut)=0/0/0
DBG t=61 used=0.018 remain=0.72 turn_time=0.0170769 end_in=0.0170769 cand_pre=50 cand_cap=20 cand=50->20 pre=50 pick(must/bucket/top/rand)=1/8/7/4 depth0=10 depth=2 dlog=5 dper=3 sims=2376 loop=2356 gen_time=0 eval_time=0.018 best_avg=0.659284 best_move=4,6 leader=2 inc2=1 attack_w=0.2 S0=52602 SA=27602 ratio=1.9057 my_comp=25 my_front=40 leader_comp=12 comp_gain(sz/front/cut)=0/0/0
DBG t=74 used=0.018 remain=0.489 turn_time=0.0173971 end_in=0.0173971 cand_pre=50 cand_cap=20 cand=50->20 pre=50 pick(must/bucket/top/rand)=1/7/8/4 depth0=11 depth=3 dlog=5 dper=3 sims=1724 loop=1704 gen_time=0 eval_time=0.018 best_avg=0.58139 best_move=5,9 leader=1 inc2=1 attack_w=0.2 S0=57675 SA=30245 ratio=1.9069 my_comp=25 my_front=42 leader_comp=14 comp_gain(sz/front/cut)=0/0/0
DBG t=86 used=0.018 remain=0.273 turn_time=0.0176572 end_in=0.0176573 cand_pre=53 cand_cap=20 cand=53->20 pre=53 pick(must/bucket/top/rand)=1/7/8/4 depth0=11 depth=3 dlog=5 dper=3 sims=1612 loop=1592 gen_time=0 eval_time=0.018 best_avg=0.480179 best_move=2,6 leader=1 inc2=0 attack_w=0.2 S0=55996 SA=34901 ratio=1.60441 my_comp=26 my_front=43 leader_comp=16 comp_gain(sz/front/cut)=0/0/0
DBG t=99 used=0.017 remain=0.027 turn_time=0.0162 end_in=0.0162 cand_pre=60 cand_cap=20 cand=60->20 pre=60 pick(must/bucket/top/rand)=1/8/7/4 depth0=0 depth=0 dlog=5 dper=4 sims=27060 loop=27040 gen_time=0 eval_time=0.017 best_avg=0.689539 best_move=8,1 leader=1 inc2=1 attack_w=0.2 S0=65040 SA=32623 ratio=1.99365 my_comp=29 my_front=48 leader_comp=13 comp_gain(sz/front/cut)=1/0/1
DBG summary depth_guard_fired=0
Score = 159057
=== CASE 0011.txt ===
DBG hdr N=10 M=4 T=100 U=3 VMAX=1057 TIME_LIMIT=1.94 MAX_CAND=20 UCB_C=0.21 OBJ=log(S0+1)-log(SA+1)
DBG t=0 used=0.024 remain=1.94 turn_time=0.0237456 end_in=0.0237456 cand_pre=4 cand_cap=20 cand=4->4 pre=4 pick(must/bucket/top/rand)=1/2/1/0 depth0=7 depth=6 dlog=1 dper=0 sims=4704 loop=4700 gen_time=0 eval_time=0.024 best_avg=-0.0199235 best_move=1,0 leader=1 inc2=1 attack_w=0.16653 S0=1038 SA=1013 ratio=1.02465 my_comp=1 my_front=3 leader_comp=1 comp_gain(sz/front/cut)=0/0/0
DBG t=12 used=0.022 remain=1.659 turn_time=0.0219723 end_in=0.0219723 cand_pre=13 cand_cap=20 cand=13->13 pre=13 pick(must/bucket/top/rand)=1/2/10/0 depth0=7 depth=4 dlog=3 dper=0 sims=3689 loop=3676 gen_time=0 eval_time=0.022 best_avg=0.00582933 best_move=3,0 leader=2 inc2=1 attack_w=0.297959 S0=13365 SA=13301 ratio=1.00481 my_comp=6 my_front=10 leader_comp=11 comp_gain(sz/front/cut)=0/0/0
DBG t=24 used=0.02 remain=1.4 turn_time=0.0199132 end_in=0.0199132 cand_pre=26 cand_cap=20 cand=26->20 pre=26 pick(must/bucket/top/rand)=1/6/9/4 depth0=7 depth=3 dlog=4 dper=0 sims=3028 loop=3008 gen_time=0 eval_time=0.02 best_avg=0.199828 best_move=6,3 leader=1 inc2=1 attack_w=0.2 S0=25483 SA=22399 ratio=1.13768 my_comp=14 my_front=19 leader_comp=18 comp_gain(sz/front/cut)=1/2/9
DBG t=37 used=0.019 remain=1.149 turn_time=0.0180557 end_in=0.0180557 cand_pre=40 cand_cap=20 cand=40->20 pre=40 pick(must/bucket/top/rand)=1/8/7/4 depth0=10 depth=3 dlog=5 dper=2 sims=2148 loop=2128 gen_time=0 eval_time=0.019 best_avg=0.386596 best_move=7,5 leader=1 inc2=1 attack_w=0.2 S0=36532 SA=24617 ratio=1.484 my_comp=21 my_front=32 leader_comp=6 comp_gain(sz/front/cut)=1/0/0
DBG t=49 used=0.018 remain=0.932 turn_time=0.0170227 end_in=0.0170227 cand_pre=49 cand_cap=20 cand=49->20 pre=49 pick(must/bucket/top/rand)=1/7/8/4 depth0=10 depth=2 dlog=5 dper=3 sims=2004 loop=1984 gen_time=0 eval_time=0.018 best_avg=0.385564 best_move=8,4 leader=3 inc2=1 attack_w=0.2 S0=43654 SA=29512 ratio=1.47918 my_comp=27 my_front=37 leader_comp=11 comp_gain(sz/front/cut)=0/0/0
DBG t=61 used=0.017 remain=0.721 turn_time=0.0167401 end_in=0.0167401 cand_pre=53 cand_cap=20 cand=53->20 pre=53 pick(must/bucket/top/rand)=1/8/7/4 depth0=10 depth=2 dlog=5 dper=3 sims=1596 loop=1576 gen_time=0 eval_time=0.017 best_avg=0.400312 best_move=7,1 leader=1 inc2=1 attack_w=0.2 S0=47765 SA=33717 ratio=1.41663 my_comp=29 my_front=41 leader_comp=11 comp_gain(sz/front/cut)=1/2/0
DBG t=74 used=0.018 remain=0.499 turn_time=0.0172539 end_in=0.0172539 cand_pre=54 cand_cap=20 cand=54->20 pre=54 pick(must/bucket/top/rand)=1/8/7/4 depth0=11 depth=3 dlog=5 dper=3 sims=1552 loop=1532 gen_time=0 eval_time=0.018 best_avg=0.394209 best_move=6,6 leader=1 inc2=1 attack_w=0.2 S0=54819 SA=39019 ratio=1.40492 my_comp=28 my_front=40 leader_comp=15 comp_gain(sz/front/cut)=1/0/1
DBG t=86 used=0.018 remain=0.283 turn_time=0.0176471 end_in=0.0176471 cand_pre=58 cand_cap=20 cand=58->20 pre=58 pick(must/bucket/top/rand)=1/8/7/4 depth0=11 depth=3 dlog=5 dper=3 sims=1388 loop=1368 gen_time=0 eval_time=0.018 best_avg=0.384514 best_move=7,7 leader=1 inc2=1 attack_w=0.2 S0=62749 SA=43032 ratio=1.45818 my_comp=32 my_front=45 leader_comp=16 comp_gain(sz/front/cut)=0/0/0
DBG t=99 used=0.018 remain=0.029 turn_time=0.0174 end_in=0.0174 cand_pre=59 cand_cap=20 cand=59->20 pre=59 pick(must/bucket/top/rand)=1/6/9/4 depth0=0 depth=0 dlog=5 dper=4 sims=23952 loop=23932 gen_time=0 eval_time=0.018 best_avg=0.357522 best_move=3,2 leader=1 inc2=1 attack_w=0.2 S0=72946 SA=50996 ratio=1.43042 my_comp=35 my_front=48 leader_comp=18 comp_gain(sz/front/cut)=0/0/0
DBG summary depth_guard_fired=0
Score = 127683
=== CASE 0010.txt ===
DBG hdr N=10 M=3 T=100 U=3 VMAX=1484 TIME_LIMIT=1.94 MAX_CAND=20 UCB_C=0.21 OBJ=log(S0+1)-log(SA+1)
DBG t=0 used=0.024 remain=1.94 turn_time=0.0236195 end_in=0.0236195 cand_pre=5 cand_cap=20 cand=5->5 pre=5 pick(must/bucket/top/rand)=1/2/2/0 depth0=7 depth=5 dlog=2 dper=0 sims=6821 loop=6816 gen_time=0 eval_time=0.024 best_avg=-0.148531 best_move=3,6 leader=1 inc2=1 attack_w=0.85 S0=766 SA=1484 ratio=0.516498 my_comp=1 my_front=4 leader_comp=1 comp_gain(sz/front/cut)=1/2/0
DBG t=12 used=0.021 remain=1.668 turn_time=0.0208595 end_in=0.0208595 cand_pre=23 cand_cap=20 cand=23->20 pre=23 pick(must/bucket/top/rand)=1/7/8/4 depth0=7 depth=3 dlog=4 dper=0 sims=4340 loop=4320 gen_time=0 eval_time=0.021 best_avg=0.0528504 best_move=3,8 leader=1 inc2=1 attack_w=0.264924 S0=14324 SA=14037 ratio=1.02044 my_comp=9 my_front=20 leader_comp=11 comp_gain(sz/front/cut)=1/2/1
DBG t=24 used=0.02 remain=1.416 turn_time=0.0197774 end_in=0.0197774 cand_pre=29 cand_cap=20 cand=29->20 pre=29 pick(must/bucket/top/rand)=1/8/7/4 depth0=7 depth=2 dlog=4 dper=1 sims=4240 loop=4220 gen_time=0 eval_time=0.02 best_avg=0.0109381 best_move=3,3 leader=1 inc2=1 attack_w=0.2 S0=21639 SA=20070 ratio=1.07817 my_comp=13 my_front=24 leader_comp=14 comp_gain(sz/front/cut)=0/0/0
DBG t=37 used=0.019 remain=1.16 turn_time=0.0181089 end_in=0.0181089 cand_pre=41 cand_cap=20 cand=41->20 pre=41 pick(must/bucket/top/rand)=1/8/7/4 depth0=10 depth=3 dlog=5 dper=2 sims=2584 loop=2564 gen_time=0 eval_time=0.019 best_avg=0.112867 best_move=5,3 leader=1 inc2=1 attack_w=0.2 S0=30668 SA=27383 ratio=1.11996 my_comp=20 my_front=35 leader_comp=4 comp_gain(sz/front/cut)=0/0/0
DBG t=49 used=0.018 remain=0.943 turn_time=0.0171034 end_in=0.0171034 cand_pre=50 cand_cap=20 cand=50->20 pre=50 pick(must/bucket/top/rand)=1/8/7/4 depth0=10 depth=2 dlog=5 dper=3 sims=2224 loop=2204 gen_time=0 eval_time=0.018 best_avg=0.148903 best_move=9,8 leader=2 inc2=1 attack_w=0.2 S0=38146 SA=31527 ratio=1.20994 my_comp=26 my_front=45 leader_comp=6 comp_gain(sz/front/cut)=1/1/0
DBG t=61 used=0.017 remain=0.733 turn_time=0.0162858 end_in=0.0162858 cand_pre=59 cand_cap=20 cand=59->20 pre=59 pick(must/bucket/top/rand)=1/8/7/4 depth0=10 depth=1 dlog=5 dper=4 sims=1904 loop=1884 gen_time=0 eval_time=0.017 best_avg=0.183615 best_move=2,5 leader=1 inc2=1 attack_w=0.2 S0=42750 SA=35246 ratio=1.2129 my_comp=33 my_front=50 leader_comp=20 comp_gain(sz/front/cut)=1/0/1
DBG t=74 used=0.017 remain=0.505 turn_time=0.0161988 end_in=0.0161988 cand_pre=64 cand_cap=14 cand=64->14 pre=42 pick(must/bucket/top/rand)=1/8/2/3 depth0=11 depth=2 dlog=5 dper=4 sims=1574 loop=1560 gen_time=0 eval_time=0.017 best_avg=0.0843634 best_move=1,2 leader=1 inc2=1 attack_w=0.2 S0=45726 SA=41333 ratio=1.10628 my_comp=37 my_front=53 leader_comp=15 comp_gain(sz/front/cut)=1/0/1
DBG t=86 used=0.019 remain=0.296 turn_time=0.0185951 end_in=0.0185951 cand_pre=57 cand_cap=20 cand=57->20 pre=57 pick(must/bucket/top/rand)=1/8/7/4 depth0=11 depth=3 dlog=5 dper=3 sims=1588 loop=1568 gen_time=0 eval_time=0.019 best_avg=0.0652323 best_move=3,4 leader=2 inc2=1 attack_w=0.2 S0=50343 SA=46239 ratio=1.08875 my_comp=33 my_front=48 leader_comp=15 comp_gain(sz/front/cut)=1/-2/0
DBG t=99 used=0.016 remain=0.025 turn_time=0.015 end_in=0.015 cand_pre=48 cand_cap=20 cand=48->20 pre=48 pick(must/bucket/top/rand)=1/8/7/4 depth0=0 depth=0 dlog=5 dper=3 sims=23324 loop=23304 gen_time=0 eval_time=0.016 best_avg=0.0479244 best_move=4,3 leader=1 inc2=1 attack_w=0.235583 S0=51373 SA=49648 ratio=1.03474 my_comp=30 my_front=38 leader_comp=24 comp_gain(sz/front/cut)=0/0/0
DBG summary depth_guard_fired=0
Score = 104248
=== CASE 0006.txt ===
DBG hdr N=10 M=2 T=100 U=1 VMAX=1434 TIME_LIMIT=1.94 MAX_CAND=20 UCB_C=0.21 OBJ=log(S0+1)-log(SA+1)
DBG t=0 used=0.024 remain=1.94 turn_time=0.0237456 end_in=0.0237456 cand_pre=4 cand_cap=20 cand=4->4 pre=4 pick(must/bucket/top/rand)=1/2/1/0 depth0=7 depth=6 dlog=1 dper=0 sims=7136 loop=7132 gen_time=0 eval_time=0.024 best_avg=-0.0374415 best_move=3,0 leader=1 inc2=1 attack_w=0.85 S0=594 SA=994 ratio=0.59799 my_comp=1 my_front=3 leader_comp=1 comp_gain(sz/front/cut)=1/1/0
DBG t=12 used=0.02 remain=1.67 turn_time=0.0198977 end_in=0.0198977 cand_pre=31 cand_cap=20 cand=31->20 pre=31 pick(must/bucket/top/rand)=1/3/12/4 depth0=7 depth=2 dlog=4 dper=1 sims=3948 loop=3928 gen_time=0 eval_time=0.02 best_avg=0.602964 best_move=5,6 leader=1 inc2=1 attack_w=0.2 S0=14837 SA=10463 ratio=1.418 my_comp=13 my_front=24 leader_comp=9 comp_gain(sz/front/cut)=1/2/1
DBG t=24 used=0.021 remain=1.409 turn_time=0.0206437 end_in=0.0206437 cand_pre=21 cand_cap=20 cand=21->20 pre=21 pick(must/bucket/top/rand)=1/5/10/4 depth0=7 depth=3 dlog=4 dper=0 sims=5016 loop=4996 gen_time=0 eval_time=0.021 best_avg=0.775367 best_move=1,9 leader=1 inc2=1 attack_w=0.2 S0=22427 SA=11569 ratio=1.93846 my_comp=7 my_front=16 leader_comp=3 comp_gain(sz/front/cut)=1/1/0
DBG t=37 used=0.015 remain=1.178 turn_time=0.0149868 end_in=0.0149868 cand_pre=69 cand_cap=14 cand=69->14 pre=42 pick(must/bucket/top/rand)=1/6/4/3 depth0=10 depth=0 dlog=5 dper=5 sims=53594 loop=53580 gen_time=0 eval_time=0.015 best_avg=1.49955 best_move=8,5 leader=1 inc2=1 attack_w=0.2 S0=37232 SA=8479 ratio=4.39068 my_comp=32 my_front=52 leader_comp=6 comp_gain(sz/front/cut)=1/2/4
DBG t=49 used=0.022 remain=0.927 turn_time=0.0218936 end_in=0.0218936 cand_pre=7 cand_cap=20 cand=7->7 pre=7 pick(must/bucket/top/rand)=1/3/3/0 depth0=10 depth=8 dlog=2 dper=0 sims=2051 loop=2044 gen_time=0 eval_time=0.022 best_avg=1.07674 best_move=6,2 leader=1 inc2=1 attack_w=0.2 S0=43105 SA=10820 ratio=3.98355 my_comp=2 my_front=5 leader_comp=6 comp_gain(sz/front/cut)=6/11/1
DBG t=61 used=0.014 remain=0.724 turn_time=0.0135518 end_in=0.0135518 cand_pre=80 cand_cap=14 cand=80->14 pre=42 pick(must/bucket/top/rand)=1/5/5/3 depth0=10 depth=0 dlog=6 dper=5 sims=57534 loop=57520 gen_time=0 eval_time=0.014 best_avg=1.71176 best_move=7,9 leader=1 inc2=1 attack_w=0.2 S0=49178 SA=9106 ratio=5.40013 my_comp=39 my_front=60 leader_comp=2 comp_gain(sz/front/cut)=5/4/1
DBG t=74 used=0.022 remain=0.479 turn_time=0.0211128 end_in=0.0211128 cand_pre=16 cand_cap=20 cand=16->16 pre=16 pick(must/bucket/top/rand)=1/5/10/0 depth0=11 depth=8 dlog=3 dper=0 sims=1712 loop=1696 gen_time=0 eval_time=0.022 best_avg=1.38661 best_move=5,8 leader=1 inc2=1 attack_w=0.2 S0=51264 SA=7599 ratio=6.74539 my_comp=10 my_front=9 leader_comp=2 comp_gain(sz/front/cut)=8/15/1
DBG t=86 used=0.019 remain=0.244 turn_time=0.0188403 end_in=0.0188403 cand_pre=26 cand_cap=20 cand=26->20 pre=26 pick(must/bucket/top/rand)=1/4/11/4 depth0=11 depth=6 dlog=4 dper=1 sims=1752 loop=1732 gen_time=0 eval_time=0.019 best_avg=1.60139 best_move=2,8 leader=1 inc2=1 attack_w=0.2 S0=52444 SA=7261 ratio=7.22184 my_comp=15 my_front=17 leader_comp=2 comp_gain(sz/front/cut)=5/6/1
DBG t=99 used=0.013 remain=0.02 turn_time=0.012 end_in=0.012 cand_pre=88 cand_cap=12 cand=88->12 pre=36 pick(must/bucket/top/rand)=1/6/3/2 depth0=0 depth=0 dlog=6 dper=5 sims=50904 loop=50892 gen_time=0 eval_time=0.013 best_avg=2.27621 best_move=4,4 leader=1 inc2=1 attack_w=0.2 S0=57079 SA=6066 ratio=9.40827 my_comp=51 my_front=62 leader_comp=2 comp_gain(sz/front/cut)=1/0/1
DBG summary depth_guard_fired=0
Score = 340746
=== CASE 0007.txt ===
DBG hdr N=10 M=7 T=100 U=2 VMAX=1467 TIME_LIMIT=1.94 MAX_CAND=20 UCB_C=0.21 OBJ=log(S0+1)-log(SA+1)
DBG t=0 used=0.024 remain=1.94 turn_time=0.0236195 end_in=0.0236195 cand_pre=5 cand_cap=20 cand=5->5 pre=5 pick(must/bucket/top/rand)=1/2/2/0 depth0=7 depth=5 dlog=2 dper=0 sims=4001 loop=3996 gen_time=0 eval_time=0.024 best_avg=-0.363774 best_move=3,4 leader=5 inc2=1 attack_w=0.802551 S0=1152 SA=1415 ratio=0.814266 my_comp=1 my_front=4 leader_comp=1 comp_gain(sz/front/cut)=1/2/0
DBG t=12 used=0.023 remain=1.657 turn_time=0.0225578 end_in=0.0225578 cand_pre=8 cand_cap=20 cand=8->8 pre=8 pick(must/bucket/top/rand)=1/2/5/0 depth0=7 depth=5 dlog=2 dper=0 sims=2820 loop=2812 gen_time=0 eval_time=0.023 best_avg=-0.824113 best_move=0,6 leader=6 inc2=1 attack_w=0.85 S0=5226 SA=15454 ratio=0.338208 my_comp=3 my_front=8 leader_comp=7 comp_gain(sz/front/cut)=2/2/0
DBG t=24 used=0.021 remain=1.393 turn_time=0.0207667 end_in=0.0207667 cand_pre=18 cand_cap=20 cand=18->18 pre=18 pick(must/bucket/top/rand)=1/4/11/2 depth0=7 depth=3 dlog=4 dper=0 sims=3026 loop=3008 gen_time=0 eval_time=0.021 best_avg=-0.514501 best_move=2,5 leader=6 inc2=1 attack_w=0.85 S0=15933 SA=28625 ratio=0.556627 my_comp=10 my_front=13 leader_comp=15 comp_gain(sz/front/cut)=0/0/0
DBG t=37 used=0.021 remain=1.12 turn_time=0.0200267 end_in=0.0200267 cand_pre=19 cand_cap=20 cand=19->19 pre=19 pick(must/bucket/top/rand)=1/3/12/3 depth0=10 depth=6 dlog=4 dper=0 sims=1951 loop=1932 gen_time=0 eval_time=0.021 best_avg=-0.280754 best_move=0,9 leader=6 inc2=1 attack_w=0.85 S0=24611 SA=33103 ratio=0.743475 my_comp=12 my_front=9 leader_comp=1 comp_gain(sz/front/cut)=0/0/0
DBG t=49 used=0.021 remain=0.88 turn_time=0.0205592 end_in=0.0205592 cand_pre=9 cand_cap=20 cand=9->9 pre=9 pick(must/bucket/top/rand)=1/5/3/0 depth0=10 depth=7 dlog=3 dper=0 sims=1693 loop=1684 gen_time=0 eval_time=0.021 best_avg=-0.150842 best_move=4,6 leader=4 inc2=1 attack_w=0.594922 S0=27760 SA=31432 ratio=0.88318 my_comp=3 my_front=8 leader_comp=18 comp_gain(sz/front/cut)=1/2/1
DBG t=61 used=0.019 remain=0.639 turn_time=0.0184573 end_in=0.0184573 cand_pre=19 cand_cap=20 cand=19->19 pre=19 pick(must/bucket/top/rand)=1/7/8/3 depth0=10 depth=6 dlog=4 dper=0 sims=1611 loop=1592 gen_time=0 eval_time=0.019 best_avg=-0.167814 best_move=5,5 leader=6 inc2=1 attack_w=0.540609 S0=29802 SA=32997 ratio=0.903176 my_comp=8 my_front=14 leader_comp=15 comp_gain(sz/front/cut)=0/0/0
DBG t=74 used=0.017 remain=0.405 turn_time=0.0166362 end_in=0.0166362 cand_pre=28 cand_cap=20 cand=28->20 pre=28 pick(must/bucket/top/rand)=1/6/9/4 depth0=11 depth=6 dlog=4 dper=1 sims=1500 loop=1480 gen_time=0 eval_time=0.017 best_avg=-0.019839 best_move=5,8 leader=4 inc2=1 attack_w=0.2 S0=27333 SA=25246 ratio=1.08266 my_comp=13 my_front=22 leader_comp=1 comp_gain(sz/front/cut)=1/2/0
DBG t=86 used=0.016 remain=0.209 turn_time=0.0153615 end_in=0.0153615 cand_pre=34 cand_cap=20 cand=34->20 pre=34 pick(must/bucket/top/rand)=1/6/9/4 depth0=11 depth=5 dlog=4 dper=2 sims=1608 loop=1588 gen_time=0 eval_time=0.016 best_avg=0.272309 best_move=5,9 leader=4 inc2=1 attack_w=0.2 S0=31354 SA=22391 ratio=1.40028 my_comp=18 my_front=27 leader_comp=1 comp_gain(sz/front/cut)=0/0/0
DBG depth_guard t=99 remain=0.012 cand_pre=33 depth0=0 depth=0
DBG t=99 used=0.008 remain=0.012 turn_time=0.0072 end_in=0.0072 cand_pre=33 cand_cap=12 cand=33->12 pre=33 pick(must/bucket/top/rand)=1/5/4/2 depth0=0 depth=0 dlog=4 dper=5 sims=10288 loop=10276 gen_time=0 eval_time=0.008 best_avg=0.516109 best_move=3,7 leader=4 inc2=1 attack_w=0.2 S0=35131 SA=21185 ratio=1.65826 my_comp=21 my_front=23 leader_comp=1 comp_gain(sz/front/cut)=0/0/0
DBG summary depth_guard_fired=1
Score = 144593
=== CASE 0009.txt ===
DBG hdr N=10 M=8 T=100 U=5 VMAX=1485 TIME_LIMIT=1.94 MAX_CAND=20 UCB_C=0.21 OBJ=log(S0+1)-log(SA+1)
DBG t=0 used=0.024 remain=1.94 turn_time=0.0237456 end_in=0.0237456 cand_pre=4 cand_cap=20 cand=4->4 pre=4 pick(must/bucket/top/rand)=1/2/1/0 depth0=7 depth=6 dlog=1 dper=0 sims=3128 loop=3124 gen_time=0 eval_time=0.024 best_avg=-0.083765 best_move=9,5 leader=7 inc2=1 attack_w=0.752108 S0=1078 SA=1299 ratio=0.83 my_comp=1 my_front=3 leader_comp=1 comp_gain(sz/front/cut)=1/1/0
DBG t=12 used=0.022 remain=1.661 turn_time=0.0212627 end_in=0.0212627 cand_pre=19 cand_cap=20 cand=19->19 pre=19 pick(must/bucket/top/rand)=1/5/10/3 depth0=7 depth=3 dlog=4 dper=0 sims=3223 loop=3204 gen_time=0 eval_time=0.022 best_avg=0.201997 best_move=6,1 leader=1 inc2=1 attack_w=0.2 S0=16317 SA=13332 ratio=1.22388 my_comp=8 my_front=15 leader_comp=11 comp_gain(sz/front/cut)=0/0/0
DBG t=24 used=0.021 remain=1.405 turn_time=0.0207053 end_in=0.0207053 cand_pre=20 cand_cap=20 cand=20->20 pre=20 pick(must/bucket/top/rand)=1/7/8/4 depth0=7 depth=3 dlog=4 dper=0 sims=2628 loop=2608 gen_time=0 eval_time=0.021 best_avg=0.448649 best_move=7,0 leader=1 inc2=1 attack_w=0.2 S0=30392 SA=19623 ratio=1.54877 my_comp=9 my_front=16 leader_comp=16 comp_gain(sz/front/cut)=0/0/0
DBG t=37 used=0.02 remain=1.134 turn_time=0.019809 end_in=0.019809 cand_pre=23 cand_cap=20 cand=23->20 pre=23 pick(must/bucket/top/rand)=1/6/9/4 depth0=10 depth=6 dlog=4 dper=0 sims=1720 loop=1700 gen_time=0 eval_time=0.02 best_avg=0.58385 best_move=6,1 leader=2 inc2=1 attack_w=0.2 S0=42012 SA=21416 ratio=1.96167 my_comp=11 my_front=17 leader_comp=3 comp_gain(sz/front/cut)=0/0/0
DBG t=49 used=0.02 remain=0.894 turn_time=0.0190632 end_in=0.0190632 cand_pre=25 cand_cap=20 cand=25->20 pre=25 pick(must/bucket/top/rand)=1/7/8/4 depth0=10 depth=6 dlog=4 dper=0 sims=1452 loop=1432 gen_time=0 eval_time=0.02 best_avg=0.314559 best_move=9,5 leader=3 inc2=1 attack_w=0.2 S0=48364 SA=33434 ratio=1.44654 my_comp=13 my_front=19 leader_comp=14 comp_gain(sz/front/cut)=0/0/0
DBG t=61 used=0.019 remain=0.664 turn_time=0.0185154 end_in=0.0185154 cand_pre=25 cand_cap=20 cand=25->20 pre=25 pick(must/bucket/top/rand)=1/7/8/4 depth0=10 depth=5 dlog=4 dper=1 sims=1768 loop=1748 gen_time=0 eval_time=0.019 best_avg=0.526582 best_move=9,5 leader=3 inc2=1 attack_w=0.2 S0=56067 SA=31161 ratio=1.79924 my_comp=13 my_front=19 leader_comp=1 comp_gain(sz/front/cut)=0/0/0
DBG t=74 used=0.018 remain=0.426 turn_time=0.0173923 end_in=0.0173923 cand_pre=29 cand_cap=20 cand=29->20 pre=29 pick(must/bucket/top/rand)=1/5/10/4 depth0=11 depth=6 dlog=4 dper=1 sims=1348 loop=1328 gen_time=0 eval_time=0.018 best_avg=0.575503 best_move=8,5 leader=3 inc2=1 attack_w=0.2 S0=61744 SA=36088 ratio=1.71091 my_comp=17 my_front=16 leader_comp=12 comp_gain(sz/front/cut)=1/2/0
DBG t=86 used=0.017 remain=0.219 turn_time=0.0162999 end_in=0.0162999 cand_pre=32 cand_cap=20 cand=32->20 pre=32 pick(must/bucket/top/rand)=1/7/8/4 depth0=11 depth=5 dlog=4 dper=2 sims=1456 loop=1436 gen_time=0 eval_time=0.017 best_avg=0.758876 best_move=6,3 leader=2 inc2=1 attack_w=0.2 S0=73748 SA=34385 ratio=2.14474 my_comp=20 my_front=20 leader_comp=6 comp_gain(sz/front/cut)=1/0/0
DBG depth_guard t=99 remain=0.012 cand_pre=31 depth0=0 depth=0
DBG t=99 used=0.008 remain=0.012 turn_time=0.0072 end_in=0.0072 cand_pre=31 cand_cap=12 cand=31->12 pre=31 pick(must/bucket/top/rand)=1/5/4/2 depth0=0 depth=0 dlog=4 dper=4 sims=8144 loop=8132 gen_time=0 eval_time=0.008 best_avg=0.739492 best_move=9,4 leader=3 inc2=1 attack_w=0.2 S0=87564 SA=42191 ratio=2.07539 my_comp=20 my_front=18 leader_comp=7 comp_gain(sz/front/cut)=0/0/0
DBG summary depth_guard_fired=1
Score = 163351
=== CASE 0012.txt ===
DBG hdr N=10 M=3 T=100 U=2 VMAX=1321 TIME_LIMIT=1.94 MAX_CAND=20 UCB_C=0.21 OBJ=log(S0+1)-log(SA+1)
DBG t=0 used=0.024 remain=1.94 turn_time=0.0238717 end_in=0.0238717 cand_pre=3 cand_cap=20 cand=3->3 pre=3 pick(must/bucket/top/rand)=1/2/0/0 depth0=7 depth=6 dlog=1 dper=0 sims=5875 loop=5872 gen_time=0 eval_time=0.024 best_avg=-0.0206279 best_move=8,9 leader=1 inc2=1 attack_w=0.190428 S0=986 SA=979 ratio=1.00714 my_comp=1 my_front=2 leader_comp=1 comp_gain(sz/front/cut)=1/1/0
DBG t=12 used=0.022 remain=1.663 turn_time=0.0216568 end_in=0.0216568 cand_pre=16 cand_cap=20 cand=16->16 pre=16 pick(must/bucket/top/rand)=1/3/12/0 depth0=7 depth=4 dlog=3 dper=0 sims=4456 loop=4440 gen_time=0 eval_time=0.022 best_avg=-0.116136 best_move=3,9 leader=2 inc2=1 attack_w=0.359026 S0=12864 SA=13165 ratio=0.977138 my_comp=9 my_front=12 leader_comp=10 comp_gain(sz/front/cut)=1/1/0
DBG t=24 used=0.02 remain=1.41 turn_time=0.0198142 end_in=0.0198142 cand_pre=28 cand_cap=20 cand=28->20 pre=28 pick(must/bucket/top/rand)=1/8/7/4 depth0=7 depth=2 dlog=4 dper=1 sims=2920 loop=2900 gen_time=0 eval_time=0.02 best_avg=0.206274 best_move=5,7 leader=1 inc2=1 attack_w=0.2 S0=25660 SA=21896 ratio=1.1719 my_comp=16 my_front=21 leader_comp=17 comp_gain(sz/front/cut)=1/0/0
DBG t=37 used=0.018 remain=1.16 turn_time=0.0176302 end_in=0.0176302 cand_pre=45 cand_cap=20 cand=45->20 pre=45 pick(must/bucket/top/rand)=1/8/7/4 depth0=10 depth=2 dlog=5 dper=3 sims=1940 loop=1920 gen_time=0 eval_time=0.018 best_avg=0.404307 best_move=5,5 leader=2 inc2=1 attack_w=0.2 S0=37047 SA=25079 ratio=1.47719 my_comp=26 my_front=28 leader_comp=21 comp_gain(sz/front/cut)=1/2/0
DBG t=49 used=0.017 remain=0.951 turn_time=0.0160365 end_in=0.0160365 cand_pre=60 cand_cap=20 cand=60->20 pre=60 pick(must/bucket/top/rand)=1/8/7/4 depth0=10 depth=1 dlog=5 dper=4 sims=1456 loop=1436 gen_time=0 eval_time=0.017 best_avg=0.59643 best_move=2,5 leader=2 inc2=1 attack_w=0.2 S0=48496 SA=27686 ratio=1.75162 my_comp=36 my_front=40 leader_comp=21 comp_gain(sz/front/cut)=1/2/1
DBG t=61 used=0.016 remain=0.752 turn_time=0.0155799 end_in=0.0155799 cand_pre=68 cand_cap=14 cand=68->14 pre=42 pick(must/bucket/top/rand)=1/8/2/3 depth0=10 depth=1 dlog=5 dper=4 sims=1178 loop=1164 gen_time=0 eval_time=0.016 best_avg=0.511015 best_move=0,7 leader=2 inc2=1 attack_w=0.2 S0=53798 SA=30758 ratio=1.74905 my_comp=39 my_front=53 leader_comp=13 comp_gain(sz/front/cut)=0/0/0
DBG t=74 used=0.016 remain=0.531 turn_time=0.0157053 end_in=0.0157053 cand_pre=74 cand_cap=14 cand=74->14 pre=42 pick(must/bucket/top/rand)=1/8/2/3 depth0=11 depth=0 dlog=6 dper=5 sims=24042 loop=24028 gen_time=0 eval_time=0.016 best_avg=0.462221 best_move=3,1 leader=1 inc2=1 attack_w=0.2 S0=52599 SA=33518 ratio=1.56926 my_comp=42 my_front=58 leader_comp=21 comp_gain(sz/front/cut)=0/0/0
DBG t=86 used=0.018 remain=0.316 turn_time=0.0173574 end_in=0.0173574 cand_pre=74 cand_cap=14 cand=74->14 pre=42 pick(must/bucket/top/rand)=1/8/2/3 depth0=11 depth=1 dlog=6 dper=4 sims=1486 loop=1472 gen_time=0 eval_time=0.018 best_avg=0.353511 best_move=2,9 leader=1 inc2=1 attack_w=0.2 S0=54344 SA=37358 ratio=1.45467 my_comp=43 my_front=57 leader_comp=21 comp_gain(sz/front/cut)=0/0/0
DBG t=99 used=0.023 remain=0.037 turn_time=0.0222 end_in=0.0222 cand_pre=43 cand_cap=20 cand=43->20 pre=43 pick(must/bucket/top/rand)=1/7/8/4 depth0=0 depth=0 dlog=5 dper=2 sims=31640 loop=31620 gen_time=0 eval_time=0.023 best_avg=0.203582 best_move=1,9 leader=1 inc2=1 attack_w=0.2 S0=52084 SA=42136 ratio=1.23609 my_comp=26 my_front=30 leader_comp=23 comp_gain(sz/front/cut)=0/0/0
DBG summary depth_guard_fired=0
Score = 114746
=== CASE 0013.txt ===
DBG hdr N=10 M=2 T=100 U=1 VMAX=2489 TIME_LIMIT=1.94 MAX_CAND=20 UCB_C=0.21 OBJ=log(S0+1)-log(SA+1)
DBG t=0 used=0.024 remain=1.94 turn_time=0.0238717 end_in=0.0238717 cand_pre=3 cand_cap=20 cand=3->3 pre=3 pick(must/bucket/top/rand)=1/2/0/0 depth0=7 depth=6 dlog=1 dper=0 sims=7227 loop=7224 gen_time=0 eval_time=0.024 best_avg=-0.642271 best_move=9,1 leader=1 inc2=1 attack_w=0.85 S0=714 SA=1315 ratio=0.543313 my_comp=1 my_front=2 leader_comp=1 comp_gain(sz/front/cut)=1/1/0
DBG t=12 used=0.021 remain=1.668 turn_time=0.0206131 end_in=0.0206131 cand_pre=25 cand_cap=20 cand=25->20 pre=25 pick(must/bucket/top/rand)=1/5/10/4 depth0=7 depth=3 dlog=4 dper=0 sims=4652 loop=4632 gen_time=0 eval_time=0.021 best_avg=0.440863 best_move=6,8 leader=1 inc2=1 attack_w=0.2 S0=14644 SA=10947 ratio=1.33769 my_comp=12 my_front=17 leader_comp=2 comp_gain(sz/front/cut)=1/2/0
DBG t=24 used=0.02 remain=1.42 turn_time=0.0193475 end_in=0.0193475 cand_pre=33 cand_cap=20 cand=33->20 pre=33 pick(must/bucket/top/rand)=1/4/11/4 depth0=7 depth=2 dlog=4 dper=1 sims=3904 loop=3884 gen_time=0 eval_time=0.02 best_avg=0.966652 best_move=6,6 leader=1 inc2=1 attack_w=0.2 S0=24211 SA=8724 ratio=2.77501 my_comp=18 my_front=23 leader_comp=1 comp_gain(sz/front/cut)=1/0/0
DBG t=37 used=0.019 remain=1.166 turn_time=0.0186838 end_in=0.0186838 cand_pre=37 cand_cap=20 cand=37->20 pre=37 pick(must/bucket/top/rand)=1/4/11/4 depth0=10 depth=3 dlog=5 dper=2 sims=2648 loop=2628 gen_time=0 eval_time=0.019 best_avg=1.31411 best_move=5,7 leader=1 inc2=1 attack_w=0.2 S0=32001 SA=9032 ratio=3.54279 my_comp=23 my_front=23 leader_comp=1 comp_gain(sz/front/cut)=2/0/0
DBG t=49 used=0.017 remain=0.95 turn_time=0.016625 end_in=0.016625 cand_pre=55 cand_cap=20 cand=55->20 pre=55 pick(must/bucket/top/rand)=1/6/9/4 depth0=10 depth=2 dlog=5 dper=3 sims=1560 loop=1540 gen_time=0 eval_time=0.017 best_avg=1.63511 best_move=6,5 leader=1 inc2=1 attack_w=0.2 S0=43861 SA=8000 ratio=5.48206 my_comp=34 my_front=37 leader_comp=5 comp_gain(sz/front/cut)=1/-2/0
DBG t=61 used=0.018 remain=0.738 turn_time=0.0178728 end_in=0.0178728 cand_pre=47 cand_cap=20 cand=47->20 pre=47 pick(must/bucket/top/rand)=1/4/11/4 depth0=10 depth=2 dlog=5 dper=3 sims=1856 loop=1836 gen_time=0 eval_time=0.018 best_avg=1.27576 best_move=5,7 leader=1 inc2=1 attack_w=0.2 S0=44141 SA=10793 ratio=4.08949 my_comp=31 my_front=26 leader_comp=5 comp_gain(sz/front/cut)=5/8/1
DBG t=74 used=0.017 remain=0.507 turn_time=0.0166432 end_in=0.0166432 cand_pre=61 cand_cap=14 cand=61->14 pre=42 pick(must/bucket/top/rand)=1/4/6/3 depth0=11 depth=2 dlog=5 dper=4 sims=1298 loop=1284 gen_time=0 eval_time=0.017 best_avg=1.58921 best_move=6,7 leader=1 inc2=1 attack_w=0.2 S0=47911 SA=9858 ratio=4.85972 my_comp=40 my_front=41 leader_comp=2 comp_gain(sz/front/cut)=1/-2/1
DBG t=86 used=0.018 remain=0.295 turn_time=0.0179845 end_in=0.0179845 cand_pre=61 cand_cap=14 cand=61->14 pre=42 pick(must/bucket/top/rand)=1/4/6/3 depth0=11 depth=2 dlog=5 dper=4 sims=1278 loop=1264 gen_time=0 eval_time=0.018 best_avg=1.54575 best_move=7,7 leader=1 inc2=1 attack_w=0.2 S0=47911 SA=9858 ratio=4.85972 my_comp=40 my_front=41 leader_comp=2 comp_gain(sz/front/cut)=1/-2/1
DBG t=99 used=0.019 remain=0.031 turn_time=0.0186 end_in=0.0186 cand_pre=62 cand_cap=14 cand=62->14 pre=42 pick(must/bucket/top/rand)=1/4/6/3 depth0=0 depth=0 dlog=5 dper=4 sims=76042 loop=76028 gen_time=0 eval_time=0.019 best_avg=1.61188 best_move=8,7 leader=1 inc2=1 attack_w=0.2 S0=48842 SA=9907 ratio=4.92965 my_comp=41 my_front=39 leader_comp=2 comp_gain(sz/front/cut)=1/-2/1
DBG summary depth_guard_fired=0
Score = 257286
=== CASE 0016.txt ===
DBG hdr N=10 M=3 T=100 U=1 VMAX=1697 TIME_LIMIT=1.94 MAX_CAND=20 UCB_C=0.21 OBJ=log(S0+1)-log(SA+1)
DBG t=0 used=0.024 remain=1.94 turn_time=0.0236195 end_in=0.0236195 cand_pre=5 cand_cap=20 cand=5->5 pre=5 pick(must/bucket/top/rand)=1/3/1/0 depth0=7 depth=5 dlog=2 dper=0 sims=6833 loop=6828 gen_time=0 eval_time=0.024 best_avg=-0.226958 best_move=4,7 leader=2 inc2=1 attack_w=0.13 S0=1089 SA=909 ratio=1.1978 my_comp=1 my_front=4 leader_comp=1 comp_gain(sz/front/cut)=1/2/0
DBG t=12 used=0.021 remain=1.669 turn_time=0.0206254 end_in=0.0206254 cand_pre=25 cand_cap=20 cand=25->20 pre=25 pick(must/bucket/top/rand)=1/6/9/4 depth0=7 depth=3 dlog=4 dper=0 sims=3880 loop=3860 gen_time=0 eval_time=0.021 best_avg=0.423124 best_move=4,8 leader=2 inc2=1 attack_w=0.2 S0=14733 SA=8851 ratio=1.66448 my_comp=11 my_front=20 leader_comp=8 comp_gain(sz/front/cut)=1/0/0
DBG t=24 used=0.02 remain=1.42 turn_time=0.0191046 end_in=0.0191046 cand_pre=35 cand_cap=20 cand=35->20 pre=35 pick(must/bucket/top/rand)=1/6/9/4 depth0=7 depth=1 dlog=4 dper=2 sims=3388 loop=3368 gen_time=0 eval_time=0.02 best_avg=0.467348 best_move=7,7 leader=2 inc2=1 attack_w=0.2 S0=21571 SA=14626 ratio=1.47481 my_comp=18 my_front=25 leader_comp=4 comp_gain(sz/front/cut)=1/2/0
DBG t=37 used=0.019 remain=1.168 turn_time=0.0184748 end_in=0.0184748 cand_pre=39 cand_cap=20 cand=39->20 pre=39 pick(must/bucket/top/rand)=1/6/9/4 depth0=10 depth=3 dlog=5 dper=2 sims=2048 loop=2028 gen_time=0 eval_time=0.019 best_avg=0.276938 best_move=8,4 leader=2 inc2=1 attack_w=0.2 S0=26112 SA=17830 ratio=1.46447 my_comp=21 my_front=29 leader_comp=13 comp_gain(sz/front/cut)=1/2/1
DBG t=49 used=0.018 remain=0.94 turn_time=0.0175282 end_in=0.0175282 cand_pre=46 cand_cap=20 cand=46->20 pre=46 pick(must/bucket/top/rand)=1/6/9/4 depth0=10 depth=2 dlog=5 dper=3 sims=1864 loop=1844 gen_time=0 eval_time=0.018 best_avg=0.260368 best_move=6,6 leader=1 inc2=1 attack_w=0.2 S0=27014 SA=21406 ratio=1.26197 my_comp=23 my_front=36 leader_comp=11 comp_gain(sz/front/cut)=1/0/1
DBG t=61 used=0.02 remain=0.706 turn_time=0.0192159 end_in=0.0192159 cand_pre=29 cand_cap=20 cand=29->20 pre=29 pick(must/bucket/top/rand)=1/6/9/4 depth0=10 depth=5 dlog=4 dper=1 sims=1756 loop=1736 gen_time=0 eval_time=0.02 best_avg=-0.00851933 best_move=6,4 leader=2 inc2=1 attack_w=0.2 S0=27757 SA=24646 ratio=1.12622 my_comp=15 my_front=25 leader_comp=9 comp_gain(sz/front/cut)=7/10/0
DBG t=74 used=0.018 remain=0.464 turn_time=0.0173197 end_in=0.0173197 cand_pre=43 cand_cap=20 cand=43->20 pre=43 pick(must/bucket/top/rand)=1/6/9/4 depth0=11 depth=4 dlog=5 dper=2 sims=1288 loop=1268 gen_time=0 eval_time=0.018 best_avg=-0.05521 best_move=9,1 leader=2 inc2=1 attack_w=0.396555 S0=27972 SA=29111 ratio=0.960875 my_comp=23 my_front=34 leader_comp=8 comp_gain(sz/front/cut)=1/-1/0
DBG t=86 used=0.018 remain=0.242 turn_time=0.0175623 end_in=0.0175623 cand_pre=36 cand_cap=20 cand=36->20 pre=36 pick(must/bucket/top/rand)=1/6/9/4 depth0=11 depth=4 dlog=5 dper=2 sims=1804 loop=1784 gen_time=0 eval_time=0.018 best_avg=0.417097 best_move=4,3 leader=2 inc2=1 attack_w=0.2 S0=34853 SA=27769 ratio=1.2551 my_comp=20 my_front=28 leader_comp=5 comp_gain(sz/front/cut)=1/2/0
DBG t=99 used=0.013 remain=0.02 turn_time=0.012 end_in=0.012 cand_pre=51 cand_cap=16 cand=51->16 pre=48 pick(must/bucket/top/rand)=1/6/5/4 depth0=0 depth=0 dlog=5 dper=4 sims=30080 loop=30064 gen_time=0 eval_time=0.013 best_avg=0.888916 best_move=2,5 leader=2 inc2=1 attack_w=0.2 S0=46419 SA=19577 ratio=2.37103 my_comp=30 my_front=40 leader_comp=2 comp_gain(sz/front/cut)=1/2/0
DBG summary depth_guard_fired=0
Score = 181357
=== CASE 0015.txt ===
DBG hdr N=10 M=5 T=100 U=4 VMAX=4555 TIME_LIMIT=1.94 MAX_CAND=20 UCB_C=0.21 OBJ=log(S0+1)-log(SA+1)
DBG t=0 used=0.024 remain=1.94 turn_time=0.0237456 end_in=0.0237456 cand_pre=4 cand_cap=20 cand=4->4 pre=4 pick(must/bucket/top/rand)=1/2/1/0 depth0=7 depth=6 dlog=1 dper=0 sims=4580 loop=4576 gen_time=0 eval_time=0.024 best_avg=-0.453385 best_move=1,9 leader=4 inc2=0 attack_w=0.543219 S0=1438 SA=1594 ratio=0.902194 my_comp=1 my_front=3 leader_comp=1 comp_gain(sz/front/cut)=1/1/0
DBG t=12 used=0.023 remain=1.659 turn_time=0.0223399 end_in=0.0223399 cand_pre=10 cand_cap=20 cand=10->10 pre=10 pick(must/bucket/top/rand)=1/2/7/0 depth0=7 depth=4 dlog=3 dper=0 sims=4634 loop=4624 gen_time=0 eval_time=0.023 best_avg=-0.200055 best_move=0,7 leader=4 inc2=1 attack_w=0.702068 S0=16337 SA=19306 ratio=0.846222 my_comp=5 my_front=8 leader_comp=5 comp_gain(sz/front/cut)=0/0/0
DBG t=24 used=0.021 remain=1.391 turn_time=0.0207369 end_in=0.0207369 cand_pre=18 cand_cap=20 cand=18->18 pre=18 pick(must/bucket/top/rand)=1/6/9/2 depth0=7 depth=3 dlog=4 dper=0 sims=4110 loop=4092 gen_time=0 eval_time=0.021 best_avg=-0.302478 best_move=1,4 leader=3 inc2=1 attack_w=0.85 S0=29025 SA=36419 ratio=0.79698 my_comp=9 my_front=12 leader_comp=3 comp_gain(sz/front/cut)=1/2/0
DBG t=37 used=0.022 remain=1.106 turn_time=0.0211457 end_in=0.0211457 cand_pre=7 cand_cap=20 cand=7->7 pre=7 pick(must/bucket/top/rand)=1/3/3/0 depth0=10 depth=8 dlog=2 dper=0 sims=2027 loop=2020 gen_time=0 eval_time=0.022 best_avg=0.12691 best_move=1,0 leader=1 inc2=0 attack_w=0.2 S0=53724 SA=46642 ratio=1.15183 my_comp=3 my_front=6 leader_comp=11 comp_gain(sz/front/cut)=0/0/0
DBG t=49 used=0.019 remain=0.865 turn_time=0.0181141 end_in=0.0181141 cand_pre=28 cand_cap=20 cand=28->20 pre=28 pick(must/bucket/top/rand)=1/4/11/4 depth0=10 depth=5 dlog=4 dper=1 sims=1880 loop=1860 gen_time=0 eval_time=0.019 best_avg=0.311281 best_move=0,4 leader=1 inc2=0 attack_w=0.2 S0=76587 SA=53788 ratio=1.42386 my_comp=16 my_front=21 leader_comp=14 comp_gain(sz/front/cut)=0/0/0
DBG t=61 used=0.018 remain=0.646 turn_time=0.0172598 end_in=0.0172598 cand_pre=32 cand_cap=20 cand=32->20 pre=32 pick(must/bucket/top/rand)=1/4/11/4 depth0=10 depth=4 dlog=4 dper=2 sims=1916 loop=1896 gen_time=0 eval_time=0.018 best_avg=0.299745 best_move=1,3 leader=1 inc2=0 attack_w=0.2 S0=86880 SA=64495 ratio=1.34708 my_comp=18 my_front=23 leader_comp=15 comp_gain(sz/front/cut)=0/0/0
DBG t=74 used=0.017 remain=0.419 turn_time=0.0165827 end_in=0.0165827 cand_pre=34 cand_cap=20 cand=34->20 pre=34 pick(must/bucket/top/rand)=1/4/11/4 depth0=11 depth=5 dlog=4 dper=2 sims=1504 loop=1484 gen_time=0 eval_time=0.017 best_avg=0.390834 best_move=0,0 leader=1 inc2=0 attack_w=0.2 S0=95398 SA=66327 ratio=1.43829 my_comp=19 my_front=23 leader_comp=17 comp_gain(sz/front/cut)=0/0/0
DBG t=86 used=0.016 remain=0.214 turn_time=0.015729 end_in=0.015729 cand_pre=34 cand_cap=20 cand=34->20 pre=34 pick(must/bucket/top/rand)=1/4/11/4 depth0=11 depth=5 dlog=4 dper=2 sims=1344 loop=1324 gen_time=0 eval_time=0.016 best_avg=0.559788 best_move=0,5 leader=1 inc2=0 attack_w=0.2 S0=112779 SA=63439 ratio=1.77774 my_comp=20 my_front=21 leader_comp=18 comp_gain(sz/front/cut)=0/0/0
DBG depth_guard t=99 remain=0.013 cand_pre=38 depth0=0 depth=0
DBG t=99 used=0.008 remain=0.013 turn_time=0.0078 end_in=0.0078 cand_pre=38 cand_cap=12 cand=38->12 pre=36 pick(must/bucket/top/rand)=1/5/4/2 depth0=0 depth=0 dlog=5 dper=5 sims=11424 loop=11412 gen_time=0 eval_time=0.008 best_avg=0.770644 best_move=4,1 leader=1 inc2=0 attack_w=0.2 S0=124681 SA=58973 ratio=2.11419 my_comp=22 my_front=23 leader_comp=20 comp_gain(sz/front/cut)=0/0/0
DBG summary depth_guard_fired=1
Score = 164487
=== CASE 0014.txt ===
DBG hdr N=10 M=7 T=100 U=4 VMAX=2149 TIME_LIMIT=1.94 MAX_CAND=20 UCB_C=0.21 OBJ=log(S0+1)-log(SA+1)
DBG t=0 used=0.024 remain=1.94 turn_time=0.0236195 end_in=0.0236195 cand_pre=5 cand_cap=20 cand=5->5 pre=5 pick(must/bucket/top/rand)=1/2/2/0 depth0=7 depth=5 dlog=2 dper=0 sims=4581 loop=4576 gen_time=0 eval_time=0.024 best_avg=-0.508216 best_move=6,5 leader=1 inc2=1 attack_w=0.85 S0=855 SA=1673 ratio=0.51135 my_comp=1 my_front=4 leader_comp=1 comp_gain(sz/front/cut)=1/2/0
DBG t=12 used=0.021 remain=1.669 turn_time=0.0206254 end_in=0.0206254 cand_pre=25 cand_cap=20 cand=25->20 pre=25 pick(must/bucket/top/rand)=1/7/8/4 depth0=7 depth=3 dlog=4 dper=0 sims=3160 loop=3140 gen_time=0 eval_time=0.021 best_avg=0.355379 best_move=4,3 leader=4 inc2=1 attack_w=0.2 S0=17631 SA=11177 ratio=1.57738 my_comp=10 my_front=20 leader_comp=10 comp_gain(sz/front/cut)=0/0/0
DBG t=24 used=0.021 remain=1.417 turn_time=0.0206397 end_in=0.0206397 cand_pre=22 cand_cap=20 cand=22->20 pre=22 pick(must/bucket/top/rand)=1/6/9/4 depth0=7 depth=3 dlog=4 dper=0 sims=2948 loop=2928 gen_time=0 eval_time=0.021 best_avg=0.22592 best_move=4,1 leader=5 inc2=1 attack_w=0.2 S0=31298 SA=20179 ratio=1.55099 my_comp=11 my_front=18 leader_comp=6 comp_gain(sz/front/cut)=0/0/0
DBG t=37 used=0.021 remain=1.147 turn_time=0.0203911 end_in=0.0203911 cand_pre=20 cand_cap=20 cand=20->20 pre=20 pick(must/bucket/top/rand)=1/5/10/4 depth0=10 depth=6 dlog=4 dper=0 sims=1952 loop=1932 gen_time=0 eval_time=0.021 best_avg=-0.271529 best_move=4,2 leader=5 inc2=1 attack_w=0.2 S0=31782 SA=28369 ratio=1.1203 my_comp=10 my_front=16 leader_comp=10 comp_gain(sz/front/cut)=0/0/0
DBG t=49 used=0.02 remain=0.897 turn_time=0.0199275 end_in=0.0199275 cand_pre=18 cand_cap=20 cand=18->18 pre=18 pick(must/bucket/top/rand)=1/6/9/2 depth0=10 depth=6 dlog=4 dper=0 sims=1706 loop=1688 gen_time=0 eval_time=0.02 best_avg=-0.24179 best_move=4,1 leader=5 inc2=1 attack_w=0.229828 S0=36071 SA=34764 ratio=1.0376 my_comp=9 my_front=16 leader_comp=12 comp_gain(sz/front/cut)=0/0/0
DBG t=61 used=0.02 remain=0.657 turn_time=0.0190867 end_in=0.0190867 cand_pre=18 cand_cap=20 cand=18->18 pre=18 pick(must/bucket/top/rand)=1/5/10/2 depth0=10 depth=6 dlog=4 dper=0 sims=1706 loop=1688 gen_time=0 eval_time=0.02 best_avg=-0.151151 best_move=3,3 leader=2 inc2=1 attack_w=0.33108 S0=39815 SA=40233 ratio=0.989611 my_comp=8 my_front=16 leader_comp=18 comp_gain(sz/front/cut)=1/0/0
DBG t=74 used=0.018 remain=0.415 turn_time=0.0172544 end_in=0.0172544 cand_pre=26 cand_cap=20 cand=26->20 pre=26 pick(must/bucket/top/rand)=1/5/10/4 depth0=11 depth=6 dlog=4 dper=1 sims=1468 loop=1448 gen_time=0 eval_time=0.018 best_avg=-0.110388 best_move=3,2 leader=2 inc2=1 attack_w=0.430685 S0=44111 SA=46602 ratio=0.946549 my_comp=12 my_front=20 leader_comp=22 comp_gain(sz/front/cut)=0/0/0
DBG t=86 used=0.017 remain=0.208 turn_time=0.0160606 end_in=0.0160606 cand_pre=26 cand_cap=20 cand=26->20 pre=26 pick(must/bucket/top/rand)=1/5/10/4 depth0=11 depth=6 dlog=4 dper=1 sims=1636 loop=1616 gen_time=0 eval_time=0.017 best_avg=-0.0570807 best_move=5,1 leader=2 inc2=1 attack_w=0.297756 S0=47112 SA=46882 ratio=1.00491 my_comp=12 my_front=22 leader_comp=9 comp_gain(sz/front/cut)=0/0/0
DBG depth_guard t=99 remain=0.011 cand_pre=30 depth0=0 depth=0
DBG t=99 used=0.007 remain=0.011 turn_time=0.0066 end_in=0.0066 cand_pre=30 cand_cap=12 cand=30->12 pre=30 pick(must/bucket/top/rand)=1/6/3/2 depth0=0 depth=0 dlog=4 dper=5 sims=8256 loop=8244 gen_time=0 eval_time=0.007 best_avg=-0.0198112 best_move=2,3 leader=2 inc2=1 attack_w=0.324451 S0=44226 SA=44555 ratio=0.992616 my_comp=13 my_front=26 leader_comp=10 comp_gain(sz/front/cut)=0/0/0
DBG summary depth_guard_fired=1
Score = 95283
=== CASE 0017.txt ===
DBG hdr N=10 M=5 T=100 U=5 VMAX=1407 TIME_LIMIT=1.94 MAX_CAND=20 UCB_C=0.21 OBJ=log(S0+1)-log(SA+1)
DBG t=0 used=0.024 remain=1.94 turn_time=0.0236195 end_in=0.0236195 cand_pre=5 cand_cap=20 cand=5->5 pre=5 pick(must/bucket/top/rand)=1/2/2/0 depth0=7 depth=5 dlog=2 dper=0 sims=5769 loop=5764 gen_time=0 eval_time=0.024 best_avg=-0.0315457 best_move=3,5 leader=1 inc2=0 attack_w=0.13 S0=1370 SA=1253 ratio=1.0933 my_comp=1 my_front=4 leader_comp=1 comp_gain(sz/front/cut)=0/0/0
DBG t=12 used=0.023 remain=1.659 turn_time=0.0224625 end_in=0.0224625 cand_pre=9 cand_cap=20 cand=9->9 pre=9 pick(must/bucket/top/rand)=1/5/3/0 depth0=7 depth=4 dlog=3 dper=0 sims=4769 loop=4760 gen_time=0 eval_time=0.023 best_avg=-0.228807 best_move=3,5 leader=1 inc2=1 attack_w=0.694595 S0=13467 SA=15868 ratio=0.848699 my_comp=3 my_front=8 leader_comp=4 comp_gain(sz/front/cut)=0/0/0
DBG t=24 used=0.021 remain=1.391 turn_time=0.0209748 end_in=0.0209748 cand_pre=16 cand_cap=20 cand=16->16 pre=16 pick(must/bucket/top/rand)=1/7/8/0 depth0=7 depth=4 dlog=3 dper=0 sims=3052 loop=3036 gen_time=0 eval_time=0.021 best_avg=-0.185689 best_move=5,6 leader=1 inc2=1 attack_w=0.85 S0=22446 SA=29556 ratio=0.759448 my_comp=6 my_front=12 leader_comp=7 comp_gain(sz/front/cut)=0/0/0
DBG t=37 used=0.02 remain=1.118 turn_time=0.0198756 end_in=0.0198756 cand_pre=20 cand_cap=20 cand=20->20 pre=20 pick(must/bucket/top/rand)=1/8/7/4 depth0=10 depth=6 dlog=4 dper=0 sims=1672 loop=1652 gen_time=0 eval_time=0.02 best_avg=-0.0751594 best_move=4,8 leader=1 inc2=1 attack_w=0.628905 S0=35077 SA=40267 ratio=0.871114 my_comp=8 my_front=16 leader_comp=11 comp_gain(sz/front/cut)=0/0/0
DBG t=49 used=0.019 remain=0.882 turn_time=0.0184701 end_in=0.0184701 cand_pre=28 cand_cap=20 cand=28->20 pre=28 pick(must/bucket/top/rand)=1/7/8/4 depth0=10 depth=5 dlog=4 dper=1 sims=1908 loop=1888 gen_time=0 eval_time=0.019 best_avg=-0.122766 best_move=5,5 leader=1 inc2=1 attack_w=0.638255 S0=45385 SA=52296 ratio=0.867851 my_comp=12 my_front=20 leader_comp=12 comp_gain(sz/front/cut)=0/0/0
DBG t=61 used=0.019 remain=0.654 turn_time=0.0183455 end_in=0.0183455 cand_pre=24 cand_cap=20 cand=24->20 pre=24 pick(must/bucket/top/rand)=1/8/7/4 depth0=10 depth=6 dlog=4 dper=0 sims=1464 loop=1444 gen_time=0 eval_time=0.019 best_avg=-0.100316 best_move=3,8 leader=1 inc2=1 attack_w=0.54698 S0=53002 SA=58840 ratio=0.900783 my_comp=11 my_front=18 leader_comp=15 comp_gain(sz/front/cut)=1/0/1
DBG t=74 used=0.017 remain=0.418 turn_time=0.0166477 end_in=0.0166477 cand_pre=33 cand_cap=20 cand=33->20 pre=33 pick(must/bucket/top/rand)=1/6/9/4 depth0=11 depth=5 dlog=4 dper=2 sims=1504 loop=1484 gen_time=0 eval_time=0.017 best_avg=-0.0323958 best_move=6,9 leader=1 inc2=1 attack_w=0.382342 S0=64406 SA=66606 ratio=0.96697 my_comp=16 my_front=24 leader_comp=15 comp_gain(sz/front/cut)=0/0/0
DBG t=86 used=0.016 remain=0.216 turn_time=0.015876 end_in=0.015876 cand_pre=34 cand_cap=20 cand=34->20 pre=34 pick(must/bucket/top/rand)=1/5/10/4 depth0=11 depth=5 dlog=4 dper=2 sims=1352 loop=1332 gen_time=0 eval_time=0.016 best_avg=0.0196848 best_move=8,9 leader=1 inc2=1 attack_w=0.35398 S0=76277 SA=77884 ratio=0.979367 my_comp=18 my_front=25 leader_comp=18 comp_gain(sz/front/cut)=0/0/0
DBG depth_guard t=99 remain=0.013 cand_pre=35 depth0=0 depth=0
DBG t=99 used=0.008 remain=0.013 turn_time=0.0078 end_in=0.0078 cand_pre=35 cand_cap=12 cand=35->12 pre=35 pick(must/bucket/top/rand)=1/5/4/2 depth0=0 depth=0 dlog=4 dper=4 sims=7728 loop=7716 gen_time=0 eval_time=0.008 best_avg=0.0454009 best_move=7,7 leader=1 inc2=1 attack_w=0.225635 S0=85750 SA=82477 ratio=1.03968 my_comp=18 my_front=25 leader_comp=18 comp_gain(sz/front/cut)=0/0/0
DBG summary depth_guard_fired=1
Score = 103063
=== CASE 0019.txt ===
DBG hdr N=10 M=3 T=100 U=4 VMAX=1941 TIME_LIMIT=1.94 MAX_CAND=20 UCB_C=0.21 OBJ=log(S0+1)-log(SA+1)
DBG t=0 used=0.024 remain=1.94 turn_time=0.0236195 end_in=0.0236195 cand_pre=5 cand_cap=20 cand=5->5 pre=5 pick(must/bucket/top/rand)=1/2/2/0 depth0=7 depth=5 dlog=2 dper=0 sims=6917 loop=6912 gen_time=0 eval_time=0.024 best_avg=-0.341558 best_move=1,3 leader=1 inc2=1 attack_w=0.85 S0=698 SA=1185 ratio=0.589376 my_comp=1 my_front=4 leader_comp=1 comp_gain(sz/front/cut)=1/2/0
DBG t=12 used=0.022 remain=1.662 turn_time=0.0211527 end_in=0.0211527 cand_pre=20 cand_cap=20 cand=20->20 pre=20 pick(must/bucket/top/rand)=1/2/13/4 depth0=7 depth=3 dlog=4 dper=0 sims=5100 loop=5080 gen_time=0 eval_time=0.022 best_avg=0.0628046 best_move=3,3 leader=1 inc2=1 attack_w=0.2 S0=20112 SA=18758 ratio=1.07218 my_comp=7 my_front=16 leader_comp=4 comp_gain(sz/front/cut)=0/0/0
DBG t=24 used=0.021 remain=1.406 turn_time=0.0203592 end_in=0.0203593 cand_pre=23 cand_cap=20 cand=23->20 pre=23 pick(must/bucket/top/rand)=1/2/13/4 depth0=7 depth=3 dlog=4 dper=0 sims=4008 loop=3988 gen_time=0 eval_time=0.021 best_avg=0.0856905 best_move=3,6 leader=1 inc2=1 attack_w=0.2 S0=38392 SA=35530 ratio=1.08055 my_comp=9 my_front=19 leader_comp=8 comp_gain(sz/front/cut)=0/0/0
DBG t=37 used=0.02 remain=1.141 turn_time=0.0191072 end_in=0.0191072 cand_pre=30 cand_cap=20 cand=30->20 pre=30 pick(must/bucket/top/rand)=1/5/10/4 depth0=10 depth=5 dlog=4 dper=1 sims=2212 loop=2192 gen_time=0 eval_time=0.02 best_avg=0.10508 best_move=5,6 leader=1 inc2=1 attack_w=0.2 S0=56394 SA=50675 ratio=1.11285 my_comp=14 my_front=24 leader_comp=11 comp_gain(sz/front/cut)=0/0/0
DBG t=49 used=0.02 remain=0.91 turn_time=0.0190565 end_in=0.0190565 cand_pre=28 cand_cap=20 cand=28->20 pre=28 pick(must/bucket/top/rand)=1/6/9/4 depth0=10 depth=5 dlog=4 dper=1 sims=2048 loop=2028 gen_time=0 eval_time=0.02 best_avg=-0.0168608 best_move=5,6 leader=1 inc2=1 attack_w=0.225018 S0=60592 SA=58262 ratio=1.03999 my_comp=13 my_front=24 leader_comp=12 comp_gain(sz/front/cut)=0/0/0
DBG t=61 used=0.018 remain=0.683 turn_time=0.0174515 end_in=0.0174515 cand_pre=39 cand_cap=20 cand=39->20 pre=39 pick(must/bucket/top/rand)=1/6/9/4 depth0=10 depth=3 dlog=5 dper=2 sims=2032 loop=2012 gen_time=0 eval_time=0.018 best_avg=-0.0632821 best_move=5,6 leader=1 inc2=1 attack_w=0.431531 S0=63488 SA=67098 ratio=0.946199 my_comp=17 my_front=30 leader_comp=14 comp_gain(sz/front/cut)=0/0/0
DBG t=74 used=0.019 remain=0.442 turn_time=0.0182665 end_in=0.0182665 cand_pre=27 cand_cap=20 cand=27->20 pre=27 pick(must/bucket/top/rand)=1/7/8/4 depth0=11 depth=6 dlog=4 dper=1 sims=1992 loop=1972 gen_time=0 eval_time=0.019 best_avg=-0.246131 best_move=5,6 leader=1 inc2=1 attack_w=0.768849 S0=64164 SA=77802 ratio=0.824711 my_comp=11 my_front=20 leader_comp=15 comp_gain(sz/front/cut)=0/0/0
DBG t=86 used=0.017 remain=0.225 turn_time=0.016433 end_in=0.016433 cand_pre=35 cand_cap=20 cand=35->20 pre=35 pick(must/bucket/top/rand)=1/8/7/4 depth0=11 depth=5 dlog=4 dper=2 sims=1880 loop=1860 gen_time=0 eval_time=0.017 best_avg=-0.291017 best_move=5,6 leader=1 inc2=1 attack_w=0.85 S0=60372 SA=77802 ratio=0.775973 my_comp=15 my_front=27 leader_comp=15 comp_gain(sz/front/cut)=0/0/0
DBG depth_guard t=99 remain=0.011 cand_pre=38 depth0=0 depth=0
DBG t=99 used=0.007 remain=0.011 turn_time=0.0066 end_in=0.0066 cand_pre=38 cand_cap=12 cand=38->12 pre=36 pick(must/bucket/top/rand)=1/8/1/2 depth0=0 depth=0 dlog=5 dper=5 sims=13872 loop=13860 gen_time=0 eval_time=0.007 best_avg=-0.362901 best_move=5,6 leader=1 inc2=1 attack_w=0.85 S0=55173 SA=80418 ratio=0.686082 my_comp=17 my_front=31 leader_comp=16 comp_gain(sz/front/cut)=0/0/0
DBG summary depth_guard_fired=1
Score = 75056
=== CASE 0018.txt ===
DBG hdr N=10 M=7 T=100 U=5 VMAX=2680 TIME_LIMIT=1.94 MAX_CAND=20 UCB_C=0.21 OBJ=log(S0+1)-log(SA+1)
DBG t=0 used=0.024 remain=1.94 turn_time=0.0237456 end_in=0.0237456 cand_pre=4 cand_cap=20 cand=4->4 pre=4 pick(must/bucket/top/rand)=1/2/1/0 depth0=7 depth=6 dlog=1 dper=0 sims=3492 loop=3488 gen_time=0 eval_time=0.024 best_avg=-0.217641 best_move=9,5 leader=5 inc2=1 attack_w=0.85 S0=1561 SA=2195 ratio=0.711293 my_comp=1 my_front=3 leader_comp=1 comp_gain(sz/front/cut)=1/1/0
DBG t=12 used=0.023 remain=1.656 turn_time=0.0225442 end_in=0.0225442 cand_pre=8 cand_cap=20 cand=8->8 pre=8 pick(must/bucket/top/rand)=1/4/3/0 depth0=7 depth=5 dlog=2 dper=0 sims=3116 loop=3108 gen_time=0 eval_time=0.023 best_avg=0.19347 best_move=8,5 leader=6 inc2=1 attack_w=0.2 S0=25265 SA=21062 ratio=1.19954 my_comp=4 my_front=7 leader_comp=6 comp_gain(sz/front/cut)=0/0/0
DBG t=24 used=0.022 remain=1.385 turn_time=0.0211212 end_in=0.0211212 cand_pre=14 cand_cap=20 cand=14->14 pre=14 pick(must/bucket/top/rand)=1/6/7/0 depth0=7 depth=4 dlog=3 dper=0 sims=3150 loop=3136 gen_time=0 eval_time=0.022 best_avg=0.154953 best_move=8,3 leader=6 inc2=1 attack_w=0.2 S0=35089 SA=32508 ratio=1.07939 my_comp=7 my_front=10 leader_comp=7 comp_gain(sz/front/cut)=0/0/0
DBG t=37 used=0.02 remain=1.111 turn_time=0.0199804 end_in=0.0199804 cand_pre=18 cand_cap=20 cand=18->18 pre=18 pick(must/bucket/top/rand)=1/6/9/2 depth0=10 depth=6 dlog=4 dper=0 sims=1790 loop=1772 gen_time=0 eval_time=0.02 best_avg=0.212654 best_move=7,1 leader=2 inc2=1 attack_w=0.2 S0=49626 SA=43404 ratio=1.14335 my_comp=10 my_front=15 leader_comp=10 comp_gain(sz/front/cut)=0/0/0
DBG t=49 used=0.02 remain=0.868 turn_time=0.0191726 end_in=0.0191726 cand_pre=19 cand_cap=20 cand=19->19 pre=19 pick(must/bucket/top/rand)=1/6/9/3 depth0=10 depth=6 dlog=4 dper=0 sims=783 loop=764 gen_time=0 eval_time=0.02 best_avg=0.0460142 best_move=9,4 leader=2 inc2=1 attack_w=0.605125 S0=41034 SA=46655 ratio=0.879522 my_comp=10 my_front=15 leader_comp=11 comp_gain(sz/front/cut)=0/0/0
DBG t=61 used=0.019 remain=0.634 turn_time=0.0182072 end_in=0.0182072 cand_pre=20 cand_cap=20 cand=20->20 pre=20 pick(must/bucket/top/rand)=1/7/8/4 depth0=10 depth=6 dlog=4 dper=0 sims=1620 loop=1600 gen_time=0 eval_time=0.019 best_avg=0.20799 best_move=8,3 leader=2 inc2=1 attack_w=0.2 S0=55227 SA=47210 ratio=1.16981 my_comp=11 my_front=12 leader_comp=11 comp_gain(sz/front/cut)=0/0/0
DBG t=74 used=0.018 remain=0.397 turn_time=0.0172008 end_in=0.0172008 cand_pre=19 cand_cap=20 cand=19->19 pre=19 pick(must/bucket/top/rand)=1/6/9/3 depth0=11 depth=7 dlog=4 dper=0 sims=1339 loop=1320 gen_time=0 eval_time=0.018 best_avg=0.153665 best_move=7,2 leader=2 inc2=1 attack_w=0.2 S0=62072 SA=58490 ratio=1.06124 my_comp=11 my_front=12 leader_comp=11 comp_gain(sz/front/cut)=0/0/0
DBG t=86 used=0.016 remain=0.193 turn_time=0.01544 end_in=0.01544 cand_pre=20 cand_cap=20 cand=20->20 pre=20 pick(must/bucket/top/rand)=1/6/9/4 depth0=11 depth=6 dlog=4 dper=0 sims=1408 loop=1388 gen_time=0 eval_time=0.016 best_avg=0.0875616 best_move=8,6 leader=1 inc2=1 attack_w=0.325423 S0=64278 SA=64785 ratio=0.992174 my_comp=11 my_front=12 leader_comp=24 comp_gain(sz/front/cut)=0/0/0
DBG depth_guard t=98 remain=0.019 cand_pre=20 depth0=1 depth=0
DBG depth_guard t=99 remain=0.008 cand_pre=19 depth0=0 depth=0
DBG t=99 used=0.005 remain=0.008 turn_time=0.0048 end_in=0.0048 cand_pre=19 cand_cap=12 cand=19->12 pre=19 pick(must/bucket/top/rand)=1/4/5/2 depth0=0 depth=0 dlog=4 dper=4 sims=4736 loop=4724 gen_time=0 eval_time=0.005 best_avg=0.0793199 best_move=9,5 leader=1 inc2=1 attack_w=0.2 S0=79422 SA=75379 ratio=1.05363 my_comp=11 my_front=12 leader_comp=19 comp_gain(sz/front/cut)=0/0/0
DBG summary depth_guard_fired=2
Score = 107039
=== CASE 0022.txt ===
DBG hdr N=10 M=5 T=100 U=5 VMAX=1464 TIME_LIMIT=1.94 MAX_CAND=20 UCB_C=0.21 OBJ=log(S0+1)-log(SA+1)
DBG t=0 used=0.024 remain=1.94 turn_time=0.0236195 end_in=0.0236195 cand_pre=5 cand_cap=20 cand=5->5 pre=5 pick(must/bucket/top/rand)=1/2/2/0 depth0=7 depth=5 dlog=2 dper=0 sims=6093 loop=6088 gen_time=0 eval_time=0.024 best_avg=-0.181869 best_move=9,5 leader=1 inc2=1 attack_w=0.85 S0=624 SA=1258 ratio=0.496426 my_comp=1 my_front=4 leader_comp=1 comp_gain(sz/front/cut)=1/1/0
DBG t=12 used=0.023 remain=1.66 turn_time=0.0223534 end_in=0.0223534 cand_pre=10 cand_cap=20 cand=10->10 pre=10 pick(must/bucket/top/rand)=1/3/6/0 depth0=7 depth=4 dlog=3 dper=0 sims=4706 loop=4696 gen_time=0 eval_time=0.023 best_avg=-0.0683524 best_move=8,8 leader=2 inc2=0 attack_w=0.737429 S0=13703 SA=16417 ratio=0.834694 my_comp=3 my_front=8 leader_comp=4 comp_gain(sz/front/cut)=0/0/0
DBG t=24 used=0.021 remain=1.39 turn_time=0.020722 end_in=0.020722 cand_pre=18 cand_cap=20 cand=18->18 pre=18 pick(must/bucket/top/rand)=1/3/12/2 depth0=7 depth=3 dlog=4 dper=0 sims=4322 loop=4304 gen_time=0 eval_time=0.021 best_avg=0.103133 best_move=8,6 leader=3 inc2=0 attack_w=0.2 S0=28076 SA=25039 ratio=1.12129 my_comp=7 my_front=14 leader_comp=12 comp_gain(sz/front/cut)=0/0/0
DBG t=37 used=0.02 remain=1.12 turn_time=0.01968 end_in=0.01968 cand_pre=22 cand_cap=20 cand=22->20 pre=22 pick(must/bucket/top/rand)=1/3/12/4 depth0=10 depth=6 dlog=4 dper=0 sims=2056 loop=2036 gen_time=0 eval_time=0.02 best_avg=0.131004 best_move=7,9 leader=3 inc2=0 attack_w=0.2 S0=44369 SA=38455 ratio=1.15379 my_comp=11 my_front=17 leader_comp=14 comp_gain(sz/front/cut)=0/0/0
DBG t=49 used=0.019 remain=0.877 turn_time=0.0189243 end_in=0.0189243 cand_pre=23 cand_cap=20 cand=23->20 pre=23 pick(must/bucket/top/rand)=1/4/11/4 depth0=10 depth=6 dlog=4 dper=0 sims=640 loop=620 gen_time=0 eval_time=0.019 best_avg=0.136517 best_move=9,7 leader=3 inc2=0 attack_w=0.2 S0=58945 SA=49800 ratio=1.18363 my_comp=13 my_front=20 leader_comp=16 comp_gain(sz/front/cut)=0/0/0
DBG t=61 used=0.018 remain=0.649 turn_time=0.0178808 end_in=0.0178808 cand_pre=27 cand_cap=20 cand=27->20 pre=27 pick(must/bucket/top/rand)=1/4/11/4 depth0=10 depth=5 dlog=4 dper=1 sims=1620 loop=1600 gen_time=0 eval_time=0.018 best_avg=0.157226 best_move=8,2 leader=3 inc2=0 attack_w=0.2 S0=71509 SA=60128 ratio=1.18928 my_comp=16 my_front=20 leader_comp=19 comp_gain(sz/front/cut)=1/2/0
DBG t=74 used=0.017 remain=0.415 turn_time=0.0163207 end_in=0.0163207 cand_pre=35 cand_cap=20 cand=35->20 pre=35 pick(must/bucket/top/rand)=1/4/11/4 depth0=11 depth=5 dlog=4 dper=2 sims=1392 loop=1372 gen_time=0 eval_time=0.017 best_avg=0.198725 best_move=6,8 leader=3 inc2=0 attack_w=0.2 S0=85117 SA=71692 ratio=1.18726 my_comp=19 my_front=26 leader_comp=19 comp_gain(sz/front/cut)=0/0/0
DBG t=86 used=0.016 remain=0.219 turn_time=0.0155881 end_in=0.0155881 cand_pre=39 cand_cap=20 cand=39->20 pre=39 pick(must/bucket/top/rand)=1/4/11/4 depth0=11 depth=3 dlog=5 dper=3 sims=1636 loop=1616 gen_time=0 eval_time=0.016 best_avg=0.225112 best_move=6,0 leader=3 inc2=0 attack_w=0.2 S0=97854 SA=80041 ratio=1.22255 my_comp=22 my_front=29 leader_comp=20 comp_gain(sz/front/cut)=0/0/0
DBG depth_guard t=99 remain=0.015 cand_pre=42 depth0=0 depth=0
DBG t=99 used=0.01 remain=0.015 turn_time=0.009 end_in=0.009 cand_pre=42 cand_cap=14 cand=42->14 pre=42 pick(must/bucket/top/rand)=1/4/6/3 depth0=0 depth=0 dlog=5 dper=5 sims=10438 loop=10424 gen_time=0 eval_time=0.01 best_avg=0.229975 best_move=8,0 leader=3 inc2=0 attack_w=0.2 S0=110147 SA=87343 ratio=1.26108 my_comp=23 my_front=31 leader_comp=21 comp_gain(sz/front/cut)=0/0/0
DBG summary depth_guard_fired=1
Score = 117853
=== CASE 0020.txt ===
DBG hdr N=10 M=7 T=100 U=5 VMAX=1504 TIME_LIMIT=1.94 MAX_CAND=20 UCB_C=0.21 OBJ=log(S0+1)-log(SA+1)
DBG t=0 used=0.024 remain=1.94 turn_time=0.0237456 end_in=0.0237456 cand_pre=4 cand_cap=20 cand=4->4 pre=4 pick(must/bucket/top/rand)=1/2/1/0 depth0=7 depth=6 dlog=1 dper=0 sims=3628 loop=3624 gen_time=0 eval_time=0.024 best_avg=-0.298455 best_move=0,9 leader=3 inc2=1 attack_w=0.85 S0=1033 SA=1463 ratio=0.706284 my_comp=1 my_front=3 leader_comp=1 comp_gain(sz/front/cut)=1/0/0
DBG t=12 used=0.023 remain=1.659 turn_time=0.0223399 end_in=0.0223399 cand_pre=10 cand_cap=20 cand=10->10 pre=10 pick(must/bucket/top/rand)=1/3/6/0 depth0=7 depth=4 dlog=3 dper=0 sims=3482 loop=3472 gen_time=0 eval_time=0.023 best_avg=-0.126577 best_move=3,8 leader=3 inc2=1 attack_w=0.616611 S0=13416 SA=15325 ratio=0.87544 my_comp=5 my_front=7 leader_comp=4 comp_gain(sz/front/cut)=0/0/0
DBG t=24 used=0.02 remain=1.394 turn_time=0.019947 end_in=0.019947 cand_pre=25 cand_cap=20 cand=25->20 pre=25 pick(must/bucket/top/rand)=1/7/8/4 depth0=7 depth=3 dlog=4 dper=0 sims=2896 loop=2876 gen_time=0 eval_time=0.02 best_avg=0.263215 best_move=3,8 leader=2 inc2=1 attack_w=0.2 S0=25064 SA=19402 ratio=1.29181 my_comp=12 my_front=19 leader_comp=9 comp_gain(sz/front/cut)=0/0/0
DBG t=37 used=0.019 remain=1.136 turn_time=0.0189063 end_in=0.0189063 cand_pre=31 cand_cap=20 cand=31->20 pre=31 pick(must/bucket/top/rand)=1/7/8/4 depth0=10 depth=5 dlog=4 dper=1 sims=1948 loop=1928 gen_time=0 eval_time=0.019 best_avg=0.406276 best_move=5,8 leader=3 inc2=1 attack_w=0.2 S0=38643 SA=24101 ratio=1.60335 my_comp=16 my_front=25 leader_comp=4 comp_gain(sz/front/cut)=0/0/0
DBG t=49 used=0.019 remain=0.906 turn_time=0.0180489 end_in=0.0180489 cand_pre=36 cand_cap=20 cand=36->20 pre=36 pick(must/bucket/top/rand)=1/7/8/4 depth0=10 depth=3 dlog=5 dper=2 sims=1588 loop=1568 gen_time=0 eval_time=0.019 best_avg=0.433496 best_move=5,5 leader=1 inc2=1 attack_w=0.2 S0=48888 SA=29755 ratio=1.643 my_comp=19 my_front=29 leader_comp=14 comp_gain(sz/front/cut)=1/0/0
DBG t=61 used=0.018 remain=0.686 turn_time=0.0178712 end_in=0.0178712 cand_pre=36 cand_cap=20 cand=36->20 pre=36 pick(must/bucket/top/rand)=1/7/8/4 depth0=10 depth=3 dlog=5 dper=2 sims=1764 loop=1744 gen_time=0 eval_time=0.018 best_avg=0.213098 best_move=7,3 leader=1 inc2=1 attack_w=0.2 S0=51459 SA=41865 ratio=1.22916 my_comp=19 my_front=29 leader_comp=17 comp_gain(sz/front/cut)=1/2/1
DBG t=74 used=0.017 remain=0.437 turn_time=0.0163119 end_in=0.0163119 cand_pre=43 cand_cap=20 cand=43->20 pre=43 pick(must/bucket/top/rand)=1/6/9/4 depth0=11 depth=3 dlog=5 dper=3 sims=1680 loop=1660 gen_time=0 eval_time=0.017 best_avg=0.14736 best_move=5,6 leader=1 inc2=1 attack_w=0.2 S0=51173 SA=41572 ratio=1.23094 my_comp=23 my_front=35 leader_comp=14 comp_gain(sz/front/cut)=0/0/0
DBG t=86 used=0.016 remain=0.227 turn_time=0.0156306 end_in=0.0156306 cand_pre=44 cand_cap=20 cand=44->20 pre=44 pick(must/bucket/top/rand)=1/7/8/4 depth0=11 depth=3 dlog=5 dper=3 sims=1500 loop=1480 gen_time=0 eval_time=0.016 best_avg=0.123087 best_move=7,5 leader=1 inc2=1 attack_w=0.2 S0=59634 SA=51917 ratio=1.14864 my_comp=24 my_front=35 leader_comp=15 comp_gain(sz/front/cut)=0/0/0
DBG depth_guard t=99 remain=0.011 cand_pre=16 depth0=0 depth=0
DBG t=99 used=0.007 remain=0.011 turn_time=0.0066 end_in=0.0066 cand_pre=16 cand_cap=12 cand=16->12 pre=16 pick(must/bucket/top/rand)=1/5/4/2 depth0=0 depth=0 dlog=3 dper=2 sims=9504 loop=9492 gen_time=0 eval_time=0.007 best_avg=0.0564259 best_move=7,2 leader=1 inc2=1 attack_w=0.2 S0=56718 SA=53799 ratio=1.05426 my_comp=8 my_front=10 leader_comp=3 comp_gain(sz/front/cut)=1/2/0
DBG summary depth_guard_fired=1
Score = 104176
=== CASE 0021.txt ===
DBG hdr N=10 M=3 T=100 U=5 VMAX=2360 TIME_LIMIT=1.94 MAX_CAND=20 UCB_C=0.21 OBJ=log(S0+1)-log(SA+1)
DBG t=0 used=0.024 remain=1.94 turn_time=0.0237456 end_in=0.0237456 cand_pre=4 cand_cap=20 cand=4->4 pre=4 pick(must/bucket/top/rand)=1/2/1/0 depth0=7 depth=6 dlog=1 dper=0 sims=6400 loop=6396 gen_time=0 eval_time=0.024 best_avg=0.444944 best_move=3,9 leader=1 inc2=1 attack_w=0.13 S0=1358 SA=786 ratio=1.72681 my_comp=1 my_front=3 leader_comp=1 comp_gain(sz/front/cut)=1/1/0
DBG t=12 used=0.023 remain=1.659 turn_time=0.0222174 end_in=0.0222174 cand_pre=11 cand_cap=20 cand=11->11 pre=11 pick(must/bucket/top/rand)=1/2/8/0 depth0=7 depth=4 dlog=3 dper=0 sims=4619 loop=4608 gen_time=0 eval_time=0.023 best_avg=0.608935 best_move=1,8 leader=2 inc2=1 attack_w=0.2 S0=25416 SA=12270 ratio=2.07131 my_comp=5 my_front=6 leader_comp=12 comp_gain(sz/front/cut)=1/2/0
DBG t=24 used=0.022 remain=1.392 turn_time=0.0214661 end_in=0.0214661 cand_pre=12 cand_cap=20 cand=12->12 pre=12 pick(must/bucket/top/rand)=1/6/5/0 depth0=7 depth=4 dlog=3 dper=0 sims=3252 loop=3240 gen_time=0 eval_time=0.022 best_avg=0.4513 best_move=4,8 leader=2 inc2=1 attack_w=0.2 S0=42070 SA=22825 ratio=1.84312 my_comp=7 my_front=8 leader_comp=20 comp_gain(sz/front/cut)=1/2/0
DBG t=37 used=0.021 remain=1.108 turn_time=0.020841 end_in=0.020841 cand_pre=10 cand_cap=20 cand=10->10 pre=10 pick(must/bucket/top/rand)=1/6/3/0 depth0=10 depth=7 dlog=3 dper=0 sims=2142 loop=2132 gen_time=0 eval_time=0.021 best_avg=0.531007 best_move=0,9 leader=1 inc2=1 attack_w=0.2 S0=49367 SA=31592 ratio=1.56262 my_comp=6 my_front=7 leader_comp=28 comp_gain(sz/front/cut)=0/0/0
DBG t=49 used=0.02 remain=0.854 turn_time=0.0198429 end_in=0.0198429 cand_pre=10 cand_cap=20 cand=10->10 pre=10 pick(must/bucket/top/rand)=1/6/3/0 depth0=10 depth=7 dlog=3 dper=0 sims=1738 loop=1728 gen_time=0 eval_time=0.02 best_avg=0.308464 best_move=2,8 leader=1 inc2=1 attack_w=0.2 S0=46693 SA=32933 ratio=1.41781 my_comp=6 my_front=7 leader_comp=29 comp_gain(sz/front/cut)=0/0/0
DBG t=61 used=0.019 remain=0.615 turn_time=0.0186865 end_in=0.0186865 cand_pre=10 cand_cap=20 cand=10->10 pre=10 pick(must/bucket/top/rand)=1/5/4/0 depth0=10 depth=7 dlog=3 dper=0 sims=1698 loop=1688 gen_time=0 eval_time=0.019 best_avg=0.387432 best_move=0,9 leader=2 inc2=1 attack_w=0.2 S0=51211 SA=35933 ratio=1.42517 my_comp=6 my_front=7 leader_comp=25 comp_gain(sz/front/cut)=0/0/0
DBG t=74 used=0.017 remain=0.377 turn_time=0.0168055 end_in=0.0168055 cand_pre=14 cand_cap=20 cand=14->14 pre=14 pick(must/bucket/top/rand)=1/6/7/0 depth0=11 depth=8 dlog=3 dper=0 sims=2002 loop=1988 gen_time=0 eval_time=0.017 best_avg=0.319372 best_move=0,7 leader=2 inc2=1 attack_w=0.2 S0=56591 SA=39228 ratio=1.44261 my_comp=9 my_front=8 leader_comp=10 comp_gain(sz/front/cut)=1/-1/0
DBG t=86 used=0.015 remain=0.183 turn_time=0.0143001 end_in=0.0143001 cand_pre=24 cand_cap=20 cand=24->20 pre=24 pick(must/bucket/top/rand)=1/7/8/4 depth0=11 depth=6 dlog=4 dper=1 sims=1616 loop=1596 gen_time=0 eval_time=0.015 best_avg=0.449645 best_move=3,9 leader=2 inc2=1 attack_w=0.2 S0=61676 SA=37870 ratio=1.62861 my_comp=16 my_front=10 leader_comp=13 comp_gain(sz/front/cut)=0/0/0
DBG depth_guard t=98 remain=0.019 cand_pre=24 depth0=1 depth=0
DBG depth_guard t=99 remain=0.008 cand_pre=25 depth0=0 depth=0
DBG t=99 used=0.005 remain=0.008 turn_time=0.0048 end_in=0.0048 cand_pre=25 cand_cap=12 cand=25->12 pre=25 pick(must/bucket/top/rand)=1/8/1/2 depth0=0 depth=0 dlog=4 dper=5 sims=6996 loop=6984 gen_time=0 eval_time=0.005 best_avg=0.387708 best_move=3,6 leader=2 inc2=1 attack_w=0.2 S0=68150 SA=46113 ratio=1.47788 my_comp=17 my_front=12 leader_comp=38 comp_gain(sz/front/cut)=0/0/0
DBG summary depth_guard_fired=2
Score = 130404
=== CASE 0023.txt ===
DBG hdr N=10 M=5 T=100 U=1 VMAX=1610 TIME_LIMIT=1.94 MAX_CAND=20 UCB_C=0.21 OBJ=log(S0+1)-log(SA+1)
DBG t=0 used=0.024 remain=1.94 turn_time=0.0237456 end_in=0.0237456 cand_pre=4 cand_cap=20 cand=4->4 pre=4 pick(must/bucket/top/rand)=1/2/1/0 depth0=7 depth=6 dlog=1 dper=0 sims=3872 loop=3868 gen_time=0 eval_time=0.024 best_avg=-0.230387 best_move=6,4 leader=2 inc2=1 attack_w=0.85 S0=599 SA=1130 ratio=0.530504 my_comp=1 my_front=4 leader_comp=1 comp_gain(sz/front/cut)=1/2/0
DBG t=12 used=0.022 remain=1.668 turn_time=0.0219683 end_in=0.0219683 cand_pre=14 cand_cap=20 cand=14->14 pre=14 pick(must/bucket/top/rand)=1/4/9/0 depth0=7 depth=4 dlog=3 dper=0 sims=3518 loop=3504 gen_time=0 eval_time=0.022 best_avg=-0.0032669 best_move=3,2 leader=3 inc2=1 attack_w=0.2 S0=11553 SA=9272 ratio=1.24598 my_comp=5 my_front=12 leader_comp=1 comp_gain(sz/front/cut)=1/2/0
DBG t=24 used=0.023 remain=1.419 turn_time=0.0224893 end_in=0.0224893 cand_pre=7 cand_cap=20 cand=7->7 pre=7 pick(must/bucket/top/rand)=1/1/5/0 depth0=7 depth=5 dlog=2 dper=0 sims=2407 loop=2400 gen_time=0 eval_time=0.023 best_avg=0.0442163 best_move=8,1 leader=3 inc2=0 attack_w=0.2 S0=23918 SA=20017 ratio=1.19487 my_comp=2 my_front=5 leader_comp=18 comp_gain(sz/front/cut)=1/2/0
DBG t=37 used=0.018 remain=1.175 turn_time=0.0171308 end_in=0.0171308 cand_pre=51 cand_cap=20 cand=51->20 pre=51 pick(must/bucket/top/rand)=1/5/10/4 depth0=10 depth=2 dlog=5 dper=3 sims=1612 loop=1592 gen_time=0 eval_time=0.018 best_avg=0.468908 best_move=7,8 leader=4 inc2=0 attack_w=0.2 S0=29208 SA=20231 ratio=1.4437 my_comp=25 my_front=50 leader_comp=17 comp_gain(sz/front/cut)=1/2/0
DBG t=49 used=0.019 remain=0.936 turn_time=0.018408 end_in=0.018408 cand_pre=38 cand_cap=20 cand=38->20 pre=38 pick(must/bucket/top/rand)=1/4/11/4 depth0=10 depth=3 dlog=5 dper=2 sims=1808 loop=1788 gen_time=0 eval_time=0.019 best_avg=0.442486 best_move=6,9 leader=3 inc2=0 attack_w=0.2 S0=27516 SA=18673 ratio=1.47355 my_comp=18 my_front=30 leader_comp=8 comp_gain(sz/front/cut)=1/1/0
DBG t=61 used=0.018 remain=0.71 turn_time=0.0175497 end_in=0.0175497 cand_pre=44 cand_cap=20 cand=44->20 pre=44 pick(must/bucket/top/rand)=1/6/9/4 depth0=10 depth=2 dlog=5 dper=3 sims=1696 loop=1676 gen_time=0 eval_time=0.018 best_avg=0.521649 best_move=3,3 leader=3 inc2=1 attack_w=0.2 S0=28980 SA=17879 ratio=1.62086 my_comp=25 my_front=35 leader_comp=16 comp_gain(sz/front/cut)=1/2/0
DBG t=74 used=0.017 remain=0.447 turn_time=0.0169086 end_in=0.0169086 cand_pre=41 cand_cap=20 cand=41->20 pre=41 pick(must/bucket/top/rand)=1/6/9/4 depth0=11 depth=4 dlog=5 dper=2 sims=1292 loop=1272 gen_time=0 eval_time=0.017 best_avg=0.361318 best_move=8,3 leader=2 inc2=1 attack_w=0.2 S0=27229 SA=20959 ratio=1.29914 my_comp=21 my_front=33 leader_comp=19 comp_gain(sz/front/cut)=1/2/7
DBG t=86 used=0.019 remain=0.222 turn_time=0.0181723 end_in=0.0181723 cand_pre=16 cand_cap=20 cand=16->16 pre=16 pick(must/bucket/top/rand)=1/2/13/0 depth0=11 depth=6 dlog=3 dper=0 sims=1572 loop=1556 gen_time=0 eval_time=0.019 best_avg=0.44652 best_move=1,9 leader=2 inc2=0 attack_w=0.2 S0=35473 SA=19419 ratio=1.82667 my_comp=9 my_front=10 leader_comp=8 comp_gain(sz/front/cut)=1/1/0
DBG depth_guard t=99 remain=0.008 cand_pre=12 depth0=0 depth=0
DBG t=99 used=0.005 remain=0.008 turn_time=0.0048 end_in=0.0048 cand_pre=12 cand_cap=12 cand=12->12 pre=12 pick(must/bucket/top/rand)=1/5/4/2 depth0=0 depth=0 dlog=3 dper=2 sims=5532 loop=5520 gen_time=0 eval_time=0.005 best_avg=0.562168 best_move=5,1 leader=3 inc2=1 attack_w=0.2 S0=31965 SA=16932 ratio=1.88779 my_comp=5 my_front=8 leader_comp=17 comp_gain(sz/front/cut)=1/2/0
DBG summary depth_guard_fired=1
Score = 135930
=== CASE 0025.txt ===
DBG hdr N=10 M=2 T=100 U=2 VMAX=1033 TIME_LIMIT=1.94 MAX_CAND=20 UCB_C=0.21 OBJ=log(S0+1)-log(SA+1)
DBG t=0 used=0.024 remain=1.94 turn_time=0.0236195 end_in=0.0236195 cand_pre=5 cand_cap=20 cand=5->5 pre=5 pick(must/bucket/top/rand)=1/2/2/0 depth0=7 depth=5 dlog=2 dper=0 sims=8485 loop=8480 gen_time=0 eval_time=0.024 best_avg=0.0697225 best_move=2,6 leader=1 inc2=1 attack_w=0.183977 S0=1027 SA=1015 ratio=1.01181 my_comp=1 my_front=4 leader_comp=1 comp_gain(sz/front/cut)=1/2/0
DBG t=12 used=0.022 remain=1.666 turn_time=0.0212036 end_in=0.0212036 cand_pre=20 cand_cap=20 cand=20->20 pre=20 pick(must/bucket/top/rand)=1/2/13/4 depth0=7 depth=3 dlog=4 dper=0 sims=5380 loop=5360 gen_time=0 eval_time=0.022 best_avg=0.125257 best_move=4,5 leader=1 inc2=1 attack_w=0.2 S0=13349 SA=11935 ratio=1.11847 my_comp=8 my_front=15 leader_comp=7 comp_gain(sz/front/cut)=1/2/0
DBG t=24 used=0.019 remain=1.422 turn_time=0.0184018 end_in=0.0184018 cand_pre=41 cand_cap=20 cand=41->20 pre=41 pick(must/bucket/top/rand)=1/3/12/4 depth0=7 depth=0 dlog=5 dper=2 sims=56724 loop=56704 gen_time=0 eval_time=0.019 best_avg=0.148111 best_move=6,8 leader=1 inc2=1 attack_w=0.2 S0=25655 SA=22152 ratio=1.15813 my_comp=18 my_front=30 leader_comp=11 comp_gain(sz/front/cut)=0/0/0
DBG t=37 used=0.018 remain=1.178 turn_time=0.0177822 end_in=0.0177822 cand_pre=46 cand_cap=20 cand=46->20 pre=46 pick(must/bucket/top/rand)=1/4/11/4 depth0=10 depth=2 dlog=5 dper=3 sims=2220 loop=2200 gen_time=0 eval_time=0.018 best_avg=0.171452 best_move=4,2 leader=1 inc2=1 attack_w=0.2 S0=37717 SA=32300 ratio=1.1677 my_comp=22 my_front=34 leader_comp=16 comp_gain(sz/front/cut)=0/0/0
DBG t=49 used=0.018 remain=0.962 turn_time=0.017448 end_in=0.017448 cand_pre=50 cand_cap=20 cand=50->20 pre=50 pick(must/bucket/top/rand)=1/4/11/4 depth0=10 depth=2 dlog=5 dper=3 sims=1956 loop=1936 gen_time=0 eval_time=0.018 best_avg=0.303292 best_move=2,4 leader=1 inc2=1 attack_w=0.2 S0=42878 SA=32250 ratio=1.32954 my_comp=24 my_front=38 leader_comp=16 comp_gain(sz/front/cut)=1/2/0
DBG t=61 used=0.017 remain=0.747 turn_time=0.0168458 end_in=0.0168458 cand_pre=57 cand_cap=20 cand=57->20 pre=57 pick(must/bucket/top/rand)=1/4/11/4 depth0=10 depth=1 dlog=5 dper=4 sims=1528 loop=1508 gen_time=0 eval_time=0.017 best_avg=0.433167 best_move=1,4 leader=1 inc2=1 attack_w=0.2 S0=51897 SA=34226 ratio=1.51629 my_comp=33 my_front=39 leader_comp=17 comp_gain(sz/front/cut)=0/0/0
DBG t=74 used=0.017 remain=0.526 turn_time=0.016741 end_in=0.016741 cand_pre=65 cand_cap=14 cand=65->14 pre=42 pick(must/bucket/top/rand)=1/4/6/3 depth0=11 depth=2 dlog=5 dper=4 sims=1182 loop=1168 gen_time=0 eval_time=0.017 best_avg=0.514132 best_move=0,4 leader=1 inc2=1 attack_w=0.2 S0=60037 SA=36186 ratio=1.6591 my_comp=38 my_front=46 leader_comp=18 comp_gain(sz/front/cut)=1/-3/0
DBG t=86 used=0.019 remain=0.313 turn_time=0.0180646 end_in=0.0180646 cand_pre=68 cand_cap=14 cand=68->14 pre=42 pick(must/bucket/top/rand)=1/6/4/3 depth0=11 depth=2 dlog=5 dper=4 sims=1310 loop=1296 gen_time=0 eval_time=0.019 best_avg=0.597288 best_move=4,2 leader=1 inc2=1 attack_w=0.2 S0=64985 SA=36170 ratio=1.79663 my_comp=43 my_front=42 leader_comp=19 comp_gain(sz/front/cut)=0/0/0
DBG t=99 used=0.025 remain=0.04 turn_time=0.024 end_in=0.024 cand_pre=72 cand_cap=14 cand=72->14 pre=42 pick(must/bucket/top/rand)=1/8/2/3 depth0=0 depth=0 dlog=5 dper=3 sims=65802 loop=65788 gen_time=0 eval_time=0.025 best_avg=0.683884 best_move=6,1 leader=1 inc2=1 attack_w=0.2 S0=67990 SA=34927 ratio=1.9466 my_comp=46 my_front=41 leader_comp=15 comp_gain(sz/front/cut)=1/2/1
DBG summary depth_guard_fired=0
Score = 157248
=== CASE 0026.txt ===
DBG hdr N=10 M=3 T=100 U=1 VMAX=1795 TIME_LIMIT=1.94 MAX_CAND=20 UCB_C=0.21 OBJ=log(S0+1)-log(SA+1)
DBG t=0 used=0.024 remain=1.94 turn_time=0.0236195 end_in=0.0236195 cand_pre=5 cand_cap=20 cand=5->5 pre=5 pick(must/bucket/top/rand)=1/3/1/0 depth0=7 depth=5 dlog=2 dper=0 sims=6257 loop=6252 gen_time=0 eval_time=0.024 best_avg=0.0646302 best_move=5,4 leader=2 inc2=1 attack_w=0.20191 S0=942 SA=943 ratio=0.998941 my_comp=1 my_front=4 leader_comp=1 comp_gain(sz/front/cut)=1/2/0
DBG t=12 used=0.021 remain=1.671 turn_time=0.0204033 end_in=0.0204033 cand_pre=27 cand_cap=20 cand=27->20 pre=27 pick(must/bucket/top/rand)=1/5/10/4 depth0=7 depth=3 dlog=4 dper=0 sims=3240 loop=3220 gen_time=0 eval_time=0.021 best_avg=0.140945 best_move=4,6 leader=1 inc2=1 attack_w=0.2 S0=14325 SA=12267 ratio=1.16775 my_comp=13 my_front=22 leader_comp=13 comp_gain(sz/front/cut)=1/2/1
DBG t=24 used=0.023 remain=1.413 turn_time=0.0222733 end_in=0.0222733 cand_pre=8 cand_cap=20 cand=8->8 pre=8 pick(must/bucket/top/rand)=1/4/3/0 depth0=7 depth=5 dlog=2 dper=0 sims=4360 loop=4352 gen_time=0 eval_time=0.023 best_avg=0.235869 best_move=9,7 leader=1 inc2=1 attack_w=0.2 S0=21368 SA=15226 ratio=1.40336 my_comp=4 my_front=6 leader_comp=5 comp_gain(sz/front/cut)=0/0/0
DBG t=37 used=0.019 remain=1.156 turn_time=0.0186428 end_in=0.0186428 cand_pre=36 cand_cap=20 cand=36->20 pre=36 pick(must/bucket/top/rand)=1/5/10/4 depth0=10 depth=3 dlog=5 dper=2 sims=2412 loop=2392 gen_time=0 eval_time=0.019 best_avg=0.384219 best_move=5,9 leader=1 inc2=1 attack_w=0.2 S0=24599 SA=17958 ratio=1.36979 my_comp=19 my_front=27 leader_comp=7 comp_gain(sz/front/cut)=1/-1/0
DBG t=49 used=0.017 remain=0.937 turn_time=0.0169946 end_in=0.0169946 cand_pre=50 cand_cap=20 cand=50->20 pre=50 pick(must/bucket/top/rand)=1/5/10/4 depth0=10 depth=2 dlog=5 dper=3 sims=1720 loop=1700 gen_time=0 eval_time=0.017 best_avg=0.96991 best_move=2,8 leader=1 inc2=1 attack_w=0.2 S0=33297 SA=12465 ratio=2.67111 my_comp=30 my_front=35 leader_comp=2 comp_gain(sz/front/cut)=1/2/0
DBG t=61 used=0.019 remain=0.727 turn_time=0.0189393 end_in=0.0189393 cand_pre=36 cand_cap=20 cand=36->20 pre=36 pick(must/bucket/top/rand)=1/4/11/4 depth0=10 depth=3 dlog=5 dper=2 sims=1980 loop=1960 gen_time=0 eval_time=0.019 best_avg=1.26789 best_move=1,6 leader=1 inc2=1 attack_w=0.2 S0=37735 SA=10786 ratio=3.49828 my_comp=24 my_front=23 leader_comp=3 comp_gain(sz/front/cut)=1/2/0
DBG t=74 used=0.016 remain=0.499 turn_time=0.0158816 end_in=0.0158816 cand_pre=65 cand_cap=14 cand=65->14 pre=42 pick(must/bucket/top/rand)=1/5/5/3 depth0=11 depth=2 dlog=5 dper=4 sims=1090 loop=1076 gen_time=0 eval_time=0.016 best_avg=1.64553 best_move=7,8 leader=1 inc2=1 attack_w=0.2 S0=43916 SA=7942 ratio=5.52902 my_comp=41 my_front=41 leader_comp=2 comp_gain(sz/front/cut)=1/-4/0
DBG t=86 used=0.02 remain=0.294 turn_time=0.019152 end_in=0.019152 cand_pre=52 cand_cap=20 cand=52->20 pre=52 pick(must/bucket/top/rand)=1/5/10/4 depth0=11 depth=3 dlog=5 dper=3 sims=1756 loop=1736 gen_time=0 eval_time=0.02 best_avg=2.10202 best_move=0,6 leader=1 inc2=1 attack_w=0.2 S0=47916 SA=5341 ratio=8.96986 my_comp=32 my_front=28 leader_comp=3 comp_gain(sz/front/cut)=1/-1/0
DBG t=99 used=0.017 remain=0.028 turn_time=0.0168 end_in=0.0168 cand_pre=74 cand_cap=14 cand=74->14 pre=42 pick(must/bucket/top/rand)=1/5/5/3 depth0=0 depth=0 dlog=6 dper=4 sims=55778 loop=55764 gen_time=0 eval_time=0.017 best_avg=2.23254 best_move=7,7 leader=2 inc2=1 attack_w=0.2 S0=49790 SA=4515 ratio=11.0255 my_comp=48 my_front=48 leader_comp=3 comp_gain(sz/front/cut)=1/0/2
DBG summary depth_guard_fired=0
Score = 333283
=== CASE 0024.txt ===
DBG hdr N=10 M=6 T=100 U=2 VMAX=2351 TIME_LIMIT=1.94 MAX_CAND=20 UCB_C=0.21 OBJ=log(S0+1)-log(SA+1)
DBG t=0 used=0.024 remain=1.94 turn_time=0.0238717 end_in=0.0238717 cand_pre=3 cand_cap=20 cand=3->3 pre=3 pick(must/bucket/top/rand)=1/2/0/0 depth0=7 depth=6 dlog=1 dper=0 sims=3743 loop=3740 gen_time=0 eval_time=0.024 best_avg=-0.931064 best_move=0,9 leader=2 inc2=1 attack_w=0.85 S0=930 SA=2163 ratio=0.430222 my_comp=1 my_front=3 leader_comp=1 comp_gain(sz/front/cut)=1/0/0
DBG t=12 used=0.023 remain=1.657 turn_time=0.022313 end_in=0.022313 cand_pre=10 cand_cap=20 cand=10->10 pre=10 pick(must/bucket/top/rand)=1/4/5/0 depth0=7 depth=4 dlog=3 dper=0 sims=3594 loop=3584 gen_time=0 eval_time=0.023 best_avg=-1.28388 best_move=4,8 leader=2 inc2=1 attack_w=0.85 S0=5322 SA=19761 ratio=0.269355 my_comp=5 my_front=9 leader_comp=9 comp_gain(sz/front/cut)=1/2/0
DBG t=24 used=0.021 remain=1.396 turn_time=0.0205726 end_in=0.0205726 cand_pre=20 cand_cap=20 cand=20->20 pre=20 pick(must/bucket/top/rand)=1/5/10/4 depth0=7 depth=3 dlog=4 dper=0 sims=2928 loop=2908 gen_time=0 eval_time=0.021 best_avg=-0.803381 best_move=7,9 leader=1 inc2=1 attack_w=0.85 S0=14386 SA=35533 ratio=0.40488 my_comp=9 my_front=16 leader_comp=16 comp_gain(sz/front/cut)=0/0/0
DBG t=37 used=0.019 remain=1.131 turn_time=0.0187064 end_in=0.0187064 cand_pre=32 cand_cap=20 cand=32->20 pre=32 pick(must/bucket/top/rand)=1/8/7/4 depth0=10 depth=5 dlog=4 dper=1 sims=1536 loop=1516 gen_time=0 eval_time=0.019 best_avg=-0.0684265 best_move=8,5 leader=2 inc2=1 attack_w=0.8085 S0=23963 SA=29495 ratio=0.812449 my_comp=15 my_front=24 leader_comp=4 comp_gain(sz/front/cut)=1/2/0
DBG t=49 used=0.018 remain=0.904 turn_time=0.0178939 end_in=0.0178939 cand_pre=37 cand_cap=20 cand=37->20 pre=37 pick(must/bucket/top/rand)=1/8/7/4 depth0=10 depth=3 dlog=5 dper=2 sims=1852 loop=1832 gen_time=0 eval_time=0.018 best_avg=0.385827 best_move=6,4 leader=4 inc2=1 attack_w=0.2 S0=34178 SA=24028 ratio=1.42241 my_comp=19 my_front=28 leader_comp=15 comp_gain(sz/front/cut)=1/2/1
DBG t=61 used=0.018 remain=0.688 turn_time=0.0171206 end_in=0.0171206 cand_pre=43 cand_cap=20 cand=43->20 pre=43 pick(must/bucket/top/rand)=1/8/7/4 depth0=10 depth=2 dlog=5 dper=3 sims=2324 loop=2304 gen_time=0 eval_time=0.018 best_avg=0.494012 best_move=9,3 leader=3 inc2=1 attack_w=0.2 S0=46196 SA=29590 ratio=1.56118 my_comp=22 my_front=33 leader_comp=8 comp_gain(sz/front/cut)=0/0/0
DBG t=74 used=0.017 remain=0.456 turn_time=0.0169071 end_in=0.0169071 cand_pre=44 cand_cap=20 cand=44->20 pre=44 pick(must/bucket/top/rand)=1/7/8/4 depth0=11 depth=3 dlog=5 dper=3 sims=1728 loop=1708 gen_time=0 eval_time=0.017 best_avg=0.689148 best_move=6,3 leader=3 inc2=1 attack_w=0.2 S0=56076 SA=25110 ratio=2.23316 my_comp=24 my_front=36 leader_comp=2 comp_gain(sz/front/cut)=0/0/0
DBG t=86 used=0.017 remain=0.251 turn_time=0.0167005 end_in=0.0167005 cand_pre=49 cand_cap=20 cand=49->20 pre=49 pick(must/bucket/top/rand)=1/8/7/4 depth0=11 depth=3 dlog=5 dper=3 sims=1564 loop=1544 gen_time=0 eval_time=0.017 best_avg=0.621264 best_move=4,4 leader=4 inc2=1 attack_w=0.2 S0=53663 SA=28075 ratio=1.91138 my_comp=25 my_front=41 leader_comp=9 comp_gain(sz/front/cut)=1/2/1
DBG t=99 used=0.014 remain=0.023 turn_time=0.0138 end_in=0.0138 cand_pre=55 cand_cap=16 cand=55->16 pre=48 pick(must/bucket/top/rand)=1/8/3/4 depth0=0 depth=0 dlog=5 dper=4 sims=22120 loop=22104 gen_time=0 eval_time=0.014 best_avg=0.78306 best_move=2,8 leader=5 inc2=1 attack_w=0.2 S0=59149 SA=26041 ratio=2.27133 my_comp=28 my_front=46 leader_comp=13 comp_gain(sz/front/cut)=3/5/1
DBG summary depth_guard_fired=0
Score = 168070
=== CASE 0029.txt ===
DBG hdr N=10 M=3 T=100 U=5 VMAX=1023 TIME_LIMIT=1.94 MAX_CAND=20 UCB_C=0.21 OBJ=log(S0+1)-log(SA+1)
DBG t=0 used=0.024 remain=1.94 turn_time=0.0236195 end_in=0.0236195 cand_pre=5 cand_cap=20 cand=5->5 pre=5 pick(must/bucket/top/rand)=1/2/2/0 depth0=7 depth=5 dlog=2 dper=0 sims=6989 loop=6984 gen_time=0 eval_time=0.024 best_avg=-0.0311844 best_move=5,8 leader=1 inc2=1 attack_w=0.203239 S0=997 SA=999 ratio=0.998 my_comp=1 my_front=4 leader_comp=1 comp_gain(sz/front/cut)=1/2/0
DBG t=12 used=0.021 remain=1.669 turn_time=0.0206254 end_in=0.0206254 cand_pre=25 cand_cap=20 cand=25->20 pre=25 pick(must/bucket/top/rand)=1/7/8/4 depth0=7 depth=3 dlog=4 dper=0 sims=3532 loop=3512 gen_time=0 eval_time=0.021 best_avg=-0.0307075 best_move=4,5 leader=1 inc2=1 attack_w=0.324583 S0=13066 SA=13164 ratio=0.992556 my_comp=10 my_front=21 leader_comp=12 comp_gain(sz/front/cut)=0/0/0
DBG t=24 used=0.019 remain=1.43 turn_time=0.0182607 end_in=0.0182607 cand_pre=43 cand_cap=20 cand=43->20 pre=43 pick(must/bucket/top/rand)=1/8/7/4 depth0=7 depth=0 dlog=5 dper=2 sims=44316 loop=44296 gen_time=0 eval_time=0.019 best_avg=0.213372 best_move=6,6 leader=2 inc2=1 attack_w=0.2 S0=25097 SA=20051 ratio=1.25165 my_comp=21 my_front=34 leader_comp=13 comp_gain(sz/front/cut)=0/0/0
DBG t=37 used=0.018 remain=1.193 turn_time=0.0170239 end_in=0.0170239 cand_pre=54 cand_cap=20 cand=54->20 pre=54 pick(must/bucket/top/rand)=1/8/7/4 depth0=10 depth=2 dlog=5 dper=3 sims=1576 loop=1556 gen_time=0 eval_time=0.018 best_avg=0.301332 best_move=6,5 leader=2 inc2=1 attack_w=0.2 S0=35125 SA=25992 ratio=1.35136 my_comp=29 my_front=40 leader_comp=18 comp_gain(sz/front/cut)=1/-2/1
DBG t=49 used=0.016 remain=0.99 turn_time=0.0158109 end_in=0.0158109 cand_pre=67 cand_cap=14 cand=67->14 pre=42 pick(must/bucket/top/rand)=1/8/2/3 depth0=10 depth=1 dlog=5 dper=4 sims=1130 loop=1116 gen_time=0 eval_time=0.016 best_avg=0.388196 best_move=7,4 leader=1 inc2=1 attack_w=0.2 S0=45179 SA=30235 ratio=1.49425 my_comp=38 my_front=47 leader_comp=22 comp_gain(sz/front/cut)=0/0/0
DBG t=61 used=0.02 remain=0.785 turn_time=0.0190111 end_in=0.0190111 cand_pre=47 cand_cap=20 cand=47->20 pre=47 pick(must/bucket/top/rand)=1/8/7/4 depth0=10 depth=3 dlog=5 dper=2 sims=1468 loop=1448 gen_time=0 eval_time=0.02 best_avg=0.290341 best_move=7,3 leader=2 inc2=1 attack_w=0.2 S0=48216 SA=34933 ratio=1.38023 my_comp=27 my_front=34 leader_comp=21 comp_gain(sz/front/cut)=9/18/1
DBG t=74 used=0.018 remain=0.55 turn_time=0.0176423 end_in=0.0176423 cand_pre=64 cand_cap=14 cand=64->14 pre=42 pick(must/bucket/top/rand)=1/8/2/3 depth0=11 depth=2 dlog=5 dper=4 sims=1218 loop=1204 gen_time=0 eval_time=0.018 best_avg=0.202663 best_move=5,2 leader=2 inc2=1 attack_w=0.2 S0=48199 SA=38984 ratio=1.23637 my_comp=35 my_front=50 leader_comp=21 comp_gain(sz/front/cut)=0/0/0
DBG t=86 used=0.019 remain=0.329 turn_time=0.0185297 end_in=0.0185297 cand_pre=71 cand_cap=14 cand=71->14 pre=42 pick(must/bucket/top/rand)=1/8/2/3 depth0=11 depth=2 dlog=5 dper=4 sims=1222 loop=1208 gen_time=0 eval_time=0.019 best_avg=0.292371 best_move=6,1 leader=2 inc2=1 attack_w=0.2 S0=50297 SA=37935 ratio=1.32586 my_comp=40 my_front=57 leader_comp=14 comp_gain(sz/front/cut)=1/0/0
DBG t=99 used=0.019 remain=0.03 turn_time=0.018 end_in=0.018 cand_pre=74 cand_cap=14 cand=74->14 pre=42 pick(must/bucket/top/rand)=1/8/2/3 depth0=0 depth=0 dlog=6 dper=4 sims=38474 loop=38460 gen_time=0 eval_time=0.019 best_avg=0.320182 best_move=1,7 leader=1 inc2=1 attack_w=0.2 S0=50167 SA=36255 ratio=1.38372 my_comp=43 my_front=64 leader_comp=5 comp_gain(sz/front/cut)=1/2/0
DBG summary depth_guard_fired=0
Score = 124325
=== CASE 0027.txt ===
DBG hdr N=10 M=5 T=100 U=1 VMAX=1278 TIME_LIMIT=1.94 MAX_CAND=20 UCB_C=0.21 OBJ=log(S0+1)-log(SA+1)
DBG t=0 used=0.024 remain=1.94 turn_time=0.0237456 end_in=0.0237456 cand_pre=4 cand_cap=20 cand=4->4 pre=4 pick(must/bucket/top/rand)=1/2/1/0 depth0=7 depth=6 dlog=1 dper=0 sims=4292 loop=4288 gen_time=0 eval_time=0.024 best_avg=0.314702 best_move=3,9 leader=4 inc2=1 attack_w=0.819098 S0=928 SA=1147 ratio=0.809233 my_comp=1 my_front=3 leader_comp=1 comp_gain(sz/front/cut)=1/1/0
DBG t=12 used=0.021 remain=1.669 turn_time=0.0202556 end_in=0.0202556 cand_pre=28 cand_cap=20 cand=28->20 pre=28 pick(must/bucket/top/rand)=1/5/10/4 depth0=7 depth=2 dlog=4 dper=1 sims=4512 loop=4492 gen_time=0 eval_time=0.021 best_avg=0.388021 best_move=4,4 leader=2 inc2=0 attack_w=0.2 S0=14129 SA=9544 ratio=1.48036 my_comp=13 my_front=22 leader_comp=9 comp_gain(sz/front/cut)=1/2/2
DBG t=24 used=0.02 remain=1.406 turn_time=0.0191568 end_in=0.0191568 cand_pre=33 cand_cap=20 cand=33->20 pre=33 pick(must/bucket/top/rand)=1/6/9/4 depth0=7 depth=2 dlog=4 dper=1 sims=2852 loop=2832 gen_time=0 eval_time=0.02 best_avg=0.766498 best_move=5,6 leader=4 inc2=1 attack_w=0.2 S0=22440 SA=11026 ratio=2.0351 my_comp=12 my_front=26 leader_comp=6 comp_gain(sz/front/cut)=1/2/0
DBG t=37 used=0.018 remain=1.164 turn_time=0.0172106 end_in=0.0172106 cand_pre=49 cand_cap=20 cand=49->20 pre=49 pick(must/bucket/top/rand)=1/6/9/4 depth0=10 depth=2 dlog=5 dper=3 sims=1536 loop=1516 gen_time=0 eval_time=0.018 best_avg=0.597145 best_move=8,3 leader=2 inc2=1 attack_w=0.2 S0=29365 SA=14835 ratio=1.97937 my_comp=25 my_front=42 leader_comp=15 comp_gain(sz/front/cut)=1/2/1
DBG t=49 used=0.022 remain=0.928 turn_time=0.0212075 end_in=0.0212075 cand_pre=13 cand_cap=20 cand=13->13 pre=13 pick(must/bucket/top/rand)=1/1/11/0 depth0=10 depth=7 dlog=3 dper=0 sims=1405 loop=1392 gen_time=0 eval_time=0.022 best_avg=0.141451 best_move=7,9 leader=1 inc2=1 attack_w=0.2 S0=23644 SA=18846 ratio=1.25458 my_comp=5 my_front=10 leader_comp=3 comp_gain(sz/front/cut)=1/1/0
DBG t=61 used=0.019 remain=0.685 turn_time=0.0185301 end_in=0.0185301 cand_pre=30 cand_cap=20 cand=30->20 pre=30 pick(must/bucket/top/rand)=1/4/11/4 depth0=10 depth=5 dlog=4 dper=1 sims=1280 loop=1260 gen_time=0 eval_time=0.019 best_avg=0.123402 best_move=9,2 leader=3 inc2=1 attack_w=0.2 S0=23492 SA=21818 ratio=1.07672 my_comp=19 my_front=17 leader_comp=18 comp_gain(sz/front/cut)=4/1/0
DBG t=74 used=0.019 remain=0.432 turn_time=0.0186092 end_in=0.0186092 cand_pre=20 cand_cap=20 cand=20->20 pre=20 pick(must/bucket/top/rand)=1/4/11/4 depth0=11 depth=7 dlog=4 dper=0 sims=1168 loop=1148 gen_time=0 eval_time=0.019 best_avg=0.469706 best_move=4,0 leader=3 inc2=1 attack_w=0.2 S0=30587 SA=21871 ratio=1.3985 my_comp=9 my_front=18 leader_comp=19 comp_gain(sz/front/cut)=1/-1/0
DBG t=86 used=0.017 remain=0.211 turn_time=0.0165861 end_in=0.0165861 cand_pre=23 cand_cap=20 cand=23->20 pre=23 pick(must/bucket/top/rand)=1/4/11/4 depth0=11 depth=6 dlog=4 dper=1 sims=1076 loop=1056 gen_time=0 eval_time=0.017 best_avg=0.487912 best_move=3,4 leader=2 inc2=1 attack_w=0.2 S0=30532 SA=21610 ratio=1.41285 my_comp=11 my_front=16 leader_comp=20 comp_gain(sz/front/cut)=1/2/2
DBG depth_guard t=99 remain=0.014 cand_pre=57 depth0=0 depth=0
DBG t=99 used=0.009 remain=0.014 turn_time=0.0084 end_in=0.0084 cand_pre=57 cand_cap=14 cand=57->14 pre=42 pick(must/bucket/top/rand)=1/4/6/3 depth0=0 depth=0 dlog=5 dper=5 sims=13370 loop=13356 gen_time=0 eval_time=0.009 best_avg=0.636068 best_move=7,6 leader=3 inc2=1 attack_w=0.2 S0=34457 SA=17882 ratio=1.92686 my_comp=33 my_front=38 leader_comp=8 comp_gain(sz/front/cut)=1/2/0
DBG summary depth_guard_fired=1
Score = 152300
=== CASE 0028.txt ===
DBG hdr N=10 M=5 T=100 U=3 VMAX=1872 TIME_LIMIT=1.94 MAX_CAND=20 UCB_C=0.21 OBJ=log(S0+1)-log(SA+1)
DBG t=0 used=0.024 remain=1.94 turn_time=0.0238717 end_in=0.0238717 cand_pre=3 cand_cap=20 cand=3->3 pre=3 pick(must/bucket/top/rand)=1/2/0/0 depth0=7 depth=6 dlog=1 dper=0 sims=4735 loop=4732 gen_time=0 eval_time=0.024 best_avg=-0.344243 best_move=0,0 leader=4 inc2=1 attack_w=0.13 S0=1172 SA=1046 ratio=1.12034 my_comp=1 my_front=2 leader_comp=1 comp_gain(sz/front/cut)=0/0/0
DBG t=12 used=0.022 remain=1.658 turn_time=0.0219591 end_in=0.0219591 cand_pre=13 cand_cap=20 cand=13->13 pre=13 pick(must/bucket/top/rand)=1/4/8/0 depth0=7 depth=4 dlog=3 dper=0 sims=3853 loop=3840 gen_time=0 eval_time=0.022 best_avg=-0.0672439 best_move=1,2 leader=1 inc2=0 attack_w=0.434994 S0=13068 SA=13832 ratio=0.94477 my_comp=7 my_front=9 leader_comp=12 comp_gain(sz/front/cut)=0/0/0
DBG t=24 used=0.021 remain=1.392 turn_time=0.0206327 end_in=0.0206327 cand_pre=19 cand_cap=20 cand=19->19 pre=19 pick(must/bucket/top/rand)=1/5/10/3 depth0=7 depth=3 dlog=4 dper=0 sims=3495 loop=3476 gen_time=0 eval_time=0.021 best_avg=-0.152064 best_move=0,6 leader=1 inc2=0 attack_w=0.790705 S0=21896 SA=26771 ratio=0.817907 my_comp=11 my_front=13 leader_comp=19 comp_gain(sz/front/cut)=1/1/1
DBG t=37 used=0.02 remain=1.123 turn_time=0.0196168 end_in=0.0196168 cand_pre=23 cand_cap=20 cand=23->20 pre=23 pick(must/bucket/top/rand)=1/7/8/4 depth0=10 depth=6 dlog=4 dper=0 sims=1684 loop=1664 gen_time=0 eval_time=0.02 best_avg=-0.186564 best_move=0,5 leader=1 inc2=0 attack_w=0.811184 S0=28006 SA=34506 ratio=0.811632 my_comp=13 my_front=16 leader_comp=5 comp_gain(sz/front/cut)=0/0/0
DBG t=49 used=0.02 remain=0.877 turn_time=0.0193714 end_in=0.0193714 cand_pre=19 cand_cap=20 cand=19->19 pre=19 pick(must/bucket/top/rand)=1/7/8/3 depth0=10 depth=6 dlog=4 dper=0 sims=1919 loop=1900 gen_time=0 eval_time=0.02 best_avg=0.340841 best_move=3,7 leader=1 inc2=0 attack_w=0.2 S0=35248 SA=33016 ratio=1.0676 my_comp=9 my_front=15 leader_comp=3 comp_gain(sz/front/cut)=0/0/0
DBG t=61 used=0.019 remain=0.643 turn_time=0.0183585 end_in=0.0183585 cand_pre=21 cand_cap=20 cand=21->20 pre=21 pick(must/bucket/top/rand)=1/6/9/4 depth0=10 depth=6 dlog=4 dper=0 sims=1584 loop=1564 gen_time=0 eval_time=0.019 best_avg=0.252234 best_move=2,5 leader=2 inc2=1 attack_w=0.2 S0=41084 SA=27177 ratio=1.5117 my_comp=10 my_front=17 leader_comp=19 comp_gain(sz/front/cut)=0/0/0
DBG t=74 used=0.017 remain=0.41 turn_time=0.016739 end_in=0.016739 cand_pre=29 cand_cap=20 cand=29->20 pre=29 pick(must/bucket/top/rand)=1/4/11/4 depth0=11 depth=6 dlog=4 dper=1 sims=1428 loop=1408 gen_time=0 eval_time=0.017 best_avg=0.460822 best_move=2,4 leader=2 inc2=0 attack_w=0.2 S0=55615 SA=33938 ratio=1.6387 my_comp=13 my_front=21 leader_comp=23 comp_gain(sz/front/cut)=1/2/0
DBG t=86 used=0.018 remain=0.202 turn_time=0.017473 end_in=0.017473 cand_pre=6 cand_cap=20 cand=6->6 pre=6 pick(must/bucket/top/rand)=1/4/1/0 depth0=11 depth=6 dlog=2 dper=0 sims=2310 loop=2304 gen_time=0 eval_time=0.018 best_avg=0.590153 best_move=8,6 leader=2 inc2=1 attack_w=0.2 S0=55503 SA=27282 ratio=2.03438 my_comp=2 my_front=6 leader_comp=2 comp_gain(sz/front/cut)=1/2/0
DBG depth_guard t=98 remain=0.019 cand_pre=23 depth0=1 depth=0
DBG depth_guard t=99 remain=0.008 cand_pre=22 depth0=0 depth=0
DBG t=99 used=0.005 remain=0.008 turn_time=0.0048 end_in=0.0048 cand_pre=22 cand_cap=12 cand=22->12 pre=22 pick(must/bucket/top/rand)=1/5/4/2 depth0=0 depth=0 dlog=4 dper=5 sims=7300 loop=7288 gen_time=0 eval_time=0.005 best_avg=0.70672 best_move=8,2 leader=2 inc2=1 attack_w=0.2 S0=52883 SA=25867 ratio=2.04438 my_comp=10 my_front=20 leader_comp=6 comp_gain(sz/front/cut)=0/0/0
DBG summary depth_guard_fired=2
Score = 163064
=== CASE 0030.txt ===
DBG hdr N=10 M=5 T=100 U=2 VMAX=2124 TIME_LIMIT=1.94 MAX_CAND=20 UCB_C=0.21 OBJ=log(S0+1)-log(SA+1)
DBG t=0 used=0.024 remain=1.94 turn_time=0.0236195 end_in=0.0236195 cand_pre=5 cand_cap=20 cand=5->5 pre=5 pick(must/bucket/top/rand)=1/2/2/0 depth0=7 depth=5 dlog=2 dper=0 sims=4941 loop=4936 gen_time=0 eval_time=0.024 best_avg=0.188285 best_move=7,6 leader=3 inc2=0 attack_w=0.442251 S0=1083 SA=1150 ratio=0.94179 my_comp=1 my_front=4 leader_comp=1 comp_gain(sz/front/cut)=1/2/0
DBG t=12 used=0.022 remain=1.668 turn_time=0.0213523 end_in=0.0213523 cand_pre=19 cand_cap=20 cand=19->19 pre=19 pick(must/bucket/top/rand)=1/2/13/3 depth0=7 depth=3 dlog=4 dper=0 sims=4139 loop=4120 gen_time=0 eval_time=0.022 best_avg=0.652323 best_move=8,8 leader=2 inc2=1 attack_w=0.2 S0=21512 SA=9660 ratio=2.22679 my_comp=8 my_front=14 leader_comp=5 comp_gain(sz/front/cut)=0/0/0
DBG t=24 used=0.021 remain=1.412 turn_time=0.0204461 end_in=0.0204461 cand_pre=23 cand_cap=20 cand=23->20 pre=23 pick(must/bucket/top/rand)=1/4/11/4 depth0=7 depth=3 dlog=4 dper=0 sims=2848 loop=2828 gen_time=0 eval_time=0.021 best_avg=0.344804 best_move=5,7 leader=1 inc2=0 attack_w=0.2 S0=31200 SA=21910 ratio=1.42399 my_comp=12 my_front=15 leader_comp=13 comp_gain(sz/front/cut)=0/0/0
DBG t=37 used=0.019 remain=1.147 turn_time=0.0181426 end_in=0.0181426 cand_pre=39 cand_cap=20 cand=39->20 pre=39 pick(must/bucket/top/rand)=1/8/7/4 depth0=10 depth=3 dlog=5 dper=2 sims=1684 loop=1664 gen_time=0 eval_time=0.019 best_avg=0.596831 best_move=2,5 leader=1 inc2=1 attack_w=0.2 S0=42218 SA=24021 ratio=1.75751 my_comp=22 my_front=28 leader_comp=15 comp_gain(sz/front/cut)=0/0/0
DBG t=49 used=0.022 remain=0.916 turn_time=0.02105 end_in=0.02105 cand_pre=12 cand_cap=20 cand=12->12 pre=12 pick(must/bucket/top/rand)=1/2/9/0 depth0=10 depth=7 dlog=3 dper=0 sims=1720 loop=1708 gen_time=0 eval_time=0.022 best_avg=0.776126 best_move=5,1 leader=1 inc2=0 attack_w=0.2 S0=46345 SA=25920 ratio=1.78797 my_comp=4 my_front=10 leader_comp=16 comp_gain(sz/front/cut)=1/2/0
DBG t=61 used=0.018 remain=0.677 turn_time=0.0171854 end_in=0.0171854 cand_pre=40 cand_cap=20 cand=40->20 pre=40 pick(must/bucket/top/rand)=1/6/9/4 depth0=10 depth=3 dlog=5 dper=2 sims=1616 loop=1596 gen_time=0 eval_time=0.018 best_avg=0.470635 best_move=6,8 leader=1 inc2=0 attack_w=0.2 S0=43668 SA=29343 ratio=1.48817 my_comp=23 my_front=30 leader_comp=18 comp_gain(sz/front/cut)=0/0/0
DBG t=74 used=0.017 remain=0.453 turn_time=0.0167958 end_in=0.0167958 cand_pre=44 cand_cap=20 cand=44->20 pre=44 pick(must/bucket/top/rand)=1/8/7/4 depth0=11 depth=3 dlog=5 dper=3 sims=1556 loop=1536 gen_time=0 eval_time=0.017 best_avg=0.66661 best_move=7,0 leader=1 inc2=1 attack_w=0.2 S0=49814 SA=26769 ratio=1.86085 my_comp=25 my_front=31 leader_comp=5 comp_gain(sz/front/cut)=1/1/0
DBG t=86 used=0.016 remain=0.254 turn_time=0.0156029 end_in=0.0156029 cand_pre=60 cand_cap=20 cand=60->20 pre=60 pick(must/bucket/top/rand)=1/8/7/4 depth0=11 depth=2 dlog=5 dper=4 sims=1312 loop=1292 gen_time=0 eval_time=0.016 best_avg=0.93686 best_move=4,8 leader=1 inc2=1 attack_w=0.2 S0=57537 SA=23957 ratio=2.40162 my_comp=34 my_front=46 leader_comp=7 comp_gain(sz/front/cut)=1/-2/0
DBG t=99 used=0.018 remain=0.029 turn_time=0.0174 end_in=0.0174 cand_pre=67 cand_cap=14 cand=67->14 pre=42 pick(must/bucket/top/rand)=1/8/2/3 depth0=0 depth=0 dlog=5 dper=4 sims=30930 loop=30916 gen_time=0 eval_time=0.018 best_avg=1.18284 best_move=2,7 leader=1 inc2=1 attack_w=0.2 S0=66537 SA=20383 ratio=3.26423 my_comp=43 my_front=46 leader_comp=7 comp_gain(sz/front/cut)=0/0/0
DBG summary depth_guard_fired=0
Score = 210881
=== CASE 0031.txt ===
DBG hdr N=10 M=2 T=100 U=3 VMAX=3223 TIME_LIMIT=1.94 MAX_CAND=20 UCB_C=0.21 OBJ=log(S0+1)-log(SA+1)
DBG t=0 used=0.024 remain=1.94 turn_time=0.0236195 end_in=0.0236195 cand_pre=5 cand_cap=20 cand=5->5 pre=5 pick(must/bucket/top/rand)=1/2/2/0 depth0=7 depth=5 dlog=2 dper=0 sims=9329 loop=9324 gen_time=0 eval_time=0.024 best_avg=0.00211816 best_move=9,8 leader=1 inc2=1 attack_w=0.85 S0=347 SA=1050 ratio=0.331113 my_comp=1 my_front=4 leader_comp=1 comp_gain(sz/front/cut)=1/1/0
DBG t=12 used=0.022 remain=1.661 turn_time=0.0216307 end_in=0.0216307 cand_pre=16 cand_cap=20 cand=16->16 pre=16 pick(must/bucket/top/rand)=1/2/13/0 depth0=7 depth=4 dlog=3 dper=0 sims=5072 loop=5056 gen_time=0 eval_time=0.022 best_avg=-0.274811 best_move=9,5 leader=1 inc2=1 attack_w=0.52042 S0=18163 SA=19941 ratio=0.910841 my_comp=7 my_front=12 leader_comp=13 comp_gain(sz/front/cut)=0/0/0
DBG t=24 used=0.021 remain=1.403 turn_time=0.0200758 end_in=0.0200758 cand_pre=25 cand_cap=20 cand=25->20 pre=25 pick(must/bucket/top/rand)=1/4/11/4 depth0=7 depth=3 dlog=4 dper=0 sims=3684 loop=3664 gen_time=0 eval_time=0.021 best_avg=-0.174913 best_move=7,5 leader=1 inc2=1 attack_w=0.691451 S0=36001 SA=42367 ratio=0.849745 my_comp=11 my_front=20 leader_comp=20 comp_gain(sz/front/cut)=1/2/0
DBG t=37 used=0.019 remain=1.144 turn_time=0.0189214 end_in=0.0189214 cand_pre=32 cand_cap=20 cand=32->20 pre=32 pick(must/bucket/top/rand)=1/4/11/4 depth0=10 depth=5 dlog=4 dper=1 sims=1964 loop=1944 gen_time=0 eval_time=0.019 best_avg=-0.101314 best_move=4,5 leader=1 inc2=1 attack_w=0.504238 S0=55320 SA=60322 ratio=0.91708 my_comp=16 my_front=27 leader_comp=26 comp_gain(sz/front/cut)=1/2/0
DBG t=49 used=0.018 remain=0.921 turn_time=0.0171739 end_in=0.0171739 cand_pre=46 cand_cap=20 cand=46->20 pre=46 pick(must/bucket/top/rand)=1/8/7/4 depth0=10 depth=2 dlog=5 dper=3 sims=1912 loop=1892 gen_time=0 eval_time=0.018 best_avg=0.105336 best_move=4,3 leader=1 inc2=1 attack_w=0.292285 S0=65883 SA=65395 ratio=1.00746 my_comp=22 my_front=39 leader_comp=30 comp_gain(sz/front/cut)=1/2/1
DBG t=61 used=0.017 remain=0.713 turn_time=0.0165544 end_in=0.0165544 cand_pre=53 cand_cap=20 cand=53->20 pre=53 pick(must/bucket/top/rand)=1/8/7/4 depth0=10 depth=2 dlog=5 dper=3 sims=1620 loop=1600 gen_time=0 eval_time=0.017 best_avg=0.471177 best_move=5,4 leader=1 inc2=1 attack_w=0.2 S0=81420 SA=52993 ratio=1.53642 my_comp=26 my_front=47 leader_comp=27 comp_gain(sz/front/cut)=0/0/0
DBG t=74 used=0.019 remain=0.463 turn_time=0.0189029 end_in=0.0189029 cand_pre=29 cand_cap=20 cand=29->20 pre=29 pick(must/bucket/top/rand)=1/8/7/4 depth0=11 depth=6 dlog=4 dper=1 sims=1712 loop=1692 gen_time=0 eval_time=0.019 best_avg=0.736155 best_move=4,3 leader=1 inc2=1 attack_w=0.2 S0=84664 SA=41130 ratio=2.05842 my_comp=13 my_front=24 leader_comp=27 comp_gain(sz/front/cut)=0/0/0
DBG t=86 used=0.018 remain=0.236 turn_time=0.0177843 end_in=0.0177843 cand_pre=30 cand_cap=20 cand=30->20 pre=30 pick(must/bucket/top/rand)=1/8/7/4 depth0=11 depth=6 dlog=4 dper=1 sims=1604 loop=1584 gen_time=0 eval_time=0.018 best_avg=1.01233 best_move=3,0 leader=1 inc2=1 attack_w=0.2 S0=90319 SA=33031 ratio=2.73432 my_comp=14 my_front=26 leader_comp=19 comp_gain(sz/front/cut)=1/1/1
DBG t=99 used=0.013 remain=0.02 turn_time=0.012 end_in=0.012 cand_pre=60 cand_cap=16 cand=60->16 pre=48 pick(must/bucket/top/rand)=1/8/3/4 depth0=0 depth=0 dlog=5 dper=5 sims=35732 loop=35716 gen_time=0 eval_time=0.013 best_avg=1.29643 best_move=1,1 leader=1 inc2=1 attack_w=0.2 S0=89907 SA=25257 ratio=3.55959 my_comp=33 my_front=50 leader_comp=15 comp_gain(sz/front/cut)=0/0/0
DBG summary depth_guard_fired=0
Score = 210827
=== CASE 0032.txt ===
DBG hdr N=10 M=3 T=100 U=5 VMAX=1964 TIME_LIMIT=1.94 MAX_CAND=20 UCB_C=0.21 OBJ=log(S0+1)-log(SA+1)
DBG t=0 used=0.024 remain=1.94 turn_time=0.0236195 end_in=0.0236195 cand_pre=5 cand_cap=20 cand=5->5 pre=5 pick(must/bucket/top/rand)=1/2/2/0 depth0=7 depth=5 dlog=2 dper=0 sims=7389 loop=7384 gen_time=0 eval_time=0.024 best_avg=-0.349239 best_move=2,1 leader=1 inc2=1 attack_w=0.85 S0=645 SA=1213 ratio=0.532125 my_comp=1 my_front=4 leader_comp=1 comp_gain(sz/front/cut)=1/2/0
DBG t=12 used=0.021 remain=1.673 turn_time=0.0207984 end_in=0.0207984 cand_pre=24 cand_cap=20 cand=24->20 pre=24 pick(must/bucket/top/rand)=1/2/13/4 depth0=7 depth=3 dlog=4 dper=0 sims=4316 loop=4296 gen_time=0 eval_time=0.021 best_avg=0.321247 best_move=2,7 leader=1 inc2=1 attack_w=0.2 S0=18138 SA=13887 ratio=1.30609 my_comp=9 my_front=20 leader_comp=4 comp_gain(sz/front/cut)=1/2/0
DBG t=24 used=0.02 remain=1.422 turn_time=0.0197396 end_in=0.0197396 cand_pre=30 cand_cap=20 cand=30->20 pre=30 pick(must/bucket/top/rand)=1/3/12/4 depth0=7 depth=2 dlog=4 dper=1 sims=3544 loop=3524 gen_time=0 eval_time=0.02 best_avg=0.170727 best_move=0,5 leader=1 inc2=1 attack_w=0.2 S0=39584 SA=32184 ratio=1.22992 my_comp=12 my_front=25 leader_comp=8 comp_gain(sz/front/cut)=0/0/0
DBG t=37 used=0.019 remain=1.163 turn_time=0.0187557 end_in=0.0187557 cand_pre=36 cand_cap=20 cand=36->20 pre=36 pick(must/bucket/top/rand)=1/7/8/4 depth0=10 depth=3 dlog=5 dper=2 sims=2376 loop=2356 gen_time=0 eval_time=0.019 best_avg=0.12124 best_move=0,8 leader=1 inc2=1 attack_w=0.2 S0=52856 SA=45011 ratio=1.17429 my_comp=17 my_front=28 leader_comp=10 comp_gain(sz/front/cut)=0/0/0
DBG t=49 used=0.019 remain=0.934 turn_time=0.0184877 end_in=0.0184877 cand_pre=37 cand_cap=20 cand=37->20 pre=37 pick(must/bucket/top/rand)=1/6/9/4 depth0=10 depth=3 dlog=5 dper=2 sims=2232 loop=2212 gen_time=0 eval_time=0.019 best_avg=0.207132 best_move=4,5 leader=1 inc2=1 attack_w=0.2 S0=58528 SA=47662 ratio=1.22798 my_comp=18 my_front=30 leader_comp=13 comp_gain(sz/front/cut)=0/0/0
DBG t=61 used=0.018 remain=0.708 turn_time=0.0177363 end_in=0.0177363 cand_pre=42 cand_cap=20 cand=42->20 pre=42 pick(must/bucket/top/rand)=1/8/7/4 depth0=10 depth=3 dlog=5 dper=2 sims=1916 loop=1896 gen_time=0 eval_time=0.018 best_avg=0.30349 best_move=0,8 leader=2 inc2=1 attack_w=0.2 S0=63858 SA=46693 ratio=1.36761 my_comp=20 my_front=32 leader_comp=21 comp_gain(sz/front/cut)=0/0/0
DBG t=74 used=0.018 remain=0.474 turn_time=0.017456 end_in=0.017456 cand_pre=45 cand_cap=20 cand=45->20 pre=45 pick(must/bucket/top/rand)=1/8/7/4 depth0=11 depth=3 dlog=5 dper=3 sims=1792 loop=1772 gen_time=0 eval_time=0.018 best_avg=0.270073 best_move=3,8 leader=1 inc2=1 attack_w=0.2 S0=67467 SA=49158 ratio=1.37244 my_comp=22 my_front=36 leader_comp=14 comp_gain(sz/front/cut)=1/2/1
DBG t=86 used=0.022 remain=0.251 turn_time=0.0211288 end_in=0.0211288 cand_pre=11 cand_cap=20 cand=11->11 pre=11 pick(must/bucket/top/rand)=1/7/3/0 depth0=11 depth=8 dlog=3 dper=0 sims=1519 loop=1508 gen_time=0 eval_time=0.022 best_avg=0.170661 best_move=4,6 leader=2 inc2=1 attack_w=0.2 S0=71095 SA=53239 ratio=1.33539 my_comp=4 my_front=10 leader_comp=25 comp_gain(sz/front/cut)=18/28/0
DBG depth_guard t=99 remain=0.018 cand_pre=46 depth0=0 depth=0
DBG t=99 used=0.011 remain=0.018 turn_time=0.0108 end_in=0.0108 cand_pre=46 cand_cap=14 cand=46->14 pre=42 pick(must/bucket/top/rand)=1/7/3/3 depth0=0 depth=0 dlog=5 dper=4 sims=21074 loop=21060 gen_time=0 eval_time=0.011 best_avg=0.376152 best_move=5,6 leader=2 inc2=1 attack_w=0.2 S0=75928 SA=52116 ratio=1.4569 my_comp=24 my_front=36 leader_comp=26 comp_gain(sz/front/cut)=0/0/0
DBG summary depth_guard_fired=1
Score = 129805
=== CASE 0033.txt ===
DBG hdr N=10 M=8 T=100 U=4 VMAX=2465 TIME_LIMIT=1.94 MAX_CAND=20 UCB_C=0.21 OBJ=log(S0+1)-log(SA+1)
DBG t=0 used=0.024 remain=1.94 turn_time=0.0237456 end_in=0.0237456 cand_pre=4 cand_cap=20 cand=4->4 pre=4 pick(must/bucket/top/rand)=1/2/1/0 depth0=7 depth=6 dlog=1 dper=0 sims=2848 loop=2844 gen_time=0 eval_time=0.024 best_avg=-0.796477 best_move=7,8 leader=7 inc2=1 attack_w=0.85 S0=457 SA=1553 ratio=0.294723 my_comp=1 my_front=4 leader_comp=1 comp_gain(sz/front/cut)=1/2/0
DBG t=12 used=0.023 remain=1.663 turn_time=0.022271 end_in=0.022271 cand_pre=11 cand_cap=20 cand=11->11 pre=11 pick(must/bucket/top/rand)=1/7/3/0 depth0=7 depth=4 dlog=3 dper=0 sims=3251 loop=3240 gen_time=0 eval_time=0.023 best_avg=-0.11112 best_move=7,5 leader=2 inc2=1 attack_w=0.85 S0=14140 SA=20308 ratio=0.696292 my_comp=4 my_front=10 leader_comp=5 comp_gain(sz/front/cut)=0/0/0
DBG t=24 used=0.022 remain=1.396 turn_time=0.0215278 end_in=0.0215278 cand_pre=12 cand_cap=20 cand=12->12 pre=12 pick(must/bucket/top/rand)=1/6/5/0 depth0=7 depth=4 dlog=3 dper=0 sims=2544 loop=2532 gen_time=0 eval_time=0.022 best_avg=-0.0861583 best_move=6,5 leader=2 inc2=1 attack_w=0.653673 S0=24292 SA=28164 ratio=0.862524 my_comp=6 my_front=12 leader_comp=3 comp_gain(sz/front/cut)=0/0/0
DBG t=37 used=0.021 remain=1.12 turn_time=0.0203733 end_in=0.0203733 cand_pre=16 cand_cap=20 cand=16->16 pre=16 pick(must/bucket/top/rand)=1/6/9/0 depth0=10 depth=7 dlog=3 dper=0 sims=1556 loop=1540 gen_time=0 eval_time=0.021 best_avg=-0.118058 best_move=8,5 leader=6 inc2=1 attack_w=0.59892 S0=35826 SA=40631 ratio=0.881743 my_comp=8 my_front=14 leader_comp=8 comp_gain(sz/front/cut)=0/0/0
DBG t=49 used=0.02 remain=0.874 turn_time=0.0197507 end_in=0.0197507 cand_pre=15 cand_cap=20 cand=15->15 pre=15 pick(must/bucket/top/rand)=1/3/11/0 depth0=10 depth=7 dlog=3 dper=0 sims=1319 loop=1304 gen_time=0 eval_time=0.02 best_avg=-0.0579443 best_move=6,5 leader=6 inc2=1 attack_w=0.306255 S0=44816 SA=44773 ratio=1.00096 my_comp=8 my_front=14 leader_comp=7 comp_gain(sz/front/cut)=0/0/0
DBG t=61 used=0.019 remain=0.641 turn_time=0.0183014 end_in=0.0183014 cand_pre=21 cand_cap=20 cand=21->20 pre=21 pick(must/bucket/top/rand)=1/3/12/4 depth0=10 depth=6 dlog=4 dper=0 sims=1444 loop=1424 gen_time=0 eval_time=0.019 best_avg=0.143172 best_move=6,7 leader=6 inc2=1 attack_w=0.2 S0=53414 SA=46944 ratio=1.13782 my_comp=12 my_front=18 leader_comp=7 comp_gain(sz/front/cut)=3/4/0
DBG t=74 used=0.017 remain=0.411 turn_time=0.0167799 end_in=0.0167799 cand_pre=29 cand_cap=20 cand=29->20 pre=29 pick(must/bucket/top/rand)=1/6/9/4 depth0=11 depth=6 dlog=4 dper=1 sims=1192 loop=1172 gen_time=0 eval_time=0.017 best_avg=0.167012 best_move=5,6 leader=6 inc2=1 attack_w=0.2 S0=60552 SA=51584 ratio=1.17385 my_comp=16 my_front=23 leader_comp=8 comp_gain(sz/front/cut)=0/0/0
DBG t=86 used=0.016 remain=0.208 turn_time=0.0157709 end_in=0.0157709 cand_pre=29 cand_cap=20 cand=29->20 pre=29 pick(must/bucket/top/rand)=1/5/10/4 depth0=11 depth=5 dlog=4 dper=2 sims=1316 loop=1296 gen_time=0 eval_time=0.016 best_avg=0.221084 best_move=8,7 leader=6 inc2=1 attack_w=0.2 S0=63660 SA=51584 ratio=1.2341 my_comp=17 my_front=25 leader_comp=8 comp_gain(sz/front/cut)=0/0/0
DBG depth_guard t=99 remain=0.01 cand_pre=25 depth0=0 depth=0
DBG t=99 used=0.007 remain=0.01 turn_time=0.006 end_in=0.006 cand_pre=25 cand_cap=12 cand=25->12 pre=25 pick(must/bucket/top/rand)=1/4/5/2 depth0=0 depth=0 dlog=4 dper=4 sims=5852 loop=5840 gen_time=0 eval_time=0.007 best_avg=0.296672 best_move=5,6 leader=6 inc2=1 attack_w=0.2 S0=69371 SA=51584 ratio=1.34481 my_comp=13 my_front=19 leader_comp=8 comp_gain(sz/front/cut)=0/0/0
DBG summary depth_guard_fired=1
Score = 122610
=== CASE 0034.txt ===
DBG hdr N=10 M=4 T=100 U=3 VMAX=2224 TIME_LIMIT=1.94 MAX_CAND=20 UCB_C=0.21 OBJ=log(S0+1)-log(SA+1)
DBG t=0 used=0.024 remain=1.94 turn_time=0.0236195 end_in=0.0236195 cand_pre=5 cand_cap=20 cand=5->5 pre=5 pick(must/bucket/top/rand)=1/2/2/0 depth0=7 depth=5 dlog=2 dper=0 sims=5729 loop=5724 gen_time=0 eval_time=0.024 best_avg=-0.221469 best_move=8,6 leader=1 inc2=1 attack_w=0.735302 S0=816 SA=977 ratio=0.835378 my_comp=1 my_front=4 leader_comp=1 comp_gain(sz/front/cut)=1/2/0
DBG t=12 used=0.023 remain=1.659 turn_time=0.0222174 end_in=0.0222174 cand_pre=11 cand_cap=20 cand=11->11 pre=11 pick(must/bucket/top/rand)=1/2/8/0 depth0=7 depth=4 dlog=3 dper=0 sims=4623 loop=4612 gen_time=0 eval_time=0.023 best_avg=-0.258426 best_move=9,6 leader=1 inc2=1 attack_w=0.370106 S0=10802 SA=11110 ratio=0.97228 my_comp=5 my_front=7 leader_comp=3 comp_gain(sz/front/cut)=0/0/0
DBG t=24 used=0.021 remain=1.398 turn_time=0.0202434 end_in=0.0202434 cand_pre=23 cand_cap=20 cand=23->20 pre=23 pick(must/bucket/top/rand)=1/3/12/4 depth0=7 depth=3 dlog=4 dper=0 sims=3252 loop=3232 gen_time=0 eval_time=0.021 best_avg=-0.159255 best_move=6,5 leader=1 inc2=1 attack_w=0.85 S0=20810 SA=28319 ratio=0.734852 my_comp=11 my_front=17 leader_comp=8 comp_gain(sz/front/cut)=0/0/0
DBG t=37 used=0.019 remain=1.144 turn_time=0.0180952 end_in=0.0180952 cand_pre=39 cand_cap=20 cand=39->20 pre=39 pick(must/bucket/top/rand)=1/6/9/4 depth0=10 depth=3 dlog=5 dper=2 sims=2328 loop=2308 gen_time=0 eval_time=0.019 best_avg=0.120051 best_move=0,1 leader=1 inc2=0 attack_w=0.2 S0=34034 SA=32093 ratio=1.06048 my_comp=18 my_front=29 leader_comp=5 comp_gain(sz/front/cut)=0/0/0
DBG t=49 used=0.018 remain=0.925 turn_time=0.0176022 end_in=0.0176022 cand_pre=43 cand_cap=20 cand=43->20 pre=43 pick(must/bucket/top/rand)=1/7/8/4 depth0=10 depth=3 dlog=5 dper=2 sims=2204 loop=2184 gen_time=0 eval_time=0.018 best_avg=0.266989 best_move=0,3 leader=2 inc2=1 attack_w=0.2 S0=43061 SA=32746 ratio=1.31499 my_comp=21 my_front=31 leader_comp=2 comp_gain(sz/front/cut)=0/0/0
DBG t=61 used=0.021 remain=0.703 turn_time=0.0205402 end_in=0.0205402 cand_pre=17 cand_cap=20 cand=17->17 pre=17 pick(must/bucket/top/rand)=1/4/11/1 depth0=10 depth=7 dlog=3 dper=0 sims=1921 loop=1904 gen_time=0 eval_time=0.021 best_avg=0.134638 best_move=1,5 leader=1 inc2=0 attack_w=0.2 S0=44230 SA=38273 ratio=1.15564 my_comp=9 my_front=14 leader_comp=9 comp_gain(sz/front/cut)=0/0/0
DBG t=74 used=0.02 remain=0.437 turn_time=0.0190431 end_in=0.0190431 cand_pre=18 cand_cap=20 cand=18->18 pre=18 pick(must/bucket/top/rand)=1/4/11/2 depth0=11 depth=7 dlog=4 dper=0 sims=1706 loop=1688 gen_time=0 eval_time=0.02 best_avg=0.123859 best_move=2,1 leader=1 inc2=0 attack_w=0.2 S0=46746 SA=44221 ratio=1.0571 my_comp=9 my_front=14 leader_comp=13 comp_gain(sz/front/cut)=0/0/0
DBG t=86 used=0.018 remain=0.212 turn_time=0.0172553 end_in=0.0172553 cand_pre=17 cand_cap=20 cand=17->17 pre=17 pick(must/bucket/top/rand)=1/5/10/1 depth0=11 depth=6 dlog=3 dper=0 sims=1817 loop=1800 gen_time=0 eval_time=0.018 best_avg=0.0427369 best_move=1,1 leader=1 inc2=1 attack_w=0.306357 S0=43846 SA=43806 ratio=1.00091 my_comp=9 my_front=14 leader_comp=9 comp_gain(sz/front/cut)=0/0/0
DBG depth_guard t=98 remain=0.018 cand_pre=20 depth0=1 depth=0
DBG depth_guard t=99 remain=0.007 cand_pre=20 depth0=0 depth=0
DBG t=99 used=0.005 remain=0.007 turn_time=0.0042 end_in=0.0042 cand_pre=20 cand_cap=12 cand=20->12 pre=20 pick(must/bucket/top/rand)=1/6/3/2 depth0=0 depth=0 dlog=4 dper=5 sims=8852 loop=8840 gen_time=0 eval_time=0.005 best_avg=0.204402 best_move=1,0 leader=1 inc2=1 attack_w=0.2 S0=47019 SA=38583 ratio=1.21864 my_comp=10 my_front=17 leader_comp=2 comp_gain(sz/front/cut)=0/0/0
DBG summary depth_guard_fired=2
Score = 115713
=== CASE 0035.txt ===
DBG hdr N=10 M=6 T=100 U=2 VMAX=1863 TIME_LIMIT=1.94 MAX_CAND=20 UCB_C=0.21 OBJ=log(S0+1)-log(SA+1)
DBG t=0 used=0.024 remain=1.94 turn_time=0.0238717 end_in=0.0238717 cand_pre=3 cand_cap=20 cand=3->3 pre=3 pick(must/bucket/top/rand)=1/2/0/0 depth0=7 depth=6 dlog=1 dper=0 sims=3895 loop=3892 gen_time=0 eval_time=0.024 best_avg=-1.10998 best_move=0,2 leader=3 inc2=1 attack_w=0.85 S0=500 SA=1716 ratio=0.291788 my_comp=1 my_front=3 leader_comp=1 comp_gain(sz/front/cut)=0/0/0
DBG t=12 used=0.022 remain=1.661 turn_time=0.0213854 end_in=0.0213854 cand_pre=18 cand_cap=20 cand=18->18 pre=18 pick(must/bucket/top/rand)=1/3/12/2 depth0=7 depth=3 dlog=4 dper=0 sims=4230 loop=4212 gen_time=0 eval_time=0.022 best_avg=-0.5862 best_move=7,0 leader=3 inc2=1 attack_w=0.85 S0=8029 SA=16970 ratio=0.47316 my_comp=9 my_front=12 leader_comp=5 comp_gain(sz/front/cut)=1/1/0
DBG t=24 used=0.02 remain=1.407 turn_time=0.019411 end_in=0.019411 cand_pre=31 cand_cap=20 cand=31->20 pre=31 pick(must/bucket/top/rand)=1/5/10/4 depth0=7 depth=2 dlog=4 dper=1 sims=3164 loop=3144 gen_time=0 eval_time=0.02 best_avg=-0.114913 best_move=8,6 leader=3 inc2=1 attack_w=0.85 S0=20504 SA=26628 ratio=0.770025 my_comp=14 my_front=22 leader_comp=9 comp_gain(sz/front/cut)=1/2/0
DBG t=37 used=0.019 remain=1.157 turn_time=0.0184202 end_in=0.0184202 cand_pre=38 cand_cap=20 cand=38->20 pre=38 pick(must/bucket/top/rand)=1/7/8/4 depth0=10 depth=3 dlog=5 dper=2 sims=1896 loop=1876 gen_time=0 eval_time=0.019 best_avg=0.146031 best_move=6,5 leader=1 inc2=1 attack_w=0.2 S0=31174 SA=28661 ratio=1.08768 my_comp=18 my_front=30 leader_comp=16 comp_gain(sz/front/cut)=1/2/0
DBG t=49 used=0.018 remain=0.929 turn_time=0.0177967 end_in=0.0177967 cand_pre=42 cand_cap=20 cand=42->20 pre=42 pick(must/bucket/top/rand)=1/6/9/4 depth0=10 depth=3 dlog=5 dper=2 sims=1816 loop=1796 gen_time=0 eval_time=0.018 best_avg=0.189862 best_move=9,4 leader=2 inc2=1 attack_w=0.2 S0=37075 SA=28983 ratio=1.27919 my_comp=22 my_front=37 leader_comp=18 comp_gain(sz/front/cut)=0/0/0
DBG t=61 used=0.018 remain=0.713 turn_time=0.0177427 end_in=0.0177427 cand_pre=43 cand_cap=20 cand=43->20 pre=43 pick(must/bucket/top/rand)=1/7/8/4 depth0=10 depth=3 dlog=5 dper=2 sims=1888 loop=1868 gen_time=0 eval_time=0.018 best_avg=0.168689 best_move=7,6 leader=2 inc2=1 attack_w=0.2 S0=38137 SA=31339 ratio=1.21691 my_comp=21 my_front=35 leader_comp=19 comp_gain(sz/front/cut)=0/0/0
DBG t=74 used=0.021 remain=0.448 turn_time=0.0203065 end_in=0.0203065 cand_pre=11 cand_cap=20 cand=11->11 pre=11 pick(must/bucket/top/rand)=1/6/4/0 depth0=11 depth=8 dlog=3 dper=0 sims=1751 loop=1740 gen_time=0 eval_time=0.021 best_avg=0.133207 best_move=5,7 leader=2 inc2=1 attack_w=0.2 S0=36242 SA=31655 ratio=1.1449 my_comp=5 my_front=10 leader_comp=19 comp_gain(sz/front/cut)=0/0/0
DBG t=86 used=0.018 remain=0.214 turn_time=0.0173187 end_in=0.0173187 cand_pre=18 cand_cap=20 cand=18->18 pre=18 pick(must/bucket/top/rand)=1/6/9/2 depth0=11 depth=6 dlog=4 dper=0 sims=2146 loop=2128 gen_time=0 eval_time=0.018 best_avg=0.518909 best_move=5,8 leader=1 inc2=1 attack_w=0.2 S0=38623 SA=23670 ratio=1.6317 my_comp=8 my_front=14 leader_comp=1 comp_gain(sz/front/cut)=0/0/0
DBG depth_guard t=99 remain=0.009 cand_pre=25 depth0=0 depth=0
DBG t=99 used=0.006 remain=0.009 turn_time=0.0054 end_in=0.0054 cand_pre=25 cand_cap=12 cand=25->12 pre=25 pick(must/bucket/top/rand)=1/6/3/2 depth0=0 depth=0 dlog=4 dper=5 sims=12172 loop=12160 gen_time=0 eval_time=0.006 best_avg=0.732967 best_move=6,8 leader=2 inc2=1 attack_w=0.2 S0=45906 SA=21350 ratio=2.15011 my_comp=12 my_front=19 leader_comp=1 comp_gain(sz/front/cut)=0/0/0
DBG summary depth_guard_fired=1
Score = 161644
=== CASE 0036.txt ===
DBG hdr N=10 M=4 T=100 U=4 VMAX=1042 TIME_LIMIT=1.94 MAX_CAND=20 UCB_C=0.21 OBJ=log(S0+1)-log(SA+1)
DBG t=0 used=0.024 remain=1.94 turn_time=0.0236195 end_in=0.0236195 cand_pre=5 cand_cap=20 cand=5->5 pre=5 pick(must/bucket/top/rand)=1/3/1/0 depth0=7 depth=5 dlog=2 dper=0 sims=6433 loop=6428 gen_time=0 eval_time=0.024 best_avg=-0.0335808 best_move=7,4 leader=2 inc2=1 attack_w=0.183701 S0=1010 SA=998 ratio=1.01201 my_comp=1 my_front=4 leader_comp=1 comp_gain(sz/front/cut)=0/0/0
DBG t=12 used=0.022 remain=1.661 turn_time=0.0212627 end_in=0.0212627 cand_pre=19 cand_cap=20 cand=19->19 pre=19 pick(must/bucket/top/rand)=1/6/9/3 depth0=7 depth=3 dlog=4 dper=0 sims=4723 loop=4704 gen_time=0 eval_time=0.022 best_avg=0.00264316 best_move=6,4 leader=1 inc2=1 attack_w=0.2 S0=13049 SA=12095 ratio=1.07887 my_comp=7 my_front=16 leader_comp=6 comp_gain(sz/front/cut)=0/0/0
DBG t=24 used=0.02 remain=1.413 turn_time=0.0190104 end_in=0.0190104 cand_pre=35 cand_cap=20 cand=35->20 pre=35 pick(must/bucket/top/rand)=1/7/8/4 depth0=7 depth=1 dlog=4 dper=2 sims=3760 loop=3740 gen_time=0 eval_time=0.02 best_avg=0.389348 best_move=3,6 leader=1 inc2=1 attack_w=0.2 S0=22221 SA=16262 ratio=1.36641 my_comp=16 my_front=31 leader_comp=7 comp_gain(sz/front/cut)=1/2/0
DBG t=37 used=0.018 remain=1.174 turn_time=0.0173584 end_in=0.0173584 cand_pre=49 cand_cap=20 cand=49->20 pre=49 pick(must/bucket/top/rand)=1/8/7/4 depth0=10 depth=2 dlog=5 dper=3 sims=2028 loop=2008 gen_time=0 eval_time=0.018 best_avg=0.460367 best_move=3,7 leader=1 inc2=1 attack_w=0.2 S0=34426 SA=23236 ratio=1.48156 my_comp=24 my_front=44 leader_comp=6 comp_gain(sz/front/cut)=0/0/0
DBG t=49 used=0.017 remain=0.96 turn_time=0.0169224 end_in=0.0169224 cand_pre=54 cand_cap=20 cand=54->20 pre=54 pick(must/bucket/top/rand)=1/7/8/4 depth0=10 depth=2 dlog=5 dper=3 sims=1688 loop=1668 gen_time=0 eval_time=0.017 best_avg=0.39829 best_move=2,6 leader=1 inc2=1 attack_w=0.2 S0=44352 SA=31395 ratio=1.4127 my_comp=29 my_front=47 leader_comp=8 comp_gain(sz/front/cut)=0/0/0
DBG t=61 used=0.017 remain=0.754 turn_time=0.0166267 end_in=0.0166267 cand_pre=60 cand_cap=20 cand=60->20 pre=60 pick(must/bucket/top/rand)=1/8/7/4 depth0=10 depth=1 dlog=5 dper=4 sims=1532 loop=1512 gen_time=0 eval_time=0.017 best_avg=0.555497 best_move=0,2 leader=1 inc2=1 attack_w=0.2 S0=51426 SA=30278 ratio=1.69844 my_comp=35 my_front=47 leader_comp=10 comp_gain(sz/front/cut)=1/1/0
DBG t=74 used=0.018 remain=0.529 turn_time=0.0172332 end_in=0.0172332 cand_pre=62 cand_cap=14 cand=62->14 pre=42 pick(must/bucket/top/rand)=1/6/4/3 depth0=11 depth=2 dlog=5 dper=4 sims=1394 loop=1380 gen_time=0 eval_time=0.018 best_avg=0.636914 best_move=5,5 leader=1 inc2=1 attack_w=0.2 S0=57365 SA=31383 ratio=1.82787 my_comp=37 my_front=48 leader_comp=8 comp_gain(sz/front/cut)=0/0/0
DBG t=86 used=0.019 remain=0.308 turn_time=0.018777 end_in=0.018777 cand_pre=61 cand_cap=14 cand=61->14 pre=42 pick(must/bucket/top/rand)=1/6/4/3 depth0=11 depth=3 dlog=5 dper=3 sims=1350 loop=1336 gen_time=0 eval_time=0.019 best_avg=0.741842 best_move=0,6 leader=1 inc2=1 attack_w=0.2 S0=63446 SA=32396 ratio=1.95842 my_comp=38 my_front=46 leader_comp=8 comp_gain(sz/front/cut)=0/0/0
DBG t=99 used=0.02 remain=0.033 turn_time=0.0198 end_in=0.0198 cand_pre=63 cand_cap=14 cand=63->14 pre=42 pick(must/bucket/top/rand)=1/8/2/3 depth0=0 depth=0 dlog=5 dper=3 sims=36854 loop=36840 gen_time=0 eval_time=0.02 best_avg=0.841826 best_move=0,3 leader=2 inc2=1 attack_w=0.2 S0=67582 SA=29213 ratio=2.31338 my_comp=39 my_front=48 leader_comp=7 comp_gain(sz/front/cut)=0/0/0
DBG summary depth_guard_fired=0
Score = 176193
=== CASE 0038.txt ===
DBG hdr N=10 M=6 T=100 U=1 VMAX=2195 TIME_LIMIT=1.94 MAX_CAND=20 UCB_C=0.21 OBJ=log(S0+1)-log(SA+1)
DBG t=0 used=0.024 remain=1.94 turn_time=0.0237456 end_in=0.0237456 cand_pre=4 cand_cap=20 cand=4->4 pre=4 pick(must/bucket/top/rand)=1/2/1/0 depth0=7 depth=6 dlog=1 dper=0 sims=3484 loop=3480 gen_time=0 eval_time=0.024 best_avg=-0.313655 best_move=1,3 leader=1 inc2=1 attack_w=0.85 S0=981 SA=1686 ratio=0.582098 my_comp=1 my_front=3 leader_comp=1 comp_gain(sz/front/cut)=1/2/0
DBG t=12 used=0.021 remain=1.666 turn_time=0.0208345 end_in=0.0208345 cand_pre=23 cand_cap=20 cand=23->20 pre=23 pick(must/bucket/top/rand)=1/6/9/4 depth0=7 depth=3 dlog=4 dper=0 sims=3364 loop=3344 gen_time=0 eval_time=0.021 best_avg=0.958087 best_move=3,3 leader=1 inc2=1 attack_w=0.2 S0=16251 SA=9395 ratio=1.72967 my_comp=11 my_front=19 leader_comp=5 comp_gain(sz/front/cut)=1/0/0
DBG t=24 used=0.02 remain=1.417 turn_time=0.0191854 end_in=0.0191854 cand_pre=34 cand_cap=20 cand=34->20 pre=34 pick(must/bucket/top/rand)=1/6/9/4 depth0=7 depth=2 dlog=4 dper=1 sims=2544 loop=2524 gen_time=0 eval_time=0.02 best_avg=1.35493 best_move=4,4 leader=1 inc2=1 attack_w=0.2 S0=32108 SA=9654 ratio=3.32563 my_comp=22 my_front=21 leader_comp=9 comp_gain(sz/front/cut)=1/0/0
DBG t=37 used=0.021 remain=1.15 turn_time=0.0200885 end_in=0.0200885 cand_pre=23 cand_cap=20 cand=23->20 pre=23 pick(must/bucket/top/rand)=1/5/10/4 depth0=10 depth=6 dlog=4 dper=0 sims=1720 loop=1700 gen_time=0 eval_time=0.021 best_avg=-0.0322911 best_move=5,2 leader=3 inc2=1 attack_w=0.2 S0=22749 SA=15833 ratio=1.43678 my_comp=12 my_front=19 leader_comp=17 comp_gain(sz/front/cut)=1/0/0
DBG t=49 used=0.017 remain=0.921 turn_time=0.0162349 end_in=0.0162349 cand_pre=54 cand_cap=20 cand=54->20 pre=54 pick(must/bucket/top/rand)=1/6/9/4 depth0=10 depth=2 dlog=5 dper=3 sims=1744 loop=1724 gen_time=0 eval_time=0.017 best_avg=0.530981 best_move=1,3 leader=3 inc2=1 attack_w=0.2 S0=24645 SA=16197 ratio=1.52155 my_comp=23 my_front=44 leader_comp=2 comp_gain(sz/front/cut)=1/2/0
DBG t=61 used=0.02 remain=0.677 turn_time=0.0197806 end_in=0.0197806 cand_pre=17 cand_cap=20 cand=17->17 pre=17 pick(must/bucket/top/rand)=1/5/10/1 depth0=10 depth=7 dlog=3 dper=0 sims=1453 loop=1436 gen_time=0 eval_time=0.02 best_avg=0.798565 best_move=0,6 leader=2 inc2=1 attack_w=0.2 S0=27778 SA=15147 ratio=1.83384 my_comp=9 my_front=13 leader_comp=7 comp_gain(sz/front/cut)=8/15/0
DBG t=74 used=0.016 remain=0.457 turn_time=0.0152304 end_in=0.0152304 cand_pre=59 cand_cap=20 cand=59->20 pre=59 pick(must/bucket/top/rand)=1/6/9/4 depth0=11 depth=2 dlog=5 dper=4 sims=1364 loop=1344 gen_time=0 eval_time=0.016 best_avg=1.07991 best_move=2,1 leader=5 inc2=1 attack_w=0.2 S0=34799 SA=12068 ratio=2.88342 my_comp=31 my_front=51 leader_comp=1 comp_gain(sz/front/cut)=1/2/0
DBG t=86 used=0.015 remain=0.242 turn_time=0.0141916 end_in=0.0141916 cand_pre=66 cand_cap=14 cand=66->14 pre=42 pick(must/bucket/top/rand)=1/4/6/3 depth0=11 depth=1 dlog=5 dper=5 sims=1038 loop=1024 gen_time=0 eval_time=0.015 best_avg=1.45826 best_move=1,2 leader=3 inc2=1 attack_w=0.2 S0=39839 SA=9104 ratio=4.37562 my_comp=39 my_front=58 leader_comp=1 comp_gain(sz/front/cut)=1/-4/0
DBG t=99 used=0.017 remain=0.028 turn_time=0.0168 end_in=0.0168 cand_pre=67 cand_cap=14 cand=67->14 pre=42 pick(must/bucket/top/rand)=1/5/5/3 depth0=0 depth=0 dlog=5 dper=4 sims=41782 loop=41768 gen_time=0 eval_time=0.017 best_avg=1.45645 best_move=2,1 leader=3 inc2=1 attack_w=0.2 S0=41088 SA=10459 ratio=3.9282 my_comp=40 my_front=54 leader_comp=1 comp_gain(sz/front/cut)=1/0/0
DBG summary depth_guard_fired=0
Score = 229780
=== CASE 0037.txt ===
DBG hdr N=10 M=5 T=100 U=3 VMAX=1977 TIME_LIMIT=1.94 MAX_CAND=20 UCB_C=0.21 OBJ=log(S0+1)-log(SA+1)
DBG t=0 used=0.024 remain=1.94 turn_time=0.0236195 end_in=0.0236195 cand_pre=5 cand_cap=20 cand=5->5 pre=5 pick(must/bucket/top/rand)=1/2/2/0 depth0=7 depth=5 dlog=2 dper=0 sims=5429 loop=5424 gen_time=0 eval_time=0.024 best_avg=-0.445978 best_move=8,4 leader=3 inc2=1 attack_w=0.85 S0=321 SA=591 ratio=0.543919 my_comp=1 my_front=4 leader_comp=1 comp_gain(sz/front/cut)=1/2/0
DBG t=12 used=0.022 remain=1.666 turn_time=0.0212036 end_in=0.0212036 cand_pre=20 cand_cap=20 cand=20->20 pre=20 pick(must/bucket/top/rand)=1/2/13/4 depth0=7 depth=3 dlog=4 dper=0 sims=3632 loop=3612 gen_time=0 eval_time=0.022 best_avg=0.0314273 best_move=6,3 leader=4 inc2=0 attack_w=0.2 S0=18234 SA=16624 ratio=1.09684 my_comp=7 my_front=16 leader_comp=11 comp_gain(sz/front/cut)=1/2/0
DBG t=24 used=0.02 remain=1.411 turn_time=0.0199489 end_in=0.0199489 cand_pre=27 cand_cap=20 cand=27->20 pre=27 pick(must/bucket/top/rand)=1/6/9/4 depth0=7 depth=2 dlog=4 dper=1 sims=2724 loop=2704 gen_time=0 eval_time=0.02 best_avg=0.00225799 best_move=9,8 leader=1 inc2=1 attack_w=0.337677 S0=31306 SA=31730 ratio=0.986638 my_comp=13 my_front=23 leader_comp=24 comp_gain(sz/front/cut)=1/1/1
DBG t=37 used=0.019 remain=1.151 turn_time=0.0189184 end_in=0.0189184 cand_pre=33 cand_cap=20 cand=33->20 pre=33 pick(must/bucket/top/rand)=1/4/11/4 depth0=10 depth=5 dlog=4 dper=1 sims=1700 loop=1680 gen_time=0 eval_time=0.019 best_avg=0.0809813 best_move=9,5 leader=4 inc2=0 attack_w=0.2 S0=46595 SA=41243 ratio=1.12976 my_comp=18 my_front=25 leader_comp=2 comp_gain(sz/front/cut)=0/0/0
DBG t=49 used=0.019 remain=0.922 turn_time=0.0184852 end_in=0.0184852 cand_pre=35 cand_cap=20 cand=35->20 pre=35 pick(must/bucket/top/rand)=1/4/11/4 depth0=10 depth=4 dlog=4 dper=2 sims=1728 loop=1708 gen_time=0 eval_time=0.019 best_avg=0.0853519 best_move=5,3 leader=4 inc2=0 attack_w=0.2 S0=52549 SA=49475 ratio=1.06213 my_comp=19 my_front=25 leader_comp=20 comp_gain(sz/front/cut)=1/2/0
DBG t=61 used=0.018 remain=0.699 turn_time=0.0176273 end_in=0.0176273 cand_pre=41 cand_cap=20 cand=41->20 pre=41 pick(must/bucket/top/rand)=1/4/11/4 depth0=10 depth=3 dlog=5 dper=2 sims=1884 loop=1864 gen_time=0 eval_time=0.018 best_avg=0.292155 best_move=5,3 leader=4 inc2=0 attack_w=0.2 S0=65881 SA=48819 ratio=1.34949 my_comp=23 my_front=29 leader_comp=6 comp_gain(sz/front/cut)=0/0/0
DBG t=74 used=0.017 remain=0.47 turn_time=0.0166037 end_in=0.0166037 cand_pre=51 cand_cap=20 cand=51->20 pre=51 pick(must/bucket/top/rand)=1/4/11/4 depth0=11 depth=3 dlog=5 dper=3 sims=1532 loop=1512 gen_time=0 eval_time=0.017 best_avg=0.529871 best_move=5,1 leader=4 inc2=0 attack_w=0.2 S0=79988 SA=47552 ratio=1.6821 my_comp=29 my_front=41 leader_comp=1 comp_gain(sz/front/cut)=0/0/0
DBG t=86 used=0.018 remain=0.262 turn_time=0.0173107 end_in=0.0173107 cand_pre=50 cand_cap=20 cand=50->20 pre=50 pick(must/bucket/top/rand)=1/4/11/4 depth0=11 depth=3 dlog=5 dper=3 sims=1428 loop=1408 gen_time=0 eval_time=0.018 best_avg=0.529799 best_move=5,1 leader=4 inc2=0 attack_w=0.2 S0=87236 SA=50761 ratio=1.71855 my_comp=29 my_front=41 leader_comp=21 comp_gain(sz/front/cut)=0/0/0
DBG t=99 used=0.014 remain=0.023 turn_time=0.0138 end_in=0.0138 cand_pre=54 cand_cap=16 cand=54->16 pre=48 pick(must/bucket/top/rand)=1/6/5/4 depth0=0 depth=0 dlog=5 dper=4 sims=17424 loop=17408 gen_time=0 eval_time=0.014 best_avg=0.626967 best_move=5,1 leader=4 inc2=0 attack_w=0.2 S0=95714 SA=51540 ratio=1.85707 my_comp=31 my_front=44 leader_comp=25 comp_gain(sz/front/cut)=0/0/0
DBG summary depth_guard_fired=0
Score = 155477
=== CASE 0039.txt ===
DBG hdr N=10 M=7 T=100 U=1 VMAX=1630 TIME_LIMIT=1.94 MAX_CAND=20 UCB_C=0.21 OBJ=log(S0+1)-log(SA+1)
DBG t=0 used=0.024 remain=1.94 turn_time=0.0237456 end_in=0.0237456 cand_pre=4 cand_cap=20 cand=4->4 pre=4 pick(must/bucket/top/rand)=1/2/1/0 depth0=7 depth=6 dlog=1 dper=0 sims=3016 loop=3012 gen_time=0 eval_time=0.024 best_avg=-0.558622 best_move=8,1 leader=1 inc2=1 attack_w=0.85 S0=726 SA=1311 ratio=0.554116 my_comp=1 my_front=3 leader_comp=1 comp_gain(sz/front/cut)=1/2/0
DBG t=12 used=0.024 remain=1.669 turn_time=0.0232143 end_in=0.0232143 cand_pre=4 cand_cap=20 cand=4->4 pre=4 pick(must/bucket/top/rand)=1/2/1/0 depth0=7 depth=6 dlog=1 dper=0 sims=2552 loop=2548 gen_time=0 eval_time=0.024 best_avg=-0.314204 best_move=0,1 leader=2 inc2=1 attack_w=0.85 S0=12220 SA=15764 ratio=0.775198 my_comp=1 my_front=4 leader_comp=12 comp_gain(sz/front/cut)=2/1/0
DBG t=24 used=0.022 remain=1.395 turn_time=0.0215124 end_in=0.0215124 cand_pre=12 cand_cap=20 cand=12->12 pre=12 pick(must/bucket/top/rand)=1/5/6/0 depth0=7 depth=4 dlog=3 dper=0 sims=2992 loop=2980 gen_time=0 eval_time=0.022 best_avg=0.0925384 best_move=4,3 leader=6 inc2=1 attack_w=0.85 S0=11929 SA=15641 ratio=0.76269 my_comp=4 my_front=10 leader_comp=6 comp_gain(sz/front/cut)=1/0/1
DBG t=37 used=0.018 remain=1.128 turn_time=0.0176093 end_in=0.0176093 cand_pre=41 cand_cap=20 cand=41->20 pre=41 pick(must/bucket/top/rand)=1/6/9/4 depth0=10 depth=3 dlog=5 dper=2 sims=1656 loop=1636 gen_time=0 eval_time=0.018 best_avg=0.616773 best_move=7,5 leader=6 inc2=1 attack_w=0.2 S0=24888 SA=14183 ratio=1.75472 my_comp=24 my_front=28 leader_comp=3 comp_gain(sz/front/cut)=1/2/0
DBG t=49 used=0.015 remain=0.924 turn_time=0.0147568 end_in=0.0147568 cand_pre=67 cand_cap=14 cand=67->14 pre=42 pick(must/bucket/top/rand)=1/6/4/3 depth0=10 depth=1 dlog=5 dper=4 sims=1202 loop=1188 gen_time=0 eval_time=0.015 best_avg=0.996066 best_move=1,3 leader=5 inc2=1 attack_w=0.2 S0=34837 SA=13409 ratio=2.59791 my_comp=35 my_front=42 leader_comp=1 comp_gain(sz/front/cut)=1/2/0
DBG t=61 used=0.015 remain=0.744 turn_time=0.0146702 end_in=0.0146702 cand_pre=74 cand_cap=14 cand=74->14 pre=42 pick(must/bucket/top/rand)=1/6/4/3 depth0=10 depth=0 dlog=6 dper=5 sims=27710 loop=27696 gen_time=0 eval_time=0.015 best_avg=1.52475 best_move=0,9 leader=6 inc2=1 attack_w=0.2 S0=42728 SA=9985 ratio=4.27889 my_comp=41 my_front=51 leader_comp=3 comp_gain(sz/front/cut)=1/0/0
DBG t=74 used=0.016 remain=0.539 turn_time=0.0156725 end_in=0.0156725 cand_pre=76 cand_cap=14 cand=76->14 pre=42 pick(must/bucket/top/rand)=1/6/4/3 depth0=11 depth=0 dlog=6 dper=5 sims=27438 loop=27424 gen_time=0 eval_time=0.016 best_avg=1.75853 best_move=1,6 leader=3 inc2=1 attack_w=0.2 S0=49287 SA=9292 ratio=5.30378 my_comp=47 my_front=53 leader_comp=5 comp_gain(sz/front/cut)=1/2/0
DBG t=86 used=0.024 remain=0.31 turn_time=0.0232168 end_in=0.0232168 cand_pre=31 cand_cap=20 cand=31->20 pre=31 pick(must/bucket/top/rand)=1/4/11/4 depth0=11 depth=6 dlog=4 dper=1 sims=1036 loop=1016 gen_time=0 eval_time=0.024 best_avg=1.61775 best_move=6,7 leader=5 inc2=1 attack_w=0.2 S0=54397 SA=9334 ratio=5.82732 my_comp=22 my_front=15 leader_comp=4 comp_gain(sz/front/cut)=32/38/0
DBG t=99 used=0.017 remain=0.027 turn_time=0.0162 end_in=0.0162 cand_pre=46 cand_cap=20 cand=46->20 pre=46 pick(must/bucket/top/rand)=1/6/9/4 depth0=0 depth=0 dlog=5 dper=3 sims=28484 loop=28464 gen_time=0 eval_time=0.017 best_avg=1.74894 best_move=7,7 leader=3 inc2=1 attack_w=0.2 S0=56250 SA=9689 ratio=5.80506 my_comp=27 my_front=34 leader_comp=1 comp_gain(sz/front/cut)=28/22/0
DBG summary depth_guard_fired=0
Score = 281112
=== CASE 0040.txt ===
DBG hdr N=10 M=3 T=100 U=4 VMAX=1431 TIME_LIMIT=1.94 MAX_CAND=20 UCB_C=0.21 OBJ=log(S0+1)-log(SA+1)
DBG t=0 used=0.024 remain=1.94 turn_time=0.0237456 end_in=0.0237456 cand_pre=4 cand_cap=20 cand=4->4 pre=4 pick(must/bucket/top/rand)=1/2/1/0 depth0=7 depth=6 dlog=1 dper=0 sims=5848 loop=5844 gen_time=0 eval_time=0.024 best_avg=0.0207245 best_move=4,0 leader=1 inc2=1 attack_w=0.25282 S0=644 SA=668 ratio=0.964126 my_comp=1 my_front=3 leader_comp=1 comp_gain(sz/front/cut)=1/1/0
DBG t=12 used=0.023 remain=1.659 turn_time=0.0223399 end_in=0.0223399 cand_pre=10 cand_cap=20 cand=10->10 pre=10 pick(must/bucket/top/rand)=1/3/6/0 depth0=7 depth=4 dlog=3 dper=0 sims=6370 loop=6360 gen_time=0 eval_time=0.023 best_avg=0.145942 best_move=6,1 leader=2 inc2=1 attack_w=0.2 S0=15700 SA=14289 ratio=1.09874 my_comp=4 my_front=6 leader_comp=4 comp_gain(sz/front/cut)=1/2/0
DBG t=24 used=0.021 remain=1.396 turn_time=0.0203338 end_in=0.0203338 cand_pre=22 cand_cap=20 cand=22->20 pre=22 pick(must/bucket/top/rand)=1/4/11/4 depth0=7 depth=3 dlog=4 dper=0 sims=4160 loop=4140 gen_time=0 eval_time=0.021 best_avg=0.351411 best_move=2,2 leader=2 inc2=1 attack_w=0.2 S0=29077 SA=21376 ratio=1.36025 my_comp=9 my_front=16 leader_comp=8 comp_gain(sz/front/cut)=0/0/0
DBG t=37 used=0.02 remain=1.129 turn_time=0.0196052 end_in=0.0196052 cand_pre=24 cand_cap=20 cand=24->20 pre=24 pick(must/bucket/top/rand)=1/4/11/4 depth0=10 depth=6 dlog=4 dper=0 sims=2400 loop=2380 gen_time=0 eval_time=0.02 best_avg=0.24412 best_move=2,1 leader=2 inc2=1 attack_w=0.2 S0=40990 SA=29118 ratio=1.40771 my_comp=11 my_front=17 leader_comp=8 comp_gain(sz/front/cut)=0/0/0
DBG t=49 used=0.019 remain=0.891 turn_time=0.0186586 end_in=0.0186586 cand_pre=28 cand_cap=20 cand=28->20 pre=28 pick(must/bucket/top/rand)=1/5/10/4 depth0=10 depth=5 dlog=4 dper=1 sims=2212 loop=2192 gen_time=0 eval_time=0.019 best_avg=0.131977 best_move=0,5 leader=2 inc2=1 attack_w=0.2 S0=47372 SA=39226 ratio=1.20766 my_comp=14 my_front=20 leader_comp=12 comp_gain(sz/front/cut)=0/0/0
DBG t=61 used=0.018 remain=0.664 turn_time=0.0179621 end_in=0.0179621 cand_pre=30 cand_cap=20 cand=30->20 pre=30 pick(must/bucket/top/rand)=1/7/8/4 depth0=10 depth=5 dlog=4 dper=1 sims=1980 loop=1960 gen_time=0 eval_time=0.018 best_avg=0.111293 best_move=5,1 leader=2 inc2=1 attack_w=0.2 S0=58280 SA=50285 ratio=1.15899 my_comp=17 my_front=22 leader_comp=14 comp_gain(sz/front/cut)=0/0/0
DBG t=74 used=0.017 remain=0.431 turn_time=0.0169499 end_in=0.0169499 cand_pre=35 cand_cap=20 cand=35->20 pre=35 pick(must/bucket/top/rand)=1/6/9/4 depth0=11 depth=5 dlog=4 dper=2 sims=1584 loop=1564 gen_time=0 eval_time=0.017 best_avg=0.093467 best_move=6,0 leader=2 inc2=1 attack_w=0.2 S0=68452 SA=60612 ratio=1.12935 my_comp=21 my_front=25 leader_comp=18 comp_gain(sz/front/cut)=0/0/0
DBG t=86 used=0.016 remain=0.232 turn_time=0.0158671 end_in=0.0158671 cand_pre=45 cand_cap=20 cand=45->20 pre=45 pick(must/bucket/top/rand)=1/5/10/4 depth0=11 depth=3 dlog=5 dper=3 sims=1556 loop=1536 gen_time=0 eval_time=0.016 best_avg=0.122886 best_move=2,8 leader=2 inc2=1 attack_w=0.2 S0=78871 SA=69621 ratio=1.13286 my_comp=25 my_front=32 leader_comp=20 comp_gain(sz/front/cut)=0/0/0
DBG depth_guard t=99 remain=0.018 cand_pre=52 depth0=0 depth=0
DBG t=99 used=0.011 remain=0.018 turn_time=0.0108 end_in=0.0108 cand_pre=52 cand_cap=14 cand=52->14 pre=42 pick(must/bucket/top/rand)=1/7/3/3 depth0=0 depth=0 dlog=5 dper=5 sims=18146 loop=18132 gen_time=0 eval_time=0.011 best_avg=0.179415 best_move=3,3 leader=2 inc2=1 attack_w=0.2 S0=88086 SA=73548 ratio=1.19766 my_comp=29 my_front=37 leader_comp=20 comp_gain(sz/front/cut)=0/0/0
DBG summary depth_guard_fired=1
Score = 111954
=== CASE 0041.txt ===
DBG hdr N=10 M=8 T=100 U=4 VMAX=1591 TIME_LIMIT=1.94 MAX_CAND=20 UCB_C=0.21 OBJ=log(S0+1)-log(SA+1)
DBG t=0 used=0.024 remain=1.94 turn_time=0.0236195 end_in=0.0236195 cand_pre=5 cand_cap=20 cand=5->5 pre=5 pick(must/bucket/top/rand)=1/2/2/0 depth0=7 depth=5 dlog=2 dper=0 sims=3521 loop=3516 gen_time=0 eval_time=0.024 best_avg=-0.253693 best_move=5,7 leader=2 inc2=1 attack_w=0.85 S0=850 SA=1509 ratio=0.563576 my_comp=1 my_front=4 leader_comp=1 comp_gain(sz/front/cut)=1/2/0
DBG t=12 used=0.022 remain=1.666 turn_time=0.0215728 end_in=0.0215728 cand_pre=17 cand_cap=20 cand=17->17 pre=17 pick(must/bucket/top/rand)=1/3/12/1 depth0=7 depth=4 dlog=3 dper=0 sims=3333 loop=3316 gen_time=0 eval_time=0.022 best_avg=-0.0861364 best_move=6,5 leader=4 inc2=1 attack_w=0.2 S0=13638 SA=12688 ratio=1.07487 my_comp=6 my_front=14 leader_comp=4 comp_gain(sz/front/cut)=0/0/0
DBG t=24 used=0.021 remain=1.406 turn_time=0.0208403 end_in=0.0208403 cand_pre=19 cand_cap=20 cand=19->19 pre=19 pick(must/bucket/top/rand)=1/4/11/3 depth0=7 depth=3 dlog=4 dper=0 sims=3027 loop=3008 gen_time=0 eval_time=0.021 best_avg=0.0161839 best_move=7,5 leader=4 inc2=1 attack_w=0.2 S0=23913 SA=22429 ratio=1.06616 my_comp=8 my_front=18 leader_comp=6 comp_gain(sz/front/cut)=0/0/0
DBG t=37 used=0.021 remain=1.131 turn_time=0.0206901 end_in=0.0206901 cand_pre=15 cand_cap=20 cand=15->15 pre=15 pick(must/bucket/top/rand)=1/6/8/0 depth0=10 depth=7 dlog=3 dper=0 sims=1715 loop=1700 gen_time=0 eval_time=0.021 best_avg=-0.0345459 best_move=7,4 leader=3 inc2=1 attack_w=0.237006 S0=29282 SA=28318 ratio=1.03404 my_comp=6 my_front=12 leader_comp=9 comp_gain(sz/front/cut)=0/0/0
DBG t=49 used=0.02 remain=0.88 turn_time=0.0195498 end_in=0.0195498 cand_pre=18 cand_cap=20 cand=18->18 pre=18 pick(must/bucket/top/rand)=1/6/9/2 depth0=10 depth=6 dlog=4 dper=0 sims=1778 loop=1760 gen_time=0 eval_time=0.02 best_avg=-0.19923 best_move=8,4 leader=3 inc2=1 attack_w=0.754871 S0=28845 SA=34790 ratio=0.829122 my_comp=7 my_front=12 leader_comp=9 comp_gain(sz/front/cut)=1/2/0
DBG t=61 used=0.019 remain=0.644 turn_time=0.0189237 end_in=0.0189237 cand_pre=16 cand_cap=20 cand=16->16 pre=16 pick(must/bucket/top/rand)=1/6/9/0 depth0=10 depth=7 dlog=3 dper=0 sims=1372 loop=1356 gen_time=0 eval_time=0.019 best_avg=-0.563815 best_move=7,4 leader=3 inc2=1 attack_w=0.85 S0=24315 SA=37277 ratio=0.652288 my_comp=7 my_front=16 leader_comp=11 comp_gain(sz/front/cut)=0/0/0
DBG t=74 used=0.019 remain=0.396 turn_time=0.0184445 end_in=0.0184445 cand_pre=6 cand_cap=20 cand=6->6 pre=6 pick(must/bucket/top/rand)=1/2/3/0 depth0=11 depth=9 dlog=2 dper=0 sims=1226 loop=1220 gen_time=0 eval_time=0.019 best_avg=-0.806591 best_move=9,3 leader=3 inc2=1 attack_w=0.85 S0=19780 SA=43787 ratio=0.451745 my_comp=2 my_front=5 leader_comp=11 comp_gain(sz/front/cut)=0/0/0
DBG t=86 used=0.016 remain=0.183 turn_time=0.0155746 end_in=0.0155746 cand_pre=9 cand_cap=20 cand=9->9 pre=9 pick(must/bucket/top/rand)=1/3/5/0 depth0=11 depth=6 dlog=3 dper=0 sims=1537 loop=1528 gen_time=0 eval_time=0.016 best_avg=-0.803677 best_move=8,3 leader=3 inc2=1 attack_w=0.85 S0=21535 SA=52680 ratio=0.4088 my_comp=4 my_front=6 leader_comp=12 comp_gain(sz/front/cut)=0/0/0
DBG depth_guard t=98 remain=0.015 cand_pre=10 depth0=1 depth=0
DBG depth_guard t=99 remain=0.006 cand_pre=10 depth0=0 depth=0
DBG t=99 used=0.004 remain=0.006 turn_time=0.0036 end_in=0.0036 cand_pre=10 cand_cap=12 cand=10->10 pre=10 pick(must/bucket/top/rand)=1/2/7/0 depth0=0 depth=0 dlog=3 dper=3 sims=3486 loop=3476 gen_time=0 eval_time=0.004 best_avg=-0.885441 best_move=7,4 leader=3 inc2=1 attack_w=0.85 S0=24000 SA=58360 ratio=0.411251 my_comp=4 my_front=6 leader_comp=14 comp_gain(sz/front/cut)=0/0/0
DBG summary depth_guard_fired=2
Score = 49672
=== CASE 0043.txt ===
DBG hdr N=10 M=4 T=100 U=1 VMAX=2001 TIME_LIMIT=1.94 MAX_CAND=20 UCB_C=0.21 OBJ=log(S0+1)-log(SA+1)
DBG t=0 used=0.024 remain=1.94 turn_time=0.0237456 end_in=0.0237456 cand_pre=4 cand_cap=20 cand=4->4 pre=4 pick(must/bucket/top/rand)=1/2/1/0 depth0=7 depth=6 dlog=1 dper=0 sims=5032 loop=5028 gen_time=0 eval_time=0.024 best_avg=-0.502244 best_move=0,3 leader=1 inc2=0 attack_w=0.85 S0=1219 SA=1964 ratio=0.620865 my_comp=1 my_front=4 leader_comp=1 comp_gain(sz/front/cut)=1/1/0
DBG t=12 used=0.023 remain=1.658 turn_time=0.0225714 end_in=0.0225714 cand_pre=8 cand_cap=20 cand=8->8 pre=8 pick(must/bucket/top/rand)=1/2/5/0 depth0=7 depth=5 dlog=2 dper=0 sims=3832 loop=3824 gen_time=0 eval_time=0.023 best_avg=-0.336768 best_move=2,0 leader=3 inc2=1 attack_w=0.85 S0=8642 SA=12348 ratio=0.699895 my_comp=3 my_front=5 leader_comp=12 comp_gain(sz/front/cut)=2/2/0
DBG t=24 used=0.021 remain=1.401 turn_time=0.0206463 end_in=0.0206463 cand_pre=20 cand_cap=20 cand=20->20 pre=20 pick(must/bucket/top/rand)=1/1/14/4 depth0=7 depth=3 dlog=4 dper=0 sims=3268 loop=3248 gen_time=0 eval_time=0.021 best_avg=-0.252807 best_move=2,1 leader=3 inc2=0 attack_w=0.535727 S0=22095 SA=24414 ratio=0.905017 my_comp=13 my_front=12 leader_comp=24 comp_gain(sz/front/cut)=1/-2/0
DBG t=37 used=0.019 remain=1.134 turn_time=0.01899 end_in=0.01899 cand_pre=30 cand_cap=20 cand=30->20 pre=30 pick(must/bucket/top/rand)=1/6/9/4 depth0=10 depth=5 dlog=4 dper=1 sims=1752 loop=1732 gen_time=0 eval_time=0.019 best_avg=-0.104387 best_move=7,7 leader=3 inc2=0 attack_w=0.605446 S0=26259 SA=29860 ratio=0.879408 my_comp=16 my_front=21 leader_comp=5 comp_gain(sz/front/cut)=1/2/0
DBG t=49 used=0.017 remain=0.914 turn_time=0.0169269 end_in=0.0169269 cand_pre=47 cand_cap=20 cand=47->20 pre=47 pick(must/bucket/top/rand)=1/5/10/4 depth0=10 depth=2 dlog=5 dper=3 sims=1740 loop=1720 gen_time=0 eval_time=0.017 best_avg=0.127346 best_move=4,0 leader=3 inc2=0 attack_w=0.2 S0=30522 SA=27100 ratio=1.12627 my_comp=25 my_front=32 leader_comp=2 comp_gain(sz/front/cut)=1/-1/1
DBG t=61 used=0.017 remain=0.704 turn_time=0.0161108 end_in=0.0161108 cand_pre=55 cand_cap=20 cand=55->20 pre=55 pick(must/bucket/top/rand)=1/4/11/4 depth0=10 depth=1 dlog=5 dper=4 sims=1704 loop=1684 gen_time=0 eval_time=0.017 best_avg=0.525339 best_move=8,0 leader=3 inc2=0 attack_w=0.2 S0=38284 SA=22082 ratio=1.73369 my_comp=34 my_front=37 leader_comp=2 comp_gain(sz/front/cut)=1/1/0
DBG t=74 used=0.015 remain=0.486 turn_time=0.0149819 end_in=0.0149819 cand_pre=69 cand_cap=14 cand=69->14 pre=42 pick(must/bucket/top/rand)=1/4/6/3 depth0=11 depth=1 dlog=5 dper=5 sims=1030 loop=1016 gen_time=0 eval_time=0.015 best_avg=1.0985 best_move=0,7 leader=3 inc2=0 attack_w=0.2 S0=44142 SA=16292 ratio=2.70932 my_comp=42 my_front=47 leader_comp=1 comp_gain(sz/front/cut)=1/1/0
DBG t=86 used=0.016 remain=0.296 turn_time=0.0151594 end_in=0.0151594 cand_pre=82 cand_cap=12 cand=82->12 pre=36 pick(must/bucket/top/rand)=1/5/4/2 depth0=11 depth=0 dlog=6 dper=5 sims=39120 loop=39108 gen_time=0 eval_time=0.016 best_avg=1.67916 best_move=2,0 leader=2 inc2=1 attack_w=0.2 S0=57268 SA=10734 ratio=5.33479 my_comp=53 my_front=56 leader_comp=3 comp_gain(sz/front/cut)=1/1/0
DBG t=99 used=0.029 remain=0.048 turn_time=0.0288 end_in=0.0288 cand_pre=90 cand_cap=12 cand=90->12 pre=36 pick(must/bucket/top/rand)=1/5/4/2 depth0=0 depth=0 dlog=6 dper=3 sims=78892 loop=78880 gen_time=0 eval_time=0.029 best_avg=1.91782 best_move=1,2 leader=3 inc2=0 attack_w=0.2 S0=62800 SA=10275 ratio=6.11142 my_comp=60 my_front=67 leader_comp=2 comp_gain(sz/front/cut)=1/2/0
DBG summary depth_guard_fired=0
Score = 308056
=== CASE 0042.txt ===
DBG hdr N=10 M=8 T=100 U=5 VMAX=2032 TIME_LIMIT=1.94 MAX_CAND=20 UCB_C=0.21 OBJ=log(S0+1)-log(SA+1)
DBG t=0 used=0.024 remain=1.94 turn_time=0.0238717 end_in=0.0238717 cand_pre=3 cand_cap=20 cand=3->3 pre=3 pick(must/bucket/top/rand)=1/2/0/0 depth0=7 depth=6 dlog=1 dper=0 sims=3335 loop=3332 gen_time=0 eval_time=0.024 best_avg=-0.289152 best_move=0,8 leader=5 inc2=1 attack_w=0.85 S0=1124 SA=1633 ratio=0.688494 my_comp=1 my_front=2 leader_comp=1 comp_gain(sz/front/cut)=1/1/0
DBG t=12 used=0.023 remain=1.656 turn_time=0.0224219 end_in=0.0224219 cand_pre=9 cand_cap=20 cand=9->9 pre=9 pick(must/bucket/top/rand)=1/4/4/0 depth0=7 depth=4 dlog=3 dper=0 sims=3245 loop=3236 gen_time=0 eval_time=0.023 best_avg=-0.0333171 best_move=0,6 leader=1 inc2=1 attack_w=0.360439 S0=17630 SA=18054 ratio=0.976516 my_comp=5 my_front=6 leader_comp=4 comp_gain(sz/front/cut)=0/0/0
DBG t=24 used=0.022 remain=1.388 turn_time=0.0210483 end_in=0.0210483 cand_pre=15 cand_cap=20 cand=15->15 pre=15 pick(must/bucket/top/rand)=1/5/9/0 depth0=7 depth=4 dlog=3 dper=0 sims=2643 loop=2628 gen_time=0 eval_time=0.022 best_avg=0.0815839 best_move=3,9 leader=1 inc2=1 attack_w=0.2 S0=33604 SA=31349 ratio=1.07193 my_comp=8 my_front=9 leader_comp=6 comp_gain(sz/front/cut)=0/0/0
DBG t=37 used=0.02 remain=1.115 turn_time=0.0199373 end_in=0.0199373 cand_pre=19 cand_cap=20 cand=19->19 pre=19 pick(must/bucket/top/rand)=1/4/11/3 depth0=10 depth=6 dlog=4 dper=0 sims=1763 loop=1744 gen_time=0 eval_time=0.02 best_avg=0.182759 best_move=1,7 leader=1 inc2=1 attack_w=0.2 S0=45730 SA=36928 ratio=1.23835 my_comp=10 my_front=12 leader_comp=5 comp_gain(sz/front/cut)=1/0/0
DBG t=49 used=0.02 remain=0.875 turn_time=0.0192157 end_in=0.0192157 cand_pre=20 cand_cap=20 cand=20->20 pre=20 pick(must/bucket/top/rand)=1/4/11/4 depth0=10 depth=6 dlog=4 dper=0 sims=1744 loop=1724 gen_time=0 eval_time=0.02 best_avg=0.253172 best_move=4,8 leader=1 inc2=1 attack_w=0.2 S0=55124 SA=40362 ratio=1.36573 my_comp=11 my_front=12 leader_comp=7 comp_gain(sz/front/cut)=0/0/0
DBG t=61 used=0.019 remain=0.642 turn_time=0.0185439 end_in=0.0185439 cand_pre=19 cand_cap=20 cand=19->19 pre=19 pick(must/bucket/top/rand)=1/4/11/3 depth0=10 depth=6 dlog=4 dper=0 sims=1439 loop=1420 gen_time=0 eval_time=0.019 best_avg=0.334497 best_move=2,7 leader=1 inc2=1 attack_w=0.2 S0=58435 SA=44679 ratio=1.30788 my_comp=11 my_front=12 leader_comp=7 comp_gain(sz/front/cut)=1/2/0
DBG t=74 used=0.018 remain=0.401 turn_time=0.0172738 end_in=0.0172738 cand_pre=20 cand_cap=20 cand=20->20 pre=20 pick(must/bucket/top/rand)=1/4/11/4 depth0=11 depth=7 dlog=4 dper=0 sims=1364 loop=1344 gen_time=0 eval_time=0.018 best_avg=0.219584 best_move=4,9 leader=1 inc2=1 attack_w=0.2 S0=65289 SA=46508 ratio=1.40381 my_comp=12 my_front=14 leader_comp=9 comp_gain(sz/front/cut)=0/0/0
DBG t=86 used=0.016 remain=0.193 turn_time=0.0155296 end_in=0.0155296 cand_pre=19 cand_cap=20 cand=19->19 pre=19 pick(must/bucket/top/rand)=1/5/10/3 depth0=11 depth=6 dlog=4 dper=0 sims=1343 loop=1324 gen_time=0 eval_time=0.016 best_avg=0.290092 best_move=1,8 leader=1 inc2=1 attack_w=0.2 S0=71942 SA=55586 ratio=1.29424 my_comp=11 my_front=12 leader_comp=9 comp_gain(sz/front/cut)=0/0/0
DBG depth_guard t=99 remain=0.008 cand_pre=25 depth0=0 depth=0
DBG t=99 used=0.005 remain=0.008 turn_time=0.0048 end_in=0.0048 cand_pre=25 cand_cap=12 cand=25->12 pre=25 pick(must/bucket/top/rand)=1/4/5/2 depth0=0 depth=0 dlog=4 dper=5 sims=4728 loop=4716 gen_time=0 eval_time=0.005 best_avg=0.389158 best_move=0,9 leader=1 inc2=1 attack_w=0.2 S0=78513 SA=55019 ratio=1.42701 my_comp=14 my_front=18 leader_comp=9 comp_gain(sz/front/cut)=0/0/0
DBG summary depth_guard_fired=1
Score = 128217
=== CASE 0044.txt ===
DBG hdr N=10 M=3 T=100 U=3 VMAX=1508 TIME_LIMIT=1.94 MAX_CAND=20 UCB_C=0.21 OBJ=log(S0+1)-log(SA+1)
DBG t=0 used=0.024 remain=1.94 turn_time=0.0238717 end_in=0.0238717 cand_pre=3 cand_cap=20 cand=3->3 pre=3 pick(must/bucket/top/rand)=1/2/0/0 depth0=7 depth=6 dlog=1 dper=0 sims=6655 loop=6652 gen_time=0 eval_time=0.024 best_avg=-0.16766 best_move=7,9 leader=1 inc2=1 attack_w=0.718728 S0=1208 SA=1437 ratio=0.840751 my_comp=1 my_front=3 leader_comp=1 comp_gain(sz/front/cut)=1/1/0
DBG t=12 used=0.023 remain=1.659 turn_time=0.0223399 end_in=0.0223399 cand_pre=10 cand_cap=20 cand=10->10 pre=10 pick(must/bucket/top/rand)=1/4/5/0 depth0=7 depth=4 dlog=3 dper=0 sims=6126 loop=6116 gen_time=0 eval_time=0.023 best_avg=-0.285003 best_move=7,8 leader=1 inc2=1 attack_w=0.719671 S0=14105 SA=16783 ratio=0.840443 my_comp=4 my_front=6 leader_comp=8 comp_gain(sz/front/cut)=1/2/0
DBG t=24 used=0.021 remain=1.397 turn_time=0.0205874 end_in=0.0205874 cand_pre=20 cand_cap=20 cand=20->20 pre=20 pick(must/bucket/top/rand)=1/5/10/4 depth0=7 depth=3 dlog=4 dper=0 sims=4292 loop=4272 gen_time=0 eval_time=0.021 best_avg=-0.173517 best_move=5,7 leader=1 inc2=1 attack_w=0.588364 S0=27443 SA=30990 ratio=0.885547 my_comp=9 my_front=14 leader_comp=14 comp_gain(sz/front/cut)=1/2/0
DBG t=37 used=0.019 remain=1.132 turn_time=0.0186061 end_in=0.0186061 cand_pre=33 cand_cap=20 cand=33->20 pre=33 pick(must/bucket/top/rand)=1/8/7/4 depth0=10 depth=5 dlog=4 dper=1 sims=1808 loop=1788 gen_time=0 eval_time=0.019 best_avg=-0.110616 best_move=1,7 leader=1 inc2=1 attack_w=0.625507 S0=39285 SA=45036 ratio=0.872305 my_comp=15 my_front=27 leader_comp=21 comp_gain(sz/front/cut)=1/2/0
DBG t=49 used=0.018 remain=0.91 turn_time=0.0178967 end_in=0.0178967 cand_pre=38 cand_cap=20 cand=38->20 pre=38 pick(must/bucket/top/rand)=1/7/8/4 depth0=10 depth=3 dlog=5 dper=2 sims=1896 loop=1876 gen_time=0 eval_time=0.018 best_avg=-0.0782167 best_move=1,5 leader=1 inc2=1 attack_w=0.498407 S0=52868 SA=57506 ratio=0.919349 my_comp=19 my_front=30 leader_comp=28 comp_gain(sz/front/cut)=0/0/0
DBG t=61 used=0.018 remain=0.693 turn_time=0.0175915 end_in=0.0175915 cand_pre=40 cand_cap=20 cand=40->20 pre=40 pick(must/bucket/top/rand)=1/6/9/4 depth0=10 depth=3 dlog=5 dper=2 sims=1696 loop=1676 gen_time=0 eval_time=0.018 best_avg=-0.098402 best_move=1,7 leader=1 inc2=1 attack_w=0.641716 S0=57015 SA=65788 ratio=0.866649 my_comp=23 my_front=30 leader_comp=26 comp_gain(sz/front/cut)=0/0/0
DBG t=74 used=0.016 remain=0.462 turn_time=0.0159745 end_in=0.0159745 cand_pre=54 cand_cap=20 cand=54->20 pre=54 pick(must/bucket/top/rand)=1/8/7/4 depth0=11 depth=2 dlog=5 dper=4 sims=1420 loop=1400 gen_time=0 eval_time=0.016 best_avg=0.0566708 best_move=5,7 leader=1 inc2=1 attack_w=0.290323 S0=65324 SA=64781 ratio=1.00838 my_comp=28 my_front=38 leader_comp=21 comp_gain(sz/front/cut)=0/0/0
DBG t=86 used=0.019 remain=0.234 turn_time=0.0189373 end_in=0.0189373 cand_pre=18 cand_cap=20 cand=18->18 pre=18 pick(must/bucket/top/rand)=1/8/7/2 depth0=11 depth=6 dlog=4 dper=0 sims=1946 loop=1928 gen_time=0 eval_time=0.019 best_avg=0.254446 best_move=6,1 leader=1 inc2=1 attack_w=0.2 S0=66901 SA=56890 ratio=1.17597 my_comp=6 my_front=14 leader_comp=2 comp_gain(sz/front/cut)=0/0/0
DBG depth_guard t=99 remain=0.017 cand_pre=51 depth0=0 depth=0
DBG t=99 used=0.011 remain=0.017 turn_time=0.0102 end_in=0.0102 cand_pre=51 cand_cap=14 cand=51->14 pre=42 pick(must/bucket/top/rand)=1/7/3/3 depth0=0 depth=0 dlog=5 dper=5 sims=17146 loop=17132 gen_time=0 eval_time=0.011 best_avg=0.229316 best_move=2,5 leader=2 inc2=1 attack_w=0.2 S0=69305 SA=55051 ratio=1.25892 my_comp=26 my_front=41 leader_comp=22 comp_gain(sz/front/cut)=0/0/0
DBG summary depth_guard_fired=1
Score = 117755
=== CASE 0045.txt ===
DBG hdr N=10 M=8 T=100 U=3 VMAX=1509 TIME_LIMIT=1.94 MAX_CAND=20 UCB_C=0.21 OBJ=log(S0+1)-log(SA+1)
DBG t=0 used=0.024 remain=1.94 turn_time=0.0237456 end_in=0.0237456 cand_pre=4 cand_cap=20 cand=4->4 pre=4 pick(must/bucket/top/rand)=1/2/1/0 depth0=7 depth=6 dlog=1 dper=0 sims=3124 loop=3120 gen_time=0 eval_time=0.024 best_avg=-0.573848 best_move=2,2 leader=6 inc2=1 attack_w=0.85 S0=731 SA=1464 ratio=0.499659 my_comp=1 my_front=4 leader_comp=1 comp_gain(sz/front/cut)=1/2/0
DBG t=12 used=0.022 remain=1.66 turn_time=0.021863 end_in=0.021863 cand_pre=14 cand_cap=20 cand=14->14 pre=14 pick(must/bucket/top/rand)=1/4/9/0 depth0=7 depth=4 dlog=3 dper=0 sims=3050 loop=3036 gen_time=0 eval_time=0.022 best_avg=-0.554861 best_move=2,1 leader=6 inc2=1 attack_w=0.85 S0=12064 SA=18494 ratio=0.652338 my_comp=6 my_front=13 leader_comp=5 comp_gain(sz/front/cut)=0/0/0
DBG t=24 used=0.021 remain=1.399 turn_time=0.0203775 end_in=0.0203775 cand_pre=22 cand_cap=20 cand=22->20 pre=22 pick(must/bucket/top/rand)=1/6/9/4 depth0=7 depth=3 dlog=4 dper=0 sims=3020 loop=3000 gen_time=0 eval_time=0.021 best_avg=-0.269033 best_move=1,3 leader=6 inc2=1 attack_w=0.85 S0=21362 SA=30700 ratio=0.695841 my_comp=10 my_front=21 leader_comp=10 comp_gain(sz/front/cut)=0/0/0
DBG t=37 used=0.02 remain=1.133 turn_time=0.0194408 end_in=0.0194408 cand_pre=26 cand_cap=20 cand=26->20 pre=26 pick(must/bucket/top/rand)=1/6/9/4 depth0=10 depth=5 dlog=4 dper=1 sims=1868 loop=1848 gen_time=0 eval_time=0.02 best_avg=-0.251887 best_move=0,2 leader=6 inc2=1 attack_w=0.85 S0=27411 SA=35149 ratio=0.779858 my_comp=12 my_front=23 leader_comp=11 comp_gain(sz/front/cut)=0/0/0
DBG t=49 used=0.019 remain=0.9 turn_time=0.0188471 end_in=0.0188471 cand_pre=28 cand_cap=20 cand=28->20 pre=28 pick(must/bucket/top/rand)=1/7/8/4 depth0=10 depth=5 dlog=4 dper=1 sims=1736 loop=1716 gen_time=0 eval_time=0.019 best_avg=-0.196413 best_move=1,3 leader=6 inc2=1 attack_w=0.85 S0=29769 SA=38727 ratio=0.768694 my_comp=13 my_front=25 leader_comp=13 comp_gain(sz/front/cut)=0/0/0
DBG t=61 used=0.019 remain=0.674 turn_time=0.0180079 end_in=0.0180079 cand_pre=32 cand_cap=20 cand=32->20 pre=32 pick(must/bucket/top/rand)=1/7/8/4 depth0=10 depth=5 dlog=4 dper=1 sims=1600 loop=1580 gen_time=0 eval_time=0.019 best_avg=-0.00204923 best_move=2,0 leader=7 inc2=1 attack_w=0.31752 S0=37499 SA=37658 ratio=0.995778 my_comp=14 my_front=27 leader_comp=14 comp_gain(sz/front/cut)=0/0/0
DBG t=74 used=0.017 remain=0.44 turn_time=0.0165338 end_in=0.0165338 cand_pre=42 cand_cap=20 cand=42->20 pre=42 pick(must/bucket/top/rand)=1/7/8/4 depth0=11 depth=3 dlog=5 dper=3 sims=1756 loop=1736 gen_time=0 eval_time=0.017 best_avg=0.128676 best_move=8,6 leader=6 inc2=1 attack_w=0.203694 S0=44807 SA=42643 ratio=1.05075 my_comp=19 my_front=32 leader_comp=13 comp_gain(sz/front/cut)=1/2/0
DBG t=86 used=0.018 remain=0.207 turn_time=0.0177133 end_in=0.0177133 cand_pre=8 cand_cap=20 cand=8->8 pre=8 pick(must/bucket/top/rand)=1/6/1/0 depth0=11 depth=6 dlog=2 dper=0 sims=1560 loop=1552 gen_time=0 eval_time=0.018 best_avg=0.465318 best_move=4,8 leader=6 inc2=1 attack_w=0.2 S0=49683 SA=35791 ratio=1.38813 my_comp=3 my_front=7 leader_comp=11 comp_gain(sz/front/cut)=4/8/1
DBG depth_guard t=98 remain=0.018 cand_pre=17 depth0=1 depth=0
DBG depth_guard t=99 remain=0.007 cand_pre=14 depth0=0 depth=0
DBG t=99 used=0.005 remain=0.007 turn_time=0.0042 end_in=0.0042 cand_pre=14 cand_cap=12 cand=14->12 pre=14 pick(must/bucket/top/rand)=1/7/2/2 depth0=0 depth=0 dlog=3 dper=4 sims=5392 loop=5380 gen_time=0 eval_time=0.005 best_avg=0.449776 best_move=3,6 leader=6 inc2=1 attack_w=0.2 S0=44081 SA=29857 ratio=1.47639 my_comp=6 my_front=11 leader_comp=4 comp_gain(sz/front/cut)=1/2/1
DBG summary depth_guard_fired=2
Score = 134498
=== CASE 0046.txt ===
DBG hdr N=10 M=3 T=100 U=2 VMAX=1251 TIME_LIMIT=1.94 MAX_CAND=20 UCB_C=0.21 OBJ=log(S0+1)-log(SA+1)
DBG t=0 used=0.024 remain=1.94 turn_time=0.0236195 end_in=0.0236195 cand_pre=5 cand_cap=20 cand=5->5 pre=5 pick(must/bucket/top/rand)=1/2/2/0 depth0=7 depth=5 dlog=2 dper=0 sims=6597 loop=6592 gen_time=0 eval_time=0.024 best_avg=-0.0629574 best_move=2,8 leader=2 inc2=1 attack_w=0.85 S0=788 SA=1099 ratio=0.717273 my_comp=1 my_front=4 leader_comp=1 comp_gain(sz/front/cut)=1/2/0
DBG t=12 used=0.022 remain=1.667 turn_time=0.0215858 end_in=0.0215858 cand_pre=17 cand_cap=20 cand=17->17 pre=17 pick(must/bucket/top/rand)=1/2/13/1 depth0=7 depth=4 dlog=3 dper=0 sims=4037 loop=4020 gen_time=0 eval_time=0.022 best_avg=0.230945 best_move=1,4 leader=1 inc2=1 attack_w=0.2 S0=14724 SA=12555 ratio=1.17275 my_comp=8 my_front=11 leader_comp=9 comp_gain(sz/front/cut)=1/2/0
DBG t=24 used=0.02 remain=1.412 turn_time=0.0199631 end_in=0.0199631 cand_pre=27 cand_cap=20 cand=27->20 pre=27 pick(must/bucket/top/rand)=1/4/11/4 depth0=7 depth=2 dlog=4 dper=1 sims=3564 loop=3544 gen_time=0 eval_time=0.02 best_avg=0.30096 best_move=2,4 leader=2 inc2=1 attack_w=0.2 S0=27044 SA=20691 ratio=1.30703 my_comp=14 my_front=22 leader_comp=12 comp_gain(sz/front/cut)=0/0/0
DBG t=37 used=0.018 remain=1.161 turn_time=0.0176454 end_in=0.0176454 cand_pre=45 cand_cap=20 cand=45->20 pre=45 pick(must/bucket/top/rand)=1/4/11/4 depth0=10 depth=2 dlog=5 dper=3 sims=1820 loop=1800 gen_time=0 eval_time=0.018 best_avg=0.379162 best_move=4,1 leader=2 inc2=1 attack_w=0.2 S0=41479 SA=31109 ratio=1.33333 my_comp=23 my_front=34 leader_comp=17 comp_gain(sz/front/cut)=1/2/0
DBG t=49 used=0.017 remain=0.949 turn_time=0.0164865 end_in=0.0164865 cand_pre=56 cand_cap=20 cand=56->20 pre=56 pick(must/bucket/top/rand)=1/8/7/4 depth0=10 depth=1 dlog=5 dper=4 sims=1512 loop=1492 gen_time=0 eval_time=0.017 best_avg=0.396524 best_move=5,1 leader=2 inc2=1 attack_w=0.2 S0=52224 SA=37999 ratio=1.37434 my_comp=31 my_front=41 leader_comp=21 comp_gain(sz/front/cut)=0/0/0
DBG t=61 used=0.016 remain=0.75 turn_time=0.0157885 end_in=0.0157885 cand_pre=66 cand_cap=14 cand=66->14 pre=42 pick(must/bucket/top/rand)=1/8/2/3 depth0=10 depth=1 dlog=5 dper=4 sims=1130 loop=1116 gen_time=0 eval_time=0.016 best_avg=0.756039 best_move=8,0 leader=2 inc2=1 attack_w=0.2 S0=60248 SA=30191 ratio=1.99553 my_comp=39 my_front=48 leader_comp=18 comp_gain(sz/front/cut)=1/1/1
DBG t=74 used=0.026 remain=0.536 turn_time=0.0250992 end_in=0.0250992 cand_pre=5 cand_cap=20 cand=5->5 pre=5 pick(must/bucket/top/rand)=1/4/0/0 depth0=11 depth=9 dlog=2 dper=0 sims=1293 loop=1288 gen_time=0 eval_time=0.026 best_avg=0.798621 best_move=9,2 leader=2 inc2=1 attack_w=0.2 S0=63037 SA=31465 ratio=2.00337 my_comp=3 my_front=4 leader_comp=18 comp_gain(sz/front/cut)=0/0/0
DBG t=86 used=0.016 remain=0.296 turn_time=0.015984 end_in=0.015984 cand_pre=76 cand_cap=14 cand=76->14 pre=42 pick(must/bucket/top/rand)=1/8/2/3 depth0=11 depth=0 dlog=6 dper=5 sims=25422 loop=25408 gen_time=0 eval_time=0.016 best_avg=0.799876 best_move=6,2 leader=2 inc2=1 attack_w=0.2 S0=66808 SA=31588 ratio=2.11495 my_comp=47 my_front=59 leader_comp=17 comp_gain(sz/front/cut)=1/-2/1
DBG t=99 used=0.013 remain=0.02 turn_time=0.012 end_in=0.012 cand_pre=9 cand_cap=16 cand=9->9 pre=9 pick(must/bucket/top/rand)=1/4/4/0 depth0=0 depth=0 dlog=3 dper=0 sims=21377 loop=21368 gen_time=0 eval_time=0.013 best_avg=0.793915 best_move=6,0 leader=2 inc2=1 attack_w=0.2 S0=66759 SA=31096 ratio=2.14683 my_comp=6 my_front=6 leader_comp=14 comp_gain(sz/front/cut)=43/54/0
DBG summary depth_guard_fired=0
Score = 165915
=== CASE 0047.txt ===
DBG hdr N=10 M=4 T=100 U=3 VMAX=2265 TIME_LIMIT=1.94 MAX_CAND=20 UCB_C=0.21 OBJ=log(S0+1)-log(SA+1)
DBG t=0 used=0.024 remain=1.94 turn_time=0.0236195 end_in=0.0236195 cand_pre=5 cand_cap=20 cand=5->5 pre=5 pick(must/bucket/top/rand)=1/2/2/0 depth0=7 depth=5 dlog=2 dper=0 sims=6097 loop=6092 gen_time=0 eval_time=0.024 best_avg=-0.582191 best_move=2,5 leader=1 inc2=0 attack_w=0.85 S0=1144 SA=1546 ratio=0.740142 my_comp=1 my_front=4 leader_comp=1 comp_gain(sz/front/cut)=0/0/0
DBG t=12 used=0.022 remain=1.666 turn_time=0.0210806 end_in=0.0210806 cand_pre=21 cand_cap=20 cand=21->20 pre=21 pick(must/bucket/top/rand)=1/7/8/4 depth0=7 depth=3 dlog=4 dper=0 sims=4456 loop=4436 gen_time=0 eval_time=0.022 best_avg=-0.180537 best_move=7,5 leader=1 inc2=1 attack_w=0.85 S0=14865 SA=21268 ratio=0.698952 my_comp=7 my_front=16 leader_comp=7 comp_gain(sz/front/cut)=1/2/1
DBG t=24 used=0.021 remain=1.407 turn_time=0.0209754 end_in=0.0209754 cand_pre=18 cand_cap=20 cand=18->18 pre=18 pick(must/bucket/top/rand)=1/8/7/2 depth0=7 depth=3 dlog=4 dper=0 sims=3750 loop=3732 gen_time=0 eval_time=0.021 best_avg=-0.190133 best_move=7,4 leader=1 inc2=1 attack_w=0.85 S0=20208 SA=26603 ratio=0.759623 my_comp=7 my_front=14 leader_comp=9 comp_gain(sz/front/cut)=1/2/2
DBG t=37 used=0.02 remain=1.136 turn_time=0.0199611 end_in=0.0199611 cand_pre=22 cand_cap=20 cand=22->20 pre=22 pick(must/bucket/top/rand)=1/6/9/4 depth0=10 depth=6 dlog=4 dper=0 sims=2144 loop=2124 gen_time=0 eval_time=0.02 best_avg=-0.327394 best_move=5,5 leader=2 inc2=1 attack_w=0.669496 S0=27943 SA=32601 ratio=0.857125 my_comp=10 my_front=16 leader_comp=13 comp_gain(sz/front/cut)=0/0/0
DBG t=49 used=0.02 remain=0.896 turn_time=0.0191059 end_in=0.0191059 cand_pre=25 cand_cap=20 cand=25->20 pre=25 pick(must/bucket/top/rand)=1/6/9/4 depth0=10 depth=6 dlog=4 dper=0 sims=2040 loop=2020 gen_time=0 eval_time=0.02 best_avg=-0.202616 best_move=7,5 leader=2 inc2=1 attack_w=0.806058 S0=31864 SA=39184 ratio=0.813194 my_comp=10 my_front=20 leader_comp=15 comp_gain(sz/front/cut)=0/0/0
DBG t=61 used=0.019 remain=0.666 turn_time=0.0183492 end_in=0.0183492 cand_pre=27 cand_cap=20 cand=27->20 pre=27 pick(must/bucket/top/rand)=1/6/9/4 depth0=10 depth=5 dlog=4 dper=1 sims=2124 loop=2104 gen_time=0 eval_time=0.019 best_avg=-0.324815 best_move=6,3 leader=2 inc2=1 attack_w=0.85 S0=33318 SA=47646 ratio=0.699289 my_comp=11 my_front=22 leader_comp=16 comp_gain(sz/front/cut)=0/0/0
DBG t=74 used=0.018 remain=0.42 turn_time=0.0175673 end_in=0.0175673 cand_pre=25 cand_cap=20 cand=25->20 pre=25 pick(must/bucket/top/rand)=1/6/9/4 depth0=11 depth=6 dlog=4 dper=1 sims=1624 loop=1604 gen_time=0 eval_time=0.018 best_avg=-0.557107 best_move=7,8 leader=2 inc2=1 attack_w=0.85 S0=30146 SA=54626 ratio=0.55187 my_comp=11 my_front=19 leader_comp=21 comp_gain(sz/front/cut)=0/0/0
DBG t=86 used=0.017 remain=0.208 turn_time=0.0164469 end_in=0.0164469 cand_pre=22 cand_cap=20 cand=22->20 pre=22 pick(must/bucket/top/rand)=1/6/9/4 depth0=11 depth=6 dlog=4 dper=1 sims=1508 loop=1488 gen_time=0 eval_time=0.017 best_avg=-0.655916 best_move=7,5 leader=2 inc2=1 attack_w=0.85 S0=31092 SA=64995 ratio=0.478383 my_comp=11 my_front=19 leader_comp=25 comp_gain(sz/front/cut)=0/0/0
DBG depth_guard t=99 remain=0.009 cand_pre=24 depth0=0 depth=0
DBG t=99 used=0.006 remain=0.009 turn_time=0.0054 end_in=0.0054 cand_pre=24 cand_cap=12 cand=24->12 pre=24 pick(must/bucket/top/rand)=1/6/3/2 depth0=0 depth=0 dlog=4 dper=4 sims=6044 loop=6032 gen_time=0 eval_time=0.006 best_avg=-0.580954 best_move=8,6 leader=2 inc2=1 attack_w=0.85 S0=34815 SA=64427 ratio=0.540386 my_comp=11 my_front=18 leader_comp=26 comp_gain(sz/front/cut)=0/0/0
DBG summary depth_guard_fired=1
Score = 62989
=== CASE 0048.txt ===
DBG hdr N=10 M=3 T=100 U=3 VMAX=2106 TIME_LIMIT=1.94 MAX_CAND=20 UCB_C=0.21 OBJ=log(S0+1)-log(SA+1)
DBG t=0 used=0.024 remain=1.94 turn_time=0.0236195 end_in=0.0236195 cand_pre=5 cand_cap=20 cand=5->5 pre=5 pick(must/bucket/top/rand)=1/2/2/0 depth0=7 depth=5 dlog=2 dper=0 sims=6697 loop=6692 gen_time=0 eval_time=0.024 best_avg=0.108194 best_move=6,8 leader=1 inc2=1 attack_w=0.267866 S0=1043 SA=1093 ratio=0.954296 my_comp=1 my_front=4 leader_comp=1 comp_gain(sz/front/cut)=1/2/0
DBG t=12 used=0.022 remain=1.663 turn_time=0.0219025 end_in=0.0219025 cand_pre=14 cand_cap=20 cand=14->14 pre=14 pick(must/bucket/top/rand)=1/7/6/0 depth0=7 depth=4 dlog=3 dper=0 sims=5366 loop=5352 gen_time=0 eval_time=0.022 best_avg=-0.0341141 best_move=6,9 leader=1 inc2=1 attack_w=0.333824 S0=11474 SA=11609 ratio=0.988372 my_comp=7 my_front=11 leader_comp=6 comp_gain(sz/front/cut)=0/0/0
DBG t=24 used=0.021 remain=1.399 turn_time=0.0209758 end_in=0.0209758 cand_pre=17 cand_cap=20 cand=17->17 pre=17 pick(must/bucket/top/rand)=1/6/9/1 depth0=7 depth=4 dlog=3 dper=0 sims=4381 loop=4364 gen_time=0 eval_time=0.021 best_avg=-0.260433 best_move=6,6 leader=1 inc2=1 attack_w=0.496517 S0=22439 SA=24388 ratio=0.920087 my_comp=8 my_front=13 leader_comp=10 comp_gain(sz/front/cut)=0/0/0
DBG t=37 used=0.02 remain=1.127 turn_time=0.0199193 end_in=0.0199193 cand_pre=21 cand_cap=20 cand=21->20 pre=21 pick(must/bucket/top/rand)=1/6/9/4 depth0=10 depth=6 dlog=4 dper=0 sims=2592 loop=2572 gen_time=0 eval_time=0.02 best_avg=-0.376763 best_move=8,6 leader=1 inc2=1 attack_w=0.685816 S0=30615 SA=35949 ratio=0.851627 my_comp=9 my_front=15 leader_comp=13 comp_gain(sz/front/cut)=0/0/0
DBG t=49 used=0.019 remain=0.888 turn_time=0.0189353 end_in=0.0189353 cand_pre=25 cand_cap=20 cand=25->20 pre=25 pick(must/bucket/top/rand)=1/7/8/4 depth0=10 depth=6 dlog=4 dper=0 sims=2192 loop=2172 gen_time=0 eval_time=0.019 best_avg=-0.472847 best_move=8,9 leader=1 inc2=1 attack_w=0.85 S0=36022 SA=49349 ratio=0.729949 my_comp=12 my_front=19 leader_comp=17 comp_gain(sz/front/cut)=0/0/0
DBG t=61 used=0.019 remain=0.66 turn_time=0.0182938 end_in=0.0182938 cand_pre=26 cand_cap=20 cand=26->20 pre=26 pick(must/bucket/top/rand)=1/7/8/4 depth0=10 depth=5 dlog=4 dper=1 sims=2272 loop=2252 gen_time=0 eval_time=0.019 best_avg=-0.501271 best_move=9,8 leader=1 inc2=1 attack_w=0.85 S0=40188 SA=59656 ratio=0.673668 my_comp=13 my_front=20 leader_comp=22 comp_gain(sz/front/cut)=1/1/0
DBG t=74 used=0.018 remain=0.421 turn_time=0.0173986 end_in=0.0173986 cand_pre=27 cand_cap=20 cand=27->20 pre=27 pick(must/bucket/top/rand)=1/7/8/4 depth0=11 depth=6 dlog=4 dper=1 sims=1948 loop=1928 gen_time=0 eval_time=0.018 best_avg=-0.512804 best_move=8,9 leader=1 inc2=1 attack_w=0.85 S0=45775 SA=69989 ratio=0.654036 my_comp=15 my_front=22 leader_comp=23 comp_gain(sz/front/cut)=0/0/0
DBG t=86 used=0.016 remain=0.212 turn_time=0.0159757 end_in=0.0159757 cand_pre=30 cand_cap=20 cand=30->20 pre=30 pick(must/bucket/top/rand)=1/7/8/4 depth0=11 depth=5 dlog=4 dper=2 sims=1720 loop=1700 gen_time=0 eval_time=0.016 best_avg=-0.52724 best_move=6,6 leader=1 inc2=1 attack_w=0.85 S0=49664 SA=79460 ratio=0.625024 my_comp=17 my_front=24 leader_comp=27 comp_gain(sz/front/cut)=0/0/0
DBG depth_guard t=99 remain=0.012 cand_pre=34 depth0=0 depth=0
DBG t=99 used=0.008 remain=0.012 turn_time=0.0072 end_in=0.0072 cand_pre=34 cand_cap=12 cand=34->12 pre=34 pick(must/bucket/top/rand)=1/7/2/2 depth0=0 depth=0 dlog=4 dper=5 sims=15572 loop=15560 gen_time=0 eval_time=0.008 best_avg=-0.490732 best_move=4,8 leader=1 inc2=1 attack_w=0.85 S0=53794 SA=87160 ratio=0.617191 my_comp=19 my_front=26 leader_comp=27 comp_gain(sz/front/cut)=0/0/0
DBG summary depth_guard_fired=1
Score = 68734
=== CASE 0049.txt ===
DBG hdr N=10 M=3 T=100 U=4 VMAX=1541 TIME_LIMIT=1.94 MAX_CAND=20 UCB_C=0.21 OBJ=log(S0+1)-log(SA+1)
DBG t=0 used=0.024 remain=1.94 turn_time=0.0236195 end_in=0.0236195 cand_pre=5 cand_cap=20 cand=5->5 pre=5 pick(must/bucket/top/rand)=1/2/2/0 depth0=7 depth=5 dlog=2 dper=0 sims=6881 loop=6876 gen_time=0 eval_time=0.024 best_avg=0.214037 best_move=4,5 leader=2 inc2=1 attack_w=0.13 S0=1484 SA=835 ratio=1.77632 my_comp=1 my_front=4 leader_comp=1 comp_gain(sz/front/cut)=1/2/0
DBG t=12 used=0.023 remain=1.66 turn_time=0.0222308 end_in=0.0222308 cand_pre=11 cand_cap=20 cand=11->11 pre=11 pick(must/bucket/top/rand)=1/3/7/0 depth0=7 depth=4 dlog=3 dper=0 sims=5743 loop=5732 gen_time=0 eval_time=0.023 best_avg=0.339059 best_move=4,6 leader=2 inc2=1 attack_w=0.2 S0=19157 SA=13660 ratio=1.40239 my_comp=4 my_front=10 leader_comp=6 comp_gain(sz/front/cut)=1/0/0
DBG t=24 used=0.021 remain=1.396 turn_time=0.0208114 end_in=0.0208114 cand_pre=18 cand_cap=20 cand=18->18 pre=18 pick(must/bucket/top/rand)=1/4/11/2 depth0=7 depth=3 dlog=4 dper=0 sims=4202 loop=4184 gen_time=0 eval_time=0.021 best_avg=0.31267 best_move=5,3 leader=2 inc2=1 attack_w=0.2 S0=35897 SA=25696 ratio=1.39697 my_comp=8 my_front=14 leader_comp=11 comp_gain(sz/front/cut)=0/0/0
DBG t=37 used=0.02 remain=1.125 turn_time=0.0195357 end_in=0.0195357 cand_pre=24 cand_cap=20 cand=24->20 pre=24 pick(must/bucket/top/rand)=1/5/10/4 depth0=10 depth=6 dlog=4 dper=0 sims=2156 loop=2136 gen_time=0 eval_time=0.02 best_avg=0.171004 best_move=4,7 leader=2 inc2=1 attack_w=0.2 S0=45010 SA=35603 ratio=1.26421 my_comp=10 my_front=18 leader_comp=13 comp_gain(sz/front/cut)=0/0/0
DBG t=49 used=0.02 remain=0.888 turn_time=0.0190485 end_in=0.0190485 cand_pre=24 cand_cap=20 cand=24->20 pre=24 pick(must/bucket/top/rand)=1/4/11/4 depth0=10 depth=6 dlog=4 dper=0 sims=2048 loop=2028 gen_time=0 eval_time=0.02 best_avg=0.0410691 best_move=6,4 leader=2 inc2=1 attack_w=0.2 S0=46291 SA=40735 ratio=1.13639 my_comp=11 my_front=20 leader_comp=15 comp_gain(sz/front/cut)=0/0/0
DBG t=61 used=0.019 remain=0.659 turn_time=0.0181563 end_in=0.0181563 cand_pre=27 cand_cap=20 cand=27->20 pre=27 pick(must/bucket/top/rand)=1/5/10/4 depth0=10 depth=5 dlog=4 dper=1 sims=2008 loop=1988 gen_time=0 eval_time=0.019 best_avg=0.0165953 best_move=3,5 leader=2 inc2=1 attack_w=0.2 S0=56506 SA=53479 ratio=1.0566 my_comp=13 my_front=18 leader_comp=16 comp_gain(sz/front/cut)=1/2/0
DBG t=74 used=0.018 remain=0.424 turn_time=0.0173106 end_in=0.0173106 cand_pre=29 cand_cap=20 cand=29->20 pre=29 pick(must/bucket/top/rand)=1/8/7/4 depth0=11 depth=6 dlog=4 dper=1 sims=1620 loop=1600 gen_time=0 eval_time=0.018 best_avg=-0.09621 best_move=5,7 leader=2 inc2=1 attack_w=0.441821 S0=58188 SA=61773 ratio=0.941966 my_comp=15 my_front=22 leader_comp=16 comp_gain(sz/front/cut)=0/0/0
DBG t=86 used=0.017 remain=0.211 turn_time=0.0162922 end_in=0.0162922 cand_pre=26 cand_cap=20 cand=26->20 pre=26 pick(must/bucket/top/rand)=1/7/8/4 depth0=11 depth=6 dlog=4 dper=1 sims=1708 loop=1688 gen_time=0 eval_time=0.017 best_avg=-0.13181 best_move=5,8 leader=2 inc2=1 attack_w=0.606674 S0=60255 SA=68552 ratio=0.87897 my_comp=13 my_front=18 leader_comp=20 comp_gain(sz/front/cut)=1/2/0
DBG depth_guard t=99 remain=0.01 cand_pre=32 depth0=0 depth=0
DBG t=99 used=0.007 remain=0.01 turn_time=0.006 end_in=0.006 cand_pre=32 cand_cap=12 cand=32->12 pre=32 pick(must/bucket/top/rand)=1/8/1/2 depth0=0 depth=0 dlog=4 dper=5 sims=10544 loop=10532 gen_time=0 eval_time=0.007 best_avg=-0.23007 best_move=5,7 leader=2 inc2=1 attack_w=0.85 S0=60120 SA=76597 ratio=0.78489 my_comp=15 my_front=22 leader_comp=20 comp_gain(sz/front/cut)=0/0/0
DBG summary depth_guard_fired=1
Score = 84214
=== CASE 0050.txt ===
DBG hdr N=10 M=3 T=100 U=2 VMAX=1379 TIME_LIMIT=1.94 MAX_CAND=20 UCB_C=0.21 OBJ=log(S0+1)-log(SA+1)
DBG t=0 used=0.024 remain=1.94 turn_time=0.0237456 end_in=0.0237456 cand_pre=4 cand_cap=20 cand=4->4 pre=4 pick(must/bucket/top/rand)=1/2/1/0 depth0=7 depth=6 dlog=1 dper=0 sims=6180 loop=6176 gen_time=0 eval_time=0.024 best_avg=-0.0970809 best_move=2,9 leader=1 inc2=1 attack_w=0.13 S0=1010 SA=928 ratio=1.08827 my_comp=1 my_front=3 leader_comp=1 comp_gain(sz/front/cut)=1/1/0
DBG t=12 used=0.022 remain=1.665 turn_time=0.0213139 end_in=0.0213139 cand_pre=19 cand_cap=20 cand=19->19 pre=19 pick(must/bucket/top/rand)=1/3/12/3 depth0=7 depth=3 dlog=4 dper=0 sims=5043 loop=5024 gen_time=0 eval_time=0.022 best_avg=0.483283 best_move=2,6 leader=2 inc2=1 attack_w=0.2 S0=15265 SA=9394 ratio=1.62491 my_comp=8 my_front=14 leader_comp=6 comp_gain(sz/front/cut)=1/0/0
DBG t=24 used=0.02 remain=1.414 turn_time=0.0197495 end_in=0.0197495 cand_pre=29 cand_cap=20 cand=29->20 pre=29 pick(must/bucket/top/rand)=1/5/10/4 depth0=7 depth=2 dlog=4 dper=1 sims=3620 loop=3600 gen_time=0 eval_time=0.02 best_avg=0.619241 best_move=2,5 leader=2 inc2=1 attack_w=0.2 S0=27016 SA=14626 ratio=1.84706 my_comp=15 my_front=24 leader_comp=10 comp_gain(sz/front/cut)=0/0/0
DBG t=37 used=0.019 remain=1.154 turn_time=0.0189677 end_in=0.0189677 cand_pre=33 cand_cap=20 cand=33->20 pre=33 pick(must/bucket/top/rand)=1/5/10/4 depth0=10 depth=5 dlog=4 dper=1 sims=2144 loop=2124 gen_time=0 eval_time=0.019 best_avg=0.649093 best_move=3,5 leader=2 inc2=1 attack_w=0.2 S0=33023 SA=20506 ratio=1.61038 my_comp=19 my_front=22 leader_comp=1 comp_gain(sz/front/cut)=0/0/0
DBG t=49 used=0.019 remain=0.924 turn_time=0.018172 end_in=0.018172 cand_pre=38 cand_cap=20 cand=38->20 pre=38 pick(must/bucket/top/rand)=1/4/11/4 depth0=10 depth=3 dlog=5 dper=2 sims=2480 loop=2460 gen_time=0 eval_time=0.019 best_avg=0.684504 best_move=3,4 leader=2 inc2=1 attack_w=0.2 S0=37792 SA=21791 ratio=1.73426 my_comp=22 my_front=27 leader_comp=3 comp_gain(sz/front/cut)=1/-2/1
DBG t=61 used=0.019 remain=0.705 turn_time=0.0180137 end_in=0.0180137 cand_pre=39 cand_cap=20 cand=39->20 pre=39 pick(must/bucket/top/rand)=1/6/9/4 depth0=10 depth=3 dlog=5 dper=2 sims=2076 loop=2056 gen_time=0 eval_time=0.019 best_avg=1.06099 best_move=2,3 leader=2 inc2=1 attack_w=0.2 S0=41615 SA=15147 ratio=2.74729 my_comp=24 my_front=27 leader_comp=3 comp_gain(sz/front/cut)=1/2/2
DBG t=74 used=0.017 remain=0.477 turn_time=0.0166124 end_in=0.0166124 cand_pre=53 cand_cap=20 cand=53->20 pre=53 pick(must/bucket/top/rand)=1/8/7/4 depth0=11 depth=3 dlog=5 dper=3 sims=2348 loop=2328 gen_time=0 eval_time=0.017 best_avg=0.960176 best_move=2,1 leader=2 inc2=1 attack_w=0.2 S0=41500 SA=14569 ratio=2.84839 my_comp=29 my_front=39 leader_comp=3 comp_gain(sz/front/cut)=0/0/0
DBG t=86 used=0.019 remain=0.237 turn_time=0.0187399 end_in=0.0187399 cand_pre=22 cand_cap=20 cand=22->20 pre=22 pick(must/bucket/top/rand)=1/7/8/4 depth0=11 depth=6 dlog=4 dper=0 sims=2252 loop=2232 gen_time=0 eval_time=0.019 best_avg=1.14135 best_move=2,3 leader=1 inc2=1 attack_w=0.2 S0=45812 SA=15940 ratio=2.87391 my_comp=13 my_front=13 leader_comp=8 comp_gain(sz/front/cut)=0/0/0
DBG depth_guard t=99 remain=0.015 cand_pre=64 depth0=0 depth=0
DBG t=99 used=0.01 remain=0.015 turn_time=0.009 end_in=0.009 cand_pre=64 cand_cap=14 cand=64->14 pre=42 pick(must/bucket/top/rand)=1/8/2/3 depth0=0 depth=0 dlog=5 dper=5 sims=33046 loop=33032 gen_time=0 eval_time=0.01 best_avg=1.30379 best_move=2,4 leader=2 inc2=1 attack_w=0.2 S0=45860 SA=13578 ratio=3.37735 my_comp=36 my_front=50 leader_comp=2 comp_gain(sz/front/cut)=0/0/0
DBG summary depth_guard_fired=1
Score = 213346
=== CASE 0052.txt ===
DBG hdr N=10 M=5 T=100 U=4 VMAX=1301 TIME_LIMIT=1.94 MAX_CAND=20 UCB_C=0.21 OBJ=log(S0+1)-log(SA+1)
DBG t=0 used=0.024 remain=1.94 turn_time=0.0237456 end_in=0.0237456 cand_pre=4 cand_cap=20 cand=4->4 pre=4 pick(must/bucket/top/rand)=1/2/1/0 depth0=7 depth=6 dlog=1 dper=0 sims=4312 loop=4308 gen_time=0 eval_time=0.024 best_avg=-0.071788 best_move=1,5 leader=3 inc2=0 attack_w=0.765672 S0=1046 SA=1267 ratio=0.82571 my_comp=1 my_front=3 leader_comp=1 comp_gain(sz/front/cut)=1/2/0
DBG t=12 used=0.023 remain=1.657 turn_time=0.0221906 end_in=0.0221906 cand_pre=11 cand_cap=20 cand=11->11 pre=11 pick(must/bucket/top/rand)=1/4/6/0 depth0=7 depth=4 dlog=3 dper=0 sims=3607 loop=3596 gen_time=0 eval_time=0.023 best_avg=-0.216637 best_move=1,4 leader=4 inc2=1 attack_w=0.85 S0=11124 SA=14240 ratio=0.781195 my_comp=5 my_front=9 leader_comp=13 comp_gain(sz/front/cut)=0/0/0
DBG t=24 used=0.022 remain=1.39 turn_time=0.0213164 end_in=0.0213164 cand_pre=13 cand_cap=20 cand=13->13 pre=13 pick(must/bucket/top/rand)=1/6/6/0 depth0=7 depth=4 dlog=3 dper=0 sims=2949 loop=2936 gen_time=0 eval_time=0.022 best_avg=0.0502226 best_move=2,4 leader=4 inc2=1 attack_w=0.450382 S0=24175 SA=25760 ratio=0.938473 my_comp=6 my_front=9 leader_comp=24 comp_gain(sz/front/cut)=1/2/0
DBG t=37 used=0.021 remain=1.112 turn_time=0.0202278 end_in=0.0202278 cand_pre=16 cand_cap=20 cand=16->16 pre=16 pick(must/bucket/top/rand)=1/5/10/0 depth0=10 depth=7 dlog=3 dper=0 sims=1760 loop=1744 gen_time=0 eval_time=0.021 best_avg=0.186638 best_move=0,3 leader=4 inc2=1 attack_w=0.2 S0=30519 SA=27414 ratio=1.11326 my_comp=9 my_front=11 leader_comp=2 comp_gain(sz/front/cut)=0/0/0
DBG t=49 used=0.02 remain=0.869 turn_time=0.0193054 end_in=0.0193054 cand_pre=18 cand_cap=20 cand=18->18 pre=18 pick(must/bucket/top/rand)=1/6/9/2 depth0=10 depth=6 dlog=4 dper=0 sims=2122 loop=2104 gen_time=0 eval_time=0.02 best_avg=0.241048 best_move=2,3 leader=1 inc2=1 attack_w=0.2 S0=33075 SA=26942 ratio=1.22763 my_comp=10 my_front=12 leader_comp=6 comp_gain(sz/front/cut)=0/0/0
DBG t=61 used=0.019 remain=0.638 turn_time=0.0181094 end_in=0.0181094 cand_pre=22 cand_cap=20 cand=22->20 pre=22 pick(must/bucket/top/rand)=1/4/11/4 depth0=10 depth=6 dlog=4 dper=0 sims=1672 loop=1652 gen_time=0 eval_time=0.019 best_avg=0.16482 best_move=1,1 leader=2 inc2=0 attack_w=0.2 S0=40358 SA=35382 ratio=1.14063 my_comp=14 my_front=16 leader_comp=30 comp_gain(sz/front/cut)=0/0/0
DBG t=74 used=0.017 remain=0.405 turn_time=0.0165349 end_in=0.0165349 cand_pre=29 cand_cap=20 cand=29->20 pre=29 pick(must/bucket/top/rand)=1/8/7/4 depth0=11 depth=6 dlog=4 dper=1 sims=1100 loop=1080 gen_time=0 eval_time=0.017 best_avg=-0.0605817 best_move=2,4 leader=2 inc2=0 attack_w=0.503593 S0=41699 SA=45457 ratio=0.91733 my_comp=17 my_front=24 leader_comp=39 comp_gain(sz/front/cut)=0/0/0
DBG t=86 used=0.016 remain=0.208 turn_time=0.0158674 end_in=0.0158674 cand_pre=28 cand_cap=20 cand=28->20 pre=28 pick(must/bucket/top/rand)=1/8/7/4 depth0=11 depth=6 dlog=4 dper=1 sims=1136 loop=1116 gen_time=0 eval_time=0.016 best_avg=-0.027962 best_move=5,2 leader=2 inc2=1 attack_w=0.651966 S0=42042 SA=48710 ratio=0.863111 my_comp=18 my_front=20 leader_comp=43 comp_gain(sz/front/cut)=1/0/1
DBG depth_guard t=99 remain=0.014 cand_pre=41 depth0=0 depth=0
DBG t=99 used=0.009 remain=0.014 turn_time=0.0084 end_in=0.0084 cand_pre=41 cand_cap=14 cand=41->14 pre=41 pick(must/bucket/top/rand)=1/8/2/3 depth0=0 depth=0 dlog=5 dper=5 sims=14654 loop=14640 gen_time=0 eval_time=0.009 best_avg=0.162834 best_move=4,3 leader=3 inc2=1 attack_w=0.2 S0=50566 SA=43180 ratio=1.17105 my_comp=23 my_front=30 leader_comp=12 comp_gain(sz/front/cut)=0/0/0
DBG summary depth_guard_fired=1
Score = 112609
=== CASE 0051.txt ===
DBG hdr N=10 M=8 T=100 U=1 VMAX=1078 TIME_LIMIT=1.94 MAX_CAND=20 UCB_C=0.21 OBJ=log(S0+1)-log(SA+1)
DBG t=0 used=0.024 remain=1.94 turn_time=0.0236195 end_in=0.0236195 cand_pre=5 cand_cap=20 cand=5->5 pre=5 pick(must/bucket/top/rand)=1/2/2/0 depth0=7 depth=5 dlog=2 dper=0 sims=3253 loop=3248 gen_time=0 eval_time=0.024 best_avg=-0.064977 best_move=7,2 leader=6 inc2=1 attack_w=0.678947 S0=911 SA=1067 ratio=0.853933 my_comp=1 my_front=4 leader_comp=1 comp_gain(sz/front/cut)=1/2/0
DBG t=12 used=0.022 remain=1.665 turn_time=0.0219288 end_in=0.0219288 cand_pre=14 cand_cap=20 cand=14->14 pre=14 pick(must/bucket/top/rand)=1/5/8/0 depth0=7 depth=4 dlog=3 dper=0 sims=2710 loop=2696 gen_time=0 eval_time=0.022 best_avg=-0.107313 best_move=4,4 leader=6 inc2=1 attack_w=0.85 S0=5989 SA=7991 ratio=0.749499 my_comp=5 my_front=12 leader_comp=8 comp_gain(sz/front/cut)=1/2/0
DBG t=24 used=0.02 remain=1.406 turn_time=0.0196378 end_in=0.0196378 cand_pre=29 cand_cap=20 cand=29->20 pre=29 pick(must/bucket/top/rand)=1/6/9/4 depth0=7 depth=2 dlog=4 dper=1 sims=2800 loop=2780 gen_time=0 eval_time=0.02 best_avg=-0.0503472 best_move=5,8 leader=6 inc2=1 attack_w=0.520712 S0=12986 SA=14259 ratio=0.910729 my_comp=12 my_front=24 leader_comp=14 comp_gain(sz/front/cut)=1/2/13
DBG t=37 used=0.021 remain=1.126 turn_time=0.020134 end_in=0.020134 cand_pre=19 cand_cap=20 cand=19->19 pre=19 pick(must/bucket/top/rand)=1/5/10/3 depth0=10 depth=6 dlog=4 dper=0 sims=1435 loop=1416 gen_time=0 eval_time=0.021 best_avg=0.515012 best_move=2,7 leader=2 inc2=1 attack_w=0.2 S0=19907 SA=18031 ratio=1.10404 my_comp=11 my_front=15 leader_comp=2 comp_gain(sz/front/cut)=1/2/1
DBG t=49 used=0.018 remain=0.906 turn_time=0.0172406 end_in=0.0172406 cand_pre=43 cand_cap=20 cand=43->20 pre=43 pick(must/bucket/top/rand)=1/6/9/4 depth0=10 depth=3 dlog=5 dper=2 sims=1580 loop=1560 gen_time=0 eval_time=0.018 best_avg=1.05524 best_move=3,5 leader=2 inc2=1 attack_w=0.2 S0=28013 SA=9852 ratio=2.84319 my_comp=25 my_front=29 leader_comp=4 comp_gain(sz/front/cut)=1/0/0
DBG t=61 used=0.018 remain=0.698 turn_time=0.0173695 end_in=0.0173695 cand_pre=43 cand_cap=20 cand=43->20 pre=43 pick(must/bucket/top/rand)=1/6/9/4 depth0=10 depth=3 dlog=5 dper=2 sims=1552 loop=1532 gen_time=0 eval_time=0.018 best_avg=1.03301 best_move=7,6 leader=1 inc2=1 attack_w=0.2 S0=32127 SA=9919 ratio=3.23871 my_comp=27 my_front=33 leader_comp=10 comp_gain(sz/front/cut)=2/4/0
DBG t=74 used=0.018 remain=0.463 turn_time=0.0173981 end_in=0.0173981 cand_pre=42 cand_cap=20 cand=42->20 pre=42 pick(must/bucket/top/rand)=1/3/12/4 depth0=11 depth=4 dlog=5 dper=2 sims=1316 loop=1296 gen_time=0 eval_time=0.018 best_avg=0.829788 best_move=9,7 leader=7 inc2=1 attack_w=0.2 S0=27778 SA=10031 ratio=2.76904 my_comp=26 my_front=32 leader_comp=9 comp_gain(sz/front/cut)=1/1/0
DBG t=86 used=0.021 remain=0.249 turn_time=0.0209605 end_in=0.0209605 cand_pre=11 cand_cap=20 cand=11->11 pre=11 pick(must/bucket/top/rand)=1/2/8/0 depth0=11 depth=6 dlog=3 dper=0 sims=1439 loop=1428 gen_time=0 eval_time=0.021 best_avg=0.512903 best_move=6,3 leader=7 inc2=1 attack_w=0.2 S0=28803 SA=12946 ratio=2.22476 my_comp=4 my_front=9 leader_comp=13 comp_gain(sz/front/cut)=2/4/0
DBG depth_guard t=99 remain=0.009 cand_pre=14 depth0=0 depth=0
DBG t=99 used=0.006 remain=0.009 turn_time=0.0054 end_in=0.0054 cand_pre=14 cand_cap=12 cand=14->12 pre=14 pick(must/bucket/top/rand)=1/4/5/2 depth0=0 depth=0 dlog=3 dper=3 sims=6700 loop=6688 gen_time=0 eval_time=0.006 best_avg=0.590291 best_move=0,2 leader=1 inc2=1 attack_w=0.2 S0=23421 SA=12742 ratio=1.83803 my_comp=5 my_front=12 leader_comp=13 comp_gain(sz/front/cut)=1/1/0
DBG summary depth_guard_fired=1
Score = 146181
=== CASE 0053.txt ===
DBG hdr N=10 M=3 T=100 U=5 VMAX=1960 TIME_LIMIT=1.94 MAX_CAND=20 UCB_C=0.21 OBJ=log(S0+1)-log(SA+1)
DBG t=0 used=0.024 remain=1.94 turn_time=0.0236195 end_in=0.0236195 cand_pre=5 cand_cap=20 cand=5->5 pre=5 pick(must/bucket/top/rand)=1/2/2/0 depth0=7 depth=5 dlog=2 dper=0 sims=7421 loop=7416 gen_time=0 eval_time=0.024 best_avg=0.0489804 best_move=6,6 leader=2 inc2=1 attack_w=0.13 S0=1103 SA=1036 ratio=1.06461 my_comp=1 my_front=4 leader_comp=1 comp_gain(sz/front/cut)=1/2/0
DBG t=12 used=0.021 remain=1.67 turn_time=0.0208845 end_in=0.0208845 cand_pre=23 cand_cap=20 cand=23->20 pre=23 pick(must/bucket/top/rand)=1/4/11/4 depth0=7 depth=3 dlog=4 dper=0 sims=4204 loop=4184 gen_time=0 eval_time=0.021 best_avg=0.387397 best_move=2,7 leader=2 inc2=1 attack_w=0.2 S0=19583 SA=13386 ratio=1.46291 my_comp=8 my_front=18 leader_comp=9 comp_gain(sz/front/cut)=0/0/0
DBG t=24 used=0.021 remain=1.418 turn_time=0.0201692 end_in=0.0201692 cand_pre=26 cand_cap=20 cand=26->20 pre=26 pick(must/bucket/top/rand)=1/6/9/4 depth0=7 depth=3 dlog=4 dper=0 sims=3460 loop=3440 gen_time=0 eval_time=0.021 best_avg=0.460235 best_move=3,6 leader=2 inc2=1 attack_w=0.2 S0=38218 SA=24235 ratio=1.57695 my_comp=10 my_front=22 leader_comp=18 comp_gain(sz/front/cut)=0/0/0
DBG t=37 used=0.019 remain=1.157 turn_time=0.0185395 end_in=0.0185395 cand_pre=37 cand_cap=20 cand=37->20 pre=37 pick(must/bucket/top/rand)=1/7/8/4 depth0=10 depth=3 dlog=5 dper=2 sims=2332 loop=2312 gen_time=0 eval_time=0.019 best_avg=0.489244 best_move=7,3 leader=1 inc2=1 attack_w=0.2 S0=53761 SA=32255 ratio=1.66673 my_comp=16 my_front=30 leader_comp=11 comp_gain(sz/front/cut)=1/2/0
DBG t=49 used=0.018 remain=0.937 turn_time=0.0177111 end_in=0.0177111 cand_pre=44 cand_cap=20 cand=44->20 pre=44 pick(must/bucket/top/rand)=1/8/7/4 depth0=10 depth=3 dlog=5 dper=2 sims=2004 loop=1984 gen_time=0 eval_time=0.018 best_avg=0.506268 best_move=1,7 leader=1 inc2=1 attack_w=0.2 S0=67616 SA=39257 ratio=1.72238 my_comp=22 my_front=34 leader_comp=14 comp_gain(sz/front/cut)=0/0/0
DBG t=61 used=0.018 remain=0.721 turn_time=0.0177015 end_in=0.0177015 cand_pre=45 cand_cap=20 cand=45->20 pre=45 pick(must/bucket/top/rand)=1/8/7/4 depth0=10 depth=2 dlog=5 dper=3 sims=2076 loop=2056 gen_time=0 eval_time=0.018 best_avg=0.512924 best_move=0,6 leader=1 inc2=1 attack_w=0.2 S0=79773 SA=46529 ratio=1.71446 my_comp=23 my_front=35 leader_comp=15 comp_gain(sz/front/cut)=0/0/0
DBG t=74 used=0.018 remain=0.487 turn_time=0.0175695 end_in=0.0175695 cand_pre=48 cand_cap=20 cand=48->20 pre=48 pick(must/bucket/top/rand)=1/8/7/4 depth0=11 depth=3 dlog=5 dper=3 sims=1828 loop=1808 gen_time=0 eval_time=0.018 best_avg=0.462268 best_move=2,3 leader=1 inc2=1 attack_w=0.2 S0=85272 SA=51037 ratio=1.67077 my_comp=26 my_front=38 leader_comp=17 comp_gain(sz/front/cut)=0/0/0
DBG t=86 used=0.019 remain=0.267 turn_time=0.0183849 end_in=0.0183849 cand_pre=44 cand_cap=20 cand=44->20 pre=44 pick(must/bucket/top/rand)=1/8/7/4 depth0=11 depth=4 dlog=5 dper=2 sims=1880 loop=1860 gen_time=0 eval_time=0.019 best_avg=0.370405 best_move=2,7 leader=1 inc2=1 attack_w=0.2 S0=80975 SA=53711 ratio=1.5076 my_comp=22 my_front=34 leader_comp=18 comp_gain(sz/front/cut)=0/0/0
DBG t=99 used=0.014 remain=0.022 turn_time=0.0132 end_in=0.0132 cand_pre=51 cand_cap=16 cand=51->16 pre=48 pick(must/bucket/top/rand)=1/8/3/4 depth0=0 depth=0 dlog=5 dper=4 sims=31068 loop=31052 gen_time=0 eval_time=0.014 best_avg=0.377432 best_move=0,7 leader=1 inc2=1 attack_w=0.2 S0=84418 SA=56907 ratio=1.48343 my_comp=26 my_front=40 leader_comp=18 comp_gain(sz/front/cut)=0/0/0
DBG summary depth_guard_fired=0
Score = 129037
=== CASE 0054.txt ===
DBG hdr N=10 M=4 T=100 U=1 VMAX=1783 TIME_LIMIT=1.94 MAX_CAND=20 UCB_C=0.21 OBJ=log(S0+1)-log(SA+1)
DBG t=0 used=0.024 remain=1.94 turn_time=0.0238717 end_in=0.0238717 cand_pre=3 cand_cap=20 cand=3->3 pre=3 pick(must/bucket/top/rand)=1/2/0/0 depth0=7 depth=6 dlog=1 dper=0 sims=4975 loop=4972 gen_time=0 eval_time=0.024 best_avg=-0.259646 best_move=4,0 leader=3 inc2=1 attack_w=0.549074 S0=809 SA=899 ratio=0.9 my_comp=1 my_front=3 leader_comp=1 comp_gain(sz/front/cut)=1/1/0
DBG t=12 used=0.022 remain=1.666 turn_time=0.0210806 end_in=0.0210806 cand_pre=21 cand_cap=20 cand=21->20 pre=21 pick(must/bucket/top/rand)=1/4/11/4 depth0=7 depth=3 dlog=4 dper=0 sims=4352 loop=4332 gen_time=0 eval_time=0.022 best_avg=-0.212922 best_move=5,1 leader=2 inc2=1 attack_w=0.322276 S0=11965 SA=12042 ratio=0.993606 my_comp=11 my_front=17 leader_comp=10 comp_gain(sz/front/cut)=1/2/0
DBG t=24 used=0.021 remain=1.403 turn_time=0.0207958 end_in=0.0207958 cand_pre=19 cand_cap=20 cand=19->19 pre=19 pick(must/bucket/top/rand)=1/4/11/3 depth0=7 depth=3 dlog=4 dper=0 sims=4415 loop=4396 gen_time=0 eval_time=0.021 best_avg=-0.0466554 best_move=1,1 leader=2 inc2=1 attack_w=0.85 S0=9922 SA=16559 ratio=0.599215 my_comp=10 my_front=12 leader_comp=6 comp_gain(sz/front/cut)=1/0/0
DBG t=37 used=0.019 remain=1.142 turn_time=0.0182992 end_in=0.0182992 cand_pre=37 cand_cap=20 cand=37->20 pre=37 pick(must/bucket/top/rand)=1/4/11/4 depth0=10 depth=3 dlog=5 dper=2 sims=2116 loop=2096 gen_time=0 eval_time=0.019 best_avg=0.701627 best_move=4,2 leader=2 inc2=1 attack_w=0.2 S0=25176 SA=12594 ratio=1.99897 my_comp=23 my_front=23 leader_comp=10 comp_gain(sz/front/cut)=1/2/0
DBG t=49 used=0.021 remain=0.899 turn_time=0.0205448 end_in=0.0205448 cand_pre=13 cand_cap=20 cand=13->13 pre=13 pick(must/bucket/top/rand)=1/3/9/0 depth0=10 depth=7 dlog=3 dper=0 sims=2201 loop=2188 gen_time=0 eval_time=0.021 best_avg=0.81062 best_move=4,9 leader=1 inc2=0 attack_w=0.2 S0=30558 SA=15969 ratio=1.91353 my_comp=6 my_front=9 leader_comp=6 comp_gain(sz/front/cut)=1/-1/0
DBG t=61 used=0.019 remain=0.659 turn_time=0.0184858 end_in=0.0184858 cand_pre=24 cand_cap=20 cand=24->20 pre=24 pick(must/bucket/top/rand)=1/4/11/4 depth0=10 depth=6 dlog=4 dper=0 sims=1812 loop=1792 gen_time=0 eval_time=0.019 best_avg=0.900793 best_move=3,7 leader=1 inc2=0 attack_w=0.2 S0=36099 SA=17759 ratio=2.03266 my_comp=15 my_front=15 leader_comp=1 comp_gain(sz/front/cut)=1/0/0
DBG t=74 used=0.019 remain=0.448 turn_time=0.0184025 end_in=0.0184025 cand_pre=28 cand_cap=20 cand=28->20 pre=28 pick(must/bucket/top/rand)=1/5/10/4 depth0=11 depth=6 dlog=4 dper=1 sims=1284 loop=1264 gen_time=0 eval_time=0.019 best_avg=0.860689 best_move=8,6 leader=3 inc2=1 attack_w=0.2 S0=45570 SA=15804 ratio=2.88333 my_comp=17 my_front=17 leader_comp=5 comp_gain(sz/front/cut)=1/2/0
DBG t=86 used=0.013 remain=0.239 turn_time=0.0124621 end_in=0.0124621 cand_pre=80 cand_cap=14 cand=80->14 pre=42 pick(must/bucket/top/rand)=1/6/4/3 depth0=11 depth=0 dlog=6 dper=5 sims=23122 loop=23108 gen_time=0 eval_time=0.013 best_avg=1.20702 best_move=2,2 leader=3 inc2=1 attack_w=0.2 S0=50786 SA=15805 ratio=3.21315 my_comp=48 my_front=55 leader_comp=16 comp_gain(sz/front/cut)=1/0/2
DBG t=99 used=0.019 remain=0.031 turn_time=0.0186 end_in=0.0186 cand_pre=12 cand_cap=20 cand=12->12 pre=12 pick(must/bucket/top/rand)=1/5/6/0 depth0=0 depth=0 dlog=3 dper=0 sims=46556 loop=46544 gen_time=0 eval_time=0.019 best_avg=1.24482 best_move=8,1 leader=3 inc2=1 attack_w=0.2 S0=53386 SA=15193 ratio=3.51369 my_comp=4 my_front=10 leader_comp=3 comp_gain(sz/front/cut)=1/2/0
DBG summary depth_guard_fired=0
Score = 215502
=== CASE 0055.txt ===
DBG hdr N=10 M=8 T=100 U=2 VMAX=1735 TIME_LIMIT=1.94 MAX_CAND=20 UCB_C=0.21 OBJ=log(S0+1)-log(SA+1)
DBG t=0 used=0.024 remain=1.94 turn_time=0.0237456 end_in=0.0237456 cand_pre=4 cand_cap=20 cand=4->4 pre=4 pick(must/bucket/top/rand)=1/2/1/0 depth0=7 depth=6 dlog=1 dper=0 sims=3060 loop=3056 gen_time=0 eval_time=0.024 best_avg=-0.510594 best_move=0,4 leader=2 inc2=1 attack_w=0.85 S0=882 SA=1413 ratio=0.62447 my_comp=1 my_front=3 leader_comp=1 comp_gain(sz/front/cut)=0/0/0
DBG t=12 used=0.021 remain=1.665 turn_time=0.0209449 end_in=0.0209449 cand_pre=22 cand_cap=20 cand=22->20 pre=22 pick(must/bucket/top/rand)=1/5/10/4 depth0=7 depth=3 dlog=4 dper=0 sims=2920 loop=2900 gen_time=0 eval_time=0.021 best_avg=0.182555 best_move=3,0 leader=6 inc2=1 attack_w=0.2 S0=14442 SA=12555 ratio=1.15029 my_comp=9 my_front=17 leader_comp=7 comp_gain(sz/front/cut)=0/0/0
DBG t=24 used=0.021 remain=1.408 turn_time=0.0205086 end_in=0.0205086 cand_pre=22 cand_cap=20 cand=22->20 pre=22 pick(must/bucket/top/rand)=1/8/7/4 depth0=7 depth=3 dlog=4 dper=0 sims=2564 loop=2544 gen_time=0 eval_time=0.021 best_avg=0.0767404 best_move=4,3 leader=4 inc2=1 attack_w=0.2 S0=25412 SA=21632 ratio=1.17473 my_comp=10 my_front=17 leader_comp=18 comp_gain(sz/front/cut)=0/0/0
DBG t=37 used=0.021 remain=1.136 turn_time=0.02043 end_in=0.02043 cand_pre=18 cand_cap=20 cand=18->18 pre=18 pick(must/bucket/top/rand)=1/6/9/2 depth0=10 depth=6 dlog=4 dper=0 sims=1394 loop=1376 gen_time=0 eval_time=0.021 best_avg=-0.319718 best_move=3,0 leader=4 inc2=1 attack_w=0.675844 S0=24713 SA=28905 ratio=0.854978 my_comp=10 my_front=14 leader_comp=20 comp_gain(sz/front/cut)=0/0/0
DBG t=49 used=0.02 remain=0.892 turn_time=0.0190206 end_in=0.0190206 cand_pre=25 cand_cap=20 cand=25->20 pre=25 pick(must/bucket/top/rand)=1/6/9/4 depth0=10 depth=6 dlog=4 dper=0 sims=1324 loop=1304 gen_time=0 eval_time=0.02 best_avg=-0.113555 best_move=1,4 leader=4 inc2=1 attack_w=0.721779 S0=28434 SA=33860 ratio=0.839757 my_comp=15 my_front=15 leader_comp=21 comp_gain(sz/front/cut)=0/0/0
DBG t=61 used=0.019 remain=0.661 turn_time=0.0184317 end_in=0.0184317 cand_pre=25 cand_cap=20 cand=25->20 pre=25 pick(must/bucket/top/rand)=1/7/8/4 depth0=10 depth=5 dlog=4 dper=1 sims=1384 loop=1364 gen_time=0 eval_time=0.019 best_avg=-0.0535035 best_move=3,2 leader=4 inc2=1 attack_w=0.450795 S0=31405 SA=33470 ratio=0.938305 my_comp=17 my_front=15 leader_comp=23 comp_gain(sz/front/cut)=0/0/0
DBG t=74 used=0.018 remain=0.422 turn_time=0.01744 end_in=0.01744 cand_pre=27 cand_cap=20 cand=27->20 pre=27 pick(must/bucket/top/rand)=1/8/7/4 depth0=11 depth=6 dlog=4 dper=1 sims=1084 loop=1064 gen_time=0 eval_time=0.018 best_avg=-0.0354503 best_move=3,1 leader=7 inc2=1 attack_w=0.360903 S0=35279 SA=36135 ratio=0.976312 my_comp=18 my_front=16 leader_comp=22 comp_gain(sz/front/cut)=0/0/0
DBG t=86 used=0.017 remain=0.212 turn_time=0.016271 end_in=0.016271 cand_pre=27 cand_cap=20 cand=27->20 pre=27 pick(must/bucket/top/rand)=1/5/10/4 depth0=11 depth=6 dlog=4 dper=1 sims=1100 loop=1080 gen_time=0 eval_time=0.017 best_avg=-0.0369111 best_move=1,4 leader=7 inc2=1 attack_w=0.353936 S0=35918 SA=36674 ratio=0.979387 my_comp=17 my_front=18 leader_comp=22 comp_gain(sz/front/cut)=1/-2/0
DBG depth_guard t=99 remain=0.011 cand_pre=31 depth0=0 depth=0
DBG t=99 used=0.007 remain=0.011 turn_time=0.0066 end_in=0.0066 cand_pre=31 cand_cap=12 cand=31->12 pre=31 pick(must/bucket/top/rand)=1/6/3/2 depth0=0 depth=0 dlog=4 dper=5 sims=5944 loop=5932 gen_time=0 eval_time=0.007 best_avg=0.141908 best_move=5,0 leader=4 inc2=1 attack_w=0.2 S0=44391 SA=39377 ratio=1.12733 my_comp=21 my_front=24 leader_comp=27 comp_gain(sz/front/cut)=0/0/0
DBG summary depth_guard_fired=1
Score = 108248
=== CASE 0056.txt ===
DBG hdr N=10 M=7 T=100 U=2 VMAX=1961 TIME_LIMIT=1.94 MAX_CAND=20 UCB_C=0.21 OBJ=log(S0+1)-log(SA+1)
DBG t=0 used=0.024 remain=1.94 turn_time=0.0237456 end_in=0.0237456 cand_pre=4 cand_cap=20 cand=4->4 pre=4 pick(must/bucket/top/rand)=1/2/1/0 depth0=7 depth=6 dlog=1 dper=0 sims=3012 loop=3008 gen_time=0 eval_time=0.024 best_avg=-0.130863 best_move=8,5 leader=4 inc2=1 attack_w=0.847371 S0=823 SA=1028 ratio=0.800777 my_comp=1 my_front=3 leader_comp=1 comp_gain(sz/front/cut)=1/2/0
DBG t=12 used=0.021 remain=1.671 turn_time=0.0205267 end_in=0.0205267 cand_pre=26 cand_cap=20 cand=26->20 pre=26 pick(must/bucket/top/rand)=1/6/9/4 depth0=7 depth=3 dlog=4 dper=0 sims=2640 loop=2620 gen_time=0 eval_time=0.021 best_avg=0.184711 best_move=6,0 leader=6 inc2=1 attack_w=0.2 S0=15500 SA=12723 ratio=1.21825 my_comp=11 my_front=22 leader_comp=9 comp_gain(sz/front/cut)=1/1/0
DBG t=24 used=0.02 remain=1.419 turn_time=0.0199407 end_in=0.0199407 cand_pre=28 cand_cap=20 cand=28->20 pre=28 pick(must/bucket/top/rand)=1/7/8/4 depth0=7 depth=2 dlog=4 dper=1 sims=3056 loop=3036 gen_time=0 eval_time=0.02 best_avg=0.200111 best_move=6,0 leader=6 inc2=1 attack_w=0.2 S0=22723 SA=19966 ratio=1.13808 my_comp=13 my_front=22 leader_comp=12 comp_gain(sz/front/cut)=0/0/0
DBG t=37 used=0.02 remain=1.159 turn_time=0.0195282 end_in=0.0195282 cand_pre=29 cand_cap=20 cand=29->20 pre=29 pick(must/bucket/top/rand)=1/6/9/4 depth0=10 depth=5 dlog=4 dper=1 sims=1552 loop=1532 gen_time=0 eval_time=0.02 best_avg=0.248161 best_move=4,1 leader=6 inc2=1 attack_w=0.2 S0=30694 SA=23181 ratio=1.32409 my_comp=14 my_front=22 leader_comp=15 comp_gain(sz/front/cut)=0/0/0
DBG t=49 used=0.02 remain=0.919 turn_time=0.0191278 end_in=0.0191278 cand_pre=29 cand_cap=20 cand=29->20 pre=29 pick(must/bucket/top/rand)=1/6/9/4 depth0=10 depth=5 dlog=4 dper=1 sims=1516 loop=1496 gen_time=0 eval_time=0.02 best_avg=0.0596795 best_move=5,1 leader=6 inc2=1 attack_w=0.2 S0=32984 SA=27711 ratio=1.19028 my_comp=16 my_front=20 leader_comp=15 comp_gain(sz/front/cut)=0/0/0
DBG t=61 used=0.019 remain=0.681 turn_time=0.0187624 end_in=0.0187624 cand_pre=27 cand_cap=20 cand=27->20 pre=27 pick(must/bucket/top/rand)=1/8/7/4 depth0=10 depth=5 dlog=4 dper=1 sims=1212 loop=1192 gen_time=0 eval_time=0.019 best_avg=0.192531 best_move=4,2 leader=6 inc2=1 attack_w=0.2 S0=35196 SA=30922 ratio=1.13821 my_comp=15 my_front=20 leader_comp=17 comp_gain(sz/front/cut)=1/2/1
DBG t=74 used=0.018 remain=0.435 turn_time=0.0178685 end_in=0.0178685 cand_pre=28 cand_cap=20 cand=28->20 pre=28 pick(must/bucket/top/rand)=1/8/7/4 depth0=11 depth=6 dlog=4 dper=1 sims=1212 loop=1192 gen_time=0 eval_time=0.018 best_avg=-0.0349379 best_move=6,5 leader=4 inc2=1 attack_w=0.2 S0=32367 SA=27992 ratio=1.15629 my_comp=15 my_front=18 leader_comp=14 comp_gain(sz/front/cut)=0/0/0
DBG t=86 used=0.017 remain=0.221 turn_time=0.0168591 end_in=0.0168591 cand_pre=28 cand_cap=20 cand=28->20 pre=28 pick(must/bucket/top/rand)=1/7/8/4 depth0=11 depth=6 dlog=4 dper=1 sims=1108 loop=1088 gen_time=0 eval_time=0.017 best_avg=-0.102147 best_move=6,4 leader=4 inc2=1 attack_w=0.5124 S0=24589 SA=26905 ratio=0.913923 my_comp=14 my_front=19 leader_comp=14 comp_gain(sz/front/cut)=0/0/0
DBG depth_guard t=99 remain=0.011 cand_pre=29 depth0=0 depth=0
DBG t=99 used=0.007 remain=0.011 turn_time=0.0066 end_in=0.0066 cand_pre=29 cand_cap=12 cand=29->12 pre=29 pick(must/bucket/top/rand)=1/6/3/2 depth0=0 depth=0 dlog=4 dper=4 sims=6296 loop=6284 gen_time=0 eval_time=0.007 best_avg=-0.128271 best_move=5,3 leader=4 inc2=1 attack_w=0.647385 S0=25733 SA=29760 ratio=0.864689 my_comp=14 my_front=19 leader_comp=15 comp_gain(sz/front/cut)=0/0/0
DBG summary depth_guard_fired=1
Score = 90728
=== CASE 0058.txt ===
DBG hdr N=10 M=2 T=100 U=3 VMAX=2929 TIME_LIMIT=1.94 MAX_CAND=20 UCB_C=0.21 OBJ=log(S0+1)-log(SA+1)
DBG t=0 used=0.024 remain=1.94 turn_time=0.0237456 end_in=0.0237456 cand_pre=4 cand_cap=20 cand=4->4 pre=4 pick(must/bucket/top/rand)=1/2/1/0 depth0=7 depth=6 dlog=1 dper=0 sims=7940 loop=7936 gen_time=0 eval_time=0.024 best_avg=0.591494 best_move=3,0 leader=1 inc2=1 attack_w=0.13 S0=1199 SA=804 ratio=1.49068 my_comp=1 my_front=3 leader_comp=1 comp_gain(sz/front/cut)=1/1/0
DBG t=12 used=0.022 remain=1.663 turn_time=0.0216568 end_in=0.0216568 cand_pre=16 cand_cap=20 cand=16->16 pre=16 pick(must/bucket/top/rand)=1/2/13/0 depth0=7 depth=4 dlog=3 dper=0 sims=5540 loop=5524 gen_time=0 eval_time=0.022 best_avg=0.733409 best_move=7,1 leader=1 inc2=1 attack_w=0.2 S0=28553 SA=13316 ratio=2.14418 my_comp=7 my_front=10 leader_comp=8 comp_gain(sz/front/cut)=0/0/0
DBG t=24 used=0.021 remain=1.401 turn_time=0.0206463 end_in=0.0206463 cand_pre=20 cand_cap=20 cand=20->20 pre=20 pick(must/bucket/top/rand)=1/2/13/4 depth0=7 depth=3 dlog=4 dper=0 sims=4644 loop=4624 gen_time=0 eval_time=0.021 best_avg=0.680948 best_move=6,2 leader=1 inc2=1 attack_w=0.2 S0=53506 SA=26458 ratio=2.02226 my_comp=10 my_front=14 leader_comp=14 comp_gain(sz/front/cut)=0/0/0
DBG t=37 used=0.02 remain=1.133 turn_time=0.0193239 end_in=0.0193239 cand_pre=27 cand_cap=20 cand=27->20 pre=27 pick(must/bucket/top/rand)=1/2/13/4 depth0=10 depth=5 dlog=4 dper=1 sims=2580 loop=2560 gen_time=0 eval_time=0.02 best_avg=0.558091 best_move=9,0 leader=1 inc2=1 attack_w=0.2 S0=73299 SA=39080 ratio=1.87559 my_comp=15 my_front=20 leader_comp=15 comp_gain(sz/front/cut)=0/0/0
DBG t=49 used=0.019 remain=0.901 turn_time=0.0182938 end_in=0.0182938 cand_pre=33 cand_cap=20 cand=33->20 pre=33 pick(must/bucket/top/rand)=1/2/13/4 depth0=10 depth=5 dlog=4 dper=1 sims=2328 loop=2308 gen_time=0 eval_time=0.019 best_avg=0.575633 best_move=2,3 leader=1 inc2=1 attack_w=0.2 S0=89027 SA=49007 ratio=1.8166 my_comp=20 my_front=22 leader_comp=1 comp_gain(sz/front/cut)=0/0/0
DBG t=61 used=0.018 remain=0.676 turn_time=0.0177233 end_in=0.0177233 cand_pre=35 cand_cap=20 cand=35->20 pre=35 pick(must/bucket/top/rand)=1/5/10/4 depth0=10 depth=4 dlog=4 dper=2 sims=1932 loop=1912 gen_time=0 eval_time=0.018 best_avg=0.565579 best_move=1,0 leader=1 inc2=1 attack_w=0.2 S0=92039 SA=52515 ratio=1.75261 my_comp=21 my_front=24 leader_comp=19 comp_gain(sz/front/cut)=0/0/0
DBG t=74 used=0.018 remain=0.442 turn_time=0.017493 end_in=0.017493 cand_pre=34 cand_cap=20 cand=34->20 pre=34 pick(must/bucket/top/rand)=1/5/10/4 depth0=11 depth=5 dlog=4 dper=2 sims=1924 loop=1904 gen_time=0 eval_time=0.018 best_avg=0.501775 best_move=0,0 leader=1 inc2=1 attack_w=0.2 S0=92823 SA=56242 ratio=1.65041 my_comp=20 my_front=22 leader_comp=20 comp_gain(sz/front/cut)=0/0/0
DBG t=86 used=0.017 remain=0.232 turn_time=0.0165134 end_in=0.0165134 cand_pre=39 cand_cap=20 cand=39->20 pre=39 pick(must/bucket/top/rand)=1/8/7/4 depth0=11 depth=4 dlog=5 dper=2 sims=1804 loop=1784 gen_time=0 eval_time=0.017 best_avg=0.521928 best_move=0,2 leader=1 inc2=1 attack_w=0.2 S0=96031 SA=58120 ratio=1.65228 my_comp=23 my_front=25 leader_comp=18 comp_gain(sz/front/cut)=1/-1/0
DBG depth_guard t=99 remain=0.016 cand_pre=40 depth0=0 depth=0
DBG t=99 used=0.01 remain=0.016 turn_time=0.0096 end_in=0.0096 cand_pre=40 cand_cap=14 cand=40->14 pre=40 pick(must/bucket/top/rand)=1/6/4/3 depth0=0 depth=0 dlog=5 dper=4 sims=24182 loop=24168 gen_time=0 eval_time=0.01 best_avg=0.574563 best_move=0,0 leader=1 inc2=1 attack_w=0.2 S0=102341 SA=57171 ratio=1.79007 my_comp=27 my_front=24 leader_comp=20 comp_gain(sz/front/cut)=0/0/0
DBG summary depth_guard_fired=1
Score = 146726
=== CASE 0057.txt ===
DBG hdr N=10 M=7 T=100 U=4 VMAX=1762 TIME_LIMIT=1.94 MAX_CAND=20 UCB_C=0.21 OBJ=log(S0+1)-log(SA+1)
DBG t=0 used=0.024 remain=1.94 turn_time=0.0236195 end_in=0.0236195 cand_pre=5 cand_cap=20 cand=5->5 pre=5 pick(must/bucket/top/rand)=1/2/2/0 depth0=7 depth=5 dlog=2 dper=0 sims=3985 loop=3980 gen_time=0 eval_time=0.024 best_avg=-0.636572 best_move=2,6 leader=4 inc2=1 attack_w=0.85 S0=819 SA=1620 ratio=0.505861 my_comp=1 my_front=4 leader_comp=1 comp_gain(sz/front/cut)=1/2/0
DBG t=12 used=0.024 remain=1.67 turn_time=0.0234749 end_in=0.0234749 cand_pre=2 cand_cap=20 cand=2->2 pre=2 pick(must/bucket/top/rand)=1/1/0/0 depth0=7 depth=7 dlog=0 dper=0 sims=2290 loop=2288 gen_time=0 eval_time=0.024 best_avg=-0.323978 best_move=3,0 leader=4 inc2=1 attack_w=0.75485 S0=15711 SA=18949 ratio=0.829129 my_comp=1 my_front=3 leader_comp=5 comp_gain(sz/front/cut)=1/1/0
DBG t=24 used=0.023 remain=1.392 turn_time=0.0220614 end_in=0.0220614 cand_pre=7 cand_cap=20 cand=7->7 pre=7 pick(must/bucket/top/rand)=1/2/4/0 depth0=7 depth=5 dlog=2 dper=0 sims=3419 loop=3412 gen_time=0 eval_time=0.023 best_avg=-0.249449 best_move=3,1 leader=4 inc2=1 attack_w=0.428237 S0=21918 SA=23131 ratio=0.947562 my_comp=3 my_front=6 leader_comp=6 comp_gain(sz/front/cut)=0/0/0
DBG t=37 used=0.021 remain=1.107 turn_time=0.0207079 end_in=0.0207079 cand_pre=11 cand_cap=20 cand=11->11 pre=11 pick(must/bucket/top/rand)=1/5/5/0 depth0=10 depth=7 dlog=3 dper=0 sims=1919 loop=1908 gen_time=0 eval_time=0.021 best_avg=0.132854 best_move=5,0 leader=4 inc2=1 attack_w=0.2 S0=33386 SA=24323 ratio=1.37259 my_comp=6 my_front=11 leader_comp=6 comp_gain(sz/front/cut)=0/0/0
DBG t=49 used=0.02 remain=0.86 turn_time=0.0195439 end_in=0.0195439 cand_pre=14 cand_cap=20 cand=14->14 pre=14 pick(must/bucket/top/rand)=1/6/7/0 depth0=10 depth=7 dlog=3 dper=0 sims=1822 loop=1808 gen_time=0 eval_time=0.02 best_avg=0.247134 best_move=2,0 leader=4 inc2=1 attack_w=0.2 S0=30319 SA=25943 ratio=1.16867 my_comp=6 my_front=12 leader_comp=6 comp_gain(sz/front/cut)=0/0/0
DBG t=61 used=0.018 remain=0.632 turn_time=0.0173071 end_in=0.0173071 cand_pre=28 cand_cap=20 cand=28->20 pre=28 pick(must/bucket/top/rand)=1/6/9/4 depth0=10 depth=5 dlog=4 dper=1 sims=1912 loop=1892 gen_time=0 eval_time=0.018 best_avg=0.452135 best_move=3,4 leader=3 inc2=1 attack_w=0.2 S0=40327 SA=26279 ratio=1.53455 my_comp=16 my_front=21 leader_comp=3 comp_gain(sz/front/cut)=0/0/0
DBG t=74 used=0.017 remain=0.41 turn_time=0.0162265 end_in=0.0162265 cand_pre=34 cand_cap=20 cand=34->20 pre=34 pick(must/bucket/top/rand)=1/7/8/4 depth0=11 depth=5 dlog=4 dper=2 sims=1420 loop=1400 gen_time=0 eval_time=0.017 best_avg=0.438464 best_move=2,2 leader=6 inc2=1 attack_w=0.2 S0=49762 SA=31624 ratio=1.57353 my_comp=20 my_front=21 leader_comp=8 comp_gain(sz/front/cut)=0/0/0
DBG t=86 used=0.016 remain=0.208 turn_time=0.0154811 end_in=0.0154811 cand_pre=32 cand_cap=20 cand=32->20 pre=32 pick(must/bucket/top/rand)=1/7/8/4 depth0=11 depth=5 dlog=4 dper=2 sims=1300 loop=1280 gen_time=0 eval_time=0.016 best_avg=0.375856 best_move=4,5 leader=6 inc2=1 attack_w=0.2 S0=58870 SA=40880 ratio=1.44006 my_comp=19 my_front=19 leader_comp=11 comp_gain(sz/front/cut)=0/0/0
DBG depth_guard t=99 remain=0.012 cand_pre=34 depth0=0 depth=0
DBG t=99 used=0.008 remain=0.012 turn_time=0.0072 end_in=0.0072 cand_pre=34 cand_cap=12 cand=34->12 pre=34 pick(must/bucket/top/rand)=1/6/3/2 depth0=0 depth=0 dlog=4 dper=5 sims=10600 loop=10588 gen_time=0 eval_time=0.008 best_avg=0.43632 best_move=5,4 leader=6 inc2=1 attack_w=0.2 S0=70052 SA=45994 ratio=1.52306 my_comp=21 my_front=21 leader_comp=12 comp_gain(sz/front/cut)=1/2/0
DBG summary depth_guard_fired=1
Score = 133025
=== CASE 0059.txt ===
DBG hdr N=10 M=4 T=100 U=2 VMAX=1678 TIME_LIMIT=1.94 MAX_CAND=20 UCB_C=0.21 OBJ=log(S0+1)-log(SA+1)
DBG t=0 used=0.024 remain=1.94 turn_time=0.0237456 end_in=0.0237456 cand_pre=4 cand_cap=20 cand=4->4 pre=4 pick(must/bucket/top/rand)=1/2/1/0 depth0=7 depth=6 dlog=1 dper=0 sims=4740 loop=4736 gen_time=0 eval_time=0.024 best_avg=-0.317458 best_move=3,7 leader=2 inc2=1 attack_w=0.85 S0=539 SA=1121 ratio=0.481283 my_comp=1 my_front=4 leader_comp=1 comp_gain(sz/front/cut)=1/2/0
DBG t=12 used=0.022 remain=1.663 turn_time=0.021534 end_in=0.021534 cand_pre=17 cand_cap=20 cand=17->17 pre=17 pick(must/bucket/top/rand)=1/4/11/1 depth0=7 depth=4 dlog=3 dper=0 sims=3877 loop=3860 gen_time=0 eval_time=0.022 best_avg=-0.111362 best_move=5,6 leader=1 inc2=1 attack_w=0.600186 S0=11402 SA=12938 ratio=0.881289 my_comp=6 my_front=14 leader_comp=6 comp_gain(sz/front/cut)=1/2/0
DBG t=24 used=0.02 remain=1.409 turn_time=0.0198002 end_in=0.0198002 cand_pre=28 cand_cap=20 cand=28->20 pre=28 pick(must/bucket/top/rand)=1/6/9/4 depth0=7 depth=2 dlog=4 dper=1 sims=3880 loop=3860 gen_time=0 eval_time=0.02 best_avg=0.215905 best_move=2,8 leader=2 inc2=1 attack_w=0.2 S0=20508 SA=17040 ratio=1.20351 my_comp=11 my_front=22 leader_comp=9 comp_gain(sz/front/cut)=0/0/0
DBG t=37 used=0.022 remain=1.138 turn_time=0.0216401 end_in=0.0216401 cand_pre=8 cand_cap=20 cand=8->8 pre=8 pick(must/bucket/top/rand)=1/5/2/0 depth0=10 depth=8 dlog=2 dper=0 sims=1816 loop=1808 gen_time=0 eval_time=0.022 best_avg=0.0894813 best_move=9,5 leader=2 inc2=1 attack_w=0.2 S0=26303 SA=19918 ratio=1.32055 my_comp=3 my_front=5 leader_comp=12 comp_gain(sz/front/cut)=0/0/0
DBG t=49 used=0.02 remain=0.884 turn_time=0.019526 end_in=0.019526 cand_pre=19 cand_cap=20 cand=19->19 pre=19 pick(must/bucket/top/rand)=1/5/10/3 depth0=10 depth=6 dlog=4 dper=0 sims=1927 loop=1908 gen_time=0 eval_time=0.02 best_avg=0.189527 best_move=5,5 leader=2 inc2=1 attack_w=0.2 S0=32179 SA=22284 ratio=1.44402 my_comp=9 my_front=15 leader_comp=14 comp_gain(sz/front/cut)=8/16/0
DBG t=61 used=0.018 remain=0.66 turn_time=0.0176338 end_in=0.0176338 cand_pre=32 cand_cap=20 cand=32->20 pre=32 pick(must/bucket/top/rand)=1/7/8/4 depth0=10 depth=5 dlog=4 dper=1 sims=1620 loop=1600 gen_time=0 eval_time=0.018 best_avg=0.266608 best_move=8,2 leader=2 inc2=1 attack_w=0.2 S0=36602 SA=24076 ratio=1.52025 my_comp=15 my_front=23 leader_comp=14 comp_gain(sz/front/cut)=1/2/0
DBG t=74 used=0.019 remain=0.409 turn_time=0.0185387 end_in=0.0185387 cand_pre=11 cand_cap=20 cand=11->11 pre=11 pick(must/bucket/top/rand)=1/4/6/0 depth0=11 depth=8 dlog=3 dper=0 sims=1475 loop=1464 gen_time=0 eval_time=0.019 best_avg=0.244534 best_move=6,0 leader=1 inc2=1 attack_w=0.2 S0=38564 SA=28619 ratio=1.34748 my_comp=5 my_front=7 leader_comp=15 comp_gain(sz/front/cut)=0/0/0
DBG t=86 used=0.016 remain=0.195 turn_time=0.0157811 end_in=0.0157811 cand_pre=18 cand_cap=20 cand=18->18 pre=18 pick(must/bucket/top/rand)=1/7/8/2 depth0=11 depth=6 dlog=4 dper=0 sims=1402 loop=1384 gen_time=0 eval_time=0.016 best_avg=0.111715 best_move=6,0 leader=1 inc2=1 attack_w=0.2 S0=41999 SA=33401 ratio=1.25741 my_comp=10 my_front=10 leader_comp=20 comp_gain(sz/front/cut)=0/0/0
DBG depth_guard t=99 remain=0.008 cand_pre=23 depth0=0 depth=0
DBG t=99 used=0.005 remain=0.008 turn_time=0.0048 end_in=0.0048 cand_pre=23 cand_cap=12 cand=23->12 pre=23 pick(must/bucket/top/rand)=1/2/7/2 depth0=0 depth=0 dlog=4 dper=5 sims=6532 loop=6520 gen_time=0 eval_time=0.005 best_avg=0.0960099 best_move=5,2 leader=1 inc2=0 attack_w=0.2 S0=48171 SA=43809 ratio=1.09957 my_comp=13 my_front=13 leader_comp=24 comp_gain(sz/front/cut)=1/2/0
DBG summary depth_guard_fired=1
Score = 106401
=== CASE 0060.txt ===
DBG hdr N=10 M=5 T=100 U=3 VMAX=1320 TIME_LIMIT=1.94 MAX_CAND=20 UCB_C=0.21 OBJ=log(S0+1)-log(SA+1)
DBG t=0 used=0.024 remain=1.94 turn_time=0.0237456 end_in=0.0237456 cand_pre=4 cand_cap=20 cand=4->4 pre=4 pick(must/bucket/top/rand)=1/2/1/0 depth0=7 depth=6 dlog=1 dper=0 sims=4876 loop=4872 gen_time=0 eval_time=0.024 best_avg=-0.0740582 best_move=7,0 leader=3 inc2=0 attack_w=0.638592 S0=1029 SA=1186 ratio=0.867734 my_comp=1 my_front=4 leader_comp=1 comp_gain(sz/front/cut)=1/1/0
DBG t=12 used=0.022 remain=1.66 turn_time=0.0219856 end_in=0.0219856 cand_pre=13 cand_cap=20 cand=13->13 pre=13 pick(must/bucket/top/rand)=1/4/8/0 depth0=7 depth=4 dlog=3 dper=0 sims=4633 loop=4620 gen_time=0 eval_time=0.022 best_avg=0.00357372 best_move=9,0 leader=3 inc2=0 attack_w=0.493317 S0=13129 SA=14250 ratio=0.921339 my_comp=5 my_front=10 leader_comp=7 comp_gain(sz/front/cut)=1/0/0
DBG t=24 used=0.021 remain=1.399 turn_time=0.0206168 end_in=0.0206168 cand_pre=20 cand_cap=20 cand=20->20 pre=20 pick(must/bucket/top/rand)=1/6/9/4 depth0=7 depth=3 dlog=4 dper=0 sims=4452 loop=4432 gen_time=0 eval_time=0.021 best_avg=0.295803 best_move=4,2 leader=2 inc2=0 attack_w=0.2 S0=22720 SA=15855 ratio=1.43296 my_comp=10 my_front=17 leader_comp=6 comp_gain(sz/front/cut)=0/0/0
DBG t=37 used=0.02 remain=1.13 turn_time=0.019506 end_in=0.019506 cand_pre=25 cand_cap=20 cand=25->20 pre=25 pick(must/bucket/top/rand)=1/6/9/4 depth0=10 depth=6 dlog=4 dper=0 sims=2148 loop=2128 gen_time=0 eval_time=0.02 best_avg=0.0652016 best_move=6,0 leader=2 inc2=0 attack_w=0.2 S0=25230 SA=21141 ratio=1.19341 my_comp=13 my_front=19 leader_comp=8 comp_gain(sz/front/cut)=0/0/0
DBG t=49 used=0.019 remain=0.892 turn_time=0.0185658 end_in=0.0185658 cand_pre=29 cand_cap=20 cand=29->20 pre=29 pick(must/bucket/top/rand)=1/6/9/4 depth0=10 depth=5 dlog=4 dper=1 sims=2156 loop=2136 gen_time=0 eval_time=0.019 best_avg=0.186998 best_move=5,2 leader=2 inc2=0 attack_w=0.2 S0=30096 SA=27080 ratio=1.11137 my_comp=15 my_front=23 leader_comp=11 comp_gain(sz/front/cut)=0/0/0
DBG t=61 used=0.018 remain=0.664 turn_time=0.0179621 end_in=0.0179621 cand_pre=30 cand_cap=20 cand=30->20 pre=30 pick(must/bucket/top/rand)=1/8/7/4 depth0=10 depth=5 dlog=4 dper=1 sims=1960 loop=1940 gen_time=0 eval_time=0.018 best_avg=0.531664 best_move=5,4 leader=2 inc2=0 attack_w=0.2 S0=31339 SA=21768 ratio=1.43966 my_comp=15 my_front=23 leader_comp=2 comp_gain(sz/front/cut)=1/2/0
DBG t=74 used=0.017 remain=0.427 turn_time=0.0163656 end_in=0.0163656 cand_pre=39 cand_cap=20 cand=39->20 pre=39 pick(must/bucket/top/rand)=1/7/8/4 depth0=11 depth=4 dlog=5 dper=2 sims=1728 loop=1708 gen_time=0 eval_time=0.017 best_avg=0.828965 best_move=4,4 leader=1 inc2=1 attack_w=0.2 S0=35867 SA=15393 ratio=2.33 my_comp=21 my_front=29 leader_comp=9 comp_gain(sz/front/cut)=0/0/0
DBG t=86 used=0.017 remain=0.228 turn_time=0.0164404 end_in=0.0164404 cand_pre=37 cand_cap=20 cand=37->20 pre=37 pick(must/bucket/top/rand)=1/7/8/4 depth0=11 depth=4 dlog=5 dper=2 sims=1852 loop=1832 gen_time=0 eval_time=0.017 best_avg=1.07187 best_move=5,2 leader=1 inc2=1 attack_w=0.2 S0=45858 SA=15601 ratio=2.9393 my_comp=19 my_front=27 leader_comp=2 comp_gain(sz/front/cut)=1/2/0
DBG depth_guard t=99 remain=0.017 cand_pre=49 depth0=0 depth=0
DBG t=99 used=0.011 remain=0.017 turn_time=0.0102 end_in=0.0102 cand_pre=49 cand_cap=14 cand=49->14 pre=42 pick(must/bucket/top/rand)=1/5/5/3 depth0=0 depth=0 dlog=5 dper=5 sims=22698 loop=22684 gen_time=0 eval_time=0.011 best_avg=1.20849 best_move=8,7 leader=1 inc2=0 attack_w=0.2 S0=58688 SA=17688 ratio=3.31782 my_comp=25 my_front=36 leader_comp=5 comp_gain(sz/front/cut)=0/0/0
DBG summary depth_guard_fired=1
Score = 220491
=== CASE 0061.txt ===
DBG hdr N=10 M=5 T=100 U=2 VMAX=1600 TIME_LIMIT=1.94 MAX_CAND=20 UCB_C=0.21 OBJ=log(S0+1)-log(SA+1)
DBG t=0 used=0.024 remain=1.94 turn_time=0.0237456 end_in=0.0237456 cand_pre=4 cand_cap=20 cand=4->4 pre=4 pick(must/bucket/top/rand)=1/2/1/0 depth0=7 depth=6 dlog=1 dper=0 sims=4552 loop=4548 gen_time=0 eval_time=0.024 best_avg=-0.467129 best_move=1,3 leader=4 inc2=1 attack_w=0.480774 S0=1067 SA=1152 ratio=0.926279 my_comp=1 my_front=4 leader_comp=1 comp_gain(sz/front/cut)=1/2/0
DBG t=12 used=0.022 remain=1.664 turn_time=0.0219156 end_in=0.0219156 cand_pre=14 cand_cap=20 cand=14->14 pre=14 pick(must/bucket/top/rand)=1/6/7/0 depth0=7 depth=4 dlog=3 dper=0 sims=3614 loop=3600 gen_time=0 eval_time=0.022 best_avg=-0.543372 best_move=1,2 leader=2 inc2=1 attack_w=0.85 S0=9147 SA=16985 ratio=0.538561 my_comp=6 my_front=12 leader_comp=9 comp_gain(sz/front/cut)=1/2/0
DBG t=24 used=0.021 remain=1.403 turn_time=0.0206758 end_in=0.0206758 cand_pre=20 cand_cap=20 cand=20->20 pre=20 pick(must/bucket/top/rand)=1/4/11/4 depth0=7 depth=3 dlog=4 dper=0 sims=3276 loop=3256 gen_time=0 eval_time=0.021 best_avg=-0.479183 best_move=3,0 leader=2 inc2=0 attack_w=0.85 S0=17190 SA=28618 ratio=0.600685 my_comp=10 my_front=16 leader_comp=21 comp_gain(sz/front/cut)=1/1/0
DBG t=37 used=0.019 remain=1.143 turn_time=0.018669 end_in=0.018669 cand_pre=34 cand_cap=20 cand=34->20 pre=34 pick(must/bucket/top/rand)=1/8/7/4 depth0=10 depth=4 dlog=4 dper=2 sims=1708 loop=1688 gen_time=0 eval_time=0.019 best_avg=-0.394216 best_move=9,2 leader=2 inc2=0 attack_w=0.85 S0=22539 SA=33274 ratio=0.677385 my_comp=16 my_front=27 leader_comp=20 comp_gain(sz/front/cut)=1/1/0
DBG t=49 used=0.018 remain=0.921 turn_time=0.0175261 end_in=0.0175261 cand_pre=43 cand_cap=20 cand=43->20 pre=43 pick(must/bucket/top/rand)=1/7/8/4 depth0=10 depth=3 dlog=5 dper=2 sims=1572 loop=1552 gen_time=0 eval_time=0.018 best_avg=-0.0448549 best_move=6,6 leader=2 inc2=0 attack_w=0.563458 S0=26895 SA=30062 ratio=0.894655 my_comp=23 my_front=30 leader_comp=19 comp_gain(sz/front/cut)=0/0/0
DBG t=61 used=0.018 remain=0.704 turn_time=0.0174014 end_in=0.0174014 cand_pre=44 cand_cap=20 cand=44->20 pre=44 pick(must/bucket/top/rand)=1/8/7/4 depth0=10 depth=2 dlog=5 dper=3 sims=1872 loop=1852 gen_time=0 eval_time=0.018 best_avg=0.0693434 best_move=6,2 leader=2 inc2=1 attack_w=0.313733 S0=28086 SA=28156 ratio=0.997514 my_comp=23 my_front=34 leader_comp=18 comp_gain(sz/front/cut)=0/0/0
DBG t=74 used=0.017 remain=0.479 turn_time=0.0168018 end_in=0.0168018 cand_pre=52 cand_cap=20 cand=52->20 pre=52 pick(must/bucket/top/rand)=1/8/7/4 depth0=11 depth=3 dlog=5 dper=3 sims=1176 loop=1156 gen_time=0 eval_time=0.017 best_avg=0.39183 best_move=4,8 leader=1 inc2=1 attack_w=0.2 S0=36002 SA=25154 ratio=1.43125 my_comp=28 my_front=36 leader_comp=22 comp_gain(sz/front/cut)=1/2/0
DBG t=86 used=0.018 remain=0.274 turn_time=0.0174675 end_in=0.0174675 cand_pre=55 cand_cap=20 cand=55->20 pre=55 pick(must/bucket/top/rand)=1/8/7/4 depth0=11 depth=3 dlog=5 dper=3 sims=1420 loop=1400 gen_time=0 eval_time=0.018 best_avg=0.342797 best_move=5,1 leader=1 inc2=1 attack_w=0.2 S0=39098 SA=25977 ratio=1.50508 my_comp=29 my_front=39 leader_comp=9 comp_gain(sz/front/cut)=1/0/0
DBG t=99 used=0.016 remain=0.026 turn_time=0.0156 end_in=0.0156 cand_pre=54 cand_cap=20 cand=54->20 pre=54 pick(must/bucket/top/rand)=1/8/7/4 depth0=0 depth=0 dlog=5 dper=4 sims=20216 loop=20196 gen_time=0 eval_time=0.016 best_avg=0.305201 best_move=4,1 leader=3 inc2=1 attack_w=0.2 S0=38530 SA=27762 ratio=1.38785 my_comp=29 my_front=44 leader_comp=14 comp_gain(sz/front/cut)=0/0/0
DBG summary depth_guard_fired=0
Score = 125746
=== CASE 0062.txt ===
DBG hdr N=10 M=4 T=100 U=5 VMAX=2517 TIME_LIMIT=1.94 MAX_CAND=20 UCB_C=0.21 OBJ=log(S0+1)-log(SA+1)
DBG t=0 used=0.024 remain=1.94 turn_time=0.0237456 end_in=0.0237456 cand_pre=4 cand_cap=20 cand=4->4 pre=4 pick(must/bucket/top/rand)=1/2/1/0 depth0=7 depth=6 dlog=1 dper=0 sims=5372 loop=5368 gen_time=0 eval_time=0.024 best_avg=-0.998318 best_move=9,4 leader=2 inc2=1 attack_w=0.85 S0=484 SA=2223 ratio=0.218076 my_comp=1 my_front=3 leader_comp=1 comp_gain(sz/front/cut)=1/1/0
DBG t=12 used=0.021 remain=1.669 turn_time=0.0205021 end_in=0.0205021 cand_pre=26 cand_cap=20 cand=26->20 pre=26 pick(must/bucket/top/rand)=1/8/7/4 depth0=7 depth=3 dlog=4 dper=0 sims=4056 loop=4036 gen_time=0 eval_time=0.021 best_avg=0.767321 best_move=6,7 leader=2 inc2=1 attack_w=0.2 S0=19581 SA=9705 ratio=2.01751 my_comp=12 my_front=21 leader_comp=5 comp_gain(sz/front/cut)=0/0/0
DBG t=24 used=0.022 remain=1.411 turn_time=0.021035 end_in=0.021035 cand_pre=18 cand_cap=20 cand=18->18 pre=18 pick(must/bucket/top/rand)=1/8/7/2 depth0=7 depth=3 dlog=4 dper=0 sims=5258 loop=5240 gen_time=0 eval_time=0.022 best_avg=0.149945 best_move=4,6 leader=1 inc2=1 attack_w=0.2 S0=33981 SA=27244 ratio=1.24727 my_comp=8 my_front=14 leader_comp=3 comp_gain(sz/front/cut)=0/0/0
DBG t=37 used=0.021 remain=1.137 turn_time=0.0203306 end_in=0.0203306 cand_pre=19 cand_cap=20 cand=19->19 pre=19 pick(must/bucket/top/rand)=1/7/8/3 depth0=10 depth=6 dlog=4 dper=0 sims=2887 loop=2868 gen_time=0 eval_time=0.021 best_avg=-0.134975 best_move=5,7 leader=1 inc2=0 attack_w=0.272848 S0=47869 SA=47085 ratio=1.01665 my_comp=8 my_front=14 leader_comp=7 comp_gain(sz/front/cut)=0/0/0
DBG t=49 used=0.02 remain=0.893 turn_time=0.0194972 end_in=0.0194972 cand_pre=21 cand_cap=20 cand=21->20 pre=21 pick(must/bucket/top/rand)=1/7/8/4 depth0=10 depth=6 dlog=4 dper=0 sims=2660 loop=2640 gen_time=0 eval_time=0.02 best_avg=-0.0820663 best_move=6,8 leader=1 inc2=0 attack_w=0.293654 S0=55791 SA=55413 ratio=1.00682 my_comp=9 my_front=16 leader_comp=6 comp_gain(sz/front/cut)=0/0/0
DBG t=61 used=0.019 remain=0.657 turn_time=0.0186487 end_in=0.0186487 cand_pre=22 cand_cap=20 cand=22->20 pre=22 pick(must/bucket/top/rand)=1/7/8/4 depth0=10 depth=6 dlog=4 dper=0 sims=2420 loop=2400 gen_time=0 eval_time=0.019 best_avg=0.0508509 best_move=4,6 leader=1 inc2=0 attack_w=0.249185 S0=60184 SA=58541 ratio=1.02807 my_comp=9 my_front=16 leader_comp=6 comp_gain(sz/front/cut)=0/0/0
DBG t=74 used=0.018 remain=0.408 turn_time=0.0171674 end_in=0.0171674 cand_pre=24 cand_cap=20 cand=24->20 pre=24 pick(must/bucket/top/rand)=1/6/9/4 depth0=11 depth=6 dlog=4 dper=1 sims=2124 loop=2104 gen_time=0 eval_time=0.018 best_avg=0.223052 best_move=5,6 leader=1 inc2=0 attack_w=0.2 S0=68091 SA=56390 ratio=1.2075 my_comp=10 my_front=18 leader_comp=6 comp_gain(sz/front/cut)=0/0/0
DBG t=86 used=0.016 remain=0.203 turn_time=0.0156745 end_in=0.0156745 cand_pre=26 cand_cap=20 cand=26->20 pre=26 pick(must/bucket/top/rand)=1/6/9/4 depth0=11 depth=6 dlog=4 dper=1 sims=2016 loop=1996 gen_time=0 eval_time=0.016 best_avg=0.225677 best_move=6,7 leader=1 inc2=0 attack_w=0.2 S0=77325 SA=56550 ratio=1.36737 my_comp=11 my_front=18 leader_comp=7 comp_gain(sz/front/cut)=0/0/0
DBG depth_guard t=99 remain=0.01 cand_pre=28 depth0=0 depth=0
DBG t=99 used=0.007 remain=0.01 turn_time=0.006 end_in=0.006 cand_pre=28 cand_cap=12 cand=28->12 pre=28 pick(must/bucket/top/rand)=1/6/3/2 depth0=0 depth=0 dlog=4 dper=5 sims=11944 loop=11932 gen_time=0 eval_time=0.007 best_avg=0.28606 best_move=4,8 leader=1 inc2=0 attack_w=0.2 S0=85270 SA=63267 ratio=1.34777 my_comp=12 my_front=20 leader_comp=7 comp_gain(sz/front/cut)=0/0/0
DBG summary depth_guard_fired=1
Score = 122357
=== CASE 0064.txt ===
DBG hdr N=10 M=3 T=100 U=2 VMAX=1013 TIME_LIMIT=1.94 MAX_CAND=20 UCB_C=0.21 OBJ=log(S0+1)-log(SA+1)
DBG t=0 used=0.024 remain=1.94 turn_time=0.0238717 end_in=0.0238717 cand_pre=3 cand_cap=20 cand=3->3 pre=3 pick(must/bucket/top/rand)=1/2/0/0 depth0=7 depth=6 dlog=1 dper=0 sims=6295 loop=6292 gen_time=0 eval_time=0.024 best_avg=-0.0181699 best_move=8,9 leader=1 inc2=1 attack_w=0.203231 S0=1000 SA=1002 ratio=0.998006 my_comp=1 my_front=2 leader_comp=1 comp_gain(sz/front/cut)=1/1/0
DBG t=12 used=0.022 remain=1.665 turn_time=0.0216828 end_in=0.0216828 cand_pre=16 cand_cap=20 cand=16->16 pre=16 pick(must/bucket/top/rand)=1/8/7/0 depth0=7 depth=4 dlog=3 dper=0 sims=4196 loop=4180 gen_time=0 eval_time=0.022 best_avg=-0.0400512 best_move=1,9 leader=1 inc2=1 attack_w=0.324725 S0=10970 SA=11053 ratio=0.992491 my_comp=7 my_front=14 leader_comp=10 comp_gain(sz/front/cut)=1/1/1
DBG t=24 used=0.02 remain=1.409 turn_time=0.0196797 end_in=0.0196797 cand_pre=29 cand_cap=20 cand=29->20 pre=29 pick(must/bucket/top/rand)=1/8/7/4 depth0=7 depth=2 dlog=4 dper=1 sims=3548 loop=3528 gen_time=0 eval_time=0.02 best_avg=0.162972 best_move=7,7 leader=1 inc2=1 attack_w=0.2 S0=19023 SA=16035 ratio=1.18633 my_comp=15 my_front=21 leader_comp=7 comp_gain(sz/front/cut)=0/0/0
DBG t=37 used=0.018 remain=1.153 turn_time=0.0179996 end_in=0.0179996 cand_pre=41 cand_cap=20 cand=41->20 pre=41 pick(must/bucket/top/rand)=1/8/7/4 depth0=10 depth=3 dlog=5 dper=2 sims=1820 loop=1800 gen_time=0 eval_time=0.018 best_avg=0.286008 best_move=0,5 leader=2 inc2=1 attack_w=0.2 S0=28023 SA=21000 ratio=1.33441 my_comp=26 my_front=29 leader_comp=10 comp_gain(sz/front/cut)=1/1/0
DBG t=49 used=0.017 remain=0.942 turn_time=0.0161248 end_in=0.0161248 cand_pre=58 cand_cap=20 cand=58->20 pre=58 pick(must/bucket/top/rand)=1/8/7/4 depth0=10 depth=1 dlog=5 dper=4 sims=1528 loop=1508 gen_time=0 eval_time=0.017 best_avg=0.47346 best_move=5,6 leader=2 inc2=1 attack_w=0.2 S0=36071 SA=22972 ratio=1.57019 my_comp=35 my_front=37 leader_comp=11 comp_gain(sz/front/cut)=1/0/0
DBG t=61 used=0.016 remain=0.747 turn_time=0.0153518 end_in=0.0153518 cand_pre=69 cand_cap=14 cand=69->14 pre=42 pick(must/bucket/top/rand)=1/8/2/3 depth0=10 depth=1 dlog=5 dper=4 sims=1126 loop=1112 gen_time=0 eval_time=0.016 best_avg=0.515429 best_move=5,7 leader=2 inc2=1 attack_w=0.2 S0=44098 SA=26050 ratio=1.69279 my_comp=42 my_front=47 leader_comp=1 comp_gain(sz/front/cut)=0/0/0
DBG t=74 used=0.019 remain=0.528 turn_time=0.0185206 end_in=0.0185206 cand_pre=52 cand_cap=20 cand=52->20 pre=52 pick(must/bucket/top/rand)=1/8/7/4 depth0=11 depth=3 dlog=5 dper=3 sims=732 loop=712 gen_time=0 eval_time=0.019 best_avg=0.374139 best_move=1,6 leader=2 inc2=1 attack_w=0.2 S0=46100 SA=31064 ratio=1.48402 my_comp=33 my_front=37 leader_comp=5 comp_gain(sz/front/cut)=1/-2/0
DBG t=86 used=0.02 remain=0.29 turn_time=0.01943 end_in=0.01943 cand_pre=48 cand_cap=20 cand=48->20 pre=48 pick(must/bucket/top/rand)=1/6/9/4 depth0=11 depth=4 dlog=5 dper=2 sims=1700 loop=1680 gen_time=0 eval_time=0.02 best_avg=0.152182 best_move=5,7 leader=2 inc2=1 attack_w=0.2 S0=46058 SA=37063 ratio=1.24269 my_comp=30 my_front=34 leader_comp=7 comp_gain(sz/front/cut)=0/0/0
DBG t=99 used=0.017 remain=0.027 turn_time=0.0162 end_in=0.0162 cand_pre=9 cand_cap=20 cand=9->9 pre=9 pick(must/bucket/top/rand)=1/6/2/0 depth0=0 depth=0 dlog=3 dper=0 sims=30601 loop=30592 gen_time=0 eval_time=0.017 best_avg=0.135467 best_move=1,0 leader=1 inc2=1 attack_w=0.2 S0=45052 SA=40016 ratio=1.12585 my_comp=4 my_front=8 leader_comp=18 comp_gain(sz/front/cut)=2/3/0
DBG summary depth_guard_fired=0
Score = 112357
=== CASE 0063.txt ===
DBG hdr N=10 M=5 T=100 U=2 VMAX=2287 TIME_LIMIT=1.94 MAX_CAND=20 UCB_C=0.21 OBJ=log(S0+1)-log(SA+1)
DBG t=0 used=0.024 remain=1.94 turn_time=0.0239978 end_in=0.0239978 cand_pre=2 cand_cap=20 cand=2->2 pre=2 pick(must/bucket/top/rand)=1/1/0/0 depth0=7 depth=7 dlog=0 dper=0 sims=3926 loop=3924 gen_time=0 eval_time=0.024 best_avg=-0.552637 best_move=0,1 leader=3 inc2=0 attack_w=0.472526 S0=1279 SA=1376 ratio=0.929557 my_comp=1 my_front=2 leader_comp=1 comp_gain(sz/front/cut)=1/1/0
DBG t=12 used=0.023 remain=1.658 turn_time=0.0220815 end_in=0.0220815 cand_pre=12 cand_cap=20 cand=12->12 pre=12 pick(must/bucket/top/rand)=1/4/7/0 depth0=7 depth=4 dlog=3 dper=0 sims=3932 loop=3920 gen_time=0 eval_time=0.023 best_avg=-0.38237 best_move=2,2 leader=1 inc2=1 attack_w=0.85 S0=10740 SA=13451 ratio=0.798469 my_comp=6 my_front=8 leader_comp=8 comp_gain(sz/front/cut)=0/0/0
DBG t=24 used=0.022 remain=1.392 turn_time=0.0211089 end_in=0.0211089 cand_pre=15 cand_cap=20 cand=15->15 pre=15 pick(must/bucket/top/rand)=1/5/9/0 depth0=7 depth=4 dlog=3 dper=0 sims=3099 loop=3084 gen_time=0 eval_time=0.022 best_avg=-0.692026 best_move=0,3 leader=1 inc2=1 attack_w=0.85 S0=16786 SA=30706 ratio=0.546683 my_comp=8 my_front=11 leader_comp=2 comp_gain(sz/front/cut)=0/0/0
DBG t=37 used=0.021 remain=1.117 turn_time=0.0202035 end_in=0.0202035 cand_pre=17 cand_cap=20 cand=17->17 pre=17 pick(must/bucket/top/rand)=1/6/9/1 depth0=10 depth=7 dlog=3 dper=0 sims=1661 loop=1644 gen_time=0 eval_time=0.021 best_avg=-0.654152 best_move=1,0 leader=1 inc2=1 attack_w=0.85 S0=18316 SA=43827 ratio=0.417929 my_comp=10 my_front=8 leader_comp=18 comp_gain(sz/front/cut)=0/0/0
DBG t=49 used=0.02 remain=0.874 turn_time=0.0193051 end_in=0.0193051 cand_pre=19 cand_cap=20 cand=19->19 pre=19 pick(must/bucket/top/rand)=1/6/9/3 depth0=10 depth=6 dlog=4 dper=0 sims=1735 loop=1716 gen_time=0 eval_time=0.02 best_avg=-0.644392 best_move=1,0 leader=1 inc2=1 attack_w=0.85 S0=21962 SA=44344 ratio=0.495276 my_comp=12 my_front=12 leader_comp=18 comp_gain(sz/front/cut)=0/0/0
DBG t=61 used=0.019 remain=0.642 turn_time=0.0182229 end_in=0.0182229 cand_pre=22 cand_cap=20 cand=22->20 pre=22 pick(must/bucket/top/rand)=1/5/10/4 depth0=10 depth=6 dlog=4 dper=0 sims=1908 loop=1888 gen_time=0 eval_time=0.019 best_avg=-0.447885 best_move=1,0 leader=1 inc2=1 attack_w=0.85 S0=24282 SA=39978 ratio=0.607394 my_comp=13 my_front=12 leader_comp=21 comp_gain(sz/front/cut)=0/0/0
DBG t=74 used=0.017 remain=0.4 turn_time=0.0168308 end_in=0.0168308 cand_pre=24 cand_cap=20 cand=24->20 pre=24 pick(must/bucket/top/rand)=1/6/9/4 depth0=11 depth=6 dlog=4 dper=1 sims=1372 loop=1352 gen_time=0 eval_time=0.017 best_avg=-0.267439 best_move=2,0 leader=4 inc2=1 attack_w=0.85 S0=28195 SA=42717 ratio=0.66005 my_comp=15 my_front=14 leader_comp=20 comp_gain(sz/front/cut)=1/-3/0
DBG t=86 used=0.016 remain=0.199 turn_time=0.0152732 end_in=0.0152732 cand_pre=27 cand_cap=20 cand=27->20 pre=27 pick(must/bucket/top/rand)=1/7/8/4 depth0=11 depth=6 dlog=4 dper=1 sims=1148 loop=1128 gen_time=0 eval_time=0.016 best_avg=-0.220094 best_move=5,3 leader=1 inc2=1 attack_w=0.85 S0=35544 SA=46603 ratio=0.762703 my_comp=19 my_front=13 leader_comp=24 comp_gain(sz/front/cut)=1/2/2
DBG depth_guard t=99 remain=0.012 cand_pre=36 depth0=0 depth=0
DBG t=99 used=0.008 remain=0.012 turn_time=0.0072 end_in=0.0072 cand_pre=36 cand_cap=12 cand=36->12 pre=36 pick(must/bucket/top/rand)=1/7/2/2 depth0=0 depth=0 dlog=5 dper=5 sims=9448 loop=9436 gen_time=0 eval_time=0.008 best_avg=-0.19024 best_move=6,5 leader=1 inc2=0 attack_w=0.85 S0=38813 SA=49000 ratio=0.792106 my_comp=22 my_front=22 leader_comp=21 comp_gain(sz/front/cut)=0/0/0
DBG summary depth_guard_fired=1
Score = 86088
=== CASE 0065.txt ===
DBG hdr N=10 M=5 T=100 U=1 VMAX=1735 TIME_LIMIT=1.94 MAX_CAND=20 UCB_C=0.21 OBJ=log(S0+1)-log(SA+1)
DBG t=0 used=0.024 remain=1.94 turn_time=0.0236195 end_in=0.0236195 cand_pre=5 cand_cap=20 cand=5->5 pre=5 pick(must/bucket/top/rand)=1/2/2/0 depth0=7 depth=5 dlog=2 dper=0 sims=4833 loop=4828 gen_time=0 eval_time=0.024 best_avg=-0.264288 best_move=2,6 leader=3 inc2=1 attack_w=0.85 S0=535 SA=1735 ratio=0.308756 my_comp=1 my_front=4 leader_comp=1 comp_gain(sz/front/cut)=1/2/0
DBG t=12 used=0.023 remain=1.663 turn_time=0.0220253 end_in=0.0220253 cand_pre=13 cand_cap=20 cand=13->13 pre=13 pick(must/bucket/top/rand)=1/6/6/0 depth0=7 depth=4 dlog=3 dper=0 sims=3369 loop=3356 gen_time=0 eval_time=0.023 best_avg=-0.393128 best_move=4,6 leader=3 inc2=1 attack_w=0.85 S0=7817 SA=16790 ratio=0.465607 my_comp=4 my_front=10 leader_comp=12 comp_gain(sz/front/cut)=1/0/0
DBG t=24 used=0.02 remain=1.411 turn_time=0.0191042 end_in=0.0191042 cand_pre=34 cand_cap=20 cand=34->20 pre=34 pick(must/bucket/top/rand)=1/2/13/4 depth0=7 depth=2 dlog=4 dper=1 sims=2944 loop=2924 gen_time=0 eval_time=0.02 best_avg=0.145723 best_move=7,9 leader=3 inc2=0 attack_w=0.2 S0=21553 SA=18515 ratio=1.16407 my_comp=16 my_front=26 leader_comp=1 comp_gain(sz/front/cut)=1/1/0
DBG t=37 used=0.018 remain=1.16 turn_time=0.0179892 end_in=0.0179892 cand_pre=42 cand_cap=20 cand=42->20 pre=42 pick(must/bucket/top/rand)=1/6/9/4 depth0=10 depth=3 dlog=5 dper=2 sims=1684 loop=1664 gen_time=0 eval_time=0.018 best_avg=0.419029 best_move=7,2 leader=3 inc2=1 attack_w=0.2 S0=26359 SA=19729 ratio=1.33604 my_comp=20 my_front=35 leader_comp=6 comp_gain(sz/front/cut)=1/2/0
DBG t=49 used=0.019 remain=0.94 turn_time=0.0186065 end_in=0.0186065 cand_pre=37 cand_cap=20 cand=37->20 pre=37 pick(must/bucket/top/rand)=1/6/9/4 depth0=10 depth=3 dlog=5 dper=2 sims=1796 loop=1776 gen_time=0 eval_time=0.019 best_avg=0.483714 best_move=5,7 leader=3 inc2=1 attack_w=0.2 S0=32254 SA=19102 ratio=1.68848 my_comp=18 my_front=32 leader_comp=9 comp_gain(sz/front/cut)=3/3/0
DBG t=61 used=0.017 remain=0.721 turn_time=0.0169805 end_in=0.0169805 cand_pre=51 cand_cap=20 cand=51->20 pre=51 pick(must/bucket/top/rand)=1/5/10/4 depth0=10 depth=2 dlog=5 dper=3 sims=1388 loop=1368 gen_time=0 eval_time=0.017 best_avg=0.740325 best_move=6,7 leader=1 inc2=0 attack_w=0.2 S0=37221 SA=17330 ratio=2.14771 my_comp=29 my_front=41 leader_comp=10 comp_gain(sz/front/cut)=1/2/0
DBG t=74 used=0.021 remain=0.46 turn_time=0.0205054 end_in=0.0205054 cand_pre=14 cand_cap=20 cand=14->14 pre=14 pick(must/bucket/top/rand)=1/2/11/0 depth0=11 depth=8 dlog=3 dper=0 sims=1330 loop=1316 gen_time=0 eval_time=0.021 best_avg=0.59371 best_move=8,9 leader=1 inc2=1 attack_w=0.2 S0=35139 SA=22098 ratio=1.59012 my_comp=5 my_front=11 leader_comp=2 comp_gain(sz/front/cut)=2/2/0
DBG t=86 used=0.015 remain=0.241 turn_time=0.0149162 end_in=0.0149162 cand_pre=59 cand_cap=20 cand=59->20 pre=59 pick(must/bucket/top/rand)=1/6/9/4 depth0=11 depth=2 dlog=5 dper=4 sims=952 loop=932 gen_time=0 eval_time=0.015 best_avg=1.00616 best_move=9,3 leader=2 inc2=0 attack_w=0.2 S0=45325 SA=17291 ratio=2.62121 my_comp=39 my_front=45 leader_comp=10 comp_gain(sz/front/cut)=1/-3/0
DBG depth_guard t=99 remain=0.009 cand_pre=10 depth0=0 depth=0
DBG t=99 used=0.006 remain=0.009 turn_time=0.0054 end_in=0.0054 cand_pre=10 cand_cap=12 cand=10->10 pre=10 pick(must/bucket/top/rand)=1/4/5/0 depth0=0 depth=0 dlog=3 dper=2 sims=9042 loop=9032 gen_time=0 eval_time=0.006 best_avg=1.34888 best_move=4,7 leader=4 inc2=1 attack_w=0.2 S0=51106 SA=12956 ratio=3.94435 my_comp=4 my_front=9 leader_comp=5 comp_gain(sz/front/cut)=41/41/0
DBG summary depth_guard_fired=1
Score = 226294
=== CASE 0067.txt ===
DBG hdr N=10 M=8 T=100 U=2 VMAX=1725 TIME_LIMIT=1.94 MAX_CAND=20 UCB_C=0.21 OBJ=log(S0+1)-log(SA+1)
DBG t=0 used=0.024 remain=1.94 turn_time=0.0236195 end_in=0.0236195 cand_pre=5 cand_cap=20 cand=5->5 pre=5 pick(must/bucket/top/rand)=1/2/2/0 depth0=7 depth=5 dlog=2 dper=0 sims=2993 loop=2988 gen_time=0 eval_time=0.024 best_avg=-0.47765 best_move=8,2 leader=5 inc2=1 attack_w=0.85 S0=743 SA=1199 ratio=0.62 my_comp=1 my_front=4 leader_comp=1 comp_gain(sz/front/cut)=0/0/0
DBG t=12 used=0.021 remain=1.671 turn_time=0.0204033 end_in=0.0204033 cand_pre=27 cand_cap=20 cand=27->20 pre=27 pick(must/bucket/top/rand)=1/5/10/4 depth0=7 depth=3 dlog=4 dper=0 sims=2744 loop=2724 gen_time=0 eval_time=0.021 best_avg=-0.0168397 best_move=5,7 leader=7 inc2=1 attack_w=0.520465 S0=11132 SA=12222 ratio=0.910824 my_comp=10 my_front=22 leader_comp=6 comp_gain(sz/front/cut)=1/0/0
DBG t=24 used=0.02 remain=1.427 turn_time=0.0190767 end_in=0.0190767 cand_pre=36 cand_cap=20 cand=36->20 pre=36 pick(must/bucket/top/rand)=1/5/10/4 depth0=7 depth=0 dlog=5 dper=2 sims=30372 loop=30352 gen_time=0 eval_time=0.02 best_avg=0.225761 best_move=6,2 leader=1 inc2=1 attack_w=0.2 S0=21842 SA=17921 ratio=1.21878 my_comp=15 my_front=28 leader_comp=1 comp_gain(sz/front/cut)=1/2/0
DBG t=37 used=0.02 remain=1.174 turn_time=0.0194176 end_in=0.0194176 cand_pre=32 cand_cap=20 cand=32->20 pre=32 pick(must/bucket/top/rand)=1/7/8/4 depth0=10 depth=5 dlog=4 dper=1 sims=1544 loop=1524 gen_time=0 eval_time=0.02 best_avg=-0.15573 best_move=6,7 leader=6 inc2=1 attack_w=0.487942 S0=23836 SA=25812 ratio=0.923449 my_comp=14 my_front=28 leader_comp=12 comp_gain(sz/front/cut)=0/0/0
DBG t=49 used=0.021 remain=0.927 turn_time=0.0209484 end_in=0.0209484 cand_pre=15 cand_cap=20 cand=15->15 pre=15 pick(must/bucket/top/rand)=1/6/8/0 depth0=10 depth=7 dlog=3 dper=0 sims=1403 loop=1388 gen_time=0 eval_time=0.021 best_avg=-0.247665 best_move=7,5 leader=1 inc2=1 attack_w=0.85 S0=20277 SA=30580 ratio=0.663091 my_comp=7 my_front=12 leader_comp=8 comp_gain(sz/front/cut)=0/0/0
DBG t=61 used=0.02 remain=0.689 turn_time=0.0196718 end_in=0.0196718 cand_pre=21 cand_cap=20 cand=21->20 pre=21 pick(must/bucket/top/rand)=1/4/11/4 depth0=10 depth=6 dlog=4 dper=0 sims=1640 loop=1620 gen_time=0 eval_time=0.02 best_avg=-0.155696 best_move=6,4 leader=1 inc2=1 attack_w=0.758464 S0=25823 SA=31188 ratio=0.827984 my_comp=9 my_front=15 leader_comp=8 comp_gain(sz/front/cut)=0/0/0
DBG t=74 used=0.018 remain=0.437 turn_time=0.0178414 end_in=0.0178414 cand_pre=29 cand_cap=20 cand=29->20 pre=29 pick(must/bucket/top/rand)=1/7/8/4 depth0=11 depth=6 dlog=4 dper=1 sims=1248 loop=1228 gen_time=0 eval_time=0.018 best_avg=-0.00520348 best_move=4,6 leader=1 inc2=1 attack_w=0.418636 S0=27617 SA=29023 ratio=0.951557 my_comp=16 my_front=18 leader_comp=7 comp_gain(sz/front/cut)=1/2/6
DBG t=86 used=0.017 remain=0.227 turn_time=0.0164737 end_in=0.0164737 cand_pre=36 cand_cap=20 cand=36->20 pre=36 pick(must/bucket/top/rand)=1/6/9/4 depth0=11 depth=4 dlog=5 dper=2 sims=1640 loop=1620 gen_time=0 eval_time=0.017 best_avg=0.206085 best_move=4,5 leader=1 inc2=1 attack_w=0.2 S0=31048 SA=26650 ratio=1.16502 my_comp=21 my_front=24 leader_comp=6 comp_gain(sz/front/cut)=0/0/0
DBG depth_guard t=99 remain=0.014 cand_pre=36 depth0=0 depth=0
DBG t=99 used=0.009 remain=0.014 turn_time=0.0084 end_in=0.0084 cand_pre=36 cand_cap=14 cand=36->14 pre=36 pick(must/bucket/top/rand)=1/7/3/3 depth0=0 depth=0 dlog=5 dper=4 sims=10538 loop=10524 gen_time=0 eval_time=0.009 best_avg=0.161959 best_move=5,4 leader=1 inc2=1 attack_w=0.2 S0=31486 SA=27891 ratio=1.12889 my_comp=21 my_front=24 leader_comp=7 comp_gain(sz/front/cut)=0/0/0
DBG summary depth_guard_fired=1
Score = 112800
=== CASE 0066.txt ===
DBG hdr N=10 M=8 T=100 U=5 VMAX=1914 TIME_LIMIT=1.94 MAX_CAND=20 UCB_C=0.21 OBJ=log(S0+1)-log(SA+1)
DBG t=0 used=0.024 remain=1.94 turn_time=0.0237456 end_in=0.0237456 cand_pre=4 cand_cap=20 cand=4->4 pre=4 pick(must/bucket/top/rand)=1/2/1/0 depth0=7 depth=6 dlog=1 dper=0 sims=2620 loop=2616 gen_time=0 eval_time=0.024 best_avg=-0.347817 best_move=0,5 leader=7 inc2=1 attack_w=0.85 S0=651 SA=1910 ratio=0.341183 my_comp=1 my_front=3 leader_comp=1 comp_gain(sz/front/cut)=1/1/0
DBG t=12 used=0.023 remain=1.658 turn_time=0.022204 end_in=0.022204 cand_pre=11 cand_cap=20 cand=11->11 pre=11 pick(must/bucket/top/rand)=1/3/7/0 depth0=7 depth=4 dlog=3 dper=0 sims=3343 loop=3332 gen_time=0 eval_time=0.023 best_avg=-0.0190425 best_move=1,4 leader=3 inc2=1 attack_w=0.213811 S0=16612 SA=16770 ratio=0.990579 my_comp=5 my_front=8 leader_comp=2 comp_gain(sz/front/cut)=0/0/0
DBG t=24 used=0.022 remain=1.388 turn_time=0.0215231 end_in=0.0215231 cand_pre=11 cand_cap=20 cand=11->11 pre=11 pick(must/bucket/top/rand)=1/4/6/0 depth0=7 depth=4 dlog=3 dper=0 sims=2907 loop=2896 gen_time=0 eval_time=0.022 best_avg=-0.213699 best_move=3,6 leader=4 inc2=1 attack_w=0.566524 S0=28363 SA=31743 ratio=0.893523 my_comp=4 my_front=10 leader_comp=9 comp_gain(sz/front/cut)=0/0/0
DBG t=37 used=0.021 remain=1.11 turn_time=0.020535 end_in=0.020535 cand_pre=13 cand_cap=20 cand=13->13 pre=13 pick(must/bucket/top/rand)=1/3/9/0 depth0=10 depth=7 dlog=3 dper=0 sims=1593 loop=1580 gen_time=0 eval_time=0.021 best_avg=-0.530941 best_move=2,7 leader=4 inc2=1 attack_w=0.85 S0=36172 SA=46730 ratio=0.774069 my_comp=5 my_front=12 leader_comp=12 comp_gain(sz/front/cut)=0/0/0
DBG t=49 used=0.02 remain=0.859 turn_time=0.0196307 end_in=0.0196307 cand_pre=13 cand_cap=20 cand=13->13 pre=13 pick(must/bucket/top/rand)=1/4/8/0 depth0=10 depth=7 dlog=3 dper=0 sims=1421 loop=1408 gen_time=0 eval_time=0.02 best_avg=-0.601132 best_move=0,8 leader=4 inc2=1 attack_w=0.85 S0=33026 SA=56651 ratio=0.58298 my_comp=4 my_front=9 leader_comp=14 comp_gain(sz/front/cut)=0/0/0
DBG t=61 used=0.019 remain=0.623 turn_time=0.0185143 end_in=0.0185143 cand_pre=14 cand_cap=20 cand=14->14 pre=14 pick(must/bucket/top/rand)=1/4/9/0 depth0=10 depth=7 dlog=3 dper=0 sims=1294 loop=1280 gen_time=0 eval_time=0.019 best_avg=-0.477508 best_move=1,8 leader=1 inc2=1 attack_w=0.85 S0=36247 SA=63564 ratio=0.570251 my_comp=6 my_front=10 leader_comp=15 comp_gain(sz/front/cut)=0/0/0
DBG t=74 used=0.017 remain=0.393 turn_time=0.0165362 end_in=0.0165362 cand_pre=24 cand_cap=20 cand=24->20 pre=24 pick(must/bucket/top/rand)=1/6/9/4 depth0=11 depth=6 dlog=4 dper=1 sims=1296 loop=1276 gen_time=0 eval_time=0.017 best_avg=-0.220579 best_move=0,5 leader=1 inc2=1 attack_w=0.85 S0=50637 SA=65965 ratio=0.767638 my_comp=11 my_front=17 leader_comp=16 comp_gain(sz/front/cut)=0/0/0
DBG t=86 used=0.015 remain=0.188 turn_time=0.0146036 end_in=0.0146036 cand_pre=25 cand_cap=20 cand=25->20 pre=25 pick(must/bucket/top/rand)=1/6/9/4 depth0=11 depth=6 dlog=4 dper=1 sims=1056 loop=1036 gen_time=0 eval_time=0.015 best_avg=-0.126232 best_move=1,2 leader=1 inc2=1 attack_w=0.683792 S0=58895 SA=69101 ratio=0.852305 my_comp=12 my_front=16 leader_comp=16 comp_gain(sz/front/cut)=1/2/0
DBG depth_guard t=99 remain=0.009 cand_pre=25 depth0=0 depth=0
DBG t=99 used=0.006 remain=0.009 turn_time=0.0054 end_in=0.0054 cand_pre=25 cand_cap=12 cand=25->12 pre=25 pick(must/bucket/top/rand)=1/7/2/2 depth0=0 depth=0 dlog=4 dper=5 sims=4868 loop=4856 gen_time=0 eval_time=0.006 best_avg=-0.0326675 best_move=3,8 leader=1 inc2=1 attack_w=0.397418 S0=62189 SA=64746 ratio=0.960508 my_comp=13 my_front=18 leader_comp=16 comp_gain(sz/front/cut)=0/0/0
DBG summary depth_guard_fired=1
Score = 96769
=== CASE 0069.txt ===
DBG hdr N=10 M=3 T=100 U=1 VMAX=1051 TIME_LIMIT=1.94 MAX_CAND=20 UCB_C=0.21 OBJ=log(S0+1)-log(SA+1)
DBG t=0 used=0.024 remain=1.94 turn_time=0.0237456 end_in=0.0237456 cand_pre=4 cand_cap=20 cand=4->4 pre=4 pick(must/bucket/top/rand)=1/2/1/0 depth0=7 depth=6 dlog=1 dper=0 sims=5488 loop=5484 gen_time=0 eval_time=0.024 best_avg=0.00277334 best_move=1,8 leader=2 inc2=1 attack_w=0.175441 S0=1014 SA=996 ratio=1.01805 my_comp=1 my_front=3 leader_comp=1 comp_gain(sz/front/cut)=1/2/0
DBG t=12 used=0.022 remain=1.667 turn_time=0.0217089 end_in=0.0217089 cand_pre=16 cand_cap=20 cand=16->16 pre=16 pick(must/bucket/top/rand)=1/3/12/0 depth0=7 depth=4 dlog=3 dper=0 sims=3816 loop=3800 gen_time=0 eval_time=0.022 best_avg=-0.135319 best_move=2,7 leader=1 inc2=1 attack_w=0.29502 S0=10252 SA=10189 ratio=1.00618 my_comp=9 my_front=12 leader_comp=3 comp_gain(sz/front/cut)=0/0/0
DBG t=24 used=0.021 remain=1.406 turn_time=0.0203592 end_in=0.0203593 cand_pre=23 cand_cap=20 cand=23->20 pre=23 pick(must/bucket/top/rand)=1/6/9/4 depth0=7 depth=3 dlog=4 dper=0 sims=3276 loop=3256 gen_time=0 eval_time=0.021 best_avg=0.235023 best_move=4,5 leader=2 inc2=1 attack_w=0.2 S0=16188 SA=14186 ratio=1.14112 my_comp=10 my_front=17 leader_comp=12 comp_gain(sz/front/cut)=1/2/0
DBG t=37 used=0.019 remain=1.15 turn_time=0.0180714 end_in=0.0180714 cand_pre=40 cand_cap=20 cand=40->20 pre=40 pick(must/bucket/top/rand)=1/6/9/4 depth0=10 depth=3 dlog=5 dper=2 sims=1968 loop=1948 gen_time=0 eval_time=0.019 best_avg=0.784315 best_move=6,4 leader=2 inc2=1 attack_w=0.2 S0=24329 SA=12189 ratio=1.9959 my_comp=22 my_front=36 leader_comp=2 comp_gain(sz/front/cut)=1/0/0
DBG t=49 used=0.021 remain=0.921 turn_time=0.020578 end_in=0.020578 cand_pre=17 cand_cap=20 cand=17->17 pre=17 pick(must/bucket/top/rand)=1/5/10/1 depth0=10 depth=7 dlog=3 dper=0 sims=2121 loop=2104 gen_time=0 eval_time=0.021 best_avg=1.3368 best_move=2,3 leader=2 inc2=1 attack_w=0.2 S0=35367 SA=8004 ratio=4.41824 my_comp=7 my_front=14 leader_comp=3 comp_gain(sz/front/cut)=1/2/0
DBG t=61 used=0.02 remain=0.703 turn_time=0.0196029 end_in=0.0196029 cand_pre=25 cand_cap=20 cand=25->20 pre=25 pick(must/bucket/top/rand)=1/6/9/4 depth0=10 depth=6 dlog=4 dper=0 sims=1820 loop=1800 gen_time=0 eval_time=0.02 best_avg=0.610787 best_move=5,7 leader=1 inc2=1 attack_w=0.2 S0=32160 SA=11334 ratio=2.83732 my_comp=13 my_front=19 leader_comp=9 comp_gain(sz/front/cut)=1/2/1
DBG t=74 used=0.016 remain=0.456 turn_time=0.0154251 end_in=0.0154251 cand_pre=57 cand_cap=20 cand=57->20 pre=57 pick(must/bucket/top/rand)=1/6/9/4 depth0=11 depth=2 dlog=5 dper=4 sims=1352 loop=1332 gen_time=0 eval_time=0.016 best_avg=0.68276 best_move=1,9 leader=1 inc2=1 attack_w=0.2 S0=31106 SA=15169 ratio=2.05056 my_comp=30 my_front=43 leader_comp=3 comp_gain(sz/front/cut)=1/1/0
DBG t=86 used=0.017 remain=0.259 turn_time=0.016391 end_in=0.016391 cand_pre=56 cand_cap=20 cand=56->20 pre=56 pick(must/bucket/top/rand)=1/6/9/4 depth0=11 depth=2 dlog=5 dper=4 sims=1328 loop=1308 gen_time=0 eval_time=0.017 best_avg=0.962643 best_move=5,0 leader=1 inc2=1 attack_w=0.2 S0=36234 SA=14080 ratio=2.57333 my_comp=35 my_front=35 leader_comp=4 comp_gain(sz/front/cut)=1/1/0
DBG t=99 used=0.017 remain=0.028 turn_time=0.0168 end_in=0.0168 cand_pre=68 cand_cap=14 cand=68->14 pre=42 pick(must/bucket/top/rand)=1/6/4/3 depth0=0 depth=0 dlog=5 dper=4 sims=50450 loop=50436 gen_time=0 eval_time=0.017 best_avg=1.17799 best_move=4,7 leader=1 inc2=1 attack_w=0.2 S0=39147 SA=12154 ratio=3.22073 my_comp=39 my_front=54 leader_comp=3 comp_gain(sz/front/cut)=1/0/0
DBG summary depth_guard_fired=0
Score = 207635
=== CASE 0068.txt ===
DBG hdr N=10 M=4 T=100 U=5 VMAX=1716 TIME_LIMIT=1.94 MAX_CAND=20 UCB_C=0.21 OBJ=log(S0+1)-log(SA+1)
DBG t=0 used=0.024 remain=1.94 turn_time=0.0237456 end_in=0.0237456 cand_pre=4 cand_cap=20 cand=4->4 pre=4 pick(must/bucket/top/rand)=1/2/1/0 depth0=7 depth=6 dlog=1 dper=0 sims=6088 loop=6084 gen_time=0 eval_time=0.024 best_avg=-0.690558 best_move=0,5 leader=3 inc2=1 attack_w=0.85 S0=813 SA=1716 ratio=0.474083 my_comp=1 my_front=3 leader_comp=1 comp_gain(sz/front/cut)=1/1/0
DBG t=12 used=0.022 remain=1.661 turn_time=0.0212627 end_in=0.0212627 cand_pre=19 cand_cap=20 cand=19->19 pre=19 pick(must/bucket/top/rand)=1/2/13/3 depth0=7 depth=3 dlog=4 dper=0 sims=5011 loop=4992 gen_time=0 eval_time=0.022 best_avg=-0.289075 best_move=3,7 leader=3 inc2=0 attack_w=0.85 S0=13674 SA=19026 ratio=0.718716 my_comp=8 my_front=16 leader_comp=4 comp_gain(sz/front/cut)=0/0/0
DBG t=24 used=0.021 remain=1.405 turn_time=0.0203448 end_in=0.0203448 cand_pre=23 cand_cap=20 cand=23->20 pre=23 pick(must/bucket/top/rand)=1/3/12/4 depth0=7 depth=3 dlog=4 dper=0 sims=3788 loop=3768 gen_time=0 eval_time=0.021 best_avg=-0.23361 best_move=0,4 leader=3 inc2=0 attack_w=0.815703 S0=28427 SA=35084 ratio=0.810261 my_comp=10 my_front=20 leader_comp=8 comp_gain(sz/front/cut)=0/0/0
DBG t=37 used=0.019 remain=1.139 turn_time=0.0187212 end_in=0.0187212 cand_pre=33 cand_cap=20 cand=33->20 pre=33 pick(must/bucket/top/rand)=1/5/10/4 depth0=10 depth=5 dlog=4 dper=1 sims=1852 loop=1832 gen_time=0 eval_time=0.019 best_avg=-0.166207 best_move=0,4 leader=3 inc2=0 attack_w=0.671297 S0=43086 SA=50304 ratio=0.856515 my_comp=14 my_front=26 leader_comp=13 comp_gain(sz/front/cut)=0/0/0
DBG t=49 used=0.021 remain=0.914 turn_time=0.0208876 end_in=0.0208876 cand_pre=13 cand_cap=20 cand=13->13 pre=13 pick(must/bucket/top/rand)=1/7/5/0 depth0=10 depth=7 dlog=3 dper=0 sims=1801 loop=1788 gen_time=0 eval_time=0.021 best_avg=-0.0397751 best_move=8,4 leader=3 inc2=0 attack_w=0.413457 S0=54638 SA=57289 ratio=0.953727 my_comp=5 my_front=10 leader_comp=12 comp_gain(sz/front/cut)=0/0/0
DBG t=61 used=0.017 remain=0.686 turn_time=0.0163848 end_in=0.0163848 cand_pre=49 cand_cap=20 cand=49->20 pre=49 pick(must/bucket/top/rand)=1/6/9/4 depth0=10 depth=2 dlog=5 dper=3 sims=1788 loop=1768 gen_time=0 eval_time=0.017 best_avg=0.010607 best_move=7,5 leader=3 inc2=0 attack_w=0.297619 S0=63091 SA=62779 ratio=1.00497 my_comp=24 my_front=42 leader_comp=10 comp_gain(sz/front/cut)=0/0/0
DBG t=74 used=0.017 remain=0.457 turn_time=0.0167157 end_in=0.0167157 cand_pre=46 cand_cap=20 cand=46->20 pre=46 pick(must/bucket/top/rand)=1/6/9/4 depth0=11 depth=3 dlog=5 dper=3 sims=1716 loop=1696 gen_time=0 eval_time=0.017 best_avg=-0.0336076 best_move=7,3 leader=3 inc2=0 attack_w=0.355316 S0=67928 SA=69401 ratio=0.978776 my_comp=22 my_front=38 leader_comp=12 comp_gain(sz/front/cut)=0/0/0
DBG t=86 used=0.017 remain=0.253 turn_time=0.016951 end_in=0.016951 cand_pre=48 cand_cap=20 cand=48->20 pre=48 pick(must/bucket/top/rand)=1/6/9/4 depth0=11 depth=3 dlog=5 dper=3 sims=1676 loop=1656 gen_time=0 eval_time=0.017 best_avg=0.010445 best_move=7,5 leader=3 inc2=0 attack_w=0.216096 S0=69318 SA=66367 ratio=1.04446 my_comp=23 my_front=40 leader_comp=12 comp_gain(sz/front/cut)=0/0/0
DBG t=99 used=0.013 remain=0.021 turn_time=0.0126 end_in=0.0126 cand_pre=50 cand_cap=16 cand=50->16 pre=48 pick(must/bucket/top/rand)=1/6/5/4 depth0=0 depth=0 dlog=5 dper=4 sims=18740 loop=18724 gen_time=0 eval_time=0.013 best_avg=0.0750784 best_move=8,5 leader=3 inc2=0 attack_w=0.2 S0=70365 SA=65517 ratio=1.07399 my_comp=24 my_front=41 leader_comp=11 comp_gain(sz/front/cut)=0/0/0
DBG summary depth_guard_fired=0
Score = 105656
=== CASE 0070.txt ===
DBG hdr N=10 M=5 T=100 U=3 VMAX=1226 TIME_LIMIT=1.94 MAX_CAND=20 UCB_C=0.21 OBJ=log(S0+1)-log(SA+1)
DBG t=0 used=0.024 remain=1.94 turn_time=0.0237456 end_in=0.0237456 cand_pre=4 cand_cap=20 cand=4->4 pre=4 pick(must/bucket/top/rand)=1/2/1/0 depth0=7 depth=6 dlog=1 dper=0 sims=4276 loop=4272 gen_time=0 eval_time=0.024 best_avg=-0.0367423 best_move=9,4 leader=4 inc2=1 attack_w=0.483437 S0=1125 SA=1216 ratio=0.925226 my_comp=1 my_front=3 leader_comp=1 comp_gain(sz/front/cut)=1/1/0
DBG t=12 used=0.022 remain=1.661 turn_time=0.0215081 end_in=0.0215081 cand_pre=17 cand_cap=20 cand=17->17 pre=17 pick(must/bucket/top/rand)=1/5/10/1 depth0=7 depth=4 dlog=3 dper=0 sims=3425 loop=3408 gen_time=0 eval_time=0.022 best_avg=0.121515 best_move=7,5 leader=4 inc2=1 attack_w=0.353896 S0=14693 SA=15002 ratio=0.979404 my_comp=7 my_front=13 leader_comp=6 comp_gain(sz/front/cut)=0/0/0
DBG t=24 used=0.021 remain=1.403 turn_time=0.0200758 end_in=0.0200758 cand_pre=25 cand_cap=20 cand=25->20 pre=25 pick(must/bucket/top/rand)=1/6/9/4 depth0=7 depth=3 dlog=4 dper=0 sims=3180 loop=3160 gen_time=0 eval_time=0.021 best_avg=0.136819 best_move=7,7 leader=4 inc2=1 attack_w=0.2 S0=25814 SA=20972 ratio=1.23087 my_comp=11 my_front=21 leader_comp=8 comp_gain(sz/front/cut)=0/0/0
DBG t=37 used=0.02 remain=1.14 turn_time=0.0190905 end_in=0.0190905 cand_pre=30 cand_cap=20 cand=30->20 pre=30 pick(must/bucket/top/rand)=1/4/11/4 depth0=10 depth=5 dlog=4 dper=1 sims=1884 loop=1864 gen_time=0 eval_time=0.02 best_avg=0.105186 best_move=8,7 leader=3 inc2=0 attack_w=0.2 S0=35274 SA=29886 ratio=1.18028 my_comp=14 my_front=24 leader_comp=17 comp_gain(sz/front/cut)=0/0/0
DBG t=49 used=0.019 remain=0.909 turn_time=0.0183404 end_in=0.0183404 cand_pre=34 cand_cap=20 cand=34->20 pre=34 pick(must/bucket/top/rand)=1/4/11/4 depth0=10 depth=4 dlog=4 dper=2 sims=1872 loop=1852 gen_time=0 eval_time=0.019 best_avg=0.088173 best_move=8,7 leader=3 inc2=0 attack_w=0.2 S0=39168 SA=36066 ratio=1.08601 my_comp=16 my_front=28 leader_comp=20 comp_gain(sz/front/cut)=0/0/0
DBG t=61 used=0.018 remain=0.689 turn_time=0.0177197 end_in=0.0177197 cand_pre=38 cand_cap=20 cand=38->20 pre=38 pick(must/bucket/top/rand)=1/5/10/4 depth0=10 depth=3 dlog=5 dper=2 sims=1972 loop=1952 gen_time=0 eval_time=0.018 best_avg=0.132686 best_move=6,7 leader=3 inc2=0 attack_w=0.2 S0=44025 SA=38262 ratio=1.15062 my_comp=17 my_front=30 leader_comp=19 comp_gain(sz/front/cut)=0/0/0
DBG t=74 used=0.018 remain=0.455 turn_time=0.0175525 end_in=0.0175525 cand_pre=38 cand_cap=20 cand=38->20 pre=38 pick(must/bucket/top/rand)=1/6/9/4 depth0=11 depth=4 dlog=5 dper=2 sims=1736 loop=1716 gen_time=0 eval_time=0.018 best_avg=0.182741 best_move=5,1 leader=3 inc2=1 attack_w=0.2 S0=49566 SA=39970 ratio=1.24007 my_comp=19 my_front=34 leader_comp=12 comp_gain(sz/front/cut)=1/2/0
DBG t=86 used=0.017 remain=0.246 turn_time=0.0165962 end_in=0.0165962 cand_pre=47 cand_cap=20 cand=47->20 pre=47 pick(must/bucket/top/rand)=1/6/9/4 depth0=11 depth=3 dlog=5 dper=3 sims=1756 loop=1736 gen_time=0 eval_time=0.017 best_avg=0.189044 best_move=4,2 leader=3 inc2=0 attack_w=0.2 S0=58182 SA=48762 ratio=1.19318 my_comp=23 my_front=40 leader_comp=13 comp_gain(sz/front/cut)=0/0/0
DBG depth_guard t=99 remain=0.018 cand_pre=44 depth0=0 depth=0
DBG t=99 used=0.011 remain=0.018 turn_time=0.0108 end_in=0.0108 cand_pre=44 cand_cap=14 cand=44->14 pre=42 pick(must/bucket/top/rand)=1/5/5/3 depth0=0 depth=0 dlog=5 dper=4 sims=12978 loop=12964 gen_time=0 eval_time=0.011 best_avg=0.111522 best_move=6,0 leader=3 inc2=0 attack_w=0.2 S0=61308 SA=55720 ratio=1.10029 my_comp=22 my_front=38 leader_comp=20 comp_gain(sz/front/cut)=1/1/0
DBG summary depth_guard_fired=1
Score = 106649
=== CASE 0071.txt ===
DBG hdr N=10 M=8 T=100 U=4 VMAX=2045 TIME_LIMIT=1.94 MAX_CAND=20 UCB_C=0.21 OBJ=log(S0+1)-log(SA+1)
DBG t=0 used=0.024 remain=1.94 turn_time=0.0237456 end_in=0.0237456 cand_pre=4 cand_cap=20 cand=4->4 pre=4 pick(must/bucket/top/rand)=1/2/1/0 depth0=7 depth=6 dlog=1 dper=0 sims=3272 loop=3268 gen_time=0 eval_time=0.024 best_avg=-0.396578 best_move=3,0 leader=1 inc2=1 attack_w=0.85 S0=1096 SA=1899 ratio=0.577368 my_comp=1 my_front=3 leader_comp=1 comp_gain(sz/front/cut)=1/1/0
DBG t=12 used=0.022 remain=1.664 turn_time=0.0213011 end_in=0.0213011 cand_pre=19 cand_cap=20 cand=19->19 pre=19 pick(must/bucket/top/rand)=1/5/10/3 depth0=7 depth=3 dlog=4 dper=0 sims=3591 loop=3572 gen_time=0 eval_time=0.022 best_avg=0.248584 best_move=4,4 leader=4 inc2=1 attack_w=0.2 S0=19754 SA=16440 ratio=1.20157 my_comp=8 my_front=14 leader_comp=3 comp_gain(sz/front/cut)=0/0/0
DBG t=24 used=0.021 remain=1.407 turn_time=0.0207347 end_in=0.0207347 cand_pre=20 cand_cap=20 cand=20->20 pre=20 pick(must/bucket/top/rand)=1/4/11/4 depth0=7 depth=3 dlog=4 dper=0 sims=2940 loop=2920 gen_time=0 eval_time=0.021 best_avg=0.533593 best_move=5,0 leader=3 inc2=1 attack_w=0.2 S0=39226 SA=23192 ratio=1.69133 my_comp=10 my_front=18 leader_comp=10 comp_gain(sz/front/cut)=1/1/0
DBG t=37 used=0.02 remain=1.141 turn_time=0.0195781 end_in=0.0195781 cand_pre=26 cand_cap=20 cand=26->20 pre=26 pick(must/bucket/top/rand)=1/6/9/4 depth0=10 depth=6 dlog=4 dper=0 sims=1432 loop=1412 gen_time=0 eval_time=0.02 best_avg=0.583314 best_move=5,3 leader=3 inc2=1 attack_w=0.2 S0=53241 SA=28003 ratio=1.90123 my_comp=15 my_front=21 leader_comp=12 comp_gain(sz/front/cut)=0/0/0
DBG t=49 used=0.019 remain=0.904 turn_time=0.0187004 end_in=0.0187004 cand_pre=30 cand_cap=20 cand=30->20 pre=30 pick(must/bucket/top/rand)=1/6/9/4 depth0=10 depth=5 dlog=4 dper=1 sims=1536 loop=1516 gen_time=0 eval_time=0.019 best_avg=0.801021 best_move=6,2 leader=1 inc2=1 attack_w=0.2 S0=62531 SA=29221 ratio=2.13989 my_comp=17 my_front=21 leader_comp=7 comp_gain(sz/front/cut)=0/0/0
DBG t=61 used=0.019 remain=0.675 turn_time=0.0180346 end_in=0.0180346 cand_pre=32 cand_cap=20 cand=32->20 pre=32 pick(must/bucket/top/rand)=1/8/7/4 depth0=10 depth=5 dlog=4 dper=1 sims=1512 loop=1492 gen_time=0 eval_time=0.019 best_avg=0.677949 best_move=5,4 leader=1 inc2=1 attack_w=0.2 S0=66963 SA=33974 ratio=1.97098 my_comp=18 my_front=23 leader_comp=8 comp_gain(sz/front/cut)=0/0/0
DBG t=74 used=0.017 remain=0.44 turn_time=0.0169738 end_in=0.0169738 cand_pre=38 cand_cap=20 cand=38->20 pre=38 pick(must/bucket/top/rand)=1/6/9/4 depth0=11 depth=4 dlog=5 dper=2 sims=1464 loop=1444 gen_time=0 eval_time=0.017 best_avg=0.847989 best_move=4,4 leader=1 inc2=1 attack_w=0.2 S0=78100 SA=34486 ratio=2.26465 my_comp=22 my_front=23 leader_comp=9 comp_gain(sz/front/cut)=0/0/0
DBG t=86 used=0.017 remain=0.235 turn_time=0.0169452 end_in=0.0169452 cand_pre=37 cand_cap=20 cand=37->20 pre=37 pick(must/bucket/top/rand)=1/7/8/4 depth0=11 depth=4 dlog=5 dper=2 sims=1424 loop=1404 gen_time=0 eval_time=0.017 best_avg=0.786471 best_move=2,4 leader=5 inc2=1 attack_w=0.2 S0=90604 SA=39571 ratio=2.28962 my_comp=23 my_front=23 leader_comp=16 comp_gain(sz/front/cut)=0/0/0
DBG depth_guard t=99 remain=0.014 cand_pre=35 depth0=0 depth=0
DBG t=99 used=0.009 remain=0.014 turn_time=0.0084 end_in=0.0084 cand_pre=35 cand_cap=14 cand=35->14 pre=35 pick(must/bucket/top/rand)=1/8/2/3 depth0=0 depth=0 dlog=4 dper=4 sims=9750 loop=9736 gen_time=0 eval_time=0.009 best_avg=0.704358 best_move=2,4 leader=5 inc2=1 attack_w=0.2 S0=79871 SA=39571 ratio=2.0184 my_comp=20 my_front=25 leader_comp=16 comp_gain(sz/front/cut)=1/0/0
DBG summary depth_guard_fired=1
Score = 161159
=== CASE 0073.txt ===
DBG hdr N=10 M=3 T=100 U=3 VMAX=2043 TIME_LIMIT=1.94 MAX_CAND=20 UCB_C=0.21 OBJ=log(S0+1)-log(SA+1)
DBG t=0 used=0.024 remain=1.94 turn_time=0.0236195 end_in=0.0236195 cand_pre=5 cand_cap=20 cand=5->5 pre=5 pick(must/bucket/top/rand)=1/2/2/0 depth0=7 depth=5 dlog=2 dper=0 sims=6817 loop=6812 gen_time=0 eval_time=0.024 best_avg=-0.325711 best_move=5,2 leader=2 inc2=1 attack_w=0.641385 S0=1183 SA=1365 ratio=0.866764 my_comp=1 my_front=4 leader_comp=1 comp_gain(sz/front/cut)=1/2/0
DBG t=12 used=0.022 remain=1.662 turn_time=0.02103 end_in=0.02103 cand_pre=21 cand_cap=20 cand=21->20 pre=21 pick(must/bucket/top/rand)=1/7/8/4 depth0=7 depth=3 dlog=4 dper=0 sims=5256 loop=5236 gen_time=0 eval_time=0.022 best_avg=-0.167281 best_move=8,5 leader=2 inc2=1 attack_w=0.757893 S0=13619 SA=16445 ratio=0.828165 my_comp=7 my_front=16 leader_comp=6 comp_gain(sz/front/cut)=1/2/0
DBG t=24 used=0.02 remain=1.416 turn_time=0.0190508 end_in=0.0190508 cand_pre=35 cand_cap=20 cand=35->20 pre=35 pick(must/bucket/top/rand)=1/5/10/4 depth0=7 depth=1 dlog=4 dper=2 sims=4712 loop=4692 gen_time=0 eval_time=0.02 best_avg=0.475833 best_move=6,8 leader=2 inc2=1 attack_w=0.2 S0=29913 SA=20207 ratio=1.4803 my_comp=14 my_front=30 leader_comp=1 comp_gain(sz/front/cut)=0/0/0
DBG t=37 used=0.019 remain=1.166 turn_time=0.0185635 end_in=0.0185635 cand_pre=38 cand_cap=20 cand=38->20 pre=38 pick(must/bucket/top/rand)=1/7/8/4 depth0=10 depth=3 dlog=5 dper=2 sims=2572 loop=2552 gen_time=0 eval_time=0.019 best_avg=0.97158 best_move=5,7 leader=1 inc2=1 attack_w=0.2 S0=43551 SA=16491 ratio=2.6408 my_comp=17 my_front=31 leader_comp=12 comp_gain(sz/front/cut)=2/2/1
DBG t=49 used=0.019 remain=0.945 turn_time=0.0182237 end_in=0.0182237 cand_pre=41 cand_cap=20 cand=41->20 pre=41 pick(must/bucket/top/rand)=1/7/8/4 depth0=10 depth=3 dlog=5 dper=2 sims=2436 loop=2416 gen_time=0 eval_time=0.019 best_avg=1.02574 best_move=9,8 leader=1 inc2=1 attack_w=0.2 S0=50172 SA=17266 ratio=2.90572 my_comp=19 my_front=33 leader_comp=14 comp_gain(sz/front/cut)=1/1/0
DBG t=61 used=0.017 remain=0.735 turn_time=0.0166977 end_in=0.0166977 cand_pre=56 cand_cap=20 cand=56->20 pre=56 pick(must/bucket/top/rand)=1/8/7/4 depth0=10 depth=1 dlog=5 dper=4 sims=1992 loop=1972 gen_time=0 eval_time=0.017 best_avg=1.42211 best_move=2,5 leader=1 inc2=1 attack_w=0.2 S0=56249 SA=13966 ratio=4.02735 my_comp=28 my_front=43 leader_comp=3 comp_gain(sz/front/cut)=0/0/0
DBG t=74 used=0.018 remain=0.494 turn_time=0.017575 end_in=0.017575 cand_pre=50 cand_cap=20 cand=50->20 pre=50 pick(must/bucket/top/rand)=1/8/7/4 depth0=11 depth=3 dlog=5 dper=3 sims=1900 loop=1880 gen_time=0 eval_time=0.018 best_avg=1.11703 best_move=1,9 leader=1 inc2=1 attack_w=0.2 S0=57291 SA=17444 ratio=3.28415 my_comp=25 my_front=42 leader_comp=12 comp_gain(sz/front/cut)=1/1/1
DBG t=86 used=0.016 remain=0.241 turn_time=0.0154756 end_in=0.0154756 cand_pre=54 cand_cap=20 cand=54->20 pre=54 pick(must/bucket/top/rand)=1/8/7/4 depth0=11 depth=2 dlog=5 dper=4 sims=1608 loop=1588 gen_time=0 eval_time=0.016 best_avg=1.37055 best_move=6,9 leader=1 inc2=1 attack_w=0.2 S0=59698 SA=14595 ratio=4.09009 my_comp=28 my_front=44 leader_comp=11 comp_gain(sz/front/cut)=1/-1/0
DBG t=99 used=0.016 remain=0.025 turn_time=0.015 end_in=0.015 cand_pre=63 cand_cap=14 cand=63->14 pre=42 pick(must/bucket/top/rand)=1/8/2/3 depth0=0 depth=0 dlog=5 dper=4 sims=41178 loop=41164 gen_time=0 eval_time=0.016 best_avg=1.39094 best_move=1,8 leader=1 inc2=1 attack_w=0.2 S0=60516 SA=14577 ratio=4.15126 my_comp=34 my_front=51 leader_comp=10 comp_gain(sz/front/cut)=0/0/0
DBG summary depth_guard_fired=0
Score = 231413
=== CASE 0072.txt ===
DBG hdr N=10 M=7 T=100 U=5 VMAX=1951 TIME_LIMIT=1.94 MAX_CAND=20 UCB_C=0.21 OBJ=log(S0+1)-log(SA+1)
DBG t=0 used=0.024 remain=1.94 turn_time=0.0237456 end_in=0.0237456 cand_pre=4 cand_cap=20 cand=4->4 pre=4 pick(must/bucket/top/rand)=1/2/1/0 depth0=7 depth=6 dlog=1 dper=0 sims=3828 loop=3824 gen_time=0 eval_time=0.024 best_avg=-0.178489 best_move=9,8 leader=4 inc2=1 attack_w=0.794696 S0=1380 SA=1690 ratio=0.816677 my_comp=1 my_front=3 leader_comp=1 comp_gain(sz/front/cut)=0/0/0
DBG t=12 used=0.023 remain=1.656 turn_time=0.0225442 end_in=0.0225442 cand_pre=8 cand_cap=20 cand=8->8 pre=8 pick(must/bucket/top/rand)=1/6/1/0 depth0=7 depth=5 dlog=2 dper=0 sims=2968 loop=2960 gen_time=0 eval_time=0.023 best_avg=0.149774 best_move=9,8 leader=6 inc2=1 attack_w=0.2 S0=15584 SA=14264 ratio=1.09253 my_comp=4 my_front=5 leader_comp=7 comp_gain(sz/front/cut)=0/0/0
DBG t=24 used=0.022 remain=1.382 turn_time=0.0216665 end_in=0.0216665 cand_pre=9 cand_cap=20 cand=9->9 pre=9 pick(must/bucket/top/rand)=1/5/3/0 depth0=7 depth=4 dlog=3 dper=0 sims=3141 loop=3132 gen_time=0 eval_time=0.022 best_avg=0.409471 best_move=9,6 leader=5 inc2=1 attack_w=0.2 S0=27149 SA=18188 ratio=1.49266 my_comp=5 my_front=6 leader_comp=11 comp_gain(sz/front/cut)=0/0/0
DBG t=37 used=0.021 remain=1.099 turn_time=0.0205583 end_in=0.0205583 cand_pre=11 cand_cap=20 cand=11->11 pre=11 pick(must/bucket/top/rand)=1/5/5/0 depth0=10 depth=7 dlog=3 dper=0 sims=1971 loop=1960 gen_time=0 eval_time=0.021 best_avg=0.19551 best_move=8,8 leader=2 inc2=1 attack_w=0.2 S0=32623 SA=25616 ratio=1.27353 my_comp=6 my_front=8 leader_comp=2 comp_gain(sz/front/cut)=1/0/0
DBG t=49 used=0.02 remain=0.85 turn_time=0.0195333 end_in=0.0195333 cand_pre=12 cand_cap=20 cand=12->12 pre=12 pick(must/bucket/top/rand)=1/4/7/0 depth0=10 depth=7 dlog=3 dper=0 sims=1592 loop=1580 gen_time=0 eval_time=0.02 best_avg=0.132862 best_move=7,8 leader=5 inc2=1 attack_w=0.2 S0=40554 SA=34314 ratio=1.18184 my_comp=7 my_front=8 leader_comp=25 comp_gain(sz/front/cut)=0/0/0
DBG t=61 used=0.019 remain=0.615 turn_time=0.0182765 end_in=0.0182765 cand_pre=14 cand_cap=20 cand=14->14 pre=14 pick(must/bucket/top/rand)=1/4/9/0 depth0=10 depth=7 dlog=3 dper=0 sims=1538 loop=1524 gen_time=0 eval_time=0.019 best_avg=-0.0334286 best_move=7,7 leader=5 inc2=1 attack_w=0.379625 S0=45252 SA=46741 ratio=0.968144 my_comp=8 my_front=10 leader_comp=34 comp_gain(sz/front/cut)=0/0/0
DBG t=74 used=0.017 remain=0.379 turn_time=0.0165157 end_in=0.0165157 cand_pre=18 cand_cap=20 cand=18->18 pre=18 pick(must/bucket/top/rand)=1/6/9/2 depth0=11 depth=7 dlog=4 dper=0 sims=1286 loop=1268 gen_time=0 eval_time=0.017 best_avg=-0.233158 best_move=8,8 leader=5 inc2=1 attack_w=0.78428 S0=49023 SA=59792 ratio=0.819895 my_comp=10 my_front=14 leader_comp=36 comp_gain(sz/front/cut)=0/0/0
DBG t=86 used=0.015 remain=0.185 turn_time=0.0147141 end_in=0.0147141 cand_pre=21 cand_cap=20 cand=21->20 pre=21 pick(must/bucket/top/rand)=1/6/9/4 depth0=11 depth=6 dlog=4 dper=1 sims=1252 loop=1232 gen_time=0 eval_time=0.015 best_avg=-0.261163 best_move=9,7 leader=5 inc2=1 attack_w=0.85 S0=52983 SA=71013 ratio=0.746106 my_comp=11 my_front=16 leader_comp=39 comp_gain(sz/front/cut)=0/0/0
DBG depth_guard t=98 remain=0.018 cand_pre=20 depth0=1 depth=0
DBG depth_guard t=99 remain=0.007 cand_pre=20 depth0=0 depth=0
DBG t=99 used=0.005 remain=0.007 turn_time=0.0042 end_in=0.0042 cand_pre=20 cand_cap=12 cand=20->12 pre=20 pick(must/bucket/top/rand)=1/5/4/2 depth0=0 depth=0 dlog=4 dper=5 sims=5084 loop=5072 gen_time=0 eval_time=0.005 best_avg=-0.313096 best_move=9,6 leader=5 inc2=1 attack_w=0.85 S0=59655 SA=82064 ratio=0.726936 my_comp=11 my_front=16 leader_comp=42 comp_gain(sz/front/cut)=0/0/0
DBG summary depth_guard_fired=2
Score = 77825
=== CASE 0074.txt ===
DBG hdr N=10 M=6 T=100 U=3 VMAX=1639 TIME_LIMIT=1.94 MAX_CAND=20 UCB_C=0.21 OBJ=log(S0+1)-log(SA+1)
DBG t=0 used=0.024 remain=1.94 turn_time=0.0237456 end_in=0.0237456 cand_pre=4 cand_cap=20 cand=4->4 pre=4 pick(must/bucket/top/rand)=1/2/1/0 depth0=7 depth=6 dlog=1 dper=0 sims=3868 loop=3864 gen_time=0 eval_time=0.024 best_avg=-0.335233 best_move=0,0 leader=5 inc2=1 attack_w=0.85 S0=724 SA=1043 ratio=0.694444 my_comp=1 my_front=3 leader_comp=1 comp_gain(sz/front/cut)=1/0/0
DBG t=12 used=0.022 remain=1.665 turn_time=0.0213139 end_in=0.0213139 cand_pre=19 cand_cap=20 cand=19->19 pre=19 pick(must/bucket/top/rand)=1/5/10/3 depth0=7 depth=3 dlog=4 dper=0 sims=3883 loop=3864 gen_time=0 eval_time=0.022 best_avg=-0.148525 best_move=3,5 leader=3 inc2=1 attack_w=0.85 S0=11599 SA=15293 ratio=0.758467 my_comp=8 my_front=14 leader_comp=5 comp_gain(sz/front/cut)=1/2/0
DBG t=24 used=0.021 remain=1.41 turn_time=0.020176 end_in=0.020176 cand_pre=25 cand_cap=20 cand=25->20 pre=25 pick(must/bucket/top/rand)=1/7/8/4 depth0=7 depth=3 dlog=4 dper=0 sims=2952 loop=2932 gen_time=0 eval_time=0.021 best_avg=0.16105 best_move=1,5 leader=3 inc2=1 attack_w=0.2 S0=24346 SA=20152 ratio=1.20811 my_comp=13 my_front=20 leader_comp=10 comp_gain(sz/front/cut)=0/0/0
DBG t=37 used=0.02 remain=1.147 turn_time=0.0197994 end_in=0.0197994 cand_pre=25 cand_cap=20 cand=25->20 pre=25 pick(must/bucket/top/rand)=1/5/10/4 depth0=10 depth=6 dlog=4 dper=0 sims=1684 loop=1664 gen_time=0 eval_time=0.02 best_avg=-0.275277 best_move=3,2 leader=2 inc2=1 attack_w=0.2 S0=32048 SA=29427 ratio=1.08906 my_comp=13 my_front=20 leader_comp=12 comp_gain(sz/front/cut)=1/0/0
DBG t=49 used=0.019 remain=0.908 turn_time=0.0188989 end_in=0.0188989 cand_pre=29 cand_cap=20 cand=29->20 pre=29 pick(must/bucket/top/rand)=1/6/9/4 depth0=10 depth=5 dlog=4 dper=1 sims=1696 loop=1676 gen_time=0 eval_time=0.019 best_avg=-0.307067 best_move=4,3 leader=2 inc2=1 attack_w=0.508367 S0=31562 SA=34476 ratio=0.91548 my_comp=15 my_front=20 leader_comp=14 comp_gain(sz/front/cut)=0/0/0
DBG t=61 used=0.019 remain=0.677 turn_time=0.0184266 end_in=0.0184266 cand_pre=29 cand_cap=20 cand=29->20 pre=29 pick(must/bucket/top/rand)=1/7/8/4 depth0=10 depth=5 dlog=4 dper=1 sims=1632 loop=1612 gen_time=0 eval_time=0.019 best_avg=-0.341295 best_move=4,4 leader=2 inc2=1 attack_w=0.622361 S0=33607 SA=38478 ratio=0.873411 my_comp=16 my_front=20 leader_comp=16 comp_gain(sz/front/cut)=0/0/0
DBG t=74 used=0.019 remain=0.433 turn_time=0.0180028 end_in=0.0180028 cand_pre=26 cand_cap=20 cand=26->20 pre=26 pick(must/bucket/top/rand)=1/6/9/4 depth0=11 depth=6 dlog=4 dper=1 sims=1552 loop=1532 gen_time=0 eval_time=0.019 best_avg=-0.571278 best_move=3,4 leader=2 inc2=1 attack_w=0.85 S0=30569 SA=43443 ratio=0.703664 my_comp=14 my_front=22 leader_comp=17 comp_gain(sz/front/cut)=0/0/0
DBG t=86 used=0.018 remain=0.216 turn_time=0.0170794 end_in=0.0170794 cand_pre=22 cand_cap=20 cand=22->20 pre=22 pick(must/bucket/top/rand)=1/7/8/4 depth0=11 depth=6 dlog=4 dper=0 sims=1544 loop=1524 gen_time=0 eval_time=0.018 best_avg=-0.699095 best_move=2,1 leader=2 inc2=1 attack_w=0.85 S0=24799 SA=46672 ratio=0.531356 my_comp=12 my_front=18 leader_comp=19 comp_gain(sz/front/cut)=0/0/0
DBG depth_guard t=99 remain=0.009 cand_pre=25 depth0=0 depth=0
DBG t=99 used=0.006 remain=0.009 turn_time=0.0054 end_in=0.0054 cand_pre=25 cand_cap=12 cand=25->12 pre=25 pick(must/bucket/top/rand)=1/6/3/2 depth0=0 depth=0 dlog=4 dper=5 sims=5800 loop=5788 gen_time=0 eval_time=0.006 best_avg=-0.551715 best_move=2,5 leader=2 inc2=1 attack_w=0.85 S0=26790 SA=48069 ratio=0.557333 my_comp=12 my_front=18 leader_comp=20 comp_gain(sz/front/cut)=0/0/0
DBG summary depth_guard_fired=1
Score = 63184
=== CASE 0075.txt ===
DBG hdr N=10 M=6 T=100 U=2 VMAX=1825 TIME_LIMIT=1.94 MAX_CAND=20 UCB_C=0.21 OBJ=log(S0+1)-log(SA+1)
DBG t=0 used=0.024 remain=1.94 turn_time=0.0237456 end_in=0.0237456 cand_pre=4 cand_cap=20 cand=4->4 pre=4 pick(must/bucket/top/rand)=1/2/1/0 depth0=7 depth=6 dlog=1 dper=0 sims=3756 loop=3752 gen_time=0 eval_time=0.024 best_avg=-0.407316 best_move=4,6 leader=3 inc2=1 attack_w=0.85 S0=842 SA=1767 ratio=0.47681 my_comp=1 my_front=4 leader_comp=1 comp_gain(sz/front/cut)=1/2/0
DBG t=12 used=0.022 remain=1.667 turn_time=0.0212164 end_in=0.0212164 cand_pre=20 cand_cap=20 cand=20->20 pre=20 pick(must/bucket/top/rand)=1/5/10/4 depth0=7 depth=3 dlog=4 dper=0 sims=3696 loop=3676 gen_time=0 eval_time=0.022 best_avg=-0.00666897 best_move=3,7 leader=1 inc2=1 attack_w=0.460705 S0=16380 SA=17532 ratio=0.934295 my_comp=8 my_front=16 leader_comp=5 comp_gain(sz/front/cut)=1/2/0
DBG t=24 used=0.02 remain=1.418 turn_time=0.019199 end_in=0.019199 cand_pre=34 cand_cap=20 cand=34->20 pre=34 pick(must/bucket/top/rand)=1/7/8/4 depth0=7 depth=2 dlog=4 dper=1 sims=3240 loop=3220 gen_time=0 eval_time=0.02 best_avg=0.104711 best_move=5,1 leader=4 inc2=1 attack_w=0.2 S0=23996 SA=20663 ratio=1.1613 my_comp=13 my_front=26 leader_comp=18 comp_gain(sz/front/cut)=1/2/5
DBG t=37 used=0.02 remain=1.154 turn_time=0.019563 end_in=0.019563 cand_pre=28 cand_cap=20 cand=28->20 pre=28 pick(must/bucket/top/rand)=1/8/7/4 depth0=10 depth=5 dlog=4 dper=1 sims=1768 loop=1748 gen_time=0 eval_time=0.02 best_avg=-0.150399 best_move=4,7 leader=5 inc2=1 attack_w=0.2 S0=26694 SA=24978 ratio=1.0687 my_comp=11 my_front=22 leader_comp=16 comp_gain(sz/front/cut)=1/2/13
DBG t=49 used=0.021 remain=0.924 turn_time=0.0207628 end_in=0.0207628 cand_pre=16 cand_cap=20 cand=16->16 pre=16 pick(must/bucket/top/rand)=1/4/11/0 depth0=10 depth=7 dlog=3 dper=0 sims=1352 loop=1336 gen_time=0 eval_time=0.021 best_avg=-0.129902 best_move=6,7 leader=5 inc2=1 attack_w=0.27742 S0=29787 SA=29362 ratio=1.01447 my_comp=7 my_front=14 leader_comp=16 comp_gain(sz/front/cut)=0/0/0
DBG t=61 used=0.019 remain=0.681 turn_time=0.0188759 end_in=0.0188759 cand_pre=26 cand_cap=20 cand=26->20 pre=26 pick(must/bucket/top/rand)=1/5/10/4 depth0=10 depth=5 dlog=4 dper=1 sims=1576 loop=1556 gen_time=0 eval_time=0.019 best_avg=0.0428272 best_move=7,5 leader=5 inc2=1 attack_w=0.2 S0=35417 SA=31876 ratio=1.11108 my_comp=13 my_front=20 leader_comp=18 comp_gain(sz/front/cut)=0/0/0
DBG t=74 used=0.018 remain=0.436 turn_time=0.0176915 end_in=0.0176915 cand_pre=30 cand_cap=20 cand=30->20 pre=30 pick(must/bucket/top/rand)=1/7/8/4 depth0=11 depth=6 dlog=4 dper=1 sims=1104 loop=1084 gen_time=0 eval_time=0.018 best_avg=0.0911354 best_move=8,7 leader=4 inc2=1 attack_w=0.2 S0=37893 SA=34543 ratio=1.09698 my_comp=15 my_front=24 leader_comp=22 comp_gain(sz/front/cut)=1/0/0
DBG t=86 used=0.017 remain=0.222 turn_time=0.0167293 end_in=0.0167293 cand_pre=30 cand_cap=20 cand=30->20 pre=30 pick(must/bucket/top/rand)=1/8/7/4 depth0=11 depth=6 dlog=4 dper=1 sims=1020 loop=1000 gen_time=0 eval_time=0.017 best_avg=-0.120592 best_move=4,4 leader=4 inc2=1 attack_w=0.615878 S0=35027 SA=39999 ratio=0.8757 my_comp=16 my_front=24 leader_comp=24 comp_gain(sz/front/cut)=1/2/1
DBG depth_guard t=99 remain=0.011 cand_pre=33 depth0=0 depth=0
DBG t=99 used=0.007 remain=0.011 turn_time=0.0066 end_in=0.0066 cand_pre=33 cand_cap=12 cand=33->12 pre=33 pick(must/bucket/top/rand)=1/6/3/2 depth0=0 depth=0 dlog=4 dper=5 sims=5832 loop=5820 gen_time=0 eval_time=0.007 best_avg=-0.221869 best_move=3,6 leader=4 inc2=1 attack_w=0.812047 S0=31683 SA=39049 ratio=0.81137 my_comp=16 my_front=26 leader_comp=23 comp_gain(sz/front/cut)=0/0/0
DBG summary depth_guard_fired=1
Score = 84777
=== CASE 0076.txt ===
DBG hdr N=10 M=2 T=100 U=5 VMAX=1499 TIME_LIMIT=1.94 MAX_CAND=20 UCB_C=0.21 OBJ=log(S0+1)-log(SA+1)
DBG t=0 used=0.024 remain=1.94 turn_time=0.0236195 end_in=0.0236195 cand_pre=5 cand_cap=20 cand=5->5 pre=5 pick(must/bucket/top/rand)=1/2/2/0 depth0=7 depth=5 dlog=2 dper=0 sims=8165 loop=8160 gen_time=0 eval_time=0.024 best_avg=0.266428 best_move=7,3 leader=1 inc2=1 attack_w=0.13 S0=1061 SA=864 ratio=1.22775 my_comp=1 my_front=4 leader_comp=1 comp_gain(sz/front/cut)=1/2/0
DBG t=12 used=0.022 remain=1.659 turn_time=0.0218498 end_in=0.0218498 cand_pre=14 cand_cap=20 cand=14->14 pre=14 pick(must/bucket/top/rand)=1/2/11/0 depth0=7 depth=4 dlog=3 dper=0 sims=6326 loop=6312 gen_time=0 eval_time=0.022 best_avg=0.341503 best_move=8,4 leader=1 inc2=1 attack_w=0.2 S0=18450 SA=13092 ratio=1.40923 my_comp=5 my_front=11 leader_comp=5 comp_gain(sz/front/cut)=0/0/0
DBG t=24 used=0.022 remain=1.395 turn_time=0.0211544 end_in=0.0211544 cand_pre=15 cand_cap=20 cand=15->15 pre=15 pick(must/bucket/top/rand)=1/2/12/0 depth0=7 depth=4 dlog=3 dper=0 sims=5359 loop=5344 gen_time=0 eval_time=0.022 best_avg=0.383133 best_move=7,4 leader=1 inc2=1 attack_w=0.2 S0=35282 SA=23616 ratio=1.49397 my_comp=6 my_front=10 leader_comp=10 comp_gain(sz/front/cut)=1/0/0
DBG t=37 used=0.02 remain=1.125 turn_time=0.0195357 end_in=0.0195357 cand_pre=24 cand_cap=20 cand=24->20 pre=24 pick(must/bucket/top/rand)=1/2/13/4 depth0=10 depth=6 dlog=4 dper=0 sims=2788 loop=2768 gen_time=0 eval_time=0.02 best_avg=0.384919 best_move=9,5 leader=1 inc2=1 attack_w=0.2 S0=53021 SA=35578 ratio=1.49026 my_comp=10 my_front=16 leader_comp=11 comp_gain(sz/front/cut)=1/1/0
DBG t=49 used=0.019 remain=0.889 turn_time=0.01873 end_in=0.01873 cand_pre=27 cand_cap=20 cand=27->20 pre=27 pick(must/bucket/top/rand)=1/3/12/4 depth0=10 depth=5 dlog=4 dper=1 sims=2600 loop=2580 gen_time=0 eval_time=0.019 best_avg=0.389107 best_move=6,6 leader=1 inc2=1 attack_w=0.2 S0=69668 SA=47067 ratio=1.48018 my_comp=13 my_front=19 leader_comp=14 comp_gain(sz/front/cut)=0/0/0
DBG t=61 used=0.019 remain=0.661 turn_time=0.0181012 end_in=0.0181012 cand_pre=28 cand_cap=20 cand=28->20 pre=28 pick(must/bucket/top/rand)=1/3/12/4 depth0=10 depth=5 dlog=4 dper=1 sims=2384 loop=2364 gen_time=0 eval_time=0.019 best_avg=0.380778 best_move=9,2 leader=1 inc2=1 attack_w=0.2 S0=86040 SA=58127 ratio=1.4802 my_comp=14 my_front=20 leader_comp=17 comp_gain(sz/front/cut)=0/0/0
DBG t=74 used=0.017 remain=0.425 turn_time=0.0169264 end_in=0.0169264 cand_pre=33 cand_cap=20 cand=33->20 pre=33 pick(must/bucket/top/rand)=1/3/12/4 depth0=11 depth=5 dlog=4 dper=2 sims=1772 loop=1752 gen_time=0 eval_time=0.017 best_avg=0.392266 best_move=9,1 leader=1 inc2=1 attack_w=0.2 S0=102926 SA=68386 ratio=1.50507 my_comp=17 my_front=21 leader_comp=24 comp_gain(sz/front/cut)=0/0/0
DBG t=86 used=0.016 remain=0.222 turn_time=0.0158016 end_in=0.0158016 cand_pre=39 cand_cap=20 cand=39->20 pre=39 pick(must/bucket/top/rand)=1/5/10/4 depth0=11 depth=4 dlog=5 dper=2 sims=1932 loop=1912 gen_time=0 eval_time=0.016 best_avg=0.378132 best_move=9,9 leader=1 inc2=1 attack_w=0.2 S0=116535 SA=79764 ratio=1.46099 my_comp=22 my_front=26 leader_comp=1 comp_gain(sz/front/cut)=1/0/0
DBG depth_guard t=99 remain=0.016 cand_pre=45 depth0=0 depth=0
DBG t=99 used=0.01 remain=0.016 turn_time=0.0096 end_in=0.0096 cand_pre=45 cand_cap=14 cand=45->14 pre=42 pick(must/bucket/top/rand)=1/7/3/3 depth0=0 depth=0 dlog=5 dper=5 sims=32790 loop=32776 gen_time=0 eval_time=0.01 best_avg=0.416273 best_move=5,8 leader=1 inc2=1 attack_w=0.2 S0=120329 SA=79757 ratio=1.50869 my_comp=25 my_front=30 leader_comp=9 comp_gain(sz/front/cut)=1/2/1
DBG summary depth_guard_fired=1
Score = 133295
=== CASE 0077.txt ===
DBG hdr N=10 M=5 T=100 U=4 VMAX=2029 TIME_LIMIT=1.94 MAX_CAND=20 UCB_C=0.21 OBJ=log(S0+1)-log(SA+1)
DBG t=0 used=0.024 remain=1.94 turn_time=0.0238717 end_in=0.0238717 cand_pre=3 cand_cap=20 cand=3->3 pre=3 pick(must/bucket/top/rand)=1/2/0/0 depth0=7 depth=6 dlog=1 dper=0 sims=4999 loop=4996 gen_time=0 eval_time=0.024 best_avg=-0.352477 best_move=9,9 leader=3 inc2=1 attack_w=0.814863 S0=1556 SA=1920 ratio=0.810515 my_comp=1 my_front=2 leader_comp=1 comp_gain(sz/front/cut)=0/0/0
DBG t=12 used=0.023 remain=1.656 turn_time=0.0224219 end_in=0.0224219 cand_pre=9 cand_cap=20 cand=9->9 pre=9 pick(must/bucket/top/rand)=1/2/6/0 depth0=7 depth=4 dlog=3 dper=0 sims=4409 loop=4400 gen_time=0 eval_time=0.023 best_avg=-0.126396 best_move=9,8 leader=3 inc2=0 attack_w=0.433177 S0=19211 SA=20318 ratio=0.945519 my_comp=5 my_front=7 leader_comp=7 comp_gain(sz/front/cut)=0/0/0
DBG t=24 used=0.021 remain=1.389 turn_time=0.0207071 end_in=0.0207071 cand_pre=18 cand_cap=20 cand=18->18 pre=18 pick(must/bucket/top/rand)=1/4/11/2 depth0=7 depth=3 dlog=4 dper=0 sims=3790 loop=3772 gen_time=0 eval_time=0.021 best_avg=-0.231751 best_move=9,6 leader=3 inc2=0 attack_w=0.674622 S0=30545 SA=35709 ratio=0.855391 my_comp=9 my_front=13 leader_comp=11 comp_gain(sz/front/cut)=0/0/0
DBG t=37 used=0.02 remain=1.119 turn_time=0.0194315 end_in=0.0194315 cand_pre=24 cand_cap=20 cand=24->20 pre=24 pick(must/bucket/top/rand)=1/4/11/4 depth0=10 depth=6 dlog=4 dper=0 sims=1952 loop=1932 gen_time=0 eval_time=0.02 best_avg=-0.250468 best_move=4,7 leader=3 inc2=0 attack_w=0.622226 S0=39316 SA=45012 ratio=0.873459 my_comp=13 my_front=14 leader_comp=4 comp_gain(sz/front/cut)=0/0/0
DBG t=49 used=0.019 remain=0.888 turn_time=0.0182562 end_in=0.0182562 cand_pre=31 cand_cap=20 cand=31->20 pre=31 pick(must/bucket/top/rand)=1/6/9/4 depth0=10 depth=5 dlog=4 dper=1 sims=1680 loop=1660 gen_time=0 eval_time=0.019 best_avg=-0.185455 best_move=4,5 leader=3 inc2=1 attack_w=0.804917 S0=45415 SA=55824 ratio=0.813542 my_comp=17 my_front=23 leader_comp=15 comp_gain(sz/front/cut)=0/0/0
DBG t=61 used=0.018 remain=0.664 turn_time=0.0177407 end_in=0.0177407 cand_pre=32 cand_cap=20 cand=32->20 pre=32 pick(must/bucket/top/rand)=1/8/7/4 depth0=10 depth=5 dlog=4 dper=1 sims=1512 loop=1492 gen_time=0 eval_time=0.018 best_avg=-0.00508856 best_move=9,6 leader=3 inc2=1 attack_w=0.311712 S0=53219 SA=53302 ratio=0.998443 my_comp=18 my_front=22 leader_comp=15 comp_gain(sz/front/cut)=0/0/0
DBG t=74 used=0.018 remain=0.432 turn_time=0.0172052 end_in=0.0172052 cand_pre=33 cand_cap=20 cand=33->20 pre=33 pick(must/bucket/top/rand)=1/7/8/4 depth0=11 depth=5 dlog=4 dper=2 sims=1500 loop=1480 gen_time=0 eval_time=0.018 best_avg=0.00894796 best_move=5,7 leader=2 inc2=1 attack_w=0.2 S0=62540 SA=59218 ratio=1.0561 my_comp=18 my_front=22 leader_comp=15 comp_gain(sz/front/cut)=2/2/1
DBG t=86 used=0.017 remain=0.226 turn_time=0.0167159 end_in=0.0167159 cand_pre=33 cand_cap=20 cand=33->20 pre=33 pick(must/bucket/top/rand)=1/6/9/4 depth0=11 depth=5 dlog=4 dper=2 sims=1400 loop=1380 gen_time=0 eval_time=0.017 best_avg=0.178428 best_move=2,4 leader=2 inc2=1 attack_w=0.2 S0=70011 SA=58639 ratio=1.19393 my_comp=20 my_front=24 leader_comp=16 comp_gain(sz/front/cut)=0/0/0
DBG depth_guard t=99 remain=0.015 cand_pre=41 depth0=0 depth=0
DBG t=99 used=0.01 remain=0.015 turn_time=0.009 end_in=0.009 cand_pre=41 cand_cap=14 cand=41->14 pre=41 pick(must/bucket/top/rand)=1/7/3/3 depth0=0 depth=0 dlog=5 dper=5 sims=12166 loop=12152 gen_time=0 eval_time=0.01 best_avg=0.369525 best_move=2,4 leader=3 inc2=1 attack_w=0.2 S0=78399 SA=56072 ratio=1.39818 my_comp=22 my_front=30 leader_comp=16 comp_gain(sz/front/cut)=0/0/0
DBG summary depth_guard_fired=1
Score = 128170
=== CASE 0080.txt ===
DBG hdr N=10 M=2 T=100 U=2 VMAX=1532 TIME_LIMIT=1.94 MAX_CAND=20 UCB_C=0.21 OBJ=log(S0+1)-log(SA+1)
DBG t=0 used=0.024 remain=1.94 turn_time=0.0237456 end_in=0.0237456 cand_pre=4 cand_cap=20 cand=4->4 pre=4 pick(must/bucket/top/rand)=1/2/1/0 depth0=7 depth=6 dlog=1 dper=0 sims=7120 loop=7116 gen_time=0 eval_time=0.024 best_avg=-0.0593362 best_move=3,8 leader=1 inc2=1 attack_w=0.557008 S0=879 SA=980 ratio=0.897044 my_comp=1 my_front=3 leader_comp=1 comp_gain(sz/front/cut)=1/2/0
DBG t=12 used=0.021 remain=1.672 turn_time=0.0206625 end_in=0.0206625 cand_pre=25 cand_cap=20 cand=25->20 pre=25 pick(must/bucket/top/rand)=1/4/11/4 depth0=7 depth=3 dlog=4 dper=0 sims=4484 loop=4464 gen_time=0 eval_time=0.021 best_avg=0.382616 best_move=6,3 leader=1 inc2=1 attack_w=0.2 S0=11466 SA=9348 ratio=1.22655 my_comp=10 my_front=21 leader_comp=6 comp_gain(sz/front/cut)=1/2/2
DBG t=24 used=0.02 remain=1.424 turn_time=0.0192802 end_in=0.0192802 cand_pre=34 cand_cap=20 cand=34->20 pre=34 pick(must/bucket/top/rand)=1/5/10/4 depth0=7 depth=2 dlog=4 dper=1 sims=4528 loop=4508 gen_time=0 eval_time=0.02 best_avg=1.72793 best_move=7,4 leader=1 inc2=1 attack_w=0.2 S0=17755 SA=3937 ratio=4.50889 my_comp=14 my_front=29 leader_comp=1 comp_gain(sz/front/cut)=0/0/0
DBG t=37 used=0.019 remain=1.174 turn_time=0.0182063 end_in=0.0182063 cand_pre=42 cand_cap=20 cand=42->20 pre=42 pick(must/bucket/top/rand)=1/5/10/4 depth0=10 depth=3 dlog=5 dper=2 sims=2632 loop=2612 gen_time=0 eval_time=0.019 best_avg=2.18022 best_move=7,5 leader=1 inc2=1 attack_w=0.13 S0=26038 SA=2240 ratio=11.6194 my_comp=19 my_front=35 leader_comp=2 comp_gain(sz/front/cut)=1/-2/1
DBG t=49 used=0.018 remain=0.95 turn_time=0.0177147 end_in=0.0177147 cand_pre=46 cand_cap=20 cand=46->20 pre=46 pick(must/bucket/top/rand)=1/4/11/4 depth0=10 depth=2 dlog=5 dper=3 sims=2420 loop=2400 gen_time=0 eval_time=0.018 best_avg=2.80173 best_move=7,6 leader=1 inc2=1 attack_w=0.13 S0=32228 SA=1031 ratio=31.2297 my_comp=25 my_front=32 leader_comp=1 comp_gain(sz/front/cut)=0/0/0
DBG t=61 used=0.018 remain=0.734 turn_time=0.017409 end_in=0.017409 cand_pre=50 cand_cap=20 cand=50->20 pre=50 pick(must/bucket/top/rand)=1/3/12/4 depth0=10 depth=2 dlog=5 dper=3 sims=2112 loop=2092 gen_time=0 eval_time=0.018 best_avg=2.87515 best_move=2,7 leader=1 inc2=1 attack_w=0.13 S0=39963 SA=2106 ratio=18.9673 my_comp=28 my_front=30 leader_comp=1 comp_gain(sz/front/cut)=1/2/0
DBG t=74 used=0.018 remain=0.504 turn_time=0.0171748 end_in=0.0171748 cand_pre=56 cand_cap=20 cand=56->20 pre=56 pick(must/bucket/top/rand)=1/4/11/4 depth0=11 depth=3 dlog=5 dper=3 sims=1668 loop=1648 gen_time=0 eval_time=0.018 best_avg=2.54715 best_move=4,6 leader=1 inc2=1 attack_w=0.13 S0=46228 SA=2106 ratio=21.9407 my_comp=35 my_front=34 leader_comp=1 comp_gain(sz/front/cut)=0/0/0
DBG t=86 used=0.018 remain=0.291 turn_time=0.0176055 end_in=0.0176055 cand_pre=62 cand_cap=14 cand=62->14 pre=42 pick(must/bucket/top/rand)=1/4/6/3 depth0=11 depth=2 dlog=5 dper=4 sims=1538 loop=1524 gen_time=0 eval_time=0.018 best_avg=2.93316 best_move=6,6 leader=1 inc2=1 attack_w=0.13 S0=53162 SA=2106 ratio=25.2316 my_comp=39 my_front=38 leader_comp=1 comp_gain(sz/front/cut)=0/0/0
DBG t=99 used=0.022 remain=0.035 turn_time=0.021 end_in=0.021 cand_pre=68 cand_cap=14 cand=68->14 pre=42 pick(must/bucket/top/rand)=1/2/8/3 depth0=0 depth=0 dlog=5 dper=3 sims=99518 loop=99504 gen_time=0 eval_time=0.022 best_avg=3.34434 best_move=2,5 leader=1 inc2=1 attack_w=0.13 S0=59626 SA=2106 ratio=28.2995 my_comp=43 my_front=42 leader_comp=1 comp_gain(sz/front/cut)=1/0/0
DBG summary depth_guard_fired=0
Score = 487410
=== CASE 0078.txt ===
DBG hdr N=10 M=6 T=100 U=4 VMAX=1796 TIME_LIMIT=1.94 MAX_CAND=20 UCB_C=0.21 OBJ=log(S0+1)-log(SA+1)
DBG t=0 used=0.024 remain=1.94 turn_time=0.0237456 end_in=0.0237456 cand_pre=4 cand_cap=20 cand=4->4 pre=4 pick(must/bucket/top/rand)=1/2/1/0 depth0=7 depth=6 dlog=1 dper=0 sims=3216 loop=3212 gen_time=0 eval_time=0.024 best_avg=-0.475553 best_move=6,1 leader=2 inc2=1 attack_w=0.85 S0=880 SA=1358 ratio=0.648271 my_comp=1 my_front=3 leader_comp=1 comp_gain(sz/front/cut)=1/2/0
DBG t=12 used=0.022 remain=1.665 turn_time=0.0219288 end_in=0.0219288 cand_pre=14 cand_cap=20 cand=14->14 pre=14 pick(must/bucket/top/rand)=1/2/11/0 depth0=7 depth=4 dlog=3 dper=0 sims=3458 loop=3444 gen_time=0 eval_time=0.022 best_avg=-0.283954 best_move=6,1 leader=1 inc2=1 attack_w=0.85 S0=10963 SA=15297 ratio=0.716695 my_comp=5 my_front=11 leader_comp=10 comp_gain(sz/front/cut)=0/0/0
DBG t=24 used=0.021 remain=1.404 turn_time=0.0208106 end_in=0.0208106 cand_pre=19 cand_cap=20 cand=19->19 pre=19 pick(must/bucket/top/rand)=1/4/11/3 depth0=7 depth=3 dlog=4 dper=0 sims=3583 loop=3564 gen_time=0 eval_time=0.021 best_avg=0.0764575 best_move=7,4 leader=1 inc2=1 attack_w=0.2 S0=19755 SA=17991 ratio=1.09804 my_comp=7 my_front=15 leader_comp=13 comp_gain(sz/front/cut)=1/0/0
DBG t=37 used=0.019 remain=1.143 turn_time=0.018669 end_in=0.018669 cand_pre=34 cand_cap=20 cand=34->20 pre=34 pick(must/bucket/top/rand)=1/8/7/4 depth0=10 depth=4 dlog=4 dper=2 sims=2152 loop=2132 gen_time=0 eval_time=0.019 best_avg=0.303197 best_move=6,7 leader=3 inc2=1 attack_w=0.2 S0=32197 SA=22518 ratio=1.42981 my_comp=14 my_front=27 leader_comp=6 comp_gain(sz/front/cut)=0/0/0
DBG t=49 used=0.021 remain=0.893 turn_time=0.02018 end_in=0.02018 cand_pre=15 cand_cap=20 cand=15->15 pre=15 pick(must/bucket/top/rand)=1/6/8/0 depth0=10 depth=7 dlog=3 dper=0 sims=1851 loop=1836 gen_time=0 eval_time=0.021 best_avg=0.406765 best_move=7,6 leader=5 inc2=1 attack_w=0.2 S0=37587 SA=23874 ratio=1.57437 my_comp=6 my_front=14 leader_comp=6 comp_gain(sz/front/cut)=0/0/0
DBG t=61 used=0.02 remain=0.649 turn_time=0.0191788 end_in=0.0191788 cand_pre=15 cand_cap=20 cand=15->15 pre=15 pick(must/bucket/top/rand)=1/5/9/0 depth0=10 depth=7 dlog=3 dper=0 sims=1679 loop=1664 gen_time=0 eval_time=0.02 best_avg=0.20538 best_move=6,7 leader=5 inc2=1 attack_w=0.2 S0=41092 SA=29610 ratio=1.38776 my_comp=6 my_front=14 leader_comp=9 comp_gain(sz/front/cut)=0/0/0
DBG t=74 used=0.018 remain=0.405 turn_time=0.0172437 end_in=0.0172437 cand_pre=22 cand_cap=20 cand=22->20 pre=22 pick(must/bucket/top/rand)=1/7/8/4 depth0=11 depth=7 dlog=4 dper=0 sims=1628 loop=1608 gen_time=0 eval_time=0.018 best_avg=0.281439 best_move=6,7 leader=5 inc2=1 attack_w=0.2 S0=41408 SA=31708 ratio=1.30591 my_comp=9 my_front=20 leader_comp=4 comp_gain(sz/front/cut)=0/0/0
DBG t=86 used=0.016 remain=0.212 turn_time=0.0150899 end_in=0.0150899 cand_pre=39 cand_cap=20 cand=39->20 pre=39 pick(must/bucket/top/rand)=1/8/7/4 depth0=11 depth=3 dlog=5 dper=3 sims=1756 loop=1736 gen_time=0 eval_time=0.016 best_avg=0.383119 best_move=5,6 leader=3 inc2=1 attack_w=0.2 S0=48361 SA=30128 ratio=1.60516 my_comp=18 my_front=35 leader_comp=8 comp_gain(sz/front/cut)=0/0/0
DBG depth_guard t=99 remain=0.014 cand_pre=39 depth0=0 depth=0
DBG t=99 used=0.009 remain=0.014 turn_time=0.0084 end_in=0.0084 cand_pre=39 cand_cap=14 cand=39->14 pre=39 pick(must/bucket/top/rand)=1/8/2/3 depth0=0 depth=0 dlog=5 dper=5 sims=12546 loop=12532 gen_time=0 eval_time=0.009 best_avg=0.237981 best_move=6,6 leader=3 inc2=1 attack_w=0.2 S0=47654 SA=37296 ratio=1.27772 my_comp=16 my_front=31 leader_comp=9 comp_gain(sz/front/cut)=0/0/0
DBG summary depth_guard_fired=1
Score = 119525
=== CASE 0079.txt ===
DBG hdr N=10 M=5 T=100 U=1 VMAX=1929 TIME_LIMIT=1.94 MAX_CAND=20 UCB_C=0.21 OBJ=log(S0+1)-log(SA+1)
DBG t=0 used=0.024 remain=1.94 turn_time=0.0238717 end_in=0.0238717 cand_pre=3 cand_cap=20 cand=3->3 pre=3 pick(must/bucket/top/rand)=1/2/0/0 depth0=7 depth=6 dlog=1 dper=0 sims=3963 loop=3960 gen_time=0 eval_time=0.024 best_avg=-0.306743 best_move=1,9 leader=3 inc2=1 attack_w=0.85 S0=747 SA=1753 ratio=0.426454 my_comp=1 my_front=2 leader_comp=1 comp_gain(sz/front/cut)=1/1/0
DBG t=12 used=0.021 remain=1.666 turn_time=0.0205884 end_in=0.0205884 cand_pre=25 cand_cap=20 cand=25->20 pre=25 pick(must/bucket/top/rand)=1/6/9/4 depth0=7 depth=3 dlog=4 dper=0 sims=5244 loop=5224 gen_time=0 eval_time=0.021 best_avg=0.466489 best_move=7,5 leader=4 inc2=1 attack_w=0.2 S0=18263 SA=11439 ratio=1.5965 my_comp=13 my_front=20 leader_comp=5 comp_gain(sz/front/cut)=1/2/0
DBG t=24 used=0.019 remain=1.414 turn_time=0.0181773 end_in=0.0181773 cand_pre=42 cand_cap=20 cand=42->20 pre=42 pick(must/bucket/top/rand)=1/5/10/4 depth0=7 depth=0 dlog=5 dper=2 sims=51052 loop=51032 gen_time=0 eval_time=0.019 best_avg=0.995222 best_move=7,8 leader=2 inc2=0 attack_w=0.2 S0=27972 SA=10349 ratio=2.70271 my_comp=21 my_front=34 leader_comp=3 comp_gain(sz/front/cut)=1/2/2
DBG t=37 used=0.019 remain=1.156 turn_time=0.0187621 end_in=0.0187621 cand_pre=35 cand_cap=20 cand=35->20 pre=35 pick(must/bucket/top/rand)=1/6/9/4 depth0=10 depth=4 dlog=4 dper=2 sims=2136 loop=2116 gen_time=0 eval_time=0.019 best_avg=1.06091 best_move=7,6 leader=3 inc2=0 attack_w=0.2 S0=27978 SA=10071 ratio=2.7779 my_comp=17 my_front=29 leader_comp=4 comp_gain(sz/front/cut)=1/-2/1
DBG t=49 used=0.017 remain=0.933 turn_time=0.0169221 end_in=0.0169221 cand_pre=50 cand_cap=20 cand=50->20 pre=50 pick(must/bucket/top/rand)=1/6/9/4 depth0=10 depth=2 dlog=5 dper=3 sims=1764 loop=1744 gen_time=0 eval_time=0.017 best_avg=1.56045 best_move=7,8 leader=2 inc2=0 attack_w=0.2 S0=36246 SA=7444 ratio=4.86864 my_comp=28 my_front=35 leader_comp=2 comp_gain(sz/front/cut)=1/2/0
DBG t=61 used=0.018 remain=0.722 turn_time=0.0171244 end_in=0.0171244 cand_pre=50 cand_cap=20 cand=50->20 pre=50 pick(must/bucket/top/rand)=1/5/10/4 depth0=10 depth=2 dlog=5 dper=3 sims=1720 loop=1700 gen_time=0 eval_time=0.018 best_avg=1.49934 best_move=5,8 leader=2 inc2=1 attack_w=0.2 S0=34702 SA=8426 ratio=4.11807 my_comp=28 my_front=36 leader_comp=3 comp_gain(sz/front/cut)=1/0/0
DBG t=74 used=0.017 remain=0.49 turn_time=0.0169427 end_in=0.0169427 cand_pre=54 cand_cap=20 cand=54->20 pre=54 pick(must/bucket/top/rand)=1/6/9/4 depth0=11 depth=3 dlog=5 dper=3 sims=1424 loop=1404 gen_time=0 eval_time=0.017 best_avg=1.68482 best_move=8,7 leader=2 inc2=1 attack_w=0.2 S0=39306 SA=7246 ratio=5.4239 my_comp=32 my_front=38 leader_comp=2 comp_gain(sz/front/cut)=1/-2/1
DBG t=86 used=0.017 remain=0.263 turn_time=0.0167662 end_in=0.0167663 cand_pre=55 cand_cap=20 cand=55->20 pre=55 pick(must/bucket/top/rand)=1/5/10/4 depth0=11 depth=3 dlog=5 dper=3 sims=1344 loop=1324 gen_time=0 eval_time=0.017 best_avg=1.49177 best_move=6,7 leader=4 inc2=0 attack_w=0.2 S0=38885 SA=12552 ratio=3.09775 my_comp=32 my_front=39 leader_comp=3 comp_gain(sz/front/cut)=1/0/0
DBG depth_guard t=99 remain=0.016 cand_pre=55 depth0=0 depth=0
DBG t=99 used=0.01 remain=0.016 turn_time=0.0096 end_in=0.0096 cand_pre=55 cand_cap=14 cand=55->14 pre=42 pick(must/bucket/top/rand)=1/5/5/3 depth0=0 depth=0 dlog=5 dper=5 sims=25218 loop=25204 gen_time=0 eval_time=0.01 best_avg=1.60847 best_move=5,8 leader=2 inc2=0 attack_w=0.2 S0=37699 SA=8263 ratio=4.56196 my_comp=32 my_front=43 leader_comp=4 comp_gain(sz/front/cut)=1/0/1
DBG summary depth_guard_fired=1
Score = 251058
=== CASE 0081.txt ===
DBG hdr N=10 M=3 T=100 U=5 VMAX=1476 TIME_LIMIT=1.94 MAX_CAND=20 UCB_C=0.21 OBJ=log(S0+1)-log(SA+1)
DBG t=0 used=0.024 remain=1.94 turn_time=0.0236195 end_in=0.0236195 cand_pre=5 cand_cap=20 cand=5->5 pre=5 pick(must/bucket/top/rand)=1/2/2/0 depth0=7 depth=5 dlog=2 dper=0 sims=6621 loop=6616 gen_time=0 eval_time=0.024 best_avg=-0.215136 best_move=2,3 leader=2 inc2=1 attack_w=0.85 S0=954 SA=1383 ratio=0.690029 my_comp=1 my_front=4 leader_comp=1 comp_gain(sz/front/cut)=1/2/0
DBG t=12 used=0.022 remain=1.665 turn_time=0.0214369 end_in=0.0214369 cand_pre=18 cand_cap=20 cand=18->18 pre=18 pick(must/bucket/top/rand)=1/5/10/2 depth0=7 depth=3 dlog=4 dper=0 sims=6006 loop=5988 gen_time=0 eval_time=0.022 best_avg=0.00365439 best_move=4,4 leader=2 inc2=1 attack_w=0.396312 S0=17829 SA=18553 ratio=0.960979 my_comp=7 my_front=14 leader_comp=5 comp_gain(sz/front/cut)=1/2/0
DBG t=24 used=0.022 remain=1.399 turn_time=0.0216937 end_in=0.0216937 cand_pre=11 cand_cap=20 cand=11->11 pre=11 pick(must/bucket/top/rand)=1/6/4/0 depth0=7 depth=4 dlog=3 dper=0 sims=6063 loop=6052 gen_time=0 eval_time=0.022 best_avg=0.866831 best_move=8,3 leader=1 inc2=1 attack_w=0.2 S0=24827 SA=13807 ratio=1.79809 my_comp=4 my_front=10 leader_comp=3 comp_gain(sz/front/cut)=1/2/0
DBG t=37 used=0.018 remain=1.124 turn_time=0.0178948 end_in=0.0178948 cand_pre=38 cand_cap=20 cand=38->20 pre=38 pick(must/bucket/top/rand)=1/7/8/4 depth0=10 depth=3 dlog=5 dper=2 sims=2820 loop=2800 gen_time=0 eval_time=0.018 best_avg=0.929909 best_move=5,6 leader=1 inc2=1 attack_w=0.2 S0=34674 SA=15691 ratio=2.20972 my_comp=15 my_front=31 leader_comp=5 comp_gain(sz/front/cut)=0/0/0
DBG t=49 used=0.022 remain=0.896 turn_time=0.0211614 end_in=0.0211614 cand_pre=7 cand_cap=20 cand=7->7 pre=7 pick(must/bucket/top/rand)=1/5/1/0 depth0=10 depth=8 dlog=2 dper=0 sims=2251 loop=2244 gen_time=0 eval_time=0.022 best_avg=0.841103 best_move=3,8 leader=1 inc2=1 attack_w=0.2 S0=41548 SA=12678 ratio=3.27699 my_comp=2 my_front=6 leader_comp=3 comp_gain(sz/front/cut)=1/2/0
DBG t=61 used=0.017 remain=0.679 turn_time=0.0161045 end_in=0.0161045 cand_pre=50 cand_cap=20 cand=50->20 pre=50 pick(must/bucket/top/rand)=1/7/8/4 depth0=10 depth=2 dlog=5 dper=3 sims=2160 loop=2140 gen_time=0 eval_time=0.017 best_avg=0.831612 best_move=5,6 leader=2 inc2=1 attack_w=0.2 S0=51186 SA=20541 ratio=2.49182 my_comp=24 my_front=41 leader_comp=3 comp_gain(sz/front/cut)=0/0/0
DBG t=74 used=0.017 remain=0.46 turn_time=0.0161354 end_in=0.0161354 cand_pre=52 cand_cap=20 cand=52->20 pre=52 pick(must/bucket/top/rand)=1/7/8/4 depth0=11 depth=3 dlog=5 dper=3 sims=1956 loop=1936 gen_time=0 eval_time=0.017 best_avg=0.572122 best_move=4,5 leader=2 inc2=1 attack_w=0.2 S0=55431 SA=30035 ratio=1.84552 my_comp=24 my_front=41 leader_comp=5 comp_gain(sz/front/cut)=0/0/0
DBG t=86 used=0.018 remain=0.243 turn_time=0.0177477 end_in=0.0177477 cand_pre=35 cand_cap=20 cand=35->20 pre=35 pick(must/bucket/top/rand)=1/8/7/4 depth0=11 depth=5 dlog=4 dper=2 sims=2052 loop=2032 gen_time=0 eval_time=0.018 best_avg=0.354749 best_move=2,4 leader=2 inc2=1 attack_w=0.2 S0=61251 SA=38897 ratio=1.57468 my_comp=16 my_front=25 leader_comp=7 comp_gain(sz/front/cut)=3/4/0
DBG depth_guard t=99 remain=0.015 cand_pre=36 depth0=0 depth=0
DBG t=99 used=0.01 remain=0.015 turn_time=0.009 end_in=0.009 cand_pre=36 cand_cap=14 cand=36->14 pre=36 pick(must/bucket/top/rand)=1/8/2/3 depth0=0 depth=0 dlog=5 dper=4 sims=25922 loop=25908 gen_time=0 eval_time=0.01 best_avg=0.407032 best_move=5,7 leader=2 inc2=1 attack_w=0.2 S0=65933 SA=44195 ratio=1.49185 my_comp=18 my_front=27 leader_comp=8 comp_gain(sz/front/cut)=0/0/0
DBG summary depth_guard_fired=1
Score = 132217
=== CASE 0082.txt ===
DBG hdr N=10 M=8 T=100 U=1 VMAX=1915 TIME_LIMIT=1.94 MAX_CAND=20 UCB_C=0.21 OBJ=log(S0+1)-log(SA+1)
DBG t=0 used=0.024 remain=1.94 turn_time=0.0237456 end_in=0.0237456 cand_pre=4 cand_cap=20 cand=4->4 pre=4 pick(must/bucket/top/rand)=1/2/1/0 depth0=7 depth=6 dlog=1 dper=0 sims=2764 loop=2760 gen_time=0 eval_time=0.024 best_avg=-0.11569 best_move=9,6 leader=5 inc2=1 attack_w=0.549887 S0=1183 SA=1315 ratio=0.899696 my_comp=1 my_front=3 leader_comp=1 comp_gain(sz/front/cut)=1/1/0
DBG t=12 used=0.021 remain=1.669 turn_time=0.0201323 end_in=0.0201323 cand_pre=29 cand_cap=20 cand=29->20 pre=29 pick(must/bucket/top/rand)=1/5/10/4 depth0=7 depth=2 dlog=4 dper=1 sims=3432 loop=3412 gen_time=0 eval_time=0.021 best_avg=0.57473 best_move=6,0 leader=6 inc2=1 attack_w=0.2 S0=15233 SA=12074 ratio=1.26161 my_comp=12 my_front=23 leader_comp=3 comp_gain(sz/front/cut)=1/1/0
DBG t=24 used=0.02 remain=1.416 turn_time=0.0198985 end_in=0.0198985 cand_pre=28 cand_cap=20 cand=28->20 pre=28 pick(must/bucket/top/rand)=1/2/13/4 depth0=7 depth=2 dlog=4 dper=1 sims=2896 loop=2876 gen_time=0 eval_time=0.02 best_avg=0.749221 best_move=5,2 leader=4 inc2=1 attack_w=0.2 S0=18725 SA=7694 ratio=2.43353 my_comp=15 my_front=20 leader_comp=6 comp_gain(sz/front/cut)=1/-2/0
DBG t=37 used=0.019 remain=1.16 turn_time=0.0185876 end_in=0.0185876 cand_pre=37 cand_cap=20 cand=37->20 pre=37 pick(must/bucket/top/rand)=1/3/12/4 depth0=10 depth=3 dlog=5 dper=2 sims=1964 loop=1944 gen_time=0 eval_time=0.019 best_avg=0.742266 best_move=6,4 leader=2 inc2=1 attack_w=0.2 S0=25929 SA=13349 ratio=1.94232 my_comp=22 my_front=28 leader_comp=4 comp_gain(sz/front/cut)=1/-2/0
DBG t=49 used=0.019 remain=0.93 turn_time=0.0184085 end_in=0.0184085 cand_pre=37 cand_cap=20 cand=37->20 pre=37 pick(must/bucket/top/rand)=1/2/13/4 depth0=10 depth=3 dlog=5 dper=2 sims=1508 loop=1488 gen_time=0 eval_time=0.019 best_avg=0.667703 best_move=5,4 leader=2 inc2=1 attack_w=0.2 S0=25913 SA=13209 ratio=1.9617 my_comp=23 my_front=28 leader_comp=12 comp_gain(sz/front/cut)=1/0/0
DBG t=61 used=0.02 remain=0.706 turn_time=0.0190982 end_in=0.0190982 cand_pre=30 cand_cap=20 cand=30->20 pre=30 pick(must/bucket/top/rand)=1/6/9/4 depth0=10 depth=5 dlog=4 dper=1 sims=1404 loop=1384 gen_time=0 eval_time=0.02 best_avg=0.455387 best_move=8,6 leader=4 inc2=1 attack_w=0.2 S0=27641 SA=14888 ratio=1.85654 my_comp=16 my_front=23 leader_comp=14 comp_gain(sz/front/cut)=1/2/0
DBG t=74 used=0.021 remain=0.445 turn_time=0.0205042 end_in=0.0205042 cand_pre=8 cand_cap=20 cand=8->8 pre=8 pick(must/bucket/top/rand)=1/2/5/0 depth0=11 depth=9 dlog=2 dper=0 sims=972 loop=964 gen_time=0 eval_time=0.021 best_avg=0.311213 best_move=8,3 leader=4 inc2=1 attack_w=0.2 S0=19386 SA=16383 ratio=1.18329 my_comp=3 my_front=5 leader_comp=4 comp_gain(sz/front/cut)=1/2/0
DBG t=86 used=0.017 remain=0.218 turn_time=0.0168327 end_in=0.0168327 cand_pre=26 cand_cap=20 cand=26->20 pre=26 pick(must/bucket/top/rand)=1/6/9/4 depth0=11 depth=6 dlog=4 dper=1 sims=1164 loop=1144 gen_time=0 eval_time=0.017 best_avg=0.510068 best_move=8,4 leader=1 inc2=1 attack_w=0.2 S0=22677 SA=11890 ratio=1.90716 my_comp=15 my_front=17 leader_comp=2 comp_gain(sz/front/cut)=1/2/0
DBG depth_guard t=99 remain=0.012 cand_pre=26 depth0=0 depth=0
DBG t=99 used=0.008 remain=0.012 turn_time=0.0072 end_in=0.0072 cand_pre=26 cand_cap=12 cand=26->12 pre=26 pick(must/bucket/top/rand)=1/5/4/2 depth0=0 depth=0 dlog=4 dper=4 sims=11988 loop=11976 gen_time=0 eval_time=0.008 best_avg=0.696357 best_move=6,4 leader=4 inc2=1 attack_w=0.2 S0=26594 SA=12665 ratio=2.09972 my_comp=14 my_front=17 leader_comp=4 comp_gain(sz/front/cut)=1/2/1
DBG summary depth_guard_fired=1
Score = 158770
=== CASE 0083.txt ===
DBG hdr N=10 M=5 T=100 U=4 VMAX=2622 TIME_LIMIT=1.94 MAX_CAND=20 UCB_C=0.21 OBJ=log(S0+1)-log(SA+1)
DBG t=0 used=0.024 remain=1.94 turn_time=0.0237456 end_in=0.0237456 cand_pre=4 cand_cap=20 cand=4->4 pre=4 pick(must/bucket/top/rand)=1/2/1/0 depth0=7 depth=6 dlog=1 dper=0 sims=5072 loop=5068 gen_time=0 eval_time=0.024 best_avg=-0.244676 best_move=0,4 leader=3 inc2=1 attack_w=0.85 S0=1185 SA=1714 ratio=0.691545 my_comp=1 my_front=3 leader_comp=1 comp_gain(sz/front/cut)=1/1/0
DBG t=12 used=0.023 remain=1.658 turn_time=0.022204 end_in=0.022204 cand_pre=11 cand_cap=20 cand=11->11 pre=11 pick(must/bucket/top/rand)=1/5/5/0 depth0=7 depth=4 dlog=3 dper=0 sims=4295 loop=4284 gen_time=0 eval_time=0.023 best_avg=0.372708 best_move=0,1 leader=3 inc2=0 attack_w=0.2 S0=25743 SA=18137 ratio=1.41934 my_comp=5 my_front=8 leader_comp=5 comp_gain(sz/front/cut)=1/1/1
DBG t=24 used=0.022 remain=1.392 turn_time=0.0214661 end_in=0.0214661 cand_pre=12 cand_cap=20 cand=12->12 pre=12 pick(must/bucket/top/rand)=1/5/6/0 depth0=7 depth=4 dlog=3 dper=0 sims=3872 loop=3860 gen_time=0 eval_time=0.022 best_avg=0.315493 best_move=0,5 leader=2 inc2=1 attack_w=0.2 S0=40328 SA=28240 ratio=1.42803 my_comp=7 my_front=9 leader_comp=8 comp_gain(sz/front/cut)=0/0/0
DBG t=37 used=0.021 remain=1.114 turn_time=0.0203791 end_in=0.0203791 cand_pre=15 cand_cap=20 cand=15->15 pre=15 pick(must/bucket/top/rand)=1/5/9/0 depth0=10 depth=7 dlog=3 dper=0 sims=2155 loop=2140 gen_time=0 eval_time=0.021 best_avg=0.269575 best_move=0,0 leader=3 inc2=0 attack_w=0.2 S0=51462 SA=36486 ratio=1.41045 my_comp=9 my_front=10 leader_comp=9 comp_gain(sz/front/cut)=0/0/0
DBG t=49 used=0.02 remain=0.87 turn_time=0.0193276 end_in=0.0193276 cand_pre=18 cand_cap=20 cand=18->18 pre=18 pick(must/bucket/top/rand)=1/5/10/2 depth0=10 depth=6 dlog=4 dper=0 sims=2354 loop=2336 gen_time=0 eval_time=0.02 best_avg=0.398704 best_move=2,5 leader=3 inc2=1 attack_w=0.2 S0=56547 SA=35898 ratio=1.5752 my_comp=10 my_front=10 leader_comp=10 comp_gain(sz/front/cut)=1/2/0
DBG t=61 used=0.019 remain=0.637 turn_time=0.0183995 end_in=0.0183995 cand_pre=19 cand_cap=20 cand=19->19 pre=19 pick(must/bucket/top/rand)=1/4/11/3 depth0=10 depth=6 dlog=4 dper=0 sims=2119 loop=2100 gen_time=0 eval_time=0.019 best_avg=0.363659 best_move=0,7 leader=1 inc2=1 attack_w=0.2 S0=63524 SA=41802 ratio=1.51963 my_comp=11 my_front=12 leader_comp=13 comp_gain(sz/front/cut)=1/1/0
DBG t=74 used=0.017 remain=0.403 turn_time=0.0167555 end_in=0.0167555 cand_pre=26 cand_cap=20 cand=26->20 pre=26 pick(must/bucket/top/rand)=1/6/9/4 depth0=11 depth=6 dlog=4 dper=1 sims=1528 loop=1508 gen_time=0 eval_time=0.017 best_avg=0.435452 best_move=1,0 leader=3 inc2=1 attack_w=0.2 S0=70193 SA=45734 ratio=1.5348 my_comp=16 my_front=18 leader_comp=13 comp_gain(sz/front/cut)=0/0/0
DBG t=86 used=0.016 remain=0.203 turn_time=0.015486 end_in=0.015486 cand_pre=28 cand_cap=20 cand=28->20 pre=28 pick(must/bucket/top/rand)=1/6/9/4 depth0=11 depth=6 dlog=4 dper=1 sims=1368 loop=1348 gen_time=0 eval_time=0.016 best_avg=0.48532 best_move=1,9 leader=3 inc2=1 attack_w=0.2 S0=73668 SA=43507 ratio=1.69323 my_comp=17 my_front=19 leader_comp=12 comp_gain(sz/front/cut)=0/0/0
DBG depth_guard t=99 remain=0.01 cand_pre=28 depth0=0 depth=0
DBG t=99 used=0.007 remain=0.01 turn_time=0.006 end_in=0.006 cand_pre=28 cand_cap=12 cand=28->12 pre=28 pick(must/bucket/top/rand)=1/6/3/2 depth0=0 depth=0 dlog=4 dper=5 sims=8196 loop=8184 gen_time=0 eval_time=0.007 best_avg=0.559484 best_move=2,5 leader=3 inc2=1 attack_w=0.2 S0=78088 SA=44921 ratio=1.73832 my_comp=18 my_front=21 leader_comp=12 comp_gain(sz/front/cut)=0/0/0
DBG summary depth_guard_fired=1
Score = 146373
=== CASE 0085.txt ===
DBG hdr N=10 M=2 T=100 U=4 VMAX=1553 TIME_LIMIT=1.94 MAX_CAND=20 UCB_C=0.21 OBJ=log(S0+1)-log(SA+1)
DBG t=0 used=0.024 remain=1.94 turn_time=0.0236195 end_in=0.0236195 cand_pre=5 cand_cap=20 cand=5->5 pre=5 pick(must/bucket/top/rand)=1/2/2/0 depth0=7 depth=5 dlog=2 dper=0 sims=8261 loop=8256 gen_time=0 eval_time=0.024 best_avg=0.0695943 best_move=4,8 leader=1 inc2=1 attack_w=0.13 S0=992 SA=571 ratio=1.73601 my_comp=1 my_front=4 leader_comp=1 comp_gain(sz/front/cut)=1/2/0
DBG t=12 used=0.022 remain=1.662 turn_time=0.0216438 end_in=0.0216438 cand_pre=16 cand_cap=20 cand=16->16 pre=16 pick(must/bucket/top/rand)=1/5/10/0 depth0=7 depth=4 dlog=3 dper=0 sims=5832 loop=5816 gen_time=0 eval_time=0.022 best_avg=0.510526 best_move=1,7 leader=1 inc2=1 attack_w=0.2 S0=14934 SA=7965 ratio=1.87484 my_comp=7 my_front=12 leader_comp=6 comp_gain(sz/front/cut)=1/2/0
DBG t=24 used=0.022 remain=1.408 turn_time=0.0215924 end_in=0.0215924 cand_pre=13 cand_cap=20 cand=13->13 pre=13 pick(must/bucket/top/rand)=1/6/6/0 depth0=7 depth=4 dlog=3 dper=0 sims=5857 loop=5844 gen_time=0 eval_time=0.022 best_avg=0.670633 best_move=2,7 leader=1 inc2=1 attack_w=0.2 S0=22822 SA=12197 ratio=1.87104 my_comp=7 my_front=8 leader_comp=6 comp_gain(sz/front/cut)=0/0/0
DBG t=37 used=0.021 remain=1.136 turn_time=0.0205472 end_in=0.0205472 cand_pre=17 cand_cap=20 cand=17->17 pre=17 pick(must/bucket/top/rand)=1/7/8/1 depth0=10 depth=7 dlog=3 dper=0 sims=3193 loop=3176 gen_time=0 eval_time=0.021 best_avg=0.791517 best_move=2,9 leader=1 inc2=1 attack_w=0.2 S0=29523 SA=12365 ratio=2.38751 my_comp=8 my_front=13 leader_comp=3 comp_gain(sz/front/cut)=0/0/0
DBG t=49 used=0.018 remain=0.904 turn_time=0.0170874 end_in=0.0170874 cand_pre=44 cand_cap=20 cand=44->20 pre=44 pick(must/bucket/top/rand)=1/7/8/4 depth0=10 depth=2 dlog=5 dper=3 sims=2680 loop=2660 gen_time=0 eval_time=0.018 best_avg=1.00275 best_move=3,4 leader=1 inc2=1 attack_w=0.2 S0=42517 SA=14803 ratio=2.87206 my_comp=22 my_front=34 leader_comp=2 comp_gain(sz/front/cut)=0/0/0
DBG t=61 used=0.018 remain=0.688 turn_time=0.0171206 end_in=0.0171206 cand_pre=43 cand_cap=20 cand=43->20 pre=43 pick(must/bucket/top/rand)=1/8/7/4 depth0=10 depth=2 dlog=5 dper=3 sims=2440 loop=2420 gen_time=0 eval_time=0.018 best_avg=0.991489 best_move=4,4 leader=1 inc2=1 attack_w=0.2 S0=50634 SA=18716 ratio=2.70529 my_comp=25 my_front=30 leader_comp=8 comp_gain(sz/front/cut)=0/0/0
DBG t=74 used=0.017 remain=0.466 turn_time=0.0162293 end_in=0.0162293 cand_pre=53 cand_cap=20 cand=53->20 pre=53 pick(must/bucket/top/rand)=1/8/7/4 depth0=11 depth=3 dlog=5 dper=3 sims=1460 loop=1440 gen_time=0 eval_time=0.017 best_avg=0.907248 best_move=6,2 leader=1 inc2=1 attack_w=0.2 S0=57810 SA=22672 ratio=2.54977 my_comp=33 my_front=35 leader_comp=9 comp_gain(sz/front/cut)=0/0/0
DBG t=86 used=0.016 remain=0.269 turn_time=0.0157749 end_in=0.0157749 cand_pre=66 cand_cap=14 cand=66->14 pre=42 pick(must/bucket/top/rand)=1/8/2/3 depth0=11 depth=2 dlog=5 dper=4 sims=1094 loop=1080 gen_time=0 eval_time=0.016 best_avg=1.11716 best_move=8,3 leader=1 inc2=1 attack_w=0.2 S0=65955 SA=22561 ratio=2.92332 my_comp=40 my_front=47 leader_comp=11 comp_gain(sz/front/cut)=1/2/1
DBG t=99 used=0.017 remain=0.027 turn_time=0.0162 end_in=0.0162 cand_pre=77 cand_cap=14 cand=77->14 pre=42 pick(must/bucket/top/rand)=1/8/2/3 depth0=0 depth=0 dlog=6 dper=5 sims=55130 loop=55116 gen_time=0 eval_time=0.017 best_avg=1.31724 best_move=6,8 leader=1 inc2=1 attack_w=0.2 S0=76170 SA=20511 ratio=3.71348 my_comp=46 my_front=60 leader_comp=4 comp_gain(sz/front/cut)=1/2/2
DBG summary depth_guard_fired=0
Score = 222772
=== CASE 0084.txt ===
DBG hdr N=10 M=5 T=100 U=1 VMAX=1974 TIME_LIMIT=1.94 MAX_CAND=20 UCB_C=0.21 OBJ=log(S0+1)-log(SA+1)
DBG t=0 used=0.024 remain=1.94 turn_time=0.0236195 end_in=0.0236195 cand_pre=5 cand_cap=20 cand=5->5 pre=5 pick(must/bucket/top/rand)=1/2/2/0 depth0=7 depth=5 dlog=2 dper=0 sims=4741 loop=4736 gen_time=0 eval_time=0.024 best_avg=-0.146855 best_move=4,7 leader=3 inc2=1 attack_w=0.476714 S0=1749 SA=1885 ratio=0.92789 my_comp=1 my_front=4 leader_comp=1 comp_gain(sz/front/cut)=1/2/0
DBG t=12 used=0.021 remain=1.673 turn_time=0.0207984 end_in=0.0207984 cand_pre=24 cand_cap=20 cand=24->20 pre=24 pick(must/bucket/top/rand)=1/6/9/4 depth0=7 depth=3 dlog=4 dper=0 sims=3432 loop=3412 gen_time=0 eval_time=0.021 best_avg=-0.27719 best_move=2,8 leader=3 inc2=1 attack_w=0.2 S0=16123 SA=13305 ratio=1.21178 my_comp=10 my_front=18 leader_comp=8 comp_gain(sz/front/cut)=1/2/0
DBG t=24 used=0.022 remain=1.412 turn_time=0.021533 end_in=0.021533 cand_pre=14 cand_cap=20 cand=14->14 pre=14 pick(must/bucket/top/rand)=1/5/8/0 depth0=7 depth=4 dlog=3 dper=0 sims=3414 loop=3400 gen_time=0 eval_time=0.022 best_avg=-0.0247789 best_move=9,5 leader=3 inc2=1 attack_w=0.85 S0=12967 SA=21121 ratio=0.613957 my_comp=7 my_front=12 leader_comp=2 comp_gain(sz/front/cut)=1/1/0
DBG t=37 used=0.019 remain=1.143 turn_time=0.018669 end_in=0.018669 cand_pre=34 cand_cap=20 cand=34->20 pre=34 pick(must/bucket/top/rand)=1/2/13/4 depth0=10 depth=4 dlog=4 dper=2 sims=1908 loop=1888 gen_time=0 eval_time=0.019 best_avg=0.171656 best_move=7,5 leader=2 inc2=0 attack_w=0.2 S0=25021 SA=21588 ratio=1.15902 my_comp=19 my_front=24 leader_comp=19 comp_gain(sz/front/cut)=0/0/0
DBG t=49 used=0.017 remain=0.923 turn_time=0.0168583 end_in=0.0168583 cand_pre=49 cand_cap=20 cand=49->20 pre=49 pick(must/bucket/top/rand)=1/5/10/4 depth0=10 depth=2 dlog=5 dper=3 sims=1564 loop=1544 gen_time=0 eval_time=0.017 best_avg=0.790075 best_move=1,0 leader=2 inc2=0 attack_w=0.2 S0=36916 SA=21598 ratio=1.7092 my_comp=29 my_front=35 leader_comp=19 comp_gain(sz/front/cut)=1/1/1
DBG t=61 used=0.016 remain=0.722 turn_time=0.015199 end_in=0.015199 cand_pre=66 cand_cap=14 cand=66->14 pre=42 pick(must/bucket/top/rand)=1/6/4/3 depth0=10 depth=1 dlog=5 dper=4 sims=1210 loop=1196 gen_time=0 eval_time=0.016 best_avg=1.43447 best_move=4,7 leader=4 inc2=1 attack_w=0.2 S0=49635 SA=12163 ratio=4.08057 my_comp=38 my_front=48 leader_comp=2 comp_gain(sz/front/cut)=1/2/0
DBG t=74 used=0.017 remain=0.483 turn_time=0.0160969 end_in=0.0160969 cand_pre=59 cand_cap=20 cand=59->20 pre=59 pick(must/bucket/top/rand)=1/2/13/4 depth0=11 depth=2 dlog=5 dper=4 sims=1216 loop=1196 gen_time=0 eval_time=0.017 best_avg=1.44331 best_move=6,3 leader=4 inc2=0 attack_w=0.2 S0=49655 SA=12185 ratio=4.07484 my_comp=35 my_front=40 leader_comp=10 comp_gain(sz/front/cut)=4/8/0
DBG t=86 used=0.016 remain=0.249 turn_time=0.0156425 end_in=0.0156425 cand_pre=57 cand_cap=20 cand=57->20 pre=57 pick(must/bucket/top/rand)=1/6/9/4 depth0=11 depth=2 dlog=5 dper=4 sims=1188 loop=1168 gen_time=0 eval_time=0.016 best_avg=1.07195 best_move=6,3 leader=4 inc2=1 attack_w=0.2 S0=45645 SA=11973 ratio=3.81209 my_comp=34 my_front=43 leader_comp=11 comp_gain(sz/front/cut)=1/2/0
DBG depth_guard t=99 remain=0.017 cand_pre=35 depth0=0 depth=0
DBG t=99 used=0.011 remain=0.017 turn_time=0.0102 end_in=0.0102 cand_pre=35 cand_cap=14 cand=35->14 pre=35 pick(must/bucket/top/rand)=1/6/4/3 depth0=0 depth=0 dlog=4 dper=4 sims=16214 loop=16200 gen_time=0 eval_time=0.011 best_avg=0.852766 best_move=8,3 leader=1 inc2=1 attack_w=0.2 S0=36968 SA=15983 ratio=2.31288 my_comp=21 my_front=25 leader_comp=8 comp_gain(sz/front/cut)=1/-2/0
DBG summary depth_guard_fired=1
Score = 168737
=== CASE 0087.txt ===
DBG hdr N=10 M=4 T=100 U=3 VMAX=2225 TIME_LIMIT=1.94 MAX_CAND=20 UCB_C=0.21 OBJ=log(S0+1)-log(SA+1)
DBG t=0 used=0.024 remain=1.94 turn_time=0.0236195 end_in=0.0236195 cand_pre=5 cand_cap=20 cand=5->5 pre=5 pick(must/bucket/top/rand)=1/2/2/0 depth0=7 depth=5 dlog=2 dper=0 sims=6385 loop=6380 gen_time=0 eval_time=0.024 best_avg=-0.788034 best_move=8,3 leader=2 inc2=1 attack_w=0.85 S0=652 SA=1039 ratio=0.627885 my_comp=1 my_front=4 leader_comp=1 comp_gain(sz/front/cut)=1/2/0
DBG t=12 used=0.023 remain=1.663 turn_time=0.0220253 end_in=0.0220253 cand_pre=13 cand_cap=20 cand=13->13 pre=13 pick(must/bucket/top/rand)=1/2/10/0 depth0=7 depth=4 dlog=3 dper=0 sims=4845 loop=4832 gen_time=0 eval_time=0.023 best_avg=-0.726044 best_move=7,4 leader=2 inc2=1 attack_w=0.85 S0=9988 SA=19150 ratio=0.521592 my_comp=5 my_front=10 leader_comp=7 comp_gain(sz/front/cut)=0/0/0
DBG t=24 used=0.02 remain=1.403 turn_time=0.0192359 end_in=0.0192359 cand_pre=32 cand_cap=20 cand=32->20 pre=32 pick(must/bucket/top/rand)=1/6/9/4 depth0=7 depth=2 dlog=4 dper=1 sims=3724 loop=3704 gen_time=0 eval_time=0.02 best_avg=-0.473009 best_move=1,4 leader=2 inc2=0 attack_w=0.85 S0=21487 SA=37416 ratio=0.574284 my_comp=12 my_front=24 leader_comp=9 comp_gain(sz/front/cut)=1/2/1
DBG t=37 used=0.019 remain=1.154 turn_time=0.0183724 end_in=0.0183724 cand_pre=38 cand_cap=20 cand=38->20 pre=38 pick(must/bucket/top/rand)=1/6/9/4 depth0=10 depth=3 dlog=5 dper=2 sims=2528 loop=2508 gen_time=0 eval_time=0.019 best_avg=-0.248739 best_move=1,4 leader=2 inc2=0 attack_w=0.85 S0=37295 SA=48351 ratio=0.771343 my_comp=16 my_front=30 leader_comp=11 comp_gain(sz/front/cut)=0/0/0
DBG t=49 used=0.018 remain=0.931 turn_time=0.0175977 end_in=0.0175977 cand_pre=44 cand_cap=20 cand=44->20 pre=44 pick(must/bucket/top/rand)=1/6/9/4 depth0=10 depth=2 dlog=5 dper=3 sims=2488 loop=2468 gen_time=0 eval_time=0.018 best_avg=-0.143731 best_move=2,8 leader=2 inc2=0 attack_w=0.683836 S0=48375 SA=56759 ratio=0.85229 my_comp=19 my_front=36 leader_comp=13 comp_gain(sz/front/cut)=0/0/0
DBG t=61 used=0.018 remain=0.715 turn_time=0.0175542 end_in=0.0175542 cand_pre=45 cand_cap=20 cand=45->20 pre=45 pick(must/bucket/top/rand)=1/6/9/4 depth0=10 depth=2 dlog=5 dper=3 sims=2852 loop=2832 gen_time=0 eval_time=0.018 best_avg=0.0624017 best_move=1,4 leader=2 inc2=0 attack_w=0.251132 S0=57687 SA=56164 ratio=1.02712 my_comp=20 my_front=37 leader_comp=8 comp_gain(sz/front/cut)=0/0/0
DBG t=74 used=0.018 remain=0.479 turn_time=0.0179993 end_in=0.0179993 cand_pre=42 cand_cap=20 cand=42->20 pre=42 pick(must/bucket/top/rand)=1/6/9/4 depth0=11 depth=4 dlog=5 dper=2 sims=1692 loop=1672 gen_time=0 eval_time=0.018 best_avg=0.303412 best_move=2,7 leader=2 inc2=1 attack_w=0.2 S0=66211 SA=49409 ratio=1.34005 my_comp=20 my_front=36 leader_comp=8 comp_gain(sz/front/cut)=0/0/0
DBG t=86 used=0.018 remain=0.258 turn_time=0.0177651 end_in=0.0177651 cand_pre=44 cand_cap=20 cand=44->20 pre=44 pick(must/bucket/top/rand)=1/6/9/4 depth0=11 depth=4 dlog=5 dper=2 sims=1564 loop=1544 gen_time=0 eval_time=0.018 best_avg=0.276825 best_move=1,4 leader=1 inc2=1 attack_w=0.2 S0=69496 SA=52377 ratio=1.32684 my_comp=21 my_front=36 leader_comp=20 comp_gain(sz/front/cut)=0/0/0
DBG depth_guard t=99 remain=0.019 cand_pre=44 depth0=0 depth=0
DBG t=99 used=0.012 remain=0.019 turn_time=0.0114 end_in=0.0114 cand_pre=44 cand_cap=16 cand=44->16 pre=44 pick(must/bucket/top/rand)=1/6/5/4 depth0=0 depth=0 dlog=5 dper=4 sims=13836 loop=13820 gen_time=0 eval_time=0.012 best_avg=0.279942 best_move=3,6 leader=3 inc2=1 attack_w=0.2 S0=73899 SA=56890 ratio=1.29898 my_comp=22 my_front=34 leader_comp=24 comp_gain(sz/front/cut)=0/0/0
DBG summary depth_guard_fired=1
Score = 123123
=== CASE 0086.txt ===
DBG hdr N=10 M=8 T=100 U=5 VMAX=4599 TIME_LIMIT=1.94 MAX_CAND=20 UCB_C=0.21 OBJ=log(S0+1)-log(SA+1)
DBG t=0 used=0.024 remain=1.94 turn_time=0.0236195 end_in=0.0236195 cand_pre=5 cand_cap=20 cand=5->5 pre=5 pick(must/bucket/top/rand)=1/2/2/0 depth0=7 depth=5 dlog=2 dper=0 sims=3877 loop=3872 gen_time=0 eval_time=0.024 best_avg=-1.2882 best_move=9,6 leader=2 inc2=1 attack_w=0.85 S0=676 SA=1457 ratio=0.464335 my_comp=1 my_front=4 leader_comp=1 comp_gain(sz/front/cut)=1/1/0
DBG t=12 used=0.023 remain=1.661 turn_time=0.0222442 end_in=0.0222442 cand_pre=11 cand_cap=20 cand=11->11 pre=11 pick(must/bucket/top/rand)=1/2/8/0 depth0=7 depth=4 dlog=3 dper=0 sims=2951 loop=2940 gen_time=0 eval_time=0.023 best_avg=-1.29214 best_move=9,5 leader=2 inc2=1 attack_w=0.85 S0=11202 SA=46522 ratio=0.240806 my_comp=5 my_front=7 leader_comp=6 comp_gain(sz/front/cut)=1/1/0
DBG t=24 used=0.021 remain=1.395 turn_time=0.0209158 end_in=0.0209158 cand_pre=17 cand_cap=20 cand=17->17 pre=17 pick(must/bucket/top/rand)=1/4/11/1 depth0=7 depth=4 dlog=3 dper=0 sims=2353 loop=2336 gen_time=0 eval_time=0.021 best_avg=-0.688993 best_move=8,9 leader=2 inc2=1 attack_w=0.85 S0=21021 SA=47713 ratio=0.440583 my_comp=9 my_front=14 leader_comp=7 comp_gain(sz/front/cut)=1/-1/0
DBG t=37 used=0.02 remain=1.123 turn_time=0.0196168 end_in=0.0196168 cand_pre=23 cand_cap=20 cand=23->20 pre=23 pick(must/bucket/top/rand)=1/5/10/4 depth0=10 depth=6 dlog=4 dper=0 sims=1496 loop=1476 gen_time=0 eval_time=0.02 best_avg=0.0666686 best_move=6,5 leader=2 inc2=1 attack_w=0.46635 S0=29671 SA=31835 ratio=0.932027 my_comp=13 my_front=17 leader_comp=4 comp_gain(sz/front/cut)=0/0/0
DBG t=49 used=0.019 remain=0.886 turn_time=0.0185539 end_in=0.0185539 cand_pre=28 cand_cap=20 cand=28->20 pre=28 pick(must/bucket/top/rand)=1/5/10/4 depth0=10 depth=5 dlog=4 dper=1 sims=1780 loop=1760 gen_time=0 eval_time=0.019 best_avg=0.0618691 best_move=5,6 leader=4 inc2=1 attack_w=0.232934 S0=38706 SA=37359 ratio=1.03605 my_comp=16 my_front=19 leader_comp=7 comp_gain(sz/front/cut)=1/2/0
DBG t=61 used=0.018 remain=0.664 turn_time=0.0175194 end_in=0.0175194 cand_pre=34 cand_cap=20 cand=34->20 pre=34 pick(must/bucket/top/rand)=1/7/8/4 depth0=10 depth=4 dlog=4 dper=2 sims=1692 loop=1672 gen_time=0 eval_time=0.018 best_avg=0.218534 best_move=4,3 leader=7 inc2=1 attack_w=0.2 S0=47747 SA=37996 ratio=1.25663 my_comp=21 my_front=23 leader_comp=12 comp_gain(sz/front/cut)=1/2/1
DBG t=74 used=0.017 remain=0.437 turn_time=0.0160934 end_in=0.0160934 cand_pre=45 cand_cap=20 cand=45->20 pre=45 pick(must/bucket/top/rand)=1/6/9/4 depth0=11 depth=3 dlog=5 dper=3 sims=1652 loop=1632 gen_time=0 eval_time=0.017 best_avg=0.186313 best_move=1,2 leader=4 inc2=1 attack_w=0.230424 S0=54507 SA=52547 ratio=1.0373 my_comp=27 my_front=27 leader_comp=5 comp_gain(sz/front/cut)=1/2/0
DBG t=86 used=0.018 remain=0.208 turn_time=0.017992 end_in=0.017992 cand_pre=6 cand_cap=20 cand=6->6 pre=6 pick(must/bucket/top/rand)=1/3/2/0 depth0=11 depth=6 dlog=2 dper=0 sims=1570 loop=1564 gen_time=0 eval_time=0.018 best_avg=0.274522 best_move=3,2 leader=7 inc2=1 attack_w=0.2 S0=63560 SA=49882 ratio=1.2742 my_comp=2 my_front=6 leader_comp=20 comp_gain(sz/front/cut)=3/6/1
DBG depth_guard t=98 remain=0.018 cand_pre=9 depth0=1 depth=0
DBG depth_guard t=99 remain=0.007 cand_pre=9 depth0=0 depth=0
DBG t=99 used=0.005 remain=0.007 turn_time=0.0042 end_in=0.0042 cand_pre=9 cand_cap=12 cand=9->9 pre=9 pick(must/bucket/top/rand)=1/4/4/0 depth0=0 depth=0 dlog=3 dper=2 sims=4917 loop=4908 gen_time=0 eval_time=0.005 best_avg=0.372264 best_move=1,2 leader=7 inc2=1 attack_w=0.2 S0=81009 SA=55047 ratio=1.47162 my_comp=3 my_front=8 leader_comp=20 comp_gain(sz/front/cut)=0/0/0
DBG summary depth_guard_fired=2
Score = 128212
=== CASE 0088.txt ===
DBG hdr N=10 M=3 T=100 U=3 VMAX=1748 TIME_LIMIT=1.94 MAX_CAND=20 UCB_C=0.21 OBJ=log(S0+1)-log(SA+1)
DBG t=0 used=0.024 remain=1.94 turn_time=0.0236195 end_in=0.0236195 cand_pre=5 cand_cap=20 cand=5->5 pre=5 pick(must/bucket/top/rand)=1/2/2/0 depth0=7 depth=5 dlog=2 dper=0 sims=6953 loop=6948 gen_time=0 eval_time=0.024 best_avg=0.103273 best_move=4,5 leader=2 inc2=1 attack_w=0.13 S0=913 SA=793 ratio=1.15113 my_comp=1 my_front=4 leader_comp=1 comp_gain(sz/front/cut)=1/2/0
DBG t=12 used=0.022 remain=1.666 turn_time=0.0210806 end_in=0.0210806 cand_pre=21 cand_cap=20 cand=21->20 pre=21 pick(must/bucket/top/rand)=1/2/13/4 depth0=7 depth=3 dlog=4 dper=0 sims=4964 loop=4944 gen_time=0 eval_time=0.022 best_avg=0.524533 best_move=6,8 leader=2 inc2=1 attack_w=0.2 S0=18179 SA=10422 ratio=1.74422 my_comp=7 my_front=16 leader_comp=5 comp_gain(sz/front/cut)=1/2/0
DBG t=24 used=0.02 remain=1.416 turn_time=0.0196563 end_in=0.0196563 cand_pre=30 cand_cap=20 cand=30->20 pre=30 pick(must/bucket/top/rand)=1/2/13/4 depth0=7 depth=2 dlog=4 dper=1 sims=3688 loop=3668 gen_time=0 eval_time=0.02 best_avg=0.730801 best_move=4,7 leader=1 inc2=1 attack_w=0.2 S0=35644 SA=17685 ratio=2.01544 my_comp=13 my_front=23 leader_comp=7 comp_gain(sz/front/cut)=1/2/0
DBG t=37 used=0.019 remain=1.162 turn_time=0.0187396 end_in=0.0187396 cand_pre=36 cand_cap=20 cand=36->20 pre=36 pick(must/bucket/top/rand)=1/2/13/4 depth0=10 depth=3 dlog=5 dper=2 sims=2408 loop=2388 gen_time=0 eval_time=0.019 best_avg=0.842007 best_move=8,5 leader=1 inc2=1 attack_w=0.2 S0=53714 SA=24324 ratio=2.20822 my_comp=17 my_front=28 leader_comp=10 comp_gain(sz/front/cut)=1/2/0
DBG t=49 used=0.019 remain=0.936 turn_time=0.0182887 end_in=0.0182887 cand_pre=39 cand_cap=20 cand=39->20 pre=39 pick(must/bucket/top/rand)=1/5/10/4 depth0=10 depth=3 dlog=5 dper=2 sims=2108 loop=2088 gen_time=0 eval_time=0.019 best_avg=0.739032 best_move=9,5 leader=2 inc2=1 attack_w=0.2 S0=67294 SA=32077 ratio=2.09786 my_comp=22 my_front=31 leader_comp=12 comp_gain(sz/front/cut)=0/0/0
DBG t=61 used=0.018 remain=0.711 turn_time=0.01793 end_in=0.01793 cand_pre=41 cand_cap=20 cand=41->20 pre=41 pick(must/bucket/top/rand)=1/4/11/4 depth0=10 depth=3 dlog=5 dper=2 sims=1912 loop=1892 gen_time=0 eval_time=0.018 best_avg=0.70231 best_move=7,6 leader=2 inc2=1 attack_w=0.2 S0=77383 SA=37665 ratio=2.05448 my_comp=25 my_front=28 leader_comp=13 comp_gain(sz/front/cut)=1/-4/0
DBG t=74 used=0.018 remain=0.476 turn_time=0.0178866 end_in=0.0178866 cand_pre=42 cand_cap=20 cand=42->20 pre=42 pick(must/bucket/top/rand)=1/5/10/4 depth0=11 depth=4 dlog=5 dper=2 sims=1608 loop=1588 gen_time=0 eval_time=0.018 best_avg=0.67106 best_move=5,5 leader=2 inc2=1 attack_w=0.2 S0=90411 SA=45767 ratio=1.97544 my_comp=28 my_front=22 leader_comp=17 comp_gain(sz/front/cut)=0/0/0
DBG t=86 used=0.018 remain=0.26 turn_time=0.0172993 end_in=0.0172993 cand_pre=49 cand_cap=20 cand=49->20 pre=49 pick(must/bucket/top/rand)=1/7/8/4 depth0=11 depth=3 dlog=5 dper=3 sims=1508 loop=1488 gen_time=0 eval_time=0.018 best_avg=0.684712 best_move=7,5 leader=1 inc2=1 attack_w=0.2 S0=97083 SA=49409 ratio=1.96487 my_comp=32 my_front=27 leader_comp=19 comp_gain(sz/front/cut)=0/0/0
DBG t=99 used=0.014 remain=0.022 turn_time=0.0132 end_in=0.0132 cand_pre=52 cand_cap=16 cand=52->16 pre=48 pick(must/bucket/top/rand)=1/5/6/4 depth0=0 depth=0 dlog=5 dper=4 sims=21324 loop=21308 gen_time=0 eval_time=0.014 best_avg=0.690812 best_move=5,5 leader=1 inc2=1 attack_w=0.2 S0=107994 SA=53401 ratio=2.0223 my_comp=34 my_front=31 leader_comp=21 comp_gain(sz/front/cut)=0/0/0
DBG summary depth_guard_fired=0
Score = 158692
=== CASE 0089.txt ===
DBG hdr N=10 M=3 T=100 U=2 VMAX=1407 TIME_LIMIT=1.94 MAX_CAND=20 UCB_C=0.21 OBJ=log(S0+1)-log(SA+1)
DBG t=0 used=0.024 remain=1.94 turn_time=0.0237456 end_in=0.0237456 cand_pre=4 cand_cap=20 cand=4->4 pre=4 pick(must/bucket/top/rand)=1/2/1/0 depth0=7 depth=6 dlog=1 dper=0 sims=5988 loop=5984 gen_time=0 eval_time=0.024 best_avg=-0.318091 best_move=1,1 leader=1 inc2=1 attack_w=0.74687 S0=1165 SA=1401 ratio=0.831669 my_comp=1 my_front=3 leader_comp=1 comp_gain(sz/front/cut)=1/2/0
DBG t=12 used=0.022 remain=1.665 turn_time=0.0214369 end_in=0.0214369 cand_pre=18 cand_cap=20 cand=18->18 pre=18 pick(must/bucket/top/rand)=1/6/9/2 depth0=7 depth=3 dlog=4 dper=0 sims=4898 loop=4880 gen_time=0 eval_time=0.022 best_avg=-0.030576 best_move=1,3 leader=2 inc2=1 attack_w=0.387748 S0=12631 SA=13094 ratio=0.964643 my_comp=8 my_front=13 leader_comp=9 comp_gain(sz/front/cut)=1/2/0
DBG t=24 used=0.021 remain=1.407 turn_time=0.0202534 end_in=0.0202534 cand_pre=24 cand_cap=20 cand=24->20 pre=24 pick(must/bucket/top/rand)=1/8/7/4 depth0=7 depth=3 dlog=4 dper=0 sims=3732 loop=3712 gen_time=0 eval_time=0.021 best_avg=-0.128443 best_move=3,3 leader=2 inc2=1 attack_w=0.548195 S0=19438 SA=21590 ratio=0.900329 my_comp=11 my_front=19 leader_comp=14 comp_gain(sz/front/cut)=0/0/0
DBG t=37 used=0.022 remain=1.124 turn_time=0.0213738 end_in=0.0213738 cand_pre=8 cand_cap=20 cand=8->8 pre=8 pick(must/bucket/top/rand)=1/5/2/0 depth0=10 depth=8 dlog=2 dper=0 sims=2696 loop=2688 gen_time=0 eval_time=0.022 best_avg=0.121009 best_move=8,3 leader=1 inc2=1 attack_w=0.2 S0=22423 SA=20504 ratio=1.09359 my_comp=2 my_front=6 leader_comp=4 comp_gain(sz/front/cut)=1/2/0
DBG t=49 used=0.018 remain=0.883 turn_time=0.0179284 end_in=0.0179284 cand_pre=33 cand_cap=20 cand=33->20 pre=33 pick(must/bucket/top/rand)=1/8/7/4 depth0=10 depth=4 dlog=4 dper=2 sims=2528 loop=2508 gen_time=0 eval_time=0.018 best_avg=0.275709 best_move=5,3 leader=1 inc2=1 attack_w=0.2 S0=31986 SA=22792 ratio=1.40337 my_comp=15 my_front=27 leader_comp=2 comp_gain(sz/front/cut)=0/0/0
DBG t=61 used=0.018 remain=0.667 turn_time=0.0170427 end_in=0.0170427 cand_pre=39 cand_cap=20 cand=39->20 pre=39 pick(must/bucket/top/rand)=1/8/7/4 depth0=10 depth=3 dlog=5 dper=2 sims=2604 loop=2584 gen_time=0 eval_time=0.018 best_avg=0.104154 best_move=5,3 leader=2 inc2=1 attack_w=0.2 S0=35573 SA=32139 ratio=1.10685 my_comp=17 my_front=31 leader_comp=11 comp_gain(sz/front/cut)=0/0/0
DBG t=74 used=0.017 remain=0.438 turn_time=0.0168967 end_in=0.0168967 cand_pre=38 cand_cap=20 cand=38->20 pre=38 pick(must/bucket/top/rand)=1/8/7/4 depth0=11 depth=4 dlog=5 dper=2 sims=1944 loop=1924 gen_time=0 eval_time=0.017 best_avg=-0.0743944 best_move=5,3 leader=2 inc2=1 attack_w=0.560241 S0=36734 SA=41005 ratio=0.895845 my_comp=18 my_front=30 leader_comp=16 comp_gain(sz/front/cut)=0/0/0
DBG t=86 used=0.016 remain=0.234 turn_time=0.0157866 end_in=0.0157866 cand_pre=47 cand_cap=20 cand=47->20 pre=47 pick(must/bucket/top/rand)=1/8/7/4 depth0=11 depth=3 dlog=5 dper=3 sims=2156 loop=2136 gen_time=0 eval_time=0.016 best_avg=-0.00522725 best_move=5,3 leader=2 inc2=1 attack_w=0.315422 S0=41264 SA=41399 ratio=0.996739 my_comp=23 my_front=39 leader_comp=17 comp_gain(sz/front/cut)=0/0/0
DBG depth_guard t=99 remain=0.01 cand_pre=26 depth0=0 depth=0
DBG t=99 used=0.007 remain=0.01 turn_time=0.006 end_in=0.006 cand_pre=26 cand_cap=12 cand=26->12 pre=26 pick(must/bucket/top/rand)=1/6/3/2 depth0=0 depth=0 dlog=4 dper=4 sims=13396 loop=13384 gen_time=0 eval_time=0.007 best_avg=0.0799385 best_move=6,6 leader=2 inc2=1 attack_w=0.2 S0=41626 SA=38626 ratio=1.07767 my_comp=12 my_front=19 leader_comp=13 comp_gain(sz/front/cut)=0/0/0
DBG summary depth_guard_fired=1
Score = 108194
=== CASE 0091.txt ===
DBG hdr N=10 M=3 T=100 U=2 VMAX=1676 TIME_LIMIT=1.94 MAX_CAND=20 UCB_C=0.21 OBJ=log(S0+1)-log(SA+1)
DBG t=0 used=0.024 remain=1.94 turn_time=0.0237456 end_in=0.0237456 cand_pre=4 cand_cap=20 cand=4->4 pre=4 pick(must/bucket/top/rand)=1/2/1/0 depth0=7 depth=6 dlog=1 dper=0 sims=5920 loop=5916 gen_time=0 eval_time=0.024 best_avg=-0.0727058 best_move=0,4 leader=2 inc2=1 attack_w=0.244285 S0=930 SA=959 ratio=0.969792 my_comp=1 my_front=3 leader_comp=1 comp_gain(sz/front/cut)=1/1/0
DBG t=12 used=0.021 remain=1.668 turn_time=0.0206131 end_in=0.0206131 cand_pre=25 cand_cap=20 cand=25->20 pre=25 pick(must/bucket/top/rand)=1/7/8/4 depth0=7 depth=3 dlog=4 dper=0 sims=3944 loop=3924 gen_time=0 eval_time=0.021 best_avg=0.513331 best_move=2,8 leader=2 inc2=1 attack_w=0.2 S0=17708 SA=11414 ratio=1.55138 my_comp=11 my_front=20 leader_comp=2 comp_gain(sz/front/cut)=1/2/1
DBG t=24 used=0.02 remain=1.425 turn_time=0.0192937 end_in=0.0192937 cand_pre=34 cand_cap=20 cand=34->20 pre=34 pick(must/bucket/top/rand)=1/8/7/4 depth0=7 depth=2 dlog=4 dper=1 sims=3392 loop=3372 gen_time=0 eval_time=0.02 best_avg=0.434679 best_move=3,5 leader=1 inc2=1 attack_w=0.2 S0=29862 SA=18942 ratio=1.57647 my_comp=15 my_front=26 leader_comp=12 comp_gain(sz/front/cut)=1/2/0
DBG t=37 used=0.019 remain=1.175 turn_time=0.0189492 end_in=0.0189492 cand_pre=36 cand_cap=20 cand=36->20 pre=36 pick(must/bucket/top/rand)=1/8/7/4 depth0=10 depth=3 dlog=5 dper=2 sims=2436 loop=2416 gen_time=0 eval_time=0.019 best_avg=0.101581 best_move=5,6 leader=1 inc2=1 attack_w=0.2 S0=38772 SA=30266 ratio=1.28103 my_comp=19 my_front=29 leader_comp=18 comp_gain(sz/front/cut)=1/2/0
DBG t=49 used=0.019 remain=0.947 turn_time=0.018745 end_in=0.018745 cand_pre=37 cand_cap=20 cand=37->20 pre=37 pick(must/bucket/top/rand)=1/8/7/4 depth0=10 depth=3 dlog=5 dper=2 sims=2644 loop=2624 gen_time=0 eval_time=0.019 best_avg=-0.0201678 best_move=5,6 leader=1 inc2=1 attack_w=0.26328 S0=35394 SA=34658 ratio=1.02124 my_comp=19 my_front=33 leader_comp=20 comp_gain(sz/front/cut)=0/0/0
DBG t=61 used=0.019 remain=0.719 turn_time=0.0183714 end_in=0.0183714 cand_pre=39 cand_cap=20 cand=39->20 pre=39 pick(must/bucket/top/rand)=1/8/7/4 depth0=10 depth=3 dlog=5 dper=2 sims=2456 loop=2436 gen_time=0 eval_time=0.019 best_avg=-0.0860818 best_move=4,7 leader=1 inc2=1 attack_w=0.340332 S0=34802 SA=35316 ratio=0.985446 my_comp=19 my_front=33 leader_comp=21 comp_gain(sz/front/cut)=0/0/0
DBG t=74 used=0.019 remain=0.47 turn_time=0.0181312 end_in=0.0181312 cand_pre=38 cand_cap=20 cand=38->20 pre=38 pick(must/bucket/top/rand)=1/8/7/4 depth0=11 depth=4 dlog=5 dper=2 sims=2388 loop=2368 gen_time=0 eval_time=0.019 best_avg=-0.18014 best_move=2,6 leader=1 inc2=1 attack_w=0.75196 S0=30016 SA=36162 ratio=0.830047 my_comp=18 my_front=32 leader_comp=22 comp_gain(sz/front/cut)=0/0/0
DBG t=86 used=0.017 remain=0.24 turn_time=0.0169714 end_in=0.0169714 cand_pre=40 cand_cap=20 cand=40->20 pre=40 pick(must/bucket/top/rand)=1/8/7/4 depth0=11 depth=4 dlog=5 dper=2 sims=1588 loop=1568 gen_time=0 eval_time=0.017 best_avg=-0.230402 best_move=2,6 leader=1 inc2=1 attack_w=0.85 S0=32819 SA=41701 ratio=0.787013 my_comp=20 my_front=30 leader_comp=25 comp_gain(sz/front/cut)=0/0/0
DBG depth_guard t=99 remain=0.013 cand_pre=36 depth0=0 depth=0
DBG t=99 used=0.008 remain=0.013 turn_time=0.0078 end_in=0.0078 cand_pre=36 cand_cap=12 cand=36->12 pre=36 pick(must/bucket/top/rand)=1/7/2/2 depth0=0 depth=0 dlog=5 dper=5 sims=11200 loop=11188 gen_time=0 eval_time=0.008 best_avg=-0.243108 best_move=3,8 leader=1 inc2=1 attack_w=0.85 S0=37647 SA=49540 ratio=0.759936 my_comp=19 my_front=27 leader_comp=29 comp_gain(sz/front/cut)=0/0/0
DBG summary depth_guard_fired=1
Score = 85448
=== CASE 0090.txt ===
DBG hdr N=10 M=7 T=100 U=5 VMAX=1976 TIME_LIMIT=1.94 MAX_CAND=20 UCB_C=0.21 OBJ=log(S0+1)-log(SA+1)
DBG t=0 used=0.024 remain=1.94 turn_time=0.0236195 end_in=0.0236195 cand_pre=5 cand_cap=20 cand=5->5 pre=5 pick(must/bucket/top/rand)=1/2/2/0 depth0=7 depth=5 dlog=2 dper=0 sims=4077 loop=4072 gen_time=0 eval_time=0.024 best_avg=-0.357371 best_move=5,1 leader=5 inc2=1 attack_w=0.85 S0=1124 SA=1553 ratio=0.723938 my_comp=1 my_front=4 leader_comp=1 comp_gain(sz/front/cut)=1/2/0
DBG t=12 used=0.023 remain=1.659 turn_time=0.0220949 end_in=0.0220949 cand_pre=12 cand_cap=20 cand=12->12 pre=12 pick(must/bucket/top/rand)=1/5/6/0 depth0=7 depth=4 dlog=3 dper=0 sims=3856 loop=3844 gen_time=0 eval_time=0.023 best_avg=0.141994 best_move=4,0 leader=2 inc2=1 attack_w=0.256199 S0=14794 SA=14438 ratio=1.02466 my_comp=4 my_front=10 leader_comp=1 comp_gain(sz/front/cut)=1/1/0
DBG t=24 used=0.022 remain=1.394 turn_time=0.0211393 end_in=0.0211393 cand_pre=15 cand_cap=20 cand=15->15 pre=15 pick(must/bucket/top/rand)=1/4/10/0 depth0=7 depth=4 dlog=3 dper=0 sims=3227 loop=3212 gen_time=0 eval_time=0.022 best_avg=0.261004 best_move=3,1 leader=3 inc2=1 attack_w=0.2 S0=29201 SA=24580 ratio=1.18799 my_comp=7 my_front=12 leader_comp=3 comp_gain(sz/front/cut)=0/0/0
DBG t=37 used=0.02 remain=1.124 turn_time=0.0192864 end_in=0.0192864 cand_pre=26 cand_cap=20 cand=26->20 pre=26 pick(must/bucket/top/rand)=1/4/11/4 depth0=10 depth=5 dlog=4 dper=1 sims=2236 loop=2216 gen_time=0 eval_time=0.02 best_avg=0.213546 best_move=8,1 leader=4 inc2=1 attack_w=0.2 S0=39728 SA=33260 ratio=1.19446 my_comp=11 my_front=20 leader_comp=6 comp_gain(sz/front/cut)=0/0/0
DBG t=49 used=0.019 remain=0.891 turn_time=0.018545 end_in=0.018545 cand_pre=29 cand_cap=20 cand=29->20 pre=29 pick(must/bucket/top/rand)=1/4/11/4 depth0=10 depth=5 dlog=4 dper=1 sims=1880 loop=1860 gen_time=0 eval_time=0.019 best_avg=0.204622 best_move=2,0 leader=4 inc2=1 attack_w=0.2 S0=52438 SA=44397 ratio=1.18111 my_comp=15 my_front=23 leader_comp=2 comp_gain(sz/front/cut)=0/0/0
DBG t=61 used=0.018 remain=0.667 turn_time=0.0178209 end_in=0.0178209 cand_pre=32 cand_cap=20 cand=32->20 pre=32 pick(must/bucket/top/rand)=1/3/12/4 depth0=10 depth=5 dlog=4 dper=1 sims=1624 loop=1604 gen_time=0 eval_time=0.018 best_avg=0.225161 best_move=4,2 leader=4 inc2=1 attack_w=0.2 S0=65621 SA=52074 ratio=1.26014 my_comp=18 my_front=24 leader_comp=13 comp_gain(sz/front/cut)=0/0/0
DBG t=74 used=0.018 remain=0.433 turn_time=0.0171368 end_in=0.0171368 cand_pre=34 cand_cap=20 cand=34->20 pre=34 pick(must/bucket/top/rand)=1/3/12/4 depth0=11 depth=5 dlog=4 dper=2 sims=1504 loop=1484 gen_time=0 eval_time=0.018 best_avg=0.276901 best_move=3,3 leader=4 inc2=1 attack_w=0.2 S0=73283 SA=58946 ratio=1.24322 my_comp=21 my_front=20 leader_comp=13 comp_gain(sz/front/cut)=0/0/0
DBG t=86 used=0.017 remain=0.225 turn_time=0.0162241 end_in=0.0162241 cand_pre=37 cand_cap=20 cand=37->20 pre=37 pick(must/bucket/top/rand)=1/5/10/4 depth0=11 depth=4 dlog=5 dper=2 sims=1648 loop=1628 gen_time=0 eval_time=0.017 best_avg=0.314781 best_move=4,3 leader=4 inc2=1 attack_w=0.2 S0=79187 SA=60396 ratio=1.31112 my_comp=25 my_front=20 leader_comp=13 comp_gain(sz/front/cut)=0/0/0
DBG depth_guard t=99 remain=0.014 cand_pre=40 depth0=0 depth=0
DBG t=99 used=0.009 remain=0.014 turn_time=0.0084 end_in=0.0084 cand_pre=40 cand_cap=14 cand=40->14 pre=40 pick(must/bucket/top/rand)=1/6/4/3 depth0=0 depth=0 dlog=5 dper=5 sims=13074 loop=13060 gen_time=0 eval_time=0.009 best_avg=0.314992 best_move=5,5 leader=4 inc2=1 attack_w=0.2 S0=88600 SA=64598 ratio=1.37155 my_comp=26 my_front=22 leader_comp=13 comp_gain(sz/front/cut)=0/0/0
DBG summary depth_guard_fired=1
Score = 125164
=== CASE 0092.txt ===
DBG hdr N=10 M=5 T=100 U=2 VMAX=1591 TIME_LIMIT=1.94 MAX_CAND=20 UCB_C=0.21 OBJ=log(S0+1)-log(SA+1)
DBG t=0 used=0.024 remain=1.94 turn_time=0.0237456 end_in=0.0237456 cand_pre=4 cand_cap=20 cand=4->4 pre=4 pick(must/bucket/top/rand)=1/2/1/0 depth0=7 depth=6 dlog=1 dper=0 sims=4696 loop=4692 gen_time=0 eval_time=0.024 best_avg=-0.285505 best_move=0,4 leader=1 inc2=1 attack_w=0.85 S0=511 SA=1575 ratio=0.324873 my_comp=1 my_front=3 leader_comp=1 comp_gain(sz/front/cut)=1/1/0
DBG t=12 used=0.022 remain=1.663 turn_time=0.0214111 end_in=0.0214111 cand_pre=18 cand_cap=20 cand=18->18 pre=18 pick(must/bucket/top/rand)=1/2/13/2 depth0=7 depth=3 dlog=4 dper=0 sims=3950 loop=3932 gen_time=0 eval_time=0.022 best_avg=0.104267 best_move=3,3 leader=3 inc2=1 attack_w=0.2 S0=15715 SA=14054 ratio=1.11818 my_comp=8 my_front=15 leader_comp=7 comp_gain(sz/front/cut)=1/2/0
DBG t=24 used=0.02 remain=1.413 turn_time=0.0194938 end_in=0.0194938 cand_pre=31 cand_cap=20 cand=31->20 pre=31 pick(must/bucket/top/rand)=1/3/12/4 depth0=7 depth=2 dlog=4 dper=1 sims=3072 loop=3052 gen_time=0 eval_time=0.02 best_avg=0.476782 best_move=2,4 leader=3 inc2=1 attack_w=0.2 S0=30750 SA=20103 ratio=1.5296 my_comp=14 my_front=25 leader_comp=11 comp_gain(sz/front/cut)=1/2/0
DBG t=37 used=0.018 remain=1.166 turn_time=0.0177213 end_in=0.0177213 cand_pre=45 cand_cap=20 cand=45->20 pre=45 pick(must/bucket/top/rand)=1/7/8/4 depth0=10 depth=2 dlog=5 dper=3 sims=2076 loop=2056 gen_time=0 eval_time=0.018 best_avg=0.686169 best_move=4,6 leader=3 inc2=1 attack_w=0.2 S0=40980 SA=19739 ratio=2.07604 my_comp=21 my_front=39 leader_comp=11 comp_gain(sz/front/cut)=0/0/0
DBG t=49 used=0.018 remain=0.95 turn_time=0.0172304 end_in=0.0172304 cand_pre=50 cand_cap=20 cand=50->20 pre=50 pick(must/bucket/top/rand)=1/7/8/4 depth0=10 depth=2 dlog=5 dper=3 sims=1912 loop=1892 gen_time=0 eval_time=0.018 best_avg=0.807724 best_move=7,3 leader=2 inc2=1 attack_w=0.2 S0=45803 SA=21096 ratio=2.17111 my_comp=23 my_front=43 leader_comp=10 comp_gain(sz/front/cut)=1/2/0
DBG t=61 used=0.018 remain=0.737 turn_time=0.0172345 end_in=0.0172345 cand_pre=52 cand_cap=20 cand=52->20 pre=52 pick(must/bucket/top/rand)=1/7/8/4 depth0=10 depth=2 dlog=5 dper=3 sims=1804 loop=1784 gen_time=0 eval_time=0.018 best_avg=0.850107 best_move=2,4 leader=2 inc2=1 attack_w=0.2 S0=48196 SA=20190 ratio=2.38705 my_comp=25 my_front=45 leader_comp=10 comp_gain(sz/front/cut)=0/0/0
DBG t=74 used=0.019 remain=0.501 turn_time=0.0187008 end_in=0.0187008 cand_pre=43 cand_cap=20 cand=43->20 pre=43 pick(must/bucket/top/rand)=1/8/7/4 depth0=11 depth=4 dlog=5 dper=2 sims=1516 loop=1496 gen_time=0 eval_time=0.019 best_avg=0.762427 best_move=1,1 leader=2 inc2=1 attack_w=0.2 S0=48772 SA=20947 ratio=2.32829 my_comp=21 my_front=39 leader_comp=12 comp_gain(sz/front/cut)=1/2/0
DBG t=86 used=0.018 remain=0.276 turn_time=0.0179794 end_in=0.0179794 cand_pre=52 cand_cap=20 cand=52->20 pre=52 pick(must/bucket/top/rand)=1/7/8/4 depth0=11 depth=3 dlog=5 dper=3 sims=1352 loop=1332 gen_time=0 eval_time=0.018 best_avg=0.791783 best_move=3,5 leader=3 inc2=1 attack_w=0.2 S0=50814 SA=23027 ratio=2.20666 my_comp=26 my_front=45 leader_comp=14 comp_gain(sz/front/cut)=1/2/0
DBG t=99 used=0.016 remain=0.025 turn_time=0.015 end_in=0.015 cand_pre=56 cand_cap=20 cand=56->20 pre=56 pick(must/bucket/top/rand)=1/8/7/4 depth0=0 depth=0 dlog=5 dper=4 sims=21688 loop=21668 gen_time=0 eval_time=0.016 best_avg=0.898751 best_move=1,5 leader=2 inc2=1 attack_w=0.2 S0=51828 SA=21989 ratio=2.35693 my_comp=28 my_front=47 leader_comp=12 comp_gain(sz/front/cut)=0/0/0
DBG summary depth_guard_fired=0
Score = 181553
=== CASE 0093.txt ===
DBG hdr N=10 M=8 T=100 U=3 VMAX=1791 TIME_LIMIT=1.94 MAX_CAND=20 UCB_C=0.21 OBJ=log(S0+1)-log(SA+1)
DBG t=0 used=0.024 remain=1.94 turn_time=0.0237456 end_in=0.0237456 cand_pre=4 cand_cap=20 cand=4->4 pre=4 pick(must/bucket/top/rand)=1/2/1/0 depth0=7 depth=6 dlog=1 dper=0 sims=3020 loop=3016 gen_time=0 eval_time=0.024 best_avg=-0.311393 best_move=0,6 leader=2 inc2=1 attack_w=0.85 S0=1041 SA=1780 ratio=0.585065 my_comp=1 my_front=3 leader_comp=1 comp_gain(sz/front/cut)=1/1/0
DBG t=12 used=0.022 remain=1.66 turn_time=0.021863 end_in=0.021863 cand_pre=14 cand_cap=20 cand=14->14 pre=14 pick(must/bucket/top/rand)=1/7/6/0 depth0=7 depth=4 dlog=3 dper=0 sims=2746 loop=2732 gen_time=0 eval_time=0.022 best_avg=0.0612829 best_move=0,4 leader=7 inc2=1 attack_w=0.336192 S0=16176 SA=16384 ratio=0.987305 my_comp=7 my_front=11 leader_comp=5 comp_gain(sz/front/cut)=0/0/0
DBG t=24 used=0.022 remain=1.396 turn_time=0.0211696 end_in=0.0211696 cand_pre=15 cand_cap=20 cand=15->15 pre=15 pick(must/bucket/top/rand)=1/6/8/0 depth0=7 depth=4 dlog=3 dper=0 sims=2563 loop=2548 gen_time=0 eval_time=0.022 best_avg=0.175974 best_move=1,2 leader=1 inc2=1 attack_w=0.2 S0=24425 SA=21992 ratio=1.11063 my_comp=7 my_front=11 leader_comp=15 comp_gain(sz/front/cut)=1/2/0
DBG t=37 used=0.02 remain=1.124 turn_time=0.0195183 end_in=0.0195183 cand_pre=24 cand_cap=20 cand=24->20 pre=24 pick(must/bucket/top/rand)=1/8/7/4 depth0=10 depth=6 dlog=4 dper=0 sims=1576 loop=1556 gen_time=0 eval_time=0.02 best_avg=0.262495 best_move=2,2 leader=1 inc2=1 attack_w=0.2 S0=29570 SA=21918 ratio=1.3491 my_comp=11 my_front=19 leader_comp=3 comp_gain(sz/front/cut)=0/0/0
DBG t=49 used=0.02 remain=0.88 turn_time=0.0195498 end_in=0.0195498 cand_pre=18 cand_cap=20 cand=18->18 pre=18 pick(must/bucket/top/rand)=1/3/12/2 depth0=10 depth=6 dlog=4 dper=0 sims=1786 loop=1768 gen_time=0 eval_time=0.02 best_avg=0.186366 best_move=1,7 leader=5 inc2=1 attack_w=0.2 S0=29037 SA=24292 ratio=1.19532 my_comp=9 my_front=13 leader_comp=15 comp_gain(sz/front/cut)=0/0/0
DBG t=61 used=0.019 remain=0.646 turn_time=0.0183365 end_in=0.0183365 cand_pre=22 cand_cap=20 cand=22->20 pre=22 pick(must/bucket/top/rand)=1/6/9/4 depth0=10 depth=6 dlog=4 dper=0 sims=1624 loop=1604 gen_time=0 eval_time=0.019 best_avg=0.164725 best_move=2,6 leader=1 inc2=1 attack_w=0.2 S0=36214 SA=25649 ratio=1.41189 my_comp=11 my_front=17 leader_comp=6 comp_gain(sz/front/cut)=1/2/0
DBG t=74 used=0.019 remain=0.401 turn_time=0.0182763 end_in=0.0182763 cand_pre=10 cand_cap=20 cand=10->10 pre=10 pick(must/bucket/top/rand)=1/5/4/0 depth0=11 depth=8 dlog=3 dper=0 sims=1322 loop=1312 gen_time=0 eval_time=0.019 best_avg=0.0378546 best_move=1,2 leader=5 inc2=1 attack_w=0.346043 S0=32232 SA=32793 ratio=0.982893 my_comp=3 my_front=8 leader_comp=18 comp_gain(sz/front/cut)=0/0/0
DBG t=86 used=0.016 remain=0.187 turn_time=0.0156546 end_in=0.0156546 cand_pre=12 cand_cap=20 cand=12->12 pre=12 pick(must/bucket/top/rand)=1/4/7/0 depth0=11 depth=6 dlog=3 dper=0 sims=1336 loop=1324 gen_time=0 eval_time=0.016 best_avg=-0.161851 best_move=0,1 leader=5 inc2=1 attack_w=0.805629 S0=26319 SA=32360 ratio=0.813325 my_comp=4 my_front=9 leader_comp=16 comp_gain(sz/front/cut)=0/0/0
DBG depth_guard t=98 remain=0.015 cand_pre=8 depth0=1 depth=0
DBG depth_guard t=99 remain=0.006 cand_pre=7 depth0=0 depth=0
DBG t=99 used=0.004 remain=0.006 turn_time=0.0036 end_in=0.0036 cand_pre=7 cand_cap=12 cand=7->7 pre=7 pick(must/bucket/top/rand)=1/1/5/0 depth0=0 depth=0 dlog=2 dper=2 sims=4599 loop=4592 gen_time=0 eval_time=0.004 best_avg=-0.270385 best_move=1,1 leader=5 inc2=1 attack_w=0.85 S0=29076 SA=43097 ratio=0.674672 my_comp=4 my_front=8 leader_comp=6 comp_gain(sz/front/cut)=0/0/0
DBG summary depth_guard_fired=2
Score = 79560
=== CASE 0094.txt ===
DBG hdr N=10 M=2 T=100 U=4 VMAX=1645 TIME_LIMIT=1.94 MAX_CAND=20 UCB_C=0.21 OBJ=log(S0+1)-log(SA+1)
DBG t=0 used=0.024 remain=1.94 turn_time=0.0236195 end_in=0.0236195 cand_pre=5 cand_cap=20 cand=5->5 pre=5 pick(must/bucket/top/rand)=1/2/2/0 depth0=7 depth=5 dlog=2 dper=0 sims=8673 loop=8668 gen_time=0 eval_time=0.024 best_avg=0.0106806 best_move=4,4 leader=1 inc2=1 attack_w=0.153407 S0=1437 SA=1389 ratio=1.03453 my_comp=1 my_front=4 leader_comp=1 comp_gain(sz/front/cut)=1/2/0
DBG t=12 used=0.022 remain=1.665 turn_time=0.0218058 end_in=0.0218058 cand_pre=15 cand_cap=20 cand=15->15 pre=15 pick(must/bucket/top/rand)=1/2/12/0 depth0=7 depth=4 dlog=3 dper=0 sims=5759 loop=5744 gen_time=0 eval_time=0.022 best_avg=0.126848 best_move=3,6 leader=1 inc2=1 attack_w=0.2 S0=19449 SA=17342 ratio=1.12149 my_comp=5 my_front=12 leader_comp=5 comp_gain(sz/front/cut)=1/2/0
DBG t=24 used=0.021 remain=1.408 turn_time=0.0206291 end_in=0.0206291 cand_pre=21 cand_cap=20 cand=21->20 pre=21 pick(must/bucket/top/rand)=1/2/13/4 depth0=7 depth=3 dlog=4 dper=0 sims=5040 loop=5020 gen_time=0 eval_time=0.021 best_avg=0.151515 best_move=5,4 leader=1 inc2=1 attack_w=0.2 S0=37549 SA=32628 ratio=1.15082 my_comp=8 my_front=16 leader_comp=7 comp_gain(sz/front/cut)=0/0/0
DBG t=37 used=0.02 remain=1.144 turn_time=0.0191575 end_in=0.0191575 cand_pre=30 cand_cap=20 cand=30->20 pre=30 pick(must/bucket/top/rand)=1/2/13/4 depth0=10 depth=5 dlog=4 dper=1 sims=2668 loop=2648 gen_time=0 eval_time=0.02 best_avg=0.159383 best_move=3,9 leader=1 inc2=1 attack_w=0.2 S0=57065 SA=47609 ratio=1.19861 my_comp=13 my_front=21 leader_comp=10 comp_gain(sz/front/cut)=0/0/0
DBG t=49 used=0.019 remain=0.913 turn_time=0.0181884 end_in=0.0181884 cand_pre=36 cand_cap=20 cand=36->20 pre=36 pick(must/bucket/top/rand)=1/4/11/4 depth0=10 depth=3 dlog=5 dper=2 sims=2748 loop=2728 gen_time=0 eval_time=0.019 best_avg=0.239598 best_move=4,3 leader=1 inc2=1 attack_w=0.2 S0=73567 SA=57575 ratio=1.27775 my_comp=16 my_front=27 leader_comp=12 comp_gain(sz/front/cut)=1/2/0
DBG t=61 used=0.018 remain=0.691 turn_time=0.0176559 end_in=0.0176559 cand_pre=39 cand_cap=20 cand=39->20 pre=39 pick(must/bucket/top/rand)=1/5/10/4 depth0=10 depth=3 dlog=5 dper=2 sims=2292 loop=2272 gen_time=0 eval_time=0.018 best_avg=0.261441 best_move=6,3 leader=1 inc2=1 attack_w=0.2 S0=88282 SA=67509 ratio=1.3077 my_comp=19 my_front=31 leader_comp=16 comp_gain(sz/front/cut)=0/0/0
DBG t=74 used=0.017 remain=0.461 turn_time=0.0169772 end_in=0.0169772 cand_pre=45 cand_cap=20 cand=45->20 pre=45 pick(must/bucket/top/rand)=1/5/10/4 depth0=11 depth=3 dlog=5 dper=3 sims=1804 loop=1784 gen_time=0 eval_time=0.017 best_avg=0.28765 best_move=7,5 leader=1 inc2=1 attack_w=0.2 S0=103541 SA=77802 ratio=1.33082 my_comp=23 my_front=37 leader_comp=21 comp_gain(sz/front/cut)=0/0/0
DBG t=86 used=0.017 remain=0.252 turn_time=0.016884 end_in=0.016884 cand_pre=48 cand_cap=20 cand=48->20 pre=48 pick(must/bucket/top/rand)=1/6/9/4 depth0=11 depth=3 dlog=5 dper=3 sims=1600 loop=1580 gen_time=0 eval_time=0.017 best_avg=0.319541 best_move=5,8 leader=1 inc2=1 attack_w=0.2 S0=108731 SA=79888 ratio=1.36104 my_comp=25 my_front=39 leader_comp=22 comp_gain(sz/front/cut)=0/0/0
DBG t=99 used=0.013 remain=0.021 turn_time=0.0126 end_in=0.0126 cand_pre=50 cand_cap=16 cand=50->16 pre=48 pick(must/bucket/top/rand)=1/6/5/4 depth0=0 depth=0 dlog=5 dper=4 sims=27196 loop=27180 gen_time=0 eval_time=0.013 best_avg=0.339385 best_move=7,7 leader=1 inc2=1 attack_w=0.2 S0=112179 SA=80187 ratio=1.39896 my_comp=27 my_front=41 leader_comp=22 comp_gain(sz/front/cut)=0/0/0
DBG summary depth_guard_fired=0
Score = 126197
=== CASE 0095.txt ===
DBG hdr N=10 M=3 T=100 U=3 VMAX=2391 TIME_LIMIT=1.94 MAX_CAND=20 UCB_C=0.21 OBJ=log(S0+1)-log(SA+1)
DBG t=0 used=0.024 remain=1.94 turn_time=0.0237456 end_in=0.0237456 cand_pre=4 cand_cap=20 cand=4->4 pre=4 pick(must/bucket/top/rand)=1/2/1/0 depth0=7 depth=6 dlog=1 dper=0 sims=5652 loop=5648 gen_time=0 eval_time=0.024 best_avg=0.52123 best_move=8,3 leader=2 inc2=1 attack_w=0.13 S0=1237 SA=833 ratio=1.48441 my_comp=1 my_front=3 leader_comp=1 comp_gain(sz/front/cut)=1/2/0
DBG t=12 used=0.022 remain=1.665 turn_time=0.0216828 end_in=0.0216828 cand_pre=16 cand_cap=20 cand=16->16 pre=16 pick(must/bucket/top/rand)=1/6/9/0 depth0=7 depth=4 dlog=3 dper=0 sims=5304 loop=5288 gen_time=0 eval_time=0.022 best_avg=0.546293 best_move=9,4 leader=1 inc2=1 attack_w=0.2 S0=25901 SA=12977 ratio=1.99584 my_comp=7 my_front=14 leader_comp=5 comp_gain(sz/front/cut)=0/0/0
DBG t=24 used=0.022 remain=1.401 turn_time=0.0210058 end_in=0.0210058 cand_pre=17 cand_cap=20 cand=17->17 pre=17 pick(must/bucket/top/rand)=1/4/11/1 depth0=7 depth=4 dlog=3 dper=0 sims=5269 loop=5252 gen_time=0 eval_time=0.022 best_avg=0.781165 best_move=6,3 leader=1 inc2=1 attack_w=0.2 S0=34941 SA=19591 ratio=1.78348 my_comp=7 my_front=14 leader_comp=4 comp_gain(sz/front/cut)=0/0/0
DBG t=37 used=0.02 remain=1.129 turn_time=0.0198381 end_in=0.0198381 cand_pre=22 cand_cap=20 cand=22->20 pre=22 pick(must/bucket/top/rand)=1/4/11/4 depth0=10 depth=6 dlog=4 dper=0 sims=2784 loop=2764 gen_time=0 eval_time=0.02 best_avg=0.852943 best_move=6,1 leader=1 inc2=1 attack_w=0.2 S0=54220 SA=24259 ratio=2.235 my_comp=11 my_front=17 leader_comp=7 comp_gain(sz/front/cut)=0/0/0
DBG t=49 used=0.019 remain=0.891 turn_time=0.0189993 end_in=0.0189993 cand_pre=25 cand_cap=20 cand=25->20 pre=25 pick(must/bucket/top/rand)=1/6/9/4 depth0=10 depth=6 dlog=4 dper=0 sims=2444 loop=2424 gen_time=0 eval_time=0.019 best_avg=0.78742 best_move=9,2 leader=1 inc2=1 attack_w=0.2 S0=63114 SA=27967 ratio=2.25669 my_comp=14 my_front=18 leader_comp=9 comp_gain(sz/front/cut)=0/0/0
DBG t=61 used=0.019 remain=0.662 turn_time=0.0184596 end_in=0.0184596 cand_pre=25 cand_cap=20 cand=25->20 pre=25 pick(must/bucket/top/rand)=1/5/10/4 depth0=10 depth=5 dlog=4 dper=1 sims=2724 loop=2704 gen_time=0 eval_time=0.019 best_avg=0.747315 best_move=5,3 leader=1 inc2=1 attack_w=0.2 S0=68665 SA=32541 ratio=2.11007 my_comp=14 my_front=18 leader_comp=10 comp_gain(sz/front/cut)=0/0/0
DBG t=74 used=0.018 remain=0.42 turn_time=0.0175673 end_in=0.0175673 cand_pre=25 cand_cap=20 cand=25->20 pre=25 pick(must/bucket/top/rand)=1/4/11/4 depth0=11 depth=6 dlog=4 dper=1 sims=2144 loop=2124 gen_time=0 eval_time=0.018 best_avg=0.556031 best_move=8,4 leader=1 inc2=1 attack_w=0.2 S0=71622 SA=38730 ratio=1.84924 my_comp=15 my_front=19 leader_comp=12 comp_gain(sz/front/cut)=0/0/0
DBG t=86 used=0.017 remain=0.21 turn_time=0.0163125 end_in=0.0163125 cand_pre=25 cand_cap=20 cand=25->20 pre=25 pick(must/bucket/top/rand)=1/5/10/4 depth0=11 depth=6 dlog=4 dper=1 sims=2044 loop=2024 gen_time=0 eval_time=0.017 best_avg=0.53285 best_move=9,1 leader=1 inc2=1 attack_w=0.2 S0=71526 SA=41728 ratio=1.71408 my_comp=16 my_front=16 leader_comp=13 comp_gain(sz/front/cut)=1/-1/0
DBG depth_guard t=99 remain=0.01 cand_pre=26 depth0=0 depth=0
DBG t=99 used=0.007 remain=0.01 turn_time=0.006 end_in=0.006 cand_pre=26 cand_cap=12 cand=26->12 pre=26 pick(must/bucket/top/rand)=1/4/5/2 depth0=0 depth=0 dlog=4 dper=4 sims=13576 loop=13564 gen_time=0 eval_time=0.007 best_avg=0.577051 best_move=5,4 leader=1 inc2=1 attack_w=0.2 S0=76739 SA=42379 ratio=1.81076 my_comp=17 my_front=15 leader_comp=14 comp_gain(sz/front/cut)=0/0/0
DBG summary depth_guard_fired=1
Score = 146672
=== CASE 0098.txt ===
DBG hdr N=10 M=2 T=100 U=1 VMAX=2363 TIME_LIMIT=1.94 MAX_CAND=20 UCB_C=0.21 OBJ=log(S0+1)-log(SA+1)
DBG t=0 used=0.024 remain=1.94 turn_time=0.0236195 end_in=0.0236195 cand_pre=5 cand_cap=20 cand=5->5 pre=5 pick(must/bucket/top/rand)=1/2/2/0 depth0=7 depth=5 dlog=2 dper=0 sims=8013 loop=8008 gen_time=0 eval_time=0.024 best_avg=0.0416973 best_move=8,3 leader=1 inc2=1 attack_w=0.13 S0=1012 SA=774 ratio=1.3071 my_comp=1 my_front=4 leader_comp=1 comp_gain(sz/front/cut)=1/2/0
DBG t=12 used=0.021 remain=1.673 turn_time=0.0203041 end_in=0.0203041 cand_pre=28 cand_cap=20 cand=28->20 pre=28 pick(must/bucket/top/rand)=1/2/13/4 depth0=7 depth=2 dlog=4 dper=1 sims=4200 loop=4180 gen_time=0 eval_time=0.021 best_avg=0.611091 best_move=6,6 leader=1 inc2=1 attack_w=0.2 S0=19421 SA=10422 ratio=1.86338 my_comp=13 my_front=19 leader_comp=10 comp_gain(sz/front/cut)=1/2/0
DBG t=24 used=0.018 remain=1.428 turn_time=0.0179909 end_in=0.0179909 cand_pre=45 cand_cap=20 cand=45->20 pre=45 pick(must/bucket/top/rand)=1/6/9/4 depth0=7 depth=0 dlog=5 dper=3 sims=49200 loop=49180 gen_time=0 eval_time=0.018 best_avg=0.776527 best_move=4,5 leader=1 inc2=1 attack_w=0.2 S0=30748 SA=14571 ratio=2.11014 my_comp=22 my_front=32 leader_comp=15 comp_gain(sz/front/cut)=2/4/1
DBG t=37 used=0.023 remain=1.164 turn_time=0.0221345 end_in=0.0221345 cand_pre=8 cand_cap=20 cand=8->8 pre=8 pick(must/bucket/top/rand)=1/3/4/0 depth0=10 depth=8 dlog=2 dper=0 sims=3024 loop=3016 gen_time=0 eval_time=0.023 best_avg=0.994926 best_move=0,2 leader=1 inc2=1 attack_w=0.2 S0=35778 SA=13141 ratio=2.72249 my_comp=2 my_front=6 leader_comp=10 comp_gain(sz/front/cut)=2/2/1
DBG t=49 used=0.022 remain=0.898 turn_time=0.0212086 end_in=0.0212086 cand_pre=7 cand_cap=20 cand=7->7 pre=7 pick(must/bucket/top/rand)=1/4/2/0 depth0=10 depth=8 dlog=2 dper=0 sims=2475 loop=2468 gen_time=0 eval_time=0.022 best_avg=1.01977 best_move=1,3 leader=1 inc2=1 attack_w=0.2 S0=37183 SA=12549 ratio=2.96287 my_comp=2 my_front=5 leader_comp=10 comp_gain(sz/front/cut)=5/8/2
DBG t=61 used=0.019 remain=0.654 turn_time=0.0188905 end_in=0.0188905 cand_pre=19 cand_cap=20 cand=19->19 pre=19 pick(must/bucket/top/rand)=1/6/9/3 depth0=10 depth=6 dlog=4 dper=0 sims=2215 loop=2196 gen_time=0 eval_time=0.019 best_avg=1.09576 best_move=1,4 leader=1 inc2=1 attack_w=0.2 S0=38813 SA=12397 ratio=3.13067 my_comp=10 my_front=12 leader_comp=12 comp_gain(sz/front/cut)=1/2/1
DBG t=74 used=0.018 remain=0.407 turn_time=0.0170236 end_in=0.0170236 cand_pre=25 cand_cap=20 cand=25->20 pre=25 pick(must/bucket/top/rand)=1/6/9/4 depth0=11 depth=6 dlog=4 dper=1 sims=2104 loop=2084 gen_time=0 eval_time=0.018 best_avg=1.3183 best_move=2,4 leader=1 inc2=1 attack_w=0.2 S0=42011 SA=10141 ratio=4.14238 my_comp=14 my_front=16 leader_comp=10 comp_gain(sz/front/cut)=1/2/5
DBG t=86 used=0.015 remain=0.195 turn_time=0.0146041 end_in=0.0146041 cand_pre=31 cand_cap=20 cand=31->20 pre=31 pick(must/bucket/top/rand)=1/6/9/4 depth0=11 depth=5 dlog=4 dper=2 sims=1564 loop=1544 gen_time=0 eval_time=0.015 best_avg=1.47857 best_move=2,3 leader=1 inc2=1 attack_w=0.2 S0=43889 SA=9076 ratio=4.8353 my_comp=17 my_front=20 leader_comp=5 comp_gain(sz/front/cut)=1/0/3
DBG t=99 used=0.014 remain=0.023 turn_time=0.0138 end_in=0.0138 cand_pre=74 cand_cap=14 cand=74->14 pre=42 pick(must/bucket/top/rand)=1/6/4/3 depth0=0 depth=0 dlog=6 dper=5 sims=49502 loop=49488 gen_time=0 eval_time=0.014 best_avg=1.79936 best_move=1,4 leader=1 inc2=1 attack_w=0.2 S0=45332 SA=7633 ratio=5.9383 my_comp=39 my_front=54 leader_comp=5 comp_gain(sz/front/cut)=1/0/3
DBG summary depth_guard_fired=0
Score = 276961
=== CASE 0097.txt ===
DBG hdr N=10 M=7 T=100 U=5 VMAX=1552 TIME_LIMIT=1.94 MAX_CAND=20 UCB_C=0.21 OBJ=log(S0+1)-log(SA+1)
DBG t=0 used=0.024 remain=1.94 turn_time=0.0237456 end_in=0.0237456 cand_pre=4 cand_cap=20 cand=4->4 pre=4 pick(must/bucket/top/rand)=1/2/1/0 depth0=7 depth=6 dlog=1 dper=0 sims=3788 loop=3784 gen_time=0 eval_time=0.024 best_avg=-0.328998 best_move=8,4 leader=5 inc2=1 attack_w=0.655086 S0=1005 SA=1166 ratio=0.862039 my_comp=1 my_front=4 leader_comp=1 comp_gain(sz/front/cut)=1/2/0
DBG t=12 used=0.023 remain=1.659 turn_time=0.0220949 end_in=0.0220949 cand_pre=12 cand_cap=20 cand=12->12 pre=12 pick(must/bucket/top/rand)=1/4/7/0 depth0=7 depth=4 dlog=3 dper=0 sims=3288 loop=3276 gen_time=0 eval_time=0.023 best_avg=0.0591365 best_move=6,3 leader=5 inc2=1 attack_w=0.27968 S0=14744 SA=14549 ratio=1.0134 my_comp=4 my_front=10 leader_comp=3 comp_gain(sz/front/cut)=1/2/0
DBG t=24 used=0.021 remain=1.395 turn_time=0.0207965 end_in=0.0207965 cand_pre=18 cand_cap=20 cand=18->18 pre=18 pick(must/bucket/top/rand)=1/7/8/2 depth0=7 depth=3 dlog=4 dper=0 sims=3346 loop=3328 gen_time=0 eval_time=0.021 best_avg=0.110775 best_move=7,4 leader=6 inc2=1 attack_w=0.2 S0=28746 SA=24740 ratio=1.16192 my_comp=7 my_front=14 leader_comp=10 comp_gain(sz/front/cut)=0/0/0
DBG t=37 used=0.02 remain=1.125 turn_time=0.0194196 end_in=0.0194196 cand_pre=25 cand_cap=20 cand=25->20 pre=25 pick(must/bucket/top/rand)=1/8/7/4 depth0=10 depth=6 dlog=4 dper=0 sims=1400 loop=1380 gen_time=0 eval_time=0.02 best_avg=0.234623 best_move=5,4 leader=6 inc2=1 attack_w=0.2 S0=44011 SA=35719 ratio=1.23214 my_comp=12 my_front=18 leader_comp=16 comp_gain(sz/front/cut)=0/0/0
DBG t=49 used=0.019 remain=0.893 turn_time=0.0184728 end_in=0.0184728 cand_pre=30 cand_cap=20 cand=30->20 pre=30 pick(must/bucket/top/rand)=1/7/8/4 depth0=10 depth=5 dlog=4 dper=1 sims=1388 loop=1368 gen_time=0 eval_time=0.019 best_avg=0.266748 best_move=6,2 leader=6 inc2=1 attack_w=0.2 S0=55316 SA=43492 ratio=1.27186 my_comp=14 my_front=20 leader_comp=13 comp_gain(sz/front/cut)=0/0/0
DBG t=61 used=0.018 remain=0.665 turn_time=0.0179891 end_in=0.0179891 cand_pre=30 cand_cap=20 cand=30->20 pre=30 pick(must/bucket/top/rand)=1/7/8/4 depth0=10 depth=5 dlog=4 dper=1 sims=1652 loop=1632 gen_time=0 eval_time=0.018 best_avg=0.147253 best_move=6,1 leader=6 inc2=1 attack_w=0.2 S0=63594 SA=52773 ratio=1.20504 my_comp=14 my_front=21 leader_comp=14 comp_gain(sz/front/cut)=0/0/0
DBG t=74 used=0.018 remain=0.429 turn_time=0.0173002 end_in=0.0173002 cand_pre=31 cand_cap=20 cand=31->20 pre=31 pick(must/bucket/top/rand)=1/7/8/4 depth0=11 depth=6 dlog=4 dper=1 sims=1468 loop=1448 gen_time=0 eval_time=0.018 best_avg=0.212493 best_move=4,5 leader=6 inc2=1 attack_w=0.2 S0=73084 SA=62116 ratio=1.17657 my_comp=16 my_front=25 leader_comp=11 comp_gain(sz/front/cut)=0/0/0
DBG t=86 used=0.017 remain=0.22 turn_time=0.0164764 end_in=0.0164764 cand_pre=31 cand_cap=20 cand=31->20 pre=31 pick(must/bucket/top/rand)=1/7/8/4 depth0=11 depth=5 dlog=4 dper=2 sims=1532 loop=1512 gen_time=0 eval_time=0.017 best_avg=0.184237 best_move=5,2 leader=6 inc2=1 attack_w=0.2 S0=73070 SA=63309 ratio=1.15418 my_comp=16 my_front=25 leader_comp=12 comp_gain(sz/front/cut)=0/0/0
DBG depth_guard t=99 remain=0.012 cand_pre=33 depth0=0 depth=0
DBG t=99 used=0.008 remain=0.012 turn_time=0.0072 end_in=0.0072 cand_pre=33 cand_cap=12 cand=33->12 pre=33 pick(must/bucket/top/rand)=1/5/4/2 depth0=0 depth=0 dlog=4 dper=5 sims=9552 loop=9540 gen_time=0 eval_time=0.008 best_avg=0.131461 best_move=5,4 leader=6 inc2=1 attack_w=0.2 S0=79203 SA=70574 ratio=1.12227 my_comp=17 my_front=26 leader_comp=13 comp_gain(sz/front/cut)=0/0/0
DBG summary depth_guard_fired=1
Score = 108645
=== CASE 0096.txt ===
DBG hdr N=10 M=4 T=100 U=3 VMAX=1888 TIME_LIMIT=1.94 MAX_CAND=20 UCB_C=0.21 OBJ=log(S0+1)-log(SA+1)
DBG t=0 used=0.024 remain=1.94 turn_time=0.0236195 end_in=0.0236195 cand_pre=5 cand_cap=20 cand=5->5 pre=5 pick(must/bucket/top/rand)=1/2/2/0 depth0=7 depth=5 dlog=2 dper=0 sims=5813 loop=5808 gen_time=0 eval_time=0.024 best_avg=-0.0298721 best_move=6,0 leader=1 inc2=1 attack_w=0.85 S0=873 SA=1724 ratio=0.506667 my_comp=1 my_front=4 leader_comp=1 comp_gain(sz/front/cut)=1/1/0
DBG t=12 used=0.022 remain=1.661 turn_time=0.0217534 end_in=0.0217534 cand_pre=15 cand_cap=20 cand=15->15 pre=15 pick(must/bucket/top/rand)=1/6/8/0 depth0=7 depth=4 dlog=3 dper=0 sims=4163 loop=4148 gen_time=0 eval_time=0.022 best_avg=0.349131 best_move=9,3 leader=3 inc2=0 attack_w=0.2 S0=18936 SA=13388 ratio=1.41437 my_comp=8 my_front=12 leader_comp=6 comp_gain(sz/front/cut)=1/1/2
DBG t=24 used=0.021 remain=1.4 turn_time=0.0202724 end_in=0.0202724 cand_pre=23 cand_cap=20 cand=23->20 pre=23 pick(must/bucket/top/rand)=1/6/9/4 depth0=7 depth=3 dlog=4 dper=0 sims=3692 loop=3672 gen_time=0 eval_time=0.021 best_avg=0.423598 best_move=8,3 leader=3 inc2=0 attack_w=0.2 S0=27841 SA=17890 ratio=1.5562 my_comp=12 my_front=18 leader_comp=4 comp_gain(sz/front/cut)=0/0/0
DBG t=37 used=0.02 remain=1.128 turn_time=0.0194714 end_in=0.0194714 cand_pre=25 cand_cap=20 cand=25->20 pre=25 pick(must/bucket/top/rand)=1/5/10/4 depth0=10 depth=6 dlog=4 dper=0 sims=2332 loop=2312 gen_time=0 eval_time=0.02 best_avg=0.273761 best_move=7,0 leader=2 inc2=0 attack_w=0.2 S0=33012 SA=22678 ratio=1.45566 my_comp=12 my_front=20 leader_comp=13 comp_gain(sz/front/cut)=0/0/0
DBG t=49 used=0.02 remain=0.888 turn_time=0.0196144 end_in=0.0196144 cand_pre=19 cand_cap=20 cand=19->19 pre=19 pick(must/bucket/top/rand)=1/4/11/3 depth0=10 depth=6 dlog=4 dper=0 sims=2291 loop=2272 gen_time=0 eval_time=0.02 best_avg=-0.288826 best_move=6,1 leader=2 inc2=0 attack_w=0.72993 S0=30829 SA=36828 ratio=0.837112 my_comp=9 my_front=15 leader_comp=16 comp_gain(sz/front/cut)=1/-2/0
DBG t=61 used=0.019 remain=0.649 turn_time=0.0189624 end_in=0.0189624 cand_pre=17 cand_cap=20 cand=17->17 pre=17 pick(must/bucket/top/rand)=1/5/10/1 depth0=10 depth=7 dlog=3 dper=0 sims=2025 loop=2008 gen_time=0 eval_time=0.019 best_avg=-0.380155 best_move=4,0 leader=2 inc2=0 attack_w=0.85 S0=28726 SA=47641 ratio=0.602976 my_comp=10 my_front=14 leader_comp=18 comp_gain(sz/front/cut)=1/1/0
DBG t=74 used=0.018 remain=0.405 turn_time=0.0175474 end_in=0.0175474 cand_pre=19 cand_cap=20 cand=19->19 pre=19 pick(must/bucket/top/rand)=1/4/11/3 depth0=11 depth=7 dlog=4 dper=0 sims=1747 loop=1728 gen_time=0 eval_time=0.018 best_avg=-0.133345 best_move=2,1 leader=2 inc2=0 attack_w=0.85 S0=35357 SA=45789 ratio=0.772177 my_comp=9 my_front=12 leader_comp=15 comp_gain(sz/front/cut)=0/0/0
DBG t=86 used=0.016 remain=0.202 turn_time=0.0151284 end_in=0.0151284 cand_pre=31 cand_cap=20 cand=31->20 pre=31 pick(must/bucket/top/rand)=1/5/10/4 depth0=11 depth=5 dlog=4 dper=2 sims=1560 loop=1540 gen_time=0 eval_time=0.016 best_avg=0.104553 best_move=0,2 leader=2 inc2=0 attack_w=0.222928 S0=50991 SA=48981 ratio=1.04104 my_comp=17 my_front=21 leader_comp=19 comp_gain(sz/front/cut)=1/1/0
DBG depth_guard t=99 remain=0.011 cand_pre=34 depth0=0 depth=0
DBG t=99 used=0.007 remain=0.011 turn_time=0.0066 end_in=0.0066 cand_pre=34 cand_cap=12 cand=34->12 pre=34 pick(must/bucket/top/rand)=1/7/2/2 depth0=0 depth=0 dlog=4 dper=5 sims=8020 loop=8008 gen_time=0 eval_time=0.007 best_avg=0.237807 best_move=6,1 leader=2 inc2=1 attack_w=0.2 S0=64589 SA=50721 ratio=1.27341 my_comp=19 my_front=23 leader_comp=18 comp_gain(sz/front/cut)=0/0/0
DBG summary depth_guard_fired=1
Score = 119338
=== CASE 0099.txt ===
DBG hdr N=10 M=5 T=100 U=3 VMAX=2063 TIME_LIMIT=1.94 MAX_CAND=20 UCB_C=0.21 OBJ=log(S0+1)-log(SA+1)
DBG t=0 used=0.024 remain=1.94 turn_time=0.0236195 end_in=0.0236195 cand_pre=5 cand_cap=20 cand=5->5 pre=5 pick(must/bucket/top/rand)=1/2/2/0 depth0=7 depth=5 dlog=2 dper=0 sims=5693 loop=5688 gen_time=0 eval_time=0.024 best_avg=0.0281139 best_move=6,4 leader=2 inc2=1 attack_w=0.13 S0=2063 SA=1222 ratio=1.68765 my_comp=1 my_front=4 leader_comp=1 comp_gain(sz/front/cut)=1/2/0
DBG t=12 used=0.023 remain=1.659 turn_time=0.0220949 end_in=0.0220949 cand_pre=12 cand_cap=20 cand=12->12 pre=12 pick(must/bucket/top/rand)=1/7/4/0 depth0=7 depth=4 dlog=3 dper=0 sims=4200 loop=4188 gen_time=0 eval_time=0.023 best_avg=0.340834 best_move=7,5 leader=1 inc2=1 attack_w=0.2 S0=20140 SA=13426 ratio=1.50004 my_comp=4 my_front=10 leader_comp=7 comp_gain(sz/front/cut)=1/2/0
DBG t=24 used=0.021 remain=1.399 turn_time=0.0206168 end_in=0.0206168 cand_pre=20 cand_cap=20 cand=20->20 pre=20 pick(must/bucket/top/rand)=1/4/11/4 depth0=7 depth=3 dlog=4 dper=0 sims=4220 loop=4200 gen_time=0 eval_time=0.021 best_avg=0.330738 best_move=5,4 leader=3 inc2=0 attack_w=0.2 S0=32452 SA=24403 ratio=1.32982 my_comp=9 my_front=18 leader_comp=8 comp_gain(sz/front/cut)=0/0/0
DBG t=37 used=0.021 remain=1.124 turn_time=0.020678 end_in=0.020678 cand_pre=14 cand_cap=20 cand=14->14 pre=14 pick(must/bucket/top/rand)=1/4/9/0 depth0=10 depth=7 dlog=3 dper=0 sims=1846 loop=1832 gen_time=0 eval_time=0.021 best_avg=-0.303379 best_move=8,4 leader=3 inc2=0 attack_w=0.323109 S0=32259 SA=32479 ratio=0.993227 my_comp=6 my_front=12 leader_comp=13 comp_gain(sz/front/cut)=0/0/0
DBG t=49 used=0.02 remain=0.878 turn_time=0.0192816 end_in=0.0192816 cand_pre=20 cand_cap=20 cand=20->20 pre=20 pick(must/bucket/top/rand)=1/6/9/4 depth0=10 depth=6 dlog=4 dper=0 sims=1976 loop=1956 gen_time=0 eval_time=0.02 best_avg=-0.198361 best_move=8,3 leader=3 inc2=1 attack_w=0.741297 S0=33978 SA=40768 ratio=0.833452 my_comp=9 my_front=15 leader_comp=15 comp_gain(sz/front/cut)=0/0/0
DBG t=61 used=0.019 remain=0.647 turn_time=0.0186883 end_in=0.0186883 cand_pre=19 cand_cap=20 cand=19->19 pre=19 pick(must/bucket/top/rand)=1/6/9/3 depth0=10 depth=6 dlog=4 dper=0 sims=1811 loop=1792 gen_time=0 eval_time=0.019 best_avg=-0.269367 best_move=8,7 leader=3 inc2=1 attack_w=0.85 S0=33471 SA=44207 ratio=0.757148 my_comp=9 my_front=15 leader_comp=16 comp_gain(sz/front/cut)=1/2/0
DBG t=74 used=0.018 remain=0.406 turn_time=0.0177937 end_in=0.0177937 cand_pre=17 cand_cap=20 cand=17->17 pre=17 pick(must/bucket/top/rand)=1/7/8/1 depth0=11 depth=8 dlog=3 dper=0 sims=1237 loop=1220 gen_time=0 eval_time=0.018 best_avg=-0.340723 best_move=6,6 leader=3 inc2=1 attack_w=0.85 S0=33973 SA=43959 ratio=0.772839 my_comp=8 my_front=14 leader_comp=17 comp_gain(sz/front/cut)=1/0/1
DBG t=86 used=0.016 remain=0.2 turn_time=0.01535 end_in=0.01535 cand_pre=27 cand_cap=20 cand=27->20 pre=27 pick(must/bucket/top/rand)=1/6/9/4 depth0=11 depth=6 dlog=4 dper=1 sims=1212 loop=1192 gen_time=0 eval_time=0.016 best_avg=-0.167745 best_move=7,6 leader=1 inc2=1 attack_w=0.85 S0=44034 SA=55938 ratio=0.787197 my_comp=14 my_front=21 leader_comp=18 comp_gain(sz/front/cut)=0/0/0
DBG depth_guard t=99 remain=0.011 cand_pre=31 depth0=0 depth=0
DBG t=99 used=0.007 remain=0.011 turn_time=0.0066 end_in=0.0066 cand_pre=31 cand_cap=12 cand=31->12 pre=31 pick(must/bucket/top/rand)=1/3/6/2 depth0=0 depth=0 dlog=4 dper=5 sims=6692 loop=6680 gen_time=0 eval_time=0.007 best_avg=-0.0943566 best_move=9,9 leader=1 inc2=0 attack_w=0.518824 S0=55676 SA=61085 ratio=0.911453 my_comp=17 my_front=24 leader_comp=22 comp_gain(sz/front/cut)=1/0/0
DBG summary depth_guard_fired=1
Score = 92923
=== CASE 0100.txt ===
DBG hdr N=10 M=6 T=100 U=5 VMAX=2118 TIME_LIMIT=1.94 MAX_CAND=20 UCB_C=0.21 OBJ=log(S0+1)-log(SA+1)
DBG t=0 used=0.024 remain=1.94 turn_time=0.0236195 end_in=0.0236195 cand_pre=5 cand_cap=20 cand=5->5 pre=5 pick(must/bucket/top/rand)=1/2/2/0 depth0=7 depth=5 dlog=2 dper=0 sims=4625 loop=4620 gen_time=0 eval_time=0.024 best_avg=-0.362068 best_move=2,6 leader=3 inc2=1 attack_w=0.85 S0=962 SA=1270 ratio=0.757671 my_comp=1 my_front=4 leader_comp=1 comp_gain(sz/front/cut)=1/2/0
DBG t=12 used=0.022 remain=1.666 turn_time=0.0213267 end_in=0.0213267 cand_pre=19 cand_cap=20 cand=19->19 pre=19 pick(must/bucket/top/rand)=1/7/8/3 depth0=7 depth=3 dlog=4 dper=0 sims=4059 loop=4040 gen_time=0 eval_time=0.022 best_avg=0.0589982 best_move=6,5 leader=5 inc2=1 attack_w=0.218125 S0=17004 SA=16296 ratio=1.04344 my_comp=7 my_front=16 leader_comp=2 comp_gain(sz/front/cut)=1/2/0
DBG t=24 used=0.021 remain=1.412 turn_time=0.0203254 end_in=0.0203254 cand_pre=24 cand_cap=20 cand=24->20 pre=24 pick(must/bucket/top/rand)=1/7/8/4 depth0=7 depth=3 dlog=4 dper=0 sims=3528 loop=3508 gen_time=0 eval_time=0.021 best_avg=0.165848 best_move=4,5 leader=4 inc2=1 attack_w=0.2 S0=29254 SA=21445 ratio=1.36412 my_comp=10 my_front=22 leader_comp=5 comp_gain(sz/front/cut)=0/0/0
DBG t=37 used=0.02 remain=1.142 turn_time=0.0199487 end_in=0.0199487 cand_pre=23 cand_cap=20 cand=23->20 pre=23 pick(must/bucket/top/rand)=1/7/8/4 depth0=10 depth=6 dlog=4 dper=0 sims=1776 loop=1756 gen_time=0 eval_time=0.02 best_avg=-0.198434 best_move=5,3 leader=4 inc2=1 attack_w=0.269119 S0=30553 SA=30000 ratio=1.01843 my_comp=9 my_front=20 leader_comp=10 comp_gain(sz/front/cut)=0/0/0
DBG t=49 used=0.02 remain=0.902 turn_time=0.0194637 end_in=0.0194637 cand_pre=23 cand_cap=20 cand=23->20 pre=23 pick(must/bucket/top/rand)=1/7/8/4 depth0=10 depth=6 dlog=4 dper=0 sims=1732 loop=1712 gen_time=0 eval_time=0.02 best_avg=-0.226383 best_move=5,4 leader=4 inc2=1 attack_w=0.368636 S0=37402 SA=38443 ratio=0.972922 my_comp=9 my_front=20 leader_comp=13 comp_gain(sz/front/cut)=0/0/0
DBG t=61 used=0.019 remain=0.671 turn_time=0.0184869 end_in=0.0184869 cand_pre=27 cand_cap=20 cand=27->20 pre=27 pick(must/bucket/top/rand)=1/6/9/4 depth0=10 depth=5 dlog=4 dper=1 sims=1796 loop=1776 gen_time=0 eval_time=0.019 best_avg=-0.121045 best_move=7,4 leader=4 inc2=1 attack_w=0.508421 S0=43465 SA=47479 ratio=0.915459 my_comp=11 my_front=22 leader_comp=15 comp_gain(sz/front/cut)=1/2/0
DBG t=74 used=0.018 remain=0.433 turn_time=0.0173533 end_in=0.0173533 cand_pre=32 cand_cap=20 cand=32->20 pre=32 pick(must/bucket/top/rand)=1/8/7/4 depth0=11 depth=5 dlog=4 dper=2 sims=1540 loop=1520 gen_time=0 eval_time=0.018 best_avg=-0.0671873 best_move=6,3 leader=4 inc2=1 attack_w=0.264393 S0=57050 SA=55893 ratio=1.0207 my_comp=13 my_front=26 leader_comp=17 comp_gain(sz/front/cut)=1/-2/0
DBG t=86 used=0.017 remain=0.222 turn_time=0.0166262 end_in=0.0166262 cand_pre=31 cand_cap=20 cand=31->20 pre=31 pick(must/bucket/top/rand)=1/6/9/4 depth0=11 depth=5 dlog=4 dper=2 sims=1372 loop=1352 gen_time=0 eval_time=0.017 best_avg=-0.0992697 best_move=6,3 leader=4 inc2=1 attack_w=0.286905 S0=62587 SA=61968 ratio=1.00999 my_comp=15 my_front=24 leader_comp=19 comp_gain(sz/front/cut)=0/0/0
DBG depth_guard t=99 remain=0.011 cand_pre=25 depth0=0 depth=0
DBG t=99 used=0.007 remain=0.011 turn_time=0.0066 end_in=0.0066 cand_pre=25 cand_cap=12 cand=25->12 pre=25 pick(must/bucket/top/rand)=1/6/3/2 depth0=0 depth=0 dlog=4 dper=4 sims=6296 loop=6284 gen_time=0 eval_time=0.007 best_avg=-0.042623 best_move=6,3 leader=4 inc2=1 attack_w=0.363727 S0=69778 SA=71562 ratio=0.975071 my_comp=12 my_front=22 leader_comp=21 comp_gain(sz/front/cut)=0/0/0
DBG summary depth_guard_fired=1
Score = 97424
=== CASE 0101.txt ===
DBG hdr N=10 M=5 T=100 U=5 VMAX=1598 TIME_LIMIT=1.94 MAX_CAND=20 UCB_C=0.21 OBJ=log(S0+1)-log(SA+1)
DBG t=0 used=0.024 remain=1.94 turn_time=0.0236195 end_in=0.0236195 cand_pre=5 cand_cap=20 cand=5->5 pre=5 pick(must/bucket/top/rand)=1/2/2/0 depth0=7 depth=5 dlog=2 dper=0 sims=5101 loop=5096 gen_time=0 eval_time=0.024 best_avg=-0.167319 best_move=6,3 leader=3 inc2=1 attack_w=0.85 S0=615 SA=1376 ratio=0.447349 my_comp=1 my_front=4 leader_comp=1 comp_gain(sz/front/cut)=1/2/0
DBG t=12 used=0.023 remain=1.662 turn_time=0.0221348 end_in=0.0221348 cand_pre=12 cand_cap=20 cand=12->12 pre=12 pick(must/bucket/top/rand)=1/2/9/0 depth0=7 depth=4 dlog=3 dper=0 sims=4332 loop=4320 gen_time=0 eval_time=0.023 best_avg=0.0615097 best_move=6,2 leader=4 inc2=0 attack_w=0.2 S0=17781 SA=16426 ratio=1.08249 my_comp=4 my_front=10 leader_comp=5 comp_gain(sz/front/cut)=0/0/0
DBG t=24 used=0.021 remain=1.395 turn_time=0.0207965 end_in=0.0207965 cand_pre=18 cand_cap=20 cand=18->18 pre=18 pick(must/bucket/top/rand)=1/2/13/2 depth0=7 depth=3 dlog=4 dper=0 sims=3702 loop=3684 gen_time=0 eval_time=0.021 best_avg=0.0991114 best_move=8,3 leader=4 inc2=1 attack_w=0.2 S0=34797 SA=30965 ratio=1.12375 my_comp=7 my_front=14 leader_comp=7 comp_gain(sz/front/cut)=0/0/0
DBG t=37 used=0.02 remain=1.122 turn_time=0.0199467 end_in=0.0199467 cand_pre=20 cand_cap=20 cand=20->20 pre=20 pick(must/bucket/top/rand)=1/3/12/4 depth0=10 depth=6 dlog=4 dper=0 sims=1920 loop=1900 gen_time=0 eval_time=0.02 best_avg=0.0735966 best_move=5,2 leader=1 inc2=1 attack_w=0.270806 S0=46419 SA=45615 ratio=1.01763 my_comp=9 my_front=13 leader_comp=9 comp_gain(sz/front/cut)=1/2/0
DBG t=49 used=0.02 remain=0.881 turn_time=0.0190106 end_in=0.0190106 cand_pre=23 cand_cap=20 cand=23->20 pre=23 pick(must/bucket/top/rand)=1/3/12/4 depth0=10 depth=6 dlog=4 dper=0 sims=1720 loop=1700 gen_time=0 eval_time=0.02 best_avg=0.19958 best_move=5,2 leader=4 inc2=1 attack_w=0.2 S0=58568 SA=51529 ratio=1.1366 my_comp=11 my_front=16 leader_comp=12 comp_gain(sz/front/cut)=0/0/0
DBG t=61 used=0.018 remain=0.652 turn_time=0.0179634 end_in=0.0179634 cand_pre=27 cand_cap=20 cand=27->20 pre=27 pick(must/bucket/top/rand)=1/4/11/4 depth0=10 depth=5 dlog=4 dper=1 sims=1688 loop=1668 gen_time=0 eval_time=0.018 best_avg=0.222952 best_move=9,0 leader=1 inc2=1 attack_w=0.2 S0=71434 SA=57693 ratio=1.23817 my_comp=14 my_front=20 leader_comp=12 comp_gain(sz/front/cut)=1/0/0
DBG t=74 used=0.018 remain=0.418 turn_time=0.0171702 end_in=0.0171702 cand_pre=28 cand_cap=20 cand=28->20 pre=28 pick(must/bucket/top/rand)=1/6/9/4 depth0=11 depth=6 dlog=4 dper=1 sims=1408 loop=1388 gen_time=0 eval_time=0.018 best_avg=0.211872 best_move=8,1 leader=1 inc2=0 attack_w=0.2 S0=84845 SA=67654 ratio=1.2541 my_comp=17 my_front=20 leader_comp=14 comp_gain(sz/front/cut)=0/0/0
DBG t=86 used=0.016 remain=0.215 turn_time=0.0158025 end_in=0.0158025 cand_pre=34 cand_cap=20 cand=34->20 pre=34 pick(must/bucket/top/rand)=1/6/9/4 depth0=11 depth=5 dlog=4 dper=2 sims=1244 loop=1224 gen_time=0 eval_time=0.016 best_avg=0.263724 best_move=4,3 leader=1 inc2=0 attack_w=0.2 S0=95210 SA=74644 ratio=1.27552 my_comp=23 my_front=23 leader_comp=15 comp_gain(sz/front/cut)=1/0/0
DBG depth_guard t=99 remain=0.014 cand_pre=37 depth0=0 depth=0
DBG t=99 used=0.009 remain=0.014 turn_time=0.0084 end_in=0.0084 cand_pre=37 cand_cap=14 cand=37->14 pre=37 pick(must/bucket/top/rand)=1/6/4/3 depth0=0 depth=0 dlog=5 dper=4 sims=10002 loop=9988 gen_time=0 eval_time=0.009 best_avg=0.312908 best_move=6,6 leader=1 inc2=1 attack_w=0.2 S0=101484 SA=74409 ratio=1.36386 my_comp=25 my_front=24 leader_comp=16 comp_gain(sz/front/cut)=0/0/0
DBG summary depth_guard_fired=1
Score = 123898
=== CASE 0104.txt ===
DBG hdr N=10 M=4 T=100 U=2 VMAX=2650 TIME_LIMIT=1.94 MAX_CAND=20 UCB_C=0.21 OBJ=log(S0+1)-log(SA+1)
DBG t=0 used=0.024 remain=1.94 turn_time=0.0238717 end_in=0.0238717 cand_pre=3 cand_cap=20 cand=3->3 pre=3 pick(must/bucket/top/rand)=1/2/0/0 depth0=7 depth=6 dlog=1 dper=0 sims=5331 loop=5328 gen_time=0 eval_time=0.024 best_avg=-0.75416 best_move=1,0 leader=2 inc2=1 attack_w=0.85 S0=768 SA=1833 ratio=0.419302 my_comp=1 my_front=2 leader_comp=1 comp_gain(sz/front/cut)=1/1/0
DBG t=12 used=0.02 remain=1.672 turn_time=0.0194275 end_in=0.0194275 cand_pre=35 cand_cap=20 cand=35->20 pre=35 pick(must/bucket/top/rand)=1/5/10/4 depth0=7 depth=2 dlog=4 dper=1 sims=3684 loop=3664 gen_time=0 eval_time=0.02 best_avg=-0.25252 best_move=6,6 leader=2 inc2=0 attack_w=0.85 S0=13069 SA=20254 ratio=0.645273 my_comp=13 my_front=25 leader_comp=7 comp_gain(sz/front/cut)=0/0/0
DBG t=24 used=0.019 remain=1.439 turn_time=0.0187449 end_in=0.0187449 cand_pre=40 cand_cap=20 cand=40->20 pre=40 pick(must/bucket/top/rand)=1/6/9/4 depth0=7 depth=0 dlog=5 dper=2 sims=38668 loop=38648 gen_time=0 eval_time=0.019 best_avg=0.372804 best_move=6,4 leader=2 inc2=1 attack_w=0.2 S0=26193 SA=17677 ratio=1.48173 my_comp=16 my_front=31 leader_comp=5 comp_gain(sz/front/cut)=0/0/0
DBG t=37 used=0.019 remain=1.192 turn_time=0.0184855 end_in=0.0184855 cand_pre=42 cand_cap=20 cand=42->20 pre=42 pick(must/bucket/top/rand)=1/7/8/4 depth0=10 depth=3 dlog=5 dper=2 sims=2100 loop=2080 gen_time=0 eval_time=0.019 best_avg=0.120507 best_move=7,7 leader=3 inc2=1 attack_w=0.2 S0=27367 SA=23809 ratio=1.14943 my_comp=19 my_front=37 leader_comp=15 comp_gain(sz/front/cut)=1/2/0
DBG t=49 used=0.02 remain=0.957 turn_time=0.0197968 end_in=0.0197968 cand_pre=30 cand_cap=20 cand=30->20 pre=30 pick(must/bucket/top/rand)=1/6/9/4 depth0=10 depth=5 dlog=4 dper=1 sims=2332 loop=2312 gen_time=0 eval_time=0.02 best_avg=0.134141 best_move=2,7 leader=3 inc2=0 attack_w=0.2 S0=34300 SA=32015 ratio=1.07137 my_comp=14 my_front=24 leader_comp=2 comp_gain(sz/front/cut)=0/0/0
DBG t=61 used=0.02 remain=0.715 turn_time=0.0191033 end_in=0.0191033 cand_pre=32 cand_cap=20 cand=32->20 pre=32 pick(must/bucket/top/rand)=1/8/7/4 depth0=10 depth=5 dlog=4 dper=1 sims=1956 loop=1936 gen_time=0 eval_time=0.02 best_avg=0.162698 best_move=6,2 leader=1 inc2=1 attack_w=0.2 S0=39488 SA=31572 ratio=1.25072 my_comp=15 my_front=25 leader_comp=23 comp_gain(sz/front/cut)=0/0/0
DBG t=74 used=0.019 remain=0.465 turn_time=0.0180545 end_in=0.0180545 cand_pre=37 cand_cap=20 cand=37->20 pre=37 pick(must/bucket/top/rand)=1/8/7/4 depth0=11 depth=4 dlog=5 dper=2 sims=1788 loop=1768 gen_time=0 eval_time=0.019 best_avg=0.219062 best_move=3,5 leader=1 inc2=1 attack_w=0.2 S0=45135 SA=36268 ratio=1.24448 my_comp=18 my_front=26 leader_comp=19 comp_gain(sz/front/cut)=10/17/0
DBG t=86 used=0.016 remain=0.269 turn_time=0.0158998 end_in=0.0158998 cand_pre=65 cand_cap=14 cand=65->14 pre=42 pick(must/bucket/top/rand)=1/8/2/3 depth0=11 depth=2 dlog=5 dper=4 sims=1170 loop=1156 gen_time=0 eval_time=0.016 best_avg=0.330251 best_move=6,6 leader=3 inc2=1 attack_w=0.2 S0=52997 SA=37466 ratio=1.41452 my_comp=36 my_front=50 leader_comp=8 comp_gain(sz/front/cut)=0/0/0
DBG t=99 used=0.017 remain=0.028 turn_time=0.0168 end_in=0.0168 cand_pre=59 cand_cap=20 cand=59->20 pre=59 pick(must/bucket/top/rand)=1/8/7/4 depth0=0 depth=0 dlog=5 dper=4 sims=29744 loop=29724 gen_time=0 eval_time=0.017 best_avg=0.388688 best_move=3,6 leader=1 inc2=1 attack_w=0.2 S0=59034 SA=40531 ratio=1.4565 my_comp=32 my_front=45 leader_comp=2 comp_gain(sz/front/cut)=1/-2/0
DBG summary depth_guard_fired=0
Score = 131129
=== CASE 0102.txt ===
DBG hdr N=10 M=2 T=100 U=1 VMAX=1073 TIME_LIMIT=1.94 MAX_CAND=20 UCB_C=0.21 OBJ=log(S0+1)-log(SA+1)
DBG t=0 used=0.024 remain=1.94 turn_time=0.0236195 end_in=0.0236195 cand_pre=5 cand_cap=20 cand=5->5 pre=5 pick(must/bucket/top/rand)=1/2/2/0 depth0=7 depth=5 dlog=2 dper=0 sims=7881 loop=7876 gen_time=0 eval_time=0.024 best_avg=0.109334 best_move=2,7 leader=1 inc2=1 attack_w=0.447251 S0=966 SA=1028 ratio=0.939747 my_comp=1 my_front=4 leader_comp=1 comp_gain(sz/front/cut)=1/2/0
DBG t=12 used=0.021 remain=1.668 turn_time=0.0206131 end_in=0.0206131 cand_pre=25 cand_cap=20 cand=25->20 pre=25 pick(must/bucket/top/rand)=1/4/11/4 depth0=7 depth=3 dlog=4 dper=0 sims=4116 loop=4096 gen_time=0 eval_time=0.021 best_avg=0.143844 best_move=5,5 leader=1 inc2=1 attack_w=0.336323 S0=13236 SA=13407 ratio=0.987246 my_comp=13 my_front=20 leader_comp=13 comp_gain(sz/front/cut)=1/2/1
DBG t=24 used=0.018 remain=1.432 turn_time=0.0174289 end_in=0.0174289 cand_pre=50 cand_cap=20 cand=50->20 pre=50 pick(must/bucket/top/rand)=1/5/10/4 depth0=7 depth=0 dlog=5 dper=3 sims=67064 loop=67044 gen_time=0 eval_time=0.018 best_avg=0.693499 best_move=6,1 leader=1 inc2=1 attack_w=0.2 S0=25760 SA=13475 ratio=1.91162 my_comp=25 my_front=41 leader_comp=5 comp_gain(sz/front/cut)=1/2/0
DBG t=37 used=0.023 remain=1.196 turn_time=0.0223728 end_in=0.0223728 cand_pre=11 cand_cap=20 cand=11->11 pre=11 pick(must/bucket/top/rand)=1/5/5/0 depth0=10 depth=7 dlog=3 dper=0 sims=3459 loop=3448 gen_time=0 eval_time=0.023 best_avg=0.799952 best_move=2,2 leader=1 inc2=1 attack_w=0.2 S0=31910 SA=12364 ratio=2.58075 my_comp=3 my_front=8 leader_comp=5 comp_gain(sz/front/cut)=1/2/0
DBG t=49 used=0.02 remain=0.932 turn_time=0.0197547 end_in=0.0197547 cand_pre=26 cand_cap=20 cand=26->20 pre=26 pick(must/bucket/top/rand)=1/6/9/4 depth0=10 depth=6 dlog=4 dper=0 sims=2628 loop=2608 gen_time=0 eval_time=0.02 best_avg=0.914457 best_move=5,2 leader=1 inc2=1 attack_w=0.2 S0=36923 SA=13435 ratio=2.74814 my_comp=12 my_front=21 leader_comp=10 comp_gain(sz/front/cut)=1/2/2
DBG t=61 used=0.021 remain=0.682 turn_time=0.0209496 end_in=0.0209496 cand_pre=8 cand_cap=20 cand=8->8 pre=8 pick(must/bucket/top/rand)=1/4/3/0 depth0=10 depth=8 dlog=2 dper=0 sims=1988 loop=1980 gen_time=0 eval_time=0.021 best_avg=0.863833 best_move=8,3 leader=1 inc2=1 attack_w=0.2 S0=37811 SA=14488 ratio=2.6097 my_comp=4 my_front=6 leader_comp=12 comp_gain(sz/front/cut)=25/36/1
DBG t=74 used=0.014 remain=0.455 turn_time=0.0130025 end_in=0.0130025 cand_pre=78 cand_cap=14 cand=78->14 pre=42 pick(must/bucket/top/rand)=1/6/4/3 depth0=11 depth=0 dlog=6 dper=5 sims=44070 loop=44056 gen_time=0 eval_time=0.014 best_avg=1.14999 best_move=6,1 leader=1 inc2=1 attack_w=0.2 S0=44037 SA=14212 ratio=3.09843 my_comp=43 my_front=66 leader_comp=8 comp_gain(sz/front/cut)=1/-4/0
DBG t=86 used=0.023 remain=0.268 turn_time=0.0229331 end_in=0.0229331 cand_pre=8 cand_cap=20 cand=8->8 pre=8 pick(must/bucket/top/rand)=1/5/2/0 depth0=11 depth=9 dlog=2 dper=0 sims=1872 loop=1864 gen_time=0 eval_time=0.023 best_avg=0.988838 best_move=0,8 leader=1 inc2=1 attack_w=0.2 S0=45099 SA=14107 ratio=3.19677 my_comp=3 my_front=6 leader_comp=10 comp_gain(sz/front/cut)=2/2/0
DBG depth_guard t=99 remain=0.018 cand_pre=72 depth0=0 depth=0
DBG t=99 used=0.011 remain=0.018 turn_time=0.0108 end_in=0.0108 cand_pre=72 cand_cap=14 cand=72->14 pre=42 pick(must/bucket/top/rand)=1/4/6/3 depth0=0 depth=0 dlog=5 dper=5 sims=38390 loop=38376 gen_time=0 eval_time=0.011 best_avg=1.27048 best_move=2,9 leader=1 inc2=1 attack_w=0.2 S0=46113 SA=13093 ratio=3.52177 my_comp=41 my_front=55 leader_comp=4 comp_gain(sz/front/cut)=1/1/2
DBG summary depth_guard_fired=1
Score = 217772
=== CASE 0103.txt ===
DBG hdr N=10 M=6 T=100 U=1 VMAX=1933 TIME_LIMIT=1.94 MAX_CAND=20 UCB_C=0.21 OBJ=log(S0+1)-log(SA+1)
DBG t=0 used=0.024 remain=1.94 turn_time=0.0236195 end_in=0.0236195 cand_pre=5 cand_cap=20 cand=5->5 pre=5 pick(must/bucket/top/rand)=1/2/2/0 depth0=7 depth=5 dlog=2 dper=0 sims=4281 loop=4276 gen_time=0 eval_time=0.024 best_avg=-0.0519959 best_move=3,1 leader=2 inc2=1 attack_w=0.85 S0=1294 SA=1842 ratio=0.702659 my_comp=1 my_front=4 leader_comp=1 comp_gain(sz/front/cut)=1/2/0
DBG t=12 used=0.021 remain=1.672 turn_time=0.0204155 end_in=0.0204155 cand_pre=27 cand_cap=20 cand=27->20 pre=27 pick(must/bucket/top/rand)=1/3/12/4 depth0=7 depth=3 dlog=4 dper=0 sims=2796 loop=2776 gen_time=0 eval_time=0.021 best_avg=0.11567 best_move=6,1 leader=4 inc2=1 attack_w=0.2 S0=17402 SA=12678 ratio=1.37258 my_comp=13 my_front=22 leader_comp=12 comp_gain(sz/front/cut)=1/2/0
DBG t=24 used=0.021 remain=1.407 turn_time=0.0208551 end_in=0.0208551 cand_pre=19 cand_cap=20 cand=19->19 pre=19 pick(must/bucket/top/rand)=1/4/11/3 depth0=7 depth=3 dlog=4 dper=0 sims=3163 loop=3144 gen_time=0 eval_time=0.021 best_avg=0.801434 best_move=7,6 leader=4 inc2=1 attack_w=0.2 S0=24607 SA=15637 ratio=1.5736 my_comp=8 my_front=16 leader_comp=4 comp_gain(sz/front/cut)=1/2/0
DBG t=37 used=0.019 remain=1.143 turn_time=0.0181973 end_in=0.0181973 cand_pre=38 cand_cap=20 cand=38->20 pre=38 pick(must/bucket/top/rand)=1/5/10/4 depth0=10 depth=3 dlog=5 dper=2 sims=1848 loop=1828 gen_time=0 eval_time=0.019 best_avg=0.973502 best_move=3,5 leader=5 inc2=1 attack_w=0.2 S0=33221 SA=11589 ratio=2.86644 my_comp=20 my_front=28 leader_comp=10 comp_gain(sz/front/cut)=1/2/0
DBG t=49 used=0.023 remain=0.93 turn_time=0.02232 end_in=0.02232 cand_pre=4 cand_cap=20 cand=4->4 pre=4 pick(must/bucket/top/rand)=1/2/1/0 depth0=10 depth=9 dlog=1 dper=0 sims=1176 loop=1172 gen_time=0 eval_time=0.023 best_avg=0.852459 best_move=5,4 leader=5 inc2=1 attack_w=0.2 S0=33559 SA=10992 ratio=3.05285 my_comp=1 my_front=4 leader_comp=6 comp_gain(sz/front/cut)=1/2/0
DBG t=61 used=0.019 remain=0.685 turn_time=0.0185301 end_in=0.0185301 cand_pre=30 cand_cap=20 cand=30->20 pre=30 pick(must/bucket/top/rand)=1/3/12/4 depth0=10 depth=5 dlog=4 dper=1 sims=1524 loop=1504 gen_time=0 eval_time=0.019 best_avg=1.26446 best_move=0,2 leader=4 inc2=1 attack_w=0.2 S0=38185 SA=12968 ratio=2.94441 my_comp=15 my_front=23 leader_comp=13 comp_gain(sz/front/cut)=1/1/0
DBG t=74 used=0.017 remain=0.449 turn_time=0.016872 end_in=0.016872 cand_pre=42 cand_cap=20 cand=42->20 pre=42 pick(must/bucket/top/rand)=1/6/9/4 depth0=11 depth=4 dlog=5 dper=2 sims=1296 loop=1276 gen_time=0 eval_time=0.017 best_avg=1.12189 best_move=5,1 leader=4 inc2=1 attack_w=0.2 S0=42094 SA=10457 ratio=4.02515 my_comp=25 my_front=29 leader_comp=14 comp_gain(sz/front/cut)=1/0/0
DBG t=86 used=0.021 remain=0.239 turn_time=0.0200077 end_in=0.0200077 cand_pre=12 cand_cap=20 cand=12->12 pre=12 pick(must/bucket/top/rand)=1/4/7/0 depth0=11 depth=6 dlog=3 dper=0 sims=1436 loop=1424 gen_time=0 eval_time=0.021 best_avg=1.04885 best_move=0,6 leader=1 inc2=1 attack_w=0.2 S0=40894 SA=13337 ratio=3.06605 my_comp=6 my_front=9 leader_comp=11 comp_gain(sz/front/cut)=1/1/3
DBG depth_guard t=99 remain=0.014 cand_pre=33 depth0=0 depth=0
DBG t=99 used=0.009 remain=0.014 turn_time=0.0084 end_in=0.0084 cand_pre=33 cand_cap=14 cand=33->14 pre=33 pick(must/bucket/top/rand)=1/6/4/3 depth0=0 depth=0 dlog=4 dper=4 sims=11366 loop=11352 gen_time=0 eval_time=0.009 best_avg=1.173 best_move=6,5 leader=2 inc2=1 attack_w=0.2 S0=41096 SA=11975 ratio=3.43161 my_comp=16 my_front=25 leader_comp=10 comp_gain(sz/front/cut)=8/12/1
DBG summary depth_guard_fired=1
Score = 205054
=== CASE 0106.txt ===
DBG hdr N=10 M=4 T=100 U=2 VMAX=2254 TIME_LIMIT=1.94 MAX_CAND=20 UCB_C=0.21 OBJ=log(S0+1)-log(SA+1)
DBG t=0 used=0.024 remain=1.94 turn_time=0.0237456 end_in=0.0237456 cand_pre=4 cand_cap=20 cand=4->4 pre=4 pick(must/bucket/top/rand)=1/2/1/0 depth0=7 depth=6 dlog=1 dper=0 sims=5240 loop=5236 gen_time=0 eval_time=0.024 best_avg=0.190151 best_move=5,0 leader=3 inc2=1 attack_w=0.13 S0=2041 SA=859 ratio=2.37442 my_comp=1 my_front=3 leader_comp=1 comp_gain(sz/front/cut)=0/0/0
DBG t=12 used=0.022 remain=1.66 turn_time=0.021863 end_in=0.021863 cand_pre=14 cand_cap=20 cand=14->14 pre=14 pick(must/bucket/top/rand)=1/4/9/0 depth0=7 depth=4 dlog=3 dper=0 sims=4726 loop=4712 gen_time=0 eval_time=0.022 best_avg=0.315425 best_move=6,0 leader=3 inc2=0 attack_w=0.2 S0=22035 SA=15371 ratio=1.43352 my_comp=7 my_front=10 leader_comp=6 comp_gain(sz/front/cut)=0/0/0
DBG t=24 used=0.021 remain=1.4 turn_time=0.0207513 end_in=0.0207513 cand_pre=19 cand_cap=20 cand=19->19 pre=19 pick(must/bucket/top/rand)=1/3/12/3 depth0=7 depth=3 dlog=4 dper=0 sims=4287 loop=4268 gen_time=0 eval_time=0.021 best_avg=0.512693 best_move=6,0 leader=3 inc2=1 attack_w=0.2 S0=32069 SA=19076 ratio=1.68108 my_comp=10 my_front=14 leader_comp=8 comp_gain(sz/front/cut)=0/0/0
DBG t=37 used=0.02 remain=1.132 turn_time=0.0197741 end_in=0.0197741 cand_pre=23 cand_cap=20 cand=23->20 pre=23 pick(must/bucket/top/rand)=1/3/12/4 depth0=10 depth=6 dlog=4 dper=0 sims=2156 loop=2136 gen_time=0 eval_time=0.02 best_avg=0.499856 best_move=8,0 leader=1 inc2=1 attack_w=0.2 S0=35827 SA=21676 ratio=1.65281 my_comp=12 my_front=16 leader_comp=10 comp_gain(sz/front/cut)=1/1/0
DBG t=49 used=0.019 remain=0.896 turn_time=0.0185349 end_in=0.0185349 cand_pre=30 cand_cap=20 cand=30->20 pre=30 pick(must/bucket/top/rand)=1/6/9/4 depth0=10 depth=5 dlog=4 dper=1 sims=1944 loop=1924 gen_time=0 eval_time=0.019 best_avg=0.390903 best_move=6,0 leader=1 inc2=0 attack_w=0.2 S0=40867 SA=27821 ratio=1.46891 my_comp=15 my_front=21 leader_comp=12 comp_gain(sz/front/cut)=0/0/0
DBG t=61 used=0.018 remain=0.668 turn_time=0.0177363 end_in=0.0177363 cand_pre=33 cand_cap=20 cand=33->20 pre=33 pick(must/bucket/top/rand)=1/6/9/4 depth0=10 depth=4 dlog=4 dper=2 sims=1960 loop=1940 gen_time=0 eval_time=0.018 best_avg=0.441244 best_move=7,0 leader=1 inc2=0 attack_w=0.2 S0=39374 SA=26910 ratio=1.46316 my_comp=17 my_front=25 leader_comp=12 comp_gain(sz/front/cut)=0/0/0
DBG t=74 used=0.017 remain=0.434 turn_time=0.0168509 end_in=0.0168509 cand_pre=37 cand_cap=20 cand=37->20 pre=37 pick(must/bucket/top/rand)=1/6/9/4 depth0=11 depth=4 dlog=5 dper=2 sims=1652 loop=1632 gen_time=0 eval_time=0.017 best_avg=0.607585 best_move=5,1 leader=1 inc2=1 attack_w=0.2 S0=46489 SA=23945 ratio=1.94145 my_comp=19 my_front=29 leader_comp=11 comp_gain(sz/front/cut)=0/0/0
DBG t=86 used=0.017 remain=0.228 turn_time=0.0162287 end_in=0.0162287 cand_pre=39 cand_cap=20 cand=39->20 pre=39 pick(must/bucket/top/rand)=1/5/10/4 depth0=11 depth=4 dlog=5 dper=2 sims=1516 loop=1496 gen_time=0 eval_time=0.017 best_avg=0.817289 best_move=8,1 leader=3 inc2=1 attack_w=0.2 S0=54990 SA=23589 ratio=2.33111 my_comp=22 my_front=27 leader_comp=11 comp_gain(sz/front/cut)=1/0/0
DBG depth_guard t=99 remain=0.016 cand_pre=43 depth0=0 depth=0
DBG t=99 used=0.01 remain=0.016 turn_time=0.0096 end_in=0.0096 cand_pre=43 cand_cap=14 cand=43->14 pre=42 pick(must/bucket/top/rand)=1/6/4/3 depth0=0 depth=0 dlog=5 dper=4 sims=19438 loop=19424 gen_time=0 eval_time=0.01 best_avg=0.842898 best_move=2,4 leader=3 inc2=1 attack_w=0.2 S0=56228 SA=23322 ratio=2.41088 my_comp=26 my_front=30 leader_comp=11 comp_gain(sz/front/cut)=0/0/0
DBG summary depth_guard_fired=1
Score = 176905
=== CASE 0105.txt ===
DBG hdr N=10 M=8 T=100 U=4 VMAX=1638 TIME_LIMIT=1.94 MAX_CAND=20 UCB_C=0.21 OBJ=log(S0+1)-log(SA+1)
DBG t=0 used=0.024 remain=1.94 turn_time=0.0236195 end_in=0.0236195 cand_pre=5 cand_cap=20 cand=5->5 pre=5 pick(must/bucket/top/rand)=1/3/1/0 depth0=7 depth=5 dlog=2 dper=0 sims=4569 loop=4564 gen_time=0 eval_time=0.024 best_avg=-0.465263 best_move=1,1 leader=6 inc2=1 attack_w=0.85 S0=1055 SA=1543 ratio=0.683938 my_comp=1 my_front=4 leader_comp=1 comp_gain(sz/front/cut)=0/0/0
DBG t=12 used=0.023 remain=1.657 turn_time=0.0221906 end_in=0.0221906 cand_pre=11 cand_cap=20 cand=11->11 pre=11 pick(must/bucket/top/rand)=1/3/7/0 depth0=7 depth=4 dlog=3 dper=0 sims=3223 loop=3212 gen_time=0 eval_time=0.023 best_avg=-0.341004 best_move=2,0 leader=6 inc2=1 attack_w=0.85 S0=13554 SA=20083 ratio=0.674915 my_comp=5 my_front=7 leader_comp=4 comp_gain(sz/front/cut)=1/1/0
DBG t=24 used=0.022 remain=1.389 turn_time=0.0210635 end_in=0.0210635 cand_pre=15 cand_cap=20 cand=15->15 pre=15 pick(must/bucket/top/rand)=1/4/10/0 depth0=7 depth=4 dlog=3 dper=0 sims=2639 loop=2624 gen_time=0 eval_time=0.022 best_avg=-0.438435 best_move=2,3 leader=2 inc2=1 attack_w=0.85 S0=21697 SA=33951 ratio=0.639079 my_comp=8 my_front=12 leader_comp=8 comp_gain(sz/front/cut)=0/0/0
DBG t=37 used=0.021 remain=1.113 turn_time=0.0200163 end_in=0.0200163 cand_pre=18 cand_cap=20 cand=18->18 pre=18 pick(must/bucket/top/rand)=1/5/10/2 depth0=10 depth=6 dlog=4 dper=0 sims=1734 loop=1716 gen_time=0 eval_time=0.021 best_avg=-0.248211 best_move=3,3 leader=2 inc2=1 attack_w=0.85 S0=30220 SA=43878 ratio=0.688735 my_comp=10 my_front=14 leader_comp=12 comp_gain(sz/front/cut)=1/2/0
DBG t=49 used=0.019 remain=0.873 turn_time=0.018838 end_in=0.018838 cand_pre=23 cand_cap=20 cand=23->20 pre=23 pick(must/bucket/top/rand)=1/5/10/4 depth0=10 depth=6 dlog=4 dper=0 sims=1396 loop=1376 gen_time=0 eval_time=0.019 best_avg=-0.104487 best_move=3,5 leader=2 inc2=1 attack_w=0.85 S0=35813 SA=49724 ratio=0.720241 my_comp=13 my_front=17 leader_comp=16 comp_gain(sz/front/cut)=1/2/0
DBG t=61 used=0.018 remain=0.649 turn_time=0.0177726 end_in=0.0177726 cand_pre=28 cand_cap=20 cand=28->20 pre=28 pick(must/bucket/top/rand)=1/5/10/4 depth0=10 depth=5 dlog=4 dper=1 sims=1464 loop=1444 gen_time=0 eval_time=0.018 best_avg=-0.0657823 best_move=3,0 leader=2 inc2=1 attack_w=0.460753 S0=43469 SA=46527 ratio=0.934276 my_comp=15 my_front=21 leader_comp=14 comp_gain(sz/front/cut)=0/0/0
DBG t=74 used=0.017 remain=0.415 turn_time=0.0169432 end_in=0.0169432 cand_pre=29 cand_cap=20 cand=29->20 pre=29 pick(must/bucket/top/rand)=1/4/11/4 depth0=11 depth=6 dlog=4 dper=1 sims=1220 loop=1200 gen_time=0 eval_time=0.017 best_avg=0.0811805 best_move=2,6 leader=2 inc2=1 attack_w=0.466165 S0=45630 SA=48954 ratio=0.932101 my_comp=17 my_front=17 leader_comp=15 comp_gain(sz/front/cut)=0/0/0
DBG t=86 used=0.016 remain=0.211 turn_time=0.0159004 end_in=0.0159004 cand_pre=30 cand_cap=20 cand=30->20 pre=30 pick(must/bucket/top/rand)=1/5/10/4 depth0=11 depth=5 dlog=4 dper=2 sims=1312 loop=1292 gen_time=0 eval_time=0.016 best_avg=0.162186 best_move=4,5 leader=2 inc2=1 attack_w=0.336598 S0=49903 SA=50554 ratio=0.987123 my_comp=18 my_front=19 leader_comp=15 comp_gain(sz/front/cut)=0/0/0
DBG depth_guard t=99 remain=0.012 cand_pre=36 depth0=0 depth=0
DBG t=99 used=0.008 remain=0.012 turn_time=0.0072 end_in=0.0072 cand_pre=36 cand_cap=12 cand=36->12 pre=36 pick(must/bucket/top/rand)=1/4/5/2 depth0=0 depth=0 dlog=5 dper=5 sims=7220 loop=7208 gen_time=0 eval_time=0.008 best_avg=0.238544 best_move=5,5 leader=2 inc2=1 attack_w=0.2 S0=63373 SA=51887 ratio=1.22136 my_comp=20 my_front=23 leader_comp=13 comp_gain(sz/front/cut)=0/0/0
DBG summary depth_guard_fired=1
Score = 116500
=== CASE 0107.txt ===
DBG hdr N=10 M=7 T=100 U=4 VMAX=1471 TIME_LIMIT=1.94 MAX_CAND=20 UCB_C=0.21 OBJ=log(S0+1)-log(SA+1)
DBG t=0 used=0.024 remain=1.94 turn_time=0.0237456 end_in=0.0237456 cand_pre=4 cand_cap=20 cand=4->4 pre=4 pick(must/bucket/top/rand)=1/2/1/0 depth0=7 depth=6 dlog=1 dper=0 sims=4068 loop=4064 gen_time=0 eval_time=0.024 best_avg=-0.336137 best_move=2,2 leader=3 inc2=1 attack_w=0.85 S0=680 SA=1424 ratio=0.477895 my_comp=1 my_front=4 leader_comp=1 comp_gain(sz/front/cut)=1/2/0
DBG t=12 used=0.023 remain=1.659 turn_time=0.0224625 end_in=0.0224625 cand_pre=9 cand_cap=20 cand=9->9 pre=9 pick(must/bucket/top/rand)=1/5/3/0 depth0=7 depth=4 dlog=3 dper=0 sims=3769 loop=3760 gen_time=0 eval_time=0.023 best_avg=-0.802619 best_move=3,4 leader=5 inc2=1 attack_w=0.85 S0=8067 SA=15610 ratio=0.516815 my_comp=3 my_front=8 leader_comp=5 comp_gain(sz/front/cut)=0/0/0
DBG t=24 used=0.022 remain=1.388 turn_time=0.0218793 end_in=0.0218793 cand_pre=8 cand_cap=20 cand=8->8 pre=8 pick(must/bucket/top/rand)=1/5/2/0 depth0=7 depth=5 dlog=2 dper=0 sims=2412 loop=2404 gen_time=0 eval_time=0.022 best_avg=-0.711929 best_move=3,4 leader=4 inc2=1 attack_w=0.85 S0=11591 SA=26630 ratio=0.435282 my_comp=3 my_front=8 leader_comp=11 comp_gain(sz/front/cut)=0/0/0
DBG t=37 used=0.021 remain=1.107 turn_time=0.0205937 end_in=0.0205937 cand_pre=12 cand_cap=20 cand=12->12 pre=12 pick(must/bucket/top/rand)=1/6/5/0 depth0=10 depth=7 dlog=3 dper=0 sims=1524 loop=1512 gen_time=0 eval_time=0.021 best_avg=-0.791224 best_move=3,5 leader=4 inc2=1 attack_w=0.85 S0=15623 SA=36453 ratio=0.428595 my_comp=4 my_front=10 leader_comp=14 comp_gain(sz/front/cut)=0/0/0
DBG t=49 used=0.02 remain=0.861 turn_time=0.0194569 end_in=0.0194569 cand_pre=15 cand_cap=20 cand=15->15 pre=15 pick(must/bucket/top/rand)=1/5/9/0 depth0=10 depth=7 dlog=3 dper=0 sims=1319 loop=1304 gen_time=0 eval_time=0.02 best_avg=-0.747426 best_move=4,3 leader=4 inc2=1 attack_w=0.85 S0=23814 SA=48591 ratio=0.490101 my_comp=6 my_front=12 leader_comp=16 comp_gain(sz/front/cut)=0/0/0
DBG t=61 used=0.018 remain=0.632 turn_time=0.0176231 end_in=0.0176231 cand_pre=25 cand_cap=20 cand=25->20 pre=25 pick(must/bucket/top/rand)=1/6/9/4 depth0=10 depth=5 dlog=4 dper=1 sims=1528 loop=1508 gen_time=0 eval_time=0.018 best_avg=-0.724954 best_move=4,4 leader=4 inc2=1 attack_w=0.85 S0=26899 SA=52803 ratio=0.509431 my_comp=10 my_front=20 leader_comp=18 comp_gain(sz/front/cut)=0/0/0
DBG t=74 used=0.017 remain=0.4 turn_time=0.0164308 end_in=0.0164308 cand_pre=28 cand_cap=20 cand=28->20 pre=28 pick(must/bucket/top/rand)=1/5/10/4 depth0=11 depth=6 dlog=4 dper=1 sims=1260 loop=1240 gen_time=0 eval_time=0.017 best_avg=-1.04297 best_move=3,4 leader=4 inc2=1 attack_w=0.85 S0=20354 SA=60296 ratio=0.337579 my_comp=10 my_front=22 leader_comp=18 comp_gain(sz/front/cut)=0/0/0
DBG t=86 used=0.016 remain=0.201 turn_time=0.0152401 end_in=0.0152401 cand_pre=29 cand_cap=20 cand=29->20 pre=29 pick(must/bucket/top/rand)=1/6/9/4 depth0=11 depth=5 dlog=4 dper=2 sims=1292 loop=1272 gen_time=0 eval_time=0.016 best_avg=-0.821089 best_move=3,4 leader=4 inc2=1 attack_w=0.85 S0=27195 SA=66446 ratio=0.409289 my_comp=11 my_front=24 leader_comp=19 comp_gain(sz/front/cut)=0/0/0
DBG depth_guard t=98 remain=0.019 cand_pre=8 depth0=1 depth=0
DBG depth_guard t=99 remain=0.007 cand_pre=10 depth0=0 depth=0
DBG t=99 used=0.005 remain=0.007 turn_time=0.0042 end_in=0.0042 cand_pre=10 cand_cap=12 cand=10->10 pre=10 pick(must/bucket/top/rand)=1/1/8/0 depth0=0 depth=0 dlog=3 dper=2 sims=4242 loop=4232 gen_time=0 eval_time=0.005 best_avg=-0.825987 best_move=7,5 leader=4 inc2=1 attack_w=0.85 S0=28416 SA=66603 ratio=0.426656 my_comp=3 my_front=8 leader_comp=19 comp_gain(sz/front/cut)=0/0/0
DBG summary depth_guard_fired=2
Score = 53268
=== CASE 0111.txt ===
DBG hdr N=10 M=2 T=100 U=1 VMAX=2340 TIME_LIMIT=1.94 MAX_CAND=20 UCB_C=0.21 OBJ=log(S0+1)-log(SA+1)
DBG t=0 used=0.024 remain=1.94 turn_time=0.0238717 end_in=0.0238717 cand_pre=3 cand_cap=20 cand=3->3 pre=3 pick(must/bucket/top/rand)=1/2/0/0 depth0=7 depth=6 dlog=1 dper=0 sims=7715 loop=7712 gen_time=0 eval_time=0.024 best_avg=-0.0379208 best_move=6,1 leader=1 inc2=1 attack_w=0.13 S0=835 SA=566 ratio=1.47443 my_comp=1 my_front=3 leader_comp=1 comp_gain(sz/front/cut)=1/2/0
DBG t=12 used=0.021 remain=1.669 turn_time=0.0207487 end_in=0.0207487 cand_pre=24 cand_cap=20 cand=24->20 pre=24 pick(must/bucket/top/rand)=1/4/11/4 depth0=7 depth=3 dlog=4 dper=0 sims=4792 loop=4772 gen_time=0 eval_time=0.021 best_avg=0.432582 best_move=5,6 leader=1 inc2=1 attack_w=0.2 S0=12321 SA=8471 ratio=1.45444 my_comp=10 my_front=17 leader_comp=2 comp_gain(sz/front/cut)=1/2/0
DBG t=24 used=0.019 remain=1.426 turn_time=0.0184536 end_in=0.0184536 cand_pre=41 cand_cap=20 cand=41->20 pre=41 pick(must/bucket/top/rand)=1/5/10/4 depth0=7 depth=0 dlog=5 dper=2 sims=83424 loop=83404 gen_time=0 eval_time=0.019 best_avg=1.83591 best_move=9,8 leader=1 inc2=1 attack_w=0.2 S0=34241 SA=5799 ratio=5.90379 my_comp=21 my_front=29 leader_comp=2 comp_gain(sz/front/cut)=1/-1/1
DBG t=37 used=0.018 remain=1.186 turn_time=0.0171688 end_in=0.0171688 cand_pre=52 cand_cap=20 cand=52->20 pre=52 pick(must/bucket/top/rand)=1/6/9/4 depth0=10 depth=2 dlog=5 dper=3 sims=1836 loop=1816 gen_time=0 eval_time=0.018 best_avg=2.4446 best_move=3,6 leader=1 inc2=1 attack_w=0.2 S0=49073 SA=4893 ratio=10.0274 my_comp=34 my_front=26 leader_comp=3 comp_gain(sz/front/cut)=1/2/1
DBG t=49 used=0.016 remain=0.981 turn_time=0.0157922 end_in=0.0157922 cand_pre=66 cand_cap=14 cand=66->14 pre=42 pick(must/bucket/top/rand)=1/6/4/3 depth0=10 depth=1 dlog=5 dper=4 sims=1266 loop=1252 gen_time=0 eval_time=0.016 best_avg=2.6473 best_move=1,8 leader=1 inc2=1 attack_w=0.2 S0=56215 SA=4976 ratio=11.2952 my_comp=44 my_front=32 leader_comp=5 comp_gain(sz/front/cut)=1/2/1
DBG t=61 used=0.015 remain=0.772 turn_time=0.0145789 end_in=0.0145789 cand_pre=79 cand_cap=14 cand=79->14 pre=42 pick(must/bucket/top/rand)=1/6/4/3 depth0=10 depth=0 dlog=6 dper=5 sims=59622 loop=59608 gen_time=0 eval_time=0.015 best_avg=3.07936 best_move=0,7 leader=1 inc2=1 attack_w=0.2 S0=63846 SA=2762 ratio=23.1079 my_comp=54 my_front=38 leader_comp=2 comp_gain(sz/front/cut)=1/1/0
DBG t=74 used=0.016 remain=0.573 turn_time=0.0154269 end_in=0.0154269 cand_pre=89 cand_cap=12 cand=89->12 pre=36 pick(must/bucket/top/rand)=1/4/5/2 depth0=11 depth=0 dlog=6 dper=5 sims=64732 loop=64720 gen_time=0 eval_time=0.016 best_avg=2.85511 best_move=3,2 leader=1 inc2=1 attack_w=0.2 S0=69208 SA=3040 ratio=22.7586 my_comp=64 my_front=50 leader_comp=1 comp_gain(sz/front/cut)=1/0/0
DBG t=86 used=0.019 remain=0.368 turn_time=0.0184 end_in=0.0184 cand_pre=89 cand_cap=12 cand=89->12 pre=36 pick(must/bucket/top/rand)=1/5/4/2 depth0=11 depth=0 dlog=6 dper=5 sims=72380 loop=72368 gen_time=0 eval_time=0.019 best_avg=2.65302 best_move=7,5 leader=1 inc2=1 attack_w=0.2 S0=69432 SA=4738 ratio=14.6514 my_comp=65 my_front=48 leader_comp=2 comp_gain(sz/front/cut)=1/-2/0
DBG t=99 used=0.038 remain=0.062 turn_time=0.0372 end_in=0.0372 cand_pre=97 cand_cap=12 cand=97->12 pre=36 pick(must/bucket/top/rand)=1/5/4/2 depth0=0 depth=0 dlog=6 dper=3 sims=133168 loop=133156 gen_time=0 eval_time=0.038 best_avg=3.11502 best_move=7,3 leader=1 inc2=1 attack_w=0.2 S0=85618 SA=3710 ratio=23.0717 my_comp=76 my_front=45 leader_comp=3 comp_gain(sz/front/cut)=1/-2/0
DBG summary depth_guard_fired=0
Score = 458962
=== CASE 0108.txt ===
DBG hdr N=10 M=5 T=100 U=5 VMAX=1062 TIME_LIMIT=1.94 MAX_CAND=20 UCB_C=0.21 OBJ=log(S0+1)-log(SA+1)
DBG t=0 used=0.024 remain=1.94 turn_time=0.0237456 end_in=0.0237456 cand_pre=4 cand_cap=20 cand=4->4 pre=4 pick(must/bucket/top/rand)=1/2/1/0 depth0=7 depth=6 dlog=1 dper=0 sims=4672 loop=4668 gen_time=0 eval_time=0.024 best_avg=-0.0563697 best_move=9,4 leader=4 inc2=1 attack_w=0.2348 S0=1023 SA=1048 ratio=0.976168 my_comp=1 my_front=3 leader_comp=1 comp_gain(sz/front/cut)=1/1/0
DBG t=12 used=0.022 remain=1.661 turn_time=0.02114 end_in=0.02114 cand_pre=20 cand_cap=20 cand=20->20 pre=20 pick(must/bucket/top/rand)=1/6/9/4 depth0=7 depth=3 dlog=4 dper=0 sims=3796 loop=3776 gen_time=0 eval_time=0.022 best_avg=0.0198338 best_move=8,5 leader=1 inc2=1 attack_w=0.288188 S0=13443 SA=13318 ratio=1.00939 my_comp=9 my_front=15 leader_comp=3 comp_gain(sz/front/cut)=0/0/0
DBG t=24 used=0.02 remain=1.412 turn_time=0.01948 end_in=0.01948 cand_pre=31 cand_cap=20 cand=31->20 pre=31 pick(must/bucket/top/rand)=1/6/9/4 depth0=7 depth=2 dlog=4 dper=1 sims=3164 loop=3144 gen_time=0 eval_time=0.02 best_avg=0.0929551 best_move=6,2 leader=3 inc2=1 attack_w=0.2 S0=23616 SA=21281 ratio=1.10972 my_comp=15 my_front=22 leader_comp=20 comp_gain(sz/front/cut)=0/0/0
DBG t=37 used=0.02 remain=1.145 turn_time=0.0190561 end_in=0.0190561 cand_pre=31 cand_cap=20 cand=31->20 pre=31 pick(must/bucket/top/rand)=1/6/9/4 depth0=10 depth=5 dlog=4 dper=1 sims=1436 loop=1416 gen_time=0 eval_time=0.02 best_avg=-0.104399 best_move=7,2 leader=3 inc2=1 attack_w=0.412373 S0=31737 SA=33261 ratio=0.954182 my_comp=16 my_front=23 leader_comp=29 comp_gain(sz/front/cut)=0/0/0
DBG t=49 used=0.019 remain=0.911 turn_time=0.0180324 end_in=0.0180324 cand_pre=37 cand_cap=20 cand=37->20 pre=37 pick(must/bucket/top/rand)=1/6/9/4 depth0=10 depth=3 dlog=5 dper=2 sims=1936 loop=1916 gen_time=0 eval_time=0.019 best_avg=0.0444805 best_move=5,5 leader=3 inc2=1 attack_w=0.393903 S0=40993 SA=42612 ratio=0.962007 my_comp=20 my_front=27 leader_comp=29 comp_gain(sz/front/cut)=1/2/0
DBG t=61 used=0.019 remain=0.68 turn_time=0.0186215 end_in=0.0186215 cand_pre=28 cand_cap=20 cand=28->20 pre=28 pick(must/bucket/top/rand)=1/6/9/4 depth0=10 depth=5 dlog=4 dper=1 sims=1544 loop=1524 gen_time=0 eval_time=0.019 best_avg=-0.0622313 best_move=5,4 leader=3 inc2=1 attack_w=0.452747 S0=42008 SA=44808 ratio=0.937513 my_comp=11 my_front=22 leader_comp=24 comp_gain(sz/front/cut)=1/-2/0
DBG t=74 used=0.018 remain=0.444 turn_time=0.0175722 end_in=0.0175722 cand_pre=34 cand_cap=20 cand=34->20 pre=34 pick(must/bucket/top/rand)=1/6/9/4 depth0=11 depth=5 dlog=4 dper=2 sims=1472 loop=1452 gen_time=0 eval_time=0.018 best_avg=-0.270618 best_move=7,2 leader=3 inc2=1 attack_w=0.85 S0=40086 SA=55132 ratio=0.727096 my_comp=16 my_front=23 leader_comp=24 comp_gain(sz/front/cut)=0/0/0
DBG t=86 used=0.017 remain=0.229 turn_time=0.0168315 end_in=0.0168315 cand_pre=34 cand_cap=20 cand=34->20 pre=34 pick(must/bucket/top/rand)=1/6/9/4 depth0=11 depth=5 dlog=4 dper=2 sims=1432 loop=1412 gen_time=0 eval_time=0.017 best_avg=-0.345811 best_move=3,4 leader=3 inc2=1 attack_w=0.85 S0=43147 SA=62491 ratio=0.690456 my_comp=16 my_front=23 leader_comp=23 comp_gain(sz/front/cut)=1/2/1
DBG depth_guard t=99 remain=0.016 cand_pre=40 depth0=0 depth=0
DBG t=99 used=0.01 remain=0.016 turn_time=0.0096 end_in=0.0096 cand_pre=40 cand_cap=14 cand=40->14 pre=40 pick(must/bucket/top/rand)=1/6/4/3 depth0=0 depth=0 dlog=5 dper=4 sims=10346 loop=10332 gen_time=0 eval_time=0.01 best_avg=-0.391918 best_move=6,4 leader=3 inc2=1 attack_w=0.85 S0=46208 SA=69583 ratio=0.664075 my_comp=18 my_front=31 leader_comp=19 comp_gain(sz/front/cut)=0/0/0
DBG summary depth_guard_fired=1
Score = 73944
=== CASE 0109.txt ===
DBG hdr N=10 M=8 T=100 U=4 VMAX=2107 TIME_LIMIT=1.94 MAX_CAND=20 UCB_C=0.21 OBJ=log(S0+1)-log(SA+1)
DBG t=0 used=0.024 remain=1.94 turn_time=0.0237456 end_in=0.0237456 cand_pre=4 cand_cap=20 cand=4->4 pre=4 pick(must/bucket/top/rand)=1/2/1/0 depth0=7 depth=6 dlog=1 dper=0 sims=3172 loop=3168 gen_time=0 eval_time=0.024 best_avg=-0.278158 best_move=9,4 leader=5 inc2=1 attack_w=0.697626 S0=1101 SA=1299 ratio=0.847692 my_comp=1 my_front=3 leader_comp=1 comp_gain(sz/front/cut)=1/1/0
DBG t=12 used=0.023 remain=1.659 turn_time=0.0228301 end_in=0.0228301 cand_pre=6 cand_cap=20 cand=6->6 pre=6 pick(must/bucket/top/rand)=1/5/0/0 depth0=7 depth=5 dlog=2 dper=0 sims=3266 loop=3260 gen_time=0 eval_time=0.023 best_avg=-0.137685 best_move=7,0 leader=7 inc2=1 attack_w=0.294034 S0=16060 SA=15954 ratio=1.00664 my_comp=2 my_front=4 leader_comp=4 comp_gain(sz/front/cut)=0/0/0
DBG t=24 used=0.022 remain=1.389 turn_time=0.0211822 end_in=0.0211822 cand_pre=14 cand_cap=20 cand=14->14 pre=14 pick(must/bucket/top/rand)=1/6/7/0 depth0=7 depth=4 dlog=3 dper=0 sims=3178 loop=3164 gen_time=0 eval_time=0.022 best_avg=-0.226138 best_move=8,1 leader=7 inc2=1 attack_w=0.724625 S0=25809 SA=30768 ratio=0.838831 my_comp=6 my_front=10 leader_comp=6 comp_gain(sz/front/cut)=0/0/0
DBG t=37 used=0.021 remain=1.11 turn_time=0.020535 end_in=0.020535 cand_pre=13 cand_cap=20 cand=13->13 pre=13 pick(must/bucket/top/rand)=1/6/6/0 depth0=10 depth=7 dlog=3 dper=0 sims=1681 loop=1668 gen_time=0 eval_time=0.021 best_avg=-0.0899049 best_move=9,1 leader=7 inc2=1 attack_w=0.681147 S0=32585 SA=38192 ratio=0.853193 my_comp=6 my_front=10 leader_comp=8 comp_gain(sz/front/cut)=0/0/0
DBG t=49 used=0.02 remain=0.86 turn_time=0.0197631 end_in=0.0197631 cand_pre=12 cand_cap=20 cand=12->12 pre=12 pick(must/bucket/top/rand)=1/4/7/0 depth0=10 depth=7 dlog=3 dper=0 sims=1672 loop=1660 gen_time=0 eval_time=0.02 best_avg=0.0516794 best_move=9,1 leader=7 inc2=1 attack_w=0.27111 S0=38532 SA=37870 ratio=1.01748 my_comp=7 my_front=8 leader_comp=8 comp_gain(sz/front/cut)=0/0/0
DBG t=61 used=0.019 remain=0.624 turn_time=0.018752 end_in=0.018752 cand_pre=12 cand_cap=20 cand=12->12 pre=12 pick(must/bucket/top/rand)=1/3/8/0 depth0=10 depth=7 dlog=3 dper=0 sims=1456 loop=1444 gen_time=0 eval_time=0.019 best_avg=0.167915 best_move=8,3 leader=7 inc2=1 attack_w=0.2 S0=44357 SA=39841 ratio=1.11335 my_comp=8 my_front=7 leader_comp=9 comp_gain(sz/front/cut)=0/0/0
DBG t=74 used=0.017 remain=0.385 turn_time=0.0169696 end_in=0.0169696 cand_pre=16 cand_cap=20 cand=16->16 pre=16 pick(must/bucket/top/rand)=1/4/11/0 depth0=11 depth=8 dlog=3 dper=0 sims=1076 loop=1060 gen_time=0 eval_time=0.017 best_avg=0.242367 best_move=8,3 leader=4 inc2=1 attack_w=0.2 S0=53923 SA=38232 ratio=1.4104 my_comp=10 my_front=9 leader_comp=27 comp_gain(sz/front/cut)=0/0/0
DBG t=86 used=0.015 remain=0.185 turn_time=0.0149718 end_in=0.0149718 cand_pre=18 cand_cap=20 cand=18->18 pre=18 pick(must/bucket/top/rand)=1/4/11/2 depth0=11 depth=6 dlog=4 dper=0 sims=1194 loop=1176 gen_time=0 eval_time=0.015 best_avg=0.329785 best_move=5,0 leader=4 inc2=1 attack_w=0.2 S0=53432 SA=38687 ratio=1.38113 my_comp=11 my_front=10 leader_comp=29 comp_gain(sz/front/cut)=0/0/0
DBG depth_guard t=98 remain=0.017 cand_pre=16 depth0=1 depth=0
DBG depth_guard t=99 remain=0.007 cand_pre=16 depth0=0 depth=0
DBG t=99 used=0.005 remain=0.007 turn_time=0.0042 end_in=0.0042 cand_pre=16 cand_cap=12 cand=16->12 pre=16 pick(must/bucket/top/rand)=1/4/5/2 depth0=0 depth=0 dlog=3 dper=4 sims=4108 loop=4096 gen_time=0 eval_time=0.005 best_avg=0.202384 best_move=8,2 leader=4 inc2=1 attack_w=0.2 S0=55120 SA=44209 ratio=1.2468 my_comp=11 my_front=10 leader_comp=34 comp_gain(sz/front/cut)=0/0/0
DBG summary depth_guard_fired=2
Score = 118197
=== CASE 0110.txt ===
DBG hdr N=10 M=4 T=100 U=4 VMAX=2343 TIME_LIMIT=1.94 MAX_CAND=20 UCB_C=0.21 OBJ=log(S0+1)-log(SA+1)
DBG t=0 used=0.024 remain=1.94 turn_time=0.0236195 end_in=0.0236195 cand_pre=5 cand_cap=20 cand=5->5 pre=5 pick(must/bucket/top/rand)=1/2/2/0 depth0=7 depth=5 dlog=2 dper=0 sims=5737 loop=5732 gen_time=0 eval_time=0.024 best_avg=-0.44502 best_move=3,4 leader=3 inc2=1 attack_w=0.85 S0=676 SA=1868 ratio=0.362226 my_comp=1 my_front=4 leader_comp=1 comp_gain(sz/front/cut)=1/2/0
DBG t=12 used=0.023 remain=1.663 turn_time=0.0225166 end_in=0.0225166 cand_pre=9 cand_cap=20 cand=9->9 pre=9 pick(must/bucket/top/rand)=1/8/0/0 depth0=7 depth=4 dlog=3 dper=0 sims=5021 loop=5012 gen_time=0 eval_time=0.023 best_avg=-0.0257419 best_move=2,8 leader=3 inc2=1 attack_w=0.85 S0=15321 SA=24479 ratio=0.625899 my_comp=3 my_front=8 leader_comp=9 comp_gain(sz/front/cut)=1/2/2
DBG t=24 used=0.021 remain=1.393 turn_time=0.0208858 end_in=0.0208858 cand_pre=17 cand_cap=20 cand=17->17 pre=17 pick(must/bucket/top/rand)=1/6/9/1 depth0=7 depth=4 dlog=3 dper=0 sims=4289 loop=4272 gen_time=0 eval_time=0.021 best_avg=0.14294 best_move=3,9 leader=1 inc2=1 attack_w=0.25637 S0=37776 SA=36870 ratio=1.02457 my_comp=8 my_front=13 leader_comp=7 comp_gain(sz/front/cut)=0/0/0
DBG t=37 used=0.021 remain=1.119 turn_time=0.0204706 end_in=0.0204706 cand_pre=15 cand_cap=20 cand=15->15 pre=15 pick(must/bucket/top/rand)=1/4/10/0 depth0=10 depth=7 dlog=3 dper=0 sims=2587 loop=2572 gen_time=0 eval_time=0.021 best_avg=0.167646 best_move=0,7 leader=1 inc2=0 attack_w=0.2 S0=59248 SA=50684 ratio=1.16897 my_comp=9 my_front=11 leader_comp=8 comp_gain(sz/front/cut)=0/0/0
DBG t=49 used=0.02 remain=0.873 turn_time=0.0197281 end_in=0.0197281 cand_pre=15 cand_cap=20 cand=15->15 pre=15 pick(must/bucket/top/rand)=1/4/10/0 depth0=10 depth=7 dlog=3 dper=0 sims=2343 loop=2328 gen_time=0 eval_time=0.02 best_avg=0.120718 best_move=0,7 leader=1 inc2=0 attack_w=0.2 S0=62559 SA=53429 ratio=1.17088 my_comp=9 my_front=11 leader_comp=10 comp_gain(sz/front/cut)=1/-1/0
DBG t=61 used=0.019 remain=0.635 turn_time=0.0188709 end_in=0.0188709 cand_pre=14 cand_cap=20 cand=14->14 pre=14 pick(must/bucket/top/rand)=1/4/9/0 depth0=10 depth=7 dlog=3 dper=0 sims=2102 loop=2088 gen_time=0 eval_time=0.019 best_avg=0.0454569 best_move=2,7 leader=1 inc2=0 attack_w=0.208368 S0=64263 SA=61298 ratio=1.04837 my_comp=9 my_front=12 leader_comp=12 comp_gain(sz/front/cut)=0/0/0
DBG t=74 used=0.018 remain=0.393 turn_time=0.017617 end_in=0.017617 cand_pre=13 cand_cap=20 cand=13->13 pre=13 pick(must/bucket/top/rand)=1/3/9/0 depth0=11 depth=8 dlog=3 dper=0 sims=1821 loop=1808 gen_time=0 eval_time=0.018 best_avg=0.0408434 best_move=6,9 leader=1 inc2=0 attack_w=0.2 S0=64654 SA=60660 ratio=1.06584 my_comp=6 my_front=11 leader_comp=10 comp_gain(sz/front/cut)=0/0/0
DBG t=86 used=0.016 remain=0.188 turn_time=0.0154764 end_in=0.0154764 cand_pre=15 cand_cap=20 cand=15->15 pre=15 pick(must/bucket/top/rand)=1/5/9/0 depth0=11 depth=6 dlog=3 dper=0 sims=1779 loop=1764 gen_time=0 eval_time=0.016 best_avg=-0.0730447 best_move=5,8 leader=1 inc2=1 attack_w=0.435219 S0=61728 SA=65343 ratio=0.944677 my_comp=7 my_front=12 leader_comp=16 comp_gain(sz/front/cut)=0/0/0
DBG depth_guard t=98 remain=0.017 cand_pre=18 depth0=1 depth=0
DBG depth_guard t=99 remain=0.007 cand_pre=17 depth0=0 depth=0
DBG t=99 used=0.005 remain=0.007 turn_time=0.0042 end_in=0.0042 cand_pre=17 cand_cap=12 cand=17->12 pre=17 pick(must/bucket/top/rand)=1/3/6/2 depth0=0 depth=0 dlog=3 dper=4 sims=6044 loop=6032 gen_time=0 eval_time=0.005 best_avg=0.0374069 best_move=8,9 leader=3 inc2=1 attack_w=0.2 S0=69027 SA=65450 ratio=1.05465 my_comp=8 my_front=13 leader_comp=11 comp_gain(sz/front/cut)=1/1/0
DBG summary depth_guard_fired=2
Score = 102279
=== CASE 0112.txt ===
DBG hdr N=10 M=8 T=100 U=4 VMAX=1508 TIME_LIMIT=1.94 MAX_CAND=20 UCB_C=0.21 OBJ=log(S0+1)-log(SA+1)
DBG t=0 used=0.024 remain=1.94 turn_time=0.0236195 end_in=0.0236195 cand_pre=5 cand_cap=20 cand=5->5 pre=5 pick(must/bucket/top/rand)=1/2/2/0 depth0=7 depth=5 dlog=2 dper=0 sims=4293 loop=4288 gen_time=0 eval_time=0.024 best_avg=-0.298559 best_move=8,6 leader=1 inc2=1 attack_w=0.85 S0=1009 SA=1306 ratio=0.772762 my_comp=1 my_front=4 leader_comp=1 comp_gain(sz/front/cut)=0/0/0
DBG t=12 used=0.022 remain=1.659 turn_time=0.0218498 end_in=0.0218498 cand_pre=14 cand_cap=20 cand=14->14 pre=14 pick(must/bucket/top/rand)=1/6/7/0 depth0=7 depth=4 dlog=3 dper=0 sims=2950 loop=2936 gen_time=0 eval_time=0.022 best_avg=0.00215471 best_move=6,5 leader=1 inc2=1 attack_w=0.290329 S0=13718 SA=13604 ratio=1.00838 my_comp=6 my_front=14 leader_comp=4 comp_gain(sz/front/cut)=0/0/0
DBG t=24 used=0.021 remain=1.396 turn_time=0.0209308 end_in=0.0209308 cand_pre=17 cand_cap=20 cand=17->17 pre=17 pick(must/bucket/top/rand)=1/5/10/1 depth0=7 depth=4 dlog=3 dper=0 sims=2473 loop=2456 gen_time=0 eval_time=0.021 best_avg=-0.153634 best_move=6,4 leader=1 inc2=1 attack_w=0.386814 S0=23079 SA=23915 ratio=0.965044 my_comp=7 my_front=16 leader_comp=7 comp_gain(sz/front/cut)=0/0/0
DBG t=37 used=0.02 remain=1.124 turn_time=0.0196343 end_in=0.0196343 cand_pre=23 cand_cap=20 cand=23->20 pre=23 pick(must/bucket/top/rand)=1/6/9/4 depth0=10 depth=6 dlog=4 dper=0 sims=1480 loop=1460 gen_time=0 eval_time=0.02 best_avg=-0.0796011 best_move=5,4 leader=6 inc2=1 attack_w=0.731145 S0=32616 SA=38981 ratio=0.83672 my_comp=10 my_front=18 leader_comp=12 comp_gain(sz/front/cut)=0/0/0
DBG t=49 used=0.019 remain=0.884 turn_time=0.0189627 end_in=0.0189627 cand_pre=24 cand_cap=20 cand=24->20 pre=24 pick(must/bucket/top/rand)=1/6/9/4 depth0=10 depth=6 dlog=4 dper=0 sims=1492 loop=1472 gen_time=0 eval_time=0.019 best_avg=0.0546681 best_move=5,4 leader=6 inc2=1 attack_w=0.355775 S0=41513 SA=42422 ratio=0.978573 my_comp=11 my_front=18 leader_comp=13 comp_gain(sz/front/cut)=0/0/0
DBG t=61 used=0.018 remain=0.656 turn_time=0.017855 end_in=0.017855 cand_pre=29 cand_cap=20 cand=29->20 pre=29 pick(must/bucket/top/rand)=1/6/9/4 depth0=10 depth=5 dlog=4 dper=1 sims=1568 loop=1548 gen_time=0 eval_time=0.018 best_avg=0.149814 best_move=5,6 leader=4 inc2=1 attack_w=0.2 S0=48432 SA=45715 ratio=1.05943 my_comp=14 my_front=22 leader_comp=13 comp_gain(sz/front/cut)=0/0/0
DBG t=74 used=0.018 remain=0.422 turn_time=0.0171235 end_in=0.0171235 cand_pre=30 cand_cap=20 cand=30->20 pre=30 pick(must/bucket/top/rand)=1/6/9/4 depth0=11 depth=6 dlog=4 dper=1 sims=1388 loop=1368 gen_time=0 eval_time=0.018 best_avg=0.129303 best_move=5,4 leader=4 inc2=1 attack_w=0.267477 S0=55576 SA=54528 ratio=1.01922 my_comp=15 my_front=24 leader_comp=15 comp_gain(sz/front/cut)=0/0/0
DBG t=86 used=0.017 remain=0.217 turn_time=0.0160502 end_in=0.0160502 cand_pre=33 cand_cap=20 cand=33->20 pre=33 pick(must/bucket/top/rand)=1/6/9/4 depth0=11 depth=5 dlog=4 dper=2 sims=1372 loop=1352 gen_time=0 eval_time=0.017 best_avg=0.129986 best_move=8,5 leader=4 inc2=1 attack_w=0.2 S0=64633 SA=58964 ratio=1.09614 my_comp=16 my_front=26 leader_comp=15 comp_gain(sz/front/cut)=1/0/0
DBG depth_guard t=99 remain=0.013 cand_pre=36 depth0=0 depth=0
DBG t=99 used=0.008 remain=0.013 turn_time=0.0078 end_in=0.0078 cand_pre=36 cand_cap=12 cand=36->12 pre=36 pick(must/bucket/top/rand)=1/6/3/2 depth0=0 depth=0 dlog=5 dper=5 sims=8820 loop=8808 gen_time=0 eval_time=0.008 best_avg=0.146365 best_move=4,4 leader=4 inc2=1 attack_w=0.2 S0=74296 SA=65354 ratio=1.13682 my_comp=19 my_front=26 leader_comp=15 comp_gain(sz/front/cut)=0/0/0
DBG summary depth_guard_fired=1
Score = 109655
=== CASE 0113.txt ===
DBG hdr N=10 M=2 T=100 U=5 VMAX=2124 TIME_LIMIT=1.94 MAX_CAND=20 UCB_C=0.21 OBJ=log(S0+1)-log(SA+1)
DBG t=0 used=0.024 remain=1.94 turn_time=0.0236195 end_in=0.0236195 cand_pre=5 cand_cap=20 cand=5->5 pre=5 pick(must/bucket/top/rand)=1/3/1/0 depth0=7 depth=5 dlog=2 dper=0 sims=9145 loop=9140 gen_time=0 eval_time=0.024 best_avg=0.515993 best_move=4,4 leader=1 inc2=1 attack_w=0.13 S0=1941 SA=594 ratio=3.26387 my_comp=1 my_front=4 leader_comp=1 comp_gain(sz/front/cut)=1/2/0
DBG t=12 used=0.023 remain=1.659 turn_time=0.0222174 end_in=0.0222174 cand_pre=11 cand_cap=20 cand=11->11 pre=11 pick(must/bucket/top/rand)=1/4/6/0 depth0=7 depth=4 dlog=3 dper=0 sims=8119 loop=8108 gen_time=0 eval_time=0.023 best_avg=1.40419 best_move=3,5 leader=1 inc2=1 attack_w=0.2 S0=15595 SA=4443 ratio=3.50945 my_comp=4 my_front=10 leader_comp=5 comp_gain(sz/front/cut)=0/0/0
DBG t=24 used=0.022 remain=1.394 turn_time=0.0213777 end_in=0.0213777 cand_pre=13 cand_cap=20 cand=13->13 pre=13 pick(must/bucket/top/rand)=1/6/6/0 depth0=7 depth=4 dlog=3 dper=0 sims=6589 loop=6576 gen_time=0 eval_time=0.022 best_avg=0.944212 best_move=4,4 leader=1 inc2=1 attack_w=0.2 S0=14501 SA=4209 ratio=3.44466 my_comp=5 my_front=10 leader_comp=2 comp_gain(sz/front/cut)=1/2/1
DBG t=37 used=0.02 remain=1.125 turn_time=0.0196518 end_in=0.0196518 cand_pre=23 cand_cap=20 cand=23->20 pre=23 pick(must/bucket/top/rand)=1/8/7/4 depth0=10 depth=6 dlog=4 dper=0 sims=3484 loop=3464 gen_time=0 eval_time=0.02 best_avg=1.12068 best_move=4,7 leader=1 inc2=1 attack_w=0.2 S0=26910 SA=6450 ratio=4.1716 my_comp=10 my_front=16 leader_comp=2 comp_gain(sz/front/cut)=0/0/0
DBG t=49 used=0.019 remain=0.887 turn_time=0.0185748 end_in=0.0185748 cand_pre=28 cand_cap=20 cand=28->20 pre=28 pick(must/bucket/top/rand)=1/6/9/4 depth0=10 depth=5 dlog=4 dper=1 sims=3336 loop=3316 gen_time=0 eval_time=0.019 best_avg=2.00603 best_move=4,4 leader=1 inc2=1 attack_w=0.2 S0=29369 SA=2967 ratio=9.89555 my_comp=13 my_front=24 leader_comp=1 comp_gain(sz/front/cut)=0/0/0
DBG t=61 used=0.018 remain=0.664 turn_time=0.0175194 end_in=0.0175194 cand_pre=34 cand_cap=20 cand=34->20 pre=34 pick(must/bucket/top/rand)=1/6/9/4 depth0=10 depth=4 dlog=4 dper=2 sims=2848 loop=2828 gen_time=0 eval_time=0.018 best_avg=2.21704 best_move=3,4 leader=1 inc2=1 attack_w=0.2 S0=32846 SA=2382 ratio=13.7839 my_comp=16 my_front=26 leader_comp=3 comp_gain(sz/front/cut)=0/0/0
DBG t=74 used=0.017 remain=0.431 turn_time=0.0166267 end_in=0.0166267 cand_pre=38 cand_cap=20 cand=38->20 pre=38 pick(must/bucket/top/rand)=1/5/10/4 depth0=11 depth=4 dlog=5 dper=2 sims=2276 loop=2256 gen_time=0 eval_time=0.017 best_avg=2.37245 best_move=6,6 leader=1 inc2=1 attack_w=0.2 S0=44800 SA=3419 ratio=13.0997 my_comp=19 my_front=28 leader_comp=1 comp_gain(sz/front/cut)=1/2/0
DBG t=86 used=0.016 remain=0.232 turn_time=0.0156517 end_in=0.0156517 cand_pre=47 cand_cap=20 cand=47->20 pre=47 pick(must/bucket/top/rand)=1/5/10/4 depth0=11 depth=3 dlog=5 dper=3 sims=1864 loop=1844 gen_time=0 eval_time=0.016 best_avg=3.15203 best_move=4,3 leader=1 inc2=1 attack_w=0.13 S0=47440 SA=819 ratio=57.8549 my_comp=25 my_front=34 leader_comp=1 comp_gain(sz/front/cut)=1/0/0
DBG depth_guard t=99 remain=0.018 cand_pre=49 depth0=0 depth=0
DBG t=99 used=0.011 remain=0.018 turn_time=0.0108 end_in=0.0108 cand_pre=49 cand_cap=14 cand=49->14 pre=42 pick(must/bucket/top/rand)=1/4/6/3 depth0=0 depth=0 dlog=5 dper=4 sims=49910 loop=49896 gen_time=0 eval_time=0.011 best_avg=3.44254 best_move=6,6 leader=1 inc2=1 attack_w=0.13 S0=56531 SA=1782 ratio=31.7061 my_comp=27 my_front=36 leader_comp=1 comp_gain(sz/front/cut)=0/0/0
DBG summary depth_guard_fired=1
Score = 467637
=== CASE 0114.txt ===
DBG hdr N=10 M=7 T=100 U=1 VMAX=2188 TIME_LIMIT=1.94 MAX_CAND=20 UCB_C=0.21 OBJ=log(S0+1)-log(SA+1)
DBG t=0 used=0.024 remain=1.94 turn_time=0.0237456 end_in=0.0237456 cand_pre=4 cand_cap=20 cand=4->4 pre=4 pick(must/bucket/top/rand)=1/2/1/0 depth0=7 depth=6 dlog=1 dper=0 sims=3180 loop=3176 gen_time=0 eval_time=0.024 best_avg=-1.09249 best_move=8,1 leader=5 inc2=1 attack_w=0.85 S0=394 SA=2188 ratio=0.180448 my_comp=1 my_front=4 leader_comp=1 comp_gain(sz/front/cut)=1/2/0
DBG t=12 used=0.023 remain=1.667 turn_time=0.0228171 end_in=0.0228171 cand_pre=7 cand_cap=20 cand=7->7 pre=7 pick(must/bucket/top/rand)=1/1/5/0 depth0=7 depth=5 dlog=2 dper=0 sims=2299 loop=2292 gen_time=0 eval_time=0.023 best_avg=-0.567221 best_move=6,4 leader=4 inc2=1 attack_w=0.85 S0=10412 SA=15548 ratio=0.669689 my_comp=2 my_front=6 leader_comp=12 comp_gain(sz/front/cut)=10/17/0
DBG t=24 used=0.023 remain=1.409 turn_time=0.0224513 end_in=0.0224513 cand_pre=6 cand_cap=20 cand=6->6 pre=6 pick(must/bucket/top/rand)=1/1/4/0 depth0=7 depth=5 dlog=2 dper=0 sims=2922 loop=2916 gen_time=0 eval_time=0.023 best_avg=-0.0513858 best_move=0,5 leader=1 inc2=1 attack_w=0.2 S0=15041 SA=13819 ratio=1.08842 my_comp=2 my_front=5 leader_comp=12 comp_gain(sz/front/cut)=1/1/0
DBG t=37 used=0.022 remain=1.123 turn_time=0.0211231 end_in=0.0211231 cand_pre=10 cand_cap=20 cand=10->10 pre=10 pick(must/bucket/top/rand)=1/5/4/0 depth0=10 depth=7 dlog=3 dper=0 sims=1702 loop=1692 gen_time=0 eval_time=0.022 best_avg=-0.267668 best_move=2,3 leader=1 inc2=1 attack_w=0.85 S0=13465 SA=20983 ratio=0.641727 my_comp=4 my_front=8 leader_comp=19 comp_gain(sz/front/cut)=1/2/0
DBG t=49 used=0.018 remain=0.88 turn_time=0.0173067 end_in=0.0173067 cand_pre=38 cand_cap=20 cand=38->20 pre=38 pick(must/bucket/top/rand)=1/2/13/4 depth0=10 depth=3 dlog=5 dper=2 sims=1652 loop=1632 gen_time=0 eval_time=0.018 best_avg=0.170166 best_move=6,2 leader=1 inc2=1 attack_w=0.281054 S0=23985 SA=23683 ratio=1.01275 my_comp=19 my_front=31 leader_comp=22 comp_gain(sz/front/cut)=1/2/0
DBG t=61 used=0.02 remain=0.658 turn_time=0.0199931 end_in=0.0199931 cand_pre=10 cand_cap=20 cand=10->10 pre=10 pick(must/bucket/top/rand)=1/4/5/0 depth0=10 depth=7 dlog=3 dper=0 sims=1650 loop=1640 gen_time=0 eval_time=0.02 best_avg=0.715303 best_move=5,9 leader=5 inc2=1 attack_w=0.2 S0=28044 SA=17841 ratio=1.57185 my_comp=4 my_front=10 leader_comp=7 comp_gain(sz/front/cut)=1/1/0
DBG t=74 used=0.014 remain=0.418 turn_time=0.0139307 end_in=0.0139307 cand_pre=59 cand_cap=16 cand=59->16 pre=48 pick(must/bucket/top/rand)=1/6/5/4 depth0=11 depth=2 dlog=5 dper=4 sims=1400 loop=1384 gen_time=0 eval_time=0.014 best_avg=0.991899 best_move=4,5 leader=2 inc2=1 attack_w=0.2 S0=35765 SA=11821 ratio=3.02538 my_comp=28 my_front=53 leader_comp=8 comp_gain(sz/front/cut)=1/0/0
DBG t=86 used=0.018 remain=0.213 turn_time=0.0173367 end_in=0.0173367 cand_pre=17 cand_cap=20 cand=17->17 pre=17 pick(must/bucket/top/rand)=1/4/11/1 depth0=11 depth=6 dlog=3 dper=0 sims=1413 loop=1396 gen_time=0 eval_time=0.018 best_avg=0.903315 best_move=8,4 leader=3 inc2=1 attack_w=0.2 S0=30473 SA=13343 ratio=2.28372 my_comp=7 my_front=14 leader_comp=7 comp_gain(sz/front/cut)=1/2/0
DBG depth_guard t=99 remain=0.018 cand_pre=64 depth0=0 depth=0
DBG t=99 used=0.011 remain=0.018 turn_time=0.0108 end_in=0.0108 cand_pre=64 cand_cap=14 cand=64->14 pre=42 pick(must/bucket/top/rand)=1/6/4/3 depth0=0 depth=0 dlog=5 dper=5 sims=19430 loop=19416 gen_time=0 eval_time=0.011 best_avg=1.53734 best_move=2,5 leader=4 inc2=1 attack_w=0.2 S0=46049 SA=10123 ratio=4.5486 my_comp=36 my_front=48 leader_comp=5 comp_gain(sz/front/cut)=1/2/1
DBG summary depth_guard_fired=1
Score = 241534
=== CASE 0115.txt ===
DBG hdr N=10 M=8 T=100 U=5 VMAX=1950 TIME_LIMIT=1.94 MAX_CAND=20 UCB_C=0.21 OBJ=log(S0+1)-log(SA+1)
DBG t=0 used=0.024 remain=1.94 turn_time=0.0236195 end_in=0.0236195 cand_pre=5 cand_cap=20 cand=5->5 pre=5 pick(must/bucket/top/rand)=1/2/2/0 depth0=7 depth=5 dlog=2 dper=0 sims=4125 loop=4120 gen_time=0 eval_time=0.024 best_avg=-0.914755 best_move=8,7 leader=2 inc2=1 attack_w=0.85 S0=500 SA=1789 ratio=0.279888 my_comp=1 my_front=4 leader_comp=1 comp_gain(sz/front/cut)=1/2/0
DBG t=12 used=0.021 remain=1.668 turn_time=0.0208595 end_in=0.0208595 cand_pre=23 cand_cap=20 cand=23->20 pre=23 pick(must/bucket/top/rand)=1/4/11/4 depth0=7 depth=3 dlog=4 dper=0 sims=3236 loop=3216 gen_time=0 eval_time=0.021 best_avg=-0.168241 best_move=8,3 leader=3 inc2=1 attack_w=0.77653 S0=16580 SA=20163 ratio=0.822307 my_comp=8 my_front=18 leader_comp=4 comp_gain(sz/front/cut)=0/0/0
DBG t=24 used=0.022 remain=1.414 turn_time=0.0210798 end_in=0.0210798 cand_pre=18 cand_cap=20 cand=18->18 pre=18 pick(must/bucket/top/rand)=1/4/11/2 depth0=7 depth=3 dlog=4 dper=0 sims=3510 loop=3492 gen_time=0 eval_time=0.022 best_avg=0.0963586 best_move=7,3 leader=3 inc2=1 attack_w=0.2 S0=33170 SA=30628 ratio=1.08299 my_comp=6 my_front=14 leader_comp=6 comp_gain(sz/front/cut)=0/0/0
DBG t=37 used=0.021 remain=1.139 turn_time=0.0206014 end_in=0.0206014 cand_pre=17 cand_cap=20 cand=17->17 pre=17 pick(must/bucket/top/rand)=1/4/11/1 depth0=10 depth=7 dlog=3 dper=0 sims=1617 loop=1600 gen_time=0 eval_time=0.021 best_avg=0.23175 best_move=9,1 leader=2 inc2=1 attack_w=0.2 S0=45664 SA=40820 ratio=1.11866 my_comp=7 my_front=15 leader_comp=5 comp_gain(sz/front/cut)=0/0/0
DBG t=49 used=0.02 remain=0.888 turn_time=0.0197275 end_in=0.0197275 cand_pre=18 cand_cap=20 cand=18->18 pre=18 pick(must/bucket/top/rand)=1/5/10/2 depth0=10 depth=6 dlog=4 dper=0 sims=1614 loop=1596 gen_time=0 eval_time=0.02 best_avg=0.39733 best_move=7,4 leader=2 inc2=1 attack_w=0.2 S0=55417 SA=40820 ratio=1.35759 my_comp=8 my_front=14 leader_comp=5 comp_gain(sz/front/cut)=0/0/0
DBG t=61 used=0.019 remain=0.648 turn_time=0.0189332 end_in=0.0189332 cand_pre=17 cand_cap=20 cand=17->17 pre=17 pick(must/bucket/top/rand)=1/4/11/1 depth0=10 depth=7 dlog=3 dper=0 sims=1325 loop=1308 gen_time=0 eval_time=0.019 best_avg=0.458517 best_move=7,3 leader=2 inc2=1 attack_w=0.2 S0=69196 SA=40820 ratio=1.69513 my_comp=10 my_front=14 leader_comp=5 comp_gain(sz/front/cut)=0/0/0
DBG t=74 used=0.018 remain=0.406 turn_time=0.0175907 end_in=0.0175907 cand_pre=19 cand_cap=20 cand=19->19 pre=19 pick(must/bucket/top/rand)=1/5/10/3 depth0=11 depth=7 dlog=4 dper=0 sims=1295 loop=1276 gen_time=0 eval_time=0.018 best_avg=0.457821 best_move=6,2 leader=5 inc2=1 attack_w=0.2 S0=81868 SA=45096 ratio=1.8154 my_comp=11 my_front=14 leader_comp=24 comp_gain(sz/front/cut)=0/0/0
DBG t=86 used=0.017 remain=0.198 turn_time=0.0160239 end_in=0.0160239 cand_pre=18 cand_cap=20 cand=18->18 pre=18 pick(must/bucket/top/rand)=1/3/12/2 depth0=11 depth=6 dlog=4 dper=0 sims=1418 loop=1400 gen_time=0 eval_time=0.017 best_avg=0.40427 best_move=9,4 leader=5 inc2=1 attack_w=0.2 S0=85035 SA=55636 ratio=1.52841 my_comp=12 my_front=13 leader_comp=26 comp_gain(sz/front/cut)=1/1/0
DBG depth_guard t=99 remain=0.008 cand_pre=23 depth0=0 depth=0
DBG t=99 used=0.005 remain=0.008 turn_time=0.0048 end_in=0.0048 cand_pre=23 cand_cap=12 cand=23->12 pre=23 pick(must/bucket/top/rand)=1/3/6/2 depth0=0 depth=0 dlog=4 dper=5 sims=4456 loop=4444 gen_time=0 eval_time=0.005 best_avg=0.387895 best_move=9,5 leader=5 inc2=1 attack_w=0.2 S0=89688 SA=61041 ratio=1.4693 my_comp=14 my_front=15 leader_comp=29 comp_gain(sz/front/cut)=0/0/0
DBG summary depth_guard_fired=1
Score = 132180
=== CASE 0116.txt ===
DBG hdr N=10 M=5 T=100 U=4 VMAX=1772 TIME_LIMIT=1.94 MAX_CAND=20 UCB_C=0.21 OBJ=log(S0+1)-log(SA+1)
DBG t=0 used=0.024 remain=1.94 turn_time=0.0237456 end_in=0.0237456 cand_pre=4 cand_cap=20 cand=4->4 pre=4 pick(must/bucket/top/rand)=1/2/1/0 depth0=7 depth=6 dlog=1 dper=0 sims=4404 loop=4400 gen_time=0 eval_time=0.024 best_avg=-0.553869 best_move=5,5 leader=1 inc2=1 attack_w=0.85 S0=673 SA=1482 ratio=0.454484 my_comp=1 my_front=4 leader_comp=1 comp_gain(sz/front/cut)=1/2/0
DBG t=12 used=0.022 remain=1.667 turn_time=0.0217089 end_in=0.0217089 cand_pre=16 cand_cap=20 cand=16->16 pre=16 pick(must/bucket/top/rand)=1/6/9/0 depth0=7 depth=4 dlog=3 dper=0 sims=3732 loop=3716 gen_time=0 eval_time=0.022 best_avg=0.00770291 best_move=1,5 leader=1 inc2=1 attack_w=0.2 S0=17364 SA=15666 ratio=1.10838 my_comp=5 my_front=12 leader_comp=3 comp_gain(sz/front/cut)=0/0/0
DBG t=24 used=0.021 remain=1.406 turn_time=0.02072 end_in=0.02072 cand_pre=20 cand_cap=20 cand=20->20 pre=20 pick(must/bucket/top/rand)=1/7/8/4 depth0=7 depth=3 dlog=4 dper=0 sims=3260 loop=3240 gen_time=0 eval_time=0.021 best_avg=0.126533 best_move=4,4 leader=1 inc2=1 attack_w=0.2 S0=28977 SA=25137 ratio=1.15276 my_comp=8 my_front=16 leader_comp=6 comp_gain(sz/front/cut)=0/0/0
DBG t=37 used=0.02 remain=1.14 turn_time=0.019561 end_in=0.019561 cand_pre=26 cand_cap=20 cand=26->20 pre=26 pick(must/bucket/top/rand)=1/7/8/4 depth0=10 depth=6 dlog=4 dper=0 sims=1708 loop=1688 gen_time=0 eval_time=0.02 best_avg=0.123894 best_move=2,3 leader=1 inc2=1 attack_w=0.2 S0=44624 SA=36287 ratio=1.22975 my_comp=10 my_front=20 leader_comp=7 comp_gain(sz/front/cut)=0/0/0
DBG t=49 used=0.02 remain=0.9 turn_time=0.0190765 end_in=0.0190765 cand_pre=26 cand_cap=20 cand=26->20 pre=26 pick(must/bucket/top/rand)=1/7/8/4 depth0=10 depth=5 dlog=4 dper=1 sims=1816 loop=1796 gen_time=0 eval_time=0.02 best_avg=0.137291 best_move=3,1 leader=1 inc2=1 attack_w=0.2 S0=52665 SA=45030 ratio=1.16955 my_comp=11 my_front=22 leader_comp=8 comp_gain(sz/front/cut)=0/0/0
DBG t=61 used=0.019 remain=0.671 turn_time=0.0182632 end_in=0.0182632 cand_pre=29 cand_cap=20 cand=29->20 pre=29 pick(must/bucket/top/rand)=1/7/8/4 depth0=10 depth=5 dlog=4 dper=1 sims=1736 loop=1716 gen_time=0 eval_time=0.019 best_avg=0.00606302 best_move=2,1 leader=4 inc2=1 attack_w=0.218416 S0=56119 SA=53790 ratio=1.0433 my_comp=12 my_front=22 leader_comp=17 comp_gain(sz/front/cut)=0/0/0
DBG t=74 used=0.018 remain=0.433 turn_time=0.0173533 end_in=0.0173533 cand_pre=32 cand_cap=20 cand=32->20 pre=32 pick(must/bucket/top/rand)=1/8/7/4 depth0=11 depth=5 dlog=4 dper=2 sims=1536 loop=1516 gen_time=0 eval_time=0.018 best_avg=0.11913 best_move=4,5 leader=4 inc2=1 attack_w=0.2 S0=70637 SA=62583 ratio=1.12869 my_comp=15 my_front=23 leader_comp=18 comp_gain(sz/front/cut)=0/0/0
DBG t=86 used=0.017 remain=0.226 turn_time=0.016611 end_in=0.016611 cand_pre=34 cand_cap=20 cand=34->20 pre=34 pick(must/bucket/top/rand)=1/7/8/4 depth0=11 depth=5 dlog=4 dper=2 sims=1452 loop=1432 gen_time=0 eval_time=0.017 best_avg=0.050635 best_move=4,3 leader=4 inc2=1 attack_w=0.2 S0=74790 SA=67874 ratio=1.10189 my_comp=16 my_front=24 leader_comp=19 comp_gain(sz/front/cut)=0/0/0
DBG depth_guard t=99 remain=0.013 cand_pre=31 depth0=0 depth=0
DBG t=99 used=0.008 remain=0.013 turn_time=0.0078 end_in=0.0078 cand_pre=31 cand_cap=12 cand=31->12 pre=31 pick(must/bucket/top/rand)=1/6/3/2 depth0=0 depth=0 dlog=4 dper=4 sims=7888 loop=7876 gen_time=0 eval_time=0.008 best_avg=0.0252419 best_move=1,5 leader=4 inc2=1 attack_w=0.247358 S0=71350 SA=69342 ratio=1.02896 my_comp=15 my_front=24 leader_comp=19 comp_gain(sz/front/cut)=0/0/0
DBG summary depth_guard_fired=1
Score = 102326
=== CASE 0117.txt ===
DBG hdr N=10 M=8 T=100 U=2 VMAX=1187 TIME_LIMIT=1.94 MAX_CAND=20 UCB_C=0.21 OBJ=log(S0+1)-log(SA+1)
DBG t=0 used=0.024 remain=1.94 turn_time=0.0237456 end_in=0.0237456 cand_pre=4 cand_cap=20 cand=4->4 pre=4 pick(must/bucket/top/rand)=1/2/1/0 depth0=7 depth=6 dlog=1 dper=0 sims=3140 loop=3136 gen_time=0 eval_time=0.024 best_avg=-0.352541 best_move=8,1 leader=3 inc2=1 attack_w=0.250668 S0=1092 SA=1131 ratio=0.965548 my_comp=1 my_front=3 leader_comp=1 comp_gain(sz/front/cut)=1/2/0
DBG t=12 used=0.022 remain=1.659 turn_time=0.0219723 end_in=0.0219723 cand_pre=13 cand_cap=20 cand=13->13 pre=13 pick(must/bucket/top/rand)=1/4/8/0 depth0=7 depth=4 dlog=3 dper=0 sims=2753 loop=2740 gen_time=0 eval_time=0.022 best_avg=-0.414291 best_move=7,2 leader=5 inc2=1 attack_w=0.85 S0=10030 SA=13098 ratio=0.765784 my_comp=6 my_front=12 leader_comp=11 comp_gain(sz/front/cut)=0/0/0
DBG t=24 used=0.021 remain=1.397 turn_time=0.0208263 end_in=0.0208263 cand_pre=18 cand_cap=20 cand=18->18 pre=18 pick(must/bucket/top/rand)=1/5/10/2 depth0=7 depth=3 dlog=4 dper=0 sims=2642 loop=2624 gen_time=0 eval_time=0.021 best_avg=-0.590023 best_move=5,0 leader=5 inc2=1 attack_w=0.85 S0=13470 SA=24816 ratio=0.542813 my_comp=8 my_front=16 leader_comp=22 comp_gain(sz/front/cut)=0/0/0
DBG t=37 used=0.021 remain=1.118 turn_time=0.0202216 end_in=0.0202216 cand_pre=17 cand_cap=20 cand=17->17 pre=17 pick(must/bucket/top/rand)=1/4/11/1 depth0=10 depth=7 dlog=3 dper=0 sims=1253 loop=1236 gen_time=0 eval_time=0.021 best_avg=-0.406295 best_move=7,1 leader=4 inc2=1 attack_w=0.85 S0=19194 SA=31803 ratio=0.60354 my_comp=10 my_front=11 leader_comp=17 comp_gain(sz/front/cut)=0/0/0
DBG t=49 used=0.021 remain=0.869 turn_time=0.0203022 end_in=0.0203022 cand_pre=9 cand_cap=20 cand=9->9 pre=9 pick(must/bucket/top/rand)=1/3/5/0 depth0=10 depth=7 dlog=3 dper=0 sims=1253 loop=1244 gen_time=0 eval_time=0.021 best_avg=-0.582847 best_move=9,4 leader=5 inc2=1 attack_w=0.85 S0=18061 SA=33548 ratio=0.538377 my_comp=5 my_front=6 leader_comp=27 comp_gain(sz/front/cut)=3/5/0
DBG t=61 used=0.019 remain=0.631 turn_time=0.0184365 end_in=0.0184365 cand_pre=17 cand_cap=20 cand=17->17 pre=17 pick(must/bucket/top/rand)=1/2/13/1 depth0=10 depth=7 dlog=3 dper=0 sims=1097 loop=1080 gen_time=0 eval_time=0.019 best_avg=-0.549292 best_move=9,5 leader=5 inc2=1 attack_w=0.85 S0=21446 SA=37871 ratio=0.566302 my_comp=10 my_front=13 leader_comp=30 comp_gain(sz/front/cut)=0/0/0
DBG t=74 used=0.019 remain=0.394 turn_time=0.0180558 end_in=0.0180558 cand_pre=9 cand_cap=20 cand=9->9 pre=9 pick(must/bucket/top/rand)=1/5/3/0 depth0=11 depth=8 dlog=3 dper=0 sims=1041 loop=1032 gen_time=0 eval_time=0.019 best_avg=-0.372622 best_move=5,6 leader=5 inc2=1 attack_w=0.85 S0=23604 SA=36171 ratio=0.652577 my_comp=3 my_front=8 leader_comp=28 comp_gain(sz/front/cut)=1/2/0
DBG t=86 used=0.015 remain=0.196 turn_time=0.014861 end_in=0.014861 cand_pre=29 cand_cap=20 cand=29->20 pre=29 pick(must/bucket/top/rand)=1/5/10/4 depth0=11 depth=5 dlog=4 dper=2 sims=1132 loop=1112 gen_time=0 eval_time=0.015 best_avg=-0.157527 best_move=3,8 leader=5 inc2=1 attack_w=0.277036 S0=28590 SA=28177 ratio=1.01466 my_comp=14 my_front=21 leader_comp=21 comp_gain(sz/front/cut)=1/2/1
DBG depth_guard t=99 remain=0.008 cand_pre=12 depth0=0 depth=0
DBG t=99 used=0.005 remain=0.008 turn_time=0.0048 end_in=0.0048 cand_pre=12 cand_cap=12 cand=12->12 pre=12 pick(must/bucket/top/rand)=1/2/7/2 depth0=0 depth=0 dlog=3 dper=2 sims=4232 loop=4220 gen_time=0 eval_time=0.005 best_avg=-0.0378505 best_move=7,5 leader=4 inc2=1 attack_w=0.396041 S0=24134 SA=25111 ratio=0.961094 my_comp=5 my_front=9 leader_comp=15 comp_gain(sz/front/cut)=0/0/0
DBG summary depth_guard_fired=1
Score = 98423
=== CASE 0118.txt ===
DBG hdr N=10 M=4 T=100 U=2 VMAX=2712 TIME_LIMIT=1.94 MAX_CAND=20 UCB_C=0.21 OBJ=log(S0+1)-log(SA+1)
DBG t=0 used=0.024 remain=1.94 turn_time=0.0237456 end_in=0.0237456 cand_pre=4 cand_cap=20 cand=4->4 pre=4 pick(must/bucket/top/rand)=1/2/1/0 depth0=7 depth=6 dlog=1 dper=0 sims=4648 loop=4644 gen_time=0 eval_time=0.024 best_avg=0.117603 best_move=5,9 leader=3 inc2=1 attack_w=0.85 S0=398 SA=1263 ratio=0.315665 my_comp=1 my_front=3 leader_comp=1 comp_gain(sz/front/cut)=1/1/0
DBG t=12 used=0.022 remain=1.665 turn_time=0.0214369 end_in=0.0214369 cand_pre=18 cand_cap=20 cand=18->18 pre=18 pick(must/bucket/top/rand)=1/4/11/2 depth0=7 depth=3 dlog=4 dper=0 sims=4542 loop=4524 gen_time=0 eval_time=0.022 best_avg=0.652816 best_move=8,8 leader=1 inc2=0 attack_w=0.2 S0=24134 SA=12133 ratio=1.98904 my_comp=8 my_front=14 leader_comp=7 comp_gain(sz/front/cut)=1/2/0
DBG t=24 used=0.021 remain=1.41 turn_time=0.0202966 end_in=0.0202966 cand_pre=24 cand_cap=20 cand=24->20 pre=24 pick(must/bucket/top/rand)=1/5/10/4 depth0=7 depth=3 dlog=4 dper=0 sims=3228 loop=3208 gen_time=0 eval_time=0.021 best_avg=0.631366 best_move=6,9 leader=1 inc2=0 attack_w=0.2 S0=44406 SA=23413 ratio=1.8966 my_comp=15 my_front=17 leader_comp=11 comp_gain(sz/front/cut)=0/0/0
DBG t=37 used=0.02 remain=1.146 turn_time=0.0190727 end_in=0.0190727 cand_pre=31 cand_cap=20 cand=31->20 pre=31 pick(must/bucket/top/rand)=1/5/10/4 depth0=10 depth=5 dlog=4 dper=1 sims=1936 loop=1916 gen_time=0 eval_time=0.02 best_avg=1.03933 best_move=5,4 leader=1 inc2=1 attack_w=0.2 S0=55092 SA=20830 ratio=2.64476 my_comp=19 my_front=20 leader_comp=9 comp_gain(sz/front/cut)=0/0/0
DBG t=49 used=0.019 remain=0.915 turn_time=0.0181116 end_in=0.0181116 cand_pre=37 cand_cap=20 cand=37->20 pre=37 pick(must/bucket/top/rand)=1/8/7/4 depth0=10 depth=3 dlog=5 dper=2 sims=2016 loop=1996 gen_time=0 eval_time=0.019 best_avg=1.20317 best_move=4,3 leader=2 inc2=1 attack_w=0.2 S0=60226 SA=18373 ratio=3.27784 my_comp=23 my_front=24 leader_comp=14 comp_gain(sz/front/cut)=1/2/0
DBG t=61 used=0.022 remain=0.69 turn_time=0.0217704 end_in=0.0217704 cand_pre=3 cand_cap=20 cand=3->3 pre=3 pick(must/bucket/top/rand)=1/2/0/0 depth0=10 depth=9 dlog=1 dper=0 sims=1811 loop=1808 gen_time=0 eval_time=0.022 best_avg=0.900472 best_move=3,4 leader=2 inc2=1 attack_w=0.2 S0=60419 SA=21509 ratio=2.80893 my_comp=1 my_front=4 leader_comp=6 comp_gain(sz/front/cut)=0/0/0
DBG t=74 used=0.016 remain=0.446 turn_time=0.0158673 end_in=0.0158673 cand_pre=50 cand_cap=20 cand=50->20 pre=50 pick(must/bucket/top/rand)=1/8/7/4 depth0=11 depth=3 dlog=5 dper=3 sims=1368 loop=1348 gen_time=0 eval_time=0.016 best_avg=1.14206 best_move=8,6 leader=2 inc2=0 attack_w=0.2 S0=69843 SA=24728 ratio=2.82438 my_comp=30 my_front=36 leader_comp=8 comp_gain(sz/front/cut)=1/2/0
DBG t=86 used=0.017 remain=0.246 turn_time=0.0161394 end_in=0.0161394 cand_pre=51 cand_cap=20 cand=51->20 pre=51 pick(must/bucket/top/rand)=1/8/7/4 depth0=11 depth=3 dlog=5 dper=3 sims=1360 loop=1340 gen_time=0 eval_time=0.017 best_avg=0.996347 best_move=2,3 leader=2 inc2=1 attack_w=0.2 S0=72236 SA=24997 ratio=2.88971 my_comp=32 my_front=38 leader_comp=15 comp_gain(sz/front/cut)=0/0/0
DBG t=99 used=0.013 remain=0.021 turn_time=0.0126 end_in=0.0126 cand_pre=54 cand_cap=16 cand=54->16 pre=48 pick(must/bucket/top/rand)=1/7/4/4 depth0=0 depth=0 dlog=5 dper=4 sims=17284 loop=17268 gen_time=0 eval_time=0.013 best_avg=1.03939 best_move=3,4 leader=1 inc2=1 attack_w=0.2 S0=72515 SA=25567 ratio=2.8362 my_comp=33 my_front=36 leader_comp=12 comp_gain(sz/front/cut)=0/0/0
DBG summary depth_guard_fired=0
Score = 189477
=== CASE 0119.txt ===
DBG hdr N=10 M=8 T=100 U=1 VMAX=2418 TIME_LIMIT=1.94 MAX_CAND=20 UCB_C=0.21 OBJ=log(S0+1)-log(SA+1)
DBG t=0 used=0.024 remain=1.94 turn_time=0.0236195 end_in=0.0236195 cand_pre=5 cand_cap=20 cand=5->5 pre=5 pick(must/bucket/top/rand)=1/2/2/0 depth0=7 depth=5 dlog=2 dper=0 sims=3689 loop=3684 gen_time=0 eval_time=0.024 best_avg=-0.464557 best_move=5,7 leader=1 inc2=1 attack_w=0.85 S0=754 SA=2161 ratio=0.349214 my_comp=1 my_front=4 leader_comp=1 comp_gain(sz/front/cut)=1/2/0
DBG t=12 used=0.023 remain=1.661 turn_time=0.0223669 end_in=0.0223669 cand_pre=10 cand_cap=20 cand=10->10 pre=10 pick(must/bucket/top/rand)=1/2/7/0 depth0=7 depth=4 dlog=3 dper=0 sims=2914 loop=2904 gen_time=0 eval_time=0.023 best_avg=-0.491791 best_move=2,9 leader=5 inc2=1 attack_w=0.85 S0=8429 SA=12877 ratio=0.654605 my_comp=3 my_front=8 leader_comp=4 comp_gain(sz/front/cut)=1/1/0
DBG t=24 used=0.022 remain=1.395 turn_time=0.0215124 end_in=0.0215124 cand_pre=12 cand_cap=20 cand=12->12 pre=12 pick(must/bucket/top/rand)=1/3/8/0 depth0=7 depth=4 dlog=3 dper=0 sims=2624 loop=2612 gen_time=0 eval_time=0.022 best_avg=-0.277903 best_move=1,9 leader=3 inc2=1 attack_w=0.385424 S0=14923 SA=15454 ratio=0.965642 my_comp=6 my_front=13 leader_comp=2 comp_gain(sz/front/cut)=1/-1/0
DBG t=37 used=0.02 remain=1.119 turn_time=0.0193161 end_in=0.0193161 cand_pre=25 cand_cap=20 cand=25->20 pre=25 pick(must/bucket/top/rand)=1/5/10/4 depth0=10 depth=6 dlog=4 dper=0 sims=1624 loop=1604 gen_time=0 eval_time=0.02 best_avg=-0.0293986 best_move=6,6 leader=2 inc2=1 attack_w=0.2 S0=21276 SA=13689 ratio=1.5542 my_comp=11 my_front=22 leader_comp=1 comp_gain(sz/front/cut)=1/2/0
DBG t=49 used=0.021 remain=0.87 turn_time=0.0201038 end_in=0.0201038 cand_pre=11 cand_cap=20 cand=11->11 pre=11 pick(must/bucket/top/rand)=1/3/7/0 depth0=10 depth=7 dlog=3 dper=0 sims=1503 loop=1492 gen_time=0 eval_time=0.021 best_avg=0.114629 best_move=1,9 leader=3 inc2=1 attack_w=0.2 S0=20798 SA=14138 ratio=1.47104 my_comp=4 my_front=9 leader_comp=3 comp_gain(sz/front/cut)=2/-1/0
DBG t=61 used=0.019 remain=0.635 turn_time=0.0189767 end_in=0.0189767 cand_pre=13 cand_cap=20 cand=13->13 pre=13 pick(must/bucket/top/rand)=1/5/7/0 depth0=10 depth=7 dlog=3 dper=0 sims=1261 loop=1248 gen_time=0 eval_time=0.019 best_avg=0.0304715 best_move=4,5 leader=2 inc2=1 attack_w=0.59971 S0=17124 SA=19427 ratio=0.88146 my_comp=5 my_front=12 leader_comp=23 comp_gain(sz/front/cut)=3/4/0
DBG t=74 used=0.017 remain=0.403 turn_time=0.016554 end_in=0.016554 cand_pre=28 cand_cap=20 cand=28->20 pre=28 pick(must/bucket/top/rand)=1/6/9/4 depth0=11 depth=6 dlog=4 dper=1 sims=1088 loop=1068 gen_time=0 eval_time=0.017 best_avg=0.241946 best_move=3,2 leader=2 inc2=1 attack_w=0.2 S0=23733 SA=17569 ratio=1.35083 my_comp=13 my_front=24 leader_comp=21 comp_gain(sz/front/cut)=1/2/0
DBG t=86 used=0.015 remain=0.208 turn_time=0.0141291 end_in=0.0141291 cand_pre=46 cand_cap=20 cand=46->20 pre=46 pick(must/bucket/top/rand)=1/6/9/4 depth0=11 depth=3 dlog=5 dper=3 sims=1784 loop=1764 gen_time=0 eval_time=0.015 best_avg=0.616066 best_move=1,4 leader=2 inc2=1 attack_w=0.2 S0=30956 SA=12854 ratio=2.40817 my_comp=22 my_front=36 leader_comp=6 comp_gain(sz/front/cut)=1/2/0
DBG depth_guard t=99 remain=0.009 cand_pre=23 depth0=0 depth=0
DBG t=99 used=0.006 remain=0.009 turn_time=0.0054 end_in=0.0054 cand_pre=23 cand_cap=12 cand=23->12 pre=23 pick(must/bucket/top/rand)=1/5/4/2 depth0=0 depth=0 dlog=4 dper=4 sims=6852 loop=6840 gen_time=0 eval_time=0.006 best_avg=0.390101 best_move=3,4 leader=2 inc2=1 attack_w=0.2 S0=21866 SA=16155 ratio=1.35349 my_comp=10 my_front=19 leader_comp=8 comp_gain(sz/front/cut)=1/2/1
DBG summary depth_guard_fired=1
Score = 138039
=== CASE 0120.txt ===
DBG hdr N=10 M=2 T=100 U=1 VMAX=2348 TIME_LIMIT=1.94 MAX_CAND=20 UCB_C=0.21 OBJ=log(S0+1)-log(SA+1)
DBG t=0 used=0.024 remain=1.94 turn_time=0.0236195 end_in=0.0236195 cand_pre=5 cand_cap=20 cand=5->5 pre=5 pick(must/bucket/top/rand)=1/2/2/0 depth0=7 depth=5 dlog=2 dper=0 sims=8085 loop=8080 gen_time=0 eval_time=0.024 best_avg=0.303612 best_move=1,5 leader=1 inc2=1 attack_w=0.13 S0=1817 SA=756 ratio=2.40159 my_comp=1 my_front=4 leader_comp=1 comp_gain(sz/front/cut)=1/2/0
DBG t=12 used=0.021 remain=1.672 turn_time=0.020045 end_in=0.020045 cand_pre=30 cand_cap=20 cand=30->20 pre=30 pick(must/bucket/top/rand)=1/3/12/4 depth0=7 depth=2 dlog=4 dper=1 sims=4396 loop=4376 gen_time=0 eval_time=0.021 best_avg=0.943344 best_move=3,1 leader=1 inc2=1 attack_w=0.2 S0=20004 SA=7727 ratio=2.58864 my_comp=13 my_front=23 leader_comp=9 comp_gain(sz/front/cut)=1/2/0
DBG t=24 used=0.022 remain=1.42 turn_time=0.0218979 end_in=0.0218979 cand_pre=12 cand_cap=20 cand=12->12 pre=12 pick(must/bucket/top/rand)=1/4/7/0 depth0=7 depth=4 dlog=3 dper=0 sims=4932 loop=4920 gen_time=0 eval_time=0.022 best_avg=0.881754 best_move=4,2 leader=1 inc2=1 attack_w=0.2 S0=22932 SA=8261 ratio=2.77572 my_comp=4 my_front=10 leader_comp=2 comp_gain(sz/front/cut)=1/0/1
DBG t=37 used=0.02 remain=1.153 turn_time=0.019784 end_in=0.019784 cand_pre=26 cand_cap=20 cand=26->20 pre=26 pick(must/bucket/top/rand)=1/4/11/4 depth0=10 depth=6 dlog=4 dper=0 sims=2492 loop=2472 gen_time=0 eval_time=0.02 best_avg=0.660826 best_move=4,4 leader=1 inc2=1 attack_w=0.2 S0=27194 SA=9766 ratio=2.78438 my_comp=12 my_front=20 leader_comp=1 comp_gain(sz/front/cut)=1/2/0
DBG t=49 used=0.018 remain=0.926 turn_time=0.0172672 end_in=0.0172672 cand_pre=46 cand_cap=20 cand=46->20 pre=46 pick(must/bucket/top/rand)=1/4/11/4 depth0=10 depth=2 dlog=5 dper=3 sims=2148 loop=2128 gen_time=0 eval_time=0.018 best_avg=1.33247 best_move=0,1 leader=1 inc2=1 attack_w=0.2 S0=32597 SA=6558 ratio=4.96996 my_comp=25 my_front=33 leader_comp=2 comp_gain(sz/front/cut)=1/-1/1
DBG t=61 used=0.017 remain=0.71 turn_time=0.0167214 end_in=0.0167214 cand_pre=51 cand_cap=20 cand=51->20 pre=51 pick(must/bucket/top/rand)=1/5/10/4 depth0=10 depth=2 dlog=5 dper=3 sims=2068 loop=2048 gen_time=0 eval_time=0.017 best_avg=1.46454 best_move=2,1 leader=1 inc2=1 attack_w=0.2 S0=31737 SA=7418 ratio=4.27794 my_comp=26 my_front=39 leader_comp=3 comp_gain(sz/front/cut)=1/0/2
DBG t=74 used=0.018 remain=0.489 turn_time=0.0171526 end_in=0.0171526 cand_pre=52 cand_cap=20 cand=52->20 pre=52 pick(must/bucket/top/rand)=1/4/11/4 depth0=11 depth=3 dlog=5 dper=3 sims=1724 loop=1704 gen_time=0 eval_time=0.018 best_avg=1.36137 best_move=0,1 leader=1 inc2=1 attack_w=0.2 S0=32663 SA=7383 ratio=4.42362 my_comp=27 my_front=39 leader_comp=3 comp_gain(sz/front/cut)=2/1/1
DBG t=86 used=0.019 remain=0.266 turn_time=0.0184395 end_in=0.0184395 cand_pre=43 cand_cap=20 cand=43->20 pre=43 pick(must/bucket/top/rand)=1/4/11/4 depth0=11 depth=4 dlog=5 dper=2 sims=2108 loop=2088 gen_time=0 eval_time=0.019 best_avg=1.42382 best_move=1,0 leader=1 inc2=1 attack_w=0.2 S0=35027 SA=5019 ratio=6.97769 my_comp=24 my_front=32 leader_comp=1 comp_gain(sz/front/cut)=1/-1/0
DBG t=99 used=0.014 remain=0.022 turn_time=0.0132 end_in=0.0132 cand_pre=54 cand_cap=16 cand=54->16 pre=48 pick(must/bucket/top/rand)=1/4/7/4 depth0=0 depth=0 dlog=5 dper=4 sims=64752 loop=64736 gen_time=0 eval_time=0.014 best_avg=2.36755 best_move=2,2 leader=1 inc2=1 attack_w=0.2 S0=37465 SA=3800 ratio=9.85688 my_comp=31 my_front=40 leader_comp=1 comp_gain(sz/front/cut)=1/-2/0
DBG summary depth_guard_fired=0
Score = 341563
=== CASE 0122.txt ===
DBG hdr N=10 M=4 T=100 U=1 VMAX=1669 TIME_LIMIT=1.94 MAX_CAND=20 UCB_C=0.21 OBJ=log(S0+1)-log(SA+1)
DBG t=0 used=0.024 remain=1.94 turn_time=0.0236195 end_in=0.0236195 cand_pre=5 cand_cap=20 cand=5->5 pre=5 pick(must/bucket/top/rand)=1/3/1/0 depth0=7 depth=5 dlog=2 dper=0 sims=5513 loop=5508 gen_time=0 eval_time=0.024 best_avg=-0.356839 best_move=8,3 leader=3 inc2=1 attack_w=0.85 S0=941 SA=1402 ratio=0.671418 my_comp=1 my_front=4 leader_comp=1 comp_gain(sz/front/cut)=1/2/0
DBG t=12 used=0.023 remain=1.664 turn_time=0.0225302 end_in=0.0225302 cand_pre=9 cand_cap=20 cand=9->9 pre=9 pick(must/bucket/top/rand)=1/5/3/0 depth0=7 depth=4 dlog=3 dper=0 sims=3849 loop=3840 gen_time=0 eval_time=0.023 best_avg=-0.106012 best_move=6,3 leader=3 inc2=0 attack_w=0.286408 S0=11561 SA=11444 ratio=1.01022 my_comp=3 my_front=8 leader_comp=4 comp_gain(sz/front/cut)=8/9/1
DBG t=24 used=0.022 remain=1.403 turn_time=0.0210358 end_in=0.0210358 cand_pre=17 cand_cap=20 cand=17->17 pre=17 pick(must/bucket/top/rand)=1/5/10/1 depth0=7 depth=4 dlog=3 dper=0 sims=3197 loop=3180 gen_time=0 eval_time=0.022 best_avg=-0.491601 best_move=9,2 leader=3 inc2=1 attack_w=0.780373 S0=12952 SA=15774 ratio=0.821109 my_comp=7 my_front=15 leader_comp=11 comp_gain(sz/front/cut)=1/-1/0
DBG t=37 used=0.02 remain=1.125 turn_time=0.0194196 end_in=0.0194196 cand_pre=25 cand_cap=20 cand=25->20 pre=25 pick(must/bucket/top/rand)=1/6/9/4 depth0=10 depth=6 dlog=4 dper=0 sims=1552 loop=1532 gen_time=0 eval_time=0.02 best_avg=-0.295579 best_move=6,8 leader=3 inc2=1 attack_w=0.85 S0=17650 SA=26802 ratio=0.658546 my_comp=12 my_front=16 leader_comp=23 comp_gain(sz/front/cut)=1/0/0
DBG t=49 used=0.018 remain=0.895 turn_time=0.0174876 end_in=0.0174876 cand_pre=39 cand_cap=20 cand=39->20 pre=39 pick(must/bucket/top/rand)=1/5/10/4 depth0=10 depth=3 dlog=5 dper=2 sims=1700 loop=1680 gen_time=0 eval_time=0.018 best_avg=0.110667 best_move=1,7 leader=3 inc2=0 attack_w=0.2 S0=30097 SA=26450 ratio=1.13788 my_comp=23 my_front=29 leader_comp=24 comp_gain(sz/front/cut)=1/0/1
DBG t=61 used=0.02 remain=0.659 turn_time=0.019694 end_in=0.019694 cand_pre=13 cand_cap=20 cand=13->13 pre=13 pick(must/bucket/top/rand)=1/4/8/0 depth0=10 depth=7 dlog=3 dper=0 sims=1357 loop=1344 gen_time=0 eval_time=0.02 best_avg=0.551556 best_move=1,0 leader=1 inc2=1 attack_w=0.2 S0=33625 SA=20012 ratio=1.68021 my_comp=7 my_front=8 leader_comp=16 comp_gain(sz/front/cut)=1/1/0
DBG t=74 used=0.014 remain=0.427 turn_time=0.0136968 end_in=0.0136968 cand_pre=64 cand_cap=14 cand=64->14 pre=42 pick(must/bucket/top/rand)=1/6/4/3 depth0=11 depth=1 dlog=5 dper=5 sims=890 loop=876 gen_time=0 eval_time=0.014 best_avg=0.900077 best_move=7,8 leader=2 inc2=1 attack_w=0.2 S0=44206 SA=18456 ratio=2.39513 my_comp=38 my_front=52 leader_comp=15 comp_gain(sz/front/cut)=1/0/1
DBG t=86 used=0.016 remain=0.24 turn_time=0.0155229 end_in=0.0155229 cand_pre=53 cand_cap=20 cand=53->20 pre=53 pick(must/bucket/top/rand)=1/6/9/4 depth0=11 depth=2 dlog=5 dper=4 sims=1212 loop=1192 gen_time=0 eval_time=0.016 best_avg=0.772424 best_move=6,6 leader=2 inc2=1 attack_w=0.2 S0=41828 SA=20548 ratio=2.03557 my_comp=31 my_front=39 leader_comp=19 comp_gain(sz/front/cut)=1/2/3
DBG t=99 used=0.013 remain=0.021 turn_time=0.0126 end_in=0.0126 cand_pre=42 cand_cap=16 cand=42->16 pre=42 pick(must/bucket/top/rand)=1/6/5/4 depth0=0 depth=0 dlog=5 dper=4 sims=17432 loop=17416 gen_time=0 eval_time=0.013 best_avg=0.95251 best_move=6,1 leader=3 inc2=1 attack_w=0.2 S0=46046 SA=18607 ratio=2.47458 my_comp=22 my_front=32 leader_comp=17 comp_gain(sz/front/cut)=1/2/1
DBG summary depth_guard_fired=0
Score = 187059
=== CASE 0121.txt ===
DBG hdr N=10 M=4 T=100 U=3 VMAX=1477 TIME_LIMIT=1.94 MAX_CAND=20 UCB_C=0.21 OBJ=log(S0+1)-log(SA+1)
DBG t=0 used=0.024 remain=1.94 turn_time=0.0236195 end_in=0.0236195 cand_pre=5 cand_cap=20 cand=5->5 pre=5 pick(must/bucket/top/rand)=1/3/1/0 depth0=7 depth=5 dlog=2 dper=0 sims=6133 loop=6128 gen_time=0 eval_time=0.024 best_avg=-0.175994 best_move=6,7 leader=2 inc2=0 attack_w=0.570899 S0=1080 SA=1211 ratio=0.891914 my_comp=1 my_front=4 leader_comp=1 comp_gain(sz/front/cut)=1/2/0
DBG t=12 used=0.022 remain=1.664 turn_time=0.0217927 end_in=0.0217927 cand_pre=15 cand_cap=20 cand=15->15 pre=15 pick(must/bucket/top/rand)=1/5/9/0 depth0=7 depth=4 dlog=3 dper=0 sims=4915 loop=4900 gen_time=0 eval_time=0.022 best_avg=-0.0045026 best_move=6,7 leader=1 inc2=1 attack_w=0.30916 S0=13096 SA=13101 ratio=0.999618 my_comp=5 my_front=12 leader_comp=4 comp_gain(sz/front/cut)=0/0/0
DBG t=24 used=0.021 remain=1.402 turn_time=0.0203013 end_in=0.0203013 cand_pre=23 cand_cap=20 cand=23->20 pre=23 pick(must/bucket/top/rand)=1/2/13/4 depth0=7 depth=3 dlog=4 dper=0 sims=3548 loop=3528 gen_time=0 eval_time=0.021 best_avg=-0.0884966 best_move=2,6 leader=1 inc2=0 attack_w=0.553037 S0=24782 SA=27581 ratio=0.898521 my_comp=8 my_front=18 leader_comp=9 comp_gain(sz/front/cut)=0/0/0
DBG t=37 used=0.02 remain=1.139 turn_time=0.0193088 end_in=0.0193088 cand_pre=28 cand_cap=20 cand=28->20 pre=28 pick(must/bucket/top/rand)=1/4/11/4 depth0=10 depth=5 dlog=4 dper=1 sims=1952 loop=1932 gen_time=0 eval_time=0.02 best_avg=-0.0475068 best_move=6,5 leader=1 inc2=0 attack_w=0.421008 S0=41246 SA=43391 ratio=0.950567 my_comp=12 my_front=26 leader_comp=13 comp_gain(sz/front/cut)=1/2/0
DBG t=49 used=0.019 remain=0.908 turn_time=0.018436 end_in=0.018436 cand_pre=33 cand_cap=20 cand=33->20 pre=33 pick(must/bucket/top/rand)=1/5/10/4 depth0=10 depth=5 dlog=4 dper=1 sims=1744 loop=1724 gen_time=0 eval_time=0.019 best_avg=0.0249099 best_move=3,5 leader=1 inc2=0 attack_w=0.252006 S0=52620 SA=51252 ratio=1.02669 my_comp=15 my_front=29 leader_comp=15 comp_gain(sz/front/cut)=0/0/0
DBG t=61 used=0.018 remain=0.682 turn_time=0.0178806 end_in=0.0178806 cand_pre=35 cand_cap=20 cand=35->20 pre=35 pick(must/bucket/top/rand)=1/6/9/4 depth0=10 depth=4 dlog=4 dper=2 sims=1760 loop=1740 gen_time=0 eval_time=0.018 best_avg=0.1269 best_move=3,7 leader=1 inc2=0 attack_w=0.2 S0=59378 SA=52161 ratio=1.13836 my_comp=18 my_front=31 leader_comp=15 comp_gain(sz/front/cut)=0/0/0
DBG t=74 used=0.018 remain=0.451 turn_time=0.0173982 end_in=0.0173982 cand_pre=38 cand_cap=20 cand=38->20 pre=38 pick(must/bucket/top/rand)=1/6/9/4 depth0=11 depth=4 dlog=5 dper=2 sims=1720 loop=1700 gen_time=0 eval_time=0.018 best_avg=0.0868183 best_move=5,2 leader=1 inc2=0 attack_w=0.2 S0=58171 SA=53984 ratio=1.07756 my_comp=19 my_front=33 leader_comp=16 comp_gain(sz/front/cut)=0/0/0
DBG t=86 used=0.018 remain=0.235 turn_time=0.0170543 end_in=0.0170543 cand_pre=36 cand_cap=20 cand=36->20 pre=36 pick(must/bucket/top/rand)=1/7/8/4 depth0=11 depth=4 dlog=5 dper=2 sims=1720 loop=1700 gen_time=0 eval_time=0.018 best_avg=0.239934 best_move=2,4 leader=1 inc2=1 attack_w=0.2 S0=62127 SA=51044 ratio=1.21712 my_comp=19 my_front=29 leader_comp=4 comp_gain(sz/front/cut)=1/0/0
DBG depth_guard t=99 remain=0.016 cand_pre=40 depth0=0 depth=0
DBG t=99 used=0.01 remain=0.016 turn_time=0.0096 end_in=0.0096 cand_pre=40 cand_cap=14 cand=40->14 pre=40 pick(must/bucket/top/rand)=1/5/5/3 depth0=0 depth=0 dlog=5 dper=4 sims=13450 loop=13436 gen_time=0 eval_time=0.01 best_avg=0.345798 best_move=4,3 leader=2 inc2=1 attack_w=0.2 S0=72330 SA=50785 ratio=1.42423 my_comp=23 my_front=32 leader_comp=18 comp_gain(sz/front/cut)=0/0/0
DBG summary depth_guard_fired=1
Score = 127711
=== CASE 0123.txt ===
DBG hdr N=10 M=8 T=100 U=4 VMAX=1349 TIME_LIMIT=1.94 MAX_CAND=20 UCB_C=0.21 OBJ=log(S0+1)-log(SA+1)
DBG t=0 used=0.024 remain=1.94 turn_time=0.0237456 end_in=0.0237456 cand_pre=4 cand_cap=20 cand=4->4 pre=4 pick(must/bucket/top/rand)=1/2/1/0 depth0=7 depth=6 dlog=1 dper=0 sims=3144 loop=3140 gen_time=0 eval_time=0.024 best_avg=0.0454976 best_move=4,0 leader=2 inc2=1 attack_w=0.472344 S0=1254 SA=1349 ratio=0.92963 my_comp=1 my_front=3 leader_comp=1 comp_gain(sz/front/cut)=0/0/0
DBG t=12 used=0.023 remain=1.657 turn_time=0.0220682 end_in=0.0220682 cand_pre=12 cand_cap=20 cand=12->12 pre=12 pick(must/bucket/top/rand)=1/7/4/0 depth0=7 depth=4 dlog=3 dper=0 sims=3092 loop=3080 gen_time=0 eval_time=0.023 best_avg=0.173458 best_move=4,2 leader=1 inc2=1 attack_w=0.2 S0=16298 SA=14459 ratio=1.12718 my_comp=5 my_front=9 leader_comp=3 comp_gain(sz/front/cut)=0/0/0
DBG t=24 used=0.021 remain=1.392 turn_time=0.0209899 end_in=0.0209899 cand_pre=16 cand_cap=20 cand=16->16 pre=16 pick(must/bucket/top/rand)=1/5/10/0 depth0=7 depth=4 dlog=3 dper=0 sims=2376 loop=2360 gen_time=0 eval_time=0.021 best_avg=0.336833 best_move=4,2 leader=1 inc2=1 attack_w=0.2 S0=31245 SA=22583 ratio=1.38355 my_comp=8 my_front=11 leader_comp=5 comp_gain(sz/front/cut)=0/0/0
DBG t=37 used=0.021 remain=1.117 turn_time=0.0202035 end_in=0.0202035 cand_pre=17 cand_cap=20 cand=17->17 pre=17 pick(must/bucket/top/rand)=1/5/10/1 depth0=10 depth=7 dlog=3 dper=0 sims=1481 loop=1464 gen_time=0 eval_time=0.021 best_avg=0.187113 best_move=6,1 leader=3 inc2=1 attack_w=0.2 S0=41124 SA=32147 ratio=1.27924 my_comp=10 my_front=11 leader_comp=6 comp_gain(sz/front/cut)=0/0/0
DBG t=49 used=0.02 remain=0.87 turn_time=0.0193276 end_in=0.0193276 cand_pre=18 cand_cap=20 cand=18->18 pre=18 pick(must/bucket/top/rand)=1/4/11/2 depth0=10 depth=6 dlog=4 dper=0 sims=1454 loop=1436 gen_time=0 eval_time=0.02 best_avg=0.26072 best_move=4,1 leader=6 inc2=1 attack_w=0.2 S0=47367 SA=36208 ratio=1.30818 my_comp=11 my_front=12 leader_comp=10 comp_gain(sz/front/cut)=0/0/0
DBG t=61 used=0.019 remain=0.638 turn_time=0.0184284 end_in=0.0184284 cand_pre=19 cand_cap=20 cand=19->19 pre=19 pick(must/bucket/top/rand)=1/2/13/3 depth0=10 depth=6 dlog=4 dper=0 sims=1399 loop=1380 gen_time=0 eval_time=0.019 best_avg=0.171853 best_move=6,2 leader=6 inc2=1 attack_w=0.2 S0=53232 SA=41642 ratio=1.27832 my_comp=11 my_front=12 leader_comp=11 comp_gain(sz/front/cut)=0/0/0
DBG t=74 used=0.017 remain=0.399 turn_time=0.0169882 end_in=0.0169882 cand_pre=22 cand_cap=20 cand=22->20 pre=22 pick(must/bucket/top/rand)=1/4/11/4 depth0=11 depth=7 dlog=4 dper=0 sims=1120 loop=1100 gen_time=0 eval_time=0.017 best_avg=0.277703 best_move=8,1 leader=3 inc2=1 attack_w=0.2 S0=55657 SA=41645 ratio=1.33645 my_comp=12 my_front=12 leader_comp=11 comp_gain(sz/front/cut)=0/0/0
DBG t=86 used=0.016 remain=0.196 turn_time=0.015589 end_in=0.015589 cand_pre=21 cand_cap=20 cand=21->20 pre=21 pick(must/bucket/top/rand)=1/3/12/4 depth0=11 depth=6 dlog=4 dper=1 sims=1188 loop=1168 gen_time=0 eval_time=0.016 best_avg=0.157569 best_move=7,0 leader=5 inc2=1 attack_w=0.2 S0=56899 SA=45520 ratio=1.24997 my_comp=12 my_front=12 leader_comp=30 comp_gain(sz/front/cut)=0/0/0
DBG depth_guard t=99 remain=0.008 cand_pre=21 depth0=0 depth=0
DBG t=99 used=0.005 remain=0.008 turn_time=0.0048 end_in=0.0048 cand_pre=21 cand_cap=12 cand=21->12 pre=21 pick(must/bucket/top/rand)=1/2/7/2 depth0=0 depth=0 dlog=4 dper=4 sims=3736 loop=3724 gen_time=0 eval_time=0.005 best_avg=0.19187 best_move=7,0 leader=5 inc2=1 attack_w=0.2 S0=58148 SA=47287 ratio=1.22968 my_comp=12 my_front=12 leader_comp=23 comp_gain(sz/front/cut)=0/0/0
DBG summary depth_guard_fired=1
Score = 114354
=== CASE 0124.txt ===
DBG hdr N=10 M=8 T=100 U=5 VMAX=1767 TIME_LIMIT=1.94 MAX_CAND=20 UCB_C=0.21 OBJ=log(S0+1)-log(SA+1)
DBG t=0 used=0.024 remain=1.94 turn_time=0.0236195 end_in=0.0236195 cand_pre=5 cand_cap=20 cand=5->5 pre=5 pick(must/bucket/top/rand)=1/3/1/0 depth0=7 depth=5 dlog=2 dper=0 sims=4045 loop=4040 gen_time=0 eval_time=0.024 best_avg=0.139599 best_move=6,3 leader=3 inc2=1 attack_w=0.13 S0=1359 SA=1078 ratio=1.26043 my_comp=1 my_front=4 leader_comp=1 comp_gain(sz/front/cut)=1/2/0
DBG t=12 used=0.023 remain=1.661 turn_time=0.0221215 end_in=0.0221215 cand_pre=12 cand_cap=20 cand=12->12 pre=12 pick(must/bucket/top/rand)=1/6/5/0 depth0=7 depth=4 dlog=3 dper=0 sims=3696 loop=3684 gen_time=0 eval_time=0.023 best_avg=0.0058285 best_move=7,3 leader=5 inc2=1 attack_w=0.389671 S0=15076 SA=15642 ratio=0.963818 my_comp=4 my_front=10 leader_comp=7 comp_gain(sz/front/cut)=0/0/0
DBG t=24 used=0.02 remain=1.399 turn_time=0.0197793 end_in=0.0197793 cand_pre=27 cand_cap=20 cand=27->20 pre=27 pick(must/bucket/top/rand)=1/8/7/4 depth0=7 depth=2 dlog=4 dper=1 sims=3524 loop=3504 gen_time=0 eval_time=0.02 best_avg=0.270531 best_move=7,1 leader=5 inc2=1 attack_w=0.2 S0=29563 SA=23829 ratio=1.24062 my_comp=11 my_front=22 leader_comp=5 comp_gain(sz/front/cut)=1/0/1
DBG t=37 used=0.022 remain=1.13 turn_time=0.0218377 end_in=0.0218377 cand_pre=5 cand_cap=20 cand=5->5 pre=5 pick(must/bucket/top/rand)=1/2/2/0 depth0=10 depth=8 dlog=2 dper=0 sims=1557 loop=1552 gen_time=0 eval_time=0.022 best_avg=0.0932833 best_move=4,2 leader=5 inc2=1 attack_w=0.2 S0=34733 SA=29428 ratio=1.18026 my_comp=1 my_front=4 leader_comp=6 comp_gain(sz/front/cut)=0/0/0
DBG t=49 used=0.019 remain=0.889 turn_time=0.0183901 end_in=0.0183901 cand_pre=30 cand_cap=20 cand=30->20 pre=30 pick(must/bucket/top/rand)=1/8/7/4 depth0=10 depth=5 dlog=4 dper=1 sims=1980 loop=1960 gen_time=0 eval_time=0.019 best_avg=0.0696277 best_move=5,1 leader=1 inc2=1 attack_w=0.2 S0=42134 SA=37290 ratio=1.1299 my_comp=12 my_front=24 leader_comp=3 comp_gain(sz/front/cut)=0/0/0
DBG t=61 used=0.018 remain=0.662 turn_time=0.0175769 end_in=0.0175769 cand_pre=33 cand_cap=20 cand=33->20 pre=33 pick(must/bucket/top/rand)=1/7/8/4 depth0=10 depth=4 dlog=4 dper=2 sims=1864 loop=1844 gen_time=0 eval_time=0.018 best_avg=0.0888846 best_move=4,1 leader=1 inc2=1 attack_w=0.2 S0=47927 SA=43481 ratio=1.10225 my_comp=13 my_front=26 leader_comp=5 comp_gain(sz/front/cut)=0/0/0
DBG t=74 used=0.02 remain=0.428 turn_time=0.0192929 end_in=0.0192929 cand_pre=12 cand_cap=20 cand=12->12 pre=12 pick(must/bucket/top/rand)=1/4/7/0 depth0=11 depth=8 dlog=3 dper=0 sims=1244 loop=1232 gen_time=0 eval_time=0.02 best_avg=-0.00611893 best_move=3,1 leader=5 inc2=1 attack_w=0.2 S0=51084 SA=46864 ratio=1.09005 my_comp=5 my_front=10 leader_comp=8 comp_gain(sz/front/cut)=0/0/0
DBG t=86 used=0.017 remain=0.218 turn_time=0.0164279 end_in=0.0164279 cand_pre=30 cand_cap=20 cand=30->20 pre=30 pick(must/bucket/top/rand)=1/6/9/4 depth0=11 depth=5 dlog=4 dper=2 sims=1464 loop=1444 gen_time=0 eval_time=0.017 best_avg=0.00427261 best_move=7,4 leader=5 inc2=1 attack_w=0.266077 S0=50607 SA=49620 ratio=1.01989 my_comp=13 my_front=23 leader_comp=9 comp_gain(sz/front/cut)=0/0/0
DBG depth_guard t=99 remain=0.013 cand_pre=32 depth0=0 depth=0
DBG t=99 used=0.008 remain=0.013 turn_time=0.0078 end_in=0.0078 cand_pre=32 cand_cap=12 cand=32->12 pre=32 pick(must/bucket/top/rand)=1/6/3/2 depth0=0 depth=0 dlog=4 dper=4 sims=6932 loop=6920 gen_time=0 eval_time=0.008 best_avg=-0.005754 best_move=4,1 leader=5 inc2=1 attack_w=0.286527 S0=57130 SA=56555 ratio=1.01017 my_comp=16 my_front=27 leader_comp=10 comp_gain(sz/front/cut)=0/0/0
DBG summary depth_guard_fired=1
Score = 99058
=== CASE 0125.txt ===
DBG hdr N=10 M=5 T=100 U=2 VMAX=1268 TIME_LIMIT=1.94 MAX_CAND=20 UCB_C=0.21 OBJ=log(S0+1)-log(SA+1)
DBG t=0 used=0.024 remain=1.94 turn_time=0.0237456 end_in=0.0237456 cand_pre=4 cand_cap=20 cand=4->4 pre=4 pick(must/bucket/top/rand)=1/2/1/0 depth0=7 depth=6 dlog=1 dper=0 sims=4388 loop=4384 gen_time=0 eval_time=0.024 best_avg=0.198542 best_move=9,1 leader=4 inc2=1 attack_w=0.13 S0=1254 SA=1088 ratio=1.15243 my_comp=1 my_front=3 leader_comp=1 comp_gain(sz/front/cut)=0/0/0
DBG t=12 used=0.022 remain=1.658 turn_time=0.0215917 end_in=0.0215917 cand_pre=16 cand_cap=20 cand=16->16 pre=16 pick(must/bucket/top/rand)=1/4/11/0 depth0=7 depth=4 dlog=3 dper=0 sims=4244 loop=4228 gen_time=0 eval_time=0.022 best_avg=0.443135 best_move=6,2 leader=2 inc2=0 attack_w=0.2 S0=15175 SA=12972 ratio=1.16981 my_comp=7 my_front=11 leader_comp=10 comp_gain(sz/front/cut)=0/0/0
DBG t=24 used=0.021 remain=1.399 turn_time=0.0200186 end_in=0.0200186 cand_pre=25 cand_cap=20 cand=25->20 pre=25 pick(must/bucket/top/rand)=1/3/12/4 depth0=7 depth=3 dlog=4 dper=0 sims=3932 loop=3912 gen_time=0 eval_time=0.021 best_avg=0.694575 best_move=5,1 leader=2 inc2=0 attack_w=0.2 S0=21140 SA=12887 ratio=1.64036 my_comp=11 my_front=19 leader_comp=1 comp_gain(sz/front/cut)=1/2/0
DBG t=37 used=0.019 remain=1.144 turn_time=0.0184493 end_in=0.0184493 cand_pre=36 cand_cap=20 cand=36->20 pre=36 pick(must/bucket/top/rand)=1/8/7/4 depth0=10 depth=3 dlog=5 dper=2 sims=3600 loop=3580 gen_time=0 eval_time=0.019 best_avg=1.16355 best_move=3,4 leader=2 inc2=1 attack_w=0.2 S0=29938 SA=7849 ratio=3.81389 my_comp=19 my_front=28 leader_comp=6 comp_gain(sz/front/cut)=1/2/0
DBG t=49 used=0.021 remain=0.892 turn_time=0.0207259 end_in=0.0207259 cand_pre=10 cand_cap=20 cand=10->10 pre=10 pick(must/bucket/top/rand)=1/3/6/0 depth0=10 depth=7 dlog=3 dper=0 sims=1850 loop=1840 gen_time=0 eval_time=0.021 best_avg=0.595917 best_move=5,3 leader=3 inc2=0 attack_w=0.2 S0=33120 SA=13538 ratio=2.44634 my_comp=3 my_front=8 leader_comp=7 comp_gain(sz/front/cut)=15/20/0
DBG t=61 used=0.018 remain=0.657 turn_time=0.0173347 end_in=0.0173347 cand_pre=34 cand_cap=20 cand=34->20 pre=34 pick(must/bucket/top/rand)=1/8/7/4 depth0=10 depth=4 dlog=4 dper=2 sims=1832 loop=1812 gen_time=0 eval_time=0.018 best_avg=0.640365 best_move=4,3 leader=3 inc2=1 attack_w=0.2 S0=32006 SA=17104 ratio=1.87121 my_comp=17 my_front=25 leader_comp=4 comp_gain(sz/front/cut)=0/0/0
DBG t=74 used=0.017 remain=0.432 turn_time=0.0166652 end_in=0.0166652 cand_pre=38 cand_cap=20 cand=38->20 pre=38 pick(must/bucket/top/rand)=1/8/7/4 depth0=11 depth=4 dlog=5 dper=2 sims=1644 loop=1624 gen_time=0 eval_time=0.017 best_avg=0.772699 best_move=6,3 leader=4 inc2=1 attack_w=0.2 S0=37949 SA=18455 ratio=2.05624 my_comp=20 my_front=29 leader_comp=1 comp_gain(sz/front/cut)=1/0/0
DBG t=86 used=0.017 remain=0.234 turn_time=0.0160039 end_in=0.0160039 cand_pre=45 cand_cap=20 cand=45->20 pre=45 pick(must/bucket/top/rand)=1/4/11/4 depth0=11 depth=3 dlog=5 dper=3 sims=1584 loop=1564 gen_time=0 eval_time=0.017 best_avg=1.02984 best_move=0,1 leader=4 inc2=0 attack_w=0.2 S0=46749 SA=20111 ratio=2.32448 my_comp=27 my_front=32 leader_comp=10 comp_gain(sz/front/cut)=1/-1/0
DBG t=99 used=0.013 remain=0.02 turn_time=0.012 end_in=0.012 cand_pre=55 cand_cap=16 cand=55->16 pre=48 pick(must/bucket/top/rand)=1/8/3/4 depth0=0 depth=0 dlog=5 dper=5 sims=23648 loop=23632 gen_time=0 eval_time=0.013 best_avg=1.29284 best_move=3,4 leader=2 inc2=1 attack_w=0.2 S0=58176 SA=16066 ratio=3.6209 my_comp=35 my_front=39 leader_comp=10 comp_gain(sz/front/cut)=0/0/0
DBG summary depth_guard_fired=0
Score = 220793
=== CASE 0127.txt ===
DBG hdr N=10 M=4 T=100 U=1 VMAX=1630 TIME_LIMIT=1.94 MAX_CAND=20 UCB_C=0.21 OBJ=log(S0+1)-log(SA+1)
DBG t=0 used=0.024 remain=1.94 turn_time=0.0236195 end_in=0.0236195 cand_pre=5 cand_cap=20 cand=5->5 pre=5 pick(must/bucket/top/rand)=1/2/2/0 depth0=7 depth=5 dlog=2 dper=0 sims=5549 loop=5544 gen_time=0 eval_time=0.024 best_avg=0.167147 best_move=7,4 leader=3 inc2=0 attack_w=0.13 S0=1227 SA=1152 ratio=1.06505 my_comp=1 my_front=4 leader_comp=1 comp_gain(sz/front/cut)=1/2/0
DBG t=12 used=0.022 remain=1.666 turn_time=0.0212036 end_in=0.0212036 cand_pre=20 cand_cap=20 cand=20->20 pre=20 pick(must/bucket/top/rand)=1/5/10/4 depth0=7 depth=3 dlog=4 dper=0 sims=3996 loop=3976 gen_time=0 eval_time=0.022 best_avg=0.142598 best_move=5,5 leader=3 inc2=0 attack_w=0.2 S0=12317 SA=9703 ratio=1.26937 my_comp=9 my_front=17 leader_comp=8 comp_gain(sz/front/cut)=0/0/0
DBG t=24 used=0.02 remain=1.409 turn_time=0.0199207 end_in=0.0199207 cand_pre=27 cand_cap=20 cand=27->20 pre=27 pick(must/bucket/top/rand)=1/6/9/4 depth0=7 depth=2 dlog=4 dper=1 sims=3100 loop=3080 gen_time=0 eval_time=0.02 best_avg=0.494256 best_move=5,5 leader=3 inc2=1 attack_w=0.2 S0=19814 SA=11612 ratio=1.70628 my_comp=15 my_front=18 leader_comp=11 comp_gain(sz/front/cut)=0/0/0
DBG t=37 used=0.02 remain=1.148 turn_time=0.0198167 end_in=0.0198167 cand_pre=25 cand_cap=20 cand=25->20 pre=25 pick(must/bucket/top/rand)=1/6/9/4 depth0=10 depth=6 dlog=4 dper=0 sims=1848 loop=1828 gen_time=0 eval_time=0.02 best_avg=-0.0111576 best_move=7,2 leader=2 inc2=1 attack_w=0.2 S0=19123 SA=15921 ratio=1.20111 my_comp=13 my_front=18 leader_comp=11 comp_gain(sz/front/cut)=1/2/0
DBG t=49 used=0.02 remain=0.894 turn_time=0.0196329 end_in=0.0196329 cand_pre=20 cand_cap=20 cand=20->20 pre=20 pick(must/bucket/top/rand)=1/4/11/4 depth0=10 depth=6 dlog=4 dper=0 sims=1792 loop=1772 gen_time=0 eval_time=0.02 best_avg=0.253234 best_move=3,9 leader=1 inc2=1 attack_w=0.2 S0=21018 SA=19551 ratio=1.07503 my_comp=12 my_front=14 leader_comp=5 comp_gain(sz/front/cut)=1/-1/0
DBG t=61 used=0.017 remain=0.674 turn_time=0.0168846 end_in=0.0168846 cand_pre=42 cand_cap=20 cand=42->20 pre=42 pick(must/bucket/top/rand)=1/6/9/4 depth0=10 depth=3 dlog=5 dper=2 sims=1484 loop=1464 gen_time=0 eval_time=0.017 best_avg=0.471396 best_move=9,9 leader=1 inc2=1 attack_w=0.2 S0=29540 SA=18212 ratio=1.62197 my_comp=28 my_front=22 leader_comp=5 comp_gain(sz/front/cut)=1/-2/0
DBG t=74 used=0.016 remain=0.459 turn_time=0.0159856 end_in=0.0159856 cand_pre=53 cand_cap=20 cand=53->20 pre=53 pick(must/bucket/top/rand)=1/4/11/4 depth0=11 depth=3 dlog=5 dper=3 sims=1132 loop=1112 gen_time=0 eval_time=0.016 best_avg=0.724755 best_move=4,5 leader=1 inc2=1 attack_w=0.2 S0=39148 SA=17020 ratio=2.30004 my_comp=34 my_front=32 leader_comp=1 comp_gain(sz/front/cut)=1/2/0
DBG t=86 used=0.019 remain=0.233 turn_time=0.01864 end_in=0.01864 cand_pre=20 cand_cap=20 cand=20->20 pre=20 pick(must/bucket/top/rand)=1/2/13/4 depth0=11 depth=6 dlog=4 dper=0 sims=1136 loop=1116 gen_time=0 eval_time=0.019 best_avg=0.977346 best_move=3,1 leader=1 inc2=1 attack_w=0.2 S0=42478 SA=16991 ratio=2.49994 my_comp=7 my_front=14 leader_comp=1 comp_gain(sz/front/cut)=1/2/0
DBG t=99 used=0.013 remain=0.021 turn_time=0.0126 end_in=0.0126 cand_pre=68 cand_cap=14 cand=68->14 pre=42 pick(must/bucket/top/rand)=1/5/5/3 depth0=0 depth=0 dlog=5 dper=5 sims=29486 loop=29472 gen_time=0 eval_time=0.013 best_avg=1.14349 best_move=6,5 leader=2 inc2=0 attack_w=0.2 S0=47233 SA=16229 ratio=2.91029 my_comp=42 my_front=57 leader_comp=5 comp_gain(sz/front/cut)=1/0/0
DBG summary depth_guard_fired=0
Score = 203551
=== CASE 0126.txt ===
DBG hdr N=10 M=2 T=100 U=2 VMAX=2406 TIME_LIMIT=1.94 MAX_CAND=20 UCB_C=0.21 OBJ=log(S0+1)-log(SA+1)
DBG t=0 used=0.024 remain=1.94 turn_time=0.0236195 end_in=0.0236195 cand_pre=5 cand_cap=20 cand=5->5 pre=5 pick(must/bucket/top/rand)=1/2/2/0 depth0=7 depth=5 dlog=2 dper=0 sims=9213 loop=9208 gen_time=0 eval_time=0.024 best_avg=0.944242 best_move=3,5 leader=1 inc2=1 attack_w=0.13 S0=1803 SA=575 ratio=3.13194 my_comp=1 my_front=4 leader_comp=1 comp_gain(sz/front/cut)=0/0/0
DBG t=12 used=0.022 remain=1.664 turn_time=0.0213011 end_in=0.0213011 cand_pre=19 cand_cap=20 cand=19->19 pre=19 pick(must/bucket/top/rand)=1/2/13/3 depth0=7 depth=3 dlog=4 dper=0 sims=5723 loop=5704 gen_time=0 eval_time=0.022 best_avg=0.788434 best_move=4,8 leader=1 inc2=1 attack_w=0.2 S0=22598 SA=9198 ratio=2.45668 my_comp=7 my_front=14 leader_comp=7 comp_gain(sz/front/cut)=0/0/0
DBG t=24 used=0.021 remain=1.41 turn_time=0.0200554 end_in=0.0200554 cand_pre=26 cand_cap=20 cand=26->20 pre=26 pick(must/bucket/top/rand)=1/4/11/4 depth0=7 depth=3 dlog=4 dper=0 sims=4032 loop=4012 gen_time=0 eval_time=0.021 best_avg=0.729814 best_move=4,3 leader=1 inc2=1 attack_w=0.2 S0=35552 SA=15861 ratio=2.24139 my_comp=11 my_front=20 leader_comp=11 comp_gain(sz/front/cut)=0/0/0
DBG t=37 used=0.02 remain=1.148 turn_time=0.0192244 end_in=0.0192244 cand_pre=30 cand_cap=20 cand=30->20 pre=30 pick(must/bucket/top/rand)=1/4/11/4 depth0=10 depth=5 dlog=4 dper=1 sims=2464 loop=2444 gen_time=0 eval_time=0.02 best_avg=0.800169 best_move=3,4 leader=1 inc2=1 attack_w=0.2 S0=42397 SA=16863 ratio=2.51411 my_comp=16 my_front=18 leader_comp=11 comp_gain(sz/front/cut)=1/0/0
DBG t=49 used=0.019 remain=0.916 turn_time=0.0183649 end_in=0.0183649 cand_pre=35 cand_cap=20 cand=35->20 pre=35 pick(must/bucket/top/rand)=1/5/10/4 depth0=10 depth=4 dlog=4 dper=2 sims=2544 loop=2524 gen_time=0 eval_time=0.019 best_avg=1.07984 best_move=4,4 leader=1 inc2=1 attack_w=0.2 S0=45658 SA=14859 ratio=3.07261 my_comp=19 my_front=22 leader_comp=10 comp_gain(sz/front/cut)=0/0/0
DBG t=61 used=0.018 remain=0.692 turn_time=0.0179122 end_in=0.0179122 cand_pre=37 cand_cap=20 cand=37->20 pre=37 pick(must/bucket/top/rand)=1/5/10/4 depth0=10 depth=3 dlog=5 dper=2 sims=2508 loop=2488 gen_time=0 eval_time=0.018 best_avg=1.19256 best_move=4,4 leader=1 inc2=1 attack_w=0.2 S0=49830 SA=14859 ratio=3.35336 my_comp=21 my_front=22 leader_comp=10 comp_gain(sz/front/cut)=0/0/0
DBG t=74 used=0.018 remain=0.458 turn_time=0.0175537 end_in=0.0175537 cand_pre=39 cand_cap=20 cand=39->20 pre=39 pick(must/bucket/top/rand)=1/5/10/4 depth0=11 depth=4 dlog=5 dper=2 sims=1916 loop=1896 gen_time=0 eval_time=0.018 best_avg=1.24896 best_move=2,7 leader=1 inc2=1 attack_w=0.2 S0=55117 SA=15327 ratio=3.5959 my_comp=23 my_front=22 leader_comp=12 comp_gain(sz/front/cut)=0/0/0
DBG t=86 used=0.017 remain=0.245 turn_time=0.0169837 end_in=0.0169838 cand_pre=43 cand_cap=20 cand=43->20 pre=43 pick(must/bucket/top/rand)=1/5/10/4 depth0=11 depth=3 dlog=5 dper=3 sims=1812 loop=1792 gen_time=0 eval_time=0.017 best_avg=1.34789 best_move=5,9 leader=1 inc2=1 attack_w=0.2 S0=61669 SA=16095 ratio=3.83139 my_comp=26 my_front=24 leader_comp=13 comp_gain(sz/front/cut)=1/-1/0
DBG depth_guard t=99 remain=0.014 cand_pre=4 depth0=0 depth=0
DBG t=99 used=0.009 remain=0.014 turn_time=0.0084 end_in=0.0084 cand_pre=4 cand_cap=14 cand=4->4 pre=4 pick(must/bucket/top/rand)=1/3/0/0 depth0=0 depth=0 dlog=1 dper=0 sims=43724 loop=43720 gen_time=0 eval_time=0.009 best_avg=1.41077 best_move=5,2 leader=1 inc2=1 attack_w=0.2 S0=65030 SA=15726 ratio=4.13499 my_comp=1 my_front=4 leader_comp=1 comp_gain(sz/front/cut)=30/25/0
DBG summary depth_guard_fired=1
Score = 233172
=== CASE 0128.txt ===
DBG hdr N=10 M=3 T=100 U=5 VMAX=1385 TIME_LIMIT=1.94 MAX_CAND=20 UCB_C=0.21 OBJ=log(S0+1)-log(SA+1)
DBG t=0 used=0.024 remain=1.94 turn_time=0.0236195 end_in=0.0236195 cand_pre=5 cand_cap=20 cand=5->5 pre=5 pick(must/bucket/top/rand)=1/2/2/0 depth0=7 depth=5 dlog=2 dper=0 sims=7537 loop=7532 gen_time=0 eval_time=0.024 best_avg=0.264261 best_move=6,4 leader=1 inc2=1 attack_w=0.13 S0=1141 SA=814 ratio=1.40123 my_comp=1 my_front=4 leader_comp=1 comp_gain(sz/front/cut)=1/2/0
DBG t=12 used=0.021 remain=1.67 turn_time=0.0205144 end_in=0.0205144 cand_pre=26 cand_cap=20 cand=26->20 pre=26 pick(must/bucket/top/rand)=1/6/9/4 depth0=7 depth=3 dlog=4 dper=0 sims=3984 loop=3964 gen_time=0 eval_time=0.021 best_avg=0.376128 best_move=8,5 leader=2 inc2=1 attack_w=0.2 S0=16369 SA=11338 ratio=1.44369 my_comp=12 my_front=20 leader_comp=5 comp_gain(sz/front/cut)=0/0/0
DBG t=24 used=0.023 remain=1.425 turn_time=0.02295 end_in=0.02295 cand_pre=4 cand_cap=20 cand=4->4 pre=4 pick(must/bucket/top/rand)=1/3/0/0 depth0=7 depth=6 dlog=1 dper=0 sims=2748 loop=2744 gen_time=0 eval_time=0.023 best_avg=0.283355 best_move=7,7 leader=2 inc2=1 attack_w=0.2 S0=28713 SA=21865 ratio=1.31318 my_comp=1 my_front=4 leader_comp=7 comp_gain(sz/front/cut)=14/20/0
DBG t=37 used=0.02 remain=1.162 turn_time=0.0190992 end_in=0.0190992 cand_pre=33 cand_cap=20 cand=33->20 pre=33 pick(must/bucket/top/rand)=1/8/7/4 depth0=10 depth=5 dlog=4 dper=1 sims=2040 loop=2020 gen_time=0 eval_time=0.02 best_avg=0.312988 best_move=8,6 leader=2 inc2=1 attack_w=0.2 S0=44323 SA=32160 ratio=1.37819 my_comp=17 my_front=23 leader_comp=11 comp_gain(sz/front/cut)=0/0/0
DBG t=49 used=0.019 remain=0.929 turn_time=0.0186255 end_in=0.0186255 cand_pre=35 cand_cap=20 cand=35->20 pre=35 pick(must/bucket/top/rand)=1/8/7/4 depth0=10 depth=4 dlog=4 dper=2 sims=2056 loop=2036 gen_time=0 eval_time=0.019 best_avg=0.324901 best_move=8,4 leader=2 inc2=1 attack_w=0.2 S0=57145 SA=41930 ratio=1.36286 my_comp=17 my_front=27 leader_comp=14 comp_gain(sz/front/cut)=1/0/0
DBG t=61 used=0.022 remain=0.697 turn_time=0.0210619 end_in=0.0210619 cand_pre=11 cand_cap=20 cand=11->11 pre=11 pick(must/bucket/top/rand)=1/6/4/0 depth0=10 depth=7 dlog=3 dper=0 sims=1943 loop=1932 gen_time=0 eval_time=0.022 best_avg=0.225344 best_move=4,0 leader=2 inc2=1 attack_w=0.2 S0=65334 SA=51192 ratio=1.27625 my_comp=4 my_front=10 leader_comp=15 comp_gain(sz/front/cut)=1/1/0
DBG t=74 used=0.021 remain=0.44 turn_time=0.0207138 end_in=0.0207138 cand_pre=4 cand_cap=20 cand=4->4 pre=4 pick(must/bucket/top/rand)=1/2/1/0 depth0=11 depth=10 dlog=1 dper=0 sims=1368 loop=1364 gen_time=0 eval_time=0.021 best_avg=-0.0556079 best_move=6,4 leader=2 inc2=1 attack_w=0.2 S0=66343 SA=62159 ratio=1.06731 my_comp=1 my_front=4 leader_comp=17 comp_gain(sz/front/cut)=11/15/0
DBG t=86 used=0.017 remain=0.215 turn_time=0.0169005 end_in=0.0169005 cand_pre=23 cand_cap=20 cand=23->20 pre=23 pick(must/bucket/top/rand)=1/7/8/4 depth0=11 depth=6 dlog=4 dper=1 sims=1360 loop=1340 gen_time=0 eval_time=0.017 best_avg=-0.135337 best_move=6,4 leader=2 inc2=1 attack_w=0.514906 S0=62910 SA=68908 ratio=0.912958 my_comp=12 my_front=17 leader_comp=18 comp_gain(sz/front/cut)=2/2/0
DBG depth_guard t=99 remain=0.01 cand_pre=26 depth0=0 depth=0
DBG t=99 used=0.007 remain=0.01 turn_time=0.006 end_in=0.006 cand_pre=26 cand_cap=12 cand=26->12 pre=26 pick(must/bucket/top/rand)=1/7/2/2 depth0=0 depth=0 dlog=4 dper=4 sims=7712 loop=7700 gen_time=0 eval_time=0.007 best_avg=-0.0764271 best_move=5,3 leader=2 inc2=1 attack_w=0.461651 S0=71817 SA=76899 ratio=0.933914 my_comp=12 my_front=19 leader_comp=22 comp_gain(sz/front/cut)=1/2/0
DBG summary depth_guard_fired=1
Score = 94124
=== CASE 0129.txt ===
DBG hdr N=10 M=4 T=100 U=2 VMAX=2828 TIME_LIMIT=1.94 MAX_CAND=20 UCB_C=0.21 OBJ=log(S0+1)-log(SA+1)
DBG t=0 used=0.024 remain=1.94 turn_time=0.0236195 end_in=0.0236195 cand_pre=5 cand_cap=20 cand=5->5 pre=5 pick(must/bucket/top/rand)=1/2/2/0 depth0=7 depth=5 dlog=2 dper=0 sims=5881 loop=5876 gen_time=0 eval_time=0.024 best_avg=-0.927387 best_move=3,8 leader=2 inc2=1 attack_w=0.85 S0=250 SA=1776 ratio=0.141249 my_comp=1 my_front=4 leader_comp=1 comp_gain(sz/front/cut)=1/2/0
DBG t=12 used=0.021 remain=1.666 turn_time=0.0205884 end_in=0.0205884 cand_pre=25 cand_cap=20 cand=25->20 pre=25 pick(must/bucket/top/rand)=1/2/13/4 depth0=7 depth=3 dlog=4 dper=0 sims=3376 loop=3356 gen_time=0 eval_time=0.021 best_avg=-0.516682 best_move=0,4 leader=2 inc2=0 attack_w=0.85 S0=14856 SA=26192 ratio=0.567213 my_comp=9 my_front=19 leader_comp=6 comp_gain(sz/front/cut)=1/1/0
DBG t=24 used=0.02 remain=1.422 turn_time=0.0192531 end_in=0.0192531 cand_pre=34 cand_cap=20 cand=34->20 pre=34 pick(must/bucket/top/rand)=1/3/12/4 depth0=7 depth=2 dlog=4 dper=1 sims=2920 loop=2900 gen_time=0 eval_time=0.02 best_avg=-0.306539 best_move=2,5 leader=2 inc2=0 attack_w=0.85 S0=28989 SA=41359 ratio=0.700919 my_comp=15 my_front=27 leader_comp=11 comp_gain(sz/front/cut)=0/0/0
DBG t=37 used=0.019 remain=1.17 turn_time=0.0186271 end_in=0.0186271 cand_pre=38 cand_cap=20 cand=38->20 pre=38 pick(must/bucket/top/rand)=1/6/9/4 depth0=10 depth=3 dlog=5 dper=2 sims=2000 loop=1980 gen_time=0 eval_time=0.019 best_avg=-0.519505 best_move=2,3 leader=2 inc2=0 attack_w=0.85 S0=36840 SA=61549 ratio=0.598554 my_comp=19 my_front=35 leader_comp=16 comp_gain(sz/front/cut)=0/0/0
DBG t=49 used=0.019 remain=0.942 turn_time=0.0181658 end_in=0.0181658 cand_pre=41 cand_cap=20 cand=41->20 pre=41 pick(must/bucket/top/rand)=1/6/9/4 depth0=10 depth=3 dlog=5 dper=2 sims=1872 loop=1852 gen_time=0 eval_time=0.019 best_avg=-0.553473 best_move=3,1 leader=2 inc2=0 attack_w=0.85 S0=42004 SA=66259 ratio=0.633942 my_comp=21 my_front=34 leader_comp=19 comp_gain(sz/front/cut)=1/2/1
DBG t=61 used=0.019 remain=0.716 turn_time=0.0180561 end_in=0.0180561 cand_pre=41 cand_cap=20 cand=41->20 pre=41 pick(must/bucket/top/rand)=1/7/8/4 depth0=10 depth=3 dlog=5 dper=2 sims=1860 loop=1840 gen_time=0 eval_time=0.019 best_avg=-0.631682 best_move=3,2 leader=2 inc2=1 attack_w=0.85 S0=42025 SA=71241 ratio=0.589905 my_comp=21 my_front=34 leader_comp=20 comp_gain(sz/front/cut)=0/0/0
DBG t=74 used=0.019 remain=0.469 turn_time=0.0183271 end_in=0.0183271 cand_pre=36 cand_cap=20 cand=36->20 pre=36 pick(must/bucket/top/rand)=1/7/8/4 depth0=11 depth=4 dlog=5 dper=2 sims=1720 loop=1700 gen_time=0 eval_time=0.019 best_avg=-0.723026 best_move=2,4 leader=2 inc2=1 attack_w=0.85 S0=40520 SA=79473 ratio=0.509865 my_comp=20 my_front=22 leader_comp=24 comp_gain(sz/front/cut)=2/0/0
DBG t=86 used=0.018 remain=0.246 turn_time=0.0177384 end_in=0.0177384 cand_pre=37 cand_cap=20 cand=37->20 pre=37 pick(must/bucket/top/rand)=1/6/9/4 depth0=11 depth=4 dlog=5 dper=2 sims=1576 loop=1556 gen_time=0 eval_time=0.018 best_avg=-0.631288 best_move=2,3 leader=2 inc2=1 attack_w=0.85 S0=40705 SA=80144 ratio=0.507904 my_comp=24 my_front=21 leader_comp=24 comp_gain(sz/front/cut)=0/0/0
DBG depth_guard t=99 remain=0.016 cand_pre=38 depth0=0 depth=0
DBG t=99 used=0.01 remain=0.016 turn_time=0.0096 end_in=0.0096 cand_pre=38 cand_cap=14 cand=38->14 pre=38 pick(must/bucket/top/rand)=1/5/5/3 depth0=0 depth=0 dlog=5 dper=4 sims=10474 loop=10460 gen_time=0 eval_time=0.01 best_avg=-0.566857 best_move=3,5 leader=2 inc2=1 attack_w=0.85 S0=44996 SA=81148 ratio=0.554499 my_comp=26 my_front=22 leader_comp=24 comp_gain(sz/front/cut)=0/0/0
DBG summary depth_guard_fired=1
Score = 64711
=== CASE 0130.txt ===
DBG hdr N=10 M=6 T=100 U=2 VMAX=1824 TIME_LIMIT=1.94 MAX_CAND=20 UCB_C=0.21 OBJ=log(S0+1)-log(SA+1)
DBG t=0 used=0.024 remain=1.94 turn_time=0.0238717 end_in=0.0238717 cand_pre=3 cand_cap=20 cand=3->3 pre=3 pick(must/bucket/top/rand)=1/2/0/0 depth0=7 depth=6 dlog=1 dper=0 sims=3995 loop=3992 gen_time=0 eval_time=0.024 best_avg=-0.727504 best_move=4,2 leader=5 inc2=1 attack_w=0.434948 S0=1676 SA=1774 ratio=0.944789 my_comp=1 my_front=4 leader_comp=1 comp_gain(sz/front/cut)=0/0/0
DBG t=12 used=0.023 remain=1.661 turn_time=0.0223669 end_in=0.0223669 cand_pre=10 cand_cap=20 cand=10->10 pre=10 pick(must/bucket/top/rand)=1/3/6/0 depth0=7 depth=4 dlog=3 dper=0 sims=3486 loop=3476 gen_time=0 eval_time=0.023 best_avg=-0.580537 best_move=5,8 leader=5 inc2=1 attack_w=0.85 S0=9618 SA=19644 ratio=0.489641 my_comp=3 my_front=8 leader_comp=8 comp_gain(sz/front/cut)=1/2/0
DBG t=24 used=0.021 remain=1.397 turn_time=0.0207068 end_in=0.0207068 cand_pre=19 cand_cap=20 cand=19->19 pre=19 pick(must/bucket/top/rand)=1/3/12/3 depth0=7 depth=3 dlog=4 dper=0 sims=3079 loop=3060 gen_time=0 eval_time=0.021 best_avg=0.0112291 best_move=4,9 leader=5 inc2=1 attack_w=0.399608 S0=23262 SA=24242 ratio=0.959576 my_comp=8 my_front=16 leader_comp=11 comp_gain(sz/front/cut)=0/0/0
DBG t=37 used=0.019 remain=1.134 turn_time=0.018639 end_in=0.018639 cand_pre=33 cand_cap=20 cand=33->20 pre=33 pick(must/bucket/top/rand)=1/4/11/4 depth0=10 depth=5 dlog=4 dper=1 sims=1476 loop=1456 gen_time=0 eval_time=0.019 best_avg=0.481538 best_move=8,7 leader=5 inc2=1 attack_w=0.2 S0=37172 SA=25103 ratio=1.48076 my_comp=16 my_front=22 leader_comp=12 comp_gain(sz/front/cut)=1/2/0
DBG t=49 used=0.017 remain=0.909 turn_time=0.0169502 end_in=0.0169502 cand_pre=46 cand_cap=20 cand=46->20 pre=46 pick(must/bucket/top/rand)=1/8/7/4 depth0=10 depth=2 dlog=5 dper=3 sims=1680 loop=1660 gen_time=0 eval_time=0.017 best_avg=0.852041 best_move=9,3 leader=4 inc2=1 attack_w=0.2 S0=47693 SA=20771 ratio=2.29607 my_comp=22 my_front=33 leader_comp=11 comp_gain(sz/front/cut)=0/0/0
DBG t=61 used=0.017 remain=0.705 turn_time=0.0164862 end_in=0.0164862 cand_pre=52 cand_cap=20 cand=52->20 pre=52 pick(must/bucket/top/rand)=1/8/7/4 depth0=10 depth=2 dlog=5 dper=3 sims=1560 loop=1540 gen_time=0 eval_time=0.017 best_avg=0.952493 best_move=2,6 leader=4 inc2=1 attack_w=0.2 S0=54756 SA=20442 ratio=2.67852 my_comp=24 my_front=37 leader_comp=11 comp_gain(sz/front/cut)=1/2/1
DBG t=74 used=0.018 remain=0.479 turn_time=0.0172808 end_in=0.0172808 cand_pre=48 cand_cap=20 cand=48->20 pre=48 pick(must/bucket/top/rand)=1/7/8/4 depth0=11 depth=3 dlog=5 dper=3 sims=1872 loop=1852 gen_time=0 eval_time=0.018 best_avg=0.836033 best_move=8,4 leader=3 inc2=1 attack_w=0.2 S0=50943 SA=21259 ratio=2.39624 my_comp=23 my_front=35 leader_comp=3 comp_gain(sz/front/cut)=0/0/0
DBG t=86 used=0.021 remain=0.241 turn_time=0.0206227 end_in=0.0206227 cand_pre=8 cand_cap=20 cand=8->8 pre=8 pick(must/bucket/top/rand)=1/0/7/0 depth0=11 depth=6 dlog=2 dper=0 sims=1656 loop=1648 gen_time=0 eval_time=0.021 best_avg=0.647503 best_move=9,1 leader=1 inc2=1 attack_w=0.2 S0=47022 SA=22778 ratio=2.06431 my_comp=3 my_front=6 leader_comp=12 comp_gain(sz/front/cut)=1/1/0
DBG depth_guard t=99 remain=0.015 cand_pre=42 depth0=0 depth=0
DBG t=99 used=0.01 remain=0.015 turn_time=0.009 end_in=0.009 cand_pre=42 cand_cap=14 cand=42->14 pre=42 pick(must/bucket/top/rand)=1/7/3/3 depth0=0 depth=0 dlog=5 dper=5 sims=11086 loop=11072 gen_time=0 eval_time=0.01 best_avg=0.975336 best_move=8,0 leader=4 inc2=1 attack_w=0.2 S0=50604 SA=18109 ratio=2.79431 my_comp=21 my_front=27 leader_comp=13 comp_gain(sz/front/cut)=1/1/0
DBG summary depth_guard_fired=1
Score = 192655
=== CASE 0131.txt ===
DBG hdr N=10 M=5 T=100 U=1 VMAX=1033 TIME_LIMIT=1.94 MAX_CAND=20 UCB_C=0.21 OBJ=log(S0+1)-log(SA+1)
DBG t=0 used=0.024 remain=1.94 turn_time=0.0237456 end_in=0.0237456 cand_pre=4 cand_cap=20 cand=4->4 pre=4 pick(must/bucket/top/rand)=1/2/1/0 depth0=7 depth=6 dlog=1 dper=0 sims=4152 loop=4148 gen_time=0 eval_time=0.024 best_avg=-0.117224 best_move=0,3 leader=1 inc2=1 attack_w=0.194942 S0=1028 SA=1024 ratio=1.0039 my_comp=1 my_front=3 leader_comp=1 comp_gain(sz/front/cut)=1/1/0
DBG t=12 used=0.021 remain=1.667 turn_time=0.0207238 end_in=0.0207238 cand_pre=24 cand_cap=20 cand=24->20 pre=24 pick(must/bucket/top/rand)=1/2/13/4 depth0=7 depth=3 dlog=4 dper=0 sims=2988 loop=2968 gen_time=0 eval_time=0.021 best_avg=0.112833 best_move=3,3 leader=2 inc2=0 attack_w=0.2 S0=13162 SA=12002 ratio=1.09664 my_comp=13 my_front=17 leader_comp=12 comp_gain(sz/front/cut)=1/2/0
DBG t=24 used=0.019 remain=1.424 turn_time=0.0185495 end_in=0.0185495 cand_pre=40 cand_cap=20 cand=40->20 pre=40 pick(must/bucket/top/rand)=1/6/9/4 depth0=7 depth=0 dlog=5 dper=2 sims=21940 loop=21920 gen_time=0 eval_time=0.019 best_avg=0.393485 best_move=5,6 leader=1 inc2=1 attack_w=0.2 S0=24228 SA=16142 ratio=1.5009 my_comp=24 my_front=31 leader_comp=16 comp_gain(sz/front/cut)=1/2/0
DBG t=37 used=0.024 remain=1.179 turn_time=0.0230279 end_in=0.0230279 cand_pre=3 cand_cap=20 cand=3->3 pre=3 pick(must/bucket/top/rand)=1/2/0/0 depth0=10 depth=9 dlog=1 dper=0 sims=1003 loop=1000 gen_time=0 eval_time=0.024 best_avg=0.391912 best_move=4,1 leader=2 inc2=1 attack_w=0.2 S0=29111 SA=20104 ratio=1.448 my_comp=1 my_front=3 leader_comp=10 comp_gain(sz/front/cut)=1/2/0
DBG t=49 used=0.018 remain=0.951 turn_time=0.0171273 end_in=0.0171273 cand_pre=51 cand_cap=20 cand=51->20 pre=51 pick(must/bucket/top/rand)=1/5/10/4 depth0=10 depth=2 dlog=5 dper=3 sims=1472 loop=1452 gen_time=0 eval_time=0.018 best_avg=0.686292 best_move=3,2 leader=2 inc2=1 attack_w=0.2 S0=37019 SA=19058 ratio=1.94239 my_comp=35 my_front=37 leader_comp=1 comp_gain(sz/front/cut)=1/-2/0
DBG t=61 used=0.017 remain=0.742 turn_time=0.0168567 end_in=0.0168567 cand_pre=56 cand_cap=20 cand=56->20 pre=56 pick(must/bucket/top/rand)=1/5/10/4 depth0=10 depth=2 dlog=5 dper=3 sims=1128 loop=1108 gen_time=0 eval_time=0.017 best_avg=0.715826 best_move=8,0 leader=4 inc2=1 attack_w=0.2 S0=36964 SA=18018 ratio=2.05145 my_comp=37 my_front=40 leader_comp=2 comp_gain(sz/front/cut)=1/-1/0
DBG t=74 used=0.018 remain=0.5 turn_time=0.0174135 end_in=0.0174135 cand_pre=53 cand_cap=20 cand=53->20 pre=53 pick(must/bucket/top/rand)=1/4/11/4 depth0=11 depth=3 dlog=5 dper=3 sims=1168 loop=1148 gen_time=0 eval_time=0.018 best_avg=0.811735 best_move=9,3 leader=2 inc2=1 attack_w=0.2 S0=36939 SA=16028 ratio=2.30457 my_comp=33 my_front=37 leader_comp=4 comp_gain(sz/front/cut)=1/1/0
DBG t=86 used=0.018 remain=0.29 turn_time=0.0174104 end_in=0.0174104 cand_pre=63 cand_cap=14 cand=63->14 pre=42 pick(must/bucket/top/rand)=1/4/6/3 depth0=11 depth=2 dlog=5 dper=4 sims=1066 loop=1052 gen_time=0 eval_time=0.018 best_avg=1.02345 best_move=2,7 leader=2 inc2=1 attack_w=0.2 S0=44045 SA=15007 ratio=2.93483 my_comp=44 my_front=39 leader_comp=6 comp_gain(sz/front/cut)=1/2/0
DBG depth_guard t=99 remain=0.015 cand_pre=71 depth0=0 depth=0
DBG t=99 used=0.01 remain=0.015 turn_time=0.009 end_in=0.009 cand_pre=71 cand_cap=14 cand=71->14 pre=42 pick(must/bucket/top/rand)=1/4/6/3 depth0=0 depth=0 dlog=5 dper=5 sims=14126 loop=14112 gen_time=0 eval_time=0.01 best_avg=1.19293 best_move=6,1 leader=1 inc2=1 attack_w=0.2 S0=47902 SA=15049 ratio=3.18292 my_comp=47 my_front=49 leader_comp=7 comp_gain(sz/front/cut)=1/-2/0
DBG summary depth_guard_fired=1
Score = 206589
=== CASE 0134.txt ===
DBG hdr N=10 M=6 T=100 U=3 VMAX=1790 TIME_LIMIT=1.94 MAX_CAND=20 UCB_C=0.21 OBJ=log(S0+1)-log(SA+1)
DBG t=0 used=0.024 remain=1.94 turn_time=0.0238717 end_in=0.0238717 cand_pre=3 cand_cap=20 cand=3->3 pre=3 pick(must/bucket/top/rand)=1/2/0/0 depth0=7 depth=6 dlog=1 dper=0 sims=3939 loop=3936 gen_time=0 eval_time=0.024 best_avg=-0.327465 best_move=8,9 leader=2 inc2=1 attack_w=0.85 S0=657 SA=1736 ratio=0.378814 my_comp=1 my_front=2 leader_comp=1 comp_gain(sz/front/cut)=1/1/0
DBG t=12 used=0.023 remain=1.659 turn_time=0.0220949 end_in=0.0220949 cand_pre=12 cand_cap=20 cand=12->12 pre=12 pick(must/bucket/top/rand)=1/4/7/0 depth0=7 depth=4 dlog=3 dper=0 sims=3708 loop=3696 gen_time=0 eval_time=0.023 best_avg=-0.0455307 best_move=5,9 leader=5 inc2=1 attack_w=0.284112 S0=16727 SA=16540 ratio=1.01131 my_comp=6 my_front=8 leader_comp=5 comp_gain(sz/front/cut)=0/0/0
DBG t=24 used=0.021 remain=1.4 turn_time=0.0202724 end_in=0.0202724 cand_pre=23 cand_cap=20 cand=23->20 pre=23 pick(must/bucket/top/rand)=1/4/11/4 depth0=7 depth=3 dlog=4 dper=0 sims=3124 loop=3104 gen_time=0 eval_time=0.021 best_avg=0.213845 best_move=7,5 leader=5 inc2=1 attack_w=0.2 S0=30774 SA=27140 ratio=1.13389 my_comp=11 my_front=16 leader_comp=8 comp_gain(sz/front/cut)=1/2/0
DBG t=37 used=0.019 remain=1.139 turn_time=0.0186037 end_in=0.0186037 cand_pre=34 cand_cap=20 cand=34->20 pre=34 pick(must/bucket/top/rand)=1/3/12/4 depth0=10 depth=4 dlog=4 dper=2 sims=1804 loop=1784 gen_time=0 eval_time=0.019 best_avg=0.323456 best_move=8,4 leader=4 inc2=1 attack_w=0.2 S0=44188 SA=30505 ratio=1.44853 my_comp=18 my_front=25 leader_comp=9 comp_gain(sz/front/cut)=0/0/0
DBG t=49 used=0.018 remain=0.914 turn_time=0.0176259 end_in=0.0176259 cand_pre=41 cand_cap=20 cand=41->20 pre=41 pick(must/bucket/top/rand)=1/8/7/4 depth0=10 depth=3 dlog=5 dper=2 sims=1572 loop=1552 gen_time=0 eval_time=0.018 best_avg=0.465188 best_move=8,7 leader=5 inc2=1 attack_w=0.2 S0=57898 SA=38174 ratio=1.51667 my_comp=23 my_front=29 leader_comp=12 comp_gain(sz/front/cut)=1/2/0
DBG t=61 used=0.018 remain=0.698 turn_time=0.0177185 end_in=0.0177185 cand_pre=40 cand_cap=20 cand=40->20 pre=40 pick(must/bucket/top/rand)=1/6/9/4 depth0=10 depth=3 dlog=5 dper=2 sims=1656 loop=1636 gen_time=0 eval_time=0.018 best_avg=0.475976 best_move=5,8 leader=4 inc2=1 attack_w=0.2 S0=66163 SA=39509 ratio=1.67461 my_comp=24 my_front=31 leader_comp=13 comp_gain(sz/front/cut)=0/0/0
DBG t=74 used=0.018 remain=0.464 turn_time=0.0173197 end_in=0.0173197 cand_pre=43 cand_cap=20 cand=43->20 pre=43 pick(must/bucket/top/rand)=1/6/9/4 depth0=11 depth=4 dlog=5 dper=2 sims=1408 loop=1388 gen_time=0 eval_time=0.018 best_avg=0.581214 best_move=3,7 leader=4 inc2=1 attack_w=0.2 S0=70775 SA=39422 ratio=1.7953 my_comp=25 my_front=33 leader_comp=12 comp_gain(sz/front/cut)=0/0/0
DBG t=86 used=0.017 remain=0.253 turn_time=0.0167161 end_in=0.0167161 cand_pre=50 cand_cap=20 cand=50->20 pre=50 pick(must/bucket/top/rand)=1/6/9/4 depth0=11 depth=3 dlog=5 dper=3 sims=1388 loop=1368 gen_time=0 eval_time=0.017 best_avg=0.567568 best_move=3,7 leader=4 inc2=1 attack_w=0.2 S0=74914 SA=41265 ratio=1.81542 my_comp=28 my_front=38 leader_comp=14 comp_gain(sz/front/cut)=0/0/0
DBG t=99 used=0.013 remain=0.021 turn_time=0.0126 end_in=0.0126 cand_pre=52 cand_cap=16 cand=52->16 pre=48 pick(must/bucket/top/rand)=1/6/5/4 depth0=0 depth=0 dlog=5 dper=4 sims=9304 loop=9288 gen_time=0 eval_time=0.013 best_avg=0.600373 best_move=6,2 leader=4 inc2=1 attack_w=0.2 S0=83628 SA=44524 ratio=1.87825 my_comp=30 my_front=42 leader_comp=14 comp_gain(sz/front/cut)=0/0/0
DBG summary depth_guard_fired=0
Score = 149093
=== CASE 0136.txt ===
DBG hdr N=10 M=6 T=100 U=1 VMAX=2305 TIME_LIMIT=1.94 MAX_CAND=20 UCB_C=0.21 OBJ=log(S0+1)-log(SA+1)
DBG t=0 used=0.024 remain=1.94 turn_time=0.0236195 end_in=0.0236195 cand_pre=5 cand_cap=20 cand=5->5 pre=5 pick(must/bucket/top/rand)=1/2/2/0 depth0=7 depth=5 dlog=2 dper=0 sims=4713 loop=4708 gen_time=0 eval_time=0.024 best_avg=-0.481231 best_move=4,5 leader=5 inc2=1 attack_w=0.85 S0=804 SA=2305 ratio=0.349089 my_comp=1 my_front=4 leader_comp=1 comp_gain(sz/front/cut)=1/2/0
DBG t=12 used=0.023 remain=1.67 turn_time=0.0226114 end_in=0.0226114 cand_pre=9 cand_cap=20 cand=9->9 pre=9 pick(must/bucket/top/rand)=1/4/4/0 depth0=7 depth=4 dlog=3 dper=0 sims=2929 loop=2920 gen_time=0 eval_time=0.023 best_avg=-0.402011 best_move=0,3 leader=2 inc2=1 attack_w=0.85 S0=10782 SA=20585 ratio=0.523803 my_comp=3 my_front=8 leader_comp=11 comp_gain(sz/front/cut)=1/1/3
DBG t=24 used=0.021 remain=1.403 turn_time=0.0203158 end_in=0.0203158 cand_pre=23 cand_cap=20 cand=23->20 pre=23 pick(must/bucket/top/rand)=1/4/11/4 depth0=7 depth=3 dlog=4 dper=0 sims=2592 loop=2572 gen_time=0 eval_time=0.021 best_avg=0.176111 best_move=3,3 leader=1 inc2=1 attack_w=0.2 S0=17129 SA=14725 ratio=1.16325 my_comp=11 my_front=19 leader_comp=10 comp_gain(sz/front/cut)=1/0/6
DBG t=37 used=0.02 remain=1.14 turn_time=0.0197962 end_in=0.0197962 cand_pre=24 cand_cap=20 cand=24->20 pre=24 pick(must/bucket/top/rand)=1/6/9/4 depth0=10 depth=6 dlog=4 dper=0 sims=1580 loop=1560 gen_time=0 eval_time=0.02 best_avg=0.168572 best_move=7,1 leader=4 inc2=1 attack_w=0.549891 S0=17678 SA=19649 ratio=0.899695 my_comp=11 my_front=19 leader_comp=4 comp_gain(sz/front/cut)=1/2/0
DBG t=49 used=0.02 remain=0.891 turn_time=0.0197942 end_in=0.0197942 cand_pre=18 cand_cap=20 cand=18->18 pre=18 pick(must/bucket/top/rand)=1/3/12/2 depth0=10 depth=6 dlog=4 dper=0 sims=1998 loop=1980 gen_time=0 eval_time=0.02 best_avg=0.333043 best_move=1,6 leader=4 inc2=1 attack_w=0.2 S0=24587 SA=21812 ratio=1.12722 my_comp=7 my_front=16 leader_comp=2 comp_gain(sz/front/cut)=1/0/0
DBG t=61 used=0.017 remain=0.673 turn_time=0.0162987 end_in=0.0162987 cand_pre=47 cand_cap=20 cand=47->20 pre=47 pick(must/bucket/top/rand)=1/5/10/4 depth0=10 depth=2 dlog=5 dper=3 sims=1760 loop=1740 gen_time=0 eval_time=0.017 best_avg=0.739531 best_move=3,2 leader=3 inc2=1 attack_w=0.2 S0=31499 SA=16998 ratio=1.85305 my_comp=26 my_front=33 leader_comp=3 comp_gain(sz/front/cut)=1/0/0
DBG t=74 used=0.016 remain=0.452 turn_time=0.0152898 end_in=0.0152898 cand_pre=57 cand_cap=20 cand=57->20 pre=57 pick(must/bucket/top/rand)=1/6/9/4 depth0=11 depth=2 dlog=5 dper=4 sims=1288 loop=1268 gen_time=0 eval_time=0.016 best_avg=0.947242 best_move=1,5 leader=3 inc2=1 attack_w=0.2 S0=33869 SA=13617 ratio=2.48715 my_comp=31 my_front=44 leader_comp=1 comp_gain(sz/front/cut)=1/-2/0
DBG t=86 used=0.016 remain=0.26 turn_time=0.0159714 end_in=0.0159714 cand_pre=60 cand_cap=20 cand=60->20 pre=60 pick(must/bucket/top/rand)=1/5/10/4 depth0=11 depth=2 dlog=5 dper=4 sims=1088 loop=1068 gen_time=0 eval_time=0.016 best_avg=1.11925 best_move=3,3 leader=5 inc2=1 attack_w=0.2 S0=42568 SA=13955 ratio=3.05023 my_comp=36 my_front=46 leader_comp=3 comp_gain(sz/front/cut)=1/-2/0
DBG t=99 used=0.016 remain=0.025 turn_time=0.015 end_in=0.015 cand_pre=62 cand_cap=14 cand=62->14 pre=42 pick(must/bucket/top/rand)=1/5/5/3 depth0=0 depth=0 dlog=5 dper=4 sims=23822 loop=23808 gen_time=0 eval_time=0.016 best_avg=1.33867 best_move=2,5 leader=3 inc2=1 attack_w=0.2 S0=42227 SA=10121 ratio=4.1719 my_comp=37 my_front=49 leader_comp=1 comp_gain(sz/front/cut)=1/0/0
DBG summary depth_guard_fired=0
Score = 206008
=== CASE 0132.txt ===
DBG hdr N=10 M=5 T=100 U=3 VMAX=2576 TIME_LIMIT=1.94 MAX_CAND=20 UCB_C=0.21 OBJ=log(S0+1)-log(SA+1)
DBG t=0 used=0.024 remain=1.94 turn_time=0.0237456 end_in=0.0237456 cand_pre=4 cand_cap=20 cand=4->4 pre=4 pick(must/bucket/top/rand)=1/2/1/0 depth0=7 depth=6 dlog=1 dper=0 sims=4400 loop=4396 gen_time=0 eval_time=0.024 best_avg=-0.543759 best_move=9,1 leader=4 inc2=1 attack_w=0.85 S0=753 SA=1061 ratio=0.709981 my_comp=1 my_front=3 leader_comp=1 comp_gain(sz/front/cut)=1/1/0
DBG t=12 used=0.023 remain=1.656 turn_time=0.0226665 end_in=0.0226665 cand_pre=7 cand_cap=20 cand=7->7 pre=7 pick(must/bucket/top/rand)=1/3/3/0 depth0=7 depth=5 dlog=2 dper=0 sims=3663 loop=3656 gen_time=0 eval_time=0.023 best_avg=-0.726335 best_move=8,0 leader=4 inc2=1 attack_w=0.85 S0=8572 SA=21705 ratio=0.39496 my_comp=4 my_front=5 leader_comp=1 comp_gain(sz/front/cut)=0/0/0
DBG t=24 used=0.021 remain=1.388 turn_time=0.0204547 end_in=0.0204547 cand_pre=20 cand_cap=20 cand=20->20 pre=20 pick(must/bucket/top/rand)=1/6/9/4 depth0=7 depth=3 dlog=4 dper=0 sims=3632 loop=3612 gen_time=0 eval_time=0.021 best_avg=-0.498318 best_move=5,1 leader=4 inc2=1 attack_w=0.85 S0=13362 SA=21606 ratio=0.618457 my_comp=9 my_front=16 leader_comp=3 comp_gain(sz/front/cut)=0/0/0
DBG t=37 used=0.02 remain=1.124 turn_time=0.0194024 end_in=0.0194024 cand_pre=25 cand_cap=20 cand=25->20 pre=25 pick(must/bucket/top/rand)=1/7/8/4 depth0=10 depth=6 dlog=4 dper=0 sims=1724 loop=1704 gen_time=0 eval_time=0.02 best_avg=-0.515377 best_move=9,1 leader=3 inc2=1 attack_w=0.85 S0=22989 SA=35007 ratio=0.656707 my_comp=11 my_front=20 leader_comp=18 comp_gain(sz/front/cut)=0/0/0
DBG t=49 used=0.02 remain=0.888 turn_time=0.0190485 end_in=0.0190485 cand_pre=24 cand_cap=20 cand=24->20 pre=24 pick(must/bucket/top/rand)=1/6/9/4 depth0=10 depth=6 dlog=4 dper=0 sims=2004 loop=1984 gen_time=0 eval_time=0.02 best_avg=-0.502585 best_move=2,2 leader=3 inc2=0 attack_w=0.85 S0=32575 SA=46998 ratio=0.693121 my_comp=10 my_front=22 leader_comp=21 comp_gain(sz/front/cut)=0/0/0
DBG t=61 used=0.019 remain=0.659 turn_time=0.0180465 end_in=0.0180465 cand_pre=28 cand_cap=20 cand=28->20 pre=28 pick(must/bucket/top/rand)=1/6/9/4 depth0=10 depth=5 dlog=4 dper=1 sims=1912 loop=1892 gen_time=0 eval_time=0.019 best_avg=-0.465614 best_move=1,2 leader=3 inc2=0 attack_w=0.85 S0=39204 SA=57248 ratio=0.684815 my_comp=13 my_front=22 leader_comp=25 comp_gain(sz/front/cut)=0/0/0
DBG t=74 used=0.018 remain=0.42 turn_time=0.0176723 end_in=0.0176723 cand_pre=24 cand_cap=20 cand=24->20 pre=24 pick(must/bucket/top/rand)=1/5/10/4 depth0=11 depth=6 dlog=4 dper=1 sims=1492 loop=1472 gen_time=0 eval_time=0.018 best_avg=-0.662061 best_move=3,3 leader=3 inc2=0 attack_w=0.85 S0=37786 SA=62558 ratio=0.604022 my_comp=11 my_front=16 leader_comp=30 comp_gain(sz/front/cut)=0/0/0
DBG t=86 used=0.017 remain=0.209 turn_time=0.0162348 end_in=0.0162348 cand_pre=25 cand_cap=20 cand=25->20 pre=25 pick(must/bucket/top/rand)=1/5/10/4 depth0=11 depth=6 dlog=4 dper=1 sims=1428 loop=1408 gen_time=0 eval_time=0.017 best_avg=-0.624904 best_move=2,3 leader=3 inc2=0 attack_w=0.85 S0=42151 SA=65359 ratio=0.64492 my_comp=13 my_front=18 leader_comp=32 comp_gain(sz/front/cut)=0/0/0
DBG depth_guard t=99 remain=0.01 cand_pre=23 depth0=0 depth=0
DBG t=99 used=0.007 remain=0.01 turn_time=0.006 end_in=0.006 cand_pre=23 cand_cap=12 cand=23->12 pre=23 pick(must/bucket/top/rand)=1/4/5/2 depth0=0 depth=0 dlog=4 dper=4 sims=5152 loop=5140 gen_time=0 eval_time=0.007 best_avg=-0.398918 best_move=4,2 leader=3 inc2=0 attack_w=0.85 S0=47461 SA=68614 ratio=0.691715 my_comp=13 my_front=18 leader_comp=33 comp_gain(sz/front/cut)=0/0/0
DBG summary depth_guard_fired=1
Score = 77280
=== CASE 0135.txt ===
DBG hdr N=10 M=7 T=100 U=5 VMAX=1885 TIME_LIMIT=1.94 MAX_CAND=20 UCB_C=0.21 OBJ=log(S0+1)-log(SA+1)
DBG t=0 used=0.024 remain=1.94 turn_time=0.0236195 end_in=0.0236195 cand_pre=5 cand_cap=20 cand=5->5 pre=5 pick(must/bucket/top/rand)=1/2/2/0 depth0=7 depth=5 dlog=2 dper=0 sims=4865 loop=4860 gen_time=0 eval_time=0.024 best_avg=-0.417574 best_move=6,3 leader=4 inc2=1 attack_w=0.85 S0=490 SA=1740 ratio=0.282022 my_comp=1 my_front=4 leader_comp=1 comp_gain(sz/front/cut)=1/2/0
DBG t=12 used=0.022 remain=1.659 turn_time=0.0217272 end_in=0.0217272 cand_pre=15 cand_cap=20 cand=15->15 pre=15 pick(must/bucket/top/rand)=1/4/10/0 depth0=7 depth=4 dlog=3 dper=0 sims=3347 loop=3332 gen_time=0 eval_time=0.022 best_avg=-0.136903 best_move=4,5 leader=3 inc2=1 attack_w=0.85 S0=16246 SA=21364 ratio=0.760449 my_comp=5 my_front=12 leader_comp=5 comp_gain(sz/front/cut)=1/2/0
DBG t=24 used=0.02 remain=1.407 turn_time=0.0198924 end_in=0.0198924 cand_pre=27 cand_cap=20 cand=27->20 pre=27 pick(must/bucket/top/rand)=1/5/10/4 depth0=7 depth=2 dlog=4 dper=1 sims=3292 loop=3272 gen_time=0 eval_time=0.02 best_avg=0.1426 best_move=2,4 leader=6 inc2=1 attack_w=0.2 S0=36629 SA=33887 ratio=1.08091 my_comp=10 my_front=22 leader_comp=10 comp_gain(sz/front/cut)=0/0/0
DBG t=37 used=0.02 remain=1.147 turn_time=0.0192077 end_in=0.0192077 cand_pre=30 cand_cap=20 cand=30->20 pre=30 pick(must/bucket/top/rand)=1/8/7/4 depth0=10 depth=5 dlog=4 dper=1 sims=1800 loop=1780 gen_time=0 eval_time=0.02 best_avg=0.104863 best_move=2,4 leader=6 inc2=1 attack_w=0.2 S0=49749 SA=43247 ratio=1.15034 my_comp=13 my_front=24 leader_comp=10 comp_gain(sz/front/cut)=0/0/0
DBG t=49 used=0.019 remain=0.914 turn_time=0.0187908 end_in=0.0187908 cand_pre=31 cand_cap=20 cand=31->20 pre=31 pick(must/bucket/top/rand)=1/6/9/4 depth0=10 depth=5 dlog=4 dper=1 sims=1536 loop=1516 gen_time=0 eval_time=0.019 best_avg=0.267336 best_move=5,7 leader=6 inc2=1 attack_w=0.2 S0=63772 SA=50807 ratio=1.25518 my_comp=15 my_front=24 leader_comp=12 comp_gain(sz/front/cut)=1/2/0
DBG t=61 used=0.018 remain=0.694 turn_time=0.0171543 end_in=0.0171543 cand_pre=44 cand_cap=20 cand=44->20 pre=44 pick(must/bucket/top/rand)=1/7/8/4 depth0=10 depth=2 dlog=5 dper=3 sims=2108 loop=2088 gen_time=0 eval_time=0.018 best_avg=0.612251 best_move=7,7 leader=6 inc2=1 attack_w=0.2 S0=77323 SA=45737 ratio=1.69059 my_comp=21 my_front=35 leader_comp=2 comp_gain(sz/front/cut)=0/0/0
DBG t=74 used=0.018 remain=0.462 turn_time=0.017014 end_in=0.017014 cand_pre=45 cand_cap=20 cand=45->20 pre=45 pick(must/bucket/top/rand)=1/8/7/4 depth0=11 depth=3 dlog=5 dper=3 sims=1692 loop=1672 gen_time=0 eval_time=0.018 best_avg=0.583481 best_move=6,2 leader=6 inc2=1 attack_w=0.2 S0=76992 SA=43572 ratio=1.76699 my_comp=21 my_front=37 leader_comp=3 comp_gain(sz/front/cut)=0/0/0
DBG t=86 used=0.018 remain=0.252 turn_time=0.017235 end_in=0.017235 cand_pre=45 cand_cap=20 cand=45->20 pre=45 pick(must/bucket/top/rand)=1/7/8/4 depth0=11 depth=3 dlog=5 dper=3 sims=1540 loop=1520 gen_time=0 eval_time=0.018 best_avg=0.68136 best_move=4,4 leader=3 inc2=1 attack_w=0.2 S0=87142 SA=44470 ratio=1.95955 my_comp=23 my_front=38 leader_comp=11 comp_gain(sz/front/cut)=0/0/0
DBG depth_guard t=99 remain=0.019 cand_pre=43 depth0=0 depth=0
DBG t=99 used=0.012 remain=0.019 turn_time=0.0114 end_in=0.0114 cand_pre=43 cand_cap=16 cand=43->16 pre=43 pick(must/bucket/top/rand)=1/8/3/4 depth0=0 depth=0 dlog=5 dper=4 sims=9128 loop=9112 gen_time=0 eval_time=0.012 best_avg=0.702076 best_move=7,7 leader=3 inc2=1 attack_w=0.2 S0=89531 SA=44289 ratio=2.02149 my_comp=20 my_front=34 leader_comp=12 comp_gain(sz/front/cut)=0/0/0
DBG summary depth_guard_fired=1
Score = 158082
=== CASE 0133.txt ===
DBG hdr N=10 M=7 T=100 U=3 VMAX=1854 TIME_LIMIT=1.94 MAX_CAND=20 UCB_C=0.21 OBJ=log(S0+1)-log(SA+1)
DBG t=0 used=0.024 remain=1.94 turn_time=0.0237456 end_in=0.0237456 cand_pre=4 cand_cap=20 cand=4->4 pre=4 pick(must/bucket/top/rand)=1/2/1/0 depth0=7 depth=6 dlog=1 dper=0 sims=3588 loop=3584 gen_time=0 eval_time=0.024 best_avg=-0.1717 best_move=9,5 leader=3 inc2=1 attack_w=0.506222 S0=1499 SA=1636 ratio=0.91631 my_comp=1 my_front=3 leader_comp=1 comp_gain(sz/front/cut)=0/0/0
DBG t=12 used=0.023 remain=1.658 turn_time=0.0220815 end_in=0.0220815 cand_pre=12 cand_cap=20 cand=12->12 pre=12 pick(must/bucket/top/rand)=1/4/7/0 depth0=7 depth=4 dlog=3 dper=0 sims=3460 loop=3448 gen_time=0 eval_time=0.023 best_avg=0.107905 best_move=8,3 leader=4 inc2=1 attack_w=0.2 S0=17492 SA=15169 ratio=1.15313 my_comp=6 my_front=9 leader_comp=6 comp_gain(sz/front/cut)=0/0/0
DBG t=24 used=0.022 remain=1.391 turn_time=0.0210938 end_in=0.0210938 cand_pre=15 cand_cap=20 cand=15->15 pre=15 pick(must/bucket/top/rand)=1/6/8/0 depth0=7 depth=4 dlog=3 dper=0 sims=2915 loop=2900 gen_time=0 eval_time=0.022 best_avg=0.0602959 best_move=8,5 leader=6 inc2=1 attack_w=0.2 S0=30405 SA=26867 ratio=1.13168 my_comp=9 my_front=13 leader_comp=10 comp_gain(sz/front/cut)=0/0/0
DBG t=37 used=0.02 remain=1.118 turn_time=0.0197602 end_in=0.0197602 cand_pre=21 cand_cap=20 cand=21->20 pre=21 pick(must/bucket/top/rand)=1/5/10/4 depth0=10 depth=6 dlog=4 dper=0 sims=1588 loop=1568 gen_time=0 eval_time=0.02 best_avg=-0.116063 best_move=9,0 leader=6 inc2=1 attack_w=0.333115 S0=40741 SA=41207 ratio=0.988692 my_comp=12 my_front=15 leader_comp=11 comp_gain(sz/front/cut)=0/0/0
DBG t=49 used=0.019 remain=0.881 turn_time=0.0186737 end_in=0.0186737 cand_pre=26 cand_cap=20 cand=26->20 pre=26 pick(must/bucket/top/rand)=1/6/9/4 depth0=10 depth=5 dlog=4 dper=1 sims=1528 loop=1508 gen_time=0 eval_time=0.019 best_avg=-0.144767 best_move=8,2 leader=6 inc2=1 attack_w=0.53093 S0=45815 SA=50522 ratio=0.906835 my_comp=15 my_front=19 leader_comp=19 comp_gain(sz/front/cut)=1/0/0
DBG t=61 used=0.019 remain=0.653 turn_time=0.0184263 end_in=0.0184263 cand_pre=23 cand_cap=20 cand=23->20 pre=23 pick(must/bucket/top/rand)=1/5/10/4 depth0=10 depth=6 dlog=4 dper=0 sims=1320 loop=1300 gen_time=0 eval_time=0.019 best_avg=-0.132833 best_move=8,7 leader=6 inc2=1 attack_w=0.353038 S0=53796 SA=54906 ratio=0.979784 my_comp=16 my_front=19 leader_comp=19 comp_gain(sz/front/cut)=0/0/0
DBG t=74 used=0.017 remain=0.416 turn_time=0.016984 end_in=0.016984 cand_pre=29 cand_cap=20 cand=29->20 pre=29 pick(must/bucket/top/rand)=1/4/11/4 depth0=11 depth=6 dlog=4 dper=1 sims=1104 loop=1084 gen_time=0 eval_time=0.017 best_avg=-0.111386 best_move=6,3 leader=6 inc2=1 attack_w=0.484772 S0=56266 SA=60848 ratio=0.924699 my_comp=18 my_front=20 leader_comp=19 comp_gain(sz/front/cut)=0/0/0
DBG t=86 used=0.016 remain=0.212 turn_time=0.0159757 end_in=0.0159757 cand_pre=30 cand_cap=20 cand=30->20 pre=30 pick(must/bucket/top/rand)=1/6/9/4 depth0=11 depth=5 dlog=4 dper=2 sims=1228 loop=1208 gen_time=0 eval_time=0.016 best_avg=-0.0118201 best_move=8,8 leader=6 inc2=1 attack_w=0.25327 S0=63272 SA=61664 ratio=1.02608 my_comp=20 my_front=20 leader_comp=21 comp_gain(sz/front/cut)=0/0/0
DBG depth_guard t=99 remain=0.012 cand_pre=33 depth0=0 depth=0
DBG t=99 used=0.008 remain=0.012 turn_time=0.0072 end_in=0.0072 cand_pre=33 cand_cap=12 cand=33->12 pre=33 pick(must/bucket/top/rand)=1/4/5/2 depth0=0 depth=0 dlog=4 dper=5 sims=5632 loop=5620 gen_time=0 eval_time=0.008 best_avg=0.0667775 best_move=6,0 leader=6 inc2=1 attack_w=0.2 S0=69974 SA=64261 ratio=1.0889 my_comp=21 my_front=22 leader_comp=23 comp_gain(sz/front/cut)=0/0/0
DBG summary depth_guard_fired=1
Score = 103742
=== CASE 0137.txt ===
DBG hdr N=10 M=8 T=100 U=1 VMAX=1945 TIME_LIMIT=1.94 MAX_CAND=20 UCB_C=0.21 OBJ=log(S0+1)-log(SA+1)
DBG t=0 used=0.024 remain=1.94 turn_time=0.0237456 end_in=0.0237456 cand_pre=4 cand_cap=20 cand=4->4 pre=4 pick(must/bucket/top/rand)=1/2/1/0 depth0=7 depth=6 dlog=1 dper=0 sims=2816 loop=2812 gen_time=0 eval_time=0.024 best_avg=-0.287188 best_move=5,5 leader=6 inc2=1 attack_w=0.85 S0=1126 SA=1945 ratio=0.579137 my_comp=1 my_front=4 leader_comp=1 comp_gain(sz/front/cut)=1/2/0
DBG t=12 used=0.022 remain=1.661 turn_time=0.0213854 end_in=0.0213854 cand_pre=18 cand_cap=20 cand=18->18 pre=18 pick(must/bucket/top/rand)=1/5/10/2 depth0=7 depth=3 dlog=4 dper=0 sims=3722 loop=3704 gen_time=0 eval_time=0.022 best_avg=0.095689 best_move=3,6 leader=7 inc2=1 attack_w=0.700726 S0=7387 SA=8725 ratio=0.846665 my_comp=7 my_front=12 leader_comp=5 comp_gain(sz/front/cut)=1/2/0
DBG t=24 used=0.02 remain=1.4 turn_time=0.0196737 end_in=0.0196737 cand_pre=28 cand_cap=20 cand=28->20 pre=28 pick(must/bucket/top/rand)=1/4/11/4 depth0=7 depth=2 dlog=4 dper=1 sims=3340 loop=3320 gen_time=0 eval_time=0.02 best_avg=0.493916 best_move=6,2 leader=5 inc2=1 attack_w=0.2 S0=11564 SA=9025 ratio=1.2813 my_comp=10 my_front=20 leader_comp=8 comp_gain(sz/front/cut)=1/2/0
DBG t=37 used=0.021 remain=1.146 turn_time=0.0209645 end_in=0.0209645 cand_pre=15 cand_cap=20 cand=15->15 pre=15 pick(must/bucket/top/rand)=1/5/9/0 depth0=10 depth=7 dlog=3 dper=0 sims=1443 loop=1428 gen_time=0 eval_time=0.021 best_avg=1.04503 best_move=6,3 leader=1 inc2=1 attack_w=0.2 S0=22957 SA=7598 ratio=3.02119 my_comp=7 my_front=10 leader_comp=4 comp_gain(sz/front/cut)=14/18/1
DBG t=49 used=0.017 remain=0.927 turn_time=0.0169314 end_in=0.0169314 cand_pre=49 cand_cap=20 cand=49->20 pre=49 pick(must/bucket/top/rand)=1/4/11/4 depth0=10 depth=2 dlog=5 dper=3 sims=1728 loop=1708 gen_time=0 eval_time=0.017 best_avg=1.12019 best_move=4,2 leader=2 inc2=1 attack_w=0.2 S0=29980 SA=10141 ratio=2.95612 my_comp=26 my_front=38 leader_comp=9 comp_gain(sz/front/cut)=1/0/0
DBG t=61 used=0.017 remain=0.72 turn_time=0.0164769 end_in=0.0164769 cand_pre=55 cand_cap=20 cand=55->20 pre=55 pick(must/bucket/top/rand)=1/5/10/4 depth0=10 depth=1 dlog=5 dper=4 sims=1752 loop=1732 gen_time=0 eval_time=0.017 best_avg=1.59875 best_move=6,2 leader=1 inc2=1 attack_w=0.2 S0=30603 SA=6571 ratio=4.65673 my_comp=28 my_front=42 leader_comp=4 comp_gain(sz/front/cut)=1/0/1
DBG t=74 used=0.017 remain=0.472 turn_time=0.0169103 end_in=0.0169103 cand_pre=49 cand_cap=20 cand=49->20 pre=49 pick(must/bucket/top/rand)=1/5/10/4 depth0=11 depth=3 dlog=5 dper=3 sims=1516 loop=1496 gen_time=0 eval_time=0.017 best_avg=1.45026 best_move=2,2 leader=7 inc2=1 attack_w=0.2 S0=31661 SA=8057 ratio=3.92926 my_comp=25 my_front=37 leader_comp=6 comp_gain(sz/front/cut)=1/2/0
DBG t=86 used=0.017 remain=0.251 turn_time=0.0161178 end_in=0.0161178 cand_pre=54 cand_cap=20 cand=54->20 pre=54 pick(must/bucket/top/rand)=1/5/10/4 depth0=11 depth=2 dlog=5 dper=4 sims=1156 loop=1136 gen_time=0 eval_time=0.017 best_avg=1.54446 best_move=6,4 leader=1 inc2=1 attack_w=0.2 S0=37681 SA=6635 ratio=5.67842 my_comp=33 my_front=43 leader_comp=6 comp_gain(sz/front/cut)=1/-2/0
DBG t=99 used=0.014 remain=0.023 turn_time=0.0138 end_in=0.0138 cand_pre=55 cand_cap=16 cand=55->16 pre=48 pick(must/bucket/top/rand)=1/6/5/4 depth0=0 depth=0 dlog=5 dper=4 sims=17616 loop=17600 gen_time=0 eval_time=0.014 best_avg=1.7417 best_move=6,2 leader=5 inc2=1 attack_w=0.2 S0=36948 SA=5725 ratio=6.45285 my_comp=31 my_front=46 leader_comp=5 comp_gain(sz/front/cut)=1/2/4
DBG summary depth_guard_fired=0
Score = 272778
=== CASE 0139.txt ===
DBG hdr N=10 M=7 T=100 U=1 VMAX=1258 TIME_LIMIT=1.94 MAX_CAND=20 UCB_C=0.21 OBJ=log(S0+1)-log(SA+1)
DBG t=0 used=0.024 remain=1.94 turn_time=0.0236195 end_in=0.0236195 cand_pre=5 cand_cap=20 cand=5->5 pre=5 pick(must/bucket/top/rand)=1/2/2/0 depth0=7 depth=5 dlog=2 dper=0 sims=4313 loop=4308 gen_time=0 eval_time=0.024 best_avg=-0.219847 best_move=5,3 leader=1 inc2=1 attack_w=0.85 S0=865 SA=1234 ratio=0.701215 my_comp=1 my_front=4 leader_comp=1 comp_gain(sz/front/cut)=1/2/0
DBG t=12 used=0.021 remain=1.671 turn_time=0.020033 end_in=0.020033 cand_pre=30 cand_cap=20 cand=30->20 pre=30 pick(must/bucket/top/rand)=1/4/11/4 depth0=7 depth=2 dlog=4 dper=1 sims=2876 loop=2856 gen_time=0 eval_time=0.021 best_avg=0.208827 best_move=5,7 leader=4 inc2=1 attack_w=0.2 S0=13275 SA=11624 ratio=1.14202 my_comp=13 my_front=24 leader_comp=3 comp_gain(sz/front/cut)=1/2/0
DBG t=24 used=0.018 remain=1.438 turn_time=0.0179939 end_in=0.0179939 cand_pre=46 cand_cap=20 cand=46->20 pre=46 pick(must/bucket/top/rand)=1/4/11/4 depth0=7 depth=0 dlog=5 dper=3 sims=21652 loop=21632 gen_time=0 eval_time=0.018 best_avg=0.701707 best_move=6,5 leader=3 inc2=1 attack_w=0.2 S0=27016 SA=13978 ratio=1.93268 my_comp=25 my_front=39 leader_comp=14 comp_gain(sz/front/cut)=1/2/0
DBG t=37 used=0.017 remain=1.176 turn_time=0.0161747 end_in=0.0161747 cand_pre=59 cand_cap=20 cand=59->20 pre=59 pick(must/bucket/top/rand)=1/6/9/4 depth0=10 depth=1 dlog=5 dper=4 sims=1396 loop=1376 gen_time=0 eval_time=0.017 best_avg=0.9101 best_move=3,9 leader=2 inc2=1 attack_w=0.2 S0=35300 SA=16228 ratio=2.17518 my_comp=34 my_front=46 leader_comp=15 comp_gain(sz/front/cut)=1/1/1
DBG t=49 used=0.02 remain=0.958 turn_time=0.0177418 end_in=0.0177418 cand_pre=47 cand_cap=20 cand=47->20 pre=47 pick(must/bucket/top/rand)=1/6/9/4 depth0=10 depth=2 dlog=5 dper=3 sims=1512 loop=1492 gen_time=0 eval_time=0.02 best_avg=0.866031 best_move=5,6 leader=4 inc2=1 attack_w=0.2 S0=33097 SA=12736 ratio=2.59857 my_comp=25 my_front=35 leader_comp=9 comp_gain(sz/front/cut)=2/2/0
DBG t=61 used=0.017 remain=0.737 turn_time=0.0169888 end_in=0.0169888 cand_pre=54 cand_cap=20 cand=54->20 pre=54 pick(must/bucket/top/rand)=1/5/10/4 depth0=10 depth=2 dlog=5 dper=3 sims=1188 loop=1168 gen_time=0 eval_time=0.017 best_avg=0.980405 best_move=9,2 leader=4 inc2=1 attack_w=0.2 S0=34439 SA=13075 ratio=2.63383 my_comp=31 my_front=39 leader_comp=10 comp_gain(sz/front/cut)=1/-1/0
DBG t=74 used=0.018 remain=0.504 turn_time=0.0179308 end_in=0.0179308 cand_pre=50 cand_cap=20 cand=50->20 pre=50 pick(must/bucket/top/rand)=1/4/11/4 depth0=11 depth=3 dlog=5 dper=3 sims=1060 loop=1040 gen_time=0 eval_time=0.018 best_avg=1.11951 best_move=9,6 leader=6 inc2=1 attack_w=0.2 S0=37971 SA=12515 ratio=3.03388 my_comp=35 my_front=31 leader_comp=6 comp_gain(sz/front/cut)=1/-1/1
DBG t=86 used=0.018 remain=0.276 turn_time=0.0172106 end_in=0.0172106 cand_pre=58 cand_cap=20 cand=58->20 pre=58 pick(must/bucket/top/rand)=1/5/10/4 depth0=11 depth=2 dlog=5 dper=4 sims=1012 loop=992 gen_time=0 eval_time=0.018 best_avg=1.30203 best_move=4,4 leader=2 inc2=1 attack_w=0.2 S0=41987 SA=10729 ratio=3.91314 my_comp=41 my_front=35 leader_comp=6 comp_gain(sz/front/cut)=1/2/0
DBG t=99 used=0.013 remain=0.02 turn_time=0.012 end_in=0.012 cand_pre=63 cand_cap=14 cand=63->14 pre=42 pick(must/bucket/top/rand)=1/6/4/3 depth0=0 depth=0 dlog=5 dper=5 sims=15778 loop=15764 gen_time=0 eval_time=0.013 best_avg=1.44132 best_move=2,2 leader=4 inc2=1 attack_w=0.2 S0=46174 SA=10937 ratio=4.22152 my_comp=45 my_front=39 leader_comp=9 comp_gain(sz/front/cut)=1/2/0
DBG summary depth_guard_fired=0
Score = 236820
=== CASE 0142.txt ===
DBG hdr N=10 M=4 T=100 U=3 VMAX=1934 TIME_LIMIT=1.94 MAX_CAND=20 UCB_C=0.21 OBJ=log(S0+1)-log(SA+1)
DBG t=0 used=0.024 remain=1.94 turn_time=0.0236195 end_in=0.0236195 cand_pre=5 cand_cap=20 cand=5->5 pre=5 pick(must/bucket/top/rand)=1/2/2/0 depth0=7 depth=5 dlog=2 dper=0 sims=6253 loop=6248 gen_time=0 eval_time=0.024 best_avg=-0.564473 best_move=2,1 leader=2 inc2=1 attack_w=0.85 S0=1040 SA=1347 ratio=0.772255 my_comp=1 my_front=4 leader_comp=1 comp_gain(sz/front/cut)=1/2/0
DBG t=12 used=0.022 remain=1.661 turn_time=0.0217534 end_in=0.0217534 cand_pre=15 cand_cap=20 cand=15->15 pre=15 pick(must/bucket/top/rand)=1/3/11/0 depth0=7 depth=4 dlog=3 dper=0 sims=3995 loop=3980 gen_time=0 eval_time=0.022 best_avg=0.170047 best_move=4,2 leader=2 inc2=0 attack_w=0.551602 S0=13902 SA=15463 ratio=0.899056 my_comp=6 my_front=12 leader_comp=7 comp_gain(sz/front/cut)=0/0/0
DBG t=24 used=0.02 remain=1.402 turn_time=0.0199416 end_in=0.0199416 cand_pre=26 cand_cap=20 cand=26->20 pre=26 pick(must/bucket/top/rand)=1/5/10/4 depth0=7 depth=3 dlog=4 dper=0 sims=3500 loop=3480 gen_time=0 eval_time=0.02 best_avg=0.549704 best_move=7,3 leader=3 inc2=0 attack_w=0.2 S0=25413 SA=16892 ratio=1.50441 my_comp=10 my_front=20 leader_comp=14 comp_gain(sz/front/cut)=1/2/0
DBG t=37 used=0.018 remain=1.154 turn_time=0.0174199 end_in=0.0174199 cand_pre=46 cand_cap=20 cand=46->20 pre=46 pick(must/bucket/top/rand)=1/8/7/4 depth0=10 depth=2 dlog=5 dper=3 sims=2324 loop=2304 gen_time=0 eval_time=0.018 best_avg=0.885594 best_move=8,6 leader=3 inc2=1 attack_w=0.2 S0=35957 SA=15365 ratio=2.3401 my_comp=19 my_front=36 leader_comp=5 comp_gain(sz/front/cut)=1/0/0
DBG t=49 used=0.017 remain=0.936 turn_time=0.0161414 end_in=0.0161414 cand_pre=57 cand_cap=20 cand=57->20 pre=57 pick(must/bucket/top/rand)=1/8/7/4 depth0=10 depth=1 dlog=5 dper=4 sims=1608 loop=1588 gen_time=0 eval_time=0.017 best_avg=1.00968 best_move=9,3 leader=3 inc2=1 attack_w=0.2 S0=47394 SA=17608 ratio=2.69152 my_comp=26 my_front=47 leader_comp=13 comp_gain(sz/front/cut)=0/0/0
DBG t=61 used=0.017 remain=0.727 turn_time=0.0160313 end_in=0.0160313 cand_pre=60 cand_cap=20 cand=60->20 pre=60 pick(must/bucket/top/rand)=1/8/7/4 depth0=10 depth=1 dlog=5 dper=4 sims=1808 loop=1788 gen_time=0 eval_time=0.017 best_avg=0.996738 best_move=8,0 leader=2 inc2=1 attack_w=0.2 S0=49714 SA=18722 ratio=2.65529 my_comp=29 my_front=49 leader_comp=5 comp_gain(sz/front/cut)=0/0/0
DBG t=74 used=0.019 remain=0.498 turn_time=0.0180908 end_in=0.0180908 cand_pre=47 cand_cap=20 cand=47->20 pre=47 pick(must/bucket/top/rand)=1/8/7/4 depth0=11 depth=3 dlog=5 dper=3 sims=1864 loop=1844 gen_time=0 eval_time=0.019 best_avg=0.829696 best_move=9,1 leader=1 inc2=1 attack_w=0.2 S0=48740 SA=17583 ratio=2.77189 my_comp=25 my_front=36 leader_comp=5 comp_gain(sz/front/cut)=0/0/0
DBG t=86 used=0.019 remain=0.27 turn_time=0.0185914 end_in=0.0185914 cand_pre=44 cand_cap=20 cand=44->20 pre=44 pick(must/bucket/top/rand)=1/8/7/4 depth0=11 depth=4 dlog=5 dper=2 sims=1724 loop=1704 gen_time=0 eval_time=0.019 best_avg=0.764678 best_move=9,3 leader=1 inc2=1 attack_w=0.2 S0=50246 SA=22924 ratio=2.1918 my_comp=23 my_front=36 leader_comp=10 comp_gain(sz/front/cut)=0/0/0
DBG depth_guard t=99 remain=0.017 cand_pre=45 depth0=0 depth=0
DBG t=99 used=0.011 remain=0.017 turn_time=0.0102 end_in=0.0102 cand_pre=45 cand_cap=14 cand=45->14 pre=42 pick(must/bucket/top/rand)=1/8/2/3 depth0=0 depth=0 dlog=5 dper=4 sims=23014 loop=23000 gen_time=0 eval_time=0.011 best_avg=0.773147 best_move=5,3 leader=2 inc2=1 attack_w=0.2 S0=52130 SA=23329 ratio=2.2345 my_comp=25 my_front=34 leader_comp=7 comp_gain(sz/front/cut)=0/0/0
DBG summary depth_guard_fired=1
Score = 167212
=== CASE 0138.txt ===
DBG hdr N=10 M=6 T=100 U=2 VMAX=2279 TIME_LIMIT=1.94 MAX_CAND=20 UCB_C=0.21 OBJ=log(S0+1)-log(SA+1)
DBG t=0 used=0.024 remain=1.94 turn_time=0.0236195 end_in=0.0236195 cand_pre=5 cand_cap=20 cand=5->5 pre=5 pick(must/bucket/top/rand)=1/2/2/0 depth0=7 depth=5 dlog=2 dper=0 sims=4429 loop=4424 gen_time=0 eval_time=0.024 best_avg=-0.369717 best_move=6,8 leader=4 inc2=1 attack_w=0.85 S0=1269 SA=2046 ratio=0.62042 my_comp=1 my_front=4 leader_comp=1 comp_gain(sz/front/cut)=0/0/0
DBG t=12 used=0.022 remain=1.664 turn_time=0.0211782 end_in=0.0211782 cand_pre=20 cand_cap=20 cand=20->20 pre=20 pick(must/bucket/top/rand)=1/6/9/4 depth0=7 depth=3 dlog=4 dper=0 sims=3528 loop=3508 gen_time=0 eval_time=0.022 best_avg=0.156007 best_move=2,9 leader=2 inc2=1 attack_w=0.2 S0=15832 SA=12391 ratio=1.27768 my_comp=8 my_front=14 leader_comp=9 comp_gain(sz/front/cut)=1/1/0
DBG t=24 used=0.02 remain=1.411 turn_time=0.0199489 end_in=0.0199489 cand_pre=27 cand_cap=20 cand=27->20 pre=27 pick(must/bucket/top/rand)=1/7/8/4 depth0=7 depth=2 dlog=4 dper=1 sims=3580 loop=3560 gen_time=0 eval_time=0.02 best_avg=0.22238 best_move=1,7 leader=2 inc2=1 attack_w=0.2 S0=27964 SA=23007 ratio=1.21545 my_comp=13 my_front=20 leader_comp=14 comp_gain(sz/front/cut)=0/0/0
DBG t=37 used=0.02 remain=1.151 turn_time=0.0197497 end_in=0.0197497 cand_pre=26 cand_cap=20 cand=26->20 pre=26 pick(must/bucket/top/rand)=1/7/8/4 depth0=10 depth=6 dlog=4 dper=0 sims=1580 loop=1560 gen_time=0 eval_time=0.02 best_avg=-0.258287 best_move=3,7 leader=2 inc2=1 attack_w=0.719702 S0=25449 SA=30281 ratio=0.840433 my_comp=12 my_front=20 leader_comp=18 comp_gain(sz/front/cut)=0/0/0
DBG t=49 used=0.02 remain=0.897 turn_time=0.0190129 end_in=0.0190129 cand_pre=26 cand_cap=20 cand=26->20 pre=26 pick(must/bucket/top/rand)=1/5/10/4 depth0=10 depth=5 dlog=4 dper=1 sims=1668 loop=1648 gen_time=0 eval_time=0.02 best_avg=-0.339907 best_move=3,6 leader=2 inc2=1 attack_w=0.812916 S0=28803 SA=35511 ratio=0.811106 my_comp=12 my_front=22 leader_comp=20 comp_gain(sz/front/cut)=1/2/0
DBG t=61 used=0.018 remain=0.671 turn_time=0.0179277 end_in=0.0179277 cand_pre=32 cand_cap=20 cand=32->20 pre=32 pick(must/bucket/top/rand)=1/8/7/4 depth0=10 depth=5 dlog=4 dper=1 sims=1272 loop=1252 gen_time=0 eval_time=0.018 best_avg=-0.201004 best_move=5,4 leader=2 inc2=1 attack_w=0.757009 S0=37337 SA=45069 ratio=0.828445 my_comp=16 my_front=28 leader_comp=28 comp_gain(sz/front/cut)=0/0/0
DBG t=74 used=0.017 remain=0.437 turn_time=0.0168581 end_in=0.0168581 cand_pre=38 cand_cap=20 cand=38->20 pre=38 pick(must/bucket/top/rand)=1/7/8/4 depth0=11 depth=4 dlog=5 dper=2 sims=1740 loop=1720 gen_time=0 eval_time=0.017 best_avg=-0.0873558 best_move=1,3 leader=2 inc2=1 attack_w=0.24074 S0=42535 SA=41208 ratio=1.0322 my_comp=18 my_front=32 leader_comp=2 comp_gain(sz/front/cut)=1/2/0
DBG t=86 used=0.018 remain=0.22 turn_time=0.0178043 end_in=0.0178043 cand_pre=18 cand_cap=20 cand=18->18 pre=18 pick(must/bucket/top/rand)=1/7/8/2 depth0=11 depth=6 dlog=4 dper=0 sims=1530 loop=1512 gen_time=0 eval_time=0.018 best_avg=-0.116995 best_move=2,1 leader=2 inc2=1 attack_w=0.791292 S0=37634 SA=46023 ratio=0.817726 my_comp=8 my_front=14 leader_comp=27 comp_gain(sz/front/cut)=0/0/0
DBG depth_guard t=99 remain=0.009 cand_pre=25 depth0=0 depth=0
DBG t=99 used=0.006 remain=0.009 turn_time=0.0054 end_in=0.0054 cand_pre=25 cand_cap=12 cand=25->12 pre=25 pick(must/bucket/top/rand)=1/6/3/2 depth0=0 depth=0 dlog=4 dper=5 sims=5680 loop=5668 gen_time=0 eval_time=0.006 best_avg=-0.0734551 best_move=2,6 leader=1 inc2=1 attack_w=0.514265 S0=39822 SA=43607 ratio=0.913204 my_comp=13 my_front=20 leader_comp=27 comp_gain(sz/front/cut)=1/2/0
DBG summary depth_guard_fired=1
Score = 95434
=== CASE 0140.txt ===
DBG hdr N=10 M=6 T=100 U=4 VMAX=2013 TIME_LIMIT=1.94 MAX_CAND=20 UCB_C=0.21 OBJ=log(S0+1)-log(SA+1)
DBG t=0 used=0.024 remain=1.94 turn_time=0.0238717 end_in=0.0238717 cand_pre=3 cand_cap=20 cand=3->3 pre=3 pick(must/bucket/top/rand)=1/2/0/0 depth0=7 depth=6 dlog=1 dper=0 sims=4435 loop=4432 gen_time=0 eval_time=0.024 best_avg=-0.64187 best_move=4,4 leader=4 inc2=1 attack_w=0.85 S0=1241 SA=1896 ratio=0.654718 my_comp=1 my_front=4 leader_comp=1 comp_gain(sz/front/cut)=0/0/0
DBG t=12 used=0.023 remain=1.66 turn_time=0.022476 end_in=0.022476 cand_pre=9 cand_cap=20 cand=9->9 pre=9 pick(must/bucket/top/rand)=1/6/2/0 depth0=7 depth=4 dlog=3 dper=0 sims=3537 loop=3528 gen_time=0 eval_time=0.023 best_avg=-0.0291848 best_move=4,5 leader=1 inc2=1 attack_w=0.574967 S0=16056 SA=18032 ratio=0.890423 my_comp=3 my_front=8 leader_comp=9 comp_gain(sz/front/cut)=1/0/0
DBG t=24 used=0.022 remain=1.393 turn_time=0.021005 end_in=0.021005 cand_pre=16 cand_cap=20 cand=16->16 pre=16 pick(must/bucket/top/rand)=1/8/7/0 depth0=7 depth=4 dlog=3 dper=0 sims=2948 loop=2932 gen_time=0 eval_time=0.022 best_avg=-0.0794541 best_move=6,8 leader=5 inc2=1 attack_w=0.299243 S0=25980 SA=25871 ratio=1.00421 my_comp=7 my_front=12 leader_comp=5 comp_gain(sz/front/cut)=1/2/0
DBG t=37 used=0.021 remain=1.119 turn_time=0.0202397 end_in=0.0202397 cand_pre=17 cand_cap=20 cand=17->17 pre=17 pick(must/bucket/top/rand)=1/8/7/1 depth0=10 depth=7 dlog=3 dper=0 sims=1401 loop=1384 gen_time=0 eval_time=0.021 best_avg=-0.256919 best_move=6,6 leader=3 inc2=1 attack_w=0.722237 S0=29884 SA=35593 ratio=0.839608 my_comp=7 my_front=14 leader_comp=13 comp_gain(sz/front/cut)=1/0/0
DBG t=49 used=0.02 remain=0.874 turn_time=0.0190823 end_in=0.0190823 cand_pre=21 cand_cap=20 cand=21->20 pre=21 pick(must/bucket/top/rand)=1/6/9/4 depth0=10 depth=6 dlog=4 dper=0 sims=1500 loop=1480 gen_time=0 eval_time=0.02 best_avg=-0.156471 best_move=4,6 leader=5 inc2=1 attack_w=0.715693 S0=33667 SA=39997 ratio=0.841742 my_comp=10 my_front=16 leader_comp=14 comp_gain(sz/front/cut)=0/0/0
DBG t=61 used=0.018 remain=0.646 turn_time=0.0179058 end_in=0.0179058 cand_pre=26 cand_cap=20 cand=26->20 pre=26 pick(must/bucket/top/rand)=1/8/7/4 depth0=10 depth=5 dlog=4 dper=1 sims=1420 loop=1400 gen_time=0 eval_time=0.018 best_avg=-0.024074 best_move=5,7 leader=5 inc2=1 attack_w=0.413867 S0=41060 SA=43060 ratio=0.953554 my_comp=12 my_front=22 leader_comp=14 comp_gain(sz/front/cut)=0/0/0
DBG t=74 used=0.018 remain=0.412 turn_time=0.0170267 end_in=0.0170267 cand_pre=27 cand_cap=20 cand=27->20 pre=27 pick(must/bucket/top/rand)=1/5/10/4 depth0=11 depth=6 dlog=4 dper=1 sims=1320 loop=1300 gen_time=0 eval_time=0.018 best_avg=0.179795 best_move=3,7 leader=2 inc2=1 attack_w=0.2 S0=49926 SA=41799 ratio=1.19443 my_comp=13 my_front=23 leader_comp=11 comp_gain(sz/front/cut)=1/2/0
DBG t=86 used=0.016 remain=0.208 turn_time=0.0156743 end_in=0.0156743 cand_pre=30 cand_cap=20 cand=30->20 pre=30 pick(must/bucket/top/rand)=1/5/10/4 depth0=11 depth=5 dlog=4 dper=2 sims=1544 loop=1524 gen_time=0 eval_time=0.016 best_avg=0.403086 best_move=6,8 leader=2 inc2=1 attack_w=0.2 S0=56290 SA=42714 ratio=1.31783 my_comp=16 my_front=26 leader_comp=2 comp_gain(sz/front/cut)=0/0/0
DBG depth_guard t=99 remain=0.011 cand_pre=34 depth0=0 depth=0
DBG t=99 used=0.007 remain=0.011 turn_time=0.0066 end_in=0.0066 cand_pre=34 cand_cap=12 cand=34->12 pre=34 pick(must/bucket/top/rand)=1/6/3/2 depth0=0 depth=0 dlog=4 dper=5 sims=9484 loop=9472 gen_time=0 eval_time=0.007 best_avg=0.444743 best_move=6,4 leader=3 inc2=1 attack_w=0.2 S0=62337 SA=39536 ratio=1.5767 my_comp=18 my_front=30 leader_comp=16 comp_gain(sz/front/cut)=0/0/0
DBG summary depth_guard_fired=1
Score = 138577
=== CASE 0141.txt ===
DBG hdr N=10 M=3 T=100 U=3 VMAX=1781 TIME_LIMIT=1.94 MAX_CAND=20 UCB_C=0.21 OBJ=log(S0+1)-log(SA+1)
DBG t=0 used=0.024 remain=1.94 turn_time=0.0237456 end_in=0.0237456 cand_pre=4 cand_cap=20 cand=4->4 pre=4 pick(must/bucket/top/rand)=1/2/1/0 depth0=7 depth=6 dlog=1 dper=0 sims=5792 loop=5788 gen_time=0 eval_time=0.024 best_avg=-0.25521 best_move=2,0 leader=1 inc2=1 attack_w=0.816927 S0=736 SA=909 ratio=0.80989 my_comp=1 my_front=3 leader_comp=1 comp_gain(sz/front/cut)=1/1/0
DBG t=12 used=0.022 remain=1.667 turn_time=0.0212164 end_in=0.0212164 cand_pre=20 cand_cap=20 cand=20->20 pre=20 pick(must/bucket/top/rand)=1/6/9/4 depth0=7 depth=3 dlog=4 dper=0 sims=4328 loop=4308 gen_time=0 eval_time=0.022 best_avg=0.275781 best_move=7,3 leader=2 inc2=1 attack_w=0.2 S0=17441 SA=13071 ratio=1.3343 my_comp=9 my_front=14 leader_comp=12 comp_gain(sz/front/cut)=1/2/0
DBG t=24 used=0.021 remain=1.41 turn_time=0.0202966 end_in=0.0202966 cand_pre=24 cand_cap=20 cand=24->20 pre=24 pick(must/bucket/top/rand)=1/7/8/4 depth0=7 depth=3 dlog=4 dper=0 sims=3580 loop=3560 gen_time=0 eval_time=0.021 best_avg=0.415168 best_move=8,3 leader=2 inc2=1 attack_w=0.2 S0=33855 SA=21517 ratio=1.57338 my_comp=12 my_front=20 leader_comp=16 comp_gain(sz/front/cut)=0/0/0
DBG t=37 used=0.02 remain=1.139 turn_time=0.0197788 end_in=0.0197788 cand_pre=24 cand_cap=20 cand=24->20 pre=24 pick(must/bucket/top/rand)=1/8/7/4 depth0=10 depth=6 dlog=4 dper=0 sims=2132 loop=2112 gen_time=0 eval_time=0.02 best_avg=0.0829232 best_move=7,2 leader=1 inc2=1 attack_w=0.2 S0=38832 SA=31939 ratio=1.21581 my_comp=12 my_front=20 leader_comp=13 comp_gain(sz/front/cut)=0/0/0
DBG t=49 used=0.02 remain=0.898 turn_time=0.0196063 end_in=0.0196063 cand_pre=21 cand_cap=20 cand=21->20 pre=21 pick(must/bucket/top/rand)=1/8/7/4 depth0=10 depth=6 dlog=4 dper=0 sims=2076 loop=2056 gen_time=0 eval_time=0.02 best_avg=-0.0564546 best_move=9,3 leader=1 inc2=1 attack_w=0.274199 S0=43923 SA=43231 ratio=1.01601 my_comp=11 my_front=17 leader_comp=16 comp_gain(sz/front/cut)=1/-1/0
DBG t=61 used=0.019 remain=0.662 turn_time=0.0187906 end_in=0.0187906 cand_pre=22 cand_cap=20 cand=22->20 pre=22 pick(must/bucket/top/rand)=1/7/8/4 depth0=10 depth=6 dlog=4 dper=0 sims=1856 loop=1836 gen_time=0 eval_time=0.019 best_avg=-0.0758086 best_move=8,3 leader=1 inc2=1 attack_w=0.401176 S0=50710 SA=52883 ratio=0.95891 my_comp=12 my_front=16 leader_comp=19 comp_gain(sz/front/cut)=0/0/0
DBG t=74 used=0.018 remain=0.42 turn_time=0.0175673 end_in=0.0175673 cand_pre=25 cand_cap=20 cand=25->20 pre=25 pick(must/bucket/top/rand)=1/8/7/4 depth0=11 depth=6 dlog=4 dper=1 sims=1628 loop=1608 gen_time=0 eval_time=0.018 best_avg=-0.0612602 best_move=9,2 leader=1 inc2=1 attack_w=0.3962 S0=58859 SA=61246 ratio=0.961027 my_comp=14 my_front=20 leader_comp=23 comp_gain(sz/front/cut)=0/0/0
DBG t=86 used=0.017 remain=0.211 turn_time=0.0162922 end_in=0.0162922 cand_pre=26 cand_cap=20 cand=26->20 pre=26 pick(must/bucket/top/rand)=1/7/8/4 depth0=11 depth=6 dlog=4 dper=1 sims=1568 loop=1548 gen_time=0 eval_time=0.017 best_avg=-0.0514487 best_move=9,0 leader=1 inc2=1 attack_w=0.311751 S0=68467 SA=68575 ratio=0.998425 my_comp=16 my_front=17 leader_comp=25 comp_gain(sz/front/cut)=0/0/0
DBG depth_guard t=99 remain=0.011 cand_pre=26 depth0=0 depth=0
DBG t=99 used=0.007 remain=0.011 turn_time=0.0066 end_in=0.0066 cand_pre=26 cand_cap=12 cand=26->12 pre=26 pick(must/bucket/top/rand)=1/5/4/2 depth0=0 depth=0 dlog=4 dper=4 sims=9608 loop=9596 gen_time=0 eval_time=0.007 best_avg=-0.0125436 best_move=7,1 leader=1 inc2=1 attack_w=0.329327 S0=76267 SA=77006 ratio=0.990403 my_comp=17 my_front=18 leader_comp=28 comp_gain(sz/front/cut)=0/0/0
DBG summary depth_guard_fired=1
Score = 99439
=== CASE 0143.txt ===
DBG hdr N=10 M=3 T=100 U=5 VMAX=1725 TIME_LIMIT=1.94 MAX_CAND=20 UCB_C=0.21 OBJ=log(S0+1)-log(SA+1)
DBG t=0 used=0.024 remain=1.94 turn_time=0.0236195 end_in=0.0236195 cand_pre=5 cand_cap=20 cand=5->5 pre=5 pick(must/bucket/top/rand)=1/3/1/0 depth0=7 depth=5 dlog=2 dper=0 sims=7953 loop=7948 gen_time=0 eval_time=0.024 best_avg=-0.150881 best_move=3,5 leader=2 inc2=1 attack_w=0.723879 S0=1412 SA=1683 ratio=0.839074 my_comp=1 my_front=4 leader_comp=1 comp_gain(sz/front/cut)=0/0/0
DBG t=12 used=0.022 remain=1.659 turn_time=0.0219723 end_in=0.0219723 cand_pre=13 cand_cap=20 cand=13->13 pre=13 pick(must/bucket/top/rand)=1/4/8/0 depth0=7 depth=4 dlog=3 dper=0 sims=5513 loop=5500 gen_time=0 eval_time=0.022 best_avg=-0.0438022 best_move=2,5 leader=2 inc2=1 attack_w=0.313611 S0=18064 SA=18108 ratio=0.99757 my_comp=4 my_front=10 leader_comp=4 comp_gain(sz/front/cut)=1/0/1
DBG t=24 used=0.021 remain=1.395 turn_time=0.0209158 end_in=0.0209158 cand_pre=17 cand_cap=20 cand=17->17 pre=17 pick(must/bucket/top/rand)=1/5/10/1 depth0=7 depth=4 dlog=3 dper=0 sims=4185 loop=4168 gen_time=0 eval_time=0.021 best_avg=0.0263854 best_move=1,5 leader=1 inc2=1 attack_w=0.2 S0=31761 SA=29439 ratio=1.07887 my_comp=7 my_front=13 leader_comp=10 comp_gain(sz/front/cut)=0/0/0
DBG t=37 used=0.02 remain=1.127 turn_time=0.019803 end_in=0.019803 cand_pre=22 cand_cap=20 cand=22->20 pre=22 pick(must/bucket/top/rand)=1/7/8/4 depth0=10 depth=6 dlog=4 dper=0 sims=2328 loop=2308 gen_time=0 eval_time=0.02 best_avg=0.0376218 best_move=3,6 leader=2 inc2=1 attack_w=0.2 S0=45175 SA=42245 ratio=1.06936 my_comp=10 my_front=15 leader_comp=11 comp_gain(sz/front/cut)=1/2/1
DBG t=49 used=0.018 remain=0.888 turn_time=0.0172376 end_in=0.0172376 cand_pre=40 cand_cap=20 cand=40->20 pre=40 pick(must/bucket/top/rand)=1/7/8/4 depth0=10 depth=3 dlog=5 dper=2 sims=2140 loop=2120 gen_time=0 eval_time=0.018 best_avg=0.107389 best_move=7,8 leader=2 inc2=1 attack_w=0.2 S0=57664 SA=52556 ratio=1.09719 my_comp=16 my_front=31 leader_comp=11 comp_gain(sz/front/cut)=0/0/0
DBG t=61 used=0.017 remain=0.674 turn_time=0.0166599 end_in=0.0166599 cand_pre=44 cand_cap=20 cand=44->20 pre=44 pick(must/bucket/top/rand)=1/8/7/4 depth0=10 depth=2 dlog=5 dper=3 sims=2160 loop=2140 gen_time=0 eval_time=0.017 best_avg=0.161838 best_move=1,5 leader=1 inc2=1 attack_w=0.2 S0=70355 SA=60585 ratio=1.16126 my_comp=18 my_front=35 leader_comp=16 comp_gain(sz/front/cut)=0/0/0
DBG t=74 used=0.02 remain=0.453 turn_time=0.0198536 end_in=0.0198536 cand_pre=17 cand_cap=20 cand=17->17 pre=17 pick(must/bucket/top/rand)=1/6/9/1 depth0=11 depth=8 dlog=3 dper=0 sims=1625 loop=1608 gen_time=0 eval_time=0.02 best_avg=0.152244 best_move=6,6 leader=2 inc2=1 attack_w=0.2 S0=81193 SA=66134 ratio=1.2277 my_comp=8 my_front=15 leader_comp=15 comp_gain(sz/front/cut)=0/0/0
DBG t=86 used=0.02 remain=0.237 turn_time=0.01907 end_in=0.01907 cand_pre=19 cand_cap=20 cand=19->19 pre=19 pick(must/bucket/top/rand)=1/5/10/3 depth0=11 depth=6 dlog=4 dper=0 sims=1931 loop=1912 gen_time=0 eval_time=0.02 best_avg=0.10675 best_move=6,8 leader=2 inc2=1 attack_w=0.2 S0=79065 SA=67482 ratio=1.17164 my_comp=9 my_front=15 leader_comp=14 comp_gain(sz/front/cut)=0/0/0
DBG depth_guard t=99 remain=0.01 cand_pre=19 depth0=0 depth=0
DBG t=99 used=0.007 remain=0.01 turn_time=0.006 end_in=0.006 cand_pre=19 cand_cap=12 cand=19->12 pre=19 pick(must/bucket/top/rand)=1/7/2/2 depth0=0 depth=0 dlog=4 dper=3 sims=10764 loop=10752 gen_time=0 eval_time=0.007 best_avg=0.10209 best_move=4,8 leader=2 inc2=1 attack_w=0.2 S0=83149 SA=75466 ratio=1.10181 my_comp=9 my_front=15 leader_comp=17 comp_gain(sz/front/cut)=4/8/1
DBG summary depth_guard_fired=1
Score = 106811
=== CASE 0144.txt ===
DBG hdr N=10 M=3 T=100 U=3 VMAX=1649 TIME_LIMIT=1.94 MAX_CAND=20 UCB_C=0.21 OBJ=log(S0+1)-log(SA+1)
DBG t=0 used=0.024 remain=1.94 turn_time=0.0236195 end_in=0.0236195 cand_pre=5 cand_cap=20 cand=5->5 pre=5 pick(must/bucket/top/rand)=1/2/2/0 depth0=7 depth=5 dlog=2 dper=0 sims=6517 loop=6512 gen_time=0 eval_time=0.024 best_avg=-0.170372 best_move=2,3 leader=1 inc2=1 attack_w=0.805149 S0=941 SA=1157 ratio=0.813472 my_comp=1 my_front=4 leader_comp=1 comp_gain(sz/front/cut)=0/0/0
DBG t=12 used=0.022 remain=1.661 turn_time=0.02114 end_in=0.02114 cand_pre=20 cand_cap=20 cand=20->20 pre=20 pick(must/bucket/top/rand)=1/6/9/4 depth0=7 depth=3 dlog=4 dper=0 sims=5276 loop=5256 gen_time=0 eval_time=0.022 best_avg=-0.00542567 best_move=6,6 leader=1 inc2=1 attack_w=0.496067 S0=12475 SA=13556 ratio=0.920263 my_comp=7 my_front=16 leader_comp=6 comp_gain(sz/front/cut)=0/0/0
DBG t=24 used=0.02 remain=1.408 turn_time=0.0197861 end_in=0.0197861 cand_pre=28 cand_cap=20 cand=28->20 pre=28 pick(must/bucket/top/rand)=1/6/9/4 depth0=7 depth=2 dlog=4 dper=1 sims=4440 loop=4420 gen_time=0 eval_time=0.02 best_avg=0.649576 best_move=5,5 leader=1 inc2=1 attack_w=0.2 S0=20829 SA=10234 ratio=2.03517 my_comp=12 my_front=22 leader_comp=4 comp_gain(sz/front/cut)=0/0/0
DBG t=37 used=0.019 remain=1.149 turn_time=0.0188855 end_in=0.0188855 cand_pre=33 cand_cap=20 cand=33->20 pre=33 pick(must/bucket/top/rand)=1/6/9/4 depth0=10 depth=5 dlog=4 dper=1 sims=2472 loop=2452 gen_time=0 eval_time=0.019 best_avg=0.671866 best_move=6,5 leader=1 inc2=1 attack_w=0.2 S0=28249 SA=12958 ratio=2.17995 my_comp=14 my_front=26 leader_comp=6 comp_gain(sz/front/cut)=0/0/0
DBG t=49 used=0.018 remain=0.924 turn_time=0.0175832 end_in=0.0175832 cand_pre=43 cand_cap=20 cand=43->20 pre=43 pick(must/bucket/top/rand)=1/6/9/4 depth0=10 depth=3 dlog=5 dper=2 sims=2272 loop=2252 gen_time=0 eval_time=0.018 best_avg=0.977925 best_move=5,8 leader=2 inc2=1 attack_w=0.2 S0=34555 SA=12157 ratio=2.84224 my_comp=20 my_front=34 leader_comp=5 comp_gain(sz/front/cut)=0/0/0
DBG t=61 used=0.018 remain=0.708 turn_time=0.0171463 end_in=0.0171463 cand_pre=47 cand_cap=20 cand=47->20 pre=47 pick(must/bucket/top/rand)=1/7/8/4 depth0=10 depth=2 dlog=5 dper=3 sims=2320 loop=2300 gen_time=0 eval_time=0.018 best_avg=1.093 best_move=6,5 leader=2 inc2=1 attack_w=0.2 S0=40114 SA=13380 ratio=2.99791 my_comp=23 my_front=37 leader_comp=5 comp_gain(sz/front/cut)=0/0/0
DBG t=74 used=0.018 remain=0.475 turn_time=0.017849 end_in=0.017849 cand_pre=42 cand_cap=20 cand=42->20 pre=42 pick(must/bucket/top/rand)=1/7/8/4 depth0=11 depth=4 dlog=5 dper=2 sims=1928 loop=1908 gen_time=0 eval_time=0.018 best_avg=1.26478 best_move=7,8 leader=2 inc2=1 attack_w=0.2 S0=41325 SA=12085 ratio=3.41933 my_comp=21 my_front=35 leader_comp=4 comp_gain(sz/front/cut)=1/2/0
DBG t=86 used=0.018 remain=0.264 turn_time=0.0170751 end_in=0.0170751 cand_pre=53 cand_cap=20 cand=53->20 pre=53 pick(must/bucket/top/rand)=1/8/7/4 depth0=11 depth=3 dlog=5 dper=3 sims=1848 loop=1828 gen_time=0 eval_time=0.018 best_avg=1.48338 best_move=7,8 leader=2 inc2=1 attack_w=0.2 S0=43561 SA=10779 ratio=4.041 my_comp=26 my_front=44 leader_comp=5 comp_gain(sz/front/cut)=0/0/0
DBG t=99 used=0.014 remain=0.023 turn_time=0.0138 end_in=0.0138 cand_pre=52 cand_cap=16 cand=52->16 pre=48 pick(must/bucket/top/rand)=1/7/4/4 depth0=0 depth=0 dlog=5 dper=4 sims=50128 loop=50112 gen_time=0 eval_time=0.014 best_avg=1.66937 best_move=7,6 leader=1 inc2=1 attack_w=0.2 S0=47152 SA=8864 ratio=5.31901 my_comp=28 my_front=43 leader_comp=1 comp_gain(sz/front/cut)=0/0/0
DBG summary depth_guard_fired=0
Score = 280040
=== CASE 0145.txt ===
DBG hdr N=10 M=7 T=100 U=1 VMAX=1296 TIME_LIMIT=1.94 MAX_CAND=20 UCB_C=0.21 OBJ=log(S0+1)-log(SA+1)
DBG t=0 used=0.024 remain=1.94 turn_time=0.0238717 end_in=0.0238717 cand_pre=3 cand_cap=20 cand=3->3 pre=3 pick(must/bucket/top/rand)=1/2/0/0 depth0=7 depth=6 dlog=1 dper=0 sims=3035 loop=3032 gen_time=0 eval_time=0.024 best_avg=-0.111784 best_move=9,8 leader=4 inc2=1 attack_w=0.557261 S0=1087 SA=1212 ratio=0.89695 my_comp=1 my_front=2 leader_comp=1 comp_gain(sz/front/cut)=1/1/0
DBG t=12 used=0.022 remain=1.666 turn_time=0.0210806 end_in=0.0210806 cand_pre=21 cand_cap=20 cand=21->20 pre=21 pick(must/bucket/top/rand)=1/6/9/4 depth0=7 depth=3 dlog=4 dper=0 sims=2936 loop=2916 gen_time=0 eval_time=0.022 best_avg=0.114996 best_move=3,9 leader=3 inc2=1 attack_w=0.286675 S0=12904 SA=12775 ratio=1.0101 my_comp=12 my_front=14 leader_comp=12 comp_gain(sz/front/cut)=1/1/1
DBG t=24 used=0.022 remain=1.408 turn_time=0.0219537 end_in=0.0219537 cand_pre=10 cand_cap=20 cand=10->10 pre=10 pick(must/bucket/top/rand)=1/5/4/0 depth0=7 depth=4 dlog=3 dper=0 sims=2346 loop=2336 gen_time=0 eval_time=0.022 best_avg=0.497383 best_move=9,3 leader=5 inc2=1 attack_w=0.2 S0=21474 SA=12222 ratio=1.75693 my_comp=3 my_front=8 leader_comp=11 comp_gain(sz/front/cut)=1/1/0
DBG t=37 used=0.021 remain=1.129 turn_time=0.0201876 end_in=0.0201876 cand_pre=19 cand_cap=20 cand=19->19 pre=19 pick(must/bucket/top/rand)=1/4/11/3 depth0=10 depth=6 dlog=4 dper=0 sims=1507 loop=1488 gen_time=0 eval_time=0.021 best_avg=0.218734 best_move=9,4 leader=3 inc2=1 attack_w=0.2 S0=22993 SA=15584 ratio=1.47539 my_comp=10 my_front=14 leader_comp=14 comp_gain(sz/front/cut)=1/1/0
DBG t=49 used=0.021 remain=0.892 turn_time=0.0201575 end_in=0.0201575 cand_pre=15 cand_cap=20 cand=15->15 pre=15 pick(must/bucket/top/rand)=1/4/10/0 depth0=10 depth=7 dlog=3 dper=0 sims=1159 loop=1144 gen_time=0 eval_time=0.021 best_avg=0.159939 best_move=2,5 leader=3 inc2=1 attack_w=0.2 S0=24017 SA=21142 ratio=1.13598 my_comp=6 my_front=12 leader_comp=20 comp_gain(sz/front/cut)=1/2/0
DBG t=61 used=0.02 remain=0.65 turn_time=0.0199667 end_in=0.0199667 cand_pre=8 cand_cap=20 cand=8->8 pre=8 pick(must/bucket/top/rand)=1/3/4/0 depth0=10 depth=8 dlog=2 dper=0 sims=1212 loop=1204 gen_time=0 eval_time=0.02 best_avg=0.558678 best_move=2,9 leader=3 inc2=1 attack_w=0.2 S0=26487 SA=14265 ratio=1.85672 my_comp=4 my_front=5 leader_comp=2 comp_gain(sz/front/cut)=1/1/0
DBG t=74 used=0.017 remain=0.407 turn_time=0.0169218 end_in=0.0169218 cand_pre=26 cand_cap=20 cand=26->20 pre=26 pick(must/bucket/top/rand)=1/4/11/4 depth0=11 depth=6 dlog=4 dper=1 sims=1076 loop=1056 gen_time=0 eval_time=0.017 best_avg=0.540582 best_move=3,6 leader=1 inc2=1 attack_w=0.2 S0=30535 SA=17861 ratio=1.70955 my_comp=19 my_front=11 leader_comp=18 comp_gain(sz/front/cut)=4/6/0
DBG t=86 used=0.015 remain=0.214 turn_time=0.0145367 end_in=0.0145367 cand_pre=46 cand_cap=20 cand=46->20 pre=46 pick(must/bucket/top/rand)=1/4/11/4 depth0=11 depth=3 dlog=5 dper=3 sims=1088 loop=1068 gen_time=0 eval_time=0.015 best_avg=0.989066 best_move=7,8 leader=6 inc2=1 attack_w=0.2 S0=34367 SA=15250 ratio=2.25349 my_comp=29 my_front=27 leader_comp=11 comp_gain(sz/front/cut)=1/0/1
DBG depth_guard t=99 remain=0.019 cand_pre=57 depth0=0 depth=0
DBG t=99 used=0.012 remain=0.019 turn_time=0.0114 end_in=0.0114 cand_pre=57 cand_cap=16 cand=57->16 pre=48 pick(must/bucket/top/rand)=1/4/7/4 depth0=0 depth=0 dlog=5 dper=5 sims=15336 loop=15320 gen_time=0 eval_time=0.012 best_avg=1.21102 best_move=6,5 leader=6 inc2=1 attack_w=0.2 S0=42171 SA=12276 ratio=3.43504 my_comp=36 my_front=33 leader_comp=3 comp_gain(sz/front/cut)=1/0/0
DBG summary depth_guard_fired=1
Score = 213460
=== CASE 0146.txt ===
DBG hdr N=10 M=5 T=100 U=3 VMAX=1522 TIME_LIMIT=1.94 MAX_CAND=20 UCB_C=0.21 OBJ=log(S0+1)-log(SA+1)
DBG t=0 used=0.024 remain=1.94 turn_time=0.0236195 end_in=0.0236195 cand_pre=5 cand_cap=20 cand=5->5 pre=5 pick(must/bucket/top/rand)=1/2/2/0 depth0=7 depth=5 dlog=2 dper=0 sims=5077 loop=5072 gen_time=0 eval_time=0.024 best_avg=-0.257719 best_move=3,4 leader=2 inc2=1 attack_w=0.85 S0=736 SA=1259 ratio=0.584921 my_comp=1 my_front=4 leader_comp=1 comp_gain(sz/front/cut)=1/2/0
DBG t=12 used=0.023 remain=1.664 turn_time=0.0226531 end_in=0.0226531 cand_pre=8 cand_cap=20 cand=8->8 pre=8 pick(must/bucket/top/rand)=1/4/3/0 depth0=7 depth=5 dlog=2 dper=0 sims=3440 loop=3432 gen_time=0 eval_time=0.023 best_avg=-0.159825 best_move=7,7 leader=4 inc2=1 attack_w=0.2 S0=13358 SA=12557 ratio=1.06378 my_comp=2 my_front=6 leader_comp=9 comp_gain(sz/front/cut)=1/2/0
DBG t=24 used=0.021 remain=1.397 turn_time=0.0204679 end_in=0.0204679 cand_pre=21 cand_cap=20 cand=21->20 pre=21 pick(must/bucket/top/rand)=1/4/11/4 depth0=7 depth=3 dlog=4 dper=0 sims=3420 loop=3400 gen_time=0 eval_time=0.021 best_avg=0.211858 best_move=7,8 leader=1 inc2=1 attack_w=0.2 S0=25752 SA=19254 ratio=1.33747 my_comp=8 my_front=16 leader_comp=8 comp_gain(sz/front/cut)=0/0/0
DBG t=37 used=0.02 remain=1.13 turn_time=0.0193894 end_in=0.0193894 cand_pre=26 cand_cap=20 cand=26->20 pre=26 pick(must/bucket/top/rand)=1/4/11/4 depth0=10 depth=5 dlog=4 dper=1 sims=1944 loop=1924 gen_time=0 eval_time=0.02 best_avg=0.125268 best_move=6,8 leader=1 inc2=0 attack_w=0.2 S0=35086 SA=30444 ratio=1.15247 my_comp=12 my_front=22 leader_comp=11 comp_gain(sz/front/cut)=0/0/0
DBG t=49 used=0.019 remain=0.894 turn_time=0.0188354 end_in=0.0188354 cand_pre=27 cand_cap=20 cand=27->20 pre=27 pick(must/bucket/top/rand)=1/6/9/4 depth0=10 depth=5 dlog=4 dper=1 sims=1808 loop=1788 gen_time=0 eval_time=0.019 best_avg=0.0499941 best_move=7,6 leader=1 inc2=0 attack_w=0.20145 S0=47434 SA=45094 ratio=1.05189 my_comp=14 my_front=20 leader_comp=15 comp_gain(sz/front/cut)=0/0/0
DBG t=61 used=0.018 remain=0.669 turn_time=0.0177628 end_in=0.0177628 cand_pre=33 cand_cap=20 cand=33->20 pre=33 pick(must/bucket/top/rand)=1/6/9/4 depth0=10 depth=4 dlog=4 dper=2 sims=1992 loop=1972 gen_time=0 eval_time=0.018 best_avg=0.130717 best_move=9,4 leader=1 inc2=0 attack_w=0.2 S0=59781 SA=54000 ratio=1.10705 my_comp=18 my_front=23 leader_comp=17 comp_gain(sz/front/cut)=0/0/0
DBG t=74 used=0.018 remain=0.433 turn_time=0.0175698 end_in=0.0175698 cand_pre=30 cand_cap=20 cand=30->20 pre=30 pick(must/bucket/top/rand)=1/6/9/4 depth0=11 depth=6 dlog=4 dper=1 sims=1492 loop=1472 gen_time=0 eval_time=0.018 best_avg=0.19747 best_move=8,8 leader=1 inc2=0 attack_w=0.2 S0=66583 SA=53937 ratio=1.23445 my_comp=18 my_front=21 leader_comp=18 comp_gain(sz/front/cut)=0/0/0
DBG t=86 used=0.017 remain=0.222 turn_time=0.0164201 end_in=0.0164201 cand_pre=33 cand_cap=20 cand=33->20 pre=33 pick(must/bucket/top/rand)=1/4/11/4 depth0=11 depth=5 dlog=4 dper=2 sims=1552 loop=1532 gen_time=0 eval_time=0.017 best_avg=0.290655 best_move=9,2 leader=1 inc2=0 attack_w=0.2 S0=75808 SA=56620 ratio=1.33888 my_comp=21 my_front=21 leader_comp=19 comp_gain(sz/front/cut)=1/1/0
DBG depth_guard t=99 remain=0.013 cand_pre=32 depth0=0 depth=0
DBG t=99 used=0.008 remain=0.013 turn_time=0.0078 end_in=0.0078 cand_pre=32 cand_cap=12 cand=32->12 pre=32 pick(must/bucket/top/rand)=1/6/3/2 depth0=0 depth=0 dlog=4 dper=4 sims=9488 loop=9476 gen_time=0 eval_time=0.008 best_avg=0.361286 best_move=7,3 leader=1 inc2=1 attack_w=0.2 S0=79225 SA=55417 ratio=1.42961 my_comp=23 my_front=18 leader_comp=19 comp_gain(sz/front/cut)=0/0/0
DBG summary depth_guard_fired=1
Score = 128047
=== CASE 0148.txt ===
DBG hdr N=10 M=6 T=100 U=2 VMAX=2056 TIME_LIMIT=1.94 MAX_CAND=20 UCB_C=0.21 OBJ=log(S0+1)-log(SA+1)
DBG t=0 used=0.024 remain=1.94 turn_time=0.0237456 end_in=0.0237456 cand_pre=4 cand_cap=20 cand=4->4 pre=4 pick(must/bucket/top/rand)=1/2/1/0 depth0=7 depth=6 dlog=1 dper=0 sims=3460 loop=3456 gen_time=0 eval_time=0.024 best_avg=-0.409966 best_move=7,7 leader=4 inc2=1 attack_w=0.85 S0=1226 SA=1627 ratio=0.753686 my_comp=1 my_front=4 leader_comp=1 comp_gain(sz/front/cut)=1/2/0
DBG t=12 used=0.023 remain=1.661 turn_time=0.0221215 end_in=0.0221215 cand_pre=12 cand_cap=20 cand=12->12 pre=12 pick(must/bucket/top/rand)=1/5/6/0 depth0=7 depth=4 dlog=3 dper=0 sims=2688 loop=2676 gen_time=0 eval_time=0.023 best_avg=-0.282821 best_move=8,5 leader=4 inc2=1 attack_w=0.82588 S0=16213 SA=20086 ratio=0.807189 my_comp=6 my_front=7 leader_comp=10 comp_gain(sz/front/cut)=0/0/0
DBG t=24 used=0.022 remain=1.394 turn_time=0.0210201 end_in=0.0210201 cand_pre=16 cand_cap=20 cand=16->16 pre=16 pick(must/bucket/top/rand)=1/3/12/0 depth0=7 depth=4 dlog=3 dper=0 sims=2848 loop=2832 gen_time=0 eval_time=0.022 best_avg=0.0693239 best_move=3,7 leader=4 inc2=1 attack_w=0.581113 S0=26441 SA=29770 ratio=0.88818 my_comp=5 my_front=12 leader_comp=1 comp_gain(sz/front/cut)=1/2/0
DBG t=37 used=0.019 remain=1.118 turn_time=0.0188374 end_in=0.0188374 cand_pre=29 cand_cap=20 cand=29->20 pre=29 pick(must/bucket/top/rand)=1/5/10/4 depth0=10 depth=5 dlog=4 dper=1 sims=1648 loop=1628 gen_time=0 eval_time=0.019 best_avg=-0.28062 best_move=6,9 leader=2 inc2=1 attack_w=0.716157 S0=31918 SA=37926 ratio=0.84159 my_comp=16 my_front=21 leader_comp=18 comp_gain(sz/front/cut)=0/0/0
DBG t=49 used=0.018 remain=0.893 turn_time=0.01779 end_in=0.01779 cand_pre=36 cand_cap=20 cand=36->20 pre=36 pick(must/bucket/top/rand)=1/7/8/4 depth0=10 depth=3 dlog=5 dper=2 sims=1796 loop=1776 gen_time=0 eval_time=0.018 best_avg=-0.0133645 best_move=2,8 leader=2 inc2=1 attack_w=0.540474 S0=40534 SA=44877 ratio=0.903227 my_comp=21 my_front=27 leader_comp=22 comp_gain(sz/front/cut)=1/2/0
DBG t=61 used=0.018 remain=0.677 turn_time=0.0170726 end_in=0.0170726 cand_pre=41 cand_cap=20 cand=41->20 pre=41 pick(must/bucket/top/rand)=1/8/7/4 depth0=10 depth=3 dlog=5 dper=2 sims=1604 loop=1584 gen_time=0 eval_time=0.018 best_avg=0.13401 best_move=2,7 leader=2 inc2=1 attack_w=0.2 S0=50586 SA=47182 ratio=1.07214 my_comp=25 my_front=31 leader_comp=22 comp_gain(sz/front/cut)=1/2/0
DBG t=74 used=0.017 remain=0.451 turn_time=0.0169472 end_in=0.0169472 cand_pre=42 cand_cap=20 cand=42->20 pre=42 pick(must/bucket/top/rand)=1/7/8/4 depth0=11 depth=4 dlog=5 dper=2 sims=1180 loop=1160 gen_time=0 eval_time=0.017 best_avg=0.268674 best_move=0,7 leader=2 inc2=1 attack_w=0.2 S0=52984 SA=41591 ratio=1.27392 my_comp=27 my_front=31 leader_comp=20 comp_gain(sz/front/cut)=1/1/0
DBG t=86 used=0.017 remain=0.242 turn_time=0.0167758 end_in=0.0167758 cand_pre=43 cand_cap=20 cand=43->20 pre=43 pick(must/bucket/top/rand)=1/8/7/4 depth0=11 depth=3 dlog=5 dper=3 sims=1424 loop=1404 gen_time=0 eval_time=0.017 best_avg=0.239815 best_move=2,7 leader=2 inc2=1 attack_w=0.2 S0=54559 SA=44176 ratio=1.23503 my_comp=28 my_front=28 leader_comp=22 comp_gain(sz/front/cut)=1/2/0
DBG depth_guard t=99 remain=0.013 cand_pre=29 depth0=0 depth=0
DBG t=99 used=0.008 remain=0.013 turn_time=0.0078 end_in=0.0078 cand_pre=29 cand_cap=12 cand=29->12 pre=29 pick(must/bucket/top/rand)=1/7/2/2 depth0=0 depth=0 dlog=4 dper=4 sims=9348 loop=9336 gen_time=0 eval_time=0.008 best_avg=0.229694 best_move=0,6 leader=2 inc2=1 attack_w=0.2 S0=52393 SA=43076 ratio=1.21629 my_comp=18 my_front=19 leader_comp=23 comp_gain(sz/front/cut)=0/0/0
DBG summary depth_guard_fired=1
Score = 113451
=== CASE 0147.txt ===
DBG hdr N=10 M=4 T=100 U=4 VMAX=1165 TIME_LIMIT=1.94 MAX_CAND=20 UCB_C=0.21 OBJ=log(S0+1)-log(SA+1)
DBG t=0 used=0.024 remain=1.94 turn_time=0.0236195 end_in=0.0236195 cand_pre=5 cand_cap=20 cand=5->5 pre=5 pick(must/bucket/top/rand)=1/2/2/0 depth0=7 depth=5 dlog=2 dper=0 sims=5829 loop=5824 gen_time=0 eval_time=0.024 best_avg=-0.158609 best_move=0,6 leader=1 inc2=1 attack_w=0.85 S0=906 SA=1147 ratio=0.79007 my_comp=1 my_front=4 leader_comp=1 comp_gain(sz/front/cut)=1/1/0
DBG t=12 used=0.023 remain=1.662 turn_time=0.0221348 end_in=0.0221348 cand_pre=12 cand_cap=20 cand=12->12 pre=12 pick(must/bucket/top/rand)=1/3/8/0 depth0=7 depth=4 dlog=3 dper=0 sims=4060 loop=4048 gen_time=0 eval_time=0.023 best_avg=-0.163736 best_move=3,6 leader=3 inc2=0 attack_w=0.548793 S0=12839 SA=14264 ratio=0.900105 my_comp=5 my_front=10 leader_comp=6 comp_gain(sz/front/cut)=1/2/0
DBG t=24 used=0.021 remain=1.4 turn_time=0.0207513 end_in=0.0207513 cand_pre=19 cand_cap=20 cand=19->19 pre=19 pick(must/bucket/top/rand)=1/7/8/3 depth0=7 depth=3 dlog=4 dper=0 sims=3239 loop=3220 gen_time=0 eval_time=0.021 best_avg=-0.0108374 best_move=3,5 leader=3 inc2=1 attack_w=0.2665 S0=22736 SA=22297 ratio=1.01969 my_comp=8 my_front=16 leader_comp=12 comp_gain(sz/front/cut)=0/0/0
DBG t=37 used=0.022 remain=1.117 turn_time=0.0210102 end_in=0.0210102 cand_pre=10 cand_cap=20 cand=10->10 pre=10 pick(must/bucket/top/rand)=1/2/7/0 depth0=10 depth=7 dlog=3 dper=0 sims=1902 loop=1892 gen_time=0 eval_time=0.022 best_avg=-0.186885 best_move=4,8 leader=2 inc2=1 attack_w=0.85 S0=23986 SA=30314 ratio=0.791258 my_comp=4 my_front=6 leader_comp=18 comp_gain(sz/front/cut)=0/0/0
DBG t=49 used=0.018 remain=0.87 turn_time=0.01711 end_in=0.01711 cand_pre=38 cand_cap=20 cand=38->20 pre=38 pick(must/bucket/top/rand)=1/8/7/4 depth0=10 depth=3 dlog=5 dper=2 sims=2152 loop=2132 gen_time=0 eval_time=0.018 best_avg=-0.0143655 best_move=5,9 leader=2 inc2=1 attack_w=0.292759 S0=33248 SA=33009 ratio=1.00724 my_comp=19 my_front=29 leader_comp=12 comp_gain(sz/front/cut)=0/0/0
DBG t=61 used=0.02 remain=0.653 turn_time=0.0194058 end_in=0.0194058 cand_pre=14 cand_cap=20 cand=14->14 pre=14 pick(must/bucket/top/rand)=1/6/7/0 depth0=10 depth=7 dlog=3 dper=0 sims=1482 loop=1468 gen_time=0 eval_time=0.02 best_avg=0.0552368 best_move=7,5 leader=2 inc2=1 attack_w=0.228667 S0=35491 SA=34186 ratio=1.03817 my_comp=5 my_front=12 leader_comp=30 comp_gain(sz/front/cut)=1/2/0
DBG t=74 used=0.018 remain=0.408 turn_time=0.0175754 end_in=0.0175754 cand_pre=20 cand_cap=20 cand=20->20 pre=20 pick(must/bucket/top/rand)=1/7/8/4 depth0=11 depth=7 dlog=4 dper=0 sims=1484 loop=1464 gen_time=0 eval_time=0.018 best_avg=0.220469 best_move=8,5 leader=2 inc2=1 attack_w=0.2 S0=35917 SA=32214 ratio=1.11495 my_comp=9 my_front=16 leader_comp=28 comp_gain(sz/front/cut)=2/2/1
DBG t=86 used=0.016 remain=0.206 turn_time=0.015141 end_in=0.015141 cand_pre=34 cand_cap=20 cand=34->20 pre=34 pick(must/bucket/top/rand)=1/7/8/4 depth0=11 depth=5 dlog=4 dper=2 sims=1392 loop=1372 gen_time=0 eval_time=0.016 best_avg=0.56562 best_move=7,6 leader=3 inc2=1 attack_w=0.2 S0=44718 SA=25185 ratio=1.77555 my_comp=18 my_front=26 leader_comp=12 comp_gain(sz/front/cut)=0/0/0
DBG depth_guard t=99 remain=0.01 cand_pre=26 depth0=0 depth=0
DBG t=99 used=0.007 remain=0.01 turn_time=0.006 end_in=0.006 cand_pre=26 cand_cap=12 cand=26->12 pre=26 pick(must/bucket/top/rand)=1/8/1/2 depth0=0 depth=0 dlog=4 dper=4 sims=12140 loop=12128 gen_time=0 eval_time=0.007 best_avg=0.585849 best_move=3,5 leader=3 inc2=1 attack_w=0.2 S0=40931 SA=22806 ratio=1.79471 my_comp=12 my_front=22 leader_comp=11 comp_gain(sz/front/cut)=3/4/0
DBG summary depth_guard_fired=1
Score = 148277
=== CASE 0149.txt ===
DBG hdr N=10 M=7 T=100 U=5 VMAX=1666 TIME_LIMIT=1.94 MAX_CAND=20 UCB_C=0.21 OBJ=log(S0+1)-log(SA+1)
DBG t=0 used=0.024 remain=1.94 turn_time=0.0236195 end_in=0.0236195 cand_pre=5 cand_cap=20 cand=5->5 pre=5 pick(must/bucket/top/rand)=1/3/1/0 depth0=7 depth=5 dlog=2 dper=0 sims=3945 loop=3940 gen_time=0 eval_time=0.024 best_avg=-0.170632 best_move=5,5 leader=6 inc2=1 attack_w=0.835139 S0=1056 SA=1313 ratio=0.804414 my_comp=1 my_front=4 leader_comp=1 comp_gain(sz/front/cut)=1/2/0
DBG t=12 used=0.023 remain=1.659 turn_time=0.0222174 end_in=0.0222174 cand_pre=11 cand_cap=20 cand=11->11 pre=11 pick(must/bucket/top/rand)=1/7/3/0 depth0=7 depth=4 dlog=3 dper=0 sims=2951 loop=2940 gen_time=0 eval_time=0.023 best_avg=0.226505 best_move=4,3 leader=2 inc2=1 attack_w=0.28134 S0=11798 SA=11651 ratio=1.01262 my_comp=4 my_front=10 leader_comp=8 comp_gain(sz/front/cut)=0/0/0
DBG t=24 used=0.021 remain=1.391 turn_time=0.0207369 end_in=0.0207369 cand_pre=18 cand_cap=20 cand=18->18 pre=18 pick(must/bucket/top/rand)=1/8/7/2 depth0=7 depth=3 dlog=4 dper=0 sims=3230 loop=3212 gen_time=0 eval_time=0.021 best_avg=0.461818 best_move=6,6 leader=5 inc2=1 attack_w=0.2 S0=26162 SA=19656 ratio=1.33098 my_comp=7 my_front=16 leader_comp=18 comp_gain(sz/front/cut)=1/2/15
DBG t=37 used=0.02 remain=1.121 turn_time=0.0194663 end_in=0.0194663 cand_pre=24 cand_cap=20 cand=24->20 pre=24 pick(must/bucket/top/rand)=1/8/7/4 depth0=10 depth=6 dlog=4 dper=0 sims=1948 loop=1928 gen_time=0 eval_time=0.02 best_avg=0.63185 best_move=5,2 leader=5 inc2=1 attack_w=0.2 S0=35280 SA=20303 ratio=1.73764 my_comp=10 my_front=22 leader_comp=2 comp_gain(sz/front/cut)=1/0/0
DBG t=49 used=0.019 remain=0.881 turn_time=0.0188983 end_in=0.0188983 cand_pre=24 cand_cap=20 cand=24->20 pre=24 pick(must/bucket/top/rand)=1/6/9/4 depth0=10 depth=6 dlog=4 dper=0 sims=1788 loop=1768 gen_time=0 eval_time=0.019 best_avg=0.721177 best_move=5,8 leader=4 inc2=1 attack_w=0.2 S0=40305 SA=22274 ratio=1.80947 my_comp=11 my_front=22 leader_comp=6 comp_gain(sz/front/cut)=1/2/0
DBG t=61 used=0.018 remain=0.657 turn_time=0.0177727 end_in=0.0177727 cand_pre=30 cand_cap=20 cand=30->20 pre=30 pick(must/bucket/top/rand)=1/8/7/4 depth0=10 depth=5 dlog=4 dper=1 sims=1796 loop=1776 gen_time=0 eval_time=0.018 best_avg=0.854555 best_move=7,3 leader=6 inc2=1 attack_w=0.2 S0=52366 SA=22192 ratio=2.35962 my_comp=13 my_front=24 leader_comp=8 comp_gain(sz/front/cut)=0/0/0
DBG t=74 used=0.018 remain=0.423 turn_time=0.017164 end_in=0.017164 cand_pre=30 cand_cap=20 cand=30->20 pre=30 pick(must/bucket/top/rand)=1/5/10/4 depth0=11 depth=6 dlog=4 dper=1 sims=1956 loop=1936 gen_time=0 eval_time=0.018 best_avg=0.628236 best_move=5,2 leader=6 inc2=1 attack_w=0.2 S0=61733 SA=28680 ratio=2.15244 my_comp=15 my_front=24 leader_comp=1 comp_gain(sz/front/cut)=0/0/0
DBG t=86 used=0.018 remain=0.2 turn_time=0.0174857 end_in=0.0174857 cand_pre=4 cand_cap=20 cand=4->4 pre=4 pick(must/bucket/top/rand)=1/1/2/0 depth0=11 depth=6 dlog=1 dper=0 sims=2100 loop=2096 gen_time=0 eval_time=0.018 best_avg=0.896836 best_move=9,3 leader=3 inc2=1 attack_w=0.2 S0=65487 SA=26351 ratio=2.48512 my_comp=2 my_front=5 leader_comp=18 comp_gain(sz/front/cut)=0/0/0
DBG depth_guard t=98 remain=0.019 cand_pre=20 depth0=1 depth=0
DBG depth_guard t=99 remain=0.008 cand_pre=18 depth0=0 depth=0
DBG t=99 used=0.005 remain=0.008 turn_time=0.0048 end_in=0.0048 cand_pre=18 cand_cap=12 cand=18->12 pre=18 pick(must/bucket/top/rand)=1/5/4/2 depth0=0 depth=0 dlog=4 dper=4 sims=6012 loop=6000 gen_time=0 eval_time=0.005 best_avg=0.60169 best_move=4,2 leader=3 inc2=1 attack_w=0.2 S0=58896 SA=32513 ratio=1.81144 my_comp=9 my_front=16 leader_comp=18 comp_gain(sz/front/cut)=0/0/0
DBG summary depth_guard_fired=2
Score = 144462
=== CASE 0151.txt ===
DBG hdr N=10 M=3 T=100 U=1 VMAX=1679 TIME_LIMIT=1.94 MAX_CAND=20 UCB_C=0.21 OBJ=log(S0+1)-log(SA+1)
DBG t=0 used=0.024 remain=1.94 turn_time=0.0236195 end_in=0.0236195 cand_pre=5 cand_cap=20 cand=5->5 pre=5 pick(must/bucket/top/rand)=1/2/2/0 depth0=7 depth=5 dlog=2 dper=0 sims=6449 loop=6444 gen_time=0 eval_time=0.024 best_avg=0.225506 best_move=3,8 leader=2 inc2=1 attack_w=0.85 S0=768 SA=1538 ratio=0.499675 my_comp=1 my_front=4 leader_comp=1 comp_gain(sz/front/cut)=1/2/0
DBG t=12 used=0.021 remain=1.667 turn_time=0.0206007 end_in=0.0206007 cand_pre=25 cand_cap=20 cand=25->20 pre=25 pick(must/bucket/top/rand)=1/2/13/4 depth0=7 depth=3 dlog=4 dper=0 sims=3736 loop=3716 gen_time=0 eval_time=0.021 best_avg=0.596215 best_move=3,7 leader=1 inc2=1 attack_w=0.2 S0=17587 SA=10356 ratio=1.69818 my_comp=13 my_front=17 leader_comp=1 comp_gain(sz/front/cut)=1/2/0
DBG t=24 used=0.019 remain=1.426 turn_time=0.0180877 end_in=0.0180877 cand_pre=44 cand_cap=20 cand=44->20 pre=44 pick(must/bucket/top/rand)=1/4/11/4 depth0=7 depth=0 dlog=5 dper=2 sims=47596 loop=47576 gen_time=0 eval_time=0.019 best_avg=0.933799 best_move=2,2 leader=1 inc2=1 attack_w=0.2 S0=31589 SA=11734 ratio=2.69195 my_comp=25 my_front=31 leader_comp=13 comp_gain(sz/front/cut)=1/2/0
DBG t=37 used=0.021 remain=1.142 turn_time=0.0206557 end_in=0.0206557 cand_pre=17 cand_cap=20 cand=17->17 pre=17 pick(must/bucket/top/rand)=1/6/9/1 depth0=10 depth=7 dlog=3 dper=0 sims=2037 loop=2020 gen_time=0 eval_time=0.021 best_avg=1.12013 best_move=6,1 leader=1 inc2=1 attack_w=0.2 S0=34733 SA=13535 ratio=2.56605 my_comp=7 my_front=12 leader_comp=13 comp_gain(sz/front/cut)=1/2/2
DBG t=49 used=0.019 remain=0.901 turn_time=0.0186383 end_in=0.0186383 cand_pre=30 cand_cap=20 cand=30->20 pre=30 pick(must/bucket/top/rand)=1/6/9/4 depth0=10 depth=5 dlog=4 dper=1 sims=2040 loop=2020 gen_time=0 eval_time=0.019 best_avg=1.58749 best_move=3,3 leader=2 inc2=1 attack_w=0.2 S0=43420 SA=9316 ratio=4.66041 my_comp=16 my_front=22 leader_comp=3 comp_gain(sz/front/cut)=1/0/1
DBG t=61 used=0.014 remain=0.703 turn_time=0.0137446 end_in=0.0137446 cand_pre=75 cand_cap=14 cand=75->14 pre=42 pick(must/bucket/top/rand)=1/5/5/3 depth0=10 depth=0 dlog=6 dper=5 sims=49046 loop=49032 gen_time=0 eval_time=0.014 best_avg=2.3647 best_move=4,1 leader=2 inc2=1 attack_w=0.2 S0=51799 SA=4777 ratio=10.8414 my_comp=45 my_front=52 leader_comp=3 comp_gain(sz/front/cut)=2/1/0
DBG t=74 used=0.015 remain=0.49 turn_time=0.0141252 end_in=0.0141252 cand_pre=77 cand_cap=14 cand=77->14 pre=42 pick(must/bucket/top/rand)=1/6/4/3 depth0=11 depth=0 dlog=6 dper=5 sims=50242 loop=50228 gen_time=0 eval_time=0.015 best_avg=2.48332 best_move=2,2 leader=2 inc2=1 attack_w=0.2 S0=52801 SA=4361 ratio=12.105 my_comp=48 my_front=48 leader_comp=4 comp_gain(sz/front/cut)=1/-2/0
DBG t=86 used=0.016 remain=0.309 turn_time=0.0156817 end_in=0.0156817 cand_pre=83 cand_cap=12 cand=83->12 pre=36 pick(must/bucket/top/rand)=1/6/3/2 depth0=11 depth=0 dlog=6 dper=5 sims=54360 loop=54348 gen_time=0 eval_time=0.016 best_avg=2.74526 best_move=1,1 leader=2 inc2=1 attack_w=0.2 S0=57938 SA=3820 ratio=15.1633 my_comp=52 my_front=53 leader_comp=3 comp_gain(sz/front/cut)=1/2/2
DBG t=99 used=0.022 remain=0.035 turn_time=0.021 end_in=0.021 cand_pre=84 cand_cap=12 cand=84->12 pre=36 pick(must/bucket/top/rand)=1/5/4/2 depth0=0 depth=0 dlog=6 dper=4 sims=81532 loop=81520 gen_time=0 eval_time=0.022 best_avg=2.90146 best_move=1,0 leader=2 inc2=1 attack_w=0.2 S0=59123 SA=3345 ratio=17.6701 my_comp=53 my_front=55 leader_comp=2 comp_gain(sz/front/cut)=1/1/1
DBG summary depth_guard_fired=0
Score = 425737
=== CASE 0152.txt ===
DBG hdr N=10 M=3 T=100 U=4 VMAX=2181 TIME_LIMIT=1.94 MAX_CAND=20 UCB_C=0.21 OBJ=log(S0+1)-log(SA+1)
DBG t=0 used=0.024 remain=1.94 turn_time=0.0236195 end_in=0.0236195 cand_pre=5 cand_cap=20 cand=5->5 pre=5 pick(must/bucket/top/rand)=1/2/2/0 depth0=7 depth=5 dlog=2 dper=0 sims=6565 loop=6560 gen_time=0 eval_time=0.024 best_avg=-0.607951 best_move=2,7 leader=1 inc2=1 attack_w=0.85 S0=797 SA=1631 ratio=0.488971 my_comp=1 my_front=4 leader_comp=1 comp_gain(sz/front/cut)=1/2/0
DBG t=12 used=0.022 remain=1.668 turn_time=0.0215987 end_in=0.0215987 cand_pre=17 cand_cap=20 cand=17->17 pre=17 pick(must/bucket/top/rand)=1/3/12/1 depth0=7 depth=4 dlog=3 dper=0 sims=4485 loop=4468 gen_time=0 eval_time=0.022 best_avg=-0.0890573 best_move=1,4 leader=1 inc2=1 attack_w=0.601266 S0=16323 SA=18530 ratio=0.880902 my_comp=6 my_front=13 leader_comp=3 comp_gain(sz/front/cut)=1/2/0
DBG t=24 used=0.021 remain=1.408 turn_time=0.0203882 end_in=0.0203882 cand_pre=23 cand_cap=20 cand=23->20 pre=23 pick(must/bucket/top/rand)=1/8/7/4 depth0=7 depth=3 dlog=4 dper=0 sims=4240 loop=4220 gen_time=0 eval_time=0.021 best_avg=0.0719565 best_move=3,6 leader=1 inc2=1 attack_w=0.2 S0=30658 SA=27935 ratio=1.09747 my_comp=10 my_front=17 leader_comp=6 comp_gain(sz/front/cut)=1/-2/0
DBG t=37 used=0.019 remain=1.147 turn_time=0.0187343 end_in=0.0187343 cand_pre=34 cand_cap=20 cand=34->20 pre=34 pick(must/bucket/top/rand)=1/8/7/4 depth0=10 depth=5 dlog=4 dper=1 sims=1816 loop=1796 gen_time=0 eval_time=0.019 best_avg=0.104296 best_move=4,6 leader=2 inc2=1 attack_w=0.2 S0=37927 SA=34099 ratio=1.11226 my_comp=17 my_front=22 leader_comp=14 comp_gain(sz/front/cut)=1/2/1
DBG t=49 used=0.018 remain=0.922 turn_time=0.0177801 end_in=0.0177801 cand_pre=41 cand_cap=20 cand=41->20 pre=41 pick(must/bucket/top/rand)=1/8/7/4 depth0=10 depth=3 dlog=5 dper=2 sims=2048 loop=2028 gen_time=0 eval_time=0.018 best_avg=0.0960479 best_move=2,4 leader=1 inc2=1 attack_w=0.2 S0=44850 SA=40680 ratio=1.1025 my_comp=20 my_front=31 leader_comp=8 comp_gain(sz/front/cut)=0/0/0
DBG t=61 used=0.017 remain=0.711 turn_time=0.0163895 end_in=0.0163895 cand_pre=54 cand_cap=20 cand=54->20 pre=54 pick(must/bucket/top/rand)=1/8/7/4 depth0=10 depth=2 dlog=5 dper=3 sims=1524 loop=1504 gen_time=0 eval_time=0.017 best_avg=0.116945 best_move=6,7 leader=2 inc2=1 attack_w=0.2 S0=51736 SA=43603 ratio=1.18652 my_comp=27 my_front=42 leader_comp=25 comp_gain(sz/front/cut)=1/2/0
DBG t=74 used=0.017 remain=0.49 turn_time=0.0166977 end_in=0.0166977 cand_pre=56 cand_cap=20 cand=56->20 pre=56 pick(must/bucket/top/rand)=1/8/7/4 depth0=11 depth=2 dlog=5 dper=4 sims=1524 loop=1504 gen_time=0 eval_time=0.017 best_avg=0.234856 best_move=8,7 leader=2 inc2=1 attack_w=0.2 S0=57343 SA=46494 ratio=1.23334 my_comp=33 my_front=46 leader_comp=1 comp_gain(sz/front/cut)=1/2/0
DBG t=86 used=0.018 remain=0.283 turn_time=0.0172529 end_in=0.0172529 cand_pre=61 cand_cap=14 cand=61->14 pre=42 pick(must/bucket/top/rand)=1/8/2/3 depth0=11 depth=2 dlog=5 dper=4 sims=1314 loop=1300 gen_time=0 eval_time=0.018 best_avg=0.34214 best_move=3,2 leader=2 inc2=1 attack_w=0.2 S0=60296 SA=43908 ratio=1.37323 my_comp=35 my_front=47 leader_comp=25 comp_gain(sz/front/cut)=1/2/23
DBG t=99 used=0.02 remain=0.033 turn_time=0.0198 end_in=0.0198 cand_pre=67 cand_cap=14 cand=67->14 pre=42 pick(must/bucket/top/rand)=1/8/2/3 depth0=0 depth=0 dlog=5 dper=4 sims=46562 loop=46548 gen_time=0 eval_time=0.02 best_avg=0.338085 best_move=0,3 leader=1 inc2=1 attack_w=0.2 S0=64082 SA=45948 ratio=1.39465 my_comp=38 my_front=53 leader_comp=14 comp_gain(sz/front/cut)=0/0/0
DBG summary depth_guard_fired=0
Score = 126783
=== CASE 0154.txt ===
DBG hdr N=10 M=2 T=100 U=5 VMAX=1488 TIME_LIMIT=1.94 MAX_CAND=20 UCB_C=0.21 OBJ=log(S0+1)-log(SA+1)
DBG t=0 used=0.024 remain=1.94 turn_time=0.0236195 end_in=0.0236195 cand_pre=5 cand_cap=20 cand=5->5 pre=5 pick(must/bucket/top/rand)=1/2/2/0 depth0=7 depth=5 dlog=2 dper=0 sims=8041 loop=8036 gen_time=0 eval_time=0.024 best_avg=-0.00581784 best_move=5,3 leader=1 inc2=1 attack_w=0.13 S0=869 SA=785 ratio=1.10687 my_comp=1 my_front=4 leader_comp=1 comp_gain(sz/front/cut)=1/2/0
DBG t=12 used=0.021 remain=1.673 turn_time=0.020922 end_in=0.020922 cand_pre=23 cand_cap=20 cand=23->20 pre=23 pick(must/bucket/top/rand)=1/2/13/4 depth0=7 depth=3 dlog=4 dper=0 sims=5496 loop=5476 gen_time=0 eval_time=0.021 best_avg=0.42109 best_move=5,7 leader=1 inc2=1 attack_w=0.2 S0=15093 SA=9789 ratio=1.54178 my_comp=7 my_front=16 leader_comp=4 comp_gain(sz/front/cut)=0/0/0
DBG t=24 used=0.02 remain=1.426 turn_time=0.0195512 end_in=0.0195512 cand_pre=32 cand_cap=20 cand=32->20 pre=32 pick(must/bucket/top/rand)=1/2/13/4 depth0=7 depth=2 dlog=4 dper=1 sims=4260 loop=4240 gen_time=0 eval_time=0.02 best_avg=0.53478 best_move=2,9 leader=1 inc2=1 attack_w=0.2 S0=31328 SA=18217 ratio=1.71967 my_comp=11 my_front=23 leader_comp=6 comp_gain(sz/front/cut)=1/1/0
DBG t=37 used=0.019 remain=1.169 turn_time=0.0189731 end_in=0.0189731 cand_pre=35 cand_cap=20 cand=35->20 pre=35 pick(must/bucket/top/rand)=1/2/13/4 depth0=10 depth=4 dlog=4 dper=2 sims=2744 loop=2724 gen_time=0 eval_time=0.019 best_avg=0.525785 best_move=3,8 leader=1 inc2=1 attack_w=0.2 S0=48218 SA=28209 ratio=1.70929 my_comp=13 my_front=26 leader_comp=8 comp_gain(sz/front/cut)=0/0/0
DBG t=49 used=0.019 remain=0.941 turn_time=0.0185063 end_in=0.0185063 cand_pre=38 cand_cap=20 cand=38->20 pre=38 pick(must/bucket/top/rand)=1/2/13/4 depth0=10 depth=3 dlog=5 dper=2 sims=2696 loop=2676 gen_time=0 eval_time=0.019 best_avg=0.548033 best_move=2,7 leader=1 inc2=1 attack_w=0.2 S0=63557 SA=36437 ratio=1.74428 my_comp=16 my_front=27 leader_comp=9 comp_gain(sz/front/cut)=0/0/0
DBG t=61 used=0.019 remain=0.714 turn_time=0.0180056 end_in=0.0180056 cand_pre=41 cand_cap=20 cand=41->20 pre=41 pick(must/bucket/top/rand)=1/2/13/4 depth0=10 depth=3 dlog=5 dper=2 sims=2360 loop=2340 gen_time=0 eval_time=0.019 best_avg=0.510007 best_move=7,7 leader=1 inc2=1 attack_w=0.2 S0=78410 SA=46721 ratio=1.67825 my_comp=19 my_front=28 leader_comp=12 comp_gain(sz/front/cut)=1/2/0
DBG t=74 used=0.018 remain=0.483 turn_time=0.0170629 end_in=0.0170629 cand_pre=51 cand_cap=20 cand=51->20 pre=51 pick(must/bucket/top/rand)=1/5/10/4 depth0=11 depth=3 dlog=5 dper=3 sims=1796 loop=1776 gen_time=0 eval_time=0.018 best_avg=0.573696 best_move=6,0 leader=1 inc2=1 attack_w=0.2 S0=83204 SA=47433 ratio=1.75412 my_comp=24 my_front=35 leader_comp=12 comp_gain(sz/front/cut)=1/1/0
DBG t=86 used=0.018 remain=0.272 turn_time=0.0172137 end_in=0.0172137 cand_pre=56 cand_cap=20 cand=56->20 pre=56 pick(must/bucket/top/rand)=1/5/10/4 depth0=11 depth=3 dlog=5 dper=3 sims=1620 loop=1600 gen_time=0 eval_time=0.018 best_avg=0.565825 best_move=3,7 leader=1 inc2=1 attack_w=0.2 S0=90410 SA=50912 ratio=1.77579 my_comp=29 my_front=37 leader_comp=12 comp_gain(sz/front/cut)=0/0/0
DBG t=99 used=0.016 remain=0.026 turn_time=0.0156 end_in=0.0156 cand_pre=56 cand_cap=20 cand=56->20 pre=56 pick(must/bucket/top/rand)=1/5/10/4 depth0=0 depth=0 dlog=5 dper=4 sims=47180 loop=47160 gen_time=0 eval_time=0.016 best_avg=0.561327 best_move=2,0 leader=1 inc2=1 attack_w=0.2 S0=96486 SA=55390 ratio=1.74193 my_comp=30 my_front=39 leader_comp=13 comp_gain(sz/front/cut)=0/0/0
DBG summary depth_guard_fired=0
Score = 146293
=== CASE 0150.txt ===
DBG hdr N=10 M=4 T=100 U=2 VMAX=2104 TIME_LIMIT=1.94 MAX_CAND=20 UCB_C=0.21 OBJ=log(S0+1)-log(SA+1)
DBG t=0 used=0.024 remain=1.94 turn_time=0.0236195 end_in=0.0236195 cand_pre=5 cand_cap=20 cand=5->5 pre=5 pick(must/bucket/top/rand)=1/2/2/0 depth0=7 depth=5 dlog=2 dper=0 sims=6257 loop=6252 gen_time=0 eval_time=0.024 best_avg=-0.345468 best_move=4,4 leader=3 inc2=1 attack_w=0.85 S0=736 SA=1435 ratio=0.513231 my_comp=1 my_front=4 leader_comp=1 comp_gain(sz/front/cut)=1/2/0
DBG t=12 used=0.022 remain=1.669 turn_time=0.0213651 end_in=0.0213651 cand_pre=19 cand_cap=20 cand=19->19 pre=19 pick(must/bucket/top/rand)=1/7/8/3 depth0=7 depth=3 dlog=4 dper=0 sims=4443 loop=4424 gen_time=0 eval_time=0.022 best_avg=0.0147348 best_move=4,5 leader=3 inc2=1 attack_w=0.717747 S0=14383 SA=17101 ratio=0.841071 my_comp=8 my_front=14 leader_comp=10 comp_gain(sz/front/cut)=0/0/0
DBG t=24 used=0.02 remain=1.414 turn_time=0.0199914 end_in=0.0199914 cand_pre=27 cand_cap=20 cand=27->20 pre=27 pick(must/bucket/top/rand)=1/8/7/4 depth0=7 depth=2 dlog=4 dper=1 sims=3200 loop=3180 gen_time=0 eval_time=0.02 best_avg=0.16287 best_move=5,7 leader=2 inc2=1 attack_w=0.2 S0=22229 SA=19851 ratio=1.11979 my_comp=12 my_front=24 leader_comp=11 comp_gain(sz/front/cut)=1/2/1
DBG t=37 used=0.02 remain=1.151 turn_time=0.0197497 end_in=0.0197497 cand_pre=26 cand_cap=20 cand=26->20 pre=26 pick(must/bucket/top/rand)=1/8/7/4 depth0=10 depth=6 dlog=4 dper=0 sims=1764 loop=1744 gen_time=0 eval_time=0.02 best_avg=-0.0987044 best_move=2,8 leader=1 inc2=0 attack_w=0.239163 S0=23523 SA=22772 ratio=1.03298 my_comp=12 my_front=24 leader_comp=19 comp_gain(sz/front/cut)=0/0/0
DBG t=49 used=0.02 remain=0.911 turn_time=0.0195418 end_in=0.0195418 cand_pre=24 cand_cap=20 cand=24->20 pre=24 pick(must/bucket/top/rand)=1/8/7/4 depth0=10 depth=6 dlog=4 dper=0 sims=1916 loop=1896 gen_time=0 eval_time=0.02 best_avg=0.0022225 best_move=1,7 leader=1 inc2=1 attack_w=0.384203 S0=24787 SA=25655 ratio=0.966168 my_comp=12 my_front=18 leader_comp=19 comp_gain(sz/front/cut)=0/0/0
DBG t=61 used=0.019 remain=0.676 turn_time=0.01885 end_in=0.01885 cand_pre=25 cand_cap=20 cand=25->20 pre=25 pick(must/bucket/top/rand)=1/7/8/4 depth0=10 depth=6 dlog=4 dper=0 sims=1756 loop=1736 gen_time=0 eval_time=0.019 best_avg=0.164909 best_move=4,5 leader=1 inc2=1 attack_w=0.2 S0=33728 SA=26465 ratio=1.27443 my_comp=13 my_front=16 leader_comp=23 comp_gain(sz/front/cut)=2/4/1
DBG t=74 used=0.02 remain=0.421 turn_time=0.0198194 end_in=0.0198194 cand_pre=4 cand_cap=20 cand=4->4 pre=4 pick(must/bucket/top/rand)=1/3/0/0 depth0=11 depth=10 dlog=1 dper=0 sims=1488 loop=1484 gen_time=0 eval_time=0.02 best_avg=0.272057 best_move=4,2 leader=2 inc2=1 attack_w=0.2 S0=39113 SA=28003 ratio=1.39673 my_comp=1 my_front=4 leader_comp=13 comp_gain(sz/front/cut)=1/2/0
DBG t=86 used=0.016 remain=0.203 turn_time=0.015863 end_in=0.015863 cand_pre=24 cand_cap=20 cand=24->20 pre=24 pick(must/bucket/top/rand)=1/7/8/4 depth0=11 depth=6 dlog=4 dper=1 sims=1596 loop=1576 gen_time=0 eval_time=0.016 best_avg=0.432847 best_move=4,6 leader=2 inc2=0 attack_w=0.2 S0=41611 SA=28924 ratio=1.43862 my_comp=10 my_front=18 leader_comp=14 comp_gain(sz/front/cut)=12/16/0
DBG depth_guard t=99 remain=0.016 cand_pre=47 depth0=0 depth=0
DBG t=99 used=0.01 remain=0.016 turn_time=0.0096 end_in=0.0096 cand_pre=47 cand_cap=14 cand=47->14 pre=42 pick(must/bucket/top/rand)=1/5/5/3 depth0=0 depth=0 dlog=5 dper=5 sims=23050 loop=23036 gen_time=0 eval_time=0.01 best_avg=0.759325 best_move=5,5 leader=2 inc2=1 attack_w=0.2 S0=47126 SA=23317 ratio=2.02106 my_comp=26 my_front=35 leader_comp=11 comp_gain(sz/front/cut)=0/0/0
DBG summary depth_guard_fired=1
Score = 161965
=== CASE 0153.txt ===
DBG hdr N=10 M=5 T=100 U=2 VMAX=1370 TIME_LIMIT=1.94 MAX_CAND=20 UCB_C=0.21 OBJ=log(S0+1)-log(SA+1)
DBG t=0 used=0.024 remain=1.94 turn_time=0.0237456 end_in=0.0237456 cand_pre=4 cand_cap=20 cand=4->4 pre=4 pick(must/bucket/top/rand)=1/3/0/0 depth0=7 depth=6 dlog=1 dper=0 sims=4400 loop=4396 gen_time=0 eval_time=0.024 best_avg=-0.246268 best_move=8,4 leader=3 inc2=1 attack_w=0.199032 S0=1016 SA=1015 ratio=1.00098 my_comp=1 my_front=4 leader_comp=1 comp_gain(sz/front/cut)=0/0/0
DBG t=12 used=0.022 remain=1.658 turn_time=0.0218366 end_in=0.0218366 cand_pre=14 cand_cap=20 cand=14->14 pre=14 pick(must/bucket/top/rand)=1/4/9/0 depth0=7 depth=4 dlog=3 dper=0 sims=4102 loop=4088 gen_time=0 eval_time=0.022 best_avg=-0.303011 best_move=9,1 leader=1 inc2=0 attack_w=0.70334 S0=11622 SA=13741 ratio=0.845801 my_comp=8 my_front=10 leader_comp=8 comp_gain(sz/front/cut)=0/0/0
DBG t=24 used=0.022 remain=1.391 turn_time=0.0215697 end_in=0.0215697 cand_pre=11 cand_cap=20 cand=11->11 pre=11 pick(must/bucket/top/rand)=1/5/5/0 depth0=7 depth=4 dlog=3 dper=0 sims=3155 loop=3144 gen_time=0 eval_time=0.022 best_avg=-0.0831214 best_move=3,0 leader=1 inc2=1 attack_w=0.666217 S0=21479 SA=25027 ratio=0.858239 my_comp=5 my_front=8 leader_comp=12 comp_gain(sz/front/cut)=0/0/0
DBG t=37 used=0.021 remain=1.114 turn_time=0.0201493 end_in=0.0201493 cand_pre=17 cand_cap=20 cand=17->17 pre=17 pick(must/bucket/top/rand)=1/6/9/1 depth0=10 depth=7 dlog=3 dper=0 sims=1625 loop=1608 gen_time=0 eval_time=0.021 best_avg=0.118895 best_move=0,1 leader=1 inc2=1 attack_w=0.2 S0=32091 SA=28518 ratio=1.12528 my_comp=9 my_front=13 leader_comp=14 comp_gain(sz/front/cut)=1/1/0
DBG t=49 used=0.019 remain=0.875 turn_time=0.0187696 end_in=0.0187696 cand_pre=24 cand_cap=20 cand=24->20 pre=24 pick(must/bucket/top/rand)=1/5/10/4 depth0=10 depth=6 dlog=4 dper=0 sims=1576 loop=1556 gen_time=0 eval_time=0.019 best_avg=0.495012 best_move=5,1 leader=4 inc2=1 attack_w=0.2 S0=40134 SA=26533 ratio=1.51259 my_comp=15 my_front=13 leader_comp=14 comp_gain(sz/front/cut)=0/0/0
DBG t=61 used=0.017 remain=0.649 turn_time=0.0166909 end_in=0.0166909 cand_pre=38 cand_cap=20 cand=38->20 pre=38 pick(must/bucket/top/rand)=1/6/9/4 depth0=10 depth=3 dlog=5 dper=2 sims=1828 loop=1808 gen_time=0 eval_time=0.017 best_avg=0.550206 best_move=6,4 leader=4 inc2=1 attack_w=0.2 S0=41163 SA=23184 ratio=1.77546 my_comp=23 my_front=23 leader_comp=15 comp_gain(sz/front/cut)=1/2/0
DBG t=74 used=0.018 remain=0.418 turn_time=0.0175882 end_in=0.0175882 cand_pre=24 cand_cap=20 cand=24->20 pre=24 pick(must/bucket/top/rand)=1/5/10/4 depth0=11 depth=6 dlog=4 dper=1 sims=1812 loop=1792 gen_time=0 eval_time=0.018 best_avg=0.586141 best_move=0,0 leader=4 inc2=1 attack_w=0.2 S0=47048 SA=27727 ratio=1.6968 my_comp=16 my_front=14 leader_comp=3 comp_gain(sz/front/cut)=1/-2/0
DBG t=86 used=0.016 remain=0.212 turn_time=0.015582 end_in=0.015582 cand_pre=34 cand_cap=20 cand=34->20 pre=34 pick(must/bucket/top/rand)=1/6/9/4 depth0=11 depth=5 dlog=4 dper=2 sims=1340 loop=1320 gen_time=0 eval_time=0.016 best_avg=0.539954 best_move=3,1 leader=4 inc2=1 attack_w=0.2 S0=46358 SA=26899 ratio=1.72338 my_comp=22 my_front=16 leader_comp=17 comp_gain(sz/front/cut)=0/0/0
DBG depth_guard t=99 remain=0.013 cand_pre=42 depth0=0 depth=0
DBG t=99 used=0.008 remain=0.013 turn_time=0.0078 end_in=0.0078 cand_pre=42 cand_cap=12 cand=42->12 pre=36 pick(must/bucket/top/rand)=1/6/3/2 depth0=0 depth=0 dlog=5 dper=5 sims=16368 loop=16356 gen_time=0 eval_time=0.008 best_avg=0.45899 best_move=2,1 leader=4 inc2=1 attack_w=0.2 S0=42467 SA=26522 ratio=1.60118 my_comp=25 my_front=25 leader_comp=3 comp_gain(sz/front/cut)=0/0/0
DBG summary depth_guard_fired=1
Score = 135467
=== CASE 0155.txt ===
DBG hdr N=10 M=6 T=100 U=3 VMAX=4289 TIME_LIMIT=1.94 MAX_CAND=20 UCB_C=0.21 OBJ=log(S0+1)-log(SA+1)
DBG t=0 used=0.024 remain=1.94 turn_time=0.0238717 end_in=0.0238717 cand_pre=3 cand_cap=20 cand=3->3 pre=3 pick(must/bucket/top/rand)=1/2/0/0 depth0=7 depth=6 dlog=1 dper=0 sims=3679 loop=3676 gen_time=0 eval_time=0.024 best_avg=-1.33432 best_move=3,8 leader=4 inc2=1 attack_w=0.85 S0=605 SA=1406 ratio=0.430704 my_comp=1 my_front=3 leader_comp=1 comp_gain(sz/front/cut)=1/2/0
DBG t=12 used=0.022 remain=1.662 turn_time=0.0212755 end_in=0.0212755 cand_pre=19 cand_cap=20 cand=19->19 pre=19 pick(must/bucket/top/rand)=1/7/8/3 depth0=7 depth=3 dlog=4 dper=0 sims=3923 loop=3904 gen_time=0 eval_time=0.022 best_avg=-0.468501 best_move=3,5 leader=4 inc2=1 attack_w=0.85 S0=10705 SA=22941 ratio=0.466655 my_comp=7 my_front=15 leader_comp=8 comp_gain(sz/front/cut)=1/2/0
DBG t=24 used=0.023 remain=1.391 turn_time=0.0220455 end_in=0.0220455 cand_pre=7 cand_cap=20 cand=7->7 pre=7 pick(must/bucket/top/rand)=1/5/1/0 depth0=7 depth=5 dlog=2 dper=0 sims=3179 loop=3172 gen_time=0 eval_time=0.023 best_avg=0.437909 best_move=0,3 leader=2 inc2=1 attack_w=0.2 S0=34075 SA=20377 ratio=1.6722 my_comp=3 my_front=7 leader_comp=10 comp_gain(sz/front/cut)=0/0/0
DBG t=37 used=0.021 remain=1.105 turn_time=0.0208985 end_in=0.0208985 cand_pre=9 cand_cap=20 cand=9->9 pre=9 pick(must/bucket/top/rand)=1/5/3/0 depth0=10 depth=7 dlog=3 dper=0 sims=1861 loop=1852 gen_time=0 eval_time=0.021 best_avg=0.40015 best_move=0,1 leader=1 inc2=1 attack_w=0.2 S0=38064 SA=26723 ratio=1.42438 my_comp=5 my_front=8 leader_comp=12 comp_gain(sz/front/cut)=1/1/0
DBG t=49 used=0.02 remain=0.855 turn_time=0.0193213 end_in=0.0193213 cand_pre=15 cand_cap=20 cand=15->15 pre=15 pick(must/bucket/top/rand)=1/5/9/0 depth0=10 depth=7 dlog=3 dper=0 sims=1935 loop=1920 gen_time=0 eval_time=0.02 best_avg=0.204995 best_move=0,5 leader=1 inc2=1 attack_w=0.2 S0=46054 SA=34453 ratio=1.33671 my_comp=8 my_front=11 leader_comp=16 comp_gain(sz/front/cut)=0/0/0
DBG t=61 used=0.019 remain=0.618 turn_time=0.0187777 end_in=0.0187777 cand_pre=10 cand_cap=20 cand=10->10 pre=10 pick(must/bucket/top/rand)=1/3/6/0 depth0=10 depth=7 dlog=3 dper=0 sims=1590 loop=1580 gen_time=0 eval_time=0.019 best_avg=0.20892 best_move=0,6 leader=1 inc2=1 attack_w=0.2 S0=53233 SA=40026 ratio=1.32995 my_comp=6 my_front=9 leader_comp=21 comp_gain(sz/front/cut)=0/0/0
DBG t=74 used=0.017 remain=0.379 turn_time=0.0167999 end_in=0.0167999 cand_pre=15 cand_cap=20 cand=15->15 pre=15 pick(must/bucket/top/rand)=1/3/11/0 depth0=11 depth=8 dlog=3 dper=0 sims=1263 loop=1248 gen_time=0 eval_time=0.017 best_avg=0.145638 best_move=0,1 leader=1 inc2=1 attack_w=0.2 S0=56641 SA=47349 ratio=1.19624 my_comp=8 my_front=12 leader_comp=27 comp_gain(sz/front/cut)=0/0/0
DBG t=86 used=0.015 remain=0.181 turn_time=0.0148161 end_in=0.0148161 cand_pre=16 cand_cap=20 cand=16->16 pre=16 pick(must/bucket/top/rand)=1/4/11/0 depth0=11 depth=6 dlog=3 dper=0 sims=1240 loop=1224 gen_time=0 eval_time=0.015 best_avg=0.0297715 best_move=0,1 leader=1 inc2=1 attack_w=0.2 S0=57988 SA=54822 ratio=1.05775 my_comp=9 my_front=14 leader_comp=30 comp_gain(sz/front/cut)=0/0/0
DBG depth_guard t=98 remain=0.017 cand_pre=17 depth0=1 depth=0
DBG depth_guard t=99 remain=0.007 cand_pre=17 depth0=0 depth=0
DBG t=99 used=0.005 remain=0.007 turn_time=0.0042 end_in=0.0042 cand_pre=17 cand_cap=12 cand=17->12 pre=17 pick(must/bucket/top/rand)=1/2/7/2 depth0=0 depth=0 dlog=3 dper=4 sims=4624 loop=4612 gen_time=0 eval_time=0.005 best_avg=0.166732 best_move=1,3 leader=1 inc2=1 attack_w=0.2 S0=75020 SA=61883 ratio=1.21228 my_comp=10 my_front=12 leader_comp=34 comp_gain(sz/front/cut)=0/0/0
DBG summary depth_guard_fired=2
Score = 114554
=== CASE 0158.txt ===
DBG hdr N=10 M=3 T=100 U=1 VMAX=1661 TIME_LIMIT=1.94 MAX_CAND=20 UCB_C=0.21 OBJ=log(S0+1)-log(SA+1)
DBG t=0 used=0.024 remain=1.94 turn_time=0.0237456 end_in=0.0237456 cand_pre=4 cand_cap=20 cand=4->4 pre=4 pick(must/bucket/top/rand)=1/2/1/0 depth0=7 depth=6 dlog=1 dper=0 sims=5616 loop=5612 gen_time=0 eval_time=0.024 best_avg=-0.105669 best_move=9,5 leader=1 inc2=1 attack_w=0.193524 S0=612 SA=609 ratio=1.00492 my_comp=1 my_front=3 leader_comp=1 comp_gain(sz/front/cut)=1/1/0
DBG t=12 used=0.02 remain=1.669 turn_time=0.0197625 end_in=0.0197625 cand_pre=32 cand_cap=20 cand=32->20 pre=32 pick(must/bucket/top/rand)=1/5/10/4 depth0=7 depth=2 dlog=4 dper=1 sims=3400 loop=3380 gen_time=0 eval_time=0.02 best_avg=0.18185 best_move=2,3 leader=2 inc2=1 attack_w=0.595934 S0=13228 SA=14984 ratio=0.882816 my_comp=13 my_front=23 leader_comp=12 comp_gain(sz/front/cut)=1/2/0
DBG t=24 used=0.018 remain=1.441 turn_time=0.017785 end_in=0.017785 cand_pre=48 cand_cap=20 cand=48->20 pre=48 pick(must/bucket/top/rand)=1/6/9/4 depth0=7 depth=0 dlog=5 dper=3 sims=34724 loop=34704 gen_time=0 eval_time=0.018 best_avg=0.444334 best_move=1,4 leader=1 inc2=1 attack_w=0.2 S0=29037 SA=18602 ratio=1.56093 my_comp=23 my_front=35 leader_comp=19 comp_gain(sz/front/cut)=1/0/0
DBG t=37 used=0.017 remain=1.216 turn_time=0.0163484 end_in=0.0163484 cand_pre=62 cand_cap=14 cand=62->14 pre=42 pick(must/bucket/top/rand)=1/6/4/3 depth0=10 depth=1 dlog=5 dper=4 sims=1302 loop=1288 gen_time=0 eval_time=0.017 best_avg=0.658054 best_move=6,5 leader=2 inc2=1 attack_w=0.2 S0=40637 SA=23210 ratio=1.75081 my_comp=33 my_front=46 leader_comp=9 comp_gain(sz/front/cut)=1/2/0
DBG t=49 used=0.017 remain=1.015 turn_time=0.0160808 end_in=0.0160808 cand_pre=68 cand_cap=14 cand=68->14 pre=42 pick(must/bucket/top/rand)=1/6/4/3 depth0=10 depth=1 dlog=5 dper=4 sims=918 loop=904 gen_time=0 eval_time=0.017 best_avg=0.872866 best_move=2,8 leader=2 inc2=1 attack_w=0.2 S0=52377 SA=22057 ratio=2.37456 my_comp=44 my_front=46 leader_comp=17 comp_gain(sz/front/cut)=1/2/0
DBG t=61 used=0.017 remain=0.808 turn_time=0.0163361 end_in=0.0163361 cand_pre=71 cand_cap=14 cand=71->14 pre=42 pick(must/bucket/top/rand)=1/4/6/3 depth0=10 depth=1 dlog=5 dper=4 sims=874 loop=860 gen_time=0 eval_time=0.017 best_avg=0.751015 best_move=3,3 leader=2 inc2=1 attack_w=0.2 S0=51065 SA=25370 ratio=2.01277 my_comp=44 my_front=50 leader_comp=22 comp_gain(sz/front/cut)=1/0/0
DBG t=74 used=0.018 remain=0.574 turn_time=0.0172642 end_in=0.0172642 cand_pre=72 cand_cap=14 cand=72->14 pre=42 pick(must/bucket/top/rand)=1/4/6/3 depth0=11 depth=2 dlog=5 dper=4 sims=982 loop=968 gen_time=0 eval_time=0.018 best_avg=0.659392 best_move=1,3 leader=1 inc2=1 attack_w=0.2 S0=49787 SA=25646 ratio=1.94128 my_comp=43 my_front=52 leader_comp=1 comp_gain(sz/front/cut)=1/-4/0
DBG t=86 used=0.019 remain=0.337 turn_time=0.0185109 end_in=0.0185109 cand_pre=74 cand_cap=14 cand=74->14 pre=42 pick(must/bucket/top/rand)=1/3/7/3 depth0=11 depth=1 dlog=6 dper=4 sims=918 loop=904 gen_time=0 eval_time=0.019 best_avg=0.761838 best_move=2,3 leader=1 inc2=1 attack_w=0.2 S0=53742 SA=24192 ratio=2.22143 my_comp=46 my_front=55 leader_comp=2 comp_gain(sz/front/cut)=1/-2/1
DBG t=99 used=0.015 remain=0.024 turn_time=0.0144 end_in=0.0144 cand_pre=36 cand_cap=20 cand=36->20 pre=36 pick(must/bucket/top/rand)=1/4/11/4 depth0=0 depth=0 dlog=5 dper=2 sims=29048 loop=29028 gen_time=0 eval_time=0.015 best_avg=0.787362 best_move=4,4 leader=2 inc2=1 attack_w=0.2 S0=52233 SA=24570 ratio=2.12584 my_comp=22 my_front=23 leader_comp=20 comp_gain(sz/front/cut)=22/25/0
DBG summary depth_guard_fired=0
Score = 165237
=== CASE 0159.txt ===
DBG hdr N=10 M=4 T=100 U=4 VMAX=2020 TIME_LIMIT=1.94 MAX_CAND=20 UCB_C=0.21 OBJ=log(S0+1)-log(SA+1)
DBG t=0 used=0.024 remain=1.94 turn_time=0.0236195 end_in=0.0236195 cand_pre=5 cand_cap=20 cand=5->5 pre=5 pick(must/bucket/top/rand)=1/2/2/0 depth0=7 depth=5 dlog=2 dper=0 sims=6353 loop=6348 gen_time=0 eval_time=0.024 best_avg=-0.331027 best_move=6,1 leader=1 inc2=0 attack_w=0.85 S0=1248 SA=1774 ratio=0.703662 my_comp=1 my_front=4 leader_comp=1 comp_gain(sz/front/cut)=0/0/0
DBG t=12 used=0.023 remain=1.657 turn_time=0.022313 end_in=0.022313 cand_pre=10 cand_cap=20 cand=10->10 pre=10 pick(must/bucket/top/rand)=1/3/6/0 depth0=7 depth=4 dlog=3 dper=0 sims=5346 loop=5336 gen_time=0 eval_time=0.023 best_avg=-0.304017 best_move=4,2 leader=3 inc2=0 attack_w=0.465615 S0=16764 SA=17981 ratio=0.932321 my_comp=3 my_front=8 leader_comp=6 comp_gain(sz/front/cut)=1/2/0
DBG t=24 used=0.021 remain=1.39 turn_time=0.0209597 end_in=0.0209597 cand_pre=16 cand_cap=20 cand=16->16 pre=16 pick(must/bucket/top/rand)=1/3/12/0 depth0=7 depth=4 dlog=3 dper=0 sims=3344 loop=3328 gen_time=0 eval_time=0.021 best_avg=-0.211727 best_move=3,2 leader=3 inc2=0 attack_w=0.640143 S0=28874 SA=33296 ratio=0.867195 my_comp=6 my_front=14 leader_comp=9 comp_gain(sz/front/cut)=1/2/0
DBG t=37 used=0.02 remain=1.124 turn_time=0.0190545 end_in=0.0190545 cand_pre=28 cand_cap=20 cand=28->20 pre=28 pick(must/bucket/top/rand)=1/4/11/4 depth0=10 depth=5 dlog=4 dper=1 sims=2312 loop=2292 gen_time=0 eval_time=0.02 best_avg=-0.0623696 best_move=2,3 leader=3 inc2=0 attack_w=0.480375 S0=44090 SA=47591 ratio=0.926437 my_comp=12 my_front=20 leader_comp=10 comp_gain(sz/front/cut)=0/0/0
DBG t=49 used=0.019 remain=0.894 turn_time=0.0182656 end_in=0.0182656 cand_pre=32 cand_cap=20 cand=32->20 pre=32 pick(must/bucket/top/rand)=1/7/8/4 depth0=10 depth=5 dlog=4 dper=1 sims=2036 loop=2016 gen_time=0 eval_time=0.019 best_avg=0.0385984 best_move=3,3 leader=3 inc2=1 attack_w=0.33919 S0=54137 SA=54908 ratio=0.985959 my_comp=14 my_front=24 leader_comp=13 comp_gain(sz/front/cut)=0/0/0
DBG t=61 used=0.018 remain=0.676 turn_time=0.0170473 end_in=0.0170473 cand_pre=41 cand_cap=20 cand=41->20 pre=41 pick(must/bucket/top/rand)=1/7/8/4 depth0=10 depth=3 dlog=5 dper=2 sims=2092 loop=2072 gen_time=0 eval_time=0.018 best_avg=0.228491 best_move=2,5 leader=3 inc2=1 attack_w=0.2 S0=66654 SA=53905 ratio=1.2365 my_comp=18 my_front=30 leader_comp=15 comp_gain(sz/front/cut)=0/0/0
DBG t=74 used=0.017 remain=0.452 turn_time=0.0164198 end_in=0.0164198 cand_pre=47 cand_cap=20 cand=47->20 pre=47 pick(must/bucket/top/rand)=1/8/7/4 depth0=11 depth=3 dlog=5 dper=3 sims=1624 loop=1604 gen_time=0 eval_time=0.017 best_avg=0.435953 best_move=1,7 leader=2 inc2=1 attack_w=0.2 S0=74215 SA=50204 ratio=1.47826 my_comp=22 my_front=35 leader_comp=11 comp_gain(sz/front/cut)=0/0/0
DBG t=86 used=0.02 remain=0.228 turn_time=0.0195103 end_in=0.0195103 cand_pre=8 cand_cap=20 cand=8->8 pre=8 pick(must/bucket/top/rand)=1/5/2/0 depth0=11 depth=6 dlog=2 dper=0 sims=1900 loop=1892 gen_time=0 eval_time=0.02 best_avg=0.500272 best_move=3,7 leader=2 inc2=1 attack_w=0.2 S0=85037 SA=51850 ratio=1.64005 my_comp=2 my_front=6 leader_comp=11 comp_gain(sz/front/cut)=0/0/0
DBG t=99 used=0.013 remain=0.02 turn_time=0.012 end_in=0.012 cand_pre=58 cand_cap=16 cand=58->16 pre=48 pick(must/bucket/top/rand)=1/8/3/4 depth0=0 depth=0 dlog=5 dper=5 sims=19456 loop=19440 gen_time=0 eval_time=0.013 best_avg=0.619106 best_move=2,8 leader=2 inc2=1 attack_w=0.2 S0=90305 SA=47994 ratio=1.88157 my_comp=28 my_front=44 leader_comp=9 comp_gain(sz/front/cut)=1/2/0
DBG summary depth_guard_fired=0
Score = 150793
=== CASE 0156.txt ===
DBG hdr N=10 M=8 T=100 U=5 VMAX=1060 TIME_LIMIT=1.94 MAX_CAND=20 UCB_C=0.21 OBJ=log(S0+1)-log(SA+1)
DBG t=0 used=0.024 remain=1.94 turn_time=0.0236195 end_in=0.0236195 cand_pre=5 cand_cap=20 cand=5->5 pre=5 pick(must/bucket/top/rand)=1/2/2/0 depth0=7 depth=5 dlog=2 dper=0 sims=4249 loop=4244 gen_time=0 eval_time=0.024 best_avg=-0.0266565 best_move=1,7 leader=2 inc2=1 attack_w=0.210082 S0=1019 SA=1026 ratio=0.993184 my_comp=1 my_front=4 leader_comp=1 comp_gain(sz/front/cut)=1/2/0
DBG t=12 used=0.021 remain=1.666 turn_time=0.0208345 end_in=0.0208345 cand_pre=23 cand_cap=20 cand=23->20 pre=23 pick(must/bucket/top/rand)=1/8/7/4 depth0=7 depth=3 dlog=4 dper=0 sims=2864 loop=2844 gen_time=0 eval_time=0.021 best_avg=0.0381976 best_move=2,3 leader=4 inc2=1 attack_w=0.231949 S0=13359 SA=12888 ratio=1.03654 my_comp=8 my_front=18 leader_comp=4 comp_gain(sz/front/cut)=1/2/0
DBG t=24 used=0.02 remain=1.418 turn_time=0.0195628 end_in=0.0195628 cand_pre=31 cand_cap=20 cand=31->20 pre=31 pick(must/bucket/top/rand)=1/7/8/4 depth0=7 depth=2 dlog=4 dper=1 sims=2880 loop=2860 gen_time=0 eval_time=0.02 best_avg=0.0799217 best_move=1,2 leader=4 inc2=1 attack_w=0.2 S0=23870 SA=21799 ratio=1.095 my_comp=13 my_front=25 leader_comp=6 comp_gain(sz/front/cut)=1/2/1
DBG t=37 used=0.02 remain=1.158 turn_time=0.0195114 end_in=0.0195114 cand_pre=29 cand_cap=20 cand=29->20 pre=29 pick(must/bucket/top/rand)=1/8/7/4 depth0=10 depth=5 dlog=4 dper=1 sims=1656 loop=1636 gen_time=0 eval_time=0.02 best_avg=-0.281493 best_move=3,6 leader=4 inc2=1 attack_w=0.439669 S0=29067 SA=30829 ratio=0.942848 my_comp=13 my_front=25 leader_comp=7 comp_gain(sz/front/cut)=0/0/0
DBG t=49 used=0.019 remain=0.92 turn_time=0.0189141 end_in=0.0189141 cand_pre=31 cand_cap=20 cand=31->20 pre=31 pick(must/bucket/top/rand)=1/8/7/4 depth0=10 depth=5 dlog=4 dper=1 sims=1408 loop=1388 gen_time=0 eval_time=0.019 best_avg=-0.251613 best_move=0,4 leader=4 inc2=1 attack_w=0.62953 S0=31899 SA=36628 ratio=0.870895 my_comp=14 my_front=27 leader_comp=9 comp_gain(sz/front/cut)=1/1/0
DBG t=61 used=0.022 remain=0.68 turn_time=0.0210015 end_in=0.0210015 cand_pre=7 cand_cap=20 cand=7->7 pre=7 pick(must/bucket/top/rand)=1/5/1/0 depth0=10 depth=8 dlog=2 dper=0 sims=1259 loop=1252 gen_time=0 eval_time=0.022 best_avg=-0.768792 best_move=1,8 leader=4 inc2=1 attack_w=0.85 S0=26775 SA=45010 ratio=0.594877 my_comp=2 my_front=6 leader_comp=9 comp_gain(sz/front/cut)=0/0/0
DBG t=74 used=0.019 remain=0.413 turn_time=0.01872 end_in=0.01872 cand_pre=11 cand_cap=20 cand=11->11 pre=11 pick(must/bucket/top/rand)=1/4/6/0 depth0=11 depth=8 dlog=3 dper=0 sims=967 loop=956 gen_time=0 eval_time=0.019 best_avg=-0.57794 best_move=1,9 leader=4 inc2=1 attack_w=0.85 S0=30569 SA=49067 ratio=0.623013 my_comp=6 my_front=8 leader_comp=10 comp_gain(sz/front/cut)=0/0/0
DBG t=86 used=0.016 remain=0.197 turn_time=0.0153941 end_in=0.0153941 cand_pre=24 cand_cap=20 cand=24->20 pre=24 pick(must/bucket/top/rand)=1/4/11/4 depth0=11 depth=6 dlog=4 dper=1 sims=1064 loop=1044 gen_time=0 eval_time=0.016 best_avg=-0.438782 best_move=2,6 leader=4 inc2=1 attack_w=0.85 S0=35595 SA=52026 ratio=0.684183 my_comp=13 my_front=22 leader_comp=13 comp_gain(sz/front/cut)=0/0/0
DBG depth_guard t=99 remain=0.01 cand_pre=33 depth0=0 depth=0
DBG t=99 used=0.007 remain=0.01 turn_time=0.006 end_in=0.006 cand_pre=33 cand_cap=12 cand=33->12 pre=33 pick(must/bucket/top/rand)=1/5/4/2 depth0=0 depth=0 dlog=4 dper=5 sims=6716 loop=6704 gen_time=0 eval_time=0.007 best_avg=-0.234913 best_move=2,3 leader=4 inc2=1 attack_w=0.85 S0=41770 SA=54078 ratio=0.772407 my_comp=16 my_front=28 leader_comp=12 comp_gain(sz/front/cut)=0/0/0
DBG summary depth_guard_fired=1
Score = 84212
=== CASE 0157.txt ===
DBG hdr N=10 M=8 T=100 U=3 VMAX=2358 TIME_LIMIT=1.94 MAX_CAND=20 UCB_C=0.21 OBJ=log(S0+1)-log(SA+1)
DBG t=0 used=0.024 remain=1.94 turn_time=0.0236195 end_in=0.0236195 cand_pre=5 cand_cap=20 cand=5->5 pre=5 pick(must/bucket/top/rand)=1/2/2/0 depth0=7 depth=5 dlog=2 dper=0 sims=3837 loop=3832 gen_time=0 eval_time=0.024 best_avg=-1.26194 best_move=1,7 leader=5 inc2=1 attack_w=0.85 S0=350 SA=2358 ratio=0.148792 my_comp=1 my_front=4 leader_comp=1 comp_gain(sz/front/cut)=1/2/0
DBG t=12 used=0.02 remain=1.674 turn_time=0.0195744 end_in=0.0195744 cand_pre=34 cand_cap=20 cand=34->20 pre=34 pick(must/bucket/top/rand)=1/5/10/4 depth0=7 depth=2 dlog=4 dper=1 sims=3624 loop=3604 gen_time=0 eval_time=0.02 best_avg=-0.0873106 best_move=5,2 leader=5 inc2=1 attack_w=0.803849 S0=12933 SA=15891 ratio=0.813869 my_comp=13 my_front=28 leader_comp=3 comp_gain(sz/front/cut)=0/0/0
DBG t=24 used=0.022 remain=1.434 turn_time=0.0211326 end_in=0.0211326 cand_pre=20 cand_cap=20 cand=20->20 pre=20 pick(must/bucket/top/rand)=1/6/9/4 depth0=7 depth=3 dlog=4 dper=0 sims=3512 loop=3492 gen_time=0 eval_time=0.022 best_avg=0.313332 best_move=6,4 leader=5 inc2=1 attack_w=0.2 S0=31400 SA=21591 ratio=1.45429 my_comp=9 my_front=16 leader_comp=4 comp_gain(sz/front/cut)=0/0/0
DBG t=37 used=0.021 remain=1.154 turn_time=0.0206346 end_in=0.0206346 cand_pre=19 cand_cap=20 cand=19->19 pre=19 pick(must/bucket/top/rand)=1/7/8/3 depth0=10 depth=6 dlog=4 dper=0 sims=2031 loop=2012 gen_time=0 eval_time=0.021 best_avg=0.161397 best_move=6,4 leader=7 inc2=1 attack_w=0.2 S0=35504 SA=26443 ratio=1.34265 my_comp=9 my_front=14 leader_comp=2 comp_gain(sz/front/cut)=0/0/0
DBG t=49 used=0.02 remain=0.904 turn_time=0.0197373 end_in=0.0197373 cand_pre=21 cand_cap=20 cand=21->20 pre=21 pick(must/bucket/top/rand)=1/7/8/4 depth0=10 depth=6 dlog=4 dper=0 sims=1884 loop=1864 gen_time=0 eval_time=0.02 best_avg=0.109757 best_move=7,2 leader=7 inc2=1 attack_w=0.2 S0=39247 SA=31379 ratio=1.25073 my_comp=10 my_front=14 leader_comp=3 comp_gain(sz/front/cut)=0/0/0
DBG t=61 used=0.019 remain=0.665 turn_time=0.0187649 end_in=0.0187649 cand_pre=23 cand_cap=20 cand=23->20 pre=23 pick(must/bucket/top/rand)=1/8/7/4 depth0=10 depth=6 dlog=4 dper=0 sims=1640 loop=1620 gen_time=0 eval_time=0.019 best_avg=0.188546 best_move=7,2 leader=6 inc2=1 attack_w=0.2 S0=42181 SA=34681 ratio=1.21625 my_comp=11 my_front=16 leader_comp=19 comp_gain(sz/front/cut)=0/0/0
DBG t=74 used=0.018 remain=0.42 turn_time=0.0177773 end_in=0.0177773 cand_pre=23 cand_cap=20 cand=23->20 pre=23 pick(must/bucket/top/rand)=1/8/7/4 depth0=11 depth=7 dlog=4 dper=0 sims=1304 loop=1284 gen_time=0 eval_time=0.018 best_avg=0.130454 best_move=3,2 leader=7 inc2=1 attack_w=0.2 S0=41858 SA=32376 ratio=1.29286 my_comp=11 my_front=16 leader_comp=6 comp_gain(sz/front/cut)=0/0/0
DBG t=86 used=0.017 remain=0.208 turn_time=0.0163503 end_in=0.0163503 cand_pre=23 cand_cap=20 cand=23->20 pre=23 pick(must/bucket/top/rand)=1/7/8/4 depth0=11 depth=6 dlog=4 dper=1 sims=1444 loop=1424 gen_time=0 eval_time=0.017 best_avg=0.0315893 best_move=7,2 leader=7 inc2=1 attack_w=0.2 S0=44281 SA=36606 ratio=1.20966 my_comp=12 my_front=18 leader_comp=7 comp_gain(sz/front/cut)=0/0/0
DBG depth_guard t=99 remain=0.01 cand_pre=27 depth0=0 depth=0
DBG t=99 used=0.007 remain=0.01 turn_time=0.006 end_in=0.006 cand_pre=27 cand_cap=12 cand=27->12 pre=27 pick(must/bucket/top/rand)=1/7/2/2 depth0=0 depth=0 dlog=4 dper=4 sims=7028 loop=7016 gen_time=0 eval_time=0.007 best_avg=-0.0720509 best_move=4,2 leader=7 inc2=1 attack_w=0.443956 S0=38085 SA=40469 ratio=0.941092 my_comp=13 my_front=20 leader_comp=6 comp_gain(sz/front/cut)=0/0/0
DBG summary depth_guard_fired=1
Score = 87182
=== CASE 0160.txt ===
DBG hdr N=10 M=3 T=100 U=5 VMAX=2109 TIME_LIMIT=1.94 MAX_CAND=20 UCB_C=0.21 OBJ=log(S0+1)-log(SA+1)
DBG t=0 used=0.024 remain=1.94 turn_time=0.0236195 end_in=0.0236195 cand_pre=5 cand_cap=20 cand=5->5 pre=5 pick(must/bucket/top/rand)=1/2/2/0 depth0=7 depth=5 dlog=2 dper=0 sims=6741 loop=6736 gen_time=0 eval_time=0.024 best_avg=0.0127049 best_move=5,6 leader=2 inc2=1 attack_w=0.678154 S0=1077 SA=1261 ratio=0.8542 my_comp=1 my_front=4 leader_comp=1 comp_gain(sz/front/cut)=1/2/0
DBG t=12 used=0.022 remain=1.669 turn_time=0.0211185 end_in=0.0211185 cand_pre=21 cand_cap=20 cand=21->20 pre=21 pick(must/bucket/top/rand)=1/8/7/4 depth0=7 depth=3 dlog=4 dper=0 sims=4636 loop=4616 gen_time=0 eval_time=0.022 best_avg=0.321852 best_move=3,5 leader=1 inc2=1 attack_w=0.2 S0=20394 SA=13389 ratio=1.52315 my_comp=8 my_front=16 leader_comp=11 comp_gain(sz/front/cut)=0/0/0
DBG t=24 used=0.02 remain=1.412 turn_time=0.0198423 end_in=0.0198423 cand_pre=28 cand_cap=20 cand=28->20 pre=28 pick(must/bucket/top/rand)=1/8/7/4 depth0=7 depth=2 dlog=4 dper=1 sims=4288 loop=4268 gen_time=0 eval_time=0.02 best_avg=0.515776 best_move=5,3 leader=1 inc2=1 attack_w=0.2 S0=38031 SA=25957 ratio=1.46514 my_comp=11 my_front=20 leader_comp=18 comp_gain(sz/front/cut)=0/0/0
DBG t=37 used=0.02 remain=1.152 turn_time=0.0191726 end_in=0.0191726 cand_pre=31 cand_cap=20 cand=31->20 pre=31 pick(must/bucket/top/rand)=1/8/7/4 depth0=10 depth=5 dlog=4 dper=1 sims=2280 loop=2260 gen_time=0 eval_time=0.02 best_avg=0.291413 best_move=3,3 leader=1 inc2=1 attack_w=0.2 S0=49313 SA=40229 ratio=1.2258 my_comp=14 my_front=24 leader_comp=16 comp_gain(sz/front/cut)=0/0/0
DBG t=49 used=0.019 remain=0.915 turn_time=0.0189279 end_in=0.0189279 cand_pre=30 cand_cap=20 cand=30->20 pre=30 pick(must/bucket/top/rand)=1/8/7/4 depth0=10 depth=5 dlog=4 dper=1 sims=2136 loop=2116 gen_time=0 eval_time=0.019 best_avg=0.0463001 best_move=5,3 leader=1 inc2=1 attack_w=0.290188 S0=58270 SA=57782 ratio=1.00845 my_comp=14 my_front=24 leader_comp=19 comp_gain(sz/front/cut)=0/0/0
DBG t=61 used=0.019 remain=0.687 turn_time=0.0184697 end_in=0.0184697 cand_pre=31 cand_cap=20 cand=31->20 pre=31 pick(must/bucket/top/rand)=1/8/7/4 depth0=10 depth=5 dlog=4 dper=1 sims=2184 loop=2164 gen_time=0 eval_time=0.019 best_avg=0.0412717 best_move=5,4 leader=1 inc2=1 attack_w=0.254072 S0=71434 SA=69645 ratio=1.02569 my_comp=14 my_front=24 leader_comp=19 comp_gain(sz/front/cut)=0/0/0
DBG t=74 used=0.018 remain=0.443 turn_time=0.0178648 end_in=0.0178648 cand_pre=31 cand_cap=20 cand=31->20 pre=31 pick(must/bucket/top/rand)=1/8/7/4 depth0=11 depth=6 dlog=4 dper=1 sims=1712 loop=1692 gen_time=0 eval_time=0.018 best_avg=0.109102 best_move=6,6 leader=1 inc2=1 attack_w=0.2 S0=88294 SA=78795 ratio=1.12055 my_comp=15 my_front=26 leader_comp=19 comp_gain(sz/front/cut)=0/0/0
DBG t=86 used=0.017 remain=0.227 turn_time=0.0167899 end_in=0.0167899 cand_pre=33 cand_cap=20 cand=33->20 pre=33 pick(must/bucket/top/rand)=1/8/7/4 depth0=11 depth=5 dlog=4 dper=2 sims=1756 loop=1736 gen_time=0 eval_time=0.017 best_avg=0.130639 best_move=4,2 leader=1 inc2=1 attack_w=0.2 S0=96386 SA=84593 ratio=1.13941 my_comp=15 my_front=26 leader_comp=20 comp_gain(sz/front/cut)=1/-2/0
DBG depth_guard t=99 remain=0.013 cand_pre=34 depth0=0 depth=0
DBG t=99 used=0.008 remain=0.013 turn_time=0.0078 end_in=0.0078 cand_pre=34 cand_cap=12 cand=34->12 pre=34 pick(must/bucket/top/rand)=1/8/1/2 depth0=0 depth=0 dlog=4 dper=4 sims=11988 loop=11976 gen_time=0 eval_time=0.008 best_avg=0.165327 best_move=6,5 leader=1 inc2=1 attack_w=0.2 S0=105596 SA=90200 ratio=1.17069 my_comp=16 my_front=24 leader_comp=24 comp_gain(sz/front/cut)=0/0/0
DBG summary depth_guard_fired=1
Score = 108862
=== CASE 0161.txt ===
DBG hdr N=10 M=4 T=100 U=4 VMAX=1629 TIME_LIMIT=1.94 MAX_CAND=20 UCB_C=0.21 OBJ=log(S0+1)-log(SA+1)
DBG t=0 used=0.024 remain=1.94 turn_time=0.0237456 end_in=0.0237456 cand_pre=4 cand_cap=20 cand=4->4 pre=4 pick(must/bucket/top/rand)=1/2/1/0 depth0=7 depth=6 dlog=1 dper=0 sims=4708 loop=4704 gen_time=0 eval_time=0.024 best_avg=-0.215015 best_move=4,5 leader=3 inc2=0 attack_w=0.13 S0=1298 SA=1159 ratio=1.11983 my_comp=1 my_front=4 leader_comp=1 comp_gain(sz/front/cut)=1/2/0
DBG t=12 used=0.023 remain=1.659 turn_time=0.0223399 end_in=0.0223399 cand_pre=10 cand_cap=20 cand=10->10 pre=10 pick(must/bucket/top/rand)=1/7/2/0 depth0=7 depth=4 dlog=3 dper=0 sims=5582 loop=5572 gen_time=0 eval_time=0.023 best_avg=-0.0116468 best_move=5,5 leader=3 inc2=1 attack_w=0.216399 S0=18641 SA=17850 ratio=1.04431 my_comp=4 my_front=10 leader_comp=4 comp_gain(sz/front/cut)=0/0/0
DBG t=24 used=0.021 remain=1.395 turn_time=0.0207965 end_in=0.0207965 cand_pre=18 cand_cap=20 cand=18->18 pre=18 pick(must/bucket/top/rand)=1/4/11/2 depth0=7 depth=3 dlog=4 dper=0 sims=5070 loop=5052 gen_time=0 eval_time=0.021 best_avg=-0.181694 best_move=3,5 leader=2 inc2=0 attack_w=0.608929 S0=26243 SA=29884 ratio=0.878166 my_comp=7 my_front=14 leader_comp=8 comp_gain(sz/front/cut)=1/2/0
DBG t=37 used=0.02 remain=1.125 turn_time=0.0196518 end_in=0.0196518 cand_pre=23 cand_cap=20 cand=23->20 pre=23 pick(must/bucket/top/rand)=1/4/11/4 depth0=10 depth=6 dlog=4 dper=0 sims=2236 loop=2216 gen_time=0 eval_time=0.02 best_avg=-0.235372 best_move=6,2 leader=2 inc2=0 attack_w=0.598143 S0=39705 SA=45016 ratio=0.882022 my_comp=11 my_front=18 leader_comp=9 comp_gain(sz/front/cut)=1/2/0
DBG t=49 used=0.02 remain=0.887 turn_time=0.019027 end_in=0.019027 cand_pre=24 cand_cap=20 cand=24->20 pre=24 pick(must/bucket/top/rand)=1/6/9/4 depth0=10 depth=6 dlog=4 dper=0 sims=2116 loop=2096 gen_time=0 eval_time=0.02 best_avg=-0.241892 best_move=8,3 leader=2 inc2=0 attack_w=0.612086 S0=43332 SA=49407 ratio=0.877044 my_comp=11 my_front=18 leader_comp=12 comp_gain(sz/front/cut)=0/0/0
DBG t=61 used=0.02 remain=0.647 turn_time=0.019551 end_in=0.019551 cand_pre=11 cand_cap=20 cand=11->11 pre=11 pick(must/bucket/top/rand)=1/8/2/0 depth0=10 depth=7 dlog=3 dper=0 sims=1971 loop=1960 gen_time=0 eval_time=0.02 best_avg=-0.0918475 best_move=6,2 leader=2 inc2=1 attack_w=0.3639 S0=43904 SA=45030 ratio=0.974995 my_comp=4 my_front=10 leader_comp=11 comp_gain(sz/front/cut)=0/0/0
DBG t=74 used=0.016 remain=0.409 turn_time=0.0159825 end_in=0.0159825 cand_pre=36 cand_cap=20 cand=36->20 pre=36 pick(must/bucket/top/rand)=1/7/8/4 depth0=11 depth=4 dlog=5 dper=2 sims=1792 loop=1772 gen_time=0 eval_time=0.016 best_avg=0.0259772 best_move=9,2 leader=2 inc2=1 attack_w=0.242863 S0=47621 SA=46182 ratio=1.03116 my_comp=17 my_front=28 leader_comp=11 comp_gain(sz/front/cut)=0/0/0
DBG t=86 used=0.016 remain=0.197 turn_time=0.01576 end_in=0.01576 cand_pre=20 cand_cap=20 cand=20->20 pre=20 pick(must/bucket/top/rand)=1/7/8/4 depth0=11 depth=6 dlog=4 dper=0 sims=1536 loop=1516 gen_time=0 eval_time=0.016 best_avg=0.109707 best_move=8,2 leader=1 inc2=1 attack_w=0.221936 S0=51760 SA=49696 ratio=1.04153 my_comp=8 my_front=15 leader_comp=18 comp_gain(sz/front/cut)=0/0/0
DBG depth_guard t=99 remain=0.011 cand_pre=36 depth0=0 depth=0
DBG t=99 used=0.007 remain=0.011 turn_time=0.0066 end_in=0.0066 cand_pre=36 cand_cap=12 cand=36->12 pre=36 pick(must/bucket/top/rand)=1/7/2/2 depth0=0 depth=0 dlog=5 dper=5 sims=9220 loop=9208 gen_time=0 eval_time=0.007 best_avg=0.0945648 best_move=4,5 leader=1 inc2=1 attack_w=0.2 S0=57981 SA=53769 ratio=1.07833 my_comp=19 my_front=28 leader_comp=21 comp_gain(sz/front/cut)=0/0/0
DBG summary depth_guard_fired=1
Score = 103899
=== CASE 0162.txt ===
DBG hdr N=10 M=8 T=100 U=1 VMAX=1349 TIME_LIMIT=1.94 MAX_CAND=20 UCB_C=0.21 OBJ=log(S0+1)-log(SA+1)
DBG t=0 used=0.024 remain=1.94 turn_time=0.0236195 end_in=0.0236195 cand_pre=5 cand_cap=20 cand=5->5 pre=5 pick(must/bucket/top/rand)=1/2/2/0 depth0=7 depth=5 dlog=2 dper=0 sims=3361 loop=3356 gen_time=0 eval_time=0.024 best_avg=-0.107022 best_move=7,4 leader=5 inc2=1 attack_w=0.13 S0=1327 SA=1163 ratio=1.14089 my_comp=1 my_front=4 leader_comp=1 comp_gain(sz/front/cut)=1/2/0
DBG t=12 used=0.023 remain=1.665 turn_time=0.0229127 end_in=0.0229127 cand_pre=6 cand_cap=20 cand=6->6 pre=6 pick(must/bucket/top/rand)=1/3/2/0 depth0=7 depth=5 dlog=2 dper=0 sims=2466 loop=2460 gen_time=0 eval_time=0.023 best_avg=-0.00296138 best_move=4,5 leader=6 inc2=1 attack_w=0.2 S0=10768 SA=9761 ratio=1.10316 my_comp=2 my_front=6 leader_comp=8 comp_gain(sz/front/cut)=1/2/0
DBG t=24 used=0.021 remain=1.397 turn_time=0.0204679 end_in=0.0204679 cand_pre=21 cand_cap=20 cand=21->20 pre=21 pick(must/bucket/top/rand)=1/6/9/4 depth0=7 depth=3 dlog=4 dper=0 sims=2736 loop=2716 gen_time=0 eval_time=0.021 best_avg=0.0271979 best_move=0,5 leader=6 inc2=1 attack_w=0.85 S0=11527 SA=15741 ratio=0.732308 my_comp=9 my_front=16 leader_comp=5 comp_gain(sz/front/cut)=1/1/0
DBG t=37 used=0.02 remain=1.132 turn_time=0.0191901 end_in=0.0191901 cand_pre=28 cand_cap=20 cand=28->20 pre=28 pick(must/bucket/top/rand)=1/6/9/4 depth0=10 depth=5 dlog=4 dper=1 sims=1560 loop=1540 gen_time=0 eval_time=0.02 best_avg=0.372364 best_move=5,4 leader=6 inc2=1 attack_w=0.2 S0=20312 SA=12893 ratio=1.57538 my_comp=14 my_front=21 leader_comp=12 comp_gain(sz/front/cut)=1/2/0
DBG t=49 used=0.021 remain=0.884 turn_time=0.0200893 end_in=0.0200893 cand_pre=14 cand_cap=20 cand=14->14 pre=14 pick(must/bucket/top/rand)=1/0/13/0 depth0=10 depth=7 dlog=3 dper=0 sims=1642 loop=1628 gen_time=0 eval_time=0.021 best_avg=0.305394 best_move=6,9 leader=1 inc2=1 attack_w=0.2 S0=27843 SA=14731 ratio=1.89004 my_comp=8 my_front=9 leader_comp=15 comp_gain(sz/front/cut)=1/1/0
DBG t=61 used=0.019 remain=0.649 turn_time=0.0188543 end_in=0.0188543 cand_pre=18 cand_cap=20 cand=18->18 pre=18 pick(must/bucket/top/rand)=1/2/13/2 depth0=10 depth=6 dlog=4 dper=0 sims=1490 loop=1472 gen_time=0 eval_time=0.019 best_avg=0.910984 best_move=2,2 leader=6 inc2=1 attack_w=0.2 S0=30143 SA=15743 ratio=1.91463 my_comp=7 my_front=14 leader_comp=2 comp_gain(sz/front/cut)=1/0/0
DBG t=74 used=0.015 remain=0.437 turn_time=0.0148916 end_in=0.0148916 cand_pre=56 cand_cap=20 cand=56->20 pre=56 pick(must/bucket/top/rand)=1/5/10/4 depth0=11 depth=2 dlog=5 dper=4 sims=1060 loop=1040 gen_time=0 eval_time=0.015 best_avg=1.16091 best_move=2,7 leader=1 inc2=1 attack_w=0.2 S0=37115 SA=12877 ratio=2.88212 my_comp=32 my_front=41 leader_comp=4 comp_gain(sz/front/cut)=1/2/0
DBG t=86 used=0.019 remain=0.232 turn_time=0.0182369 end_in=0.0182369 cand_pre=23 cand_cap=20 cand=23->20 pre=23 pick(must/bucket/top/rand)=1/4/11/4 depth0=11 depth=6 dlog=4 dper=0 sims=1156 loop=1136 gen_time=0 eval_time=0.019 best_avg=1.40644 best_move=3,8 leader=5 inc2=1 attack_w=0.2 S0=45043 SA=9675 ratio=4.65523 my_comp=13 my_front=17 leader_comp=9 comp_gain(sz/front/cut)=34/41/2
DBG t=99 used=0.019 remain=0.03 turn_time=0.018 end_in=0.018 cand_pre=79 cand_cap=14 cand=79->14 pre=42 pick(must/bucket/top/rand)=1/5/5/3 depth0=0 depth=0 dlog=6 dper=4 sims=33498 loop=33484 gen_time=0 eval_time=0.019 best_avg=1.70387 best_move=3,7 leader=4 inc2=1 attack_w=0.2 S0=49692 SA=8832 ratio=5.62583 my_comp=50 my_front=60 leader_comp=3 comp_gain(sz/front/cut)=1/-2/0
DBG summary depth_guard_fired=0
Score = 268963
=== CASE 0164.txt ===
DBG hdr N=10 M=3 T=100 U=1 VMAX=2075 TIME_LIMIT=1.94 MAX_CAND=20 UCB_C=0.21 OBJ=log(S0+1)-log(SA+1)
DBG t=0 used=0.024 remain=1.94 turn_time=0.0236195 end_in=0.0236195 cand_pre=5 cand_cap=20 cand=5->5 pre=5 pick(must/bucket/top/rand)=1/2/2/0 depth0=7 depth=5 dlog=2 dper=0 sims=6773 loop=6768 gen_time=0 eval_time=0.024 best_avg=-0.520512 best_move=6,4 leader=1 inc2=1 attack_w=0.514892 S0=985 SA=1079 ratio=0.912963 my_comp=1 my_front=4 leader_comp=1 comp_gain(sz/front/cut)=1/2/0
DBG t=12 used=0.023 remain=1.66 turn_time=0.0221082 end_in=0.0221082 cand_pre=12 cand_cap=20 cand=12->12 pre=12 pick(must/bucket/top/rand)=1/6/5/0 depth0=7 depth=4 dlog=3 dper=0 sims=5652 loop=5640 gen_time=0 eval_time=0.023 best_avg=-0.302674 best_move=9,4 leader=2 inc2=1 attack_w=0.375206 S0=9071 SA=9351 ratio=0.97006 my_comp=5 my_front=7 leader_comp=10 comp_gain(sz/front/cut)=0/0/0
DBG t=24 used=0.022 remain=1.392 turn_time=0.0213471 end_in=0.0213471 cand_pre=13 cand_cap=20 cand=13->13 pre=13 pick(must/bucket/top/rand)=1/5/7/0 depth0=7 depth=4 dlog=3 dper=0 sims=5813 loop=5800 gen_time=0 eval_time=0.022 best_avg=0.115375 best_move=5,3 leader=2 inc2=1 attack_w=0.2 S0=11323 SA=10565 ratio=1.07174 my_comp=4 my_front=10 leader_comp=2 comp_gain(sz/front/cut)=1/2/0
DBG t=37 used=0.019 remain=1.125 turn_time=0.0188393 end_in=0.0188393 cand_pre=30 cand_cap=20 cand=30->20 pre=30 pick(must/bucket/top/rand)=1/4/11/4 depth0=10 depth=5 dlog=4 dper=1 sims=2392 loop=2372 gen_time=0 eval_time=0.019 best_avg=1.003 best_move=8,3 leader=1 inc2=1 attack_w=0.2 S0=14975 SA=7943 ratio=1.8852 my_comp=15 my_front=23 leader_comp=3 comp_gain(sz/front/cut)=1/0/0
DBG t=49 used=0.022 remain=0.898 turn_time=0.021552 end_in=0.021552 cand_pre=4 cand_cap=20 cand=4->4 pre=4 pick(must/bucket/top/rand)=1/2/1/0 depth0=10 depth=9 dlog=1 dper=0 sims=1996 loop=1992 gen_time=0 eval_time=0.022 best_avg=1.36186 best_move=9,7 leader=1 inc2=1 attack_w=0.2 S0=25757 SA=4204 ratio=6.12556 my_comp=2 my_front=3 leader_comp=2 comp_gain(sz/front/cut)=23/26/1
DBG t=61 used=0.017 remain=0.687 turn_time=0.0166377 end_in=0.0166377 cand_pre=47 cand_cap=20 cand=47->20 pre=47 pick(must/bucket/top/rand)=1/5/10/4 depth0=10 depth=2 dlog=5 dper=3 sims=2116 loop=2096 gen_time=0 eval_time=0.017 best_avg=1.68605 best_move=9,6 leader=1 inc2=1 attack_w=0.2 S0=29456 SA=4330 ratio=6.80143 my_comp=25 my_front=35 leader_comp=2 comp_gain(sz/front/cut)=1/1/0
DBG t=74 used=0.017 remain=0.458 turn_time=0.0165232 end_in=0.0165232 cand_pre=48 cand_cap=20 cand=48->20 pre=48 pick(must/bucket/top/rand)=1/5/10/4 depth0=11 depth=3 dlog=5 dper=3 sims=1704 loop=1684 gen_time=0 eval_time=0.017 best_avg=1.65882 best_move=9,6 leader=2 inc2=1 attack_w=0.2 S0=26971 SA=5303 ratio=5.08522 my_comp=26 my_front=35 leader_comp=4 comp_gain(sz/front/cut)=1/1/1
DBG t=86 used=0.016 remain=0.237 turn_time=0.015879 end_in=0.015879 cand_pre=48 cand_cap=20 cand=48->20 pre=48 pick(must/bucket/top/rand)=1/5/10/4 depth0=11 depth=3 dlog=5 dper=3 sims=1788 loop=1768 gen_time=0 eval_time=0.016 best_avg=1.6747 best_move=8,9 leader=1 inc2=1 attack_w=0.2 S0=26843 SA=6334 ratio=4.23741 my_comp=26 my_front=35 leader_comp=3 comp_gain(sz/front/cut)=1/1/0
DBG depth_guard t=99 remain=0.018 cand_pre=46 depth0=0 depth=0
DBG t=99 used=0.011 remain=0.018 turn_time=0.0108 end_in=0.0108 cand_pre=46 cand_cap=14 cand=46->14 pre=42 pick(must/bucket/top/rand)=1/3/7/3 depth0=0 depth=0 dlog=5 dper=4 sims=40506 loop=40492 gen_time=0 eval_time=0.011 best_avg=2.25421 best_move=7,9 leader=2 inc2=1 attack_w=0.2 S0=31261 SA=4045 ratio=7.72664 my_comp=27 my_front=30 leader_comp=3 comp_gain(sz/front/cut)=2/2/1
DBG summary depth_guard_fired=1
Score = 294748
=== CASE 0163.txt ===
DBG hdr N=10 M=3 T=100 U=5 VMAX=2231 TIME_LIMIT=1.94 MAX_CAND=20 UCB_C=0.21 OBJ=log(S0+1)-log(SA+1)
DBG t=0 used=0.024 remain=1.94 turn_time=0.0236195 end_in=0.0236195 cand_pre=5 cand_cap=20 cand=5->5 pre=5 pick(must/bucket/top/rand)=1/2/2/0 depth0=7 depth=5 dlog=2 dper=0 sims=6461 loop=6456 gen_time=0 eval_time=0.024 best_avg=-0.771932 best_move=7,8 leader=2 inc2=1 attack_w=0.85 S0=723 SA=1234 ratio=0.586235 my_comp=1 my_front=4 leader_comp=1 comp_gain(sz/front/cut)=1/2/0
DBG t=12 used=0.024 remain=1.671 turn_time=0.0231187 end_in=0.0231187 cand_pre=5 cand_cap=20 cand=5->5 pre=5 pick(must/bucket/top/rand)=1/4/0/0 depth0=7 depth=5 dlog=2 dper=0 sims=6521 loop=6516 gen_time=0 eval_time=0.024 best_avg=-0.311196 best_move=0,4 leader=2 inc2=1 attack_w=0.85 S0=12664 SA=18947 ratio=0.668408 my_comp=2 my_front=5 leader_comp=3 comp_gain(sz/front/cut)=0/0/0
DBG t=24 used=0.022 remain=1.391 turn_time=0.0219266 end_in=0.0219266 cand_pre=8 cand_cap=20 cand=8->8 pre=8 pick(must/bucket/top/rand)=1/6/1/0 depth0=7 depth=5 dlog=2 dper=0 sims=4664 loop=4656 gen_time=0 eval_time=0.022 best_avg=-0.16476 best_move=2,4 leader=2 inc2=1 attack_w=0.710963 S0=27492 SA=32601 ratio=0.843292 my_comp=3 my_front=7 leader_comp=5 comp_gain(sz/front/cut)=1/2/0
DBG t=37 used=0.021 remain=1.105 turn_time=0.0207845 end_in=0.0207845 cand_pre=10 cand_cap=20 cand=10->10 pre=10 pick(must/bucket/top/rand)=1/7/2/0 depth0=10 depth=7 dlog=3 dper=0 sims=3082 loop=3072 gen_time=0 eval_time=0.021 best_avg=0.0194335 best_move=1,3 leader=2 inc2=1 attack_w=0.206964 S0=36805 SA=35083 ratio=1.04908 my_comp=4 my_front=9 leader_comp=6 comp_gain(sz/front/cut)=0/0/0
DBG t=49 used=0.02 remain=0.856 turn_time=0.0197803 end_in=0.0197803 cand_pre=11 cand_cap=20 cand=11->11 pre=11 pick(must/bucket/top/rand)=1/6/4/0 depth0=10 depth=7 dlog=3 dper=0 sims=2783 loop=2772 gen_time=0 eval_time=0.02 best_avg=0.000121948 best_move=1,3 leader=2 inc2=1 attack_w=0.2 S0=40418 SA=37438 ratio=1.0796 my_comp=5 my_front=11 leader_comp=7 comp_gain(sz/front/cut)=0/0/0
DBG t=61 used=0.019 remain=0.619 turn_time=0.0188081 end_in=0.0188081 cand_pre=10 cand_cap=20 cand=10->10 pre=10 pick(must/bucket/top/rand)=1/5/4/0 depth0=10 depth=7 dlog=3 dper=0 sims=2574 loop=2564 gen_time=0 eval_time=0.019 best_avg=0.0174358 best_move=0,4 leader=2 inc2=1 attack_w=0.2 S0=43290 SA=38526 ratio=1.12365 my_comp=5 my_front=11 leader_comp=7 comp_gain(sz/front/cut)=0/0/0
DBG t=74 used=0.017 remain=0.379 turn_time=0.0168947 end_in=0.0168947 cand_pre=14 cand_cap=20 cand=14->14 pre=14 pick(must/bucket/top/rand)=1/7/6/0 depth0=11 depth=8 dlog=3 dper=0 sims=1946 loop=1932 gen_time=0 eval_time=0.017 best_avg=-0.0234877 best_move=0,4 leader=2 inc2=1 attack_w=0.2 S0=44683 SA=39614 ratio=1.12796 my_comp=6 my_front=11 leader_comp=7 comp_gain(sz/front/cut)=0/0/0
DBG t=86 used=0.015 remain=0.182 turn_time=0.0148135 end_in=0.0148135 cand_pre=17 cand_cap=20 cand=17->17 pre=17 pick(must/bucket/top/rand)=1/8/7/1 depth0=11 depth=6 dlog=3 dper=0 sims=2785 loop=2768 gen_time=0 eval_time=0.015 best_avg=0.0980047 best_move=0,3 leader=2 inc2=1 attack_w=0.2 S0=46144 SA=40711 ratio=1.13345 my_comp=8 my_front=15 leader_comp=8 comp_gain(sz/front/cut)=0/0/0
DBG depth_guard t=98 remain=0.017 cand_pre=14 depth0=1 depth=0
DBG depth_guard t=99 remain=0.007 cand_pre=13 depth0=0 depth=0
DBG t=99 used=0.005 remain=0.007 turn_time=0.0042 end_in=0.0042 cand_pre=13 cand_cap=12 cand=13->12 pre=13 pick(must/bucket/top/rand)=1/6/3/2 depth0=0 depth=0 dlog=3 dper=3 sims=9032 loop=9020 gen_time=0 eval_time=0.005 best_avg=0.13836 best_move=1,3 leader=2 inc2=1 attack_w=0.2 S0=48597 SA=41978 ratio=1.15767 my_comp=6 my_front=11 leader_comp=8 comp_gain(sz/front/cut)=0/0/0
DBG summary depth_guard_fired=2
Score = 108497
=== CASE 0165.txt ===
DBG hdr N=10 M=2 T=100 U=3 VMAX=1868 TIME_LIMIT=1.94 MAX_CAND=20 UCB_C=0.21 OBJ=log(S0+1)-log(SA+1)
DBG t=0 used=0.024 remain=1.94 turn_time=0.0236195 end_in=0.0236195 cand_pre=5 cand_cap=20 cand=5->5 pre=5 pick(must/bucket/top/rand)=1/2/2/0 depth0=7 depth=5 dlog=2 dper=0 sims=8461 loop=8456 gen_time=0 eval_time=0.024 best_avg=0.232343 best_move=2,0 leader=1 inc2=1 attack_w=0.13 S0=1290 SA=997 ratio=1.29359 my_comp=1 my_front=4 leader_comp=1 comp_gain(sz/front/cut)=1/1/0
DBG t=12 used=0.022 remain=1.665 turn_time=0.0216828 end_in=0.0216828 cand_pre=16 cand_cap=20 cand=16->16 pre=16 pick(must/bucket/top/rand)=1/3/12/0 depth0=7 depth=4 dlog=3 dper=0 sims=5616 loop=5600 gen_time=0 eval_time=0.022 best_avg=0.31142 best_move=6,2 leader=1 inc2=1 attack_w=0.2 S0=18970 SA=13908 ratio=1.36394 my_comp=7 my_front=11 leader_comp=7 comp_gain(sz/front/cut)=0/0/0
DBG t=24 used=0.021 remain=1.402 turn_time=0.0204212 end_in=0.0204212 cand_pre=22 cand_cap=20 cand=22->20 pre=22 pick(must/bucket/top/rand)=1/6/9/4 depth0=7 depth=3 dlog=4 dper=0 sims=5140 loop=5120 gen_time=0 eval_time=0.021 best_avg=0.326898 best_move=6,3 leader=1 inc2=1 attack_w=0.2 S0=27020 SA=19320 ratio=1.39853 my_comp=10 my_front=17 leader_comp=6 comp_gain(sz/front/cut)=0/0/0
DBG t=37 used=0.02 remain=1.133 turn_time=0.0190902 end_in=0.0190902 cand_pre=29 cand_cap=20 cand=29->20 pre=29 pick(must/bucket/top/rand)=1/6/9/4 depth0=10 depth=5 dlog=4 dper=1 sims=3376 loop=3356 gen_time=0 eval_time=0.02 best_avg=0.24226 best_move=7,3 leader=1 inc2=1 attack_w=0.2 S0=34086 SA=25883 ratio=1.31691 my_comp=14 my_front=21 leader_comp=7 comp_gain(sz/front/cut)=0/0/0
DBG t=49 used=0.02 remain=0.89 turn_time=0.0195451 end_in=0.0195451 cand_pre=20 cand_cap=20 cand=20->20 pre=20 pick(must/bucket/top/rand)=1/5/10/4 depth0=10 depth=6 dlog=4 dper=0 sims=3128 loop=3108 gen_time=0 eval_time=0.02 best_avg=0.214459 best_move=7,2 leader=1 inc2=1 attack_w=0.2 S0=37581 SA=29475 ratio=1.275 my_comp=10 my_front=14 leader_comp=9 comp_gain(sz/front/cut)=0/0/0
DBG t=61 used=0.018 remain=0.656 turn_time=0.017527 end_in=0.017527 cand_pre=32 cand_cap=20 cand=32->20 pre=32 pick(must/bucket/top/rand)=1/6/9/4 depth0=10 depth=4 dlog=4 dper=2 sims=2768 loop=2748 gen_time=0 eval_time=0.018 best_avg=0.23356 best_move=5,1 leader=1 inc2=1 attack_w=0.2 S0=39989 SA=31047 ratio=1.28801 my_comp=16 my_front=24 leader_comp=10 comp_gain(sz/front/cut)=0/0/0
DBG t=74 used=0.02 remain=0.421 turn_time=0.0191879 end_in=0.0191879 cand_pre=10 cand_cap=20 cand=10->10 pre=10 pick(must/bucket/top/rand)=1/6/3/0 depth0=11 depth=8 dlog=3 dper=0 sims=2830 loop=2820 gen_time=0 eval_time=0.02 best_avg=0.287791 best_move=6,4 leader=1 inc2=1 attack_w=0.2 S0=43975 SA=32260 ratio=1.36313 my_comp=4 my_front=9 leader_comp=1 comp_gain(sz/front/cut)=2/4/0
DBG t=86 used=0.017 remain=0.205 turn_time=0.0161145 end_in=0.0161145 cand_pre=23 cand_cap=20 cand=23->20 pre=23 pick(must/bucket/top/rand)=1/6/9/4 depth0=11 depth=6 dlog=4 dper=1 sims=2612 loop=2592 gen_time=0 eval_time=0.017 best_avg=0.340356 best_move=4,3 leader=1 inc2=1 attack_w=0.2 S0=52388 SA=35389 ratio=1.48033 my_comp=11 my_front=19 leader_comp=11 comp_gain(sz/front/cut)=0/0/0
DBG depth_guard t=99 remain=0.01 cand_pre=27 depth0=0 depth=0
DBG t=99 used=0.007 remain=0.01 turn_time=0.006 end_in=0.006 cand_pre=27 cand_cap=12 cand=27->12 pre=27 pick(must/bucket/top/rand)=1/6/3/2 depth0=0 depth=0 dlog=4 dper=4 sims=23392 loop=23380 gen_time=0 eval_time=0.007 best_avg=0.46802 best_move=5,2 leader=1 inc2=1 attack_w=0.2 S0=53914 SA=33651 ratio=1.60213 my_comp=13 my_front=18 leader_comp=8 comp_gain(sz/front/cut)=0/0/0
DBG summary depth_guard_fired=1
Score = 139464
=== CASE 0166.txt ===
DBG hdr N=10 M=8 T=100 U=4 VMAX=1506 TIME_LIMIT=1.94 MAX_CAND=20 UCB_C=0.21 OBJ=log(S0+1)-log(SA+1)
DBG t=0 used=0.024 remain=1.94 turn_time=0.0236195 end_in=0.0236195 cand_pre=5 cand_cap=20 cand=5->5 pre=5 pick(must/bucket/top/rand)=1/2/2/0 depth0=7 depth=5 dlog=2 dper=0 sims=4193 loop=4188 gen_time=0 eval_time=0.024 best_avg=-0.187031 best_move=2,7 leader=7 inc2=1 attack_w=0.659104 S0=907 SA=1054 ratio=0.860664 my_comp=1 my_front=4 leader_comp=1 comp_gain(sz/front/cut)=0/0/0
DBG t=12 used=0.022 remain=1.666 turn_time=0.0212036 end_in=0.0212036 cand_pre=20 cand_cap=20 cand=20->20 pre=20 pick(must/bucket/top/rand)=1/5/10/4 depth0=7 depth=3 dlog=4 dper=0 sims=2612 loop=2592 gen_time=0 eval_time=0.022 best_avg=-0.0732851 best_move=6,8 leader=5 inc2=1 attack_w=0.66578 S0=11037 SA=12858 ratio=0.858387 my_comp=8 my_front=16 leader_comp=8 comp_gain(sz/front/cut)=0/0/0
DBG t=24 used=0.021 remain=1.41 turn_time=0.0205378 end_in=0.0205378 cand_pre=22 cand_cap=20 cand=22->20 pre=22 pick(must/bucket/top/rand)=1/8/7/4 depth0=7 depth=3 dlog=4 dper=0 sims=2624 loop=2604 gen_time=0 eval_time=0.021 best_avg=0.0154197 best_move=5,7 leader=3 inc2=1 attack_w=0.423646 S0=22847 SA=24063 ratio=0.949468 my_comp=9 my_front=18 leader_comp=17 comp_gain(sz/front/cut)=0/0/0
DBG t=37 used=0.021 remain=1.139 turn_time=0.0200139 end_in=0.0200139 cand_pre=22 cand_cap=20 cand=22->20 pre=22 pick(must/bucket/top/rand)=1/4/11/4 depth0=10 depth=6 dlog=4 dper=0 sims=1452 loop=1432 gen_time=0 eval_time=0.021 best_avg=0.0807532 best_move=6,9 leader=3 inc2=1 attack_w=0.2 S0=34941 SA=30062 ratio=1.16229 my_comp=10 my_front=19 leader_comp=14 comp_gain(sz/front/cut)=1/1/0
DBG t=49 used=0.02 remain=0.898 turn_time=0.019263 end_in=0.019263 cand_pre=24 cand_cap=20 cand=24->20 pre=24 pick(must/bucket/top/rand)=1/3/12/4 depth0=10 depth=6 dlog=4 dper=0 sims=1748 loop=1728 gen_time=0 eval_time=0.02 best_avg=0.0346109 best_move=4,8 leader=1 inc2=1 attack_w=0.2 S0=42532 SA=35960 ratio=1.18275 my_comp=14 my_front=19 leader_comp=16 comp_gain(sz/front/cut)=0/0/0
DBG t=61 used=0.019 remain=0.665 turn_time=0.0186541 end_in=0.0186541 cand_pre=24 cand_cap=20 cand=24->20 pre=24 pick(must/bucket/top/rand)=1/4/11/4 depth0=10 depth=6 dlog=4 dper=0 sims=1596 loop=1576 gen_time=0 eval_time=0.019 best_avg=0.00142996 best_move=7,8 leader=2 inc2=1 attack_w=0.27969 S0=47503 SA=46875 ratio=1.0134 my_comp=15 my_front=16 leader_comp=12 comp_gain(sz/front/cut)=0/0/0
DBG t=74 used=0.018 remain=0.42 turn_time=0.0176723 end_in=0.0176723 cand_pre=24 cand_cap=20 cand=24->20 pre=24 pick(must/bucket/top/rand)=1/3/12/4 depth0=11 depth=6 dlog=4 dper=1 sims=1332 loop=1312 gen_time=0 eval_time=0.018 best_avg=-0.021091 best_move=6,7 leader=2 inc2=1 attack_w=0.273928 S0=53023 SA=52181 ratio=1.01614 my_comp=15 my_front=16 leader_comp=13 comp_gain(sz/front/cut)=0/0/0
DBG t=86 used=0.017 remain=0.209 turn_time=0.0161378 end_in=0.0161378 cand_pre=26 cand_cap=20 cand=26->20 pre=26 pick(must/bucket/top/rand)=1/4/11/4 depth0=11 depth=6 dlog=4 dper=1 sims=1236 loop=1216 gen_time=0 eval_time=0.017 best_avg=-0.0401021 best_move=7,8 leader=2 inc2=1 attack_w=0.314706 S0=58481 SA=58653 ratio=0.997068 my_comp=16 my_front=16 leader_comp=14 comp_gain(sz/front/cut)=0/0/0
DBG depth_guard t=99 remain=0.01 cand_pre=27 depth0=0 depth=0
DBG t=99 used=0.007 remain=0.01 turn_time=0.006 end_in=0.006 cand_pre=27 cand_cap=12 cand=27->12 pre=27 pick(must/bucket/top/rand)=1/4/5/2 depth0=0 depth=0 dlog=4 dper=4 sims=5960 loop=5948 gen_time=0 eval_time=0.007 best_avg=0.00754065 best_move=7,6 leader=1 inc2=1 attack_w=0.316435 S0=63383 SA=63620 ratio=0.996275 my_comp=16 my_front=16 leader_comp=18 comp_gain(sz/front/cut)=1/2/0
DBG summary depth_guard_fired=1
Score = 102148
=== CASE 0167.txt ===
DBG hdr N=10 M=8 T=100 U=2 VMAX=1766 TIME_LIMIT=1.94 MAX_CAND=20 UCB_C=0.21 OBJ=log(S0+1)-log(SA+1)
DBG t=0 used=0.024 remain=1.94 turn_time=0.0237456 end_in=0.0237456 cand_pre=4 cand_cap=20 cand=4->4 pre=4 pick(must/bucket/top/rand)=1/2/1/0 depth0=7 depth=6 dlog=1 dper=0 sims=2952 loop=2948 gen_time=0 eval_time=0.024 best_avg=-0.539007 best_move=0,4 leader=2 inc2=1 attack_w=0.13 S0=1176 SA=1023 ratio=1.14941 my_comp=1 my_front=3 leader_comp=1 comp_gain(sz/front/cut)=1/1/0
DBG t=12 used=0.022 remain=1.659 turn_time=0.0219723 end_in=0.0219723 cand_pre=13 cand_cap=20 cand=13->13 pre=13 pick(must/bucket/top/rand)=1/3/9/0 depth0=7 depth=4 dlog=3 dper=0 sims=2737 loop=2724 gen_time=0 eval_time=0.022 best_avg=-0.611146 best_move=0,2 leader=2 inc2=1 attack_w=0.85 S0=11779 SA=18598 ratio=0.633367 my_comp=7 my_front=8 leader_comp=7 comp_gain(sz/front/cut)=0/0/0
DBG t=24 used=0.022 remain=1.394 turn_time=0.0210201 end_in=0.0210201 cand_pre=16 cand_cap=20 cand=16->16 pre=16 pick(must/bucket/top/rand)=1/1/14/0 depth0=7 depth=4 dlog=3 dper=0 sims=2188 loop=2172 gen_time=0 eval_time=0.022 best_avg=-0.445207 best_move=0,1 leader=2 inc2=1 attack_w=0.85 S0=19952 SA=29332 ratio=0.680224 my_comp=10 my_front=9 leader_comp=11 comp_gain(sz/front/cut)=0/0/0
DBG t=37 used=0.021 remain=1.119 turn_time=0.0202397 end_in=0.0202397 cand_pre=17 cand_cap=20 cand=17->17 pre=17 pick(must/bucket/top/rand)=1/3/12/1 depth0=10 depth=7 dlog=3 dper=0 sims=1433 loop=1416 gen_time=0 eval_time=0.021 best_avg=-0.446116 best_move=0,5 leader=2 inc2=1 attack_w=0.85 S0=21385 SA=35231 ratio=0.607005 my_comp=12 my_front=11 leader_comp=17 comp_gain(sz/front/cut)=0/0/0
DBG t=49 used=0.02 remain=0.876 turn_time=0.0193493 end_in=0.0193493 cand_pre=19 cand_cap=20 cand=19->19 pre=19 pick(must/bucket/top/rand)=1/2/13/3 depth0=10 depth=6 dlog=4 dper=0 sims=1503 loop=1484 gen_time=0 eval_time=0.02 best_avg=-0.61784 best_move=0,5 leader=2 inc2=1 attack_w=0.85 S0=23508 SA=36745 ratio=0.63977 my_comp=13 my_front=11 leader_comp=15 comp_gain(sz/front/cut)=0/0/0
DBG t=61 used=0.019 remain=0.643 turn_time=0.0182513 end_in=0.0182513 cand_pre=22 cand_cap=20 cand=22->20 pre=22 pick(must/bucket/top/rand)=1/2/13/4 depth0=10 depth=6 dlog=4 dper=0 sims=1456 loop=1436 gen_time=0 eval_time=0.019 best_avg=-0.177444 best_move=2,1 leader=2 inc2=1 attack_w=0.85 S0=25984 SA=33142 ratio=0.784027 my_comp=15 my_front=9 leader_comp=15 comp_gain(sz/front/cut)=0/0/0
DBG t=74 used=0.017 remain=0.403 turn_time=0.0167555 end_in=0.0167555 cand_pre=26 cand_cap=20 cand=26->20 pre=26 pick(must/bucket/top/rand)=1/4/11/4 depth0=11 depth=6 dlog=4 dper=1 sims=1148 loop=1128 gen_time=0 eval_time=0.017 best_avg=0.0447643 best_move=0,5 leader=2 inc2=1 attack_w=0.520753 S0=28875 SA=31706 ratio=0.910714 my_comp=17 my_front=11 leader_comp=17 comp_gain(sz/front/cut)=0/0/0
DBG t=86 used=0.016 remain=0.202 turn_time=0.0152221 end_in=0.0152221 cand_pre=30 cand_cap=20 cand=30->20 pre=30 pick(must/bucket/top/rand)=1/4/11/4 depth0=11 depth=5 dlog=4 dper=2 sims=1288 loop=1268 gen_time=0 eval_time=0.016 best_avg=0.159187 best_move=0,6 leader=2 inc2=1 attack_w=0.2 S0=32181 SA=28089 ratio=1.14567 my_comp=19 my_front=17 leader_comp=14 comp_gain(sz/front/cut)=0/0/0
DBG depth_guard t=99 remain=0.012 cand_pre=34 depth0=0 depth=0
DBG t=99 used=0.008 remain=0.012 turn_time=0.0072 end_in=0.0072 cand_pre=34 cand_cap=12 cand=34->12 pre=34 pick(must/bucket/top/rand)=1/5/4/2 depth0=0 depth=0 dlog=4 dper=5 sims=8320 loop=8308 gen_time=0 eval_time=0.008 best_avg=0.554337 best_move=3,8 leader=3 inc2=1 attack_w=0.2 S0=39787 SA=21993 ratio=1.80904 my_comp=22 my_front=22 leader_comp=13 comp_gain(sz/front/cut)=0/0/0
DBG summary depth_guard_fired=1
Score = 145458
=== CASE 0171.txt ===
DBG hdr N=10 M=2 T=100 U=2 VMAX=1330 TIME_LIMIT=1.94 MAX_CAND=20 UCB_C=0.21 OBJ=log(S0+1)-log(SA+1)
DBG t=0 used=0.024 remain=1.94 turn_time=0.0237456 end_in=0.0237456 cand_pre=4 cand_cap=20 cand=4->4 pre=4 pick(must/bucket/top/rand)=1/2/1/0 depth0=7 depth=6 dlog=1 dper=0 sims=7896 loop=7892 gen_time=0 eval_time=0.024 best_avg=-0.093471 best_move=0,6 leader=1 inc2=1 attack_w=0.13 S0=1257 SA=1009 ratio=1.24554 my_comp=1 my_front=3 leader_comp=1 comp_gain(sz/front/cut)=0/0/0
DBG t=12 used=0.022 remain=1.663 turn_time=0.0211655 end_in=0.0211655 cand_pre=20 cand_cap=20 cand=20->20 pre=20 pick(must/bucket/top/rand)=1/7/8/4 depth0=7 depth=3 dlog=4 dper=0 sims=6324 loop=6304 gen_time=0 eval_time=0.022 best_avg=0.69472 best_move=2,4 leader=1 inc2=1 attack_w=0.2 S0=11472 SA=5887 ratio=1.94854 my_comp=9 my_front=14 leader_comp=2 comp_gain(sz/front/cut)=0/0/0
DBG t=24 used=0.02 remain=1.414 turn_time=0.0196286 end_in=0.0196286 cand_pre=30 cand_cap=20 cand=30->20 pre=30 pick(must/bucket/top/rand)=1/8/7/4 depth0=7 depth=2 dlog=4 dper=1 sims=4136 loop=4116 gen_time=0 eval_time=0.02 best_avg=0.980472 best_move=4,1 leader=1 inc2=1 attack_w=0.2 S0=19293 SA=6571 ratio=2.93579 my_comp=16 my_front=22 leader_comp=5 comp_gain(sz/front/cut)=1/2/2
DBG t=37 used=0.019 remain=1.161 turn_time=0.0181245 end_in=0.0181245 cand_pre=41 cand_cap=20 cand=41->20 pre=41 pick(must/bucket/top/rand)=1/7/8/4 depth0=10 depth=3 dlog=5 dper=2 sims=2332 loop=2312 gen_time=0 eval_time=0.019 best_avg=1.11375 best_move=6,2 leader=1 inc2=1 attack_w=0.2 S0=28629 SA=8907 ratio=3.21396 my_comp=24 my_front=28 leader_comp=5 comp_gain(sz/front/cut)=1/0/0
DBG t=49 used=0.017 remain=0.948 turn_time=0.0163484 end_in=0.0163484 cand_pre=57 cand_cap=20 cand=57->20 pre=57 pick(must/bucket/top/rand)=1/7/8/4 depth0=10 depth=1 dlog=5 dper=4 sims=1776 loop=1756 gen_time=0 eval_time=0.017 best_avg=1.18163 best_move=5,5 leader=1 inc2=1 attack_w=0.2 S0=39633 SA=12414 ratio=3.19243 my_comp=33 my_front=40 leader_comp=3 comp_gain(sz/front/cut)=1/2/1
DBG t=61 used=0.017 remain=0.744 turn_time=0.0162822 end_in=0.0162822 cand_pre=61 cand_cap=14 cand=61->14 pre=42 pick(must/bucket/top/rand)=1/8/2/3 depth0=10 depth=1 dlog=5 dper=4 sims=1466 loop=1452 gen_time=0 eval_time=0.017 best_avg=1.29426 best_move=4,6 leader=1 inc2=1 attack_w=0.2 S0=43807 SA=12616 ratio=3.47214 my_comp=37 my_front=43 leader_comp=3 comp_gain(sz/front/cut)=0/0/0
DBG t=74 used=0.016 remain=0.53 turn_time=0.0156758 end_in=0.0156758 cand_pre=74 cand_cap=14 cand=74->14 pre=42 pick(must/bucket/top/rand)=1/7/3/3 depth0=11 depth=0 dlog=6 dper=5 sims=59362 loop=59348 gen_time=0 eval_time=0.016 best_avg=1.48114 best_move=4,8 leader=1 inc2=1 attack_w=0.2 S0=54948 SA=12570 ratio=4.37109 my_comp=47 my_front=48 leader_comp=5 comp_gain(sz/front/cut)=1/2/1
DBG t=86 used=0.018 remain=0.327 turn_time=0.0175062 end_in=0.0175062 cand_pre=77 cand_cap=14 cand=77->14 pre=42 pick(must/bucket/top/rand)=1/7/3/3 depth0=11 depth=1 dlog=6 dper=4 sims=1050 loop=1036 gen_time=0 eval_time=0.018 best_avg=1.51701 best_move=5,9 leader=1 inc2=1 attack_w=0.2 S0=60654 SA=13566 ratio=4.47077 my_comp=51 my_front=53 leader_comp=6 comp_gain(sz/front/cut)=0/0/0
DBG t=99 used=0.032 remain=0.052 turn_time=0.0312 end_in=0.0312 cand_pre=85 cand_cap=12 cand=85->12 pre=36 pick(must/bucket/top/rand)=1/7/2/2 depth0=0 depth=0 dlog=6 dper=3 sims=103916 loop=103904 gen_time=0 eval_time=0.032 best_avg=1.52944 best_move=8,7 leader=1 inc2=1 attack_w=0.2 S0=69735 SA=15296 ratio=4.5588 my_comp=58 my_front=57 leader_comp=6 comp_gain(sz/front/cut)=1/2/1
DBG summary depth_guard_fired=0
Score = 248003
=== CASE 0168.txt ===
DBG hdr N=10 M=5 T=100 U=4 VMAX=1457 TIME_LIMIT=1.94 MAX_CAND=20 UCB_C=0.21 OBJ=log(S0+1)-log(SA+1)
DBG t=0 used=0.024 remain=1.94 turn_time=0.0236195 end_in=0.0236195 cand_pre=5 cand_cap=20 cand=5->5 pre=5 pick(must/bucket/top/rand)=1/2/2/0 depth0=7 depth=5 dlog=2 dper=0 sims=5385 loop=5380 gen_time=0 eval_time=0.024 best_avg=-0.397134 best_move=6,8 leader=3 inc2=1 attack_w=0.85 S0=803 SA=1191 ratio=0.674497 my_comp=1 my_front=4 leader_comp=1 comp_gain(sz/front/cut)=1/2/0
DBG t=12 used=0.023 remain=1.669 turn_time=0.0224746 end_in=0.0224746 cand_pre=10 cand_cap=20 cand=10->10 pre=10 pick(must/bucket/top/rand)=1/7/2/0 depth0=7 depth=4 dlog=3 dper=0 sims=4166 loop=4156 gen_time=0 eval_time=0.023 best_avg=0.0678395 best_move=4,7 leader=1 inc2=1 attack_w=0.2 S0=14905 SA=13683 ratio=1.0893 my_comp=4 my_front=10 leader_comp=5 comp_gain(sz/front/cut)=0/0/0
DBG t=24 used=0.022 remain=1.398 turn_time=0.0210804 end_in=0.0210804 cand_pre=16 cand_cap=20 cand=16->16 pre=16 pick(must/bucket/top/rand)=1/6/9/0 depth0=7 depth=4 dlog=3 dper=0 sims=4152 loop=4136 gen_time=0 eval_time=0.022 best_avg=-0.011548 best_move=3,7 leader=1 inc2=0 attack_w=0.264365 S0=24687 SA=24186 ratio=1.02071 my_comp=6 my_front=12 leader_comp=10 comp_gain(sz/front/cut)=0/0/0
DBG t=37 used=0.021 remain=1.122 turn_time=0.0200624 end_in=0.0200624 cand_pre=19 cand_cap=20 cand=19->19 pre=19 pick(must/bucket/top/rand)=1/6/9/3 depth0=10 depth=6 dlog=4 dper=0 sims=2799 loop=2780 gen_time=0 eval_time=0.021 best_avg=0.0585992 best_move=4,5 leader=1 inc2=1 attack_w=0.2 S0=28659 SA=26540 ratio=1.07984 my_comp=8 my_front=16 leader_comp=4 comp_gain(sz/front/cut)=0/0/0
DBG t=49 used=0.019 remain=0.884 turn_time=0.018512 end_in=0.018512 cand_pre=28 cand_cap=20 cand=28->20 pre=28 pick(must/bucket/top/rand)=1/7/8/4 depth0=10 depth=5 dlog=4 dper=1 sims=2440 loop=2420 gen_time=0 eval_time=0.019 best_avg=0.379957 best_move=5,4 leader=1 inc2=1 attack_w=0.2 S0=39473 SA=27630 ratio=1.42861 my_comp=12 my_front=22 leader_comp=2 comp_gain(sz/front/cut)=1/0/0
DBG t=61 used=0.018 remain=0.658 turn_time=0.0179094 end_in=0.0179094 cand_pre=29 cand_cap=20 cand=29->20 pre=29 pick(must/bucket/top/rand)=1/6/9/4 depth0=10 depth=5 dlog=4 dper=1 sims=2364 loop=2344 gen_time=0 eval_time=0.018 best_avg=0.5486 best_move=4,5 leader=1 inc2=1 attack_w=0.2 S0=44896 SA=27011 ratio=1.66211 my_comp=13 my_front=22 leader_comp=5 comp_gain(sz/front/cut)=0/0/0
DBG t=74 used=0.017 remain=0.429 turn_time=0.0168713 end_in=0.0168712 cand_pre=35 cand_cap=20 cand=35->20 pre=35 pick(must/bucket/top/rand)=1/7/8/4 depth0=11 depth=5 dlog=4 dper=2 sims=1908 loop=1888 gen_time=0 eval_time=0.017 best_avg=0.665682 best_move=2,3 leader=1 inc2=1 attack_w=0.2 S0=55345 SA=28063 ratio=1.97214 my_comp=16 my_front=28 leader_comp=5 comp_gain(sz/front/cut)=0/0/0
DBG t=86 used=0.018 remain=0.219 turn_time=0.0174183 end_in=0.0174183 cand_pre=21 cand_cap=20 cand=21->20 pre=21 pick(must/bucket/top/rand)=1/8/7/4 depth0=11 depth=6 dlog=4 dper=0 sims=2108 loop=2088 gen_time=0 eval_time=0.018 best_avg=0.749961 best_move=3,2 leader=2 inc2=1 attack_w=0.2 S0=58308 SA=28454 ratio=2.04917 my_comp=9 my_front=18 leader_comp=13 comp_gain(sz/front/cut)=0/0/0
DBG depth_guard t=99 remain=0.01 cand_pre=25 depth0=0 depth=0
DBG t=99 used=0.007 remain=0.01 turn_time=0.006 end_in=0.006 cand_pre=25 cand_cap=12 cand=25->12 pre=25 pick(must/bucket/top/rand)=1/8/1/2 depth0=0 depth=0 dlog=4 dper=4 sims=12544 loop=12532 gen_time=0 eval_time=0.007 best_avg=0.751059 best_move=1,2 leader=2 inc2=1 attack_w=0.2 S0=69521 SA=32649 ratio=2.12931 my_comp=12 my_front=20 leader_comp=11 comp_gain(sz/front/cut)=0/0/0
DBG summary depth_guard_fired=1
Score = 170027
=== CASE 0169.txt ===
DBG hdr N=10 M=6 T=100 U=1 VMAX=2754 TIME_LIMIT=1.94 MAX_CAND=20 UCB_C=0.21 OBJ=log(S0+1)-log(SA+1)
DBG t=0 used=0.024 remain=1.94 turn_time=0.0237456 end_in=0.0237456 cand_pre=4 cand_cap=20 cand=4->4 pre=4 pick(must/bucket/top/rand)=1/2/1/0 depth0=7 depth=6 dlog=1 dper=0 sims=3540 loop=3536 gen_time=0 eval_time=0.024 best_avg=0.203611 best_move=3,0 leader=3 inc2=1 attack_w=0.85 S0=1022 SA=1407 ratio=0.726562 my_comp=1 my_front=3 leader_comp=1 comp_gain(sz/front/cut)=1/1/0
DBG t=12 used=0.022 remain=1.665 turn_time=0.0211909 end_in=0.0211909 cand_pre=20 cand_cap=20 cand=20->20 pre=20 pick(must/bucket/top/rand)=1/6/9/4 depth0=7 depth=3 dlog=4 dper=0 sims=2988 loop=2968 gen_time=0 eval_time=0.022 best_avg=0.54062 best_move=7,1 leader=4 inc2=1 attack_w=0.2 S0=23341 SA=13415 ratio=1.73986 my_comp=12 my_front=11 leader_comp=12 comp_gain(sz/front/cut)=1/2/0
DBG t=24 used=0.021 remain=1.41 turn_time=0.0204172 end_in=0.0204172 cand_pre=23 cand_cap=20 cand=23->20 pre=23 pick(must/bucket/top/rand)=1/4/11/4 depth0=7 depth=3 dlog=4 dper=0 sims=2436 loop=2416 gen_time=0 eval_time=0.021 best_avg=0.156643 best_move=9,0 leader=4 inc2=1 attack_w=0.2 S0=24158 SA=21184 ratio=1.14038 my_comp=14 my_front=14 leader_comp=20 comp_gain(sz/front/cut)=1/0/0
DBG t=37 used=0.022 remain=1.148 turn_time=0.0210011 end_in=0.0210011 cand_pre=15 cand_cap=20 cand=15->15 pre=15 pick(must/bucket/top/rand)=1/6/8/0 depth0=10 depth=7 dlog=3 dper=0 sims=1851 loop=1836 gen_time=0 eval_time=0.022 best_avg=0.550915 best_move=7,3 leader=2 inc2=1 attack_w=0.2 S0=35274 SA=18565 ratio=1.89998 my_comp=8 my_front=10 leader_comp=4 comp_gain(sz/front/cut)=1/2/0
DBG t=49 used=0.021 remain=0.895 turn_time=0.0205675 end_in=0.0205675 cand_pre=12 cand_cap=20 cand=12->12 pre=12 pick(must/bucket/top/rand)=1/5/6/0 depth0=10 depth=7 dlog=3 dper=0 sims=1688 loop=1676 gen_time=0 eval_time=0.021 best_avg=0.713208 best_move=7,7 leader=4 inc2=1 attack_w=0.2 S0=41347 SA=16998 ratio=2.43238 my_comp=4 my_front=9 leader_comp=14 comp_gain(sz/front/cut)=12/16/0
DBG t=61 used=0.016 remain=0.672 turn_time=0.0158265 end_in=0.0158265 cand_pre=51 cand_cap=20 cand=51->20 pre=51 pick(must/bucket/top/rand)=1/6/9/4 depth0=10 depth=2 dlog=5 dper=3 sims=1504 loop=1484 gen_time=0 eval_time=0.016 best_avg=0.803056 best_move=5,0 leader=5 inc2=1 attack_w=0.2 S0=32614 SA=17567 ratio=1.8565 my_comp=23 my_front=40 leader_comp=1 comp_gain(sz/front/cut)=1/1/0
DBG t=74 used=0.016 remain=0.462 turn_time=0.015628 end_in=0.015628 cand_pre=57 cand_cap=20 cand=57->20 pre=57 pick(must/bucket/top/rand)=1/6/9/4 depth0=11 depth=2 dlog=5 dper=4 sims=1228 loop=1208 gen_time=0 eval_time=0.016 best_avg=0.696751 best_move=9,4 leader=5 inc2=1 attack_w=0.2 S0=32555 SA=14260 ratio=2.28287 my_comp=30 my_front=46 leader_comp=3 comp_gain(sz/front/cut)=1/-1/0
DBG t=86 used=0.017 remain=0.267 turn_time=0.0165254 end_in=0.0165254 cand_pre=59 cand_cap=20 cand=59->20 pre=59 pick(must/bucket/top/rand)=1/6/9/4 depth0=11 depth=2 dlog=5 dper=4 sims=1312 loop=1292 gen_time=0 eval_time=0.017 best_avg=0.907468 best_move=5,2 leader=4 inc2=1 attack_w=0.2 S0=37611 SA=13522 ratio=2.78134 my_comp=34 my_front=49 leader_comp=10 comp_gain(sz/front/cut)=1/0/0
DBG t=99 used=0.014 remain=0.023 turn_time=0.0138 end_in=0.0138 cand_pre=46 cand_cap=16 cand=46->16 pre=46 pick(must/bucket/top/rand)=1/6/5/4 depth0=0 depth=0 dlog=5 dper=4 sims=21828 loop=21812 gen_time=0 eval_time=0.014 best_avg=0.919424 best_move=4,6 leader=4 inc2=1 attack_w=0.2 S0=35358 SA=14789 ratio=2.39074 my_comp=27 my_front=39 leader_comp=14 comp_gain(sz/front/cut)=1/2/1
DBG summary depth_guard_fired=0
Score = 185712
=== CASE 0170.txt ===
DBG hdr N=10 M=5 T=100 U=2 VMAX=1568 TIME_LIMIT=1.94 MAX_CAND=20 UCB_C=0.21 OBJ=log(S0+1)-log(SA+1)
DBG t=0 used=0.024 remain=1.94 turn_time=0.0236195 end_in=0.0236195 cand_pre=5 cand_cap=20 cand=5->5 pre=5 pick(must/bucket/top/rand)=1/2/2/0 depth0=7 depth=5 dlog=2 dper=0 sims=5345 loop=5340 gen_time=0 eval_time=0.024 best_avg=-0.233706 best_move=2,9 leader=3 inc2=1 attack_w=0.85 S0=820 SA=1267 ratio=0.647476 my_comp=1 my_front=4 leader_comp=1 comp_gain(sz/front/cut)=1/1/0
DBG t=12 used=0.022 remain=1.665 turn_time=0.0216828 end_in=0.0216828 cand_pre=16 cand_cap=20 cand=16->16 pre=16 pick(must/bucket/top/rand)=1/2/13/0 depth0=7 depth=4 dlog=3 dper=0 sims=3324 loop=3308 gen_time=0 eval_time=0.022 best_avg=0.0218967 best_move=3,7 leader=2 inc2=1 attack_w=0.204271 S0=14761 SA=14052 ratio=1.05045 my_comp=7 my_front=11 leader_comp=6 comp_gain(sz/front/cut)=1/2/0
DBG t=24 used=0.02 remain=1.415 turn_time=0.0195214 end_in=0.0195214 cand_pre=31 cand_cap=20 cand=31->20 pre=31 pick(must/bucket/top/rand)=1/4/11/4 depth0=7 depth=2 dlog=4 dper=1 sims=3272 loop=3252 gen_time=0 eval_time=0.02 best_avg=0.0209262 best_move=5,5 leader=4 inc2=0 attack_w=0.241105 S0=26942 SA=26106 ratio=1.03202 my_comp=14 my_front=25 leader_comp=11 comp_gain(sz/front/cut)=1/2/0
DBG t=37 used=0.019 remain=1.161 turn_time=0.0183641 end_in=0.0183641 cand_pre=39 cand_cap=20 cand=39->20 pre=39 pick(must/bucket/top/rand)=1/5/10/4 depth0=10 depth=3 dlog=5 dper=2 sims=2332 loop=2312 gen_time=0 eval_time=0.019 best_avg=-0.298018 best_move=7,7 leader=4 inc2=0 attack_w=0.85 S0=28121 SA=36930 ratio=0.761474 my_comp=18 my_front=33 leader_comp=15 comp_gain(sz/front/cut)=0/0/0
DBG t=49 used=0.018 remain=0.933 turn_time=0.0179923 end_in=0.0179923 cand_pre=41 cand_cap=20 cand=41->20 pre=41 pick(must/bucket/top/rand)=1/6/9/4 depth0=10 depth=3 dlog=5 dper=2 sims=1976 loop=1956 gen_time=0 eval_time=0.018 best_avg=-0.19674 best_move=1,5 leader=4 inc2=0 attack_w=0.816074 S0=33049 SA=40794 ratio=0.810148 my_comp=19 my_front=35 leader_comp=18 comp_gain(sz/front/cut)=0/0/0
DBG t=61 used=0.018 remain=0.717 turn_time=0.0174838 end_in=0.0174838 cand_pre=46 cand_cap=20 cand=46->20 pre=46 pick(must/bucket/top/rand)=1/6/9/4 depth0=10 depth=2 dlog=5 dper=3 sims=2076 loop=2056 gen_time=0 eval_time=0.018 best_avg=-0.110167 best_move=6,4 leader=4 inc2=0 attack_w=0.662155 S0=36410 SA=42356 ratio=0.859622 my_comp=21 my_front=39 leader_comp=18 comp_gain(sz/front/cut)=0/0/0
DBG t=74 used=0.018 remain=0.483 turn_time=0.0173044 end_in=0.0173044 cand_pre=49 cand_cap=20 cand=49->20 pre=49 pick(must/bucket/top/rand)=1/7/8/4 depth0=11 depth=3 dlog=5 dper=3 sims=1600 loop=1580 gen_time=0 eval_time=0.018 best_avg=-0.0923587 best_move=4,3 leader=4 inc2=0 attack_w=0.48409 S0=41235 SA=44580 ratio=0.924968 my_comp=23 my_front=39 leader_comp=20 comp_gain(sz/front/cut)=1/2/0
DBG t=86 used=0.019 remain=0.267 turn_time=0.018013 end_in=0.018013 cand_pre=47 cand_cap=20 cand=47->20 pre=47 pick(must/bucket/top/rand)=1/6/9/4 depth0=11 depth=3 dlog=5 dper=3 sims=1748 loop=1728 gen_time=0 eval_time=0.019 best_avg=-0.229514 best_move=6,6 leader=4 inc2=0 attack_w=0.76531 S0=38579 SA=46716 ratio=0.825824 my_comp=22 my_front=37 leader_comp=20 comp_gain(sz/front/cut)=0/0/0
DBG t=99 used=0.014 remain=0.022 turn_time=0.0132 end_in=0.0132 cand_pre=51 cand_cap=16 cand=51->16 pre=48 pick(must/bucket/top/rand)=1/7/4/4 depth0=0 depth=0 dlog=5 dper=4 sims=15932 loop=15916 gen_time=0 eval_time=0.014 best_avg=-0.187859 best_move=7,4 leader=4 inc2=0 attack_w=0.757217 S0=40573 SA=48979 ratio=0.828379 my_comp=24 my_front=39 leader_comp=23 comp_gain(sz/front/cut)=1/2/1
DBG summary depth_guard_fired=0
Score = 84878
=== CASE 0172.txt ===
DBG hdr N=10 M=5 T=100 U=4 VMAX=1295 TIME_LIMIT=1.94 MAX_CAND=20 UCB_C=0.21 OBJ=log(S0+1)-log(SA+1)
DBG t=0 used=0.024 remain=1.94 turn_time=0.0238717 end_in=0.0238717 cand_pre=3 cand_cap=20 cand=3->3 pre=3 pick(must/bucket/top/rand)=1/2/0/0 depth0=7 depth=6 dlog=1 dper=0 sims=4511 loop=4508 gen_time=0 eval_time=0.024 best_avg=-0.178317 best_move=9,1 leader=3 inc2=1 attack_w=0.670503 S0=1022 SA=1193 ratio=0.856784 my_comp=1 my_front=2 leader_comp=1 comp_gain(sz/front/cut)=1/1/0
DBG t=12 used=0.023 remain=1.655 turn_time=0.0226528 end_in=0.0226528 cand_pre=7 cand_cap=20 cand=7->7 pre=7 pick(must/bucket/top/rand)=1/2/4/0 depth0=7 depth=5 dlog=2 dper=0 sims=3771 loop=3764 gen_time=0 eval_time=0.023 best_avg=-0.238263 best_move=7,1 leader=1 inc2=1 attack_w=0.494048 S0=12949 SA=14059 ratio=0.921053 my_comp=4 my_front=4 leader_comp=11 comp_gain(sz/front/cut)=1/2/0
DBG t=24 used=0.021 remain=1.388 turn_time=0.0209296 end_in=0.0209296 cand_pre=16 cand_cap=20 cand=16->16 pre=16 pick(must/bucket/top/rand)=1/5/10/0 depth0=7 depth=4 dlog=3 dper=0 sims=2916 loop=2900 gen_time=0 eval_time=0.021 best_avg=-0.159205 best_move=5,2 leader=1 inc2=1 attack_w=0.487804 S0=24458 SA=26484 ratio=0.923504 my_comp=8 my_front=12 leader_comp=20 comp_gain(sz/front/cut)=0/0/0
DBG t=37 used=0.021 remain=1.116 turn_time=0.0203006 end_in=0.0203006 cand_pre=16 cand_cap=20 cand=16->16 pre=16 pick(must/bucket/top/rand)=1/6/9/0 depth0=10 depth=7 dlog=3 dper=0 sims=1780 loop=1764 gen_time=0 eval_time=0.021 best_avg=-0.0900495 best_move=5,5 leader=2 inc2=1 attack_w=0.367886 S0=34999 SA=35961 ratio=0.97325 my_comp=5 my_front=12 leader_comp=13 comp_gain(sz/front/cut)=0/0/0
DBG t=49 used=0.02 remain=0.872 turn_time=0.0191498 end_in=0.0191498 cand_pre=20 cand_cap=20 cand=20->20 pre=20 pick(must/bucket/top/rand)=1/6/9/4 depth0=10 depth=6 dlog=4 dper=0 sims=1680 loop=1660 gen_time=0 eval_time=0.02 best_avg=-0.0453992 best_move=2,5 leader=4 inc2=1 attack_w=0.486721 S0=41805 SA=45247 ratio=0.92393 my_comp=8 my_front=18 leader_comp=12 comp_gain(sz/front/cut)=0/0/0
DBG t=61 used=0.017 remain=0.646 turn_time=0.0166138 end_in=0.0166138 cand_pre=38 cand_cap=20 cand=38->20 pre=38 pick(must/bucket/top/rand)=1/6/9/4 depth0=10 depth=3 dlog=5 dper=2 sims=1900 loop=1880 gen_time=0 eval_time=0.017 best_avg=0.0509553 best_move=4,3 leader=4 inc2=1 attack_w=0.296731 S0=52659 SA=52377 ratio=1.00538 my_comp=17 my_front=30 leader_comp=13 comp_gain(sz/front/cut)=1/2/0
DBG t=74 used=0.019 remain=0.427 turn_time=0.0189276 end_in=0.0189276 cand_pre=15 cand_cap=20 cand=15->15 pre=15 pick(must/bucket/top/rand)=1/5/9/0 depth0=11 depth=8 dlog=3 dper=0 sims=1223 loop=1208 gen_time=0 eval_time=0.019 best_avg=0.184968 best_move=5,2 leader=4 inc2=1 attack_w=0.2 S0=64417 SA=55894 ratio=1.15248 my_comp=8 my_front=12 leader_comp=15 comp_gain(sz/front/cut)=0/0/0
DBG t=86 used=0.016 remain=0.231 turn_time=0.0155842 end_in=0.0155843 cand_pre=47 cand_cap=20 cand=47->20 pre=47 pick(must/bucket/top/rand)=1/8/7/4 depth0=11 depth=3 dlog=5 dper=3 sims=1476 loop=1456 gen_time=0 eval_time=0.016 best_avg=0.261562 best_move=6,3 leader=4 inc2=1 attack_w=0.2 S0=73108 SA=57575 ratio=1.26978 my_comp=22 my_front=40 leader_comp=15 comp_gain(sz/front/cut)=0/0/0
DBG depth_guard t=99 remain=0.018 cand_pre=48 depth0=0 depth=0
DBG t=99 used=0.011 remain=0.018 turn_time=0.0108 end_in=0.0108 cand_pre=48 cand_cap=14 cand=48->14 pre=42 pick(must/bucket/top/rand)=1/8/2/3 depth0=0 depth=0 dlog=5 dper=4 sims=10478 loop=10464 gen_time=0 eval_time=0.011 best_avg=0.306174 best_move=2,4 leader=4 inc2=1 attack_w=0.2 S0=73335 SA=54448 ratio=1.34688 my_comp=22 my_front=40 leader_comp=15 comp_gain(sz/front/cut)=0/0/0
DBG summary depth_guard_fired=1
Score = 124386
=== CASE 0173.txt ===
DBG hdr N=10 M=2 T=100 U=1 VMAX=2102 TIME_LIMIT=1.94 MAX_CAND=20 UCB_C=0.21 OBJ=log(S0+1)-log(SA+1)
DBG t=0 used=0.024 remain=1.94 turn_time=0.0237456 end_in=0.0237456 cand_pre=4 cand_cap=20 cand=4->4 pre=4 pick(must/bucket/top/rand)=1/2/1/0 depth0=7 depth=6 dlog=1 dper=0 sims=7568 loop=7564 gen_time=0 eval_time=0.024 best_avg=-0.178882 best_move=4,9 leader=1 inc2=1 attack_w=0.13 S0=1971 SA=1107 ratio=1.77978 my_comp=1 my_front=3 leader_comp=1 comp_gain(sz/front/cut)=1/1/0
DBG t=12 used=0.021 remain=1.665 turn_time=0.020822 end_in=0.020822 cand_pre=23 cand_cap=20 cand=23->20 pre=23 pick(must/bucket/top/rand)=1/4/11/4 depth0=7 depth=3 dlog=4 dper=0 sims=5096 loop=5076 gen_time=0 eval_time=0.021 best_avg=1.21249 best_move=7,7 leader=1 inc2=1 attack_w=0.2 S0=15164 SA=4965 ratio=3.05377 my_comp=13 my_front=14 leader_comp=3 comp_gain(sz/front/cut)=0/0/0
DBG t=24 used=0.019 remain=1.424 turn_time=0.0185495 end_in=0.0185495 cand_pre=40 cand_cap=20 cand=40->20 pre=40 pick(must/bucket/top/rand)=1/3/12/4 depth0=7 depth=0 dlog=5 dper=2 sims=87004 loop=86984 gen_time=0 eval_time=0.019 best_avg=2.7223 best_move=8,1 leader=1 inc2=1 attack_w=0.13 S0=30426 SA=1227 ratio=24.7777 my_comp=24 my_front=23 leader_comp=1 comp_gain(sz/front/cut)=1/2/0
DBG t=37 used=0.018 remain=1.187 turn_time=0.0173057 end_in=0.0173057 cand_pre=51 cand_cap=20 cand=51->20 pre=51 pick(must/bucket/top/rand)=1/2/13/4 depth0=10 depth=2 dlog=5 dper=3 sims=1880 loop=1860 gen_time=0 eval_time=0.018 best_avg=2.65928 best_move=4,8 leader=1 inc2=1 attack_w=0.13 S0=41317 SA=1987 ratio=20.7837 my_comp=33 my_front=27 leader_comp=1 comp_gain(sz/front/cut)=1/2/0
DBG t=49 used=0.024 remain=0.984 turn_time=0.0237414 end_in=0.0237414 cand_pre=3 cand_cap=20 cand=3->3 pre=3 pick(must/bucket/top/rand)=1/2/0/0 depth0=10 depth=9 dlog=1 dper=0 sims=2287 loop=2284 gen_time=0 eval_time=0.024 best_avg=2.00244 best_move=2,0 leader=1 inc2=1 attack_w=0.13 S0=53336 SA=3046 ratio=17.5048 my_comp=1 my_front=3 leader_comp=1 comp_gain(sz/front/cut)=0/0/0
DBG t=61 used=0.022 remain=0.712 turn_time=0.0212778 end_in=0.0212778 cand_pre=13 cand_cap=20 cand=13->13 pre=13 pick(must/bucket/top/rand)=1/4/8/0 depth0=10 depth=7 dlog=3 dper=0 sims=2201 loop=2188 gen_time=0 eval_time=0.022 best_avg=2.20287 best_move=0,2 leader=1 inc2=1 attack_w=0.2 S0=57176 SA=2375 ratio=24.0644 my_comp=6 my_front=11 leader_comp=2 comp_gain(sz/front/cut)=0/0/0
DBG t=74 used=0.02 remain=0.435 turn_time=0.0197172 end_in=0.0197172 cand_pre=11 cand_cap=20 cand=11->11 pre=11 pick(must/bucket/top/rand)=1/4/6/0 depth0=11 depth=8 dlog=3 dper=0 sims=1883 loop=1872 gen_time=0 eval_time=0.02 best_avg=1.79273 best_move=3,0 leader=1 inc2=1 attack_w=0.2 S0=54627 SA=8462 ratio=6.45492 my_comp=7 my_front=6 leader_comp=4 comp_gain(sz/front/cut)=1/1/0
DBG t=86 used=0.014 remain=0.215 turn_time=0.0132071 end_in=0.0132071 cand_pre=60 cand_cap=16 cand=60->16 pre=48 pick(must/bucket/top/rand)=1/4/7/4 depth0=11 depth=2 dlog=5 dper=4 sims=920 loop=904 gen_time=0 eval_time=0.014 best_avg=2.39456 best_move=3,1 leader=1 inc2=1 attack_w=0.2 S0=61086 SA=4832 ratio=12.6396 my_comp=39 my_front=36 leader_comp=3 comp_gain(sz/front/cut)=12/13/1
DBG t=99 used=0.02 remain=0.033 turn_time=0.0198 end_in=0.0198 cand_pre=6 cand_cap=20 cand=6->6 pre=6 pick(must/bucket/top/rand)=1/4/1/0 depth0=0 depth=0 dlog=2 dper=0 sims=80082 loop=80076 gen_time=0 eval_time=0.02 best_avg=3.20228 best_move=0,4 leader=1 inc2=1 attack_w=0.2 S0=73220 SA=4031 ratio=18.16 my_comp=2 my_front=5 leader_comp=3 comp_gain(sz/front/cut)=1/1/0
DBG summary depth_guard_fired=0
Score = 459460
=== CASE 0174.txt ===
DBG hdr N=10 M=4 T=100 U=2 VMAX=1684 TIME_LIMIT=1.94 MAX_CAND=20 UCB_C=0.21 OBJ=log(S0+1)-log(SA+1)
DBG t=0 used=0.024 remain=1.94 turn_time=0.0236195 end_in=0.0236195 cand_pre=5 cand_cap=20 cand=5->5 pre=5 pick(must/bucket/top/rand)=1/2/2/0 depth0=7 depth=5 dlog=2 dper=0 sims=6337 loop=6332 gen_time=0 eval_time=0.024 best_avg=-0.0206274 best_move=3,7 leader=3 inc2=0 attack_w=0.13 S0=1413 SA=917 ratio=1.54031 my_comp=1 my_front=4 leader_comp=1 comp_gain(sz/front/cut)=0/0/0
DBG t=12 used=0.022 remain=1.665 turn_time=0.0211909 end_in=0.0211909 cand_pre=20 cand_cap=20 cand=20->20 pre=20 pick(must/bucket/top/rand)=1/2/13/4 depth0=7 depth=3 dlog=4 dper=0 sims=4532 loop=4512 gen_time=0 eval_time=0.022 best_avg=0.233189 best_move=1,5 leader=1 inc2=0 attack_w=0.2 S0=18960 SA=14873 ratio=1.27477 my_comp=8 my_front=16 leader_comp=10 comp_gain(sz/front/cut)=0/0/0
DBG t=24 used=0.02 remain=1.415 turn_time=0.0194004 end_in=0.0194004 cand_pre=32 cand_cap=20 cand=32->20 pre=32 pick(must/bucket/top/rand)=1/3/12/4 depth0=7 depth=2 dlog=4 dper=1 sims=2952 loop=2932 gen_time=0 eval_time=0.02 best_avg=0.27467 best_move=2,3 leader=1 inc2=0 attack_w=0.2 S0=36342 SA=26948 ratio=1.34858 my_comp=14 my_front=25 leader_comp=17 comp_gain(sz/front/cut)=1/2/0
DBG t=37 used=0.019 remain=1.162 turn_time=0.0189793 end_in=0.0189793 cand_pre=34 cand_cap=20 cand=34->20 pre=34 pick(must/bucket/top/rand)=1/7/8/4 depth0=10 depth=5 dlog=4 dper=1 sims=2024 loop=2004 gen_time=0 eval_time=0.019 best_avg=0.114778 best_move=3,4 leader=1 inc2=0 attack_w=0.2 S0=40559 SA=32105 ratio=1.26332 my_comp=16 my_front=27 leader_comp=2 comp_gain(sz/front/cut)=0/0/0
DBG t=49 used=0.019 remain=0.936 turn_time=0.0180501 end_in=0.0180501 cand_pre=41 cand_cap=20 cand=41->20 pre=41 pick(must/bucket/top/rand)=1/8/7/4 depth0=10 depth=3 dlog=5 dper=2 sims=1880 loop=1860 gen_time=0 eval_time=0.019 best_avg=0.506057 best_move=4,4 leader=1 inc2=0 attack_w=0.2 S0=43792 SA=26047 ratio=1.68124 my_comp=24 my_front=30 leader_comp=16 comp_gain(sz/front/cut)=0/0/0
DBG t=61 used=0.023 remain=0.719 turn_time=0.0226854 end_in=0.0226854 cand_pre=3 cand_cap=20 cand=3->3 pre=3 pick(must/bucket/top/rand)=1/1/1/0 depth0=10 depth=9 dlog=1 dper=0 sims=1555 loop=1552 gen_time=0 eval_time=0.023 best_avg=0.380983 best_move=2,9 leader=2 inc2=1 attack_w=0.2 S0=54716 SA=25661 ratio=2.13222 my_comp=1 my_front=3 leader_comp=1 comp_gain(sz/front/cut)=1/1/0
DBG t=74 used=0.017 remain=0.463 turn_time=0.0164721 end_in=0.0164721 cand_pre=50 cand_cap=20 cand=50->20 pre=50 pick(must/bucket/top/rand)=1/7/8/4 depth0=11 depth=3 dlog=5 dper=3 sims=1496 loop=1476 gen_time=0 eval_time=0.017 best_avg=0.756483 best_move=0,0 leader=1 inc2=1 attack_w=0.2 S0=58842 SA=26467 ratio=2.22318 my_comp=31 my_front=33 leader_comp=11 comp_gain(sz/front/cut)=1/-2/0
DBG t=86 used=0.017 remain=0.259 turn_time=0.0165112 end_in=0.0165112 cand_pre=55 cand_cap=20 cand=55->20 pre=55 pick(must/bucket/top/rand)=1/6/9/4 depth0=11 depth=3 dlog=5 dper=3 sims=1400 loop=1380 gen_time=0 eval_time=0.017 best_avg=0.851396 best_move=5,1 leader=2 inc2=0 attack_w=0.2 S0=60728 SA=25183 ratio=2.41141 my_comp=34 my_front=33 leader_comp=2 comp_gain(sz/front/cut)=0/0/0
DBG t=99 used=0.016 remain=0.025 turn_time=0.015 end_in=0.015 cand_pre=59 cand_cap=20 cand=59->20 pre=59 pick(must/bucket/top/rand)=1/8/7/4 depth0=0 depth=0 dlog=5 dper=4 sims=21476 loop=21456 gen_time=0 eval_time=0.016 best_avg=0.899984 best_move=2,7 leader=1 inc2=1 attack_w=0.2 S0=69115 SA=28197 ratio=2.4511 my_comp=37 my_front=37 leader_comp=14 comp_gain(sz/front/cut)=0/0/0
DBG summary depth_guard_fired=0
Score = 182401
=== CASE 0175.txt ===
DBG hdr N=10 M=8 T=100 U=4 VMAX=1212 TIME_LIMIT=1.94 MAX_CAND=20 UCB_C=0.21 OBJ=log(S0+1)-log(SA+1)
DBG t=0 used=0.024 remain=1.94 turn_time=0.0237456 end_in=0.0237456 cand_pre=4 cand_cap=20 cand=4->4 pre=4 pick(must/bucket/top/rand)=1/2/1/0 depth0=7 depth=6 dlog=1 dper=0 sims=3324 loop=3320 gen_time=0 eval_time=0.024 best_avg=-0.385272 best_move=9,7 leader=7 inc2=1 attack_w=0.747462 S0=971 SA=1168 ratio=0.83148 my_comp=1 my_front=4 leader_comp=1 comp_gain(sz/front/cut)=1/1/0
DBG t=12 used=0.023 remain=1.659 turn_time=0.0224625 end_in=0.0224625 cand_pre=9 cand_cap=20 cand=9->9 pre=9 pick(must/bucket/top/rand)=1/5/3/0 depth0=7 depth=4 dlog=3 dper=0 sims=3185 loop=3176 gen_time=0 eval_time=0.023 best_avg=0.0109275 best_move=9,8 leader=1 inc2=1 attack_w=0.301671 S0=14633 SA=14588 ratio=1.00308 my_comp=4 my_front=6 leader_comp=4 comp_gain(sz/front/cut)=0/0/0
DBG t=24 used=0.021 remain=1.393 turn_time=0.0200519 end_in=0.0200519 cand_pre=24 cand_cap=20 cand=24->20 pre=24 pick(must/bucket/top/rand)=1/8/7/4 depth0=7 depth=3 dlog=4 dper=0 sims=2600 loop=2580 gen_time=0 eval_time=0.021 best_avg=0.244964 best_move=8,9 leader=3 inc2=1 attack_w=0.2 S0=27135 SA=23398 ratio=1.15971 my_comp=11 my_front=18 leader_comp=21 comp_gain(sz/front/cut)=0/0/0
DBG t=37 used=0.021 remain=1.131 turn_time=0.02034 end_in=0.02034 cand_pre=18 cand_cap=20 cand=18->18 pre=18 pick(must/bucket/top/rand)=1/5/10/2 depth0=10 depth=6 dlog=4 dper=0 sims=1598 loop=1580 gen_time=0 eval_time=0.021 best_avg=0.234057 best_move=8,4 leader=2 inc2=1 attack_w=0.2 S0=35149 SA=29441 ratio=1.19387 my_comp=10 my_front=17 leader_comp=13 comp_gain(sz/front/cut)=0/0/0
DBG t=49 used=0.02 remain=0.89 turn_time=0.0192048 end_in=0.0192048 cand_pre=23 cand_cap=20 cand=23->20 pre=23 pick(must/bucket/top/rand)=1/6/9/4 depth0=10 depth=6 dlog=4 dper=0 sims=1544 loop=1524 gen_time=0 eval_time=0.02 best_avg=0.157066 best_move=8,5 leader=2 inc2=1 attack_w=0.2 S0=38351 SA=31670 ratio=1.21095 my_comp=11 my_front=17 leader_comp=9 comp_gain(sz/front/cut)=0/0/0
DBG t=61 used=0.019 remain=0.659 turn_time=0.0184858 end_in=0.0184858 cand_pre=24 cand_cap=20 cand=24->20 pre=24 pick(must/bucket/top/rand)=1/6/9/4 depth0=10 depth=6 dlog=4 dper=0 sims=1416 loop=1396 gen_time=0 eval_time=0.019 best_avg=0.152948 best_move=8,9 leader=2 inc2=1 attack_w=0.2 S0=34695 SA=31169 ratio=1.11312 my_comp=13 my_front=20 leader_comp=12 comp_gain(sz/front/cut)=0/0/0
DBG t=74 used=0.018 remain=0.412 turn_time=0.0173357 end_in=0.0173357 cand_pre=24 cand_cap=20 cand=24->20 pre=24 pick(must/bucket/top/rand)=1/5/10/4 depth0=11 depth=6 dlog=4 dper=1 sims=1496 loop=1476 gen_time=0 eval_time=0.018 best_avg=0.248275 best_move=7,5 leader=5 inc2=1 attack_w=0.2 S0=44489 SA=36202 ratio=1.2289 my_comp=15 my_front=17 leader_comp=9 comp_gain(sz/front/cut)=0/0/0
DBG t=86 used=0.017 remain=0.206 turn_time=0.0160018 end_in=0.0160018 cand_pre=25 cand_cap=20 cand=25->20 pre=25 pick(must/bucket/top/rand)=1/5/10/4 depth0=11 depth=6 dlog=4 dper=1 sims=1312 loop=1292 gen_time=0 eval_time=0.017 best_avg=0.280067 best_move=7,4 leader=5 inc2=1 attack_w=0.2 S0=50150 SA=37204 ratio=1.34796 my_comp=16 my_front=19 leader_comp=9 comp_gain(sz/front/cut)=0/0/0
DBG depth_guard t=99 remain=0.01 cand_pre=27 depth0=0 depth=0
DBG t=99 used=0.007 remain=0.01 turn_time=0.006 end_in=0.006 cand_pre=27 cand_cap=12 cand=27->12 pre=27 pick(must/bucket/top/rand)=1/4/5/2 depth0=0 depth=0 dlog=4 dper=4 sims=6456 loop=6444 gen_time=0 eval_time=0.007 best_avg=0.373242 best_move=8,9 leader=1 inc2=1 attack_w=0.2 S0=55899 SA=38418 ratio=1.45501 my_comp=16 my_front=19 leader_comp=10 comp_gain(sz/front/cut)=0/0/0
DBG summary depth_guard_fired=1
Score = 129574
=== CASE 0177.txt ===
DBG hdr N=10 M=8 T=100 U=4 VMAX=1857 TIME_LIMIT=1.94 MAX_CAND=20 UCB_C=0.21 OBJ=log(S0+1)-log(SA+1)
DBG t=0 used=0.024 remain=1.94 turn_time=0.0238717 end_in=0.0238717 cand_pre=3 cand_cap=20 cand=3->3 pre=3 pick(must/bucket/top/rand)=1/2/0/0 depth0=7 depth=6 dlog=1 dper=0 sims=3235 loop=3232 gen_time=0 eval_time=0.024 best_avg=-0.568959 best_move=0,5 leader=2 inc2=1 attack_w=0.800059 S0=845 SA=1037 ratio=0.815029 my_comp=1 my_front=3 leader_comp=1 comp_gain(sz/front/cut)=0/0/0
DBG t=12 used=0.023 remain=1.657 turn_time=0.0221906 end_in=0.0221906 cand_pre=11 cand_cap=20 cand=11->11 pre=11 pick(must/bucket/top/rand)=1/4/6/0 depth0=7 depth=4 dlog=3 dper=0 sims=2619 loop=2608 gen_time=0 eval_time=0.023 best_avg=-0.721208 best_move=1,1 leader=4 inc2=1 attack_w=0.85 S0=7774 SA=16317 ratio=0.476468 my_comp=5 my_front=8 leader_comp=7 comp_gain(sz/front/cut)=1/2/0
DBG t=24 used=0.021 remain=1.394 turn_time=0.0207816 end_in=0.0207816 cand_pre=18 cand_cap=20 cand=18->18 pre=18 pick(must/bucket/top/rand)=1/5/10/2 depth0=7 depth=3 dlog=4 dper=0 sims=2894 loop=2876 gen_time=0 eval_time=0.021 best_avg=-0.385994 best_move=3,0 leader=4 inc2=1 attack_w=0.85 S0=14168 SA=25682 ratio=0.551688 my_comp=9 my_front=14 leader_comp=5 comp_gain(sz/front/cut)=0/0/0
DBG t=37 used=0.02 remain=1.125 turn_time=0.0194196 end_in=0.0194196 cand_pre=25 cand_cap=20 cand=25->20 pre=25 pick(must/bucket/top/rand)=1/7/8/4 depth0=10 depth=6 dlog=4 dper=0 sims=1488 loop=1468 gen_time=0 eval_time=0.02 best_avg=-0.153854 best_move=3,1 leader=7 inc2=1 attack_w=0.578141 S0=27993 SA=31479 ratio=0.889263 my_comp=13 my_front=17 leader_comp=8 comp_gain(sz/front/cut)=0/0/0
DBG t=49 used=0.019 remain=0.889 turn_time=0.0183901 end_in=0.0183901 cand_pre=30 cand_cap=20 cand=30->20 pre=30 pick(must/bucket/top/rand)=1/6/9/4 depth0=10 depth=5 dlog=4 dper=1 sims=1528 loop=1508 gen_time=0 eval_time=0.019 best_avg=0.0884077 best_move=5,1 leader=7 inc2=1 attack_w=0.305478 S0=37180 SA=37131 ratio=1.00132 my_comp=18 my_front=23 leader_comp=11 comp_gain(sz/front/cut)=0/0/0
DBG t=61 used=0.019 remain=0.661 turn_time=0.0186521 end_in=0.0186521 cand_pre=23 cand_cap=20 cand=23->20 pre=23 pick(must/bucket/top/rand)=1/6/9/4 depth0=10 depth=6 dlog=4 dper=0 sims=1412 loop=1392 gen_time=0 eval_time=0.019 best_avg=0.230528 best_move=1,0 leader=7 inc2=1 attack_w=0.2 S0=44303 SA=35756 ratio=1.23903 my_comp=14 my_front=17 leader_comp=8 comp_gain(sz/front/cut)=0/0/0
DBG t=74 used=0.017 remain=0.416 turn_time=0.01688 end_in=0.01688 cand_pre=30 cand_cap=20 cand=30->20 pre=30 pick(must/bucket/top/rand)=1/6/9/4 depth0=11 depth=6 dlog=4 dper=1 sims=1156 loop=1136 gen_time=0 eval_time=0.017 best_avg=0.420871 best_move=6,1 leader=7 inc2=1 attack_w=0.2 S0=54444 SA=37201 ratio=1.4635 my_comp=18 my_front=19 leader_comp=11 comp_gain(sz/front/cut)=0/0/0
DBG t=86 used=0.016 remain=0.212 turn_time=0.0159757 end_in=0.0159757 cand_pre=30 cand_cap=20 cand=30->20 pre=30 pick(must/bucket/top/rand)=1/6/9/4 depth0=11 depth=5 dlog=4 dper=2 sims=1336 loop=1316 gen_time=0 eval_time=0.016 best_avg=0.465629 best_move=5,1 leader=4 inc2=1 attack_w=0.2 S0=60411 SA=36068 ratio=1.6749 my_comp=19 my_front=19 leader_comp=6 comp_gain(sz/front/cut)=0/0/0
DBG depth_guard t=99 remain=0.011 cand_pre=31 depth0=0 depth=0
DBG t=99 used=0.007 remain=0.011 turn_time=0.0066 end_in=0.0066 cand_pre=31 cand_cap=12 cand=31->12 pre=31 pick(must/bucket/top/rand)=1/7/2/2 depth0=0 depth=0 dlog=4 dper=5 sims=7280 loop=7268 gen_time=0 eval_time=0.007 best_avg=0.589927 best_move=4,3 leader=7 inc2=1 attack_w=0.2 S0=65621 SA=36623 ratio=1.79178 my_comp=19 my_front=16 leader_comp=11 comp_gain(sz/front/cut)=0/0/0
DBG summary depth_guard_fired=1
Score = 146827
=== CASE 0176.txt ===
DBG hdr N=10 M=3 T=100 U=5 VMAX=2139 TIME_LIMIT=1.94 MAX_CAND=20 UCB_C=0.21 OBJ=log(S0+1)-log(SA+1)
DBG t=0 used=0.024 remain=1.94 turn_time=0.0236195 end_in=0.0236195 cand_pre=5 cand_cap=20 cand=5->5 pre=5 pick(must/bucket/top/rand)=1/2/2/0 depth0=7 depth=5 dlog=2 dper=0 sims=7473 loop=7468 gen_time=0 eval_time=0.024 best_avg=0.294371 best_move=8,7 leader=1 inc2=1 attack_w=0.13 S0=1467 SA=980 ratio=1.49643 my_comp=1 my_front=4 leader_comp=1 comp_gain(sz/front/cut)=1/2/0
DBG t=12 used=0.021 remain=1.672 turn_time=0.0206625 end_in=0.0206625 cand_pre=25 cand_cap=20 cand=25->20 pre=25 pick(must/bucket/top/rand)=1/7/8/4 depth0=7 depth=3 dlog=4 dper=0 sims=4372 loop=4352 gen_time=0 eval_time=0.021 best_avg=0.355868 best_move=9,2 leader=1 inc2=1 attack_w=0.2 S0=22682 SA=15036 ratio=1.50848 my_comp=9 my_front=19 leader_comp=1 comp_gain(sz/front/cut)=0/0/0
DBG t=24 used=0.022 remain=1.411 turn_time=0.0217591 end_in=0.0217591 cand_pre=12 cand_cap=20 cand=12->12 pre=12 pick(must/bucket/top/rand)=1/7/4/0 depth0=7 depth=4 dlog=3 dper=0 sims=3876 loop=3864 gen_time=0 eval_time=0.022 best_avg=0.365748 best_move=9,3 leader=2 inc2=1 attack_w=0.2 S0=41000 SA=29925 ratio=1.37008 my_comp=5 my_front=10 leader_comp=22 comp_gain(sz/front/cut)=0/0/0
DBG t=37 used=0.021 remain=1.128 turn_time=0.0207516 end_in=0.0207516 cand_pre=14 cand_cap=20 cand=14->14 pre=14 pick(must/bucket/top/rand)=1/6/7/0 depth0=10 depth=7 dlog=3 dper=0 sims=2942 loop=2928 gen_time=0 eval_time=0.021 best_avg=0.183694 best_move=9,5 leader=1 inc2=1 attack_w=0.2 S0=45768 SA=40341 ratio=1.13452 my_comp=6 my_front=10 leader_comp=9 comp_gain(sz/front/cut)=2/2/0
DBG t=49 used=0.02 remain=0.875 turn_time=0.0195502 end_in=0.0195502 cand_pre=17 cand_cap=20 cand=17->17 pre=17 pick(must/bucket/top/rand)=1/6/9/1 depth0=10 depth=7 dlog=3 dper=0 sims=2537 loop=2520 gen_time=0 eval_time=0.02 best_avg=0.0581718 best_move=7,3 leader=1 inc2=1 attack_w=0.464581 S0=53553 SA=57415 ratio=0.932737 my_comp=9 my_front=11 leader_comp=13 comp_gain(sz/front/cut)=0/0/0
DBG t=61 used=0.019 remain=0.638 turn_time=0.0187474 end_in=0.0187474 cand_pre=16 cand_cap=20 cand=16->16 pre=16 pick(must/bucket/top/rand)=1/6/9/0 depth0=10 depth=7 dlog=3 dper=0 sims=2464 loop=2448 gen_time=0 eval_time=0.019 best_avg=0.0311835 best_move=7,3 leader=1 inc2=1 attack_w=0.340496 S0=61976 SA=62896 ratio=0.985373 my_comp=8 my_front=9 leader_comp=14 comp_gain(sz/front/cut)=0/0/0
DBG t=74 used=0.018 remain=0.396 turn_time=0.0174545 end_in=0.0174545 cand_pre=16 cand_cap=20 cand=16->16 pre=16 pick(must/bucket/top/rand)=1/6/9/0 depth0=11 depth=8 dlog=3 dper=0 sims=2048 loop=2032 gen_time=0 eval_time=0.018 best_avg=0.103632 best_move=7,3 leader=1 inc2=1 attack_w=0.414737 S0=60171 SA=63126 ratio=0.95319 my_comp=8 my_front=9 leader_comp=16 comp_gain(sz/front/cut)=0/0/0
DBG t=86 used=0.016 remain=0.189 turn_time=0.0155588 end_in=0.0155588 cand_pre=15 cand_cap=20 cand=15->15 pre=15 pick(must/bucket/top/rand)=1/6/8/0 depth0=11 depth=6 dlog=3 dper=0 sims=2071 loop=2056 gen_time=0 eval_time=0.016 best_avg=0.00911947 best_move=7,3 leader=1 inc2=1 attack_w=0.52255 S0=54394 SA=59772 ratio=0.910026 my_comp=8 my_front=9 leader_comp=16 comp_gain(sz/front/cut)=0/0/0
DBG depth_guard t=98 remain=0.017 cand_pre=16 depth0=1 depth=0
DBG depth_guard t=99 remain=0.007 cand_pre=17 depth0=0 depth=0
DBG t=99 used=0.005 remain=0.007 turn_time=0.0042 end_in=0.0042 cand_pre=17 cand_cap=12 cand=17->12 pre=17 pick(must/bucket/top/rand)=1/5/4/2 depth0=0 depth=0 dlog=3 dper=4 sims=8616 loop=8604 gen_time=0 eval_time=0.005 best_avg=-0.110186 best_move=8,4 leader=1 inc2=1 attack_w=0.638672 S0=56150 SA=64711 ratio=0.867706 my_comp=9 my_front=10 leader_comp=17 comp_gain(sz/front/cut)=0/0/0
DBG summary depth_guard_fired=2
Score = 92169
=== CASE 0178.txt ===
DBG hdr N=10 M=7 T=100 U=4 VMAX=1492 TIME_LIMIT=1.94 MAX_CAND=20 UCB_C=0.21 OBJ=log(S0+1)-log(SA+1)
DBG t=0 used=0.024 remain=1.94 turn_time=0.0236195 end_in=0.0236195 cand_pre=5 cand_cap=20 cand=5->5 pre=5 pick(must/bucket/top/rand)=1/2/2/0 depth0=7 depth=5 dlog=2 dper=0 sims=4941 loop=4936 gen_time=0 eval_time=0.024 best_avg=-0.137529 best_move=5,3 leader=4 inc2=1 attack_w=0.13 S0=1352 SA=1188 ratio=1.13793 my_comp=1 my_front=4 leader_comp=1 comp_gain(sz/front/cut)=0/0/0
DBG t=12 used=0.022 remain=1.66 turn_time=0.0213725 end_in=0.0213725 cand_pre=18 cand_cap=20 cand=18->18 pre=18 pick(must/bucket/top/rand)=1/7/8/2 depth0=7 depth=3 dlog=4 dper=0 sims=4030 loop=4012 gen_time=0 eval_time=0.022 best_avg=-0.0382512 best_move=8,3 leader=5 inc2=1 attack_w=0.300657 S0=16088 SA=16031 ratio=1.00356 my_comp=6 my_front=14 leader_comp=4 comp_gain(sz/front/cut)=0/0/0
DBG t=24 used=0.022 remain=1.387 turn_time=0.0219821 end_in=0.0219821 cand_pre=7 cand_cap=20 cand=7->7 pre=7 pick(must/bucket/top/rand)=1/3/3/0 depth0=7 depth=5 dlog=2 dper=0 sims=2619 loop=2612 gen_time=0 eval_time=0.022 best_avg=-0.0439821 best_move=9,3 leader=2 inc2=1 attack_w=0.300411 S0=24887 SA=24796 ratio=1.00367 my_comp=3 my_front=6 leader_comp=5 comp_gain(sz/front/cut)=0/0/0
DBG t=37 used=0.021 remain=1.106 turn_time=0.0202328 end_in=0.0202328 cand_pre=15 cand_cap=20 cand=15->15 pre=15 pick(must/bucket/top/rand)=1/2/12/0 depth0=10 depth=7 dlog=3 dper=0 sims=1915 loop=1900 gen_time=0 eval_time=0.021 best_avg=-0.161525 best_move=7,2 leader=2 inc2=1 attack_w=0.524178 S0=31087 SA=34184 ratio=0.909405 my_comp=8 my_front=11 leader_comp=2 comp_gain(sz/front/cut)=0/0/0
DBG t=49 used=0.018 remain=0.864 turn_time=0.0176527 end_in=0.0176527 cand_pre=32 cand_cap=20 cand=32->20 pre=32 pick(must/bucket/top/rand)=1/4/11/4 depth0=10 depth=5 dlog=4 dper=1 sims=1788 loop=1768 gen_time=0 eval_time=0.018 best_avg=0.00140161 best_move=5,3 leader=2 inc2=1 attack_w=0.489103 S0=38713 SA=41943 ratio=0.922993 my_comp=14 my_front=23 leader_comp=1 comp_gain(sz/front/cut)=0/0/0
DBG t=61 used=0.018 remain=0.632 turn_time=0.0179391 end_in=0.0179391 cand_pre=22 cand_cap=20 cand=22->20 pre=22 pick(must/bucket/top/rand)=1/7/8/4 depth0=10 depth=6 dlog=4 dper=0 sims=1588 loop=1568 gen_time=0 eval_time=0.018 best_avg=-0.0148645 best_move=6,5 leader=5 inc2=1 attack_w=0.2 S0=42831 SA=39191 ratio=1.09288 my_comp=7 my_front=16 leader_comp=11 comp_gain(sz/front/cut)=1/2/0
DBG t=74 used=0.017 remain=0.398 turn_time=0.0165476 end_in=0.0165476 cand_pre=26 cand_cap=20 cand=26->20 pre=26 pick(must/bucket/top/rand)=1/8/7/4 depth0=11 depth=6 dlog=4 dper=1 sims=1276 loop=1256 gen_time=0 eval_time=0.017 best_avg=0.0516804 best_move=3,3 leader=5 inc2=1 attack_w=0.2 S0=48551 SA=44002 ratio=1.10338 my_comp=10 my_front=22 leader_comp=11 comp_gain(sz/front/cut)=0/0/0
DBG t=86 used=0.016 remain=0.201 turn_time=0.0150535 end_in=0.0150535 cand_pre=31 cand_cap=20 cand=31->20 pre=31 pick(must/bucket/top/rand)=1/7/8/4 depth0=11 depth=5 dlog=4 dper=2 sims=1388 loop=1368 gen_time=0 eval_time=0.016 best_avg=0.0988585 best_move=4,2 leader=5 inc2=1 attack_w=0.2 S0=55918 SA=50566 ratio=1.10584 my_comp=13 my_front=27 leader_comp=13 comp_gain(sz/front/cut)=0/0/0
DBG depth_guard t=99 remain=0.012 cand_pre=38 depth0=0 depth=0
DBG t=99 used=0.008 remain=0.012 turn_time=0.0072 end_in=0.0072 cand_pre=38 cand_cap=12 cand=38->12 pre=36 pick(must/bucket/top/rand)=1/6/3/2 depth0=0 depth=0 dlog=5 dper=5 sims=8000 loop=7988 gen_time=0 eval_time=0.008 best_avg=0.207487 best_move=1,4 leader=6 inc2=1 attack_w=0.2 S0=64341 SA=51705 ratio=1.24438 my_comp=16 my_front=29 leader_comp=17 comp_gain(sz/front/cut)=0/0/0
DBG summary depth_guard_fired=1
Score = 116992
=== CASE 0179.txt ===
DBG hdr N=10 M=3 T=100 U=2 VMAX=1658 TIME_LIMIT=1.94 MAX_CAND=20 UCB_C=0.21 OBJ=log(S0+1)-log(SA+1)
DBG t=0 used=0.024 remain=1.94 turn_time=0.0237456 end_in=0.0237456 cand_pre=4 cand_cap=20 cand=4->4 pre=4 pick(must/bucket/top/rand)=1/2/1/0 depth0=7 depth=6 dlog=1 dper=0 sims=6332 loop=6328 gen_time=0 eval_time=0.024 best_avg=0.273754 best_move=1,0 leader=1 inc2=1 attack_w=0.13 S0=1315 SA=1102 ratio=1.19311 my_comp=1 my_front=3 leader_comp=1 comp_gain(sz/front/cut)=1/1/0
DBG t=12 used=0.022 remain=1.659 turn_time=0.0219723 end_in=0.0219723 cand_pre=13 cand_cap=20 cand=13->13 pre=13 pick(must/bucket/top/rand)=1/5/7/0 depth0=7 depth=4 dlog=3 dper=0 sims=4073 loop=4060 gen_time=0 eval_time=0.022 best_avg=0.341803 best_move=3,2 leader=1 inc2=1 attack_w=0.2 S0=17562 SA=12711 ratio=1.38161 my_comp=8 my_front=8 leader_comp=8 comp_gain(sz/front/cut)=1/2/1
DBG t=24 used=0.021 remain=1.399 turn_time=0.0200186 end_in=0.0200186 cand_pre=25 cand_cap=20 cand=25->20 pre=25 pick(must/bucket/top/rand)=1/8/7/4 depth0=7 depth=3 dlog=4 dper=0 sims=3380 loop=3360 gen_time=0 eval_time=0.021 best_avg=0.349808 best_move=4,3 leader=2 inc2=1 attack_w=0.2 S0=29960 SA=20339 ratio=1.47301 my_comp=14 my_front=16 leader_comp=17 comp_gain(sz/front/cut)=1/2/1
DBG t=37 used=0.019 remain=1.137 turn_time=0.0184537 end_in=0.0184537 cand_pre=35 cand_cap=20 cand=35->20 pre=35 pick(must/bucket/top/rand)=1/8/7/4 depth0=10 depth=4 dlog=4 dper=2 sims=1904 loop=1884 gen_time=0 eval_time=0.019 best_avg=0.464406 best_move=2,3 leader=1 inc2=1 attack_w=0.2 S0=40658 SA=25800 ratio=1.57587 my_comp=19 my_front=24 leader_comp=10 comp_gain(sz/front/cut)=1/-2/1
DBG t=49 used=0.017 remain=0.917 turn_time=0.0167487 end_in=0.0167487 cand_pre=49 cand_cap=20 cand=49->20 pre=49 pick(must/bucket/top/rand)=1/8/7/4 depth0=10 depth=2 dlog=5 dper=3 sims=1724 loop=1704 gen_time=0 eval_time=0.017 best_avg=0.49488 best_move=4,4 leader=1 inc2=1 attack_w=0.2 S0=50419 SA=30383 ratio=1.65943 my_comp=26 my_front=34 leader_comp=14 comp_gain(sz/front/cut)=1/0/0
DBG t=61 used=0.017 remain=0.713 turn_time=0.0163167 end_in=0.0163167 cand_pre=55 cand_cap=20 cand=55->20 pre=55 pick(must/bucket/top/rand)=1/8/7/4 depth0=10 depth=1 dlog=5 dper=4 sims=1916 loop=1896 gen_time=0 eval_time=0.017 best_avg=0.374445 best_move=2,5 leader=2 inc2=1 attack_w=0.2 S0=51900 SA=34084 ratio=1.52269 my_comp=31 my_front=42 leader_comp=2 comp_gain(sz/front/cut)=0/0/0
DBG t=74 used=0.016 remain=0.487 turn_time=0.0159867 end_in=0.0159867 cand_pre=61 cand_cap=14 cand=61->14 pre=42 pick(must/bucket/top/rand)=1/8/2/3 depth0=11 depth=2 dlog=5 dper=4 sims=1398 loop=1384 gen_time=0 eval_time=0.016 best_avg=0.442364 best_move=1,4 leader=2 inc2=1 attack_w=0.2 S0=55702 SA=35138 ratio=1.58522 my_comp=35 my_front=47 leader_comp=4 comp_gain(sz/front/cut)=1/2/1
DBG t=86 used=0.017 remain=0.289 turn_time=0.0166794 end_in=0.0166794 cand_pre=68 cand_cap=14 cand=68->14 pre=42 pick(must/bucket/top/rand)=1/7/3/3 depth0=11 depth=2 dlog=5 dper=4 sims=1398 loop=1384 gen_time=0 eval_time=0.017 best_avg=0.699725 best_move=2,3 leader=1 inc2=1 attack_w=0.2 S0=63017 SA=31469 ratio=2.00248 my_comp=41 my_front=50 leader_comp=2 comp_gain(sz/front/cut)=0/0/0
DBG t=99 used=0.023 remain=0.037 turn_time=0.0222 end_in=0.0222 cand_pre=72 cand_cap=14 cand=72->14 pre=42 pick(must/bucket/top/rand)=1/8/2/3 depth0=0 depth=0 dlog=5 dper=3 sims=64874 loop=64860 gen_time=0 eval_time=0.023 best_avg=0.775887 best_move=1,6 leader=2 inc2=1 attack_w=0.2 S0=64300 SA=29671 ratio=2.16706 my_comp=43 my_front=54 leader_comp=5 comp_gain(sz/front/cut)=1/2/2
DBG summary depth_guard_fired=0
Score = 171487
=== CASE 0180.txt ===
DBG hdr N=10 M=6 T=100 U=1 VMAX=1681 TIME_LIMIT=1.94 MAX_CAND=20 UCB_C=0.21 OBJ=log(S0+1)-log(SA+1)
DBG t=0 used=0.024 remain=1.94 turn_time=0.0236195 end_in=0.0236195 cand_pre=5 cand_cap=20 cand=5->5 pre=5 pick(must/bucket/top/rand)=1/2/2/0 depth0=7 depth=5 dlog=2 dper=0 sims=4441 loop=4436 gen_time=0 eval_time=0.024 best_avg=-0.239733 best_move=1,5 leader=4 inc2=1 attack_w=0.85 S0=805 SA=1456 ratio=0.553191 my_comp=1 my_front=4 leader_comp=1 comp_gain(sz/front/cut)=1/2/0
DBG t=12 used=0.021 remain=1.664 turn_time=0.0205636 end_in=0.0205636 cand_pre=25 cand_cap=20 cand=25->20 pre=25 pick(must/bucket/top/rand)=1/3/12/4 depth0=7 depth=3 dlog=4 dper=0 sims=3264 loop=3244 gen_time=0 eval_time=0.021 best_avg=0.153831 best_move=5,3 leader=2 inc2=1 attack_w=0.685697 S0=8531 SA=10017 ratio=0.851667 my_comp=9 my_front=20 leader_comp=8 comp_gain(sz/front/cut)=1/2/0
DBG t=24 used=0.019 remain=1.422 turn_time=0.0184018 end_in=0.0184018 cand_pre=41 cand_cap=20 cand=41->20 pre=41 pick(must/bucket/top/rand)=1/6/9/4 depth0=7 depth=0 dlog=5 dper=2 sims=33936 loop=33916 gen_time=0 eval_time=0.019 best_avg=0.688323 best_move=8,2 leader=1 inc2=1 attack_w=0.2 S0=17685 SA=9357 ratio=1.88993 my_comp=17 my_front=34 leader_comp=5 comp_gain(sz/front/cut)=1/2/4
DBG t=37 used=0.018 remain=1.178 turn_time=0.0177822 end_in=0.0177822 cand_pre=46 cand_cap=20 cand=46->20 pre=46 pick(must/bucket/top/rand)=1/4/11/4 depth0=10 depth=2 dlog=5 dper=3 sims=1892 loop=1872 gen_time=0 eval_time=0.018 best_avg=1.2808 best_move=6,4 leader=4 inc2=1 attack_w=0.2 S0=26441 SA=9705 ratio=2.72429 my_comp=25 my_front=37 leader_comp=7 comp_gain(sz/front/cut)=1/0/2
DBG t=49 used=0.017 remain=0.964 turn_time=0.01687 end_in=0.01687 cand_pre=55 cand_cap=20 cand=55->20 pre=55 pick(must/bucket/top/rand)=1/5/10/4 depth0=10 depth=2 dlog=5 dper=3 sims=1388 loop=1368 gen_time=0 eval_time=0.017 best_avg=1.76075 best_move=7,6 leader=5 inc2=1 attack_w=0.2 S0=35152 SA=5836 ratio=6.02244 my_comp=33 my_front=39 leader_comp=3 comp_gain(sz/front/cut)=1/2/0
DBG t=61 used=0.017 remain=0.754 turn_time=0.0167523 end_in=0.0167523 cand_pre=59 cand_cap=20 cand=59->20 pre=59 pick(must/bucket/top/rand)=1/6/9/4 depth0=10 depth=1 dlog=5 dper=4 sims=1208 loop=1188 gen_time=0 eval_time=0.017 best_avg=1.83889 best_move=7,3 leader=1 inc2=1 attack_w=0.2 S0=36113 SA=5112 ratio=7.06317 my_comp=34 my_front=44 leader_comp=4 comp_gain(sz/front/cut)=1/2/0
DBG t=74 used=0.017 remain=0.528 turn_time=0.0162766 end_in=0.0162766 cand_pre=69 cand_cap=14 cand=69->14 pre=42 pick(must/bucket/top/rand)=1/6/4/3 depth0=11 depth=2 dlog=5 dper=4 sims=406 loop=392 gen_time=0 eval_time=0.017 best_avg=1.83608 best_move=7,9 leader=5 inc2=1 attack_w=0.2 S0=42400 SA=5678 ratio=7.46628 my_comp=40 my_front=53 leader_comp=3 comp_gain(sz/front/cut)=1/-1/0
DBG t=86 used=0.018 remain=0.32 turn_time=0.0174286 end_in=0.0174286 cand_pre=75 cand_cap=14 cand=75->14 pre=42 pick(must/bucket/top/rand)=1/6/4/3 depth0=11 depth=1 dlog=6 dper=4 sims=1054 loop=1040 gen_time=0 eval_time=0.018 best_avg=2.01903 best_move=5,4 leader=3 inc2=1 attack_w=0.2 S0=51647 SA=6022 ratio=8.57513 my_comp=49 my_front=49 leader_comp=3 comp_gain(sz/front/cut)=1/-2/1
DBG t=99 used=0.025 remain=0.04 turn_time=0.024 end_in=0.024 cand_pre=73 cand_cap=14 cand=73->14 pre=42 pick(must/bucket/top/rand)=1/6/4/3 depth0=0 depth=0 dlog=6 dper=3 sims=31762 loop=31748 gen_time=0 eval_time=0.025 best_avg=2.00259 best_move=6,4 leader=5 inc2=1 attack_w=0.2 S0=50678 SA=6888 ratio=7.35651 my_comp=49 my_front=47 leader_comp=3 comp_gain(sz/front/cut)=1/2/2
DBG summary depth_guard_fired=0
Score = 308494
=== CASE 0182.txt ===
DBG hdr N=10 M=2 T=100 U=3 VMAX=1596 TIME_LIMIT=1.94 MAX_CAND=20 UCB_C=0.21 OBJ=log(S0+1)-log(SA+1)
DBG t=0 used=0.024 remain=1.94 turn_time=0.0236195 end_in=0.0236195 cand_pre=5 cand_cap=20 cand=5->5 pre=5 pick(must/bucket/top/rand)=1/2/2/0 depth0=7 depth=5 dlog=2 dper=0 sims=8065 loop=8060 gen_time=0 eval_time=0.024 best_avg=-0.410244 best_move=2,2 leader=1 inc2=1 attack_w=0.823154 S0=685 SA=848 ratio=0.808009 my_comp=1 my_front=4 leader_comp=1 comp_gain(sz/front/cut)=1/2/0
DBG t=12 used=0.02 remain=1.677 turn_time=0.0194856 end_in=0.0194856 cand_pre=35 cand_cap=20 cand=35->20 pre=35 pick(must/bucket/top/rand)=1/5/10/4 depth0=7 depth=2 dlog=4 dper=1 sims=4460 loop=4440 gen_time=0 eval_time=0.02 best_avg=0.583911 best_move=8,6 leader=1 inc2=1 attack_w=0.2 S0=14423 SA=8519 ratio=1.69296 my_comp=12 my_front=26 leader_comp=3 comp_gain(sz/front/cut)=0/0/0
DBG t=24 used=0.019 remain=1.445 turn_time=0.0184523 end_in=0.0184523 cand_pre=43 cand_cap=20 cand=43->20 pre=43 pick(must/bucket/top/rand)=1/4/11/4 depth0=7 depth=0 dlog=5 dper=2 sims=81932 loop=81912 gen_time=0 eval_time=0.019 best_avg=1.01079 best_move=8,7 leader=1 inc2=1 attack_w=0.13 S0=22430 SA=7424 ratio=3.02101 my_comp=16 my_front=33 leader_comp=2 comp_gain(sz/front/cut)=0/0/0
DBG t=37 used=0.018 remain=1.198 turn_time=0.0179605 end_in=0.0179605 cand_pre=47 cand_cap=20 cand=47->20 pre=47 pick(must/bucket/top/rand)=1/6/9/4 depth0=10 depth=2 dlog=5 dper=3 sims=2816 loop=2796 gen_time=0 eval_time=0.018 best_avg=1.74942 best_move=8,5 leader=1 inc2=1 attack_w=0.13 S0=29172 SA=5828 ratio=5.0048 my_comp=19 my_front=36 leader_comp=2 comp_gain(sz/front/cut)=0/0/0
DBG t=49 used=0.019 remain=0.98 turn_time=0.0180243 end_in=0.0180243 cand_pre=48 cand_cap=20 cand=48->20 pre=48 pick(must/bucket/top/rand)=1/2/13/4 depth0=10 depth=2 dlog=5 dper=3 sims=2612 loop=2592 gen_time=0 eval_time=0.019 best_avg=2.01398 best_move=6,7 leader=1 inc2=1 attack_w=0.13 S0=35991 SA=4788 ratio=7.51556 my_comp=20 my_front=38 leader_comp=1 comp_gain(sz/front/cut)=1/0/0
DBG t=61 used=0.018 remain=0.759 turn_time=0.0176224 end_in=0.0176224 cand_pre=53 cand_cap=20 cand=53->20 pre=53 pick(must/bucket/top/rand)=1/2/13/4 depth0=10 depth=2 dlog=5 dper=3 sims=1716 loop=1696 gen_time=0 eval_time=0.018 best_avg=2.18688 best_move=5,8 leader=1 inc2=1 attack_w=0.13 S0=42834 SA=4788 ratio=8.94446 my_comp=24 my_front=41 leader_comp=1 comp_gain(sz/front/cut)=1/0/0
DBG t=74 used=0.019 remain=0.521 turn_time=0.0180146 end_in=0.0180146 cand_pre=54 cand_cap=20 cand=54->20 pre=54 pick(must/bucket/top/rand)=1/3/12/4 depth0=11 depth=3 dlog=5 dper=3 sims=940 loop=920 gen_time=0 eval_time=0.019 best_avg=2.31749 best_move=8,7 leader=1 inc2=1 attack_w=0.13 S0=48140 SA=4788 ratio=10.0524 my_comp=26 my_front=39 leader_comp=1 comp_gain(sz/front/cut)=0/0/0
DBG t=86 used=0.019 remain=0.294 turn_time=0.018606 end_in=0.018606 cand_pre=56 cand_cap=20 cand=56->20 pre=56 pick(must/bucket/top/rand)=1/3/12/4 depth0=11 depth=3 dlog=5 dper=3 sims=1804 loop=1784 gen_time=0 eval_time=0.019 best_avg=2.42381 best_move=7,6 leader=1 inc2=1 attack_w=0.13 S0=53334 SA=4788 ratio=11.137 my_comp=29 my_front=39 leader_comp=1 comp_gain(sz/front/cut)=0/0/0
DBG t=99 used=0.017 remain=0.027 turn_time=0.0162 end_in=0.0162 cand_pre=56 cand_cap=20 cand=56->20 pre=56 pick(must/bucket/top/rand)=1/3/12/4 depth0=0 depth=0 dlog=5 dper=4 sims=22676 loop=22656 gen_time=0 eval_time=0.017 best_avg=2.52811 best_move=7,6 leader=1 inc2=1 attack_w=0.13 S0=58682 SA=4788 ratio=12.2537 my_comp=29 my_front=39 leader_comp=1 comp_gain(sz/front/cut)=0/0/0
DBG summary depth_guard_fired=0
Score = 376226
=== CASE 0183.txt ===
DBG hdr N=10 M=7 T=100 U=4 VMAX=1489 TIME_LIMIT=1.94 MAX_CAND=20 UCB_C=0.21 OBJ=log(S0+1)-log(SA+1)
DBG t=0 used=0.024 remain=1.94 turn_time=0.0236195 end_in=0.0236195 cand_pre=5 cand_cap=20 cand=5->5 pre=5 pick(must/bucket/top/rand)=1/2/2/0 depth0=7 depth=5 dlog=2 dper=0 sims=4213 loop=4208 gen_time=0 eval_time=0.024 best_avg=-0.256892 best_move=4,8 leader=4 inc2=1 attack_w=0.85 S0=1018 SA=1322 ratio=0.770219 my_comp=1 my_front=4 leader_comp=1 comp_gain(sz/front/cut)=1/2/0
DBG t=12 used=0.023 remain=1.659 turn_time=0.0223399 end_in=0.0223399 cand_pre=10 cand_cap=20 cand=10->10 pre=10 pick(must/bucket/top/rand)=1/4/5/0 depth0=7 depth=4 dlog=3 dper=0 sims=3786 loop=3776 gen_time=0 eval_time=0.023 best_avg=0.225154 best_move=4,7 leader=5 inc2=1 attack_w=0.2 S0=13141 SA=9845 ratio=1.33476 my_comp=4 my_front=8 leader_comp=9 comp_gain(sz/front/cut)=0/0/0
DBG t=24 used=0.021 remain=1.39 turn_time=0.0208409 end_in=0.0208409 cand_pre=17 cand_cap=20 cand=17->17 pre=17 pick(must/bucket/top/rand)=1/5/10/1 depth0=7 depth=4 dlog=3 dper=0 sims=2869 loop=2852 gen_time=0 eval_time=0.021 best_avg=0.290895 best_move=3,6 leader=3 inc2=1 attack_w=0.2 S0=23029 SA=17686 ratio=1.30209 my_comp=7 my_front=14 leader_comp=5 comp_gain(sz/front/cut)=1/2/0
DBG t=37 used=0.02 remain=1.12 turn_time=0.0192178 end_in=0.0192178 cand_pre=26 cand_cap=20 cand=26->20 pre=26 pick(must/bucket/top/rand)=1/6/9/4 depth0=10 depth=5 dlog=4 dper=1 sims=2120 loop=2100 gen_time=0 eval_time=0.02 best_avg=0.156204 best_move=3,7 leader=3 inc2=1 attack_w=0.2 S0=33285 SA=30050 ratio=1.10765 my_comp=10 my_front=19 leader_comp=8 comp_gain(sz/front/cut)=0/0/0
DBG t=49 used=0.019 remain=0.886 turn_time=0.0185539 end_in=0.0185539 cand_pre=28 cand_cap=20 cand=28->20 pre=28 pick(must/bucket/top/rand)=1/7/8/4 depth0=10 depth=5 dlog=4 dper=1 sims=1796 loop=1776 gen_time=0 eval_time=0.019 best_avg=0.480145 best_move=8,5 leader=3 inc2=1 attack_w=0.2 S0=44271 SA=28795 ratio=1.53744 my_comp=13 my_front=23 leader_comp=10 comp_gain(sz/front/cut)=1/2/0
DBG t=61 used=0.018 remain=0.661 turn_time=0.0175504 end_in=0.0175504 cand_pre=33 cand_cap=20 cand=33->20 pre=33 pick(must/bucket/top/rand)=1/6/9/4 depth0=10 depth=4 dlog=4 dper=2 sims=2156 loop=2136 gen_time=0 eval_time=0.018 best_avg=0.846617 best_move=8,6 leader=5 inc2=1 attack_w=0.2 S0=53083 SA=21864 ratio=2.42781 my_comp=15 my_front=27 leader_comp=6 comp_gain(sz/front/cut)=0/0/0
DBG t=74 used=0.017 remain=0.423 turn_time=0.0168468 end_in=0.0168468 cand_pre=33 cand_cap=20 cand=33->20 pre=33 pick(must/bucket/top/rand)=1/6/9/4 depth0=11 depth=5 dlog=4 dper=2 sims=1652 loop=1632 gen_time=0 eval_time=0.017 best_avg=0.910412 best_move=3,5 leader=5 inc2=1 attack_w=0.2 S0=56578 SA=24701 ratio=2.29046 my_comp=16 my_front=25 leader_comp=8 comp_gain(sz/front/cut)=1/0/0
DBG t=86 used=0.016 remain=0.221 turn_time=0.0158331 end_in=0.0158331 cand_pre=38 cand_cap=20 cand=38->20 pre=38 pick(must/bucket/top/rand)=1/8/7/4 depth0=11 depth=4 dlog=5 dper=2 sims=1560 loop=1540 gen_time=0 eval_time=0.016 best_avg=0.938727 best_move=5,6 leader=5 inc2=1 attack_w=0.2 S0=64848 SA=24146 ratio=2.68559 my_comp=20 my_front=25 leader_comp=6 comp_gain(sz/front/cut)=0/0/0
DBG depth_guard t=99 remain=0.013 cand_pre=37 depth0=0 depth=0
DBG t=99 used=0.008 remain=0.013 turn_time=0.0078 end_in=0.0078 cand_pre=37 cand_cap=12 cand=37->12 pre=36 pick(must/bucket/top/rand)=1/7/2/2 depth0=0 depth=0 dlog=5 dper=5 sims=9256 loop=9244 gen_time=0 eval_time=0.008 best_avg=0.858424 best_move=4,5 leader=5 inc2=1 attack_w=0.2 S0=65149 SA=26709 ratio=2.43916 my_comp=19 my_front=27 leader_comp=3 comp_gain(sz/front/cut)=0/0/0
DBG summary depth_guard_fired=1
Score = 175720
=== CASE 0184.txt ===
DBG hdr N=10 M=7 T=100 U=3 VMAX=2058 TIME_LIMIT=1.94 MAX_CAND=20 UCB_C=0.21 OBJ=log(S0+1)-log(SA+1)
DBG t=0 used=0.024 remain=1.94 turn_time=0.0237456 end_in=0.0237456 cand_pre=4 cand_cap=20 cand=4->4 pre=4 pick(must/bucket/top/rand)=1/2/1/0 depth0=7 depth=6 dlog=1 dper=0 sims=3496 loop=3492 gen_time=0 eval_time=0.024 best_avg=-0.535717 best_move=3,0 leader=3 inc2=1 attack_w=0.85 S0=538 SA=1831 ratio=0.294214 my_comp=1 my_front=3 leader_comp=1 comp_gain(sz/front/cut)=1/1/0
DBG t=12 used=0.022 remain=1.661 turn_time=0.0216307 end_in=0.0216307 cand_pre=16 cand_cap=20 cand=16->16 pre=16 pick(must/bucket/top/rand)=1/4/11/0 depth0=7 depth=4 dlog=3 dper=0 sims=3076 loop=3060 gen_time=0 eval_time=0.022 best_avg=-0.29472 best_move=5,0 leader=6 inc2=1 attack_w=0.85 S0=11867 SA=16177 ratio=0.733589 my_comp=7 my_front=13 leader_comp=1 comp_gain(sz/front/cut)=1/1/0
DBG t=24 used=0.021 remain=1.401 turn_time=0.0206463 end_in=0.0206463 cand_pre=20 cand_cap=20 cand=20->20 pre=20 pick(must/bucket/top/rand)=1/8/7/4 depth0=7 depth=3 dlog=4 dper=0 sims=3152 loop=3132 gen_time=0 eval_time=0.021 best_avg=-0.169864 best_move=1,2 leader=4 inc2=1 attack_w=0.667757 S0=26752 SA=31190 ratio=0.857715 my_comp=10 my_front=17 leader_comp=13 comp_gain(sz/front/cut)=0/0/0
DBG t=37 used=0.02 remain=1.128 turn_time=0.0197042 end_in=0.0197042 cand_pre=23 cand_cap=20 cand=23->20 pre=23 pick(must/bucket/top/rand)=1/6/9/4 depth0=10 depth=6 dlog=4 dper=0 sims=1476 loop=1456 gen_time=0 eval_time=0.02 best_avg=-0.233092 best_move=6,1 leader=4 inc2=1 attack_w=0.85 S0=31444 SA=40306 ratio=0.780137 my_comp=12 my_front=17 leader_comp=16 comp_gain(sz/front/cut)=1/2/1
DBG t=49 used=0.019 remain=0.892 turn_time=0.0186795 end_in=0.0186795 cand_pre=28 cand_cap=20 cand=28->20 pre=28 pick(must/bucket/top/rand)=1/8/7/4 depth0=10 depth=5 dlog=4 dper=1 sims=1388 loop=1368 gen_time=0 eval_time=0.019 best_avg=-0.416484 best_move=8,2 leader=4 inc2=1 attack_w=0.85 S0=36489 SA=49226 ratio=0.74126 my_comp=16 my_front=22 leader_comp=15 comp_gain(sz/front/cut)=1/2/14
DBG t=61 used=0.019 remain=0.657 turn_time=0.0181012 end_in=0.0181012 cand_pre=27 cand_cap=20 cand=27->20 pre=27 pick(must/bucket/top/rand)=1/8/7/4 depth0=10 depth=5 dlog=4 dper=1 sims=1480 loop=1460 gen_time=0 eval_time=0.019 best_avg=-0.493951 best_move=6,1 leader=4 inc2=1 attack_w=0.85 S0=34334 SA=52495 ratio=0.65405 my_comp=14 my_front=22 leader_comp=17 comp_gain(sz/front/cut)=0/0/0
DBG t=74 used=0.017 remain=0.419 turn_time=0.016897 end_in=0.016897 cand_pre=31 cand_cap=20 cand=31->20 pre=31 pick(must/bucket/top/rand)=1/8/7/4 depth0=11 depth=5 dlog=4 dper=2 sims=1208 loop=1188 gen_time=0 eval_time=0.017 best_avg=-0.175972 best_move=9,3 leader=4 inc2=1 attack_w=0.773771 S0=39912 SA=48486 ratio=0.823169 my_comp=17 my_front=22 leader_comp=16 comp_gain(sz/front/cut)=0/0/0
DBG t=86 used=0.017 remain=0.215 turn_time=0.016102 end_in=0.016102 cand_pre=31 cand_cap=20 cand=31->20 pre=31 pick(must/bucket/top/rand)=1/6/9/4 depth0=11 depth=5 dlog=4 dper=2 sims=1288 loop=1268 gen_time=0 eval_time=0.017 best_avg=-0.0336962 best_move=8,2 leader=4 inc2=1 attack_w=0.471488 S0=38391 SA=41282 ratio=0.929971 my_comp=17 my_front=23 leader_comp=13 comp_gain(sz/front/cut)=0/0/0
DBG depth_guard t=99 remain=0.011 cand_pre=35 depth0=0 depth=0
DBG t=99 used=0.007 remain=0.011 turn_time=0.0066 end_in=0.0066 cand_pre=35 cand_cap=12 cand=35->12 pre=35 pick(must/bucket/top/rand)=1/6/3/2 depth0=0 depth=0 dlog=4 dper=5 sims=4596 loop=4584 gen_time=0 eval_time=0.007 best_avg=0.128492 best_move=0,0 leader=2 inc2=1 attack_w=0.2 S0=50373 SA=45329 ratio=1.11127 my_comp=19 my_front=24 leader_comp=14 comp_gain(sz/front/cut)=0/0/0
DBG summary depth_guard_fired=1
Score = 108046
=== CASE 0181.txt ===
DBG hdr N=10 M=5 T=100 U=3 VMAX=1983 TIME_LIMIT=1.94 MAX_CAND=20 UCB_C=0.21 OBJ=log(S0+1)-log(SA+1)
DBG t=0 used=0.024 remain=1.94 turn_time=0.0237456 end_in=0.0237456 cand_pre=4 cand_cap=20 cand=4->4 pre=4 pick(must/bucket/top/rand)=1/2/1/0 depth0=7 depth=6 dlog=1 dper=0 sims=4148 loop=4144 gen_time=0 eval_time=0.024 best_avg=-0.219644 best_move=9,5 leader=3 inc2=0 attack_w=0.534652 S0=1301 SA=1437 ratio=0.905424 my_comp=1 my_front=3 leader_comp=1 comp_gain(sz/front/cut)=1/1/0
DBG t=12 used=0.022 remain=1.663 turn_time=0.0212883 end_in=0.0212883 cand_pre=19 cand_cap=20 cand=19->19 pre=19 pick(must/bucket/top/rand)=1/4/11/3 depth0=7 depth=3 dlog=4 dper=0 sims=4003 loop=3984 gen_time=0 eval_time=0.022 best_avg=0.15847 best_move=7,5 leader=3 inc2=1 attack_w=0.2 S0=20488 SA=16893 ratio=1.2128 my_comp=8 my_front=14 leader_comp=4 comp_gain(sz/front/cut)=1/2/0
DBG t=24 used=0.021 remain=1.407 turn_time=0.0206144 end_in=0.0206144 cand_pre=21 cand_cap=20 cand=21->20 pre=21 pick(must/bucket/top/rand)=1/6/9/4 depth0=7 depth=3 dlog=4 dper=0 sims=3724 loop=3704 gen_time=0 eval_time=0.021 best_avg=0.295418 best_move=9,3 leader=3 inc2=1 attack_w=0.2 S0=31717 SA=23720 ratio=1.33713 my_comp=10 my_front=16 leader_comp=6 comp_gain(sz/front/cut)=0/0/0
DBG t=37 used=0.022 remain=1.131 turn_time=0.0210402 end_in=0.0210402 cand_pre=12 cand_cap=20 cand=12->12 pre=12 pick(must/bucket/top/rand)=1/5/6/0 depth0=10 depth=7 dlog=3 dper=0 sims=1992 loop=1980 gen_time=0 eval_time=0.022 best_avg=0.236002 best_move=8,1 leader=2 inc2=0 attack_w=0.2 S0=42073 SA=36117 ratio=1.1649 my_comp=4 my_front=10 leader_comp=10 comp_gain(sz/front/cut)=0/0/0
DBG t=49 used=0.021 remain=0.877 turn_time=0.020042 end_in=0.020042 cand_pre=13 cand_cap=20 cand=13->13 pre=13 pick(must/bucket/top/rand)=1/5/7/0 depth0=10 depth=7 dlog=3 dper=0 sims=2029 loop=2016 gen_time=0 eval_time=0.021 best_avg=-0.0321223 best_move=9,0 leader=2 inc2=0 attack_w=0.466978 S0=36191 SA=38841 ratio=0.931775 my_comp=6 my_front=11 leader_comp=11 comp_gain(sz/front/cut)=0/0/0
DBG t=61 used=0.019 remain=0.635 turn_time=0.0188709 end_in=0.0188709 cand_pre=14 cand_cap=20 cand=14->14 pre=14 pick(must/bucket/top/rand)=1/5/8/0 depth0=10 depth=7 dlog=3 dper=0 sims=1806 loop=1792 gen_time=0 eval_time=0.019 best_avg=-0.176436 best_move=7,0 leader=2 inc2=1 attack_w=0.85 S0=30435 SA=43370 ratio=0.701759 my_comp=8 my_front=9 leader_comp=12 comp_gain(sz/front/cut)=1/-1/0
DBG t=74 used=0.018 remain=0.391 turn_time=0.0174296 end_in=0.0174296 cand_pre=14 cand_cap=20 cand=14->14 pre=14 pick(must/bucket/top/rand)=1/4/9/0 depth0=11 depth=8 dlog=3 dper=0 sims=1362 loop=1348 gen_time=0 eval_time=0.018 best_avg=-0.104675 best_move=9,3 leader=2 inc2=1 attack_w=0.85 S0=32516 SA=44745 ratio=0.726702 my_comp=9 my_front=8 leader_comp=12 comp_gain(sz/front/cut)=0/0/0
DBG t=86 used=0.016 remain=0.188 turn_time=0.0153019 end_in=0.0153019 cand_pre=17 cand_cap=20 cand=17->17 pre=17 pick(must/bucket/top/rand)=1/4/11/1 depth0=11 depth=6 dlog=3 dper=0 sims=1521 loop=1504 gen_time=0 eval_time=0.016 best_avg=0.034115 best_move=7,2 leader=2 inc2=0 attack_w=0.643713 S0=36726 SA=42411 ratio=0.865958 my_comp=11 my_front=10 leader_comp=12 comp_gain(sz/front/cut)=0/0/0
DBG depth_guard t=98 remain=0.014 cand_pre=18 depth0=1 depth=0
DBG depth_guard t=99 remain=0.006 cand_pre=18 depth0=0 depth=0
DBG t=99 used=0.004 remain=0.006 turn_time=0.0036 end_in=0.0036 cand_pre=18 cand_cap=12 cand=18->12 pre=18 pick(must/bucket/top/rand)=1/4/5/2 depth0=0 depth=0 dlog=4 dper=5 sims=3552 loop=3540 gen_time=0 eval_time=0.004 best_avg=0.00233828 best_move=6,2 leader=2 inc2=0 attack_w=0.362934 S0=42697 SA=43773 ratio=0.975419 my_comp=12 my_front=11 leader_comp=12 comp_gain(sz/front/cut)=0/0/0
DBG summary depth_guard_fired=2
Score = 98356
=== CASE 0185.txt ===
DBG hdr N=10 M=4 T=100 U=5 VMAX=1220 TIME_LIMIT=1.94 MAX_CAND=20 UCB_C=0.21 OBJ=log(S0+1)-log(SA+1)
DBG t=0 used=0.024 remain=1.94 turn_time=0.0236195 end_in=0.0236195 cand_pre=5 cand_cap=20 cand=5->5 pre=5 pick(must/bucket/top/rand)=1/2/2/0 depth0=7 depth=5 dlog=2 dper=0 sims=6497 loop=6492 gen_time=0 eval_time=0.024 best_avg=-0.153057 best_move=4,1 leader=3 inc2=1 attack_w=0.85 S0=754 SA=1214 ratio=0.621399 my_comp=1 my_front=4 leader_comp=1 comp_gain(sz/front/cut)=1/2/0
DBG t=12 used=0.022 remain=1.667 turn_time=0.0217089 end_in=0.0217089 cand_pre=16 cand_cap=20 cand=16->16 pre=16 pick(must/bucket/top/rand)=1/3/12/0 depth0=7 depth=4 dlog=3 dper=0 sims=4124 loop=4108 gen_time=0 eval_time=0.022 best_avg=-0.0225901 best_move=3,0 leader=3 inc2=1 attack_w=0.337218 S0=14701 SA=14897 ratio=0.986844 my_comp=6 my_front=13 leader_comp=3 comp_gain(sz/front/cut)=0/0/0
DBG t=24 used=0.02 remain=1.411 turn_time=0.0198283 end_in=0.0198283 cand_pre=28 cand_cap=20 cand=28->20 pre=28 pick(must/bucket/top/rand)=1/7/8/4 depth0=7 depth=2 dlog=4 dper=1 sims=3696 loop=3676 gen_time=0 eval_time=0.02 best_avg=0.067791 best_move=2,2 leader=3 inc2=1 attack_w=0.2 S0=28436 SA=26317 ratio=1.08052 my_comp=12 my_front=25 leader_comp=5 comp_gain(sz/front/cut)=0/0/0
DBG t=37 used=0.02 remain=1.15 turn_time=0.0192579 end_in=0.0192579 cand_pre=30 cand_cap=20 cand=30->20 pre=30 pick(must/bucket/top/rand)=1/8/7/4 depth0=10 depth=5 dlog=4 dper=1 sims=1968 loop=1948 gen_time=0 eval_time=0.02 best_avg=-0.0443346 best_move=3,3 leader=3 inc2=1 attack_w=0.241966 S0=37118 SA=35981 ratio=1.0316 my_comp=13 my_front=25 leader_comp=8 comp_gain(sz/front/cut)=1/0/0
DBG t=49 used=0.02 remain=0.918 turn_time=0.019341 end_in=0.019341 cand_pre=27 cand_cap=20 cand=27->20 pre=27 pick(must/bucket/top/rand)=1/8/7/4 depth0=10 depth=5 dlog=4 dper=1 sims=1912 loop=1892 gen_time=0 eval_time=0.02 best_avg=-0.156889 best_move=2,3 leader=3 inc2=1 attack_w=0.514366 S0=43683 SA=47837 ratio=0.913165 my_comp=13 my_front=23 leader_comp=11 comp_gain(sz/front/cut)=0/0/0
DBG t=61 used=0.018 remain=0.688 turn_time=0.0175793 end_in=0.0175793 cand_pre=39 cand_cap=20 cand=39->20 pre=39 pick(must/bucket/top/rand)=1/8/7/4 depth0=10 depth=3 dlog=5 dper=2 sims=1856 loop=1836 gen_time=0 eval_time=0.018 best_avg=-0.132741 best_move=6,4 leader=3 inc2=1 attack_w=0.621647 S0=50716 SA=58050 ratio=0.873663 my_comp=19 my_front=37 leader_comp=11 comp_gain(sz/front/cut)=0/0/0
DBG t=74 used=0.02 remain=0.441 turn_time=0.0198789 end_in=0.0198789 cand_pre=12 cand_cap=20 cand=12->12 pre=12 pick(must/bucket/top/rand)=1/4/7/0 depth0=11 depth=8 dlog=3 dper=0 sims=1500 loop=1488 gen_time=0 eval_time=0.02 best_avg=-0.100149 best_move=6,6 leader=3 inc2=0 attack_w=0.501367 S0=61957 SA=67477 ratio=0.918196 my_comp=4 my_front=10 leader_comp=13 comp_gain(sz/front/cut)=0/0/0
DBG t=86 used=0.016 remain=0.229 turn_time=0.0157683 end_in=0.0157683 cand_pre=44 cand_cap=20 cand=44->20 pre=44 pick(must/bucket/top/rand)=1/6/9/4 depth0=11 depth=3 dlog=5 dper=3 sims=1732 loop=1712 gen_time=0 eval_time=0.016 best_avg=-0.183662 best_move=3,0 leader=3 inc2=0 attack_w=0.621525 S0=60753 SA=69535 ratio=0.873706 my_comp=20 my_front=40 leader_comp=14 comp_gain(sz/front/cut)=0/0/0
DBG depth_guard t=99 remain=0.01 cand_pre=35 depth0=0 depth=0
DBG t=99 used=0.007 remain=0.01 turn_time=0.006 end_in=0.006 cand_pre=35 cand_cap=12 cand=35->12 pre=35 pick(must/bucket/top/rand)=1/7/2/2 depth0=0 depth=0 dlog=4 dper=5 sims=4968 loop=4956 gen_time=0 eval_time=0.007 best_avg=-0.240192 best_move=5,2 leader=3 inc2=1 attack_w=0.835926 S0=60577 SA=75328 ratio=0.804179 my_comp=16 my_front=28 leader_comp=15 comp_gain(sz/front/cut)=0/0/0
DBG summary depth_guard_fired=1
Score = 85098
=== CASE 0186.txt ===
DBG hdr N=10 M=8 T=100 U=4 VMAX=1499 TIME_LIMIT=1.94 MAX_CAND=20 UCB_C=0.21 OBJ=log(S0+1)-log(SA+1)
DBG t=0 used=0.024 remain=1.94 turn_time=0.0236195 end_in=0.0236195 cand_pre=5 cand_cap=20 cand=5->5 pre=5 pick(must/bucket/top/rand)=1/3/1/0 depth0=7 depth=5 dlog=2 dper=0 sims=3937 loop=3932 gen_time=0 eval_time=0.024 best_avg=-0.151549 best_move=3,8 leader=1 inc2=1 attack_w=0.192067 S0=1011 SA=1005 ratio=1.00596 my_comp=1 my_front=4 leader_comp=1 comp_gain(sz/front/cut)=1/2/0
DBG t=12 used=0.022 remain=1.66 turn_time=0.021863 end_in=0.021863 cand_pre=14 cand_cap=20 cand=14->14 pre=14 pick(must/bucket/top/rand)=1/7/6/0 depth0=7 depth=4 dlog=3 dper=0 sims=2670 loop=2656 gen_time=0 eval_time=0.022 best_avg=-0.0489365 best_move=3,6 leader=5 inc2=1 attack_w=0.382598 S0=9510 SA=9836 ratio=0.96686 my_comp=5 my_front=12 leader_comp=2 comp_gain(sz/front/cut)=1/2/0
DBG t=24 used=0.021 remain=1.397 turn_time=0.0204679 end_in=0.0204679 cand_pre=21 cand_cap=20 cand=21->20 pre=21 pick(must/bucket/top/rand)=1/6/9/4 depth0=7 depth=3 dlog=4 dper=0 sims=3240 loop=3220 gen_time=0 eval_time=0.021 best_avg=0.000346293 best_move=3,7 leader=5 inc2=1 attack_w=0.323079 S0=16456 SA=16568 ratio=0.99324 my_comp=7 my_front=16 leader_comp=5 comp_gain(sz/front/cut)=0/0/0
DBG t=37 used=0.02 remain=1.124 turn_time=0.0196343 end_in=0.0196343 cand_pre=23 cand_cap=20 cand=23->20 pre=23 pick(must/bucket/top/rand)=1/6/9/4 depth0=10 depth=6 dlog=4 dper=0 sims=1580 loop=1560 gen_time=0 eval_time=0.02 best_avg=-0.107901 best_move=6,5 leader=1 inc2=1 attack_w=0.2 S0=24985 SA=23412 ratio=1.06718 my_comp=8 my_front=18 leader_comp=15 comp_gain(sz/front/cut)=1/2/0
DBG t=49 used=0.02 remain=0.88 turn_time=0.0199984 end_in=0.0199984 cand_pre=14 cand_cap=20 cand=14->14 pre=14 pick(must/bucket/top/rand)=1/4/9/0 depth0=10 depth=7 dlog=3 dper=0 sims=1506 loop=1492 gen_time=0 eval_time=0.02 best_avg=0.0139554 best_move=8,0 leader=5 inc2=1 attack_w=0.288228 S0=30713 SA=30428 ratio=1.00937 my_comp=7 my_front=13 leader_comp=10 comp_gain(sz/front/cut)=0/0/0
DBG t=61 used=0.02 remain=0.639 turn_time=0.0192028 end_in=0.0192028 cand_pre=12 cand_cap=20 cand=12->12 pre=12 pick(must/bucket/top/rand)=1/3/8/0 depth0=10 depth=7 dlog=3 dper=0 sims=1368 loop=1356 gen_time=0 eval_time=0.02 best_avg=-0.113019 best_move=6,1 leader=5 inc2=1 attack_w=0.459615 S0=37265 SA=39867 ratio=0.934735 my_comp=6 my_front=8 leader_comp=13 comp_gain(sz/front/cut)=2/3/0
DBG t=74 used=0.019 remain=0.392 turn_time=0.0174742 end_in=0.0174742 cand_pre=14 cand_cap=20 cand=14->14 pre=14 pick(must/bucket/top/rand)=1/4/9/0 depth0=11 depth=8 dlog=3 dper=0 sims=942 loop=928 gen_time=0 eval_time=0.019 best_avg=-0.286688 best_move=8,1 leader=5 inc2=1 attack_w=0.816706 S0=40965 SA=50577 ratio=0.809957 my_comp=8 my_front=10 leader_comp=17 comp_gain(sz/front/cut)=0/0/0
DBG t=86 used=0.016 remain=0.188 turn_time=0.0151273 end_in=0.0151273 cand_pre=19 cand_cap=20 cand=19->19 pre=19 pick(must/bucket/top/rand)=1/4/11/3 depth0=11 depth=6 dlog=4 dper=0 sims=1263 loop=1244 gen_time=0 eval_time=0.016 best_avg=-0.0643245 best_move=7,3 leader=5 inc2=1 attack_w=0.588769 S0=51107 SA=57722 ratio=0.885401 my_comp=11 my_front=14 leader_comp=18 comp_gain(sz/front/cut)=1/2/0
DBG depth_guard t=98 remain=0.016 cand_pre=8 depth0=1 depth=0
DBG depth_guard t=99 remain=0.006 cand_pre=8 depth0=0 depth=0
DBG t=99 used=0.004 remain=0.006 turn_time=0.0036 end_in=0.0036 cand_pre=8 cand_cap=12 cand=8->8 pre=8 pick(must/bucket/top/rand)=1/2/5/0 depth0=0 depth=0 dlog=2 dper=2 sims=4256 loop=4248 gen_time=0 eval_time=0.004 best_avg=0.0176667 best_move=7,4 leader=5 inc2=1 attack_w=0.282603 S0=60629 SA=59909 ratio=1.01202 my_comp=2 my_front=6 leader_comp=19 comp_gain(sz/front/cut)=0/0/0
DBG summary depth_guard_fired=2
Score = 100362
=== CASE 0187.txt ===
DBG hdr N=10 M=7 T=100 U=2 VMAX=1393 TIME_LIMIT=1.94 MAX_CAND=20 UCB_C=0.21 OBJ=log(S0+1)-log(SA+1)
DBG t=0 used=0.024 remain=1.94 turn_time=0.0236195 end_in=0.0236195 cand_pre=5 cand_cap=20 cand=5->5 pre=5 pick(must/bucket/top/rand)=1/2/2/0 depth0=7 depth=5 dlog=2 dper=0 sims=3665 loop=3660 gen_time=0 eval_time=0.024 best_avg=-0.282887 best_move=4,8 leader=2 inc2=1 attack_w=0.85 S0=976 SA=1393 ratio=0.700861 my_comp=1 my_front=4 leader_comp=1 comp_gain(sz/front/cut)=1/2/0
DBG t=12 used=0.022 remain=1.666 turn_time=0.0215728 end_in=0.0215728 cand_pre=17 cand_cap=20 cand=17->17 pre=17 pick(must/bucket/top/rand)=1/6/9/1 depth0=7 depth=4 dlog=3 dper=0 sims=2449 loop=2432 gen_time=0 eval_time=0.022 best_avg=0.0213805 best_move=5,7 leader=5 inc2=1 attack_w=0.2 S0=13665 SA=12523 ratio=1.09118 my_comp=9 my_front=14 leader_comp=7 comp_gain(sz/front/cut)=0/0/0
DBG t=24 used=0.021 remain=1.406 turn_time=0.020239 end_in=0.020239 cand_pre=24 cand_cap=20 cand=24->20 pre=24 pick(must/bucket/top/rand)=1/6/9/4 depth0=7 depth=3 dlog=4 dper=0 sims=2896 loop=2876 gen_time=0 eval_time=0.021 best_avg=0.203653 best_move=6,4 leader=5 inc2=1 attack_w=0.2 S0=23753 SA=19600 ratio=1.21188 my_comp=12 my_front=18 leader_comp=10 comp_gain(sz/front/cut)=0/0/0
DBG t=37 used=0.021 remain=1.138 turn_time=0.0205833 end_in=0.0205833 cand_pre=17 cand_cap=20 cand=17->17 pre=17 pick(must/bucket/top/rand)=1/4/11/1 depth0=10 depth=7 dlog=3 dper=0 sims=1505 loop=1488 gen_time=0 eval_time=0.021 best_avg=0.170696 best_move=7,1 leader=5 inc2=1 attack_w=0.2 S0=33658 SA=23754 ratio=1.41692 my_comp=7 my_front=16 leader_comp=12 comp_gain(sz/front/cut)=0/0/0
DBG t=49 used=0.02 remain=0.887 turn_time=0.0194792 end_in=0.0194792 cand_pre=20 cand_cap=20 cand=20->20 pre=20 pick(must/bucket/top/rand)=1/4/11/4 depth0=10 depth=6 dlog=4 dper=0 sims=1572 loop=1552 gen_time=0 eval_time=0.02 best_avg=0.133885 best_move=6,2 leader=5 inc2=1 attack_w=0.2 S0=29699 SA=22327 ratio=1.33017 my_comp=8 my_front=16 leader_comp=11 comp_gain(sz/front/cut)=0/0/0
DBG t=61 used=0.019 remain=0.653 turn_time=0.0180998 end_in=0.0180998 cand_pre=26 cand_cap=20 cand=26->20 pre=26 pick(must/bucket/top/rand)=1/6/9/4 depth0=10 depth=5 dlog=4 dper=1 sims=1580 loop=1560 gen_time=0 eval_time=0.019 best_avg=0.045681 best_move=4,3 leader=3 inc2=1 attack_w=0.2 S0=28029 SA=24592 ratio=1.13976 my_comp=13 my_front=19 leader_comp=14 comp_gain(sz/front/cut)=0/0/0
DBG t=74 used=0.018 remain=0.416 turn_time=0.017504 end_in=0.017504 cand_pre=24 cand_cap=20 cand=24->20 pre=24 pick(must/bucket/top/rand)=1/7/8/4 depth0=11 depth=6 dlog=4 dper=1 sims=968 loop=948 gen_time=0 eval_time=0.018 best_avg=-0.079217 best_move=7,3 leader=5 inc2=1 attack_w=0.31054 S0=27491 SA=27519 ratio=0.998983 my_comp=12 my_front=22 leader_comp=15 comp_gain(sz/front/cut)=0/0/0
DBG t=86 used=0.017 remain=0.205 turn_time=0.0162096 end_in=0.0162096 cand_pre=22 cand_cap=20 cand=22->20 pre=22 pick(must/bucket/top/rand)=1/7/8/4 depth0=11 depth=6 dlog=4 dper=1 sims=1144 loop=1124 gen_time=0 eval_time=0.017 best_avg=-0.362552 best_move=7,3 leader=3 inc2=1 attack_w=0.85 S0=22013 SA=32515 ratio=0.677021 my_comp=11 my_front=20 leader_comp=17 comp_gain(sz/front/cut)=0/0/0
DBG depth_guard t=99 remain=0.01 cand_pre=24 depth0=0 depth=0
DBG t=99 used=0.007 remain=0.01 turn_time=0.006 end_in=0.006 cand_pre=24 cand_cap=12 cand=24->12 pre=24 pick(must/bucket/top/rand)=1/2/7/2 depth0=0 depth=0 dlog=4 dper=4 sims=6776 loop=6764 gen_time=0 eval_time=0.007 best_avg=-0.144486 best_move=7,2 leader=5 inc2=1 attack_w=0.612836 S0=29649 SA=33816 ratio=0.876778 my_comp=14 my_front=19 leader_comp=18 comp_gain(sz/front/cut)=0/0/0
DBG summary depth_guard_fired=1
Score = 91150
=== CASE 0191.txt ===
DBG hdr N=10 M=4 T=100 U=5 VMAX=1662 TIME_LIMIT=1.94 MAX_CAND=20 UCB_C=0.21 OBJ=log(S0+1)-log(SA+1)
DBG t=0 used=0.024 remain=1.94 turn_time=0.0236195 end_in=0.0236195 cand_pre=5 cand_cap=20 cand=5->5 pre=5 pick(must/bucket/top/rand)=1/2/2/0 depth0=7 depth=5 dlog=2 dper=0 sims=6221 loop=6216 gen_time=0 eval_time=0.024 best_avg=0.0675058 best_move=7,1 leader=2 inc2=1 attack_w=0.13 S0=1085 SA=852 ratio=1.27315 my_comp=1 my_front=4 leader_comp=1 comp_gain(sz/front/cut)=1/2/0
DBG t=12 used=0.021 remain=1.674 turn_time=0.0204399 end_in=0.0204399 cand_pre=27 cand_cap=20 cand=27->20 pre=27 pick(must/bucket/top/rand)=1/2/13/4 depth0=7 depth=3 dlog=4 dper=0 sims=3528 loop=3508 gen_time=0 eval_time=0.021 best_avg=0.407267 best_move=9,7 leader=1 inc2=1 attack_w=0.2 S0=17758 SA=11915 ratio=1.49035 my_comp=10 my_front=20 leader_comp=5 comp_gain(sz/front/cut)=0/0/0
DBG t=24 used=0.02 remain=1.424 turn_time=0.0196456 end_in=0.0196456 cand_pre=31 cand_cap=20 cand=31->20 pre=31 pick(must/bucket/top/rand)=1/2/13/4 depth0=7 depth=2 dlog=4 dper=1 sims=3340 loop=3320 gen_time=0 eval_time=0.02 best_avg=0.412343 best_move=8,8 leader=3 inc2=1 attack_w=0.2 S0=36951 SA=24410 ratio=1.51374 my_comp=12 my_front=23 leader_comp=5 comp_gain(sz/front/cut)=0/0/0
DBG t=37 used=0.02 remain=1.164 turn_time=0.0193723 end_in=0.0193723 cand_pre=31 cand_cap=20 cand=31->20 pre=31 pick(must/bucket/top/rand)=1/5/10/4 depth0=10 depth=5 dlog=4 dper=1 sims=2124 loop=2104 gen_time=0 eval_time=0.02 best_avg=0.617694 best_move=9,9 leader=2 inc2=1 attack_w=0.2 S0=56000 SA=31295 ratio=1.7894 my_comp=14 my_front=21 leader_comp=7 comp_gain(sz/front/cut)=1/0/0
DBG t=49 used=0.019 remain=0.925 turn_time=0.0187811 end_in=0.0187811 cand_pre=33 cand_cap=20 cand=33->20 pre=33 pick(must/bucket/top/rand)=1/6/9/4 depth0=10 depth=5 dlog=4 dper=1 sims=1768 loop=1748 gen_time=0 eval_time=0.019 best_avg=0.619888 best_move=9,4 leader=2 inc2=1 attack_w=0.2 S0=72448 SA=39235 ratio=1.84649 my_comp=18 my_front=21 leader_comp=9 comp_gain(sz/front/cut)=0/0/0
DBG t=61 used=0.018 remain=0.697 turn_time=0.0179254 end_in=0.0179254 cand_pre=38 cand_cap=20 cand=38->20 pre=38 pick(must/bucket/top/rand)=1/6/9/4 depth0=10 depth=3 dlog=5 dper=2 sims=1912 loop=1892 gen_time=0 eval_time=0.018 best_avg=0.682204 best_move=7,6 leader=2 inc2=1 attack_w=0.2 S0=86259 SA=42805 ratio=2.01514 my_comp=22 my_front=23 leader_comp=11 comp_gain(sz/front/cut)=0/0/0
DBG t=74 used=0.018 remain=0.454 turn_time=0.0177409 end_in=0.0177409 cand_pre=36 cand_cap=20 cand=36->20 pre=36 pick(must/bucket/top/rand)=1/8/7/4 depth0=11 depth=4 dlog=5 dper=2 sims=884 loop=864 gen_time=0 eval_time=0.018 best_avg=0.526807 best_move=7,7 leader=2 inc2=1 attack_w=0.2 S0=90548 SA=49168 ratio=1.84159 my_comp=24 my_front=21 leader_comp=12 comp_gain(sz/front/cut)=0/0/0
DBG t=86 used=0.017 remain=0.242 turn_time=0.0168881 end_in=0.0168881 cand_pre=42 cand_cap=20 cand=42->20 pre=42 pick(must/bucket/top/rand)=1/6/9/4 depth0=11 depth=4 dlog=5 dper=2 sims=1520 loop=1500 gen_time=0 eval_time=0.017 best_avg=0.360027 best_move=8,8 leader=2 inc2=0 attack_w=0.2 S0=87959 SA=57030 ratio=1.54232 my_comp=25 my_front=27 leader_comp=13 comp_gain(sz/front/cut)=0/0/0
DBG depth_guard t=99 remain=0.017 cand_pre=41 depth0=0 depth=0
DBG t=99 used=0.011 remain=0.017 turn_time=0.0102 end_in=0.0102 cand_pre=41 cand_cap=14 cand=41->14 pre=41 pick(must/bucket/top/rand)=1/7/3/3 depth0=0 depth=0 dlog=5 dper=4 sims=13954 loop=13940 gen_time=0 eval_time=0.011 best_avg=0.292591 best_move=8,5 leader=2 inc2=1 attack_w=0.2 S0=82772 SA=61970 ratio=1.33567 my_comp=24 my_front=26 leader_comp=14 comp_gain(sz/front/cut)=0/0/0
DBG summary depth_guard_fired=1
Score = 122604
=== CASE 0190.txt ===
DBG hdr N=10 M=5 T=100 U=2 VMAX=2260 TIME_LIMIT=1.94 MAX_CAND=20 UCB_C=0.21 OBJ=log(S0+1)-log(SA+1)
DBG t=0 used=0.024 remain=1.94 turn_time=0.0236195 end_in=0.0236195 cand_pre=5 cand_cap=20 cand=5->5 pre=5 pick(must/bucket/top/rand)=1/2/2/0 depth0=7 depth=5 dlog=2 dper=0 sims=4985 loop=4980 gen_time=0 eval_time=0.024 best_avg=-0.508512 best_move=5,6 leader=1 inc2=1 attack_w=0.85 S0=955 SA=1510 ratio=0.632694 my_comp=1 my_front=4 leader_comp=1 comp_gain(sz/front/cut)=0/0/0
DBG t=12 used=0.021 remain=1.669 turn_time=0.020872 end_in=0.020872 cand_pre=23 cand_cap=20 cand=23->20 pre=23 pick(must/bucket/top/rand)=1/5/10/4 depth0=7 depth=3 dlog=4 dper=0 sims=2664 loop=2644 gen_time=0 eval_time=0.021 best_avg=0.170393 best_move=5,2 leader=1 inc2=1 attack_w=0.234804 S0=16736 SA=16168 ratio=1.03513 my_comp=9 my_front=19 leader_comp=5 comp_gain(sz/front/cut)=1/2/0
DBG t=24 used=0.02 remain=1.417 turn_time=0.0191854 end_in=0.0191854 cand_pre=34 cand_cap=20 cand=34->20 pre=34 pick(must/bucket/top/rand)=1/7/8/4 depth0=7 depth=2 dlog=4 dper=1 sims=2792 loop=2772 gen_time=0 eval_time=0.02 best_avg=0.584164 best_move=3,0 leader=4 inc2=1 attack_w=0.2 S0=27898 SA=17260 ratio=1.6163 my_comp=15 my_front=31 leader_comp=7 comp_gain(sz/front/cut)=1/1/0
DBG t=37 used=0.019 remain=1.158 turn_time=0.0187945 end_in=0.0187945 cand_pre=35 cand_cap=20 cand=35->20 pre=35 pick(must/bucket/top/rand)=1/7/8/4 depth0=10 depth=4 dlog=4 dper=2 sims=1868 loop=1848 gen_time=0 eval_time=0.019 best_avg=0.700577 best_move=2,0 leader=4 inc2=1 attack_w=0.2 S0=33886 SA=18538 ratio=1.82788 my_comp=18 my_front=30 leader_comp=7 comp_gain(sz/front/cut)=1/1/0
DBG t=49 used=0.019 remain=0.93 turn_time=0.01829 end_in=0.01829 cand_pre=38 cand_cap=20 cand=38->20 pre=38 pick(must/bucket/top/rand)=1/7/8/4 depth0=10 depth=3 dlog=5 dper=2 sims=2032 loop=2012 gen_time=0 eval_time=0.019 best_avg=0.837218 best_move=3,2 leader=4 inc2=1 attack_w=0.2 S0=42389 SA=18567 ratio=2.28296 my_comp=22 my_front=24 leader_comp=7 comp_gain(sz/front/cut)=0/0/0
DBG t=61 used=0.018 remain=0.709 turn_time=0.017525 end_in=0.017525 cand_pre=44 cand_cap=20 cand=44->20 pre=44 pick(must/bucket/top/rand)=1/7/8/4 depth0=10 depth=2 dlog=5 dper=3 sims=2016 loop=1996 gen_time=0 eval_time=0.018 best_avg=0.972091 best_move=2,1 leader=4 inc2=1 attack_w=0.2 S0=49311 SA=20398 ratio=2.41737 my_comp=26 my_front=28 leader_comp=7 comp_gain(sz/front/cut)=0/0/0
DBG t=74 used=0.017 remain=0.478 turn_time=0.0164083 end_in=0.0164083 cand_pre=55 cand_cap=20 cand=55->20 pre=55 pick(must/bucket/top/rand)=1/8/7/4 depth0=11 depth=2 dlog=5 dper=4 sims=1044 loop=1024 gen_time=0 eval_time=0.017 best_avg=1.08838 best_move=4,5 leader=4 inc2=1 attack_w=0.2 S0=57646 SA=20398 ratio=2.82597 my_comp=32 my_front=39 leader_comp=7 comp_gain(sz/front/cut)=0/0/0
DBG t=86 used=0.021 remain=0.253 turn_time=0.0200051 end_in=0.0200051 cand_pre=22 cand_cap=20 cand=22->20 pre=22 pick(must/bucket/top/rand)=1/5/10/4 depth0=11 depth=7 dlog=4 dper=0 sims=1652 loop=1632 gen_time=0 eval_time=0.021 best_avg=0.95143 best_move=0,8 leader=1 inc2=0 attack_w=0.2 S0=57321 SA=20124 ratio=2.8483 my_comp=13 my_front=17 leader_comp=10 comp_gain(sz/front/cut)=0/0/0
DBG depth_guard t=99 remain=0.014 cand_pre=57 depth0=0 depth=0
DBG t=99 used=0.009 remain=0.014 turn_time=0.0084 end_in=0.0084 cand_pre=57 cand_cap=14 cand=57->14 pre=42 pick(must/bucket/top/rand)=1/8/2/3 depth0=0 depth=0 dlog=5 dper=5 sims=10766 loop=10752 gen_time=0 eval_time=0.009 best_avg=0.894168 best_move=6,6 leader=2 inc2=1 attack_w=0.2 S0=56936 SA=23143 ratio=2.46012 my_comp=34 my_front=44 leader_comp=20 comp_gain(sz/front/cut)=0/0/0
DBG summary depth_guard_fired=1
Score = 175793
=== CASE 0188.txt ===
DBG hdr N=10 M=6 T=100 U=1 VMAX=1572 TIME_LIMIT=1.94 MAX_CAND=20 UCB_C=0.21 OBJ=log(S0+1)-log(SA+1)
DBG t=0 used=0.024 remain=1.94 turn_time=0.0237456 end_in=0.0237456 cand_pre=4 cand_cap=20 cand=4->4 pre=4 pick(must/bucket/top/rand)=1/2/1/0 depth0=7 depth=6 dlog=1 dper=0 sims=3668 loop=3664 gen_time=0 eval_time=0.024 best_avg=-0.236072 best_move=5,3 leader=2 inc2=1 attack_w=0.85 S0=630 SA=1149 ratio=0.548696 my_comp=1 my_front=4 leader_comp=1 comp_gain(sz/front/cut)=1/2/0
DBG t=12 used=0.021 remain=1.67 turn_time=0.0203911 end_in=0.0203911 cand_pre=27 cand_cap=20 cand=27->20 pre=27 pick(must/bucket/top/rand)=1/6/9/4 depth0=7 depth=3 dlog=4 dper=0 sims=2468 loop=2448 gen_time=0 eval_time=0.021 best_avg=0.276887 best_move=7,6 leader=4 inc2=1 attack_w=0.2 S0=12002 SA=8520 ratio=1.40864 my_comp=11 my_front=22 leader_comp=2 comp_gain(sz/front/cut)=1/0/1
DBG t=24 used=0.022 remain=1.417 turn_time=0.0219728 end_in=0.0219728 cand_pre=11 cand_cap=20 cand=11->11 pre=11 pick(must/bucket/top/rand)=1/5/5/0 depth0=7 depth=4 dlog=3 dper=0 sims=3079 loop=3068 gen_time=0 eval_time=0.022 best_avg=0.787571 best_move=0,7 leader=2 inc2=1 attack_w=0.2 S0=21237 SA=9701 ratio=2.18903 my_comp=4 my_front=10 leader_comp=7 comp_gain(sz/front/cut)=1/1/0
DBG t=37 used=0.02 remain=1.143 turn_time=0.0191407 end_in=0.0191407 cand_pre=30 cand_cap=20 cand=30->20 pre=30 pick(must/bucket/top/rand)=1/6/9/4 depth0=10 depth=5 dlog=4 dper=1 sims=1864 loop=1844 gen_time=0 eval_time=0.02 best_avg=0.978276 best_move=3,3 leader=2 inc2=1 attack_w=0.2 S0=30676 SA=12377 ratio=2.47835 my_comp=16 my_front=22 leader_comp=9 comp_gain(sz/front/cut)=2/2/0
DBG t=49 used=0.016 remain=0.921 turn_time=0.0152958 end_in=0.0152958 cand_pre=62 cand_cap=14 cand=62->14 pre=42 pick(must/bucket/top/rand)=1/6/4/3 depth0=10 depth=1 dlog=5 dper=4 sims=1342 loop=1328 gen_time=0 eval_time=0.016 best_avg=1.46863 best_move=1,4 leader=1 inc2=1 attack_w=0.2 S0=35993 SA=8700 ratio=4.13677 my_comp=33 my_front=49 leader_comp=9 comp_gain(sz/front/cut)=1/0/1
DBG t=61 used=0.016 remain=0.711 turn_time=0.015086 end_in=0.015086 cand_pre=65 cand_cap=14 cand=65->14 pre=42 pick(must/bucket/top/rand)=1/6/4/3 depth0=10 depth=1 dlog=5 dper=4 sims=1102 loop=1088 gen_time=0 eval_time=0.016 best_avg=1.73239 best_move=2,3 leader=1 inc2=1 attack_w=0.2 S0=39308 SA=7619 ratio=5.15866 my_comp=37 my_front=49 leader_comp=7 comp_gain(sz/front/cut)=1/0/1
DBG t=74 used=0.022 remain=0.475 turn_time=0.021174 end_in=0.021174 cand_pre=14 cand_cap=20 cand=14->14 pre=14 pick(must/bucket/top/rand)=1/3/10/0 depth0=11 depth=8 dlog=3 dper=0 sims=802 loop=788 gen_time=0 eval_time=0.022 best_avg=1.31176 best_move=8,2 leader=2 inc2=1 attack_w=0.2 S0=41881 SA=9516 ratio=4.40076 my_comp=7 my_front=10 leader_comp=7 comp_gain(sz/front/cut)=5/6/0
DBG t=86 used=0.021 remain=0.245 turn_time=0.0206237 end_in=0.0206237 cand_pre=11 cand_cap=20 cand=11->11 pre=11 pick(must/bucket/top/rand)=1/4/6/0 depth0=11 depth=6 dlog=3 dper=0 sims=1639 loop=1628 gen_time=0 eval_time=0.021 best_avg=1.17363 best_move=8,2 leader=2 inc2=1 attack_w=0.2 S0=36232 SA=12380 ratio=2.9265 my_comp=7 my_front=7 leader_comp=7 comp_gain(sz/front/cut)=1/0/0
DBG depth_guard t=99 remain=0.013 cand_pre=29 depth0=0 depth=0
DBG t=99 used=0.008 remain=0.013 turn_time=0.0078 end_in=0.0078 cand_pre=29 cand_cap=12 cand=29->12 pre=29 pick(must/bucket/top/rand)=1/4/5/2 depth0=0 depth=0 dlog=4 dper=4 sims=12572 loop=12560 gen_time=0 eval_time=0.008 best_avg=1.30687 best_move=3,7 leader=4 inc2=1 attack_w=0.2 S0=39062 SA=10327 ratio=3.78224 my_comp=17 my_front=24 leader_comp=8 comp_gain(sz/front/cut)=1/0/0
DBG summary depth_guard_fired=1
Score = 227054
=== CASE 0189.txt ===
DBG hdr N=10 M=8 T=100 U=3 VMAX=1777 TIME_LIMIT=1.94 MAX_CAND=20 UCB_C=0.21 OBJ=log(S0+1)-log(SA+1)
DBG t=0 used=0.024 remain=1.94 turn_time=0.0237456 end_in=0.0237456 cand_pre=4 cand_cap=20 cand=4->4 pre=4 pick(must/bucket/top/rand)=1/2/1/0 depth0=7 depth=6 dlog=1 dper=0 sims=3172 loop=3168 gen_time=0 eval_time=0.024 best_avg=-0.294104 best_move=0,1 leader=3 inc2=1 attack_w=0.779539 S0=983 SA=1197 ratio=0.821369 my_comp=1 my_front=3 leader_comp=1 comp_gain(sz/front/cut)=0/0/0
DBG t=12 used=0.022 remain=1.665 turn_time=0.0214369 end_in=0.0214369 cand_pre=18 cand_cap=20 cand=18->18 pre=18 pick(must/bucket/top/rand)=1/3/12/2 depth0=7 depth=3 dlog=4 dper=0 sims=1834 loop=1816 gen_time=0 eval_time=0.022 best_avg=0.335657 best_move=0,4 leader=4 inc2=1 attack_w=0.2 S0=14500 SA=9742 ratio=1.48835 my_comp=9 my_front=11 leader_comp=2 comp_gain(sz/front/cut)=0/0/0
DBG t=24 used=0.021 remain=1.407 turn_time=0.0206144 end_in=0.0206144 cand_pre=21 cand_cap=20 cand=21->20 pre=21 pick(must/bucket/top/rand)=1/6/9/4 depth0=7 depth=3 dlog=4 dper=0 sims=2752 loop=2732 gen_time=0 eval_time=0.021 best_avg=0.174538 best_move=1,6 leader=6 inc2=1 attack_w=0.2 S0=26044 SA=19276 ratio=1.35109 my_comp=12 my_front=17 leader_comp=8 comp_gain(sz/front/cut)=0/0/0
DBG t=37 used=0.021 remain=1.133 turn_time=0.0207267 end_in=0.0207267 cand_pre=15 cand_cap=20 cand=15->15 pre=15 pick(must/bucket/top/rand)=1/4/10/0 depth0=10 depth=7 dlog=3 dper=0 sims=1435 loop=1420 gen_time=0 eval_time=0.021 best_avg=-0.282865 best_move=2,2 leader=7 inc2=1 attack_w=0.83089 S0=18508 SA=22972 ratio=0.805685 my_comp=10 my_front=11 leader_comp=9 comp_gain(sz/front/cut)=1/0/0
DBG t=49 used=0.02 remain=0.886 turn_time=0.0196831 end_in=0.0196831 cand_pre=18 cand_cap=20 cand=18->18 pre=18 pick(must/bucket/top/rand)=1/6/9/2 depth0=10 depth=6 dlog=4 dper=0 sims=1498 loop=1480 gen_time=0 eval_time=0.02 best_avg=-0.282909 best_move=0,4 leader=7 inc2=1 attack_w=0.85 S0=22693 SA=29500 ratio=0.769262 my_comp=11 my_front=13 leader_comp=11 comp_gain(sz/front/cut)=0/0/0
DBG t=61 used=0.019 remain=0.649 turn_time=0.0187461 end_in=0.0187461 cand_pre=19 cand_cap=20 cand=19->19 pre=19 pick(must/bucket/top/rand)=1/5/10/3 depth0=10 depth=6 dlog=4 dper=0 sims=1703 loop=1684 gen_time=0 eval_time=0.019 best_avg=-0.0419351 best_move=1,4 leader=7 inc2=1 attack_w=0.246667 S0=29864 SA=29014 ratio=1.0293 my_comp=12 my_front=13 leader_comp=14 comp_gain(sz/front/cut)=0/0/0
DBG t=74 used=0.018 remain=0.406 turn_time=0.0174892 end_in=0.0174892 cand_pre=20 cand_cap=20 cand=20->20 pre=20 pick(must/bucket/top/rand)=1/6/9/4 depth0=11 depth=7 dlog=4 dper=0 sims=1156 loop=1136 gen_time=0 eval_time=0.018 best_avg=0.102134 best_move=0,5 leader=7 inc2=1 attack_w=0.2 S0=33831 SA=31794 ratio=1.06407 my_comp=12 my_front=13 leader_comp=16 comp_gain(sz/front/cut)=0/0/0
DBG t=86 used=0.016 remain=0.197 turn_time=0.0158515 end_in=0.0158515 cand_pre=19 cand_cap=20 cand=19->19 pre=19 pick(must/bucket/top/rand)=1/6/9/3 depth0=11 depth=6 dlog=4 dper=0 sims=1367 loop=1348 gen_time=0 eval_time=0.016 best_avg=0.115138 best_move=0,0 leader=6 inc2=1 attack_w=0.2 S0=36083 SA=31280 ratio=1.15354 my_comp=13 my_front=13 leader_comp=14 comp_gain(sz/front/cut)=0/0/0
DBG depth_guard t=98 remain=0.019 cand_pre=19 depth0=1 depth=0
DBG depth_guard t=99 remain=0.008 cand_pre=19 depth0=0 depth=0
DBG t=99 used=0.005 remain=0.008 turn_time=0.0048 end_in=0.0048 cand_pre=19 cand_cap=12 cand=19->12 pre=19 pick(must/bucket/top/rand)=1/5/4/2 depth0=0 depth=0 dlog=4 dper=4 sims=5136 loop=5124 gen_time=0 eval_time=0.005 best_avg=0.23741 best_move=3,4 leader=6 inc2=1 attack_w=0.2 S0=40093 SA=31276 ratio=1.2819 my_comp=13 my_front=13 leader_comp=15 comp_gain(sz/front/cut)=0/0/0
DBG summary depth_guard_fired=2
Score = 116779
=== CASE 0193.txt ===
DBG hdr N=10 M=2 T=100 U=4 VMAX=1939 TIME_LIMIT=1.94 MAX_CAND=20 UCB_C=0.21 OBJ=log(S0+1)-log(SA+1)
DBG t=0 used=0.024 remain=1.94 turn_time=0.0236195 end_in=0.0236195 cand_pre=5 cand_cap=20 cand=5->5 pre=5 pick(must/bucket/top/rand)=1/2/2/0 depth0=7 depth=5 dlog=2 dper=0 sims=8901 loop=8896 gen_time=0 eval_time=0.024 best_avg=0.138058 best_move=5,6 leader=1 inc2=1 attack_w=0.13 S0=1874 SA=1313 ratio=1.42694 my_comp=1 my_front=4 leader_comp=1 comp_gain(sz/front/cut)=0/0/0
DBG t=12 used=0.023 remain=1.659 turn_time=0.0222174 end_in=0.0222174 cand_pre=11 cand_cap=20 cand=11->11 pre=11 pick(must/bucket/top/rand)=1/4/6/0 depth0=7 depth=4 dlog=3 dper=0 sims=8259 loop=8248 gen_time=0 eval_time=0.023 best_avg=0.180133 best_move=3,5 leader=1 inc2=1 attack_w=0.2 S0=23912 SA=19030 ratio=1.25653 my_comp=4 my_front=10 leader_comp=4 comp_gain(sz/front/cut)=0/0/0
DBG t=24 used=0.022 remain=1.393 turn_time=0.0211241 end_in=0.0211241 cand_pre=15 cand_cap=20 cand=15->15 pre=15 pick(must/bucket/top/rand)=1/4/10/0 depth0=7 depth=4 dlog=3 dper=0 sims=5991 loop=5976 gen_time=0 eval_time=0.022 best_avg=0.341243 best_move=5,4 leader=1 inc2=1 attack_w=0.2 S0=38792 SA=27732 ratio=1.3988 my_comp=6 my_front=12 leader_comp=5 comp_gain(sz/front/cut)=0/0/0
DBG t=37 used=0.021 remain=1.119 turn_time=0.0202397 end_in=0.0202397 cand_pre=17 cand_cap=20 cand=17->17 pre=17 pick(must/bucket/top/rand)=1/5/10/1 depth0=10 depth=7 dlog=3 dper=0 sims=3833 loop=3816 gen_time=0 eval_time=0.021 best_avg=0.497705 best_move=3,5 leader=1 inc2=1 attack_w=0.2 S0=46916 SA=27444 ratio=1.70949 my_comp=7 my_front=12 leader_comp=5 comp_gain(sz/front/cut)=0/0/0
DBG t=49 used=0.02 remain=0.876 turn_time=0.0192376 end_in=0.0192376 cand_pre=20 cand_cap=20 cand=20->20 pre=20 pick(must/bucket/top/rand)=1/6/9/4 depth0=10 depth=6 dlog=4 dper=0 sims=3704 loop=3684 gen_time=0 eval_time=0.02 best_avg=0.892381 best_move=3,3 leader=1 inc2=1 attack_w=0.2 S0=55814 SA=24777 ratio=2.2526 my_comp=9 my_front=14 leader_comp=6 comp_gain(sz/front/cut)=0/0/0
DBG t=61 used=0.019 remain=0.644 turn_time=0.0181724 end_in=0.0181724 cand_pre=23 cand_cap=20 cand=23->20 pre=23 pick(must/bucket/top/rand)=1/8/7/4 depth0=10 depth=6 dlog=4 dper=0 sims=3236 loop=3216 gen_time=0 eval_time=0.019 best_avg=1.36506 best_move=3,4 leader=1 inc2=1 attack_w=0.2 S0=55670 SA=14940 ratio=3.72606 my_comp=10 my_front=16 leader_comp=5 comp_gain(sz/front/cut)=0/0/0
DBG t=74 used=0.017 remain=0.408 turn_time=0.0169634 end_in=0.0169634 cand_pre=26 cand_cap=20 cand=26->20 pre=26 pick(must/bucket/top/rand)=1/7/8/4 depth0=11 depth=6 dlog=4 dper=1 sims=2420 loop=2400 gen_time=0 eval_time=0.017 best_avg=1.62753 best_move=1,3 leader=1 inc2=1 attack_w=0.2 S0=60233 SA=12573 ratio=4.79036 my_comp=12 my_front=18 leader_comp=8 comp_gain(sz/front/cut)=0/0/0
DBG t=86 used=0.016 remain=0.209 turn_time=0.0152645 end_in=0.0152645 cand_pre=35 cand_cap=20 cand=35->20 pre=35 pick(must/bucket/top/rand)=1/6/9/4 depth0=11 depth=5 dlog=4 dper=2 sims=2196 loop=2176 gen_time=0 eval_time=0.016 best_avg=2.54807 best_move=3,4 leader=1 inc2=1 attack_w=0.2 S0=61055 SA=4748 ratio=12.8566 my_comp=17 my_front=26 leader_comp=1 comp_gain(sz/front/cut)=0/0/0
DBG depth_guard t=99 remain=0.014 cand_pre=39 depth0=0 depth=0
DBG t=99 used=0.009 remain=0.014 turn_time=0.0084 end_in=0.0084 cand_pre=39 cand_cap=14 cand=39->14 pre=39 pick(must/bucket/top/rand)=1/5/5/3 depth0=0 depth=0 dlog=5 dper=5 sims=41138 loop=41124 gen_time=0 eval_time=0.009 best_avg=2.72664 best_move=3,6 leader=1 inc2=1 attack_w=0.13 S0=71630 SA=6091 ratio=11.7582 my_comp=21 my_front=27 leader_comp=2 comp_gain(sz/front/cut)=0/0/0
DBG summary depth_guard_fired=1
Score = 405473
=== CASE 0192.txt ===
DBG hdr N=10 M=2 T=100 U=4 VMAX=1748 TIME_LIMIT=1.94 MAX_CAND=20 UCB_C=0.21 OBJ=log(S0+1)-log(SA+1)
DBG t=0 used=0.024 remain=1.94 turn_time=0.0236195 end_in=0.0236195 cand_pre=5 cand_cap=20 cand=5->5 pre=5 pick(must/bucket/top/rand)=1/2/2/0 depth0=7 depth=5 dlog=2 dper=0 sims=8673 loop=8668 gen_time=0 eval_time=0.024 best_avg=-0.0172822 best_move=1,2 leader=1 inc2=1 attack_w=0.520853 S0=1253 SA=1376 ratio=0.910675 my_comp=1 my_front=4 leader_comp=1 comp_gain(sz/front/cut)=1/2/0
DBG t=12 used=0.022 remain=1.665 turn_time=0.0216828 end_in=0.0216828 cand_pre=16 cand_cap=20 cand=16->16 pre=16 pick(must/bucket/top/rand)=1/3/12/0 depth0=7 depth=4 dlog=3 dper=0 sims=6340 loop=6324 gen_time=0 eval_time=0.022 best_avg=0.435301 best_move=1,0 leader=1 inc2=1 attack_w=0.2 S0=18564 SA=12115 ratio=1.53227 my_comp=6 my_front=13 leader_comp=4 comp_gain(sz/front/cut)=1/1/0
DBG t=24 used=0.022 remain=1.401 turn_time=0.0210058 end_in=0.0210058 cand_pre=17 cand_cap=20 cand=17->17 pre=17 pick(must/bucket/top/rand)=1/4/11/1 depth0=7 depth=4 dlog=3 dper=0 sims=5509 loop=5492 gen_time=0 eval_time=0.022 best_avg=0.269122 best_move=3,0 leader=1 inc2=1 attack_w=0.2 S0=33110 SA=25097 ratio=1.31927 my_comp=8 my_front=15 leader_comp=7 comp_gain(sz/front/cut)=0/0/0
DBG t=37 used=0.02 remain=1.13 turn_time=0.0197391 end_in=0.0197391 cand_pre=23 cand_cap=20 cand=23->20 pre=23 pick(must/bucket/top/rand)=1/6/9/4 depth0=10 depth=6 dlog=4 dper=0 sims=3284 loop=3264 gen_time=0 eval_time=0.02 best_avg=0.321356 best_move=4,3 leader=1 inc2=1 attack_w=0.2 S0=44093 SA=31753 ratio=1.38861 my_comp=12 my_front=18 leader_comp=3 comp_gain(sz/front/cut)=0/0/0
DBG t=49 used=0.019 remain=0.892 turn_time=0.0187932 end_in=0.0187932 cand_pre=27 cand_cap=20 cand=27->20 pre=27 pick(must/bucket/top/rand)=1/7/8/4 depth0=10 depth=5 dlog=4 dper=1 sims=3052 loop=3032 gen_time=0 eval_time=0.019 best_avg=0.356709 best_move=4,3 leader=1 inc2=1 attack_w=0.2 S0=52174 SA=35776 ratio=1.45834 my_comp=15 my_front=20 leader_comp=5 comp_gain(sz/front/cut)=0/0/0
DBG t=61 used=0.019 remain=0.666 turn_time=0.0180162 end_in=0.0180162 cand_pre=30 cand_cap=20 cand=30->20 pre=30 pick(must/bucket/top/rand)=1/6/9/4 depth0=10 depth=5 dlog=4 dper=1 sims=2584 loop=2564 gen_time=0 eval_time=0.019 best_avg=0.339264 best_move=4,6 leader=1 inc2=1 attack_w=0.2 S0=56658 SA=37597 ratio=1.50697 my_comp=17 my_front=24 leader_comp=5 comp_gain(sz/front/cut)=0/0/0
DBG t=74 used=0.017 remain=0.431 turn_time=0.0169499 end_in=0.0169499 cand_pre=35 cand_cap=20 cand=35->20 pre=35 pick(must/bucket/top/rand)=1/6/9/4 depth0=11 depth=5 dlog=4 dper=2 sims=2124 loop=2104 gen_time=0 eval_time=0.017 best_avg=0.329704 best_move=4,6 leader=1 inc2=1 attack_w=0.2 S0=64447 SA=43480 ratio=1.48221 my_comp=19 my_front=26 leader_comp=6 comp_gain(sz/front/cut)=0/0/0
DBG t=86 used=0.017 remain=0.227 turn_time=0.0165791 end_in=0.0165791 cand_pre=35 cand_cap=20 cand=35->20 pre=35 pick(must/bucket/top/rand)=1/7/8/4 depth0=11 depth=5 dlog=4 dper=2 sims=2080 loop=2060 gen_time=0 eval_time=0.017 best_avg=0.308628 best_move=5,5 leader=1 inc2=1 attack_w=0.2 S0=74972 SA=53947 ratio=1.38973 my_comp=19 my_front=26 leader_comp=9 comp_gain(sz/front/cut)=1/2/8
DBG depth_guard t=99 remain=0.014 cand_pre=37 depth0=0 depth=0
DBG t=99 used=0.009 remain=0.014 turn_time=0.0084 end_in=0.0084 cand_pre=37 cand_cap=14 cand=37->14 pre=37 pick(must/bucket/top/rand)=1/6/4/3 depth0=0 depth=0 dlog=5 dper=4 sims=28566 loop=28552 gen_time=0 eval_time=0.009 best_avg=0.353981 best_move=5,4 leader=1 inc2=1 attack_w=0.2 S0=81271 SA=56562 ratio=1.43684 my_comp=21 my_front=30 leader_comp=9 comp_gain(sz/front/cut)=0/0/0
DBG summary depth_guard_fired=1
Score = 127536
=== CASE 0194.txt ===
DBG hdr N=10 M=6 T=100 U=4 VMAX=1728 TIME_LIMIT=1.94 MAX_CAND=20 UCB_C=0.21 OBJ=log(S0+1)-log(SA+1)
DBG t=0 used=0.024 remain=1.94 turn_time=0.0237456 end_in=0.0237456 cand_pre=4 cand_cap=20 cand=4->4 pre=4 pick(must/bucket/top/rand)=1/2/1/0 depth0=7 depth=6 dlog=1 dper=0 sims=4112 loop=4108 gen_time=0 eval_time=0.024 best_avg=-0.247918 best_move=1,8 leader=2 inc2=1 attack_w=0.85 S0=513 SA=1586 ratio=0.323882 my_comp=1 my_front=3 leader_comp=1 comp_gain(sz/front/cut)=1/2/0
DBG t=12 used=0.022 remain=1.659 turn_time=0.0219723 end_in=0.0219723 cand_pre=13 cand_cap=20 cand=13->13 pre=13 pick(must/bucket/top/rand)=1/2/10/0 depth0=7 depth=4 dlog=3 dper=0 sims=3293 loop=3280 gen_time=0 eval_time=0.022 best_avg=-0.0648041 best_move=4,9 leader=2 inc2=1 attack_w=0.768639 S0=17029 SA=20647 ratio=0.824777 my_comp=6 my_front=9 leader_comp=4 comp_gain(sz/front/cut)=0/0/0
DBG t=24 used=0.021 remain=1.396 turn_time=0.0209308 end_in=0.0209308 cand_pre=17 cand_cap=20 cand=17->17 pre=17 pick(must/bucket/top/rand)=1/2/13/1 depth0=7 depth=4 dlog=3 dper=0 sims=2749 loop=2732 gen_time=0 eval_time=0.021 best_avg=0.155643 best_move=5,9 leader=2 inc2=1 attack_w=0.2 S0=35587 SA=32648 ratio=1.09002 my_comp=9 my_front=13 leader_comp=7 comp_gain(sz/front/cut)=0/0/0
DBG t=37 used=0.019 remain=1.13 turn_time=0.018923 end_in=0.018923 cand_pre=30 cand_cap=20 cand=30->20 pre=30 pick(must/bucket/top/rand)=1/4/11/4 depth0=10 depth=5 dlog=4 dper=1 sims=1592 loop=1572 gen_time=0 eval_time=0.019 best_avg=0.320597 best_move=6,8 leader=2 inc2=1 attack_w=0.2 S0=52231 SA=38862 ratio=1.344 my_comp=15 my_front=23 leader_comp=9 comp_gain(sz/front/cut)=0/0/0
DBG t=49 used=0.018 remain=0.903 turn_time=0.0175288 end_in=0.0175288 cand_pre=40 cand_cap=20 cand=40->20 pre=40 pick(must/bucket/top/rand)=1/6/9/4 depth0=10 depth=3 dlog=5 dper=2 sims=1920 loop=1900 gen_time=0 eval_time=0.018 best_avg=0.471222 best_move=4,4 leader=2 inc2=1 attack_w=0.2 S0=67136 SA=41486 ratio=1.61827 my_comp=20 my_front=33 leader_comp=11 comp_gain(sz/front/cut)=0/0/0
DBG t=61 used=0.018 remain=0.672 turn_time=0.0171705 end_in=0.0171705 cand_pre=39 cand_cap=20 cand=39->20 pre=39 pick(must/bucket/top/rand)=1/6/9/4 depth0=10 depth=3 dlog=5 dper=2 sims=1568 loop=1548 gen_time=0 eval_time=0.018 best_avg=0.482559 best_move=4,6 leader=2 inc2=1 attack_w=0.2 S0=78174 SA=50600 ratio=1.54493 my_comp=22 my_front=32 leader_comp=14 comp_gain(sz/front/cut)=0/0/0
DBG t=74 used=0.017 remain=0.448 turn_time=0.0164985 end_in=0.0164985 cand_pre=45 cand_cap=20 cand=45->20 pre=45 pick(must/bucket/top/rand)=1/5/10/4 depth0=11 depth=3 dlog=5 dper=3 sims=1512 loop=1492 gen_time=0 eval_time=0.017 best_avg=0.699373 best_move=8,8 leader=2 inc2=1 attack_w=0.2 S0=82230 SA=39888 ratio=2.0615 my_comp=26 my_front=37 leader_comp=2 comp_gain(sz/front/cut)=0/0/0
DBG t=86 used=0.017 remain=0.244 turn_time=0.016348 end_in=0.016348 cand_pre=48 cand_cap=20 cand=48->20 pre=48 pick(must/bucket/top/rand)=1/7/8/4 depth0=11 depth=3 dlog=5 dper=3 sims=1436 loop=1416 gen_time=0 eval_time=0.017 best_avg=0.71703 best_move=2,5 leader=4 inc2=1 attack_w=0.2 S0=90565 SA=46774 ratio=1.93621 my_comp=29 my_front=38 leader_comp=11 comp_gain(sz/front/cut)=0/0/0
DBG depth_guard t=99 remain=0.019 cand_pre=48 depth0=0 depth=0
DBG t=99 used=0.012 remain=0.019 turn_time=0.0114 end_in=0.0114 cand_pre=48 cand_cap=16 cand=48->16 pre=48 pick(must/bucket/top/rand)=1/6/5/4 depth0=0 depth=0 dlog=5 dper=4 sims=14816 loop=14800 gen_time=0 eval_time=0.012 best_avg=0.708995 best_move=2,5 leader=4 inc2=1 attack_w=0.2 S0=95671 SA=48444 ratio=1.97486 my_comp=29 my_front=38 leader_comp=13 comp_gain(sz/front/cut)=0/0/0
DBG summary depth_guard_fired=1
Score = 157370
=== CASE 0196.txt ===
DBG hdr N=10 M=2 T=100 U=3 VMAX=1521 TIME_LIMIT=1.94 MAX_CAND=20 UCB_C=0.21 OBJ=log(S0+1)-log(SA+1)
DBG t=0 used=0.024 remain=1.94 turn_time=0.0236195 end_in=0.0236195 cand_pre=5 cand_cap=20 cand=5->5 pre=5 pick(must/bucket/top/rand)=1/2/2/0 depth0=7 depth=5 dlog=2 dper=0 sims=9481 loop=9476 gen_time=0 eval_time=0.024 best_avg=-0.164038 best_move=7,4 leader=1 inc2=1 attack_w=0.13 S0=1486 SA=1376 ratio=1.07988 my_comp=1 my_front=4 leader_comp=1 comp_gain(sz/front/cut)=0/0/0
DBG t=12 used=0.022 remain=1.661 turn_time=0.0216307 end_in=0.0216307 cand_pre=16 cand_cap=20 cand=16->16 pre=16 pick(must/bucket/top/rand)=1/4/11/0 depth0=7 depth=4 dlog=3 dper=0 sims=5952 loop=5936 gen_time=0 eval_time=0.022 best_avg=-0.0377427 best_move=3,3 leader=1 inc2=1 attack_w=0.428847 S0=17636 SA=18617 ratio=0.947309 my_comp=6 my_front=12 leader_comp=5 comp_gain(sz/front/cut)=1/2/4
DBG t=24 used=0.021 remain=1.401 turn_time=0.0206463 end_in=0.0206463 cand_pre=20 cand_cap=20 cand=20->20 pre=20 pick(must/bucket/top/rand)=1/6/9/4 depth0=7 depth=3 dlog=4 dper=0 sims=5508 loop=5488 gen_time=0 eval_time=0.021 best_avg=-0.114484 best_move=3,3 leader=1 inc2=1 attack_w=0.535952 S0=24272 SA=26822 ratio=0.904932 my_comp=8 my_front=16 leader_comp=7 comp_gain(sz/front/cut)=0/0/0
DBG t=37 used=0.019 remain=1.133 turn_time=0.0188564 end_in=0.0188564 cand_pre=31 cand_cap=20 cand=31->20 pre=31 pick(must/bucket/top/rand)=1/6/9/4 depth0=10 depth=5 dlog=4 dper=1 sims=2604 loop=2584 gen_time=0 eval_time=0.019 best_avg=-0.0333296 best_move=3,7 leader=1 inc2=1 attack_w=0.374996 S0=34516 SA=35578 ratio=0.970151 my_comp=13 my_front=24 leader_comp=11 comp_gain(sz/front/cut)=0/0/0
DBG t=49 used=0.019 remain=0.9 turn_time=0.0180441 end_in=0.0180441 cand_pre=35 cand_cap=20 cand=35->20 pre=35 pick(must/bucket/top/rand)=1/6/9/4 depth0=10 depth=4 dlog=4 dper=2 sims=2564 loop=2544 gen_time=0 eval_time=0.019 best_avg=0.0297415 best_move=2,3 leader=1 inc2=1 attack_w=0.233812 S0=45966 SA=44385 ratio=1.03562 my_comp=15 my_front=27 leader_comp=13 comp_gain(sz/front/cut)=0/0/0
DBG t=61 used=0.019 remain=0.677 turn_time=0.0183137 end_in=0.0183137 cand_pre=30 cand_cap=20 cand=30->20 pre=30 pick(must/bucket/top/rand)=1/4/11/4 depth0=10 depth=5 dlog=4 dper=1 sims=1968 loop=1948 gen_time=0 eval_time=0.019 best_avg=0.0760206 best_move=6,0 leader=1 inc2=1 attack_w=0.2 S0=59510 SA=55384 ratio=1.0745 my_comp=14 my_front=25 leader_comp=16 comp_gain(sz/front/cut)=0/0/0
DBG t=74 used=0.016 remain=0.446 turn_time=0.0157558 end_in=0.0157558 cand_pre=51 cand_cap=20 cand=51->20 pre=51 pick(must/bucket/top/rand)=1/5/10/4 depth0=11 depth=3 dlog=5 dper=3 sims=1540 loop=1520 gen_time=0 eval_time=0.016 best_avg=0.137113 best_move=9,3 leader=1 inc2=1 attack_w=0.2 S0=74771 SA=65833 ratio=1.13577 my_comp=26 my_front=43 leader_comp=20 comp_gain(sz/front/cut)=0/0/0
DBG t=86 used=0.019 remain=0.23 turn_time=0.0184 end_in=0.0184 cand_pre=20 cand_cap=20 cand=20->20 pre=20 pick(must/bucket/top/rand)=1/5/10/4 depth0=11 depth=6 dlog=4 dper=0 sims=2512 loop=2492 gen_time=0 eval_time=0.019 best_avg=0.147619 best_move=6,7 leader=1 inc2=1 attack_w=0.2 S0=85249 SA=74221 ratio=1.14858 my_comp=8 my_front=16 leader_comp=24 comp_gain(sz/front/cut)=0/0/0
DBG depth_guard t=99 remain=0.018 cand_pre=60 depth0=0 depth=0
DBG t=99 used=0.011 remain=0.018 turn_time=0.0108 end_in=0.0108 cand_pre=60 cand_cap=14 cand=60->14 pre=42 pick(must/bucket/top/rand)=1/6/4/3 depth0=0 depth=0 dlog=5 dper=5 sims=38182 loop=38168 gen_time=0 eval_time=0.011 best_avg=0.209127 best_move=3,5 leader=1 inc2=1 attack_w=0.2 S0=95893 SA=77902 ratio=1.23094 my_comp=31 my_front=51 leader_comp=5 comp_gain(sz/front/cut)=0/0/0
DBG summary depth_guard_fired=1
Score = 115827
=== CASE 0197.txt ===
DBG hdr N=10 M=2 T=100 U=5 VMAX=2471 TIME_LIMIT=1.94 MAX_CAND=20 UCB_C=0.21 OBJ=log(S0+1)-log(SA+1)
DBG t=0 used=0.024 remain=1.94 turn_time=0.0236195 end_in=0.0236195 cand_pre=5 cand_cap=20 cand=5->5 pre=5 pick(must/bucket/top/rand)=1/2/2/0 depth0=7 depth=5 dlog=2 dper=0 sims=8629 loop=8624 gen_time=0 eval_time=0.024 best_avg=-0.572415 best_move=1,7 leader=1 inc2=1 attack_w=0.13 S0=1317 SA=796 ratio=1.6537 my_comp=1 my_front=4 leader_comp=1 comp_gain(sz/front/cut)=1/2/0
DBG t=12 used=0.023 remain=1.662 turn_time=0.0220121 end_in=0.0220121 cand_pre=13 cand_cap=20 cand=13->13 pre=13 pick(must/bucket/top/rand)=1/2/10/0 depth0=7 depth=4 dlog=3 dper=0 sims=5589 loop=5576 gen_time=0 eval_time=0.023 best_avg=-0.295452 best_move=2,6 leader=1 inc2=1 attack_w=0.795146 S0=16618 SA=20352 ratio=0.816538 my_comp=4 my_front=10 leader_comp=13 comp_gain(sz/front/cut)=0/0/0
DBG t=24 used=0.022 remain=1.397 turn_time=0.0211848 end_in=0.0211848 cand_pre=15 cand_cap=20 cand=15->15 pre=15 pick(must/bucket/top/rand)=1/2/12/0 depth0=7 depth=4 dlog=3 dper=0 sims=4419 loop=4404 gen_time=0 eval_time=0.022 best_avg=-0.236734 best_move=2,4 leader=1 inc2=1 attack_w=0.748138 S0=31070 SA=37377 ratio=0.831264 my_comp=5 my_front=12 leader_comp=21 comp_gain(sz/front/cut)=1/2/0
DBG t=37 used=0.02 remain=1.13 turn_time=0.0191562 end_in=0.0191562 cand_pre=28 cand_cap=20 cand=28->20 pre=28 pick(must/bucket/top/rand)=1/7/8/4 depth0=10 depth=5 dlog=4 dper=1 sims=2432 loop=2412 gen_time=0 eval_time=0.02 best_avg=-0.133156 best_move=3,3 leader=1 inc2=1 attack_w=0.686369 S0=44486 SA=52248 ratio=0.851442 my_comp=10 my_front=22 leader_comp=30 comp_gain(sz/front/cut)=0/0/0
DBG t=49 used=0.018 remain=0.901 turn_time=0.0177197 end_in=0.0177197 cand_pre=38 cand_cap=20 cand=38->20 pre=38 pick(must/bucket/top/rand)=1/8/7/4 depth0=10 depth=3 dlog=5 dper=2 sims=2884 loop=2864 gen_time=0 eval_time=0.018 best_avg=0.188944 best_move=5,0 leader=1 inc2=1 attack_w=0.2 S0=54784 SA=47786 ratio=1.14644 my_comp=16 my_front=28 leader_comp=27 comp_gain(sz/front/cut)=0/0/0
DBG t=61 used=0.02 remain=0.677 turn_time=0.0193292 end_in=0.0193292 cand_pre=21 cand_cap=20 cand=21->20 pre=21 pick(must/bucket/top/rand)=1/7/8/4 depth0=10 depth=6 dlog=4 dper=0 sims=2452 loop=2432 gen_time=0 eval_time=0.02 best_avg=0.619431 best_move=7,3 leader=1 inc2=1 attack_w=0.2 S0=70241 SA=41628 ratio=1.68733 my_comp=11 my_front=14 leader_comp=15 comp_gain(sz/front/cut)=0/0/0
DBG t=74 used=0.019 remain=0.426 turn_time=0.0181378 end_in=0.0181378 cand_pre=22 cand_cap=20 cand=22->20 pre=22 pick(must/bucket/top/rand)=1/7/8/4 depth0=11 depth=7 dlog=4 dper=0 sims=2280 loop=2260 gen_time=0 eval_time=0.019 best_avg=0.82579 best_move=9,4 leader=1 inc2=1 attack_w=0.2 S0=81209 SA=38492 ratio=2.10973 my_comp=13 my_front=18 leader_comp=17 comp_gain(sz/front/cut)=1/1/0
DBG t=86 used=0.017 remain=0.215 turn_time=0.0160021 end_in=0.0160021 cand_pre=32 cand_cap=20 cand=32->20 pre=32 pick(must/bucket/top/rand)=1/8/7/4 depth0=11 depth=5 dlog=4 dper=2 sims=1956 loop=1936 gen_time=0 eval_time=0.017 best_avg=1.00874 best_move=5,0 leader=1 inc2=1 attack_w=0.2 S0=85245 SA=33637 ratio=2.53422 my_comp=19 my_front=23 leader_comp=15 comp_gain(sz/front/cut)=0/0/0
DBG depth_guard t=99 remain=0.015 cand_pre=66 depth0=0 depth=0
DBG t=99 used=0.01 remain=0.015 turn_time=0.009 end_in=0.009 cand_pre=66 cand_cap=14 cand=66->14 pre=42 pick(must/bucket/top/rand)=1/8/2/3 depth0=0 depth=0 dlog=5 dper=5 sims=25462 loop=25448 gen_time=0 eval_time=0.01 best_avg=1.28725 best_move=3,3 leader=1 inc2=1 attack_w=0.2 S0=84327 SA=23990 ratio=3.51498 my_comp=36 my_front=46 leader_comp=15 comp_gain(sz/front/cut)=1/2/1
DBG summary depth_guard_fired=1
Score = 220506
=== CASE 0195.txt ===
DBG hdr N=10 M=8 T=100 U=4 VMAX=1904 TIME_LIMIT=1.94 MAX_CAND=20 UCB_C=0.21 OBJ=log(S0+1)-log(SA+1)
DBG t=0 used=0.024 remain=1.94 turn_time=0.0237456 end_in=0.0237456 cand_pre=4 cand_cap=20 cand=4->4 pre=4 pick(must/bucket/top/rand)=1/2/1/0 depth0=7 depth=6 dlog=1 dper=0 sims=3104 loop=3100 gen_time=0 eval_time=0.024 best_avg=-0.331206 best_move=1,9 leader=7 inc2=1 attack_w=0.85 S0=941 SA=1542 ratio=0.610499 my_comp=1 my_front=3 leader_comp=1 comp_gain(sz/front/cut)=1/1/0
DBG t=12 used=0.023 remain=1.659 turn_time=0.0223399 end_in=0.0223399 cand_pre=10 cand_cap=20 cand=10->10 pre=10 pick(must/bucket/top/rand)=1/7/2/0 depth0=7 depth=4 dlog=3 dper=0 sims=3350 loop=3340 gen_time=0 eval_time=0.023 best_avg=-0.412746 best_move=0,7 leader=4 inc2=1 attack_w=0.85 S0=11582 SA=17640 ratio=0.656595 my_comp=5 my_front=6 leader_comp=11 comp_gain(sz/front/cut)=0/0/0
DBG t=24 used=0.02 remain=1.401 turn_time=0.0195679 end_in=0.0195679 cand_pre=29 cand_cap=20 cand=29->20 pre=29 pick(must/bucket/top/rand)=1/8/7/4 depth0=7 depth=2 dlog=4 dper=1 sims=3460 loop=3440 gen_time=0 eval_time=0.02 best_avg=0.00428267 best_move=1,3 leader=4 inc2=1 attack_w=0.695249 S0=20948 SA=24689 ratio=0.848481 my_comp=14 my_front=23 leader_comp=4 comp_gain(sz/front/cut)=0/0/0
DBG t=37 used=0.02 remain=1.136 turn_time=0.0196095 end_in=0.0196095 cand_pre=25 cand_cap=20 cand=25->20 pre=25 pick(must/bucket/top/rand)=1/8/7/4 depth0=10 depth=6 dlog=4 dper=0 sims=1552 loop=1532 gen_time=0 eval_time=0.02 best_avg=0.0991927 best_move=1,6 leader=4 inc2=1 attack_w=0.2 S0=29677 SA=26370 ratio=1.1254 my_comp=10 my_front=21 leader_comp=8 comp_gain(sz/front/cut)=0/0/0
DBG t=49 used=0.02 remain=0.896 turn_time=0.0195627 end_in=0.0195627 cand_pre=21 cand_cap=20 cand=21->20 pre=21 pick(must/bucket/top/rand)=1/7/8/4 depth0=10 depth=6 dlog=4 dper=0 sims=1756 loop=1736 gen_time=0 eval_time=0.02 best_avg=0.14266 best_move=3,3 leader=2 inc2=1 attack_w=0.2 S0=35934 SA=29521 ratio=1.21723 my_comp=9 my_front=18 leader_comp=11 comp_gain(sz/front/cut)=0/0/0
DBG t=61 used=0.019 remain=0.656 turn_time=0.0186203 end_in=0.0186203 cand_pre=22 cand_cap=20 cand=22->20 pre=22 pick(must/bucket/top/rand)=1/5/10/4 depth0=10 depth=6 dlog=4 dper=0 sims=1528 loop=1508 gen_time=0 eval_time=0.019 best_avg=0.0512738 best_move=4,3 leader=2 inc2=1 attack_w=0.244571 S0=36222 SA=35156 ratio=1.03032 my_comp=9 my_front=18 leader_comp=11 comp_gain(sz/front/cut)=0/0/0
DBG t=74 used=0.018 remain=0.413 turn_time=0.0175843 end_in=0.0175843 cand_pre=22 cand_cap=20 cand=22->20 pre=22 pick(must/bucket/top/rand)=1/5/10/4 depth0=11 depth=7 dlog=4 dper=0 sims=1216 loop=1196 gen_time=0 eval_time=0.018 best_avg=-0.0646399 best_move=1,3 leader=6 inc2=1 attack_w=0.46865 S0=37219 SA=39973 ratio=0.931105 my_comp=9 my_front=18 leader_comp=10 comp_gain(sz/front/cut)=0/0/0
DBG t=86 used=0.017 remain=0.203 turn_time=0.01624 end_in=0.01624 cand_pre=20 cand_cap=20 cand=20->20 pre=20 pick(must/bucket/top/rand)=1/5/10/4 depth0=11 depth=6 dlog=4 dper=0 sims=1352 loop=1332 gen_time=0 eval_time=0.017 best_avg=-0.100805 best_move=2,4 leader=6 inc2=1 attack_w=0.457203 S0=39368 SA=42073 ratio=0.935709 my_comp=9 my_front=18 leader_comp=13 comp_gain(sz/front/cut)=0/0/0
DBG depth_guard t=99 remain=0.009 cand_pre=23 depth0=0 depth=0
DBG t=99 used=0.006 remain=0.009 turn_time=0.0054 end_in=0.0054 cand_pre=23 cand_cap=12 cand=23->12 pre=23 pick(must/bucket/top/rand)=1/4/5/2 depth0=0 depth=0 dlog=4 dper=4 sims=5304 loop=5292 gen_time=0 eval_time=0.006 best_avg=-0.159142 best_move=1,5 leader=6 inc2=1 attack_w=0.663137 S0=42019 SA=48900 ratio=0.859287 my_comp=10 my_front=20 leader_comp=13 comp_gain(sz/front/cut)=0/0/0
DBG summary depth_guard_fired=1
Score = 88972
=== CASE 0199.txt ===
DBG hdr N=10 M=2 T=100 U=4 VMAX=1844 TIME_LIMIT=1.94 MAX_CAND=20 UCB_C=0.21 OBJ=log(S0+1)-log(SA+1)
DBG t=0 used=0.024 remain=1.94 turn_time=0.0236195 end_in=0.0236195 cand_pre=5 cand_cap=20 cand=5->5 pre=5 pick(must/bucket/top/rand)=1/2/2/0 depth0=7 depth=5 dlog=2 dper=0 sims=8341 loop=8336 gen_time=0 eval_time=0.024 best_avg=0.307316 best_move=1,7 leader=1 inc2=1 attack_w=0.13 S0=1681 SA=865 ratio=1.94226 my_comp=1 my_front=4 leader_comp=1 comp_gain(sz/front/cut)=1/2/0
DBG t=12 used=0.022 remain=1.661 turn_time=0.0215081 end_in=0.0215081 cand_pre=17 cand_cap=20 cand=17->17 pre=17 pick(must/bucket/top/rand)=1/8/7/1 depth0=7 depth=4 dlog=3 dper=0 sims=5301 loop=5284 gen_time=0 eval_time=0.022 best_avg=0.569078 best_move=0,7 leader=1 inc2=1 attack_w=0.2 S0=22695 SA=13121 ratio=1.72961 my_comp=7 my_front=14 leader_comp=6 comp_gain(sz/front/cut)=1/1/1
DBG t=24 used=0.02 remain=1.405 turn_time=0.0199843 end_in=0.0199843 cand_pre=26 cand_cap=20 cand=26->20 pre=26 pick(must/bucket/top/rand)=1/6/9/4 depth0=7 depth=3 dlog=4 dper=0 sims=3864 loop=3844 gen_time=0 eval_time=0.02 best_avg=0.994654 best_move=1,5 leader=1 inc2=1 attack_w=0.2 S0=42365 SA=15436 ratio=2.74445 my_comp=17 my_front=14 leader_comp=1 comp_gain(sz/front/cut)=1/2/0
DBG t=37 used=0.019 remain=1.152 turn_time=0.0184594 end_in=0.0184594 cand_pre=37 cand_cap=20 cand=37->20 pre=37 pick(must/bucket/top/rand)=1/8/7/4 depth0=10 depth=3 dlog=5 dper=2 sims=2416 loop=2396 gen_time=0 eval_time=0.019 best_avg=1.24214 best_move=6,8 leader=1 inc2=1 attack_w=0.2 S0=55797 SA=14536 ratio=3.83834 my_comp=25 my_front=20 leader_comp=7 comp_gain(sz/front/cut)=1/2/5
DBG t=49 used=0.018 remain=0.934 turn_time=0.0175354 end_in=0.0175354 cand_pre=45 cand_cap=20 cand=45->20 pre=45 pick(must/bucket/top/rand)=1/8/7/4 depth0=10 depth=2 dlog=5 dper=3 sims=2044 loop=2024 gen_time=0 eval_time=0.018 best_avg=1.22061 best_move=2,4 leader=1 inc2=1 attack_w=0.2 S0=69278 SA=19188 ratio=3.61035 my_comp=31 my_front=22 leader_comp=7 comp_gain(sz/front/cut)=1/-2/1
DBG t=61 used=0.018 remain=0.722 turn_time=0.0171244 end_in=0.0171244 cand_pre=50 cand_cap=20 cand=50->20 pre=50 pick(must/bucket/top/rand)=1/8/7/4 depth0=10 depth=2 dlog=5 dper=3 sims=1744 loop=1724 gen_time=0 eval_time=0.018 best_avg=1.21519 best_move=3,3 leader=1 inc2=1 attack_w=0.2 S0=81059 SA=22654 ratio=3.57802 my_comp=35 my_front=22 leader_comp=11 comp_gain(sz/front/cut)=0/0/0
DBG t=74 used=0.017 remain=0.499 turn_time=0.0168796 end_in=0.0168796 cand_pre=57 cand_cap=20 cand=57->20 pre=57 pick(must/bucket/top/rand)=1/8/7/4 depth0=11 depth=2 dlog=5 dper=4 sims=1416 loop=1396 gen_time=0 eval_time=0.017 best_avg=1.52528 best_move=0,4 leader=1 inc2=1 attack_w=0.2 S0=90548 SA=19917 ratio=4.54609 my_comp=42 my_front=25 leader_comp=10 comp_gain(sz/front/cut)=0/0/0
DBG t=86 used=0.018 remain=0.286 turn_time=0.0175686 end_in=0.0175686 cand_pre=60 cand_cap=20 cand=60->20 pre=60 pick(must/bucket/top/rand)=1/8/7/4 depth0=11 depth=2 dlog=5 dper=4 sims=1428 loop=1408 gen_time=0 eval_time=0.018 best_avg=1.76014 best_move=3,3 leader=1 inc2=1 attack_w=0.2 S0=95461 SA=17156 ratio=5.56403 my_comp=45 my_front=25 leader_comp=12 comp_gain(sz/front/cut)=0/0/0
DBG t=99 used=0.019 remain=0.031 turn_time=0.0186 end_in=0.0186 cand_pre=62 cand_cap=14 cand=62->14 pre=42 pick(must/bucket/top/rand)=1/8/2/3 depth0=0 depth=0 dlog=5 dper=4 sims=62790 loop=62776 gen_time=0 eval_time=0.019 best_avg=1.95174 best_move=1,2 leader=1 inc2=1 attack_w=0.2 S0=100881 SA=14616 ratio=6.90169 my_comp=48 my_front=21 leader_comp=11 comp_gain(sz/front/cut)=1/2/10
DBG summary depth_guard_fired=0
Score = 300509
=== CASE 0198.txt ===
DBG hdr N=10 M=8 T=100 U=4 VMAX=1359 TIME_LIMIT=1.94 MAX_CAND=20 UCB_C=0.21 OBJ=log(S0+1)-log(SA+1)
DBG t=0 used=0.024 remain=1.94 turn_time=0.0236195 end_in=0.0236195 cand_pre=5 cand_cap=20 cand=5->5 pre=5 pick(must/bucket/top/rand)=1/2/2/0 depth0=7 depth=5 dlog=2 dper=0 sims=4285 loop=4280 gen_time=0 eval_time=0.024 best_avg=-0.203313 best_move=6,7 leader=4 inc2=1 attack_w=0.85 S0=842 SA=1277 ratio=0.659624 my_comp=1 my_front=4 leader_comp=1 comp_gain(sz/front/cut)=1/2/0
DBG t=12 used=0.022 remain=1.66 turn_time=0.0219856 end_in=0.0219856 cand_pre=13 cand_cap=20 cand=13->13 pre=13 pick(must/bucket/top/rand)=1/4/8/0 depth0=7 depth=4 dlog=3 dper=0 sims=2513 loop=2500 gen_time=0 eval_time=0.022 best_avg=-0.247109 best_move=6,6 leader=4 inc2=1 attack_w=0.691508 S0=12569 SA=14792 ratio=0.849726 my_comp=5 my_front=10 leader_comp=10 comp_gain(sz/front/cut)=0/0/0
DBG t=24 used=0.022 remain=1.397 turn_time=0.0210653 end_in=0.0210653 cand_pre=16 cand_cap=20 cand=16->16 pre=16 pick(must/bucket/top/rand)=1/6/9/0 depth0=7 depth=4 dlog=3 dper=0 sims=2152 loop=2136 gen_time=0 eval_time=0.022 best_avg=-0.139706 best_move=6,6 leader=5 inc2=1 attack_w=0.464236 S0=21165 SA=22688 ratio=0.932875 my_comp=7 my_front=14 leader_comp=16 comp_gain(sz/front/cut)=0/0/0
DBG t=37 used=0.021 remain=1.12 turn_time=0.0200267 end_in=0.0200267 cand_pre=19 cand_cap=20 cand=19->19 pre=19 pick(must/bucket/top/rand)=1/6/9/3 depth0=10 depth=6 dlog=4 dper=0 sims=1519 loop=1500 gen_time=0 eval_time=0.021 best_avg=-0.0345628 best_move=4,7 leader=1 inc2=1 attack_w=0.457273 S0=26766 SA=28606 ratio=0.93568 my_comp=8 my_front=16 leader_comp=13 comp_gain(sz/front/cut)=1/2/0
DBG t=49 used=0.02 remain=0.878 turn_time=0.0190578 end_in=0.0190578 cand_pre=22 cand_cap=20 cand=22->20 pre=22 pick(must/bucket/top/rand)=1/6/9/4 depth0=10 depth=6 dlog=4 dper=0 sims=1336 loop=1316 gen_time=0 eval_time=0.02 best_avg=0.104322 best_move=6,6 leader=1 inc2=1 attack_w=0.2 S0=33497 SA=31776 ratio=1.05416 my_comp=11 my_front=20 leader_comp=14 comp_gain(sz/front/cut)=0/0/0
DBG t=61 used=0.019 remain=0.648 turn_time=0.0180692 end_in=0.0180692 cand_pre=25 cand_cap=20 cand=25->20 pre=25 pick(must/bucket/top/rand)=1/5/10/4 depth0=10 depth=5 dlog=4 dper=1 sims=1604 loop=1584 gen_time=0 eval_time=0.019 best_avg=0.20607 best_move=8,8 leader=1 inc2=1 attack_w=0.2 S0=43976 SA=35468 ratio=1.23987 my_comp=14 my_front=21 leader_comp=13 comp_gain(sz/front/cut)=1/0/0
DBG t=74 used=0.017 remain=0.414 turn_time=0.0169023 end_in=0.0169023 cand_pre=29 cand_cap=20 cand=29->20 pre=29 pick(must/bucket/top/rand)=1/6/9/4 depth0=11 depth=6 dlog=4 dper=1 sims=856 loop=836 gen_time=0 eval_time=0.017 best_avg=0.23056 best_move=9,5 leader=1 inc2=1 attack_w=0.2 S0=47649 SA=37421 ratio=1.27332 my_comp=17 my_front=23 leader_comp=14 comp_gain(sz/front/cut)=1/1/0
DBG t=86 used=0.016 remain=0.211 turn_time=0.0155085 end_in=0.0155085 cand_pre=34 cand_cap=20 cand=34->20 pre=34 pick(must/bucket/top/rand)=1/7/8/4 depth0=11 depth=5 dlog=4 dper=2 sims=1284 loop=1264 gen_time=0 eval_time=0.016 best_avg=0.324727 best_move=5,8 leader=1 inc2=1 attack_w=0.2 S0=53221 SA=40164 ratio=1.32508 my_comp=19 my_front=25 leader_comp=15 comp_gain(sz/front/cut)=0/0/0
DBG depth_guard t=99 remain=0.012 cand_pre=34 depth0=0 depth=0
DBG t=99 used=0.008 remain=0.012 turn_time=0.0072 end_in=0.0072 cand_pre=34 cand_cap=12 cand=34->12 pre=34 pick(must/bucket/top/rand)=1/5/4/2 depth0=0 depth=0 dlog=4 dper=5 sims=8092 loop=8080 gen_time=0 eval_time=0.008 best_avg=0.334498 best_move=8,4 leader=2 inc2=1 attack_w=0.2 S0=57967 SA=40888 ratio=1.41769 my_comp=20 my_front=27 leader_comp=12 comp_gain(sz/front/cut)=0/0/0
DBG summary depth_guard_fired=1
Score = 125228
