=== CASE 0001.txt ===
DBG hdr N=10 M=5 T=100 U=4 VMAX=1609 TIME_LIMIT=1.94 MAX_CAND=20 UCB_C=0.21
DBG t=0 used=0.02 remain=1.94 turn_time=0.0194 end_in=0.0194 depth=7 dec=0 cand_cap=20 cand=5->5 pick(must/bucket/top/rand)=1/2/2/0 sims=3293 loop=3288 best_avg=-0.746109 best_move=3,3 leader=4 inc2=1 attack_w=0.15
DBG t=12 used=0.02 remain=1.7 turn_time=0.0193182 end_in=0.0193182 depth=7 dec=0 cand_cap=20 cand=13->13 pick(must/bucket/top/rand)=1/7/5/0 sims=2761 loop=2748 best_avg=-0.534891 best_move=5,4 leader=4 inc2=1 attack_w=0.25
DBG t=24 used=0.02 remain=1.46 turn_time=0.0192105 end_in=0.0192105 depth=7 dec=0 cand_cap=20 cand=20->20 pick(must/bucket/top/rand)=1/8/7/4 sims=2120 loop=2100 best_avg=-0.699738 best_move=4,2 leader=3 inc2=1 attack_w=0.25
DBG t=37 used=0.02 remain=1.198 turn_time=0.0190159 end_in=0.0190159 depth=10 dec=0 cand_cap=20 cand=27->20 pick(must/bucket/top/rand)=1/7/8/4 sims=1152 loop=1132 best_avg=-0.554208 best_move=3,2 leader=3 inc2=0 attack_w=0.25
DBG t=49 used=0.019 remain=0.968 turn_time=0.0189804 end_in=0.0189804 depth=10 dec=0 cand_cap=20 cand=29->20 pick(must/bucket/top/rand)=1/6/9/4 sims=1056 loop=1036 best_avg=-0.581523 best_move=3,2 leader=3 inc2=1 attack_w=0.25
DBG t=61 used=0.019 remain=0.74 turn_time=0.0189744 end_in=0.0189744 depth=10 dec=0 cand_cap=20 cand=39->20 pick(must/bucket/top/rand)=1/6/9/4 sims=988 loop=968 best_avg=-0.7625 best_move=6,2 leader=1 inc2=1 attack_w=0.25
DBG t=74 used=0.019 remain=0.493 turn_time=0.0189615 end_in=0.0189615 depth=11 dec=0 cand_cap=20 cand=12->12 pick(must/bucket/top/rand)=1/6/5/0 sims=976 loop=964 best_avg=-0.788734 best_move=7,6 leader=1 inc2=1 attack_w=0.25
DBG t=86 used=0.019 remain=0.265 turn_time=0.0189286 end_in=0.0189286 depth=11 dec=0 cand_cap=20 cand=53->20 pick(must/bucket/top/rand)=1/6/9/4 sims=764 loop=744 best_avg=-0.645114 best_move=8,5 leader=1 inc2=1 attack_w=0.25
DBG t=99 used=0.018 remain=0.018 turn_time=0.018 end_in=0.017 depth=0 dec=0 cand_cap=20 cand=50->20 pick(must/bucket/top/rand)=1/8/7/4 sims=17728 loop=17708 best_avg=-0.578549 best_move=3,2 leader=3 inc2=1 attack_w=0.25
DBG summary depth_safety_fired=0
Score = 116776
=== CASE 0002.txt ===
DBG hdr N=10 M=5 T=100 U=5 VMAX=1973 TIME_LIMIT=1.94 MAX_CAND=20 UCB_C=0.21
DBG t=0 used=0.02 remain=1.94 turn_time=0.0194 end_in=0.0194 depth=7 dec=0 cand_cap=20 cand=4->4 pick(must/bucket/top/rand)=1/2/1/0 sims=3620 loop=3616 best_avg=-1.20735 best_move=2,2 leader=2 inc2=1 attack_w=1
DBG t=12 used=0.02 remain=1.7 turn_time=0.0193182 end_in=0.0193182 depth=7 dec=0 cand_cap=20 cand=14->14 pick(must/bucket/top/rand)=1/5/8/0 sims=2622 loop=2608 best_avg=-1.08201 best_move=2,1 leader=3 inc2=1 attack_w=1
DBG t=24 used=0.02 remain=1.46 turn_time=0.0192105 end_in=0.0192105 depth=7 dec=0 cand_cap=20 cand=22->20 pick(must/bucket/top/rand)=1/6/9/4 sims=2332 loop=2312 best_avg=-0.98557 best_move=6,3 leader=3 inc2=1 attack_w=1
DBG t=37 used=0.02 remain=1.197 turn_time=0.019 end_in=0.019 depth=10 dec=0 cand_cap=20 cand=28->20 pick(must/bucket/top/rand)=1/6/9/4 sims=1348 loop=1328 best_avg=-0.830972 best_move=6,2 leader=3 inc2=1 attack_w=0.83227
DBG t=49 used=0.019 remain=0.968 turn_time=0.0189804 end_in=0.0189804 depth=10 dec=0 cand_cap=20 cand=23->20 pick(must/bucket/top/rand)=1/6/9/4 sims=1124 loop=1104 best_avg=-1.00697 best_move=6,7 leader=2 inc2=1 attack_w=0.638978
DBG t=61 used=0.019 remain=0.739 turn_time=0.0189487 end_in=0.0189487 depth=10 dec=0 cand_cap=20 cand=29->20 pick(must/bucket/top/rand)=1/6/9/4 sims=1252 loop=1232 best_avg=-0.827997 best_move=6,3 leader=2 inc2=1 attack_w=0.330616
DBG t=74 used=0.019 remain=0.492 turn_time=0.0189231 end_in=0.0189231 depth=11 dec=0 cand_cap=20 cand=32->20 pick(must/bucket/top/rand)=1/6/9/4 sims=924 loop=904 best_avg=-0.900463 best_move=5,0 leader=3 inc2=1 attack_w=0.47328
DBG t=86 used=0.019 remain=0.264 turn_time=0.0188571 end_in=0.0188571 depth=11 dec=0 cand_cap=20 cand=35->20 pick(must/bucket/top/rand)=1/8/7/4 sims=852 loop=832 best_avg=-1.00054 best_move=6,5 leader=4 inc2=1 attack_w=0.559008
DBG t=99 used=0.017 remain=0.017 turn_time=0.017 end_in=0.016 depth=0 dec=1 cand_cap=20 cand=33->20 pick(must/bucket/top/rand)=1/8/7/4 sims=15340 loop=15320 best_avg=-0.952692 best_move=6,1 leader=4 inc2=1 attack_w=1
DBG summary depth_safety_fired=1
Score = 90885
=== CASE 0005.txt ===
DBG hdr N=10 M=5 T=100 U=4 VMAX=1648 TIME_LIMIT=1.94 MAX_CAND=20 UCB_C=0.21
DBG t=0 used=0.02 remain=1.94 turn_time=0.0194 end_in=0.0194 depth=7 dec=0 cand_cap=20 cand=3->3 pick(must/bucket/top/rand)=1/2/0/0 sims=3299 loop=3296 best_avg=-1.08106 best_move=1,9 leader=4 inc2=1 attack_w=1
DBG t=12 used=0.02 remain=1.7 turn_time=0.0193182 end_in=0.0193182 depth=7 dec=0 cand_cap=20 cand=10->10 pick(must/bucket/top/rand)=1/5/4/0 sims=2658 loop=2648 best_avg=-0.833321 best_move=5,9 leader=4 inc2=1 attack_w=0.25
DBG t=24 used=0.02 remain=1.46 turn_time=0.0192105 end_in=0.0192105 depth=7 dec=0 cand_cap=20 cand=21->20 pick(must/bucket/top/rand)=1/4/11/4 sims=2208 loop=2188 best_avg=-0.85476 best_move=2,9 leader=4 inc2=0 attack_w=0.49565
DBG t=37 used=0.019 remain=1.196 turn_time=0.0189841 end_in=0.0189841 depth=10 dec=0 cand_cap=20 cand=23->20 pick(must/bucket/top/rand)=1/3/12/4 sims=1400 loop=1380 best_avg=-0.866965 best_move=7,7 leader=4 inc2=0 attack_w=0.267734
DBG t=49 used=0.019 remain=0.968 turn_time=0.0189804 end_in=0.0189804 depth=10 dec=0 cand_cap=20 cand=25->20 pick(must/bucket/top/rand)=1/4/11/4 sims=1272 loop=1252 best_avg=-0.84941 best_move=8,6 leader=4 inc2=0 attack_w=0.599452
DBG t=61 used=0.019 remain=0.74 turn_time=0.0189744 end_in=0.0189744 depth=10 dec=0 cand_cap=20 cand=28->20 pick(must/bucket/top/rand)=1/4/11/4 sims=1076 loop=1056 best_avg=-0.845745 best_move=7,9 leader=4 inc2=0 attack_w=0.573856
DBG t=74 used=0.019 remain=0.493 turn_time=0.0189615 end_in=0.0189615 depth=11 dec=0 cand_cap=20 cand=38->20 pick(must/bucket/top/rand)=1/6/9/4 sims=980 loop=960 best_avg=-0.799737 best_move=5,8 leader=4 inc2=0 attack_w=0.462565
DBG t=86 used=0.019 remain=0.265 turn_time=0.0189286 end_in=0.0189286 depth=11 dec=0 cand_cap=20 cand=37->20 pick(must/bucket/top/rand)=1/6/9/4 sims=916 loop=896 best_avg=-0.840186 best_move=8,4 leader=4 inc2=0 attack_w=0.522512
DBG t=99 used=0.018 remain=0.018 turn_time=0.018 end_in=0.017 depth=0 dec=0 cand_cap=20 cand=39->20 pick(must/bucket/top/rand)=1/6/9/4 sims=19280 loop=19260 best_avg=-0.832283 best_move=5,8 leader=4 inc2=0 attack_w=0.549852
DBG summary depth_safety_fired=0
Score = 100622
=== CASE 0003.txt ===
DBG hdr N=10 M=4 T=100 U=5 VMAX=1503 TIME_LIMIT=1.94 MAX_CAND=20 UCB_C=0.21
DBG t=0 used=0.02 remain=1.94 turn_time=0.0194 end_in=0.0194 depth=7 dec=0 cand_cap=20 cand=5->5 pick(must/bucket/top/rand)=1/2/2/0 sims=3965 loop=3960 best_avg=-1.08909 best_move=7,4 leader=1 inc2=0 attack_w=0.18704
DBG t=12 used=0.02 remain=1.7 turn_time=0.0193182 end_in=0.0193182 depth=7 dec=0 cand_cap=20 cand=11->11 pick(must/bucket/top/rand)=1/3/7/0 sims=3367 loop=3356 best_avg=-1.01125 best_move=7,5 leader=1 inc2=0 attack_w=0.453965
DBG t=24 used=0.02 remain=1.46 turn_time=0.0192105 end_in=0.0192105 depth=7 dec=0 cand_cap=20 cand=20->20 pick(must/bucket/top/rand)=1/6/9/4 sims=2648 loop=2628 best_avg=-0.873318 best_move=5,7 leader=1 inc2=0 attack_w=0.25
DBG t=37 used=0.02 remain=1.197 turn_time=0.019 end_in=0.019 depth=10 dec=0 cand_cap=20 cand=38->20 pick(must/bucket/top/rand)=1/6/9/4 sims=1476 loop=1456 best_avg=-0.789277 best_move=2,9 leader=1 inc2=0 attack_w=0.25
DBG t=49 used=0.019 remain=0.968 turn_time=0.0189804 end_in=0.0189804 depth=10 dec=0 cand_cap=20 cand=43->20 pick(must/bucket/top/rand)=1/6/9/4 sims=1324 loop=1304 best_avg=-0.732407 best_move=4,6 leader=1 inc2=0 attack_w=0.25
DBG t=61 used=0.019 remain=0.739 turn_time=0.0189487 end_in=0.0189487 depth=10 dec=0 cand_cap=20 cand=48->20 pick(must/bucket/top/rand)=1/5/10/4 sims=1268 loop=1248 best_avg=-0.735372 best_move=4,6 leader=1 inc2=0 attack_w=0.25
DBG t=74 used=0.019 remain=0.492 turn_time=0.0189231 end_in=0.0189231 depth=11 dec=0 cand_cap=20 cand=8->8 pick(must/bucket/top/rand)=1/5/2/0 sims=904 loop=896 best_avg=-0.616093 best_move=2,7 leader=1 inc2=1 attack_w=0.25
DBG t=86 used=0.019 remain=0.264 turn_time=0.0188571 end_in=0.0188571 depth=11 dec=0 cand_cap=20 cand=50->20 pick(must/bucket/top/rand)=1/8/7/4 sims=1004 loop=984 best_avg=-0.519493 best_move=3,7 leader=3 inc2=1 attack_w=0.25
DBG t=99 used=0.017 remain=0.017 turn_time=0.017 end_in=0.016 depth=0 dec=1 cand_cap=20 cand=48->20 pick(must/bucket/top/rand)=1/8/7/4 sims=24332 loop=24312 best_avg=-0.574604 best_move=3,5 leader=3 inc2=1 attack_w=0.25
DBG summary depth_safety_fired=1
Score = 140637
=== CASE 0004.txt ===
DBG hdr N=10 M=7 T=100 U=2 VMAX=2345 TIME_LIMIT=1.94 MAX_CAND=20 UCB_C=0.21
DBG t=0 used=0.02 remain=1.94 turn_time=0.0194 end_in=0.0194 depth=7 dec=0 cand_cap=20 cand=5->5 pick(must/bucket/top/rand)=1/2/2/0 sims=2413 loop=2408 best_avg=-0.385583 best_move=6,6 leader=3 inc2=1 attack_w=0.27142
DBG t=12 used=0.02 remain=1.7 turn_time=0.0193182 end_in=0.0193182 depth=7 dec=0 cand_cap=20 cand=15->15 pick(must/bucket/top/rand)=1/7/7/0 sims=1671 loop=1656 best_avg=-0.144587 best_move=8,3 leader=3 inc2=1 attack_w=0.475834
DBG t=24 used=0.02 remain=1.46 turn_time=0.0192105 end_in=0.0192105 depth=7 dec=0 cand_cap=20 cand=21->20 pick(must/bucket/top/rand)=1/6/9/4 sims=1760 loop=1740 best_avg=-0.131827 best_move=9,2 leader=4 inc2=1 attack_w=0.25
DBG t=37 used=0.02 remain=1.199 turn_time=0.0190317 end_in=0.0190317 depth=10 dec=0 cand_cap=20 cand=23->20 pick(must/bucket/top/rand)=1/5/10/4 sims=1184 loop=1164 best_avg=-0.435507 best_move=8,0 leader=4 inc2=1 attack_w=0.25
DBG t=49 used=0.019 remain=0.968 turn_time=0.0189804 end_in=0.0189804 depth=10 dec=0 cand_cap=20 cand=26->20 pick(must/bucket/top/rand)=1/7/8/4 sims=1136 loop=1116 best_avg=-0.195356 best_move=8,0 leader=1 inc2=1 attack_w=0.25
DBG t=61 used=0.019 remain=0.738 turn_time=0.0189231 end_in=0.0189231 depth=10 dec=0 cand_cap=20 cand=17->17 pick(must/bucket/top/rand)=1/4/11/1 sims=1205 loop=1188 best_avg=-0.272482 best_move=4,2 leader=1 inc2=1 attack_w=0.255027
DBG t=74 used=0.019 remain=0.491 turn_time=0.0188846 end_in=0.0188846 depth=11 dec=0 cand_cap=20 cand=21->20 pick(must/bucket/top/rand)=1/5/10/4 sims=1056 loop=1036 best_avg=0.0563027 best_move=4,2 leader=2 inc2=1 attack_w=0.25
DBG t=86 used=0.019 remain=0.263 turn_time=0.0187857 end_in=0.0187857 depth=11 dec=0 cand_cap=20 cand=30->20 pick(must/bucket/top/rand)=1/7/8/4 sims=988 loop=968 best_avg=0.184954 best_move=9,3 leader=4 inc2=1 attack_w=0.25
DBG t=99 used=0.017 remain=0.017 turn_time=0.017 end_in=0.016 depth=0 dec=1 cand_cap=20 cand=35->20 pick(must/bucket/top/rand)=1/8/7/4 sims=19768 loop=19748 best_avg=0.438603 best_move=9,3 leader=2 inc2=1 attack_w=0.25
DBG summary depth_safety_fired=2
Score = 179260
=== CASE 0000.txt ===
DBG hdr N=10 M=4 T=100 U=2 VMAX=1656 TIME_LIMIT=1.94 MAX_CAND=20 UCB_C=0.21
DBG t=0 used=0.02 remain=1.94 turn_time=0.0194 end_in=0.0194 depth=7 dec=0 cand_cap=20 cand=5->5 pick(must/bucket/top/rand)=1/2/2/0 sims=3793 loop=3788 best_avg=-1.24071 best_move=8,3 leader=1 inc2=1 attack_w=1
DBG t=12 used=0.02 remain=1.7 turn_time=0.0193182 end_in=0.0193182 depth=7 dec=0 cand_cap=20 cand=15->15 pick(must/bucket/top/rand)=1/6/8/0 sims=2659 loop=2644 best_avg=-1.43147 best_move=9,2 leader=1 inc2=1 attack_w=0.960878
DBG t=24 used=0.02 remain=1.46 turn_time=0.0192105 end_in=0.0192105 depth=7 dec=0 cand_cap=20 cand=22->20 pick(must/bucket/top/rand)=1/5/10/4 sims=2072 loop=2052 best_avg=-1.55111 best_move=9,7 leader=3 inc2=1 attack_w=1
DBG t=37 used=0.02 remain=1.198 turn_time=0.0190159 end_in=0.0190159 depth=10 dec=0 cand_cap=20 cand=32->20 pick(must/bucket/top/rand)=1/8/7/4 sims=1420 loop=1400 best_avg=-1.20351 best_move=5,4 leader=3 inc2=1 attack_w=1
DBG t=49 used=0.019 remain=0.968 turn_time=0.0189804 end_in=0.0189804 depth=10 dec=0 cand_cap=20 cand=41->20 pick(must/bucket/top/rand)=1/8/7/4 sims=1156 loop=1136 best_avg=-0.898695 best_move=5,3 leader=1 inc2=1 attack_w=0.478744
DBG t=61 used=0.019 remain=0.733 turn_time=0.0187949 end_in=0.0187949 depth=10 dec=0 cand_cap=20 cand=45->20 pick(must/bucket/top/rand)=1/8/7/4 sims=1084 loop=1064 best_avg=-0.684488 best_move=1,4 leader=1 inc2=1 attack_w=0.25
DBG t=74 used=0.019 remain=0.486 turn_time=0.0186923 end_in=0.0186923 depth=11 dec=0 cand_cap=20 cand=53->20 pick(must/bucket/top/rand)=1/8/7/4 sims=888 loop=868 best_avg=-0.213741 best_move=3,3 leader=1 inc2=1 attack_w=0.25
DBG t=86 used=0.019 remain=0.258 turn_time=0.0184286 end_in=0.0184286 depth=11 dec=0 cand_cap=20 cand=58->20 pick(must/bucket/top/rand)=1/7/8/4 sims=1036 loop=1016 best_avg=0.226395 best_move=3,6 leader=1 inc2=1 attack_w=0.25
DBG t=99 used=0.017 remain=0.017 turn_time=0.017 end_in=0.016 depth=0 dec=1 cand_cap=20 cand=65->20 pick(must/bucket/top/rand)=1/7/8/4 sims=34684 loop=34664 best_avg=0.312601 best_move=2,2 leader=3 inc2=0 attack_w=0.25
DBG summary depth_safety_fired=8
Score = 227329
=== CASE 0009.txt ===
DBG hdr N=10 M=8 T=100 U=5 VMAX=1485 TIME_LIMIT=1.94 MAX_CAND=20 UCB_C=0.21
DBG t=0 used=0.02 remain=1.94 turn_time=0.0194 end_in=0.0194 depth=7 dec=0 cand_cap=20 cand=4->4 pick(must/bucket/top/rand)=1/2/1/0 sims=2108 loop=2104 best_avg=-0.491054 best_move=9,3 leader=7 inc2=1 attack_w=1
DBG t=12 used=0.02 remain=1.7 turn_time=0.0193182 end_in=0.0193182 depth=7 dec=0 cand_cap=20 cand=17->17 pick(must/bucket/top/rand)=1/5/10/1 sims=1469 loop=1452 best_avg=-0.358566 best_move=6,1 leader=1 inc2=1 attack_w=0.271206
DBG t=24 used=0.02 remain=1.46 turn_time=0.0192105 end_in=0.0192105 depth=7 dec=0 cand_cap=20 cand=23->20 pick(must/bucket/top/rand)=1/8/7/4 sims=1452 loop=1432 best_avg=-0.0946239 best_move=6,1 leader=4 inc2=1 attack_w=0.25
DBG t=37 used=0.02 remain=1.2 turn_time=0.0190476 end_in=0.0190476 depth=10 dec=0 cand_cap=20 cand=28->20 pick(must/bucket/top/rand)=1/7/8/4 sims=912 loop=892 best_avg=0.0124005 best_move=7,0 leader=4 inc2=1 attack_w=0.25
DBG t=49 used=0.019 remain=0.968 turn_time=0.0189804 end_in=0.0189804 depth=10 dec=0 cand_cap=20 cand=26->20 pick(must/bucket/top/rand)=1/8/7/4 sims=912 loop=892 best_avg=-0.0268549 best_move=5,0 leader=2 inc2=1 attack_w=0.25
DBG t=61 used=0.019 remain=0.74 turn_time=0.0189744 end_in=0.0189744 depth=10 dec=0 cand_cap=20 cand=26->20 pick(must/bucket/top/rand)=1/8/7/4 sims=916 loop=896 best_avg=-0.0571412 best_move=8,3 leader=2 inc2=1 attack_w=0.25
DBG t=74 used=0.019 remain=0.493 turn_time=0.0189615 end_in=0.0189615 depth=11 dec=0 cand_cap=20 cand=27->20 pick(must/bucket/top/rand)=1/8/7/4 sims=812 loop=792 best_avg=-0.0260666 best_move=7,0 leader=4 inc2=1 attack_w=0.25
DBG t=86 used=0.019 remain=0.265 turn_time=0.0189286 end_in=0.0189286 depth=11 dec=0 cand_cap=20 cand=29->20 pick(must/bucket/top/rand)=1/7/8/4 sims=844 loop=824 best_avg=-0.0455686 best_move=4,1 leader=4 inc2=1 attack_w=0.25
DBG t=99 used=0.018 remain=0.018 turn_time=0.018 end_in=0.017 depth=0 dec=0 cand_cap=20 cand=29->20 pick(must/bucket/top/rand)=1/7/8/4 sims=17188 loop=17168 best_avg=0.0120812 best_move=9,0 leader=4 inc2=1 attack_w=0.25
DBG summary depth_safety_fired=0
Score = 138029
=== CASE 0010.txt ===
DBG hdr N=10 M=3 T=100 U=3 VMAX=1484 TIME_LIMIT=1.94 MAX_CAND=20 UCB_C=0.21
DBG t=0 used=0.02 remain=1.94 turn_time=0.0194 end_in=0.0194 depth=7 dec=0 cand_cap=20 cand=5->5 pick(must/bucket/top/rand)=1/2/2/0 sims=3921 loop=3916 best_avg=-1.48208 best_move=3,6 leader=1 inc2=1 attack_w=1
DBG t=12 used=0.02 remain=1.7 turn_time=0.0193182 end_in=0.0193182 depth=7 dec=0 cand_cap=20 cand=24->20 pick(must/bucket/top/rand)=1/6/9/4 sims=2472 loop=2452 best_avg=-1.48424 best_move=3,8 leader=1 inc2=1 attack_w=0.484978
DBG t=24 used=0.02 remain=1.46 turn_time=0.0192105 end_in=0.0192105 depth=7 dec=0 cand_cap=20 cand=18->18 pick(must/bucket/top/rand)=1/8/7/2 sims=2878 loop=2860 best_avg=-1.48313 best_move=5,7 leader=1 inc2=1 attack_w=0.387762
DBG t=37 used=0.02 remain=1.2 turn_time=0.0190476 end_in=0.0190476 depth=10 dec=0 cand_cap=20 cand=43->20 pick(must/bucket/top/rand)=1/8/7/4 sims=1472 loop=1452 best_avg=-1.43103 best_move=5,2 leader=1 inc2=1 attack_w=0.25
DBG t=49 used=0.019 remain=0.967 turn_time=0.0189608 end_in=0.0189608 depth=10 dec=0 cand_cap=20 cand=49->20 pick(must/bucket/top/rand)=1/8/7/4 sims=1068 loop=1048 best_avg=-1.44188 best_move=5,1 leader=2 inc2=1 attack_w=0.25
DBG t=61 used=0.019 remain=0.739 turn_time=0.0189487 end_in=0.0189487 depth=10 dec=0 cand_cap=20 cand=49->20 pick(must/bucket/top/rand)=1/8/7/4 sims=1172 loop=1152 best_avg=-1.5326 best_move=4,3 leader=1 inc2=1 attack_w=0.304276
DBG t=74 used=0.019 remain=0.492 turn_time=0.0189231 end_in=0.0189231 depth=11 dec=0 cand_cap=20 cand=56->20 pick(must/bucket/top/rand)=1/8/7/4 sims=960 loop=940 best_avg=-1.54053 best_move=3,4 leader=1 inc2=1 attack_w=0.25
DBG t=86 used=0.019 remain=0.264 turn_time=0.0188571 end_in=0.0188571 depth=11 dec=0 cand_cap=20 cand=7->7 pick(must/bucket/top/rand)=1/3/3/0 sims=1511 loop=1504 best_avg=-1.67529 best_move=4,1 leader=1 inc2=1 attack_w=0.396954
DBG t=99 used=0.017 remain=0.017 turn_time=0.017 end_in=0.016 depth=0 dec=1 cand_cap=20 cand=13->13 pick(must/bucket/top/rand)=1/7/5/0 sims=21697 loop=21684 best_avg=-1.53606 best_move=4,0 leader=1 inc2=1 attack_w=0.296127
DBG summary depth_safety_fired=1
Score = 108559
=== CASE 0008.txt ===
DBG hdr N=10 M=4 T=100 U=2 VMAX=1885 TIME_LIMIT=1.94 MAX_CAND=20 UCB_C=0.21
DBG t=0 used=0.02 remain=1.94 turn_time=0.0194 end_in=0.0194 depth=7 dec=0 cand_cap=20 cand=5->5 pick(must/bucket/top/rand)=1/2/2/0 sims=3349 loop=3344 best_avg=-1.10318 best_move=8,6 leader=3 inc2=0 attack_w=0.15
DBG t=12 used=0.02 remain=1.7 turn_time=0.0193182 end_in=0.0193182 depth=7 dec=0 cand_cap=20 cand=20->20 pick(must/bucket/top/rand)=1/4/11/4 sims=1864 loop=1844 best_avg=-0.865429 best_move=7,5 leader=3 inc2=1 attack_w=0.25
DBG t=24 used=0.02 remain=1.46 turn_time=0.0192105 end_in=0.0192105 depth=7 dec=0 cand_cap=20 cand=33->20 pick(must/bucket/top/rand)=1/7/8/4 sims=1788 loop=1768 best_avg=-0.635863 best_move=4,5 leader=2 inc2=1 attack_w=0.25
DBG t=37 used=0.02 remain=1.2 turn_time=0.0190476 end_in=0.0190476 depth=10 dec=0 cand_cap=20 cand=38->20 pick(must/bucket/top/rand)=1/8/7/4 sims=964 loop=944 best_avg=-0.723368 best_move=9,7 leader=1 inc2=1 attack_w=0.25
DBG t=49 used=0.019 remain=0.968 turn_time=0.0189804 end_in=0.0189804 depth=10 dec=0 cand_cap=20 cand=37->20 pick(must/bucket/top/rand)=1/4/11/4 sims=1072 loop=1052 best_avg=-0.683761 best_move=7,5 leader=1 inc2=0 attack_w=0.25
DBG t=61 used=0.019 remain=0.74 turn_time=0.0189744 end_in=0.0189744 depth=10 dec=0 cand_cap=20 cand=37->20 pick(must/bucket/top/rand)=1/8/7/4 sims=992 loop=972 best_avg=-0.710953 best_move=4,9 leader=1 inc2=1 attack_w=0.25
DBG t=74 used=0.019 remain=0.493 turn_time=0.0189615 end_in=0.0189615 depth=11 dec=0 cand_cap=20 cand=43->20 pick(must/bucket/top/rand)=1/5/10/4 sims=944 loop=924 best_avg=-0.750242 best_move=3,9 leader=1 inc2=0 attack_w=0.25
DBG t=86 used=0.019 remain=0.265 turn_time=0.0189286 end_in=0.0189286 depth=11 dec=0 cand_cap=20 cand=57->20 pick(must/bucket/top/rand)=1/6/9/4 sims=904 loop=884 best_avg=-0.607481 best_move=0,7 leader=1 inc2=0 attack_w=0.25
DBG t=99 used=0.018 remain=0.018 turn_time=0.018 end_in=0.017 depth=0 dec=0 cand_cap=20 cand=70->20 pick(must/bucket/top/rand)=1/6/9/4 sims=28932 loop=28912 best_avg=-0.486764 best_move=7,2 leader=1 inc2=0 attack_w=0.25
DBG summary depth_safety_fired=0
Score = 145172
=== CASE 0007.txt ===
DBG hdr N=10 M=7 T=100 U=2 VMAX=1467 TIME_LIMIT=1.94 MAX_CAND=20 UCB_C=0.21
DBG t=0 used=0.02 remain=1.94 turn_time=0.0194 end_in=0.0194 depth=7 dec=0 cand_cap=20 cand=5->5 pick(must/bucket/top/rand)=1/2/2/0 sims=2129 loop=2124 best_avg=-0.930327 best_move=4,5 leader=5 inc2=1 attack_w=1
DBG t=12 used=0.02 remain=1.7 turn_time=0.0193182 end_in=0.0193182 depth=7 dec=0 cand_cap=20 cand=15->15 pick(must/bucket/top/rand)=1/3/11/0 sims=1751 loop=1736 best_avg=-1.1128 best_move=8,4 leader=6 inc2=1 attack_w=1
DBG t=24 used=0.02 remain=1.46 turn_time=0.0192105 end_in=0.0192105 depth=7 dec=0 cand_cap=20 cand=4->4 pick(must/bucket/top/rand)=1/2/1/0 sims=1588 loop=1584 best_avg=-1.03949 best_move=9,2 leader=6 inc2=1 attack_w=1
DBG t=37 used=0.02 remain=1.2 turn_time=0.0190476 end_in=0.0190476 depth=10 dec=0 cand_cap=20 cand=24->20 pick(must/bucket/top/rand)=1/7/8/4 sims=956 loop=936 best_avg=-0.498153 best_move=9,6 leader=4 inc2=1 attack_w=0.872732
DBG t=49 used=0.019 remain=0.968 turn_time=0.0189804 end_in=0.0189804 depth=10 dec=0 cand_cap=20 cand=33->20 pick(must/bucket/top/rand)=1/8/7/4 sims=912 loop=892 best_avg=-0.0174608 best_move=8,7 leader=6 inc2=1 attack_w=0.25
DBG t=61 used=0.019 remain=0.74 turn_time=0.0189744 end_in=0.0189744 depth=10 dec=0 cand_cap=20 cand=35->20 pick(must/bucket/top/rand)=1/6/9/4 sims=1020 loop=1000 best_avg=0.142993 best_move=8,2 leader=5 inc2=1 attack_w=0.25
DBG t=74 used=0.019 remain=0.493 turn_time=0.0189615 end_in=0.0189615 depth=11 dec=0 cand_cap=20 cand=37->20 pick(must/bucket/top/rand)=1/7/8/4 sims=900 loop=880 best_avg=0.339485 best_move=8,0 leader=6 inc2=1 attack_w=0.25
DBG t=86 used=0.019 remain=0.265 turn_time=0.0189286 end_in=0.0189286 depth=11 dec=0 cand_cap=20 cand=36->20 pick(must/bucket/top/rand)=1/5/10/4 sims=892 loop=872 best_avg=0.256259 best_move=6,5 leader=5 inc2=1 attack_w=0.25
DBG t=99 used=0.018 remain=0.018 turn_time=0.018 end_in=0.017 depth=0 dec=0 cand_cap=20 cand=42->20 pick(must/bucket/top/rand)=1/4/11/4 sims=21140 loop=21120 best_avg=0.41919 best_move=4,5 leader=5 inc2=1 attack_w=0.25
DBG summary depth_safety_fired=0
Score = 178914
=== CASE 0006.txt ===
DBG hdr N=10 M=2 T=100 U=1 VMAX=1434 TIME_LIMIT=1.94 MAX_CAND=20 UCB_C=0.21
DBG t=0 used=0.02 remain=1.94 turn_time=0.0194 end_in=0.0194 depth=7 dec=0 cand_cap=20 cand=4->4 pick(must/bucket/top/rand)=1/2/1/0 sims=5328 loop=5324 best_avg=-2.80009 best_move=3,0 leader=1 inc2=1 attack_w=1
DBG t=12 used=0.02 remain=1.7 turn_time=0.0193182 end_in=0.0193182 depth=7 dec=0 cand_cap=20 cand=30->20 pick(must/bucket/top/rand)=1/3/12/4 sims=2964 loop=2944 best_avg=-2.52813 best_move=5,6 leader=1 inc2=1 attack_w=0.25
DBG t=24 used=0.02 remain=1.46 turn_time=0.0192105 end_in=0.0192105 depth=7 dec=0 cand_cap=20 cand=21->20 pick(must/bucket/top/rand)=1/6/9/4 sims=3496 loop=3476 best_avg=-2.1015 best_move=1,9 leader=1 inc2=1 attack_w=0.25
DBG t=37 used=0.02 remain=1.2 turn_time=0.0190476 end_in=0.0190476 depth=10 dec=0 cand_cap=20 cand=16->16 pick(must/bucket/top/rand)=1/5/10/0 sims=2112 loop=2096 best_avg=-1.85057 best_move=4,7 leader=1 inc2=1 attack_w=0.25
DBG t=49 used=0.019 remain=0.968 turn_time=0.0189804 end_in=0.0189804 depth=10 dec=0 cand_cap=20 cand=23->20 pick(must/bucket/top/rand)=1/4/11/4 sims=1860 loop=1840 best_avg=-1.71147 best_move=3,5 leader=1 inc2=1 attack_w=0.25
DBG t=61 used=0.019 remain=0.74 turn_time=0.0189744 end_in=0.0189744 depth=10 dec=0 cand_cap=20 cand=20->20 pick(must/bucket/top/rand)=1/5/10/4 sims=1900 loop=1880 best_avg=-1.6855 best_move=4,8 leader=1 inc2=1 attack_w=0.25
DBG t=74 used=0.019 remain=0.493 turn_time=0.0189615 end_in=0.0189615 depth=11 dec=0 cand_cap=20 cand=55->20 pick(must/bucket/top/rand)=1/6/9/4 sims=1504 loop=1484 best_avg=-1.65543 best_move=4,7 leader=1 inc2=1 attack_w=0.25
DBG t=86 used=0.019 remain=0.265 turn_time=0.0189286 end_in=0.0189286 depth=11 dec=0 cand_cap=20 cand=52->20 pick(must/bucket/top/rand)=1/6/9/4 sims=1396 loop=1376 best_avg=-1.46344 best_move=1,9 leader=1 inc2=1 attack_w=0.25
DBG t=99 used=0.018 remain=0.018 turn_time=0.018 end_in=0.017 depth=0 dec=0 cand_cap=20 cand=56->20 pick(must/bucket/top/rand)=1/6/9/4 sims=62600 loop=62580 best_avg=-0.483962 best_move=5,6 leader=1 inc2=1 attack_w=0.25
DBG summary depth_safety_fired=0
Score = 314876
=== CASE 0011.txt ===
DBG hdr N=10 M=4 T=100 U=3 VMAX=1057 TIME_LIMIT=1.94 MAX_CAND=20 UCB_C=0.21
DBG t=0 used=0.02 remain=1.94 turn_time=0.0194 end_in=0.0194 depth=7 dec=0 cand_cap=20 cand=4->4 pick(must/bucket/top/rand)=1/2/1/0 sims=3208 loop=3204 best_avg=-0.933709 best_move=1,0 leader=1 inc2=1 attack_w=0.286689
DBG t=12 used=0.02 remain=1.7 turn_time=0.0193182 end_in=0.0193182 depth=7 dec=0 cand_cap=20 cand=14->14 pick(must/bucket/top/rand)=1/2/11/0 sims=1970 loop=1956 best_avg=-0.992994 best_move=1,3 leader=2 inc2=1 attack_w=0.528949
DBG t=24 used=0.02 remain=1.46 turn_time=0.0192105 end_in=0.0192105 depth=7 dec=0 cand_cap=20 cand=33->20 pick(must/bucket/top/rand)=1/6/9/4 sims=2312 loop=2292 best_avg=-0.812429 best_move=0,3 leader=1 inc2=1 attack_w=0.25
DBG t=37 used=0.02 remain=1.2 turn_time=0.0190476 end_in=0.0190476 depth=10 dec=0 cand_cap=20 cand=44->20 pick(must/bucket/top/rand)=1/8/7/4 sims=1164 loop=1144 best_avg=-0.637814 best_move=2,8 leader=2 inc2=1 attack_w=0.25
DBG t=49 used=0.019 remain=0.963 turn_time=0.0188824 end_in=0.0188824 depth=10 dec=0 cand_cap=20 cand=9->9 pick(must/bucket/top/rand)=1/7/1/0 sims=1265 loop=1256 best_avg=-0.597664 best_move=5,8 leader=2 inc2=1 attack_w=0.25
DBG t=61 used=0.019 remain=0.735 turn_time=0.0188462 end_in=0.0188462 depth=10 dec=0 cand_cap=20 cand=55->20 pick(must/bucket/top/rand)=1/8/7/4 sims=960 loop=940 best_avg=-0.512799 best_move=4,4 leader=1 inc2=1 attack_w=0.25
DBG t=74 used=0.019 remain=0.488 turn_time=0.0187692 end_in=0.0187692 depth=11 dec=0 cand_cap=20 cand=67->20 pick(must/bucket/top/rand)=1/8/7/4 sims=780 loop=760 best_avg=-0.749745 best_move=8,2 leader=1 inc2=1 attack_w=0.25
DBG t=86 used=0.019 remain=0.26 turn_time=0.0185714 end_in=0.0185714 depth=11 dec=0 cand_cap=20 cand=13->13 pick(must/bucket/top/rand)=1/6/6/0 sims=961 loop=948 best_avg=-0.878398 best_move=9,3 leader=1 inc2=1 attack_w=0.25
DBG t=99 used=0.017 remain=0.017 turn_time=0.017 end_in=0.016 depth=0 dec=1 cand_cap=20 cand=17->17 pick(must/bucket/top/rand)=1/5/10/1 sims=22921 loop=22904 best_avg=-1.01698 best_move=6,2 leader=2 inc2=1 attack_w=0.419304
DBG summary depth_safety_fired=6
Score = 99579
=== CASE 0013.txt ===
DBG hdr N=10 M=2 T=100 U=1 VMAX=2489 TIME_LIMIT=1.94 MAX_CAND=20 UCB_C=0.21
DBG t=0 used=0.02 remain=1.94 turn_time=0.0194 end_in=0.0194 depth=7 dec=0 cand_cap=20 cand=3->3 pick(must/bucket/top/rand)=1/2/0/0 sims=5575 loop=5572 best_avg=-3.475 best_move=9,1 leader=1 inc2=1 attack_w=1
DBG t=12 used=0.02 remain=1.7 turn_time=0.0193182 end_in=0.0193182 depth=7 dec=0 cand_cap=20 cand=4->4 pick(must/bucket/top/rand)=1/2/1/0 sims=3992 loop=3988 best_avg=-2.43249 best_move=6,8 leader=1 inc2=1 attack_w=0.25
DBG t=24 used=0.02 remain=1.46 turn_time=0.0192105 end_in=0.0192105 depth=7 dec=0 cand_cap=20 cand=24->20 pick(must/bucket/top/rand)=1/6/9/4 sims=3444 loop=3424 best_avg=-2.08763 best_move=8,7 leader=1 inc2=1 attack_w=0.25
DBG t=37 used=0.02 remain=1.2 turn_time=0.0190476 end_in=0.0190476 depth=10 dec=0 cand_cap=20 cand=16->16 pick(must/bucket/top/rand)=1/4/11/0 sims=2104 loop=2088 best_avg=-2.17033 best_move=7,5 leader=1 inc2=1 attack_w=0.25
DBG t=49 used=0.019 remain=0.968 turn_time=0.0189804 end_in=0.0189804 depth=10 dec=0 cand_cap=20 cand=50->20 pick(must/bucket/top/rand)=1/6/9/4 sims=1420 loop=1400 best_avg=-1.22652 best_move=6,3 leader=1 inc2=1 attack_w=0.25
DBG t=61 used=0.019 remain=0.74 turn_time=0.0189744 end_in=0.0189744 depth=10 dec=0 cand_cap=20 cand=59->20 pick(must/bucket/top/rand)=1/5/10/4 sims=1372 loop=1352 best_avg=-0.855261 best_move=8,2 leader=1 inc2=1 attack_w=0.25
DBG t=74 used=0.019 remain=0.493 turn_time=0.0189615 end_in=0.0189615 depth=11 dec=0 cand_cap=20 cand=69->20 pick(must/bucket/top/rand)=1/6/9/4 sims=1092 loop=1072 best_avg=-0.837883 best_move=1,3 leader=1 inc2=1 attack_w=0.25
DBG t=86 used=0.019 remain=0.265 turn_time=0.0189286 end_in=0.0189286 depth=11 dec=0 cand_cap=20 cand=79->20 pick(must/bucket/top/rand)=1/6/9/4 sims=992 loop=972 best_avg=-1.17967 best_move=3,6 leader=1 inc2=1 attack_w=0.25
DBG t=99 used=0.018 remain=0.018 turn_time=0.018 end_in=0.017 depth=0 dec=0 cand_cap=20 cand=89->20 pick(must/bucket/top/rand)=1/5/10/4 sims=56300 loop=56280 best_avg=-0.19008 best_move=4,7 leader=1 inc2=1 attack_w=0.25
DBG summary depth_safety_fired=0
Score = 356417
=== CASE 0016.txt ===
DBG hdr N=10 M=3 T=100 U=1 VMAX=1697 TIME_LIMIT=1.94 MAX_CAND=20 UCB_C=0.21
DBG t=0 used=0.02 remain=1.94 turn_time=0.0194 end_in=0.0194 depth=7 dec=0 cand_cap=20 cand=5->5 pick(must/bucket/top/rand)=1/3/1/0 sims=4441 loop=4436 best_avg=-1.63842 best_move=4,7 leader=2 inc2=1 attack_w=0.15
DBG t=12 used=0.02 remain=1.7 turn_time=0.0193182 end_in=0.0193182 depth=7 dec=0 cand_cap=20 cand=25->20 pick(must/bucket/top/rand)=1/6/9/4 sims=2800 loop=2780 best_avg=-1.14425 best_move=3,6 leader=2 inc2=1 attack_w=0.25
DBG t=24 used=0.02 remain=1.46 turn_time=0.0192105 end_in=0.0192105 depth=7 dec=0 cand_cap=20 cand=40->20 pick(must/bucket/top/rand)=1/6/9/4 sims=1948 loop=1928 best_avg=-0.925516 best_move=7,8 leader=1 inc2=1 attack_w=0.25
DBG t=37 used=0.02 remain=1.2 turn_time=0.0190476 end_in=0.0190476 depth=10 dec=0 cand_cap=20 cand=50->20 pick(must/bucket/top/rand)=1/6/9/4 sims=1100 loop=1080 best_avg=-0.899516 best_move=8,9 leader=2 inc2=1 attack_w=0.25
DBG t=49 used=0.019 remain=0.968 turn_time=0.0189804 end_in=0.0189804 depth=10 dec=0 cand_cap=20 cand=49->20 pick(must/bucket/top/rand)=1/6/9/4 sims=1096 loop=1076 best_avg=-0.958665 best_move=2,2 leader=2 inc2=1 attack_w=0.25
DBG t=61 used=0.019 remain=0.74 turn_time=0.0189744 end_in=0.0189744 depth=10 dec=0 cand_cap=20 cand=61->20 pick(must/bucket/top/rand)=1/6/9/4 sims=1104 loop=1084 best_avg=-0.499494 best_move=3,2 leader=2 inc2=1 attack_w=0.25
DBG t=74 used=0.019 remain=0.493 turn_time=0.0189615 end_in=0.0189615 depth=11 dec=0 cand_cap=20 cand=79->20 pick(must/bucket/top/rand)=1/6/9/4 sims=932 loop=912 best_avg=0.121476 best_move=6,4 leader=2 inc2=1 attack_w=0.25
DBG t=86 used=0.019 remain=0.265 turn_time=0.0189286 end_in=0.0189286 depth=11 dec=0 cand_cap=20 cand=90->20 pick(must/bucket/top/rand)=1/6/9/4 sims=780 loop=760 best_avg=0.378464 best_move=7,4 leader=2 inc2=1 attack_w=0.25
DBG t=99 used=0.018 remain=0.018 turn_time=0.018 end_in=0.017 depth=0 dec=0 cand_cap=20 cand=94->20 pick(must/bucket/top/rand)=1/6/9/4 sims=45396 loop=45376 best_avg=1.17063 best_move=7,6 leader=2 inc2=1 attack_w=0.25
DBG summary depth_safety_fired=0
Score = 378657
=== CASE 0012.txt ===
DBG hdr N=10 M=3 T=100 U=2 VMAX=1321 TIME_LIMIT=1.94 MAX_CAND=20 UCB_C=0.21
DBG t=0 used=0.02 remain=1.94 turn_time=0.0194 end_in=0.0194 depth=7 dec=0 cand_cap=20 cand=3->3 pick(must/bucket/top/rand)=1/2/0/0 sims=4471 loop=4468 best_avg=-1.39418 best_move=8,9 leader=1 inc2=1 attack_w=0.317234
DBG t=12 used=0.02 remain=1.7 turn_time=0.0193182 end_in=0.0193182 depth=7 dec=0 cand_cap=20 cand=19->19 pick(must/bucket/top/rand)=1/3/12/3 sims=2667 loop=2648 best_avg=-1.62139 best_move=5,8 leader=2 inc2=1 attack_w=0.61281
DBG t=24 used=0.02 remain=1.46 turn_time=0.0192105 end_in=0.0192105 depth=7 dec=0 cand_cap=20 cand=31->20 pick(must/bucket/top/rand)=1/7/8/4 sims=1724 loop=1704 best_avg=-1.3048 best_move=6,5 leader=2 inc2=1 attack_w=0.25
DBG t=37 used=0.02 remain=1.2 turn_time=0.0190476 end_in=0.0190476 depth=10 dec=0 cand_cap=20 cand=35->20 pick(must/bucket/top/rand)=1/8/7/4 sims=1236 loop=1216 best_avg=-1.43968 best_move=4,5 leader=1 inc2=1 attack_w=0.25
DBG t=49 used=0.019 remain=0.968 turn_time=0.0189804 end_in=0.0189804 depth=10 dec=0 cand_cap=20 cand=49->20 pick(must/bucket/top/rand)=1/8/7/4 sims=1056 loop=1036 best_avg=-1.37185 best_move=3,5 leader=1 inc2=1 attack_w=0.25
DBG t=61 used=0.019 remain=0.74 turn_time=0.0189744 end_in=0.0189744 depth=10 dec=0 cand_cap=20 cand=60->20 pick(must/bucket/top/rand)=1/8/7/4 sims=1008 loop=988 best_avg=-1.24284 best_move=3,0 leader=1 inc2=1 attack_w=0.25
DBG t=74 used=0.019 remain=0.493 turn_time=0.0189615 end_in=0.0189615 depth=11 dec=0 cand_cap=20 cand=20->20 pick(must/bucket/top/rand)=1/8/7/4 sims=956 loop=936 best_avg=-1.1136 best_move=7,2 leader=1 inc2=1 attack_w=0.25
DBG t=86 used=0.019 remain=0.265 turn_time=0.0189286 end_in=0.0189286 depth=11 dec=0 cand_cap=20 cand=81->20 pick(must/bucket/top/rand)=1/8/7/4 sims=692 loop=672 best_avg=-0.986657 best_move=4,9 leader=1 inc2=1 attack_w=0.25
DBG t=99 used=0.018 remain=0.018 turn_time=0.018 end_in=0.017 depth=0 dec=0 cand_cap=20 cand=75->20 pick(must/bucket/top/rand)=1/8/7/4 sims=24824 loop=24804 best_avg=-0.964805 best_move=5,7 leader=1 inc2=1 attack_w=0.25
DBG summary depth_safety_fired=0
Score = 149239
=== CASE 0015.txt ===
DBG hdr N=10 M=5 T=100 U=4 VMAX=4555 TIME_LIMIT=1.94 MAX_CAND=20 UCB_C=0.21
DBG t=0 used=0.02 remain=1.94 turn_time=0.0194 end_in=0.0194 depth=7 dec=0 cand_cap=20 cand=4->4 pick(must/bucket/top/rand)=1/2/1/0 sims=3496 loop=3492 best_avg=-1.16449 best_move=1,9 leader=4 inc2=0 attack_w=0.875226
DBG t=12 used=0.02 remain=1.7 turn_time=0.0193182 end_in=0.0193182 depth=7 dec=0 cand_cap=20 cand=9->9 pick(must/bucket/top/rand)=1/2/6/0 sims=2565 loop=2556 best_avg=-1.03163 best_move=0,7 leader=4 inc2=1 attack_w=1
DBG t=24 used=0.02 remain=1.46 turn_time=0.0192105 end_in=0.0192105 depth=7 dec=0 cand_cap=20 cand=18->18 pick(must/bucket/top/rand)=1/6/9/2 sims=2402 loop=2384 best_avg=-1.04685 best_move=0,2 leader=3 inc2=1 attack_w=0.87278
DBG t=37 used=0.02 remain=1.2 turn_time=0.0190476 end_in=0.0190476 depth=10 dec=0 cand_cap=20 cand=6->6 pick(must/bucket/top/rand)=1/2/3/0 sims=1374 loop=1368 best_avg=-0.576177 best_move=0,1 leader=1 inc2=0 attack_w=0.25
DBG t=49 used=0.019 remain=0.968 turn_time=0.0189804 end_in=0.0189804 depth=10 dec=0 cand_cap=20 cand=11->11 pick(must/bucket/top/rand)=1/3/7/0 sims=1219 loop=1208 best_avg=-0.442108 best_move=0,2 leader=1 inc2=0 attack_w=0.25
DBG t=61 used=0.019 remain=0.74 turn_time=0.0189744 end_in=0.0189744 depth=10 dec=0 cand_cap=20 cand=29->20 pick(must/bucket/top/rand)=1/4/11/4 sims=1216 loop=1196 best_avg=-0.462717 best_move=2,2 leader=1 inc2=0 attack_w=0.25
DBG t=74 used=0.019 remain=0.493 turn_time=0.0189615 end_in=0.0189615 depth=11 dec=0 cand_cap=20 cand=30->20 pick(must/bucket/top/rand)=1/4/11/4 sims=1084 loop=1064 best_avg=-0.49393 best_move=0,6 leader=1 inc2=0 attack_w=0.25
DBG t=86 used=0.019 remain=0.265 turn_time=0.0189286 end_in=0.0189286 depth=11 dec=0 cand_cap=20 cand=29->20 pick(must/bucket/top/rand)=1/4/11/4 sims=1076 loop=1056 best_avg=-0.35519 best_move=0,5 leader=1 inc2=0 attack_w=0.25
DBG t=99 used=0.018 remain=0.018 turn_time=0.018 end_in=0.017 depth=0 dec=0 cand_cap=20 cand=33->20 pick(must/bucket/top/rand)=1/4/11/4 sims=18240 loop=18220 best_avg=-0.276456 best_move=0,7 leader=1 inc2=0 attack_w=0.25
DBG summary depth_safety_fired=0
Score = 145356
=== CASE 0017.txt ===
DBG hdr N=10 M=5 T=100 U=5 VMAX=1407 TIME_LIMIT=1.94 MAX_CAND=20 UCB_C=0.21
DBG t=0 used=0.02 remain=1.94 turn_time=0.0194 end_in=0.0194 depth=7 dec=0 cand_cap=20 cand=5->5 pick(must/bucket/top/rand)=1/2/2/0 sims=3313 loop=3308 best_avg=-0.772276 best_move=3,5 leader=1 inc2=0 attack_w=0.176389
DBG t=12 used=0.02 remain=1.7 turn_time=0.0193182 end_in=0.0193182 depth=7 dec=0 cand_cap=20 cand=13->13 pick(must/bucket/top/rand)=1/6/6/0 sims=2289 loop=2276 best_avg=-1.22731 best_move=5,5 leader=1 inc2=1 attack_w=1
DBG t=24 used=0.02 remain=1.46 turn_time=0.0192105 end_in=0.0192105 depth=7 dec=0 cand_cap=20 cand=15->15 pick(must/bucket/top/rand)=1/6/8/0 sims=1863 loop=1848 best_avg=-0.944793 best_move=5,9 leader=1 inc2=1 attack_w=1
DBG t=37 used=0.02 remain=1.2 turn_time=0.0190476 end_in=0.0190476 depth=10 dec=0 cand_cap=20 cand=18->18 pick(must/bucket/top/rand)=1/8/7/2 sims=1130 loop=1112 best_avg=-1.08844 best_move=5,5 leader=1 inc2=1 attack_w=1
DBG t=49 used=0.019 remain=0.968 turn_time=0.0189804 end_in=0.0189804 depth=10 dec=0 cand_cap=20 cand=21->20 pick(must/bucket/top/rand)=1/8/7/4 sims=988 loop=968 best_avg=-1.05578 best_move=5,9 leader=2 inc2=1 attack_w=1
DBG t=61 used=0.019 remain=0.74 turn_time=0.0189744 end_in=0.0189744 depth=10 dec=0 cand_cap=20 cand=25->20 pick(must/bucket/top/rand)=1/8/7/4 sims=1028 loop=1008 best_avg=-1.10862 best_move=7,8 leader=4 inc2=1 attack_w=1
DBG t=74 used=0.019 remain=0.493 turn_time=0.0189615 end_in=0.0189615 depth=11 dec=0 cand_cap=20 cand=31->20 pick(must/bucket/top/rand)=1/7/8/4 sims=960 loop=940 best_avg=-0.875406 best_move=5,4 leader=4 inc2=1 attack_w=1
DBG t=86 used=0.019 remain=0.265 turn_time=0.0189286 end_in=0.0189286 depth=11 dec=0 cand_cap=20 cand=30->20 pick(must/bucket/top/rand)=1/6/9/4 sims=952 loop=932 best_avg=-0.922808 best_move=9,8 leader=4 inc2=1 attack_w=1
DBG t=99 used=0.018 remain=0.018 turn_time=0.018 end_in=0.017 depth=0 dec=0 cand_cap=20 cand=33->20 pick(must/bucket/top/rand)=1/5/10/4 sims=18036 loop=18016 best_avg=-0.893289 best_move=4,7 leader=2 inc2=1 attack_w=0.765461
DBG summary depth_safety_fired=0
Score = 95547
=== CASE 0014.txt ===
DBG hdr N=10 M=7 T=100 U=4 VMAX=2149 TIME_LIMIT=1.94 MAX_CAND=20 UCB_C=0.21
DBG t=0 used=0.02 remain=1.94 turn_time=0.0194 end_in=0.0194 depth=7 dec=0 cand_cap=20 cand=5->5 pick(must/bucket/top/rand)=1/2/2/0 sims=2685 loop=2680 best_avg=-0.908474 best_move=6,5 leader=1 inc2=1 attack_w=1
DBG t=12 used=0.02 remain=1.7 turn_time=0.0193182 end_in=0.0193182 depth=7 dec=0 cand_cap=20 cand=20->20 pick(must/bucket/top/rand)=1/2/13/4 sims=2060 loop=2040 best_avg=-0.285747 best_move=6,4 leader=4 inc2=1 attack_w=0.25
DBG t=24 used=0.02 remain=1.46 turn_time=0.0192105 end_in=0.0192105 depth=7 dec=0 cand_cap=20 cand=22->20 pick(must/bucket/top/rand)=1/4/11/4 sims=2128 loop=2108 best_avg=-0.243886 best_move=7,5 leader=2 inc2=1 attack_w=0.25
DBG t=37 used=0.02 remain=1.2 turn_time=0.0190476 end_in=0.0190476 depth=10 dec=0 cand_cap=20 cand=28->20 pick(must/bucket/top/rand)=1/6/9/4 sims=1236 loop=1216 best_avg=-0.337603 best_move=4,3 leader=5 inc2=1 attack_w=0.25
DBG t=49 used=0.019 remain=0.968 turn_time=0.0189804 end_in=0.0189804 depth=10 dec=0 cand_cap=20 cand=28->20 pick(must/bucket/top/rand)=1/7/8/4 sims=1200 loop=1180 best_avg=-0.581735 best_move=5,4 leader=5 inc2=1 attack_w=0.591734
DBG t=61 used=0.019 remain=0.74 turn_time=0.0189744 end_in=0.0189744 depth=10 dec=0 cand_cap=20 cand=35->20 pick(must/bucket/top/rand)=1/8/7/4 sims=1008 loop=988 best_avg=-0.518943 best_move=6,0 leader=5 inc2=1 attack_w=0.25
DBG t=74 used=0.019 remain=0.493 turn_time=0.0189615 end_in=0.0189615 depth=11 dec=0 cand_cap=20 cand=42->20 pick(must/bucket/top/rand)=1/8/7/4 sims=928 loop=908 best_avg=-0.606464 best_move=4,5 leader=5 inc2=1 attack_w=0.367375
DBG t=86 used=0.019 remain=0.265 turn_time=0.0189286 end_in=0.0189286 depth=11 dec=0 cand_cap=20 cand=36->20 pick(must/bucket/top/rand)=1/8/7/4 sims=928 loop=908 best_avg=-0.50805 best_move=3,5 leader=5 inc2=1 attack_w=0.636075
DBG t=99 used=0.018 remain=0.018 turn_time=0.018 end_in=0.017 depth=0 dec=0 cand_cap=20 cand=38->20 pick(must/bucket/top/rand)=1/6/9/4 sims=24888 loop=24868 best_avg=-0.247125 best_move=4,3 leader=5 inc2=1 attack_w=0.25
DBG summary depth_safety_fired=0
Score = 121002
=== CASE 0018.txt ===
DBG hdr N=10 M=7 T=100 U=5 VMAX=2680 TIME_LIMIT=1.94 MAX_CAND=20 UCB_C=0.21
DBG t=0 used=0.02 remain=1.94 turn_time=0.0194 end_in=0.0194 depth=7 dec=0 cand_cap=20 cand=4->4 pick(must/bucket/top/rand)=1/2/1/0 sims=2608 loop=2604 best_avg=-0.703176 best_move=9,5 leader=5 inc2=1 attack_w=1
DBG t=12 used=0.02 remain=1.7 turn_time=0.0193182 end_in=0.0193182 depth=7 dec=0 cand_cap=20 cand=10->10 pick(must/bucket/top/rand)=1/4/5/0 sims=1786 loop=1776 best_avg=-0.347689 best_move=8,6 leader=4 inc2=1 attack_w=0.25
DBG t=24 used=0.02 remain=1.46 turn_time=0.0192105 end_in=0.0192105 depth=7 dec=0 cand_cap=20 cand=14->14 pick(must/bucket/top/rand)=1/5/8/0 sims=1722 loop=1708 best_avg=-0.2153 best_move=8,4 leader=4 inc2=1 attack_w=0.25
DBG t=37 used=0.02 remain=1.2 turn_time=0.0190476 end_in=0.0190476 depth=10 dec=0 cand_cap=20 cand=16->16 pick(must/bucket/top/rand)=1/6/9/0 sims=1192 loop=1176 best_avg=0.0373402 best_move=7,4 leader=2 inc2=1 attack_w=0.25
DBG t=49 used=0.019 remain=0.968 turn_time=0.0189804 end_in=0.0189804 depth=10 dec=0 cand_cap=20 cand=19->19 pick(must/bucket/top/rand)=1/6/9/3 sims=1123 loop=1104 best_avg=0.0636041 best_move=9,1 leader=2 inc2=1 attack_w=0.25
DBG t=61 used=0.019 remain=0.74 turn_time=0.0189744 end_in=0.0189744 depth=10 dec=0 cand_cap=20 cand=21->20 pick(must/bucket/top/rand)=1/6/9/4 sims=1092 loop=1072 best_avg=0.0514793 best_move=9,2 leader=2 inc2=1 attack_w=0.25
DBG t=74 used=0.019 remain=0.493 turn_time=0.0189615 end_in=0.0189615 depth=11 dec=0 cand_cap=20 cand=22->20 pick(must/bucket/top/rand)=1/5/10/4 sims=1028 loop=1008 best_avg=0.00366626 best_move=9,7 leader=1 inc2=1 attack_w=0.25
DBG t=86 used=0.019 remain=0.265 turn_time=0.0189286 end_in=0.0189286 depth=11 dec=0 cand_cap=20 cand=25->20 pick(must/bucket/top/rand)=1/5/10/4 sims=940 loop=920 best_avg=0.0824906 best_move=6,4 leader=1 inc2=1 attack_w=0.25
DBG t=99 used=0.018 remain=0.018 turn_time=0.018 end_in=0.017 depth=0 dec=0 cand_cap=20 cand=26->20 pick(must/bucket/top/rand)=1/5/10/4 sims=15216 loop=15196 best_avg=0.0949098 best_move=7,4 leader=1 inc2=1 attack_w=0.25
DBG summary depth_safety_fired=0
Score = 155915
=== CASE 0020.txt ===
DBG hdr N=10 M=7 T=100 U=5 VMAX=1504 TIME_LIMIT=1.94 MAX_CAND=20 UCB_C=0.21
DBG t=0 used=0.02 remain=1.94 turn_time=0.0194 end_in=0.0194 depth=7 dec=0 cand_cap=20 cand=4->4 pick(must/bucket/top/rand)=1/2/1/0 sims=2620 loop=2616 best_avg=-0.760528 best_move=1,9 leader=3 inc2=1 attack_w=1
DBG t=12 used=0.02 remain=1.7 turn_time=0.0193182 end_in=0.0193182 depth=7 dec=0 cand_cap=20 cand=12->12 pick(must/bucket/top/rand)=1/6/5/0 sims=1784 loop=1772 best_avg=-0.556023 best_move=3,6 leader=3 inc2=1 attack_w=1
DBG t=24 used=0.02 remain=1.46 turn_time=0.0192105 end_in=0.0192105 depth=7 dec=0 cand_cap=20 cand=21->20 pick(must/bucket/top/rand)=1/8/7/4 sims=1876 loop=1856 best_avg=-0.290873 best_move=5,6 leader=4 inc2=1 attack_w=0.25
DBG t=37 used=0.02 remain=1.2 turn_time=0.0190476 end_in=0.0190476 depth=10 dec=0 cand_cap=20 cand=28->20 pick(must/bucket/top/rand)=1/5/10/4 sims=1300 loop=1280 best_avg=-0.137505 best_move=5,7 leader=4 inc2=1 attack_w=0.25
DBG t=49 used=0.019 remain=0.968 turn_time=0.0189804 end_in=0.0189804 depth=10 dec=0 cand_cap=20 cand=31->20 pick(must/bucket/top/rand)=1/4/11/4 sims=1468 loop=1448 best_avg=-0.201488 best_move=5,3 leader=1 inc2=1 attack_w=0.25
DBG t=61 used=0.019 remain=0.74 turn_time=0.0189744 end_in=0.0189744 depth=10 dec=0 cand_cap=20 cand=48->20 pick(must/bucket/top/rand)=1/6/9/4 sims=1320 loop=1300 best_avg=-0.210614 best_move=7,3 leader=1 inc2=1 attack_w=0.25
DBG t=74 used=0.019 remain=0.493 turn_time=0.0189615 end_in=0.0189615 depth=11 dec=0 cand_cap=20 cand=55->20 pick(must/bucket/top/rand)=1/8/7/4 sims=1120 loop=1100 best_avg=0.0414767 best_move=5,8 leader=1 inc2=1 attack_w=0.25
DBG t=86 used=0.019 remain=0.265 turn_time=0.0189286 end_in=0.0189286 depth=11 dec=0 cand_cap=20 cand=56->20 pick(must/bucket/top/rand)=1/8/7/4 sims=1112 loop=1092 best_avg=0.215126 best_move=8,1 leader=1 inc2=1 attack_w=0.25
DBG t=99 used=0.018 remain=0.018 turn_time=0.018 end_in=0.017 depth=0 dec=0 cand_cap=20 cand=61->20 pick(must/bucket/top/rand)=1/6/9/4 sims=28208 loop=28188 best_avg=0.40947 best_move=5,8 leader=1 inc2=1 attack_w=0.25
DBG summary depth_safety_fired=0
Score = 172199
=== CASE 0021.txt ===
DBG hdr N=10 M=3 T=100 U=5 VMAX=2360 TIME_LIMIT=1.94 MAX_CAND=20 UCB_C=0.21
DBG t=0 used=0.02 remain=1.94 turn_time=0.0194 end_in=0.0194 depth=7 dec=0 cand_cap=20 cand=4->4 pick(must/bucket/top/rand)=1/2/1/0 sims=5108 loop=5104 best_avg=-0.923846 best_move=3,9 leader=1 inc2=1 attack_w=0.15
DBG t=12 used=0.02 remain=1.7 turn_time=0.0193182 end_in=0.0193182 depth=7 dec=0 cand_cap=20 cand=11->11 pick(must/bucket/top/rand)=1/2/8/0 sims=2723 loop=2712 best_avg=-0.958156 best_move=1,8 leader=2 inc2=1 attack_w=0.25
DBG t=24 used=0.02 remain=1.46 turn_time=0.0192105 end_in=0.0192105 depth=7 dec=0 cand_cap=20 cand=11->11 pick(must/bucket/top/rand)=1/6/4/0 sims=2251 loop=2240 best_avg=-1.1272 best_move=4,8 leader=2 inc2=1 attack_w=0.25
DBG t=37 used=0.02 remain=1.2 turn_time=0.0190476 end_in=0.0190476 depth=10 dec=0 cand_cap=20 cand=12->12 pick(must/bucket/top/rand)=1/6/5/0 sims=1564 loop=1552 best_avg=-1.32915 best_move=4,9 leader=1 inc2=1 attack_w=0.25
DBG t=49 used=0.019 remain=0.968 turn_time=0.0189804 end_in=0.0189804 depth=10 dec=0 cand_cap=20 cand=16->16 pick(must/bucket/top/rand)=1/8/7/0 sims=2476 loop=2460 best_avg=-1.45383 best_move=1,9 leader=2 inc2=1 attack_w=0.25
DBG t=61 used=0.019 remain=0.74 turn_time=0.0189744 end_in=0.0189744 depth=10 dec=0 cand_cap=20 cand=23->20 pick(must/bucket/top/rand)=1/8/7/4 sims=1988 loop=1968 best_avg=-1.65578 best_move=2,9 leader=2 inc2=1 attack_w=0.25
DBG t=74 used=0.019 remain=0.493 turn_time=0.0189615 end_in=0.0189615 depth=11 dec=0 cand_cap=20 cand=27->20 pick(must/bucket/top/rand)=1/8/7/4 sims=1540 loop=1520 best_avg=-1.61082 best_move=1,8 leader=2 inc2=1 attack_w=0.25
DBG t=86 used=0.019 remain=0.265 turn_time=0.0189286 end_in=0.0189286 depth=11 dec=0 cand_cap=20 cand=29->20 pick(must/bucket/top/rand)=1/8/7/4 sims=1424 loop=1404 best_avg=-1.68241 best_move=1,7 leader=2 inc2=1 attack_w=0.25
DBG t=99 used=0.018 remain=0.018 turn_time=0.018 end_in=0.017 depth=0 dec=0 cand_cap=20 cand=31->20 pick(must/bucket/top/rand)=1/8/7/4 sims=31144 loop=31124 best_avg=-1.42622 best_move=3,9 leader=2 inc2=1 attack_w=0.25
DBG summary depth_safety_fired=0
Score = 114928
=== CASE 0019.txt ===
DBG hdr N=10 M=3 T=100 U=4 VMAX=1941 TIME_LIMIT=1.94 MAX_CAND=20 UCB_C=0.21
DBG t=0 used=0.02 remain=1.94 turn_time=0.0194 end_in=0.0194 depth=7 dec=0 cand_cap=20 cand=5->5 pick(must/bucket/top/rand)=1/2/2/0 sims=4337 loop=4332 best_avg=-1.78897 best_move=1,3 leader=1 inc2=1 attack_w=1
DBG t=12 used=0.02 remain=1.7 turn_time=0.0193182 end_in=0.0193182 depth=7 dec=0 cand_cap=20 cand=16->16 pick(must/bucket/top/rand)=1/2/13/0 sims=3404 loop=3388 best_avg=-1.57879 best_move=0,4 leader=1 inc2=1 attack_w=0.694142
DBG t=24 used=0.02 remain=1.46 turn_time=0.0192105 end_in=0.0192105 depth=7 dec=0 cand_cap=20 cand=26->20 pick(must/bucket/top/rand)=1/3/12/4 sims=2636 loop=2616 best_avg=-1.51623 best_move=6,6 leader=1 inc2=1 attack_w=0.341854
DBG t=37 used=0.02 remain=1.2 turn_time=0.0190476 end_in=0.0190476 depth=10 dec=0 cand_cap=20 cand=32->20 pick(must/bucket/top/rand)=1/6/9/4 sims=1528 loop=1508 best_avg=-1.53529 best_move=6,4 leader=1 inc2=1 attack_w=0.25
DBG t=49 used=0.019 remain=0.968 turn_time=0.0189804 end_in=0.0189804 depth=10 dec=0 cand_cap=20 cand=40->20 pick(must/bucket/top/rand)=1/7/8/4 sims=1384 loop=1364 best_avg=-1.62299 best_move=8,3 leader=1 inc2=1 attack_w=0.280651
DBG t=61 used=0.019 remain=0.74 turn_time=0.0189744 end_in=0.0189744 depth=10 dec=0 cand_cap=20 cand=43->20 pick(must/bucket/top/rand)=1/6/9/4 sims=1376 loop=1356 best_avg=-1.75422 best_move=8,6 leader=1 inc2=1 attack_w=0.752307
DBG t=74 used=0.019 remain=0.493 turn_time=0.0189615 end_in=0.0189615 depth=11 dec=0 cand_cap=20 cand=43->20 pick(must/bucket/top/rand)=1/8/7/4 sims=1172 loop=1152 best_avg=-1.85376 best_move=0,3 leader=1 inc2=1 attack_w=1
DBG t=86 used=0.019 remain=0.265 turn_time=0.0189286 end_in=0.0189286 depth=11 dec=0 cand_cap=20 cand=41->20 pick(must/bucket/top/rand)=1/6/9/4 sims=1176 loop=1156 best_avg=-1.92448 best_move=6,6 leader=2 inc2=1 attack_w=1
DBG t=99 used=0.018 remain=0.018 turn_time=0.018 end_in=0.017 depth=0 dec=0 cand_cap=20 cand=31->20 pick(must/bucket/top/rand)=1/6/9/4 sims=27340 loop=27320 best_avg=-1.99114 best_move=1,5 leader=1 inc2=1 attack_w=1
DBG summary depth_safety_fired=0
Score = 80648
=== CASE 0022.txt ===
DBG hdr N=10 M=5 T=100 U=5 VMAX=1464 TIME_LIMIT=1.94 MAX_CAND=20 UCB_C=0.21
DBG t=0 used=0.02 remain=1.94 turn_time=0.0194 end_in=0.0194 depth=7 dec=0 cand_cap=20 cand=5->5 pick(must/bucket/top/rand)=1/2/2/0 sims=3701 loop=3696 best_avg=-0.87051 best_move=8,6 leader=1 inc2=1 attack_w=1
DBG t=12 used=0.02 remain=1.7 turn_time=0.0193182 end_in=0.0193182 depth=7 dec=0 cand_cap=20 cand=10->10 pick(must/bucket/top/rand)=1/4/5/0 sims=2622 loop=2612 best_avg=-1.04468 best_move=5,5 leader=2 inc2=0 attack_w=0.961414
DBG t=24 used=0.02 remain=1.46 turn_time=0.0192105 end_in=0.0192105 depth=7 dec=0 cand_cap=20 cand=10->10 pick(must/bucket/top/rand)=1/6/3/0 sims=2718 loop=2708 best_avg=-1.02526 best_move=4,6 leader=3 inc2=1 attack_w=0.985785
DBG t=37 used=0.02 remain=1.2 turn_time=0.0190476 end_in=0.0190476 depth=10 dec=0 cand_cap=20 cand=21->20 pick(must/bucket/top/rand)=1/6/9/4 sims=1660 loop=1640 best_avg=-1.14316 best_move=5,8 leader=3 inc2=0 attack_w=1
DBG t=49 used=0.019 remain=0.968 turn_time=0.0189804 end_in=0.0189804 depth=10 dec=0 cand_cap=20 cand=31->20 pick(must/bucket/top/rand)=1/6/9/4 sims=1456 loop=1436 best_avg=-1.22901 best_move=5,6 leader=3 inc2=0 attack_w=1
DBG t=61 used=0.019 remain=0.74 turn_time=0.0189744 end_in=0.0189744 depth=10 dec=0 cand_cap=20 cand=29->20 pick(must/bucket/top/rand)=1/5/10/4 sims=1560 loop=1540 best_avg=-1.16607 best_move=4,7 leader=3 inc2=0 attack_w=1
DBG t=74 used=0.019 remain=0.493 turn_time=0.0189615 end_in=0.0189615 depth=11 dec=0 cand_cap=20 cand=41->20 pick(must/bucket/top/rand)=1/7/8/4 sims=1260 loop=1240 best_avg=-1.14051 best_move=2,2 leader=3 inc2=0 attack_w=1
DBG t=86 used=0.019 remain=0.265 turn_time=0.0189286 end_in=0.0189286 depth=11 dec=0 cand_cap=20 cand=39->20 pick(must/bucket/top/rand)=1/6/9/4 sims=1144 loop=1124 best_avg=-1.05605 best_move=1,0 leader=3 inc2=0 attack_w=1
DBG t=99 used=0.018 remain=0.018 turn_time=0.018 end_in=0.017 depth=0 dec=0 cand_cap=20 cand=41->20 pick(must/bucket/top/rand)=1/6/9/4 sims=21520 loop=21500 best_avg=-0.991384 best_move=6,6 leader=3 inc2=0 attack_w=1
DBG summary depth_safety_fired=0
Score = 89901
=== CASE 0023.txt ===
DBG hdr N=10 M=5 T=100 U=1 VMAX=1610 TIME_LIMIT=1.94 MAX_CAND=20 UCB_C=0.21
DBG t=0 used=0.02 remain=1.94 turn_time=0.0194 end_in=0.0194 depth=7 dec=0 cand_cap=20 cand=4->4 pick(must/bucket/top/rand)=1/2/1/0 sims=2896 loop=2892 best_avg=-0.926098 best_move=6,4 leader=2 inc2=1 attack_w=1
DBG t=12 used=0.02 remain=1.7 turn_time=0.0193182 end_in=0.0193182 depth=7 dec=0 cand_cap=20 cand=24->20 pick(must/bucket/top/rand)=1/3/12/4 sims=1924 loop=1904 best_avg=-0.721042 best_move=2,3 leader=2 inc2=1 attack_w=0.48584
DBG t=24 used=0.02 remain=1.46 turn_time=0.0192105 end_in=0.0192105 depth=7 dec=0 cand_cap=20 cand=28->20 pick(must/bucket/top/rand)=1/4/11/4 sims=1756 loop=1736 best_avg=-0.501717 best_move=2,5 leader=3 inc2=0 attack_w=0.25
DBG t=37 used=0.02 remain=1.2 turn_time=0.0190476 end_in=0.0190476 depth=10 dec=0 cand_cap=20 cand=42->20 pick(must/bucket/top/rand)=1/6/9/4 sims=1056 loop=1036 best_avg=-0.736461 best_move=7,6 leader=3 inc2=0 attack_w=0.25
DBG t=49 used=0.019 remain=0.968 turn_time=0.0189804 end_in=0.0189804 depth=10 dec=0 cand_cap=20 cand=39->20 pick(must/bucket/top/rand)=1/6/9/4 sims=1004 loop=984 best_avg=-0.383236 best_move=8,3 leader=1 inc2=1 attack_w=0.25
DBG t=61 used=0.019 remain=0.74 turn_time=0.0189744 end_in=0.0189744 depth=10 dec=0 cand_cap=20 cand=51->20 pick(must/bucket/top/rand)=1/6/9/4 sims=880 loop=860 best_avg=-0.135564 best_move=3,2 leader=4 inc2=1 attack_w=0.25
DBG t=74 used=0.019 remain=0.493 turn_time=0.0189615 end_in=0.0189615 depth=11 dec=0 cand_cap=20 cand=57->20 pick(must/bucket/top/rand)=1/6/9/4 sims=768 loop=748 best_avg=0.119363 best_move=5,4 leader=4 inc2=0 attack_w=0.25
DBG t=86 used=0.019 remain=0.265 turn_time=0.0189286 end_in=0.0189286 depth=11 dec=0 cand_cap=20 cand=66->20 pick(must/bucket/top/rand)=1/5/10/4 sims=740 loop=720 best_avg=0.302647 best_move=3,3 leader=4 inc2=1 attack_w=0.25
DBG t=99 used=0.018 remain=0.018 turn_time=0.018 end_in=0.017 depth=0 dec=0 cand_cap=20 cand=74->20 pick(must/bucket/top/rand)=1/6/9/4 sims=32300 loop=32280 best_avg=0.969122 best_move=2,8 leader=1 inc2=1 attack_w=0.25
DBG summary depth_safety_fired=0
Score = 263498
=== CASE 0027.txt ===
DBG hdr N=10 M=5 T=100 U=1 VMAX=1278 TIME_LIMIT=1.94 MAX_CAND=20 UCB_C=0.21
DBG t=0 used=0.02 remain=1.94 turn_time=0.0194 end_in=0.0194 depth=7 dec=0 cand_cap=20 cand=4->4 pick(must/bucket/top/rand)=1/2/1/0 sims=3296 loop=3292 best_avg=-0.30303 best_move=3,9 leader=4 inc2=1 attack_w=1
DBG t=12 used=0.02 remain=1.7 turn_time=0.0193182 end_in=0.0193182 depth=7 dec=0 cand_cap=20 cand=27->20 pick(must/bucket/top/rand)=1/3/12/4 sims=1924 loop=1904 best_avg=-0.447587 best_move=6,6 leader=2 inc2=0 attack_w=0.282512
DBG t=24 used=0.02 remain=1.46 turn_time=0.0192105 end_in=0.0192105 depth=7 dec=0 cand_cap=20 cand=22->20 pick(must/bucket/top/rand)=1/6/9/4 sims=1588 loop=1568 best_avg=-0.214087 best_move=3,3 leader=4 inc2=1 attack_w=0.25
DBG t=37 used=0.02 remain=1.198 turn_time=0.0190159 end_in=0.0190159 depth=10 dec=0 cand_cap=20 cand=61->20 pick(must/bucket/top/rand)=1/6/9/4 sims=824 loop=804 best_avg=-0.136832 best_move=3,2 leader=4 inc2=0 attack_w=0.25
DBG t=49 used=0.019 remain=0.968 turn_time=0.0189804 end_in=0.0189804 depth=10 dec=0 cand_cap=20 cand=23->20 pick(must/bucket/top/rand)=1/1/14/4 sims=1064 loop=1044 best_avg=-0.127259 best_move=1,2 leader=1 inc2=1 attack_w=0.25
DBG t=61 used=0.019 remain=0.74 turn_time=0.0189744 end_in=0.0189744 depth=10 dec=0 cand_cap=20 cand=36->20 pick(must/bucket/top/rand)=1/4/11/4 sims=952 loop=932 best_avg=0.309401 best_move=1,5 leader=2 inc2=1 attack_w=0.25
DBG t=74 used=0.019 remain=0.493 turn_time=0.0189615 end_in=0.0189615 depth=11 dec=0 cand_cap=20 cand=43->20 pick(must/bucket/top/rand)=1/4/11/4 sims=800 loop=780 best_avg=0.313476 best_move=1,6 leader=4 inc2=1 attack_w=0.25
DBG t=86 used=0.019 remain=0.265 turn_time=0.0189286 end_in=0.0189286 depth=11 dec=0 cand_cap=20 cand=48->20 pick(must/bucket/top/rand)=1/4/11/4 sims=780 loop=760 best_avg=0.528718 best_move=3,5 leader=1 inc2=0 attack_w=0.25
DBG t=99 used=0.018 remain=0.018 turn_time=0.018 end_in=0.017 depth=0 dec=0 cand_cap=20 cand=74->20 pick(must/bucket/top/rand)=1/6/9/4 sims=29740 loop=29720 best_avg=0.887178 best_move=6,8 leader=2 inc2=1 attack_w=0.25
DBG summary depth_safety_fired=0
Score = 257780
=== CASE 0026.txt ===
DBG hdr N=10 M=3 T=100 U=1 VMAX=1795 TIME_LIMIT=1.94 MAX_CAND=20 UCB_C=0.21
DBG t=0 used=0.02 remain=1.94 turn_time=0.0194 end_in=0.0194 depth=7 dec=0 cand_cap=20 cand=5->5 pick(must/bucket/top/rand)=1/3/1/0 sims=3969 loop=3964 best_avg=-1.28469 best_move=5,4 leader=2 inc2=1 attack_w=0.553181
DBG t=12 used=0.02 remain=1.7 turn_time=0.0193182 end_in=0.0193182 depth=7 dec=0 cand_cap=20 cand=27->20 pick(must/bucket/top/rand)=1/5/10/4 sims=2468 loop=2448 best_avg=-1.19927 best_move=4,6 leader=1 inc2=1 attack_w=0.25
DBG t=24 used=0.02 remain=1.46 turn_time=0.0192105 end_in=0.0192105 depth=7 dec=0 cand_cap=20 cand=54->20 pick(must/bucket/top/rand)=1/6/9/4 sims=2880 loop=2860 best_avg=-1.07823 best_move=9,6 leader=1 inc2=1 attack_w=0.25
DBG t=37 used=0.02 remain=1.2 turn_time=0.0190476 end_in=0.0190476 depth=10 dec=0 cand_cap=20 cand=26->20 pick(must/bucket/top/rand)=1/6/9/4 sims=1520 loop=1500 best_avg=-1.44481 best_move=6,6 leader=2 inc2=1 attack_w=0.25
DBG t=49 used=0.019 remain=0.968 turn_time=0.0189804 end_in=0.0189804 depth=10 dec=0 cand_cap=20 cand=4->4 pick(must/bucket/top/rand)=1/2/1/0 sims=1700 loop=1696 best_avg=-1.73618 best_move=7,7 leader=1 inc2=1 attack_w=0.727568
DBG t=61 used=0.019 remain=0.74 turn_time=0.0189744 end_in=0.0189744 depth=10 dec=0 cand_cap=20 cand=42->20 pick(must/bucket/top/rand)=1/5/10/4 sims=1060 loop=1040 best_avg=-1.66689 best_move=8,4 leader=1 inc2=1 attack_w=0.637546
DBG t=74 used=0.019 remain=0.493 turn_time=0.0189615 end_in=0.0189615 depth=11 dec=0 cand_cap=20 cand=7->7 pick(must/bucket/top/rand)=1/4/2/0 sims=1027 loop=1020 best_avg=-1.88764 best_move=7,5 leader=1 inc2=1 attack_w=0.823157
DBG t=86 used=0.019 remain=0.265 turn_time=0.0189286 end_in=0.0189286 depth=11 dec=0 cand_cap=20 cand=45->20 pick(must/bucket/top/rand)=1/4/11/4 sims=932 loop=912 best_avg=-1.81896 best_move=2,8 leader=1 inc2=1 attack_w=1
DBG t=99 used=0.018 remain=0.018 turn_time=0.018 end_in=0.017 depth=0 dec=0 cand_cap=20 cand=62->20 pick(must/bucket/top/rand)=1/6/9/4 sims=31528 loop=31508 best_avg=-1.47244 best_move=6,7 leader=1 inc2=1 attack_w=0.435893
DBG summary depth_safety_fired=0
Score = 106423
=== CASE 0024.txt ===
DBG hdr N=10 M=6 T=100 U=2 VMAX=2351 TIME_LIMIT=1.94 MAX_CAND=20 UCB_C=0.21
DBG t=0 used=0.02 remain=1.94 turn_time=0.0194 end_in=0.0194 depth=7 dec=0 cand_cap=20 cand=3->3 pick(must/bucket/top/rand)=1/2/0/0 sims=2683 loop=2680 best_avg=-1.52567 best_move=0,9 leader=2 inc2=1 attack_w=1
DBG t=12 used=0.02 remain=1.7 turn_time=0.0193182 end_in=0.0193182 depth=7 dec=0 cand_cap=20 cand=8->8 pick(must/bucket/top/rand)=1/2/5/0 sims=1832 loop=1824 best_avg=-1.59069 best_move=6,8 leader=2 inc2=1 attack_w=1
DBG t=24 used=0.02 remain=1.46 turn_time=0.0192105 end_in=0.0192105 depth=7 dec=0 cand_cap=20 cand=21->20 pick(must/bucket/top/rand)=1/5/10/4 sims=1588 loop=1568 best_avg=-1.36382 best_move=7,5 leader=1 inc2=1 attack_w=1
DBG t=37 used=0.02 remain=1.199 turn_time=0.0190317 end_in=0.0190317 depth=10 dec=0 cand_cap=20 cand=10->10 pick(must/bucket/top/rand)=1/3/6/0 sims=1186 loop=1176 best_avg=-0.381386 best_move=9,3 leader=2 inc2=1 attack_w=0.917125
DBG t=49 used=0.019 remain=0.968 turn_time=0.0189804 end_in=0.0189804 depth=10 dec=0 cand_cap=20 cand=17->17 pick(must/bucket/top/rand)=1/3/12/1 sims=1157 loop=1140 best_avg=-0.35872 best_move=9,1 leader=5 inc2=1 attack_w=0.25
DBG t=61 used=0.019 remain=0.74 turn_time=0.0189744 end_in=0.0189744 depth=10 dec=0 cand_cap=20 cand=13->13 pick(must/bucket/top/rand)=1/3/9/0 sims=1149 loop=1136 best_avg=-0.466969 best_move=9,0 leader=5 inc2=1 attack_w=0.25
DBG t=74 used=0.019 remain=0.493 turn_time=0.0189615 end_in=0.0189615 depth=11 dec=0 cand_cap=20 cand=12->12 pick(must/bucket/top/rand)=1/2/9/0 sims=996 loop=984 best_avg=-0.483444 best_move=8,4 leader=5 inc2=1 attack_w=0.25
DBG t=86 used=0.019 remain=0.265 turn_time=0.0189286 end_in=0.0189286 depth=11 dec=0 cand_cap=20 cand=15->15 pick(must/bucket/top/rand)=1/3/11/0 sims=1015 loop=1000 best_avg=-0.378731 best_move=9,4 leader=5 inc2=1 attack_w=0.25
DBG t=99 used=0.018 remain=0.018 turn_time=0.018 end_in=0.017 depth=0 dec=0 cand_cap=20 cand=48->20 pick(must/bucket/top/rand)=1/8/7/4 sims=20512 loop=20492 best_avg=-0.166678 best_move=7,2 leader=5 inc2=1 attack_w=0.25
DBG summary depth_safety_fired=0
Score = 140836
=== CASE 0025.txt ===
DBG hdr N=10 M=2 T=100 U=2 VMAX=1033 TIME_LIMIT=1.94 MAX_CAND=20 UCB_C=0.21
DBG t=0 used=0.02 remain=1.94 turn_time=0.0194 end_in=0.0194 depth=7 dec=0 cand_cap=20 cand=5->5 pick(must/bucket/top/rand)=1/2/2/0 sims=5789 loop=5784 best_avg=-2.62868 best_move=2,6 leader=1 inc2=1 attack_w=0.308988
DBG t=12 used=0.02 remain=1.7 turn_time=0.0193182 end_in=0.0193182 depth=7 dec=0 cand_cap=20 cand=22->20 pick(must/bucket/top/rand)=1/2/13/4 sims=3648 loop=3628 best_avg=-2.8149 best_move=2,8 leader=1 inc2=1 attack_w=0.25
DBG t=24 used=0.02 remain=1.46 turn_time=0.0192105 end_in=0.0192105 depth=7 dec=0 cand_cap=20 cand=34->20 pick(must/bucket/top/rand)=1/3/12/4 sims=2776 loop=2756 best_avg=-2.93478 best_move=3,9 leader=1 inc2=1 attack_w=0.25
DBG t=37 used=0.02 remain=1.2 turn_time=0.0190476 end_in=0.0190476 depth=10 dec=0 cand_cap=20 cand=47->20 pick(must/bucket/top/rand)=1/4/11/4 sims=1568 loop=1548 best_avg=-2.84863 best_move=6,4 leader=1 inc2=1 attack_w=0.25
DBG t=49 used=0.019 remain=0.968 turn_time=0.0189804 end_in=0.0189804 depth=10 dec=0 cand_cap=20 cand=51->20 pick(must/bucket/top/rand)=1/4/11/4 sims=1384 loop=1364 best_avg=-2.67235 best_move=1,5 leader=1 inc2=1 attack_w=0.25
DBG t=61 used=0.019 remain=0.74 turn_time=0.0189744 end_in=0.0189744 depth=10 dec=0 cand_cap=20 cand=57->20 pick(must/bucket/top/rand)=1/5/10/4 sims=1324 loop=1304 best_avg=-2.59826 best_move=3,0 leader=1 inc2=1 attack_w=0.25
DBG t=74 used=0.019 remain=0.493 turn_time=0.0189615 end_in=0.0189615 depth=11 dec=0 cand_cap=20 cand=65->20 pick(must/bucket/top/rand)=1/4/11/4 sims=1180 loop=1160 best_avg=-2.46644 best_move=2,1 leader=1 inc2=1 attack_w=0.25
DBG t=86 used=0.019 remain=0.265 turn_time=0.0189286 end_in=0.0189286 depth=11 dec=0 cand_cap=20 cand=70->20 pick(must/bucket/top/rand)=1/4/11/4 sims=1064 loop=1044 best_avg=-2.36331 best_move=2,5 leader=1 inc2=1 attack_w=0.25
DBG t=99 used=0.018 remain=0.018 turn_time=0.018 end_in=0.017 depth=0 dec=0 cand_cap=20 cand=76->20 pick(must/bucket/top/rand)=1/4/11/4 sims=47524 loop=47504 best_avg=-2.04241 best_move=4,2 leader=1 inc2=1 attack_w=0.25
DBG summary depth_safety_fired=0
Score = 188940
=== CASE 0028.txt ===
DBG hdr N=10 M=5 T=100 U=3 VMAX=1872 TIME_LIMIT=1.94 MAX_CAND=20 UCB_C=0.21
DBG t=0 used=0.02 remain=1.94 turn_time=0.0194 end_in=0.0194 depth=7 dec=0 cand_cap=20 cand=3->3 pick(must/bucket/top/rand)=1/2/0/0 sims=3399 loop=3396 best_avg=-1.11504 best_move=0,0 leader=4 inc2=1 attack_w=0.15
DBG t=12 used=0.02 remain=1.7 turn_time=0.0193182 end_in=0.0193182 depth=7 dec=0 cand_cap=20 cand=4->4 pick(must/bucket/top/rand)=1/1/2/0 sims=2424 loop=2420 best_avg=-1.41586 best_move=2,3 leader=1 inc2=0 attack_w=0.874441
DBG t=24 used=0.02 remain=1.46 turn_time=0.0192105 end_in=0.0192105 depth=7 dec=0 cand_cap=20 cand=19->19 pick(must/bucket/top/rand)=1/6/9/3 sims=1883 loop=1864 best_avg=-1.63464 best_move=0,4 leader=1 inc2=1 attack_w=1
DBG t=37 used=0.02 remain=1.2 turn_time=0.0190476 end_in=0.0190476 depth=10 dec=0 cand_cap=20 cand=17->17 pick(must/bucket/top/rand)=1/6/9/1 sims=1329 loop=1312 best_avg=-1.84569 best_move=3,3 leader=1 inc2=1 attack_w=1
DBG t=49 used=0.019 remain=0.968 turn_time=0.0189804 end_in=0.0189804 depth=10 dec=0 cand_cap=20 cand=23->20 pick(must/bucket/top/rand)=1/7/8/4 sims=1060 loop=1040 best_avg=-1.28212 best_move=2,3 leader=1 inc2=0 attack_w=1
DBG t=61 used=0.019 remain=0.74 turn_time=0.0189744 end_in=0.0189744 depth=10 dec=0 cand_cap=20 cand=31->20 pick(must/bucket/top/rand)=1/8/7/4 sims=864 loop=844 best_avg=-0.893509 best_move=2,7 leader=1 inc2=0 attack_w=1
DBG t=74 used=0.019 remain=0.493 turn_time=0.0189615 end_in=0.0189615 depth=11 dec=0 cand_cap=20 cand=23->20 pick(must/bucket/top/rand)=1/8/7/4 sims=856 loop=836 best_avg=-1.02656 best_move=6,9 leader=1 inc2=0 attack_w=1
DBG t=86 used=0.019 remain=0.265 turn_time=0.0189286 end_in=0.0189286 depth=11 dec=0 cand_cap=20 cand=29->20 pick(must/bucket/top/rand)=1/8/7/4 sims=924 loop=904 best_avg=-0.700884 best_move=3,8 leader=1 inc2=0 attack_w=1
DBG t=99 used=0.018 remain=0.018 turn_time=0.018 end_in=0.017 depth=0 dec=0 cand_cap=20 cand=35->20 pick(must/bucket/top/rand)=1/8/7/4 sims=24748 loop=24728 best_avg=-0.703577 best_move=8,6 leader=1 inc2=0 attack_w=0.651603
DBG summary depth_safety_fired=0
Score = 102367
=== CASE 0029.txt ===
DBG hdr N=10 M=3 T=100 U=5 VMAX=1023 TIME_LIMIT=1.94 MAX_CAND=20 UCB_C=0.21
DBG t=0 used=0.02 remain=1.94 turn_time=0.0194 end_in=0.0194 depth=7 dec=0 cand_cap=20 cand=5->5 pick(must/bucket/top/rand)=1/2/2/0 sims=4701 loop=4696 best_avg=-1.42636 best_move=5,8 leader=1 inc2=1 attack_w=0.556012
DBG t=12 used=0.02 remain=1.7 turn_time=0.0193182 end_in=0.0193182 depth=7 dec=0 cand_cap=20 cand=25->20 pick(must/bucket/top/rand)=1/8/7/4 sims=2284 loop=2264 best_avg=-1.53181 best_move=5,5 leader=1 inc2=1 attack_w=0.592993
DBG t=24 used=0.02 remain=1.46 turn_time=0.0192105 end_in=0.0192105 depth=7 dec=0 cand_cap=20 cand=30->20 pick(must/bucket/top/rand)=1/8/7/4 sims=1840 loop=1820 best_avg=-1.51707 best_move=8,9 leader=1 inc2=1 attack_w=0.597249
DBG t=37 used=0.02 remain=1.199 turn_time=0.0190317 end_in=0.0190317 depth=10 dec=0 cand_cap=20 cand=47->20 pick(must/bucket/top/rand)=1/8/7/4 sims=1204 loop=1184 best_avg=-1.36364 best_move=5,4 leader=2 inc2=1 attack_w=0.46675
DBG t=49 used=0.019 remain=0.968 turn_time=0.0189804 end_in=0.0189804 depth=10 dec=0 cand_cap=20 cand=55->20 pick(must/bucket/top/rand)=1/8/7/4 sims=936 loop=916 best_avg=-1.26782 best_move=9,2 leader=2 inc2=1 attack_w=0.25
DBG t=61 used=0.019 remain=0.74 turn_time=0.0189744 end_in=0.0189744 depth=10 dec=0 cand_cap=20 cand=65->20 pick(must/bucket/top/rand)=1/8/7/4 sims=1000 loop=980 best_avg=-0.995659 best_move=5,4 leader=1 inc2=1 attack_w=0.25
DBG t=74 used=0.019 remain=0.493 turn_time=0.0189615 end_in=0.0189615 depth=11 dec=0 cand_cap=20 cand=71->20 pick(must/bucket/top/rand)=1/8/7/4 sims=904 loop=884 best_avg=-0.982504 best_move=7,4 leader=2 inc2=1 attack_w=0.25
DBG t=86 used=0.019 remain=0.265 turn_time=0.0189286 end_in=0.0189286 depth=11 dec=0 cand_cap=20 cand=78->20 pick(must/bucket/top/rand)=1/8/7/4 sims=912 loop=892 best_avg=-0.873359 best_move=8,0 leader=2 inc2=1 attack_w=0.25
DBG t=99 used=0.018 remain=0.018 turn_time=0.018 end_in=0.017 depth=0 dec=0 cand_cap=20 cand=84->20 pick(must/bucket/top/rand)=1/8/7/4 sims=37604 loop=37584 best_avg=-0.633288 best_move=3,4 leader=1 inc2=1 attack_w=0.25
DBG summary depth_safety_fired=0
Score = 178745
=== CASE 0032.txt ===
DBG hdr N=10 M=3 T=100 U=5 VMAX=1964 TIME_LIMIT=1.94 MAX_CAND=20 UCB_C=0.21
DBG t=0 used=0.02 remain=1.94 turn_time=0.0194 end_in=0.0194 depth=7 dec=0 cand_cap=20 cand=5->5 pick(must/bucket/top/rand)=1/2/2/0 sims=5001 loop=4996 best_avg=-1.76208 best_move=2,1 leader=1 inc2=1 attack_w=1
DBG t=12 used=0.02 remain=1.7 turn_time=0.0193182 end_in=0.0193182 depth=7 dec=0 cand_cap=20 cand=25->20 pick(must/bucket/top/rand)=1/2/13/4 sims=3092 loop=3072 best_avg=-1.22201 best_move=4,5 leader=1 inc2=1 attack_w=0.25
DBG t=24 used=0.02 remain=1.46 turn_time=0.0192105 end_in=0.0192105 depth=7 dec=0 cand_cap=20 cand=39->20 pick(must/bucket/top/rand)=1/7/8/4 sims=2340 loop=2320 best_avg=-1.51249 best_move=1,8 leader=1 inc2=1 attack_w=0.25
DBG t=37 used=0.02 remain=1.2 turn_time=0.0190476 end_in=0.0190476 depth=10 dec=0 cand_cap=20 cand=42->20 pick(must/bucket/top/rand)=1/6/9/4 sims=1392 loop=1372 best_avg=-1.45542 best_move=4,5 leader=1 inc2=1 attack_w=0.25
DBG t=49 used=0.019 remain=0.968 turn_time=0.0189804 end_in=0.0189804 depth=10 dec=0 cand_cap=20 cand=39->20 pick(must/bucket/top/rand)=1/6/9/4 sims=1276 loop=1256 best_avg=-1.65575 best_move=2,7 leader=1 inc2=1 attack_w=0.368696
DBG t=61 used=0.019 remain=0.74 turn_time=0.0189744 end_in=0.0189744 depth=10 dec=0 cand_cap=20 cand=42->20 pick(must/bucket/top/rand)=1/8/7/4 sims=1240 loop=1220 best_avg=-1.72819 best_move=4,7 leader=2 inc2=1 attack_w=0.25
DBG t=74 used=0.019 remain=0.493 turn_time=0.0189615 end_in=0.0189615 depth=11 dec=0 cand_cap=20 cand=44->20 pick(must/bucket/top/rand)=1/8/7/4 sims=1048 loop=1028 best_avg=-1.89215 best_move=4,6 leader=2 inc2=1 attack_w=0.655037
DBG t=86 used=0.019 remain=0.265 turn_time=0.0189286 end_in=0.0189286 depth=11 dec=0 cand_cap=20 cand=46->20 pick(must/bucket/top/rand)=1/8/7/4 sims=1072 loop=1052 best_avg=-1.92654 best_move=4,6 leader=2 inc2=1 attack_w=0.934543
DBG t=99 used=0.018 remain=0.018 turn_time=0.018 end_in=0.017 depth=0 dec=0 cand_cap=20 cand=39->20 pick(must/bucket/top/rand)=1/8/7/4 sims=24984 loop=24964 best_avg=-1.84973 best_move=3,1 leader=2 inc2=1 attack_w=1
DBG summary depth_safety_fired=0
Score = 87203
=== CASE 0031.txt ===
DBG hdr N=10 M=2 T=100 U=3 VMAX=3223 TIME_LIMIT=1.94 MAX_CAND=20 UCB_C=0.21
DBG t=0 used=0.02 remain=1.94 turn_time=0.0194 end_in=0.0194 depth=7 dec=0 cand_cap=20 cand=5->5 pick(must/bucket/top/rand)=1/2/2/0 sims=6357 loop=6352 best_avg=-2.75812 best_move=9,8 leader=1 inc2=1 attack_w=1
DBG t=12 used=0.02 remain=1.7 turn_time=0.0193182 end_in=0.0193182 depth=7 dec=0 cand_cap=20 cand=16->16 pick(must/bucket/top/rand)=1/2/13/0 sims=3524 loop=3508 best_avg=-3.49807 best_move=6,8 leader=1 inc2=1 attack_w=1
DBG t=24 used=0.02 remain=1.46 turn_time=0.0192105 end_in=0.0192105 depth=7 dec=0 cand_cap=20 cand=37->20 pick(must/bucket/top/rand)=1/8/7/4 sims=3100 loop=3080 best_avg=-3.2089 best_move=4,1 leader=1 inc2=1 attack_w=1
DBG t=37 used=0.02 remain=1.2 turn_time=0.0190476 end_in=0.0190476 depth=10 dec=0 cand_cap=20 cand=11->11 pick(must/bucket/top/rand)=1/6/4/0 sims=2283 loop=2272 best_avg=-2.69029 best_move=3,1 leader=1 inc2=1 attack_w=0.25
DBG t=49 used=0.019 remain=0.968 turn_time=0.0189804 end_in=0.0189804 depth=10 dec=0 cand_cap=20 cand=14->14 pick(must/bucket/top/rand)=1/6/7/0 sims=2402 loop=2388 best_avg=-2.40192 best_move=3,2 leader=1 inc2=1 attack_w=0.25
DBG t=61 used=0.019 remain=0.74 turn_time=0.0189744 end_in=0.0189744 depth=10 dec=0 cand_cap=20 cand=47->20 pick(must/bucket/top/rand)=1/8/7/4 sims=1548 loop=1528 best_avg=-1.97155 best_move=3,2 leader=1 inc2=1 attack_w=0.25
DBG t=74 used=0.019 remain=0.493 turn_time=0.0189615 end_in=0.0189615 depth=11 dec=0 cand_cap=20 cand=52->20 pick(must/bucket/top/rand)=1/8/7/4 sims=1328 loop=1308 best_avg=-1.71249 best_move=2,2 leader=1 inc2=1 attack_w=0.25
DBG t=86 used=0.019 remain=0.265 turn_time=0.0189286 end_in=0.0189286 depth=11 dec=0 cand_cap=20 cand=57->20 pick(must/bucket/top/rand)=1/8/7/4 sims=1228 loop=1208 best_avg=-1.33962 best_move=1,3 leader=1 inc2=1 attack_w=0.25
DBG t=99 used=0.018 remain=0.018 turn_time=0.018 end_in=0.017 depth=0 dec=0 cand_cap=20 cand=15->15 pick(must/bucket/top/rand)=1/6/8/0 sims=65575 loop=65560 best_avg=-0.163691 best_move=2,2 leader=1 inc2=1 attack_w=0.25
DBG summary depth_safety_fired=0
Score = 377212
=== CASE 0033.txt ===
DBG hdr N=10 M=8 T=100 U=4 VMAX=2465 TIME_LIMIT=1.94 MAX_CAND=20 UCB_C=0.21
DBG t=0 used=0.02 remain=1.94 turn_time=0.0194 end_in=0.0194 depth=7 dec=0 cand_cap=20 cand=4->4 pick(must/bucket/top/rand)=1/2/1/0 sims=2108 loop=2104 best_avg=-1.0976 best_move=7,8 leader=7 inc2=1 attack_w=1
DBG t=12 used=0.02 remain=1.7 turn_time=0.0193182 end_in=0.0193182 depth=7 dec=0 cand_cap=20 cand=26->20 pick(must/bucket/top/rand)=1/6/9/4 sims=1688 loop=1668 best_avg=-0.477648 best_move=6,4 leader=2 inc2=1 attack_w=1
DBG t=24 used=0.02 remain=1.46 turn_time=0.0192105 end_in=0.0192105 depth=7 dec=0 cand_cap=20 cand=9->9 pick(must/bucket/top/rand)=1/4/4/0 sims=1725 loop=1716 best_avg=-0.454684 best_move=7,5 leader=2 inc2=1 attack_w=1
DBG t=37 used=0.02 remain=1.2 turn_time=0.0190476 end_in=0.0190476 depth=10 dec=0 cand_cap=20 cand=24->20 pick(must/bucket/top/rand)=1/8/7/4 sims=1192 loop=1172 best_avg=-0.419602 best_move=7,6 leader=7 inc2=1 attack_w=0.507027
DBG t=49 used=0.019 remain=0.968 turn_time=0.0189804 end_in=0.0189804 depth=10 dec=0 cand_cap=20 cand=28->20 pick(must/bucket/top/rand)=1/8/7/4 sims=1128 loop=1108 best_avg=-0.265586 best_move=5,4 leader=7 inc2=1 attack_w=0.25
DBG t=61 used=0.019 remain=0.74 turn_time=0.0189744 end_in=0.0189744 depth=10 dec=0 cand_cap=20 cand=32->20 pick(must/bucket/top/rand)=1/7/8/4 sims=1096 loop=1076 best_avg=-0.40486 best_move=5,6 leader=3 inc2=1 attack_w=0.25
DBG t=74 used=0.019 remain=0.493 turn_time=0.0189615 end_in=0.0189615 depth=11 dec=0 cand_cap=20 cand=34->20 pick(must/bucket/top/rand)=1/7/8/4 sims=852 loop=832 best_avg=-0.391893 best_move=5,6 leader=6 inc2=1 attack_w=0.25
DBG t=86 used=0.019 remain=0.265 turn_time=0.0189286 end_in=0.0189286 depth=11 dec=0 cand_cap=20 cand=33->20 pick(must/bucket/top/rand)=1/6/9/4 sims=840 loop=820 best_avg=-0.291709 best_move=5,5 leader=3 inc2=1 attack_w=0.25
DBG t=99 used=0.018 remain=0.018 turn_time=0.018 end_in=0.017 depth=0 dec=0 cand_cap=20 cand=38->20 pick(must/bucket/top/rand)=1/7/8/4 sims=17124 loop=17104 best_avg=-0.209246 best_move=5,5 leader=3 inc2=1 attack_w=0.25
DBG summary depth_safety_fired=0
Score = 120466
=== CASE 0034.txt ===
DBG hdr N=10 M=4 T=100 U=3 VMAX=2224 TIME_LIMIT=1.94 MAX_CAND=20 UCB_C=0.21
DBG t=0 used=0.02 remain=1.94 turn_time=0.0194 end_in=0.0194 depth=7 dec=0 cand_cap=20 cand=5->5 pick(must/bucket/top/rand)=1/2/2/0 sims=3565 loop=3560 best_avg=-1.11516 best_move=8,6 leader=1 inc2=1 attack_w=1
DBG t=12 used=0.02 remain=1.7 turn_time=0.0193182 end_in=0.0193182 depth=7 dec=0 cand_cap=20 cand=14->14 pick(must/bucket/top/rand)=1/2/11/0 sims=2618 loop=2604 best_avg=-1.25011 best_move=8,5 leader=1 inc2=1 attack_w=0.583306
DBG t=24 used=0.02 remain=1.46 turn_time=0.0192105 end_in=0.0192105 depth=7 dec=0 cand_cap=20 cand=34->20 pick(must/bucket/top/rand)=1/6/9/4 sims=1892 loop=1872 best_avg=-1.11913 best_move=4,0 leader=1 inc2=1 attack_w=1
DBG t=37 used=0.02 remain=1.2 turn_time=0.0190476 end_in=0.0190476 depth=10 dec=0 cand_cap=20 cand=34->20 pick(must/bucket/top/rand)=1/5/10/4 sims=1264 loop=1244 best_avg=-1.05605 best_move=9,7 leader=1 inc2=0 attack_w=1
DBG t=49 used=0.019 remain=0.968 turn_time=0.0189804 end_in=0.0189804 depth=10 dec=0 cand_cap=20 cand=35->20 pick(must/bucket/top/rand)=1/8/7/4 sims=1164 loop=1144 best_avg=-1.10782 best_move=9,7 leader=1 inc2=1 attack_w=1
DBG t=61 used=0.019 remain=0.74 turn_time=0.0189744 end_in=0.0189744 depth=10 dec=0 cand_cap=20 cand=33->20 pick(must/bucket/top/rand)=1/8/7/4 sims=984 loop=964 best_avg=-1.29805 best_move=5,2 leader=1 inc2=1 attack_w=1
DBG t=74 used=0.019 remain=0.493 turn_time=0.0189615 end_in=0.0189615 depth=11 dec=0 cand_cap=20 cand=21->20 pick(must/bucket/top/rand)=1/6/9/4 sims=1112 loop=1092 best_avg=-1.22978 best_move=1,0 leader=1 inc2=0 attack_w=1
DBG t=86 used=0.019 remain=0.265 turn_time=0.0189286 end_in=0.0189286 depth=11 dec=0 cand_cap=20 cand=23->20 pick(must/bucket/top/rand)=1/7/8/4 sims=1112 loop=1092 best_avg=-1.1909 best_move=1,0 leader=1 inc2=0 attack_w=1
DBG t=99 used=0.018 remain=0.018 turn_time=0.018 end_in=0.017 depth=0 dec=0 cand_cap=20 cand=23->20 pick(must/bucket/top/rand)=1/6/9/4 sims=24096 loop=24076 best_avg=-1.36699 best_move=2,0 leader=1 inc2=0 attack_w=1
DBG summary depth_safety_fired=0
Score = 80007
=== CASE 0035.txt ===
DBG hdr N=10 M=6 T=100 U=2 VMAX=1863 TIME_LIMIT=1.94 MAX_CAND=20 UCB_C=0.21
DBG t=0 used=0.02 remain=1.94 turn_time=0.0194 end_in=0.0194 depth=7 dec=0 cand_cap=20 cand=3->3 pick(must/bucket/top/rand)=1/2/0/0 sims=2739 loop=2736 best_avg=-1.65684 best_move=0,2 leader=3 inc2=1 attack_w=1
DBG t=12 used=0.02 remain=1.7 turn_time=0.0193182 end_in=0.0193182 depth=7 dec=0 cand_cap=20 cand=18->18 pick(must/bucket/top/rand)=1/3/12/2 sims=2190 loop=2172 best_avg=-1.07241 best_move=6,1 leader=3 inc2=1 attack_w=1
DBG t=24 used=0.02 remain=1.46 turn_time=0.0192105 end_in=0.0192105 depth=7 dec=0 cand_cap=20 cand=35->20 pick(must/bucket/top/rand)=1/6/9/4 sims=1704 loop=1684 best_avg=-0.458615 best_move=8,5 leader=3 inc2=1 attack_w=1
DBG t=37 used=0.02 remain=1.2 turn_time=0.0190476 end_in=0.0190476 depth=10 dec=0 cand_cap=20 cand=42->20 pick(must/bucket/top/rand)=1/5/10/4 sims=972 loop=952 best_avg=-0.259187 best_move=4,3 leader=1 inc2=1 attack_w=0.25
DBG t=49 used=0.019 remain=0.968 turn_time=0.0189804 end_in=0.0189804 depth=10 dec=0 cand_cap=20 cand=44->20 pick(must/bucket/top/rand)=1/8/7/4 sims=1008 loop=988 best_avg=-0.0811483 best_move=6,5 leader=1 inc2=1 attack_w=0.25
DBG t=61 used=0.019 remain=0.74 turn_time=0.0189744 end_in=0.0189744 depth=10 dec=0 cand_cap=20 cand=47->20 pick(must/bucket/top/rand)=1/4/11/4 sims=1200 loop=1180 best_avg=0.0743341 best_move=8,6 leader=1 inc2=1 attack_w=0.25
DBG t=74 used=0.019 remain=0.493 turn_time=0.0189615 end_in=0.0189615 depth=11 dec=0 cand_cap=20 cand=54->20 pick(must/bucket/top/rand)=1/7/8/4 sims=1108 loop=1088 best_avg=0.198839 best_move=7,6 leader=1 inc2=1 attack_w=0.25
DBG t=86 used=0.019 remain=0.265 turn_time=0.0189286 end_in=0.0189286 depth=11 dec=0 cand_cap=20 cand=61->20 pick(must/bucket/top/rand)=1/8/7/4 sims=980 loop=960 best_avg=0.281578 best_move=6,7 leader=2 inc2=1 attack_w=0.25
DBG t=99 used=0.018 remain=0.018 turn_time=0.018 end_in=0.017 depth=0 dec=0 cand_cap=20 cand=68->20 pick(must/bucket/top/rand)=1/8/7/4 sims=35664 loop=35644 best_avg=0.507229 best_move=6,8 leader=1 inc2=1 attack_w=0.25
DBG summary depth_safety_fired=0
Score = 201303
=== CASE 0030.txt ===
DBG hdr N=10 M=5 T=100 U=2 VMAX=2124 TIME_LIMIT=1.94 MAX_CAND=20 UCB_C=0.21
DBG t=0 used=0.02 remain=1.94 turn_time=0.0194 end_in=0.0194 depth=7 dec=0 cand_cap=20 cand=5->5 pick(must/bucket/top/rand)=1/2/2/0 sims=2897 loop=2892 best_avg=-0.465275 best_move=7,6 leader=3 inc2=0 attack_w=0.735424
DBG t=12 used=0.02 remain=1.7 turn_time=0.0193182 end_in=0.0193182 depth=7 dec=0 cand_cap=20 cand=19->19 pick(must/bucket/top/rand)=1/2/13/3 sims=2159 loop=2140 best_avg=-0.160399 best_move=4,9 leader=2 inc2=1 attack_w=0.25
DBG t=24 used=0.02 remain=1.46 turn_time=0.0192105 end_in=0.0192105 depth=7 dec=0 cand_cap=20 cand=25->20 pick(must/bucket/top/rand)=1/5/10/4 sims=1644 loop=1624 best_avg=-0.39666 best_move=2,9 leader=1 inc2=0 attack_w=0.25
DBG t=37 used=0.02 remain=1.2 turn_time=0.0190476 end_in=0.0190476 depth=10 dec=0 cand_cap=20 cand=33->20 pick(must/bucket/top/rand)=1/7/8/4 sims=956 loop=936 best_avg=-0.1895 best_move=8,8 leader=3 inc2=1 attack_w=0.25
DBG t=49 used=0.019 remain=0.968 turn_time=0.0189804 end_in=0.0189804 depth=10 dec=0 cand_cap=20 cand=45->20 pick(must/bucket/top/rand)=1/8/7/4 sims=948 loop=928 best_avg=0.11131 best_move=6,3 leader=3 inc2=0 attack_w=0.25
DBG t=61 used=0.019 remain=0.74 turn_time=0.0189744 end_in=0.0189744 depth=10 dec=0 cand_cap=20 cand=59->20 pick(must/bucket/top/rand)=1/8/7/4 sims=1032 loop=1012 best_avg=0.401896 best_move=9,2 leader=4 inc2=1 attack_w=0.25
DBG t=74 used=0.019 remain=0.493 turn_time=0.0189615 end_in=0.0189615 depth=11 dec=0 cand_cap=20 cand=61->20 pick(must/bucket/top/rand)=1/7/8/4 sims=756 loop=736 best_avg=0.283173 best_move=9,9 leader=1 inc2=1 attack_w=0.25
DBG t=86 used=0.019 remain=0.265 turn_time=0.0189286 end_in=0.0189286 depth=11 dec=0 cand_cap=20 cand=61->20 pick(must/bucket/top/rand)=1/8/7/4 sims=836 loop=816 best_avg=0.424513 best_move=1,6 leader=1 inc2=1 attack_w=0.25
DBG t=99 used=0.018 remain=0.018 turn_time=0.018 end_in=0.017 depth=0 dec=0 cand_cap=20 cand=72->20 pick(must/bucket/top/rand)=1/8/7/4 sims=26532 loop=26512 best_avg=0.724595 best_move=5,2 leader=4 inc2=1 attack_w=0.25
DBG summary depth_safety_fired=0
Score = 235246
=== CASE 0038.txt ===
DBG hdr N=10 M=6 T=100 U=1 VMAX=2195 TIME_LIMIT=1.94 MAX_CAND=20 UCB_C=0.21
DBG t=0 used=0.02 remain=1.94 turn_time=0.0194 end_in=0.0194 depth=7 dec=0 cand_cap=20 cand=4->4 pick(must/bucket/top/rand)=1/2/1/0 sims=2440 loop=2436 best_avg=-0.870143 best_move=1,3 leader=1 inc2=1 attack_w=1
DBG t=12 used=0.02 remain=1.7 turn_time=0.0193182 end_in=0.0193182 depth=7 dec=0 cand_cap=20 cand=22->20 pick(must/bucket/top/rand)=1/6/9/4 sims=1868 loop=1848 best_avg=-0.450792 best_move=6,1 leader=1 inc2=1 attack_w=0.813068
DBG t=24 used=0.02 remain=1.46 turn_time=0.0192105 end_in=0.0192105 depth=7 dec=0 cand_cap=20 cand=6->6 pick(must/bucket/top/rand)=1/2/3/0 sims=2074 loop=2068 best_avg=-0.436964 best_move=6,3 leader=1 inc2=1 attack_w=0.25
DBG t=37 used=0.02 remain=1.2 turn_time=0.0190476 end_in=0.0190476 depth=10 dec=0 cand_cap=20 cand=37->20 pick(must/bucket/top/rand)=1/6/9/4 sims=1288 loop=1268 best_avg=-0.137745 best_move=8,3 leader=1 inc2=1 attack_w=0.321471
DBG t=49 used=0.019 remain=0.962 turn_time=0.0188627 end_in=0.0188627 depth=10 dec=0 cand_cap=20 cand=51->20 pick(must/bucket/top/rand)=1/6/9/4 sims=552 loop=532 best_avg=0.373428 best_move=6,2 leader=4 inc2=1 attack_w=0.25
DBG t=61 used=0.019 remain=0.728 turn_time=0.0186667 end_in=0.0186667 depth=10 dec=0 cand_cap=20 cand=65->20 pick(must/bucket/top/rand)=1/6/9/4 sims=996 loop=976 best_avg=0.71261 best_move=0,0 leader=4 inc2=1 attack_w=0.25
DBG t=74 used=0.019 remain=0.481 turn_time=0.0185 end_in=0.0185 depth=11 dec=0 cand_cap=20 cand=71->20 pick(must/bucket/top/rand)=1/6/9/4 sims=856 loop=836 best_avg=0.945694 best_move=2,4 leader=4 inc2=1 attack_w=0.25
DBG t=86 used=0.018 remain=0.251 turn_time=0.0179286 end_in=0.0179286 depth=10 dec=1 cand_cap=20 cand=72->20 pick(must/bucket/top/rand)=1/6/9/4 sims=808 loop=788 best_avg=0.670478 best_move=8,3 leader=3 inc2=1 attack_w=0.25
DBG t=99 used=0.015 remain=0.015 turn_time=0.015 end_in=0.014 depth=0 dec=2 cand_cap=20 cand=72->20 pick(must/bucket/top/rand)=1/6/9/4 sims=25180 loop=25160 best_avg=1.07634 best_move=3,1 leader=1 inc2=1 attack_w=0.25
DBG summary depth_safety_fired=15
Score = 253734
=== CASE 0036.txt ===
DBG hdr N=10 M=4 T=100 U=4 VMAX=1042 TIME_LIMIT=1.94 MAX_CAND=20 UCB_C=0.21
DBG t=0 used=0.02 remain=1.94 turn_time=0.0194 end_in=0.0194 depth=7 dec=0 cand_cap=20 cand=5->5 pick(must/bucket/top/rand)=1/3/1/0 sims=4005 loop=4000 best_avg=-0.95916 best_move=7,4 leader=2 inc2=1 attack_w=0.308635
DBG t=12 used=0.02 remain=1.7 turn_time=0.0193182 end_in=0.0193182 depth=7 dec=0 cand_cap=20 cand=25->20 pick(must/bucket/top/rand)=1/6/9/4 sims=2652 loop=2632 best_avg=-0.843278 best_move=3,2 leader=1 inc2=1 attack_w=0.319442
DBG t=24 used=0.02 remain=1.46 turn_time=0.0192105 end_in=0.0192105 depth=7 dec=0 cand_cap=20 cand=42->20 pick(must/bucket/top/rand)=1/7/8/4 sims=2156 loop=2136 best_avg=-0.565252 best_move=3,1 leader=3 inc2=1 attack_w=0.25
DBG t=37 used=0.02 remain=1.2 turn_time=0.0190476 end_in=0.0190476 depth=10 dec=0 cand_cap=20 cand=57->20 pick(must/bucket/top/rand)=1/7/8/4 sims=1324 loop=1304 best_avg=-0.388476 best_move=5,5 leader=1 inc2=1 attack_w=0.25
DBG t=49 used=0.019 remain=0.955 turn_time=0.0187255 end_in=0.0187255 depth=10 dec=0 cand_cap=20 cand=65->20 pick(must/bucket/top/rand)=1/6/9/4 sims=652 loop=632 best_avg=-0.42279 best_move=0,8 leader=1 inc2=1 attack_w=0.25
DBG t=61 used=0.019 remain=0.727 turn_time=0.018641 end_in=0.018641 depth=10 dec=0 cand_cap=20 cand=66->20 pick(must/bucket/top/rand)=1/6/9/4 sims=1276 loop=1256 best_avg=-0.371816 best_move=1,9 leader=1 inc2=1 attack_w=0.25
DBG t=74 used=0.019 remain=0.48 turn_time=0.0184615 end_in=0.0184615 depth=11 dec=0 cand_cap=20 cand=68->20 pick(must/bucket/top/rand)=1/6/9/4 sims=1024 loop=1004 best_avg=-0.247024 best_move=1,1 leader=1 inc2=1 attack_w=0.25
DBG t=86 used=0.018 remain=0.251 turn_time=0.0179286 end_in=0.0179286 depth=10 dec=1 cand_cap=20 cand=71->20 pick(must/bucket/top/rand)=1/6/9/4 sims=1044 loop=1024 best_avg=-0.304839 best_move=3,6 leader=1 inc2=1 attack_w=0.25
DBG t=99 used=0.015 remain=0.015 turn_time=0.015 end_in=0.014 depth=0 dec=2 cand_cap=20 cand=76->20 pick(must/bucket/top/rand)=1/6/9/4 sims=22304 loop=22284 best_avg=-0.246117 best_move=4,6 leader=1 inc2=1 attack_w=0.25
DBG summary depth_safety_fired=18
Score = 166833
=== CASE 0037.txt ===
DBG hdr N=10 M=5 T=100 U=3 VMAX=1977 TIME_LIMIT=1.94 MAX_CAND=20 UCB_C=0.21
DBG t=0 used=0.02 remain=1.94 turn_time=0.0194 end_in=0.0194 depth=7 dec=0 cand_cap=20 cand=5->5 pick(must/bucket/top/rand)=1/2/2/0 sims=3241 loop=3236 best_avg=-1.11156 best_move=8,4 leader=3 inc2=1 attack_w=1
DBG t=12 used=0.02 remain=1.7 turn_time=0.0193182 end_in=0.0193182 depth=7 dec=0 cand_cap=20 cand=17->17 pick(must/bucket/top/rand)=1/2/13/1 sims=1865 loop=1848 best_avg=-0.908423 best_move=6,3 leader=4 inc2=0 attack_w=0.25
DBG t=24 used=0.02 remain=1.46 turn_time=0.0192105 end_in=0.0192105 depth=7 dec=0 cand_cap=20 cand=27->20 pick(must/bucket/top/rand)=1/8/7/4 sims=1624 loop=1604 best_avg=-0.862361 best_move=7,1 leader=4 inc2=1 attack_w=0.519776
DBG t=37 used=0.02 remain=1.2 turn_time=0.0190476 end_in=0.0190476 depth=10 dec=0 cand_cap=20 cand=32->20 pick(must/bucket/top/rand)=1/7/8/4 sims=1076 loop=1056 best_avg=-0.757758 best_move=8,9 leader=4 inc2=0 attack_w=0.722842
DBG t=49 used=0.019 remain=0.943 turn_time=0.0184902 end_in=0.0184902 depth=10 dec=0 cand_cap=20 cand=34->20 pick(must/bucket/top/rand)=1/6/9/4 sims=468 loop=448 best_avg=-0.644391 best_move=6,2 leader=4 inc2=0 attack_w=0.25
DBG t=61 used=0.019 remain=0.715 turn_time=0.0183333 end_in=0.0183333 depth=10 dec=0 cand_cap=20 cand=46->20 pick(must/bucket/top/rand)=1/6/9/4 sims=916 loop=896 best_avg=-0.374241 best_move=8,9 leader=4 inc2=0 attack_w=0.25
DBG t=74 used=0.018 remain=0.459 turn_time=0.0176538 end_in=0.0176538 depth=10 dec=1 cand_cap=20 cand=52->20 pick(must/bucket/top/rand)=1/8/7/4 sims=1024 loop=1004 best_avg=-0.452608 best_move=6,3 leader=1 inc2=1 attack_w=0.25
DBG t=86 used=0.02 remain=0.243 turn_time=0.0173571 end_in=0.0173571 depth=10 dec=1 cand_cap=20 cand=40->20 pick(must/bucket/top/rand)=1/8/7/4 sims=984 loop=964 best_avg=-0.390202 best_move=6,9 leader=4 inc2=1 attack_w=0.25
DBG t=99 used=0.014 remain=0.014 turn_time=0.014 end_in=0.013 depth=0 dec=2 cand_cap=20 cand=38->20 pick(must/bucket/top/rand)=1/5/10/4 sims=20588 loop=20568 best_avg=-0.283151 best_move=5,4 leader=4 inc2=0 attack_w=0.25
DBG summary depth_safety_fired=26
Score = 139997
=== CASE 0039.txt ===
DBG hdr N=10 M=7 T=100 U=1 VMAX=1630 TIME_LIMIT=1.94 MAX_CAND=20 UCB_C=0.21
DBG t=0 used=0.02 remain=1.94 turn_time=0.0194 end_in=0.0194 depth=7 dec=0 cand_cap=20 cand=4->4 pick(must/bucket/top/rand)=1/2/1/0 sims=2156 loop=2152 best_avg=-0.998602 best_move=8,1 leader=1 inc2=1 attack_w=1
DBG t=12 used=0.02 remain=1.7 turn_time=0.0193182 end_in=0.0193182 depth=7 dec=0 cand_cap=20 cand=4->4 pick(must/bucket/top/rand)=1/2/1/0 sims=2036 loop=2032 best_avg=-0.632532 best_move=2,2 leader=2 inc2=1 attack_w=1
DBG t=24 used=0.02 remain=1.46 turn_time=0.0192105 end_in=0.0192105 depth=7 dec=0 cand_cap=20 cand=17->17 pick(must/bucket/top/rand)=1/4/11/1 sims=1901 loop=1884 best_avg=-0.318318 best_move=3,4 leader=6 inc2=1 attack_w=0.953924
DBG t=37 used=0.02 remain=1.2 turn_time=0.0190476 end_in=0.0190476 depth=10 dec=0 cand_cap=20 cand=33->20 pick(must/bucket/top/rand)=1/4/11/4 sims=1492 loop=1472 best_avg=0.365234 best_move=4,2 leader=6 inc2=1 attack_w=0.25
DBG t=49 used=0.019 remain=0.944 turn_time=0.0185098 end_in=0.0185098 depth=10 dec=0 cand_cap=20 cand=23->20 pick(must/bucket/top/rand)=1/5/10/4 sims=668 loop=648 best_avg=0.924039 best_move=6,2 leader=4 inc2=1 attack_w=0.25
DBG t=61 used=0.019 remain=0.711 turn_time=0.0182308 end_in=0.0182308 depth=10 dec=0 cand_cap=20 cand=63->20 pick(must/bucket/top/rand)=1/6/9/4 sims=936 loop=916 best_avg=1.166 best_move=6,5 leader=2 inc2=1 attack_w=0.25
DBG t=74 used=0.018 remain=0.459 turn_time=0.0176538 end_in=0.0176538 depth=10 dec=1 cand_cap=20 cand=69->20 pick(must/bucket/top/rand)=1/4/11/4 sims=856 loop=836 best_avg=1.39232 best_move=3,9 leader=1 inc2=1 attack_w=0.25
DBG t=86 used=0.018 remain=0.243 turn_time=0.0173571 end_in=0.0173571 depth=10 dec=1 cand_cap=20 cand=77->20 pick(must/bucket/top/rand)=1/6/9/4 sims=844 loop=824 best_avg=1.69501 best_move=1,4 leader=1 inc2=1 attack_w=0.25
DBG t=99 used=0.013 remain=0.013 turn_time=0.013 end_in=0.012 depth=0 dec=2 cand_cap=16 cand=78->16 pick(must/bucket/top/rand)=1/4/7/4 sims=22884 loop=22868 best_avg=2.06618 best_move=9,8 leader=6 inc2=1 attack_w=0.25
DBG summary depth_safety_fired=29
Score = 355747
=== CASE 0040.txt ===
DBG hdr N=10 M=3 T=100 U=4 VMAX=1431 TIME_LIMIT=1.94 MAX_CAND=20 UCB_C=0.21
DBG t=0 used=0.02 remain=1.94 turn_time=0.0194 end_in=0.0194 depth=7 dec=0 cand_cap=20 cand=4->4 pick(must/bucket/top/rand)=1/2/1/0 sims=4464 loop=4460 best_avg=-1.35301 best_move=4,0 leader=1 inc2=1 attack_w=0.661628
DBG t=12 used=0.02 remain=1.7 turn_time=0.0193182 end_in=0.0193182 depth=7 dec=0 cand_cap=20 cand=15->15 pick(must/bucket/top/rand)=1/2/12/0 sims=3543 loop=3528 best_avg=-1.39092 best_move=2,3 leader=2 inc2=1 attack_w=0.317771
DBG t=24 used=0.02 remain=1.46 turn_time=0.0192105 end_in=0.0192105 depth=7 dec=0 cand_cap=20 cand=21->20 pick(must/bucket/top/rand)=1/5/10/4 sims=3008 loop=2988 best_avg=-1.13496 best_move=2,3 leader=2 inc2=1 attack_w=0.25
DBG t=37 used=0.02 remain=1.2 turn_time=0.0190476 end_in=0.0190476 depth=10 dec=0 cand_cap=20 cand=24->20 pick(must/bucket/top/rand)=1/5/10/4 sims=1704 loop=1684 best_avg=-1.41104 best_move=3,1 leader=2 inc2=1 attack_w=0.25
DBG t=49 used=0.019 remain=0.949 turn_time=0.0186078 end_in=0.0186078 depth=10 dec=0 cand_cap=20 cand=29->20 pick(must/bucket/top/rand)=1/5/10/4 sims=732 loop=712 best_avg=-1.44344 best_move=6,1 leader=2 inc2=1 attack_w=0.25
DBG t=61 used=0.019 remain=0.719 turn_time=0.0184359 end_in=0.0184359 depth=10 dec=0 cand_cap=20 cand=37->20 pick(must/bucket/top/rand)=1/7/8/4 sims=1460 loop=1440 best_avg=-1.19054 best_move=1,2 leader=2 inc2=1 attack_w=0.25
DBG t=74 used=0.019 remain=0.472 turn_time=0.0181538 end_in=0.0181538 depth=11 dec=0 cand_cap=20 cand=47->20 pick(must/bucket/top/rand)=1/6/9/4 sims=904 loop=884 best_avg=-0.971173 best_move=1,8 leader=2 inc2=1 attack_w=0.25
DBG t=86 used=0.018 remain=0.251 turn_time=0.0179286 end_in=0.0179286 depth=10 dec=1 cand_cap=20 cand=57->20 pick(must/bucket/top/rand)=1/6/9/4 sims=1136 loop=1116 best_avg=-0.909996 best_move=4,7 leader=2 inc2=1 attack_w=0.25
DBG t=99 used=0.014 remain=0.014 turn_time=0.014 end_in=0.013 depth=0 dec=2 cand_cap=20 cand=69->20 pick(must/bucket/top/rand)=1/6/9/4 sims=21852 loop=21832 best_avg=-0.777588 best_move=5,2 leader=2 inc2=1 attack_w=0.25
DBG summary depth_safety_fired=22
Score = 173149
=== CASE 0041.txt ===
DBG hdr N=10 M=8 T=100 U=4 VMAX=1591 TIME_LIMIT=1.94 MAX_CAND=20 UCB_C=0.21
DBG t=0 used=0.02 remain=1.94 turn_time=0.0194 end_in=0.0194 depth=7 dec=0 cand_cap=20 cand=5->5 pick(must/bucket/top/rand)=1/2/2/0 sims=2093 loop=2088 best_avg=-0.607165 best_move=5,7 leader=2 inc2=1 attack_w=1
DBG t=12 used=0.02 remain=1.7 turn_time=0.0193182 end_in=0.0193182 depth=7 dec=0 cand_cap=20 cand=18->18 pick(must/bucket/top/rand)=1/4/11/2 sims=2110 loop=2092 best_avg=-0.547833 best_move=4,5 leader=4 inc2=1 attack_w=0.345479
DBG t=24 used=0.02 remain=1.46 turn_time=0.0192105 end_in=0.0192105 depth=7 dec=0 cand_cap=20 cand=18->18 pick(must/bucket/top/rand)=1/6/9/2 sims=1746 loop=1728 best_avg=-0.706086 best_move=4,7 leader=6 inc2=1 attack_w=1
DBG t=37 used=0.02 remain=1.2 turn_time=0.0190476 end_in=0.0190476 depth=10 dec=0 cand_cap=20 cand=24->20 pick(must/bucket/top/rand)=1/7/8/4 sims=1020 loop=1000 best_avg=-0.485505 best_move=6,5 leader=3 inc2=1 attack_w=1
DBG t=49 used=0.024 remain=0.962 turn_time=0.0188627 end_in=0.0188627 depth=10 dec=0 cand_cap=20 cand=22->20 pick(must/bucket/top/rand)=1/6/9/4 sims=696 loop=676 best_avg=-0.329164 best_move=6,8 leader=6 inc2=1 attack_w=0.678462
DBG t=61 used=0.019 remain=0.726 turn_time=0.0186154 end_in=0.0186154 depth=10 dec=0 cand_cap=20 cand=30->20 pick(must/bucket/top/rand)=1/6/9/4 sims=896 loop=876 best_avg=-0.176503 best_move=6,7 leader=3 inc2=1 attack_w=0.25
DBG t=74 used=0.021 remain=0.479 turn_time=0.0184231 end_in=0.0184231 depth=11 dec=0 cand_cap=20 cand=38->20 pick(must/bucket/top/rand)=1/6/9/4 sims=776 loop=756 best_avg=-0.255239 best_move=1,5 leader=3 inc2=1 attack_w=0.25
DBG t=86 used=0.018 remain=0.251 turn_time=0.0179286 end_in=0.0179286 depth=10 dec=1 cand_cap=20 cand=41->20 pick(must/bucket/top/rand)=1/5/10/4 sims=808 loop=788 best_avg=-0.370362 best_move=5,7 leader=3 inc2=1 attack_w=0.25
DBG t=99 used=0.015 remain=0.015 turn_time=0.015 end_in=0.014 depth=0 dec=2 cand_cap=20 cand=40->20 pick(must/bucket/top/rand)=1/5/10/4 sims=12588 loop=12568 best_avg=-0.451018 best_move=7,7 leader=3 inc2=1 attack_w=0.521167
DBG summary depth_safety_fired=16
Score = 99109
=== CASE 0043.txt ===
DBG hdr N=10 M=4 T=100 U=1 VMAX=2001 TIME_LIMIT=1.94 MAX_CAND=20 UCB_C=0.21
DBG t=0 used=0.02 remain=1.94 turn_time=0.0194 end_in=0.0194 depth=7 dec=0 cand_cap=20 cand=4->4 pick(must/bucket/top/rand)=1/2/1/0 sims=3672 loop=3668 best_avg=-1.4057 best_move=0,3 leader=1 inc2=0 attack_w=1
DBG t=12 used=0.02 remain=1.699 turn_time=0.0193068 end_in=0.0193068 depth=7 dec=0 cand_cap=20 cand=20->20 pick(must/bucket/top/rand)=1/4/11/4 sims=2420 loop=2400 best_avg=-1.21916 best_move=3,5 leader=3 inc2=1 attack_w=1
DBG t=24 used=0.02 remain=1.459 turn_time=0.0191974 end_in=0.0191974 depth=7 dec=0 cand_cap=20 cand=31->20 pick(must/bucket/top/rand)=1/6/9/4 sims=1796 loop=1776 best_avg=-0.831243 best_move=6,8 leader=3 inc2=1 attack_w=0.456858
DBG t=37 used=0.02 remain=1.199 turn_time=0.0190317 end_in=0.0190317 depth=10 dec=0 cand_cap=20 cand=57->20 pick(must/bucket/top/rand)=1/5/10/4 sims=1016 loop=996 best_avg=-0.28073 best_move=7,2 leader=2 inc2=1 attack_w=0.25
DBG t=49 used=0.019 remain=0.968 turn_time=0.0189804 end_in=0.0189804 depth=10 dec=0 cand_cap=20 cand=71->20 pick(must/bucket/top/rand)=1/4/11/4 sims=884 loop=864 best_avg=-0.0350023 best_move=5,2 leader=2 inc2=0 attack_w=0.25
DBG t=61 used=0.019 remain=0.74 turn_time=0.0189744 end_in=0.0189744 depth=10 dec=0 cand_cap=20 cand=80->20 pick(must/bucket/top/rand)=1/6/9/4 sims=932 loop=912 best_avg=0.430652 best_move=4,5 leader=3 inc2=1 attack_w=0.25
DBG t=74 used=0.019 remain=0.493 turn_time=0.0189615 end_in=0.0189615 depth=11 dec=0 cand_cap=20 cand=84->20 pick(must/bucket/top/rand)=1/6/9/4 sims=760 loop=740 best_avg=0.746298 best_move=4,4 leader=2 inc2=1 attack_w=0.25
DBG t=86 used=0.019 remain=0.265 turn_time=0.0189286 end_in=0.0189286 depth=11 dec=0 cand_cap=20 cand=89->20 pick(must/bucket/top/rand)=1/6/9/4 sims=952 loop=932 best_avg=1.05007 best_move=0,2 leader=1 inc2=0 attack_w=0.25
DBG t=99 used=0.018 remain=0.018 turn_time=0.018 end_in=0.017 depth=0 dec=0 cand_cap=20 cand=96->20 pick(must/bucket/top/rand)=1/6/9/4 sims=39052 loop=39032 best_avg=1.54433 best_move=3,2 leader=2 inc2=1 attack_w=0.25
DBG summary depth_safety_fired=0
Score = 357636
=== CASE 0044.txt ===
DBG hdr N=10 M=3 T=100 U=3 VMAX=1508 TIME_LIMIT=1.94 MAX_CAND=20 UCB_C=0.21
DBG t=0 used=0.02 remain=1.94 turn_time=0.0194 end_in=0.0194 depth=7 dec=0 cand_cap=20 cand=3->3 pick(must/bucket/top/rand)=1/2/0/0 sims=4979 loop=4976 best_avg=-1.57724 best_move=7,9 leader=1 inc2=1 attack_w=1
DBG t=12 used=0.02 remain=1.699 turn_time=0.0193068 end_in=0.0193068 depth=7 dec=0 cand_cap=20 cand=12->12 pick(must/bucket/top/rand)=1/4/7/0 sims=3424 loop=3412 best_avg=-1.83128 best_move=5,9 leader=1 inc2=1 attack_w=1
DBG t=24 used=0.02 remain=1.459 turn_time=0.0191974 end_in=0.0191974 depth=7 dec=0 cand_cap=20 cand=19->19 pick(must/bucket/top/rand)=1/7/8/3 sims=2627 loop=2608 best_avg=-1.99868 best_move=6,8 leader=1 inc2=1 attack_w=1
DBG t=37 used=0.02 remain=1.197 turn_time=0.019 end_in=0.019 depth=10 dec=0 cand_cap=20 cand=8->8 pick(must/bucket/top/rand)=1/6/1/0 sims=2232 loop=2224 best_avg=-1.95137 best_move=2,5 leader=1 inc2=1 attack_w=1
DBG t=49 used=0.019 remain=0.968 turn_time=0.0189804 end_in=0.0189804 depth=10 dec=0 cand_cap=20 cand=15->15 pick(must/bucket/top/rand)=1/8/6/0 sims=1443 loop=1428 best_avg=-2.00031 best_move=0,5 leader=1 inc2=1 attack_w=1
DBG t=61 used=0.019 remain=0.74 turn_time=0.0189744 end_in=0.0189744 depth=10 dec=0 cand_cap=20 cand=25->20 pick(must/bucket/top/rand)=1/8/7/4 sims=1236 loop=1216 best_avg=-1.96344 best_move=3,2 leader=1 inc2=1 attack_w=1
DBG t=74 used=0.019 remain=0.493 turn_time=0.0189615 end_in=0.0189615 depth=11 dec=0 cand_cap=20 cand=40->20 pick(must/bucket/top/rand)=1/8/7/4 sims=1224 loop=1204 best_avg=-1.78401 best_move=5,0 leader=1 inc2=1 attack_w=1
DBG t=86 used=0.019 remain=0.265 turn_time=0.0189286 end_in=0.0189286 depth=11 dec=0 cand_cap=20 cand=40->20 pick(must/bucket/top/rand)=1/8/7/4 sims=1108 loop=1088 best_avg=-1.86694 best_move=3,1 leader=1 inc2=1 attack_w=1
DBG t=99 used=0.018 remain=0.018 turn_time=0.018 end_in=0.017 depth=0 dec=0 cand_cap=20 cand=53->20 pick(must/bucket/top/rand)=1/7/8/4 sims=23828 loop=23808 best_avg=-1.9102 best_move=5,3 leader=2 inc2=1 attack_w=1
DBG summary depth_safety_fired=0
Score = 82374
=== CASE 0042.txt ===
DBG hdr N=10 M=8 T=100 U=5 VMAX=2032 TIME_LIMIT=1.94 MAX_CAND=20 UCB_C=0.21
DBG t=0 used=0.02 remain=1.94 turn_time=0.0194 end_in=0.0194 depth=7 dec=0 cand_cap=20 cand=3->3 pick(must/bucket/top/rand)=1/2/0/0 sims=2295 loop=2292 best_avg=-0.691755 best_move=0,8 leader=5 inc2=1 attack_w=1
DBG t=12 used=0.02 remain=1.7 turn_time=0.0193182 end_in=0.0193182 depth=7 dec=0 cand_cap=20 cand=9->9 pick(must/bucket/top/rand)=1/4/4/0 sims=1645 loop=1636 best_avg=-0.546632 best_move=0,6 leader=1 inc2=1 attack_w=0.582585
DBG t=24 used=0.02 remain=1.46 turn_time=0.0192105 end_in=0.0192105 depth=7 dec=0 cand_cap=20 cand=14->14 pick(must/bucket/top/rand)=1/5/8/0 sims=1570 loop=1556 best_avg=-0.394415 best_move=0,5 leader=1 inc2=1 attack_w=0.292586
DBG t=37 used=0.02 remain=1.2 turn_time=0.0190476 end_in=0.0190476 depth=10 dec=0 cand_cap=20 cand=21->20 pick(must/bucket/top/rand)=1/4/11/4 sims=1144 loop=1124 best_avg=-0.227207 best_move=0,5 leader=2 inc2=1 attack_w=0.25
DBG t=49 used=0.019 remain=0.968 turn_time=0.0189804 end_in=0.0189804 depth=10 dec=0 cand_cap=20 cand=23->20 pick(must/bucket/top/rand)=1/4/11/4 sims=1040 loop=1020 best_avg=-0.143443 best_move=0,5 leader=3 inc2=1 attack_w=0.25
DBG t=61 used=0.019 remain=0.74 turn_time=0.0189744 end_in=0.0189744 depth=10 dec=0 cand_cap=20 cand=23->20 pick(must/bucket/top/rand)=1/4/11/4 sims=944 loop=924 best_avg=-0.0748917 best_move=1,7 leader=3 inc2=1 attack_w=0.25
DBG t=74 used=0.019 remain=0.493 turn_time=0.0189615 end_in=0.0189615 depth=11 dec=0 cand_cap=20 cand=22->20 pick(must/bucket/top/rand)=1/4/11/4 sims=920 loop=900 best_avg=-0.0460688 best_move=2,8 leader=3 inc2=1 attack_w=0.25
DBG t=86 used=0.019 remain=0.265 turn_time=0.0189286 end_in=0.0189286 depth=11 dec=0 cand_cap=20 cand=22->20 pick(must/bucket/top/rand)=1/4/11/4 sims=920 loop=900 best_avg=-0.0921481 best_move=0,8 leader=3 inc2=1 attack_w=0.25
DBG t=99 used=0.018 remain=0.018 turn_time=0.018 end_in=0.017 depth=0 dec=0 cand_cap=20 cand=22->20 pick(must/bucket/top/rand)=1/4/11/4 sims=16880 loop=16860 best_avg=-0.0234302 best_move=2,7 leader=3 inc2=1 attack_w=0.25
DBG summary depth_safety_fired=0
Score = 134153
=== CASE 0046.txt ===
DBG hdr N=10 M=3 T=100 U=2 VMAX=1251 TIME_LIMIT=1.94 MAX_CAND=20 UCB_C=0.21
DBG t=0 used=0.02 remain=1.94 turn_time=0.0194 end_in=0.0194 depth=7 dec=0 cand_cap=20 cand=5->5 pick(must/bucket/top/rand)=1/2/2/0 sims=3389 loop=3384 best_avg=-1.42648 best_move=2,8 leader=2 inc2=1 attack_w=1
DBG t=12 used=0.02 remain=1.699 turn_time=0.0193068 end_in=0.0193068 depth=7 dec=0 cand_cap=20 cand=19->19 pick(must/bucket/top/rand)=1/2/13/3 sims=2815 loop=2796 best_avg=-1.24195 best_move=0,7 leader=1 inc2=1 attack_w=0.25
DBG t=24 used=0.02 remain=1.459 turn_time=0.0191974 end_in=0.0191974 depth=7 dec=0 cand_cap=20 cand=34->20 pick(must/bucket/top/rand)=1/6/9/4 sims=2104 loop=2084 best_avg=-1.18177 best_move=4,7 leader=2 inc2=1 attack_w=0.25
DBG t=37 used=0.02 remain=1.197 turn_time=0.019 end_in=0.019 depth=10 dec=0 cand_cap=20 cand=52->20 pick(must/bucket/top/rand)=1/8/7/4 sims=1084 loop=1064 best_avg=-1.12795 best_move=4,0 leader=2 inc2=1 attack_w=0.25
DBG t=49 used=0.019 remain=0.968 turn_time=0.0189804 end_in=0.0189804 depth=10 dec=0 cand_cap=20 cand=57->20 pick(must/bucket/top/rand)=1/8/7/4 sims=964 loop=944 best_avg=-1.10045 best_move=6,0 leader=2 inc2=1 attack_w=0.25
DBG t=61 used=0.019 remain=0.74 turn_time=0.0189744 end_in=0.0189744 depth=10 dec=0 cand_cap=20 cand=72->20 pick(must/bucket/top/rand)=1/8/7/4 sims=884 loop=864 best_avg=-0.803002 best_move=4,3 leader=1 inc2=1 attack_w=0.25
DBG t=74 used=0.019 remain=0.493 turn_time=0.0189615 end_in=0.0189615 depth=11 dec=0 cand_cap=20 cand=75->20 pick(must/bucket/top/rand)=1/8/7/4 sims=848 loop=828 best_avg=-0.719137 best_move=7,2 leader=1 inc2=1 attack_w=0.25
DBG t=86 used=0.019 remain=0.265 turn_time=0.0189286 end_in=0.0189286 depth=11 dec=0 cand_cap=20 cand=70->20 pick(must/bucket/top/rand)=1/8/7/4 sims=812 loop=792 best_avg=-0.61288 best_move=5,5 leader=1 inc2=1 attack_w=0.25
DBG t=99 used=0.018 remain=0.018 turn_time=0.018 end_in=0.017 depth=0 dec=0 cand_cap=20 cand=72->20 pick(must/bucket/top/rand)=1/7/8/4 sims=27152 loop=27132 best_avg=-0.629349 best_move=5,5 leader=1 inc2=1 attack_w=0.25
DBG summary depth_safety_fired=0
Score = 176142
=== CASE 0047.txt ===
DBG hdr N=10 M=4 T=100 U=3 VMAX=2265 TIME_LIMIT=1.94 MAX_CAND=20 UCB_C=0.21
DBG t=0 used=0.02 remain=1.94 turn_time=0.0194 end_in=0.0194 depth=7 dec=0 cand_cap=20 cand=5->5 pick(must/bucket/top/rand)=1/2/2/0 sims=3437 loop=3432 best_avg=-1.52904 best_move=2,5 leader=1 inc2=0 attack_w=1
DBG t=12 used=0.02 remain=1.697 turn_time=0.0192841 end_in=0.0192841 depth=7 dec=0 cand_cap=20 cand=23->20 pick(must/bucket/top/rand)=1/7/8/4 sims=2304 loop=2284 best_avg=-1.2071 best_move=7,5 leader=1 inc2=1 attack_w=1
DBG t=24 used=0.02 remain=1.457 turn_time=0.0191711 end_in=0.0191711 depth=7 dec=0 cand_cap=20 cand=19->19 pick(must/bucket/top/rand)=1/8/7/3 sims=2055 loop=2036 best_avg=-1.27155 best_move=5,6 leader=2 inc2=1 attack_w=1
DBG t=37 used=0.019 remain=1.196 turn_time=0.0189841 end_in=0.0189841 depth=10 dec=0 cand_cap=20 cand=22->20 pick(must/bucket/top/rand)=1/7/8/4 sims=1304 loop=1284 best_avg=-1.34664 best_move=6,8 leader=1 inc2=1 attack_w=1
DBG t=49 used=0.019 remain=0.968 turn_time=0.0189804 end_in=0.0189804 depth=10 dec=0 cand_cap=20 cand=26->20 pick(must/bucket/top/rand)=1/7/8/4 sims=1280 loop=1260 best_avg=-1.42043 best_move=9,7 leader=1 inc2=1 attack_w=1
DBG t=61 used=0.019 remain=0.74 turn_time=0.0189744 end_in=0.0189744 depth=10 dec=0 cand_cap=20 cand=28->20 pick(must/bucket/top/rand)=1/6/9/4 sims=1216 loop=1196 best_avg=-1.30208 best_move=6,8 leader=1 inc2=1 attack_w=1
DBG t=74 used=0.019 remain=0.493 turn_time=0.0189615 end_in=0.0189615 depth=11 dec=0 cand_cap=20 cand=28->20 pick(must/bucket/top/rand)=1/6/9/4 sims=1064 loop=1044 best_avg=-1.23088 best_move=6,9 leader=1 inc2=1 attack_w=1
DBG t=86 used=0.019 remain=0.265 turn_time=0.0189286 end_in=0.0189286 depth=11 dec=0 cand_cap=20 cand=29->20 pick(must/bucket/top/rand)=1/6/9/4 sims=1092 loop=1072 best_avg=-1.2282 best_move=5,9 leader=1 inc2=1 attack_w=1
DBG t=99 used=0.018 remain=0.018 turn_time=0.018 end_in=0.017 depth=0 dec=0 cand_cap=20 cand=28->20 pick(must/bucket/top/rand)=1/4/11/4 sims=18388 loop=18368 best_avg=-1.26222 best_move=7,5 leader=1 inc2=1 attack_w=1
DBG summary depth_safety_fired=0
Score = 87545
=== CASE 0045.txt ===
DBG hdr N=10 M=8 T=100 U=3 VMAX=1509 TIME_LIMIT=1.94 MAX_CAND=20 UCB_C=0.21
DBG t=0 used=0.02 remain=1.94 turn_time=0.0194 end_in=0.0194 depth=7 dec=0 cand_cap=20 cand=4->4 pick(must/bucket/top/rand)=1/2/1/0 sims=2236 loop=2232 best_avg=-0.98709 best_move=2,2 leader=6 inc2=1 attack_w=1
DBG t=12 used=0.02 remain=1.698 turn_time=0.0192955 end_in=0.0192955 depth=7 dec=0 cand_cap=20 cand=15->15 pick(must/bucket/top/rand)=1/4/10/0 sims=1615 loop=1600 best_avg=-0.988994 best_move=2,1 leader=6 inc2=1 attack_w=1
DBG t=24 used=0.02 remain=1.458 turn_time=0.0191842 end_in=0.0191842 depth=7 dec=0 cand_cap=20 cand=22->20 pick(must/bucket/top/rand)=1/7/8/4 sims=1604 loop=1584 best_avg=-0.875395 best_move=5,2 leader=6 inc2=1 attack_w=1
DBG t=37 used=0.019 remain=1.196 turn_time=0.0189841 end_in=0.0189841 depth=10 dec=0 cand_cap=20 cand=32->20 pick(must/bucket/top/rand)=1/7/8/4 sims=976 loop=956 best_avg=-0.440533 best_move=1,5 leader=6 inc2=1 attack_w=1
DBG t=49 used=0.019 remain=0.968 turn_time=0.0189804 end_in=0.0189804 depth=10 dec=0 cand_cap=20 cand=30->20 pick(must/bucket/top/rand)=1/6/9/4 sims=1036 loop=1016 best_avg=-0.296201 best_move=6,3 leader=6 inc2=1 attack_w=0.399193
DBG t=61 used=0.019 remain=0.74 turn_time=0.0189744 end_in=0.0189744 depth=10 dec=0 cand_cap=20 cand=33->20 pick(must/bucket/top/rand)=1/6/9/4 sims=960 loop=940 best_avg=-0.358793 best_move=5,2 leader=6 inc2=1 attack_w=0.30979
DBG t=74 used=0.019 remain=0.493 turn_time=0.0189615 end_in=0.0189615 depth=11 dec=0 cand_cap=20 cand=32->20 pick(must/bucket/top/rand)=1/5/10/4 sims=804 loop=784 best_avg=-0.303394 best_move=6,0 leader=3 inc2=1 attack_w=0.25
DBG t=86 used=0.019 remain=0.265 turn_time=0.0189286 end_in=0.0189286 depth=11 dec=0 cand_cap=20 cand=36->20 pick(must/bucket/top/rand)=1/5/10/4 sims=812 loop=792 best_avg=-0.256527 best_move=2,4 leader=3 inc2=1 attack_w=0.25
DBG t=99 used=0.018 remain=0.018 turn_time=0.018 end_in=0.017 depth=0 dec=0 cand_cap=20 cand=39->20 pick(must/bucket/top/rand)=1/4/11/4 sims=15740 loop=15720 best_avg=-0.0713154 best_move=2,4 leader=3 inc2=1 attack_w=0.25
DBG summary depth_safety_fired=0
Score = 130578
=== CASE 0048.txt ===
DBG hdr N=10 M=3 T=100 U=3 VMAX=2106 TIME_LIMIT=1.94 MAX_CAND=20 UCB_C=0.21
DBG t=0 used=0.02 remain=1.94 turn_time=0.0194 end_in=0.0194 depth=7 dec=0 cand_cap=20 cand=5->5 pick(must/bucket/top/rand)=1/2/2/0 sims=4257 loop=4252 best_avg=-1.35356 best_move=6,8 leader=1 inc2=1 attack_w=0.693678
DBG t=12 used=0.02 remain=1.7 turn_time=0.0193182 end_in=0.0193182 depth=7 dec=0 cand_cap=20 cand=4->4 pick(must/bucket/top/rand)=1/3/0/0 sims=3332 loop=3328 best_avg=-1.14575 best_move=6,4 leader=1 inc2=1 attack_w=0.25
DBG t=24 used=0.02 remain=1.46 turn_time=0.0192105 end_in=0.0192105 depth=7 dec=0 cand_cap=20 cand=33->20 pick(must/bucket/top/rand)=1/8/7/4 sims=2512 loop=2492 best_avg=-1.25569 best_move=7,8 leader=1 inc2=1 attack_w=0.25
DBG t=37 used=0.02 remain=1.2 turn_time=0.0190476 end_in=0.0190476 depth=10 dec=0 cand_cap=20 cand=44->20 pick(must/bucket/top/rand)=1/8/7/4 sims=1672 loop=1652 best_avg=-1.63991 best_move=7,5 leader=1 inc2=1 attack_w=0.306023
DBG t=49 used=0.019 remain=0.968 turn_time=0.0189804 end_in=0.0189804 depth=10 dec=0 cand_cap=20 cand=39->20 pick(must/bucket/top/rand)=1/8/7/4 sims=1532 loop=1512 best_avg=-1.64881 best_move=6,5 leader=1 inc2=1 attack_w=0.671088
DBG t=61 used=0.019 remain=0.74 turn_time=0.0189744 end_in=0.0189744 depth=10 dec=0 cand_cap=20 cand=54->20 pick(must/bucket/top/rand)=1/8/7/4 sims=1324 loop=1304 best_avg=-1.84883 best_move=1,2 leader=1 inc2=1 attack_w=0.844152
DBG t=74 used=0.019 remain=0.493 turn_time=0.0189615 end_in=0.0189615 depth=11 dec=0 cand_cap=20 cand=50->20 pick(must/bucket/top/rand)=1/8/7/4 sims=1116 loop=1096 best_avg=-1.83489 best_move=1,3 leader=1 inc2=1 attack_w=1
DBG t=86 used=0.019 remain=0.265 turn_time=0.0189286 end_in=0.0189286 depth=11 dec=0 cand_cap=20 cand=60->20 pick(must/bucket/top/rand)=1/8/7/4 sims=1092 loop=1072 best_avg=-1.88552 best_move=3,0 leader=1 inc2=1 attack_w=1
DBG t=99 used=0.018 remain=0.018 turn_time=0.018 end_in=0.017 depth=0 dec=0 cand_cap=20 cand=65->20 pick(must/bucket/top/rand)=1/8/7/4 sims=31096 loop=31076 best_avg=-1.86679 best_move=1,2 leader=1 inc2=1 attack_w=1
DBG summary depth_safety_fired=0
Score = 85262
=== CASE 0050.txt ===
DBG hdr N=10 M=3 T=100 U=2 VMAX=1379 TIME_LIMIT=1.94 MAX_CAND=20 UCB_C=0.21
DBG t=0 used=0.02 remain=1.94 turn_time=0.0194 end_in=0.0194 depth=7 dec=0 cand_cap=20 cand=4->4 pick(must/bucket/top/rand)=1/2/1/0 sims=4656 loop=4652 best_avg=-1.49445 best_move=2,9 leader=1 inc2=1 attack_w=0.184006
DBG t=12 used=0.02 remain=1.7 turn_time=0.0193182 end_in=0.0193182 depth=7 dec=0 cand_cap=20 cand=21->20 pick(must/bucket/top/rand)=1/3/12/4 sims=3072 loop=3052 best_avg=-0.93164 best_move=4,7 leader=2 inc2=1 attack_w=0.25
DBG t=24 used=0.02 remain=1.46 turn_time=0.0192105 end_in=0.0192105 depth=7 dec=0 cand_cap=20 cand=33->20 pick(must/bucket/top/rand)=1/7/8/4 sims=2504 loop=2484 best_avg=-0.815878 best_move=2,4 leader=2 inc2=1 attack_w=0.25
DBG t=37 used=0.02 remain=1.2 turn_time=0.0190476 end_in=0.0190476 depth=10 dec=0 cand_cap=20 cand=15->15 pick(must/bucket/top/rand)=1/6/8/0 sims=2215 loop=2200 best_avg=-0.551693 best_move=4,2 leader=2 inc2=1 attack_w=0.25
DBG t=49 used=0.019 remain=0.968 turn_time=0.0189804 end_in=0.0189804 depth=10 dec=0 cand_cap=20 cand=20->20 pick(must/bucket/top/rand)=1/8/7/4 sims=2004 loop=1984 best_avg=-0.225079 best_move=4,2 leader=2 inc2=1 attack_w=0.25
DBG t=61 used=0.019 remain=0.74 turn_time=0.0189744 end_in=0.0189744 depth=10 dec=0 cand_cap=20 cand=27->20 pick(must/bucket/top/rand)=1/8/7/4 sims=1884 loop=1864 best_avg=0.0379535 best_move=0,3 leader=1 inc2=1 attack_w=0.25
DBG t=74 used=0.019 remain=0.493 turn_time=0.0189615 end_in=0.0189615 depth=11 dec=0 cand_cap=20 cand=35->20 pick(must/bucket/top/rand)=1/8/7/4 sims=1504 loop=1484 best_avg=0.242724 best_move=1,4 leader=2 inc2=1 attack_w=0.25
DBG t=86 used=0.019 remain=0.265 turn_time=0.0189286 end_in=0.0189286 depth=11 dec=0 cand_cap=20 cand=40->20 pick(must/bucket/top/rand)=1/8/7/4 sims=1356 loop=1336 best_avg=0.0643388 best_move=4,4 leader=2 inc2=1 attack_w=0.25
DBG t=99 used=0.018 remain=0.018 turn_time=0.018 end_in=0.017 depth=0 dec=0 cand_cap=20 cand=64->20 pick(must/bucket/top/rand)=1/8/7/4 sims=51584 loop=51564 best_avg=0.839441 best_move=2,3 leader=2 inc2=1 attack_w=0.25
DBG summary depth_safety_fired=0
Score = 339650
=== CASE 0049.txt ===
DBG hdr N=10 M=3 T=100 U=4 VMAX=1541 TIME_LIMIT=1.94 MAX_CAND=20 UCB_C=0.21
DBG t=0 used=0.02 remain=1.94 turn_time=0.0194 end_in=0.0194 depth=7 dec=0 cand_cap=20 cand=5->5 pick(must/bucket/top/rand)=1/2/2/0 sims=4445 loop=4440 best_avg=-1.20416 best_move=5,6 leader=2 inc2=1 attack_w=0.15
DBG t=12 used=0.02 remain=1.7 turn_time=0.0193182 end_in=0.0193182 depth=7 dec=0 cand_cap=20 cand=16->16 pick(must/bucket/top/rand)=1/5/10/0 sims=3348 loop=3332 best_avg=-1.35506 best_move=5,4 leader=2 inc2=1 attack_w=0.25
DBG t=24 used=0.02 remain=1.46 turn_time=0.0192105 end_in=0.0192105 depth=7 dec=0 cand_cap=20 cand=23->20 pick(must/bucket/top/rand)=1/5/10/4 sims=2632 loop=2612 best_avg=-1.33226 best_move=5,6 leader=1 inc2=1 attack_w=0.25
DBG t=37 used=0.02 remain=1.2 turn_time=0.0190476 end_in=0.0190476 depth=10 dec=0 cand_cap=20 cand=26->20 pick(must/bucket/top/rand)=1/6/9/4 sims=1600 loop=1580 best_avg=-1.63401 best_move=6,6 leader=2 inc2=1 attack_w=0.807088
DBG t=49 used=0.019 remain=0.968 turn_time=0.0189804 end_in=0.0189804 depth=10 dec=0 cand_cap=20 cand=27->20 pick(must/bucket/top/rand)=1/7/8/4 sims=1712 loop=1692 best_avg=-1.59139 best_move=5,7 leader=2 inc2=1 attack_w=0.763692
DBG t=61 used=0.019 remain=0.74 turn_time=0.0189744 end_in=0.0189744 depth=10 dec=0 cand_cap=20 cand=29->20 pick(must/bucket/top/rand)=1/7/8/4 sims=2140 loop=2120 best_avg=-1.7913 best_move=6,4 leader=2 inc2=1 attack_w=0.816866
DBG t=74 used=0.019 remain=0.493 turn_time=0.0189615 end_in=0.0189615 depth=11 dec=0 cand_cap=20 cand=4->4 pick(must/bucket/top/rand)=1/2/1/0 sims=2232 loop=2228 best_avg=-2.00118 best_move=0,4 leader=2 inc2=1 attack_w=1
DBG t=86 used=0.019 remain=0.265 turn_time=0.0189286 end_in=0.0189286 depth=11 dec=0 cand_cap=20 cand=17->17 pick(must/bucket/top/rand)=1/8/7/1 sims=2253 loop=2236 best_avg=-1.98039 best_move=1,6 leader=2 inc2=1 attack_w=1
DBG t=99 used=0.018 remain=0.018 turn_time=0.018 end_in=0.017 depth=0 dec=0 cand_cap=20 cand=21->20 pick(must/bucket/top/rand)=1/6/9/4 sims=32976 loop=32956 best_avg=-2.22776 best_move=5,7 leader=2 inc2=1 attack_w=1
DBG summary depth_safety_fired=0
Score = 64036
=== CASE 0051.txt ===
DBG hdr N=10 M=8 T=100 U=1 VMAX=1078 TIME_LIMIT=1.94 MAX_CAND=20 UCB_C=0.21
DBG t=0 used=0.02 remain=1.94 turn_time=0.0194 end_in=0.0194 depth=7 dec=0 cand_cap=20 cand=5->5 pick(must/bucket/top/rand)=1/2/2/0 sims=1805 loop=1800 best_avg=-0.444228 best_move=7,2 leader=6 inc2=1 attack_w=1
DBG t=12 used=0.02 remain=1.7 turn_time=0.0193182 end_in=0.0193182 depth=7 dec=0 cand_cap=20 cand=22->20 pick(must/bucket/top/rand)=1/4/11/4 sims=1592 loop=1572 best_avg=-0.199755 best_move=4,2 leader=6 inc2=1 attack_w=0.288862
DBG t=24 used=0.02 remain=1.46 turn_time=0.0192105 end_in=0.0192105 depth=7 dec=0 cand_cap=20 cand=38->20 pick(must/bucket/top/rand)=1/6/9/4 sims=1284 loop=1264 best_avg=0.0819496 best_move=8,0 leader=6 inc2=1 attack_w=0.25
DBG t=37 used=0.02 remain=1.2 turn_time=0.0190476 end_in=0.0190476 depth=10 dec=0 cand_cap=20 cand=3->3 pick(must/bucket/top/rand)=1/2/0/0 sims=775 loop=772 best_avg=0.410035 best_move=8,7 leader=6 inc2=1 attack_w=0.25
DBG t=49 used=0.019 remain=0.968 turn_time=0.0189804 end_in=0.0189804 depth=10 dec=0 cand_cap=20 cand=60->20 pick(must/bucket/top/rand)=1/6/9/4 sims=820 loop=800 best_avg=0.959089 best_move=1,0 leader=5 inc2=1 attack_w=0.25
DBG t=61 used=0.019 remain=0.74 turn_time=0.0189744 end_in=0.0189744 depth=10 dec=0 cand_cap=20 cand=56->20 pick(must/bucket/top/rand)=1/4/11/4 sims=708 loop=688 best_avg=1.09333 best_move=2,2 leader=5 inc2=1 attack_w=0.25
DBG t=74 used=0.019 remain=0.492 turn_time=0.0189231 end_in=0.0189231 depth=11 dec=0 cand_cap=20 cand=60->20 pick(must/bucket/top/rand)=1/6/9/4 sims=712 loop=692 best_avg=1.26406 best_move=3,0 leader=1 inc2=1 attack_w=0.25
DBG t=86 used=0.019 remain=0.264 turn_time=0.0188571 end_in=0.0188571 depth=11 dec=0 cand_cap=20 cand=66->20 pick(must/bucket/top/rand)=1/6/9/4 sims=644 loop=624 best_avg=1.09179 best_move=2,1 leader=7 inc2=1 attack_w=0.25
DBG t=99 used=0.017 remain=0.017 turn_time=0.017 end_in=0.016 depth=0 dec=1 cand_cap=20 cand=29->20 pick(must/bucket/top/rand)=1/5/10/4 sims=19348 loop=19328 best_avg=0.967871 best_move=2,7 leader=6 inc2=1 attack_w=0.25
DBG summary depth_safety_fired=1
Score = 232847
=== CASE 0052.txt ===
DBG hdr N=10 M=5 T=100 U=4 VMAX=1301 TIME_LIMIT=1.94 MAX_CAND=20 UCB_C=0.21
DBG t=0 used=0.02 remain=1.94 turn_time=0.0194 end_in=0.0194 depth=7 dec=0 cand_cap=20 cand=4->4 pick(must/bucket/top/rand)=1/2/1/0 sims=3212 loop=3208 best_avg=-0.755695 best_move=1,5 leader=3 inc2=0 attack_w=1
DBG t=12 used=0.02 remain=1.7 turn_time=0.0193182 end_in=0.0193182 depth=7 dec=0 cand_cap=20 cand=14->14 pick(must/bucket/top/rand)=1/7/6/0 sims=2234 loop=2220 best_avg=-0.73665 best_move=4,3 leader=4 inc2=1 attack_w=0.628248
DBG t=24 used=0.02 remain=1.46 turn_time=0.0192105 end_in=0.0192105 depth=7 dec=0 cand_cap=20 cand=16->16 pick(must/bucket/top/rand)=1/4/11/0 sims=2324 loop=2308 best_avg=-1.00392 best_move=6,2 leader=2 inc2=1 attack_w=1
DBG t=37 used=0.02 remain=1.2 turn_time=0.0190476 end_in=0.0190476 depth=10 dec=0 cand_cap=20 cand=19->19 pick(must/bucket/top/rand)=1/3/12/3 sims=1487 loop=1468 best_avg=-0.838668 best_move=4,1 leader=3 inc2=0 attack_w=0.671453
DBG t=49 used=0.019 remain=0.968 turn_time=0.0189804 end_in=0.0189804 depth=10 dec=0 cand_cap=20 cand=27->20 pick(must/bucket/top/rand)=1/3/12/4 sims=1352 loop=1332 best_avg=-0.709945 best_move=8,1 leader=3 inc2=0 attack_w=0.482427
DBG t=61 used=0.019 remain=0.74 turn_time=0.0189744 end_in=0.0189744 depth=10 dec=0 cand_cap=20 cand=33->20 pick(must/bucket/top/rand)=1/4/11/4 sims=1160 loop=1140 best_avg=-0.456129 best_move=5,1 leader=3 inc2=0 attack_w=0.25
DBG t=74 used=0.019 remain=0.491 turn_time=0.0188846 end_in=0.0188846 depth=11 dec=0 cand_cap=20 cand=37->20 pick(must/bucket/top/rand)=1/4/11/4 sims=1136 loop=1116 best_avg=-0.53782 best_move=5,1 leader=3 inc2=0 attack_w=0.25
DBG t=86 used=0.019 remain=0.263 turn_time=0.0187857 end_in=0.0187857 depth=11 dec=0 cand_cap=20 cand=48->20 pick(must/bucket/top/rand)=1/4/11/4 sims=1048 loop=1028 best_avg=-0.486006 best_move=4,5 leader=3 inc2=0 attack_w=0.25
DBG t=99 used=0.017 remain=0.017 turn_time=0.017 end_in=0.016 depth=0 dec=1 cand_cap=20 cand=58->20 pick(must/bucket/top/rand)=1/6/9/4 sims=26188 loop=26168 best_avg=-0.422068 best_move=5,7 leader=3 inc2=0 attack_w=0.25
DBG summary depth_safety_fired=2
Score = 132523
=== CASE 0053.txt ===
DBG hdr N=10 M=3 T=100 U=5 VMAX=1960 TIME_LIMIT=1.94 MAX_CAND=20 UCB_C=0.21
DBG t=0 used=0.02 remain=1.94 turn_time=0.0194 end_in=0.0194 depth=7 dec=0 cand_cap=20 cand=5->5 pick(must/bucket/top/rand)=1/2/2/0 sims=4721 loop=4716 best_avg=-1.35125 best_move=6,6 leader=2 inc2=1 attack_w=0.220761
DBG t=12 used=0.02 remain=1.7 turn_time=0.0193182 end_in=0.0193182 depth=7 dec=0 cand_cap=20 cand=21->20 pick(must/bucket/top/rand)=1/4/11/4 sims=2840 loop=2820 best_avg=-1.14847 best_move=3,6 leader=2 inc2=1 attack_w=0.25
DBG t=24 used=0.02 remain=1.46 turn_time=0.0192105 end_in=0.0192105 depth=7 dec=0 cand_cap=20 cand=28->20 pick(must/bucket/top/rand)=1/6/9/4 sims=2520 loop=2500 best_avg=-1.12663 best_move=3,5 leader=2 inc2=1 attack_w=0.25
DBG t=37 used=0.02 remain=1.2 turn_time=0.0190476 end_in=0.0190476 depth=10 dec=0 cand_cap=20 cand=38->20 pick(must/bucket/top/rand)=1/7/8/4 sims=1692 loop=1672 best_avg=-1.15264 best_move=2,4 leader=1 inc2=1 attack_w=0.25
DBG t=49 used=0.019 remain=0.968 turn_time=0.0189804 end_in=0.0189804 depth=10 dec=0 cand_cap=20 cand=43->20 pick(must/bucket/top/rand)=1/8/7/4 sims=1636 loop=1616 best_avg=-1.22758 best_move=1,5 leader=1 inc2=1 attack_w=0.25
DBG t=61 used=0.019 remain=0.74 turn_time=0.0189744 end_in=0.0189744 depth=10 dec=0 cand_cap=20 cand=47->20 pick(must/bucket/top/rand)=1/7/8/4 sims=1504 loop=1484 best_avg=-1.18675 best_move=3,2 leader=1 inc2=1 attack_w=0.25
DBG t=74 used=0.019 remain=0.49 turn_time=0.0188462 end_in=0.0188462 depth=11 dec=0 cand_cap=20 cand=52->20 pick(must/bucket/top/rand)=1/8/7/4 sims=1308 loop=1288 best_avg=-1.15327 best_move=2,6 leader=1 inc2=1 attack_w=0.25
DBG t=86 used=0.019 remain=0.262 turn_time=0.0187143 end_in=0.0187143 depth=11 dec=0 cand_cap=20 cand=54->20 pick(must/bucket/top/rand)=1/7/8/4 sims=1332 loop=1312 best_avg=-1.24073 best_move=6,3 leader=1 inc2=1 attack_w=0.25
DBG t=99 used=0.017 remain=0.017 turn_time=0.017 end_in=0.016 depth=0 dec=1 cand_cap=20 cand=58->20 pick(must/bucket/top/rand)=1/8/7/4 sims=34392 loop=34372 best_avg=-1.14304 best_move=2,8 leader=1 inc2=1 attack_w=0.25
DBG summary depth_safety_fired=4
Score = 139369
=== CASE 0056.txt ===
DBG hdr N=10 M=7 T=100 U=2 VMAX=1961 TIME_LIMIT=1.94 MAX_CAND=20 UCB_C=0.21
DBG t=0 used=0.02 remain=1.94 turn_time=0.0194 end_in=0.0194 depth=7 dec=0 cand_cap=20 cand=4->4 pick(must/bucket/top/rand)=1/2/1/0 sims=2156 loop=2152 best_avg=-0.577926 best_move=8,5 leader=4 inc2=1 attack_w=1
DBG t=12 used=0.02 remain=1.7 turn_time=0.0193182 end_in=0.0193182 depth=7 dec=0 cand_cap=20 cand=12->12 pick(must/bucket/top/rand)=1/4/7/0 sims=1412 loop=1400 best_avg=-0.436945 best_move=6,2 leader=6 inc2=1 attack_w=0.25
DBG t=24 used=0.02 remain=1.46 turn_time=0.0192105 end_in=0.0192105 depth=7 dec=0 cand_cap=20 cand=17->17 pick(must/bucket/top/rand)=1/5/10/1 sims=1425 loop=1408 best_avg=-0.259604 best_move=8,1 leader=6 inc2=1 attack_w=0.25
DBG t=37 used=0.02 remain=1.2 turn_time=0.0190476 end_in=0.0190476 depth=10 dec=0 cand_cap=20 cand=28->20 pick(must/bucket/top/rand)=1/6/9/4 sims=896 loop=876 best_avg=-0.130758 best_move=6,0 leader=4 inc2=1 attack_w=0.25
DBG t=49 used=0.019 remain=0.968 turn_time=0.0189804 end_in=0.0189804 depth=10 dec=0 cand_cap=20 cand=27->20 pick(must/bucket/top/rand)=1/6/9/4 sims=840 loop=820 best_avg=-0.198391 best_move=9,1 leader=6 inc2=1 attack_w=0.25
DBG t=61 used=0.019 remain=0.74 turn_time=0.0189744 end_in=0.0189744 depth=10 dec=0 cand_cap=20 cand=29->20 pick(must/bucket/top/rand)=1/6/9/4 sims=828 loop=808 best_avg=-0.252319 best_move=5,1 leader=6 inc2=1 attack_w=0.25
DBG t=74 used=0.019 remain=0.492 turn_time=0.0189231 end_in=0.0189231 depth=11 dec=0 cand_cap=20 cand=30->20 pick(must/bucket/top/rand)=1/5/10/4 sims=692 loop=672 best_avg=-0.336353 best_move=5,0 leader=6 inc2=1 attack_w=0.25
DBG t=86 used=0.019 remain=0.264 turn_time=0.0188571 end_in=0.0188571 depth=11 dec=0 cand_cap=20 cand=28->20 pick(must/bucket/top/rand)=1/7/8/4 sims=684 loop=664 best_avg=-0.556507 best_move=6,0 leader=6 inc2=1 attack_w=0.286253
DBG t=99 used=0.017 remain=0.017 turn_time=0.017 end_in=0.016 depth=0 dec=1 cand_cap=20 cand=27->20 pick(must/bucket/top/rand)=1/7/8/4 sims=16692 loop=16672 best_avg=-0.473882 best_move=3,1 leader=6 inc2=1 attack_w=0.446873
DBG summary depth_safety_fired=1
Score = 98577
=== CASE 0054.txt ===
DBG hdr N=10 M=4 T=100 U=1 VMAX=1783 TIME_LIMIT=1.94 MAX_CAND=20 UCB_C=0.21
DBG t=0 used=0.02 remain=1.94 turn_time=0.0194 end_in=0.0194 depth=7 dec=0 cand_cap=20 cand=3->3 pick(must/bucket/top/rand)=1/2/0/0 sims=3547 loop=3544 best_avg=-1.21711 best_move=4,0 leader=3 inc2=1 attack_w=0.883333
DBG t=12 used=0.02 remain=1.7 turn_time=0.0193182 end_in=0.0193182 depth=7 dec=0 cand_cap=20 cand=4->4 pick(must/bucket/top/rand)=1/3/0/0 sims=2088 loop=2084 best_avg=-1.13348 best_move=6,2 leader=2 inc2=1 attack_w=1
DBG t=24 used=0.02 remain=1.46 turn_time=0.0192105 end_in=0.0192105 depth=7 dec=0 cand_cap=20 cand=36->20 pick(must/bucket/top/rand)=1/3/12/4 sims=2224 loop=2204 best_avg=-0.455721 best_move=2,2 leader=2 inc2=0 attack_w=0.375837
DBG t=37 used=0.02 remain=1.2 turn_time=0.0190476 end_in=0.0190476 depth=10 dec=0 cand_cap=20 cand=52->20 pick(must/bucket/top/rand)=1/5/10/4 sims=1212 loop=1192 best_avg=-0.0142664 best_move=0,3 leader=2 inc2=0 attack_w=0.25
DBG t=49 used=0.019 remain=0.968 turn_time=0.0189804 end_in=0.0189804 depth=10 dec=0 cand_cap=20 cand=68->20 pick(must/bucket/top/rand)=1/5/10/4 sims=976 loop=956 best_avg=0.268494 best_move=7,9 leader=2 inc2=0 attack_w=0.25
DBG t=61 used=0.019 remain=0.74 turn_time=0.0189744 end_in=0.0189744 depth=10 dec=0 cand_cap=20 cand=79->20 pick(must/bucket/top/rand)=1/4/11/4 sims=844 loop=824 best_avg=0.353401 best_move=1,3 leader=2 inc2=0 attack_w=0.25
DBG t=74 used=0.019 remain=0.492 turn_time=0.0189231 end_in=0.0189231 depth=11 dec=0 cand_cap=20 cand=87->20 pick(must/bucket/top/rand)=1/6/9/4 sims=760 loop=740 best_avg=0.233079 best_move=7,7 leader=3 inc2=1 attack_w=0.25
DBG t=86 used=0.019 remain=0.264 turn_time=0.0188571 end_in=0.0188571 depth=11 dec=0 cand_cap=20 cand=90->20 pick(must/bucket/top/rand)=1/6/9/4 sims=644 loop=624 best_avg=0.715409 best_move=7,5 leader=2 inc2=1 attack_w=0.25
DBG t=99 used=0.017 remain=0.017 turn_time=0.017 end_in=0.016 depth=0 dec=1 cand_cap=20 cand=88->20 pick(must/bucket/top/rand)=1/5/10/4 sims=33832 loop=33812 best_avg=1.24415 best_move=2,5 leader=1 inc2=0 attack_w=0.25
DBG summary depth_safety_fired=1
Score = 325597
=== CASE 0055.txt ===
DBG hdr N=10 M=8 T=100 U=2 VMAX=1735 TIME_LIMIT=1.94 MAX_CAND=20 UCB_C=0.21
DBG t=0 used=0.02 remain=1.94 turn_time=0.0194 end_in=0.0194 depth=7 dec=0 cand_cap=20 cand=4->4 pick(must/bucket/top/rand)=1/2/1/0 sims=2092 loop=2088 best_avg=-0.904964 best_move=0,4 leader=2 inc2=1 attack_w=1
DBG t=12 used=0.02 remain=1.7 turn_time=0.0193182 end_in=0.0193182 depth=7 dec=0 cand_cap=20 cand=19->19 pick(must/bucket/top/rand)=1/4/11/3 sims=1543 loop=1524 best_avg=-0.262761 best_move=3,0 leader=6 inc2=1 attack_w=0.25
DBG t=24 used=0.02 remain=1.46 turn_time=0.0192105 end_in=0.0192105 depth=7 dec=0 cand_cap=20 cand=26->20 pick(must/bucket/top/rand)=1/6/9/4 sims=1528 loop=1508 best_avg=-0.360133 best_move=1,6 leader=6 inc2=1 attack_w=0.522744
DBG t=37 used=0.02 remain=1.2 turn_time=0.0190476 end_in=0.0190476 depth=10 dec=0 cand_cap=20 cand=40->20 pick(must/bucket/top/rand)=1/7/8/4 sims=968 loop=948 best_avg=-0.0496134 best_move=0,2 leader=4 inc2=1 attack_w=0.25
DBG t=49 used=0.019 remain=0.968 turn_time=0.0189804 end_in=0.0189804 depth=10 dec=0 cand_cap=20 cand=52->20 pick(must/bucket/top/rand)=1/8/7/4 sims=1020 loop=1000 best_avg=0.269347 best_move=5,8 leader=4 inc2=1 attack_w=0.25
DBG t=61 used=0.019 remain=0.74 turn_time=0.0189744 end_in=0.0189744 depth=10 dec=0 cand_cap=20 cand=56->20 pick(must/bucket/top/rand)=1/5/10/4 sims=940 loop=920 best_avg=0.183259 best_move=3,1 leader=6 inc2=1 attack_w=0.25
DBG t=74 used=0.019 remain=0.492 turn_time=0.0189231 end_in=0.0189231 depth=11 dec=0 cand_cap=20 cand=54->20 pick(must/bucket/top/rand)=1/5/10/4 sims=816 loop=796 best_avg=0.0588634 best_move=4,3 leader=6 inc2=1 attack_w=0.25
DBG t=86 used=0.019 remain=0.264 turn_time=0.0188571 end_in=0.0188571 depth=11 dec=0 cand_cap=20 cand=50->20 pick(must/bucket/top/rand)=1/6/9/4 sims=776 loop=756 best_avg=0.0651696 best_move=5,8 leader=6 inc2=1 attack_w=0.25
DBG t=99 used=0.017 remain=0.017 turn_time=0.017 end_in=0.016 depth=0 dec=1 cand_cap=20 cand=56->20 pick(must/bucket/top/rand)=1/6/9/4 sims=20536 loop=20516 best_avg=0.358827 best_move=3,2 leader=6 inc2=1 attack_w=0.25
DBG summary depth_safety_fired=1
Score = 174147
=== CASE 0057.txt ===
DBG hdr N=10 M=7 T=100 U=4 VMAX=1762 TIME_LIMIT=1.94 MAX_CAND=20 UCB_C=0.21
DBG t=0 used=0.02 remain=1.94 turn_time=0.0194 end_in=0.0194 depth=7 dec=0 cand_cap=20 cand=5->5 pick(must/bucket/top/rand)=1/2/2/0 sims=2233 loop=2228 best_avg=-1.07602 best_move=1,5 leader=4 inc2=1 attack_w=1
DBG t=12 used=0.02 remain=1.7 turn_time=0.0193182 end_in=0.0193182 depth=7 dec=0 cand_cap=20 cand=22->20 pick(must/bucket/top/rand)=1/5/10/4 sims=1768 loop=1748 best_avg=-0.771729 best_move=5,3 leader=4 inc2=1 attack_w=1
DBG t=24 used=0.02 remain=1.46 turn_time=0.0192105 end_in=0.0192105 depth=7 dec=0 cand_cap=20 cand=10->10 pick(must/bucket/top/rand)=1/6/3/0 sims=1970 loop=1960 best_avg=-0.279708 best_move=5,0 leader=3 inc2=1 attack_w=0.25
DBG t=37 used=0.02 remain=1.2 turn_time=0.0190476 end_in=0.0190476 depth=10 dec=0 cand_cap=20 cand=9->9 pick(must/bucket/top/rand)=1/5/3/0 sims=1261 loop=1252 best_avg=-0.346804 best_move=8,1 leader=3 inc2=1 attack_w=0.411485
DBG t=49 used=0.019 remain=0.968 turn_time=0.0189804 end_in=0.0189804 depth=10 dec=0 cand_cap=20 cand=13->13 pick(must/bucket/top/rand)=1/5/7/0 sims=1077 loop=1064 best_avg=-0.279172 best_move=8,2 leader=1 inc2=1 attack_w=0.25
DBG t=61 used=0.019 remain=0.74 turn_time=0.0189744 end_in=0.0189744 depth=10 dec=0 cand_cap=20 cand=18->18 pick(must/bucket/top/rand)=1/4/11/2 sims=1250 loop=1232 best_avg=-0.219964 best_move=5,0 leader=3 inc2=1 attack_w=0.25
DBG t=74 used=0.019 remain=0.492 turn_time=0.0189231 end_in=0.0189231 depth=11 dec=0 cand_cap=20 cand=21->20 pick(must/bucket/top/rand)=1/6/9/4 sims=1028 loop=1008 best_avg=-0.255403 best_move=5,0 leader=3 inc2=1 attack_w=0.25
DBG t=86 used=0.019 remain=0.264 turn_time=0.0188571 end_in=0.0188571 depth=11 dec=0 cand_cap=20 cand=21->20 pick(must/bucket/top/rand)=1/5/10/4 sims=1000 loop=980 best_avg=-0.301384 best_move=6,1 leader=6 inc2=1 attack_w=0.25
DBG t=99 used=0.017 remain=0.017 turn_time=0.017 end_in=0.016 depth=0 dec=1 cand_cap=20 cand=21->20 pick(must/bucket/top/rand)=1/5/10/4 sims=18752 loop=18732 best_avg=-0.2509 best_move=6,3 leader=6 inc2=1 attack_w=0.25
DBG summary depth_safety_fired=1
Score = 121686
=== CASE 0058.txt ===
DBG hdr N=10 M=2 T=100 U=3 VMAX=2929 TIME_LIMIT=1.94 MAX_CAND=20 UCB_C=0.21
DBG t=0 used=0.02 remain=1.94 turn_time=0.0194 end_in=0.0194 depth=7 dec=0 cand_cap=20 cand=4->4 pick(must/bucket/top/rand)=1/2/1/0 sims=6324 loop=6320 best_avg=-2.12208 best_move=3,0 leader=1 inc2=1 attack_w=0.15
DBG t=12 used=0.02 remain=1.7 turn_time=0.0193182 end_in=0.0193182 depth=7 dec=0 cand_cap=20 cand=14->14 pick(must/bucket/top/rand)=1/2/11/0 sims=4018 loop=4004 best_avg=-2.31741 best_move=7,0 leader=1 inc2=1 attack_w=0.25
DBG t=24 used=0.02 remain=1.46 turn_time=0.0192105 end_in=0.0192105 depth=7 dec=0 cand_cap=20 cand=19->19 pick(must/bucket/top/rand)=1/2/13/3 sims=3367 loop=3348 best_avg=-2.48109 best_move=6,1 leader=1 inc2=1 attack_w=0.25
DBG t=37 used=0.02 remain=1.2 turn_time=0.0190476 end_in=0.0190476 depth=10 dec=0 cand_cap=20 cand=29->20 pick(must/bucket/top/rand)=1/4/11/4 sims=2024 loop=2004 best_avg=-2.64652 best_move=2,2 leader=1 inc2=1 attack_w=0.25
DBG t=49 used=0.019 remain=0.968 turn_time=0.0189804 end_in=0.0189804 depth=10 dec=0 cand_cap=20 cand=34->20 pick(must/bucket/top/rand)=1/5/10/4 sims=2060 loop=2040 best_avg=-2.71675 best_move=0,0 leader=1 inc2=1 attack_w=0.25
DBG t=61 used=0.019 remain=0.74 turn_time=0.0189744 end_in=0.0189744 depth=10 dec=0 cand_cap=20 cand=34->20 pick(must/bucket/top/rand)=1/6/9/4 sims=1772 loop=1752 best_avg=-2.69596 best_move=1,2 leader=1 inc2=1 attack_w=0.25
DBG t=74 used=0.019 remain=0.493 turn_time=0.0189615 end_in=0.0189615 depth=11 dec=0 cand_cap=20 cand=40->20 pick(must/bucket/top/rand)=1/5/10/4 sims=1456 loop=1436 best_avg=-2.73985 best_move=4,3 leader=1 inc2=1 attack_w=0.25
DBG t=86 used=0.019 remain=0.265 turn_time=0.0189286 end_in=0.0189286 depth=11 dec=0 cand_cap=20 cand=42->20 pick(must/bucket/top/rand)=1/7/8/4 sims=1252 loop=1232 best_avg=-2.72532 best_move=4,4 leader=1 inc2=1 attack_w=0.25
DBG t=99 used=0.018 remain=0.018 turn_time=0.018 end_in=0.017 depth=0 dec=0 cand_cap=20 cand=44->20 pick(must/bucket/top/rand)=1/8/7/4 sims=35224 loop=35204 best_avg=-2.67559 best_move=4,4 leader=1 inc2=1 attack_w=0.25
DBG summary depth_safety_fired=0
Score = 150928
=== CASE 0059.txt ===
DBG hdr N=10 M=4 T=100 U=2 VMAX=1678 TIME_LIMIT=1.94 MAX_CAND=20 UCB_C=0.21
DBG t=0 used=0.02 remain=1.94 turn_time=0.0194 end_in=0.0194 depth=7 dec=0 cand_cap=20 cand=4->4 pick(must/bucket/top/rand)=1/2/1/0 sims=3444 loop=3440 best_avg=-1.28099 best_move=3,7 leader=2 inc2=1 attack_w=1
DBG t=12 used=0.02 remain=1.7 turn_time=0.0193182 end_in=0.0193182 depth=7 dec=0 cand_cap=20 cand=16->16 pick(must/bucket/top/rand)=1/7/8/0 sims=2680 loop=2664 best_avg=-1.26193 best_move=1,7 leader=3 inc2=1 attack_w=1
DBG t=24 used=0.02 remain=1.46 turn_time=0.0192105 end_in=0.0192105 depth=7 dec=0 cand_cap=20 cand=19->19 pick(must/bucket/top/rand)=1/8/7/3 sims=2155 loop=2136 best_avg=-1.64773 best_move=4,5 leader=1 inc2=1 attack_w=1
DBG t=37 used=0.02 remain=1.2 turn_time=0.0190476 end_in=0.0190476 depth=10 dec=0 cand_cap=20 cand=23->20 pick(must/bucket/top/rand)=1/6/9/4 sims=1360 loop=1340 best_avg=-1.35005 best_move=1,7 leader=3 inc2=1 attack_w=1
DBG t=49 used=0.019 remain=0.968 turn_time=0.0189804 end_in=0.0189804 depth=10 dec=0 cand_cap=20 cand=33->20 pick(must/bucket/top/rand)=1/7/8/4 sims=1364 loop=1344 best_avg=-0.959439 best_move=5,9 leader=3 inc2=0 attack_w=1
DBG t=61 used=0.019 remain=0.74 turn_time=0.0189744 end_in=0.0189744 depth=10 dec=0 cand_cap=20 cand=42->20 pick(must/bucket/top/rand)=1/6/9/4 sims=1176 loop=1156 best_avg=-0.684569 best_move=3,5 leader=1 inc2=0 attack_w=0.25
DBG t=74 used=0.019 remain=0.493 turn_time=0.0189615 end_in=0.0189615 depth=11 dec=0 cand_cap=20 cand=51->20 pick(must/bucket/top/rand)=1/7/8/4 sims=992 loop=972 best_avg=-0.576861 best_move=4,7 leader=1 inc2=0 attack_w=0.25
DBG t=86 used=0.019 remain=0.265 turn_time=0.0189286 end_in=0.0189286 depth=11 dec=0 cand_cap=20 cand=54->20 pick(must/bucket/top/rand)=1/8/7/4 sims=876 loop=856 best_avg=-0.522964 best_move=9,4 leader=1 inc2=0 attack_w=0.25
DBG t=99 used=0.018 remain=0.018 turn_time=0.018 end_in=0.017 depth=0 dec=0 cand_cap=20 cand=58->20 pick(must/bucket/top/rand)=1/8/7/4 sims=34904 loop=34884 best_avg=-0.533866 best_move=8,2 leader=1 inc2=0 attack_w=0.25
DBG summary depth_safety_fired=0
Score = 140583
=== CASE 0062.txt ===
DBG hdr N=10 M=4 T=100 U=5 VMAX=2517 TIME_LIMIT=1.94 MAX_CAND=20 UCB_C=0.21
DBG t=0 used=0.02 remain=1.94 turn_time=0.0194 end_in=0.0194 depth=7 dec=0 cand_cap=20 cand=4->4 pick(must/bucket/top/rand)=1/2/1/0 sims=4124 loop=4120 best_avg=-1.87567 best_move=9,4 leader=2 inc2=1 attack_w=1
DBG t=12 used=0.02 remain=1.7 turn_time=0.0193182 end_in=0.0193182 depth=7 dec=0 cand_cap=20 cand=21->20 pick(must/bucket/top/rand)=1/8/7/4 sims=3236 loop=3216 best_avg=-0.607917 best_move=6,7 leader=2 inc2=0 attack_w=0.284181
DBG t=24 used=0.02 remain=1.458 turn_time=0.0191842 end_in=0.0191842 depth=7 dec=0 cand_cap=20 cand=30->20 pick(must/bucket/top/rand)=1/8/7/4 sims=3096 loop=3076 best_avg=-0.727059 best_move=3,6 leader=1 inc2=1 attack_w=0.25
DBG t=37 used=0.02 remain=1.198 turn_time=0.0190159 end_in=0.0190159 depth=10 dec=0 cand_cap=20 cand=38->20 pick(must/bucket/top/rand)=1/7/8/4 sims=1980 loop=1960 best_avg=-0.632557 best_move=3,8 leader=3 inc2=1 attack_w=0.25
DBG t=49 used=0.019 remain=0.968 turn_time=0.0189804 end_in=0.0189804 depth=10 dec=0 cand_cap=20 cand=37->20 pick(must/bucket/top/rand)=1/6/9/4 sims=1680 loop=1660 best_avg=-0.547166 best_move=3,8 leader=3 inc2=0 attack_w=0.25
DBG t=61 used=0.019 remain=0.74 turn_time=0.0189744 end_in=0.0189744 depth=10 dec=0 cand_cap=20 cand=33->20 pick(must/bucket/top/rand)=1/8/7/4 sims=1668 loop=1648 best_avg=-0.689457 best_move=5,7 leader=3 inc2=1 attack_w=0.25
DBG t=74 used=0.019 remain=0.493 turn_time=0.0189615 end_in=0.0189615 depth=11 dec=0 cand_cap=20 cand=38->20 pick(must/bucket/top/rand)=1/8/7/4 sims=1684 loop=1664 best_avg=-0.380441 best_move=2,8 leader=1 inc2=1 attack_w=0.25
DBG t=86 used=0.019 remain=0.265 turn_time=0.0189286 end_in=0.0189286 depth=11 dec=0 cand_cap=20 cand=43->20 pick(must/bucket/top/rand)=1/8/7/4 sims=1628 loop=1608 best_avg=-0.224868 best_move=1,9 leader=3 inc2=1 attack_w=0.25
DBG t=99 used=0.018 remain=0.018 turn_time=0.018 end_in=0.017 depth=0 dec=0 cand_cap=20 cand=45->20 pick(must/bucket/top/rand)=1/8/7/4 sims=43636 loop=43616 best_avg=-0.110201 best_move=8,8 leader=3 inc2=1 attack_w=0.25
DBG summary depth_safety_fired=0
Score = 178278
=== CASE 0060.txt ===
DBG hdr N=10 M=5 T=100 U=3 VMAX=1320 TIME_LIMIT=1.94 MAX_CAND=20 UCB_C=0.21
DBG t=0 used=0.02 remain=1.94 turn_time=0.0194 end_in=0.0194 depth=7 dec=0 cand_cap=20 cand=4->4 pick(must/bucket/top/rand)=1/2/1/0 sims=3540 loop=3536 best_avg=-0.758756 best_move=7,0 leader=3 inc2=0 attack_w=1
DBG t=12 used=0.02 remain=1.7 turn_time=0.0193182 end_in=0.0193182 depth=7 dec=0 cand_cap=20 cand=13->13 pick(must/bucket/top/rand)=1/4/8/0 sims=2665 loop=2652 best_avg=-0.765476 best_move=8,1 leader=3 inc2=0 attack_w=0.806131
DBG t=24 used=0.02 remain=1.46 turn_time=0.0192105 end_in=0.0192105 depth=7 dec=0 cand_cap=20 cand=15->15 pick(must/bucket/top/rand)=1/5/9/0 sims=2731 loop=2716 best_avg=-0.585221 best_move=6,3 leader=2 inc2=0 attack_w=0.25
DBG t=37 used=0.02 remain=1.2 turn_time=0.0190476 end_in=0.0190476 depth=10 dec=0 cand_cap=20 cand=19->19 pick(must/bucket/top/rand)=1/6/9/3 sims=1587 loop=1568 best_avg=-0.674437 best_move=7,4 leader=2 inc2=0 attack_w=0.25
DBG t=49 used=0.019 remain=0.968 turn_time=0.0189804 end_in=0.0189804 depth=10 dec=0 cand_cap=20 cand=23->20 pick(must/bucket/top/rand)=1/8/7/4 sims=1528 loop=1508 best_avg=-0.508424 best_move=9,5 leader=2 inc2=0 attack_w=0.25
DBG t=61 used=0.019 remain=0.74 turn_time=0.0189744 end_in=0.0189744 depth=10 dec=0 cand_cap=20 cand=30->20 pick(must/bucket/top/rand)=1/8/7/4 sims=1444 loop=1424 best_avg=-0.388859 best_move=6,4 leader=2 inc2=0 attack_w=0.25
DBG t=74 used=0.019 remain=0.493 turn_time=0.0189615 end_in=0.0189615 depth=11 dec=0 cand_cap=20 cand=37->20 pick(must/bucket/top/rand)=1/4/11/4 sims=1180 loop=1160 best_avg=0.186207 best_move=5,3 leader=2 inc2=0 attack_w=0.25
DBG t=86 used=0.019 remain=0.265 turn_time=0.0189286 end_in=0.0189286 depth=11 dec=0 cand_cap=20 cand=44->20 pick(must/bucket/top/rand)=1/4/11/4 sims=1176 loop=1156 best_avg=0.205194 best_move=4,3 leader=2 inc2=0 attack_w=0.25
DBG t=99 used=0.018 remain=0.018 turn_time=0.018 end_in=0.017 depth=0 dec=0 cand_cap=20 cand=49->20 pick(must/bucket/top/rand)=1/4/11/4 sims=30040 loop=30020 best_avg=0.475881 best_move=5,6 leader=2 inc2=0 attack_w=0.25
DBG summary depth_safety_fired=0
Score = 222021
=== CASE 0061.txt ===
DBG hdr N=10 M=5 T=100 U=2 VMAX=1600 TIME_LIMIT=1.94 MAX_CAND=20 UCB_C=0.21
DBG t=0 used=0.02 remain=1.94 turn_time=0.0194 end_in=0.0194 depth=7 dec=0 cand_cap=20 cand=4->4 pick(must/bucket/top/rand)=1/2/1/0 sims=3480 loop=3476 best_avg=-1.21334 best_move=1,3 leader=4 inc2=1 attack_w=0.788764
DBG t=12 used=0.02 remain=1.7 turn_time=0.0193182 end_in=0.0193182 depth=7 dec=0 cand_cap=20 cand=17->17 pick(must/bucket/top/rand)=1/8/7/1 sims=2045 loop=2028 best_avg=-1.2972 best_move=4,5 leader=2 inc2=1 attack_w=1
DBG t=24 used=0.02 remain=1.458 turn_time=0.0191842 end_in=0.0191842 depth=7 dec=0 cand_cap=20 cand=28->20 pick(must/bucket/top/rand)=1/8/7/4 sims=1800 loop=1780 best_avg=-1.1376 best_move=6,7 leader=2 inc2=1 attack_w=1
DBG t=37 used=0.02 remain=1.198 turn_time=0.0190159 end_in=0.0190159 depth=10 dec=0 cand_cap=20 cand=50->20 pick(must/bucket/top/rand)=1/8/7/4 sims=1040 loop=1020 best_avg=-0.426153 best_move=9,3 leader=2 inc2=0 attack_w=0.502205
DBG t=49 used=0.019 remain=0.968 turn_time=0.0189804 end_in=0.0189804 depth=10 dec=0 cand_cap=20 cand=15->15 pick(must/bucket/top/rand)=1/6/8/0 sims=851 loop=836 best_avg=-0.464466 best_move=9,4 leader=2 inc2=1 attack_w=0.25
DBG t=61 used=0.019 remain=0.74 turn_time=0.0189744 end_in=0.0189744 depth=10 dec=0 cand_cap=20 cand=43->20 pick(must/bucket/top/rand)=1/6/9/4 sims=804 loop=784 best_avg=-0.458273 best_move=1,5 leader=3 inc2=1 attack_w=0.25
DBG t=74 used=0.019 remain=0.493 turn_time=0.0189615 end_in=0.0189615 depth=11 dec=0 cand_cap=20 cand=31->20 pick(must/bucket/top/rand)=1/6/9/4 sims=780 loop=760 best_avg=-0.499654 best_move=2,2 leader=3 inc2=1 attack_w=0.25
DBG t=86 used=0.019 remain=0.265 turn_time=0.0189286 end_in=0.0189286 depth=11 dec=0 cand_cap=20 cand=58->20 pick(must/bucket/top/rand)=1/8/7/4 sims=756 loop=736 best_avg=-0.408874 best_move=7,7 leader=2 inc2=1 attack_w=0.25
DBG t=99 used=0.018 remain=0.018 turn_time=0.018 end_in=0.017 depth=0 dec=0 cand_cap=20 cand=45->20 pick(must/bucket/top/rand)=1/6/9/4 sims=20900 loop=20880 best_avg=-0.257814 best_move=5,7 leader=2 inc2=1 attack_w=0.25
DBG summary depth_safety_fired=0
Score = 134064
=== CASE 0063.txt ===
DBG hdr N=10 M=5 T=100 U=2 VMAX=2287 TIME_LIMIT=1.94 MAX_CAND=20 UCB_C=0.21
DBG t=0 used=0.02 remain=1.94 turn_time=0.0194 end_in=0.0194 depth=7 dec=0 cand_cap=20 cand=2->2 pick(must/bucket/top/rand)=1/1/0/0 sims=3558 loop=3556 best_avg=-1.23112 best_move=0,1 leader=3 inc2=0 attack_w=0.777344
DBG t=12 used=0.02 remain=1.7 turn_time=0.0193182 end_in=0.0193182 depth=7 dec=0 cand_cap=20 cand=11->11 pick(must/bucket/top/rand)=1/4/6/0 sims=2219 loop=2208 best_avg=-1.10062 best_move=2,0 leader=1 inc2=1 attack_w=1
DBG t=24 used=0.02 remain=1.46 turn_time=0.0192105 end_in=0.0192105 depth=7 dec=0 cand_cap=20 cand=14->14 pick(must/bucket/top/rand)=1/3/10/0 sims=2182 loop=2168 best_avg=-1.48683 best_move=3,1 leader=1 inc2=1 attack_w=1
DBG t=37 used=0.02 remain=1.2 turn_time=0.0190476 end_in=0.0190476 depth=10 dec=0 cand_cap=20 cand=16->16 pick(must/bucket/top/rand)=1/4/11/0 sims=1204 loop=1188 best_avg=-1.32013 best_move=6,3 leader=1 inc2=1 attack_w=1
DBG t=49 used=0.019 remain=0.968 turn_time=0.0189804 end_in=0.0189804 depth=10 dec=0 cand_cap=20 cand=23->20 pick(must/bucket/top/rand)=1/8/7/4 sims=1196 loop=1176 best_avg=-1.24149 best_move=7,2 leader=1 inc2=1 attack_w=1
DBG t=61 used=0.019 remain=0.74 turn_time=0.0189744 end_in=0.0189744 depth=10 dec=0 cand_cap=20 cand=25->20 pick(must/bucket/top/rand)=1/6/9/4 sims=1284 loop=1264 best_avg=-1.15072 best_move=3,0 leader=4 inc2=1 attack_w=1
DBG t=74 used=0.019 remain=0.493 turn_time=0.0189615 end_in=0.0189615 depth=11 dec=0 cand_cap=20 cand=37->20 pick(must/bucket/top/rand)=1/7/8/4 sims=952 loop=932 best_avg=-0.927696 best_move=5,5 leader=4 inc2=1 attack_w=1
DBG t=86 used=0.019 remain=0.265 turn_time=0.0189286 end_in=0.0189286 depth=11 dec=0 cand_cap=20 cand=46->20 pick(must/bucket/top/rand)=1/8/7/4 sims=936 loop=916 best_avg=-0.905247 best_move=5,0 leader=4 inc2=1 attack_w=1
DBG t=99 used=0.018 remain=0.018 turn_time=0.018 end_in=0.017 depth=0 dec=0 cand_cap=20 cand=13->13 pick(must/bucket/top/rand)=1/4/8/0 sims=24557 loop=24544 best_avg=-0.887755 best_move=1,8 leader=1 inc2=0 attack_w=0.86392
DBG summary depth_safety_fired=0
Score = 91215
=== CASE 0064.txt ===
DBG hdr N=10 M=3 T=100 U=2 VMAX=1013 TIME_LIMIT=1.94 MAX_CAND=20 UCB_C=0.21
DBG t=0 used=0.02 remain=1.94 turn_time=0.0194 end_in=0.0194 depth=7 dec=0 cand_cap=20 cand=3->3 pick(must/bucket/top/rand)=1/2/0/0 sims=4615 loop=4612 best_avg=-1.40076 best_move=8,9 leader=1 inc2=1 attack_w=0.555994
DBG t=12 used=0.02 remain=1.7 turn_time=0.0193182 end_in=0.0193182 depth=7 dec=0 cand_cap=20 cand=24->20 pick(must/bucket/top/rand)=1/8/7/4 sims=2800 loop=2780 best_avg=-1.48265 best_move=1,9 leader=1 inc2=1 attack_w=0.316939
DBG t=24 used=0.02 remain=1.457 turn_time=0.0191711 end_in=0.0191711 depth=7 dec=0 cand_cap=20 cand=36->20 pick(must/bucket/top/rand)=1/8/7/4 sims=2092 loop=2072 best_avg=-1.3178 best_move=2,4 leader=1 inc2=1 attack_w=0.25
DBG t=37 used=0.02 remain=1.197 turn_time=0.019 end_in=0.019 depth=10 dec=0 cand_cap=20 cand=44->20 pick(must/bucket/top/rand)=1/8/7/4 sims=1176 loop=1156 best_avg=-1.27394 best_move=4,5 leader=1 inc2=1 attack_w=0.25
DBG t=49 used=0.019 remain=0.968 turn_time=0.0189804 end_in=0.0189804 depth=10 dec=0 cand_cap=20 cand=51->20 pick(must/bucket/top/rand)=1/6/9/4 sims=928 loop=908 best_avg=-1.26987 best_move=3,5 leader=2 inc2=1 attack_w=0.25
DBG t=61 used=0.019 remain=0.74 turn_time=0.0189744 end_in=0.0189744 depth=10 dec=0 cand_cap=20 cand=54->20 pick(must/bucket/top/rand)=1/7/8/4 sims=1076 loop=1056 best_avg=-1.24719 best_move=3,3 leader=2 inc2=1 attack_w=0.25
DBG t=74 used=0.019 remain=0.493 turn_time=0.0189615 end_in=0.0189615 depth=11 dec=0 cand_cap=20 cand=66->20 pick(must/bucket/top/rand)=1/8/7/4 sims=1000 loop=980 best_avg=-1.31181 best_move=1,3 leader=1 inc2=1 attack_w=0.25
DBG t=86 used=0.019 remain=0.265 turn_time=0.0189286 end_in=0.0189286 depth=11 dec=0 cand_cap=20 cand=74->20 pick(must/bucket/top/rand)=1/8/7/4 sims=824 loop=804 best_avg=-1.03173 best_move=3,3 leader=2 inc2=1 attack_w=0.25
DBG t=99 used=0.018 remain=0.018 turn_time=0.018 end_in=0.017 depth=0 dec=0 cand_cap=20 cand=72->20 pick(must/bucket/top/rand)=1/8/7/4 sims=44400 loop=44380 best_avg=-0.861119 best_move=3,4 leader=2 inc2=1 attack_w=0.25
DBG summary depth_safety_fired=0
Score = 155856
=== CASE 0065.txt ===
DBG hdr N=10 M=5 T=100 U=1 VMAX=1735 TIME_LIMIT=1.94 MAX_CAND=20 UCB_C=0.21
DBG t=0 used=0.02 remain=1.94 turn_time=0.0194 end_in=0.0194 depth=7 dec=0 cand_cap=20 cand=5->5 pick(must/bucket/top/rand)=1/2/2/0 sims=2745 loop=2740 best_avg=-1.07812 best_move=0,6 leader=3 inc2=1 attack_w=1
DBG t=12 used=0.02 remain=1.7 turn_time=0.0193182 end_in=0.0193182 depth=7 dec=0 cand_cap=20 cand=13->13 pick(must/bucket/top/rand)=1/6/6/0 sims=1821 loop=1808 best_avg=-1.12684 best_move=7,7 leader=3 inc2=1 attack_w=1
DBG t=24 used=0.02 remain=1.458 turn_time=0.0191842 end_in=0.0191842 depth=7 dec=0 cand_cap=20 cand=36->20 pick(must/bucket/top/rand)=1/4/11/4 sims=1832 loop=1812 best_avg=-0.185995 best_move=8,3 leader=4 inc2=1 attack_w=0.25
DBG t=37 used=0.02 remain=1.198 turn_time=0.0190159 end_in=0.0190159 depth=10 dec=0 cand_cap=20 cand=45->20 pick(must/bucket/top/rand)=1/6/9/4 sims=1064 loop=1044 best_avg=-0.355341 best_move=7,0 leader=3 inc2=1 attack_w=0.25
DBG t=49 used=0.019 remain=0.968 turn_time=0.0189804 end_in=0.0189804 depth=10 dec=0 cand_cap=20 cand=54->20 pick(must/bucket/top/rand)=1/6/9/4 sims=932 loop=912 best_avg=0.138705 best_move=9,7 leader=3 inc2=1 attack_w=0.25
DBG t=61 used=0.019 remain=0.74 turn_time=0.0189744 end_in=0.0189744 depth=10 dec=0 cand_cap=20 cand=61->20 pick(must/bucket/top/rand)=1/6/9/4 sims=872 loop=852 best_avg=0.327657 best_move=2,8 leader=1 inc2=0 attack_w=0.25
DBG t=74 used=0.019 remain=0.493 turn_time=0.0189615 end_in=0.0189615 depth=11 dec=0 cand_cap=20 cand=63->20 pick(must/bucket/top/rand)=1/6/9/4 sims=836 loop=816 best_avg=0.409275 best_move=4,0 leader=3 inc2=1 attack_w=0.25
DBG t=86 used=0.019 remain=0.265 turn_time=0.0189286 end_in=0.0189286 depth=11 dec=0 cand_cap=20 cand=54->20 pick(must/bucket/top/rand)=1/6/9/4 sims=796 loop=776 best_avg=0.336532 best_move=3,0 leader=4 inc2=0 attack_w=0.25
DBG t=99 used=0.018 remain=0.018 turn_time=0.018 end_in=0.017 depth=0 dec=0 cand_cap=20 cand=50->20 pick(must/bucket/top/rand)=1/5/10/4 sims=24900 loop=24880 best_avg=0.682598 best_move=3,1 leader=3 inc2=1 attack_w=0.25
DBG summary depth_safety_fired=0
Score = 222249
=== CASE 0071.txt ===
DBG hdr N=10 M=8 T=100 U=4 VMAX=2045 TIME_LIMIT=1.94 MAX_CAND=20 UCB_C=0.21
DBG t=0 used=0.02 remain=1.94 turn_time=0.0194 end_in=0.0194 depth=7 dec=0 cand_cap=20 cand=4->4 pick(must/bucket/top/rand)=1/2/1/0 sims=2376 loop=2372 best_avg=-0.785545 best_move=3,0 leader=1 inc2=1 attack_w=1
DBG t=12 used=0.02 remain=1.7 turn_time=0.0193182 end_in=0.0193182 depth=7 dec=0 cand_cap=20 cand=19->19 pick(must/bucket/top/rand)=1/5/10/3 sims=1799 loop=1780 best_avg=-0.0968444 best_move=5,1 leader=4 inc2=1 attack_w=0.25
DBG t=24 used=0.02 remain=1.46 turn_time=0.0192105 end_in=0.0192105 depth=7 dec=0 cand_cap=20 cand=27->20 pick(must/bucket/top/rand)=1/6/9/4 sims=1516 loop=1496 best_avg=0.00655681 best_move=5,4 leader=1 inc2=1 attack_w=0.25
DBG t=37 used=0.02 remain=1.2 turn_time=0.0190476 end_in=0.0190476 depth=10 dec=0 cand_cap=20 cand=31->20 pick(must/bucket/top/rand)=1/7/8/4 sims=948 loop=928 best_avg=0.0715782 best_move=3,3 leader=1 inc2=1 attack_w=0.25
DBG t=49 used=0.019 remain=0.968 turn_time=0.0189804 end_in=0.0189804 depth=10 dec=0 cand_cap=20 cand=35->20 pick(must/bucket/top/rand)=1/7/8/4 sims=868 loop=848 best_avg=0.194667 best_move=5,4 leader=4 inc2=1 attack_w=0.25
DBG t=61 used=0.019 remain=0.74 turn_time=0.0189744 end_in=0.0189744 depth=10 dec=0 cand_cap=20 cand=36->20 pick(must/bucket/top/rand)=1/6/9/4 sims=860 loop=840 best_avg=0.213489 best_move=5,4 leader=4 inc2=1 attack_w=0.25
DBG t=74 used=0.019 remain=0.493 turn_time=0.0189615 end_in=0.0189615 depth=11 dec=0 cand_cap=20 cand=37->20 pick(must/bucket/top/rand)=1/6/9/4 sims=788 loop=768 best_avg=0.296221 best_move=5,4 leader=1 inc2=1 attack_w=0.25
DBG t=86 used=0.019 remain=0.265 turn_time=0.0189286 end_in=0.0189286 depth=11 dec=0 cand_cap=20 cand=32->20 pick(must/bucket/top/rand)=1/7/8/4 sims=792 loop=772 best_avg=0.122959 best_move=6,3 leader=1 inc2=1 attack_w=0.25
DBG t=99 used=0.018 remain=0.018 turn_time=0.018 end_in=0.017 depth=0 dec=0 cand_cap=20 cand=32->20 pick(must/bucket/top/rand)=1/7/8/4 sims=19504 loop=19484 best_avg=0.263918 best_move=5,4 leader=5 inc2=1 attack_w=0.25
DBG summary depth_safety_fired=0
Score = 159290
=== CASE 0067.txt ===
DBG hdr N=10 M=8 T=100 U=2 VMAX=1725 TIME_LIMIT=1.94 MAX_CAND=20 UCB_C=0.21
DBG t=0 used=0.02 remain=1.94 turn_time=0.0194 end_in=0.0194 depth=7 dec=0 cand_cap=20 cand=5->5 pick(must/bucket/top/rand)=1/2/2/0 sims=2049 loop=2044 best_avg=-0.809884 best_move=8,2 leader=5 inc2=1 attack_w=1
DBG t=12 used=0.02 remain=1.7 turn_time=0.0193182 end_in=0.0193182 depth=7 dec=0 cand_cap=20 cand=33->20 pick(must/bucket/top/rand)=1/6/9/4 sims=1588 loop=1568 best_avg=-0.20538 best_move=4,9 leader=5 inc2=1 attack_w=1
DBG t=24 used=0.02 remain=1.46 turn_time=0.0192105 end_in=0.0192105 depth=7 dec=0 cand_cap=20 cand=32->20 pick(must/bucket/top/rand)=1/5/10/4 sims=1524 loop=1504 best_avg=-0.28315 best_move=7,2 leader=1 inc2=1 attack_w=0.25
DBG t=37 used=0.02 remain=1.2 turn_time=0.0190476 end_in=0.0190476 depth=10 dec=0 cand_cap=20 cand=43->20 pick(must/bucket/top/rand)=1/8/7/4 sims=824 loop=804 best_avg=-0.294413 best_move=6,8 leader=1 inc2=1 attack_w=0.25
DBG t=49 used=0.019 remain=0.968 turn_time=0.0189804 end_in=0.0189804 depth=10 dec=0 cand_cap=20 cand=40->20 pick(must/bucket/top/rand)=1/6/9/4 sims=856 loop=836 best_avg=-0.313787 best_move=6,2 leader=1 inc2=1 attack_w=0.25
DBG t=61 used=0.019 remain=0.74 turn_time=0.0189744 end_in=0.0189744 depth=10 dec=0 cand_cap=20 cand=43->20 pick(must/bucket/top/rand)=1/6/9/4 sims=788 loop=768 best_avg=-0.21996 best_move=4,1 leader=1 inc2=1 attack_w=0.25
DBG t=74 used=0.019 remain=0.493 turn_time=0.0189615 end_in=0.0189615 depth=11 dec=0 cand_cap=20 cand=41->20 pick(must/bucket/top/rand)=1/4/11/4 sims=788 loop=768 best_avg=-0.286927 best_move=5,3 leader=1 inc2=1 attack_w=0.415114
DBG t=86 used=0.019 remain=0.265 turn_time=0.0189286 end_in=0.0189286 depth=11 dec=0 cand_cap=20 cand=47->20 pick(must/bucket/top/rand)=1/4/11/4 sims=752 loop=732 best_avg=-0.116111 best_move=6,7 leader=1 inc2=1 attack_w=0.25
DBG t=99 used=0.018 remain=0.018 turn_time=0.018 end_in=0.017 depth=0 dec=0 cand_cap=20 cand=53->20 pick(must/bucket/top/rand)=1/4/11/4 sims=17768 loop=17748 best_avg=-0.0128546 best_move=2,1 leader=1 inc2=1 attack_w=0.25
DBG summary depth_safety_fired=0
Score = 133648
=== CASE 0070.txt ===
DBG hdr N=10 M=5 T=100 U=3 VMAX=1226 TIME_LIMIT=1.94 MAX_CAND=20 UCB_C=0.21
DBG t=0 used=0.02 remain=1.94 turn_time=0.0194 end_in=0.0194 depth=7 dec=0 cand_cap=20 cand=4->4 pick(must/bucket/top/rand)=1/2/1/0 sims=3196 loop=3192 best_avg=-0.697598 best_move=9,4 leader=4 inc2=1 attack_w=0.792451
DBG t=12 used=0.02 remain=1.7 turn_time=0.0193182 end_in=0.0193182 depth=7 dec=0 cand_cap=20 cand=14->14 pick(must/bucket/top/rand)=1/4/9/0 sims=2102 loop=2088 best_avg=-0.553843 best_move=7,1 leader=4 inc2=1 attack_w=0.626697
DBG t=24 used=0.02 remain=1.46 turn_time=0.0192105 end_in=0.0192105 depth=7 dec=0 cand_cap=20 cand=22->20 pick(must/bucket/top/rand)=1/8/7/4 sims=1804 loop=1784 best_avg=-0.556355 best_move=9,7 leader=1 inc2=1 attack_w=0.25
DBG t=37 used=0.02 remain=1.2 turn_time=0.0190476 end_in=0.0190476 depth=10 dec=0 cand_cap=20 cand=36->20 pick(must/bucket/top/rand)=1/8/7/4 sims=1180 loop=1160 best_avg=-0.38149 best_move=3,3 leader=3 inc2=1 attack_w=0.25
DBG t=49 used=0.019 remain=0.968 turn_time=0.0189804 end_in=0.0189804 depth=10 dec=0 cand_cap=20 cand=49->20 pick(must/bucket/top/rand)=1/8/7/4 sims=940 loop=920 best_avg=-0.247242 best_move=7,6 leader=3 inc2=1 attack_w=0.25
DBG t=61 used=0.019 remain=0.74 turn_time=0.0189744 end_in=0.0189744 depth=10 dec=0 cand_cap=20 cand=57->20 pick(must/bucket/top/rand)=1/8/7/4 sims=1004 loop=984 best_avg=0.0144311 best_move=3,1 leader=1 inc2=1 attack_w=0.25
DBG t=74 used=0.019 remain=0.493 turn_time=0.0189615 end_in=0.0189615 depth=11 dec=0 cand_cap=20 cand=62->20 pick(must/bucket/top/rand)=1/8/7/4 sims=836 loop=816 best_avg=0.127614 best_move=2,5 leader=1 inc2=1 attack_w=0.25
DBG t=86 used=0.019 remain=0.265 turn_time=0.0189286 end_in=0.0189286 depth=11 dec=0 cand_cap=20 cand=67->20 pick(must/bucket/top/rand)=1/8/7/4 sims=856 loop=836 best_avg=0.182168 best_move=8,6 leader=1 inc2=1 attack_w=0.25
DBG t=99 used=0.018 remain=0.018 turn_time=0.018 end_in=0.017 depth=0 dec=0 cand_cap=20 cand=71->20 pick(must/bucket/top/rand)=1/7/8/4 sims=24072 loop=24052 best_avg=0.292865 best_move=7,5 leader=1 inc2=1 attack_w=0.25
DBG summary depth_safety_fired=0
Score = 199235
=== CASE 0066.txt ===
DBG hdr N=10 M=8 T=100 U=5 VMAX=1914 TIME_LIMIT=1.94 MAX_CAND=20 UCB_C=0.21
DBG t=0 used=0.02 remain=1.94 turn_time=0.0194 end_in=0.0194 depth=7 dec=0 cand_cap=20 cand=4->4 pick(must/bucket/top/rand)=1/2/1/0 sims=2268 loop=2264 best_avg=-0.755658 best_move=0,5 leader=7 inc2=1 attack_w=1
DBG t=12 used=0.02 remain=1.7 turn_time=0.0193182 end_in=0.0193182 depth=7 dec=0 cand_cap=20 cand=11->11 pick(must/bucket/top/rand)=1/3/7/0 sims=1875 loop=1864 best_avg=-0.502223 best_move=1,4 leader=3 inc2=1 attack_w=0.578532
DBG t=24 used=0.02 remain=1.46 turn_time=0.0192105 end_in=0.0192105 depth=7 dec=0 cand_cap=20 cand=11->11 pick(must/bucket/top/rand)=1/4/6/0 sims=1755 loop=1744 best_avg=-0.752831 best_move=4,6 leader=4 inc2=1 attack_w=0.784343
DBG t=37 used=0.02 remain=1.2 turn_time=0.0190476 end_in=0.0190476 depth=10 dec=0 cand_cap=20 cand=25->20 pick(must/bucket/top/rand)=1/6/9/4 sims=1012 loop=992 best_avg=-0.961698 best_move=1,4 leader=4 inc2=1 attack_w=1
DBG t=49 used=0.019 remain=0.968 turn_time=0.0189804 end_in=0.0189804 depth=10 dec=0 cand_cap=20 cand=26->20 pick(must/bucket/top/rand)=1/6/9/4 sims=964 loop=944 best_avg=-0.855226 best_move=3,5 leader=4 inc2=1 attack_w=1
DBG t=61 used=0.019 remain=0.74 turn_time=0.0189744 end_in=0.0189744 depth=10 dec=0 cand_cap=20 cand=30->20 pick(must/bucket/top/rand)=1/7/8/4 sims=932 loop=912 best_avg=-0.806995 best_move=3,5 leader=1 inc2=1 attack_w=1
DBG t=74 used=0.019 remain=0.493 turn_time=0.0189615 end_in=0.0189615 depth=11 dec=0 cand_cap=20 cand=37->20 pick(must/bucket/top/rand)=1/6/9/4 sims=936 loop=916 best_avg=-0.671816 best_move=0,9 leader=1 inc2=1 attack_w=1
DBG t=86 used=0.019 remain=0.265 turn_time=0.0189286 end_in=0.0189286 depth=11 dec=0 cand_cap=20 cand=40->20 pick(must/bucket/top/rand)=1/6/9/4 sims=952 loop=932 best_avg=-0.57283 best_move=1,8 leader=1 inc2=1 attack_w=0.611693
DBG t=99 used=0.018 remain=0.018 turn_time=0.018 end_in=0.017 depth=0 dec=0 cand_cap=20 cand=43->20 pick(must/bucket/top/rand)=1/6/9/4 sims=17996 loop=17976 best_avg=-0.255533 best_move=5,7 leader=4 inc2=1 attack_w=0.25
DBG summary depth_safety_fired=0
Score = 117690
=== CASE 0068.txt ===
DBG hdr N=10 M=4 T=100 U=5 VMAX=1716 TIME_LIMIT=1.94 MAX_CAND=20 UCB_C=0.21
DBG t=0 used=0.02 remain=1.94 turn_time=0.0194 end_in=0.0194 depth=7 dec=0 cand_cap=20 cand=4->4 pick(must/bucket/top/rand)=1/2/1/0 sims=4716 loop=4712 best_avg=-1.66765 best_move=0,5 leader=3 inc2=1 attack_w=1
DBG t=12 used=0.02 remain=1.7 turn_time=0.0193182 end_in=0.0193182 depth=7 dec=0 cand_cap=20 cand=21->20 pick(must/bucket/top/rand)=1/2/13/4 sims=3020 loop=3000 best_avg=-1.36367 best_move=5,5 leader=3 inc2=0 attack_w=1
DBG t=24 used=0.02 remain=1.46 turn_time=0.0192105 end_in=0.0192105 depth=7 dec=0 cand_cap=20 cand=28->20 pick(must/bucket/top/rand)=1/5/10/4 sims=2408 loop=2388 best_avg=-1.31399 best_move=0,4 leader=3 inc2=0 attack_w=1
DBG t=37 used=0.02 remain=1.2 turn_time=0.0190476 end_in=0.0190476 depth=10 dec=0 cand_cap=20 cand=33->20 pick(must/bucket/top/rand)=1/6/9/4 sims=1432 loop=1412 best_avg=-1.24481 best_move=0,4 leader=3 inc2=0 attack_w=0.920814
DBG t=49 used=0.019 remain=0.968 turn_time=0.0189804 end_in=0.0189804 depth=10 dec=0 cand_cap=20 cand=46->20 pick(must/bucket/top/rand)=1/6/9/4 sims=1284 loop=1264 best_avg=-1.16466 best_move=8,6 leader=3 inc2=0 attack_w=0.69618
DBG t=61 used=0.019 remain=0.74 turn_time=0.0189744 end_in=0.0189744 depth=10 dec=0 cand_cap=20 cand=47->20 pick(must/bucket/top/rand)=1/7/8/4 sims=1268 loop=1248 best_avg=-1.059 best_move=8,7 leader=3 inc2=0 attack_w=0.518871
DBG t=74 used=0.019 remain=0.493 turn_time=0.0189615 end_in=0.0189615 depth=11 dec=0 cand_cap=20 cand=41->20 pick(must/bucket/top/rand)=1/7/8/4 sims=1128 loop=1108 best_avg=-1.22919 best_move=6,6 leader=3 inc2=0 attack_w=0.632879
DBG t=86 used=0.019 remain=0.265 turn_time=0.0189286 end_in=0.0189286 depth=11 dec=0 cand_cap=20 cand=46->20 pick(must/bucket/top/rand)=1/7/8/4 sims=1072 loop=1052 best_avg=-1.204 best_move=6,8 leader=3 inc2=0 attack_w=0.61139
DBG t=99 used=0.018 remain=0.018 turn_time=0.018 end_in=0.017 depth=0 dec=0 cand_cap=20 cand=47->20 pick(must/bucket/top/rand)=1/7/8/4 sims=23528 loop=23508 best_avg=-0.995616 best_move=6,8 leader=3 inc2=0 attack_w=0.306805
DBG summary depth_safety_fired=0
Score = 108237
=== CASE 0069.txt ===
DBG hdr N=10 M=3 T=100 U=1 VMAX=1051 TIME_LIMIT=1.94 MAX_CAND=20 UCB_C=0.21
DBG t=0 used=0.02 remain=1.94 turn_time=0.0194 end_in=0.0194 depth=7 dec=0 cand_cap=20 cand=4->4 pick(must/bucket/top/rand)=1/2/1/0 sims=4136 loop=4132 best_avg=-1.36496 best_move=1,8 leader=2 inc2=1 attack_w=0.298079
DBG t=12 used=0.02 remain=1.7 turn_time=0.0193182 end_in=0.0193182 depth=7 dec=0 cand_cap=20 cand=23->20 pick(must/bucket/top/rand)=1/5/10/4 sims=2636 loop=2616 best_avg=-1.39016 best_move=4,7 leader=1 inc2=1 attack_w=0.636463
DBG t=24 used=0.02 remain=1.46 turn_time=0.0192105 end_in=0.0192105 depth=7 dec=0 cand_cap=20 cand=31->20 pick(must/bucket/top/rand)=1/5/10/4 sims=2268 loop=2248 best_avg=-0.946866 best_move=7,8 leader=1 inc2=1 attack_w=0.25
DBG t=37 used=0.02 remain=1.2 turn_time=0.0190476 end_in=0.0190476 depth=10 dec=0 cand_cap=20 cand=46->20 pick(must/bucket/top/rand)=1/6/9/4 sims=1448 loop=1428 best_avg=-0.580287 best_move=1,3 leader=2 inc2=1 attack_w=0.25
DBG t=49 used=0.019 remain=0.968 turn_time=0.0189804 end_in=0.0189804 depth=10 dec=0 cand_cap=20 cand=23->20 pick(must/bucket/top/rand)=1/6/9/4 sims=1404 loop=1384 best_avg=-0.325063 best_move=1,5 leader=2 inc2=1 attack_w=0.25
DBG t=61 used=0.019 remain=0.74 turn_time=0.0189744 end_in=0.0189744 depth=10 dec=0 cand_cap=20 cand=40->20 pick(must/bucket/top/rand)=1/6/9/4 sims=1316 loop=1296 best_avg=0.0860497 best_move=2,8 leader=1 inc2=1 attack_w=0.25
DBG t=74 used=0.019 remain=0.493 turn_time=0.0189615 end_in=0.0189615 depth=11 dec=0 cand_cap=20 cand=4->4 pick(must/bucket/top/rand)=1/3/0/0 sims=1004 loop=1000 best_avg=0.309371 best_move=6,6 leader=1 inc2=1 attack_w=0.25
DBG t=86 used=0.019 remain=0.265 turn_time=0.0189286 end_in=0.0189286 depth=11 dec=0 cand_cap=20 cand=77->20 pick(must/bucket/top/rand)=1/6/9/4 sims=936 loop=916 best_avg=0.526128 best_move=6,6 leader=1 inc2=1 attack_w=0.25
DBG t=99 used=0.018 remain=0.018 turn_time=0.018 end_in=0.017 depth=0 dec=0 cand_cap=20 cand=81->20 pick(must/bucket/top/rand)=1/5/10/4 sims=52240 loop=52220 best_avg=2.07276 best_move=4,5 leader=2 inc2=1 attack_w=0.25
DBG summary depth_safety_fired=0
Score = 440213
=== CASE 0072.txt ===
DBG hdr N=10 M=7 T=100 U=5 VMAX=1951 TIME_LIMIT=1.94 MAX_CAND=20 UCB_C=0.21
DBG t=0 used=0.02 remain=1.94 turn_time=0.0194 end_in=0.0194 depth=7 dec=0 cand_cap=20 cand=4->4 pick(must/bucket/top/rand)=1/2/1/0 sims=2740 loop=2736 best_avg=-0.662573 best_move=9,8 leader=4 inc2=1 attack_w=1
DBG t=12 used=0.02 remain=1.7 turn_time=0.0193182 end_in=0.0193182 depth=7 dec=0 cand_cap=20 cand=7->7 pick(must/bucket/top/rand)=1/5/1/0 sims=1807 loop=1800 best_avg=-0.563014 best_move=9,8 leader=6 inc2=1 attack_w=0.88035
DBG t=24 used=0.02 remain=1.46 turn_time=0.0192105 end_in=0.0192105 depth=7 dec=0 cand_cap=20 cand=8->8 pick(must/bucket/top/rand)=1/4/3/0 sims=1648 loop=1640 best_avg=-0.599213 best_move=9,9 leader=6 inc2=1 attack_w=0.747614
DBG t=37 used=0.02 remain=1.2 turn_time=0.0190476 end_in=0.0190476 depth=10 dec=0 cand_cap=20 cand=7->7 pick(must/bucket/top/rand)=1/1/5/0 sims=1119 loop=1112 best_avg=-0.808577 best_move=7,9 leader=5 inc2=1 attack_w=1
DBG t=49 used=0.019 remain=0.968 turn_time=0.0189804 end_in=0.0189804 depth=10 dec=0 cand_cap=20 cand=10->10 pick(must/bucket/top/rand)=1/5/4/0 sims=1010 loop=1000 best_avg=-0.750905 best_move=9,7 leader=5 inc2=1 attack_w=1
DBG t=61 used=0.019 remain=0.74 turn_time=0.0189744 end_in=0.0189744 depth=10 dec=0 cand_cap=20 cand=15->15 pick(must/bucket/top/rand)=1/6/8/0 sims=1031 loop=1016 best_avg=-0.532823 best_move=7,7 leader=5 inc2=1 attack_w=1
DBG t=74 used=0.019 remain=0.493 turn_time=0.0189615 end_in=0.0189615 depth=11 dec=0 cand_cap=20 cand=4->4 pick(must/bucket/top/rand)=1/2/1/0 sims=920 loop=916 best_avg=-0.472605 best_move=6,5 leader=5 inc2=1 attack_w=0.709773
DBG t=86 used=0.019 remain=0.265 turn_time=0.0189286 end_in=0.0189286 depth=11 dec=0 cand_cap=20 cand=28->20 pick(must/bucket/top/rand)=1/6/9/4 sims=900 loop=880 best_avg=-0.290014 best_move=8,6 leader=5 inc2=1 attack_w=0.314276
DBG t=99 used=0.018 remain=0.018 turn_time=0.018 end_in=0.017 depth=0 dec=0 cand_cap=20 cand=44->20 pick(must/bucket/top/rand)=1/7/8/4 sims=22348 loop=22328 best_avg=-0.33125 best_move=4,3 leader=5 inc2=1 attack_w=0.25
DBG summary depth_safety_fired=0
Score = 116040
=== CASE 0075.txt ===
DBG hdr N=10 M=6 T=100 U=2 VMAX=1825 TIME_LIMIT=1.94 MAX_CAND=20 UCB_C=0.21
DBG t=0 used=0.02 remain=1.94 turn_time=0.0194 end_in=0.0194 depth=7 dec=0 cand_cap=20 cand=4->4 pick(must/bucket/top/rand)=1/2/1/0 sims=2760 loop=2756 best_avg=-0.97546 best_move=4,6 leader=3 inc2=1 attack_w=1
DBG t=12 used=0.02 remain=1.7 turn_time=0.0193182 end_in=0.0193182 depth=7 dec=0 cand_cap=20 cand=22->20 pick(must/bucket/top/rand)=1/5/10/4 sims=1592 loop=1572 best_avg=-0.522178 best_move=4,4 leader=1 inc2=1 attack_w=0.544143
DBG t=24 used=0.02 remain=1.46 turn_time=0.0192105 end_in=0.0192105 depth=7 dec=0 cand_cap=20 cand=31->20 pick(must/bucket/top/rand)=1/8/7/4 sims=1412 loop=1392 best_avg=-0.816519 best_move=5,2 leader=2 inc2=1 attack_w=0.778692
DBG t=37 used=0.02 remain=1.2 turn_time=0.0190476 end_in=0.0190476 depth=10 dec=0 cand_cap=20 cand=30->20 pick(must/bucket/top/rand)=1/8/7/4 sims=1004 loop=984 best_avg=-0.86322 best_move=5,3 leader=5 inc2=1 attack_w=1
DBG t=49 used=0.019 remain=0.968 turn_time=0.0189804 end_in=0.0189804 depth=10 dec=0 cand_cap=20 cand=32->20 pick(must/bucket/top/rand)=1/7/8/4 sims=856 loop=836 best_avg=-0.821967 best_move=5,1 leader=4 inc2=1 attack_w=1
DBG t=61 used=0.019 remain=0.74 turn_time=0.0189744 end_in=0.0189744 depth=10 dec=0 cand_cap=20 cand=41->20 pick(must/bucket/top/rand)=1/8/7/4 sims=828 loop=808 best_avg=-0.666835 best_move=7,7 leader=4 inc2=1 attack_w=0.929341
DBG t=74 used=0.019 remain=0.493 turn_time=0.0189615 end_in=0.0189615 depth=11 dec=0 cand_cap=20 cand=46->20 pick(must/bucket/top/rand)=1/8/7/4 sims=812 loop=792 best_avg=-0.52444 best_move=5,0 leader=5 inc2=1 attack_w=0.353577
DBG t=86 used=0.019 remain=0.265 turn_time=0.0189286 end_in=0.0189286 depth=11 dec=0 cand_cap=20 cand=50->20 pick(must/bucket/top/rand)=1/8/7/4 sims=792 loop=772 best_avg=-0.487013 best_move=4,1 leader=5 inc2=1 attack_w=0.308232
DBG t=99 used=0.018 remain=0.018 turn_time=0.018 end_in=0.017 depth=0 dec=0 cand_cap=20 cand=54->20 pick(must/bucket/top/rand)=1/8/7/4 sims=18220 loop=18200 best_avg=-0.350253 best_move=4,2 leader=5 inc2=1 attack_w=0.25
DBG summary depth_safety_fired=0
Score = 119244
=== CASE 0073.txt ===
DBG hdr N=10 M=3 T=100 U=3 VMAX=2043 TIME_LIMIT=1.94 MAX_CAND=20 UCB_C=0.21
DBG t=0 used=0.02 remain=1.94 turn_time=0.0194 end_in=0.0194 depth=7 dec=0 cand_cap=20 cand=5->5 pick(must/bucket/top/rand)=1/2/2/0 sims=4401 loop=4396 best_avg=-1.77274 best_move=5,2 leader=2 inc2=1 attack_w=1
DBG t=12 used=0.02 remain=1.7 turn_time=0.0193182 end_in=0.0193182 depth=7 dec=0 cand_cap=20 cand=13->13 pick(must/bucket/top/rand)=1/3/9/0 sims=3241 loop=3228 best_avg=-1.65357 best_move=6,4 leader=2 inc2=1 attack_w=1
DBG t=24 used=0.02 remain=1.46 turn_time=0.0192105 end_in=0.0192105 depth=7 dec=0 cand_cap=20 cand=30->20 pick(must/bucket/top/rand)=1/6/9/4 sims=2560 loop=2540 best_avg=-1.27747 best_move=9,8 leader=1 inc2=1 attack_w=0.25
DBG t=37 used=0.02 remain=1.2 turn_time=0.0190476 end_in=0.0190476 depth=10 dec=0 cand_cap=20 cand=40->20 pick(must/bucket/top/rand)=1/7/8/4 sims=2016 loop=1996 best_avg=-0.722263 best_move=7,8 leader=1 inc2=1 attack_w=0.25
DBG t=49 used=0.019 remain=0.968 turn_time=0.0189804 end_in=0.0189804 depth=10 dec=0 cand_cap=20 cand=40->20 pick(must/bucket/top/rand)=1/7/8/4 sims=1736 loop=1716 best_avg=-0.552432 best_move=6,6 leader=2 inc2=1 attack_w=0.25
DBG t=61 used=0.019 remain=0.74 turn_time=0.0189744 end_in=0.0189744 depth=10 dec=0 cand_cap=20 cand=46->20 pick(must/bucket/top/rand)=1/7/8/4 sims=1668 loop=1648 best_avg=-0.332495 best_move=7,8 leader=1 inc2=1 attack_w=0.25
DBG t=74 used=0.019 remain=0.493 turn_time=0.0189615 end_in=0.0189615 depth=11 dec=0 cand_cap=20 cand=49->20 pick(must/bucket/top/rand)=1/6/9/4 sims=1380 loop=1360 best_avg=-0.193752 best_move=7,8 leader=1 inc2=1 attack_w=0.25
DBG t=86 used=0.019 remain=0.265 turn_time=0.0189286 end_in=0.0189286 depth=11 dec=0 cand_cap=20 cand=52->20 pick(must/bucket/top/rand)=1/8/7/4 sims=1168 loop=1148 best_avg=-0.165716 best_move=7,8 leader=1 inc2=1 attack_w=0.25
DBG t=99 used=0.018 remain=0.018 turn_time=0.018 end_in=0.017 depth=0 dec=0 cand_cap=20 cand=56->20 pick(must/bucket/top/rand)=1/6/9/4 sims=55076 loop=55056 best_avg=0.333842 best_move=6,8 leader=1 inc2=1 attack_w=0.25
DBG summary depth_safety_fired=0
Score = 257066
=== CASE 0074.txt ===
DBG hdr N=10 M=6 T=100 U=3 VMAX=1639 TIME_LIMIT=1.94 MAX_CAND=20 UCB_C=0.21
DBG t=0 used=0.02 remain=1.94 turn_time=0.0194 end_in=0.0194 depth=7 dec=0 cand_cap=20 cand=4->4 pick(must/bucket/top/rand)=1/2/1/0 sims=2824 loop=2820 best_avg=-0.866153 best_move=0,0 leader=5 inc2=1 attack_w=1
DBG t=12 used=0.02 remain=1.7 turn_time=0.0193182 end_in=0.0193182 depth=7 dec=0 cand_cap=20 cand=18->18 pick(must/bucket/top/rand)=1/4/11/2 sims=1906 loop=1888 best_avg=-0.458467 best_move=4,4 leader=3 inc2=1 attack_w=0.640383
DBG t=24 used=0.02 remain=1.46 turn_time=0.0192105 end_in=0.0192105 depth=7 dec=0 cand_cap=20 cand=23->20 pick(must/bucket/top/rand)=1/5/10/4 sims=1720 loop=1700 best_avg=-0.409876 best_move=2,2 leader=1 inc2=1 attack_w=0.25
DBG t=37 used=0.02 remain=1.2 turn_time=0.0190476 end_in=0.0190476 depth=10 dec=0 cand_cap=20 cand=27->20 pick(must/bucket/top/rand)=1/8/7/4 sims=1072 loop=1052 best_avg=-0.644841 best_move=2,4 leader=2 inc2=1 attack_w=0.278267
DBG t=49 used=0.019 remain=0.968 turn_time=0.0189804 end_in=0.0189804 depth=10 dec=0 cand_cap=20 cand=26->20 pick(must/bucket/top/rand)=1/8/7/4 sims=1124 loop=1104 best_avg=-0.600548 best_move=0,2 leader=3 inc2=1 attack_w=0.925528
DBG t=61 used=0.019 remain=0.74 turn_time=0.0189744 end_in=0.0189744 depth=10 dec=0 cand_cap=20 cand=27->20 pick(must/bucket/top/rand)=1/6/9/4 sims=1184 loop=1164 best_avg=-0.466284 best_move=1,3 leader=3 inc2=1 attack_w=0.470919
DBG t=74 used=0.019 remain=0.493 turn_time=0.0189615 end_in=0.0189615 depth=11 dec=0 cand_cap=20 cand=32->20 pick(must/bucket/top/rand)=1/6/9/4 sims=908 loop=888 best_avg=-0.286853 best_move=2,4 leader=3 inc2=1 attack_w=0.300817
DBG t=86 used=0.019 remain=0.265 turn_time=0.0189286 end_in=0.0189286 depth=11 dec=0 cand_cap=20 cand=32->20 pick(must/bucket/top/rand)=1/7/8/4 sims=968 loop=948 best_avg=-0.123114 best_move=3,4 leader=2 inc2=1 attack_w=0.25
DBG t=99 used=0.018 remain=0.018 turn_time=0.018 end_in=0.017 depth=0 dec=0 cand_cap=20 cand=38->20 pick(must/bucket/top/rand)=1/7/8/4 sims=22004 loop=21984 best_avg=-0.144111 best_move=2,5 leader=3 inc2=1 attack_w=0.25
DBG summary depth_safety_fired=0
Score = 134175
=== CASE 0076.txt ===
DBG hdr N=10 M=2 T=100 U=5 VMAX=1499 TIME_LIMIT=1.94 MAX_CAND=20 UCB_C=0.21
DBG t=0 used=0.02 remain=1.94 turn_time=0.0194 end_in=0.0194 depth=7 dec=0 cand_cap=20 cand=5->5 pick(must/bucket/top/rand)=1/2/2/0 sims=5257 loop=5252 best_avg=-2.47011 best_move=7,3 leader=1 inc2=1 attack_w=0.15
DBG t=12 used=0.02 remain=1.7 turn_time=0.0193182 end_in=0.0193182 depth=7 dec=0 cand_cap=20 cand=14->14 pick(must/bucket/top/rand)=1/2/11/0 sims=4234 loop=4220 best_avg=-2.66528 best_move=7,5 leader=1 inc2=1 attack_w=0.25
DBG t=24 used=0.02 remain=1.46 turn_time=0.0192105 end_in=0.0192105 depth=7 dec=0 cand_cap=20 cand=21->20 pick(must/bucket/top/rand)=1/2/13/4 sims=3608 loop=3588 best_avg=-2.73435 best_move=7,4 leader=1 inc2=1 attack_w=0.25
DBG t=37 used=0.02 remain=1.2 turn_time=0.0190476 end_in=0.0190476 depth=10 dec=0 cand_cap=20 cand=22->20 pick(must/bucket/top/rand)=1/2/13/4 sims=2264 loop=2244 best_avg=-2.84321 best_move=6,5 leader=1 inc2=1 attack_w=0.25
DBG t=49 used=0.019 remain=0.968 turn_time=0.0189804 end_in=0.0189804 depth=10 dec=0 cand_cap=20 cand=27->20 pick(must/bucket/top/rand)=1/2/13/4 sims=1872 loop=1852 best_avg=-2.92234 best_move=9,2 leader=1 inc2=1 attack_w=0.25
DBG t=61 used=0.019 remain=0.74 turn_time=0.0189744 end_in=0.0189744 depth=10 dec=0 cand_cap=20 cand=28->20 pick(must/bucket/top/rand)=1/2/13/4 sims=1752 loop=1732 best_avg=-2.97901 best_move=6,7 leader=1 inc2=1 attack_w=0.25
DBG t=74 used=0.019 remain=0.493 turn_time=0.0189615 end_in=0.0189615 depth=11 dec=0 cand_cap=20 cand=39->20 pick(must/bucket/top/rand)=1/5/10/4 sims=1444 loop=1424 best_avg=-2.95912 best_move=3,8 leader=1 inc2=1 attack_w=0.25
DBG t=86 used=0.019 remain=0.265 turn_time=0.0189286 end_in=0.0189286 depth=11 dec=0 cand_cap=20 cand=40->20 pick(must/bucket/top/rand)=1/5/10/4 sims=1604 loop=1584 best_avg=-2.97025 best_move=6,6 leader=1 inc2=1 attack_w=0.25
DBG t=99 used=0.018 remain=0.018 turn_time=0.018 end_in=0.017 depth=0 dec=0 cand_cap=20 cand=42->20 pick(must/bucket/top/rand)=1/7/8/4 sims=37656 loop=37636 best_avg=-2.90491 best_move=9,1 leader=1 inc2=1 attack_w=0.25
DBG summary depth_safety_fired=0
Score = 134616
=== CASE 0077.txt ===
DBG hdr N=10 M=5 T=100 U=4 VMAX=2029 TIME_LIMIT=1.94 MAX_CAND=20 UCB_C=0.21
DBG t=0 used=0.02 remain=1.94 turn_time=0.0194 end_in=0.0194 depth=7 dec=0 cand_cap=20 cand=3->3 pick(must/bucket/top/rand)=1/2/0/0 sims=3515 loop=3512 best_avg=-1.10026 best_move=9,9 leader=3 inc2=1 attack_w=1
DBG t=12 used=0.02 remain=1.7 turn_time=0.0193182 end_in=0.0193182 depth=7 dec=0 cand_cap=20 cand=9->9 pick(must/bucket/top/rand)=1/2/6/0 sims=2105 loop=2096 best_avg=-0.971805 best_move=9,8 leader=3 inc2=0 attack_w=0.722861
DBG t=24 used=0.02 remain=1.46 turn_time=0.0192105 end_in=0.0192105 depth=7 dec=0 cand_cap=20 cand=20->20 pick(must/bucket/top/rand)=1/4/11/4 sims=1996 loop=1976 best_avg=-0.982602 best_move=4,7 leader=3 inc2=1 attack_w=1
DBG t=37 used=0.02 remain=1.2 turn_time=0.0190476 end_in=0.0190476 depth=10 dec=0 cand_cap=20 cand=25->20 pick(must/bucket/top/rand)=1/4/11/4 sims=1448 loop=1428 best_avg=-0.70368 best_move=5,5 leader=3 inc2=1 attack_w=0.515254
DBG t=49 used=0.019 remain=0.968 turn_time=0.0189804 end_in=0.0189804 depth=10 dec=0 cand_cap=20 cand=40->20 pick(must/bucket/top/rand)=1/6/9/4 sims=1300 loop=1280 best_avg=-0.53768 best_move=6,3 leader=3 inc2=1 attack_w=0.25
DBG t=61 used=0.019 remain=0.74 turn_time=0.0189744 end_in=0.0189744 depth=10 dec=0 cand_cap=20 cand=40->20 pick(must/bucket/top/rand)=1/7/8/4 sims=1088 loop=1068 best_avg=-0.550518 best_move=6,3 leader=3 inc2=1 attack_w=0.25
DBG t=74 used=0.019 remain=0.493 turn_time=0.0189615 end_in=0.0189615 depth=11 dec=0 cand_cap=20 cand=44->20 pick(must/bucket/top/rand)=1/8/7/4 sims=1000 loop=980 best_avg=-0.513022 best_move=3,9 leader=1 inc2=1 attack_w=0.25
DBG t=86 used=0.019 remain=0.265 turn_time=0.0189286 end_in=0.0189286 depth=11 dec=0 cand_cap=20 cand=44->20 pick(must/bucket/top/rand)=1/8/7/4 sims=1076 loop=1056 best_avg=-0.543326 best_move=5,5 leader=3 inc2=1 attack_w=0.25
DBG t=99 used=0.018 remain=0.018 turn_time=0.018 end_in=0.017 depth=0 dec=0 cand_cap=20 cand=54->20 pick(must/bucket/top/rand)=1/6/9/4 sims=22840 loop=22820 best_avg=-0.428456 best_move=2,6 leader=3 inc2=0 attack_w=0.25
DBG summary depth_safety_fired=0
Score = 129232
=== CASE 0080.txt ===
DBG hdr N=10 M=2 T=100 U=2 VMAX=1532 TIME_LIMIT=1.94 MAX_CAND=20 UCB_C=0.21
DBG t=0 used=0.02 remain=1.94 turn_time=0.0194 end_in=0.0194 depth=7 dec=0 cand_cap=20 cand=4->4 pick(must/bucket/top/rand)=1/2/1/0 sims=5776 loop=5772 best_avg=-2.79868 best_move=3,8 leader=1 inc2=1 attack_w=0.894318
DBG t=12 used=0.02 remain=1.7 turn_time=0.0193182 end_in=0.0193182 depth=7 dec=0 cand_cap=20 cand=27->20 pick(must/bucket/top/rand)=1/6/9/4 sims=3552 loop=3532 best_avg=-2.39359 best_move=6,3 leader=1 inc2=1 attack_w=0.25
DBG t=24 used=0.02 remain=1.46 turn_time=0.0192105 end_in=0.0192105 depth=7 dec=0 cand_cap=20 cand=12->12 pick(must/bucket/top/rand)=1/6/5/0 sims=3948 loop=3936 best_avg=-1.66227 best_move=7,4 leader=1 inc2=1 attack_w=0.25
DBG t=37 used=0.02 remain=1.2 turn_time=0.0190476 end_in=0.0190476 depth=10 dec=0 cand_cap=20 cand=38->20 pick(must/bucket/top/rand)=1/4/11/4 sims=2060 loop=2040 best_avg=-1.24633 best_move=8,2 leader=1 inc2=1 attack_w=0.25
DBG t=49 used=0.019 remain=0.968 turn_time=0.0189804 end_in=0.0189804 depth=10 dec=0 cand_cap=20 cand=42->20 pick(must/bucket/top/rand)=1/3/12/4 sims=1992 loop=1972 best_avg=-0.684424 best_move=9,2 leader=1 inc2=1 attack_w=0.15
DBG t=61 used=0.019 remain=0.74 turn_time=0.0189744 end_in=0.0189744 depth=10 dec=0 cand_cap=20 cand=45->20 pick(must/bucket/top/rand)=1/3/12/4 sims=1796 loop=1776 best_avg=-0.624432 best_move=8,3 leader=1 inc2=1 attack_w=0.15
DBG t=74 used=0.019 remain=0.493 turn_time=0.0189615 end_in=0.0189615 depth=11 dec=0 cand_cap=20 cand=48->20 pick(must/bucket/top/rand)=1/2/13/4 sims=1508 loop=1488 best_avg=-0.551005 best_move=2,7 leader=1 inc2=1 attack_w=0.15
DBG t=86 used=0.019 remain=0.265 turn_time=0.0189286 end_in=0.0189286 depth=11 dec=0 cand_cap=20 cand=55->20 pick(must/bucket/top/rand)=1/3/12/4 sims=1276 loop=1256 best_avg=-0.428158 best_move=9,2 leader=1 inc2=1 attack_w=0.15
DBG t=99 used=0.018 remain=0.018 turn_time=0.018 end_in=0.017 depth=0 dec=0 cand_cap=20 cand=58->20 pick(must/bucket/top/rand)=1/3/12/4 sims=69452 loop=69432 best_avg=0.904904 best_move=9,4 leader=1 inc2=1 attack_w=0.15
DBG summary depth_safety_fired=0
Score = 466510
=== CASE 0078.txt ===
DBG hdr N=10 M=6 T=100 U=4 VMAX=1796 TIME_LIMIT=1.94 MAX_CAND=20 UCB_C=0.21
DBG t=0 used=0.02 remain=1.94 turn_time=0.0194 end_in=0.0194 depth=7 dec=0 cand_cap=20 cand=4->4 pick(must/bucket/top/rand)=1/2/1/0 sims=2416 loop=2412 best_avg=-1.01134 best_move=6,1 leader=2 inc2=1 attack_w=1
DBG t=12 used=0.02 remain=1.698 turn_time=0.0192955 end_in=0.0192955 depth=7 dec=0 cand_cap=20 cand=18->18 pick(must/bucket/top/rand)=1/4/11/2 sims=1954 loop=1936 best_avg=-0.641129 best_move=7,5 leader=2 inc2=1 attack_w=1
DBG t=24 used=0.02 remain=1.458 turn_time=0.0191842 end_in=0.0191842 depth=7 dec=0 cand_cap=20 cand=28->20 pick(must/bucket/top/rand)=1/8/7/4 sims=1780 loop=1760 best_avg=-0.418356 best_move=7,5 leader=1 inc2=1 attack_w=0.377597
DBG t=37 used=0.02 remain=1.198 turn_time=0.0190159 end_in=0.0190159 depth=10 dec=0 cand_cap=20 cand=30->20 pick(must/bucket/top/rand)=1/7/8/4 sims=1412 loop=1392 best_avg=-0.22225 best_move=5,4 leader=1 inc2=1 attack_w=0.25
DBG t=49 used=0.019 remain=0.968 turn_time=0.0189804 end_in=0.0189804 depth=10 dec=0 cand_cap=20 cand=37->20 pick(must/bucket/top/rand)=1/7/8/4 sims=1264 loop=1244 best_avg=-0.14456 best_move=2,5 leader=5 inc2=1 attack_w=0.25
DBG t=61 used=0.019 remain=0.74 turn_time=0.0189744 end_in=0.0189744 depth=10 dec=0 cand_cap=20 cand=47->20 pick(must/bucket/top/rand)=1/8/7/4 sims=1224 loop=1204 best_avg=-0.147245 best_move=2,6 leader=5 inc2=1 attack_w=0.25
DBG t=74 used=0.019 remain=0.493 turn_time=0.0189615 end_in=0.0189615 depth=11 dec=0 cand_cap=20 cand=52->20 pick(must/bucket/top/rand)=1/7/8/4 sims=1116 loop=1096 best_avg=-0.0562311 best_move=2,4 leader=5 inc2=1 attack_w=0.25
DBG t=86 used=0.019 remain=0.265 turn_time=0.0189286 end_in=0.0189286 depth=11 dec=0 cand_cap=20 cand=59->20 pick(must/bucket/top/rand)=1/7/8/4 sims=944 loop=924 best_avg=0.0137162 best_move=2,7 leader=5 inc2=1 attack_w=0.25
DBG t=99 used=0.018 remain=0.018 turn_time=0.018 end_in=0.017 depth=0 dec=0 cand_cap=20 cand=65->20 pick(must/bucket/top/rand)=1/7/8/4 sims=29720 loop=29700 best_avg=0.195761 best_move=1,8 leader=5 inc2=1 attack_w=0.25
DBG summary depth_safety_fired=0
Score = 168242
=== CASE 0079.txt ===
DBG hdr N=10 M=5 T=100 U=1 VMAX=1929 TIME_LIMIT=1.94 MAX_CAND=20 UCB_C=0.21
DBG t=0 used=0.02 remain=1.94 turn_time=0.0194 end_in=0.0194 depth=7 dec=0 cand_cap=20 cand=3->3 pick(must/bucket/top/rand)=1/2/0/0 sims=2923 loop=2920 best_avg=-0.959344 best_move=1,9 leader=3 inc2=1 attack_w=1
DBG t=12 used=0.02 remain=1.7 turn_time=0.0193182 end_in=0.0193182 depth=7 dec=0 cand_cap=20 cand=26->20 pick(must/bucket/top/rand)=1/6/9/4 sims=2220 loop=2200 best_avg=-0.283817 best_move=6,4 leader=2 inc2=1 attack_w=0.25
DBG t=24 used=0.02 remain=1.46 turn_time=0.0192105 end_in=0.0192105 depth=7 dec=0 cand_cap=20 cand=51->20 pick(must/bucket/top/rand)=1/6/9/4 sims=2120 loop=2100 best_avg=0.561237 best_move=8,1 leader=2 inc2=1 attack_w=0.25
DBG t=37 used=0.02 remain=1.2 turn_time=0.0190476 end_in=0.0190476 depth=10 dec=0 cand_cap=20 cand=54->20 pick(must/bucket/top/rand)=1/5/10/4 sims=1308 loop=1288 best_avg=0.827838 best_move=5,4 leader=1 inc2=0 attack_w=0.25
DBG t=49 used=0.019 remain=0.968 turn_time=0.0189804 end_in=0.0189804 depth=10 dec=0 cand_cap=20 cand=60->20 pick(must/bucket/top/rand)=1/6/9/4 sims=1180 loop=1160 best_avg=1.09205 best_move=9,7 leader=4 inc2=0 attack_w=0.25
DBG t=61 used=0.019 remain=0.74 turn_time=0.0189744 end_in=0.0189744 depth=10 dec=0 cand_cap=20 cand=66->20 pick(must/bucket/top/rand)=1/5/10/4 sims=1060 loop=1040 best_avg=1.24205 best_move=5,9 leader=2 inc2=0 attack_w=0.25
DBG t=74 used=0.019 remain=0.493 turn_time=0.0189615 end_in=0.0189615 depth=11 dec=0 cand_cap=20 cand=71->20 pick(must/bucket/top/rand)=1/6/9/4 sims=924 loop=904 best_avg=1.20379 best_move=6,2 leader=3 inc2=0 attack_w=0.25
DBG t=86 used=0.019 remain=0.265 turn_time=0.0189286 end_in=0.0189286 depth=11 dec=0 cand_cap=20 cand=71->20 pick(must/bucket/top/rand)=1/4/11/4 sims=920 loop=900 best_avg=1.14174 best_move=4,9 leader=3 inc2=0 attack_w=0.25
DBG t=99 used=0.018 remain=0.018 turn_time=0.018 end_in=0.017 depth=0 dec=0 cand_cap=20 cand=78->20 pick(must/bucket/top/rand)=1/4/11/4 sims=41196 loop=41176 best_avg=1.89545 best_move=8,7 leader=4 inc2=0 attack_w=0.25
DBG summary depth_safety_fired=0
Score = 372379
=== CASE 0081.txt ===
DBG hdr N=10 M=3 T=100 U=5 VMAX=1476 TIME_LIMIT=1.94 MAX_CAND=20 UCB_C=0.21
DBG t=0 used=0.02 remain=1.94 turn_time=0.0194 end_in=0.0194 depth=7 dec=0 cand_cap=20 cand=5->5 pick(must/bucket/top/rand)=1/2/2/0 sims=4129 loop=4124 best_avg=-1.59106 best_move=2,3 leader=2 inc2=1 attack_w=1
DBG t=12 used=0.02 remain=1.7 turn_time=0.0193182 end_in=0.0193182 depth=7 dec=0 cand_cap=20 cand=19->19 pick(must/bucket/top/rand)=1/3/12/3 sims=3507 loop=3488 best_avg=-1.5003 best_move=4,4 leader=2 inc2=1 attack_w=0.644052
DBG t=24 used=0.02 remain=1.46 turn_time=0.0192105 end_in=0.0192105 depth=7 dec=0 cand_cap=20 cand=32->20 pick(must/bucket/top/rand)=1/8/7/4 sims=3744 loop=3724 best_avg=-0.632843 best_move=3,6 leader=2 inc2=1 attack_w=0.25
DBG t=37 used=0.02 remain=1.2 turn_time=0.0190476 end_in=0.0190476 depth=10 dec=0 cand_cap=20 cand=38->20 pick(must/bucket/top/rand)=1/8/7/4 sims=2004 loop=1984 best_avg=-0.875253 best_move=4,7 leader=1 inc2=1 attack_w=0.25
DBG t=49 used=0.019 remain=0.968 turn_time=0.0189804 end_in=0.0189804 depth=10 dec=0 cand_cap=20 cand=41->20 pick(must/bucket/top/rand)=1/8/7/4 sims=1772 loop=1752 best_avg=-0.538246 best_move=4,6 leader=2 inc2=1 attack_w=0.25
DBG t=61 used=0.019 remain=0.74 turn_time=0.0189744 end_in=0.0189744 depth=10 dec=0 cand_cap=20 cand=8->8 pick(must/bucket/top/rand)=1/5/2/0 sims=1724 loop=1716 best_avg=-0.660206 best_move=7,8 leader=2 inc2=1 attack_w=0.25
DBG t=74 used=0.019 remain=0.493 turn_time=0.0189615 end_in=0.0189615 depth=11 dec=0 cand_cap=20 cand=47->20 pick(must/bucket/top/rand)=1/8/7/4 sims=1404 loop=1384 best_avg=-0.40273 best_move=7,6 leader=1 inc2=1 attack_w=0.25
DBG t=86 used=0.019 remain=0.265 turn_time=0.0189286 end_in=0.0189286 depth=11 dec=0 cand_cap=20 cand=50->20 pick(must/bucket/top/rand)=1/8/7/4 sims=1164 loop=1144 best_avg=-0.472348 best_move=3,3 leader=1 inc2=1 attack_w=0.25
DBG t=99 used=0.018 remain=0.018 turn_time=0.018 end_in=0.017 depth=0 dec=0 cand_cap=20 cand=48->20 pick(must/bucket/top/rand)=1/7/8/4 sims=41308 loop=41288 best_avg=-0.369058 best_move=4,5 leader=1 inc2=1 attack_w=0.25
DBG summary depth_safety_fired=0
Score = 204851
=== CASE 0083.txt ===
DBG hdr N=10 M=5 T=100 U=4 VMAX=2622 TIME_LIMIT=1.94 MAX_CAND=20 UCB_C=0.21
DBG t=0 used=0.02 remain=1.94 turn_time=0.0194 end_in=0.0194 depth=7 dec=0 cand_cap=20 cand=4->4 pick(must/bucket/top/rand)=1/2/1/0 sims=3924 loop=3920 best_avg=-0.954694 best_move=0,4 leader=3 inc2=1 attack_w=1
DBG t=12 used=0.02 remain=1.7 turn_time=0.0193182 end_in=0.0193182 depth=7 dec=0 cand_cap=20 cand=11->11 pick(must/bucket/top/rand)=1/5/5/0 sims=2523 loop=2512 best_avg=-0.423565 best_move=0,4 leader=3 inc2=0 attack_w=0.25
DBG t=24 used=0.02 remain=1.46 turn_time=0.0192105 end_in=0.0192105 depth=7 dec=0 cand_cap=20 cand=14->14 pick(must/bucket/top/rand)=1/6/7/0 sims=2570 loop=2556 best_avg=-0.518563 best_move=1,4 leader=3 inc2=1 attack_w=0.25
DBG t=37 used=0.02 remain=1.2 turn_time=0.0190476 end_in=0.0190476 depth=10 dec=0 cand_cap=20 cand=16->16 pick(must/bucket/top/rand)=1/6/9/0 sims=1376 loop=1360 best_avg=-0.580629 best_move=1,4 leader=3 inc2=1 attack_w=0.25
DBG t=49 used=0.019 remain=0.968 turn_time=0.0189804 end_in=0.0189804 depth=10 dec=0 cand_cap=20 cand=18->18 pick(must/bucket/top/rand)=1/6/9/2 sims=1278 loop=1260 best_avg=-0.543981 best_move=1,1 leader=3 inc2=1 attack_w=0.25
DBG t=61 used=0.019 remain=0.74 turn_time=0.0189744 end_in=0.0189744 depth=10 dec=0 cand_cap=20 cand=19->19 pick(must/bucket/top/rand)=1/6/9/3 sims=1115 loop=1096 best_avg=-0.474908 best_move=0,6 leader=3 inc2=0 attack_w=0.25
DBG t=74 used=0.019 remain=0.493 turn_time=0.0189615 end_in=0.0189615 depth=11 dec=0 cand_cap=20 cand=21->20 pick(must/bucket/top/rand)=1/7/8/4 sims=1312 loop=1292 best_avg=-0.511913 best_move=1,2 leader=2 inc2=1 attack_w=0.25
DBG t=86 used=0.019 remain=0.265 turn_time=0.0189286 end_in=0.0189286 depth=11 dec=0 cand_cap=20 cand=24->20 pick(must/bucket/top/rand)=1/5/10/4 sims=1176 loop=1156 best_avg=-0.384847 best_move=2,2 leader=3 inc2=1 attack_w=0.25
DBG t=99 used=0.018 remain=0.018 turn_time=0.018 end_in=0.017 depth=0 dec=0 cand_cap=20 cand=26->20 pick(must/bucket/top/rand)=1/6/9/4 sims=18392 loop=18372 best_avg=-0.262986 best_move=1,3 leader=3 inc2=1 attack_w=0.25
DBG summary depth_safety_fired=0
Score = 143227
=== CASE 0082.txt ===
DBG hdr N=10 M=8 T=100 U=1 VMAX=1915 TIME_LIMIT=1.94 MAX_CAND=20 UCB_C=0.21
DBG t=0 used=0.02 remain=1.94 turn_time=0.0194 end_in=0.0194 depth=7 dec=0 cand_cap=20 cand=4->4 pick(must/bucket/top/rand)=1/2/1/0 sims=2084 loop=2080 best_avg=-0.512251 best_move=9,6 leader=5 inc2=1 attack_w=0.884459
DBG t=12 used=0.02 remain=1.7 turn_time=0.0193182 end_in=0.0193182 depth=7 dec=0 cand_cap=20 cand=26->20 pick(must/bucket/top/rand)=1/5/10/4 sims=1704 loop=1684 best_avg=-0.0565986 best_move=8,8 leader=6 inc2=1 attack_w=0.918118
DBG t=24 used=0.02 remain=1.46 turn_time=0.0192105 end_in=0.0192105 depth=7 dec=0 cand_cap=20 cand=40->20 pick(must/bucket/top/rand)=1/4/11/4 sims=1388 loop=1368 best_avg=0.509201 best_move=6,3 leader=1 inc2=1 attack_w=0.25
DBG t=37 used=0.02 remain=1.2 turn_time=0.0190476 end_in=0.0190476 depth=10 dec=0 cand_cap=20 cand=4->4 pick(must/bucket/top/rand)=1/3/0/0 sims=788 loop=784 best_avg=0.589456 best_move=7,5 leader=2 inc2=1 attack_w=0.25
DBG t=49 used=0.019 remain=0.968 turn_time=0.0189804 end_in=0.0189804 depth=10 dec=0 cand_cap=20 cand=56->20 pick(must/bucket/top/rand)=1/6/9/4 sims=800 loop=780 best_avg=0.751458 best_move=0,0 leader=1 inc2=1 attack_w=0.25
DBG t=61 used=0.019 remain=0.74 turn_time=0.0189744 end_in=0.0189744 depth=10 dec=0 cand_cap=20 cand=56->20 pick(must/bucket/top/rand)=1/6/9/4 sims=756 loop=736 best_avg=0.771962 best_move=5,9 leader=7 inc2=1 attack_w=0.25
DBG t=74 used=0.019 remain=0.493 turn_time=0.0189615 end_in=0.0189615 depth=11 dec=0 cand_cap=20 cand=66->20 pick(must/bucket/top/rand)=1/6/9/4 sims=740 loop=720 best_avg=0.76812 best_move=3,2 leader=4 inc2=1 attack_w=0.25
DBG t=86 used=0.019 remain=0.265 turn_time=0.0189286 end_in=0.0189286 depth=11 dec=0 cand_cap=20 cand=61->20 pick(must/bucket/top/rand)=1/6/9/4 sims=640 loop=620 best_avg=0.887266 best_move=8,5 leader=6 inc2=1 attack_w=0.25
DBG t=99 used=0.018 remain=0.018 turn_time=0.018 end_in=0.017 depth=0 dec=0 cand_cap=20 cand=73->20 pick(must/bucket/top/rand)=1/6/9/4 sims=22492 loop=22472 best_avg=1.42964 best_move=2,3 leader=7 inc2=1 attack_w=0.25
DBG summary depth_safety_fired=0
Score = 290017
=== CASE 0088.txt ===
DBG hdr N=10 M=3 T=100 U=3 VMAX=1748 TIME_LIMIT=1.94 MAX_CAND=20 UCB_C=0.21
DBG t=0 used=0.02 remain=1.94 turn_time=0.0194 end_in=0.0194 depth=7 dec=0 cand_cap=20 cand=5->5 pick(must/bucket/top/rand)=1/2/2/0 sims=4401 loop=4396 best_avg=-1.32773 best_move=4,5 leader=2 inc2=1 attack_w=0.15
DBG t=12 used=0.02 remain=1.7 turn_time=0.0193182 end_in=0.0193182 depth=7 dec=0 cand_cap=20 cand=21->20 pick(must/bucket/top/rand)=1/2/13/4 sims=3352 loop=3332 best_avg=-0.970458 best_move=7,7 leader=2 inc2=1 attack_w=0.25
DBG t=24 used=0.02 remain=1.46 turn_time=0.0192105 end_in=0.0192105 depth=7 dec=0 cand_cap=20 cand=33->20 pick(must/bucket/top/rand)=1/2/13/4 sims=2624 loop=2604 best_avg=-0.781609 best_move=7,7 leader=1 inc2=1 attack_w=0.25
DBG t=37 used=0.02 remain=1.2 turn_time=0.0190476 end_in=0.0190476 depth=10 dec=0 cand_cap=20 cand=42->20 pick(must/bucket/top/rand)=1/4/11/4 sims=1464 loop=1444 best_avg=-0.680263 best_move=7,4 leader=1 inc2=1 attack_w=0.25
DBG t=49 used=0.019 remain=0.968 turn_time=0.0189804 end_in=0.0189804 depth=10 dec=0 cand_cap=20 cand=46->20 pick(must/bucket/top/rand)=1/5/10/4 sims=1336 loop=1316 best_avg=-0.894398 best_move=4,7 leader=2 inc2=1 attack_w=0.25
DBG t=61 used=0.019 remain=0.74 turn_time=0.0189744 end_in=0.0189744 depth=10 dec=0 cand_cap=20 cand=49->20 pick(must/bucket/top/rand)=1/6/9/4 sims=1248 loop=1228 best_avg=-0.986979 best_move=3,4 leader=2 inc2=1 attack_w=0.25
DBG t=74 used=0.019 remain=0.493 turn_time=0.0189615 end_in=0.0189615 depth=11 dec=0 cand_cap=20 cand=54->20 pick(must/bucket/top/rand)=1/6/9/4 sims=1024 loop=1004 best_avg=-1.10089 best_move=6,3 leader=2 inc2=1 attack_w=0.25
DBG t=86 used=0.019 remain=0.265 turn_time=0.0189286 end_in=0.0189286 depth=11 dec=0 cand_cap=20 cand=58->20 pick(must/bucket/top/rand)=1/6/9/4 sims=1028 loop=1008 best_avg=-1.08087 best_move=6,7 leader=2 inc2=1 attack_w=0.25
DBG t=99 used=0.018 remain=0.018 turn_time=0.018 end_in=0.017 depth=0 dec=0 cand_cap=20 cand=50->20 pick(must/bucket/top/rand)=1/5/10/4 sims=25928 loop=25908 best_avg=-1.12259 best_move=8,6 leader=1 inc2=1 attack_w=0.25
DBG summary depth_safety_fired=0
Score = 140099
=== CASE 0087.txt ===
DBG hdr N=10 M=4 T=100 U=3 VMAX=2225 TIME_LIMIT=1.94 MAX_CAND=20 UCB_C=0.21
DBG t=0 used=0.02 remain=1.94 turn_time=0.0194 end_in=0.0194 depth=7 dec=0 cand_cap=20 cand=5->5 pick(must/bucket/top/rand)=1/2/2/0 sims=4081 loop=4076 best_avg=-1.89628 best_move=8,3 leader=2 inc2=1 attack_w=1
DBG t=12 used=0.02 remain=1.7 turn_time=0.0193182 end_in=0.0193182 depth=7 dec=0 cand_cap=20 cand=15->15 pick(must/bucket/top/rand)=1/2/12/0 sims=2787 loop=2772 best_avg=-1.70565 best_move=5,5 leader=2 inc2=1 attack_w=1
DBG t=24 used=0.02 remain=1.46 turn_time=0.0192105 end_in=0.0192105 depth=7 dec=0 cand_cap=20 cand=30->20 pick(must/bucket/top/rand)=1/7/8/4 sims=2332 loop=2312 best_avg=-1.40044 best_move=1,6 leader=2 inc2=1 attack_w=1
DBG t=37 used=0.02 remain=1.2 turn_time=0.0190476 end_in=0.0190476 depth=10 dec=0 cand_cap=20 cand=33->20 pick(must/bucket/top/rand)=1/6/9/4 sims=1392 loop=1372 best_avg=-1.16439 best_move=1,8 leader=2 inc2=0 attack_w=0.866315
DBG t=49 used=0.019 remain=0.968 turn_time=0.0189804 end_in=0.0189804 depth=10 dec=0 cand_cap=20 cand=32->20 pick(must/bucket/top/rand)=1/6/9/4 sims=1184 loop=1164 best_avg=-1.08109 best_move=0,5 leader=2 inc2=0 attack_w=0.536497
DBG t=61 used=0.019 remain=0.74 turn_time=0.0189744 end_in=0.0189744 depth=10 dec=0 cand_cap=20 cand=31->20 pick(must/bucket/top/rand)=1/6/9/4 sims=1212 loop=1192 best_avg=-0.999266 best_move=0,5 leader=2 inc2=0 attack_w=0.25
DBG t=74 used=0.019 remain=0.493 turn_time=0.0189615 end_in=0.0189615 depth=11 dec=0 cand_cap=20 cand=25->20 pick(must/bucket/top/rand)=1/7/8/4 sims=1096 loop=1076 best_avg=-0.793849 best_move=4,6 leader=2 inc2=1 attack_w=0.25
DBG t=86 used=0.019 remain=0.265 turn_time=0.0189286 end_in=0.0189286 depth=11 dec=0 cand_cap=20 cand=27->20 pick(must/bucket/top/rand)=1/6/9/4 sims=1124 loop=1104 best_avg=-0.715209 best_move=1,5 leader=1 inc2=1 attack_w=0.25
DBG t=99 used=0.018 remain=0.018 turn_time=0.018 end_in=0.017 depth=0 dec=0 cand_cap=20 cand=25->20 pick(must/bucket/top/rand)=1/5/10/4 sims=19348 loop=19328 best_avg=-0.732629 best_move=4,7 leader=1 inc2=1 attack_w=0.25
DBG summary depth_safety_fired=0
Score = 127730
=== CASE 0089.txt ===
DBG hdr N=10 M=3 T=100 U=2 VMAX=1407 TIME_LIMIT=1.94 MAX_CAND=20 UCB_C=0.21
DBG t=0 used=0.02 remain=1.94 turn_time=0.0194 end_in=0.0194 depth=7 dec=0 cand_cap=20 cand=4->4 pick(must/bucket/top/rand)=1/2/1/0 sims=4592 loop=4588 best_avg=-1.72854 best_move=2,0 leader=1 inc2=1 attack_w=1
DBG t=12 used=0.02 remain=1.7 turn_time=0.0193182 end_in=0.0193182 depth=7 dec=0 cand_cap=20 cand=15->15 pick(must/bucket/top/rand)=1/4/10/0 sims=2747 loop=2732 best_avg=-1.45435 best_move=3,3 leader=1 inc2=1 attack_w=0.703803
DBG t=24 used=0.02 remain=1.46 turn_time=0.0192105 end_in=0.0192105 depth=7 dec=0 cand_cap=20 cand=27->20 pick(must/bucket/top/rand)=1/6/9/4 sims=2384 loop=2364 best_avg=-1.35076 best_move=4,3 leader=2 inc2=1 attack_w=0.25
DBG t=37 used=0.02 remain=1.2 turn_time=0.0190476 end_in=0.0190476 depth=10 dec=0 cand_cap=20 cand=6->6 pick(must/bucket/top/rand)=1/4/1/0 sims=1998 loop=1992 best_avg=-1.58435 best_move=6,6 leader=2 inc2=1 attack_w=0.960286
DBG t=49 used=0.019 remain=0.968 turn_time=0.0189804 end_in=0.0189804 depth=10 dec=0 cand_cap=20 cand=11->11 pick(must/bucket/top/rand)=1/5/5/0 sims=1707 loop=1696 best_avg=-1.34711 best_move=8,5 leader=1 inc2=1 attack_w=0.25
DBG t=61 used=0.019 remain=0.74 turn_time=0.0189744 end_in=0.0189744 depth=10 dec=0 cand_cap=20 cand=27->20 pick(must/bucket/top/rand)=1/8/7/4 sims=1448 loop=1428 best_avg=-1.02592 best_move=4,5 leader=1 inc2=1 attack_w=0.25
DBG t=74 used=0.019 remain=0.493 turn_time=0.0189615 end_in=0.0189615 depth=11 dec=0 cand_cap=20 cand=52->20 pick(must/bucket/top/rand)=1/8/7/4 sims=1056 loop=1036 best_avg=-1.10187 best_move=2,3 leader=2 inc2=1 attack_w=0.25
DBG t=86 used=0.019 remain=0.265 turn_time=0.0189286 end_in=0.0189286 depth=11 dec=0 cand_cap=20 cand=50->20 pick(must/bucket/top/rand)=1/8/7/4 sims=996 loop=976 best_avg=-1.42135 best_move=8,1 leader=2 inc2=1 attack_w=0.25
DBG t=99 used=0.018 remain=0.018 turn_time=0.018 end_in=0.017 depth=0 dec=0 cand_cap=20 cand=4->4 pick(must/bucket/top/rand)=1/3/0/0 sims=30972 loop=30968 best_avg=-1.27683 best_move=7,7 leader=2 inc2=1 attack_w=0.25
DBG summary depth_safety_fired=0
Score = 124779
=== CASE 0085.txt ===
DBG hdr N=10 M=2 T=100 U=4 VMAX=1553 TIME_LIMIT=1.94 MAX_CAND=20 UCB_C=0.21
DBG t=0 used=0.02 remain=1.94 turn_time=0.0194 end_in=0.0194 depth=7 dec=0 cand_cap=20 cand=5->5 pick(must/bucket/top/rand)=1/2/2/0 sims=5529 loop=5524 best_avg=-2.68688 best_move=4,8 leader=1 inc2=1 attack_w=0.15
DBG t=12 used=0.02 remain=1.7 turn_time=0.0193182 end_in=0.0193182 depth=7 dec=0 cand_cap=20 cand=11->11 pick(must/bucket/top/rand)=1/7/3/0 sims=4927 loop=4916 best_avg=-2.46641 best_move=3,9 leader=1 inc2=1 attack_w=0.25
DBG t=24 used=0.02 remain=1.46 turn_time=0.0192105 end_in=0.0192105 depth=7 dec=0 cand_cap=20 cand=24->20 pick(must/bucket/top/rand)=1/7/8/4 sims=3660 loop=3640 best_avg=-2.11712 best_move=5,8 leader=1 inc2=1 attack_w=0.25
DBG t=37 used=0.02 remain=1.2 turn_time=0.0190476 end_in=0.0190476 depth=10 dec=0 cand_cap=20 cand=36->20 pick(must/bucket/top/rand)=1/7/8/4 sims=2108 loop=2088 best_avg=-1.9931 best_move=6,7 leader=1 inc2=1 attack_w=0.25
DBG t=49 used=0.019 remain=0.968 turn_time=0.0189804 end_in=0.0189804 depth=10 dec=0 cand_cap=20 cand=54->20 pick(must/bucket/top/rand)=1/6/9/4 sims=1660 loop=1640 best_avg=-1.76774 best_move=8,1 leader=1 inc2=1 attack_w=0.25
DBG t=61 used=0.019 remain=0.74 turn_time=0.0189744 end_in=0.0189744 depth=10 dec=0 cand_cap=20 cand=67->20 pick(must/bucket/top/rand)=1/8/7/4 sims=1364 loop=1344 best_avg=-1.70209 best_move=5,4 leader=1 inc2=1 attack_w=0.25
DBG t=74 used=0.019 remain=0.493 turn_time=0.0189615 end_in=0.0189615 depth=11 dec=0 cand_cap=20 cand=93->20 pick(must/bucket/top/rand)=1/7/8/4 sims=1060 loop=1040 best_avg=-1.40917 best_move=6,2 leader=1 inc2=1 attack_w=0.25
DBG t=86 used=0.019 remain=0.265 turn_time=0.0189286 end_in=0.0189286 depth=11 dec=0 cand_cap=20 cand=92->20 pick(must/bucket/top/rand)=1/8/7/4 sims=1052 loop=1032 best_avg=-1.06279 best_move=1,0 leader=1 inc2=1 attack_w=0.25
DBG t=99 used=0.018 remain=0.018 turn_time=0.018 end_in=0.017 depth=0 dec=0 cand_cap=20 cand=3->3 pick(must/bucket/top/rand)=1/2/0/0 sims=47739 loop=47736 best_avg=-0.966063 best_move=1,0 leader=1 inc2=1 attack_w=0.25
DBG summary depth_safety_fired=0
Score = 285535
=== CASE 0084.txt ===
DBG hdr N=10 M=5 T=100 U=1 VMAX=1974 TIME_LIMIT=1.94 MAX_CAND=20 UCB_C=0.21
DBG t=0 used=0.02 remain=1.94 turn_time=0.0194 end_in=0.0194 depth=7 dec=0 cand_cap=20 cand=5->5 pick(must/bucket/top/rand)=1/2/2/0 sims=2825 loop=2820 best_avg=-0.905821 best_move=4,7 leader=3 inc2=1 attack_w=0.783143
DBG t=12 used=0.02 remain=1.7 turn_time=0.0193182 end_in=0.0193182 depth=7 dec=0 cand_cap=20 cand=7->7 pick(must/bucket/top/rand)=1/4/2/0 sims=2163 loop=2156 best_avg=-1.35271 best_move=7,7 leader=3 inc2=0 attack_w=1
DBG t=24 used=0.02 remain=1.46 turn_time=0.0192105 end_in=0.0192105 depth=7 dec=0 cand_cap=20 cand=23->20 pick(must/bucket/top/rand)=1/6/9/4 sims=1972 loop=1952 best_avg=-0.482826 best_move=7,5 leader=1 inc2=1 attack_w=0.303994
DBG t=37 used=0.02 remain=1.2 turn_time=0.0190476 end_in=0.0190476 depth=10 dec=0 cand_cap=20 cand=39->20 pick(must/bucket/top/rand)=1/5/10/4 sims=1212 loop=1192 best_avg=0.0932191 best_move=6,5 leader=1 inc2=0 attack_w=0.25
DBG t=49 used=0.019 remain=0.968 turn_time=0.0189804 end_in=0.0189804 depth=10 dec=0 cand_cap=20 cand=16->16 pick(must/bucket/top/rand)=1/3/12/0 sims=1200 loop=1184 best_avg=0.327543 best_move=1,7 leader=4 inc2=0 attack_w=0.25
DBG t=61 used=0.019 remain=0.74 turn_time=0.0189744 end_in=0.0189744 depth=10 dec=0 cand_cap=20 cand=62->20 pick(must/bucket/top/rand)=1/6/9/4 sims=1012 loop=992 best_avg=0.0237098 best_move=4,7 leader=4 inc2=0 attack_w=0.25
DBG t=74 used=0.019 remain=0.493 turn_time=0.0189615 end_in=0.0189615 depth=11 dec=0 cand_cap=20 cand=75->20 pick(must/bucket/top/rand)=1/6/9/4 sims=820 loop=800 best_avg=0.515897 best_move=5,4 leader=4 inc2=0 attack_w=0.25
DBG t=86 used=0.019 remain=0.265 turn_time=0.0189286 end_in=0.0189286 depth=11 dec=0 cand_cap=20 cand=54->20 pick(must/bucket/top/rand)=1/6/9/4 sims=832 loop=812 best_avg=0.604174 best_move=0,5 leader=4 inc2=0 attack_w=0.25
DBG t=99 used=0.018 remain=0.018 turn_time=0.018 end_in=0.017 depth=0 dec=0 cand_cap=20 cand=44->20 pick(must/bucket/top/rand)=1/2/13/4 sims=28120 loop=28100 best_avg=0.817863 best_move=5,6 leader=1 inc2=0 attack_w=0.25
DBG summary depth_safety_fired=0
Score = 230654
=== CASE 0086.txt ===
DBG hdr N=10 M=8 T=100 U=5 VMAX=4599 TIME_LIMIT=1.94 MAX_CAND=20 UCB_C=0.21
DBG t=0 used=0.02 remain=1.94 turn_time=0.0194 end_in=0.0194 depth=7 dec=0 cand_cap=20 cand=5->5 pick(must/bucket/top/rand)=1/2/2/0 sims=2321 loop=2316 best_avg=-1.82699 best_move=9,6 leader=2 inc2=1 attack_w=1
DBG t=12 used=0.02 remain=1.7 turn_time=0.0193182 end_in=0.0193182 depth=7 dec=0 cand_cap=20 cand=11->11 pick(must/bucket/top/rand)=1/2/8/0 sims=1607 loop=1596 best_avg=-1.73714 best_move=8,5 leader=2 inc2=1 attack_w=1
DBG t=24 used=0.02 remain=1.46 turn_time=0.0192105 end_in=0.0192105 depth=7 dec=0 cand_cap=20 cand=22->20 pick(must/bucket/top/rand)=1/4/11/4 sims=1560 loop=1540 best_avg=-1.08738 best_move=8,8 leader=2 inc2=1 attack_w=1
DBG t=37 used=0.02 remain=1.2 turn_time=0.0190476 end_in=0.0190476 depth=10 dec=0 cand_cap=20 cand=18->18 pick(must/bucket/top/rand)=1/4/11/2 sims=1130 loop=1112 best_avg=-1.34289 best_move=8,6 leader=2 inc2=1 attack_w=1
DBG t=49 used=0.019 remain=0.968 turn_time=0.0189804 end_in=0.0189804 depth=10 dec=0 cand_cap=20 cand=19->19 pick(must/bucket/top/rand)=1/2/13/3 sims=947 loop=928 best_avg=-1.28338 best_move=8,7 leader=2 inc2=1 attack_w=1
DBG t=61 used=0.019 remain=0.74 turn_time=0.0189744 end_in=0.0189744 depth=10 dec=0 cand_cap=20 cand=20->20 pick(must/bucket/top/rand)=1/3/12/4 sims=1080 loop=1060 best_avg=-1.34983 best_move=8,6 leader=2 inc2=1 attack_w=1
DBG t=74 used=0.019 remain=0.493 turn_time=0.0189615 end_in=0.0189615 depth=11 dec=0 cand_cap=20 cand=22->20 pick(must/bucket/top/rand)=1/2/13/4 sims=1028 loop=1008 best_avg=-1.13394 best_move=9,7 leader=2 inc2=1 attack_w=1
DBG t=86 used=0.019 remain=0.265 turn_time=0.0189286 end_in=0.0189286 depth=11 dec=0 cand_cap=20 cand=28->20 pick(must/bucket/top/rand)=1/4/11/4 sims=924 loop=904 best_avg=-1.10232 best_move=4,5 leader=2 inc2=1 attack_w=1
DBG t=99 used=0.018 remain=0.018 turn_time=0.018 end_in=0.017 depth=0 dec=0 cand_cap=20 cand=23->20 pick(must/bucket/top/rand)=1/4/11/4 sims=16752 loop=16732 best_avg=-1.00833 best_move=7,8 leader=2 inc2=1 attack_w=1
DBG summary depth_safety_fired=0
Score = 67017
=== CASE 0090.txt ===
DBG hdr N=10 M=7 T=100 U=5 VMAX=1976 TIME_LIMIT=1.94 MAX_CAND=20 UCB_C=0.21
DBG t=0 used=0.02 remain=1.94 turn_time=0.0194 end_in=0.0194 depth=7 dec=0 cand_cap=20 cand=5->5 pick(must/bucket/top/rand)=1/2/2/0 sims=2353 loop=2348 best_avg=-0.80654 best_move=6,1 leader=5 inc2=1 attack_w=1
DBG t=12 used=0.02 remain=1.7 turn_time=0.0193182 end_in=0.0193182 depth=7 dec=0 cand_cap=20 cand=7->7 pick(must/bucket/top/rand)=1/3/3/0 sims=2223 loop=2216 best_avg=-0.295558 best_move=3,0 leader=2 inc2=1 attack_w=0.4743
DBG t=24 used=0.02 remain=1.46 turn_time=0.0192105 end_in=0.0192105 depth=7 dec=0 cand_cap=20 cand=16->16 pick(must/bucket/top/rand)=1/5/10/0 sims=2032 loop=2016 best_avg=-0.350766 best_move=2,0 leader=4 inc2=1 attack_w=0.25
DBG t=37 used=0.02 remain=1.2 turn_time=0.0190476 end_in=0.0190476 depth=10 dec=0 cand_cap=20 cand=19->19 pick(must/bucket/top/rand)=1/5/10/3 sims=1359 loop=1340 best_avg=-0.274327 best_move=4,1 leader=4 inc2=1 attack_w=0.25
DBG t=49 used=0.019 remain=0.964 turn_time=0.018902 end_in=0.018902 depth=10 dec=0 cand_cap=20 cand=27->20 pick(must/bucket/top/rand)=1/4/11/4 sims=1160 loop=1140 best_avg=-0.278209 best_move=4,3 leader=6 inc2=1 attack_w=0.25
DBG t=61 used=0.019 remain=0.736 turn_time=0.0188718 end_in=0.0188718 depth=10 dec=0 cand_cap=20 cand=30->20 pick(must/bucket/top/rand)=1/5/10/4 sims=1116 loop=1096 best_avg=-0.232173 best_move=2,1 leader=6 inc2=1 attack_w=0.25
DBG t=74 used=0.019 remain=0.489 turn_time=0.0188077 end_in=0.0188077 depth=11 dec=0 cand_cap=20 cand=33->20 pick(must/bucket/top/rand)=1/6/9/4 sims=976 loop=956 best_avg=-0.253578 best_move=2,1 leader=6 inc2=1 attack_w=0.25
DBG t=86 used=0.019 remain=0.261 turn_time=0.0186429 end_in=0.0186429 depth=11 dec=0 cand_cap=20 cand=34->20 pick(must/bucket/top/rand)=1/6/9/4 sims=1000 loop=980 best_avg=-0.155157 best_move=2,1 leader=6 inc2=1 attack_w=0.25
DBG t=99 used=0.017 remain=0.017 turn_time=0.017 end_in=0.016 depth=0 dec=1 cand_cap=20 cand=40->20 pick(must/bucket/top/rand)=1/8/7/4 sims=19920 loop=19900 best_avg=-0.0354556 best_move=5,5 leader=6 inc2=1 attack_w=0.25
DBG summary depth_safety_fired=5
Score = 141291
=== CASE 0092.txt ===
DBG hdr N=10 M=5 T=100 U=2 VMAX=1591 TIME_LIMIT=1.94 MAX_CAND=20 UCB_C=0.21
DBG t=0 used=0.02 remain=1.94 turn_time=0.0194 end_in=0.0194 depth=7 dec=0 cand_cap=20 cand=4->4 pick(must/bucket/top/rand)=1/2/1/0 sims=3416 loop=3412 best_avg=-0.968506 best_move=0,4 leader=1 inc2=1 attack_w=1
DBG t=12 used=0.02 remain=1.7 turn_time=0.0193182 end_in=0.0193182 depth=7 dec=0 cand_cap=20 cand=18->18 pick(must/bucket/top/rand)=1/2/13/2 sims=2178 loop=2160 best_avg=-0.668881 best_move=1,7 leader=3 inc2=1 attack_w=0.25
DBG t=24 used=0.02 remain=1.46 turn_time=0.0192105 end_in=0.0192105 depth=7 dec=0 cand_cap=20 cand=32->20 pick(must/bucket/top/rand)=1/5/10/4 sims=1784 loop=1764 best_avg=-0.255486 best_move=5,4 leader=3 inc2=1 attack_w=0.25
DBG t=37 used=0.02 remain=1.2 turn_time=0.0190476 end_in=0.0190476 depth=10 dec=0 cand_cap=20 cand=43->20 pick(must/bucket/top/rand)=1/6/9/4 sims=1060 loop=1040 best_avg=-0.115732 best_move=4,4 leader=3 inc2=0 attack_w=0.25
DBG t=49 used=0.019 remain=0.964 turn_time=0.018902 end_in=0.018902 depth=10 dec=0 cand_cap=20 cand=49->20 pick(must/bucket/top/rand)=1/6/9/4 sims=956 loop=936 best_avg=0.0757739 best_move=4,1 leader=3 inc2=1 attack_w=0.25
DBG t=61 used=0.019 remain=0.736 turn_time=0.0188718 end_in=0.0188718 depth=10 dec=0 cand_cap=20 cand=57->20 pick(must/bucket/top/rand)=1/7/8/4 sims=992 loop=972 best_avg=0.211605 best_move=4,5 leader=3 inc2=1 attack_w=0.25
DBG t=74 used=0.019 remain=0.489 turn_time=0.0188077 end_in=0.0188077 depth=11 dec=0 cand_cap=20 cand=60->20 pick(must/bucket/top/rand)=1/8/7/4 sims=800 loop=780 best_avg=0.0899174 best_move=6,3 leader=2 inc2=1 attack_w=0.25
DBG t=86 used=0.019 remain=0.261 turn_time=0.0186429 end_in=0.0186429 depth=11 dec=0 cand_cap=20 cand=60->20 pick(must/bucket/top/rand)=1/6/9/4 sims=824 loop=804 best_avg=0.152935 best_move=0,9 leader=4 inc2=1 attack_w=0.25
DBG t=99 used=0.017 remain=0.017 turn_time=0.017 end_in=0.016 depth=0 dec=1 cand_cap=20 cand=9->9 pick(must/bucket/top/rand)=1/4/4/0 sims=25237 loop=25228 best_avg=0.347872 best_move=5,9 leader=4 inc2=1 attack_w=0.25
DBG summary depth_safety_fired=6
Score = 197667
=== CASE 0091.txt ===
DBG hdr N=10 M=3 T=100 U=2 VMAX=1676 TIME_LIMIT=1.94 MAX_CAND=20 UCB_C=0.21
DBG t=0 used=0.02 remain=1.94 turn_time=0.0194 end_in=0.0194 depth=7 dec=0 cand_cap=20 cand=4->4 pick(must/bucket/top/rand)=1/2/1/0 sims=4476 loop=4472 best_avg=-1.48272 best_move=0,4 leader=2 inc2=1 attack_w=0.643448
DBG t=12 used=0.02 remain=1.7 turn_time=0.0193182 end_in=0.0193182 depth=7 dec=0 cand_cap=20 cand=23->20 pick(must/bucket/top/rand)=1/6/9/4 sims=2768 loop=2748 best_avg=-0.998344 best_move=4,8 leader=2 inc2=1 attack_w=0.25
DBG t=24 used=0.02 remain=1.46 turn_time=0.0192105 end_in=0.0192105 depth=7 dec=0 cand_cap=20 cand=34->20 pick(must/bucket/top/rand)=1/8/7/4 sims=2000 loop=1980 best_avg=-0.979266 best_move=5,8 leader=1 inc2=1 attack_w=0.25
DBG t=37 used=0.02 remain=1.2 turn_time=0.0190476 end_in=0.0190476 depth=10 dec=0 cand_cap=20 cand=42->20 pick(must/bucket/top/rand)=1/8/7/4 sims=1188 loop=1168 best_avg=-1.10331 best_move=1,6 leader=1 inc2=1 attack_w=0.25
DBG t=49 used=0.019 remain=0.964 turn_time=0.018902 end_in=0.018902 depth=10 dec=0 cand_cap=20 cand=48->20 pick(must/bucket/top/rand)=1/8/7/4 sims=1100 loop=1080 best_avg=-1.04472 best_move=8,8 leader=1 inc2=1 attack_w=0.25
DBG t=61 used=0.019 remain=0.736 turn_time=0.0188718 end_in=0.0188718 depth=10 dec=0 cand_cap=20 cand=52->20 pick(must/bucket/top/rand)=1/8/7/4 sims=992 loop=972 best_avg=-1.08479 best_move=5,9 leader=1 inc2=1 attack_w=0.25
DBG t=74 used=0.019 remain=0.489 turn_time=0.0188077 end_in=0.0188077 depth=11 dec=0 cand_cap=20 cand=50->20 pick(must/bucket/top/rand)=1/8/7/4 sims=972 loop=952 best_avg=-1.12085 best_move=6,4 leader=1 inc2=1 attack_w=0.25
DBG t=86 used=0.019 remain=0.261 turn_time=0.0186429 end_in=0.0186429 depth=11 dec=0 cand_cap=20 cand=49->20 pick(must/bucket/top/rand)=1/8/7/4 sims=936 loop=916 best_avg=-1.24849 best_move=7,6 leader=1 inc2=1 attack_w=0.25
DBG t=99 used=0.017 remain=0.017 turn_time=0.017 end_in=0.016 depth=0 dec=1 cand_cap=20 cand=53->20 pick(must/bucket/top/rand)=1/8/7/4 sims=27116 loop=27096 best_avg=-1.2101 best_move=3,7 leader=1 inc2=1 attack_w=0.25
DBG summary depth_safety_fired=6
Score = 129291
=== CASE 0093.txt ===
DBG hdr N=10 M=8 T=100 U=3 VMAX=1791 TIME_LIMIT=1.94 MAX_CAND=20 UCB_C=0.21
DBG t=0 used=0.02 remain=1.94 turn_time=0.0194 end_in=0.0194 depth=7 dec=0 cand_cap=20 cand=4->4 pick(must/bucket/top/rand)=1/2/1/0 sims=2100 loop=2096 best_avg=-0.675898 best_move=0,6 leader=2 inc2=1 attack_w=1
DBG t=12 used=0.02 remain=1.7 turn_time=0.0193182 end_in=0.0193182 depth=7 dec=0 cand_cap=20 cand=14->14 pick(must/bucket/top/rand)=1/7/6/0 sims=1522 loop=1508 best_avg=-0.332599 best_move=1,3 leader=7 inc2=1 attack_w=0.632978
DBG t=24 used=0.02 remain=1.46 turn_time=0.0192105 end_in=0.0192105 depth=7 dec=0 cand_cap=20 cand=17->17 pick(must/bucket/top/rand)=1/8/7/1 sims=1561 loop=1544 best_avg=-0.274284 best_move=1,2 leader=1 inc2=1 attack_w=0.454772
DBG t=37 used=0.02 remain=1.2 turn_time=0.0190476 end_in=0.0190476 depth=10 dec=0 cand_cap=20 cand=23->20 pick(must/bucket/top/rand)=1/7/8/4 sims=1012 loop=992 best_avg=-0.229535 best_move=0,3 leader=1 inc2=1 attack_w=0.25
DBG t=49 used=0.019 remain=0.964 turn_time=0.018902 end_in=0.018902 depth=10 dec=0 cand_cap=20 cand=6->6 pick(must/bucket/top/rand)=1/1/4/0 sims=974 loop=968 best_avg=-0.355881 best_move=0,3 leader=1 inc2=1 attack_w=0.25
DBG t=61 used=0.019 remain=0.736 turn_time=0.0188718 end_in=0.0188718 depth=10 dec=0 cand_cap=20 cand=22->20 pick(must/bucket/top/rand)=1/6/9/4 sims=1040 loop=1020 best_avg=-0.208513 best_move=3,6 leader=5 inc2=1 attack_w=0.25
DBG t=74 used=0.019 remain=0.489 turn_time=0.0188077 end_in=0.0188077 depth=11 dec=0 cand_cap=20 cand=28->20 pick(must/bucket/top/rand)=1/7/8/4 sims=916 loop=896 best_avg=-0.0780466 best_move=1,3 leader=1 inc2=1 attack_w=0.25
DBG t=86 used=0.019 remain=0.261 turn_time=0.0186429 end_in=0.0186429 depth=11 dec=0 cand_cap=20 cand=29->20 pick(must/bucket/top/rand)=1/8/7/4 sims=928 loop=908 best_avg=3.01308e-05 best_move=0,4 leader=1 inc2=1 attack_w=0.25
DBG t=99 used=0.017 remain=0.017 turn_time=0.017 end_in=0.016 depth=0 dec=1 cand_cap=20 cand=25->20 pick(must/bucket/top/rand)=1/6/9/4 sims=20900 loop=20880 best_avg=-0.0142548 best_move=1,7 leader=5 inc2=1 attack_w=0.25
DBG summary depth_safety_fired=5
Score = 136135
=== CASE 0094.txt ===
DBG hdr N=10 M=2 T=100 U=4 VMAX=1645 TIME_LIMIT=1.94 MAX_CAND=20 UCB_C=0.21
DBG t=0 used=0.02 remain=1.94 turn_time=0.0194 end_in=0.0194 depth=7 dec=0 cand_cap=20 cand=5->5 pick(must/bucket/top/rand)=1/2/2/0 sims=5841 loop=5836 best_avg=-2.82107 best_move=4,4 leader=1 inc2=1 attack_w=0.269917
DBG t=12 used=0.02 remain=1.7 turn_time=0.0193182 end_in=0.0193182 depth=7 dec=0 cand_cap=20 cand=14->14 pick(must/bucket/top/rand)=1/2/11/0 sims=4230 loop=4216 best_avg=-2.93203 best_move=3,7 leader=1 inc2=1 attack_w=0.25
DBG t=24 used=0.02 remain=1.46 turn_time=0.0192105 end_in=0.0192105 depth=7 dec=0 cand_cap=20 cand=22->20 pick(must/bucket/top/rand)=1/2/13/4 sims=3824 loop=3804 best_avg=-3.05547 best_move=2,7 leader=1 inc2=1 attack_w=0.25
DBG t=37 used=0.02 remain=1.2 turn_time=0.0190476 end_in=0.0190476 depth=10 dec=0 cand_cap=20 cand=25->20 pick(must/bucket/top/rand)=1/2/13/4 sims=2224 loop=2204 best_avg=-3.18591 best_move=3,8 leader=1 inc2=1 attack_w=0.25
DBG t=49 used=0.019 remain=0.964 turn_time=0.018902 end_in=0.018902 depth=10 dec=0 cand_cap=20 cand=40->20 pick(must/bucket/top/rand)=1/5/10/4 sims=1712 loop=1692 best_avg=-3.14141 best_move=0,8 leader=1 inc2=1 attack_w=0.25
DBG t=61 used=0.019 remain=0.736 turn_time=0.0188718 end_in=0.0188718 depth=10 dec=0 cand_cap=20 cand=48->20 pick(must/bucket/top/rand)=1/6/9/4 sims=1628 loop=1608 best_avg=-3.13889 best_move=5,8 leader=1 inc2=1 attack_w=0.25
DBG t=74 used=0.019 remain=0.489 turn_time=0.0188077 end_in=0.0188077 depth=11 dec=0 cand_cap=20 cand=48->20 pick(must/bucket/top/rand)=1/6/9/4 sims=1488 loop=1468 best_avg=-3.12635 best_move=5,9 leader=1 inc2=1 attack_w=0.25
DBG t=86 used=0.019 remain=0.261 turn_time=0.0186429 end_in=0.0186429 depth=11 dec=0 cand_cap=20 cand=49->20 pick(must/bucket/top/rand)=1/6/9/4 sims=1540 loop=1520 best_avg=-3.08947 best_move=7,5 leader=1 inc2=1 attack_w=0.25
DBG t=99 used=0.017 remain=0.017 turn_time=0.017 end_in=0.016 depth=0 dec=1 cand_cap=20 cand=52->20 pick(must/bucket/top/rand)=1/6/9/4 sims=40808 loop=40788 best_avg=-2.8816 best_move=6,8 leader=1 inc2=1 attack_w=0.25
DBG summary depth_safety_fired=5
Score = 132996
=== CASE 0095.txt ===
DBG hdr N=10 M=3 T=100 U=3 VMAX=2391 TIME_LIMIT=1.94 MAX_CAND=20 UCB_C=0.21
DBG t=0 used=0.02 remain=1.94 turn_time=0.0194 end_in=0.0194 depth=7 dec=0 cand_cap=20 cand=4->4 pick(must/bucket/top/rand)=1/2/1/0 sims=4360 loop=4356 best_avg=-0.896555 best_move=8,3 leader=2 inc2=1 attack_w=0.15
DBG t=12 used=0.02 remain=1.7 turn_time=0.0193182 end_in=0.0193182 depth=7 dec=0 cand_cap=20 cand=14->14 pick(must/bucket/top/rand)=1/5/8/0 sims=3930 loop=3916 best_avg=-1.06077 best_move=6,2 leader=1 inc2=1 attack_w=0.25
DBG t=24 used=0.02 remain=1.46 turn_time=0.0192105 end_in=0.0192105 depth=7 dec=0 cand_cap=20 cand=17->17 pick(must/bucket/top/rand)=1/6/9/1 sims=3777 loop=3760 best_avg=-1.04517 best_move=6,3 leader=1 inc2=1 attack_w=0.25
DBG t=37 used=0.02 remain=1.2 turn_time=0.0190476 end_in=0.0190476 depth=10 dec=0 cand_cap=20 cand=17->17 pick(must/bucket/top/rand)=1/6/9/1 sims=2621 loop=2604 best_avg=-1.13881 best_move=9,4 leader=1 inc2=1 attack_w=0.25
DBG t=49 used=0.019 remain=0.963 turn_time=0.0188824 end_in=0.0188824 depth=10 dec=0 cand_cap=20 cand=19->19 pick(must/bucket/top/rand)=1/6/9/3 sims=2415 loop=2396 best_avg=-1.20626 best_move=6,1 leader=2 inc2=1 attack_w=0.25
DBG t=61 used=0.019 remain=0.735 turn_time=0.0188462 end_in=0.0188462 depth=10 dec=0 cand_cap=20 cand=19->19 pick(must/bucket/top/rand)=1/8/7/3 sims=2691 loop=2672 best_avg=-1.19568 best_move=9,5 leader=2 inc2=1 attack_w=0.25
DBG t=74 used=0.019 remain=0.488 turn_time=0.0187692 end_in=0.0187692 depth=11 dec=0 cand_cap=20 cand=24->20 pick(must/bucket/top/rand)=1/6/9/4 sims=2100 loop=2080 best_avg=-1.13163 best_move=9,3 leader=2 inc2=1 attack_w=0.25
DBG t=86 used=0.019 remain=0.26 turn_time=0.0185714 end_in=0.0185714 depth=11 dec=0 cand_cap=20 cand=26->20 pick(must/bucket/top/rand)=1/6/9/4 sims=2040 loop=2020 best_avg=-1.18878 best_move=5,1 leader=1 inc2=1 attack_w=0.25
DBG t=99 used=0.017 remain=0.017 turn_time=0.017 end_in=0.016 depth=0 dec=1 cand_cap=20 cand=28->20 pick(must/bucket/top/rand)=1/6/9/4 sims=37568 loop=37548 best_avg=-1.18483 best_move=7,0 leader=2 inc2=1 attack_w=0.25
DBG summary depth_safety_fired=7
Score = 133424
=== CASE 0096.txt ===
DBG hdr N=10 M=4 T=100 U=3 VMAX=1888 TIME_LIMIT=1.94 MAX_CAND=20 UCB_C=0.21
DBG t=0 used=0.02 remain=1.94 turn_time=0.0194 end_in=0.0194 depth=7 dec=0 cand_cap=20 cand=5->5 pick(must/bucket/top/rand)=1/2/2/0 sims=3677 loop=3672 best_avg=-0.966307 best_move=5,1 leader=1 inc2=1 attack_w=1
DBG t=12 used=0.02 remain=1.7 turn_time=0.0193182 end_in=0.0193182 depth=7 dec=0 cand_cap=20 cand=17->17 pick(must/bucket/top/rand)=1/5/10/1 sims=2873 loop=2856 best_avg=-0.696039 best_move=8,3 leader=3 inc2=0 attack_w=0.25
DBG t=24 used=0.02 remain=1.46 turn_time=0.0192105 end_in=0.0192105 depth=7 dec=0 cand_cap=20 cand=4->4 pick(must/bucket/top/rand)=1/3/0/0 sims=2300 loop=2296 best_avg=-0.4218 best_move=7,4 leader=3 inc2=0 attack_w=0.25
DBG t=37 used=0.02 remain=1.2 turn_time=0.0190476 end_in=0.0190476 depth=10 dec=0 cand_cap=20 cand=17->17 pick(must/bucket/top/rand)=1/8/7/1 sims=1313 loop=1296 best_avg=-0.506431 best_move=8,3 leader=3 inc2=1 attack_w=0.25
DBG t=49 used=0.019 remain=0.968 turn_time=0.0189804 end_in=0.0189804 depth=10 dec=0 cand_cap=20 cand=40->20 pick(must/bucket/top/rand)=1/7/8/4 sims=1140 loop=1120 best_avg=-0.57175 best_move=8,3 leader=3 inc2=1 attack_w=0.25
DBG t=61 used=0.019 remain=0.74 turn_time=0.0189744 end_in=0.0189744 depth=10 dec=0 cand_cap=20 cand=42->20 pick(must/bucket/top/rand)=1/8/7/4 sims=1104 loop=1084 best_avg=-0.66615 best_move=2,5 leader=3 inc2=1 attack_w=0.25
DBG t=74 used=0.019 remain=0.493 turn_time=0.0189615 end_in=0.0189615 depth=11 dec=0 cand_cap=20 cand=51->20 pick(must/bucket/top/rand)=1/8/7/4 sims=964 loop=944 best_avg=-0.773712 best_move=5,7 leader=2 inc2=1 attack_w=0.25
DBG t=86 used=0.019 remain=0.265 turn_time=0.0189286 end_in=0.0189286 depth=11 dec=0 cand_cap=20 cand=50->20 pick(must/bucket/top/rand)=1/8/7/4 sims=908 loop=888 best_avg=-0.931283 best_move=8,4 leader=2 inc2=1 attack_w=0.25
DBG t=99 used=0.018 remain=0.018 turn_time=0.018 end_in=0.017 depth=0 dec=0 cand_cap=20 cand=50->20 pick(must/bucket/top/rand)=1/8/7/4 sims=21488 loop=21468 best_avg=-0.773752 best_move=3,8 leader=2 inc2=1 attack_w=0.25
DBG summary depth_safety_fired=0
Score = 124488
=== CASE 0097.txt ===
DBG hdr N=10 M=7 T=100 U=5 VMAX=1552 TIME_LIMIT=1.94 MAX_CAND=20 UCB_C=0.21
DBG t=0 used=0.02 remain=1.94 turn_time=0.0194 end_in=0.0194 depth=7 dec=0 cand_cap=20 cand=4->4 pick(must/bucket/top/rand)=1/2/1/0 sims=2776 loop=2772 best_avg=-0.799309 best_move=8,4 leader=5 inc2=1 attack_w=1
DBG t=12 used=0.02 remain=1.7 turn_time=0.0193182 end_in=0.0193182 depth=7 dec=0 cand_cap=20 cand=12->12 pick(must/bucket/top/rand)=1/4/7/0 sims=1976 loop=1964 best_avg=-0.568441 best_move=7,4 leader=5 inc2=1 attack_w=0.886136
DBG t=24 used=0.02 remain=1.46 turn_time=0.0192105 end_in=0.0192105 depth=7 dec=0 cand_cap=20 cand=21->20 pick(must/bucket/top/rand)=1/7/8/4 sims=1948 loop=1928 best_avg=-0.426631 best_move=5,4 leader=6 inc2=1 attack_w=0.265409
DBG t=37 used=0.02 remain=1.2 turn_time=0.0190476 end_in=0.0190476 depth=10 dec=0 cand_cap=20 cand=28->20 pick(must/bucket/top/rand)=1/4/11/4 sims=1308 loop=1288 best_avg=-0.416427 best_move=4,5 leader=6 inc2=1 attack_w=0.25
DBG t=49 used=0.019 remain=0.968 turn_time=0.0189804 end_in=0.0189804 depth=10 dec=0 cand_cap=20 cand=32->20 pick(must/bucket/top/rand)=1/4/11/4 sims=1116 loop=1096 best_avg=-0.347314 best_move=5,3 leader=6 inc2=1 attack_w=0.25
DBG t=61 used=0.019 remain=0.74 turn_time=0.0189744 end_in=0.0189744 depth=10 dec=0 cand_cap=20 cand=37->20 pick(must/bucket/top/rand)=1/7/8/4 sims=1040 loop=1020 best_avg=-0.0534308 best_move=5,1 leader=6 inc2=1 attack_w=0.25
DBG t=74 used=0.019 remain=0.493 turn_time=0.0189615 end_in=0.0189615 depth=11 dec=0 cand_cap=20 cand=39->20 pick(must/bucket/top/rand)=1/6/9/4 sims=940 loop=920 best_avg=-0.0783808 best_move=6,1 leader=6 inc2=1 attack_w=0.25
DBG t=86 used=0.019 remain=0.265 turn_time=0.0189286 end_in=0.0189286 depth=11 dec=0 cand_cap=20 cand=40->20 pick(must/bucket/top/rand)=1/6/9/4 sims=1016 loop=996 best_avg=-0.179033 best_move=5,3 leader=6 inc2=1 attack_w=0.25
DBG t=99 used=0.018 remain=0.018 turn_time=0.018 end_in=0.017 depth=0 dec=0 cand_cap=20 cand=36->20 pick(must/bucket/top/rand)=1/6/9/4 sims=20500 loop=20480 best_avg=-0.123628 best_move=6,1 leader=6 inc2=1 attack_w=0.25
DBG summary depth_safety_fired=0
Score = 129730
=== CASE 0099.txt ===
DBG hdr N=10 M=5 T=100 U=3 VMAX=2063 TIME_LIMIT=1.94 MAX_CAND=20 UCB_C=0.21
DBG t=0 used=0.02 remain=1.94 turn_time=0.0194 end_in=0.0194 depth=7 dec=0 cand_cap=20 cand=5->5 pick(must/bucket/top/rand)=1/2/2/0 sims=3633 loop=3628 best_avg=-0.811761 best_move=6,4 leader=2 inc2=1 attack_w=0.15
DBG t=12 used=0.02 remain=1.7 turn_time=0.0193182 end_in=0.0193182 depth=7 dec=0 cand_cap=20 cand=14->14 pick(must/bucket/top/rand)=1/6/7/0 sims=2342 loop=2328 best_avg=-0.734907 best_move=5,3 leader=2 inc2=1 attack_w=0.25
DBG t=24 used=0.02 remain=1.46 turn_time=0.0192105 end_in=0.0192105 depth=7 dec=0 cand_cap=20 cand=19->19 pick(must/bucket/top/rand)=1/7/8/3 sims=2171 loop=2152 best_avg=-0.812751 best_move=4,3 leader=1 inc2=1 attack_w=0.313925
DBG t=37 used=0.02 remain=1.2 turn_time=0.0190476 end_in=0.0190476 depth=10 dec=0 cand_cap=20 cand=26->20 pick(must/bucket/top/rand)=1/7/8/4 sims=1284 loop=1264 best_avg=-0.721333 best_move=4,5 leader=3 inc2=1 attack_w=0.25
DBG t=49 used=0.019 remain=0.968 turn_time=0.0189804 end_in=0.0189804 depth=10 dec=0 cand_cap=20 cand=23->20 pick(must/bucket/top/rand)=1/8/7/4 sims=1236 loop=1216 best_avg=-0.623863 best_move=5,6 leader=3 inc2=1 attack_w=0.25
DBG t=61 used=0.019 remain=0.74 turn_time=0.0189744 end_in=0.0189744 depth=10 dec=0 cand_cap=20 cand=26->20 pick(must/bucket/top/rand)=1/8/7/4 sims=1084 loop=1064 best_avg=-0.297672 best_move=4,6 leader=3 inc2=1 attack_w=0.25
DBG t=74 used=0.019 remain=0.493 turn_time=0.0189615 end_in=0.0189615 depth=11 dec=0 cand_cap=20 cand=22->20 pick(must/bucket/top/rand)=1/7/8/4 sims=1028 loop=1008 best_avg=-0.801031 best_move=1,2 leader=3 inc2=1 attack_w=0.25
DBG t=86 used=0.019 remain=0.265 turn_time=0.0189286 end_in=0.0189286 depth=11 dec=0 cand_cap=20 cand=27->20 pick(must/bucket/top/rand)=1/6/9/4 sims=984 loop=964 best_avg=-0.834975 best_move=1,1 leader=4 inc2=1 attack_w=0.514442
DBG t=99 used=0.018 remain=0.018 turn_time=0.018 end_in=0.017 depth=0 dec=0 cand_cap=20 cand=28->20 pick(must/bucket/top/rand)=1/5/10/4 sims=18600 loop=18580 best_avg=-0.643658 best_move=1,4 leader=3 inc2=1 attack_w=0.25
DBG summary depth_safety_fired=0
Score = 111580
=== CASE 0098.txt ===
DBG hdr N=10 M=2 T=100 U=1 VMAX=2363 TIME_LIMIT=1.94 MAX_CAND=20 UCB_C=0.21
DBG t=0 used=0.02 remain=1.94 turn_time=0.0194 end_in=0.0194 depth=7 dec=0 cand_cap=20 cand=5->5 pick(must/bucket/top/rand)=1/2/2/0 sims=5489 loop=5484 best_avg=-2.65792 best_move=8,3 leader=1 inc2=1 attack_w=0.15
DBG t=12 used=0.02 remain=1.7 turn_time=0.0193182 end_in=0.0193182 depth=7 dec=0 cand_cap=20 cand=28->20 pick(must/bucket/top/rand)=1/2/13/4 sims=3072 loop=3052 best_avg=-2.36534 best_move=7,8 leader=1 inc2=1 attack_w=0.25
DBG t=24 used=0.02 remain=1.46 turn_time=0.0192105 end_in=0.0192105 depth=7 dec=0 cand_cap=20 cand=43->20 pick(must/bucket/top/rand)=1/5/10/4 sims=3008 loop=2988 best_avg=-2.62308 best_move=2,4 leader=1 inc2=1 attack_w=0.25
DBG t=37 used=0.02 remain=1.2 turn_time=0.0190476 end_in=0.0190476 depth=10 dec=0 cand_cap=20 cand=38->20 pick(must/bucket/top/rand)=1/6/9/4 sims=1712 loop=1692 best_avg=-2.46121 best_move=8,7 leader=1 inc2=1 attack_w=0.25
DBG t=49 used=0.019 remain=0.968 turn_time=0.0189804 end_in=0.0189804 depth=10 dec=0 cand_cap=20 cand=63->20 pick(must/bucket/top/rand)=1/6/9/4 sims=1552 loop=1532 best_avg=-2.33522 best_move=7,7 leader=1 inc2=1 attack_w=0.25
DBG t=61 used=0.019 remain=0.74 turn_time=0.0189744 end_in=0.0189744 depth=10 dec=0 cand_cap=20 cand=61->20 pick(must/bucket/top/rand)=1/4/11/4 sims=1532 loop=1512 best_avg=-2.38688 best_move=0,2 leader=1 inc2=1 attack_w=0.25
DBG t=74 used=0.019 remain=0.493 turn_time=0.0189615 end_in=0.0189615 depth=11 dec=0 cand_cap=20 cand=19->19 pick(must/bucket/top/rand)=1/5/10/3 sims=1743 loop=1724 best_avg=-2.37331 best_move=9,7 leader=1 inc2=1 attack_w=0.25
DBG t=86 used=0.019 remain=0.265 turn_time=0.0189286 end_in=0.0189286 depth=11 dec=0 cand_cap=20 cand=16->16 pick(must/bucket/top/rand)=1/4/11/0 sims=1548 loop=1532 best_avg=-2.21805 best_move=9,7 leader=1 inc2=1 attack_w=0.25
DBG t=99 used=0.018 remain=0.018 turn_time=0.018 end_in=0.017 depth=0 dec=0 cand_cap=20 cand=4->4 pick(must/bucket/top/rand)=1/3/0/0 sims=55072 loop=55068 best_avg=-1.12008 best_move=2,6 leader=1 inc2=1 attack_w=0.25
DBG summary depth_safety_fired=0
Score = 253329
=== CASE 0101.txt ===
DBG hdr N=10 M=5 T=100 U=5 VMAX=1598 TIME_LIMIT=1.94 MAX_CAND=20 UCB_C=0.21
DBG t=0 used=0.02 remain=1.94 turn_time=0.0194 end_in=0.0194 depth=7 dec=0 cand_cap=20 cand=5->5 pick(must/bucket/top/rand)=1/2/2/0 sims=3113 loop=3108 best_avg=-0.894845 best_move=6,3 leader=3 inc2=1 attack_w=1
DBG t=12 used=0.02 remain=1.7 turn_time=0.0193182 end_in=0.0193182 depth=7 dec=0 cand_cap=20 cand=13->13 pick(must/bucket/top/rand)=1/2/10/0 sims=2489 loop=2476 best_avg=-0.762498 best_move=8,3 leader=4 inc2=0 attack_w=0.393681
DBG t=24 used=0.02 remain=1.46 turn_time=0.0192105 end_in=0.0192105 depth=7 dec=0 cand_cap=20 cand=18->18 pick(must/bucket/top/rand)=1/2/13/2 sims=2210 loop=2192 best_avg=-0.715684 best_move=9,2 leader=4 inc2=1 attack_w=0.25
DBG t=37 used=0.02 remain=1.2 turn_time=0.0190476 end_in=0.0190476 depth=10 dec=0 cand_cap=20 cand=18->18 pick(must/bucket/top/rand)=1/2/13/2 sims=1274 loop=1256 best_avg=-0.852392 best_move=5,2 leader=1 inc2=1 attack_w=1
DBG t=49 used=0.019 remain=0.968 turn_time=0.0189804 end_in=0.0189804 depth=10 dec=0 cand_cap=20 cand=23->20 pick(must/bucket/top/rand)=1/3/12/4 sims=1168 loop=1148 best_avg=-0.745414 best_move=5,3 leader=4 inc2=1 attack_w=0.699435
DBG t=61 used=0.019 remain=0.74 turn_time=0.0189744 end_in=0.0189744 depth=10 dec=0 cand_cap=20 cand=28->20 pick(must/bucket/top/rand)=1/5/10/4 sims=1036 loop=1016 best_avg=-0.753976 best_move=7,4 leader=1 inc2=1 attack_w=0.39347
DBG t=74 used=0.019 remain=0.493 turn_time=0.0189615 end_in=0.0189615 depth=11 dec=0 cand_cap=20 cand=32->20 pick(must/bucket/top/rand)=1/6/9/4 sims=980 loop=960 best_avg=-0.659487 best_move=5,2 leader=1 inc2=1 attack_w=0.25
DBG t=86 used=0.019 remain=0.265 turn_time=0.0189286 end_in=0.0189286 depth=11 dec=0 cand_cap=20 cand=33->20 pick(must/bucket/top/rand)=1/6/9/4 sims=1000 loop=980 best_avg=-0.598435 best_move=5,3 leader=1 inc2=1 attack_w=0.25
DBG t=99 used=0.018 remain=0.018 turn_time=0.018 end_in=0.017 depth=0 dec=0 cand_cap=20 cand=35->20 pick(must/bucket/top/rand)=1/6/9/4 sims=18152 loop=18132 best_avg=-0.481704 best_move=7,6 leader=1 inc2=1 attack_w=0.25
DBG summary depth_safety_fired=0
Score = 127859
=== CASE 0100.txt ===
DBG hdr N=10 M=6 T=100 U=5 VMAX=2118 TIME_LIMIT=1.94 MAX_CAND=20 UCB_C=0.21
DBG t=0 used=0.02 remain=1.94 turn_time=0.0194 end_in=0.0194 depth=7 dec=0 cand_cap=20 cand=5->5 pick(must/bucket/top/rand)=1/2/2/0 sims=2913 loop=2908 best_avg=-0.927645 best_move=2,6 leader=3 inc2=1 attack_w=1
DBG t=12 used=0.02 remain=1.7 turn_time=0.0193182 end_in=0.0193182 depth=7 dec=0 cand_cap=20 cand=22->20 pick(must/bucket/top/rand)=1/6/9/4 sims=2288 loop=2268 best_avg=-0.442203 best_move=5,5 leader=3 inc2=1 attack_w=0.430862
DBG t=24 used=0.02 remain=1.46 turn_time=0.0192105 end_in=0.0192105 depth=7 dec=0 cand_cap=20 cand=24->20 pick(must/bucket/top/rand)=1/6/9/4 sims=2028 loop=2008 best_avg=-0.215856 best_move=5,4 leader=3 inc2=1 attack_w=0.25
DBG t=37 used=0.02 remain=1.2 turn_time=0.0190476 end_in=0.0190476 depth=10 dec=0 cand_cap=20 cand=28->20 pick(must/bucket/top/rand)=1/6/9/4 sims=1172 loop=1152 best_avg=-0.383773 best_move=5,5 leader=4 inc2=1 attack_w=0.25
DBG t=49 used=0.019 remain=0.968 turn_time=0.0189804 end_in=0.0189804 depth=10 dec=0 cand_cap=20 cand=32->20 pick(must/bucket/top/rand)=1/7/8/4 sims=1068 loop=1048 best_avg=-0.275579 best_move=4,5 leader=4 inc2=1 attack_w=0.25
DBG t=61 used=0.019 remain=0.74 turn_time=0.0189744 end_in=0.0189744 depth=10 dec=0 cand_cap=20 cand=33->20 pick(must/bucket/top/rand)=1/6/9/4 sims=1060 loop=1040 best_avg=-0.319423 best_move=2,6 leader=4 inc2=1 attack_w=0.25
DBG t=74 used=0.019 remain=0.493 turn_time=0.0189615 end_in=0.0189615 depth=11 dec=0 cand_cap=20 cand=35->20 pick(must/bucket/top/rand)=1/8/7/4 sims=908 loop=888 best_avg=-0.299623 best_move=5,6 leader=4 inc2=1 attack_w=0.25
DBG t=86 used=0.019 remain=0.265 turn_time=0.0189286 end_in=0.0189286 depth=11 dec=0 cand_cap=20 cand=36->20 pick(must/bucket/top/rand)=1/7/8/4 sims=912 loop=892 best_avg=-0.381002 best_move=1,5 leader=5 inc2=1 attack_w=0.25
DBG t=99 used=0.018 remain=0.018 turn_time=0.018 end_in=0.017 depth=0 dec=0 cand_cap=20 cand=39->20 pick(must/bucket/top/rand)=1/6/9/4 sims=18136 loop=18116 best_avg=-0.346429 best_move=6,4 leader=5 inc2=1 attack_w=0.25
DBG summary depth_safety_fired=0
Score = 124177
=== CASE 0105.txt ===
DBG hdr N=10 M=8 T=100 U=4 VMAX=1638 TIME_LIMIT=1.94 MAX_CAND=20 UCB_C=0.21
DBG t=0 used=0.02 remain=1.94 turn_time=0.0194 end_in=0.0194 depth=7 dec=0 cand_cap=20 cand=5->5 pick(must/bucket/top/rand)=1/3/1/0 sims=2633 loop=2628 best_avg=-0.882456 best_move=1,1 leader=6 inc2=1 attack_w=1
DBG t=12 used=0.02 remain=1.7 turn_time=0.0193182 end_in=0.0193182 depth=7 dec=0 cand_cap=20 cand=8->8 pick(must/bucket/top/rand)=1/2/5/0 sims=1764 loop=1756 best_avg=-0.844261 best_move=0,3 leader=6 inc2=1 attack_w=1
DBG t=24 used=0.02 remain=1.46 turn_time=0.0192105 end_in=0.0192105 depth=7 dec=0 cand_cap=20 cand=17->17 pick(must/bucket/top/rand)=1/6/9/1 sims=1637 loop=1620 best_avg=-0.828369 best_move=0,3 leader=2 inc2=1 attack_w=1
DBG t=37 used=0.02 remain=1.2 turn_time=0.0190476 end_in=0.0190476 depth=10 dec=0 cand_cap=20 cand=27->20 pick(must/bucket/top/rand)=1/6/9/4 sims=908 loop=888 best_avg=-0.584226 best_move=2,7 leader=2 inc2=1 attack_w=1
DBG t=49 used=0.019 remain=0.968 turn_time=0.0189804 end_in=0.0189804 depth=10 dec=0 cand_cap=20 cand=14->14 pick(must/bucket/top/rand)=1/6/7/0 sims=950 loop=936 best_avg=-0.597563 best_move=3,8 leader=2 inc2=1 attack_w=0.945748
DBG t=61 used=0.019 remain=0.74 turn_time=0.0189744 end_in=0.0189744 depth=10 dec=0 cand_cap=20 cand=15->15 pick(must/bucket/top/rand)=1/7/7/0 sims=963 loop=948 best_avg=-0.531909 best_move=4,8 leader=2 inc2=1 attack_w=0.793367
DBG t=74 used=0.019 remain=0.493 turn_time=0.0189615 end_in=0.0189615 depth=11 dec=0 cand_cap=20 cand=21->20 pick(must/bucket/top/rand)=1/6/9/4 sims=876 loop=856 best_avg=-0.454298 best_move=6,8 leader=5 inc2=1 attack_w=0.390397
DBG t=86 used=0.019 remain=0.265 turn_time=0.0189286 end_in=0.0189286 depth=11 dec=0 cand_cap=20 cand=24->20 pick(must/bucket/top/rand)=1/5/10/4 sims=836 loop=816 best_avg=-0.471417 best_move=2,9 leader=5 inc2=1 attack_w=0.25
DBG t=99 used=0.018 remain=0.018 turn_time=0.018 end_in=0.017 depth=0 dec=0 cand_cap=20 cand=25->20 pick(must/bucket/top/rand)=1/3/12/4 sims=13872 loop=13852 best_avg=-0.360901 best_move=6,8 leader=5 inc2=1 attack_w=0.262892
DBG summary depth_safety_fired=0
Score = 108418
=== CASE 0107.txt ===
DBG hdr N=10 M=7 T=100 U=4 VMAX=1471 TIME_LIMIT=1.94 MAX_CAND=20 UCB_C=0.21
DBG t=0 used=0.02 remain=1.94 turn_time=0.0194 end_in=0.0194 depth=7 dec=0 cand_cap=20 cand=4->4 pick(must/bucket/top/rand)=1/2/1/0 sims=2920 loop=2916 best_avg=-0.799878 best_move=2,2 leader=3 inc2=1 attack_w=1
DBG t=12 used=0.02 remain=1.7 turn_time=0.0193182 end_in=0.0193182 depth=7 dec=0 cand_cap=20 cand=8->8 pick(must/bucket/top/rand)=1/4/3/0 sims=2064 loop=2056 best_avg=-0.651659 best_move=0,1 leader=5 inc2=1 attack_w=1
DBG t=24 used=0.02 remain=1.46 turn_time=0.0192105 end_in=0.0192105 depth=7 dec=0 cand_cap=20 cand=8->8 pick(must/bucket/top/rand)=1/5/2/0 sims=1752 loop=1744 best_avg=-0.631979 best_move=0,2 leader=5 inc2=1 attack_w=1
DBG t=37 used=0.02 remain=1.2 turn_time=0.0190476 end_in=0.0190476 depth=10 dec=0 cand_cap=20 cand=11->11 pick(must/bucket/top/rand)=1/6/4/0 sims=1099 loop=1088 best_avg=-0.691155 best_move=1,3 leader=5 inc2=1 attack_w=1
DBG t=49 used=0.019 remain=0.968 turn_time=0.0189804 end_in=0.0189804 depth=10 dec=0 cand_cap=20 cand=19->19 pick(must/bucket/top/rand)=1/7/8/3 sims=1251 loop=1232 best_avg=-0.858534 best_move=3,7 leader=5 inc2=1 attack_w=1
DBG t=61 used=0.019 remain=0.74 turn_time=0.0189744 end_in=0.0189744 depth=10 dec=0 cand_cap=20 cand=25->20 pick(must/bucket/top/rand)=1/6/9/4 sims=1360 loop=1340 best_avg=-0.723794 best_move=4,6 leader=5 inc2=1 attack_w=1
DBG t=74 used=0.019 remain=0.493 turn_time=0.0189615 end_in=0.0189615 depth=11 dec=0 cand_cap=20 cand=12->12 pick(must/bucket/top/rand)=1/8/3/0 sims=1168 loop=1156 best_avg=-0.577327 best_move=6,6 leader=4 inc2=1 attack_w=0.704749
DBG t=86 used=0.019 remain=0.265 turn_time=0.0189286 end_in=0.0189286 depth=11 dec=0 cand_cap=20 cand=36->20 pick(must/bucket/top/rand)=1/7/8/4 sims=1232 loop=1212 best_avg=-0.369623 best_move=2,6 leader=4 inc2=1 attack_w=0.500657
DBG t=99 used=0.018 remain=0.018 turn_time=0.018 end_in=0.017 depth=0 dec=0 cand_cap=20 cand=40->20 pick(must/bucket/top/rand)=1/6/9/4 sims=24940 loop=24920 best_avg=-0.204841 best_move=2,9 leader=4 inc2=1 attack_w=0.25
DBG summary depth_safety_fired=0
Score = 120385
=== CASE 0102.txt ===
DBG hdr N=10 M=2 T=100 U=1 VMAX=1073 TIME_LIMIT=1.94 MAX_CAND=20 UCB_C=0.21
DBG t=0 used=0.02 remain=1.94 turn_time=0.0194 end_in=0.0194 depth=7 dec=0 cand_cap=20 cand=5->5 pick(must/bucket/top/rand)=1/2/2/0 sims=5057 loop=5052 best_avg=-2.57033 best_move=3,8 leader=1 inc2=1 attack_w=0.742347
DBG t=12 used=0.02 remain=1.7 turn_time=0.0193182 end_in=0.0193182 depth=7 dec=0 cand_cap=20 cand=29->20 pick(must/bucket/top/rand)=1/6/9/4 sims=3320 loop=3300 best_avg=-2.80042 best_move=5,5 leader=1 inc2=1 attack_w=0.613752
DBG t=24 used=0.02 remain=1.46 turn_time=0.0192105 end_in=0.0192105 depth=7 dec=0 cand_cap=20 cand=50->20 pick(must/bucket/top/rand)=1/6/9/4 sims=2472 loop=2452 best_avg=-2.2975 best_move=6,2 leader=1 inc2=1 attack_w=0.25
DBG t=37 used=0.02 remain=1.2 turn_time=0.0190476 end_in=0.0190476 depth=10 dec=0 cand_cap=20 cand=20->20 pick(must/bucket/top/rand)=1/6/9/4 sims=1612 loop=1592 best_avg=-1.90373 best_move=4,2 leader=1 inc2=1 attack_w=0.25
DBG t=49 used=0.019 remain=0.968 turn_time=0.0189804 end_in=0.0189804 depth=10 dec=0 cand_cap=20 cand=13->13 pick(must/bucket/top/rand)=1/6/6/0 sims=1505 loop=1492 best_avg=-1.77219 best_move=8,3 leader=1 inc2=1 attack_w=0.25
DBG t=61 used=0.019 remain=0.74 turn_time=0.0189744 end_in=0.0189744 depth=10 dec=0 cand_cap=20 cand=8->8 pick(must/bucket/top/rand)=1/4/3/0 sims=1568 loop=1560 best_avg=-1.66932 best_move=9,6 leader=1 inc2=1 attack_w=0.25
DBG t=74 used=0.019 remain=0.493 turn_time=0.0189615 end_in=0.0189615 depth=11 dec=0 cand_cap=20 cand=18->18 pick(must/bucket/top/rand)=1/5/10/2 sims=1226 loop=1208 best_avg=-1.68125 best_move=9,5 leader=1 inc2=1 attack_w=0.25
DBG t=86 used=0.019 remain=0.265 turn_time=0.0189286 end_in=0.0189286 depth=11 dec=0 cand_cap=20 cand=32->20 pick(must/bucket/top/rand)=1/6/9/4 sims=1008 loop=988 best_avg=-1.66334 best_move=5,2 leader=1 inc2=1 attack_w=0.25
DBG t=99 used=0.018 remain=0.018 turn_time=0.018 end_in=0.017 depth=0 dec=0 cand_cap=20 cand=58->20 pick(must/bucket/top/rand)=1/5/10/4 sims=53392 loop=53372 best_avg=-1.34708 best_move=6,2 leader=1 inc2=1 attack_w=0.25
DBG summary depth_safety_fired=0
Score = 234699
=== CASE 0103.txt ===
DBG hdr N=10 M=6 T=100 U=1 VMAX=1933 TIME_LIMIT=1.94 MAX_CAND=20 UCB_C=0.21
DBG t=0 used=0.02 remain=1.94 turn_time=0.0194 end_in=0.0194 depth=7 dec=0 cand_cap=20 cand=5->5 pick(must/bucket/top/rand)=1/2/2/0 sims=2477 loop=2472 best_avg=-0.600233 best_move=3,1 leader=2 inc2=1 attack_w=1
DBG t=12 used=0.02 remain=1.7 turn_time=0.0193182 end_in=0.0193182 depth=7 dec=0 cand_cap=20 cand=26->20 pick(must/bucket/top/rand)=1/4/11/4 sims=1804 loop=1784 best_avg=-0.479655 best_move=2,4 leader=4 inc2=1 attack_w=0.25
DBG t=24 used=0.02 remain=1.46 turn_time=0.0192105 end_in=0.0192105 depth=7 dec=0 cand_cap=20 cand=28->20 pick(must/bucket/top/rand)=1/5/10/4 sims=1604 loop=1584 best_avg=-0.287332 best_move=2,4 leader=4 inc2=1 attack_w=1
DBG t=37 used=0.02 remain=1.2 turn_time=0.0190476 end_in=0.0190476 depth=10 dec=0 cand_cap=20 cand=39->20 pick(must/bucket/top/rand)=1/3/12/4 sims=1032 loop=1012 best_avg=-0.376105 best_move=7,1 leader=1 inc2=1 attack_w=0.25
DBG t=49 used=0.019 remain=0.968 turn_time=0.0189804 end_in=0.0189804 depth=10 dec=0 cand_cap=20 cand=8->8 pick(must/bucket/top/rand)=1/2/5/0 sims=956 loop=948 best_avg=0.0514988 best_move=7,1 leader=1 inc2=1 attack_w=0.25
DBG t=61 used=0.019 remain=0.74 turn_time=0.0189744 end_in=0.0189744 depth=10 dec=0 cand_cap=20 cand=55->20 pick(must/bucket/top/rand)=1/6/9/4 sims=852 loop=832 best_avg=0.241029 best_move=0,5 leader=1 inc2=1 attack_w=0.25
DBG t=74 used=0.019 remain=0.493 turn_time=0.0189615 end_in=0.0189615 depth=11 dec=0 cand_cap=20 cand=53->20 pick(must/bucket/top/rand)=1/6/9/4 sims=756 loop=736 best_avg=0.246446 best_move=4,7 leader=2 inc2=1 attack_w=0.25
DBG t=86 used=0.019 remain=0.265 turn_time=0.0189286 end_in=0.0189286 depth=11 dec=0 cand_cap=20 cand=62->20 pick(must/bucket/top/rand)=1/6/9/4 sims=716 loop=696 best_avg=0.229955 best_move=3,7 leader=3 inc2=1 attack_w=0.25
DBG t=99 used=0.018 remain=0.018 turn_time=0.018 end_in=0.017 depth=0 dec=0 cand_cap=20 cand=56->20 pick(must/bucket/top/rand)=1/6/9/4 sims=21652 loop=21632 best_avg=0.522422 best_move=6,1 leader=1 inc2=1 attack_w=0.25
DBG summary depth_safety_fired=0
Score = 183607
=== CASE 0106.txt ===
DBG hdr N=10 M=4 T=100 U=2 VMAX=2254 TIME_LIMIT=1.94 MAX_CAND=20 UCB_C=0.21
DBG t=0 used=0.02 remain=1.94 turn_time=0.0194 end_in=0.0194 depth=7 dec=0 cand_cap=20 cand=4->4 pick(must/bucket/top/rand)=1/2/1/0 sims=3840 loop=3836 best_avg=-0.721196 best_move=5,0 leader=3 inc2=1 attack_w=0.15
DBG t=12 used=0.02 remain=1.7 turn_time=0.0193182 end_in=0.0193182 depth=7 dec=0 cand_cap=20 cand=13->13 pick(must/bucket/top/rand)=1/4/8/0 sims=2573 loop=2560 best_avg=-0.689535 best_move=6,0 leader=3 inc2=1 attack_w=0.25
DBG t=24 used=0.02 remain=1.46 turn_time=0.0192105 end_in=0.0192105 depth=7 dec=0 cand_cap=20 cand=19->19 pick(must/bucket/top/rand)=1/2/13/3 sims=2339 loop=2320 best_avg=-0.453523 best_move=6,0 leader=3 inc2=1 attack_w=0.25
DBG t=37 used=0.02 remain=1.2 turn_time=0.0190476 end_in=0.0190476 depth=10 dec=0 cand_cap=20 cand=27->20 pick(must/bucket/top/rand)=1/2/13/4 sims=1360 loop=1340 best_avg=-0.319174 best_move=4,3 leader=1 inc2=1 attack_w=0.25
DBG t=49 used=0.019 remain=0.968 turn_time=0.0189804 end_in=0.0189804 depth=10 dec=0 cand_cap=20 cand=36->20 pick(must/bucket/top/rand)=1/7/8/4 sims=1104 loop=1084 best_avg=-0.378054 best_move=3,4 leader=1 inc2=0 attack_w=0.25
DBG t=61 used=0.019 remain=0.74 turn_time=0.0189744 end_in=0.0189744 depth=10 dec=0 cand_cap=20 cand=41->20 pick(must/bucket/top/rand)=1/7/8/4 sims=1032 loop=1012 best_avg=-0.408243 best_move=9,1 leader=1 inc2=1 attack_w=0.25
DBG t=74 used=0.019 remain=0.493 turn_time=0.0189615 end_in=0.0189615 depth=11 dec=0 cand_cap=20 cand=43->20 pick(must/bucket/top/rand)=1/7/8/4 sims=880 loop=860 best_avg=-0.384888 best_move=1,1 leader=1 inc2=1 attack_w=0.25
DBG t=86 used=0.019 remain=0.265 turn_time=0.0189286 end_in=0.0189286 depth=11 dec=0 cand_cap=20 cand=54->20 pick(must/bucket/top/rand)=1/6/9/4 sims=900 loop=880 best_avg=-0.227856 best_move=6,4 leader=1 inc2=0 attack_w=0.25
DBG t=99 used=0.018 remain=0.018 turn_time=0.018 end_in=0.017 depth=0 dec=0 cand_cap=20 cand=56->20 pick(must/bucket/top/rand)=1/7/8/4 sims=23864 loop=23844 best_avg=-0.139275 best_move=6,5 leader=2 inc2=1 attack_w=0.25
DBG summary depth_safety_fired=0
Score = 177593
=== CASE 0104.txt ===
DBG hdr N=10 M=4 T=100 U=2 VMAX=2650 TIME_LIMIT=1.94 MAX_CAND=20 UCB_C=0.21
DBG t=0 used=0.02 remain=1.94 turn_time=0.0194 end_in=0.0194 depth=7 dec=0 cand_cap=20 cand=3->3 pick(must/bucket/top/rand)=1/2/0/0 sims=3859 loop=3856 best_avg=-1.63505 best_move=1,0 leader=2 inc2=1 attack_w=1
DBG t=12 used=0.02 remain=1.7 turn_time=0.0193182 end_in=0.0193182 depth=7 dec=0 cand_cap=20 cand=27->20 pick(must/bucket/top/rand)=1/2/13/4 sims=2312 loop=2292 best_avg=-1.34516 best_move=6,4 leader=2 inc2=0 attack_w=1
DBG t=24 used=0.02 remain=1.46 turn_time=0.0192105 end_in=0.0192105 depth=7 dec=0 cand_cap=20 cand=38->20 pick(must/bucket/top/rand)=1/5/10/4 sims=1960 loop=1940 best_avg=-0.917641 best_move=5,6 leader=2 inc2=0 attack_w=0.686085
DBG t=37 used=0.02 remain=1.2 turn_time=0.0190476 end_in=0.0190476 depth=10 dec=0 cand_cap=20 cand=44->20 pick(must/bucket/top/rand)=1/7/8/4 sims=1096 loop=1076 best_avg=-0.842334 best_move=4,7 leader=3 inc2=0 attack_w=0.25
DBG t=49 used=0.019 remain=0.968 turn_time=0.0189804 end_in=0.0189804 depth=10 dec=0 cand_cap=20 cand=42->20 pick(must/bucket/top/rand)=1/7/8/4 sims=1108 loop=1088 best_avg=-1.16942 best_move=6,6 leader=3 inc2=0 attack_w=0.866071
DBG t=61 used=0.019 remain=0.74 turn_time=0.0189744 end_in=0.0189744 depth=10 dec=0 cand_cap=20 cand=32->20 pick(must/bucket/top/rand)=1/5/10/4 sims=1048 loop=1028 best_avg=-0.940074 best_move=4,2 leader=3 inc2=0 attack_w=0.25
DBG t=74 used=0.019 remain=0.493 turn_time=0.0189615 end_in=0.0189615 depth=11 dec=0 cand_cap=20 cand=57->20 pick(must/bucket/top/rand)=1/8/7/4 sims=860 loop=840 best_avg=-0.826916 best_move=8,2 leader=3 inc2=1 attack_w=0.25
DBG t=86 used=0.019 remain=0.265 turn_time=0.0189286 end_in=0.0189286 depth=11 dec=0 cand_cap=20 cand=60->20 pick(must/bucket/top/rand)=1/8/7/4 sims=844 loop=824 best_avg=-0.944513 best_move=6,1 leader=1 inc2=1 attack_w=0.25
DBG t=99 used=0.018 remain=0.018 turn_time=0.018 end_in=0.017 depth=0 dec=0 cand_cap=20 cand=59->20 pick(must/bucket/top/rand)=1/7/8/4 sims=22168 loop=22148 best_avg=-0.768023 best_move=5,8 leader=1 inc2=1 attack_w=0.25
DBG summary depth_safety_fired=0
Score = 122578
=== CASE 0108.txt ===
DBG hdr N=10 M=5 T=100 U=5 VMAX=1062 TIME_LIMIT=1.94 MAX_CAND=20 UCB_C=0.21
DBG t=0 used=0.02 remain=1.94 turn_time=0.0194 end_in=0.0194 depth=7 dec=0 cand_cap=20 cand=4->4 pick(must/bucket/top/rand)=1/2/1/0 sims=3420 loop=3416 best_avg=-0.750684 best_move=9,4 leader=4 inc2=1 attack_w=0.623242
DBG t=12 used=0.02 remain=1.7 turn_time=0.0193182 end_in=0.0193182 depth=7 dec=0 cand_cap=20 cand=19->19 pick(must/bucket/top/rand)=1/4/11/3 sims=2055 loop=2036 best_avg=-0.825742 best_move=9,7 leader=1 inc2=0 attack_w=0.546176
DBG t=24 used=0.02 remain=1.46 turn_time=0.0192105 end_in=0.0192105 depth=7 dec=0 cand_cap=20 cand=30->20 pick(must/bucket/top/rand)=1/6/9/4 sims=1456 loop=1436 best_avg=-0.693699 best_move=9,2 leader=1 inc2=1 attack_w=0.426161
DBG t=37 used=0.02 remain=1.198 turn_time=0.0190159 end_in=0.0190159 depth=10 dec=0 cand_cap=20 cand=40->20 pick(must/bucket/top/rand)=1/8/7/4 sims=904 loop=884 best_avg=-0.654592 best_move=6,4 leader=1 inc2=1 attack_w=0.25
DBG t=49 used=0.019 remain=0.968 turn_time=0.0189804 end_in=0.0189804 depth=10 dec=0 cand_cap=20 cand=43->20 pick(must/bucket/top/rand)=1/7/8/4 sims=952 loop=932 best_avg=-0.517306 best_move=7,8 leader=4 inc2=1 attack_w=0.25
DBG t=61 used=0.019 remain=0.74 turn_time=0.0189744 end_in=0.0189744 depth=10 dec=0 cand_cap=20 cand=44->20 pick(must/bucket/top/rand)=1/6/9/4 sims=988 loop=968 best_avg=-0.533882 best_move=7,7 leader=4 inc2=1 attack_w=0.25
DBG t=74 used=0.019 remain=0.493 turn_time=0.0189615 end_in=0.0189615 depth=11 dec=0 cand_cap=20 cand=44->20 pick(must/bucket/top/rand)=1/6/9/4 sims=880 loop=860 best_avg=-0.589422 best_move=8,2 leader=4 inc2=1 attack_w=0.293768
DBG t=86 used=0.019 remain=0.255 turn_time=0.0182143 end_in=0.0182143 depth=11 dec=0 cand_cap=20 cand=45->20 pick(must/bucket/top/rand)=1/5/10/4 sims=828 loop=808 best_avg=-0.580105 best_move=7,9 leader=3 inc2=1 attack_w=0.25
DBG t=99 used=0.017 remain=0.017 turn_time=0.017 end_in=0.016 depth=0 dec=1 cand_cap=20 cand=43->20 pick(must/bucket/top/rand)=1/4/11/4 sims=17536 loop=17516 best_avg=-0.816571 best_move=8,2 leader=3 inc2=1 attack_w=0.54252
DBG summary depth_safety_fired=11
Score = 100255
=== CASE 0110.txt ===
DBG hdr N=10 M=4 T=100 U=4 VMAX=2343 TIME_LIMIT=1.94 MAX_CAND=20 UCB_C=0.21
DBG t=0 used=0.02 remain=1.94 turn_time=0.0194 end_in=0.0194 depth=7 dec=0 cand_cap=20 cand=5->5 pick(must/bucket/top/rand)=1/2/2/0 sims=3565 loop=3560 best_avg=-1.23944 best_move=3,4 leader=3 inc2=1 attack_w=1
DBG t=12 used=0.02 remain=1.7 turn_time=0.0193182 end_in=0.0193182 depth=7 dec=0 cand_cap=20 cand=24->20 pick(must/bucket/top/rand)=1/8/7/4 sims=2992 loop=2972 best_avg=-1.35268 best_move=1,7 leader=3 inc2=1 attack_w=1
DBG t=24 used=0.02 remain=1.46 turn_time=0.0192105 end_in=0.0192105 depth=7 dec=0 cand_cap=20 cand=13->13 pick(must/bucket/top/rand)=1/7/5/0 sims=2805 loop=2792 best_avg=-1.2233 best_move=1,8 leader=3 inc2=1 attack_w=1
DBG t=37 used=0.02 remain=1.197 turn_time=0.019 end_in=0.019 depth=10 dec=0 cand_cap=20 cand=12->12 pick(must/bucket/top/rand)=1/5/6/0 sims=1880 loop=1868 best_avg=-1.12977 best_move=1,8 leader=3 inc2=1 attack_w=0.903171
DBG t=49 used=0.019 remain=0.968 turn_time=0.0189804 end_in=0.0189804 depth=10 dec=0 cand_cap=20 cand=17->17 pick(must/bucket/top/rand)=1/6/9/1 sims=1689 loop=1672 best_avg=-1.14811 best_move=1,4 leader=3 inc2=0 attack_w=0.810608
DBG t=61 used=0.019 remain=0.74 turn_time=0.0189744 end_in=0.0189744 depth=10 dec=0 cand_cap=20 cand=29->20 pick(must/bucket/top/rand)=1/6/9/4 sims=1468 loop=1448 best_avg=-1.12982 best_move=2,4 leader=3 inc2=0 attack_w=0.732874
DBG t=74 used=0.019 remain=0.493 turn_time=0.0189615 end_in=0.0189615 depth=11 dec=0 cand_cap=20 cand=31->20 pick(must/bucket/top/rand)=1/6/9/4 sims=1120 loop=1100 best_avg=-1.00319 best_move=1,9 leader=3 inc2=0 attack_w=0.374603
DBG t=86 used=0.019 remain=0.254 turn_time=0.0181429 end_in=0.0181429 depth=11 dec=0 cand_cap=20 cand=32->20 pick(must/bucket/top/rand)=1/6/9/4 sims=1112 loop=1092 best_avg=-0.897652 best_move=4,5 leader=3 inc2=1 attack_w=0.25
DBG t=99 used=0.017 remain=0.017 turn_time=0.017 end_in=0.016 depth=0 dec=1 cand_cap=20 cand=33->20 pick(must/bucket/top/rand)=1/6/9/4 sims=22416 loop=22396 best_avg=-0.861656 best_move=2,9 leader=3 inc2=0 attack_w=0.25
DBG summary depth_safety_fired=11
Score = 115214
=== CASE 0113.txt ===
DBG hdr N=10 M=2 T=100 U=5 VMAX=2124 TIME_LIMIT=1.94 MAX_CAND=20 UCB_C=0.21
DBG t=0 used=0.02 remain=1.94 turn_time=0.0194 end_in=0.0194 depth=7 dec=0 cand_cap=20 cand=5->5 pick(must/bucket/top/rand)=1/3/1/0 sims=6229 loop=6224 best_avg=-2.25918 best_move=4,4 leader=1 inc2=1 attack_w=0.15
DBG t=12 used=0.02 remain=1.7 turn_time=0.0193182 end_in=0.0193182 depth=7 dec=0 cand_cap=20 cand=11->11 pick(must/bucket/top/rand)=1/4/6/0 sims=5307 loop=5296 best_avg=-1.29341 best_move=3,5 leader=1 inc2=1 attack_w=0.25
DBG t=24 used=0.02 remain=1.46 turn_time=0.0192105 end_in=0.0192105 depth=7 dec=0 cand_cap=20 cand=19->19 pick(must/bucket/top/rand)=1/8/7/3 sims=4559 loop=4540 best_avg=-1.10822 best_move=4,5 leader=1 inc2=1 attack_w=0.25
DBG t=37 used=0.02 remain=1.199 turn_time=0.0190317 end_in=0.0190317 depth=10 dec=0 cand_cap=20 cand=23->20 pick(must/bucket/top/rand)=1/8/7/4 sims=2640 loop=2620 best_avg=-1.23253 best_move=5,6 leader=1 inc2=1 attack_w=0.25
DBG t=49 used=0.019 remain=0.968 turn_time=0.0189804 end_in=0.0189804 depth=10 dec=0 cand_cap=20 cand=30->20 pick(must/bucket/top/rand)=1/8/7/4 sims=2192 loop=2172 best_avg=-1.10645 best_move=4,5 leader=1 inc2=1 attack_w=0.25
DBG t=61 used=0.019 remain=0.74 turn_time=0.0189744 end_in=0.0189744 depth=10 dec=0 cand_cap=20 cand=36->20 pick(must/bucket/top/rand)=1/8/7/4 sims=1868 loop=1848 best_avg=-1.33327 best_move=2,4 leader=1 inc2=1 attack_w=0.25
DBG t=74 used=0.019 remain=0.493 turn_time=0.0189615 end_in=0.0189615 depth=11 dec=0 cand_cap=20 cand=33->20 pick(must/bucket/top/rand)=1/7/8/4 sims=1796 loop=1776 best_avg=-1.32781 best_move=2,5 leader=1 inc2=1 attack_w=0.25
DBG t=86 used=0.019 remain=0.263 turn_time=0.0187857 end_in=0.0187857 depth=11 dec=0 cand_cap=20 cand=44->20 pick(must/bucket/top/rand)=1/8/7/4 sims=1512 loop=1492 best_avg=-1.0841 best_move=0,4 leader=1 inc2=1 attack_w=0.25
DBG t=99 used=0.017 remain=0.017 turn_time=0.017 end_in=0.016 depth=0 dec=1 cand_cap=20 cand=52->20 pick(must/bucket/top/rand)=1/8/7/4 sims=56596 loop=56576 best_avg=-0.263792 best_move=3,2 leader=1 inc2=1 attack_w=0.25
DBG summary depth_safety_fired=2
Score = 363680
=== CASE 0112.txt ===
DBG hdr N=10 M=8 T=100 U=4 VMAX=1508 TIME_LIMIT=1.94 MAX_CAND=20 UCB_C=0.21
DBG t=0 used=0.02 remain=1.94 turn_time=0.0194 end_in=0.0194 depth=7 dec=0 cand_cap=20 cand=5->5 pick(must/bucket/top/rand)=1/2/2/0 sims=2457 loop=2452 best_avg=-0.682056 best_move=8,6 leader=1 inc2=1 attack_w=1
DBG t=12 used=0.02 remain=1.7 turn_time=0.0193182 end_in=0.0193182 depth=7 dec=0 cand_cap=20 cand=20->20 pick(must/bucket/top/rand)=1/6/9/4 sims=1836 loop=1816 best_avg=-0.461633 best_move=7,7 leader=1 inc2=1 attack_w=0.722623
DBG t=24 used=0.02 remain=1.46 turn_time=0.0192105 end_in=0.0192105 depth=7 dec=0 cand_cap=20 cand=21->20 pick(must/bucket/top/rand)=1/7/8/4 sims=1476 loop=1456 best_avg=-0.608159 best_move=4,7 leader=1 inc2=1 attack_w=0.96312
DBG t=37 used=0.02 remain=1.198 turn_time=0.0190159 end_in=0.0190159 depth=10 dec=0 cand_cap=20 cand=15->15 pick(must/bucket/top/rand)=1/6/8/0 sims=915 loop=900 best_avg=-0.634845 best_move=4,7 leader=1 inc2=1 attack_w=0.953519
DBG t=49 used=0.019 remain=0.968 turn_time=0.0189804 end_in=0.0189804 depth=10 dec=0 cand_cap=20 cand=20->20 pick(must/bucket/top/rand)=1/6/9/4 sims=1032 loop=1012 best_avg=-0.395235 best_move=4,9 leader=6 inc2=1 attack_w=0.467889
DBG t=61 used=0.019 remain=0.74 turn_time=0.0189744 end_in=0.0189744 depth=10 dec=0 cand_cap=20 cand=32->20 pick(must/bucket/top/rand)=1/8/7/4 sims=948 loop=928 best_avg=-0.304796 best_move=4,5 leader=6 inc2=1 attack_w=0.25
DBG t=74 used=0.019 remain=0.493 turn_time=0.0189615 end_in=0.0189615 depth=11 dec=0 cand_cap=20 cand=33->20 pick(must/bucket/top/rand)=1/5/10/4 sims=884 loop=864 best_avg=-0.209476 best_move=8,6 leader=6 inc2=1 attack_w=0.25
DBG t=86 used=0.019 remain=0.262 turn_time=0.0187143 end_in=0.0187143 depth=11 dec=0 cand_cap=20 cand=31->20 pick(must/bucket/top/rand)=1/4/11/4 sims=924 loop=904 best_avg=-0.278816 best_move=4,6 leader=6 inc2=1 attack_w=0.25
DBG t=99 used=0.017 remain=0.017 turn_time=0.017 end_in=0.016 depth=0 dec=1 cand_cap=20 cand=37->20 pick(must/bucket/top/rand)=1/3/12/4 sims=14612 loop=14592 best_avg=-0.131032 best_move=5,3 leader=6 inc2=1 attack_w=0.25
DBG summary depth_safety_fired=4
Score = 123222
=== CASE 0109.txt ===
DBG hdr N=10 M=8 T=100 U=4 VMAX=2107 TIME_LIMIT=1.94 MAX_CAND=20 UCB_C=0.21
DBG t=0 used=0.02 remain=1.94 turn_time=0.0194 end_in=0.0194 depth=7 dec=0 cand_cap=20 cand=4->4 pick(must/bucket/top/rand)=1/2/1/0 sims=2292 loop=2288 best_avg=-0.675547 best_move=9,4 leader=5 inc2=1 attack_w=1
DBG t=12 used=0.02 remain=1.7 turn_time=0.0193182 end_in=0.0193182 depth=7 dec=0 cand_cap=20 cand=13->13 pick(must/bucket/top/rand)=1/5/7/0 sims=1937 loop=1924 best_avg=-0.387126 best_move=7,0 leader=5 inc2=1 attack_w=0.981406
DBG t=24 used=0.02 remain=1.46 turn_time=0.0192105 end_in=0.0192105 depth=7 dec=0 cand_cap=20 cand=8->8 pick(must/bucket/top/rand)=1/6/1/0 sims=1832 loop=1824 best_avg=-0.703943 best_move=4,0 leader=7 inc2=1 attack_w=1
DBG t=37 used=0.019 remain=1.196 turn_time=0.0189841 end_in=0.0189841 depth=10 dec=0 cand_cap=20 cand=15->15 pick(must/bucket/top/rand)=1/6/8/0 sims=1099 loop=1084 best_avg=-0.392162 best_move=4,2 leader=7 inc2=1 attack_w=1
DBG t=49 used=0.019 remain=0.968 turn_time=0.0189804 end_in=0.0189804 depth=10 dec=0 cand_cap=20 cand=12->12 pick(must/bucket/top/rand)=1/5/6/0 sims=1120 loop=1108 best_avg=-0.325256 best_move=4,1 leader=7 inc2=1 attack_w=0.310315
DBG t=61 used=0.019 remain=0.74 turn_time=0.0189744 end_in=0.0189744 depth=10 dec=0 cand_cap=20 cand=16->16 pick(must/bucket/top/rand)=1/7/8/0 sims=1112 loop=1096 best_avg=-0.151886 best_move=1,1 leader=5 inc2=1 attack_w=0.25
DBG t=74 used=0.019 remain=0.493 turn_time=0.0189615 end_in=0.0189615 depth=11 dec=0 cand_cap=20 cand=18->18 pick(must/bucket/top/rand)=1/7/8/2 sims=962 loop=944 best_avg=-0.187905 best_move=3,2 leader=5 inc2=1 attack_w=0.25
DBG t=86 used=0.019 remain=0.254 turn_time=0.0181429 end_in=0.0181429 depth=11 dec=0 cand_cap=20 cand=20->20 pick(must/bucket/top/rand)=1/8/7/4 sims=868 loop=848 best_avg=-0.0490802 best_move=5,0 leader=5 inc2=1 attack_w=0.25
DBG t=99 used=0.017 remain=0.017 turn_time=0.017 end_in=0.016 depth=0 dec=1 cand_cap=20 cand=24->20 pick(must/bucket/top/rand)=1/7/8/4 sims=18956 loop=18936 best_avg=0.140109 best_move=5,2 leader=4 inc2=1 attack_w=0.25
DBG summary depth_safety_fired=11
Score = 144610
=== CASE 0111.txt ===
DBG hdr N=10 M=2 T=100 U=1 VMAX=2340 TIME_LIMIT=1.94 MAX_CAND=20 UCB_C=0.21
DBG t=0 used=0.02 remain=1.94 turn_time=0.0194 end_in=0.0194 depth=7 dec=0 cand_cap=20 cand=3->3 pick(must/bucket/top/rand)=1/2/0/0 sims=6423 loop=6420 best_avg=-2.58398 best_move=7,0 leader=1 inc2=1 attack_w=0.15
DBG t=12 used=0.02 remain=1.7 turn_time=0.0193182 end_in=0.0193182 depth=7 dec=0 cand_cap=20 cand=25->20 pick(must/bucket/top/rand)=1/4/11/4 sims=3788 loop=3768 best_avg=-2.30723 best_move=6,5 leader=1 inc2=1 attack_w=0.25
DBG t=24 used=0.02 remain=1.46 turn_time=0.0192105 end_in=0.0192105 depth=7 dec=0 cand_cap=20 cand=39->20 pick(must/bucket/top/rand)=1/5/10/4 sims=2944 loop=2924 best_avg=-1.78684 best_move=5,7 leader=1 inc2=1 attack_w=0.25
DBG t=37 used=0.02 remain=1.199 turn_time=0.0190317 end_in=0.0190317 depth=10 dec=0 cand_cap=20 cand=7->7 pick(must/bucket/top/rand)=1/4/2/0 sims=1563 loop=1556 best_avg=-1.722 best_move=5,1 leader=1 inc2=1 attack_w=0.25
DBG t=49 used=0.019 remain=0.968 turn_time=0.0189804 end_in=0.0189804 depth=10 dec=0 cand_cap=20 cand=55->20 pick(must/bucket/top/rand)=1/6/9/4 sims=1468 loop=1448 best_avg=-1.47653 best_move=9,9 leader=1 inc2=1 attack_w=0.25
DBG t=61 used=0.019 remain=0.74 turn_time=0.0189744 end_in=0.0189744 depth=10 dec=0 cand_cap=20 cand=60->20 pick(must/bucket/top/rand)=1/5/10/4 sims=1396 loop=1376 best_avg=-0.525076 best_move=5,6 leader=1 inc2=1 attack_w=0.25
DBG t=74 used=0.019 remain=0.493 turn_time=0.0189615 end_in=0.0189615 depth=11 dec=0 cand_cap=20 cand=76->20 pick(must/bucket/top/rand)=1/4/11/4 sims=1028 loop=1008 best_avg=-0.0937198 best_move=4,7 leader=1 inc2=1 attack_w=0.25
DBG t=86 used=0.019 remain=0.253 turn_time=0.0180714 end_in=0.0180714 depth=11 dec=0 cand_cap=20 cand=86->20 pick(must/bucket/top/rand)=1/6/9/4 sims=848 loop=828 best_avg=-0.194096 best_move=2,1 leader=1 inc2=1 attack_w=0.25
DBG t=99 used=0.017 remain=0.017 turn_time=0.017 end_in=0.016 depth=0 dec=1 cand_cap=20 cand=92->20 pick(must/bucket/top/rand)=1/4/11/4 sims=56044 loop=56024 best_avg=0.833713 best_move=5,2 leader=1 inc2=1 attack_w=0.25
DBG summary depth_safety_fired=12
Score = 479865
=== CASE 0115.txt ===
DBG hdr N=10 M=8 T=100 U=5 VMAX=1950 TIME_LIMIT=1.94 MAX_CAND=20 UCB_C=0.21
DBG t=0 used=0.02 remain=1.94 turn_time=0.0194 end_in=0.0194 depth=7 dec=0 cand_cap=20 cand=5->5 pick(must/bucket/top/rand)=1/2/2/0 sims=2325 loop=2320 best_avg=-1.29375 best_move=8,7 leader=2 inc2=1 attack_w=1
DBG t=12 used=0.02 remain=1.7 turn_time=0.0193182 end_in=0.0193182 depth=7 dec=0 cand_cap=20 cand=23->20 pick(must/bucket/top/rand)=1/4/11/4 sims=1796 loop=1776 best_avg=-0.605237 best_move=7,3 leader=3 inc2=1 attack_w=1
DBG t=24 used=0.02 remain=1.46 turn_time=0.0192105 end_in=0.0192105 depth=7 dec=0 cand_cap=20 cand=17->17 pick(must/bucket/top/rand)=1/4/11/1 sims=1697 loop=1680 best_avg=-0.365543 best_move=6,3 leader=2 inc2=1 attack_w=0.28786
DBG t=37 used=0.02 remain=1.2 turn_time=0.0190476 end_in=0.0190476 depth=10 dec=0 cand_cap=20 cand=17->17 pick(must/bucket/top/rand)=1/5/10/1 sims=1053 loop=1036 best_avg=-0.421835 best_move=8,2 leader=2 inc2=1 attack_w=0.397228
DBG t=49 used=0.019 remain=0.968 turn_time=0.0189804 end_in=0.0189804 depth=10 dec=0 cand_cap=20 cand=16->16 pick(must/bucket/top/rand)=1/5/10/0 sims=980 loop=964 best_avg=-0.142292 best_move=8,1 leader=2 inc2=1 attack_w=0.25
DBG t=61 used=0.019 remain=0.74 turn_time=0.0189744 end_in=0.0189744 depth=10 dec=0 cand_cap=20 cand=19->19 pick(must/bucket/top/rand)=1/5/10/3 sims=1223 loop=1204 best_avg=-0.123656 best_move=7,3 leader=2 inc2=1 attack_w=0.25
DBG t=74 used=0.019 remain=0.493 turn_time=0.0189615 end_in=0.0189615 depth=11 dec=0 cand_cap=20 cand=22->20 pick(must/bucket/top/rand)=1/5/10/4 sims=868 loop=848 best_avg=0.0488363 best_move=5,4 leader=2 inc2=1 attack_w=0.25
DBG t=86 used=0.019 remain=0.265 turn_time=0.0189286 end_in=0.0189286 depth=11 dec=0 cand_cap=20 cand=9->9 pick(must/bucket/top/rand)=1/4/4/0 sims=1113 loop=1104 best_avg=0.0324511 best_move=6,5 leader=5 inc2=1 attack_w=0.25
DBG t=99 used=0.018 remain=0.018 turn_time=0.018 end_in=0.017 depth=0 dec=0 cand_cap=20 cand=11->11 pick(must/bucket/top/rand)=1/3/7/0 sims=17403 loop=17392 best_avg=0.121695 best_move=5,4 leader=5 inc2=1 attack_w=0.25
DBG summary depth_safety_fired=0
Score = 150137
=== CASE 0116.txt ===
DBG hdr N=10 M=5 T=100 U=4 VMAX=1772 TIME_LIMIT=1.94 MAX_CAND=20 UCB_C=0.21
DBG t=0 used=0.02 remain=1.94 turn_time=0.0194 end_in=0.0194 depth=7 dec=0 cand_cap=20 cand=4->4 pick(must/bucket/top/rand)=1/2/1/0 sims=3276 loop=3272 best_avg=-1.26302 best_move=5,5 leader=1 inc2=1 attack_w=1
DBG t=12 used=0.02 remain=1.7 turn_time=0.0193182 end_in=0.0193182 depth=7 dec=0 cand_cap=20 cand=15->15 pick(must/bucket/top/rand)=1/6/8/0 sims=2251 loop=2236 best_avg=-0.928662 best_move=2,2 leader=1 inc2=0 attack_w=1
DBG t=24 used=0.02 remain=1.46 turn_time=0.0192105 end_in=0.0192105 depth=7 dec=0 cand_cap=20 cand=25->20 pick(must/bucket/top/rand)=1/6/9/4 sims=1920 loop=1900 best_avg=-0.837083 best_move=3,1 leader=1 inc2=0 attack_w=0.576853
DBG t=37 used=0.02 remain=1.2 turn_time=0.0190476 end_in=0.0190476 depth=10 dec=0 cand_cap=20 cand=31->20 pick(must/bucket/top/rand)=1/6/9/4 sims=1164 loop=1144 best_avg=-0.827119 best_move=0,3 leader=1 inc2=0 attack_w=0.596078
DBG t=49 used=0.019 remain=0.968 turn_time=0.0189804 end_in=0.0189804 depth=10 dec=0 cand_cap=20 cand=33->20 pick(must/bucket/top/rand)=1/6/9/4 sims=996 loop=976 best_avg=-0.78041 best_move=2,1 leader=1 inc2=0 attack_w=0.573165
DBG t=61 used=0.019 remain=0.74 turn_time=0.0189744 end_in=0.0189744 depth=10 dec=0 cand_cap=20 cand=34->20 pick(must/bucket/top/rand)=1/7/8/4 sims=1032 loop=1012 best_avg=-0.690764 best_move=4,4 leader=1 inc2=1 attack_w=0.267067
DBG t=74 used=0.019 remain=0.493 turn_time=0.0189615 end_in=0.0189615 depth=11 dec=0 cand_cap=20 cand=33->20 pick(must/bucket/top/rand)=1/6/9/4 sims=852 loop=832 best_avg=-0.625927 best_move=0,2 leader=1 inc2=1 attack_w=0.25
DBG t=86 used=0.019 remain=0.265 turn_time=0.0189286 end_in=0.0189286 depth=11 dec=0 cand_cap=20 cand=34->20 pick(must/bucket/top/rand)=1/6/9/4 sims=924 loop=904 best_avg=-0.628396 best_move=4,0 leader=4 inc2=1 attack_w=0.25
DBG t=99 used=0.018 remain=0.018 turn_time=0.018 end_in=0.017 depth=0 dec=0 cand_cap=20 cand=36->20 pick(must/bucket/top/rand)=1/6/9/4 sims=16812 loop=16792 best_avg=-0.626755 best_move=2,1 leader=4 inc2=1 attack_w=0.25
DBG summary depth_safety_fired=0
Score = 115494
=== CASE 0114.txt ===
DBG hdr N=10 M=7 T=100 U=1 VMAX=2188 TIME_LIMIT=1.94 MAX_CAND=20 UCB_C=0.21
DBG t=0 used=0.02 remain=1.94 turn_time=0.0194 end_in=0.0194 depth=7 dec=0 cand_cap=20 cand=4->4 pick(must/bucket/top/rand)=1/2/1/0 sims=2240 loop=2236 best_avg=-1.60743 best_move=7,1 leader=5 inc2=1 attack_w=1
DBG t=12 used=0.02 remain=1.7 turn_time=0.0193182 end_in=0.0193182 depth=7 dec=0 cand_cap=20 cand=22->20 pick(must/bucket/top/rand)=1/2/13/4 sims=1608 loop=1588 best_avg=-0.875119 best_move=0,1 leader=4 inc2=1 attack_w=1
DBG t=24 used=0.02 remain=1.46 turn_time=0.0192105 end_in=0.0192105 depth=7 dec=0 cand_cap=20 cand=35->20 pick(must/bucket/top/rand)=1/6/9/4 sims=1448 loop=1428 best_avg=-0.127133 best_move=1,6 leader=1 inc2=1 attack_w=0.25
DBG t=37 used=0.02 remain=1.2 turn_time=0.0190476 end_in=0.0190476 depth=10 dec=0 cand_cap=20 cand=47->20 pick(must/bucket/top/rand)=1/6/9/4 sims=936 loop=916 best_avg=0.0415141 best_move=6,2 leader=1 inc2=1 attack_w=0.25
DBG t=49 used=0.019 remain=0.967 turn_time=0.0189608 end_in=0.0189608 depth=10 dec=0 cand_cap=20 cand=49->20 pick(must/bucket/top/rand)=1/6/9/4 sims=904 loop=884 best_avg=0.188214 best_move=8,6 leader=1 inc2=1 attack_w=0.25
DBG t=61 used=0.019 remain=0.739 turn_time=0.0189487 end_in=0.0189487 depth=10 dec=0 cand_cap=20 cand=56->20 pick(must/bucket/top/rand)=1/5/10/4 sims=932 loop=912 best_avg=0.524559 best_move=8,5 leader=1 inc2=1 attack_w=0.25
DBG t=74 used=0.019 remain=0.492 turn_time=0.0189231 end_in=0.0189231 depth=11 dec=0 cand_cap=20 cand=20->20 pick(must/bucket/top/rand)=1/1/14/4 sims=900 loop=880 best_avg=0.574149 best_move=7,6 leader=6 inc2=1 attack_w=0.25
DBG t=86 used=0.019 remain=0.264 turn_time=0.0188571 end_in=0.0188571 depth=11 dec=0 cand_cap=20 cand=69->20 pick(must/bucket/top/rand)=1/6/9/4 sims=768 loop=748 best_avg=0.717485 best_move=6,5 leader=6 inc2=1 attack_w=0.25
DBG t=99 used=0.017 remain=0.017 turn_time=0.017 end_in=0.016 depth=0 dec=1 cand_cap=20 cand=30->20 pick(must/bucket/top/rand)=1/2/13/4 sims=23144 loop=23124 best_avg=1.02007 best_move=4,3 leader=4 inc2=1 attack_w=0.25
DBG summary depth_safety_fired=1
Score = 249118
=== CASE 0118.txt ===
DBG hdr N=10 M=4 T=100 U=2 VMAX=2712 TIME_LIMIT=1.94 MAX_CAND=20 UCB_C=0.21
DBG t=0 used=0.02 remain=1.94 turn_time=0.0194 end_in=0.0194 depth=7 dec=0 cand_cap=20 cand=4->4 pick(must/bucket/top/rand)=1/2/1/0 sims=3324 loop=3320 best_avg=-0.789977 best_move=5,9 leader=3 inc2=1 attack_w=1
DBG t=12 used=0.02 remain=1.7 turn_time=0.0193182 end_in=0.0193182 depth=7 dec=0 cand_cap=20 cand=19->19 pick(must/bucket/top/rand)=1/4/11/3 sims=2511 loop=2492 best_avg=-0.390068 best_move=6,6 leader=1 inc2=0 attack_w=0.25
DBG t=24 used=0.02 remain=1.46 turn_time=0.0192105 end_in=0.0192105 depth=7 dec=0 cand_cap=20 cand=26->20 pick(must/bucket/top/rand)=1/4/11/4 sims=2036 loop=2016 best_avg=-0.366109 best_move=7,5 leader=1 inc2=0 attack_w=0.25
DBG t=37 used=0.02 remain=1.2 turn_time=0.0190476 end_in=0.0190476 depth=10 dec=0 cand_cap=20 cand=35->20 pick(must/bucket/top/rand)=1/6/9/4 sims=1372 loop=1352 best_avg=-0.0685987 best_move=3,6 leader=1 inc2=0 attack_w=0.25
DBG t=49 used=0.019 remain=0.968 turn_time=0.0189804 end_in=0.0189804 depth=10 dec=0 cand_cap=20 cand=41->20 pick(must/bucket/top/rand)=1/8/7/4 sims=1080 loop=1060 best_avg=0.0844894 best_move=5,4 leader=1 inc2=1 attack_w=0.25
DBG t=61 used=0.019 remain=0.74 turn_time=0.0189744 end_in=0.0189744 depth=10 dec=0 cand_cap=20 cand=48->20 pick(must/bucket/top/rand)=1/8/7/4 sims=1080 loop=1060 best_avg=0.0434712 best_move=2,4 leader=1 inc2=1 attack_w=0.25
DBG t=74 used=0.019 remain=0.493 turn_time=0.0189615 end_in=0.0189615 depth=11 dec=0 cand_cap=20 cand=53->20 pick(must/bucket/top/rand)=1/7/8/4 sims=856 loop=836 best_avg=0.0912918 best_move=9,9 leader=1 inc2=0 attack_w=0.25
DBG t=86 used=0.019 remain=0.265 turn_time=0.0189286 end_in=0.0189286 depth=11 dec=0 cand_cap=20 cand=58->20 pick(must/bucket/top/rand)=1/8/7/4 sims=924 loop=904 best_avg=0.158905 best_move=3,4 leader=1 inc2=0 attack_w=0.25
DBG t=99 used=0.018 remain=0.018 turn_time=0.018 end_in=0.017 depth=0 dec=0 cand_cap=20 cand=20->20 pick(must/bucket/top/rand)=1/8/7/4 sims=29816 loop=29796 best_avg=0.610375 best_move=3,5 leader=3 inc2=1 attack_w=0.25
DBG summary depth_safety_fired=0
Score = 260076
=== CASE 0119.txt ===
DBG hdr N=10 M=8 T=100 U=1 VMAX=2418 TIME_LIMIT=1.94 MAX_CAND=20 UCB_C=0.21
DBG t=0 used=0.02 remain=1.94 turn_time=0.0194 end_in=0.0194 depth=7 dec=0 cand_cap=20 cand=5->5 pick(must/bucket/top/rand)=1/2/2/0 sims=2041 loop=2036 best_avg=-0.870855 best_move=5,7 leader=1 inc2=1 attack_w=1
DBG t=12 used=0.02 remain=1.7 turn_time=0.0193182 end_in=0.0193182 depth=7 dec=0 cand_cap=20 cand=11->11 pick(must/bucket/top/rand)=1/2/8/0 sims=1623 loop=1612 best_avg=-0.567267 best_move=1,7 leader=3 inc2=1 attack_w=1
DBG t=24 used=0.02 remain=1.46 turn_time=0.0192105 end_in=0.0192105 depth=7 dec=0 cand_cap=20 cand=15->15 pick(must/bucket/top/rand)=1/5/9/0 sims=1623 loop=1608 best_avg=-0.781697 best_move=1,6 leader=4 inc2=1 attack_w=0.854403
DBG t=37 used=0.02 remain=1.2 turn_time=0.0190476 end_in=0.0190476 depth=10 dec=0 cand_cap=20 cand=5->5 pick(must/bucket/top/rand)=1/2/2/0 sims=1145 loop=1140 best_avg=-0.3012 best_move=0,2 leader=2 inc2=1 attack_w=0.25
DBG t=49 used=0.019 remain=0.968 turn_time=0.0189804 end_in=0.0189804 depth=10 dec=0 cand_cap=20 cand=15->15 pick(must/bucket/top/rand)=1/2/12/0 sims=1167 loop=1152 best_avg=-0.359333 best_move=3,3 leader=2 inc2=1 attack_w=0.25
DBG t=61 used=0.019 remain=0.74 turn_time=0.0189744 end_in=0.0189744 depth=10 dec=0 cand_cap=20 cand=17->17 pick(must/bucket/top/rand)=1/4/11/1 sims=1121 loop=1104 best_avg=-0.173075 best_move=7,1 leader=2 inc2=1 attack_w=1
DBG t=74 used=0.019 remain=0.493 turn_time=0.0189615 end_in=0.0189615 depth=11 dec=0 cand_cap=20 cand=35->20 pick(must/bucket/top/rand)=1/6/9/4 sims=828 loop=808 best_avg=0.0535669 best_move=7,5 leader=1 inc2=1 attack_w=0.25
DBG t=86 used=0.019 remain=0.265 turn_time=0.0189286 end_in=0.0189286 depth=11 dec=0 cand_cap=20 cand=38->20 pick(must/bucket/top/rand)=1/6/9/4 sims=852 loop=832 best_avg=0.0678707 best_move=5,4 leader=1 inc2=1 attack_w=0.25
DBG t=99 used=0.018 remain=0.018 turn_time=0.018 end_in=0.017 depth=0 dec=0 cand_cap=20 cand=46->20 pick(must/bucket/top/rand)=1/5/10/4 sims=23776 loop=23756 best_avg=0.593107 best_move=3,4 leader=7 inc2=1 attack_w=0.25
DBG summary depth_safety_fired=0
Score = 177574
=== CASE 0117.txt ===
DBG hdr N=10 M=8 T=100 U=2 VMAX=1187 TIME_LIMIT=1.94 MAX_CAND=20 UCB_C=0.21
DBG t=0 used=0.02 remain=1.94 turn_time=0.0194 end_in=0.0194 depth=7 dec=0 cand_cap=20 cand=4->4 pick(must/bucket/top/rand)=1/2/1/0 sims=2232 loop=2228 best_avg=-0.794229 best_move=8,1 leader=3 inc2=1 attack_w=0.657045
DBG t=12 used=0.02 remain=1.7 turn_time=0.0193182 end_in=0.0193182 depth=7 dec=0 cand_cap=20 cand=11->11 pick(must/bucket/top/rand)=1/2/8/0 sims=1491 loop=1480 best_avg=-0.839166 best_move=8,1 leader=4 inc2=1 attack_w=1
DBG t=24 used=0.02 remain=1.46 turn_time=0.0192105 end_in=0.0192105 depth=7 dec=0 cand_cap=20 cand=24->20 pick(must/bucket/top/rand)=1/5/10/4 sims=1380 loop=1360 best_avg=-0.568978 best_move=5,4 leader=5 inc2=1 attack_w=1
DBG t=37 used=0.02 remain=1.2 turn_time=0.0190476 end_in=0.0190476 depth=10 dec=0 cand_cap=20 cand=13->13 pick(must/bucket/top/rand)=1/7/5/0 sims=821 loop=808 best_avg=-0.698393 best_move=6,9 leader=5 inc2=1 attack_w=1
DBG t=49 used=0.019 remain=0.968 turn_time=0.0189804 end_in=0.0189804 depth=10 dec=0 cand_cap=20 cand=15->15 pick(must/bucket/top/rand)=1/6/8/0 sims=899 loop=884 best_avg=-0.829173 best_move=4,9 leader=4 inc2=1 attack_w=1
DBG t=61 used=0.019 remain=0.74 turn_time=0.0189744 end_in=0.0189744 depth=10 dec=0 cand_cap=20 cand=29->20 pick(must/bucket/top/rand)=1/6/9/4 sims=840 loop=820 best_avg=-0.57869 best_move=0,8 leader=4 inc2=1 attack_w=1
DBG t=74 used=0.019 remain=0.493 turn_time=0.0189615 end_in=0.0189615 depth=11 dec=0 cand_cap=20 cand=35->20 pick(must/bucket/top/rand)=1/5/10/4 sims=792 loop=772 best_avg=-0.383602 best_move=5,9 leader=4 inc2=1 attack_w=0.69072
DBG t=86 used=0.019 remain=0.265 turn_time=0.0189286 end_in=0.0189286 depth=11 dec=0 cand_cap=20 cand=38->20 pick(must/bucket/top/rand)=1/3/12/4 sims=916 loop=896 best_avg=-0.194422 best_move=6,7 leader=4 inc2=1 attack_w=0.25
DBG t=99 used=0.018 remain=0.018 turn_time=0.018 end_in=0.017 depth=0 dec=0 cand_cap=20 cand=42->20 pick(must/bucket/top/rand)=1/4/11/4 sims=18768 loop=18748 best_avg=-0.0558606 best_move=8,8 leader=1 inc2=1 attack_w=0.25
DBG summary depth_safety_fired=0
Score = 133737
=== CASE 0121.txt ===
DBG hdr N=10 M=4 T=100 U=3 VMAX=1477 TIME_LIMIT=1.94 MAX_CAND=20 UCB_C=0.21
DBG t=0 used=0.02 remain=1.94 turn_time=0.0194 end_in=0.0194 depth=7 dec=0 cand_cap=20 cand=5->5 pick(must/bucket/top/rand)=1/3/1/0 sims=3777 loop=3772 best_avg=-1.12007 best_move=6,8 leader=2 inc2=0 attack_w=0.913552
DBG t=12 used=0.02 remain=1.7 turn_time=0.0193182 end_in=0.0193182 depth=7 dec=0 cand_cap=20 cand=18->18 pick(must/bucket/top/rand)=1/6/9/2 sims=2922 loop=2904 best_avg=-1.03446 best_move=6,7 leader=1 inc2=1 attack_w=0.385522
DBG t=24 used=0.02 remain=1.46 turn_time=0.0192105 end_in=0.0192105 depth=7 dec=0 cand_cap=20 cand=27->20 pick(must/bucket/top/rand)=1/3/12/4 sims=2216 loop=2196 best_avg=-1.12176 best_move=2,6 leader=1 inc2=0 attack_w=0.711261
DBG t=37 used=0.02 remain=1.2 turn_time=0.0190476 end_in=0.0190476 depth=10 dec=0 cand_cap=20 cand=33->20 pick(must/bucket/top/rand)=1/6/9/4 sims=1300 loop=1280 best_avg=-1.14273 best_move=2,8 leader=1 inc2=0 attack_w=0.57531
DBG t=49 used=0.019 remain=0.968 turn_time=0.0189804 end_in=0.0189804 depth=10 dec=0 cand_cap=20 cand=37->20 pick(must/bucket/top/rand)=1/7/8/4 sims=1096 loop=1076 best_avg=-1.17024 best_move=1,9 leader=1 inc2=0 attack_w=0.802717
DBG t=61 used=0.019 remain=0.74 turn_time=0.0189744 end_in=0.0189744 depth=10 dec=0 cand_cap=20 cand=39->20 pick(must/bucket/top/rand)=1/6/9/4 sims=1076 loop=1056 best_avg=-1.07412 best_move=2,5 leader=1 inc2=0 attack_w=0.489269
DBG t=74 used=0.019 remain=0.493 turn_time=0.0189615 end_in=0.0189615 depth=11 dec=0 cand_cap=20 cand=44->20 pick(must/bucket/top/rand)=1/6/9/4 sims=920 loop=900 best_avg=-1.07505 best_move=7,5 leader=1 inc2=0 attack_w=0.487997
DBG t=86 used=0.019 remain=0.265 turn_time=0.0189286 end_in=0.0189286 depth=11 dec=0 cand_cap=20 cand=50->20 pick(must/bucket/top/rand)=1/6/9/4 sims=880 loop=860 best_avg=-1.1507 best_move=2,8 leader=1 inc2=0 attack_w=0.488426
DBG t=99 used=0.018 remain=0.018 turn_time=0.018 end_in=0.017 depth=0 dec=0 cand_cap=20 cand=48->20 pick(must/bucket/top/rand)=1/6/9/4 sims=18344 loop=18324 best_avg=-1.17178 best_move=2,4 leader=1 inc2=0 attack_w=0.724727
DBG summary depth_safety_fired=0
Score = 95288
=== CASE 0120.txt ===
DBG hdr N=10 M=2 T=100 U=1 VMAX=2348 TIME_LIMIT=1.94 MAX_CAND=20 UCB_C=0.21
DBG t=0 used=0.02 remain=1.94 turn_time=0.0194 end_in=0.0194 depth=7 dec=0 cand_cap=20 cand=5->5 pick(must/bucket/top/rand)=1/2/2/0 sims=5385 loop=5380 best_avg=-2.5639 best_move=2,4 leader=1 inc2=1 attack_w=0.15
DBG t=12 used=0.02 remain=1.7 turn_time=0.0193182 end_in=0.0193182 depth=7 dec=0 cand_cap=20 cand=29->20 pick(must/bucket/top/rand)=1/4/11/4 sims=3320 loop=3300 best_avg=-2.00204 best_move=6,2 leader=1 inc2=1 attack_w=0.25
DBG t=24 used=0.02 remain=1.46 turn_time=0.0192105 end_in=0.0192105 depth=7 dec=0 cand_cap=20 cand=41->20 pick(must/bucket/top/rand)=1/6/9/4 sims=3052 loop=3032 best_avg=-1.71552 best_move=8,2 leader=1 inc2=1 attack_w=0.25
DBG t=37 used=0.02 remain=1.2 turn_time=0.0190476 end_in=0.0190476 depth=10 dec=0 cand_cap=20 cand=22->20 pick(must/bucket/top/rand)=1/4/11/4 sims=2360 loop=2340 best_avg=-2.14024 best_move=2,1 leader=1 inc2=1 attack_w=0.25
DBG t=49 used=0.019 remain=0.968 turn_time=0.0189804 end_in=0.0189804 depth=10 dec=0 cand_cap=20 cand=38->20 pick(must/bucket/top/rand)=1/4/11/4 sims=1788 loop=1768 best_avg=-1.66332 best_move=6,2 leader=1 inc2=1 attack_w=0.25
DBG t=61 used=0.019 remain=0.74 turn_time=0.0189744 end_in=0.0189744 depth=10 dec=0 cand_cap=20 cand=8->8 pick(must/bucket/top/rand)=1/5/2/0 sims=1760 loop=1752 best_avg=-1.64283 best_move=5,4 leader=1 inc2=1 attack_w=0.25
DBG t=74 used=0.019 remain=0.493 turn_time=0.0189615 end_in=0.0189615 depth=11 dec=0 cand_cap=20 cand=51->20 pick(must/bucket/top/rand)=1/4/11/4 sims=1348 loop=1328 best_avg=-1.64858 best_move=6,4 leader=1 inc2=1 attack_w=0.25
DBG t=86 used=0.019 remain=0.265 turn_time=0.0189286 end_in=0.0189286 depth=11 dec=0 cand_cap=20 cand=3->3 pick(must/bucket/top/rand)=1/2/0/0 sims=1251 loop=1248 best_avg=-1.53353 best_move=0,5 leader=1 inc2=1 attack_w=0.25
DBG t=99 used=0.018 remain=0.018 turn_time=0.018 end_in=0.017 depth=0 dec=0 cand_cap=20 cand=65->20 pick(must/bucket/top/rand)=1/4/11/4 sims=64968 loop=64948 best_avg=0.264825 best_move=3,3 leader=1 inc2=1 attack_w=0.25
DBG summary depth_safety_fired=0
Score = 384289
=== CASE 0122.txt ===
DBG hdr N=10 M=4 T=100 U=1 VMAX=1669 TIME_LIMIT=1.94 MAX_CAND=20 UCB_C=0.21
DBG t=0 used=0.02 remain=1.94 turn_time=0.0194 end_in=0.0194 depth=7 dec=0 cand_cap=20 cand=5->5 pick(must/bucket/top/rand)=1/3/1/0 sims=3405 loop=3400 best_avg=-1.39572 best_move=8,3 leader=3 inc2=1 attack_w=1
DBG t=12 used=0.02 remain=1.7 turn_time=0.0193182 end_in=0.0193182 depth=7 dec=0 cand_cap=20 cand=13->13 pick(must/bucket/top/rand)=1/6/6/0 sims=2529 loop=2516 best_avg=-1.15901 best_move=5,6 leader=3 inc2=1 attack_w=1
DBG t=24 used=0.02 remain=1.46 turn_time=0.0192105 end_in=0.0192105 depth=7 dec=0 cand_cap=20 cand=36->20 pick(must/bucket/top/rand)=1/6/9/4 sims=2072 loop=2052 best_avg=-0.582563 best_move=7,7 leader=1 inc2=1 attack_w=0.25
DBG t=37 used=0.02 remain=1.2 turn_time=0.0190476 end_in=0.0190476 depth=10 dec=0 cand_cap=20 cand=43->20 pick(must/bucket/top/rand)=1/6/9/4 sims=1228 loop=1208 best_avg=-0.689257 best_move=6,9 leader=1 inc2=1 attack_w=0.25
DBG t=49 used=0.019 remain=0.968 turn_time=0.0189804 end_in=0.0189804 depth=10 dec=0 cand_cap=20 cand=32->20 pick(must/bucket/top/rand)=1/6/9/4 sims=1200 loop=1180 best_avg=-0.752477 best_move=7,6 leader=3 inc2=0 attack_w=0.25
DBG t=61 used=0.019 remain=0.74 turn_time=0.0189744 end_in=0.0189744 depth=10 dec=0 cand_cap=20 cand=11->11 pick(must/bucket/top/rand)=1/0/10/0 sims=1299 loop=1288 best_avg=-0.793972 best_move=7,8 leader=1 inc2=1 attack_w=0.25
DBG t=74 used=0.019 remain=0.493 turn_time=0.0189615 end_in=0.0189615 depth=11 dec=0 cand_cap=20 cand=34->20 pick(must/bucket/top/rand)=1/6/9/4 sims=1016 loop=996 best_avg=-0.859501 best_move=6,4 leader=3 inc2=0 attack_w=0.430384
DBG t=86 used=0.019 remain=0.265 turn_time=0.0189286 end_in=0.0189286 depth=11 dec=0 cand_cap=20 cand=25->20 pick(must/bucket/top/rand)=1/6/9/4 sims=1180 loop=1160 best_avg=-0.754276 best_move=8,0 leader=1 inc2=1 attack_w=0.25
DBG t=99 used=0.018 remain=0.018 turn_time=0.018 end_in=0.017 depth=0 dec=0 cand_cap=20 cand=31->20 pick(must/bucket/top/rand)=1/4/11/4 sims=31684 loop=31664 best_avg=-0.451526 best_move=3,2 leader=3 inc2=0 attack_w=0.25
DBG summary depth_safety_fired=0
Score = 144026
=== CASE 0123.txt ===
DBG hdr N=10 M=8 T=100 U=4 VMAX=1349 TIME_LIMIT=1.94 MAX_CAND=20 UCB_C=0.21
DBG t=0 used=0.02 remain=1.94 turn_time=0.0194 end_in=0.0194 depth=7 dec=0 cand_cap=20 cand=4->4 pick(must/bucket/top/rand)=1/2/1/0 sims=2292 loop=2288 best_avg=-0.339406 best_move=4,0 leader=2 inc2=1 attack_w=0.777092
DBG t=12 used=0.02 remain=1.7 turn_time=0.0193182 end_in=0.0193182 depth=7 dec=0 cand_cap=20 cand=10->10 pick(must/bucket/top/rand)=1/4/5/0 sims=1770 loop=1760 best_avg=-0.2658 best_move=6,1 leader=1 inc2=1 attack_w=0.25
DBG t=24 used=0.02 remain=1.46 turn_time=0.0192105 end_in=0.0192105 depth=7 dec=0 cand_cap=20 cand=15->15 pick(must/bucket/top/rand)=1/6/8/0 sims=1439 loop=1424 best_avg=-0.266728 best_move=6,1 leader=1 inc2=1 attack_w=0.25
DBG t=37 used=0.02 remain=1.2 turn_time=0.0190476 end_in=0.0190476 depth=10 dec=0 cand_cap=20 cand=15->15 pick(must/bucket/top/rand)=1/4/10/0 sims=1003 loop=988 best_avg=-0.330723 best_move=7,2 leader=3 inc2=1 attack_w=0.25
DBG t=49 used=0.019 remain=0.968 turn_time=0.0189804 end_in=0.0189804 depth=10 dec=0 cand_cap=20 cand=22->20 pick(must/bucket/top/rand)=1/0/15/4 sims=948 loop=928 best_avg=-0.181646 best_move=7,4 leader=3 inc2=1 attack_w=0.25
DBG t=61 used=0.019 remain=0.74 turn_time=0.0189744 end_in=0.0189744 depth=10 dec=0 cand_cap=20 cand=33->20 pick(must/bucket/top/rand)=1/4/11/4 sims=880 loop=860 best_avg=-0.104107 best_move=8,1 leader=3 inc2=1 attack_w=0.25
DBG t=74 used=0.019 remain=0.493 turn_time=0.0189615 end_in=0.0189615 depth=11 dec=0 cand_cap=20 cand=10->10 pick(must/bucket/top/rand)=1/6/3/0 sims=790 loop=780 best_avg=-0.136308 best_move=7,6 leader=6 inc2=1 attack_w=0.25
DBG t=86 used=0.019 remain=0.265 turn_time=0.0189286 end_in=0.0189286 depth=11 dec=0 cand_cap=20 cand=19->19 pick(must/bucket/top/rand)=1/6/9/3 sims=907 loop=888 best_avg=-0.11514 best_move=9,8 leader=6 inc2=1 attack_w=0.25
DBG t=99 used=0.018 remain=0.018 turn_time=0.018 end_in=0.017 depth=0 dec=0 cand_cap=20 cand=9->9 pick(must/bucket/top/rand)=1/4/4/0 sims=15561 loop=15552 best_avg=-0.193883 best_move=9,8 leader=6 inc2=1 attack_w=0.25
DBG summary depth_safety_fired=0
Score = 116994
=== CASE 0124.txt ===
DBG hdr N=10 M=8 T=100 U=5 VMAX=1767 TIME_LIMIT=1.94 MAX_CAND=20 UCB_C=0.21
DBG t=0 used=0.02 remain=1.94 turn_time=0.0194 end_in=0.0194 depth=7 dec=0 cand_cap=20 cand=5->5 pick(must/bucket/top/rand)=1/3/1/0 sims=2377 loop=2372 best_avg=-0.310582 best_move=7,4 leader=3 inc2=1 attack_w=0.15
DBG t=12 used=0.02 remain=1.7 turn_time=0.0193182 end_in=0.0193182 depth=7 dec=0 cand_cap=20 cand=12->12 pick(must/bucket/top/rand)=1/5/6/0 sims=2116 loop=2104 best_avg=-0.516985 best_move=7,4 leader=5 inc2=1 attack_w=1
DBG t=24 used=0.02 remain=1.46 turn_time=0.0192105 end_in=0.0192105 depth=7 dec=0 cand_cap=20 cand=14->14 pick(must/bucket/top/rand)=1/6/7/0 sims=1782 loop=1768 best_avg=-0.26601 best_move=7,4 leader=5 inc2=1 attack_w=0.639741
DBG t=37 used=0.02 remain=1.2 turn_time=0.0190476 end_in=0.0190476 depth=10 dec=0 cand_cap=20 cand=19->19 pick(must/bucket/top/rand)=1/7/8/3 sims=1223 loop=1204 best_avg=-0.329164 best_move=7,4 leader=5 inc2=1 attack_w=1
DBG t=49 used=0.019 remain=0.968 turn_time=0.0189804 end_in=0.0189804 depth=10 dec=0 cand_cap=20 cand=20->20 pick(must/bucket/top/rand)=1/7/8/4 sims=1092 loop=1072 best_avg=-0.417898 best_move=8,4 leader=5 inc2=1 attack_w=0.689545
DBG t=61 used=0.019 remain=0.74 turn_time=0.0189744 end_in=0.0189744 depth=10 dec=0 cand_cap=20 cand=19->19 pick(must/bucket/top/rand)=1/6/9/3 sims=1087 loop=1068 best_avg=-0.256004 best_move=7,2 leader=5 inc2=1 attack_w=0.305029
DBG t=74 used=0.019 remain=0.493 turn_time=0.0189615 end_in=0.0189615 depth=11 dec=0 cand_cap=20 cand=24->20 pick(must/bucket/top/rand)=1/6/9/4 sims=1020 loop=1000 best_avg=-0.152934 best_move=9,8 leader=5 inc2=1 attack_w=0.25
DBG t=86 used=0.019 remain=0.265 turn_time=0.0189286 end_in=0.0189286 depth=11 dec=0 cand_cap=20 cand=29->20 pick(must/bucket/top/rand)=1/7/8/4 sims=960 loop=940 best_avg=-0.191486 best_move=6,2 leader=5 inc2=1 attack_w=0.347622
DBG t=99 used=0.018 remain=0.018 turn_time=0.018 end_in=0.017 depth=0 dec=0 cand_cap=20 cand=31->20 pick(must/bucket/top/rand)=1/7/8/4 sims=15764 loop=15744 best_avg=-0.362059 best_move=7,2 leader=5 inc2=1 attack_w=0.31446
DBG summary depth_safety_fired=0
Score = 109892
=== CASE 0125.txt ===
DBG hdr N=10 M=5 T=100 U=2 VMAX=1268 TIME_LIMIT=1.94 MAX_CAND=20 UCB_C=0.21
DBG t=0 used=0.02 remain=1.94 turn_time=0.0194 end_in=0.0194 depth=7 dec=0 cand_cap=20 cand=4->4 pick(must/bucket/top/rand)=1/2/1/0 sims=3212 loop=3208 best_avg=-0.447587 best_move=9,1 leader=4 inc2=1 attack_w=0.15
DBG t=12 used=0.02 remain=1.7 turn_time=0.0193182 end_in=0.0193182 depth=7 dec=0 cand_cap=20 cand=13->13 pick(must/bucket/top/rand)=1/3/9/0 sims=3041 loop=3028 best_avg=-0.13921 best_move=5,1 leader=2 inc2=0 attack_w=0.25
DBG t=24 used=0.02 remain=1.46 turn_time=0.0192105 end_in=0.0192105 depth=7 dec=0 cand_cap=20 cand=12->12 pick(must/bucket/top/rand)=1/7/4/0 sims=2968 loop=2956 best_avg=-0.131842 best_move=6,2 leader=2 inc2=0 attack_w=0.25
DBG t=37 used=0.02 remain=1.2 turn_time=0.0190476 end_in=0.0190476 depth=10 dec=0 cand_cap=20 cand=22->20 pick(must/bucket/top/rand)=1/5/10/4 sims=1660 loop=1640 best_avg=0.0647469 best_move=6,1 leader=3 inc2=0 attack_w=0.25
DBG t=49 used=0.019 remain=0.968 turn_time=0.0189804 end_in=0.0189804 depth=10 dec=0 cand_cap=20 cand=29->20 pick(must/bucket/top/rand)=1/6/9/4 sims=1500 loop=1480 best_avg=0.26503 best_move=8,4 leader=3 inc2=0 attack_w=0.25
DBG t=61 used=0.019 remain=0.74 turn_time=0.0189744 end_in=0.0189744 depth=10 dec=0 cand_cap=20 cand=38->20 pick(must/bucket/top/rand)=1/3/12/4 sims=1196 loop=1176 best_avg=0.0159544 best_move=5,5 leader=4 inc2=0 attack_w=0.25
DBG t=74 used=0.019 remain=0.493 turn_time=0.0189615 end_in=0.0189615 depth=11 dec=0 cand_cap=20 cand=12->12 pick(must/bucket/top/rand)=1/8/3/0 sims=1156 loop=1144 best_avg=0.287136 best_move=1,7 leader=4 inc2=1 attack_w=0.25
DBG t=86 used=0.019 remain=0.265 turn_time=0.0189286 end_in=0.0189286 depth=11 dec=0 cand_cap=20 cand=17->17 pick(must/bucket/top/rand)=1/4/11/1 sims=1145 loop=1128 best_avg=-0.377483 best_move=2,7 leader=3 inc2=0 attack_w=0.25
DBG t=99 used=0.018 remain=0.018 turn_time=0.018 end_in=0.017 depth=0 dec=0 cand_cap=20 cand=25->20 pick(must/bucket/top/rand)=1/2/13/4 sims=21752 loop=21732 best_avg=-0.662707 best_move=7,9 leader=3 inc2=0 attack_w=0.25
DBG summary depth_safety_fired=0
Score = 109258
=== CASE 0128.txt ===
DBG hdr N=10 M=3 T=100 U=5 VMAX=1385 TIME_LIMIT=1.94 MAX_CAND=20 UCB_C=0.21
DBG t=0 used=0.02 remain=1.94 turn_time=0.0194 end_in=0.0194 depth=7 dec=0 cand_cap=20 cand=5->5 pick(must/bucket/top/rand)=1/2/2/0 sims=4953 loop=4948 best_avg=-1.12758 best_move=6,4 leader=1 inc2=1 attack_w=0.15
DBG t=12 used=0.02 remain=1.7 turn_time=0.0193182 end_in=0.0193182 depth=7 dec=0 cand_cap=20 cand=25->20 pick(must/bucket/top/rand)=1/6/9/4 sims=3368 loop=3348 best_avg=-1.21905 best_move=8,5 leader=2 inc2=1 attack_w=0.25
DBG t=24 used=0.02 remain=1.46 turn_time=0.0192105 end_in=0.0192105 depth=7 dec=0 cand_cap=20 cand=29->20 pick(must/bucket/top/rand)=1/8/7/4 sims=2896 loop=2876 best_avg=-1.22283 best_move=9,6 leader=2 inc2=1 attack_w=0.25
DBG t=37 used=0.02 remain=1.2 turn_time=0.0190476 end_in=0.0190476 depth=10 dec=0 cand_cap=20 cand=28->20 pick(must/bucket/top/rand)=1/8/7/4 sims=1564 loop=1544 best_avg=-1.34683 best_move=6,7 leader=2 inc2=1 attack_w=0.25
DBG t=49 used=0.019 remain=0.968 turn_time=0.0189804 end_in=0.0189804 depth=10 dec=0 cand_cap=20 cand=41->20 pick(must/bucket/top/rand)=1/8/7/4 sims=1208 loop=1188 best_avg=-1.41675 best_move=8,2 leader=2 inc2=1 attack_w=0.25
DBG t=61 used=0.019 remain=0.74 turn_time=0.0189744 end_in=0.0189744 depth=10 dec=0 cand_cap=20 cand=42->20 pick(must/bucket/top/rand)=1/6/9/4 sims=1152 loop=1132 best_avg=-1.5041 best_move=9,2 leader=2 inc2=1 attack_w=0.25
DBG t=74 used=0.019 remain=0.493 turn_time=0.0189615 end_in=0.0189615 depth=11 dec=0 cand_cap=20 cand=23->20 pick(must/bucket/top/rand)=1/7/8/4 sims=1092 loop=1072 best_avg=-1.75416 best_move=7,4 leader=2 inc2=1 attack_w=0.615201
DBG t=86 used=0.019 remain=0.265 turn_time=0.0189286 end_in=0.0189286 depth=11 dec=0 cand_cap=20 cand=11->11 pick(must/bucket/top/rand)=1/6/4/0 sims=979 loop=968 best_avg=-1.83822 best_move=7,3 leader=2 inc2=1 attack_w=0.966381
DBG t=99 used=0.018 remain=0.018 turn_time=0.018 end_in=0.017 depth=0 dec=0 cand_cap=20 cand=26->20 pick(must/bucket/top/rand)=1/7/8/4 sims=20984 loop=20964 best_avg=-1.91774 best_move=6,4 leader=2 inc2=1 attack_w=1
DBG summary depth_safety_fired=0
Score = 84621
=== CASE 0127.txt ===
DBG hdr N=10 M=4 T=100 U=1 VMAX=1630 TIME_LIMIT=1.94 MAX_CAND=20 UCB_C=0.21
DBG t=0 used=0.02 remain=1.94 turn_time=0.0194 end_in=0.0194 depth=7 dec=0 cand_cap=20 cand=5->5 pick(must/bucket/top/rand)=1/2/2/0 sims=3281 loop=3276 best_avg=-0.735213 best_move=7,4 leader=3 inc2=0 attack_w=0.220065
DBG t=12 used=0.02 remain=1.7 turn_time=0.0193182 end_in=0.0193182 depth=7 dec=0 cand_cap=20 cand=22->20 pick(must/bucket/top/rand)=1/6/9/4 sims=2240 loop=2220 best_avg=-0.768143 best_move=5,4 leader=3 inc2=0 attack_w=0.25
DBG t=24 used=0.02 remain=1.46 turn_time=0.0192105 end_in=0.0192105 depth=7 dec=0 cand_cap=20 cand=24->20 pick(must/bucket/top/rand)=1/5/10/4 sims=2260 loop=2240 best_avg=-0.617208 best_move=5,7 leader=1 inc2=0 attack_w=0.25
DBG t=37 used=0.02 remain=1.2 turn_time=0.0190476 end_in=0.0190476 depth=10 dec=0 cand_cap=20 cand=24->20 pick(must/bucket/top/rand)=1/4/11/4 sims=1344 loop=1324 best_avg=-0.21656 best_move=5,8 leader=2 inc2=1 attack_w=0.25
DBG t=49 used=0.019 remain=0.968 turn_time=0.0189804 end_in=0.0189804 depth=10 dec=0 cand_cap=20 cand=39->20 pick(must/bucket/top/rand)=1/3/12/4 sims=1080 loop=1060 best_avg=-0.00449215 best_move=2,8 leader=1 inc2=0 attack_w=0.25
DBG t=61 used=0.019 remain=0.74 turn_time=0.0189744 end_in=0.0189744 depth=10 dec=0 cand_cap=20 cand=62->20 pick(must/bucket/top/rand)=1/6/9/4 sims=908 loop=888 best_avg=0.0534384 best_move=8,8 leader=2 inc2=1 attack_w=0.25
DBG t=74 used=0.019 remain=0.493 turn_time=0.0189615 end_in=0.0189615 depth=11 dec=0 cand_cap=20 cand=66->20 pick(must/bucket/top/rand)=1/6/9/4 sims=848 loop=828 best_avg=0.352462 best_move=3,5 leader=1 inc2=1 attack_w=0.25
DBG t=86 used=0.019 remain=0.265 turn_time=0.0189286 end_in=0.0189286 depth=11 dec=0 cand_cap=20 cand=82->20 pick(must/bucket/top/rand)=1/6/9/4 sims=800 loop=780 best_avg=0.649031 best_move=5,6 leader=3 inc2=1 attack_w=0.25
DBG t=99 used=0.018 remain=0.018 turn_time=0.018 end_in=0.017 depth=0 dec=0 cand_cap=20 cand=82->20 pick(must/bucket/top/rand)=1/6/9/4 sims=34988 loop=34968 best_avg=0.987479 best_move=7,6 leader=1 inc2=1 attack_w=0.25
DBG summary depth_safety_fired=0
Score = 295589
=== CASE 0129.txt ===
DBG hdr N=10 M=4 T=100 U=2 VMAX=2828 TIME_LIMIT=1.94 MAX_CAND=20 UCB_C=0.21
DBG t=0 used=0.02 remain=1.94 turn_time=0.0194 end_in=0.0194 depth=7 dec=0 cand_cap=20 cand=5->5 pick(must/bucket/top/rand)=1/2/2/0 sims=3633 loop=3628 best_avg=-1.93552 best_move=3,8 leader=2 inc2=1 attack_w=1
DBG t=12 used=0.02 remain=1.7 turn_time=0.0193182 end_in=0.0193182 depth=7 dec=0 cand_cap=20 cand=24->20 pick(must/bucket/top/rand)=1/3/12/4 sims=2332 loop=2312 best_avg=-1.41031 best_move=3,4 leader=2 inc2=0 attack_w=1
DBG t=24 used=0.02 remain=1.46 turn_time=0.0192105 end_in=0.0192105 depth=7 dec=0 cand_cap=20 cand=40->20 pick(must/bucket/top/rand)=1/5/10/4 sims=1900 loop=1880 best_avg=-1.02681 best_move=6,1 leader=2 inc2=0 attack_w=0.761403
DBG t=37 used=0.02 remain=1.199 turn_time=0.0190317 end_in=0.0190317 depth=10 dec=0 cand_cap=20 cand=8->8 pick(must/bucket/top/rand)=1/4/3/0 sims=1596 loop=1588 best_avg=-1.06656 best_move=8,0 leader=1 inc2=1 attack_w=0.422047
DBG t=49 used=0.019 remain=0.968 turn_time=0.0189804 end_in=0.0189804 depth=10 dec=0 cand_cap=20 cand=10->10 pick(must/bucket/top/rand)=1/2/7/0 sims=1482 loop=1472 best_avg=-1.18655 best_move=9,2 leader=1 inc2=0 attack_w=0.969682
DBG t=61 used=0.019 remain=0.74 turn_time=0.0189744 end_in=0.0189744 depth=10 dec=0 cand_cap=20 cand=10->10 pick(must/bucket/top/rand)=1/2/7/0 sims=1334 loop=1324 best_avg=-1.23702 best_move=8,2 leader=1 inc2=0 attack_w=0.475957
DBG t=74 used=0.019 remain=0.493 turn_time=0.0189615 end_in=0.0189615 depth=11 dec=0 cand_cap=20 cand=10->10 pick(must/bucket/top/rand)=1/1/8/0 sims=1070 loop=1060 best_avg=-1.19935 best_move=9,3 leader=1 inc2=1 attack_w=0.295638
DBG t=86 used=0.019 remain=0.265 turn_time=0.0189286 end_in=0.0189286 depth=11 dec=0 cand_cap=20 cand=12->12 pick(must/bucket/top/rand)=1/4/7/0 sims=1104 loop=1092 best_avg=-1.2482 best_move=8,0 leader=3 inc2=1 attack_w=0.357211
DBG t=99 used=0.018 remain=0.018 turn_time=0.018 end_in=0.017 depth=0 dec=0 cand_cap=20 cand=15->15 pick(must/bucket/top/rand)=1/6/8/0 sims=22963 loop=22948 best_avg=-0.944814 best_move=7,3 leader=3 inc2=1 attack_w=0.338004
DBG summary depth_safety_fired=0
Score = 108415
=== CASE 0126.txt ===
DBG hdr N=10 M=2 T=100 U=2 VMAX=2406 TIME_LIMIT=1.94 MAX_CAND=20 UCB_C=0.21
DBG t=0 used=0.02 remain=1.94 turn_time=0.0194 end_in=0.0194 depth=7 dec=0 cand_cap=20 cand=5->5 pick(must/bucket/top/rand)=1/2/2/0 sims=5997 loop=5992 best_avg=-1.72709 best_move=3,5 leader=1 inc2=1 attack_w=0.15
DBG t=12 used=0.02 remain=1.7 turn_time=0.0193182 end_in=0.0193182 depth=7 dec=0 cand_cap=20 cand=19->19 pick(must/bucket/top/rand)=1/2/13/3 sims=4079 loop=4060 best_avg=-2.19818 best_move=4,4 leader=1 inc2=1 attack_w=0.25
DBG t=24 used=0.02 remain=1.46 turn_time=0.0192105 end_in=0.0192105 depth=7 dec=0 cand_cap=20 cand=23->20 pick(must/bucket/top/rand)=1/2/13/4 sims=3464 loop=3444 best_avg=-2.4849 best_move=5,8 leader=1 inc2=1 attack_w=0.25
DBG t=37 used=0.02 remain=1.2 turn_time=0.0190476 end_in=0.0190476 depth=10 dec=0 cand_cap=20 cand=32->20 pick(must/bucket/top/rand)=1/3/12/4 sims=1944 loop=1924 best_avg=-2.26169 best_move=2,6 leader=1 inc2=1 attack_w=0.25
DBG t=49 used=0.019 remain=0.968 turn_time=0.0189804 end_in=0.0189804 depth=10 dec=0 cand_cap=20 cand=36->20 pick(must/bucket/top/rand)=1/3/12/4 sims=1672 loop=1652 best_avg=-2.17811 best_move=6,8 leader=1 inc2=1 attack_w=0.25
DBG t=61 used=0.019 remain=0.74 turn_time=0.0189744 end_in=0.0189744 depth=10 dec=0 cand_cap=20 cand=40->20 pick(must/bucket/top/rand)=1/3/12/4 sims=1656 loop=1636 best_avg=-2.02246 best_move=6,7 leader=1 inc2=1 attack_w=0.25
DBG t=74 used=0.019 remain=0.493 turn_time=0.0189615 end_in=0.0189615 depth=11 dec=0 cand_cap=20 cand=45->20 pick(must/bucket/top/rand)=1/4/11/4 sims=1324 loop=1304 best_avg=-1.90766 best_move=4,3 leader=1 inc2=1 attack_w=0.25
DBG t=86 used=0.019 remain=0.265 turn_time=0.0189286 end_in=0.0189286 depth=11 dec=0 cand_cap=20 cand=49->20 pick(must/bucket/top/rand)=1/5/10/4 sims=1332 loop=1312 best_avg=-1.91684 best_move=5,7 leader=1 inc2=1 attack_w=0.25
DBG t=99 used=0.018 remain=0.018 turn_time=0.018 end_in=0.017 depth=0 dec=0 cand_cap=20 cand=54->20 pick(must/bucket/top/rand)=1/5/10/4 sims=68016 loop=67996 best_avg=-1.41466 best_move=5,3 leader=1 inc2=1 attack_w=0.25
DBG summary depth_safety_fired=0
Score = 243173
=== CASE 0130.txt ===
DBG hdr N=10 M=6 T=100 U=2 VMAX=1824 TIME_LIMIT=1.94 MAX_CAND=20 UCB_C=0.21
DBG t=0 used=0.02 remain=1.94 turn_time=0.0194 end_in=0.0194 depth=7 dec=0 cand_cap=20 cand=3->3 pick(must/bucket/top/rand)=1/2/0/0 sims=2971 loop=2968 best_avg=-1.36076 best_move=4,2 leader=5 inc2=1 attack_w=0.725313
DBG t=12 used=0.02 remain=1.7 turn_time=0.0193182 end_in=0.0193182 depth=7 dec=0 cand_cap=20 cand=7->7 pick(must/bucket/top/rand)=1/4/2/0 sims=2499 loop=2492 best_avg=-1.47272 best_move=2,3 leader=5 inc2=1 attack_w=1
DBG t=24 used=0.02 remain=1.46 turn_time=0.0192105 end_in=0.0192105 depth=7 dec=0 cand_cap=20 cand=21->20 pick(must/bucket/top/rand)=1/6/9/4 sims=1816 loop=1796 best_avg=-0.978654 best_move=5,8 leader=5 inc2=1 attack_w=1
DBG t=37 used=0.02 remain=1.2 turn_time=0.0190476 end_in=0.0190476 depth=10 dec=0 cand_cap=20 cand=34->20 pick(must/bucket/top/rand)=1/6/9/4 sims=1104 loop=1084 best_avg=-0.770274 best_move=5,6 leader=5 inc2=1 attack_w=1
DBG t=49 used=0.019 remain=0.968 turn_time=0.0189804 end_in=0.0189804 depth=10 dec=0 cand_cap=20 cand=42->20 pick(must/bucket/top/rand)=1/8/7/4 sims=912 loop=892 best_avg=-0.519072 best_move=6,5 leader=5 inc2=1 attack_w=0.578382
DBG t=61 used=0.019 remain=0.74 turn_time=0.0189744 end_in=0.0189744 depth=10 dec=0 cand_cap=20 cand=48->20 pick(must/bucket/top/rand)=1/8/7/4 sims=868 loop=848 best_avg=-0.182487 best_move=2,6 leader=5 inc2=1 attack_w=0.25
DBG t=74 used=0.019 remain=0.493 turn_time=0.0189615 end_in=0.0189615 depth=11 dec=0 cand_cap=20 cand=59->20 pick(must/bucket/top/rand)=1/8/7/4 sims=908 loop=888 best_avg=0.30978 best_move=9,3 leader=5 inc2=1 attack_w=0.25
DBG t=86 used=0.019 remain=0.265 turn_time=0.0189286 end_in=0.0189286 depth=11 dec=0 cand_cap=20 cand=61->20 pick(must/bucket/top/rand)=1/7/8/4 sims=788 loop=768 best_avg=0.359883 best_move=9,6 leader=5 inc2=1 attack_w=0.25
DBG t=99 used=0.018 remain=0.018 turn_time=0.018 end_in=0.017 depth=0 dec=0 cand_cap=20 cand=61->20 pick(must/bucket/top/rand)=1/8/7/4 sims=27404 loop=27384 best_avg=0.641579 best_move=4,3 leader=5 inc2=1 attack_w=0.25
DBG summary depth_safety_fired=0
Score = 218799
=== CASE 0131.txt ===
DBG hdr N=10 M=5 T=100 U=1 VMAX=1033 TIME_LIMIT=1.94 MAX_CAND=20 UCB_C=0.21
DBG t=0 used=0.02 remain=1.94 turn_time=0.0194 end_in=0.0194 depth=7 dec=0 cand_cap=20 cand=4->4 pick(must/bucket/top/rand)=1/2/1/0 sims=3020 loop=3016 best_avg=-0.829809 best_move=0,3 leader=1 inc2=1 attack_w=0.323003
DBG t=12 used=0.02 remain=1.7 turn_time=0.0193182 end_in=0.0193182 depth=7 dec=0 cand_cap=20 cand=27->20 pick(must/bucket/top/rand)=1/2/13/4 sims=1692 loop=1672 best_avg=-0.618551 best_move=0,0 leader=2 inc2=0 attack_w=0.310156
DBG t=24 used=0.02 remain=1.46 turn_time=0.0192105 end_in=0.0192105 depth=7 dec=0 cand_cap=20 cand=38->20 pick(must/bucket/top/rand)=1/3/12/4 sims=1200 loop=1180 best_avg=-0.468231 best_move=3,6 leader=1 inc2=1 attack_w=0.25
DBG t=37 used=0.02 remain=1.2 turn_time=0.0190476 end_in=0.0190476 depth=10 dec=0 cand_cap=20 cand=55->20 pick(must/bucket/top/rand)=1/6/9/4 sims=888 loop=868 best_avg=-0.296559 best_move=8,1 leader=1 inc2=1 attack_w=0.25
DBG t=49 used=0.019 remain=0.968 turn_time=0.0189804 end_in=0.0189804 depth=10 dec=0 cand_cap=20 cand=27->20 pick(must/bucket/top/rand)=1/4/11/4 sims=1016 loop=996 best_avg=-0.121111 best_move=8,5 leader=2 inc2=1 attack_w=0.25
DBG t=61 used=0.019 remain=0.74 turn_time=0.0189744 end_in=0.0189744 depth=10 dec=0 cand_cap=20 cand=38->20 pick(must/bucket/top/rand)=1/4/11/4 sims=928 loop=908 best_avg=0.153421 best_move=6,9 leader=2 inc2=0 attack_w=0.25
DBG t=74 used=0.019 remain=0.493 turn_time=0.0189615 end_in=0.0189615 depth=11 dec=0 cand_cap=20 cand=45->20 pick(must/bucket/top/rand)=1/4/11/4 sims=840 loop=820 best_avg=0.279077 best_move=9,6 leader=1 inc2=0 attack_w=0.25
DBG t=86 used=0.019 remain=0.265 turn_time=0.0189286 end_in=0.0189286 depth=11 dec=0 cand_cap=20 cand=44->20 pick(must/bucket/top/rand)=1/4/11/4 sims=828 loop=808 best_avg=0.330024 best_move=5,9 leader=4 inc2=1 attack_w=0.25
DBG t=99 used=0.018 remain=0.018 turn_time=0.018 end_in=0.017 depth=0 dec=0 cand_cap=20 cand=57->20 pick(must/bucket/top/rand)=1/4/11/4 sims=27224 loop=27204 best_avg=0.648024 best_move=3,5 leader=4 inc2=1 attack_w=0.25
DBG summary depth_safety_fired=0
Score = 229816
=== CASE 0133.txt ===
DBG hdr N=10 M=7 T=100 U=3 VMAX=1854 TIME_LIMIT=1.94 MAX_CAND=20 UCB_C=0.21
DBG t=0 used=0.02 remain=1.94 turn_time=0.0194 end_in=0.0194 depth=7 dec=0 cand_cap=20 cand=4->4 pick(must/bucket/top/rand)=1/2/1/0 sims=2608 loop=2604 best_avg=-0.652505 best_move=9,5 leader=3 inc2=1 attack_w=0.824
DBG t=12 used=0.02 remain=1.7 turn_time=0.0193182 end_in=0.0193182 depth=7 dec=0 cand_cap=20 cand=12->12 pick(must/bucket/top/rand)=1/4/7/0 sims=1864 loop=1852 best_avg=-0.464786 best_move=8,6 leader=4 inc2=1 attack_w=0.310833
DBG t=24 used=0.02 remain=1.46 turn_time=0.0192105 end_in=0.0192105 depth=7 dec=0 cand_cap=20 cand=17->17 pick(must/bucket/top/rand)=1/4/11/1 sims=1725 loop=1708 best_avg=-0.637059 best_move=9,7 leader=4 inc2=1 attack_w=0.923739
DBG t=37 used=0.02 remain=1.2 turn_time=0.0190476 end_in=0.0190476 depth=10 dec=0 cand_cap=20 cand=28->20 pick(must/bucket/top/rand)=1/6/9/4 sims=968 loop=948 best_avg=-0.661256 best_move=3,9 leader=6 inc2=1 attack_w=1
DBG t=49 used=0.019 remain=0.968 turn_time=0.0189804 end_in=0.0189804 depth=10 dec=0 cand_cap=20 cand=30->20 pick(must/bucket/top/rand)=1/5/10/4 sims=956 loop=936 best_avg=-0.706414 best_move=7,5 leader=6 inc2=1 attack_w=1
DBG t=61 used=0.019 remain=0.74 turn_time=0.0189744 end_in=0.0189744 depth=10 dec=0 cand_cap=20 cand=30->20 pick(must/bucket/top/rand)=1/5/10/4 sims=988 loop=968 best_avg=-0.543617 best_move=7,8 leader=6 inc2=1 attack_w=0.781725
DBG t=74 used=0.019 remain=0.493 turn_time=0.0189615 end_in=0.0189615 depth=11 dec=0 cand_cap=20 cand=31->20 pick(must/bucket/top/rand)=1/4/11/4 sims=932 loop=912 best_avg=-0.610712 best_move=6,8 leader=6 inc2=1 attack_w=0.859656
DBG t=86 used=0.019 remain=0.265 turn_time=0.0189286 end_in=0.0189286 depth=11 dec=0 cand_cap=20 cand=32->20 pick(must/bucket/top/rand)=1/4/11/4 sims=904 loop=884 best_avg=-0.663313 best_move=6,6 leader=6 inc2=1 attack_w=0.844631
DBG t=99 used=0.018 remain=0.018 turn_time=0.018 end_in=0.017 depth=0 dec=0 cand_cap=20 cand=35->20 pick(must/bucket/top/rand)=1/4/11/4 sims=16724 loop=16704 best_avg=-0.545492 best_move=6,6 leader=6 inc2=1 attack_w=0.509563
DBG summary depth_safety_fired=0
Score = 99476
=== CASE 0132.txt ===
DBG hdr N=10 M=5 T=100 U=3 VMAX=2576 TIME_LIMIT=1.94 MAX_CAND=20 UCB_C=0.21
DBG t=0 used=0.02 remain=1.94 turn_time=0.0194 end_in=0.0194 depth=7 dec=0 cand_cap=20 cand=4->4 pick(must/bucket/top/rand)=1/2/1/0 sims=3260 loop=3256 best_avg=-1.27513 best_move=9,1 leader=4 inc2=1 attack_w=1
DBG t=12 used=0.02 remain=1.7 turn_time=0.0193182 end_in=0.0193182 depth=7 dec=0 cand_cap=20 cand=7->7 pick(must/bucket/top/rand)=1/3/3/0 sims=2371 loop=2364 best_avg=-1.39856 best_move=9,0 leader=4 inc2=1 attack_w=1
DBG t=24 used=0.02 remain=1.46 turn_time=0.0192105 end_in=0.0192105 depth=7 dec=0 cand_cap=20 cand=25->20 pick(must/bucket/top/rand)=1/6/9/4 sims=2192 loop=2172 best_avg=-1.16633 best_move=5,2 leader=3 inc2=1 attack_w=1
DBG t=37 used=0.02 remain=1.2 turn_time=0.0190476 end_in=0.0190476 depth=10 dec=0 cand_cap=20 cand=29->20 pick(must/bucket/top/rand)=1/6/9/4 sims=1332 loop=1312 best_avg=-1.30027 best_move=3,1 leader=3 inc2=0 attack_w=1
DBG t=49 used=0.019 remain=0.968 turn_time=0.0189804 end_in=0.0189804 depth=10 dec=0 cand_cap=20 cand=30->20 pick(must/bucket/top/rand)=1/7/8/4 sims=1188 loop=1168 best_avg=-1.36646 best_move=3,4 leader=3 inc2=0 attack_w=1
DBG t=61 used=0.019 remain=0.74 turn_time=0.0189744 end_in=0.0189744 depth=10 dec=0 cand_cap=20 cand=30->20 pick(must/bucket/top/rand)=1/6/9/4 sims=1212 loop=1192 best_avg=-1.50981 best_move=3,1 leader=3 inc2=0 attack_w=1
DBG t=74 used=0.019 remain=0.493 turn_time=0.0189615 end_in=0.0189615 depth=11 dec=0 cand_cap=20 cand=31->20 pick(must/bucket/top/rand)=1/6/9/4 sims=1004 loop=984 best_avg=-1.55605 best_move=6,1 leader=3 inc2=0 attack_w=1
DBG t=86 used=0.019 remain=0.265 turn_time=0.0189286 end_in=0.0189286 depth=11 dec=0 cand_cap=20 cand=25->20 pick(must/bucket/top/rand)=1/6/9/4 sims=1104 loop=1084 best_avg=-1.54436 best_move=2,1 leader=3 inc2=0 attack_w=1
DBG t=99 used=0.018 remain=0.018 turn_time=0.018 end_in=0.017 depth=0 dec=0 cand_cap=20 cand=28->20 pick(must/bucket/top/rand)=1/6/9/4 sims=22268 loop=22248 best_avg=-1.38778 best_move=1,1 leader=3 inc2=0 attack_w=1
DBG summary depth_safety_fired=0
Score = 65545
=== CASE 0134.txt ===
DBG hdr N=10 M=6 T=100 U=3 VMAX=1790 TIME_LIMIT=1.94 MAX_CAND=20 UCB_C=0.21
DBG t=0 used=0.02 remain=1.94 turn_time=0.0194 end_in=0.0194 depth=7 dec=0 cand_cap=20 cand=3->3 pick(must/bucket/top/rand)=1/2/0/0 sims=2859 loop=2856 best_avg=-0.871753 best_move=8,9 leader=2 inc2=1 attack_w=1
DBG t=12 used=0.02 remain=1.7 turn_time=0.0193182 end_in=0.0193182 depth=7 dec=0 cand_cap=20 cand=15->15 pick(must/bucket/top/rand)=1/5/9/0 sims=1943 loop=1928 best_avg=-0.618136 best_move=6,6 leader=3 inc2=1 attack_w=0.726743
DBG t=24 used=0.02 remain=1.46 turn_time=0.0192105 end_in=0.0192105 depth=7 dec=0 cand_cap=20 cand=25->20 pick(must/bucket/top/rand)=1/6/9/4 sims=1844 loop=1824 best_avg=-0.385738 best_move=7,8 leader=5 inc2=1 attack_w=0.25
DBG t=37 used=0.02 remain=1.2 turn_time=0.0190476 end_in=0.0190476 depth=10 dec=0 cand_cap=20 cand=32->20 pick(must/bucket/top/rand)=1/4/11/4 sims=1176 loop=1156 best_avg=-0.403427 best_move=8,7 leader=4 inc2=1 attack_w=0.25
DBG t=49 used=0.019 remain=0.968 turn_time=0.0189804 end_in=0.0189804 depth=10 dec=0 cand_cap=20 cand=34->20 pick(must/bucket/top/rand)=1/4/11/4 sims=968 loop=948 best_avg=-0.35423 best_move=8,4 leader=4 inc2=1 attack_w=0.25
DBG t=61 used=0.019 remain=0.74 turn_time=0.0189744 end_in=0.0189744 depth=10 dec=0 cand_cap=20 cand=42->20 pick(must/bucket/top/rand)=1/6/9/4 sims=976 loop=956 best_avg=-0.353386 best_move=5,9 leader=4 inc2=1 attack_w=0.25
DBG t=74 used=0.019 remain=0.493 turn_time=0.0189615 end_in=0.0189615 depth=11 dec=0 cand_cap=20 cand=44->20 pick(must/bucket/top/rand)=1/7/8/4 sims=848 loop=828 best_avg=-0.30362 best_move=6,3 leader=4 inc2=1 attack_w=0.25
DBG t=86 used=0.019 remain=0.265 turn_time=0.0189286 end_in=0.0189286 depth=11 dec=0 cand_cap=20 cand=46->20 pick(must/bucket/top/rand)=1/6/9/4 sims=844 loop=824 best_avg=-0.257059 best_move=5,9 leader=3 inc2=1 attack_w=0.25
DBG t=99 used=0.018 remain=0.018 turn_time=0.018 end_in=0.017 depth=0 dec=0 cand_cap=20 cand=48->20 pick(must/bucket/top/rand)=1/7/8/4 sims=17628 loop=17608 best_avg=-0.182333 best_move=7,9 leader=4 inc2=1 attack_w=0.25
DBG summary depth_safety_fired=0
Score = 133739
=== CASE 0135.txt ===
DBG hdr N=10 M=7 T=100 U=5 VMAX=1885 TIME_LIMIT=1.94 MAX_CAND=20 UCB_C=0.21
DBG t=0 used=0.02 remain=1.94 turn_time=0.0194 end_in=0.0194 depth=7 dec=0 cand_cap=20 cand=5->5 pick(must/bucket/top/rand)=1/2/2/0 sims=2869 loop=2864 best_avg=-0.893941 best_move=6,3 leader=4 inc2=1 attack_w=1
DBG t=12 used=0.02 remain=1.7 turn_time=0.0193182 end_in=0.0193182 depth=7 dec=0 cand_cap=20 cand=21->20 pick(must/bucket/top/rand)=1/4/11/4 sims=2008 loop=1988 best_avg=-0.608763 best_move=3,5 leader=3 inc2=1 attack_w=1
DBG t=24 used=0.02 remain=1.46 turn_time=0.0192105 end_in=0.0192105 depth=7 dec=0 cand_cap=20 cand=28->20 pick(must/bucket/top/rand)=1/7/8/4 sims=1856 loop=1836 best_avg=-0.395508 best_move=2,4 leader=6 inc2=1 attack_w=0.331124
DBG t=37 used=0.02 remain=1.2 turn_time=0.0190476 end_in=0.0190476 depth=10 dec=0 cand_cap=20 cand=29->20 pick(must/bucket/top/rand)=1/6/9/4 sims=1228 loop=1208 best_avg=-0.560855 best_move=7,3 leader=6 inc2=1 attack_w=0.25
DBG t=49 used=0.019 remain=0.968 turn_time=0.0189804 end_in=0.0189804 depth=10 dec=0 cand_cap=20 cand=31->20 pick(must/bucket/top/rand)=1/6/9/4 sims=1116 loop=1096 best_avg=-0.596302 best_move=3,5 leader=6 inc2=1 attack_w=0.315384
DBG t=61 used=0.019 remain=0.74 turn_time=0.0189744 end_in=0.0189744 depth=10 dec=0 cand_cap=20 cand=35->20 pick(must/bucket/top/rand)=1/6/9/4 sims=1016 loop=996 best_avg=-0.470206 best_move=5,8 leader=6 inc2=1 attack_w=0.25
DBG t=74 used=0.019 remain=0.493 turn_time=0.0189615 end_in=0.0189615 depth=11 dec=0 cand_cap=20 cand=38->20 pick(must/bucket/top/rand)=1/7/8/4 sims=884 loop=864 best_avg=-0.488605 best_move=6,3 leader=6 inc2=1 attack_w=0.267177
DBG t=86 used=0.019 remain=0.265 turn_time=0.0189286 end_in=0.0189286 depth=11 dec=0 cand_cap=20 cand=37->20 pick(must/bucket/top/rand)=1/7/8/4 sims=920 loop=900 best_avg=-0.46755 best_move=7,4 leader=6 inc2=1 attack_w=0.25
DBG t=99 used=0.018 remain=0.018 turn_time=0.018 end_in=0.017 depth=0 dec=0 cand_cap=20 cand=38->20 pick(must/bucket/top/rand)=1/7/8/4 sims=19436 loop=19416 best_avg=-0.335988 best_move=6,4 leader=6 inc2=1 attack_w=0.25
DBG summary depth_safety_fired=0
Score = 117423
=== CASE 0137.txt ===
DBG hdr N=10 M=8 T=100 U=1 VMAX=1945 TIME_LIMIT=1.94 MAX_CAND=20 UCB_C=0.21
DBG t=0 used=0.02 remain=1.94 turn_time=0.0194 end_in=0.0194 depth=7 dec=0 cand_cap=20 cand=4->4 pick(must/bucket/top/rand)=1/2/1/0 sims=2056 loop=2052 best_avg=-0.652639 best_move=5,5 leader=6 inc2=1 attack_w=1
DBG t=12 used=0.02 remain=1.7 turn_time=0.0193182 end_in=0.0193182 depth=7 dec=0 cand_cap=20 cand=17->17 pick(must/bucket/top/rand)=1/5/10/1 sims=2157 loop=2140 best_avg=-0.182843 best_move=6,5 leader=1 inc2=1 attack_w=1
DBG t=24 used=0.02 remain=1.46 turn_time=0.0192105 end_in=0.0192105 depth=7 dec=0 cand_cap=20 cand=12->12 pick(must/bucket/top/rand)=1/2/9/0 sims=1856 loop=1844 best_avg=0.246271 best_move=3,6 leader=5 inc2=1 attack_w=0.25
DBG t=37 used=0.02 remain=1.2 turn_time=0.0190476 end_in=0.0190476 depth=10 dec=0 cand_cap=20 cand=41->20 pick(must/bucket/top/rand)=1/2/13/4 sims=1180 loop=1160 best_avg=0.775508 best_move=4,7 leader=5 inc2=1 attack_w=0.25
DBG t=49 used=0.019 remain=0.968 turn_time=0.0189804 end_in=0.0189804 depth=10 dec=0 cand_cap=20 cand=54->20 pick(must/bucket/top/rand)=1/4/11/4 sims=1020 loop=1000 best_avg=0.97186 best_move=0,8 leader=2 inc2=1 attack_w=0.25
DBG t=61 used=0.019 remain=0.74 turn_time=0.0189744 end_in=0.0189744 depth=10 dec=0 cand_cap=20 cand=61->20 pick(must/bucket/top/rand)=1/6/9/4 sims=988 loop=968 best_avg=1.18417 best_move=2,4 leader=1 inc2=1 attack_w=0.25
DBG t=74 used=0.019 remain=0.493 turn_time=0.0189615 end_in=0.0189615 depth=11 dec=0 cand_cap=20 cand=65->20 pick(must/bucket/top/rand)=1/5/10/4 sims=824 loop=804 best_avg=1.37333 best_move=5,3 leader=2 inc2=1 attack_w=0.25
DBG t=86 used=0.019 remain=0.265 turn_time=0.0189286 end_in=0.0189286 depth=11 dec=0 cand_cap=20 cand=71->20 pick(must/bucket/top/rand)=1/6/9/4 sims=832 loop=812 best_avg=1.29582 best_move=8,1 leader=2 inc2=1 attack_w=0.25
DBG t=99 used=0.017 remain=0.017 turn_time=0.017 end_in=0.016 depth=0 dec=1 cand_cap=20 cand=77->20 pick(must/bucket/top/rand)=1/6/9/4 sims=31020 loop=31000 best_avg=1.77647 best_move=5,3 leader=5 inc2=1 attack_w=0.25
DBG summary depth_safety_fired=2
Score = 332291
=== CASE 0136.txt ===
DBG hdr N=10 M=6 T=100 U=1 VMAX=2305 TIME_LIMIT=1.94 MAX_CAND=20 UCB_C=0.21
DBG t=0 used=0.02 remain=1.94 turn_time=0.0194 end_in=0.0194 depth=7 dec=0 cand_cap=20 cand=5->5 pick(must/bucket/top/rand)=1/2/2/0 sims=2809 loop=2804 best_avg=-0.912091 best_move=4,5 leader=5 inc2=1 attack_w=1
DBG t=12 used=0.02 remain=1.7 turn_time=0.0193182 end_in=0.0193182 depth=7 dec=0 cand_cap=20 cand=26->20 pick(must/bucket/top/rand)=1/5/10/4 sims=1772 loop=1752 best_avg=-0.289564 best_move=3,0 leader=2 inc2=1 attack_w=0.604063
DBG t=24 used=0.02 remain=1.46 turn_time=0.0192105 end_in=0.0192105 depth=7 dec=0 cand_cap=20 cand=37->20 pick(must/bucket/top/rand)=1/5/10/4 sims=1692 loop=1672 best_avg=0.135054 best_move=1,4 leader=2 inc2=1 attack_w=0.25
DBG t=37 used=0.02 remain=1.2 turn_time=0.0190476 end_in=0.0190476 depth=10 dec=0 cand_cap=20 cand=53->20 pick(must/bucket/top/rand)=1/6/9/4 sims=996 loop=976 best_avg=0.283895 best_move=0,5 leader=4 inc2=1 attack_w=0.25
DBG t=49 used=0.019 remain=0.968 turn_time=0.0189804 end_in=0.0189804 depth=10 dec=0 cand_cap=20 cand=10->10 pick(must/bucket/top/rand)=1/4/5/0 sims=1082 loop=1072 best_avg=0.220047 best_move=8,5 leader=4 inc2=1 attack_w=0.25
DBG t=61 used=0.019 remain=0.74 turn_time=0.0189744 end_in=0.0189744 depth=10 dec=0 cand_cap=20 cand=26->20 pick(must/bucket/top/rand)=1/3/12/4 sims=916 loop=896 best_avg=0.479239 best_move=6,0 leader=5 inc2=1 attack_w=0.25
DBG t=74 used=0.019 remain=0.493 turn_time=0.0189615 end_in=0.0189615 depth=11 dec=0 cand_cap=20 cand=63->20 pick(must/bucket/top/rand)=1/6/9/4 sims=784 loop=764 best_avg=0.956789 best_move=4,2 leader=5 inc2=1 attack_w=0.25
DBG t=86 used=0.019 remain=0.265 turn_time=0.0189286 end_in=0.0189286 depth=11 dec=0 cand_cap=20 cand=71->20 pick(must/bucket/top/rand)=1/5/10/4 sims=760 loop=740 best_avg=1.19796 best_move=3,2 leader=3 inc2=1 attack_w=0.25
DBG t=99 used=0.018 remain=0.018 turn_time=0.018 end_in=0.017 depth=0 dec=0 cand_cap=20 cand=86->20 pick(must/bucket/top/rand)=1/5/10/4 sims=36208 loop=36188 best_avg=1.75978 best_move=2,1 leader=4 inc2=1 attack_w=0.25
DBG summary depth_safety_fired=0
Score = 360320
=== CASE 0143.txt ===
DBG hdr N=10 M=3 T=100 U=5 VMAX=1725 TIME_LIMIT=1.94 MAX_CAND=20 UCB_C=0.21
DBG t=0 used=0.02 remain=1.94 turn_time=0.0194 end_in=0.0194 depth=7 dec=0 cand_cap=20 cand=5->5 pick(must/bucket/top/rand)=1/3/1/0 sims=5149 loop=5144 best_avg=-1.537 best_move=3,5 leader=2 inc2=1 attack_w=1
DBG t=12 used=0.02 remain=1.7 turn_time=0.0193182 end_in=0.0193182 depth=7 dec=0 cand_cap=20 cand=13->13 pick(must/bucket/top/rand)=1/4/8/0 sims=3913 loop=3900 best_avg=-1.60832 best_move=2,5 leader=2 inc2=1 attack_w=0.557307
DBG t=24 used=0.02 remain=1.46 turn_time=0.0192105 end_in=0.0192105 depth=7 dec=0 cand_cap=20 cand=17->17 pick(must/bucket/top/rand)=1/5/10/1 sims=3053 loop=3036 best_avg=-1.5704 best_move=1,5 leader=1 inc2=1 attack_w=0.330681
DBG t=37 used=0.02 remain=1.2 turn_time=0.0190476 end_in=0.0190476 depth=10 dec=0 cand_cap=20 cand=22->20 pick(must/bucket/top/rand)=1/7/8/4 sims=1772 loop=1752 best_avg=-1.6188 best_move=0,1 leader=1 inc2=1 attack_w=0.411133
DBG t=49 used=0.019 remain=0.967 turn_time=0.0189608 end_in=0.0189608 depth=10 dec=0 cand_cap=20 cand=27->20 pick(must/bucket/top/rand)=1/8/7/4 sims=1624 loop=1604 best_avg=-1.6263 best_move=1,0 leader=2 inc2=1 attack_w=0.497598
DBG t=61 used=0.019 remain=0.739 turn_time=0.0189487 end_in=0.0189487 depth=10 dec=0 cand_cap=20 cand=38->20 pick(must/bucket/top/rand)=1/6/9/4 sims=1452 loop=1432 best_avg=-1.60369 best_move=2,0 leader=2 inc2=1 attack_w=0.381484
DBG t=74 used=0.019 remain=0.492 turn_time=0.0189231 end_in=0.0189231 depth=11 dec=0 cand_cap=20 cand=48->20 pick(must/bucket/top/rand)=1/8/7/4 sims=1136 loop=1116 best_avg=-1.58069 best_move=5,6 leader=1 inc2=1 attack_w=0.25
DBG t=86 used=0.019 remain=0.264 turn_time=0.0188571 end_in=0.0188571 depth=11 dec=0 cand_cap=20 cand=57->20 pick(must/bucket/top/rand)=1/6/9/4 sims=1124 loop=1104 best_avg=-1.52478 best_move=6,8 leader=2 inc2=1 attack_w=0.25
DBG t=99 used=0.017 remain=0.017 turn_time=0.017 end_in=0.016 depth=0 dec=1 cand_cap=20 cand=59->20 pick(must/bucket/top/rand)=1/8/7/4 sims=24872 loop=24852 best_avg=-1.49486 best_move=1,6 leader=2 inc2=1 attack_w=0.25
DBG summary depth_safety_fired=1
Score = 115871
=== CASE 0138.txt ===
DBG hdr N=10 M=6 T=100 U=2 VMAX=2279 TIME_LIMIT=1.94 MAX_CAND=20 UCB_C=0.21
DBG t=0 used=0.02 remain=1.94 turn_time=0.0194 end_in=0.0194 depth=7 dec=0 cand_cap=20 cand=5->5 pick(must/bucket/top/rand)=1/2/2/0 sims=2585 loop=2580 best_avg=-0.949174 best_move=6,8 leader=4 inc2=1 attack_w=1
DBG t=12 used=0.02 remain=1.7 turn_time=0.0193182 end_in=0.0193182 depth=7 dec=0 cand_cap=20 cand=20->20 pick(must/bucket/top/rand)=1/4/11/4 sims=1936 loop=1916 best_avg=-0.495145 best_move=2,8 leader=2 inc2=1 attack_w=0.25
DBG t=24 used=0.02 remain=1.46 turn_time=0.0192105 end_in=0.0192105 depth=7 dec=0 cand_cap=20 cand=29->20 pick(must/bucket/top/rand)=1/8/7/4 sims=1484 loop=1464 best_avg=-0.375535 best_move=5,5 leader=2 inc2=1 attack_w=0.25
DBG t=37 used=0.02 remain=1.2 turn_time=0.0190476 end_in=0.0190476 depth=10 dec=0 cand_cap=20 cand=30->20 pick(must/bucket/top/rand)=1/8/7/4 sims=960 loop=940 best_avg=-0.433215 best_move=3,6 leader=2 inc2=1 attack_w=0.309188
DBG t=49 used=0.019 remain=0.967 turn_time=0.0189608 end_in=0.0189608 depth=10 dec=0 cand_cap=20 cand=16->16 pick(must/bucket/top/rand)=1/7/8/0 sims=976 loop=960 best_avg=-0.540983 best_move=3,3 leader=2 inc2=1 attack_w=0.25
DBG t=61 used=0.019 remain=0.739 turn_time=0.0189487 end_in=0.0189487 depth=10 dec=0 cand_cap=20 cand=25->20 pick(must/bucket/top/rand)=1/7/8/4 sims=908 loop=888 best_avg=-0.353582 best_move=5,3 leader=2 inc2=1 attack_w=0.25
DBG t=74 used=0.019 remain=0.492 turn_time=0.0189231 end_in=0.0189231 depth=11 dec=0 cand_cap=20 cand=36->20 pick(must/bucket/top/rand)=1/6/9/4 sims=808 loop=788 best_avg=-0.31733 best_move=0,5 leader=2 inc2=1 attack_w=0.25
DBG t=86 used=0.019 remain=0.264 turn_time=0.0188571 end_in=0.0188571 depth=11 dec=0 cand_cap=20 cand=35->20 pick(must/bucket/top/rand)=1/8/7/4 sims=832 loop=812 best_avg=-0.448266 best_move=4,3 leader=2 inc2=1 attack_w=0.25
DBG t=99 used=0.017 remain=0.017 turn_time=0.017 end_in=0.016 depth=0 dec=1 cand_cap=20 cand=40->20 pick(must/bucket/top/rand)=1/8/7/4 sims=23216 loop=23196 best_avg=-0.351428 best_move=3,6 leader=1 inc2=1 attack_w=0.25
DBG summary depth_safety_fired=1
Score = 123415
=== CASE 0142.txt ===
DBG hdr N=10 M=4 T=100 U=3 VMAX=1934 TIME_LIMIT=1.94 MAX_CAND=20 UCB_C=0.21
DBG t=0 used=0.02 remain=1.94 turn_time=0.0194 end_in=0.0194 depth=7 dec=0 cand_cap=20 cand=5->5 pick(must/bucket/top/rand)=1/2/2/0 sims=4085 loop=4080 best_avg=-1.45857 best_move=2,1 leader=2 inc2=1 attack_w=1
DBG t=12 used=0.02 remain=1.7 turn_time=0.0193182 end_in=0.0193182 depth=7 dec=0 cand_cap=20 cand=18->18 pick(must/bucket/top/rand)=1/4/11/2 sims=2614 loop=2596 best_avg=-0.801835 best_move=6,1 leader=2 inc2=0 attack_w=0.802194
DBG t=24 used=0.02 remain=1.46 turn_time=0.0192105 end_in=0.0192105 depth=7 dec=0 cand_cap=20 cand=30->20 pick(must/bucket/top/rand)=1/7/8/4 sims=1992 loop=1972 best_avg=-0.85195 best_move=6,5 leader=2 inc2=1 attack_w=0.419867
DBG t=37 used=0.02 remain=1.2 turn_time=0.0190476 end_in=0.0190476 depth=10 dec=0 cand_cap=20 cand=31->20 pick(must/bucket/top/rand)=1/8/7/4 sims=1372 loop=1352 best_avg=-0.72892 best_move=7,2 leader=2 inc2=1 attack_w=0.25
DBG t=49 used=0.019 remain=0.967 turn_time=0.0189608 end_in=0.0189608 depth=10 dec=0 cand_cap=20 cand=6->6 pick(must/bucket/top/rand)=1/1/4/0 sims=1370 loop=1364 best_avg=-0.56929 best_move=8,2 leader=3 inc2=1 attack_w=0.25
DBG t=61 used=0.019 remain=0.739 turn_time=0.0189487 end_in=0.0189487 depth=10 dec=0 cand_cap=20 cand=45->20 pick(must/bucket/top/rand)=1/8/7/4 sims=1280 loop=1260 best_avg=-0.615499 best_move=6,1 leader=3 inc2=0 attack_w=0.25
DBG t=74 used=0.019 remain=0.492 turn_time=0.0189231 end_in=0.0189231 depth=11 dec=0 cand_cap=20 cand=53->20 pick(must/bucket/top/rand)=1/8/7/4 sims=880 loop=860 best_avg=-0.631345 best_move=8,6 leader=2 inc2=1 attack_w=0.25
DBG t=86 used=0.019 remain=0.264 turn_time=0.0188571 end_in=0.0188571 depth=11 dec=0 cand_cap=20 cand=50->20 pick(must/bucket/top/rand)=1/8/7/4 sims=972 loop=952 best_avg=-0.696535 best_move=3,4 leader=1 inc2=1 attack_w=0.25
DBG t=99 used=0.017 remain=0.017 turn_time=0.017 end_in=0.016 depth=0 dec=1 cand_cap=20 cand=58->20 pick(must/bucket/top/rand)=1/8/7/4 sims=37296 loop=37276 best_avg=-0.540856 best_move=8,3 leader=3 inc2=1 attack_w=0.25
DBG summary depth_safety_fired=1
Score = 139880
=== CASE 0141.txt ===
DBG hdr N=10 M=3 T=100 U=3 VMAX=1781 TIME_LIMIT=1.94 MAX_CAND=20 UCB_C=0.21
DBG t=0 used=0.02 remain=1.94 turn_time=0.0194 end_in=0.0194 depth=7 dec=0 cand_cap=20 cand=4->4 pick(must/bucket/top/rand)=1/2/1/0 sims=4572 loop=4568 best_avg=-1.66666 best_move=2,0 leader=1 inc2=1 attack_w=1
DBG t=12 used=0.02 remain=1.7 turn_time=0.0193182 end_in=0.0193182 depth=7 dec=0 cand_cap=20 cand=20->20 pick(must/bucket/top/rand)=1/6/9/4 sims=2612 loop=2592 best_avg=-1.27048 best_move=7,3 leader=2 inc2=1 attack_w=0.25
DBG t=24 used=0.02 remain=1.46 turn_time=0.0192105 end_in=0.0192105 depth=7 dec=0 cand_cap=20 cand=20->20 pick(must/bucket/top/rand)=1/8/7/4 sims=2492 loop=2472 best_avg=-1.20042 best_move=8,3 leader=2 inc2=1 attack_w=0.25
DBG t=37 used=0.02 remain=1.2 turn_time=0.0190476 end_in=0.0190476 depth=10 dec=0 cand_cap=20 cand=19->19 pick(must/bucket/top/rand)=1/7/8/3 sims=1699 loop=1680 best_avg=-1.52096 best_move=6,0 leader=1 inc2=1 attack_w=0.25
DBG t=49 used=0.019 remain=0.967 turn_time=0.0189608 end_in=0.0189608 depth=10 dec=0 cand_cap=20 cand=18->18 pick(must/bucket/top/rand)=1/7/8/2 sims=1558 loop=1540 best_avg=-1.67558 best_move=9,2 leader=1 inc2=1 attack_w=0.309983
DBG t=61 used=0.019 remain=0.739 turn_time=0.0189487 end_in=0.0189487 depth=10 dec=0 cand_cap=20 cand=19->19 pick(must/bucket/top/rand)=1/6/9/3 sims=1539 loop=1520 best_avg=-1.74462 best_move=9,3 leader=1 inc2=1 attack_w=0.469359
DBG t=74 used=0.019 remain=0.492 turn_time=0.0189231 end_in=0.0189231 depth=11 dec=0 cand_cap=20 cand=24->20 pick(must/bucket/top/rand)=1/7/8/4 sims=1224 loop=1204 best_avg=-1.42007 best_move=5,1 leader=1 inc2=1 attack_w=0.25
DBG t=86 used=0.019 remain=0.264 turn_time=0.0188571 end_in=0.0188571 depth=11 dec=0 cand_cap=20 cand=27->20 pick(must/bucket/top/rand)=1/7/8/4 sims=1312 loop=1292 best_avg=-1.35774 best_move=5,2 leader=1 inc2=1 attack_w=0.25
DBG t=99 used=0.017 remain=0.017 turn_time=0.017 end_in=0.016 depth=0 dec=1 cand_cap=20 cand=34->20 pick(must/bucket/top/rand)=1/8/7/4 sims=25588 loop=25568 best_avg=-1.17637 best_move=4,1 leader=1 inc2=1 attack_w=0.25
DBG summary depth_safety_fired=1
Score = 136239
=== CASE 0139.txt ===
DBG hdr N=10 M=7 T=100 U=1 VMAX=1258 TIME_LIMIT=1.94 MAX_CAND=20 UCB_C=0.21
DBG t=0 used=0.02 remain=1.94 turn_time=0.0194 end_in=0.0194 depth=7 dec=0 cand_cap=20 cand=5->5 pick(must/bucket/top/rand)=1/2/2/0 sims=2457 loop=2452 best_avg=-0.695982 best_move=6,4 leader=1 inc2=1 attack_w=1
DBG t=12 used=0.02 remain=1.7 turn_time=0.0193182 end_in=0.0193182 depth=7 dec=0 cand_cap=20 cand=26->20 pick(must/bucket/top/rand)=1/5/10/4 sims=1488 loop=1468 best_avg=-0.369254 best_move=8,2 leader=3 inc2=1 attack_w=1
DBG t=24 used=0.02 remain=1.46 turn_time=0.0192105 end_in=0.0192105 depth=7 dec=0 cand_cap=20 cand=44->20 pick(must/bucket/top/rand)=1/6/9/4 sims=1200 loop=1180 best_avg=-0.016088 best_move=5,1 leader=3 inc2=1 attack_w=0.25
DBG t=37 used=0.02 remain=1.2 turn_time=0.0190476 end_in=0.0190476 depth=10 dec=0 cand_cap=20 cand=50->20 pick(must/bucket/top/rand)=1/6/9/4 sims=888 loop=868 best_avg=0.598204 best_move=5,9 leader=4 inc2=1 attack_w=0.25
DBG t=49 used=0.019 remain=0.966 turn_time=0.0189412 end_in=0.0189412 depth=10 dec=0 cand_cap=20 cand=61->20 pick(must/bucket/top/rand)=1/6/9/4 sims=776 loop=756 best_avg=0.995033 best_move=5,6 leader=4 inc2=1 attack_w=0.25
DBG t=61 used=0.019 remain=0.738 turn_time=0.0189231 end_in=0.0189231 depth=10 dec=0 cand_cap=20 cand=64->20 pick(must/bucket/top/rand)=1/6/9/4 sims=784 loop=764 best_avg=1.12941 best_move=8,5 leader=4 inc2=1 attack_w=0.25
DBG t=74 used=0.019 remain=0.491 turn_time=0.0188846 end_in=0.0188846 depth=11 dec=0 cand_cap=20 cand=68->20 pick(must/bucket/top/rand)=1/6/9/4 sims=692 loop=672 best_avg=0.689273 best_move=9,0 leader=3 inc2=1 attack_w=0.25
DBG t=86 used=0.019 remain=0.263 turn_time=0.0187857 end_in=0.0187857 depth=11 dec=0 cand_cap=20 cand=15->15 pick(must/bucket/top/rand)=1/2/12/0 sims=727 loop=712 best_avg=0.467742 best_move=6,1 leader=5 inc2=1 attack_w=0.25
DBG t=99 used=0.017 remain=0.017 turn_time=0.017 end_in=0.016 depth=0 dec=1 cand_cap=20 cand=21->20 pick(must/bucket/top/rand)=1/4/11/4 sims=21056 loop=21036 best_avg=0.484914 best_move=7,1 leader=6 inc2=1 attack_w=0.25
DBG summary depth_safety_fired=2
Score = 188513
=== CASE 0140.txt ===
DBG hdr N=10 M=6 T=100 U=4 VMAX=2013 TIME_LIMIT=1.94 MAX_CAND=20 UCB_C=0.21
DBG t=0 used=0.02 remain=1.94 turn_time=0.0194 end_in=0.0194 depth=7 dec=0 cand_cap=20 cand=3->3 pick(must/bucket/top/rand)=1/2/0/0 sims=3255 loop=3252 best_avg=-1.229 best_move=5,4 leader=4 inc2=1 attack_w=1
DBG t=12 used=0.02 remain=1.7 turn_time=0.0193182 end_in=0.0193182 depth=7 dec=0 cand_cap=20 cand=13->13 pick(must/bucket/top/rand)=1/4/8/0 sims=2217 loop=2204 best_avg=-0.695362 best_move=1,2 leader=1 inc2=1 attack_w=1
DBG t=24 used=0.02 remain=1.46 turn_time=0.0192105 end_in=0.0192105 depth=7 dec=0 cand_cap=20 cand=17->17 pick(must/bucket/top/rand)=1/6/9/1 sims=2037 loop=2020 best_avg=-0.830288 best_move=2,4 leader=1 inc2=1 attack_w=0.559186
DBG t=37 used=0.02 remain=1.2 turn_time=0.0190476 end_in=0.0190476 depth=10 dec=0 cand_cap=20 cand=27->20 pick(must/bucket/top/rand)=1/6/9/4 sims=1196 loop=1176 best_avg=-0.593729 best_move=3,1 leader=1 inc2=1 attack_w=0.599195
DBG t=49 used=0.019 remain=0.967 turn_time=0.0189608 end_in=0.0189608 depth=10 dec=0 cand_cap=20 cand=28->20 pick(must/bucket/top/rand)=1/6/9/4 sims=1160 loop=1140 best_avg=-0.548001 best_move=0,0 leader=3 inc2=1 attack_w=0.25
DBG t=61 used=0.019 remain=0.739 turn_time=0.0189487 end_in=0.0189487 depth=10 dec=0 cand_cap=20 cand=30->20 pick(must/bucket/top/rand)=1/7/8/4 sims=1060 loop=1040 best_avg=-0.523524 best_move=2,5 leader=3 inc2=1 attack_w=0.25
DBG t=74 used=0.019 remain=0.492 turn_time=0.0189231 end_in=0.0189231 depth=11 dec=0 cand_cap=20 cand=33->20 pick(must/bucket/top/rand)=1/8/7/4 sims=900 loop=880 best_avg=-0.368927 best_move=1,5 leader=3 inc2=1 attack_w=0.25
DBG t=86 used=0.019 remain=0.264 turn_time=0.0188571 end_in=0.0188571 depth=11 dec=0 cand_cap=20 cand=33->20 pick(must/bucket/top/rand)=1/7/8/4 sims=948 loop=928 best_avg=-0.297474 best_move=0,5 leader=5 inc2=1 attack_w=0.25
DBG t=99 used=0.017 remain=0.017 turn_time=0.017 end_in=0.016 depth=0 dec=1 cand_cap=20 cand=38->20 pick(must/bucket/top/rand)=1/7/8/4 sims=17220 loop=17200 best_avg=-0.224338 best_move=1,6 leader=5 inc2=1 attack_w=0.25
DBG summary depth_safety_fired=1
Score = 134053
=== CASE 0146.txt ===
DBG hdr N=10 M=5 T=100 U=3 VMAX=1522 TIME_LIMIT=1.94 MAX_CAND=20 UCB_C=0.21
DBG t=0 used=0.02 remain=1.94 turn_time=0.0194 end_in=0.0194 depth=7 dec=0 cand_cap=20 cand=5->5 pick(must/bucket/top/rand)=1/2/2/0 sims=3049 loop=3044 best_avg=-1.03823 best_move=3,4 leader=2 inc2=1 attack_w=1
DBG t=12 used=0.02 remain=1.7 turn_time=0.0193182 end_in=0.0193182 depth=7 dec=0 cand_cap=20 cand=19->19 pick(must/bucket/top/rand)=1/8/7/3 sims=1971 loop=1952 best_avg=-0.969582 best_move=4,5 leader=2 inc2=1 attack_w=0.738667
DBG t=24 used=0.02 remain=1.46 turn_time=0.0192105 end_in=0.0192105 depth=7 dec=0 cand_cap=20 cand=29->20 pick(must/bucket/top/rand)=1/7/8/4 sims=1664 loop=1644 best_avg=-0.665806 best_move=6,3 leader=4 inc2=1 attack_w=0.25
DBG t=37 used=0.02 remain=1.2 turn_time=0.0190476 end_in=0.0190476 depth=10 dec=0 cand_cap=20 cand=26->20 pick(must/bucket/top/rand)=1/8/7/4 sims=1196 loop=1176 best_avg=-0.761494 best_move=5,6 leader=1 inc2=1 attack_w=0.25
DBG t=49 used=0.019 remain=0.968 turn_time=0.0189804 end_in=0.0189804 depth=10 dec=0 cand_cap=20 cand=24->20 pick(must/bucket/top/rand)=1/5/10/4 sims=1140 loop=1120 best_avg=-0.823283 best_move=8,3 leader=1 inc2=1 attack_w=0.328247
DBG t=61 used=0.019 remain=0.74 turn_time=0.0189744 end_in=0.0189744 depth=10 dec=0 cand_cap=20 cand=25->20 pick(must/bucket/top/rand)=1/5/10/4 sims=1120 loop=1100 best_avg=-0.886261 best_move=8,6 leader=2 inc2=1 attack_w=0.499498
DBG t=74 used=0.019 remain=0.478 turn_time=0.0183846 end_in=0.0183846 depth=11 dec=0 cand_cap=20 cand=26->20 pick(must/bucket/top/rand)=1/5/10/4 sims=864 loop=844 best_avg=-0.951545 best_move=9,1 leader=2 inc2=1 attack_w=0.638365
DBG t=86 used=0.018 remain=0.251 turn_time=0.0179286 end_in=0.0179286 depth=10 dec=1 cand_cap=20 cand=24->20 pick(must/bucket/top/rand)=1/3/12/4 sims=1048 loop=1028 best_avg=-1.06315 best_move=8,7 leader=2 inc2=1 attack_w=1
DBG t=99 used=0.017 remain=0.017 turn_time=0.017 end_in=0.016 depth=0 dec=1 cand_cap=20 cand=24->20 pick(must/bucket/top/rand)=1/3/12/4 sims=15656 loop=15636 best_avg=-0.980308 best_move=7,5 leader=2 inc2=1 attack_w=1
DBG summary depth_safety_fired=18
Score = 87928
=== CASE 0147.txt ===
DBG hdr N=10 M=4 T=100 U=4 VMAX=1165 TIME_LIMIT=1.94 MAX_CAND=20 UCB_C=0.21
DBG t=0 used=0.02 remain=1.94 turn_time=0.0194 end_in=0.0194 depth=7 dec=0 cand_cap=20 cand=5->5 pick(must/bucket/top/rand)=1/2/2/0 sims=3817 loop=3812 best_avg=-1.10581 best_move=0,6 leader=1 inc2=1 attack_w=1
DBG t=12 used=0.02 remain=1.7 turn_time=0.0193182 end_in=0.0193182 depth=7 dec=0 cand_cap=20 cand=12->12 pick(must/bucket/top/rand)=1/4/7/0 sims=2368 loop=2356 best_avg=-1.24598 best_move=1,5 leader=3 inc2=0 attack_w=0.885802
DBG t=24 used=0.02 remain=1.46 turn_time=0.0192105 end_in=0.0192105 depth=7 dec=0 cand_cap=20 cand=14->14 pick(must/bucket/top/rand)=1/4/9/0 sims=1838 loop=1824 best_avg=-1.3311 best_move=2,5 leader=2 inc2=1 attack_w=1
DBG t=37 used=0.02 remain=1.2 turn_time=0.0190476 end_in=0.0190476 depth=10 dec=0 cand_cap=20 cand=20->20 pick(must/bucket/top/rand)=1/8/7/4 sims=1172 loop=1152 best_avg=-0.884448 best_move=2,6 leader=2 inc2=1 attack_w=0.529517
DBG t=49 used=0.019 remain=0.968 turn_time=0.0189804 end_in=0.0189804 depth=10 dec=0 cand_cap=20 cand=4->4 pick(must/bucket/top/rand)=1/2/1/0 sims=1100 loop=1096 best_avg=-0.758722 best_move=4,5 leader=3 inc2=1 attack_w=0.25
DBG t=61 used=0.019 remain=0.74 turn_time=0.0189744 end_in=0.0189744 depth=10 dec=0 cand_cap=20 cand=36->20 pick(must/bucket/top/rand)=1/8/7/4 sims=1072 loop=1052 best_avg=-0.789495 best_move=3,2 leader=3 inc2=1 attack_w=0.25
DBG t=74 used=0.019 remain=0.468 turn_time=0.018 end_in=0.018 depth=11 dec=0 cand_cap=20 cand=39->20 pick(must/bucket/top/rand)=1/8/7/4 sims=408 loop=388 best_avg=-0.699379 best_move=4,4 leader=3 inc2=1 attack_w=0.25
DBG t=86 used=0.018 remain=0.251 turn_time=0.0179286 end_in=0.0179286 depth=10 dec=1 cand_cap=20 cand=48->20 pick(must/bucket/top/rand)=1/8/7/4 sims=980 loop=960 best_avg=-0.460293 best_move=1,0 leader=1 inc2=1 attack_w=0.25
DBG t=99 used=0.017 remain=0.017 turn_time=0.017 end_in=0.016 depth=0 dec=1 cand_cap=20 cand=52->20 pick(must/bucket/top/rand)=1/8/7/4 sims=24448 loop=24428 best_avg=-0.349775 best_move=2,3 leader=1 inc2=1 attack_w=0.25
DBG summary depth_safety_fired=25
Score = 155055
=== CASE 0148.txt ===
DBG hdr N=10 M=6 T=100 U=2 VMAX=2056 TIME_LIMIT=1.94 MAX_CAND=20 UCB_C=0.21
DBG t=0 used=0.02 remain=1.94 turn_time=0.0194 end_in=0.0194 depth=7 dec=0 cand_cap=20 cand=4->4 pick(must/bucket/top/rand)=1/2/1/0 sims=2640 loop=2636 best_avg=-1.01045 best_move=7,7 leader=4 inc2=1 attack_w=1
DBG t=12 used=0.02 remain=1.7 turn_time=0.0193182 end_in=0.0193182 depth=7 dec=0 cand_cap=20 cand=9->9 pick(must/bucket/top/rand)=1/6/2/0 sims=1749 loop=1740 best_avg=-1.14926 best_move=0,8 leader=4 inc2=1 attack_w=1
DBG t=24 used=0.02 remain=1.46 turn_time=0.0192105 end_in=0.0192105 depth=7 dec=0 cand_cap=20 cand=11->11 pick(must/bucket/top/rand)=1/4/6/0 sims=1547 loop=1536 best_avg=-0.9445 best_move=0,8 leader=2 inc2=1 attack_w=1
DBG t=37 used=0.02 remain=1.2 turn_time=0.0190476 end_in=0.0190476 depth=10 dec=0 cand_cap=20 cand=31->20 pick(must/bucket/top/rand)=1/6/9/4 sims=1188 loop=1168 best_avg=-0.555076 best_move=3,5 leader=2 inc2=1 attack_w=0.843347
DBG t=49 used=0.019 remain=0.968 turn_time=0.0189804 end_in=0.0189804 depth=10 dec=0 cand_cap=20 cand=40->20 pick(must/bucket/top/rand)=1/6/9/4 sims=1028 loop=1008 best_avg=-0.268879 best_move=5,5 leader=2 inc2=1 attack_w=0.25
DBG t=61 used=0.019 remain=0.74 turn_time=0.0189744 end_in=0.0189744 depth=10 dec=0 cand_cap=20 cand=44->20 pick(must/bucket/top/rand)=1/8/7/4 sims=908 loop=888 best_avg=-0.202638 best_move=4,4 leader=2 inc2=1 attack_w=0.25
DBG t=74 used=0.019 remain=0.485 turn_time=0.0186538 end_in=0.0186538 depth=11 dec=0 cand_cap=20 cand=54->20 pick(must/bucket/top/rand)=1/8/7/4 sims=764 loop=744 best_avg=0.208621 best_move=0,6 leader=2 inc2=1 attack_w=0.25
DBG t=86 used=0.019 remain=0.253 turn_time=0.0180714 end_in=0.0180714 depth=11 dec=0 cand_cap=20 cand=58->20 pick(must/bucket/top/rand)=1/8/7/4 sims=760 loop=740 best_avg=0.556163 best_move=3,4 leader=2 inc2=1 attack_w=0.25
DBG t=99 used=0.017 remain=0.017 turn_time=0.017 end_in=0.016 depth=0 dec=1 cand_cap=20 cand=61->20 pick(must/bucket/top/rand)=1/8/7/4 sims=21920 loop=21900 best_avg=0.852328 best_move=1,2 leader=2 inc2=1 attack_w=0.25
DBG summary depth_safety_fired=12
Score = 228314
=== CASE 0144.txt ===
DBG hdr N=10 M=3 T=100 U=3 VMAX=1649 TIME_LIMIT=1.94 MAX_CAND=20 UCB_C=0.21
DBG t=0 used=0.02 remain=1.94 turn_time=0.0194 end_in=0.0194 depth=7 dec=0 cand_cap=20 cand=5->5 pick(must/bucket/top/rand)=1/2/2/0 sims=4509 loop=4504 best_avg=-1.54884 best_move=2,3 leader=1 inc2=1 attack_w=1
DBG t=12 used=0.02 remain=1.7 turn_time=0.0193182 end_in=0.0193182 depth=7 dec=0 cand_cap=20 cand=23->20 pick(must/bucket/top/rand)=1/5/10/4 sims=3232 loop=3212 best_avg=-1.4734 best_move=5,5 leader=1 inc2=1 attack_w=0.514371
DBG t=24 used=0.02 remain=1.46 turn_time=0.0192105 end_in=0.0192105 depth=7 dec=0 cand_cap=20 cand=36->20 pick(must/bucket/top/rand)=1/7/8/4 sims=3412 loop=3392 best_avg=-0.841698 best_move=7,7 leader=1 inc2=1 attack_w=0.25
DBG t=37 used=0.02 remain=1.2 turn_time=0.0190476 end_in=0.0190476 depth=10 dec=0 cand_cap=20 cand=42->20 pick(must/bucket/top/rand)=1/7/8/4 sims=1816 loop=1796 best_avg=-0.202375 best_move=7,8 leader=1 inc2=1 attack_w=0.25
DBG t=49 used=0.019 remain=0.968 turn_time=0.0189804 end_in=0.0189804 depth=10 dec=0 cand_cap=20 cand=47->20 pick(must/bucket/top/rand)=1/7/8/4 sims=1628 loop=1608 best_avg=0.0322439 best_move=4,7 leader=1 inc2=1 attack_w=0.25
DBG t=61 used=0.019 remain=0.74 turn_time=0.0189744 end_in=0.0189744 depth=10 dec=0 cand_cap=20 cand=54->20 pick(must/bucket/top/rand)=1/5/10/4 sims=1592 loop=1572 best_avg=0.221025 best_move=7,2 leader=1 inc2=1 attack_w=0.25
DBG t=74 used=0.019 remain=0.472 turn_time=0.0181538 end_in=0.0181538 depth=11 dec=0 cand_cap=20 cand=64->20 pick(must/bucket/top/rand)=1/7/8/4 sims=832 loop=812 best_avg=0.311925 best_move=7,9 leader=1 inc2=1 attack_w=0.25
DBG t=86 used=0.018 remain=0.251 turn_time=0.0179286 end_in=0.0179286 depth=10 dec=1 cand_cap=20 cand=67->20 pick(must/bucket/top/rand)=1/8/7/4 sims=1132 loop=1112 best_avg=0.294959 best_move=6,9 leader=1 inc2=1 attack_w=0.25
DBG t=99 used=0.017 remain=0.017 turn_time=0.017 end_in=0.016 depth=0 dec=1 cand_cap=20 cand=64->20 pick(must/bucket/top/rand)=1/7/8/4 sims=45964 loop=45944 best_avg=0.542686 best_move=6,9 leader=1 inc2=1 attack_w=0.25
DBG summary depth_safety_fired=22
Score = 293616
=== CASE 0145.txt ===
DBG hdr N=10 M=7 T=100 U=1 VMAX=1296 TIME_LIMIT=1.94 MAX_CAND=20 UCB_C=0.21
DBG t=0 used=0.02 remain=1.94 turn_time=0.0194 end_in=0.0194 depth=7 dec=0 cand_cap=20 cand=3->3 pick(must/bucket/top/rand)=1/2/0/0 sims=2231 loop=2228 best_avg=-0.598313 best_move=9,8 leader=4 inc2=1 attack_w=0.894669
DBG t=12 used=0.02 remain=1.7 turn_time=0.0193182 end_in=0.0193182 depth=7 dec=0 cand_cap=20 cand=20->20 pick(must/bucket/top/rand)=1/6/9/4 sims=1332 loop=1312 best_avg=-0.338934 best_move=4,9 leader=3 inc2=1 attack_w=0.610608
DBG t=24 used=0.02 remain=1.46 turn_time=0.0192105 end_in=0.0192105 depth=7 dec=0 cand_cap=20 cand=23->20 pick(must/bucket/top/rand)=1/4/11/4 sims=1356 loop=1336 best_avg=-0.512064 best_move=7,6 leader=2 inc2=1 attack_w=0.386912
DBG t=37 used=0.02 remain=1.2 turn_time=0.0190476 end_in=0.0190476 depth=10 dec=0 cand_cap=20 cand=37->20 pick(must/bucket/top/rand)=1/4/11/4 sims=848 loop=828 best_avg=-0.0289407 best_move=9,2 leader=4 inc2=1 attack_w=0.25
DBG t=49 used=0.019 remain=0.968 turn_time=0.0189804 end_in=0.0189804 depth=10 dec=0 cand_cap=20 cand=37->20 pick(must/bucket/top/rand)=1/4/11/4 sims=840 loop=820 best_avg=0.232492 best_move=5,9 leader=6 inc2=1 attack_w=0.25
DBG t=61 used=0.019 remain=0.74 turn_time=0.0189744 end_in=0.0189744 depth=10 dec=0 cand_cap=20 cand=49->20 pick(must/bucket/top/rand)=1/4/11/4 sims=764 loop=744 best_avg=0.36712 best_move=7,5 leader=5 inc2=1 attack_w=0.25
DBG t=74 used=0.019 remain=0.47 turn_time=0.0180769 end_in=0.0180769 depth=11 dec=0 cand_cap=20 cand=52->20 pick(must/bucket/top/rand)=1/4/11/4 sims=496 loop=476 best_avg=0.53699 best_move=7,8 leader=4 inc2=1 attack_w=0.25
DBG t=86 used=0.018 remain=0.251 turn_time=0.0179286 end_in=0.0179286 depth=10 dec=1 cand_cap=20 cand=57->20 pick(must/bucket/top/rand)=1/4/11/4 sims=736 loop=716 best_avg=0.693277 best_move=1,1 leader=4 inc2=1 attack_w=0.25
DBG t=99 used=0.017 remain=0.017 turn_time=0.017 end_in=0.016 depth=0 dec=1 cand_cap=20 cand=31->20 pick(must/bucket/top/rand)=1/3/12/4 sims=18852 loop=18832 best_avg=0.78324 best_move=3,9 leader=3 inc2=1 attack_w=0.25
DBG summary depth_safety_fired=23
Score = 213387
=== CASE 0149.txt ===
DBG hdr N=10 M=7 T=100 U=5 VMAX=1666 TIME_LIMIT=1.94 MAX_CAND=20 UCB_C=0.21
DBG t=0 used=0.02 remain=1.94 turn_time=0.0194 end_in=0.0194 depth=7 dec=0 cand_cap=20 cand=5->5 pick(must/bucket/top/rand)=1/3/1/0 sims=2541 loop=2536 best_avg=-0.65115 best_move=4,5 leader=6 inc2=1 attack_w=1
DBG t=12 used=0.02 remain=1.7 turn_time=0.0193182 end_in=0.0193182 depth=7 dec=0 cand_cap=20 cand=14->14 pick(must/bucket/top/rand)=1/6/7/0 sims=1918 loop=1904 best_avg=-0.302483 best_move=5,4 leader=6 inc2=1 attack_w=0.25
DBG t=24 used=0.02 remain=1.46 turn_time=0.0192105 end_in=0.0192105 depth=7 dec=0 cand_cap=20 cand=23->20 pick(must/bucket/top/rand)=1/8/7/4 sims=1984 loop=1964 best_avg=0.0492841 best_move=5,4 leader=4 inc2=1 attack_w=0.25
DBG t=37 used=0.02 remain=1.2 turn_time=0.0190476 end_in=0.0190476 depth=10 dec=0 cand_cap=20 cand=35->20 pick(must/bucket/top/rand)=1/6/9/4 sims=1564 loop=1544 best_avg=0.432976 best_move=8,7 leader=5 inc2=1 attack_w=0.25
DBG t=49 used=0.019 remain=0.968 turn_time=0.0189804 end_in=0.0189804 depth=10 dec=0 cand_cap=20 cand=39->20 pick(must/bucket/top/rand)=1/8/7/4 sims=1404 loop=1384 best_avg=0.49916 best_move=6,7 leader=5 inc2=1 attack_w=0.25
DBG t=61 used=0.019 remain=0.74 turn_time=0.0189744 end_in=0.0189744 depth=10 dec=0 cand_cap=20 cand=44->20 pick(must/bucket/top/rand)=1/6/9/4 sims=1432 loop=1412 best_avg=0.54577 best_move=5,2 leader=4 inc2=1 attack_w=0.25
DBG t=74 used=0.018 remain=0.466 turn_time=0.0179231 end_in=0.0179231 depth=10 dec=1 cand_cap=20 cand=44->20 pick(must/bucket/top/rand)=1/7/8/4 sims=592 loop=572 best_avg=0.664205 best_move=4,7 leader=4 inc2=1 attack_w=0.25
DBG t=86 used=0.018 remain=0.25 turn_time=0.0178571 end_in=0.0178571 depth=10 dec=1 cand_cap=20 cand=49->20 pick(must/bucket/top/rand)=1/6/9/4 sims=1188 loop=1168 best_avg=0.96106 best_move=6,5 leader=4 inc2=1 attack_w=0.25
DBG t=99 used=0.016 remain=0.016 turn_time=0.016 end_in=0.015 depth=0 dec=1 cand_cap=20 cand=52->20 pick(must/bucket/top/rand)=1/6/9/4 sims=24772 loop=24752 best_avg=0.811204 best_move=5,2 leader=4 inc2=1 attack_w=0.25
DBG summary depth_safety_fired=27
Score = 214472
=== CASE 0151.txt ===
DBG hdr N=10 M=3 T=100 U=1 VMAX=1679 TIME_LIMIT=1.94 MAX_CAND=20 UCB_C=0.21
DBG t=0 used=0.02 remain=1.94 turn_time=0.0194 end_in=0.0194 depth=7 dec=0 cand_cap=20 cand=5->5 pick(must/bucket/top/rand)=1/2/2/0 sims=4129 loop=4124 best_avg=-1.01395 best_move=2,9 leader=2 inc2=1 attack_w=1
DBG t=12 used=0.02 remain=1.7 turn_time=0.0193182 end_in=0.0193182 depth=7 dec=0 cand_cap=20 cand=24->20 pick(must/bucket/top/rand)=1/2/13/4 sims=2856 loop=2836 best_avg=-0.744398 best_move=6,9 leader=1 inc2=1 attack_w=0.25
DBG t=24 used=0.02 remain=1.457 turn_time=0.0191711 end_in=0.0191711 depth=7 dec=0 cand_cap=20 cand=42->20 pick(must/bucket/top/rand)=1/5/10/4 sims=936 loop=916 best_avg=-0.376931 best_move=2,3 leader=1 inc2=1 attack_w=0.25
DBG t=37 used=0.02 remain=1.197 turn_time=0.019 end_in=0.019 depth=10 dec=0 cand_cap=20 cand=62->20 pick(must/bucket/top/rand)=1/6/9/4 sims=1296 loop=1276 best_avg=0.378447 best_move=3,0 leader=2 inc2=1 attack_w=0.25
DBG t=49 used=0.019 remain=0.968 turn_time=0.0189804 end_in=0.0189804 depth=10 dec=0 cand_cap=20 cand=72->20 pick(must/bucket/top/rand)=1/6/9/4 sims=1160 loop=1140 best_avg=0.726453 best_move=5,5 leader=1 inc2=1 attack_w=0.25
DBG t=61 used=0.019 remain=0.74 turn_time=0.0189744 end_in=0.0189744 depth=10 dec=0 cand_cap=20 cand=75->20 pick(must/bucket/top/rand)=1/6/9/4 sims=1116 loop=1096 best_avg=0.758829 best_move=3,0 leader=1 inc2=1 attack_w=0.25
DBG t=74 used=0.019 remain=0.493 turn_time=0.0189615 end_in=0.0189615 depth=11 dec=0 cand_cap=20 cand=76->20 pick(must/bucket/top/rand)=1/6/9/4 sims=976 loop=956 best_avg=0.972725 best_move=3,2 leader=2 inc2=1 attack_w=0.25
DBG t=86 used=0.019 remain=0.265 turn_time=0.0189286 end_in=0.0189286 depth=11 dec=0 cand_cap=20 cand=84->20 pick(must/bucket/top/rand)=1/5/10/4 sims=864 loop=844 best_avg=1.05217 best_move=1,1 leader=2 inc2=1 attack_w=0.25
DBG t=99 used=0.018 remain=0.018 turn_time=0.018 end_in=0.017 depth=0 dec=0 cand_cap=20 cand=84->20 pick(must/bucket/top/rand)=1/6/9/4 sims=48576 loop=48556 best_avg=1.59436 best_move=1,1 leader=2 inc2=1 attack_w=0.25
DBG summary depth_safety_fired=0
Score = 437025
=== CASE 0152.txt ===
DBG hdr N=10 M=3 T=100 U=4 VMAX=2181 TIME_LIMIT=1.94 MAX_CAND=20 UCB_C=0.21
DBG t=0 used=0.02 remain=1.94 turn_time=0.0194 end_in=0.0194 depth=7 dec=0 cand_cap=20 cand=5->5 pick(must/bucket/top/rand)=1/2/2/0 sims=4305 loop=4300 best_avg=-2.0035 best_move=3,6 leader=1 inc2=1 attack_w=1
DBG t=12 used=0.02 remain=1.7 turn_time=0.0193182 end_in=0.0193182 depth=7 dec=0 cand_cap=20 cand=18->18 pick(must/bucket/top/rand)=1/4/11/2 sims=3054 loop=3036 best_avg=-1.64005 best_move=0,6 leader=1 inc2=1 attack_w=0.812112
DBG t=24 used=0.02 remain=1.451 turn_time=0.0190921 end_in=0.0190921 depth=7 dec=0 cand_cap=20 cand=25->20 pick(must/bucket/top/rand)=1/8/7/4 sims=2016 loop=1996 best_avg=-1.43712 best_move=1,5 leader=1 inc2=1 attack_w=0.511928
DBG t=37 used=0.019 remain=1.196 turn_time=0.0189841 end_in=0.0189841 depth=10 dec=0 cand_cap=20 cand=35->20 pick(must/bucket/top/rand)=1/8/7/4 sims=1832 loop=1812 best_avg=-1.41769 best_move=5,1 leader=1 inc2=1 attack_w=0.370473
DBG t=49 used=0.019 remain=0.968 turn_time=0.0189804 end_in=0.0189804 depth=10 dec=0 cand_cap=20 cand=30->20 pick(must/bucket/top/rand)=1/8/7/4 sims=1656 loop=1636 best_avg=-1.31707 best_move=4,2 leader=1 inc2=1 attack_w=0.25
DBG t=61 used=0.019 remain=0.74 turn_time=0.0189744 end_in=0.0189744 depth=10 dec=0 cand_cap=20 cand=48->20 pick(must/bucket/top/rand)=1/8/7/4 sims=1616 loop=1596 best_avg=-1.09876 best_move=1,4 leader=1 inc2=1 attack_w=0.25
DBG t=74 used=0.019 remain=0.493 turn_time=0.0189615 end_in=0.0189615 depth=11 dec=0 cand_cap=20 cand=50->20 pick(must/bucket/top/rand)=1/7/8/4 sims=1424 loop=1404 best_avg=-0.623831 best_move=2,3 leader=1 inc2=1 attack_w=0.25
DBG t=86 used=0.019 remain=0.265 turn_time=0.0189286 end_in=0.0189286 depth=11 dec=0 cand_cap=20 cand=56->20 pick(must/bucket/top/rand)=1/8/7/4 sims=1204 loop=1184 best_avg=-0.531415 best_move=1,4 leader=1 inc2=1 attack_w=0.25
DBG t=99 used=0.018 remain=0.018 turn_time=0.018 end_in=0.017 depth=0 dec=0 cand_cap=20 cand=60->20 pick(must/bucket/top/rand)=1/8/7/4 sims=44352 loop=44332 best_avg=-0.237413 best_move=1,4 leader=1 inc2=1 attack_w=0.25
DBG summary depth_safety_fired=0
Score = 218289
=== CASE 0150.txt ===
DBG hdr N=10 M=4 T=100 U=2 VMAX=2104 TIME_LIMIT=1.94 MAX_CAND=20 UCB_C=0.21
DBG t=0 used=0.02 remain=1.94 turn_time=0.0194 end_in=0.0194 depth=7 dec=0 cand_cap=20 cand=5->5 pick(must/bucket/top/rand)=1/2/2/0 sims=3785 loop=3780 best_avg=-1.3263 best_move=5,3 leader=3 inc2=1 attack_w=1
DBG t=12 used=0.02 remain=1.7 turn_time=0.0193182 end_in=0.0193182 depth=7 dec=0 cand_cap=20 cand=21->20 pick(must/bucket/top/rand)=1/5/10/4 sims=2264 loop=2244 best_avg=-1.09533 best_move=4,6 leader=2 inc2=1 attack_w=1
DBG t=24 used=0.02 remain=1.452 turn_time=0.0191053 end_in=0.0191053 depth=7 dec=0 cand_cap=20 cand=31->20 pick(must/bucket/top/rand)=1/8/7/4 sims=796 loop=776 best_avg=-1.30497 best_move=5,9 leader=2 inc2=1 attack_w=1
DBG t=37 used=0.019 remain=1.196 turn_time=0.0189841 end_in=0.0189841 depth=10 dec=0 cand_cap=20 cand=13->13 pick(must/bucket/top/rand)=1/6/6/0 sims=1317 loop=1304 best_avg=-1.23966 best_move=4,8 leader=2 inc2=1 attack_w=1
DBG t=49 used=0.019 remain=0.968 turn_time=0.0189804 end_in=0.0189804 depth=10 dec=0 cand_cap=20 cand=17->17 pick(must/bucket/top/rand)=1/5/10/1 sims=1349 loop=1332 best_avg=-0.838706 best_move=2,8 leader=3 inc2=1 attack_w=0.38474
DBG t=61 used=0.019 remain=0.74 turn_time=0.0189744 end_in=0.0189744 depth=10 dec=0 cand_cap=20 cand=16->16 pick(must/bucket/top/rand)=1/4/11/0 sims=1508 loop=1492 best_avg=-0.846787 best_move=6,9 leader=3 inc2=1 attack_w=0.58037
DBG t=74 used=0.019 remain=0.493 turn_time=0.0189615 end_in=0.0189615 depth=11 dec=0 cand_cap=20 cand=17->17 pick(must/bucket/top/rand)=1/4/11/1 sims=1377 loop=1360 best_avg=-0.75997 best_move=8,9 leader=2 inc2=1 attack_w=0.25
DBG t=86 used=0.019 remain=0.265 turn_time=0.0189286 end_in=0.0189286 depth=11 dec=0 cand_cap=20 cand=21->20 pick(must/bucket/top/rand)=1/6/9/4 sims=1392 loop=1372 best_avg=-0.570728 best_move=5,8 leader=1 inc2=1 attack_w=0.25
DBG t=99 used=0.018 remain=0.018 turn_time=0.018 end_in=0.017 depth=0 dec=0 cand_cap=20 cand=25->20 pick(must/bucket/top/rand)=1/7/8/4 sims=30652 loop=30632 best_avg=-0.422894 best_move=5,8 leader=1 inc2=1 attack_w=0.25
DBG summary depth_safety_fired=0
Score = 147292
=== CASE 0153.txt ===
DBG hdr N=10 M=5 T=100 U=2 VMAX=1370 TIME_LIMIT=1.94 MAX_CAND=20 UCB_C=0.21
DBG t=0 used=0.02 remain=1.94 turn_time=0.0194 end_in=0.0194 depth=7 dec=0 cand_cap=20 cand=4->4 pick(must/bucket/top/rand)=1/3/0/0 sims=3212 loop=3208 best_avg=-0.94168 best_move=8,4 leader=3 inc2=1 attack_w=0.32823
DBG t=12 used=0.02 remain=1.7 turn_time=0.0193182 end_in=0.0193182 depth=7 dec=0 cand_cap=20 cand=19->19 pick(must/bucket/top/rand)=1/4/11/3 sims=2131 loop=2112 best_avg=-0.826531 best_move=4,0 leader=1 inc2=0 attack_w=0.756752
DBG t=24 used=0.02 remain=1.451 turn_time=0.0190921 end_in=0.0190921 depth=7 dec=0 cand_cap=20 cand=27->20 pick(must/bucket/top/rand)=1/6/9/4 sims=1056 loop=1036 best_avg=-0.571139 best_move=8,0 leader=3 inc2=1 attack_w=0.25
DBG t=37 used=0.019 remain=1.196 turn_time=0.0189841 end_in=0.0189841 depth=10 dec=0 cand_cap=20 cand=35->20 pick(must/bucket/top/rand)=1/7/8/4 sims=1048 loop=1028 best_avg=-0.489744 best_move=2,1 leader=4 inc2=1 attack_w=0.25
DBG t=49 used=0.019 remain=0.968 turn_time=0.0189804 end_in=0.0189804 depth=10 dec=0 cand_cap=20 cand=37->20 pick(must/bucket/top/rand)=1/7/8/4 sims=1076 loop=1056 best_avg=-0.315871 best_move=8,1 leader=4 inc2=1 attack_w=0.25
DBG t=61 used=0.019 remain=0.74 turn_time=0.0189744 end_in=0.0189744 depth=10 dec=0 cand_cap=20 cand=21->20 pick(must/bucket/top/rand)=1/8/7/4 sims=1152 loop=1132 best_avg=-0.248236 best_move=7,3 leader=3 inc2=1 attack_w=0.25
DBG t=74 used=0.019 remain=0.493 turn_time=0.0189615 end_in=0.0189615 depth=11 dec=0 cand_cap=20 cand=42->20 pick(must/bucket/top/rand)=1/6/9/4 sims=880 loop=860 best_avg=-0.377557 best_move=5,2 leader=1 inc2=1 attack_w=0.25
DBG t=86 used=0.019 remain=0.265 turn_time=0.0189286 end_in=0.0189286 depth=11 dec=0 cand_cap=20 cand=38->20 pick(must/bucket/top/rand)=1/8/7/4 sims=840 loop=820 best_avg=-0.355045 best_move=5,6 leader=4 inc2=1 attack_w=0.25
DBG t=99 used=0.018 remain=0.018 turn_time=0.018 end_in=0.017 depth=0 dec=0 cand_cap=20 cand=24->20 pick(must/bucket/top/rand)=1/5/10/4 sims=19444 loop=19424 best_avg=-0.515954 best_move=6,4 leader=1 inc2=1 attack_w=0.25
DBG summary depth_safety_fired=0
Score = 119537
=== CASE 0154.txt ===
DBG hdr N=10 M=2 T=100 U=5 VMAX=1488 TIME_LIMIT=1.94 MAX_CAND=20 UCB_C=0.21
DBG t=0 used=0.02 remain=1.94 turn_time=0.0194 end_in=0.0194 depth=7 dec=0 cand_cap=20 cand=5->5 pick(must/bucket/top/rand)=1/2/2/0 sims=5501 loop=5496 best_avg=-2.75 best_move=5,3 leader=1 inc2=1 attack_w=0.156207
DBG t=12 used=0.02 remain=1.7 turn_time=0.0193182 end_in=0.0193182 depth=7 dec=0 cand_cap=20 cand=23->20 pick(must/bucket/top/rand)=1/2/13/4 sims=4300 loop=4280 best_avg=-2.50617 best_move=5,7 leader=1 inc2=1 attack_w=0.25
DBG t=24 used=0.02 remain=1.447 turn_time=0.0190395 end_in=0.0190395 depth=7 dec=0 cand_cap=20 cand=33->20 pick(must/bucket/top/rand)=1/2/13/4 sims=1284 loop=1264 best_avg=-2.50622 best_move=2,9 leader=1 inc2=1 attack_w=0.25
DBG t=37 used=0.019 remain=1.196 turn_time=0.0189841 end_in=0.0189841 depth=10 dec=0 cand_cap=20 cand=36->20 pick(must/bucket/top/rand)=1/2/13/4 sims=1904 loop=1884 best_avg=-2.64702 best_move=2,7 leader=1 inc2=1 attack_w=0.25
DBG t=49 used=0.019 remain=0.968 turn_time=0.0189804 end_in=0.0189804 depth=10 dec=0 cand_cap=20 cand=39->20 pick(must/bucket/top/rand)=1/2/13/4 sims=1896 loop=1876 best_avg=-2.69407 best_move=1,7 leader=1 inc2=1 attack_w=0.25
DBG t=61 used=0.019 remain=0.739 turn_time=0.0189487 end_in=0.0189487 depth=10 dec=0 cand_cap=20 cand=49->20 pick(must/bucket/top/rand)=1/5/10/4 sims=1852 loop=1832 best_avg=-2.75383 best_move=1,5 leader=1 inc2=1 attack_w=0.25
DBG t=74 used=0.019 remain=0.492 turn_time=0.0189231 end_in=0.0189231 depth=11 dec=0 cand_cap=20 cand=54->20 pick(must/bucket/top/rand)=1/6/9/4 sims=1416 loop=1396 best_avg=-2.77184 best_move=3,6 leader=1 inc2=1 attack_w=0.25
DBG t=86 used=0.019 remain=0.264 turn_time=0.0188571 end_in=0.0188571 depth=11 dec=0 cand_cap=20 cand=58->20 pick(must/bucket/top/rand)=1/6/9/4 sims=1212 loop=1192 best_avg=-2.80869 best_move=1,5 leader=1 inc2=1 attack_w=0.25
DBG t=99 used=0.017 remain=0.017 turn_time=0.017 end_in=0.016 depth=0 dec=1 cand_cap=20 cand=58->20 pick(must/bucket/top/rand)=1/6/9/4 sims=41580 loop=41560 best_avg=-2.75519 best_move=0,5 leader=1 inc2=1 attack_w=0.25
DBG summary depth_safety_fired=1
Score = 143719
=== CASE 0155.txt ===
DBG hdr N=10 M=6 T=100 U=3 VMAX=4289 TIME_LIMIT=1.94 MAX_CAND=20 UCB_C=0.21
DBG t=0 used=0.02 remain=1.94 turn_time=0.0194 end_in=0.0194 depth=7 dec=0 cand_cap=20 cand=3->3 pick(must/bucket/top/rand)=1/2/0/0 sims=2679 loop=2676 best_avg=-1.92416 best_move=3,8 leader=4 inc2=1 attack_w=1
DBG t=12 used=0.02 remain=1.7 turn_time=0.0193182 end_in=0.0193182 depth=7 dec=0 cand_cap=20 cand=25->20 pick(must/bucket/top/rand)=1/7/8/4 sims=1944 loop=1924 best_avg=-0.514319 best_move=2,4 leader=4 inc2=1 attack_w=0.25
DBG t=24 used=0.02 remain=1.449 turn_time=0.0190658 end_in=0.0190658 depth=7 dec=0 cand_cap=20 cand=19->19 pick(must/bucket/top/rand)=1/6/9/3 sims=1011 loop=992 best_avg=-0.610923 best_move=2,3 leader=5 inc2=1 attack_w=0.25
DBG t=37 used=0.019 remain=1.196 turn_time=0.0189841 end_in=0.0189841 depth=10 dec=0 cand_cap=20 cand=18->18 pick(must/bucket/top/rand)=1/5/10/2 sims=1338 loop=1320 best_avg=-0.714164 best_move=1,4 leader=1 inc2=1 attack_w=0.25
DBG t=49 used=0.019 remain=0.968 turn_time=0.0189804 end_in=0.0189804 depth=10 dec=0 cand_cap=20 cand=19->19 pick(must/bucket/top/rand)=1/5/10/3 sims=1259 loop=1240 best_avg=-0.951374 best_move=1,4 leader=1 inc2=1 attack_w=0.338523
DBG t=61 used=0.019 remain=0.74 turn_time=0.0189744 end_in=0.0189744 depth=10 dec=0 cand_cap=20 cand=24->20 pick(must/bucket/top/rand)=1/6/9/4 sims=1184 loop=1164 best_avg=-0.807726 best_move=5,2 leader=1 inc2=1 attack_w=0.34473
DBG t=74 used=0.019 remain=0.493 turn_time=0.0189615 end_in=0.0189615 depth=11 dec=0 cand_cap=20 cand=9->9 pick(must/bucket/top/rand)=1/4/4/0 sims=1205 loop=1196 best_avg=-1.04871 best_move=0,2 leader=1 inc2=1 attack_w=1
DBG t=86 used=0.019 remain=0.265 turn_time=0.0189286 end_in=0.0189286 depth=11 dec=0 cand_cap=20 cand=10->10 pick(must/bucket/top/rand)=1/3/6/0 sims=1082 loop=1072 best_avg=-1.25635 best_move=1,3 leader=1 inc2=1 attack_w=1
DBG t=99 used=0.018 remain=0.018 turn_time=0.018 end_in=0.017 depth=0 dec=0 cand_cap=20 cand=9->9 pick(must/bucket/top/rand)=1/2/6/0 sims=18701 loop=18692 best_avg=-1.03239 best_move=1,3 leader=1 inc2=1 attack_w=1
DBG summary depth_safety_fired=0
Score = 75961
=== CASE 0156.txt ===
DBG hdr N=10 M=8 T=100 U=5 VMAX=1060 TIME_LIMIT=1.94 MAX_CAND=20 UCB_C=0.21
DBG t=0 used=0.02 remain=1.94 turn_time=0.0194 end_in=0.0194 depth=7 dec=0 cand_cap=20 cand=5->5 pick(must/bucket/top/rand)=1/2/2/0 sims=2357 loop=2352 best_avg=-0.426824 best_move=1,7 leader=2 inc2=1 attack_w=0.570588
DBG t=12 used=0.02 remain=1.7 turn_time=0.0193182 end_in=0.0193182 depth=7 dec=0 cand_cap=20 cand=21->20 pick(must/bucket/top/rand)=1/8/7/4 sims=1484 loop=1464 best_avg=-0.379037 best_move=3,7 leader=7 inc2=1 attack_w=0.539879
DBG t=24 used=0.02 remain=1.46 turn_time=0.0192105 end_in=0.0192105 depth=7 dec=0 cand_cap=20 cand=28->20 pick(must/bucket/top/rand)=1/8/7/4 sims=1280 loop=1260 best_avg=-0.504376 best_move=3,7 leader=4 inc2=1 attack_w=0.311425
DBG t=37 used=0.02 remain=1.2 turn_time=0.0190476 end_in=0.0190476 depth=10 dec=0 cand_cap=20 cand=29->20 pick(must/bucket/top/rand)=1/4/11/4 sims=976 loop=956 best_avg=-0.840581 best_move=1,7 leader=4 inc2=1 attack_w=1
DBG t=49 used=0.019 remain=0.968 turn_time=0.0189804 end_in=0.0189804 depth=10 dec=0 cand_cap=20 cand=28->20 pick(must/bucket/top/rand)=1/4/11/4 sims=800 loop=780 best_avg=-0.832614 best_move=0,7 leader=4 inc2=1 attack_w=1
DBG t=61 used=0.019 remain=0.74 turn_time=0.0189744 end_in=0.0189744 depth=10 dec=0 cand_cap=20 cand=29->20 pick(must/bucket/top/rand)=1/6/9/4 sims=852 loop=832 best_avg=-0.78989 best_move=0,3 leader=4 inc2=1 attack_w=1
DBG t=74 used=0.019 remain=0.493 turn_time=0.0189615 end_in=0.0189615 depth=11 dec=0 cand_cap=20 cand=34->20 pick(must/bucket/top/rand)=1/6/9/4 sims=824 loop=804 best_avg=-0.479294 best_move=1,7 leader=4 inc2=1 attack_w=0.967797
DBG t=86 used=0.019 remain=0.265 turn_time=0.0189286 end_in=0.0189286 depth=11 dec=0 cand_cap=20 cand=38->20 pick(must/bucket/top/rand)=1/5/10/4 sims=724 loop=704 best_avg=-0.537008 best_move=1,7 leader=4 inc2=1 attack_w=0.692205
DBG t=99 used=0.018 remain=0.018 turn_time=0.018 end_in=0.017 depth=0 dec=0 cand_cap=20 cand=34->20 pick(must/bucket/top/rand)=1/4/11/4 sims=14964 loop=14944 best_avg=-0.429962 best_move=0,7 leader=4 inc2=1 attack_w=0.512438
DBG summary depth_safety_fired=0
Score = 102410
=== CASE 0158.txt ===
DBG hdr N=10 M=3 T=100 U=1 VMAX=1661 TIME_LIMIT=1.94 MAX_CAND=20 UCB_C=0.21
DBG t=0 used=0.02 remain=1.94 turn_time=0.0194 end_in=0.0194 depth=7 dec=0 cand_cap=20 cand=4->4 pick(must/bucket/top/rand)=1/2/1/0 sims=4120 loop=4116 best_avg=-1.47869 best_move=9,5 leader=1 inc2=1 attack_w=0.321191
DBG t=12 used=0.02 remain=1.7 turn_time=0.0193182 end_in=0.0193182 depth=7 dec=0 cand_cap=20 cand=32->20 pick(must/bucket/top/rand)=1/5/10/4 sims=2152 loop=2132 best_avg=-1.43052 best_move=4,3 leader=2 inc2=1 attack_w=1
DBG t=24 used=0.02 remain=1.46 turn_time=0.0192105 end_in=0.0192105 depth=7 dec=0 cand_cap=20 cand=54->20 pick(must/bucket/top/rand)=1/6/9/4 sims=1760 loop=1740 best_avg=-1.20328 best_move=2,7 leader=2 inc2=1 attack_w=0.25
DBG t=37 used=0.02 remain=1.2 turn_time=0.0190476 end_in=0.0190476 depth=10 dec=0 cand_cap=20 cand=45->20 pick(must/bucket/top/rand)=1/6/9/4 sims=1136 loop=1116 best_avg=-1.09626 best_move=7,6 leader=2 inc2=1 attack_w=0.25
DBG t=49 used=0.019 remain=0.968 turn_time=0.0189804 end_in=0.0189804 depth=10 dec=0 cand_cap=20 cand=14->14 pick(must/bucket/top/rand)=1/4/9/0 sims=1354 loop=1340 best_avg=-0.921736 best_move=0,5 leader=1 inc2=1 attack_w=0.25
DBG t=61 used=0.019 remain=0.74 turn_time=0.0189744 end_in=0.0189744 depth=10 dec=0 cand_cap=20 cand=63->20 pick(must/bucket/top/rand)=1/6/9/4 sims=1120 loop=1100 best_avg=-0.624362 best_move=6,5 leader=1 inc2=1 attack_w=0.25
DBG t=74 used=0.019 remain=0.493 turn_time=0.0189615 end_in=0.0189615 depth=11 dec=0 cand_cap=20 cand=32->20 pick(must/bucket/top/rand)=1/4/11/4 sims=1104 loop=1084 best_avg=-0.464157 best_move=2,5 leader=1 inc2=1 attack_w=0.25
DBG t=86 used=0.019 remain=0.265 turn_time=0.0189286 end_in=0.0189286 depth=11 dec=0 cand_cap=20 cand=85->20 pick(must/bucket/top/rand)=1/6/9/4 sims=856 loop=836 best_avg=-0.21184 best_move=9,7 leader=1 inc2=1 attack_w=0.25
DBG t=99 used=0.018 remain=0.018 turn_time=0.018 end_in=0.017 depth=0 dec=0 cand_cap=20 cand=94->20 pick(must/bucket/top/rand)=1/6/9/4 sims=42132 loop=42112 best_avg=0.446431 best_move=2,2 leader=1 inc2=1 attack_w=0.25
DBG summary depth_safety_fired=0
Score = 293460
=== CASE 0157.txt ===
DBG hdr N=10 M=8 T=100 U=3 VMAX=2358 TIME_LIMIT=1.94 MAX_CAND=20 UCB_C=0.21
DBG t=0 used=0.02 remain=1.94 turn_time=0.0194 end_in=0.0194 depth=7 dec=0 cand_cap=20 cand=5->5 pick(must/bucket/top/rand)=1/2/2/0 sims=2117 loop=2112 best_avg=-1.51617 best_move=1,7 leader=5 inc2=1 attack_w=1
DBG t=12 used=0.02 remain=1.7 turn_time=0.0193182 end_in=0.0193182 depth=7 dec=0 cand_cap=20 cand=27->20 pick(must/bucket/top/rand)=1/2/13/4 sims=1792 loop=1772 best_avg=-0.649968 best_move=5,3 leader=5 inc2=1 attack_w=1
DBG t=24 used=0.02 remain=1.459 turn_time=0.0191974 end_in=0.0191974 depth=7 dec=0 cand_cap=20 cand=17->17 pick(must/bucket/top/rand)=1/6/9/1 sims=1661 loop=1644 best_avg=-0.342772 best_move=5,4 leader=4 inc2=1 attack_w=0.263318
DBG t=37 used=0.02 remain=1.199 turn_time=0.0190317 end_in=0.0190317 depth=10 dec=0 cand_cap=20 cand=28->20 pick(must/bucket/top/rand)=1/6/9/4 sims=1352 loop=1332 best_avg=-0.242847 best_move=5,1 leader=4 inc2=1 attack_w=0.25
DBG t=49 used=0.019 remain=0.968 turn_time=0.0189804 end_in=0.0189804 depth=10 dec=0 cand_cap=20 cand=30->20 pick(must/bucket/top/rand)=1/7/8/4 sims=1176 loop=1156 best_avg=-0.257082 best_move=5,3 leader=4 inc2=1 attack_w=0.25
DBG t=61 used=0.019 remain=0.74 turn_time=0.0189744 end_in=0.0189744 depth=10 dec=0 cand_cap=20 cand=35->20 pick(must/bucket/top/rand)=1/8/7/4 sims=1076 loop=1056 best_avg=-0.155739 best_move=5,3 leader=6 inc2=1 attack_w=0.25
DBG t=74 used=0.019 remain=0.493 turn_time=0.0189615 end_in=0.0189615 depth=11 dec=0 cand_cap=20 cand=37->20 pick(must/bucket/top/rand)=1/6/9/4 sims=864 loop=844 best_avg=-0.0591013 best_move=5,3 leader=4 inc2=1 attack_w=0.25
DBG t=86 used=0.019 remain=0.265 turn_time=0.0189286 end_in=0.0189286 depth=11 dec=0 cand_cap=20 cand=39->20 pick(must/bucket/top/rand)=1/8/7/4 sims=864 loop=844 best_avg=-0.041812 best_move=2,4 leader=7 inc2=1 attack_w=0.25
DBG t=99 used=0.018 remain=0.018 turn_time=0.018 end_in=0.017 depth=0 dec=0 cand_cap=20 cand=38->20 pick(must/bucket/top/rand)=1/7/8/4 sims=16268 loop=16248 best_avg=0.106 best_move=7,2 leader=7 inc2=1 attack_w=0.25
DBG summary depth_safety_fired=0
Score = 142696
=== CASE 0160.txt ===
DBG hdr N=10 M=3 T=100 U=5 VMAX=2109 TIME_LIMIT=1.94 MAX_CAND=20 UCB_C=0.21
DBG t=0 used=0.02 remain=1.94 turn_time=0.0194 end_in=0.0194 depth=7 dec=0 cand_cap=20 cand=5->5 pick(must/bucket/top/rand)=1/2/2/0 sims=4109 loop=4104 best_avg=-1.3454 best_move=5,6 leader=2 inc2=1 attack_w=1
DBG t=12 used=0.02 remain=1.7 turn_time=0.0193182 end_in=0.0193182 depth=7 dec=0 cand_cap=20 cand=21->20 pick(must/bucket/top/rand)=1/8/7/4 sims=2964 loop=2944 best_avg=-1.20549 best_move=6,5 leader=2 inc2=1 attack_w=0.25
DBG t=24 used=0.02 remain=1.46 turn_time=0.0192105 end_in=0.0192105 depth=7 dec=0 cand_cap=20 cand=22->20 pick(must/bucket/top/rand)=1/8/7/4 sims=2484 loop=2464 best_avg=-1.09583 best_move=6,5 leader=2 inc2=1 attack_w=0.25
DBG t=37 used=0.02 remain=1.2 turn_time=0.0190476 end_in=0.0190476 depth=10 dec=0 cand_cap=20 cand=25->20 pick(must/bucket/top/rand)=1/8/7/4 sims=1760 loop=1740 best_avg=-1.1556 best_move=3,3 leader=1 inc2=1 attack_w=0.313067
DBG t=49 used=0.019 remain=0.968 turn_time=0.0189804 end_in=0.0189804 depth=10 dec=0 cand_cap=20 cand=29->20 pick(must/bucket/top/rand)=1/8/7/4 sims=1628 loop=1608 best_avg=-1.37952 best_move=3,4 leader=1 inc2=1 attack_w=0.356549
DBG t=61 used=0.019 remain=0.74 turn_time=0.0189744 end_in=0.0189744 depth=10 dec=0 cand_cap=20 cand=30->20 pick(must/bucket/top/rand)=1/8/7/4 sims=1556 loop=1536 best_avg=-1.64099 best_move=6,5 leader=1 inc2=1 attack_w=1
DBG t=74 used=0.019 remain=0.493 turn_time=0.0189615 end_in=0.0189615 depth=11 dec=0 cand_cap=20 cand=30->20 pick(must/bucket/top/rand)=1/8/7/4 sims=1356 loop=1336 best_avg=-1.57647 best_move=8,5 leader=1 inc2=1 attack_w=1
DBG t=86 used=0.019 remain=0.265 turn_time=0.0189286 end_in=0.0189286 depth=11 dec=0 cand_cap=20 cand=4->4 pick(must/bucket/top/rand)=1/3/0/0 sims=1432 loop=1428 best_avg=-1.46279 best_move=8,6 leader=1 inc2=1 attack_w=0.818316
DBG t=99 used=0.018 remain=0.018 turn_time=0.018 end_in=0.017 depth=0 dec=0 cand_cap=20 cand=27->20 pick(must/bucket/top/rand)=1/8/7/4 sims=43136 loop=43116 best_avg=-1.44158 best_move=6,6 leader=1 inc2=1 attack_w=0.295792
DBG summary depth_safety_fired=0
Score = 109349
=== CASE 0159.txt ===
DBG hdr N=10 M=4 T=100 U=4 VMAX=2020 TIME_LIMIT=1.94 MAX_CAND=20 UCB_C=0.21
DBG t=0 used=0.02 remain=1.94 turn_time=0.0194 end_in=0.0194 depth=7 dec=0 cand_cap=20 cand=5->5 pick(must/bucket/top/rand)=1/2/2/0 sims=3825 loop=3820 best_avg=-1.34542 best_move=6,1 leader=1 inc2=0 attack_w=1
DBG t=12 used=0.02 remain=1.7 turn_time=0.0193182 end_in=0.0193182 depth=7 dec=0 cand_cap=20 cand=12->12 pick(must/bucket/top/rand)=1/6/5/0 sims=2828 loop=2816 best_avg=-1.35601 best_move=5,2 leader=3 inc2=1 attack_w=0.64217
DBG t=24 used=0.02 remain=1.46 turn_time=0.0192105 end_in=0.0192105 depth=7 dec=0 cand_cap=20 cand=20->20 pick(must/bucket/top/rand)=1/8/7/4 sims=2404 loop=2384 best_avg=-1.42396 best_move=2,3 leader=3 inc2=1 attack_w=1
DBG t=37 used=0.02 remain=1.2 turn_time=0.0190476 end_in=0.0190476 depth=10 dec=0 cand_cap=20 cand=17->17 pick(must/bucket/top/rand)=1/7/8/1 sims=1445 loop=1428 best_avg=-1.4338 best_move=0,2 leader=3 inc2=1 attack_w=1
DBG t=49 used=0.019 remain=0.968 turn_time=0.0189804 end_in=0.0189804 depth=10 dec=0 cand_cap=20 cand=20->20 pick(must/bucket/top/rand)=1/6/9/4 sims=1328 loop=1308 best_avg=-1.30578 best_move=3,3 leader=3 inc2=1 attack_w=1
DBG t=61 used=0.019 remain=0.74 turn_time=0.0189744 end_in=0.0189744 depth=10 dec=0 cand_cap=20 cand=37->20 pick(must/bucket/top/rand)=1/7/8/4 sims=1156 loop=1136 best_avg=-1.12952 best_move=2,9 leader=3 inc2=1 attack_w=0.734735
DBG t=74 used=0.019 remain=0.493 turn_time=0.0189615 end_in=0.0189615 depth=11 dec=0 cand_cap=20 cand=43->20 pick(must/bucket/top/rand)=1/8/7/4 sims=900 loop=880 best_avg=-0.978079 best_move=5,9 leader=3 inc2=1 attack_w=0.25
DBG t=86 used=0.019 remain=0.265 turn_time=0.0189286 end_in=0.0189286 depth=11 dec=0 cand_cap=20 cand=47->20 pick(must/bucket/top/rand)=1/7/8/4 sims=932 loop=912 best_avg=-1.00234 best_move=7,9 leader=3 inc2=1 attack_w=0.285976
DBG t=99 used=0.018 remain=0.018 turn_time=0.018 end_in=0.017 depth=0 dec=0 cand_cap=20 cand=32->20 pick(must/bucket/top/rand)=1/7/8/4 sims=19992 loop=19972 best_avg=-0.917703 best_move=4,7 leader=2 inc2=1 attack_w=0.25
DBG summary depth_safety_fired=0
Score = 113374
=== CASE 0161.txt ===
DBG hdr N=10 M=4 T=100 U=4 VMAX=1629 TIME_LIMIT=1.94 MAX_CAND=20 UCB_C=0.21
DBG t=0 used=0.02 remain=1.94 turn_time=0.0194 end_in=0.0194 depth=7 dec=0 cand_cap=20 cand=4->4 pick(must/bucket/top/rand)=1/2/1/0 sims=3696 loop=3692 best_avg=-1.19936 best_move=4,5 leader=3 inc2=0 attack_w=0.15
DBG t=12 used=0.02 remain=1.7 turn_time=0.0193182 end_in=0.0193182 depth=7 dec=0 cand_cap=20 cand=12->12 pick(must/bucket/top/rand)=1/6/5/0 sims=3228 loop=3216 best_avg=-1.12191 best_move=5,5 leader=3 inc2=0 attack_w=0.536116
DBG t=24 used=0.02 remain=1.46 turn_time=0.0192105 end_in=0.0192105 depth=7 dec=0 cand_cap=20 cand=23->20 pick(must/bucket/top/rand)=1/5/10/4 sims=2488 loop=2468 best_avg=-1.07692 best_move=8,3 leader=2 inc2=0 attack_w=0.471024
DBG t=37 used=0.02 remain=1.2 turn_time=0.0190476 end_in=0.0190476 depth=10 dec=0 cand_cap=20 cand=27->20 pick(must/bucket/top/rand)=1/4/11/4 sims=1420 loop=1400 best_avg=-1.02243 best_move=4,4 leader=2 inc2=0 attack_w=0.25
DBG t=49 used=0.019 remain=0.968 turn_time=0.0189804 end_in=0.0189804 depth=10 dec=0 cand_cap=20 cand=28->20 pick(must/bucket/top/rand)=1/7/8/4 sims=1320 loop=1300 best_avg=-1.04733 best_move=7,4 leader=1 inc2=1 attack_w=0.25
DBG t=61 used=0.019 remain=0.74 turn_time=0.0189744 end_in=0.0189744 depth=10 dec=0 cand_cap=20 cand=31->20 pick(must/bucket/top/rand)=1/6/9/4 sims=1280 loop=1260 best_avg=-1.10429 best_move=7,4 leader=1 inc2=0 attack_w=0.380999
DBG t=74 used=0.019 remain=0.493 turn_time=0.0189615 end_in=0.0189615 depth=11 dec=0 cand_cap=20 cand=35->20 pick(must/bucket/top/rand)=1/6/9/4 sims=1072 loop=1052 best_avg=-1.20323 best_move=4,5 leader=1 inc2=0 attack_w=0.541508
DBG t=86 used=0.019 remain=0.265 turn_time=0.0189286 end_in=0.0189286 depth=11 dec=0 cand_cap=20 cand=31->20 pick(must/bucket/top/rand)=1/7/8/4 sims=1000 loop=980 best_avg=-1.21325 best_move=6,5 leader=1 inc2=0 attack_w=0.803559
DBG t=99 used=0.018 remain=0.018 turn_time=0.018 end_in=0.017 depth=0 dec=0 cand_cap=20 cand=31->20 pick(must/bucket/top/rand)=1/8/7/4 sims=24188 loop=24168 best_avg=-1.22228 best_move=4,5 leader=1 inc2=0 attack_w=0.916754
DBG summary depth_safety_fired=0
Score = 91329
=== CASE 0164.txt ===
DBG hdr N=10 M=3 T=100 U=1 VMAX=2075 TIME_LIMIT=1.94 MAX_CAND=20 UCB_C=0.21
DBG t=0 used=0.02 remain=1.94 turn_time=0.0194 end_in=0.0194 depth=7 dec=0 cand_cap=20 cand=5->5 pick(must/bucket/top/rand)=1/2/2/0 sims=4629 loop=4624 best_avg=-2.12298 best_move=7,3 leader=1 inc2=1 attack_w=0.836004
DBG t=12 used=0.019 remain=1.671 turn_time=0.0189886 end_in=0.0189886 depth=7 dec=0 cand_cap=20 cand=10->10 pick(must/bucket/top/rand)=1/6/3/0 sims=3258 loop=3248 best_avg=-1.96014 best_move=9,8 leader=2 inc2=1 attack_w=1
DBG t=24 used=0.019 remain=1.443 turn_time=0.0189868 end_in=0.0189868 depth=7 dec=0 cand_cap=20 cand=12->12 pick(must/bucket/top/rand)=1/4/7/0 sims=3420 loop=3408 best_avg=-1.60602 best_move=9,4 leader=2 inc2=1 attack_w=0.703114
DBG t=37 used=0.019 remain=1.196 turn_time=0.0189841 end_in=0.0189841 depth=10 dec=0 cand_cap=20 cand=25->20 pick(must/bucket/top/rand)=1/5/10/4 sims=1876 loop=1856 best_avg=-0.705349 best_move=4,0 leader=1 inc2=1 attack_w=0.589385
DBG t=49 used=0.019 remain=0.968 turn_time=0.0189804 end_in=0.0189804 depth=10 dec=0 cand_cap=20 cand=39->20 pick(must/bucket/top/rand)=1/5/10/4 sims=1504 loop=1484 best_avg=-0.134882 best_move=7,7 leader=1 inc2=1 attack_w=0.25
DBG t=61 used=0.019 remain=0.74 turn_time=0.0189744 end_in=0.0189744 depth=10 dec=0 cand_cap=20 cand=51->20 pick(must/bucket/top/rand)=1/5/10/4 sims=1488 loop=1468 best_avg=0.399026 best_move=7,8 leader=1 inc2=1 attack_w=0.25
DBG t=74 used=0.019 remain=0.493 turn_time=0.0189615 end_in=0.0189615 depth=11 dec=0 cand_cap=20 cand=61->20 pick(must/bucket/top/rand)=1/5/10/4 sims=1120 loop=1100 best_avg=0.63123 best_move=6,5 leader=2 inc2=1 attack_w=0.25
DBG t=86 used=0.019 remain=0.265 turn_time=0.0189286 end_in=0.0189286 depth=11 dec=0 cand_cap=20 cand=68->20 pick(must/bucket/top/rand)=1/5/10/4 sims=1080 loop=1060 best_avg=0.802558 best_move=8,2 leader=1 inc2=1 attack_w=0.25
DBG t=99 used=0.018 remain=0.018 turn_time=0.018 end_in=0.017 depth=0 dec=0 cand_cap=20 cand=75->20 pick(must/bucket/top/rand)=1/4/11/4 sims=53164 loop=53144 best_avg=1.54847 best_move=9,9 leader=1 inc2=1 attack_w=0.15
DBG summary depth_safety_fired=0
Score = 408817
=== CASE 0162.txt ===
DBG hdr N=10 M=8 T=100 U=1 VMAX=1349 TIME_LIMIT=1.94 MAX_CAND=20 UCB_C=0.21
DBG t=0 used=0.02 remain=1.94 turn_time=0.0194 end_in=0.0194 depth=7 dec=0 cand_cap=20 cand=5->5 pick(must/bucket/top/rand)=1/2/2/0 sims=1985 loop=1980 best_avg=-0.655055 best_move=7,4 leader=5 inc2=1 attack_w=0.15
DBG t=12 used=0.02 remain=1.689 turn_time=0.0191932 end_in=0.0191932 depth=7 dec=0 cand_cap=20 cand=21->20 pick(must/bucket/top/rand)=1/2/13/4 sims=1440 loop=1420 best_avg=-0.301062 best_move=9,1 leader=6 inc2=1 attack_w=0.35718
DBG t=24 used=0.02 remain=1.449 turn_time=0.0190658 end_in=0.0190658 depth=7 dec=0 cand_cap=20 cand=27->20 pick(must/bucket/top/rand)=1/4/11/4 sims=1504 loop=1484 best_avg=-0.093365 best_move=6,1 leader=2 inc2=1 attack_w=0.25
DBG t=37 used=0.019 remain=1.196 turn_time=0.0189841 end_in=0.0189841 depth=10 dec=0 cand_cap=20 cand=21->20 pick(must/bucket/top/rand)=1/6/9/4 sims=892 loop=872 best_avg=0.0931252 best_move=1,0 leader=2 inc2=1 attack_w=0.25
DBG t=49 used=0.019 remain=0.968 turn_time=0.0189804 end_in=0.0189804 depth=10 dec=0 cand_cap=20 cand=30->20 pick(must/bucket/top/rand)=1/4/11/4 sims=864 loop=844 best_avg=0.488663 best_move=0,0 leader=5 inc2=1 attack_w=0.25
DBG t=61 used=0.019 remain=0.74 turn_time=0.0189744 end_in=0.0189744 depth=10 dec=0 cand_cap=20 cand=58->20 pick(must/bucket/top/rand)=1/5/10/4 sims=784 loop=764 best_avg=0.8708 best_move=1,7 leader=5 inc2=1 attack_w=0.25
DBG t=74 used=0.019 remain=0.493 turn_time=0.0189615 end_in=0.0189615 depth=11 dec=0 cand_cap=20 cand=68->20 pick(must/bucket/top/rand)=1/6/9/4 sims=636 loop=616 best_avg=1.02028 best_move=8,2 leader=7 inc2=1 attack_w=0.25
DBG t=86 used=0.019 remain=0.265 turn_time=0.0189286 end_in=0.0189286 depth=11 dec=0 cand_cap=20 cand=69->20 pick(must/bucket/top/rand)=1/6/9/4 sims=676 loop=656 best_avg=1.06181 best_move=3,6 leader=7 inc2=1 attack_w=0.25
DBG t=99 used=0.018 remain=0.018 turn_time=0.018 end_in=0.017 depth=0 dec=0 cand_cap=20 cand=11->11 pick(must/bucket/top/rand)=1/4/6/0 sims=22259 loop=22248 best_avg=1.1128 best_move=4,8 leader=2 inc2=1 attack_w=0.25
DBG summary depth_safety_fired=0
Score = 245223
=== CASE 0163.txt ===
DBG hdr N=10 M=3 T=100 U=5 VMAX=2231 TIME_LIMIT=1.94 MAX_CAND=20 UCB_C=0.21
DBG t=0 used=0.02 remain=1.94 turn_time=0.0194 end_in=0.0194 depth=7 dec=0 cand_cap=20 cand=5->5 pick(must/bucket/top/rand)=1/2/2/0 sims=4073 loop=4068 best_avg=-2.19537 best_move=7,8 leader=2 inc2=1 attack_w=1
DBG t=12 used=0.02 remain=1.687 turn_time=0.0191705 end_in=0.0191705 depth=7 dec=0 cand_cap=20 cand=30->20 pick(must/bucket/top/rand)=1/6/9/4 sims=3208 loop=3188 best_avg=-1.53744 best_move=4,3 leader=2 inc2=1 attack_w=1
DBG t=24 used=0.02 remain=1.447 turn_time=0.0190395 end_in=0.0190395 depth=7 dec=0 cand_cap=20 cand=32->20 pick(must/bucket/top/rand)=1/7/8/4 sims=2956 loop=2936 best_avg=-1.34104 best_move=2,3 leader=2 inc2=1 attack_w=0.732291
DBG t=37 used=0.019 remain=1.196 turn_time=0.0189841 end_in=0.0189841 depth=10 dec=0 cand_cap=20 cand=7->7 pick(must/bucket/top/rand)=1/5/1/0 sims=1811 loop=1804 best_avg=-1.0916 best_move=0,3 leader=2 inc2=1 attack_w=0.25
DBG t=49 used=0.019 remain=0.968 turn_time=0.0189804 end_in=0.0189804 depth=10 dec=0 cand_cap=20 cand=40->20 pick(must/bucket/top/rand)=1/6/9/4 sims=2052 loop=2032 best_avg=-0.810019 best_move=2,3 leader=1 inc2=1 attack_w=0.25
DBG t=61 used=0.019 remain=0.74 turn_time=0.0189744 end_in=0.0189744 depth=10 dec=0 cand_cap=20 cand=43->20 pick(must/bucket/top/rand)=1/7/8/4 sims=1652 loop=1632 best_avg=-0.873745 best_move=3,4 leader=2 inc2=1 attack_w=0.25
DBG t=74 used=0.019 remain=0.493 turn_time=0.0189615 end_in=0.0189615 depth=11 dec=0 cand_cap=20 cand=6->6 pick(must/bucket/top/rand)=1/3/2/0 sims=1906 loop=1900 best_avg=-0.61157 best_move=1,7 leader=2 inc2=1 attack_w=0.25
DBG t=86 used=0.019 remain=0.265 turn_time=0.0189286 end_in=0.0189286 depth=11 dec=0 cand_cap=20 cand=53->20 pick(must/bucket/top/rand)=1/7/8/4 sims=1716 loop=1696 best_avg=-0.449593 best_move=1,5 leader=2 inc2=1 attack_w=0.25
DBG t=99 used=0.018 remain=0.018 turn_time=0.018 end_in=0.017 depth=0 dec=0 cand_cap=20 cand=46->20 pick(must/bucket/top/rand)=1/7/8/4 sims=49648 loop=49628 best_avg=-0.248845 best_move=0,3 leader=2 inc2=1 attack_w=0.25
DBG summary depth_safety_fired=0
Score = 218795
=== CASE 0165.txt ===
DBG hdr N=10 M=2 T=100 U=3 VMAX=1868 TIME_LIMIT=1.94 MAX_CAND=20 UCB_C=0.21
DBG t=0 used=0.02 remain=1.94 turn_time=0.0194 end_in=0.0194 depth=7 dec=0 cand_cap=20 cand=5->5 pick(must/bucket/top/rand)=1/2/2/0 sims=5513 loop=5508 best_avg=-2.59749 best_move=2,0 leader=1 inc2=1 attack_w=0.15
DBG t=12 used=0.02 remain=1.692 turn_time=0.0192273 end_in=0.0192273 depth=7 dec=0 cand_cap=20 cand=18->18 pick(must/bucket/top/rand)=1/3/12/2 sims=4950 loop=4932 best_avg=-2.78722 best_move=6,3 leader=1 inc2=1 attack_w=0.25
DBG t=24 used=0.02 remain=1.452 turn_time=0.0191053 end_in=0.0191053 depth=7 dec=0 cand_cap=20 cand=25->20 pick(must/bucket/top/rand)=1/7/8/4 sims=3896 loop=3876 best_avg=-2.49476 best_move=5,3 leader=1 inc2=1 attack_w=0.25
DBG t=37 used=0.019 remain=1.196 turn_time=0.0189841 end_in=0.0189841 depth=10 dec=0 cand_cap=20 cand=5->5 pick(must/bucket/top/rand)=1/4/0/0 sims=2309 loop=2304 best_avg=-2.53047 best_move=5,3 leader=1 inc2=1 attack_w=0.25
DBG t=49 used=0.019 remain=0.968 turn_time=0.0189804 end_in=0.0189804 depth=10 dec=0 cand_cap=20 cand=37->20 pick(must/bucket/top/rand)=1/8/7/4 sims=2092 loop=2072 best_avg=-2.361 best_move=6,2 leader=1 inc2=1 attack_w=0.25
DBG t=61 used=0.019 remain=0.74 turn_time=0.0189744 end_in=0.0189744 depth=10 dec=0 cand_cap=20 cand=40->20 pick(must/bucket/top/rand)=1/5/10/4 sims=2124 loop=2104 best_avg=-2.31471 best_move=6,2 leader=1 inc2=1 attack_w=0.25
DBG t=74 used=0.019 remain=0.493 turn_time=0.0189615 end_in=0.0189615 depth=11 dec=0 cand_cap=20 cand=38->20 pick(must/bucket/top/rand)=1/7/8/4 sims=1784 loop=1764 best_avg=-2.11478 best_move=6,1 leader=1 inc2=1 attack_w=0.25
DBG t=86 used=0.019 remain=0.265 turn_time=0.0189286 end_in=0.0189286 depth=11 dec=0 cand_cap=20 cand=39->20 pick(must/bucket/top/rand)=1/7/8/4 sims=1928 loop=1908 best_avg=-2.3051 best_move=5,2 leader=1 inc2=1 attack_w=0.25
DBG t=99 used=0.018 remain=0.018 turn_time=0.018 end_in=0.017 depth=0 dec=0 cand_cap=20 cand=36->20 pick(must/bucket/top/rand)=1/6/9/4 sims=62136 loop=62116 best_avg=-1.50462 best_move=6,2 leader=1 inc2=1 attack_w=0.25
DBG summary depth_safety_fired=0
Score = 220161
=== CASE 0166.txt ===
DBG hdr N=10 M=8 T=100 U=4 VMAX=1506 TIME_LIMIT=1.94 MAX_CAND=20 UCB_C=0.21
DBG t=0 used=0.02 remain=1.94 turn_time=0.0194 end_in=0.0194 depth=7 dec=0 cand_cap=20 cand=5->5 pick(must/bucket/top/rand)=1/2/2/0 sims=2337 loop=2332 best_avg=-0.635715 best_move=2,7 leader=7 inc2=1 attack_w=1
DBG t=12 used=0.02 remain=1.693 turn_time=0.0192386 end_in=0.0192386 depth=7 dec=0 cand_cap=20 cand=18->18 pick(must/bucket/top/rand)=1/5/10/2 sims=1262 loop=1244 best_avg=-0.417597 best_move=4,6 leader=5 inc2=1 attack_w=0.865099
DBG t=24 used=0.02 remain=1.453 turn_time=0.0191184 end_in=0.0191184 depth=7 dec=0 cand_cap=20 cand=24->20 pick(must/bucket/top/rand)=1/7/8/4 sims=1376 loop=1356 best_avg=-0.45278 best_move=7,9 leader=5 inc2=1 attack_w=0.341635
DBG t=37 used=0.019 remain=1.196 turn_time=0.0189841 end_in=0.0189841 depth=10 dec=0 cand_cap=20 cand=27->20 pick(must/bucket/top/rand)=1/4/11/4 sims=932 loop=912 best_avg=-0.424013 best_move=5,5 leader=3 inc2=1 attack_w=0.25
DBG t=49 used=0.019 remain=0.968 turn_time=0.0189804 end_in=0.0189804 depth=10 dec=0 cand_cap=20 cand=33->20 pick(must/bucket/top/rand)=1/4/11/4 sims=904 loop=884 best_avg=-0.323062 best_move=5,8 leader=3 inc2=1 attack_w=0.25
DBG t=61 used=0.019 remain=0.74 turn_time=0.0189744 end_in=0.0189744 depth=10 dec=0 cand_cap=20 cand=37->20 pick(must/bucket/top/rand)=1/6/9/4 sims=1000 loop=980 best_avg=-0.126591 best_move=5,5 leader=3 inc2=1 attack_w=0.25
DBG t=74 used=0.019 remain=0.493 turn_time=0.0189615 end_in=0.0189615 depth=11 dec=0 cand_cap=20 cand=9->9 pick(must/bucket/top/rand)=1/5/3/0 sims=1109 loop=1100 best_avg=-0.172005 best_move=0,3 leader=1 inc2=1 attack_w=0.25
DBG t=86 used=0.019 remain=0.265 turn_time=0.0189286 end_in=0.0189286 depth=11 dec=0 cand_cap=20 cand=49->20 pick(must/bucket/top/rand)=1/6/9/4 sims=868 loop=848 best_avg=-0.0204501 best_move=3,8 leader=1 inc2=1 attack_w=0.25
DBG t=99 used=0.018 remain=0.018 turn_time=0.018 end_in=0.017 depth=0 dec=0 cand_cap=20 cand=48->20 pick(must/bucket/top/rand)=1/6/9/4 sims=17524 loop=17504 best_avg=0.079801 best_move=1,2 leader=1 inc2=1 attack_w=0.25
DBG summary depth_safety_fired=0
Score = 140734
=== CASE 0167.txt ===
DBG hdr N=10 M=8 T=100 U=2 VMAX=1766 TIME_LIMIT=1.94 MAX_CAND=20 UCB_C=0.21
DBG t=0 used=0.02 remain=1.94 turn_time=0.0194 end_in=0.0194 depth=7 dec=0 cand_cap=20 cand=4->4 pick(must/bucket/top/rand)=1/2/1/0 sims=2060 loop=2056 best_avg=-0.933381 best_move=0,4 leader=2 inc2=1 attack_w=0.15
DBG t=12 used=0.02 remain=1.679 turn_time=0.0190795 end_in=0.0190795 depth=7 dec=0 cand_cap=20 cand=12->12 pick(must/bucket/top/rand)=1/3/8/0 sims=1548 loop=1536 best_avg=-0.948815 best_move=1,2 leader=2 inc2=1 attack_w=1
DBG t=24 used=0.019 remain=1.443 turn_time=0.0189868 end_in=0.0189868 depth=7 dec=0 cand_cap=20 cand=20->20 pick(must/bucket/top/rand)=1/3/12/4 sims=1276 loop=1256 best_avg=-0.895171 best_move=2,4 leader=2 inc2=1 attack_w=1
DBG t=37 used=0.019 remain=1.196 turn_time=0.0189841 end_in=0.0189841 depth=10 dec=0 cand_cap=20 cand=22->20 pick(must/bucket/top/rand)=1/3/12/4 sims=896 loop=876 best_avg=-0.826824 best_move=3,6 leader=2 inc2=1 attack_w=1
DBG t=49 used=0.019 remain=0.968 turn_time=0.0189804 end_in=0.0189804 depth=10 dec=0 cand_cap=20 cand=27->20 pick(must/bucket/top/rand)=1/6/9/4 sims=888 loop=868 best_avg=-0.440142 best_move=2,5 leader=2 inc2=1 attack_w=1
DBG t=61 used=0.019 remain=0.74 turn_time=0.0189744 end_in=0.0189744 depth=10 dec=0 cand_cap=20 cand=15->15 pick(must/bucket/top/rand)=1/2/12/0 sims=979 loop=964 best_avg=-0.422219 best_move=4,0 leader=5 inc2=1 attack_w=0.711385
DBG t=74 used=0.019 remain=0.493 turn_time=0.0189615 end_in=0.0189615 depth=11 dec=0 cand_cap=20 cand=21->20 pick(must/bucket/top/rand)=1/6/9/4 sims=840 loop=820 best_avg=-0.215254 best_move=3,0 leader=7 inc2=1 attack_w=0.272954
DBG t=86 used=0.019 remain=0.265 turn_time=0.0189286 end_in=0.0189286 depth=11 dec=0 cand_cap=20 cand=23->20 pick(must/bucket/top/rand)=1/5/10/4 sims=984 loop=964 best_avg=0.00853506 best_move=0,4 leader=7 inc2=1 attack_w=0.25
DBG t=99 used=0.018 remain=0.018 turn_time=0.018 end_in=0.017 depth=0 dec=0 cand_cap=20 cand=25->20 pick(must/bucket/top/rand)=1/5/10/4 sims=17288 loop=17268 best_avg=-0.175806 best_move=6,0 leader=5 inc2=1 attack_w=0.25
DBG summary depth_safety_fired=0
Score = 114321
=== CASE 0171.txt ===
DBG hdr N=10 M=2 T=100 U=2 VMAX=1330 TIME_LIMIT=1.94 MAX_CAND=20 UCB_C=0.21
DBG t=0 used=0.02 remain=1.94 turn_time=0.0194 end_in=0.0194 depth=7 dec=0 cand_cap=20 cand=4->4 pick(must/bucket/top/rand)=1/2/1/0 sims=6032 loop=6028 best_avg=-2.85992 best_move=0,6 leader=1 inc2=1 attack_w=0.15
DBG t=12 used=0.02 remain=1.7 turn_time=0.0193182 end_in=0.0193182 depth=7 dec=0 cand_cap=20 cand=22->20 pick(must/bucket/top/rand)=1/8/7/4 sims=3880 loop=3860 best_avg=-2.3635 best_move=2,7 leader=1 inc2=1 attack_w=0.25
DBG t=24 used=0.02 remain=1.46 turn_time=0.0192105 end_in=0.0192105 depth=7 dec=0 cand_cap=20 cand=32->20 pick(must/bucket/top/rand)=1/7/8/4 sims=3768 loop=3748 best_avg=-2.08296 best_move=2,6 leader=1 inc2=1 attack_w=0.25
DBG t=37 used=0.02 remain=1.2 turn_time=0.0190476 end_in=0.0190476 depth=10 dec=0 cand_cap=20 cand=34->20 pick(must/bucket/top/rand)=1/6/9/4 sims=2484 loop=2464 best_avg=-1.91395 best_move=3,4 leader=1 inc2=1 attack_w=0.25
DBG t=49 used=0.019 remain=0.968 turn_time=0.0189804 end_in=0.0189804 depth=10 dec=0 cand_cap=20 cand=34->20 pick(must/bucket/top/rand)=1/6/9/4 sims=2332 loop=2312 best_avg=-1.91807 best_move=3,4 leader=1 inc2=1 attack_w=0.25
DBG t=61 used=0.019 remain=0.74 turn_time=0.0189744 end_in=0.0189744 depth=10 dec=0 cand_cap=20 cand=34->20 pick(must/bucket/top/rand)=1/6/9/4 sims=2384 loop=2364 best_avg=-1.79772 best_move=3,5 leader=1 inc2=1 attack_w=0.25
DBG t=74 used=0.019 remain=0.493 turn_time=0.0189615 end_in=0.0189615 depth=11 dec=0 cand_cap=20 cand=34->20 pick(must/bucket/top/rand)=1/6/9/4 sims=2076 loop=2056 best_avg=-1.84568 best_move=2,3 leader=1 inc2=1 attack_w=0.25
DBG t=86 used=0.019 remain=0.265 turn_time=0.0189286 end_in=0.0189286 depth=11 dec=0 cand_cap=20 cand=34->20 pick(must/bucket/top/rand)=1/6/9/4 sims=2032 loop=2012 best_avg=-1.76887 best_move=3,5 leader=1 inc2=1 attack_w=0.25
DBG t=99 used=0.018 remain=0.018 turn_time=0.018 end_in=0.017 depth=0 dec=0 cand_cap=20 cand=34->20 pick(must/bucket/top/rand)=1/5/10/4 sims=67552 loop=67532 best_avg=-0.542502 best_move=1,5 leader=1 inc2=1 attack_w=0.15
DBG summary depth_safety_fired=0
Score = 361028
=== CASE 0169.txt ===
DBG hdr N=10 M=6 T=100 U=1 VMAX=2754 TIME_LIMIT=1.94 MAX_CAND=20 UCB_C=0.21
DBG t=0 used=0.02 remain=1.94 turn_time=0.0194 end_in=0.0194 depth=7 dec=0 cand_cap=20 cand=4->4 pick(must/bucket/top/rand)=1/2/1/0 sims=2532 loop=2528 best_avg=-0.525898 best_move=2,1 leader=3 inc2=1 attack_w=1
DBG t=12 used=0.02 remain=1.7 turn_time=0.0193182 end_in=0.0193182 depth=7 dec=0 cand_cap=20 cand=11->11 pick(must/bucket/top/rand)=1/5/5/0 sims=1807 loop=1796 best_avg=-0.793701 best_move=5,1 leader=4 inc2=1 attack_w=0.482032
DBG t=24 used=0.02 remain=1.46 turn_time=0.0192105 end_in=0.0192105 depth=7 dec=0 cand_cap=20 cand=30->20 pick(must/bucket/top/rand)=1/6/9/4 sims=1540 loop=1520 best_avg=-0.80082 best_move=9,2 leader=4 inc2=1 attack_w=0.736509
DBG t=37 used=0.02 remain=1.2 turn_time=0.0190476 end_in=0.0190476 depth=10 dec=0 cand_cap=20 cand=19->19 pick(must/bucket/top/rand)=1/4/11/3 sims=1203 loop=1184 best_avg=-0.449291 best_move=7,8 leader=2 inc2=1 attack_w=0.25
DBG t=49 used=0.019 remain=0.968 turn_time=0.0189804 end_in=0.0189804 depth=10 dec=0 cand_cap=20 cand=6->6 pick(must/bucket/top/rand)=1/4/1/0 sims=1122 loop=1116 best_avg=-0.194397 best_move=1,8 leader=1 inc2=1 attack_w=0.25
DBG t=61 used=0.019 remain=0.74 turn_time=0.0189744 end_in=0.0189744 depth=10 dec=0 cand_cap=20 cand=18->18 pick(must/bucket/top/rand)=1/4/11/2 sims=1262 loop=1244 best_avg=-0.0468401 best_move=6,9 leader=1 inc2=1 attack_w=0.25
DBG t=74 used=0.019 remain=0.493 turn_time=0.0189615 end_in=0.0189615 depth=11 dec=0 cand_cap=20 cand=32->20 pick(must/bucket/top/rand)=1/3/12/4 sims=952 loop=932 best_avg=0.153838 best_move=8,7 leader=4 inc2=1 attack_w=0.25
DBG t=86 used=0.019 remain=0.265 turn_time=0.0189286 end_in=0.0189286 depth=11 dec=0 cand_cap=20 cand=53->20 pick(must/bucket/top/rand)=1/4/11/4 sims=812 loop=792 best_avg=0.145105 best_move=7,7 leader=4 inc2=1 attack_w=0.25
DBG t=99 used=0.018 remain=0.018 turn_time=0.018 end_in=0.017 depth=0 dec=0 cand_cap=20 cand=57->20 pick(must/bucket/top/rand)=1/4/11/4 sims=27688 loop=27668 best_avg=0.306961 best_move=4,2 leader=4 inc2=1 attack_w=0.25
DBG summary depth_safety_fired=0
Score = 174105
=== CASE 0168.txt ===
DBG hdr N=10 M=5 T=100 U=4 VMAX=1457 TIME_LIMIT=1.94 MAX_CAND=20 UCB_C=0.21
DBG t=0 used=0.02 remain=1.94 turn_time=0.0194 end_in=0.0194 depth=7 dec=0 cand_cap=20 cand=5->5 pick(must/bucket/top/rand)=1/2/2/0 sims=3213 loop=3208 best_avg=-1.05468 best_move=6,8 leader=3 inc2=1 attack_w=1
DBG t=12 used=0.02 remain=1.7 turn_time=0.0193182 end_in=0.0193182 depth=7 dec=0 cand_cap=20 cand=10->10 pick(must/bucket/top/rand)=1/7/2/0 sims=2430 loop=2420 best_avg=-0.74893 best_move=4,7 leader=1 inc2=1 attack_w=0.312212
DBG t=24 used=0.02 remain=1.46 turn_time=0.0192105 end_in=0.0192105 depth=7 dec=0 cand_cap=20 cand=12->12 pick(must/bucket/top/rand)=1/5/6/0 sims=2496 loop=2484 best_avg=-1.06132 best_move=4,6 leader=1 inc2=0 attack_w=1
DBG t=37 used=0.02 remain=1.2 turn_time=0.0190476 end_in=0.0190476 depth=10 dec=0 cand_cap=20 cand=20->20 pick(must/bucket/top/rand)=1/7/8/4 sims=1968 loop=1948 best_avg=-0.646907 best_move=2,8 leader=1 inc2=1 attack_w=0.25
DBG t=49 used=0.019 remain=0.968 turn_time=0.0189804 end_in=0.0189804 depth=10 dec=0 cand_cap=20 cand=24->20 pick(must/bucket/top/rand)=1/6/9/4 sims=1492 loop=1472 best_avg=-0.63535 best_move=4,9 leader=1 inc2=1 attack_w=0.25
DBG t=61 used=0.019 remain=0.74 turn_time=0.0189744 end_in=0.0189744 depth=10 dec=0 cand_cap=20 cand=25->20 pick(must/bucket/top/rand)=1/7/8/4 sims=1676 loop=1656 best_avg=-0.513324 best_move=4,8 leader=1 inc2=1 attack_w=0.25
DBG t=74 used=0.019 remain=0.493 turn_time=0.0189615 end_in=0.0189615 depth=11 dec=0 cand_cap=20 cand=28->20 pick(must/bucket/top/rand)=1/6/9/4 sims=1400 loop=1380 best_avg=-0.365356 best_move=6,6 leader=1 inc2=0 attack_w=0.25
DBG t=86 used=0.019 remain=0.265 turn_time=0.0189286 end_in=0.0189286 depth=11 dec=0 cand_cap=20 cand=38->20 pick(must/bucket/top/rand)=1/4/11/4 sims=1336 loop=1316 best_avg=-0.346382 best_move=6,4 leader=1 inc2=0 attack_w=0.25
DBG t=99 used=0.018 remain=0.018 turn_time=0.018 end_in=0.017 depth=0 dec=0 cand_cap=20 cand=44->20 pick(must/bucket/top/rand)=1/8/7/4 sims=29168 loop=29148 best_avg=-0.149311 best_move=6,2 leader=2 inc2=1 attack_w=0.25
DBG summary depth_safety_fired=0
Score = 155834
=== CASE 0170.txt ===
DBG hdr N=10 M=5 T=100 U=2 VMAX=1568 TIME_LIMIT=1.94 MAX_CAND=20 UCB_C=0.21
DBG t=0 used=0.02 remain=1.94 turn_time=0.0194 end_in=0.0194 depth=7 dec=0 cand_cap=20 cand=5->5 pick(must/bucket/top/rand)=1/2/2/0 sims=3081 loop=3076 best_avg=-0.969149 best_move=2,9 leader=3 inc2=1 attack_w=1
DBG t=12 used=0.02 remain=1.7 turn_time=0.0193182 end_in=0.0193182 depth=7 dec=0 cand_cap=20 cand=16->16 pick(must/bucket/top/rand)=1/3/12/0 sims=2176 loop=2160 best_avg=-0.719448 best_move=3,7 leader=2 inc2=1 attack_w=0.565018
DBG t=24 used=0.02 remain=1.46 turn_time=0.0192105 end_in=0.0192105 depth=7 dec=0 cand_cap=20 cand=25->20 pick(must/bucket/top/rand)=1/2/13/4 sims=1724 loop=1704 best_avg=-0.901839 best_move=1,5 leader=4 inc2=0 attack_w=0.820679
DBG t=37 used=0.02 remain=1.2 turn_time=0.0190476 end_in=0.0190476 depth=10 dec=0 cand_cap=20 cand=34->20 pick(must/bucket/top/rand)=1/6/9/4 sims=1084 loop=1064 best_avg=-0.874057 best_move=6,4 leader=4 inc2=0 attack_w=1
DBG t=49 used=0.019 remain=0.968 turn_time=0.0189804 end_in=0.0189804 depth=10 dec=0 cand_cap=20 cand=32->20 pick(must/bucket/top/rand)=1/7/8/4 sims=928 loop=908 best_avg=-0.875239 best_move=2,5 leader=4 inc2=1 attack_w=0.503613
DBG t=61 used=0.019 remain=0.74 turn_time=0.0189744 end_in=0.0189744 depth=10 dec=0 cand_cap=20 cand=45->20 pick(must/bucket/top/rand)=1/7/8/4 sims=896 loop=876 best_avg=-0.73509 best_move=6,5 leader=4 inc2=1 attack_w=0.357168
DBG t=74 used=0.019 remain=0.493 turn_time=0.0189615 end_in=0.0189615 depth=11 dec=0 cand_cap=20 cand=46->20 pick(must/bucket/top/rand)=1/7/8/4 sims=696 loop=676 best_avg=-0.673346 best_move=4,8 leader=4 inc2=1 attack_w=0.25
DBG t=86 used=0.019 remain=0.265 turn_time=0.0189286 end_in=0.0189286 depth=11 dec=0 cand_cap=20 cand=22->20 pick(must/bucket/top/rand)=1/8/7/4 sims=864 loop=844 best_avg=-0.802789 best_move=4,3 leader=2 inc2=1 attack_w=0.25
DBG t=99 used=0.018 remain=0.018 turn_time=0.018 end_in=0.017 depth=0 dec=0 cand_cap=20 cand=33->20 pick(must/bucket/top/rand)=1/6/9/4 sims=22480 loop=22460 best_avg=-0.587543 best_move=6,3 leader=4 inc2=1 attack_w=0.25
DBG summary depth_safety_fired=0
Score = 112646
=== CASE 0173.txt ===
DBG hdr N=10 M=2 T=100 U=1 VMAX=2102 TIME_LIMIT=1.94 MAX_CAND=20 UCB_C=0.21
DBG t=0 used=0.02 remain=1.94 turn_time=0.0194 end_in=0.0194 depth=7 dec=0 cand_cap=20 cand=4->4 pick(must/bucket/top/rand)=1/2/1/0 sims=6588 loop=6584 best_avg=-2.92934 best_move=5,9 leader=1 inc2=1 attack_w=0.15
DBG t=12 used=0.02 remain=1.7 turn_time=0.0193182 end_in=0.0193182 depth=7 dec=0 cand_cap=20 cand=16->16 pick(must/bucket/top/rand)=1/5/10/0 sims=4804 loop=4788 best_avg=-1.89024 best_move=7,6 leader=1 inc2=1 attack_w=0.25
DBG t=24 used=0.02 remain=1.46 turn_time=0.0192105 end_in=0.0192105 depth=7 dec=0 cand_cap=20 cand=13->13 pick(must/bucket/top/rand)=1/5/7/0 sims=4469 loop=4456 best_avg=-1.92713 best_move=7,6 leader=1 inc2=1 attack_w=0.25
DBG t=37 used=0.02 remain=1.2 turn_time=0.0190476 end_in=0.0190476 depth=10 dec=0 cand_cap=20 cand=29->20 pick(must/bucket/top/rand)=1/3/12/4 sims=2368 loop=2348 best_avg=-1.95042 best_move=7,6 leader=1 inc2=1 attack_w=0.15
DBG t=49 used=0.019 remain=0.968 turn_time=0.0189804 end_in=0.0189804 depth=10 dec=0 cand_cap=20 cand=32->20 pick(must/bucket/top/rand)=1/4/11/4 sims=2116 loop=2096 best_avg=-1.90206 best_move=9,9 leader=1 inc2=1 attack_w=0.25
DBG t=61 used=0.019 remain=0.74 turn_time=0.0189744 end_in=0.0189744 depth=10 dec=0 cand_cap=20 cand=38->20 pick(must/bucket/top/rand)=1/3/12/4 sims=1884 loop=1864 best_avg=-1.60544 best_move=9,9 leader=1 inc2=1 attack_w=0.15
DBG t=74 used=0.019 remain=0.493 turn_time=0.0189615 end_in=0.0189615 depth=11 dec=0 cand_cap=20 cand=32->20 pick(must/bucket/top/rand)=1/4/11/4 sims=1772 loop=1752 best_avg=-1.96414 best_move=7,6 leader=1 inc2=1 attack_w=0.25
DBG t=86 used=0.019 remain=0.265 turn_time=0.0189286 end_in=0.0189286 depth=11 dec=0 cand_cap=20 cand=23->20 pick(must/bucket/top/rand)=1/4/11/4 sims=1692 loop=1672 best_avg=-1.83602 best_move=7,7 leader=1 inc2=1 attack_w=0.25
DBG t=99 used=0.018 remain=0.018 turn_time=0.018 end_in=0.017 depth=0 dec=0 cand_cap=20 cand=31->20 pick(must/bucket/top/rand)=1/6/9/4 sims=60740 loop=60720 best_avg=-0.55775 best_move=8,5 leader=1 inc2=1 attack_w=0.25
DBG summary depth_safety_fired=0
Score = 285443
=== CASE 0172.txt ===
DBG hdr N=10 M=5 T=100 U=4 VMAX=1295 TIME_LIMIT=1.94 MAX_CAND=20 UCB_C=0.21
DBG t=0 used=0.02 remain=1.94 turn_time=0.0194 end_in=0.0194 depth=7 dec=0 cand_cap=20 cand=3->3 pick(must/bucket/top/rand)=1/2/0/0 sims=3339 loop=3336 best_avg=-0.886791 best_move=9,1 leader=3 inc2=1 attack_w=1
DBG t=12 used=0.02 remain=1.7 turn_time=0.0193182 end_in=0.0193182 depth=7 dec=0 cand_cap=20 cand=7->7 pick(must/bucket/top/rand)=1/2/4/0 sims=2655 loop=2648 best_avg=-1.05251 best_move=7,1 leader=1 inc2=1 attack_w=0.807143
DBG t=24 used=0.02 remain=1.46 turn_time=0.0192105 end_in=0.0192105 depth=7 dec=0 cand_cap=20 cand=11->11 pick(must/bucket/top/rand)=1/1/9/0 sims=2207 loop=2196 best_avg=-1.21776 best_move=8,1 leader=1 inc2=1 attack_w=1
DBG t=37 used=0.02 remain=1.2 turn_time=0.0190476 end_in=0.0190476 depth=10 dec=0 cand_cap=20 cand=17->17 pick(must/bucket/top/rand)=1/3/12/1 sims=1153 loop=1136 best_avg=-0.988974 best_move=8,2 leader=1 inc2=1 attack_w=1
DBG t=49 used=0.019 remain=0.968 turn_time=0.0189804 end_in=0.0189804 depth=10 dec=0 cand_cap=20 cand=24->20 pick(must/bucket/top/rand)=1/5/10/4 sims=996 loop=976 best_avg=-0.952944 best_move=8,7 leader=1 inc2=1 attack_w=1
DBG t=61 used=0.019 remain=0.74 turn_time=0.0189744 end_in=0.0189744 depth=10 dec=0 cand_cap=20 cand=41->20 pick(must/bucket/top/rand)=1/8/7/4 sims=984 loop=964 best_avg=-0.715254 best_move=4,8 leader=1 inc2=1 attack_w=0.603628
DBG t=74 used=0.019 remain=0.493 turn_time=0.0189615 end_in=0.0189615 depth=11 dec=0 cand_cap=20 cand=27->20 pick(must/bucket/top/rand)=1/8/7/4 sims=924 loop=904 best_avg=-0.452486 best_move=1,8 leader=1 inc2=1 attack_w=0.25
DBG t=86 used=0.019 remain=0.265 turn_time=0.0189286 end_in=0.0189286 depth=11 dec=0 cand_cap=20 cand=33->20 pick(must/bucket/top/rand)=1/4/11/4 sims=976 loop=956 best_avg=-0.347298 best_move=0,9 leader=3 inc2=1 attack_w=0.25
DBG t=99 used=0.018 remain=0.018 turn_time=0.018 end_in=0.017 depth=0 dec=0 cand_cap=20 cand=41->20 pick(must/bucket/top/rand)=1/4/11/4 sims=19680 loop=19660 best_avg=-0.259482 best_move=5,2 leader=3 inc2=1 attack_w=0.25
DBG summary depth_safety_fired=0
Score = 144843
=== CASE 0174.txt ===
DBG hdr N=10 M=4 T=100 U=2 VMAX=1684 TIME_LIMIT=1.94 MAX_CAND=20 UCB_C=0.21
DBG t=0 used=0.02 remain=1.94 turn_time=0.0194 end_in=0.0194 depth=7 dec=0 cand_cap=20 cand=5->5 pick(must/bucket/top/rand)=1/2/2/0 sims=3697 loop=3692 best_avg=-0.984417 best_move=3,7 leader=3 inc2=0 attack_w=0.15
DBG t=12 used=0.02 remain=1.7 turn_time=0.0193182 end_in=0.0193182 depth=7 dec=0 cand_cap=20 cand=18->18 pick(must/bucket/top/rand)=1/2/13/2 sims=2662 loop=2644 best_avg=-0.798814 best_move=3,8 leader=1 inc2=0 attack_w=0.25
DBG t=24 used=0.02 remain=1.46 turn_time=0.0192105 end_in=0.0192105 depth=7 dec=0 cand_cap=20 cand=10->10 pick(must/bucket/top/rand)=1/6/3/0 sims=2218 loop=2208 best_avg=-0.572753 best_move=5,1 leader=1 inc2=0 attack_w=0.25
DBG t=37 used=0.02 remain=1.2 turn_time=0.0190476 end_in=0.0190476 depth=10 dec=0 cand_cap=20 cand=22->20 pick(must/bucket/top/rand)=1/8/7/4 sims=1804 loop=1784 best_avg=-0.59499 best_move=3,1 leader=1 inc2=0 attack_w=0.25
DBG t=49 used=0.019 remain=0.968 turn_time=0.0189804 end_in=0.0189804 depth=10 dec=0 cand_cap=20 cand=12->12 pick(must/bucket/top/rand)=1/7/4/0 sims=1496 loop=1484 best_avg=-0.389459 best_move=2,4 leader=1 inc2=1 attack_w=0.25
DBG t=61 used=0.019 remain=0.74 turn_time=0.0189744 end_in=0.0189744 depth=10 dec=0 cand_cap=20 cand=19->19 pick(must/bucket/top/rand)=1/7/8/3 sims=1367 loop=1348 best_avg=-0.316709 best_move=2,5 leader=2 inc2=1 attack_w=0.25
DBG t=74 used=0.019 remain=0.493 turn_time=0.0189615 end_in=0.0189615 depth=11 dec=0 cand_cap=20 cand=44->20 pick(must/bucket/top/rand)=1/6/9/4 sims=1020 loop=1000 best_avg=-0.439704 best_move=1,1 leader=2 inc2=0 attack_w=0.25
DBG t=86 used=0.019 remain=0.265 turn_time=0.0189286 end_in=0.0189286 depth=11 dec=0 cand_cap=20 cand=21->20 pick(must/bucket/top/rand)=1/4/11/4 sims=1020 loop=1000 best_avg=-0.278122 best_move=1,0 leader=2 inc2=1 attack_w=0.25
DBG t=99 used=0.018 remain=0.018 turn_time=0.018 end_in=0.017 depth=0 dec=0 cand_cap=20 cand=61->20 pick(must/bucket/top/rand)=1/6/9/4 sims=28684 loop=28664 best_avg=-0.0307338 best_move=2,7 leader=3 inc2=0 attack_w=0.25
DBG summary depth_safety_fired=0
Score = 186555
=== CASE 0176.txt ===
DBG hdr N=10 M=3 T=100 U=5 VMAX=2139 TIME_LIMIT=1.94 MAX_CAND=20 UCB_C=0.21
DBG t=0 used=0.02 remain=1.94 turn_time=0.0194 end_in=0.0194 depth=7 dec=0 cand_cap=20 cand=5->5 pick(must/bucket/top/rand)=1/2/2/0 sims=4889 loop=4884 best_avg=-1.12989 best_move=8,7 leader=1 inc2=1 attack_w=0.15
DBG t=12 used=0.02 remain=1.7 turn_time=0.0193182 end_in=0.0193182 depth=7 dec=0 cand_cap=20 cand=22->20 pick(must/bucket/top/rand)=1/8/7/4 sims=2812 loop=2792 best_avg=-0.931225 best_move=8,2 leader=1 inc2=1 attack_w=0.25
DBG t=24 used=0.02 remain=1.46 turn_time=0.0192105 end_in=0.0192105 depth=7 dec=0 cand_cap=20 cand=23->20 pick(must/bucket/top/rand)=1/8/7/4 sims=3064 loop=3044 best_avg=-1.33771 best_move=8,6 leader=1 inc2=1 attack_w=0.25
DBG t=37 used=0.02 remain=1.2 turn_time=0.0190476 end_in=0.0190476 depth=10 dec=0 cand_cap=20 cand=19->19 pick(must/bucket/top/rand)=1/6/9/3 sims=1939 loop=1920 best_avg=-1.29792 best_move=7,3 leader=1 inc2=1 attack_w=0.25
DBG t=49 used=0.019 remain=0.968 turn_time=0.0189804 end_in=0.0189804 depth=10 dec=0 cand_cap=20 cand=20->20 pick(must/bucket/top/rand)=1/6/9/4 sims=1936 loop=1916 best_avg=-1.12354 best_move=9,2 leader=1 inc2=1 attack_w=0.25
DBG t=61 used=0.019 remain=0.74 turn_time=0.0189744 end_in=0.0189744 depth=10 dec=0 cand_cap=20 cand=25->20 pick(must/bucket/top/rand)=1/6/9/4 sims=1792 loop=1772 best_avg=-0.824367 best_move=7,4 leader=1 inc2=1 attack_w=0.25
DBG t=74 used=0.019 remain=0.493 turn_time=0.0189615 end_in=0.0189615 depth=11 dec=0 cand_cap=20 cand=31->20 pick(must/bucket/top/rand)=1/7/8/4 sims=1468 loop=1448 best_avg=-0.580424 best_move=7,7 leader=1 inc2=1 attack_w=0.25
DBG t=86 used=0.019 remain=0.265 turn_time=0.0189286 end_in=0.0189286 depth=11 dec=0 cand_cap=20 cand=36->20 pick(must/bucket/top/rand)=1/8/7/4 sims=1356 loop=1336 best_avg=-0.629193 best_move=7,7 leader=1 inc2=1 attack_w=0.25
DBG t=99 used=0.018 remain=0.018 turn_time=0.018 end_in=0.017 depth=0 dec=0 cand_cap=20 cand=36->20 pick(must/bucket/top/rand)=1/8/7/4 sims=31960 loop=31940 best_avg=-0.731299 best_move=7,4 leader=1 inc2=1 attack_w=0.25
DBG summary depth_safety_fired=0
Score = 174167
=== CASE 0177.txt ===
DBG hdr N=10 M=8 T=100 U=4 VMAX=1857 TIME_LIMIT=1.94 MAX_CAND=20 UCB_C=0.21
DBG t=0 used=0.02 remain=1.94 turn_time=0.0194 end_in=0.0194 depth=7 dec=0 cand_cap=20 cand=3->3 pick(must/bucket/top/rand)=1/2/0/0 sims=2263 loop=2260 best_avg=-0.998862 best_move=0,5 leader=2 inc2=1 attack_w=1
DBG t=12 used=0.02 remain=1.7 turn_time=0.0193182 end_in=0.0193182 depth=7 dec=0 cand_cap=20 cand=16->16 pick(must/bucket/top/rand)=1/5/10/0 sims=1388 loop=1372 best_avg=-0.968528 best_move=1,0 leader=4 inc2=1 attack_w=1
DBG t=24 used=0.02 remain=1.46 turn_time=0.0192105 end_in=0.0192105 depth=7 dec=0 cand_cap=20 cand=20->20 pick(must/bucket/top/rand)=1/5/10/4 sims=1604 loop=1584 best_avg=-0.599181 best_move=2,2 leader=4 inc2=1 attack_w=1
DBG t=37 used=0.02 remain=1.2 turn_time=0.0190476 end_in=0.0190476 depth=10 dec=0 cand_cap=20 cand=23->20 pick(must/bucket/top/rand)=1/5/10/4 sims=916 loop=896 best_avg=-0.56462 best_move=3,4 leader=7 inc2=1 attack_w=0.92407
DBG t=49 used=0.019 remain=0.968 turn_time=0.0189804 end_in=0.0189804 depth=10 dec=0 cand_cap=20 cand=28->20 pick(must/bucket/top/rand)=1/6/9/4 sims=996 loop=976 best_avg=-0.140112 best_move=5,2 leader=7 inc2=1 attack_w=0.25
DBG t=61 used=0.019 remain=0.74 turn_time=0.0189744 end_in=0.0189744 depth=10 dec=0 cand_cap=20 cand=30->20 pick(must/bucket/top/rand)=1/7/8/4 sims=1056 loop=1036 best_avg=-0.171123 best_move=4,6 leader=7 inc2=1 attack_w=0.25
DBG t=74 used=0.019 remain=0.493 turn_time=0.0189615 end_in=0.0189615 depth=11 dec=0 cand_cap=20 cand=39->20 pick(must/bucket/top/rand)=1/8/7/4 sims=924 loop=904 best_avg=0.0973068 best_move=6,5 leader=7 inc2=1 attack_w=0.25
DBG t=86 used=0.019 remain=0.265 turn_time=0.0189286 end_in=0.0189286 depth=11 dec=0 cand_cap=20 cand=48->20 pick(must/bucket/top/rand)=1/6/9/4 sims=1004 loop=984 best_avg=0.178486 best_move=7,5 leader=7 inc2=1 attack_w=0.25
DBG t=99 used=0.018 remain=0.018 turn_time=0.018 end_in=0.017 depth=0 dec=0 cand_cap=20 cand=50->20 pick(must/bucket/top/rand)=1/6/9/4 sims=23636 loop=23616 best_avg=0.324036 best_move=7,8 leader=4 inc2=1 attack_w=0.25
DBG summary depth_safety_fired=0
Score = 165590
=== CASE 0175.txt ===
DBG hdr N=10 M=8 T=100 U=4 VMAX=1212 TIME_LIMIT=1.94 MAX_CAND=20 UCB_C=0.21
DBG t=0 used=0.02 remain=1.94 turn_time=0.0194 end_in=0.0194 depth=7 dec=0 cand_cap=20 cand=4->4 pick(must/bucket/top/rand)=1/2/1/0 sims=2408 loop=2404 best_avg=-0.79843 best_move=9,7 leader=7 inc2=1 attack_w=1
DBG t=12 used=0.02 remain=1.7 turn_time=0.0193182 end_in=0.0193182 depth=7 dec=0 cand_cap=20 cand=9->9 pick(must/bucket/top/rand)=1/5/3/0 sims=1585 loop=1576 best_avg=-0.441698 best_move=8,9 leader=1 inc2=1 attack_w=0.540775
DBG t=24 used=0.02 remain=1.46 turn_time=0.0192105 end_in=0.0192105 depth=7 dec=0 cand_cap=20 cand=15->15 pick(must/bucket/top/rand)=1/7/7/0 sims=1531 loop=1516 best_avg=-0.200578 best_move=7,9 leader=3 inc2=1 attack_w=0.25
DBG t=37 used=0.02 remain=1.2 turn_time=0.0190476 end_in=0.0190476 depth=10 dec=0 cand_cap=20 cand=19->19 pick(must/bucket/top/rand)=1/4/11/3 sims=1075 loop=1056 best_avg=-0.109523 best_move=6,9 leader=2 inc2=1 attack_w=0.25
DBG t=49 used=0.019 remain=0.968 turn_time=0.0189804 end_in=0.0189804 depth=10 dec=0 cand_cap=20 cand=24->20 pick(must/bucket/top/rand)=1/6/9/4 sims=932 loop=912 best_avg=-0.0529693 best_move=7,4 leader=2 inc2=1 attack_w=0.25
DBG t=61 used=0.019 remain=0.74 turn_time=0.0189744 end_in=0.0189744 depth=10 dec=0 cand_cap=20 cand=27->20 pick(must/bucket/top/rand)=1/6/9/4 sims=948 loop=928 best_avg=-0.182122 best_move=9,5 leader=2 inc2=1 attack_w=0.25
DBG t=74 used=0.019 remain=0.493 turn_time=0.0189615 end_in=0.0189615 depth=11 dec=0 cand_cap=20 cand=27->20 pick(must/bucket/top/rand)=1/4/11/4 sims=880 loop=860 best_avg=-0.199007 best_move=5,9 leader=2 inc2=1 attack_w=0.25
DBG t=86 used=0.019 remain=0.265 turn_time=0.0189286 end_in=0.0189286 depth=11 dec=0 cand_cap=20 cand=29->20 pick(must/bucket/top/rand)=1/4/11/4 sims=884 loop=864 best_avg=-0.146883 best_move=9,3 leader=5 inc2=1 attack_w=0.25
DBG t=99 used=0.018 remain=0.018 turn_time=0.018 end_in=0.017 depth=0 dec=0 cand_cap=20 cand=33->20 pick(must/bucket/top/rand)=1/4/11/4 sims=16772 loop=16752 best_avg=-0.0614011 best_move=7,7 leader=2 inc2=1 attack_w=0.25
DBG summary depth_safety_fired=0
Score = 129384
=== CASE 0179.txt ===
DBG hdr N=10 M=3 T=100 U=2 VMAX=1658 TIME_LIMIT=1.94 MAX_CAND=20 UCB_C=0.21
DBG t=0 used=0.02 remain=1.94 turn_time=0.0194 end_in=0.0194 depth=7 dec=0 cand_cap=20 cand=4->4 pick(must/bucket/top/rand)=1/2/1/0 sims=4616 loop=4612 best_avg=-1.09907 best_move=1,0 leader=1 inc2=1 attack_w=0.15
DBG t=12 used=0.02 remain=1.7 turn_time=0.0193182 end_in=0.0193182 depth=7 dec=0 cand_cap=20 cand=11->11 pick(must/bucket/top/rand)=1/5/5/0 sims=2647 loop=2636 best_avg=-1.09632 best_move=2,1 leader=1 inc2=1 attack_w=0.25
DBG t=24 used=0.02 remain=1.46 turn_time=0.0192105 end_in=0.0192105 depth=7 dec=0 cand_cap=20 cand=22->20 pick(must/bucket/top/rand)=1/7/8/4 sims=2112 loop=2092 best_avg=-1.14803 best_move=4,3 leader=1 inc2=1 attack_w=0.25
DBG t=37 used=0.02 remain=1.2 turn_time=0.0190476 end_in=0.0190476 depth=10 dec=0 cand_cap=20 cand=18->18 pick(must/bucket/top/rand)=1/8/7/2 sims=1258 loop=1240 best_avg=-1.21726 best_move=5,1 leader=1 inc2=1 attack_w=0.25
DBG t=49 used=0.019 remain=0.968 turn_time=0.0189804 end_in=0.0189804 depth=10 dec=0 cand_cap=20 cand=44->20 pick(must/bucket/top/rand)=1/8/7/4 sims=1016 loop=996 best_avg=-1.22142 best_move=3,3 leader=2 inc2=1 attack_w=0.25
DBG t=61 used=0.019 remain=0.74 turn_time=0.0189744 end_in=0.0189744 depth=10 dec=0 cand_cap=20 cand=51->20 pick(must/bucket/top/rand)=1/8/7/4 sims=928 loop=908 best_avg=-1.06236 best_move=2,6 leader=2 inc2=1 attack_w=0.25
DBG t=74 used=0.019 remain=0.493 turn_time=0.0189615 end_in=0.0189615 depth=11 dec=0 cand_cap=20 cand=63->20 pick(must/bucket/top/rand)=1/8/7/4 sims=816 loop=796 best_avg=-1.13568 best_move=4,2 leader=1 inc2=1 attack_w=0.25
DBG t=86 used=0.019 remain=0.265 turn_time=0.0189286 end_in=0.0189286 depth=11 dec=0 cand_cap=20 cand=58->20 pick(must/bucket/top/rand)=1/7/8/4 sims=828 loop=808 best_avg=-1.17552 best_move=0,3 leader=1 inc2=1 attack_w=0.25
DBG t=99 used=0.018 remain=0.018 turn_time=0.018 end_in=0.017 depth=0 dec=0 cand_cap=20 cand=61->20 pick(must/bucket/top/rand)=1/6/9/4 sims=28528 loop=28508 best_avg=-1.19774 best_move=0,5 leader=1 inc2=1 attack_w=0.25
DBG summary depth_safety_fired=0
Score = 133725
=== CASE 0178.txt ===
DBG hdr N=10 M=7 T=100 U=4 VMAX=1492 TIME_LIMIT=1.94 MAX_CAND=20 UCB_C=0.21
DBG t=0 used=0.02 remain=1.94 turn_time=0.0194 end_in=0.0194 depth=7 dec=0 cand_cap=20 cand=5->5 pick(must/bucket/top/rand)=1/2/2/0 sims=2825 loop=2820 best_avg=-0.665963 best_move=5,3 leader=4 inc2=1 attack_w=0.15
DBG t=12 used=0.02 remain=1.7 turn_time=0.0193182 end_in=0.0193182 depth=7 dec=0 cand_cap=20 cand=22->20 pick(must/bucket/top/rand)=1/6/9/4 sims=1892 loop=1872 best_avg=-0.704053 best_move=6,6 leader=5 inc2=1 attack_w=0.939907
DBG t=24 used=0.02 remain=1.46 turn_time=0.0192105 end_in=0.0192105 depth=7 dec=0 cand_cap=20 cand=19->19 pick(must/bucket/top/rand)=1/5/10/3 sims=1679 loop=1660 best_avg=-0.531902 best_move=6,3 leader=5 inc2=1 attack_w=0.889068
DBG t=37 used=0.02 remain=1.2 turn_time=0.0190476 end_in=0.0190476 depth=10 dec=0 cand_cap=20 cand=28->20 pick(must/bucket/top/rand)=1/8/7/4 sims=924 loop=904 best_avg=-0.485359 best_move=2,4 leader=4 inc2=1 attack_w=0.83134
DBG t=49 used=0.019 remain=0.968 turn_time=0.0189804 end_in=0.0189804 depth=10 dec=0 cand_cap=20 cand=33->20 pick(must/bucket/top/rand)=1/8/7/4 sims=940 loop=920 best_avg=-0.366793 best_move=6,3 leader=6 inc2=1 attack_w=0.428687
DBG t=61 used=0.019 remain=0.74 turn_time=0.0189744 end_in=0.0189744 depth=10 dec=0 cand_cap=20 cand=35->20 pick(must/bucket/top/rand)=1/8/7/4 sims=980 loop=960 best_avg=-0.43715 best_move=3,4 leader=6 inc2=1 attack_w=0.25
DBG t=74 used=0.019 remain=0.493 turn_time=0.0189615 end_in=0.0189615 depth=11 dec=0 cand_cap=20 cand=43->20 pick(must/bucket/top/rand)=1/8/7/4 sims=916 loop=896 best_avg=-0.198894 best_move=2,5 leader=6 inc2=1 attack_w=0.25
DBG t=86 used=0.019 remain=0.265 turn_time=0.0189286 end_in=0.0189286 depth=11 dec=0 cand_cap=20 cand=45->20 pick(must/bucket/top/rand)=1/6/9/4 sims=868 loop=848 best_avg=-0.283737 best_move=4,3 leader=3 inc2=1 attack_w=0.25
DBG t=99 used=0.018 remain=0.018 turn_time=0.018 end_in=0.017 depth=0 dec=0 cand_cap=20 cand=45->20 pick(must/bucket/top/rand)=1/6/9/4 sims=18088 loop=18068 best_avg=-0.0296085 best_move=2,7 leader=2 inc2=1 attack_w=0.25
DBG summary depth_safety_fired=0
Score = 142295
=== CASE 0181.txt ===
DBG hdr N=10 M=5 T=100 U=3 VMAX=1983 TIME_LIMIT=1.94 MAX_CAND=20 UCB_C=0.21
DBG t=0 used=0.02 remain=1.94 turn_time=0.0194 end_in=0.0194 depth=7 dec=0 cand_cap=20 cand=4->4 pick(must/bucket/top/rand)=1/2/1/0 sims=3284 loop=3280 best_avg=-0.953612 best_move=9,5 leader=3 inc2=0 attack_w=0.863364
DBG t=12 used=0.02 remain=1.7 turn_time=0.0193182 end_in=0.0193182 depth=7 dec=0 cand_cap=20 cand=15->15 pick(must/bucket/top/rand)=1/4/10/0 sims=1715 loop=1700 best_avg=-0.506991 best_move=6,6 leader=2 inc2=1 attack_w=0.25
DBG t=24 used=0.02 remain=1.456 turn_time=0.0191579 end_in=0.0191579 depth=7 dec=0 cand_cap=20 cand=18->18 pick(must/bucket/top/rand)=1/3/12/2 sims=1874 loop=1856 best_avg=-0.462893 best_move=9,3 leader=2 inc2=0 attack_w=0.25
DBG t=37 used=0.019 remain=1.196 turn_time=0.0189841 end_in=0.0189841 depth=10 dec=0 cand_cap=20 cand=19->19 pick(must/bucket/top/rand)=1/4/11/3 sims=1239 loop=1220 best_avg=-0.999369 best_move=7,4 leader=2 inc2=0 attack_w=0.25
DBG t=49 used=0.019 remain=0.968 turn_time=0.0189804 end_in=0.0189804 depth=10 dec=0 cand_cap=20 cand=22->20 pick(must/bucket/top/rand)=1/4/11/4 sims=1120 loop=1100 best_avg=-1.09007 best_move=7,6 leader=2 inc2=0 attack_w=1
DBG t=61 used=0.019 remain=0.74 turn_time=0.0189744 end_in=0.0189744 depth=10 dec=0 cand_cap=20 cand=25->20 pick(must/bucket/top/rand)=1/6/9/4 sims=1188 loop=1168 best_avg=-1.0575 best_move=9,0 leader=2 inc2=0 attack_w=1
DBG t=74 used=0.019 remain=0.493 turn_time=0.0189615 end_in=0.0189615 depth=11 dec=0 cand_cap=20 cand=25->20 pick(must/bucket/top/rand)=1/6/9/4 sims=1068 loop=1048 best_avg=-1.15527 best_move=6,6 leader=2 inc2=0 attack_w=1
DBG t=86 used=0.019 remain=0.265 turn_time=0.0189286 end_in=0.0189286 depth=11 dec=0 cand_cap=20 cand=26->20 pick(must/bucket/top/rand)=1/7/8/4 sims=1168 loop=1148 best_avg=-0.808202 best_move=8,1 leader=2 inc2=0 attack_w=0.901355
DBG t=99 used=0.018 remain=0.018 turn_time=0.018 end_in=0.017 depth=0 dec=0 cand_cap=20 cand=35->20 pick(must/bucket/top/rand)=1/6/9/4 sims=21284 loop=21264 best_avg=-0.783932 best_move=7,5 leader=2 inc2=0 attack_w=0.490769
DBG summary depth_safety_fired=0
Score = 100471
=== CASE 0180.txt ===
DBG hdr N=10 M=6 T=100 U=1 VMAX=1681 TIME_LIMIT=1.94 MAX_CAND=20 UCB_C=0.21
DBG t=0 used=0.02 remain=1.94 turn_time=0.0194 end_in=0.0194 depth=7 dec=0 cand_cap=20 cand=5->5 pick(must/bucket/top/rand)=1/2/2/0 sims=2637 loop=2632 best_avg=-0.635607 best_move=0,4 leader=4 inc2=1 attack_w=1
DBG t=12 used=0.02 remain=1.7 turn_time=0.0193182 end_in=0.0193182 depth=7 dec=0 cand_cap=20 cand=15->15 pick(must/bucket/top/rand)=1/3/11/0 sims=1587 loop=1572 best_avg=-0.535321 best_move=3,7 leader=2 inc2=1 attack_w=1
DBG t=24 used=0.02 remain=1.456 turn_time=0.0191579 end_in=0.0191579 depth=7 dec=0 cand_cap=20 cand=39->20 pick(must/bucket/top/rand)=1/6/9/4 sims=1236 loop=1216 best_avg=0.0923665 best_move=5,0 leader=5 inc2=1 attack_w=0.25
DBG t=37 used=0.019 remain=1.196 turn_time=0.0189841 end_in=0.0189841 depth=10 dec=0 cand_cap=20 cand=57->20 pick(must/bucket/top/rand)=1/6/9/4 sims=952 loop=932 best_avg=0.723607 best_move=5,3 leader=5 inc2=1 attack_w=0.25
DBG t=49 used=0.019 remain=0.968 turn_time=0.0189804 end_in=0.0189804 depth=10 dec=0 cand_cap=20 cand=7->7 pick(must/bucket/top/rand)=1/1/5/0 sims=983 loop=976 best_avg=0.982963 best_move=8,0 leader=1 inc2=1 attack_w=0.25
DBG t=61 used=0.019 remain=0.74 turn_time=0.0189744 end_in=0.0189744 depth=10 dec=0 cand_cap=20 cand=66->20 pick(must/bucket/top/rand)=1/6/9/4 sims=968 loop=948 best_avg=1.06524 best_move=6,8 leader=5 inc2=1 attack_w=0.25
DBG t=74 used=0.019 remain=0.493 turn_time=0.0189615 end_in=0.0189615 depth=11 dec=0 cand_cap=20 cand=80->20 pick(must/bucket/top/rand)=1/6/9/4 sims=768 loop=748 best_avg=1.46288 best_move=9,6 leader=4 inc2=1 attack_w=0.25
DBG t=86 used=0.019 remain=0.265 turn_time=0.0189286 end_in=0.0189286 depth=11 dec=0 cand_cap=20 cand=87->20 pick(must/bucket/top/rand)=1/6/9/4 sims=728 loop=708 best_avg=1.54285 best_move=4,8 leader=4 inc2=1 attack_w=0.25
DBG t=99 used=0.018 remain=0.018 turn_time=0.018 end_in=0.017 depth=0 dec=0 cand_cap=20 cand=88->20 pick(must/bucket/top/rand)=1/6/9/4 sims=31140 loop=31120 best_avg=1.86655 best_move=8,5 leader=4 inc2=1 attack_w=0.25
DBG summary depth_safety_fired=0
Score = 355196
=== CASE 0182.txt ===
DBG hdr N=10 M=2 T=100 U=3 VMAX=1596 TIME_LIMIT=1.94 MAX_CAND=20 UCB_C=0.21
DBG t=0 used=0.02 remain=1.94 turn_time=0.0194 end_in=0.0194 depth=7 dec=0 cand_cap=20 cand=5->5 pick(must/bucket/top/rand)=1/2/2/0 sims=5277 loop=5272 best_avg=-3.22056 best_move=2,2 leader=1 inc2=1 attack_w=1
DBG t=12 used=0.02 remain=1.7 turn_time=0.0193182 end_in=0.0193182 depth=7 dec=0 cand_cap=20 cand=36->20 pick(must/bucket/top/rand)=1/4/11/4 sims=3192 loop=3172 best_avg=-2.74281 best_move=6,6 leader=1 inc2=1 attack_w=0.25
DBG t=24 used=0.02 remain=1.456 turn_time=0.0191579 end_in=0.0191579 depth=7 dec=0 cand_cap=20 cand=45->20 pick(must/bucket/top/rand)=1/6/9/4 sims=2528 loop=2508 best_avg=-2.41768 best_move=8,7 leader=1 inc2=1 attack_w=0.25
DBG t=37 used=0.019 remain=1.196 turn_time=0.0189841 end_in=0.0189841 depth=10 dec=0 cand_cap=20 cand=47->20 pick(must/bucket/top/rand)=1/4/11/4 sims=2048 loop=2028 best_avg=-1.59251 best_move=8,6 leader=1 inc2=1 attack_w=0.15
DBG t=49 used=0.019 remain=0.968 turn_time=0.0189804 end_in=0.0189804 depth=10 dec=0 cand_cap=20 cand=49->20 pick(must/bucket/top/rand)=1/5/10/4 sims=2024 loop=2004 best_avg=-1.15037 best_move=9,6 leader=1 inc2=1 attack_w=0.15
DBG t=61 used=0.019 remain=0.74 turn_time=0.0189744 end_in=0.0189744 depth=10 dec=0 cand_cap=20 cand=50->20 pick(must/bucket/top/rand)=1/3/12/4 sims=2156 loop=2136 best_avg=-0.617245 best_move=9,6 leader=1 inc2=1 attack_w=0.15
DBG t=74 used=0.019 remain=0.493 turn_time=0.0189615 end_in=0.0189615 depth=11 dec=0 cand_cap=20 cand=53->20 pick(must/bucket/top/rand)=1/2/13/4 sims=1660 loop=1640 best_avg=-0.496154 best_move=4,8 leader=1 inc2=1 attack_w=0.15
DBG t=86 used=0.019 remain=0.265 turn_time=0.0189286 end_in=0.0189286 depth=11 dec=0 cand_cap=20 cand=57->20 pick(must/bucket/top/rand)=1/3/12/4 sims=1608 loop=1588 best_avg=-0.458641 best_move=8,7 leader=1 inc2=1 attack_w=0.15
DBG t=99 used=0.018 remain=0.018 turn_time=0.018 end_in=0.017 depth=0 dec=0 cand_cap=20 cand=59->20 pick(must/bucket/top/rand)=1/2/13/4 sims=69068 loop=69048 best_avg=0.183064 best_move=6,9 leader=1 inc2=1 attack_w=0.15
DBG summary depth_safety_fired=0
Score = 391565
=== CASE 0184.txt ===
DBG hdr N=10 M=7 T=100 U=3 VMAX=2058 TIME_LIMIT=1.94 MAX_CAND=20 UCB_C=0.21
DBG t=0 used=0.02 remain=1.94 turn_time=0.0194 end_in=0.0194 depth=7 dec=0 cand_cap=20 cand=4->4 pick(must/bucket/top/rand)=1/2/1/0 sims=2512 loop=2508 best_avg=-1.00697 best_move=3,0 leader=3 inc2=1 attack_w=1
DBG t=12 used=0.02 remain=1.7 turn_time=0.0193182 end_in=0.0193182 depth=7 dec=0 cand_cap=20 cand=11->11 pick(must/bucket/top/rand)=1/3/7/0 sims=1251 loop=1240 best_avg=-0.806248 best_move=5,0 leader=6 inc2=1 attack_w=0.897403
DBG t=24 used=0.02 remain=1.457 turn_time=0.0191711 end_in=0.0191711 depth=7 dec=0 cand_cap=20 cand=22->20 pick(must/bucket/top/rand)=1/8/7/4 sims=1300 loop=1280 best_avg=-0.601983 best_move=9,3 leader=4 inc2=1 attack_w=0.38331
DBG t=37 used=0.019 remain=1.196 turn_time=0.0189841 end_in=0.0189841 depth=10 dec=0 cand_cap=20 cand=23->20 pick(must/bucket/top/rand)=1/7/8/4 sims=980 loop=960 best_avg=-0.645159 best_move=4,0 leader=2 inc2=1 attack_w=0.25
DBG t=49 used=0.019 remain=0.968 turn_time=0.0189804 end_in=0.0189804 depth=10 dec=0 cand_cap=20 cand=30->20 pick(must/bucket/top/rand)=1/7/8/4 sims=936 loop=916 best_avg=-0.595102 best_move=4,1 leader=2 inc2=1 attack_w=0.336438
DBG t=61 used=0.019 remain=0.74 turn_time=0.0189744 end_in=0.0189744 depth=10 dec=0 cand_cap=20 cand=33->20 pick(must/bucket/top/rand)=1/7/8/4 sims=996 loop=976 best_avg=-0.304781 best_move=1,0 leader=4 inc2=1 attack_w=0.25
DBG t=74 used=0.019 remain=0.493 turn_time=0.0189615 end_in=0.0189615 depth=11 dec=0 cand_cap=20 cand=35->20 pick(must/bucket/top/rand)=1/7/8/4 sims=860 loop=840 best_avg=-0.258437 best_move=9,4 leader=4 inc2=1 attack_w=0.25
DBG t=86 used=0.019 remain=0.265 turn_time=0.0189286 end_in=0.0189286 depth=11 dec=0 cand_cap=20 cand=38->20 pick(must/bucket/top/rand)=1/7/8/4 sims=884 loop=864 best_avg=-0.120314 best_move=4,2 leader=3 inc2=1 attack_w=0.25
DBG t=99 used=0.018 remain=0.018 turn_time=0.018 end_in=0.017 depth=0 dec=0 cand_cap=20 cand=38->20 pick(must/bucket/top/rand)=1/8/7/4 sims=20060 loop=20040 best_avg=-0.0986694 best_move=3,2 leader=4 inc2=1 attack_w=0.25
DBG summary depth_safety_fired=0
Score = 131483
=== CASE 0183.txt ===
DBG hdr N=10 M=7 T=100 U=4 VMAX=1489 TIME_LIMIT=1.94 MAX_CAND=20 UCB_C=0.21
DBG t=0 used=0.02 remain=1.94 turn_time=0.0194 end_in=0.0194 depth=7 dec=0 cand_cap=20 cand=5->5 pick(must/bucket/top/rand)=1/2/2/0 sims=2473 loop=2468 best_avg=-0.731262 best_move=4,8 leader=4 inc2=1 attack_w=1
DBG t=12 used=0.02 remain=1.7 turn_time=0.0193182 end_in=0.0193182 depth=7 dec=0 cand_cap=20 cand=10->10 pick(must/bucket/top/rand)=1/4/5/0 sims=1626 loop=1616 best_avg=-0.279331 best_move=4,7 leader=5 inc2=1 attack_w=0.25
DBG t=24 used=0.02 remain=1.454 turn_time=0.0191316 end_in=0.0191316 depth=7 dec=0 cand_cap=20 cand=16->16 pick(must/bucket/top/rand)=1/4/11/0 sims=1616 loop=1600 best_avg=-0.241372 best_move=5,7 leader=3 inc2=1 attack_w=0.25
DBG t=37 used=0.019 remain=1.196 turn_time=0.0189841 end_in=0.0189841 depth=10 dec=0 cand_cap=20 cand=28->20 pick(must/bucket/top/rand)=1/4/11/4 sims=1148 loop=1128 best_avg=-0.154533 best_move=2,6 leader=3 inc2=1 attack_w=0.25
DBG t=49 used=0.019 remain=0.968 turn_time=0.0189804 end_in=0.0189804 depth=10 dec=0 cand_cap=20 cand=30->20 pick(must/bucket/top/rand)=1/5/10/4 sims=1052 loop=1032 best_avg=-0.115434 best_move=2,5 leader=3 inc2=1 attack_w=0.25
DBG t=61 used=0.019 remain=0.74 turn_time=0.0189744 end_in=0.0189744 depth=10 dec=0 cand_cap=20 cand=35->20 pick(must/bucket/top/rand)=1/7/8/4 sims=1156 loop=1136 best_avg=-0.206403 best_move=5,7 leader=3 inc2=1 attack_w=0.25
DBG t=74 used=0.019 remain=0.493 turn_time=0.0189615 end_in=0.0189615 depth=11 dec=0 cand_cap=20 cand=37->20 pick(must/bucket/top/rand)=1/7/8/4 sims=980 loop=960 best_avg=-0.234924 best_move=9,5 leader=3 inc2=1 attack_w=0.25
DBG t=86 used=0.019 remain=0.265 turn_time=0.0189286 end_in=0.0189286 depth=11 dec=0 cand_cap=20 cand=43->20 pick(must/bucket/top/rand)=1/6/9/4 sims=1036 loop=1016 best_avg=0.229367 best_move=5,6 leader=3 inc2=1 attack_w=0.25
DBG t=99 used=0.018 remain=0.018 turn_time=0.018 end_in=0.017 depth=0 dec=0 cand_cap=20 cand=53->20 pick(must/bucket/top/rand)=1/8/7/4 sims=23356 loop=23336 best_avg=0.242078 best_move=6,7 leader=3 inc2=1 attack_w=0.25
DBG summary depth_safety_fired=0
Score = 161359
=== CASE 0185.txt ===
DBG hdr N=10 M=4 T=100 U=5 VMAX=1220 TIME_LIMIT=1.94 MAX_CAND=20 UCB_C=0.21
DBG t=0 used=0.02 remain=1.94 turn_time=0.0194 end_in=0.0194 depth=7 dec=0 cand_cap=20 cand=5->5 pick(must/bucket/top/rand)=1/2/2/0 sims=4253 loop=4248 best_avg=-1.0742 best_move=4,1 leader=3 inc2=1 attack_w=1
DBG t=12 used=0.02 remain=1.7 turn_time=0.0193182 end_in=0.0193182 depth=7 dec=0 cand_cap=20 cand=20->20 pick(must/bucket/top/rand)=1/2/13/4 sims=2420 loop=2400 best_avg=-1.06713 best_move=2,3 leader=3 inc2=1 attack_w=0.686201
DBG t=24 used=0.02 remain=1.458 turn_time=0.0191842 end_in=0.0191842 depth=7 dec=0 cand_cap=20 cand=32->20 pick(must/bucket/top/rand)=1/6/9/4 sims=1716 loop=1696 best_avg=-1.01572 best_move=5,6 leader=3 inc2=1 attack_w=0.321978
DBG t=37 used=0.02 remain=1.198 turn_time=0.0190159 end_in=0.0190159 depth=10 dec=0 cand_cap=20 cand=42->20 pick(must/bucket/top/rand)=1/7/8/4 sims=1188 loop=1168 best_avg=-1.09484 best_move=5,6 leader=2 inc2=1 attack_w=0.332741
DBG t=49 used=0.019 remain=0.968 turn_time=0.0189804 end_in=0.0189804 depth=10 dec=0 cand_cap=20 cand=27->20 pick(must/bucket/top/rand)=1/6/9/4 sims=1208 loop=1188 best_avg=-1.2294 best_move=8,4 leader=3 inc2=1 attack_w=0.990543
DBG t=61 used=0.019 remain=0.74 turn_time=0.0189744 end_in=0.0189744 depth=10 dec=0 cand_cap=20 cand=37->20 pick(must/bucket/top/rand)=1/6/9/4 sims=1152 loop=1132 best_avg=-1.23705 best_move=9,3 leader=2 inc2=1 attack_w=0.830788
DBG t=74 used=0.019 remain=0.493 turn_time=0.0189615 end_in=0.0189615 depth=11 dec=0 cand_cap=20 cand=36->20 pick(must/bucket/top/rand)=1/6/9/4 sims=988 loop=968 best_avg=-1.33249 best_move=6,4 leader=2 inc2=1 attack_w=1
DBG t=86 used=0.019 remain=0.265 turn_time=0.0189286 end_in=0.0189286 depth=11 dec=0 cand_cap=20 cand=16->16 pick(must/bucket/top/rand)=1/4/11/0 sims=1108 loop=1092 best_avg=-1.381 best_move=5,9 leader=3 inc2=1 attack_w=1
DBG t=99 used=0.018 remain=0.018 turn_time=0.018 end_in=0.017 depth=0 dec=0 cand_cap=20 cand=20->20 pick(must/bucket/top/rand)=1/4/11/4 sims=21616 loop=21596 best_avg=-1.39847 best_move=2,9 leader=2 inc2=1 attack_w=1
DBG summary depth_safety_fired=0
Score = 80227
=== CASE 0186.txt ===
DBG hdr N=10 M=8 T=100 U=4 VMAX=1499 TIME_LIMIT=1.94 MAX_CAND=20 UCB_C=0.21
DBG t=0 used=0.02 remain=1.94 turn_time=0.0194 end_in=0.0194 depth=7 dec=0 cand_cap=20 cand=5->5 pick(must/bucket/top/rand)=1/3/1/0 sims=2349 loop=2344 best_avg=-0.588767 best_move=3,8 leader=1 inc2=1 attack_w=0.319328
DBG t=12 used=0.02 remain=1.7 turn_time=0.0193182 end_in=0.0193182 depth=7 dec=0 cand_cap=20 cand=16->16 pick(must/bucket/top/rand)=1/7/8/0 sims=2176 loop=2160 best_avg=-0.292038 best_move=4,8 leader=2 inc2=1 attack_w=0.25
DBG t=24 used=0.02 remain=1.46 turn_time=0.0192105 end_in=0.0192105 depth=7 dec=0 cand_cap=20 cand=16->16 pick(must/bucket/top/rand)=1/6/9/0 sims=1720 loop=1704 best_avg=-0.306676 best_move=6,8 leader=5 inc2=1 attack_w=0.271299
DBG t=37 used=0.02 remain=1.2 turn_time=0.0190476 end_in=0.0190476 depth=10 dec=0 cand_cap=20 cand=22->20 pick(must/bucket/top/rand)=1/6/9/4 sims=1120 loop=1100 best_avg=-0.372124 best_move=7,8 leader=5 inc2=1 attack_w=0.344393
DBG t=49 used=0.019 remain=0.968 turn_time=0.0189804 end_in=0.0189804 depth=10 dec=0 cand_cap=20 cand=27->20 pick(must/bucket/top/rand)=1/6/9/4 sims=1092 loop=1072 best_avg=-0.420007 best_move=8,6 leader=5 inc2=1 attack_w=0.422284
DBG t=61 used=0.019 remain=0.74 turn_time=0.0189744 end_in=0.0189744 depth=10 dec=0 cand_cap=20 cand=38->20 pick(must/bucket/top/rand)=1/7/8/4 sims=984 loop=964 best_avg=-0.376895 best_move=7,3 leader=5 inc2=1 attack_w=0.39189
DBG t=74 used=0.019 remain=0.493 turn_time=0.0189615 end_in=0.0189615 depth=11 dec=0 cand_cap=20 cand=41->20 pick(must/bucket/top/rand)=1/6/9/4 sims=808 loop=788 best_avg=-0.339627 best_move=3,7 leader=5 inc2=1 attack_w=0.25
DBG t=86 used=0.019 remain=0.265 turn_time=0.0189286 end_in=0.0189286 depth=11 dec=0 cand_cap=20 cand=22->20 pick(must/bucket/top/rand)=1/6/9/4 sims=896 loop=876 best_avg=-0.223945 best_move=8,2 leader=5 inc2=1 attack_w=0.25
DBG t=99 used=0.018 remain=0.018 turn_time=0.018 end_in=0.017 depth=0 dec=0 cand_cap=20 cand=25->20 pick(must/bucket/top/rand)=1/5/10/4 sims=15344 loop=15324 best_avg=-0.208532 best_move=7,1 leader=5 inc2=1 attack_w=0.25
DBG summary depth_safety_fired=0
Score = 118399
=== CASE 0187.txt ===
DBG hdr N=10 M=7 T=100 U=2 VMAX=1393 TIME_LIMIT=1.94 MAX_CAND=20 UCB_C=0.21
DBG t=0 used=0.02 remain=1.94 turn_time=0.0194 end_in=0.0194 depth=7 dec=0 cand_cap=20 cand=5->5 pick(must/bucket/top/rand)=1/2/2/0 sims=2065 loop=2060 best_avg=-0.708938 best_move=4,8 leader=2 inc2=1 attack_w=1
DBG t=12 used=0.02 remain=1.7 turn_time=0.0193182 end_in=0.0193182 depth=7 dec=0 cand_cap=20 cand=19->19 pick(must/bucket/top/rand)=1/5/10/3 sims=1711 loop=1692 best_avg=-0.50637 best_move=6,8 leader=5 inc2=1 attack_w=0.25
DBG t=24 used=0.02 remain=1.46 turn_time=0.0192105 end_in=0.0192105 depth=7 dec=0 cand_cap=20 cand=22->20 pick(must/bucket/top/rand)=1/4/11/4 sims=1612 loop=1592 best_avg=-0.323812 best_move=5,6 leader=5 inc2=1 attack_w=0.25
DBG t=37 used=0.02 remain=1.2 turn_time=0.0190476 end_in=0.0190476 depth=10 dec=0 cand_cap=20 cand=31->20 pick(must/bucket/top/rand)=1/6/9/4 sims=1188 loop=1168 best_avg=-0.130872 best_move=2,7 leader=5 inc2=1 attack_w=0.25
DBG t=49 used=0.019 remain=0.968 turn_time=0.0189804 end_in=0.0189804 depth=10 dec=0 cand_cap=20 cand=38->20 pick(must/bucket/top/rand)=1/5/10/4 sims=1096 loop=1076 best_avg=-0.143689 best_move=8,9 leader=5 inc2=1 attack_w=0.25
DBG t=61 used=0.019 remain=0.74 turn_time=0.0189744 end_in=0.0189744 depth=10 dec=0 cand_cap=20 cand=43->20 pick(must/bucket/top/rand)=1/6/9/4 sims=1084 loop=1064 best_avg=-0.143176 best_move=6,6 leader=5 inc2=1 attack_w=0.25
DBG t=74 used=0.019 remain=0.493 turn_time=0.0189615 end_in=0.0189615 depth=11 dec=0 cand_cap=20 cand=55->20 pick(must/bucket/top/rand)=1/7/8/4 sims=872 loop=852 best_avg=-0.208235 best_move=0,6 leader=5 inc2=1 attack_w=0.25
DBG t=86 used=0.019 remain=0.265 turn_time=0.0189286 end_in=0.0189286 depth=11 dec=0 cand_cap=20 cand=59->20 pick(must/bucket/top/rand)=1/8/7/4 sims=872 loop=852 best_avg=-0.132449 best_move=7,8 leader=5 inc2=1 attack_w=0.25
DBG t=99 used=0.018 remain=0.018 turn_time=0.018 end_in=0.017 depth=0 dec=0 cand_cap=20 cand=69->20 pick(must/bucket/top/rand)=1/7/8/4 sims=20224 loop=20204 best_avg=0.0364428 best_move=7,2 leader=5 inc2=1 attack_w=0.25
DBG summary depth_safety_fired=0
Score = 140224
=== CASE 0188.txt ===
DBG hdr N=10 M=6 T=100 U=1 VMAX=1572 TIME_LIMIT=1.94 MAX_CAND=20 UCB_C=0.21
DBG t=0 used=0.02 remain=1.94 turn_time=0.0194 end_in=0.0194 depth=7 dec=0 cand_cap=20 cand=4->4 pick(must/bucket/top/rand)=1/2/1/0 sims=2696 loop=2692 best_avg=-0.81548 best_move=5,3 leader=2 inc2=1 attack_w=1
DBG t=12 used=0.02 remain=1.7 turn_time=0.0193182 end_in=0.0193182 depth=7 dec=0 cand_cap=20 cand=30->20 pick(must/bucket/top/rand)=1/6/9/4 sims=1840 loop=1820 best_avg=-0.361302 best_move=9,4 leader=2 inc2=1 attack_w=0.25
DBG t=24 used=0.02 remain=1.46 turn_time=0.0192105 end_in=0.0192105 depth=7 dec=0 cand_cap=20 cand=34->20 pick(must/bucket/top/rand)=1/6/9/4 sims=1708 loop=1688 best_avg=0.225407 best_move=3,8 leader=2 inc2=1 attack_w=0.25
DBG t=37 used=0.02 remain=1.2 turn_time=0.0190476 end_in=0.0190476 depth=10 dec=0 cand_cap=20 cand=19->19 pick(must/bucket/top/rand)=1/5/10/3 sims=1191 loop=1172 best_avg=0.598766 best_move=3,7 leader=2 inc2=1 attack_w=0.25
DBG t=49 used=0.019 remain=0.968 turn_time=0.0189804 end_in=0.0189804 depth=10 dec=0 cand_cap=20 cand=37->20 pick(must/bucket/top/rand)=1/6/9/4 sims=1036 loop=1016 best_avg=0.826768 best_move=1,4 leader=4 inc2=1 attack_w=0.25
DBG t=61 used=0.019 remain=0.74 turn_time=0.0189744 end_in=0.0189744 depth=10 dec=0 cand_cap=20 cand=33->20 pick(must/bucket/top/rand)=1/4/11/4 sims=1048 loop=1028 best_avg=0.839365 best_move=3,7 leader=5 inc2=1 attack_w=0.25
DBG t=74 used=0.019 remain=0.493 turn_time=0.0189615 end_in=0.0189615 depth=11 dec=0 cand_cap=20 cand=52->20 pick(must/bucket/top/rand)=1/6/9/4 sims=836 loop=816 best_avg=0.824441 best_move=0,2 leader=4 inc2=1 attack_w=0.25
DBG t=86 used=0.019 remain=0.265 turn_time=0.0189286 end_in=0.0189286 depth=11 dec=0 cand_cap=20 cand=6->6 pick(must/bucket/top/rand)=1/4/1/0 sims=1042 loop=1036 best_avg=0.672445 best_move=2,1 leader=5 inc2=1 attack_w=0.25
DBG t=99 used=0.018 remain=0.018 turn_time=0.018 end_in=0.017 depth=0 dec=0 cand_cap=20 cand=3->3 pick(must/bucket/top/rand)=1/2/0/0 sims=21375 loop=21372 best_avg=0.931071 best_move=0,0 leader=1 inc2=1 attack_w=0.25
DBG summary depth_safety_fired=0
Score = 233558
=== CASE 0189.txt ===
DBG hdr N=10 M=8 T=100 U=3 VMAX=1777 TIME_LIMIT=1.94 MAX_CAND=20 UCB_C=0.21
DBG t=0 used=0.02 remain=1.94 turn_time=0.0194 end_in=0.0194 depth=7 dec=0 cand_cap=20 cand=4->4 pick(must/bucket/top/rand)=1/2/1/0 sims=2308 loop=2304 best_avg=-0.741355 best_move=0,1 leader=3 inc2=1 attack_w=1
DBG t=12 used=0.02 remain=1.7 turn_time=0.0193182 end_in=0.0193182 depth=7 dec=0 cand_cap=20 cand=13->13 pick(must/bucket/top/rand)=1/5/7/0 sims=1565 loop=1552 best_avg=-0.242288 best_move=1,3 leader=3 inc2=1 attack_w=0.854861
DBG t=24 used=0.02 remain=1.46 turn_time=0.0192105 end_in=0.0192105 depth=7 dec=0 cand_cap=20 cand=19->19 pick(must/bucket/top/rand)=1/6/9/3 sims=1451 loop=1432 best_avg=-0.135236 best_move=0,5 leader=7 inc2=1 attack_w=0.25
DBG t=37 used=0.02 remain=1.2 turn_time=0.0190476 end_in=0.0190476 depth=10 dec=0 cand_cap=20 cand=20->20 pick(must/bucket/top/rand)=1/6/9/4 sims=928 loop=908 best_avg=-0.179735 best_move=0,2 leader=7 inc2=1 attack_w=0.25
DBG t=49 used=0.019 remain=0.968 turn_time=0.0189804 end_in=0.0189804 depth=10 dec=0 cand_cap=20 cand=17->17 pick(must/bucket/top/rand)=1/4/11/1 sims=869 loop=852 best_avg=-0.428503 best_move=1,2 leader=5 inc2=1 attack_w=0.335932
DBG t=61 used=0.019 remain=0.74 turn_time=0.0189744 end_in=0.0189744 depth=10 dec=0 cand_cap=20 cand=15->15 pick(must/bucket/top/rand)=1/3/11/0 sims=991 loop=976 best_avg=-0.603671 best_move=1,3 leader=5 inc2=1 attack_w=1
DBG t=74 used=0.019 remain=0.493 turn_time=0.0189615 end_in=0.0189615 depth=11 dec=0 cand_cap=20 cand=17->17 pick(must/bucket/top/rand)=1/4/11/1 sims=941 loop=924 best_avg=-0.794625 best_move=0,3 leader=5 inc2=1 attack_w=1
DBG t=86 used=0.019 remain=0.265 turn_time=0.0189286 end_in=0.0189286 depth=11 dec=0 cand_cap=20 cand=20->20 pick(must/bucket/top/rand)=1/4/11/4 sims=968 loop=948 best_avg=-0.730178 best_move=2,4 leader=7 inc2=1 attack_w=1
DBG t=99 used=0.018 remain=0.018 turn_time=0.018 end_in=0.017 depth=0 dec=0 cand_cap=20 cand=17->17 pick(must/bucket/top/rand)=1/3/12/1 sims=19433 loop=19416 best_avg=-0.642171 best_move=1,4 leader=5 inc2=1 attack_w=1
DBG summary depth_safety_fired=0
Score = 83174
=== CASE 0190.txt ===
DBG hdr N=10 M=5 T=100 U=2 VMAX=2260 TIME_LIMIT=1.94 MAX_CAND=20 UCB_C=0.21
DBG t=0 used=0.02 remain=1.94 turn_time=0.0194 end_in=0.0194 depth=7 dec=0 cand_cap=20 cand=5->5 pick(must/bucket/top/rand)=1/2/2/0 sims=2905 loop=2900 best_avg=-1.24075 best_move=5,5 leader=1 inc2=1 attack_w=1
DBG t=12 used=0.02 remain=1.7 turn_time=0.0193182 end_in=0.0193182 depth=7 dec=0 cand_cap=20 cand=25->20 pick(must/bucket/top/rand)=1/5/10/4 sims=1940 loop=1920 best_avg=-0.503167 best_move=4,0 leader=1 inc2=1 attack_w=0.614632
DBG t=24 used=0.02 remain=1.46 turn_time=0.0192105 end_in=0.0192105 depth=7 dec=0 cand_cap=20 cand=34->20 pick(must/bucket/top/rand)=1/6/9/4 sims=1800 loop=1780 best_avg=-0.221454 best_move=6,3 leader=4 inc2=1 attack_w=0.25
DBG t=37 used=0.02 remain=1.2 turn_time=0.0190476 end_in=0.0190476 depth=10 dec=0 cand_cap=20 cand=38->20 pick(must/bucket/top/rand)=1/6/9/4 sims=1180 loop=1160 best_avg=-0.209983 best_move=7,0 leader=3 inc2=1 attack_w=0.25
DBG t=49 used=0.019 remain=0.968 turn_time=0.0189804 end_in=0.0189804 depth=10 dec=0 cand_cap=20 cand=40->20 pick(must/bucket/top/rand)=1/8/7/4 sims=1084 loop=1064 best_avg=-0.00338119 best_move=3,0 leader=1 inc2=0 attack_w=0.25
DBG t=61 used=0.019 remain=0.74 turn_time=0.0189744 end_in=0.0189744 depth=10 dec=0 cand_cap=20 cand=43->20 pick(must/bucket/top/rand)=1/8/7/4 sims=948 loop=928 best_avg=-0.228297 best_move=4,5 leader=1 inc2=1 attack_w=0.25
DBG t=74 used=0.019 remain=0.493 turn_time=0.0189615 end_in=0.0189615 depth=11 dec=0 cand_cap=20 cand=46->20 pick(must/bucket/top/rand)=1/8/7/4 sims=852 loop=832 best_avg=-0.21936 best_move=7,6 leader=2 inc2=1 attack_w=0.25
DBG t=86 used=0.019 remain=0.265 turn_time=0.0189286 end_in=0.0189286 depth=11 dec=0 cand_cap=20 cand=53->20 pick(must/bucket/top/rand)=1/8/7/4 sims=824 loop=804 best_avg=-0.0612716 best_move=3,2 leader=1 inc2=1 attack_w=0.25
DBG t=99 used=0.018 remain=0.018 turn_time=0.018 end_in=0.017 depth=0 dec=0 cand_cap=20 cand=61->20 pick(must/bucket/top/rand)=1/7/8/4 sims=22296 loop=22276 best_avg=0.254847 best_move=1,1 leader=3 inc2=1 attack_w=0.25
DBG summary depth_safety_fired=0
Score = 187820
=== CASE 0191.txt ===
DBG hdr N=10 M=4 T=100 U=5 VMAX=1662 TIME_LIMIT=1.94 MAX_CAND=20 UCB_C=0.21
DBG t=0 used=0.02 remain=1.94 turn_time=0.0194 end_in=0.0194 depth=7 dec=0 cand_cap=20 cand=5->5 pick(must/bucket/top/rand)=1/2/2/0 sims=3869 loop=3864 best_avg=-0.820075 best_move=7,1 leader=2 inc2=1 attack_w=0.15
DBG t=12 used=0.02 remain=1.7 turn_time=0.0193182 end_in=0.0193182 depth=7 dec=0 cand_cap=20 cand=27->20 pick(must/bucket/top/rand)=1/2/13/4 sims=3028 loop=3008 best_avg=-0.624993 best_move=9,7 leader=1 inc2=1 attack_w=0.25
DBG t=24 used=0.02 remain=1.46 turn_time=0.0192105 end_in=0.0192105 depth=7 dec=0 cand_cap=20 cand=29->20 pick(must/bucket/top/rand)=1/2/13/4 sims=2468 loop=2448 best_avg=-0.658341 best_move=7,5 leader=3 inc2=1 attack_w=0.25
DBG t=37 used=0.02 remain=1.2 turn_time=0.0190476 end_in=0.0190476 depth=10 dec=0 cand_cap=20 cand=32->20 pick(must/bucket/top/rand)=1/5/10/4 sims=1492 loop=1472 best_avg=-0.568942 best_move=9,3 leader=2 inc2=1 attack_w=0.25
DBG t=49 used=0.019 remain=0.968 turn_time=0.0189804 end_in=0.0189804 depth=10 dec=0 cand_cap=20 cand=41->20 pick(must/bucket/top/rand)=1/7/8/4 sims=1268 loop=1248 best_avg=-0.508996 best_move=7,9 leader=2 inc2=1 attack_w=0.25
DBG t=61 used=0.019 remain=0.74 turn_time=0.0189744 end_in=0.0189744 depth=10 dec=0 cand_cap=20 cand=44->20 pick(must/bucket/top/rand)=1/6/9/4 sims=1276 loop=1256 best_avg=-0.43973 best_move=9,2 leader=2 inc2=0 attack_w=0.25
DBG t=74 used=0.019 remain=0.493 turn_time=0.0189615 end_in=0.0189615 depth=11 dec=0 cand_cap=20 cand=50->20 pick(must/bucket/top/rand)=1/6/9/4 sims=1088 loop=1068 best_avg=-0.403614 best_move=5,0 leader=2 inc2=0 attack_w=0.25
DBG t=86 used=0.019 remain=0.265 turn_time=0.0189286 end_in=0.0189286 depth=11 dec=0 cand_cap=20 cand=48->20 pick(must/bucket/top/rand)=1/6/9/4 sims=1056 loop=1036 best_avg=-0.470831 best_move=5,8 leader=2 inc2=0 attack_w=0.25
DBG t=99 used=0.018 remain=0.018 turn_time=0.018 end_in=0.017 depth=0 dec=0 cand_cap=20 cand=53->20 pick(must/bucket/top/rand)=1/6/9/4 sims=19404 loop=19384 best_avg=-0.418347 best_move=8,7 leader=2 inc2=1 attack_w=0.25
DBG summary depth_safety_fired=0
Score = 154139
=== CASE 0192.txt ===
DBG hdr N=10 M=2 T=100 U=4 VMAX=1748 TIME_LIMIT=1.94 MAX_CAND=20 UCB_C=0.21
DBG t=0 used=0.02 remain=1.94 turn_time=0.0194 end_in=0.0194 depth=7 dec=0 cand_cap=20 cand=5->5 pick(must/bucket/top/rand)=1/2/2/0 sims=5941 loop=5936 best_avg=-2.74452 best_move=1,2 leader=1 inc2=1 attack_w=0.844258
DBG t=12 used=0.02 remain=1.686 turn_time=0.0191591 end_in=0.0191591 depth=7 dec=0 cand_cap=20 cand=16->16 pick(must/bucket/top/rand)=1/3/12/0 sims=4248 loop=4232 best_avg=-2.63168 best_move=3,1 leader=1 inc2=1 attack_w=0.25
DBG t=24 used=0.02 remain=1.446 turn_time=0.0190263 end_in=0.0190263 depth=7 dec=0 cand_cap=20 cand=19->19 pick(must/bucket/top/rand)=1/5/10/3 sims=4371 loop=4352 best_avg=-2.8254 best_move=5,1 leader=1 inc2=1 attack_w=0.25
DBG t=37 used=0.019 remain=1.196 turn_time=0.0189841 end_in=0.0189841 depth=10 dec=0 cand_cap=20 cand=24->20 pick(must/bucket/top/rand)=1/7/8/4 sims=2592 loop=2572 best_avg=-2.89039 best_move=3,2 leader=1 inc2=1 attack_w=0.25
DBG t=49 used=0.019 remain=0.961 turn_time=0.0188431 end_in=0.0188431 depth=10 dec=0 cand_cap=20 cand=23->20 pick(must/bucket/top/rand)=1/8/7/4 sims=1320 loop=1300 best_avg=-2.89956 best_move=3,2 leader=1 inc2=1 attack_w=0.25
DBG t=61 used=0.019 remain=0.721 turn_time=0.0184872 end_in=0.0184872 depth=10 dec=0 cand_cap=20 cand=26->20 pick(must/bucket/top/rand)=1/8/7/4 sims=2104 loop=2084 best_avg=-2.9676 best_move=4,3 leader=1 inc2=1 attack_w=0.25
DBG t=74 used=0.019 remain=0.474 turn_time=0.0182308 end_in=0.0182308 depth=11 dec=0 cand_cap=20 cand=32->20 pick(must/bucket/top/rand)=1/7/8/4 sims=1456 loop=1436 best_avg=-2.99943 best_move=2,4 leader=1 inc2=1 attack_w=0.25
DBG t=86 used=0.018 remain=0.251 turn_time=0.0179286 end_in=0.0179286 depth=10 dec=1 cand_cap=20 cand=35->20 pick(must/bucket/top/rand)=1/8/7/4 sims=1636 loop=1616 best_avg=-3.06215 best_move=3,4 leader=1 inc2=1 attack_w=0.25
DBG t=99 used=0.017 remain=0.017 turn_time=0.017 end_in=0.016 depth=0 dec=1 cand_cap=20 cand=41->20 pick(must/bucket/top/rand)=1/7/8/4 sims=48484 loop=48464 best_avg=-2.95195 best_move=1,5 leader=1 inc2=1 attack_w=0.25
DBG summary depth_safety_fired=20
Score = 120101
=== CASE 0197.txt ===
DBG hdr N=10 M=2 T=100 U=5 VMAX=2471 TIME_LIMIT=1.94 MAX_CAND=20 UCB_C=0.21
DBG t=0 used=0.02 remain=1.94 turn_time=0.0194 end_in=0.0194 depth=7 dec=0 cand_cap=20 cand=5->5 pick(must/bucket/top/rand)=1/2/2/0 sims=5741 loop=5736 best_avg=-3.53717 best_move=1,7 leader=1 inc2=1 attack_w=0.15
DBG t=12 used=0.02 remain=1.686 turn_time=0.0191591 end_in=0.0191591 depth=7 dec=0 cand_cap=20 cand=13->13 pick(must/bucket/top/rand)=1/2/10/0 sims=2957 loop=2944 best_avg=-3.45748 best_move=2,6 leader=1 inc2=1 attack_w=1
DBG t=24 used=0.02 remain=1.446 turn_time=0.0190263 end_in=0.0190263 depth=7 dec=0 cand_cap=20 cand=16->16 pick(must/bucket/top/rand)=1/2/13/0 sims=2864 loop=2848 best_avg=-3.54628 best_move=0,6 leader=1 inc2=1 attack_w=1
DBG t=37 used=0.019 remain=1.196 turn_time=0.0189841 end_in=0.0189841 depth=10 dec=0 cand_cap=20 cand=29->20 pick(must/bucket/top/rand)=1/6/9/4 sims=1744 loop=1724 best_avg=-3.53705 best_move=4,3 leader=1 inc2=1 attack_w=1
DBG t=49 used=0.019 remain=0.962 turn_time=0.0188627 end_in=0.0188627 depth=10 dec=0 cand_cap=20 cand=13->13 pick(must/bucket/top/rand)=1/8/4/0 sims=889 loop=876 best_avg=-3.15366 best_move=8,2 leader=1 inc2=1 attack_w=0.496027
DBG t=61 used=0.019 remain=0.72 turn_time=0.0184615 end_in=0.0184615 depth=10 dec=0 cand_cap=20 cand=19->19 pick(must/bucket/top/rand)=1/8/7/3 sims=1667 loop=1648 best_avg=-2.87941 best_move=9,0 leader=1 inc2=1 attack_w=0.25
DBG t=74 used=0.019 remain=0.473 turn_time=0.0181923 end_in=0.0181923 depth=11 dec=0 cand_cap=20 cand=21->20 pick(must/bucket/top/rand)=1/8/7/4 sims=1248 loop=1228 best_avg=-2.74949 best_move=5,0 leader=1 inc2=1 attack_w=0.25
DBG t=86 used=0.018 remain=0.251 turn_time=0.0179286 end_in=0.0179286 depth=10 dec=1 cand_cap=20 cand=26->20 pick(must/bucket/top/rand)=1/8/7/4 sims=1652 loop=1632 best_avg=-2.50608 best_move=9,6 leader=1 inc2=1 attack_w=0.25
DBG t=99 used=0.017 remain=0.017 turn_time=0.017 end_in=0.016 depth=0 dec=1 cand_cap=20 cand=30->20 pick(must/bucket/top/rand)=1/8/7/4 sims=29048 loop=29028 best_avg=-2.09447 best_move=5,0 leader=1 inc2=1 attack_w=0.25
DBG summary depth_safety_fired=21
Score = 190424
=== CASE 0193.txt ===
DBG hdr N=10 M=2 T=100 U=4 VMAX=1939 TIME_LIMIT=1.94 MAX_CAND=20 UCB_C=0.21
DBG t=0 used=0.02 remain=1.94 turn_time=0.0194 end_in=0.0194 depth=7 dec=0 cand_cap=20 cand=5->5 pick(must/bucket/top/rand)=1/2/2/0 sims=5757 loop=5752 best_avg=-2.8303 best_move=5,6 leader=1 inc2=1 attack_w=0.15
DBG t=12 used=0.02 remain=1.686 turn_time=0.0191591 end_in=0.0191591 depth=7 dec=0 cand_cap=20 cand=17->17 pick(must/bucket/top/rand)=1/5/10/1 sims=4177 loop=4160 best_avg=-2.82032 best_move=3,4 leader=1 inc2=1 attack_w=0.25
DBG t=24 used=0.02 remain=1.446 turn_time=0.0190263 end_in=0.0190263 depth=7 dec=0 cand_cap=20 cand=17->17 pick(must/bucket/top/rand)=1/5/10/1 sims=4657 loop=4640 best_avg=-2.01226 best_move=3,4 leader=1 inc2=1 attack_w=0.25
DBG t=37 used=0.019 remain=1.196 turn_time=0.0189841 end_in=0.0189841 depth=10 dec=0 cand_cap=20 cand=17->17 pick(must/bucket/top/rand)=1/4/11/1 sims=3005 loop=2988 best_avg=-1.39808 best_move=2,4 leader=1 inc2=1 attack_w=0.25
DBG t=49 used=0.019 remain=0.959 turn_time=0.0188039 end_in=0.0188039 depth=10 dec=0 cand_cap=20 cand=19->19 pick(must/bucket/top/rand)=1/6/9/3 sims=1035 loop=1016 best_avg=-1.50597 best_move=3,4 leader=1 inc2=1 attack_w=0.25
DBG t=61 used=0.019 remain=0.728 turn_time=0.0186667 end_in=0.0186667 depth=10 dec=0 cand_cap=20 cand=22->20 pick(must/bucket/top/rand)=1/6/9/4 sims=2416 loop=2396 best_avg=-1.26803 best_move=3,2 leader=1 inc2=1 attack_w=0.25
DBG t=74 used=0.019 remain=0.481 turn_time=0.0185 end_in=0.0185 depth=11 dec=0 cand_cap=20 cand=31->20 pick(must/bucket/top/rand)=1/8/7/4 sims=1756 loop=1736 best_avg=-1.06685 best_move=2,4 leader=1 inc2=1 attack_w=0.25
DBG t=86 used=0.019 remain=0.252 turn_time=0.018 end_in=0.018 depth=11 dec=0 cand_cap=20 cand=34->20 pick(must/bucket/top/rand)=1/6/9/4 sims=2104 loop=2084 best_avg=-0.684653 best_move=1,1 leader=1 inc2=1 attack_w=0.25
DBG t=99 used=0.017 remain=0.017 turn_time=0.017 end_in=0.016 depth=0 dec=1 cand_cap=20 cand=35->20 pick(must/bucket/top/rand)=1/4/11/4 sims=64440 loop=64420 best_avg=-0.25081 best_move=3,0 leader=1 inc2=1 attack_w=0.15
DBG summary depth_safety_fired=13
Score = 351774
=== CASE 0196.txt ===
DBG hdr N=10 M=2 T=100 U=3 VMAX=1521 TIME_LIMIT=1.94 MAX_CAND=20 UCB_C=0.21
DBG t=0 used=0.02 remain=1.94 turn_time=0.0194 end_in=0.0194 depth=7 dec=0 cand_cap=20 cand=5->5 pick(must/bucket/top/rand)=1/2/2/0 sims=5909 loop=5904 best_avg=-3.01107 best_move=7,4 leader=1 inc2=1 attack_w=0.196846
DBG t=12 used=0.02 remain=1.686 turn_time=0.0191591 end_in=0.0191591 depth=7 dec=0 cand_cap=20 cand=15->15 pick(must/bucket/top/rand)=1/2/12/0 sims=4295 loop=4280 best_avg=-3.07185 best_move=3,3 leader=1 inc2=1 attack_w=0.625167
DBG t=24 used=0.02 remain=1.446 turn_time=0.0190263 end_in=0.0190263 depth=7 dec=0 cand_cap=20 cand=20->20 pick(must/bucket/top/rand)=1/5/10/4 sims=4304 loop=4284 best_avg=-3.01151 best_move=2,3 leader=1 inc2=1 attack_w=0.385715
DBG t=37 used=0.019 remain=1.196 turn_time=0.0189841 end_in=0.0189841 depth=10 dec=0 cand_cap=20 cand=29->20 pick(must/bucket/top/rand)=1/6/9/4 sims=2236 loop=2216 best_avg=-3.06599 best_move=2,5 leader=1 inc2=1 attack_w=0.337324
DBG t=49 used=0.019 remain=0.96 turn_time=0.0188235 end_in=0.0188235 depth=10 dec=0 cand_cap=20 cand=29->20 pick(must/bucket/top/rand)=1/5/10/4 sims=1172 loop=1152 best_avg=-3.15025 best_move=2,3 leader=1 inc2=1 attack_w=0.350316
DBG t=61 used=0.019 remain=0.728 turn_time=0.0186667 end_in=0.0186667 depth=10 dec=0 cand_cap=20 cand=31->20 pick(must/bucket/top/rand)=1/5/10/4 sims=1796 loop=1776 best_avg=-3.16084 best_move=2,3 leader=1 inc2=1 attack_w=0.364749
DBG t=74 used=0.019 remain=0.481 turn_time=0.0185 end_in=0.0185 depth=11 dec=0 cand_cap=20 cand=38->20 pick(must/bucket/top/rand)=1/4/11/4 sims=1248 loop=1228 best_avg=-3.16737 best_move=6,7 leader=1 inc2=1 attack_w=0.350558
DBG t=86 used=0.019 remain=0.252 turn_time=0.018 end_in=0.018 depth=11 dec=0 cand_cap=20 cand=48->20 pick(must/bucket/top/rand)=1/5/10/4 sims=1168 loop=1148 best_avg=-3.19267 best_move=6,5 leader=1 inc2=1 attack_w=0.25
DBG t=99 used=0.017 remain=0.017 turn_time=0.017 end_in=0.016 depth=0 dec=1 cand_cap=20 cand=54->20 pick(must/bucket/top/rand)=1/8/7/4 sims=38864 loop=38844 best_avg=-3.01979 best_move=2,3 leader=1 inc2=1 attack_w=0.25
DBG summary depth_safety_fired=13
Score = 115958
=== CASE 0194.txt ===
DBG hdr N=10 M=6 T=100 U=4 VMAX=1728 TIME_LIMIT=1.94 MAX_CAND=20 UCB_C=0.21
DBG t=0 used=0.02 remain=1.94 turn_time=0.0194 end_in=0.0194 depth=7 dec=0 cand_cap=20 cand=4->4 pick(must/bucket/top/rand)=1/2/1/0 sims=3080 loop=3076 best_avg=-0.801367 best_move=1,8 leader=2 inc2=1 attack_w=1
DBG t=12 used=0.02 remain=1.686 turn_time=0.0191591 end_in=0.0191591 depth=7 dec=0 cand_cap=20 cand=12->12 pick(must/bucket/top/rand)=1/2/9/0 sims=1736 loop=1724 best_avg=-0.658152 best_move=0,7 leader=2 inc2=1 attack_w=1
DBG t=24 used=0.02 remain=1.446 turn_time=0.0190263 end_in=0.0190263 depth=7 dec=0 cand_cap=20 cand=21->20 pick(must/bucket/top/rand)=1/2/13/4 sims=1680 loop=1660 best_avg=-0.437311 best_move=3,8 leader=2 inc2=1 attack_w=0.393577
DBG t=37 used=0.019 remain=1.196 turn_time=0.0189841 end_in=0.0189841 depth=10 dec=0 cand_cap=20 cand=33->20 pick(must/bucket/top/rand)=1/4/11/4 sims=1056 loop=1036 best_avg=-0.333799 best_move=3,8 leader=2 inc2=1 attack_w=0.25
DBG t=49 used=0.019 remain=0.944 turn_time=0.0185098 end_in=0.0185098 depth=10 dec=0 cand_cap=20 cand=35->20 pick(must/bucket/top/rand)=1/4/11/4 sims=604 loop=584 best_avg=-0.174599 best_move=2,7 leader=2 inc2=1 attack_w=0.25
DBG t=61 used=0.019 remain=0.708 turn_time=0.0181538 end_in=0.0181538 depth=10 dec=0 cand_cap=20 cand=45->20 pick(must/bucket/top/rand)=1/6/9/4 sims=916 loop=896 best_avg=-0.0971308 best_move=0,9 leader=2 inc2=1 attack_w=0.25
DBG t=74 used=0.018 remain=0.466 turn_time=0.0179231 end_in=0.0179231 depth=10 dec=1 cand_cap=20 cand=48->20 pick(must/bucket/top/rand)=1/6/9/4 sims=596 loop=576 best_avg=0.0703875 best_move=7,9 leader=2 inc2=1 attack_w=0.25
DBG t=86 used=0.018 remain=0.25 turn_time=0.0178571 end_in=0.0178571 depth=10 dec=1 cand_cap=20 cand=51->20 pick(must/bucket/top/rand)=1/6/9/4 sims=816 loop=796 best_avg=0.122742 best_move=1,4 leader=2 inc2=1 attack_w=0.25
DBG t=99 used=0.016 remain=0.016 turn_time=0.016 end_in=0.015 depth=0 dec=1 cand_cap=20 cand=52->20 pick(must/bucket/top/rand)=1/7/8/4 sims=15608 loop=15588 best_avg=0.217456 best_move=5,5 leader=5 inc2=1 attack_w=0.25
DBG summary depth_safety_fired=33
Score = 176389
=== CASE 0195.txt ===
DBG hdr N=10 M=8 T=100 U=4 VMAX=1904 TIME_LIMIT=1.94 MAX_CAND=20 UCB_C=0.21
DBG t=0 used=0.02 remain=1.94 turn_time=0.0194 end_in=0.0194 depth=7 dec=0 cand_cap=20 cand=4->4 pick(must/bucket/top/rand)=1/2/1/0 sims=2192 loop=2188 best_avg=-0.69456 best_move=1,9 leader=7 inc2=1 attack_w=1
DBG t=12 used=0.02 remain=1.686 turn_time=0.0191591 end_in=0.0191591 depth=7 dec=0 cand_cap=20 cand=16->16 pick(must/bucket/top/rand)=1/8/7/0 sims=1520 loop=1504 best_avg=-0.646646 best_move=2,5 leader=4 inc2=1 attack_w=1
DBG t=24 used=0.02 remain=1.446 turn_time=0.0190263 end_in=0.0190263 depth=7 dec=0 cand_cap=20 cand=16->16 pick(must/bucket/top/rand)=1/8/7/0 sims=1568 loop=1552 best_avg=-0.25257 best_move=1,5 leader=7 inc2=1 attack_w=0.25
DBG t=37 used=0.019 remain=1.196 turn_time=0.0189841 end_in=0.0189841 depth=10 dec=0 cand_cap=20 cand=17->17 pick(must/bucket/top/rand)=1/6/9/1 sims=989 loop=972 best_avg=-0.257032 best_move=1,4 leader=2 inc2=1 attack_w=0.25
DBG t=49 used=0.019 remain=0.959 turn_time=0.0188039 end_in=0.0188039 depth=10 dec=0 cand_cap=20 cand=22->20 pick(must/bucket/top/rand)=1/6/9/4 sims=540 loop=520 best_avg=-0.238226 best_move=2,6 leader=2 inc2=1 attack_w=0.25
DBG t=61 used=0.019 remain=0.727 turn_time=0.018641 end_in=0.018641 depth=10 dec=0 cand_cap=20 cand=27->20 pick(must/bucket/top/rand)=1/3/12/4 sims=960 loop=940 best_avg=-0.333018 best_move=1,4 leader=1 inc2=1 attack_w=0.25
DBG t=74 used=0.019 remain=0.48 turn_time=0.0184615 end_in=0.0184615 depth=11 dec=0 cand_cap=20 cand=27->20 pick(must/bucket/top/rand)=1/4/11/4 sims=596 loop=576 best_avg=-0.3789 best_move=4,4 leader=1 inc2=1 attack_w=0.25
DBG t=86 used=0.019 remain=0.252 turn_time=0.018 end_in=0.018 depth=11 dec=0 cand_cap=20 cand=27->20 pick(must/bucket/top/rand)=1/4/11/4 sims=788 loop=768 best_avg=-0.466583 best_move=2,3 leader=1 inc2=1 attack_w=0.280442
DBG t=99 used=0.017 remain=0.017 turn_time=0.017 end_in=0.016 depth=0 dec=1 cand_cap=20 cand=29->20 pick(must/bucket/top/rand)=1/4/11/4 sims=13968 loop=13948 best_avg=-0.214696 best_move=1,5 leader=1 inc2=1 attack_w=0.25
DBG summary depth_safety_fired=13
Score = 119276
=== CASE 0198.txt ===
DBG hdr N=10 M=8 T=100 U=4 VMAX=1359 TIME_LIMIT=1.94 MAX_CAND=20 UCB_C=0.21
DBG t=0 used=0.02 remain=1.94 turn_time=0.0194 end_in=0.0194 depth=7 dec=0 cand_cap=20 cand=5->5 pick(must/bucket/top/rand)=1/2/2/0 sims=2477 loop=2472 best_avg=-0.646519 best_move=7,8 leader=4 inc2=1 attack_w=1
DBG t=12 used=0.02 remain=1.7 turn_time=0.0193182 end_in=0.0193182 depth=7 dec=0 cand_cap=20 cand=13->13 pick(must/bucket/top/rand)=1/3/9/0 sims=1409 loop=1396 best_avg=-0.606308 best_move=6,6 leader=4 inc2=1 attack_w=0.662568
DBG t=24 used=0.02 remain=1.46 turn_time=0.0192105 end_in=0.0192105 depth=7 dec=0 cand_cap=20 cand=13->13 pick(must/bucket/top/rand)=1/5/7/0 sims=1573 loop=1560 best_avg=-0.612241 best_move=6,6 leader=5 inc2=1 attack_w=0.796065
DBG t=37 used=0.02 remain=1.2 turn_time=0.0190476 end_in=0.0190476 depth=10 dec=0 cand_cap=20 cand=21->20 pick(must/bucket/top/rand)=1/8/7/4 sims=960 loop=940 best_avg=-0.761785 best_move=6,7 leader=5 inc2=1 attack_w=0.901132
DBG t=49 used=0.019 remain=0.968 turn_time=0.0189804 end_in=0.0189804 depth=10 dec=0 cand_cap=20 cand=28->20 pick(must/bucket/top/rand)=1/8/7/4 sims=872 loop=852 best_avg=-0.754164 best_move=4,5 leader=5 inc2=1 attack_w=1
DBG t=61 used=0.019 remain=0.74 turn_time=0.0189744 end_in=0.0189744 depth=10 dec=0 cand_cap=20 cand=16->16 pick(must/bucket/top/rand)=1/7/8/0 sims=924 loop=908 best_avg=-0.720493 best_move=3,6 leader=1 inc2=1 attack_w=1
DBG t=74 used=0.019 remain=0.493 turn_time=0.0189615 end_in=0.0189615 depth=11 dec=0 cand_cap=20 cand=26->20 pick(must/bucket/top/rand)=1/6/9/4 sims=724 loop=704 best_avg=-0.594116 best_move=2,3 leader=1 inc2=1 attack_w=0.983869
DBG t=86 used=0.019 remain=0.265 turn_time=0.0189286 end_in=0.0189286 depth=11 dec=0 cand_cap=20 cand=8->8 pick(must/bucket/top/rand)=1/5/2/0 sims=884 loop=876 best_avg=-0.499738 best_move=0,6 leader=1 inc2=1 attack_w=0.928901
DBG t=99 used=0.018 remain=0.018 turn_time=0.018 end_in=0.017 depth=0 dec=0 cand_cap=20 cand=10->10 pick(must/bucket/top/rand)=1/6/3/0 sims=19582 loop=19572 best_avg=-0.497278 best_move=1,8 leader=1 inc2=1 attack_w=0.733719
DBG summary depth_safety_fired=0
Score = 94539
=== CASE 0199.txt ===
DBG hdr N=10 M=2 T=100 U=4 VMAX=1844 TIME_LIMIT=1.94 MAX_CAND=20 UCB_C=0.21
DBG t=0 used=0.02 remain=1.94 turn_time=0.0194 end_in=0.0194 depth=7 dec=0 cand_cap=20 cand=5->5 pick(must/bucket/top/rand)=1/2/2/0 sims=5457 loop=5452 best_avg=-2.58918 best_move=1,6 leader=1 inc2=1 attack_w=0.15
DBG t=12 used=0.02 remain=1.7 turn_time=0.0193182 end_in=0.0193182 depth=7 dec=0 cand_cap=20 cand=14->14 pick(must/bucket/top/rand)=1/7/6/0 sims=4766 loop=4752 best_avg=-2.38443 best_move=0,8 leader=1 inc2=1 attack_w=0.25
DBG t=24 used=0.02 remain=1.46 turn_time=0.0192105 end_in=0.0192105 depth=7 dec=0 cand_cap=20 cand=30->20 pick(must/bucket/top/rand)=1/8/7/4 sims=3268 loop=3248 best_avg=-1.75599 best_move=3,5 leader=1 inc2=1 attack_w=0.25
DBG t=37 used=0.02 remain=1.2 turn_time=0.0190476 end_in=0.0190476 depth=10 dec=0 cand_cap=20 cand=43->20 pick(must/bucket/top/rand)=1/6/9/4 sims=2196 loop=2176 best_avg=-1.98072 best_move=4,7 leader=1 inc2=1 attack_w=0.25
DBG t=49 used=0.019 remain=0.967 turn_time=0.0189608 end_in=0.0189608 depth=10 dec=0 cand_cap=20 cand=44->20 pick(must/bucket/top/rand)=1/7/8/4 sims=1908 loop=1888 best_avg=-1.54338 best_move=4,9 leader=1 inc2=1 attack_w=0.25
DBG t=61 used=0.019 remain=0.739 turn_time=0.0189487 end_in=0.0189487 depth=10 dec=0 cand_cap=20 cand=45->20 pick(must/bucket/top/rand)=1/7/8/4 sims=1976 loop=1956 best_avg=-1.9427 best_move=2,9 leader=1 inc2=1 attack_w=0.25
DBG t=74 used=0.019 remain=0.492 turn_time=0.0189231 end_in=0.0189231 depth=11 dec=0 cand_cap=20 cand=44->20 pick(must/bucket/top/rand)=1/8/7/4 sims=1272 loop=1252 best_avg=-2.03688 best_move=0,5 leader=1 inc2=1 attack_w=0.25
DBG t=86 used=0.019 remain=0.264 turn_time=0.0188571 end_in=0.0188571 depth=11 dec=0 cand_cap=20 cand=48->20 pick(must/bucket/top/rand)=1/8/7/4 sims=1384 loop=1364 best_avg=-1.40461 best_move=2,6 leader=1 inc2=1 attack_w=0.25
DBG t=99 used=0.017 remain=0.017 turn_time=0.017 end_in=0.016 depth=0 dec=1 cand_cap=20 cand=51->20 pick(must/bucket/top/rand)=1/6/9/4 sims=65832 loop=65812 best_avg=-0.943102 best_move=2,8 leader=1 inc2=1 attack_w=0.25
DBG summary depth_safety_fired=1
Score = 288061
