=== CASE 0001.txt ===
DBG hdr N=10 M=5 T=100 U=4 VMAX=1609 TIME_LIMIT=1.94 MAX_CAND=20 UCB_C=0.21
DBG t=0 used=0.02 remain=1.94 turn_time=0.0194 end_in=0.0194 depth=7 dec=0 cand_cap=20 cand=5->5 pick(must/bucket/top/rand)=1/2/2/0 sims=3269 loop=3264 best_avg=-0.746053 best_move=3,3 leader=4 inc2=1 attack_w=0.15
DBG t=12 used=0.02 remain=1.7 turn_time=0.0193182 end_in=0.0193182 depth=7 dec=0 cand_cap=20 cand=13->13 pick(must/bucket/top/rand)=1/7/5/0 sims=2849 loop=2836 best_avg=-0.535319 best_move=5,4 leader=4 inc2=1 attack_w=0.25
DBG t=24 used=0.02 remain=1.46 turn_time=0.0192105 end_in=0.0192105 depth=7 dec=0 cand_cap=20 cand=20->20 pick(must/bucket/top/rand)=1/8/7/4 sims=2180 loop=2160 best_avg=-0.699996 best_move=4,2 leader=3 inc2=1 attack_w=0.25
DBG t=37 used=0.02 remain=1.2 turn_time=0.0190476 end_in=0.0190476 depth=10 dec=0 cand_cap=20 cand=30->20 pick(must/bucket/top/rand)=1/6/9/4 sims=1152 loop=1132 best_avg=-0.624226 best_move=4,2 leader=3 inc2=0 attack_w=0.25
DBG t=49 used=0.019 remain=0.968 turn_time=0.0189804 end_in=0.0189804 depth=10 dec=0 cand_cap=20 cand=32->20 pick(must/bucket/top/rand)=1/8/7/4 sims=1108 loop=1088 best_avg=-0.662778 best_move=6,1 leader=3 inc2=1 attack_w=0.25
DBG t=61 used=0.019 remain=0.738 turn_time=0.0189231 end_in=0.0189231 depth=10 dec=0 cand_cap=20 cand=42->20 pick(must/bucket/top/rand)=1/6/9/4 sims=868 loop=848 best_avg=-0.735444 best_move=5,4 leader=1 inc2=1 attack_w=0.25
DBG t=74 used=0.019 remain=0.491 turn_time=0.0188846 end_in=0.0188846 depth=11 dec=0 cand_cap=20 cand=42->20 pick(must/bucket/top/rand)=1/6/9/4 sims=824 loop=804 best_avg=-0.93847 best_move=8,4 leader=1 inc2=1 attack_w=0.463624
DBG t=86 used=0.019 remain=0.263 turn_time=0.0187857 end_in=0.0187857 depth=11 dec=0 cand_cap=20 cand=19->19 pick(must/bucket/top/rand)=1/4/11/3 sims=911 loop=892 best_avg=-1.14578 best_move=3,6 leader=1 inc2=1 attack_w=1
DBG t=99 used=0.017 remain=0.017 turn_time=0.017 end_in=0.016 depth=0 dec=1 cand_cap=20 cand=25->20 pick(must/bucket/top/rand)=1/7/8/4 sims=16924 loop=16904 best_avg=-1.12434 best_move=6,2 leader=3 inc2=1 attack_w=1
DBG summary depth_safety_fired=2
Score = 77050
=== CASE 0005.txt ===
DBG hdr N=10 M=5 T=100 U=4 VMAX=1648 TIME_LIMIT=1.94 MAX_CAND=20 UCB_C=0.21
DBG t=0 used=0.02 remain=1.94 turn_time=0.0194 end_in=0.0194 depth=7 dec=0 cand_cap=20 cand=3->3 pick(must/bucket/top/rand)=1/2/0/0 sims=3343 loop=3340 best_avg=-1.08096 best_move=1,9 leader=4 inc2=1 attack_w=1
DBG t=12 used=0.02 remain=1.7 turn_time=0.0193182 end_in=0.0193182 depth=7 dec=0 cand_cap=20 cand=10->10 pick(must/bucket/top/rand)=1/5/4/0 sims=2598 loop=2588 best_avg=-0.833321 best_move=5,9 leader=4 inc2=1 attack_w=0.25
DBG t=24 used=0.02 remain=1.46 turn_time=0.0192105 end_in=0.0192105 depth=7 dec=0 cand_cap=20 cand=21->20 pick(must/bucket/top/rand)=1/4/11/4 sims=2232 loop=2212 best_avg=-0.85348 best_move=2,9 leader=4 inc2=0 attack_w=0.49565
DBG t=37 used=0.02 remain=1.199 turn_time=0.0190317 end_in=0.0190317 depth=10 dec=0 cand_cap=20 cand=27->20 pick(must/bucket/top/rand)=1/3/12/4 sims=1376 loop=1356 best_avg=-0.829572 best_move=9,6 leader=4 inc2=0 attack_w=0.276289
DBG t=49 used=0.019 remain=0.968 turn_time=0.0189804 end_in=0.0189804 depth=10 dec=0 cand_cap=20 cand=29->20 pick(must/bucket/top/rand)=1/4/11/4 sims=1280 loop=1260 best_avg=-0.730931 best_move=8,6 leader=4 inc2=0 attack_w=0.342323
DBG t=61 used=0.019 remain=0.739 turn_time=0.0189487 end_in=0.0189487 depth=10 dec=0 cand_cap=20 cand=34->20 pick(must/bucket/top/rand)=1/6/9/4 sims=1068 loop=1048 best_avg=-0.741892 best_move=8,3 leader=4 inc2=0 attack_w=0.282435
DBG t=74 used=0.019 remain=0.492 turn_time=0.0189231 end_in=0.0189231 depth=11 dec=0 cand_cap=20 cand=39->20 pick(must/bucket/top/rand)=1/6/9/4 sims=984 loop=964 best_avg=-0.867932 best_move=6,3 leader=4 inc2=0 attack_w=0.656295
DBG t=86 used=0.019 remain=0.264 turn_time=0.0188571 end_in=0.0188571 depth=11 dec=0 cand_cap=20 cand=43->20 pick(must/bucket/top/rand)=1/7/8/4 sims=988 loop=968 best_avg=-0.846801 best_move=7,4 leader=4 inc2=0 attack_w=0.619824
DBG t=99 used=0.017 remain=0.017 turn_time=0.017 end_in=0.016 depth=0 dec=1 cand_cap=20 cand=47->20 pick(must/bucket/top/rand)=1/7/8/4 sims=18432 loop=18412 best_avg=-0.803712 best_move=6,4 leader=4 inc2=0 attack_w=0.533256
DBG summary depth_safety_fired=1
Score = 101068
=== CASE 0002.txt ===
DBG hdr N=10 M=5 T=100 U=5 VMAX=1973 TIME_LIMIT=1.94 MAX_CAND=20 UCB_C=0.21
DBG t=0 used=0.02 remain=1.94 turn_time=0.0194 end_in=0.0194 depth=7 dec=0 cand_cap=20 cand=4->4 pick(must/bucket/top/rand)=1/2/1/0 sims=3412 loop=3408 best_avg=-1.21022 best_move=2,2 leader=2 inc2=1 attack_w=1
DBG t=12 used=0.02 remain=1.7 turn_time=0.0193182 end_in=0.0193182 depth=7 dec=0 cand_cap=20 cand=8->8 pick(must/bucket/top/rand)=1/6/1/0 sims=2868 loop=2860 best_avg=-1.40235 best_move=5,1 leader=4 inc2=1 attack_w=1
DBG t=24 used=0.02 remain=1.46 turn_time=0.0192105 end_in=0.0192105 depth=7 dec=0 cand_cap=20 cand=14->14 pick(must/bucket/top/rand)=1/6/7/0 sims=2330 loop=2316 best_avg=-1.34137 best_move=5,1 leader=3 inc2=1 attack_w=1
DBG t=37 used=0.02 remain=1.2 turn_time=0.0190476 end_in=0.0190476 depth=10 dec=0 cand_cap=20 cand=7->7 pick(must/bucket/top/rand)=1/6/0/0 sims=1427 loop=1420 best_avg=-1.24959 best_move=6,4 leader=3 inc2=1 attack_w=1
DBG t=49 used=0.019 remain=0.968 turn_time=0.0189804 end_in=0.0189804 depth=10 dec=0 cand_cap=20 cand=15->15 pick(must/bucket/top/rand)=1/6/8/0 sims=1267 loop=1252 best_avg=-1.08456 best_move=6,5 leader=2 inc2=1 attack_w=1
DBG t=61 used=0.019 remain=0.739 turn_time=0.0189487 end_in=0.0189487 depth=10 dec=0 cand_cap=20 cand=20->20 pick(must/bucket/top/rand)=1/7/8/4 sims=1212 loop=1192 best_avg=-1.11547 best_move=7,5 leader=2 inc2=1 attack_w=1
DBG t=74 used=0.019 remain=0.492 turn_time=0.0189231 end_in=0.0189231 depth=11 dec=0 cand_cap=20 cand=26->20 pick(must/bucket/top/rand)=1/7/8/4 sims=924 loop=904 best_avg=-1.01423 best_move=3,5 leader=2 inc2=1 attack_w=1
DBG t=86 used=0.019 remain=0.264 turn_time=0.0188571 end_in=0.0188571 depth=11 dec=0 cand_cap=20 cand=35->20 pick(must/bucket/top/rand)=1/8/7/4 sims=1048 loop=1028 best_avg=-1.05013 best_move=6,2 leader=2 inc2=1 attack_w=1
DBG t=99 used=0.017 remain=0.017 turn_time=0.017 end_in=0.016 depth=0 dec=1 cand_cap=20 cand=39->20 pick(must/bucket/top/rand)=1/8/7/4 sims=16128 loop=16108 best_avg=-0.891697 best_move=5,0 leader=2 inc2=0 attack_w=0.766875
DBG summary depth_safety_fired=1
Score = 96835
=== CASE 0003.txt ===
DBG hdr N=10 M=4 T=100 U=5 VMAX=1503 TIME_LIMIT=1.94 MAX_CAND=20 UCB_C=0.21
DBG t=0 used=0.02 remain=1.94 turn_time=0.0194 end_in=0.0194 depth=7 dec=0 cand_cap=20 cand=5->5 pick(must/bucket/top/rand)=1/2/2/0 sims=3925 loop=3920 best_avg=-1.08923 best_move=7,4 leader=1 inc2=0 attack_w=0.18704
DBG t=12 used=0.02 remain=1.7 turn_time=0.0193182 end_in=0.0193182 depth=7 dec=0 cand_cap=20 cand=11->11 pick(must/bucket/top/rand)=1/3/7/0 sims=3295 loop=3284 best_avg=-1.0115 best_move=7,5 leader=1 inc2=0 attack_w=0.453965
DBG t=24 used=0.02 remain=1.46 turn_time=0.0192105 end_in=0.0192105 depth=7 dec=0 cand_cap=20 cand=23->20 pick(must/bucket/top/rand)=1/7/8/4 sims=2804 loop=2784 best_avg=-0.85799 best_move=7,8 leader=1 inc2=0 attack_w=0.25
DBG t=37 used=0.02 remain=1.2 turn_time=0.0190476 end_in=0.0190476 depth=10 dec=0 cand_cap=20 cand=27->20 pick(must/bucket/top/rand)=1/7/8/4 sims=1656 loop=1636 best_avg=-0.894138 best_move=7,9 leader=1 inc2=0 attack_w=0.25
DBG t=49 used=0.019 remain=0.968 turn_time=0.0189804 end_in=0.0189804 depth=10 dec=0 cand_cap=20 cand=33->20 pick(must/bucket/top/rand)=1/5/10/4 sims=1480 loop=1460 best_avg=-0.779333 best_move=7,8 leader=1 inc2=1 attack_w=0.25
DBG t=61 used=0.019 remain=0.739 turn_time=0.0189487 end_in=0.0189487 depth=10 dec=0 cand_cap=20 cand=41->20 pick(must/bucket/top/rand)=1/8/7/4 sims=1316 loop=1296 best_avg=-0.613578 best_move=1,8 leader=3 inc2=1 attack_w=0.25
DBG t=74 used=0.019 remain=0.492 turn_time=0.0189231 end_in=0.0189231 depth=11 dec=0 cand_cap=20 cand=46->20 pick(must/bucket/top/rand)=1/7/8/4 sims=1300 loop=1280 best_avg=-0.611884 best_move=2,9 leader=3 inc2=1 attack_w=0.25
DBG t=86 used=0.019 remain=0.264 turn_time=0.0188571 end_in=0.0188571 depth=11 dec=0 cand_cap=20 cand=41->20 pick(must/bucket/top/rand)=1/6/9/4 sims=1188 loop=1168 best_avg=-0.687082 best_move=7,8 leader=3 inc2=1 attack_w=0.25
DBG t=99 used=0.017 remain=0.017 turn_time=0.017 end_in=0.016 depth=0 dec=1 cand_cap=20 cand=43->20 pick(must/bucket/top/rand)=1/6/9/4 sims=22148 loop=22128 best_avg=-0.642126 best_move=9,1 leader=1 inc2=1 attack_w=0.25
DBG summary depth_safety_fired=1
Score = 134809
=== CASE 0004.txt ===
DBG hdr N=10 M=7 T=100 U=2 VMAX=2345 TIME_LIMIT=1.94 MAX_CAND=20 UCB_C=0.21
DBG t=0 used=0.02 remain=1.94 turn_time=0.0194 end_in=0.0194 depth=7 dec=0 cand_cap=20 cand=5->5 pick(must/bucket/top/rand)=1/2/2/0 sims=2373 loop=2368 best_avg=-0.384205 best_move=6,6 leader=3 inc2=1 attack_w=0.27142
DBG t=12 used=0.02 remain=1.7 turn_time=0.0193182 end_in=0.0193182 depth=7 dec=0 cand_cap=20 cand=15->15 pick(must/bucket/top/rand)=1/7/7/0 sims=1679 loop=1664 best_avg=-0.144885 best_move=8,3 leader=3 inc2=1 attack_w=0.475834
DBG t=24 used=0.02 remain=1.46 turn_time=0.0192105 end_in=0.0192105 depth=7 dec=0 cand_cap=20 cand=22->20 pick(must/bucket/top/rand)=1/6/9/4 sims=1692 loop=1672 best_avg=-0.322079 best_move=9,1 leader=4 inc2=1 attack_w=0.25
DBG t=37 used=0.02 remain=1.2 turn_time=0.0190476 end_in=0.0190476 depth=10 dec=0 cand_cap=20 cand=16->16 pick(must/bucket/top/rand)=1/6/9/0 sims=1028 loop=1012 best_avg=-0.373491 best_move=6,0 leader=4 inc2=1 attack_w=0.25
DBG t=49 used=0.019 remain=0.968 turn_time=0.0189804 end_in=0.0189804 depth=10 dec=0 cand_cap=20 cand=15->15 pick(must/bucket/top/rand)=1/1/13/0 sims=1011 loop=996 best_avg=-0.291554 best_move=8,3 leader=1 inc2=1 attack_w=0.25
DBG t=61 used=0.019 remain=0.739 turn_time=0.0189487 end_in=0.0189487 depth=10 dec=0 cand_cap=20 cand=17->17 pick(must/bucket/top/rand)=1/5/10/1 sims=1173 loop=1156 best_avg=-0.274366 best_move=7,4 leader=1 inc2=1 attack_w=0.25
DBG t=74 used=0.019 remain=0.492 turn_time=0.0189231 end_in=0.0189231 depth=11 dec=0 cand_cap=20 cand=19->19 pick(must/bucket/top/rand)=1/4/11/3 sims=1131 loop=1112 best_avg=-0.343663 best_move=8,1 leader=1 inc2=1 attack_w=0.25
DBG t=86 used=0.019 remain=0.264 turn_time=0.0188571 end_in=0.0188571 depth=11 dec=0 cand_cap=20 cand=18->18 pick(must/bucket/top/rand)=1/6/9/2 sims=1026 loop=1008 best_avg=-0.391734 best_move=9,4 leader=1 inc2=1 attack_w=0.25
DBG t=99 used=0.017 remain=0.017 turn_time=0.017 end_in=0.016 depth=0 dec=1 cand_cap=20 cand=27->20 pick(must/bucket/top/rand)=1/7/8/4 sims=18156 loop=18136 best_avg=0.0650507 best_move=7,0 leader=4 inc2=1 attack_w=0.25
DBG summary depth_safety_fired=1
Score = 136962
=== CASE 0000.txt ===
DBG hdr N=10 M=4 T=100 U=2 VMAX=1656 TIME_LIMIT=1.94 MAX_CAND=20 UCB_C=0.21
DBG t=0 used=0.02 remain=1.94 turn_time=0.0194 end_in=0.0194 depth=7 dec=0 cand_cap=20 cand=5->5 pick(must/bucket/top/rand)=1/2/2/0 sims=3781 loop=3776 best_avg=-1.24089 best_move=8,3 leader=1 inc2=1 attack_w=1
DBG t=12 used=0.02 remain=1.7 turn_time=0.0193182 end_in=0.0193182 depth=7 dec=0 cand_cap=20 cand=15->15 pick(must/bucket/top/rand)=1/6/8/0 sims=2579 loop=2564 best_avg=-1.43154 best_move=9,2 leader=1 inc2=1 attack_w=0.960878
DBG t=24 used=0.02 remain=1.46 turn_time=0.0192105 end_in=0.0192105 depth=7 dec=0 cand_cap=20 cand=22->20 pick(must/bucket/top/rand)=1/5/10/4 sims=2108 loop=2088 best_avg=-1.53011 best_move=6,8 leader=3 inc2=1 attack_w=1
DBG t=37 used=0.02 remain=1.198 turn_time=0.0190159 end_in=0.0190159 depth=10 dec=0 cand_cap=20 cand=9->9 pick(must/bucket/top/rand)=1/5/3/0 sims=1669 loop=1660 best_avg=-1.32661 best_move=4,6 leader=3 inc2=1 attack_w=1
DBG t=49 used=0.019 remain=0.968 turn_time=0.0189804 end_in=0.0189804 depth=10 dec=0 cand_cap=20 cand=18->18 pick(must/bucket/top/rand)=1/7/8/2 sims=1582 loop=1564 best_avg=-0.975804 best_move=5,5 leader=1 inc2=1 attack_w=0.640512
DBG t=61 used=0.019 remain=0.739 turn_time=0.0189487 end_in=0.0189487 depth=10 dec=0 cand_cap=20 cand=31->20 pick(must/bucket/top/rand)=1/5/10/4 sims=1252 loop=1232 best_avg=-0.811853 best_move=4,7 leader=1 inc2=0 attack_w=0.25
DBG t=74 used=0.019 remain=0.492 turn_time=0.0189231 end_in=0.0189231 depth=11 dec=0 cand_cap=20 cand=38->20 pick(must/bucket/top/rand)=1/7/8/4 sims=1180 loop=1160 best_avg=-0.552044 best_move=1,0 leader=1 inc2=1 attack_w=0.25
DBG t=86 used=0.019 remain=0.264 turn_time=0.0188571 end_in=0.0188571 depth=11 dec=0 cand_cap=20 cand=44->20 pick(must/bucket/top/rand)=1/8/7/4 sims=1048 loop=1028 best_avg=-0.317579 best_move=4,3 leader=1 inc2=1 attack_w=0.25
DBG t=99 used=0.017 remain=0.017 turn_time=0.017 end_in=0.016 depth=0 dec=1 cand_cap=20 cand=48->20 pick(must/bucket/top/rand)=1/6/9/4 sims=29772 loop=29752 best_avg=-0.0242905 best_move=3,5 leader=1 inc2=1 attack_w=0.25
DBG summary depth_safety_fired=1
Score = 188291
=== CASE 0006.txt ===
DBG hdr N=10 M=2 T=100 U=1 VMAX=1434 TIME_LIMIT=1.94 MAX_CAND=20 UCB_C=0.21
DBG t=0 used=0.02 remain=1.94 turn_time=0.0194 end_in=0.0194 depth=7 dec=0 cand_cap=20 cand=4->4 pick(must/bucket/top/rand)=1/2/1/0 sims=5100 loop=5096 best_avg=-2.7999 best_move=3,0 leader=1 inc2=1 attack_w=1
DBG t=12 used=0.02 remain=1.7 turn_time=0.0193182 end_in=0.0193182 depth=7 dec=0 cand_cap=20 cand=27->20 pick(must/bucket/top/rand)=1/4/11/4 sims=2760 loop=2740 best_avg=-2.56521 best_move=4,6 leader=1 inc2=1 attack_w=0.25
DBG t=24 used=0.02 remain=1.46 turn_time=0.0192105 end_in=0.0192105 depth=7 dec=0 cand_cap=20 cand=52->20 pick(must/bucket/top/rand)=1/6/9/4 sims=2356 loop=2336 best_avg=-1.86358 best_move=7,9 leader=1 inc2=1 attack_w=0.25
DBG t=37 used=0.02 remain=1.2 turn_time=0.0190476 end_in=0.0190476 depth=10 dec=0 cand_cap=20 cand=62->20 pick(must/bucket/top/rand)=1/6/9/4 sims=1536 loop=1516 best_avg=-1.85871 best_move=7,5 leader=1 inc2=1 attack_w=0.25
DBG t=49 used=0.019 remain=0.968 turn_time=0.0189804 end_in=0.0189804 depth=10 dec=0 cand_cap=20 cand=4->4 pick(must/bucket/top/rand)=1/3/0/0 sims=1892 loop=1888 best_avg=-1.63075 best_move=1,8 leader=1 inc2=1 attack_w=0.25
DBG t=61 used=0.019 remain=0.74 turn_time=0.0189744 end_in=0.0189744 depth=10 dec=0 cand_cap=20 cand=32->20 pick(must/bucket/top/rand)=1/5/10/4 sims=1696 loop=1676 best_avg=-1.74275 best_move=7,9 leader=1 inc2=1 attack_w=0.25
DBG t=74 used=0.019 remain=0.493 turn_time=0.0189615 end_in=0.0189615 depth=11 dec=0 cand_cap=20 cand=32->20 pick(must/bucket/top/rand)=1/5/10/4 sims=1592 loop=1572 best_avg=-1.51739 best_move=9,7 leader=1 inc2=1 attack_w=0.25
DBG t=86 used=0.019 remain=0.265 turn_time=0.0189286 end_in=0.0189286 depth=11 dec=0 cand_cap=20 cand=37->20 pick(must/bucket/top/rand)=1/5/10/4 sims=1452 loop=1432 best_avg=-1.37959 best_move=5,8 leader=1 inc2=1 attack_w=0.25
DBG t=99 used=0.018 remain=0.018 turn_time=0.018 end_in=0.017 depth=0 dec=0 cand_cap=20 cand=68->20 pick(must/bucket/top/rand)=1/6/9/4 sims=58780 loop=58760 best_avg=-0.472565 best_move=5,7 leader=1 inc2=1 attack_w=0.25
DBG summary depth_safety_fired=0
Score = 312449
=== CASE 0007.txt ===
DBG hdr N=10 M=7 T=100 U=2 VMAX=1467 TIME_LIMIT=1.94 MAX_CAND=20 UCB_C=0.21
DBG t=0 used=0.02 remain=1.94 turn_time=0.0194 end_in=0.0194 depth=7 dec=0 cand_cap=20 cand=5->5 pick(must/bucket/top/rand)=1/2/2/0 sims=2149 loop=2144 best_avg=-0.93056 best_move=4,5 leader=5 inc2=1 attack_w=1
DBG t=12 used=0.02 remain=1.7 turn_time=0.0193182 end_in=0.0193182 depth=7 dec=0 cand_cap=20 cand=15->15 pick(must/bucket/top/rand)=1/3/11/0 sims=1703 loop=1688 best_avg=-1.11602 best_move=8,3 leader=6 inc2=1 attack_w=1
DBG t=24 used=0.02 remain=1.46 turn_time=0.0192105 end_in=0.0192105 depth=7 dec=0 cand_cap=20 cand=22->20 pick(must/bucket/top/rand)=1/6/9/4 sims=1596 loop=1576 best_avg=-0.746845 best_move=8,3 leader=6 inc2=1 attack_w=1
DBG t=37 used=0.02 remain=1.2 turn_time=0.0190476 end_in=0.0190476 depth=10 dec=0 cand_cap=20 cand=28->20 pick(must/bucket/top/rand)=1/6/9/4 sims=1116 loop=1096 best_avg=-0.490056 best_move=5,5 leader=4 inc2=1 attack_w=0.973366
DBG t=49 used=0.019 remain=0.968 turn_time=0.0189804 end_in=0.0189804 depth=10 dec=0 cand_cap=20 cand=39->20 pick(must/bucket/top/rand)=1/6/9/4 sims=1148 loop=1128 best_avg=-0.137908 best_move=7,7 leader=6 inc2=1 attack_w=0.25
DBG t=61 used=0.019 remain=0.738 turn_time=0.0189231 end_in=0.0189231 depth=10 dec=0 cand_cap=20 cand=48->20 pick(must/bucket/top/rand)=1/6/9/4 sims=1140 loop=1120 best_avg=-0.0366355 best_move=8,8 leader=6 inc2=1 attack_w=0.25
DBG t=74 used=0.019 remain=0.491 turn_time=0.0188846 end_in=0.0188846 depth=11 dec=0 cand_cap=20 cand=38->20 pick(must/bucket/top/rand)=1/8/7/4 sims=988 loop=968 best_avg=0.477352 best_move=9,7 leader=4 inc2=1 attack_w=0.25
DBG t=86 used=0.019 remain=0.263 turn_time=0.0187857 end_in=0.0187857 depth=11 dec=0 cand_cap=20 cand=41->20 pick(must/bucket/top/rand)=1/7/8/4 sims=908 loop=888 best_avg=0.618783 best_move=5,0 leader=5 inc2=1 attack_w=0.25
DBG t=99 used=0.017 remain=0.017 turn_time=0.017 end_in=0.016 depth=0 dec=1 cand_cap=20 cand=47->20 pick(must/bucket/top/rand)=1/7/8/4 sims=27220 loop=27200 best_avg=1.02257 best_move=5,1 leader=4 inc2=1 attack_w=0.25
DBG summary depth_safety_fired=2
Score = 243468
=== CASE 0009.txt ===
DBG hdr N=10 M=8 T=100 U=5 VMAX=1485 TIME_LIMIT=1.94 MAX_CAND=20 UCB_C=0.21
DBG t=0 used=0.02 remain=1.94 turn_time=0.0194 end_in=0.0194 depth=7 dec=0 cand_cap=20 cand=4->4 pick(must/bucket/top/rand)=1/2/1/0 sims=2044 loop=2040 best_avg=-0.491177 best_move=9,3 leader=7 inc2=1 attack_w=1
DBG t=12 used=0.02 remain=1.7 turn_time=0.0193182 end_in=0.0193182 depth=7 dec=0 cand_cap=20 cand=17->17 pick(must/bucket/top/rand)=1/5/10/1 sims=1501 loop=1484 best_avg=-0.355695 best_move=6,1 leader=1 inc2=1 attack_w=0.271206
DBG t=24 used=0.02 remain=1.46 turn_time=0.0192105 end_in=0.0192105 depth=7 dec=0 cand_cap=20 cand=23->20 pick(must/bucket/top/rand)=1/8/7/4 sims=1372 loop=1352 best_avg=-0.0955906 best_move=6,1 leader=4 inc2=1 attack_w=0.25
DBG t=37 used=0.02 remain=1.2 turn_time=0.0190476 end_in=0.0190476 depth=10 dec=0 cand_cap=20 cand=28->20 pick(must/bucket/top/rand)=1/7/8/4 sims=932 loop=912 best_avg=0.0289326 best_move=7,0 leader=4 inc2=1 attack_w=0.25
DBG t=49 used=0.019 remain=0.968 turn_time=0.0189804 end_in=0.0189804 depth=10 dec=0 cand_cap=20 cand=26->20 pick(must/bucket/top/rand)=1/7/8/4 sims=920 loop=900 best_avg=-0.074431 best_move=9,0 leader=4 inc2=1 attack_w=0.25
DBG t=61 used=0.019 remain=0.739 turn_time=0.0189487 end_in=0.0189487 depth=10 dec=0 cand_cap=20 cand=28->20 pick(must/bucket/top/rand)=1/7/8/4 sims=868 loop=848 best_avg=0.0426669 best_move=6,0 leader=4 inc2=1 attack_w=0.25
DBG t=74 used=0.019 remain=0.492 turn_time=0.0189231 end_in=0.0189231 depth=11 dec=0 cand_cap=20 cand=27->20 pick(must/bucket/top/rand)=1/5/10/4 sims=888 loop=868 best_avg=0.244515 best_move=7,4 leader=2 inc2=1 attack_w=0.25
DBG t=86 used=0.019 remain=0.264 turn_time=0.0188571 end_in=0.0188571 depth=11 dec=0 cand_cap=20 cand=30->20 pick(must/bucket/top/rand)=1/5/10/4 sims=920 loop=900 best_avg=0.0721421 best_move=5,4 leader=2 inc2=1 attack_w=0.25
DBG t=99 used=0.017 remain=0.017 turn_time=0.017 end_in=0.016 depth=0 dec=1 cand_cap=20 cand=30->20 pick(must/bucket/top/rand)=1/5/10/4 sims=19024 loop=19004 best_avg=0.0728072 best_move=3,2 leader=2 inc2=1 attack_w=0.25
DBG summary depth_safety_fired=1
Score = 142232
=== CASE 0008.txt ===
DBG hdr N=10 M=4 T=100 U=2 VMAX=1885 TIME_LIMIT=1.94 MAX_CAND=20 UCB_C=0.21
DBG t=0 used=0.02 remain=1.94 turn_time=0.0194 end_in=0.0194 depth=7 dec=0 cand_cap=20 cand=5->5 pick(must/bucket/top/rand)=1/2/2/0 sims=3433 loop=3428 best_avg=-1.10258 best_move=8,6 leader=3 inc2=0 attack_w=0.15
DBG t=12 used=0.02 remain=1.7 turn_time=0.0193182 end_in=0.0193182 depth=7 dec=0 cand_cap=20 cand=21->20 pick(must/bucket/top/rand)=1/4/11/4 sims=2036 loop=2016 best_avg=-0.885297 best_move=7,5 leader=3 inc2=1 attack_w=0.25
DBG t=24 used=0.02 remain=1.46 turn_time=0.0192105 end_in=0.0192105 depth=7 dec=0 cand_cap=20 cand=41->20 pick(must/bucket/top/rand)=1/7/8/4 sims=1808 loop=1788 best_avg=-0.65299 best_move=4,6 leader=2 inc2=1 attack_w=0.25
DBG t=37 used=0.02 remain=1.2 turn_time=0.0190476 end_in=0.0190476 depth=10 dec=0 cand_cap=20 cand=39->20 pick(must/bucket/top/rand)=1/8/7/4 sims=1180 loop=1160 best_avg=-0.705621 best_move=0,8 leader=1 inc2=1 attack_w=0.25
DBG t=49 used=0.019 remain=0.968 turn_time=0.0189804 end_in=0.0189804 depth=10 dec=0 cand_cap=20 cand=49->20 pick(must/bucket/top/rand)=1/8/7/4 sims=1232 loop=1212 best_avg=-0.603414 best_move=2,6 leader=3 inc2=1 attack_w=0.25
DBG t=61 used=0.019 remain=0.739 turn_time=0.0189487 end_in=0.0189487 depth=10 dec=0 cand_cap=20 cand=57->20 pick(must/bucket/top/rand)=1/8/7/4 sims=1116 loop=1096 best_avg=-0.557885 best_move=9,1 leader=1 inc2=1 attack_w=0.25
DBG t=74 used=0.019 remain=0.492 turn_time=0.0189231 end_in=0.0189231 depth=11 dec=0 cand_cap=20 cand=64->20 pick(must/bucket/top/rand)=1/8/7/4 sims=904 loop=884 best_avg=-0.331913 best_move=9,1 leader=1 inc2=1 attack_w=0.25
DBG t=86 used=0.019 remain=0.264 turn_time=0.0188571 end_in=0.0188571 depth=11 dec=0 cand_cap=20 cand=63->20 pick(must/bucket/top/rand)=1/8/7/4 sims=832 loop=812 best_avg=-0.239395 best_move=9,3 leader=1 inc2=1 attack_w=0.25
DBG t=99 used=0.017 remain=0.017 turn_time=0.017 end_in=0.016 depth=0 dec=1 cand_cap=20 cand=65->20 pick(must/bucket/top/rand)=1/8/7/4 sims=26776 loop=26756 best_avg=-0.113683 best_move=9,0 leader=1 inc2=1 attack_w=0.25
DBG summary depth_safety_fired=1
Score = 179200
=== CASE 0010.txt ===
DBG hdr N=10 M=3 T=100 U=3 VMAX=1484 TIME_LIMIT=1.94 MAX_CAND=20 UCB_C=0.21
DBG t=0 used=0.02 remain=1.94 turn_time=0.0194 end_in=0.0194 depth=7 dec=0 cand_cap=20 cand=5->5 pick(must/bucket/top/rand)=1/2/2/0 sims=3941 loop=3936 best_avg=-1.48188 best_move=3,6 leader=1 inc2=1 attack_w=1
DBG t=12 used=0.02 remain=1.7 turn_time=0.0193182 end_in=0.0193182 depth=7 dec=0 cand_cap=20 cand=24->20 pick(must/bucket/top/rand)=1/6/9/4 sims=2516 loop=2496 best_avg=-1.48249 best_move=3,8 leader=1 inc2=1 attack_w=0.484978
DBG t=24 used=0.02 remain=1.46 turn_time=0.0192105 end_in=0.0192105 depth=7 dec=0 cand_cap=20 cand=36->20 pick(must/bucket/top/rand)=1/8/7/4 sims=2776 loop=2756 best_avg=-1.35101 best_move=5,8 leader=1 inc2=1 attack_w=0.259004
DBG t=37 used=0.02 remain=1.2 turn_time=0.0190476 end_in=0.0190476 depth=10 dec=0 cand_cap=20 cand=51->20 pick(must/bucket/top/rand)=1/8/7/4 sims=1744 loop=1724 best_avg=-1.12559 best_move=6,4 leader=2 inc2=1 attack_w=0.25
DBG t=49 used=0.019 remain=0.968 turn_time=0.0189804 end_in=0.0189804 depth=10 dec=0 cand_cap=20 cand=53->20 pick(must/bucket/top/rand)=1/8/7/4 sims=1416 loop=1396 best_avg=-1.03386 best_move=2,3 leader=1 inc2=1 attack_w=0.25
DBG t=61 used=0.019 remain=0.738 turn_time=0.0189231 end_in=0.0189231 depth=10 dec=0 cand_cap=20 cand=60->20 pick(must/bucket/top/rand)=1/8/7/4 sims=1380 loop=1360 best_avg=-1.11009 best_move=3,2 leader=1 inc2=1 attack_w=0.25
DBG t=74 used=0.019 remain=0.491 turn_time=0.0188846 end_in=0.0188846 depth=11 dec=0 cand_cap=20 cand=60->20 pick(must/bucket/top/rand)=1/8/7/4 sims=1060 loop=1040 best_avg=-0.950959 best_move=4,3 leader=1 inc2=1 attack_w=0.25
DBG t=86 used=0.019 remain=0.263 turn_time=0.0187857 end_in=0.0187857 depth=11 dec=0 cand_cap=20 cand=65->20 pick(must/bucket/top/rand)=1/8/7/4 sims=1108 loop=1088 best_avg=-0.866307 best_move=5,8 leader=1 inc2=1 attack_w=0.25
DBG t=99 used=0.017 remain=0.017 turn_time=0.017 end_in=0.016 depth=0 dec=1 cand_cap=20 cand=69->20 pick(must/bucket/top/rand)=1/8/7/4 sims=32332 loop=32312 best_avg=-0.793174 best_move=5,6 leader=1 inc2=1 attack_w=0.25
DBG summary depth_safety_fired=2
Score = 163695
=== CASE 0011.txt ===
DBG hdr N=10 M=4 T=100 U=3 VMAX=1057 TIME_LIMIT=1.94 MAX_CAND=20 UCB_C=0.21
DBG t=0 used=0.02 remain=1.94 turn_time=0.0194 end_in=0.0194 depth=7 dec=0 cand_cap=20 cand=4->4 pick(must/bucket/top/rand)=1/2/1/0 sims=3384 loop=3380 best_avg=-0.933713 best_move=0,0 leader=1 inc2=1 attack_w=0.286689
DBG t=12 used=0.02 remain=1.7 turn_time=0.0193182 end_in=0.0193182 depth=7 dec=0 cand_cap=20 cand=11->11 pick(must/bucket/top/rand)=1/2/8/0 sims=2091 loop=2080 best_avg=-0.986217 best_move=0,1 leader=2 inc2=1 attack_w=0.59719
DBG t=24 used=0.02 remain=1.46 turn_time=0.0192105 end_in=0.0192105 depth=7 dec=0 cand_cap=20 cand=19->19 pick(must/bucket/top/rand)=1/3/12/3 sims=1947 loop=1928 best_avg=-0.873246 best_move=4,2 leader=1 inc2=0 attack_w=0.432318
DBG t=37 used=0.02 remain=1.2 turn_time=0.0190476 end_in=0.0190476 depth=10 dec=0 cand_cap=20 cand=33->20 pick(must/bucket/top/rand)=1/6/9/4 sims=1316 loop=1296 best_avg=-0.707519 best_move=7,3 leader=3 inc2=1 attack_w=0.25
DBG t=49 used=0.019 remain=0.968 turn_time=0.0189804 end_in=0.0189804 depth=10 dec=0 cand_cap=20 cand=40->20 pick(must/bucket/top/rand)=1/8/7/4 sims=1148 loop=1128 best_avg=-0.37317 best_move=0,4 leader=2 inc2=1 attack_w=0.25
DBG t=61 used=0.019 remain=0.737 turn_time=0.0188974 end_in=0.0188974 depth=10 dec=0 cand_cap=20 cand=45->20 pick(must/bucket/top/rand)=1/6/9/4 sims=1184 loop=1164 best_avg=-0.380986 best_move=7,1 leader=3 inc2=1 attack_w=0.25
DBG t=74 used=0.019 remain=0.49 turn_time=0.0188462 end_in=0.0188462 depth=11 dec=0 cand_cap=20 cand=47->20 pick(must/bucket/top/rand)=1/6/9/4 sims=1000 loop=980 best_avg=-0.364761 best_move=5,4 leader=1 inc2=1 attack_w=0.25
DBG t=86 used=0.019 remain=0.262 turn_time=0.0187143 end_in=0.0187143 depth=11 dec=0 cand_cap=20 cand=51->20 pick(must/bucket/top/rand)=1/8/7/4 sims=932 loop=912 best_avg=-0.392696 best_move=6,2 leader=1 inc2=0 attack_w=0.25
DBG t=99 used=0.017 remain=0.017 turn_time=0.017 end_in=0.016 depth=0 dec=1 cand_cap=20 cand=56->20 pick(must/bucket/top/rand)=1/7/8/4 sims=29516 loop=29496 best_avg=-0.357738 best_move=7,5 leader=1 inc2=1 attack_w=0.25
DBG summary depth_safety_fired=4
Score = 156222
=== CASE 0015.txt ===
DBG hdr N=10 M=5 T=100 U=4 VMAX=4555 TIME_LIMIT=1.94 MAX_CAND=20 UCB_C=0.21
DBG t=0 used=0.02 remain=1.94 turn_time=0.0194 end_in=0.0194 depth=7 dec=0 cand_cap=20 cand=4->4 pick(must/bucket/top/rand)=1/2/1/0 sims=3496 loop=3492 best_avg=-1.16449 best_move=1,9 leader=4 inc2=0 attack_w=0.875226
DBG t=12 used=0.02 remain=1.7 turn_time=0.0193182 end_in=0.0193182 depth=7 dec=0 cand_cap=20 cand=9->9 pick(must/bucket/top/rand)=1/2/6/0 sims=2541 loop=2532 best_avg=-1.03142 best_move=0,7 leader=4 inc2=1 attack_w=1
DBG t=24 used=0.02 remain=1.46 turn_time=0.0192105 end_in=0.0192105 depth=7 dec=0 cand_cap=20 cand=18->18 pick(must/bucket/top/rand)=1/6/9/2 sims=2438 loop=2420 best_avg=-1.04632 best_move=0,2 leader=3 inc2=1 attack_w=0.87278
DBG t=37 used=0.02 remain=1.2 turn_time=0.0190476 end_in=0.0190476 depth=10 dec=0 cand_cap=20 cand=6->6 pick(must/bucket/top/rand)=1/2/3/0 sims=1382 loop=1376 best_avg=-0.576024 best_move=0,1 leader=1 inc2=0 attack_w=0.25
DBG t=49 used=0.019 remain=0.968 turn_time=0.0189804 end_in=0.0189804 depth=10 dec=0 cand_cap=20 cand=11->11 pick(must/bucket/top/rand)=1/3/7/0 sims=1247 loop=1236 best_avg=-0.438043 best_move=1,1 leader=1 inc2=0 attack_w=0.25
DBG t=61 used=0.019 remain=0.74 turn_time=0.0189744 end_in=0.0189744 depth=10 dec=0 cand_cap=20 cand=28->20 pick(must/bucket/top/rand)=1/4/11/4 sims=1220 loop=1200 best_avg=-0.464103 best_move=2,2 leader=1 inc2=0 attack_w=0.25
DBG t=74 used=0.019 remain=0.493 turn_time=0.0189615 end_in=0.0189615 depth=11 dec=0 cand_cap=20 cand=32->20 pick(must/bucket/top/rand)=1/4/11/4 sims=1040 loop=1020 best_avg=-0.469632 best_move=0,3 leader=1 inc2=0 attack_w=0.25
DBG t=86 used=0.019 remain=0.265 turn_time=0.0189286 end_in=0.0189286 depth=11 dec=0 cand_cap=20 cand=37->20 pick(must/bucket/top/rand)=1/5/10/4 sims=984 loop=964 best_avg=-0.314764 best_move=6,1 leader=1 inc2=0 attack_w=0.25
DBG t=99 used=0.018 remain=0.018 turn_time=0.018 end_in=0.017 depth=0 dec=0 cand_cap=20 cand=42->20 pick(must/bucket/top/rand)=1/6/9/4 sims=19884 loop=19864 best_avg=-0.212664 best_move=0,7 leader=1 inc2=0 attack_w=0.25
DBG summary depth_safety_fired=0
Score = 149550
=== CASE 0013.txt ===
DBG hdr N=10 M=2 T=100 U=1 VMAX=2489 TIME_LIMIT=1.94 MAX_CAND=20 UCB_C=0.21
DBG t=0 used=0.02 remain=1.94 turn_time=0.0194 end_in=0.0194 depth=7 dec=0 cand_cap=20 cand=3->3 pick(must/bucket/top/rand)=1/2/0/0 sims=5571 loop=5568 best_avg=-3.47496 best_move=9,1 leader=1 inc2=1 attack_w=1
DBG t=12 used=0.02 remain=1.7 turn_time=0.0193182 end_in=0.0193182 depth=7 dec=0 cand_cap=20 cand=4->4 pick(must/bucket/top/rand)=1/2/1/0 sims=3996 loop=3992 best_avg=-2.43261 best_move=6,8 leader=1 inc2=1 attack_w=0.25
DBG t=24 used=0.02 remain=1.46 turn_time=0.0192105 end_in=0.0192105 depth=7 dec=0 cand_cap=20 cand=24->20 pick(must/bucket/top/rand)=1/6/9/4 sims=3512 loop=3492 best_avg=-2.08796 best_move=8,7 leader=1 inc2=1 attack_w=0.25
DBG t=37 used=0.02 remain=1.2 turn_time=0.0190476 end_in=0.0190476 depth=10 dec=0 cand_cap=20 cand=16->16 pick(must/bucket/top/rand)=1/4/11/0 sims=2108 loop=2092 best_avg=-2.1698 best_move=7,5 leader=1 inc2=1 attack_w=0.25
DBG t=49 used=0.019 remain=0.968 turn_time=0.0189804 end_in=0.0189804 depth=10 dec=0 cand_cap=20 cand=50->20 pick(must/bucket/top/rand)=1/6/9/4 sims=1464 loop=1444 best_avg=-1.22471 best_move=6,3 leader=1 inc2=1 attack_w=0.25
DBG t=61 used=0.019 remain=0.74 turn_time=0.0189744 end_in=0.0189744 depth=10 dec=0 cand_cap=20 cand=59->20 pick(must/bucket/top/rand)=1/5/10/4 sims=1392 loop=1372 best_avg=-0.855422 best_move=8,2 leader=1 inc2=1 attack_w=0.25
DBG t=74 used=0.019 remain=0.493 turn_time=0.0189615 end_in=0.0189615 depth=11 dec=0 cand_cap=20 cand=69->20 pick(must/bucket/top/rand)=1/6/9/4 sims=1076 loop=1056 best_avg=-0.838434 best_move=1,3 leader=1 inc2=1 attack_w=0.25
DBG t=86 used=0.019 remain=0.265 turn_time=0.0189286 end_in=0.0189286 depth=11 dec=0 cand_cap=20 cand=85->20 pick(must/bucket/top/rand)=1/6/9/4 sims=960 loop=940 best_avg=-0.84464 best_move=4,7 leader=1 inc2=1 attack_w=0.25
DBG t=99 used=0.018 remain=0.018 turn_time=0.018 end_in=0.017 depth=0 dec=0 cand_cap=20 cand=95->20 pick(must/bucket/top/rand)=1/6/9/4 sims=54072 loop=54052 best_avg=0.694742 best_move=2,8 leader=1 inc2=1 attack_w=0.25
DBG summary depth_safety_fired=0
Score = 453750
=== CASE 0016.txt ===
DBG hdr N=10 M=3 T=100 U=1 VMAX=1697 TIME_LIMIT=1.94 MAX_CAND=20 UCB_C=0.21
DBG t=0 used=0.02 remain=1.94 turn_time=0.0194 end_in=0.0194 depth=7 dec=0 cand_cap=20 cand=5->5 pick(must/bucket/top/rand)=1/3/1/0 sims=4373 loop=4368 best_avg=-1.63882 best_move=4,7 leader=2 inc2=1 attack_w=0.15
DBG t=12 used=0.02 remain=1.7 turn_time=0.0193182 end_in=0.0193182 depth=7 dec=0 cand_cap=20 cand=25->20 pick(must/bucket/top/rand)=1/6/9/4 sims=2800 loop=2780 best_avg=-1.14425 best_move=3,6 leader=2 inc2=1 attack_w=0.25
DBG t=24 used=0.02 remain=1.46 turn_time=0.0192105 end_in=0.0192105 depth=7 dec=0 cand_cap=20 cand=40->20 pick(must/bucket/top/rand)=1/6/9/4 sims=1952 loop=1932 best_avg=-0.925516 best_move=7,8 leader=1 inc2=1 attack_w=0.25
DBG t=37 used=0.02 remain=1.2 turn_time=0.0190476 end_in=0.0190476 depth=10 dec=0 cand_cap=20 cand=49->20 pick(must/bucket/top/rand)=1/6/9/4 sims=1080 loop=1060 best_avg=-0.907273 best_move=7,9 leader=1 inc2=1 attack_w=0.25
DBG t=49 used=0.019 remain=0.968 turn_time=0.0189804 end_in=0.0189804 depth=10 dec=0 cand_cap=20 cand=52->20 pick(must/bucket/top/rand)=1/6/9/4 sims=1304 loop=1284 best_avg=-0.928246 best_move=8,9 leader=2 inc2=1 attack_w=0.25
DBG t=61 used=0.019 remain=0.74 turn_time=0.0189744 end_in=0.0189744 depth=10 dec=0 cand_cap=20 cand=65->20 pick(must/bucket/top/rand)=1/6/9/4 sims=1196 loop=1176 best_avg=-0.383794 best_move=6,4 leader=2 inc2=1 attack_w=0.25
DBG t=74 used=0.019 remain=0.493 turn_time=0.0189615 end_in=0.0189615 depth=11 dec=0 cand_cap=20 cand=83->20 pick(must/bucket/top/rand)=1/6/9/4 sims=876 loop=856 best_avg=0.178769 best_move=2,1 leader=2 inc2=1 attack_w=0.25
DBG t=86 used=0.019 remain=0.265 turn_time=0.0189286 end_in=0.0189286 depth=11 dec=0 cand_cap=20 cand=86->20 pick(must/bucket/top/rand)=1/6/9/4 sims=796 loop=776 best_avg=0.578146 best_move=1,3 leader=2 inc2=1 attack_w=0.25
DBG t=99 used=0.018 remain=0.018 turn_time=0.018 end_in=0.017 depth=0 dec=0 cand_cap=20 cand=90->20 pick(must/bucket/top/rand)=1/6/9/4 sims=46032 loop=46012 best_avg=1.40686 best_move=9,6 leader=1 inc2=1 attack_w=0.25
DBG summary depth_safety_fired=0
Score = 404660
=== CASE 0014.txt ===
DBG hdr N=10 M=7 T=100 U=4 VMAX=2149 TIME_LIMIT=1.94 MAX_CAND=20 UCB_C=0.21
DBG t=0 used=0.02 remain=1.94 turn_time=0.0194 end_in=0.0194 depth=7 dec=0 cand_cap=20 cand=5->5 pick(must/bucket/top/rand)=1/2/2/0 sims=2677 loop=2672 best_avg=-0.908471 best_move=6,5 leader=1 inc2=1 attack_w=1
DBG t=12 used=0.02 remain=1.7 turn_time=0.0193182 end_in=0.0193182 depth=7 dec=0 cand_cap=20 cand=22->20 pick(must/bucket/top/rand)=1/5/10/4 sims=1928 loop=1908 best_avg=-0.329611 best_move=4,2 leader=5 inc2=1 attack_w=0.25
DBG t=24 used=0.02 remain=1.46 turn_time=0.0192105 end_in=0.0192105 depth=7 dec=0 cand_cap=20 cand=24->20 pick(must/bucket/top/rand)=1/6/9/4 sims=2236 loop=2216 best_avg=-0.286453 best_move=4,2 leader=2 inc2=1 attack_w=0.25
DBG t=37 used=0.02 remain=1.2 turn_time=0.0190476 end_in=0.0190476 depth=10 dec=0 cand_cap=20 cand=27->20 pick(must/bucket/top/rand)=1/5/10/4 sims=1300 loop=1280 best_avg=-0.258155 best_move=5,4 leader=5 inc2=1 attack_w=0.25
DBG t=49 used=0.019 remain=0.968 turn_time=0.0189804 end_in=0.0189804 depth=10 dec=0 cand_cap=20 cand=39->20 pick(must/bucket/top/rand)=1/6/9/4 sims=1128 loop=1108 best_avg=-0.302105 best_move=2,4 leader=5 inc2=1 attack_w=0.25
DBG t=61 used=0.019 remain=0.74 turn_time=0.0189744 end_in=0.0189744 depth=10 dec=0 cand_cap=20 cand=37->20 pick(must/bucket/top/rand)=1/6/9/4 sims=1092 loop=1072 best_avg=-0.24073 best_move=3,3 leader=5 inc2=1 attack_w=0.25
DBG t=74 used=0.019 remain=0.493 turn_time=0.0189615 end_in=0.0189615 depth=11 dec=0 cand_cap=20 cand=38->20 pick(must/bucket/top/rand)=1/6/9/4 sims=896 loop=876 best_avg=-0.346755 best_move=5,3 leader=5 inc2=1 attack_w=0.25
DBG t=86 used=0.019 remain=0.265 turn_time=0.0189286 end_in=0.0189286 depth=11 dec=0 cand_cap=20 cand=42->20 pick(must/bucket/top/rand)=1/7/8/4 sims=928 loop=908 best_avg=-0.504341 best_move=2,4 leader=5 inc2=1 attack_w=0.25
DBG t=99 used=0.018 remain=0.018 turn_time=0.018 end_in=0.017 depth=0 dec=0 cand_cap=20 cand=44->20 pick(must/bucket/top/rand)=1/8/7/4 sims=22920 loop=22900 best_avg=-0.348402 best_move=3,3 leader=5 inc2=1 attack_w=0.25
DBG summary depth_safety_fired=0
Score = 114011
=== CASE 0012.txt ===
DBG hdr N=10 M=3 T=100 U=2 VMAX=1321 TIME_LIMIT=1.94 MAX_CAND=20 UCB_C=0.21
DBG t=0 used=0.02 remain=1.94 turn_time=0.0194 end_in=0.0194 depth=7 dec=0 cand_cap=20 cand=3->3 pick(must/bucket/top/rand)=1/2/0/0 sims=4431 loop=4428 best_avg=-1.39411 best_move=8,9 leader=1 inc2=1 attack_w=0.317234
DBG t=12 used=0.02 remain=1.7 turn_time=0.0193182 end_in=0.0193182 depth=7 dec=0 cand_cap=20 cand=19->19 pick(must/bucket/top/rand)=1/3/12/3 sims=2671 loop=2652 best_avg=-1.62139 best_move=5,8 leader=2 inc2=1 attack_w=0.61281
DBG t=24 used=0.02 remain=1.46 turn_time=0.0192105 end_in=0.0192105 depth=7 dec=0 cand_cap=20 cand=31->20 pick(must/bucket/top/rand)=1/7/8/4 sims=1788 loop=1768 best_avg=-1.30552 best_move=6,5 leader=2 inc2=1 attack_w=0.25
DBG t=37 used=0.02 remain=1.2 turn_time=0.0190476 end_in=0.0190476 depth=10 dec=0 cand_cap=20 cand=10->10 pick(must/bucket/top/rand)=1/6/3/0 sims=1410 loop=1400 best_avg=-1.42317 best_move=2,9 leader=2 inc2=1 attack_w=0.25
DBG t=49 used=0.019 remain=0.968 turn_time=0.0189804 end_in=0.0189804 depth=10 dec=0 cand_cap=20 cand=18->18 pick(must/bucket/top/rand)=1/8/7/2 sims=1338 loop=1320 best_avg=-1.45601 best_move=2,4 leader=1 inc2=1 attack_w=0.302513
DBG t=61 used=0.019 remain=0.74 turn_time=0.0189744 end_in=0.0189744 depth=10 dec=0 cand_cap=20 cand=47->20 pick(must/bucket/top/rand)=1/8/7/4 sims=1036 loop=1016 best_avg=-1.3979 best_move=0,6 leader=1 inc2=1 attack_w=0.25
DBG t=74 used=0.019 remain=0.493 turn_time=0.0189615 end_in=0.0189615 depth=11 dec=0 cand_cap=20 cand=53->20 pick(must/bucket/top/rand)=1/8/7/4 sims=792 loop=772 best_avg=-1.04761 best_move=4,4 leader=1 inc2=1 attack_w=0.25
DBG t=86 used=0.019 remain=0.265 turn_time=0.0189286 end_in=0.0189286 depth=11 dec=0 cand_cap=20 cand=71->20 pick(must/bucket/top/rand)=1/8/7/4 sims=804 loop=784 best_avg=-0.802435 best_move=2,9 leader=2 inc2=1 attack_w=0.25
DBG t=99 used=0.018 remain=0.018 turn_time=0.018 end_in=0.017 depth=0 dec=0 cand_cap=20 cand=77->20 pick(must/bucket/top/rand)=1/8/7/4 sims=32216 loop=32196 best_avg=-0.724617 best_move=2,9 leader=1 inc2=1 attack_w=0.25
DBG summary depth_safety_fired=0
Score = 168862
=== CASE 0017.txt ===
DBG hdr N=10 M=5 T=100 U=5 VMAX=1407 TIME_LIMIT=1.94 MAX_CAND=20 UCB_C=0.21
DBG t=0 used=0.02 remain=1.94 turn_time=0.0194 end_in=0.0194 depth=7 dec=0 cand_cap=20 cand=5->5 pick(must/bucket/top/rand)=1/2/2/0 sims=3413 loop=3408 best_avg=-0.772636 best_move=3,5 leader=1 inc2=0 attack_w=0.176389
DBG t=12 used=0.02 remain=1.7 turn_time=0.0193182 end_in=0.0193182 depth=7 dec=0 cand_cap=20 cand=13->13 pick(must/bucket/top/rand)=1/6/6/0 sims=2325 loop=2312 best_avg=-1.22675 best_move=5,5 leader=1 inc2=1 attack_w=1
DBG t=24 used=0.02 remain=1.46 turn_time=0.0192105 end_in=0.0192105 depth=7 dec=0 cand_cap=20 cand=17->17 pick(must/bucket/top/rand)=1/7/8/1 sims=1961 loop=1944 best_avg=-0.94329 best_move=4,6 leader=1 inc2=1 attack_w=1
DBG t=37 used=0.02 remain=1.2 turn_time=0.0190476 end_in=0.0190476 depth=10 dec=0 cand_cap=20 cand=20->20 pick(must/bucket/top/rand)=1/8/7/4 sims=1140 loop=1120 best_avg=-0.874039 best_move=4,9 leader=4 inc2=1 attack_w=0.609596
DBG t=49 used=0.019 remain=0.968 turn_time=0.0189804 end_in=0.0189804 depth=10 dec=0 cand_cap=20 cand=26->20 pick(must/bucket/top/rand)=1/7/8/4 sims=1076 loop=1056 best_avg=-0.908054 best_move=7,9 leader=2 inc2=1 attack_w=0.709509
DBG t=61 used=0.019 remain=0.74 turn_time=0.0189744 end_in=0.0189744 depth=10 dec=0 cand_cap=20 cand=32->20 pick(must/bucket/top/rand)=1/6/9/4 sims=1120 loop=1100 best_avg=-0.754451 best_move=4,7 leader=1 inc2=1 attack_w=0.443235
DBG t=74 used=0.019 remain=0.493 turn_time=0.0189615 end_in=0.0189615 depth=11 dec=0 cand_cap=20 cand=33->20 pick(must/bucket/top/rand)=1/6/9/4 sims=1056 loop=1036 best_avg=-0.733095 best_move=9,7 leader=2 inc2=1 attack_w=0.427459
DBG t=86 used=0.019 remain=0.265 turn_time=0.0189286 end_in=0.0189286 depth=11 dec=0 cand_cap=20 cand=33->20 pick(must/bucket/top/rand)=1/5/10/4 sims=972 loop=952 best_avg=-0.68896 best_move=8,9 leader=2 inc2=1 attack_w=0.334547
DBG t=99 used=0.018 remain=0.018 turn_time=0.018 end_in=0.017 depth=0 dec=0 cand_cap=20 cand=35->20 pick(must/bucket/top/rand)=1/5/10/4 sims=17684 loop=17664 best_avg=-0.690766 best_move=9,8 leader=4 inc2=1 attack_w=0.25
DBG summary depth_safety_fired=0
Score = 110346
=== CASE 0019.txt ===
DBG hdr N=10 M=3 T=100 U=4 VMAX=1941 TIME_LIMIT=1.94 MAX_CAND=20 UCB_C=0.21
DBG t=0 used=0.02 remain=1.94 turn_time=0.0194 end_in=0.0194 depth=7 dec=0 cand_cap=20 cand=5->5 pick(must/bucket/top/rand)=1/2/2/0 sims=4241 loop=4236 best_avg=-1.7889 best_move=1,3 leader=1 inc2=1 attack_w=1
DBG t=12 used=0.02 remain=1.7 turn_time=0.0193182 end_in=0.0193182 depth=7 dec=0 cand_cap=20 cand=16->16 pick(must/bucket/top/rand)=1/2/13/0 sims=3268 loop=3252 best_avg=-1.57823 best_move=0,4 leader=1 inc2=1 attack_w=0.694142
DBG t=24 used=0.02 remain=1.46 turn_time=0.0192105 end_in=0.0192105 depth=7 dec=0 cand_cap=20 cand=26->20 pick(must/bucket/top/rand)=1/3/12/4 sims=2460 loop=2440 best_avg=-1.51556 best_move=6,6 leader=1 inc2=1 attack_w=0.341854
DBG t=37 used=0.02 remain=1.2 turn_time=0.0190476 end_in=0.0190476 depth=10 dec=0 cand_cap=20 cand=38->20 pick(must/bucket/top/rand)=1/7/8/4 sims=1588 loop=1568 best_avg=-1.56385 best_move=6,5 leader=1 inc2=1 attack_w=0.280864
DBG t=49 used=0.019 remain=0.968 turn_time=0.0189804 end_in=0.0189804 depth=10 dec=0 cand_cap=20 cand=42->20 pick(must/bucket/top/rand)=1/6/9/4 sims=1448 loop=1428 best_avg=-1.6863 best_move=7,7 leader=1 inc2=1 attack_w=0.579193
DBG t=61 used=0.019 remain=0.74 turn_time=0.0189744 end_in=0.0189744 depth=10 dec=0 cand_cap=20 cand=45->20 pick(must/bucket/top/rand)=1/6/9/4 sims=1284 loop=1264 best_avg=-1.7981 best_move=5,1 leader=1 inc2=1 attack_w=0.88422
DBG t=74 used=0.019 remain=0.493 turn_time=0.0189615 end_in=0.0189615 depth=11 dec=0 cand_cap=20 cand=31->20 pick(must/bucket/top/rand)=1/7/8/4 sims=372 loop=352 best_avg=-1.82828 best_move=6,3 leader=1 inc2=1 attack_w=0.861723
DBG t=86 used=0.019 remain=0.265 turn_time=0.0189286 end_in=0.0189286 depth=11 dec=0 cand_cap=20 cand=38->20 pick(must/bucket/top/rand)=1/8/7/4 sims=1180 loop=1160 best_avg=-1.91116 best_move=6,2 leader=1 inc2=1 attack_w=1
DBG t=99 used=0.012 remain=0.012 turn_time=0.012 end_in=0.011 depth=0 dec=2 cand_cap=16 cand=41->16 pick(must/bucket/top/rand)=1/8/3/4 sims=16156 loop=16140 best_avg=-1.96334 best_move=6,2 leader=2 inc2=1 attack_w=1
DBG summary depth_safety_fired=1
Score = 82296
=== CASE 0018.txt ===
DBG hdr N=10 M=7 T=100 U=5 VMAX=2680 TIME_LIMIT=1.94 MAX_CAND=20 UCB_C=0.21
DBG t=0 used=0.02 remain=1.94 turn_time=0.0194 end_in=0.0194 depth=7 dec=0 cand_cap=20 cand=4->4 pick(must/bucket/top/rand)=1/2/1/0 sims=2572 loop=2568 best_avg=-0.703191 best_move=9,5 leader=5 inc2=1 attack_w=1
DBG t=12 used=0.02 remain=1.7 turn_time=0.0193182 end_in=0.0193182 depth=7 dec=0 cand_cap=20 cand=12->12 pick(must/bucket/top/rand)=1/5/6/0 sims=1752 loop=1740 best_avg=-0.258539 best_move=8,6 leader=4 inc2=1 attack_w=0.25
DBG t=24 used=0.02 remain=1.46 turn_time=0.0192105 end_in=0.0192105 depth=7 dec=0 cand_cap=20 cand=14->14 pick(must/bucket/top/rand)=1/6/7/0 sims=1726 loop=1712 best_avg=-0.301054 best_move=8,6 leader=4 inc2=1 attack_w=0.25
DBG t=37 used=0.02 remain=1.2 turn_time=0.0190476 end_in=0.0190476 depth=10 dec=0 cand_cap=20 cand=17->17 pick(must/bucket/top/rand)=1/6/9/1 sims=1157 loop=1140 best_avg=-0.0951489 best_move=8,6 leader=2 inc2=1 attack_w=0.25
DBG t=49 used=0.019 remain=0.968 turn_time=0.0189804 end_in=0.0189804 depth=10 dec=0 cand_cap=20 cand=20->20 pick(must/bucket/top/rand)=1/6/9/4 sims=1060 loop=1040 best_avg=0.140159 best_move=8,1 leader=3 inc2=1 attack_w=0.25
DBG t=61 used=0.019 remain=0.74 turn_time=0.0189744 end_in=0.0189744 depth=10 dec=0 cand_cap=20 cand=22->20 pick(must/bucket/top/rand)=1/6/9/4 sims=1096 loop=1076 best_avg=0.12778 best_move=8,2 leader=3 inc2=1 attack_w=0.25
DBG t=74 used=0.019 remain=0.493 turn_time=0.0189615 end_in=0.0189615 depth=11 dec=0 cand_cap=20 cand=23->20 pick(must/bucket/top/rand)=1/4/11/4 sims=436 loop=416 best_avg=0.102601 best_move=8,1 leader=1 inc2=1 attack_w=0.25
DBG t=86 used=0.019 remain=0.265 turn_time=0.0189286 end_in=0.0189286 depth=11 dec=0 cand_cap=20 cand=23->20 pick(must/bucket/top/rand)=1/5/10/4 sims=936 loop=916 best_avg=0.068229 best_move=8,1 leader=1 inc2=1 attack_w=0.25
DBG t=99 used=0.015 remain=0.015 turn_time=0.015 end_in=0.014 depth=0 dec=2 cand_cap=20 cand=24->20 pick(must/bucket/top/rand)=1/3/12/4 sims=10792 loop=10772 best_avg=0.118163 best_move=8,0 leader=1 inc2=1 attack_w=0.25
DBG summary depth_safety_fired=1
Score = 157983
=== CASE 0021.txt ===
DBG hdr N=10 M=3 T=100 U=5 VMAX=2360 TIME_LIMIT=1.94 MAX_CAND=20 UCB_C=0.21
DBG t=0 used=0.02 remain=1.94 turn_time=0.0194 end_in=0.0194 depth=7 dec=0 cand_cap=20 cand=4->4 pick(must/bucket/top/rand)=1/2/1/0 sims=5024 loop=5020 best_avg=-0.924209 best_move=3,9 leader=1 inc2=1 attack_w=0.15
DBG t=12 used=0.02 remain=1.7 turn_time=0.0193182 end_in=0.0193182 depth=7 dec=0 cand_cap=20 cand=11->11 pick(must/bucket/top/rand)=1/2/8/0 sims=2663 loop=2652 best_avg=-0.957763 best_move=1,8 leader=2 inc2=1 attack_w=0.25
DBG t=24 used=0.02 remain=1.46 turn_time=0.0192105 end_in=0.0192105 depth=7 dec=0 cand_cap=20 cand=11->11 pick(must/bucket/top/rand)=1/7/3/0 sims=2103 loop=2092 best_avg=-1.17087 best_move=1,8 leader=2 inc2=1 attack_w=0.25
DBG t=37 used=0.02 remain=1.2 turn_time=0.0190476 end_in=0.0190476 depth=10 dec=0 cand_cap=20 cand=12->12 pick(must/bucket/top/rand)=1/7/4/0 sims=1460 loop=1448 best_avg=-1.08363 best_move=4,9 leader=1 inc2=1 attack_w=0.25
DBG t=49 used=0.019 remain=0.968 turn_time=0.0189804 end_in=0.0189804 depth=10 dec=0 cand_cap=20 cand=14->14 pick(must/bucket/top/rand)=1/6/7/0 sims=1810 loop=1796 best_avg=-1.09882 best_move=3,8 leader=2 inc2=1 attack_w=0.25
DBG t=61 used=0.019 remain=0.74 turn_time=0.0189744 end_in=0.0189744 depth=10 dec=0 cand_cap=20 cand=20->20 pick(must/bucket/top/rand)=1/8/7/4 sims=1520 loop=1500 best_avg=-1.43161 best_move=1,8 leader=2 inc2=1 attack_w=0.25
DBG t=74 used=0.019 remain=0.493 turn_time=0.0189615 end_in=0.0189615 depth=11 dec=0 cand_cap=20 cand=24->20 pick(must/bucket/top/rand)=1/8/7/4 sims=316 loop=296 best_avg=-1.42578 best_move=2,7 leader=2 inc2=1 attack_w=0.25
DBG t=86 used=0.019 remain=0.259 turn_time=0.0185 end_in=0.0185 depth=11 dec=0 cand_cap=20 cand=24->20 pick(must/bucket/top/rand)=1/8/7/4 sims=1368 loop=1348 best_avg=-1.35814 best_move=1,8 leader=2 inc2=1 attack_w=0.25
DBG t=99 used=0.012 remain=0.012 turn_time=0.012 end_in=0.011 depth=0 dec=2 cand_cap=16 cand=31->16 pick(must/bucket/top/rand)=1/8/3/4 sims=16356 loop=16340 best_avg=-1.27055 best_move=3,6 leader=2 inc2=1 attack_w=0.25
DBG summary depth_safety_fired=7
Score = 127580
=== CASE 0020.txt ===
DBG hdr N=10 M=7 T=100 U=5 VMAX=1504 TIME_LIMIT=1.94 MAX_CAND=20 UCB_C=0.21
DBG t=0 used=0.02 remain=1.94 turn_time=0.0194 end_in=0.0194 depth=7 dec=0 cand_cap=20 cand=4->4 pick(must/bucket/top/rand)=1/2/1/0 sims=2580 loop=2576 best_avg=-0.760528 best_move=1,9 leader=3 inc2=1 attack_w=1
DBG t=12 used=0.02 remain=1.7 turn_time=0.0193182 end_in=0.0193182 depth=7 dec=0 cand_cap=20 cand=12->12 pick(must/bucket/top/rand)=1/6/5/0 sims=1740 loop=1728 best_avg=-0.55514 best_move=3,6 leader=3 inc2=1 attack_w=1
DBG t=24 used=0.02 remain=1.46 turn_time=0.0192105 end_in=0.0192105 depth=7 dec=0 cand_cap=20 cand=21->20 pick(must/bucket/top/rand)=1/8/7/4 sims=1768 loop=1748 best_avg=-0.290104 best_move=5,6 leader=4 inc2=1 attack_w=0.25
DBG t=37 used=0.02 remain=1.2 turn_time=0.0190476 end_in=0.0190476 depth=10 dec=0 cand_cap=20 cand=28->20 pick(must/bucket/top/rand)=1/5/10/4 sims=1308 loop=1288 best_avg=-0.144969 best_move=5,6 leader=4 inc2=1 attack_w=0.25
DBG t=49 used=0.019 remain=0.968 turn_time=0.0189804 end_in=0.0189804 depth=10 dec=0 cand_cap=20 cand=31->20 pick(must/bucket/top/rand)=1/6/9/4 sims=1132 loop=1112 best_avg=-0.33555 best_move=4,6 leader=1 inc2=1 attack_w=0.25
DBG t=61 used=0.019 remain=0.74 turn_time=0.0189744 end_in=0.0189744 depth=10 dec=0 cand_cap=20 cand=32->20 pick(must/bucket/top/rand)=1/5/10/4 sims=1192 loop=1172 best_avg=-0.0921418 best_move=2,6 leader=1 inc2=1 attack_w=0.25
DBG t=74 used=0.019 remain=0.493 turn_time=0.0189615 end_in=0.0189615 depth=11 dec=0 cand_cap=20 cand=36->20 pick(must/bucket/top/rand)=1/4/11/4 sims=424 loop=404 best_avg=-0.037095 best_move=6,4 leader=1 inc2=1 attack_w=0.25
DBG t=86 used=0.019 remain=0.265 turn_time=0.0189286 end_in=0.0189286 depth=11 dec=0 cand_cap=20 cand=36->20 pick(must/bucket/top/rand)=1/3/12/4 sims=1044 loop=1024 best_avg=-0.184686 best_move=7,4 leader=1 inc2=1 attack_w=0.25
DBG t=99 used=0.012 remain=0.012 turn_time=0.012 end_in=0.011 depth=0 dec=2 cand_cap=16 cand=40->16 pick(must/bucket/top/rand)=1/4/7/4 sims=14888 loop=14872 best_avg=-0.198898 best_move=3,8 leader=1 inc2=1 attack_w=0.25
DBG summary depth_safety_fired=1
Score = 125152
=== CASE 0022.txt ===
DBG hdr N=10 M=5 T=100 U=5 VMAX=1464 TIME_LIMIT=1.94 MAX_CAND=20 UCB_C=0.21
DBG t=0 used=0.02 remain=1.94 turn_time=0.0194 end_in=0.0194 depth=7 dec=0 cand_cap=20 cand=5->5 pick(must/bucket/top/rand)=1/2/2/0 sims=3593 loop=3588 best_avg=-0.870713 best_move=8,6 leader=1 inc2=1 attack_w=1
DBG t=12 used=0.02 remain=1.7 turn_time=0.0193182 end_in=0.0193182 depth=7 dec=0 cand_cap=20 cand=10->10 pick(must/bucket/top/rand)=1/4/5/0 sims=2554 loop=2544 best_avg=-1.0451 best_move=5,5 leader=2 inc2=0 attack_w=0.961414
DBG t=24 used=0.02 remain=1.46 turn_time=0.0192105 end_in=0.0192105 depth=7 dec=0 cand_cap=20 cand=10->10 pick(must/bucket/top/rand)=1/6/3/0 sims=2442 loop=2432 best_avg=-1.0244 best_move=4,6 leader=3 inc2=1 attack_w=0.985785
DBG t=37 used=0.02 remain=1.2 turn_time=0.0190476 end_in=0.0190476 depth=10 dec=0 cand_cap=20 cand=22->20 pick(must/bucket/top/rand)=1/6/9/4 sims=1716 loop=1696 best_avg=-1.13257 best_move=5,6 leader=3 inc2=0 attack_w=1
DBG t=49 used=0.019 remain=0.968 turn_time=0.0189804 end_in=0.0189804 depth=10 dec=0 cand_cap=20 cand=28->20 pick(must/bucket/top/rand)=1/6/9/4 sims=1440 loop=1420 best_avg=-1.0907 best_move=5,7 leader=3 inc2=0 attack_w=1
DBG t=61 used=0.019 remain=0.74 turn_time=0.0189744 end_in=0.0189744 depth=10 dec=0 cand_cap=20 cand=37->20 pick(must/bucket/top/rand)=1/8/7/4 sims=1400 loop=1380 best_avg=-1.05463 best_move=3,2 leader=3 inc2=0 attack_w=1
DBG t=74 used=0.019 remain=0.48 turn_time=0.0184615 end_in=0.0184615 depth=11 dec=0 cand_cap=20 cand=46->20 pick(must/bucket/top/rand)=1/8/7/4 sims=952 loop=932 best_avg=-1.09688 best_move=3,2 leader=3 inc2=0 attack_w=1
DBG t=86 used=0.018 remain=0.251 turn_time=0.0179286 end_in=0.0179286 depth=10 dec=1 cand_cap=20 cand=44->20 pick(must/bucket/top/rand)=1/8/7/4 sims=1340 loop=1320 best_avg=-1.09883 best_move=1,5 leader=3 inc2=0 attack_w=1
DBG t=99 used=0.016 remain=0.016 turn_time=0.016 end_in=0.015 depth=0 dec=1 cand_cap=20 cand=42->20 pick(must/bucket/top/rand)=1/7/8/4 sims=19968 loop=19948 best_avg=-1.08522 best_move=0,1 leader=3 inc2=0 attack_w=1
DBG summary depth_safety_fired=15
Score = 82811
=== CASE 0023.txt ===
DBG hdr N=10 M=5 T=100 U=1 VMAX=1610 TIME_LIMIT=1.94 MAX_CAND=20 UCB_C=0.21
DBG t=0 used=0.02 remain=1.94 turn_time=0.0194 end_in=0.0194 depth=7 dec=0 cand_cap=20 cand=4->4 pick(must/bucket/top/rand)=1/2/1/0 sims=2792 loop=2788 best_avg=-0.925342 best_move=6,4 leader=2 inc2=1 attack_w=1
DBG t=12 used=0.02 remain=1.7 turn_time=0.0193182 end_in=0.0193182 depth=7 dec=0 cand_cap=20 cand=24->20 pick(must/bucket/top/rand)=1/3/12/4 sims=1900 loop=1880 best_avg=-0.729619 best_move=2,3 leader=2 inc2=1 attack_w=0.48584
DBG t=24 used=0.02 remain=1.46 turn_time=0.0192105 end_in=0.0192105 depth=7 dec=0 cand_cap=20 cand=28->20 pick(must/bucket/top/rand)=1/4/11/4 sims=1636 loop=1616 best_avg=-0.49643 best_move=5,4 leader=3 inc2=0 attack_w=0.25
DBG t=37 used=0.02 remain=1.2 turn_time=0.0190476 end_in=0.0190476 depth=10 dec=0 cand_cap=20 cand=39->20 pick(must/bucket/top/rand)=1/6/9/4 sims=992 loop=972 best_avg=-0.691544 best_move=7,6 leader=3 inc2=1 attack_w=0.422188
DBG t=49 used=0.019 remain=0.968 turn_time=0.0189804 end_in=0.0189804 depth=10 dec=0 cand_cap=20 cand=51->20 pick(must/bucket/top/rand)=1/6/9/4 sims=928 loop=908 best_avg=-0.0372565 best_move=9,8 leader=3 inc2=1 attack_w=0.25
DBG t=61 used=0.019 remain=0.74 turn_time=0.0189744 end_in=0.0189744 depth=10 dec=0 cand_cap=20 cand=59->20 pick(must/bucket/top/rand)=1/6/9/4 sims=892 loop=872 best_avg=0.0976481 best_move=6,9 leader=3 inc2=0 attack_w=0.25
DBG t=74 used=0.02 remain=0.481 turn_time=0.0185 end_in=0.0185 depth=11 dec=0 cand_cap=20 cand=10->10 pick(must/bucket/top/rand)=1/4/5/0 sims=302 loop=292 best_avg=-0.0942262 best_move=8,2 leader=4 inc2=1 attack_w=0.25
DBG t=86 used=0.018 remain=0.251 turn_time=0.0179286 end_in=0.0179286 depth=10 dec=1 cand_cap=20 cand=51->20 pick(must/bucket/top/rand)=1/6/9/4 sims=776 loop=756 best_avg=-0.313636 best_move=2,3 leader=3 inc2=1 attack_w=0.25
DBG t=99 used=0.016 remain=0.016 turn_time=0.016 end_in=0.015 depth=0 dec=1 cand_cap=20 cand=60->20 pick(must/bucket/top/rand)=1/6/9/4 sims=17968 loop=17948 best_avg=0.00776666 best_move=6,9 leader=3 inc2=0 attack_w=0.25
DBG summary depth_safety_fired=16
Score = 168121
=== CASE 0026.txt ===
DBG hdr N=10 M=3 T=100 U=1 VMAX=1795 TIME_LIMIT=1.94 MAX_CAND=20 UCB_C=0.21
DBG t=0 used=0.02 remain=1.94 turn_time=0.0194 end_in=0.0194 depth=7 dec=0 cand_cap=20 cand=5->5 pick(must/bucket/top/rand)=1/3/1/0 sims=3709 loop=3704 best_avg=-1.28397 best_move=5,4 leader=2 inc2=1 attack_w=0.553181
DBG t=12 used=0.02 remain=1.7 turn_time=0.0193182 end_in=0.0193182 depth=7 dec=0 cand_cap=20 cand=27->20 pick(must/bucket/top/rand)=1/5/10/4 sims=2428 loop=2408 best_avg=-1.19884 best_move=4,6 leader=1 inc2=1 attack_w=0.25
DBG t=24 used=0.02 remain=1.46 turn_time=0.0192105 end_in=0.0192105 depth=7 dec=0 cand_cap=20 cand=55->20 pick(must/bucket/top/rand)=1/6/9/4 sims=2932 loop=2912 best_avg=-1.07774 best_move=8,7 leader=1 inc2=1 attack_w=0.25
DBG t=37 used=0.019 remain=1.191 turn_time=0.0189048 end_in=0.0189048 depth=10 dec=0 cand_cap=20 cand=8->8 pick(must/bucket/top/rand)=1/4/3/0 sims=1476 loop=1468 best_avg=-1.21942 best_move=7,7 leader=1 inc2=1 attack_w=0.25
DBG t=49 used=0.019 remain=0.962 turn_time=0.0188627 end_in=0.0188627 depth=10 dec=0 cand_cap=20 cand=50->20 pick(must/bucket/top/rand)=1/6/9/4 sims=1292 loop=1272 best_avg=-0.796421 best_move=4,8 leader=1 inc2=1 attack_w=0.25
DBG t=61 used=0.019 remain=0.734 turn_time=0.0188205 end_in=0.0188205 depth=10 dec=0 cand_cap=20 cand=62->20 pick(must/bucket/top/rand)=1/6/9/4 sims=1152 loop=1132 best_avg=-0.228213 best_move=9,5 leader=1 inc2=1 attack_w=0.25
DBG t=74 used=0.019 remain=0.487 turn_time=0.0187308 end_in=0.0187308 depth=11 dec=0 cand_cap=20 cand=72->20 pick(must/bucket/top/rand)=1/6/9/4 sims=1016 loop=996 best_avg=0.490364 best_move=0,8 leader=1 inc2=1 attack_w=0.25
DBG t=86 used=0.019 remain=0.259 turn_time=0.0185 end_in=0.0185 depth=11 dec=0 cand_cap=20 cand=76->20 pick(must/bucket/top/rand)=1/6/9/4 sims=972 loop=952 best_avg=0.735994 best_move=1,9 leader=2 inc2=1 attack_w=0.25
DBG t=99 used=0.017 remain=0.017 turn_time=0.017 end_in=0.016 depth=0 dec=1 cand_cap=20 cand=77->20 pick(must/bucket/top/rand)=1/6/9/4 sims=44048 loop=44028 best_avg=1.3376 best_move=8,8 leader=1 inc2=1 attack_w=0.25
DBG summary depth_safety_fired=7
Score = 401514
=== CASE 0025.txt ===
DBG hdr N=10 M=2 T=100 U=2 VMAX=1033 TIME_LIMIT=1.94 MAX_CAND=20 UCB_C=0.21
DBG t=0 used=0.02 remain=1.94 turn_time=0.0194 end_in=0.0194 depth=7 dec=0 cand_cap=20 cand=5->5 pick(must/bucket/top/rand)=1/2/2/0 sims=5661 loop=5656 best_avg=-2.62868 best_move=2,6 leader=1 inc2=1 attack_w=0.308988
DBG t=12 used=0.02 remain=1.7 turn_time=0.0193182 end_in=0.0193182 depth=7 dec=0 cand_cap=20 cand=21->20 pick(must/bucket/top/rand)=1/2/13/4 sims=3624 loop=3604 best_avg=-2.80437 best_move=3,6 leader=1 inc2=1 attack_w=0.25
DBG t=24 used=0.02 remain=1.46 turn_time=0.0192105 end_in=0.0192105 depth=7 dec=0 cand_cap=20 cand=34->20 pick(must/bucket/top/rand)=1/2/13/4 sims=2620 loop=2600 best_avg=-2.9219 best_move=5,8 leader=1 inc2=1 attack_w=0.25
DBG t=37 used=0.019 remain=1.192 turn_time=0.0189206 end_in=0.0189206 depth=10 dec=0 cand_cap=20 cand=51->20 pick(must/bucket/top/rand)=1/5/10/4 sims=1288 loop=1268 best_avg=-2.96224 best_move=2,2 leader=1 inc2=1 attack_w=0.25
DBG t=49 used=0.019 remain=0.964 turn_time=0.018902 end_in=0.018902 depth=10 dec=0 cand_cap=20 cand=55->20 pick(must/bucket/top/rand)=1/4/11/4 sims=1332 loop=1312 best_avg=-2.84208 best_move=6,4 leader=1 inc2=1 attack_w=0.25
DBG t=61 used=0.019 remain=0.736 turn_time=0.0188718 end_in=0.0188718 depth=10 dec=0 cand_cap=20 cand=60->20 pick(must/bucket/top/rand)=1/4/11/4 sims=1256 loop=1236 best_avg=-2.77611 best_move=4,8 leader=1 inc2=1 attack_w=0.25
DBG t=74 used=0.019 remain=0.489 turn_time=0.0188077 end_in=0.0188077 depth=11 dec=0 cand_cap=20 cand=64->20 pick(must/bucket/top/rand)=1/5/10/4 sims=956 loop=936 best_avg=-2.69772 best_move=2,2 leader=1 inc2=1 attack_w=0.25
DBG t=86 used=0.019 remain=0.261 turn_time=0.0186429 end_in=0.0186429 depth=11 dec=0 cand_cap=20 cand=68->20 pick(must/bucket/top/rand)=1/4/11/4 sims=1012 loop=992 best_avg=-2.57716 best_move=7,9 leader=1 inc2=1 attack_w=0.25
DBG t=99 used=0.017 remain=0.017 turn_time=0.017 end_in=0.016 depth=0 dec=1 cand_cap=20 cand=72->20 pick(must/bucket/top/rand)=1/7/8/4 sims=35924 loop=35904 best_avg=-2.48237 best_move=3,2 leader=1 inc2=1 attack_w=0.25
DBG summary depth_safety_fired=5
Score = 156264
=== CASE 0024.txt ===
DBG hdr N=10 M=6 T=100 U=2 VMAX=2351 TIME_LIMIT=1.94 MAX_CAND=20 UCB_C=0.21
DBG t=0 used=0.02 remain=1.94 turn_time=0.0194 end_in=0.0194 depth=7 dec=0 cand_cap=20 cand=3->3 pick(must/bucket/top/rand)=1/2/0/0 sims=2527 loop=2524 best_avg=-1.52642 best_move=0,9 leader=2 inc2=1 attack_w=1
DBG t=12 used=0.02 remain=1.7 turn_time=0.0193182 end_in=0.0193182 depth=7 dec=0 cand_cap=20 cand=8->8 pick(must/bucket/top/rand)=1/2/5/0 sims=1760 loop=1752 best_avg=-1.5899 best_move=6,8 leader=2 inc2=1 attack_w=1
DBG t=24 used=0.02 remain=1.46 turn_time=0.0192105 end_in=0.0192105 depth=7 dec=0 cand_cap=20 cand=21->20 pick(must/bucket/top/rand)=1/6/9/4 sims=1560 loop=1540 best_avg=-1.36637 best_move=7,9 leader=1 inc2=1 attack_w=1
DBG t=37 used=0.019 remain=1.191 turn_time=0.0189048 end_in=0.0189048 depth=10 dec=0 cand_cap=20 cand=28->20 pick(must/bucket/top/rand)=1/7/8/4 sims=940 loop=920 best_avg=-0.876654 best_move=8,5 leader=1 inc2=1 attack_w=1
DBG t=49 used=0.019 remain=0.962 turn_time=0.0188627 end_in=0.0188627 depth=10 dec=0 cand_cap=20 cand=38->20 pick(must/bucket/top/rand)=1/7/8/4 sims=860 loop=840 best_avg=-0.447568 best_move=7,5 leader=1 inc2=1 attack_w=0.463525
DBG t=61 used=0.019 remain=0.734 turn_time=0.0188205 end_in=0.0188205 depth=10 dec=0 cand_cap=20 cand=41->20 pick(must/bucket/top/rand)=1/8/7/4 sims=944 loop=924 best_avg=-0.0611059 best_move=7,5 leader=1 inc2=1 attack_w=0.25
DBG t=74 used=0.019 remain=0.487 turn_time=0.0187308 end_in=0.0187308 depth=11 dec=0 cand_cap=20 cand=39->20 pick(must/bucket/top/rand)=1/8/7/4 sims=948 loop=928 best_avg=-0.0901032 best_move=4,9 leader=4 inc2=1 attack_w=0.25
DBG t=86 used=0.019 remain=0.259 turn_time=0.0185 end_in=0.0185 depth=11 dec=0 cand_cap=20 cand=47->20 pick(must/bucket/top/rand)=1/7/8/4 sims=820 loop=800 best_avg=-0.223454 best_move=8,3 leader=5 inc2=1 attack_w=0.25
DBG t=99 used=0.017 remain=0.017 turn_time=0.017 end_in=0.016 depth=0 dec=1 cand_cap=20 cand=59->20 pick(must/bucket/top/rand)=1/5/10/4 sims=20368 loop=20348 best_avg=0.0806616 best_move=9,3 leader=5 inc2=1 attack_w=0.25
DBG summary depth_safety_fired=7
Score = 155072
=== CASE 0028.txt ===
DBG hdr N=10 M=5 T=100 U=3 VMAX=1872 TIME_LIMIT=1.94 MAX_CAND=20 UCB_C=0.21
DBG t=0 used=0.02 remain=1.94 turn_time=0.0194 end_in=0.0194 depth=7 dec=0 cand_cap=20 cand=3->3 pick(must/bucket/top/rand)=1/2/0/0 sims=3271 loop=3268 best_avg=-1.1136 best_move=0,0 leader=4 inc2=1 attack_w=0.15
DBG t=12 used=0.02 remain=1.7 turn_time=0.0193182 end_in=0.0193182 depth=7 dec=0 cand_cap=20 cand=10->10 pick(must/bucket/top/rand)=1/3/6/0 sims=2262 loop=2252 best_avg=-1.10608 best_move=0,2 leader=1 inc2=0 attack_w=0.922257
DBG t=24 used=0.02 remain=1.46 turn_time=0.0192105 end_in=0.0192105 depth=7 dec=0 cand_cap=20 cand=12->12 pick(must/bucket/top/rand)=1/5/6/0 sims=1888 loop=1876 best_avg=-1.25686 best_move=1,4 leader=1 inc2=1 attack_w=1
DBG t=37 used=0.019 remain=1.182 turn_time=0.0187619 end_in=0.0187619 depth=10 dec=0 cand_cap=20 cand=8->8 pick(must/bucket/top/rand)=1/5/2/0 sims=984 loop=976 best_avg=-1.28718 best_move=1,5 leader=1 inc2=0 attack_w=1
DBG t=49 used=0.019 remain=0.953 turn_time=0.0186863 end_in=0.0186863 depth=10 dec=0 cand_cap=20 cand=9->9 pick(must/bucket/top/rand)=1/5/3/0 sims=1069 loop=1060 best_avg=-1.26261 best_move=3,8 leader=1 inc2=0 attack_w=1
DBG t=61 used=0.019 remain=0.725 turn_time=0.0185897 end_in=0.0185897 depth=10 dec=0 cand_cap=20 cand=26->20 pick(must/bucket/top/rand)=1/8/7/4 sims=1052 loop=1032 best_avg=-0.988981 best_move=7,7 leader=1 inc2=0 attack_w=1
DBG t=74 used=0.019 remain=0.478 turn_time=0.0183846 end_in=0.0183846 depth=11 dec=0 cand_cap=20 cand=36->20 pick(must/bucket/top/rand)=1/8/7/4 sims=1004 loop=984 best_avg=-0.479344 best_move=5,7 leader=1 inc2=0 attack_w=0.25
DBG t=86 used=0.018 remain=0.251 turn_time=0.0179286 end_in=0.0179286 depth=10 dec=1 cand_cap=20 cand=39->20 pick(must/bucket/top/rand)=1/8/7/4 sims=1016 loop=996 best_avg=-0.541346 best_move=9,6 leader=2 inc2=1 attack_w=0.25
DBG t=99 used=0.017 remain=0.017 turn_time=0.017 end_in=0.016 depth=0 dec=1 cand_cap=20 cand=51->20 pick(must/bucket/top/rand)=1/8/7/4 sims=20248 loop=20228 best_avg=-0.337066 best_move=5,2 leader=2 inc2=0 attack_w=0.25
DBG summary depth_safety_fired=15
Score = 134064
=== CASE 0029.txt ===
DBG hdr N=10 M=3 T=100 U=5 VMAX=1023 TIME_LIMIT=1.94 MAX_CAND=20 UCB_C=0.21
DBG t=0 used=0.02 remain=1.94 turn_time=0.0194 end_in=0.0194 depth=7 dec=0 cand_cap=20 cand=5->5 pick(must/bucket/top/rand)=1/2/2/0 sims=4673 loop=4668 best_avg=-1.42657 best_move=5,8 leader=1 inc2=1 attack_w=0.556012
DBG t=12 used=0.02 remain=1.7 turn_time=0.0193182 end_in=0.0193182 depth=7 dec=0 cand_cap=20 cand=24->20 pick(must/bucket/top/rand)=1/8/7/4 sims=2168 loop=2148 best_avg=-1.551 best_move=4,5 leader=1 inc2=1 attack_w=0.592758
DBG t=24 used=0.02 remain=1.46 turn_time=0.0192105 end_in=0.0192105 depth=7 dec=0 cand_cap=20 cand=44->20 pick(must/bucket/top/rand)=1/8/7/4 sims=1764 loop=1744 best_avg=-1.28954 best_move=3,2 leader=1 inc2=1 attack_w=0.25
DBG t=37 used=0.019 remain=1.193 turn_time=0.0189365 end_in=0.0189365 depth=10 dec=0 cand_cap=20 cand=59->20 pick(must/bucket/top/rand)=1/8/7/4 sims=988 loop=968 best_avg=-1.24027 best_move=2,1 leader=1 inc2=1 attack_w=0.25
DBG t=49 used=0.019 remain=0.962 turn_time=0.0188627 end_in=0.0188627 depth=10 dec=0 cand_cap=20 cand=73->20 pick(must/bucket/top/rand)=1/8/7/4 sims=916 loop=896 best_avg=-1.08437 best_move=5,1 leader=2 inc2=1 attack_w=0.25
DBG t=61 used=0.019 remain=0.734 turn_time=0.0188205 end_in=0.0188205 depth=10 dec=0 cand_cap=20 cand=75->20 pick(must/bucket/top/rand)=1/8/7/4 sims=1080 loop=1060 best_avg=-0.882322 best_move=3,1 leader=2 inc2=1 attack_w=0.25
DBG t=74 used=0.019 remain=0.487 turn_time=0.0187308 end_in=0.0187308 depth=11 dec=0 cand_cap=20 cand=11->11 pick(must/bucket/top/rand)=1/6/4/0 sims=1007 loop=996 best_avg=-0.90686 best_move=9,1 leader=2 inc2=1 attack_w=0.25
DBG t=86 used=0.019 remain=0.259 turn_time=0.0185 end_in=0.0185 depth=11 dec=0 cand_cap=20 cand=58->20 pick(must/bucket/top/rand)=1/8/7/4 sims=1008 loop=988 best_avg=-0.9292 best_move=1,5 leader=1 inc2=1 attack_w=0.25
DBG t=99 used=0.017 remain=0.017 turn_time=0.017 end_in=0.016 depth=0 dec=1 cand_cap=20 cand=57->20 pick(must/bucket/top/rand)=1/8/7/4 sims=28636 loop=28616 best_avg=-0.713999 best_move=2,3 leader=1 inc2=1 attack_w=0.25
DBG summary depth_safety_fired=7
Score = 170331
=== CASE 0027.txt ===
DBG hdr N=10 M=5 T=100 U=1 VMAX=1278 TIME_LIMIT=1.94 MAX_CAND=20 UCB_C=0.21
DBG t=0 used=0.02 remain=1.94 turn_time=0.0194 end_in=0.0194 depth=7 dec=0 cand_cap=20 cand=4->4 pick(must/bucket/top/rand)=1/2/1/0 sims=3100 loop=3096 best_avg=-0.303484 best_move=3,9 leader=4 inc2=1 attack_w=1
DBG t=12 used=0.02 remain=1.7 turn_time=0.0193182 end_in=0.0193182 depth=7 dec=0 cand_cap=20 cand=27->20 pick(must/bucket/top/rand)=1/3/12/4 sims=1964 loop=1944 best_avg=-0.447803 best_move=6,6 leader=2 inc2=0 attack_w=0.282512
DBG t=24 used=0.02 remain=1.46 turn_time=0.0192105 end_in=0.0192105 depth=7 dec=0 cand_cap=20 cand=20->20 pick(must/bucket/top/rand)=1/5/10/4 sims=1620 loop=1600 best_avg=-0.332077 best_move=7,1 leader=4 inc2=0 attack_w=0.25
DBG t=37 used=0.019 remain=1.179 turn_time=0.0187143 end_in=0.0187143 depth=10 dec=0 cand_cap=20 cand=43->20 pick(must/bucket/top/rand)=1/6/9/4 sims=884 loop=864 best_avg=-0.29033 best_move=8,5 leader=4 inc2=0 attack_w=0.25
DBG t=49 used=0.019 remain=0.95 turn_time=0.0186275 end_in=0.0186275 depth=10 dec=0 cand_cap=20 cand=52->20 pick(must/bucket/top/rand)=1/3/12/4 sims=840 loop=820 best_avg=-0.248514 best_move=3,4 leader=3 inc2=0 attack_w=0.25
DBG t=61 used=0.019 remain=0.722 turn_time=0.0185128 end_in=0.0185128 depth=10 dec=0 cand_cap=20 cand=59->20 pick(must/bucket/top/rand)=1/6/9/4 sims=748 loop=728 best_avg=0.239775 best_move=3,5 leader=3 inc2=1 attack_w=0.25
DBG t=74 used=0.019 remain=0.475 turn_time=0.0182692 end_in=0.0182692 depth=11 dec=0 cand_cap=20 cand=70->20 pick(must/bucket/top/rand)=1/6/9/4 sims=636 loop=616 best_avg=0.451955 best_move=4,0 leader=4 inc2=1 attack_w=0.25
DBG t=86 used=0.018 remain=0.251 turn_time=0.0179286 end_in=0.0179286 depth=10 dec=1 cand_cap=20 cand=67->20 pick(must/bucket/top/rand)=1/6/9/4 sims=704 loop=684 best_avg=0.616914 best_move=3,7 leader=2 inc2=1 attack_w=0.25
DBG t=99 used=0.017 remain=0.017 turn_time=0.017 end_in=0.016 depth=0 dec=1 cand_cap=20 cand=68->20 pick(must/bucket/top/rand)=1/4/11/4 sims=25240 loop=25220 best_avg=0.863444 best_move=3,1 leader=4 inc2=1 attack_w=0.25
DBG summary depth_safety_fired=19
Score = 259719
=== CASE 0033.txt ===
DBG hdr N=10 M=8 T=100 U=4 VMAX=2465 TIME_LIMIT=1.94 MAX_CAND=20 UCB_C=0.21
DBG t=0 used=0.02 remain=1.94 turn_time=0.0194 end_in=0.0194 depth=7 dec=0 cand_cap=20 cand=4->4 pick(must/bucket/top/rand)=1/2/1/0 sims=2020 loop=2016 best_avg=-1.09909 best_move=7,8 leader=7 inc2=1 attack_w=1
DBG t=12 used=0.02 remain=1.7 turn_time=0.0193182 end_in=0.0193182 depth=7 dec=0 cand_cap=20 cand=26->20 pick(must/bucket/top/rand)=1/6/9/4 sims=1648 loop=1628 best_avg=-0.481101 best_move=6,4 leader=2 inc2=1 attack_w=1
DBG t=24 used=0.02 remain=1.459 turn_time=0.0191974 end_in=0.0191974 depth=7 dec=0 cand_cap=20 cand=11->11 pick(must/bucket/top/rand)=1/6/4/0 sims=1659 loop=1648 best_avg=-0.437087 best_move=7,5 leader=2 inc2=1 attack_w=1
DBG t=37 used=0.02 remain=1.199 turn_time=0.0190317 end_in=0.0190317 depth=10 dec=0 cand_cap=20 cand=15->15 pick(must/bucket/top/rand)=1/3/11/0 sims=1251 loop=1236 best_avg=-0.413942 best_move=7,6 leader=7 inc2=1 attack_w=0.460235
DBG t=49 used=0.019 remain=0.968 turn_time=0.0189804 end_in=0.0189804 depth=10 dec=0 cand_cap=20 cand=32->20 pick(must/bucket/top/rand)=1/6/9/4 sims=1208 loop=1188 best_avg=-0.171838 best_move=5,4 leader=7 inc2=1 attack_w=0.25
DBG t=61 used=0.019 remain=0.74 turn_time=0.0189744 end_in=0.0189744 depth=10 dec=0 cand_cap=20 cand=33->20 pick(must/bucket/top/rand)=1/7/8/4 sims=1160 loop=1140 best_avg=-0.102114 best_move=7,4 leader=7 inc2=1 attack_w=0.25
DBG t=74 used=0.019 remain=0.493 turn_time=0.0189615 end_in=0.0189615 depth=11 dec=0 cand_cap=20 cand=26->20 pick(must/bucket/top/rand)=1/7/8/4 sims=1016 loop=996 best_avg=0.0150362 best_move=4,3 leader=7 inc2=1 attack_w=0.25
DBG t=86 used=0.019 remain=0.265 turn_time=0.0189286 end_in=0.0189286 depth=11 dec=0 cand_cap=20 cand=41->20 pick(must/bucket/top/rand)=1/7/8/4 sims=988 loop=968 best_avg=0.0612255 best_move=5,1 leader=7 inc2=1 attack_w=0.25
DBG t=99 used=0.018 remain=0.018 turn_time=0.018 end_in=0.017 depth=0 dec=0 cand_cap=20 cand=40->20 pick(must/bucket/top/rand)=1/6/9/4 sims=18640 loop=18620 best_avg=0.152403 best_move=6,2 leader=1 inc2=1 attack_w=0.25
DBG summary depth_safety_fired=0
Score = 150141
=== CASE 0030.txt ===
DBG hdr N=10 M=5 T=100 U=2 VMAX=2124 TIME_LIMIT=1.94 MAX_CAND=20 UCB_C=0.21
DBG t=0 used=0.02 remain=1.94 turn_time=0.0194 end_in=0.0194 depth=7 dec=0 cand_cap=20 cand=5->5 pick(must/bucket/top/rand)=1/2/2/0 sims=2933 loop=2928 best_avg=-0.464899 best_move=7,6 leader=3 inc2=0 attack_w=0.735424
DBG t=12 used=0.02 remain=1.7 turn_time=0.0193182 end_in=0.0193182 depth=7 dec=0 cand_cap=20 cand=19->19 pick(must/bucket/top/rand)=1/2/13/3 sims=2135 loop=2116 best_avg=-0.160399 best_move=4,9 leader=2 inc2=1 attack_w=0.25
DBG t=24 used=0.02 remain=1.457 turn_time=0.0191711 end_in=0.0191711 depth=7 dec=0 cand_cap=20 cand=24->20 pick(must/bucket/top/rand)=1/5/10/4 sims=1616 loop=1596 best_avg=-0.399814 best_move=2,9 leader=1 inc2=0 attack_w=0.25
DBG t=37 used=0.02 remain=1.197 turn_time=0.019 end_in=0.019 depth=10 dec=0 cand_cap=20 cand=31->20 pick(must/bucket/top/rand)=1/7/8/4 sims=920 loop=900 best_avg=-0.135059 best_move=8,7 leader=1 inc2=1 attack_w=0.25
DBG t=49 used=0.019 remain=0.968 turn_time=0.0189804 end_in=0.0189804 depth=10 dec=0 cand_cap=20 cand=36->20 pick(must/bucket/top/rand)=1/8/7/4 sims=836 loop=816 best_avg=-0.0611856 best_move=7,5 leader=3 inc2=0 attack_w=0.25
DBG t=61 used=0.019 remain=0.74 turn_time=0.0189744 end_in=0.0189744 depth=10 dec=0 cand_cap=20 cand=51->20 pick(must/bucket/top/rand)=1/8/7/4 sims=1076 loop=1056 best_avg=0.097612 best_move=2,7 leader=2 inc2=1 attack_w=0.25
DBG t=74 used=0.019 remain=0.493 turn_time=0.0189615 end_in=0.0189615 depth=11 dec=0 cand_cap=20 cand=59->20 pick(must/bucket/top/rand)=1/8/7/4 sims=844 loop=824 best_avg=0.17802 best_move=2,7 leader=2 inc2=1 attack_w=0.25
DBG t=86 used=0.019 remain=0.265 turn_time=0.0189286 end_in=0.0189286 depth=11 dec=0 cand_cap=20 cand=9->9 pick(must/bucket/top/rand)=1/2/6/0 sims=869 loop=860 best_avg=0.392115 best_move=1,8 leader=3 inc2=1 attack_w=0.25
DBG t=99 used=0.018 remain=0.018 turn_time=0.018 end_in=0.017 depth=0 dec=0 cand_cap=20 cand=64->20 pick(must/bucket/top/rand)=1/7/8/4 sims=23244 loop=23224 best_avg=0.540471 best_move=0,6 leader=1 inc2=1 attack_w=0.25
DBG summary depth_safety_fired=0
Score = 220102
=== CASE 0031.txt ===
DBG hdr N=10 M=2 T=100 U=3 VMAX=3223 TIME_LIMIT=1.94 MAX_CAND=20 UCB_C=0.21
DBG t=0 used=0.02 remain=1.94 turn_time=0.0194 end_in=0.0194 depth=7 dec=0 cand_cap=20 cand=5->5 pick(must/bucket/top/rand)=1/2/2/0 sims=6465 loop=6460 best_avg=-2.75802 best_move=9,8 leader=1 inc2=1 attack_w=1
DBG t=12 used=0.02 remain=1.7 turn_time=0.0193182 end_in=0.0193182 depth=7 dec=0 cand_cap=20 cand=13->13 pick(must/bucket/top/rand)=1/2/10/0 sims=3677 loop=3664 best_avg=-3.48913 best_move=8,6 leader=1 inc2=1 attack_w=0.839312
DBG t=24 used=0.02 remain=1.457 turn_time=0.0191711 end_in=0.0191711 depth=7 dec=0 cand_cap=20 cand=29->20 pick(must/bucket/top/rand)=1/2/13/4 sims=2640 loop=2620 best_avg=-3.43755 best_move=6,8 leader=1 inc2=1 attack_w=1
DBG t=37 used=0.02 remain=1.197 turn_time=0.019 end_in=0.019 depth=10 dec=0 cand_cap=20 cand=41->20 pick(must/bucket/top/rand)=1/6/9/4 sims=1548 loop=1528 best_avg=-3.32583 best_move=6,5 leader=1 inc2=1 attack_w=0.494203
DBG t=49 used=0.019 remain=0.968 turn_time=0.0189804 end_in=0.0189804 depth=10 dec=0 cand_cap=20 cand=40->20 pick(must/bucket/top/rand)=1/8/7/4 sims=1324 loop=1304 best_avg=-3.10404 best_move=4,2 leader=1 inc2=1 attack_w=0.25
DBG t=61 used=0.019 remain=0.74 turn_time=0.0189744 end_in=0.0189744 depth=10 dec=0 cand_cap=20 cand=52->20 pick(must/bucket/top/rand)=1/8/7/4 sims=1604 loop=1584 best_avg=-2.53361 best_move=3,2 leader=1 inc2=1 attack_w=0.25
DBG t=74 used=0.019 remain=0.493 turn_time=0.0189615 end_in=0.0189615 depth=11 dec=0 cand_cap=20 cand=60->20 pick(must/bucket/top/rand)=1/8/7/4 sims=1300 loop=1280 best_avg=-2.28047 best_move=5,7 leader=1 inc2=1 attack_w=0.25
DBG t=86 used=0.019 remain=0.265 turn_time=0.0189286 end_in=0.0189286 depth=11 dec=0 cand_cap=20 cand=60->20 pick(must/bucket/top/rand)=1/8/7/4 sims=1184 loop=1164 best_avg=-2.02649 best_move=3,5 leader=1 inc2=1 attack_w=0.25
DBG t=99 used=0.018 remain=0.018 turn_time=0.018 end_in=0.017 depth=0 dec=0 cand_cap=20 cand=75->20 pick(must/bucket/top/rand)=1/8/7/4 sims=47488 loop=47468 best_avg=-1.44148 best_move=6,1 leader=1 inc2=1 attack_w=0.25
DBG summary depth_safety_fired=0
Score = 250067
=== CASE 0032.txt ===
DBG hdr N=10 M=3 T=100 U=5 VMAX=1964 TIME_LIMIT=1.94 MAX_CAND=20 UCB_C=0.21
DBG t=0 used=0.02 remain=1.94 turn_time=0.0194 end_in=0.0194 depth=7 dec=0 cand_cap=20 cand=5->5 pick(must/bucket/top/rand)=1/2/2/0 sims=4985 loop=4980 best_avg=-1.76191 best_move=2,1 leader=1 inc2=1 attack_w=1
DBG t=12 used=0.02 remain=1.7 turn_time=0.0193182 end_in=0.0193182 depth=7 dec=0 cand_cap=20 cand=25->20 pick(must/bucket/top/rand)=1/2/13/4 sims=3104 loop=3084 best_avg=-1.22201 best_move=4,5 leader=1 inc2=1 attack_w=0.25
DBG t=24 used=0.02 remain=1.459 turn_time=0.0191974 end_in=0.0191974 depth=7 dec=0 cand_cap=20 cand=37->20 pick(must/bucket/top/rand)=1/5/10/4 sims=2436 loop=2416 best_avg=-1.49415 best_move=1,8 leader=1 inc2=1 attack_w=0.25
DBG t=37 used=0.02 remain=1.199 turn_time=0.0190317 end_in=0.0190317 depth=10 dec=0 cand_cap=20 cand=39->20 pick(must/bucket/top/rand)=1/8/7/4 sims=1420 loop=1400 best_avg=-1.5804 best_move=0,8 leader=1 inc2=1 attack_w=0.25
DBG t=49 used=0.019 remain=0.968 turn_time=0.0189804 end_in=0.0189804 depth=10 dec=0 cand_cap=20 cand=36->20 pick(must/bucket/top/rand)=1/8/7/4 sims=1312 loop=1292 best_avg=-1.62886 best_move=3,5 leader=1 inc2=1 attack_w=0.58521
DBG t=61 used=0.019 remain=0.74 turn_time=0.0189744 end_in=0.0189744 depth=10 dec=0 cand_cap=20 cand=43->20 pick(must/bucket/top/rand)=1/8/7/4 sims=1312 loop=1292 best_avg=-1.67544 best_move=1,6 leader=1 inc2=1 attack_w=0.561657
DBG t=74 used=0.019 remain=0.493 turn_time=0.0189615 end_in=0.0189615 depth=11 dec=0 cand_cap=20 cand=39->20 pick(must/bucket/top/rand)=1/8/7/4 sims=1100 loop=1080 best_avg=-1.81116 best_move=1,7 leader=2 inc2=1 attack_w=0.851381
DBG t=86 used=0.019 remain=0.265 turn_time=0.0189286 end_in=0.0189286 depth=11 dec=0 cand_cap=20 cand=4->4 pick(must/bucket/top/rand)=1/3/0/0 sims=1508 loop=1504 best_avg=-2.08177 best_move=4,6 leader=2 inc2=1 attack_w=1
DBG t=99 used=0.018 remain=0.018 turn_time=0.018 end_in=0.017 depth=0 dec=0 cand_cap=20 cand=10->10 pick(must/bucket/top/rand)=1/6/3/0 sims=25374 loop=25364 best_avg=-1.91165 best_move=2,6 leader=2 inc2=1 attack_w=1
DBG summary depth_safety_fired=0
Score = 83276
=== CASE 0034.txt ===
DBG hdr N=10 M=4 T=100 U=3 VMAX=2224 TIME_LIMIT=1.94 MAX_CAND=20 UCB_C=0.21
DBG t=0 used=0.02 remain=1.94 turn_time=0.0194 end_in=0.0194 depth=7 dec=0 cand_cap=20 cand=5->5 pick(must/bucket/top/rand)=1/2/2/0 sims=3489 loop=3484 best_avg=-1.11496 best_move=8,6 leader=1 inc2=1 attack_w=1
DBG t=12 used=0.02 remain=1.7 turn_time=0.0193182 end_in=0.0193182 depth=7 dec=0 cand_cap=20 cand=14->14 pick(must/bucket/top/rand)=1/2/11/0 sims=2578 loop=2564 best_avg=-1.24951 best_move=8,5 leader=1 inc2=1 attack_w=0.583306
DBG t=24 used=0.02 remain=1.46 turn_time=0.0192105 end_in=0.0192105 depth=7 dec=0 cand_cap=20 cand=34->20 pick(must/bucket/top/rand)=1/6/9/4 sims=1824 loop=1804 best_avg=-1.12386 best_move=4,0 leader=1 inc2=1 attack_w=1
DBG t=37 used=0.02 remain=1.2 turn_time=0.0190476 end_in=0.0190476 depth=10 dec=0 cand_cap=20 cand=32->20 pick(must/bucket/top/rand)=1/8/7/4 sims=1136 loop=1116 best_avg=-1.12554 best_move=8,6 leader=1 inc2=1 attack_w=1
DBG t=49 used=0.019 remain=0.968 turn_time=0.0189804 end_in=0.0189804 depth=10 dec=0 cand_cap=20 cand=30->20 pick(must/bucket/top/rand)=1/8/7/4 sims=1052 loop=1032 best_avg=-1.21343 best_move=8,6 leader=1 inc2=1 attack_w=1
DBG t=61 used=0.019 remain=0.74 turn_time=0.0189744 end_in=0.0189744 depth=10 dec=0 cand_cap=20 cand=29->20 pick(must/bucket/top/rand)=1/8/7/4 sims=1012 loop=992 best_avg=-1.38383 best_move=8,5 leader=1 inc2=1 attack_w=1
DBG t=74 used=0.019 remain=0.493 turn_time=0.0189615 end_in=0.0189615 depth=11 dec=0 cand_cap=20 cand=20->20 pick(must/bucket/top/rand)=1/8/7/4 sims=1024 loop=1004 best_avg=-1.10226 best_move=1,0 leader=1 inc2=1 attack_w=1
DBG t=86 used=0.019 remain=0.265 turn_time=0.0189286 end_in=0.0189286 depth=11 dec=0 cand_cap=20 cand=19->19 pick(must/bucket/top/rand)=1/8/7/3 sims=1047 loop=1028 best_avg=-1.1915 best_move=2,0 leader=1 inc2=1 attack_w=1
DBG t=99 used=0.018 remain=0.018 turn_time=0.018 end_in=0.017 depth=0 dec=0 cand_cap=20 cand=23->20 pick(must/bucket/top/rand)=1/8/7/4 sims=23960 loop=23940 best_avg=-1.31272 best_move=2,0 leader=1 inc2=1 attack_w=1
DBG summary depth_safety_fired=0
Score = 84163
=== CASE 0035.txt ===
DBG hdr N=10 M=6 T=100 U=2 VMAX=1863 TIME_LIMIT=1.94 MAX_CAND=20 UCB_C=0.21
DBG t=0 used=0.02 remain=1.94 turn_time=0.0194 end_in=0.0194 depth=7 dec=0 cand_cap=20 cand=3->3 pick(must/bucket/top/rand)=1/2/0/0 sims=2739 loop=2736 best_avg=-1.65684 best_move=0,2 leader=3 inc2=1 attack_w=1
DBG t=12 used=0.02 remain=1.7 turn_time=0.0193182 end_in=0.0193182 depth=7 dec=0 cand_cap=20 cand=18->18 pick(must/bucket/top/rand)=1/3/12/2 sims=2114 loop=2096 best_avg=-1.068 best_move=6,1 leader=3 inc2=1 attack_w=1
DBG t=24 used=0.02 remain=1.46 turn_time=0.0192105 end_in=0.0192105 depth=7 dec=0 cand_cap=20 cand=30->20 pick(must/bucket/top/rand)=1/6/9/4 sims=1716 loop=1696 best_avg=-0.47887 best_move=9,4 leader=3 inc2=1 attack_w=1
DBG t=37 used=0.02 remain=1.2 turn_time=0.0190476 end_in=0.0190476 depth=10 dec=0 cand_cap=20 cand=38->20 pick(must/bucket/top/rand)=1/7/8/4 sims=1028 loop=1008 best_avg=-0.345853 best_move=6,4 leader=1 inc2=1 attack_w=0.25
DBG t=49 used=0.019 remain=0.968 turn_time=0.0189804 end_in=0.0189804 depth=10 dec=0 cand_cap=20 cand=40->20 pick(must/bucket/top/rand)=1/7/8/4 sims=916 loop=896 best_avg=-0.392715 best_move=8,2 leader=1 inc2=1 attack_w=0.25
DBG t=61 used=0.019 remain=0.74 turn_time=0.0189744 end_in=0.0189744 depth=10 dec=0 cand_cap=20 cand=41->20 pick(must/bucket/top/rand)=1/7/8/4 sims=988 loop=968 best_avg=-0.290181 best_move=6,5 leader=1 inc2=1 attack_w=0.25
DBG t=74 used=0.019 remain=0.493 turn_time=0.0189615 end_in=0.0189615 depth=11 dec=0 cand_cap=20 cand=45->20 pick(must/bucket/top/rand)=1/8/7/4 sims=1048 loop=1028 best_avg=-0.222705 best_move=4,3 leader=1 inc2=1 attack_w=0.25
DBG t=86 used=0.019 remain=0.265 turn_time=0.0189286 end_in=0.0189286 depth=11 dec=0 cand_cap=20 cand=59->20 pick(must/bucket/top/rand)=1/8/7/4 sims=880 loop=860 best_avg=0.0725427 best_move=6,7 leader=1 inc2=1 attack_w=0.25
DBG t=99 used=0.018 remain=0.018 turn_time=0.018 end_in=0.017 depth=0 dec=0 cand_cap=20 cand=53->20 pick(must/bucket/top/rand)=1/8/7/4 sims=32540 loop=32520 best_avg=0.238142 best_move=6,8 leader=2 inc2=1 attack_w=0.25
DBG summary depth_safety_fired=0
Score = 173529
=== CASE 0038.txt ===
DBG hdr N=10 M=6 T=100 U=1 VMAX=2195 TIME_LIMIT=1.94 MAX_CAND=20 UCB_C=0.21
DBG t=0 used=0.02 remain=1.94 turn_time=0.0194 end_in=0.0194 depth=7 dec=0 cand_cap=20 cand=4->4 pick(must/bucket/top/rand)=1/2/1/0 sims=2404 loop=2400 best_avg=-0.869788 best_move=1,3 leader=1 inc2=1 attack_w=1
DBG t=12 used=0.02 remain=1.7 turn_time=0.0193182 end_in=0.0193182 depth=7 dec=0 cand_cap=20 cand=22->20 pick(must/bucket/top/rand)=1/6/9/4 sims=1844 loop=1824 best_avg=-0.452175 best_move=6,1 leader=1 inc2=1 attack_w=0.813068
DBG t=24 used=0.02 remain=1.46 turn_time=0.0192105 end_in=0.0192105 depth=7 dec=0 cand_cap=20 cand=26->20 pick(must/bucket/top/rand)=1/6/9/4 sims=1764 loop=1744 best_avg=-0.0685825 best_move=6,1 leader=1 inc2=1 attack_w=0.25
DBG t=37 used=0.02 remain=1.2 turn_time=0.0190476 end_in=0.0190476 depth=10 dec=0 cand_cap=20 cand=19->19 pick(must/bucket/top/rand)=1/5/10/3 sims=1459 loop=1440 best_avg=-0.039184 best_move=6,3 leader=3 inc2=1 attack_w=0.25
DBG t=49 used=0.019 remain=0.966 turn_time=0.0189412 end_in=0.0189412 depth=10 dec=0 cand_cap=20 cand=23->20 pick(must/bucket/top/rand)=1/4/11/4 sims=1132 loop=1112 best_avg=0.169948 best_move=5,4 leader=3 inc2=1 attack_w=0.25
DBG t=61 used=0.019 remain=0.736 turn_time=0.0188718 end_in=0.0188718 depth=10 dec=0 cand_cap=20 cand=34->20 pick(must/bucket/top/rand)=1/4/11/4 sims=940 loop=920 best_avg=0.354027 best_move=2,5 leader=5 inc2=1 attack_w=0.25
DBG t=74 used=0.019 remain=0.489 turn_time=0.0188077 end_in=0.0188077 depth=11 dec=0 cand_cap=20 cand=70->20 pick(must/bucket/top/rand)=1/6/9/4 sims=688 loop=668 best_avg=0.493319 best_move=2,1 leader=5 inc2=1 attack_w=0.25
DBG t=86 used=0.019 remain=0.261 turn_time=0.0186429 end_in=0.0186429 depth=11 dec=0 cand_cap=20 cand=28->20 pick(must/bucket/top/rand)=1/4/11/4 sims=880 loop=860 best_avg=0.475092 best_move=8,3 leader=2 inc2=1 attack_w=0.25
DBG t=99 used=0.017 remain=0.017 turn_time=0.017 end_in=0.016 depth=0 dec=1 cand_cap=20 cand=74->20 pick(must/bucket/top/rand)=1/6/9/4 sims=28168 loop=28148 best_avg=1.02336 best_move=1,3 leader=3 inc2=1 attack_w=0.25
DBG summary depth_safety_fired=5
Score = 241685
=== CASE 0039.txt ===
DBG hdr N=10 M=7 T=100 U=1 VMAX=1630 TIME_LIMIT=1.94 MAX_CAND=20 UCB_C=0.21
DBG t=0 used=0.02 remain=1.94 turn_time=0.0194 end_in=0.0194 depth=7 dec=0 cand_cap=20 cand=4->4 pick(must/bucket/top/rand)=1/2/1/0 sims=2104 loop=2100 best_avg=-0.999092 best_move=8,1 leader=1 inc2=1 attack_w=1
DBG t=12 used=0.02 remain=1.7 turn_time=0.0193182 end_in=0.0193182 depth=7 dec=0 cand_cap=20 cand=4->4 pick(must/bucket/top/rand)=1/2/1/0 sims=1984 loop=1980 best_avg=-0.633278 best_move=2,2 leader=2 inc2=1 attack_w=1
DBG t=24 used=0.02 remain=1.46 turn_time=0.0192105 end_in=0.0192105 depth=7 dec=0 cand_cap=20 cand=17->17 pick(must/bucket/top/rand)=1/4/11/1 sims=1929 loop=1912 best_avg=-0.318318 best_move=3,4 leader=6 inc2=1 attack_w=0.953924
DBG t=37 used=0.02 remain=1.2 turn_time=0.0190476 end_in=0.0190476 depth=10 dec=0 cand_cap=20 cand=46->20 pick(must/bucket/top/rand)=1/6/9/4 sims=1252 loop=1232 best_avg=0.504168 best_move=4,0 leader=6 inc2=1 attack_w=0.25
DBG t=49 used=0.019 remain=0.964 turn_time=0.018902 end_in=0.018902 depth=10 dec=0 cand_cap=20 cand=55->20 pick(must/bucket/top/rand)=1/6/9/4 sims=820 loop=800 best_avg=0.867785 best_move=7,3 leader=6 inc2=1 attack_w=0.25
DBG t=61 used=0.019 remain=0.735 turn_time=0.0188462 end_in=0.0188462 depth=10 dec=0 cand_cap=20 cand=67->20 pick(must/bucket/top/rand)=1/6/9/4 sims=824 loop=804 best_avg=1.19799 best_move=8,2 leader=6 inc2=1 attack_w=0.25
DBG t=74 used=0.019 remain=0.488 turn_time=0.0187692 end_in=0.0187692 depth=11 dec=0 cand_cap=20 cand=72->20 pick(must/bucket/top/rand)=1/5/10/4 sims=804 loop=784 best_avg=1.42471 best_move=0,4 leader=4 inc2=1 attack_w=0.25
DBG t=86 used=0.019 remain=0.26 turn_time=0.0185714 end_in=0.0185714 depth=11 dec=0 cand_cap=20 cand=77->20 pick(must/bucket/top/rand)=1/6/9/4 sims=712 loop=692 best_avg=1.53215 best_move=2,7 leader=2 inc2=1 attack_w=0.25
DBG t=99 used=0.017 remain=0.017 turn_time=0.017 end_in=0.016 depth=0 dec=1 cand_cap=20 cand=82->20 pick(must/bucket/top/rand)=1/5/10/4 sims=29116 loop=29096 best_avg=1.99087 best_move=2,4 leader=1 inc2=1 attack_w=0.25
DBG summary depth_safety_fired=6
Score = 347368
=== CASE 0036.txt ===
DBG hdr N=10 M=4 T=100 U=4 VMAX=1042 TIME_LIMIT=1.94 MAX_CAND=20 UCB_C=0.21
DBG t=0 used=0.02 remain=1.94 turn_time=0.0194 end_in=0.0194 depth=7 dec=0 cand_cap=20 cand=5->5 pick(must/bucket/top/rand)=1/3/1/0 sims=4097 loop=4092 best_avg=-0.958751 best_move=7,4 leader=2 inc2=1 attack_w=0.308635
DBG t=12 used=0.02 remain=1.7 turn_time=0.0193182 end_in=0.0193182 depth=7 dec=0 cand_cap=20 cand=25->20 pick(must/bucket/top/rand)=1/6/9/4 sims=2448 loop=2428 best_avg=-0.84255 best_move=3,2 leader=1 inc2=1 attack_w=0.319442
DBG t=24 used=0.02 remain=1.46 turn_time=0.0192105 end_in=0.0192105 depth=7 dec=0 cand_cap=20 cand=37->20 pick(must/bucket/top/rand)=1/6/9/4 sims=1944 loop=1924 best_avg=-0.590217 best_move=5,6 leader=1 inc2=1 attack_w=0.25
DBG t=37 used=0.02 remain=1.2 turn_time=0.0190476 end_in=0.0190476 depth=10 dec=0 cand_cap=20 cand=56->20 pick(must/bucket/top/rand)=1/7/8/4 sims=1096 loop=1076 best_avg=-0.491319 best_move=1,2 leader=1 inc2=1 attack_w=0.25
DBG t=49 used=0.019 remain=0.964 turn_time=0.018902 end_in=0.018902 depth=10 dec=0 cand_cap=20 cand=55->20 pick(must/bucket/top/rand)=1/6/9/4 sims=904 loop=884 best_avg=-0.565433 best_move=1,3 leader=1 inc2=1 attack_w=0.25
DBG t=61 used=0.019 remain=0.736 turn_time=0.0188718 end_in=0.0188718 depth=10 dec=0 cand_cap=20 cand=67->20 pick(must/bucket/top/rand)=1/6/9/4 sims=1008 loop=988 best_avg=-0.494645 best_move=2,4 leader=1 inc2=1 attack_w=0.25
DBG t=74 used=0.019 remain=0.489 turn_time=0.0188077 end_in=0.0188077 depth=11 dec=0 cand_cap=20 cand=65->20 pick(must/bucket/top/rand)=1/7/8/4 sims=924 loop=904 best_avg=-0.501913 best_move=1,6 leader=1 inc2=1 attack_w=0.25
DBG t=86 used=0.019 remain=0.261 turn_time=0.0186429 end_in=0.0186429 depth=11 dec=0 cand_cap=20 cand=66->20 pick(must/bucket/top/rand)=1/6/9/4 sims=892 loop=872 best_avg=-0.452419 best_move=5,5 leader=1 inc2=1 attack_w=0.25
DBG t=99 used=0.017 remain=0.017 turn_time=0.017 end_in=0.016 depth=0 dec=1 cand_cap=20 cand=68->20 pick(must/bucket/top/rand)=1/7/8/4 sims=22864 loop=22844 best_avg=-0.349447 best_move=6,3 leader=2 inc2=1 attack_w=0.25
DBG summary depth_safety_fired=5
Score = 158239
=== CASE 0037.txt ===
DBG hdr N=10 M=5 T=100 U=3 VMAX=1977 TIME_LIMIT=1.94 MAX_CAND=20 UCB_C=0.21
DBG t=0 used=0.02 remain=1.94 turn_time=0.0194 end_in=0.0194 depth=7 dec=0 cand_cap=20 cand=5->5 pick(must/bucket/top/rand)=1/2/2/0 sims=3261 loop=3256 best_avg=-1.11169 best_move=8,4 leader=3 inc2=1 attack_w=1
DBG t=12 used=0.02 remain=1.7 turn_time=0.0193182 end_in=0.0193182 depth=7 dec=0 cand_cap=20 cand=17->17 pick(must/bucket/top/rand)=1/2/13/1 sims=1813 loop=1796 best_avg=-0.908618 best_move=6,3 leader=4 inc2=0 attack_w=0.25
DBG t=24 used=0.02 remain=1.46 turn_time=0.0192105 end_in=0.0192105 depth=7 dec=0 cand_cap=20 cand=27->20 pick(must/bucket/top/rand)=1/8/7/4 sims=1640 loop=1620 best_avg=-0.862361 best_move=7,1 leader=4 inc2=1 attack_w=0.519776
DBG t=37 used=0.02 remain=1.2 turn_time=0.0190476 end_in=0.0190476 depth=10 dec=0 cand_cap=20 cand=32->20 pick(must/bucket/top/rand)=1/7/8/4 sims=992 loop=972 best_avg=-0.68244 best_move=8,9 leader=4 inc2=0 attack_w=0.935678
DBG t=49 used=0.019 remain=0.966 turn_time=0.0189412 end_in=0.0189412 depth=10 dec=0 cand_cap=20 cand=27->20 pick(must/bucket/top/rand)=1/7/8/4 sims=1192 loop=1172 best_avg=-0.760819 best_move=5,4 leader=4 inc2=1 attack_w=1
DBG t=61 used=0.019 remain=0.736 turn_time=0.0188718 end_in=0.0188718 depth=10 dec=0 cand_cap=20 cand=35->20 pick(must/bucket/top/rand)=1/5/10/4 sims=1224 loop=1204 best_avg=-0.512014 best_move=6,9 leader=4 inc2=1 attack_w=0.25
DBG t=74 used=0.019 remain=0.489 turn_time=0.0188077 end_in=0.0188077 depth=11 dec=0 cand_cap=20 cand=49->20 pick(must/bucket/top/rand)=1/4/11/4 sims=1004 loop=984 best_avg=-0.415912 best_move=4,6 leader=3 inc2=0 attack_w=0.25
DBG t=86 used=0.019 remain=0.261 turn_time=0.0186429 end_in=0.0186429 depth=11 dec=0 cand_cap=20 cand=53->20 pick(must/bucket/top/rand)=1/4/11/4 sims=896 loop=876 best_avg=-0.114889 best_move=0,9 leader=3 inc2=0 attack_w=0.25
DBG t=99 used=0.017 remain=0.017 turn_time=0.017 end_in=0.016 depth=0 dec=1 cand_cap=20 cand=61->20 pick(must/bucket/top/rand)=1/8/7/4 sims=22784 loop=22764 best_avg=-0.028387 best_move=0,4 leader=3 inc2=1 attack_w=0.25
DBG summary depth_safety_fired=5
Score = 173234
=== CASE 0040.txt ===
DBG hdr N=10 M=3 T=100 U=4 VMAX=1431 TIME_LIMIT=1.94 MAX_CAND=20 UCB_C=0.21
DBG t=0 used=0.02 remain=1.94 turn_time=0.0194 end_in=0.0194 depth=7 dec=0 cand_cap=20 cand=4->4 pick(must/bucket/top/rand)=1/2/1/0 sims=4432 loop=4428 best_avg=-1.35321 best_move=4,0 leader=1 inc2=1 attack_w=0.661628
DBG t=12 used=0.02 remain=1.7 turn_time=0.0193182 end_in=0.0193182 depth=7 dec=0 cand_cap=20 cand=15->15 pick(must/bucket/top/rand)=1/2/12/0 sims=3623 loop=3608 best_avg=-1.40911 best_move=2,2 leader=2 inc2=1 attack_w=0.303902
DBG t=24 used=0.02 remain=1.46 turn_time=0.0192105 end_in=0.0192105 depth=7 dec=0 cand_cap=20 cand=22->20 pick(must/bucket/top/rand)=1/5/10/4 sims=2988 loop=2968 best_avg=-1.16415 best_move=0,4 leader=2 inc2=1 attack_w=0.25
DBG t=37 used=0.02 remain=1.2 turn_time=0.0190476 end_in=0.0190476 depth=10 dec=0 cand_cap=20 cand=26->20 pick(must/bucket/top/rand)=1/6/9/4 sims=1500 loop=1480 best_avg=-1.12981 best_move=5,1 leader=2 inc2=1 attack_w=0.25
DBG t=49 used=0.019 remain=0.965 turn_time=0.0189216 end_in=0.0189216 depth=10 dec=0 cand_cap=20 cand=36->20 pick(must/bucket/top/rand)=1/7/8/4 sims=1196 loop=1176 best_avg=-0.894042 best_move=6,1 leader=2 inc2=1 attack_w=0.25
DBG t=61 used=0.019 remain=0.737 turn_time=0.0188974 end_in=0.0188974 depth=10 dec=0 cand_cap=20 cand=48->20 pick(must/bucket/top/rand)=1/8/7/4 sims=1100 loop=1080 best_avg=-0.963986 best_move=6,1 leader=2 inc2=1 attack_w=0.25
DBG t=74 used=0.019 remain=0.49 turn_time=0.0188462 end_in=0.0188462 depth=11 dec=0 cand_cap=20 cand=55->20 pick(must/bucket/top/rand)=1/8/7/4 sims=980 loop=960 best_avg=-0.789994 best_move=3,5 leader=2 inc2=1 attack_w=0.25
DBG t=86 used=0.019 remain=0.262 turn_time=0.0187143 end_in=0.0187143 depth=11 dec=0 cand_cap=20 cand=56->20 pick(must/bucket/top/rand)=1/8/7/4 sims=912 loop=892 best_avg=-0.637263 best_move=6,0 leader=1 inc2=1 attack_w=0.25
DBG t=99 used=0.017 remain=0.017 turn_time=0.017 end_in=0.016 depth=0 dec=1 cand_cap=20 cand=3->3 pick(must/bucket/top/rand)=1/2/0/0 sims=28411 loop=28408 best_avg=-0.520227 best_move=7,5 leader=2 inc2=1 attack_w=0.25
DBG summary depth_safety_fired=4
Score = 200356
=== CASE 0041.txt ===
DBG hdr N=10 M=8 T=100 U=4 VMAX=1591 TIME_LIMIT=1.94 MAX_CAND=20 UCB_C=0.21
DBG t=0 used=0.02 remain=1.94 turn_time=0.0194 end_in=0.0194 depth=7 dec=0 cand_cap=20 cand=5->5 pick(must/bucket/top/rand)=1/2/2/0 sims=2097 loop=2092 best_avg=-0.607168 best_move=5,7 leader=2 inc2=1 attack_w=1
DBG t=12 used=0.02 remain=1.7 turn_time=0.0193182 end_in=0.0193182 depth=7 dec=0 cand_cap=20 cand=18->18 pick(must/bucket/top/rand)=1/4/11/2 sims=1810 loop=1792 best_avg=-0.427759 best_move=5,5 leader=4 inc2=1 attack_w=0.25
DBG t=24 used=0.02 remain=1.46 turn_time=0.0192105 end_in=0.0192105 depth=7 dec=0 cand_cap=20 cand=20->20 pick(must/bucket/top/rand)=1/6/9/4 sims=1616 loop=1596 best_avg=-0.430947 best_move=5,4 leader=6 inc2=1 attack_w=0.25
DBG t=37 used=0.02 remain=1.2 turn_time=0.0190476 end_in=0.0190476 depth=10 dec=0 cand_cap=20 cand=24->20 pick(must/bucket/top/rand)=1/7/8/4 sims=996 loop=976 best_avg=-0.426973 best_move=6,5 leader=3 inc2=1 attack_w=0.50764
DBG t=49 used=0.019 remain=0.966 turn_time=0.0189412 end_in=0.0189412 depth=10 dec=0 cand_cap=20 cand=25->20 pick(must/bucket/top/rand)=1/6/9/4 sims=840 loop=820 best_avg=-0.533851 best_move=4,8 leader=3 inc2=1 attack_w=0.817077
DBG t=61 used=0.019 remain=0.738 turn_time=0.0189231 end_in=0.0189231 depth=10 dec=0 cand_cap=20 cand=30->20 pick(must/bucket/top/rand)=1/6/9/4 sims=824 loop=804 best_avg=-0.480631 best_move=6,9 leader=3 inc2=1 attack_w=0.911325
DBG t=74 used=0.019 remain=0.491 turn_time=0.0188846 end_in=0.0188846 depth=11 dec=0 cand_cap=20 cand=30->20 pick(must/bucket/top/rand)=1/5/10/4 sims=852 loop=832 best_avg=-0.520909 best_move=7,8 leader=3 inc2=1 attack_w=1
DBG t=86 used=0.019 remain=0.263 turn_time=0.0187857 end_in=0.0187857 depth=11 dec=0 cand_cap=20 cand=34->20 pick(must/bucket/top/rand)=1/6/9/4 sims=920 loop=900 best_avg=-0.479934 best_move=3,6 leader=3 inc2=1 attack_w=1
DBG t=99 used=0.017 remain=0.017 turn_time=0.017 end_in=0.016 depth=0 dec=1 cand_cap=20 cand=35->20 pick(must/bucket/top/rand)=1/6/9/4 sims=14968 loop=14948 best_avg=-0.620595 best_move=5,7 leader=3 inc2=1 attack_w=1
DBG summary depth_safety_fired=2
Score = 89328
=== CASE 0043.txt ===
DBG hdr N=10 M=4 T=100 U=1 VMAX=2001 TIME_LIMIT=1.94 MAX_CAND=20 UCB_C=0.21
DBG t=0 used=0.02 remain=1.94 turn_time=0.0194 end_in=0.0194 depth=7 dec=0 cand_cap=20 cand=4->4 pick(must/bucket/top/rand)=1/2/1/0 sims=3560 loop=3556 best_avg=-1.40663 best_move=0,3 leader=1 inc2=0 attack_w=1
DBG t=12 used=0.02 remain=1.7 turn_time=0.0193182 end_in=0.0193182 depth=7 dec=0 cand_cap=20 cand=20->20 pick(must/bucket/top/rand)=1/4/11/4 sims=2252 loop=2232 best_avg=-1.22791 best_move=3,5 leader=3 inc2=1 attack_w=1
DBG t=24 used=0.02 remain=1.46 turn_time=0.0192105 end_in=0.0192105 depth=7 dec=0 cand_cap=20 cand=21->20 pick(must/bucket/top/rand)=1/6/9/4 sims=1440 loop=1420 best_avg=-1.34882 best_move=3,8 leader=3 inc2=1 attack_w=1
DBG t=37 used=0.019 remain=1.196 turn_time=0.0189841 end_in=0.0189841 depth=10 dec=0 cand_cap=20 cand=48->20 pick(must/bucket/top/rand)=1/5/10/4 sims=1028 loop=1008 best_avg=-0.651781 best_move=7,5 leader=2 inc2=1 attack_w=0.25
DBG t=49 used=0.019 remain=0.965 turn_time=0.0189216 end_in=0.0189216 depth=10 dec=0 cand_cap=20 cand=64->20 pick(must/bucket/top/rand)=1/4/11/4 sims=772 loop=752 best_avg=-0.147217 best_move=7,0 leader=2 inc2=0 attack_w=0.25
DBG t=61 used=0.019 remain=0.737 turn_time=0.0188974 end_in=0.0188974 depth=10 dec=0 cand_cap=20 cand=59->20 pick(must/bucket/top/rand)=1/5/10/4 sims=832 loop=812 best_avg=0.0568305 best_move=4,4 leader=1 inc2=0 attack_w=0.25
DBG t=74 used=0.019 remain=0.49 turn_time=0.0188462 end_in=0.0188462 depth=11 dec=0 cand_cap=20 cand=82->20 pick(must/bucket/top/rand)=1/6/9/4 sims=608 loop=588 best_avg=0.110705 best_move=3,7 leader=1 inc2=1 attack_w=0.25
DBG t=86 used=0.019 remain=0.262 turn_time=0.0187143 end_in=0.0187143 depth=11 dec=0 cand_cap=20 cand=86->20 pick(must/bucket/top/rand)=1/6/9/4 sims=620 loop=600 best_avg=0.306415 best_move=5,5 leader=2 inc2=1 attack_w=0.25
DBG t=99 used=0.015 remain=0.015 turn_time=0.015 end_in=0.014 depth=0 dec=2 cand_cap=20 cand=89->20 pick(must/bucket/top/rand)=1/6/9/4 sims=9440 loop=9420 best_avg=0.567112 best_move=3,5 leader=3 inc2=1 attack_w=0.25
DBG summary depth_safety_fired=4
Score = 246254
=== CASE 0044.txt ===
DBG hdr N=10 M=3 T=100 U=3 VMAX=1508 TIME_LIMIT=1.94 MAX_CAND=20 UCB_C=0.21
DBG t=0 used=0.02 remain=1.94 turn_time=0.0194 end_in=0.0194 depth=7 dec=0 cand_cap=20 cand=3->3 pick(must/bucket/top/rand)=1/2/0/0 sims=4907 loop=4904 best_avg=-1.57715 best_move=7,9 leader=1 inc2=1 attack_w=1
DBG t=12 used=0.02 remain=1.7 turn_time=0.0193182 end_in=0.0193182 depth=7 dec=0 cand_cap=20 cand=12->12 pick(must/bucket/top/rand)=1/4/7/0 sims=3204 loop=3192 best_avg=-1.832 best_move=5,9 leader=1 inc2=1 attack_w=1
DBG t=24 used=0.02 remain=1.46 turn_time=0.0192105 end_in=0.0192105 depth=7 dec=0 cand_cap=20 cand=19->19 pick(must/bucket/top/rand)=1/7/8/3 sims=2019 loop=2000 best_avg=-2.00047 best_move=6,8 leader=1 inc2=1 attack_w=1
DBG t=37 used=0.019 remain=1.196 turn_time=0.0189841 end_in=0.0189841 depth=10 dec=0 cand_cap=20 cand=28->20 pick(must/bucket/top/rand)=1/8/7/4 sims=1308 loop=1288 best_avg=-1.88681 best_move=1,7 leader=1 inc2=1 attack_w=1
DBG t=49 used=0.019 remain=0.967 turn_time=0.0189608 end_in=0.0189608 depth=10 dec=0 cand_cap=20 cand=31->20 pick(must/bucket/top/rand)=1/7/8/4 sims=1256 loop=1236 best_avg=-2.0782 best_move=5,8 leader=1 inc2=1 attack_w=1
DBG t=61 used=0.019 remain=0.739 turn_time=0.0189487 end_in=0.0189487 depth=10 dec=0 cand_cap=20 cand=36->20 pick(must/bucket/top/rand)=1/6/9/4 sims=1104 loop=1084 best_avg=-2.00411 best_move=0,8 leader=1 inc2=1 attack_w=1
DBG t=74 used=0.019 remain=0.492 turn_time=0.0189231 end_in=0.0189231 depth=11 dec=0 cand_cap=20 cand=52->20 pick(must/bucket/top/rand)=1/8/7/4 sims=920 loop=900 best_avg=-1.81986 best_move=3,2 leader=1 inc2=1 attack_w=1
DBG t=86 used=0.019 remain=0.264 turn_time=0.0188571 end_in=0.0188571 depth=11 dec=0 cand_cap=20 cand=58->20 pick(must/bucket/top/rand)=1/7/8/4 sims=968 loop=948 best_avg=-1.53806 best_move=3,1 leader=1 inc2=1 attack_w=0.57066
DBG t=99 used=0.012 remain=0.012 turn_time=0.012 end_in=0.011 depth=0 dec=2 cand_cap=16 cand=62->16 pick(must/bucket/top/rand)=1/8/3/4 sims=6708 loop=6692 best_avg=-1.50167 best_move=5,2 leader=1 inc2=1 attack_w=0.25
DBG summary depth_safety_fired=2
Score = 110251
=== CASE 0042.txt ===
DBG hdr N=10 M=8 T=100 U=5 VMAX=2032 TIME_LIMIT=1.94 MAX_CAND=20 UCB_C=0.21
DBG t=0 used=0.02 remain=1.94 turn_time=0.0194 end_in=0.0194 depth=7 dec=0 cand_cap=20 cand=3->3 pick(must/bucket/top/rand)=1/2/0/0 sims=2159 loop=2156 best_avg=-0.690446 best_move=0,8 leader=5 inc2=1 attack_w=1
DBG t=12 used=0.02 remain=1.7 turn_time=0.0193182 end_in=0.0193182 depth=7 dec=0 cand_cap=20 cand=9->9 pick(must/bucket/top/rand)=1/4/4/0 sims=1537 loop=1528 best_avg=-0.541231 best_move=0,6 leader=1 inc2=1 attack_w=0.622146
DBG t=24 used=0.02 remain=1.46 turn_time=0.0192105 end_in=0.0192105 depth=7 dec=0 cand_cap=20 cand=15->15 pick(must/bucket/top/rand)=1/5/9/0 sims=1055 loop=1040 best_avg=-0.440169 best_move=3,9 leader=1 inc2=1 attack_w=0.348691
DBG t=37 used=0.019 remain=1.196 turn_time=0.0189841 end_in=0.0189841 depth=10 dec=0 cand_cap=20 cand=20->20 pick(must/bucket/top/rand)=1/5/10/4 sims=968 loop=948 best_avg=-0.180326 best_move=1,7 leader=2 inc2=1 attack_w=0.25
DBG t=49 used=0.019 remain=0.966 turn_time=0.0189412 end_in=0.0189412 depth=10 dec=0 cand_cap=20 cand=7->7 pick(must/bucket/top/rand)=1/4/2/0 sims=907 loop=900 best_avg=-0.135622 best_move=2,9 leader=7 inc2=1 attack_w=0.25
DBG t=61 used=0.019 remain=0.738 turn_time=0.0189231 end_in=0.0189231 depth=10 dec=0 cand_cap=20 cand=21->20 pick(must/bucket/top/rand)=1/4/11/4 sims=940 loop=920 best_avg=-0.117856 best_move=3,9 leader=2 inc2=1 attack_w=0.25
DBG t=74 used=0.019 remain=0.491 turn_time=0.0188846 end_in=0.0188846 depth=11 dec=0 cand_cap=20 cand=20->20 pick(must/bucket/top/rand)=1/5/10/4 sims=768 loop=748 best_avg=0.0019892 best_move=1,8 leader=2 inc2=1 attack_w=0.25
DBG t=86 used=0.019 remain=0.263 turn_time=0.0187857 end_in=0.0187857 depth=11 dec=0 cand_cap=20 cand=20->20 pick(must/bucket/top/rand)=1/3/12/4 sims=924 loop=904 best_avg=-0.00686222 best_move=1,8 leader=3 inc2=1 attack_w=0.25
DBG t=99 used=0.012 remain=0.012 turn_time=0.012 end_in=0.011 depth=0 dec=2 cand_cap=16 cand=27->16 pick(must/bucket/top/rand)=1/4/7/4 sims=6708 loop=6692 best_avg=0.09013 best_move=1,4 leader=3 inc2=1 attack_w=0.25
DBG summary depth_safety_fired=2
Score = 144764
=== CASE 0045.txt ===
DBG hdr N=10 M=8 T=100 U=3 VMAX=1509 TIME_LIMIT=1.94 MAX_CAND=20 UCB_C=0.21
DBG t=0 used=0.02 remain=1.94 turn_time=0.0194 end_in=0.0194 depth=7 dec=0 cand_cap=20 cand=4->4 pick(must/bucket/top/rand)=1/2/1/0 sims=2128 loop=2124 best_avg=-0.985669 best_move=2,2 leader=6 inc2=1 attack_w=1
DBG t=12 used=0.02 remain=1.7 turn_time=0.0193182 end_in=0.0193182 depth=7 dec=0 cand_cap=20 cand=15->15 pick(must/bucket/top/rand)=1/4/10/0 sims=1563 loop=1548 best_avg=-0.989157 best_move=2,1 leader=6 inc2=1 attack_w=1
DBG t=24 used=0.02 remain=1.46 turn_time=0.0192105 end_in=0.0192105 depth=7 dec=0 cand_cap=20 cand=18->18 pick(must/bucket/top/rand)=1/5/10/2 sims=1102 loop=1084 best_avg=-0.786102 best_move=0,1 leader=6 inc2=1 attack_w=1
DBG t=37 used=0.02 remain=1.198 turn_time=0.0190159 end_in=0.0190159 depth=10 dec=0 cand_cap=20 cand=22->20 pick(must/bucket/top/rand)=1/4/11/4 sims=1144 loop=1124 best_avg=-0.935397 best_move=0,2 leader=6 inc2=1 attack_w=1
DBG t=49 used=0.019 remain=0.965 turn_time=0.0189216 end_in=0.0189216 depth=10 dec=0 cand_cap=20 cand=18->18 pick(must/bucket/top/rand)=1/5/10/2 sims=918 loop=900 best_avg=-0.653604 best_move=2,0 leader=6 inc2=1 attack_w=1
DBG t=61 used=0.019 remain=0.737 turn_time=0.0188974 end_in=0.0188974 depth=10 dec=0 cand_cap=20 cand=21->20 pick(must/bucket/top/rand)=1/4/11/4 sims=868 loop=848 best_avg=-0.651479 best_move=1,1 leader=6 inc2=1 attack_w=1
DBG t=74 used=0.019 remain=0.49 turn_time=0.0188462 end_in=0.0188462 depth=11 dec=0 cand_cap=20 cand=23->20 pick(must/bucket/top/rand)=1/4/11/4 sims=760 loop=740 best_avg=-0.619116 best_move=3,0 leader=6 inc2=1 attack_w=1
DBG t=86 used=0.019 remain=0.262 turn_time=0.0187143 end_in=0.0187143 depth=11 dec=0 cand_cap=20 cand=29->20 pick(must/bucket/top/rand)=1/3/12/4 sims=780 loop=760 best_avg=-0.375464 best_move=4,1 leader=6 inc2=1 attack_w=0.928363
DBG t=99 used=0.016 remain=0.016 turn_time=0.016 end_in=0.015 depth=0 dec=1 cand_cap=20 cand=30->20 pick(must/bucket/top/rand)=1/1/14/4 sims=5164 loop=5144 best_avg=-0.2648 best_move=5,4 leader=6 inc2=1 attack_w=0.25
DBG summary depth_safety_fired=4
Score = 114417
=== CASE 0046.txt ===
DBG hdr N=10 M=3 T=100 U=2 VMAX=1251 TIME_LIMIT=1.94 MAX_CAND=20 UCB_C=0.21
DBG t=0 used=0.02 remain=1.94 turn_time=0.0194 end_in=0.0194 depth=7 dec=0 cand_cap=20 cand=5->5 pick(must/bucket/top/rand)=1/2/2/0 sims=3657 loop=3652 best_avg=-1.42691 best_move=2,8 leader=2 inc2=1 attack_w=1
DBG t=12 used=0.02 remain=1.7 turn_time=0.0193182 end_in=0.0193182 depth=7 dec=0 cand_cap=20 cand=20->20 pick(must/bucket/top/rand)=1/2/13/4 sims=2456 loop=2436 best_avg=-1.24716 best_move=0,8 leader=1 inc2=1 attack_w=0.25
DBG t=24 used=0.02 remain=1.46 turn_time=0.0192105 end_in=0.0192105 depth=7 dec=0 cand_cap=20 cand=33->20 pick(must/bucket/top/rand)=1/6/9/4 sims=1544 loop=1524 best_avg=-1.0763 best_move=3,5 leader=2 inc2=1 attack_w=0.25
DBG t=37 used=0.019 remain=1.194 turn_time=0.0189524 end_in=0.0189524 depth=10 dec=0 cand_cap=20 cand=13->13 pick(must/bucket/top/rand)=1/8/4/0 sims=1205 loop=1192 best_avg=-1.09827 best_move=5,6 leader=1 inc2=1 attack_w=0.25
DBG t=49 used=0.019 remain=0.95 turn_time=0.0186275 end_in=0.0186275 depth=10 dec=0 cand_cap=20 cand=45->20 pick(must/bucket/top/rand)=1/8/7/4 sims=1000 loop=980 best_avg=-1.04707 best_move=2,9 leader=1 inc2=1 attack_w=0.25
DBG t=61 used=0.019 remain=0.722 turn_time=0.0185128 end_in=0.0185128 depth=10 dec=0 cand_cap=20 cand=15->15 pick(must/bucket/top/rand)=1/6/8/0 sims=1135 loop=1120 best_avg=-0.999584 best_move=6,4 leader=1 inc2=1 attack_w=0.25
DBG t=74 used=0.019 remain=0.475 turn_time=0.0182692 end_in=0.0182692 depth=11 dec=0 cand_cap=20 cand=44->20 pick(must/bucket/top/rand)=1/8/7/4 sims=872 loop=852 best_avg=-0.995785 best_move=5,4 leader=1 inc2=1 attack_w=0.25
DBG t=86 used=0.018 remain=0.251 turn_time=0.0179286 end_in=0.0179286 depth=10 dec=1 cand_cap=20 cand=53->20 pick(must/bucket/top/rand)=1/7/8/4 sims=956 loop=936 best_avg=-0.840741 best_move=6,2 leader=1 inc2=1 attack_w=0.25
DBG t=99 used=0.005 remain=0.005 turn_time=0.005 end_in=0.004 depth=0 dec=6 cand_cap=12 cand=64->12 pick(must/bucket/top/rand)=1/8/1/2 sims=6024 loop=6012 best_avg=-0.811304 best_move=5,2 leader=2 inc2=1 attack_w=0.25
DBG summary depth_safety_fired=19
Score = 163191
=== CASE 0047.txt ===
DBG hdr N=10 M=4 T=100 U=3 VMAX=2265 TIME_LIMIT=1.94 MAX_CAND=20 UCB_C=0.21
DBG t=0 used=0.02 remain=1.94 turn_time=0.0194 end_in=0.0194 depth=7 dec=0 cand_cap=20 cand=5->5 pick(must/bucket/top/rand)=1/2/2/0 sims=3321 loop=3316 best_avg=-1.52901 best_move=2,5 leader=1 inc2=0 attack_w=1
DBG t=12 used=0.02 remain=1.7 turn_time=0.0193182 end_in=0.0193182 depth=7 dec=0 cand_cap=20 cand=22->20 pick(must/bucket/top/rand)=1/6/9/4 sims=2276 loop=2256 best_avg=-1.22006 best_move=7,5 leader=1 inc2=0 attack_w=1
DBG t=24 used=0.02 remain=1.46 turn_time=0.0192105 end_in=0.0192105 depth=7 dec=0 cand_cap=20 cand=21->20 pick(must/bucket/top/rand)=1/7/8/4 sims=1584 loop=1564 best_avg=-1.187 best_move=9,5 leader=1 inc2=1 attack_w=1
DBG t=37 used=0.02 remain=1.2 turn_time=0.0190476 end_in=0.0190476 depth=10 dec=0 cand_cap=20 cand=24->20 pick(must/bucket/top/rand)=1/6/9/4 sims=1472 loop=1452 best_avg=-1.29248 best_move=6,7 leader=1 inc2=1 attack_w=1
DBG t=49 used=0.019 remain=0.961 turn_time=0.0188431 end_in=0.0188431 depth=10 dec=0 cand_cap=20 cand=26->20 pick(must/bucket/top/rand)=1/6/9/4 sims=1336 loop=1316 best_avg=-1.25326 best_move=8,9 leader=1 inc2=1 attack_w=1
DBG t=61 used=0.019 remain=0.733 turn_time=0.0187949 end_in=0.0187949 depth=10 dec=0 cand_cap=20 cand=28->20 pick(must/bucket/top/rand)=1/6/9/4 sims=1100 loop=1080 best_avg=-1.18561 best_move=5,9 leader=1 inc2=1 attack_w=1
DBG t=74 used=0.019 remain=0.486 turn_time=0.0186923 end_in=0.0186923 depth=11 dec=0 cand_cap=20 cand=30->20 pick(must/bucket/top/rand)=1/6/9/4 sims=1000 loop=980 best_avg=-1.07775 best_move=7,9 leader=1 inc2=1 attack_w=0.824344
DBG t=86 used=0.019 remain=0.258 turn_time=0.0184286 end_in=0.0184286 depth=11 dec=0 cand_cap=20 cand=30->20 pick(must/bucket/top/rand)=1/6/9/4 sims=988 loop=968 best_avg=-1.02887 best_move=6,6 leader=1 inc2=1 attack_w=0.574703
DBG t=99 used=0.015 remain=0.015 turn_time=0.015 end_in=0.014 depth=0 dec=2 cand_cap=20 cand=30->20 pick(must/bucket/top/rand)=1/5/10/4 sims=7756 loop=7736 best_avg=-0.982852 best_move=5,5 leader=3 inc2=1 attack_w=0.25
DBG summary depth_safety_fired=8
Score = 106187
=== CASE 0048.txt ===
DBG hdr N=10 M=3 T=100 U=3 VMAX=2106 TIME_LIMIT=1.94 MAX_CAND=20 UCB_C=0.21
DBG t=0 used=0.02 remain=1.94 turn_time=0.0194 end_in=0.0194 depth=7 dec=0 cand_cap=20 cand=5->5 pick(must/bucket/top/rand)=1/2/2/0 sims=3949 loop=3944 best_avg=-1.35332 best_move=6,8 leader=1 inc2=1 attack_w=0.693678
DBG t=12 used=0.02 remain=1.7 turn_time=0.0193182 end_in=0.0193182 depth=7 dec=0 cand_cap=20 cand=4->4 pick(must/bucket/top/rand)=1/3/0/0 sims=3044 loop=3040 best_avg=-1.14667 best_move=5,4 leader=1 inc2=1 attack_w=0.25
DBG t=24 used=0.02 remain=1.46 turn_time=0.0192105 end_in=0.0192105 depth=7 dec=0 cand_cap=20 cand=34->20 pick(must/bucket/top/rand)=1/8/7/4 sims=2532 loop=2512 best_avg=-0.892804 best_move=3,3 leader=1 inc2=1 attack_w=0.25
DBG t=37 used=0.02 remain=1.2 turn_time=0.0190476 end_in=0.0190476 depth=10 dec=0 cand_cap=20 cand=14->14 pick(must/bucket/top/rand)=1/5/8/0 sims=1558 loop=1544 best_avg=-0.749171 best_move=0,2 leader=1 inc2=1 attack_w=0.25
DBG t=49 used=0.019 remain=0.968 turn_time=0.0189804 end_in=0.0189804 depth=10 dec=0 cand_cap=20 cand=60->20 pick(must/bucket/top/rand)=1/8/7/4 sims=1316 loop=1296 best_avg=-0.771052 best_move=6,7 leader=1 inc2=1 attack_w=0.25
DBG t=61 used=0.019 remain=0.74 turn_time=0.0189744 end_in=0.0189744 depth=10 dec=0 cand_cap=20 cand=57->20 pick(must/bucket/top/rand)=1/8/7/4 sims=1392 loop=1372 best_avg=-0.845817 best_move=3,2 leader=2 inc2=1 attack_w=0.25
DBG t=74 used=0.019 remain=0.493 turn_time=0.0189615 end_in=0.0189615 depth=11 dec=0 cand_cap=20 cand=62->20 pick(must/bucket/top/rand)=1/8/7/4 sims=1180 loop=1160 best_avg=-0.695924 best_move=5,4 leader=1 inc2=1 attack_w=0.25
DBG t=86 used=0.019 remain=0.265 turn_time=0.0189286 end_in=0.0189286 depth=11 dec=0 cand_cap=20 cand=64->20 pick(must/bucket/top/rand)=1/8/7/4 sims=1084 loop=1064 best_avg=-0.606952 best_move=1,0 leader=1 inc2=1 attack_w=0.25
DBG t=99 used=0 remain=0 turn_time=0 end_in=-0.001 depth=0 dec=6 cand_cap=12 cand=68->12 pick(must/bucket/top/rand)=1/8/1/2 sims=12 loop=0 best_avg=-0.453847 best_move=1,7 leader=1 inc2=1 attack_w=0.25
DBG summary depth_safety_fired=4
Score = 202825
=== CASE 0049.txt ===
DBG hdr N=10 M=3 T=100 U=4 VMAX=1541 TIME_LIMIT=1.94 MAX_CAND=20 UCB_C=0.21
DBG t=0 used=0.02 remain=1.94 turn_time=0.0194 end_in=0.0194 depth=7 dec=0 cand_cap=20 cand=5->5 pick(must/bucket/top/rand)=1/2/2/0 sims=3745 loop=3740 best_avg=-1.20434 best_move=5,6 leader=2 inc2=1 attack_w=0.15
DBG t=12 used=0.02 remain=1.7 turn_time=0.0193182 end_in=0.0193182 depth=7 dec=0 cand_cap=20 cand=15->15 pick(must/bucket/top/rand)=1/4/10/0 sims=3235 loop=3220 best_avg=-1.38504 best_move=4,5 leader=2 inc2=1 attack_w=0.25
DBG t=24 used=0.02 remain=1.46 turn_time=0.0192105 end_in=0.0192105 depth=7 dec=0 cand_cap=20 cand=22->20 pick(must/bucket/top/rand)=1/5/10/4 sims=2560 loop=2540 best_avg=-1.32859 best_move=5,6 leader=1 inc2=1 attack_w=0.25
DBG t=37 used=0.02 remain=1.2 turn_time=0.0190476 end_in=0.0190476 depth=10 dec=0 cand_cap=20 cand=25->20 pick(must/bucket/top/rand)=1/6/9/4 sims=1608 loop=1588 best_avg=-1.634 best_move=3,6 leader=2 inc2=1 attack_w=0.656217
DBG t=49 used=0.019 remain=0.968 turn_time=0.0189804 end_in=0.0189804 depth=10 dec=0 cand_cap=20 cand=26->20 pick(must/bucket/top/rand)=1/4/11/4 sims=1656 loop=1636 best_avg=-1.56971 best_move=4,5 leader=2 inc2=1 attack_w=0.72798
DBG t=61 used=0.019 remain=0.74 turn_time=0.0189744 end_in=0.0189744 depth=10 dec=0 cand_cap=20 cand=32->20 pick(must/bucket/top/rand)=1/7/8/4 sims=1860 loop=1840 best_avg=-1.55773 best_move=3,6 leader=2 inc2=1 attack_w=0.25
DBG t=74 used=0.019 remain=0.493 turn_time=0.0189615 end_in=0.0189615 depth=11 dec=0 cand_cap=20 cand=28->20 pick(must/bucket/top/rand)=1/5/10/4 sims=1416 loop=1396 best_avg=-1.67515 best_move=3,6 leader=2 inc2=1 attack_w=0.48145
DBG t=86 used=0.019 remain=0.265 turn_time=0.0189286 end_in=0.0189286 depth=11 dec=0 cand_cap=20 cand=4->4 pick(must/bucket/top/rand)=1/2/1/0 sims=1600 loop=1596 best_avg=-1.65085 best_move=2,6 leader=2 inc2=1 attack_w=0.645959
DBG t=99 used=0 remain=0 turn_time=0 end_in=-0.002 depth=0 dec=6 cand_cap=12 cand=38->12 pick(must/bucket/top/rand)=1/8/1/2 sims=12 loop=0 best_avg=-1.8682 best_move=5,6 leader=2 inc2=1 attack_w=1
DBG summary depth_safety_fired=4
Score = 82486
=== CASE 0050.txt ===
DBG hdr N=10 M=3 T=100 U=2 VMAX=1379 TIME_LIMIT=1.94 MAX_CAND=20 UCB_C=0.21
DBG t=0 used=0.02 remain=1.94 turn_time=0.0194 end_in=0.0194 depth=7 dec=0 cand_cap=20 cand=4->4 pick(must/bucket/top/rand)=1/2/1/0 sims=4220 loop=4216 best_avg=-1.49463 best_move=2,9 leader=1 inc2=1 attack_w=0.184006
DBG t=12 used=0.02 remain=1.7 turn_time=0.0193182 end_in=0.0193182 depth=7 dec=0 cand_cap=20 cand=21->20 pick(must/bucket/top/rand)=1/3/12/4 sims=2940 loop=2920 best_avg=-0.925947 best_move=1,6 leader=2 inc2=1 attack_w=0.25
DBG t=24 used=0.02 remain=1.46 turn_time=0.0192105 end_in=0.0192105 depth=7 dec=0 cand_cap=20 cand=9->9 pick(must/bucket/top/rand)=1/7/1/0 sims=3481 loop=3472 best_avg=-0.735625 best_move=5,0 leader=2 inc2=1 attack_w=0.25
DBG t=37 used=0.02 remain=1.2 turn_time=0.0190476 end_in=0.0190476 depth=10 dec=0 cand_cap=20 cand=20->20 pick(must/bucket/top/rand)=1/7/8/4 sims=1848 loop=1828 best_avg=-0.293463 best_move=3,1 leader=2 inc2=1 attack_w=0.25
DBG t=49 used=0.019 remain=0.968 turn_time=0.0189804 end_in=0.0189804 depth=10 dec=0 cand_cap=20 cand=49->20 pick(must/bucket/top/rand)=1/8/7/4 sims=1384 loop=1364 best_avg=0.109051 best_move=2,5 leader=2 inc2=1 attack_w=0.25
DBG t=61 used=0.019 remain=0.74 turn_time=0.0189744 end_in=0.0189744 depth=10 dec=0 cand_cap=20 cand=55->20 pick(must/bucket/top/rand)=1/8/7/4 sims=1356 loop=1336 best_avg=0.193605 best_move=5,4 leader=2 inc2=1 attack_w=0.25
DBG t=74 used=0.019 remain=0.493 turn_time=0.0189615 end_in=0.0189615 depth=11 dec=0 cand_cap=20 cand=59->20 pick(must/bucket/top/rand)=1/8/7/4 sims=1148 loop=1128 best_avg=0.357905 best_move=5,4 leader=1 inc2=1 attack_w=0.25
DBG t=86 used=0.019 remain=0.265 turn_time=0.0189286 end_in=0.0189286 depth=11 dec=0 cand_cap=20 cand=58->20 pick(must/bucket/top/rand)=1/8/7/4 sims=1128 loop=1108 best_avg=0.276241 best_move=3,3 leader=2 inc2=1 attack_w=0.25
DBG t=99 used=0 remain=0 turn_time=0 end_in=-0.002 depth=0 dec=6 cand_cap=12 cand=61->12 pick(must/bucket/top/rand)=1/8/1/2 sims=12 loop=0 best_avg=0.684483 best_move=2,4 leader=1 inc2=1 attack_w=0.25
DBG summary depth_safety_fired=4
Score = 285559
=== CASE 0053.txt ===
DBG hdr N=10 M=3 T=100 U=5 VMAX=1960 TIME_LIMIT=1.94 MAX_CAND=20 UCB_C=0.21
DBG t=0 used=0.02 remain=1.94 turn_time=0.0194 end_in=0.0194 depth=7 dec=0 cand_cap=20 cand=5->5 pick(must/bucket/top/rand)=1/2/2/0 sims=3977 loop=3972 best_avg=-1.35138 best_move=6,6 leader=2 inc2=1 attack_w=0.220761
DBG t=12 used=0.02 remain=1.7 turn_time=0.0193182 end_in=0.0193182 depth=7 dec=0 cand_cap=20 cand=21->20 pick(must/bucket/top/rand)=1/4/11/4 sims=2660 loop=2640 best_avg=-1.14809 best_move=3,6 leader=2 inc2=1 attack_w=0.25
DBG t=24 used=0.02 remain=1.46 turn_time=0.0192105 end_in=0.0192105 depth=7 dec=0 cand_cap=20 cand=28->20 pick(must/bucket/top/rand)=1/6/9/4 sims=2264 loop=2244 best_avg=-1.12816 best_move=3,5 leader=2 inc2=1 attack_w=0.25
DBG t=37 used=0.02 remain=1.2 turn_time=0.0190476 end_in=0.0190476 depth=10 dec=0 cand_cap=20 cand=36->20 pick(must/bucket/top/rand)=1/7/8/4 sims=1528 loop=1508 best_avg=-1.14852 best_move=2,4 leader=1 inc2=1 attack_w=0.25
DBG t=49 used=0.019 remain=0.968 turn_time=0.0189804 end_in=0.0189804 depth=10 dec=0 cand_cap=20 cand=42->20 pick(must/bucket/top/rand)=1/8/7/4 sims=1444 loop=1424 best_avg=-1.11456 best_move=3,8 leader=2 inc2=1 attack_w=0.25
DBG t=61 used=0.019 remain=0.74 turn_time=0.0189744 end_in=0.0189744 depth=10 dec=0 cand_cap=20 cand=54->20 pick(must/bucket/top/rand)=1/8/7/4 sims=1256 loop=1236 best_avg=-1.19891 best_move=2,5 leader=1 inc2=1 attack_w=0.25
DBG t=74 used=0.019 remain=0.493 turn_time=0.0189615 end_in=0.0189615 depth=11 dec=0 cand_cap=20 cand=52->20 pick(must/bucket/top/rand)=1/8/7/4 sims=1044 loop=1024 best_avg=-1.17931 best_move=8,3 leader=1 inc2=1 attack_w=0.25
DBG t=86 used=0.019 remain=0.265 turn_time=0.0189286 end_in=0.0189286 depth=11 dec=0 cand_cap=20 cand=62->20 pick(must/bucket/top/rand)=1/8/7/4 sims=1088 loop=1068 best_avg=-1.20458 best_move=4,5 leader=1 inc2=1 attack_w=0.25
DBG t=99 used=0 remain=0 turn_time=0 end_in=-0.002 depth=0 dec=6 cand_cap=12 cand=61->12 pick(must/bucket/top/rand)=1/8/1/2 sims=12 loop=0 best_avg=-1.10857 best_move=1,4 leader=1 inc2=1 attack_w=0.25
DBG summary depth_safety_fired=4
Score = 142453
=== CASE 0051.txt ===
DBG hdr N=10 M=8 T=100 U=1 VMAX=1078 TIME_LIMIT=1.94 MAX_CAND=20 UCB_C=0.21
DBG t=0 used=0.02 remain=1.94 turn_time=0.0194 end_in=0.0194 depth=7 dec=0 cand_cap=20 cand=5->5 pick(must/bucket/top/rand)=1/2/2/0 sims=1633 loop=1628 best_avg=-0.444209 best_move=7,2 leader=6 inc2=1 attack_w=1
DBG t=12 used=0.02 remain=1.7 turn_time=0.0193182 end_in=0.0193182 depth=7 dec=0 cand_cap=20 cand=23->20 pick(must/bucket/top/rand)=1/5/10/4 sims=1464 loop=1444 best_avg=-0.156065 best_move=8,0 leader=2 inc2=1 attack_w=0.401052
DBG t=24 used=0.02 remain=1.46 turn_time=0.0192105 end_in=0.0192105 depth=7 dec=0 cand_cap=20 cand=29->20 pick(must/bucket/top/rand)=1/4/11/4 sims=1128 loop=1108 best_avg=-0.313455 best_move=9,3 leader=6 inc2=1 attack_w=0.662295
DBG t=37 used=0.02 remain=1.2 turn_time=0.0190476 end_in=0.0190476 depth=10 dec=0 cand_cap=20 cand=36->20 pick(must/bucket/top/rand)=1/4/11/4 sims=796 loop=776 best_avg=0.129309 best_move=7,4 leader=6 inc2=1 attack_w=0.25
DBG t=49 used=0.019 remain=0.968 turn_time=0.0189804 end_in=0.0189804 depth=10 dec=0 cand_cap=20 cand=44->20 pick(must/bucket/top/rand)=1/5/10/4 sims=696 loop=676 best_avg=0.52515 best_move=9,8 leader=3 inc2=1 attack_w=0.25
DBG t=61 used=0.019 remain=0.74 turn_time=0.0189744 end_in=0.0189744 depth=10 dec=0 cand_cap=20 cand=25->20 pick(must/bucket/top/rand)=1/4/11/4 sims=704 loop=684 best_avg=0.507331 best_move=8,5 leader=4 inc2=1 attack_w=0.25
DBG t=74 used=0.019 remain=0.493 turn_time=0.0189615 end_in=0.0189615 depth=11 dec=0 cand_cap=20 cand=61->20 pick(must/bucket/top/rand)=1/5/10/4 sims=568 loop=548 best_avg=0.798463 best_move=1,0 leader=5 inc2=1 attack_w=0.25
DBG t=86 used=0.019 remain=0.265 turn_time=0.0189286 end_in=0.0189286 depth=11 dec=0 cand_cap=20 cand=61->20 pick(must/bucket/top/rand)=1/3/12/4 sims=620 loop=600 best_avg=1.11095 best_move=2,2 leader=5 inc2=1 attack_w=0.25
DBG t=99 used=0 remain=0 turn_time=0 end_in=-0.012 depth=0 dec=6 cand_cap=12 cand=70->12 pick(must/bucket/top/rand)=1/5/4/2 sims=12 loop=0 best_avg=1.71052 best_move=4,4 leader=3 inc2=1 attack_w=0.25
DBG summary depth_safety_fired=4
Score = 297621
=== CASE 0052.txt ===
DBG hdr N=10 M=5 T=100 U=4 VMAX=1301 TIME_LIMIT=1.94 MAX_CAND=20 UCB_C=0.21
DBG t=0 used=0.02 remain=1.94 turn_time=0.0194 end_in=0.0194 depth=7 dec=0 cand_cap=20 cand=4->4 pick(must/bucket/top/rand)=1/2/1/0 sims=2604 loop=2600 best_avg=-0.753915 best_move=1,5 leader=3 inc2=0 attack_w=1
DBG t=12 used=0.02 remain=1.7 turn_time=0.0193182 end_in=0.0193182 depth=7 dec=0 cand_cap=20 cand=14->14 pick(must/bucket/top/rand)=1/7/6/0 sims=2098 loop=2084 best_avg=-0.736544 best_move=4,3 leader=4 inc2=1 attack_w=0.628248
DBG t=24 used=0.02 remain=1.46 turn_time=0.0192105 end_in=0.0192105 depth=7 dec=0 cand_cap=20 cand=13->13 pick(must/bucket/top/rand)=1/4/8/0 sims=2429 loop=2416 best_avg=-0.964808 best_move=3,3 leader=2 inc2=0 attack_w=0.957694
DBG t=37 used=0.02 remain=1.2 turn_time=0.0190476 end_in=0.0190476 depth=10 dec=0 cand_cap=20 cand=24->20 pick(must/bucket/top/rand)=1/4/11/4 sims=1396 loop=1376 best_avg=-0.520261 best_move=6,4 leader=3 inc2=1 attack_w=0.25
DBG t=49 used=0.019 remain=0.968 turn_time=0.0189804 end_in=0.0189804 depth=10 dec=0 cand_cap=20 cand=36->20 pick(must/bucket/top/rand)=1/4/11/4 sims=1252 loop=1232 best_avg=-0.495231 best_move=8,0 leader=3 inc2=0 attack_w=0.25
DBG t=61 used=0.019 remain=0.74 turn_time=0.0189744 end_in=0.0189744 depth=10 dec=0 cand_cap=20 cand=44->20 pick(must/bucket/top/rand)=1/8/7/4 sims=1172 loop=1152 best_avg=-0.514113 best_move=9,7 leader=3 inc2=0 attack_w=0.25
DBG t=74 used=0.019 remain=0.493 turn_time=0.0189615 end_in=0.0189615 depth=11 dec=0 cand_cap=20 cand=60->20 pick(must/bucket/top/rand)=1/8/7/4 sims=1016 loop=996 best_avg=-0.39822 best_move=9,6 leader=3 inc2=0 attack_w=0.25
DBG t=86 used=0.019 remain=0.265 turn_time=0.0189286 end_in=0.0189286 depth=11 dec=0 cand_cap=20 cand=67->20 pick(must/bucket/top/rand)=1/7/8/4 sims=948 loop=928 best_avg=-0.0966124 best_move=4,5 leader=3 inc2=0 attack_w=0.25
DBG t=99 used=0 remain=0 turn_time=0 end_in=-0.011 depth=0 dec=6 cand_cap=12 cand=70->12 pick(must/bucket/top/rand)=1/6/3/2 sims=12 loop=0 best_avg=0.059762 best_move=4,5 leader=3 inc2=0 attack_w=0.25
DBG summary depth_safety_fired=4
Score = 175994
=== CASE 0054.txt ===
DBG hdr N=10 M=4 T=100 U=1 VMAX=1783 TIME_LIMIT=1.94 MAX_CAND=20 UCB_C=0.21
DBG t=0 used=0.02 remain=1.94 turn_time=0.0194 end_in=0.0194 depth=7 dec=0 cand_cap=20 cand=3->3 pick(must/bucket/top/rand)=1/2/0/0 sims=3211 loop=3208 best_avg=-1.21761 best_move=4,0 leader=3 inc2=1 attack_w=0.883333
DBG t=12 used=0.02 remain=1.7 turn_time=0.0193182 end_in=0.0193182 depth=7 dec=0 cand_cap=20 cand=4->4 pick(must/bucket/top/rand)=1/3/0/0 sims=1836 loop=1832 best_avg=-1.13331 best_move=6,2 leader=2 inc2=1 attack_w=1
DBG t=24 used=0.02 remain=1.458 turn_time=0.0191842 end_in=0.0191842 depth=7 dec=0 cand_cap=20 cand=33->20 pick(must/bucket/top/rand)=1/2/13/4 sims=2092 loop=2072 best_avg=-0.459661 best_move=1,3 leader=2 inc2=0 attack_w=0.352421
DBG t=37 used=0.02 remain=1.198 turn_time=0.0190159 end_in=0.0190159 depth=10 dec=0 cand_cap=20 cand=52->20 pick(must/bucket/top/rand)=1/6/9/4 sims=1436 loop=1416 best_avg=0.0161724 best_move=2,8 leader=2 inc2=0 attack_w=0.25
DBG t=49 used=0.019 remain=0.968 turn_time=0.0189804 end_in=0.0189804 depth=10 dec=0 cand_cap=20 cand=21->20 pick(must/bucket/top/rand)=1/6/9/4 sims=1396 loop=1376 best_avg=0.243498 best_move=8,9 leader=2 inc2=0 attack_w=0.25
DBG t=61 used=0.019 remain=0.74 turn_time=0.0189744 end_in=0.0189744 depth=10 dec=0 cand_cap=20 cand=40->20 pick(must/bucket/top/rand)=1/5/10/4 sims=1024 loop=1004 best_avg=0.425489 best_move=6,4 leader=2 inc2=1 attack_w=0.25
DBG t=74 used=0.019 remain=0.493 turn_time=0.0189615 end_in=0.0189615 depth=11 dec=0 cand_cap=20 cand=50->20 pick(must/bucket/top/rand)=1/6/9/4 sims=776 loop=756 best_avg=0.666212 best_move=1,3 leader=1 inc2=0 attack_w=0.25
DBG t=86 used=0.019 remain=0.265 turn_time=0.0189286 end_in=0.0189286 depth=11 dec=0 cand_cap=20 cand=89->20 pick(must/bucket/top/rand)=1/6/9/4 sims=708 loop=688 best_avg=0.999851 best_move=5,7 leader=1 inc2=1 attack_w=0.25
DBG t=99 used=0.018 remain=0.018 turn_time=0.018 end_in=0.017 depth=0 dec=0 cand_cap=20 cand=91->20 pick(must/bucket/top/rand)=1/5/10/4 sims=35048 loop=35028 best_avg=1.59287 best_move=0,4 leader=3 inc2=0 attack_w=0.25
DBG summary depth_safety_fired=0
Score = 348328
=== CASE 0055.txt ===
DBG hdr N=10 M=8 T=100 U=2 VMAX=1735 TIME_LIMIT=1.94 MAX_CAND=20 UCB_C=0.21
DBG t=0 used=0.02 remain=1.94 turn_time=0.0194 end_in=0.0194 depth=7 dec=0 cand_cap=20 cand=4->4 pick(must/bucket/top/rand)=1/2/1/0 sims=1880 loop=1876 best_avg=-0.904524 best_move=0,4 leader=2 inc2=1 attack_w=1
DBG t=12 used=0.02 remain=1.7 turn_time=0.0193182 end_in=0.0193182 depth=7 dec=0 cand_cap=20 cand=20->20 pick(must/bucket/top/rand)=1/4/11/4 sims=1248 loop=1228 best_avg=-0.2721 best_move=4,0 leader=6 inc2=1 attack_w=0.25
DBG t=24 used=0.02 remain=1.46 turn_time=0.0192105 end_in=0.0192105 depth=7 dec=0 cand_cap=20 cand=31->20 pick(must/bucket/top/rand)=1/5/10/4 sims=1260 loop=1240 best_avg=-0.0520042 best_move=1,7 leader=4 inc2=1 attack_w=0.25
DBG t=37 used=0.02 remain=1.2 turn_time=0.0190476 end_in=0.0190476 depth=10 dec=0 cand_cap=20 cand=37->20 pick(must/bucket/top/rand)=1/8/7/4 sims=900 loop=880 best_avg=0.14913 best_move=4,1 leader=4 inc2=1 attack_w=0.25
DBG t=49 used=0.019 remain=0.968 turn_time=0.0189804 end_in=0.0189804 depth=10 dec=0 cand_cap=20 cand=45->20 pick(must/bucket/top/rand)=1/8/7/4 sims=848 loop=828 best_avg=0.36948 best_move=2,5 leader=7 inc2=1 attack_w=0.25
DBG t=61 used=0.019 remain=0.74 turn_time=0.0189744 end_in=0.0189744 depth=10 dec=0 cand_cap=20 cand=58->20 pick(must/bucket/top/rand)=1/8/7/4 sims=772 loop=752 best_avg=0.36561 best_move=7,6 leader=7 inc2=1 attack_w=0.25
DBG t=74 used=0.019 remain=0.493 turn_time=0.0189615 end_in=0.0189615 depth=11 dec=0 cand_cap=20 cand=66->20 pick(must/bucket/top/rand)=1/8/7/4 sims=680 loop=660 best_avg=0.510654 best_move=7,8 leader=4 inc2=1 attack_w=0.25
DBG t=86 used=0.019 remain=0.265 turn_time=0.0189286 end_in=0.0189286 depth=11 dec=0 cand_cap=20 cand=71->20 pick(must/bucket/top/rand)=1/8/7/4 sims=620 loop=600 best_avg=0.647776 best_move=5,8 leader=4 inc2=1 attack_w=0.25
DBG t=99 used=0.018 remain=0.018 turn_time=0.018 end_in=0.017 depth=0 dec=0 cand_cap=20 cand=14->14 pick(must/bucket/top/rand)=1/5/8/0 sims=17630 loop=17616 best_avg=0.853128 best_move=7,5 leader=4 inc2=1 attack_w=0.25
DBG summary depth_safety_fired=0
Score = 216827
=== CASE 0057.txt ===
DBG hdr N=10 M=7 T=100 U=4 VMAX=1762 TIME_LIMIT=1.94 MAX_CAND=20 UCB_C=0.21
DBG t=0 used=0.02 remain=1.94 turn_time=0.0194 end_in=0.0194 depth=7 dec=0 cand_cap=20 cand=5->5 pick(must/bucket/top/rand)=1/2/2/0 sims=2061 loop=2056 best_avg=-1.07526 best_move=1,5 leader=4 inc2=1 attack_w=1
DBG t=12 used=0.02 remain=1.7 turn_time=0.0193182 end_in=0.0193182 depth=7 dec=0 cand_cap=20 cand=22->20 pick(must/bucket/top/rand)=1/5/10/4 sims=1644 loop=1624 best_avg=-0.772738 best_move=5,3 leader=4 inc2=1 attack_w=1
DBG t=24 used=0.02 remain=1.46 turn_time=0.0192105 end_in=0.0192105 depth=7 dec=0 cand_cap=20 cand=10->10 pick(must/bucket/top/rand)=1/6/3/0 sims=1810 loop=1800 best_avg=-0.280016 best_move=5,0 leader=3 inc2=1 attack_w=0.25
DBG t=37 used=0.02 remain=1.2 turn_time=0.0190476 end_in=0.0190476 depth=10 dec=0 cand_cap=20 cand=9->9 pick(must/bucket/top/rand)=1/5/3/0 sims=1249 loop=1240 best_avg=-0.349036 best_move=7,0 leader=3 inc2=1 attack_w=0.415171
DBG t=49 used=0.019 remain=0.968 turn_time=0.0189804 end_in=0.0189804 depth=10 dec=0 cand_cap=20 cand=17->17 pick(must/bucket/top/rand)=1/6/9/1 sims=1105 loop=1088 best_avg=-0.360437 best_move=5,0 leader=1 inc2=1 attack_w=0.540206
DBG t=61 used=0.019 remain=0.74 turn_time=0.0189744 end_in=0.0189744 depth=10 dec=0 cand_cap=20 cand=23->20 pick(must/bucket/top/rand)=1/6/9/4 sims=1136 loop=1116 best_avg=-0.4629 best_move=6,4 leader=1 inc2=1 attack_w=0.3711
DBG t=74 used=0.019 remain=0.493 turn_time=0.0189615 end_in=0.0189615 depth=11 dec=0 cand_cap=20 cand=5->5 pick(must/bucket/top/rand)=1/1/3/0 sims=1125 loop=1120 best_avg=-0.0196816 best_move=4,4 leader=3 inc2=1 attack_w=0.25
DBG t=86 used=0.019 remain=0.265 turn_time=0.0189286 end_in=0.0189286 depth=11 dec=0 cand_cap=20 cand=8->8 pick(must/bucket/top/rand)=1/3/4/0 sims=1024 loop=1016 best_avg=-0.151885 best_move=5,5 leader=3 inc2=1 attack_w=0.25
DBG t=99 used=0.018 remain=0.018 turn_time=0.018 end_in=0.017 depth=0 dec=0 cand_cap=20 cand=18->18 pick(must/bucket/top/rand)=1/4/11/2 sims=21366 loop=21348 best_avg=0.0663109 best_move=4,3 leader=3 inc2=1 attack_w=0.25
DBG summary depth_safety_fired=0
Score = 146143
=== CASE 0056.txt ===
DBG hdr N=10 M=7 T=100 U=2 VMAX=1961 TIME_LIMIT=1.94 MAX_CAND=20 UCB_C=0.21
DBG t=0 used=0.02 remain=1.94 turn_time=0.0194 end_in=0.0194 depth=7 dec=0 cand_cap=20 cand=4->4 pick(must/bucket/top/rand)=1/2/1/0 sims=1988 loop=1984 best_avg=-0.577293 best_move=8,5 leader=4 inc2=1 attack_w=1
DBG t=12 used=0.02 remain=1.7 turn_time=0.0193182 end_in=0.0193182 depth=7 dec=0 cand_cap=20 cand=12->12 pick(must/bucket/top/rand)=1/4/7/0 sims=1340 loop=1328 best_avg=-0.44222 best_move=6,2 leader=6 inc2=1 attack_w=0.25
DBG t=24 used=0.02 remain=1.46 turn_time=0.0192105 end_in=0.0192105 depth=7 dec=0 cand_cap=20 cand=17->17 pick(must/bucket/top/rand)=1/5/10/1 sims=1309 loop=1292 best_avg=-0.257761 best_move=8,1 leader=6 inc2=1 attack_w=0.25
DBG t=37 used=0.02 remain=1.2 turn_time=0.0190476 end_in=0.0190476 depth=10 dec=0 cand_cap=20 cand=31->20 pick(must/bucket/top/rand)=1/6/9/4 sims=828 loop=808 best_avg=-0.179304 best_move=6,4 leader=6 inc2=1 attack_w=0.25
DBG t=49 used=0.019 remain=0.968 turn_time=0.0189804 end_in=0.0189804 depth=10 dec=0 cand_cap=20 cand=30->20 pick(must/bucket/top/rand)=1/6/9/4 sims=744 loop=724 best_avg=-0.193628 best_move=8,0 leader=6 inc2=1 attack_w=0.25
DBG t=61 used=0.019 remain=0.74 turn_time=0.0189744 end_in=0.0189744 depth=10 dec=0 cand_cap=20 cand=35->20 pick(must/bucket/top/rand)=1/7/8/4 sims=724 loop=704 best_avg=-0.0721822 best_move=4,2 leader=6 inc2=1 attack_w=0.25
DBG t=74 used=0.019 remain=0.493 turn_time=0.0189615 end_in=0.0189615 depth=11 dec=0 cand_cap=20 cand=34->20 pick(must/bucket/top/rand)=1/7/8/4 sims=660 loop=640 best_avg=-0.149646 best_move=6,5 leader=6 inc2=1 attack_w=0.25
DBG t=86 used=0.019 remain=0.265 turn_time=0.0189286 end_in=0.0189286 depth=11 dec=0 cand_cap=20 cand=37->20 pick(must/bucket/top/rand)=1/8/7/4 sims=660 loop=640 best_avg=-0.136179 best_move=5,1 leader=6 inc2=1 attack_w=0.25
DBG t=99 used=0.018 remain=0.018 turn_time=0.018 end_in=0.017 depth=0 dec=0 cand_cap=20 cand=36->20 pick(must/bucket/top/rand)=1/7/8/4 sims=16832 loop=16812 best_avg=-0.0461873 best_move=3,3 leader=6 inc2=1 attack_w=0.25
DBG summary depth_safety_fired=0
Score = 131031
=== CASE 0059.txt ===
DBG hdr N=10 M=4 T=100 U=2 VMAX=1678 TIME_LIMIT=1.94 MAX_CAND=20 UCB_C=0.21
DBG t=0 used=0.02 remain=1.94 turn_time=0.0194 end_in=0.0194 depth=7 dec=0 cand_cap=20 cand=4->4 pick(must/bucket/top/rand)=1/2/1/0 sims=3324 loop=3320 best_avg=-1.28295 best_move=3,7 leader=2 inc2=1 attack_w=1
DBG t=12 used=0.02 remain=1.7 turn_time=0.0193182 end_in=0.0193182 depth=7 dec=0 cand_cap=20 cand=16->16 pick(must/bucket/top/rand)=1/7/8/0 sims=2524 loop=2508 best_avg=-1.26095 best_move=3,8 leader=3 inc2=1 attack_w=1
DBG t=24 used=0.02 remain=1.46 turn_time=0.0192105 end_in=0.0192105 depth=7 dec=0 cand_cap=20 cand=18->18 pick(must/bucket/top/rand)=1/7/8/2 sims=1866 loop=1848 best_avg=-1.26527 best_move=4,8 leader=2 inc2=1 attack_w=1
DBG t=37 used=0.02 remain=1.2 turn_time=0.0190476 end_in=0.0190476 depth=10 dec=0 cand_cap=20 cand=22->20 pick(must/bucket/top/rand)=1/5/10/4 sims=1200 loop=1180 best_avg=-1.31842 best_move=3,6 leader=3 inc2=1 attack_w=1
DBG t=49 used=0.019 remain=0.968 turn_time=0.0189804 end_in=0.0189804 depth=10 dec=0 cand_cap=20 cand=30->20 pick(must/bucket/top/rand)=1/5/10/4 sims=1056 loop=1036 best_avg=-0.903906 best_move=5,7 leader=1 inc2=0 attack_w=0.700264
DBG t=61 used=0.019 remain=0.74 turn_time=0.0189744 end_in=0.0189744 depth=10 dec=0 cand_cap=20 cand=42->20 pick(must/bucket/top/rand)=1/7/8/4 sims=940 loop=920 best_avg=-0.884952 best_move=3,6 leader=1 inc2=1 attack_w=0.39628
DBG t=74 used=0.019 remain=0.493 turn_time=0.0189615 end_in=0.0189615 depth=11 dec=0 cand_cap=20 cand=62->20 pick(must/bucket/top/rand)=1/8/7/4 sims=936 loop=916 best_avg=-0.48073 best_move=8,2 leader=1 inc2=1 attack_w=0.25
DBG t=86 used=0.019 remain=0.265 turn_time=0.0189286 end_in=0.0189286 depth=11 dec=0 cand_cap=20 cand=62->20 pick(must/bucket/top/rand)=1/8/7/4 sims=924 loop=904 best_avg=-0.367485 best_move=1,2 leader=1 inc2=1 attack_w=0.25
DBG t=99 used=0.018 remain=0.018 turn_time=0.018 end_in=0.017 depth=0 dec=0 cand_cap=20 cand=65->20 pick(must/bucket/top/rand)=1/7/8/4 sims=30784 loop=30764 best_avg=-0.302916 best_move=8,2 leader=1 inc2=0 attack_w=0.25
DBG summary depth_safety_fired=0
Score = 158247
=== CASE 0058.txt ===
DBG hdr N=10 M=2 T=100 U=3 VMAX=2929 TIME_LIMIT=1.94 MAX_CAND=20 UCB_C=0.21
DBG t=0 used=0.02 remain=1.94 turn_time=0.0194 end_in=0.0194 depth=7 dec=0 cand_cap=20 cand=4->4 pick(must/bucket/top/rand)=1/2/1/0 sims=5580 loop=5576 best_avg=-2.12139 best_move=3,0 leader=1 inc2=1 attack_w=0.15
DBG t=12 used=0.02 remain=1.7 turn_time=0.0193182 end_in=0.0193182 depth=7 dec=0 cand_cap=20 cand=14->14 pick(must/bucket/top/rand)=1/2/11/0 sims=3734 loop=3720 best_avg=-2.31697 best_move=7,0 leader=1 inc2=1 attack_w=0.25
DBG t=24 used=0.02 remain=1.449 turn_time=0.0190658 end_in=0.0190658 depth=7 dec=0 cand_cap=20 cand=19->19 pick(must/bucket/top/rand)=1/2/13/3 sims=3159 loop=3140 best_avg=-2.47976 best_move=7,1 leader=1 inc2=1 attack_w=0.25
DBG t=37 used=0.019 remain=1.196 turn_time=0.0189841 end_in=0.0189841 depth=10 dec=0 cand_cap=20 cand=29->20 pick(must/bucket/top/rand)=1/4/11/4 sims=1732 loop=1712 best_avg=-2.63764 best_move=3,0 leader=1 inc2=1 attack_w=0.25
DBG t=49 used=0.019 remain=0.968 turn_time=0.0189804 end_in=0.0189804 depth=10 dec=0 cand_cap=20 cand=35->20 pick(must/bucket/top/rand)=1/6/9/4 sims=1908 loop=1888 best_avg=-2.67199 best_move=1,3 leader=1 inc2=1 attack_w=0.25
DBG t=61 used=0.019 remain=0.74 turn_time=0.0189744 end_in=0.0189744 depth=10 dec=0 cand_cap=20 cand=38->20 pick(must/bucket/top/rand)=1/8/7/4 sims=1852 loop=1832 best_avg=-2.68808 best_move=1,2 leader=1 inc2=1 attack_w=0.25
DBG t=74 used=0.019 remain=0.493 turn_time=0.0189615 end_in=0.0189615 depth=11 dec=0 cand_cap=20 cand=39->20 pick(must/bucket/top/rand)=1/6/9/4 sims=1856 loop=1836 best_avg=-2.67482 best_move=8,0 leader=1 inc2=1 attack_w=0.25
DBG t=86 used=0.019 remain=0.265 turn_time=0.0189286 end_in=0.0189286 depth=11 dec=0 cand_cap=20 cand=40->20 pick(must/bucket/top/rand)=1/6/9/4 sims=1796 loop=1776 best_avg=-2.5916 best_move=1,0 leader=1 inc2=1 attack_w=0.25
DBG t=99 used=0.018 remain=0.018 turn_time=0.018 end_in=0.017 depth=0 dec=0 cand_cap=20 cand=43->20 pick(must/bucket/top/rand)=1/6/9/4 sims=61620 loop=61600 best_avg=-2.22694 best_move=0,0 leader=1 inc2=1 attack_w=0.25
DBG summary depth_safety_fired=0
Score = 182952
=== CASE 0060.txt ===
DBG hdr N=10 M=5 T=100 U=3 VMAX=1320 TIME_LIMIT=1.94 MAX_CAND=20 UCB_C=0.21
DBG t=0 used=0.02 remain=1.94 turn_time=0.0194 end_in=0.0194 depth=7 dec=0 cand_cap=20 cand=4->4 pick(must/bucket/top/rand)=1/2/1/0 sims=3144 loop=3140 best_avg=-0.759101 best_move=7,0 leader=3 inc2=0 attack_w=1
DBG t=12 used=0.02 remain=1.7 turn_time=0.0193182 end_in=0.0193182 depth=7 dec=0 cand_cap=20 cand=13->13 pick(must/bucket/top/rand)=1/4/8/0 sims=2569 loop=2556 best_avg=-0.765575 best_move=6,3 leader=3 inc2=0 attack_w=0.806131
DBG t=24 used=0.02 remain=1.46 turn_time=0.0192105 end_in=0.0192105 depth=7 dec=0 cand_cap=20 cand=16->16 pick(must/bucket/top/rand)=1/5/10/0 sims=2656 loop=2640 best_avg=-0.556007 best_move=6,3 leader=2 inc2=0 attack_w=0.25
DBG t=37 used=0.021 remain=1.196 turn_time=0.0189841 end_in=0.0189841 depth=10 dec=0 cand_cap=20 cand=25->20 pick(must/bucket/top/rand)=1/8/7/4 sims=644 loop=624 best_avg=-0.142106 best_move=6,6 leader=2 inc2=0 attack_w=0.25
DBG t=49 used=0.019 remain=0.966 turn_time=0.0189412 end_in=0.0189412 depth=10 dec=0 cand_cap=20 cand=36->20 pick(must/bucket/top/rand)=1/6/9/4 sims=1256 loop=1236 best_avg=0.0279915 best_move=7,4 leader=2 inc2=1 attack_w=0.25
DBG t=61 used=0.019 remain=0.738 turn_time=0.0189231 end_in=0.0189231 depth=10 dec=0 cand_cap=20 cand=44->20 pick(must/bucket/top/rand)=1/6/9/4 sims=1212 loop=1192 best_avg=0.069872 best_move=8,4 leader=2 inc2=1 attack_w=0.25
DBG t=74 used=0.019 remain=0.491 turn_time=0.0188846 end_in=0.0188846 depth=11 dec=0 cand_cap=20 cand=53->20 pick(must/bucket/top/rand)=1/6/9/4 sims=940 loop=920 best_avg=0.0375537 best_move=9,5 leader=1 inc2=1 attack_w=0.25
DBG t=86 used=0.019 remain=0.263 turn_time=0.0187857 end_in=0.0187857 depth=11 dec=0 cand_cap=20 cand=58->20 pick(must/bucket/top/rand)=1/7/8/4 sims=848 loop=828 best_avg=0.169177 best_move=5,0 leader=1 inc2=0 attack_w=0.25
DBG t=99 used=0.017 remain=0.017 turn_time=0.017 end_in=0.016 depth=0 dec=1 cand_cap=20 cand=66->20 pick(must/bucket/top/rand)=1/8/7/4 sims=28200 loop=28180 best_avg=0.617721 best_move=3,8 leader=2 inc2=1 attack_w=0.25
DBG summary depth_safety_fired=2
Score = 234618
=== CASE 0061.txt ===
DBG hdr N=10 M=5 T=100 U=2 VMAX=1600 TIME_LIMIT=1.94 MAX_CAND=20 UCB_C=0.21
DBG t=0 used=0.02 remain=1.94 turn_time=0.0194 end_in=0.0194 depth=7 dec=0 cand_cap=20 cand=4->4 pick(must/bucket/top/rand)=1/2/1/0 sims=3200 loop=3196 best_avg=-1.2126 best_move=1,3 leader=4 inc2=1 attack_w=0.788764
DBG t=12 used=0.02 remain=1.7 turn_time=0.0193182 end_in=0.0193182 depth=7 dec=0 cand_cap=20 cand=17->17 pick(must/bucket/top/rand)=1/8/7/1 sims=1893 loop=1876 best_avg=-1.2954 best_move=4,5 leader=2 inc2=1 attack_w=1
DBG t=24 used=0.02 remain=1.46 turn_time=0.0192105 end_in=0.0192105 depth=7 dec=0 cand_cap=20 cand=24->20 pick(must/bucket/top/rand)=1/8/7/4 sims=1756 loop=1736 best_avg=-1.22782 best_move=6,7 leader=2 inc2=1 attack_w=1
DBG t=37 used=0.019 remain=1.194 turn_time=0.0189524 end_in=0.0189524 depth=10 dec=0 cand_cap=20 cand=47->20 pick(must/bucket/top/rand)=1/8/7/4 sims=364 loop=344 best_avg=-0.349164 best_move=9,3 leader=2 inc2=0 attack_w=0.687023
DBG t=49 used=0.019 remain=0.96 turn_time=0.0188235 end_in=0.0188235 depth=10 dec=0 cand_cap=20 cand=53->20 pick(must/bucket/top/rand)=1/8/7/4 sims=884 loop=864 best_avg=-0.339795 best_move=4,5 leader=4 inc2=1 attack_w=0.25
DBG t=61 used=0.019 remain=0.732 turn_time=0.0187692 end_in=0.0187692 depth=10 dec=0 cand_cap=20 cand=58->20 pick(must/bucket/top/rand)=1/8/7/4 sims=888 loop=868 best_avg=-0.270396 best_move=3,8 leader=2 inc2=1 attack_w=0.25
DBG t=74 used=0.019 remain=0.485 turn_time=0.0186538 end_in=0.0186538 depth=11 dec=0 cand_cap=20 cand=59->20 pick(must/bucket/top/rand)=1/8/7/4 sims=752 loop=732 best_avg=0.0103724 best_move=1,3 leader=2 inc2=0 attack_w=0.25
DBG t=86 used=0.019 remain=0.257 turn_time=0.0183571 end_in=0.0183571 depth=11 dec=0 cand_cap=20 cand=66->20 pick(must/bucket/top/rand)=1/6/9/4 sims=836 loop=816 best_avg=0.256879 best_move=7,3 leader=2 inc2=0 attack_w=0.25
DBG t=99 used=0.017 remain=0.017 turn_time=0.017 end_in=0.016 depth=0 dec=1 cand_cap=20 cand=74->20 pick(must/bucket/top/rand)=1/8/7/4 sims=30364 loop=30344 best_avg=0.56959 best_move=2,2 leader=1 inc2=1 attack_w=0.25
DBG summary depth_safety_fired=9
Score = 221346
=== CASE 0062.txt ===
DBG hdr N=10 M=4 T=100 U=5 VMAX=2517 TIME_LIMIT=1.94 MAX_CAND=20 UCB_C=0.21
DBG t=0 used=0.02 remain=1.94 turn_time=0.0194 end_in=0.0194 depth=7 dec=0 cand_cap=20 cand=4->4 pick(must/bucket/top/rand)=1/2/1/0 sims=3632 loop=3628 best_avg=-1.87728 best_move=9,4 leader=2 inc2=1 attack_w=1
DBG t=12 used=0.02 remain=1.7 turn_time=0.0193182 end_in=0.0193182 depth=7 dec=0 cand_cap=20 cand=21->20 pick(must/bucket/top/rand)=1/8/7/4 sims=2764 loop=2744 best_avg=-0.592584 best_move=6,7 leader=2 inc2=0 attack_w=0.253882
DBG t=24 used=0.02 remain=1.46 turn_time=0.0192105 end_in=0.0192105 depth=7 dec=0 cand_cap=20 cand=35->20 pick(must/bucket/top/rand)=1/8/7/4 sims=2708 loop=2688 best_avg=-0.712638 best_move=4,7 leader=1 inc2=1 attack_w=0.25
DBG t=37 used=0.019 remain=1.195 turn_time=0.0189683 end_in=0.0189683 depth=10 dec=0 cand_cap=20 cand=44->20 pick(must/bucket/top/rand)=1/6/9/4 sims=716 loop=696 best_avg=-0.598871 best_move=6,7 leader=3 inc2=1 attack_w=0.25
DBG t=49 used=0.019 remain=0.962 turn_time=0.0188627 end_in=0.0188627 depth=10 dec=0 cand_cap=20 cand=43->20 pick(must/bucket/top/rand)=1/6/9/4 sims=1616 loop=1596 best_avg=-0.517601 best_move=3,7 leader=3 inc2=1 attack_w=0.25
DBG t=61 used=0.019 remain=0.734 turn_time=0.0188205 end_in=0.0188205 depth=10 dec=0 cand_cap=20 cand=32->20 pick(must/bucket/top/rand)=1/7/8/4 sims=1760 loop=1740 best_avg=-0.778064 best_move=4,9 leader=3 inc2=1 attack_w=0.25
DBG t=74 used=0.019 remain=0.487 turn_time=0.0187308 end_in=0.0187308 depth=11 dec=0 cand_cap=20 cand=32->20 pick(must/bucket/top/rand)=1/6/9/4 sims=1420 loop=1400 best_avg=-0.897531 best_move=6,7 leader=3 inc2=0 attack_w=0.25
DBG t=86 used=0.019 remain=0.259 turn_time=0.0185 end_in=0.0185 depth=11 dec=0 cand_cap=20 cand=23->20 pick(must/bucket/top/rand)=1/6/9/4 sims=1544 loop=1524 best_avg=-1.25238 best_move=6,7 leader=3 inc2=0 attack_w=0.999493
DBG t=99 used=0.017 remain=0.017 turn_time=0.017 end_in=0.016 depth=0 dec=1 cand_cap=20 cand=26->20 pick(must/bucket/top/rand)=1/8/7/4 sims=26396 loop=26376 best_avg=-0.943473 best_move=2,6 leader=1 inc2=1 attack_w=0.25
DBG summary depth_safety_fired=7
Score = 112173
=== CASE 0065.txt ===
DBG hdr N=10 M=5 T=100 U=1 VMAX=1735 TIME_LIMIT=1.94 MAX_CAND=20 UCB_C=0.21
DBG t=0 used=0.02 remain=1.94 turn_time=0.0194 end_in=0.0194 depth=7 dec=0 cand_cap=20 cand=5->5 pick(must/bucket/top/rand)=1/2/2/0 sims=2497 loop=2492 best_avg=-1.0794 best_move=0,6 leader=3 inc2=1 attack_w=1
DBG t=12 used=0.02 remain=1.7 turn_time=0.0193182 end_in=0.0193182 depth=7 dec=0 cand_cap=20 cand=13->13 pick(must/bucket/top/rand)=1/6/6/0 sims=1665 loop=1652 best_avg=-0.880515 best_move=3,6 leader=3 inc2=1 attack_w=1
DBG t=24 used=0.02 remain=1.46 turn_time=0.0192105 end_in=0.0192105 depth=7 dec=0 cand_cap=20 cand=27->20 pick(must/bucket/top/rand)=1/5/10/4 sims=1776 loop=1756 best_avg=-0.291264 best_move=8,3 leader=3 inc2=1 attack_w=0.25
DBG t=37 used=0.019 remain=1.193 turn_time=0.0189365 end_in=0.0189365 depth=10 dec=0 cand_cap=20 cand=47->20 pick(must/bucket/top/rand)=1/6/9/4 sims=412 loop=392 best_avg=0.177009 best_move=9,3 leader=4 inc2=1 attack_w=0.25
DBG t=49 used=0.019 remain=0.96 turn_time=0.0188235 end_in=0.0188235 depth=10 dec=0 cand_cap=20 cand=64->20 pick(must/bucket/top/rand)=1/6/9/4 sims=860 loop=840 best_avg=0.389095 best_move=9,8 leader=3 inc2=1 attack_w=0.25
DBG t=61 used=0.019 remain=0.732 turn_time=0.0187692 end_in=0.0187692 depth=10 dec=0 cand_cap=20 cand=64->20 pick(must/bucket/top/rand)=1/6/9/4 sims=816 loop=796 best_avg=0.430493 best_move=9,4 leader=4 inc2=0 attack_w=0.25
DBG t=74 used=0.019 remain=0.485 turn_time=0.0186538 end_in=0.0186538 depth=11 dec=0 cand_cap=20 cand=67->20 pick(must/bucket/top/rand)=1/6/9/4 sims=692 loop=672 best_avg=0.506392 best_move=8,7 leader=3 inc2=0 attack_w=0.25
DBG t=86 used=0.019 remain=0.257 turn_time=0.0183571 end_in=0.0183571 depth=11 dec=0 cand_cap=20 cand=66->20 pick(must/bucket/top/rand)=1/4/11/4 sims=696 loop=676 best_avg=0.360475 best_move=3,7 leader=3 inc2=0 attack_w=0.25
DBG t=99 used=0.017 remain=0.017 turn_time=0.017 end_in=0.016 depth=0 dec=1 cand_cap=20 cand=68->20 pick(must/bucket/top/rand)=1/6/9/4 sims=23112 loop=23092 best_avg=0.617929 best_move=3,5 leader=3 inc2=0 attack_w=0.25
DBG summary depth_safety_fired=9
Score = 207953
=== CASE 0063.txt ===
DBG hdr N=10 M=5 T=100 U=2 VMAX=2287 TIME_LIMIT=1.94 MAX_CAND=20 UCB_C=0.21
DBG t=0 used=0.02 remain=1.94 turn_time=0.0194 end_in=0.0194 depth=7 dec=0 cand_cap=20 cand=2->2 pick(must/bucket/top/rand)=1/1/0/0 sims=3294 loop=3292 best_avg=-1.22904 best_move=0,1 leader=3 inc2=0 attack_w=0.777344
DBG t=12 used=0.02 remain=1.7 turn_time=0.0193182 end_in=0.0193182 depth=7 dec=0 cand_cap=20 cand=11->11 pick(must/bucket/top/rand)=1/3/7/0 sims=2015 loop=2004 best_avg=-1.10172 best_move=1,0 leader=1 inc2=1 attack_w=1
DBG t=24 used=0.02 remain=1.46 turn_time=0.0192105 end_in=0.0192105 depth=7 dec=0 cand_cap=20 cand=17->17 pick(must/bucket/top/rand)=1/3/12/1 sims=2045 loop=2028 best_avg=-1.36418 best_move=0,6 leader=1 inc2=1 attack_w=1
DBG t=37 used=0.019 remain=1.194 turn_time=0.0189524 end_in=0.0189524 depth=10 dec=0 cand_cap=20 cand=19->19 pick(must/bucket/top/rand)=1/4/11/3 sims=683 loop=664 best_avg=-1.01832 best_move=6,9 leader=1 inc2=0 attack_w=1
DBG t=49 used=0.019 remain=0.963 turn_time=0.0188824 end_in=0.0188824 depth=10 dec=0 cand_cap=20 cand=24->20 pick(must/bucket/top/rand)=1/7/8/4 sims=1072 loop=1052 best_avg=-0.781105 best_move=0,8 leader=1 inc2=0 attack_w=1
DBG t=61 used=0.019 remain=0.735 turn_time=0.0188462 end_in=0.0188462 depth=10 dec=0 cand_cap=20 cand=30->20 pick(must/bucket/top/rand)=1/8/7/4 sims=1132 loop=1112 best_avg=-0.385633 best_move=5,7 leader=1 inc2=0 attack_w=0.25
DBG t=74 used=0.019 remain=0.488 turn_time=0.0187692 end_in=0.0187692 depth=11 dec=0 cand_cap=20 cand=27->20 pick(must/bucket/top/rand)=1/8/7/4 sims=1180 loop=1160 best_avg=-0.292438 best_move=6,6 leader=1 inc2=1 attack_w=0.25
DBG t=86 used=0.019 remain=0.26 turn_time=0.0185714 end_in=0.0185714 depth=11 dec=0 cand_cap=20 cand=43->20 pick(must/bucket/top/rand)=1/8/7/4 sims=1108 loop=1088 best_avg=-0.0739055 best_move=5,6 leader=1 inc2=1 attack_w=0.25
DBG t=99 used=0.017 remain=0.017 turn_time=0.017 end_in=0.016 depth=0 dec=1 cand_cap=20 cand=52->20 pick(must/bucket/top/rand)=1/7/8/4 sims=31580 loop=31560 best_avg=0.202169 best_move=6,8 leader=1 inc2=1 attack_w=0.25
DBG summary depth_safety_fired=6
Score = 179400
=== CASE 0064.txt ===
DBG hdr N=10 M=3 T=100 U=2 VMAX=1013 TIME_LIMIT=1.94 MAX_CAND=20 UCB_C=0.21
DBG t=0 used=0.02 remain=1.94 turn_time=0.0194 end_in=0.0194 depth=7 dec=0 cand_cap=20 cand=3->3 pick(must/bucket/top/rand)=1/2/0/0 sims=4411 loop=4408 best_avg=-1.40107 best_move=8,9 leader=1 inc2=1 attack_w=0.555994
DBG t=12 used=0.02 remain=1.7 turn_time=0.0193182 end_in=0.0193182 depth=7 dec=0 cand_cap=20 cand=24->20 pick(must/bucket/top/rand)=1/8/7/4 sims=2656 loop=2636 best_avg=-1.48213 best_move=1,9 leader=1 inc2=1 attack_w=0.316939
DBG t=24 used=0.02 remain=1.46 turn_time=0.0192105 end_in=0.0192105 depth=7 dec=0 cand_cap=20 cand=32->20 pick(must/bucket/top/rand)=1/8/7/4 sims=1968 loop=1948 best_avg=-1.34319 best_move=7,8 leader=2 inc2=1 attack_w=0.25
DBG t=37 used=0.019 remain=1.194 turn_time=0.0189524 end_in=0.0189524 depth=10 dec=0 cand_cap=20 cand=42->20 pick(must/bucket/top/rand)=1/7/8/4 sims=556 loop=536 best_avg=-1.30389 best_move=7,7 leader=2 inc2=1 attack_w=0.25
DBG t=49 used=0.019 remain=0.965 turn_time=0.0189216 end_in=0.0189216 depth=10 dec=0 cand_cap=20 cand=48->20 pick(must/bucket/top/rand)=1/8/7/4 sims=896 loop=876 best_avg=-1.34229 best_move=1,2 leader=2 inc2=1 attack_w=0.25
DBG t=61 used=0.019 remain=0.737 turn_time=0.0188974 end_in=0.0188974 depth=10 dec=0 cand_cap=20 cand=58->20 pick(must/bucket/top/rand)=1/8/7/4 sims=868 loop=848 best_avg=-1.34199 best_move=3,1 leader=2 inc2=1 attack_w=0.25
DBG t=74 used=0.019 remain=0.49 turn_time=0.0188462 end_in=0.0188462 depth=11 dec=0 cand_cap=20 cand=65->20 pick(must/bucket/top/rand)=1/8/7/4 sims=780 loop=760 best_avg=-1.26918 best_move=0,0 leader=2 inc2=1 attack_w=0.25
DBG t=86 used=0.019 remain=0.262 turn_time=0.0187143 end_in=0.0187143 depth=11 dec=0 cand_cap=20 cand=69->20 pick(must/bucket/top/rand)=1/8/7/4 sims=744 loop=724 best_avg=-1.12023 best_move=4,1 leader=2 inc2=1 attack_w=0.25
DBG t=99 used=0.017 remain=0.017 turn_time=0.017 end_in=0.016 depth=0 dec=1 cand_cap=20 cand=70->20 pick(must/bucket/top/rand)=1/8/7/4 sims=24608 loop=24588 best_avg=-0.98501 best_move=0,1 leader=1 inc2=1 attack_w=0.25
DBG summary depth_safety_fired=4
Score = 146190
=== CASE 0066.txt ===
DBG hdr N=10 M=8 T=100 U=5 VMAX=1914 TIME_LIMIT=1.94 MAX_CAND=20 UCB_C=0.21
DBG t=0 used=0.02 remain=1.94 turn_time=0.0194 end_in=0.0194 depth=7 dec=0 cand_cap=20 cand=4->4 pick(must/bucket/top/rand)=1/2/1/0 sims=2188 loop=2184 best_avg=-0.755788 best_move=0,5 leader=7 inc2=1 attack_w=1
DBG t=12 used=0.02 remain=1.7 turn_time=0.0193182 end_in=0.0193182 depth=7 dec=0 cand_cap=20 cand=11->11 pick(must/bucket/top/rand)=1/3/7/0 sims=1787 loop=1776 best_avg=-0.501931 best_move=1,4 leader=3 inc2=1 attack_w=0.578532
DBG t=24 used=0.02 remain=1.46 turn_time=0.0192105 end_in=0.0192105 depth=7 dec=0 cand_cap=20 cand=14->14 pick(must/bucket/top/rand)=1/4/9/0 sims=1578 loop=1564 best_avg=-0.519647 best_move=2,4 leader=4 inc2=1 attack_w=0.79769
DBG t=37 used=0.02 remain=1.2 turn_time=0.0190476 end_in=0.0190476 depth=10 dec=0 cand_cap=20 cand=21->20 pick(must/bucket/top/rand)=1/6/9/4 sims=1092 loop=1072 best_avg=-0.491264 best_move=0,9 leader=4 inc2=1 attack_w=0.634554
DBG t=49 used=0.019 remain=0.968 turn_time=0.0189804 end_in=0.0189804 depth=10 dec=0 cand_cap=20 cand=27->20 pick(must/bucket/top/rand)=1/6/9/4 sims=1040 loop=1020 best_avg=-0.490758 best_move=1,8 leader=4 inc2=1 attack_w=0.489347
DBG t=61 used=0.019 remain=0.74 turn_time=0.0189744 end_in=0.0189744 depth=10 dec=0 cand_cap=20 cand=28->20 pick(must/bucket/top/rand)=1/6/9/4 sims=1040 loop=1020 best_avg=-0.461641 best_move=3,9 leader=4 inc2=1 attack_w=0.306374
DBG t=74 used=0.019 remain=0.493 turn_time=0.0189615 end_in=0.0189615 depth=11 dec=0 cand_cap=20 cand=31->20 pick(must/bucket/top/rand)=1/6/9/4 sims=868 loop=848 best_avg=-0.422769 best_move=2,5 leader=4 inc2=1 attack_w=0.508657
DBG t=86 used=0.019 remain=0.265 turn_time=0.0189286 end_in=0.0189286 depth=11 dec=0 cand_cap=20 cand=32->20 pick(must/bucket/top/rand)=1/5/10/4 sims=928 loop=908 best_avg=-0.424762 best_move=1,2 leader=4 inc2=1 attack_w=0.321903
DBG t=99 used=0.018 remain=0.018 turn_time=0.018 end_in=0.017 depth=0 dec=0 cand_cap=20 cand=33->20 pick(must/bucket/top/rand)=1/5/10/4 sims=14668 loop=14648 best_avg=-0.357098 best_move=2,5 leader=4 inc2=1 attack_w=0.25
DBG summary depth_safety_fired=0
Score = 110138
=== CASE 0068.txt ===
DBG hdr N=10 M=4 T=100 U=5 VMAX=1716 TIME_LIMIT=1.94 MAX_CAND=20 UCB_C=0.21
DBG t=0 used=0.02 remain=1.94 turn_time=0.0194 end_in=0.0194 depth=7 dec=0 cand_cap=20 cand=4->4 pick(must/bucket/top/rand)=1/2/1/0 sims=4556 loop=4552 best_avg=-1.66685 best_move=0,5 leader=3 inc2=1 attack_w=1
DBG t=12 used=0.02 remain=1.7 turn_time=0.0193182 end_in=0.0193182 depth=7 dec=0 cand_cap=20 cand=21->20 pick(must/bucket/top/rand)=1/2/13/4 sims=2764 loop=2744 best_avg=-1.36397 best_move=5,5 leader=3 inc2=0 attack_w=1
DBG t=24 used=0.02 remain=1.46 turn_time=0.0192105 end_in=0.0192105 depth=7 dec=0 cand_cap=20 cand=23->20 pick(must/bucket/top/rand)=1/3/12/4 sims=2580 loop=2560 best_avg=-1.33997 best_move=5,5 leader=3 inc2=0 attack_w=1
DBG t=37 used=0.02 remain=1.2 turn_time=0.0190476 end_in=0.0190476 depth=10 dec=0 cand_cap=20 cand=35->20 pick(must/bucket/top/rand)=1/6/9/4 sims=1356 loop=1336 best_avg=-1.21889 best_move=0,4 leader=3 inc2=0 attack_w=0.865475
DBG t=49 used=0.019 remain=0.968 turn_time=0.0189804 end_in=0.0189804 depth=10 dec=0 cand_cap=20 cand=9->9 pick(must/bucket/top/rand)=1/8/0/0 sims=1421 loop=1412 best_avg=-1.06492 best_move=8,7 leader=3 inc2=0 attack_w=0.596043
DBG t=61 used=0.019 remain=0.74 turn_time=0.0189744 end_in=0.0189744 depth=10 dec=0 cand_cap=20 cand=50->20 pick(must/bucket/top/rand)=1/6/9/4 sims=1232 loop=1212 best_avg=-0.981784 best_move=6,5 leader=3 inc2=0 attack_w=0.25
DBG t=74 used=0.019 remain=0.493 turn_time=0.0189615 end_in=0.0189615 depth=11 dec=0 cand_cap=20 cand=52->20 pick(must/bucket/top/rand)=1/6/9/4 sims=1164 loop=1144 best_avg=-0.937165 best_move=0,6 leader=3 inc2=0 attack_w=0.25
DBG t=86 used=0.019 remain=0.265 turn_time=0.0189286 end_in=0.0189286 depth=11 dec=0 cand_cap=20 cand=49->20 pick(must/bucket/top/rand)=1/6/9/4 sims=1056 loop=1036 best_avg=-0.97682 best_move=5,4 leader=3 inc2=0 attack_w=0.25
DBG t=99 used=0.018 remain=0.018 turn_time=0.018 end_in=0.017 depth=0 dec=0 cand_cap=20 cand=56->20 pick(must/bucket/top/rand)=1/8/7/4 sims=22244 loop=22224 best_avg=-0.874187 best_move=9,6 leader=3 inc2=1 attack_w=0.25
DBG summary depth_safety_fired=0
Score = 117227
=== CASE 0067.txt ===
DBG hdr N=10 M=8 T=100 U=2 VMAX=1725 TIME_LIMIT=1.94 MAX_CAND=20 UCB_C=0.21
DBG t=0 used=0.02 remain=1.94 turn_time=0.0194 end_in=0.0194 depth=7 dec=0 cand_cap=20 cand=5->5 pick(must/bucket/top/rand)=1/2/2/0 sims=2005 loop=2000 best_avg=-0.809884 best_move=8,2 leader=5 inc2=1 attack_w=1
DBG t=12 used=0.02 remain=1.7 turn_time=0.0193182 end_in=0.0193182 depth=7 dec=0 cand_cap=20 cand=31->20 pick(must/bucket/top/rand)=1/3/12/4 sims=1448 loop=1428 best_avg=-0.277969 best_move=6,8 leader=5 inc2=1 attack_w=1
DBG t=24 used=0.02 remain=1.46 turn_time=0.0192105 end_in=0.0192105 depth=7 dec=0 cand_cap=20 cand=36->20 pick(must/bucket/top/rand)=1/6/9/4 sims=1448 loop=1428 best_avg=-0.22726 best_move=5,5 leader=1 inc2=1 attack_w=0.25
DBG t=37 used=0.02 remain=1.2 turn_time=0.0190476 end_in=0.0190476 depth=10 dec=0 cand_cap=20 cand=44->20 pick(must/bucket/top/rand)=1/7/8/4 sims=828 loop=808 best_avg=-0.288388 best_move=6,5 leader=6 inc2=1 attack_w=0.25
DBG t=49 used=0.019 remain=0.968 turn_time=0.0189804 end_in=0.0189804 depth=10 dec=0 cand_cap=20 cand=42->20 pick(must/bucket/top/rand)=1/8/7/4 sims=816 loop=796 best_avg=-0.444806 best_move=5,7 leader=1 inc2=1 attack_w=0.25
DBG t=61 used=0.019 remain=0.74 turn_time=0.0189744 end_in=0.0189744 depth=10 dec=0 cand_cap=20 cand=40->20 pick(must/bucket/top/rand)=1/8/7/4 sims=904 loop=884 best_avg=-0.497277 best_move=9,6 leader=1 inc2=1 attack_w=0.598148
DBG t=74 used=0.019 remain=0.493 turn_time=0.0189615 end_in=0.0189615 depth=11 dec=0 cand_cap=20 cand=42->20 pick(must/bucket/top/rand)=1/6/9/4 sims=760 loop=740 best_avg=-0.312114 best_move=5,1 leader=6 inc2=1 attack_w=0.25
DBG t=86 used=0.019 remain=0.265 turn_time=0.0189286 end_in=0.0189286 depth=11 dec=0 cand_cap=20 cand=47->20 pick(must/bucket/top/rand)=1/6/9/4 sims=772 loop=752 best_avg=-0.269586 best_move=7,6 leader=1 inc2=1 attack_w=0.25
DBG t=99 used=0.018 remain=0.018 turn_time=0.018 end_in=0.017 depth=0 dec=0 cand_cap=20 cand=47->20 pick(must/bucket/top/rand)=1/4/11/4 sims=13692 loop=13672 best_avg=-0.177784 best_move=4,7 leader=1 inc2=1 attack_w=0.25
DBG summary depth_safety_fired=0
Score = 121124
=== CASE 0069.txt ===
DBG hdr N=10 M=3 T=100 U=1 VMAX=1051 TIME_LIMIT=1.94 MAX_CAND=20 UCB_C=0.21
DBG t=0 used=0.02 remain=1.94 turn_time=0.0194 end_in=0.0194 depth=7 dec=0 cand_cap=20 cand=4->4 pick(must/bucket/top/rand)=1/2/1/0 sims=3976 loop=3972 best_avg=-1.36499 best_move=1,8 leader=2 inc2=1 attack_w=0.298079
DBG t=12 used=0.02 remain=1.7 turn_time=0.0193182 end_in=0.0193182 depth=7 dec=0 cand_cap=20 cand=23->20 pick(must/bucket/top/rand)=1/5/10/4 sims=2504 loop=2484 best_avg=-1.39028 best_move=4,7 leader=1 inc2=1 attack_w=0.636463
DBG t=24 used=0.02 remain=1.46 turn_time=0.0192105 end_in=0.0192105 depth=7 dec=0 cand_cap=20 cand=31->20 pick(must/bucket/top/rand)=1/5/10/4 sims=2360 loop=2340 best_avg=-1.02063 best_move=7,8 leader=1 inc2=1 attack_w=0.25
DBG t=37 used=0.02 remain=1.2 turn_time=0.0190476 end_in=0.0190476 depth=10 dec=0 cand_cap=20 cand=43->20 pick(must/bucket/top/rand)=1/6/9/4 sims=1332 loop=1312 best_avg=-0.650817 best_move=4,5 leader=2 inc2=1 attack_w=0.25
DBG t=49 used=0.019 remain=0.968 turn_time=0.0189804 end_in=0.0189804 depth=10 dec=0 cand_cap=20 cand=17->17 pick(must/bucket/top/rand)=1/6/9/1 sims=1593 loop=1576 best_avg=-0.208224 best_move=4,0 leader=2 inc2=1 attack_w=0.25
DBG t=61 used=0.019 remain=0.74 turn_time=0.0189744 end_in=0.0189744 depth=10 dec=0 cand_cap=20 cand=73->20 pick(must/bucket/top/rand)=1/6/9/4 sims=1432 loop=1412 best_avg=-0.0412058 best_move=4,2 leader=1 inc2=1 attack_w=0.25
DBG t=74 used=0.019 remain=0.493 turn_time=0.0189615 end_in=0.0189615 depth=11 dec=0 cand_cap=20 cand=64->20 pick(must/bucket/top/rand)=1/6/9/4 sims=992 loop=972 best_avg=0.292852 best_move=5,8 leader=2 inc2=1 attack_w=0.25
DBG t=86 used=0.019 remain=0.265 turn_time=0.0189286 end_in=0.0189286 depth=11 dec=0 cand_cap=20 cand=4->4 pick(must/bucket/top/rand)=1/2/1/0 sims=1028 loop=1024 best_avg=0.446073 best_move=1,3 leader=1 inc2=1 attack_w=0.25
DBG t=99 used=0.018 remain=0.018 turn_time=0.018 end_in=0.017 depth=0 dec=0 cand_cap=20 cand=79->20 pick(must/bucket/top/rand)=1/6/9/4 sims=46568 loop=46548 best_avg=1.6267 best_move=3,5 leader=1 inc2=1 attack_w=0.25
DBG summary depth_safety_fired=0
Score = 426075
=== CASE 0070.txt ===
DBG hdr N=10 M=5 T=100 U=3 VMAX=1226 TIME_LIMIT=1.94 MAX_CAND=20 UCB_C=0.21
DBG t=0 used=0.02 remain=1.94 turn_time=0.0194 end_in=0.0194 depth=7 dec=0 cand_cap=20 cand=4->4 pick(must/bucket/top/rand)=1/2/1/0 sims=2948 loop=2944 best_avg=-0.698373 best_move=9,4 leader=4 inc2=1 attack_w=0.792451
DBG t=12 used=0.02 remain=1.7 turn_time=0.0193182 end_in=0.0193182 depth=7 dec=0 cand_cap=20 cand=14->14 pick(must/bucket/top/rand)=1/4/9/0 sims=1986 loop=1972 best_avg=-0.552864 best_move=7,1 leader=4 inc2=1 attack_w=0.628802
DBG t=24 used=0.02 remain=1.46 turn_time=0.0192105 end_in=0.0192105 depth=7 dec=0 cand_cap=20 cand=22->20 pick(must/bucket/top/rand)=1/6/9/4 sims=1952 loop=1932 best_avg=-0.543974 best_move=8,1 leader=1 inc2=1 attack_w=0.25
DBG t=37 used=0.02 remain=1.2 turn_time=0.0190476 end_in=0.0190476 depth=10 dec=0 cand_cap=20 cand=29->20 pick(must/bucket/top/rand)=1/7/8/4 sims=1136 loop=1116 best_avg=-0.32395 best_move=6,3 leader=3 inc2=1 attack_w=0.25
DBG t=49 used=0.019 remain=0.968 turn_time=0.0189804 end_in=0.0189804 depth=10 dec=0 cand_cap=20 cand=40->20 pick(must/bucket/top/rand)=1/6/9/4 sims=924 loop=904 best_avg=-0.380806 best_move=4,2 leader=3 inc2=0 attack_w=0.25
DBG t=61 used=0.019 remain=0.74 turn_time=0.0189744 end_in=0.0189744 depth=10 dec=0 cand_cap=20 cand=49->20 pick(must/bucket/top/rand)=1/8/7/4 sims=952 loop=932 best_avg=-0.110374 best_move=8,6 leader=3 inc2=1 attack_w=0.25
DBG t=74 used=0.019 remain=0.493 turn_time=0.0189615 end_in=0.0189615 depth=11 dec=0 cand_cap=20 cand=64->20 pick(must/bucket/top/rand)=1/8/7/4 sims=772 loop=752 best_avg=0.00367701 best_move=2,2 leader=3 inc2=1 attack_w=0.25
DBG t=86 used=0.019 remain=0.265 turn_time=0.0189286 end_in=0.0189286 depth=11 dec=0 cand_cap=20 cand=66->20 pick(must/bucket/top/rand)=1/8/7/4 sims=852 loop=832 best_avg=0.185208 best_move=0,6 leader=1 inc2=1 attack_w=0.25
DBG t=99 used=0.018 remain=0.018 turn_time=0.018 end_in=0.017 depth=0 dec=0 cand_cap=20 cand=69->20 pick(must/bucket/top/rand)=1/8/7/4 sims=26380 loop=26360 best_avg=0.281995 best_move=7,5 leader=3 inc2=1 attack_w=0.25
DBG summary depth_safety_fired=0
Score = 196555
=== CASE 0071.txt ===
DBG hdr N=10 M=8 T=100 U=4 VMAX=2045 TIME_LIMIT=1.94 MAX_CAND=20 UCB_C=0.21
DBG t=0 used=0.02 remain=1.94 turn_time=0.0194 end_in=0.0194 depth=7 dec=0 cand_cap=20 cand=4->4 pick(must/bucket/top/rand)=1/2/1/0 sims=2248 loop=2244 best_avg=-0.786057 best_move=3,0 leader=1 inc2=1 attack_w=1
DBG t=12 used=0.02 remain=1.7 turn_time=0.0193182 end_in=0.0193182 depth=7 dec=0 cand_cap=20 cand=19->19 pick(must/bucket/top/rand)=1/5/10/3 sims=1771 loop=1752 best_avg=-0.0968444 best_move=5,1 leader=4 inc2=1 attack_w=0.25
DBG t=24 used=0.02 remain=1.46 turn_time=0.0192105 end_in=0.0192105 depth=7 dec=0 cand_cap=20 cand=27->20 pick(must/bucket/top/rand)=1/8/7/4 sims=1600 loop=1580 best_avg=0.0177294 best_move=5,4 leader=3 inc2=1 attack_w=0.25
DBG t=37 used=0.02 remain=1.2 turn_time=0.0190476 end_in=0.0190476 depth=10 dec=0 cand_cap=20 cand=21->20 pick(must/bucket/top/rand)=1/6/9/4 sims=988 loop=968 best_avg=-0.0051667 best_move=3,2 leader=1 inc2=1 attack_w=0.25
DBG t=49 used=0.019 remain=0.968 turn_time=0.0189804 end_in=0.0189804 depth=10 dec=0 cand_cap=20 cand=24->20 pick(must/bucket/top/rand)=1/6/9/4 sims=960 loop=940 best_avg=0.0644002 best_move=5,0 leader=1 inc2=1 attack_w=0.25
DBG t=61 used=0.019 remain=0.74 turn_time=0.0189744 end_in=0.0189744 depth=10 dec=0 cand_cap=20 cand=29->20 pick(must/bucket/top/rand)=1/6/9/4 sims=984 loop=964 best_avg=-0.0105652 best_move=5,3 leader=1 inc2=1 attack_w=0.25
DBG t=74 used=0.019 remain=0.493 turn_time=0.0189615 end_in=0.0189615 depth=11 dec=0 cand_cap=20 cand=29->20 pick(must/bucket/top/rand)=1/6/9/4 sims=812 loop=792 best_avg=0.0857053 best_move=4,4 leader=1 inc2=1 attack_w=0.25
DBG t=86 used=0.019 remain=0.265 turn_time=0.0189286 end_in=0.0189286 depth=11 dec=0 cand_cap=20 cand=27->20 pick(must/bucket/top/rand)=1/6/9/4 sims=836 loop=816 best_avg=0.211545 best_move=5,3 leader=1 inc2=1 attack_w=0.25
DBG t=99 used=0.018 remain=0.018 turn_time=0.018 end_in=0.017 depth=0 dec=0 cand_cap=20 cand=29->20 pick(must/bucket/top/rand)=1/7/8/4 sims=15360 loop=15340 best_avg=0.276353 best_move=6,2 leader=5 inc2=1 attack_w=0.25
DBG summary depth_safety_fired=0
Score = 162573
=== CASE 0072.txt ===
DBG hdr N=10 M=7 T=100 U=5 VMAX=1951 TIME_LIMIT=1.94 MAX_CAND=20 UCB_C=0.21
DBG t=0 used=0.02 remain=1.94 turn_time=0.0194 end_in=0.0194 depth=7 dec=0 cand_cap=20 cand=4->4 pick(must/bucket/top/rand)=1/2/1/0 sims=2736 loop=2732 best_avg=-0.662622 best_move=9,8 leader=4 inc2=1 attack_w=1
DBG t=12 used=0.02 remain=1.7 turn_time=0.0193182 end_in=0.0193182 depth=7 dec=0 cand_cap=20 cand=8->8 pick(must/bucket/top/rand)=1/5/2/0 sims=1816 loop=1808 best_avg=-0.582324 best_move=9,8 leader=6 inc2=1 attack_w=0.88035
DBG t=24 used=0.02 remain=1.46 turn_time=0.0192105 end_in=0.0192105 depth=7 dec=0 cand_cap=20 cand=8->8 pick(must/bucket/top/rand)=1/5/2/0 sims=1620 loop=1612 best_avg=-0.487127 best_move=9,9 leader=5 inc2=1 attack_w=0.389578
DBG t=37 used=0.02 remain=1.2 turn_time=0.0190476 end_in=0.0190476 depth=10 dec=0 cand_cap=20 cand=9->9 pick(must/bucket/top/rand)=1/5/3/0 sims=1269 loop=1260 best_avg=-0.366368 best_move=7,9 leader=5 inc2=1 attack_w=0.25
DBG t=49 used=0.019 remain=0.968 turn_time=0.0189804 end_in=0.0189804 depth=10 dec=0 cand_cap=20 cand=11->11 pick(must/bucket/top/rand)=1/5/5/0 sims=1095 loop=1084 best_avg=-0.532916 best_move=9,7 leader=5 inc2=1 attack_w=0.494026
DBG t=61 used=0.019 remain=0.74 turn_time=0.0189744 end_in=0.0189744 depth=10 dec=0 cand_cap=20 cand=13->13 pick(must/bucket/top/rand)=1/5/7/0 sims=1113 loop=1100 best_avg=-0.603923 best_move=8,8 leader=5 inc2=1 attack_w=0.744722
DBG t=74 used=0.019 remain=0.493 turn_time=0.0189615 end_in=0.0189615 depth=11 dec=0 cand_cap=20 cand=15->15 pick(must/bucket/top/rand)=1/4/10/0 sims=795 loop=780 best_avg=-0.699801 best_move=6,7 leader=5 inc2=1 attack_w=0.936387
DBG t=86 used=0.019 remain=0.265 turn_time=0.0189286 end_in=0.0189286 depth=11 dec=0 cand_cap=20 cand=28->20 pick(must/bucket/top/rand)=1/6/9/4 sims=900 loop=880 best_avg=-0.570817 best_move=4,5 leader=5 inc2=1 attack_w=1
DBG t=99 used=0.018 remain=0.018 turn_time=0.018 end_in=0.017 depth=0 dec=0 cand_cap=20 cand=43->20 pick(must/bucket/top/rand)=1/5/10/4 sims=19388 loop=19368 best_avg=-0.512078 best_move=8,6 leader=5 inc2=1 attack_w=0.44344
DBG summary depth_safety_fired=0
Score = 102739
=== CASE 0075.txt ===
DBG hdr N=10 M=6 T=100 U=2 VMAX=1825 TIME_LIMIT=1.94 MAX_CAND=20 UCB_C=0.21
DBG t=0 used=0.02 remain=1.94 turn_time=0.0194 end_in=0.0194 depth=7 dec=0 cand_cap=20 cand=4->4 pick(must/bucket/top/rand)=1/2/1/0 sims=2864 loop=2860 best_avg=-0.974472 best_move=4,6 leader=3 inc2=1 attack_w=1
DBG t=12 used=0.02 remain=1.7 turn_time=0.0193182 end_in=0.0193182 depth=7 dec=0 cand_cap=20 cand=22->20 pick(must/bucket/top/rand)=1/5/10/4 sims=1708 loop=1688 best_avg=-0.523101 best_move=4,4 leader=1 inc2=1 attack_w=0.544143
DBG t=24 used=0.02 remain=1.46 turn_time=0.0192105 end_in=0.0192105 depth=7 dec=0 cand_cap=20 cand=31->20 pick(must/bucket/top/rand)=1/8/7/4 sims=1388 loop=1368 best_avg=-0.816586 best_move=5,2 leader=2 inc2=1 attack_w=0.778692
DBG t=37 used=0.02 remain=1.2 turn_time=0.0190476 end_in=0.0190476 depth=10 dec=0 cand_cap=20 cand=33->20 pick(must/bucket/top/rand)=1/7/8/4 sims=944 loop=924 best_avg=-0.598319 best_move=3,7 leader=5 inc2=1 attack_w=0.592081
DBG t=49 used=0.019 remain=0.968 turn_time=0.0189804 end_in=0.0189804 depth=10 dec=0 cand_cap=20 cand=45->20 pick(must/bucket/top/rand)=1/8/7/4 sims=860 loop=840 best_avg=-0.558913 best_move=6,8 leader=5 inc2=1 attack_w=0.652423
DBG t=61 used=0.019 remain=0.74 turn_time=0.0189744 end_in=0.0189744 depth=10 dec=0 cand_cap=20 cand=45->20 pick(must/bucket/top/rand)=1/6/9/4 sims=840 loop=820 best_avg=-0.594407 best_move=6,7 leader=5 inc2=1 attack_w=0.472707
DBG t=74 used=0.019 remain=0.493 turn_time=0.0189615 end_in=0.0189615 depth=11 dec=0 cand_cap=20 cand=47->20 pick(must/bucket/top/rand)=1/8/7/4 sims=652 loop=632 best_avg=-0.496562 best_move=6,8 leader=5 inc2=1 attack_w=0.338919
DBG t=86 used=0.019 remain=0.265 turn_time=0.0189286 end_in=0.0189286 depth=11 dec=0 cand_cap=20 cand=45->20 pick(must/bucket/top/rand)=1/6/9/4 sims=756 loop=736 best_avg=-0.628326 best_move=4,4 leader=5 inc2=1 attack_w=0.491888
DBG t=99 used=0.018 remain=0.018 turn_time=0.018 end_in=0.017 depth=0 dec=0 cand_cap=20 cand=52->20 pick(must/bucket/top/rand)=1/8/7/4 sims=17220 loop=17200 best_avg=-0.476456 best_move=4,5 leader=5 inc2=1 attack_w=0.25
DBG summary depth_safety_fired=0
Score = 111712
=== CASE 0074.txt ===
DBG hdr N=10 M=6 T=100 U=3 VMAX=1639 TIME_LIMIT=1.94 MAX_CAND=20 UCB_C=0.21
DBG t=0 used=0.02 remain=1.94 turn_time=0.0194 end_in=0.0194 depth=7 dec=0 cand_cap=20 cand=4->4 pick(must/bucket/top/rand)=1/2/1/0 sims=2872 loop=2868 best_avg=-0.866276 best_move=0,0 leader=5 inc2=1 attack_w=1
DBG t=12 used=0.02 remain=1.7 turn_time=0.0193182 end_in=0.0193182 depth=7 dec=0 cand_cap=20 cand=18->18 pick(must/bucket/top/rand)=1/4/11/2 sims=1918 loop=1900 best_avg=-0.458361 best_move=4,4 leader=3 inc2=1 attack_w=0.640383
DBG t=24 used=0.02 remain=1.46 turn_time=0.0192105 end_in=0.0192105 depth=7 dec=0 cand_cap=20 cand=23->20 pick(must/bucket/top/rand)=1/5/10/4 sims=1680 loop=1660 best_avg=-0.410979 best_move=2,2 leader=1 inc2=1 attack_w=0.25
DBG t=37 used=0.02 remain=1.2 turn_time=0.0190476 end_in=0.0190476 depth=10 dec=0 cand_cap=20 cand=26->20 pick(must/bucket/top/rand)=1/8/7/4 sims=1092 loop=1072 best_avg=-0.707882 best_move=1,1 leader=2 inc2=1 attack_w=0.406625
DBG t=49 used=0.019 remain=0.968 turn_time=0.0189804 end_in=0.0189804 depth=10 dec=0 cand_cap=20 cand=25->20 pick(must/bucket/top/rand)=1/7/8/4 sims=1144 loop=1124 best_avg=-0.62513 best_move=0,3 leader=1 inc2=1 attack_w=1
DBG t=61 used=0.019 remain=0.74 turn_time=0.0189744 end_in=0.0189744 depth=10 dec=0 cand_cap=20 cand=29->20 pick(must/bucket/top/rand)=1/8/7/4 sims=1004 loop=984 best_avg=-0.481338 best_move=1,2 leader=1 inc2=1 attack_w=0.515691
DBG t=74 used=0.019 remain=0.493 turn_time=0.0189615 end_in=0.0189615 depth=11 dec=0 cand_cap=20 cand=15->15 pick(must/bucket/top/rand)=1/7/7/0 sims=887 loop=872 best_avg=-0.317573 best_move=4,3 leader=2 inc2=1 attack_w=0.25
DBG t=86 used=0.019 remain=0.265 turn_time=0.0189286 end_in=0.0189286 depth=11 dec=0 cand_cap=20 cand=42->20 pick(must/bucket/top/rand)=1/8/7/4 sims=1020 loop=1000 best_avg=-0.162411 best_move=4,3 leader=2 inc2=1 attack_w=0.25
DBG t=99 used=0.018 remain=0.018 turn_time=0.018 end_in=0.017 depth=0 dec=0 cand_cap=20 cand=47->20 pick(must/bucket/top/rand)=1/6/9/4 sims=26112 loop=26092 best_avg=-0.0575514 best_move=1,4 leader=2 inc2=1 attack_w=0.25
DBG summary depth_safety_fired=0
Score = 146713
=== CASE 0073.txt ===
DBG hdr N=10 M=3 T=100 U=3 VMAX=2043 TIME_LIMIT=1.94 MAX_CAND=20 UCB_C=0.21
DBG t=0 used=0.02 remain=1.94 turn_time=0.0194 end_in=0.0194 depth=7 dec=0 cand_cap=20 cand=5->5 pick(must/bucket/top/rand)=1/2/2/0 sims=4237 loop=4232 best_avg=-1.77235 best_move=5,2 leader=2 inc2=1 attack_w=1
DBG t=12 used=0.02 remain=1.7 turn_time=0.0193182 end_in=0.0193182 depth=7 dec=0 cand_cap=20 cand=13->13 pick(must/bucket/top/rand)=1/3/9/0 sims=3293 loop=3280 best_avg=-1.65251 best_move=6,4 leader=2 inc2=1 attack_w=1
DBG t=24 used=0.02 remain=1.46 turn_time=0.0192105 end_in=0.0192105 depth=7 dec=0 cand_cap=20 cand=30->20 pick(must/bucket/top/rand)=1/6/9/4 sims=2532 loop=2512 best_avg=-1.27752 best_move=9,8 leader=1 inc2=1 attack_w=0.25
DBG t=37 used=0.02 remain=1.2 turn_time=0.0190476 end_in=0.0190476 depth=10 dec=0 cand_cap=20 cand=40->20 pick(must/bucket/top/rand)=1/7/8/4 sims=2016 loop=1996 best_avg=-0.70491 best_move=7,8 leader=1 inc2=1 attack_w=0.25
DBG t=49 used=0.019 remain=0.968 turn_time=0.0189804 end_in=0.0189804 depth=10 dec=0 cand_cap=20 cand=12->12 pick(must/bucket/top/rand)=1/6/5/0 sims=1900 loop=1888 best_avg=-0.671236 best_move=7,6 leader=2 inc2=1 attack_w=0.25
DBG t=61 used=0.019 remain=0.74 turn_time=0.0189744 end_in=0.0189744 depth=10 dec=0 cand_cap=20 cand=42->20 pick(must/bucket/top/rand)=1/8/7/4 sims=1684 loop=1664 best_avg=-0.428893 best_move=6,7 leader=1 inc2=1 attack_w=0.25
DBG t=74 used=0.019 remain=0.493 turn_time=0.0189615 end_in=0.0189615 depth=11 dec=0 cand_cap=20 cand=36->20 pick(must/bucket/top/rand)=1/8/7/4 sims=1416 loop=1396 best_avg=-0.388403 best_move=8,7 leader=1 inc2=1 attack_w=0.25
DBG t=86 used=0.019 remain=0.265 turn_time=0.0189286 end_in=0.0189286 depth=11 dec=0 cand_cap=20 cand=48->20 pick(must/bucket/top/rand)=1/8/7/4 sims=1492 loop=1472 best_avg=-0.340234 best_move=5,8 leader=2 inc2=1 attack_w=0.25
DBG t=99 used=0.018 remain=0.018 turn_time=0.018 end_in=0.017 depth=0 dec=0 cand_cap=20 cand=48->20 pick(must/bucket/top/rand)=1/5/10/4 sims=58368 loop=58348 best_avg=0.0119877 best_move=7,8 leader=1 inc2=1 attack_w=0.25
DBG summary depth_safety_fired=0
Score = 243397
=== CASE 0076.txt ===
DBG hdr N=10 M=2 T=100 U=5 VMAX=1499 TIME_LIMIT=1.94 MAX_CAND=20 UCB_C=0.21
DBG t=0 used=0.02 remain=1.94 turn_time=0.0194 end_in=0.0194 depth=7 dec=0 cand_cap=20 cand=5->5 pick(must/bucket/top/rand)=1/2/2/0 sims=5133 loop=5128 best_avg=-2.46997 best_move=7,3 leader=1 inc2=1 attack_w=0.15
DBG t=12 used=0.02 remain=1.7 turn_time=0.0193182 end_in=0.0193182 depth=7 dec=0 cand_cap=20 cand=13->13 pick(must/bucket/top/rand)=1/2/10/0 sims=4557 loop=4544 best_avg=-2.66121 best_move=9,3 leader=1 inc2=1 attack_w=0.25
DBG t=24 used=0.02 remain=1.46 turn_time=0.0192105 end_in=0.0192105 depth=7 dec=0 cand_cap=20 cand=17->17 pick(must/bucket/top/rand)=1/2/13/1 sims=3909 loop=3892 best_avg=-2.73946 best_move=8,4 leader=1 inc2=1 attack_w=0.25
DBG t=37 used=0.02 remain=1.2 turn_time=0.0190476 end_in=0.0190476 depth=10 dec=0 cand_cap=20 cand=22->20 pick(must/bucket/top/rand)=1/2/13/4 sims=2236 loop=2216 best_avg=-2.8362 best_move=6,5 leader=1 inc2=1 attack_w=0.25
DBG t=49 used=0.019 remain=0.968 turn_time=0.0189804 end_in=0.0189804 depth=10 dec=0 cand_cap=20 cand=24->20 pick(must/bucket/top/rand)=1/2/13/4 sims=1980 loop=1960 best_avg=-2.92574 best_move=8,2 leader=1 inc2=1 attack_w=0.25
DBG t=61 used=0.019 remain=0.74 turn_time=0.0189744 end_in=0.0189744 depth=10 dec=0 cand_cap=20 cand=29->20 pick(must/bucket/top/rand)=1/3/12/4 sims=1740 loop=1720 best_avg=-2.97598 best_move=7,7 leader=1 inc2=1 attack_w=0.25
DBG t=74 used=0.019 remain=0.493 turn_time=0.0189615 end_in=0.0189615 depth=11 dec=0 cand_cap=20 cand=39->20 pick(must/bucket/top/rand)=1/6/9/4 sims=1200 loop=1180 best_avg=-2.9991 best_move=9,6 leader=1 inc2=1 attack_w=0.25
DBG t=86 used=0.019 remain=0.265 turn_time=0.0189286 end_in=0.0189286 depth=11 dec=0 cand_cap=20 cand=46->20 pick(must/bucket/top/rand)=1/7/8/4 sims=1396 loop=1376 best_avg=-3.0268 best_move=3,6 leader=1 inc2=1 attack_w=0.25
DBG t=99 used=0.018 remain=0.018 turn_time=0.018 end_in=0.017 depth=0 dec=0 cand_cap=20 cand=41->20 pick(must/bucket/top/rand)=1/7/8/4 sims=30416 loop=30396 best_avg=-2.96867 best_move=4,7 leader=1 inc2=1 attack_w=0.25
DBG summary depth_safety_fired=0
Score = 132533
=== CASE 0077.txt ===
DBG hdr N=10 M=5 T=100 U=4 VMAX=2029 TIME_LIMIT=1.94 MAX_CAND=20 UCB_C=0.21
DBG t=0 used=0.02 remain=1.94 turn_time=0.0194 end_in=0.0194 depth=7 dec=0 cand_cap=20 cand=3->3 pick(must/bucket/top/rand)=1/2/0/0 sims=3523 loop=3520 best_avg=-1.10034 best_move=9,9 leader=3 inc2=1 attack_w=1
DBG t=12 used=0.02 remain=1.7 turn_time=0.0193182 end_in=0.0193182 depth=7 dec=0 cand_cap=20 cand=9->9 pick(must/bucket/top/rand)=1/2/6/0 sims=2269 loop=2260 best_avg=-0.973174 best_move=9,8 leader=3 inc2=0 attack_w=0.722861
DBG t=24 used=0.02 remain=1.46 turn_time=0.0192105 end_in=0.0192105 depth=7 dec=0 cand_cap=20 cand=17->17 pick(must/bucket/top/rand)=1/4/11/1 sims=1849 loop=1832 best_avg=-1.04479 best_move=5,6 leader=3 inc2=1 attack_w=1
DBG t=37 used=0.02 remain=1.2 turn_time=0.0190476 end_in=0.0190476 depth=10 dec=0 cand_cap=20 cand=27->20 pick(must/bucket/top/rand)=1/6/9/4 sims=1392 loop=1372 best_avg=-1.06683 best_move=4,8 leader=3 inc2=1 attack_w=0.42659
DBG t=49 used=0.019 remain=0.968 turn_time=0.0189804 end_in=0.0189804 depth=10 dec=0 cand_cap=20 cand=31->20 pick(must/bucket/top/rand)=1/7/8/4 sims=1232 loop=1212 best_avg=-0.712563 best_move=5,9 leader=1 inc2=1 attack_w=0.381868
DBG t=61 used=0.019 remain=0.74 turn_time=0.0189744 end_in=0.0189744 depth=10 dec=0 cand_cap=20 cand=35->20 pick(must/bucket/top/rand)=1/7/8/4 sims=1132 loop=1112 best_avg=-0.653408 best_move=7,7 leader=3 inc2=1 attack_w=0.25
DBG t=74 used=0.019 remain=0.493 turn_time=0.0189615 end_in=0.0189615 depth=11 dec=0 cand_cap=20 cand=39->20 pick(must/bucket/top/rand)=1/6/9/4 sims=880 loop=860 best_avg=-0.496677 best_move=3,9 leader=3 inc2=1 attack_w=0.25
DBG t=86 used=0.019 remain=0.265 turn_time=0.0189286 end_in=0.0189286 depth=11 dec=0 cand_cap=20 cand=43->20 pick(must/bucket/top/rand)=1/8/7/4 sims=928 loop=908 best_avg=-0.411491 best_move=7,5 leader=3 inc2=1 attack_w=0.25
DBG t=99 used=0.018 remain=0.018 turn_time=0.018 end_in=0.017 depth=0 dec=0 cand_cap=20 cand=48->20 pick(must/bucket/top/rand)=1/8/7/4 sims=25896 loop=25876 best_avg=-0.364288 best_move=2,6 leader=3 inc2=1 attack_w=0.25
DBG summary depth_safety_fired=0
Score = 132919
=== CASE 0078.txt ===
DBG hdr N=10 M=6 T=100 U=4 VMAX=1796 TIME_LIMIT=1.94 MAX_CAND=20 UCB_C=0.21
DBG t=0 used=0.02 remain=1.94 turn_time=0.0194 end_in=0.0194 depth=7 dec=0 cand_cap=20 cand=4->4 pick(must/bucket/top/rand)=1/2/1/0 sims=2396 loop=2392 best_avg=-1.01086 best_move=6,1 leader=2 inc2=1 attack_w=1
DBG t=12 used=0.02 remain=1.7 turn_time=0.0193182 end_in=0.0193182 depth=7 dec=0 cand_cap=20 cand=18->18 pick(must/bucket/top/rand)=1/4/11/2 sims=2102 loop=2084 best_avg=-0.439811 best_move=4,3 leader=2 inc2=1 attack_w=1
DBG t=24 used=0.02 remain=1.46 turn_time=0.0192105 end_in=0.0192105 depth=7 dec=0 cand_cap=20 cand=29->20 pick(must/bucket/top/rand)=1/5/10/4 sims=1920 loop=1900 best_avg=-0.457673 best_move=5,5 leader=1 inc2=1 attack_w=0.669842
DBG t=37 used=0.02 remain=1.2 turn_time=0.0190476 end_in=0.0190476 depth=10 dec=0 cand_cap=20 cand=40->20 pick(must/bucket/top/rand)=1/7/8/4 sims=1128 loop=1108 best_avg=-0.368168 best_move=3,6 leader=1 inc2=1 attack_w=0.652016
DBG t=49 used=0.019 remain=0.968 turn_time=0.0189804 end_in=0.0189804 depth=10 dec=0 cand_cap=20 cand=10->10 pick(must/bucket/top/rand)=1/5/4/0 sims=1286 loop=1276 best_avg=0.15366 best_move=3,9 leader=1 inc2=1 attack_w=0.25
DBG t=61 used=0.019 remain=0.74 turn_time=0.0189744 end_in=0.0189744 depth=10 dec=0 cand_cap=20 cand=54->20 pick(must/bucket/top/rand)=1/8/7/4 sims=1228 loop=1208 best_avg=0.296852 best_move=3,6 leader=5 inc2=1 attack_w=0.25
DBG t=74 used=0.019 remain=0.493 turn_time=0.0189615 end_in=0.0189615 depth=11 dec=0 cand_cap=20 cand=55->20 pick(must/bucket/top/rand)=1/7/8/4 sims=1172 loop=1152 best_avg=0.462138 best_move=1,7 leader=5 inc2=1 attack_w=0.25
DBG t=86 used=0.019 remain=0.265 turn_time=0.0189286 end_in=0.0189286 depth=11 dec=0 cand_cap=20 cand=64->20 pick(must/bucket/top/rand)=1/8/7/4 sims=1004 loop=984 best_avg=0.696645 best_move=3,1 leader=5 inc2=1 attack_w=0.25
DBG t=99 used=0.011 remain=0.011 turn_time=0.011 end_in=0.01 depth=0 dec=3 cand_cap=14 cand=70->14 pick(must/bucket/top/rand)=1/8/2/3 sims=7318 loop=7304 best_avg=0.806298 best_move=3,9 leader=3 inc2=1 attack_w=0.25
DBG summary depth_safety_fired=1
Score = 236626
=== CASE 0082.txt ===
DBG hdr N=10 M=8 T=100 U=1 VMAX=1915 TIME_LIMIT=1.94 MAX_CAND=20 UCB_C=0.21
DBG t=0 used=0.02 remain=1.94 turn_time=0.0194 end_in=0.0194 depth=7 dec=0 cand_cap=20 cand=4->4 pick(must/bucket/top/rand)=1/2/1/0 sims=2080 loop=2076 best_avg=-0.512053 best_move=9,6 leader=5 inc2=1 attack_w=0.884459
DBG t=12 used=0.02 remain=1.7 turn_time=0.0193182 end_in=0.0193182 depth=7 dec=0 cand_cap=20 cand=25->20 pick(must/bucket/top/rand)=1/5/10/4 sims=1600 loop=1580 best_avg=-0.0539997 best_move=7,1 leader=6 inc2=1 attack_w=1
DBG t=24 used=0.02 remain=1.46 turn_time=0.0192105 end_in=0.0192105 depth=7 dec=0 cand_cap=20 cand=41->20 pick(must/bucket/top/rand)=1/6/9/4 sims=1268 loop=1248 best_avg=0.681244 best_move=8,8 leader=6 inc2=1 attack_w=0.25
DBG t=37 used=0.02 remain=1.2 turn_time=0.0190476 end_in=0.0190476 depth=10 dec=0 cand_cap=20 cand=48->20 pick(must/bucket/top/rand)=1/6/9/4 sims=908 loop=888 best_avg=0.768163 best_move=7,8 leader=1 inc2=1 attack_w=0.25
DBG t=49 used=0.019 remain=0.968 turn_time=0.0189804 end_in=0.0189804 depth=10 dec=0 cand_cap=20 cand=57->20 pick(must/bucket/top/rand)=1/5/10/4 sims=764 loop=744 best_avg=0.763581 best_move=6,5 leader=7 inc2=1 attack_w=0.25
DBG t=61 used=0.019 remain=0.74 turn_time=0.0189744 end_in=0.0189744 depth=10 dec=0 cand_cap=20 cand=63->20 pick(must/bucket/top/rand)=1/5/10/4 sims=804 loop=784 best_avg=0.998805 best_move=4,2 leader=2 inc2=1 attack_w=0.25
DBG t=74 used=0.019 remain=0.493 turn_time=0.0189615 end_in=0.0189615 depth=11 dec=0 cand_cap=20 cand=53->20 pick(must/bucket/top/rand)=1/5/10/4 sims=744 loop=724 best_avg=0.786343 best_move=9,6 leader=4 inc2=1 attack_w=0.25
DBG t=86 used=0.019 remain=0.265 turn_time=0.0189286 end_in=0.0189286 depth=11 dec=0 cand_cap=20 cand=57->20 pick(must/bucket/top/rand)=1/1/14/4 sims=680 loop=660 best_avg=1.00606 best_move=6,9 leader=4 inc2=1 attack_w=0.25
DBG t=99 used=0.016 remain=0.016 turn_time=0.016 end_in=0.015 depth=0 dec=1 cand_cap=20 cand=10->10 pick(must/bucket/top/rand)=1/3/6/0 sims=11102 loop=11092 best_avg=1.23996 best_move=0,3 leader=6 inc2=1 attack_w=0.25
DBG summary depth_safety_fired=1
Score = 269902
=== CASE 0080.txt ===
DBG hdr N=10 M=2 T=100 U=2 VMAX=1532 TIME_LIMIT=1.94 MAX_CAND=20 UCB_C=0.21
DBG t=0 used=0.02 remain=1.94 turn_time=0.0194 end_in=0.0194 depth=7 dec=0 cand_cap=20 cand=4->4 pick(must/bucket/top/rand)=1/2/1/0 sims=5832 loop=5828 best_avg=-2.79868 best_move=3,8 leader=1 inc2=1 attack_w=0.894318
DBG t=12 used=0.02 remain=1.7 turn_time=0.0193182 end_in=0.0193182 depth=7 dec=0 cand_cap=20 cand=27->20 pick(must/bucket/top/rand)=1/6/9/4 sims=3540 loop=3520 best_avg=-2.39361 best_move=6,3 leader=1 inc2=1 attack_w=0.25
DBG t=24 used=0.02 remain=1.46 turn_time=0.0192105 end_in=0.0192105 depth=7 dec=0 cand_cap=20 cand=12->12 pick(must/bucket/top/rand)=1/6/5/0 sims=3752 loop=3740 best_avg=-1.66185 best_move=7,4 leader=1 inc2=1 attack_w=0.25
DBG t=37 used=0.02 remain=1.2 turn_time=0.0190476 end_in=0.0190476 depth=10 dec=0 cand_cap=20 cand=38->20 pick(must/bucket/top/rand)=1/4/11/4 sims=2024 loop=2004 best_avg=-1.24541 best_move=8,2 leader=1 inc2=1 attack_w=0.25
DBG t=49 used=0.019 remain=0.968 turn_time=0.0189804 end_in=0.0189804 depth=10 dec=0 cand_cap=20 cand=42->20 pick(must/bucket/top/rand)=1/3/12/4 sims=1980 loop=1960 best_avg=-0.68701 best_move=9,2 leader=1 inc2=1 attack_w=0.15
DBG t=61 used=0.019 remain=0.74 turn_time=0.0189744 end_in=0.0189744 depth=10 dec=0 cand_cap=20 cand=45->20 pick(must/bucket/top/rand)=1/3/12/4 sims=1872 loop=1852 best_avg=-0.621154 best_move=8,3 leader=1 inc2=1 attack_w=0.15
DBG t=74 used=0.019 remain=0.493 turn_time=0.0189615 end_in=0.0189615 depth=11 dec=0 cand_cap=20 cand=48->20 pick(must/bucket/top/rand)=1/2/13/4 sims=1532 loop=1512 best_avg=-0.551676 best_move=2,7 leader=1 inc2=1 attack_w=0.15
DBG t=86 used=0.019 remain=0.265 turn_time=0.0189286 end_in=0.0189286 depth=11 dec=0 cand_cap=20 cand=55->20 pick(must/bucket/top/rand)=1/3/12/4 sims=1384 loop=1364 best_avg=-0.427917 best_move=9,2 leader=1 inc2=1 attack_w=0.15
DBG t=99 used=0.017 remain=0.017 turn_time=0.017 end_in=0.016 depth=0 dec=1 cand_cap=20 cand=58->20 pick(must/bucket/top/rand)=1/3/12/4 sims=17024 loop=17004 best_avg=0.907657 best_move=9,4 leader=1 inc2=1 attack_w=0.15
DBG summary depth_safety_fired=1
Score = 466906
=== CASE 0081.txt ===
DBG hdr N=10 M=3 T=100 U=5 VMAX=1476 TIME_LIMIT=1.94 MAX_CAND=20 UCB_C=0.21
DBG t=0 used=0.02 remain=1.94 turn_time=0.0194 end_in=0.0194 depth=7 dec=0 cand_cap=20 cand=5->5 pick(must/bucket/top/rand)=1/2/2/0 sims=4189 loop=4184 best_avg=-1.59095 best_move=2,3 leader=2 inc2=1 attack_w=1
DBG t=12 used=0.02 remain=1.7 turn_time=0.0193182 end_in=0.0193182 depth=7 dec=0 cand_cap=20 cand=19->19 pick(must/bucket/top/rand)=1/3/12/3 sims=3607 loop=3588 best_avg=-1.50002 best_move=4,4 leader=2 inc2=1 attack_w=0.644052
DBG t=24 used=0.02 remain=1.46 turn_time=0.0192105 end_in=0.0192105 depth=7 dec=0 cand_cap=20 cand=32->20 pick(must/bucket/top/rand)=1/8/7/4 sims=3676 loop=3656 best_avg=-0.632761 best_move=3,6 leader=2 inc2=1 attack_w=0.25
DBG t=37 used=0.02 remain=1.2 turn_time=0.0190476 end_in=0.0190476 depth=10 dec=0 cand_cap=20 cand=38->20 pick(must/bucket/top/rand)=1/8/7/4 sims=1988 loop=1968 best_avg=-0.875253 best_move=4,7 leader=1 inc2=1 attack_w=0.25
DBG t=49 used=0.019 remain=0.968 turn_time=0.0189804 end_in=0.0189804 depth=10 dec=0 cand_cap=20 cand=41->20 pick(must/bucket/top/rand)=1/8/7/4 sims=1712 loop=1692 best_avg=-0.497524 best_move=4,5 leader=1 inc2=1 attack_w=0.25
DBG t=61 used=0.019 remain=0.74 turn_time=0.0189744 end_in=0.0189744 depth=10 dec=0 cand_cap=20 cand=45->20 pick(must/bucket/top/rand)=1/8/7/4 sims=1616 loop=1596 best_avg=-0.459735 best_move=4,6 leader=1 inc2=1 attack_w=0.25
DBG t=74 used=0.019 remain=0.493 turn_time=0.0189615 end_in=0.0189615 depth=11 dec=0 cand_cap=20 cand=47->20 pick(must/bucket/top/rand)=1/8/7/4 sims=1352 loop=1332 best_avg=-0.387247 best_move=5,7 leader=1 inc2=1 attack_w=0.25
DBG t=86 used=0.019 remain=0.265 turn_time=0.0189286 end_in=0.0189286 depth=11 dec=0 cand_cap=20 cand=5->5 pick(must/bucket/top/rand)=1/4/0/0 sims=1725 loop=1720 best_avg=-0.352284 best_move=5,9 leader=1 inc2=1 attack_w=0.25
DBG t=99 used=0.017 remain=0.017 turn_time=0.017 end_in=0.016 depth=0 dec=1 cand_cap=20 cand=56->20 pick(must/bucket/top/rand)=1/8/7/4 sims=22436 loop=22416 best_avg=-0.0372635 best_move=5,6 leader=1 inc2=1 attack_w=0.25
DBG summary depth_safety_fired=1
Score = 236440
=== CASE 0079.txt ===
DBG hdr N=10 M=5 T=100 U=1 VMAX=1929 TIME_LIMIT=1.94 MAX_CAND=20 UCB_C=0.21
DBG t=0 used=0.02 remain=1.94 turn_time=0.0194 end_in=0.0194 depth=7 dec=0 cand_cap=20 cand=3->3 pick(must/bucket/top/rand)=1/2/0/0 sims=2859 loop=2856 best_avg=-0.960231 best_move=1,9 leader=3 inc2=1 attack_w=1
DBG t=12 used=0.02 remain=1.7 turn_time=0.0193182 end_in=0.0193182 depth=7 dec=0 cand_cap=20 cand=30->20 pick(must/bucket/top/rand)=1/5/10/4 sims=2124 loop=2104 best_avg=-0.278855 best_move=7,5 leader=4 inc2=0 attack_w=0.25
DBG t=24 used=0.02 remain=1.46 turn_time=0.0192105 end_in=0.0192105 depth=7 dec=0 cand_cap=20 cand=43->20 pick(must/bucket/top/rand)=1/5/10/4 sims=1924 loop=1904 best_avg=0.423432 best_move=8,5 leader=3 inc2=0 attack_w=0.25
DBG t=37 used=0.02 remain=1.2 turn_time=0.0190476 end_in=0.0190476 depth=10 dec=0 cand_cap=20 cand=56->20 pick(must/bucket/top/rand)=1/3/12/4 sims=1204 loop=1184 best_avg=0.877758 best_move=7,0 leader=1 inc2=0 attack_w=0.25
DBG t=49 used=0.019 remain=0.968 turn_time=0.0189804 end_in=0.0189804 depth=10 dec=0 cand_cap=20 cand=62->20 pick(must/bucket/top/rand)=1/6/9/4 sims=1124 loop=1104 best_avg=1.1329 best_move=1,6 leader=1 inc2=1 attack_w=0.25
DBG t=61 used=0.019 remain=0.74 turn_time=0.0189744 end_in=0.0189744 depth=10 dec=0 cand_cap=20 cand=70->20 pick(must/bucket/top/rand)=1/4/11/4 sims=1004 loop=984 best_avg=1.2655 best_move=2,6 leader=1 inc2=0 attack_w=0.25
DBG t=74 used=0.019 remain=0.493 turn_time=0.0189615 end_in=0.0189615 depth=11 dec=0 cand_cap=20 cand=72->20 pick(must/bucket/top/rand)=1/4/11/4 sims=928 loop=908 best_avg=1.32451 best_move=5,8 leader=1 inc2=0 attack_w=0.25
DBG t=86 used=0.019 remain=0.265 turn_time=0.0189286 end_in=0.0189286 depth=11 dec=0 cand_cap=20 cand=79->20 pick(must/bucket/top/rand)=1/5/10/4 sims=876 loop=856 best_avg=1.47695 best_move=4,1 leader=4 inc2=0 attack_w=0.25
DBG t=99 used=0.016 remain=0.016 turn_time=0.016 end_in=0.015 depth=0 dec=1 cand_cap=20 cand=82->20 pick(must/bucket/top/rand)=1/4/11/4 sims=9508 loop=9488 best_avg=1.90809 best_move=7,9 leader=2 inc2=0 attack_w=0.25
DBG summary depth_safety_fired=1
Score = 387889
=== CASE 0083.txt ===
DBG hdr N=10 M=5 T=100 U=4 VMAX=2622 TIME_LIMIT=1.94 MAX_CAND=20 UCB_C=0.21
DBG t=0 used=0.02 remain=1.94 turn_time=0.0194 end_in=0.0194 depth=7 dec=0 cand_cap=20 cand=4->4 pick(must/bucket/top/rand)=1/2/1/0 sims=4028 loop=4024 best_avg=-0.954381 best_move=0,4 leader=3 inc2=1 attack_w=1
DBG t=12 used=0.02 remain=1.7 turn_time=0.0193182 end_in=0.0193182 depth=7 dec=0 cand_cap=20 cand=11->11 pick(must/bucket/top/rand)=1/5/5/0 sims=2531 loop=2520 best_avg=-0.423565 best_move=0,4 leader=3 inc2=0 attack_w=0.25
DBG t=24 used=0.02 remain=1.46 turn_time=0.0192105 end_in=0.0192105 depth=7 dec=0 cand_cap=20 cand=14->14 pick(must/bucket/top/rand)=1/6/7/0 sims=2490 loop=2476 best_avg=-0.519047 best_move=1,4 leader=3 inc2=1 attack_w=0.25
DBG t=37 used=0.02 remain=1.2 turn_time=0.0190476 end_in=0.0190476 depth=10 dec=0 cand_cap=20 cand=18->18 pick(must/bucket/top/rand)=1/6/9/2 sims=1270 loop=1252 best_avg=-0.557504 best_move=2,4 leader=3 inc2=1 attack_w=0.25
DBG t=49 used=0.019 remain=0.968 turn_time=0.0189804 end_in=0.0189804 depth=10 dec=0 cand_cap=20 cand=17->17 pick(must/bucket/top/rand)=1/6/9/1 sims=1205 loop=1188 best_avg=-0.473068 best_move=0,6 leader=3 inc2=1 attack_w=0.25
DBG t=61 used=0.019 remain=0.74 turn_time=0.0189744 end_in=0.0189744 depth=10 dec=0 cand_cap=20 cand=19->19 pick(must/bucket/top/rand)=1/6/9/3 sims=1099 loop=1080 best_avg=-0.400698 best_move=0,2 leader=3 inc2=1 attack_w=0.25
DBG t=74 used=0.019 remain=0.493 turn_time=0.0189615 end_in=0.0189615 depth=11 dec=0 cand_cap=20 cand=24->20 pick(must/bucket/top/rand)=1/6/9/4 sims=984 loop=964 best_avg=-0.311268 best_move=3,5 leader=3 inc2=1 attack_w=0.25
DBG t=86 used=0.019 remain=0.265 turn_time=0.0189286 end_in=0.0189286 depth=11 dec=0 cand_cap=20 cand=28->20 pick(must/bucket/top/rand)=1/7/8/4 sims=896 loop=876 best_avg=-0.334626 best_move=1,8 leader=3 inc2=1 attack_w=0.25
DBG t=99 used=0.016 remain=0.016 turn_time=0.016 end_in=0.015 depth=0 dec=1 cand_cap=20 cand=30->20 pick(must/bucket/top/rand)=1/7/8/4 sims=5628 loop=5608 best_avg=-0.318685 best_move=1,3 leader=3 inc2=1 attack_w=0.25
DBG summary depth_safety_fired=1
Score = 138563
=== CASE 0085.txt ===
DBG hdr N=10 M=2 T=100 U=4 VMAX=1553 TIME_LIMIT=1.94 MAX_CAND=20 UCB_C=0.21
DBG t=0 used=0.02 remain=1.94 turn_time=0.0194 end_in=0.0194 depth=7 dec=0 cand_cap=20 cand=5->5 pick(must/bucket/top/rand)=1/2/2/0 sims=5237 loop=5232 best_avg=-2.68785 best_move=4,8 leader=1 inc2=1 attack_w=0.15
DBG t=12 used=0.02 remain=1.7 turn_time=0.0193182 end_in=0.0193182 depth=7 dec=0 cand_cap=20 cand=11->11 pick(must/bucket/top/rand)=1/7/3/0 sims=4919 loop=4908 best_avg=-2.46618 best_move=0,9 leader=1 inc2=1 attack_w=0.25
DBG t=24 used=0.02 remain=1.46 turn_time=0.0192105 end_in=0.0192105 depth=7 dec=0 cand_cap=20 cand=16->16 pick(must/bucket/top/rand)=1/8/7/0 sims=4048 loop=4032 best_avg=-2.38805 best_move=3,7 leader=1 inc2=1 attack_w=0.25
DBG t=37 used=0.02 remain=1.2 turn_time=0.0190476 end_in=0.0190476 depth=10 dec=0 cand_cap=20 cand=31->20 pick(must/bucket/top/rand)=1/8/7/4 sims=2176 loop=2156 best_avg=-2.27911 best_move=6,8 leader=1 inc2=1 attack_w=0.25
DBG t=49 used=0.019 remain=0.968 turn_time=0.0189804 end_in=0.0189804 depth=10 dec=0 cand_cap=20 cand=8->8 pick(must/bucket/top/rand)=1/7/0/0 sims=2036 loop=2028 best_avg=-2.09646 best_move=6,8 leader=1 inc2=1 attack_w=0.25
DBG t=61 used=0.019 remain=0.74 turn_time=0.0189744 end_in=0.0189744 depth=10 dec=0 cand_cap=20 cand=52->20 pick(must/bucket/top/rand)=1/8/7/4 sims=1520 loop=1500 best_avg=-2.01787 best_move=5,4 leader=1 inc2=1 attack_w=0.25
DBG t=74 used=0.019 remain=0.493 turn_time=0.0189615 end_in=0.0189615 depth=11 dec=0 cand_cap=20 cand=66->20 pick(must/bucket/top/rand)=1/8/7/4 sims=1144 loop=1124 best_avg=-1.75882 best_move=5,4 leader=1 inc2=1 attack_w=0.25
DBG t=86 used=0.019 remain=0.265 turn_time=0.0189286 end_in=0.0189286 depth=11 dec=0 cand_cap=20 cand=78->20 pick(must/bucket/top/rand)=1/7/8/4 sims=1228 loop=1208 best_avg=-1.60352 best_move=5,4 leader=1 inc2=1 attack_w=0.25
DBG t=99 used=0.018 remain=0.018 turn_time=0.018 end_in=0.017 depth=0 dec=0 cand_cap=20 cand=87->20 pick(must/bucket/top/rand)=1/8/7/4 sims=54136 loop=54116 best_avg=-0.958087 best_move=6,1 leader=1 inc2=1 attack_w=0.25
DBG summary depth_safety_fired=0
Score = 288628
=== CASE 0084.txt ===
DBG hdr N=10 M=5 T=100 U=1 VMAX=1974 TIME_LIMIT=1.94 MAX_CAND=20 UCB_C=0.21
DBG t=0 used=0.02 remain=1.94 turn_time=0.0194 end_in=0.0194 depth=7 dec=0 cand_cap=20 cand=5->5 pick(must/bucket/top/rand)=1/2/2/0 sims=2689 loop=2684 best_avg=-0.905008 best_move=4,7 leader=3 inc2=1 attack_w=0.783143
DBG t=12 used=0.02 remain=1.7 turn_time=0.0193182 end_in=0.0193182 depth=7 dec=0 cand_cap=20 cand=7->7 pick(must/bucket/top/rand)=1/4/2/0 sims=2075 loop=2068 best_avg=-1.36039 best_move=7,7 leader=3 inc2=0 attack_w=1
DBG t=24 used=0.02 remain=1.46 turn_time=0.0192105 end_in=0.0192105 depth=7 dec=0 cand_cap=20 cand=27->20 pick(must/bucket/top/rand)=1/5/10/4 sims=1828 loop=1808 best_avg=-0.376764 best_move=9,5 leader=1 inc2=1 attack_w=0.25
DBG t=37 used=0.02 remain=1.2 turn_time=0.0190476 end_in=0.0190476 depth=10 dec=0 cand_cap=20 cand=11->11 pick(must/bucket/top/rand)=1/4/6/0 sims=1415 loop=1404 best_avg=0.19946 best_move=1,8 leader=1 inc2=0 attack_w=0.25
DBG t=49 used=0.019 remain=0.968 turn_time=0.0189804 end_in=0.0189804 depth=10 dec=0 cand_cap=20 cand=18->18 pick(must/bucket/top/rand)=1/5/10/2 sims=1302 loop=1284 best_avg=0.18195 best_move=3,7 leader=3 inc2=0 attack_w=0.25
DBG t=61 used=0.019 remain=0.74 turn_time=0.0189744 end_in=0.0189744 depth=10 dec=0 cand_cap=20 cand=23->20 pick(must/bucket/top/rand)=1/1/14/4 sims=1036 loop=1016 best_avg=-0.31795 best_move=4,8 leader=4 inc2=0 attack_w=0.25
DBG t=74 used=0.019 remain=0.493 turn_time=0.0189615 end_in=0.0189615 depth=11 dec=0 cand_cap=20 cand=26->20 pick(must/bucket/top/rand)=1/4/11/4 sims=840 loop=820 best_avg=-0.592379 best_move=6,8 leader=4 inc2=1 attack_w=0.25
DBG t=86 used=0.019 remain=0.265 turn_time=0.0189286 end_in=0.0189286 depth=11 dec=0 cand_cap=20 cand=13->13 pick(must/bucket/top/rand)=1/4/8/0 sims=801 loop=788 best_avg=-0.160076 best_move=7,3 leader=3 inc2=1 attack_w=0.25
DBG t=99 used=0.018 remain=0.018 turn_time=0.018 end_in=0.017 depth=0 dec=0 cand_cap=20 cand=58->20 pick(must/bucket/top/rand)=1/6/9/4 sims=23476 loop=23456 best_avg=0.0609971 best_move=1,6 leader=2 inc2=0 attack_w=0.25
DBG summary depth_safety_fired=0
Score = 166562
=== CASE 0089.txt ===
DBG hdr N=10 M=3 T=100 U=2 VMAX=1407 TIME_LIMIT=1.94 MAX_CAND=20 UCB_C=0.21
DBG t=0 used=0.02 remain=1.94 turn_time=0.0194 end_in=0.0194 depth=7 dec=0 cand_cap=20 cand=4->4 pick(must/bucket/top/rand)=1/2/1/0 sims=4396 loop=4392 best_avg=-1.72854 best_move=2,0 leader=1 inc2=1 attack_w=1
DBG t=12 used=0.02 remain=1.7 turn_time=0.0193182 end_in=0.0193182 depth=7 dec=0 cand_cap=20 cand=15->15 pick(must/bucket/top/rand)=1/4/10/0 sims=2627 loop=2612 best_avg=-1.45415 best_move=3,3 leader=1 inc2=1 attack_w=0.703803
DBG t=24 used=0.02 remain=1.46 turn_time=0.0192105 end_in=0.0192105 depth=7 dec=0 cand_cap=20 cand=27->20 pick(must/bucket/top/rand)=1/6/9/4 sims=2324 loop=2304 best_avg=-1.35029 best_move=4,3 leader=2 inc2=1 attack_w=0.25
DBG t=37 used=0.02 remain=1.2 turn_time=0.0190476 end_in=0.0190476 depth=10 dec=0 cand_cap=20 cand=6->6 pick(must/bucket/top/rand)=1/4/1/0 sims=1942 loop=1936 best_avg=-1.58419 best_move=6,6 leader=2 inc2=1 attack_w=0.960286
DBG t=49 used=0.019 remain=0.968 turn_time=0.0189804 end_in=0.0189804 depth=10 dec=0 cand_cap=20 cand=11->11 pick(must/bucket/top/rand)=1/5/5/0 sims=1763 loop=1752 best_avg=-1.34763 best_move=8,5 leader=1 inc2=1 attack_w=0.25
DBG t=61 used=0.019 remain=0.74 turn_time=0.0189744 end_in=0.0189744 depth=10 dec=0 cand_cap=20 cand=27->20 pick(must/bucket/top/rand)=1/8/7/4 sims=1492 loop=1472 best_avg=-1.02656 best_move=4,5 leader=1 inc2=1 attack_w=0.25
DBG t=74 used=0.019 remain=0.493 turn_time=0.0189615 end_in=0.0189615 depth=11 dec=0 cand_cap=20 cand=22->20 pick(must/bucket/top/rand)=1/7/8/4 sims=1028 loop=1008 best_avg=-1.11299 best_move=2,3 leader=1 inc2=1 attack_w=0.25
DBG t=86 used=0.019 remain=0.265 turn_time=0.0189286 end_in=0.0189286 depth=11 dec=0 cand_cap=20 cand=56->20 pick(must/bucket/top/rand)=1/8/7/4 sims=1008 loop=988 best_avg=-1.14725 best_move=3,4 leader=2 inc2=1 attack_w=0.25
DBG t=99 used=0.018 remain=0.018 turn_time=0.018 end_in=0.017 depth=0 dec=0 cand_cap=20 cand=63->20 pick(must/bucket/top/rand)=1/8/7/4 sims=44836 loop=44816 best_avg=-0.834063 best_move=5,5 leader=1 inc2=1 attack_w=0.25
DBG summary depth_safety_fired=0
Score = 156051
=== CASE 0086.txt ===
DBG hdr N=10 M=8 T=100 U=5 VMAX=4599 TIME_LIMIT=1.94 MAX_CAND=20 UCB_C=0.21
DBG t=0 used=0.02 remain=1.94 turn_time=0.0194 end_in=0.0194 depth=7 dec=0 cand_cap=20 cand=5->5 pick(must/bucket/top/rand)=1/2/2/0 sims=2161 loop=2156 best_avg=-1.82643 best_move=9,6 leader=2 inc2=1 attack_w=1
DBG t=12 used=0.02 remain=1.7 turn_time=0.0193182 end_in=0.0193182 depth=7 dec=0 cand_cap=20 cand=11->11 pick(must/bucket/top/rand)=1/2/8/0 sims=1547 loop=1536 best_avg=-1.73969 best_move=8,5 leader=2 inc2=1 attack_w=1
DBG t=24 used=0.02 remain=1.46 turn_time=0.0192105 end_in=0.0192105 depth=7 dec=0 cand_cap=20 cand=20->20 pick(must/bucket/top/rand)=1/4/11/4 sims=1472 loop=1452 best_avg=-1.08954 best_move=9,3 leader=2 inc2=1 attack_w=1
DBG t=37 used=0.02 remain=1.2 turn_time=0.0190476 end_in=0.0190476 depth=10 dec=0 cand_cap=20 cand=14->14 pick(must/bucket/top/rand)=1/4/9/0 sims=986 loop=972 best_avg=-1.11124 best_move=9,9 leader=2 inc2=1 attack_w=1
DBG t=49 used=0.019 remain=0.968 turn_time=0.0189804 end_in=0.0189804 depth=10 dec=0 cand_cap=20 cand=23->20 pick(must/bucket/top/rand)=1/5/10/4 sims=976 loop=956 best_avg=-0.697214 best_move=8,8 leader=2 inc2=1 attack_w=1
DBG t=61 used=0.019 remain=0.74 turn_time=0.0189744 end_in=0.0189744 depth=10 dec=0 cand_cap=20 cand=26->20 pick(must/bucket/top/rand)=1/2/13/4 sims=1136 loop=1116 best_avg=-0.508501 best_move=7,8 leader=2 inc2=1 attack_w=1
DBG t=74 used=0.019 remain=0.493 turn_time=0.0189615 end_in=0.0189615 depth=11 dec=0 cand_cap=20 cand=30->20 pick(must/bucket/top/rand)=1/2/13/4 sims=992 loop=972 best_avg=-0.321242 best_move=8,1 leader=2 inc2=1 attack_w=0.709736
DBG t=86 used=0.019 remain=0.265 turn_time=0.0189286 end_in=0.0189286 depth=11 dec=0 cand_cap=20 cand=35->20 pick(must/bucket/top/rand)=1/5/10/4 sims=1012 loop=992 best_avg=-0.242827 best_move=7,0 leader=4 inc2=1 attack_w=0.25
DBG t=99 used=0.018 remain=0.018 turn_time=0.018 end_in=0.017 depth=0 dec=0 cand_cap=20 cand=38->20 pick(must/bucket/top/rand)=1/5/10/4 sims=18128 loop=18108 best_avg=-0.170549 best_move=6,0 leader=7 inc2=1 attack_w=0.25
DBG summary depth_safety_fired=0
Score = 119606
=== CASE 0087.txt ===
DBG hdr N=10 M=4 T=100 U=3 VMAX=2225 TIME_LIMIT=1.94 MAX_CAND=20 UCB_C=0.21
DBG t=0 used=0.02 remain=1.94 turn_time=0.0194 end_in=0.0194 depth=7 dec=0 cand_cap=20 cand=5->5 pick(must/bucket/top/rand)=1/2/2/0 sims=3869 loop=3864 best_avg=-1.89684 best_move=8,3 leader=2 inc2=1 attack_w=1
DBG t=12 used=0.02 remain=1.699 turn_time=0.0193068 end_in=0.0193068 depth=7 dec=0 cand_cap=20 cand=15->15 pick(must/bucket/top/rand)=1/4/10/0 sims=2679 loop=2664 best_avg=-1.82089 best_move=6,5 leader=2 inc2=1 attack_w=1
DBG t=24 used=0.02 remain=1.459 turn_time=0.0191974 end_in=0.0191974 depth=7 dec=0 cand_cap=20 cand=25->20 pick(must/bucket/top/rand)=1/7/8/4 sims=2236 loop=2216 best_avg=-1.465 best_move=1,7 leader=2 inc2=0 attack_w=1
DBG t=37 used=0.02 remain=1.199 turn_time=0.0190317 end_in=0.0190317 depth=10 dec=0 cand_cap=20 cand=30->20 pick(must/bucket/top/rand)=1/5/10/4 sims=1316 loop=1296 best_avg=-1.30619 best_move=4,5 leader=2 inc2=0 attack_w=1
DBG t=49 used=0.019 remain=0.968 turn_time=0.0189804 end_in=0.0189804 depth=10 dec=0 cand_cap=20 cand=34->20 pick(must/bucket/top/rand)=1/6/9/4 sims=1140 loop=1120 best_avg=-1.26241 best_move=2,5 leader=2 inc2=0 attack_w=0.718737
DBG t=61 used=0.019 remain=0.74 turn_time=0.0189744 end_in=0.0189744 depth=10 dec=0 cand_cap=20 cand=32->20 pick(must/bucket/top/rand)=1/7/8/4 sims=1144 loop=1124 best_avg=-1.06486 best_move=2,4 leader=2 inc2=1 attack_w=0.306739
DBG t=74 used=0.019 remain=0.493 turn_time=0.0189615 end_in=0.0189615 depth=11 dec=0 cand_cap=20 cand=34->20 pick(must/bucket/top/rand)=1/7/8/4 sims=936 loop=916 best_avg=-1.03509 best_move=0,7 leader=2 inc2=1 attack_w=0.25
DBG t=86 used=0.019 remain=0.265 turn_time=0.0189286 end_in=0.0189286 depth=11 dec=0 cand_cap=20 cand=35->20 pick(must/bucket/top/rand)=1/7/8/4 sims=956 loop=936 best_avg=-1.04633 best_move=2,7 leader=2 inc2=1 attack_w=0.25
DBG t=99 used=0.018 remain=0.018 turn_time=0.018 end_in=0.017 depth=0 dec=0 cand_cap=20 cand=36->20 pick(must/bucket/top/rand)=1/6/9/4 sims=17704 loop=17684 best_avg=-0.983627 best_move=3,6 leader=3 inc2=1 attack_w=0.25
DBG summary depth_safety_fired=0
Score = 109828
=== CASE 0088.txt ===
DBG hdr N=10 M=3 T=100 U=3 VMAX=1748 TIME_LIMIT=1.94 MAX_CAND=20 UCB_C=0.21
DBG t=0 used=0.02 remain=1.94 turn_time=0.0194 end_in=0.0194 depth=7 dec=0 cand_cap=20 cand=5->5 pick(must/bucket/top/rand)=1/2/2/0 sims=4253 loop=4248 best_avg=-1.32763 best_move=4,5 leader=2 inc2=1 attack_w=0.15
DBG t=12 used=0.02 remain=1.696 turn_time=0.0192727 end_in=0.0192727 depth=7 dec=0 cand_cap=20 cand=24->20 pick(must/bucket/top/rand)=1/2/13/4 sims=3204 loop=3184 best_avg=-0.947801 best_move=9,7 leader=2 inc2=1 attack_w=0.25
DBG t=24 used=0.02 remain=1.456 turn_time=0.0191579 end_in=0.0191579 depth=7 dec=0 cand_cap=20 cand=33->20 pick(must/bucket/top/rand)=1/2/13/4 sims=2456 loop=2436 best_avg=-0.780552 best_move=6,9 leader=1 inc2=1 attack_w=0.25
DBG t=37 used=0.019 remain=1.196 turn_time=0.0189841 end_in=0.0189841 depth=10 dec=0 cand_cap=20 cand=39->20 pick(must/bucket/top/rand)=1/3/12/4 sims=1436 loop=1416 best_avg=-0.659029 best_move=8,3 leader=1 inc2=1 attack_w=0.25
DBG t=49 used=0.019 remain=0.968 turn_time=0.0189804 end_in=0.0189804 depth=10 dec=0 cand_cap=20 cand=41->20 pick(must/bucket/top/rand)=1/4/11/4 sims=1380 loop=1360 best_avg=-0.901286 best_move=7,4 leader=2 inc2=1 attack_w=0.25
DBG t=61 used=0.019 remain=0.74 turn_time=0.0189744 end_in=0.0189744 depth=10 dec=0 cand_cap=20 cand=46->20 pick(must/bucket/top/rand)=1/6/9/4 sims=1384 loop=1364 best_avg=-1.00991 best_move=8,7 leader=2 inc2=1 attack_w=0.25
DBG t=74 used=0.019 remain=0.493 turn_time=0.0189615 end_in=0.0189615 depth=11 dec=0 cand_cap=20 cand=51->20 pick(must/bucket/top/rand)=1/7/8/4 sims=1084 loop=1064 best_avg=-1.09839 best_move=9,4 leader=2 inc2=1 attack_w=0.25
DBG t=86 used=0.019 remain=0.265 turn_time=0.0189286 end_in=0.0189286 depth=11 dec=0 cand_cap=20 cand=52->20 pick(must/bucket/top/rand)=1/6/9/4 sims=1088 loop=1068 best_avg=-1.08076 best_move=7,6 leader=2 inc2=1 attack_w=0.25
DBG t=99 used=0.018 remain=0.018 turn_time=0.018 end_in=0.017 depth=0 dec=0 cand_cap=20 cand=55->20 pick(must/bucket/top/rand)=1/7/8/4 sims=25908 loop=25888 best_avg=-1.0176 best_move=7,4 leader=1 inc2=1 attack_w=0.25
DBG summary depth_safety_fired=0
Score = 150528
=== CASE 0090.txt ===
DBG hdr N=10 M=7 T=100 U=5 VMAX=1976 TIME_LIMIT=1.94 MAX_CAND=20 UCB_C=0.21
DBG t=0 used=0.02 remain=1.94 turn_time=0.0194 end_in=0.0194 depth=7 dec=0 cand_cap=20 cand=5->5 pick(must/bucket/top/rand)=1/2/2/0 sims=2181 loop=2176 best_avg=-0.807341 best_move=6,1 leader=5 inc2=1 attack_w=1
DBG t=12 used=0.02 remain=1.7 turn_time=0.0193182 end_in=0.0193182 depth=7 dec=0 cand_cap=20 cand=7->7 pick(must/bucket/top/rand)=1/3/3/0 sims=2219 loop=2212 best_avg=-0.295779 best_move=3,0 leader=2 inc2=1 attack_w=0.4743
DBG t=24 used=0.02 remain=1.46 turn_time=0.0192105 end_in=0.0192105 depth=7 dec=0 cand_cap=20 cand=16->16 pick(must/bucket/top/rand)=1/5/10/0 sims=1964 loop=1948 best_avg=-0.350111 best_move=2,0 leader=4 inc2=1 attack_w=0.25
DBG t=37 used=0.02 remain=1.2 turn_time=0.0190476 end_in=0.0190476 depth=10 dec=0 cand_cap=20 cand=24->20 pick(must/bucket/top/rand)=1/6/9/4 sims=1364 loop=1344 best_avg=-0.237441 best_move=8,2 leader=3 inc2=1 attack_w=0.25
DBG t=49 used=0.019 remain=0.968 turn_time=0.0189804 end_in=0.0189804 depth=10 dec=0 cand_cap=20 cand=29->20 pick(must/bucket/top/rand)=1/6/9/4 sims=1164 loop=1144 best_avg=-0.22784 best_move=5,3 leader=3 inc2=1 attack_w=0.25
DBG t=61 used=0.019 remain=0.74 turn_time=0.0189744 end_in=0.0189744 depth=10 dec=0 cand_cap=20 cand=30->20 pick(must/bucket/top/rand)=1/4/11/4 sims=1112 loop=1092 best_avg=-0.125712 best_move=3,1 leader=6 inc2=1 attack_w=0.25
DBG t=74 used=0.019 remain=0.493 turn_time=0.0189615 end_in=0.0189615 depth=11 dec=0 cand_cap=20 cand=36->20 pick(must/bucket/top/rand)=1/6/9/4 sims=908 loop=888 best_avg=-0.108171 best_move=5,5 leader=6 inc2=1 attack_w=0.25
DBG t=86 used=0.019 remain=0.265 turn_time=0.0189286 end_in=0.0189286 depth=11 dec=0 cand_cap=20 cand=37->20 pick(must/bucket/top/rand)=1/7/8/4 sims=1056 loop=1036 best_avg=-0.0137818 best_move=5,5 leader=4 inc2=1 attack_w=0.25
DBG t=99 used=0.018 remain=0.018 turn_time=0.018 end_in=0.017 depth=0 dec=0 cand_cap=20 cand=41->20 pick(must/bucket/top/rand)=1/6/9/4 sims=19612 loop=19592 best_avg=-0.0277918 best_move=3,3 leader=4 inc2=1 attack_w=0.25
DBG summary depth_safety_fired=0
Score = 141452
=== CASE 0091.txt ===
DBG hdr N=10 M=3 T=100 U=2 VMAX=1676 TIME_LIMIT=1.94 MAX_CAND=20 UCB_C=0.21
DBG t=0 used=0.02 remain=1.94 turn_time=0.0194 end_in=0.0194 depth=7 dec=0 cand_cap=20 cand=4->4 pick(must/bucket/top/rand)=1/2/1/0 sims=4252 loop=4248 best_avg=-1.48196 best_move=0,4 leader=2 inc2=1 attack_w=0.643448
DBG t=12 used=0.02 remain=1.7 turn_time=0.0193182 end_in=0.0193182 depth=7 dec=0 cand_cap=20 cand=23->20 pick(must/bucket/top/rand)=1/6/9/4 sims=2708 loop=2688 best_avg=-0.998819 best_move=4,8 leader=2 inc2=1 attack_w=0.25
DBG t=24 used=0.02 remain=1.46 turn_time=0.0192105 end_in=0.0192105 depth=7 dec=0 cand_cap=20 cand=36->20 pick(must/bucket/top/rand)=1/8/7/4 sims=1924 loop=1904 best_avg=-0.979395 best_move=2,7 leader=1 inc2=1 attack_w=0.25
DBG t=37 used=0.02 remain=1.2 turn_time=0.0190476 end_in=0.0190476 depth=10 dec=0 cand_cap=20 cand=39->20 pick(must/bucket/top/rand)=1/8/7/4 sims=1296 loop=1276 best_avg=-1.19898 best_move=4,7 leader=1 inc2=1 attack_w=0.25
DBG t=49 used=0.019 remain=0.968 turn_time=0.0189804 end_in=0.0189804 depth=10 dec=0 cand_cap=20 cand=46->20 pick(must/bucket/top/rand)=1/8/7/4 sims=1036 loop=1016 best_avg=-1.12254 best_move=6,6 leader=1 inc2=1 attack_w=0.25
DBG t=61 used=0.019 remain=0.74 turn_time=0.0189744 end_in=0.0189744 depth=10 dec=0 cand_cap=20 cand=49->20 pick(must/bucket/top/rand)=1/8/7/4 sims=1116 loop=1096 best_avg=-0.991159 best_move=6,7 leader=1 inc2=1 attack_w=0.25
DBG t=74 used=0.019 remain=0.493 turn_time=0.0189615 end_in=0.0189615 depth=11 dec=0 cand_cap=20 cand=52->20 pick(must/bucket/top/rand)=1/8/7/4 sims=1016 loop=996 best_avg=-0.959653 best_move=2,9 leader=1 inc2=1 attack_w=0.25
DBG t=86 used=0.019 remain=0.265 turn_time=0.0189286 end_in=0.0189286 depth=11 dec=0 cand_cap=20 cand=54->20 pick(must/bucket/top/rand)=1/8/7/4 sims=1008 loop=988 best_avg=-1.3413 best_move=1,6 leader=1 inc2=1 attack_w=0.25
DBG t=99 used=0.018 remain=0.018 turn_time=0.018 end_in=0.017 depth=0 dec=0 cand_cap=20 cand=59->20 pick(must/bucket/top/rand)=1/8/7/4 sims=27264 loop=27244 best_avg=-1.35516 best_move=1,6 leader=1 inc2=1 attack_w=0.25
DBG summary depth_safety_fired=0
Score = 117688
=== CASE 0093.txt ===
DBG hdr N=10 M=8 T=100 U=3 VMAX=1791 TIME_LIMIT=1.94 MAX_CAND=20 UCB_C=0.21
DBG t=0 used=0.02 remain=1.94 turn_time=0.0194 end_in=0.0194 depth=7 dec=0 cand_cap=20 cand=4->4 pick(must/bucket/top/rand)=1/2/1/0 sims=2036 loop=2032 best_avg=-0.67538 best_move=0,6 leader=2 inc2=1 attack_w=1
DBG t=12 used=0.02 remain=1.7 turn_time=0.0193182 end_in=0.0193182 depth=7 dec=0 cand_cap=20 cand=14->14 pick(must/bucket/top/rand)=1/7/6/0 sims=1502 loop=1488 best_avg=-0.333487 best_move=1,3 leader=7 inc2=1 attack_w=0.632978
DBG t=24 used=0.02 remain=1.46 turn_time=0.0192105 end_in=0.0192105 depth=7 dec=0 cand_cap=20 cand=17->17 pick(must/bucket/top/rand)=1/8/7/1 sims=1529 loop=1512 best_avg=-0.274132 best_move=1,2 leader=1 inc2=1 attack_w=0.454772
DBG t=37 used=0.02 remain=1.2 turn_time=0.0190476 end_in=0.0190476 depth=10 dec=0 cand_cap=20 cand=26->20 pick(must/bucket/top/rand)=1/8/7/4 sims=1004 loop=984 best_avg=-0.304393 best_move=0,3 leader=1 inc2=1 attack_w=0.25
DBG t=49 used=0.019 remain=0.968 turn_time=0.0189804 end_in=0.0189804 depth=10 dec=0 cand_cap=20 cand=10->10 pick(must/bucket/top/rand)=1/4/5/0 sims=1034 loop=1024 best_avg=-0.41086 best_move=1,2 leader=5 inc2=1 attack_w=0.28513
DBG t=61 used=0.019 remain=0.74 turn_time=0.0189744 end_in=0.0189744 depth=10 dec=0 cand_cap=20 cand=7->7 pick(must/bucket/top/rand)=1/2/4/0 sims=1211 loop=1204 best_avg=-0.531076 best_move=1,2 leader=5 inc2=1 attack_w=1
DBG t=74 used=0.019 remain=0.493 turn_time=0.0189615 end_in=0.0189615 depth=11 dec=0 cand_cap=20 cand=10->10 pick(must/bucket/top/rand)=1/4/5/0 sims=1102 loop=1092 best_avg=-0.614203 best_move=4,0 leader=1 inc2=1 attack_w=1
DBG t=86 used=0.019 remain=0.265 turn_time=0.0189286 end_in=0.0189286 depth=11 dec=0 cand_cap=20 cand=13->13 pick(must/bucket/top/rand)=1/6/6/0 sims=1037 loop=1024 best_avg=-0.521462 best_move=6,0 leader=5 inc2=1 attack_w=0.814538
DBG t=99 used=0.018 remain=0.018 turn_time=0.018 end_in=0.017 depth=0 dec=0 cand_cap=20 cand=18->18 pick(must/bucket/top/rand)=1/6/9/2 sims=19022 loop=19004 best_avg=-0.460403 best_move=1,1 leader=5 inc2=1 attack_w=0.519129
DBG summary depth_safety_fired=0
Score = 101919
=== CASE 0092.txt ===
DBG hdr N=10 M=5 T=100 U=2 VMAX=1591 TIME_LIMIT=1.94 MAX_CAND=20 UCB_C=0.21
DBG t=0 used=0.02 remain=1.94 turn_time=0.0194 end_in=0.0194 depth=7 dec=0 cand_cap=20 cand=4->4 pick(must/bucket/top/rand)=1/2/1/0 sims=3324 loop=3320 best_avg=-0.968183 best_move=0,4 leader=1 inc2=1 attack_w=1
DBG t=12 used=0.02 remain=1.7 turn_time=0.0193182 end_in=0.0193182 depth=7 dec=0 cand_cap=20 cand=18->18 pick(must/bucket/top/rand)=1/2/13/2 sims=2238 loop=2220 best_avg=-0.669496 best_move=1,7 leader=3 inc2=1 attack_w=0.25
DBG t=24 used=0.02 remain=1.46 turn_time=0.0192105 end_in=0.0192105 depth=7 dec=0 cand_cap=20 cand=34->20 pick(must/bucket/top/rand)=1/4/11/4 sims=1740 loop=1720 best_avg=-0.28053 best_move=0,0 leader=3 inc2=1 attack_w=0.25
DBG t=37 used=0.02 remain=1.2 turn_time=0.0190476 end_in=0.0190476 depth=10 dec=0 cand_cap=20 cand=47->20 pick(must/bucket/top/rand)=1/6/9/4 sims=1120 loop=1100 best_avg=-0.0158669 best_move=7,4 leader=2 inc2=1 attack_w=0.25
DBG t=49 used=0.019 remain=0.968 turn_time=0.0189804 end_in=0.0189804 depth=10 dec=0 cand_cap=20 cand=16->16 pick(must/bucket/top/rand)=1/5/10/0 sims=1240 loop=1224 best_avg=0.168688 best_move=5,4 leader=3 inc2=1 attack_w=0.25
DBG t=61 used=0.019 remain=0.74 turn_time=0.0189744 end_in=0.0189744 depth=10 dec=0 cand_cap=20 cand=60->20 pick(must/bucket/top/rand)=1/8/7/4 sims=916 loop=896 best_avg=0.235015 best_move=5,5 leader=2 inc2=1 attack_w=0.25
DBG t=74 used=0.019 remain=0.493 turn_time=0.0189615 end_in=0.0189615 depth=11 dec=0 cand_cap=20 cand=59->20 pick(must/bucket/top/rand)=1/6/9/4 sims=864 loop=844 best_avg=0.110532 best_move=3,4 leader=4 inc2=1 attack_w=0.25
DBG t=86 used=0.019 remain=0.265 turn_time=0.0189286 end_in=0.0189286 depth=11 dec=0 cand_cap=20 cand=63->20 pick(must/bucket/top/rand)=1/6/9/4 sims=836 loop=816 best_avg=0.120539 best_move=3,2 leader=2 inc2=1 attack_w=0.25
DBG t=99 used=0.018 remain=0.018 turn_time=0.018 end_in=0.017 depth=0 dec=0 cand_cap=20 cand=64->20 pick(must/bucket/top/rand)=1/7/8/4 sims=26392 loop=26372 best_avg=0.276203 best_move=1,8 leader=4 inc2=1 attack_w=0.25
DBG summary depth_safety_fired=0
Score = 187677
=== CASE 0094.txt ===
DBG hdr N=10 M=2 T=100 U=4 VMAX=1645 TIME_LIMIT=1.94 MAX_CAND=20 UCB_C=0.21
DBG t=0 used=0.02 remain=1.94 turn_time=0.0194 end_in=0.0194 depth=7 dec=0 cand_cap=20 cand=5->5 pick(must/bucket/top/rand)=1/2/2/0 sims=5753 loop=5748 best_avg=-2.82094 best_move=4,4 leader=1 inc2=1 attack_w=0.269917
DBG t=12 used=0.02 remain=1.7 turn_time=0.0193182 end_in=0.0193182 depth=7 dec=0 cand_cap=20 cand=14->14 pick(must/bucket/top/rand)=1/2/11/0 sims=4218 loop=4204 best_avg=-2.93203 best_move=3,7 leader=1 inc2=1 attack_w=0.25
DBG t=24 used=0.02 remain=1.46 turn_time=0.0192105 end_in=0.0192105 depth=7 dec=0 cand_cap=20 cand=22->20 pick(must/bucket/top/rand)=1/2/13/4 sims=3728 loop=3708 best_avg=-3.05541 best_move=2,7 leader=1 inc2=1 attack_w=0.25
DBG t=37 used=0.02 remain=1.2 turn_time=0.0190476 end_in=0.0190476 depth=10 dec=0 cand_cap=20 cand=25->20 pick(must/bucket/top/rand)=1/2/13/4 sims=2200 loop=2180 best_avg=-3.18626 best_move=3,8 leader=1 inc2=1 attack_w=0.25
DBG t=49 used=0.019 remain=0.968 turn_time=0.0189804 end_in=0.0189804 depth=10 dec=0 cand_cap=20 cand=40->20 pick(must/bucket/top/rand)=1/5/10/4 sims=1744 loop=1724 best_avg=-3.14074 best_move=0,8 leader=1 inc2=1 attack_w=0.25
DBG t=61 used=0.019 remain=0.74 turn_time=0.0189744 end_in=0.0189744 depth=10 dec=0 cand_cap=20 cand=45->20 pick(must/bucket/top/rand)=1/6/9/4 sims=1632 loop=1612 best_avg=-3.13764 best_move=3,9 leader=1 inc2=1 attack_w=0.25
DBG t=74 used=0.019 remain=0.493 turn_time=0.0189615 end_in=0.0189615 depth=11 dec=0 cand_cap=20 cand=50->20 pick(must/bucket/top/rand)=1/6/9/4 sims=1392 loop=1372 best_avg=-3.09286 best_move=4,8 leader=1 inc2=1 attack_w=0.25
DBG t=86 used=0.019 remain=0.265 turn_time=0.0189286 end_in=0.0189286 depth=11 dec=0 cand_cap=20 cand=51->20 pick(must/bucket/top/rand)=1/7/8/4 sims=1408 loop=1388 best_avg=-3.01671 best_move=6,8 leader=1 inc2=1 attack_w=0.25
DBG t=99 used=0.018 remain=0.018 turn_time=0.018 end_in=0.017 depth=0 dec=0 cand_cap=20 cand=51->20 pick(must/bucket/top/rand)=1/7/8/4 sims=35356 loop=35336 best_avg=-2.8349 best_move=7,5 leader=1 inc2=1 attack_w=0.25
DBG summary depth_safety_fired=0
Score = 137743
=== CASE 0095.txt ===
DBG hdr N=10 M=3 T=100 U=3 VMAX=2391 TIME_LIMIT=1.94 MAX_CAND=20 UCB_C=0.21
DBG t=0 used=0.02 remain=1.94 turn_time=0.0194 end_in=0.0194 depth=7 dec=0 cand_cap=20 cand=4->4 pick(must/bucket/top/rand)=1/2/1/0 sims=4148 loop=4144 best_avg=-0.898796 best_move=8,3 leader=2 inc2=1 attack_w=0.15
DBG t=12 used=0.02 remain=1.7 turn_time=0.0193182 end_in=0.0193182 depth=7 dec=0 cand_cap=20 cand=14->14 pick(must/bucket/top/rand)=1/5/8/0 sims=3790 loop=3776 best_avg=-1.06139 best_move=6,2 leader=1 inc2=1 attack_w=0.25
DBG t=24 used=0.02 remain=1.46 turn_time=0.0192105 end_in=0.0192105 depth=7 dec=0 cand_cap=20 cand=16->16 pick(must/bucket/top/rand)=1/5/10/0 sims=3556 loop=3540 best_avg=-1.13147 best_move=7,1 leader=1 inc2=1 attack_w=0.25
DBG t=37 used=0.02 remain=1.2 turn_time=0.0190476 end_in=0.0190476 depth=10 dec=0 cand_cap=20 cand=17->17 pick(must/bucket/top/rand)=1/5/10/1 sims=2449 loop=2432 best_avg=-1.20966 best_move=7,3 leader=1 inc2=1 attack_w=0.25
DBG t=49 used=0.019 remain=0.968 turn_time=0.0189804 end_in=0.0189804 depth=10 dec=0 cand_cap=20 cand=18->18 pick(must/bucket/top/rand)=1/5/10/2 sims=2510 loop=2492 best_avg=-1.09634 best_move=8,3 leader=1 inc2=1 attack_w=0.25
DBG t=61 used=0.019 remain=0.74 turn_time=0.0189744 end_in=0.0189744 depth=10 dec=0 cand_cap=20 cand=19->19 pick(must/bucket/top/rand)=1/6/9/3 sims=2323 loop=2304 best_avg=-1.04669 best_move=6,2 leader=2 inc2=1 attack_w=0.25
DBG t=74 used=0.019 remain=0.493 turn_time=0.0189615 end_in=0.0189615 depth=11 dec=0 cand_cap=20 cand=20->20 pick(must/bucket/top/rand)=1/5/10/4 sims=1888 loop=1868 best_avg=-1.42376 best_move=9,5 leader=2 inc2=1 attack_w=0.25
DBG t=86 used=0.019 remain=0.265 turn_time=0.0189286 end_in=0.0189286 depth=11 dec=0 cand_cap=20 cand=24->20 pick(must/bucket/top/rand)=1/6/9/4 sims=1928 loop=1908 best_avg=-1.39741 best_move=9,7 leader=2 inc2=1 attack_w=0.25
DBG t=99 used=0.018 remain=0.018 turn_time=0.018 end_in=0.017 depth=0 dec=0 cand_cap=20 cand=25->20 pick(must/bucket/top/rand)=1/6/9/4 sims=39396 loop=39376 best_avg=-1.32276 best_move=6,2 leader=2 inc2=1 attack_w=0.25
DBG summary depth_safety_fired=0
Score = 121076
=== CASE 0096.txt ===
DBG hdr N=10 M=4 T=100 U=3 VMAX=1888 TIME_LIMIT=1.94 MAX_CAND=20 UCB_C=0.21
DBG t=0 used=0.02 remain=1.94 turn_time=0.0194 end_in=0.0194 depth=7 dec=0 cand_cap=20 cand=5->5 pick(must/bucket/top/rand)=1/2/2/0 sims=3649 loop=3644 best_avg=-0.966307 best_move=5,1 leader=1 inc2=1 attack_w=1
DBG t=12 used=0.02 remain=1.7 turn_time=0.0193182 end_in=0.0193182 depth=7 dec=0 cand_cap=20 cand=17->17 pick(must/bucket/top/rand)=1/5/10/1 sims=2805 loop=2788 best_avg=-0.695809 best_move=8,3 leader=3 inc2=0 attack_w=0.25
DBG t=24 used=0.02 remain=1.46 turn_time=0.0192105 end_in=0.0192105 depth=7 dec=0 cand_cap=20 cand=4->4 pick(must/bucket/top/rand)=1/3/0/0 sims=2276 loop=2272 best_avg=-0.421877 best_move=7,4 leader=3 inc2=0 attack_w=0.25
DBG t=37 used=0.02 remain=1.2 turn_time=0.0190476 end_in=0.0190476 depth=10 dec=0 cand_cap=20 cand=17->17 pick(must/bucket/top/rand)=1/8/7/1 sims=1305 loop=1288 best_avg=-0.506431 best_move=8,3 leader=3 inc2=1 attack_w=0.25
DBG t=49 used=0.019 remain=0.968 turn_time=0.0189804 end_in=0.0189804 depth=10 dec=0 cand_cap=20 cand=40->20 pick(must/bucket/top/rand)=1/7/8/4 sims=1140 loop=1120 best_avg=-0.57175 best_move=8,3 leader=3 inc2=1 attack_w=0.25
DBG t=61 used=0.019 remain=0.74 turn_time=0.0189744 end_in=0.0189744 depth=10 dec=0 cand_cap=20 cand=43->20 pick(must/bucket/top/rand)=1/8/7/4 sims=924 loop=904 best_avg=-0.571068 best_move=7,5 leader=3 inc2=1 attack_w=0.25
DBG t=74 used=0.019 remain=0.493 turn_time=0.0189615 end_in=0.0189615 depth=11 dec=0 cand_cap=20 cand=46->20 pick(must/bucket/top/rand)=1/7/8/4 sims=888 loop=868 best_avg=-0.545066 best_move=4,7 leader=3 inc2=1 attack_w=0.25
DBG t=86 used=0.019 remain=0.265 turn_time=0.0189286 end_in=0.0189286 depth=11 dec=0 cand_cap=20 cand=48->20 pick(must/bucket/top/rand)=1/7/8/4 sims=880 loop=860 best_avg=-0.746101 best_move=6,2 leader=2 inc2=1 attack_w=0.25
DBG t=99 used=0.018 remain=0.018 turn_time=0.018 end_in=0.017 depth=0 dec=0 cand_cap=20 cand=53->20 pick(must/bucket/top/rand)=1/8/7/4 sims=24500 loop=24480 best_avg=-0.83819 best_move=6,0 leader=2 inc2=1 attack_w=0.25
DBG summary depth_safety_fired=0
Score = 117809
=== CASE 0097.txt ===
DBG hdr N=10 M=7 T=100 U=5 VMAX=1552 TIME_LIMIT=1.94 MAX_CAND=20 UCB_C=0.21
DBG t=0 used=0.02 remain=1.94 turn_time=0.0194 end_in=0.0194 depth=7 dec=0 cand_cap=20 cand=4->4 pick(must/bucket/top/rand)=1/2/1/0 sims=2808 loop=2804 best_avg=-0.799978 best_move=8,4 leader=5 inc2=1 attack_w=1
DBG t=12 used=0.02 remain=1.7 turn_time=0.0193182 end_in=0.0193182 depth=7 dec=0 cand_cap=20 cand=12->12 pick(must/bucket/top/rand)=1/4/7/0 sims=1980 loop=1968 best_avg=-0.568441 best_move=7,4 leader=5 inc2=1 attack_w=0.886136
DBG t=24 used=0.02 remain=1.46 turn_time=0.0192105 end_in=0.0192105 depth=7 dec=0 cand_cap=20 cand=18->18 pick(must/bucket/top/rand)=1/4/11/2 sims=1870 loop=1852 best_avg=-0.358249 best_move=7,2 leader=6 inc2=1 attack_w=0.297575
DBG t=37 used=0.02 remain=1.2 turn_time=0.0190476 end_in=0.0190476 depth=10 dec=0 cand_cap=20 cand=28->20 pick(must/bucket/top/rand)=1/4/11/4 sims=1264 loop=1244 best_avg=-0.436756 best_move=6,0 leader=6 inc2=1 attack_w=0.25
DBG t=49 used=0.019 remain=0.968 turn_time=0.0189804 end_in=0.0189804 depth=10 dec=0 cand_cap=20 cand=30->20 pick(must/bucket/top/rand)=1/5/10/4 sims=1040 loop=1020 best_avg=-0.574611 best_move=5,4 leader=6 inc2=1 attack_w=0.496361
DBG t=61 used=0.019 remain=0.74 turn_time=0.0189744 end_in=0.0189744 depth=10 dec=0 cand_cap=20 cand=29->20 pick(must/bucket/top/rand)=1/6/9/4 sims=1068 loop=1048 best_avg=-0.688866 best_move=6,2 leader=6 inc2=1 attack_w=0.826895
DBG t=74 used=0.019 remain=0.493 turn_time=0.0189615 end_in=0.0189615 depth=11 dec=0 cand_cap=20 cand=36->20 pick(must/bucket/top/rand)=1/6/9/4 sims=1076 loop=1056 best_avg=-0.510059 best_move=6,1 leader=6 inc2=1 attack_w=0.543902
DBG t=86 used=0.019 remain=0.265 turn_time=0.0189286 end_in=0.0189286 depth=11 dec=0 cand_cap=20 cand=37->20 pick(must/bucket/top/rand)=1/6/9/4 sims=944 loop=924 best_avg=-0.473719 best_move=6,3 leader=6 inc2=1 attack_w=0.303694
DBG t=99 used=0.018 remain=0.018 turn_time=0.018 end_in=0.017 depth=0 dec=0 cand_cap=20 cand=42->20 pick(must/bucket/top/rand)=1/6/9/4 sims=20052 loop=20032 best_avg=-0.415939 best_move=6,3 leader=6 inc2=1 attack_w=0.25
DBG summary depth_safety_fired=0
Score = 110587
=== CASE 0098.txt ===
DBG hdr N=10 M=2 T=100 U=1 VMAX=2363 TIME_LIMIT=1.94 MAX_CAND=20 UCB_C=0.21
DBG t=0 used=0.02 remain=1.94 turn_time=0.0194 end_in=0.0194 depth=7 dec=0 cand_cap=20 cand=5->5 pick(must/bucket/top/rand)=1/2/2/0 sims=5581 loop=5576 best_avg=-2.65813 best_move=8,3 leader=1 inc2=1 attack_w=0.15
DBG t=12 used=0.02 remain=1.7 turn_time=0.0193182 end_in=0.0193182 depth=7 dec=0 cand_cap=20 cand=28->20 pick(must/bucket/top/rand)=1/2/13/4 sims=3052 loop=3032 best_avg=-2.35486 best_move=5,7 leader=1 inc2=1 attack_w=0.25
DBG t=24 used=0.02 remain=1.46 turn_time=0.0192105 end_in=0.0192105 depth=7 dec=0 cand_cap=20 cand=35->20 pick(must/bucket/top/rand)=1/6/9/4 sims=3796 loop=3776 best_avg=-2.83624 best_move=3,6 leader=1 inc2=1 attack_w=0.25
DBG t=37 used=0.02 remain=1.2 turn_time=0.0190476 end_in=0.0190476 depth=10 dec=0 cand_cap=20 cand=44->20 pick(must/bucket/top/rand)=1/5/10/4 sims=1840 loop=1820 best_avg=-2.58305 best_move=0,5 leader=1 inc2=1 attack_w=0.25
DBG t=49 used=0.019 remain=0.968 turn_time=0.0189804 end_in=0.0189804 depth=10 dec=0 cand_cap=20 cand=51->20 pick(must/bucket/top/rand)=1/5/10/4 sims=2024 loop=2004 best_avg=-2.55438 best_move=8,9 leader=1 inc2=1 attack_w=0.25
DBG t=61 used=0.019 remain=0.74 turn_time=0.0189744 end_in=0.0189744 depth=10 dec=0 cand_cap=20 cand=9->9 pick(must/bucket/top/rand)=1/3/5/0 sims=1813 loop=1804 best_avg=-2.40676 best_move=8,8 leader=1 inc2=1 attack_w=0.25
DBG t=74 used=0.019 remain=0.493 turn_time=0.0189615 end_in=0.0189615 depth=11 dec=0 cand_cap=20 cand=53->20 pick(must/bucket/top/rand)=1/4/11/4 sims=1444 loop=1424 best_avg=-2.43359 best_move=8,8 leader=1 inc2=1 attack_w=0.25
DBG t=86 used=0.019 remain=0.265 turn_time=0.0189286 end_in=0.0189286 depth=11 dec=0 cand_cap=20 cand=58->20 pick(must/bucket/top/rand)=1/6/9/4 sims=1280 loop=1260 best_avg=-2.20615 best_move=8,7 leader=1 inc2=1 attack_w=0.25
DBG t=99 used=0.018 remain=0.018 turn_time=0.018 end_in=0.017 depth=0 dec=0 cand_cap=20 cand=62->20 pick(must/bucket/top/rand)=1/4/11/4 sims=70452 loop=70432 best_avg=-0.868879 best_move=9,6 leader=1 inc2=1 attack_w=0.25
DBG summary depth_safety_fired=0
Score = 277595
=== CASE 0099.txt ===
DBG hdr N=10 M=5 T=100 U=3 VMAX=2063 TIME_LIMIT=1.94 MAX_CAND=20 UCB_C=0.21
DBG t=0 used=0.02 remain=1.94 turn_time=0.0194 end_in=0.0194 depth=7 dec=0 cand_cap=20 cand=5->5 pick(must/bucket/top/rand)=1/2/2/0 sims=3537 loop=3532 best_avg=-0.812444 best_move=6,4 leader=2 inc2=1 attack_w=0.15
DBG t=12 used=0.02 remain=1.7 turn_time=0.0193182 end_in=0.0193182 depth=7 dec=0 cand_cap=20 cand=8->8 pick(must/bucket/top/rand)=1/3/4/0 sims=2476 loop=2468 best_avg=-1.00595 best_move=5,3 leader=2 inc2=1 attack_w=0.417498
DBG t=24 used=0.02 remain=1.46 turn_time=0.0192105 end_in=0.0192105 depth=7 dec=0 cand_cap=20 cand=12->12 pick(must/bucket/top/rand)=1/7/4/0 sims=2316 loop=2304 best_avg=-1.0383 best_move=6,4 leader=3 inc2=1 attack_w=0.680457
DBG t=37 used=0.02 remain=1.2 turn_time=0.0190476 end_in=0.0190476 depth=10 dec=0 cand_cap=20 cand=18->18 pick(must/bucket/top/rand)=1/6/9/2 sims=1334 loop=1316 best_avg=-1.10252 best_move=4,2 leader=3 inc2=1 attack_w=1
DBG t=49 used=0.019 remain=0.968 turn_time=0.0189804 end_in=0.0189804 depth=10 dec=0 cand_cap=20 cand=22->20 pick(must/bucket/top/rand)=1/4/11/4 sims=1116 loop=1096 best_avg=-1.03489 best_move=1,2 leader=3 inc2=1 attack_w=1
DBG t=61 used=0.019 remain=0.74 turn_time=0.0189744 end_in=0.0189744 depth=10 dec=0 cand_cap=20 cand=25->20 pick(must/bucket/top/rand)=1/4/11/4 sims=1068 loop=1048 best_avg=-0.883971 best_move=0,0 leader=3 inc2=1 attack_w=0.608422
DBG t=74 used=0.019 remain=0.493 turn_time=0.0189615 end_in=0.0189615 depth=11 dec=0 cand_cap=20 cand=25->20 pick(must/bucket/top/rand)=1/3/12/4 sims=932 loop=912 best_avg=-0.788086 best_move=3,4 leader=1 inc2=1 attack_w=0.362395
DBG t=86 used=0.019 remain=0.265 turn_time=0.0189286 end_in=0.0189286 depth=11 dec=0 cand_cap=20 cand=30->20 pick(must/bucket/top/rand)=1/6/9/4 sims=876 loop=856 best_avg=-0.742469 best_move=2,5 leader=1 inc2=1 attack_w=0.417101
DBG t=99 used=0.018 remain=0.018 turn_time=0.018 end_in=0.017 depth=0 dec=0 cand_cap=20 cand=35->20 pick(must/bucket/top/rand)=1/7/8/4 sims=17984 loop=17964 best_avg=-0.5934 best_move=4,1 leader=1 inc2=1 attack_w=0.25
DBG summary depth_safety_fired=0
Score = 116010
=== CASE 0100.txt ===
DBG hdr N=10 M=6 T=100 U=5 VMAX=2118 TIME_LIMIT=1.94 MAX_CAND=20 UCB_C=0.21
DBG t=0 used=0.02 remain=1.94 turn_time=0.0194 end_in=0.0194 depth=7 dec=0 cand_cap=20 cand=5->5 pick(must/bucket/top/rand)=1/2/2/0 sims=2957 loop=2952 best_avg=-0.927067 best_move=2,6 leader=3 inc2=1 attack_w=1
DBG t=12 used=0.02 remain=1.7 turn_time=0.0193182 end_in=0.0193182 depth=7 dec=0 cand_cap=20 cand=22->20 pick(must/bucket/top/rand)=1/6/9/4 sims=2304 loop=2284 best_avg=-0.442203 best_move=5,5 leader=3 inc2=1 attack_w=0.430862
DBG t=24 used=0.02 remain=1.46 turn_time=0.0192105 end_in=0.0192105 depth=7 dec=0 cand_cap=20 cand=24->20 pick(must/bucket/top/rand)=1/6/9/4 sims=1988 loop=1968 best_avg=-0.215856 best_move=5,4 leader=3 inc2=1 attack_w=0.25
DBG t=37 used=0.02 remain=1.2 turn_time=0.0190476 end_in=0.0190476 depth=10 dec=0 cand_cap=20 cand=28->20 pick(must/bucket/top/rand)=1/6/9/4 sims=1176 loop=1156 best_avg=-0.383773 best_move=5,5 leader=4 inc2=1 attack_w=0.25
DBG t=49 used=0.019 remain=0.968 turn_time=0.0189804 end_in=0.0189804 depth=10 dec=0 cand_cap=20 cand=32->20 pick(must/bucket/top/rand)=1/7/8/4 sims=1080 loop=1060 best_avg=-0.275579 best_move=4,5 leader=4 inc2=1 attack_w=0.25
DBG t=61 used=0.019 remain=0.74 turn_time=0.0189744 end_in=0.0189744 depth=10 dec=0 cand_cap=20 cand=35->20 pick(must/bucket/top/rand)=1/6/9/4 sims=1068 loop=1048 best_avg=-0.341263 best_move=2,7 leader=4 inc2=1 attack_w=0.25
DBG t=74 used=0.019 remain=0.493 turn_time=0.0189615 end_in=0.0189615 depth=11 dec=0 cand_cap=20 cand=39->20 pick(must/bucket/top/rand)=1/7/8/4 sims=840 loop=820 best_avg=-0.462704 best_move=5,6 leader=5 inc2=1 attack_w=0.25
DBG t=86 used=0.019 remain=0.265 turn_time=0.0189286 end_in=0.0189286 depth=11 dec=0 cand_cap=20 cand=39->20 pick(must/bucket/top/rand)=1/7/8/4 sims=812 loop=792 best_avg=-0.485365 best_move=2,4 leader=5 inc2=1 attack_w=0.25
DBG t=99 used=0.018 remain=0.018 turn_time=0.018 end_in=0.017 depth=0 dec=0 cand_cap=20 cand=37->20 pick(must/bucket/top/rand)=1/7/8/4 sims=16448 loop=16428 best_avg=-0.383673 best_move=5,6 leader=5 inc2=1 attack_w=0.25
DBG summary depth_safety_fired=0
Score = 119562
=== CASE 0101.txt ===
DBG hdr N=10 M=5 T=100 U=5 VMAX=1598 TIME_LIMIT=1.94 MAX_CAND=20 UCB_C=0.21
DBG t=0 used=0.02 remain=1.94 turn_time=0.0194 end_in=0.0194 depth=7 dec=0 cand_cap=20 cand=5->5 pick(must/bucket/top/rand)=1/2/2/0 sims=3109 loop=3104 best_avg=-0.894932 best_move=6,3 leader=3 inc2=1 attack_w=1
DBG t=12 used=0.02 remain=1.7 turn_time=0.0193182 end_in=0.0193182 depth=7 dec=0 cand_cap=20 cand=12->12 pick(must/bucket/top/rand)=1/2/9/0 sims=2520 loop=2508 best_avg=-0.753045 best_move=7,3 leader=4 inc2=0 attack_w=0.311459
DBG t=24 used=0.02 remain=1.46 turn_time=0.0192105 end_in=0.0192105 depth=7 dec=0 cand_cap=20 cand=18->18 pick(must/bucket/top/rand)=1/2/13/2 sims=2154 loop=2136 best_avg=-0.718227 best_move=9,2 leader=4 inc2=1 attack_w=0.25
DBG t=37 used=0.02 remain=1.2 turn_time=0.0190476 end_in=0.0190476 depth=10 dec=0 cand_cap=20 cand=18->18 pick(must/bucket/top/rand)=1/2/13/2 sims=1302 loop=1284 best_avg=-0.852542 best_move=5,2 leader=1 inc2=1 attack_w=1
DBG t=49 used=0.019 remain=0.968 turn_time=0.0189804 end_in=0.0189804 depth=10 dec=0 cand_cap=20 cand=23->20 pick(must/bucket/top/rand)=1/3/12/4 sims=1156 loop=1136 best_avg=-0.746656 best_move=6,1 leader=4 inc2=1 attack_w=0.698665
DBG t=61 used=0.019 remain=0.74 turn_time=0.0189744 end_in=0.0189744 depth=10 dec=0 cand_cap=20 cand=28->20 pick(must/bucket/top/rand)=1/6/9/4 sims=1056 loop=1036 best_avg=-0.737982 best_move=7,0 leader=1 inc2=1 attack_w=0.329764
DBG t=74 used=0.019 remain=0.493 turn_time=0.0189615 end_in=0.0189615 depth=11 dec=0 cand_cap=20 cand=28->20 pick(must/bucket/top/rand)=1/6/9/4 sims=968 loop=948 best_avg=-0.658345 best_move=6,3 leader=1 inc2=1 attack_w=0.25
DBG t=86 used=0.019 remain=0.265 turn_time=0.0189286 end_in=0.0189286 depth=11 dec=0 cand_cap=20 cand=32->20 pick(must/bucket/top/rand)=1/8/7/4 sims=904 loop=884 best_avg=-0.583586 best_move=9,0 leader=1 inc2=1 attack_w=0.25
DBG t=99 used=0.018 remain=0.018 turn_time=0.018 end_in=0.017 depth=0 dec=0 cand_cap=20 cand=42->20 pick(must/bucket/top/rand)=1/7/8/4 sims=18716 loop=18696 best_avg=-0.467324 best_move=9,8 leader=1 inc2=1 attack_w=0.25
DBG summary depth_safety_fired=0
Score = 128935
=== CASE 0105.txt ===
DBG hdr N=10 M=8 T=100 U=4 VMAX=1638 TIME_LIMIT=1.94 MAX_CAND=20 UCB_C=0.21
DBG t=0 used=0.02 remain=1.94 turn_time=0.0194 end_in=0.0194 depth=7 dec=0 cand_cap=20 cand=5->5 pick(must/bucket/top/rand)=1/3/1/0 sims=2617 loop=2612 best_avg=-0.882157 best_move=1,1 leader=6 inc2=1 attack_w=1
DBG t=12 used=0.02 remain=1.7 turn_time=0.0193182 end_in=0.0193182 depth=7 dec=0 cand_cap=20 cand=8->8 pick(must/bucket/top/rand)=1/2/5/0 sims=1700 loop=1692 best_avg=-0.843609 best_move=0,3 leader=6 inc2=1 attack_w=1
DBG t=24 used=0.02 remain=1.453 turn_time=0.0191184 end_in=0.0191184 depth=7 dec=0 cand_cap=20 cand=17->17 pick(must/bucket/top/rand)=1/6/9/1 sims=1141 loop=1124 best_avg=-0.826462 best_move=1,4 leader=2 inc2=1 attack_w=1
DBG t=37 used=0.019 remain=1.196 turn_time=0.0189841 end_in=0.0189841 depth=10 dec=0 cand_cap=20 cand=26->20 pick(must/bucket/top/rand)=1/6/9/4 sims=928 loop=908 best_avg=-0.652416 best_move=2,6 leader=2 inc2=1 attack_w=1
DBG t=49 used=0.019 remain=0.968 turn_time=0.0189804 end_in=0.0189804 depth=10 dec=0 cand_cap=20 cand=28->20 pick(must/bucket/top/rand)=1/5/10/4 sims=920 loop=900 best_avg=-0.679775 best_move=1,0 leader=2 inc2=1 attack_w=1
DBG t=61 used=0.019 remain=0.74 turn_time=0.0189744 end_in=0.0189744 depth=10 dec=0 cand_cap=20 cand=18->18 pick(must/bucket/top/rand)=1/5/10/2 sims=902 loop=884 best_avg=-0.687238 best_move=3,5 leader=5 inc2=1 attack_w=0.795018
DBG t=74 used=0.019 remain=0.493 turn_time=0.0189615 end_in=0.0189615 depth=11 dec=0 cand_cap=20 cand=16->16 pick(must/bucket/top/rand)=1/5/10/0 sims=832 loop=816 best_avg=-0.746957 best_move=3,3 leader=5 inc2=1 attack_w=0.990518
DBG t=86 used=0.019 remain=0.265 turn_time=0.0189286 end_in=0.0189286 depth=11 dec=0 cand_cap=20 cand=17->17 pick(must/bucket/top/rand)=1/5/10/1 sims=873 loop=856 best_avg=-0.611174 best_move=3,3 leader=5 inc2=1 attack_w=0.840086
DBG t=99 used=0.018 remain=0.018 turn_time=0.018 end_in=0.017 depth=0 dec=0 cand_cap=20 cand=6->6 pick(must/bucket/top/rand)=1/3/2/0 sims=13690 loop=13684 best_avg=-0.61342 best_move=3,8 leader=4 inc2=1 attack_w=1
DBG summary depth_safety_fired=0
Score = 88381
=== CASE 0102.txt ===
DBG hdr N=10 M=2 T=100 U=1 VMAX=1073 TIME_LIMIT=1.94 MAX_CAND=20 UCB_C=0.21
DBG t=0 used=0.02 remain=1.94 turn_time=0.0194 end_in=0.0194 depth=7 dec=0 cand_cap=20 cand=5->5 pick(must/bucket/top/rand)=1/2/2/0 sims=5069 loop=5064 best_avg=-2.57033 best_move=3,8 leader=1 inc2=1 attack_w=0.742347
DBG t=12 used=0.02 remain=1.7 turn_time=0.0193182 end_in=0.0193182 depth=7 dec=0 cand_cap=20 cand=25->20 pick(must/bucket/top/rand)=1/3/12/4 sims=2900 loop=2880 best_avg=-2.87634 best_move=4,5 leader=1 inc2=1 attack_w=0.598427
DBG t=24 used=0.02 remain=1.454 turn_time=0.0191316 end_in=0.0191316 depth=7 dec=0 cand_cap=20 cand=50->20 pick(must/bucket/top/rand)=1/5/10/4 sims=1936 loop=1916 best_avg=-2.31696 best_move=9,4 leader=1 inc2=1 attack_w=0.25
DBG t=37 used=0.019 remain=1.196 turn_time=0.0189841 end_in=0.0189841 depth=10 dec=0 cand_cap=20 cand=16->16 pick(must/bucket/top/rand)=1/5/10/0 sims=1584 loop=1568 best_avg=-1.88859 best_move=6,0 leader=1 inc2=1 attack_w=0.25
DBG t=49 used=0.019 remain=0.968 turn_time=0.0189804 end_in=0.0189804 depth=10 dec=0 cand_cap=20 cand=7->7 pick(must/bucket/top/rand)=1/5/1/0 sims=1471 loop=1464 best_avg=-1.76114 best_move=9,2 leader=1 inc2=1 attack_w=0.25
DBG t=61 used=0.019 remain=0.74 turn_time=0.0189744 end_in=0.0189744 depth=10 dec=0 cand_cap=20 cand=30->20 pick(must/bucket/top/rand)=1/5/10/4 sims=1340 loop=1320 best_avg=-1.86039 best_move=5,2 leader=1 inc2=1 attack_w=0.25
DBG t=74 used=0.019 remain=0.493 turn_time=0.0189615 end_in=0.0189615 depth=11 dec=0 cand_cap=20 cand=19->19 pick(must/bucket/top/rand)=1/4/11/3 sims=1267 loop=1248 best_avg=-1.87167 best_move=9,6 leader=1 inc2=1 attack_w=0.25
DBG t=86 used=0.019 remain=0.265 turn_time=0.0189286 end_in=0.0189286 depth=11 dec=0 cand_cap=20 cand=36->20 pick(must/bucket/top/rand)=1/5/10/4 sims=1028 loop=1008 best_avg=-1.71204 best_move=8,5 leader=1 inc2=1 attack_w=0.25
DBG t=99 used=0.018 remain=0.018 turn_time=0.018 end_in=0.017 depth=0 dec=0 cand_cap=20 cand=47->20 pick(must/bucket/top/rand)=1/6/9/4 sims=44260 loop=44240 best_avg=-1.54991 best_move=6,2 leader=1 inc2=1 attack_w=0.25
DBG summary depth_safety_fired=0
Score = 219675
=== CASE 0103.txt ===
DBG hdr N=10 M=6 T=100 U=1 VMAX=1933 TIME_LIMIT=1.94 MAX_CAND=20 UCB_C=0.21
DBG t=0 used=0.02 remain=1.94 turn_time=0.0194 end_in=0.0194 depth=7 dec=0 cand_cap=20 cand=5->5 pick(must/bucket/top/rand)=1/2/2/0 sims=2417 loop=2412 best_avg=-0.59915 best_move=3,1 leader=2 inc2=1 attack_w=1
DBG t=12 used=0.02 remain=1.7 turn_time=0.0193182 end_in=0.0193182 depth=7 dec=0 cand_cap=20 cand=26->20 pick(must/bucket/top/rand)=1/4/11/4 sims=1680 loop=1660 best_avg=-0.479319 best_move=2,4 leader=4 inc2=1 attack_w=0.25
DBG t=24 used=0.02 remain=1.453 turn_time=0.0191184 end_in=0.0191184 depth=7 dec=0 cand_cap=20 cand=32->20 pick(must/bucket/top/rand)=1/6/9/4 sims=1240 loop=1220 best_avg=-0.291653 best_move=2,6 leader=4 inc2=1 attack_w=0.651264
DBG t=37 used=0.019 remain=1.196 turn_time=0.0189841 end_in=0.0189841 depth=10 dec=0 cand_cap=20 cand=37->20 pick(must/bucket/top/rand)=1/3/12/4 sims=1072 loop=1052 best_avg=-0.121596 best_move=7,0 leader=1 inc2=1 attack_w=0.25
DBG t=49 used=0.019 remain=0.968 turn_time=0.0189804 end_in=0.0189804 depth=10 dec=0 cand_cap=20 cand=20->20 pick(must/bucket/top/rand)=1/4/11/4 sims=1172 loop=1152 best_avg=0.426563 best_move=7,6 leader=3 inc2=1 attack_w=0.25
DBG t=61 used=0.019 remain=0.74 turn_time=0.0189744 end_in=0.0189744 depth=10 dec=0 cand_cap=20 cand=62->20 pick(must/bucket/top/rand)=1/6/9/4 sims=756 loop=736 best_avg=0.295721 best_move=3,0 leader=5 inc2=1 attack_w=0.25
DBG t=74 used=0.019 remain=0.493 turn_time=0.0189615 end_in=0.0189615 depth=11 dec=0 cand_cap=20 cand=65->20 pick(must/bucket/top/rand)=1/6/9/4 sims=744 loop=724 best_avg=0.39325 best_move=6,8 leader=2 inc2=1 attack_w=0.25
DBG t=86 used=0.019 remain=0.265 turn_time=0.0189286 end_in=0.0189286 depth=11 dec=0 cand_cap=20 cand=29->20 pick(must/bucket/top/rand)=1/2/13/4 sims=780 loop=760 best_avg=0.12104 best_move=6,5 leader=5 inc2=1 attack_w=0.25
DBG t=99 used=0.018 remain=0.018 turn_time=0.018 end_in=0.017 depth=0 dec=0 cand_cap=20 cand=36->20 pick(must/bucket/top/rand)=1/5/10/4 sims=21168 loop=21148 best_avg=0.365298 best_move=9,3 leader=2 inc2=1 attack_w=0.25
DBG summary depth_safety_fired=0
Score = 178161
=== CASE 0104.txt ===
DBG hdr N=10 M=4 T=100 U=2 VMAX=2650 TIME_LIMIT=1.94 MAX_CAND=20 UCB_C=0.21
DBG t=0 used=0.02 remain=1.94 turn_time=0.0194 end_in=0.0194 depth=7 dec=0 cand_cap=20 cand=3->3 pick(must/bucket/top/rand)=1/2/0/0 sims=3699 loop=3696 best_avg=-1.63498 best_move=1,0 leader=2 inc2=1 attack_w=1
DBG t=12 used=0.02 remain=1.7 turn_time=0.0193182 end_in=0.0193182 depth=7 dec=0 cand_cap=20 cand=29->20 pick(must/bucket/top/rand)=1/3/12/4 sims=2348 loop=2328 best_avg=-1.38758 best_move=5,5 leader=2 inc2=0 attack_w=1
DBG t=24 used=0.02 remain=1.454 turn_time=0.0191316 end_in=0.0191316 depth=7 dec=0 cand_cap=20 cand=8->8 pick(must/bucket/top/rand)=1/6/1/0 sims=1628 loop=1620 best_avg=-0.803504 best_move=5,6 leader=2 inc2=0 attack_w=0.616405
DBG t=37 used=0.019 remain=1.196 turn_time=0.0189841 end_in=0.0189841 depth=10 dec=0 cand_cap=20 cand=14->14 pick(must/bucket/top/rand)=1/6/7/0 sims=1382 loop=1368 best_avg=-0.766038 best_move=7,8 leader=2 inc2=1 attack_w=0.25
DBG t=49 used=0.019 remain=0.968 turn_time=0.0189804 end_in=0.0189804 depth=10 dec=0 cand_cap=20 cand=46->20 pick(must/bucket/top/rand)=1/6/9/4 sims=1272 loop=1252 best_avg=-0.72309 best_move=9,7 leader=3 inc2=1 attack_w=0.25
DBG t=61 used=0.019 remain=0.74 turn_time=0.0189744 end_in=0.0189744 depth=10 dec=0 cand_cap=20 cand=54->20 pick(must/bucket/top/rand)=1/5/10/4 sims=1092 loop=1072 best_avg=-0.640093 best_move=7,4 leader=1 inc2=1 attack_w=0.25
DBG t=74 used=0.019 remain=0.493 turn_time=0.0189615 end_in=0.0189615 depth=11 dec=0 cand_cap=20 cand=56->20 pick(must/bucket/top/rand)=1/5/10/4 sims=960 loop=940 best_avg=-0.586054 best_move=6,8 leader=1 inc2=0 attack_w=0.25
DBG t=86 used=0.019 remain=0.265 turn_time=0.0189286 end_in=0.0189286 depth=11 dec=0 cand_cap=20 cand=47->20 pick(must/bucket/top/rand)=1/6/9/4 sims=892 loop=872 best_avg=-0.522821 best_move=9,4 leader=1 inc2=1 attack_w=0.25
DBG t=99 used=0.018 remain=0.018 turn_time=0.018 end_in=0.017 depth=0 dec=0 cand_cap=20 cand=67->20 pick(must/bucket/top/rand)=1/7/8/4 sims=47432 loop=47412 best_avg=-0.439772 best_move=7,6 leader=1 inc2=0 attack_w=0.25
DBG summary depth_safety_fired=0
Score = 148509
=== CASE 0107.txt ===
DBG hdr N=10 M=7 T=100 U=4 VMAX=1471 TIME_LIMIT=1.94 MAX_CAND=20 UCB_C=0.21
DBG t=0 used=0.02 remain=1.94 turn_time=0.0194 end_in=0.0194 depth=7 dec=0 cand_cap=20 cand=4->4 pick(must/bucket/top/rand)=1/2/1/0 sims=2916 loop=2912 best_avg=-0.799865 best_move=2,2 leader=3 inc2=1 attack_w=1
DBG t=12 used=0.02 remain=1.7 turn_time=0.0193182 end_in=0.0193182 depth=7 dec=0 cand_cap=20 cand=8->8 pick(must/bucket/top/rand)=1/4/3/0 sims=1988 loop=1980 best_avg=-0.651993 best_move=0,1 leader=5 inc2=1 attack_w=1
DBG t=24 used=0.02 remain=1.444 turn_time=0.019 end_in=0.019 depth=7 dec=0 cand_cap=20 cand=7->7 pick(must/bucket/top/rand)=1/5/1/0 sims=923 loop=916 best_avg=-0.5457 best_move=1,5 leader=5 inc2=1 attack_w=0.918335
DBG t=37 used=0.019 remain=1.196 turn_time=0.0189841 end_in=0.0189841 depth=10 dec=0 cand_cap=20 cand=9->9 pick(must/bucket/top/rand)=1/4/4/0 sims=929 loop=920 best_avg=-0.877365 best_move=0,4 leader=5 inc2=1 attack_w=1
DBG t=49 used=0.019 remain=0.968 turn_time=0.0189804 end_in=0.0189804 depth=10 dec=0 cand_cap=20 cand=17->17 pick(must/bucket/top/rand)=1/6/9/1 sims=1041 loop=1024 best_avg=-0.714813 best_move=0,3 leader=4 inc2=1 attack_w=1
DBG t=61 used=0.019 remain=0.74 turn_time=0.0189744 end_in=0.0189744 depth=10 dec=0 cand_cap=20 cand=19->19 pick(must/bucket/top/rand)=1/6/9/3 sims=991 loop=972 best_avg=-0.884929 best_move=3,7 leader=4 inc2=1 attack_w=1
DBG t=74 used=0.019 remain=0.493 turn_time=0.0189615 end_in=0.0189615 depth=11 dec=0 cand_cap=20 cand=19->19 pick(must/bucket/top/rand)=1/4/11/3 sims=915 loop=896 best_avg=-0.951146 best_move=0,2 leader=4 inc2=1 attack_w=1
DBG t=86 used=0.019 remain=0.265 turn_time=0.0189286 end_in=0.0189286 depth=11 dec=0 cand_cap=20 cand=25->20 pick(must/bucket/top/rand)=1/4/11/4 sims=880 loop=860 best_avg=-0.851223 best_move=0,0 leader=4 inc2=1 attack_w=1
DBG t=99 used=0.018 remain=0.018 turn_time=0.018 end_in=0.017 depth=0 dec=0 cand_cap=20 cand=25->20 pick(must/bucket/top/rand)=1/4/11/4 sims=14192 loop=14172 best_avg=-0.746239 best_move=0,8 leader=4 inc2=1 attack_w=1
DBG summary depth_safety_fired=0
Score = 86287
=== CASE 0106.txt ===
DBG hdr N=10 M=4 T=100 U=2 VMAX=2254 TIME_LIMIT=1.94 MAX_CAND=20 UCB_C=0.21
DBG t=0 used=0.02 remain=1.94 turn_time=0.0194 end_in=0.0194 depth=7 dec=0 cand_cap=20 cand=4->4 pick(must/bucket/top/rand)=1/2/1/0 sims=3540 loop=3536 best_avg=-0.720323 best_move=5,0 leader=3 inc2=1 attack_w=0.15
DBG t=12 used=0.02 remain=1.7 turn_time=0.0193182 end_in=0.0193182 depth=7 dec=0 cand_cap=20 cand=14->14 pick(must/bucket/top/rand)=1/4/9/0 sims=2818 loop=2804 best_avg=-0.783106 best_move=7,2 leader=3 inc2=0 attack_w=0.25
DBG t=24 used=0.02 remain=1.449 turn_time=0.0190658 end_in=0.0190658 depth=7 dec=0 cand_cap=20 cand=22->20 pick(must/bucket/top/rand)=1/4/11/4 sims=1468 loop=1448 best_avg=-0.464636 best_move=2,0 leader=3 inc2=1 attack_w=0.25
DBG t=37 used=0.019 remain=1.196 turn_time=0.0189841 end_in=0.0189841 depth=10 dec=0 cand_cap=20 cand=30->20 pick(must/bucket/top/rand)=1/4/11/4 sims=1272 loop=1252 best_avg=-0.357198 best_move=4,4 leader=1 inc2=1 attack_w=0.25
DBG t=49 used=0.019 remain=0.968 turn_time=0.0189804 end_in=0.0189804 depth=10 dec=0 cand_cap=20 cand=37->20 pick(must/bucket/top/rand)=1/6/9/4 sims=1064 loop=1044 best_avg=-0.490414 best_move=7,1 leader=1 inc2=0 attack_w=0.25
DBG t=61 used=0.019 remain=0.74 turn_time=0.0189744 end_in=0.0189744 depth=10 dec=0 cand_cap=20 cand=43->20 pick(must/bucket/top/rand)=1/5/10/4 sims=1012 loop=992 best_avg=-0.895041 best_move=2,0 leader=3 inc2=0 attack_w=0.25
DBG t=74 used=0.019 remain=0.493 turn_time=0.0189615 end_in=0.0189615 depth=11 dec=0 cand_cap=20 cand=39->20 pick(must/bucket/top/rand)=1/4/11/4 sims=888 loop=868 best_avg=-0.687714 best_move=4,6 leader=3 inc2=0 attack_w=0.25
DBG t=86 used=0.019 remain=0.265 turn_time=0.0189286 end_in=0.0189286 depth=11 dec=0 cand_cap=20 cand=49->20 pick(must/bucket/top/rand)=1/7/8/4 sims=884 loop=864 best_avg=-0.504819 best_move=7,1 leader=3 inc2=0 attack_w=0.25
DBG t=99 used=0.018 remain=0.018 turn_time=0.018 end_in=0.017 depth=0 dec=0 cand_cap=20 cand=49->20 pick(must/bucket/top/rand)=1/7/8/4 sims=25056 loop=25036 best_avg=-0.404479 best_move=4,4 leader=3 inc2=0 attack_w=0.25
DBG summary depth_safety_fired=0
Score = 153113
=== CASE 0111.txt ===
DBG hdr N=10 M=2 T=100 U=1 VMAX=2340 TIME_LIMIT=1.94 MAX_CAND=20 UCB_C=0.21
DBG t=0 used=0.02 remain=1.94 turn_time=0.0194 end_in=0.0194 depth=7 dec=0 cand_cap=20 cand=3->3 pick(must/bucket/top/rand)=1/2/0/0 sims=6467 loop=6464 best_avg=-2.58396 best_move=7,0 leader=1 inc2=1 attack_w=0.15
DBG t=12 used=0.02 remain=1.7 turn_time=0.0193182 end_in=0.0193182 depth=7 dec=0 cand_cap=20 cand=25->20 pick(must/bucket/top/rand)=1/4/11/4 sims=3804 loop=3784 best_avg=-2.30753 best_move=6,5 leader=1 inc2=1 attack_w=0.25
DBG t=24 used=0.02 remain=1.46 turn_time=0.0192105 end_in=0.0192105 depth=7 dec=0 cand_cap=20 cand=39->20 pick(must/bucket/top/rand)=1/5/10/4 sims=3064 loop=3044 best_avg=-1.78737 best_move=5,7 leader=1 inc2=1 attack_w=0.25
DBG t=37 used=0.02 remain=1.2 turn_time=0.0190476 end_in=0.0190476 depth=10 dec=0 cand_cap=20 cand=51->20 pick(must/bucket/top/rand)=1/5/10/4 sims=1556 loop=1536 best_avg=-1.7 best_move=9,2 leader=1 inc2=1 attack_w=0.25
DBG t=49 used=0.019 remain=0.968 turn_time=0.0189804 end_in=0.0189804 depth=10 dec=0 cand_cap=20 cand=54->20 pick(must/bucket/top/rand)=1/5/10/4 sims=1544 loop=1524 best_avg=-1.42193 best_move=9,7 leader=1 inc2=1 attack_w=0.25
DBG t=61 used=0.019 remain=0.74 turn_time=0.0189744 end_in=0.0189744 depth=10 dec=0 cand_cap=20 cand=62->20 pick(must/bucket/top/rand)=1/5/10/4 sims=1420 loop=1400 best_avg=-0.280767 best_move=2,9 leader=1 inc2=1 attack_w=0.25
DBG t=74 used=0.019 remain=0.493 turn_time=0.0189615 end_in=0.0189615 depth=11 dec=0 cand_cap=20 cand=78->20 pick(must/bucket/top/rand)=1/6/9/4 sims=968 loop=948 best_avg=-0.753549 best_move=4,4 leader=1 inc2=1 attack_w=0.25
DBG t=86 used=0.019 remain=0.265 turn_time=0.0189286 end_in=0.0189286 depth=11 dec=0 cand_cap=20 cand=87->20 pick(must/bucket/top/rand)=1/6/9/4 sims=904 loop=884 best_avg=-0.288332 best_move=6,1 leader=1 inc2=1 attack_w=0.25
DBG t=99 used=0.018 remain=0.018 turn_time=0.018 end_in=0.017 depth=0 dec=0 cand_cap=20 cand=89->20 pick(must/bucket/top/rand)=1/6/9/4 sims=49616 loop=49596 best_avg=0.473617 best_move=2,2 leader=1 inc2=1 attack_w=0.25
DBG summary depth_safety_fired=0
Score = 436821
=== CASE 0108.txt ===
DBG hdr N=10 M=5 T=100 U=5 VMAX=1062 TIME_LIMIT=1.94 MAX_CAND=20 UCB_C=0.21
DBG t=0 used=0.02 remain=1.94 turn_time=0.0194 end_in=0.0194 depth=7 dec=0 cand_cap=20 cand=4->4 pick(must/bucket/top/rand)=1/2/1/0 sims=3432 loop=3428 best_avg=-0.750684 best_move=9,4 leader=4 inc2=1 attack_w=0.623242
DBG t=12 used=0.02 remain=1.7 turn_time=0.0193182 end_in=0.0193182 depth=7 dec=0 cand_cap=20 cand=13->13 pick(must/bucket/top/rand)=1/4/8/0 sims=2205 loop=2192 best_avg=-0.735412 best_move=8,7 leader=1 inc2=0 attack_w=0.542585
DBG t=24 used=0.02 remain=1.46 turn_time=0.0192105 end_in=0.0192105 depth=7 dec=0 cand_cap=20 cand=22->20 pick(must/bucket/top/rand)=1/5/10/4 sims=1676 loop=1656 best_avg=-0.793408 best_move=7,4 leader=1 inc2=1 attack_w=0.818287
DBG t=37 used=0.02 remain=1.2 turn_time=0.0190476 end_in=0.0190476 depth=10 dec=0 cand_cap=20 cand=28->20 pick(must/bucket/top/rand)=1/5/10/4 sims=1016 loop=996 best_avg=-0.709011 best_move=7,7 leader=1 inc2=1 attack_w=0.619013
DBG t=49 used=0.019 remain=0.968 turn_time=0.0189804 end_in=0.0189804 depth=10 dec=0 cand_cap=20 cand=31->20 pick(must/bucket/top/rand)=1/6/9/4 sims=1048 loop=1028 best_avg=-0.734003 best_move=6,5 leader=1 inc2=1 attack_w=0.548397
DBG t=61 used=0.019 remain=0.74 turn_time=0.0189744 end_in=0.0189744 depth=10 dec=0 cand_cap=20 cand=34->20 pick(must/bucket/top/rand)=1/6/9/4 sims=1064 loop=1044 best_avg=-0.699121 best_move=5,3 leader=4 inc2=1 attack_w=0.580914
DBG t=74 used=0.019 remain=0.493 turn_time=0.0189615 end_in=0.0189615 depth=11 dec=0 cand_cap=20 cand=36->20 pick(must/bucket/top/rand)=1/5/10/4 sims=956 loop=936 best_avg=-0.620973 best_move=8,3 leader=4 inc2=1 attack_w=0.476555
DBG t=86 used=0.019 remain=0.265 turn_time=0.0189286 end_in=0.0189286 depth=11 dec=0 cand_cap=20 cand=35->20 pick(must/bucket/top/rand)=1/4/11/4 sims=964 loop=944 best_avg=-0.684294 best_move=7,6 leader=4 inc2=1 attack_w=0.585213
DBG t=99 used=0.018 remain=0.018 turn_time=0.018 end_in=0.017 depth=0 dec=0 cand_cap=20 cand=37->20 pick(must/bucket/top/rand)=1/3/12/4 sims=18244 loop=18224 best_avg=-0.750319 best_move=8,3 leader=4 inc2=1 attack_w=0.413481
DBG summary depth_safety_fired=0
Score = 103340
=== CASE 0109.txt ===
DBG hdr N=10 M=8 T=100 U=4 VMAX=2107 TIME_LIMIT=1.94 MAX_CAND=20 UCB_C=0.21
DBG t=0 used=0.02 remain=1.94 turn_time=0.0194 end_in=0.0194 depth=7 dec=0 cand_cap=20 cand=4->4 pick(must/bucket/top/rand)=1/2/1/0 sims=2320 loop=2316 best_avg=-0.676131 best_move=9,4 leader=5 inc2=1 attack_w=1
DBG t=12 used=0.02 remain=1.7 turn_time=0.0193182 end_in=0.0193182 depth=7 dec=0 cand_cap=20 cand=12->12 pick(must/bucket/top/rand)=1/4/7/0 sims=1924 loop=1912 best_avg=-0.553156 best_move=7,0 leader=5 inc2=1 attack_w=0.828043
DBG t=24 used=0.02 remain=1.46 turn_time=0.0192105 end_in=0.0192105 depth=7 dec=0 cand_cap=20 cand=12->12 pick(must/bucket/top/rand)=1/4/7/0 sims=1776 loop=1764 best_avg=-0.474071 best_move=9,0 leader=7 inc2=1 attack_w=0.806271
DBG t=37 used=0.02 remain=1.2 turn_time=0.0190476 end_in=0.0190476 depth=10 dec=0 cand_cap=20 cand=13->13 pick(must/bucket/top/rand)=1/4/8/0 sims=1105 loop=1092 best_avg=-0.331738 best_move=9,2 leader=7 inc2=1 attack_w=0.711762
DBG t=49 used=0.019 remain=0.968 turn_time=0.0189804 end_in=0.0189804 depth=10 dec=0 cand_cap=20 cand=14->14 pick(must/bucket/top/rand)=1/4/9/0 sims=1046 loop=1032 best_avg=-0.17637 best_move=7,0 leader=7 inc2=1 attack_w=0.25
DBG t=61 used=0.019 remain=0.74 turn_time=0.0189744 end_in=0.0189744 depth=10 dec=0 cand_cap=20 cand=14->14 pick(must/bucket/top/rand)=1/3/10/0 sims=1002 loop=988 best_avg=-0.292944 best_move=7,0 leader=4 inc2=1 attack_w=0.25
DBG t=74 used=0.019 remain=0.493 turn_time=0.0189615 end_in=0.0189615 depth=11 dec=0 cand_cap=20 cand=16->16 pick(must/bucket/top/rand)=1/4/11/0 sims=908 loop=892 best_avg=-0.16933 best_move=7,0 leader=4 inc2=1 attack_w=0.25
DBG t=86 used=0.019 remain=0.265 turn_time=0.0189286 end_in=0.0189286 depth=11 dec=0 cand_cap=20 cand=18->18 pick(must/bucket/top/rand)=1/2/13/2 sims=962 loop=944 best_avg=-0.10669 best_move=7,0 leader=4 inc2=1 attack_w=0.25
DBG t=99 used=0.018 remain=0.018 turn_time=0.018 end_in=0.017 depth=0 dec=0 cand_cap=20 cand=20->20 pick(must/bucket/top/rand)=1/2/13/4 sims=16240 loop=16220 best_avg=-0.0807871 best_move=9,5 leader=4 inc2=1 attack_w=0.25
DBG summary depth_safety_fired=0
Score = 129830
=== CASE 0110.txt ===
DBG hdr N=10 M=4 T=100 U=4 VMAX=2343 TIME_LIMIT=1.94 MAX_CAND=20 UCB_C=0.21
DBG t=0 used=0.02 remain=1.94 turn_time=0.0194 end_in=0.0194 depth=7 dec=0 cand_cap=20 cand=5->5 pick(must/bucket/top/rand)=1/2/2/0 sims=3705 loop=3700 best_avg=-1.23976 best_move=3,4 leader=3 inc2=1 attack_w=1
DBG t=12 used=0.02 remain=1.7 turn_time=0.0193182 end_in=0.0193182 depth=7 dec=0 cand_cap=20 cand=24->20 pick(must/bucket/top/rand)=1/8/7/4 sims=2864 loop=2844 best_avg=-1.35249 best_move=1,7 leader=3 inc2=1 attack_w=1
DBG t=24 used=0.02 remain=1.46 turn_time=0.0192105 end_in=0.0192105 depth=7 dec=0 cand_cap=20 cand=16->16 pick(must/bucket/top/rand)=1/7/8/0 sims=2764 loop=2748 best_avg=-0.751181 best_move=1,6 leader=1 inc2=1 attack_w=0.713139
DBG t=37 used=0.02 remain=1.2 turn_time=0.0190476 end_in=0.0190476 depth=10 dec=0 cand_cap=20 cand=15->15 pick(must/bucket/top/rand)=1/6/8/0 sims=1843 loop=1828 best_avg=-0.699866 best_move=1,6 leader=1 inc2=0 attack_w=0.309441
DBG t=49 used=0.019 remain=0.968 turn_time=0.0189804 end_in=0.0189804 depth=10 dec=0 cand_cap=20 cand=18->18 pick(must/bucket/top/rand)=1/5/10/2 sims=1734 loop=1716 best_avg=-0.661427 best_move=1,5 leader=3 inc2=1 attack_w=0.25
DBG t=61 used=0.019 remain=0.74 turn_time=0.0189744 end_in=0.0189744 depth=10 dec=0 cand_cap=20 cand=23->20 pick(must/bucket/top/rand)=1/5/10/4 sims=1476 loop=1456 best_avg=-0.795272 best_move=2,4 leader=3 inc2=1 attack_w=0.25
DBG t=74 used=0.019 remain=0.493 turn_time=0.0189615 end_in=0.0189615 depth=11 dec=0 cand_cap=20 cand=44->20 pick(must/bucket/top/rand)=1/8/7/4 sims=1164 loop=1144 best_avg=-0.673322 best_move=7,7 leader=3 inc2=0 attack_w=0.25
DBG t=86 used=0.019 remain=0.265 turn_time=0.0189286 end_in=0.0189286 depth=11 dec=0 cand_cap=20 cand=59->20 pick(must/bucket/top/rand)=1/7/8/4 sims=1172 loop=1152 best_avg=-0.539904 best_move=7,8 leader=1 inc2=1 attack_w=0.25
DBG t=99 used=0.018 remain=0.018 turn_time=0.018 end_in=0.017 depth=0 dec=0 cand_cap=20 cand=62->20 pick(must/bucket/top/rand)=1/6/9/4 sims=30188 loop=30168 best_avg=-0.441814 best_move=6,6 leader=3 inc2=1 attack_w=0.25
DBG summary depth_safety_fired=0
Score = 149816
=== CASE 0113.txt ===
DBG hdr N=10 M=2 T=100 U=5 VMAX=2124 TIME_LIMIT=1.94 MAX_CAND=20 UCB_C=0.21
DBG t=0 used=0.02 remain=1.94 turn_time=0.0194 end_in=0.0194 depth=7 dec=0 cand_cap=20 cand=5->5 pick(must/bucket/top/rand)=1/3/1/0 sims=6353 loop=6348 best_avg=-2.26026 best_move=4,4 leader=1 inc2=1 attack_w=0.15
DBG t=12 used=0.02 remain=1.7 turn_time=0.0193182 end_in=0.0193182 depth=7 dec=0 cand_cap=20 cand=11->11 pick(must/bucket/top/rand)=1/4/6/0 sims=5283 loop=5272 best_avg=-1.2938 best_move=3,5 leader=1 inc2=1 attack_w=0.25
DBG t=24 used=0.02 remain=1.46 turn_time=0.0192105 end_in=0.0192105 depth=7 dec=0 cand_cap=20 cand=19->19 pick(must/bucket/top/rand)=1/8/7/3 sims=4515 loop=4496 best_avg=-1.10825 best_move=4,5 leader=1 inc2=1 attack_w=0.25
DBG t=37 used=0.02 remain=1.2 turn_time=0.0190476 end_in=0.0190476 depth=10 dec=0 cand_cap=20 cand=23->20 pick(must/bucket/top/rand)=1/8/7/4 sims=2608 loop=2588 best_avg=-1.23253 best_move=5,6 leader=1 inc2=1 attack_w=0.25
DBG t=49 used=0.019 remain=0.968 turn_time=0.0189804 end_in=0.0189804 depth=10 dec=0 cand_cap=20 cand=30->20 pick(must/bucket/top/rand)=1/8/7/4 sims=2260 loop=2240 best_avg=-1.27295 best_move=4,5 leader=1 inc2=1 attack_w=0.25
DBG t=61 used=0.019 remain=0.74 turn_time=0.0189744 end_in=0.0189744 depth=10 dec=0 cand_cap=20 cand=40->20 pick(must/bucket/top/rand)=1/8/7/4 sims=1888 loop=1868 best_avg=-0.979377 best_move=0,4 leader=1 inc2=1 attack_w=0.25
DBG t=74 used=0.019 remain=0.493 turn_time=0.0189615 end_in=0.0189615 depth=11 dec=0 cand_cap=20 cand=47->20 pick(must/bucket/top/rand)=1/8/7/4 sims=1592 loop=1572 best_avg=-0.666993 best_move=4,5 leader=1 inc2=1 attack_w=0.25
DBG t=86 used=0.019 remain=0.265 turn_time=0.0189286 end_in=0.0189286 depth=11 dec=0 cand_cap=20 cand=53->20 pick(must/bucket/top/rand)=1/8/7/4 sims=1468 loop=1448 best_avg=-0.727298 best_move=7,3 leader=1 inc2=1 attack_w=0.25
DBG t=99 used=0.018 remain=0.018 turn_time=0.018 end_in=0.017 depth=0 dec=0 cand_cap=20 cand=60->20 pick(must/bucket/top/rand)=1/7/8/4 sims=69660 loop=69640 best_avg=-0.124485 best_move=3,4 leader=1 inc2=1 attack_w=0.25
DBG summary depth_safety_fired=0
Score = 373193
=== CASE 0112.txt ===
DBG hdr N=10 M=8 T=100 U=4 VMAX=1508 TIME_LIMIT=1.94 MAX_CAND=20 UCB_C=0.21
DBG t=0 used=0.02 remain=1.94 turn_time=0.0194 end_in=0.0194 depth=7 dec=0 cand_cap=20 cand=5->5 pick(must/bucket/top/rand)=1/2/2/0 sims=2497 loop=2492 best_avg=-0.683115 best_move=8,6 leader=1 inc2=1 attack_w=1
DBG t=12 used=0.02 remain=1.7 turn_time=0.0193182 end_in=0.0193182 depth=7 dec=0 cand_cap=20 cand=20->20 pick(must/bucket/top/rand)=1/6/9/4 sims=1852 loop=1832 best_avg=-0.46132 best_move=8,7 leader=1 inc2=1 attack_w=0.73043
DBG t=24 used=0.02 remain=1.46 turn_time=0.0192105 end_in=0.0192105 depth=7 dec=0 cand_cap=20 cand=10->10 pick(must/bucket/top/rand)=1/4/5/0 sims=1462 loop=1452 best_avg=-0.695181 best_move=3,6 leader=1 inc2=1 attack_w=1
DBG t=37 used=0.02 remain=1.2 turn_time=0.0190476 end_in=0.0190476 depth=10 dec=0 cand_cap=20 cand=18->18 pick(must/bucket/top/rand)=1/7/8/2 sims=1034 loop=1016 best_avg=-0.582442 best_move=3,8 leader=6 inc2=1 attack_w=0.818133
DBG t=49 used=0.019 remain=0.968 turn_time=0.0189804 end_in=0.0189804 depth=10 dec=0 cand_cap=20 cand=19->19 pick(must/bucket/top/rand)=1/6/9/3 sims=1019 loop=1000 best_avg=-0.520771 best_move=4,8 leader=1 inc2=1 attack_w=0.415997
DBG t=61 used=0.019 remain=0.74 turn_time=0.0189744 end_in=0.0189744 depth=10 dec=0 cand_cap=20 cand=23->20 pick(must/bucket/top/rand)=1/5/10/4 sims=948 loop=928 best_avg=-0.456037 best_move=4,6 leader=4 inc2=1 attack_w=0.537965
DBG t=74 used=0.019 remain=0.493 turn_time=0.0189615 end_in=0.0189615 depth=11 dec=0 cand_cap=20 cand=26->20 pick(must/bucket/top/rand)=1/4/11/4 sims=844 loop=824 best_avg=-0.62478 best_move=4,7 leader=4 inc2=1 attack_w=0.855306
DBG t=86 used=0.019 remain=0.265 turn_time=0.0189286 end_in=0.0189286 depth=11 dec=0 cand_cap=20 cand=36->20 pick(must/bucket/top/rand)=1/4/11/4 sims=824 loop=804 best_avg=-0.539844 best_move=6,7 leader=4 inc2=1 attack_w=0.787482
DBG t=99 used=0.018 remain=0.018 turn_time=0.018 end_in=0.017 depth=0 dec=0 cand_cap=20 cand=34->20 pick(must/bucket/top/rand)=1/4/11/4 sims=14824 loop=14804 best_avg=-0.471915 best_move=5,5 leader=6 inc2=1 attack_w=0.565064
DBG summary depth_safety_fired=0
Score = 98206
=== CASE 0115.txt ===
DBG hdr N=10 M=8 T=100 U=5 VMAX=1950 TIME_LIMIT=1.94 MAX_CAND=20 UCB_C=0.21
DBG t=0 used=0.02 remain=1.94 turn_time=0.0194 end_in=0.0194 depth=7 dec=0 cand_cap=20 cand=5->5 pick(must/bucket/top/rand)=1/2/2/0 sims=2393 loop=2388 best_avg=-1.29349 best_move=8,7 leader=2 inc2=1 attack_w=1
DBG t=12 used=0.02 remain=1.7 turn_time=0.0193182 end_in=0.0193182 depth=7 dec=0 cand_cap=20 cand=23->20 pick(must/bucket/top/rand)=1/4/11/4 sims=1768 loop=1748 best_avg=-0.604839 best_move=8,3 leader=3 inc2=1 attack_w=1
DBG t=24 used=0.02 remain=1.46 turn_time=0.0192105 end_in=0.0192105 depth=7 dec=0 cand_cap=20 cand=16->16 pick(must/bucket/top/rand)=1/4/11/0 sims=1744 loop=1728 best_avg=-0.422129 best_move=9,2 leader=3 inc2=1 attack_w=0.441256
DBG t=37 used=0.02 remain=1.2 turn_time=0.0190476 end_in=0.0190476 depth=10 dec=0 cand_cap=20 cand=16->16 pick(must/bucket/top/rand)=1/5/10/0 sims=1180 loop=1164 best_avg=-0.260003 best_move=9,1 leader=3 inc2=1 attack_w=0.25
DBG t=49 used=0.019 remain=0.968 turn_time=0.0189804 end_in=0.0189804 depth=10 dec=0 cand_cap=20 cand=16->16 pick(must/bucket/top/rand)=1/4/11/0 sims=1068 loop=1052 best_avg=-0.164137 best_move=6,3 leader=3 inc2=1 attack_w=0.25
DBG t=61 used=0.019 remain=0.74 turn_time=0.0189744 end_in=0.0189744 depth=10 dec=0 cand_cap=20 cand=16->16 pick(must/bucket/top/rand)=1/4/11/0 sims=1044 loop=1028 best_avg=-0.0670602 best_move=9,0 leader=3 inc2=1 attack_w=0.25
DBG t=74 used=0.019 remain=0.493 turn_time=0.0189615 end_in=0.0189615 depth=11 dec=0 cand_cap=20 cand=19->19 pick(must/bucket/top/rand)=1/4/11/3 sims=919 loop=900 best_avg=-0.104116 best_move=7,2 leader=3 inc2=1 attack_w=0.25
DBG t=86 used=0.019 remain=0.265 turn_time=0.0189286 end_in=0.0189286 depth=11 dec=0 cand_cap=20 cand=24->20 pick(must/bucket/top/rand)=1/5/10/4 sims=916 loop=896 best_avg=-0.056603 best_move=8,1 leader=3 inc2=1 attack_w=0.25
DBG t=99 used=0.018 remain=0.018 turn_time=0.018 end_in=0.017 depth=0 dec=0 cand_cap=20 cand=21->20 pick(must/bucket/top/rand)=1/2/13/4 sims=15024 loop=15004 best_avg=0.104701 best_move=6,4 leader=3 inc2=1 attack_w=0.25
DBG summary depth_safety_fired=0
Score = 147984
=== CASE 0117.txt ===
DBG hdr N=10 M=8 T=100 U=2 VMAX=1187 TIME_LIMIT=1.94 MAX_CAND=20 UCB_C=0.21
DBG t=0 used=0.02 remain=1.94 turn_time=0.0194 end_in=0.0194 depth=7 dec=0 cand_cap=20 cand=4->4 pick(must/bucket/top/rand)=1/2/1/0 sims=2264 loop=2260 best_avg=-0.794166 best_move=8,1 leader=3 inc2=1 attack_w=0.657045
DBG t=12 used=0.02 remain=1.7 turn_time=0.0193182 end_in=0.0193182 depth=7 dec=0 cand_cap=20 cand=11->11 pick(must/bucket/top/rand)=1/2/8/0 sims=1495 loop=1484 best_avg=-0.839223 best_move=8,1 leader=4 inc2=1 attack_w=1
DBG t=24 used=0.02 remain=1.46 turn_time=0.0192105 end_in=0.0192105 depth=7 dec=0 cand_cap=20 cand=24->20 pick(must/bucket/top/rand)=1/5/10/4 sims=1400 loop=1380 best_avg=-0.568978 best_move=5,4 leader=5 inc2=1 attack_w=1
DBG t=37 used=0.02 remain=1.2 turn_time=0.0190476 end_in=0.0190476 depth=10 dec=0 cand_cap=20 cand=13->13 pick(must/bucket/top/rand)=1/7/5/0 sims=829 loop=816 best_avg=-0.698393 best_move=6,9 leader=5 inc2=1 attack_w=1
DBG t=49 used=0.019 remain=0.968 turn_time=0.0189804 end_in=0.0189804 depth=10 dec=0 cand_cap=20 cand=15->15 pick(must/bucket/top/rand)=1/5/9/0 sims=895 loop=880 best_avg=-0.831981 best_move=7,8 leader=4 inc2=1 attack_w=1
DBG t=61 used=0.019 remain=0.74 turn_time=0.0189744 end_in=0.0189744 depth=10 dec=0 cand_cap=20 cand=30->20 pick(must/bucket/top/rand)=1/6/9/4 sims=856 loop=836 best_avg=-0.476712 best_move=5,9 leader=5 inc2=1 attack_w=1
DBG t=74 used=0.019 remain=0.493 turn_time=0.0189615 end_in=0.0189615 depth=11 dec=0 cand_cap=20 cand=32->20 pick(must/bucket/top/rand)=1/5/10/4 sims=820 loop=800 best_avg=-0.289232 best_move=4,6 leader=4 inc2=1 attack_w=0.373931
DBG t=86 used=0.019 remain=0.265 turn_time=0.0189286 end_in=0.0189286 depth=11 dec=0 cand_cap=20 cand=44->20 pick(must/bucket/top/rand)=1/5/10/4 sims=832 loop=812 best_avg=-0.170607 best_move=5,5 leader=4 inc2=1 attack_w=0.25
DBG t=99 used=0.018 remain=0.018 turn_time=0.018 end_in=0.017 depth=0 dec=0 cand_cap=20 cand=50->20 pick(must/bucket/top/rand)=1/6/9/4 sims=20180 loop=20160 best_avg=0.0632397 best_move=3,5 leader=4 inc2=1 attack_w=0.25
DBG summary depth_safety_fired=0
Score = 138327
=== CASE 0118.txt ===
DBG hdr N=10 M=4 T=100 U=2 VMAX=2712 TIME_LIMIT=1.94 MAX_CAND=20 UCB_C=0.21
DBG t=0 used=0.02 remain=1.94 turn_time=0.0194 end_in=0.0194 depth=7 dec=0 cand_cap=20 cand=4->4 pick(must/bucket/top/rand)=1/2/1/0 sims=3440 loop=3436 best_avg=-0.789221 best_move=5,9 leader=3 inc2=1 attack_w=1
DBG t=12 used=0.02 remain=1.7 turn_time=0.0193182 end_in=0.0193182 depth=7 dec=0 cand_cap=20 cand=18->18 pick(must/bucket/top/rand)=1/4/11/2 sims=2534 loop=2516 best_avg=-0.405777 best_move=7,7 leader=1 inc2=0 attack_w=0.25
DBG t=24 used=0.02 remain=1.46 turn_time=0.0192105 end_in=0.0192105 depth=7 dec=0 cand_cap=20 cand=25->20 pick(must/bucket/top/rand)=1/5/10/4 sims=2212 loop=2192 best_avg=-0.448853 best_move=4,7 leader=1 inc2=0 attack_w=0.25
DBG t=37 used=0.02 remain=1.2 turn_time=0.0190476 end_in=0.0190476 depth=10 dec=0 cand_cap=20 cand=33->20 pick(must/bucket/top/rand)=1/7/8/4 sims=1216 loop=1196 best_avg=-0.0320364 best_move=3,6 leader=1 inc2=1 attack_w=0.25
DBG t=49 used=0.019 remain=0.968 turn_time=0.0189804 end_in=0.0189804 depth=10 dec=0 cand_cap=20 cand=43->20 pick(must/bucket/top/rand)=1/7/8/4 sims=1108 loop=1088 best_avg=-0.0741296 best_move=3,7 leader=1 inc2=0 attack_w=0.25
DBG t=61 used=0.019 remain=0.74 turn_time=0.0189744 end_in=0.0189744 depth=10 dec=0 cand_cap=20 cand=53->20 pick(must/bucket/top/rand)=1/8/7/4 sims=988 loop=968 best_avg=0.0222892 best_move=2,4 leader=1 inc2=0 attack_w=0.25
DBG t=74 used=0.019 remain=0.493 turn_time=0.0189615 end_in=0.0189615 depth=11 dec=0 cand_cap=20 cand=51->20 pick(must/bucket/top/rand)=1/8/7/4 sims=828 loop=808 best_avg=0.0505925 best_move=2,4 leader=2 inc2=1 attack_w=0.25
DBG t=86 used=0.019 remain=0.265 turn_time=0.0189286 end_in=0.0189286 depth=11 dec=0 cand_cap=20 cand=49->20 pick(must/bucket/top/rand)=1/6/9/4 sims=1016 loop=996 best_avg=0.0285464 best_move=1,6 leader=2 inc2=1 attack_w=0.25
DBG t=99 used=0.018 remain=0.018 turn_time=0.018 end_in=0.017 depth=0 dec=0 cand_cap=20 cand=59->20 pick(must/bucket/top/rand)=1/8/7/4 sims=28424 loop=28404 best_avg=0.202518 best_move=3,4 leader=1 inc2=1 attack_w=0.25
DBG summary depth_safety_fired=0
Score = 209350
=== CASE 0114.txt ===
DBG hdr N=10 M=7 T=100 U=1 VMAX=2188 TIME_LIMIT=1.94 MAX_CAND=20 UCB_C=0.21
DBG t=0 used=0.02 remain=1.94 turn_time=0.0194 end_in=0.0194 depth=7 dec=0 cand_cap=20 cand=4->4 pick(must/bucket/top/rand)=1/2/1/0 sims=2412 loop=2408 best_avg=-1.5944 best_move=7,0 leader=5 inc2=1 attack_w=1
DBG t=12 used=0.02 remain=1.7 turn_time=0.0193182 end_in=0.0193182 depth=7 dec=0 cand_cap=20 cand=26->20 pick(must/bucket/top/rand)=1/2/13/4 sims=1540 loop=1520 best_avg=-0.850601 best_move=5,2 leader=4 inc2=1 attack_w=1
DBG t=24 used=0.02 remain=1.46 turn_time=0.0192105 end_in=0.0192105 depth=7 dec=0 cand_cap=20 cand=10->10 pick(must/bucket/top/rand)=1/4/5/0 sims=1706 loop=1696 best_avg=-0.209368 best_move=0,4 leader=6 inc2=1 attack_w=0.397439
DBG t=37 used=0.02 remain=1.2 turn_time=0.0190476 end_in=0.0190476 depth=10 dec=0 cand_cap=20 cand=27->20 pick(must/bucket/top/rand)=1/2/13/4 sims=1040 loop=1020 best_avg=-0.050708 best_move=1,3 leader=1 inc2=1 attack_w=0.25
DBG t=49 used=0.019 remain=0.968 turn_time=0.0189804 end_in=0.0189804 depth=10 dec=0 cand_cap=20 cand=22->20 pick(must/bucket/top/rand)=1/3/12/4 sims=1000 loop=980 best_avg=-0.148119 best_move=2,5 leader=1 inc2=1 attack_w=0.25
DBG t=61 used=0.019 remain=0.74 turn_time=0.0189744 end_in=0.0189744 depth=10 dec=0 cand_cap=20 cand=22->20 pick(must/bucket/top/rand)=1/4/11/4 sims=1044 loop=1024 best_avg=-0.0433555 best_move=2,4 leader=1 inc2=1 attack_w=0.25
DBG t=74 used=0.019 remain=0.493 turn_time=0.0189615 end_in=0.0189615 depth=11 dec=0 cand_cap=20 cand=27->20 pick(must/bucket/top/rand)=1/3/12/4 sims=908 loop=888 best_avg=-0.199436 best_move=2,2 leader=1 inc2=1 attack_w=0.25
DBG t=86 used=0.019 remain=0.265 turn_time=0.0189286 end_in=0.0189286 depth=11 dec=0 cand_cap=20 cand=43->20 pick(must/bucket/top/rand)=1/6/9/4 sims=852 loop=832 best_avg=0.117419 best_move=7,2 leader=1 inc2=1 attack_w=0.25
DBG t=99 used=0.018 remain=0.018 turn_time=0.018 end_in=0.017 depth=0 dec=0 cand_cap=20 cand=6->6 pick(must/bucket/top/rand)=1/1/4/0 sims=24790 loop=24784 best_avg=0.398124 best_move=0,6 leader=1 inc2=1 attack_w=0.25
DBG summary depth_safety_fired=0
Score = 171124
=== CASE 0116.txt ===
DBG hdr N=10 M=5 T=100 U=4 VMAX=1772 TIME_LIMIT=1.94 MAX_CAND=20 UCB_C=0.21
DBG t=0 used=0.02 remain=1.94 turn_time=0.0194 end_in=0.0194 depth=7 dec=0 cand_cap=20 cand=4->4 pick(must/bucket/top/rand)=1/2/1/0 sims=3340 loop=3336 best_avg=-1.26348 best_move=5,5 leader=1 inc2=1 attack_w=1
DBG t=12 used=0.02 remain=1.7 turn_time=0.0193182 end_in=0.0193182 depth=7 dec=0 cand_cap=20 cand=15->15 pick(must/bucket/top/rand)=1/6/8/0 sims=2247 loop=2232 best_avg=-0.928963 best_move=4,2 leader=1 inc2=0 attack_w=1
DBG t=24 used=0.02 remain=1.46 turn_time=0.0192105 end_in=0.0192105 depth=7 dec=0 cand_cap=20 cand=24->20 pick(must/bucket/top/rand)=1/6/9/4 sims=1980 loop=1960 best_avg=-0.770623 best_move=3,4 leader=1 inc2=0 attack_w=0.298444
DBG t=37 used=0.02 remain=1.2 turn_time=0.0190476 end_in=0.0190476 depth=10 dec=0 cand_cap=20 cand=25->20 pick(must/bucket/top/rand)=1/7/8/4 sims=1204 loop=1184 best_avg=-0.749578 best_move=1,0 leader=1 inc2=1 attack_w=0.25
DBG t=49 used=0.019 remain=0.968 turn_time=0.0189804 end_in=0.0189804 depth=10 dec=0 cand_cap=20 cand=29->20 pick(must/bucket/top/rand)=1/7/8/4 sims=1068 loop=1048 best_avg=-0.747123 best_move=3,3 leader=1 inc2=1 attack_w=0.374524
DBG t=61 used=0.019 remain=0.74 turn_time=0.0189744 end_in=0.0189744 depth=10 dec=0 cand_cap=20 cand=32->20 pick(must/bucket/top/rand)=1/7/8/4 sims=1076 loop=1056 best_avg=-0.720535 best_move=0,1 leader=1 inc2=1 attack_w=0.25
DBG t=74 used=0.019 remain=0.493 turn_time=0.0189615 end_in=0.0189615 depth=11 dec=0 cand_cap=20 cand=31->20 pick(must/bucket/top/rand)=1/7/8/4 sims=888 loop=868 best_avg=-0.745001 best_move=2,2 leader=4 inc2=1 attack_w=0.340705
DBG t=86 used=0.019 remain=0.265 turn_time=0.0189286 end_in=0.0189286 depth=11 dec=0 cand_cap=20 cand=36->20 pick(must/bucket/top/rand)=1/7/8/4 sims=888 loop=868 best_avg=-0.709892 best_move=0,4 leader=4 inc2=1 attack_w=0.263518
DBG t=99 used=0.018 remain=0.018 turn_time=0.018 end_in=0.017 depth=0 dec=0 cand_cap=20 cand=34->20 pick(must/bucket/top/rand)=1/6/9/4 sims=16908 loop=16888 best_avg=-0.618621 best_move=4,5 leader=4 inc2=1 attack_w=0.25
DBG summary depth_safety_fired=0
Score = 116823
=== CASE 0119.txt ===
DBG hdr N=10 M=8 T=100 U=1 VMAX=2418 TIME_LIMIT=1.94 MAX_CAND=20 UCB_C=0.21
DBG t=0 used=0.02 remain=1.94 turn_time=0.0194 end_in=0.0194 depth=7 dec=0 cand_cap=20 cand=5->5 pick(must/bucket/top/rand)=1/2/2/0 sims=2133 loop=2128 best_avg=-0.874239 best_move=5,7 leader=1 inc2=1 attack_w=1
DBG t=12 used=0.02 remain=1.7 turn_time=0.0193182 end_in=0.0193182 depth=7 dec=0 cand_cap=20 cand=11->11 pick(must/bucket/top/rand)=1/2/8/0 sims=1591 loop=1580 best_avg=-0.567062 best_move=1,7 leader=3 inc2=1 attack_w=1
DBG t=24 used=0.02 remain=1.46 turn_time=0.0192105 end_in=0.0192105 depth=7 dec=0 cand_cap=20 cand=24->20 pick(must/bucket/top/rand)=1/4/11/4 sims=1492 loop=1472 best_avg=-0.12106 best_move=1,4 leader=3 inc2=1 attack_w=0.25
DBG t=37 used=0.02 remain=1.2 turn_time=0.0190476 end_in=0.0190476 depth=10 dec=0 cand_cap=20 cand=6->6 pick(must/bucket/top/rand)=1/2/3/0 sims=1194 loop=1188 best_avg=-0.47489 best_move=3,3 leader=2 inc2=1 attack_w=0.25
DBG t=49 used=0.019 remain=0.968 turn_time=0.0189804 end_in=0.0189804 depth=10 dec=0 cand_cap=20 cand=21->20 pick(must/bucket/top/rand)=1/4/11/4 sims=1280 loop=1260 best_avg=-0.318074 best_move=3,4 leader=2 inc2=1 attack_w=0.25
DBG t=61 used=0.019 remain=0.74 turn_time=0.0189744 end_in=0.0189744 depth=10 dec=0 cand_cap=20 cand=19->19 pick(must/bucket/top/rand)=1/6/9/3 sims=1179 loop=1160 best_avg=-0.563274 best_move=8,1 leader=2 inc2=1 attack_w=0.936674
DBG t=74 used=0.019 remain=0.493 turn_time=0.0189615 end_in=0.0189615 depth=11 dec=0 cand_cap=20 cand=39->20 pick(must/bucket/top/rand)=1/6/9/4 sims=944 loop=924 best_avg=0.0257695 best_move=9,6 leader=4 inc2=1 attack_w=0.25
DBG t=86 used=0.019 remain=0.265 turn_time=0.0189286 end_in=0.0189286 depth=11 dec=0 cand_cap=20 cand=8->8 pick(must/bucket/top/rand)=1/4/3/0 sims=1204 loop=1196 best_avg=0.290807 best_move=1,1 leader=3 inc2=1 attack_w=0.25
DBG t=99 used=0.018 remain=0.018 turn_time=0.018 end_in=0.017 depth=0 dec=0 cand_cap=20 cand=12->12 pick(must/bucket/top/rand)=1/4/7/0 sims=22356 loop=22344 best_avg=-0.155116 best_move=4,4 leader=6 inc2=1 attack_w=0.25
DBG summary depth_safety_fired=0
Score = 118652
=== CASE 0123.txt ===
DBG hdr N=10 M=8 T=100 U=4 VMAX=1349 TIME_LIMIT=1.94 MAX_CAND=20 UCB_C=0.21
DBG t=0 used=0.02 remain=1.94 turn_time=0.0194 end_in=0.0194 depth=7 dec=0 cand_cap=20 cand=4->4 pick(must/bucket/top/rand)=1/2/1/0 sims=2236 loop=2232 best_avg=-0.339167 best_move=4,0 leader=2 inc2=1 attack_w=0.777092
DBG t=12 used=0.02 remain=1.7 turn_time=0.0193182 end_in=0.0193182 depth=7 dec=0 cand_cap=20 cand=10->10 pick(must/bucket/top/rand)=1/4/5/0 sims=1654 loop=1644 best_avg=-0.261725 best_move=6,1 leader=1 inc2=1 attack_w=0.25
DBG t=24 used=0.02 remain=1.46 turn_time=0.0192105 end_in=0.0192105 depth=7 dec=0 cand_cap=20 cand=15->15 pick(must/bucket/top/rand)=1/5/9/0 sims=1423 loop=1408 best_avg=-0.272172 best_move=4,1 leader=1 inc2=1 attack_w=0.25
DBG t=37 used=0.02 remain=1.2 turn_time=0.0190476 end_in=0.0190476 depth=10 dec=0 cand_cap=20 cand=18->18 pick(must/bucket/top/rand)=1/3/12/2 sims=886 loop=868 best_avg=-0.281285 best_move=6,3 leader=3 inc2=1 attack_w=0.25
DBG t=49 used=0.019 remain=0.968 turn_time=0.0189804 end_in=0.0189804 depth=10 dec=0 cand_cap=20 cand=21->20 pick(must/bucket/top/rand)=1/4/11/4 sims=920 loop=900 best_avg=-0.285073 best_move=7,2 leader=3 inc2=1 attack_w=0.25
DBG t=61 used=0.019 remain=0.74 turn_time=0.0189744 end_in=0.0189744 depth=10 dec=0 cand_cap=20 cand=20->20 pick(must/bucket/top/rand)=1/4/11/4 sims=884 loop=864 best_avg=-0.257578 best_move=3,1 leader=3 inc2=1 attack_w=0.25
DBG t=74 used=0.019 remain=0.493 turn_time=0.0189615 end_in=0.0189615 depth=11 dec=0 cand_cap=20 cand=22->20 pick(must/bucket/top/rand)=1/3/12/4 sims=816 loop=796 best_avg=-0.302215 best_move=3,1 leader=6 inc2=1 attack_w=0.25
DBG t=86 used=0.019 remain=0.265 turn_time=0.0189286 end_in=0.0189286 depth=11 dec=0 cand_cap=20 cand=21->20 pick(must/bucket/top/rand)=1/3/12/4 sims=888 loop=868 best_avg=-0.467228 best_move=3,1 leader=6 inc2=1 attack_w=0.399014
DBG t=99 used=0.018 remain=0.018 turn_time=0.018 end_in=0.017 depth=0 dec=0 cand_cap=20 cand=21->20 pick(must/bucket/top/rand)=1/2/13/4 sims=13848 loop=13828 best_avg=-0.416441 best_move=7,1 leader=6 inc2=1 attack_w=0.424466
DBG summary depth_safety_fired=0
Score = 103710
=== CASE 0122.txt ===
DBG hdr N=10 M=4 T=100 U=1 VMAX=1669 TIME_LIMIT=1.94 MAX_CAND=20 UCB_C=0.21
DBG t=0 used=0.02 remain=1.94 turn_time=0.0194 end_in=0.0194 depth=7 dec=0 cand_cap=20 cand=5->5 pick(must/bucket/top/rand)=1/3/1/0 sims=3433 loop=3428 best_avg=-1.39528 best_move=8,3 leader=3 inc2=1 attack_w=1
DBG t=12 used=0.02 remain=1.7 turn_time=0.0193182 end_in=0.0193182 depth=7 dec=0 cand_cap=20 cand=15->15 pick(must/bucket/top/rand)=1/6/8/0 sims=2199 loop=2184 best_avg=-1.13479 best_move=8,6 leader=3 inc2=1 attack_w=1
DBG t=24 used=0.02 remain=1.46 turn_time=0.0192105 end_in=0.0192105 depth=7 dec=0 cand_cap=20 cand=31->20 pick(must/bucket/top/rand)=1/6/9/4 sims=1832 loop=1812 best_avg=-1.15159 best_move=7,9 leader=1 inc2=1 attack_w=0.437997
DBG t=37 used=0.02 remain=1.2 turn_time=0.0190476 end_in=0.0190476 depth=10 dec=0 cand_cap=20 cand=38->20 pick(must/bucket/top/rand)=1/6/9/4 sims=1036 loop=1016 best_avg=-0.609864 best_move=7,8 leader=1 inc2=1 attack_w=0.304449
DBG t=49 used=0.019 remain=0.968 turn_time=0.0189804 end_in=0.0189804 depth=10 dec=0 cand_cap=20 cand=27->20 pick(must/bucket/top/rand)=1/5/10/4 sims=984 loop=964 best_avg=-0.582055 best_move=9,4 leader=1 inc2=1 attack_w=0.25
DBG t=61 used=0.019 remain=0.74 turn_time=0.0189744 end_in=0.0189744 depth=10 dec=0 cand_cap=20 cand=47->20 pick(must/bucket/top/rand)=1/5/10/4 sims=812 loop=792 best_avg=-0.532581 best_move=7,4 leader=1 inc2=0 attack_w=0.25
DBG t=74 used=0.019 remain=0.493 turn_time=0.0189615 end_in=0.0189615 depth=11 dec=0 cand_cap=20 cand=47->20 pick(must/bucket/top/rand)=1/6/9/4 sims=664 loop=644 best_avg=-0.473746 best_move=2,7 leader=1 inc2=1 attack_w=0.25
DBG t=86 used=0.019 remain=0.265 turn_time=0.0189286 end_in=0.0189286 depth=11 dec=0 cand_cap=20 cand=45->20 pick(must/bucket/top/rand)=1/6/9/4 sims=768 loop=748 best_avg=-0.323354 best_move=5,4 leader=3 inc2=1 attack_w=0.25
DBG t=99 used=0.018 remain=0.018 turn_time=0.018 end_in=0.017 depth=0 dec=0 cand_cap=20 cand=62->20 pick(must/bucket/top/rand)=1/6/9/4 sims=25256 loop=25236 best_avg=0.016633 best_move=6,3 leader=3 inc2=1 attack_w=0.25
DBG summary depth_safety_fired=0
Score = 187487
=== CASE 0121.txt ===
DBG hdr N=10 M=4 T=100 U=3 VMAX=1477 TIME_LIMIT=1.94 MAX_CAND=20 UCB_C=0.21
DBG t=0 used=0.02 remain=1.94 turn_time=0.0194 end_in=0.0194 depth=7 dec=0 cand_cap=20 cand=5->5 pick(must/bucket/top/rand)=1/3/1/0 sims=3793 loop=3788 best_avg=-1.11954 best_move=6,8 leader=2 inc2=0 attack_w=0.913552
DBG t=12 used=0.02 remain=1.7 turn_time=0.0193182 end_in=0.0193182 depth=7 dec=0 cand_cap=20 cand=18->18 pick(must/bucket/top/rand)=1/6/9/2 sims=2902 loop=2884 best_avg=-1.03438 best_move=6,7 leader=1 inc2=1 attack_w=0.385522
DBG t=24 used=0.02 remain=1.46 turn_time=0.0192105 end_in=0.0192105 depth=7 dec=0 cand_cap=20 cand=26->20 pick(must/bucket/top/rand)=1/6/9/4 sims=2188 loop=2168 best_avg=-1.14283 best_move=1,5 leader=1 inc2=1 attack_w=0.786058
DBG t=37 used=0.02 remain=1.2 turn_time=0.0190476 end_in=0.0190476 depth=10 dec=0 cand_cap=20 cand=35->20 pick(must/bucket/top/rand)=1/5/10/4 sims=1176 loop=1156 best_avg=-1.14665 best_move=1,9 leader=1 inc2=0 attack_w=0.727153
DBG t=49 used=0.019 remain=0.968 turn_time=0.0189804 end_in=0.0189804 depth=10 dec=0 cand_cap=20 cand=39->20 pick(must/bucket/top/rand)=1/7/8/4 sims=1088 loop=1068 best_avg=-1.13081 best_move=0,4 leader=1 inc2=0 attack_w=0.59995
DBG t=61 used=0.019 remain=0.74 turn_time=0.0189744 end_in=0.0189744 depth=10 dec=0 cand_cap=20 cand=44->20 pick(must/bucket/top/rand)=1/6/9/4 sims=968 loop=948 best_avg=-0.988769 best_move=1,4 leader=1 inc2=0 attack_w=0.25
DBG t=74 used=0.019 remain=0.493 turn_time=0.0189615 end_in=0.0189615 depth=11 dec=0 cand_cap=20 cand=45->20 pick(must/bucket/top/rand)=1/6/9/4 sims=912 loop=892 best_avg=-0.970275 best_move=2,4 leader=1 inc2=0 attack_w=0.25
DBG t=86 used=0.019 remain=0.265 turn_time=0.0189286 end_in=0.0189286 depth=11 dec=0 cand_cap=20 cand=49->20 pick(must/bucket/top/rand)=1/7/8/4 sims=860 loop=840 best_avg=-0.952143 best_move=6,2 leader=1 inc2=0 attack_w=0.25
DBG t=99 used=0.018 remain=0.018 turn_time=0.018 end_in=0.017 depth=0 dec=0 cand_cap=20 cand=59->20 pick(must/bucket/top/rand)=1/6/9/4 sims=20880 loop=20860 best_avg=-0.877804 best_move=2,4 leader=1 inc2=0 attack_w=0.25
DBG summary depth_safety_fired=0
Score = 115277
=== CASE 0120.txt ===
DBG hdr N=10 M=2 T=100 U=1 VMAX=2348 TIME_LIMIT=1.94 MAX_CAND=20 UCB_C=0.21
DBG t=0 used=0.02 remain=1.94 turn_time=0.0194 end_in=0.0194 depth=7 dec=0 cand_cap=20 cand=5->5 pick(must/bucket/top/rand)=1/2/2/0 sims=5405 loop=5400 best_avg=-2.56363 best_move=2,4 leader=1 inc2=1 attack_w=0.15
DBG t=12 used=0.02 remain=1.7 turn_time=0.0193182 end_in=0.0193182 depth=7 dec=0 cand_cap=20 cand=24->20 pick(must/bucket/top/rand)=1/4/11/4 sims=3516 loop=3496 best_avg=-2.36481 best_move=3,2 leader=1 inc2=1 attack_w=0.25
DBG t=24 used=0.02 remain=1.46 turn_time=0.0192105 end_in=0.0192105 depth=7 dec=0 cand_cap=20 cand=28->20 pick(must/bucket/top/rand)=1/5/10/4 sims=3676 loop=3656 best_avg=-2.46065 best_move=1,1 leader=1 inc2=1 attack_w=0.25
DBG t=37 used=0.02 remain=1.2 turn_time=0.0190476 end_in=0.0190476 depth=10 dec=0 cand_cap=20 cand=12->12 pick(must/bucket/top/rand)=1/5/6/0 sims=2292 loop=2280 best_avg=-2.3535 best_move=3,1 leader=1 inc2=1 attack_w=0.25
DBG t=49 used=0.019 remain=0.968 turn_time=0.0189804 end_in=0.0189804 depth=10 dec=0 cand_cap=20 cand=25->20 pick(must/bucket/top/rand)=1/5/10/4 sims=2244 loop=2224 best_avg=-2.43547 best_move=3,4 leader=1 inc2=1 attack_w=0.25
DBG t=61 used=0.019 remain=0.74 turn_time=0.0189744 end_in=0.0189744 depth=10 dec=0 cand_cap=20 cand=26->20 pick(must/bucket/top/rand)=1/5/10/4 sims=1876 loop=1856 best_avg=-2.12706 best_move=2,2 leader=1 inc2=1 attack_w=0.25
DBG t=74 used=0.019 remain=0.493 turn_time=0.0189615 end_in=0.0189615 depth=11 dec=0 cand_cap=20 cand=41->20 pick(must/bucket/top/rand)=1/4/11/4 sims=1548 loop=1528 best_avg=-1.98879 best_move=1,1 leader=1 inc2=1 attack_w=0.25
DBG t=86 used=0.019 remain=0.265 turn_time=0.0189286 end_in=0.0189286 depth=11 dec=0 cand_cap=20 cand=45->20 pick(must/bucket/top/rand)=1/5/10/4 sims=1504 loop=1484 best_avg=-1.96608 best_move=2,0 leader=1 inc2=1 attack_w=0.25
DBG t=99 used=0.018 remain=0.018 turn_time=0.018 end_in=0.017 depth=0 dec=0 cand_cap=20 cand=44->20 pick(must/bucket/top/rand)=1/4/11/4 sims=65588 loop=65568 best_avg=-0.558423 best_move=1,0 leader=1 inc2=1 attack_w=0.25
DBG summary depth_safety_fired=0
Score = 293926
=== CASE 0125.txt ===
DBG hdr N=10 M=5 T=100 U=2 VMAX=1268 TIME_LIMIT=1.94 MAX_CAND=20 UCB_C=0.21
DBG t=0 used=0.02 remain=1.94 turn_time=0.0194 end_in=0.0194 depth=7 dec=0 cand_cap=20 cand=4->4 pick(must/bucket/top/rand)=1/2/1/0 sims=3224 loop=3220 best_avg=-0.447558 best_move=9,1 leader=4 inc2=1 attack_w=0.15
DBG t=12 used=0.02 remain=1.7 turn_time=0.0193182 end_in=0.0193182 depth=7 dec=0 cand_cap=20 cand=13->13 pick(must/bucket/top/rand)=1/3/9/0 sims=2965 loop=2952 best_avg=-0.139566 best_move=5,1 leader=2 inc2=0 attack_w=0.25
DBG t=24 used=0.02 remain=1.46 turn_time=0.0192105 end_in=0.0192105 depth=7 dec=0 cand_cap=20 cand=18->18 pick(must/bucket/top/rand)=1/6/9/2 sims=3074 loop=3056 best_avg=0.0478062 best_move=6,2 leader=2 inc2=0 attack_w=0.25
DBG t=37 used=0.02 remain=1.2 turn_time=0.0190476 end_in=0.0190476 depth=10 dec=0 cand_cap=20 cand=22->20 pick(must/bucket/top/rand)=1/4/11/4 sims=1468 loop=1448 best_avg=0.455748 best_move=4,2 leader=3 inc2=0 attack_w=0.25
DBG t=49 used=0.019 remain=0.968 turn_time=0.0189804 end_in=0.0189804 depth=10 dec=0 cand_cap=20 cand=28->20 pick(must/bucket/top/rand)=1/8/7/4 sims=1560 loop=1540 best_avg=0.737606 best_move=3,2 leader=3 inc2=1 attack_w=0.25
DBG t=61 used=0.019 remain=0.74 turn_time=0.0189744 end_in=0.0189744 depth=10 dec=0 cand_cap=20 cand=41->20 pick(must/bucket/top/rand)=1/4/11/4 sims=1172 loop=1152 best_avg=0.397122 best_move=3,6 leader=1 inc2=0 attack_w=0.25
DBG t=74 used=0.019 remain=0.493 turn_time=0.0189615 end_in=0.0189615 depth=11 dec=0 cand_cap=20 cand=9->9 pick(must/bucket/top/rand)=1/2/6/0 sims=1029 loop=1020 best_avg=0.435886 best_move=5,9 leader=2 inc2=0 attack_w=0.25
DBG t=86 used=0.019 remain=0.265 turn_time=0.0189286 end_in=0.0189286 depth=11 dec=0 cand_cap=20 cand=55->20 pick(must/bucket/top/rand)=1/7/8/4 sims=1024 loop=1004 best_avg=0.449662 best_move=4,8 leader=2 inc2=0 attack_w=0.25
DBG t=99 used=0.018 remain=0.018 turn_time=0.018 end_in=0.017 depth=0 dec=0 cand_cap=20 cand=55->20 pick(must/bucket/top/rand)=1/7/8/4 sims=31796 loop=31776 best_avg=0.651359 best_move=3,9 leader=2 inc2=1 attack_w=0.25
DBG summary depth_safety_fired=0
Score = 225988
=== CASE 0124.txt ===
DBG hdr N=10 M=8 T=100 U=5 VMAX=1767 TIME_LIMIT=1.94 MAX_CAND=20 UCB_C=0.21
DBG t=0 used=0.02 remain=1.94 turn_time=0.0194 end_in=0.0194 depth=7 dec=0 cand_cap=20 cand=5->5 pick(must/bucket/top/rand)=1/3/1/0 sims=2429 loop=2424 best_avg=-0.310262 best_move=7,4 leader=3 inc2=1 attack_w=0.15
DBG t=12 used=0.02 remain=1.7 turn_time=0.0193182 end_in=0.0193182 depth=7 dec=0 cand_cap=20 cand=12->12 pick(must/bucket/top/rand)=1/5/6/0 sims=2080 loop=2068 best_avg=-0.516985 best_move=7,4 leader=5 inc2=1 attack_w=1
DBG t=24 used=0.02 remain=1.46 turn_time=0.0192105 end_in=0.0192105 depth=7 dec=0 cand_cap=20 cand=14->14 pick(must/bucket/top/rand)=1/6/7/0 sims=1678 loop=1664 best_avg=-0.317073 best_move=8,3 leader=5 inc2=1 attack_w=0.726088
DBG t=37 used=0.02 remain=1.2 turn_time=0.0190476 end_in=0.0190476 depth=10 dec=0 cand_cap=20 cand=19->19 pick(must/bucket/top/rand)=1/7/8/3 sims=1075 loop=1056 best_avg=-0.217356 best_move=6,2 leader=5 inc2=1 attack_w=0.626806
DBG t=49 used=0.019 remain=0.968 turn_time=0.0189804 end_in=0.0189804 depth=10 dec=0 cand_cap=20 cand=20->20 pick(must/bucket/top/rand)=1/8/7/4 sims=1108 loop=1088 best_avg=-0.0958931 best_move=9,6 leader=5 inc2=1 attack_w=0.25
DBG t=61 used=0.019 remain=0.74 turn_time=0.0189744 end_in=0.0189744 depth=10 dec=0 cand_cap=20 cand=21->20 pick(must/bucket/top/rand)=1/8/7/4 sims=912 loop=892 best_avg=-0.296969 best_move=7,2 leader=2 inc2=1 attack_w=0.25
DBG t=74 used=0.019 remain=0.493 turn_time=0.0189615 end_in=0.0189615 depth=11 dec=0 cand_cap=20 cand=20->20 pick(must/bucket/top/rand)=1/4/11/4 sims=852 loop=832 best_avg=-0.40856 best_move=9,3 leader=2 inc2=1 attack_w=0.25
DBG t=86 used=0.019 remain=0.265 turn_time=0.0189286 end_in=0.0189286 depth=11 dec=0 cand_cap=20 cand=21->20 pick(must/bucket/top/rand)=1/6/9/4 sims=872 loop=852 best_avg=-0.390744 best_move=7,7 leader=2 inc2=1 attack_w=0.25
DBG t=99 used=0.018 remain=0.018 turn_time=0.018 end_in=0.017 depth=0 dec=0 cand_cap=20 cand=20->20 pick(must/bucket/top/rand)=1/4/11/4 sims=19864 loop=19844 best_avg=-0.167852 best_move=9,6 leader=2 inc2=1 attack_w=0.25
DBG summary depth_safety_fired=0
Score = 122338
=== CASE 0127.txt ===
DBG hdr N=10 M=4 T=100 U=1 VMAX=1630 TIME_LIMIT=1.94 MAX_CAND=20 UCB_C=0.21
DBG t=0 used=0.02 remain=1.94 turn_time=0.0194 end_in=0.0194 depth=7 dec=0 cand_cap=20 cand=5->5 pick(must/bucket/top/rand)=1/2/2/0 sims=3177 loop=3172 best_avg=-0.736895 best_move=7,4 leader=3 inc2=0 attack_w=0.220065
DBG t=12 used=0.02 remain=1.7 turn_time=0.0193182 end_in=0.0193182 depth=7 dec=0 cand_cap=20 cand=24->20 pick(must/bucket/top/rand)=1/6/9/4 sims=2044 loop=2024 best_avg=-0.772769 best_move=7,4 leader=3 inc2=1 attack_w=0.25
DBG t=24 used=0.02 remain=1.46 turn_time=0.0192105 end_in=0.0192105 depth=7 dec=0 cand_cap=20 cand=20->20 pick(must/bucket/top/rand)=1/5/10/4 sims=2444 loop=2424 best_avg=-0.472677 best_move=5,8 leader=1 inc2=0 attack_w=0.25
DBG t=37 used=0.019 remain=1.196 turn_time=0.0189841 end_in=0.0189841 depth=10 dec=0 cand_cap=20 cand=40->20 pick(must/bucket/top/rand)=1/6/9/4 sims=1072 loop=1052 best_avg=-0.204249 best_move=3,6 leader=2 inc2=0 attack_w=0.25
DBG t=49 used=0.019 remain=0.959 turn_time=0.0188039 end_in=0.0188039 depth=10 dec=0 cand_cap=20 cand=40->20 pick(must/bucket/top/rand)=1/6/9/4 sims=1140 loop=1120 best_avg=0.114761 best_move=6,7 leader=1 inc2=0 attack_w=0.25
DBG t=61 used=0.019 remain=0.731 turn_time=0.0187436 end_in=0.0187436 depth=10 dec=0 cand_cap=20 cand=57->20 pick(must/bucket/top/rand)=1/6/9/4 sims=968 loop=948 best_avg=0.052375 best_move=6,3 leader=1 inc2=0 attack_w=0.25
DBG t=74 used=0.019 remain=0.484 turn_time=0.0186154 end_in=0.0186154 depth=11 dec=0 cand_cap=20 cand=73->20 pick(must/bucket/top/rand)=1/6/9/4 sims=792 loop=772 best_avg=0.418698 best_move=3,2 leader=1 inc2=0 attack_w=0.25
DBG t=86 used=0.019 remain=0.256 turn_time=0.0182857 end_in=0.0182857 depth=11 dec=0 cand_cap=20 cand=79->20 pick(must/bucket/top/rand)=1/6/9/4 sims=792 loop=772 best_avg=0.659673 best_move=5,7 leader=1 inc2=1 attack_w=0.25
DBG t=99 used=0.017 remain=0.017 turn_time=0.017 end_in=0.016 depth=0 dec=1 cand_cap=20 cand=84->20 pick(must/bucket/top/rand)=1/6/9/4 sims=35104 loop=35084 best_avg=1.15484 best_move=6,6 leader=1 inc2=1 attack_w=0.25
DBG summary depth_safety_fired=10
Score = 313597
=== CASE 0126.txt ===
DBG hdr N=10 M=2 T=100 U=2 VMAX=2406 TIME_LIMIT=1.94 MAX_CAND=20 UCB_C=0.21
DBG t=0 used=0.02 remain=1.94 turn_time=0.0194 end_in=0.0194 depth=7 dec=0 cand_cap=20 cand=5->5 pick(must/bucket/top/rand)=1/2/2/0 sims=5861 loop=5856 best_avg=-1.72699 best_move=3,5 leader=1 inc2=1 attack_w=0.15
DBG t=12 used=0.02 remain=1.7 turn_time=0.0193182 end_in=0.0193182 depth=7 dec=0 cand_cap=20 cand=20->20 pick(must/bucket/top/rand)=1/2/13/4 sims=3808 loop=3788 best_avg=-2.23519 best_move=4,4 leader=1 inc2=1 attack_w=0.25
DBG t=24 used=0.02 remain=1.46 turn_time=0.0192105 end_in=0.0192105 depth=7 dec=0 cand_cap=20 cand=22->20 pick(must/bucket/top/rand)=1/2/13/4 sims=3224 loop=3204 best_avg=-2.48178 best_move=3,7 leader=1 inc2=1 attack_w=0.25
DBG t=37 used=0.019 remain=1.196 turn_time=0.0189841 end_in=0.0189841 depth=10 dec=0 cand_cap=20 cand=32->20 pick(must/bucket/top/rand)=1/5/10/4 sims=2124 loop=2104 best_avg=-2.56197 best_move=3,6 leader=1 inc2=1 attack_w=0.25
DBG t=49 used=0.019 remain=0.963 turn_time=0.0188824 end_in=0.0188824 depth=10 dec=0 cand_cap=20 cand=36->20 pick(must/bucket/top/rand)=1/6/9/4 sims=2144 loop=2124 best_avg=-2.2697 best_move=3,4 leader=1 inc2=1 attack_w=0.25
DBG t=61 used=0.019 remain=0.735 turn_time=0.0188462 end_in=0.0188462 depth=10 dec=0 cand_cap=20 cand=40->20 pick(must/bucket/top/rand)=1/5/10/4 sims=2296 loop=2276 best_avg=-2.11114 best_move=4,5 leader=1 inc2=1 attack_w=0.25
DBG t=74 used=0.019 remain=0.488 turn_time=0.0187692 end_in=0.0187692 depth=11 dec=0 cand_cap=20 cand=45->20 pick(must/bucket/top/rand)=1/4/11/4 sims=1872 loop=1852 best_avg=-1.96284 best_move=3,6 leader=1 inc2=1 attack_w=0.25
DBG t=86 used=0.019 remain=0.26 turn_time=0.0185714 end_in=0.0185714 depth=11 dec=0 cand_cap=20 cand=49->20 pick(must/bucket/top/rand)=1/4/11/4 sims=1804 loop=1784 best_avg=-1.90725 best_move=4,5 leader=1 inc2=1 attack_w=0.25
DBG t=99 used=0.017 remain=0.017 turn_time=0.017 end_in=0.016 depth=0 dec=1 cand_cap=20 cand=52->20 pick(must/bucket/top/rand)=1/3/12/4 sims=63732 loop=63712 best_avg=-0.952829 best_move=5,4 leader=1 inc2=1 attack_w=0.25
DBG summary depth_safety_fired=6
Score = 277693
=== CASE 0128.txt ===
DBG hdr N=10 M=3 T=100 U=5 VMAX=1385 TIME_LIMIT=1.94 MAX_CAND=20 UCB_C=0.21
DBG t=0 used=0.02 remain=1.94 turn_time=0.0194 end_in=0.0194 depth=7 dec=0 cand_cap=20 cand=5->5 pick(must/bucket/top/rand)=1/2/2/0 sims=4757 loop=4752 best_avg=-1.12761 best_move=6,4 leader=1 inc2=1 attack_w=0.15
DBG t=12 used=0.02 remain=1.7 turn_time=0.0193182 end_in=0.0193182 depth=7 dec=0 cand_cap=20 cand=24->20 pick(must/bucket/top/rand)=1/6/9/4 sims=3320 loop=3300 best_avg=-1.22026 best_move=4,2 leader=2 inc2=1 attack_w=0.25
DBG t=24 used=0.02 remain=1.46 turn_time=0.0192105 end_in=0.0192105 depth=7 dec=0 cand_cap=20 cand=29->20 pick(must/bucket/top/rand)=1/8/7/4 sims=2640 loop=2620 best_avg=-1.24276 best_move=7,6 leader=2 inc2=1 attack_w=0.25
DBG t=37 used=0.019 remain=1.196 turn_time=0.0189841 end_in=0.0189841 depth=10 dec=0 cand_cap=20 cand=36->20 pick(must/bucket/top/rand)=1/8/7/4 sims=1400 loop=1380 best_avg=-1.24925 best_move=7,5 leader=2 inc2=1 attack_w=0.25
DBG t=49 used=0.019 remain=0.962 turn_time=0.0188627 end_in=0.0188627 depth=10 dec=0 cand_cap=20 cand=38->20 pick(must/bucket/top/rand)=1/6/9/4 sims=1168 loop=1148 best_avg=-1.30278 best_move=6,5 leader=2 inc2=1 attack_w=0.25
DBG t=61 used=0.019 remain=0.734 turn_time=0.0188205 end_in=0.0188205 depth=10 dec=0 cand_cap=20 cand=46->20 pick(must/bucket/top/rand)=1/7/8/4 sims=1272 loop=1252 best_avg=-1.36624 best_move=9,7 leader=2 inc2=1 attack_w=0.25
DBG t=74 used=0.019 remain=0.487 turn_time=0.0187308 end_in=0.0187308 depth=11 dec=0 cand_cap=20 cand=40->20 pick(must/bucket/top/rand)=1/7/8/4 sims=996 loop=976 best_avg=-1.57843 best_move=3,3 leader=2 inc2=1 attack_w=0.25
DBG t=86 used=0.019 remain=0.259 turn_time=0.0185 end_in=0.0185 depth=11 dec=0 cand_cap=20 cand=39->20 pick(must/bucket/top/rand)=1/7/8/4 sims=1060 loop=1040 best_avg=-1.79992 best_move=9,6 leader=2 inc2=1 attack_w=0.555377
DBG t=99 used=0.017 remain=0.017 turn_time=0.017 end_in=0.016 depth=0 dec=1 cand_cap=20 cand=36->20 pick(must/bucket/top/rand)=1/7/8/4 sims=18808 loop=18788 best_avg=-1.74461 best_move=6,4 leader=2 inc2=1 attack_w=0.682394
DBG summary depth_safety_fired=7
Score = 97549
=== CASE 0129.txt ===
DBG hdr N=10 M=4 T=100 U=2 VMAX=2828 TIME_LIMIT=1.94 MAX_CAND=20 UCB_C=0.21
DBG t=0 used=0.02 remain=1.94 turn_time=0.0194 end_in=0.0194 depth=7 dec=0 cand_cap=20 cand=5->5 pick(must/bucket/top/rand)=1/2/2/0 sims=3549 loop=3544 best_avg=-1.93683 best_move=3,8 leader=2 inc2=1 attack_w=1
DBG t=12 used=0.02 remain=1.7 turn_time=0.0193182 end_in=0.0193182 depth=7 dec=0 cand_cap=20 cand=25->20 pick(must/bucket/top/rand)=1/2/13/4 sims=2064 loop=2044 best_avg=-1.58876 best_move=2,5 leader=2 inc2=0 attack_w=1
DBG t=24 used=0.02 remain=1.46 turn_time=0.0192105 end_in=0.0192105 depth=7 dec=0 cand_cap=20 cand=34->20 pick(must/bucket/top/rand)=1/4/11/4 sims=1796 loop=1776 best_avg=-1.25945 best_move=0,5 leader=2 inc2=0 attack_w=1
DBG t=37 used=0.019 remain=1.196 turn_time=0.0189841 end_in=0.0189841 depth=10 dec=0 cand_cap=20 cand=38->20 pick(must/bucket/top/rand)=1/2/13/4 sims=1092 loop=1072 best_avg=-0.863178 best_move=5,6 leader=2 inc2=0 attack_w=1
DBG t=49 used=0.019 remain=0.964 turn_time=0.018902 end_in=0.018902 depth=10 dec=0 cand_cap=20 cand=53->20 pick(must/bucket/top/rand)=1/8/7/4 sims=1044 loop=1024 best_avg=-0.780275 best_move=4,1 leader=2 inc2=0 attack_w=0.352019
DBG t=61 used=0.019 remain=0.736 turn_time=0.0188718 end_in=0.0188718 depth=10 dec=0 cand_cap=20 cand=58->20 pick(must/bucket/top/rand)=1/8/7/4 sims=1132 loop=1112 best_avg=-0.651569 best_move=6,1 leader=2 inc2=0 attack_w=0.25
DBG t=74 used=0.019 remain=0.489 turn_time=0.0188077 end_in=0.0188077 depth=11 dec=0 cand_cap=20 cand=60->20 pick(must/bucket/top/rand)=1/6/9/4 sims=884 loop=864 best_avg=-0.575829 best_move=5,1 leader=2 inc2=0 attack_w=0.25
DBG t=86 used=0.019 remain=0.261 turn_time=0.0186429 end_in=0.0186429 depth=11 dec=0 cand_cap=20 cand=63->20 pick(must/bucket/top/rand)=1/6/9/4 sims=904 loop=884 best_avg=-0.549154 best_move=4,9 leader=1 inc2=0 attack_w=0.25
DBG t=99 used=0.017 remain=0.017 turn_time=0.017 end_in=0.016 depth=0 dec=1 cand_cap=20 cand=62->20 pick(must/bucket/top/rand)=1/7/8/4 sims=23156 loop=23136 best_avg=-0.426741 best_move=7,3 leader=1 inc2=0 attack_w=0.25
DBG summary depth_safety_fired=5
Score = 142606
=== CASE 0130.txt ===
DBG hdr N=10 M=6 T=100 U=2 VMAX=1824 TIME_LIMIT=1.94 MAX_CAND=20 UCB_C=0.21
DBG t=0 used=0.02 remain=1.94 turn_time=0.0194 end_in=0.0194 depth=7 dec=0 cand_cap=20 cand=3->3 pick(must/bucket/top/rand)=1/2/0/0 sims=2855 loop=2852 best_avg=-1.36049 best_move=4,2 leader=5 inc2=1 attack_w=0.725313
DBG t=12 used=0.02 remain=1.7 turn_time=0.0193182 end_in=0.0193182 depth=7 dec=0 cand_cap=20 cand=7->7 pick(must/bucket/top/rand)=1/4/2/0 sims=2415 loop=2408 best_avg=-1.47321 best_move=2,3 leader=5 inc2=1 attack_w=1
DBG t=24 used=0.02 remain=1.46 turn_time=0.0192105 end_in=0.0192105 depth=7 dec=0 cand_cap=20 cand=22->20 pick(must/bucket/top/rand)=1/6/9/4 sims=1660 loop=1640 best_avg=-0.974159 best_move=5,8 leader=5 inc2=1 attack_w=1
DBG t=37 used=0.019 remain=1.196 turn_time=0.0189841 end_in=0.0189841 depth=10 dec=0 cand_cap=20 cand=34->20 pick(must/bucket/top/rand)=1/6/9/4 sims=932 loop=912 best_avg=-0.745151 best_move=2,9 leader=5 inc2=1 attack_w=0.995698
DBG t=49 used=0.019 remain=0.957 turn_time=0.0187647 end_in=0.0187647 depth=10 dec=0 cand_cap=20 cand=47->20 pick(must/bucket/top/rand)=1/8/7/4 sims=840 loop=820 best_avg=-0.518659 best_move=7,4 leader=5 inc2=1 attack_w=0.310016
DBG t=61 used=0.019 remain=0.729 turn_time=0.0186923 end_in=0.0186923 depth=10 dec=0 cand_cap=20 cand=52->20 pick(must/bucket/top/rand)=1/7/8/4 sims=892 loop=872 best_avg=-0.498943 best_move=6,5 leader=5 inc2=1 attack_w=0.309765
DBG t=74 used=0.019 remain=0.482 turn_time=0.0185385 end_in=0.0185385 depth=11 dec=0 cand_cap=20 cand=48->20 pick(must/bucket/top/rand)=1/8/7/4 sims=780 loop=760 best_avg=-0.295533 best_move=6,4 leader=5 inc2=1 attack_w=0.25
DBG t=86 used=0.019 remain=0.254 turn_time=0.0181429 end_in=0.0181429 depth=11 dec=0 cand_cap=20 cand=48->20 pick(must/bucket/top/rand)=1/8/7/4 sims=724 loop=704 best_avg=-0.153179 best_move=7,5 leader=5 inc2=1 attack_w=0.25
DBG t=99 used=0.017 remain=0.017 turn_time=0.017 end_in=0.016 depth=0 dec=1 cand_cap=20 cand=53->20 pick(must/bucket/top/rand)=1/7/8/4 sims=22176 loop=22156 best_avg=0.25366 best_move=9,2 leader=5 inc2=1 attack_w=0.25
DBG summary depth_safety_fired=11
Score = 176983
=== CASE 0131.txt ===
DBG hdr N=10 M=5 T=100 U=1 VMAX=1033 TIME_LIMIT=1.94 MAX_CAND=20 UCB_C=0.21
DBG t=0 used=0.02 remain=1.94 turn_time=0.0194 end_in=0.0194 depth=7 dec=0 cand_cap=20 cand=4->4 pick(must/bucket/top/rand)=1/2/1/0 sims=2948 loop=2944 best_avg=-0.829349 best_move=0,3 leader=1 inc2=1 attack_w=0.323003
DBG t=12 used=0.02 remain=1.7 turn_time=0.0193182 end_in=0.0193182 depth=7 dec=0 cand_cap=20 cand=27->20 pick(must/bucket/top/rand)=1/2/13/4 sims=1656 loop=1636 best_avg=-0.618941 best_move=3,4 leader=2 inc2=0 attack_w=0.306564
DBG t=24 used=0.02 remain=1.46 turn_time=0.0192105 end_in=0.0192105 depth=7 dec=0 cand_cap=20 cand=46->20 pick(must/bucket/top/rand)=1/2/13/4 sims=1308 loop=1288 best_avg=-0.60381 best_move=6,4 leader=1 inc2=0 attack_w=0.25
DBG t=37 used=0.019 remain=1.189 turn_time=0.018873 end_in=0.018873 depth=10 dec=0 cand_cap=20 cand=3->3 pick(must/bucket/top/rand)=1/1/1/0 sims=727 loop=724 best_avg=-0.362128 best_move=0,8 leader=1 inc2=1 attack_w=0.25
DBG t=49 used=0.019 remain=0.947 turn_time=0.0185686 end_in=0.0185686 depth=10 dec=0 cand_cap=20 cand=66->20 pick(must/bucket/top/rand)=1/4/11/4 sims=764 loop=744 best_avg=-0.160796 best_move=3,8 leader=4 inc2=1 attack_w=0.25
DBG t=61 used=0.019 remain=0.719 turn_time=0.0184359 end_in=0.0184359 depth=10 dec=0 cand_cap=20 cand=46->20 pick(must/bucket/top/rand)=1/4/11/4 sims=864 loop=844 best_avg=-0.148956 best_move=2,0 leader=2 inc2=1 attack_w=0.25
DBG t=74 used=0.019 remain=0.472 turn_time=0.0181538 end_in=0.0181538 depth=11 dec=0 cand_cap=20 cand=14->14 pick(must/bucket/top/rand)=1/0/13/0 sims=802 loop=788 best_avg=0.28059 best_move=4,2 leader=2 inc2=0 attack_w=0.25
DBG t=86 used=0.018 remain=0.251 turn_time=0.0179286 end_in=0.0179286 depth=10 dec=1 cand_cap=20 cand=65->20 pick(must/bucket/top/rand)=1/4/11/4 sims=780 loop=760 best_avg=0.37693 best_move=4,9 leader=2 inc2=1 attack_w=0.25
DBG t=99 used=0.017 remain=0.017 turn_time=0.017 end_in=0.016 depth=0 dec=1 cand_cap=20 cand=73->20 pick(must/bucket/top/rand)=1/4/11/4 sims=23824 loop=23804 best_avg=0.490061 best_move=4,3 leader=1 inc2=0 attack_w=0.25
DBG summary depth_safety_fired=22
Score = 210596
=== CASE 0132.txt ===
DBG hdr N=10 M=5 T=100 U=3 VMAX=2576 TIME_LIMIT=1.94 MAX_CAND=20 UCB_C=0.21
DBG t=0 used=0.02 remain=1.94 turn_time=0.0194 end_in=0.0194 depth=7 dec=0 cand_cap=20 cand=4->4 pick(must/bucket/top/rand)=1/2/1/0 sims=3244 loop=3240 best_avg=-1.2752 best_move=9,1 leader=4 inc2=1 attack_w=1
DBG t=12 used=0.02 remain=1.7 turn_time=0.0193182 end_in=0.0193182 depth=7 dec=0 cand_cap=20 cand=7->7 pick(must/bucket/top/rand)=1/3/3/0 sims=2407 loop=2400 best_avg=-1.39911 best_move=9,2 leader=4 inc2=1 attack_w=1
DBG t=24 used=0.02 remain=1.46 turn_time=0.0192105 end_in=0.0192105 depth=7 dec=0 cand_cap=20 cand=28->20 pick(must/bucket/top/rand)=1/8/7/4 sims=1960 loop=1940 best_avg=-1.14729 best_move=2,3 leader=4 inc2=1 attack_w=1
DBG t=37 used=0.02 remain=1.2 turn_time=0.0190476 end_in=0.0190476 depth=10 dec=0 cand_cap=20 cand=31->20 pick(must/bucket/top/rand)=1/6/9/4 sims=1228 loop=1208 best_avg=-1.13209 best_move=5,3 leader=3 inc2=1 attack_w=1
DBG t=49 used=0.019 remain=0.968 turn_time=0.0189804 end_in=0.0189804 depth=10 dec=0 cand_cap=20 cand=11->11 pick(must/bucket/top/rand)=1/4/6/0 sims=1191 loop=1180 best_avg=-1.20393 best_move=0,3 leader=4 inc2=1 attack_w=1
DBG t=61 used=0.019 remain=0.74 turn_time=0.0189744 end_in=0.0189744 depth=10 dec=0 cand_cap=20 cand=13->13 pick(must/bucket/top/rand)=1/4/8/0 sims=1221 loop=1208 best_avg=-1.46236 best_move=3,4 leader=4 inc2=1 attack_w=1
DBG t=74 used=0.019 remain=0.493 turn_time=0.0189615 end_in=0.0189615 depth=11 dec=0 cand_cap=20 cand=14->14 pick(must/bucket/top/rand)=1/4/9/0 sims=1010 loop=996 best_avg=-1.26828 best_move=1,3 leader=4 inc2=1 attack_w=1
DBG t=86 used=0.019 remain=0.265 turn_time=0.0189286 end_in=0.0189286 depth=11 dec=0 cand_cap=20 cand=21->20 pick(must/bucket/top/rand)=1/4/11/4 sims=1104 loop=1084 best_avg=-1.32413 best_move=1,2 leader=1 inc2=1 attack_w=1
DBG t=99 used=0.018 remain=0.018 turn_time=0.018 end_in=0.017 depth=0 dec=0 cand_cap=20 cand=23->20 pick(must/bucket/top/rand)=1/4/11/4 sims=19388 loop=19368 best_avg=-1.25812 best_move=2,2 leader=1 inc2=1 attack_w=1
DBG summary depth_safety_fired=0
Score = 72167
=== CASE 0135.txt ===
DBG hdr N=10 M=7 T=100 U=5 VMAX=1885 TIME_LIMIT=1.94 MAX_CAND=20 UCB_C=0.21
DBG t=0 used=0.02 remain=1.94 turn_time=0.0194 end_in=0.0194 depth=7 dec=0 cand_cap=20 cand=5->5 pick(must/bucket/top/rand)=1/2/2/0 sims=2869 loop=2864 best_avg=-0.893941 best_move=6,3 leader=4 inc2=1 attack_w=1
DBG t=12 used=0.02 remain=1.7 turn_time=0.0193182 end_in=0.0193182 depth=7 dec=0 cand_cap=20 cand=21->20 pick(must/bucket/top/rand)=1/4/11/4 sims=2036 loop=2016 best_avg=-0.60869 best_move=3,5 leader=3 inc2=1 attack_w=1
DBG t=24 used=0.02 remain=1.46 turn_time=0.0192105 end_in=0.0192105 depth=7 dec=0 cand_cap=20 cand=28->20 pick(must/bucket/top/rand)=1/7/8/4 sims=1808 loop=1788 best_avg=-0.396922 best_move=2,4 leader=6 inc2=1 attack_w=0.331124
DBG t=37 used=0.02 remain=1.2 turn_time=0.0190476 end_in=0.0190476 depth=10 dec=0 cand_cap=20 cand=29->20 pick(must/bucket/top/rand)=1/6/9/4 sims=1264 loop=1244 best_avg=-0.562153 best_move=7,3 leader=6 inc2=1 attack_w=0.25
DBG t=49 used=0.019 remain=0.968 turn_time=0.0189804 end_in=0.0189804 depth=10 dec=0 cand_cap=20 cand=31->20 pick(must/bucket/top/rand)=1/6/9/4 sims=1052 loop=1032 best_avg=-0.607216 best_move=3,5 leader=6 inc2=1 attack_w=0.342636
DBG t=61 used=0.019 remain=0.74 turn_time=0.0189744 end_in=0.0189744 depth=10 dec=0 cand_cap=20 cand=32->20 pick(must/bucket/top/rand)=1/6/9/4 sims=1040 loop=1020 best_avg=-0.633559 best_move=5,7 leader=6 inc2=1 attack_w=0.344611
DBG t=74 used=0.019 remain=0.493 turn_time=0.0189615 end_in=0.0189615 depth=11 dec=0 cand_cap=20 cand=36->20 pick(must/bucket/top/rand)=1/7/8/4 sims=876 loop=856 best_avg=-0.606366 best_move=2,4 leader=6 inc2=1 attack_w=0.653038
DBG t=86 used=0.019 remain=0.265 turn_time=0.0189286 end_in=0.0189286 depth=11 dec=0 cand_cap=20 cand=32->20 pick(must/bucket/top/rand)=1/7/8/4 sims=948 loop=928 best_avg=-0.722055 best_move=4,8 leader=6 inc2=1 attack_w=0.745432
DBG t=99 used=0.018 remain=0.018 turn_time=0.018 end_in=0.017 depth=0 dec=0 cand_cap=20 cand=35->20 pick(must/bucket/top/rand)=1/8/7/4 sims=17048 loop=17028 best_avg=-0.542386 best_move=3,8 leader=6 inc2=1 attack_w=0.624355
DBG summary depth_safety_fired=0
Score = 99469
=== CASE 0133.txt ===
DBG hdr N=10 M=7 T=100 U=3 VMAX=1854 TIME_LIMIT=1.94 MAX_CAND=20 UCB_C=0.21
DBG t=0 used=0.02 remain=1.94 turn_time=0.0194 end_in=0.0194 depth=7 dec=0 cand_cap=20 cand=4->4 pick(must/bucket/top/rand)=1/2/1/0 sims=2608 loop=2604 best_avg=-0.652505 best_move=9,5 leader=3 inc2=1 attack_w=0.824
DBG t=12 used=0.02 remain=1.7 turn_time=0.0193182 end_in=0.0193182 depth=7 dec=0 cand_cap=20 cand=12->12 pick(must/bucket/top/rand)=1/4/7/0 sims=1844 loop=1832 best_avg=-0.464685 best_move=8,6 leader=4 inc2=1 attack_w=0.310833
DBG t=24 used=0.02 remain=1.46 turn_time=0.0192105 end_in=0.0192105 depth=7 dec=0 cand_cap=20 cand=17->17 pick(must/bucket/top/rand)=1/4/11/1 sims=1721 loop=1704 best_avg=-0.636436 best_move=9,7 leader=4 inc2=1 attack_w=0.923739
DBG t=37 used=0.02 remain=1.2 turn_time=0.0190476 end_in=0.0190476 depth=10 dec=0 cand_cap=20 cand=26->20 pick(must/bucket/top/rand)=1/6/9/4 sims=980 loop=960 best_avg=-0.670851 best_move=6,5 leader=6 inc2=1 attack_w=0.998134
DBG t=49 used=0.019 remain=0.968 turn_time=0.0189804 end_in=0.0189804 depth=10 dec=0 cand_cap=20 cand=29->20 pick(must/bucket/top/rand)=1/7/8/4 sims=896 loop=876 best_avg=-0.647638 best_move=7,7 leader=6 inc2=1 attack_w=1
DBG t=61 used=0.019 remain=0.74 turn_time=0.0189744 end_in=0.0189744 depth=10 dec=0 cand_cap=20 cand=30->20 pick(must/bucket/top/rand)=1/6/9/4 sims=936 loop=916 best_avg=-0.541997 best_move=7,6 leader=6 inc2=1 attack_w=0.729434
DBG t=74 used=0.019 remain=0.493 turn_time=0.0189615 end_in=0.0189615 depth=11 dec=0 cand_cap=20 cand=33->20 pick(must/bucket/top/rand)=1/4/11/4 sims=828 loop=808 best_avg=-0.520458 best_move=8,4 leader=6 inc2=1 attack_w=0.528212
DBG t=86 used=0.019 remain=0.265 turn_time=0.0189286 end_in=0.0189286 depth=11 dec=0 cand_cap=20 cand=36->20 pick(must/bucket/top/rand)=1/4/11/4 sims=820 loop=800 best_avg=-0.417741 best_move=3,8 leader=6 inc2=1 attack_w=0.359178
DBG t=99 used=0.018 remain=0.018 turn_time=0.018 end_in=0.017 depth=0 dec=0 cand_cap=20 cand=36->20 pick(must/bucket/top/rand)=1/4/11/4 sims=16796 loop=16776 best_avg=-0.415911 best_move=7,4 leader=6 inc2=1 attack_w=0.25
DBG summary depth_safety_fired=0
Score = 109892
=== CASE 0136.txt ===
DBG hdr N=10 M=6 T=100 U=1 VMAX=2305 TIME_LIMIT=1.94 MAX_CAND=20 UCB_C=0.21
DBG t=0 used=0.02 remain=1.94 turn_time=0.0194 end_in=0.0194 depth=7 dec=0 cand_cap=20 cand=5->5 pick(must/bucket/top/rand)=1/2/2/0 sims=2809 loop=2804 best_avg=-0.912091 best_move=4,5 leader=5 inc2=1 attack_w=1
DBG t=12 used=0.02 remain=1.7 turn_time=0.0193182 end_in=0.0193182 depth=7 dec=0 cand_cap=20 cand=26->20 pick(must/bucket/top/rand)=1/5/10/4 sims=1776 loop=1756 best_avg=-0.290809 best_move=3,0 leader=2 inc2=1 attack_w=0.604063
DBG t=24 used=0.02 remain=1.46 turn_time=0.0192105 end_in=0.0192105 depth=7 dec=0 cand_cap=20 cand=36->20 pick(must/bucket/top/rand)=1/6/9/4 sims=1768 loop=1748 best_avg=0.162037 best_move=2,1 leader=4 inc2=1 attack_w=0.25
DBG t=37 used=0.02 remain=1.2 turn_time=0.0190476 end_in=0.0190476 depth=10 dec=0 cand_cap=20 cand=49->20 pick(must/bucket/top/rand)=1/6/9/4 sims=1108 loop=1088 best_avg=0.245932 best_move=7,3 leader=1 inc2=1 attack_w=0.25
DBG t=49 used=0.019 remain=0.968 turn_time=0.0189804 end_in=0.0189804 depth=10 dec=0 cand_cap=20 cand=56->20 pick(must/bucket/top/rand)=1/6/9/4 sims=912 loop=892 best_avg=0.435612 best_move=6,1 leader=4 inc2=1 attack_w=0.25
DBG t=61 used=0.019 remain=0.74 turn_time=0.0189744 end_in=0.0189744 depth=10 dec=0 cand_cap=20 cand=61->20 pick(must/bucket/top/rand)=1/5/10/4 sims=836 loop=816 best_avg=0.607455 best_move=8,3 leader=3 inc2=1 attack_w=0.25
DBG t=74 used=0.019 remain=0.493 turn_time=0.0189615 end_in=0.0189615 depth=11 dec=0 cand_cap=20 cand=71->20 pick(must/bucket/top/rand)=1/6/9/4 sims=720 loop=700 best_avg=0.768622 best_move=1,5 leader=4 inc2=1 attack_w=0.25
DBG t=86 used=0.019 remain=0.265 turn_time=0.0189286 end_in=0.0189286 depth=11 dec=0 cand_cap=20 cand=73->20 pick(must/bucket/top/rand)=1/6/9/4 sims=724 loop=704 best_avg=0.77262 best_move=4,9 leader=4 inc2=1 attack_w=0.25
DBG t=99 used=0.018 remain=0.018 turn_time=0.018 end_in=0.017 depth=0 dec=0 cand_cap=20 cand=81->20 pick(must/bucket/top/rand)=1/5/10/4 sims=32216 loop=32196 best_avg=1.16029 best_move=2,2 leader=4 inc2=1 attack_w=0.25
DBG summary depth_safety_fired=0
Score = 275304
=== CASE 0134.txt ===
DBG hdr N=10 M=6 T=100 U=3 VMAX=1790 TIME_LIMIT=1.94 MAX_CAND=20 UCB_C=0.21
DBG t=0 used=0.02 remain=1.94 turn_time=0.0194 end_in=0.0194 depth=7 dec=0 cand_cap=20 cand=3->3 pick(must/bucket/top/rand)=1/2/0/0 sims=2859 loop=2856 best_avg=-0.871753 best_move=8,9 leader=2 inc2=1 attack_w=1
DBG t=12 used=0.02 remain=1.7 turn_time=0.0193182 end_in=0.0193182 depth=7 dec=0 cand_cap=20 cand=13->13 pick(must/bucket/top/rand)=1/3/9/0 sims=1993 loop=1980 best_avg=-0.599048 best_move=6,7 leader=3 inc2=1 attack_w=0.490222
DBG t=24 used=0.02 remain=1.46 turn_time=0.0192105 end_in=0.0192105 depth=7 dec=0 cand_cap=20 cand=27->20 pick(must/bucket/top/rand)=1/4/11/4 sims=1704 loop=1684 best_avg=-0.358588 best_move=5,9 leader=5 inc2=1 attack_w=0.25
DBG t=37 used=0.02 remain=1.2 turn_time=0.0190476 end_in=0.0190476 depth=10 dec=0 cand_cap=20 cand=34->20 pick(must/bucket/top/rand)=1/6/9/4 sims=1116 loop=1096 best_avg=-0.329592 best_move=5,5 leader=4 inc2=1 attack_w=0.25
DBG t=49 used=0.019 remain=0.968 turn_time=0.0189804 end_in=0.0189804 depth=10 dec=0 cand_cap=20 cand=37->20 pick(must/bucket/top/rand)=1/7/8/4 sims=936 loop=916 best_avg=-0.31596 best_move=7,8 leader=4 inc2=1 attack_w=0.25
DBG t=61 used=0.019 remain=0.74 turn_time=0.0189744 end_in=0.0189744 depth=10 dec=0 cand_cap=20 cand=40->20 pick(must/bucket/top/rand)=1/7/8/4 sims=944 loop=924 best_avg=-0.348676 best_move=6,8 leader=4 inc2=1 attack_w=0.25
DBG t=74 used=0.019 remain=0.493 turn_time=0.0189615 end_in=0.0189615 depth=11 dec=0 cand_cap=20 cand=18->18 pick(must/bucket/top/rand)=1/3/12/2 sims=1050 loop=1032 best_avg=-0.282803 best_move=6,8 leader=4 inc2=1 attack_w=0.25
DBG t=86 used=0.019 remain=0.265 turn_time=0.0189286 end_in=0.0189286 depth=11 dec=0 cand_cap=20 cand=18->18 pick(must/bucket/top/rand)=1/3/12/2 sims=1046 loop=1028 best_avg=-0.213727 best_move=8,9 leader=5 inc2=1 attack_w=0.25
DBG t=99 used=0.018 remain=0.018 turn_time=0.018 end_in=0.017 depth=0 dec=0 cand_cap=20 cand=19->19 pick(must/bucket/top/rand)=1/2/13/3 sims=17051 loop=17032 best_avg=-0.214894 best_move=3,8 leader=5 inc2=1 attack_w=0.25
DBG summary depth_safety_fired=0
Score = 133397
=== CASE 0137.txt ===
DBG hdr N=10 M=8 T=100 U=1 VMAX=1945 TIME_LIMIT=1.94 MAX_CAND=20 UCB_C=0.21
DBG t=0 used=0.02 remain=1.94 turn_time=0.0194 end_in=0.0194 depth=7 dec=0 cand_cap=20 cand=4->4 pick(must/bucket/top/rand)=1/2/1/0 sims=2080 loop=2076 best_avg=-0.652114 best_move=5,5 leader=6 inc2=1 attack_w=1
DBG t=12 used=0.02 remain=1.7 turn_time=0.0193182 end_in=0.0193182 depth=7 dec=0 cand_cap=20 cand=17->17 pick(must/bucket/top/rand)=1/5/10/1 sims=2141 loop=2124 best_avg=-0.183637 best_move=6,5 leader=1 inc2=1 attack_w=1
DBG t=24 used=0.02 remain=1.46 turn_time=0.0192105 end_in=0.0192105 depth=7 dec=0 cand_cap=20 cand=29->20 pick(must/bucket/top/rand)=1/6/9/4 sims=1724 loop=1704 best_avg=0.289232 best_move=3,6 leader=5 inc2=1 attack_w=0.25
DBG t=37 used=0.02 remain=1.2 turn_time=0.0190476 end_in=0.0190476 depth=10 dec=0 cand_cap=20 cand=45->20 pick(must/bucket/top/rand)=1/6/9/4 sims=1140 loop=1120 best_avg=0.924217 best_move=0,5 leader=5 inc2=1 attack_w=0.25
DBG t=49 used=0.019 remain=0.968 turn_time=0.0189804 end_in=0.0189804 depth=10 dec=0 cand_cap=20 cand=59->20 pick(must/bucket/top/rand)=1/6/9/4 sims=940 loop=920 best_avg=1.13996 best_move=4,4 leader=6 inc2=1 attack_w=0.25
DBG t=61 used=0.019 remain=0.74 turn_time=0.0189744 end_in=0.0189744 depth=10 dec=0 cand_cap=20 cand=68->20 pick(must/bucket/top/rand)=1/6/9/4 sims=980 loop=960 best_avg=1.40683 best_move=0,0 leader=5 inc2=1 attack_w=0.25
DBG t=74 used=0.019 remain=0.493 turn_time=0.0189615 end_in=0.0189615 depth=11 dec=0 cand_cap=20 cand=74->20 pick(must/bucket/top/rand)=1/6/9/4 sims=820 loop=800 best_avg=1.49529 best_move=3,4 leader=4 inc2=1 attack_w=0.25
DBG t=86 used=0.019 remain=0.265 turn_time=0.0189286 end_in=0.0189286 depth=11 dec=0 cand_cap=20 cand=77->20 pick(must/bucket/top/rand)=1/6/9/4 sims=800 loop=780 best_avg=1.61044 best_move=8,1 leader=4 inc2=1 attack_w=0.25
DBG t=99 used=0.018 remain=0.018 turn_time=0.018 end_in=0.017 depth=0 dec=0 cand_cap=20 cand=83->20 pick(must/bucket/top/rand)=1/6/9/4 sims=33996 loop=33976 best_avg=2.00504 best_move=5,3 leader=2 inc2=1 attack_w=0.25
DBG summary depth_safety_fired=0
Score = 360762
=== CASE 0139.txt ===
DBG hdr N=10 M=7 T=100 U=1 VMAX=1258 TIME_LIMIT=1.94 MAX_CAND=20 UCB_C=0.21
DBG t=0 used=0.02 remain=1.94 turn_time=0.0194 end_in=0.0194 depth=7 dec=0 cand_cap=20 cand=5->5 pick(must/bucket/top/rand)=1/2/2/0 sims=2469 loop=2464 best_avg=-0.695982 best_move=6,4 leader=1 inc2=1 attack_w=1
DBG t=12 used=0.02 remain=1.7 turn_time=0.0193182 end_in=0.0193182 depth=7 dec=0 cand_cap=20 cand=26->20 pick(must/bucket/top/rand)=1/5/10/4 sims=1452 loop=1432 best_avg=-0.368055 best_move=8,2 leader=3 inc2=1 attack_w=1
DBG t=24 used=0.02 remain=1.46 turn_time=0.0192105 end_in=0.0192105 depth=7 dec=0 cand_cap=20 cand=40->20 pick(must/bucket/top/rand)=1/6/9/4 sims=1172 loop=1152 best_avg=0.0731409 best_move=9,3 leader=3 inc2=1 attack_w=0.25
DBG t=37 used=0.02 remain=1.2 turn_time=0.0190476 end_in=0.0190476 depth=10 dec=0 cand_cap=20 cand=50->20 pick(must/bucket/top/rand)=1/6/9/4 sims=764 loop=744 best_avg=0.532792 best_move=7,8 leader=2 inc2=1 attack_w=0.25
DBG t=49 used=0.019 remain=0.968 turn_time=0.0189804 end_in=0.0189804 depth=10 dec=0 cand_cap=20 cand=59->20 pick(must/bucket/top/rand)=1/6/9/4 sims=768 loop=748 best_avg=0.912469 best_move=4,4 leader=4 inc2=1 attack_w=0.25
DBG t=61 used=0.019 remain=0.74 turn_time=0.0189744 end_in=0.0189744 depth=10 dec=0 cand_cap=20 cand=67->20 pick(must/bucket/top/rand)=1/6/9/4 sims=696 loop=676 best_avg=0.776504 best_move=5,1 leader=5 inc2=1 attack_w=0.25
DBG t=74 used=0.019 remain=0.493 turn_time=0.0189615 end_in=0.0189615 depth=11 dec=0 cand_cap=20 cand=15->15 pick(must/bucket/top/rand)=1/1/13/0 sims=599 loop=584 best_avg=0.545711 best_move=8,3 leader=4 inc2=1 attack_w=0.25
DBG t=86 used=0.019 remain=0.258 turn_time=0.0184286 end_in=0.0184286 depth=11 dec=0 cand_cap=20 cand=62->20 pick(must/bucket/top/rand)=1/6/9/4 sims=596 loop=576 best_avg=0.714145 best_move=7,5 leader=5 inc2=1 attack_w=0.25
DBG t=99 used=0.017 remain=0.017 turn_time=0.017 end_in=0.016 depth=0 dec=1 cand_cap=20 cand=62->20 pick(must/bucket/top/rand)=1/3/12/4 sims=22964 loop=22944 best_avg=1.06587 best_move=3,1 leader=2 inc2=1 attack_w=0.25
DBG summary depth_safety_fired=8
Score = 239092
=== CASE 0138.txt ===
DBG hdr N=10 M=6 T=100 U=2 VMAX=2279 TIME_LIMIT=1.94 MAX_CAND=20 UCB_C=0.21
DBG t=0 used=0.02 remain=1.94 turn_time=0.0194 end_in=0.0194 depth=7 dec=0 cand_cap=20 cand=5->5 pick(must/bucket/top/rand)=1/2/2/0 sims=2601 loop=2596 best_avg=-0.949537 best_move=6,8 leader=4 inc2=1 attack_w=1
DBG t=12 used=0.02 remain=1.7 turn_time=0.0193182 end_in=0.0193182 depth=7 dec=0 cand_cap=20 cand=20->20 pick(must/bucket/top/rand)=1/3/12/4 sims=1792 loop=1772 best_avg=-0.497554 best_move=3,8 leader=2 inc2=1 attack_w=0.25
DBG t=24 used=0.02 remain=1.46 turn_time=0.0192105 end_in=0.0192105 depth=7 dec=0 cand_cap=20 cand=28->20 pick(must/bucket/top/rand)=1/8/7/4 sims=1480 loop=1460 best_avg=-0.328793 best_move=5,6 leader=2 inc2=1 attack_w=0.25
DBG t=37 used=0.02 remain=1.2 turn_time=0.0190476 end_in=0.0190476 depth=10 dec=0 cand_cap=20 cand=30->20 pick(must/bucket/top/rand)=1/8/7/4 sims=1072 loop=1052 best_avg=-0.662517 best_move=8,9 leader=2 inc2=1 attack_w=0.25
DBG t=49 used=0.019 remain=0.968 turn_time=0.0189804 end_in=0.0189804 depth=10 dec=0 cand_cap=20 cand=30->20 pick(must/bucket/top/rand)=1/7/8/4 sims=1040 loop=1020 best_avg=-1.07589 best_move=8,6 leader=2 inc2=1 attack_w=1
DBG t=61 used=0.019 remain=0.74 turn_time=0.0189744 end_in=0.0189744 depth=10 dec=0 cand_cap=20 cand=20->20 pick(must/bucket/top/rand)=1/4/11/4 sims=1044 loop=1024 best_avg=-1.23125 best_move=6,8 leader=2 inc2=1 attack_w=1
DBG t=74 used=0.019 remain=0.493 turn_time=0.0189615 end_in=0.0189615 depth=11 dec=0 cand_cap=20 cand=7->7 pick(must/bucket/top/rand)=1/3/3/0 sims=1155 loop=1148 best_avg=-1.09318 best_move=5,4 leader=2 inc2=1 attack_w=1
DBG t=86 used=0.019 remain=0.261 turn_time=0.0186429 end_in=0.0186429 depth=11 dec=0 cand_cap=20 cand=35->20 pick(must/bucket/top/rand)=1/6/9/4 sims=1040 loop=1020 best_avg=-1.0473 best_move=6,9 leader=2 inc2=1 attack_w=1
DBG t=99 used=0.017 remain=0.017 turn_time=0.017 end_in=0.016 depth=0 dec=1 cand_cap=20 cand=49->20 pick(must/bucket/top/rand)=1/8/7/4 sims=24100 loop=24080 best_avg=-0.726016 best_move=6,9 leader=2 inc2=1 attack_w=0.816943
DBG summary depth_safety_fired=5
Score = 94076
=== CASE 0142.txt ===
DBG hdr N=10 M=4 T=100 U=3 VMAX=1934 TIME_LIMIT=1.94 MAX_CAND=20 UCB_C=0.21
DBG t=0 used=0.02 remain=1.94 turn_time=0.0194 end_in=0.0194 depth=7 dec=0 cand_cap=20 cand=5->5 pick(must/bucket/top/rand)=1/2/2/0 sims=4097 loop=4092 best_avg=-1.4585 best_move=2,1 leader=2 inc2=1 attack_w=1
DBG t=12 used=0.02 remain=1.7 turn_time=0.0193182 end_in=0.0193182 depth=7 dec=0 cand_cap=20 cand=13->13 pick(must/bucket/top/rand)=1/6/6/0 sims=2753 loop=2740 best_avg=-0.696399 best_move=4,2 leader=2 inc2=1 attack_w=0.702109
DBG t=24 used=0.02 remain=1.46 turn_time=0.0192105 end_in=0.0192105 depth=7 dec=0 cand_cap=20 cand=24->20 pick(must/bucket/top/rand)=1/7/8/4 sims=2640 loop=2620 best_avg=-0.39274 best_move=7,2 leader=2 inc2=0 attack_w=0.25
DBG t=37 used=0.02 remain=1.2 turn_time=0.0190476 end_in=0.0190476 depth=10 dec=0 cand_cap=20 cand=36->20 pick(must/bucket/top/rand)=1/7/8/4 sims=1440 loop=1420 best_avg=-0.393747 best_move=7,2 leader=1 inc2=1 attack_w=0.25
DBG t=49 used=0.019 remain=0.968 turn_time=0.0189804 end_in=0.0189804 depth=10 dec=0 cand_cap=20 cand=41->20 pick(must/bucket/top/rand)=1/6/9/4 sims=1536 loop=1516 best_avg=-0.451465 best_move=6,3 leader=2 inc2=0 attack_w=0.25
DBG t=61 used=0.019 remain=0.74 turn_time=0.0189744 end_in=0.0189744 depth=10 dec=0 cand_cap=20 cand=42->20 pick(must/bucket/top/rand)=1/6/9/4 sims=1404 loop=1384 best_avg=-0.418941 best_move=7,6 leader=2 inc2=0 attack_w=0.25
DBG t=74 used=0.019 remain=0.493 turn_time=0.0189615 end_in=0.0189615 depth=11 dec=0 cand_cap=20 cand=54->20 pick(must/bucket/top/rand)=1/8/7/4 sims=1100 loop=1080 best_avg=-0.290733 best_move=8,6 leader=2 inc2=1 attack_w=0.25
DBG t=86 used=0.019 remain=0.254 turn_time=0.0181429 end_in=0.0181429 depth=11 dec=0 cand_cap=20 cand=60->20 pick(must/bucket/top/rand)=1/8/7/4 sims=980 loop=960 best_avg=-0.204497 best_move=7,9 leader=2 inc2=1 attack_w=0.25
DBG t=99 used=0.017 remain=0.017 turn_time=0.017 end_in=0.016 depth=0 dec=1 cand_cap=20 cand=65->20 pick(must/bucket/top/rand)=1/8/7/4 sims=40568 loop=40548 best_avg=0.048561 best_move=7,0 leader=2 inc2=1 attack_w=0.25
DBG summary depth_safety_fired=11
Score = 199368
=== CASE 0141.txt ===
DBG hdr N=10 M=3 T=100 U=3 VMAX=1781 TIME_LIMIT=1.94 MAX_CAND=20 UCB_C=0.21
DBG t=0 used=0.02 remain=1.94 turn_time=0.0194 end_in=0.0194 depth=7 dec=0 cand_cap=20 cand=4->4 pick(must/bucket/top/rand)=1/2/1/0 sims=4644 loop=4640 best_avg=-1.66687 best_move=2,0 leader=1 inc2=1 attack_w=1
DBG t=12 used=0.02 remain=1.7 turn_time=0.0193182 end_in=0.0193182 depth=7 dec=0 cand_cap=20 cand=20->20 pick(must/bucket/top/rand)=1/6/9/4 sims=2612 loop=2592 best_avg=-1.27048 best_move=7,3 leader=2 inc2=1 attack_w=0.25
DBG t=24 used=0.02 remain=1.46 turn_time=0.0192105 end_in=0.0192105 depth=7 dec=0 cand_cap=20 cand=20->20 pick(must/bucket/top/rand)=1/8/7/4 sims=2436 loop=2416 best_avg=-1.20036 best_move=8,3 leader=2 inc2=1 attack_w=0.25
DBG t=37 used=0.02 remain=1.2 turn_time=0.0190476 end_in=0.0190476 depth=10 dec=0 cand_cap=20 cand=19->19 pick(must/bucket/top/rand)=1/7/8/3 sims=1523 loop=1504 best_avg=-1.52027 best_move=6,0 leader=1 inc2=1 attack_w=0.25
DBG t=49 used=0.019 remain=0.968 turn_time=0.0189804 end_in=0.0189804 depth=10 dec=0 cand_cap=20 cand=20->20 pick(must/bucket/top/rand)=1/7/8/4 sims=1536 loop=1516 best_avg=-1.65797 best_move=7,2 leader=1 inc2=1 attack_w=0.337179
DBG t=61 used=0.019 remain=0.74 turn_time=0.0189744 end_in=0.0189744 depth=10 dec=0 cand_cap=20 cand=19->19 pick(must/bucket/top/rand)=1/6/9/3 sims=1439 loop=1420 best_avg=-1.65739 best_move=9,3 leader=1 inc2=1 attack_w=0.25
DBG t=74 used=0.019 remain=0.493 turn_time=0.0189615 end_in=0.0189615 depth=11 dec=0 cand_cap=20 cand=24->20 pick(must/bucket/top/rand)=1/7/8/4 sims=1176 loop=1156 best_avg=-1.52744 best_move=7,0 leader=1 inc2=1 attack_w=0.25
DBG t=86 used=0.019 remain=0.262 turn_time=0.0187143 end_in=0.0187143 depth=11 dec=0 cand_cap=20 cand=25->20 pick(must/bucket/top/rand)=1/7/8/4 sims=1136 loop=1116 best_avg=-1.59519 best_move=7,3 leader=1 inc2=1 attack_w=0.25
DBG t=99 used=0.017 remain=0.017 turn_time=0.017 end_in=0.016 depth=0 dec=1 cand_cap=20 cand=26->20 pick(must/bucket/top/rand)=1/6/9/4 sims=31316 loop=31296 best_avg=-1.49672 best_move=7,2 leader=1 inc2=1 attack_w=0.25
DBG summary depth_safety_fired=4
Score = 112945
=== CASE 0143.txt ===
DBG hdr N=10 M=3 T=100 U=5 VMAX=1725 TIME_LIMIT=1.94 MAX_CAND=20 UCB_C=0.21
DBG t=0 used=0.02 remain=1.94 turn_time=0.0194 end_in=0.0194 depth=7 dec=0 cand_cap=20 cand=5->5 pick(must/bucket/top/rand)=1/3/1/0 sims=5177 loop=5172 best_avg=-1.53722 best_move=3,5 leader=2 inc2=1 attack_w=1
DBG t=12 used=0.02 remain=1.7 turn_time=0.0193182 end_in=0.0193182 depth=7 dec=0 cand_cap=20 cand=13->13 pick(must/bucket/top/rand)=1/4/8/0 sims=3865 loop=3852 best_avg=-1.60854 best_move=2,5 leader=2 inc2=1 attack_w=0.557307
DBG t=24 used=0.02 remain=1.46 turn_time=0.0192105 end_in=0.0192105 depth=7 dec=0 cand_cap=20 cand=17->17 pick(must/bucket/top/rand)=1/5/10/1 sims=3033 loop=3016 best_avg=-1.57034 best_move=1,5 leader=1 inc2=1 attack_w=0.330681
DBG t=37 used=0.02 remain=1.2 turn_time=0.0190476 end_in=0.0190476 depth=10 dec=0 cand_cap=20 cand=22->20 pick(must/bucket/top/rand)=1/6/9/4 sims=1708 loop=1688 best_avg=-1.61667 best_move=0,2 leader=1 inc2=1 attack_w=0.417828
DBG t=49 used=0.019 remain=0.968 turn_time=0.0189804 end_in=0.0189804 depth=10 dec=0 cand_cap=20 cand=25->20 pick(must/bucket/top/rand)=1/6/9/4 sims=1680 loop=1660 best_avg=-1.63032 best_move=0,5 leader=2 inc2=1 attack_w=0.443788
DBG t=61 used=0.019 remain=0.74 turn_time=0.0189744 end_in=0.0189744 depth=10 dec=0 cand_cap=20 cand=32->20 pick(must/bucket/top/rand)=1/6/9/4 sims=1404 loop=1384 best_avg=-1.62441 best_move=2,6 leader=2 inc2=1 attack_w=0.307824
DBG t=74 used=0.019 remain=0.493 turn_time=0.0189615 end_in=0.0189615 depth=11 dec=0 cand_cap=20 cand=38->20 pick(must/bucket/top/rand)=1/7/8/4 sims=1156 loop=1136 best_avg=-1.63946 best_move=6,0 leader=2 inc2=1 attack_w=0.284762
DBG t=86 used=0.019 remain=0.259 turn_time=0.0185 end_in=0.0185 depth=11 dec=0 cand_cap=20 cand=47->20 pick(must/bucket/top/rand)=1/7/8/4 sims=1032 loop=1012 best_avg=-1.61285 best_move=8,1 leader=1 inc2=1 attack_w=0.25
DBG t=99 used=0.017 remain=0.017 turn_time=0.017 end_in=0.016 depth=0 dec=1 cand_cap=20 cand=50->20 pick(must/bucket/top/rand)=1/6/9/4 sims=22552 loop=22532 best_avg=-1.51904 best_move=6,0 leader=2 inc2=1 attack_w=0.25
DBG summary depth_safety_fired=7
Score = 113784
=== CASE 0140.txt ===
DBG hdr N=10 M=6 T=100 U=4 VMAX=2013 TIME_LIMIT=1.94 MAX_CAND=20 UCB_C=0.21
DBG t=0 used=0.02 remain=1.94 turn_time=0.0194 end_in=0.0194 depth=7 dec=0 cand_cap=20 cand=3->3 pick(must/bucket/top/rand)=1/2/0/0 sims=3311 loop=3308 best_avg=-1.22966 best_move=5,4 leader=4 inc2=1 attack_w=1
DBG t=12 used=0.02 remain=1.7 turn_time=0.0193182 end_in=0.0193182 depth=7 dec=0 cand_cap=20 cand=13->13 pick(must/bucket/top/rand)=1/4/8/0 sims=2265 loop=2252 best_avg=-0.695054 best_move=1,2 leader=1 inc2=1 attack_w=1
DBG t=24 used=0.02 remain=1.46 turn_time=0.0192105 end_in=0.0192105 depth=7 dec=0 cand_cap=20 cand=17->17 pick(must/bucket/top/rand)=1/6/9/1 sims=1949 loop=1932 best_avg=-0.827657 best_move=2,4 leader=1 inc2=1 attack_w=0.568097
DBG t=37 used=0.02 remain=1.2 turn_time=0.0190476 end_in=0.0190476 depth=10 dec=0 cand_cap=20 cand=25->20 pick(must/bucket/top/rand)=1/4/11/4 sims=1096 loop=1076 best_avg=-0.667918 best_move=3,1 leader=1 inc2=1 attack_w=0.693762
DBG t=49 used=0.019 remain=0.968 turn_time=0.0189804 end_in=0.0189804 depth=10 dec=0 cand_cap=20 cand=26->20 pick(must/bucket/top/rand)=1/6/9/4 sims=1208 loop=1188 best_avg=-0.53213 best_move=3,1 leader=2 inc2=1 attack_w=0.25
DBG t=61 used=0.019 remain=0.74 turn_time=0.0189744 end_in=0.0189744 depth=10 dec=0 cand_cap=20 cand=31->20 pick(must/bucket/top/rand)=1/7/8/4 sims=1056 loop=1036 best_avg=-0.471841 best_move=4,1 leader=5 inc2=1 attack_w=0.25
DBG t=74 used=0.019 remain=0.493 turn_time=0.0189615 end_in=0.0189615 depth=11 dec=0 cand_cap=20 cand=32->20 pick(must/bucket/top/rand)=1/8/7/4 sims=896 loop=876 best_avg=-0.402201 best_move=5,3 leader=3 inc2=1 attack_w=0.25
DBG t=86 used=0.019 remain=0.255 turn_time=0.0182143 end_in=0.0182143 depth=11 dec=0 cand_cap=20 cand=34->20 pick(must/bucket/top/rand)=1/8/7/4 sims=836 loop=816 best_avg=-0.317702 best_move=0,4 leader=5 inc2=1 attack_w=0.25
DBG t=99 used=0.017 remain=0.017 turn_time=0.017 end_in=0.016 depth=0 dec=1 cand_cap=20 cand=34->20 pick(must/bucket/top/rand)=1/8/7/4 sims=16656 loop=16636 best_avg=-0.165554 best_move=2,5 leader=5 inc2=1 attack_w=0.25
DBG summary depth_safety_fired=11
Score = 138398
=== CASE 0146.txt ===
DBG hdr N=10 M=5 T=100 U=3 VMAX=1522 TIME_LIMIT=1.94 MAX_CAND=20 UCB_C=0.21
DBG t=0 used=0.02 remain=1.94 turn_time=0.0194 end_in=0.0194 depth=7 dec=0 cand_cap=20 cand=5->5 pick(must/bucket/top/rand)=1/2/2/0 sims=2949 loop=2944 best_avg=-1.03842 best_move=3,4 leader=2 inc2=1 attack_w=1
DBG t=12 used=0.02 remain=1.7 turn_time=0.0193182 end_in=0.0193182 depth=7 dec=0 cand_cap=20 cand=20->20 pick(must/bucket/top/rand)=1/8/7/4 sims=1948 loop=1928 best_avg=-0.652749 best_move=5,5 leader=2 inc2=1 attack_w=0.393027
DBG t=24 used=0.02 remain=1.46 turn_time=0.0192105 end_in=0.0192105 depth=7 dec=0 cand_cap=20 cand=27->20 pick(must/bucket/top/rand)=1/8/7/4 sims=1484 loop=1464 best_avg=-0.618688 best_move=7,5 leader=1 inc2=1 attack_w=0.25
DBG t=37 used=0.02 remain=1.2 turn_time=0.0190476 end_in=0.0190476 depth=10 dec=0 cand_cap=20 cand=31->20 pick(must/bucket/top/rand)=1/6/9/4 sims=1056 loop=1036 best_avg=-0.736893 best_move=4,5 leader=2 inc2=1 attack_w=0.25
DBG t=49 used=0.019 remain=0.968 turn_time=0.0189804 end_in=0.0189804 depth=10 dec=0 cand_cap=20 cand=31->20 pick(must/bucket/top/rand)=1/5/10/4 sims=1056 loop=1036 best_avg=-0.642224 best_move=5,6 leader=3 inc2=1 attack_w=0.25
DBG t=61 used=0.019 remain=0.74 turn_time=0.0189744 end_in=0.0189744 depth=10 dec=0 cand_cap=20 cand=33->20 pick(must/bucket/top/rand)=1/5/10/4 sims=1008 loop=988 best_avg=-0.613926 best_move=5,7 leader=3 inc2=1 attack_w=0.25
DBG t=74 used=0.019 remain=0.493 turn_time=0.0189615 end_in=0.0189615 depth=11 dec=0 cand_cap=20 cand=35->20 pick(must/bucket/top/rand)=1/6/9/4 sims=848 loop=828 best_avg=-0.850121 best_move=8,3 leader=1 inc2=1 attack_w=0.25
DBG t=86 used=0.019 remain=0.265 turn_time=0.0189286 end_in=0.0189286 depth=11 dec=0 cand_cap=20 cand=33->20 pick(must/bucket/top/rand)=1/4/11/4 sims=884 loop=864 best_avg=-0.794687 best_move=4,3 leader=1 inc2=1 attack_w=0.25
DBG t=99 used=0.018 remain=0.018 turn_time=0.018 end_in=0.017 depth=0 dec=0 cand_cap=20 cand=33->20 pick(must/bucket/top/rand)=1/3/12/4 sims=15652 loop=15632 best_avg=-0.525607 best_move=6,7 leader=3 inc2=1 attack_w=0.25
DBG summary depth_safety_fired=0
Score = 121963
=== CASE 0144.txt ===
DBG hdr N=10 M=3 T=100 U=3 VMAX=1649 TIME_LIMIT=1.94 MAX_CAND=20 UCB_C=0.21
DBG t=0 used=0.02 remain=1.94 turn_time=0.0194 end_in=0.0194 depth=7 dec=0 cand_cap=20 cand=5->5 pick(must/bucket/top/rand)=1/2/2/0 sims=4189 loop=4184 best_avg=-1.54892 best_move=2,3 leader=1 inc2=1 attack_w=1
DBG t=12 used=0.02 remain=1.7 turn_time=0.0193182 end_in=0.0193182 depth=7 dec=0 cand_cap=20 cand=20->20 pick(must/bucket/top/rand)=1/6/9/4 sims=3116 loop=3096 best_avg=-1.48614 best_move=4,7 leader=1 inc2=1 attack_w=0.7705
DBG t=24 used=0.02 remain=1.46 turn_time=0.0192105 end_in=0.0192105 depth=7 dec=0 cand_cap=20 cand=32->20 pick(must/bucket/top/rand)=1/6/9/4 sims=3160 loop=3140 best_avg=-0.391076 best_move=4,8 leader=1 inc2=1 attack_w=0.25
DBG t=37 used=0.02 remain=1.2 turn_time=0.0190476 end_in=0.0190476 depth=10 dec=0 cand_cap=20 cand=53->20 pick(must/bucket/top/rand)=1/7/8/4 sims=1516 loop=1496 best_avg=-0.19578 best_move=6,6 leader=1 inc2=1 attack_w=0.25
DBG t=49 used=0.019 remain=0.968 turn_time=0.0189804 end_in=0.0189804 depth=10 dec=0 cand_cap=20 cand=64->20 pick(must/bucket/top/rand)=1/8/7/4 sims=1192 loop=1172 best_avg=-0.297186 best_move=8,8 leader=1 inc2=1 attack_w=0.25
DBG t=61 used=0.019 remain=0.74 turn_time=0.0189744 end_in=0.0189744 depth=10 dec=0 cand_cap=20 cand=66->20 pick(must/bucket/top/rand)=1/8/7/4 sims=1240 loop=1220 best_avg=-0.217591 best_move=5,7 leader=1 inc2=1 attack_w=0.25
DBG t=74 used=0.019 remain=0.493 turn_time=0.0189615 end_in=0.0189615 depth=11 dec=0 cand_cap=20 cand=21->20 pick(must/bucket/top/rand)=1/8/7/4 sims=1288 loop=1268 best_avg=-0.107465 best_move=7,3 leader=1 inc2=1 attack_w=0.25
DBG t=86 used=0.019 remain=0.265 turn_time=0.0189286 end_in=0.0189286 depth=11 dec=0 cand_cap=20 cand=70->20 pick(must/bucket/top/rand)=1/8/7/4 sims=1180 loop=1160 best_avg=0.0949273 best_move=7,8 leader=1 inc2=1 attack_w=0.25
DBG t=99 used=0.018 remain=0.018 turn_time=0.018 end_in=0.017 depth=0 dec=0 cand_cap=20 cand=70->20 pick(must/bucket/top/rand)=1/8/7/4 sims=51144 loop=51124 best_avg=0.602003 best_move=5,8 leader=1 inc2=1 attack_w=0.25
DBG summary depth_safety_fired=0
Score = 310584
=== CASE 0147.txt ===
DBG hdr N=10 M=4 T=100 U=4 VMAX=1165 TIME_LIMIT=1.94 MAX_CAND=20 UCB_C=0.21
DBG t=0 used=0.02 remain=1.94 turn_time=0.0194 end_in=0.0194 depth=7 dec=0 cand_cap=20 cand=5->5 pick(must/bucket/top/rand)=1/2/2/0 sims=3641 loop=3636 best_avg=-1.10616 best_move=0,6 leader=1 inc2=1 attack_w=1
DBG t=12 used=0.02 remain=1.7 turn_time=0.0193182 end_in=0.0193182 depth=7 dec=0 cand_cap=20 cand=12->12 pick(must/bucket/top/rand)=1/4/7/0 sims=2336 loop=2324 best_avg=-1.24589 best_move=1,5 leader=3 inc2=0 attack_w=0.885802
DBG t=24 used=0.02 remain=1.46 turn_time=0.0192105 end_in=0.0192105 depth=7 dec=0 cand_cap=20 cand=23->20 pick(must/bucket/top/rand)=1/8/7/4 sims=1876 loop=1856 best_avg=-1.31644 best_move=5,5 leader=2 inc2=1 attack_w=1
DBG t=37 used=0.02 remain=1.2 turn_time=0.0190476 end_in=0.0190476 depth=10 dec=0 cand_cap=20 cand=21->20 pick(must/bucket/top/rand)=1/8/7/4 sims=1276 loop=1256 best_avg=-1.25692 best_move=4,4 leader=2 inc2=1 attack_w=1
DBG t=49 used=0.019 remain=0.968 turn_time=0.0189804 end_in=0.0189804 depth=10 dec=0 cand_cap=20 cand=38->20 pick(must/bucket/top/rand)=1/8/7/4 sims=1052 loop=1032 best_avg=-0.950007 best_move=3,3 leader=2 inc2=1 attack_w=0.25
DBG t=61 used=0.019 remain=0.74 turn_time=0.0189744 end_in=0.0189744 depth=10 dec=0 cand_cap=20 cand=16->16 pick(must/bucket/top/rand)=1/6/9/0 sims=1448 loop=1432 best_avg=-0.94808 best_move=5,1 leader=2 inc2=0 attack_w=0.463341
DBG t=74 used=0.019 remain=0.493 turn_time=0.0189615 end_in=0.0189615 depth=11 dec=0 cand_cap=20 cand=40->20 pick(must/bucket/top/rand)=1/8/7/4 sims=1044 loop=1024 best_avg=-0.90105 best_move=8,1 leader=2 inc2=1 attack_w=0.25
DBG t=86 used=0.019 remain=0.265 turn_time=0.0189286 end_in=0.0189286 depth=11 dec=0 cand_cap=20 cand=27->20 pick(must/bucket/top/rand)=1/7/8/4 sims=1064 loop=1044 best_avg=-0.724143 best_move=2,6 leader=2 inc2=1 attack_w=0.25
DBG t=99 used=0.018 remain=0.018 turn_time=0.018 end_in=0.017 depth=0 dec=0 cand_cap=20 cand=61->20 pick(must/bucket/top/rand)=1/8/7/4 sims=29688 loop=29668 best_avg=-0.492177 best_move=3,6 leader=3 inc2=1 attack_w=0.25
DBG summary depth_safety_fired=0
Score = 140792
=== CASE 0145.txt ===
DBG hdr N=10 M=7 T=100 U=1 VMAX=1296 TIME_LIMIT=1.94 MAX_CAND=20 UCB_C=0.21
DBG t=0 used=0.02 remain=1.94 turn_time=0.0194 end_in=0.0194 depth=7 dec=0 cand_cap=20 cand=3->3 pick(must/bucket/top/rand)=1/2/0/0 sims=2183 loop=2180 best_avg=-0.598212 best_move=9,8 leader=4 inc2=1 attack_w=0.894669
DBG t=12 used=0.02 remain=1.7 turn_time=0.0193182 end_in=0.0193182 depth=7 dec=0 cand_cap=20 cand=8->8 pick(must/bucket/top/rand)=1/4/3/0 sims=1356 loop=1348 best_avg=-0.526678 best_move=6,8 leader=3 inc2=1 attack_w=0.907393
DBG t=24 used=0.02 remain=1.46 turn_time=0.0192105 end_in=0.0192105 depth=7 dec=0 cand_cap=20 cand=25->20 pick(must/bucket/top/rand)=1/4/11/4 sims=1404 loop=1384 best_avg=-0.469136 best_move=3,5 leader=4 inc2=1 attack_w=0.731898
DBG t=37 used=0.02 remain=1.2 turn_time=0.0190476 end_in=0.0190476 depth=10 dec=0 cand_cap=20 cand=35->20 pick(must/bucket/top/rand)=1/4/11/4 sims=804 loop=784 best_avg=-0.386517 best_move=2,4 leader=6 inc2=1 attack_w=0.25
DBG t=49 used=0.019 remain=0.968 turn_time=0.0189804 end_in=0.0189804 depth=10 dec=0 cand_cap=20 cand=46->20 pick(must/bucket/top/rand)=1/4/11/4 sims=760 loop=740 best_avg=0.0254393 best_move=9,6 leader=6 inc2=1 attack_w=0.25
DBG t=61 used=0.019 remain=0.74 turn_time=0.0189744 end_in=0.0189744 depth=10 dec=0 cand_cap=20 cand=22->20 pick(must/bucket/top/rand)=1/4/11/4 sims=860 loop=840 best_avg=0.56522 best_move=8,7 leader=6 inc2=1 attack_w=0.25
DBG t=74 used=0.019 remain=0.493 turn_time=0.0189615 end_in=0.0189615 depth=11 dec=0 cand_cap=20 cand=46->20 pick(must/bucket/top/rand)=1/4/11/4 sims=756 loop=736 best_avg=1.02207 best_move=4,5 leader=6 inc2=1 attack_w=0.25
DBG t=86 used=0.019 remain=0.265 turn_time=0.0189286 end_in=0.0189286 depth=11 dec=0 cand_cap=20 cand=52->20 pick(must/bucket/top/rand)=1/4/11/4 sims=728 loop=708 best_avg=0.935643 best_move=9,8 leader=6 inc2=1 attack_w=0.25
DBG t=99 used=0.018 remain=0.018 turn_time=0.018 end_in=0.017 depth=0 dec=0 cand_cap=20 cand=3->3 pick(must/bucket/top/rand)=1/0/2/0 sims=22067 loop=22064 best_avg=1.20431 best_move=1,3 leader=4 inc2=1 attack_w=0.25
DBG summary depth_safety_fired=0
Score = 252244
=== CASE 0148.txt ===
DBG hdr N=10 M=6 T=100 U=2 VMAX=2056 TIME_LIMIT=1.94 MAX_CAND=20 UCB_C=0.21
DBG t=0 used=0.02 remain=1.94 turn_time=0.0194 end_in=0.0194 depth=7 dec=0 cand_cap=20 cand=4->4 pick(must/bucket/top/rand)=1/2/1/0 sims=2576 loop=2572 best_avg=-1.01051 best_move=7,7 leader=4 inc2=1 attack_w=1
DBG t=12 used=0.02 remain=1.7 turn_time=0.0193182 end_in=0.0193182 depth=7 dec=0 cand_cap=20 cand=9->9 pick(must/bucket/top/rand)=1/6/2/0 sims=1741 loop=1732 best_avg=-1.14847 best_move=0,8 leader=4 inc2=1 attack_w=1
DBG t=24 used=0.02 remain=1.46 turn_time=0.0192105 end_in=0.0192105 depth=7 dec=0 cand_cap=20 cand=13->13 pick(must/bucket/top/rand)=1/4/8/0 sims=1589 loop=1576 best_avg=-0.825667 best_move=1,6 leader=2 inc2=1 attack_w=1
DBG t=37 used=0.02 remain=1.2 turn_time=0.0190476 end_in=0.0190476 depth=10 dec=0 cand_cap=20 cand=32->20 pick(must/bucket/top/rand)=1/6/9/4 sims=996 loop=976 best_avg=-0.271552 best_move=6,7 leader=2 inc2=1 attack_w=0.25
DBG t=49 used=0.019 remain=0.968 turn_time=0.0189804 end_in=0.0189804 depth=10 dec=0 cand_cap=20 cand=39->20 pick(must/bucket/top/rand)=1/6/9/4 sims=912 loop=892 best_avg=-0.162555 best_move=2,8 leader=2 inc2=1 attack_w=0.25
DBG t=61 used=0.019 remain=0.74 turn_time=0.0189744 end_in=0.0189744 depth=10 dec=0 cand_cap=20 cand=46->20 pick(must/bucket/top/rand)=1/7/8/4 sims=960 loop=940 best_avg=-0.0197878 best_move=8,7 leader=2 inc2=1 attack_w=0.25
DBG t=74 used=0.019 remain=0.493 turn_time=0.0189615 end_in=0.0189615 depth=11 dec=0 cand_cap=20 cand=51->20 pick(must/bucket/top/rand)=1/8/7/4 sims=812 loop=792 best_avg=0.188994 best_move=9,7 leader=2 inc2=1 attack_w=0.25
DBG t=86 used=0.019 remain=0.265 turn_time=0.0189286 end_in=0.0189286 depth=11 dec=0 cand_cap=20 cand=56->20 pick(must/bucket/top/rand)=1/7/8/4 sims=756 loop=736 best_avg=0.321772 best_move=9,5 leader=3 inc2=1 attack_w=0.25
DBG t=99 used=0.018 remain=0.018 turn_time=0.018 end_in=0.017 depth=0 dec=0 cand_cap=20 cand=60->20 pick(must/bucket/top/rand)=1/8/7/4 sims=28844 loop=28824 best_avg=0.50088 best_move=9,7 leader=3 inc2=1 attack_w=0.25
DBG summary depth_safety_fired=0
Score = 200857
=== CASE 0149.txt ===
DBG hdr N=10 M=7 T=100 U=5 VMAX=1666 TIME_LIMIT=1.94 MAX_CAND=20 UCB_C=0.21
DBG t=0 used=0.02 remain=1.94 turn_time=0.0194 end_in=0.0194 depth=7 dec=0 cand_cap=20 cand=5->5 pick(must/bucket/top/rand)=1/3/1/0 sims=2457 loop=2452 best_avg=-0.651914 best_move=4,5 leader=6 inc2=1 attack_w=1
DBG t=12 used=0.02 remain=1.7 turn_time=0.0193182 end_in=0.0193182 depth=7 dec=0 cand_cap=20 cand=11->11 pick(must/bucket/top/rand)=1/5/5/0 sims=1839 loop=1828 best_avg=-0.313596 best_move=5,4 leader=6 inc2=1 attack_w=0.25
DBG t=24 used=0.02 remain=1.46 turn_time=0.0192105 end_in=0.0192105 depth=7 dec=0 cand_cap=20 cand=20->20 pick(must/bucket/top/rand)=1/6/9/4 sims=2116 loop=2096 best_avg=0.0716456 best_move=7,6 leader=5 inc2=1 attack_w=0.25
DBG t=37 used=0.02 remain=1.2 turn_time=0.0190476 end_in=0.0190476 depth=10 dec=0 cand_cap=20 cand=29->20 pick(must/bucket/top/rand)=1/8/7/4 sims=1516 loop=1496 best_avg=0.29204 best_move=7,5 leader=5 inc2=1 attack_w=0.25
DBG t=49 used=0.019 remain=0.968 turn_time=0.0189804 end_in=0.0189804 depth=10 dec=0 cand_cap=20 cand=34->20 pick(must/bucket/top/rand)=1/7/8/4 sims=1396 loop=1376 best_avg=0.5711 best_move=7,6 leader=2 inc2=1 attack_w=0.25
DBG t=61 used=0.019 remain=0.74 turn_time=0.0189744 end_in=0.0189744 depth=10 dec=0 cand_cap=20 cand=37->20 pick(must/bucket/top/rand)=1/6/9/4 sims=1388 loop=1368 best_avg=0.653186 best_move=4,2 leader=5 inc2=1 attack_w=0.25
DBG t=74 used=0.019 remain=0.493 turn_time=0.0189615 end_in=0.0189615 depth=11 dec=0 cand_cap=20 cand=40->20 pick(must/bucket/top/rand)=1/8/7/4 sims=1068 loop=1048 best_avg=0.665596 best_move=4,1 leader=6 inc2=1 attack_w=0.25
DBG t=86 used=0.019 remain=0.265 turn_time=0.0189286 end_in=0.0189286 depth=11 dec=0 cand_cap=20 cand=47->20 pick(must/bucket/top/rand)=1/6/9/4 sims=1248 loop=1228 best_avg=0.562491 best_move=8,7 leader=6 inc2=1 attack_w=0.25
DBG t=99 used=0.018 remain=0.018 turn_time=0.018 end_in=0.017 depth=0 dec=0 cand_cap=20 cand=48->20 pick(must/bucket/top/rand)=1/7/8/4 sims=32812 loop=32792 best_avg=0.641303 best_move=7,6 leader=4 inc2=1 attack_w=0.25
DBG summary depth_safety_fired=0
Score = 198895
=== CASE 0151.txt ===
DBG hdr N=10 M=3 T=100 U=1 VMAX=1679 TIME_LIMIT=1.94 MAX_CAND=20 UCB_C=0.21
DBG t=0 used=0.02 remain=1.94 turn_time=0.0194 end_in=0.0194 depth=7 dec=0 cand_cap=20 cand=5->5 pick(must/bucket/top/rand)=1/2/2/0 sims=4073 loop=4068 best_avg=-1.01312 best_move=2,9 leader=2 inc2=1 attack_w=1
DBG t=12 used=0.02 remain=1.7 turn_time=0.0193182 end_in=0.0193182 depth=7 dec=0 cand_cap=20 cand=25->20 pick(must/bucket/top/rand)=1/2/13/4 sims=2676 loop=2656 best_avg=-0.740756 best_move=6,9 leader=1 inc2=1 attack_w=0.25
DBG t=24 used=0.02 remain=1.46 turn_time=0.0192105 end_in=0.0192105 depth=7 dec=0 cand_cap=20 cand=43->20 pick(must/bucket/top/rand)=1/2/13/4 sims=2088 loop=2068 best_avg=-0.525652 best_move=8,4 leader=2 inc2=1 attack_w=0.25
DBG t=37 used=0.02 remain=1.2 turn_time=0.0190476 end_in=0.0190476 depth=10 dec=0 cand_cap=20 cand=63->20 pick(must/bucket/top/rand)=1/6/9/4 sims=1188 loop=1168 best_avg=-0.0655938 best_move=4,3 leader=1 inc2=1 attack_w=0.25
DBG t=49 used=0.019 remain=0.968 turn_time=0.0189804 end_in=0.0189804 depth=10 dec=0 cand_cap=20 cand=18->18 pick(must/bucket/top/rand)=1/6/9/2 sims=1306 loop=1288 best_avg=0.23776 best_move=3,2 leader=1 inc2=1 attack_w=0.25
DBG t=61 used=0.019 remain=0.74 turn_time=0.0189744 end_in=0.0189744 depth=10 dec=0 cand_cap=20 cand=4->4 pick(must/bucket/top/rand)=1/3/0/0 sims=1124 loop=1120 best_avg=0.634523 best_move=3,1 leader=2 inc2=1 attack_w=0.25
DBG t=74 used=0.019 remain=0.493 turn_time=0.0189615 end_in=0.0189615 depth=11 dec=0 cand_cap=20 cand=91->20 pick(must/bucket/top/rand)=1/6/9/4 sims=792 loop=772 best_avg=0.966079 best_move=3,0 leader=1 inc2=1 attack_w=0.25
DBG t=86 used=0.019 remain=0.265 turn_time=0.0189286 end_in=0.0189286 depth=11 dec=0 cand_cap=20 cand=92->20 pick(must/bucket/top/rand)=1/5/10/4 sims=732 loop=712 best_avg=1.0673 best_move=4,1 leader=1 inc2=1 attack_w=0.25
DBG t=99 used=0.018 remain=0.018 turn_time=0.018 end_in=0.017 depth=0 dec=0 cand_cap=20 cand=95->20 pick(must/bucket/top/rand)=1/6/9/4 sims=47648 loop=47628 best_avg=1.61587 best_move=2,1 leader=2 inc2=1 attack_w=0.25
DBG summary depth_safety_fired=0
Score = 424845
=== CASE 0152.txt ===
DBG hdr N=10 M=3 T=100 U=4 VMAX=2181 TIME_LIMIT=1.94 MAX_CAND=20 UCB_C=0.21
DBG t=0 used=0.02 remain=1.94 turn_time=0.0194 end_in=0.0194 depth=7 dec=0 cand_cap=20 cand=5->5 pick(must/bucket/top/rand)=1/2/2/0 sims=4173 loop=4168 best_avg=-2.00383 best_move=3,6 leader=1 inc2=1 attack_w=1
DBG t=12 used=0.02 remain=1.7 turn_time=0.0193182 end_in=0.0193182 depth=7 dec=0 cand_cap=20 cand=18->18 pick(must/bucket/top/rand)=1/4/11/2 sims=2914 loop=2896 best_avg=-1.63706 best_move=0,6 leader=1 inc2=1 attack_w=0.848916
DBG t=24 used=0.02 remain=1.46 turn_time=0.0192105 end_in=0.0192105 depth=7 dec=0 cand_cap=20 cand=24->20 pick(must/bucket/top/rand)=1/7/8/4 sims=3388 loop=3368 best_avg=-1.50481 best_move=3,3 leader=1 inc2=1 attack_w=0.662829
DBG t=37 used=0.02 remain=1.2 turn_time=0.0190476 end_in=0.0190476 depth=10 dec=0 cand_cap=20 cand=32->20 pick(must/bucket/top/rand)=1/8/7/4 sims=1532 loop=1512 best_avg=-1.51185 best_move=0,4 leader=1 inc2=1 attack_w=0.366511
DBG t=49 used=0.019 remain=0.968 turn_time=0.0189804 end_in=0.0189804 depth=10 dec=0 cand_cap=20 cand=37->20 pick(must/bucket/top/rand)=1/8/7/4 sims=1328 loop=1308 best_avg=-1.44054 best_move=5,2 leader=1 inc2=1 attack_w=0.25
DBG t=61 used=0.019 remain=0.74 turn_time=0.0189744 end_in=0.0189744 depth=10 dec=0 cand_cap=20 cand=46->20 pick(must/bucket/top/rand)=1/8/7/4 sims=1300 loop=1280 best_avg=-1.51181 best_move=0,5 leader=2 inc2=1 attack_w=0.25
DBG t=74 used=0.019 remain=0.493 turn_time=0.0189615 end_in=0.0189615 depth=11 dec=0 cand_cap=20 cand=47->20 pick(must/bucket/top/rand)=1/8/7/4 sims=1012 loop=992 best_avg=-1.52563 best_move=6,4 leader=2 inc2=1 attack_w=0.25
DBG t=86 used=0.019 remain=0.265 turn_time=0.0189286 end_in=0.0189286 depth=11 dec=0 cand_cap=20 cand=52->20 pick(must/bucket/top/rand)=1/8/7/4 sims=1104 loop=1084 best_avg=-1.54683 best_move=5,6 leader=1 inc2=1 attack_w=0.25
DBG t=99 used=0.018 remain=0.018 turn_time=0.018 end_in=0.017 depth=0 dec=0 cand_cap=20 cand=9->9 pick(must/bucket/top/rand)=1/6/2/0 sims=24461 loop=24452 best_avg=-1.45889 best_move=6,0 leader=1 inc2=1 attack_w=0.25
DBG summary depth_safety_fired=0
Score = 114179
=== CASE 0150.txt ===
DBG hdr N=10 M=4 T=100 U=2 VMAX=2104 TIME_LIMIT=1.94 MAX_CAND=20 UCB_C=0.21
DBG t=0 used=0.02 remain=1.94 turn_time=0.0194 end_in=0.0194 depth=7 dec=0 cand_cap=20 cand=5->5 pick(must/bucket/top/rand)=1/2/2/0 sims=3837 loop=3832 best_avg=-1.32646 best_move=5,3 leader=3 inc2=1 attack_w=1
DBG t=12 used=0.02 remain=1.7 turn_time=0.0193182 end_in=0.0193182 depth=7 dec=0 cand_cap=20 cand=21->20 pick(must/bucket/top/rand)=1/5/10/4 sims=2268 loop=2248 best_avg=-1.09524 best_move=4,6 leader=2 inc2=1 attack_w=1
DBG t=24 used=0.02 remain=1.46 turn_time=0.0192105 end_in=0.0192105 depth=7 dec=0 cand_cap=20 cand=31->20 pick(must/bucket/top/rand)=1/8/7/4 sims=2092 loop=2072 best_avg=-1.2929 best_move=5,9 leader=2 inc2=1 attack_w=1
DBG t=37 used=0.02 remain=1.2 turn_time=0.0190476 end_in=0.0190476 depth=10 dec=0 cand_cap=20 cand=13->13 pick(must/bucket/top/rand)=1/6/6/0 sims=1529 loop=1516 best_avg=-1.23835 best_move=5,9 leader=2 inc2=1 attack_w=1
DBG t=49 used=0.019 remain=0.968 turn_time=0.0189804 end_in=0.0189804 depth=10 dec=0 cand_cap=20 cand=17->17 pick(must/bucket/top/rand)=1/5/10/1 sims=1325 loop=1308 best_avg=-0.899484 best_move=3,7 leader=3 inc2=1 attack_w=0.381376
DBG t=61 used=0.019 remain=0.74 turn_time=0.0189744 end_in=0.0189744 depth=10 dec=0 cand_cap=20 cand=20->20 pick(must/bucket/top/rand)=1/4/11/4 sims=1780 loop=1760 best_avg=-0.493172 best_move=5,7 leader=2 inc2=0 attack_w=0.25
DBG t=74 used=0.019 remain=0.493 turn_time=0.0189615 end_in=0.0189615 depth=11 dec=0 cand_cap=20 cand=28->20 pick(must/bucket/top/rand)=1/6/9/4 sims=1220 loop=1200 best_avg=-0.242151 best_move=6,8 leader=1 inc2=1 attack_w=0.25
DBG t=86 used=0.019 remain=0.265 turn_time=0.0189286 end_in=0.0189286 depth=11 dec=0 cand_cap=20 cand=30->20 pick(must/bucket/top/rand)=1/8/7/4 sims=1188 loop=1168 best_avg=-0.267782 best_move=3,7 leader=1 inc2=1 attack_w=0.25
DBG t=99 used=0.018 remain=0.018 turn_time=0.018 end_in=0.017 depth=0 dec=0 cand_cap=20 cand=31->20 pick(must/bucket/top/rand)=1/6/9/4 sims=27444 loop=27424 best_avg=-0.289748 best_move=5,5 leader=1 inc2=0 attack_w=0.25
DBG summary depth_safety_fired=0
Score = 162053
=== CASE 0153.txt ===
DBG hdr N=10 M=5 T=100 U=2 VMAX=1370 TIME_LIMIT=1.94 MAX_CAND=20 UCB_C=0.21
DBG t=0 used=0.02 remain=1.94 turn_time=0.0194 end_in=0.0194 depth=7 dec=0 cand_cap=20 cand=4->4 pick(must/bucket/top/rand)=1/3/0/0 sims=3264 loop=3260 best_avg=-0.941273 best_move=8,4 leader=3 inc2=1 attack_w=0.32823
DBG t=12 used=0.02 remain=1.7 turn_time=0.0193182 end_in=0.0193182 depth=7 dec=0 cand_cap=20 cand=19->19 pick(must/bucket/top/rand)=1/4/11/3 sims=2079 loop=2060 best_avg=-0.826926 best_move=4,0 leader=1 inc2=0 attack_w=0.756752
DBG t=24 used=0.02 remain=1.46 turn_time=0.0192105 end_in=0.0192105 depth=7 dec=0 cand_cap=20 cand=28->20 pick(must/bucket/top/rand)=1/6/9/4 sims=1880 loop=1860 best_avg=-0.703163 best_move=4,1 leader=3 inc2=1 attack_w=0.25
DBG t=37 used=0.02 remain=1.2 turn_time=0.0190476 end_in=0.0190476 depth=10 dec=0 cand_cap=20 cand=19->19 pick(must/bucket/top/rand)=1/8/7/3 sims=1203 loop=1184 best_avg=-0.417053 best_move=6,5 leader=4 inc2=1 attack_w=0.25
DBG t=49 used=0.019 remain=0.968 turn_time=0.0189804 end_in=0.0189804 depth=10 dec=0 cand_cap=20 cand=26->20 pick(must/bucket/top/rand)=1/7/8/4 sims=1140 loop=1120 best_avg=-0.191786 best_move=6,4 leader=1 inc2=1 attack_w=0.25
DBG t=61 used=0.019 remain=0.74 turn_time=0.0189744 end_in=0.0189744 depth=10 dec=0 cand_cap=20 cand=31->20 pick(must/bucket/top/rand)=1/6/9/4 sims=1116 loop=1096 best_avg=-0.0717138 best_move=9,5 leader=1 inc2=1 attack_w=0.25
DBG t=74 used=0.019 remain=0.493 turn_time=0.0189615 end_in=0.0189615 depth=11 dec=0 cand_cap=20 cand=34->20 pick(must/bucket/top/rand)=1/8/7/4 sims=816 loop=796 best_avg=-0.0886014 best_move=7,0 leader=1 inc2=1 attack_w=0.25
DBG t=86 used=0.019 remain=0.265 turn_time=0.0189286 end_in=0.0189286 depth=11 dec=0 cand_cap=20 cand=45->20 pick(must/bucket/top/rand)=1/8/7/4 sims=856 loop=836 best_avg=-0.0318924 best_move=7,0 leader=4 inc2=1 attack_w=0.25
DBG t=99 used=0.018 remain=0.018 turn_time=0.018 end_in=0.017 depth=0 dec=0 cand_cap=20 cand=46->20 pick(must/bucket/top/rand)=1/7/8/4 sims=22516 loop=22496 best_avg=-0.148354 best_move=4,6 leader=4 inc2=1 attack_w=0.25
DBG summary depth_safety_fired=0
Score = 151842
=== CASE 0154.txt ===
DBG hdr N=10 M=2 T=100 U=5 VMAX=1488 TIME_LIMIT=1.94 MAX_CAND=20 UCB_C=0.21
DBG t=0 used=0.02 remain=1.94 turn_time=0.0194 end_in=0.0194 depth=7 dec=0 cand_cap=20 cand=5->5 pick(must/bucket/top/rand)=1/2/2/0 sims=5385 loop=5380 best_avg=-2.75002 best_move=5,3 leader=1 inc2=1 attack_w=0.156207
DBG t=12 used=0.02 remain=1.7 turn_time=0.0193182 end_in=0.0193182 depth=7 dec=0 cand_cap=20 cand=26->20 pick(must/bucket/top/rand)=1/2/13/4 sims=4012 loop=3992 best_avg=-2.48933 best_move=3,8 leader=1 inc2=1 attack_w=0.25
DBG t=24 used=0.02 remain=1.46 turn_time=0.0192105 end_in=0.0192105 depth=7 dec=0 cand_cap=20 cand=36->20 pick(must/bucket/top/rand)=1/2/13/4 sims=3496 loop=3476 best_avg=-2.51023 best_move=1,8 leader=1 inc2=1 attack_w=0.25
DBG t=37 used=0.02 remain=1.2 turn_time=0.0190476 end_in=0.0190476 depth=10 dec=0 cand_cap=20 cand=38->20 pick(must/bucket/top/rand)=1/2/13/4 sims=2176 loop=2156 best_avg=-2.64467 best_move=3,8 leader=1 inc2=1 attack_w=0.25
DBG t=49 used=0.019 remain=0.968 turn_time=0.0189804 end_in=0.0189804 depth=10 dec=0 cand_cap=20 cand=45->20 pick(must/bucket/top/rand)=1/2/13/4 sims=1808 loop=1788 best_avg=-2.69955 best_move=3,9 leader=1 inc2=1 attack_w=0.25
DBG t=61 used=0.019 remain=0.74 turn_time=0.0189744 end_in=0.0189744 depth=10 dec=0 cand_cap=20 cand=52->20 pick(must/bucket/top/rand)=1/3/12/4 sims=1644 loop=1624 best_avg=-2.77667 best_move=1,5 leader=1 inc2=1 attack_w=0.25
DBG t=74 used=0.019 remain=0.493 turn_time=0.0189615 end_in=0.0189615 depth=11 dec=0 cand_cap=20 cand=61->20 pick(must/bucket/top/rand)=1/5/10/4 sims=1284 loop=1264 best_avg=-2.79824 best_move=8,5 leader=1 inc2=1 attack_w=0.25
DBG t=86 used=0.019 remain=0.265 turn_time=0.0189286 end_in=0.0189286 depth=11 dec=0 cand_cap=20 cand=68->20 pick(must/bucket/top/rand)=1/5/10/4 sims=1184 loop=1164 best_avg=-2.81247 best_move=0,5 leader=1 inc2=1 attack_w=0.25
DBG t=99 used=0.018 remain=0.018 turn_time=0.018 end_in=0.017 depth=0 dec=0 cand_cap=20 cand=69->20 pick(must/bucket/top/rand)=1/6/9/4 sims=44664 loop=44644 best_avg=-2.78746 best_move=0,4 leader=1 inc2=1 attack_w=0.25
DBG summary depth_safety_fired=0
Score = 143050
=== CASE 0155.txt ===
DBG hdr N=10 M=6 T=100 U=3 VMAX=4289 TIME_LIMIT=1.94 MAX_CAND=20 UCB_C=0.21
DBG t=0 used=0.02 remain=1.94 turn_time=0.0194 end_in=0.0194 depth=7 dec=0 cand_cap=20 cand=3->3 pick(must/bucket/top/rand)=1/2/0/0 sims=2683 loop=2680 best_avg=-1.92447 best_move=3,8 leader=4 inc2=1 attack_w=1
DBG t=12 used=0.02 remain=1.7 turn_time=0.0193182 end_in=0.0193182 depth=7 dec=0 cand_cap=20 cand=25->20 pick(must/bucket/top/rand)=1/7/8/4 sims=1964 loop=1944 best_avg=-0.515185 best_move=2,4 leader=4 inc2=1 attack_w=0.25
DBG t=24 used=0.02 remain=1.46 turn_time=0.0192105 end_in=0.0192105 depth=7 dec=0 cand_cap=20 cand=16->16 pick(must/bucket/top/rand)=1/6/9/0 sims=2084 loop=2068 best_avg=-0.832489 best_move=1,4 leader=3 inc2=1 attack_w=0.25
DBG t=37 used=0.02 remain=1.2 turn_time=0.0190476 end_in=0.0190476 depth=10 dec=0 cand_cap=20 cand=9->9 pick(must/bucket/top/rand)=1/4/4/0 sims=1413 loop=1404 best_avg=-0.604026 best_move=0,6 leader=4 inc2=1 attack_w=0.25
DBG t=49 used=0.019 remain=0.968 turn_time=0.0189804 end_in=0.0189804 depth=10 dec=0 cand_cap=20 cand=17->17 pick(must/bucket/top/rand)=1/5/10/1 sims=1617 loop=1600 best_avg=-0.563953 best_move=2,7 leader=2 inc2=1 attack_w=0.25
DBG t=61 used=0.019 remain=0.74 turn_time=0.0189744 end_in=0.0189744 depth=10 dec=0 cand_cap=20 cand=20->20 pick(must/bucket/top/rand)=1/4/11/4 sims=1372 loop=1352 best_avg=-0.614286 best_move=0,3 leader=1 inc2=1 attack_w=0.38656
DBG t=74 used=0.019 remain=0.493 turn_time=0.0189615 end_in=0.0189615 depth=11 dec=0 cand_cap=20 cand=22->20 pick(must/bucket/top/rand)=1/5/10/4 sims=1092 loop=1072 best_avg=-0.731638 best_move=1,4 leader=1 inc2=1 attack_w=0.315677
DBG t=86 used=0.019 remain=0.265 turn_time=0.0189286 end_in=0.0189286 depth=11 dec=0 cand_cap=20 cand=24->20 pick(must/bucket/top/rand)=1/5/10/4 sims=1288 loop=1268 best_avg=-0.874676 best_move=4,5 leader=1 inc2=1 attack_w=0.278759
DBG t=99 used=0.018 remain=0.018 turn_time=0.018 end_in=0.017 depth=0 dec=0 cand_cap=20 cand=22->20 pick(must/bucket/top/rand)=1/4/11/4 sims=23508 loop=23488 best_avg=-0.894231 best_move=2,3 leader=1 inc2=1 attack_w=1
DBG summary depth_safety_fired=0
Score = 86504
=== CASE 0157.txt ===
DBG hdr N=10 M=8 T=100 U=3 VMAX=2358 TIME_LIMIT=1.94 MAX_CAND=20 UCB_C=0.21
DBG t=0 used=0.02 remain=1.94 turn_time=0.0194 end_in=0.0194 depth=7 dec=0 cand_cap=20 cand=5->5 pick(must/bucket/top/rand)=1/2/2/0 sims=2201 loop=2196 best_avg=-1.51563 best_move=1,7 leader=5 inc2=1 attack_w=1
DBG t=12 used=0.02 remain=1.7 turn_time=0.0193182 end_in=0.0193182 depth=7 dec=0 cand_cap=20 cand=27->20 pick(must/bucket/top/rand)=1/2/13/4 sims=1844 loop=1824 best_avg=-0.650194 best_move=5,3 leader=5 inc2=1 attack_w=1
DBG t=24 used=0.02 remain=1.46 turn_time=0.0192105 end_in=0.0192105 depth=7 dec=0 cand_cap=20 cand=17->17 pick(must/bucket/top/rand)=1/6/9/1 sims=1685 loop=1668 best_avg=-0.33868 best_move=5,4 leader=4 inc2=1 attack_w=0.263318
DBG t=37 used=0.02 remain=1.2 turn_time=0.0190476 end_in=0.0190476 depth=10 dec=0 cand_cap=20 cand=28->20 pick(must/bucket/top/rand)=1/6/9/4 sims=1332 loop=1312 best_avg=-0.242847 best_move=5,1 leader=4 inc2=1 attack_w=0.25
DBG t=49 used=0.019 remain=0.968 turn_time=0.0189804 end_in=0.0189804 depth=10 dec=0 cand_cap=20 cand=30->20 pick(must/bucket/top/rand)=1/7/8/4 sims=1108 loop=1088 best_avg=-0.253659 best_move=5,3 leader=4 inc2=1 attack_w=0.25
DBG t=61 used=0.019 remain=0.74 turn_time=0.0189744 end_in=0.0189744 depth=10 dec=0 cand_cap=20 cand=35->20 pick(must/bucket/top/rand)=1/8/7/4 sims=1068 loop=1048 best_avg=-0.155445 best_move=5,3 leader=6 inc2=1 attack_w=0.25
DBG t=74 used=0.019 remain=0.493 turn_time=0.0189615 end_in=0.0189615 depth=11 dec=0 cand_cap=20 cand=37->20 pick(must/bucket/top/rand)=1/6/9/4 sims=880 loop=860 best_avg=-0.0608381 best_move=5,3 leader=4 inc2=1 attack_w=0.25
DBG t=86 used=0.019 remain=0.265 turn_time=0.0189286 end_in=0.0189286 depth=11 dec=0 cand_cap=20 cand=39->20 pick(must/bucket/top/rand)=1/8/7/4 sims=848 loop=828 best_avg=-0.0420033 best_move=2,4 leader=7 inc2=1 attack_w=0.25
DBG t=99 used=0.017 remain=0.017 turn_time=0.017 end_in=0.016 depth=0 dec=1 cand_cap=20 cand=37->20 pick(must/bucket/top/rand)=1/6/9/4 sims=21272 loop=21252 best_avg=0.0724588 best_move=2,1 leader=4 inc2=1 attack_w=0.25
DBG summary depth_safety_fired=4
Score = 142306
=== CASE 0158.txt ===
DBG hdr N=10 M=3 T=100 U=1 VMAX=1661 TIME_LIMIT=1.94 MAX_CAND=20 UCB_C=0.21
DBG t=0 used=0.02 remain=1.94 turn_time=0.0194 end_in=0.0194 depth=7 dec=0 cand_cap=20 cand=4->4 pick(must/bucket/top/rand)=1/2/1/0 sims=4272 loop=4268 best_avg=-1.47865 best_move=9,5 leader=1 inc2=1 attack_w=0.321191
DBG t=12 used=0.02 remain=1.7 turn_time=0.0193182 end_in=0.0193182 depth=7 dec=0 cand_cap=20 cand=31->20 pick(must/bucket/top/rand)=1/5/10/4 sims=2208 loop=2188 best_avg=-1.41952 best_move=4,3 leader=2 inc2=1 attack_w=1
DBG t=24 used=0.02 remain=1.46 turn_time=0.0192105 end_in=0.0192105 depth=7 dec=0 cand_cap=20 cand=47->20 pick(must/bucket/top/rand)=1/6/9/4 sims=1720 loop=1700 best_avg=-1.23597 best_move=4,5 leader=2 inc2=1 attack_w=0.25
DBG t=37 used=0.02 remain=1.2 turn_time=0.0190476 end_in=0.0190476 depth=10 dec=0 cand_cap=20 cand=58->20 pick(must/bucket/top/rand)=1/6/9/4 sims=920 loop=900 best_avg=-1.09902 best_move=3,7 leader=2 inc2=1 attack_w=0.25
DBG t=49 used=0.019 remain=0.968 turn_time=0.0189804 end_in=0.0189804 depth=10 dec=0 cand_cap=20 cand=69->20 pick(must/bucket/top/rand)=1/6/9/4 sims=776 loop=756 best_avg=-1.0991 best_move=2,8 leader=2 inc2=1 attack_w=0.25
DBG t=61 used=0.019 remain=0.74 turn_time=0.0189744 end_in=0.0189744 depth=10 dec=0 cand_cap=20 cand=61->20 pick(must/bucket/top/rand)=1/4/11/4 sims=1040 loop=1020 best_avg=-0.771079 best_move=0,8 leader=2 inc2=1 attack_w=0.25
DBG t=74 used=0.019 remain=0.493 turn_time=0.0189615 end_in=0.0189615 depth=11 dec=0 cand_cap=20 cand=76->20 pick(must/bucket/top/rand)=1/4/11/4 sims=796 loop=776 best_avg=-0.344883 best_move=1,9 leader=2 inc2=1 attack_w=0.25
DBG t=86 used=0.019 remain=0.265 turn_time=0.0189286 end_in=0.0189286 depth=11 dec=0 cand_cap=20 cand=87->20 pick(must/bucket/top/rand)=1/4/11/4 sims=732 loop=712 best_avg=-0.0943991 best_move=6,7 leader=1 inc2=1 attack_w=0.25
DBG t=99 used=0.017 remain=0.017 turn_time=0.017 end_in=0.016 depth=0 dec=1 cand_cap=20 cand=89->20 pick(must/bucket/top/rand)=1/4/11/4 sims=33424 loop=33404 best_avg=0.203845 best_move=2,5 leader=1 inc2=1 attack_w=0.25
DBG summary depth_safety_fired=4
Score = 263473
=== CASE 0159.txt ===
DBG hdr N=10 M=4 T=100 U=4 VMAX=2020 TIME_LIMIT=1.94 MAX_CAND=20 UCB_C=0.21
DBG t=0 used=0.02 remain=1.94 turn_time=0.0194 end_in=0.0194 depth=7 dec=0 cand_cap=20 cand=5->5 pick(must/bucket/top/rand)=1/2/2/0 sims=3933 loop=3928 best_avg=-1.34514 best_move=6,1 leader=1 inc2=0 attack_w=1
DBG t=12 used=0.02 remain=1.7 turn_time=0.0193182 end_in=0.0193182 depth=7 dec=0 cand_cap=20 cand=12->12 pick(must/bucket/top/rand)=1/6/5/0 sims=2984 loop=2972 best_avg=-1.35564 best_move=5,2 leader=3 inc2=1 attack_w=0.64217
DBG t=24 used=0.02 remain=1.46 turn_time=0.0192105 end_in=0.0192105 depth=7 dec=0 cand_cap=20 cand=17->17 pick(must/bucket/top/rand)=1/8/7/1 sims=2533 loop=2516 best_avg=-1.44845 best_move=3,3 leader=3 inc2=1 attack_w=1
DBG t=37 used=0.02 remain=1.2 turn_time=0.0190476 end_in=0.0190476 depth=10 dec=0 cand_cap=20 cand=20->20 pick(must/bucket/top/rand)=1/7/8/4 sims=1560 loop=1540 best_avg=-1.52439 best_move=2,6 leader=3 inc2=1 attack_w=1
DBG t=49 used=0.019 remain=0.968 turn_time=0.0189804 end_in=0.0189804 depth=10 dec=0 cand_cap=20 cand=36->20 pick(must/bucket/top/rand)=1/6/9/4 sims=1316 loop=1296 best_avg=-1.29364 best_move=5,8 leader=3 inc2=0 attack_w=1
DBG t=61 used=0.019 remain=0.74 turn_time=0.0189744 end_in=0.0189744 depth=10 dec=0 cand_cap=20 cand=39->20 pick(must/bucket/top/rand)=1/7/8/4 sims=1328 loop=1308 best_avg=-1.11781 best_move=3,9 leader=3 inc2=0 attack_w=0.721489
DBG t=74 used=0.019 remain=0.493 turn_time=0.0189615 end_in=0.0189615 depth=11 dec=0 cand_cap=20 cand=40->20 pick(must/bucket/top/rand)=1/6/9/4 sims=1004 loop=984 best_avg=-0.964313 best_move=4,9 leader=3 inc2=1 attack_w=0.25
DBG t=86 used=0.019 remain=0.265 turn_time=0.0189286 end_in=0.0189286 depth=11 dec=0 cand_cap=20 cand=43->20 pick(must/bucket/top/rand)=1/6/9/4 sims=1068 loop=1048 best_avg=-0.900161 best_move=3,5 leader=3 inc2=1 attack_w=0.25
DBG t=99 used=0.015 remain=0.015 turn_time=0.015 end_in=0.014 depth=0 dec=2 cand_cap=20 cand=50->20 pick(must/bucket/top/rand)=1/7/8/4 sims=18896 loop=18876 best_avg=-0.736455 best_move=2,3 leader=2 inc2=1 attack_w=0.25
DBG summary depth_safety_fired=4
Score = 128381
=== CASE 0156.txt ===
DBG hdr N=10 M=8 T=100 U=5 VMAX=1060 TIME_LIMIT=1.94 MAX_CAND=20 UCB_C=0.21
DBG t=0 used=0.02 remain=1.94 turn_time=0.0194 end_in=0.0194 depth=7 dec=0 cand_cap=20 cand=5->5 pick(must/bucket/top/rand)=1/2/2/0 sims=2465 loop=2460 best_avg=-0.426224 best_move=1,7 leader=2 inc2=1 attack_w=0.570588
DBG t=12 used=0.02 remain=1.7 turn_time=0.0193182 end_in=0.0193182 depth=7 dec=0 cand_cap=20 cand=17->17 pick(must/bucket/top/rand)=1/4/11/1 sims=1561 loop=1544 best_avg=-0.359508 best_move=3,5 leader=7 inc2=1 attack_w=0.499852
DBG t=24 used=0.02 remain=1.46 turn_time=0.0192105 end_in=0.0192105 depth=7 dec=0 cand_cap=20 cand=23->20 pick(must/bucket/top/rand)=1/8/7/4 sims=1320 loop=1300 best_avg=-0.436931 best_move=1,9 leader=4 inc2=1 attack_w=0.291827
DBG t=37 used=0.02 remain=1.2 turn_time=0.0190476 end_in=0.0190476 depth=10 dec=0 cand_cap=20 cand=25->20 pick(must/bucket/top/rand)=1/6/9/4 sims=900 loop=880 best_avg=-0.756862 best_move=3,6 leader=4 inc2=1 attack_w=0.94295
DBG t=49 used=0.019 remain=0.968 turn_time=0.0189804 end_in=0.0189804 depth=10 dec=0 cand_cap=20 cand=30->20 pick(must/bucket/top/rand)=1/8/7/4 sims=848 loop=828 best_avg=-0.735772 best_move=4,4 leader=4 inc2=1 attack_w=1
DBG t=61 used=0.019 remain=0.74 turn_time=0.0189744 end_in=0.0189744 depth=10 dec=0 cand_cap=20 cand=25->20 pick(must/bucket/top/rand)=1/4/11/4 sims=940 loop=920 best_avg=-0.618319 best_move=3,6 leader=4 inc2=1 attack_w=1
DBG t=74 used=0.019 remain=0.493 turn_time=0.0189615 end_in=0.0189615 depth=11 dec=0 cand_cap=20 cand=19->19 pick(must/bucket/top/rand)=1/4/11/3 sims=755 loop=736 best_avg=-0.551938 best_move=3,6 leader=4 inc2=1 attack_w=0.576078
DBG t=86 used=0.019 remain=0.265 turn_time=0.0189286 end_in=0.0189286 depth=11 dec=0 cand_cap=20 cand=21->20 pick(must/bucket/top/rand)=1/5/10/4 sims=708 loop=688 best_avg=-0.665671 best_move=1,7 leader=4 inc2=1 attack_w=0.25
DBG t=99 used=0.017 remain=0.017 turn_time=0.017 end_in=0.016 depth=0 dec=1 cand_cap=20 cand=26->20 pick(must/bucket/top/rand)=1/4/11/4 sims=12408 loop=12388 best_avg=-0.250334 best_move=0,6 leader=4 inc2=1 attack_w=0.25
DBG summary depth_safety_fired=6
Score = 114526
=== CASE 0161.txt ===
DBG hdr N=10 M=4 T=100 U=4 VMAX=1629 TIME_LIMIT=1.94 MAX_CAND=20 UCB_C=0.21
DBG t=0 used=0.02 remain=1.94 turn_time=0.0194 end_in=0.0194 depth=7 dec=0 cand_cap=20 cand=4->4 pick(must/bucket/top/rand)=1/2/1/0 sims=3536 loop=3532 best_avg=-1.19867 best_move=4,5 leader=3 inc2=0 attack_w=0.15
DBG t=12 used=0.02 remain=1.7 turn_time=0.0193182 end_in=0.0193182 depth=7 dec=0 cand_cap=20 cand=12->12 pick(must/bucket/top/rand)=1/6/5/0 sims=3216 loop=3204 best_avg=-1.12191 best_move=5,5 leader=3 inc2=0 attack_w=0.536116
DBG t=24 used=0.02 remain=1.46 turn_time=0.0192105 end_in=0.0192105 depth=7 dec=0 cand_cap=20 cand=23->20 pick(must/bucket/top/rand)=1/5/10/4 sims=2464 loop=2444 best_avg=-1.08076 best_move=6,2 leader=2 inc2=0 attack_w=0.464378
DBG t=37 used=0.02 remain=1.2 turn_time=0.0190476 end_in=0.0190476 depth=10 dec=0 cand_cap=20 cand=27->20 pick(must/bucket/top/rand)=1/6/9/4 sims=1356 loop=1336 best_avg=-0.90793 best_move=9,4 leader=2 inc2=0 attack_w=0.25
DBG t=49 used=0.019 remain=0.968 turn_time=0.0189804 end_in=0.0189804 depth=10 dec=0 cand_cap=20 cand=33->20 pick(must/bucket/top/rand)=1/7/8/4 sims=1276 loop=1256 best_avg=-0.978364 best_move=9,4 leader=1 inc2=1 attack_w=0.25
DBG t=61 used=0.019 remain=0.74 turn_time=0.0189744 end_in=0.0189744 depth=10 dec=0 cand_cap=20 cand=37->20 pick(must/bucket/top/rand)=1/6/9/4 sims=1268 loop=1248 best_avg=-1.02741 best_move=5,1 leader=1 inc2=0 attack_w=0.356037
DBG t=74 used=0.019 remain=0.493 turn_time=0.0189615 end_in=0.0189615 depth=11 dec=0 cand_cap=20 cand=37->20 pick(must/bucket/top/rand)=1/8/7/4 sims=1020 loop=1000 best_avg=-1.05338 best_move=7,3 leader=1 inc2=1 attack_w=0.25
DBG t=86 used=0.019 remain=0.265 turn_time=0.0189286 end_in=0.0189286 depth=11 dec=0 cand_cap=20 cand=36->20 pick(must/bucket/top/rand)=1/6/9/4 sims=1024 loop=1004 best_avg=-1.12697 best_move=4,5 leader=1 inc2=0 attack_w=0.598832
DBG t=99 used=0.016 remain=0.016 turn_time=0.016 end_in=0.015 depth=0 dec=1 cand_cap=20 cand=40->20 pick(must/bucket/top/rand)=1/8/7/4 sims=19684 loop=19664 best_avg=-1.09255 best_move=4,5 leader=1 inc2=1 attack_w=0.527808
DBG summary depth_safety_fired=11
Score = 100463
=== CASE 0160.txt ===
DBG hdr N=10 M=3 T=100 U=5 VMAX=2109 TIME_LIMIT=1.94 MAX_CAND=20 UCB_C=0.21
DBG t=0 used=0.02 remain=1.94 turn_time=0.0194 end_in=0.0194 depth=7 dec=0 cand_cap=20 cand=5->5 pick(must/bucket/top/rand)=1/2/2/0 sims=4081 loop=4076 best_avg=-1.34468 best_move=5,6 leader=2 inc2=1 attack_w=1
DBG t=12 used=0.02 remain=1.7 turn_time=0.0193182 end_in=0.0193182 depth=7 dec=0 cand_cap=20 cand=21->20 pick(must/bucket/top/rand)=1/8/7/4 sims=3036 loop=3016 best_avg=-1.20586 best_move=6,5 leader=2 inc2=1 attack_w=0.25
DBG t=24 used=0.02 remain=1.46 turn_time=0.0192105 end_in=0.0192105 depth=7 dec=0 cand_cap=20 cand=22->20 pick(must/bucket/top/rand)=1/8/7/4 sims=2516 loop=2496 best_avg=-1.09642 best_move=6,5 leader=2 inc2=1 attack_w=0.25
DBG t=37 used=0.02 remain=1.2 turn_time=0.0190476 end_in=0.0190476 depth=10 dec=0 cand_cap=20 cand=25->20 pick(must/bucket/top/rand)=1/8/7/4 sims=1708 loop=1688 best_avg=-1.15448 best_move=3,3 leader=1 inc2=1 attack_w=0.313067
DBG t=49 used=0.019 remain=0.968 turn_time=0.0189804 end_in=0.0189804 depth=10 dec=0 cand_cap=20 cand=32->20 pick(must/bucket/top/rand)=1/7/8/4 sims=1724 loop=1704 best_avg=-1.39172 best_move=3,5 leader=1 inc2=1 attack_w=0.25
DBG t=61 used=0.019 remain=0.74 turn_time=0.0189744 end_in=0.0189744 depth=10 dec=0 cand_cap=20 cand=31->20 pick(must/bucket/top/rand)=1/8/7/4 sims=1552 loop=1532 best_avg=-1.12681 best_move=8,5 leader=2 inc2=1 attack_w=0.25
DBG t=74 used=0.019 remain=0.493 turn_time=0.0189615 end_in=0.0189615 depth=11 dec=0 cand_cap=20 cand=9->9 pick(must/bucket/top/rand)=1/7/1/0 sims=1721 loop=1712 best_avg=-1.54484 best_move=7,5 leader=2 inc2=1 attack_w=1
DBG t=86 used=0.019 remain=0.265 turn_time=0.0189286 end_in=0.0189286 depth=11 dec=0 cand_cap=20 cand=21->20 pick(must/bucket/top/rand)=1/8/7/4 sims=1812 loop=1792 best_avg=-1.75517 best_move=8,6 leader=2 inc2=1 attack_w=1
DBG t=99 used=0.017 remain=0.017 turn_time=0.017 end_in=0.016 depth=0 dec=1 cand_cap=20 cand=24->20 pick(must/bucket/top/rand)=1/7/8/4 sims=32068 loop=32048 best_avg=-1.82983 best_move=6,5 leader=1 inc2=1 attack_w=1
DBG summary depth_safety_fired=1
Score = 87602
=== CASE 0164.txt ===
DBG hdr N=10 M=3 T=100 U=1 VMAX=2075 TIME_LIMIT=1.94 MAX_CAND=20 UCB_C=0.21
DBG t=0 used=0.02 remain=1.94 turn_time=0.0194 end_in=0.0194 depth=7 dec=0 cand_cap=20 cand=5->5 pick(must/bucket/top/rand)=1/2/2/0 sims=4545 loop=4540 best_avg=-2.12267 best_move=7,3 leader=1 inc2=1 attack_w=0.836004
DBG t=12 used=0.02 remain=1.7 turn_time=0.0193182 end_in=0.0193182 depth=7 dec=0 cand_cap=20 cand=10->10 pick(must/bucket/top/rand)=1/6/3/0 sims=3562 loop=3552 best_avg=-1.95618 best_move=9,8 leader=2 inc2=1 attack_w=1
DBG t=24 used=0.02 remain=1.46 turn_time=0.0192105 end_in=0.0192105 depth=7 dec=0 cand_cap=20 cand=12->12 pick(must/bucket/top/rand)=1/4/7/0 sims=3684 loop=3672 best_avg=-1.60646 best_move=9,4 leader=2 inc2=1 attack_w=0.703114
DBG t=37 used=0.02 remain=1.2 turn_time=0.0190476 end_in=0.0190476 depth=10 dec=0 cand_cap=20 cand=25->20 pick(must/bucket/top/rand)=1/5/10/4 sims=1908 loop=1888 best_avg=-0.707326 best_move=7,2 leader=1 inc2=1 attack_w=0.589385
DBG t=49 used=0.019 remain=0.968 turn_time=0.0189804 end_in=0.0189804 depth=10 dec=0 cand_cap=20 cand=37->20 pick(must/bucket/top/rand)=1/5/10/4 sims=1556 loop=1536 best_avg=-0.154524 best_move=7,7 leader=1 inc2=1 attack_w=0.25
DBG t=61 used=0.019 remain=0.74 turn_time=0.0189744 end_in=0.0189744 depth=10 dec=0 cand_cap=20 cand=13->13 pick(must/bucket/top/rand)=1/5/7/0 sims=1609 loop=1596 best_avg=0.375214 best_move=7,7 leader=1 inc2=1 attack_w=0.25
DBG t=74 used=0.019 remain=0.493 turn_time=0.0189615 end_in=0.0189615 depth=11 dec=0 cand_cap=20 cand=56->20 pick(must/bucket/top/rand)=1/4/11/4 sims=1264 loop=1244 best_avg=0.530582 best_move=7,1 leader=1 inc2=1 attack_w=0.25
DBG t=86 used=0.019 remain=0.265 turn_time=0.0189286 end_in=0.0189286 depth=11 dec=0 cand_cap=20 cand=66->20 pick(must/bucket/top/rand)=1/5/10/4 sims=1092 loop=1072 best_avg=0.650575 best_move=9,6 leader=1 inc2=1 attack_w=0.25
DBG t=99 used=0.018 remain=0.018 turn_time=0.018 end_in=0.017 depth=0 dec=0 cand_cap=20 cand=74->20 pick(must/bucket/top/rand)=1/3/12/4 sims=53048 loop=53028 best_avg=1.94883 best_move=8,7 leader=2 inc2=1 attack_w=0.15
DBG summary depth_safety_fired=0
Score = 485031
=== CASE 0162.txt ===
DBG hdr N=10 M=8 T=100 U=1 VMAX=1349 TIME_LIMIT=1.94 MAX_CAND=20 UCB_C=0.21
DBG t=0 used=0.02 remain=1.94 turn_time=0.0194 end_in=0.0194 depth=7 dec=0 cand_cap=20 cand=5->5 pick(must/bucket/top/rand)=1/2/2/0 sims=1913 loop=1908 best_avg=-0.656153 best_move=7,4 leader=5 inc2=1 attack_w=0.15
DBG t=12 used=0.02 remain=1.7 turn_time=0.0193182 end_in=0.0193182 depth=7 dec=0 cand_cap=20 cand=8->8 pick(must/bucket/top/rand)=1/2/5/0 sims=1772 loop=1764 best_avg=-0.482011 best_move=5,6 leader=6 inc2=1 attack_w=0.400972
DBG t=24 used=0.02 remain=1.46 turn_time=0.0192105 end_in=0.0192105 depth=7 dec=0 cand_cap=20 cand=23->20 pick(must/bucket/top/rand)=1/4/11/4 sims=1620 loop=1600 best_avg=-0.249237 best_move=3,9 leader=5 inc2=1 attack_w=0.57766
DBG t=37 used=0.02 remain=1.2 turn_time=0.0190476 end_in=0.0190476 depth=10 dec=0 cand_cap=20 cand=16->16 pick(must/bucket/top/rand)=1/5/10/0 sims=996 loop=980 best_avg=-0.0982062 best_move=4,3 leader=2 inc2=1 attack_w=0.25
DBG t=49 used=0.019 remain=0.968 turn_time=0.0189804 end_in=0.0189804 depth=10 dec=0 cand_cap=20 cand=35->20 pick(must/bucket/top/rand)=1/6/9/4 sims=764 loop=744 best_avg=0.329969 best_move=2,4 leader=5 inc2=1 attack_w=0.25
DBG t=61 used=0.019 remain=0.74 turn_time=0.0189744 end_in=0.0189744 depth=10 dec=0 cand_cap=20 cand=60->20 pick(must/bucket/top/rand)=1/6/9/4 sims=848 loop=828 best_avg=0.695187 best_move=6,1 leader=6 inc2=1 attack_w=0.25
DBG t=74 used=0.019 remain=0.493 turn_time=0.0189615 end_in=0.0189615 depth=11 dec=0 cand_cap=20 cand=66->20 pick(must/bucket/top/rand)=1/4/11/4 sims=688 loop=668 best_avg=1.06425 best_move=1,6 leader=3 inc2=1 attack_w=0.25
DBG t=86 used=0.019 remain=0.265 turn_time=0.0189286 end_in=0.0189286 depth=11 dec=0 cand_cap=20 cand=68->20 pick(must/bucket/top/rand)=1/6/9/4 sims=688 loop=668 best_avg=1.20674 best_move=4,9 leader=2 inc2=1 attack_w=0.25
DBG t=99 used=0.018 remain=0.018 turn_time=0.018 end_in=0.017 depth=0 dec=0 cand_cap=20 cand=79->20 pick(must/bucket/top/rand)=1/6/9/4 sims=26384 loop=26364 best_avg=1.58837 best_move=6,4 leader=2 inc2=1 attack_w=0.25
DBG summary depth_safety_fired=0
Score = 300182
=== CASE 0163.txt ===
DBG hdr N=10 M=3 T=100 U=5 VMAX=2231 TIME_LIMIT=1.94 MAX_CAND=20 UCB_C=0.21
DBG t=0 used=0.02 remain=1.94 turn_time=0.0194 end_in=0.0194 depth=7 dec=0 cand_cap=20 cand=5->5 pick(must/bucket/top/rand)=1/2/2/0 sims=4081 loop=4076 best_avg=-2.19509 best_move=7,8 leader=2 inc2=1 attack_w=1
DBG t=12 used=0.02 remain=1.7 turn_time=0.0193182 end_in=0.0193182 depth=7 dec=0 cand_cap=20 cand=28->20 pick(must/bucket/top/rand)=1/6/9/4 sims=3520 loop=3500 best_avg=-1.54863 best_move=2,4 leader=2 inc2=1 attack_w=1
DBG t=24 used=0.02 remain=1.46 turn_time=0.0192105 end_in=0.0192105 depth=7 dec=0 cand_cap=20 cand=32->20 pick(must/bucket/top/rand)=1/7/8/4 sims=3520 loop=3500 best_avg=-1.04397 best_move=1,4 leader=2 inc2=1 attack_w=0.25
DBG t=37 used=0.02 remain=1.2 turn_time=0.0190476 end_in=0.0190476 depth=10 dec=0 cand_cap=20 cand=35->20 pick(must/bucket/top/rand)=1/6/9/4 sims=1892 loop=1872 best_avg=-0.940571 best_move=0,5 leader=2 inc2=1 attack_w=0.25
DBG t=49 used=0.019 remain=0.968 turn_time=0.0189804 end_in=0.0189804 depth=10 dec=0 cand_cap=20 cand=41->20 pick(must/bucket/top/rand)=1/7/8/4 sims=1960 loop=1940 best_avg=-0.823524 best_move=2,2 leader=2 inc2=1 attack_w=0.25
DBG t=61 used=0.019 remain=0.74 turn_time=0.0189744 end_in=0.0189744 depth=10 dec=0 cand_cap=20 cand=45->20 pick(must/bucket/top/rand)=1/6/9/4 sims=1844 loop=1824 best_avg=-0.724453 best_move=0,4 leader=2 inc2=1 attack_w=0.25
DBG t=74 used=0.019 remain=0.493 turn_time=0.0189615 end_in=0.0189615 depth=11 dec=0 cand_cap=20 cand=49->20 pick(must/bucket/top/rand)=1/7/8/4 sims=1484 loop=1464 best_avg=-0.566438 best_move=1,3 leader=2 inc2=1 attack_w=0.25
DBG t=86 used=0.019 remain=0.265 turn_time=0.0189286 end_in=0.0189286 depth=11 dec=0 cand_cap=20 cand=52->20 pick(must/bucket/top/rand)=1/8/7/4 sims=1456 loop=1436 best_avg=-0.368685 best_move=1,3 leader=2 inc2=1 attack_w=0.25
DBG t=99 used=0.018 remain=0.018 turn_time=0.018 end_in=0.017 depth=0 dec=0 cand_cap=20 cand=52->20 pick(must/bucket/top/rand)=1/8/7/4 sims=42252 loop=42232 best_avg=-0.300371 best_move=1,4 leader=2 inc2=1 attack_w=0.25
DBG summary depth_safety_fired=0
Score = 215399
=== CASE 0165.txt ===
DBG hdr N=10 M=2 T=100 U=3 VMAX=1868 TIME_LIMIT=1.94 MAX_CAND=20 UCB_C=0.21
DBG t=0 used=0.02 remain=1.94 turn_time=0.0194 end_in=0.0194 depth=7 dec=0 cand_cap=20 cand=5->5 pick(must/bucket/top/rand)=1/2/2/0 sims=5497 loop=5492 best_avg=-2.59735 best_move=2,0 leader=1 inc2=1 attack_w=0.15
DBG t=12 used=0.02 remain=1.7 turn_time=0.0193182 end_in=0.0193182 depth=7 dec=0 cand_cap=20 cand=18->18 pick(must/bucket/top/rand)=1/3/12/2 sims=5254 loop=5236 best_avg=-2.78786 best_move=6,3 leader=1 inc2=1 attack_w=0.25
DBG t=24 used=0.02 remain=1.46 turn_time=0.0192105 end_in=0.0192105 depth=7 dec=0 cand_cap=20 cand=25->20 pick(must/bucket/top/rand)=1/7/8/4 sims=3956 loop=3936 best_avg=-2.4948 best_move=5,3 leader=1 inc2=1 attack_w=0.25
DBG t=37 used=0.02 remain=1.2 turn_time=0.0190476 end_in=0.0190476 depth=10 dec=0 cand_cap=20 cand=5->5 pick(must/bucket/top/rand)=1/4/0/0 sims=2433 loop=2428 best_avg=-2.53054 best_move=5,3 leader=1 inc2=1 attack_w=0.25
DBG t=49 used=0.019 remain=0.968 turn_time=0.0189804 end_in=0.0189804 depth=10 dec=0 cand_cap=20 cand=37->20 pick(must/bucket/top/rand)=1/8/7/4 sims=2008 loop=1988 best_avg=-2.361 best_move=6,2 leader=1 inc2=1 attack_w=0.25
DBG t=61 used=0.019 remain=0.74 turn_time=0.0189744 end_in=0.0189744 depth=10 dec=0 cand_cap=20 cand=40->20 pick(must/bucket/top/rand)=1/5/10/4 sims=2024 loop=2004 best_avg=-2.31452 best_move=6,2 leader=1 inc2=1 attack_w=0.25
DBG t=74 used=0.019 remain=0.493 turn_time=0.0189615 end_in=0.0189615 depth=11 dec=0 cand_cap=20 cand=38->20 pick(must/bucket/top/rand)=1/7/8/4 sims=1812 loop=1792 best_avg=-2.11463 best_move=6,1 leader=1 inc2=1 attack_w=0.25
DBG t=86 used=0.019 remain=0.265 turn_time=0.0189286 end_in=0.0189286 depth=11 dec=0 cand_cap=20 cand=39->20 pick(must/bucket/top/rand)=1/7/8/4 sims=1944 loop=1924 best_avg=-2.30541 best_move=5,2 leader=1 inc2=1 attack_w=0.25
DBG t=99 used=0.018 remain=0.018 turn_time=0.018 end_in=0.017 depth=0 dec=0 cand_cap=20 cand=36->20 pick(must/bucket/top/rand)=1/6/9/4 sims=55884 loop=55864 best_avg=-1.5046 best_move=6,2 leader=1 inc2=1 attack_w=0.25
DBG summary depth_safety_fired=0
Score = 220161
=== CASE 0167.txt ===
DBG hdr N=10 M=8 T=100 U=2 VMAX=1766 TIME_LIMIT=1.94 MAX_CAND=20 UCB_C=0.21
DBG t=0 used=0.02 remain=1.94 turn_time=0.0194 end_in=0.0194 depth=7 dec=0 cand_cap=20 cand=4->4 pick(must/bucket/top/rand)=1/2/1/0 sims=2088 loop=2084 best_avg=-0.932972 best_move=0,4 leader=2 inc2=1 attack_w=0.15
DBG t=12 used=0.02 remain=1.7 turn_time=0.0193182 end_in=0.0193182 depth=7 dec=0 cand_cap=20 cand=12->12 pick(must/bucket/top/rand)=1/3/8/0 sims=1612 loop=1600 best_avg=-0.947583 best_move=1,2 leader=2 inc2=1 attack_w=1
DBG t=24 used=0.02 remain=1.46 turn_time=0.0192105 end_in=0.0192105 depth=7 dec=0 cand_cap=20 cand=20->20 pick(must/bucket/top/rand)=1/3/12/4 sims=1348 loop=1328 best_avg=-0.895679 best_move=2,4 leader=2 inc2=1 attack_w=1
DBG t=37 used=0.02 remain=1.2 turn_time=0.0190476 end_in=0.0190476 depth=10 dec=0 cand_cap=20 cand=23->20 pick(must/bucket/top/rand)=1/5/10/4 sims=896 loop=876 best_avg=-0.798218 best_move=4,5 leader=2 inc2=1 attack_w=1
DBG t=49 used=0.019 remain=0.968 turn_time=0.0189804 end_in=0.0189804 depth=10 dec=0 cand_cap=20 cand=27->20 pick(must/bucket/top/rand)=1/6/9/4 sims=836 loop=816 best_avg=-0.532026 best_move=3,1 leader=2 inc2=1 attack_w=1
DBG t=61 used=0.019 remain=0.74 turn_time=0.0189744 end_in=0.0189744 depth=10 dec=0 cand_cap=20 cand=26->20 pick(must/bucket/top/rand)=1/5/10/4 sims=952 loop=932 best_avg=-0.282195 best_move=4,0 leader=5 inc2=1 attack_w=0.417709
DBG t=74 used=0.019 remain=0.493 turn_time=0.0189615 end_in=0.0189615 depth=11 dec=0 cand_cap=20 cand=24->20 pick(must/bucket/top/rand)=1/1/14/4 sims=820 loop=800 best_avg=-0.357465 best_move=1,3 leader=2 inc2=1 attack_w=0.612168
DBG t=86 used=0.019 remain=0.265 turn_time=0.0189286 end_in=0.0189286 depth=11 dec=0 cand_cap=20 cand=29->20 pick(must/bucket/top/rand)=1/2/13/4 sims=828 loop=808 best_avg=-0.0781545 best_move=3,5 leader=2 inc2=1 attack_w=0.25
DBG t=99 used=0.018 remain=0.018 turn_time=0.018 end_in=0.017 depth=0 dec=0 cand_cap=20 cand=39->20 pick(must/bucket/top/rand)=1/6/9/4 sims=14888 loop=14868 best_avg=-0.121027 best_move=7,6 leader=2 inc2=1 attack_w=0.25
DBG summary depth_safety_fired=0
Score = 123559
=== CASE 0166.txt ===
DBG hdr N=10 M=8 T=100 U=4 VMAX=1506 TIME_LIMIT=1.94 MAX_CAND=20 UCB_C=0.21
DBG t=0 used=0.02 remain=1.94 turn_time=0.0194 end_in=0.0194 depth=7 dec=0 cand_cap=20 cand=5->5 pick(must/bucket/top/rand)=1/2/2/0 sims=2293 loop=2288 best_avg=-0.63517 best_move=2,7 leader=7 inc2=1 attack_w=1
DBG t=12 used=0.02 remain=1.7 turn_time=0.0193182 end_in=0.0193182 depth=7 dec=0 cand_cap=20 cand=18->18 pick(must/bucket/top/rand)=1/5/10/2 sims=1298 loop=1280 best_avg=-0.418778 best_move=4,6 leader=5 inc2=1 attack_w=0.865099
DBG t=24 used=0.02 remain=1.46 turn_time=0.0192105 end_in=0.0192105 depth=7 dec=0 cand_cap=20 cand=24->20 pick(must/bucket/top/rand)=1/7/8/4 sims=1352 loop=1332 best_avg=-0.452483 best_move=7,9 leader=5 inc2=1 attack_w=0.341635
DBG t=37 used=0.02 remain=1.2 turn_time=0.0190476 end_in=0.0190476 depth=10 dec=0 cand_cap=20 cand=29->20 pick(must/bucket/top/rand)=1/4/11/4 sims=1028 loop=1008 best_avg=-0.349767 best_move=4,8 leader=3 inc2=1 attack_w=0.25
DBG t=49 used=0.019 remain=0.968 turn_time=0.0189804 end_in=0.0189804 depth=10 dec=0 cand_cap=20 cand=29->20 pick(must/bucket/top/rand)=1/6/9/4 sims=956 loop=936 best_avg=-0.318404 best_move=6,6 leader=3 inc2=1 attack_w=0.25
DBG t=61 used=0.019 remain=0.74 turn_time=0.0189744 end_in=0.0189744 depth=10 dec=0 cand_cap=20 cand=34->20 pick(must/bucket/top/rand)=1/4/11/4 sims=928 loop=908 best_avg=-0.252439 best_move=3,4 leader=1 inc2=1 attack_w=0.25
DBG t=74 used=0.019 remain=0.493 turn_time=0.0189615 end_in=0.0189615 depth=11 dec=0 cand_cap=20 cand=44->20 pick(must/bucket/top/rand)=1/6/9/4 sims=828 loop=808 best_avg=-0.0996413 best_move=6,6 leader=1 inc2=1 attack_w=0.25
DBG t=86 used=0.019 remain=0.265 turn_time=0.0189286 end_in=0.0189286 depth=11 dec=0 cand_cap=20 cand=46->20 pick(must/bucket/top/rand)=1/8/7/4 sims=816 loop=796 best_avg=-0.189029 best_move=6,9 leader=1 inc2=1 attack_w=0.25
DBG t=99 used=0.018 remain=0.018 turn_time=0.018 end_in=0.017 depth=0 dec=0 cand_cap=20 cand=49->20 pick(must/bucket/top/rand)=1/6/9/4 sims=18792 loop=18772 best_avg=-0.0436271 best_move=0,4 leader=1 inc2=1 attack_w=0.25
DBG summary depth_safety_fired=0
Score = 133042
=== CASE 0169.txt ===
DBG hdr N=10 M=6 T=100 U=1 VMAX=2754 TIME_LIMIT=1.94 MAX_CAND=20 UCB_C=0.21
DBG t=0 used=0.02 remain=1.94 turn_time=0.0194 end_in=0.0194 depth=7 dec=0 cand_cap=20 cand=4->4 pick(must/bucket/top/rand)=1/2/1/0 sims=2404 loop=2400 best_avg=-0.527197 best_move=2,1 leader=3 inc2=1 attack_w=1
DBG t=12 used=0.02 remain=1.7 turn_time=0.0193182 end_in=0.0193182 depth=7 dec=0 cand_cap=20 cand=11->11 pick(must/bucket/top/rand)=1/5/5/0 sims=1735 loop=1724 best_avg=-0.792026 best_move=5,1 leader=4 inc2=1 attack_w=0.482032
DBG t=24 used=0.02 remain=1.46 turn_time=0.0192105 end_in=0.0192105 depth=7 dec=0 cand_cap=20 cand=27->20 pick(must/bucket/top/rand)=1/4/11/4 sims=1424 loop=1404 best_avg=-0.830369 best_move=7,3 leader=4 inc2=1 attack_w=0.670967
DBG t=37 used=0.02 remain=1.2 turn_time=0.0190476 end_in=0.0190476 depth=10 dec=0 cand_cap=20 cand=8->8 pick(must/bucket/top/rand)=1/2/5/0 sims=1020 loop=1012 best_avg=-0.364113 best_move=7,2 leader=5 inc2=1 attack_w=0.25
DBG t=49 used=0.019 remain=0.968 turn_time=0.0189804 end_in=0.0189804 depth=10 dec=0 cand_cap=20 cand=9->9 pick(must/bucket/top/rand)=1/4/4/0 sims=901 loop=892 best_avg=0.107261 best_move=9,5 leader=4 inc2=1 attack_w=0.25
DBG t=61 used=0.019 remain=0.74 turn_time=0.0189744 end_in=0.0189744 depth=10 dec=0 cand_cap=20 cand=52->20 pick(must/bucket/top/rand)=1/6/9/4 sims=832 loop=812 best_avg=0.2246 best_move=3,5 leader=5 inc2=1 attack_w=0.25
DBG t=74 used=0.019 remain=0.49 turn_time=0.0188462 end_in=0.0188462 depth=11 dec=0 cand_cap=20 cand=55->20 pick(must/bucket/top/rand)=1/6/9/4 sims=668 loop=648 best_avg=0.400807 best_move=8,3 leader=2 inc2=1 attack_w=0.25
DBG t=86 used=0.019 remain=0.262 turn_time=0.0187143 end_in=0.0187143 depth=11 dec=0 cand_cap=20 cand=69->20 pick(must/bucket/top/rand)=1/6/9/4 sims=688 loop=668 best_avg=0.637827 best_move=4,1 leader=5 inc2=1 attack_w=0.25
DBG t=99 used=0.017 remain=0.017 turn_time=0.017 end_in=0.016 depth=0 dec=1 cand_cap=20 cand=70->20 pick(must/bucket/top/rand)=1/6/9/4 sims=26032 loop=26012 best_avg=1.0223 best_move=7,1 leader=5 inc2=1 attack_w=0.25
DBG summary depth_safety_fired=4
Score = 257484
=== CASE 0168.txt ===
DBG hdr N=10 M=5 T=100 U=4 VMAX=1457 TIME_LIMIT=1.94 MAX_CAND=20 UCB_C=0.21
DBG t=0 used=0.02 remain=1.94 turn_time=0.0194 end_in=0.0194 depth=7 dec=0 cand_cap=20 cand=5->5 pick(must/bucket/top/rand)=1/2/2/0 sims=3325 loop=3320 best_avg=-1.05454 best_move=6,8 leader=3 inc2=1 attack_w=1
DBG t=12 used=0.02 remain=1.7 turn_time=0.0193182 end_in=0.0193182 depth=7 dec=0 cand_cap=20 cand=10->10 pick(must/bucket/top/rand)=1/7/2/0 sims=2306 loop=2296 best_avg=-0.749679 best_move=4,7 leader=1 inc2=1 attack_w=0.312212
DBG t=24 used=0.02 remain=1.46 turn_time=0.0192105 end_in=0.0192105 depth=7 dec=0 cand_cap=20 cand=12->12 pick(must/bucket/top/rand)=1/5/6/0 sims=2380 loop=2368 best_avg=-1.06204 best_move=4,6 leader=1 inc2=0 attack_w=1
DBG t=37 used=0.02 remain=1.2 turn_time=0.0190476 end_in=0.0190476 depth=10 dec=0 cand_cap=20 cand=20->20 pick(must/bucket/top/rand)=1/7/8/4 sims=1956 loop=1936 best_avg=-0.646907 best_move=2,8 leader=1 inc2=1 attack_w=0.25
DBG t=49 used=0.019 remain=0.968 turn_time=0.0189804 end_in=0.0189804 depth=10 dec=0 cand_cap=20 cand=23->20 pick(must/bucket/top/rand)=1/6/9/4 sims=1664 loop=1644 best_avg=-0.630276 best_move=5,7 leader=1 inc2=1 attack_w=0.25
DBG t=61 used=0.019 remain=0.74 turn_time=0.0189744 end_in=0.0189744 depth=10 dec=0 cand_cap=20 cand=32->20 pick(must/bucket/top/rand)=1/7/8/4 sims=1456 loop=1436 best_avg=-0.42192 best_move=2,7 leader=1 inc2=0 attack_w=0.25
DBG t=74 used=0.019 remain=0.49 turn_time=0.0188462 end_in=0.0188462 depth=11 dec=0 cand_cap=20 cand=35->20 pick(must/bucket/top/rand)=1/7/8/4 sims=1460 loop=1440 best_avg=-0.188861 best_move=6,6 leader=1 inc2=0 attack_w=0.25
DBG t=86 used=0.019 remain=0.262 turn_time=0.0187143 end_in=0.0187143 depth=11 dec=0 cand_cap=20 cand=35->20 pick(must/bucket/top/rand)=1/8/7/4 sims=1328 loop=1308 best_avg=-0.132694 best_move=3,7 leader=1 inc2=1 attack_w=0.25
DBG t=99 used=0.017 remain=0.017 turn_time=0.017 end_in=0.016 depth=0 dec=1 cand_cap=20 cand=44->20 pick(must/bucket/top/rand)=1/7/8/4 sims=29060 loop=29040 best_avg=0.15491 best_move=1,7 leader=1 inc2=1 attack_w=0.25
DBG summary depth_safety_fired=4
Score = 181142
=== CASE 0170.txt ===
DBG hdr N=10 M=5 T=100 U=2 VMAX=1568 TIME_LIMIT=1.94 MAX_CAND=20 UCB_C=0.21
DBG t=0 used=0.02 remain=1.94 turn_time=0.0194 end_in=0.0194 depth=7 dec=0 cand_cap=20 cand=5->5 pick(must/bucket/top/rand)=1/2/2/0 sims=3153 loop=3148 best_avg=-0.968816 best_move=2,9 leader=3 inc2=1 attack_w=1
DBG t=12 used=0.02 remain=1.7 turn_time=0.0193182 end_in=0.0193182 depth=7 dec=0 cand_cap=20 cand=15->15 pick(must/bucket/top/rand)=1/3/11/0 sims=2111 loop=2096 best_avg=-0.785009 best_move=4,7 leader=2 inc2=1 attack_w=0.605664
DBG t=24 used=0.02 remain=1.46 turn_time=0.0192105 end_in=0.0192105 depth=7 dec=0 cand_cap=20 cand=29->20 pick(must/bucket/top/rand)=1/6/9/4 sims=1808 loop=1788 best_avg=-0.787982 best_move=4,7 leader=2 inc2=1 attack_w=0.33076
DBG t=37 used=0.02 remain=1.2 turn_time=0.0190476 end_in=0.0190476 depth=10 dec=0 cand_cap=20 cand=38->20 pick(must/bucket/top/rand)=1/6/9/4 sims=1076 loop=1056 best_avg=-0.823629 best_move=6,7 leader=2 inc2=1 attack_w=0.25
DBG t=49 used=0.019 remain=0.968 turn_time=0.0189804 end_in=0.0189804 depth=10 dec=0 cand_cap=20 cand=36->20 pick(must/bucket/top/rand)=1/7/8/4 sims=1044 loop=1024 best_avg=-0.829624 best_move=5,6 leader=2 inc2=1 attack_w=0.255911
DBG t=61 used=0.019 remain=0.74 turn_time=0.0189744 end_in=0.0189744 depth=10 dec=0 cand_cap=20 cand=32->20 pick(must/bucket/top/rand)=1/7/8/4 sims=880 loop=860 best_avg=-1.07063 best_move=6,7 leader=2 inc2=1 attack_w=0.921218
DBG t=74 used=0.019 remain=0.489 turn_time=0.0188077 end_in=0.0188077 depth=11 dec=0 cand_cap=20 cand=36->20 pick(must/bucket/top/rand)=1/6/9/4 sims=736 loop=716 best_avg=-0.971542 best_move=5,6 leader=2 inc2=1 attack_w=1
DBG t=86 used=0.019 remain=0.261 turn_time=0.0186429 end_in=0.0186429 depth=11 dec=0 cand_cap=20 cand=34->20 pick(must/bucket/top/rand)=1/6/9/4 sims=760 loop=740 best_avg=-0.897076 best_move=2,8 leader=2 inc2=1 attack_w=1
DBG t=99 used=0.017 remain=0.017 turn_time=0.017 end_in=0.016 depth=0 dec=1 cand_cap=20 cand=31->20 pick(must/bucket/top/rand)=1/6/9/4 sims=16348 loop=16328 best_avg=-0.876693 best_move=5,5 leader=4 inc2=1 attack_w=0.924123
DBG summary depth_safety_fired=5
Score = 94668
=== CASE 0171.txt ===
DBG hdr N=10 M=2 T=100 U=2 VMAX=1330 TIME_LIMIT=1.94 MAX_CAND=20 UCB_C=0.21
DBG t=0 used=0.02 remain=1.94 turn_time=0.0194 end_in=0.0194 depth=7 dec=0 cand_cap=20 cand=4->4 pick(must/bucket/top/rand)=1/2/1/0 sims=5796 loop=5792 best_avg=-2.86015 best_move=0,6 leader=1 inc2=1 attack_w=0.15
DBG t=12 used=0.02 remain=1.7 turn_time=0.0193182 end_in=0.0193182 depth=7 dec=0 cand_cap=20 cand=22->20 pick(must/bucket/top/rand)=1/8/7/4 sims=3932 loop=3912 best_avg=-2.36355 best_move=2,7 leader=1 inc2=1 attack_w=0.25
DBG t=24 used=0.02 remain=1.46 turn_time=0.0192105 end_in=0.0192105 depth=7 dec=0 cand_cap=20 cand=32->20 pick(must/bucket/top/rand)=1/7/8/4 sims=3768 loop=3748 best_avg=-2.08296 best_move=2,6 leader=1 inc2=1 attack_w=0.25
DBG t=37 used=0.02 remain=1.2 turn_time=0.0190476 end_in=0.0190476 depth=10 dec=0 cand_cap=20 cand=34->20 pick(must/bucket/top/rand)=1/6/9/4 sims=2496 loop=2476 best_avg=-1.91297 best_move=3,4 leader=1 inc2=1 attack_w=0.25
DBG t=49 used=0.019 remain=0.968 turn_time=0.0189804 end_in=0.0189804 depth=10 dec=0 cand_cap=20 cand=34->20 pick(must/bucket/top/rand)=1/6/9/4 sims=2356 loop=2336 best_avg=-1.91868 best_move=3,4 leader=1 inc2=1 attack_w=0.25
DBG t=61 used=0.019 remain=0.74 turn_time=0.0189744 end_in=0.0189744 depth=10 dec=0 cand_cap=20 cand=34->20 pick(must/bucket/top/rand)=1/6/9/4 sims=2104 loop=2084 best_avg=-1.80302 best_move=2,6 leader=1 inc2=1 attack_w=0.25
DBG t=74 used=0.019 remain=0.489 turn_time=0.0188077 end_in=0.0188077 depth=11 dec=0 cand_cap=20 cand=34->20 pick(must/bucket/top/rand)=1/6/9/4 sims=1880 loop=1860 best_avg=-1.85466 best_move=2,6 leader=1 inc2=1 attack_w=0.25
DBG t=86 used=0.019 remain=0.261 turn_time=0.0186429 end_in=0.0186429 depth=11 dec=0 cand_cap=20 cand=34->20 pick(must/bucket/top/rand)=1/6/9/4 sims=2028 loop=2008 best_avg=-1.72049 best_move=3,5 leader=1 inc2=1 attack_w=0.25
DBG t=99 used=0.017 remain=0.017 turn_time=0.017 end_in=0.016 depth=0 dec=1 cand_cap=20 cand=34->20 pick(must/bucket/top/rand)=1/7/8/4 sims=62320 loop=62300 best_avg=0.199502 best_move=2,5 leader=1 inc2=1 attack_w=0.15
DBG summary depth_safety_fired=5
Score = 378707
=== CASE 0172.txt ===
DBG hdr N=10 M=5 T=100 U=4 VMAX=1295 TIME_LIMIT=1.94 MAX_CAND=20 UCB_C=0.21
DBG t=0 used=0.02 remain=1.94 turn_time=0.0194 end_in=0.0194 depth=7 dec=0 cand_cap=20 cand=3->3 pick(must/bucket/top/rand)=1/2/0/0 sims=3131 loop=3128 best_avg=-0.885796 best_move=9,1 leader=3 inc2=1 attack_w=1
DBG t=12 used=0.02 remain=1.7 turn_time=0.0193182 end_in=0.0193182 depth=7 dec=0 cand_cap=20 cand=7->7 pick(must/bucket/top/rand)=1/2/4/0 sims=2535 loop=2528 best_avg=-1.0526 best_move=7,1 leader=1 inc2=1 attack_w=0.807143
DBG t=24 used=0.02 remain=1.46 turn_time=0.0192105 end_in=0.0192105 depth=7 dec=0 cand_cap=20 cand=11->11 pick(must/bucket/top/rand)=1/1/9/0 sims=2131 loop=2120 best_avg=-1.21784 best_move=8,1 leader=1 inc2=1 attack_w=1
DBG t=37 used=0.02 remain=1.2 turn_time=0.0190476 end_in=0.0190476 depth=10 dec=0 cand_cap=20 cand=12->12 pick(must/bucket/top/rand)=1/1/10/0 sims=1364 loop=1352 best_avg=-1.32066 best_move=6,1 leader=1 inc2=1 attack_w=1
DBG t=49 used=0.019 remain=0.968 turn_time=0.0189804 end_in=0.0189804 depth=10 dec=0 cand_cap=20 cand=15->15 pick(must/bucket/top/rand)=1/2/12/0 sims=1103 loop=1088 best_avg=-1.2113 best_move=8,2 leader=1 inc2=1 attack_w=1
DBG t=61 used=0.019 remain=0.74 turn_time=0.0189744 end_in=0.0189744 depth=10 dec=0 cand_cap=20 cand=26->20 pick(must/bucket/top/rand)=1/6/9/4 sims=920 loop=900 best_avg=-0.847936 best_move=8,7 leader=1 inc2=1 attack_w=1
DBG t=74 used=0.019 remain=0.489 turn_time=0.0188077 end_in=0.0188077 depth=11 dec=0 cand_cap=20 cand=32->20 pick(must/bucket/top/rand)=1/5/10/4 sims=796 loop=776 best_avg=-0.609786 best_move=6,9 leader=1 inc2=1 attack_w=0.294281
DBG t=86 used=0.019 remain=0.261 turn_time=0.0186429 end_in=0.0186429 depth=11 dec=0 cand_cap=20 cand=37->20 pick(must/bucket/top/rand)=1/6/9/4 sims=864 loop=844 best_avg=-0.596025 best_move=4,8 leader=4 inc2=1 attack_w=0.25
DBG t=99 used=0.017 remain=0.017 turn_time=0.017 end_in=0.016 depth=0 dec=1 cand_cap=20 cand=39->20 pick(must/bucket/top/rand)=1/5/10/4 sims=15772 loop=15752 best_avg=-0.665562 best_move=3,9 leader=4 inc2=1 attack_w=0.25
DBG summary depth_safety_fired=5
Score = 110598
=== CASE 0173.txt ===
DBG hdr N=10 M=2 T=100 U=1 VMAX=2102 TIME_LIMIT=1.94 MAX_CAND=20 UCB_C=0.21
DBG t=0 used=0.02 remain=1.94 turn_time=0.0194 end_in=0.0194 depth=7 dec=0 cand_cap=20 cand=4->4 pick(must/bucket/top/rand)=1/2/1/0 sims=6264 loop=6260 best_avg=-2.93048 best_move=5,9 leader=1 inc2=1 attack_w=0.15
DBG t=12 used=0.02 remain=1.7 turn_time=0.0193182 end_in=0.0193182 depth=7 dec=0 cand_cap=20 cand=16->16 pick(must/bucket/top/rand)=1/5/10/0 sims=4448 loop=4432 best_avg=-1.89217 best_move=7,6 leader=1 inc2=1 attack_w=0.25
DBG t=24 used=0.02 remain=1.46 turn_time=0.0192105 end_in=0.0192105 depth=7 dec=0 cand_cap=20 cand=13->13 pick(must/bucket/top/rand)=1/5/7/0 sims=4349 loop=4336 best_avg=-1.92568 best_move=7,6 leader=1 inc2=1 attack_w=0.25
DBG t=37 used=0.02 remain=1.2 turn_time=0.0190476 end_in=0.0190476 depth=10 dec=0 cand_cap=20 cand=30->20 pick(must/bucket/top/rand)=1/4/11/4 sims=2308 loop=2288 best_avg=-1.96859 best_move=7,7 leader=1 inc2=1 attack_w=0.25
DBG t=49 used=0.019 remain=0.968 turn_time=0.0189804 end_in=0.0189804 depth=10 dec=0 cand_cap=20 cand=29->20 pick(must/bucket/top/rand)=1/5/10/4 sims=2184 loop=2164 best_avg=-2.0234 best_move=8,7 leader=1 inc2=1 attack_w=0.25
DBG t=61 used=0.019 remain=0.74 turn_time=0.0189744 end_in=0.0189744 depth=10 dec=0 cand_cap=20 cand=33->20 pick(must/bucket/top/rand)=1/4/11/4 sims=1844 loop=1824 best_avg=-1.89316 best_move=7,7 leader=1 inc2=1 attack_w=0.25
DBG t=74 used=0.019 remain=0.489 turn_time=0.0188077 end_in=0.0188077 depth=11 dec=0 cand_cap=20 cand=41->20 pick(must/bucket/top/rand)=1/6/9/4 sims=1368 loop=1348 best_avg=-1.69738 best_move=4,6 leader=1 inc2=1 attack_w=0.25
DBG t=86 used=0.019 remain=0.261 turn_time=0.0186429 end_in=0.0186429 depth=11 dec=0 cand_cap=20 cand=51->20 pick(must/bucket/top/rand)=1/5/10/4 sims=1380 loop=1360 best_avg=-1.41639 best_move=2,3 leader=1 inc2=1 attack_w=0.25
DBG t=99 used=0.017 remain=0.017 turn_time=0.017 end_in=0.016 depth=0 dec=1 cand_cap=20 cand=7->7 pick(must/bucket/top/rand)=1/3/3/0 sims=64107 loop=64100 best_avg=0.745824 best_move=5,1 leader=1 inc2=1 attack_w=0.25
DBG summary depth_safety_fired=5
Score = 436705
=== CASE 0174.txt ===
DBG hdr N=10 M=4 T=100 U=2 VMAX=1684 TIME_LIMIT=1.94 MAX_CAND=20 UCB_C=0.21
DBG t=0 used=0.02 remain=1.94 turn_time=0.0194 end_in=0.0194 depth=7 dec=0 cand_cap=20 cand=5->5 pick(must/bucket/top/rand)=1/2/2/0 sims=3649 loop=3644 best_avg=-0.984403 best_move=3,7 leader=3 inc2=0 attack_w=0.15
DBG t=12 used=0.02 remain=1.698 turn_time=0.0192955 end_in=0.0192955 depth=7 dec=0 cand_cap=20 cand=18->18 pick(must/bucket/top/rand)=1/2/13/2 sims=2638 loop=2620 best_avg=-0.798814 best_move=3,8 leader=1 inc2=0 attack_w=0.25
DBG t=24 used=0.02 remain=1.458 turn_time=0.0191842 end_in=0.0191842 depth=7 dec=0 cand_cap=20 cand=38->20 pick(must/bucket/top/rand)=1/8/7/4 sims=2228 loop=2208 best_avg=-0.593367 best_move=1,0 leader=1 inc2=0 attack_w=0.25
DBG t=37 used=0.02 remain=1.198 turn_time=0.0190159 end_in=0.0190159 depth=10 dec=0 cand_cap=20 cand=23->20 pick(must/bucket/top/rand)=1/8/7/4 sims=1640 loop=1620 best_avg=-0.394789 best_move=0,3 leader=1 inc2=0 attack_w=0.25
DBG t=49 used=0.019 remain=0.968 turn_time=0.0189804 end_in=0.0189804 depth=10 dec=0 cand_cap=20 cand=41->20 pick(must/bucket/top/rand)=1/8/7/4 sims=1136 loop=1116 best_avg=-0.252691 best_move=2,4 leader=1 inc2=0 attack_w=0.25
DBG t=61 used=0.019 remain=0.74 turn_time=0.0189744 end_in=0.0189744 depth=10 dec=0 cand_cap=20 cand=48->20 pick(must/bucket/top/rand)=1/7/8/4 sims=1020 loop=1000 best_avg=-0.362872 best_move=2,5 leader=1 inc2=0 attack_w=0.25
DBG t=74 used=0.019 remain=0.493 turn_time=0.0189615 end_in=0.0189615 depth=11 dec=0 cand_cap=20 cand=44->20 pick(must/bucket/top/rand)=1/6/9/4 sims=908 loop=888 best_avg=-0.326048 best_move=3,4 leader=2 inc2=1 attack_w=0.25
DBG t=86 used=0.019 remain=0.265 turn_time=0.0189286 end_in=0.0189286 depth=11 dec=0 cand_cap=20 cand=51->20 pick(must/bucket/top/rand)=1/4/11/4 sims=1056 loop=1036 best_avg=0.0578765 best_move=3,5 leader=2 inc2=0 attack_w=0.25
DBG t=99 used=0.018 remain=0.018 turn_time=0.018 end_in=0.017 depth=0 dec=0 cand_cap=20 cand=50->20 pick(must/bucket/top/rand)=1/5/10/4 sims=30852 loop=30832 best_avg=0.169057 best_move=5,1 leader=3 inc2=1 attack_w=0.25
DBG summary depth_safety_fired=0
Score = 206594
=== CASE 0176.txt ===
DBG hdr N=10 M=3 T=100 U=5 VMAX=2139 TIME_LIMIT=1.94 MAX_CAND=20 UCB_C=0.21
DBG t=0 used=0.02 remain=1.94 turn_time=0.0194 end_in=0.0194 depth=7 dec=0 cand_cap=20 cand=5->5 pick(must/bucket/top/rand)=1/2/2/0 sims=4773 loop=4768 best_avg=-1.13011 best_move=8,7 leader=1 inc2=1 attack_w=0.15
DBG t=12 used=0.02 remain=1.698 turn_time=0.0192955 end_in=0.0192955 depth=7 dec=0 cand_cap=20 cand=20->20 pick(must/bucket/top/rand)=1/6/9/4 sims=2712 loop=2692 best_avg=-0.933274 best_move=8,2 leader=1 inc2=1 attack_w=0.25
DBG t=24 used=0.02 remain=1.458 turn_time=0.0191842 end_in=0.0191842 depth=7 dec=0 cand_cap=20 cand=28->20 pick(must/bucket/top/rand)=1/8/7/4 sims=2604 loop=2584 best_avg=-0.775492 best_move=8,4 leader=2 inc2=1 attack_w=0.25
DBG t=37 used=0.02 remain=1.198 turn_time=0.0190159 end_in=0.0190159 depth=10 dec=0 cand_cap=20 cand=32->20 pick(must/bucket/top/rand)=1/8/7/4 sims=1732 loop=1712 best_avg=-0.634111 best_move=7,1 leader=1 inc2=1 attack_w=0.25
DBG t=49 used=0.019 remain=0.968 turn_time=0.0189804 end_in=0.0189804 depth=10 dec=0 cand_cap=20 cand=34->20 pick(must/bucket/top/rand)=1/8/7/4 sims=1416 loop=1396 best_avg=-0.487445 best_move=9,2 leader=2 inc2=1 attack_w=0.25
DBG t=61 used=0.019 remain=0.74 turn_time=0.0189744 end_in=0.0189744 depth=10 dec=0 cand_cap=20 cand=29->20 pick(must/bucket/top/rand)=1/8/7/4 sims=1444 loop=1424 best_avg=-0.477885 best_move=9,5 leader=2 inc2=1 attack_w=0.25
DBG t=74 used=0.019 remain=0.493 turn_time=0.0189615 end_in=0.0189615 depth=11 dec=0 cand_cap=20 cand=35->20 pick(must/bucket/top/rand)=1/8/7/4 sims=1312 loop=1292 best_avg=-0.478998 best_move=9,8 leader=1 inc2=1 attack_w=0.25
DBG t=86 used=0.019 remain=0.265 turn_time=0.0189286 end_in=0.0189286 depth=11 dec=0 cand_cap=20 cand=36->20 pick(must/bucket/top/rand)=1/8/7/4 sims=1280 loop=1260 best_avg=-0.502307 best_move=5,1 leader=1 inc2=1 attack_w=0.25
DBG t=99 used=0.018 remain=0.018 turn_time=0.018 end_in=0.017 depth=0 dec=0 cand_cap=20 cand=31->20 pick(must/bucket/top/rand)=1/8/7/4 sims=27680 loop=27660 best_avg=-0.541827 best_move=7,7 leader=2 inc2=1 attack_w=0.25
DBG summary depth_safety_fired=0
Score = 191192
=== CASE 0175.txt ===
DBG hdr N=10 M=8 T=100 U=4 VMAX=1212 TIME_LIMIT=1.94 MAX_CAND=20 UCB_C=0.21
DBG t=0 used=0.02 remain=1.94 turn_time=0.0194 end_in=0.0194 depth=7 dec=0 cand_cap=20 cand=4->4 pick(must/bucket/top/rand)=1/2/1/0 sims=2312 loop=2308 best_avg=-0.798065 best_move=9,7 leader=7 inc2=1 attack_w=1
DBG t=12 used=0.02 remain=1.698 turn_time=0.0192955 end_in=0.0192955 depth=7 dec=0 cand_cap=20 cand=10->10 pick(must/bucket/top/rand)=1/5/4/0 sims=1474 loop=1464 best_avg=-0.443623 best_move=8,9 leader=1 inc2=1 attack_w=0.513838
DBG t=24 used=0.02 remain=1.458 turn_time=0.0191842 end_in=0.0191842 depth=7 dec=0 cand_cap=20 cand=19->19 pick(must/bucket/top/rand)=1/7/8/3 sims=1479 loop=1460 best_avg=-0.21423 best_move=7,6 leader=7 inc2=1 attack_w=0.25
DBG t=37 used=0.02 remain=1.198 turn_time=0.0190159 end_in=0.0190159 depth=10 dec=0 cand_cap=20 cand=26->20 pick(must/bucket/top/rand)=1/6/9/4 sims=980 loop=960 best_avg=-0.145506 best_move=6,9 leader=2 inc2=1 attack_w=0.25
DBG t=49 used=0.019 remain=0.968 turn_time=0.0189804 end_in=0.0189804 depth=10 dec=0 cand_cap=20 cand=28->20 pick(must/bucket/top/rand)=1/6/9/4 sims=960 loop=940 best_avg=-0.0155947 best_move=9,4 leader=2 inc2=1 attack_w=0.25
DBG t=61 used=0.019 remain=0.74 turn_time=0.0189744 end_in=0.0189744 depth=10 dec=0 cand_cap=20 cand=29->20 pick(must/bucket/top/rand)=1/6/9/4 sims=888 loop=868 best_avg=-0.00113625 best_move=6,8 leader=2 inc2=1 attack_w=0.25
DBG t=74 used=0.019 remain=0.493 turn_time=0.0189615 end_in=0.0189615 depth=11 dec=0 cand_cap=20 cand=30->20 pick(must/bucket/top/rand)=1/6/9/4 sims=832 loop=812 best_avg=-0.0113131 best_move=6,7 leader=2 inc2=1 attack_w=0.25
DBG t=86 used=0.019 remain=0.265 turn_time=0.0189286 end_in=0.0189286 depth=11 dec=0 cand_cap=20 cand=34->20 pick(must/bucket/top/rand)=1/6/9/4 sims=744 loop=724 best_avg=0.118034 best_move=6,9 leader=2 inc2=1 attack_w=0.25
DBG t=99 used=0.018 remain=0.018 turn_time=0.018 end_in=0.017 depth=0 dec=0 cand_cap=20 cand=33->20 pick(must/bucket/top/rand)=1/6/9/4 sims=14348 loop=14328 best_avg=0.169037 best_move=4,7 leader=2 inc2=1 attack_w=0.25
DBG summary depth_safety_fired=0
Score = 149812
=== CASE 0177.txt ===
DBG hdr N=10 M=8 T=100 U=4 VMAX=1857 TIME_LIMIT=1.94 MAX_CAND=20 UCB_C=0.21
DBG t=0 used=0.02 remain=1.94 turn_time=0.0194 end_in=0.0194 depth=7 dec=0 cand_cap=20 cand=3->3 pick(must/bucket/top/rand)=1/2/0/0 sims=2171 loop=2168 best_avg=-1.00174 best_move=0,5 leader=2 inc2=1 attack_w=1
DBG t=12 used=0.02 remain=1.699 turn_time=0.0193068 end_in=0.0193068 depth=7 dec=0 cand_cap=20 cand=16->16 pick(must/bucket/top/rand)=1/5/10/0 sims=1376 loop=1360 best_avg=-0.982059 best_move=2,0 leader=4 inc2=1 attack_w=1
DBG t=24 used=0.02 remain=1.459 turn_time=0.0191974 end_in=0.0191974 depth=7 dec=0 cand_cap=20 cand=20->20 pick(must/bucket/top/rand)=1/6/9/4 sims=1460 loop=1440 best_avg=-0.587226 best_move=1,1 leader=4 inc2=1 attack_w=1
DBG t=37 used=0.02 remain=1.199 turn_time=0.0190317 end_in=0.0190317 depth=10 dec=0 cand_cap=20 cand=18->18 pick(must/bucket/top/rand)=1/6/9/2 sims=954 loop=936 best_avg=-0.574267 best_move=0,4 leader=7 inc2=1 attack_w=1
DBG t=49 used=0.019 remain=0.968 turn_time=0.0189804 end_in=0.0189804 depth=10 dec=0 cand_cap=20 cand=25->20 pick(must/bucket/top/rand)=1/5/10/4 sims=948 loop=928 best_avg=-0.343593 best_move=3,2 leader=7 inc2=1 attack_w=0.916899
DBG t=61 used=0.019 remain=0.74 turn_time=0.0189744 end_in=0.0189744 depth=10 dec=0 cand_cap=20 cand=31->20 pick(must/bucket/top/rand)=1/5/10/4 sims=1028 loop=1008 best_avg=-0.0826017 best_move=4,0 leader=7 inc2=1 attack_w=0.25
DBG t=74 used=0.019 remain=0.493 turn_time=0.0189615 end_in=0.0189615 depth=11 dec=0 cand_cap=20 cand=35->20 pick(must/bucket/top/rand)=1/4/11/4 sims=900 loop=880 best_avg=0.124833 best_move=4,0 leader=7 inc2=1 attack_w=0.25
DBG t=86 used=0.019 remain=0.265 turn_time=0.0189286 end_in=0.0189286 depth=11 dec=0 cand_cap=20 cand=36->20 pick(must/bucket/top/rand)=1/6/9/4 sims=952 loop=932 best_avg=0.0536812 best_move=4,3 leader=4 inc2=1 attack_w=0.25
DBG t=99 used=0.018 remain=0.018 turn_time=0.018 end_in=0.017 depth=0 dec=0 cand_cap=20 cand=39->20 pick(must/bucket/top/rand)=1/6/9/4 sims=17632 loop=17612 best_avg=-0.00740112 best_move=4,0 leader=4 inc2=1 attack_w=0.25
DBG summary depth_safety_fired=0
Score = 130969
=== CASE 0179.txt ===
DBG hdr N=10 M=3 T=100 U=2 VMAX=1658 TIME_LIMIT=1.94 MAX_CAND=20 UCB_C=0.21
DBG t=0 used=0.02 remain=1.94 turn_time=0.0194 end_in=0.0194 depth=7 dec=0 cand_cap=20 cand=4->4 pick(must/bucket/top/rand)=1/2/1/0 sims=4528 loop=4524 best_avg=-1.09907 best_move=1,0 leader=1 inc2=1 attack_w=0.15
DBG t=12 used=0.02 remain=1.688 turn_time=0.0191818 end_in=0.0191818 depth=7 dec=0 cand_cap=20 cand=11->11 pick(must/bucket/top/rand)=1/5/5/0 sims=2339 loop=2328 best_avg=-1.09683 best_move=2,1 leader=1 inc2=1 attack_w=0.25
DBG t=24 used=0.02 remain=1.448 turn_time=0.0190526 end_in=0.0190526 depth=7 dec=0 cand_cap=20 cand=22->20 pick(must/bucket/top/rand)=1/7/8/4 sims=2196 loop=2176 best_avg=-1.14876 best_move=4,3 leader=1 inc2=1 attack_w=0.25
DBG t=37 used=0.019 remain=1.196 turn_time=0.0189841 end_in=0.0189841 depth=10 dec=0 cand_cap=20 cand=18->18 pick(must/bucket/top/rand)=1/8/7/2 sims=1210 loop=1192 best_avg=-1.21653 best_move=5,1 leader=1 inc2=1 attack_w=0.25
DBG t=49 used=0.019 remain=0.968 turn_time=0.0189804 end_in=0.0189804 depth=10 dec=0 cand_cap=20 cand=46->20 pick(must/bucket/top/rand)=1/8/7/4 sims=864 loop=844 best_avg=-1.17797 best_move=4,3 leader=1 inc2=1 attack_w=0.25
DBG t=61 used=0.019 remain=0.74 turn_time=0.0189744 end_in=0.0189744 depth=10 dec=0 cand_cap=20 cand=52->20 pick(must/bucket/top/rand)=1/8/7/4 sims=816 loop=796 best_avg=-0.950129 best_move=8,4 leader=2 inc2=1 attack_w=0.25
DBG t=74 used=0.019 remain=0.493 turn_time=0.0189615 end_in=0.0189615 depth=11 dec=0 cand_cap=20 cand=61->20 pick(must/bucket/top/rand)=1/8/7/4 sims=772 loop=752 best_avg=-0.871232 best_move=1,5 leader=2 inc2=1 attack_w=0.25
DBG t=86 used=0.019 remain=0.265 turn_time=0.0189286 end_in=0.0189286 depth=11 dec=0 cand_cap=20 cand=68->20 pick(must/bucket/top/rand)=1/8/7/4 sims=876 loop=856 best_avg=-0.857745 best_move=8,5 leader=1 inc2=1 attack_w=0.25
DBG t=99 used=0.018 remain=0.018 turn_time=0.018 end_in=0.017 depth=0 dec=0 cand_cap=20 cand=71->20 pick(must/bucket/top/rand)=1/8/7/4 sims=22796 loop=22776 best_avg=-0.911264 best_move=1,5 leader=1 inc2=1 attack_w=0.25
DBG summary depth_safety_fired=0
Score = 153709
=== CASE 0178.txt ===
DBG hdr N=10 M=7 T=100 U=4 VMAX=1492 TIME_LIMIT=1.94 MAX_CAND=20 UCB_C=0.21
DBG t=0 used=0.02 remain=1.94 turn_time=0.0194 end_in=0.0194 depth=7 dec=0 cand_cap=20 cand=5->5 pick(must/bucket/top/rand)=1/2/2/0 sims=2621 loop=2616 best_avg=-0.666524 best_move=5,3 leader=4 inc2=1 attack_w=0.15
DBG t=12 used=0.02 remain=1.695 turn_time=0.0192614 end_in=0.0192614 depth=7 dec=0 cand_cap=20 cand=20->20 pick(must/bucket/top/rand)=1/7/8/4 sims=1864 loop=1844 best_avg=-0.639187 best_move=3,5 leader=5 inc2=1 attack_w=0.682066
DBG t=24 used=0.02 remain=1.455 turn_time=0.0191447 end_in=0.0191447 depth=7 dec=0 cand_cap=20 cand=22->20 pick(must/bucket/top/rand)=1/7/8/4 sims=1540 loop=1520 best_avg=-0.401382 best_move=6,3 leader=5 inc2=1 attack_w=0.260121
DBG t=37 used=0.019 remain=1.196 turn_time=0.0189841 end_in=0.0189841 depth=10 dec=0 cand_cap=20 cand=28->20 pick(must/bucket/top/rand)=1/8/7/4 sims=992 loop=972 best_avg=-0.358481 best_move=5,5 leader=5 inc2=1 attack_w=0.25
DBG t=49 used=0.019 remain=0.968 turn_time=0.0189804 end_in=0.0189804 depth=10 dec=0 cand_cap=20 cand=34->20 pick(must/bucket/top/rand)=1/8/7/4 sims=848 loop=828 best_avg=-0.19112 best_move=1,6 leader=6 inc2=1 attack_w=0.25
DBG t=61 used=0.019 remain=0.74 turn_time=0.0189744 end_in=0.0189744 depth=10 dec=0 cand_cap=20 cand=42->20 pick(must/bucket/top/rand)=1/7/8/4 sims=832 loop=812 best_avg=-0.310643 best_move=0,6 leader=5 inc2=1 attack_w=0.25
DBG t=74 used=0.019 remain=0.493 turn_time=0.0189615 end_in=0.0189615 depth=11 dec=0 cand_cap=20 cand=40->20 pick(must/bucket/top/rand)=1/8/7/4 sims=744 loop=724 best_avg=-0.174894 best_move=4,3 leader=6 inc2=1 attack_w=0.25
DBG t=86 used=0.019 remain=0.265 turn_time=0.0189286 end_in=0.0189286 depth=11 dec=0 cand_cap=20 cand=24->20 pick(must/bucket/top/rand)=1/7/8/4 sims=872 loop=852 best_avg=-0.380358 best_move=1,2 leader=3 inc2=1 attack_w=0.25
DBG t=99 used=0.018 remain=0.018 turn_time=0.018 end_in=0.017 depth=0 dec=0 cand_cap=20 cand=30->20 pick(must/bucket/top/rand)=1/7/8/4 sims=14956 loop=14936 best_avg=-0.165146 best_move=1,5 leader=3 inc2=1 attack_w=0.25
DBG summary depth_safety_fired=0
Score = 127288
=== CASE 0180.txt ===
DBG hdr N=10 M=6 T=100 U=1 VMAX=1681 TIME_LIMIT=1.94 MAX_CAND=20 UCB_C=0.21
DBG t=0 used=0.02 remain=1.94 turn_time=0.0194 end_in=0.0194 depth=7 dec=0 cand_cap=20 cand=5->5 pick(must/bucket/top/rand)=1/2/2/0 sims=2697 loop=2692 best_avg=-0.636203 best_move=0,4 leader=4 inc2=1 attack_w=1
DBG t=12 used=0.02 remain=1.7 turn_time=0.0193182 end_in=0.0193182 depth=7 dec=0 cand_cap=20 cand=15->15 pick(must/bucket/top/rand)=1/3/11/0 sims=1927 loop=1912 best_avg=-0.597123 best_move=3,4 leader=2 inc2=1 attack_w=1
DBG t=24 used=0.02 remain=1.46 turn_time=0.0192105 end_in=0.0192105 depth=7 dec=0 cand_cap=20 cand=42->20 pick(must/bucket/top/rand)=1/6/9/4 sims=612 loop=592 best_avg=0.123549 best_move=4,3 leader=5 inc2=1 attack_w=0.25
DBG t=37 used=0.019 remain=1.196 turn_time=0.0189841 end_in=0.0189841 depth=10 dec=0 cand_cap=20 cand=48->20 pick(must/bucket/top/rand)=1/4/11/4 sims=964 loop=944 best_avg=0.604667 best_move=5,6 leader=1 inc2=1 attack_w=0.25
DBG t=49 used=0.019 remain=0.968 turn_time=0.0189804 end_in=0.0189804 depth=10 dec=0 cand_cap=20 cand=61->20 pick(must/bucket/top/rand)=1/6/9/4 sims=924 loop=904 best_avg=1.05779 best_move=0,1 leader=3 inc2=1 attack_w=0.25
DBG t=61 used=0.019 remain=0.74 turn_time=0.0189744 end_in=0.0189744 depth=10 dec=0 cand_cap=20 cand=72->20 pick(must/bucket/top/rand)=1/6/9/4 sims=932 loop=912 best_avg=1.15414 best_move=6,9 leader=1 inc2=1 attack_w=0.25
DBG t=74 used=0.019 remain=0.486 turn_time=0.0186923 end_in=0.0186923 depth=11 dec=0 cand_cap=20 cand=78->20 pick(must/bucket/top/rand)=1/6/9/4 sims=736 loop=716 best_avg=1.25711 best_move=8,2 leader=2 inc2=1 attack_w=0.25
DBG t=86 used=0.019 remain=0.258 turn_time=0.0184286 end_in=0.0184286 depth=11 dec=0 cand_cap=20 cand=80->20 pick(must/bucket/top/rand)=1/6/9/4 sims=680 loop=660 best_avg=1.50094 best_move=6,6 leader=2 inc2=1 attack_w=0.25
DBG t=99 used=0.017 remain=0.017 turn_time=0.017 end_in=0.016 depth=0 dec=1 cand_cap=20 cand=83->20 pick(must/bucket/top/rand)=1/6/9/4 sims=34272 loop=34252 best_avg=1.89047 best_move=6,6 leader=5 inc2=1 attack_w=0.25
DBG summary depth_safety_fired=8
Score = 387054
=== CASE 0182.txt ===
DBG hdr N=10 M=2 T=100 U=3 VMAX=1596 TIME_LIMIT=1.94 MAX_CAND=20 UCB_C=0.21
DBG t=0 used=0.02 remain=1.94 turn_time=0.0194 end_in=0.0194 depth=7 dec=0 cand_cap=20 cand=5->5 pick(must/bucket/top/rand)=1/2/2/0 sims=5225 loop=5220 best_avg=-3.22109 best_move=2,2 leader=1 inc2=1 attack_w=1
DBG t=12 used=0.02 remain=1.7 turn_time=0.0193182 end_in=0.0193182 depth=7 dec=0 cand_cap=20 cand=36->20 pick(must/bucket/top/rand)=1/4/11/4 sims=3424 loop=3404 best_avg=-2.74406 best_move=6,6 leader=1 inc2=1 attack_w=0.25
DBG t=24 used=0.02 remain=1.457 turn_time=0.0191711 end_in=0.0191711 depth=7 dec=0 cand_cap=20 cand=43->20 pick(must/bucket/top/rand)=1/6/9/4 sims=952 loop=932 best_avg=-2.29018 best_move=7,5 leader=1 inc2=1 attack_w=0.25
DBG t=37 used=0.019 remain=1.196 turn_time=0.0189841 end_in=0.0189841 depth=10 dec=0 cand_cap=20 cand=47->20 pick(must/bucket/top/rand)=1/5/10/4 sims=1956 loop=1936 best_avg=-1.73709 best_move=8,6 leader=1 inc2=1 attack_w=0.15
DBG t=49 used=0.019 remain=0.968 turn_time=0.0189804 end_in=0.0189804 depth=10 dec=0 cand_cap=20 cand=50->20 pick(must/bucket/top/rand)=1/4/11/4 sims=1892 loop=1872 best_avg=-1.08829 best_move=9,6 leader=1 inc2=1 attack_w=0.15
DBG t=61 used=0.019 remain=0.74 turn_time=0.0189744 end_in=0.0189744 depth=10 dec=0 cand_cap=20 cand=54->20 pick(must/bucket/top/rand)=1/4/11/4 sims=1920 loop=1900 best_avg=-0.972662 best_move=9,6 leader=1 inc2=1 attack_w=0.15
DBG t=74 used=0.019 remain=0.486 turn_time=0.0186923 end_in=0.0186923 depth=11 dec=0 cand_cap=20 cand=56->20 pick(must/bucket/top/rand)=1/4/11/4 sims=1524 loop=1504 best_avg=-0.663149 best_move=8,7 leader=1 inc2=1 attack_w=0.15
DBG t=86 used=0.019 remain=0.258 turn_time=0.0184286 end_in=0.0184286 depth=11 dec=0 cand_cap=20 cand=57->20 pick(must/bucket/top/rand)=1/3/12/4 sims=1476 loop=1456 best_avg=-0.483515 best_move=8,8 leader=1 inc2=1 attack_w=0.15
DBG t=99 used=0.017 remain=0.017 turn_time=0.017 end_in=0.016 depth=0 dec=1 cand_cap=20 cand=57->20 pick(must/bucket/top/rand)=1/2/13/4 sims=64028 loop=64008 best_avg=0.23634 best_move=7,7 leader=1 inc2=1 attack_w=0.15
DBG summary depth_safety_fired=8
Score = 395009
=== CASE 0181.txt ===
DBG hdr N=10 M=5 T=100 U=3 VMAX=1983 TIME_LIMIT=1.94 MAX_CAND=20 UCB_C=0.21
DBG t=0 used=0.02 remain=1.94 turn_time=0.0194 end_in=0.0194 depth=7 dec=0 cand_cap=20 cand=4->4 pick(must/bucket/top/rand)=1/2/1/0 sims=3028 loop=3024 best_avg=-0.951795 best_move=9,5 leader=3 inc2=0 attack_w=0.863364
DBG t=12 used=0.02 remain=1.7 turn_time=0.0193182 end_in=0.0193182 depth=7 dec=0 cand_cap=20 cand=15->15 pick(must/bucket/top/rand)=1/4/10/0 sims=2039 loop=2024 best_avg=-0.506621 best_move=6,6 leader=2 inc2=1 attack_w=0.25
DBG t=24 used=0.02 remain=1.46 turn_time=0.0192105 end_in=0.0192105 depth=7 dec=0 cand_cap=20 cand=18->18 pick(must/bucket/top/rand)=1/4/11/2 sims=1194 loop=1176 best_avg=-0.724383 best_move=7,3 leader=2 inc2=0 attack_w=0.25
DBG t=37 used=0.02 remain=1.198 turn_time=0.0190159 end_in=0.0190159 depth=10 dec=0 cand_cap=20 cand=21->20 pick(must/bucket/top/rand)=1/6/9/4 sims=1564 loop=1544 best_avg=-1.03924 best_move=9,6 leader=2 inc2=0 attack_w=0.566654
DBG t=49 used=0.019 remain=0.968 turn_time=0.0189804 end_in=0.0189804 depth=10 dec=0 cand_cap=20 cand=24->20 pick(must/bucket/top/rand)=1/6/9/4 sims=1468 loop=1448 best_avg=-1.11561 best_move=9,7 leader=2 inc2=0 attack_w=0.87202
DBG t=61 used=0.019 remain=0.74 turn_time=0.0189744 end_in=0.0189744 depth=10 dec=0 cand_cap=20 cand=20->20 pick(must/bucket/top/rand)=1/6/9/4 sims=1408 loop=1388 best_avg=-1.16358 best_move=8,3 leader=2 inc2=0 attack_w=1
DBG t=74 used=0.019 remain=0.484 turn_time=0.0186154 end_in=0.0186154 depth=11 dec=0 cand_cap=20 cand=24->20 pick(must/bucket/top/rand)=1/6/9/4 sims=1152 loop=1132 best_avg=-0.938741 best_move=8,2 leader=2 inc2=0 attack_w=0.990191
DBG t=86 used=0.019 remain=0.256 turn_time=0.0182857 end_in=0.0182857 depth=11 dec=0 cand_cap=20 cand=30->20 pick(must/bucket/top/rand)=1/5/10/4 sims=1104 loop=1084 best_avg=-0.778041 best_move=8,2 leader=2 inc2=0 attack_w=0.705077
DBG t=99 used=0.017 remain=0.017 turn_time=0.017 end_in=0.016 depth=0 dec=1 cand_cap=20 cand=32->20 pick(must/bucket/top/rand)=1/7/8/4 sims=21812 loop=21792 best_avg=-0.589241 best_move=7,5 leader=2 inc2=1 attack_w=0.25
DBG summary depth_safety_fired=10
Score = 116790
=== CASE 0183.txt ===
DBG hdr N=10 M=7 T=100 U=4 VMAX=1489 TIME_LIMIT=1.94 MAX_CAND=20 UCB_C=0.21
DBG t=0 used=0.02 remain=1.94 turn_time=0.0194 end_in=0.0194 depth=7 dec=0 cand_cap=20 cand=5->5 pick(must/bucket/top/rand)=1/2/2/0 sims=2441 loop=2436 best_avg=-0.73077 best_move=4,8 leader=4 inc2=1 attack_w=1
DBG t=12 used=0.02 remain=1.7 turn_time=0.0193182 end_in=0.0193182 depth=7 dec=0 cand_cap=20 cand=18->18 pick(must/bucket/top/rand)=1/7/8/2 sims=1874 loop=1856 best_avg=-0.222493 best_move=3,5 leader=6 inc2=1 attack_w=0.25
DBG t=24 used=0.02 remain=1.459 turn_time=0.0191974 end_in=0.0191974 depth=7 dec=0 cand_cap=20 cand=20->20 pick(must/bucket/top/rand)=1/5/10/4 sims=596 loop=576 best_avg=-0.211176 best_move=4,6 leader=5 inc2=1 attack_w=0.25
DBG t=37 used=0.02 remain=1.197 turn_time=0.019 end_in=0.019 depth=10 dec=0 cand_cap=20 cand=29->20 pick(must/bucket/top/rand)=1/5/10/4 sims=1064 loop=1044 best_avg=0.0507242 best_move=3,2 leader=5 inc2=1 attack_w=0.25
DBG t=49 used=0.019 remain=0.968 turn_time=0.0189804 end_in=0.0189804 depth=10 dec=0 cand_cap=20 cand=43->20 pick(must/bucket/top/rand)=1/7/8/4 sims=984 loop=964 best_avg=0.393514 best_move=7,1 leader=3 inc2=1 attack_w=0.25
DBG t=61 used=0.019 remain=0.74 turn_time=0.0189744 end_in=0.0189744 depth=10 dec=0 cand_cap=20 cand=46->20 pick(must/bucket/top/rand)=1/7/8/4 sims=940 loop=920 best_avg=0.432668 best_move=5,1 leader=1 inc2=1 attack_w=0.25
DBG t=74 used=0.019 remain=0.48 turn_time=0.0184615 end_in=0.0184615 depth=11 dec=0 cand_cap=20 cand=25->20 pick(must/bucket/top/rand)=1/6/9/4 sims=860 loop=840 best_avg=0.120885 best_move=6,2 leader=3 inc2=1 attack_w=0.25
DBG t=86 used=0.019 remain=0.252 turn_time=0.018 end_in=0.018 depth=11 dec=0 cand_cap=20 cand=17->17 pick(must/bucket/top/rand)=1/5/10/1 sims=953 loop=936 best_avg=0.166832 best_move=8,2 leader=1 inc2=1 attack_w=0.25
DBG t=99 used=0.017 remain=0.017 turn_time=0.017 end_in=0.016 depth=0 dec=1 cand_cap=20 cand=19->19 pick(must/bucket/top/rand)=1/6/9/3 sims=14279 loop=14260 best_avg=0.0516201 best_move=9,3 leader=1 inc2=1 attack_w=0.25
DBG summary depth_safety_fired=13
Score = 141631
=== CASE 0184.txt ===
DBG hdr N=10 M=7 T=100 U=3 VMAX=2058 TIME_LIMIT=1.94 MAX_CAND=20 UCB_C=0.21
DBG t=0 used=0.02 remain=1.94 turn_time=0.0194 end_in=0.0194 depth=7 dec=0 cand_cap=20 cand=4->4 pick(must/bucket/top/rand)=1/2/1/0 sims=2524 loop=2520 best_avg=-1.00679 best_move=3,0 leader=3 inc2=1 attack_w=1
DBG t=12 used=0.02 remain=1.7 turn_time=0.0193182 end_in=0.0193182 depth=7 dec=0 cand_cap=20 cand=11->11 pick(must/bucket/top/rand)=1/3/7/0 sims=1723 loop=1712 best_avg=-0.806733 best_move=5,0 leader=6 inc2=1 attack_w=0.897403
DBG t=24 used=0.02 remain=1.457 turn_time=0.0191711 end_in=0.0191711 depth=7 dec=0 cand_cap=20 cand=19->19 pick(must/bucket/top/rand)=1/7/8/3 sims=667 loop=648 best_avg=-0.624637 best_move=9,2 leader=4 inc2=1 attack_w=1
DBG t=37 used=0.019 remain=1.196 turn_time=0.0189841 end_in=0.0189841 depth=10 dec=0 cand_cap=20 cand=23->20 pick(must/bucket/top/rand)=1/5/10/4 sims=1032 loop=1012 best_avg=-0.451658 best_move=7,2 leader=2 inc2=1 attack_w=0.25
DBG t=49 used=0.019 remain=0.968 turn_time=0.0189804 end_in=0.0189804 depth=10 dec=0 cand_cap=20 cand=28->20 pick(must/bucket/top/rand)=1/6/9/4 sims=988 loop=968 best_avg=-0.324737 best_move=9,4 leader=4 inc2=1 attack_w=0.25
DBG t=61 used=0.019 remain=0.74 turn_time=0.0189744 end_in=0.0189744 depth=10 dec=0 cand_cap=20 cand=31->20 pick(must/bucket/top/rand)=1/6/9/4 sims=1060 loop=1040 best_avg=-0.149642 best_move=7,3 leader=2 inc2=1 attack_w=0.25
DBG t=74 used=0.019 remain=0.479 turn_time=0.0184231 end_in=0.0184231 depth=11 dec=0 cand_cap=20 cand=32->20 pick(must/bucket/top/rand)=1/6/9/4 sims=884 loop=864 best_avg=-0.233883 best_move=1,0 leader=2 inc2=1 attack_w=0.25
DBG t=86 used=0.018 remain=0.251 turn_time=0.0179286 end_in=0.0179286 depth=10 dec=1 cand_cap=20 cand=36->20 pick(must/bucket/top/rand)=1/6/9/4 sims=1092 loop=1072 best_avg=0.0620208 best_move=4,2 leader=2 inc2=1 attack_w=0.25
DBG t=99 used=0.017 remain=0.017 turn_time=0.017 end_in=0.016 depth=0 dec=1 cand_cap=20 cand=36->20 pick(must/bucket/top/rand)=1/5/10/4 sims=21340 loop=21320 best_avg=0.0769137 best_move=5,0 leader=2 inc2=1 attack_w=0.25
DBG summary depth_safety_fired=14
Score = 153779
=== CASE 0185.txt ===
DBG hdr N=10 M=4 T=100 U=5 VMAX=1220 TIME_LIMIT=1.94 MAX_CAND=20 UCB_C=0.21
DBG t=0 used=0.02 remain=1.94 turn_time=0.0194 end_in=0.0194 depth=7 dec=0 cand_cap=20 cand=5->5 pick(must/bucket/top/rand)=1/2/2/0 sims=4109 loop=4104 best_avg=-1.07404 best_move=4,1 leader=3 inc2=1 attack_w=1
DBG t=12 used=0.02 remain=1.7 turn_time=0.0193182 end_in=0.0193182 depth=7 dec=0 cand_cap=20 cand=11->11 pick(must/bucket/top/rand)=1/2/8/0 sims=2771 loop=2760 best_avg=-1.07938 best_move=4,3 leader=3 inc2=1 attack_w=0.622386
DBG t=24 used=0.02 remain=1.444 turn_time=0.019 end_in=0.019 depth=7 dec=0 cand_cap=20 cand=25->20 pick(must/bucket/top/rand)=1/8/7/4 sims=1516 loop=1496 best_avg=-1.18908 best_move=2,0 leader=3 inc2=1 attack_w=0.914679
DBG t=37 used=0.019 remain=1.194 turn_time=0.0189524 end_in=0.0189524 depth=10 dec=0 cand_cap=20 cand=4->4 pick(must/bucket/top/rand)=1/1/2/0 sims=1276 loop=1272 best_avg=-1.32057 best_move=7,4 leader=3 inc2=1 attack_w=1
DBG t=49 used=0.019 remain=0.966 turn_time=0.0189412 end_in=0.0189412 depth=10 dec=0 cand_cap=20 cand=13->13 pick(must/bucket/top/rand)=1/5/7/0 sims=1277 loop=1264 best_avg=-1.42513 best_move=8,2 leader=3 inc2=1 attack_w=1
DBG t=61 used=0.019 remain=0.738 turn_time=0.0189231 end_in=0.0189231 depth=10 dec=0 cand_cap=20 cand=30->20 pick(must/bucket/top/rand)=1/6/9/4 sims=1360 loop=1340 best_avg=-1.43595 best_move=8,2 leader=3 inc2=1 attack_w=1
DBG t=74 used=0.019 remain=0.477 turn_time=0.0183462 end_in=0.0183462 depth=11 dec=0 cand_cap=20 cand=35->20 pick(must/bucket/top/rand)=1/6/9/4 sims=1152 loop=1132 best_avg=-1.42235 best_move=5,4 leader=2 inc2=1 attack_w=1
DBG t=86 used=0.018 remain=0.251 turn_time=0.0179286 end_in=0.0179286 depth=10 dec=1 cand_cap=20 cand=41->20 pick(must/bucket/top/rand)=1/5/10/4 sims=1104 loop=1084 best_avg=-1.4288 best_move=3,3 leader=2 inc2=1 attack_w=1
DBG t=99 used=0.017 remain=0.017 turn_time=0.017 end_in=0.016 depth=0 dec=1 cand_cap=20 cand=46->20 pick(must/bucket/top/rand)=1/6/9/4 sims=16300 loop=16280 best_avg=-1.34809 best_move=5,5 leader=2 inc2=1 attack_w=1
DBG summary depth_safety_fired=16
Score = 84838
=== CASE 0186.txt ===
DBG hdr N=10 M=8 T=100 U=4 VMAX=1499 TIME_LIMIT=1.94 MAX_CAND=20 UCB_C=0.21
DBG t=0 used=0.02 remain=1.94 turn_time=0.0194 end_in=0.0194 depth=7 dec=0 cand_cap=20 cand=5->5 pick(must/bucket/top/rand)=1/3/1/0 sims=2161 loop=2156 best_avg=-0.586559 best_move=3,8 leader=1 inc2=1 attack_w=0.319328
DBG t=12 used=0.02 remain=1.7 turn_time=0.0193182 end_in=0.0193182 depth=7 dec=0 cand_cap=20 cand=16->16 pick(must/bucket/top/rand)=1/7/8/0 sims=2116 loop=2100 best_avg=-0.291837 best_move=4,8 leader=2 inc2=1 attack_w=0.25
DBG t=24 used=0.02 remain=1.46 turn_time=0.0192105 end_in=0.0192105 depth=7 dec=0 cand_cap=20 cand=18->18 pick(must/bucket/top/rand)=1/8/7/2 sims=1806 loop=1788 best_avg=-0.507712 best_move=5,7 leader=5 inc2=1 attack_w=0.339387
DBG t=37 used=0.02 remain=1.2 turn_time=0.0190476 end_in=0.0190476 depth=10 dec=0 cand_cap=20 cand=20->20 pick(must/bucket/top/rand)=1/6/9/4 sims=1104 loop=1084 best_avg=-0.625677 best_move=5,8 leader=5 inc2=1 attack_w=0.834853
DBG t=49 used=0.019 remain=0.968 turn_time=0.0189804 end_in=0.0189804 depth=10 dec=0 cand_cap=20 cand=21->20 pick(must/bucket/top/rand)=1/6/9/4 sims=936 loop=916 best_avg=-0.591861 best_move=6,7 leader=5 inc2=1 attack_w=0.809709
DBG t=61 used=0.019 remain=0.74 turn_time=0.0189744 end_in=0.0189744 depth=10 dec=0 cand_cap=20 cand=23->20 pick(must/bucket/top/rand)=1/6/9/4 sims=976 loop=956 best_avg=-0.775443 best_move=7,7 leader=5 inc2=1 attack_w=1
DBG t=74 used=0.019 remain=0.493 turn_time=0.0189615 end_in=0.0189615 depth=11 dec=0 cand_cap=20 cand=30->20 pick(must/bucket/top/rand)=1/6/9/4 sims=868 loop=848 best_avg=-0.674614 best_move=6,7 leader=5 inc2=1 attack_w=1
DBG t=86 used=0.019 remain=0.265 turn_time=0.0189286 end_in=0.0189286 depth=11 dec=0 cand_cap=20 cand=35->20 pick(must/bucket/top/rand)=1/6/9/4 sims=908 loop=888 best_avg=-0.440517 best_move=5,7 leader=5 inc2=1 attack_w=0.952769
DBG t=99 used=0.018 remain=0.018 turn_time=0.018 end_in=0.017 depth=0 dec=0 cand_cap=20 cand=35->20 pick(must/bucket/top/rand)=1/6/9/4 sims=15460 loop=15440 best_avg=-0.402209 best_move=3,7 leader=5 inc2=1 attack_w=0.430969
DBG summary depth_safety_fired=0
Score = 102898
=== CASE 0187.txt ===
DBG hdr N=10 M=7 T=100 U=2 VMAX=1393 TIME_LIMIT=1.94 MAX_CAND=20 UCB_C=0.21
DBG t=0 used=0.02 remain=1.94 turn_time=0.0194 end_in=0.0194 depth=7 dec=0 cand_cap=20 cand=5->5 pick(must/bucket/top/rand)=1/2/2/0 sims=1885 loop=1880 best_avg=-0.710309 best_move=4,8 leader=2 inc2=1 attack_w=1
DBG t=12 used=0.02 remain=1.7 turn_time=0.0193182 end_in=0.0193182 depth=7 dec=0 cand_cap=20 cand=19->19 pick(must/bucket/top/rand)=1/5/10/3 sims=1647 loop=1628 best_avg=-0.50839 best_move=8,8 leader=5 inc2=1 attack_w=0.25
DBG t=24 used=0.02 remain=1.46 turn_time=0.0192105 end_in=0.0192105 depth=7 dec=0 cand_cap=20 cand=19->19 pick(must/bucket/top/rand)=1/2/13/3 sims=1543 loop=1524 best_avg=-0.374756 best_move=3,7 leader=5 inc2=1 attack_w=0.25
DBG t=37 used=0.02 remain=1.2 turn_time=0.0190476 end_in=0.0190476 depth=10 dec=0 cand_cap=20 cand=32->20 pick(must/bucket/top/rand)=1/7/8/4 sims=992 loop=972 best_avg=-0.169267 best_move=4,6 leader=5 inc2=1 attack_w=0.25
DBG t=49 used=0.019 remain=0.968 turn_time=0.0189804 end_in=0.0189804 depth=10 dec=0 cand_cap=20 cand=35->20 pick(must/bucket/top/rand)=1/4/11/4 sims=860 loop=840 best_avg=0.00774471 best_move=9,8 leader=5 inc2=1 attack_w=0.25
DBG t=61 used=0.019 remain=0.74 turn_time=0.0189744 end_in=0.0189744 depth=10 dec=0 cand_cap=20 cand=44->20 pick(must/bucket/top/rand)=1/8/7/4 sims=836 loop=816 best_avg=0.226738 best_move=2,4 leader=5 inc2=1 attack_w=0.25
DBG t=74 used=0.019 remain=0.493 turn_time=0.0189615 end_in=0.0189615 depth=11 dec=0 cand_cap=20 cand=45->20 pick(must/bucket/top/rand)=1/7/8/4 sims=792 loop=772 best_avg=0.25642 best_move=3,6 leader=5 inc2=1 attack_w=0.25
DBG t=86 used=0.019 remain=0.265 turn_time=0.0189286 end_in=0.0189286 depth=11 dec=0 cand_cap=20 cand=50->20 pick(must/bucket/top/rand)=1/8/7/4 sims=812 loop=792 best_avg=0.317369 best_move=0,1 leader=5 inc2=1 attack_w=0.25
DBG t=99 used=0.018 remain=0.018 turn_time=0.018 end_in=0.017 depth=0 dec=0 cand_cap=20 cand=60->20 pick(must/bucket/top/rand)=1/4/11/4 sims=23184 loop=23164 best_avg=0.451825 best_move=4,2 leader=5 inc2=1 attack_w=0.25
DBG summary depth_safety_fired=0
Score = 184332
=== CASE 0188.txt ===
DBG hdr N=10 M=6 T=100 U=1 VMAX=1572 TIME_LIMIT=1.94 MAX_CAND=20 UCB_C=0.21
DBG t=0 used=0.02 remain=1.94 turn_time=0.0194 end_in=0.0194 depth=7 dec=0 cand_cap=20 cand=4->4 pick(must/bucket/top/rand)=1/2/1/0 sims=2540 loop=2536 best_avg=-0.816903 best_move=5,3 leader=2 inc2=1 attack_w=1
DBG t=12 used=0.02 remain=1.7 turn_time=0.0193182 end_in=0.0193182 depth=7 dec=0 cand_cap=20 cand=30->20 pick(must/bucket/top/rand)=1/6/9/4 sims=1716 loop=1696 best_avg=-0.359369 best_move=9,4 leader=2 inc2=1 attack_w=0.25
DBG t=24 used=0.02 remain=1.46 turn_time=0.0192105 end_in=0.0192105 depth=7 dec=0 cand_cap=20 cand=34->20 pick(must/bucket/top/rand)=1/6/9/4 sims=1660 loop=1640 best_avg=0.224304 best_move=3,8 leader=2 inc2=1 attack_w=0.25
DBG t=37 used=0.02 remain=1.2 turn_time=0.0190476 end_in=0.0190476 depth=10 dec=0 cand_cap=20 cand=19->19 pick(must/bucket/top/rand)=1/5/10/3 sims=1239 loop=1220 best_avg=0.59817 best_move=3,7 leader=2 inc2=1 attack_w=0.25
DBG t=49 used=0.019 remain=0.968 turn_time=0.0189804 end_in=0.0189804 depth=10 dec=0 cand_cap=20 cand=61->20 pick(must/bucket/top/rand)=1/6/9/4 sims=888 loop=868 best_avg=0.862664 best_move=2,3 leader=2 inc2=1 attack_w=0.25
DBG t=61 used=0.019 remain=0.74 turn_time=0.0189744 end_in=0.0189744 depth=10 dec=0 cand_cap=20 cand=44->20 pick(must/bucket/top/rand)=1/6/9/4 sims=996 loop=976 best_avg=0.989062 best_move=7,8 leader=4 inc2=1 attack_w=0.25
DBG t=74 used=0.019 remain=0.493 turn_time=0.0189615 end_in=0.0189615 depth=11 dec=0 cand_cap=20 cand=56->20 pick(must/bucket/top/rand)=1/6/9/4 sims=728 loop=708 best_avg=1.01434 best_move=4,4 leader=3 inc2=1 attack_w=0.25
DBG t=86 used=0.019 remain=0.265 turn_time=0.0189286 end_in=0.0189286 depth=11 dec=0 cand_cap=20 cand=77->20 pick(must/bucket/top/rand)=1/6/9/4 sims=704 loop=684 best_avg=0.829635 best_move=7,5 leader=2 inc2=1 attack_w=0.25
DBG t=99 used=0.018 remain=0.018 turn_time=0.018 end_in=0.017 depth=0 dec=0 cand_cap=20 cand=75->20 pick(must/bucket/top/rand)=1/6/9/4 sims=27332 loop=27312 best_avg=1.00872 best_move=3,5 leader=2 inc2=1 attack_w=0.25
DBG summary depth_safety_fired=0
Score = 257800
=== CASE 0189.txt ===
DBG hdr N=10 M=8 T=100 U=3 VMAX=1777 TIME_LIMIT=1.94 MAX_CAND=20 UCB_C=0.21
DBG t=0 used=0.02 remain=1.94 turn_time=0.0194 end_in=0.0194 depth=7 dec=0 cand_cap=20 cand=4->4 pick(must/bucket/top/rand)=1/2/1/0 sims=2088 loop=2084 best_avg=-0.741138 best_move=0,1 leader=3 inc2=1 attack_w=1
DBG t=12 used=0.02 remain=1.7 turn_time=0.0193182 end_in=0.0193182 depth=7 dec=0 cand_cap=20 cand=13->13 pick(must/bucket/top/rand)=1/5/7/0 sims=1517 loop=1504 best_avg=-0.243177 best_move=1,3 leader=3 inc2=1 attack_w=0.854861
DBG t=24 used=0.02 remain=1.46 turn_time=0.0192105 end_in=0.0192105 depth=7 dec=0 cand_cap=20 cand=19->19 pick(must/bucket/top/rand)=1/6/9/3 sims=1391 loop=1372 best_avg=-0.133911 best_move=0,5 leader=7 inc2=1 attack_w=0.25
DBG t=37 used=0.02 remain=1.2 turn_time=0.0190476 end_in=0.0190476 depth=10 dec=0 cand_cap=20 cand=21->20 pick(must/bucket/top/rand)=1/8/7/4 sims=992 loop=972 best_avg=-0.371212 best_move=1,4 leader=7 inc2=1 attack_w=0.25
DBG t=49 used=0.019 remain=0.968 turn_time=0.0189804 end_in=0.0189804 depth=10 dec=0 cand_cap=20 cand=20->20 pick(must/bucket/top/rand)=1/4/11/4 sims=1036 loop=1016 best_avg=-0.44346 best_move=0,4 leader=7 inc2=1 attack_w=0.504638
DBG t=61 used=0.019 remain=0.74 turn_time=0.0189744 end_in=0.0189744 depth=10 dec=0 cand_cap=20 cand=26->20 pick(must/bucket/top/rand)=1/4/11/4 sims=1092 loop=1072 best_avg=-0.329677 best_move=5,2 leader=6 inc2=1 attack_w=0.25
DBG t=74 used=0.019 remain=0.493 turn_time=0.0189615 end_in=0.0189615 depth=11 dec=0 cand_cap=20 cand=22->20 pick(must/bucket/top/rand)=1/6/9/4 sims=904 loop=884 best_avg=-0.0498549 best_move=5,0 leader=6 inc2=1 attack_w=0.25
DBG t=86 used=0.019 remain=0.265 turn_time=0.0189286 end_in=0.0189286 depth=11 dec=0 cand_cap=20 cand=26->20 pick(must/bucket/top/rand)=1/6/9/4 sims=940 loop=920 best_avg=0.0973743 best_move=6,0 leader=6 inc2=1 attack_w=0.25
DBG t=99 used=0.018 remain=0.018 turn_time=0.018 end_in=0.017 depth=0 dec=0 cand_cap=20 cand=30->20 pick(must/bucket/top/rand)=1/5/10/4 sims=23760 loop=23740 best_avg=0.297993 best_move=9,4 leader=5 inc2=1 attack_w=0.25
DBG summary depth_safety_fired=0
Score = 157492
=== CASE 0190.txt ===
DBG hdr N=10 M=5 T=100 U=2 VMAX=2260 TIME_LIMIT=1.94 MAX_CAND=20 UCB_C=0.21
DBG t=0 used=0.02 remain=1.94 turn_time=0.0194 end_in=0.0194 depth=7 dec=0 cand_cap=20 cand=5->5 pick(must/bucket/top/rand)=1/2/2/0 sims=2605 loop=2600 best_avg=-1.23895 best_move=5,5 leader=1 inc2=1 attack_w=1
DBG t=12 used=0.02 remain=1.7 turn_time=0.0193182 end_in=0.0193182 depth=7 dec=0 cand_cap=20 cand=25->20 pick(must/bucket/top/rand)=1/5/10/4 sims=1796 loop=1776 best_avg=-0.503167 best_move=4,0 leader=1 inc2=1 attack_w=0.614632
DBG t=24 used=0.02 remain=1.46 turn_time=0.0192105 end_in=0.0192105 depth=7 dec=0 cand_cap=20 cand=32->20 pick(must/bucket/top/rand)=1/6/9/4 sims=1728 loop=1708 best_avg=-0.168996 best_move=3,5 leader=4 inc2=1 attack_w=0.25
DBG t=37 used=0.02 remain=1.2 turn_time=0.0190476 end_in=0.0190476 depth=10 dec=0 cand_cap=20 cand=41->20 pick(must/bucket/top/rand)=1/8/7/4 sims=1176 loop=1156 best_avg=0.0218156 best_move=2,0 leader=3 inc2=1 attack_w=0.25
DBG t=49 used=0.019 remain=0.968 turn_time=0.0189804 end_in=0.0189804 depth=10 dec=0 cand_cap=20 cand=42->20 pick(must/bucket/top/rand)=1/8/7/4 sims=1004 loop=984 best_avg=0.141415 best_move=3,6 leader=2 inc2=1 attack_w=0.25
DBG t=61 used=0.019 remain=0.74 turn_time=0.0189744 end_in=0.0189744 depth=10 dec=0 cand_cap=20 cand=57->20 pick(must/bucket/top/rand)=1/8/7/4 sims=868 loop=848 best_avg=0.17916 best_move=4,8 leader=2 inc2=0 attack_w=0.25
DBG t=74 used=0.019 remain=0.493 turn_time=0.0189615 end_in=0.0189615 depth=11 dec=0 cand_cap=20 cand=64->20 pick(must/bucket/top/rand)=1/8/7/4 sims=740 loop=720 best_avg=0.33454 best_move=5,6 leader=2 inc2=0 attack_w=0.25
DBG t=86 used=0.019 remain=0.265 turn_time=0.0189286 end_in=0.0189286 depth=11 dec=0 cand_cap=20 cand=72->20 pick(must/bucket/top/rand)=1/6/9/4 sims=780 loop=760 best_avg=0.372791 best_move=2,1 leader=4 inc2=1 attack_w=0.25
DBG t=99 used=0.018 remain=0.018 turn_time=0.018 end_in=0.017 depth=0 dec=0 cand_cap=20 cand=76->20 pick(must/bucket/top/rand)=1/8/7/4 sims=32848 loop=32828 best_avg=0.369068 best_move=2,1 leader=4 inc2=1 attack_w=0.25
DBG summary depth_safety_fired=0
Score = 198589
=== CASE 0191.txt ===
DBG hdr N=10 M=4 T=100 U=5 VMAX=1662 TIME_LIMIT=1.94 MAX_CAND=20 UCB_C=0.21
DBG t=0 used=0.02 remain=1.94 turn_time=0.0194 end_in=0.0194 depth=7 dec=0 cand_cap=20 cand=5->5 pick(must/bucket/top/rand)=1/2/2/0 sims=3685 loop=3680 best_avg=-0.819737 best_move=7,1 leader=2 inc2=1 attack_w=0.15
DBG t=12 used=0.02 remain=1.7 turn_time=0.0193182 end_in=0.0193182 depth=7 dec=0 cand_cap=20 cand=29->20 pick(must/bucket/top/rand)=1/2/13/4 sims=2720 loop=2700 best_avg=-0.63923 best_move=9,8 leader=1 inc2=1 attack_w=0.25
DBG t=24 used=0.02 remain=1.46 turn_time=0.0192105 end_in=0.0192105 depth=7 dec=0 cand_cap=20 cand=31->20 pick(must/bucket/top/rand)=1/2/13/4 sims=2304 loop=2284 best_avg=-0.661912 best_move=8,7 leader=3 inc2=1 attack_w=0.25
DBG t=37 used=0.02 remain=1.2 turn_time=0.0190476 end_in=0.0190476 depth=10 dec=0 cand_cap=20 cand=31->20 pick(must/bucket/top/rand)=1/5/10/4 sims=1492 loop=1472 best_avg=-0.54738 best_move=9,9 leader=2 inc2=1 attack_w=0.25
DBG t=49 used=0.019 remain=0.968 turn_time=0.0189804 end_in=0.0189804 depth=10 dec=0 cand_cap=20 cand=37->20 pick(must/bucket/top/rand)=1/7/8/4 sims=1232 loop=1212 best_avg=-0.505618 best_move=7,9 leader=2 inc2=1 attack_w=0.25
DBG t=61 used=0.019 remain=0.74 turn_time=0.0189744 end_in=0.0189744 depth=10 dec=0 cand_cap=20 cand=39->20 pick(must/bucket/top/rand)=1/6/9/4 sims=1172 loop=1152 best_avg=-0.555135 best_move=6,7 leader=2 inc2=0 attack_w=0.25
DBG t=74 used=0.019 remain=0.493 turn_time=0.0189615 end_in=0.0189615 depth=11 dec=0 cand_cap=20 cand=43->20 pick(must/bucket/top/rand)=1/6/9/4 sims=1064 loop=1044 best_avg=-0.521564 best_move=5,7 leader=2 inc2=0 attack_w=0.25
DBG t=86 used=0.019 remain=0.265 turn_time=0.0189286 end_in=0.0189286 depth=11 dec=0 cand_cap=20 cand=47->20 pick(must/bucket/top/rand)=1/6/9/4 sims=1084 loop=1064 best_avg=-0.564718 best_move=6,8 leader=2 inc2=0 attack_w=0.25
DBG t=99 used=0.018 remain=0.018 turn_time=0.018 end_in=0.017 depth=0 dec=0 cand_cap=20 cand=48->20 pick(must/bucket/top/rand)=1/6/9/4 sims=23720 loop=23700 best_avg=-0.453079 best_move=7,6 leader=2 inc2=1 attack_w=0.25
DBG summary depth_safety_fired=0
Score = 154635
=== CASE 0192.txt ===
DBG hdr N=10 M=2 T=100 U=4 VMAX=1748 TIME_LIMIT=1.94 MAX_CAND=20 UCB_C=0.21
DBG t=0 used=0.02 remain=1.94 turn_time=0.0194 end_in=0.0194 depth=7 dec=0 cand_cap=20 cand=5->5 pick(must/bucket/top/rand)=1/2/2/0 sims=6109 loop=6104 best_avg=-2.74463 best_move=1,2 leader=1 inc2=1 attack_w=0.844258
DBG t=12 used=0.02 remain=1.7 turn_time=0.0193182 end_in=0.0193182 depth=7 dec=0 cand_cap=20 cand=16->16 pick(must/bucket/top/rand)=1/3/12/0 sims=4840 loop=4824 best_avg=-2.62772 best_move=3,1 leader=1 inc2=1 attack_w=0.25
DBG t=24 used=0.02 remain=1.46 turn_time=0.0192105 end_in=0.0192105 depth=7 dec=0 cand_cap=20 cand=19->19 pick(must/bucket/top/rand)=1/5/10/3 sims=4791 loop=4772 best_avg=-2.82624 best_move=5,1 leader=1 inc2=1 attack_w=0.25
DBG t=37 used=0.02 remain=1.2 turn_time=0.0190476 end_in=0.0190476 depth=10 dec=0 cand_cap=20 cand=23->20 pick(must/bucket/top/rand)=1/7/8/4 sims=2760 loop=2740 best_avg=-2.90145 best_move=5,0 leader=1 inc2=1 attack_w=0.25
DBG t=49 used=0.019 remain=0.968 turn_time=0.0189804 end_in=0.0189804 depth=10 dec=0 cand_cap=20 cand=24->20 pick(must/bucket/top/rand)=1/7/8/4 sims=2376 loop=2356 best_avg=-2.86438 best_move=4,3 leader=1 inc2=1 attack_w=0.25
DBG t=61 used=0.019 remain=0.74 turn_time=0.0189744 end_in=0.0189744 depth=10 dec=0 cand_cap=20 cand=28->20 pick(must/bucket/top/rand)=1/7/8/4 sims=2192 loop=2172 best_avg=-2.8829 best_move=3,3 leader=1 inc2=1 attack_w=0.25
DBG t=74 used=0.019 remain=0.493 turn_time=0.0189615 end_in=0.0189615 depth=11 dec=0 cand_cap=20 cand=33->20 pick(must/bucket/top/rand)=1/5/10/4 sims=1832 loop=1812 best_avg=-2.99984 best_move=3,4 leader=1 inc2=1 attack_w=0.25
DBG t=86 used=0.019 remain=0.265 turn_time=0.0189286 end_in=0.0189286 depth=11 dec=0 cand_cap=20 cand=41->20 pick(must/bucket/top/rand)=1/6/9/4 sims=2572 loop=2552 best_avg=-3.06533 best_move=1,6 leader=1 inc2=1 attack_w=0.25
DBG t=99 used=0.018 remain=0.018 turn_time=0.018 end_in=0.017 depth=0 dec=0 cand_cap=20 cand=44->20 pick(must/bucket/top/rand)=1/5/10/4 sims=57804 loop=57784 best_avg=-2.94182 best_move=3,6 leader=1 inc2=1 attack_w=0.25
DBG summary depth_safety_fired=0
Score = 122393
=== CASE 0193.txt ===
DBG hdr N=10 M=2 T=100 U=4 VMAX=1939 TIME_LIMIT=1.94 MAX_CAND=20 UCB_C=0.21
DBG t=0 used=0.02 remain=1.94 turn_time=0.0194 end_in=0.0194 depth=7 dec=0 cand_cap=20 cand=5->5 pick(must/bucket/top/rand)=1/2/2/0 sims=5873 loop=5868 best_avg=-2.83021 best_move=5,6 leader=1 inc2=1 attack_w=0.15
DBG t=12 used=0.02 remain=1.7 turn_time=0.0193182 end_in=0.0193182 depth=7 dec=0 cand_cap=20 cand=4->4 pick(must/bucket/top/rand)=1/3/0/0 sims=5268 loop=5264 best_avg=-2.95131 best_move=4,3 leader=1 inc2=1 attack_w=0.25
DBG t=24 used=0.02 remain=1.46 turn_time=0.0192105 end_in=0.0192105 depth=7 dec=0 cand_cap=20 cand=18->18 pick(must/bucket/top/rand)=1/6/9/2 sims=5198 loop=5180 best_avg=-2.52854 best_move=3,5 leader=1 inc2=1 attack_w=0.25
DBG t=37 used=0.02 remain=1.2 turn_time=0.0190476 end_in=0.0190476 depth=10 dec=0 cand_cap=20 cand=22->20 pick(must/bucket/top/rand)=1/6/9/4 sims=3168 loop=3148 best_avg=-1.83827 best_move=3,3 leader=1 inc2=1 attack_w=0.25
DBG t=49 used=0.019 remain=0.968 turn_time=0.0189804 end_in=0.0189804 depth=10 dec=0 cand_cap=20 cand=23->20 pick(must/bucket/top/rand)=1/4/11/4 sims=2984 loop=2964 best_avg=-1.1636 best_move=1,3 leader=1 inc2=1 attack_w=0.15
DBG t=61 used=0.019 remain=0.74 turn_time=0.0189744 end_in=0.0189744 depth=10 dec=0 cand_cap=20 cand=27->20 pick(must/bucket/top/rand)=1/4/11/4 sims=2716 loop=2696 best_avg=-0.789587 best_move=4,6 leader=1 inc2=1 attack_w=0.15
DBG t=74 used=0.019 remain=0.493 turn_time=0.0189615 end_in=0.0189615 depth=11 dec=0 cand_cap=20 cand=27->20 pick(must/bucket/top/rand)=1/4/11/4 sims=2492 loop=2472 best_avg=-0.693464 best_move=2,4 leader=1 inc2=1 attack_w=0.15
DBG t=86 used=0.019 remain=0.265 turn_time=0.0189286 end_in=0.0189286 depth=11 dec=0 cand_cap=20 cand=30->20 pick(must/bucket/top/rand)=1/4/11/4 sims=2248 loop=2228 best_avg=-0.57614 best_move=3,5 leader=1 inc2=1 attack_w=0.15
DBG t=99 used=0.018 remain=0.018 turn_time=0.018 end_in=0.017 depth=0 dec=0 cand_cap=20 cand=35->20 pick(must/bucket/top/rand)=1/3/12/4 sims=66628 loop=66608 best_avg=-0.387605 best_move=2,4 leader=1 inc2=1 attack_w=0.15
DBG summary depth_safety_fired=0
Score = 342120
=== CASE 0194.txt ===
DBG hdr N=10 M=6 T=100 U=4 VMAX=1728 TIME_LIMIT=1.94 MAX_CAND=20 UCB_C=0.21
DBG t=0 used=0.02 remain=1.94 turn_time=0.0194 end_in=0.0194 depth=7 dec=0 cand_cap=20 cand=4->4 pick(must/bucket/top/rand)=1/2/1/0 sims=3056 loop=3052 best_avg=-0.801541 best_move=1,8 leader=2 inc2=1 attack_w=1
DBG t=12 used=0.02 remain=1.7 turn_time=0.0193182 end_in=0.0193182 depth=7 dec=0 cand_cap=20 cand=13->13 pick(must/bucket/top/rand)=1/2/10/0 sims=1997 loop=1984 best_avg=-0.667907 best_move=4,9 leader=2 inc2=1 attack_w=1
DBG t=24 used=0.02 remain=1.46 turn_time=0.0192105 end_in=0.0192105 depth=7 dec=0 cand_cap=20 cand=17->17 pick(must/bucket/top/rand)=1/2/13/1 sims=1893 loop=1876 best_avg=-0.452999 best_move=3,8 leader=2 inc2=1 attack_w=0.292538
DBG t=37 used=0.02 remain=1.2 turn_time=0.0190476 end_in=0.0190476 depth=10 dec=0 cand_cap=20 cand=28->20 pick(must/bucket/top/rand)=1/3/12/4 sims=1128 loop=1108 best_avg=-0.298618 best_move=7,8 leader=2 inc2=1 attack_w=0.25
DBG t=49 used=0.019 remain=0.968 turn_time=0.0189804 end_in=0.0189804 depth=10 dec=0 cand_cap=20 cand=35->20 pick(must/bucket/top/rand)=1/5/10/4 sims=904 loop=884 best_avg=-0.172472 best_move=8,8 leader=2 inc2=1 attack_w=0.25
DBG t=61 used=0.019 remain=0.74 turn_time=0.0189744 end_in=0.0189744 depth=10 dec=0 cand_cap=20 cand=42->20 pick(must/bucket/top/rand)=1/6/9/4 sims=948 loop=928 best_avg=-0.00807619 best_move=4,8 leader=2 inc2=1 attack_w=0.25
DBG t=74 used=0.019 remain=0.493 turn_time=0.0189615 end_in=0.0189615 depth=11 dec=0 cand_cap=20 cand=47->20 pick(must/bucket/top/rand)=1/7/8/4 sims=1072 loop=1052 best_avg=0.0859422 best_move=3,5 leader=2 inc2=1 attack_w=0.25
DBG t=86 used=0.019 remain=0.265 turn_time=0.0189286 end_in=0.0189286 depth=11 dec=0 cand_cap=20 cand=50->20 pick(must/bucket/top/rand)=1/6/9/4 sims=936 loop=916 best_avg=0.0927968 best_move=5,6 leader=1 inc2=1 attack_w=0.25
DBG t=99 used=0.018 remain=0.018 turn_time=0.018 end_in=0.017 depth=0 dec=0 cand_cap=20 cand=53->20 pick(must/bucket/top/rand)=1/6/9/4 sims=22436 loop=22416 best_avg=0.258538 best_move=5,4 leader=1 inc2=1 attack_w=0.25
DBG summary depth_safety_fired=0
Score = 179277
=== CASE 0196.txt ===
DBG hdr N=10 M=2 T=100 U=3 VMAX=1521 TIME_LIMIT=1.94 MAX_CAND=20 UCB_C=0.21
DBG t=0 used=0.02 remain=1.94 turn_time=0.0194 end_in=0.0194 depth=7 dec=0 cand_cap=20 cand=5->5 pick(must/bucket/top/rand)=1/2/2/0 sims=6025 loop=6020 best_avg=-3.01064 best_move=7,4 leader=1 inc2=1 attack_w=0.196846
DBG t=12 used=0.02 remain=1.7 turn_time=0.0193182 end_in=0.0193182 depth=7 dec=0 cand_cap=20 cand=15->15 pick(must/bucket/top/rand)=1/2/12/0 sims=5099 loop=5084 best_avg=-3.07208 best_move=3,3 leader=1 inc2=1 attack_w=0.625167
DBG t=24 used=0.02 remain=1.46 turn_time=0.0192105 end_in=0.0192105 depth=7 dec=0 cand_cap=20 cand=17->17 pick(must/bucket/top/rand)=1/4/11/1 sims=4653 loop=4636 best_avg=-3.00239 best_move=4,3 leader=1 inc2=1 attack_w=0.263693
DBG t=37 used=0.02 remain=1.2 turn_time=0.0190476 end_in=0.0190476 depth=10 dec=0 cand_cap=20 cand=19->19 pick(must/bucket/top/rand)=1/5/10/3 sims=2527 loop=2508 best_avg=-3.20911 best_move=3,4 leader=1 inc2=1 attack_w=0.628425
DBG t=49 used=0.019 remain=0.968 turn_time=0.0189804 end_in=0.0189804 depth=10 dec=0 cand_cap=20 cand=23->20 pick(must/bucket/top/rand)=1/6/9/4 sims=2488 loop=2468 best_avg=-3.12216 best_move=3,3 leader=1 inc2=1 attack_w=0.578421
DBG t=61 used=0.019 remain=0.74 turn_time=0.0189744 end_in=0.0189744 depth=10 dec=0 cand_cap=20 cand=25->20 pick(must/bucket/top/rand)=1/5/10/4 sims=2272 loop=2252 best_avg=-3.26797 best_move=3,4 leader=1 inc2=1 attack_w=0.593057
DBG t=74 used=0.019 remain=0.493 turn_time=0.0189615 end_in=0.0189615 depth=11 dec=0 cand_cap=20 cand=25->20 pick(must/bucket/top/rand)=1/6/9/4 sims=2044 loop=2024 best_avg=-3.27075 best_move=2,3 leader=1 inc2=1 attack_w=0.527352
DBG t=86 used=0.019 remain=0.265 turn_time=0.0189286 end_in=0.0189286 depth=11 dec=0 cand_cap=20 cand=25->20 pick(must/bucket/top/rand)=1/6/9/4 sims=2012 loop=1992 best_avg=-3.28002 best_move=2,3 leader=1 inc2=1 attack_w=0.527352
DBG t=99 used=0.018 remain=0.018 turn_time=0.018 end_in=0.017 depth=0 dec=0 cand_cap=20 cand=29->20 pick(must/bucket/top/rand)=1/6/9/4 sims=48364 loop=48344 best_avg=-2.92768 best_move=2,3 leader=1 inc2=1 attack_w=0.25
DBG summary depth_safety_fired=0
Score = 110324
=== CASE 0197.txt ===
DBG hdr N=10 M=2 T=100 U=5 VMAX=2471 TIME_LIMIT=1.94 MAX_CAND=20 UCB_C=0.21
DBG t=0 used=0.02 remain=1.94 turn_time=0.0194 end_in=0.0194 depth=7 dec=0 cand_cap=20 cand=5->5 pick(must/bucket/top/rand)=1/2/2/0 sims=5945 loop=5940 best_avg=-3.53623 best_move=1,7 leader=1 inc2=1 attack_w=0.15
DBG t=12 used=0.02 remain=1.7 turn_time=0.0193182 end_in=0.0193182 depth=7 dec=0 cand_cap=20 cand=13->13 pick(must/bucket/top/rand)=1/2/10/0 sims=3613 loop=3600 best_avg=-3.45583 best_move=2,6 leader=1 inc2=1 attack_w=1
DBG t=24 used=0.02 remain=1.46 turn_time=0.0192105 end_in=0.0192105 depth=7 dec=0 cand_cap=20 cand=16->16 pick(must/bucket/top/rand)=1/2/13/0 sims=3272 loop=3256 best_avg=-3.54695 best_move=0,6 leader=1 inc2=1 attack_w=1
DBG t=37 used=0.02 remain=1.2 turn_time=0.0190476 end_in=0.0190476 depth=10 dec=0 cand_cap=20 cand=31->20 pick(must/bucket/top/rand)=1/4/11/4 sims=1976 loop=1956 best_avg=-3.42171 best_move=5,3 leader=1 inc2=1 attack_w=1
DBG t=49 used=0.019 remain=0.968 turn_time=0.0189804 end_in=0.0189804 depth=10 dec=0 cand_cap=20 cand=49->20 pick(must/bucket/top/rand)=1/8/7/4 sims=1728 loop=1708 best_avg=-2.88923 best_move=5,1 leader=1 inc2=1 attack_w=0.25
DBG t=61 used=0.019 remain=0.74 turn_time=0.0189744 end_in=0.0189744 depth=10 dec=0 cand_cap=20 cand=29->20 pick(must/bucket/top/rand)=1/8/7/4 sims=1984 loop=1964 best_avg=-2.43472 best_move=7,3 leader=1 inc2=1 attack_w=0.25
DBG t=74 used=0.019 remain=0.493 turn_time=0.0189615 end_in=0.0189615 depth=11 dec=0 cand_cap=20 cand=35->20 pick(must/bucket/top/rand)=1/8/7/4 sims=1700 loop=1680 best_avg=-2.09858 best_move=5,1 leader=1 inc2=1 attack_w=0.25
DBG t=86 used=0.019 remain=0.265 turn_time=0.0189286 end_in=0.0189286 depth=11 dec=0 cand_cap=20 cand=28->20 pick(must/bucket/top/rand)=1/7/8/4 sims=1776 loop=1756 best_avg=-1.95533 best_move=4,0 leader=1 inc2=1 attack_w=0.25
DBG t=99 used=0.018 remain=0.018 turn_time=0.018 end_in=0.017 depth=0 dec=0 cand_cap=20 cand=32->20 pick(must/bucket/top/rand)=1/8/7/4 sims=38760 loop=38740 best_avg=-1.65734 best_move=5,1 leader=1 inc2=1 attack_w=0.25
DBG summary depth_safety_fired=0
Score = 228984
=== CASE 0195.txt ===
DBG hdr N=10 M=8 T=100 U=4 VMAX=1904 TIME_LIMIT=1.94 MAX_CAND=20 UCB_C=0.21
DBG t=0 used=0.02 remain=1.94 turn_time=0.0194 end_in=0.0194 depth=7 dec=0 cand_cap=20 cand=4->4 pick(must/bucket/top/rand)=1/2/1/0 sims=2292 loop=2288 best_avg=-0.694732 best_move=1,9 leader=7 inc2=1 attack_w=1
DBG t=12 used=0.02 remain=1.7 turn_time=0.0193182 end_in=0.0193182 depth=7 dec=0 cand_cap=20 cand=16->16 pick(must/bucket/top/rand)=1/8/7/0 sims=1828 loop=1812 best_avg=-0.653022 best_move=0,9 leader=4 inc2=1 attack_w=1
DBG t=24 used=0.02 remain=1.46 turn_time=0.0192105 end_in=0.0192105 depth=7 dec=0 cand_cap=20 cand=11->11 pick(must/bucket/top/rand)=1/7/3/0 sims=1671 loop=1660 best_avg=-0.256674 best_move=2,4 leader=7 inc2=1 attack_w=0.25
DBG t=37 used=0.02 remain=1.2 turn_time=0.0190476 end_in=0.0190476 depth=10 dec=0 cand_cap=20 cand=17->17 pick(must/bucket/top/rand)=1/6/9/1 sims=1085 loop=1068 best_avg=-0.15381 best_move=2,4 leader=2 inc2=1 attack_w=0.25
DBG t=49 used=0.019 remain=0.968 turn_time=0.0189804 end_in=0.0189804 depth=10 dec=0 cand_cap=20 cand=19->19 pick(must/bucket/top/rand)=1/4/11/3 sims=883 loop=864 best_avg=-0.263186 best_move=0,5 leader=2 inc2=1 attack_w=0.25
DBG t=61 used=0.019 remain=0.74 turn_time=0.0189744 end_in=0.0189744 depth=10 dec=0 cand_cap=20 cand=21->20 pick(must/bucket/top/rand)=1/5/10/4 sims=952 loop=932 best_avg=-0.185201 best_move=4,4 leader=2 inc2=1 attack_w=0.25
DBG t=74 used=0.019 remain=0.493 turn_time=0.0189615 end_in=0.0189615 depth=11 dec=0 cand_cap=20 cand=25->20 pick(must/bucket/top/rand)=1/2/13/4 sims=872 loop=852 best_avg=-0.130133 best_move=4,3 leader=2 inc2=1 attack_w=0.25
DBG t=86 used=0.019 remain=0.265 turn_time=0.0189286 end_in=0.0189286 depth=11 dec=0 cand_cap=20 cand=30->20 pick(must/bucket/top/rand)=1/2/13/4 sims=856 loop=836 best_avg=-0.143309 best_move=4,3 leader=2 inc2=1 attack_w=0.25
DBG t=99 used=0.018 remain=0.018 turn_time=0.018 end_in=0.017 depth=0 dec=0 cand_cap=20 cand=30->20 pick(must/bucket/top/rand)=1/4/11/4 sims=15628 loop=15608 best_avg=-0.140058 best_move=3,1 leader=2 inc2=1 attack_w=0.25
DBG summary depth_safety_fired=0
Score = 123792
=== CASE 0198.txt ===
DBG hdr N=10 M=8 T=100 U=4 VMAX=1359 TIME_LIMIT=1.94 MAX_CAND=20 UCB_C=0.21
DBG t=0 used=0.02 remain=1.94 turn_time=0.0194 end_in=0.0194 depth=7 dec=0 cand_cap=20 cand=5->5 pick(must/bucket/top/rand)=1/2/2/0 sims=2517 loop=2512 best_avg=-0.646519 best_move=7,8 leader=4 inc2=1 attack_w=1
DBG t=12 used=0.02 remain=1.7 turn_time=0.0193182 end_in=0.0193182 depth=7 dec=0 cand_cap=20 cand=13->13 pick(must/bucket/top/rand)=1/3/9/0 sims=1421 loop=1408 best_avg=-0.60614 best_move=6,6 leader=4 inc2=1 attack_w=0.662568
DBG t=24 used=0.02 remain=1.46 turn_time=0.0192105 end_in=0.0192105 depth=7 dec=0 cand_cap=20 cand=13->13 pick(must/bucket/top/rand)=1/5/7/0 sims=1449 loop=1436 best_avg=-0.63521 best_move=6,6 leader=5 inc2=1 attack_w=0.75262
DBG t=37 used=0.02 remain=1.2 turn_time=0.0190476 end_in=0.0190476 depth=10 dec=0 cand_cap=20 cand=21->20 pick(must/bucket/top/rand)=1/7/8/4 sims=920 loop=900 best_avg=-0.427673 best_move=7,6 leader=5 inc2=1 attack_w=0.25
DBG t=49 used=0.019 remain=0.968 turn_time=0.0189804 end_in=0.0189804 depth=10 dec=0 cand_cap=20 cand=24->20 pick(must/bucket/top/rand)=1/7/8/4 sims=860 loop=840 best_avg=-0.379629 best_move=4,7 leader=3 inc2=1 attack_w=0.25
DBG t=61 used=0.019 remain=0.74 turn_time=0.0189744 end_in=0.0189744 depth=10 dec=0 cand_cap=20 cand=27->20 pick(must/bucket/top/rand)=1/6/9/4 sims=880 loop=860 best_avg=-0.160432 best_move=3,7 leader=3 inc2=1 attack_w=0.25
DBG t=74 used=0.019 remain=0.489 turn_time=0.0188077 end_in=0.0188077 depth=11 dec=0 cand_cap=20 cand=29->20 pick(must/bucket/top/rand)=1/6/9/4 sims=824 loop=804 best_avg=-0.113882 best_move=4,7 leader=3 inc2=1 attack_w=0.25
DBG t=86 used=0.019 remain=0.261 turn_time=0.0186429 end_in=0.0186429 depth=11 dec=0 cand_cap=20 cand=32->20 pick(must/bucket/top/rand)=1/5/10/4 sims=820 loop=800 best_avg=-0.0376998 best_move=4,8 leader=1 inc2=1 attack_w=0.25
DBG t=99 used=0.017 remain=0.017 turn_time=0.017 end_in=0.016 depth=0 dec=1 cand_cap=20 cand=33->20 pick(must/bucket/top/rand)=1/5/10/4 sims=14360 loop=14340 best_avg=0.199173 best_move=4,7 leader=3 inc2=1 attack_w=0.25
DBG summary depth_safety_fired=5
Score = 147286
=== CASE 0199.txt ===
DBG hdr N=10 M=2 T=100 U=4 VMAX=1844 TIME_LIMIT=1.94 MAX_CAND=20 UCB_C=0.21
DBG t=0 used=0.02 remain=1.94 turn_time=0.0194 end_in=0.0194 depth=7 dec=0 cand_cap=20 cand=5->5 pick(must/bucket/top/rand)=1/2/2/0 sims=5373 loop=5368 best_avg=-2.5888 best_move=1,6 leader=1 inc2=1 attack_w=0.15
DBG t=12 used=0.02 remain=1.7 turn_time=0.0193182 end_in=0.0193182 depth=7 dec=0 cand_cap=20 cand=14->14 pick(must/bucket/top/rand)=1/7/6/0 sims=4670 loop=4656 best_avg=-2.38451 best_move=0,8 leader=1 inc2=1 attack_w=0.25
DBG t=24 used=0.02 remain=1.46 turn_time=0.0192105 end_in=0.0192105 depth=7 dec=0 cand_cap=20 cand=30->20 pick(must/bucket/top/rand)=1/6/9/4 sims=3724 loop=3704 best_avg=-1.77951 best_move=5,8 leader=1 inc2=1 attack_w=0.25
DBG t=37 used=0.02 remain=1.2 turn_time=0.0190476 end_in=0.0190476 depth=10 dec=0 cand_cap=20 cand=33->20 pick(must/bucket/top/rand)=1/6/9/4 sims=2324 loop=2304 best_avg=-1.93489 best_move=1,9 leader=1 inc2=1 attack_w=0.25
DBG t=49 used=0.019 remain=0.968 turn_time=0.0189804 end_in=0.0189804 depth=10 dec=0 cand_cap=20 cand=33->20 pick(must/bucket/top/rand)=1/6/9/4 sims=2328 loop=2308 best_avg=-1.76834 best_move=0,9 leader=1 inc2=1 attack_w=0.25
DBG t=61 used=0.019 remain=0.74 turn_time=0.0189744 end_in=0.0189744 depth=10 dec=0 cand_cap=20 cand=35->20 pick(must/bucket/top/rand)=1/7/8/4 sims=2196 loop=2176 best_avg=-2.05291 best_move=2,7 leader=1 inc2=1 attack_w=0.25
DBG t=74 used=0.019 remain=0.488 turn_time=0.0187692 end_in=0.0187692 depth=11 dec=0 cand_cap=20 cand=34->20 pick(must/bucket/top/rand)=1/8/7/4 sims=1664 loop=1644 best_avg=-1.83985 best_move=3,6 leader=1 inc2=1 attack_w=0.25
DBG t=86 used=0.019 remain=0.26 turn_time=0.0185714 end_in=0.0185714 depth=11 dec=0 cand_cap=20 cand=37->20 pick(must/bucket/top/rand)=1/6/9/4 sims=1724 loop=1704 best_avg=-1.88542 best_move=4,8 leader=1 inc2=1 attack_w=0.25
DBG t=99 used=0.017 remain=0.017 turn_time=0.017 end_in=0.016 depth=0 dec=1 cand_cap=20 cand=42->20 pick(must/bucket/top/rand)=1/7/8/4 sims=58768 loop=58748 best_avg=-0.927766 best_move=2,8 leader=1 inc2=1 attack_w=0.25
DBG summary depth_safety_fired=6
Score = 306345
