time,gaze_x,gaze_y,gaze_z,cam_x,cam_y,cam_z,cam_qx,cam_qy,cam_qz,cam_qw,gaze_o_x,gaze_o_y,gaze_o_z,gaze_dir_x,gaze_dir_y,gaze_dir_z,p0Id,p0_x,p0_y,p0_z,p1Id,p1_x,p1_y,p1_z
PREF,CourseWidth,13
PREF,SlopeAngle,8
PREF,PlayerFSpeed,95
PREF,PlayerHSpeed,8
PREF,CameraHeight,3
PREF,SubjectID,2
PREF,Method,0
PREF,RandomSeed,8
PREF,ThresholdAngleDeg,4.14
PREF,Blur_OuterAngleDeg,140
PREF,Blur_SigmaPx,1.3
PREF,"SnowPlaneNormal",0,0.9902681,0.1391731
PREF,"SnowPlanePoint",0,-56.21634,400
START_REL_SEC,0
0,NaN,NaN,NaN,-4.237825,5.031712,0.05247774,-0.1015577,-0.05118706,0.01843185,-0.9933409,NaN,NaN,NaN,NaN,NaN,NaN,-1,NaN,NaN,NaN,-1,NaN,NaN,NaN
0,-0.03710414,-1.668626,12.23218,-4.238886,2.981375,0.05171834,-0.09831858,-0.05154542,0.02024367,-0.993613,-4.238847,2.980246,0.05197791,0.3067505,-0.3393934,0.8892223,-1,NaN,NaN,NaN,-1,NaN,NaN,NaN
0.02001953,-0.002793789,-1.684287,12.34362,-4.239472,2.981891,0.05178551,-0.09572375,-0.05147588,0.02114201,-0.9938512,-4.239415,2.980345,0.05182454,0.3067152,-0.3377014,0.8898784,-1,NaN,NaN,NaN,-1,NaN,NaN,NaN
0.03387451,NaN,NaN,NaN,-4.239819,2.982233,0.05175173,-0.0942518,-0.05140575,0.02191347,-0.9939789,NaN,NaN,NaN,NaN,NaN,NaN,-1,NaN,NaN,NaN,-1,NaN,NaN,NaN
0.05371094,NaN,NaN,NaN,-4.240364,2.982083,0.05117927,-0.09518845,-0.05159757,0.0230553,-0.9938538,NaN,NaN,NaN,NaN,NaN,NaN,-1,NaN,NaN,NaN,-1,NaN,NaN,NaN
0.07318115,NaN,NaN,NaN,-4.240779,2.981125,0.04984173,-0.09921272,-0.05195374,0.02391268,-0.9934213,NaN,NaN,NaN,NaN,NaN,NaN,-1,NaN,NaN,NaN,-1,NaN,NaN,NaN
0.0949707,NaN,NaN,NaN,-4.241717,2.980756,0.04856875,-0.1035881,-0.05268801,0.02516792,-0.9929048,NaN,NaN,NaN,NaN,NaN,NaN,-1,NaN,NaN,NaN,-1,NaN,NaN,NaN
0.1228638,NaN,NaN,NaN,-4.242461,2.981,0.04824752,-0.1030481,-0.05282597,0.02559768,-0.9929427,NaN,NaN,NaN,NaN,NaN,NaN,-1,NaN,NaN,NaN,-1,NaN,NaN,NaN
0.1506348,NaN,NaN,NaN,-4.243755,2.981353,0.04683721,-0.1013824,-0.05302965,0.02560627,-0.9931031,NaN,NaN,NaN,NaN,NaN,NaN,-1,NaN,NaN,NaN,-1,NaN,NaN,NaN
0.1784058,NaN,NaN,NaN,-4.243957,2.981433,0.04573444,-0.09982497,-0.05281002,0.02464608,-0.9932969,NaN,NaN,NaN,NaN,NaN,NaN,-1,NaN,NaN,NaN,-1,NaN,NaN,NaN
0.1974487,NaN,NaN,NaN,-4.243292,2.981398,0.04399713,-0.09942801,-0.0529923,0.02384851,-0.9933465,NaN,NaN,NaN,NaN,NaN,NaN,-1,NaN,NaN,NaN,-1,NaN,NaN,NaN
0.2200928,NaN,NaN,NaN,-4.242321,2.981182,0.04268496,-0.1008046,-0.05377305,0.02411854,-0.9931592,NaN,NaN,NaN,NaN,NaN,NaN,-1,NaN,NaN,NaN,-1,NaN,NaN,NaN
0.2382813,NaN,NaN,NaN,-4.239037,2.981071,0.04128577,-0.1031527,-0.0553017,0.02525574,-0.9928059,NaN,NaN,NaN,NaN,NaN,NaN,-1,NaN,NaN,NaN,-1,NaN,NaN,NaN
0.2620239,NaN,NaN,NaN,-4.23626,2.981317,0.0408076,-0.1040532,-0.05660471,0.02483618,-0.992649,NaN,NaN,NaN,NaN,NaN,NaN,-1,NaN,NaN,NaN,-1,NaN,NaN,NaN
0.2897949,NaN,NaN,NaN,-4.234136,2.9813,0.03977533,-0.1041151,-0.058417,0.0241157,-0.9925553,NaN,NaN,NaN,NaN,NaN,NaN,-1,NaN,NaN,NaN,-1,NaN,NaN,NaN
0.3035278,NaN,NaN,NaN,-4.235335,2.981591,0.03954995,-0.1024879,-0.05957262,0.02421967,-0.9926534,NaN,NaN,NaN,NaN,NaN,NaN,-1,NaN,NaN,NaN,-1,NaN,NaN,NaN
0.331543,NaN,NaN,NaN,-4.236679,2.981669,0.03858464,-0.1001728,-0.06116137,0.02490074,-0.9927762,NaN,NaN,NaN,NaN,NaN,NaN,-1,NaN,NaN,NaN,-1,NaN,NaN,NaN
0.3458252,NaN,NaN,NaN,-4.236981,2.981797,0.03807566,-0.09783651,-0.06059893,0.02301466,-0.9930893,NaN,NaN,NaN,NaN,NaN,NaN,-1,NaN,NaN,NaN,-1,NaN,NaN,NaN
0.3756104,NaN,NaN,NaN,-4.238267,2.982166,0.03739052,-0.09400213,-0.05922244,0.02138509,-0.9935789,NaN,NaN,NaN,NaN,NaN,NaN,-1,NaN,NaN,NaN,-1,NaN,NaN,NaN
0.4088135,NaN,NaN,NaN,-4.242032,2.982401,0.03686551,-0.08956487,-0.05712648,0.02141534,-0.9941108,NaN,NaN,NaN,NaN,NaN,NaN,-1,NaN,NaN,NaN,-1,NaN,NaN,NaN
0.4413452,NaN,NaN,NaN,-4.244823,2.982617,0.03629821,-0.08739144,-0.05459487,0.02133018,-0.9944482,NaN,NaN,NaN,NaN,NaN,NaN,-1,NaN,NaN,NaN,-1,NaN,NaN,NaN
0.4744263,NaN,NaN,NaN,-4.24748,2.983181,0.03592201,-0.08597963,-0.05174219,0.01986294,-0.9947541,NaN,NaN,NaN,NaN,NaN,NaN,-1,NaN,NaN,NaN,-1,NaN,NaN,NaN
0.5061035,NaN,NaN,NaN,-4.250378,2.984235,0.03595194,-0.08412174,-0.04901631,0.01946145,-0.995059,NaN,NaN,NaN,NaN,NaN,NaN,-1,NaN,NaN,NaN,-1,NaN,NaN,NaN
0.5363159,NaN,NaN,NaN,-4.253174,2.985322,0.03612226,-0.08140305,-0.04629722,0.01860953,-0.9954315,NaN,NaN,NaN,NaN,NaN,NaN,-1,NaN,NaN,NaN,-1,NaN,NaN,NaN
0.5641479,NaN,NaN,NaN,-4.256588,2.986824,0.03649953,-0.07902692,-0.04382073,0.01779272,-0.99575,NaN,NaN,NaN,NaN,NaN,NaN,-1,NaN,NaN,NaN,-1,NaN,NaN,NaN
0.592041,NaN,NaN,NaN,-4.261004,2.987535,0.03698827,-0.07717869,-0.04207416,0.01842031,-0.9959588,NaN,NaN,NaN,NaN,NaN,NaN,-1,NaN,NaN,NaN,-1,NaN,NaN,NaN
0.6199951,NaN,NaN,NaN,-4.264363,2.988799,0.03778303,-0.07666232,-0.04012555,0.01799883,-0.9960868,NaN,NaN,NaN,NaN,NaN,NaN,-1,NaN,NaN,NaN,-1,NaN,NaN,NaN
0.6378174,NaN,NaN,NaN,-4.265326,2.989362,0.03836508,-0.07667565,-0.03870589,0.01675119,-0.9961637,NaN,NaN,NaN,NaN,NaN,NaN,-1,NaN,NaN,NaN,-1,NaN,NaN,NaN
0.6616211,NaN,NaN,NaN,-4.267953,2.990539,0.039843,-0.07577544,-0.03576166,0.01485303,-0.9963727,NaN,NaN,NaN,NaN,NaN,NaN,-1,NaN,NaN,NaN,-1,NaN,NaN,NaN
0.6795044,0.7137848,-2.206056,16.05617,-4.269041,2.991185,0.0409225,-0.07434054,-0.03428763,0.014129,-0.9965432,-4.268353,2.98737,0.03750727,0.2837035,-0.2957352,0.9121694,-1,NaN,NaN,NaN,-1,NaN,NaN,NaN
0.7034302,NaN,NaN,NaN,-4.270854,2.992445,0.04328754,-0.07075532,-0.0317831,0.01303052,-0.996902,-4.270367,2.988743,0.0389111,0.08024827,-0.05068232,0.9954856,-1,NaN,NaN,NaN,-1,NaN,NaN,NaN
0.7213745,NaN,NaN,NaN,-4.270947,2.993027,0.04466824,-0.068568,-0.03071755,0.01200878,-0.9971011,-4.270451,2.988743,0.0389111,0.08024827,-0.05068232,0.9954856,-1,NaN,NaN,NaN,-1,NaN,NaN,NaN
0.7449341,NaN,NaN,NaN,-4.271774,2.993961,0.0475429,-0.06458981,-0.02893637,0.01042644,-0.9974378,-4.271522,2.990183,0.04104932,0.07398112,-0.04180894,0.9963829,-1,NaN,NaN,NaN,-1,NaN,NaN,NaN
0.7633057,NaN,NaN,NaN,-4.271361,2.994201,0.04911447,-0.06324166,-0.02846919,0.009953107,-0.9975424,-4.271154,2.990183,0.04104932,0.07398112,-0.04180894,0.9963829,-1,NaN,NaN,NaN,-1,NaN,NaN,NaN
0.7867432,NaN,NaN,NaN,-4.26934,2.99459,0.05267215,-0.06040273,-0.02775344,0.009204407,-0.9977458,-4.269615,2.991551,0.04384218,0.08146793,-0.03835019,0.9959379,-1,NaN,NaN,NaN,-1,NaN,NaN,NaN
0.8045654,NaN,NaN,NaN,-4.267869,2.994683,0.05466202,-0.05904432,-0.027687,0.008979259,-0.997831,-4.268311,2.992686,0.04735155,0.08797243,-0.03058195,0.9956533,-1,NaN,NaN,NaN,-1,NaN,NaN,NaN
0.8290405,NaN,NaN,NaN,-4.264378,2.9947,0.05884275,-0.05621418,-0.02738141,0.008060352,-0.9980107,-4.265208,2.992686,0.04735155,0.08797243,-0.03058195,0.9956533,-1,NaN,NaN,NaN,-1,NaN,NaN,NaN
0.8462524,NaN,NaN,NaN,-4.262787,2.994318,0.06108768,-0.05539197,-0.02733866,0.007326234,-0.9980635,-4.263607,2.993367,0.05143536,0.09212442,-0.03428759,0.995157,-1,NaN,NaN,NaN,-1,NaN,NaN,NaN
0.8701782,NaN,NaN,NaN,-4.259437,2.993509,0.06572217,-0.0537746,-0.02672811,0.005736569,-0.9981789,-4.260324,2.993513,0.05611286,0.09724512,-0.04212457,0.9943686,-1,NaN,NaN,NaN,-1,NaN,NaN,NaN
0.8876953,NaN,NaN,NaN,-4.257383,2.99291,0.06816013,-0.05344753,-0.02632846,0.005162446,-0.9982102,-4.258499,2.993513,0.05611286,0.09724512,-0.04212457,0.9943686,-1,NaN,NaN,NaN,-1,NaN,NaN,NaN
0.9119873,NaN,NaN,NaN,-4.252434,2.991769,0.0730717,-0.05274127,-0.02551465,0.004328303,-0.9982728,-4.253661,2.993074,0.06129888,0.09597677,-0.04103759,0.9945372,-1,NaN,NaN,NaN,-1,NaN,NaN,NaN
0.9301147,NaN,NaN,NaN,-4.249013,2.991004,0.07561032,-0.05278107,-0.02500652,0.003966732,-0.9982851,-4.250621,2.993074,0.06129888,0.09597677,-0.04103759,0.9945372,-1,NaN,NaN,NaN,-1,NaN,NaN,NaN
0.9537354,NaN,NaN,NaN,-4.242378,2.989197,0.08075874,-0.05248093,-0.02389524,0.002975338,-0.9983316,-4.244161,2.992124,0.06688438,0.08159427,-0.0683916,0.9943163,-1,NaN,NaN,NaN,-1,NaN,NaN,NaN
0.9713745,NaN,NaN,NaN,-4.238664,2.987986,0.08341385,-0.05205608,-0.02325963,0.002492247,-0.9983702,-4.240167,2.990691,0.07275289,0.07753397,-0.0675237,0.9947005,-1,NaN,NaN,NaN,-1,NaN,NaN,NaN
0.9957886,NaN,NaN,NaN,-4.230268,2.985796,0.08864754,-0.05065754,-0.0213692,0.001436739,-0.9984864,-4.232705,2.990691,0.07275289,0.07753397,-0.0675237,0.9947005,-1,NaN,NaN,NaN,-1,NaN,NaN,NaN
1.013062,NaN,NaN,NaN,-4.225712,2.984751,0.09118702,-0.05016759,-0.02017932,0.001101755,-0.9985363,-4.227691,2.98864,0.07882959,0.07501725,-0.06488113,0.9950693,-1,NaN,NaN,NaN,-1,NaN,NaN,NaN
1.037415,NaN,NaN,NaN,-4.217419,2.982031,0.09617985,-0.04938129,-0.01835386,0.001300868,-0.9986105,-4.219376,2.986232,0.08507247,0.07073945,-0.06347485,0.9954732,-1,NaN,NaN,NaN,-1,NaN,NaN,NaN
1.054871,NaN,NaN,NaN,-4.212683,2.980302,0.09865685,-0.04911337,-0.01739342,0.001516617,-0.9986407,-4.215166,2.986232,0.08507247,0.07073945,-0.06347485,0.9954732,-1,NaN,NaN,NaN,-1,NaN,NaN,NaN
1.079041,NaN,NaN,NaN,-4.20217,2.977367,0.1035339,-0.04827188,-0.01517849,0.001100565,-0.9987183,-4.204774,2.983477,0.09123659,0.06647304,-0.06208235,0.995855,-1,NaN,NaN,NaN,-1,NaN,NaN,NaN
1.096985,NaN,NaN,NaN,-4.196773,2.97618,0.1057968,-0.04790249,-0.01449381,0.001087123,-0.9987463,-4.199977,2.983477,0.09123659,0.06647304,-0.06208235,0.995855,-1,NaN,NaN,NaN,-1,NaN,NaN,NaN
1.12085,NaN,NaN,NaN,-4.18362,2.972842,0.1101765,-0.04708062,-0.01298054,7.403118E-05,-0.9988068,-4.187116,2.980115,0.09717502,0.07285595,-0.06012483,0.9955286,-1,NaN,NaN,NaN,-1,NaN,NaN,NaN
1.138428,NaN,NaN,NaN,-4.176868,2.971216,0.1123018,-0.04716012,-0.01218905,-0.0006012184,-0.9988129,-4.17976,2.976643,0.1028797,0.06947881,-0.05703875,0.9959514,-1,NaN,NaN,NaN,-1,NaN,NaN,NaN
1.162781,NaN,NaN,NaN,-4.162749,2.968617,0.1164676,-0.04721095,-0.01078636,-0.0007560023,-0.9988264,-4.16721,2.976643,0.1028797,0.06947881,-0.05703875,0.9959514,-1,NaN,NaN,NaN,-1,NaN,NaN,NaN
1.180176,NaN,NaN,NaN,-4.155361,2.9675,0.1183503,-0.04755872,-0.01031977,-9.367656E-05,-0.9988151,-4.159031,2.97301,0.1084013,0.06846628,-0.05558721,0.9961036,-1,NaN,NaN,NaN,-1,NaN,NaN,NaN
1.204224,NaN,NaN,NaN,-4.140436,2.964799,0.1217607,-0.04872179,-0.01003193,0.001437971,-0.9987609,-4.143978,2.969517,0.1135686,0.06739879,-0.05580019,0.9961645,-1,NaN,NaN,NaN,-1,NaN,NaN,NaN
1.222168,NaN,NaN,NaN,-4.131477,2.963662,0.1233053,-0.04947105,-0.009542206,0.001596765,-0.9987287,-4.136014,2.969517,0.1135686,0.06739879,-0.05580019,0.9961645,-1,NaN,NaN,NaN,-1,NaN,NaN,NaN
1.246033,NaN,NaN,NaN,-4.114717,2.961793,0.1263241,-0.05011645,-0.008685213,0.002052223,-0.9987035,-4.119097,2.96633,0.1182304,0.06511278,-0.05942625,0.9961069,-1,NaN,NaN,NaN,-1,NaN,NaN,NaN
1.264038,NaN,NaN,NaN,-4.106119,2.960789,0.1276629,-0.05021202,-0.008291583,0.002562545,-0.998701,-4.111454,2.96633,0.1182304,0.06511278,-0.05942625,0.9961069,-1,NaN,NaN,NaN,-1,NaN,NaN,NaN
1.287781,NaN,NaN,NaN,-4.087509,2.959013,0.130109,-0.05128064,-0.008039627,0.003820894,-0.9986446,-4.092834,2.963398,0.1223284,0.05714406,-0.06623648,0.9961663,-1,NaN,NaN,NaN,-1,NaN,NaN,NaN
1.305969,NaN,NaN,NaN,-4.077338,2.958259,0.1311602,-0.05167887,-0.008252013,0.003868762,-0.9986222,-4.081629,2.960882,0.1259341,0.0550642,-0.07214843,0.9958727,-1,NaN,NaN,NaN,-1,NaN,NaN,NaN
1.329651,NaN,NaN,NaN,-4.057461,2.956624,0.1330419,-0.05218197,-0.008511622,0.003898747,-0.9985937,-4.063961,2.960882,0.1259341,0.0550642,-0.07214843,0.9958727,-1,NaN,NaN,NaN,-1,NaN,NaN,NaN
1.347534,NaN,NaN,NaN,-4.047375,2.955824,0.1337747,-0.05242451,-0.00877868,0.004193676,-0.9985775,-4.052646,2.958677,0.129038,0.05050032,-0.07413698,0.9959686,-1,NaN,NaN,NaN,-1,NaN,NaN,NaN
1.371399,NaN,NaN,NaN,-4.026182,2.954649,0.135276,-0.05316164,-0.009752819,0.005213828,-0.9985247,-4.031339,2.956687,0.1315956,0.05442931,-0.07000633,0.9960606,-1,NaN,NaN,NaN,-1,NaN,NaN,NaN
1.389221,NaN,NaN,NaN,-4.01488,2.954211,0.13594,-0.05316361,-0.01003418,0.00521447,-0.9985218,-4.021293,2.956687,0.1315956,0.05442931,-0.07000633,0.9960606,-1,NaN,NaN,NaN,-1,NaN,NaN,NaN
1.413208,NaN,NaN,NaN,-3.991456,2.952569,0.1370479,-0.05378986,-0.01049474,0.005868197,-0.9984799,-3.997703,2.954889,0.1337121,0.05228572,-0.06610388,0.9964419,-1,NaN,NaN,NaN,-1,NaN,NaN,NaN
1.431091,NaN,NaN,NaN,-3.979238,2.951663,0.1374827,-0.05435464,-0.0106336,0.005718898,-0.9984487,-3.986842,2.954889,0.1337121,0.05228572,-0.06610388,0.9964419,-1,NaN,NaN,NaN,-1,NaN,NaN,NaN
1.454895,NaN,NaN,NaN,-3.952894,2.950177,0.138154,-0.05499748,-0.01105296,0.005668014,-0.9984092,-3.960504,2.953348,0.1354548,0.05358181,-0.06740913,0.9962856,-1,NaN,NaN,NaN,-1,NaN,NaN,NaN
1.472778,NaN,NaN,NaN,-3.938798,2.949387,0.1384225,-0.05465,-0.01124931,0.005825385,-0.9984252,-3.944818,2.951627,0.1367589,0.05161047,-0.06905289,0.9962771,-1,NaN,NaN,NaN,-1,NaN,NaN,NaN
1.496765,NaN,NaN,NaN,-3.91089,2.947952,0.1390629,-0.05354076,-0.01134387,0.006385128,-0.9984809,-3.92001,2.951627,0.1367589,0.05161047,-0.06905289,0.9962771,-1,NaN,NaN,NaN,-1,NaN,NaN,NaN
1.514587,NaN,NaN,NaN,-3.896413,2.947199,0.1393284,-0.05266969,-0.01086001,0.006550955,-0.9985315,-3.903766,2.949775,0.1377341,0.04939785,-0.06867507,0.9964154,-1,NaN,NaN,NaN,-1,NaN,NaN,NaN
1.538513,NaN,NaN,NaN,-3.865501,2.945461,0.1395417,-0.05264272,-0.01013668,0.007060456,-0.9985371,-3.872726,2.947938,0.1385635,0.0520317,-0.06757091,0.9963568,-1,NaN,NaN,NaN,-1,NaN,NaN,NaN
1.556458,NaN,NaN,NaN,-3.849195,2.944748,0.1395877,-0.05331414,-0.009958459,0.00739294,-0.9985008,-3.858232,2.947938,0.1385635,0.0520317,-0.06757091,0.9963568,-1,NaN,NaN,NaN,-1,NaN,NaN,NaN
1.5802,NaN,NaN,NaN,-3.815266,2.943316,0.1396457,-0.05410207,-0.009720773,0.007918364,-0.9984567,-3.824257,2.946092,0.1391671,0.04708207,-0.0744881,0.9961098,-1,NaN,NaN,NaN,-1,NaN,NaN,NaN
1.598145,NaN,NaN,NaN,-3.797609,2.94243,0.1395824,-0.05422845,-0.009665377,0.008750301,-0.9984434,-3.808562,2.946092,0.1391671,0.04708207,-0.0744881,0.9961098,-1,NaN,NaN,NaN,-1,NaN,NaN,NaN
1.622253,NaN,NaN,NaN,-3.762821,2.940832,0.1393902,-0.05462068,-0.009451428,0.01059291,-0.9984063,-3.773457,2.94434,0.1395138,0.04615052,-0.07511456,0.9961064,-1,NaN,NaN,NaN,-1,NaN,NaN,NaN
1.639771,NaN,NaN,NaN,-3.744203,2.939899,0.1391922,-0.05479022,-0.009309048,0.01164844,-0.9983866,-3.752499,2.942426,0.1395694,0.04342973,-0.07713068,0.9960747,-1,NaN,NaN,NaN,-1,NaN,NaN,NaN
1.664124,NaN,NaN,NaN,-3.707104,2.937907,0.1387078,-0.0552408,-0.008797148,0.01220726,-0.9983597,-3.719522,2.942426,0.1395694,0.04342973,-0.07713068,0.9960747,-1,NaN,NaN,NaN,-1,NaN,NaN,NaN
1.681763,NaN,NaN,NaN,-3.689058,2.936906,0.1384807,-0.05500263,-0.008844072,0.013132,-0.9983607,-3.698875,2.940442,0.139397,0.04006612,-0.07578666,0.9963188,-1,NaN,NaN,NaN,-1,NaN,NaN,NaN
1.705566,NaN,NaN,NaN,-3.651993,2.935007,0.1379175,-0.05427359,-0.009061806,0.01505304,-0.9983715,-3.661114,2.938259,0.1390707,0.03925291,-0.07664081,0.9962858,-1,NaN,NaN,NaN,-1,NaN,NaN,NaN
1.723145,NaN,NaN,NaN,-3.633686,2.93418,0.1374887,-0.05384944,-0.009167697,0.01587444,-0.9983808,-3.644842,2.938259,0.1390707,0.03925291,-0.07664081,0.9962858,-1,NaN,NaN,NaN,-1,NaN,NaN,NaN
1.747375,NaN,NaN,NaN,-3.59814,2.932439,0.1365237,-0.05317731,-0.009208025,0.0174918,-0.9983895,-3.608338,2.93597,0.1385717,0.04222823,-0.07047655,0.9966192,-1,NaN,NaN,NaN,-1,NaN,NaN,NaN
1.765076,NaN,NaN,NaN,-3.581332,2.931572,0.1359679,-0.05296326,-0.009361336,0.01834725,-0.9983841,-3.593397,2.93597,0.1385717,0.04222823,-0.07047655,0.9966192,-1,NaN,NaN,NaN,-1,NaN,NaN,NaN
1.789124,NaN,NaN,NaN,-3.547458,2.929934,0.1348001,-0.05273572,-0.009534251,0.01970172,-0.9983686,-3.558419,2.933753,0.1376893,0.04323948,-0.05969634,0.9972796,-1,NaN,NaN,NaN,-1,NaN,NaN,NaN
1.806824,NaN,NaN,NaN,-3.531681,2.928945,0.1341134,-0.05300558,-0.009801259,0.02024468,-0.9983409,-3.539674,2.931631,0.1365751,0.04350507,-0.0586184,0.9973321,-1,NaN,NaN,NaN,-1,NaN,NaN,NaN
1.830872,NaN,NaN,NaN,-3.500537,2.926996,0.1326179,-0.05389076,-0.009997277,0.02104993,-0.9982749,-3.511991,2.931631,0.1365751,0.04350507,-0.0586184,0.9973321,-1,NaN,NaN,NaN,-1,NaN,NaN,NaN
1.848572,NaN,NaN,NaN,-3.485107,2.926492,0.1318597,-0.05390692,-0.00976903,0.02097958,-0.9982778,-3.493732,2.929585,0.1353632,0.04141453,-0.06209224,0.9972108,-1,NaN,NaN,NaN,-1,NaN,NaN,NaN
1.87262,NaN,NaN,NaN,-3.454657,2.925068,0.1301688,-0.05345913,-0.009462379,0.02066851,-0.9983113,-3.462349,2.927433,0.1337246,0.04152337,-0.06878602,0.9967669,-1,NaN,NaN,NaN,-1,NaN,NaN,NaN
1.890442,NaN,NaN,NaN,-3.439205,2.924514,0.1292206,-0.053427,-0.009281102,0.02047754,-0.9983187,-3.448614,2.927433,0.1337246,0.04152337,-0.06878602,0.9967669,-1,NaN,NaN,NaN,-1,NaN,NaN,NaN
1.91449,NaN,NaN,NaN,-3.407843,2.923545,0.1272911,-0.05365926,-0.009082046,0.02041712,-0.9983093,-3.416596,2.92553,0.1318408,0.04238748,-0.06884203,0.9967267,-1,NaN,NaN,NaN,-1,NaN,NaN,NaN
1.932312,NaN,NaN,NaN,-3.392041,2.923035,0.1262985,-0.05425313,-0.009282251,0.02061624,-0.9982713,-3.39847,2.923916,0.1297855,0.04646005,-0.06864723,0.9965586,-1,NaN,NaN,NaN,-1,NaN,NaN,NaN
1.956177,NaN,NaN,NaN,-3.359117,2.922282,0.1244031,-0.05424839,-0.009490219,0.02067286,-0.9982684,-3.369205,2.923916,0.1297855,0.04646005,-0.06864723,0.9965586,-1,NaN,NaN,NaN,-1,NaN,NaN,NaN
1.97406,NaN,NaN,NaN,-3.341542,2.922079,0.12346,-0.05368027,-0.009870714,0.02026022,-0.9983038,-3.349462,2.922526,0.1275928,0.05253245,-0.06765128,0.9963251,-1,NaN,NaN,NaN,-1,NaN,NaN,NaN
1.997925,NaN,NaN,NaN,-3.306059,2.921486,0.1215141,-0.05306071,-0.01054592,0.02091817,-0.9983165,-3.317921,2.922526,0.1275928,0.05253245,-0.06765128,0.9963251,-1,NaN,NaN,NaN,-1,NaN,NaN,NaN
2.015808,NaN,NaN,NaN,-3.287786,2.921015,0.1204841,-0.05327789,-0.01107229,0.02161357,-0.9982844,-3.297348,2.92157,0.1252484,0.05309242,-0.06770377,0.9962918,-1,NaN,NaN,NaN,-1,NaN,NaN,NaN
2.039795,NaN,NaN,NaN,-3.251678,2.92025,0.1186161,-0.05352072,-0.01162548,0.02277115,-0.9982395,-3.260691,2.92082,0.1229097,0.04652925,-0.06673795,0.9966851,-1,NaN,NaN,NaN,-1,NaN,NaN,NaN
2.057617,NaN,NaN,NaN,-3.233606,2.919974,0.1178731,-0.05276081,-0.0117321,0.02352823,-0.998261,-3.244627,2.92082,0.1229097,0.04652925,-0.06673795,0.9966851,-1,NaN,NaN,NaN,-1,NaN,NaN,NaN
2.081543,NaN,NaN,NaN,-3.198182,2.919375,0.1163717,-0.05147718,-0.0119897,0.02545436,-0.9982778,-3.208416,2.919963,0.1205962,0.04616505,-0.06907894,0.9965425,-1,NaN,NaN,NaN,-1,NaN,NaN,NaN
2.099243,NaN,NaN,NaN,-3.181437,2.919007,0.1155462,-0.05147888,-0.01212333,0.02702105,-0.9982349,-3.188751,2.919128,0.1184793,0.04645113,-0.06807728,0.9965981,-1,NaN,NaN,NaN,-1,NaN,NaN,NaN
2.12323,NaN,NaN,NaN,-3.149043,2.918451,0.1139041,-0.05262438,-0.01201591,0.02943939,-0.9981081,-3.159956,2.919128,0.1184793,0.04645113,-0.06807728,0.9965981,-1,NaN,NaN,NaN,-1,NaN,NaN,NaN
2.141296,NaN,NaN,NaN,-3.133317,2.918665,0.1132077,-0.0531706,-0.01186747,0.03054187,-0.9980477,-3.14128,2.918388,0.1165221,0.046265,-0.07536718,0.996082,-1,NaN,NaN,NaN,-1,NaN,NaN,NaN
2.164917,NaN,NaN,NaN,-3.102045,2.919448,0.1119206,-0.05291019,-0.01185932,0.03197364,-0.9980168,-3.109011,2.917811,0.1146256,0.04369754,-0.07627247,0.996129,-1,NaN,NaN,NaN,-1,NaN,NaN,NaN
2.182983,NaN,NaN,NaN,-3.086771,2.919502,0.111225,-0.05300796,-0.01200002,0.0321186,-0.9980053,-3.095434,2.917811,0.1146256,0.04369754,-0.07627247,0.996129,-1,NaN,NaN,NaN,-1,NaN,NaN,NaN
2.206665,NaN,NaN,NaN,-3.057506,2.91993,0.1096846,-0.05384381,-0.01220281,0.03243363,-0.9979479,-3.065135,2.917882,0.1129772,0.04234619,-0.07790937,0.9960607,-1,NaN,NaN,NaN,-1,NaN,NaN,NaN
2.224609,NaN,NaN,NaN,-3.042434,2.920236,0.1088553,-0.05426703,-0.01218446,0.03194071,-0.9979411,-3.051738,2.917882,0.1129772,0.04234619,-0.07790937,0.9960607,-1,NaN,NaN,NaN,-1,NaN,NaN,NaN
2.248474,NaN,NaN,NaN,-3.011199,2.921232,0.1073211,-0.05438476,-0.01198313,0.0305113,-0.9979819,-3.019908,2.918355,0.1112347,0.04173971,-0.07535697,0.9962826,-1,NaN,NaN,NaN,-1,NaN,NaN,NaN
2.266479,NaN,NaN,NaN,-2.995067,2.921598,0.106523,-0.0539591,-0.01198441,0.02998729,-0.9980208,-3.001574,2.919028,0.1094029,0.04269796,-0.07838082,0.9960087,-1,NaN,NaN,NaN,-1,NaN,NaN,NaN
2.290222,NaN,NaN,NaN,-2.96072,2.922409,0.1049058,-0.05359869,-0.01180551,0.02849981,-0.998086,-2.971044,2.919028,0.1094029,0.04269796,-0.07838082,0.9960087,-1,NaN,NaN,NaN,-1,NaN,NaN,NaN
2.308167,NaN,NaN,NaN,-2.941244,2.923006,0.1041215,-0.05365477,-0.01159191,0.02755632,-0.998112,-2.949601,2.91998,0.1075571,0.04161571,-0.0774296,0.9961289,-1,NaN,NaN,NaN,-1,NaN,NaN,NaN
2.33197,NaN,NaN,NaN,-2.901738,2.923908,0.1024604,-0.0535237,-0.01106234,0.02601418,-0.9981664,-2.910031,2.921055,0.1056739,0.04021232,-0.07785238,0.9961535,-1,NaN,NaN,NaN,-1,NaN,NaN,NaN
2.349976,NaN,NaN,NaN,-2.880257,2.924308,0.1015865,-0.05356287,-0.01050306,0.02540352,-0.9981861,-2.890936,2.921055,0.1056739,0.04021232,-0.07785238,0.9961535,-1,NaN,NaN,NaN,-1,NaN,NaN,NaN
2.373779,NaN,NaN,NaN,-2.834833,2.925188,0.09989373,-0.05372805,-0.009011576,0.02418225,-0.9982221,-2.845664,2.922147,0.1037003,0.03913107,-0.08023758,0.9960073,-1,NaN,NaN,NaN,-1,NaN,NaN,NaN
2.391785,NaN,NaN,NaN,-2.8108,2.925747,0.09907025,-0.05369398,-0.008103337,0.02388599,-0.9982389,-2.824301,2.922147,0.1037003,0.03913107,-0.08023758,0.9960073,-1,NaN,NaN,NaN,-1,NaN,NaN,NaN
2.415527,NaN,NaN,NaN,-2.760099,2.926276,0.09740828,-0.05382076,-0.006332216,0.02327222,-0.9982594,-2.773788,2.923199,0.1016742,0.03700512,-0.08009771,0.9960999,-1,NaN,NaN,NaN,-1,NaN,NaN,NaN
2.433472,NaN,NaN,NaN,-2.732699,2.926637,0.09663861,-0.05400771,-0.00527125,0.02271002,-0.9982684,-2.743331,2.924246,0.09980935,0.0400382,-0.07911243,0.9960613,-1,NaN,NaN,NaN,-1,NaN,NaN,NaN
2.457581,NaN,NaN,NaN,-2.677443,2.927492,0.09511094,-0.05327527,-0.00334079,0.02198875,-0.9983321,-2.694214,2.924246,0.09980935,0.0400382,-0.07911243,0.9960613,-1,NaN,NaN,NaN,-1,NaN,NaN,NaN
2.475098,NaN,NaN,NaN,-2.647783,2.927782,0.09434402,-0.05248378,-0.002563868,0.02152671,-0.9983864,-2.661239,2.925144,0.09779319,0.02957573,-0.07881689,0.9964503,-1,NaN,NaN,NaN,-1,NaN,NaN,NaN
2.499268,NaN,NaN,NaN,-2.586782,2.928088,0.09284019,-0.05175487,-0.001266517,0.02002032,-0.9984584,-2.599876,2.926024,0.09583537,0.03151725,-0.08582637,0.9958115,-1,NaN,NaN,NaN,-1,NaN,NaN,NaN
2.516968,NaN,NaN,NaN,-2.554895,2.928089,0.09206112,-0.0518246,-0.0007296558,0.0186274,-0.9984822,-2.571532,2.926024,0.09583537,0.03151725,-0.08582637,0.9958115,-1,NaN,NaN,NaN,-1,NaN,NaN,NaN
2.540955,NaN,NaN,NaN,-2.487262,2.928184,0.09068349,-0.05201276,0.000602142,0.01514069,-0.9985315,-2.503674,2.926671,0.09398437,0.03386892,-0.0843771,0.9958581,-1,NaN,NaN,NaN,-1,NaN,NaN,NaN
2.558533,NaN,NaN,NaN,-2.451724,2.927938,0.08998391,-0.05201773,0.001131824,0.01327358,-0.9985573,-2.472084,2.926671,0.09398437,0.03386892,-0.0843771,0.9958581,-1,NaN,NaN,NaN,-1,NaN,NaN,NaN
2.582703,NaN,NaN,NaN,-2.380273,2.927617,0.08860734,-0.05166741,0.002111473,0.01031834,-0.9986089,-2.400138,2.926841,0.09222883,0.03214039,-0.08363546,0.9959779,-1,NaN,NaN,NaN,-1,NaN,NaN,NaN
2.600281,NaN,NaN,NaN,-2.342,2.927,0.08786071,-0.05156244,0.002481921,0.009319352,-0.9986232,-2.357232,2.926899,0.0905001,0.03660977,-0.08333676,0.9958488,-1,NaN,NaN,NaN,-1,NaN,NaN,NaN
2.624451,NaN,NaN,NaN,-2.263829,2.92616,0.0863135,-0.05283792,0.003280649,0.007147796,-0.9985722,-2.287746,2.926899,0.0905001,0.03660977,-0.08333676,0.9958488,-1,NaN,NaN,NaN,-1,NaN,NaN,NaN
2.642212,NaN,NaN,NaN,-2.222594,2.925894,0.08550945,-0.05405718,0.003380444,0.00668965,-0.9985097,-2.241625,2.926464,0.08880197,0.0351042,-0.08291309,0.9959383,-1,NaN,NaN,NaN,-1,NaN,NaN,NaN
2.666199,NaN,NaN,NaN,-2.138257,2.924855,0.08378246,-0.05582125,0.003139514,0.006659959,-0.9984137,-2.156487,2.9256,0.08700038,0.03758941,-0.0836933,0.9957824,-1,NaN,NaN,NaN,-1,NaN,NaN,NaN
2.68396,NaN,NaN,NaN,-2.094631,2.924618,0.0829915,-0.05597068,0.003021707,0.006606971,-0.9984061,-2.117708,2.9256,0.08700038,0.03758941,-0.0836933,0.9957824,-1,NaN,NaN,NaN,-1,NaN,NaN,NaN
2.707947,NaN,NaN,NaN,-2.006237,2.924002,0.08140548,-0.0551744,0.003224688,0.006147416,-0.9984527,-2.028361,2.924583,0.08507118,0.03710439,-0.08288945,0.9958678,-1,NaN,NaN,NaN,-1,NaN,NaN,NaN
2.725708,NaN,NaN,NaN,-1.960335,2.92379,0.08063072,-0.05455346,0.003360802,0.006198335,-0.998486,-1.987558,2.924583,0.08507118,0.03710439,-0.08288945,0.9958678,-1,NaN,NaN,NaN,-1,NaN,NaN,NaN
2.749756,NaN,NaN,NaN,-1.867854,2.923439,0.07913856,-0.05371795,0.00331667,0.006284774,-0.9985309,-1.89406,2.923677,0.08312763,0.03415082,-0.08384977,0.9958931,-1,NaN,NaN,NaN,-1,NaN,NaN,NaN
2.767395,NaN,NaN,NaN,-1.820211,2.923225,0.07849016,-0.05342624,0.003062942,0.00638879,-0.9985467,-1.839915,2.922984,0.08123451,0.03390598,-0.08322588,0.9959537,-1,NaN,NaN,NaN,-1,NaN,NaN,NaN
2.791504,NaN,NaN,NaN,-1.723858,2.922491,0.0771853,-0.05328336,0.00260474,0.005939709,-0.9985583,-1.754268,2.922984,0.08123451,0.03390598,-0.08322588,0.9959537,-1,NaN,NaN,NaN,-1,NaN,NaN,NaN
2.809326,NaN,NaN,NaN,-1.674817,2.922055,0.07661639,-0.05351172,0.002511638,0.005146416,-0.9985508,-1.698376,2.922412,0.07947397,0.03541642,-0.08328141,0.9958965,-1,NaN,NaN,NaN,-1,NaN,NaN,NaN
2.833435,NaN,NaN,NaN,-1.575319,2.921431,0.07561618,-0.05382838,0.002555266,0.00360582,-0.9985405,-1.597333,2.921746,0.07783598,0.03751706,-0.08708468,0.9954942,-1,NaN,NaN,NaN,-1,NaN,NaN,NaN
2.851318,NaN,NaN,NaN,-1.524903,2.921024,0.07520844,-0.0540587,0.002610909,0.002820226,-0.9985304,-1.552519,2.921746,0.07783598,0.03751706,-0.08708468,0.9954942,-1,NaN,NaN,NaN,-1,NaN,NaN,NaN
2.875244,NaN,NaN,NaN,-1.422764,2.919886,0.07431012,-0.05513598,0.002598911,0.002237921,-0.998473,-1.448761,2.920938,0.07642479,0.03883238,-0.08586349,0.9955499,-1,NaN,NaN,NaN,-1,NaN,NaN,NaN
2.893127,NaN,NaN,NaN,-1.371077,2.919468,0.07388971,-0.05606743,0.002571149,0.002255214,-0.9984211,-1.402817,2.920938,0.07642479,0.03883238,-0.08586349,0.9955499,-1,NaN,NaN,NaN,-1,NaN,NaN,NaN
2.916931,NaN,NaN,NaN,-1.267666,2.918853,0.07315604,-0.05755876,0.002317295,0.002171771,-0.9983371,-1.297635,2.919896,0.07524715,0.04173062,-0.08701452,0.9953326,-1,NaN,NaN,NaN,-1,NaN,NaN,NaN
2.934692,NaN,NaN,NaN,-1.216203,2.918504,0.072731,-0.05846478,0.001993483,0.002108501,-0.9982853,-1.238385,2.918726,0.07420853,0.04194628,-0.08909176,0.9951398,-1,NaN,NaN,NaN,-1,NaN,NaN,NaN
2.95874,NaN,NaN,NaN,-1.113784,2.918317,0.07203615,-0.05994169,0.001698714,0.001890154,-0.9981987,-1.147346,2.918726,0.07420853,0.04194628,-0.08909176,0.9951398,-1,NaN,NaN,NaN,-1,NaN,NaN,NaN
2.97644,NaN,NaN,NaN,-1.062567,2.918494,0.07174876,-0.06038596,0.001487499,0.001754435,-0.9981725,-1.088073,2.917912,0.07323725,0.04131069,-0.09242372,0.9948624,-1,NaN,NaN,NaN,-1,NaN,NaN,NaN
3.000427,NaN,NaN,NaN,-0.9607458,2.918713,0.07117158,-0.06121064,0.000980311,0.001283046,-0.9981235,-0.9838426,2.917467,0.07235035,0.04033719,-0.09103259,0.9950306,-1,NaN,NaN,NaN,-1,NaN,NaN,NaN
3.01825,NaN,NaN,NaN,-0.909461,2.918601,0.07092885,-0.06141864,0.0006123325,0.001082128,-0.9981114,-0.938256,2.917467,0.07235035,0.04033719,-0.09103259,0.9950306,-1,NaN,NaN,NaN,-1,NaN,NaN,NaN
3.042419,NaN,NaN,NaN,-0.8097478,2.918821,0.07045006,-0.0628069,-3.647059E-06,0.0005375827,-0.9980255,-0.8359135,2.917383,0.07166893,0.03532799,-0.09349298,0.994993,-1,NaN,NaN,NaN,-1,NaN,NaN,NaN
3.060181,NaN,NaN,NaN,-0.7611679,2.919417,0.07033287,-0.06298368,-0.0003392193,0.0004861563,-0.9980144,-0.7927314,2.917383,0.07166893,0.03532799,-0.09349298,0.994993,-1,NaN,NaN,NaN,-1,NaN,NaN,NaN
3.084167,NaN,NaN,NaN,-0.6650494,2.920092,0.07005325,-0.06343793,-0.001115033,0.0007064368,-0.9979849,-0.693786,2.917504,0.07099149,0.03424174,-0.09587345,0.9948044,-1,NaN,NaN,NaN,-1,NaN,NaN,NaN
3.102051,NaN,NaN,NaN,-0.6186698,2.920439,0.06995625,-0.06391612,-0.00188992,0.001807786,-0.9979519,-0.6393471,2.918038,0.07043964,0.03538109,-0.09680907,0.9946739,-1,NaN,NaN,NaN,-1,NaN,NaN,NaN
3.125854,NaN,NaN,NaN,-0.5287823,2.921675,0.06989258,-0.06476622,-0.002630841,0.002639331,-0.9978935,-0.5594471,2.918038,0.07043964,0.03538109,-0.09680907,0.9946739,-1,NaN,NaN,NaN,-1,NaN,NaN,NaN
3.143555,NaN,NaN,NaN,-0.4864403,2.92245,0.07003438,-0.06486665,-0.002658436,0.003099243,-0.9978856,-0.5089888,2.91887,0.07006793,0.03435674,-0.0982715,0.9945664,-1,NaN,NaN,NaN,-1,NaN,NaN,NaN
3.167786,NaN,NaN,NaN,-0.40102,2.923897,0.07031846,-0.0652214,-0.002249854,0.001807696,-0.9978667,-0.4208374,2.920109,0.06994291,0.03594556,-0.09664397,0.9946697,-1,NaN,NaN,NaN,-1,NaN,NaN,NaN
3.185364,NaN,NaN,NaN,-0.3590822,2.924751,0.07059066,-0.06542499,-0.001915984,0.00076875,-0.9978554,-0.3835593,2.920109,0.06994291,0.03594556,-0.09664397,0.9946697,-1,NaN,NaN,NaN,-1,NaN,NaN,NaN
3.20929,NaN,NaN,NaN,-0.2765673,2.926338,0.0712314,-0.06601644,-0.001531007,-0.001069799,-0.9978168,-0.2984822,2.921632,0.07004674,0.03624433,-0.09679712,0.994644,-1,NaN,NaN,NaN,-1,NaN,NaN,NaN
3.2276,NaN,NaN,NaN,-0.2355101,2.927271,0.07175183,-0.06625105,-0.001113804,-0.002146574,-0.9978001,-0.2619869,2.921632,0.07004674,0.03624433,-0.09679712,0.994644,-1,NaN,NaN,NaN,-1,NaN,NaN,NaN
3.251038,NaN,NaN,NaN,-0.1545504,2.928744,0.07295301,-0.06631957,-0.0002866276,-0.00346753,-0.9977924,-0.1787161,2.923423,0.07047243,0.0346961,-0.09594643,0.9947816,-1,NaN,NaN,NaN,-1,NaN,NaN,NaN
3.268799,NaN,NaN,NaN,-0.1134262,2.929427,0.07373022,-0.06640656,0.0002559517,-0.003970922,-0.9977847,-0.1310862,2.925399,0.07132738,0.02945355,-0.09460805,0.9950788,-1,NaN,NaN,NaN,-1,NaN,NaN,NaN
3.292908,NaN,NaN,NaN,-0.03196213,2.930302,0.07531875,-0.06681093,0.001426164,-0.005082958,-0.9977518,-0.05867365,2.925399,0.07132738,0.02945355,-0.09460805,0.9950788,-1,NaN,NaN,NaN,-1,NaN,NaN,NaN
3.310303,NaN,NaN,NaN,0.009023873,2.930507,0.07626215,-0.06724113,0.002206326,-0.005187199,-0.9977208,-0.01134784,2.927262,0.07264213,0.0270556,-0.09682596,0.9949335,-1,NaN,NaN,NaN,-1,NaN,NaN,NaN
3.334534,NaN,NaN,NaN,0.09045958,2.930442,0.07835063,-0.06809562,0.00355652,-0.004780117,-0.9976611,0.07183668,2.928658,0.07436504,0.02523336,-0.09606963,0.9950548,-1,NaN,NaN,NaN,-1,NaN,NaN,NaN
3.352112,NaN,NaN,NaN,0.1313832,2.930012,0.07944366,-0.06898749,0.004379533,-0.004535511,-0.9975976,0.1082132,2.928658,0.07436504,0.02523336,-0.09606963,0.9950548,-1,NaN,NaN,NaN,-1,NaN,NaN,NaN
3.376404,NaN,NaN,NaN,0.2120235,2.929071,0.08195408,-0.07086802,0.006263426,-0.004511564,-0.9974558,0.1907026,2.929289,0.07651199,0.02398763,-0.09544072,0.995146,-1,NaN,NaN,NaN,-1,NaN,NaN,NaN
3.394104,NaN,NaN,NaN,0.2517328,2.928357,0.08346406,-0.07140805,0.007299326,-0.004328439,-0.9974111,0.2259997,2.929289,0.07651199,0.02398763,-0.09544072,0.995146,-1,NaN,NaN,NaN,-1,NaN,NaN,NaN
3.418152,NaN,NaN,NaN,0.3330738,2.926709,0.08661238,-0.07162397,0.009766254,-0.003537726,-0.9973777,0.3089369,2.929,0.07915027,0.02186834,-0.09852963,0.9948938,-1,NaN,NaN,NaN,-1,NaN,NaN,NaN
3.435608,NaN,NaN,NaN,0.373998,2.926115,0.08852819,-0.07077855,0.01141216,-0.002909156,-0.9974226,0.3561653,2.927865,0.08214657,0.02436974,-0.09970886,0.9947182,-1,NaN,NaN,NaN,-1,NaN,NaN,NaN
3.460205,NaN,NaN,NaN,0.4543845,2.924322,0.09218882,-0.06954864,0.01493303,-0.001436961,-0.9974657,0.42762,2.927865,0.08214657,0.02436974,-0.09970886,0.9947182,-1,NaN,NaN,NaN,-1,NaN,NaN,NaN
3.477295,NaN,NaN,NaN,0.4935989,2.923005,0.09396115,-0.07055282,0.0164234,0.00014159,-0.9973729,0.473318,2.926225,0.08577345,0.0232183,-0.09993562,0.994723,-1,NaN,NaN,NaN,-1,NaN,NaN,NaN
3.501953,NaN,NaN,NaN,0.570781,2.920326,0.09753098,-0.07271214,0.01891071,0.003945415,-0.9971659,0.5526823,2.924191,0.08987871,0.01637628,-0.09140689,0.995679,-1,NaN,NaN,NaN,-1,NaN,NaN,NaN
3.519104,NaN,NaN,NaN,0.6089003,2.919103,0.09949937,-0.07337172,0.02010439,0.005685872,-0.9970858,0.5865662,2.924191,0.08987871,0.01637628,-0.09140689,0.995679,-1,NaN,NaN,NaN,-1,NaN,NaN,NaN
3.543518,NaN,NaN,NaN,0.684019,2.916964,0.1036629,-0.07244948,0.02232833,0.00792489,-0.9970906,0.6638802,2.921466,0.09412633,0.02359323,-0.09289505,0.9953964,-1,NaN,NaN,NaN,-1,NaN,NaN,NaN
3.561279,NaN,NaN,NaN,0.7209449,2.915619,0.1056204,-0.07169824,0.02315648,0.00865883,-0.99712,0.6967033,2.921466,0.09412633,0.02359323,-0.09289505,0.9953964,-1,NaN,NaN,NaN,-1,NaN,NaN,NaN
3.585205,NaN,NaN,NaN,0.7924413,2.912686,0.109219,-0.07268398,0.024251,0.0110453,-0.996999,0.7704865,2.918624,0.09874184,0.01928709,-0.09447843,0.99534,-1,NaN,NaN,NaN,-1,NaN,NaN,NaN
3.602783,NaN,NaN,NaN,0.8266787,2.911129,0.1108513,-0.0742534,0.02424669,0.01242963,-0.9968672,0.8108875,2.915719,0.103497,0.01792435,-0.09448522,0.9953649,-1,NaN,NaN,NaN,-1,NaN,NaN,NaN
3.627502,NaN,NaN,NaN,0.894677,2.908251,0.1140654,-0.07614769,0.02463291,0.01346206,-0.9967014,0.8713305,2.915719,0.103497,0.01792435,-0.09448522,0.9953649,-1,NaN,NaN,NaN,-1,NaN,NaN,NaN
3.644287,NaN,NaN,NaN,0.9284181,2.906623,0.1155284,-0.07669085,0.02492258,0.01300464,-0.9966586,0.9108301,2.912412,0.1079371,0.0151391,-0.09977023,0.9948953,-1,NaN,NaN,NaN,-1,NaN,NaN,NaN
3.668762,NaN,NaN,NaN,0.9951097,2.904022,0.118437,-0.07757564,0.02503123,0.01159993,-0.9966047,0.9793856,2.908901,0.1119983,0.01798931,-0.1127021,0.993466,-1,NaN,NaN,NaN,-1,NaN,NaN,NaN
3.686096,NaN,NaN,NaN,1.026734,2.902823,0.1197582,-0.07754991,0.0252929,0.01061787,-0.9966111,1.007496,2.908901,0.1119983,0.01798931,-0.1127021,0.993466,-1,NaN,NaN,NaN,-1,NaN,NaN,NaN
3.710571,NaN,NaN,NaN,1.089055,2.900567,0.1224428,-0.07748321,0.02576512,0.008991324,-0.9966201,1.071956,2.905443,0.1157053,0.01689538,-0.11536,0.99318,-1,NaN,NaN,NaN,-1,NaN,NaN,NaN
3.728516,NaN,NaN,NaN,1.118584,2.899292,0.1236755,-0.0768202,0.02543652,0.008860344,-0.996681,1.098204,2.905443,0.1157053,0.01689538,-0.11536,0.99318,-1,NaN,NaN,NaN,-1,NaN,NaN,NaN
3.752319,NaN,NaN,NaN,1.175627,2.897118,0.1259943,-0.07591697,0.02442721,0.008732098,-0.9967767,1.157607,2.902336,0.1191147,0.01312197,-0.1157189,0.9931953,-1,NaN,NaN,NaN,-1,NaN,NaN,NaN
3.769714,NaN,NaN,NaN,1.202453,2.896132,0.1269845,-0.07568064,0.02377184,0.00855822,-0.996812,1.189666,2.899525,0.1222905,0.01333285,-0.1150263,0.993273,-1,NaN,NaN,NaN,-1,NaN,NaN,NaN
3.794617,NaN,NaN,NaN,1.254049,2.894389,0.1288853,-0.07535688,0.02260394,0.007870313,-0.9968693,1.235529,2.899525,0.1222905,0.01333285,-0.1150263,0.993273,-1,NaN,NaN,NaN,-1,NaN,NaN,NaN
3.811462,NaN,NaN,NaN,1.278073,2.893411,0.1296958,-0.07547238,0.02205428,0.007202646,-0.996878,1.264657,2.896826,0.1251319,0.01503224,-0.1137588,0.9933947,-1,NaN,NaN,NaN,-1,NaN,NaN,NaN
3.835876,NaN,NaN,NaN,1.32388,2.891557,0.1310988,-0.07542985,0.02123363,0.006221293,-0.9969056,1.312577,2.894437,0.1276023,-0.0109638,-0.1100939,0.9938607,-1,NaN,NaN,NaN,-1,NaN,NaN,NaN
3.853333,NaN,NaN,NaN,1.344571,2.890538,0.1314555,-0.07557243,0.02103367,0.005629667,-0.9969026,1.330968,2.894437,0.1276023,-0.0109638,-0.1100939,0.9938607,-1,NaN,NaN,NaN,-1,NaN,NaN,NaN
3.877625,NaN,NaN,NaN,1.383777,2.888562,0.1320412,-0.07605441,0.02093889,0.004716812,-0.9968727,1.372416,2.892076,0.1295015,-0.01364178,-0.1096751,0.9938738,-1,NaN,NaN,NaN,-1,NaN,NaN,NaN
3.895813,NaN,NaN,NaN,1.401976,2.887581,0.1321722,-0.07711877,0.02123406,0.003909498,-0.9967882,1.388593,2.892076,0.1295015,-0.01364178,-0.1096751,0.9938738,-1,NaN,NaN,NaN,-1,NaN,NaN,NaN
3.919556,NaN,NaN,NaN,1.436099,2.886033,0.1323069,-0.07920539,0.02179145,0.00252413,-0.996617,1.424855,2.889779,0.1309,-0.01412098,-0.1085855,0.9939868,-1,NaN,NaN,NaN,-1,NaN,NaN,NaN
3.937073,NaN,NaN,NaN,1.451165,2.885291,0.1322332,-0.0798757,0.0223146,0.00250164,-0.9965519,1.443539,2.887554,0.1317962,-0.01600608,-0.112501,0.9935227,-1,NaN,NaN,NaN,-1,NaN,NaN,NaN
3.961792,NaN,NaN,NaN,1.478074,2.883493,0.1316907,-0.08080429,0.02299251,0.003334805,-0.9964592,1.467458,2.887554,0.1317962,-0.01600608,-0.112501,0.9935227,-1,NaN,NaN,NaN,-1,NaN,NaN,NaN
3.978882,NaN,NaN,NaN,1.489123,2.883062,0.1313934,-0.08085468,0.02342197,0.003942125,-0.9964429,1.481957,2.885507,0.1321121,-0.0210641,-0.1141764,0.9932371,-1,NaN,NaN,NaN,-1,NaN,NaN,NaN
4.003174,NaN,NaN,NaN,1.509561,2.882049,0.1306089,-0.08110855,0.02409741,0.00454935,-0.9964036,1.503962,2.883749,0.1318624,-0.02525602,-0.1082401,0.9938039,-1,NaN,NaN,NaN,-1,NaN,NaN,NaN
4.020752,NaN,NaN,NaN,1.517969,2.881662,0.1301617,-0.08138616,0.0245199,0.004541289,-0.9963706,1.511435,2.883749,0.1318624,-0.02525602,-0.1082401,0.9938039,-1,NaN,NaN,NaN,-1,NaN,NaN,NaN
4.044861,NaN,NaN,NaN,1.531516,2.880576,0.1291247,-0.08161077,0.02498606,0.005302336,-0.9963369,1.526819,2.882113,0.1312058,-0.02696731,-0.1075351,0.9938355,-1,NaN,NaN,NaN,-1,NaN,NaN,NaN
4.063171,NaN,NaN,NaN,1.536522,2.880122,0.1285579,-0.08173644,0.02517126,0.005398676,-0.9963214,1.531269,2.882113,0.1312058,-0.02696731,-0.1075351,0.9938355,-1,NaN,NaN,NaN,-1,NaN,NaN,NaN
4.086487,NaN,NaN,NaN,1.542953,2.879304,0.127317,-0.08207083,0.02538223,0.00550314,-0.9962881,1.539621,2.880789,0.1302394,-0.02453299,-0.1041079,0.9942634,-1,NaN,NaN,NaN,-1,NaN,NaN,NaN
4.104126,NaN,NaN,NaN,1.54405,2.879291,0.1267087,-0.08213877,0.02525181,0.00529239,-0.9962869,1.542475,2.879596,0.1290111,-0.02572251,-0.1094368,0.9936609,-1,NaN,NaN,NaN,-1,NaN,NaN,NaN
4.129028,NaN,NaN,NaN,1.543361,2.879214,0.1253861,-0.081499,0.024982,0.005516293,-0.996345,1.541863,2.879596,0.1290111,-0.02572251,-0.1094368,0.9936609,-1,NaN,NaN,NaN,-1,NaN,NaN,NaN
4.145752,NaN,NaN,NaN,1.540951,2.879084,0.1246327,-0.08064019,0.02436041,0.005639061,-0.9964297,1.540831,2.878675,0.127596,-0.02541856,-0.1111829,0.9934748,-1,NaN,NaN,NaN,-1,NaN,NaN,NaN
4.169922,NaN,NaN,NaN,1.53375,2.878806,0.123005,-0.07994992,0.02371154,0.004888309,-0.9965049,1.534786,2.87823,0.1260849,-0.02547472,-0.110258,0.9935765,-1,NaN,NaN,NaN,-1,NaN,NaN,NaN
4.187378,NaN,NaN,NaN,1.528021,2.878728,0.1221279,-0.07986984,0.02353001,0.004030693,-0.9965194,1.529693,2.87823,0.1260849,-0.02547472,-0.110258,0.9935765,-1,NaN,NaN,NaN,-1,NaN,NaN,NaN
4.21167,NaN,NaN,NaN,1.512728,2.879085,0.1204658,-0.07972983,0.02370622,0.002771989,-0.9965308,1.515715,2.877966,0.1243634,-0.02366734,-0.1084791,0.993817,-1,NaN,NaN,NaN,-1,NaN,NaN,NaN
4.22998,NaN,NaN,NaN,1.503061,2.87938,0.1197143,-0.07946881,0.02412228,0.002083636,-0.9965433,1.507122,2.877966,0.1243634,-0.02366734,-0.1084791,0.993817,-1,NaN,NaN,NaN,-1,NaN,NaN,NaN
4.253662,NaN,NaN,NaN,1.482376,2.879516,0.1178738,-0.07835091,0.0246977,0.0008714397,-0.9966195,1.487506,2.878036,0.1226269,-0.02346494,-0.1074934,0.9939288,-1,NaN,NaN,NaN,-1,NaN,NaN,NaN
4.271118,NaN,NaN,NaN,1.470204,2.879552,0.1169196,-0.0779305,0.02529576,0.0005840596,-0.9966377,1.474817,2.87822,0.1205985,-0.02984642,-0.1063688,0.9938787,-1,NaN,NaN,NaN,-1,NaN,NaN,NaN
4.295776,NaN,NaN,NaN,1.443028,2.880205,0.1151948,-0.07712609,0.02632727,0.0002557609,-0.9966737,1.450662,2.87822,0.1205985,-0.02984642,-0.1063688,0.9938787,-1,NaN,NaN,NaN,-1,NaN,NaN,NaN
4.312866,NaN,NaN,NaN,1.427056,2.880566,0.1143435,-0.0766997,0.02663538,0.0005603846,-0.9966983,1.433939,2.878419,0.1184097,-0.03116357,-0.105854,0.9938932,-1,NaN,NaN,NaN,-1,NaN,NaN,NaN
4.336975,NaN,NaN,NaN,1.393036,2.881415,0.1126293,-0.07579713,0.0271643,0.001304831,-0.9967523,1.400486,2.878899,0.1162375,-0.02755317,-0.1027804,0.9943224,-1,NaN,NaN,NaN,-1,NaN,NaN,NaN
4.354553,NaN,NaN,NaN,1.373422,2.882086,0.1118475,-0.07537564,0.02733532,0.001617936,-0.9967792,1.383051,2.878899,0.1162375,-0.02755317,-0.1027804,0.9943224,-1,NaN,NaN,NaN,-1,NaN,NaN,NaN
4.378845,NaN,NaN,NaN,1.331281,2.883531,0.1104365,-0.07405338,0.02771527,0.002391624,-0.9968662,1.341697,2.879772,0.114138,-0.02877016,-0.1007341,0.9944973,-1,NaN,NaN,NaN,-1,NaN,NaN,NaN
4.397339,NaN,NaN,NaN,1.307137,2.884325,0.109734,-0.0737472,0.02771602,0.003148639,-0.9968868,1.320235,2.879772,0.114138,-0.02877016,-0.1007341,0.9944973,-1,NaN,NaN,NaN,-1,NaN,NaN,NaN
4.420776,NaN,NaN,NaN,1.256516,2.886039,0.1083094,-0.0736876,0.02813983,0.004202363,-0.9968755,1.27051,2.880874,0.1121974,-0.02376773,-0.09811511,0.9948912,-1,NaN,NaN,NaN,-1,NaN,NaN,NaN
4.438416,NaN,NaN,NaN,1.229058,2.886855,0.1075862,-0.07401933,0.02825906,0.004446859,-0.9968464,1.240507,2.88246,0.1104234,-0.02466047,-0.09284342,0.9953753,-1,NaN,NaN,NaN,-1,NaN,NaN,NaN
4.46283,NaN,NaN,NaN,1.170049,2.888939,0.1063627,-0.07403895,0.02795611,0.005716671,-0.9968471,1.188055,2.88246,0.1104234,-0.02466047,-0.09284342,0.9953753,-1,NaN,NaN,NaN,-1,NaN,NaN,NaN
4.480347,NaN,NaN,NaN,1.137998,2.889982,0.1057727,-0.07351438,0.02735663,0.00695897,-0.9968946,1.153028,2.884422,0.1087929,-0.02594172,-0.09229189,0.995394,-1,NaN,NaN,NaN,-1,NaN,NaN,NaN
4.504578,NaN,NaN,NaN,1.072612,2.892105,0.1044897,-0.07257177,0.02642909,0.008337268,-0.9969781,1.087576,2.886629,0.1071975,-0.03210895,-0.09798648,0.9946696,-1,NaN,NaN,NaN,-1,NaN,NaN,NaN
4.522217,NaN,NaN,NaN,1.037829,2.893183,0.1038842,-0.07187932,0.02596485,0.008722717,-0.9970372,1.056658,2.886629,0.1071975,-0.03210895,-0.09798648,0.9946696,-1,NaN,NaN,NaN,-1,NaN,NaN,NaN
4.545837,NaN,NaN,NaN,0.9653571,2.895353,0.1027783,-0.07034592,0.02470642,0.01027191,-0.9971638,0.9841858,2.889026,0.1056203,-0.03374827,-0.09843368,0.9945712,-1,NaN,NaN,NaN,-1,NaN,NaN,NaN
4.564148,NaN,NaN,NaN,0.9266132,2.896496,0.102397,-0.06887701,0.02383245,0.01105275,-0.9972792,0.9497467,2.889026,0.1056203,-0.03374827,-0.09843368,0.9945712,-1,NaN,NaN,NaN,-1,NaN,NaN,NaN
4.587646,NaN,NaN,NaN,0.8453449,2.898144,0.1014954,-0.06674591,0.02222789,0.01293926,-0.9974384,0.8686727,2.89155,0.1041428,-0.03163851,-0.09386315,0.9950823,-1,NaN,NaN,NaN,-1,NaN,NaN,NaN
4.605652,NaN,NaN,NaN,0.802909,2.899351,0.1011984,-0.06585874,0.02170932,0.01331659,-0.9975039,0.8212026,2.894016,0.1029285,-0.02987594,-0.09278708,0.9952376,-1,NaN,NaN,NaN,-1,NaN,NaN,NaN
4.630005,NaN,NaN,NaN,0.7156235,2.901398,0.100598,-0.06440873,0.02035537,0.01517212,-0.9976007,0.7436156,2.894016,0.1029285,-0.02987594,-0.09278708,0.9952376,-1,NaN,NaN,NaN,-1,NaN,NaN,NaN
4.647522,NaN,NaN,NaN,0.6694859,2.902219,0.1003357,-0.06393286,0.01975496,0.0157803,-0.9976339,0.6922263,2.896477,0.1018174,-0.03551815,-0.09526716,0.9948179,-1,NaN,NaN,NaN,-1,NaN,NaN,NaN
4.671265,NaN,NaN,NaN,0.5754445,2.903852,0.09984174,-0.0639775,0.01872089,0.01701504,-0.9976307,0.5974898,2.898925,0.1009397,-0.03263045,-0.09799694,0.9946516,-1,NaN,NaN,NaN,-1,NaN,NaN,NaN
4.689453,NaN,NaN,NaN,0.525946,2.904695,0.09967203,-0.06423326,0.01836001,0.01704522,-0.9976204,0.5534912,2.898925,0.1009397,-0.03263045,-0.09799694,0.9946516,-1,NaN,NaN,NaN,-1,NaN,NaN,NaN
4.713013,NaN,NaN,NaN,0.424518,2.90625,0.09935078,-0.06503605,0.01759342,0.01801976,-0.9975652,0.4513905,2.901143,0.1002749,-0.0299815,-0.09862886,0.9946725,-1,NaN,NaN,NaN,-1,NaN,NaN,NaN
4.731323,NaN,NaN,NaN,0.3727586,2.907329,0.09923777,-0.06617634,0.01713972,0.01867745,-0.9974859,0.4053822,2.901143,0.1002749,-0.0299815,-0.09862886,0.9946725,-1,NaN,NaN,NaN,-1,NaN,NaN,NaN
4.754822,NaN,NaN,NaN,0.2676216,2.909114,0.09882769,-0.0670029,0.0163881,0.01960999,-0.9974254,0.2992101,2.903204,0.09981127,-0.03365037,-0.1023303,0.9941812,-1,NaN,NaN,NaN,-1,NaN,NaN,NaN
4.773071,NaN,NaN,NaN,0.2135458,2.909975,0.09856378,-0.0676907,0.01633431,0.01956283,-0.9973809,0.2378444,2.905248,0.09933797,-0.03177774,-0.1059269,0.993866,-1,NaN,NaN,NaN,-1,NaN,NaN,NaN
4.796814,NaN,NaN,NaN,0.1042555,2.911753,0.0980723,-0.06858975,0.01618325,0.01975206,-0.9973181,0.1406974,2.905248,0.09933797,-0.03177774,-0.1059269,0.993866,-1,NaN,NaN,NaN,-1,NaN,NaN,NaN
4.814758,NaN,NaN,NaN,0.04907364,2.912635,0.09778494,-0.06871753,0.01626217,0.01996743,-0.9973038,0.07782137,2.907362,0.09886456,-0.02143702,-0.1123033,0.9934427,-1,NaN,NaN,NaN,-1,NaN,NaN,NaN
4.83844,NaN,NaN,NaN,-0.06133939,2.914291,0.09733885,-0.06887642,0.01638656,0.02004327,-0.9972893,-0.03452649,2.909484,0.09825009,0.0002080647,-0.1152469,0.9933369,-1,NaN,NaN,NaN,-1,NaN,NaN,NaN
4.856567,NaN,NaN,NaN,-0.11676,2.915039,0.09722057,-0.0686381,0.01650697,0.01973155,-0.9973099,-0.08378921,2.909484,0.09825009,0.0002080647,-0.1152469,0.9933369,-1,NaN,NaN,NaN,-1,NaN,NaN,NaN
4.880249,NaN,NaN,NaN,-0.2278689,2.915975,0.09684114,-0.06858215,0.01667446,0.01915736,-0.9973222,-0.1971356,2.911567,0.0976835,0.004598088,-0.1193867,0.9928372,-1,NaN,NaN,NaN,-1,NaN,NaN,NaN
4.898132,NaN,NaN,NaN,-0.2838702,2.916193,0.09664156,-0.06893459,0.0165676,0.01910282,-0.9973007,-0.2469145,2.911567,0.0976835,0.004598088,-0.1193867,0.9928372,-1,NaN,NaN,NaN,-1,NaN,NaN,NaN
4.921936,NaN,NaN,NaN,-0.3941789,2.915932,0.09617206,-0.07005088,0.01667587,0.01824922,-0.9972371,-0.3597245,2.913416,0.09722257,0.01444104,-0.1161701,0.9931244,-1,NaN,NaN,NaN,-1,NaN,NaN,NaN
4.940002,NaN,NaN,NaN,-0.4482829,2.915539,0.09593305,-0.07107022,0.01696679,0.0174899,-0.9971737,-0.4226277,2.914618,0.09675372,0.01609289,-0.1180547,0.9928766,-1,NaN,NaN,NaN,-1,NaN,NaN,NaN
4.963745,NaN,NaN,NaN,-0.5534192,2.914913,0.09573755,-0.07200077,0.01724552,0.01605649,-0.9971263,-0.5160823,2.914618,0.09675372,0.01609289,-0.1180547,0.9928766,-1,NaN,NaN,NaN,-1,NaN,NaN,NaN
4.981628,NaN,NaN,NaN,-0.6035408,2.914296,0.09563579,-0.07206818,0.01700996,0.01543379,-0.9971353,-0.5753654,2.914779,0.09619528,0.01575804,-0.119394,0.9927219,-1,NaN,NaN,NaN,-1,NaN,NaN,NaN
5.005432,NaN,NaN,NaN,-0.701533,2.912757,0.09532768,-0.07291543,0.01690226,0.01321761,-0.9971073,-0.6767783,2.914306,0.09581231,0.01510798,-0.1215357,0.9924721,-1,NaN,NaN,NaN,-1,NaN,NaN,NaN
5.023621,NaN,NaN,NaN,-0.7487254,2.911826,0.0952253,-0.0735316,0.01710853,0.01198617,-0.9970741,-0.7187271,2.914306,0.09581231,0.01510798,-0.1215357,0.9924721,-1,NaN,NaN,NaN,-1,NaN,NaN,NaN
5.047302,NaN,NaN,NaN,-0.8400963,2.909879,0.09501854,-0.07455663,0.01752037,0.01108477,-0.9970013,-0.8136328,2.913148,0.0955044,0.01531033,-0.123344,0.9922459,-1,NaN,NaN,NaN,-1,NaN,NaN,NaN
5.064941,NaN,NaN,NaN,-0.8842491,2.908385,0.094721,-0.07536709,0.01755367,0.01136544,-0.9969366,-0.8528798,2.913148,0.0955044,0.01531033,-0.123344,0.9922459,-1,NaN,NaN,NaN,-1,NaN,NaN,NaN
5.088928,NaN,NaN,NaN,-0.9679714,2.905978,0.09430416,-0.07856663,0.01753415,0.01174578,-0.9966854,-0.9403081,2.911322,0.09522046,0.01506688,-0.1268245,0.9918107,-1,NaN,NaN,NaN,-1,NaN,NaN,NaN
5.106445,NaN,NaN,NaN,-1.008029,2.904989,0.09414015,-0.07829512,0.01745238,0.01172066,-0.9967086,-0.9882007,2.908833,0.09485315,0.01164806,-0.1302245,0.9914161,-1,NaN,NaN,NaN,-1,NaN,NaN,NaN
5.130859,NaN,NaN,NaN,-1.085722,2.901442,0.09328255,-0.07901805,0.01720653,0.01249468,-0.9966464,-1.057261,2.908833,0.09485315,0.01164806,-0.1302245,0.9914161,-1,NaN,NaN,NaN,-1,NaN,NaN,NaN
5.148193,NaN,NaN,NaN,-1.121803,2.899314,0.09257087,-0.08043333,0.01702405,0.01297715,-0.9965301,-1.100817,2.906005,0.09436852,0.01136109,-0.1263715,0.9919179,-1,NaN,NaN,NaN,-1,NaN,NaN,NaN
5.164856,NaN,NaN,NaN,-1.156326,2.896909,0.09173137,-0.08212475,0.01687944,0.01357988,-0.9963866,-1.131504,2.906005,0.09436852,0.01136109,-0.1263715,0.9919179,-1,NaN,NaN,NaN,-1,NaN,NaN,NaN
5.186523,NaN,NaN,NaN,-1.22253,2.892555,0.09014003,-0.08528939,0.01583153,0.0157962,-0.9961053,-1.201106,2.902643,0.09365226,-0.0190275,-0.1278505,0.9916109,-1,NaN,NaN,NaN,-1,NaN,NaN,NaN
5.203796,NaN,NaN,NaN,-1.254285,2.89134,0.08968632,-0.0846549,0.01523121,0.0168488,-0.9961514,-1.239179,2.898123,0.09222943,-0.02027531,-0.1197862,0.9925926,-1,NaN,NaN,NaN,-1,NaN,NaN,NaN
5.220581,NaN,NaN,NaN,-1.284803,2.889517,0.08904494,-0.08321274,0.01478621,0.01811592,-0.9962575,-1.266306,2.898123,0.09222943,-0.02027531,-0.1197862,0.9925926,-1,NaN,NaN,NaN,-1,NaN,NaN,NaN
5.242249,NaN,NaN,NaN,-1.342797,2.88546,0.08735034,-0.08271684,0.01388008,0.0199504,-0.9962767,-1.327003,2.89331,0.09063867,-0.01905207,-0.1171847,0.9929274,-1,NaN,NaN,NaN,-1,NaN,NaN,NaN
5.259399,NaN,NaN,NaN,-1.369516,2.883243,0.08626038,-0.083805,0.01348265,0.02068039,-0.9961764,-1.350753,2.89331,0.09063867,-0.01905207,-0.1171847,0.9929274,-1,NaN,NaN,NaN,-1,NaN,NaN,NaN
5.276306,NaN,NaN,NaN,-1.394997,2.881542,0.08523459,-0.08525233,0.01271756,0.02178746,-0.99604,-1.381841,2.888785,0.08899014,-0.0169284,-0.1166628,0.9930273,-1,NaN,NaN,NaN,-1,NaN,NaN,NaN
5.297852,NaN,NaN,NaN,-1.445466,2.878486,0.08328186,-0.08641211,0.0107429,0.02443173,-0.9959019,-1.426702,2.888785,0.08899014,-0.0169284,-0.1166628,0.9930273,-1,NaN,NaN,NaN,-1,NaN,NaN,NaN
5.31488,NaN,NaN,NaN,-1.469503,2.877092,0.08223951,-0.08626115,0.009666178,0.02542536,-0.9959012,-1.455832,2.884104,0.08703268,-0.01596443,-0.1146573,0.9932768,-1,NaN,NaN,NaN,-1,NaN,NaN,NaN
5.331665,NaN,NaN,NaN,-1.491568,2.875599,0.08091344,-0.08606535,0.008781879,0.02576127,-0.9959177,-1.475446,2.884104,0.08703268,-0.01596443,-0.1146573,0.9932768,-1,NaN,NaN,NaN,-1,NaN,NaN,NaN
5.353638,NaN,NaN,NaN,-1.532673,2.872955,0.07810053,-0.08703288,0.006991368,0.02620837,-0.9958361,-1.51911,2.879827,0.08481886,-0.01315019,-0.1211304,0.9925495,-1,NaN,NaN,NaN,-1,NaN,NaN,NaN
5.370667,NaN,NaN,NaN,-1.550992,2.871999,0.07653013,-0.08804322,0.005949773,0.0258412,-0.9957637,-1.541716,2.876126,0.08208553,-0.01171288,-0.127425,0.991779,-1,NaN,NaN,NaN,-1,NaN,NaN,NaN
5.387512,NaN,NaN,NaN,-1.568301,2.871331,0.07496821,-0.08862891,0.004927077,0.02561094,-0.9957232,-1.557101,2.876126,0.08208553,-0.01171288,-0.127425,0.991779,-1,NaN,NaN,NaN,-1,NaN,NaN,NaN
5.409241,NaN,NaN,NaN,-1.599772,2.870278,0.07151981,-0.08900132,0.002361964,0.0262097,-0.9956838,-1.590746,2.872938,0.07888336,-0.007418976,-0.1297792,0.9915152,-1,NaN,NaN,NaN,-1,NaN,NaN,NaN
5.426758,NaN,NaN,NaN,-1.612535,2.870401,0.06970187,-0.08833323,0.0009053275,0.02647146,-0.9957388,-1.602092,2.872938,0.07888336,-0.007418976,-0.1297792,0.9915152,-1,NaN,NaN,NaN,-1,NaN,NaN,NaN
5.450928,NaN,NaN,NaN,-1.636234,2.870526,0.06615052,-0.08729975,-0.001979321,0.02752759,-0.9957997,-1.628031,2.87061,0.0750454,0.02732432,-0.1297756,0.9911668,-1,NaN,NaN,NaN,-1,NaN,NaN,NaN
5.468201,NaN,NaN,NaN,-1.645882,2.871014,0.06444782,-0.08655155,-0.003294166,0.02786013,-0.9958524,-1.640754,2.869519,0.07103048,0.03496627,-0.1237653,0.9916953,-1,NaN,NaN,NaN,-1,NaN,NaN,NaN
5.492737,NaN,NaN,NaN,-1.662507,2.872116,0.0610833,-0.08506688,-0.005964385,0.02938373,-0.995924,-1.655532,2.869519,0.07103048,0.03496627,-0.1237653,0.9916953,-1,NaN,NaN,NaN,-1,NaN,NaN,NaN
5.51001,NaN,NaN,NaN,-1.66987,2.872602,0.05949584,-0.08382877,-0.007609709,0.03037422,-0.9959881,-1.66545,2.869535,0.0669302,0.04123902,-0.1237441,0.9914569,-1,NaN,NaN,NaN,-1,NaN,NaN,NaN
5.534424,NaN,NaN,NaN,-1.682379,2.873877,0.0566967,-0.08120096,-0.01006594,0.03146679,-0.9961501,-1.679199,2.870428,0.06289245,0.04596251,-0.1190808,0.9918202,-1,NaN,NaN,NaN,-1,NaN,NaN,NaN
5.551819,NaN,NaN,NaN,-1.686791,2.874598,0.05545047,-0.07984073,-0.01106216,0.03160429,-0.996245,-1.68312,2.870428,0.06289245,0.04596251,-0.1190808,0.9918202,-1,NaN,NaN,NaN,-1,NaN,NaN,NaN
5.576233,NaN,NaN,NaN,-1.692119,2.875616,0.0527763,-0.07886029,-0.01283343,0.03087821,-0.9963248,-1.689913,2.871864,0.05924334,0.04721476,-0.114333,0.9923199,-1,NaN,NaN,NaN,-1,NaN,NaN,NaN
5.593811,NaN,NaN,NaN,-1.692476,2.876147,0.0514891,-0.07926036,-0.01358037,0.03003458,-0.9963089,-1.690229,2.871864,0.05924334,0.04721476,-0.114333,0.9923199,-1,NaN,NaN,NaN,-1,NaN,NaN,NaN
5.617981,NaN,NaN,NaN,-1.69158,2.877526,0.04905355,-0.07969435,-0.01515599,0.02920628,-0.9962761,-1.690847,2.873291,0.0557937,0.04881284,-0.109927,0.9927403,-1,NaN,NaN,NaN,-1,NaN,NaN,NaN
5.635376,NaN,NaN,NaN,-1.689333,2.877951,0.04784895,-0.07982181,-0.01558064,0.02891858,-0.9962678,-1.689566,2.874674,0.0525923,0.05282112,-0.1099424,0.9925334,-1,NaN,NaN,NaN,-1,NaN,NaN,NaN
5.660095,NaN,NaN,NaN,-1.680484,2.878986,0.0457762,-0.07920313,-0.01574315,0.02787954,-0.9963443,-1.6817,2.874674,0.0525923,0.05282112,-0.1099424,0.9925334,-1,NaN,NaN,NaN,-1,NaN,NaN,NaN
5.677124,NaN,NaN,NaN,-1.672848,2.879806,0.04489543,-0.07784212,-0.01524024,0.02668137,-0.9964921,-1.674841,2.876115,0.0496671,0.0525944,-0.1126013,0.9922473,-1,NaN,NaN,NaN,-1,NaN,NaN,NaN
5.701477,NaN,NaN,NaN,-1.655096,2.881211,0.0431123,-0.07518197,-0.01392198,0.02410411,-0.9967813,-1.658288,2.877483,0.0469885,0.05381517,-0.1137265,0.9920535,-1,NaN,NaN,NaN,-1,NaN,NaN,NaN
5.718933,NaN,NaN,NaN,-1.643278,2.881915,0.04229958,-0.07378889,-0.01308548,0.02328972,-0.9969161,-1.647783,2.877483,0.0469885,0.05381517,-0.1137265,0.9920535,-1,NaN,NaN,NaN,-1,NaN,NaN,NaN
5.743408,NaN,NaN,NaN,-1.617221,2.883067,0.04074613,-0.07156619,-0.01136784,0.02263597,-0.9971142,-1.623033,2.878993,0.04459684,0.04973255,-0.1136175,0.9922791,-1,NaN,NaN,NaN,-1,NaN,NaN,NaN
5.761475,NaN,NaN,NaN,-1.60165,2.883808,0.04005453,-0.07071352,-0.01036251,0.0229208,-0.9971795,-1.609192,2.878993,0.04459684,0.04973255,-0.1136175,0.9922791,-1,NaN,NaN,NaN,-1,NaN,NaN,NaN
5.785034,NaN,NaN,NaN,-1.566748,2.885191,0.03859807,-0.06920934,-0.008863977,0.02290667,-0.9972998,-1.575621,2.880564,0.0425046,0.04458782,-0.1080971,0.9931399,-1,NaN,NaN,NaN,-1,NaN,NaN,NaN
5.80249,NaN,NaN,NaN,-1.546268,2.885798,0.0377606,-0.06905884,-0.008106066,0.02186499,-0.99734,-1.553994,2.88214,0.04066695,0.04114043,-0.1032498,0.9938043,-1,NaN,NaN,NaN,-1,NaN,NaN,NaN
5.827332,NaN,NaN,NaN,-1.503124,2.887199,0.03607733,-0.06893476,-0.006950533,0.02126122,-0.9973704,-1.515644,2.88214,0.04066695,0.04114043,-0.1032498,0.9938043,-1,NaN,NaN,NaN,-1,NaN,NaN,NaN
5.843994,NaN,NaN,NaN,-1.479292,2.888241,0.03519738,-0.06893821,-0.006670395,0.02171282,-0.9973623,-1.49005,2.883745,0.03885901,0.03511393,-0.1113736,0.993158,-1,NaN,NaN,NaN,-1,NaN,NaN,NaN
5.868469,NaN,NaN,NaN,-1.428806,2.890186,0.03316111,-0.06926311,-0.005884195,0.02167327,-0.9973456,-1.439852,2.885436,0.03694437,0.03506792,-0.1125672,0.9930251,-1,NaN,NaN,NaN,-1,NaN,NaN,NaN
5.885803,NaN,NaN,NaN,-1.40089,2.891268,0.03196253,-0.07011688,-0.005903706,0.0210802,-0.9972986,-1.415037,2.885436,0.03694437,0.03506792,-0.1125672,0.9930251,-1,NaN,NaN,NaN,-1,NaN,NaN,NaN
5.910339,NaN,NaN,NaN,-1.340879,2.8937,0.02957009,-0.07054455,-0.005986725,0.0187853,-0.9973139,-1.355563,2.887431,0.03477054,0.03477659,-0.112913,0.9929961,-1,NaN,NaN,NaN,-1,NaN,NaN,NaN
5.927979,NaN,NaN,NaN,-1.308383,2.895551,0.02854382,-0.06979708,-0.006130151,0.01702424,-0.9973971,-1.326677,2.887431,0.03477054,0.03477659,-0.112913,0.9929961,-1,NaN,NaN,NaN,-1,NaN,NaN,NaN
5.952209,NaN,NaN,NaN,-1.240511,2.899202,0.02631972,-0.06723085,-0.006530562,0.01483804,-0.9976057,-1.259354,2.889783,0.03221097,0.03944592,-0.1213941,0.9918203,-1,NaN,NaN,NaN,-1,NaN,NaN,NaN
5.969238,NaN,NaN,NaN,-1.202925,2.901128,0.02516914,-0.06597183,-0.00687813,0.01348514,-0.9977067,-1.218042,2.893038,0.02955737,0.03973892,-0.1172983,0.9923013,-1,NaN,NaN,NaN,-1,NaN,NaN,NaN
5.994263,NaN,NaN,NaN,-1.125278,2.904952,0.02288529,-0.06464775,-0.007527519,0.01052411,-0.9978243,-1.149022,2.893038,0.02955737,0.03973892,-0.1172983,0.9923013,-1,NaN,NaN,NaN,-1,NaN,NaN,NaN
6.010986,NaN,NaN,NaN,-1.083325,2.907069,0.02178123,-0.06440736,-0.007973355,0.008877695,-0.9978524,-1.102883,2.897105,0.02687581,0.04627941,-0.1203837,0.9916481,-1,NaN,NaN,NaN,-1,NaN,NaN,NaN
6.035706,NaN,NaN,NaN,-0.9957529,2.911219,0.01966396,-0.06373296,-0.00849852,0.005716443,-0.9979144,-1.015096,2.9016,0.0241193,0.03979505,-0.1224295,0.9916791,-1,NaN,NaN,NaN,-1,NaN,NaN,NaN
6.052856,NaN,NaN,NaN,-0.9504037,2.913331,0.01878826,-0.06341562,-0.008758164,0.004569454,-0.9979384,-0.9747851,2.9016,0.0241193,0.03979505,-0.1224295,0.9916791,-1,NaN,NaN,NaN,-1,NaN,NaN,NaN
6.077454,NaN,NaN,NaN,-0.8575562,2.917037,0.0171133,-0.06249078,-0.009042885,0.002702881,-0.998001,-0.8814318,2.906425,0.02149154,0.04097534,-0.1198701,0.9919436,-1,NaN,NaN,NaN,-1,NaN,NaN,NaN
6.095276,NaN,NaN,NaN,-0.8093167,2.918887,0.01647281,-0.06209254,-0.008748174,0.001812864,-0.9980305,-0.8385522,2.906425,0.02149154,0.04097534,-0.1198701,0.9919436,-1,NaN,NaN,NaN,-1,NaN,NaN,NaN
6.119202,NaN,NaN,NaN,-0.7114901,2.922192,0.01532285,-0.06120668,-0.007695632,-0.0003269442,-0.9980954,-0.7399796,2.911306,0.01913805,0.04249764,-0.1176107,0.9921501,-1,NaN,NaN,NaN,-1,NaN,NaN,NaN
6.136475,NaN,NaN,NaN,-0.6616821,2.923497,0.01483824,-0.06110043,-0.006905185,-0.0009084956,-0.9981073,-0.6834126,2.915928,0.01714565,0.05080547,-0.1249359,0.9908632,-1,NaN,NaN,NaN,-1,NaN,NaN,NaN
6.161804,NaN,NaN,NaN,-0.5607936,2.925497,0.01429183,-0.06069345,-0.005090097,-0.001625505,-0.9981422,-0.5937339,2.915928,0.01714565,0.05080547,-0.1249359,0.9908632,-1,NaN,NaN,NaN,-1,NaN,NaN,NaN
6.178162,NaN,NaN,NaN,-0.5097564,2.925629,0.01424883,-0.06023159,-0.003997529,-0.001385937,-0.9981755,-0.5356278,2.92004,0.01550843,0.04918189,-0.1231379,0.9911701,-1,NaN,NaN,NaN,-1,NaN,NaN,NaN
6.202759,NaN,NaN,NaN,-0.4075815,2.925574,0.01442551,-0.06020422,-0.001640648,-0.0008787784,-0.9981843,-0.4314906,2.923007,0.01456879,0.04591867,-0.1216285,0.991513,-1,NaN,NaN,NaN,-1,NaN,NaN,NaN
6.220032,NaN,NaN,NaN,-0.3562565,2.92569,0.01493262,-0.06017109,-0.0003763307,-0.0006804134,-0.9981878,-0.3858684,2.923007,0.01456879,0.04591867,-0.1216285,0.991513,-1,NaN,NaN,NaN,-1,NaN,NaN,NaN
6.244568,NaN,NaN,NaN,-0.2541893,2.924763,0.01615242,-0.06040464,0.00201699,-0.0003185777,-0.9981719,-0.2816015,2.924379,0.01427872,0.0415983,-0.1212786,0.9917465,-1,NaN,NaN,NaN,-1,NaN,NaN,NaN
6.262878,NaN,NaN,NaN,-0.2044801,2.924189,0.01710534,-0.06038508,0.002960547,0.0001050476,-0.9981708,-0.2374156,2.924379,0.01427872,0.0415983,-0.1212786,0.9917465,-1,NaN,NaN,NaN,-1,NaN,NaN,NaN
6.286377,NaN,NaN,NaN,-0.1071864,2.922134,0.0195098,-0.05982409,0.005146151,0.0007677907,-0.9981954,-0.1373428,2.924501,0.01473752,0.0448876,-0.1311812,0.9903417,-1,NaN,NaN,NaN,-1,NaN,NaN,NaN
6.304016,NaN,NaN,NaN,-0.0599924,2.920862,0.02098196,-0.05978913,0.006243269,0.00124412,-0.9981907,-0.08191489,2.923585,0.01618162,0.04081569,-0.1342378,0.9901082,-1,NaN,NaN,NaN,-1,NaN,NaN,NaN
6.328735,NaN,NaN,NaN,0.03337404,2.91881,0.02437419,-0.06004605,0.008121822,0.001265019,-0.9981617,0.001077499,2.923585,0.01618162,0.04081569,-0.1342378,0.9901082,-1,NaN,NaN,NaN,-1,NaN,NaN,NaN
6.345459,NaN,NaN,NaN,0.0785749,2.917314,0.02618916,-0.06008795,0.008845023,0.0005025463,-0.9981538,0.05437685,2.921644,0.01871014,0.0430277,-0.13384,0.9900684,-1,NaN,NaN,NaN,-1,NaN,NaN,NaN
6.369629,NaN,NaN,NaN,0.1675243,2.913596,0.03021002,-0.06086672,0.01005798,-0.000258026,-0.9980952,0.1460904,2.919021,0.02210969,0.03836714,-0.133949,0.9902452,-1,NaN,NaN,NaN,-1,NaN,NaN,NaN
6.387207,NaN,NaN,NaN,0.210816,2.911518,0.03246038,-0.06093876,0.01064322,-0.0006738284,-0.9980845,0.1845719,2.919021,0.02210969,0.03836714,-0.133949,0.9902452,-1,NaN,NaN,NaN,-1,NaN,NaN,NaN
6.411377,NaN,NaN,NaN,0.2957161,2.90758,0.0367079,-0.06321494,0.01138103,-0.0002699195,-0.997935,0.2722631,2.91566,0.02642776,-0.007158581,-0.1202366,0.9927195,-1,NaN,NaN,NaN,-1,NaN,NaN,NaN
6.42981,NaN,NaN,NaN,0.3373679,2.905793,0.03870977,-0.06483862,0.01121124,-0.0001203436,-0.9978328,0.3092869,2.91566,0.02642776,-0.007158581,-0.1202366,0.9927195,-1,NaN,NaN,NaN,-1,NaN,NaN,NaN
6.453247,NaN,NaN,NaN,0.4168542,2.901727,0.04285251,-0.06830738,0.01090586,-0.0007549388,-0.9976044,0.3917751,2.911411,0.03109156,-0.01019279,-0.1026936,0.9946608,-1,NaN,NaN,NaN,-1,NaN,NaN,NaN
6.470886,NaN,NaN,NaN,0.4539815,2.899638,0.0449836,-0.06999519,0.01093976,-0.001488804,-0.9974862,0.4360858,2.906815,0.03617909,-0.0135058,-0.1065142,0.9942194,-1,NaN,NaN,NaN,-1,NaN,NaN,NaN
6.495667,NaN,NaN,NaN,0.5243781,2.895606,0.04914675,-0.07263317,0.01018916,-0.001235326,-0.9973059,0.4986606,2.906815,0.03617909,-0.0135058,-0.1065142,0.9942194,-1,NaN,NaN,NaN,-1,NaN,NaN,NaN
6.512512,NaN,NaN,NaN,0.5572355,2.894241,0.05130088,-0.07380733,0.009509549,-0.0007454181,-0.997227,0.5385678,2.902026,0.04129851,-0.01490827,-0.1085745,0.9939765,-1,NaN,NaN,NaN,-1,NaN,NaN,NaN
6.536743,NaN,NaN,NaN,0.6190931,2.891495,0.05562876,-0.07506087,0.008019886,-0.00125717,-0.9971459,0.6034523,2.897279,0.04632659,-0.01626682,-0.1137356,0.9933779,-1,NaN,NaN,NaN,-1,NaN,NaN,NaN
6.554565,NaN,NaN,NaN,0.6475649,2.889603,0.05765648,-0.07527284,0.007471813,-0.002250197,-0.9971325,0.6287606,2.897279,0.04632659,-0.01626682,-0.1137356,0.9933779,-1,NaN,NaN,NaN,-1,NaN,NaN,NaN
6.578491,NaN,NaN,NaN,0.7026855,2.886329,0.06167553,-0.07716988,0.006355754,-0.005225625,-0.996984,0.6868008,2.893182,0.05145645,-0.01605226,-0.1147621,0.9932633,-1,NaN,NaN,NaN,-1,NaN,NaN,NaN
6.59668,NaN,NaN,NaN,0.7268559,2.885464,0.06391996,-0.07763145,0.005530477,-0.006550878,-0.9969453,0.7082856,2.893182,0.05145645,-0.01605226,-0.1147621,0.9932633,-1,NaN,NaN,NaN,-1,NaN,NaN,NaN
6.6203,NaN,NaN,NaN,0.7695535,2.883175,0.06810486,-0.07824364,0.003953592,-0.007396228,-0.996899,0.7545296,2.889306,0.05645609,-0.01482481,-0.1175144,0.9929605,-1,NaN,NaN,NaN,-1,NaN,NaN,NaN
6.637634,NaN,NaN,NaN,0.7871771,2.881585,0.069993,-0.07921087,0.003322933,-0.007488912,-0.9968243,0.7773796,2.885842,0.06148501,-0.01193979,-0.1206551,0.9926227,-1,NaN,NaN,NaN,-1,NaN,NaN,NaN
6.662964,NaN,NaN,NaN,0.819199,2.87801,0.07339624,-0.08069433,0.002546107,-0.008960301,-0.9966954,0.8058435,2.885842,0.06148501,-0.01193979,-0.1206551,0.9926227,-1,NaN,NaN,NaN,-1,NaN,NaN,NaN
6.67926,NaN,NaN,NaN,0.8321476,2.875887,0.07498831,-0.08149959,0.002376518,-0.01005481,-0.9966198,0.8233565,2.882676,0.06631469,-0.01118156,-0.1235357,0.9922771,-1,NaN,NaN,NaN,-1,NaN,NaN,NaN
6.704102,NaN,NaN,NaN,0.8537316,2.87283,0.07858247,-0.08266219,0.001947382,-0.01121619,-0.9965127,0.8474447,2.879011,0.07080327,-0.01687689,-0.1255553,0.991943,-1,NaN,NaN,NaN,-1,NaN,NaN,NaN
6.72113,NaN,NaN,NaN,0.8601801,2.871624,0.08038748,-0.08240706,0.001890803,-0.01134336,-0.9965324,0.8531768,2.879011,0.07080327,-0.01687689,-0.1255553,0.991943,-1,NaN,NaN,NaN,-1,NaN,NaN,NaN
6.737671,NaN,NaN,NaN,0.8642437,2.870152,0.0819649,-0.08232384,0.001895027,-0.01132146,-0.9965395,0.8606247,2.874987,0.07509249,-0.02305309,-0.1278523,0.9915253,-1,NaN,NaN,NaN,-1,NaN,NaN,NaN
6.759705,NaN,NaN,NaN,0.8689708,2.867356,0.08509138,-0.08326534,0.003062822,-0.01282126,-0.9964402,0.8648264,2.874987,0.07509249,-0.02305309,-0.1278523,0.9915253,-1,NaN,NaN,NaN,-1,NaN,NaN,NaN
6.77655,NaN,NaN,NaN,0.8682365,2.866236,0.08666992,-0.0839837,0.004056988,-0.01349421,-0.9963675,0.8666967,2.871348,0.0792153,-0.02760709,-0.1162277,0.9928389,-1,NaN,NaN,NaN,-1,NaN,NaN,NaN
6.793701,NaN,NaN,NaN,0.8656272,2.86537,0.08828354,-0.08464517,0.004978265,-0.01421391,-0.9962973,0.8643773,2.871348,0.0792153,-0.02760709,-0.1162277,0.9928389,-1,NaN,NaN,NaN,-1,NaN,NaN,NaN
6.815186,NaN,NaN,NaN,0.8560347,2.863975,0.09133483,-0.08610477,0.005984198,-0.01461889,-0.9961609,0.8571333,2.867952,0.08318813,-0.02926658,-0.1110365,0.9933853,-1,NaN,NaN,NaN,-1,NaN,NaN,NaN
6.832397,NaN,NaN,NaN,0.8479372,2.863374,0.09266726,-0.08675883,0.006508361,-0.01502649,-0.9960948,0.8500264,2.865242,0.08696485,-0.03329449,-0.1138399,0.9929411,-1,NaN,NaN,NaN,-1,NaN,NaN,NaN
6.848999,NaN,NaN,NaN,0.8377606,2.862744,0.09392858,-0.08760258,0.007245701,-0.01541666,-0.9960098,0.8409805,2.865242,0.08696485,-0.03329449,-0.1138399,0.9929411,-1,NaN,NaN,NaN,-1,NaN,NaN,NaN
6.87085,NaN,NaN,NaN,0.8141321,2.861924,0.09647241,-0.08896486,0.008602755,-0.01644763,-0.9958618,0.818877,2.863228,0.09057312,-0.03596579,-0.1170922,0.9924696,-1,NaN,NaN,NaN,-1,NaN,NaN,NaN
6.888123,NaN,NaN,NaN,0.7993826,2.861688,0.09771906,-0.08930355,0.009140911,-0.01693196,-0.9958186,0.8057663,2.863228,0.09057312,-0.03596579,-0.1170922,0.9924696,-1,NaN,NaN,NaN,-1,NaN,NaN,NaN
6.904846,NaN,NaN,NaN,0.7841509,2.861437,0.09887568,-0.08944206,0.009348907,-0.01662312,-0.9958094,0.7899761,2.86178,0.09386342,-0.03893076,-0.1191003,0.9921188,-1,NaN,NaN,NaN,-1,NaN,NaN,NaN
6.926758,NaN,NaN,NaN,0.7483071,2.861149,0.1011201,-0.09017674,0.009248475,-0.01521499,-0.9957666,0.7581149,2.86178,0.09386342,-0.03893076,-0.1191003,0.9921188,-1,NaN,NaN,NaN,-1,NaN,NaN,NaN
6.944031,NaN,NaN,NaN,0.7265119,2.861074,0.1021383,-0.09050322,0.00908128,-0.01432092,-0.9957519,0.7354767,2.860868,0.09689163,-0.03525892,-0.1213515,0.9919832,-1,NaN,NaN,NaN,-1,NaN,NaN,NaN
6.960815,NaN,NaN,NaN,0.7034344,2.860945,0.1030901,-0.09044153,0.009333206,-0.01409612,-0.9957583,0.7149633,2.860868,0.09689163,-0.03525892,-0.1213515,0.9919832,-1,NaN,NaN,NaN,-1,NaN,NaN,NaN
6.982422,NaN,NaN,NaN,0.6539463,2.861027,0.1050094,-0.09006369,0.01000141,-0.01398023,-0.9957877,0.6666672,2.860295,0.09966865,-0.03175224,-0.1164479,0.9926891,4,-5.7,-17.00063,136.6194,5,5.7,-35.25682,266.5193
6.999634,NaN,NaN,NaN,0.6259881,2.86131,0.1060835,-0.08925459,0.01017034,-0.0138557,-0.9958605,0.6364785,2.860064,0.1020446,-0.03265085,-0.1159399,0.9927194,4,-5.7,-16.77258,134.9967,5,5.7,-35.02878,264.8966
7.024231,NaN,NaN,NaN,0.565833,2.862081,0.1082465,-0.08856929,0.01034068,-0.01281929,-0.9959339,0.5830073,2.860064,0.1020446,-0.03265085,-0.1159399,0.9927194,4,-5.7,-16.44785,132.6861,5,5.7,-34.70404,262.586
7.041443,NaN,NaN,NaN,0.5329128,2.862501,0.109183,-0.08907416,0.01017254,-0.01187907,-0.9959022,0.5472735,2.860126,0.1045318,-0.03413059,-0.1161984,0.9926394,4,-5.7,-16.21977,131.0633,5,5.7,-34.47596,260.9631
7.065857,NaN,NaN,NaN,0.4644524,2.863771,0.110913,-0.09124434,0.009878069,-0.01115355,-0.9957171,0.4789629,2.860737,0.1070596,-0.03621805,-0.1144182,0.9927723,4,-5.7,-15.89746,128.7699,5,5.7,-34.15366,258.6698
7.082947,NaN,NaN,NaN,0.4268514,2.864515,0.1116951,-0.09278017,0.009739956,-0.01057827,-0.9955829,0.4455398,2.860737,0.1070596,-0.03621805,-0.1144182,0.9927723,4,-5.7,-15.67159,127.1627,5,5.7,-33.92778,257.0626
7.107544,NaN,NaN,NaN,0.3485628,2.866184,0.1131196,-0.09459337,0.0094351,-0.008535559,-0.9954347,0.3674608,2.861834,0.1093764,-0.04229542,-0.1200802,0.9918628,4,-5.7,-15.34628,124.8481,5,5.7,-33.60247,254.748
7.124634,NaN,NaN,NaN,0.3066661,2.867097,0.1137633,-0.09482881,0.009308287,-0.006965958,-0.9954258,0.3302192,2.861834,0.1093764,-0.04229542,-0.1200802,0.9918628,4,-5.7,-15.11983,123.2368,5,5.7,-33.37602,253.1366
7.141602,NaN,NaN,NaN,0.2629662,2.868288,0.1144444,-0.09463613,0.009074917,-0.005208083,-0.995457,0.2818398,2.863404,0.1113857,-0.03951054,-0.1193145,0.99207,4,-5.7,-14.89543,121.6401,5,5.7,-33.15162,251.54
7.163513,NaN,NaN,NaN,0.1715693,2.870544,0.1156586,-0.09371428,0.008878252,-0.002470049,-0.9955565,0.2005982,2.863404,0.1113857,-0.03951054,-0.1193145,0.99207,4,-5.7,-14.60617,119.5819,5,5.7,-32.86237,249.4818
7.180664,NaN,NaN,NaN,0.122352,2.871568,0.1160509,-0.09349345,0.008776737,-0.0004232654,-0.9955812,0.1463182,2.865512,0.1131523,-0.04225375,-0.12064,0.9917967,4,-5.7,-14.37946,117.9688,5,5.7,-32.63565,247.8687
7.197632,NaN,NaN,NaN,0.07187762,2.872777,0.1165064,-0.0935191,0.008817186,0.001257656,-0.9955776,0.101452,2.865512,0.1131523,-0.04225375,-0.12064,0.9917967,4,-5.7,-14.15466,116.3693,5,5.7,-32.41086,246.2691
7.218933,NaN,NaN,NaN,-0.03288371,2.875099,0.1172885,-0.09294251,0.008441047,0.005227294,-0.995622,-0.003204163,2.867939,0.1146603,-0.04183356,-0.1203016,0.9918556,4,-5.7,-13.87358,114.3692,5,5.7,-32.12977,244.2691
7.236145,NaN,NaN,NaN,-0.08938046,2.8761,0.1175171,-0.09240444,0.008035346,0.00747906,-0.9956611,-0.06600893,2.87052,0.1158135,-0.041602,-0.1195117,0.9919608,4,-5.7,-13.64599,112.7499,5,5.7,-31.90218,242.6497
7.261292,NaN,NaN,NaN,-0.2060503,2.87839,0.1179769,-0.09219744,0.007229136,0.01067944,-0.9956573,-0.1697155,2.87052,0.1158135,-0.041602,-0.1195117,0.9919608,4,-5.7,-13.31329,110.3826,5,5.7,-31.56948,240.2824
7.278015,NaN,NaN,NaN,-0.2682776,2.879327,0.1180428,-0.09218235,0.006897357,0.01179085,-0.9956484,-0.2387524,2.87324,0.1168003,-0.04462007,-0.1192371,0.9918627,4,-5.7,-13.09219,108.8093,5,5.7,-31.34838,238.7092
7.295105,NaN,NaN,NaN,-0.3315547,2.880374,0.1181386,-0.09242185,0.00638527,0.0130941,-0.9956134,-0.2949987,2.87324,0.1168003,-0.04462007,-0.1192371,0.9918627,4,-5.7,-12.86619,107.2013,5,5.7,-31.12238,237.1011
7.316467,NaN,NaN,NaN,-0.4623176,2.882561,0.1183478,-0.09191237,0.005284962,0.01552256,-0.9956321,-0.4261465,2.875931,0.1175128,-0.03818158,-0.1182529,0.9922491,4,-5.7,-12.5841,105.1941,5,5.7,-30.84029,235.0939
7.333679,NaN,NaN,NaN,-0.5317225,2.883465,0.1182687,-0.09190631,0.004443087,0.01722259,-0.9956089,-0.5039246,2.878491,0.1179304,-0.04141216,-0.111686,0.9928803,4,-5.7,-12.35585,103.5701,5,5.7,-30.61205,233.4699
7.358154,NaN,NaN,NaN,-0.6741737,2.88566,0.1181292,-0.09114899,0.003260665,0.02017669,-0.9956275,-0.6305478,2.878491,0.1179304,-0.04141216,-0.111686,0.9928803,4,-5.7,-12.03267,101.2705,5,5.7,-30.28886,231.1703
7.375549,NaN,NaN,NaN,-0.7469853,2.886775,0.1179442,-0.09079236,0.002880961,0.02145102,-0.9956346,-0.7124964,2.881016,0.1181071,-0.0416859,-0.1106831,0.9929811,4,-5.7,-11.803,99.63631,5,5.7,-30.0592,229.5361
7.399963,NaN,NaN,NaN,-0.8970343,2.888984,0.1175926,-0.09002527,0.002014807,0.02368035,-0.995656,-0.8639687,2.883627,0.117925,-0.04792415,-0.1080865,0.9929857,4,-5.7,-11.48017,97.33929,5,5.7,-29.73637,227.2391
7.417358,NaN,NaN,NaN,-0.9755105,2.890023,0.1174304,-0.08985235,0.001569041,0.02461872,-0.9956496,-0.9337253,2.883627,0.117925,-0.04792415,-0.1080865,0.9929857,4,-5.7,-11.24975,95.69972,5,5.7,-29.50595,225.5996
7.441711,NaN,NaN,NaN,-1.134272,2.892227,0.1170743,-0.08975112,0.0007791398,0.02572264,-0.9956317,-1.094319,2.886194,0.1176896,-0.05279573,-0.1060691,0.9929562,4,-5.7,-10.92757,93.40734,5,5.7,-29.18377,223.3072
7.459229,NaN,NaN,NaN,-1.215708,2.89321,0.1168873,-0.08972863,0.0003754468,0.02604722,-0.9956255,-1.166707,2.886194,0.1176896,-0.05279573,-0.1060691,0.9929562,4,-5.7,-10.69662,91.76402,5,5.7,-28.95282,221.6638
7.483521,NaN,NaN,NaN,-1.379438,2.89524,0.116335,-0.09021115,-0.0007540286,0.02676069,-0.9955629,-1.332654,2.888714,0.1173808,-0.05070064,-0.1048995,0.9931896,4,-5.7,-10.37522,89.47717,5,5.7,-28.63142,219.377
7.501038,NaN,NaN,NaN,-1.462361,2.895976,0.1159723,-0.09084682,-0.001478821,0.02708297,-0.9954955,-1.427498,2.891237,0.116941,-0.04812108,-0.1038232,0.993431,4,-5.7,-10.14386,87.83094,5,5.7,-28.40006,217.7308
7.52533,NaN,NaN,NaN,-1.629847,2.897613,0.1152249,-0.09195174,-0.002690708,0.02771887,-0.995374,-1.576375,2.891237,0.116941,-0.04812108,-0.1038232,0.993431,4,-5.7,-9.822556,85.54473,5,5.7,-28.07875,215.4446
7.542908,NaN,NaN,NaN,-1.71336,2.898582,0.1149875,-0.09199107,-0.002861358,0.02743807,-0.9953777,-1.672271,2.893624,0.116295,-0.0457605,-0.1090522,0.9929822,4,-5.7,-9.589939,83.88958,5,5.7,-27.84614,213.7894
7.567017,NaN,NaN,NaN,-1.883102,2.899148,0.1139027,-0.09260772,-0.003054429,0.0280415,-0.995303,-1.845236,2.895787,0.1154993,-0.04777948,-0.1075621,0.9930496,4,-5.7,-9.271322,81.62251,5,5.7,-27.52752,211.5223
7.584778,NaN,NaN,NaN,-1.966874,2.899926,0.1135175,-0.09310712,-0.003095087,0.02846733,-0.9952443,-1.919699,2.895787,0.1154993,-0.04777948,-0.1075621,0.9930496,4,-5.7,-9.036557,79.95206,5,5.7,-27.29276,209.8519
7.608826,NaN,NaN,NaN,-2.135729,2.900647,0.1128503,-0.09232392,-0.003147641,0.02895808,-0.9953029,-2.092119,2.897427,0.1145545,-0.04700901,-0.111766,0.9926221,4,-5.7,-8.718539,77.68925,5,5.7,-26.97474,207.5891
7.626465,NaN,NaN,NaN,-2.219995,2.900633,0.112534,-0.09177101,-0.003155016,0.02919238,-0.9953472,-2.167022,2.897427,0.1145545,-0.04700901,-0.111766,0.9926221,4,-5.7,-8.484918,76.02695,5,5.7,-26.74112,205.9268
7.650513,NaN,NaN,NaN,-2.387248,2.90039,0.111838,-0.0904306,-0.003043864,0.02854429,-0.9954889,-2.338119,2.898694,0.1137272,-0.04673777,-0.1094775,0.9928898,4,-5.7,-8.167635,73.76936,5,5.7,-26.42384,203.6692
7.667969,NaN,NaN,NaN,-2.469725,2.899997,0.111532,-0.0898675,-0.003016032,0.02818772,-0.9955502,-2.433855,2.8994,0.1128167,-0.04913768,-0.1134601,0.9923267,4,-5.7,-7.936443,72.12435,5,5.7,-26.19264,202.0242
7.692261,NaN,NaN,NaN,-2.632416,2.899565,0.1111053,-0.08878385,-0.00291305,0.02714258,-0.9956768,-2.578469,2.8994,0.1128167,-0.04913768,-0.1134601,0.9923267,4,-5.7,-7.615415,69.84012,5,5.7,-25.87162,199.7399
7.709656,NaN,NaN,NaN,-2.712121,2.899095,0.1108206,-0.08880576,-0.002919104,0.02630913,-0.9956971,-2.671549,2.899354,0.1119153,-0.0491818,-0.11185,0.9925073,4,-5.7,-7.385144,68.20166,5,5.7,-25.64135,198.1015
7.734192,NaN,NaN,NaN,-2.869823,2.897418,0.1101654,-0.08949409,-0.002804702,0.02455888,-0.9956806,-2.83357,2.898826,0.111179,-0.04268411,-0.1114894,0.9928485,4,-5.7,-7.060931,65.89476,5,5.7,-25.31713,195.7946
7.751587,NaN,NaN,NaN,-2.948595,2.896561,0.1098818,-0.090317,-0.00348151,0.02479453,-0.9955984,-2.90359,2.898826,0.111179,-0.04268411,-0.1114894,0.9928485,4,-5.7,-6.831121,64.25958,5,5.7,-25.08732,194.1594
7.775818,NaN,NaN,NaN,-3.102442,2.894782,0.1093021,-0.09121474,-0.004576009,0.02460772,-0.9955167,-3.061797,2.897621,0.1105262,-0.03526248,-0.1187944,0.9922925,4,-5.7,-6.51089,61.98101,5,5.7,-24.76709,191.8808
7.793396,NaN,NaN,NaN,-3.17835,2.893428,0.1087932,-0.0919968,-0.004649984,0.02400501,-0.9954591,-3.129271,2.897621,0.1105262,-0.03526248,-0.1187944,0.9922925,4,-5.7,-6.278405,60.3268,5,5.7,-24.53461,190.2266
7.817566,NaN,NaN,NaN,-3.326467,2.890986,0.1076218,-0.09396201,-0.004545182,0.02227161,-0.9953163,-3.281941,2.895876,0.1099589,-0.03383977,-0.1204594,0.9921414,4,-5.7,-5.958492,58.0505,5,5.7,-24.21469,187.9503
7.834961,NaN,NaN,NaN,-3.399358,2.889174,0.1067733,-0.0949044,-0.004992163,0.02246744,-0.9952204,-3.367195,2.893459,0.1090257,-0.03245106,-0.1233718,0.9918298,4,-5.7,-5.728632,56.41497,5,5.7,-23.98483,186.3148
7.859436,NaN,NaN,NaN,-3.540577,2.885479,0.1050093,-0.09756055,-0.006552388,0.02251475,-0.9949534,-3.492723,2.893459,0.1090257,-0.03245106,-0.1233718,0.9918298,4,-5.7,-5.40517,54.11342,5,5.7,-23.66137,184.0132
7.876587,NaN,NaN,NaN,-3.609336,2.884261,0.1043158,-0.0982351,-0.007588853,0.02179371,-0.9948957,-3.573749,2.890358,0.107661,-0.03123285,-0.1257723,0.9915674,4,-5.7,-5.177883,52.49618,5,5.7,-23.43409,182.396
7.901245,NaN,NaN,NaN,-3.744932,2.881531,0.1028662,-0.09674228,-0.009359962,0.02118993,-0.9950399,-3.713531,2.886609,0.105886,-0.02839365,-0.1267061,0.9915339,4,-5.7,-4.85201,50.17747,5,5.7,-23.10821,180.0773
7.918396,NaN,NaN,NaN,-3.811916,2.879459,0.1017268,-0.09649818,-0.01037589,0.02222076,-0.9950311,-3.773072,2.886609,0.105886,-0.02839365,-0.1267061,0.9915339,4,-5.7,-4.625262,48.56408,5,5.7,-22.88147,178.4639
7.942932,NaN,NaN,NaN,-3.940933,2.876721,0.0998374,-0.09692026,-0.01172593,0.02374367,-0.9949399,-3.906305,2.882961,0.1040264,-0.03250675,-0.1222638,0.9919652,4,-5.7,-4.301245,46.25858,5,5.7,-22.55745,176.1584
7.960327,NaN,NaN,NaN,-4.003705,2.875401,0.09880267,-0.09673983,-0.01228946,0.02481681,-0.9949244,-3.962103,2.882961,0.1040264,-0.03250675,-0.1222638,0.9919652,4,-5.7,-4.071426,44.62333,5,5.7,-22.32763,174.5231
7.984619,NaN,NaN,NaN,-4.126758,2.872554,0.09655018,-0.09670945,-0.01287017,0.02607402,-0.9948879,-4.089345,2.879182,0.101894,-0.03366376,-0.119355,0.9922808,4,-5.7,-3.750107,42.33703,5,5.7,-22.00631,172.2368
8.002136,NaN,NaN,NaN,-4.186354,2.871132,0.09527764,-0.09694927,-0.01268563,0.02653174,-0.9948547,-4.159526,2.875653,0.0995664,-0.03543376,-0.1220835,0.9918872,4,-5.7,-3.518213,40.68702,5,5.7,-21.77442,170.5868
8.026855,NaN,NaN,NaN,-4.301713,2.868769,0.09255973,-0.0982709,-0.01268959,0.02795628,-0.9946861,-4.262068,2.875653,0.0995664,-0.03543376,-0.1220835,0.9918872,4,-5.7,-3.191634,38.36329,5,5.7,-21.44784,168.2631
8.04364,NaN,NaN,NaN,-4.356094,2.86789,0.09110467,-0.09893481,-0.01285934,0.02828622,-0.9946087,-4.327012,2.872239,0.09696429,-0.0399611,-0.1310041,0.9905761,4,-5.7,-2.96941,36.78208,5,5.7,-21.22561,166.6819
8.068115,NaN,NaN,NaN,-4.459459,2.866179,0.08820343,-0.09870497,-0.01330496,0.028088,-0.9946313,-4.434642,2.869174,0.09393198,-0.03939346,-0.1326815,0.9903756,4,-5.7,-2.64624,34.4826,5,5.7,-20.90244,164.3824
8.085327,NaN,NaN,NaN,-4.507275,2.865473,0.08665196,-0.09759552,-0.01347258,0.02755494,-0.9947534,-4.477144,2.869174,0.09393198,-0.03939346,-0.1326815,0.9903756,4,-5.7,-2.418246,32.86034,5,5.7,-20.67445,162.7601
8.109985,-20.29838,-44.0344,349.6198,-4.597551,2.864362,0.08339989,-0.09670115,-0.01456657,0.02756809,-0.9948249,-4.572055,2.866677,0.09058465,-0.04454894,-0.1328596,0.9901332,4,-5.7,-2.092455,30.54222,5,5.7,-20.34866,160.442
8.127625,-20.33365,-44.03053,349.5909,-4.638695,2.864079,0.0817405,-0.09639727,-0.01562038,0.02734719,-0.9948446,-4.608627,2.866677,0.09058465,-0.04454894,-0.1328596,0.9901332,4,-5.7,-1.859323,28.8834,5,5.7,-20.11553,158.7832
8.151733,NaN,NaN,NaN,-4.715786,2.86353,0.0784165,-0.09558848,-0.01795576,0.02716821,-0.9948881,-4.690625,2.864755,0.08698574,-0.04332778,-0.1369964,0.9896235,4,-5.7,-1.540624,26.61574,5,5.7,-19.79683,156.5155
8.169128,NaN,NaN,NaN,-4.749608,2.863493,0.07689505,-0.09493062,-0.01938613,0.02725725,-0.9949218,-4.732907,2.86342,0.08313043,-0.03054629,-0.1384791,0.9898942,4,-5.7,-1.310472,24.97812,5,5.7,-19.56668,154.8779
8.193848,NaN,NaN,NaN,-4.811253,2.863431,0.07385205,-0.09317502,-0.02190211,0.02734375,-0.9950332,-4.787703,2.86342,0.08313043,-0.03054629,-0.1384791,0.9898942,4,-5.7,-0.9835665,22.65207,5,5.7,-19.23977,152.5519
8.210693,NaN,NaN,NaN,-4.838148,2.863511,0.07229844,-0.09277797,-0.02320531,0.02751736,-0.995036,-4.822112,2.862683,0.07926204,-0.02425041,-0.1400995,0.9898404,4,-5.7,-0.7606054,21.06562,5,5.7,-19.01681,150.9654
8.235352,NaN,NaN,NaN,-4.885775,2.86398,0.06945434,-0.092173,-0.02532002,0.02769505,-0.9950357,-4.873444,2.86243,0.07550193,-0.01864961,-0.1387453,0.9901525,4,-5.7,-0.4352269,18.75043,5,5.7,-18.69143,148.6502
8.252686,NaN,NaN,NaN,-4.90612,2.863912,0.06795207,-0.09201521,-0.02637704,0.02829618,-0.995006,-4.891528,2.86243,0.07550193,-0.01864961,-0.1387453,0.9901525,4,-5.7,-0.2059739,17.11921,5,5.7,-18.46218,147.019
8.276978,NaN,NaN,NaN,-4.941411,2.864543,0.06525844,-0.09136569,-0.02852246,0.02931095,-0.9949772,-4.930471,2.862481,0.07185742,-0.02164645,-0.1412421,0.9897384,4,-5.7,0.1154373,14.83225,5,5.7,-18.14077,144.7321
8.294861,NaN,NaN,NaN,-4.955392,2.864556,0.06382306,-0.09127657,-0.02947156,0.02988386,-0.9949408,-4.942899,2.862481,0.07185742,-0.02164645,-0.1412421,0.9897384,4,-5.7,0.3520606,13.14859,5,5.7,-17.90414,143.0484
8.318726,-11.02161,-47.56267,338.7852,-4.977788,2.865173,0.0612011,-0.09181856,-0.03120185,0.03038099,-0.994823,-4.968931,2.862809,0.06838015,-0.01767187,-0.1472263,0.9889449,4,-5.7,0.6677033,10.90267,5,5.7,-17.5885,140.8025
8.336121,-12.85,-41.36408,296.7959,-4.985107,2.865508,0.0600245,-0.09144796,-0.03217809,0.03043261,-0.9948245,-4.980134,2.863345,0.0650547,-0.0262231,-0.1473697,0.9887338,4,-5.7,0.897189,9.269796,5,5.7,-17.35901,139.1696
8.361145,-12.85,-41.31105,296.4401,-4.995723,2.865936,0.05760024,-0.09022355,-0.03427311,0.03135071,-0.9948378,-4.98957,2.863345,0.0650547,-0.0262231,-0.1473697,0.9887338,4,-5.7,1.228047,6.915621,5,5.7,-17.02815,136.8154
8.377747,-12.80205,-49.97766,355.9688,-4.9981,2.866143,0.05652879,-0.08934251,-0.03525254,0.03145601,-0.9948798,-4.995048,2.863953,0.06189147,-0.02169256,-0.1468259,0.9889244,4,-5.7,1.447554,5.353748,5,5.7,-16.80865,135.2536
8.395081,-12.80238,-49.97766,355.9688,-4.998475,2.866416,0.05549203,-0.08813054,-0.03597042,0.03141958,-0.9949633,-4.99538,2.863953,0.06189147,-0.02169256,-0.1468259,0.9889244,4,-5.7,1.677349,3.718672,5,5.7,-16.57885,133.6185
8.416199,22.54983,-52.78895,397.0327,-4.994713,2.866965,0.05341746,-0.08609314,-0.03749156,0.03154444,-0.9950816,-4.994205,2.864423,0.05900118,0.06855142,-0.1385098,0.9879857,4,-5.7,1.956546,1.732077,5,5.7,-16.29965,131.6319
8.433411,NaN,NaN,NaN,-4.989636,2.867161,0.05240225,-0.08555379,-0.03813326,0.03165891,-0.9951,-4.990559,2.865109,0.05625963,0.07425909,-0.1139445,0.9907079,4,-5.7,2.183715,0.1156893,5,5.7,-16.07248,130.0155
8.450012,NaN,NaN,NaN,-4.982471,2.867258,0.05139216,-0.0853695,-0.03868606,0.03158424,-0.995097,-4.98419,2.865109,0.05625963,0.07425909,-0.1139445,0.9907079,5,5.7,-15.85327,128.4557,6,-0.7,-33.94581,257.1907
8.472168,NaN,NaN,NaN,-4.963546,2.867695,0.04956094,-0.08476753,-0.03955333,0.03078159,-0.9951395,-4.967053,2.865764,0.05371185,0.0802098,-0.1105951,0.9906236,5,5.7,-15.56011,126.3698,6,-0.7,-33.65265,255.1048
8.489197,NaN,NaN,NaN,-4.950434,2.86805,0.04878126,-0.0839148,-0.03977333,0.03002862,-0.995226,-4.955399,2.865764,0.05371185,0.0802098,-0.1105951,0.9906236,5,5.7,-15.33456,124.7649,6,-0.7,-33.4271,253.4999
8.513855,NaN,NaN,NaN,-4.918674,2.868512,0.04724551,-0.08176944,-0.04032805,0.0293954,-0.9954011,-4.92568,2.866221,0.05128357,0.07883672,-0.1143742,0.9903046,5,5.7,-15.00915,122.4495,6,-0.7,-33.10169,251.1845
8.531006,NaN,NaN,NaN,-4.899135,2.868801,0.04655389,-0.08106093,-0.04058834,0.02929404,-0.9954515,-4.908312,2.866221,0.05128357,0.07883672,-0.1143742,0.9903046,5,5.7,-14.78194,120.8328,6,-0.7,-32.87448,249.5678
8.555664,NaN,NaN,NaN,-4.855731,2.869716,0.04529043,-0.0805117,-0.04118628,0.02929303,-0.9954715,-4.867004,2.866712,0.04910515,0.07948618,-0.1133333,0.9903724,5,5.7,-14.45618,118.5149,6,-0.7,-32.54872,247.2499
8.572632,NaN,NaN,NaN,-4.830258,2.870378,0.04470943,-0.08071352,-0.04139067,0.02937564,-0.9954443,-4.840352,2.867428,0.04729822,0.08083259,-0.109856,0.9906552,5,5.7,-14.23167,116.9175,6,-0.7,-32.32421,245.6524
8.589539,NaN,NaN,NaN,-4.803728,2.871002,0.04416193,-0.08095664,-0.04181137,0.02981736,-0.9953938,-4.81677,2.867428,0.04729822,0.08083259,-0.109856,0.9906552,5,5.7,-14.00832,115.3282,6,-0.7,-32.10086,244.0632
8.611145,NaN,NaN,NaN,-4.746636,2.87255,0.04317672,-0.08149176,-0.04290914,0.03030957,-0.9952885,-4.760715,2.868403,0.04571285,0.08260876,-0.1066945,0.9908542,5,5.7,-13.72235,113.2934,6,-0.7,-31.81488,242.0284
8.629272,NaN,NaN,NaN,-4.714129,2.873571,0.04278268,-0.08204061,-0.04354751,0.03009703,-0.9952222,-4.73182,2.868403,0.04571285,0.08260876,-0.1066945,0.9908542,5,5.7,-13.48275,111.5886,6,-0.7,-31.57529,240.3236
8.653015,NaN,NaN,NaN,-4.646204,2.875826,0.04175968,-0.08313531,-0.044566,0.02903681,-0.9951177,-4.664925,2.869812,0.04451455,0.08449846,-0.1066931,0.9906951,5,5.7,-13.16896,109.3559,6,-0.7,-31.2615,238.0909
8.670349,NaN,NaN,NaN,-4.608543,2.877091,0.041252,-0.08343173,-0.04476232,0.02763689,-0.995124,-4.62384,2.87168,0.04325636,0.08685666,-0.1080444,0.9903446,5,5.7,-12.93957,107.7237,6,-0.7,-31.03211,236.4587
8.695374,NaN,NaN,NaN,-4.528298,2.879814,0.04020345,-0.08457576,-0.04536825,0.02526709,-0.9950629,-4.552511,2.87168,0.04325636,0.08685666,-0.1080444,0.9903446,5,5.7,-12.60864,105.369,6,-0.7,-30.70118,234.104
8.712097,22.83613,-29.1713,291.3475,-4.484135,2.881466,0.03973994,-0.0850819,-0.04606206,0.02409312,-0.995017,-4.504533,2.874107,0.04198568,0.09288951,-0.1088738,0.9897061,5,5.7,-12.38738,103.7946,6,-0.7,-30.47992,232.5296
8.736511,NaN,NaN,NaN,-4.391235,2.884613,0.03868998,-0.08537408,-0.04691938,0.02125446,-0.9950166,-4.411986,2.877097,0.04069778,0.1025345,-0.1112628,0.9884874,5,5.7,-12.06528,101.5027,6,-0.7,-30.15781,230.2377
8.753784,NaN,NaN,NaN,-4.341601,2.886295,0.03820428,-0.08497246,-0.04700599,0.01941124,-0.9950846,-4.367867,2.877097,0.04069778,0.1025345,-0.1112628,0.9884874,5,5.7,-11.83662,99.87574,6,-0.7,-29.92915,228.6107
8.778381,24.05571,-29.70059,286.8245,-4.237532,2.890083,0.03753643,-0.08427694,-0.0469455,0.0159271,-0.9952085,-4.264082,2.880558,0.03930862,0.09764907,-0.1123426,0.9888598,5,5.7,-11.51119,97.56023,6,-0.7,-29.60373,226.2952
8.796387,23.82408,-29.37695,283.9758,-4.181637,2.892011,0.03724237,-0.08401587,-0.04691489,0.01454957,-0.9952531,-4.214398,2.880558,0.03930862,0.09764907,-0.1123426,0.9888598,5,5.7,-11.27299,95.86531,6,-0.7,-29.36552,224.6003
8.820251,24.02557,-30.09342,281.4854,-4.066738,2.895945,0.03676689,-0.08344562,-0.04704039,0.01188086,-0.9953305,-4.09972,2.884523,0.03829483,0.09876671,-0.1158076,0.988349,5,5.7,-10.9575,93.62048,6,-0.7,-29.05003,222.3555
8.837463,24.06108,-31.63532,279.6767,-4.006337,2.89794,0.03664052,-0.08320144,-0.0470783,0.01116416,-0.9953575,-4.032259,2.888919,0.03747162,0.09921385,-0.1219251,0.9875682,5,5.7,-10.73045,92.00497,6,-0.7,-28.82299,220.7399
8.86261,23.96597,-31.38365,277.6382,-3.882933,2.901876,0.03693002,-0.08218432,-0.04683255,0.00982801,-0.9954677,-3.922565,2.888919,0.03747162,0.09921385,-0.1219251,0.9875682,5,5.7,-10.39745,89.63551,6,-0.7,-28.48998,218.3705
8.87915,NaN,NaN,NaN,-3.818971,2.903818,0.03709435,-0.08157273,-0.04639671,0.009250583,-0.9955439,-3.850781,2.893533,0.03713479,0.1027145,-0.121753,0.9872314,5,5.7,-10.17914,88.08221,6,-0.7,-28.27168,216.8172
8.903748,NaN,NaN,NaN,-3.688252,2.908036,0.03743125,-0.08034853,-0.04556605,0.00798001,-0.9956929,-3.718669,2.898248,0.03701606,0.1028645,-0.1183392,0.9876309,5,5.7,-9.854119,85.76953,6,-0.7,-27.94665,214.5045
8.920837,NaN,NaN,NaN,-3.621564,2.909953,0.03769637,-0.07971323,-0.04529913,0.008075492,-0.9957554,-3.65939,2.898248,0.03701606,0.1028645,-0.1183392,0.9876309,5,5.7,-9.627578,84.1576,6,-0.7,-27.72011,212.8926
8.945557,NaN,NaN,NaN,-3.486775,2.913293,0.03829294,-0.07926346,-0.04498752,0.008643119,-0.9958006,-3.522816,2.903073,0.03706598,0.1059145,-0.116931,0.9874762,5,5.7,-9.30113,81.8348,6,-0.7,-27.39366,210.5698
8.963745,NaN,NaN,NaN,-3.417901,2.914974,0.03876167,-0.07922782,-0.04464093,0.00837106,-0.9958213,-3.461594,2.903073,0.03706598,0.1059145,-0.116931,0.9874762,5,5.7,-9.060537,80.12289,6,-0.7,-27.15307,208.8579
8.987183,NaN,NaN,NaN,-3.279413,2.918184,0.03988902,-0.07810979,-0.04333067,0.006762047,-0.9959797,-3.32108,2.907785,0.03747775,0.1069236,-0.1184875,0.9871819,5,5.7,-8.75041,77.91622,6,-0.7,-26.84294,206.6512
9.004456,NaN,NaN,NaN,-3.209901,2.919551,0.04069373,-0.07730374,-0.04241857,0.006007842,-0.9960867,-3.241309,2.912067,0.03801807,0.1109651,-0.1228538,0.9862016,5,5.7,-8.522127,76.29191,6,-0.7,-26.61466,205.0269
9.029419,NaN,NaN,NaN,-3.070801,2.921993,0.04258248,-0.07646739,-0.04108154,0.005715161,-0.996209,-3.117664,2.912067,0.03801807,0.1109651,-0.1228538,0.9862016,5,5.7,-8.192261,73.94479,6,-0.7,-26.28479,202.6798
9.046326,NaN,NaN,NaN,-3.00081,2.92264,0.04364811,-0.07614932,-0.04044599,0.005866105,-0.9962586,-3.037194,2.915943,0.03934639,0.1137,-0.1204221,0.9861901,5,5.7,-7.968734,72.35431,6,-0.7,-26.06127,201.0893
9.070801,NaN,NaN,NaN,-2.860969,2.92362,0.04614189,-0.07564598,-0.03906285,0.005603299,-0.9963536,-2.894443,2.919211,0.04126302,0.1177793,-0.1263947,0.9849632,5,5.7,-7.645441,70.05396,6,-0.7,-25.73797,198.7889
9.088074,NaN,NaN,NaN,-2.790789,2.924184,0.04774254,-0.07476845,-0.03808316,0.005399499,-0.9964589,-2.83206,2.919211,0.04126302,0.1177793,-0.1263947,0.9849632,5,5.7,-7.416843,68.42741,6,-0.7,-25.50938,197.1624
9.112488,NaN,NaN,NaN,-2.651337,2.924473,0.05109197,-0.07240973,-0.03628669,0.005386882,-0.9967001,-2.689495,2.92149,0.04373896,0.1182726,-0.1245361,0.9851408,5,5.7,-7.094246,66.13201,6,-0.7,-25.18678,194.867
9.130432,NaN,NaN,NaN,-2.582157,2.923984,0.05290348,-0.07187866,-0.03549103,0.005671081,-0.9967656,-2.628002,2.92149,0.04373896,0.1182726,-0.1245361,0.9851408,5,5.7,-6.856993,64.44386,6,-0.7,-24.94953,193.1788
9.154297,NaN,NaN,NaN,-2.445236,2.922292,0.05682826,-0.0711358,-0.03406745,0.006371988,-0.9968644,-2.487626,2.922923,0.04694232,0.1146426,-0.1116985,0.9871072,5,5.7,-6.541251,62.19724,6,-0.7,-24.63379,190.9322
9.171631,NaN,NaN,NaN,-2.378133,2.921109,0.05892773,-0.07114249,-0.03353883,0.006761118,-0.9968792,-2.409506,2.923082,0.05084126,0.1192462,-0.1083235,0.9869379,5,5.7,-6.311844,60.56493,6,-0.7,-24.40438,189.2999
9.196411,NaN,NaN,NaN,-2.247362,2.918655,0.0633316,-0.07141694,-0.03242445,0.007988719,-0.9968874,-2.293265,2.923082,0.05084126,0.1192462,-0.1083235,0.9869379,5,5.7,-5.984084,58.23279,6,-0.7,-24.07662,186.9678
9.213379,NaN,NaN,NaN,-2.185263,2.917434,0.06562503,-0.07153722,-0.03187832,0.008975553,-0.996888,-2.219805,2.921761,0.05532306,0.1189105,-0.1130223,0.9864513,5,5.7,-5.759768,56.6367,6,-0.7,-23.8523,185.3717
9.237793,NaN,NaN,NaN,-2.064863,2.913945,0.07015967,-0.07077336,-0.03018821,0.01020426,-0.9969833,-2.09513,2.919203,0.06014719,0.1322408,-0.1189323,0.9840567,5,5.7,-5.437298,54.34221,6,-0.7,-23.52983,183.0772
9.254883,NaN,NaN,NaN,-2.006464,2.912093,0.0725787,-0.07071693,-0.02886404,0.01046461,-0.9970238,-2.043219,2.919203,0.06014719,0.1322408,-0.1189323,0.9840567,5,5.7,-5.211172,52.73324,6,-0.7,-23.30371,181.4682
9.271667,NaN,NaN,NaN,-1.949507,2.910321,0.07504153,-0.07030142,-0.02764637,0.01067699,-0.9970855,-1.975639,2.915998,0.06550611,0.1292435,-0.1272043,0.9834201,5,5.7,-4.989236,51.15408,6,-0.7,-23.08177,179.8891
9.293701,NaN,NaN,NaN,-1.839815,2.906274,0.07975151,-0.07142382,-0.02562594,0.01153504,-0.9970502,-1.878135,2.915998,0.06550611,0.1292435,-0.1272043,0.9834201,5,5.7,-4.698444,49.08499,6,-0.7,-22.79098,177.82
9.310669,NaN,NaN,NaN,-1.788184,2.90453,0.08209115,-0.07234098,-0.02490769,0.01228963,-0.9969931,-1.816164,2.91207,0.07116454,0.1265968,-0.1271023,0.9837775,5,5.7,-4.473502,47.48444,6,-0.7,-22.56604,176.2194
9.327576,NaN,NaN,NaN,-1.73873,2.902646,0.08431702,-0.07288269,-0.0242247,0.01303467,-0.9969611,-1.772205,2.91207,0.07116454,0.1265968,-0.1271023,0.9837775,5,5.7,-4.250313,45.89638,6,-0.7,-22.34285,174.6313
9.349182,NaN,NaN,NaN,-1.642992,2.899126,0.08864002,-0.07409053,-0.02244843,0.01386693,-0.9969025,-1.672,2.907634,0.07683181,0.1437994,-0.134958,0.9803612,5,5.7,-3.964819,43.86498,6,-0.7,-22.05735,172.5999
9.366272,20.7355,-17.47368,152.3631,-1.598143,2.897634,0.09079603,-0.07519028,-0.02126969,0.01385585,-0.9968461,-1.618066,2.90311,0.08217099,0.1439789,-0.1312465,0.9808386,5,5.7,-3.738261,42.25294,6,-0.7,-21.8308,170.9879
9.383057,20.37272,-17.10772,149.6282,-1.554632,2.895851,0.09279768,-0.07686209,-0.02023602,0.01414824,-0.996736,-1.57939,2.90311,0.08217099,0.1439789,-0.1312465,0.9808386,5,5.7,-3.516623,40.6759,6,-0.7,-21.60916,169.4109
9.404724,NaN,NaN,NaN,-1.473622,2.891838,0.09636201,-0.08002083,-0.01864494,0.01531441,-0.9965012,-1.494501,2.898855,0.08761342,0.1409237,-0.132693,0.9810877,5,5.7,-3.23035,38.63896,6,-0.7,-21.32288,167.3739
9.422546,NaN,NaN,NaN,-1.435905,2.889807,0.09792349,-0.08206454,-0.01796916,0.01605629,-0.9963357,-1.460975,2.898855,0.08761342,0.1409237,-0.132693,0.9810877,5,5.7,-2.994611,36.96159,6,-0.7,-21.08714,165.6965
9.446716,NaN,NaN,NaN,-1.363577,2.886223,0.1007026,-0.08447567,-0.01634341,0.0154216,-0.9961722,-1.3849,2.894562,0.09256943,0.1400959,-0.1379461,0.9804815,5,5.7,-2.674896,34.6867,6,-0.7,-20.76743,163.4217
9.464417,NaN,NaN,NaN,-1.328712,2.884802,0.1017309,-0.08590036,-0.0156551,0.01505566,-0.996067,-1.353909,2.894562,0.09256943,0.1400959,-0.1379461,0.9804815,5,5.7,-2.441313,33.02467,6,-0.7,-20.53385,161.7596
9.488281,NaN,NaN,NaN,-1.264108,2.882138,0.1039315,-0.08804832,-0.0149118,0.01301033,-0.9959196,-1.285665,2.88996,0.09657028,0.133016,-0.1237356,0.9833597,5,5.7,-2.125119,30.77483,6,-0.7,-20.21765,159.5098
9.505798,NaN,NaN,NaN,-1.235465,2.880377,0.1047544,-0.08919527,-0.01524325,0.01155434,-0.9958305,-1.250387,2.885733,0.09990663,-0.009730746,-0.1347135,0.9908369,5,5.7,-1.893977,29.13017,6,-0.7,-19.98651,157.8651
9.53009,NaN,NaN,NaN,-1.180717,2.878295,0.106711,-0.08983617,-0.01599055,0.008229136,-0.9957942,-1.201723,2.885733,0.09990663,-0.009730746,-0.1347135,0.9908369,5,5.7,-1.572652,26.84383,6,-0.7,-19.66518,155.5788
9.547546,NaN,NaN,NaN,-1.156165,2.877084,0.1075668,-0.08916871,-0.01662075,0.006128122,-0.995859,-1.171113,2.88207,0.1028231,-0.0158046,-0.1271241,0.9917609,5,5.7,-1.342196,25.20405,6,-0.7,-19.43473,153.939
9.571899,NaN,NaN,NaN,-1.111406,2.874902,0.1090478,-0.08863617,-0.01815141,0.003206087,-0.9958936,-1.123469,2.878852,0.1052487,-0.01029417,-0.1300441,0.9914548,5,5.7,-1.01991,22.91086,6,-0.7,-19.11244,151.6458
9.589355,NaN,NaN,NaN,-1.092083,2.87401,0.1098601,-0.08758926,-0.01876636,0.001390256,-0.995979,-1.106292,2.878852,0.1052487,-0.01029417,-0.1300441,0.9914548,5,5.7,-0.7893932,21.27065,6,-0.7,-18.88193,150.0056
9.613647,NaN,NaN,NaN,-1.056813,2.871814,0.1116832,-0.08558334,-0.01917233,-0.001341785,-0.9961457,-1.068162,2.876034,0.107134,-0.01441933,-0.1303357,0.9913651,5,5.7,-0.4675791,18.98082,6,-0.7,-18.56011,147.7158
9.631165,NaN,NaN,NaN,-1.041646,2.870937,0.1125954,-0.08467516,-0.0188015,-0.002295648,-0.9962286,-1.05468,2.876034,0.107134,-0.01441933,-0.1303357,0.9913651,5,5.7,-0.2366101,17.33739,6,-0.7,-18.32914,146.0724
9.655457,NaN,NaN,NaN,-1.015976,2.868979,0.1141645,-0.08397157,-0.01886181,-0.004132469,-0.996281,-1.025938,2.873482,0.109222,-0.01192944,-0.1310763,0.9913005,5,5.7,0.08466552,15.0514,6,-0.7,-18.00787,143.7864
9.672913,NaN,NaN,NaN,-1.006321,2.868204,0.114927,-0.08450246,-0.01885222,-0.005312546,-0.9962308,-1.01248,2.871075,0.1113491,-0.01084468,-0.1397521,0.9901271,5,5.7,0.3154866,13.40902,6,-0.7,-17.77705,142.144
9.697327,NaN,NaN,NaN,-0.9901289,2.866412,0.1161564,-0.08492459,-0.01850682,-0.007838533,-0.9961847,-0.9980867,2.871075,0.1113491,-0.01084468,-0.1397521,0.9901271,5,5.7,0.6381029,11.11349,6,-0.7,-17.45443,139.8484
9.7146,NaN,NaN,NaN,-0.9848291,2.865588,0.1166723,-0.08475713,-0.01797741,-0.009548719,-0.9961938,-0.9894683,2.868803,0.113287,0.002072878,-0.1383298,0.990384,5,5.7,0.8664716,9.488559,6,-0.7,-17.22606,138.2235
9.731323,NaN,NaN,NaN,-0.9821226,2.864701,0.1171753,-0.0846285,-0.01765198,-0.01062765,-0.9961996,-0.9870625,2.868803,0.113287,0.002072878,-0.1383298,0.990384,5,5.7,1.088152,7.911222,6,-0.7,-17.00438,136.6462
9.753052,NaN,NaN,NaN,-0.9820703,2.863412,0.118202,-0.0844131,-0.0172039,-0.0119164,-0.9962111,-0.9840697,2.866647,0.1149037,0.001884554,-0.1382133,0.9904007,5,5.7,1.374914,5.870803,6,-0.7,-16.71762,134.6058
9.770264,NaN,NaN,NaN,-0.9865428,2.862795,0.1185302,-0.08454364,-0.01716614,-0.011563,-0.9962049,-0.9864967,2.86459,0.116453,0.001115719,-0.1401491,0.9901298,5,5.7,1.602977,4.24805,6,-0.7,-16.48956,132.983
9.795593,NaN,NaN,NaN,-0.9998237,2.861604,0.1190493,-0.0852115,-0.01597072,-0.01235758,-0.9961583,-0.9983019,2.86459,0.116453,0.001115719,-0.1401491,0.9901298,5,5.7,1.937308,1.869165,6,-0.7,-16.15523,130.6041
9.811951,NaN,NaN,NaN,-1.011379,2.861097,0.1191869,-0.0855353,-0.01519052,-0.01267275,-0.9961388,-1.008252,2.862826,0.1176973,0.004397143,-0.1400664,0.9901323,5,5.7,2.154183,0.326019,6,-0.7,-15.93835,129.061
9.836426,NaN,NaN,NaN,-1.038417,2.860152,0.119349,-0.08585426,-0.01364836,-0.01303891,-0.9961289,-1.033345,2.861378,0.1184755,0.00232566,-0.1341217,0.9909621,6,-0.7,-15.61493,126.7597,7,5.7,-33.70744,255.4948
9.85376,NaN,NaN,NaN,-1.055275,2.859845,0.119342,-0.0857476,-0.01276825,-0.01280953,-0.9961527,-1.04833,2.861378,0.1184755,0.00232566,-0.1341217,0.9909621,6,-0.7,-15.38626,125.1326,7,5.7,-33.47877,253.8676
9.878174,NaN,NaN,NaN,-1.095091,2.859811,0.1193665,-0.08530435,-0.01120447,-0.0119954,-0.9962198,-1.086159,2.860057,0.1189792,-0.0006356341,-0.1340149,0.9909791,6,-0.7,-15.06316,122.8337,7,5.7,-33.15567,251.5687
9.89624,NaN,NaN,NaN,-1.119066,2.859963,0.1193486,-0.08468524,-0.01042883,-0.01120627,-0.9962901,-1.107471,2.860057,0.1189792,-0.0006356341,-0.1340149,0.9909791,6,-0.7,-14.82442,121.135,7,5.7,-32.91694,249.87
9.919983,NaN,NaN,NaN,-1.171447,2.860933,0.1193462,-0.08368465,-0.00883425,-0.01042949,-0.9963986,-1.157852,2.859133,0.119206,-0.001358466,-0.1340401,0.990975,6,-0.7,-14.51066,118.9024,7,5.7,-32.60317,247.6374
9.937256,NaN,NaN,NaN,-1.2016,2.861689,0.1193092,-0.08353186,-0.008131415,-0.01030517,-0.9964187,-1.189867,2.858939,0.1192564,-0.0034314,-0.1356441,0.9907517,6,-0.7,-14.28224,117.2772,7,5.7,-32.37476,246.0121
9.96228,NaN,NaN,NaN,-1.265358,2.863623,0.1190013,-0.08366667,-0.007059719,-0.009292359,-0.9964255,-1.24654,2.858939,0.1192564,-0.0034314,-0.1356441,0.9907517,6,-0.7,-13.95118,114.9215,7,5.7,-32.04369,243.6565
9.979065,NaN,NaN,NaN,-1.300857,2.86498,0.1187156,-0.08397093,-0.006994454,-0.008099901,-0.9964107,-1.284657,2.859662,0.1192342,-0.003732711,-0.1341018,0.9909605,6,-0.7,-13.72926,113.3425,7,5.7,-31.82178,242.0775
10.00336,NaN,NaN,NaN,-1.374946,2.867765,0.1180137,-0.08425024,-0.00655877,-0.00671054,-0.9964005,-1.358317,2.861434,0.1190235,-0.002405345,-0.1336329,0.991028,6,-0.7,-13.40762,111.0539,7,5.7,-31.50014,239.7889
10.02118,NaN,NaN,NaN,-1.414708,2.869215,0.1175097,-0.08460229,-0.006392019,-0.006475913,-0.9963732,-1.393661,2.861434,0.1190235,-0.002405345,-0.1336329,0.991028,6,-0.7,-13.17218,109.3787,7,5.7,-31.2647,238.1137
10.04517,NaN,NaN,NaN,-1.496809,2.872541,0.1164404,-0.08562152,-0.006069131,-0.006462698,-0.9962883,-1.475637,2.86415,0.1184921,0.008187775,-0.1355629,0.9907349,6,-0.7,-12.85512,107.1226,7,5.7,-30.94763,235.8576
10.06372,NaN,NaN,NaN,-1.540821,2.87447,0.1158273,-0.08605585,-0.006008752,-0.005881639,-0.9962549,-1.514759,2.86415,0.1184921,0.008187775,-0.1355629,0.9907349,6,-0.7,-12.60971,105.3765,7,5.7,-30.70222,234.1115
10.08691,NaN,NaN,NaN,-1.63126,2.878353,0.1144197,-0.08664146,-0.006007039,-0.003948989,-0.9962136,-1.605134,2.86761,0.1176158,0.009170212,-0.1367738,0.9905599,6,-0.7,-12.30341,103.197,7,5.7,-30.39592,231.932
10.10443,NaN,NaN,NaN,-1.67877,2.88031,0.1136167,-0.08647466,-0.005957773,-0.002853438,-0.9962322,-1.658266,2.871598,0.1163725,0.01374993,-0.1380337,0.9903321,6,-0.7,-12.07184,101.5494,7,5.7,-30.16436,230.2843
10.12921,NaN,NaN,NaN,-1.77624,2.884677,0.1120443,-0.08607947,-0.005324174,-0.001572921,-0.9962728,-1.744906,2.871598,0.1163725,0.01374993,-0.1380337,0.9903321,6,-0.7,-11.74375,99.21487,7,5.7,-29.83627,227.9499
10.14624,NaN,NaN,NaN,-1.826782,2.886866,0.1111722,-0.08564629,-0.004840638,-0.0008296875,-0.9963135,-1.801605,2.875981,0.1147752,0.01363846,-0.1370349,0.9904723,6,-0.7,-11.51895,97.6153,7,5.7,-29.61146,226.3503
10.16351,NaN,NaN,NaN,-1.87843,2.889064,0.1103337,-0.08540425,-0.004257095,-0.0001293036,-0.9963374,-1.847514,2.875981,0.1147752,0.01363846,-0.1370349,0.9904723,6,-0.7,-11.29017,95.9875,7,5.7,-29.38269,224.7225
10.18451,NaN,NaN,NaN,-1.984065,2.893571,0.1087853,-0.08449966,-0.003307603,0.001850364,-0.9964164,-1.95397,2.880842,0.1129537,0.0123574,-0.1329512,0.9910455,6,-0.7,-11.01263,94.01264,7,5.7,-29.10514,222.7476
10.20148,NaN,NaN,NaN,-2.037029,2.895622,0.107978,-0.08363375,-0.002883378,0.003023219,-0.9964879,-2.01452,2.886073,0.1110637,0.0138178,-0.1305299,0.9913481,6,-0.7,-10.78857,92.4184,7,5.7,-28.88108,221.1534
10.22632,NaN,NaN,NaN,-2.1431,2.899434,0.1063633,-0.08220494,-0.001925008,0.004689242,-0.9966025,-2.108805,2.886073,0.1110637,0.0138178,-0.1305299,0.9913481,6,-0.7,-10.46045,90.08368,7,5.7,-28.55296,218.8187
10.24341,NaN,NaN,NaN,-2.196303,2.901234,0.1056314,-0.08131637,-0.001456879,0.00528364,-0.9966733,-2.169809,2.891287,0.1091022,0.02840443,-0.1227077,0.9920363,6,-0.7,-10.23383,88.47123,7,5.7,-28.32634,217.2062
10.26025,NaN,NaN,NaN,-2.250072,2.902711,0.1048472,-0.08076961,-0.001229324,0.006208089,-0.9967127,-2.217604,2.891287,0.1091022,0.02840443,-0.1227077,0.9920363,6,-0.7,-10.0115,86.88924,7,5.7,-28.10401,215.6242
10.28192,NaN,NaN,NaN,-2.355488,2.905737,0.1034223,-0.08060689,-0.00122571,0.007823335,-0.9967146,-2.325299,2.896171,0.1071686,0.02969005,-0.1197693,0.9923577,6,-0.7,-9.725102,84.85143,7,5.7,-27.81761,213.5864
10.29913,NaN,NaN,NaN,-2.406853,2.90689,0.1025208,-0.08023213,-0.001478082,0.008289328,-0.9967406,-2.38499,2.900505,0.1052415,0.03234568,-0.1118896,0.9931941,6,-0.7,-9.4974,83.23125,7,5.7,-27.58991,211.9662
10.32361,NaN,NaN,NaN,-2.511257,2.908393,0.100846,-0.081281,-0.002514143,0.01085586,-0.996629,-2.477794,2.900505,0.1052415,0.03234568,-0.1118896,0.9931941,6,-0.7,-9.173808,80.92877,7,5.7,-27.26632,209.6638
10.34106,NaN,NaN,NaN,-2.564152,2.90912,0.1001622,-0.08085956,-0.002968317,0.01144856,-0.9966554,-2.538751,2.904102,0.1033347,0.0374887,-0.1166427,0.9924662,6,-0.7,-8.942895,79.28574,7,5.7,-27.03541,208.0207
10.36548,NaN,NaN,NaN,-2.669545,2.909547,0.09851716,-0.08005233,-0.003381893,0.01262093,-0.9967051,-2.646516,2.906569,0.1014977,0.0395614,-0.1166533,0.9923844,6,-0.7,-8.620615,76.99259,7,5.7,-26.71313,205.7276
10.383,NaN,NaN,NaN,-2.72222,2.909625,0.09771644,-0.08017168,-0.00326121,0.01279499,-0.9966936,-2.693339,2.906569,0.1014977,0.0395614,-0.1166533,0.9923844,6,-0.7,-8.388655,75.34211,7,5.7,-26.48116,204.0771
10.40723,NaN,NaN,NaN,-2.827158,2.909356,0.0961929,-0.07956475,-0.002983736,0.01418205,-0.9967244,-2.800659,2.908036,0.0996425,0.04281497,-0.1160508,0.9923201,6,-0.7,-8.067954,73.0602,7,5.7,-26.16047,201.7952
10.42456,NaN,NaN,NaN,-2.879532,2.909103,0.09556827,-0.07858668,-0.002979817,0.01531804,-0.9967852,-2.847215,2.908036,0.0996425,0.04281497,-0.1160508,0.9923201,6,-0.7,-7.838767,71.42945,7,5.7,-25.93128,200.1645
10.44891,NaN,NaN,NaN,-2.980695,2.908795,0.09455211,-0.07616767,-0.003020553,0.01623273,-0.9969583,-2.951266,2.908554,0.09779134,0.04581052,-0.1163858,0.992147,6,-0.7,-7.517383,69.14268,7,5.7,-25.60989,197.8777
10.46631,NaN,NaN,NaN,-3.029533,2.908539,0.0940735,-0.07491917,-0.002674516,0.0152563,-0.9970694,-3.008576,2.908339,0.09607816,0.0489064,-0.1188209,0.9917105,6,-0.7,-7.287156,67.50454,7,5.7,-25.37967,196.2395
10.49066,NaN,NaN,NaN,-3.127499,2.90695,0.09278442,-0.07445234,-0.002665635,0.01572766,-0.9970971,-3.095657,2.908339,0.09607816,0.0489064,-0.1188209,0.9917105,6,-0.7,-6.964894,65.21152,7,5.7,-25.05741,193.9465
10.50812,NaN,NaN,NaN,-3.175959,2.90579,0.09198311,-0.07625686,-0.003200187,0.01711669,-0.9969362,-3.152222,2.907805,0.0946508,0.05019169,-0.1195084,0.9915637,6,-0.7,-6.734266,63.57052,7,5.7,-24.82678,192.3055
10.53247,NaN,NaN,NaN,-3.269939,2.904201,0.09065865,-0.07881762,-0.004264578,0.01856908,-0.996707,-3.2489,2.906505,0.09320903,0.04858514,-0.1201452,0.9915668,6,-0.7,-6.412208,61.27896,7,5.7,-24.50472,190.014
10.54993,NaN,NaN,NaN,-3.315931,2.903448,0.09007941,-0.07938343,-0.004311402,0.01835493,-0.9966659,-3.289782,2.906505,0.09320903,0.04858514,-0.1201452,0.9915668,6,-0.7,-6.181414,59.63678,7,5.7,-24.27392,188.3718
10.57428,NaN,NaN,NaN,-3.407085,2.900492,0.08846396,-0.08054921,-0.004386354,0.01763393,-0.996585,-3.383512,2.904571,0.09165489,0.04509665,-0.1217811,0.991532,6,-0.7,-5.859572,57.34675,7,5.7,-23.95208,186.0818
10.59174,NaN,NaN,NaN,-3.451158,2.898608,0.08740882,-0.08162956,-0.004262218,0.01714443,-0.9965062,-3.422688,2.904571,0.09165489,0.04509665,-0.1217811,0.991532,6,-0.7,-5.62901,55.70622,7,5.7,-23.72152,184.4412
10.61603,NaN,NaN,NaN,-3.536,2.894753,0.08520998,-0.08437902,-0.004127413,0.01699117,-0.9962803,-3.510599,2.9022,0.08999941,0.04211365,-0.1186935,0.9920374,6,-0.7,-5.307986,53.42201,7,5.7,-23.4005,182.157
10.63348,NaN,NaN,NaN,-3.576699,2.893204,0.08426261,-0.08515017,-0.004217551,0.01741863,-0.996207,-3.558839,2.898788,0.0879721,0.04217627,-0.1229899,0.9915113,6,-0.7,-5.076735,51.77657,7,5.7,-23.16924,180.5116
10.65784,NaN,NaN,NaN,-3.656592,2.890123,0.08253039,-0.08455022,-0.004517114,0.01898706,-0.9962281,-3.629854,2.898788,0.0879721,0.04217627,-0.1229899,0.9915113,6,-0.7,-4.754822,49.48605,7,5.7,-22.84733,178.221
10.67523,NaN,NaN,NaN,-3.695043,2.888059,0.08154208,-0.08347797,-0.004511608,0.02030925,-0.9962924,-3.675601,2.894682,0.08565453,0.04272008,-0.1230726,0.9914778,6,-0.7,-4.524516,47.84734,7,5.7,-22.61703,176.5823
10.69958,NaN,NaN,NaN,-3.76808,2.884365,0.07950468,-0.08317463,-0.004062089,0.02267937,-0.9962687,-3.751405,2.890574,0.08335117,0.04893183,-0.1075663,0.9929931,6,-0.7,-4.202762,45.55794,7,5.7,-22.29527,174.2929
10.7171,NaN,NaN,NaN,-3.802161,2.88271,0.0784332,-0.08323592,-0.003605433,0.02381988,-0.9962387,-3.781698,2.890574,0.08335117,0.04893183,-0.1075663,0.9929931,6,-0.7,-3.971385,43.91161,7,5.7,-22.0639,172.6466
10.74146,NaN,NaN,NaN,-3.866775,2.87917,0.07601424,-0.08450773,-0.00298954,0.02562509,-0.9960888,-3.849292,2.886305,0.08098973,0.04811801,-0.112295,0.9925092,6,-0.7,-3.648954,41.61739,7,5.7,-21.74147,170.3524
10.75885,NaN,NaN,NaN,-3.896359,2.877542,0.07466446,-0.08637029,-0.002912179,0.02647573,-0.995907,-3.875589,2.886305,0.08098973,0.04811801,-0.112295,0.9925092,6,-0.7,-3.419309,39.98338,7,5.7,-21.51182,168.7184
10.7832,NaN,NaN,NaN,-3.951674,2.874962,0.07192501,-0.08902831,-0.002822377,0.02727355,-0.9956517,-3.934186,2.882064,0.07844682,0.04816889,-0.1090955,0.9928635,6,-0.7,-3.09743,37.69309,7,5.7,-21.18994,166.4281
10.80084,NaN,NaN,NaN,-3.976083,2.873528,0.07030596,-0.09007588,-0.002495771,0.02681827,-0.9955706,-3.96442,2.878014,0.07552692,0.04508264,-0.1176475,0.9920316,6,-0.7,-2.864383,36.03488,7,5.7,-20.9569,164.7699
10.82495,NaN,NaN,NaN,-4.018497,2.870968,0.06688705,-0.09175602,-0.002104739,0.02601186,-0.9954395,-4.002122,2.878014,0.07552692,0.04508264,-0.1176475,0.9920316,6,-0.7,-2.545712,33.76741,7,5.7,-20.63822,162.5024
10.84229,NaN,NaN,NaN,-4.03533,2.869987,0.06512161,-0.09171207,-0.002720268,0.0261175,-0.9954393,-4.024638,2.874443,0.07223632,0.05178114,-0.1351413,0.9894723,6,-0.7,-2.316298,32.13505,7,5.7,-20.40881,160.87
10.8667,NaN,NaN,NaN,-4.062249,2.868374,0.06163407,-0.09082716,-0.003784062,0.02598243,-0.9955205,-4.054873,2.871278,0.06845538,0.05148047,-0.1387368,0.9889903,6,-0.7,-1.993068,29.83515,7,5.7,-20.08558,158.5701
10.88428,NaN,NaN,NaN,-4.070375,2.867607,0.0598143,-0.08984824,-0.004329728,0.02554094,-0.9956186,-4.062098,2.871278,0.06845538,0.05148047,-0.1387368,0.9889903,6,-0.7,-1.76068,28.18162,7,5.7,-19.85319,156.9166
10.90851,NaN,NaN,NaN,-4.080363,2.86611,0.05613054,-0.08885262,-0.005220295,0.02546928,-0.9957054,-4.075757,2.868715,0.06436417,0.06322856,-0.1354402,0.988766,6,-0.7,-1.440265,25.90175,7,5.7,-19.53278,154.6367
10.92578,21.35034,-51.59745,397.6884,-4.081222,2.865527,0.05422611,-0.08893024,-0.005864216,0.02659113,-0.9956656,-4.07652,2.868715,0.06436417,0.06322856,-0.1354402,0.988766,6,-0.7,-1.212192,24.27893,7,5.7,-19.3047,153.0139
10.95032,22.18755,-50.66174,397.8416,-4.074999,2.86467,0.05064222,-0.08893273,-0.006765595,0.02818765,-0.9956158,-4.074059,2.86665,0.06008592,0.06529082,-0.1330806,0.9889523,6,-0.7,-0.8880991,21.97289,7,5.7,-18.98061,150.7078
10.96741,21.98919,-49.1178,397.3167,-4.067719,2.864201,0.04892692,-0.08810194,-0.007238345,0.02925386,-0.9956555,-4.068935,2.865029,0.05569024,0.06490287,-0.1294735,0.9894565,6,-0.7,-0.6615585,20.36097,7,5.7,-18.75407,149.0959
10.98474,21.74826,-48.62011,393.5132,-4.058087,2.863823,0.04724699,-0.08729521,-0.007698879,0.030156,-0.9956962,-4.060373,2.865029,0.05569024,0.06490287,-0.1294735,0.9894565,6,-0.7,-0.4328901,18.73391,7,5.7,-18.5254,147.4689
11.00604,22.44691,-48.91302,391.5098,-4.033914,2.86324,0.04395155,-0.08574383,-0.008476393,0.03204494,-0.9957657,-4.038532,2.863789,0.05135992,0.06692383,-0.1308304,0.9891434,6,-0.7,-0.1513395,16.73057,7,5.7,-18.24385,145.4655
11.02325,22.32709,-48.64933,389.5162,-4.016971,2.862849,0.04236956,-0.08548626,-0.00900773,0.03285939,-0.9957566,-4.023471,2.863789,0.05135992,0.06692383,-0.1308304,0.9891434,6,-0.7,0.07686482,15.10681,7,5.7,-18.01565,143.8418
11.04773,23.03612,-48.84912,388.5809,-3.976667,2.862228,0.03937735,-0.08448718,-0.01003001,0.03334112,-0.9958162,-3.985705,2.862911,0.04729901,0.06877705,-0.1316195,0.9889116,6,-0.7,0.4003254,12.80527,7,5.7,-17.69219,141.5402
11.06512,22.89869,-48.54513,386.297,-3.952585,2.862095,0.03808274,-0.08291014,-0.01050899,0.03328779,-0.9959456,-3.964299,2.862911,0.04729901,0.06877705,-0.1316195,0.9889116,6,-0.7,0.6303284,11.16872,7,5.7,-17.46218,139.9037
11.08899,NaN,NaN,NaN,-3.899828,2.861735,0.03553677,-0.07978799,-0.01108621,0.0340457,-0.9961686,-3.913898,2.862078,0.04337665,0.07724632,-0.1313064,0.9883277,6,-0.7,0.9457197,8.92459,7,5.7,-17.14679,137.6595
11.10638,23.79917,-47.06532,384.4038,-3.868883,2.861455,0.0342554,-0.07872649,-0.01121949,0.03413799,-0.9962484,-3.881326,2.861361,0.03975995,0.07123496,-0.1284848,0.9891497,6,-0.7,1.175479,7.289769,7,5.7,-16.91703,136.0247
11.13074,23.57554,-46.55459,380.472,-3.801913,2.861026,0.03191039,-0.07752181,-0.0111916,0.03368027,-0.9963588,-3.821797,2.861361,0.03975995,0.07123496,-0.1284848,0.9891497,6,-0.7,1.497988,4.994993,7,5.7,-16.59452,133.7299
11.14813,24.29878,-45.28304,381.7397,-3.763356,2.860873,0.03093865,-0.07660133,-0.01100518,0.03317124,-0.9964491,-3.781025,2.860793,0.03651176,0.07279261,-0.1248056,0.9895074,6,-0.7,1.727401,3.362642,7,5.7,-16.36511,132.0976
11.17267,NaN,NaN,NaN,-3.680317,2.861063,0.02925435,-0.07384472,-0.0112806,0.03303398,-0.9966587,-3.6993,2.860123,0.03352511,0.07364088,-0.1187807,0.9901859,6,-0.7,2.051797,1.054441,7,5.7,-16.04071,129.7894
11.19043,24.3345,-42.29008,376.417,-3.6332,2.861444,0.02855216,-0.07220346,-0.01131779,0.03279454,-0.9967864,-3.657418,2.860123,0.03352511,0.07364088,-0.1187807,0.9901859,7,5.7,-15.80558,128.1163,8,-5.7,-34.77945,263.1225
11.21429,NaN,NaN,NaN,-3.533552,2.862335,0.02721249,-0.07010712,-0.0112408,0.03235975,-0.9969511,-3.559258,2.859927,0.03101309,0.07406313,-0.1113546,0.991017,7,5.7,-15.49054,125.8747,8,-5.7,-34.46442,260.8809
11.23199,NaN,NaN,NaN,-3.478882,2.862934,0.02655901,-0.07004204,-0.0111763,0.03250593,-0.9969516,-3.510662,2.859927,0.03101309,0.07406313,-0.1113546,0.991017,7,5.7,-15.25577,124.2042,8,-5.7,-34.22964,259.2104
11.25604,NaN,NaN,NaN,-3.363732,2.864636,0.02574356,-0.07013103,-0.0113456,0.03308636,-0.9969243,-3.397024,2.860296,0.0289866,0.07956215,-0.1054183,0.99124,7,5.7,-14.93851,121.9468,8,-5.7,-33.91238,256.9529
11.27362,NaN,NaN,NaN,-3.301673,2.865812,0.02550052,-0.06969544,-0.01156362,0.03341946,-0.9969414,-3.328823,2.861474,0.02756745,0.07764396,-0.1020067,0.991749,7,5.7,-14.70605,120.2927,8,-5.7,-33.67992,255.2989
11.29779,NaN,NaN,NaN,-3.174276,2.867907,0.02450364,-0.0697275,-0.01216661,0.03381626,-0.9969186,-3.215581,2.861474,0.02756745,0.07764396,-0.1020067,0.991749,7,5.7,-14.38586,118.0145,8,-5.7,-33.35973,253.0206
11.31543,NaN,NaN,NaN,-3.106763,2.869568,0.02410489,-0.06955614,-0.0123489,0.03355039,-0.9969372,-3.140934,2.863193,0.02638302,0.07764886,-0.1129438,0.9905626,7,5.7,-14.15315,116.3587,8,-5.7,-33.12703,251.3648
11.3396,NaN,NaN,NaN,-2.968379,2.872455,0.02316571,-0.06996107,-0.01238574,0.03292546,-0.9969293,-3.001856,2.865381,0.02515963,0.07839147,-0.1139632,0.9903874,7,5.7,-13.83359,114.0849,8,-5.7,-32.80747,249.0911
11.3573,NaN,NaN,NaN,-2.895526,2.8741,0.02265734,-0.06986137,-0.01257084,0.03266804,-0.9969425,-2.937097,2.865381,0.02515963,0.07839147,-0.1139632,0.9903874,7,5.7,-13.59907,112.4162,8,-5.7,-32.57295,247.4224
11.38141,NaN,NaN,NaN,-2.746455,2.877432,0.02154424,-0.06937982,-0.01332274,0.03099978,-0.9970196,-2.78723,2.868325,0.02401732,0.07818669,-0.126861,0.9888343,7,5.7,-13.2804,110.1487,8,-5.7,-32.25427,245.1548
11.39917,NaN,NaN,NaN,-2.668108,2.879144,0.0209536,-0.06898998,-0.01398045,0.02990722,-0.997071,-2.717587,2.868325,0.02401732,0.07818669,-0.126861,0.9888343,7,5.7,-13.0462,108.4823,8,-5.7,-32.02007,243.4884
11.42334,21.16044,-33.77626,274.6967,-2.50683,2.883399,0.0199855,-0.06790211,-0.01476639,0.02642884,-0.9972326,-2.555778,2.871582,0.02270293,0.08527301,-0.1317694,0.9876059,7,5.7,-12.72632,106.2062,8,-5.7,-31.70019,241.2124
11.44098,22.67232,-35.47563,273.4123,-2.422806,2.885688,0.01952228,-0.06722192,-0.0148977,0.02423722,-0.9973323,-2.461346,2.875706,0.02152637,0.09066673,-0.1383476,0.9862249,7,5.7,-12.49333,104.5484,8,-5.7,-31.4672,239.5546
11.46521,22.67231,-35.24292,271.7545,-2.251363,2.890002,0.01847566,-0.06601155,-0.01553366,0.02101422,-0.9974766,-2.308952,2.875706,0.02152637,0.09066673,-0.1383476,0.9862249,7,5.7,-12.1727,102.267,8,-5.7,-31.14657,237.2732
11.48248,22.88395,-34.18703,266.7247,-2.16115,2.892415,0.01813256,-0.06521967,-0.01568675,0.01924055,-0.9975621,-2.2078,2.880454,0.02035238,0.09278309,-0.1370664,0.9862069,7,5.7,-11.94447,100.6431,8,-5.7,-30.91834,235.6492
11.50665,23.144,-32.76273,265.6044,-1.976629,2.897315,0.01760753,-0.06284329,-0.01585901,0.01553035,-0.9977765,-2.021566,2.885652,0.01925138,0.09350154,-0.13245,0.9867697,7,5.7,-11.62469,98.36777,8,-5.7,-30.59857,233.3739
11.52423,23.01495,-32.45965,263.3464,-1.88111,2.89956,0.01732118,-0.06177503,-0.01577397,0.01368074,-0.9978718,-1.93666,2.885652,0.01925138,0.09350154,-0.13245,0.9867697,7,5.7,-11.3926,96.71634,8,-5.7,-30.36647,231.7225
11.5484,NaN,NaN,NaN,-1.688236,2.903937,0.01677489,-0.06058802,-0.0156541,0.01081853,-0.9979815,-1.741777,2.891207,0.01834022,0.08277292,-0.1288013,0.98821,7,5.7,-11.07286,94.44125,8,-5.7,-30.04673,229.4474
11.56598,22.39143,-31.09199,260.0494,-1.588709,2.906013,0.01649662,-0.06072168,-0.01540134,0.009675197,-0.9979891,-1.628892,2.896737,0.01749904,0.09121352,-0.129067,0.9874319,7,5.7,-10.84055,92.78829,8,-5.7,-29.81442,227.7944
11.59015,22.41598,-30.87299,258.374,-1.386967,2.910004,0.01618796,-0.06091071,-0.01452481,0.007487399,-0.9980094,-1.449566,2.896737,0.01749904,0.09121352,-0.129067,0.9874319,7,5.7,-10.52054,90.51131,8,-5.7,-29.49442,225.5175
11.60791,20.60104,-30.21096,259.4339,-1.284044,2.91168,0.01607261,-0.06099337,-0.01363658,0.006745081,-0.9980223,-1.332579,2.902057,0.01680426,0.08357573,-0.1261737,0.9884813,7,5.7,-10.28606,88.84291,8,-5.7,-29.25994,223.8491
11.63184,21.60937,-29.24641,254.091,-1.075837,2.915089,0.01600461,-0.06048229,-0.01163635,0.005491551,-0.9980863,-1.12109,2.906816,0.01617377,0.08840821,-0.1250573,0.9882028,7,5.7,-9.969258,86.58874,8,-5.7,-28.94314,221.5949
11.64972,21.50847,-28.97025,251.9087,-0.9697092,2.916791,0.01622902,-0.05960557,-0.01037026,0.005256734,-0.9981543,-1.026754,2.906816,0.01617377,0.08840821,-0.1250573,0.9882028,7,5.7,-9.7333,84.90981,8,-5.7,-28.70718,219.916
11.67511,20.7942,-28.99596,251.0241,-0.7571754,2.919279,0.01663568,-0.05843708,-0.007822737,0.00525444,-0.9982466,-0.8105935,2.911249,0.01594426,0.08507544,-0.1256443,0.9884208,7,5.7,-9.397801,82.52262,8,-5.7,-28.37168,217.5288
11.69153,20.70537,-28.72438,248.8876,-0.650239,2.920213,0.0169962,-0.05844783,-0.00644416,0.005693767,-0.9982535,-0.715539,2.911249,0.01594426,0.08507544,-0.1256443,0.9884208,7,5.7,-9.18079,80.97851,8,-5.7,-28.15467,215.9846
11.71545,22.5213,-30.44634,245.8478,-0.4367974,2.922008,0.01803771,-0.05766939,-0.003908459,0.006899943,-0.9983042,-0.4979455,2.91522,0.01615295,0.09239087,-0.1339011,0.9866785,7,5.7,-8.863717,78.72242,8,-5.7,-27.8376,213.7286
11.73322,21.30984,-29.83734,244.5533,-0.3307004,2.922191,0.01861795,-0.05751565,-0.00276944,0.007739429,-0.9983107,-0.3754075,2.918288,0.01674701,0.0875564,-0.1322542,0.9873413,7,5.7,-8.629311,77.05453,8,-5.7,-27.60319,212.0607
11.75751,21.34542,-29.60701,242.8339,-0.119128,2.92247,0.02012707,-0.05821625,-0.0003464967,0.007737882,-0.9982739,-0.1873431,2.918288,0.01674701,0.0875564,-0.1322542,0.9873413,7,5.7,-8.308453,74.7715,8,-5.7,-27.28233,209.7776
11.77478,NaN,NaN,NaN,-0.01246268,2.922333,0.02115947,-0.05877685,0.001000376,0.007170933,-0.9982449,-0.06427379,2.920349,0.01778775,0.08224942,-0.1312644,0.9879295,7,5.7,-8.07941,73.14178,8,-5.7,-27.05329,208.1479
11.79901,24.7986,-39.51937,318.8151,0.1980441,2.921233,0.02333784,-0.05990325,0.002862422,0.007173164,-0.9981743,0.1511966,2.921238,0.01939675,0.07641393,-0.1315779,0.9883563,7,5.7,-7.759089,70.86258,8,-5.7,-26.73297,205.8687
11.81659,24.69561,-39.18233,316.2832,0.3023862,2.92042,0.02463943,-0.06093806,0.003785102,0.006960389,-0.9981102,0.2439452,2.921238,0.01939675,0.07641393,-0.1315779,0.9883563,7,5.7,-7.526712,69.20913,8,-5.7,-26.50059,204.2153
11.84094,23.20862,-38.7029,313.7505,0.5088569,2.919278,0.02766063,-0.0608618,0.005963184,0.00592629,-0.9981108,0.4556722,2.920912,0.02159545,0.07170913,-0.1311833,0.9887612,7,5.7,-7.204686,66.91779,8,-5.7,-26.17857,201.9239
11.85822,23.13324,-38.39967,311.465,0.610524,2.918105,0.02912201,-0.06141422,0.006993151,0.005310501,-0.9980738,0.546043,2.920912,0.02159545,0.07170913,-0.1311833,0.9887612,7,5.7,-6.976643,65.29518,8,-5.7,-25.95052,200.3013
11.88257,21.97645,-38.46988,310.1567,0.8113156,2.916326,0.03263659,-0.0618357,0.00889935,0.00475812,-0.9980353,0.7524211,2.919673,0.02431402,0.06767843,-0.1319815,0.988939,7,5.7,-6.654888,63.00578,8,-5.7,-25.62877,198.0119
11.90009,21.47437,-38.08509,308.3326,0.909866,2.915022,0.03454624,-0.06212536,0.009554905,0.005000233,-0.9980102,0.8674649,2.917842,0.02771837,0.06611103,-0.1315455,0.9891032,7,5.7,-6.422646,61.35329,8,-5.7,-25.39653,196.3594
11.92444,21.5305,-37.85492,306.6019,1.103152,2.912783,0.03867683,-0.06371542,0.01126416,0.004800556,-0.997893,1.039275,2.917842,0.02771837,0.06611103,-0.1315455,0.9891032,7,5.7,-6.101374,59.06732,8,-5.7,-25.07525,194.0735
11.94214,24.39157,-46.60463,383.5635,1.197802,2.912049,0.04106054,-0.06364878,0.01229071,0.004042833,-0.9978886,1.150253,2.915543,0.03185662,0.05999105,-0.1278227,0.9899811,7,5.7,-5.866985,57.39956,8,-5.7,-24.84086,192.4057
11.96643,24.12451,-46.9814,381.063,1.381625,2.909969,0.04568611,-0.06301783,0.01362281,0.00355405,-0.9979131,1.339753,2.912996,0.03657926,0.05918823,-0.1296113,0.9897968,7,5.7,-5.54611,55.11641,8,-5.7,-24.51999,190.1226
11.98395,24.06664,-46.68037,378.7642,1.471171,2.908392,0.04781442,-0.06327517,0.01395921,0.003410445,-0.9978927,1.41935,2.912996,0.03657926,0.05918823,-0.1296113,0.9897968,7,5.7,-5.31397,53.46465,8,-5.7,-24.28785,188.4708
12.00787,21.53477,-47.83584,377.9615,1.648918,2.904722,0.05203775,-0.0658631,0.01506949,0.002168931,-0.9977125,1.602376,2.910526,0.04171705,0.05220197,-0.1329022,0.9897534,7,5.7,-4.997805,51.21502,8,-5.7,-23.97169,186.2212
12.02563,21.4961,-47.53895,375.7505,1.736609,2.903159,0.05437332,-0.06713902,0.01600305,0.001484735,-0.9976142,1.680323,2.910526,0.04171705,0.05220197,-0.1329022,0.9897534,7,5.7,-4.762688,49.54207,8,-5.7,-23.73657,184.5482
12.04974,NaN,NaN,NaN,1.908125,2.899174,0.05844836,-0.06886815,0.01775605,7.948233E-05,-0.9974678,1.857226,2.907375,0.04708379,0.03570741,-0.1352195,0.990172,7,5.7,-4.44463,47.27897,8,-5.7,-23.41851,182.2851
12.06732,NaN,NaN,NaN,1.99034,2.897593,0.06039627,-0.06998492,0.01876784,-0.0001684123,-0.9973715,1.954017,2.903458,0.05237051,-0.02333468,-0.1260418,0.9917504,7,5.7,-4.212101,45.62445,8,-5.7,-23.18598,180.6306
12.09149,NaN,NaN,NaN,2.150513,2.893905,0.06375987,-0.07254243,0.02091466,0.0003979434,-0.9971459,2.096393,2.903458,0.05237051,-0.02333468,-0.1260418,0.9917504,7,5.7,-3.892618,43.3512,8,-5.7,-22.8665,178.3574
12.10919,NaN,NaN,NaN,2.22771,2.892155,0.06526418,-0.07468753,0.02198983,0.0009516777,-0.996964,2.187962,2.899174,0.05728241,-0.02734317,-0.1259119,0.9916645,7,5.7,-3.658515,41.68547,8,-5.7,-22.63239,176.6916
12.1333,NaN,NaN,NaN,2.376813,2.888381,0.06853212,-0.07605448,0.02391298,0.001885397,-0.9968151,2.342419,2.894829,0.06160615,-0.02691721,-0.1319019,0.9908972,7,5.7,-3.339684,39.41687,8,-5.7,-22.31356,174.423
12.15106,NaN,NaN,NaN,2.448367,2.886701,0.07021405,-0.07622042,0.02495757,0.001516712,-0.9967774,2.406022,2.894829,0.06160615,-0.02691721,-0.1319019,0.9908972,7,5.7,-3.104634,37.74441,8,-5.7,-22.07851,172.7506
12.17505,NaN,NaN,NaN,2.586763,2.883959,0.07351898,-0.07557903,0.02662276,0.0002143828,-0.9967843,2.549708,2.890446,0.06574941,-0.02605971,-0.121873,0.9922035,7,5.7,-2.787582,35.48847,8,-5.7,-21.76146,170.4946
12.19287,NaN,NaN,NaN,2.652572,2.88263,0.07507256,-0.07507049,0.0268438,-0.0004708645,-0.9968168,2.608206,2.890446,0.06574941,-0.02605971,-0.121873,0.9922035,7,5.7,-2.552285,33.81424,8,-5.7,-21.52617,168.8204
12.21686,NaN,NaN,NaN,2.779528,2.879662,0.07766793,-0.07621609,0.02668431,-0.001250561,-0.9967335,2.740586,2.886321,0.06972381,-0.0291051,-0.116544,0.992759,7,5.7,-2.234456,31.55277,8,-5.7,-21.20834,166.5589
12.23456,NaN,NaN,NaN,2.839398,2.878416,0.07884559,-0.07736512,0.02610784,-0.00230779,-0.9966583,2.812168,2.882736,0.07339884,-0.0272085,-0.1123224,0.9932992,7,5.7,-2.000489,29.88801,8,-5.7,-20.97437,164.8942
12.25867,NaN,NaN,NaN,2.954379,2.875792,0.08120123,-0.07884701,0.02545808,-0.005170053,-0.9965482,2.914373,2.882736,0.07339884,-0.0272085,-0.1123224,0.9932992,7,5.7,-1.682252,27.62363,8,-5.7,-20.65613,162.6298
12.27625,NaN,NaN,NaN,3.008333,2.874711,0.08236073,-0.07936595,0.02502906,-0.007123818,-0.9965059,2.979496,2.879356,0.0767853,-0.02739952,-0.1096375,0.9935939,7,5.7,-1.449838,25.96992,8,-5.7,-20.42372,160.9761
12.30054,NaN,NaN,NaN,3.111971,2.871968,0.08422031,-0.08068327,0.02399036,-0.01029469,-0.9963979,3.087549,2.876184,0.07984073,-0.02865312,-0.109542,0.9935691,7,5.7,-1.128797,23.6856,8,-5.7,-20.10268,158.6918
12.31824,NaN,NaN,NaN,3.160278,2.870335,0.08481884,-0.0817921,0.02328014,-0.01179616,-0.9963077,3.130489,2.876184,0.07984073,-0.02865312,-0.109542,0.9935691,7,5.7,-0.8942341,22.0166,8,-5.7,-19.86811,157.0228
12.34235,NaN,NaN,NaN,3.253044,2.867186,0.0856438,-0.08337691,0.02220012,-0.01541663,-0.9961515,3.227635,2.873076,0.08239076,-0.03378406,-0.1049835,0.9938999,7,5.7,-0.5755435,19.749,8,-5.7,-19.54942,154.7552
12.35974,NaN,NaN,NaN,3.295435,2.865752,0.08609958,-0.08310091,0.02183896,-0.0175143,-0.9961479,3.265316,2.873076,0.08239076,-0.03378406,-0.1049835,0.9938999,7,5.7,-0.3452989,18.11072,8,-5.7,-19.31918,153.1169
12.38409,NaN,NaN,NaN,3.374365,2.862996,0.08713149,-0.08161321,0.0206061,-0.01914512,-0.9962671,3.348947,2.869601,0.08406197,-0.03197982,-0.1086903,0.9935611,7,5.7,-0.02399781,15.82455,8,-5.7,-18.99788,150.8307
12.40167,NaN,NaN,NaN,3.408323,2.861553,0.08748645,-0.08098119,0.02007902,-0.01913627,-0.9963296,3.391377,2.866067,0.08554029,-0.05722396,-0.1231226,0.9907402,7,5.7,0.2086804,14.16895,8,-5.7,-18.7652,149.1751
12.4259,NaN,NaN,NaN,3.471335,2.85896,0.08801512,-0.08127739,0.01928322,-0.02052985,-0.9962935,3.447388,2.866067,0.08554029,-0.05722396,-0.1231226,0.9907402,7,5.7,0.5290188,11.88963,8,-5.7,-18.44486,146.8958
12.44324,NaN,NaN,NaN,3.497983,2.85824,0.08835422,-0.08149002,0.01913113,-0.02177471,-0.9962527,3.481878,2.862639,0.08672909,-0.05710454,-0.1235697,0.9906915,7,5.7,0.7582518,10.25855,8,-5.7,-18.21563,145.2647
12.46771,NaN,NaN,NaN,3.546429,2.856906,0.08883215,-0.08079652,0.01887978,-0.02322595,-0.9962811,3.534293,2.859628,0.08760226,-0.06144864,-0.1266568,0.9900415,7,5.7,1.08182,7.956241,8,-5.7,-17.89206,142.9624
12.48499,NaN,NaN,NaN,3.565007,2.856266,0.08882794,-0.08083867,0.0188674,-0.02344047,-0.9962729,3.550807,2.859628,0.08760226,-0.06144864,-0.1266568,0.9900415,7,5.7,1.31018,6.331376,8,-5.7,-17.6637,141.3375
12.50934,NaN,NaN,NaN,3.595095,2.855024,0.08863977,-0.08193025,0.01918913,-0.02423889,-0.9961585,3.585183,2.857303,0.08828083,-0.06668256,-0.1276108,0.9895802,7,5.7,1.631927,4.042029,8,-5.7,-17.34195,139.0482
12.52692,NaN,NaN,NaN,3.605525,2.85465,0.08845684,-0.082697,0.01946258,-0.0248339,-0.9960752,3.594454,2.857303,0.08828083,-0.06668256,-0.1276108,0.9895802,7,5.7,1.864563,2.386737,8,-5.7,-17.10932,137.3929
12.55115,NaN,NaN,NaN,3.620306,2.854272,0.08797688,-0.08344804,0.01960935,-0.02522068,-0.996,3.613345,2.855447,0.08859897,-0.06624517,-0.1283265,0.989517,7,5.7,2.185096,0.1060295,8,-5.7,-16.78878,135.1122
12.56848,NaN,NaN,NaN,3.62273,2.85422,0.08757901,-0.08374492,0.01951134,-0.02529389,-0.9959751,3.619538,2.854098,0.08846428,-0.06840385,-0.1324601,0.9888251,8,-5.7,-16.55985,133.4832,9,0.7,-34.65238,262.2183
12.59314,NaN,NaN,NaN,3.621515,2.853996,0.08655679,-0.08399557,0.01970812,-0.02487584,-0.9959606,3.618458,2.854098,0.08846428,-0.06840385,-0.1324601,0.9888251,8,-5.7,-16.23388,131.1638,9,0.7,-34.32641,259.8989
12.61035,NaN,NaN,NaN,3.616699,2.854066,0.08600025,-0.08408663,0.02013983,-0.02527358,-0.9959342,3.61661,2.853325,0.08793157,-0.07191264,-0.1433004,0.9870631,8,-5.7,-16.00613,129.5433,9,0.7,-34.09866,258.2784
12.63464,NaN,NaN,NaN,3.599899,2.854772,0.08498706,-0.083639,0.02102145,-0.0250233,-0.9959601,3.60236,2.853045,0.08699133,-0.06914134,-0.1442295,0.9871258,8,-5.7,-15.68536,127.2609,9,0.7,-33.77789,255.996
12.65192,NaN,NaN,NaN,3.587082,2.855148,0.08442219,-0.08303247,0.0211319,-0.02378973,-0.9960387,3.590967,2.853045,0.08699133,-0.06914134,-0.1442295,0.9871258,8,-5.7,-15.45696,125.6357,9,0.7,-33.54949,254.3708
12.67645,NaN,NaN,NaN,3.555298,2.855476,0.08313902,-0.08219942,0.02113345,-0.02173637,-0.9961547,3.561735,2.853264,0.08579792,-0.07051455,-0.1431606,0.9871842,8,-5.7,-15.13254,123.3274,9,0.7,-33.22507,252.0625
12.69379,NaN,NaN,NaN,3.533577,2.855708,0.0825076,-0.08136134,0.0212942,-0.02110306,-0.9962337,3.542428,2.853264,0.08579792,-0.07051455,-0.1431606,0.9871842,8,-5.7,-14.90336,121.6967,9,0.7,-32.99589,250.4318
12.71814,NaN,NaN,NaN,3.484623,2.8569,0.08173265,-0.07895254,0.02180663,-0.01996125,-0.99644,3.496248,2.853824,0.08441635,-0.07164535,-0.1390617,0.9876886,8,-5.7,-14.58071,119.4009,9,0.7,-32.67324,248.136
12.73535,NaN,NaN,NaN,3.45521,2.85765,0.0815405,-0.07702145,0.02190885,-0.01864187,-0.9966144,3.465732,2.854472,0.08295354,-0.07199337,-0.1387479,0.9877074,8,-5.7,-14.35373,117.7859,9,0.7,-32.44626,246.521
12.76019,NaN,NaN,NaN,3.390602,2.858954,0.08119046,-0.07469605,0.02169992,-0.01509654,-0.9968559,3.408303,2.854472,0.08295354,-0.07199337,-0.1387479,0.9877074,8,-5.7,-14.02511,115.4476,9,0.7,-32.11764,244.1827
12.77698,NaN,NaN,NaN,3.353095,2.859776,0.08104596,-0.07461215,0.02140147,-0.01392481,-0.9968857,3.369003,2.855622,0.08193102,-0.07288472,-0.1384728,0.9876807,8,-5.7,-13.80302,113.8674,9,0.7,-31.89555,242.6025
12.79437,NaN,NaN,NaN,3.312741,2.860744,0.08093147,-0.0747797,0.02137724,-0.01328918,-0.9968824,3.333132,2.855622,0.08193102,-0.07288472,-0.1384728,0.9876807,8,-5.7,-13.57344,112.2338,9,0.7,-31.66597,240.9689
12.81561,-24.67375,-48.94013,380.2976,3.226693,2.862749,0.08072211,-0.07492895,0.02178228,-0.01240126,-0.9968739,3.24893,2.857158,0.08129993,-0.07257491,-0.1346283,0.9882349,8,-5.7,-13.29267,110.236,9,0.7,-31.3852,238.9711
12.83282,NaN,NaN,NaN,3.17928,2.863894,0.08056571,-0.07529532,0.02202292,-0.01148023,-0.996852,3.19739,2.859074,0.08079154,-0.06554003,-0.1414961,0.9877669,8,-5.7,-13.06437,108.6116,9,0.7,-31.1569,237.3467
12.85736,NaN,NaN,NaN,3.077609,2.866462,0.08036948,-0.07647902,0.02193883,-0.008668631,-0.9967921,3.107016,2.859074,0.08079154,-0.06554003,-0.1414961,0.9877669,8,-5.7,-12.74055,106.3075,9,0.7,-30.83308,235.0426
12.87463,NaN,NaN,NaN,3.022735,2.868038,0.08028802,-0.07690348,0.02212886,-0.007865685,-0.996762,3.047066,2.861399,0.08052278,-0.0650429,-0.1413166,0.9878254,8,-5.7,-12.5122,104.6827,9,0.7,-30.60472,233.4178
12.8913,NaN,NaN,NaN,2.96491,2.869427,0.08013012,-0.07738725,0.0222215,-0.006904805,-0.9967296,2.995666,2.861399,0.08052278,-0.0650429,-0.1413166,0.9878254,8,-5.7,-12.29187,103.115,9,0.7,-30.3844,231.8501
12.91315,NaN,NaN,NaN,2.845277,2.872661,0.07985395,-0.07844745,0.02287565,-0.004853139,-0.996644,2.876493,2.864252,0.0803328,-0.06378853,-0.1392547,0.9881999,8,-5.7,-12.00293,101.059,9,0.7,-30.09545,229.7941
12.93048,NaN,NaN,NaN,2.780905,2.87446,0.07989306,-0.0783869,0.02351271,-0.003529202,-0.9966395,2.819274,2.864252,0.0803328,-0.06378853,-0.1392547,0.9881999,8,-5.7,-11.77338,99.42574,9,0.7,-29.86591,228.1608
12.95483,NaN,NaN,NaN,2.648751,2.877966,0.07973412,-0.07833031,0.02438598,-0.000819911,-0.9966288,2.687429,2.867579,0.08012508,-0.06486583,-0.1410214,0.9878792,8,-5.7,-11.45178,97.13745,9,0.7,-29.54431,225.8726
12.97217,NaN,NaN,NaN,2.580263,2.879765,0.07958262,-0.07839958,0.02457212,0.0004116554,-0.9966191,2.610675,2.871364,0.0800084,-0.07464387,-0.1438281,0.9867836,8,-5.7,-11.22259,95.50665,9,0.7,-29.31511,224.2418
12.99664,NaN,NaN,NaN,2.439935,2.883405,0.07931606,-0.07830057,0.02461038,0.002898974,-0.9966218,2.485939,2.871364,0.0800084,-0.07464387,-0.1438281,0.9867836,8,-5.7,-10.89906,93.20462,9,0.7,-28.99158,221.9397
13.01392,-19.82111,-40.12354,285.853,2.366453,2.884988,0.07906389,-0.07863247,0.0240663,0.00469217,-0.9966022,2.403554,2.875506,0.07971598,-0.07667816,-0.1483527,0.9859574,8,-5.7,-10.67032,91.57706,9,0.7,-28.76285,220.3122
13.03107,-19.88663,-40.12359,285.8534,2.292781,2.886741,0.07888848,-0.07922295,0.02357641,0.005599448,-0.9965624,2.338068,2.875506,0.07971598,-0.07667816,-0.1483527,0.9859574,8,-5.7,-10.44347,89.96294,9,0.7,-28.536,218.698
13.05231,NaN,NaN,NaN,2.143208,2.890407,0.07873297,-0.07969732,0.02255822,0.007071129,-0.9965388,2.186985,2.879778,0.07937939,-0.07763625,-0.1441312,0.9865084,8,-5.7,-10.16276,87.96554,9,0.7,-28.25528,216.7007
13.06958,NaN,NaN,NaN,2.066326,2.892067,0.07872509,-0.07938404,0.02137364,0.008254587,-0.9965808,2.099645,2.884014,0.07902484,-0.07274323,-0.1426372,0.9870983,8,-5.7,-9.934146,86.3389,9,0.7,-28.02667,215.074
13.0946,NaN,NaN,NaN,1.910228,2.895249,0.07860594,-0.07847578,0.01901094,0.0103383,-0.9966811,1.96089,2.884014,0.07902484,-0.07274323,-0.1426372,0.9870983,8,-5.7,-9.603419,83.98566,9,0.7,-27.69594,212.7208
13.11139,NaN,NaN,NaN,1.830709,2.896841,0.07860444,-0.07814332,0.01778487,0.01082296,-0.9967248,1.870444,2.888221,0.0787563,-0.01187919,-0.1280954,0.9916907,8,-5.7,-9.381667,82.40781,9,0.7,-27.47419,211.1429
13.12866,NaN,NaN,NaN,1.750981,2.898453,0.07871021,-0.0775381,0.0166026,0.01110463,-0.9967893,1.799574,2.888221,0.0787563,-0.01187919,-0.1280954,0.9916907,8,-5.7,-9.153198,80.78217,9,0.7,-27.24572,209.5173
13.1499,NaN,NaN,NaN,1.590141,2.901338,0.07894213,-0.0765143,0.013961,0.01218449,-0.9968963,1.636166,2.892234,0.07857294,-0.007460592,-0.1161655,0.9932019,8,-5.7,-8.87264,78.78589,9,0.7,-26.96517,207.521
13.16699,NaN,NaN,NaN,1.508101,2.902488,0.07908802,-0.07630545,0.01237585,0.0133415,-0.9969185,1.542291,2.896077,0.07857891,-0.00544046,-0.1143891,0.9934211,8,-5.7,-8.646618,77.17767,9,0.7,-26.73915,205.9128
13.19165,NaN,NaN,NaN,1.343273,2.904638,0.07940961,-0.07669851,0.00917042,0.01550017,-0.9968917,1.395777,2.896077,0.07857891,-0.00544046,-0.1143891,0.9934211,8,-5.7,-8.320345,74.85612,9,0.7,-26.41287,203.5912
13.20892,NaN,NaN,NaN,1.260633,2.905501,0.07964721,-0.07711603,0.007741131,0.01628955,-0.996859,1.300825,2.899604,0.07875214,-0.003015484,-0.1094083,0.9939923,8,-5.7,-8.092179,73.23264,9,0.7,-26.18471,201.9677
13.2334,NaN,NaN,NaN,1.095059,2.906852,0.08027226,-0.07717287,0.005431612,0.01715723,-0.9968553,1.131966,2.902452,0.07912404,0.00153543,-0.1026884,0.9947124,8,-5.7,-7.768569,70.93002,9,0.7,-25.8611,199.6651
13.25079,NaN,NaN,NaN,1.012437,2.906767,0.08041492,-0.07855202,0.004552776,0.01764668,-0.9967434,1.058524,2.902452,0.07912404,0.00153543,-0.1026884,0.9947124,8,-5.7,-7.538719,69.29456,9,0.7,-25.63124,198.0297
13.27527,NaN,NaN,NaN,0.8479289,2.907294,0.08099407,-0.08049412,0.002476586,0.0186573,-0.9965774,0.890406,2.904581,0.07968081,0.006307362,-0.1036282,0.9945961,8,-5.7,-7.215345,66.99364,9,0.7,-25.30787,195.7287
13.29272,NaN,NaN,NaN,0.7655401,2.907357,0.08128019,-0.08072954,0.001228811,0.01933831,-0.9965478,0.8171715,2.904581,0.07968081,0.006307362,-0.1036282,0.9945961,8,-5.7,-6.984046,65.34785,9,0.7,-25.07657,194.083
13.31696,NaN,NaN,NaN,0.6010547,2.906686,0.08161952,-0.08133061,-0.0005774125,0.02067507,-0.9964725,0.6489667,2.90571,0.08029546,0.002970221,-0.1086046,0.9940807,8,-5.7,-6.663894,63.06985,9,0.7,-24.75642,191.805
13.33441,NaN,NaN,NaN,0.5198472,2.906027,0.08164228,-0.08253238,-0.001014322,0.0214099,-0.9963579,0.5548162,2.906159,0.08096765,0.00744018,-0.1167438,0.9931342,8,-5.7,-6.432825,61.42571,9,0.7,-24.52535,190.1608
13.35876,NaN,NaN,NaN,0.3583807,2.904573,0.08166569,-0.08454446,-0.001818778,0.02354178,-0.9961399,0.4112905,2.906159,0.08096765,0.00744018,-0.1167438,0.9931342,8,-5.7,-6.111351,59.13831,9,0.7,-24.20387,187.8734
13.3761,NaN,NaN,NaN,0.278906,2.903995,0.08185788,-0.08487013,-0.001788495,0.02430192,-0.996094,0.3188198,2.905666,0.08137644,0.008667774,-0.1218397,0.992512,8,-5.7,-5.881672,57.50406,9,0.7,-23.9742,186.2392
13.40045,NaN,NaN,NaN,0.1222227,2.902491,0.08218002,-0.08441544,-0.001880685,0.02593442,-0.9960913,0.1579457,2.90436,0.0815761,0.0007300948,-0.126142,0.992012,8,-5.7,-5.559818,55.21395,9,0.7,-23.65234,183.9491
13.41803,NaN,NaN,NaN,0.04613924,2.901649,0.08230402,-0.08397849,-0.001796881,0.02659165,-0.9961111,0.09031591,2.90436,0.0815761,0.0007300948,-0.126142,0.992012,8,-5.7,-5.327073,53.55788,9,0.7,-23.4196,182.293
13.44238,NaN,NaN,NaN,-0.1049065,2.899797,0.08249055,-0.08396646,-0.001787074,0.02836752,-0.9960631,-0.06513114,2.902672,0.08177557,0.001682572,-0.1260734,0.9920195,8,-5.7,-5.005797,51.27188,9,0.7,-23.09832,180.007
13.45966,NaN,NaN,NaN,-0.1793087,2.898579,0.08237886,-0.08513087,-0.001777087,0.03015248,-0.995912,-0.1312664,2.902672,0.08177557,0.001682572,-0.1260734,0.9920195,8,-5.7,-4.776816,49.6426,9,0.7,-22.86934,178.3777
13.48395,NaN,NaN,NaN,-0.3247521,2.896423,0.08217877,-0.0873022,-0.001727892,0.03298867,-0.9956341,-0.2812222,2.900782,0.08208086,0.003375362,-0.1256217,0.9920725,8,-5.7,-4.456267,47.36177,9,0.7,-22.54879,176.0969
13.5014,NaN,NaN,NaN,-0.3965287,2.895211,0.08196738,-0.08898444,-0.002079567,0.03496128,-0.9954171,-0.3651439,2.898499,0.08222685,0.003238644,-0.1270279,0.9918938,8,-5.7,-4.225034,45.71646,9,0.7,-22.31756,174.4516
13.52582,NaN,NaN,NaN,-0.5351907,2.892921,0.08136325,-0.09110297,-0.002203243,0.03697645,-0.9951524,-0.488399,2.898499,0.08222685,0.003238644,-0.1270279,0.9918938,8,-5.7,-3.902538,43.42179,9,0.7,-21.99506,172.1569
13.54321,NaN,NaN,NaN,-0.6027455,2.891421,0.08072127,-0.09305182,-0.002731441,0.03877772,-0.9949021,-0.5679271,2.895935,0.08203059,0.003518275,-0.1260351,0.9920195,8,-5.7,-3.672473,41.78479,9,0.7,-21.765,170.5199
13.5675,NaN,NaN,NaN,-0.737124,2.888169,0.07944726,-0.09539606,-0.003059331,0.04088893,-0.9945946,-0.7060648,2.893168,0.08135159,0.002540792,-0.1304464,0.9914521,8,-5.7,-3.351304,39.49955,9,0.7,-21.44383,168.2347
13.58496,NaN,NaN,NaN,-0.8024367,2.886292,0.0786558,-0.09623176,-0.003134318,0.04154021,-0.9944868,-0.7641206,2.893168,0.08135159,0.002540792,-0.1304464,0.9914521,8,-5.7,-3.120297,37.85585,9,0.7,-21.21282,166.591
13.60925,NaN,NaN,NaN,-0.9264331,2.883305,0.07718976,-0.09820171,-0.003241919,0.04108639,-0.9943128,-0.8927235,2.889792,0.08029623,0.003162961,-0.1343658,0.9909267,8,-5.7,-2.799112,35.5705,9,0.7,-20.89164,164.3056
13.62689,NaN,NaN,NaN,-0.9856954,2.881631,0.07635349,-0.09816163,-0.003722606,0.04051199,-0.9943386,-0.9454011,2.889792,0.08029623,0.003162961,-0.1343658,0.9909267,8,-5.7,-2.565954,33.9115,9,0.7,-20.65848,162.6466
13.65106,NaN,NaN,NaN,-1.1003,2.877836,0.07458918,-0.09855182,-0.00490622,0.04180659,-0.9942413,-1.064919,2.885943,0.07874227,0.004191285,-0.1311289,0.9913565,8,-5.7,-2.246806,31.64064,9,0.7,-20.33933,160.3757
13.6684,NaN,NaN,NaN,-1.153918,2.876503,0.07401705,-0.09746247,-0.00523564,0.04211941,-0.9943337,-1.129184,2.881973,0.07691296,0.0144124,-0.1313505,0.9912312,8,-5.7,-2.016891,30.00471,9,0.7,-20.10942,158.7398
13.69281,NaN,NaN,NaN,-1.257432,2.872849,0.0724749,-0.09598979,-0.005545799,0.04270987,-0.9944501,-1.221196,2.881973,0.07691296,0.0144124,-0.1313505,0.9912312,8,-5.7,-1.694226,27.70882,9,0.7,-19.78675,156.4439
13.71021,NaN,NaN,NaN,-1.305476,2.871469,0.07186301,-0.09563808,-0.005623766,0.04307705,-0.9944679,-1.27938,2.877895,0.0750145,0.01619319,-0.1303934,0.9913301,8,-5.7,-1.46462,26.0751,9,0.7,-19.55714,154.8102
13.73456,NaN,NaN,NaN,-1.39774,2.867974,0.07032107,-0.09562706,-0.006566103,0.04567129,-0.9943473,-1.375737,2.873859,0.07320893,0.01413809,-0.1293765,0.9914948,8,-5.7,-1.142759,23.78493,9,0.7,-19.23528,152.52
13.75201,NaN,NaN,NaN,-1.440849,2.866224,0.06945354,-0.0961602,-0.007171426,0.04742983,-0.9942093,-1.414056,2.873859,0.07320893,0.01413809,-0.1293765,0.9914948,8,-5.7,-0.9113997,22.13873,9,0.7,-19.00392,150.8738
13.77643,NaN,NaN,NaN,-1.523056,2.862843,0.06768367,-0.09665472,-0.007904056,0.05005034,-0.9940274,-1.500305,2.869856,0.07144482,0.01165762,-0.1283106,0.9916655,8,-5.7,-0.5891401,19.84573,9,0.7,-18.68166,148.5808
13.79401,NaN,NaN,NaN,-1.56032,2.861161,0.06671858,-0.0965961,-0.007875636,0.04986519,-0.9940426,-1.533429,2.869856,0.07144482,0.01165762,-0.1283106,0.9916655,8,-5.7,-0.3563324,18.18922,9,0.7,-18.44886,146.9243
13.81805,NaN,NaN,NaN,-1.629173,2.857867,0.06494551,-0.09632658,-0.008298095,0.04927806,-0.9940946,-1.606606,2.865856,0.06947201,0.01319471,-0.1308834,0.99131,8,-5.7,-0.0382238,15.92576,9,0.7,-18.13075,144.6609
13.83551,NaN,NaN,NaN,-1.659014,2.856108,0.06403072,-0.09569412,-0.008898657,0.04887864,-0.9941702,-1.644008,2.861756,0.06741618,0.01418983,-0.1323294,0.9911042,8,-5.7,0.1925325,14.28384,9,0.7,-17.89999,143.0189
13.86017,NaN,NaN,NaN,-1.712741,2.852583,0.06223278,-0.09439349,-0.01001038,0.04948913,-0.9942538,-1.691766,2.861756,0.06741618,0.01418983,-0.1323294,0.9911042,8,-5.7,0.5179358,11.96848,9,0.7,-17.57459,140.7036
13.8772,NaN,NaN,NaN,-1.734177,2.851007,0.06143118,-0.09361567,-0.01047755,0.05012474,-0.9942906,-1.720347,2.857679,0.06528868,0.01734993,-0.1316585,0.9911433,8,-5.7,0.7435501,10.36315,9,0.7,-17.34897,139.0982
13.90179,NaN,NaN,NaN,-1.770834,2.84804,0.05995212,-0.09209336,-0.01101576,0.05075516,-0.994395,-1.760947,2.853577,0.06316592,0.01773354,-0.1283766,0.991567,8,-5.7,1.068656,8.049896,9,0.7,-17.02387,136.785
13.91913,NaN,NaN,NaN,-1.78388,2.846484,0.05920669,-0.09161028,-0.01120088,0.05120634,-0.9944144,-1.772543,2.853577,0.06316592,0.01773354,-0.1283766,0.991567,8,-5.7,1.297819,6.419318,9,0.7,-16.7947,135.1544
13.94354,NaN,NaN,NaN,-1.804379,2.843449,0.05758831,-0.09153818,-0.01193583,0.05324467,-0.9943055,-1.797059,2.849692,0.06118958,0.01961214,-0.1254707,0.9919034,8,-5.7,1.62036,4.124323,9,0.7,-16.47216,132.8594
13.96112,NaN,NaN,NaN,-1.80976,2.842568,0.05691727,-0.09154882,-0.01240206,0.05469836,-0.9942198,-1.801843,2.849692,0.06118958,0.01961214,-0.1254707,0.9919034,8,-5.7,1.853031,2.468785,9,0.7,-16.23949,131.2039
13.98517,NaN,NaN,NaN,-1.813906,2.840735,0.05549093,-0.09134667,-0.01331252,0.05693989,-0.9941008,-1.809962,2.845984,0.05930155,0.02104793,-0.1252869,0.9918972,8,-5.7,2.170967,0.2065496,9,0.7,-15.92156,128.9416
14.00275,NaN,NaN,NaN,-1.811357,2.839876,0.0546519,-0.09156364,-0.01394373,0.05763195,-0.9940323,-1.810426,2.842763,0.05749305,0.02065288,-0.1318244,0.9910579,9,0.7,-15.68904,127.2872,10,-5.7,-33.78153,256.0219
14.02765,NaN,NaN,NaN,-1.800089,2.838911,0.05295084,-0.09340562,-0.01565677,0.05907412,-0.9937508,-1.800411,2.842763,0.05749305,0.02065288,-0.1318244,0.9910579,9,0.7,-15.36014,124.9469,10,-5.7,-33.45263,253.6816
14.04431,NaN,NaN,NaN,-1.790972,2.838947,0.0521743,-0.09370427,-0.01661145,0.05971137,-0.993669,-1.793268,2.840251,0.05560654,0.02149985,-0.1319702,0.9910205,9,0.7,-15.13934,123.3759,10,-5.7,-33.23183,252.1105
14.06873,NaN,NaN,NaN,-1.767609,2.839,0.05054495,-0.09351669,-0.01768847,0.05956903,-0.9936767,-1.771918,2.838587,0.05372903,0.02507533,-0.1298748,0.9912133,9,0.7,-14.81692,121.0817,10,-5.7,-32.90941,249.8164
14.08618,NaN,NaN,NaN,-1.75192,2.83928,0.04970285,-0.09320995,-0.01801254,0.05815734,-0.9937834,-1.757973,2.838587,0.05372903,0.02507533,-0.1298748,0.9912133,9,0.7,-14.5862,119.4401,10,-5.7,-32.67869,248.1748
14.1106,NaN,NaN,NaN,-1.713639,2.840741,0.04815969,-0.0921439,-0.01895273,0.05586571,-0.9939967,-1.721929,2.83797,0.05184061,0.02852279,-0.1274044,0.9914407,9,0.7,-14.26364,117.145,10,-5.7,-32.35613,245.8796
14.12836,NaN,NaN,NaN,-1.690889,2.841877,0.04753847,-0.09133313,-0.0195923,0.05498932,-0.994108,-1.701707,2.83797,0.05184061,0.02852279,-0.1274044,0.9914407,9,0.7,-14.02807,115.4688,10,-5.7,-32.12056,244.2035
14.15234,NaN,NaN,NaN,-1.640049,2.844554,0.04646772,-0.08913369,-0.02046855,0.05340434,-0.9943763,-1.653053,2.838397,0.04994629,0.02883862,-0.1264594,0.9915525,9,0.7,-13.71124,113.2144,10,-5.7,-31.80373,241.9491
14.16968,NaN,NaN,NaN,-1.609439,2.846058,0.0459444,-0.08811599,-0.02078476,0.05253873,-0.9945066,-1.620983,2.840119,0.04830027,0.02665717,-0.1295043,0.9912205,9,0.7,-13.48198,111.5832,10,-5.7,-31.57447,240.3178
14.19458,NaN,NaN,NaN,-1.542407,2.850168,0.04522742,-0.08609408,-0.0214279,0.04982932,-0.9948094,-1.561399,2.840119,0.04830027,0.02665717,-0.1295043,0.9912205,9,0.7,-13.15268,109.2401,10,-5.7,-31.24517,237.9748
14.21143,NaN,NaN,NaN,-1.505104,2.852515,0.04499136,-0.08537119,-0.02172356,0.04848304,-0.9949318,-1.521745,2.842849,0.04675439,0.0261224,-0.1324918,0.9908398,9,0.7,-12.93043,107.6587,10,-5.7,-31.02292,236.3934
14.2359,NaN,NaN,NaN,-1.426786,2.856999,0.04438349,-0.08489577,-0.02257352,0.0465924,-0.9950439,-1.444085,2.846847,0.04560611,0.02467912,-0.1356701,0.9904466,9,0.7,-12.60681,105.356,10,-5.7,-30.6993,234.0907
14.25299,NaN,NaN,NaN,-1.385248,2.859847,0.04428688,-0.08528575,-0.02309105,0.04542913,-0.9950525,-1.407162,2.846847,0.04560611,0.02467912,-0.1356701,0.9904466,9,0.7,-12.38034,103.7446,10,-5.7,-30.47283,232.4792
14.2699,NaN,NaN,NaN,-1.343426,2.862757,0.04417231,-0.0844662,-0.02337075,0.04421934,-0.9951704,-1.360713,2.851809,0.04482386,0.02694509,-0.1330516,0.9907427,9,0.7,-12.15687,102.1545,10,-5.7,-30.24936,230.8892
14.29144,NaN,NaN,NaN,-1.253306,2.868354,0.04376608,-0.08408566,-0.02410583,0.04245537,-0.9952618,-1.280606,2.851809,0.04482386,0.02694509,-0.1330516,0.9907427,9,0.7,-11.87189,100.1268,10,-5.7,-29.96438,228.8615
14.30859,NaN,NaN,NaN,-1.205797,2.871208,0.04357994,-0.08364541,-0.02436339,0.04114081,-0.9953478,-1.227879,2.857722,0.04427882,0.02392435,-0.1323997,0.9909076,9,0.7,-11.64543,98.51542,10,-5.7,-29.73792,227.2501
14.32544,NaN,NaN,NaN,-1.156075,2.874358,0.04350807,-0.08321199,-0.02455439,0.03928483,-0.9954544,-1.183681,2.857722,0.04427882,0.02392435,-0.1323997,0.9909076,9,0.7,-11.42266,96.93031,10,-5.7,-29.51515,225.665
14.34723,NaN,NaN,NaN,-1.054978,2.880594,0.04348017,-0.08183017,-0.02483911,0.03629679,-0.9956754,-1.082196,2.864342,0.04382065,0.02541074,-0.1308146,0.9910812,9,0.7,-11.13459,94.88063,10,-5.7,-29.22708,223.6153
14.3645,NaN,NaN,NaN,-1.002002,2.883708,0.043517,-0.08044423,-0.02462688,0.03483164,-0.9958459,-1.035106,2.864342,0.04382065,0.02541074,-0.1308146,0.9910812,9,0.7,-10.90613,93.25506,10,-5.7,-28.99862,221.9897
14.38904,NaN,NaN,NaN,-0.8951584,2.889363,0.04352577,-0.07872459,-0.02438568,0.03276182,-0.9960594,-0.927583,2.8714,0.04349111,0.02646108,-0.1349168,0.9905035,9,0.7,-10.58162,90.94605,10,-5.7,-28.67411,219.6807
14.40625,NaN,NaN,NaN,-0.839777,2.892119,0.04366001,-0.07844741,-0.02402759,0.03159527,-0.9961278,-0.8650111,2.878689,0.04329614,0.02719828,-0.1317628,0.9909081,9,0.7,-10.35435,89.32894,10,-5.7,-28.44684,218.0636
14.42328,NaN,NaN,NaN,-0.783458,2.894899,0.04384726,-0.07821229,-0.02365266,0.0305314,-0.9961884,-0.8149498,2.878689,0.04329614,0.02719828,-0.1317628,0.9909081,9,0.7,-10.12911,87.72628,10,-5.7,-28.22161,216.4609
14.4447,NaN,NaN,NaN,-0.6700546,2.900029,0.04437435,-0.07758241,-0.02288279,0.02836765,-0.9963196,-0.700089,2.885826,0.04338578,0.02159917,-0.1412475,0.9897386,9,0.7,-9.846256,85.71365,10,-5.7,-27.93875,214.4483
14.46289,NaN,NaN,NaN,-0.612246,2.902121,0.04478437,-0.07713485,-0.02238382,0.0272538,-0.9963968,-0.6487036,2.885826,0.04338578,0.02159917,-0.1412475,0.9897386,9,0.7,-9.605535,84.00082,10,-5.7,-27.69803,212.7355
14.48651,NaN,NaN,NaN,-0.49697,2.905754,0.04576248,-0.07586406,-0.02114171,0.02452771,-0.9965923,-0.5316018,2.892564,0.04370284,0.01721928,-0.1387244,0.9901813,9,0.7,-9.293345,81.77948,10,-5.7,-27.38584,210.5141
14.50391,NaN,NaN,NaN,-0.4400295,2.907181,0.04639624,-0.07551399,-0.02045413,0.02335476,-0.9966614,-0.4660101,2.898517,0.04434759,0.003497234,-0.1246978,0.9921886,9,0.7,-9.063456,80.14373,10,-5.7,-27.15595,208.8784
14.52893,NaN,NaN,NaN,-0.3232177,2.909721,0.04785921,-0.07519902,-0.01901888,0.02145785,-0.9967563,-0.3621773,2.898517,0.04434759,0.003497234,-0.1246978,0.9921886,9,0.7,-8.731991,77.78524,10,-5.7,-26.82448,206.5199
14.54578,NaN,NaN,NaN,-0.2641068,2.91058,0.04866766,-0.07585225,-0.01832421,0.02076211,-0.9967344,-0.2944624,2.90332,0.04540081,-0.01272724,-0.1217239,0.9924824,9,0.7,-8.509274,76.20053,10,-5.7,-26.60176,204.9352
14.57007,NaN,NaN,NaN,-0.1475919,2.911692,0.05050456,-0.07695474,-0.01717274,0.01955063,-0.996695,-0.1753539,2.907011,0.04687653,-0.01832175,-0.1269432,0.9917408,9,0.7,-8.188331,73.9169,10,-5.7,-26.28082,202.6516
14.58759,NaN,NaN,NaN,-0.0892604,2.912089,0.05162539,-0.07704514,-0.01649965,0.01832765,-0.9967226,-0.1235037,2.907011,0.04687653,-0.01832175,-0.1269432,0.9917408,9,0.7,-7.956649,72.2684,10,-5.7,-26.04914,201.0031
14.61182,NaN,NaN,NaN,0.02539782,2.912439,0.053863,-0.07688321,-0.01518284,0.01638252,-0.9967899,-0.005994391,2.909436,0.04875007,-0.02116243,-0.1279659,0.9915528,9,0.7,-7.63677,69.99235,10,-5.7,-25.72926,198.727
14.63007,NaN,NaN,NaN,0.08148009,2.912083,0.054813,-0.07749121,-0.01452,0.01578353,-0.9967623,0.04385652,2.909436,0.04875007,-0.02116243,-0.1279659,0.9915528,9,0.7,-7.394789,68.27056,10,-5.7,-25.48728,197.0052
14.65356,NaN,NaN,NaN,0.1934693,2.911184,0.05726818,-0.07981744,-0.01363309,0.01515767,-0.996601,0.1588315,2.910849,0.05083854,-0.02549547,-0.1286923,0.9913568,9,0.7,-7.084267,66.06108,10,-5.7,-25.17676,194.7957
14.67108,NaN,NaN,NaN,0.2494602,2.910841,0.0587932,-0.08014823,-0.0136109,0.01450867,-0.9965844,0.2238911,2.911161,0.05340692,-0.02837278,-0.1330138,0.990708,9,0.7,-6.852828,64.41431,10,-5.7,-24.94532,193.149
14.69617,NaN,NaN,NaN,0.3591939,2.909507,0.06199874,-0.07956264,-0.01300984,0.0121954,-0.9966704,0.3214322,2.911161,0.05340692,-0.02837278,-0.1330138,0.990708,9,0.7,-6.520896,62.05249,10,-5.7,-24.61339,190.7872
14.71277,NaN,NaN,NaN,0.4138889,2.909182,0.06384553,-0.07879858,-0.01238954,0.01002914,-0.9967632,0.3851106,2.910514,0.05639419,-0.03114636,-0.1357397,0.9902548,9,0.7,-6.301869,60.49403,10,-5.7,-24.39436,189.2287
14.73706,NaN,NaN,NaN,0.520211,2.907923,0.0675367,-0.07778578,-0.01123818,0.007348532,-0.9968797,0.4943941,2.909302,0.05988076,-0.03259363,-0.1317602,0.9907457,9,0.7,-5.980558,58.20778,10,-5.7,-24.07305,186.9424
14.75439,NaN,NaN,NaN,0.5711858,2.906336,0.06918082,-0.07867631,-0.01130274,0.007506402,-0.9968079,0.5397051,2.909302,0.05988076,-0.03259363,-0.1317602,0.9907457,9,0.7,-5.751431,56.57747,10,-5.7,-23.84392,185.3121
14.77911,NaN,NaN,NaN,0.6743198,2.903737,0.07270923,-0.08065297,-0.01130527,0.006697231,-0.9966556,0.6457809,2.907796,0.06384919,-0.03439239,-0.1299775,0.9909202,9,0.7,-5.424749,54.253,10,-5.7,-23.51724,182.9877
14.79688,NaN,NaN,NaN,0.7251363,2.902059,0.07440059,-0.08171375,-0.01116614,0.005434883,-0.9965785,0.6909511,2.907796,0.06384919,-0.03439239,-0.1299775,0.9909202,9,0.7,-5.189476,52.57895,10,-5.7,-23.28197,181.3136
14.82068,NaN,NaN,NaN,0.8251137,2.898143,0.07785222,-0.08380687,-0.01067949,0.002734995,-0.996421,0.7939583,2.905709,0.06811332,-0.035848,-0.1275831,0.9911798,9,0.7,-4.875176,50.34259,10,-5.7,-22.96767,179.0772
14.83807,NaN,NaN,NaN,0.8736262,2.895564,0.07940214,-0.08510458,-0.01044395,0.001784859,-0.9963157,0.8508544,2.902611,0.07235015,-0.03437247,-0.1312885,0.9907481,9,0.7,-4.645191,48.70616,10,-5.7,-22.73768,177.4408
14.86304,NaN,NaN,NaN,0.9673626,2.890918,0.08233507,-0.08825732,-0.01034039,0.001111627,-0.9960434,0.9341757,2.902611,0.07235015,-0.03437247,-0.1312885,0.9907481,9,0.7,-4.314791,46.35524,10,-5.7,-22.40728,175.0899
14.8797,NaN,NaN,NaN,1.013014,2.888961,0.08371586,-0.08865104,-0.01047466,0.001068349,-0.9960071,0.9880607,2.898257,0.07634185,-0.03505491,-0.133531,0.9904245,9,0.7,-4.094595,44.78847,10,-5.7,-22.18709,173.5231
14.90424,NaN,NaN,NaN,1.101875,2.884366,0.08631194,-0.09051114,-0.01064338,0.0009443038,-0.9958381,1.079896,2.893029,0.08008122,-0.03539795,-0.1368197,0.9899633,9,0.7,-3.770505,42.48245,10,-5.7,-21.863,171.2171
14.92139,NaN,NaN,NaN,1.143564,2.881938,0.08755206,-0.09015577,-0.010869,0.001378886,-0.9958674,1.116953,2.893029,0.08008122,-0.03539795,-0.1368197,0.9899633,9,0.7,-3.54306,40.86409,10,-5.7,-21.63555,169.5987
14.94592,NaN,NaN,NaN,1.223595,2.87746,0.09005421,-0.09076547,-0.01192207,0.001939321,-0.9957991,1.200468,2.88765,0.08357044,-0.03825895,-0.1364862,0.9899029,9,0.7,-3.218704,38.55618,10,-5.7,-21.3112,167.2908
14.96393,NaN,NaN,NaN,1.260001,2.875561,0.09126322,-0.09110123,-0.01273953,0.002097206,-0.995758,1.232829,2.88765,0.08357044,-0.03825895,-0.1364862,0.9899029,9,0.7,-2.981301,36.86697,10,-5.7,-21.07379,165.6016
14.98767,NaN,NaN,NaN,1.329572,2.871233,0.09330834,-0.09162378,-0.01393254,0.001109383,-0.9956956,1.306298,2.882133,0.08674393,-0.048569,-0.1381886,0.9892144,9,0.7,-2.666975,34.63042,10,-5.7,-20.75947,163.3651
15.00507,NaN,NaN,NaN,1.361452,2.868946,0.09414828,-0.09231152,-0.01486093,0.0001347902,-0.9956194,1.345336,2.876834,0.08967583,-0.04634756,-0.1406353,0.9889761,9,0.7,-2.437303,32.99622,10,-5.7,-20.52979,161.7309
15.02954,NaN,NaN,NaN,1.421327,2.865509,0.09617765,-0.09347221,-0.01657679,-0.002911871,-0.9954796,1.398559,2.876834,0.08967583,-0.04634756,-0.1406353,0.9889761,9,0.7,-2.113097,30.68938,10,-5.7,-20.20559,159.424
15.04669,NaN,NaN,NaN,1.447541,2.864103,0.09722003,-0.09313641,-0.01753254,-0.003972447,-0.9954911,1.431489,2.871718,0.09232758,-0.04492966,-0.1364416,0.9896288,9,0.7,-1.88636,29.07606,10,-5.7,-19.97885,157.8107
15.07135,NaN,NaN,NaN,1.493246,2.861068,0.09868358,-0.09341358,-0.01921883,-0.005011504,-0.9954293,1.480694,2.86699,0.09474572,-0.04140908,-0.1329896,0.990252,9,0.7,-1.561007,26.76106,10,-5.7,-19.6535,155.4957
15.08838,NaN,NaN,NaN,1.512117,2.859636,0.09911202,-0.09393635,-0.01960786,-0.00547077,-0.9953701,1.497468,2.86699,0.09474572,-0.04140908,-0.1329896,0.990252,9,0.7,-1.335503,25.15651,10,-5.7,-19.42799,153.8912
15.10535,NaN,NaN,NaN,1.529546,2.858003,0.09929173,-0.09487154,-0.01968717,-0.006431161,-0.9952741,1.520289,2.863004,0.09689473,-0.03899571,-0.1321294,0.9904652,9,0.7,-1.111532,23.56287,10,-5.7,-19.20402,152.2975
15.12714,NaN,NaN,NaN,1.558659,2.854972,0.09960902,-0.09765863,-0.01937523,-0.008224579,-0.9949974,1.546167,2.863004,0.09689473,-0.03899571,-0.1321294,0.9904652,9,0.7,-0.8230821,21.51045,10,-5.7,-18.91557,150.2451
15.14398,NaN,NaN,NaN,1.568538,2.853991,0.09981096,-0.09901816,-0.01892527,-0.008764937,-0.994867,1.560882,2.859375,0.09840861,-0.05008363,-0.1317497,0.990017,9,0.7,-0.6002808,19.92513,10,-5.7,-18.69277,148.6598
15.16089,NaN,NaN,NaN,1.576118,2.852936,0.0999047,-0.09959179,-0.01861765,-0.009344188,-0.9948103,1.56762,2.859375,0.09840861,-0.05008363,-0.1317497,0.990017,9,0.7,-0.3765725,18.33337,10,-5.7,-18.46906,147.068
15.1828,NaN,NaN,NaN,1.586585,2.85097,0.09998609,-0.09923075,-0.01798952,-0.01068008,-0.9948446,1.581491,2.855814,0.09926825,-0.05196894,-0.1353075,0.9894398,9,0.7,-0.0871295,16.27387,10,-5.7,-18.17962,145.0085
15.19983,NaN,NaN,NaN,1.587756,2.849905,0.09990203,-0.09842396,-0.01759997,-0.01127549,-0.9949251,1.585635,2.85279,0.09968139,-0.05329318,-0.1388257,0.9888818,9,0.7,0.1381901,14.67064,10,-5.7,-17.9543,143.4053
15.21637,NaN,NaN,NaN,1.585123,2.849106,0.09990001,-0.09813816,-0.01733564,-0.0114066,-0.9949564,1.583295,2.85279,0.09968139,-0.05329318,-0.1388257,0.9888818,9,0.7,0.3568364,13.11489,10,-5.7,-17.73565,141.8495
15.23834,NaN,NaN,NaN,1.574529,2.847587,0.09957787,-0.09819543,-0.01679272,-0.01095414,-0.9949652,1.57542,2.850355,0.09994781,-0.05379951,-0.1362608,0.9892111,9,0.7,0.6469796,11.05042,10,-5.7,-17.44551,139.7851
15.25525,NaN,NaN,NaN,1.563935,2.84696,0.09922046,-0.09816551,-0.01596809,-0.01073247,-0.9949842,1.566003,2.850355,0.09994781,-0.05379951,-0.1362608,0.9892111,9,0.7,0.8703435,9.461099,10,-5.7,-17.22215,138.1958
15.27209,-21.57538,-51.42745,385.8033,1.550224,2.846275,0.09878576,-0.09791331,-0.01514328,-0.01061302,-0.9950231,1.553841,2.848196,0.09979162,-0.05927686,-0.1391007,0.9885025,9,0.7,1.093235,7.875143,10,-5.7,-16.99926,136.6098
15.29456,-21.51082,-51.20766,384.2414,1.517483,2.8455,0.09796631,-0.09667151,-0.01303363,-0.01159886,-0.9951634,1.524738,2.848196,0.09979162,-0.05927686,-0.1391007,0.9885025,9,0.7,1.390034,5.763306,10,-5.7,-16.70246,134.498
15.31104,-24.2901,-49.60217,382.3681,1.495312,2.845234,0.09744614,-0.09572275,-0.01184144,-0.01172633,-0.9952685,1.503333,2.846335,0.09916027,-0.06669943,-0.135627,0.9885123,9,0.7,1.608307,4.210217,10,-5.7,-16.48418,132.9449
15.32806,-24.3116,-49.60115,382.3607,1.470557,2.845199,0.09692513,-0.09542537,-0.01068434,-0.0113503,-0.9953146,1.481328,2.846335,0.09916027,-0.06669943,-0.135627,0.9885123,9,0.7,1.833072,2.610929,10,-5.7,-16.25942,131.3456
15.34979,NaN,NaN,NaN,1.415527,2.8454,0.09584295,-0.09478489,-0.008559632,-0.01118868,-0.9953982,1.428918,2.84499,0.09822547,-0.07074291,-0.137679,0.9879474,9,0.7,2.120433,0.5662527,10,-5.7,-15.97206,129.3009
15.36688,-23.28237,-48.77335,379.6907,1.383222,2.845962,0.09531137,-0.09399211,-0.007475314,-0.01139741,-0.9954797,1.394915,2.844327,0.09716238,-0.06428369,-0.1344627,0.9888313,10,-5.7,-15.74578,127.6909,11,5.7,-34.24404,259.3127
15.39148,-23.10083,-48.2624,375.9333,1.312658,2.847922,0.09423113,-0.09288914,-0.005853333,-0.01078786,-0.9956008,1.332191,2.844327,0.09716238,-0.06428369,-0.1344627,0.9888313,10,-5.7,-15.42059,125.377,11,5.7,-33.91885,256.9989
15.40869,-24.66061,-47.51121,374.1444,1.272337,2.849272,0.09351326,-0.09282371,-0.005184414,-0.01028004,-0.9956161,1.289372,2.844589,0.09603678,-0.0685938,-0.1331059,0.9887253,10,-5.7,-15.19296,123.7573,11,5.7,-33.69122,255.3792
15.43329,-22.90165,-46.02542,372.3424,1.185503,2.851992,0.09183916,-0.09381114,-0.003743246,-0.009059428,-0.9955418,1.203499,2.846096,0.09465088,-0.06407276,-0.1299031,0.9894543,10,-5.7,-14.86803,121.4453,11,5.7,-33.36629,253.0672
15.45056,-22.79342,-45.7204,370.0194,1.138023,2.854004,0.09105695,-0.09420224,-0.002914347,-0.009103974,-0.9955072,1.161295,2.846096,0.09465088,-0.06407276,-0.1299031,0.9894543,10,-5.7,-14.63945,119.8189,11,5.7,-33.13771,251.4408
15.47504,-24.25863,-44.44739,368.5609,1.036535,2.858314,0.08913589,-0.09423773,-0.00118011,-0.00852408,-0.9955125,1.060699,2.848848,0.09299606,-0.06799822,-0.1270199,0.9895666,10,-5.7,-14.3158,117.516,11,5.7,-32.81406,249.1379
15.49237,-24.14935,-44.15199,366.2596,0.9815694,2.860547,0.0880141,-0.09416033,-0.0006371439,-0.00726852,-0.9955304,1.01184,2.848848,0.09299606,-0.06799822,-0.1270199,0.9895666,10,-5.7,-14.08688,115.8872,11,5.7,-32.58514,247.509
15.50903,NaN,NaN,NaN,0.9248733,2.862769,0.08677375,-0.09417944,-0.0002483893,-0.006035894,-0.995537,0.9494599,2.852782,0.09103937,-0.0712417,-0.1274388,0.9892846,10,-5.7,-13.8665,114.3191,11,5.7,-32.36476,245.941
15.5307,NaN,NaN,NaN,0.8075923,2.867726,0.08428068,-0.09328227,0.0004480025,-0.00447638,-0.9956295,0.8452101,2.852782,0.09103937,-0.0712417,-0.1274388,0.9892846,10,-5.7,-13.58015,112.2816,11,5.7,-32.07841,243.9035
15.54803,-20.92501,-34.68201,284.4179,0.7444497,2.870252,0.08296572,-0.09195434,0.0007495285,-0.003469645,-0.995757,0.7756185,2.857637,0.08869331,-0.07544985,-0.1305198,0.9885706,10,-5.7,-13.35103,110.6513,11,5.7,-31.84929,242.2732
15.56464,-20.72117,-34.22827,280.9812,0.6786731,2.872947,0.08156411,-0.09067807,0.0008057635,-0.001769686,-0.9958784,0.7171505,2.857637,0.08869331,-0.07544985,-0.1305198,0.9885706,10,-5.7,-13.131,109.0857,11,5.7,-31.62926,240.7076
15.58649,-20.97874,-34.61635,278.0868,0.5433888,2.878489,0.07869677,-0.08843046,0.001570783,0.0007103214,-0.9960809,0.5820664,2.863123,0.08596766,-0.07663522,-0.1332162,0.9881197,10,-5.7,-12.84272,107.0346,11,5.7,-31.34098,238.6564
15.60358,NaN,NaN,NaN,0.4719167,2.881323,0.07727847,-0.08715644,0.001863587,0.00217042,-0.9961906,0.5022545,2.869179,0.08285606,-0.07029607,-0.1316688,0.9887981,10,-5.7,-12.61626,105.4232,11,5.7,-31.11452,237.0451
15.62067,NaN,NaN,NaN,0.3986014,2.884138,0.07592065,-0.08575069,0.002077478,0.003389977,-0.9963087,0.4370853,2.869179,0.08285606,-0.07029607,-0.1316688,0.9887981,10,-5.7,-12.39075,103.8186,11,5.7,-30.88901,235.4404
15.64209,NaN,NaN,NaN,0.2483515,2.889775,0.07332058,-0.08275762,0.002443185,0.00547157,-0.9965518,0.2858763,2.875674,0.07949387,-0.07208418,-0.1287922,0.9890482,10,-5.7,-12.10736,101.8022,11,5.7,-30.60562,233.4241
15.65942,NaN,NaN,NaN,0.1702246,2.892259,0.07193302,-0.08141243,0.002634708,0.006318917,-0.996657,0.2164302,2.875674,0.07949387,-0.07208418,-0.1287922,0.9890482,10,-5.7,-11.87816,100.1713,11,5.7,-30.37642,231.7932
15.68372,NaN,NaN,NaN,0.01280099,2.897636,0.06945921,-0.08046526,0.002911413,0.008605977,-0.996716,0.05756931,2.882357,0.07616968,-0.07183621,-0.1230245,0.9898003,10,-5.7,-11.55721,97.88763,11,5.7,-30.05547,229.5095
15.70135,-23.22057,-40.54887,347.0565,-0.06781845,2.900145,0.06837584,-0.07992475,0.002444561,0.01051828,-0.9967424,-0.03402968,2.88892,0.07297265,-0.06616036,-0.1239452,0.990081,10,-5.7,-11.32366,96.22585,11,5.7,-29.82192,227.8478
15.72546,-23.2543,-40.3358,345.3545,-0.2337037,2.904463,0.06625134,-0.07891566,0.001597666,0.01432486,-0.9967771,-0.1814833,2.88892,0.07297265,-0.06616036,-0.1239452,0.990081,10,-5.7,-11.0048,93.957,11,5.7,-29.50306,225.5789
15.74323,-23.27448,-40.71082,342.464,-0.319651,2.906634,0.06541036,-0.07835431,0.001277624,0.01595971,-0.996797,-0.2786344,2.895252,0.06998487,-0.06647645,-0.1260565,0.9897932,10,-5.7,-10.77038,92.28904,11,5.7,-29.26864,223.9109
15.76721,-21.7308,-39.72122,341.7276,-0.492976,2.910098,0.06357209,-0.07833516,0.0008835783,0.01849873,-0.9967551,-0.454429,2.901019,0.06731841,-0.06167684,-0.1235551,0.9904191,10,-5.7,-10.45286,90.02977,11,5.7,-28.95112,221.6517
15.78485,-21.67012,-39.44218,339.4908,-0.5814129,2.911597,0.06287335,-0.07839791,0.0005143379,0.01940326,-0.9967332,-0.5330397,2.901019,0.06731841,-0.06167684,-0.1235551,0.9904191,10,-5.7,-10.21986,88.37193,11,5.7,-28.71812,219.9938
15.80902,-20.41086,-42.86153,338.0722,-0.7598623,2.91393,0.06171597,-0.07775256,-0.0001858603,0.01972349,-0.9967776,-0.7141717,2.90595,0.06494913,-0.05764997,-0.1339562,0.9893089,10,-5.7,-9.899983,86.09586,11,5.7,-28.39824,217.7178
15.82666,-20.48787,-42.85299,338.0091,-0.8506339,2.914821,0.06131554,-0.07749517,-0.0006201081,0.01985805,-0.9967948,-0.7948576,2.90595,0.06494913,-0.05764997,-0.1339562,0.9893089,10,-5.7,-9.667174,84.43934,11,5.7,-28.16543,216.0612
15.85083,NaN,NaN,NaN,-1.033057,2.916224,0.06066673,-0.0772054,-0.001525385,0.02071041,-0.996799,-0.9802307,2.909932,0.06304526,-0.05644519,-0.1327033,0.9895473,10,-5.7,-9.347611,82.16553,11,5.7,-27.84587,213.7874
15.86829,NaN,NaN,NaN,-1.124964,2.916536,0.06042112,-0.07791965,-0.001950598,0.02119994,-0.9967324,-1.085685,2.912843,0.06172752,-0.05611528,-0.1365669,0.9890403,10,-5.7,-9.116741,80.5228,11,5.7,-27.615,212.1447
15.89258,NaN,NaN,NaN,-1.308404,2.916894,0.06007732,-0.07962451,-0.002409345,0.02101941,-0.9966004,-1.248743,2.912843,0.06172752,-0.05611528,-0.1365669,0.9890403,10,-5.7,-8.795541,78.23735,11,5.7,-27.2938,209.8592
15.91003,NaN,NaN,NaN,-1.400784,2.917073,0.06009562,-0.07924666,-0.002567483,0.02099603,-0.9966306,-1.355022,2.914716,0.06082049,-0.05485016,-0.1351084,0.9893115,10,-5.7,-8.564916,76.59637,11,5.7,-27.06318,208.2182
15.93433,NaN,NaN,NaN,-1.584137,2.916465,0.05993003,-0.07796032,-0.002952468,0.02154798,-0.9967192,-1.542346,2.915636,0.06018271,-0.05295929,-0.1364979,0.9892238,10,-5.7,-8.243196,74.30721,11,5.7,-26.74146,205.9291
15.9516,NaN,NaN,NaN,-1.676425,2.915335,0.05959,-0.07893426,-0.003214063,0.02330673,-0.9966022,-1.62438,2.915636,0.06018271,-0.05295929,-0.1364979,0.9892238,10,-5.7,-8.014647,72.681,11,5.7,-26.51291,204.3029
15.97607,NaN,NaN,NaN,-1.85813,2.914344,0.05959104,-0.07974844,-0.004046708,0.02432029,-0.9965101,-1.810233,2.9157,0.05979107,0.02468666,-0.1078338,0.9938624,10,-5.7,-7.691251,70.37992,11,5.7,-26.18951,202.0018
15.99359,NaN,NaN,NaN,-1.949033,2.912913,0.05956954,-0.07948106,-0.004709471,0.02485731,-0.9965153,-1.891036,2.9157,0.05979107,0.02468666,-0.1078338,0.9938624,10,-5.7,-7.459617,68.73176,11,5.7,-25.95788,200.3537
16.01776,NaN,NaN,NaN,-2.128376,2.910783,0.05999827,-0.0784451,-0.005810983,0.02538298,-0.9965783,-2.074959,2.914722,0.05957612,0.02720587,-0.1072721,0.9938574,10,-5.7,-7.140586,66.46174,11,5.7,-25.63885,198.0836
16.03503,NaN,NaN,NaN,-2.217661,2.909429,0.0602929,-0.07669012,-0.006342454,0.02595504,-0.9966969,-2.178662,2.912775,0.05954375,0.0281828,-0.1073682,0.9938198,10,-5.7,-6.911985,64.83515,11,5.7,-25.41025,196.457
16.05963,NaN,NaN,NaN,-2.393743,2.905854,0.06029856,-0.07747856,-0.007663803,0.02761671,-0.996582,-2.335178,2.912775,0.05954375,0.0281828,-0.1073682,0.9938198,10,-5.7,-6.586291,62.51772,11,5.7,-25.08455,194.1396
16.07697,NaN,NaN,NaN,-2.479913,2.904258,0.06028222,-0.07935169,-0.008431337,0.02792434,-0.9964199,-2.435769,2.910175,0.0598228,0.03226471,-0.1052573,0.9939215,10,-5.7,-6.357558,60.8902,11,5.7,-24.85582,192.5121
16.10144,NaN,NaN,NaN,-2.650622,2.90097,0.06022256,-0.08127449,-0.009737276,0.02756723,-0.9962629,-2.611092,2.906774,0.06008351,0.03205938,-0.1029419,0.9941705,10,-5.7,-6.034249,58.58973,11,5.7,-24.53251,190.2116
16.11859,NaN,NaN,NaN,-2.73488,2.899365,0.06019581,-0.08194512,-0.01063562,0.02751252,-0.9962003,-2.685987,2.906774,0.06008351,0.03205938,-0.1029419,0.9941705,10,-5.7,-5.807403,56.97564,11,5.7,-24.30566,188.5975
16.14343,NaN,NaN,NaN,-2.89988,2.895704,0.05991713,-0.08294482,-0.01221762,0.02622256,-0.9961342,-2.855755,2.90292,0.06016041,0.03693487,-0.1062069,0.9936578,10,-5.7,-5.478584,54.63597,11,5.7,-23.97684,186.2579
16.16083,NaN,NaN,NaN,-2.980569,2.893155,0.0594118,-0.0839904,-0.01281814,0.02585479,-0.9960487,-2.927478,2.90292,0.06016041,0.03693487,-0.1062069,0.9936578,10,-5.7,-5.248331,52.99763,11,5.7,-23.74659,184.6195
16.18481,NaN,NaN,NaN,-3.137478,2.888464,0.0584409,-0.0873957,-0.01368603,0.02443247,-0.99578,-3.089566,2.89884,0.06005352,0.0388786,-0.1093345,0.9932444,10,-5.7,-4.931525,50.74344,11,5.7,-23.42979,182.3653
16.20215,NaN,NaN,NaN,-3.213352,2.886239,0.05802912,-0.08864202,-0.01426991,0.02413022,-0.995669,-3.179013,2.894097,0.05952567,0.04189876,-0.1161821,0.9923438,10,-5.7,-4.702243,49.11201,11,5.7,-23.2005,180.7339
16.22699,NaN,NaN,NaN,-3.361356,2.881839,0.05723239,-0.08962935,-0.01513455,0.02289764,-0.995597,-3.310572,2.894097,0.05952567,0.04189876,-0.1161821,0.9923438,10,-5.7,-4.373829,46.77522,11,5.7,-22.87209,178.3971
16.24384,NaN,NaN,NaN,-3.433004,2.879703,0.05694731,-0.08901094,-0.01530985,0.02245211,-0.9956599,-3.395377,2.888779,0.05861462,0.0444806,-0.1217085,0.9915687,10,-5.7,-4.151555,45.19366,11,5.7,-22.64981,176.8156
16.26843,NaN,NaN,NaN,-3.572789,2.875158,0.05601767,-0.08894604,-0.01594363,0.02353314,-0.9956308,-3.539892,2.88342,0.05761497,0.04273377,-0.1140606,0.9925543,10,-5.7,-3.826439,42.88034,11,5.7,-22.3247,174.5022
16.28552,NaN,NaN,NaN,-3.639072,2.873448,0.05565076,-0.08972316,-0.0164152,0.0249093,-0.9955199,-3.598811,2.88342,0.05761497,0.04273377,-0.1140606,0.9925543,10,-5.7,-3.600232,41.2708,11,5.7,-22.09849,172.8927
16.31024,NaN,NaN,NaN,-3.769636,2.869702,0.05480077,-0.09006106,-0.01691917,0.02797221,-0.9953997,-3.734159,2.878136,0.05663485,0.04446617,-0.1153728,0.9923265,10,-5.7,-3.273287,38.94446,11,5.7,-21.77155,170.5664
16.3277,NaN,NaN,NaN,-3.83271,2.867843,0.05430272,-0.09030861,-0.01676021,0.02974967,-0.9953284,-3.790226,2.878136,0.05663485,0.04446617,-0.1153728,0.9923265,10,-5.7,-3.042141,37.29977,11,5.7,-21.5404,168.9217
16.35193,NaN,NaN,NaN,-3.954802,2.864471,0.05345427,-0.09056333,-0.01658563,0.03254718,-0.9952206,-3.917003,2.873248,0.05567443,0.04968658,-0.1169048,0.9918994,10,-5.7,-2.722335,35.02423,11,5.7,-21.2206,166.6461
16.36908,NaN,NaN,NaN,-4.013369,2.862698,0.05289038,-0.09070217,-0.01650968,0.03333052,-0.9951833,-3.986456,2.868761,0.05467101,0.05031997,-0.1158588,0.9919903,10,-5.7,-2.495026,33.40684,11,5.7,-20.99329,165.0287
16.39423,NaN,NaN,NaN,-4.124867,2.859132,0.05174961,-0.09130822,-0.01650991,0.03454774,-0.9950863,-4.085567,2.868761,0.05467101,0.05031997,-0.1158588,0.9919903,10,-5.7,-2.162611,31.04158,11,5.7,-20.66088,162.6635
16.41095,NaN,NaN,NaN,-4.176449,2.85738,0.0511976,-0.09103664,-0.01660002,0.03472046,-0.9951037,-4.14791,2.864423,0.05354184,0.05022023,-0.1161163,0.9919652,10,-5.7,-1.941399,29.46758,11,5.7,-20.43966,161.0895
16.42841,NaN,NaN,NaN,-4.22549,2.85581,0.05066418,-0.09037163,-0.01686586,0.03468951,-0.9951609,-4.191502,2.864423,0.05354184,0.05022023,-0.1161163,0.9919652,10,-5.7,-1.710631,27.82558,11,5.7,-20.20889,159.4475
16.4494,NaN,NaN,NaN,-4.319017,2.852811,0.04967028,-0.08910987,-0.01776074,0.03502293,-0.9952474,-4.290004,2.860197,0.0522306,0.05182175,-0.1170237,0.9917762,10,-5.7,-1.433107,25.8509,11,5.7,-19.93137,157.4728
16.46686,NaN,NaN,NaN,-4.360245,2.851118,0.04903015,-0.08889299,-0.01858428,0.03514366,-0.9952475,-4.340804,2.856138,0.05095148,0.05267781,-0.1198332,0.9913955,10,-5.7,-1.202682,24.21133,11,5.7,-19.70095,155.8332
16.49121,NaN,NaN,NaN,-4.436075,2.847979,0.04775804,-0.08937257,-0.01991221,0.03496578,-0.9951852,-4.408209,2.856138,0.05095148,0.05267781,-0.1198332,0.9913955,10,-5.7,-0.8808303,21.92124,11,5.7,-19.3791,153.5432
16.50854,NaN,NaN,NaN,-4.468255,2.846752,0.04713988,-0.08986281,-0.02035927,0.03440015,-0.9951516,-4.449461,2.852295,0.04966691,0.05480287,-0.1184952,0.9914411,10,-5.7,-0.6515388,20.28975,11,5.7,-19.1498,151.9117
16.53296,NaN,NaN,NaN,-4.524287,2.844479,0.04580958,-0.09075165,-0.02130963,0.03516619,-0.9950243,-4.510159,2.848604,0.04825202,0.05909545,-0.1058856,0.9926208,10,-5.7,-0.3282332,17.98931,11,5.7,-18.8265,149.6112
16.55042,NaN,NaN,NaN,-4.546347,2.843574,0.04505191,-0.09111827,-0.02200856,0.03619732,-0.9949386,-4.529768,2.848604,0.04825202,0.05909545,-0.1058856,0.9926208,10,-5.7,-0.09780742,16.34974,11,5.7,-18.59607,147.9716
16.57471,NaN,NaN,NaN,-4.584416,2.841931,0.04352752,-0.09155925,-0.02333338,0.03868086,-0.9947745,-4.572508,2.845428,0.04669727,0.06166066,-0.1059641,0.9924564,10,-5.7,0.2230578,14.06667,11,5.7,-18.27521,145.6886
16.59222,NaN,NaN,NaN,-4.597648,2.841195,0.04267122,-0.0916997,-0.02354489,0.03949242,-0.9947246,-4.58427,2.845428,0.04669727,0.06166066,-0.1059641,0.9924564,10,-5.7,0.4547898,12.41781,11,5.7,-18.04348,144.0397
16.61652,NaN,NaN,NaN,-4.618096,2.8401,0.04079023,-0.09202637,-0.02417354,0.04113868,-0.9946127,-4.609406,2.842834,0.04503883,0.06291296,-0.1075287,0.9922094,10,-5.7,0.7759222,10.13283,11,5.7,-17.72234,141.7547
16.63416,NaN,NaN,NaN,-4.622062,2.839744,0.03968982,-0.09287382,-0.02466989,0.04225131,-0.9944751,-4.617925,2.840819,0.04316556,0.06485508,-0.1104698,0.9917612,10,-5.7,1.009295,8.4723,11,5.7,-17.48897,140.0942
16.65826,NaN,NaN,NaN,-4.625638,2.839161,0.03739765,-0.09391856,-0.02585074,0.04526513,-0.9942144,-4.621103,2.840819,0.04316556,0.06485508,-0.1104698,0.9917612,10,-5.7,1.328093,6.203935,11,5.7,-17.17017,137.8258
16.67584,NaN,NaN,NaN,-4.622019,2.839041,0.03616458,-0.09331762,-0.02603617,0.04630316,-0.9942182,-4.621057,2.839278,0.04089496,0.07066226,-0.112787,0.9911034,10,-5.7,1.560801,4.548132,11,5.7,-16.93746,136.17
16.70013,NaN,NaN,NaN,-4.607337,2.839055,0.03357093,-0.09224149,-0.02662921,0.04764371,-0.9942397,-4.609278,2.838322,0.03830625,0.07306919,-0.1095123,0.9912961,10,-5.7,1.881773,2.264298,11,5.7,-16.61649,133.8862
16.71771,NaN,NaN,NaN,-4.594889,2.839109,0.03210314,-0.09173055,-0.02701184,0.04828671,-0.9942456,-4.598213,2.838322,0.03830625,0.07306919,-0.1095123,0.9912961,10,-5.7,2.11412,0.6110594,11,5.7,-16.38414,132.2329
16.74207,NaN,NaN,NaN,-4.562885,2.839716,0.02929158,-0.09055041,-0.02847458,0.04918297,-0.994269,-4.569102,2.838012,0.0354782,0.07388022,-0.1075364,0.9914523,11,5.7,-16.0619,129.9401,12,-5.7,-34.70324,262.5801
16.75946,NaN,NaN,NaN,-4.541332,2.840343,0.02795184,-0.08904591,-0.02952443,0.04942438,-0.9943624,-4.549943,2.838012,0.0354782,0.07388022,-0.1075364,0.9914523,11,5.7,-15.83233,128.3066,12,-5.7,-34.47366,260.9466
16.78369,NaN,NaN,NaN,-4.492728,2.841663,0.02520321,-0.08641502,-0.03176308,0.0500165,-0.9944959,-4.504268,2.838161,0.032303,0.07656733,-0.1030443,0.9917254,11,5.7,-15.51179,126.0258,12,-5.7,-34.15312,258.6658
16.80133,NaN,NaN,NaN,-4.463134,2.842534,0.02376089,-0.08539212,-0.03276949,0.04987082,-0.9945589,-4.473694,2.839024,0.02900174,0.08047245,-0.09912727,0.9918155,11,5.7,-15.27886,124.3684,12,-5.7,-33.92019,257.0085
16.82556,NaN,NaN,NaN,-4.398568,2.844349,0.02094314,-0.08385292,-0.0343263,0.04907945,-0.9946766,-4.416303,2.839024,0.02900174,0.08047245,-0.09912727,0.9918155,11,5.7,-14.95859,122.0896,12,-5.7,-33.59993,254.7296
16.84271,NaN,NaN,NaN,-4.360468,2.845494,0.01966237,-0.08288351,-0.03507965,0.04828856,-0.9947703,-4.376306,2.840435,0.02568172,0.07872808,-0.09666187,0.9921988,11,5.7,-14.73187,120.4764,12,-5.7,-33.37321,253.1164
16.86725,NaN,NaN,NaN,-4.277856,2.848225,0.01728254,-0.08030466,-0.03668561,0.04655231,-0.9950067,-4.295026,2.842394,0.02235228,0.08116892,-0.1108998,0.9905114,11,5.7,-14.40716,118.1659,12,-5.7,-33.04849,250.806
16.88446,NaN,NaN,NaN,-4.232666,2.849864,0.01614949,-0.07897139,-0.0373141,0.04603577,-0.995114,-4.254858,2.842394,0.02235228,0.08116892,-0.1108998,0.9905114,11,5.7,-14.17913,116.5434,12,-5.7,-32.82047,249.1835
16.90912,NaN,NaN,NaN,-4.137269,2.853353,0.01400251,-0.07714609,-0.03823505,0.04570736,-0.9952374,-4.160503,2.844988,0.01920357,0.08276163,-0.1055115,0.9909681,11,5.7,-13.85321,114.2244,12,-5.7,-32.49455,246.8645
16.92621,NaN,NaN,NaN,-4.084573,2.855461,0.01304464,-0.0764979,-0.03834689,0.04527201,-0.995303,-4.113662,2.844988,0.01920357,0.08276163,-0.1055115,0.9909681,11,5.7,-13.62776,112.6203,12,-5.7,-32.2691,245.2603
16.95081,NaN,NaN,NaN,-3.975322,2.859354,0.01113892,-0.07603192,-0.03893228,0.04506008,-0.9953256,-4.005337,2.848391,0.01634927,0.08499896,-0.1023334,0.991112,11,5.7,-13.30257,110.3064,12,-5.7,-31.94391,242.9464
16.9679,NaN,NaN,NaN,-3.916972,2.861846,0.01045613,-0.0755983,-0.03937082,0.04453909,-0.9953649,-3.940588,2.852661,0.01380338,0.08574557,-0.1012287,0.9911612,11,5.7,-13.07671,108.6993,12,-5.7,-31.71805,241.3394
16.99243,NaN,NaN,NaN,-3.797382,2.866513,0.009027462,-0.07490286,-0.0400137,0.04324276,-0.9954489,-3.834286,2.852661,0.01380338,0.08574557,-0.1012287,0.9911612,11,5.7,-12.75198,106.3887,12,-5.7,-31.39332,239.0288
17.0097,NaN,NaN,NaN,-3.7336,2.869129,0.008453826,-0.07492557,-0.0400303,0.04194947,-0.9955019,-3.763353,2.857521,0.01158199,0.08877913,-0.1008049,0.9909372,11,5.7,-12.52397,104.7663,12,-5.7,-31.16531,237.4064
17.03418,23.54116,-29.88472,301.5595,-3.602781,2.874181,0.007291648,-0.07498644,-0.04023322,0.03995011,-0.9955714,-3.631586,2.862953,0.0097702,0.08922633,-0.1075325,0.9901896,11,5.7,-12.20006,102.4616,12,-5.7,-30.8414,235.1017
17.05151,23.3847,-29.62356,299.1547,-3.535019,2.87653,0.006681576,-0.07493512,-0.04048882,0.0393956,-0.995587,-3.571353,2.862953,0.0097702,0.08922633,-0.1075325,0.9901896,11,5.7,-11.97073,100.8298,12,-5.7,-30.61207,233.4699
17.07593,NaN,NaN,NaN,-3.39589,2.881919,0.005659183,-0.07462225,-0.04095321,0.03717102,-0.9956771,-3.431117,2.86879,0.008192167,0.09209841,-0.1073934,0.9899417,11,5.7,-11.64765,98.53103,12,-5.7,-30.28899,231.1711
17.09326,NaN,NaN,NaN,-3.323086,2.884672,0.005248576,-0.07385835,-0.04089689,0.03516609,-0.9958091,-3.366402,2.86879,0.008192167,0.09209841,-0.1073934,0.9899417,11,5.7,-11.41852,96.90072,12,-5.7,-30.05986,229.5408
17.11774,NaN,NaN,NaN,-3.174472,2.889928,0.004460244,-0.07271906,-0.04073534,0.03124902,-0.9960302,-3.216722,2.874837,0.006770164,0.09421252,-0.1079708,0.9896799,11,5.7,-11.09525,94.60053,12,-5.7,-29.73659,227.2406
17.13501,NaN,NaN,NaN,-3.09676,2.892908,0.004342183,-0.07178182,-0.04055872,0.02964436,-0.9961544,-3.129053,2.881205,0.005617768,0.09729286,-0.1111099,0.9890342,11,5.7,-10.86693,92.97595,12,-5.7,-29.50827,225.616
17.15948,NaN,NaN,NaN,-2.940766,2.898055,0.003936387,-0.07025573,-0.03995831,0.02678045,-0.9963686,-2.990392,2.881205,0.005617768,0.09729286,-0.1111099,0.9890342,11,5.7,-10.54291,90.67039,12,-5.7,-29.18425,223.3104
17.17688,NaN,NaN,NaN,-2.860415,2.900443,0.003775959,-0.06984166,-0.03884153,0.02521294,-0.9964827,-2.899345,2.887847,0.004846811,0.0946148,-0.1084812,0.9895857,11,5.7,-10.31343,89.03756,12,-5.7,-28.95477,221.6776
17.20129,NaN,NaN,NaN,-2.697506,2.905337,0.003745821,-0.06852358,-0.03676425,0.02201428,-0.9967288,-2.734159,2.89411,0.00415343,0.09767792,-0.1128242,0.9888022,11,5.7,-9.990378,86.73895,12,-5.7,-28.63172,219.379
17.21875,NaN,NaN,NaN,-2.613902,2.907484,0.003813802,-0.06763069,-0.03558155,0.02068806,-0.9968611,-2.659844,2.89411,0.00415343,0.09767792,-0.1128242,0.9888022,11,5.7,-9.759552,85.09653,12,-5.7,-28.40089,217.7366
17.24298,NaN,NaN,NaN,-2.444881,2.911348,0.004022683,-0.06666216,-0.03324482,0.01858843,-0.9970484,-2.488463,2.900078,0.003766298,0.09537524,-0.1092822,0.9894246,11,5.7,-9.439153,82.81677,12,-5.7,-28.08049,215.4568
17.26068,NaN,NaN,NaN,-2.358167,2.912933,0.004236866,-0.06678752,-0.03189475,0.01735641,-0.9971063,-2.411383,2.900078,0.003766298,0.09537524,-0.1092822,0.9894246,11,5.7,-9.205141,81.1517,12,-5.7,-27.84648,213.7918
17.28467,23.29013,-28.50255,277.4809,-2.184365,2.916009,0.004722192,-0.06731411,-0.02925869,0.01504286,-0.9971893,-2.235073,2.905488,0.003737748,0.0910271,-0.1120062,0.9895296,11,5.7,-8.888097,78.89581,12,-5.7,-27.52944,211.5359
17.30249,NaN,NaN,NaN,-2.095556,2.917503,0.005177829,-0.06742556,-0.02798707,0.01425606,-0.9972298,-2.133659,2.910126,0.003998011,0.09964768,-0.1058925,0.9893721,11,5.7,-8.652606,77.22021,12,-5.7,-27.29395,209.8603
17.32672,NaN,NaN,NaN,-1.918244,2.919789,0.00609028,-0.06703714,-0.0258754,0.01371967,-0.9973206,-1.976048,2.910126,0.003998011,0.09964768,-0.1058925,0.9893721,11,5.7,-8.33217,74.94019,12,-5.7,-26.97351,207.5802
17.34436,24.16632,-28.15239,272.1763,-1.828523,2.920688,0.006606566,-0.06713849,-0.02501887,0.01381951,-0.9973342,-1.87323,2.914107,0.004575595,0.09462946,-0.1128977,0.9890901,11,5.7,-8.099352,73.28361,12,-5.7,-26.74069,205.9237
17.36823,23.5079,-27.30985,269.7103,-1.648729,2.922122,0.00755139,-0.06772057,-0.02320667,0.01347791,-0.9973434,-1.689939,2.917334,0.005475938,0.09244855,-0.1109008,0.9895223,11,5.7,-7.783246,71.03439,12,-5.7,-26.42459,203.6745
17.38586,23.37111,-27.04907,267.3834,-1.558051,2.922357,0.007918064,-0.06859495,-0.02239781,0.0134765,-0.9973021,-1.609336,2.917334,0.005475938,0.09244855,-0.1109008,0.9895223,11,5.7,-7.550511,69.3784,12,-5.7,-26.19185,202.0185
17.41003,22.59111,-27.0261,265.7919,-1.37811,2.923221,0.0093182,-0.06933484,-0.02112002,0.01333162,-0.9972808,-1.425525,2.919634,0.006310284,0.08943301,-0.1115118,0.9897307,11,5.7,-7.230953,67.10463,12,-5.7,-25.87229,199.7447
17.42816,22.66781,-27.02242,265.7592,-1.288501,2.923156,0.01011556,-0.06922591,-0.02064371,0.0129076,-0.9973039,-1.345872,2.919634,0.006310284,0.08943301,-0.1115118,0.9897307,11,5.7,-6.990695,65.39511,12,-5.7,-25.63204,198.0352
17.45178,23.48557,-27.01925,261.4632,-1.110539,2.922705,0.01181153,-0.06950914,-0.01969701,0.01248171,-0.9973088,-1.163809,2.921151,0.007645354,0.0932572,-0.113275,0.9891774,11,5.7,-6.678848,63.1762,12,-5.7,-25.32019,195.8163
17.4696,NaN,NaN,NaN,-1.022663,2.922372,0.01287826,-0.06929576,-0.01914016,0.01217124,-0.9973383,-1.061815,2.921872,0.009308919,0.1037926,-0.1207103,0.9872468,11,5.7,-6.443023,61.49822,12,-5.7,-25.08436,194.1383
17.49426,NaN,NaN,NaN,-0.8470834,2.921071,0.01483526,-0.06944635,-0.01767229,0.01145554,-0.9973633,-0.9057449,2.921872,0.009308919,0.1037926,-0.1207103,0.9872468,11,5.7,-6.117377,59.18113,12,-5.7,-24.75872,191.8212
17.51117,25.31852,-31.02873,255.602,-0.7579247,2.920393,0.01595655,-0.06976218,-0.01705543,0.01070568,-0.9973603,-0.8027223,2.921653,0.01123275,0.1007937,-0.1310039,0.9862447,11,5.7,-5.893422,57.5876,12,-5.7,-24.53476,190.2277
17.53534,25.1946,-30.89967,253.8755,-0.5833818,2.918935,0.01858352,-0.0700316,-0.01634473,0.009538169,-0.9973654,-0.623984,2.920582,0.01342125,0.1003041,-0.1313902,0.9862432,11,5.7,-5.574049,55.31515,12,-5.7,-24.21539,187.9552
17.55292,25.02808,-30.58183,251.4897,-0.4977523,2.917895,0.02005379,-0.07025257,-0.01622809,0.009695721,-0.9973502,-0.5478688,2.920582,0.01342125,0.1003041,-0.1313902,0.9862432,11,5.7,-5.341243,53.65865,12,-5.7,-23.98259,186.2987
17.57715,NaN,NaN,NaN,-0.3291237,2.9156,0.02296622,-0.07041045,-0.0153412,0.01016036,-0.9973484,-0.3746393,2.919164,0.01622547,0.103377,-0.1418361,0.9844774,11,5.7,-5.021148,51.38105,12,-5.7,-23.66249,184.0211
17.59515,NaN,NaN,NaN,-0.2458071,2.915049,0.02485987,-0.07002296,-0.01468839,0.01027554,-0.9973844,-0.3005801,2.919164,0.01622547,0.103377,-0.1418361,0.9844774,11,5.7,-4.783532,49.69033,12,-5.7,-23.42488,182.3304
17.61902,25.65563,-31.19698,245.7846,-0.08215413,2.912357,0.0278809,-0.06944852,-0.01378253,0.01069814,-0.9974329,-0.1320912,2.917122,0.01943906,0.103375,-0.1367528,0.9851965,11,5.7,-4.467407,47.44099,12,-5.7,-23.10875,180.081
17.63629,NaN,NaN,NaN,-0.002057556,2.911026,0.02941991,-0.07055752,-0.01351377,0.01129693,-0.9973522,-0.03819749,2.914797,0.02287638,0.1068784,-0.1363154,0.9848834,11,5.7,-4.238893,45.81503,12,-5.7,-22.88024,178.4551
17.66125,NaN,NaN,NaN,0.1530962,2.908273,0.03277233,-0.07061412,-0.01244635,0.01088098,-0.9973668,0.09971699,2.914797,0.02287638,0.1068784,-0.1363154,0.9848834,11,5.7,-3.908922,43.46716,12,-5.7,-22.55027,176.1072
17.67792,25.93282,-30.03997,240.7489,0.226959,2.906243,0.03425054,-0.07095758,-0.01167728,0.01083244,-0.9973522,0.1872696,2.912057,0.02669996,0.1053732,-0.1348684,0.9852446,11,5.7,-3.688931,41.90184,12,-5.7,-22.33027,174.5419
17.69507,25.80392,-29.79402,238.9522,0.2981198,2.904686,0.03583378,-0.07133949,-0.0107636,0.01148711,-0.9973279,0.2505237,2.912057,0.02669996,0.1053732,-0.1348684,0.9852446,11,5.7,-3.461746,40.28534,12,-5.7,-22.10309,172.9254
17.71637,25.62075,-29.09088,237.5588,0.4346147,2.900573,0.03876019,-0.07196967,-0.009189419,0.01426725,-0.9972624,0.3929024,2.908807,0.03064273,0.1046807,-0.1327799,0.9856021,11,5.7,-3.180485,38.28406,12,-5.7,-21.82183,170.9241
17.73352,24.9788,-28.83335,234.073,0.4965419,2.898344,0.04012933,-0.07277734,-0.008709481,0.01643266,-0.9971749,0.4678527,2.904896,0.03442156,0.103226,-0.1336633,0.9856361,11,5.7,-2.953988,36.67245,12,-5.7,-21.59533,169.3125
17.75037,24.85392,-28.60343,232.3776,0.5558088,2.896813,0.04180242,-0.072519,-0.00831281,0.01724322,-0.9971833,0.5205344,2.904896,0.03442156,0.103226,-0.1336633,0.9856361,11,5.7,-2.730659,35.08338,12,-5.7,-21.372,167.7234
17.77209,24.50741,-27.73203,231.2339,0.669531,2.893205,0.04521608,-0.07094315,-0.007138837,0.01726457,-0.9973054,0.6399117,2.900288,0.03792713,0.1018088,-0.1306647,0.9861855,11,5.7,-2.443928,33.04319,12,-5.7,-21.08527,165.6832
17.78943,24.32678,-27.4428,229.0509,0.7198502,2.891292,0.04688246,-0.07059397,-0.006761381,0.01765118,-0.9973261,0.6846398,2.900288,0.03792713,0.1018088,-0.1306647,0.9861855,11,5.7,-2.214453,31.41039,12,-5.7,-20.8558,164.0504
17.80609,NaN,NaN,NaN,0.7679249,2.889363,0.0484753,-0.0706545,-0.006304268,0.01823326,-0.9973143,0.7440129,2.895824,0.04173976,0.1043891,-0.1268273,0.9864166,11,5.7,-1.994114,29.8426,12,-5.7,-20.63546,162.4827
17.82849,NaN,NaN,NaN,0.8568277,2.885528,0.05176169,-0.07121477,-0.005306302,0.01804017,-0.9972838,0.8230376,2.895824,0.04173976,0.1043891,-0.1268273,0.9864166,11,5.7,-1.698353,27.73815,12,-5.7,-20.3397,160.3782
17.84497,NaN,NaN,NaN,0.896477,2.883414,0.05333816,-0.07121589,-0.004301928,0.01675756,-0.9973109,0.8730415,2.891382,0.0456989,0.1109554,-0.1257039,0.9858435,11,5.7,-1.480325,26.1868,12,-5.7,-20.12167,158.8269
17.86267,NaN,NaN,NaN,0.9345452,2.881734,0.05501109,-0.07126451,-0.003314274,0.01446922,-0.9973471,0.9068799,2.891382,0.0456989,0.1109554,-0.1257039,0.9858435,11,5.7,-1.246323,24.52179,12,-5.7,-19.88767,157.1618
17.88348,NaN,NaN,NaN,1.004614,2.878734,0.05845547,-0.07042847,-0.001479132,0.01098243,-0.9974552,0.9820639,2.886824,0.04963421,0.1093431,-0.1228052,0.9863889,11,5.7,-0.9708778,22.56189,12,-5.7,-19.61222,155.202
17.90106,24.36823,-23.21698,219.6098,1.034824,2.87671,0.05993961,-0.0701992,-0.0009344351,0.01011187,-0.9974813,1.020073,2.882354,0.05356667,0.1050151,-0.1173893,0.9875179,11,5.7,-0.7388834,20.91117,12,-5.7,-19.38023,153.5512
17.92529,24.22026,-22.99802,217.7679,1.08872,2.872507,0.06254566,-0.07274047,-0.0004326906,0.00831814,-0.9973161,1.067982,2.882354,0.05356667,0.1050151,-0.1173893,0.9875179,11,5.7,-0.4184974,18.6315,12,-5.7,-19.05984,151.2716
17.94293,NaN,NaN,NaN,1.111958,2.871224,0.0640185,-0.07301372,-9.900331E-05,0.006382187,-0.9973105,1.09815,2.878123,0.0574768,-0.001089827,-0.1129635,0.9935986,11,5.7,-0.1851527,16.97117,12,-5.7,-18.8265,149.6112
17.96704,NaN,NaN,NaN,1.1523,2.867553,0.06649562,-0.07292203,0.0003199717,0.003266346,-0.9973323,1.141982,2.873704,0.06104484,-0.01547091,-0.1116457,0.9936277,11,5.7,0.1341032,14.69955,12,-5.7,-18.50724,147.3396
17.98462,NaN,NaN,NaN,1.167263,2.866117,0.06779984,-0.07220154,0.0003704391,0.002359698,-0.9973872,1.155283,2.873704,0.06104484,-0.01547091,-0.1116457,0.9936277,11,5.7,0.366048,13.04917,12,-5.7,-18.2753,145.6892
18.00879,NaN,NaN,NaN,1.19241,2.86324,0.07039308,-0.0706056,0.00101216,0.0006060303,-0.9975036,1.183981,2.869379,0.06421582,-0.01875476,-0.1127129,0.9934506,11,5.7,0.6860876,10.77197,12,-5.7,-17.95526,143.412
18.02679,NaN,NaN,NaN,1.200978,2.861993,0.07160193,-0.07076798,0.001781225,-0.000966717,-0.9974908,1.191597,2.869379,0.06421582,-0.01875476,-0.1127129,0.9934506,11,5.7,0.9235268,9.082506,12,-5.7,-17.71782,141.7225
18.05048,NaN,NaN,NaN,1.212498,2.859288,0.0738702,-0.07178811,0.002540807,-0.003235513,-0.9974114,1.20677,2.865529,0.06737284,-0.01990524,-0.1112752,0.9935903,11,5.7,1.236651,6.854514,12,-5.7,-17.40469,139.4946
18.06799,NaN,NaN,NaN,1.213448,2.858185,0.07504346,-0.07194027,0.002416132,-0.00433087,-0.9973966,1.211008,2.862101,0.07040749,-0.02380646,-0.108098,0.9938552,11,5.7,1.468519,5.204685,12,-5.7,-17.17282,137.8447
18.09229,NaN,NaN,NaN,1.208762,2.856105,0.07736132,-0.07138756,0.002756151,-0.006717983,-0.9974223,1.206843,2.862101,0.07040749,-0.02380646,-0.108098,0.9938552,11,5.7,1.790042,2.916932,12,-5.7,-16.8513,135.557
18.10992,NaN,NaN,NaN,1.201441,2.855111,0.0784082,-0.07175726,0.003518393,-0.008287889,-0.9973816,1.202183,2.858977,0.07329836,-0.02273891,-0.1086631,0.9938185,11,5.7,2.022861,1.260341,12,-5.7,-16.61848,133.9004
18.13409,NaN,NaN,NaN,1.182677,2.853661,0.08017758,-0.07356277,0.004772606,-0.01110974,-0.9972174,1.185718,2.856274,0.07610132,-0.03040865,-0.1212356,0.9921579,12,-5.7,-16.29857,131.6241,13,5.7,-34.6787,262.4055
18.15167,NaN,NaN,NaN,1.1696,2.85296,0.08088726,-0.07449896,0.005386421,-0.01237363,-0.9971298,1.174094,2.856274,0.07610132,-0.03040865,-0.1212356,0.9921579,12,-5.7,-16.06654,129.9731,13,5.7,-34.44667,260.7545
18.17578,NaN,NaN,NaN,1.135563,2.851869,0.0821916,-0.07546491,0.006524214,-0.01373532,-0.9970326,1.142457,2.853971,0.07851581,-0.05522885,-0.12881,0.9901302,12,-5.7,-15.74744,127.7026,13,5.7,-34.12757,258.4841
18.19354,NaN,NaN,NaN,1.114492,2.851381,0.08277181,-0.07524287,0.007296452,-0.01374372,-0.9970438,1.123727,2.853971,0.07851581,-0.05522885,-0.12881,0.9901302,12,-5.7,-15.51266,126.0321,13,5.7,-33.8928,256.8136
18.21759,-20.46649,-43.67572,349.2829,1.065619,2.850569,0.08370787,-0.07557323,0.008247566,-0.01289486,-0.9970228,1.077365,2.852079,0.0804826,-0.06104,-0.1318268,0.9893916,12,-5.7,-15.19471,123.7697,13,5.7,-33.57484,254.5512
18.23517,-21.30149,-42.62486,347.0311,1.036108,2.850387,0.0840172,-0.07663456,0.00865716,-0.01188391,-0.9969509,1.04666,2.85073,0.0821041,-0.06373723,-0.129697,0.9895031,12,-5.7,-14.96253,122.1177,13,5.7,-33.34267,252.8992
18.2594,-21.25357,-42.4076,345.3735,0.9699044,2.850543,0.08466294,-0.07752915,0.01001192,-0.01078453,-0.9968815,0.9878129,2.85073,0.0821041,-0.06373723,-0.129697,0.9895031,12,-5.7,-14.64217,119.8382,13,5.7,-33.0223,250.6197
18.27679,-20.9653,-41.99305,343.1986,0.9297797,2.850923,0.08500852,-0.07626918,0.01083358,-0.009733481,-0.9969809,0.9460658,2.849829,0.08329828,-0.06319501,-0.1293322,0.9895856,12,-5.7,-14.41199,118.2004,13,5.7,-32.79213,248.9819
18.30133,-21.10666,-41.27168,341.0547,0.8443281,2.852042,0.08563161,-0.07454576,0.01271578,-0.008731875,-0.9970983,0.862188,2.849558,0.08420426,-0.06376757,-0.1280679,0.9897133,12,-5.7,-14.088,115.895,13,5.7,-32.46813,246.6765
18.3186,NaN,NaN,NaN,0.7980135,2.85299,0.08581613,-0.07494961,0.01395266,-0.009479322,-0.9970446,0.8210194,2.849558,0.08420426,-0.06376757,-0.1280679,0.9897133,12,-5.7,-13.85929,114.2677,13,5.7,-32.23943,245.0492
18.34302,-22.36355,-39.08477,336.8934,0.6997982,2.855228,0.08614549,-0.07591221,0.01615011,-0.01042532,-0.9969292,0.7238089,2.850196,0.08499812,-0.06786542,-0.1232681,0.9900501,12,-5.7,-13.53674,111.9726,13,5.7,-31.91687,242.7541
18.36047,-22.25784,-38.80603,334.6543,0.6460341,2.856656,0.08621841,-0.07629766,0.01645258,-0.009716319,-0.996902,0.6760185,2.850196,0.08499812,-0.06786542,-0.1232681,0.9900501,12,-5.7,-13.30554,110.3276,13,5.7,-31.68568,241.1091
18.38464,NaN,NaN,NaN,0.5359843,2.860308,0.08634359,-0.07640355,0.01780052,-0.01021982,-0.9968657,0.5665663,2.851815,0.08557637,-0.0380353,-0.1198424,0.9920641,12,-5.7,-12.9862,108.0553,13,5.7,-31.36633,238.8368
18.40216,NaN,NaN,NaN,0.4774336,2.862392,0.08624054,-0.07685212,0.01839372,-0.01080365,-0.9968144,0.5014211,2.854523,0.08598083,0.01826263,-0.1144799,0.9932577,12,-5.7,-12.75485,106.4093,13,5.7,-31.13499,237.1907
18.42664,NaN,NaN,NaN,0.3590404,2.867016,0.08585471,-0.07885608,0.01922271,-0.01015155,-0.996649,0.3961827,2.854523,0.08598083,0.01826263,-0.1144799,0.9932577,12,-5.7,-12.43085,104.1039,13,5.7,-30.81099,234.8853
18.44354,NaN,NaN,NaN,0.2962406,2.869509,0.08555107,-0.08015884,0.01904524,-0.008206685,-0.9965664,0.3261451,2.858412,0.08613028,0.02284696,-0.1140323,0.9932143,12,-5.7,-12.20722,102.5126,13,5.7,-30.58735,233.2941
18.4682,NaN,NaN,NaN,0.1659484,2.87466,0.08460319,-0.08137783,0.01879662,-0.004441193,-0.9964962,0.1949196,2.863384,0.08591007,0.0208328,-0.1172362,0.9928855,12,-5.7,-11.88143,100.1945,13,5.7,-30.26156,230.976
18.48535,NaN,NaN,NaN,0.09855157,2.877386,0.08395883,-0.0816925,0.01870481,-0.002708656,-0.9964784,0.1350113,2.863384,0.08591007,0.0208328,-0.1172362,0.9928855,12,-5.7,-11.65498,98.58327,13,5.7,-30.03512,229.3647
18.50226,NaN,NaN,NaN,0.02857087,2.880042,0.08322448,-0.08164933,0.0185682,-0.001494453,-0.9964871,0.05630535,2.869102,0.08516339,0.02231827,-0.1208057,0.9924253,12,-5.7,-11.43117,96.99076,13,5.7,-29.81131,227.7722
18.5238,NaN,NaN,NaN,-0.1139054,2.885483,0.0817894,-0.08104847,0.01827073,0.001421795,-0.9965417,-0.07034025,2.869102,0.08516339,0.02231827,-0.1208057,0.9924253,12,-5.7,-11.1466,94.96593,13,5.7,-29.52674,225.7474
18.54108,NaN,NaN,NaN,-0.1878417,2.887789,0.08079675,-0.08123285,0.01783257,0.00324137,-0.9965304,-0.1535964,2.875297,0.0838809,0.02361262,-0.1244923,0.9919396,12,-5.7,-10.91764,93.3368,13,5.7,-29.29778,224.1183
18.55786,NaN,NaN,NaN,-0.2625806,2.890155,0.07980784,-0.08173206,0.01719172,0.004707212,-0.9964949,-0.220031,2.875297,0.0838809,0.02361262,-0.1244923,0.9919396,12,-5.7,-10.69638,91.76247,13,5.7,-29.07652,222.5439
18.57959,NaN,NaN,NaN,-0.4143155,2.894793,0.07784732,-0.08258445,0.01536118,0.007993013,-0.9964336,-0.3734774,2.881697,0.08228339,0.02476519,-0.1308678,0.9910905,12,-5.7,-10.40841,89.71344,13,5.7,-28.78854,220.4949
18.59711,NaN,NaN,NaN,-0.4929241,2.897097,0.07688637,-0.0825742,0.01460337,0.008700226,-0.9964399,-0.4433517,2.881697,0.08228339,0.02476519,-0.1308678,0.9910905,12,-5.7,-10.17755,88.07077,13,5.7,-28.55768,218.8522
18.62146,NaN,NaN,NaN,-0.6515187,2.901118,0.07484198,-0.08154748,0.0138642,0.01063726,-0.9965163,-0.6037845,2.887745,0.08031856,0.02606229,-0.1267144,0.9915968,12,-5.7,-9.855557,85.77969,13,5.7,-28.23569,216.5611
18.63849,NaN,NaN,NaN,-0.7316944,2.902492,0.0736559,-0.08211718,0.01375156,0.01117375,-0.9964652,-0.6952296,2.893394,0.07799871,-0.003364848,-0.1239916,0.9922776,12,-5.7,-9.629726,84.17281,13,5.7,-28.00986,214.9543
18.65509,NaN,NaN,NaN,-0.8106871,2.903917,0.07249907,-0.08273721,0.01361593,0.01165508,-0.9964103,-0.7654454,2.893394,0.07799871,-0.003364848,-0.1239916,0.9922776,12,-5.7,-9.41041,82.6123,13,5.7,-27.79054,213.3938
18.67694,NaN,NaN,NaN,-0.9698958,2.906329,0.07021812,-0.08324924,0.01277252,0.01203944,-0.9963742,-0.9277271,2.898264,0.07540435,-0.04291146,-0.1220508,0.9915957,12,-5.7,-9.121828,80.55893,13,5.7,-27.50196,211.3404
18.69446,NaN,NaN,NaN,-1.050278,2.907063,0.06906618,-0.08385318,0.01233098,0.01238598,-0.9963248,-0.9991781,2.898264,0.07540435,-0.04291146,-0.1220508,0.9915957,12,-5.7,-8.889983,78.90926,13,5.7,-27.27011,209.6907
18.71875,NaN,NaN,NaN,-1.210304,2.90822,0.06683992,-0.08400376,0.01173687,0.0132295,-0.9963085,-1.162541,2.902172,0.07271467,-0.04552028,-0.1230392,0.9913573,12,-5.7,-8.568645,76.62282,13,5.7,-26.94878,207.4043
18.73596,NaN,NaN,NaN,-1.289481,2.908088,0.06568174,-0.08411529,0.01157965,0.01369032,-0.9962948,-1.25419,2.90505,0.07007092,-0.0477499,-0.1263653,0.9908339,12,-5.7,-8.341305,75.00521,13,5.7,-26.72144,205.7867
18.76099,NaN,NaN,NaN,-1.447387,2.907954,0.06371646,-0.08378225,0.01111149,0.01508592,-0.996308,-1.394551,2.90505,0.07007092,-0.0477499,-0.1263653,0.9908339,12,-5.7,-8.010303,72.65002,13,5.7,-26.39043,203.4315
18.77777,NaN,NaN,NaN,-1.525098,2.907817,0.06291094,-0.08275042,0.01064951,0.01553636,-0.9963923,-1.484856,2.906634,0.06742384,-0.04838778,-0.1329294,0.9899436,12,-5.7,-7.788888,71.07456,13,5.7,-26.16902,201.856
18.7951,NaN,NaN,NaN,-1.60068,2.907576,0.0621731,-0.08156822,0.01030541,0.01517289,-0.9964991,-1.552041,2.906634,0.06742384,-0.04838778,-0.1329294,0.9899436,12,-5.7,-7.559463,69.44212,13,5.7,-25.93959,200.2236
18.81622,NaN,NaN,NaN,-1.752097,2.905753,0.06047247,-0.08131545,0.009344123,0.01587478,-0.9965182,-1.707788,2.907022,0.06487033,-0.04711366,-0.1320971,0.9901165,12,-5.7,-7.279782,67.45209,13,5.7,-25.65991,198.2335
18.8335,NaN,NaN,NaN,-1.825788,2.905581,0.06006804,-0.08099606,0.009180519,0.01537982,-0.9965535,-1.794017,2.906592,0.06277025,-0.04604566,-0.1313158,0.9902706,12,-5.7,-7.05212,65.83218,13,5.7,-25.43225,196.6136
18.85797,NaN,NaN,NaN,-1.972595,2.903384,0.05878561,-0.07875674,0.00865583,0.01684788,-0.996714,-1.924512,2.906592,0.06277025,-0.04604566,-0.1313158,0.9902706,12,-5.7,-6.728107,63.52671,13,5.7,-25.10824,194.3082
18.87537,NaN,NaN,NaN,-2.044633,2.901832,0.05799475,-0.0794189,0.007837526,0.01884323,-0.9966324,-2.008741,2.905329,0.06090209,-0.04559164,-0.1287025,0.9906347,12,-5.7,-6.498088,61.89004,13,5.7,-24.87822,192.6715
18.8999,NaN,NaN,NaN,-2.187747,2.899389,0.05673482,-0.08059167,0.005946115,0.02185066,-0.99649,-2.15567,2.903314,0.05926798,-0.04702433,-0.128258,0.9906253,12,-5.7,-6.173577,59.58102,13,5.7,-24.55371,190.3625
18.9173,NaN,NaN,NaN,-2.258017,2.898077,0.05606257,-0.08132583,0.005468805,0.0224545,-0.9964196,-2.218132,2.903314,0.05926798,-0.04702433,-0.128258,0.9906253,12,-5.7,-5.943533,57.94418,13,5.7,-24.32366,188.7256
18.94177,NaN,NaN,NaN,-2.395431,2.895277,0.05468042,-0.08159138,0.00534209,0.02171349,-0.996415,-2.359563,2.900545,0.0576817,-0.04426116,-0.1305129,0.9904581,12,-5.7,-5.620352,55.64462,13,5.7,-24.00048,186.4261
18.95911,NaN,NaN,NaN,-2.463042,2.893605,0.05384026,-0.08200011,0.004676307,0.0221052,-0.9963762,-2.419662,2.900545,0.0576817,-0.04426116,-0.1305129,0.9904581,12,-5.7,-5.391267,54.0146,13,5.7,-23.7714,184.796
18.9834,NaN,NaN,NaN,-2.595961,2.889325,0.05173663,-0.08429161,0.002985093,0.02439577,-0.996138,-2.556657,2.897365,0.05608239,-0.04623669,-0.1315876,0.9902257,12,-5.7,-5.069971,51.72846,13,5.7,-23.4501,182.5099
19.00073,-20.5493,-44.82275,354.0102,-2.659623,2.887305,0.05057921,-0.08644167,0.002210892,0.02483309,-0.9959449,-2.631584,2.893751,0.05438838,-0.05010453,-0.1334329,0.9897905,12,-5.7,-4.840912,50.09862,13,5.7,-23.22104,180.8801
19.02521,-20.57462,-44.59991,352.3572,-2.782244,2.884316,0.0487502,-0.08803555,0.001599248,0.02321639,-0.9958454,-2.74058,2.893751,0.05438838,-0.05010453,-0.1334329,0.9897905,12,-5.7,-4.517082,47.79445,13,5.7,-22.89721,178.5759
19.04327,NaN,NaN,NaN,-2.841059,2.88234,0.04783233,-0.08725581,0.001171798,0.02249961,-0.9959311,-2.810581,2.889304,0.05207817,-0.04856167,-0.1383528,0.9891918,12,-5.7,-4.27793,46.0928,13,5.7,-22.65806,176.8742
19.06702,NaN,NaN,NaN,-2.955749,2.878059,0.04579798,-0.08707022,-0.0008269101,0.02431364,-0.9959052,-2.929376,2.884922,0.04971528,-0.04804665,-0.136309,0.9895006,12,-5.7,-3.964113,43.85987,13,5.7,-22.34424,174.6413
19.08447,NaN,NaN,NaN,-3.00986,2.876505,0.04486644,-0.08710394,-0.00185453,0.02577641,-0.995864,-2.977474,2.884922,0.04971528,-0.04804665,-0.136309,0.9895006,12,-5.7,-3.733822,42.22127,13,5.7,-22.11395,173.0027
19.1087,-22.64818,-45.58304,344.6689,-3.114925,2.872983,0.04296625,-0.08718105,-0.002862146,0.026815,-0.9958274,-3.086771,2.88037,0.04734695,-0.05612033,-0.1390382,0.9886956,12,-5.7,-3.412831,39.9373,13,5.7,-21.79296,170.7187
19.12622,-22.69145,-45.58013,344.6482,-3.164931,2.871056,0.0420365,-0.08716442,-0.002778878,0.0274732,-0.9958112,-3.13122,2.88037,0.04734695,-0.05612033,-0.1390382,0.9886956,12,-5.7,-3.181234,38.2894,13,5.7,-21.56137,169.0708
19.15051,NaN,NaN,NaN,-3.262564,2.866918,0.04009091,-0.08747102,-0.00367395,0.03064623,-0.9956889,-3.232934,2.875971,0.04501809,-0.05288155,-0.1393875,0.9888248,12,-5.7,-2.860053,36.00408,13,5.7,-21.24018,166.7855
19.16791,NaN,NaN,NaN,-3.308176,2.864977,0.03913476,-0.08811378,-0.004227713,0.03257562,-0.9955688,-3.287507,2.871546,0.04277098,-0.05094631,-0.1398138,0.9888663,12,-5.7,-2.630635,34.37169,13,5.7,-21.01077,165.1531
19.19238,NaN,NaN,NaN,-3.395496,2.861444,0.03748574,-0.08818759,-0.004272759,0.03303507,-0.9955468,-3.365125,2.871546,0.04277098,-0.05094631,-0.1398138,0.9888663,12,-5.7,-2.307036,32.06916,13,5.7,-20.68717,162.8506
19.20966,NaN,NaN,NaN,-3.435952,2.859569,0.03666453,-0.08757152,-0.003550809,0.03242604,-0.9956241,-3.414178,2.866889,0.04045288,-0.04779292,-0.1457547,0.9881657,12,-5.7,-2.078415,30.44243,13,5.7,-20.45855,161.2239
19.23401,-12.85,-22.66088,163.3481,-3.510913,2.855201,0.03476891,-0.08695313,-0.00318807,0.03350271,-0.9956439,-3.492926,2.86236,0.0382928,-0.0565188,-0.154166,0.9864271,12,-5.7,-1.756223,28.14992,13,5.7,-20.13635,158.9314
19.25165,-12.85,-22.5827,162.8478,-3.543158,2.853358,0.0338567,-0.08740661,-0.003392104,0.03397217,-0.9955875,-3.521588,2.86236,0.0382928,-0.0565188,-0.154166,0.9864271,12,-5.7,-1.523096,26.49113,13,5.7,-19.90322,157.2726
19.27588,-11.94865,-21.55449,153.7272,-3.601417,2.850171,0.03229941,-0.0870655,-0.003682997,0.03426647,-0.9956062,-3.584316,2.857674,0.03616441,-0.05367176,-0.1566465,0.9861953,12,-5.7,-1.20313,24.21446,13,5.7,-19.58326,154.9959
19.29327,-11.97006,-21.55448,153.7271,-3.625507,2.848441,0.03146604,-0.08643317,-0.003772341,0.03424405,-0.9956619,-3.60573,2.857674,0.03616441,-0.05367176,-0.1566465,0.9861953,12,-5.7,-0.9729987,22.57699,13,5.7,-19.35313,153.3584
19.3175,-12.85,-20.64921,147.6353,-3.666281,2.845049,0.0297608,-0.08558916,-0.00395645,0.03480911,-0.9957144,-3.65144,2.853085,0.03404526,-0.0614288,-0.1569504,0.9856942,12,-5.7,-0.6525433,20.29683,13,5.7,-19.03267,151.0783
19.33472,-12.85,-23.8238,169.9702,-3.679586,2.843565,0.0289526,-0.08536922,-0.003905604,0.03516691,-0.9957209,-3.671033,2.848851,0.03202153,-0.05328451,-0.1548365,0.9865021,12,-5.7,-0.4251406,18.67878,13,5.7,-18.80527,149.4602
19.35931,-12.85,-23.77491,169.6587,-3.698512,2.841319,0.0274751,-0.08517818,-0.004419995,0.03662656,-0.9956825,-3.687857,2.848851,0.03202153,-0.05328451,-0.1548365,0.9865021,12,-5.7,-0.09938896,16.36093,13,5.7,-18.47952,147.1424
19.37646,NaN,NaN,NaN,-3.701974,2.840294,0.0267486,-0.08543724,-0.004976915,0.03824409,-0.9955969,-3.696702,2.84493,0.03006712,0.000451504,-0.1263778,0.9919821,12,-5.7,0.1270621,14.74965,13,5.7,-18.25307,145.5311
19.39349,NaN,NaN,NaN,-3.702909,2.839149,0.02585761,-0.08622523,-0.005974967,0.04040925,-0.9954379,-3.697533,2.84493,0.03006712,0.000451504,-0.1263778,0.9919821,12,-5.7,0.3521517,13.14805,13,5.7,-18.02798,143.9295
19.41504,21.55439,-45.86095,394.5545,-3.696449,2.837333,0.02408814,-0.08727214,-0.008052355,0.04391741,-0.9951834,-3.695467,2.841837,0.02841435,0.06339059,-0.1222699,0.9904705,12,-5.7,0.6369727,11.12145,13,5.7,-17.74315,141.9029
19.43231,22.82587,-44.16699,391.9589,-3.687382,2.836775,0.02327422,-0.08732737,-0.009265834,0.04472247,-0.9951322,-3.68892,2.838982,0.02638533,0.06701903,-0.1188127,0.9906523,12,-5.7,0.8652037,9.4975,13,5.7,-17.51492,140.2789
19.45703,22.74,-43.9747,390.3556,-3.661958,2.835691,0.02150192,-0.08661604,-0.01113165,0.04593678,-0.9951199,-3.666322,2.838982,0.02638533,0.06701903,-0.1188127,0.9906523,12,-5.7,1.192003,7.172204,13,5.7,-17.18812,137.9536
19.47406,NaN,NaN,NaN,-3.643273,2.835099,0.02048669,-0.08654937,-0.01214935,0.04698694,-0.9950647,-3.649152,2.836668,0.02423552,0.07128047,-0.1182293,0.9904246,12,-5.7,1.417585,5.5671,13,5.7,-16.96254,136.3485
19.49854,NaN,NaN,NaN,-3.599541,2.83453,0.01849541,-0.0870322,-0.01407741,0.04862477,-0.9949186,-3.607706,2.835044,0.02208789,0.0749847,-0.1172701,0.9902651,12,-5.7,1.741284,3.263863,13,5.7,-16.63884,134.0453
19.51581,NaN,NaN,NaN,-3.571556,2.834624,0.01752838,-0.08696308,-0.01478323,0.0481378,-0.9949381,-3.58283,2.835044,0.02208789,0.0749847,-0.1172701,0.9902651,12,-5.7,1.968996,1.643609,13,5.7,-16.41113,132.425
19.53253,NaN,NaN,NaN,-3.541053,2.834711,0.01662147,-0.08625267,-0.01544466,0.04756528,-0.9950173,-3.555716,2.835044,0.02208789,0.0749847,-0.1172701,0.9902651,12,-5.7,2.190355,0.06855965,13,5.7,-16.18977,130.85
19.5545,NaN,NaN,NaN,-3.472342,2.835239,0.01489396,-0.08385999,-0.01712835,0.04698726,-0.9952218,-3.490111,2.83402,0.01986253,0.07721348,-0.1177722,0.9900343,13,5.7,-15.89917,128.7823,14,-5.7,-34.43444,260.6675
19.57153,23.69971,-42.26855,378.8421,-3.431957,2.83577,0.0140341,-0.0821065,-0.01793296,0.04721892,-0.9953428,-3.44772,2.833697,0.01760009,0.07098024,-0.1179253,0.9904824,13,5.7,-15.67395,127.1798,14,-5.7,-34.20922,259.0649
19.59631,23.66206,-42.07626,377.2271,-3.344109,2.836914,0.01239441,-0.07985813,-0.01941464,0.04769949,-0.9954751,-3.369632,2.833697,0.01760009,0.07098024,-0.1179253,0.9904824,13,5.7,-15.34624,124.8479,14,-5.7,-33.8815,256.7331
19.61322,24.2593,-40.63467,376.137,-3.294356,2.837776,0.01176916,-0.07862916,-0.02016052,0.04810643,-0.9955385,-3.316858,2.834085,0.01542391,0.07263993,-0.1145035,0.9907635,13,5.7,-15.12316,123.2607,14,-5.7,-33.65842,255.1458
19.63043,24.13296,-40.3615,373.7735,-3.241541,2.838714,0.01126446,-0.07686318,-0.02091323,0.0481364,-0.9956594,-3.269911,2.834085,0.01542391,0.07263993,-0.1145035,0.9907635,13,5.7,-14.89542,121.6402,14,-5.7,-33.43068,253.5254
19.65161,NaN,NaN,NaN,-3.129197,2.840626,0.01048191,-0.07341499,-0.02218161,0.04714403,-0.9959396,-3.159536,2.835205,0.01339436,0.07615861,-0.1119542,0.9907907,13,5.7,-14.61549,119.6484,14,-5.7,-33.15076,251.5336
19.66901,NaN,NaN,NaN,-3.06716,2.842049,0.01030183,-0.07233758,-0.02240874,0.04626006,-0.9960548,-3.091865,2.836898,0.0117493,0.07701793,-0.1108489,0.9908485,13,5.7,-14.38556,118.0124,14,-5.7,-32.92083,249.8976
19.69373,NaN,NaN,NaN,-2.93806,2.84529,0.01002393,-0.07148048,-0.02351237,0.04605773,-0.9961006,-2.977109,2.836898,0.0117493,0.07701793,-0.1108489,0.9908485,13,5.7,-14.05808,115.6822,14,-5.7,-32.59335,247.5674
19.71075,NaN,NaN,NaN,-2.869526,2.847507,0.01007725,-0.07143912,-0.0247415,0.04767172,-0.9959979,-2.9017,2.839258,0.01062249,0.07964521,-0.1051301,0.991264,13,5.7,-13.83359,114.0849,14,-5.7,-32.36886,245.9701
19.73517,NaN,NaN,NaN,-2.729341,2.851647,0.01014013,-0.06933125,-0.02785045,0.05068688,-0.9959159,-2.760831,2.842596,0.01002936,0.08335152,-0.1024934,0.9912354,13,5.7,-13.51033,111.7848,14,-5.7,-32.04559,243.6699
19.75262,NaN,NaN,NaN,-2.655505,2.853968,0.01015625,-0.06981177,-0.02936203,0.05097345,-0.9958243,-2.695199,2.842596,0.01002936,0.08335152,-0.1024934,0.9912354,13,5.7,-13.27986,110.1449,14,-5.7,-31.81512,242.03
19.77698,22.42193,-28.92314,280.9841,-2.502922,2.859322,0.0103183,-0.07030479,-0.03104328,0.04958515,-0.9958087,-2.541795,2.847035,0.009956643,0.08794241,-0.1119202,0.9898182,13,5.7,-12.95809,107.8554,14,-5.7,-31.49335,239.7405
19.79492,22.29211,-28.66879,278.7346,-2.424124,2.862199,0.01040466,-0.07123794,-0.03165967,0.0492248,-0.9957408,-2.471753,2.847035,0.009956643,0.08794241,-0.1119202,0.9898182,13,5.7,-12.72067,106.1661,14,-5.7,-31.25594,238.0512
19.81879,23.89029,-28.42376,277.6631,-2.263458,2.868525,0.01081602,-0.07261242,-0.03279711,0.04800255,-0.9956644,-2.309731,2.852429,0.01004031,0.09335984,-0.111448,0.9893752,13,5.7,-12.40463,103.9173,14,-5.7,-30.93989,235.8024
19.8363,21.5656,-28.62481,275.4305,-2.180848,2.871357,0.0109059,-0.07301933,-0.03302579,0.04698308,-0.9956757,-2.216216,2.858617,0.01024586,0.08547472,-0.1131553,0.9898939,13,5.7,-12.17306,102.2696,14,-5.7,-30.70833,234.1548
19.86121,21.57003,-28.43058,273.7313,-2.010798,2.877655,0.01099677,-0.07444694,-0.03295735,0.04442403,-0.9956897,-2.06506,2.858617,0.01024586,0.08547472,-0.1131553,0.9898939,13,5.7,-11.84424,99.92994,14,-5.7,-30.37951,231.8151
19.87811,21.5093,-28.99833,271.6491,-1.922621,2.881448,0.01120039,-0.07438193,-0.03272413,0.0427496,-0.9957755,-1.965584,2.865462,0.01047744,0.08551663,-0.1160766,0.989552,13,5.7,-11.62067,98.33911,14,-5.7,-30.15594,230.2243
19.90253,21.70476,-29.19301,270.2336,-1.744285,2.887927,0.01137296,-0.07480502,-0.03233772,0.03965549,-0.9958845,-1.784996,2.872899,0.0107403,0.08600193,-0.1174014,0.9893537,13,5.7,-11.29755,96.03999,14,-5.7,-29.83281,227.9252
19.91986,21.61756,-28.96136,268.2813,-1.65148,2.891373,0.01153625,-0.07478995,-0.03188863,0.03740308,-0.9959873,-1.702502,2.872899,0.0107403,0.08600193,-0.1174014,0.9893537,13,5.7,-11.06899,94.41374,14,-5.7,-29.60426,226.2989
19.94415,NaN,NaN,NaN,-1.460572,2.898081,0.0117097,-0.07420468,-0.0313985,0.03345025,-0.9961872,-1.509697,2.880894,0.01100948,0.0831691,-0.1193538,0.9893622,13,5.7,-10.74766,92.12732,14,-5.7,-29.28292,224.0125
19.96191,NaN,NaN,NaN,-1.363618,2.901314,0.01192579,-0.0742268,-0.03134106,0.0321675,-0.9962296,-1.423516,2.880894,0.01100948,0.0831691,-0.1193538,0.9893622,13,5.7,-10.51257,90.45461,14,-5.7,-29.04784,222.3398
19.9859,NaN,NaN,NaN,-1.168732,2.907896,0.01268518,-0.07349054,-0.03068654,0.02892243,-0.9964041,-1.225987,2.88902,0.01114814,0.08200713,-0.1203266,0.9893413,13,5.7,-10.19514,88.19594,14,-5.7,-28.73041,220.0811
20.00323,NaN,NaN,NaN,-1.069795,2.910891,0.01315927,-0.07275007,-0.02993125,0.0275107,-0.9965214,-1.113049,2.897016,0.01164553,0.08143611,-0.1194495,0.9894948,13,5.7,-9.965918,86.56496,14,-5.7,-28.50119,218.4501
20.02844,NaN,NaN,NaN,-0.8725194,2.916147,0.01406664,-0.07111811,-0.0285251,0.0258202,-0.9967256,-0.9376923,2.897016,0.01164553,0.08143611,-0.1194495,0.9894948,13,5.7,-9.632772,84.19451,14,-5.7,-28.16804,216.0797
20.04498,NaN,NaN,NaN,-0.7737546,2.918274,0.01468154,-0.07102217,-0.02764659,0.02548035,-0.9967659,-0.8241736,2.904634,0.01220536,0.08154741,-0.1173473,0.9897372,13,5.7,-9.414579,82.64199,14,-5.7,-27.94985,214.5272
20.06946,NaN,NaN,NaN,-0.57453,2.922328,0.01617303,-0.07116961,-0.02556449,0.02272974,-0.9968774,-0.6209533,2.911623,0.01328875,0.07968648,-0.1152698,0.9901327,13,5.7,-9.090788,80.33809,14,-5.7,-27.62606,212.2233
20.08667,NaN,NaN,NaN,-0.4743167,2.923516,0.01699097,-0.07139551,-0.0241688,0.02086891,-0.9969369,-0.5318748,2.911623,0.01328875,0.07968648,-0.1152698,0.9901327,13,5.7,-8.863292,78.71938,14,-5.7,-27.39856,210.6046
20.11121,NaN,NaN,NaN,-0.2746282,2.92532,0.01891098,-0.07184207,-0.02168284,0.01766007,-0.9970239,-0.3280107,2.917422,0.01477118,0.0811277,-0.1215019,0.9892702,13,5.7,-8.538654,76.40946,14,-5.7,-27.07393,208.2946
20.12909,NaN,NaN,NaN,-0.1741284,2.925798,0.01990619,-0.07105938,-0.02035205,0.01675426,-0.9971237,-0.2386776,2.917422,0.01477118,0.0811277,-0.1215019,0.9892702,13,5.7,-8.301917,74.72499,14,-5.7,-26.83719,206.6102
20.15302,NaN,NaN,NaN,0.02636834,2.925071,0.02185876,-0.07049457,-0.01775389,0.01531864,-0.9972365,-0.03391831,2.921571,0.01652452,0.07624732,-0.1220583,0.9895899,13,5.7,-7.986142,72.47813,14,-5.7,-26.52141,204.3633
20.17017,NaN,NaN,NaN,0.1266194,2.924678,0.02329272,-0.07070452,-0.01630386,0.01406118,-0.997265,0.08191273,2.923867,0.01839815,0.07832241,-0.1210576,0.9895508,13,5.7,-7.75913,70.86286,14,-5.7,-26.2944,202.748
20.1955,NaN,NaN,NaN,0.3256114,2.92254,0.02595369,-0.07146464,-0.01393972,0.01214307,-0.9972718,0.2587945,2.923867,0.01839815,0.07832241,-0.1210576,0.9895508,13,5.7,-7.424579,68.48241,14,-5.7,-25.95985,200.3676
20.21173,NaN,NaN,NaN,0.425375,2.921216,0.02749965,-0.07370643,-0.01294822,0.0112455,-0.9971325,0.3740467,2.924198,0.0211173,0.08254718,-0.1204083,0.9892865,13,5.7,-7.2096,66.95275,14,-5.7,-25.74487,198.8379
20.22937,NaN,NaN,NaN,0.5237726,2.920118,0.02926917,-0.07388727,-0.01187288,0.009997587,-0.9971458,0.4615112,2.924198,0.0211173,0.08254718,-0.1204083,0.9892865,13,5.7,-6.97672,65.29572,14,-5.7,-25.51199,197.1809
20.25037,NaN,NaN,NaN,0.7181596,2.916055,0.03252219,-0.07443397,-0.009845648,0.00896423,-0.9971371,0.6608597,2.922772,0.02423024,0.0791228,-0.1273611,0.9886955,13,5.7,-6.69861,63.31687,14,-5.7,-25.23388,195.202
20.2677,NaN,NaN,NaN,0.8137201,2.914632,0.03442231,-0.07477251,-0.008938321,0.008278552,-0.9971262,0.7721459,2.919959,0.02766084,0.07678705,-0.123875,0.9893224,13,5.7,-6.470017,61.69035,14,-5.7,-25.00529,193.5755
20.28436,NaN,NaN,NaN,0.9083269,2.913342,0.0364673,-0.07473253,-0.008102542,0.007262682,-0.9971443,0.8562407,2.919959,0.02766084,0.07678705,-0.123875,0.9893224,13,5.7,-6.249168,60.11892,14,-5.7,-24.78444,192.0041
20.30609,21.75613,-27.22917,230.5851,1.094706,2.909757,0.04061702,-0.07586466,-0.006096583,0.005143659,-0.9970863,1.047872,2.916181,0.03159466,0.08871057,-0.1291374,0.9876507,13,5.7,-5.961902,58.07491,14,-5.7,-24.49717,189.9601
20.32343,21.65769,-26.96809,228.5884,1.185715,2.908248,0.0428823,-0.07598221,-0.00512182,0.003983847,-0.9970881,1.12877,2.916181,0.03159466,0.08871057,-0.1291374,0.9876507,13,5.7,-5.733006,56.44624,14,-5.7,-24.26828,188.3314
20.34015,20.80598,-27.14232,227.5032,1.275118,2.906472,0.0450602,-0.0753145,-0.004116858,0.003073102,-0.9971467,1.233694,2.912266,0.03624959,0.08499447,-0.1305148,0.9877964,13,5.7,-5.512168,54.8749,14,-5.7,-24.04744,186.7601
20.36243,20.82629,-26.93148,225.9075,1.452434,2.902253,0.04908266,-0.07578792,-0.001979349,0.001088519,-0.9971215,1.391309,2.912266,0.03624959,0.08499447,-0.1305148,0.9877964,13,5.7,-5.217294,52.77676,14,-5.7,-23.75257,184.6619
20.37903,NaN,NaN,NaN,1.541396,2.900008,0.05073942,-0.07749718,-0.0004868675,-0.0006361444,-0.9969923,1.495097,2.908226,0.04126743,0.08048788,-0.1378702,0.9871746,13,5.7,-4.997548,51.21318,14,-5.7,-23.53282,183.0983
20.3963,NaN,NaN,NaN,1.627962,2.89749,0.05248976,-0.0793227,0.0008094748,-0.001834934,-0.996847,1.572044,2.908226,0.04126743,0.08048788,-0.1378702,0.9871746,13,5.7,-4.769164,49.58815,14,-5.7,-23.30443,181.4733
20.41754,NaN,NaN,NaN,1.796769,2.89212,0.05571236,-0.08307072,0.003073181,-0.003360699,-0.9965333,1.746187,2.903691,0.04593498,0.08053133,-0.1391804,0.9869871,13,5.7,-4.488826,47.59344,14,-5.7,-23.0241,179.4786
20.43481,18.09361,-29.75649,212.0877,1.878071,2.890274,0.05725755,-0.08503157,0.004301292,-0.004269592,-0.9963599,1.841851,2.898414,0.050631,0.07553629,-0.1517763,0.9855243,13,5.7,-4.260467,45.96858,14,-5.7,-22.79574,177.8537
20.45941,18.23368,-29.75649,212.0877,2.035656,2.88624,0.06007476,-0.0873621,0.00664228,-0.005233166,-0.9961408,1.981926,2.898414,0.050631,0.07553629,-0.1517763,0.9855243,13,5.7,-3.934892,43.652,14,-5.7,-22.47016,175.5372
20.47656,12.11811,-19.30913,137.7506,2.11075,2.884486,0.06159299,-0.08723713,0.007394657,-0.00511237,-0.996147,2.071271,2.892735,0.0547765,0.07184747,-0.1587711,0.9846978,13,5.7,-3.708105,42.03832,14,-5.7,-22.24337,173.9235
20.50116,10.64563,-17.37792,124.0094,2.255032,2.881479,0.06469487,-0.08552077,0.008195204,-0.005221359,-0.9962891,2.220959,2.887593,0.05847372,0.06692673,-0.1609921,0.9846839,13,5.7,-3.382716,39.72306,14,-5.7,-21.91799,171.6082
20.51819,10.70699,-17.37793,124.0094,2.324068,2.880337,0.06634869,-0.0839275,0.008743661,-0.006472367,-0.9964125,2.282324,2.887593,0.05847372,0.06692673,-0.1609921,0.9846839,13,5.7,-3.157827,38.12289,14,-5.7,-21.6931,170.0081
20.54309,12.85,-20.4838,150.2325,2.459327,2.877618,0.06921893,-0.0829009,0.009612612,-0.008459331,-0.9964755,2.422732,2.883275,0.0620895,0.06844969,-0.1533929,0.9857917,13,5.7,-2.828317,35.77831,14,-5.7,-21.36359,167.6635
20.5603,12.85,-20.35544,149.4075,2.523764,2.87645,0.07053929,-0.08343858,0.009802589,-0.01022442,-0.9964123,2.48001,2.883275,0.0620895,0.06844969,-0.1533929,0.9857917,13,5.7,-2.600965,34.16061,14,-5.7,-21.13624,166.0458
20.58447,18.27799,-32.946,234.7823,2.647703,2.874015,0.0728633,-0.08461205,0.009827174,-0.01307889,-0.9962797,2.609347,2.87965,0.06571469,0.06584805,-0.1505587,0.9864057,13,5.7,-2.281265,31.88583,14,-5.7,-20.81654,163.771
20.60168,21.03771,-39.45417,281.0904,2.706029,2.872517,0.0739013,-0.0857406,0.00955317,-0.01430465,-0.996169,2.679208,2.876325,0.06891554,0.06446464,-0.1486407,0.9867879,13,5.7,-2.054154,30.26985,14,-5.7,-20.58942,162.155
20.62646,21.13732,-39.45411,281.0899,2.818112,2.869805,0.07605065,-0.08731496,0.009341485,-0.01663769,-0.995998,2.778838,2.876325,0.06891554,0.06446464,-0.1486407,0.9867879,13,5.7,-1.725957,27.9346,14,-5.7,-20.26123,159.8198
20.64362,17.37358,-42.79104,304.8334,2.870058,2.868463,0.07695154,-0.08699932,0.009161322,-0.0175034,-0.9960125,2.84179,2.873346,0.07199296,0.04710372,-0.1480178,0.9878623,13,5.7,-1.499436,26.32283,14,-5.7,-20.03471,158.208
20.66815,NaN,NaN,NaN,2.969426,2.865481,0.07826398,-0.08648172,0.008934978,-0.01951847,-0.9960222,2.945577,2.870319,0.07465001,-0.03978183,-0.1271714,0.9910827,13,5.7,-1.175249,24.01612,14,-5.7,-19.71052,155.9013
20.68524,NaN,NaN,NaN,3.015415,2.864002,0.07880357,-0.08647557,0.00874997,-0.02047259,-0.9960052,2.986456,2.870319,0.07465001,-0.03978183,-0.1271714,0.9910827,13,5.7,-0.949272,22.4082,14,-5.7,-19.48454,154.2934
20.7099,NaN,NaN,NaN,3.102283,2.861266,0.08003865,-0.08544362,0.008859174,-0.02268826,-0.9960454,3.077897,2.867038,0.07682015,-0.0435814,-0.1279509,0.9908226,13,5.7,-0.6232119,20.08817,14,-5.7,-19.15848,151.9733
20.72736,NaN,NaN,NaN,3.140344,2.860009,0.0807554,-0.08411812,0.009187417,-0.02386515,-0.9961276,3.111728,2.867038,0.07682015,-0.0435814,-0.1279509,0.9908226,13,5.7,-0.3925452,18.44689,14,-5.7,-18.92782,150.3321
20.75153,NaN,NaN,NaN,3.210388,2.857376,0.08214445,-0.08176797,0.01011283,-0.02548795,-0.9962741,3.186931,2.863528,0.07854348,-0.04533799,-0.1279657,0.9907418,13,5.7,-0.07275978,16.17149,14,-5.7,-18.60803,148.0567
20.76874,NaN,NaN,NaN,3.242049,2.85628,0.08276503,-0.08138984,0.01070141,-0.02611488,-0.9962828,3.226501,2.860179,0.0801769,-0.05458467,-0.1252339,0.9906245,13,5.7,0.1548158,14.55221,14,-5.7,-18.38046,146.4374
20.7937,NaN,NaN,NaN,3.297523,2.854256,0.08381134,-0.0813297,0.01108547,-0.026923,-0.9962619,3.275812,2.860179,0.0801769,-0.05458467,-0.1252339,0.9906245,13,5.7,0.4851474,12.20178,14,-5.7,-18.05012,144.087
20.81061,NaN,NaN,NaN,3.31987,2.85335,0.08408622,-0.08203904,0.01104693,-0.02699302,-0.9962023,3.305539,2.857125,0.08168554,-0.05870359,-0.1228653,0.9906856,13,5.7,0.7080238,10.61593,14,-5.7,-17.82725,142.5011
20.83514,NaN,NaN,NaN,3.358345,2.851939,0.08458795,-0.0829242,0.01193494,-0.02800817,-0.9960908,3.348005,2.854563,0.08284695,-0.06300948,-0.1220156,0.9905261,13,5.7,1.032819,8.304893,14,-5.7,-17.50245,140.1901
20.85248,NaN,NaN,NaN,3.3721,2.851401,0.0848503,-0.08348798,0.01261458,-0.02830791,-0.9960268,3.360232,2.854563,0.08284695,-0.06300948,-0.1220156,0.9905261,13,5.7,1.261708,6.67626,14,-5.7,-17.27356,138.5614
20.87689,NaN,NaN,NaN,3.393837,2.850734,0.08527092,-0.0846864,0.01407569,-0.02910642,-0.995883,3.386029,2.852351,0.08383624,-0.06123551,-0.1229494,0.9905219,13,5.7,1.584624,4.378594,14,-5.7,-16.95065,136.2638
20.89453,NaN,NaN,NaN,3.399193,2.850503,0.08536206,-0.08536243,0.01491376,-0.02892208,-0.9958184,3.39079,2.852351,0.08383624,-0.06123551,-0.1229494,0.9905219,13,5.7,1.817979,2.718187,14,-5.7,-16.71729,134.6034
20.91858,NaN,NaN,NaN,3.404734,2.850136,0.08524922,-0.08664014,0.01670901,-0.02885389,-0.9956815,3.400374,2.850706,0.08463223,-0.06370784,-0.1207359,0.9906383,13,5.7,2.135742,0.4571855,14,-5.7,-16.39953,132.3424
20.93597,NaN,NaN,NaN,3.403513,2.850052,0.08505963,-0.08735665,0.01781823,-0.02874553,-0.9956028,3.402166,2.849717,0.08510451,-0.06676174,-0.1223925,0.9902338,14,-5.7,-16.16964,130.7066,15,5.7,-34.47085,260.9269
20.96088,NaN,NaN,NaN,3.405155,2.849683,0.08479637,-0.08903237,0.01977942,-0.02776277,-0.9954453,3.403626,2.849717,0.08510451,-0.06676174,-0.1223925,0.9902338,14,-5.7,-15.8405,128.3647,15,5.7,-34.14172,258.585
20.97772,NaN,NaN,NaN,3.384587,2.850005,0.08400735,-0.09002487,0.02073858,-0.02662118,-0.9953677,3.386584,2.849183,0.08510721,-0.07081097,-0.1255101,0.989562,14,-5.7,-15.6172,126.7758,15,5.7,-33.91842,256.9961
21.00208,-21.08245,-39.57779,325.0275,3.359008,2.850468,0.08298624,-0.09081472,0.02252153,-0.0245428,-0.9953105,3.363456,2.849015,0.08478377,-0.07439153,-0.1291094,0.988836,14,-5.7,-15.29516,124.4843,15,5.7,-33.59637,254.7046
21.01947,-20.92696,-39.28056,322.7511,3.341272,2.850755,0.08237313,-0.09013618,0.02300509,-0.02346675,-0.9953871,3.347691,2.849015,0.08478377,-0.07439153,-0.1291094,0.988836,14,-5.7,-15.06542,122.8497,15,5.7,-33.36664,253.07
21.04395,-22.20789,-38.77916,319.9525,3.299351,2.851331,0.08106756,-0.08836769,0.02422126,-0.02154949,-0.9955602,3.308336,2.849122,0.0837935,-0.07885753,-0.1286516,0.9885496,14,-5.7,-14.74206,120.5488,15,5.7,-33.04327,250.7691
21.06189,-22.05282,-38.48786,317.7141,3.272929,2.851931,0.08032177,-0.08777799,0.02468124,-0.02029015,-0.9956276,3.28485,2.849122,0.0837935,-0.07885753,-0.1286516,0.9885496,14,-5.7,-14.5044,118.8578,15,5.7,-32.80562,249.0781
21.07788,-23.1701,-37.04432,315.9416,3.243683,2.852904,0.0796487,-0.08745406,0.02524755,-0.01902667,-0.9956667,3.255084,2.84966,0.08241487,-0.08271744,-0.1248781,0.988718,14,-5.7,-14.29339,117.3564,15,5.7,-32.59461,247.5767
21.09973,-22.79662,-35.09532,314.027,3.17911,2.854851,0.07835894,-0.08663291,0.02625337,-0.01672759,-0.9957539,3.192136,2.850617,0.08084775,-0.08190665,-0.1195911,0.9894388,14,-5.7,-14.00408,115.2979,15,5.7,-32.3053,245.5182
21.117,-22.66586,-34.8554,312.042,3.141347,2.85586,0.077682,-0.08612156,0.02648375,-0.01555117,-0.9958112,3.15857,2.850617,0.08084775,-0.08190665,-0.1195911,0.9894388,14,-5.7,-13.77602,113.6751,15,5.7,-32.07724,243.8955
21.14154,-23.34944,-33.94699,310.5807,3.059794,2.858561,0.07660889,-0.08506366,0.02707309,-0.01369623,-0.9959136,3.078671,2.852328,0.07931023,-0.08422246,-0.117274,0.9895218,14,-5.7,-13.45118,111.3638,15,5.7,-31.7524,241.5841
21.15857,-23.18839,-33.66578,308.2078,3.013767,2.860008,0.07594745,-0.08487437,0.02706419,-0.01290111,-0.9959405,3.037758,2.852328,0.07931023,-0.08422246,-0.117274,0.9895218,14,-5.7,-13.22628,109.7635,15,5.7,-31.52749,239.9838
21.17511,-21.82123,-34.4002,307.6803,2.965035,2.861549,0.07528865,-0.0850836,0.02696988,-0.01197544,-0.9959368,2.985244,2.854769,0.07788526,-0.07980422,-0.1198519,0.9895791,14,-5.7,-13.00746,108.2065,15,5.7,-31.30868,238.4268
21.19727,-21.78805,-34.21268,306.1319,2.861891,2.8647,0.07391244,-0.08467073,0.02684046,-0.009555588,-0.9960016,2.89356,2.854769,0.07788526,-0.07980422,-0.1198519,0.9895791,14,-5.7,-12.71514,106.1266,15,5.7,-31.01636,236.3469
21.21423,-21.73002,-33.43265,303.4915,2.805975,2.8665,0.07313766,-0.08400428,0.02651834,-0.007447753,-0.9960846,2.8329,2.857862,0.07634138,-0.08012351,-0.1183785,0.9897307,14,-5.7,-12.49078,104.5302,15,5.7,-30.792,234.7505
21.2309,-21.78358,-33.43506,303.5117,2.74757,2.86834,0.07231881,-0.08349277,0.02655076,-0.00558859,-0.9961389,2.780984,2.857862,0.07634138,-0.08012351,-0.1183785,0.9897307,14,-5.7,-12.26987,102.9583,15,5.7,-30.57109,233.1786
21.25275,-21.0961,-35.38754,300.8786,2.622751,2.872008,0.0706062,-0.08291287,0.02681116,-0.002278223,-0.9961935,2.657463,2.861416,0.07466681,-0.07809693,-0.1257548,0.9889826,14,-5.7,-11.98096,100.9026,15,5.7,-30.28217,231.1229
21.27008,-21.09699,-34.56512,299.3032,2.555573,2.873729,0.06962918,-0.08293133,0.02705073,-0.001198299,-0.9961874,2.583324,2.865472,0.07293488,-0.07828451,-0.1237414,0.9892218,14,-5.7,-11.75202,99.27362,15,5.7,-30.05324,229.4939
21.28662,-21.15153,-34.55415,299.2155,2.486416,2.875667,0.06874853,-0.08264081,0.02735399,-7.599826E-05,-0.996204,2.521852,2.865472,0.07293488,-0.07828451,-0.1237414,0.9892218,14,-5.7,-11.53374,97.72044,15,5.7,-29.83496,227.9408
21.30847,-21.98041,-34.47737,295.0602,2.342396,2.87964,0.06701158,-0.08143072,0.0274735,0.003118604,-0.9962955,2.377666,2.869782,0.07101221,-0.08164538,-0.1251832,0.9887685,14,-5.7,-11.24413,95.65977,15,5.7,-29.54535,225.8801
21.32568,-21.87913,-34.21826,293.0136,2.266218,2.88168,0.0660753,-0.08038082,0.02689015,0.005253023,-0.9963877,2.309953,2.869782,0.07101221,-0.08164538,-0.1251832,0.9887685,14,-5.7,-11.01687,94.04278,15,5.7,-29.31809,224.2631
21.34271,-22.69249,-33.19593,291.45,2.188611,2.883582,0.06504637,-0.07972835,0.02643939,0.006423325,-0.9964452,2.223194,2.874266,0.06894577,-0.08455729,-0.1224128,0.9888707,14,-5.7,-10.79149,92.43911,15,5.7,-29.09271,222.6594
21.36426,-22.69641,-32.99634,289.8376,2.029096,2.88735,0.06295023,-0.07877018,0.02551398,0.008540749,-0.9965296,2.081402,2.874266,0.06894577,-0.08455729,-0.1224128,0.9888707,14,-5.7,-10.50703,90.41502,15,5.7,-28.80824,220.6353
21.38165,-22.51149,-31.95055,288.0857,1.945462,2.889051,0.0618602,-0.07851193,0.02451468,0.009941359,-0.9965622,1.987896,2.878934,0.06671494,-0.08414698,-0.1196273,0.9892465,14,-5.7,-10.27661,88.77553,15,5.7,-28.57783,218.9958
21.40588,-22.0838,-32.213,286.6081,1.773956,2.892887,0.05993353,-0.07734635,0.02256356,0.01253335,-0.9966701,1.814996,2.883442,0.06425254,-0.08250283,-0.1211588,0.9891986,14,-5.7,-9.956459,86.49753,15,5.7,-28.25768,216.7178
21.42371,-21.98026,-31.94321,284.4057,1.683825,2.89479,0.05904726,-0.07628539,0.021624,0.01363677,-0.9967583,1.734879,2.883442,0.06425254,-0.08250283,-0.1211588,0.9891986,14,-5.7,-9.721035,84.8224,15,5.7,-28.02225,215.0427
21.44769,-22.51216,-35.20443,281.0815,1.50033,2.898101,0.05722203,-0.07436398,0.02005589,0.01576945,-0.9969048,1.55001,2.887959,0.06183784,-0.08454479,-0.1338413,0.9873899,14,-5.7,-9.403611,82.56381,15,5.7,-27.70483,212.7841
21.46527,-22.39877,-34.89139,278.7722,1.405454,2.899905,0.05652665,-0.07357291,0.01944352,0.0162634,-0.9969676,1.465675,2.887959,0.06183784,-0.08454479,-0.1338413,0.9873899,14,-5.7,-9.171349,80.91118,15,5.7,-27.47257,211.1315
21.4895,-22.79451,-33.57414,277.6249,1.211441,2.903301,0.05510388,-0.07206205,0.01798667,0.01759737,-0.9970828,1.270276,2.892425,0.05960535,-0.08564499,-0.1297821,0.9878368,14,-5.7,-8.851213,78.6333,15,5.7,-27.15243,208.8536
21.50708,-24.35866,-33.54119,278.3735,1.111301,2.904922,0.05445642,-0.07181168,0.0172008,0.01821094,-0.9971036,1.157038,2.896683,0.05752211,-0.09052986,-0.1292818,0.9874668,14,-5.7,-8.618403,76.97677,15,5.7,-26.91962,207.1971
21.53119,-24.14583,-32.98007,274.0876,0.9086862,2.90806,0.05339639,-0.07128233,0.01586538,0.01852949,-0.9971579,0.9769362,2.896683,0.05752211,-0.09052986,-0.1292818,0.9874668,14,-5.7,-8.299515,74.70776,15,5.7,-26.60073,204.9281
21.54895,NaN,NaN,NaN,0.8047546,2.909429,0.05299167,-0.07104194,0.0155139,0.01834227,-0.997184,0.8591185,2.900789,0.05566362,-0.09323792,-0.1369048,0.9861864,14,-5.7,-8.065148,73.04015,15,5.7,-26.36637,203.2605
21.57306,NaN,NaN,NaN,0.5952094,2.912438,0.05247057,-0.06969445,0.01462794,0.01849229,-0.9972897,0.6464711,2.904658,0.05412704,-0.09038619,-0.1427864,0.9856178,14,-5.7,-7.746474,70.77267,15,5.7,-26.04769,200.993
21.59052,NaN,NaN,NaN,0.4885854,2.913321,0.05208026,-0.07043282,0.01416641,0.01889687,-0.997237,0.5516942,2.904658,0.05412704,-0.09038619,-0.1427864,0.9856178,14,-5.7,-7.515167,69.12683,15,5.7,-25.81638,199.3472
21.61493,NaN,NaN,NaN,0.2758298,2.915607,0.05161571,-0.07205845,0.01301996,0.01948304,-0.9971251,0.3353144,2.908314,0.05302158,-0.08802348,-0.140783,0.9861197,14,-5.7,-7.193004,66.83452,15,5.7,-25.49422,197.0548
21.63239,-23.28011,-34.99671,265.2057,0.1691868,2.916582,0.05144098,-0.07273069,0.01252008,0.01952596,-0.9970819,0.2126929,2.911384,0.05219262,-0.08737352,-0.1409863,0.9861484,14,-5.7,-6.961776,65.18925,15,5.7,-25.26299,195.4096
21.65674,-23.33929,-34.78286,263.7099,-0.0464894,2.918064,0.05105464,-0.07343722,0.01214238,0.01958504,-0.9970337,0.02098069,2.911384,0.05219262,-0.08737352,-0.1409863,0.9861484,14,-5.7,-6.640126,62.90059,15,5.7,-24.94134,193.1209
21.67401,-22.8625,-34.83785,260.9988,-0.154312,2.918738,0.05087353,-0.07478123,0.01218872,0.01982017,-0.9969285,-0.1031513,2.914121,0.05159446,-0.08599973,-0.1426518,0.9860297,14,-5.7,-6.411211,61.27178,15,5.7,-24.71243,191.4921
21.69824,-22.90958,-34.59901,259.3478,-0.3692815,2.919526,0.05045447,-0.07692839,0.01203337,0.02046426,-0.996754,-0.2942353,2.914121,0.05159446,-0.08599973,-0.1426518,0.9860297,14,-5.7,-6.090897,58.99262,15,5.7,-24.39211,189.2129
21.71576,-22.70754,-35.02178,257.1689,-0.4767452,2.919926,0.05034914,-0.07792646,0.01202443,0.02093145,-0.9966668,-0.4183162,2.916326,0.0511218,-0.08544662,-0.1454372,0.9856708,14,-5.7,-5.859879,57.34884,15,5.7,-24.1611,187.5692
21.74011,-23.16042,-30.97775,254.0648,-0.688711,2.920517,0.05013043,-0.07924536,0.01258589,0.02138504,-0.9965463,-0.6353685,2.917859,0.05066921,-0.08755969,-0.1317594,0.9874071,14,-5.7,-5.537291,55.0535,15,5.7,-23.83851,185.2738
21.75757,-23.04412,-30.66247,251.7021,-0.7935687,2.920613,0.04997149,-0.07966534,0.01320588,0.02077552,-0.9965177,-0.7285753,2.917859,0.05066921,-0.08755969,-0.1317594,0.9874071,14,-5.7,-5.306528,53.41154,15,5.7,-23.60775,183.6319
21.78186,-24.00355,-29.43788,249.876,-0.9997472,2.92024,0.04949875,-0.08123279,0.01376458,0.02080652,-0.9963829,-0.9403864,2.918862,0.05028532,-0.091171,-0.1279095,0.9875864,14,-5.7,-4.985727,51.12893,15,5.7,-23.28695,181.3492
21.79913,NaN,NaN,NaN,-1.100862,2.920052,0.04939118,-0.08184758,0.01349111,0.02077678,-0.996337,-1.05836,2.919414,0.04979917,-0.1009622,-0.1298121,0.9863851,14,-5.7,-4.757368,49.50406,15,5.7,-23.05859,179.7244
21.82367,NaN,NaN,NaN,-1.299856,2.919905,0.04962936,-0.08141434,0.01279032,0.02030091,-0.9963916,-1.235244,2.919414,0.04979917,-0.1009622,-0.1298121,0.9863851,14,-5.7,-4.432816,47.19476,15,5.7,-22.73404,177.4151
21.841,NaN,NaN,NaN,-1.397282,2.919573,0.04984762,-0.0798261,0.01233016,0.01979095,-0.9965361,-1.349452,2.919306,0.04947039,-0.1011492,-0.126297,0.9868221,14,-5.7,-4.203587,45.56371,15,5.7,-22.50481,175.784
21.8576,NaN,NaN,NaN,-1.49387,2.918721,0.04983926,-0.07968196,0.01153089,0.02057985,-0.9965411,-1.435308,2.919306,0.04947039,-0.1011492,-0.126297,0.9868221,14,-5.7,-3.984278,44.00325,15,5.7,-22.2855,174.2236
21.87933,NaN,NaN,NaN,-1.68392,2.917471,0.04998751,-0.08019617,0.009985506,0.02151655,-0.9964969,-1.631101,2.918941,0.04943496,-0.09681574,-0.126275,0.9872595,14,-5.7,-3.696782,41.9576,15,5.7,-21.998,172.1779
21.89691,NaN,NaN,NaN,-1.77665,2.916336,0.05003266,-0.08125309,0.008889993,0.02196555,-0.9964118,-1.713527,2.918941,0.04943496,-0.09681574,-0.126275,0.9872595,14,-5.7,-3.464814,40.30706,15,5.7,-21.76603,170.5274
21.91327,-24.6417,-28.07356,238.494,-1.868226,2.915461,0.05013429,-0.08293378,0.00757879,0.02228028,-0.9962772,-1.821016,2.918007,0.04961451,-0.09448362,-0.1283132,0.9872227,14,-5.7,-3.248218,38.7659,15,5.7,-21.54944,168.9862
21.93494,NaN,NaN,NaN,-2.048199,2.914508,0.05089159,-0.08293592,0.005510574,0.02172492,-0.9963029,-2.006299,2.916358,0.04983893,-0.0933336,-0.1386927,0.9859276,14,-5.7,-2.96182,36.72807,15,5.7,-21.26304,166.9484
21.95215,NaN,NaN,NaN,-2.136395,2.912552,0.05094393,-0.08220004,0.005039226,0.02189642,-0.9963625,-2.084695,2.916358,0.04983893,-0.0933336,-0.1386927,0.9859276,14,-5.7,-2.734185,35.10837,15,5.7,-21.0354,165.3287
21.96875,NaN,NaN,NaN,-2.221588,2.910671,0.05085162,-0.0830839,0.004738079,0.0218087,-0.9962927,-2.184906,2.914477,0.05026322,-0.09160569,-0.1403364,0.9858571,14,-5.7,-2.514585,33.54584,15,5.7,-20.8158,163.7662
21.99072,NaN,NaN,NaN,-2.387731,2.907173,0.05089537,-0.08517158,0.003621136,0.02060837,-0.9961466,-2.332589,2.914477,0.05026322,-0.09160569,-0.1403364,0.9858571,14,-5.7,-2.22384,31.47707,15,5.7,-20.52506,161.6974
22.00769,NaN,NaN,NaN,-2.467787,2.905281,0.05081939,-0.08636333,0.003203556,0.01937547,-0.9960701,-2.427478,2.911694,0.05062923,-0.09217741,-0.1417604,0.9856,14,-5.7,-1.999889,29.88358,15,5.7,-20.30111,160.1039
22.02448,NaN,NaN,NaN,-2.545493,2.904091,0.05097828,-0.08718094,0.003140852,0.0178815,-0.9960271,-2.496549,2.911694,0.05062923,-0.09217741,-0.1417604,0.9856,14,-5.7,-1.77749,28.30113,15,5.7,-20.07871,158.5214
22.04639,-36.36547,-50.42668,359.1637,-2.696255,2.90143,0.05137957,-0.0864543,0.00264091,0.01600507,-0.9961237,-2.65317,2.90791,0.05071622,-0.09246027,-0.146277,0.9849133,14,-5.7,-1.488512,26.24494,15,5.7,-19.78973,156.4653
22.06482,-36.4297,-50.42668,359.1637,-2.768515,2.899107,0.05129243,-0.08616829,0.002010423,0.01627507,-0.9961456,-2.717401,2.90791,0.05071622,-0.09246027,-0.146277,0.9849133,14,-5.7,-1.244455,24.50839,15,5.7,-19.54567,154.7287
22.08807,-16.82992,-21.05475,150.1718,-2.907552,2.895426,0.05117848,-0.08778537,0.0007518148,0.01747694,-0.9959859,-2.862422,2.904078,0.05086099,-0.09149342,-0.1569412,0.9833608,14,-5.7,-0.9367386,22.31887,15,5.7,-19.23796,152.5392
22.10547,-19.73653,-23.43259,167.0911,-2.97515,2.893931,0.051157,-0.08871321,7.269904E-05,0.01901871,-0.9958756,-2.942777,2.900135,0.05104567,-0.09882469,-0.1549579,0.9829658,14,-5.7,-0.7067694,20.68256,15,5.7,-19.00799,150.9029
22.12994,-19.85086,-23.43258,167.091,-3.103783,2.889997,0.05079174,-0.09067769,-0.0008706228,0.02208292,-0.9956351,-3.057117,2.900135,0.05104567,-0.09882469,-0.1549579,0.9829658,14,-5.7,-0.3835994,18.38308,15,5.7,-18.68482,148.6034
22.14716,-19.14373,-20.83516,148.6094,-3.165399,2.888077,0.05052817,-0.0916274,-0.0008301194,0.022987,-0.9955277,-3.13096,2.895954,0.05106456,-0.1058404,-0.1568568,0.9819337,14,-5.7,-0.1560459,16.76396,15,5.7,-18.45726,146.9843
22.16431,-19.19697,-20.83514,148.6093,-3.225307,2.885847,0.05013147,-0.09259057,-0.0009119455,0.02451473,-0.995402,-3.184212,2.895954,0.05106456,-0.1058404,-0.1568568,0.9819337,14,-5.7,0.07128583,15.14641,15,5.7,-18.22993,145.3667
22.18561,-21.11434,-22.05449,157.2854,-3.341484,2.881455,0.04915741,-0.0955217,-0.001922775,0.02796812,-0.9950325,-3.305285,2.891565,0.05085026,-0.1111716,-0.1557239,0.9815248,14,-5.7,0.3522222,13.14744,15,5.7,-17.94899,143.3678
22.20264,-21.0201,-19.95934,142.3776,-3.3953,2.879502,0.0487607,-0.0966596,-0.002458366,0.02908721,-0.9948893,-3.369907,2.886893,0.05027487,-0.1215362,-0.1573152,0.9800413,14,-5.7,0.5779771,11.54111,15,5.7,-17.72324,141.7614
22.21948,-21.06615,-19.95931,142.3774,-3.447127,2.877442,0.04833623,-0.09638065,-0.002632752,0.02908495,-0.9949161,-3.415975,2.886893,0.05027487,-0.1215362,-0.1573152,0.9800413,14,-5.7,0.8005009,9.957772,15,5.7,-17.50071,140.1781
22.24146,-18.71862,-16.47262,117.5683,-3.54606,2.872901,0.0470875,-0.09632563,-0.002931878,0.03010614,-0.9948902,-3.519546,2.881827,0.04933954,-0.1265872,-0.1611958,0.9787705,14,-5.7,1.090765,7.892433,15,5.7,-17.21045,138.1127
22.25836,-18.75883,-16.47262,117.5683,-3.5913,2.871134,0.0463656,-0.09671362,-0.003463279,0.03086501,-0.9948275,-3.55976,2.881827,0.04933954,-0.1265872,-0.1611958,0.9787705,14,-5.7,1.31408,6.303469,15,5.7,-16.98713,136.5238
22.27509,-12.91751,-9.053209,69.08744,-3.634932,2.86925,0.04545889,-0.09778984,-0.004499873,0.0321894,-0.9946762,-3.612948,2.876725,0.0481605,-0.131648,-0.1687938,0.9768201,14,-5.7,1.535711,4.726484,15,5.7,-16.7655,134.9468
22.297,-12.98776,-9.05321,69.08744,-3.71396,2.865904,0.04382998,-0.09928425,-0.006183147,0.03252566,-0.9945082,-3.683195,2.876725,0.0481605,-0.131648,-0.1687938,0.9768201,14,-5.7,1.825421,2.665085,15,5.7,-16.47579,132.8854
22.31427,-12.85,-9.148794,68.66923,-3.747879,2.864671,0.04307735,-0.09832243,-0.007375761,0.03151721,-0.9946281,-3.726383,2.871787,0.04665188,-0.1298508,-0.1710815,0.9766626,14,-5.7,2.053347,1.043313,15,5.7,-16.24787,131.2636
22.33881,-12.85,-9.68214,70.83259,-3.810777,2.862207,0.04121888,-0.09711604,-0.01007074,0.03177872,-0.9947147,-3.793804,2.867361,0.04485193,-0.1249825,-0.1731929,0.9769256,15,5.7,-15.92325,128.9538,16,-5.7,-34.21781,259.1264
22.35602,-12.85,-9.649702,70.64961,-3.837112,2.861429,0.04017171,-0.09753617,-0.01169572,0.0321758,-0.994643,-3.817213,2.867361,0.04485193,-0.1249825,-0.1731929,0.9769256,15,5.7,-15.69595,127.3365,16,-5.7,-33.99051,257.5091
22.38068,NaN,NaN,NaN,-3.88107,2.860837,0.0381772,-0.09794358,-0.01440947,0.0325309,-0.9945558,-3.866156,2.863834,0.04289614,0.01877817,-0.1432033,0.9895152,15,5.7,-15.36924,125.0119,16,-5.7,-33.66381,255.1844
22.39801,NaN,NaN,NaN,-3.898306,2.860527,0.03706497,-0.09775759,-0.01616155,0.03338724,-0.9945188,-3.881477,2.863834,0.04289614,0.01877817,-0.1432033,0.9895152,15,5.7,-15.14014,123.3817,16,-5.7,-33.4347,253.5543
22.42236,NaN,NaN,NaN,-3.926546,2.860467,0.03477529,-0.09684721,-0.01960311,0.03597535,-0.9944556,-3.914636,2.861223,0.04065032,0.06512107,-0.1237552,0.9901737,15,5.7,-14.81842,121.0926,16,-5.7,-33.11299,251.2651
22.43964,NaN,NaN,NaN,-3.935615,2.860722,0.03365854,-0.09594306,-0.0214482,0.03762607,-0.9944441,-3.928884,2.8599,0.03816466,0.07211792,-0.123368,0.989737,15,5.7,-14.59031,119.4695,16,-5.7,-32.88488,249.6421
22.46436,NaN,NaN,NaN,-3.947733,2.861318,0.03148061,-0.09400175,-0.02433062,0.03901904,-0.9945096,-3.939655,2.8599,0.03816466,0.07211792,-0.123368,0.989737,15,5.7,-14.26359,117.1448,16,-5.7,-32.55816,247.3173
22.48175,22.36873,-39.51834,342.9008,-3.949141,2.861815,0.03043219,-0.09292071,-0.02548255,0.03885312,-0.9945889,-3.945299,2.859512,0.03555384,0.07594784,-0.1223114,0.9895816,15,5.7,-14.03296,115.5037,16,-5.7,-32.32752,245.6763
22.50592,22.28639,-37.88339,340.929,-3.946368,2.862845,0.02837817,-0.09100687,-0.02775028,0.03885686,-0.994705,-3.945556,2.859881,0.03295128,0.07618414,-0.1183287,0.9900476,15,5.7,-13.71398,113.2341,16,-5.7,-32.00854,243.4066
22.52307,22.12056,-37.61784,338.7073,-3.940591,2.863413,0.02739233,-0.09010251,-0.02913582,0.04019257,-0.9946946,-3.940421,2.859881,0.03295128,0.07618414,-0.1183287,0.9900476,15,5.7,-13.48704,111.6193,16,-5.7,-31.7816,241.7919
22.54767,NaN,NaN,NaN,-3.921762,2.864688,0.02556841,-0.0879091,-0.031361,0.04176064,-0.9947585,-3.924757,2.860785,0.03040895,0.08233121,-0.109208,0.9906034,15,5.7,-13.16204,109.3068,16,-5.7,-31.45661,239.4794
22.56488,NaN,NaN,NaN,-3.90855,2.865337,0.0247456,-0.08668792,-0.03208496,0.04194542,-0.9948348,-3.913013,2.860785,0.03040895,0.08233121,-0.109208,0.9906034,15,5.7,-12.93415,107.6853,16,-5.7,-31.22872,237.8579
22.58942,NaN,NaN,NaN,-3.877148,2.866868,0.02318828,-0.08489801,-0.03356505,0.0424888,-0.9949173,-3.884475,2.862018,0.02795573,0.08612183,-0.1048794,0.9907489,15,5.7,-12.60989,105.3781,16,-5.7,-30.90446,235.5506
22.60663,NaN,NaN,NaN,-3.857092,2.867674,0.02235013,-0.08447635,-0.03432105,0.04305774,-0.994903,-3.86451,2.863502,0.02579503,0.08561449,-0.1071218,0.9905529,15,5.7,-12.38215,103.7576,16,-5.7,-30.67671,233.9301
22.6311,NaN,NaN,NaN,-3.810935,2.869423,0.02077942,-0.08371638,-0.03614343,0.04407316,-0.9948582,-3.823481,2.863502,0.02579503,0.08561449,-0.1071218,0.9905529,15,5.7,-12.05832,101.4534,16,-5.7,-30.35288,231.626
22.64844,NaN,NaN,NaN,-3.783557,2.870305,0.02009152,-0.08302107,-0.03728215,0.04439548,-0.9948601,-3.795465,2.865209,0.02374156,0.08956568,-0.1075706,0.9901548,15,5.7,-11.82938,99.82448,16,-5.7,-30.12395,229.997
22.67291,NaN,NaN,NaN,-3.723758,2.872337,0.01889243,-0.08068335,-0.03889121,0.04375064,-0.9950194,-3.737131,2.867128,0.0218156,0.09558106,-0.1059905,0.9897627,15,5.7,-11.50596,97.52322,16,-5.7,-29.80053,227.6958
22.69012,NaN,NaN,NaN,-3.689633,2.873558,0.0183756,-0.07916337,-0.03910132,0.04267425,-0.99518,-3.706797,2.867128,0.0218156,0.09558106,-0.1059905,0.9897627,15,5.7,-11.27845,95.90436,16,-5.7,-29.57301,226.0769
22.70697,NaN,NaN,NaN,-3.653126,2.875072,0.01793335,-0.07786528,-0.03920413,0.04181608,-0.9953148,-3.667675,2.869272,0.02009474,0.09894948,-0.1126364,0.9886972,15,5.7,-11.05556,94.31841,16,-5.7,-29.35012,224.491
22.72961,NaN,NaN,NaN,-3.575994,2.877856,0.01693236,-0.07595295,-0.03951343,0.04124224,-0.9954742,-3.599113,2.869272,0.02009474,0.09894948,-0.1126364,0.9886972,15,5.7,-10.75586,92.18595,16,-5.7,-29.05042,222.3585
22.74597,NaN,NaN,NaN,-3.533782,2.879338,0.01644295,-0.07611369,-0.03985524,0.04216265,-0.9954098,-3.553479,2.871887,0.01866311,0.09349103,-0.1070336,0.9898502,15,5.7,-10.53949,90.64641,16,-5.7,-28.83405,220.819
22.76312,NaN,NaN,NaN,-3.489492,2.881078,0.01607051,-0.07592262,-0.04034009,0.04299484,-0.9953693,-3.51411,2.871887,0.01866311,0.09349103,-0.1070336,0.9898502,15,5.7,-10.31298,89.0347,16,-5.7,-28.60754,219.2072
22.78424,NaN,NaN,NaN,-3.396683,2.884688,0.01529909,-0.07463321,-0.04061095,0.04253684,-0.9954754,-3.422097,2.875041,0.0174398,0.09501765,-0.1055549,0.9898636,15,5.7,-10.03365,87.04713,16,-5.7,-28.32821,217.2197
22.80157,NaN,NaN,NaN,-3.347169,2.886642,0.01493437,-0.07402132,-0.0407076,0.0420736,-0.9955368,-3.367266,2.878705,0.01634492,0.1001852,-0.1053971,0.9893707,15,5.7,-9.804501,85.41667,16,-5.7,-28.09906,215.5892
22.82599,NaN,NaN,NaN,-3.244773,2.890518,0.01417504,-0.07279427,-0.0408068,0.04113409,-0.9956626,-3.276248,2.878705,0.01634492,0.1001852,-0.1053971,0.9893707,15,5.7,-9.481925,83.12143,16,-5.7,-27.77649,213.294
22.84308,NaN,NaN,NaN,-3.19095,2.892608,0.01379698,-0.07302506,-0.04113541,0.04080181,-0.9956458,-3.216311,2.88285,0.01538567,0.1043303,-0.1097709,0.9884663,15,5.7,-9.255849,81.51282,16,-5.7,-27.55041,211.6854
22.86774,NaN,NaN,NaN,-3.080525,2.896866,0.01297645,-0.07331609,-0.04198507,0.04032175,-0.9956085,-3.105011,2.887392,0.0144778,0.1047733,-0.113476,0.9880009,15,5.7,-8.929697,79.19213,16,-5.7,-27.22426,209.3647
22.88501,NaN,NaN,NaN,-3.022581,2.899163,0.01257539,-0.0731139,-0.04222572,0.0387441,-0.9956758,-3.053505,2.887392,0.0144778,0.1047733,-0.113476,0.9880009,15,5.7,-8.701646,77.56946,16,-5.7,-26.99621,207.742
22.90942,22.87003,-22.75111,223.556,-2.904104,2.903842,0.011772,-0.0727026,-0.04268301,0.03577469,-0.9957975,-2.934077,2.892262,0.01351553,0.1139338,-0.1132241,0.9870154,15,5.7,-8.378402,75.26945,16,-5.7,-26.67296,205.442
22.92688,22.9128,-22.73971,223.4566,-2.843088,2.906307,0.01144262,-0.07208695,-0.04280815,0.0336615,-0.9959105,-2.879841,2.892262,0.01351553,0.1139338,-0.1132241,0.9870154,15,5.7,-8.148231,73.63171,16,-5.7,-26.44279,203.8042
22.95117,24.82451,-24.24451,220.105,-2.719258,2.911331,0.01083686,-0.07111743,-0.04308913,0.03086661,-0.9960587,-2.754787,2.897484,0.0125303,0.1234149,-0.121458,0.9848943,15,5.7,-7.826697,71.34388,16,-5.7,-26.12126,201.5164
22.96857,25.24656,-23.82422,219.0889,-2.655962,2.913924,0.01060009,-0.07036317,-0.0429532,0.02990153,-0.9961476,-2.682853,2.903087,0.01166765,0.125547,-0.1201433,0.9847861,15,5.7,-7.596411,69.70531,16,-5.7,-25.89097,199.8778
22.99304,25.1002,-23.57497,217.046,-2.52761,2.918559,0.01015442,-0.0691603,-0.04206026,0.02760154,-0.9963363,-2.568762,2.903087,0.01166765,0.125547,-0.1201433,0.9847861,15,5.7,-7.273291,67.40619,16,-5.7,-25.56785,197.5787
23.01031,24.70399,-25.09107,213.3921,-2.461927,2.920832,0.01000491,-0.06824604,-0.04117123,0.02602596,-0.9964789,-2.494067,2.908988,0.01092182,0.1253816,-0.1290788,0.9836758,15,5.7,-7.044685,65.77957,16,-5.7,-25.33924,195.9521
23.03473,24.80054,-25.26956,211.4515,-2.32947,2.925269,0.009935685,-0.06591241,-0.03935134,0.02334926,-0.9967757,-2.359539,2.914854,0.01013653,0.1263062,-0.1310697,0.9832942,15,5.7,-6.722423,63.48656,16,-5.7,-25.01698,193.6591
23.05225,24.55039,-24.94807,209.0397,-2.262357,2.926997,0.01019511,-0.06461059,-0.03827786,0.02270647,-0.9969177,-2.299882,2.914854,0.01013653,0.1263062,-0.1310697,0.9832942,15,5.7,-6.490622,61.83721,16,-5.7,-24.78518,192.0097
23.07654,24.18165,-24.63482,207.3315,-2.128465,2.930234,0.0108992,-0.06319468,-0.0362717,0.02279103,-0.9970814,-2.163541,2.920374,0.009828344,0.1249786,-0.1307187,0.9835106,15,5.7,-6.169344,59.5512,16,-5.7,-24.4639,189.7237
23.09418,23.9213,-24.2994,204.8079,-2.060584,2.931678,0.01144423,-0.06347009,-0.03535148,0.0233354,-0.9970844,-2.103202,2.920374,0.009828344,0.1249786,-0.1307187,0.9835106,15,5.7,-5.936146,57.89191,16,-5.7,-24.2307,188.0644
23.1181,24.923,-24.87086,203.2607,-1.925219,2.933847,0.01273004,-0.06437387,-0.03362298,0.02327407,-0.9970877,-1.965188,2.925191,0.01012498,0.1299592,-0.1343473,0.9823754,15,5.7,-5.619667,55.64005,16,-5.7,-23.91422,185.8126
23.13562,NaN,NaN,NaN,-1.857358,2.934415,0.01360051,-0.06485649,-0.03263539,0.02316563,-0.9970918,-1.886966,2.929142,0.01092879,0.1289188,-0.1421876,0.9814085,15,5.7,-5.387906,53.99097,16,-5.7,-23.68246,184.1635
23.1601,NaN,NaN,NaN,-1.723392,2.934798,0.01574114,-0.06520467,-0.03089122,0.023002,-0.9971284,-1.767885,2.929142,0.01092879,0.1289188,-0.1421876,0.9814085,15,5.7,-5.064385,51.68901,16,-5.7,-23.35894,181.8615
23.17755,25.07377,-28.81082,205.359,-1.657782,2.934579,0.01717347,-0.06515273,-0.03021317,0.02321222,-0.9971477,-1.691521,2.931939,0.01223834,0.1277564,-0.151515,0.9801641,15,5.7,-4.833413,50.04556,16,-5.7,-23.12797,180.2181
23.20172,23.52339,-27.89693,198.8563,-1.52848,2.933913,0.02040501,-0.06528629,-0.02891846,0.02432622,-0.9971508,-1.558736,2.933329,0.01447617,0.1236943,-0.1520418,0.9806034,15,5.7,-4.514321,47.7751,16,-5.7,-22.80888,177.9476
23.21924,23.07945,-27.28206,194.8906,-1.465139,2.933199,0.02228595,-0.06565166,-0.02825668,0.0246847,-0.997137,-1.502432,2.933329,0.01447617,0.1236943,-0.1520418,0.9806034,15,5.7,-4.282945,46.12878,16,-5.7,-22.5775,176.3013
23.24347,NaN,NaN,NaN,-1.340554,2.931187,0.02641485,-0.0665918,-0.02636125,0.02437085,-0.9971342,-1.374143,2.933386,0.01761602,0.1106078,-0.1284906,0.9855232,15,5.7,-3.962419,43.84811,16,-5.7,-22.25698,174.0206
23.26147,NaN,NaN,NaN,-1.279206,2.929582,0.02860561,-0.06727383,-0.02511161,0.02363355,-0.9971385,-1.319611,2.933386,0.01761602,0.1106078,-0.1284906,0.9855232,15,5.7,-3.724103,42.15241,16,-5.7,-22.01866,172.3249
23.28522,NaN,NaN,NaN,-1.160785,2.926673,0.03359873,-0.06870018,-0.0233043,0.02337106,-0.9970912,-1.197203,2.932189,0.02153651,0.09924271,-0.1280667,0.9867876,15,5.7,-3.410514,39.9211,16,-5.7,-21.70507,170.0936
23.30292,24.30187,-32.4119,264.9803,-1.103862,2.925323,0.03648233,-0.06915084,-0.0223019,0.02363209,-0.9970769,-1.129991,2.929741,0.02635285,0.09471554,-0.1316224,0.9867647,15,5.7,-3.176367,38.25507,16,-5.7,-21.47092,168.4276
23.32745,24.23305,-32.17904,263.2346,-0.9927672,2.922253,0.04234924,-0.06995396,-0.02003537,0.02331082,-0.9970766,-1.031241,2.929741,0.02635285,0.09471554,-0.1316224,0.9867647,15,5.7,-2.85209,35.94771,16,-5.7,-21.14665,166.1202
23.34467,25.29346,-32.63639,260.9471,-0.9386654,2.920362,0.04543885,-0.0705957,-0.01880405,0.02332492,-0.9970549,-0.9672216,2.926564,0.03217512,0.09923413,-0.1343856,0.9859478,15,5.7,-2.623987,34.32468,16,-5.7,-20.91854,164.4972
23.36877,22.40102,-34.03315,242.5176,-0.8334338,2.916613,0.05154746,-0.07191958,-0.0169057,0.02360147,-0.9969879,-0.858475,2.922975,0.03880923,0.09440523,-0.1499969,0.984169,15,5.7,-2.305814,32.06076,16,-5.7,-20.60037,162.2333
23.38641,22.44615,-34.03315,242.5176,-0.7826601,2.914859,0.05469882,-0.07257316,-0.01650791,0.0240041,-0.9969375,-0.8133428,2.922975,0.03880923,0.09440523,-0.1499969,0.984169,15,5.7,-2.072649,30.4017,16,-5.7,-20.3672,160.5742
23.41052,17.27243,-27.54799,196.3735,-0.6841726,2.910038,0.06056372,-0.07541613,-0.0155411,0.02356726,-0.9967525,-0.7113694,2.918862,0.04591586,0.09014897,-0.1527239,0.9841487,15,5.7,-1.753897,28.13367,16,-5.7,-20.04845,158.3062
23.42883,17.3133,-27.54799,196.3735,-0.6381893,2.906899,0.06324024,-0.07821333,-0.01484586,0.02299493,-0.9965609,-0.6704953,2.918862,0.04591586,0.09014897,-0.1527239,0.9841487,15,5.7,-1.511692,26.41029,16,-5.7,-19.80625,156.5828
23.45227,17.38128,-27.74853,197.8003,-0.5494888,2.901328,0.06855081,-0.08358708,-0.01404303,0.02440358,-0.9961027,-0.5777811,2.914286,0.05324005,0.08938656,-0.1526162,0.9842349,15,5.7,-1.201513,24.20325,16,-5.7,-19.49607,154.3758
23.47003,11.92556,-18.00799,128.4931,-0.507035,2.899404,0.07120162,-0.08446672,-0.01384924,0.02430177,-0.9960336,-0.5269738,2.908515,0.06024155,0.09526153,-0.1600108,0.9825079,15,5.7,-0.9665675,22.53153,16,-5.7,-19.26112,152.704
23.49457,11.996,-18.00799,128.4931,-0.4277826,2.894861,0.0761645,-0.08566656,-0.01333213,0.02395564,-0.9959466,-0.4565272,2.908515,0.06024155,0.09526153,-0.1600108,0.9825079,15,5.7,-0.6425257,20.22585,16,-5.7,-18.93708,150.3984
23.51172,23.08955,-34.15849,246.5768,-0.3914523,2.892457,0.07841898,-0.08567241,-0.01298007,0.02373973,-0.995956,-0.4120567,2.90223,0.06671232,0.09386159,-0.1480145,0.984521,15,5.7,-0.4158185,18.61274,16,-5.7,-18.71037,148.7853
23.53583,NaN,NaN,NaN,-0.3246626,2.887829,0.08307946,-0.08660071,-0.01231517,0.02352406,-0.9958892,-0.3415146,2.896314,0.07275461,0.05188355,-0.1390468,0.9889258,15,5.7,-0.09673062,16.34232,16,-5.7,-18.39129,146.5148
23.55328,NaN,NaN,NaN,-0.2945325,2.885637,0.08531626,-0.08749938,-0.01193428,0.02304463,-0.9958265,-0.3147323,2.896314,0.07275461,0.05188355,-0.1390468,0.9889258,15,5.7,0.1342054,14.69912,16,-5.7,-18.16035,144.8716
23.5777,NaN,NaN,NaN,-0.2380812,2.881821,0.0897795,-0.08844265,-0.01066627,0.02060623,-0.995811,-0.2546383,2.890875,0.07867551,-0.03047458,-0.1314529,0.9908539,15,5.7,0.4567853,12.40385,16,-5.7,-17.83777,142.5764
23.5957,NaN,NaN,NaN,-0.2131243,2.88015,0.09197336,-0.08882882,-0.01020762,0.01939527,-0.9958058,-0.2324545,2.890875,0.07867551,-0.03047458,-0.1314529,0.9908539,15,5.7,0.6947713,10.71049,16,-5.7,-17.59978,140.883
23.61951,NaN,NaN,NaN,-0.169187,2.876603,0.09607965,-0.08970004,-0.01004971,0.01838824,-0.9957483,-0.184705,2.885657,0.08424486,-0.03748017,-0.1287702,0.990966,15,5.7,1.009297,8.47252,16,-5.7,-17.28526,138.6451
23.63666,NaN,NaN,NaN,-0.1503131,2.875009,0.09801951,-0.09037937,-0.01038312,0.01779475,-0.9956943,-0.1605155,2.880898,0.0895549,-0.04178942,-0.1343645,0.9900504,15,5.7,1.236718,6.854339,16,-5.7,-17.05784,137.0269
23.66193,NaN,NaN,NaN,-0.1171875,2.871578,0.1016318,-0.09074304,-0.01024232,0.01488605,-0.9957104,-0.1310704,2.880898,0.0895549,-0.04178942,-0.1343645,0.9900504,15,5.7,1.570367,4.4803,16,-5.7,-16.72419,134.6528
23.67841,NaN,NaN,NaN,-0.1043092,2.869796,0.1031838,-0.09127721,-0.009963908,0.01352073,-0.9956838,-0.1132899,2.876646,0.09458973,-0.04215525,-0.1311945,0.99046,15,5.7,1.788429,2.928711,16,-5.7,-16.50613,133.1012
23.70319,NaN,NaN,NaN,-0.08331823,2.866788,0.1060515,-0.09269933,-0.00991074,0.0125572,-0.9955657,-0.08949015,2.872585,0.09919597,-0.04821204,-0.1331188,0.9899268,15,5.7,2.116207,0.5964479,16,-5.7,-16.17835,130.769
23.72028,NaN,NaN,NaN,-0.07689707,2.865102,0.107114,-0.09361316,-0.01003105,0.01226013,-0.9954827,-0.08378246,2.872585,0.09919597,-0.04821204,-0.1331188,0.9899268,16,-5.7,-15.95304,129.1658,17,0.7,-34.0457,257.9015
23.73688,NaN,NaN,NaN,-0.07226677,2.863549,0.1081315,-0.09436535,-0.01020651,0.01138589,-0.9954202,-0.07582818,2.868633,0.10316,-0.05020306,-0.1332,0.9898169,16,-5.7,-15.7332,127.6016,17,0.7,-33.82586,256.3372
23.75873,NaN,NaN,NaN,-0.06836688,2.860626,0.110047,-0.09487215,-0.01013819,0.008873931,-0.9953983,-0.0723616,2.868633,0.10316,-0.05020306,-0.1332,0.9898169,16,-5.7,-15.44392,125.5433,17,0.7,-33.53658,254.2789
23.77576,NaN,NaN,NaN,-0.0704189,2.859463,0.111015,-0.09461632,-0.009929037,0.007234572,-0.995438,-0.07166974,2.864805,0.1063284,-0.05120873,-0.1363843,0.9893316,16,-5.7,-15.21913,123.9438,17,0.7,-33.31179,252.6794
23.79254,NaN,NaN,NaN,-0.07538047,2.858441,0.1119061,-0.09403617,-0.01011135,0.006182304,-0.9954982,-0.07608002,2.864805,0.1063284,-0.05120873,-0.1363843,0.9893316,16,-5.7,-14.99757,122.3673,17,0.7,-33.09023,251.1029
23.81445,NaN,NaN,NaN,-0.09009857,2.856258,0.1133356,-0.09344482,-0.0113994,0.005528625,-0.9955439,-0.08803014,2.861213,0.1089261,-0.05326247,-0.1382407,0.9889654,16,-5.7,-14.70753,120.3036,17,0.7,-32.80019,249.0392
23.83185,NaN,NaN,NaN,-0.1032194,2.85538,0.1139023,-0.09322136,-0.01221308,0.005421312,-0.9955558,-0.09969308,2.861213,0.1089261,-0.05326247,-0.1382407,0.9889654,16,-5.7,-14.47755,118.6672,17,0.7,-32.57021,247.4028
23.85651,NaN,NaN,NaN,-0.1358628,2.853306,0.1148088,-0.09309322,-0.01265302,0.003383734,-0.9955713,-0.1290025,2.858147,0.1111468,-0.05110388,-0.1326654,0.9898426,16,-5.7,-14.15129,116.3457,17,0.7,-32.24394,245.0813
23.87329,NaN,NaN,NaN,-0.1570034,2.85255,0.1151973,-0.09376351,-0.01201283,0.001863925,-0.9955203,-0.1497683,2.855329,0.1129352,-0.05256836,-0.1319311,0.989864,16,-5.7,-13.92926,114.7659,17,0.7,-32.02192,243.5015
23.89777,NaN,NaN,NaN,-0.2029544,2.851893,0.1160229,-0.09398985,-0.01121106,-0.0004929379,-0.99551,-0.1906136,2.855329,0.1129352,-0.05256836,-0.1319311,0.989864,16,-5.7,-13.60569,112.4635,17,0.7,-31.69835,241.1992
23.9151,-20.6697,-48.05616,368.7177,-0.2312806,2.851249,0.1161277,-0.09384161,-0.01077107,-0.0004414012,-0.9955289,-0.2193762,2.852987,0.114273,-0.05487604,-0.1366087,0.989104,16,-5.7,-13.37655,110.8332,17,0.7,-31.46921,239.5688
23.93964,-21.67653,-47.61889,363.5568,-0.2938227,2.850159,0.1160612,-0.09486852,-0.009650011,-0.0003450849,-0.995443,-0.2801,2.85144,0.115287,-0.05821327,-0.1373146,0.9888154,16,-5.7,-13.05227,108.5257,17,0.7,-31.14492,237.2614
23.95709,-21.57313,-47.30056,361.2645,-0.3293204,2.849656,0.1158507,-0.09579588,-0.00831953,-0.0007143664,-0.995366,-0.3116536,2.85144,0.115287,-0.05821327,-0.1373146,0.9888154,16,-5.7,-12.82186,106.8863,17,0.7,-30.91451,235.6219
23.98151,-22.26209,-42.55002,361.0117,-0.405937,2.849118,0.1154966,-0.09675726,-0.006031923,-0.0008630314,-0.9952894,-0.3865302,2.850175,0.1158301,-0.06003214,-0.1245898,0.9903906,16,-5.7,-12.49868,104.5867,17,0.7,-30.59133,233.3224
23.9989,-22.16853,-42.27775,358.8476,-0.448232,2.849309,0.115419,-0.09587814,-0.005229741,-0.0002919346,-0.9953793,-0.4241257,2.850175,0.1158301,-0.06003214,-0.1245898,0.9903906,16,-5.7,-12.26918,102.9537,17,0.7,-30.36183,231.6894
24.02313,NaN,NaN,NaN,-0.53812,2.849528,0.1149693,-0.09412002,-0.00385155,0.0001933622,-0.9955534,-0.51241,2.849125,0.115886,-0.0683509,-0.126865,0.9895622,16,-5.7,-11.94814,100.6695,17,0.7,-30.04079,229.4051
24.04053,NaN,NaN,NaN,-0.5879575,2.850169,0.1146778,-0.09411458,-0.003031945,0.0005237421,-0.9955567,-0.5666749,2.848438,0.115528,-0.07250597,-0.1389332,0.9876439,16,-5.7,-11.71873,99.03709,17,0.7,-29.81138,227.7727
24.06494,NaN,NaN,NaN,-0.6914554,2.852168,0.1140732,-0.09418219,-0.001387944,0.0005144583,-0.9955539,-0.658673,2.848438,0.115528,-0.07250597,-0.1389332,0.9876439,16,-5.7,-11.39531,96.73589,17,0.7,-29.48797,225.4715
24.0824,NaN,NaN,NaN,-0.7465412,2.853462,0.113689,-0.09428653,-0.0003607422,-0.0002061276,-0.9955451,-0.7190554,2.848543,0.1150222,-0.06890773,-0.1385389,0.9879568,16,-5.7,-11.16507,95.09765,17,0.7,-29.25773,223.8333
24.10663,NaN,NaN,NaN,-0.86089,2.856647,0.1127963,-0.09551533,0.00128725,-0.0002329622,-0.9954271,-0.8335522,2.849885,0.1144628,-0.07207674,-0.1401422,0.9875045,16,-5.7,-10.84443,92.81615,17,0.7,-28.93708,221.5518
24.12402,NaN,NaN,NaN,-0.9201871,2.85879,0.1121912,-0.09644057,0.001837836,-0.0001884198,-0.995337,-0.8862606,2.849885,0.1144628,-0.07207674,-0.1401422,0.9875045,16,-5.7,-10.6147,91.18154,17,0.7,-28.70736,219.9172
24.14838,NaN,NaN,NaN,-1.044058,2.863014,0.110483,-0.09780285,0.003347863,8.618273E-05,-0.9952002,-1.01052,2.852544,0.1136831,-0.07347223,-0.1411314,0.9872607,16,-5.7,-10.29272,88.8905,17,0.7,-28.38537,217.6262
24.16589,NaN,NaN,NaN,-1.107949,2.865599,0.1096074,-0.09814533,0.004540859,0.0001616973,-0.9951617,-1.067312,2.852544,0.1136831,-0.07347223,-0.1411314,0.9872607,16,-5.7,-10.06096,87.24144,17,0.7,-28.15361,215.9771
24.19025,-24.11367,-43.31686,340.4984,-1.238862,2.870924,0.1076821,-0.09759704,0.00683338,0.0005652749,-0.9952024,-1.198894,2.856432,0.1123704,-0.0665611,-0.1341206,0.9887271,16,-5.7,-9.739147,84.95165,17,0.7,-27.8318,213.6873
24.20776,NaN,NaN,NaN,-1.306523,2.873862,0.106745,-0.09706192,0.007760376,0.00164787,-0.9952467,-1.275256,2.861442,0.1105726,-0.0006875373,-0.1356036,0.9907629,16,-5.7,-9.507534,83.30363,17,0.7,-27.60019,212.0393
24.23206,NaN,NaN,NaN,-1.442669,2.879336,0.1044126,-0.09678338,0.009243482,0.004129099,-0.995254,-1.413334,2.867459,0.1085385,-0.0007427859,-0.124744,0.9921887,16,-5.7,-9.186079,81.01637,17,0.7,-27.27874,209.752
24.24957,NaN,NaN,NaN,-1.513192,2.882083,0.1030926,-0.09725011,0.009540303,0.005725133,-0.9951978,-1.476021,2.867459,0.1085385,-0.0007427859,-0.124744,0.9921887,16,-5.7,-8.954991,79.37209,17,0.7,-27.04765,208.1078
24.27374,NaN,NaN,NaN,-1.655629,2.887599,0.1003179,-0.0971386,0.0104806,0.008508886,-0.9951794,-1.620419,2.874008,0.1060485,0.002318654,-0.12287,0.99242,16,-5.7,-8.635391,77.09802,17,0.7,-26.72805,205.8337
24.29132,NaN,NaN,NaN,-1.728787,2.890379,0.09887758,-0.09658971,0.01079411,0.009875591,-0.9952167,-1.685448,2.874008,0.1060485,0.002318654,-0.12287,0.99242,16,-5.7,-8.402716,75.44245,17,0.7,-26.49537,204.1781
24.31555,NaN,NaN,NaN,-1.875849,2.895805,0.09605423,-0.09455059,0.01131648,0.01204044,-0.995383,-1.834595,2.880636,0.1030801,-0.0006635367,-0.1161131,0.9932358,16,-5.7,-8.082103,73.16117,17,0.7,-26.17476,201.8968
24.33301,NaN,NaN,NaN,-1.951239,2.898373,0.09473215,-0.09289715,0.01108616,0.01272112,-0.9955328,-1.920647,2.887236,0.09981879,-0.002884943,-0.1136776,0.9935135,16,-5.7,-7.851202,71.51823,17,0.7,-25.94386,200.2539
24.35724,NaN,NaN,NaN,-2.100907,2.903177,0.09216833,-0.08953671,0.01009402,0.01411062,-0.9958324,-2.053685,2.887236,0.09981879,-0.002884943,-0.1136776,0.9935135,16,-5.7,-7.531096,69.24056,17,0.7,-25.62375,197.9762
24.37451,NaN,NaN,NaN,-2.176095,2.905395,0.09099067,-0.08769441,0.009213693,0.01437314,-0.9960012,-2.140104,2.893679,0.0965118,0.001278889,-0.1092872,0.9940094,16,-5.7,-7.302403,67.61333,17,0.7,-25.39506,196.349
24.39905,NaN,NaN,NaN,-2.32743,2.909522,0.08887157,-0.0843978,0.00776687,0.0153661,-0.9962834,-2.294387,2.899738,0.09331696,0.008931588,-0.104232,0.9945129,16,-5.7,-6.978528,65.30885,17,0.7,-25.07118,194.0445
24.41632,NaN,NaN,NaN,-2.404104,2.911266,0.08802219,-0.08279414,0.006978745,0.01609391,-0.9964123,-2.362542,2.899738,0.09331696,0.008931588,-0.104232,0.9945129,16,-5.7,-6.749827,63.68156,17,0.7,-24.84248,192.4172
24.4408,NaN,NaN,NaN,-2.556477,2.91473,0.08677084,-0.07924862,0.00538657,0.0165389,-0.9967031,-2.517982,2.905161,0.09047237,0.01155937,-0.1060541,0.9942932,16,-5.7,-6.426469,61.38074,17,0.7,-24.51912,190.1164
24.45801,NaN,NaN,NaN,-2.63449,2.915508,0.08646728,-0.07810954,0.00427081,0.01827149,-0.9967682,-2.587327,2.905161,0.09047237,0.01155937,-0.1060541,0.9942932,16,-5.7,-6.198553,59.75903,17,0.7,-24.29121,188.4947
24.48254,NaN,NaN,NaN,-2.789149,2.917294,0.08607601,-0.07518119,0.00241536,0.01998961,-0.9969667,-2.745025,2.909939,0.08840529,0.0148941,-0.1018026,0.9946931,16,-5.7,-5.874345,57.45218,17,0.7,-23.967,186.1878
24.50006,NaN,NaN,NaN,-2.867054,2.917483,0.085906,-0.07394235,0.002021174,0.02095002,-0.9970405,-2.83468,2.913537,0.08699287,0.01847214,-0.1046266,0.99434,16,-5.7,-5.642733,55.80417,17,0.7,-23.73539,184.5398
24.52429,NaN,NaN,NaN,-3.021671,2.917667,0.08569793,-0.07376444,0.001256788,0.02292717,-0.9970114,-2.972117,2.913537,0.08699287,0.01847214,-0.1046266,0.99434,16,-5.7,-5.322483,53.52547,17,0.7,-23.41514,182.2611
24.54224,NaN,NaN,NaN,-3.098886,2.917657,0.08574055,-0.07389224,0.000816443,0.02427656,-0.9969704,-3.061296,2.915682,0.08610884,-0.03101541,-0.1277639,0.9913196,16,-5.7,-5.084995,51.83566,17,0.7,-23.17765,180.5713
24.56616,NaN,NaN,NaN,-3.254395,2.917012,0.08574848,-0.07376693,3.264099E-05,0.02612104,-0.9969334,-3.220155,2.916535,0.08569504,-0.04394381,-0.1298776,0.9905558,16,-5.7,-4.768928,49.58672,17,0.7,-22.86159,178.3224
24.58374,NaN,NaN,NaN,-3.33326,2.916321,0.08571011,-0.07460427,-0.0002697092,0.02734913,-0.9968381,-3.290257,2.916535,0.08569504,-0.04394381,-0.1298776,0.9905558,16,-5.7,-4.536085,47.92996,17,0.7,-22.62874,176.6656
24.60785,NaN,NaN,NaN,-3.486943,2.915202,0.08568783,-0.07727794,-0.001153102,0.02907797,-0.9965848,-3.447792,2.916378,0.08552122,-0.04390578,-0.1300161,0.9905393,16,-5.7,-4.217733,45.66477,17,0.7,-22.31039,174.4004
24.62555,NaN,NaN,NaN,-3.563515,2.91467,0.08567718,-0.07883973,-0.001345081,0.03025484,-0.9964272,-3.515855,2.916378,0.08552122,-0.04390578,-0.1300161,0.9905393,16,-5.7,-3.983729,43.99975,17,0.7,-22.07639,172.7354
24.6496,-21.67118,-49.64238,375.8427,-3.715426,2.913581,0.08554851,-0.08117679,-0.001504077,0.03197344,-0.9961857,-3.671419,2.915439,0.08553956,-0.04738752,-0.1383677,0.9892466,16,-5.7,-3.66536,41.73444,17,0.7,-21.75802,170.4701
24.66724,NaN,NaN,NaN,-3.789736,2.913217,0.08546734,-0.08151694,-0.001365548,0.0324457,-0.9961428,-3.757864,2.914127,0.08553766,-0.04641142,-0.1430253,0.9886302,16,-5.7,-3.432155,40.0751,17,0.7,-21.52481,168.8107
24.69135,NaN,NaN,NaN,-3.936394,2.911299,0.08528416,-0.08135035,-0.001481617,0.03242209,-0.9961571,-3.888226,2.914127,0.08553766,-0.04641142,-0.1430253,0.9886302,16,-5.7,-3.113492,37.80769,17,0.7,-21.20615,166.5433
24.70905,NaN,NaN,NaN,-4.007026,2.909888,0.08528084,-0.08094128,-0.001493765,0.03116075,-0.9962305,-3.971202,2.912826,0.08557251,-0.05226465,-0.1415668,0.9885481,16,-5.7,-2.880116,36.14713,17,0.7,-20.97277,164.8828
24.73315,NaN,NaN,NaN,-4.144743,2.907744,0.08525892,-0.07925889,-0.001606215,0.02864414,-0.9964412,-4.11336,2.911029,0.08554021,-0.04387508,-0.1421817,0.9888677,16,-5.7,-2.56073,33.87458,17,0.7,-20.65339,162.6102
24.75092,NaN,NaN,NaN,-4.211289,2.906033,0.08514065,-0.07795937,-0.001869053,0.02781195,-0.9965668,-4.172512,2.911029,0.08554021,-0.04387508,-0.1421817,0.9888677,16,-5.7,-2.326532,32.20818,17,0.7,-20.41919,160.9438
24.77484,NaN,NaN,NaN,-4.339016,2.902763,0.08508922,-0.07762842,-0.002455717,0.02717165,-0.996609,-4.305015,2.908503,0.08526888,-0.04070632,-0.1418369,0.9890527,16,-5.7,-2.009441,29.95196,17,0.7,-20.1021,158.6876
24.79266,NaN,NaN,NaN,-4.399856,2.901345,0.08527227,-0.07678788,-0.00296348,0.02719639,-0.996672,-4.359095,2.908503,0.08526888,-0.04070632,-0.1418369,0.9890527,16,-5.7,-1.774113,28.27751,17,0.7,-19.86677,157.0131
24.81671,NaN,NaN,NaN,-4.518279,2.89771,0.0855528,-0.07517186,-0.004332906,0.02868749,-0.9967485,-4.482412,2.905234,0.0850713,-0.03990443,-0.1451721,0.9886014,16,-5.7,-1.456219,26.01558,17,0.7,-19.54888,154.7512
24.83447,NaN,NaN,NaN,-4.574449,2.89565,0.08567995,-0.07512891,-0.004982619,0.03035376,-0.9966993,-4.549428,2.901455,0.08502768,-0.0381357,-0.1455541,0.988615,16,-5.7,-1.221635,24.34642,17,0.7,-19.31429,153.082
24.85883,NaN,NaN,NaN,-4.680779,2.891707,0.08596788,-0.07582183,-0.006240029,0.03285414,-0.9965605,-4.643944,2.901455,0.08502768,-0.0381357,-0.1455541,0.988615,16,-5.7,-0.8996744,22.05556,17,0.7,-18.99233,150.7912
24.87616,-20.7648,-54.26624,386.4836,-4.730721,2.889405,0.08585559,-0.07749748,-0.006794708,0.03370276,-0.9963996,-4.70427,2.897305,0.0853101,-0.04108245,-0.1462231,0.9883983,16,-5.7,-0.670093,20.422,17,0.7,-18.76275,149.1576
24.90039,-12.85,-26.68795,193.5826,-4.825671,2.88535,0.08560227,-0.08169958,-0.00785449,0.03511693,-0.9960072,-4.803402,2.892707,0.08562965,-0.04107287,-0.1509908,0.9876815,16,-5.7,-0.3501705,18.14564,17,0.7,-18.44283,146.8812
24.91779,-12.85,-26.54221,192.6293,-4.870269,2.883339,0.08537897,-0.08423959,-0.008522952,0.03646116,-0.9957418,-4.843045,2.892707,0.08562965,-0.04107287,-0.1509908,0.9876815,16,-5.7,-0.1196236,16.50521,17,0.7,-18.21228,145.2408
24.94214,-9.695317,-16.80238,119.9144,-4.954615,2.878598,0.0847969,-0.08892239,-0.00942957,0.03844274,-0.9952518,-4.931578,2.887769,0.08567406,-0.03919833,-0.1620201,0.9860086,16,-5.7,0.2020377,14.21647,17,0.7,-17.89062,142.9521
24.95978,-9.728822,-16.80239,119.9145,-4.992304,2.876484,0.08434212,-0.09070239,-0.009700286,0.03903063,-0.9950657,-4.965079,2.887769,0.08567406,-0.03919833,-0.1620201,0.9860086,16,-5.7,0.4351483,12.5578,17,0.7,-17.65751,141.2934
24.98389,-8.256743,-12.04721,86.07949,-5.060919,2.873052,0.08321054,-0.09239246,-0.0106312,0.04016658,-0.9948555,-5.038506,2.88265,0.08547397,-0.03684733,-0.17094,0.9845922,16,-5.7,0.7542665,10.28716,17,0.7,-17.33839,139.0228
25.00134,NaN,NaN,NaN,-5.090908,2.871274,0.08235884,-0.09276426,-0.0119055,0.04131127,-0.9947596,-5.076197,2.877492,0.0845997,0.03519268,-0.1374143,0.9898883,16,-5.7,0.985261,8.643547,17,0.7,-17.1074,137.3792
25.02563,NaN,NaN,NaN,-5.144571,2.867828,0.08058543,-0.09393094,-0.01492482,0.04327475,-0.9945258,-5.123898,2.877492,0.0845997,0.03519268,-0.1374143,0.9898883,16,-5.7,1.306059,6.360953,17,0.7,-16.7866,135.0966
25.04327,NaN,NaN,NaN,-5.167049,2.866579,0.07973495,-0.09355097,-0.01694413,0.04403661,-0.9944958,-5.153403,2.872859,0.08323441,0.03886326,-0.1350544,0.9900758,16,-5.7,1.538897,4.70422,17,0.7,-16.55376,133.4398
25.06738,NaN,NaN,NaN,-5.20755,2.863976,0.07776833,-0.0921742,-0.02005219,0.04485934,-0.9945298,-5.197393,2.868618,0.08122673,0.03754045,-0.1302963,0.9907641,16,-5.7,1.858334,2.431308,17,0.7,-16.23432,131.1669
25.08496,NaN,NaN,NaN,-5.222996,2.862505,0.07663609,-0.09217791,-0.02130426,0.04506421,-0.9944942,-5.211124,2.868618,0.08122673,0.03754045,-0.1302963,0.9907641,16,-5.7,2.09075,0.7775836,17,0.7,-16.00191,129.5132
25.10919,NaN,NaN,NaN,-5.246623,2.860584,0.07461345,-0.09333216,-0.02360572,0.04502606,-0.9943363,-5.238534,2.865074,0.07908038,0.0440414,-0.126428,0.9909977,17,0.7,-15.68176,127.2352,18,-5.7,-33.77425,255.9701
25.12701,NaN,NaN,NaN,-5.253739,2.860066,0.07363585,-0.09318497,-0.02493054,0.04498079,-0.9943198,-5.24486,2.865074,0.07908038,0.0440414,-0.126428,0.9909977,17,0.7,-15.44633,125.5601,18,-5.7,-33.53883,254.2949
25.15057,NaN,NaN,NaN,-5.2636,2.858584,0.0715059,-0.09247039,-0.02733762,0.04606707,-0.9942735,-5.258461,2.861998,0.07678727,0.04699285,-0.1269477,0.9907956,17,0.7,-15.13451,123.3413,18,-5.7,-33.22701,252.0762
25.1684,NaN,NaN,NaN,-5.263476,2.858017,0.07044895,-0.09215329,-0.02815307,0.04678344,-0.9942467,-5.26153,2.859668,0.0743892,0.04723767,-0.1261868,0.9908812,17,0.7,-14.89932,121.6678,18,-5.7,-32.99182,250.4027
25.19244,NaN,NaN,NaN,-5.258262,2.857268,0.06828125,-0.09275842,-0.02973648,0.0486698,-0.9940538,-5.256895,2.859668,0.0743892,0.04723767,-0.1261868,0.9908812,17,0.7,-14.5811,119.4036,18,-5.7,-32.6736,248.1385
25.2099,NaN,NaN,NaN,-5.252005,2.857357,0.06722037,-0.09299812,-0.03034467,0.04964315,-0.9939649,-5.252853,2.857886,0.07201893,0.0505885,-0.1273761,0.9905636,17,0.7,-14.34998,117.7591,18,-5.7,-32.44248,246.494
25.23419,NaN,NaN,NaN,-5.235179,2.857147,0.06478041,-0.09350547,-0.03126657,0.05214344,-0.9937606,-5.238019,2.856743,0.06939735,0.04882282,-0.1304049,0.990258,17,0.7,-14.02901,115.4753,18,-5.7,-32.12151,244.2102
25.25171,NaN,NaN,NaN,-5.223708,2.85731,0.0634834,-0.09421295,-0.03164704,0.05360016,-0.9936042,-5.227821,2.856743,0.06939735,0.04882282,-0.1304049,0.990258,17,0.7,-13.79777,113.8299,18,-5.7,-31.89027,242.5648
25.27594,NaN,NaN,NaN,-5.196717,2.857931,0.06084767,-0.09527853,-0.03215649,0.0557867,-0.993366,-5.202578,2.856264,0.06665856,0.04340135,-0.1308889,0.9904466,17,0.7,-13.47691,111.5469,18,-5.7,-31.56941,240.2818
25.29352,NaN,NaN,NaN,-5.181158,2.858373,0.05921938,-0.09573533,-0.03228024,0.05687853,-0.9932561,-5.188747,2.856264,0.06665856,0.04340135,-0.1308889,0.9904466,17,0.7,-13.24503,109.897,18,-5.7,-31.33753,238.6318
25.31738,NaN,NaN,NaN,-5.145016,2.859605,0.05610934,-0.09582336,-0.03255857,0.05853739,-0.9931421,-5.154202,2.856351,0.06354693,0.04528897,-0.1330314,0.9900765,17,0.7,-12.92895,107.648,18,-5.7,-31.02146,236.3829
25.33496,NaN,NaN,NaN,-5.123825,2.860337,0.054518,-0.09554883,-0.03247232,0.05903336,-0.993142,-5.131878,2.857022,0.06014828,0.04653592,-0.1336581,0.9899343,17,0.7,-12.69699,105.9975,18,-5.7,-30.78949,234.7323
25.35925,NaN,NaN,NaN,-5.07619,2.862408,0.05152068,-0.09441447,-0.03255092,0.05945724,-0.9932227,-5.089536,2.857022,0.06014828,0.04653592,-0.1336581,0.9899343,17,0.7,-12.37535,103.7089,18,-5.7,-30.46786,232.4438
25.37671,NaN,NaN,NaN,-5.048621,2.863534,0.05005426,-0.09302295,-0.03270888,0.05908102,-0.9933712,-5.060405,2.858302,0.05669235,0.04754357,-0.137724,0.9893289,17,0.7,-12.14483,102.0687,18,-5.7,-30.23734,230.8036
25.40094,NaN,NaN,NaN,-4.989068,2.865917,0.04707485,-0.09050819,-0.03289255,0.0583468,-0.9936408,-5.001731,2.860275,0.05310955,0.04536662,-0.1354677,0.9897426,17,0.7,-11.82422,99.78741,18,-5.7,-29.91673,228.5223
25.41858,NaN,NaN,NaN,-4.95506,2.867333,0.04558709,-0.08939227,-0.03296696,0.05794545,-0.9937629,-4.971502,2.860275,0.05310955,0.04536662,-0.1354677,0.9897426,17,0.7,-11.59095,98.12764,18,-5.7,-29.68346,226.8625
25.44281,NaN,NaN,NaN,-4.883596,2.870212,0.04273589,-0.08758413,-0.03311341,0.05658726,-0.9939972,-4.900904,2.862793,0.0494582,0.04608589,-0.1312324,0.9902798,17,0.7,-11.27089,95.85027,18,-5.7,-29.3634,224.5851
25.46075,NaN,NaN,NaN,-4.845038,2.871807,0.04136635,-0.08714072,-0.03338569,0.05613903,-0.9940525,-4.86663,2.862793,0.0494582,0.04608589,-0.1312324,0.9902798,17,0.7,-11.03379,94.16324,18,-5.7,-29.1263,222.8981
25.4845,NaN,NaN,NaN,-4.762075,2.875702,0.03893193,-0.08503243,-0.03382801,0.05471564,-0.9942994,-4.784665,2.865865,0.04594491,0.04680254,-0.1271072,0.9907842,17,0.7,-10.71966,91.92808,18,-5.7,-28.81217,220.6629
25.50244,NaN,NaN,NaN,-4.717337,2.877459,0.03763486,-0.08365271,-0.03392035,0.05377156,-0.9944648,-4.73548,2.869414,0.04259139,0.05018878,-0.1366189,0.9893515,17,0.7,-10.48254,90.24087,18,-5.7,-28.57505,218.9757
25.52637,NaN,NaN,NaN,-4.622165,2.881717,0.03532729,-0.0817003,-0.03427495,0.051228,-0.9947492,-4.650883,2.869414,0.04259139,0.05018878,-0.1366189,0.9893515,17,0.7,-10.16602,87.98872,18,-5.7,-28.25853,216.7236
25.54413,NaN,NaN,NaN,-4.571686,2.88373,0.0341787,-0.08070243,-0.03468117,0.04999087,-0.9948795,-4.59535,2.873565,0.03946878,0.05558082,-0.1360241,0.9891452,17,0.7,-9.931147,86.31749,18,-5.7,-28.02365,215.0524
25.56805,NaN,NaN,NaN,-4.467514,2.888507,0.03212434,-0.0793201,-0.03576031,0.04801283,-0.9950499,-4.490819,2.878217,0.03656978,0.05689627,-0.1329648,0.9894863,17,0.7,-9.615055,84.06838,18,-5.7,-27.70756,212.8033
25.58582,NaN,NaN,NaN,-4.412857,2.890924,0.03114827,-0.07880562,-0.03651657,0.04744628,-0.9950905,-4.442236,2.878217,0.03656978,0.05689627,-0.1329648,0.9894863,17,0.7,-9.380342,82.39832,18,-5.7,-27.47285,211.1332
25.6098,NaN,NaN,NaN,-4.300237,2.896291,0.02933678,-0.07736336,-0.03739531,0.04492801,-0.995288,-4.329035,2.883387,0.03387284,0.06336067,-0.1292126,0.9895906,17,0.7,-9.062835,80.13913,18,-5.7,-27.15534,208.874
25.6283,NaN,NaN,NaN,-4.240994,2.899179,0.02846373,-0.07689893,-0.03775483,0.04344992,-0.9953759,-4.276375,2.883387,0.03387284,0.06336067,-0.1292126,0.9895906,17,0.7,-8.81823,78.39867,18,-5.7,-26.91074,207.1336
25.65161,22.73816,-44.68517,360.724,-4.121193,2.904513,0.02677899,-0.07646883,-0.03881873,0.04107418,-0.995469,-4.155802,2.889125,0.03143215,0.07372066,-0.1304087,0.9887158,17,0.7,-8.510438,76.20862,18,-5.7,-26.60294,204.9435
25.66956,23.5255,-44.72881,359.0499,-4.059589,2.907282,0.02613563,-0.07642324,-0.03928431,0.03998359,-0.9954987,-4.086105,2.895444,0.02930722,0.07601967,-0.131118,0.9884478,17,0.7,-8.273049,74.51952,18,-5.7,-26.36555,203.2544
25.6936,23.50682,-44.50465,357.3599,-3.934386,2.912811,0.02489702,-0.07533512,-0.04018043,0.03825435,-0.9956138,-3.974814,2.895444,0.02930722,0.07601967,-0.131118,0.9884478,17,0.7,-7.954844,72.25536,18,-5.7,-26.04735,200.9903
25.71124,22.96726,-44.39732,355.1267,-3.869545,2.915376,0.0244018,-0.0742266,-0.04012796,0.03719955,-0.9957391,-3.901427,2.901936,0.02731959,0.07479276,-0.1316641,0.9884688,17,0.7,-7.721504,70.59507,18,-5.7,-25.81401,199.33
25.73511,23.11796,-43.11583,353.0364,-3.738496,2.920423,0.02352866,-0.07261585,-0.03955561,0.03411208,-0.9959913,-3.768524,2.908455,0.02559265,0.07530969,-0.1289151,0.9887919,17,0.7,-7.40621,68.35163,18,-5.7,-25.49872,197.0865
25.75299,23.00246,-42.81545,350.7325,-3.671028,2.92274,0.02331845,-0.07198838,-0.03888835,0.03243529,-0.9961192,-3.708552,2.908455,0.02559265,0.07530969,-0.1289151,0.9887919,17,0.7,-7.170048,66.67125,18,-5.7,-25.26255,195.4062
25.77692,21.76487,-42.90371,349.1722,-3.536886,2.926886,0.02309085,-0.07053854,-0.03788356,0.03063286,-0.9963186,-3.572319,2.914768,0.02426077,0.0717662,-0.1297783,0.9889424,17,0.7,-6.853518,64.41902,18,-5.7,-24.94602,193.1539
25.79535,21.66733,-42.61758,346.9919,-3.46862,2.928559,0.02317934,-0.06973884,-0.03722553,0.03029089,-0.9964103,-3.511637,2.914768,0.02426077,0.0717662,-0.1297783,0.9889424,17,0.7,-6.609552,62.68311,18,-5.7,-24.70206,191.418
25.81879,20.25609,-44.61962,346.9174,-3.33,2.931726,0.02381588,-0.06808092,-0.03580617,0.02978838,-0.996592,-3.37107,2.920479,0.02336505,0.06732675,-0.1354678,0.9884915,17,0.7,-6.300197,60.48193,18,-5.7,-24.3927,189.2168
25.83704,NaN,NaN,NaN,-3.260084,2.932652,0.02439117,-0.06734987,-0.03483253,0.02962814,-0.996681,-3.290915,2.925527,0.02313364,0.06531699,-0.1317369,0.9891304,17,0.7,-6.058721,58.76374,18,-5.7,-24.15123,187.4987
25.8609,NaN,NaN,NaN,-3.119626,2.934476,0.02592002,-0.0665419,-0.03280994,0.02911276,-0.996819,-3.166064,2.925527,0.02313364,0.06531699,-0.1317369,0.9891304,17,0.7,-5.74282,56.51599,18,-5.7,-23.83533,185.2509
25.87848,NaN,NaN,NaN,-3.049002,2.934993,0.02697703,-0.06637702,-0.03186251,0.02931513,-0.9968548,-3.084934,2.929505,0.02365044,0.06451306,-0.1281673,0.989652,17,0.7,-5.510623,54.86383,18,-5.7,-23.60313,183.5987
25.9024,NaN,NaN,NaN,-2.906394,2.935417,0.02916948,-0.06708854,-0.03012834,0.02962369,-0.996852,-2.939516,2.932333,0.02496386,0.06516485,-0.1318938,0.9891196,17,0.7,-5.194638,52.61547,18,-5.7,-23.28714,181.3504
25.92035,NaN,NaN,NaN,-2.835658,2.935126,0.03053974,-0.06796323,-0.02928961,0.0299452,-0.9968082,-2.876641,2.932333,0.02496386,0.06516485,-0.1318938,0.9891196,17,0.7,-4.956811,50.92325,18,-5.7,-23.04932,179.6582
25.94415,23.41331,-41.92033,333.4579,-2.696292,2.933797,0.03365793,-0.06863532,-0.02789729,0.0310412,-0.9967685,-2.733905,2.933927,0.02706353,0.07748498,-0.1329216,0.9880931,17,0.7,-4.64222,48.68481,18,-5.7,-22.73473,177.4197
25.96265,23.30007,-41.62119,331.2343,-2.627519,2.932655,0.03546862,-0.06892302,-0.02730272,0.0316451,-0.9967461,-2.672773,2.933927,0.02706353,0.07748498,-0.1329216,0.9880931,17,0.7,-4.398259,46.94894,18,-5.7,-22.49076,175.6839
25.98596,21.86077,-42.87455,328.8575,-2.492412,2.930109,0.03928902,-0.06987246,-0.02532249,0.03163357,-0.9967327,-2.533951,2.933973,0.02997966,0.07327986,-0.1376052,0.9877727,17,0.7,-4.089336,44.75084,18,-5.7,-22.18184,173.4858
26.00366,NaN,NaN,NaN,-2.426215,2.9287,0.04134544,-0.07126088,-0.02427821,0.03222149,-0.9966415,-2.456584,2.932541,0.03367182,0.0692242,-0.1418343,0.987467,17,0.7,-3.855413,43.0864,18,-5.7,-21.94792,171.8213
26.02856,NaN,NaN,NaN,-2.297094,2.925946,0.04559368,-0.07343701,-0.02280116,0.03332616,-0.9964821,-2.34181,2.932541,0.03367182,0.0692242,-0.1418343,0.987467,17,0.7,-3.526816,40.74831,18,-5.7,-21.61932,169.4832
26.04517,22.73323,-45.77697,327.7922,-2.235929,2.924171,0.04784838,-0.07399364,-0.02204243,0.03418862,-0.9964288,-2.269304,2.929906,0.03796952,0.07524186,-0.1465765,0.9863336,17,0.7,-3.307027,39.18443,18,-5.7,-21.39953,167.9193
26.06952,12.85,-28.36307,204.9829,-2.117852,2.92081,0.0526312,-0.0741845,-0.02002571,0.03485789,-0.9964339,-2.146828,2.926627,0.04284324,0.07214985,-0.150535,0.9859684,17,0.7,-2.985232,36.89474,18,-5.7,-21.07774,165.6297
26.08691,12.85,-28.25863,204.2989,-2.061535,2.919449,0.0552115,-0.07341242,-0.01851263,0.03417353,-0.9965441,-2.096768,2.926627,0.04284324,0.07214985,-0.150535,0.9859684,17,0.7,-2.75478,35.25499,18,-5.7,-20.84729,163.9899
26.11139,NaN,NaN,NaN,-1.956993,2.914226,0.05955979,-0.07508688,-0.0161648,0.03579195,-0.9964034,-1.987225,2.922885,0.04818624,0.07829532,-0.1428178,0.9866473,17,0.7,-2.431728,32.95635,18,-5.7,-20.52423,161.6913
26.12946,23.23831,-43.0093,317.3676,-1.906732,2.911529,0.06159898,-0.07873572,-0.0152917,0.03748616,-0.9960731,-1.942548,2.922885,0.04818624,0.07829532,-0.1428178,0.9866473,17,0.7,-2.192799,31.25628,18,-5.7,-20.28531,159.9912
26.15314,NaN,NaN,NaN,-1.812242,2.906628,0.06580435,-0.08257028,-0.01338122,0.03898108,-0.9957327,-1.843016,2.918692,0.05384476,0.0786466,-0.1446767,0.9863485,17,0.7,-1.879578,29.0276,18,-5.7,-19.97208,157.7625
26.17059,8.384688,-18.58647,132.6089,-1.77132,2.904388,0.06807404,-0.08324846,-0.01278623,0.04030751,-0.9956312,-1.792262,2.913257,0.05924266,0.07557119,-0.159651,0.9842767,17,0.7,-1.648807,27.38558,18,-5.7,-19.74131,156.1205
26.19556,8.454459,-18.58646,132.6088,-1.69282,2.900641,0.07272884,-0.08240402,-0.01118776,0.04123112,-0.995683,-1.722484,2.913257,0.05924266,0.07557119,-0.159651,0.9842767,17,0.7,-1.31883,25.03767,18,-5.7,-19.41133,153.7726
26.21216,5.734809,-12.68653,90.62859,-1.658181,2.89843,0.07486138,-0.08207505,-0.01028161,0.04093474,-0.995732,-1.678987,2.907457,0.0644119,0.08041386,-0.1691405,0.9823061,17,0.7,-1.098735,23.47161,18,-5.7,-19.19124,152.2065
26.23676,4.316325,-10.27287,73.45435,-1.595214,2.89452,0.0789904,-0.08341178,-0.00954528,0.04128207,-0.9956139,-1.611787,2.90215,0.06971029,0.07925998,-0.1761526,0.9811668,17,0.7,-0.7740225,21.16117,18,-5.7,-18.86653,149.8961
26.25397,4.342172,-10.27287,73.45435,-1.566138,2.893153,0.0809492,-0.08380117,-0.009377876,0.04064191,-0.9956093,-1.585941,2.90215,0.06971029,0.07925998,-0.1761526,0.9811668,17,0.7,-0.5458864,19.53789,18,-5.7,-18.63839,148.2728
26.27942,3.840793,-9.241053,66.11258,-1.514936,2.890188,0.0846242,-0.08523748,-0.008191684,0.03803932,-0.9956006,-1.530547,2.897147,0.07489636,0.07974259,-0.1802031,0.9803917,17,0.7,-0.2098854,17.14712,18,-5.7,-18.30239,145.882
26.29669,3.859802,-9.241055,66.11259,-1.493552,2.88896,0.08641057,-0.08580392,-0.007844076,0.03581421,-0.9956373,-1.511539,2.897147,0.07489636,0.07974259,-0.1802031,0.9803917,17,0.7,0.01880299,15.51992,18,-5.7,-18.0737,144.2548
26.32025,3.393648,-8.474043,60.65502,-1.453442,2.886509,0.08992697,-0.08641633,-0.007290898,0.03165403,-0.9957295,-1.467564,2.892893,0.07979479,0.07862995,-0.1838599,0.9798024,17,0.7,0.3300441,13.30532,18,-5.7,-17.76246,142.0402
26.33759,3.253969,-8.066181,57.75293,-1.435201,2.885715,0.09154144,-0.08544881,-0.007004071,0.028271,-0.9959168,-1.444556,2.889323,0.08431029,0.07978778,-0.1860404,0.9792971,17,0.7,0.55964,11.67166,18,-5.7,-17.53287,140.4066
26.36255,3.282369,-8.066184,57.75296,-1.403253,2.883716,0.09438581,-0.0847459,-0.006369539,0.02389289,-0.9960958,-1.416158,2.889323,0.08431029,0.07978778,-0.1860404,0.9792971,17,0.7,0.8896018,9.323864,18,-5.7,-17.2029,138.0588
26.37939,3.351734,-8.521228,60.99076,-1.389415,2.882801,0.09564155,-0.08465279,-0.00603025,0.02201354,-0.9961491,-1.398148,2.886339,0.08853631,0.07643447,-0.1835691,0.9800307,17,0.7,1.11245,7.738216,18,-5.7,-16.98005,136.4731
26.40369,4.553336,-10.95263,78.29124,-1.365568,2.880437,0.09766496,-0.08574136,-0.005096899,0.01820385,-0.9961382,-1.372126,2.883662,0.09234953,0.0744084,-0.1737479,0.9819751,17,0.7,1.433516,5.453716,18,-5.7,-16.65899,134.1886
26.42139,4.562441,-10.95263,78.29126,-1.355327,2.879333,0.09850587,-0.0868833,-0.004055649,0.01543307,-0.9960908,-1.363023,2.883662,0.09234953,0.0744084,-0.1737479,0.9819751,17,0.7,1.667346,3.789928,18,-5.7,-16.42516,132.5248
26.44556,NaN,NaN,NaN,-1.337561,2.877226,0.1001313,-0.0872315,-0.00190535,0.01110763,-0.9961243,-1.343337,2.881356,0.095477,-0.03286783,-0.135153,0.9902794,17,0.7,1.986587,1.518411,18,-5.7,-16.10592,130.2533
26.46417,NaN,NaN,NaN,-1.331047,2.876293,0.1009098,-0.08634104,-0.0008505695,0.01018667,-0.9962132,-1.337547,2.881356,0.095477,-0.03286783,-0.135153,0.9902794,18,-5.7,-15.8593,128.4985,19,5.7,-34.60184,261.8586
26.4873,NaN,NaN,NaN,-1.321934,2.874063,0.1021547,-0.08470494,0.000901932,0.008884418,-0.9963661,-1.326321,2.87886,0.09792204,-0.04572073,-0.1348656,0.9898085,18,-5.7,-15.55353,126.3228,19,5.7,-34.29607,259.683
26.50482,NaN,NaN,NaN,-1.319271,2.873116,0.1026918,-0.08402041,0.001943247,0.008090371,-0.9964293,-1.321544,2.87637,0.09983636,-0.0494298,-0.1291888,0.9903873,18,-5.7,-15.32191,124.6748,19,5.7,-34.06445,258.0349
26.52954,NaN,NaN,NaN,-1.319392,2.870958,0.1037303,-0.08374476,0.004128655,0.006090193,-0.9964601,-1.321652,2.87637,0.09983636,-0.0494298,-0.1291888,0.9903873,18,-5.7,-14.99567,122.3535,19,5.7,-33.73822,255.7136
26.54657,NaN,NaN,NaN,-1.322999,2.870127,0.1042567,-0.08426219,0.005484107,0.005497856,-0.9964134,-1.323269,2.873874,0.1013894,-0.04485421,-0.1237638,0.9912975,18,-5.7,-14.77044,120.7509,19,5.7,-33.51298,254.111
26.57086,NaN,NaN,NaN,-1.33387,2.868778,0.1052381,-0.0832568,0.007665821,0.004416229,-0.9964889,-1.332361,2.871391,0.1028756,-0.04464653,-0.1249468,0.9911584,18,-5.7,-14.44865,118.4613,19,5.7,-33.1912,251.8214
26.58832,NaN,NaN,NaN,-1.342358,2.868203,0.1056435,-0.08241827,0.008342497,0.004245927,-0.996554,-1.339905,2.871391,0.1028756,-0.04464653,-0.1249468,0.9911584,18,-5.7,-14.21859,116.8242,19,5.7,-32.96113,250.1844
26.61267,NaN,NaN,NaN,-1.36362,2.867129,0.1063714,-0.08120796,0.00972697,0.003698704,-0.9966429,-1.359319,2.869215,0.1041635,-0.04541081,-0.1217647,0.9915197,18,-5.7,-13.89617,114.5302,19,5.7,-32.63872,247.8903
26.63043,NaN,NaN,NaN,-1.377531,2.866498,0.1065209,-0.08149769,0.01033398,0.003451246,-0.996614,-1.371685,2.869215,0.1041635,-0.04541081,-0.1217647,0.9915197,18,-5.7,-13.66133,112.8592,19,5.7,-32.40388,246.2193
26.65436,NaN,NaN,NaN,-1.409644,2.865849,0.1067777,-0.08292542,0.01189798,0.001889779,-0.9964829,-1.401797,2.86742,0.1052598,-0.04729752,-0.1216614,0.9914441,18,-5.7,-13.34525,110.6102,19,5.7,-32.0878,243.9703
26.67169,NaN,NaN,NaN,-1.428305,2.865679,0.1067983,-0.08352964,0.01226437,0.00134621,-0.9964289,-1.42111,2.866071,0.10608,-0.04156125,-0.1207727,0.9918098,18,-5.7,-13.11586,108.9779,19,5.7,-31.8584,242.3381
26.69653,NaN,NaN,NaN,-1.470271,2.865144,0.1066748,-0.08417741,0.01226758,0.001226809,-0.9963745,-1.458413,2.866071,0.10608,-0.04156125,-0.1207727,0.9918098,18,-5.7,-12.78764,106.6425,19,5.7,-31.53018,240.0027
26.71356,NaN,NaN,NaN,-1.494962,2.865281,0.1065595,-0.08441447,0.01170007,0.001837018,-0.9963604,-1.484219,2.865099,0.1065311,-0.04418758,-0.1229133,0.9914332,18,-5.7,-12.56253,105.0408,19,5.7,-31.30507,238.4009
26.73059,NaN,NaN,NaN,-1.52114,2.865606,0.1064469,-0.08436428,0.01139091,0.001923606,-0.9963681,-1.507488,2.865099,0.1065311,-0.04418758,-0.1229133,0.9914332,18,-5.7,-12.3375,103.4396,19,5.7,-31.08004,236.7998
26.75195,NaN,NaN,NaN,-1.578183,2.866291,0.106164,-0.0843594,0.01142294,0.001779406,-0.9963683,-1.563133,2.864492,0.1066407,-0.03939798,-0.1245176,0.9914349,18,-5.7,-12.05504,101.4298,19,5.7,-30.79759,234.79
26.76923,NaN,NaN,NaN,-1.611241,2.866906,0.1060576,-0.08370738,0.01155866,0.001857475,-0.9964216,-1.598559,2.864539,0.1065329,-0.03925627,-0.1253152,0.99134,18,-5.7,-11.82596,99.7998,19,5.7,-30.5685,233.16
26.79425,NaN,NaN,NaN,-1.680904,2.867868,0.1055536,-0.08321334,0.0120641,0.003042592,-0.9964541,-1.660481,2.864539,0.1065329,-0.03925627,-0.1253152,0.99134,18,-5.7,-11.49547,97.44827,19,5.7,-30.23801,230.8084
26.81085,NaN,NaN,NaN,-1.719265,2.868607,0.1052072,-0.0845667,0.01217179,0.004248222,-0.9963345,-1.701922,2.865151,0.106187,-0.03824946,-0.1246096,0.9914684,18,-5.7,-11.27611,95.88744,19,5.7,-30.01865,229.2476
26.83551,NaN,NaN,NaN,-1.799672,2.870996,0.1047534,-0.08578311,0.01216417,0.005515317,-0.9962243,-1.782017,2.866269,0.1057012,-0.03887343,-0.1249341,0.9914032,18,-5.7,-10.95002,93.56721,19,5.7,-29.69257,226.9274
26.85266,NaN,NaN,NaN,-1.843326,2.872407,0.1045941,-0.08543507,0.01232166,0.005436026,-0.9962527,-1.82082,2.866269,0.1057012,-0.03887343,-0.1249341,0.9914032,18,-5.7,-10.72305,91.95224,19,5.7,-29.4656,225.3124
26.86957,NaN,NaN,NaN,-1.88824,2.873752,0.1044043,-0.08504761,0.01234628,0.005501249,-0.9962853,-1.870607,2.868043,0.105156,-0.03591762,-0.1325167,0.9905298,18,-5.7,-10.49982,90.36384,19,5.7,-29.24236,223.724
26.89111,NaN,NaN,NaN,-1.981765,2.876798,0.1039925,-0.0839683,0.01200136,0.006571824,-0.9963745,-1.953741,2.868043,0.105156,-0.03591762,-0.1325167,0.9905298,18,-5.7,-10.21498,88.33714,19,5.7,-28.95753,221.6973
26.9082,NaN,NaN,NaN,-2.031753,2.878531,0.103815,-0.083415,0.01166268,0.00762055,-0.9964175,-2.009133,2.870783,0.1046076,-0.03622735,-0.132583,0.9905096,18,-5.7,-9.988986,86.72907,19,5.7,-28.73153,220.0892
26.92487,NaN,NaN,NaN,-2.083746,2.880372,0.1036363,-0.08320883,0.01113245,0.009435507,-0.9964253,-2.055349,2.870783,0.1046076,-0.03622735,-0.132583,0.9905096,18,-5.7,-9.76872,85.1618,19,5.7,-28.51126,218.522
26.94684,NaN,NaN,NaN,-2.190093,2.884232,0.1032602,-0.08336801,0.01074772,0.01119912,-0.996398,-2.161892,2.874249,0.1040834,-0.03756041,-0.1330103,0.9904027,18,-5.7,-9.477849,83.09214,19,5.7,-28.22039,216.4523
26.96417,NaN,NaN,NaN,-2.246439,2.886106,0.1030698,-0.08353096,0.01083042,0.01157628,-0.9963791,-2.211978,2.874249,0.1040834,-0.03756041,-0.1330103,0.9904027,18,-5.7,-9.24922,81.46536,19,5.7,-27.99177,214.8255
26.98102,NaN,NaN,NaN,-2.304478,2.888211,0.1030636,-0.08410472,0.01087432,0.01225453,-0.9963223,-2.276643,2.878307,0.1036324,-0.03775252,-0.1319813,0.9905331,18,-5.7,-9.026274,79.87902,19,5.7,-27.76882,213.2392
27.0025,NaN,NaN,NaN,-2.422814,2.892252,0.1027322,-0.08521372,0.01022218,0.01419501,-0.9962091,-2.396034,2.882945,0.1034709,-0.0373036,-0.1321969,0.9905213,18,-5.7,-8.741671,77.85397,19,5.7,-27.48422,211.2141
27.0199,NaN,NaN,NaN,-2.484665,2.894447,0.1026808,-0.08605503,0.009644368,0.01561893,-0.9961213,-2.451012,2.882945,0.1034709,-0.0373036,-0.1321969,0.9905213,18,-5.7,-8.512131,76.2207,19,5.7,-27.25468,209.5808
27.03656,NaN,NaN,NaN,-2.546687,2.89671,0.1025963,-0.08584888,0.008907742,0.01662579,-0.9961297,-2.52119,2.887621,0.1029987,-0.03699103,-0.1337722,0.9903215,18,-5.7,-8.291657,74.65195,19,5.7,-27.0342,208.0121
27.05823,NaN,NaN,NaN,-2.671373,2.900735,0.1023262,-0.08571508,0.007597493,0.01793659,-0.9961293,-2.632022,2.887621,0.1029987,-0.03699103,-0.1337722,0.9903215,18,-5.7,-8.005348,72.61475,19,5.7,-26.74789,205.9749
27.0755,NaN,NaN,NaN,-2.736,2.902797,0.1022477,-0.08532657,0.006872418,0.01824571,-0.9961623,-2.705179,2.892565,0.1026316,-0.03608891,-0.1303146,0.9908157,18,-5.7,-7.777183,70.99127,19,5.7,-26.51973,204.3514
27.09222,NaN,NaN,NaN,-2.801733,2.904922,0.1022496,-0.08473528,0.006039372,0.0184575,-0.9962142,-2.763608,2.892565,0.1026316,-0.03608891,-0.1303146,0.9908157,18,-5.7,-7.555725,69.41552,19,5.7,-26.29827,202.7757
27.11407,NaN,NaN,NaN,-2.934763,2.909142,0.1023864,-0.08284736,0.004409806,0.01930763,-0.9963655,-2.898316,2.89757,0.1023368,-0.03871482,-0.127451,0.991089,18,-5.7,-7.267137,67.36211,19,5.7,-26.00968,200.7222
27.13116,NaN,NaN,NaN,-3.003713,2.910589,0.1024653,-0.08287904,0.003258317,0.02067981,-0.9963397,-2.959604,2.89757,0.1023368,-0.03871482,-0.127451,0.991089,18,-5.7,-7.040912,65.75244,19,5.7,-25.78346,199.1126
27.15588,NaN,NaN,NaN,-3.140529,2.914259,0.1030509,-0.08221225,0.001098316,0.0219174,-0.9963732,-3.098426,2.902613,0.1022549,-0.03595022,-0.1244994,0.9915681,18,-5.7,-6.714431,63.42941,19,5.7,-25.45698,196.7895
27.17297,NaN,NaN,NaN,-3.210557,2.9155,0.1032852,-0.08183016,-5.450845E-05,0.02196012,-0.9964043,-3.178463,2.907374,0.1024719,-0.03497506,-0.1223211,0.9918742,18,-5.7,-6.48784,61.81713,19,5.7,-25.23038,195.1773
27.19769,NaN,NaN,NaN,-3.350584,2.917336,0.1038699,-0.08225592,-0.002070956,0.02204693,-0.9963652,-3.302932,2.907374,0.1024719,-0.03497506,-0.1223211,0.9918742,18,-5.7,-6.16135,59.49403,19,5.7,-24.90389,192.8542
27.21478,NaN,NaN,NaN,-3.422001,2.917986,0.1043572,-0.08268195,-0.00314736,0.02172838,-0.9963342,-3.384484,2.911588,0.1027794,-0.03849212,-0.1253228,0.9913691,18,-5.7,-5.93571,57.88852,19,5.7,-24.67826,191.2486
27.23163,NaN,NaN,NaN,-3.493671,2.918383,0.1048998,-0.08309606,-0.004024005,0.02168723,-0.9962974,-3.448191,2.911588,0.1027794,-0.03849212,-0.1253228,0.9913691,18,-5.7,-5.712895,56.30311,19,5.7,-24.45544,189.6632
27.25323,NaN,NaN,NaN,-3.636121,2.918883,0.1061029,-0.08337934,-0.00523221,0.02099497,-0.996283,-3.593315,2.914764,0.1034149,-0.03436528,-0.1250678,0.9915529,18,-5.7,-5.426733,54.26696,19,5.7,-24.16928,187.6271
27.27045,NaN,NaN,NaN,-3.707199,2.918528,0.1067231,-0.08340269,-0.005442124,0.02064213,-0.9962872,-3.675254,2.916735,0.1043359,-0.03889994,-0.1308932,0.990633,18,-5.7,-5.199108,52.64732,19,5.7,-23.94165,186.0074
27.28717,NaN,NaN,NaN,-3.778053,2.91784,0.107378,-0.08390262,-0.005889373,0.02037886,-0.9962482,-3.738236,2.916735,0.1043359,-0.03889994,-0.1308932,0.990633,18,-5.7,-4.978529,51.07782,19,5.7,-23.72107,184.4379
27.30908,-21.12196,-43.93318,365.2553,-3.919219,2.916097,0.1088222,-0.08490085,-0.006958639,0.01996242,-0.9961651,-3.88267,2.917468,0.1056307,-0.04677645,-0.1271228,0.9907834,18,-5.7,-4.688711,49.01566,19,5.7,-23.43126,182.3758
27.32623,-21.17956,-43.92133,365.163,-3.988909,2.914831,0.1095494,-0.08544672,-0.007454991,0.02018582,-0.9961104,-3.944616,2.917468,0.1056307,-0.04677645,-0.1271228,0.9907834,18,-5.7,-4.461877,47.40165,19,5.7,-23.20442,180.7618
27.35071,NaN,NaN,NaN,-4.12507,2.912439,0.1111714,-0.08569757,-0.007738774,0.0198207,-0.996094,-4.084592,2.916751,0.1071734,-0.04413661,-0.1288196,0.9906853,18,-5.7,-4.137967,45.09691,19,5.7,-22.88051,178.457
27.36786,NaN,NaN,NaN,-4.190929,2.910875,0.1120458,-0.08551829,-0.007395153,0.01942879,-0.9961197,-4.161769,2.914767,0.1088416,-0.04346495,-0.1305652,0.9904866,18,-5.7,-3.911196,43.48335,19,5.7,-22.65374,176.8435
27.39258,NaN,NaN,NaN,-4.319056,2.907363,0.1135679,-0.08638376,-0.007363752,0.01934223,-0.996047,-4.27566,2.914767,0.1088416,-0.04346495,-0.1305652,0.9904866,18,-5.7,-3.585008,41.1624,19,5.7,-22.32755,174.5225
27.40961,-20.77906,-44.41033,355.0013,-4.38092,2.905554,0.114183,-0.08705053,-0.007552529,0.01975172,-0.9959795,-4.348742,2.911903,0.1108488,-0.04584244,-0.1320344,0.9901845,18,-5.7,-3.359249,39.55605,19,5.7,-22.1018,172.9162
27.4267,-20.83057,-44.40233,354.9413,-4.441993,2.903821,0.1146723,-0.08784541,-0.007715334,0.02073986,-0.9958884,-4.403028,2.911903,0.1108488,-0.04584244,-0.1320344,0.9901845,18,-5.7,-3.133675,37.951,19,5.7,-21.87622,171.3111
27.44824,-20.69364,-44.57634,351.7579,-4.562494,2.900331,0.1154985,-0.0891435,-0.00802289,0.02256531,-0.9957308,-4.527684,2.908194,0.112623,-0.04551164,-0.1336821,0.9899787,18,-5.7,-2.84915,35.9265,19,5.7,-21.5917,169.2866
27.46552,-20.65429,-44.30883,349.7769,-4.620687,2.8982,0.1156843,-0.09014393,-0.00804573,0.0236885,-0.9956145,-4.579412,2.908194,0.112623,-0.04551164,-0.1336821,0.9899787,18,-5.7,-2.620701,34.301,19,5.7,-21.36325,167.6611
27.48987,NaN,NaN,NaN,-4.730783,2.894039,0.1158504,-0.09228913,-0.008206811,0.02425812,-0.9954029,-4.694109,2.904009,0.1141375,-0.04249562,-0.1358475,0.989818,18,-5.7,-2.298786,32.01046,19,5.7,-21.04133,165.3706
27.50714,NaN,NaN,NaN,-4.781923,2.891631,0.1156041,-0.09366173,-0.008494968,0.02339821,-0.9952929,-4.755626,2.899602,0.1151642,-0.03657484,-0.1395338,0.9895416,18,-5.7,-2.069625,30.37989,19,5.7,-20.81217,163.74
27.53149,NaN,NaN,NaN,-4.881418,2.886757,0.1148917,-0.09646902,-0.008602217,0.02253133,-0.9950438,-4.844065,2.899602,0.1151642,-0.03657484,-0.1395338,0.9895416,18,-5.7,-1.747716,28.0894,19,5.7,-20.49026,161.4495
27.54895,NaN,NaN,NaN,-4.928314,2.884227,0.1143565,-0.09808563,-0.00865522,0.02329702,-0.9948676,-4.90084,2.894774,0.1155959,-0.03587037,-0.1382916,0.9897418,18,-5.7,-1.516993,26.44771,19,5.7,-20.25954,159.8078
27.57336,NaN,NaN,NaN,-5.014969,2.879792,0.1130989,-0.09993727,-0.008687904,0.02383582,-0.9946702,-4.991923,2.889367,0.1154258,-0.03547836,-0.1442549,0.9889044,18,-5.7,-1.194738,24.15475,19,5.7,-19.93728,157.5149
27.59082,NaN,NaN,NaN,-5.053962,2.877174,0.1123147,-0.09929591,-0.00845924,0.02392518,-0.9947343,-5.026584,2.889367,0.1154258,-0.03547836,-0.1442549,0.9889044,18,-5.7,-0.9633603,22.50841,19,5.7,-19.7059,155.8685
27.61511,NaN,NaN,NaN,-5.125729,2.872258,0.1105379,-0.09920631,-0.008269403,0.02504475,-0.9947173,-5.103115,2.883642,0.114294,-0.0425344,-0.1442167,0.9886315,18,-5.7,-0.6422714,20.22375,19,5.7,-19.38482,153.5839
27.63263,NaN,NaN,NaN,-5.156915,2.870263,0.1095234,-0.09912627,-0.008199092,0.02595389,-0.9947026,-5.142164,2.877834,0.1126677,-0.03133088,-0.1459344,0.988798,18,-5.7,-0.4111385,18.57915,19,5.7,-19.15368,151.9393
27.65692,NaN,NaN,NaN,-5.212415,2.86613,0.1071337,-0.1000359,-0.007712301,0.02808017,-0.9945576,-5.191497,2.877834,0.1126677,-0.03133088,-0.1459344,0.988798,18,-5.7,-0.08954743,16.29091,19,5.7,-18.83209,149.651
27.67432,NaN,NaN,NaN,-5.235475,2.863648,0.1055103,-0.1013854,-0.007635621,0.02981213,-0.9943711,-5.221807,2.872236,0.110607,0.04793547,-0.1195663,0.9916683,18,-5.7,0.1399762,14.65777,19,5.7,-18.60257,148.0179
27.69873,NaN,NaN,NaN,-5.275386,2.859548,0.1024443,-0.1034926,-0.008137304,0.03361874,-0.9940286,-5.265457,2.866962,0.1079634,0.06104384,-0.1206279,0.9908192,18,-5.7,0.4632372,12.35764,19,5.7,-18.27931,145.7178
27.71606,NaN,NaN,NaN,-5.290255,2.85763,0.1008561,-0.1033173,-0.008555705,0.03515606,-0.9939901,-5.278674,2.866962,0.1079634,0.06104384,-0.1206279,0.9908192,18,-5.7,0.6925266,10.72616,19,5.7,-18.05002,144.0863
27.74091,NaN,NaN,NaN,-5.312507,2.8533,0.09723331,-0.1032678,-0.008534597,0.03600325,-0.9939651,-5.304936,2.861785,0.10465,0.06599981,-0.1065645,0.9921129,18,-5.7,1.02071,8.391021,19,5.7,-17.72184,141.7511
27.75806,NaN,NaN,NaN,-5.317932,2.851521,0.09539247,-0.1028069,-0.008416189,0.03672565,-0.9939875,-5.309758,2.861785,0.10465,0.06599981,-0.1065645,0.9921129,18,-5.7,1.247411,6.777955,19,5.7,-17.49513,140.1381
27.77435,NaN,NaN,NaN,-5.320086,2.849755,0.09350447,-0.1023877,-0.008651849,0.03795165,-0.9939827,-5.316346,2.856743,0.1008307,0.06677628,-0.1026768,0.9924709,18,-5.7,1.462697,5.246121,19,5.7,-17.27985,138.6062
27.79657,NaN,NaN,NaN,-5.318993,2.84646,0.08968112,-0.1018574,-0.009706546,0.04103156,-0.9939051,-5.315374,2.856743,0.1008307,0.06677628,-0.1026768,0.9924709,18,-5.7,1.75643,3.156098,19,5.7,-16.98612,136.5162
27.81305,NaN,NaN,NaN,-5.313019,2.844736,0.08767527,-0.1013235,-0.0101269,0.04247672,-0.9938948,-5.312845,2.851945,0.09664226,0.05984298,-0.1022991,0.992952,18,-5.7,1.974898,1.601618,19,5.7,-16.76765,134.9617
27.83063,NaN,NaN,NaN,-5.304797,2.843047,0.08562645,-0.1011026,-0.01029593,0.04371214,-0.993862,-5.305536,2.851945,0.09664226,0.05984298,-0.1022991,0.992952,18,-5.7,2.206605,-0.04706466,19,5.7,-16.53594,133.313
27.85181,NaN,NaN,NaN,-5.281802,2.840005,0.08150452,-0.1011056,-0.01111495,0.04705306,-0.9937003,-5.286006,2.847641,0.09211987,0.06146787,-0.09964895,0.9931223,19,5.7,-16.2555,131.3176,20,-5.7,-34.75018,262.9143
27.86938,NaN,NaN,NaN,-5.264851,2.838946,0.07944617,-0.1010467,-0.01229429,0.04925631,-0.9935855,-5.270025,2.843605,0.08739282,0.06147837,-0.1153155,0.9914246,19,5.7,-16.02292,129.6627,20,-5.7,-34.5176,261.2595
27.89374,NaN,NaN,NaN,-5.226313,2.836765,0.0752928,-0.1009507,-0.01466497,0.05240868,-0.9934019,-5.235769,2.843605,0.08739282,0.06147837,-0.1153155,0.9914246,19,5.7,-15.70131,127.3744,20,-5.7,-34.196,258.9711
27.91095,22.50027,-42.45856,386.8741,-5.203165,2.835706,0.07320354,-0.1009529,-0.01557907,0.05356032,-0.9933263,-5.212536,2.840008,0.08251461,0.07098206,-0.1160253,0.9907067,19,5.7,-15.47327,125.7518,20,-5.7,-33.96795,257.3485
27.9353,NaN,NaN,NaN,-5.152987,2.834255,0.06910627,-0.1009621,-0.01777651,0.05592415,-0.9931582,-5.163676,2.837,0.07755189,0.06748153,-0.1161603,0.9909354,19,5.7,-15.15135,123.4612,20,-5.7,-33.64603,255.0579
27.95258,NaN,NaN,NaN,-5.124254,2.833884,0.06700871,-0.100606,-0.01868226,0.05692904,-0.9931206,-5.138136,2.837,0.07755189,0.06748153,-0.1161603,0.9909354,19,5.7,-14.92304,121.8367,20,-5.7,-33.41772,253.4334
27.97711,22.66279,-41.99151,381.1847,-5.059875,2.833765,0.06270054,-0.1005438,-0.02026451,0.05744672,-0.9930661,-5.075268,2.834585,0.07257248,0.07209549,-0.11651,0.9905694,19,5.7,-14.59884,119.5299,20,-5.7,-33.09352,251.1266
27.99481,22.53744,-41.73653,379.0168,-5.023385,2.833974,0.06050779,-0.1006739,-0.02093411,0.05644536,-0.9930964,-5.042832,2.834585,0.07257248,0.07209549,-0.11651,0.9905694,19,5.7,-14.36477,117.8643,20,-5.7,-32.85945,249.4611
28.01892,22.84069,-41.98369,377.0805,-4.945444,2.834906,0.05617468,-0.1000394,-0.0224376,0.05475375,-0.9932224,-4.966439,2.833205,0.06758957,0.07304513,-0.1177272,0.9903558,19,5.7,-14.0458,115.5947,20,-5.7,-32.54047,247.1915
28.03607,23.10002,-41.76344,374.7425,-4.901764,2.835946,0.05418935,-0.09902948,-0.02336191,0.0539181,-0.993348,-4.919011,2.83286,0.06236524,0.07405316,-0.1178662,0.9902644,19,5.7,-13.81924,113.9827,20,-5.7,-32.31392,245.5795
28.06134,23.06118,-41.5691,373.1097,-4.808098,2.838744,0.05055048,-0.0963326,-0.02508805,0.05127219,-0.9937111,-4.835752,2.83286,0.06236524,0.07405316,-0.1178662,0.9902644,19,5.7,-13.48499,111.6044,20,-5.7,-31.97967,243.2012
28.07794,22.98396,-40.73933,370.7039,-4.757916,2.840662,0.04888567,-0.09489281,-0.02591282,0.05040959,-0.9938726,-4.781177,2.833783,0.05731146,0.07419265,-0.1164339,0.9904234,19,5.7,-13.26596,110.046,20,-5.7,-31.76064,241.6427
28.09515,22.91699,-40.56207,369.196,-4.706187,2.842467,0.04708819,-0.09414192,-0.02679213,0.05026878,-0.9939279,-4.735195,2.833783,0.05731146,0.07419265,-0.1164339,0.9904234,19,5.7,-13.03804,108.4242,20,-5.7,-31.53271,240.0209
28.11646,NaN,NaN,NaN,-4.59722,2.847108,0.04367563,-0.09435735,-0.02775763,0.04901749,-0.9939435,-4.62681,2.836266,0.05266707,0.07686164,-0.1117602,0.9907582,19,5.7,-12.75622,106.4189,20,-5.7,-31.2509,238.0157
28.13361,NaN,NaN,NaN,-4.539052,2.849616,0.04194813,-0.09454602,-0.02839077,0.04834894,-0.9939404,-4.562156,2.840158,0.04836092,0.07870776,-0.1091159,0.9909081,19,5.7,-12.5294,104.805,20,-5.7,-31.02407,236.4017
28.15839,NaN,NaN,NaN,-4.419258,2.855564,0.03888579,-0.09455447,-0.03001807,0.04680952,-0.9939654,-4.455671,2.840158,0.04836092,0.07870776,-0.1091159,0.9909081,19,5.7,-12.20224,102.4772,20,-5.7,-30.69692,234.074
28.17548,NaN,NaN,NaN,-4.356552,2.85875,0.03758338,-0.0932808,-0.03037138,0.04539529,-0.9941406,-4.385713,2.845228,0.04423411,0.08083096,-0.1201143,0.9894639,19,5.7,-11.97592,100.8668,20,-5.7,-30.4706,232.4636
28.20013,NaN,NaN,NaN,-4.226811,2.865502,0.03474558,-0.09228289,-0.0309057,0.04226039,-0.9943555,-4.255018,2.851549,0.04061806,0.08380056,-0.1212995,0.9890723,19,5.7,-11.65,98.54775,20,-5.7,-30.14467,230.1445
28.21729,NaN,NaN,NaN,-4.15792,2.869202,0.0332997,-0.09230992,-0.03108717,0.04062612,-0.9944155,-4.193782,2.851549,0.04061806,0.08380056,-0.1212995,0.9890723,19,5.7,-11.42335,96.93507,20,-5.7,-29.91803,228.5318
28.24176,NaN,NaN,NaN,-4.01603,2.877011,0.03057753,-0.09127794,-0.03130091,0.03665771,-0.9946582,-4.051074,2.859036,0.03698342,0.0828807,-0.1213264,0.9891464,19,5.7,-11.09966,94.6319,20,-5.7,-29.59434,226.2287
28.25903,NaN,NaN,NaN,-3.941894,2.881041,0.02929456,-0.09037174,-0.03152654,0.03483219,-0.9947994,-3.985175,2.859036,0.03698342,0.0828807,-0.1213264,0.9891464,19,5.7,-10.87113,93.00581,20,-5.7,-29.3658,224.6026
28.28345,NaN,NaN,NaN,-3.790218,2.889169,0.02679561,-0.08789903,-0.03161767,0.0310101,-0.9951445,-3.832643,2.867488,0.03351865,0.08448672,-0.118976,0.9892961,19,5.7,-10.5487,90.71158,20,-5.7,-29.04337,222.3083
28.30115,NaN,NaN,NaN,-3.710701,2.893281,0.02555501,-0.08664495,-0.03157072,0.02902567,-0.9953157,-3.743018,2.876689,0.0302107,0.08692884,-0.1152177,0.9895293,19,5.7,-10.31487,89.0478,20,-5.7,-28.80954,220.6446
28.3252,NaN,NaN,NaN,-3.549802,2.901288,0.02316821,-0.08457544,-0.03159487,0.02566583,-0.9955853,-3.599997,2.876689,0.0302107,0.08692884,-0.1152177,0.9895293,19,5.7,-9.996616,86.78333,20,-5.7,-28.49129,218.3801
28.34277,NaN,NaN,NaN,-3.467094,2.904866,0.02202191,-0.08385926,-0.03164317,0.02446697,-0.9956746,-3.50643,2.886333,0.02710716,0.08805989,-0.1091243,0.9901199,19,5.7,-9.764149,85.12923,20,-5.7,-28.25882,216.726
28.36707,NaN,NaN,NaN,-3.300404,2.911985,0.01996632,-0.08205862,-0.03184959,0.02247211,-0.995865,-3.337344,2.89594,0.02425379,0.08856893,-0.1039534,0.9906307,19,5.7,-9.443496,82.84767,20,-5.7,-27.93817,214.4444
28.38464,NaN,NaN,NaN,-3.215804,2.915307,0.0191391,-0.08079338,-0.03185199,0.02207288,-0.9959772,-3.262144,2.89594,0.02425379,0.08856893,-0.1039534,0.9906307,19,5.7,-9.2105,81.18982,20,-5.7,-27.70517,212.7866
28.40881,NaN,NaN,NaN,-3.045972,2.921192,0.01754763,-0.0784618,-0.03129458,0.02070309,-0.9962107,-3.089471,2.90499,0.02160129,0.0949337,-0.09924209,0.9905244,19,5.7,-8.891046,78.91679,20,-5.7,-27.38572,210.5135
28.42639,NaN,NaN,NaN,-2.960418,2.923333,0.01678528,-0.07752093,-0.03081842,0.02019339,-0.9963097,-3.013422,2.90499,0.02160129,0.0949337,-0.09924209,0.9905244,19,5.7,-8.658504,77.26217,20,-5.7,-27.15318,208.8589
28.45056,NaN,NaN,NaN,-2.789076,2.927204,0.01561216,-0.0767058,-0.02935822,0.01880797,-0.996444,-2.838766,2.913158,0.01927252,0.09474365,-0.09515335,0.9909437,19,5.7,-8.339389,74.99155,20,-5.7,-26.83406,206.5883
28.46814,NaN,NaN,NaN,-2.703061,2.928875,0.01525014,-0.0762319,-0.02817764,0.01808224,-0.9965279,-2.739743,2.91996,0.01733993,0.09660385,-0.09651467,0.9906324,19,5.7,-8.10701,73.33808,20,-5.7,-26.60168,204.9348
28.49237,NaN,NaN,NaN,-2.531958,2.931425,0.0148383,-0.07498489,-0.02583781,0.01743932,-0.9966974,-2.587652,2.91996,0.01733993,0.09660385,-0.09651467,0.9906324,19,5.7,-7.786107,71.05474,20,-5.7,-26.28078,202.6515
28.50995,22.7249,-21.95633,252.0609,-2.446686,2.932046,0.01478071,-0.0744494,-0.02443405,0.01767693,-0.9967687,-2.489117,2.925181,0.01587142,0.09906399,-0.09775793,0.9902675,19,5.7,-7.554317,69.40547,20,-5.7,-26.04899,201.0022
28.53424,23.93498,-24.00212,249.4368,-2.277782,2.932452,0.01487804,-0.07389202,-0.02102761,0.01769413,-0.9968876,-2.316189,2.928892,0.01500103,0.1040717,-0.1067669,0.9888225,19,5.7,-7.233183,67.12048,20,-5.7,-25.72785,198.7172
28.55164,23.76247,-23.74863,247.0891,-2.193887,2.932095,0.01508075,-0.07432284,-0.01898958,0.0180201,-0.9968905,-2.241615,2.928892,0.01500103,0.1040717,-0.1067669,0.9888225,19,5.7,-7.002607,65.47985,20,-5.7,-25.49728,197.0766
28.57587,22.24958,-26.32041,245.0207,-2.027738,2.931204,0.0158932,-0.07543547,-0.01511599,0.01817901,-0.9968704,-2.071237,2.930825,0.01470621,0.09809089,-0.1179763,0.9881598,19,5.7,-6.682369,63.20123,20,-5.7,-25.17704,194.798
28.59326,22.10046,-26.05275,242.7788,-1.945142,2.93075,0.01675753,-0.07561629,-0.01291863,0.01767906,-0.9968965,-1.997818,2.930825,0.01470621,0.09809089,-0.1179763,0.9881598,19,5.7,-6.452428,61.56512,20,-5.7,-24.9471,193.1619
28.61761,22.83528,-26.5425,240.5719,-1.782173,2.9287,0.01856976,-0.07550201,-0.008504651,0.01713604,-0.9969622,-1.830573,2.931048,0.0150286,0.1012523,-0.1209878,0.9874765,19,5.7,-6.130339,59.27333,20,-5.7,-24.62501,190.8701
28.63489,22.88324,-27.79699,238.6088,-1.70119,2.927682,0.0198217,-0.07548131,-0.006110149,0.0172618,-0.9969791,-1.736458,2.930103,0.01614341,0.1018102,-0.1270662,0.9866554,19,5.7,-5.902321,57.65091,20,-5.7,-24.39699,189.2477
28.65961,22.85823,-27.58754,236.9824,-1.540526,2.925131,0.02262177,-0.07500993,-0.001642128,0.01746897,-0.9970284,-1.593645,2.930103,0.01614341,0.1018102,-0.1270662,0.9866554,19,5.7,-5.575336,55.32428,20,-5.7,-24.07001,186.9211
28.67657,21.13096,-27.31222,234.8844,-1.460439,2.923601,0.0242474,-0.07549147,0.000588676,0.01710911,-0.9969995,-1.500588,2.928249,0.01809266,0.09513684,-0.1271227,0.9873139,19,5.7,-5.351164,53.72922,20,-5.7,-23.84583,185.326
28.69336,21.19883,-27.30784,234.8504,-1.380394,2.922406,0.02620078,-0.07537277,0.002578388,0.01609547,-0.9970223,-1.429437,2.928249,0.01809266,0.09513684,-0.1271227,0.9873139,19,5.7,-5.129072,52.14894,20,-5.7,-23.62374,183.7457
28.71503,NaN,NaN,NaN,-1.221342,2.91873,0.03009687,-0.07487767,0.006506627,0.01429948,-0.9970689,-1.266533,2.925554,0.02099204,0.08888609,-0.1333821,0.9870707,19,5.7,-4.842453,50.10955,20,-5.7,-23.33712,181.7063
28.73236,NaN,NaN,NaN,-1.142208,2.916248,0.0319591,-0.07510267,0.008370328,0.01391111,-0.9970437,-1.174891,2.922225,0.02484766,0.09258197,-0.1442713,0.9851977,19,5.7,-4.613292,48.47898,20,-5.7,-23.10796,180.0757
28.7569,NaN,NaN,NaN,-0.9877214,2.910521,0.03539515,-0.07847698,0.01181685,0.01477192,-0.9967365,-1.03757,2.922225,0.02484766,0.09258197,-0.1442713,0.9851977,19,5.7,-4.289261,46.17339,20,-5.7,-22.78393,177.7701
28.77393,NaN,NaN,NaN,-0.9102732,2.908001,0.03726497,-0.08101976,0.01300692,0.01614069,-0.996497,-0.9475793,2.917851,0.02924675,0.08422693,-0.1447885,0.9858713,19,5.7,-4.063446,44.56663,20,-5.7,-22.55812,176.1634
28.79871,NaN,NaN,NaN,-0.7576155,2.902701,0.0409202,-0.08330645,0.01489761,0.01649454,-0.9962761,-0.7909383,2.91197,0.03347078,0.08864517,-0.1418846,0.9859061,19,5.7,-3.736603,42.24102,20,-5.7,-22.23127,173.8378
28.81573,NaN,NaN,NaN,-0.6836649,2.900358,0.04302005,-0.08398125,0.01554086,0.0170122,-0.9962009,-0.7252045,2.91197,0.03347078,0.08864517,-0.1418846,0.9859061,19,5.7,-3.510943,40.63536,20,-5.7,-22.00561,172.2321
28.83264,NaN,NaN,NaN,-0.6112531,2.898008,0.04516119,-0.08290903,0.01678941,0.01695945,-0.9962714,-0.6608385,2.91197,0.03347078,0.08864517,-0.1418846,0.9859061,19,5.7,-3.287324,39.04423,20,-5.7,-21.78199,170.641
28.85431,NaN,NaN,NaN,-0.4703716,2.892486,0.04906219,-0.08186161,0.0193155,0.01887568,-0.9962777,-0.5151558,2.905787,0.03796877,0.08974366,-0.1308791,0.9873281,19,5.7,-3.001093,37.0076,20,-5.7,-21.49576,168.6043
28.87152,NaN,NaN,NaN,-0.4012242,2.889707,0.05079126,-0.0832394,0.02028402,0.01987076,-0.996125,-0.4337892,2.899671,0.04269968,0.09121662,-0.1325545,0.9869695,19,5.7,-2.773108,35.3854,20,-5.7,-21.26778,166.9821
28.88818,NaN,NaN,NaN,-0.33247,2.887311,0.05248233,-0.0846315,0.02116749,0.01910846,-0.9960042,-0.3726743,2.899671,0.04269968,0.09121662,-0.1325545,0.9869695,19,5.7,-2.55322,33.82081,20,-5.7,-21.04789,165.4176
28.9101,25.11931,-36.94329,292.307,-0.1997573,2.882426,0.05575406,-0.08671343,0.02276128,0.01833096,-0.9958046,-0.2355294,2.893398,0.04734112,0.08564379,-0.1345607,0.9871973,19,5.7,-2.263575,31.75988,20,-5.7,-20.75825,163.3566
28.92731,25.17856,-36.94844,292.3449,-0.1367936,2.880587,0.05748089,-0.08741093,0.02339012,0.01748681,-0.9957442,-0.1795617,2.893398,0.04734112,0.08564379,-0.1345607,0.9871973,19,5.7,-2.035611,30.13783,20,-5.7,-20.53028,161.7346
28.94403,NaN,NaN,NaN,-0.07611578,2.878801,0.05920326,-0.08746409,0.02427496,0.01667478,-0.9957323,-0.1071652,2.887184,0.0516443,0.03675825,-0.122031,0.9918454,19,5.7,-1.81441,28.56391,20,-5.7,-20.30908,160.1607
28.9657,NaN,NaN,NaN,0.03982313,2.874881,0.06215706,-0.08883506,0.02582181,0.01731622,-0.995561,0.01337458,2.881645,0.0557849,-0.03376707,-0.1098367,0.9933759,19,5.7,-1.52848,26.52941,20,-5.7,-20.02315,158.1262
28.98328,NaN,NaN,NaN,0.09380618,2.872923,0.06336714,-0.09067726,0.02629686,0.01862131,-0.9953589,0.06135952,2.881645,0.0557849,-0.03376707,-0.1098367,0.9933759,19,5.7,-1.295757,24.8735,20,-5.7,-19.79043,156.4703
28.99976,NaN,NaN,NaN,0.1462431,2.870945,0.06447877,-0.09178869,0.02643913,0.01928543,-0.9952406,0.1242834,2.876768,0.05963119,-0.03751482,-0.1131586,0.9928684,19,5.7,-1.078442,23.32722,20,-5.7,-19.57311,154.924
29.02155,NaN,NaN,NaN,0.2447317,2.867523,0.06658661,-0.09242319,0.02665134,0.01899267,-0.9951819,0.2118288,2.876768,0.05963119,-0.03751482,-0.1131586,0.9928684,19,5.7,-0.7898841,21.27403,20,-5.7,-19.28456,152.8708
29.03857,NaN,NaN,NaN,0.2886959,2.865736,0.06742583,-0.09213752,0.02677957,0.01844413,-0.9952152,0.2658517,2.872046,0.06275465,-0.04195821,-0.117655,0.9921678,19,5.7,-0.5645472,19.67067,20,-5.7,-19.05922,151.2674
29.06342,NaN,NaN,NaN,0.3714511,2.863132,0.06937623,-0.09213199,0.02705831,0.01663333,-0.9952402,0.3394119,2.872046,0.06275465,-0.04195821,-0.117655,0.9921678,19,5.7,-0.2360349,17.33319,20,-5.7,-18.73071,148.9299
29.08044,NaN,NaN,NaN,0.407565,2.861907,0.07020865,-0.09208849,0.02708489,0.01603705,-0.9952533,0.3850991,2.867731,0.06550765,-0.04324614,-0.1189116,0.9919626,19,5.7,-0.01088198,15.73114,20,-5.7,-18.50555,147.3279
29.09741,NaN,NaN,NaN,0.4413238,2.860974,0.07108713,-0.09222264,0.02684363,0.01562954,-0.9952539,0.415107,2.867731,0.06550765,-0.04324614,-0.1189116,0.9919626,19,5.7,0.2133366,14.13574,20,-5.7,-18.28134,145.7325
29.11914,NaN,NaN,NaN,0.5025753,2.859418,0.0728041,-0.09082979,0.0265509,0.01352438,-0.9954206,0.4815519,2.864005,0.0679352,-0.04837925,-0.1188208,0.9917364,19,5.7,0.5006861,12.09114,20,-5.7,-17.99399,143.6879
29.13617,NaN,NaN,NaN,0.5274309,2.858622,0.07344039,-0.08961791,0.02681129,0.01200399,-0.9955429,0.5139531,2.86105,0.07010157,-0.0482894,-0.1187087,0.9917542,19,5.7,0.7258019,10.48936,20,-5.7,-17.76887,142.0861
29.16119,NaN,NaN,NaN,0.5684109,2.85798,0.07491648,-0.08800851,0.02666434,0.0109725,-0.9957023,0.5503797,2.86105,0.07010157,-0.0482894,-0.1187087,0.9917542,19,5.7,1.056023,8.139713,20,-5.7,-17.43865,139.7365
29.17792,NaN,NaN,NaN,0.5827615,2.85768,0.07551228,-0.08780426,0.02669138,0.01081168,-0.9957215,0.5716854,2.8589,0.07203709,-0.05008775,-0.1177486,0.9917794,19,5.7,1.277173,6.566154,20,-5.7,-17.2175,138.1629
29.20251,NaN,NaN,NaN,0.6058218,2.857441,0.07680602,-0.0872602,0.0274299,0.008989703,-0.9957673,0.5987587,2.857452,0.07388001,-0.04817082,-0.1149788,0.9921993,19,5.7,1.60266,4.250192,20,-5.7,-16.89201,135.847
29.21991,NaN,NaN,NaN,0.611964,2.857535,0.07742157,-0.08651855,0.02813388,0.007489725,-0.9958248,0.6042185,2.857452,0.07388001,-0.04817082,-0.1149788,0.9921993,19,5.7,1.833075,2.610706,20,-5.7,-16.6616,134.2075
29.24426,NaN,NaN,NaN,0.6159582,2.858054,0.07845515,-0.08518368,0.0294369,0.005540214,-0.995915,0.6123427,2.856683,0.07552662,-0.05063697,-0.1140659,0.9921819,19,5.7,2.154301,0.3250644,20,-5.7,-16.34037,131.9218
29.26263,NaN,NaN,NaN,0.613085,2.858417,0.07872837,-0.08537807,0.03017533,0.005009879,-0.9958791,0.6097888,2.856683,0.07552662,-0.05063697,-0.1140659,0.9921819,20,-5.7,-16.09695,130.1898,21,0.7,-34.18943,258.9243
29.28595,NaN,NaN,NaN,0.5997832,2.859191,0.07903956,-0.08695165,0.03146496,0.004199072,-0.9957067,0.6005512,2.856507,0.07693222,-0.05088833,-0.1115564,0.9924543,20,-5.7,-15.78906,127.999,21,0.7,-33.88153,256.7335
29.30347,NaN,NaN,NaN,0.5873675,2.85981,0.0789822,-0.08827915,0.03216021,0.003924754,-0.9955688,0.5901968,2.856989,0.07806665,-0.045595,-0.1092102,0.9929724,20,-5.7,-15.55719,126.3492,21,0.7,-33.64967,255.0836
29.32819,NaN,NaN,NaN,0.5561766,2.861035,0.07874642,-0.08903296,0.03381005,0.00339484,-0.9954489,0.5624716,2.856989,0.07806665,-0.045595,-0.1092102,0.9929724,20,-5.7,-15.23,124.0212,21,0.7,-33.32248,252.7556
29.34515,NaN,NaN,NaN,0.5348592,2.861948,0.07862657,-0.08823236,0.03481321,0.003483882,-0.9954852,0.5423108,2.857931,0.07869051,-0.04858059,-0.1113657,0.9925913,20,-5.7,-15.00609,122.428,21,0.7,-33.09857,251.1624
29.36951,NaN,NaN,NaN,0.4860737,2.86395,0.07834148,-0.08560858,0.03667913,0.004931934,-0.9956412,0.4958065,2.859266,0.07874525,-0.05005835,-0.114484,0.9921631,20,-5.7,-14.68443,120.1392,21,0.7,-32.77691,248.8737
29.38727,NaN,NaN,NaN,0.4561914,2.865265,0.07826814,-0.08361958,0.03731272,0.006980168,-0.9957745,0.4692444,2.859266,0.07874525,-0.05005835,-0.114484,0.9921631,20,-5.7,-14.44946,118.4673,21,0.7,-32.54194,247.2018
29.41125,NaN,NaN,NaN,0.3906716,2.867692,0.07802573,-0.08070955,0.03827465,0.01123071,-0.9959393,0.4058548,2.861124,0.07846354,-0.05731359,-0.1117422,0.9920831,20,-5.7,-14.13218,116.2097,21,0.7,-32.22466,244.9442
29.42944,NaN,NaN,NaN,0.3522876,2.868978,0.07785944,-0.08017477,0.03867312,0.01290476,-0.9959468,0.3717357,2.861124,0.07846354,-0.05731359,-0.1117422,0.9920831,20,-5.7,-13.89176,114.4991,21,0.7,-31.98424,243.2335
29.45306,NaN,NaN,NaN,0.2708781,2.871714,0.07763854,-0.07952855,0.03958738,0.0139918,-0.995948,0.2925491,2.863694,0.07819292,-0.05344028,-0.1061678,0.9929111,20,-5.7,-13.57912,112.2745,21,0.7,-31.6716,241.009
29.47058,NaN,NaN,NaN,0.2261279,2.873274,0.07764322,-0.07900543,0.03994031,0.0132353,-0.9959858,0.2441346,2.866641,0.07789176,-0.04651187,-0.1095506,0.9928924,20,-5.7,-13.34805,110.6304,21,0.7,-31.44053,239.3648
29.49542,NaN,NaN,NaN,0.1306806,2.876768,0.07759228,-0.07768479,0.04034573,0.01312143,-0.9960749,0.1592926,2.866641,0.07789176,-0.04651187,-0.1095506,0.9928924,20,-5.7,-13.01937,108.2917,21,0.7,-31.11185,237.0261
29.51202,NaN,NaN,NaN,0.07976887,2.878695,0.07746944,-0.07767586,0.0403616,0.0133059,-0.9960725,0.103674,2.86994,0.07760464,-0.04722986,-0.1063795,0.9932033,20,-5.7,-12.79941,106.7266,21,0.7,-30.89189,235.461
29.52942,NaN,NaN,NaN,0.02791895,2.880532,0.07733755,-0.07805818,0.04039098,0.01304146,-0.996045,0.05758519,2.86994,0.07760464,-0.04722986,-0.1063795,0.9932033,20,-5.7,-12.56998,105.0941,21,0.7,-30.66247,233.8286
29.55054,NaN,NaN,NaN,-0.07892688,2.884395,0.07707371,-0.07940973,0.04062127,0.0121617,-0.9959399,-0.04927084,2.873759,0.07742517,-0.03945379,-0.1055151,0.9936347,20,-5.7,-12.29068,103.1068,21,0.7,-30.38316,231.8412
29.56775,NaN,NaN,NaN,-0.1338704,2.886492,0.07702893,-0.07971034,0.04063182,0.01146157,-0.9959237,-0.1111457,2.87795,0.07727781,-0.04035059,-0.1085808,0.9932684,20,-5.7,-12.0632,101.4882,21,0.7,-30.15568,230.2226
29.59241,NaN,NaN,NaN,-0.2461692,2.890744,0.07682393,-0.07927825,0.04040109,0.01065697,-0.9959764,-0.2109668,2.87795,0.07727781,-0.04035059,-0.1085808,0.9932684,20,-5.7,-11.7373,99.16931,21,0.7,-29.82978,227.9038
29.60944,NaN,NaN,NaN,-0.3023106,2.89281,0.07673292,-0.07927709,0.04022506,0.01080186,-0.9959821,-0.2748541,2.88254,0.07706374,-0.04073738,-0.1099169,0.9931056,20,-5.7,-11.51184,97.56509,21,0.7,-29.60433,226.2995
29.62665,NaN,NaN,NaN,-0.3598159,2.894792,0.07657297,-0.07911158,0.03996455,0.01123805,-0.996001,-0.3259699,2.88254,0.07706374,-0.04073738,-0.1099169,0.9931056,20,-5.7,-11.28444,95.94702,21,0.7,-29.37692,224.6815
29.64807,NaN,NaN,NaN,-0.4775653,2.898885,0.07621957,-0.07919287,0.03912107,0.01237261,-0.9960146,-0.4450966,2.887448,0.07689682,-0.04228861,-0.1097773,0.9930562,20,-5.7,-11.0013,93.93241,21,0.7,-29.09379,222.6669
29.66589,NaN,NaN,NaN,-0.5382004,2.900807,0.07601982,-0.07930759,0.03880944,0.01228895,-0.9960187,-0.4989945,2.887448,0.07689682,-0.04228861,-0.1097773,0.9930562,20,-5.7,-10.76567,92.25584,21,0.7,-28.85816,220.9903
29.68982,NaN,NaN,NaN,-0.6606854,2.904553,0.07569776,-0.07939895,0.0380091,0.01246094,-0.9960402,-0.6230206,2.892393,0.07657562,-0.05181718,-0.1092308,0.9926649,20,-5.7,-10.44876,90.00084,21,0.7,-28.54124,218.7353
29.70752,NaN,NaN,NaN,-0.7230201,2.906318,0.07559648,-0.07921829,0.03716497,0.01330667,-0.9960754,-0.6940958,2.897231,0.07615697,-0.05333644,-0.1093237,0.9925742,20,-5.7,-10.21535,88.34006,21,0.7,-28.30783,217.0745
29.73157,NaN,NaN,NaN,-0.8482697,2.90958,0.07544464,-0.07842153,0.03515353,0.01471105,-0.9961917,-0.8054289,2.897231,0.07615697,-0.05333644,-0.1093237,0.9925742,20,-5.7,-9.89717,86.07611,21,0.7,-27.98966,214.8105
29.74902,NaN,NaN,NaN,-0.9124071,2.910814,0.07538821,-0.07850544,0.03387431,0.0155279,-0.9962171,-0.8785899,2.901819,0.07576457,-0.05046202,-0.1097285,0.9926798,20,-5.7,-9.666044,84.43156,21,0.7,-27.75853,213.166
29.77332,NaN,NaN,NaN,-1.040579,2.91357,0.07545978,-0.07818703,0.03147731,0.01683511,-0.9962994,-1.00909,2.906007,0.07549847,-0.04680024,-0.1090121,0.9929382,20,-5.7,-9.345485,82.15067,21,0.7,-27.43797,210.8851
29.79065,NaN,NaN,NaN,-1.105914,2.914869,0.07565311,-0.07797866,0.03050784,0.01726248,-0.9963386,-1.067165,2.906007,0.07549847,-0.04680024,-0.1090121,0.9929382,20,-5.7,-9.115596,80.51492,21,0.7,-27.20808,209.2494
29.81512,NaN,NaN,NaN,-1.237071,2.91716,0.07613298,-0.07771702,0.02839655,0.01848791,-0.9963996,-1.200509,2.909662,0.07535486,-0.0420082,-0.108409,0.9932184,20,-5.7,-8.791993,78.21236,21,0.7,-26.88448,206.9468
29.83252,NaN,NaN,NaN,-1.303463,2.918005,0.07643911,-0.07776121,0.02738167,0.01915634,-0.9964118,-1.27661,2.912896,0.07549588,-0.04741756,-0.1118542,0.9925926,20,-5.7,-8.562376,76.57856,21,0.7,-26.65486,205.313
29.85693,NaN,NaN,NaN,-1.436463,2.919718,0.07726429,-0.07787666,0.02535525,0.01989046,-0.996442,-1.394833,2.912896,0.07549588,-0.04741756,-0.1118542,0.9925926,20,-5.7,-8.239853,74.28368,21,0.7,-26.33234,203.0181
29.87415,NaN,NaN,NaN,-1.503336,2.920284,0.07775508,-0.07764697,0.02441676,0.01967501,-0.9964877,-1.471706,2.915691,0.07599752,-0.04576776,-0.1114132,0.9927197,20,-5.7,-8.01179,72.66093,21,0.7,-26.10428,201.3954
29.89868,NaN,NaN,NaN,-1.636522,2.92084,0.07876953,-0.07769202,0.02273296,0.0191753,-0.9965338,-1.607715,2.917884,0.07682038,-0.04466509,-0.1128197,0.9926111,20,-5.7,-7.68789,70.35626,21,0.7,-25.78038,199.0907
29.91608,NaN,NaN,NaN,-1.703797,2.921052,0.07939164,-0.07799074,0.02174388,0.01939267,-0.9965283,-1.667515,2.917884,0.07682038,-0.04466509,-0.1128197,0.9926111,20,-5.7,-7.457918,68.71993,21,0.7,-25.55041,197.4544
29.9408,NaN,NaN,NaN,-1.836596,2.921439,0.08077013,-0.07854878,0.01979157,0.02035116,-0.996506,-1.803268,2.919264,0.07789936,-0.05125363,-0.1124335,0.9923365,20,-5.7,-7.131156,66.39491,21,0.7,-25.22365,195.1293
29.95819,NaN,NaN,NaN,-1.902859,2.921044,0.08135113,-0.07837877,0.01907735,0.02024503,-0.9965355,-1.862169,2.919264,0.07789936,-0.05125363,-0.1124335,0.9923365,20,-5.7,-6.900968,64.75703,21,0.7,-24.99346,193.4915
29.98224,NaN,NaN,NaN,-2.034424,2.919959,0.0825751,-0.08053537,0.01733998,0.02104997,-0.9963786,-1.996866,2.92001,0.07925157,-0.04932614,-0.1134707,0.9923162,20,-5.7,-6.582812,62.49324,21,0.7,-24.6753,191.2277
29.99969,NaN,NaN,NaN,-2.099668,2.91987,0.08337943,-0.08080216,0.01668326,0.02118733,-0.9963653,-2.072607,2.919976,0.08079553,-0.04660745,-0.1285036,0.9906132,20,-5.7,-6.352372,60.85358,21,0.7,-24.44486,189.588
30.02386,NaN,NaN,NaN,-2.228665,2.918757,0.0848123,-0.08088345,0.01552917,0.02240182,-0.9963508,-2.187272,2.919976,0.08079553,-0.04660745,-0.1285036,0.9906132,20,-5.7,-6.03252,58.57771,21,0.7,-24.12501,187.3121
30.04126,-21.55294,-42.39806,345.0894,-2.291782,2.917828,0.08545081,-0.08139814,0.01515851,0.02288041,-0.9963037,-2.260867,2.919281,0.08236331,-0.05535666,-0.1300335,0.9899631,20,-5.7,-5.802901,56.94389,21,0.7,-23.89539,185.6783
30.06567,-20.70403,-42.73528,343.5927,-2.414415,2.916095,0.08673498,-0.08195712,0.01432289,0.02268751,-0.9962747,-2.38712,2.918126,0.0840112,-0.05278451,-0.1315611,0.9899018,20,-5.7,-5.479752,54.64456,21,0.7,-23.57224,183.379
30.08307,-20.63833,-42.43937,341.3663,-2.474069,2.914842,0.08721536,-0.08257531,0.01411273,0.02274261,-0.9962254,-2.440145,2.918126,0.0840112,-0.05278451,-0.1315611,0.9899018,20,-5.7,-5.249876,53.00891,21,0.7,-23.34237,181.7433
30.10754,-22.85878,-42.95685,338.1343,-2.590098,2.912116,0.08787881,-0.08523121,0.01313991,0.02431071,-0.9959779,-2.559987,2.916354,0.08561298,-0.05939655,-0.1342301,0.9891685,20,-5.7,-4.925752,50.70264,21,0.7,-23.01824,179.4371
30.12488,-22.7678,-42.63681,335.7758,-2.647067,2.910865,0.08809169,-0.08676103,0.0126693,0.02496933,-0.9958357,-2.610625,2.916354,0.08561298,-0.05939655,-0.1342301,0.9891685,20,-5.7,-4.69713,49.07591,21,0.7,-22.78962,177.8104
30.14911,NaN,NaN,NaN,-2.758869,2.908017,0.08836289,-0.08914965,0.01161161,0.02638903,-0.9956009,-2.726089,2.913856,0.08691175,-0.05747936,-0.137744,0.9887986,20,-5.7,-4.376981,46.79794,21,0.7,-22.46947,175.5324
30.1665,NaN,NaN,NaN,-2.811862,2.906327,0.08839922,-0.08943502,0.01102917,0.02712029,-0.9955623,-2.788784,2.910811,0.08773482,0.002760145,-0.125114,0.9921386,20,-5.7,-4.146663,45.15913,21,0.7,-22.23915,173.8936
30.19092,NaN,NaN,NaN,-2.914512,2.902147,0.08821255,-0.09031004,0.01013019,0.02697803,-0.9954967,-2.880029,2.910811,0.08773482,0.002760145,-0.125114,0.9921386,20,-5.7,-3.823554,42.8601,21,0.7,-21.91604,171.5945
30.20831,NaN,NaN,NaN,-2.963942,2.899347,0.08777692,-0.09122159,0.00991138,0.02662926,-0.9954252,-2.938886,2.907319,0.08815224,0.005489199,-0.1198355,0.9927786,20,-5.7,-3.593929,41.22623,21,0.7,-21.68642,169.9607
30.23267,NaN,NaN,NaN,-3.057966,2.894172,0.08694148,-0.09347492,0.009544713,0.02655085,-0.9952218,-3.022462,2.907319,0.08815224,0.005489199,-0.1198355,0.9927786,20,-5.7,-3.271697,38.93343,21,0.7,-21.36419,167.6679
30.25,NaN,NaN,NaN,-3.100446,2.891635,0.08645427,-0.09403654,0.008966818,0.02722826,-0.9951559,-3.074412,2.902843,0.08811318,0.004278774,-0.1116971,0.993733,20,-5.7,-3.042796,37.30471,21,0.7,-21.13529,166.0392
30.27441,NaN,NaN,NaN,-3.179641,2.886009,0.08546087,-0.09417025,0.008245668,0.02805504,-0.9951266,-3.157944,2.897219,0.08745453,-0.001764915,-0.1089917,0.9940411,20,-5.7,-2.720039,35.00818,21,0.7,-20.81253,163.7426
30.29163,NaN,NaN,NaN,-3.214805,2.882849,0.08477599,-0.09440037,0.007613407,0.02880942,-0.9950882,-3.1892,2.897219,0.08745453,-0.001764915,-0.1089917,0.9940411,20,-5.7,-2.491921,33.38503,21,0.7,-20.58441,162.1195
30.30872,NaN,NaN,NaN,-3.248237,2.879504,0.08399322,-0.09513739,0.00704134,0.02950392,-0.995002,-3.230817,2.891,0.08642095,-0.004267944,-0.1104587,0.9938716,20,-5.7,-2.266525,31.78125,21,0.7,-20.35901,160.5157
30.3302,NaN,NaN,NaN,-3.310622,2.873337,0.08268875,-0.09752829,0.006302991,0.031635,-0.9947098,-3.28627,2.891,0.08642095,-0.004267944,-0.1104587,0.9938716,20,-5.7,-1.982343,29.7592,21,0.7,-20.07483,158.4937
30.3476,NaN,NaN,NaN,-3.338301,2.870882,0.08227255,-0.0978149,0.006185968,0.03307308,-0.9946358,-3.32141,2.884086,0.08513025,-0.002194212,-0.1138271,0.9934981,20,-5.7,-1.752603,28.12451,21,0.7,-19.84509,156.859
30.36438,NaN,NaN,NaN,-3.362754,2.867666,0.08145791,-0.09757484,0.006367368,0.03521151,-0.9945848,-3.343146,2.884086,0.08513025,-0.002194212,-0.1138271,0.9934981,20,-5.7,-1.530551,26.54453,21,0.7,-19.62304,155.279
30.38599,NaN,NaN,NaN,-3.406106,2.860507,0.07930672,-0.09911197,0.006227028,0.03953855,-0.994271,-3.390931,2.876779,0.08378652,0.004152989,-0.1178749,0.9930198,20,-5.7,-1.244802,24.51131,21,0.7,-19.33729,153.2458
30.40295,NaN,NaN,NaN,-3.422731,2.85726,0.07809462,-0.1010789,0.006052285,0.04142826,-0.993997,-3.413281,2.86948,0.08200368,0.004763992,-0.1204325,0.9927101,20,-5.7,-1.020124,22.91265,21,0.7,-19.11261,151.6471
30.41992,NaN,NaN,NaN,-3.435823,2.854475,0.07697313,-0.1023568,0.005664837,0.0425955,-0.9938192,-3.424918,2.86948,0.08200368,0.004763992,-0.1204325,0.9927101,20,-5.7,-0.7964162,21.32089,21,0.7,-18.8889,150.0554
30.44153,NaN,NaN,NaN,-3.457368,2.848472,0.07444773,-0.1039183,0.004724918,0.04450381,-0.9935784,-3.450157,2.861692,0.07971156,0.004056999,-0.122838,0.9924184,20,-5.7,-0.5105657,19.28695,21,0.7,-18.60305,148.0214
30.45892,NaN,NaN,NaN,-3.463261,2.845833,0.07320933,-0.1041116,0.004218929,0.04499283,-0.9935385,-3.455395,2.861692,0.07971156,0.004056999,-0.122838,0.9924184,20,-5.7,-0.2805559,17.65035,21,0.7,-18.37304,146.3848
30.47559,NaN,NaN,NaN,-3.465937,2.843349,0.07185824,-0.1041289,0.003143109,0.04633281,-0.993479,-3.462254,2.85416,0.07705719,0.006209152,-0.1145963,0.9933927,20,-5.7,-0.06035826,16.08356,21,0.7,-18.15285,144.818
30.49731,NaN,NaN,NaN,-3.464793,2.838985,0.06916542,-0.1044198,0.0007533524,0.04980388,-0.9932852,-3.461237,2.85416,0.07705719,0.006209152,-0.1145963,0.9933927,20,-5.7,0.2268336,14.04009,21,0.7,-17.86565,142.7746
30.51453,NaN,NaN,NaN,-3.459596,2.837093,0.06770197,-0.1045166,-0.0008806512,0.05175705,-0.9931751,-3.459341,2.847181,0.07408923,0.02199496,-0.1165551,0.9929407,20,-5.7,0.4548519,12.41765,21,0.7,-17.63764,141.1521
30.53912,NaN,NaN,NaN,-3.442442,2.833921,0.06470723,-0.1047903,-0.002466878,0.05325467,-0.9930645,-3.44501,2.841174,0.07090849,0.02642035,-0.1184198,0.9926121,20,-5.7,0.779645,10.10663,21,0.7,-17.31284,138.8411
30.5564,NaN,NaN,NaN,-3.429718,2.833299,0.06334282,-0.1043204,-0.003033727,0.05383852,-0.9930808,-3.433699,2.841174,0.07090849,0.02642035,-0.1184198,0.9926121,20,-5.7,1.008319,8.47953,21,0.7,-17.08417,137.214
30.58099,NaN,NaN,NaN,-3.399267,2.832146,0.06084313,-0.1040667,-0.005101563,0.05744808,-0.9928966,-3.405841,2.836293,0.06755666,0.02557074,-0.1288607,0.991333,20,-5.7,1.333576,6.165205,21,0.7,-16.75891,134.8997
30.59802,NaN,NaN,NaN,-3.38092,2.831652,0.0594761,-0.1039515,-0.006601227,0.06000694,-0.9927486,-3.389532,2.836293,0.06755666,0.02557074,-0.1288607,0.991333,20,-5.7,1.558912,4.561855,21,0.7,-16.53358,133.2963
30.62256,NaN,NaN,NaN,-3.339757,2.831481,0.05666342,-0.1028287,-0.008786817,0.06294805,-0.9926665,-3.350512,2.833064,0.06456804,0.0295979,-0.131097,0.9909276,20,-5.7,1.883132,2.254909,21,0.7,-16.20936,130.9894
30.64008,NaN,NaN,NaN,-3.316407,2.831794,0.05521269,-0.1021159,-0.009793392,0.06414039,-0.9926543,-3.325973,2.831246,0.06111152,0.03361159,-0.1308286,0.9908351,20,-5.7,2.114322,0.6099105,21,0.7,-15.97817,129.3444
30.66461,NaN,NaN,NaN,-3.265131,2.832713,0.05210572,-0.1018556,-0.01144261,0.06494109,-0.9926113,-3.280395,2.831246,0.06111152,0.03361159,-0.1308286,0.9908351,21,0.7,-15.65378,127.0363,22,-5.7,-33.74636,255.7718
30.68176,NaN,NaN,NaN,-3.235499,2.833365,0.05044325,-0.1024015,-0.0122068,0.06443573,-0.9925789,-3.249051,2.830621,0.05767263,0.03469404,-0.1252117,0.9915233,21,0.7,-15.42703,125.4228,22,-5.7,-33.51961,254.1583
30.7063,NaN,NaN,NaN,-3.168818,2.83534,0.04741718,-0.1021331,-0.0140132,0.06299027,-0.9926755,-3.183532,2.831242,0.05413523,0.03935623,-0.1228929,0.9916393,21,0.7,-15.10235,123.1126,22,-5.7,-33.19493,251.8481
30.72339,NaN,NaN,NaN,-3.131674,2.836649,0.04610258,-0.100056,-0.01505741,0.06155267,-0.992962,-3.150516,2.831242,0.05413523,0.03935623,-0.1228929,0.9916393,21,0.7,-14.87602,121.5022,22,-5.7,-32.9686,250.2377
30.74811,NaN,NaN,NaN,-3.054513,2.839421,0.0434608,-0.09576209,-0.01695696,0.05976202,-0.993464,-3.074358,2.832803,0.05045558,0.04048044,-0.1233631,0.9915357,21,0.7,-14.54966,119.18,22,-5.7,-32.64224,247.9156
30.76514,NaN,NaN,NaN,-3.012264,2.840917,0.04217581,-0.09390043,-0.01768633,0.05920824,-0.9936621,-3.036804,2.832803,0.05045558,0.04048044,-0.1233631,0.9915357,21,0.7,-14.32408,117.5749,22,-5.7,-32.41665,246.3104
30.78955,NaN,NaN,NaN,-2.922479,2.844256,0.03985723,-0.09068202,-0.01859974,0.05718377,-0.9940629,-2.94827,2.834996,0.04692321,0.04339734,-0.118339,0.9920245,21,0.7,-14.00138,115.2788,22,-5.7,-32.09396,244.0143
30.80688,NaN,NaN,NaN,-2.872922,2.845776,0.03888426,-0.08930873,-0.01867991,0.05570467,-0.9942695,-2.894139,2.838076,0.04368318,0.03851121,-0.1169844,0.9923868,21,0.7,-13.77261,113.651,22,-5.7,-31.86519,242.3866
30.83118,NaN,NaN,NaN,-2.767915,2.849982,0.03736056,-0.08631548,-0.01892714,0.05214626,-0.9947222,-2.800799,2.838076,0.04368318,0.03851121,-0.1169844,0.9923868,21,0.7,-13.45086,111.3616,22,-5.7,-31.54344,240.0972
30.84857,NaN,NaN,NaN,-2.712456,2.852102,0.03644353,-0.0853675,-0.01906428,0.05129889,-0.9948454,-2.740061,2.841634,0.04099865,0.03465454,-0.1207953,0.9920723,21,0.7,-13.22114,109.727,22,-5.7,-31.31371,238.4626
30.87292,NaN,NaN,NaN,-2.598257,2.85633,0.03456163,-0.08501499,-0.01946586,0.0509591,-0.9948853,-2.625638,2.845953,0.03857875,0.03447976,-0.117936,0.9924224,21,0.7,-12.89887,107.434,22,-5.7,-30.99144,236.1696
30.8905,NaN,NaN,NaN,-2.537702,2.858526,0.03360126,-0.08541622,-0.01926516,0.05047931,-0.9948793,-2.571811,2.845953,0.03857875,0.03447976,-0.117936,0.9924224,21,0.7,-12.66684,105.783,22,-5.7,-30.75942,234.5186
30.91479,NaN,NaN,NaN,-2.412502,2.863616,0.03196372,-0.08584393,-0.0192218,0.04862307,-0.9949358,-2.446287,2.850844,0.03632394,0.035182,-0.1154457,0.9926906,21,0.7,-12.34602,103.5003,22,-5.7,-30.43859,232.2358
30.93225,NaN,NaN,NaN,-2.346411,2.866236,0.03116905,-0.085128,-0.01927674,0.04736554,-0.9950568,-2.387539,2.850844,0.03632394,0.035182,-0.1154457,0.9926906,21,0.7,-12.11476,101.8548,22,-5.7,-30.20734,230.5903
30.95654,NaN,NaN,NaN,-2.213221,2.871526,0.02963249,-0.08302408,-0.01938987,0.04569668,-0.9953105,-2.253726,2.856023,0.03406456,0.03320199,-0.1223791,0.9919279,21,0.7,-11.79382,99.57116,22,-5.7,-29.8864,228.3067
30.97412,NaN,NaN,NaN,-2.145196,2.874357,0.02886131,-0.08272149,-0.01950095,0.04512695,-0.9953595,-2.176674,2.861673,0.03188113,0.03027402,-0.1279546,0.9913179,21,0.7,-11.56156,97.91853,22,-5.7,-29.65413,226.6541
30.99829,NaN,NaN,NaN,-2.007089,2.880088,0.02739289,-0.08311731,-0.01915551,0.04249794,-0.9954489,-2.036612,2.868066,0.0301064,0.03043405,-0.1294973,0.9911126,21,0.7,-11.24131,95.63984,22,-5.7,-29.33389,224.3754
31.01587,NaN,NaN,NaN,-1.936503,2.882802,0.02664967,-0.08364017,-0.01855491,0.04002151,-0.9955192,-1.97387,2.868066,0.0301064,0.03043405,-0.1294973,0.9911126,21,0.7,-11.00961,93.99122,22,-5.7,-29.10219,222.7268
31.04028,NaN,NaN,NaN,-1.791631,2.888647,0.02552969,-0.08332915,-0.01693882,0.03477105,-0.9957712,-1.827106,2.874758,0.02836333,0.03016534,-0.1297067,0.9910934,21,0.7,-10.68686,91.69476,22,-5.7,-28.77944,220.4303
31.0578,NaN,NaN,NaN,-1.714284,2.891483,0.02500132,-0.08214234,-0.01607925,0.0327771,-0.9959518,-1.758353,2.874758,0.02836333,0.03016534,-0.1297067,0.9910934,21,0.7,-10.45467,90.04261,22,-5.7,-28.54725,218.7782
31.08185,NaN,NaN,NaN,-1.561626,2.896819,0.02407104,-0.08061767,-0.01485152,0.02937806,-0.9962013,-1.60365,2.881641,0.02666895,0.02596604,-0.1290232,0.9913016,21,0.7,-10.13706,87.78268,22,-5.7,-28.22964,216.5182
31.0993,NaN,NaN,NaN,-1.483773,2.899387,0.02376698,-0.07981285,-0.01403834,0.02751606,-0.9963311,-1.534447,2.881641,0.02666895,0.02596604,-0.1290232,0.9913016,21,0.7,-9.90574,86.13677,22,-5.7,-27.99832,214.8723
31.12366,NaN,NaN,NaN,-1.327193,2.904549,0.0234249,-0.07843141,-0.01234331,0.02349916,-0.9965661,-1.375732,2.888452,0.02525048,0.03377318,-0.1122801,0.9931025,21,0.7,-9.584323,83.84977,22,-5.7,-27.6769,212.5853
31.1413,NaN,NaN,NaN,-1.247306,2.906925,0.02347085,-0.07744651,-0.01128572,0.02211796,-0.9966874,-1.284775,2.894918,0.02417058,0.0279676,-0.1087855,0.9936718,21,0.7,-9.351007,82.18964,22,-5.7,-27.44358,210.9252
31.16541,NaN,NaN,NaN,-1.087125,2.910965,0.02363764,-0.07588113,-0.009470003,0.01963723,-0.9968785,-1.121803,2.901098,0.02355619,0.02751012,-0.1070792,0.9938698,21,0.7,-9.032431,79.92285,22,-5.7,-27.12501,208.6584
31.18274,NaN,NaN,NaN,-1.006358,2.9124,0.02367356,-0.07587782,-0.008687921,0.0188409,-0.9969013,-1.05001,2.901098,0.02355619,0.02751012,-0.1070792,0.9938698,21,0.7,-8.802967,78.29013,22,-5.7,-26.89555,207.0257
31.20709,NaN,NaN,NaN,-0.8437378,2.914863,0.02407043,-0.07692567,-0.006692564,0.01593684,-0.996887,-0.8843514,2.906468,0.02325286,0.02347202,-0.1068983,0.9939929,21,0.7,-8.480904,75.99853,22,-5.7,-26.57348,204.7341
31.22443,NaN,NaN,NaN,-0.7618225,2.915967,0.02454865,-0.07772373,-0.005681984,0.01441426,-0.9968546,-0.8115378,2.906468,0.02325286,0.02347202,-0.1068983,0.9939929,21,0.7,-8.251467,74.366,22,-5.7,-26.34405,203.1016
31.24896,NaN,NaN,NaN,-0.5989327,2.918092,0.02597788,-0.07685897,-0.003318934,0.01193028,-0.9969651,-0.6453452,2.910841,0.02351019,0.02505998,-0.1112208,0.9934797,21,0.7,-7.927662,72.06201,22,-5.7,-26.02024,200.7976
31.2663,NaN,NaN,NaN,-0.517269,2.918582,0.02690016,-0.0756424,-0.002107352,0.01137967,-0.9970679,-0.5511451,2.914109,0.02426302,0.02193709,-0.1065132,0.9940693,21,0.7,-7.698596,70.43211,22,-5.7,-25.79117,199.1677
31.29059,NaN,NaN,NaN,-0.3550838,2.918806,0.02862851,-0.07499807,0.0001542773,0.009950156,-0.997134,-0.4069805,2.914109,0.02426302,0.02193709,-0.1065132,0.9940693,21,0.7,-7.376699,68.1417,22,-5.7,-25.46928,196.8773
31.30847,NaN,NaN,NaN,-0.2744679,2.918759,0.02956951,-0.07536188,0.001215646,0.008896342,-0.9971158,-0.3136401,2.916421,0.02560939,0.01676809,-0.1078087,0.9940302,21,0.7,-7.140886,66.4638,22,-5.7,-25.23347,195.1994
31.3324,NaN,NaN,NaN,-0.1141215,2.918103,0.03199007,-0.07673606,0.002989318,0.006945011,-0.9970228,-0.1494669,2.917489,0.02744968,0.01680002,-0.1061846,0.9942045,21,0.7,-6.823977,64.20887,22,-5.7,-24.91656,192.9445
31.34985,NaN,NaN,NaN,-0.03472304,2.917387,0.03339949,-0.07747591,0.003446075,0.006454421,-0.9969674,-0.0788905,2.917489,0.02744968,0.01680002,-0.1061846,0.9942045,21,0.7,-6.593413,62.56833,22,-5.7,-24.68599,191.3039
31.37415,NaN,NaN,NaN,0.1208815,2.915321,0.03627191,-0.07875189,0.004311339,0.006425801,-0.9968643,0.08090522,2.917467,0.03003362,0.01400061,-0.1073564,0.994122,21,0.7,-6.272011,60.28143,22,-5.7,-24.36459,189.017
31.3916,NaN,NaN,NaN,0.1972679,2.914747,0.03814708,-0.07852709,0.005020537,0.006405173,-0.9968788,0.1488043,2.917467,0.03003362,0.01400061,-0.1073564,0.994122,21,0.7,-6.041865,58.64386,22,-5.7,-24.13445,187.3795
31.41595,NaN,NaN,NaN,0.3478731,2.912151,0.04142834,-0.07895273,0.006720911,0.006224497,-0.9968363,0.3038506,2.91625,0.03310416,0.01075725,-0.1064384,0.9942611,21,0.7,-5.719163,56.34772,22,-5.7,-23.81174,185.0833
31.43335,NaN,NaN,NaN,0.4221207,2.911209,0.0432853,-0.07965037,0.007315183,0.005546459,-0.9967806,0.3906231,2.914279,0.03656554,0.008094633,-0.1016708,0.9947852,21,0.7,-5.489302,54.71217,22,-5.7,-23.58188,183.4478
31.4577,NaN,NaN,NaN,0.5683764,2.908993,0.04714453,-0.07999145,0.008066134,0.004507324,-0.9967527,0.5206282,2.914279,0.03656554,0.008094633,-0.1016708,0.9947852,21,0.7,-5.16775,52.42421,22,-5.7,-23.26033,181.1598
31.4751,NaN,NaN,NaN,0.6394352,2.907348,0.0489365,-0.08094215,0.008117594,0.004862124,-0.9966739,0.6039523,2.91176,0.04063949,0.006775562,-0.09972961,0.9949915,21,0.7,-4.937626,50.78679,22,-5.7,-23.0302,179.5224
31.49963,NaN,NaN,NaN,0.780128,2.9035,0.05239651,-0.08372567,0.009052509,0.00429758,-0.9964384,0.7486373,2.908947,0.04507773,0.007575581,-0.1018599,0.9947699,21,0.7,-4.613523,48.48068,22,-5.7,-22.7061,177.2163
31.51703,NaN,NaN,NaN,0.849506,2.901581,0.05418764,-0.08540415,0.009995595,0.003308182,-0.9962907,0.8103067,2.908947,0.04507773,0.007575581,-0.1018599,0.9947699,21,0.7,-4.383533,46.84422,22,-5.7,-22.47611,175.5798
31.54138,NaN,NaN,NaN,0.9849644,2.897583,0.05755151,-0.08826707,0.01124122,0.001821265,-0.9960318,0.9497763,2.905304,0.04944792,0.00532967,-0.1061488,0.9943359,21,0.7,-4.061304,44.55143,22,-5.7,-22.15388,173.287
31.55865,NaN,NaN,NaN,1.050227,2.896129,0.05923441,-0.08894642,0.01157576,0.001761528,-0.9959676,1.007788,2.905304,0.04944792,0.00532967,-0.1061488,0.9943359,21,0.7,-3.832738,42.9251,22,-5.7,-21.92532,171.6607
31.58307,NaN,NaN,NaN,1.177884,2.892222,0.06202015,-0.09055984,0.01225815,0.002939681,-0.9958112,1.139714,2.900916,0.05363438,0.0003999121,-0.1119938,0.9937088,21,0.7,-3.509934,40.62823,22,-5.7,-21.60251,169.3639
31.60046,NaN,NaN,NaN,1.239749,2.89074,0.06353714,-0.09175391,0.01290542,0.004007211,-0.9956901,1.212712,2.896467,0.05767409,-0.003961739,-0.1075564,0.9941911,21,0.7,-3.279946,38.99179,22,-5.7,-21.37253,167.7274
31.62488,NaN,NaN,NaN,1.35936,2.886752,0.06602548,-0.09219852,0.01402101,0.005434535,-0.9956271,1.319033,2.896467,0.05767409,-0.003961739,-0.1075564,0.9941911,21,0.7,-2.956969,36.69368,22,-5.7,-21.04955,165.4293
31.64221,NaN,NaN,NaN,1.418441,2.884951,0.06703675,-0.09426692,0.01438153,0.005155344,-0.9954298,1.38877,2.89211,0.06134497,-0.00632268,-0.1110868,0.9937906,21,0.7,-2.728232,35.06613,22,-5.7,-20.82081,163.8018
31.66663,NaN,NaN,NaN,1.531538,2.882157,0.0689884,-0.09606746,0.01415657,0.004016037,-0.995266,1.505688,2.887714,0.06447659,-0.008700352,-0.1153988,0.9932811,21,0.7,-2.405444,32.76938,22,-5.7,-20.49802,161.505
31.68402,NaN,NaN,NaN,1.585563,2.880706,0.06978207,-0.09629894,0.01364253,0.003673156,-0.9952522,1.55371,2.887714,0.06447659,-0.008700352,-0.1153988,0.9932811,21,0.7,-2.175326,31.13201,22,-5.7,-20.26791,159.8676
31.7085,NaN,NaN,NaN,1.689018,2.878582,0.07148302,-0.09678231,0.01268443,0.002329131,-0.995222,1.661294,2.88361,0.06714345,-0.006980812,-0.1200982,0.9927375,21,0.7,-1.852108,28.83218,22,-5.7,-19.94469,157.5678
31.72583,NaN,NaN,NaN,1.736775,2.877722,0.07233809,-0.0956618,0.01218006,0.00162889,-0.995338,1.703744,2.88361,0.06714345,-0.006980812,-0.1200982,0.9927375,21,0.7,-1.622734,27.20011,22,-5.7,-19.71531,155.9357
31.75006,NaN,NaN,NaN,1.828194,2.875684,0.07367873,-0.09558565,0.01118456,0.0001322172,-0.9953584,1.799695,2.88013,0.06942007,-0.00599576,-0.1226648,0.99243,21,0.7,-1.30188,24.91711,22,-5.7,-19.39446,153.6528
31.76752,NaN,NaN,NaN,1.871898,2.874838,0.07428216,-0.09596889,0.01078319,-0.0008730516,-0.9953256,1.852082,2.877392,0.07144155,-0.007702884,-0.1231729,0.9923553,21,0.7,-1.0715,23.27787,22,-5.7,-19.16408,152.0135
31.79187,NaN,NaN,NaN,1.95341,2.872772,0.07511798,-0.09657899,0.01020126,-0.002239009,-0.9952706,1.924538,2.877392,0.07144155,-0.007702884,-0.1231729,0.9923553,21,0.7,-0.749014,20.98326,22,-5.7,-18.84159,149.7189
31.80951,NaN,NaN,NaN,1.990327,2.871561,0.07547814,-0.09679441,0.01010273,-0.00277125,-0.9952493,1.969997,2.875046,0.07317518,-0.0104821,-0.1230695,0.9923427,21,0.7,-0.5164963,19.32882,22,-5.7,-18.60908,148.0645
31.83374,NaN,NaN,NaN,2.059349,2.869554,0.07637067,-0.09627222,0.01005008,-0.004490796,-0.9952942,2.042704,2.872692,0.0746271,-0.03934666,-0.1244975,0.9914395,21,0.7,-0.1959485,17.048,22,-5.7,-18.28853,145.7836
31.85132,NaN,NaN,NaN,2.090773,2.868854,0.07685856,-0.09497017,0.0103174,-0.005731973,-0.9954101,2.070637,2.872692,0.0746271,-0.03934666,-0.1244975,0.9914395,21,0.7,0.03697623,15.39065,22,-5.7,-18.0556,144.1263
31.87555,NaN,NaN,NaN,2.147284,2.866528,0.07742876,-0.09313766,0.009869849,-0.006949803,-0.9955801,2.131043,2.87023,0.07565661,-0.05730926,-0.1241986,0.990601,21,0.7,0.3565778,13.11657,22,-5.7,-17.736,141.8522
31.89313,NaN,NaN,NaN,2.17131,2.865361,0.07767173,-0.09235205,0.009423601,-0.007834713,-0.9956511,2.1524,2.87023,0.07565661,-0.05730926,-0.1241986,0.990601,21,0.7,0.5892856,11.46077,22,-5.7,-17.50329,140.1964
31.91736,NaN,NaN,NaN,2.213886,2.863457,0.07821695,-0.09072191,0.009440484,-0.01055614,-0.9957756,2.199163,2.867853,0.07657389,-0.06055655,-0.1231496,0.9905388,21,0.7,0.9094051,9.183002,22,-5.7,-17.18317,137.9186
31.93463,NaN,NaN,NaN,2.229964,2.862709,0.07843031,-0.09022253,0.009561911,-0.01144253,-0.99581,2.220974,2.865323,0.07732855,-0.06471557,-0.1243832,0.9901215,21,0.7,1.138259,7.554624,22,-5.7,-16.95432,136.2903
31.95917,NaN,NaN,NaN,2.257175,2.861008,0.07860501,-0.09077086,0.009756411,-0.01229298,-0.9957482,2.245162,2.865323,0.07732855,-0.06471557,-0.1243832,0.9901215,21,0.7,1.462307,5.248903,22,-5.7,-16.63027,133.9845
31.97626,-23.60975,-46.5904,397.9927,2.265502,2.86021,0.07855682,-0.09111504,0.009776552,-0.0123943,-0.9957153,2.25851,2.862994,0.07794745,-0.06437939,-0.1230767,0.9903068,21,0.7,1.688349,3.640526,22,-5.7,-16.40423,132.3762
32.00098,-23.60201,-46.43098,398.0378,2.27616,2.858863,0.07830364,-0.09155742,0.009555258,-0.01352795,-0.9956621,2.272269,2.860935,0.07835826,-0.06439041,-0.1226672,0.9903568,21,0.7,2.015624,1.311845,22,-5.7,-16.07696,130.0475
32.01813,-23.44667,-46.13593,395.6557,2.276679,2.858517,0.07814322,-0.09163801,0.009556583,-0.01456743,-0.99564,2.27273,2.860935,0.07835826,-0.06439041,-0.1226672,0.9903568,22,-5.7,-15.85074,128.4379,23,5.7,-34.07994,258.1452
32.04266,NaN,NaN,NaN,2.271533,2.857372,0.07741261,-0.09215727,0.01009828,-0.01656688,-0.9955554,2.270872,2.859043,0.07835641,-0.06787453,-0.1232805,0.990048,22,-5.7,-15.52607,126.1277,23,5.7,-33.75528,255.8351
32.0603,-24.65121,-46.02638,392.6702,2.263399,2.857164,0.07696307,-0.09310418,0.01064743,-0.01714977,-0.9954517,2.263641,2.859043,0.07835641,-0.06787453,-0.1232805,0.990048,22,-5.7,-15.29314,124.4703,23,5.7,-33.52234,254.1777
32.08441,NaN,NaN,NaN,2.241459,2.85673,0.0757902,-0.09423511,0.01220582,-0.01782831,-0.9953155,2.245127,2.857624,0.07805298,-0.06900296,-0.1233675,0.9899591,22,-5.7,-14.97432,122.2018,23,5.7,-33.20352,251.9091
32.10205,-21.87027,-36.45325,309.1555,2.225451,2.856951,0.07514393,-0.0936253,0.01326938,-0.01796834,-0.9953569,2.230142,2.856541,0.07723809,-0.07712162,-0.1257918,0.9890544,22,-5.7,-14.74069,120.5394,23,5.7,-32.96989,250.2467
32.12622,-21.775,-36.24367,307.5077,2.188087,2.857174,0.07374594,-0.09154664,0.01528911,-0.01823013,-0.9955165,2.196929,2.856541,0.07723809,-0.07712162,-0.1257918,0.9890544,22,-5.7,-14.42153,118.2685,23,5.7,-32.65073,247.9758
32.14337,-22.592,-36.19895,305.0783,2.164406,2.85724,0.0729408,-0.09034788,0.01610311,-0.01749986,-0.9956263,2.173397,2.855965,0.07595891,-0.08027987,-0.126601,0.9886999,22,-5.7,-14.19503,116.6569,23,5.7,-32.42423,246.3642
32.16052,-22.48396,-35.99326,303.4721,2.139229,2.857403,0.07211566,-0.08960891,0.01668151,-0.01683279,-0.9956951,2.151017,2.855965,0.07595891,-0.08027987,-0.126601,0.9886999,22,-5.7,-13.96763,115.0388,23,5.7,-32.19683,244.7462
32.18231,-22.69601,-35.70148,301.8015,2.082701,2.858479,0.07053666,-0.08809771,0.01762072,-0.01555528,-0.9958345,2.096591,2.855967,0.07442425,-0.08123676,-0.1263393,0.9886551,22,-5.7,-13.67997,112.992,23,5.7,-31.90918,242.6994
32.1991,-22.56194,-35.44687,299.8092,2.049363,2.859017,0.06978065,-0.08732132,0.01787642,-0.01453299,-0.9959139,2.066957,2.855967,0.07442425,-0.08123676,-0.1263393,0.9886551,22,-5.7,-13.45757,111.4096,23,5.7,-31.68678,241.1169
32.22351,-22.00829,-36.72934,297.5166,1.976069,2.860405,0.06838976,-0.08542561,0.01828574,-0.01277908,-0.9960948,1.996032,2.856365,0.07258824,-0.07974193,-0.131503,0.9881033,22,-5.7,-13.1349,109.1136,23,5.7,-31.3641,238.821
32.24115,NaN,NaN,NaN,1.934513,2.861479,0.06779035,-0.08473221,0.01840967,-0.01172064,-0.9961647,1.951703,2.857273,0.07076468,-0.07608803,-0.1205016,0.9897929,22,-5.7,-12.90226,107.4583,23,5.7,-31.13146,237.1656
32.26538,NaN,NaN,NaN,1.846334,2.863899,0.06647156,-0.08436165,0.0184772,-0.01011256,-0.9962126,1.873322,2.857273,0.07076468,-0.07608803,-0.1205016,0.9897929,22,-5.7,-12.58131,105.1747,23,5.7,-30.81052,234.882
32.28271,NaN,NaN,NaN,1.798025,2.865148,0.06584171,-0.08551473,0.01817682,-0.009292287,-0.9961277,1.821351,2.858813,0.0689878,-0.07649302,-0.1215326,0.9896356,22,-5.7,-12.35256,103.547,23,5.7,-30.58176,233.2543
32.30737,NaN,NaN,NaN,1.695989,2.86853,0.06482001,-0.08613463,0.01783504,-0.008301655,-0.9960893,1.720031,2.861179,0.06742136,-0.07344306,-0.1194806,0.9901164,22,-5.7,-12.02637,101.226,23,5.7,-30.25557,230.9333
32.3244,NaN,NaN,NaN,1.640561,2.870189,0.0641439,-0.08666325,0.01765201,-0.007685672,-0.9960516,1.670761,2.861179,0.06742136,-0.07344306,-0.1194806,0.9901164,22,-5.7,-11.80113,99.62339,23,5.7,-30.03033,229.3307
32.349,NaN,NaN,NaN,1.524925,2.874337,0.06295615,-0.08751395,0.01705103,-0.00681777,-0.9959941,1.555783,2.864246,0.06596208,-0.07211282,-0.1238806,0.9896734,22,-5.7,-11.47559,97.30707,23,5.7,-29.7048,227.0144
32.36627,NaN,NaN,NaN,1.463341,2.876444,0.06240327,-0.08739518,0.0165877,-0.005708936,-0.9960192,1.487296,2.868037,0.06447288,-0.07253135,-0.1252507,0.9894703,22,-5.7,-11.24746,95.68381,23,5.7,-29.47666,225.3911
32.39069,NaN,NaN,NaN,1.335885,2.8807,0.06131185,-0.08728787,0.01527265,-0.00309256,-0.9960613,1.374002,2.868037,0.06447288,-0.07253135,-0.1252507,0.9894703,22,-5.7,-10.92498,93.38926,23,5.7,-29.15418,223.0966
32.4079,NaN,NaN,NaN,1.2673,2.882779,0.06079582,-0.0870499,0.01457859,-0.001424927,-0.9960963,1.297904,2.872569,0.06303801,-0.07654422,-0.1247392,0.9892326,22,-5.7,-10.6976,91.77134,23,5.7,-28.9268,221.4787
32.43243,-21.89583,-32.21445,278.7078,1.126824,2.886601,0.05976054,-0.08692069,0.01410444,0.0002880196,-0.9961154,1.156574,2.877561,0.0616918,-0.08180659,-0.1245318,0.9888375,22,-5.7,-10.37322,89.46326,23,5.7,-28.60242,219.1706
32.44971,-21.77139,-31.926,276.4174,1.053652,2.888349,0.05931015,-0.08761566,0.01402096,0.001204656,-0.9960549,1.091532,2.877561,0.0616918,-0.08180659,-0.1245318,0.9888375,22,-5.7,-10.14455,87.83621,23,5.7,-28.37375,217.5435
32.46637,-21.83668,-31.92418,276.403,0.9788561,2.890372,0.05908484,-0.08833271,0.01367728,0.002184801,-0.9959947,1.025047,2.877561,0.0616918,-0.08180659,-0.1245318,0.9888375,22,-5.7,-9.923769,86.26527,23,5.7,-28.15297,215.9726
32.48816,-21.96043,-33.28389,272.3517,0.8243934,2.8943,0.05865726,-0.08778981,0.01259239,0.005392781,-0.9960449,0.8700278,2.882463,0.06052312,-0.08283019,-0.1312136,0.9878877,22,-5.7,-9.636106,84.21844,23,5.7,-27.86531,213.9258
32.50543,-22.73797,-33.20565,270.3565,0.7433341,2.896045,0.05848422,-0.08683962,0.01173943,0.006929651,-0.9961291,0.7789608,2.887115,0.05947052,-0.08591972,-0.131866,0.987537,22,-5.7,-9.407517,82.59195,23,5.7,-27.63672,212.2993
32.53009,-22.74178,-32.98769,268.7238,0.5792546,2.899764,0.05834005,-0.08504445,0.01088675,0.008501397,-0.9962814,0.6331123,2.887115,0.05947052,-0.08591972,-0.131866,0.987537,22,-5.7,-9.081647,80.27326,23,5.7,-27.31085,209.9806
32.54736,-22.88606,-33.28825,268.681,0.4946222,2.901563,0.05835564,-0.08377716,0.01027381,0.009457937,-0.9963867,0.5376786,2.891711,0.05869044,-0.08609829,-0.1329862,0.9873711,22,-5.7,-8.853294,78.64845,23,5.7,-27.08249,208.3557
32.57153,-22.52862,-31.91918,264.8564,0.3215511,2.904873,0.05870993,-0.08202116,0.008605233,0.01181607,-0.9965234,0.3626386,2.896166,0.05820579,-0.08539718,-0.1298807,0.9878453,22,-5.7,-8.533884,76.37572,23,5.7,-26.76308,206.083
32.58905,-22.40904,-31.61654,262.5546,0.2322156,2.906504,0.05910577,-0.08119979,0.007652767,0.01252901,-0.9965897,0.2832292,2.896166,0.05820579,-0.08539718,-0.1298807,0.9878453,22,-5.7,-8.302069,74.72627,23,5.7,-26.53127,204.4336
32.61328,-24.21448,-31.40207,261.3564,0.05065737,2.909299,0.06002935,-0.07913413,0.006121704,0.01452634,-0.9967393,0.09953411,2.900471,0.05829199,-0.09186911,-0.1296102,0.9873,22,-5.7,-7.981375,72.44442,23,5.7,-26.21058,202.1517
32.6311,-24.08521,-31.10257,259.0751,-0.0427322,2.910741,0.06067205,-0.07911926,0.005546031,0.01533709,-0.9967318,0.01652115,2.900471,0.05829199,-0.09186911,-0.1296102,0.9873,22,-5.7,-7.746449,70.77284,23,5.7,-25.97565,200.4801
32.65515,-23.18669,-30.53113,256.9265,-0.2311412,2.913589,0.06213114,-0.07813343,0.0044822,0.01703229,-0.9967874,-0.1741269,2.904433,0.05886482,-0.08849121,-0.1285712,0.9877443,22,-5.7,-7.428552,68.51088,23,5.7,-25.65775,198.2182
32.67261,-22.33564,-31.63992,254.2772,-0.3274215,2.914519,0.06285914,-0.07828307,0.004064482,0.01720788,-0.9967744,-0.2837785,2.908054,0.0599415,-0.08563828,-0.1341669,0.9872514,22,-5.7,-7.197237,66.86499,23,5.7,-25.42644,196.5723
32.69696,-22.36058,-31.41094,252.5923,-0.5199085,2.91645,0.06444629,-0.07877667,0.003261739,0.01767797,-0.9967303,-0.4548781,2.908054,0.0599415,-0.08563828,-0.1341669,0.9872514,22,-5.7,-6.875624,64.57659,23,5.7,-25.10482,194.2839
32.71436,-23.14248,-31.27954,252.2245,-0.6174134,2.917168,0.06520662,-0.0803553,0.00289521,0.01803815,-0.9965988,-0.5663263,2.911378,0.06147935,-0.08837106,-0.1338354,0.9870555,22,-5.7,-6.64566,62.94032,23,5.7,-24.87486,192.6476
32.73871,NaN,NaN,NaN,-0.8134065,2.918979,0.06692058,-0.08133621,0.001887292,0.01926746,-0.9964987,-0.7658938,2.914097,0.06326898,-0.08881196,-0.1374614,0.9865175,22,-5.7,-6.323819,60.6503,23,5.7,-24.55302,190.3576
32.75604,-23.23384,-31.72509,248.6578,-0.912452,2.919182,0.06761047,-0.08137432,0.001353648,0.0198109,-0.9964858,-0.8539343,2.914097,0.06326898,-0.08881196,-0.1374614,0.9865175,22,-5.7,-6.094425,59.01807,23,5.7,-24.32363,188.7254
32.78064,-22.75117,-31.95815,246.7783,-1.109363,2.919941,0.06912926,-0.08237938,-2.215058E-05,0.02095267,-0.9963808,-1.054821,2.916235,0.06515028,-0.08674771,-0.139437,0.9864239,22,-5.7,-5.769103,56.70329,23,5.7,-23.9983,186.4106
32.79779,-22.64001,-31.63844,244.5165,-1.208079,2.92032,0.07000647,-0.08187499,-0.0005544592,0.02089016,-0.9964235,-1.142568,2.916235,0.06515028,-0.08674771,-0.139437,0.9864239,22,-5.7,-5.542138,55.08835,23,5.7,-23.77134,184.7956
32.81433,NaN,NaN,NaN,-1.306849,2.920256,0.07076597,-0.08176737,-0.001112172,0.02153452,-0.9964182,-1.256428,2.917727,0.06699764,-0.08619972,-0.144892,0.9856855,22,-5.7,-5.323305,53.53127,23,5.7,-23.55251,183.2386
32.83618,-30.39026,-46.92052,334.2161,-1.504191,2.919908,0.07222123,-0.08238186,-0.002665356,0.02397205,-0.9963089,-1.458082,2.918767,0.06889193,-0.08532546,-0.1469838,0.9854519,22,-5.7,-5.034509,51.47639,23,5.7,-23.26371,181.1837
32.85333,-30.47783,-46.92059,334.2165,-1.60266,2.91922,0.07273328,-0.08277602,-0.003156791,0.02500964,-0.9962493,-1.54561,2.918767,0.06889193,-0.08532546,-0.1469838,0.9854519,22,-5.7,-4.808063,49.86514,23,5.7,-23.03726,179.5724
32.87012,-35.25676,-54.28498,386.617,-1.700128,2.918574,0.07332087,-0.08350873,-0.003190978,0.02518483,-0.9961837,-1.658504,2.91903,0.0707311,-0.08566658,-0.145855,0.98559,22,-5.7,-4.585758,48.28336,23,5.7,-22.81496,177.9906
32.89185,-35.4305,-54.28498,386.617,-1.895588,2.916641,0.07419376,-0.0851069,-0.002913928,0.02580858,-0.9960333,-1.832246,2.91903,0.0707311,-0.08566658,-0.145855,0.98559,22,-5.7,-4.298438,46.23897,23,5.7,-22.52764,175.9462
32.90894,NaN,NaN,NaN,-1.990551,2.916362,0.07494224,-0.08550406,-0.003051836,0.02566107,-0.9960026,-1.942856,2.918291,0.07233092,-0.08695696,-0.1353467,0.9869751,22,-5.7,-4.072765,44.63323,23,5.7,-22.30197,174.3405
32.9256,-22.64356,-29.17044,234.0699,-2.085579,2.915228,0.07548119,-0.08515806,-0.003194926,0.02532967,-0.9960403,-2.027324,2.918291,0.07233092,-0.08695696,-0.1353467,0.9869751,22,-5.7,-3.852128,43.06331,23,5.7,-22.08133,172.7706
32.94781,-22.86826,-29.27812,230.7778,-2.27253,2.912937,0.07640347,-0.08600347,-0.003387127,0.02580807,-0.9959548,-2.219533,2.916737,0.07368808,-0.08829784,-0.1376712,0.9865344,22,-5.7,-3.558475,40.97386,23,5.7,-21.78768,170.6811
32.96484,-22.76789,-28.99321,228.7362,-2.365193,2.911966,0.07688972,-0.08630589,-0.003530018,0.02577853,-0.9959289,-2.301901,2.916737,0.07368808,-0.08829784,-0.1376712,0.9865344,22,-5.7,-3.333973,39.37645,23,5.7,-21.56317,169.0837
32.98932,-23.26011,-29.81515,227.3261,-2.547644,2.909,0.07741389,-0.08771191,-0.003909096,0.02716294,-0.9957678,-2.489655,2.914711,0.0749836,-0.09009729,-0.1419743,0.9857615,22,-5.7,-3.009618,37.06854,23,5.7,-21.23882,166.7758
33.00641,-23.27438,-30.45069,227.292,-2.636184,2.907928,0.07766177,-0.08963457,-0.004581349,0.02751293,-0.9955841,-2.593437,2.912377,0.07624212,-0.08969041,-0.144691,0.9854035,22,-5.7,-2.783638,35.46061,23,5.7,-21.01284,165.1679
33.03107,-23.05517,-29.84863,223.1917,-2.809421,2.906541,0.07833041,-0.09067375,-0.005758042,0.02722382,-0.9954918,-2.747425,2.912377,0.07624212,-0.08969041,-0.144691,0.9854035,22,-5.7,-2.457713,33.14154,23,5.7,-20.68691,162.8488
33.04828,-23.26344,-30.44595,223.3448,-2.894843,2.904567,0.07825863,-0.0908146,-0.006096338,0.02684339,-0.9954873,-2.847766,2.909393,0.07707931,-0.09006908,-0.1471559,0.9850039,22,-5.7,-2.230238,31.52296,23,5.7,-20.45944,161.2302
33.06531,-22.96124,-29.83092,219.228,-2.978368,2.902358,0.077935,-0.09213919,-0.006457434,0.02701727,-0.9953586,-2.92201,2.909393,0.07707931,-0.09006908,-0.1471559,0.9850039,22,-5.7,-2.005313,29.92254,23,5.7,-20.23451,159.6298
33.08679,-22.59627,-30.40182,217.9042,-3.140054,2.898486,0.07723582,-0.09553851,-0.007361377,0.02685854,-0.9950361,-3.089381,2.906649,0.07774031,-0.08817863,-0.1505672,0.9846594,22,-5.7,-1.721043,27.89985,23,5.7,-19.95024,157.6071
33.10413,-23.20131,-30.17529,215.7343,-3.21755,2.896485,0.07671319,-0.09710433,-0.008098494,0.0272552,-0.994868,-3.181063,2.903156,0.07779183,-0.09137696,-0.1509775,0.9843048,22,-5.7,-1.492127,26.27103,23,5.7,-19.72133,155.9783
33.12115,-23.11722,-29.92448,214.0991,-3.293721,2.894805,0.07636976,-0.09800176,-0.008739445,0.02724879,-0.9947748,-3.24877,2.903156,0.07779183,-0.09137696,-0.1509775,0.9843048,22,-5.7,-1.266569,24.6661,23,5.7,-19.49577,154.3734
33.14258,NaN,NaN,NaN,-3.442667,2.891487,0.07581749,-0.09742346,-0.009592775,0.02667066,-0.9948394,-3.402964,2.898777,0.07713711,-0.08832441,-0.1429485,0.9857811,22,-5.7,-0.9833453,22.65086,23,5.7,-19.21254,152.3581
33.15979,NaN,NaN,NaN,-3.514139,2.889306,0.07532746,-0.09625577,-0.009840304,0.02710252,-0.9949389,-3.466495,2.898777,0.07713711,-0.08832441,-0.1429485,0.9857811,22,-5.7,-0.755736,21.03134,23,5.7,-18.98493,150.7386
33.18433,NaN,NaN,NaN,-3.651709,2.885607,0.07449137,-0.09583353,-0.0107929,0.02920685,-0.9949102,-3.609623,2.894356,0.07638001,-0.08586005,-0.1441844,0.9858189,22,-5.7,-0.4319696,18.72762,23,5.7,-18.66117,148.4349
33.20154,NaN,NaN,NaN,-3.717041,2.88388,0.07393058,-0.09622037,-0.01100057,0.03032239,-0.9948373,-3.687474,2.889925,0.07552242,-0.08998355,-0.1419375,0.9857773,22,-5.7,-0.2039726,17.10534,23,5.7,-18.43317,146.8126
33.2262,NaN,NaN,NaN,-3.843774,2.880737,0.07269916,-0.09864755,-0.01103943,0.03222775,-0.9945392,-3.800126,2.889925,0.07552242,-0.08998355,-0.1419375,0.9857773,22,-5.7,0.1220455,14.7856,23,5.7,-18.10715,144.4929
33.2431,NaN,NaN,NaN,-3.903955,2.879037,0.07187278,-0.09960637,-0.01093179,0.03315286,-0.9944144,-3.872303,2.885662,0.07460509,-0.09022368,-0.1403121,0.985988,22,-5.7,0.3451374,13.19822,23,5.7,-17.88406,142.9055
33.26788,NaN,NaN,NaN,-4.016883,2.875701,0.07007755,-0.1009874,-0.01138075,0.03483607,-0.9942125,-3.990093,2.881495,0.07322124,-0.1003226,-0.1405424,0.9849788,22,-5.7,0.672822,10.86662,23,5.7,-17.55638,140.5739
33.28491,NaN,NaN,NaN,-4.068486,2.874008,0.06902145,-0.1012042,-0.01206653,0.03527971,-0.9941667,-4.035962,2.881495,0.07322124,-0.1003226,-0.1405424,0.9849788,22,-5.7,0.8985321,9.260609,23,5.7,-17.33067,138.9679
33.30957,NaN,NaN,NaN,-4.16588,2.870431,0.06649271,-0.1028041,-0.01331853,0.03558704,-0.9939757,-4.138635,2.877438,0.0713843,-0.0992953,-0.1349959,0.9858583,22,-5.7,1.224461,6.941502,23,5.7,-17.00474,136.6488
33.32678,NaN,NaN,NaN,-4.210462,2.86889,0.06515802,-0.103562,-0.01370467,0.03607765,-0.993874,-4.178263,2.877438,0.0713843,-0.0992953,-0.1349959,0.9858583,22,-5.7,1.451383,5.326872,23,5.7,-16.77782,135.0341
33.3512,-24.2239,-22.58627,191.4237,-4.290876,2.866383,0.06246572,-0.1029958,-0.01425579,0.03602993,-0.9939269,-4.264356,2.873403,0.06909499,-0.1028471,-0.1311881,0.9860082,22,-5.7,1.774646,3.026731,23,5.7,-16.45455,132.734
33.36871,NaN,NaN,NaN,-4.323823,2.865278,0.06097271,-0.1014126,-0.01462482,0.03529912,-0.9941104,-4.306696,2.86948,0.06631567,-0.1075926,-0.1252832,0.9862697,22,-5.7,2.005975,1.380739,23,5.7,-16.22322,131.088
33.39307,NaN,NaN,NaN,-4.383672,2.86272,0.05770431,-0.09925024,-0.01586147,0.03526717,-0.9943109,-4.359896,2.86948,0.06631567,-0.1075926,-0.1252832,0.9862697,23,5.7,-15.90132,128.7975,24,-0.7,-33.99366,257.5313
33.41046,-24.31911,-20.52232,186.0785,-4.408265,2.861697,0.055938,-0.09883051,-0.01703109,0.03641552,-0.994292,-4.392785,2.866079,0.06300783,-0.1056897,-0.1240526,0.986631,23,5.7,-15.67111,127.1595,24,-0.7,-33.76345,255.8933
33.43475,NaN,NaN,NaN,-4.450816,2.859962,0.05237386,-0.09858387,-0.01894191,0.03948689,-0.9941646,-4.439604,2.863071,0.05931126,0.01565076,-0.130716,0.9912963,23,5.7,-15.34975,124.8729,24,-0.7,-33.44209,253.6067
33.45233,NaN,NaN,NaN,-4.465711,2.859442,0.05059412,-0.09792604,-0.01947033,0.04044283,-0.994181,-4.452844,2.863071,0.05931126,0.01565076,-0.130716,0.9912963,23,5.7,-15.11727,123.2188,24,-0.7,-33.20962,251.9526
33.4765,NaN,NaN,NaN,-4.489534,2.858287,0.04710499,-0.09568121,-0.02042673,0.04197888,-0.9943167,-4.481052,2.860599,0.05518685,0.04382971,-0.1238498,0.9913326,23,5.7,-14.79758,120.944,24,-0.7,-32.88992,249.6778
33.4942,NaN,NaN,NaN,-4.496644,2.857841,0.04541423,-0.09467693,-0.02104134,0.04307627,-0.9943531,-4.487371,2.860599,0.05518685,0.04382971,-0.1238498,0.9913326,23,5.7,-14.5639,119.2813,24,-0.7,-32.65624,248.0151
33.51831,NaN,NaN,NaN,-4.504195,2.856772,0.04181559,-0.094422,-0.02257649,0.04596093,-0.9942145,-4.499192,2.858723,0.05097641,0.04929165,-0.1150638,0.9921345,23,5.7,-14.2455,117.0158,24,-0.7,-32.33784,245.7496
33.53564,NaN,NaN,NaN,-4.503553,2.856478,0.04015095,-0.09461671,-0.02364156,0.04768349,-0.9940901,-4.501873,2.85726,0.04683521,0.05605372,-0.1174286,0.9914981,23,5.7,-14.01572,115.3808,24,-0.7,-32.10806,244.1146
33.5603,NaN,NaN,NaN,-4.495772,2.856137,0.0371336,-0.09207311,-0.02487809,0.049273,-0.9942212,-4.494956,2.85726,0.04683521,0.05605372,-0.1174286,0.9914981,23,5.7,-13.68996,113.0629,24,-0.7,-31.7823,241.7967
33.57739,NaN,NaN,NaN,-4.48881,2.855655,0.03573241,-0.09015828,-0.02517252,0.04934946,-0.9943855,-4.490266,2.856081,0.04270293,0.05982918,-0.1158433,0.991464,23,5.7,-13.4639,111.4544,24,-0.7,-31.55625,240.1882
33.60181,NaN,NaN,NaN,-4.468234,2.855112,0.03276549,-0.08819153,-0.0263979,0.05101248,-0.9944462,-4.471994,2.855199,0.03903083,0.06298473,-0.1118232,0.9917301,23,5.7,-13.14159,109.161,24,-0.7,-31.23394,237.8949
33.6192,NaN,NaN,NaN,-4.452954,2.855112,0.03128054,-0.08816754,-0.0272342,0.05173827,-0.9943882,-4.458412,2.855199,0.03903083,0.06298473,-0.1118232,0.9917301,23,5.7,-12.9115,107.5238,24,-0.7,-31.00384,236.2576
33.64355,NaN,NaN,NaN,-4.415919,2.855331,0.02852653,-0.08807088,-0.02912149,0.05203074,-0.9943281,-4.423763,2.854563,0.03529882,0.06641365,-0.1037735,0.9923812,23,5.7,-12.58914,105.2302,24,-0.7,-30.68149,233.964
33.6615,NaN,NaN,NaN,-4.393618,2.855616,0.02727081,-0.08756115,-0.03009172,0.05167937,-0.9943625,-4.403941,2.854563,0.03529882,0.06641365,-0.1037735,0.9923812,23,5.7,-12.3517,103.5407,24,-0.7,-30.44404,232.2745
33.68536,NaN,NaN,NaN,-4.344689,2.856433,0.02473893,-0.08599973,-0.03165939,0.05146948,-0.994461,-4.357173,2.854249,0.03172911,0.08115649,-0.1019426,0.9914743,23,5.7,-12.03666,101.2991,24,-0.7,-30.12901,230.0329
33.7027,NaN,NaN,NaN,-4.314807,2.856911,0.02342318,-0.08564257,-0.03230067,0.05084219,-0.9945034,-4.325753,2.854444,0.02834864,0.0858001,-0.09979799,0.9913015,23,5.7,-11.80726,99.66677,24,-0.7,-29.8996,228.4006
33.72748,NaN,NaN,NaN,-4.250508,2.858709,0.02124259,-0.08462498,-0.03361201,0.04931395,-0.9946241,-4.268599,2.854444,0.02834864,0.0858001,-0.09979799,0.9913015,23,5.7,-11.47942,97.33408,24,-0.7,-29.57176,226.0679
33.74438,NaN,NaN,NaN,-4.214612,2.85987,0.02032752,-0.08382356,-0.03443678,0.04897488,-0.9946804,-4.230392,2.85522,0.02517889,0.08977863,-0.09597082,0.9913271,23,5.7,-11.25647,95.74768,24,-0.7,-29.34881,224.4815
33.76892,NaN,NaN,NaN,-4.138411,2.862262,0.01852058,-0.08206577,-0.03564901,0.04865783,-0.9947999,-4.154983,2.856778,0.02242312,0.09327095,-0.09462684,0.9911339,23,5.7,-10.932,93.439,24,-0.7,-29.02435,222.1728
33.78644,NaN,NaN,NaN,-4.096107,2.863692,0.01769415,-0.08166853,-0.03559207,0.04745174,-0.9948928,-4.117379,2.856778,0.02242312,0.09327095,-0.09462684,0.9911339,23,5.7,-10.70015,91.78929,24,-0.7,-28.79249,220.5231
33.81079,NaN,NaN,NaN,-4.006484,2.867089,0.01625309,-0.08158601,-0.03534575,0.04569335,-0.9949907,-4.028605,2.859153,0.02002859,0.0993089,-0.09452101,0.9905572,23,5.7,-10.37788,89.49625,24,-0.7,-28.47023,218.2301
33.82867,NaN,NaN,NaN,-3.958081,2.869148,0.01571304,-0.0820507,-0.03542716,0.04556917,-0.9949553,-3.985579,2.859153,0.02002859,0.0993089,-0.09452101,0.9905572,23,5.7,-10.14166,87.81544,24,-0.7,-28.234,216.5493
33.85248,NaN,NaN,NaN,-3.856596,2.873795,0.0144416,-0.08165511,-0.035594,0.04546544,-0.9949867,-3.884906,2.862245,0.01813842,0.09138035,-0.09917451,0.9908653,23,5.7,-9.826729,85.57456,24,-0.7,-27.91907,214.3084
33.86969,NaN,NaN,NaN,-3.802649,2.87574,0.01358244,-0.08186083,-0.03580234,0.04573908,-0.9949497,-3.825102,2.866332,0.0163326,0.09875087,-0.1000982,0.990065,23,5.7,-9.599767,83.95964,24,-0.7,-27.69211,212.6935
33.89459,NaN,NaN,NaN,-3.691277,2.880788,0.01223558,-0.08179349,-0.0358172,0.04429888,-0.9950199,-3.726105,2.866332,0.0163326,0.09875087,-0.1000982,0.990065,23,5.7,-9.269835,81.61205,24,-0.7,-27.36218,210.3459
33.91144,NaN,NaN,NaN,-3.632503,2.883417,0.01156369,-0.08178249,-0.03560524,0.04297794,-0.9950864,-3.660729,2.871283,0.01462792,0.09929802,-0.1005629,0.9899631,23,5.7,-9.047119,80.02735,24,-0.7,-27.13946,208.7612
33.93585,NaN,NaN,NaN,-3.510036,2.888664,0.0099958,-0.08193263,-0.03524042,0.04007904,-0.9952079,-3.537554,2.876836,0.0129106,0.1028594,-0.100475,0.9896083,23,5.7,-8.724301,77.73038,24,-0.7,-26.81664,206.4642
33.95331,NaN,NaN,NaN,-3.444863,2.891544,0.009237261,-0.08206809,-0.03534883,0.03767814,-0.9952868,-3.479623,2.876836,0.0129106,0.1028594,-0.100475,0.9896083,23,5.7,-8.493718,76.0897,24,-0.7,-26.58606,204.8235
33.97766,NaN,NaN,NaN,-3.313391,2.897181,0.007853655,-0.08156359,-0.03593083,0.03394116,-0.9954419,-3.347285,2.882881,0.01110734,0.108047,-0.1027115,0.9888256,23,5.7,-8.17217,73.80177,24,-0.7,-26.26451,202.5356
33.99573,NaN,NaN,NaN,-3.244391,2.899866,0.00712906,-0.0808381,-0.03643069,0.032115,-0.9955434,-3.285953,2.882881,0.01110734,0.108047,-0.1027115,0.9888256,23,5.7,-7.933286,72.10202,24,-0.7,-26.02563,200.8358
34.01953,NaN,NaN,NaN,-3.103682,2.90529,0.005802875,-0.07907225,-0.03735042,0.02845928,-0.9957624,-3.144449,2.889362,0.009415314,0.1143969,-0.108234,0.9875215,23,5.7,-7.618385,69.86139,24,-0.7,-25.71073,198.5952
34.03693,NaN,NaN,NaN,-3.031185,2.90788,0.005137102,-0.07816759,-0.03758994,0.02679058,-0.995871,-3.062514,2.895986,0.007736489,0.1089275,-0.1154508,0.9873226,23,5.7,-7.388029,68.22232,24,-0.7,-25.48037,196.9561
34.06177,NaN,NaN,NaN,-2.882971,2.912883,0.004043393,-0.07674483,-0.03754592,0.02400103,-0.9960545,-2.930769,2.895986,0.007736489,0.1089275,-0.1154508,0.9873226,23,5.7,-7.060139,65.88927,24,-0.7,-25.15248,194.6231
34.07855,21.65837,-20.2484,202.4321,-2.807145,2.915173,0.003512169,-0.07628465,-0.03708687,0.02305573,-0.9961294,-2.844825,2.902532,0.006230533,0.1194034,-0.1128139,0.9864157,23,5.7,-6.837664,64.30627,24,-0.7,-24.93001,193.0401
34.10303,22.87125,-21.4838,199.6052,-2.654123,2.919529,0.002453248,-0.07551275,-0.03634502,0.02195865,-0.9962403,-2.689529,2.908739,0.004762813,0.1260994,-0.1203361,0.9846919,23,5.7,-6.514441,62.00642,24,-0.7,-24.60678,190.7402
34.12048,22.64,-21.19678,197.2566,-2.575927,2.921351,0.001995688,-0.07545908,-0.03586914,0.02180353,-0.996265,-2.620023,2.908739,0.004762813,0.1260994,-0.1203361,0.9846919,23,5.7,-6.28372,60.36475,24,-0.7,-24.37606,189.0986
34.14484,22.56955,-22.03244,196.282,-2.418466,2.925012,0.001316176,-0.07518928,-0.03489935,0.02050186,-0.9963475,-2.460183,2.914413,0.003359988,0.1255035,-0.1250879,0.9841757,23,5.7,-5.961424,58.0715,24,-0.7,-24.05377,186.8053
34.16302,22.36073,-21.75338,194.0864,-2.338395,2.926553,0.001104533,-0.07463437,-0.03429519,0.01990774,-0.9964223,-2.389009,2.914413,0.003359988,0.1255035,-0.1250879,0.9841757,23,5.7,-5.721337,56.36319,24,-0.7,-23.81368,185.097
34.18677,21.93861,-22.44977,192.0888,-2.17734,2.929017,0.0007699339,-0.07369874,-0.03331368,0.01910846,-0.9965408,-2.225392,2.919403,0.002157241,0.1237557,-0.129928,0.9837699,23,5.7,-5.407131,54.1275,24,-0.7,-23.49947,182.8613
34.20404,22.7937,-21.83033,189.6224,-2.09639,2.929939,0.0007714911,-0.07371471,-0.03290534,0.01905886,-0.9965542,-2.13237,2.923644,0.00118798,0.1292526,-0.1283601,0.9832687,23,5.7,-5.179085,52.50487,24,-0.7,-23.27143,181.2387
34.229,22.72425,-21.61922,188.0053,-1.935371,2.931277,0.0009621239,-0.07404506,-0.03215837,0.01885613,-0.9965579,-1.989242,2.923644,0.00118798,0.1292526,-0.1283601,0.9832687,23,5.7,-4.848888,50.15539,24,-0.7,-22.94123,178.8892
34.24579,24.10221,-23.228,187.4364,-1.855233,2.931478,0.001215363,-0.07487892,-0.0316899,0.0189475,-0.9965089,-1.896783,2.927025,0.00076738,0.1360996,-0.1369164,0.9811885,23,5.7,-4.627148,48.57763,24,-0.7,-22.71949,177.3115
34.27026,NaN,NaN,NaN,-1.695278,2.93189,0.002264833,-0.07485985,-0.03038179,0.01870186,-0.9965557,-1.733223,2.929293,0.0007754117,0.1355923,-0.140686,0.9807253,23,5.7,-4.30325,46.27298,24,-0.7,-22.39559,175.0068
34.2876,NaN,NaN,NaN,-1.615838,2.931558,0.0029922,-0.07393913,-0.02927963,0.01823043,-0.9966662,-1.662609,2.929293,0.0007754117,0.1355923,-0.140686,0.9807253,23,5.7,-4.07443,44.64484,24,-0.7,-22.16677,173.3787
34.31189,NaN,NaN,NaN,-1.458387,2.930434,0.004631758,-0.07303853,-0.02697547,0.01810022,-0.9967999,-1.50127,2.930324,0.0012905,0.1382283,-0.1415334,0.9802353,23,5.7,-3.753237,42.35943,24,-0.7,-21.84558,171.0933
34.3302,NaN,NaN,NaN,-1.380508,2.930009,0.005813719,-0.07261396,-0.02587556,0.01839067,-0.9968548,-1.432045,2.930324,0.0012905,0.1382283,-0.1415334,0.9802353,23,5.7,-3.511193,40.6372,24,-0.7,-21.60354,169.371
34.3537,NaN,NaN,NaN,-1.227229,2.927404,0.008009559,-0.07315715,-0.0232774,0.01875285,-0.9968724,-1.274557,2.930271,0.00252521,0.1353949,-0.144129,0.9802526,23,5.7,-3.200113,38.42375,24,-0.7,-21.29246,167.1576
34.37122,NaN,NaN,NaN,-1.151753,2.925996,0.009457078,-0.0744485,-0.02202456,0.01898612,-0.9968008,-1.186533,2.929383,0.004597306,0.1369058,-0.1429272,0.9802186,23,5.7,-2.968429,36.77523,24,-0.7,-21.06077,165.5091
34.39624,23.25904,-22.45365,174.0857,-1.003367,2.923366,0.01269734,-0.07422527,-0.01921124,0.01927032,-0.9968702,-1.054634,2.929383,0.004597306,0.1369058,-0.1429272,0.9802186,23,5.7,-2.637706,34.42202,24,-0.7,-20.73005,163.1558
34.41296,NaN,NaN,NaN,-0.93084,2.921497,0.01446524,-0.07366426,-0.01764618,0.01978002,-0.9969308,-0.9696091,2.927169,0.007240906,0.1312307,-0.1439323,0.9808476,23,5.7,-2.41621,32.84599,24,-0.7,-20.50855,161.5798
34.43719,21.22306,-39.46346,327.2137,-0.7882469,2.917861,0.01794331,-0.07378665,-0.01441256,0.01973121,-0.9969747,-0.822762,2.924031,0.0105522,0.06666955,-0.1281855,0.9895068,23,5.7,-2.096199,30.56899,24,-0.7,-20.18854,159.3028
34.45459,21.13543,-39.17665,324.9997,-0.7190062,2.915784,0.01978858,-0.07456366,-0.01311853,0.01941179,-0.996941,-0.7612147,2.924031,0.0105522,0.06666955,-0.1281855,0.9895068,23,5.7,-1.866135,28.932,24,-0.7,-19.95848,157.6658
34.47913,NaN,NaN,NaN,-0.5850092,2.910607,0.02306932,-0.07666849,-0.009911615,0.01879013,-0.9968303,-0.6226259,2.920205,0.01449488,0.006495287,-0.1187705,0.9929005,23,5.7,-1.542182,26.62696,24,-0.7,-19.63452,155.3608
34.49701,NaN,NaN,NaN,-0.5206104,2.908307,0.02481722,-0.07846127,-0.008356198,0.01909293,-0.9966993,-0.5653825,2.920205,0.01449488,0.006495287,-0.1187705,0.9929005,23,5.7,-1.305253,24.94112,24,-0.7,-19.39759,153.675
34.52081,NaN,NaN,NaN,-0.3958528,2.904016,0.02858763,-0.07974594,-0.00534278,0.01960079,-0.9966082,-0.4357173,2.915543,0.01868938,-0.0005305462,-0.1177904,0.9930384,23,5.7,-0.9905802,22.70211,24,-0.7,-19.08292,151.4359
34.53815,NaN,NaN,NaN,-0.3366768,2.901213,0.03032856,-0.08045757,-0.003950354,0.0204185,-0.9965411,-0.3651948,2.910041,0.02286261,-0.0002080517,-0.1208568,0.9926699,23,5.7,-0.7616674,21.07331,24,-0.7,-18.85401,149.8071
34.56299,NaN,NaN,NaN,-0.2213054,2.89617,0.03389473,-0.08225124,-0.0006459393,0.01938879,-0.9964228,-0.2626424,2.910041,0.02286261,-0.0002080517,-0.1208568,0.9926699,23,5.7,-0.4329781,18.73457,24,-0.7,-18.52532,147.4684
34.57996,NaN,NaN,NaN,-0.1666812,2.893257,0.0355319,-0.08363757,0.0009294068,0.01841651,-0.9963257,-0.1971185,2.904273,0.02713618,-0.003029007,-0.1184452,0.992956,23,5.7,-0.2088856,17.14007,24,-0.7,-18.30123,145.8739
34.59705,NaN,NaN,NaN,-0.1146167,2.890821,0.03725144,-0.08477526,0.002208563,0.01826286,-0.9962303,-0.1508389,2.904273,0.02713618,-0.003029007,-0.1184452,0.992956,23,5.7,0.01713569,15.53184,24,-0.7,-18.07521,144.2657
34.61823,NaN,NaN,NaN,-0.01362656,2.886971,0.04103931,-0.08533382,0.004738233,0.01825859,-0.9961739,-0.04517901,2.898364,0.03140967,-0.00370046,-0.1220693,0.9925147,23,5.7,0.297555,13.53656,24,-0.7,-17.79479,142.2704
34.63544,NaN,NaN,NaN,0.03270634,2.885238,0.04296519,-0.08410461,0.005611971,0.01765607,-0.9962847,0.0108104,2.892296,0.03559815,-0.007285179,-0.1204638,0.992691,23,5.7,0.5246237,11.92088,24,-0.7,-17.56772,140.6547
34.65204,NaN,NaN,NaN,0.07638936,2.882717,0.04452875,-0.08373638,0.006851275,0.01627764,-0.9963315,0.04963975,2.892296,0.03559815,-0.007285179,-0.1204638,0.992691,23,5.7,0.7440915,10.35928,24,-0.7,-17.34825,139.0931
34.67389,NaN,NaN,NaN,0.1597272,2.878503,0.04770566,-0.08584937,0.009156169,0.01370936,-0.9961717,0.1372699,2.887004,0.03990167,-0.003520018,-0.119594,0.9928166,23,5.7,1.03325,8.301814,24,-0.7,-17.0591,137.0356
34.69098,NaN,NaN,NaN,0.198093,2.877291,0.04962883,-0.0859545,0.01008154,0.0125876,-0.9961686,0.1713729,2.887004,0.03990167,-0.003520018,-0.119594,0.9928166,23,5.7,1.259207,6.694045,24,-0.7,-16.83314,135.4279
34.70795,NaN,NaN,NaN,0.2331278,2.875388,0.05125883,-0.08576963,0.01043567,0.01221217,-0.9961855,0.2148135,2.881942,0.04407696,-0.00290094,-0.1199688,0.9927735,23,5.7,1.483629,5.097202,24,-0.7,-16.60872,133.831
34.72992,NaN,NaN,NaN,0.2980843,2.872281,0.05456463,-0.0857136,0.01145433,0.01137637,-0.9961891,0.2725527,2.881942,0.04407696,-0.00290094,-0.1199688,0.9927735,23,5.7,1.774113,3.0303,24,-0.7,-16.31823,131.7641
34.74713,NaN,NaN,NaN,0.326133,2.87061,0.05602281,-0.08569143,0.01180129,0.01029647,-0.9961987,0.3085094,2.877398,0.04819027,-0.006445765,-0.1137567,0.9934877,23,5.7,2.001971,1.409002,24,-0.7,-16.09037,130.1428
34.76416,NaN,NaN,NaN,0.3515021,2.868917,0.0574277,-0.08622359,0.01216179,0.008900276,-0.9961618,0.3310598,2.877398,0.04819027,-0.006445765,-0.1137567,0.9934877,24,-0.7,-15.86597,128.5461,25,5.7,-33.95843,257.2805
34.78546,NaN,NaN,NaN,0.3960801,2.866223,0.06032689,-0.08651367,0.01230216,0.005804176,-0.9961578,0.3802317,2.873323,0.05218676,-0.00833759,-0.114206,0.9934222,24,-0.7,-15.58379,126.5383,25,5.7,-33.67625,255.2727
34.80255,NaN,NaN,NaN,0.4133695,2.865129,0.06180275,-0.08504613,0.01213133,0.003924941,-0.9962955,0.4035153,2.869461,0.05586651,-0.00669912,-0.1139162,0.9934678,24,-0.7,-15.35824,124.9335,25,5.7,-33.4507,253.6678
34.81927,NaN,NaN,NaN,0.4287309,2.863745,0.06307457,-0.08403519,0.01199163,0.002549585,-0.9963874,0.4171699,2.869461,0.05586651,-0.00669912,-0.1139162,0.9934678,24,-0.7,-15.13688,123.3584,25,5.7,-33.22934,252.0927
34.84125,NaN,NaN,NaN,0.4518159,2.861829,0.06567985,-0.08328064,0.01168725,0.0003991414,-0.9964576,0.4440539,2.866017,0.0593979,-0.003674729,-0.1198694,0.9927829,24,-0.7,-14.8464,121.2915,25,5.7,-32.93886,250.0259
34.85822,NaN,NaN,NaN,0.4572919,2.860841,0.06682922,-0.08342065,0.01168508,-0.0006032667,-0.9964457,0.4489214,2.866017,0.0593979,-0.003674729,-0.1198694,0.9927829,24,-0.7,-14.62224,119.6965,25,5.7,-32.7147,248.4309
34.87494,NaN,NaN,NaN,0.4604065,2.859924,0.06792629,-0.08412065,0.01208372,-0.002088891,-0.9963802,0.4563784,2.863051,0.06272788,-0.002746589,-0.1105133,0.9938709,24,-0.7,-14.40075,118.1206,25,5.7,-32.49321,246.8549
34.89685,NaN,NaN,NaN,0.4602042,2.858856,0.07036591,-0.08416445,0.01357523,-0.00582608,-0.9963425,0.4561985,2.863051,0.06272788,-0.002746589,-0.1105133,0.9938709,24,-0.7,-14.111,116.0589,25,5.7,-32.20346,244.7932
34.91394,NaN,NaN,NaN,0.4552716,2.858334,0.07155787,-0.08354655,0.01447191,-0.007552625,-0.9963702,0.4546773,2.860536,0.06577524,-0.002906175,-0.111013,0.9938147,24,-0.7,-13.88541,114.4537,25,5.7,-31.97787,243.1881
34.93848,NaN,NaN,NaN,0.4387231,2.857779,0.07389759,-0.08272313,0.01607437,-0.008443249,-0.9964072,0.4409904,2.858599,0.06865131,-0.00707164,-0.1053879,0.994406,24,-0.7,-13.56052,112.142,25,5.7,-31.65298,240.8763
34.95581,NaN,NaN,NaN,0.425613,2.857941,0.07508332,-0.08270189,0.01729803,-0.008524038,-0.9963878,0.4293371,2.858599,0.06865131,-0.00707164,-0.1053879,0.994406,24,-0.7,-13.33146,110.5121,25,5.7,-31.42392,239.2465
34.98047,NaN,NaN,NaN,0.393632,2.857785,0.07702549,-0.08308273,0.01991601,-0.009315395,-0.9963001,0.400214,2.857382,0.07147937,-0.01643439,-0.1096211,0.9938376,24,-0.7,-13.00583,108.1952,25,5.7,-31.09829,236.9296
34.99774,NaN,NaN,NaN,0.3734099,2.858,0.07789658,-0.08394614,0.02116605,-0.009497737,-0.9962003,0.3822388,2.857382,0.07147937,-0.01643439,-0.1096211,0.9938376,24,-0.7,-12.77758,106.5711,25,5.7,-30.87004,235.3055
35.02203,NaN,NaN,NaN,0.3280362,2.858461,0.07952327,-0.08477055,0.02306351,-0.009738936,-0.996086,0.3395054,2.856896,0.07421736,-0.02111322,-0.103967,0.9943566,24,-0.7,-12.45572,104.2809,25,5.7,-30.54818,233.0153
35.03955,NaN,NaN,NaN,0.3019838,2.858673,0.08017011,-0.08542173,0.02345552,-0.009787235,-0.9960207,0.3123019,2.856907,0.07665946,-0.02210129,-0.1143835,0.9931908,24,-0.7,-12.22466,102.6368,25,5.7,-30.31712,231.3712
35.06384,NaN,NaN,NaN,0.2451787,2.859455,0.08140776,-0.08650792,0.02442992,-0.0100774,-0.9959006,0.2618084,2.856907,0.07665946,-0.02210129,-0.1143835,0.9931908,24,-0.7,-11.90328,100.3501,25,5.7,-29.99574,229.0845
35.08118,NaN,NaN,NaN,0.2121786,2.860409,0.08207448,-0.08610877,0.02469491,-0.009853997,-0.9959309,0.2269768,2.857253,0.07871998,-0.01863691,-0.1069715,0.9940875,24,-0.7,-11.67441,98.72165,25,5.7,-29.76687,227.456
35.10571,NaN,NaN,NaN,0.1419639,2.862551,0.08343444,-0.08421448,0.02524581,-0.009244423,-0.9960849,0.1577547,2.857969,0.08042266,-0.01126671,-0.1084157,0.9940417,24,-0.7,-11.34986,96.41232,25,5.7,-29.44232,225.1467
35.1228,NaN,NaN,NaN,0.1035846,2.863786,0.08412339,-0.08280399,0.02531489,-0.009076702,-0.9962029,0.1236398,2.857969,0.08042266,-0.01126671,-0.1084157,0.9940417,24,-0.7,-11.12358,94.80228,25,5.7,-29.21604,223.5367
35.14764,NaN,NaN,NaN,0.02329886,2.866437,0.08531478,-0.08165237,0.02506807,-0.008549387,-0.9963089,0.04409624,2.859543,0.08202252,-0.01197785,-0.1065064,0.9942399,24,-0.7,-10.79574,92.46955,25,5.7,-28.8882,221.2039
35.16461,NaN,NaN,NaN,-0.0193744,2.867964,0.08574428,-0.08249871,0.0245216,-0.007687168,-0.9962598,0.006164454,2.859543,0.08202252,-0.01197785,-0.1065064,0.9942399,24,-0.7,-10.57138,90.87315,25,5.7,-28.66384,219.6075
35.18909,NaN,NaN,NaN,-0.1088689,2.871664,0.08667553,-0.08297151,0.0231756,-0.005949164,-0.9962647,-0.08286642,2.861997,0.08364954,-0.01291579,-0.1033718,0.994559,24,-0.7,-10.24718,88.56635,25,5.7,-28.33964,217.3007
35.20642,NaN,NaN,NaN,-0.15658,2.873735,0.08716857,-0.08241791,0.02278122,-0.005488389,-0.9963223,-0.1357672,2.865206,0.08501254,-0.01160232,-0.1040943,0.9944997,24,-0.7,-10.01853,86.93944,25,5.7,-28.11099,215.6738
35.23108,NaN,NaN,NaN,-0.2556515,2.878422,0.08833481,-0.08016799,0.02207829,-0.004360804,-0.9965274,-0.2238308,2.865206,0.08501254,-0.01160232,-0.1040943,0.9944997,24,-0.7,-9.692056,84.61643,25,5.7,-27.78451,213.3508
35.24823,NaN,NaN,NaN,-0.3076097,2.880759,0.08881284,-0.07895628,0.02170782,-0.00293762,-0.9966374,-0.2815348,2.869209,0.0862107,-0.008009111,-0.1094627,0.9939587,24,-0.7,-9.46569,83.00576,25,5.7,-27.55815,211.7401
35.27277,NaN,NaN,NaN,-0.4136434,2.885553,0.08957012,-0.07913352,0.02068529,-3.963197E-05,-0.9966494,-0.3882706,2.873981,0.08737057,-0.006244183,-0.1101177,0.993899,24,-0.7,-9.141444,80.69863,25,5.7,-27.2339,209.433
35.28986,NaN,NaN,NaN,-0.4690242,2.887915,0.08974793,-0.08087067,0.02031747,0.001343356,-0.9965166,-0.437498,2.873981,0.08737057,-0.006244183,-0.1101177,0.993899,24,-0.7,-8.915277,79.08937,25,5.7,-27.00773,207.8238
35.30682,NaN,NaN,NaN,-0.5253224,2.890343,0.08996603,-0.08359733,0.02019778,0.002215536,-0.9962924,-0.5009673,2.879467,0.08851484,-0.008200408,-0.1113281,0.9937499,24,-0.7,-8.690701,77.49143,25,5.7,-26.78316,206.2258
35.32886,NaN,NaN,NaN,-0.6409144,2.895514,0.09057204,-0.08675762,0.01975894,0.005044512,-0.9960207,-0.6037158,2.879467,0.08851484,-0.008200408,-0.1113281,0.9937499,24,-0.7,-8.399199,75.41728,25,5.7,-26.49166,204.1517
35.34558,NaN,NaN,NaN,-0.700279,2.89804,0.09082139,-0.08743573,0.01934076,0.007022733,-0.9959577,-0.6707515,2.8853,0.08941488,-0.006689522,-0.1119359,0.9936929,24,-0.7,-8.178385,73.84611,25,5.7,-26.27084,202.5805
35.36273,NaN,NaN,NaN,-0.7601079,2.900389,0.0910591,-0.08772834,0.01882432,0.00872542,-0.9959283,-0.7239326,2.8853,0.08941488,-0.006689522,-0.1119359,0.9936929,24,-0.7,-7.951724,72.23333,25,5.7,-26.04418,200.9677
35.38397,NaN,NaN,NaN,-0.8820795,2.904948,0.09153049,-0.08802727,0.01753291,0.01224818,-0.9958884,-0.8473548,2.891272,0.09011817,-0.007361383,-0.1165023,0.9931632,24,-0.7,-7.670369,70.23139,25,5.7,-25.76283,198.9658
35.40125,NaN,NaN,NaN,-0.9442643,2.906498,0.09148993,-0.08828451,0.01661625,0.01396672,-0.9958588,-0.9183048,2.897283,0.09079261,-0.002095641,-0.1136684,0.9935165,24,-0.7,-7.442057,68.60686,25,5.7,-25.53452,197.3413
35.41785,NaN,NaN,NaN,-1.006348,2.908054,0.09153976,-0.08904866,0.0158058,0.01537301,-0.9957832,-0.9734902,2.897283,0.09079261,-0.002095641,-0.1136684,0.9935165,24,-0.7,-7.222574,67.04517,25,5.7,-25.31503,195.7796
35.43994,NaN,NaN,NaN,-1.132281,2.911504,0.09196085,-0.08896326,0.01410612,0.0184259,-0.9957646,-1.101506,2.90258,0.09121399,-0.005134606,-0.1159718,0.9932392,24,-0.7,-6.93096,64.97023,25,5.7,-25.02342,193.7046
35.45691,NaN,NaN,NaN,-1.196344,2.912578,0.09210359,-0.08843684,0.01343259,0.01992145,-0.995792,-1.158451,2.90258,0.09121399,-0.005134606,-0.1159718,0.9932392,24,-0.7,-6.706409,63.37247,25,5.7,-24.79887,192.1069
35.47375,NaN,NaN,NaN,-1.260979,2.913582,0.09231341,-0.08813579,0.0128206,0.02147956,-0.9957944,-1.232357,2.906995,0.09151375,-0.006505288,-0.1222036,0.9924837,24,-0.7,-6.483452,61.78605,25,5.7,-24.57591,190.5204
35.49603,NaN,NaN,NaN,-1.390644,2.915159,0.09289463,-0.08783175,0.01184833,0.02353856,-0.9957867,-1.347615,2.906995,0.09151375,-0.006505288,-0.1222036,0.9924837,24,-0.7,-6.18876,59.6892,25,5.7,-24.28122,188.4236
35.51263,NaN,NaN,NaN,-1.45521,2.915581,0.09312607,-0.0880145,0.01174642,0.02329747,-0.9957775,-1.421849,2.910541,0.09196737,-0.003306087,-0.1220919,0.9925133,24,-0.7,-5.969792,58.13116,25,5.7,-24.06225,186.8655
35.52997,NaN,NaN,NaN,-1.519451,2.915634,0.09314297,-0.08870849,0.01142812,0.02337534,-0.9957178,-1.478951,2.910541,0.09196737,-0.003306087,-0.1220919,0.9925133,24,-0.7,-5.74025,56.49789,25,5.7,-23.83271,185.2323
35.55096,NaN,NaN,NaN,-1.6481,2.915447,0.09320045,-0.09039453,0.01064704,0.02453876,-0.9955468,-1.610423,2.913038,0.09253718,0.010396,-0.1206641,0.9926389,24,-0.7,-5.463238,54.52684,25,5.7,-23.5557,183.2612
35.56812,NaN,NaN,NaN,-1.71188,2.914982,0.09316681,-0.09098926,0.01046176,0.02515186,-0.9954792,-1.684263,2.914322,0.09289782,0.01264844,-0.1195533,0.9927472,24,-0.7,-5.236413,52.9129,25,5.7,-23.32887,181.6473
35.59277,NaN,NaN,NaN,-1.837883,2.913388,0.09294084,-0.09150206,0.01037614,0.02532873,-0.9954286,-1.796265,2.914322,0.09289782,0.01264844,-0.1195533,0.9927472,24,-0.7,-4.90978,50.58878,25,5.7,-23.00224,179.3232
35.60986,NaN,NaN,NaN,-1.898676,2.912242,0.09263205,-0.09264003,0.01058457,0.02534564,-0.9953208,-1.867407,2.914348,0.09303281,0.01363533,-0.122113,0.9924225,24,-0.7,-4.683841,48.98115,25,5.7,-22.7763,177.7155
35.6344,NaN,NaN,NaN,-2.017269,2.909973,0.09201343,-0.09265522,0.01047171,0.02521165,-0.995324,-1.989416,2.913112,0.09265797,0.01291011,-0.122976,0.9923257,24,-0.7,-4.359436,46.67288,25,5.7,-22.45189,175.4073
35.65173,NaN,NaN,NaN,-2.076771,2.908092,0.09152798,-0.09337522,0.01004016,0.02632048,-0.9952325,-2.042308,2.913112,0.09265797,0.01291011,-0.122976,0.9923257,24,-0.7,-4.130529,45.04413,25,5.7,-22.22299,173.7785
35.67633,NaN,NaN,NaN,-2.192684,2.905214,0.09082898,-0.0945864,0.009229767,0.0276247,-0.9950905,-2.161753,2.910885,0.09220443,0.01369683,-0.1162773,0.9931223,24,-0.7,-3.805551,42.73179,25,5.7,-21.89801,171.4662
35.69391,NaN,NaN,NaN,-2.249196,2.903374,0.09037304,-0.09521689,0.008794472,0.02835726,-0.9950137,-2.211985,2.910885,0.09220443,0.01369683,-0.1162773,0.9931223,24,-0.7,-3.572999,41.0771,25,5.7,-21.66546,169.8115
35.7182,NaN,NaN,NaN,-2.359867,2.899437,0.08916626,-0.09788004,0.007694203,0.02991166,-0.9947188,-2.326398,2.907687,0.09152582,0.01677403,-0.1116977,0.9936007,24,-0.7,-3.25158,38.79008,25,5.7,-21.34404,167.5245
35.73547,NaN,NaN,NaN,-2.414401,2.897706,0.08850317,-0.09886625,0.006901479,0.03062424,-0.9946055,-2.390391,2.903899,0.09066164,0.02044763,-0.1054249,0.994217,24,-0.7,-3.023269,37.16557,25,5.7,-21.11573,165.9
35.76074,NaN,NaN,NaN,-2.516155,2.893492,0.08662885,-0.1010649,0.005776141,0.029618,-0.9944221,-2.480839,2.903899,0.09066164,0.02044763,-0.1054249,0.994217,24,-0.7,-2.689261,34.78898,25,5.7,-20.78172,163.5234
35.77686,NaN,NaN,NaN,-2.563811,2.891467,0.0854737,-0.1023952,0.005154148,0.02828809,-0.9943281,-2.538203,2.899669,0.08950336,0.02288152,-0.1093166,0.9937437,24,-0.7,-2.4759,33.27084,25,5.7,-20.56836,162.0052
35.80157,NaN,NaN,NaN,-2.657187,2.887526,0.08299169,-0.1047483,0.003313635,0.02873971,-0.9940779,-2.635183,2.894866,0.08751168,0.02452838,-0.1153227,0.9930252,24,-0.7,-2.149642,30.94939,25,5.7,-20.2421,159.6838
35.81873,NaN,NaN,NaN,-2.701785,2.885272,0.08156936,-0.1056986,0.002097161,0.03018562,-0.9939378,-2.674825,2.894866,0.08751168,0.02452838,-0.1153227,0.9930252,24,-0.7,-1.922397,29.33245,25,5.7,-20.01486,158.0669
35.84332,NaN,NaN,NaN,-2.786165,2.881475,0.07892422,-0.1063171,0.0008639201,0.03084894,-0.9938533,-2.76291,2.889958,0.08492675,0.02804771,-0.1199918,0.9923786,24,-0.7,-1.597422,27.02014,25,5.7,-19.68988,155.7546
35.86102,NaN,NaN,NaN,-2.825399,2.880258,0.0779054,-0.1049638,0.001128014,0.03038873,-0.994011,-2.797784,2.889958,0.08492675,0.02804771,-0.1199918,0.9923786,24,-0.7,-1.363503,25.35572,25,5.7,-19.45596,154.0901
35.88507,NaN,NaN,NaN,-2.90068,2.876708,0.07515543,-0.1027052,0.0006653657,0.03225052,-0.9941887,-2.876907,2.885005,0.08197202,0.03056544,-0.1216355,0.9921042,24,-0.7,-1.045393,23.09225,25,5.7,-19.13785,151.8267
35.90247,NaN,NaN,NaN,-2.935029,2.874547,0.07336535,-0.1033791,0.0004865109,0.0336042,-0.9940742,-2.918668,2.880666,0.07893386,0.0387362,-0.1198137,0.9920404,24,-0.7,-0.815683,21.45778,25,5.7,-18.90814,150.1922
35.92706,NaN,NaN,NaN,-2.998097,2.871172,0.07012305,-0.1050905,0.0006048754,0.03484019,-0.993852,-2.974729,2.880666,0.07893386,0.0387362,-0.1198137,0.9920404,24,-0.7,-0.4905394,19.14426,25,5.7,-18.583,147.8787
35.94427,NaN,NaN,NaN,-3.025093,2.869665,0.06850535,-0.1049233,0.00114806,0.03484634,-0.9938689,-3.00895,2.876433,0.07557628,0.04237028,-0.1209824,0.9917499,24,-0.7,-0.2626016,17.5224,25,5.7,-18.35506,146.2568
35.96857,NaN,NaN,NaN,-3.074745,2.866571,0.06528603,-0.1035542,0.001463289,0.03580835,-0.993978,-3.062136,2.872191,0.0718425,0.04711518,-0.1243938,0.9911137,24,-0.7,0.05836758,15.23859,25,5.7,-18.03409,143.973
35.98639,NaN,NaN,NaN,-3.09617,2.864866,0.06363305,-0.1024869,0.001139238,0.03766888,-0.9940202,-3.08118,2.872191,0.0718425,0.04711518,-0.1243938,0.9911137,24,-0.7,0.2941287,13.56106,25,5.7,-17.79833,142.2955
36.01031,NaN,NaN,NaN,-3.130105,2.86194,0.06040953,-0.1004563,0.0007234076,0.04031227,-0.9941242,-3.119104,2.868315,0.06806746,0.04657863,-0.1252663,0.9910292,24,-0.7,0.6101962,11.31212,25,5.7,-17.48226,140.0466
36.02893,NaN,NaN,NaN,-3.142513,2.860462,0.05879564,-0.09942286,0.0006872974,0.04141542,-0.9941828,-3.130133,2.868315,0.06806746,0.04657863,-0.1252663,0.9910292,24,-0.7,0.856224,9.561544,25,5.7,-17.23624,138.296
36.05212,NaN,NaN,NaN,-3.161547,2.857651,0.05551413,-0.09845442,0.0009236345,0.04366102,-0.9941829,-3.153276,2.8645,0.06412264,0.04788545,-0.1233418,0.9912083,24,-0.7,1.163188,7.377382,25,5.7,-16.92927,136.1118
36.06976,NaN,NaN,NaN,-3.166424,2.85649,0.05394267,-0.09837022,0.0006611831,0.04579912,-0.9940953,-3.162221,2.860879,0.0601958,0.04828885,-0.1279193,0.9906083,24,-0.7,1.396323,5.718542,25,5.7,-16.69614,134.453
36.09424,NaN,NaN,NaN,-3.170716,2.85401,0.05088673,-0.09802828,-0.0003111884,0.04981163,-0.9939362,-3.166037,2.860879,0.0601958,0.04828885,-0.1279193,0.9906083,24,-0.7,1.719692,3.417652,25,5.7,-16.37277,132.1521
36.11133,NaN,NaN,NaN,-3.167893,2.852907,0.0494245,-0.09778249,-0.0011485,0.05122814,-0.9938878,-3.166619,2.857516,0.05641597,0.05122437,-0.1275962,0.9905025,24,-0.7,1.945994,1.807428,25,5.7,-16.14647,130.5419
36.13562,NaN,NaN,NaN,-3.155002,2.851057,0.04623106,-0.09706754,-0.002327942,0.05258962,-0.9938848,-3.156626,2.854459,0.0527399,0.05429022,-0.1266802,0.9904568,25,5.7,-15.82529,128.2566,26,-0.7,-33.91769,256.9906
36.15314,NaN,NaN,NaN,-3.144455,2.850258,0.04461046,-0.09692387,-0.003160272,0.05340591,-0.9938529,-3.147252,2.854459,0.0527399,0.05429022,-0.1266802,0.9904568,25,5.7,-15.59343,126.6068,26,-0.7,-33.68583,255.3408
36.17743,NaN,NaN,NaN,-3.114779,2.849529,0.04165057,-0.0962475,-0.004928206,0.0546014,-0.9938465,-3.120464,2.851787,0.04891422,0.05895469,-0.1304279,0.9897034,25,5.7,-15.27233,124.322,26,-0.7,-33.36472,253.056
36.19556,20.61322,-49.616,398.181,-3.094831,2.849227,0.04013237,-0.09579122,-0.005989576,0.05489957,-0.9938683,-3.102732,2.851787,0.04891422,0.05895469,-0.1304279,0.9897034,25,5.7,-15.03294,122.6187,26,-0.7,-33.12533,251.3527
36.2193,21.87592,-49.05882,396.7218,-3.049091,2.848859,0.03728368,-0.09491382,-0.008053837,0.05541977,-0.993909,-3.059994,2.849766,0.04513928,0.06220991,-0.1295011,0.9896259,25,5.7,-14.71864,120.3823,26,-0.7,-32.81103,249.1163
36.23657,23.47984,-47.39962,395.3478,-3.021334,2.848904,0.0358127,-0.09456526,-0.00908782,0.05521089,-0.9939449,-3.031543,2.848588,0.04162379,0.06638335,-0.1258193,0.9898297,25,5.7,-14.49092,118.7621,26,-0.7,-32.58332,247.496
36.26129,23.42454,-47.18966,393.696,-2.958925,2.849039,0.03275321,-0.09455626,-0.01084544,0.05451692,-0.9939666,-2.976069,2.848588,0.04162379,0.06638335,-0.1258193,0.9898297,25,5.7,-14.16409,116.4366,26,-0.7,-32.25649,245.1705
36.27826,24.65339,-45.94164,391.5711,-2.923049,2.849205,0.03128478,-0.09432328,-0.01204816,0.05447213,-0.9939772,-2.938556,2.848014,0.03805538,0.06976034,-0.1233542,0.9899077,25,5.7,-13.93968,114.8398,26,-0.7,-32.03207,243.5737
36.29535,24.5686,-45.72968,389.8702,-2.883588,2.849569,0.02986747,-0.09375463,-0.01315195,0.05411455,-0.9940366,-2.90348,2.848014,0.03805538,0.06976034,-0.1233542,0.9899077,25,5.7,-13.71318,113.2282,26,-0.7,-31.80558,241.9622
36.31671,NaN,NaN,NaN,-2.798004,2.850453,0.02721729,-0.09168767,-0.01503415,0.05304993,-0.9942601,-2.820044,2.847926,0.0344452,0.07456097,-0.1216143,0.989773,25,5.7,-13.43092,111.2197,26,-0.7,-31.52331,239.9537
36.3338,21.80783,-34.34713,307.9787,-2.74973,2.851265,0.02621713,-0.0902974,-0.01595464,0.05212629,-0.9944218,-2.76801,2.848392,0.03102718,0.07898191,-0.119539,0.9896829,25,5.7,-13.20535,109.6148,26,-0.7,-31.29775,238.3488
36.35858,21.77638,-34.15955,306.4257,-2.645684,2.853408,0.02426357,-0.08790433,-0.01750328,0.05027466,-0.9947054,-2.675525,2.848392,0.03102718,0.07898191,-0.119539,0.9896829,25,5.7,-12.87722,107.28,26,-0.7,-30.96962,236.014
36.37561,NaN,NaN,NaN,-2.588231,2.854431,0.02318879,-0.08732044,-0.01807772,0.04945878,-0.9947876,-2.613481,2.849618,0.02811755,0.07213486,-0.1128698,0.9909879,25,5.7,-12.65228,105.6794,26,-0.7,-30.74467,234.4134
36.40045,NaN,NaN,NaN,-2.467584,2.856698,0.02108378,-0.08741135,-0.01928565,0.04904401,-0.9947774,-2.493244,2.851438,0.02526425,0.07574065,-0.1133558,0.9906633,25,5.7,-12.32358,103.3406,26,-0.7,-30.41597,232.0746
36.41754,NaN,NaN,NaN,-2.401495,2.858465,0.02025553,-0.08707833,-0.01973191,0.04885735,-0.994807,-2.434498,2.851438,0.02526425,0.07574065,-0.1133558,0.9906633,25,5.7,-12.09809,101.7362,26,-0.7,-30.19049,230.4702
36.44202,24.15865,-40.90115,377.3132,-2.264704,2.861918,0.01854464,-0.08476462,-0.02066048,0.04854861,-0.9950031,-2.298087,2.853876,0.02266125,0.06948774,-0.1149211,0.9909412,25,5.7,-11.774,99.43017,26,-0.7,-29.8664,228.1642
36.45947,24.05624,-40.62278,374.9129,-2.19056,2.864025,0.01774903,-0.08337187,-0.02103974,0.04810486,-0.9951344,-2.232181,2.853876,0.02266125,0.06948774,-0.1149211,0.9909412,25,5.7,-11.54384,97.79251,26,-0.7,-29.63624,226.5265
36.48389,NaN,NaN,NaN,-2.039463,2.868021,0.01625195,-0.08109225,-0.02211359,0.04780145,-0.9953141,-2.081237,2.857092,0.02021009,0.07154773,-0.1194876,0.9902543,25,5.7,-11.22085,95.49429,26,-0.7,-29.31324,224.2283
36.50134,NaN,NaN,NaN,-1.95988,2.87029,0.01566335,-0.08040809,-0.02262279,0.04741418,-0.9953767,-1.992195,2.861254,0.01816016,0.07853827,-0.1181558,0.9898843,25,5.7,-10.99015,93.85277,26,-0.7,-29.08254,222.5867
36.52557,NaN,NaN,NaN,-1.796008,2.874997,0.01460525,-0.07988544,-0.02392295,0.04601313,-0.9954541,-1.84653,2.861254,0.01816016,0.07853827,-0.1181558,0.9898843,25,5.7,-10.66949,91.57115,26,-0.7,-28.76188,220.3051
36.54315,21.84724,-30.50821,287.5161,-1.710589,2.877326,0.01412798,-0.07995287,-0.02456586,0.04501545,-0.9954787,-1.750806,2.866124,0.01648007,0.08126309,-0.1149291,0.9900442,25,5.7,-10.43727,89.91882,26,-0.7,-28.52966,218.6528
36.56732,22.43671,-32.5348,285.0801,-1.535879,2.882285,0.01331931,-0.08017571,-0.02571237,0.04223623,-0.9955536,-1.574339,2.871475,0.01507306,0.0832973,-0.1228287,0.9889261,25,5.7,-10.11773,87.64522,26,-0.7,-28.21012,216.3792
36.58502,22.32436,-32.25114,282.7964,-1.445863,2.884602,0.01299386,-0.08032648,-0.02649701,0.04135715,-0.9955578,-1.494325,2.871475,0.01507306,0.0832973,-0.1228287,0.9889261,25,5.7,-9.883325,85.97731,26,-0.7,-27.97572,214.7113
36.60913,22.08829,-31.71064,281.3088,-1.262345,2.889289,0.01247877,-0.07984862,-0.02742825,0.03893425,-0.9956686,-1.308755,2.87724,0.01402164,0.08227462,-0.1216267,0.9891602,25,5.7,-9.564879,83.71146,26,-0.7,-27.65727,212.4454
36.6272,22.17157,-31.70937,281.2984,-1.167679,2.891787,0.01243859,-0.07890923,-0.02760473,0.03729624,-0.9958013,-1.224608,2.87724,0.01402164,0.08227462,-0.1216267,0.9891602,25,5.7,-9.326201,82.01318,26,-0.7,-27.41859,210.7471
36.65088,23.16137,-27.63952,277.7661,-0.9754513,2.896632,0.01259188,-0.0764807,-0.02736478,0.03405834,-0.9961135,-1.030273,2.882921,0.01306477,0.08625384,-0.1088259,0.9903116,25,5.7,-9.012556,79.78148,26,-0.7,-27.10495,208.5154
36.66895,23.61488,-26.608,275.8426,-0.877228,2.898704,0.01278549,-0.07518206,-0.02701096,0.03277895,-0.9962649,-0.9185152,2.888654,0.01251791,0.08809573,-0.1059181,0.9904647,25,5.7,-8.774419,78.08704,26,-0.7,-26.86681,206.821
36.69269,23.64308,-26.42671,274.1473,-0.6758628,2.903129,0.01327644,-0.073251,-0.02604549,0.02992243,-0.9965242,-0.7395239,2.888654,0.01251791,0.08809573,-0.1059181,0.9904647,25,5.7,-8.460291,75.85191,26,-0.7,-26.55268,204.5859
36.71021,NaN,NaN,NaN,-0.5721031,2.904994,0.01354867,-0.07250562,-0.02519145,0.0283583,-0.9966465,-0.6218685,2.894204,0.01229772,0.08747578,-0.1010233,0.9910309,25,5.7,-8.228249,74.20084,26,-0.7,-26.32064,202.9348
36.73444,NaN,NaN,NaN,-0.3647393,2.908477,0.01483345,-0.07191648,-0.02305414,0.02565319,-0.9968142,-0.4111865,2.899471,0.01255012,0.08888009,-0.1005257,0.9909565,25,5.7,-7.908155,71.92326,26,-0.7,-26.00055,200.6572
36.75201,NaN,NaN,NaN,-0.2587119,2.910118,0.01577133,-0.07179572,-0.02142528,0.02437859,-0.9968913,-0.3169399,2.899471,0.01255012,0.08888009,-0.1005257,0.9909565,25,5.7,-7.675507,70.26788,26,-0.7,-25.7679,199.0018
36.77618,22.63775,-26.94329,266.0374,-0.04565058,2.912745,0.01793529,-0.07126734,-0.01838156,0.02262454,-0.9970313,-0.1004787,2.904337,0.01370709,0.08463668,-0.1110994,0.9901987,25,5.7,-7.356081,67.99505,26,-0.7,-25.44847,196.729
36.79419,22.54071,-26.6895,263.7754,0.06269132,2.913695,0.01921549,-0.07150424,-0.0168747,0.02233967,-0.9970474,-0.004174825,2.904337,0.01370709,0.08463668,-0.1110994,0.9901987,25,5.7,-7.118164,66.30218,26,-0.7,-25.21056,195.0361
36.81799,21.39047,-27.6876,263.1069,0.280294,2.915287,0.02177354,-0.07204501,-0.01386501,0.02104516,-0.9970829,0.2170191,2.908448,0.01554739,0.07968649,-0.1151485,0.9901469,25,5.7,-6.803646,64.06426,26,-0.7,-24.89604,192.7982
36.83557,23.33757,-29.20254,259.0874,0.3891612,2.91539,0.02314394,-0.07324319,-0.01214043,0.02037092,-0.9970322,0.3420909,2.911554,0.01779798,0.08774782,-0.1225433,0.9885765,25,5.7,-6.570677,62.40661,26,-0.7,-24.66307,191.1406
36.85986,23.38514,-28.99738,257.4323,0.6079441,2.915645,0.02643007,-0.07588812,-0.008580832,0.01918957,-0.9968948,0.5365646,2.911554,0.01779798,0.08774782,-0.1225433,0.9885765,25,5.7,-6.249541,60.12161,26,-0.7,-24.34194,188.8556
36.87726,21.70444,-29.59748,255.0093,0.7172963,2.915482,0.02829672,-0.07677369,-0.006758764,0.01889291,-0.9968466,0.6625882,2.913584,0.02086428,0.08158526,-0.1260546,0.9886628,25,5.7,-6.02016,58.48948,26,-0.7,-24.11255,187.2234
36.90179,21.35406,-30.56719,254.4832,0.9352434,2.914189,0.0317654,-0.07915339,-0.003986012,0.01903444,-0.9966727,0.8853714,2.914417,0.02455787,0.07950027,-0.1300424,0.9883161,25,5.7,-5.695779,56.18139,26,-0.7,-23.78817,184.9153
36.91919,21.27281,-30.27497,252.2623,1.044819,2.913708,0.03359373,-0.08102082,-0.003204415,0.01849666,-0.9965356,0.982772,2.914417,0.02455787,0.07950027,-0.1300424,0.9883161,25,5.7,-5.465689,54.54421,26,-0.7,-23.55808,183.2782
36.94324,NaN,NaN,NaN,1.261894,2.911892,0.03708655,-0.0832186,-0.001253022,0.01624992,-0.996398,1.204798,2.914047,0.02858543,0.07783523,-0.1420258,0.986798,25,5.7,-5.147352,52.27913,26,-0.7,-23.23975,181.0131
36.96143,NaN,NaN,NaN,1.369289,2.910944,0.03898109,-0.08467567,-0.0007619429,0.0153122,-0.9962907,1.300261,2.914047,0.02858543,0.07783523,-0.1420258,0.986798,25,5.7,-4.907205,50.57039,26,-0.7,-22.9996,179.3043
36.98511,26.04949,-43.5243,310.0508,1.580886,2.909167,0.04319702,-0.08521334,-0.0004722104,0.01526289,-0.9962458,1.517396,2.912748,0.03268546,0.07801955,-0.147684,0.9859526,25,5.7,-4.594163,48.34299,26,-0.7,-22.68656,177.0769
37.00262,12.40679,-20.06728,143.1453,1.683496,2.907344,0.04503439,-0.08548521,-0.0005985592,0.01580048,-0.996214,1.637431,2.910833,0.03716429,0.07409732,-0.1580983,0.9846393,25,5.7,-4.36268,46.6959,26,-0.7,-22.45508,175.4299
37.02753,12.58638,-20.06727,143.1452,1.885542,2.90536,0.04935463,-0.08674818,0.0006762631,0.01439196,-0.9961261,1.817027,2.910833,0.03716429,0.07409732,-0.1580983,0.9846393,25,5.7,-4.032881,44.34926,26,-0.7,-22.12528,173.0832
37.04431,11.25388,-17.80379,127.0397,1.984095,2.904294,0.05160796,-0.08649603,0.001905378,0.01281763,-0.996168,1.932891,2.908357,0.04189228,0.07224843,-0.1605432,0.984381,25,5.7,-3.811238,42.77219,26,-0.7,-21.90363,171.5061
37.06848,10.33924,-16.3444,116.6556,2.176443,2.90112,0.05584679,-0.08691477,0.004049639,0.01101344,-0.9961467,2.131215,2.90551,0.04672411,0.06928255,-0.1624852,0.9842756,25,5.7,-3.491548,40.49747,26,-0.7,-21.58394,169.2314
37.08588,10.42319,-16.3444,116.6556,2.270881,2.899751,0.05822434,-0.0868771,0.005118175,0.009924476,-0.9961565,2.21516,2.90551,0.04672411,0.06928255,-0.1624852,0.9842756,25,5.7,-3.261711,38.8621,26,-0.7,-21.35411,167.596
37.11035,11.9029,-19.95158,142.322,2.456264,2.895683,0.0623014,-0.08771685,0.007858866,0.0078717,-0.9960834,2.406357,2.902473,0.05184936,0.06576245,-0.1582617,0.9852048,25,5.7,-2.938028,36.55898,26,-0.7,-21.03042,165.2929
37.12799,11.98416,-19.95158,142.322,2.547687,2.893864,0.06428957,-0.08932977,0.009949259,0.005834949,-0.9959354,2.487622,2.902473,0.05184936,0.06576245,-0.1582617,0.9852048,25,5.7,-2.704548,34.89768,26,-0.7,-20.79694,163.6316
37.15216,11.5769,-20.2263,144.2768,2.72571,2.889068,0.06774276,-0.09361075,0.01292474,0.004066105,-0.9955168,2.671434,2.898921,0.0571427,0.06085746,-0.1580313,0.985557,25,5.7,-2.385206,32.62545,26,-0.7,-20.4776,161.3594
37.16931,10.53323,-15.85874,113.2,2.811749,2.887396,0.06963317,-0.09576449,0.01412842,0.003680841,-0.995297,2.772638,2.894555,0.06212229,0.06751637,-0.1631518,0.9842881,25,5.7,-2.158181,31.01008,26,-0.7,-20.25058,159.744
37.19415,10.68007,-15.85874,113.2,2.976941,2.883258,0.07273106,-0.09748933,0.01503343,0.005436911,-0.9951082,2.919475,2.894555,0.06212229,0.06751637,-0.1631518,0.9842881,25,5.7,-1.829648,28.67244,26,-0.7,-19.92204,157.4064
37.21094,8.703104,-12.71205,90.81009,3.056371,2.881966,0.07445808,-0.09702236,0.01540647,0.006212302,-0.9951436,3.013789,2.889646,0.06661203,0.06167242,-0.1691231,0.9836635,25,5.7,-1.607744,27.09352,26,-0.7,-19.70014,155.8275
37.22888,8.772368,-12.71204,90.81004,3.134296,2.880295,0.07605488,-0.09559384,0.01609703,0.006176149,-0.9952711,3.083055,2.889646,0.06661203,0.06167242,-0.1691231,0.9836635,25,5.7,-1.370802,25.40759,26,-0.7,-19.4632,154.1415
37.24951,9.741873,-14.37497,102.6424,3.285821,2.87637,0.07885713,-0.09492824,0.01761031,0.005333967,-0.9953141,3.240569,2.884796,0.07074366,0.06238256,-0.1656143,0.9842156,25,5.7,-1.0982,23.46792,26,-0.7,-19.1906,152.2019
37.26672,11.32646,-16.73822,119.4578,3.35899,2.87499,0.0802605,-0.09547675,0.0181105,0.003904429,-0.9952593,3.327215,2.880436,0.07463106,0.0659739,-0.1618052,0.9846149,25,5.7,-0.870829,21.85009,26,-0.7,-18.96322,150.584
37.29132,11.44975,-16.73822,119.4578,3.497687,2.872284,0.08273283,-0.09684357,0.01866549,0.001431929,-0.9951236,3.450501,2.880436,0.07463106,0.0659739,-0.1618052,0.9846149,25,5.7,-0.54566,19.53639,26,-0.7,-18.63806,148.2703
37.30847,11.66916,-17.71118,126.3808,3.562676,2.871516,0.08395275,-0.09744988,0.01931491,-8.302858E-06,-0.9950531,3.528583,2.876358,0.07814201,0.06348501,-0.1605539,0.9849833,25,5.7,-0.3185665,17.92054,26,-0.7,-18.41096,146.6545
37.33307,26.22399,-49.57537,353.1063,3.68956,2.869545,0.08619548,-0.09815388,0.02083192,-0.002725182,-0.9949495,3.660425,2.872883,0.08131569,0.06309503,-0.1466623,0.9871723,25,5.7,0.006951749,15.60436,26,-0.7,-18.08545,144.3383
37.3504,26.27781,-49.57537,353.1063,3.750102,2.868682,0.08720378,-0.09896287,0.02192105,-0.004420713,-0.9948398,3.714241,2.872883,0.08131569,0.06309503,-0.1466623,0.9871723,25,5.7,0.2360952,13.97392,26,-0.7,-17.8563,142.7078
37.37482,NaN,NaN,NaN,3.866795,2.867052,0.08902508,-0.1001769,0.02357246,-0.007245476,-0.994664,3.835816,2.870085,0.0842351,0.06241415,-0.1417766,0.9879291,25,5.7,0.5586882,11.67855,26,-0.7,-17.53371,140.4125
37.39221,NaN,NaN,NaN,3.921387,2.866088,0.0895987,-0.1006713,0.02400857,-0.007768553,-0.9945998,3.884343,2.870085,0.0842351,0.06241415,-0.1417766,0.9879291,25,5.7,0.7882593,10.04507,26,-0.7,-17.30414,138.779
37.40887,NaN,NaN,NaN,3.973852,2.865209,0.09004144,-0.1012346,0.02471636,-0.008149768,-0.9945222,3.947593,2.867817,0.08680189,0.06784969,-0.1437189,0.9872899,25,5.7,1.009051,8.474054,26,-0.7,-17.08335,137.208
37.43066,NaN,NaN,NaN,4.074669,2.863497,0.09063484,-0.1020795,0.02626718,-0.01012677,-0.9943778,4.037209,2.867817,0.08680189,0.06784969,-0.1437189,0.9872899,25,5.7,1.296985,6.425292,26,-0.7,-16.79541,135.1592
37.448,12.85,-16.72739,119.5263,4.122262,2.862489,0.09066057,-0.1025691,0.02752065,-0.01171667,-0.9942761,4.094808,2.865612,0.08873004,0.07214816,-0.1614584,0.9842387,25,5.7,1.525821,4.797041,26,-0.7,-16.56658,133.531
37.47235,12.24722,-15.58661,111.2636,4.212589,2.860635,0.09058435,-0.1030694,0.02921703,-0.01331078,-0.9941559,4.189302,2.863566,0.08995531,0.0713203,-0.1633019,0.9839948,25,5.7,1.848069,2.504128,26,-0.7,-16.24433,131.2381
37.48981,12.28509,-15.5866,111.2636,4.255204,2.859636,0.09043187,-0.1025464,0.02967395,-0.01378411,-0.99419,4.227182,2.863566,0.08995531,0.0713203,-0.1633019,0.9839948,25,5.7,2.079128,0.8600609,26,-0.7,-16.01327,129.594
37.51422,12.28239,-16.30581,116.381,4.335281,2.857862,0.0900184,-0.100559,0.03045481,-0.01477208,-0.9943552,4.31143,2.861442,0.09044255,0.06747683,-0.1622573,0.9844387,26,-0.7,-15.69034,127.2962,27,5.7,-33.78288,256.0315
37.53162,12.31495,-16.30581,116.3809,4.371917,2.85732,0.08989422,-0.09905866,0.03057726,-0.01483692,-0.9945011,4.343995,2.861442,0.09044255,0.06747683,-0.1622573,0.9844387,26,-0.7,-15.46102,125.6645,27,5.7,-33.55356,254.3998
37.55585,8.876645,-20.03335,142.9038,4.438787,2.856205,0.08944841,-0.09666155,0.03139736,-0.01472265,-0.994713,4.415407,2.859225,0.09038161,0.03082979,-0.1582013,0.9869254,26,-0.7,-15.14017,123.3816,27,5.7,-33.23272,252.1169
37.57318,NaN,NaN,NaN,4.467803,2.855537,0.08915047,-0.095748,0.03182013,-0.01466884,-0.9947888,4.452043,2.857289,0.0900563,-0.02181447,-0.1188506,0.9926725,26,-0.7,-14.91142,121.7539,27,5.7,-33.00396,250.4892
37.59772,NaN,NaN,NaN,4.519947,2.854296,0.08869651,-0.09373724,0.03222075,-0.0144547,-0.9949706,4.498393,2.857289,0.0900563,-0.02181447,-0.1188506,0.9926725,26,-0.7,-14.58687,119.4446,27,5.7,-32.67941,248.1799
37.61493,NaN,NaN,NaN,4.541944,2.853991,0.08851705,-0.09249801,0.03230552,-0.01492119,-0.9950768,4.527328,2.855637,0.08951038,-0.04074373,-0.1146727,0.9925674,26,-0.7,-14.35927,117.8251,27,5.7,-32.45181,246.5605
37.63947,NaN,NaN,NaN,4.57977,2.853609,0.08811231,-0.09095439,0.03269188,-0.01669238,-0.9951784,4.568876,2.854158,0.08892536,-0.04215851,-0.1122387,0.9927866,26,-0.7,-14.03505,115.5182,27,5.7,-32.12759,244.2535
37.65674,NaN,NaN,NaN,4.594171,2.853145,0.08785179,-0.09097709,0.03244495,-0.01704216,-0.9951784,4.581677,2.854158,0.08892536,-0.04215851,-0.1122387,0.9927866,26,-0.7,-13.80641,113.8913,27,5.7,-31.89895,242.6267
37.68121,NaN,NaN,NaN,4.616986,2.852471,0.0872818,-0.09115204,0.03174553,-0.01686884,-0.9951879,4.608335,2.853041,0.08850396,-0.04303956,-0.1100062,0.9929986,26,-0.7,-13.48238,111.5857,27,5.7,-31.57492,240.3211
37.69873,NaN,NaN,NaN,4.624076,2.852382,0.08694787,-0.09103928,0.03162657,-0.01730474,-0.9951946,4.614636,2.853041,0.08850396,-0.04303956,-0.1100062,0.9929986,26,-0.7,-13.25152,109.9431,27,5.7,-31.34406,238.6784
37.72302,NaN,NaN,NaN,4.632716,2.852182,0.08607095,-0.09124687,0.03193583,-0.01867083,-0.995141,4.627154,2.852198,0.08794945,-0.03911177,-0.1162996,0.9924438,26,-0.7,-12.93023,107.657,27,5.7,-31.02278,236.3924
37.74084,NaN,NaN,NaN,4.632404,2.852001,0.0854508,-0.09217343,0.03215177,-0.01915799,-0.9950394,4.630189,2.851604,0.08721185,-0.04214281,-0.1168059,0.9922602,26,-0.7,-12.69451,105.9798,27,5.7,-30.78705,234.7151
37.76471,NaN,NaN,NaN,4.626188,2.851627,0.08406211,-0.09414537,0.03240375,-0.01874116,-0.9948545,4.624664,2.851604,0.08721185,-0.04214281,-0.1168059,0.9922602,26,-0.7,-12.3789,103.7341,27,5.7,-30.47145,232.4694
37.78223,NaN,NaN,NaN,4.618536,2.851653,0.08340641,-0.09438454,0.03246203,-0.01809664,-0.9948419,4.619618,2.851224,0.08625109,-0.03867321,-0.1175219,0.992317,26,-0.7,-12.14746,102.0873,27,5.7,-30.24,230.8226
37.80646,NaN,NaN,NaN,4.597129,2.851681,0.08180873,-0.09342751,0.0331582,-0.01813696,-0.9949085,4.600763,2.850992,0.08505195,-0.04407316,-0.1275162,0.9908568,26,-0.7,-11.82698,99.80698,27,5.7,-29.91952,228.5423
37.82385,NaN,NaN,NaN,4.580971,2.851849,0.08092029,-0.09232111,0.03356075,-0.01754097,-0.995009,4.586401,2.850992,0.08505195,-0.04407316,-0.1275162,0.9908568,26,-0.7,-11.59706,98.171,27,5.7,-29.6896,226.9063
37.84833,NaN,NaN,NaN,4.542756,2.852514,0.07928878,-0.09003203,0.03420516,-0.01553778,-0.9952301,4.551028,2.850724,0.08333513,-0.04467633,-0.1253369,0.9911078,26,-0.7,-11.27362,95.86961,27,5.7,-29.36616,224.6049
37.86603,NaN,NaN,NaN,4.518209,2.853021,0.07851034,-0.08867237,0.03433809,-0.01425519,-0.9953668,4.529209,2.850724,0.08333513,-0.04467633,-0.1253369,0.9911078,26,-0.7,-11.03895,94.19989,27,5.7,-29.1315,222.9352
37.89001,NaN,NaN,NaN,4.46418,2.854436,0.0770948,-0.08636431,0.03466239,-0.01201997,-0.9955879,4.478106,2.850824,0.0813941,-0.04654001,-0.1256268,0.9909854,26,-0.7,-10.72211,91.94542,27,5.7,-28.81465,220.6807
37.90778,NaN,NaN,NaN,4.432571,2.855571,0.07649747,-0.08566841,0.03461871,-0.01092436,-0.9956622,4.445275,2.851606,0.07945568,-0.05778278,-0.1222292,0.9908185,26,-0.7,-10.48732,90.27483,27,5.7,-28.57986,219.0101
37.92395,NaN,NaN,NaN,4.397179,2.856763,0.07592648,-0.08515744,0.03462812,-0.009984991,-0.9957155,4.413815,2.851606,0.07945568,-0.05778278,-0.1222292,0.9908185,26,-0.7,-10.27376,88.75526,27,5.7,-28.3663,217.4906
37.94598,NaN,NaN,NaN,4.320034,2.85907,0.07467267,-0.0850153,0.0343252,-0.00848972,-0.995752,4.338766,2.853107,0.07768087,-0.05891076,-0.1223931,0.9907318,26,-0.7,-9.982345,86.68172,27,5.7,-28.07489,215.417
37.96362,NaN,NaN,NaN,4.276755,2.860403,0.07404064,-0.08582734,0.03384064,-0.007918146,-0.9957036,4.300296,2.853107,0.07768087,-0.05891076,-0.1223931,0.9907318,26,-0.7,-9.748994,85.02135,27,5.7,-27.84154,213.7567
37.98767,NaN,NaN,NaN,4.183777,2.863567,0.07274321,-0.08672438,0.03278133,-0.007296819,-0.9956662,4.209232,2.855243,0.07609536,-0.05901949,-0.1234213,0.9905977,26,-0.7,-9.430987,82.75861,27,5.7,-27.52353,211.4939
38.0047,NaN,NaN,NaN,4.132434,2.865166,0.07206071,-0.08748356,0.03227142,-0.006732967,-0.9956203,4.15345,2.858031,0.07458236,-0.0549372,-0.1232405,0.990855,26,-0.7,-9.206063,81.1582,27,5.7,-27.2986,209.8935
38.02148,NaN,NaN,NaN,4.07892,2.866986,0.07145527,-0.08806222,0.03169883,-0.006104729,-0.9955918,4.105881,2.858031,0.07458236,-0.0549372,-0.1232405,0.990855,26,-0.7,-8.984189,79.57948,27,5.7,-27.07673,208.3148
38.04321,NaN,NaN,NaN,3.965722,2.870733,0.07011932,-0.08852375,0.03055317,-0.00484765,-0.9955936,3.99342,2.86132,0.07315139,-0.04935342,-0.1249093,0.9909399,26,-0.7,-8.696372,77.53156,27,5.7,-26.78891,206.2669
38.06073,NaN,NaN,NaN,3.904984,2.872579,0.0693097,-0.08857822,0.03002924,-0.003795232,-0.9956093,3.93943,2.86132,0.07315139,-0.04935342,-0.1249093,0.9909399,26,-0.7,-8.465012,75.88535,27,5.7,-26.55755,204.6207
38.07715,NaN,NaN,NaN,3.841997,2.874521,0.06846124,-0.08876202,0.02973641,-0.002164288,-0.9956066,3.86998,2.865344,0.07157577,-0.05085104,-0.1255306,0.9907857,26,-0.7,-8.247734,74.33933,27,5.7,-26.34028,203.0746
38.099,NaN,NaN,NaN,3.710699,2.878944,0.06689651,-0.08890112,0.02934068,0.0008649409,-0.9956079,3.738234,2.869791,0.06984077,-0.04881462,-0.1315372,0.9901086,26,-0.7,-7.958651,72.28239,27,5.7,-26.05119,201.0177
38.11621,NaN,NaN,NaN,3.64022,2.881089,0.06610115,-0.08849727,0.02944645,0.002230754,-0.9956386,3.675586,2.869791,0.06984077,-0.04881462,-0.1315372,0.9901086,26,-0.7,-7.731769,70.66805,27,5.7,-25.82431,199.4034
38.14075,NaN,NaN,NaN,3.496583,2.885534,0.06474335,-0.08847644,0.02936405,0.004902495,-0.9956334,3.53141,2.87466,0.06804274,-0.05983054,-0.1312563,0.9895414,26,-0.7,-7.40712,68.35806,27,5.7,-25.49966,197.0934
38.15881,NaN,NaN,NaN,3.420799,2.887957,0.06415684,-0.08798607,0.02944531,0.005763757,-0.9956698,3.464046,2.87466,0.06804274,-0.05983054,-0.1312563,0.9895414,26,-0.7,-7.168033,66.65686,27,5.7,-25.26057,195.3922
38.18243,NaN,NaN,NaN,3.264502,2.892357,0.0628459,-0.08666345,0.02911207,0.00787969,-0.995781,3.307237,2.879887,0.06632171,-0.05949876,-0.1317355,0.9894977,26,-0.7,-6.856189,64.43798,27,5.7,-24.94873,193.1733
38.19977,NaN,NaN,NaN,3.183383,2.894474,0.0622308,-0.08598182,0.02901209,0.008845232,-0.9958349,3.21575,2.885206,0.06455397,-0.05513994,-0.1302784,0.989943,26,-0.7,-6.626403,62.80297,27,5.7,-24.71894,191.5383
38.22424,NaN,NaN,NaN,3.017278,2.898733,0.0611487,-0.0847142,0.02856211,0.01118641,-0.9959331,3.068102,2.885206,0.06455397,-0.05513994,-0.1302784,0.989943,26,-0.7,-6.3035,60.5054,27,5.7,-24.39604,189.2407
38.24158,NaN,NaN,NaN,2.931205,2.900752,0.06063926,-0.0838249,0.02813921,0.01279988,-0.9960009,2.971011,2.890496,0.0629486,-0.05284354,-0.133288,0.9896675,26,-0.7,-6.073638,58.86985,27,5.7,-24.16618,187.6052
38.26593,NaN,NaN,NaN,2.757957,2.904494,0.05969591,-0.0822795,0.02751608,0.01589905,-0.9961025,2.795457,2.895594,0.06137512,-0.0540722,-0.1301246,0.9900221,26,-0.7,-5.751712,56.57922,27,5.7,-23.84425,185.3145
38.28314,NaN,NaN,NaN,2.669026,2.906147,0.05936996,-0.08152094,0.02711827,0.01692523,-0.9961588,2.716407,2.895594,0.06137512,-0.0540722,-0.1301246,0.9900221,26,-0.7,-5.524032,54.95919,27,5.7,-23.61657,183.6945
38.30762,NaN,NaN,NaN,2.489589,2.909609,0.05894133,-0.08061018,0.02570529,0.01913647,-0.9962305,2.534343,2.900414,0.06015457,-0.05746089,-0.1295514,0.9899064,26,-0.7,-5.200506,52.65719,27,5.7,-23.29305,181.3925
38.32489,NaN,NaN,NaN,2.398142,2.911234,0.0587669,-0.08026685,0.02446229,0.02020386,-0.9962684,2.453057,2.900414,0.06015457,-0.05746089,-0.1295514,0.9899064,26,-0.7,-4.972284,51.0333,27,5.7,-23.06483,179.7686
38.34949,NaN,NaN,NaN,2.214215,2.913901,0.0583465,-0.08061425,0.02242356,0.02177674,-0.9962552,2.266188,2.904835,0.05933309,-0.0595871,-0.1262572,0.9902063,26,-0.7,-4.647603,48.72307,27,5.7,-22.74014,177.4584
38.36676,NaN,NaN,NaN,2.120279,2.915122,0.05832799,-0.08127006,0.0213211,0.02278851,-0.9962035,2.158745,2.908857,0.05878732,-0.05611867,-0.127047,0.9903079,26,-0.7,-4.418976,47.09631,27,5.7,-22.51152,175.8316
38.39117,NaN,NaN,NaN,1.932742,2.917281,0.05830975,-0.08169193,0.01936038,0.02400854,-0.9961804,1.992045,2.908857,0.05878732,-0.05611867,-0.127047,0.9903079,26,-0.7,-4.095688,44.796,27,5.7,-22.18823,173.5313
38.40845,NaN,NaN,NaN,1.838533,2.917982,0.05822982,-0.08205968,0.01863973,0.02422129,-0.9961587,1.883825,2.912278,0.0585429,-0.05234089,-0.1272232,0.9904922,26,-0.7,-3.868083,43.1765,27,5.7,-21.96062,171.9118
38.43298,NaN,NaN,NaN,1.651316,2.918952,0.05813041,-0.08282809,0.01703157,0.02446929,-0.9961178,1.69263,2.915095,0.05826315,-0.05115456,-0.1231425,0.9910697,26,-0.7,-3.543141,40.86442,27,5.7,-21.63568,169.5998
38.45038,NaN,NaN,NaN,1.55746,2.9194,0.0581399,-0.08274172,0.01634892,0.02411426,-0.9961451,1.609202,2.915095,0.05826315,-0.05115456,-0.1231425,0.9910697,26,-0.7,-3.313678,39.2317,27,5.7,-21.40622,167.967
38.47479,NaN,NaN,NaN,1.370815,2.91893,0.05775169,-0.0829551,0.01543427,0.02393949,-0.9961461,1.418271,2.916824,0.05789205,-0.05245087,-0.1224003,0.9910939,26,-0.7,-2.990813,36.9344,27,5.7,-21.08335,165.6697
38.49219,NaN,NaN,NaN,1.279574,2.918932,0.05775486,-0.08360112,0.0154012,0.02330802,-0.9961076,1.337168,2.916824,0.05789205,-0.05245087,-0.1224003,0.9910939,26,-0.7,-2.760367,35.2947,27,5.7,-20.85291,164.03
38.51666,NaN,NaN,NaN,1.100661,2.918496,0.05796583,-0.08316004,0.01441438,0.02316634,-0.9961627,1.153198,2.917773,0.05772132,-0.05202314,-0.1209688,0.9912921,26,-0.7,-2.436787,32.99231,27,5.7,-20.52933,161.7276
38.534,NaN,NaN,NaN,1.013685,2.918005,0.05820293,-0.08251246,0.01389908,0.02288411,-0.9962304,1.051314,2.917984,0.05769451,-0.05166659,-0.1225463,0.991117,26,-0.7,-2.207467,31.36061,27,5.7,-20.30001,160.0959
38.55847,NaN,NaN,NaN,0.8442612,2.916547,0.05854937,-0.08184505,0.01286808,0.02253578,-0.9963072,0.9007153,2.917984,0.05769451,-0.05166659,-0.1225463,0.991117,26,-0.7,-1.883902,29.05832,27,5.7,-19.97644,157.7937
38.57562,NaN,NaN,NaN,0.7623254,2.915952,0.05884367,-0.08146048,0.01205626,0.02220763,-0.9963562,0.803955,2.917496,0.05784554,-0.05024796,-0.1218909,0.9912708,26,-0.7,-1.657414,27.44678,27,5.7,-19.74995,156.1821
38.60016,NaN,NaN,NaN,0.6009881,2.91363,0.05894525,-0.08277415,0.009410337,0.02409321,-0.9962327,0.6374801,2.916236,0.05823145,-0.05206995,-0.1292806,0.99024,26,-0.7,-1.333389,25.14122,27,5.7,-19.42593,153.8766
38.61761,NaN,NaN,NaN,0.5227319,2.912936,0.05913804,-0.08415827,0.007866575,0.02525877,-0.9961012,0.567919,2.916236,0.05823145,-0.05206995,-0.1292806,0.99024,26,-0.7,-1.102332,23.49716,27,5.7,-19.19487,152.2325
38.64191,NaN,NaN,NaN,0.3712108,2.910695,0.0592397,-0.08545864,0.005100219,0.02651854,-0.9959757,0.4111518,2.914335,0.0587058,-0.05469783,-0.1317186,0.9897769,26,-0.7,-0.7809767,21.2106,27,5.7,-18.87352,149.946
38.65948,NaN,NaN,NaN,0.2988735,2.909276,0.05911015,-0.08638637,0.003886993,0.02595493,-0.995916,0.3468521,2.914335,0.0587058,-0.05469783,-0.1317186,0.9897769,26,-0.7,-0.5488597,19.559,27,5.7,-18.6414,148.2944
38.68372,NaN,NaN,NaN,0.158733,2.905887,0.05859078,-0.08809841,0.001351761,0.02513008,-0.9957939,0.2011116,2.912053,0.05898783,-0.0491699,-0.1372423,0.9893163,26,-0.7,-0.228469,17.2793,27,5.7,-18.32101,146.0147
38.70105,NaN,NaN,NaN,0.0917757,2.903875,0.05802834,-0.08924689,0.0002459781,0.02443512,-0.9957097,0.1215015,2.909157,0.0589119,-0.04315932,-0.1383201,0.9894467,26,-0.7,0.001196533,15.64515,27,5.7,-18.09134,144.3805
38.72546,NaN,NaN,NaN,-0.0369835,2.900065,0.05697031,-0.09211668,-0.002039399,0.02343238,-0.9954704,0.007048912,2.909157,0.0589119,-0.04315932,-0.1383201,0.9894467,26,-0.7,0.3235698,13.35134,27,5.7,-17.76897,142.0867
38.74286,NaN,NaN,NaN,-0.09813084,2.898246,0.05641743,-0.0933571,-0.002662381,0.02232584,-0.9953788,-0.066216,2.905381,0.05833638,-0.04421667,-0.1413139,0.9889768,26,-0.7,0.5535156,11.71519,27,5.7,-17.53902,140.4505
38.76727,NaN,NaN,NaN,-0.2155484,2.894603,0.05534482,-0.09452611,-0.00381295,0.02129327,-0.9952874,-0.1883187,2.901059,0.05737042,-0.04593148,-0.1457664,0.9882522,26,-0.7,0.8763928,9.417803,27,5.7,-17.21615,138.1532
38.78473,NaN,NaN,NaN,-0.2714488,2.892174,0.0545103,-0.09554747,-0.00450334,0.02308002,-0.9951471,-0.2380079,2.901059,0.05737042,-0.04593148,-0.1457664,0.9882522,26,-0.7,1.107124,7.776068,27,5.7,-16.98542,136.5114
38.80914,-12.70534,-34.89513,248.6509,-0.3758131,2.888314,0.05298706,-0.09754586,-0.005767761,0.02565574,-0.9948837,-0.3473923,2.896579,0.05615734,-0.0490873,-0.1501134,0.9874495,26,-0.7,1.429986,5.478784,27,5.7,-16.66255,134.2141
38.82672,-12.74798,-34.89513,248.6509,-0.4237783,2.88625,0.05200171,-0.09881259,-0.006093947,0.02711956,-0.9947178,-0.390028,2.896579,0.05615734,-0.0490873,-0.1501134,0.9874495,26,-0.7,1.662799,3.822232,27,5.7,-16.42974,132.5576
38.85059,-7.58594,-20.33381,145.0418,-0.513519,2.882959,0.05003042,-0.1009126,-0.007050138,0.02993185,-0.9944199,-0.4850305,2.891815,0.05455308,-0.04830308,-0.1579895,0.9862587,26,-0.7,1.977861,1.580448,27,5.7,-16.11468,130.3158
38.86792,-6.256736,-14.87557,106.2045,-0.5537644,2.881354,0.04895806,-0.1013058,-0.007885931,0.03175594,-0.9943171,-0.53455,2.887161,0.05257598,-0.05309141,-0.1648057,0.9848961,26,-0.7,2.207527,-0.05371177,27,5.7,-15.88501,128.6816
38.8924,-6.324711,-14.87557,106.2045,-0.6302346,2.877282,0.04641975,-0.1025311,-0.009752838,0.03541677,-0.9940513,-0.6025236,2.887161,0.05257598,-0.05309141,-0.1648057,0.9848961,27,5.7,-15.56212,126.3841,28,-5.7,-34.23458,259.2454
38.90973,-5.517826,-12.96143,92.58468,-0.6640121,2.87533,0.04507989,-0.1032432,-0.01086478,0.03684422,-0.9939142,-0.6448525,2.882795,0.05026868,-0.05183601,-0.1685422,0.9843305,27,5.7,-15.33252,124.7504,28,-5.7,-34.00498,257.6117
38.93402,-5.186736,-12.75619,91.12431,-0.7274547,2.871953,0.04237792,-0.1037802,-0.01259889,0.03821597,-0.993786,-0.7121477,2.878313,0.0475492,-0.0483649,-0.1689901,0.9844304,27,5.7,-15.01145,122.4659,28,-5.7,-33.68391,255.3272
38.95172,-5.21117,-12.75619,91.12434,-0.7549413,2.870265,0.04099827,-0.1030997,-0.01362976,0.03867408,-0.9938254,-0.7365803,2.878313,0.0475492,-0.0483649,-0.1689901,0.9844304,27,5.7,-14.77702,120.7979,28,-5.7,-33.44949,253.6592
38.97583,NaN,NaN,NaN,-0.8027714,2.86692,0.03825363,-0.1008981,-0.01588569,0.03926054,-0.993995,-0.7886014,2.873932,0.04448336,0.03885612,-0.1333206,0.990311,27,5.7,-14.45891,118.5343,28,-5.7,-33.13137,251.3957
38.99335,NaN,NaN,NaN,-0.8232353,2.864941,0.03670506,-0.1001022,-0.01701145,0.03984407,-0.9940335,-0.8067915,2.873932,0.04448336,0.03885612,-0.1333206,0.990311,27,5.7,-14.22732,116.8865,28,-5.7,-32.89979,249.7479
39.01764,NaN,NaN,NaN,-0.8573294,2.862102,0.03401531,-0.09927341,-0.0188735,0.04125803,-0.9940253,-0.8450084,2.869717,0.04123794,0.04496605,-0.1139041,0.9924737,27,5.7,-13.90591,114.5996,28,-5.7,-32.57838,247.4609
39.03583,NaN,NaN,NaN,-0.8692225,2.860839,0.03263852,-0.09900163,-0.01918628,0.04187937,-0.9940205,-0.8619906,2.865649,0.03799168,0.06037114,-0.1122711,0.991842,27,5.7,-13.66536,112.8879,28,-5.7,-32.33782,245.7493
39.05969,NaN,NaN,NaN,-0.8870749,2.858457,0.02995434,-0.09804489,-0.01991295,0.0432137,-0.9940439,-0.8778594,2.865649,0.03799168,0.06037114,-0.1122711,0.991842,27,5.7,-13.34983,110.6428,28,-5.7,-32.02229,243.5042
39.07709,NaN,NaN,NaN,-0.8921436,2.857409,0.02854668,-0.09756549,-0.02066294,0.04495088,-0.9939987,-0.887234,2.861928,0.03460395,0.0568999,-0.1120264,0.9920748,27,5.7,-13.11997,109.0073,28,-5.7,-31.79243,241.8686
39.1012,NaN,NaN,NaN,-0.8980443,2.855788,0.025858,-0.09693588,-0.02213783,0.04852553,-0.9938605,-0.8957415,2.858796,0.03128767,0.0623952,-0.1122237,0.991722,27,5.7,-12.80076,106.736,28,-5.7,-31.47323,239.5974
39.11902,NaN,NaN,NaN,-0.8970407,2.855201,0.02451345,-0.09685811,-0.02250994,0.04981234,-0.9937961,-0.8948494,2.858796,0.03128767,0.0623952,-0.1122237,0.991722,27,5.7,-12.56544,105.0616,28,-5.7,-31.2379,237.9229
39.14301,22.47886,-41.03294,360.0536,-0.8889816,2.854528,0.02207697,-0.09606842,-0.02222008,0.05066551,-0.9938361,-0.8894408,2.856317,0.02802984,0.06429701,-0.1207597,0.9905973,27,5.7,-12.24818,102.8042,28,-5.7,-30.92064,235.6655
39.16071,22.34476,-40.76954,357.8929,-0.8820589,2.854184,0.02092267,-0.09559371,-0.02201973,0.05198715,-0.9938181,-0.8832873,2.856317,0.02802984,0.06429701,-0.1207597,0.9905973,27,5.7,-12.01406,101.1384,28,-5.7,-30.68653,233.9997
39.18439,22.72483,-41.40245,356.5301,-0.8638052,2.854576,0.01882184,-0.09509807,-0.0222912,0.05564478,-0.9936615,-0.8674134,2.85454,0.02486444,0.06553117,-0.1229308,0.9902493,27,5.7,-11.70092,98.91025,28,-5.7,-30.37339,231.7716
39.20178,21.15308,-42.04749,354.7036,-0.8513113,2.854984,0.01769677,-0.09483711,-0.02217639,0.05677135,-0.9936253,-0.8553135,2.853727,0.0220886,0.06144349,-0.1253562,0.9902074,27,5.7,-11.47087,97.27336,28,-5.7,-30.14334,230.1347
39.22626,21.08368,-41.85403,353.1755,-0.8227116,2.855816,0.01547107,-0.09436876,-0.02152776,0.05733656,-0.9936517,-0.8298916,2.853727,0.0220886,0.06144349,-0.1253562,0.9902074,27,5.7,-11.14735,94.9714,28,-5.7,-29.81982,227.8327
39.24377,NaN,NaN,NaN,-0.8051515,2.856649,0.01450791,-0.09393122,-0.02146842,0.05726203,-0.9936987,-0.8121805,2.853636,0.01927017,0.05700995,-0.1286751,0.9900468,27,5.7,-10.91611,93.32604,28,-5.7,-29.58858,226.1874
39.26801,NaN,NaN,NaN,-0.765903,2.858771,0.01265678,-0.09219978,-0.02191274,0.05733329,-0.9938471,-0.7740826,2.854375,0.01654421,0.05569673,-0.1336894,0.989457,27,5.7,-10.59568,91.04601,28,-5.7,-29.26814,223.9074
39.28552,NaN,NaN,NaN,-0.7429243,2.85986,0.01180495,-0.09106044,-0.02231338,0.05732753,-0.9939436,-0.7536571,2.854375,0.01654421,0.05569673,-0.1336894,0.989457,27,5.7,-10.36381,89.39619,28,-5.7,-29.03627,222.2575
39.30969,NaN,NaN,NaN,-0.6931183,2.862521,0.0102951,-0.08948655,-0.02278214,0.05626811,-0.9941364,-0.7049904,2.856057,0.01410516,0.05832877,-0.1311868,0.9896402,27,5.7,-10.04455,87.12456,28,-5.7,-28.71702,219.9859
39.32758,NaN,NaN,NaN,-0.6644012,2.86451,0.00990678,-0.08798828,-0.02275412,0.05440754,-0.9943743,-0.6794641,2.856057,0.01410516,0.05832877,-0.1311868,0.9896402,27,5.7,-9.80816,85.44254,28,-5.7,-28.48063,218.3039
39.35138,NaN,NaN,NaN,-0.6035058,2.868031,0.009132159,-0.08531004,-0.02290485,0.05142397,-0.9947629,-0.6198167,2.858551,0.01202306,0.0607806,-0.1226278,0.9905898,27,5.7,-9.493635,83.20458,28,-5.7,-28.1661,216.0659
39.36938,21.86379,-36.61029,339.2514,-0.5696213,2.869806,0.00879204,-0.08419762,-0.023237,0.05067355,-0.9948885,-0.5830586,2.861993,0.01043728,0.06558295,-0.1153262,0.9911603,27,5.7,-9.255176,81.50786,28,-5.7,-27.92764,214.3692
39.39349,21.81843,-36.41732,337.5929,-0.4972025,2.874088,0.008432988,-0.08245933,-0.02379831,0.04877343,-0.9951158,-0.5186863,2.861993,0.01043728,0.06558295,-0.1153262,0.9911603,27,5.7,-8.936198,79.23822,28,-5.7,-27.60867,212.0995
39.41101,22.66972,-35.12411,334.7218,-0.4580229,2.876307,0.008376947,-0.08166663,-0.023485,0.047767,-0.9952373,-0.4760024,2.866028,0.009261176,0.06854827,-0.1125114,0.9912832,27,5.7,-8.704592,77.59026,28,-5.7,-27.37706,210.4516
39.435,23.22878,-33.67658,333.5771,-0.3767794,2.880519,0.00834281,-0.08052444,-0.02251719,0.04546311,-0.9954607,-0.3947858,2.870706,0.008567944,0.07022562,-0.1086439,0.9915971,27,5.7,-8.388042,75.33789,28,-5.7,-27.06051,208.1992
39.45276,23.10013,-33.41574,331.1964,-0.3318239,2.883269,0.008609398,-0.07984456,-0.02149441,0.04372473,-0.9956159,-0.3548254,2.870706,0.008567944,0.07022562,-0.1086439,0.9915971,27,5.7,-8.153265,73.66737,28,-5.7,-26.82573,206.5287
39.47675,22.29187,-39.48463,327.8048,-0.2398741,2.888119,0.00894795,-0.07890628,-0.0200594,0.04235713,-0.9957798,-0.2629845,2.875776,0.008288562,0.0680817,-0.1278646,0.9894521,27,5.7,-7.836057,71.41032,28,-5.7,-26.50852,204.2716
39.49487,22.18193,-39.19551,325.5676,-0.1903825,2.890689,0.009169395,-0.07903735,-0.01942411,0.04210038,-0.9957929,-0.2189919,2.875776,0.008288562,0.0680817,-0.1278646,0.9894521,27,5.7,-7.596448,69.70541,28,-5.7,-26.26892,202.5667
39.5188,22.9179,-38.28412,324.0927,-0.08830561,2.89577,0.009769241,-0.0790117,-0.01808296,0.04017447,-0.9958997,-0.1170913,2.881356,0.008400291,0.07033598,-0.1256964,0.9895723,27,5.7,-7.280007,67.45382,28,-5.7,-25.95247,200.3152
39.53607,22.10182,-37.88617,321.9604,-0.03568649,2.897968,0.01009453,-0.07898445,-0.01708785,0.03936237,-0.9959518,-0.05806393,2.887262,0.008794531,0.06812576,-0.1253491,0.9897709,27,5.7,-7.051403,65.82721,28,-5.7,-25.72387,198.6886
39.56085,22.08604,-37.6785,320.3206,0.07353957,2.903345,0.01095294,-0.078346,-0.01484548,0.03751415,-0.9961096,0.0390259,2.887262,0.008794531,0.06812576,-0.1253491,0.9897709,27,5.7,-6.723393,63.49331,28,-5.7,-25.39586,196.3546
39.57788,24.47339,-39.28835,318.8331,0.1305132,2.905861,0.01130044,-0.0785469,-0.01401084,0.03701419,-0.9961245,0.1029343,2.893171,0.009466663,0.07556169,-0.1307857,0.988527,27,5.7,-6.498718,61.89466,28,-5.7,-25.17119,194.756
39.60211,24.93629,-40.52141,316.329,0.248013,2.910924,0.0120127,-0.07976142,-0.01258419,0.03539696,-0.9961058,0.2214319,2.89917,0.01031958,0.07717603,-0.1355876,0.987755,27,5.7,-6.178535,59.61644,28,-5.7,-24.851,192.4778
39.61957,24.80516,-40.19667,313.9633,0.3084476,2.91306,0.01227345,-0.08095155,-0.01209849,0.03465988,-0.9960417,0.2751516,2.89917,0.01031958,0.07717603,-0.1355876,0.987755,27,5.7,-5.947486,57.97244,28,-5.7,-24.61996,190.8338
39.6438,NaN,NaN,NaN,0.4314674,2.917664,0.01289201,-0.0832262,-0.01094289,0.03220486,-0.99595,0.3994825,2.90531,0.01122814,0.08465714,-0.1371659,0.9869239,27,5.7,-5.627075,55.6926,28,-5.7,-24.29954,188.5539
39.66205,NaN,NaN,NaN,0.494656,2.919909,0.01328295,-0.08351053,-0.01008901,0.03044974,-0.9959905,0.4556501,2.90531,0.01122814,0.08465714,-0.1371659,0.9869239,27,5.7,-5.385643,53.97472,28,-5.7,-24.05811,186.836
39.68555,NaN,NaN,NaN,0.6223038,2.923831,0.01401392,-0.08383117,-0.008872872,0.02815382,-0.9960427,0.5848453,2.911097,0.01203158,0.08500657,-0.1403572,0.986445,27,5.7,-5.074984,51.76427,28,-5.7,-23.74745,184.6256
39.70325,NaN,NaN,NaN,0.6875656,2.925553,0.01435367,-0.08349054,-0.008140955,0.02674693,-0.9961163,0.6591822,2.916543,0.01275891,0.08184499,-0.145302,0.9859963,27,5.7,-4.841308,50.10157,28,-5.7,-23.51377,182.9629
39.72772,NaN,NaN,NaN,0.8191646,2.928557,0.01530011,-0.08288063,-0.006460221,0.02459747,-0.9962349,0.776159,2.916543,0.01275891,0.08184499,-0.145302,0.9859963,27,5.7,-4.517739,47.79926,28,-5.7,-23.19021,180.6606
39.74536,23.05783,-36.74963,261.8465,0.8864516,2.929583,0.01583539,-0.08254921,-0.005260231,0.02348892,-0.9962963,0.8528169,2.921451,0.01354913,0.08355582,-0.1492794,0.9852584,27,5.7,-4.284656,46.14079,28,-5.7,-22.95712,179.0021
39.76917,20.80255,-30.3714,216.463,1.020951,2.930757,0.01684925,-0.08319034,-0.003176918,0.02216346,-0.9962822,0.9897261,2.925552,0.01461431,0.09010375,-0.1514262,0.9843533,27,5.7,-3.969924,43.90136,28,-5.7,-22.64239,176.7627
39.78729,20.8635,-30.3714,216.463,1.089521,2.93141,0.01766417,-0.08310249,-0.002319792,0.02138124,-0.9963089,1.050677,2.925552,0.01461431,0.09010375,-0.1514262,0.9843533,27,5.7,-3.729625,42.19154,28,-5.7,-22.40209,175.0529
39.81091,21.28472,-31.08242,221.5221,1.225602,2.931496,0.01927184,-0.08251531,-0.0001206715,0.02010781,-0.9963869,1.189336,2.928372,0.01581565,0.08931226,-0.1511582,0.9844666,27,5.7,-3.417639,39.97164,28,-5.7,-22.09011,172.833
39.82922,21.3455,-31.08244,221.5223,1.293964,2.931133,0.02022065,-0.08231529,0.0008424446,0.019804,-0.9964092,1.250103,2.928372,0.01581565,0.08931226,-0.1511582,0.9844666,27,5.7,-3.175343,38.24762,28,-5.7,-21.84781,171.109
39.85266,21.86708,-33.10497,235.9134,1.432404,2.93015,0.02265237,-0.08151519,0.002725694,0.019793,-0.9964718,1.390989,2.929971,0.01722458,0.08549176,-0.1504531,0.9849137,27,5.7,-2.865233,36.04107,28,-5.7,-21.5377,168.9024
39.87042,26.96524,-43.47045,309.6676,1.501469,2.928923,0.02394563,-0.08115435,0.00355206,0.02021182,-0.9964903,1.470575,2.930242,0.01920132,0.0811565,-0.1477061,0.985696,27,5.7,-2.630437,34.37041,28,-5.7,-21.3029,167.2318
39.89496,27.08801,-43.47045,309.6676,1.639587,2.926554,0.02694333,-0.08063496,0.005406818,0.01990387,-0.9965304,1.593346,2.930242,0.01920132,0.0811565,-0.1477061,0.985696,27,5.7,-2.306756,32.06731,28,-5.7,-20.97922,164.9287
39.91223,31.33246,-49.15227,350.0958,1.708282,2.92499,0.02861561,-0.07982937,0.006056067,0.01964781,-0.9965966,1.672788,2.929215,0.02181742,0.08350892,-0.1466392,0.9856588,27,5.7,-2.078068,30.4401,28,-5.7,-20.75053,163.3015
39.93628,NaN,NaN,NaN,1.842652,2.921896,0.03232472,-0.07873509,0.007219546,0.01927093,-0.9966832,1.810551,2.926943,0.02502538,0.08440889,-0.1447722,0.9858581,27,5.7,-1.760242,28.17865,28,-5.7,-20.43271,161.04
39.95398,NaN,NaN,NaN,1.908451,2.919929,0.03432026,-0.07779927,0.007742304,0.01960806,-0.9967462,1.869039,2.926943,0.02502538,0.08440889,-0.1447722,0.9858581,27,5.7,-1.525864,26.51097,28,-5.7,-20.19833,159.3723
39.97809,NaN,NaN,NaN,2.039403,2.915609,0.0382533,-0.07684922,0.009041556,0.01980711,-0.996805,2.003536,2.923723,0.02886179,0.08727796,-0.1283289,0.9878837,27,5.7,-1.20719,24.24348,28,-5.7,-19.87965,157.1048
39.99664,NaN,NaN,NaN,2.103671,2.914134,0.04054938,-0.07628304,0.009827014,0.01933854,-0.9968503,2.060663,2.923723,0.02886179,0.08727796,-0.1283289,0.9878837,27,5.7,-0.9616053,22.49606,28,-5.7,-19.63407,155.3574
40.02014,NaN,NaN,NaN,2.227736,2.909072,0.04452375,-0.07630201,0.01160227,0.01903316,-0.9968356,2.188878,2.919606,0.03332052,0.08601688,-0.1254062,0.9883696,27,5.7,-0.6512552,20.2878,28,-5.7,-19.32372,153.1492
40.0376,21.9262,-21.47066,195.1329,2.287504,2.906825,0.0465127,-0.07805374,0.01273129,0.01920097,-0.9966829,2.259455,2.914957,0.0381549,0.09953108,-0.1234127,0.9873514,27,5.7,-0.4204446,18.6455,28,-5.7,-19.09291,151.5069
40.06226,21.87105,-21.27528,193.5698,2.402727,2.901646,0.05020398,-0.08116397,0.01473941,0.01936729,-0.9964036,2.361876,2.914957,0.0381549,0.09953108,-0.1234127,0.9873514,27,5.7,-0.09414408,16.32375,28,-5.7,-18.76661,149.1851
40.07953,21.16045,-22.73251,192.1322,2.456926,2.899075,0.05170028,-0.08352216,0.01573181,0.01968131,-0.9961873,2.426811,2.909729,0.04312766,0.09621977,-0.1317037,0.9866083,27,5.7,0.1340918,14.69977,28,-5.7,-18.53837,147.5611
40.10345,NaN,NaN,NaN,2.560289,2.894602,0.05478223,-0.0871077,0.01756645,0.02041296,-0.9958348,2.53457,2.903909,0.04773847,0.09968428,-0.1390305,0.9852581,27,5.7,0.4502043,12.45051,28,-5.7,-18.22226,145.3119
40.1214,NaN,NaN,NaN,2.607694,2.89228,0.05618583,-0.08882908,0.01832273,0.02140657,-0.9956483,2.576708,2.903909,0.04773847,0.09968428,-0.1390305,0.9852581,27,5.7,0.6870974,10.76493,28,-5.7,-17.98537,143.6263
40.14551,NaN,NaN,NaN,2.697543,2.888016,0.05883817,-0.09115259,0.01963497,0.0232715,-0.9953714,2.67136,2.897997,0.05178102,0.09511453,-0.14476,0.9848847,27,5.7,1.006518,8.492134,28,-5.7,-17.66595,141.3535
40.16388,NaN,NaN,NaN,2.738054,2.885806,0.05992091,-0.09235781,0.01987632,0.02350192,-0.99525,2.70737,2.897997,0.05178102,0.09511453,-0.14476,0.9848847,27,5.7,1.249221,6.765212,28,-5.7,-17.42325,139.6266
40.18719,NaN,NaN,NaN,2.814223,2.882927,0.06236654,-0.09355928,0.02061692,0.02253085,-0.9951452,2.788511,2.892422,0.0553556,-0.0464488,-0.1384748,0.9892761,27,5.7,1.557349,4.572763,28,-5.7,-17.11512,137.4341
40.20453,NaN,NaN,NaN,2.8499,2.881713,0.06358103,-0.09237533,0.02107302,0.02035828,-0.9952931,2.832089,2.887346,0.0584565,-0.0796913,-0.1388104,0.9871074,27,5.7,1.786312,2.943611,28,-5.7,-16.88616,135.805
40.22937,NaN,NaN,NaN,2.915915,2.879122,0.06569824,-0.0915376,0.02161941,0.0172505,-0.9954174,2.890768,2.887346,0.0584565,-0.0796913,-0.1388104,0.9871074,27,5.7,2.114711,0.6069283,28,-5.7,-16.55776,133.4683
40.24634,NaN,NaN,NaN,2.945535,2.877962,0.06653056,-0.09210788,0.02174751,0.01600645,-0.9953829,2.927867,2.883105,0.06141602,-0.08296712,-0.124847,0.988701,28,-5.7,-16.33323,131.8707,29,5.7,-34.80693,263.318
40.27057,NaN,NaN,NaN,3.000277,2.876257,0.06824099,-0.09364611,0.02211739,0.01305894,-0.9952742,2.986063,2.879709,0.06413484,-0.08446496,-0.125408,0.9885032,28,-5.7,-16.01257,129.5891,29,5.7,-34.48627,261.0364
40.28827,NaN,NaN,NaN,3.023976,2.875226,0.0689697,-0.09317217,0.02229224,0.01154572,-0.9953336,3.007129,2.879709,0.06413484,-0.08446496,-0.125408,0.9885032,28,-5.7,-15.77905,127.9275,29,5.7,-34.25275,259.3748
40.31244,NaN,NaN,NaN,3.067617,2.873164,0.07015178,-0.09248523,0.02269503,0.009104,-0.9954138,3.054219,2.876911,0.06644374,-0.08532416,-0.1240805,0.9885969,28,-5.7,-15.45955,125.6542,29,5.7,-33.93325,257.1015
40.33038,NaN,NaN,NaN,3.086577,2.872417,0.0706161,-0.09228082,0.02293535,0.007923967,-0.9954373,3.071073,2.876911,0.06644374,-0.08532416,-0.1240805,0.9885969,28,-5.7,-15.22155,123.9607,29,5.7,-33.69525,255.408
40.35413,NaN,NaN,NaN,3.119511,2.870178,0.07118894,-0.09277759,0.02368622,0.005345277,-0.9953908,3.107433,2.874475,0.06836783,-0.08453254,-0.130038,0.987899,28,-5.7,-14.90775,121.7279,29,5.7,-33.38145,253.1752
40.37152,-23.95091,-39.59796,322.4602,3.132627,2.868918,0.07134473,-0.09339269,0.02432894,0.003612896,-0.9953256,3.124999,2.872261,0.06985632,-0.0829783,-0.1301566,0.9880151,28,-5.7,-14.67763,120.0905,29,5.7,-33.15133,251.5378
40.39648,-23.78589,-39.37043,320.7331,3.155095,2.866941,0.07201165,-0.09244206,0.02598658,-0.0004106885,-0.9953789,3.144971,2.872261,0.06985632,-0.0829783,-0.1301566,0.9880151,28,-5.7,-14.34789,117.7443,29,5.7,-32.8216,249.1917
40.41309,-21.90773,-39.44886,318.5455,3.16296,2.865853,0.07243006,-0.09065928,0.0265297,-0.002111618,-0.9955264,3.156734,2.869818,0.07081132,-0.07777951,-0.1313224,0.9882838,28,-5.7,-14.12843,116.1827,29,5.7,-32.60213,247.6301
40.43048,-21.77602,-39.236,316.9436,3.169305,2.864651,0.07273401,-0.08977973,0.02663726,-0.00325091,-0.9956001,3.162374,2.869818,0.07081132,-0.07777951,-0.1313224,0.9882838,28,-5.7,-13.89866,114.5478,29,5.7,-32.37236,245.9952
40.4516,-22.47303,-37.77684,316.068,3.176804,2.862622,0.07328535,-0.08889873,0.02687468,-0.005101883,-0.995665,3.17271,2.867286,0.07163148,-0.0802357,-0.12716,0.9886317,28,-5.7,-13.61958,112.5621,29,5.7,-32.09328,244.0094
40.46912,-22.86247,-36.65858,314.1495,3.176347,2.86167,0.07354351,-0.08862625,0.02682191,-0.005593639,-0.9956881,3.17478,2.864699,0.07234377,-0.08197527,-0.1244345,0.9888357,28,-5.7,-13.38789,110.9135,29,5.7,-31.86159,242.3609
40.4856,-22.86529,-36.65851,314.1489,3.173118,2.860647,0.07377318,-0.08821899,0.02695764,-0.00592759,-0.9957187,3.171911,2.864699,0.07234377,-0.08197527,-0.1244345,0.9888357,28,-5.7,-13.16981,109.3618,29,5.7,-31.64351,240.8092
40.50787,-23.04469,-36.56981,310.7022,3.162156,2.858809,0.07419518,-0.08731259,0.02718557,-0.007198878,-0.995784,3.163415,2.862172,0.07299917,-0.0834077,-0.1254929,0.9885822,28,-5.7,-12.87488,107.2633,29,5.7,-31.34859,238.7106
40.52441,-22.88723,-36.32029,308.7366,3.152733,2.858172,0.07442509,-0.08728898,0.02718803,-0.00822392,-0.995778,3.155039,2.862172,0.07299917,-0.0834077,-0.1254929,0.9885822,28,-5.7,-12.65634,105.7083,29,5.7,-31.13004,237.1556
40.54132,-22.2359,-35.60556,307.4665,3.141447,2.857484,0.07459135,-0.08762062,0.0269773,-0.009565506,-0.9957427,3.144885,2.859806,0.07362512,-0.08165537,-0.1237512,0.9889479,28,-5.7,-12.43341,104.122,29,5.7,-30.90711,235.5694
40.56348,-22.13084,-35.40908,305.8964,3.113801,2.856283,0.07483971,-0.0883899,0.02588945,-0.01248273,-0.9956712,3.120311,2.859806,0.07362512,-0.08165537,-0.1237512,0.9889479,28,-5.7,-12.14034,102.0368,29,5.7,-30.61405,233.4841
40.58038,-23.68108,-36.50007,302.6809,3.095518,2.85593,0.07493191,-0.08816307,0.02515322,-0.01398388,-0.9956902,3.102507,2.857781,0.07418653,-0.08743417,-0.1284824,0.98785,28,-5.7,-11.91684,100.4464,29,5.7,-30.39054,231.8938
40.59729,-23.55589,-36.28935,301.0607,3.075036,2.855634,0.07497959,-0.08745845,0.02477019,-0.01548035,-0.9957398,3.084301,2.857781,0.07418653,-0.08743417,-0.1284824,0.98785,28,-5.7,-11.69293,98.85324,29,5.7,-30.16663,230.3006
40.61877,-23.22993,-36.27132,299.4807,3.028542,2.855232,0.07488547,-0.0870776,0.02403511,-0.01759276,-0.9957562,3.04003,2.856101,0.07454658,-0.08667305,-0.1290939,0.9878373,28,-5.7,-11.4091,96.83367,29,5.7,-29.8828,228.281
40.63593,-23.36683,-34.50298,297.9882,3.000075,2.855079,0.07470249,-0.08756427,0.02353064,-0.01753287,-0.9957266,3.010375,2.854959,0.07477261,-0.08751474,-0.1239468,0.9884222,28,-5.7,-11.18194,95.2174,29,5.7,-29.65564,226.6647
40.65259,-23.26347,-34.3198,296.5275,2.970858,2.855237,0.07471669,-0.08791836,0.02299652,-0.01732924,-0.9957114,2.984404,2.854959,0.07477261,-0.08751474,-0.1239468,0.9884222,28,-5.7,-10.96228,93.65444,29,5.7,-29.43598,225.1018
40.67444,-23.14191,-34.19057,295.0017,2.90593,2.855406,0.07460721,-0.08759162,0.02166009,-0.01736905,-0.9957696,2.920941,2.85443,0.07489982,-0.08734647,-0.1241518,0.9884113,28,-5.7,-10.67336,91.59862,29,5.7,-29.14706,223.0459
40.69159,-23.00144,-33.94295,293.0303,2.867971,2.855767,0.07457747,-0.08687966,0.02114726,-0.01717592,-0.9958463,2.8872,2.85443,0.07489982,-0.08734647,-0.1241518,0.9884113,28,-5.7,-10.44655,89.98481,29,5.7,-28.92025,221.4321
40.71625,-24.4006,-36.52172,290.7671,2.784327,2.8568,0.07445249,-0.0859626,0.02010858,-0.01592731,-0.9959681,2.805531,2.85429,0.07475727,-0.09234754,-0.1336565,0.9867157,28,-5.7,-10.12006,87.66174,29,5.7,-28.59376,219.1091
40.7334,NaN,NaN,NaN,2.736866,2.857695,0.07435501,-0.08613772,0.02001826,-0.01524992,-0.9959654,2.754379,2.854622,0.07452875,-0.09009975,-0.1358942,0.9866179,28,-5.7,-9.893152,86.04719,29,5.7,-28.36685,217.4945
40.75793,NaN,NaN,NaN,2.636785,2.859537,0.07399392,-0.08724041,0.02006728,-0.0138466,-0.9958889,2.665419,2.854622,0.07452875,-0.09009975,-0.1358942,0.9866179,28,-5.7,-9.569062,83.74117,29,5.7,-28.04276,215.1885
40.77509,NaN,NaN,NaN,2.582408,2.860804,0.07391496,-0.08737779,0.02021513,-0.01331545,-0.9958811,2.606355,2.855737,0.07434728,-0.09666928,-0.1377544,0.9857377,28,-5.7,-9.342579,82.12965,29,5.7,-27.81628,213.577
40.80017,NaN,NaN,NaN,2.466229,2.863513,0.07336259,-0.08740194,0.02095183,-0.01204606,-0.9958799,2.490672,2.857558,0.07425841,-0.1023857,-0.1429411,0.9844212,28,-5.7,-9.010973,79.77015,29,5.7,-27.48467,211.2175
40.81702,NaN,NaN,NaN,2.403876,2.86542,0.07308806,-0.08719308,0.02139862,-0.01124272,-0.9958981,2.435247,2.857558,0.07425841,-0.1023857,-0.1429411,0.9844212,28,-5.7,-8.787583,78.18065,29,5.7,-27.26128,209.628
40.84155,NaN,NaN,NaN,2.273909,2.869155,0.07239863,-0.08626875,0.02206089,-0.01008122,-0.9959766,2.305418,2.860368,0.07371888,-0.1033469,-0.1430774,0.9843009,28,-5.7,-8.463746,75.87643,29,5.7,-26.93745,207.3238
40.85889,NaN,NaN,NaN,2.204644,2.871079,0.07206292,-0.08582212,0.0219125,-0.008754386,-0.996031,2.24385,2.860368,0.07371888,-0.1033469,-0.1430774,0.9843009,28,-5.7,-8.233975,74.24152,29,5.7,-26.70768,205.6889
40.8833,NaN,NaN,NaN,2.062208,2.875322,0.07152675,-0.08393349,0.02154257,-0.006293612,-0.9962186,2.101326,2.864104,0.073015,-0.1074862,-0.1392578,0.9844054,28,-5.7,-7.911352,71.94594,29,5.7,-26.38505,203.3933
40.9021,NaN,NaN,NaN,1.988626,2.877152,0.07116485,-0.08305955,0.02137728,-0.005010986,-0.9963027,2.018665,2.868405,0.07221274,-0.1099746,-0.1368177,0.9844728,28,-5.7,-7.662767,70.17716,29,5.7,-26.13647,201.6245
40.92505,NaN,NaN,NaN,1.834406,2.881198,0.07050423,-0.08213446,0.0204958,-0.00215035,-0.9964082,1.88158,2.868405,0.07221274,-0.1099746,-0.1368177,0.9844728,28,-5.7,-7.359509,68.01938,29,5.7,-25.83321,199.4667
40.9425,NaN,NaN,NaN,1.753941,2.883412,0.07017614,-0.08219615,0.01985619,-0.0008728669,-0.996418,1.791478,2.873096,0.07143904,-0.1080208,-0.1351494,0.9849194,28,-5.7,-7.129099,66.37992,29,5.7,-25.6028,197.8273
40.9668,NaN,NaN,NaN,1.587947,2.887851,0.06959307,-0.08231664,0.01849232,0.001136823,-0.996434,1.623903,2.878096,0.07069989,-0.1085454,-0.1371618,0.9845835,28,-5.7,-6.807692,64.09299,29,5.7,-25.28139,195.5403
40.98438,NaN,NaN,NaN,1.501145,2.889957,0.06925464,-0.08270305,0.01772608,0.002498192,-0.9964135,1.546745,2.878096,0.07069989,-0.1085454,-0.1371618,0.9845835,28,-5.7,-6.575044,62.43761,29,5.7,-25.04875,193.885
41.00848,-36.11009,-46.31214,329.8873,1.324208,2.894228,0.068739,-0.08303108,0.01653584,0.006033631,-0.9963915,1.368228,2.883249,0.06996159,-0.111687,-0.1466044,0.9828699,28,-5.7,-6.256399,60.17033,29,5.7,-24.7301,191.6177
41.02649,-36.19113,-46.31221,329.8878,1.233104,2.896492,0.06858978,-0.08314473,0.01613476,0.007478891,-0.9963788,1.287247,2.883249,0.06996159,-0.111687,-0.1466044,0.9828699,28,-5.7,-6.018369,58.47667,29,5.7,-24.49207,189.924
41.05042,-38.09169,-48.34395,344.3444,1.048237,2.900795,0.06814281,-0.08214587,0.01531283,0.009981398,-0.9964527,1.100469,2.888514,0.06939525,-0.1118926,-0.1462674,0.9828967,28,-5.7,-5.702185,56.2269,29,5.7,-24.17589,187.6743
41.06818,-44.70155,-54.8885,390.9112,0.953467,2.902811,0.06790334,-0.08169791,0.0148228,0.01120028,-0.996484,0.9927292,2.893682,0.06873493,-0.1148893,-0.145282,0.9826971,28,-5.7,-5.467432,54.55654,29,5.7,-23.94113,186.0039
41.09216,-44.87094,-54.88843,390.9107,0.7628311,2.906987,0.06755049,-0.08110823,0.01370399,0.0139978,-0.9965128,0.8232751,2.893682,0.06873493,-0.1148893,-0.145282,0.9826971,28,-5.7,-5.150481,52.30132,29,5.7,-23.62418,183.7487
41.10974,-34.95196,-42.83261,305.1292,0.6658092,2.908882,0.06741291,-0.08078185,0.01308217,0.01553682,-0.9965248,0.7126486,2.898763,0.06811114,-0.1148527,-0.1472713,0.9824052,28,-5.7,-4.917824,50.64587,29,5.7,-23.39153,182.0932
41.13397,-30.82304,-37.51166,267.2687,0.4704967,2.912941,0.06747045,-0.07984974,0.01178624,0.01792482,-0.9965761,0.5139409,2.903724,0.06760322,-0.1151878,-0.148558,0.9821723,28,-5.7,-4.597492,48.3666,29,5.7,-23.07119,179.8139
41.15167,-30.91086,-37.5116,267.2683,0.371649,2.91421,0.0673376,-0.07915157,0.01112893,0.01880438,-0.9966232,0.4260763,2.903724,0.06760322,-0.1151878,-0.148558,0.9821723,28,-5.7,-4.363651,46.70273,29,5.7,-22.83735,178.1501
41.17572,-30.84264,-37.23063,265.2691,0.1744344,2.917345,0.06718167,-0.08039182,0.009463548,0.01977342,-0.9965222,0.2250806,2.908528,0.06734808,-0.115059,-0.1486551,0.9821726,28,-5.7,-4.045009,44.43547,29,5.7,-22.51871,175.8828
41.1933,-30.92986,-37.23064,265.2691,0.07630372,2.918894,0.06712509,-0.0806897,0.008225238,0.02057276,-0.996493,0.1378533,2.908528,0.06734808,-0.115059,-0.1486551,0.9821726,28,-5.7,-3.812576,42.78163,29,5.7,-22.28628,174.229
41.21759,-19.95576,-23.69263,168.9411,-0.1190368,2.921058,0.0670063,-0.0818928,0.005723351,0.0211964,-0.9963993,-0.0619012,2.912773,0.06711567,-0.1155876,-0.1545832,0.981195,28,-5.7,-3.492166,40.50179,29,5.7,-21.96587,171.9491
41.23492,-12.85,-15.12962,111.4276,-0.216389,2.921442,0.06666981,-0.08322704,0.004396856,0.02167403,-0.9962852,-0.1745721,2.916477,0.06702981,-0.111655,-0.158964,0.9809504,28,-5.7,-3.262693,38.869,29,5.7,-21.7364,170.3164
41.26019,-12.85,-14.88476,109.9166,-0.4098709,2.922944,0.06633654,-0.08518135,0.002052109,0.02226097,-0.9961147,-0.346556,2.916477,0.06702981,-0.111655,-0.158964,0.9809504,28,-5.7,-2.928149,36.4886,29,5.7,-21.40185,167.936
41.27655,-12.85,-12.91118,96.46281,-0.5061127,2.923367,0.0661659,-0.08523532,0.0007695137,0.02305209,-0.9960939,-0.4581217,2.919266,0.06679583,-0.1258441,-0.1607641,0.9789373,28,-5.7,-2.711982,34.95049,29,5.7,-21.18569,166.3978
41.30133,-42.02702,-44.62236,317.864,-0.6967007,2.923618,0.06578656,-0.08520297,-0.002226479,0.02459741,-0.9960575,-0.6534003,2.921154,0.06640603,-0.1277015,-0.1467452,0.9808966,28,-5.7,-2.38425,32.61856,29,5.7,-20.85795,164.0659
41.31836,-42.11084,-44.62236,317.8639,-0.7909963,2.92378,0.06567259,-0.08451571,-0.003727451,0.02445742,-0.996115,-0.7372186,2.921154,0.06640603,-0.1277015,-0.1467452,0.9808966,28,-5.7,-2.159426,31.01885,29,5.7,-20.63313,162.4662
41.34277,-21.7872,-16.90659,152.5083,-0.9768776,2.923061,0.0652566,-0.08361619,-0.006308781,0.02510524,-0.9961618,-0.9280428,2.922227,0.06594926,-0.1344579,-0.1278163,0.9826413,28,-5.7,-1.836359,28.7201,29,5.7,-20.31006,160.1675
41.3606,-21.54433,-16.59788,150.135,-1.068986,2.922846,0.06523886,-0.08327489,-0.007567385,0.0249681,-0.9961851,-1.009917,2.922227,0.06594926,-0.1344579,-0.1278163,0.9826413,28,-5.7,-1.601378,27.04813,29,5.7,-20.07508,158.4955
41.3847,-20.72845,-16.03948,150.0206,-1.249242,2.921938,0.06538087,-0.08162258,-0.009673713,0.02431459,-0.9963197,-1.195302,2.922536,0.06548247,-0.1281651,-0.1244176,0.9839177,28,-5.7,-1.282258,24.77748,29,5.7,-19.75596,156.2248
41.40198,-21.42938,-14.38334,148.1155,-1.336483,2.921296,0.06559546,-0.08080058,-0.01095059,0.02363315,-0.9963899,-1.297672,2.922091,0.06523961,-0.1338441,-0.1150538,0.9843009,28,-5.7,-1.053571,23.15028,29,5.7,-19.52728,154.5976
41.42676,-21.3647,-14.19515,146.5055,-1.510006,2.919542,0.06586377,-0.08062493,-0.01373349,0.02409252,-0.9963588,-1.451915,2.922091,0.06523961,-0.1338441,-0.1150538,0.9843009,28,-5.7,-0.7265365,20.82331,29,5.7,-19.20024,152.2707
41.44348,NaN,NaN,NaN,-1.595044,2.918757,0.06595884,-0.08078803,-0.0151172,0.02489088,-0.9963058,-1.551649,2.921109,0.06535827,-0.1331007,-0.1123603,0.9847128,28,-5.7,-0.5054946,19.25052,29,5.7,-18.9792,150.6979
41.46826,NaN,NaN,NaN,-1.763079,2.915867,0.06553008,-0.08295499,-0.01818327,0.02698412,-0.9960219,-1.724455,2.919452,0.06558212,-0.1273415,-0.1202043,0.9845482,28,-5.7,-0.1772894,16.91522,29,5.7,-18.65099,148.3626
41.48535,NaN,NaN,NaN,-1.844086,2.91449,0.06522205,-0.08598592,-0.02054647,0.02813342,-0.9956871,-1.796461,2.919452,0.06558212,-0.1273415,-0.1202043,0.9845482,28,-5.7,0.04875536,15.30683,29,5.7,-18.42495,146.7542
41.50983,-21.88588,-24.42049,216.4309,-2.004211,2.912142,0.06508005,-0.08816769,-0.02469311,0.0286469,-0.9953874,-1.961562,2.917086,0.06562727,-0.09098122,-0.1248327,0.9879976,28,-5.7,0.3722711,13.00489,29,5.7,-18.10143,144.4522
41.52716,-21.95739,-24.42227,216.445,-2.083195,2.910288,0.06482053,-0.08811907,-0.02609703,0.02876142,-0.9953527,-2.031769,2.917086,0.06562727,-0.09098122,-0.1248327,0.9879976,28,-5.7,0.6014773,11.37401,29,5.7,-17.87223,142.8214
41.55157,NaN,NaN,NaN,-2.239309,2.906814,0.06419648,-0.08845183,-0.02809401,0.02923915,-0.9952548,-2.192577,2.914132,0.06535529,0.03497959,-0.130325,0.9908541,28,-5.7,0.924086,9.078525,29,5.7,-17.54962,140.5259
41.56897,NaN,NaN,NaN,-2.314706,2.904679,0.06367943,-0.08882193,-0.02854585,0.02893026,-0.995218,-2.281026,2.910655,0.06488589,0.04252758,-0.1339912,0.9900696,28,-5.7,1.154268,7.440696,29,5.7,-17.31944,138.888
41.59363,NaN,NaN,NaN,-2.462512,2.900034,0.06244701,-0.09031352,-0.02917188,0.02843942,-0.9950798,-2.41241,2.910655,0.06488589,0.04252758,-0.1339912,0.9900696,28,-5.7,1.480323,5.120696,29,5.7,-16.99338,136.568
41.6106,NaN,NaN,NaN,-2.534916,2.897542,0.06170542,-0.0912718,-0.0292339,0.02922817,-0.9949676,-2.497499,2.906572,0.06413279,0.04209787,-0.1387087,0.9894381,28,-5.7,1.704476,3.525764,29,5.7,-16.76923,134.9731
41.63513,NaN,NaN,NaN,-2.675521,2.893759,0.06044764,-0.0913577,-0.02922009,0.03038497,-0.9949255,-2.642603,2.901557,0.06295034,0.04482086,-0.1416987,0.9888946,28,-5.7,2.028555,1.219818,29,5.7,-16.44515,132.6672
41.65253,NaN,NaN,NaN,-2.743142,2.891554,0.05958626,-0.09101997,-0.02914114,0.03137361,-0.9949281,-2.702711,2.901557,0.06295034,0.04482086,-0.1416987,0.9888946,29,5.7,-16.21511,131.0303,30,-0.7,-34.30768,259.7658
41.677,NaN,NaN,NaN,-2.873414,2.88713,0.05778223,-0.09073821,-0.02874354,0.03262726,-0.9949251,-2.837889,2.896394,0.06148335,0.04731567,-0.1335894,0.9899066,29,5.7,-15.89138,128.7269,30,-0.7,-33.98395,257.4623
41.6944,NaN,NaN,NaN,-2.935995,2.884784,0.05672958,-0.09091321,-0.02885558,0.03432136,-0.9948488,-2.893517,2.896394,0.06148335,0.04731567,-0.1335894,0.9899066,29,5.7,-15.66125,127.0894,30,-0.7,-33.75382,255.8249
41.71875,NaN,NaN,NaN,-3.057435,2.880924,0.05468981,-0.09152692,-0.02940301,0.03817996,-0.9946359,-3.019929,2.891241,0.05970116,0.05216183,-0.1342755,0.9895703,29,5.7,-15.33945,124.7997,30,-0.7,-33.43202,253.5352
41.7359,NaN,NaN,NaN,-3.11576,2.879109,0.05363336,-0.09180491,-0.02939443,0.03974634,-0.9945493,-3.089208,2.885988,0.0575797,0.05236027,-0.1358177,0.9893492,29,5.7,-15.11235,123.1839,30,-0.7,-33.20493,251.9193
41.7608,NaN,NaN,NaN,-3.227137,2.875149,0.05108003,-0.09276579,-0.02912929,0.04057315,-0.9944345,-3.18821,2.885988,0.0575797,0.05236027,-0.1358177,0.9893492,29,5.7,-14.78309,120.841,30,-0.7,-32.87567,249.5765
41.77771,NaN,NaN,NaN,-3.2784,2.87367,0.0497338,-0.09329155,-0.02935685,0.04007091,-0.9943989,-3.250232,2.881082,0.05522937,0.05255435,-0.137004,0.9891754,29,5.7,-14.55962,119.2509,30,-0.7,-32.65219,247.9864
41.80225,NaN,NaN,NaN,-3.37609,2.870939,0.04708704,-0.09306126,-0.03060287,0.03982046,-0.994393,-3.352409,2.87645,0.05239649,0.05745325,-0.1318177,0.9896076,29,5.7,-14.23515,116.9422,30,-0.7,-32.32772,245.6777
41.81989,NaN,NaN,NaN,-3.421634,2.869392,0.04564091,-0.09206846,-0.03159704,0.04019708,-0.9944391,-3.392892,2.87645,0.05239649,0.05745325,-0.1318177,0.9896076,29,5.7,-14.00264,115.2879,30,-0.7,-32.09522,244.0233
41.84399,NaN,NaN,NaN,-3.505828,2.866899,0.04281548,-0.09047897,-0.03291977,0.03972591,-0.9945611,-3.48189,2.872466,0.04933766,0.06255307,-0.1250735,0.9901736,29,5.7,-13.68323,113.0151,30,-0.7,-31.7758,241.7506
41.86212,NaN,NaN,NaN,-3.542441,2.866039,0.04139668,-0.08960257,-0.03320184,0.03895758,-0.9946614,-3.514435,2.872466,0.04933766,0.06255307,-0.1250735,0.9901736,29,5.7,-13.4437,111.3108,30,-0.7,-31.53628,240.0462
41.88568,NaN,NaN,NaN,-3.610394,2.864276,0.03842396,-0.08908983,-0.03374562,0.03891772,-0.9946908,-3.58752,2.868925,0.04604688,0.06558067,-0.1233341,0.9901959,29,5.7,-13.13222,109.0945,30,-0.7,-31.22479,237.8299
41.90308,NaN,NaN,NaN,-3.639196,2.86373,0.03693605,-0.08907985,-0.03392615,0.03979607,-0.9946507,-3.624248,2.866078,0.04264338,0.06919827,-0.1179701,0.9906031,29,5.7,-12.90221,107.4578,30,-0.7,-30.99478,236.1933
41.92798,NaN,NaN,NaN,-3.691635,2.862946,0.03399199,-0.08868154,-0.03427608,0.04202592,-0.9945826,-3.67086,2.866078,0.04264338,0.06919827,-0.1179701,0.9906031,29,5.7,-12.57273,105.1135,30,-0.7,-30.6653,233.8489
41.94513,NaN,NaN,NaN,-3.713465,2.862597,0.03247139,-0.08867769,-0.03425903,0.04363246,-0.9945144,-3.699751,2.863911,0.03914412,0.07366188,-0.1189344,0.9901659,29,5.7,-12.34628,103.5022,30,-0.7,-30.43885,232.2376
41.96924,24.45415,-36.72235,333.2064,-3.752596,2.862163,0.02967766,-0.08868647,-0.03438807,0.04619004,-0.9943936,-3.742392,2.862442,0.03561465,0.08374462,-0.1175681,0.9895275,29,5.7,-12.02742,101.2334,30,-0.7,-30.12,229.9689
41.98688,24.43819,-36.72054,333.1912,-3.769107,2.86218,0.02844132,-0.08856679,-0.03463759,0.04769437,-0.9943246,-3.757068,2.862442,0.03561465,0.08374462,-0.1175681,0.9895275,29,5.7,-11.7944,99.57538,30,-0.7,-29.88697,228.3108
42.01099,24.17338,-36.28637,328.5441,-3.794054,2.86213,0.0256468,-0.08781277,-0.03524271,0.05008627,-0.9942527,-3.785732,2.861558,0.03236525,0.0842103,-0.11791,0.9894472,29,5.7,-11.47537,97.3054,30,-0.7,-29.56795,226.0408
42.02942,23.93336,-35.96038,325.8086,-3.802157,2.862105,0.02419158,-0.0874252,-0.03554566,0.05032636,-0.9942639,-3.792935,2.861558,0.03236525,0.0842103,-0.11791,0.9894472,29,5.7,-11.23196,95.57341,30,-0.7,-29.32453,224.3089
42.0528,NaN,NaN,NaN,-3.812815,2.862669,0.02157429,-0.08647122,-0.03599801,0.05007299,-0.9943438,-3.807231,2.861171,0.02890743,0.08765996,-0.1171488,0.9892381,29,5.7,-10.92248,93.37133,30,-0.7,-29.01505,222.1068
42.07019,NaN,NaN,NaN,-3.813787,2.86283,0.02019943,-0.08625475,-0.03616889,0.04973989,-0.9943731,-3.811447,2.861176,0.02557042,0.09559734,-0.1170129,0.9885187,29,5.7,-10.69318,91.73978,30,-0.7,-28.78575,220.4752
42.09503,NaN,NaN,NaN,-3.809658,2.863225,0.01730976,-0.08653744,-0.03698664,0.04977971,-0.9943165,-3.807776,2.861176,0.02557042,0.09559734,-0.1170129,0.9885187,29,5.7,-10.36404,89.39783,30,-0.7,-28.45661,218.1333
42.11188,NaN,NaN,NaN,-3.802499,2.86379,0.0159593,-0.08643778,-0.03745105,0.04994521,-0.9942995,-3.803271,2.861506,0.02228853,0.09645505,-0.1184656,0.9882623,29,5.7,-10.14209,87.81858,30,-0.7,-28.23466,216.554
42.12927,NaN,NaN,NaN,-3.793525,2.864373,0.01471941,-0.08557422,-0.03796463,0.05001679,-0.9943511,-3.795295,2.861506,0.02228853,0.09645505,-0.1184656,0.9882623,29,5.7,-9.911474,86.17767,30,-0.7,-28.00405,214.9131
42.15033,NaN,NaN,NaN,-3.770457,2.865489,0.01210522,-0.08363373,-0.03868105,0.05050793,-0.9944637,-3.775092,2.861992,0.01896298,0.09758556,-0.1225494,0.9876531,29,5.7,-9.632912,84.19559,30,-0.7,-27.72548,212.931
42.16754,NaN,NaN,NaN,-3.754272,2.866012,0.01066048,-0.08279141,-0.03912307,0.05103101,-0.9944902,-3.759431,2.862898,0.01575945,0.1014902,-0.1215614,0.9873816,29,5.7,-9.405692,82.57884,30,-0.7,-27.49826,211.3143
42.19214,NaN,NaN,NaN,-3.715007,2.867623,0.007873923,-0.08204404,-0.03978447,0.05094768,-0.9945302,-3.724528,2.862898,0.01575945,0.1014902,-0.1215614,0.9873816,29,5.7,-9.080642,80.26598,30,-0.7,-27.17321,209.0014
42.20935,NaN,NaN,NaN,-3.690933,2.868487,0.006504723,-0.08155655,-0.04012063,0.04996047,-0.9946069,-3.700258,2.864181,0.01249705,0.1035242,-0.1177439,0.9876331,29,5.7,-8.853248,78.64799,30,-0.7,-26.94582,207.3835
42.23395,NaN,NaN,NaN,-3.637233,2.870541,0.003994043,-0.07929225,-0.04040814,0.0477649,-0.9948862,-3.6481,2.865791,0.009173051,0.1052753,-0.1158844,0.9876679,29,5.7,-8.528143,76.33475,30,-0.7,-26.62072,205.0702
42.25122,NaN,NaN,NaN,-3.606865,2.871807,0.002815551,-0.0773647,-0.04021154,0.0469371,-0.9950852,-3.621106,2.865791,0.009173051,0.1052753,-0.1158844,0.9876679,29,5.7,-8.299657,74.70898,30,-0.7,-26.39223,203.4445
42.27563,NaN,NaN,NaN,-3.540225,2.875123,0.0006153547,-0.07446731,-0.0397094,0.04569729,-0.9953842,-3.55584,2.867874,0.005977437,0.1058039,-0.1201526,0.9871013,29,5.7,-7.976321,72.40833,30,-0.7,-26.0689,201.1438
42.29297,NaN,NaN,NaN,-3.50281,2.876881,-0.0004795586,-0.0736088,-0.03897141,0.04533323,-0.9954938,-3.522583,2.867874,0.005977437,0.1058039,-0.1201526,0.9871013,29,5.7,-7.747733,70.78185,30,-0.7,-25.84031,199.5173
42.31757,21.40942,-23.43184,220.0477,-3.424278,2.880474,-0.002532484,-0.07235776,-0.03794316,0.044773,-0.9956506,-3.445274,2.870725,0.003043413,0.1114558,-0.1179484,0.9867451,29,5.7,-7.42206,68.46456,30,-0.7,-25.51464,197.2
42.33472,23.07409,-25.26147,217.0673,-3.381456,2.882786,-0.003258832,-0.07165585,-0.03731791,0.04422116,-0.9957497,-3.398338,2.874439,0.0003908575,0.1200685,-0.1276134,0.9845296,29,5.7,-7.195274,66.85089,30,-0.7,-25.28785,195.5864
42.35931,22.95812,-25.05405,215.4671,-3.292378,2.887219,-0.004843834,-0.06999056,-0.03612674,0.04306126,-0.9959628,-3.319158,2.874439,0.0003908575,0.1200685,-0.1276134,0.9845296,29,5.7,-6.869973,64.53625,30,-0.7,-24.96255,193.2717
42.37653,23.97063,-26.11375,212.5074,-3.244215,2.889538,-0.005614812,-0.06989024,-0.03567394,0.04290111,-0.9959931,-3.2662,2.878883,-0.001924038,0.1259796,-0.1341007,0.9829273,29,5.7,-6.643044,62.92157,30,-0.7,-24.73562,191.6571
42.40112,NaN,NaN,NaN,-3.144709,2.894328,-0.007002787,-0.06954444,-0.03521321,0.04284052,-0.9960363,-3.166362,2.883883,-0.004049405,0.1280319,-0.1418591,0.9815722,29,5.7,-6.317635,60.60616,30,-0.7,-24.41021,189.3416
42.4187,NaN,NaN,NaN,-3.091094,2.896962,-0.007512988,-0.06957448,-0.03487988,0.04173544,-0.9960929,-3.118703,2.883883,-0.004049405,0.1280319,-0.1418591,0.9815722,29,5.7,-6.085026,58.95106,30,-0.7,-24.1776,187.6866
42.44275,NaN,NaN,NaN,-2.982267,2.90169,-0.008495779,-0.06860235,-0.03428088,0.03869441,-0.9963038,-3.009475,2.889368,-0.005902275,0.1263907,-0.1398375,0.9820747,29,5.7,-5.767075,56.68872,30,-0.7,-23.85965,185.4242
42.46039,NaN,NaN,NaN,-2.924491,2.904149,-0.008900585,-0.06779242,-0.03385512,0.03650118,-0.9964566,-2.958118,2.889368,-0.005902275,0.1263907,-0.1398375,0.9820747,29,5.7,-5.534173,55.03154,30,-0.7,-23.62675,183.767
42.48438,23.95074,-24.6435,203.1716,-2.806802,2.909245,-0.009448886,-0.0668797,-0.03331698,0.03422431,-0.9966173,-2.839902,2.89515,-0.007504389,0.1295612,-0.1331787,0.982587,29,5.7,-5.216712,52.77269,30,-0.7,-23.30929,181.5082
42.50238,23.4842,-23.73954,200.9742,-2.74537,2.911723,-0.009620227,-0.06656698,-0.03311371,0.03373697,-0.9966615,-2.770734,2.901,-0.00866133,0.1284276,-0.1303138,0.9831199,29,5.7,-4.978403,51.07703,30,-0.7,-23.07098,179.8125
42.52612,23.37514,-23.51628,199.2899,-2.620544,2.916217,-0.009716988,-0.0659292,-0.03242902,0.03194256,-0.9967856,-2.659778,2.901,-0.00866133,0.1284276,-0.1303138,0.9831199,29,5.7,-4.66511,48.84783,30,-0.7,-22.75768,177.5833
42.54401,23.40679,-22.74967,197.2681,-2.55625,2.91805,-0.00959731,-0.06570783,-0.03172395,0.03058432,-0.9968655,-2.587182,2.906934,-0.009351209,0.1295618,-0.1278803,0.9832906,29,5.7,-4.428314,47.16294,30,-0.7,-22.52089,175.8984
42.56781,24.49331,-21.33656,195.8006,-2.42546,2.921997,-0.009081262,-0.06442782,-0.02992226,0.02846422,-0.9970675,-2.454674,2.912514,-0.009575829,0.1353233,-0.1217704,0.9832902,29,5.7,-4.113282,44.92137,30,-0.7,-22.20586,173.6568
42.58618,24.21428,-21.03181,193.3397,-2.358359,2.923856,-0.008646743,-0.0630476,-0.02883845,0.02764835,-0.9972106,-2.395028,2.912514,-0.009575829,0.1353233,-0.1217704,0.9832902,29,5.7,-3.870632,43.19483,30,-0.7,-21.96321,171.9303
42.60962,NaN,NaN,NaN,-2.222852,2.926909,-0.007792251,-0.06144053,-0.02683817,0.02714523,-0.9973806,-2.257631,2.917572,-0.009471282,0.1423082,-0.1174235,0.9828327,29,5.7,-3.560919,40.99111,30,-0.7,-21.65349,169.7266
42.62781,NaN,NaN,NaN,-2.153468,2.928153,-0.00730719,-0.061384,-0.02559729,0.02731852,-0.9974119,-2.195956,2.917572,-0.009471282,0.1423082,-0.1174235,0.9828327,29,5.7,-3.320164,39.27805,30,-0.7,-21.41274,168.0135
42.65131,NaN,NaN,NaN,-2.017961,2.931014,-0.00579596,-0.06123855,-0.02254094,0.02641143,-0.9975191,-2.057742,2.921998,-0.008966357,0.1420912,-0.1124325,0.9834475,29,5.7,-3.009771,37.06948,30,-0.7,-21.10234,165.805
42.66907,24.11832,-17.89379,186.5908,-1.950324,2.932114,-0.004937434,-0.06127344,-0.02060432,0.02612489,-0.9975663,-1.979709,2.925826,-0.007852703,0.1376757,-0.1098303,0.9843692,29,5.7,-2.774824,35.39774,30,-0.7,-20.8674,164.1332
42.69318,24.06334,-17.75459,185.3432,-1.815878,2.933749,-0.003162412,-0.0622095,-0.01723795,0.02634575,-0.9975665,-1.860201,2.925826,-0.007852703,0.1376757,-0.1098303,0.9843692,29,5.7,-2.45611,33.12998,30,-0.7,-20.54868,161.8655
42.71082,23.21362,-18.18553,181.7151,-1.749489,2.934193,-0.002273861,-0.06331265,-0.01546082,0.02700079,-0.9975086,-1.783178,2.929122,-0.006271839,0.1353785,-0.1143535,0.9841728,29,5.7,-2.223037,31.47158,30,-0.7,-20.31561,160.2071
42.7348,21.69194,-18.2072,180.1472,-1.620154,2.934559,-0.0003012659,-0.06650244,-0.01173503,0.0289611,-0.9972968,-1.650243,2.931599,-0.004341811,0.1276343,-0.1155863,0.9850631,29,5.7,-1.905425,29.21165,30,-0.7,-19.998,157.9471
42.75256,21.47793,-17.96196,178.0572,-1.55626,2.934723,0.0008192551,-0.06840969,-0.01002023,0.02984362,-0.9971606,-1.593448,2.931599,-0.004341811,0.1276343,-0.1155863,0.9850631,29,5.7,-1.670591,27.54072,30,-0.7,-19.76316,156.2762
42.77661,NaN,NaN,NaN,-1.431431,2.934251,0.002895415,-0.07076915,-0.006626081,0.02999502,-0.9970196,-1.464889,2.93304,-0.002079651,0.01456158,-0.1152901,0.9932251,29,5.7,-1.352745,25.27913,30,-0.7,-19.44532,154.0146
42.79474,NaN,NaN,NaN,-1.371341,2.933283,0.003866779,-0.07204218,-0.004871409,0.02967165,-0.9969482,-1.411476,2.93304,-0.002079651,0.01456158,-0.1152901,0.9932251,29,5.7,-1.113608,23.57759,30,-0.7,-19.20618,152.3131
42.8183,NaN,NaN,NaN,-1.253555,2.931576,0.006044357,-0.07436946,-0.001646509,0.02942934,-0.9967951,-1.289592,2.933346,0.0002509207,0.005891947,-0.1219284,0.9925214,29,5.7,-0.8015531,21.3572,30,-0.7,-18.89412,150.0927
42.836,NaN,NaN,NaN,-1.19673,2.930495,0.00717767,-0.0753408,-0.0005924777,0.0298305,-0.9967114,-1.222532,2.932678,0.002775639,0.004288639,-0.1280507,0.9917583,29,5.7,-0.5673867,19.69102,30,-0.7,-18.65996,148.4265
42.86041,NaN,NaN,NaN,-1.085251,2.927718,0.009199967,-0.07747664,0.001283699,0.03041487,-0.9965293,-1.12344,2.932678,0.002775639,0.004288639,-0.1280507,0.9917583,29,5.7,-0.2451772,17.39838,30,-0.7,-18.33775,146.1339
42.87775,NaN,NaN,NaN,-1.030334,2.926776,0.01055524,-0.07789581,0.002305487,0.02935861,-0.9965265,-1.058684,2.930887,0.005172238,0.00437107,-0.1211588,0.9926236,29,5.7,-0.01551113,15.76422,30,-0.7,-18.10808,144.4997
42.90198,NaN,NaN,NaN,-0.9248636,2.924142,0.013487,-0.07732563,0.00482225,0.02710362,-0.9966258,-0.9497348,2.928279,0.007800698,0.002518194,-0.1258603,0.9920448,29,5.7,0.3046854,13.4859,30,-0.7,-17.78789,142.2214
42.91949,NaN,NaN,NaN,-0.8735271,2.922637,0.0149708,-0.07710283,0.006227962,0.02597992,-0.9966651,-0.9041023,2.928279,0.007800698,0.002518194,-0.1258603,0.9920448,29,5.7,0.5363203,11.83774,30,-0.7,-17.55625,140.5732
42.94379,NaN,NaN,NaN,-0.7730418,2.920276,0.01816406,-0.07682052,0.008576189,0.02453627,-0.9967062,-0.8002461,2.92534,0.01087618,0.001852057,-0.1237475,0.992312,29,5.7,0.8571099,9.555201,30,-0.7,-17.23546,138.2907
42.9613,NaN,NaN,NaN,-0.7243017,2.918554,0.01968203,-0.0767186,0.00957617,0.02398696,-0.9967182,-0.7569216,2.92534,0.01087618,0.001852057,-0.1237475,0.992312,29,5.7,1.089139,7.90423,30,-0.7,-17.00343,136.6397
42.98578,NaN,NaN,NaN,-0.6267058,2.915769,0.02284959,-0.07626408,0.01177506,0.02134112,-0.9967897,-0.6562213,2.922135,0.01427871,-0.003170952,-0.1234723,0.9923429,29,5.7,1.41285,5.600904,30,-0.7,-16.67972,134.3364
43.00281,NaN,NaN,NaN,-0.579739,2.914152,0.02420763,-0.07739816,0.01258731,0.02061085,-0.9967077,-0.6010676,2.91892,0.01802523,-0.006099329,-0.122989,0.9923893,29,5.7,1.637747,4.000676,30,-0.7,-16.45482,132.7362
43.02826,NaN,NaN,NaN,-0.4885212,2.91178,0.02703021,-0.08002301,0.01414943,0.01936427,-0.9965045,-0.5199851,2.91892,0.01802523,-0.006099329,-0.122989,0.9923893,29,5.7,1.974334,1.605735,30,-0.7,-16.11824,130.3412
43.04449,NaN,NaN,NaN,-0.4446465,2.910405,0.02827613,-0.08189702,0.01458973,0.01942622,-0.9963447,-0.4680318,2.915533,0.02165852,0.001748249,-0.123179,0.9923829,29,5.7,2.189151,0.07723844,30,-0.7,-15.90342,128.8127
43.06903,NaN,NaN,NaN,-0.3585694,2.907327,0.03057621,-0.08516638,0.01612107,0.0169382,-0.9960924,-0.379051,2.912246,0.02517387,0.006115157,-0.1227751,0.9924157,30,-0.7,-15.57958,126.5085,31,5.7,-33.6722,255.244
43.08624,NaN,NaN,NaN,-0.3167503,2.905506,0.03151787,-0.0863679,0.01704997,0.0145056,-0.9960119,-0.3418784,2.912246,0.02517387,0.006115157,-0.1227751,0.9924157,30,-0.7,-15.35179,124.8876,31,5.7,-33.4444,253.6231
43.10284,NaN,NaN,NaN,-0.2752741,2.904347,0.03261003,-0.08683404,0.01760654,0.01246212,-0.9959893,-0.2931215,2.908844,0.02825158,0.002844863,-0.1253135,0.9921132,30,-0.7,-15.13235,123.3263,31,5.7,-33.22497,252.0618
43.12469,NaN,NaN,NaN,-0.194678,2.902117,0.0348508,-0.08668648,0.01853951,0.009370061,-0.9960191,-0.2214805,2.908844,0.02825158,0.002844863,-0.1253135,0.9921132,30,-0.7,-14.84305,121.2678,31,5.7,-32.93567,250.0033
43.14227,NaN,NaN,NaN,-0.1556203,2.900911,0.03589256,-0.08617832,0.019039,0.008112215,-0.9960648,-0.1753679,2.905308,0.03094569,0.002641839,-0.1218691,0.9925427,30,-0.7,-14.61073,119.6147,31,5.7,-32.70335,248.3503
43.15863,NaN,NaN,NaN,-0.1174214,2.899709,0.03694278,-0.0855752,0.01980269,0.006515474,-0.9961136,-0.1414134,2.905308,0.03094569,0.002641839,-0.1218691,0.9925427,30,-0.7,-14.39444,118.0757,31,5.7,-32.48705,246.8112
43.18054,NaN,NaN,NaN,-0.04281039,2.897437,0.03924007,-0.08300326,0.02152377,0.003401069,-0.9963111,-0.06414247,2.902208,0.03360965,0.0006933096,-0.1231837,0.9923837,30,-0.7,-14.10529,116.0183,31,5.7,-32.19791,244.7538
43.19788,NaN,NaN,NaN,-0.007210298,2.896231,0.04049546,-0.08069067,0.02251695,0.002090764,-0.9964827,-0.03249794,2.902208,0.03360965,0.0006933096,-0.1231837,0.9923837,30,-0.7,-13.87542,114.3827,31,5.7,-31.96804,243.1183
43.22223,-0.3327543,-18.39183,131.2242,0.05974322,2.893627,0.04284962,-0.07818484,0.02410387,0.001112036,-0.9966469,0.03756008,2.899318,0.036143,-0.002786308,-0.1601983,0.9870809,30,-0.7,-13.55371,112.0937,31,5.7,-31.64633,240.8292
43.23962,-1.160782,-25.15493,179.3459,0.09091555,2.892232,0.04395879,-0.07825702,0.0246331,0.001420811,-0.9966279,0.0751725,2.896541,0.03891988,-0.006809959,-0.1545603,0.9879599,30,-0.7,-13.32349,110.4556,31,5.7,-31.41611,239.1911
43.26434,-1.108782,-25.15493,179.3459,0.1494157,2.889342,0.04622284,-0.07755853,0.02578686,0.001385681,-0.9966533,0.1271726,2.896541,0.03891988,-0.006809959,-0.1545603,0.9879599,30,-0.7,-12.99713,108.1334,31,5.7,-31.08975,236.8689
43.28137,-4.198124,-41.77706,297.6185,0.1751826,2.88761,0.04735263,-0.076988,0.02634987,0.000941321,-0.9966833,0.1592838,2.8936,0.04175796,-0.0144792,-0.1484359,0.988816,30,-0.7,-12.77218,106.5328,31,5.7,-30.8648,235.2683
43.30603,NaN,NaN,NaN,0.2225348,2.884319,0.04963512,-0.07499062,0.02730608,-0.0001199894,-0.9968104,0.2097231,2.890294,0.04452432,-0.01743371,-0.1264844,0.9918154,30,-0.7,-12.44603,104.2121,31,5.7,-30.53865,232.9476
43.32318,NaN,NaN,NaN,0.242406,2.882813,0.05066142,-0.07447568,0.02729926,-0.0005949149,-0.9968489,0.2273863,2.890294,0.04452432,-0.01743371,-0.1264844,0.9918154,30,-0.7,-12.21938,102.5994,31,5.7,-30.312,231.3349
43.3476,NaN,NaN,NaN,0.2756693,2.879585,0.05253609,-0.07502087,0.02726016,-0.001112708,-0.9968086,0.2642589,2.886608,0.04724666,-0.01798749,-0.1108053,0.9936793,30,-0.7,-11.89609,100.299,31,5.7,-29.9887,229.0345
43.36493,NaN,NaN,NaN,0.28773,2.878096,0.05345538,-0.07527263,0.02732152,-0.001729197,-0.9967871,0.2749795,2.886608,0.04724666,-0.01798749,-0.1108053,0.9936793,30,-0.7,-11.66739,98.67176,31,5.7,-29.76,227.4073
43.38934,NaN,NaN,NaN,0.3057618,2.875146,0.05536718,-0.07426495,0.027818,-0.0030432,-0.9968459,0.2970677,2.882815,0.04984009,-0.01678345,-0.1086457,0.9939389,30,-0.7,-11.34426,96.37257,31,5.7,-29.43687,225.1081
43.40656,NaN,NaN,NaN,0.3102415,2.873751,0.05621842,-0.07373787,0.02814181,-0.003455179,-0.9968746,0.3057208,2.878992,0.05222235,-0.01537329,-0.1134127,0.9934291,30,-0.7,-11.1166,94.75269,31,5.7,-29.20921,223.4882
43.43103,NaN,NaN,NaN,0.3144039,2.87156,0.05776186,-0.07440585,0.02863402,-0.00499096,-0.9968044,0.3094207,2.878992,0.05222235,-0.01537329,-0.1134127,0.9934291,30,-0.7,-10.79296,92.44991,31,5.7,-28.88558,221.1854
43.44843,NaN,NaN,NaN,0.3122161,2.870587,0.05834776,-0.07578094,0.02857941,-0.005656067,-0.9966988,0.3105137,2.8754,0.05448702,-0.00737655,-0.1119503,0.9936864,30,-0.7,-10.56333,90.81599,31,5.7,-28.65595,219.5515
43.4729,NaN,NaN,NaN,0.3013763,2.868729,0.05933888,-0.07772494,0.02806476,-0.006421939,-0.9965591,0.3023831,2.872258,0.05650983,-0.006038668,-0.1205815,0.9926851,30,-0.7,-10.23936,88.51081,31,5.7,-28.33197,217.2463
43.49023,NaN,NaN,NaN,0.2917357,2.868258,0.05983477,-0.07777005,0.02751882,-0.007164337,-0.9965658,0.2938136,2.872258,0.05650983,-0.006038668,-0.1205815,0.9926851,30,-0.7,-10.01041,86.88178,31,5.7,-28.10303,215.6173
43.51465,NaN,NaN,NaN,0.2672443,2.867253,0.06054571,-0.07722589,0.02622302,-0.008491247,-0.9966326,0.2720041,2.86962,0.05811887,-0.005794724,-0.1250717,0.9921308,30,-0.7,-9.687992,84.58764,31,5.7,-27.78061,213.3231
43.53192,NaN,NaN,NaN,0.2512455,2.866879,0.06071107,-0.07753243,0.02524375,-0.009476291,-0.9966252,0.257783,2.86962,0.05811887,-0.005794724,-0.1250717,0.9921308,30,-0.7,-9.458987,82.95819,31,5.7,-27.55161,211.6937
43.5567,NaN,NaN,NaN,0.2141346,2.866939,0.0611343,-0.07785504,0.02363449,-0.01139258,-0.9966193,0.2232209,2.867669,0.05937777,-0.005950934,-0.1306903,0.9914054,30,-0.7,-9.131224,80.62604,31,5.7,-27.22384,209.3615
43.57367,NaN,NaN,NaN,0.1911869,2.867002,0.0612278,-0.07786459,0.02322675,-0.01222954,-0.9966184,0.1998146,2.866443,0.06027337,-0.006644626,-0.1314976,0.9912943,30,-0.7,-8.907201,79.03203,31,5.7,-26.99982,207.7675
43.59821,NaN,NaN,NaN,0.1415463,2.867084,0.06131522,-0.07784437,0.02263551,-0.01278715,-0.9966266,0.1556896,2.866443,0.06027337,-0.006644626,-0.1314976,0.9912943,30,-0.7,-8.582522,76.72182,31,5.7,-26.67514,205.4573
43.61542,NaN,NaN,NaN,0.1131132,2.867165,0.0612389,-0.07788331,0.02203243,-0.01231315,-0.996643,0.1260379,2.866044,0.06088004,-0.006700763,-0.1354544,0.9907609,30,-0.7,-8.355288,75.10497,31,5.7,-26.44791,203.8405
43.63995,NaN,NaN,NaN,0.05190026,2.868427,0.06126752,-0.07797588,0.02097034,-0.01230079,-0.9966588,0.06586088,2.865965,0.06113429,-0.006159497,-0.1289538,0.9916315,30,-0.7,-8.030648,72.79504,31,5.7,-26.12327,201.5305
43.65741,NaN,NaN,NaN,0.01675452,2.869255,0.06126752,-0.0781022,0.02032038,-0.01181816,-0.9966682,0.03462023,2.865965,0.06113429,-0.006159497,-0.1289538,0.9916315,30,-0.7,-7.800311,71.15611,31,5.7,-25.89293,199.8916
43.68158,NaN,NaN,NaN,-0.05821577,2.871535,0.0614568,-0.07752892,0.01957742,-0.01090195,-0.9967383,-0.03911686,2.866442,0.06117523,-0.00177142,-0.1324409,0.9911893,30,-0.7,-7.480189,68.87832,31,5.7,-25.57281,197.6138
43.69922,NaN,NaN,NaN,-0.0980664,2.872875,0.0615423,-0.07677218,0.01963814,-0.01068364,-0.996798,-0.07453965,2.866442,0.06117523,-0.00177142,-0.1324409,0.9911893,30,-0.7,-7.246976,67.21893,31,5.7,-25.33959,195.9544
43.72345,NaN,NaN,NaN,-0.1805855,2.875742,0.06168043,-0.07648634,0.01896698,-0.01103702,-0.9968292,-0.1562734,2.86785,0.06120006,-0.001157123,-0.1323934,0.9911966,30,-0.7,-6.926688,64.93996,31,5.7,-25.01931,193.6754
43.74066,NaN,NaN,NaN,-0.2247322,2.87765,0.06174226,-0.07671644,0.01833634,-0.01108545,-0.9968228,-0.205135,2.870255,0.06132574,-0.004839825,-0.1322661,0.9912024,30,-0.7,-6.699191,63.32123,31,5.7,-24.79181,192.0567
43.7652,NaN,NaN,NaN,-0.3173416,2.881615,0.06173281,-0.07796693,0.01661667,-0.009604003,-0.9967713,-0.2874545,2.870255,0.06132574,-0.004839825,-0.1322661,0.9912024,30,-0.7,-6.375348,61.01697,31,5.7,-24.46797,189.7525
43.78265,NaN,NaN,NaN,-0.3658133,2.884054,0.06180974,-0.07844039,0.0157358,-0.009110513,-0.996753,-0.3412066,2.873515,0.06148703,-0.002745299,-0.1397588,0.9901818,30,-0.7,-6.144519,59.37454,31,5.7,-24.23714,188.11
43.79919,NaN,NaN,NaN,-0.4154312,2.886615,0.06194059,-0.07811019,0.01508482,-0.008780921,-0.9967919,-0.3853113,2.873515,0.06148703,-0.002745299,-0.1397588,0.9901818,30,-0.7,-5.925799,57.81826,31,5.7,-24.01842,186.5538
43.82086,NaN,NaN,NaN,-0.5188586,2.89211,0.06243968,-0.07684866,0.01378416,-0.008246637,-0.9969134,-0.4888596,2.877699,0.0616052,0.00671663,-0.1374095,0.9904916,30,-0.7,-5.638736,55.7757,31,5.7,-23.73135,184.5112
43.83832,NaN,NaN,NaN,-0.5727509,2.894608,0.06260812,-0.07597778,0.01319471,-0.007421269,-0.9969946,-0.5494391,2.882976,0.06185923,0.01255091,-0.1410413,0.9899241,30,-0.7,-5.407924,54.13339,31,5.7,-23.50054,182.8689
43.8631,NaN,NaN,NaN,-0.6823003,2.899609,0.0629078,-0.07556626,0.01179988,-0.004797075,-0.9970594,-0.6468164,2.882976,0.06185923,0.01255091,-0.1410413,0.9899241,30,-0.7,-5.080721,51.80522,31,5.7,-23.17334,180.5407
43.87994,NaN,NaN,NaN,-0.7386677,2.90205,0.06303602,-0.07564466,0.01089604,-0.002869971,-0.9970712,-0.7103177,2.889008,0.06220684,0.01561476,-0.1437133,0.9894962,30,-0.7,-4.858181,50.22176,31,5.7,-22.9508,178.9573
43.90454,NaN,NaN,NaN,-0.8540454,2.906517,0.06329019,-0.07599256,0.008995628,0.0001058338,-0.9970678,-0.8270003,2.895108,0.06256703,0.03020455,-0.1445384,0.9890381,30,-0.7,-4.532634,47.90538,31,5.7,-22.62525,176.6409
43.92163,NaN,NaN,NaN,-0.9137155,2.908754,0.06352758,-0.0759821,0.007777407,0.00149468,-0.9970778,-0.8800404,2.895108,0.06256703,0.03020455,-0.1445384,0.9890381,30,-0.7,-4.306714,46.29787,31,5.7,-22.39933,175.0334
43.94635,NaN,NaN,NaN,-1.035063,2.912703,0.06400254,-0.07534438,0.005258995,0.0044171,-0.997134,-1.002728,2.900954,0.06291132,0.03378677,-0.1422206,0.9892582,30,-0.7,-3.979969,43.97296,31,5.7,-22.07259,172.7085
43.96393,NaN,NaN,NaN,-1.097555,2.914493,0.06434862,-0.07517286,0.003935174,0.005696893,-0.9971465,-1.058276,2.900954,0.06291132,0.03378677,-0.1422206,0.9892582,30,-0.7,-3.747791,42.32093,31,5.7,-21.84041,171.0564
43.98785,NaN,NaN,NaN,-1.224083,2.917917,0.0651897,-0.07432361,0.001368687,0.008204334,-0.9971995,-1.186249,2.906442,0.06336468,0.03834969,-0.1418326,0.9891475,30,-0.7,-3.431265,40.06873,31,5.7,-21.52388,168.8042
44.00494,NaN,NaN,NaN,-1.287574,2.91939,0.06560504,-0.07384574,0.000700105,0.007876489,-0.9972383,-1.258885,2.911368,0.06404365,0.04089879,-0.1373286,0.9896809,30,-0.7,-3.205021,38.45892,31,5.7,-21.29764,167.1944
44.03021,NaN,NaN,NaN,-1.414579,2.921823,0.06644467,-0.07371665,-0.0003936868,0.00742946,-0.9972515,-1.371778,2.911368,0.06404365,0.04089879,-0.1373286,0.9896809,30,-0.7,-2.871325,36.08455,31,5.7,-20.96394,164.8201
44.04694,NaN,NaN,NaN,-1.477875,2.922732,0.06680998,-0.07429549,-0.001021162,0.007498835,-0.9972076,-1.44457,2.9156,0.06484315,0.04995532,-0.1360428,0.9894426,30,-0.7,-2.65038,34.51244,31,5.7,-20.743,163.248
44.07135,NaN,NaN,NaN,-1.603781,2.923978,0.06752425,-0.07570068,-0.00217215,0.008112043,-0.9970953,-1.573248,2.919075,0.06574979,0.04526125,-0.143072,0.9886768,30,-0.7,-2.326821,32.2102,31,5.7,-20.41944,160.9457
44.08856,NaN,NaN,NaN,-1.666677,2.924371,0.06793656,-0.07633261,-0.002465766,0.00877507,-0.9970408,-1.629156,2.919075,0.06574979,0.04526125,-0.143072,0.9886768,30,-0.7,-2.099771,30.59465,31,5.7,-20.19239,159.3302
44.11334,NaN,NaN,NaN,-1.790781,2.924688,0.06872167,-0.07646053,-0.003030566,0.009279639,-0.9970249,-1.756319,2.921535,0.06668091,0.05217984,-0.1446117,0.9881117,30,-0.7,-1.772394,28.26524,31,5.7,-19.86501,157.0008
44.1308,NaN,NaN,NaN,-1.852089,2.924513,0.0691573,-0.07678461,-0.002999108,0.009308609,-0.9969998,-1.810815,2.921535,0.06668091,0.05217984,-0.1446117,0.9881117,30,-0.7,-1.541165,26.61997,31,5.7,-19.63378,155.3555
44.15515,NaN,NaN,NaN,-1.972286,2.923122,0.06957535,-0.07809888,-0.003220894,0.009936669,-0.996891,-1.934449,2.923007,0.06766128,0.05401135,-0.1449446,0.9879645,30,-0.7,-1.219281,24.32964,31,5.7,-19.3119,153.0652
44.1723,18.90381,-52.46813,373.6894,-2.029033,2.922564,0.06988591,-0.07965268,-0.003666697,0.01086566,-0.9967567,-2.001475,2.923479,0.06867756,0.05526365,-0.1464292,0.9876763,30,-0.7,-0.9925653,22.71647,31,5.7,-19.08518,151.452
44.1969,18.804,-52.46807,373.6889,-2.141287,2.921065,0.07048159,-0.07933277,-0.004801112,0.01221493,-0.9967619,-2.101256,2.923479,0.06867756,0.05526365,-0.1464292,0.9876763,30,-0.7,-0.6670098,20.40003,31,5.7,-18.75963,149.1355
44.21399,8.671906,-26.63658,189.8883,-2.19602,2.919907,0.07059775,-0.07953124,-0.005419346,0.01345704,-0.9967268,-2.165972,2.922665,0.06936669,0.05632634,-0.1536246,0.9865226,30,-0.7,-0.4413474,18.79436,31,5.7,-18.53396,147.5299
44.23853,8.205407,-23.42313,167.0235,-2.302921,2.918266,0.07101374,-0.07969768,-0.006048338,0.01455877,-0.9966945,-2.27636,2.921152,0.06995705,0.06189629,-0.1555667,0.9858842,30,-0.7,-0.1165515,16.48331,31,5.7,-18.20917,145.2188
44.2558,8.158823,-23.42311,167.0234,-2.355321,2.916728,0.0709983,-0.08084753,-0.006312003,0.01531573,-0.9965888,-2.322938,2.921152,0.06995705,0.06189629,-0.1555667,0.9858842,30,-0.7,0.1118284,14.85831,31,5.7,-17.98079,143.5938
44.28033,7.104571,-20.72376,147.8165,-2.457525,2.914078,0.07095511,-0.08383609,-0.00691822,0.01716903,-0.9963076,-2.428547,2.919065,0.07048476,0.06358411,-0.1576933,0.9854389,30,-0.7,0.4362668,12.54981,31,5.7,-17.65635,141.2853
44.29791,7.060178,-20.72378,147.8167,-2.507474,2.912772,0.07088794,-0.08470512,-0.007107405,0.01769005,-0.9962237,-2.472946,2.919065,0.07048476,0.06358411,-0.1576933,0.9854389,30,-0.7,0.6679478,10.90131,31,5.7,-17.42467,139.6368
44.32208,5.448736,-19.24831,137.3181,-2.603939,2.909638,0.07054044,-0.08636472,-0.007031528,0.01788341,-0.9960783,-2.572926,2.916425,0.07083058,0.05760336,-0.1591645,0.9855701,30,-0.7,0.98801,8.623951,31,5.7,-17.1046,137.3595
44.3399,3.859606,-15.59819,111.3461,-2.649595,2.907718,0.07023153,-0.08650981,-0.006750794,0.01701272,-0.9960829,-2.627205,2.913349,0.07088029,0.05741004,-0.1638322,0.9848163,30,-0.7,1.223277,6.949942,31,5.7,-16.86934,135.6855
44.36389,3.781234,-15.59819,111.3461,-2.737763,2.903503,0.06931618,-0.08849693,-0.006583739,0.01727161,-0.9959049,-2.705577,2.913349,0.07088029,0.05741004,-0.1638322,0.9848163,30,-0.7,1.540302,4.694188,31,5.7,-16.55231,133.4297
44.38129,4.53012,-17.14375,122.3434,-2.779647,2.90122,0.06868747,-0.08996126,-0.006619979,0.01840159,-0.9957532,-2.755841,2.909704,0.07053112,0.05870071,-0.1615644,0.9851148,30,-0.7,1.770602,3.055521,31,5.7,-16.32201,131.791
44.40564,7.167739,-22.9183,163.4314,-2.858202,2.89678,0.0673217,-0.09265385,-0.006395988,0.01993535,-0.9954782,-2.837945,2.905281,0.0697666,0.06038706,-0.1558525,0.9859328,30,-0.7,2.09268,0.7638123,31,5.7,-15.99994,129.4993
44.42334,7.135604,-22.9183,163.4314,-2.894353,2.894749,0.06665705,-0.09287089,-0.00572034,0.02036523,-0.9954535,-2.870079,2.905281,0.0697666,0.06038706,-0.1558525,0.9859328,31,5.7,-15.7662,127.8362,32,-5.7,-34.09386,258.2441
44.44745,6.607032,-20.72552,147.8291,-2.962404,2.890631,0.06533878,-0.09233046,-0.004458914,0.02202005,-0.9954749,-2.941924,2.900231,0.06850731,0.06368441,-0.1575661,0.9854528,31,5.7,-15.44754,125.5689,32,-5.7,-33.77521,255.9767
44.46558,6.579981,-20.72552,147.8291,-2.992837,2.888475,0.06457865,-0.09219041,-0.003744181,0.02404179,-0.9954441,-2.968975,2.900231,0.06850731,0.06368441,-0.1575661,0.9854528,31,5.7,-15.20786,123.8634,32,-5.7,-33.53552,254.2713
44.4892,6.399374,-21.20485,151.2395,-3.047415,2.884077,0.06268302,-0.09342381,-0.002403021,0.02769249,-0.9952384,-3.027836,2.895135,0.06705382,0.06146652,-0.1571347,0.9856625,31,5.7,-14.89566,121.642,32,-5.7,-33.22333,252.0499
44.50702,4.977097,-18.83205,134.3564,-3.070901,2.881628,0.06139039,-0.09447043,-0.00205438,0.02950897,-0.9950882,-3.057908,2.890052,0.06536514,0.05896232,-0.1594007,0.9854516,31,5.7,-14.65978,119.9637,32,-5.7,-32.98745,250.3715
44.53094,4.940725,-18.83207,134.3564,-3.111826,2.877096,0.05894743,-0.09580734,-0.001189411,0.03187796,-0.9948887,-3.094286,2.890052,0.06536514,0.05896232,-0.1594007,0.9854516,31,5.7,-14.34333,117.712,32,-5.7,-32.671,248.1199
44.54828,4.426484,-16.88102,120.474,-3.127569,2.874907,0.0577386,-0.09501444,-0.0005872529,0.03197322,-0.9949622,-3.11615,2.884775,0.06321457,0.06169578,-0.1616765,0.9849134,31,5.7,-14.11417,116.0814,32,-5.7,-32.44183,246.4893
44.57263,9.067554,-26.42932,188.4136,-3.150869,2.870196,0.05502393,-0.09362187,0.0003931476,0.03318343,-0.9950546,-3.143293,2.879328,0.06057723,0.06392766,-0.1534401,0.986088,31,5.7,-13.79177,113.7875,32,-5.7,-32.11944,244.1953
44.59003,9.062755,-26.42932,188.4136,-3.156268,2.867956,0.05355003,-0.09329002,0.0002629859,0.03411721,-0.9950542,-3.148092,2.879328,0.06057723,0.06392766,-0.1534401,0.986088,31,5.7,-13.56189,112.1517,32,-5.7,-31.88956,242.5596
44.61444,11.06569,-30.71861,218.9334,-3.160667,2.863739,0.05058134,-0.09351797,-0.0005387776,0.03653152,-0.9949471,-3.156702,2.87386,0.05759421,0.06409514,-0.1513891,0.986394,31,5.7,-13.23909,109.8549,32,-5.7,-31.56676,240.2628
44.63165,11.06817,-30.71868,218.9338,-3.157908,2.861895,0.04912075,-0.09350374,-0.00126401,0.03809805,-0.994889,-3.15425,2.87386,0.05759421,0.06409514,-0.1513891,0.986394,31,5.7,-13.01205,108.2394,32,-5.7,-31.33972,238.6473
44.6485,12.85,-34.72315,249.2906,-3.151567,2.860035,0.04770369,-0.09267952,-0.001431307,0.03884716,-0.9949369,-3.151457,2.868409,0.05435065,0.06335639,-0.1488405,0.9868295,31,5.7,-12.78943,106.6554,32,-5.7,-31.1171,237.0633
44.67017,NaN,NaN,NaN,-3.131613,2.856868,0.04498835,-0.09078363,-0.001769297,0.04056752,-0.9950425,-3.134613,2.863345,0.05086867,0.06689324,-0.1407762,0.987779,31,5.7,-12.50284,104.6162,32,-5.7,-30.8305,235.0241
44.68732,NaN,NaN,NaN,-3.116663,2.855711,0.04379282,-0.09000236,-0.002624806,0.04282204,-0.9950171,-3.121324,2.863345,0.05086867,0.06689324,-0.1407762,0.987779,31,5.7,-12.27582,103.0009,32,-5.7,-30.60349,233.4088
44.70435,22.34896,-46.40254,391.2086,-3.100698,2.854719,0.04253332,-0.09011316,-0.003948161,0.04630569,-0.9948466,-3.10609,2.858939,0.04756264,0.0644315,-0.12469,0.9901015,31,5.7,-12.0511,101.4019,32,-5.7,-30.37877,231.8098
44.72589,22.28017,-46.20732,389.6584,-3.064607,2.85258,0.0394755,-0.09130504,-0.006791386,0.05274656,-0.9944019,-3.074009,2.858939,0.04756264,0.0644315,-0.12469,0.9901015,31,5.7,-11.76584,99.37215,32,-5.7,-30.0935,229.78
44.74298,23.27161,-45.35017,386.6971,-3.042207,2.852131,0.03805344,-0.09152076,-0.007809609,0.05418628,-0.9942972,-3.051239,2.855483,0.04445083,0.06740218,-0.1234352,0.990061,31,5.7,-11.54005,97.76559,32,-5.7,-29.86772,228.1735
44.75958,23.18409,-45.15026,385.0936,-3.017868,2.851938,0.03670382,-0.09063693,-0.008601025,0.0545826,-0.9943499,-3.029604,2.855483,0.04445083,0.06740218,-0.1234352,0.990061,31,5.7,-11.32024,96.20158,32,-5.7,-29.64791,226.6095
44.78162,23.11065,-46.04063,383.7705,-2.965987,2.851553,0.03392877,-0.08923967,-0.01074522,0.05684709,-0.9943286,-2.979158,2.852791,0.04097921,0.06729193,-0.126108,0.9897316,31,5.7,-11.02932,94.13152,32,-5.7,-29.35698,224.5394
44.79907,22.98874,-45.76447,381.6032,-2.937361,2.851488,0.03240529,-0.08910416,-0.01206077,0.05824048,-0.994245,-2.953712,2.852791,0.04097921,0.06729193,-0.126108,0.9897316,31,5.7,-10.79853,92.48936,32,-5.7,-29.12619,222.8973
44.82343,23.67113,-49.12913,379.257,-2.876278,2.8519,0.02938952,-0.09010881,-0.01434352,0.06053817,-0.9939868,-2.893844,2.85121,0.03754038,0.06923624,-0.1354762,0.9883586,31,5.7,-10.47647,90.19781,32,-5.7,-28.80414,220.6057
44.84052,NaN,NaN,NaN,-2.841741,2.852797,0.02807651,-0.09007189,-0.01478638,0.05926272,-0.9940605,-2.856392,2.850583,0.03410115,0.07511472,-0.1422049,0.9869831,31,5.7,-10.25056,88.5904,32,-5.7,-28.57823,218.9983
44.86542,NaN,NaN,NaN,-2.767825,2.855165,0.02576223,-0.08763734,-0.01568672,0.05702852,-0.994395,-2.790689,2.850583,0.03410115,0.07511472,-0.1422049,0.9869831,31,5.7,-9.921284,86.24746,32,-5.7,-28.24895,216.6554
44.88232,NaN,NaN,NaN,-2.727495,2.856458,0.02447582,-0.08589089,-0.0165076,0.05629181,-0.9945761,-2.747051,2.851008,0.03085823,0.07715879,-0.1430114,0.9867088,31,5.7,-9.697433,84.65467,32,-5.7,-28.0251,215.0626
44.90692,NaN,NaN,NaN,-2.641469,2.859811,0.02196761,-0.08327873,-0.01822773,0.05516267,-0.9948314,-2.661602,2.852652,0.02764472,0.08379427,-0.1407526,0.9864923,31,5.7,-9.372316,82.34135,32,-5.7,-27.69998,212.7493
44.92401,NaN,NaN,NaN,-2.594899,2.862,0.02074666,-0.08242853,-0.01922795,0.05402853,-0.9949456,-2.620207,2.852652,0.02764472,0.08379427,-0.1407526,0.9864923,31,5.7,-9.146205,80.73248,32,-5.7,-27.47387,211.1404
44.94867,23.14399,-39.2679,290.4045,-2.498476,2.867264,0.01861824,-0.08002918,-0.02078379,0.05157117,-0.9952406,-2.524249,2.8555,0.02450036,0.08714687,-0.1430142,0.9858764,31,5.7,-8.820415,78.41436,32,-5.7,-27.14808,208.8223
44.96582,23.19116,-39.2705,290.4224,-2.447192,2.870131,0.0175029,-0.07858976,-0.02148692,0.0505918,-0.9953907,-2.478664,2.8555,0.02450036,0.08714687,-0.1430142,0.9858764,31,5.7,-8.594039,76.80361,32,-5.7,-26.92171,207.2115
44.99036,NaN,NaN,NaN,-2.340139,2.876721,0.01540976,-0.07717101,-0.02295202,0.04942459,-0.9955276,-2.371993,2.859762,0.02153327,0.09140606,-0.1447337,0.9852396,31,5.7,-8.26942,74.49382,32,-5.7,-26.59709,204.9017
45.00751,NaN,NaN,NaN,-2.284849,2.880007,0.01427024,-0.07629558,-0.02359249,0.04862644,-0.9956194,-2.310025,2.865574,0.01881023,0.09652982,-0.1419653,0.9851537,31,5.7,-8.04221,72.87714,32,-5.7,-26.36988,203.2851
45.03229,NaN,NaN,NaN,-2.171766,2.886863,0.01200744,-0.07508956,-0.02461669,0.04699797,-0.9957644,-2.195848,2.872678,0.01621419,0.1001393,-0.1400678,0.985065,31,5.7,-7.714841,70.54779,32,-5.7,-26.04251,200.9557
45.04938,NaN,NaN,NaN,-2.112714,2.890788,0.01090344,-0.0746026,-0.02461795,0.04519878,-0.9958843,-2.143357,2.872678,0.01621419,0.1001393,-0.1400678,0.985065,31,5.7,-7.488521,68.93744,32,-5.7,-25.81619,199.3454
45.07397,NaN,NaN,NaN,-1.992968,2.898161,0.008505535,-0.07339423,-0.02445094,0.04220636,-0.9961094,-2.022381,2.880631,0.01359707,0.101908,-0.1407713,0.9847834,31,5.7,-7.163777,66.62677,32,-5.7,-25.49145,197.0347
45.09119,NaN,NaN,NaN,-1.93024,2.901934,0.007242005,-0.07292247,-0.02408126,0.04039424,-0.9962283,-1.966622,2.880631,0.01359707,0.101908,-0.1407713,0.9847834,31,5.7,-6.936161,65.00719,32,-5.7,-25.26383,195.4151
45.11566,NaN,NaN,NaN,-1.802395,2.909338,0.004665753,-0.07200053,-0.02371521,0.03696696,-0.9964372,-1.837615,2.889299,0.01093775,0.1007694,-0.14323,0.9845459,31,5.7,-6.612667,62.70541,32,-5.7,-24.94034,193.1133
45.133,NaN,NaN,NaN,-1.736113,2.913058,0.003370091,-0.071073,-0.02373655,0.03488041,-0.9965785,-1.762595,2.898213,0.00807856,0.1010996,-0.1416895,0.984735,31,5.7,-6.383246,61.07301,32,-5.7,-24.71092,191.4809
45.15759,NaN,NaN,NaN,-1.601539,2.920048,0.0009030247,-0.06846459,-0.02351036,0.03086817,-0.9968987,-1.642973,2.898213,0.00807856,0.1010996,-0.1416895,0.984735,31,5.7,-6.058236,58.76043,32,-5.7,-24.38591,189.1684
45.17474,NaN,NaN,NaN,-1.531892,2.923376,-0.0002747791,-0.06673238,-0.02344374,0.02931997,-0.9970645,-1.564236,2.907047,0.005027011,0.1068953,-0.1383862,0.9845927,31,5.7,-5.831121,57.14443,32,-5.7,-24.15879,187.5523
45.19922,NaN,NaN,NaN,-1.391759,2.929718,-0.002594741,-0.06416488,-0.02324911,0.02666168,-0.9973121,-1.422069,2.915617,0.002010405,0.1064805,-0.1430556,0.98397,31,5.7,-5.507946,54.84491,32,-5.7,-23.83562,185.2528
45.21667,NaN,NaN,NaN,-1.320243,2.932252,-0.003678444,-0.06317002,-0.0229557,0.02537332,-0.9974161,-1.358499,2.915617,0.002010405,0.1064805,-0.1430556,0.98397,31,5.7,-5.277144,53.20268,32,-5.7,-23.60481,183.6106
45.24084,NaN,NaN,NaN,-1.176338,2.937074,-0.005672987,-0.06106697,-0.02208976,0.02246956,-0.9976362,-1.212312,2.923335,-0.0008600354,0.1105801,-0.1367684,0.9844118,31,5.7,-4.957736,50.92997,32,-5.7,-23.28541,181.3379
45.25854,NaN,NaN,NaN,-1.103546,2.938923,-0.006594189,-0.06039388,-0.02157062,0.02150676,-0.9977098,-1.147609,2.923335,-0.0008600354,0.1105801,-0.1367684,0.9844118,31,5.7,-4.723181,49.26102,32,-5.7,-23.05085,179.6689
45.28259,20.90235,-20.29825,179.1158,-0.9559365,2.942687,-0.008143056,-0.05896514,-0.02027577,0.01951217,-0.9978634,-0.9976071,2.930409,-0.003525034,0.1203677,-0.1276707,0.9844856,31,5.7,-4.405723,47.00219,32,-5.7,-22.73339,177.4101
45.30078,NaN,NaN,NaN,-0.8820584,2.944013,-0.00884294,-0.05856616,-0.01958106,0.01887816,-0.997913,-0.9127516,2.936214,-0.005898297,0.1188632,-0.1226452,0.9853069,31,5.7,-4.165361,45.29193,32,-5.7,-22.49303,175.6998
45.3244,NaN,NaN,NaN,-0.7338157,2.945867,-0.01009283,-0.05851815,-0.01807427,0.01797974,-0.9979607,-0.7809801,2.936214,-0.005898297,0.1188632,-0.1226452,0.9853069,31,5.7,-3.853002,43.06938,32,-5.7,-22.18067,173.4773
45.34216,NaN,NaN,NaN,-0.659505,2.946311,-0.01054091,-0.05828926,-0.01731723,0.01799521,-0.9979873,-0.6954154,2.940752,-0.007927522,0.1090193,-0.1195318,0.9868267,31,5.7,-3.61808,41.39782,32,-5.7,-21.94575,171.8057
45.36615,NaN,NaN,NaN,-0.5126893,2.945958,-0.01120136,-0.05769337,-0.01582795,0.0180903,-0.998045,-0.5452245,2.943758,-0.009619206,0.1032043,-0.1174778,0.9876983,31,5.7,-3.300597,39.13881,32,-5.7,-21.62827,169.5467
45.38403,NaN,NaN,NaN,-0.4394716,2.945708,-0.01121804,-0.05759955,-0.01485145,0.01771076,-0.9980722,-0.4801421,2.943758,-0.009619206,0.1032043,-0.1174778,0.9876983,31,5.7,-3.06462,37.45975,32,-5.7,-21.39229,167.8677
45.40784,NaN,NaN,NaN,-0.2953242,2.944237,-0.01107518,-0.05688774,-0.01278321,0.01735323,-0.998148,-0.3323615,2.944946,-0.01069936,0.1001975,-0.1046424,0.9894496,31,5.7,-2.749487,35.21746,32,-5.7,-21.07716,165.6254
45.42615,NaN,NaN,NaN,-0.2241633,2.942629,-0.01087162,-0.05688896,-0.01161058,0.01719104,-0.998165,-0.2691074,2.944946,-0.01069936,0.1001975,-0.1046424,0.9894496,31,5.7,-2.50779,33.4977,32,-5.7,-20.83546,163.9056
45.44971,NaN,NaN,NaN,-0.08348978,2.939548,-0.01002166,-0.05770302,-0.009416793,0.0170027,-0.9981446,-0.1245818,2.944567,-0.0111638,0.1099203,-0.09146819,0.9897227,31,5.7,-2.196106,31.27995,32,-5.7,-20.52378,161.6879
45.46771,NaN,NaN,NaN,-0.01322787,2.938419,-0.00911162,-0.0560306,-0.007897248,0.01624662,-0.9982657,-0.04291461,2.942394,-0.0110638,0.1070558,-0.09104949,0.9900752,31,5.7,-1.957865,29.58478,32,-5.7,-20.28553,159.9927
45.49146,NaN,NaN,NaN,0.1226558,2.934991,-0.007092508,-0.0535836,-0.004873654,0.01596406,-0.9984239,0.07787083,2.942394,-0.0110638,0.1070558,-0.09104949,0.9900752,31,5.7,-1.643976,27.35134,32,-5.7,-19.97165,157.7593
45.50916,NaN,NaN,NaN,0.1893229,2.933012,-0.005895748,-0.05238541,-0.003159897,0.0164001,-0.9984873,0.1559671,2.939219,-0.01009797,0.112699,-0.08918707,0.9896184,31,5.7,-1.410254,25.68832,32,-5.7,-19.73792,156.0963
45.53326,NaN,NaN,NaN,0.3203546,2.928329,-0.003441089,-0.05204259,0.0001537446,0.01703006,-0.9984996,0.2907903,2.935486,-0.008139789,0.1138805,-0.09203632,0.9892222,31,5.7,-1.091551,23.42064,32,-5.7,-19.41922,153.8286
45.55103,NaN,NaN,NaN,0.3850174,2.926355,-0.002001768,-0.05308509,0.001747361,0.01667785,-0.9984492,0.3482683,2.935486,-0.008139789,0.1138805,-0.09203632,0.9892222,31,5.7,-0.856392,21.74739,32,-5.7,-19.18406,152.1553
45.57501,NaN,NaN,NaN,0.5101649,2.920887,0.0004294744,-0.05466674,0.004771011,0.01594207,-0.9983661,0.4773204,2.930886,-0.005486265,0.1214898,-0.09770892,0.9877719,31,5.7,-0.5395573,19.49299,32,-5.7,-18.86723,149.9009
45.59277,NaN,NaN,NaN,0.5687909,2.917287,0.001277073,-0.05787688,0.006142864,0.01651238,-0.9981683,0.5294324,2.930886,-0.005486265,0.1214898,-0.09770892,0.9877719,31,5.7,-0.3041439,17.81794,32,-5.7,-18.63181,148.2259
45.61682,NaN,NaN,NaN,0.682269,2.911711,0.003507882,-0.06327752,0.008768326,0.01902098,-0.9977762,0.6474773,2.925499,-0.002518579,0.1316786,-0.1012719,0.9861059,31,5.7,0.0135977,15.55709,32,-5.7,-18.31407,145.965
45.63452,21.51309,-13.09937,144.6667,0.7353916,2.909588,0.004808317,-0.06498197,0.009946385,0.02011428,-0.9976342,0.7112433,2.918925,0.0003134012,0.1414808,-0.1089462,0.9839278,31,5.7,0.2472627,13.89448,32,-5.7,-18.08041,144.3024
45.65869,21.38537,-12.93319,143.1658,0.8344976,2.905463,0.007293191,-0.06692223,0.01224474,0.02156699,-0.9974499,0.7993375,2.918925,0.0003134012,0.1414808,-0.1089462,0.9839278,31,5.7,0.5672823,11.61742,32,-5.7,-17.76039,142.0254
45.67621,NaN,NaN,NaN,0.8801443,2.903008,0.008419936,-0.06721897,0.01344139,0.0210725,-0.9974252,0.8552873,2.912332,0.003076121,0.1348637,-0.1180556,0.9838063,31,5.7,0.7989323,9.969147,32,-5.7,-17.52874,140.3771
45.70044,NaN,NaN,NaN,0.9642726,2.897636,0.0103673,-0.06868078,0.01486771,0.02044808,-0.9973183,0.943979,2.90652,0.005960271,0.01630337,-0.1160776,0.9931064,31,5.7,1.118975,7.691927,32,-5.7,-17.2087,138.0999
45.71802,NaN,NaN,NaN,1.002344,2.895742,0.01134678,-0.069458,0.01539379,0.01912009,-0.9972829,0.9778201,2.90652,0.005960271,0.01630337,-0.1160776,0.9931064,31,5.7,1.351322,6.038688,32,-5.7,-16.97635,136.4466
45.74219,NaN,NaN,NaN,1.073251,2.891113,0.01279726,-0.07136642,0.0173395,0.01621158,-0.9971677,1.053235,2.900757,0.008659557,-0.005917941,-0.1120568,0.9936842,31,5.7,1.671097,3.763374,32,-5.7,-16.65657,134.1713
45.76013,NaN,NaN,NaN,1.104477,2.888959,0.01327894,-0.07320201,0.01858806,0.01389644,-0.9970471,1.080991,2.900757,0.008659557,-0.005917941,-0.1120568,0.9936842,31,5.7,1.908298,2.075602,32,-5.7,-16.41937,132.4835
45.78394,NaN,NaN,NaN,1.161991,2.886052,0.0147311,-0.07352465,0.02101775,0.009785932,-0.9970239,1.143033,2.895209,0.01094811,-0.009948337,-0.1129022,0.9935563,32,-5.7,-16.10459,130.2437,33,0.7,-34.19687,258.9772
45.80157,NaN,NaN,NaN,1.186237,2.883862,0.01514278,-0.0729079,0.02236792,0.008456952,-0.997052,1.173987,2.890013,0.01275077,-0.00927394,-0.1209626,0.9926138,32,-5.7,-15.87135,128.5841,33,0.7,-33.96362,257.3175
45.82593,NaN,NaN,NaN,1.229069,2.880396,0.01592644,-0.07348095,0.02519801,0.006955435,-0.996954,1.212061,2.890013,0.01275077,-0.00927394,-0.1209626,0.9926138,32,-5.7,-15.54906,126.2909,33,0.7,-33.64133,255.0243
45.84326,NaN,NaN,NaN,1.24569,2.878762,0.01611182,-0.07397483,0.02675802,0.006649303,-0.9968789,1.234816,2.885442,0.01428725,-0.01452344,-0.1207661,0.9925748,32,-5.7,-15.32051,124.6647,33,0.7,-33.41278,253.3981
45.86761,NaN,NaN,NaN,1.27244,2.876056,0.01657209,-0.07464901,0.02997353,0.004945481,-0.9967471,1.265017,2.88117,0.01538809,-0.02356029,-0.128563,0.9914215,32,-5.7,-14.99857,122.374,33,0.7,-33.09084,251.1074
45.88495,NaN,NaN,NaN,1.281178,2.875029,0.01691975,-0.0730453,0.03138294,0.003361855,-0.9968291,1.272783,2.88117,0.01538809,-0.02356029,-0.128563,0.9914215,32,-5.7,-14.76879,120.739,33,0.7,-32.86106,249.4724
45.90924,NaN,NaN,NaN,1.29381,2.872449,0.01726972,-0.0708005,0.03400426,-0.000414157,-0.9969106,1.288794,2.877379,0.01611656,-0.03047609,-0.1367952,0.9901304,32,-5.7,-14.44829,118.4585,33,0.7,-32.54056,247.1919
45.9267,NaN,NaN,NaN,1.295635,2.871536,0.01742694,-0.07018402,0.03485579,-0.002682772,-0.9969213,1.290416,2.877379,0.01611656,-0.03047609,-0.1367952,0.9901304,32,-5.7,-14.21704,116.8131,33,0.7,-32.30932,245.5466
45.95081,NaN,NaN,NaN,1.294232,2.870089,0.01789233,-0.06802742,0.03616863,-0.00649223,-0.9970065,1.292312,2.874212,0.01671453,-0.03249529,-0.1363095,0.9901332,32,-5.7,-13.89818,114.5443,33,0.7,-31.99046,243.2777
45.9682,NaN,NaN,NaN,1.28968,2.869367,0.01814076,-0.06644396,0.03673789,-0.008651528,-0.9970762,1.289875,2.871547,0.01720108,-0.03300909,-0.1373321,0.9899749,32,-5.7,-13.66811,112.9073,33,0.7,-31.76039,241.6407
45.99268,NaN,NaN,NaN,1.276866,2.867302,0.01844058,-0.06405538,0.03817188,-0.01275864,-0.9971344,1.278484,2.871547,0.01720108,-0.03300909,-0.1373321,0.9899749,32,-5.7,-13.34513,110.6091,33,0.7,-31.43741,239.3426
46.01001,NaN,NaN,NaN,1.266558,2.866266,0.0185231,-0.06370978,0.03871822,-0.01466258,-0.9971094,1.269545,2.869386,0.01771076,-0.0364908,-0.1324553,0.9905171,32,-5.7,-13.11561,108.9761,33,0.7,-31.20789,237.7095
46.03442,NaN,NaN,NaN,1.241387,2.864909,0.01895635,-0.06311661,0.03952666,-0.01757926,-0.9970682,1.24717,2.869386,0.01771076,-0.0364908,-0.1324553,0.9905171,32,-5.7,-12.79314,106.6816,33,0.7,-30.88542,235.415
46.052,NaN,NaN,NaN,1.223874,2.86426,0.01927858,-0.06297948,0.03988026,-0.01833214,-0.9970492,1.230483,2.867248,0.01815741,-0.03872123,-0.1339248,0.9902347,32,-5.7,-12.56062,105.0271,33,0.7,-30.6529,233.7605
46.07611,NaN,NaN,NaN,1.185064,2.862546,0.01973573,-0.06331167,0.04031077,-0.01935532,-0.9969915,1.193428,2.865225,0.01870036,-0.04282079,-0.1323187,0.9902818,32,-5.7,-12.24166,102.7575,33,0.7,-30.33393,231.491
46.09375,NaN,NaN,NaN,1.161835,2.861919,0.01992058,-0.06372397,0.04077017,-0.02063392,-0.9969209,1.17278,2.865225,0.01870036,-0.04282079,-0.1323187,0.9902818,32,-5.7,-12.00874,101.1003,33,0.7,-30.10102,229.8337
46.11804,NaN,NaN,NaN,1.110762,2.860571,0.02023068,-0.06492405,0.04154351,-0.02241549,-0.9967731,1.123581,2.86335,0.01922983,-0.04439432,-0.1312614,0.9903533,32,-5.7,-11.68736,98.81348,33,0.7,-29.77964,227.5469
46.13556,NaN,NaN,NaN,1.080098,2.860325,0.02045066,-0.06549868,0.04151287,-0.02229752,-0.9967394,1.091273,2.861539,0.01967233,-0.04818835,-0.1315619,0.990136,32,-5.7,-11.45582,97.16604,33,0.7,-29.5481,225.8995
46.15979,NaN,NaN,NaN,1.013374,2.859895,0.02084571,-0.06586253,0.04096817,-0.0209406,-0.9967674,1.031963,2.861539,0.01967233,-0.04818835,-0.1315619,0.990136,32,-5.7,-11.13518,94.88452,33,0.7,-29.22746,223.618
46.17737,NaN,NaN,NaN,0.9745648,2.859745,0.02101513,-0.0658797,0.04084305,-0.02047418,-0.9967811,0.9909545,2.860025,0.02009466,-0.04976566,-0.1333687,0.9898162,32,-5.7,-10.90273,93.2306,33,0.7,-28.99501,221.9641
46.20142,NaN,NaN,NaN,0.8908322,2.860502,0.02167227,-0.06564897,0.04119744,-0.02047976,-0.9967816,0.9084032,2.859034,0.02055281,-0.05074685,-0.1346243,0.9895964,32,-5.7,-10.58469,90.9676,33,0.7,-28.67697,219.701
46.21924,NaN,NaN,NaN,0.8440464,2.861741,0.0221695,-0.06454439,0.04161295,-0.02064232,-0.9968331,0.8668158,2.859034,0.02055281,-0.05074685,-0.1346243,0.9895964,32,-5.7,-10.34959,89.29479,33,0.7,-28.44187,218.0282
46.24323,NaN,NaN,NaN,0.7461991,2.863609,0.02272686,-0.06527627,0.0417688,-0.01990434,-0.996794,0.7700537,2.859043,0.02112107,-0.05126401,-0.1321958,0.9898971,32,-5.7,-10.03221,87.0365,33,0.7,-28.12449,215.7699
46.26129,NaN,NaN,NaN,0.6927762,2.864783,0.02294269,-0.06691913,0.04129191,-0.0190394,-0.9967219,0.7225667,2.859043,0.02112107,-0.05126401,-0.1321958,0.9898971,32,-5.7,-9.793269,85.33635,33,0.7,-27.88555,214.0698
46.28491,NaN,NaN,NaN,0.5810905,2.868063,0.02338839,-0.0687176,0.04069372,-0.01847482,-0.9966347,0.6118228,2.860424,0.02188975,-0.05333595,-0.1260125,0.9905938,32,-5.7,-9.481076,83.11498,33,0.7,-27.57335,211.8484
46.30237,-21.16368,-48.20077,398.7822,0.5210491,2.8701,0.02372199,-0.06861183,0.04038981,-0.01843891,-0.996655,0.5454048,2.862815,0.02259935,-0.05392203,-0.126834,0.9904572,32,-5.7,-9.250168,81.47198,33,0.7,-27.34245,210.2054
46.3269,-21.26627,-48.18112,398.6287,0.3962405,2.874525,0.02421271,-0.06887298,0.03962319,-0.01871552,-0.9966626,0.4344638,2.862815,0.02259935,-0.05392203,-0.126834,0.9904572,32,-5.7,-8.925858,79.1644,33,0.7,-27.01814,207.8978
46.3443,-21.77251,-48.75568,395.2338,0.33084,2.877009,0.02434811,-0.06956881,0.03921273,-0.01834388,-0.9966374,0.3618038,2.866355,0.02324435,-0.05544919,-0.1293196,0.9900514,32,-5.7,-8.695964,77.52863,33,0.7,-26.78824,206.2621
46.36847,-21.56451,-49.21973,394.2698,0.1974278,2.882033,0.02450021,-0.07244346,0.03839172,-0.01702083,-0.996488,0.2273406,2.871038,0.02382503,-0.05471642,-0.1307929,0.9898987,32,-5.7,-8.376152,75.25304,33,0.7,-26.46843,203.9865
46.38623,-21.50954,-48.93991,392.152,0.127584,2.884634,0.02450872,-0.07417838,0.03793661,-0.01572883,-0.996399,0.1652572,2.871038,0.02382503,-0.05471642,-0.1307929,0.9898987,32,-5.7,-8.141499,73.5834,33,0.7,-26.23378,202.3168
46.41028,-22.1876,-49.54118,388.8753,-0.01482586,2.890241,0.02443765,-0.07666866,0.03742698,-0.01394679,-0.9962564,0.0216548,2.876605,0.02422372,-0.05651264,-0.1333798,0.9894524,32,-5.7,-7.823768,71.32262,33,0.7,-25.91605,200.0561
46.42816,-22.254,-49.54217,388.8827,-0.08905163,2.893162,0.02438042,-0.07727832,0.03729466,-0.01290327,-0.9962282,-0.04432367,2.876605,0.02422372,-0.05651264,-0.1333798,0.9894524,32,-5.7,-7.587111,69.63872,33,0.7,-25.67939,198.3722
46.45209,-22.97709,-49.6326,384.9287,-0.2391567,2.899102,0.02437998,-0.07816201,0.03689117,-0.01025015,-0.9962052,-0.1958399,2.882682,0.02430975,-0.05854288,-0.1349529,0.9891211,32,-5.7,-7.27109,67.39011,33,0.7,-25.36337,196.1236
46.46942,NaN,NaN,NaN,-0.3157006,2.902228,0.02448044,-0.07772382,0.03660444,-0.00882746,-0.9962636,-0.2828284,2.889327,0.02430341,-0.06011315,-0.1393956,0.9884105,32,-5.7,-7.041181,65.75423,33,0.7,-25.13346,194.4877
46.49426,NaN,NaN,NaN,-0.4693271,2.907379,0.02443563,-0.07721063,0.03572562,-0.006437105,-0.9963537,-0.4193852,2.889327,0.02430341,-0.06011315,-0.1393956,0.9884105,32,-5.7,-6.712756,63.41736,33,0.7,-24.80503,192.1508
46.51123,NaN,NaN,NaN,-0.546992,2.909851,0.02446312,-0.0778758,0.03479609,-0.005671728,-0.9963395,-0.5081426,2.896366,0.0243187,-0.05990798,-0.1410398,0.9881896,32,-5.7,-6.489037,61.82552,33,0.7,-24.58132,190.559
46.53558,NaN,NaN,NaN,-0.7036198,2.914787,0.02460249,-0.07776388,0.03276677,-0.00351672,-0.996427,-0.6676129,2.903153,0.02432676,-0.06032976,-0.1416886,0.9880713,32,-5.7,-6.166963,59.53385,33,0.7,-24.25924,188.2673
46.55304,NaN,NaN,NaN,-0.7831644,2.916717,0.02472925,-0.07753165,0.03160849,-0.001897304,-0.996487,-0.7383192,2.903153,0.02432676,-0.06032976,-0.1416886,0.9880713,32,-5.7,-5.936167,57.89165,33,0.7,-24.02845,186.6251
46.57745,-23.23033,-49.00662,375.0792,-0.9428793,2.920092,0.02502362,-0.07693256,0.0289558,0.001286173,-0.9966149,-0.9008859,2.909349,0.02436048,-0.05887188,-0.1368771,0.9888371,32,-5.7,-5.612803,55.59079,33,0.7,-23.70508,184.3242
46.59528,-23.1428,-48.63794,372.4157,-1.022799,2.921268,0.02518666,-0.07727575,0.02772949,0.001850015,-0.9966224,-0.9719256,2.909349,0.02436048,-0.05887188,-0.1368771,0.9888371,32,-5.7,-5.377636,53.91749,33,0.7,-23.46992,182.6509
46.61938,-22.36495,-47.23792,369.2134,-1.182502,2.923321,0.02570147,-0.07783779,0.02535963,0.003897715,-0.9966359,-1.134847,2.914687,0.02459863,-0.05688908,-0.1343911,0.9892941,32,-5.7,-5.058574,51.64724,33,0.7,-23.15085,180.3807
46.6366,NaN,NaN,NaN,-1.262921,2.923992,0.02599412,-0.07852557,0.02414984,0.004975481,-0.9966072,-1.227503,2.918774,0.02496317,-0.06479878,-0.1360836,0.9885759,32,-5.7,-4.830881,50.02712,33,0.7,-22.92316,178.7606
46.66125,NaN,NaN,NaN,-1.42356,2.924935,0.02656711,-0.07962283,0.02164888,0.006626649,-0.996568,-1.370293,2.918774,0.02496317,-0.06479878,-0.1360836,0.9885759,32,-5.7,-4.50513,47.70929,33,0.7,-22.59741,176.4427
46.67828,-23.50345,-45.63271,363.5418,-1.503683,2.925035,0.02696183,-0.07998115,0.02067712,0.006775776,-0.9965588,-1.462859,2.921509,0.02535845,-0.05998966,-0.1321539,0.9894122,32,-5.7,-4.280318,46.10967,33,0.7,-22.3726,174.8431
46.70276,-23.89423,-43.54641,362.0564,-1.661576,2.924787,0.02782403,-0.08135801,0.01863719,0.007610437,-0.9964817,-1.62455,2.92317,0.02600615,-0.06089949,-0.1270774,0.9900215,32,-5.7,-3.956345,43.80448,33,0.7,-22.04862,172.5379
46.72028,-23.81697,-43.2402,359.6708,-1.739742,2.924747,0.02828375,-0.08217387,0.01727536,0.008720281,-0.9964301,-1.694031,2.92317,0.02600615,-0.06089949,-0.1270774,0.9900215,32,-5.7,-3.724754,42.15662,33,0.7,-21.81703,170.8901
46.74463,NaN,NaN,NaN,-1.893381,2.924336,0.02939982,-0.0830051,0.01415298,0.01004095,-0.9963981,-1.851769,2.923818,0.02688643,-0.06716292,-0.1153533,0.9910513,32,-5.7,-3.402891,39.86645,33,0.7,-21.49517,168.5999
46.76257,NaN,NaN,NaN,-1.969494,2.923283,0.02990818,-0.08306815,0.01306874,0.009564237,-0.9964123,-1.919425,2.923818,0.02688643,-0.06716292,-0.1153533,0.9910513,32,-5.7,-3.165728,38.17895,33,0.7,-21.25801,166.9124
46.7865,-22.88285,-26.74469,274.9643,-2.118985,2.922678,0.03168105,-0.08211783,0.010557,0.00834237,-0.9965318,-2.073179,2.923769,0.02790339,-0.07504001,-0.106985,0.9914249,32,-5.7,-2.849382,35.92804,33,0.7,-20.94166,164.6615
46.80371,-22.02883,-26.8916,273.0961,-2.19235,2.921796,0.03251914,-0.08126695,0.009068279,0.008388698,-0.9966159,-2.158966,2.922976,0.02927455,-0.07214718,-0.1082563,0.9915016,32,-5.7,-2.621419,34.30599,33,0.7,-20.7137,163.0394
46.82867,-22.03605,-26.71227,271.4536,-2.334925,2.920341,0.03416294,-0.08222003,0.006106596,0.008365253,-0.9965604,-2.285699,2.922976,0.02927455,-0.07214718,-0.1082563,0.9915016,32,-5.7,-2.291576,31.95903,33,0.7,-20.38385,160.6925
46.8454,NaN,NaN,NaN,-2.404227,2.919519,0.03505316,-0.08252606,0.00467839,0.008158975,-0.9965446,-2.367361,2.921808,0.03110828,-0.06637431,-0.1149654,0.9911495,32,-5.7,-2.070915,30.38895,33,0.7,-20.16319,159.1224
46.86987,-22.356,-28.0819,266.9005,-2.539696,2.916607,0.03639643,-0.08346675,0.002012919,0.007647919,-0.9964792,-2.507188,2.920192,0.03303742,-0.07367938,-0.1150807,0.99062,32,-5.7,-1.746579,28.08118,33,0.7,-19.83886,156.8146
46.88708,-22.41191,-28.07794,266.8665,-2.60544,2.915087,0.0369424,-0.08501896,0.0004332969,0.007793294,-0.9963488,-2.565627,2.920192,0.03303742,-0.07367938,-0.1150807,0.99062,32,-5.7,-1.519096,26.46256,33,0.7,-19.61138,155.196
46.91162,-24.11775,-26.61224,263.6263,-2.733078,2.91135,0.03783236,-0.08746016,-0.003364513,0.008588556,-0.9961253,-2.697743,2.917896,0.03489786,-0.08049493,-0.1109722,0.9905583,32,-5.7,-1.194926,24.15596,33,0.7,-19.2872,152.8894
46.92975,-23.96688,-26.32948,261.1022,-2.7941,2.909012,0.03819301,-0.088665,-0.004775893,0.00823475,-0.9960161,-2.751985,2.917896,0.03489786,-0.08049493,-0.1109722,0.9905583,32,-5.7,-0.9552114,22.45031,33,0.7,-19.04749,151.1838
46.95349,NaN,NaN,NaN,-2.912456,2.904393,0.03890259,-0.08977678,-0.006986987,0.007983773,-0.9959055,-2.875074,2.914616,0.03645249,-0.08536734,-0.114712,0.989724,32,-5.7,-0.6414775,20.21797,33,0.7,-18.73376,148.9514
46.97083,NaN,NaN,NaN,-2.969454,2.901848,0.03904314,-0.09011899,-0.007995228,0.008372974,-0.9958638,-2.942735,2.910168,0.03763379,-0.09190405,-0.1173965,0.9888234,32,-5.7,-0.4121929,18.58653,33,0.7,-18.50447,147.32
46.99585,NaN,NaN,NaN,-3.077946,2.896826,0.03932717,-0.09129976,-0.01121142,0.0102978,-0.9957071,-3.039173,2.910168,0.03763379,-0.09190405,-0.1173965,0.9888234,32,-5.7,-0.08127102,16.2319,33,0.7,-18.17355,144.9654
47.01257,NaN,NaN,NaN,-3.127825,2.894326,0.03953857,-0.09095084,-0.01288382,0.01073394,-0.9957142,-3.09958,2.904899,0.03845816,-0.09308956,-0.1226858,0.9880701,32,-5.7,0.1397158,14.65949,33,0.7,-17.95256,143.393
47.03693,NaN,NaN,NaN,-3.224572,2.888756,0.03968859,-0.09022103,-0.01554716,0.01120026,-0.9957374,-3.200621,2.899008,0.03901003,-0.09576274,-0.1223317,0.9878585,32,-5.7,0.4617902,12.36782,33,0.7,-17.63049,141.1013
47.05438,NaN,NaN,NaN,-3.270309,2.886341,0.03989856,-0.09033965,-0.01605187,0.01220589,-0.9957069,-3.241276,2.899008,0.03901003,-0.09576274,-0.1223317,0.9878585,32,-5.7,0.6926153,10.72541,33,0.7,-17.39966,139.4589
47.0788,-21.39912,-18.18511,167.8451,-3.356433,2.881342,0.03995934,-0.0899703,-0.01757433,0.01480535,-0.9956794,-3.331792,2.89286,0.03949759,-0.1062244,-0.123925,0.9865896,32,-5.7,1.014929,8.432026,33,0.7,-17.07735,137.1655
47.09686,-21.21632,-17.93078,165.8204,-3.396019,2.878341,0.03962912,-0.09112339,-0.01848956,0.01720629,-0.9955193,-3.36698,2.89286,0.03949759,-0.1062244,-0.123925,0.9865896,32,-5.7,1.254036,6.730691,33,0.7,-16.83824,135.4642
47.12054,-23.14056,-16.56423,163.4923,-3.469101,2.872866,0.03882627,-0.09396982,-0.02010712,0.02114743,-0.9951473,-3.444655,2.886648,0.03977901,-0.1188075,-0.1173295,0.9859608,32,-5.7,1.567227,4.502224,33,0.7,-16.52505,133.2357
47.13788,-22.33639,-18.83309,161.0684,-3.502525,2.870346,0.03813175,-0.09547094,-0.02064575,0.02266517,-0.99496,-3.485826,2.880268,0.03958056,-0.1152404,-0.1327417,0.9844283,32,-5.7,1.796418,2.871445,33,0.7,-16.29586,131.6049
47.16284,-22.18568,-18.5972,159.319,-3.56336,2.864941,0.03632576,-0.09842867,-0.02120239,0.02515035,-0.9946003,-3.539901,2.880268,0.03958056,-0.1152404,-0.1327417,0.9844283,32,-5.7,2.126321,0.5240657,33,0.7,-15.96596,129.2575
47.17999,NaN,NaN,NaN,-3.588094,2.862198,0.03511415,-0.1005222,-0.02146083,0.02617492,-0.9943589,-3.572103,2.873817,0.03871611,0.01952856,-0.133012,0.990922,33,0.7,-15.73878,127.6411,34,-5.7,-33.83131,256.3761
47.20398,NaN,NaN,NaN,-3.631713,2.857632,0.03289191,-0.1030636,-0.02339976,0.02881776,-0.9939818,-3.619705,2.867368,0.03717159,0.0375828,-0.1403424,0.9893895,33,0.7,-15.42151,125.3836,34,-5.7,-33.51404,254.1186
47.2215,NaN,NaN,NaN,-3.64861,2.856015,0.03192904,-0.1028775,-0.02459083,0.02963942,-0.9939483,-3.634725,2.867368,0.03717159,0.0375828,-0.1403424,0.9893895,33,0.7,-15.19016,123.7374,34,-5.7,-33.28268,252.4724
47.24579,NaN,NaN,NaN,-3.67629,2.852906,0.02954404,-0.101716,-0.02652811,0.03172565,-0.9939535,-3.666597,2.861297,0.03505165,0.04071818,-0.1406344,0.989224,33,0.7,-14.86918,121.4536,34,-5.7,-32.96171,250.1886
47.26379,NaN,NaN,NaN,-3.685123,2.851457,0.02821767,-0.101509,-0.02735533,0.03295437,-0.9939123,-3.674449,2.861297,0.03505165,0.04071818,-0.1406344,0.989224,33,0.7,-14.63119,119.7601,34,-5.7,-32.72372,248.4952
47.28748,NaN,NaN,NaN,-3.696687,2.849664,0.02580575,-0.1010238,-0.02964494,0.0366571,-0.9937664,-3.690257,2.856161,0.03239976,0.04146034,-0.1398404,0.9893057,33,0.7,-14.31777,117.53,34,-5.7,-32.41029,246.265
47.30518,NaN,NaN,NaN,-3.698079,2.849056,0.02467654,-0.1004419,-0.0309191,0.03896714,-0.9936987,-3.695306,2.85217,0.02952313,0.04155664,-0.1360846,0.9898252,33,0.7,-14.08423,115.8683,34,-5.7,-32.17676,244.6033
47.32977,NaN,NaN,NaN,-3.696862,2.848563,0.02242609,-0.09947381,-0.03312596,0.04286742,-0.9935643,-3.694225,2.85217,0.02952313,0.04155664,-0.1360846,0.9898252,33,0.7,-13.75856,113.551,34,-5.7,-31.85108,242.286
47.3468,NaN,NaN,NaN,-3.692835,2.848664,0.02134888,-0.09881032,-0.0337894,0.04446244,-0.9935381,-3.692775,2.849433,0.02661519,0.04579876,-0.1350892,0.9897744,33,0.7,-13.53376,111.9516,34,-5.7,-31.62629,240.6866
47.37109,NaN,NaN,NaN,-3.681001,2.848942,0.01934291,-0.09782631,-0.03522051,0.04816722,-0.9934131,-3.682892,2.848004,0.02381951,0.0478131,-0.1332587,0.9899273,33,0.7,-13.21244,109.6652,34,-5.7,-31.30497,238.4002
47.38831,NaN,NaN,NaN,-3.671754,2.849528,0.01866671,-0.09709364,-0.03565215,0.04939376,-0.9934093,-3.674672,2.848004,0.02381951,0.0478131,-0.1332587,0.9899273,33,0.7,-12.98452,108.0435,34,-5.7,-31.07704,236.7785
47.4129,NaN,NaN,NaN,-3.647809,2.851235,0.01729325,-0.09442244,-0.03598996,0.05044138,-0.9936019,-3.652823,2.847873,0.02142903,0.04366152,-0.1300504,0.9905456,33,0.7,-12.65965,105.7319,34,-5.7,-30.75218,234.4669
47.43085,NaN,NaN,NaN,-3.6334,2.852027,0.01659883,-0.0930903,-0.03582631,0.0506336,-0.9937238,-3.640016,2.847873,0.02142903,0.04366152,-0.1300504,0.9905456,33,0.7,-12.42222,104.0425,34,-5.7,-30.51474,232.7775
47.45459,NaN,NaN,NaN,-3.599059,2.853954,0.01518274,-0.09268323,-0.03647234,0.05194675,-0.9936705,-3.607629,2.848486,0.01911089,0.04475198,-0.128812,0.9906588,33,0.7,-12.10841,101.8097,34,-5.7,-30.20094,230.5447
47.47192,NaN,NaN,NaN,-3.578187,2.855509,0.01470044,-0.09282563,-0.03751002,0.0530345,-0.9935611,-3.586048,2.85008,0.01721537,0.04276768,-0.1371366,0.9896284,33,0.7,-11.87908,100.1779,34,-5.7,-29.97161,228.9129
47.49689,NaN,NaN,NaN,-3.533058,2.858447,0.01376025,-0.09117299,-0.03884201,0.05337403,-0.9936448,-3.545933,2.85008,0.01721537,0.04276768,-0.1371366,0.9896284,33,0.7,-11.54946,97.83249,34,-5.7,-29.64198,226.5675
47.51379,NaN,NaN,NaN,-3.507566,2.85999,0.01334615,-0.08985911,-0.03893948,0.05219579,-0.9938232,-3.51911,2.852381,0.01559454,0.03893035,-0.1353747,0.9900294,33,0.7,-11.32535,96.23788,34,-5.7,-29.41788,224.9729
47.53815,NaN,NaN,NaN,-3.452237,2.863648,0.01278924,-0.08733232,-0.039685,0.05112405,-0.9940748,-3.464582,2.855476,0.01430924,0.03469776,-0.137518,0.9898914,33,0.7,-11.00373,93.94939,34,-5.7,-29.09625,222.6844
47.55542,NaN,NaN,NaN,-3.420871,2.866159,0.0126973,-0.08621188,-0.04005543,0.05069416,-0.9941797,-3.436701,2.855476,0.01430924,0.03469776,-0.137518,0.9898914,33,0.7,-10.77521,92.32344,34,-5.7,-28.86774,221.0584
47.58008,NaN,NaN,NaN,-3.354942,2.870882,0.01254874,-0.08372605,-0.04020176,0.04940259,-0.9944512,-3.371629,2.859255,0.01336527,0.0341347,-0.132843,0.9905491,33,0.7,-10.44936,90.00487,34,-5.7,-28.54189,218.7399
47.59772,NaN,NaN,NaN,-3.318717,2.87305,0.01244253,-0.08289444,-0.04024274,0.04954335,-0.9945123,-3.339429,2.859255,0.01336527,0.0341347,-0.132843,0.9905491,33,0.7,-10.2165,88.34798,34,-5.7,-28.30903,217.083
47.6217,NaN,NaN,NaN,-3.24308,2.877994,0.01223594,-0.08172835,-0.04045951,0.04932209,-0.9946109,-3.264646,2.863997,0.01273845,0.03548511,-0.1318844,0.9906297,33,0.7,-9.89912,86.08973,34,-5.7,-27.99165,214.8247
47.63904,NaN,NaN,NaN,-3.202137,2.881482,0.01245598,-0.08038931,-0.04016775,0.04844873,-0.9947748,-3.219398,2.869411,0.01227002,0.0356819,-0.1361068,0.9900514,33,0.7,-9.669734,84.45756,34,-5.7,-27.76226,213.1926
47.6637,NaN,NaN,NaN,-3.119497,2.887345,0.01268007,-0.07812113,-0.03971977,0.04631089,-0.9950753,-3.14594,2.869411,0.01227002,0.0356819,-0.1361068,0.9900514,33,0.7,-9.343969,82.13962,34,-5.7,-27.4365,210.8746
47.68091,NaN,NaN,NaN,-3.0755,2.890501,0.0128708,-0.07716749,-0.03946344,0.04513804,-0.9952137,-3.097216,2.875409,0.01218444,0.03718038,-0.1379601,0.9897397,33,0.7,-9.115938,80.51709,34,-5.7,-27.20847,209.2521
47.70551,NaN,NaN,NaN,-2.985172,2.896662,0.01332674,-0.07529787,-0.03928155,0.04376156,-0.9954256,-3.006392,2.882229,0.01235357,0.03749637,-0.1380778,0.9897114,33,0.7,-8.79136,78.2076,34,-5.7,-26.88389,206.9426
47.72278,NaN,NaN,NaN,-2.938866,2.899602,0.01355973,-0.07454167,-0.03908937,0.0431309,-0.9955176,-2.965232,2.882229,0.01235357,0.03749637,-0.1380778,0.9897114,33,0.7,-8.562959,76.58244,34,-5.7,-26.65549,205.3175
47.74713,NaN,NaN,NaN,-2.842759,2.905867,0.01414694,-0.07379584,-0.03830633,0.03956919,-0.9957516,-2.868442,2.889456,0.0127254,0.03950966,-0.1413981,0.9891641,33,0.7,-8.240818,74.29028,34,-5.7,-26.33335,203.0253
47.76471,NaN,NaN,NaN,-2.792063,2.909116,0.01442595,-0.07367904,-0.03778706,0.03681256,-0.9958857,-2.823379,2.889456,0.0127254,0.03950966,-0.1413981,0.9891641,33,0.7,-8.008204,72.63515,34,-5.7,-26.10073,201.3702
47.7887,NaN,NaN,NaN,-2.689265,2.914635,0.01467984,-0.07435737,-0.03738644,0.03339104,-0.995971,-2.719952,2.896796,0.01328684,0.04351079,-0.1403194,0.9891497,33,0.7,-7.690687,70.3759,34,-5.7,-25.78322,199.1109
47.80627,NaN,NaN,NaN,-2.636739,2.917405,0.01488806,-0.07503647,-0.03762938,0.03177595,-0.9959638,-2.660334,2.904088,0.01379414,0.04564505,-0.1391897,0.9892132,33,0.7,-7.458861,68.72637,34,-5.7,-25.55139,197.4614
47.83063,NaN,NaN,NaN,-2.531026,2.922495,0.01522522,-0.07603234,-0.03784176,0.02872142,-0.995973,-2.566367,2.904088,0.01379414,0.04564505,-0.1391897,0.9892132,33,0.7,-7.13706,66.43664,34,-5.7,-25.22959,195.1717
47.84808,NaN,NaN,NaN,-2.476244,2.924972,0.01537366,-0.07620074,-0.03747701,0.02678778,-0.9960278,-2.50439,2.911234,0.01438718,0.0488332,-0.1437107,0.9884142,33,0.7,-6.905846,64.79147,34,-5.7,-24.99838,193.5265
47.87231,NaN,NaN,NaN,-2.365866,2.929679,0.01594732,-0.07555734,-0.03674086,0.02315925,-0.9961952,-2.392304,2.917847,0.01471062,0.04932306,-0.1411527,0.9887584,33,0.7,-6.585275,62.51048,34,-5.7,-24.67781,191.2455
47.88983,NaN,NaN,NaN,-2.311087,2.931562,0.01636182,-0.07500551,-0.03631367,0.02207661,-0.9962772,-2.343612,2.917847,0.01471062,0.04932306,-0.1411527,0.9887584,33,0.7,-6.353963,60.86462,34,-5.7,-24.4465,189.5997
47.91418,NaN,NaN,NaN,-2.202445,2.934822,0.01732132,-0.07441071,-0.03545697,0.02071652,-0.9963818,-2.232737,2.923882,0.0152137,0.04298127,-0.1390336,0.9893545,33,0.7,-6.031967,58.57349,34,-5.7,-24.1245,187.3085
47.93146,NaN,NaN,NaN,-2.147831,2.935843,0.01783388,-0.07454526,-0.03494719,0.02056379,-0.996393,-2.184191,2.923882,0.0152137,0.04298127,-0.1390336,0.9893545,33,0.7,-5.803864,56.95045,34,-5.7,-23.89639,185.6855
47.95599,NaN,NaN,NaN,-2.040034,2.937534,0.01918275,-0.07475997,-0.03365185,0.0189766,-0.9964529,-2.073889,2.929111,0.01602571,0.04190041,-0.1367497,0.9897191,33,0.7,-5.479457,54.64219,34,-5.7,-23.57199,183.3772
47.97308,NaN,NaN,NaN,-1.98731,2.937729,0.01999386,-0.07495616,-0.03303596,0.01822653,-0.9964728,-2.012475,2.933091,0.01707162,0.04491676,-0.1363176,0.9896464,33,0.7,-5.252889,53.03006,34,-5.7,-23.34542,181.7651
47.99786,NaN,NaN,NaN,-1.884037,2.937534,0.02177094,-0.07592431,-0.03206377,0.0173401,-0.996447,-1.920677,2.933091,0.01707162,0.04491676,-0.1363176,0.9896464,33,0.7,-4.925645,50.70161,34,-5.7,-23.01818,179.4367
48.01489,NaN,NaN,NaN,-1.832835,2.937012,0.02288984,-0.07625018,-0.03135418,0.01689378,-0.9964525,-1.860828,2.935609,0.01855707,0.04418357,-0.1365361,0.9896492,33,0.7,-4.700469,49.09939,34,-5.7,-22.793,177.8344
48.0318,NaN,NaN,NaN,-1.782717,2.935874,0.02401922,-0.07639169,-0.03056522,0.01640274,-0.9964743,-1.816279,2.935609,0.01855707,0.04418357,-0.1365361,0.9896492,33,0.7,-4.476925,47.5088,34,-5.7,-22.56946,176.2439
48.05334,NaN,NaN,NaN,-1.68494,2.933493,0.02666693,-0.07737713,-0.02881611,0.01494625,-0.9964733,-1.715243,2.936515,0.02042119,0.04180863,-0.1337335,0.990135,33,0.7,-4.192053,45.48182,34,-5.7,-22.28459,174.2169
48.07062,NaN,NaN,NaN,-1.637651,2.932129,0.02832459,-0.07685473,-0.0274395,0.01357227,-0.9965723,-1.659576,2.935625,0.0228081,0.03871838,-0.135846,0.9899731,33,0.7,-3.963303,43.85418,34,-5.7,-22.05584,172.5892
48.09576,NaN,NaN,NaN,-1.544275,2.928202,0.03161858,-0.07653213,-0.02458543,0.01166049,-0.9966958,-1.576575,2.935625,0.0228081,0.03871838,-0.135846,0.9899731,33,0.7,-3.630996,41.4897,34,-5.7,-21.72353,170.2247
48.11249,NaN,NaN,NaN,-1.498911,2.925755,0.03344609,-0.07618503,-0.02315271,0.01138231,-0.9967599,-1.523021,2.933197,0.02574071,0.0387073,-0.1321742,0.9904704,33,0.7,-3.409895,39.91648,34,-5.7,-21.50243,168.6515
48.12988,NaN,NaN,NaN,-1.454245,2.923514,0.03558126,-0.07552486,-0.02170095,0.01095092,-0.9968476,-1.483318,2.933197,0.02574071,0.0387073,-0.1321742,0.9904704,33,0.7,-3.179805,38.2793,34,-5.7,-21.27234,167.0144
48.151,NaN,NaN,NaN,-1.367009,2.918186,0.03985679,-0.07454884,-0.01805271,0.00889023,-0.9970143,-1.393044,2.929366,0.02935192,0.03351034,-0.1317075,0.9907221,33,0.7,-2.900779,36.29393,34,-5.7,-20.99331,165.029
48.16821,NaN,NaN,NaN,-1.325001,2.915227,0.04195805,-0.07526737,-0.01630393,0.00834508,-0.9969953,-1.343592,2.924371,0.03378672,0.04790622,-0.1305574,0.9902827,33,0.7,-2.673559,34.67718,34,-5.7,-20.76609,163.4122
48.19269,NaN,NaN,NaN,-1.243696,2.909874,0.04602282,-0.07669939,-0.01293398,0.008345417,-0.9969355,-1.271321,2.924371,0.03378672,0.04790622,-0.1305574,0.9902827,33,0.7,-2.349512,32.37146,34,-5.7,-20.44204,161.1065
48.20984,NaN,NaN,NaN,-1.205718,2.906589,0.04781041,-0.07815827,-0.01134768,0.009486212,-0.9968312,-1.225887,2.918269,0.0386155,0.04148588,-0.1268044,0.9910598,33,0.7,-2.122755,30.75801,34,-5.7,-20.21529,159.4931
48.23444,NaN,NaN,NaN,-1.131734,2.900808,0.05175951,-0.08095342,-0.007710975,0.009921553,-0.9966387,-1.149035,2.911679,0.04361,0.0457214,-0.1368488,0.9895363,33,0.7,-1.797374,28.4428,34,-5.7,-19.88991,157.1779
48.25171,NaN,NaN,NaN,-1.097181,2.897715,0.05363235,-0.0816618,-0.005375471,0.009440365,-0.9966009,-1.118321,2.911679,0.04361,0.0457214,-0.1368488,0.9895363,33,0.7,-1.569127,26.81873,34,-5.7,-19.66166,155.5538
48.27612,NaN,NaN,NaN,-1.028821,2.893335,0.0576783,-0.08263981,-0.001372764,0.007544081,-0.99655,-1.047234,2.904654,0.04831688,0.05295769,-0.1383459,0.9889671,33,0.7,-1.246633,24.52407,34,-5.7,-19.33916,153.2591
48.2937,NaN,NaN,NaN,-0.997039,2.89117,0.05968582,-0.08210976,0.0001341291,0.006405083,-0.9966028,-1.018983,2.904654,0.04831688,0.05295769,-0.1383459,0.9889671,33,0.7,-1.014327,22.87113,34,-5.7,-19.10686,151.6062
48.31805,NaN,NaN,NaN,-0.9341868,2.88659,0.06323746,-0.08297721,0.003467275,0.003395032,-0.9965397,-0.9534566,2.897909,0.05301061,0.04685511,-0.1431409,0.9885926,33,0.7,-0.6922163,20.57919,34,-5.7,-18.78475,149.3143
48.33539,NaN,NaN,NaN,-0.9047325,2.884378,0.06489522,-0.08376849,0.004615029,0.001482408,-0.9964735,-0.9182413,2.892013,0.05773114,0.0415679,-0.1447715,0.9885916,33,0.7,-0.462924,18.94769,34,-5.7,-18.55546,147.6828
48.3598,NaN,NaN,NaN,-0.8470605,2.879849,0.06805218,-0.0859312,0.006760187,-0.002350138,-0.9962754,-0.8669773,2.892013,0.05773114,0.0415679,-0.1447715,0.9885916,33,0.7,-0.1405942,16.6542,34,-5.7,-18.23313,145.3893
48.37695,7.808779,-26.66048,190.0585,-0.8198906,2.87784,0.06954082,-0.08703434,0.00743723,-0.003796494,-0.9961704,-0.8344057,2.886525,0.06213915,0.04490566,-0.1535114,0.987126,33,0.7,0.08619569,15.0405,34,-5.7,-18.00634,143.7756
48.40143,6.19446,-21.31027,151.9897,-0.7720705,2.8738,0.07225323,-0.08895415,0.008559981,-0.004529215,-0.9959887,-0.7839467,2.88124,0.0661701,0.04531558,-0.1570921,0.9865437,33,0.7,0.4104985,12.73297,34,-5.7,-17.68203,141.468
48.41913,6.212103,-21.31029,151.9898,-0.7522277,2.871478,0.07327129,-0.09019042,0.009401036,-0.004435736,-0.9958704,-0.7663086,2.88124,0.0661701,0.04531558,-0.1570921,0.9865437,33,0.7,0.6437469,11.07332,34,-5.7,-17.44879,139.8084
48.4433,7.12765,-25.28069,180.2408,-0.7172052,2.866849,0.07508422,-0.09361222,0.01159616,-0.004284531,-0.995532,-0.7280647,2.876101,0.06970672,0.04303861,-0.1542609,0.9870923,33,0.7,0.9640509,8.794241,34,-5.7,-17.12848,137.5293
48.46118,7.13989,-25.28068,180.2406,-0.7034283,2.864692,0.07600274,-0.09484844,0.01279257,-0.004323686,-0.9954002,-0.7158186,2.876101,0.06970672,0.04303861,-0.1542609,0.9870923,33,0.7,1.200295,7.113274,34,-5.7,-16.89224,135.8483
48.48499,8.631706,-26.41508,188.3123,-0.6827554,2.860559,0.07757375,-0.09564346,0.01501351,-0.004383557,-0.9952928,-0.6913932,2.870947,0.07265723,0.04888056,-0.1535453,0.9869319,33,0.7,1.51447,4.877806,34,-5.7,-16.57806,133.6129
48.50232,6.710815,-23.27847,165.9941,-0.6780196,2.859018,0.078268,-0.09595482,0.01628982,-0.003946684,-0.9952446,-0.6824965,2.865724,0.07502428,0.04397406,-0.1555009,0.9868565,33,0.7,1.743671,3.246958,34,-5.7,-16.34886,131.982
48.52692,6.713157,-23.27848,165.9942,-0.6753911,2.856236,0.07948774,-0.09629212,0.01910834,-0.003664502,-0.995163,-0.68016,2.865724,0.07502428,0.04397406,-0.1555009,0.9868565,33,0.7,2.068977,0.9322853,34,-5.7,-16.02356,129.6673
48.54431,5.40198,-21.8858,156.0847,-0.6780281,2.854746,0.07995512,-0.09663237,0.02070836,-0.004765191,-0.9950933,-0.6794128,2.860888,0.07699449,0.03847148,-0.15655,0.9869205,34,-5.7,-15.79311,128.0276,35,5.7,-34.05395,257.9602
48.56842,8.723862,-40.83267,290.8988,-0.6882756,2.852106,0.08078961,-0.09626903,0.02299797,-0.007308017,-0.9950628,-0.6871591,2.856844,0.07864223,0.0319848,-0.1484856,0.9883972,34,-5.7,-15.47422,125.7586,35,5.7,-33.73505,255.6911
48.58649,8.715592,-40.83267,290.8988,-0.6975804,2.851221,0.08112764,-0.09561372,0.02353943,-0.008407722,-0.9951047,-0.69543,2.856844,0.07864223,0.0319848,-0.1484856,0.9883972,34,-5.7,-15.23562,124.0609,35,5.7,-33.49646,253.9934
48.61029,NaN,NaN,NaN,-0.7215294,2.849969,0.08146669,-0.09605162,0.02444187,-0.009699656,-0.995029,-0.7169845,2.853355,0.07997437,-0.02655304,-0.1420967,0.9894965,34,-5.7,-14.92135,121.8247,35,5.7,-33.18218,251.7573
48.62842,NaN,NaN,NaN,-0.7370363,2.849524,0.08141762,-0.09699503,0.02488262,-0.01042993,-0.9949192,-0.7307684,2.853355,0.07997437,-0.02655304,-0.1420967,0.9894965,34,-5.7,-14.68125,120.1163,35,5.7,-32.94209,250.0489
48.65198,NaN,NaN,NaN,-0.773314,2.848969,0.08133774,-0.09773319,0.02603221,-0.01251391,-0.9947934,-0.7647326,2.85072,0.08082893,-0.05019978,-0.1346448,0.9896215,34,-5.7,-14.36952,117.8983,35,5.7,-32.63036,247.8308
48.66949,NaN,NaN,NaN,-0.7945778,2.849094,0.08132401,-0.09661587,0.02637814,-0.01421008,-0.9948707,-0.7868755,2.849019,0.08124169,-0.05317935,-0.1307962,0.9899819,34,-5.7,-14.13781,116.2496,35,5.7,-32.39865,246.1821
48.69409,NaN,NaN,NaN,-0.8391284,2.849545,0.08094076,-0.09495356,0.02685916,-0.01663514,-0.9949802,-0.826476,2.849019,0.08124169,-0.05317935,-0.1307962,0.9899819,34,-5.7,-13.81274,113.9366,35,5.7,-32.07358,243.8692
48.71124,NaN,NaN,NaN,-0.8647144,2.850027,0.08049552,-0.0955932,0.02674171,-0.01708705,-0.9949145,-0.8536348,2.84819,0.08127005,-0.05487701,-0.136118,0.9891716,34,-5.7,-13.58595,112.3229,35,5.7,-31.84679,242.2555
48.73553,NaN,NaN,NaN,-0.9197887,2.851233,0.07941186,-0.09771129,0.02731345,-0.01768015,-0.9946828,-0.9079986,2.848307,0.08097487,-0.04948261,-0.1420535,0.9886214,34,-5.7,-13.26493,110.0387,35,5.7,-31.52577,239.9713
48.75299,NaN,NaN,NaN,-0.9500572,2.85232,0.07898888,-0.09770641,0.02781106,-0.01803787,-0.9946631,-0.9349039,2.848307,0.08097487,-0.04948261,-0.1420535,0.9886214,34,-5.7,-13.03435,108.398,35,5.7,-31.29518,238.3306
48.7774,NaN,NaN,NaN,-1.014433,2.855016,0.07823756,-0.09465607,0.02854171,-0.01864117,-0.9949262,-0.9985863,2.849222,0.08017074,-0.05705353,-0.1438392,0.987955,34,-5.7,-12.71148,106.1007,35,5.7,-30.97232,236.0332
48.79529,NaN,NaN,NaN,-1.048833,2.85666,0.07785622,-0.0921675,0.0284543,-0.01824578,-0.9951697,-1.029163,2.849222,0.08017074,-0.05705353,-0.1438392,0.987955,34,-5.7,-12.47541,104.421,35,5.7,-30.73625,234.3535
48.8194,NaN,NaN,NaN,-1.122051,2.859779,0.07691887,-0.0894298,0.02769786,-0.01719587,-0.9954594,-1.10181,2.851116,0.07910937,-0.0595133,-0.1403572,0.9883107,34,-5.7,-12.15662,102.1526,35,5.7,-30.41745,232.0852
48.83636,-20.63025,-39.84489,319.895,-1.161562,2.861626,0.07642479,-0.08885696,0.02689575,-0.01591663,-0.995554,-1.145522,2.854077,0.07811854,-0.060279,-0.1320958,0.9894025,34,-5.7,-11.93162,100.5517,35,5.7,-30.19246,230.4843
48.85297,-20.57289,-39.63868,318.3506,-1.202882,2.863597,0.07597719,-0.08853595,0.02614598,-0.01486028,-0.9956189,-1.182251,2.854077,0.07811854,-0.060279,-0.1320958,0.9894025,34,-5.7,-11.71256,98.993,35,5.7,-29.97339,228.9256
48.87482,NaN,NaN,NaN,-1.287777,2.86772,0.07517654,-0.0869741,0.02530798,-0.01305506,-0.9958035,-1.267172,2.857856,0.0770451,-0.04823047,-0.1265753,0.9907838,34,-5.7,-11.42345,96.93586,35,5.7,-29.68428,226.8684
48.89185,NaN,NaN,NaN,-1.333189,2.869873,0.07475774,-0.08639392,0.0246513,-0.01245498,-0.9958782,-1.307538,2.857856,0.0770451,-0.04823047,-0.1265753,0.9907838,34,-5.7,-11.19851,95.33539,35,5.7,-29.45935,225.2679
48.90851,NaN,NaN,NaN,-1.379316,2.872258,0.07441689,-0.08602507,0.0237886,-0.01145858,-0.9959431,-1.359037,2.862285,0.07603058,-0.04604118,-0.1297191,0.9904813,34,-5.7,-10.97793,93.76582,35,5.7,-29.23876,223.6984
48.93054,NaN,NaN,NaN,-1.474905,2.877169,0.07360421,-0.08447891,0.02222403,-0.009848515,-0.9961287,-1.444005,2.862285,0.07603058,-0.04604118,-0.1297191,0.9904813,34,-5.7,-10.68701,91.69581,35,5.7,-28.94784,221.6284
48.94781,NaN,NaN,NaN,-1.524973,2.87967,0.07321599,-0.08395898,0.02158644,-0.008837872,-0.9961962,-1.499917,2.867256,0.07505312,-0.04460442,-0.1275104,0.9908338,34,-5.7,-10.4587,90.0713,35,5.7,-28.71953,220.0039
48.96436,NaN,NaN,NaN,-1.57647,2.882316,0.07290904,-0.08341555,0.02093419,-0.007675928,-0.9962654,-1.545692,2.867256,0.07505312,-0.04460442,-0.1275104,0.9908338,34,-5.7,-10.23964,88.51261,35,5.7,-28.50047,218.4452
48.98657,NaN,NaN,NaN,-1.680226,2.887378,0.07198754,-0.08350719,0.01954176,-0.006281047,-0.9962958,-1.650102,2.872768,0.0740646,-0.04375663,-0.1307793,0.9904454,34,-5.7,-9.945823,86.42202,35,5.7,-28.20666,216.3546
49.00336,NaN,NaN,NaN,-1.734511,2.890578,0.07159389,-0.08402649,0.0183964,-0.005701486,-0.9962775,-1.711365,2.878702,0.07323004,-0.04292367,-0.1282584,0.9908114,34,-5.7,-9.724043,84.84398,35,5.7,-27.98488,214.7765
49.02026,NaN,NaN,NaN,-1.789178,2.893318,0.07096298,-0.08415572,0.01697351,-0.004690439,-0.996297,-1.759957,2.878702,0.07323004,-0.04292367,-0.1282584,0.9908114,34,-5.7,-9.500511,83.25347,35,5.7,-27.76135,213.186
49.04199,NaN,NaN,NaN,-1.900209,2.898495,0.069433,-0.08539133,0.01428435,-0.002940558,-0.9962408,-1.872371,2.885008,0.07216993,-0.04040352,-0.1292761,0.9907851,34,-5.7,-9.212932,81.20724,35,5.7,-27.47377,211.1398
49.0592,NaN,NaN,NaN,-1.957336,2.901354,0.06861894,-0.08635241,0.01304851,-0.002119121,-0.996177,-1.923151,2.885008,0.07216993,-0.04040352,-0.1292761,0.9907851,34,-5.7,-8.985611,79.58977,35,5.7,-27.24644,209.5223
49.07556,NaN,NaN,NaN,-2.016031,2.904152,0.06781818,-0.08653864,0.01166344,-0.000432608,-0.9961801,-1.989596,2.891543,0.07087303,-0.03522616,-0.1308491,0.9907762,34,-5.7,-8.769076,78.04905,35,5.7,-27.02991,207.9816
49.09772,NaN,NaN,NaN,-2.135853,2.909497,0.06605773,-0.08612318,0.009053757,0.002857103,-0.9962393,-2.096104,2.891543,0.07087303,-0.03522616,-0.1308491,0.9907762,34,-5.7,-8.47672,75.96883,35,5.7,-26.73755,205.9013
49.11475,NaN,NaN,NaN,-2.197452,2.91208,0.06515759,-0.08536913,0.00782446,0.004237603,-0.9963098,-2.16572,2.898079,0.0691661,-0.03589724,-0.1354671,0.9901313,34,-5.7,-8.251166,74.36393,35,5.7,-26.512,204.2964
49.13147,NaN,NaN,NaN,-2.260743,2.914556,0.06429011,-0.08476244,0.006899366,0.005140525,-0.9963641,-2.221978,2.898079,0.0691661,-0.03589724,-0.1354671,0.9901313,34,-5.7,-8.030368,72.79286,35,5.7,-26.2912,202.7254
49.15326,NaN,NaN,NaN,-2.389015,2.919434,0.0624845,-0.08408713,0.005456144,0.007204487,-0.9964175,-2.351565,2.904617,0.06722954,-0.0359394,-0.1355311,0.990121,34,-5.7,-7.741875,70.74013,35,5.7,-26.00271,200.6727
49.17053,-21.15829,-46.21318,366.8203,-2.455302,2.92142,0.06147408,-0.08379412,0.005003607,0.009280952,-0.9964274,-2.426781,2.910934,0.06521146,-0.0505568,-0.1325872,0.9898812,34,-5.7,-7.514027,69.1189,35,5.7,-25.77486,199.0514
49.18744,-21.21213,-46.20081,366.7282,-2.521154,2.92357,0.06059726,-0.08341559,0.004615217,0.01130573,-0.9964401,-2.485316,2.910934,0.06521146,-0.0505568,-0.1325872,0.9898812,34,-5.7,-7.290124,67.52576,35,5.7,-25.55096,197.4583
49.20898,NaN,NaN,NaN,-2.654415,2.92655,0.0584854,-0.08246385,0.003651407,0.0144937,-0.996482,-2.620591,2.916733,0.06294912,-0.04703152,-0.130779,0.9902954,34,-5.7,-7.005376,65.49967,35,5.7,-25.26621,195.4322
49.22644,NaN,NaN,NaN,-2.721354,2.927959,0.05755255,-0.08273013,0.002949047,0.01564114,-0.9964449,-2.680092,2.916733,0.06294912,-0.04703152,-0.130779,0.9902954,34,-5.7,-6.774453,63.85657,35,5.7,-25.03529,193.7891
49.25073,NaN,NaN,NaN,-2.855854,2.929959,0.05569772,-0.08209227,0.001889378,0.01603949,-0.9964939,-2.817009,2.921781,0.06065511,-0.04655216,-0.1381401,0.989318,34,-5.7,-6.45316,61.57045,35,5.7,-24.71399,191.503
49.26843,NaN,NaN,NaN,-2.924195,2.930238,0.0547262,-0.08198413,0.001643507,0.01634471,-0.9964983,-2.895447,2.92568,0.05830414,-0.0436364,-0.1371372,0.9895905,34,-5.7,-6.219065,59.90478,35,5.7,-24.4799,189.8373
49.29248,NaN,NaN,NaN,-3.060579,2.931144,0.05323155,-0.08093985,0.001597121,0.0169427,-0.9965737,-3.016677,2.92568,0.05830414,-0.0436364,-0.1371372,0.9895905,34,-5.7,-5.901132,57.64257,35,5.7,-24.16197,187.5751
49.30994,NaN,NaN,NaN,-3.127975,2.931124,0.05258407,-0.07946003,0.001771679,0.01726257,-0.996687,-3.094526,2.928253,0.05606201,-0.04637614,-0.1426101,0.9886919,34,-5.7,-5.670758,56.00337,35,5.7,-23.93159,185.9359
49.33435,NaN,NaN,NaN,-3.260545,2.930944,0.05129252,-0.07792418,0.001644442,0.0172512,-0.9968086,-3.230433,2.929634,0.05405224,-0.04583748,-0.1443786,0.9884603,34,-5.7,-5.34814,53.70783,35,5.7,-23.60898,183.6404
49.35187,NaN,NaN,NaN,-3.325628,2.930878,0.05074162,-0.07721572,0.001385653,0.01698779,-0.9968687,-3.288285,2.929634,0.05405224,-0.04583748,-0.1443786,0.9884603,34,-5.7,-5.115843,52.05495,35,5.7,-23.37668,181.9875
49.37604,NaN,NaN,NaN,-3.456294,2.929847,0.04964568,-0.0770269,0.000699955,0.01723669,-0.9968798,-3.422335,2.930044,0.052293,-0.04598338,-0.1434062,0.9885951,34,-5.7,-4.796834,49.78508,35,5.7,-23.05767,179.7176
49.39368,NaN,NaN,NaN,-3.521708,2.92889,0.04911926,-0.07740434,0.0001575146,0.017936,-0.9968385,-3.480481,2.930044,0.052293,-0.04598338,-0.1434062,0.9885951,34,-5.7,-4.563586,48.12543,35,5.7,-22.82442,178.058
49.41779,-12.37941,-26.30736,187.5457,-3.648474,2.928002,0.04837935,-0.0774926,-0.0009231735,0.01837212,-0.9968232,-3.610848,2.929803,0.05089369,-0.04615926,-0.1539096,0.9870061,34,-5.7,-4.24501,45.85865,35,5.7,-22.50585,175.7912
49.43536,-12.7032,-27.4311,195.5416,-3.7104,2.927593,0.04819694,-0.07674479,-0.001886645,0.01828057,-0.9968814,-3.683216,2.928607,0.04954636,-0.04554605,-0.1533002,0.9871295,34,-5.7,-4.012529,44.20446,35,5.7,-22.27337,174.137
49.45972,-12.813,-27.43112,195.5417,-3.833916,2.925432,0.04765902,-0.07572114,-0.003820365,0.01782013,-0.9969625,-3.793007,2.928607,0.04954636,-0.04554605,-0.1533002,0.9871295,34,-5.7,-3.689923,41.90899,35,5.7,-21.95076,171.8415
49.47711,-12.85,-28.84837,206.2793,-3.893954,2.92361,0.04724326,-0.07596321,-0.00476324,0.01774981,-0.9969413,-3.863416,2.927205,0.04859648,-0.0430273,-0.1521398,0.987422,34,-5.7,-3.460669,40.27777,35,5.7,-21.7215,170.2103
49.5014,-12.85,-30.07416,215.3846,-4.010627,2.919948,0.04640149,-0.07704762,-0.006327734,0.01718014,-0.9968594,-3.983687,2.92519,0.04783104,-0.04066539,-0.1513516,0.9876431,34,-5.7,-3.139245,37.99072,35,5.7,-21.40008,167.9232
49.5191,-12.85,-29.88793,214.1694,-4.066917,2.918278,0.04614754,-0.07755674,-0.007069794,0.01632597,-0.9968292,-4.033723,2.92519,0.04783104,-0.04066539,-0.1513516,0.9876431,34,-5.7,-2.905258,36.32581,35,5.7,-21.16609,166.2583
49.54309,-10.14891,-22.41623,159.8589,-4.176152,2.914243,0.04567264,-0.07758985,-0.008854213,0.01471826,-0.9968374,-4.146863,2.921885,0.04700641,-0.03706809,-0.156486,0.9869844,34,-5.7,-2.587992,34.06835,35,5.7,-20.84883,164.0009
49.56085,-10.19468,-22.41623,159.8589,-4.227646,2.912377,0.04556789,-0.0772496,-0.009978559,0.01375077,-0.996867,-4.192635,2.921885,0.04700641,-0.03706809,-0.156486,0.9869844,34,-5.7,-2.353102,32.39702,35,5.7,-20.61394,162.3296
49.58502,-10.21656,-24.91514,177.6396,-4.326492,2.908396,0.04524329,-0.07676586,-0.01232234,0.01273849,-0.9968916,-4.295892,2.917697,0.04626638,-0.03291843,-0.1547485,0.9874054,34,-5.7,-2.03389,30.12571,35,5.7,-20.29473,160.0582
49.60217,-9.852152,-21.40255,152.6462,-4.373453,2.906667,0.04511596,-0.07691278,-0.0134541,0.01327523,-0.9968587,-4.351995,2.913119,0.04565383,-0.03557126,-0.1572573,0.9869168,34,-5.7,-1.806523,28.50791,35,5.7,-20.06736,158.4404
49.62695,-9.932738,-21.40255,152.6462,-4.464115,2.90266,0.04475405,-0.07740076,-0.01534475,0.01476908,-0.9967726,-4.432583,2.913119,0.04565383,-0.03557126,-0.1572573,0.9869168,34,-5.7,-1.479174,26.1787,35,5.7,-19.74001,156.1112
49.6438,-9.798155,-21.41896,152.763,-4.505628,2.900169,0.04430943,-0.07851708,-0.01633243,0.01525444,-0.9966623,-4.482955,2.908482,0.04532879,-0.03435044,-0.1572206,0.986966,34,-5.7,-1.256215,24.59226,35,5.7,-19.51705,154.5248
49.66833,-8.854793,-18.55509,132.3855,-4.583712,2.895885,0.04345067,-0.08180224,-0.01833492,0.01571024,-0.9963561,-4.564837,2.903726,0.04484656,-0.0319817,-0.159976,0.9866027,34,-5.7,-0.9322913,22.28743,35,5.7,-19.19313,152.22
49.68555,-8.886614,-18.55509,132.3855,-4.619509,2.894286,0.04308235,-0.08364444,-0.01946142,0.01619544,-0.996174,-4.596657,2.903726,0.04484656,-0.0319817,-0.159976,0.9866027,34,-5.7,-0.7043087,20.66525,35,5.7,-18.96515,150.5978
49.71014,-8.520175,-15.21021,108.5854,-4.686537,2.89015,0.04196827,-0.08577335,-0.02137991,0.0184917,-0.9959136,-4.667635,2.898646,0.04411202,-0.03498842,-0.1644631,0.9857625,34,-5.7,-0.3791824,18.35185,35,5.7,-18.64002,148.2844
49.72754,-8.546229,-15.21021,108.5854,-4.715848,2.887663,0.04111492,-0.08696742,-0.02195574,0.02035347,-0.9957612,-4.69369,2.898646,0.04411202,-0.03498842,-0.1644631,0.9857625,34,-5.7,-0.1496684,16.71878,35,5.7,-18.41051,146.6513
49.75183,-8.16777,-13.22334,94.4482,-4.768744,2.883072,0.03948457,-0.08821423,-0.02253551,0.02330106,-0.9955739,-4.750867,2.893781,0.04312342,-0.03565515,-0.1681811,0.9851111,34,-5.7,0.1715755,14.43301,35,5.7,-18.08926,144.3655
49.76904,-7.889478,-11.96174,85.47144,-4.79109,2.881069,0.03864803,-0.08824912,-0.02219422,0.02428893,-0.995555,-4.779521,2.888643,0.04164219,-0.03584273,-0.171153,0.9845923,34,-5.7,0.3996028,12.81051,35,5.7,-17.86123,142.743
49.79376,-7.922997,-11.96174,85.47144,-4.828798,2.877143,0.03682049,-0.08864827,-0.02179627,0.02667611,-0.9954672,-4.81304,2.888643,0.04164219,-0.03584273,-0.171153,0.9845923,34,-5.7,0.7261546,10.48697,35,5.7,-17.53468,140.4195
49.81079,-7.74729,-11.43272,81.70726,-4.842351,2.874902,0.03564838,-0.08886449,-0.02196272,0.02757519,-0.9954197,-4.832498,2.883346,0.03983635,-0.03513321,-0.1725576,0.9843726,34,-5.7,0.9516698,8.88235,35,5.7,-17.30917,138.8149
49.83539,-7.824191,-11.07419,79.15622,-4.861769,2.870608,0.03324021,-0.08995216,-0.02255072,0.0300509,-0.9952372,-4.855618,2.878319,0.03769609,-0.03692519,-0.1735512,0.9841323,34,-5.7,1.276501,6.571058,35,5.7,-16.98434,136.5036
49.8526,-7.827866,-11.07419,79.15624,-4.865903,2.869317,0.03215675,-0.08997495,-0.02276703,0.03035029,-0.9952211,-4.859292,2.878319,0.03769609,-0.03692519,-0.1735512,0.9841323,34,-5.7,1.503886,4.953126,35,5.7,-16.75695,134.8857
49.87714,-7.786507,-11.0026,78.64685,-4.866996,2.867225,0.02986677,-0.089267,-0.02281801,0.03144994,-0.9952496,-4.864382,2.873351,0.0352099,-0.03658125,-0.1737092,0.9841173,34,-5.7,1.828738,2.641682,35,5.7,-16.4321,132.5742
49.89465,-7.782118,-11.0026,78.64685,-4.862058,2.865942,0.02850147,-0.08892541,-0.02331454,0.03300291,-0.9952183,-4.859993,2.873351,0.0352099,-0.03658125,-0.1737092,0.9841173,34,-5.7,2.060287,0.9941318,35,5.7,-16.20055,130.9267
49.91901,NaN,NaN,NaN,-4.845108,2.864027,0.02568646,-0.08951599,-0.02483483,0.03591425,-0.9950278,-4.847078,2.869202,0.03249457,0.06049702,-0.1432699,0.9878329,35,5.7,-15.87864,128.6362,36,-0.7,-33.97098,257.3698
49.93622,NaN,NaN,NaN,-4.831801,2.863757,0.02443166,-0.0894898,-0.02600284,0.0375447,-0.9949402,-4.83544,2.866017,0.02954428,0.06968816,-0.1408873,0.9875699,35,5.7,-15.65099,127.0163,36,-0.7,-33.74333,255.75
49.961,NaN,NaN,NaN,-4.800974,2.863363,0.02195532,-0.08787691,-0.0273189,0.03978023,-0.9949618,-4.808038,2.866017,0.02954428,0.06968816,-0.1408873,0.9875699,35,5.7,-15.32314,124.6836,36,-0.7,-33.41548,253.4172
49.97809,22.54759,-46.50101,369.6841,-4.781627,2.862807,0.02047903,-0.0874859,-0.02768901,0.04130489,-0.9949239,-4.789124,2.863753,0.02639313,0.0731046,-0.1320126,0.9885487,35,5.7,-15.09745,123.0777,36,-0.7,-33.18979,251.8113
50.00244,21.38837,-44.20644,368.6077,-4.736214,2.862313,0.01759359,-0.08833675,-0.02882074,0.04295964,-0.9947464,-4.745399,2.862517,0.02316508,0.07015858,-0.1263611,0.9895002,35,5.7,-14.77559,120.7875,36,-0.7,-32.86793,249.5212
50.01996,21.26354,-43.93571,366.4878,-4.707549,2.8624,0.01622695,-0.0894625,-0.02969553,0.04302622,-0.9946172,-4.71992,2.862517,0.02316508,0.07015858,-0.1263611,0.9895002,35,5.7,-14.54431,119.1419,36,-0.7,-32.63665,247.8755
50.04419,22.13831,-43.78554,363.936,-4.646836,2.863145,0.01367745,-0.08964834,-0.03204748,0.04384936,-0.9944915,-4.661113,2.861736,0.0199354,0.07285007,-0.1268033,0.9892491,35,5.7,-14.22323,116.8572,36,-0.7,-32.31557,245.5909
50.06226,21.99946,-43.49168,361.6435,-4.613109,2.863165,0.01233386,-0.08898097,-0.03344074,0.04466046,-0.9944695,-4.631134,2.861736,0.0199354,0.07285007,-0.1268033,0.9892491,35,5.7,-13.98436,115.1576,36,-0.7,-32.0767,243.8913
50.086,21.62003,-43.34723,360.0871,-4.538263,2.863525,0.009737534,-0.08850636,-0.03602657,0.04557982,-0.9943799,-4.558137,2.861558,0.016673,0.07192477,-0.126959,0.9892969,35,5.7,-13.67085,112.9269,36,-0.7,-31.7632,241.6606
50.10333,23.3395,-43.09258,357.648,-4.494893,2.864178,0.008584373,-0.08843032,-0.03742291,0.0452125,-0.9943518,-4.511491,2.86186,0.01354033,0.07701115,-0.1270692,0.9888998,35,5.7,-13.44145,111.2946,36,-0.7,-31.53379,240.0283
50.12823,23.29151,-42.88111,356.0023,-4.404701,2.866037,0.006337428,-0.0872479,-0.03991256,0.04458518,-0.9943877,-4.43132,2.86186,0.01354033,0.07701115,-0.1270692,0.9888998,35,5.7,-13.11263,108.9549,36,-0.7,-31.20497,237.6886
50.14539,23.78576,-41.2062,354.0177,-4.35565,2.867352,0.005320603,-0.08605029,-0.0409002,0.04435642,-0.9944623,-4.37807,2.862515,0.01050496,0.07870296,-0.1231487,0.9892625,35,5.7,-12.88563,107.3398,36,-0.7,-30.97797,236.0734
50.16949,NaN,NaN,NaN,-4.252967,2.869586,0.003212433,-0.08384427,-0.04243495,0.04469587,-0.9945711,-4.275729,2.864069,0.007617608,0.08359008,-0.1209508,0.9891328,35,5.7,-12.56702,105.0727,36,-0.7,-30.65936,233.8064
50.18695,NaN,NaN,NaN,-4.196691,2.87111,0.002344306,-0.08308532,-0.04338141,0.04547137,-0.9945589,-4.225706,2.864069,0.007617608,0.08359008,-0.1209508,0.9891328,35,5.7,-12.33642,103.4319,36,-0.7,-30.42875,232.1655
50.21124,NaN,NaN,NaN,-4.07987,2.874913,0.001023792,-0.08017121,-0.04543676,0.04488239,-0.994733,-4.109296,2.866479,0.004984543,0.08791321,-0.1244094,0.9883287,35,5.7,-12.015,101.1449,36,-0.7,-30.10734,229.8786
50.22943,NaN,NaN,NaN,-4.016901,2.876798,0.0003719556,-0.0790789,-0.04649271,0.04385428,-0.9948175,-4.053323,2.866479,0.004984543,0.08791321,-0.1244094,0.9883287,35,5.7,-11.77415,99.43117,36,-0.7,-29.86649,228.1648
50.25299,20.8731,-31.39881,266.0528,-3.886693,2.88087,-0.0008258629,-0.07771545,-0.04897682,0.04135731,-0.9949127,-3.923584,2.869758,0.002764329,0.09204701,-0.1272073,0.9875959,35,5.7,-11.46307,97.21774,36,-0.7,-29.55541,225.9514
50.27069,21.05803,-30.76397,263.0945,-3.817738,2.883039,-0.001391537,-0.07751526,-0.0506795,0.04059384,-0.9948745,-3.846762,2.873895,0.0009502023,0.09348582,-0.1262674,0.9875814,35,5.7,-11.2287,95.55009,36,-0.7,-29.32104,224.2838
50.29517,21.02937,-30.55542,261.4633,-3.676284,2.88748,-0.002578913,-0.0774504,-0.05491573,0.04023775,-0.9946691,-3.721025,2.873895,0.0009502023,0.09348582,-0.1262674,0.9875814,35,5.7,-10.90557,93.25092,36,-0.7,-28.99791,221.9846
50.31256,22.45809,-30.36371,258.4198,-3.602812,2.890106,-0.00315639,-0.07789522,-0.05740207,0.03982399,-0.9945107,-3.638791,2.878594,-0.0005800724,0.09966219,-0.1269501,0.9868896,35,5.7,-10.6756,91.61457,36,-0.7,-28.76794,220.3482
50.33655,24.65361,-29.95317,257.3136,-3.452523,2.895293,-0.004274202,-0.07850156,-0.06103537,0.03752606,-0.994336,-3.486964,2.88377,-0.001968041,0.1078496,-0.1258486,0.9861697,35,5.7,-10.35793,89.35422,36,-0.7,-28.45027,218.0879
50.35413,24.4586,-29.64511,254.8995,-3.374907,2.898,-0.004847628,-0.07854763,-0.0623987,0.03573028,-0.9943138,-3.417972,2.88377,-0.001968041,0.1078496,-0.1258486,0.9861697,35,5.7,-10.12586,87.70293,36,-0.7,-28.21819,216.4366
50.37866,NaN,NaN,NaN,-3.218968,2.903668,-0.006053302,-0.07847752,-0.06508891,0.03191213,-0.9942768,-3.259999,2.889518,-0.003289565,0.1135076,-0.1285336,0.9851879,35,5.7,-9.801433,85.39454,36,-0.7,-27.89377,214.1282
50.39691,NaN,NaN,NaN,-3.139657,2.906497,-0.006719699,-0.07825122,-0.06631219,0.03018937,-0.9942676,-3.1895,2.889518,-0.003289565,0.1135076,-0.1285336,0.9851879,35,5.7,-9.560026,83.67684,36,-0.7,-27.65237,212.4105
50.42053,NaN,NaN,NaN,-2.978975,2.912665,-0.007921082,-0.0778149,-0.06836509,0.02718804,-0.9942494,-3.026657,2.895823,-0.004698172,0.1182222,-0.129332,0.9845287,35,5.7,-9.248171,81.45788,36,-0.7,-27.34051,210.1916
50.43768,NaN,NaN,NaN,-2.896954,2.9157,-0.008492163,-0.07711934,-0.0688498,0.0250399,-0.9943266,-2.933063,2.902522,-0.006164283,0.1153166,-0.1327035,0.9844246,35,5.7,-9.021185,79.84279,36,-0.7,-27.11353,208.5765
50.46246,NaN,NaN,NaN,-2.730194,2.921834,-0.009361509,-0.07547043,-0.06942205,0.02168659,-0.9944922,-2.784832,2.902522,-0.006164283,0.1153166,-0.1327035,0.9844246,35,5.7,-8.6932,77.50906,36,-0.7,-26.78554,206.2427
50.47949,NaN,NaN,NaN,-2.646808,2.924556,-0.009865824,-0.07465581,-0.06955872,0.02095021,-0.9945598,-2.689288,2.90977,-0.00745669,0.116692,-0.1306366,0.984539,35,5.7,-8.468608,75.911,36,-0.7,-26.56095,204.6447
50.50391,NaN,NaN,NaN,-2.480887,2.929729,-0.01086562,-0.07381941,-0.06951206,0.01995157,-0.9946461,-2.520005,2.91701,-0.008732975,0.1144283,-0.1275324,0.9852114,35,5.7,-8.145808,73.61416,36,-0.7,-26.23815,202.3478
50.521,NaN,NaN,NaN,-2.396897,2.932218,-0.01119238,-0.07350985,-0.06894904,0.01903727,-0.9947261,-2.445348,2.91701,-0.008732975,0.1144283,-0.1275324,0.9852114,35,5.7,-7.91976,72.00574,36,-0.7,-26.0121,200.7394
50.54565,24.47497,-28.42947,238.172,-2.229993,2.936372,-0.01175176,-0.07248566,-0.06769522,0.0172027,-0.9949207,-2.275014,2.923753,-0.01000859,0.1106645,-0.1297081,0.9853574,35,5.7,-7.593377,69.68341,36,-0.7,-25.68572,198.4171
50.56354,24.26203,-28.0927,235.6136,-2.146312,2.937762,-0.01196779,-0.0722487,-0.06665184,0.01670547,-0.9950169,-2.200631,2.923753,-0.01000859,0.1106645,-0.1297081,0.9853574,35,5.7,-7.357324,68.00381,36,-0.7,-25.44967,196.7375
50.58728,23.82717,-27.94344,233.3716,-1.979803,2.939843,-0.01223499,-0.0717869,-0.06496884,0.01683315,-0.9951594,-2.030472,2.929849,-0.01106794,0.1091815,-0.1303596,0.9854368,35,5.7,-7.043136,65.76824,36,-0.7,-25.13548,194.5019
50.60449,23.04293,-27.79782,231.0555,-1.896508,2.940774,-0.01203185,-0.07148415,-0.06396918,0.01751123,-0.9952343,-1.934192,2.93455,-0.01200254,0.1065411,-0.1310904,0.9856289,35,5.7,-6.815948,64.15172,36,-0.7,-24.90829,192.8854
50.6297,23.01497,-27.58278,229.4386,-1.731345,2.941817,-0.01134695,-0.07071716,-0.06154218,0.01757514,-0.995441,-1.787381,2.93455,-0.01200254,0.1065411,-0.1310904,0.9856289,35,5.7,-6.482281,61.77755,36,-0.7,-24.57462,190.5112
50.64618,24.81238,-28.31315,229.5846,-1.64809,2.942064,-0.01068748,-0.07035606,-0.05983093,0.01702743,-0.9955805,-1.69119,2.937958,-0.01221558,0.1136396,-0.1339957,0.9844446,35,5.7,-6.26413,60.22533,36,-0.7,-24.35647,188.959
50.67078,24.64705,-27.76657,225.5419,-1.482661,2.941687,-0.009114013,-0.06903679,-0.05676977,0.01608327,-0.9958677,-1.52205,2.940045,-0.01177496,0.1142089,-0.1340119,0.9843765,35,5.7,-5.939161,57.91306,36,-0.7,-24.0315,186.6467
50.68799,24.72797,-27.77361,225.5936,-1.398368,2.940942,-0.00813139,-0.06866242,-0.05533352,0.01592538,-0.995977,-1.447124,2.940045,-0.01177496,0.1142089,-0.1340119,0.9843765,35,5.7,-5.711436,56.29271,36,-0.7,-23.80378,185.0264
50.71246,23.19681,-26.65738,221.4583,-1.23147,2.9399,-0.005590709,-0.0672247,-0.05256362,0.01602232,-0.9962234,-1.276493,2.940861,-0.01063989,0.1088795,-0.1316798,0.9852948,35,5.7,-5.388129,53.99226,36,-0.7,-23.48047,182.7259
50.73059,23.01806,-26.35338,219.1836,-1.14978,2.938585,-0.004101294,-0.0663612,-0.05092039,0.01592627,-0.9963683,-1.203879,2.940861,-0.01063989,0.1088795,-0.1316798,0.9852948,35,5.7,-5.14817,52.28487,36,-0.7,-23.24051,181.0185
50.75433,22.07327,-26.50758,217.5826,-0.9879419,2.936069,-0.0007315805,-0.06608044,-0.04756466,0.01718608,-0.9965318,-1.037786,2.940306,-0.008653209,0.1046754,-0.1333764,0.9855221,35,5.7,-4.834587,50.05361,36,-0.7,-22.92693,178.7872
50.77167,23.74143,-25.94209,215.1792,-0.9067793,2.934716,0.001262323,-0.0655683,-0.04599015,0.01778475,-0.9966291,-0.9437886,2.93857,-0.00570935,0.1129691,-0.1321689,0.9847687,35,5.7,-4.605233,48.42167,36,-0.7,-22.69757,177.1553
50.79651,23.69407,-25.72068,213.5295,-0.7471635,2.93136,0.00537978,-0.06440158,-0.04277843,0.01921163,-0.9968217,-0.8019079,2.93857,-0.00570935,0.1129691,-0.1321689,0.9847687,35,5.7,-4.27699,46.08611,36,-0.7,-22.36933,174.8197
50.81329,NaN,NaN,NaN,-0.6663699,2.929502,0.007494561,-0.06409481,-0.04081934,0.01942038,-0.9969195,-0.7084411,2.935896,-0.001922905,0.1219628,-0.1383031,0.9828516,35,5.7,-4.055099,44.50726,36,-0.7,-22.14744,173.2409
50.83777,NaN,NaN,NaN,-0.5079314,2.925026,0.01178288,-0.06480648,-0.03721651,0.02059561,-0.9969909,-0.5459857,2.932271,0.002499253,0.131743,-0.1369006,0.9817851,35,5.7,-3.731608,42.20551,36,-0.7,-21.82395,170.9391
50.8551,NaN,NaN,NaN,-0.4307652,2.921981,0.01388339,-0.06635997,-0.03596166,0.02228845,-0.9968984,-0.4773936,2.932271,0.002499253,0.131743,-0.1369006,0.9817851,35,5.7,-3.501743,40.56993,36,-0.7,-21.59408,169.3036
50.87964,46.97686,-48.58466,346.0571,-0.2807188,2.915883,0.01803864,-0.06903741,-0.03422333,0.02689391,-0.996664,-0.322783,2.927938,0.007485002,0.133976,-0.1459092,0.9801842,35,5.7,-3.177863,38.26541,36,-0.7,-21.2702,166.999
50.89764,47.04217,-48.58473,346.0576,-0.2073149,2.913569,0.02023863,-0.06980196,-0.03288876,0.02773287,-0.9966328,-0.2575351,2.927938,0.007485002,0.133976,-0.1459092,0.9801842,35,5.7,-2.939691,36.57073,36,-0.7,-21.03203,165.3044
50.92126,31.36645,-33.12151,236.031,-0.06439555,2.908038,0.02461069,-0.07038935,-0.02932138,0.02771374,-0.9967034,-0.1097328,2.92215,0.01259582,0.1307038,-0.1496701,0.9800588,35,5.7,-2.627476,34.3492,36,-0.7,-20.71981,163.0828
50.93903,30.86922,-33.16787,236.3608,0.003516376,2.905131,0.02672244,-0.07116944,-0.02772961,0.02845824,-0.9966726,-0.02926872,2.915651,0.0177249,0.1281722,-0.1496806,0.9803916,35,5.7,-2.39236,32.67626,36,-0.7,-20.4847,161.4099
50.96344,30.98585,-33.16765,236.3594,0.1349434,2.899584,0.03099484,-0.07296539,-0.02584708,0.03256295,-0.9964676,0.08755529,2.915651,0.0177249,0.1281722,-0.1496806,0.9803916,35,5.7,-2.070017,30.38267,36,-0.7,-20.16236,159.1163
50.98053,23.30024,-25.76065,183.6557,0.1966835,2.896963,0.03310565,-0.07412852,-0.02531498,0.03421158,-0.9963402,0.1616793,2.908979,0.02287084,0.1235425,-0.1530743,0.9804619,35,5.7,-1.843823,28.77322,36,-0.7,-19.93616,157.5068
51.00482,23.0872,-25.07077,178.747,0.3162808,2.891875,0.03720451,-0.07573824,-0.02281771,0.03332602,-0.9963095,0.2861766,2.902313,0.02802732,0.1250561,-0.1534233,0.9802154,35,5.7,-1.522378,26.48602,36,-0.7,-19.61472,155.2196
51.02234,23.13625,-25.07078,178.747,0.3714562,2.889566,0.0391637,-0.07734831,-0.02146291,0.03274357,-0.9962352,0.3352214,2.902313,0.02802732,0.1250561,-0.1534233,0.9802154,35,5.7,-1.291099,24.84039,36,-0.7,-19.38344,153.574
51.04663,17.65035,-19.49557,139.0774,0.4746159,2.885288,0.04289606,-0.08022846,-0.01990862,0.03466343,-0.9959746,0.4439034,2.895896,0.03308702,0.1212722,-0.1578166,0.9799934,35,5.7,-0.969969,22.55543,36,-0.7,-19.06231,151.289
51.06458,17.69236,-19.49555,139.0772,0.5218921,2.883481,0.04468496,-0.08128174,-0.01955651,0.03639114,-0.9958346,0.4859267,2.895896,0.03308702,0.1212722,-0.1578166,0.9799934,35,5.7,-0.7323018,20.86434,36,-0.7,-18.82464,149.598
51.08838,21.93666,-22.4416,160.0394,0.6083418,2.87928,0.04784852,-0.08331453,-0.01821547,0.03645714,-0.9956896,0.5784034,2.889952,0.03794056,0.1307144,-0.1550314,0.9792237,35,5.7,-0.4181678,18.62916,36,-0.7,-18.51051,147.3628
51.10608,21.80017,-21.37528,152.4522,0.6455573,2.877348,0.04927792,-0.08397991,-0.01744997,0.03567002,-0.9956759,0.6254348,2.88468,0.04244301,0.1359321,-0.1557379,0.9784009,35,5.7,-0.1840091,16.96303,36,-0.7,-18.27635,145.6967
51.13037,21.86098,-21.37526,152.4521,0.7139854,2.874151,0.05207739,-0.08634263,-0.01633163,0.03520123,-0.9955095,0.6862597,2.88468,0.04244301,0.1359321,-0.1557379,0.9784009,35,5.7,0.1373754,14.67626,36,-0.7,-17.95496,143.4099
51.14783,20.97178,-18.83101,134.3488,0.7420289,2.872892,0.05340002,-0.08688192,-0.01602256,0.03459659,-0.9954888,0.7232745,2.879788,0.04646008,0.1472142,-0.1578457,0.9764286,35,5.7,0.3680868,13.03467,36,-0.7,-17.72425,141.7683
51.17194,17.19724,-15.27552,109.0501,0.7898731,2.870099,0.05574751,-0.08766883,-0.01510212,0.0337852,-0.9954621,0.7760108,2.875438,0.05003811,0.1469928,-0.1624763,0.9757021,35,5.7,0.6867244,10.76744,36,-0.7,-17.40561,139.5011
51.18958,17.21301,-15.27552,109.0501,0.8076154,2.869229,0.05691693,-0.08769994,-0.01441165,0.03313464,-0.9954914,0.7917818,2.875438,0.05003811,0.1469928,-0.1624763,0.9757021,35,5.7,0.9200774,9.107048,36,-0.7,-17.17226,137.8407
51.21375,17.35756,-15.62228,111.5175,0.8364735,2.867937,0.05916743,-0.08757783,-0.01329601,0.03128872,-0.9955775,0.8255669,2.87179,0.05326033,0.1447747,-0.1619572,0.9761199,35,5.7,1.239456,6.834552,36,-0.7,-16.85288,135.5682
51.23126,17.36469,-15.62225,111.5173,0.8445299,2.86734,0.06018145,-0.08705433,-0.01269379,0.03013268,-0.9956669,0.8327281,2.87179,0.05326033,0.1447747,-0.1619572,0.9761199,35,5.7,1.471466,5.183714,36,-0.7,-16.62087,133.9173
51.25549,NaN,NaN,NaN,0.8557106,2.866277,0.06202071,-0.08707593,-0.01112781,0.0268842,-0.9957767,0.8488241,2.868931,0.056132,0.001295871,-0.1383924,0.9903767,35,5.7,1.791789,2.904495,36,-0.7,-16.30055,131.6381
51.27307,NaN,NaN,NaN,0.8558763,2.866139,0.06289431,-0.08642274,-0.009758432,0.02490179,-0.9958996,0.8530509,2.866982,0.05877094,-0.01309645,-0.1376835,0.9903897,35,5.7,2.023693,1.254416,36,-0.7,-16.06865,129.988
51.29736,NaN,NaN,NaN,0.8511465,2.865881,0.06453443,-0.08576609,-0.00672818,0.02257593,-0.9960368,0.8488467,2.866982,0.05877094,-0.01309645,-0.1376835,0.9903897,36,-0.7,-15.74708,127.7,37,5.7,-33.83971,256.4359
51.31464,NaN,NaN,NaN,0.8440082,2.86602,0.06528731,-0.08590697,-0.005389463,0.02230913,-0.9960389,0.8446973,2.865697,0.06116748,-0.01697251,-0.1398934,0.9900211,36,-0.7,-15.51862,126.0744,37,5.7,-33.61125,254.8103
51.33136,NaN,NaN,NaN,0.8345209,2.86649,0.06607198,-0.08561524,-0.004037229,0.02161086,-0.9960858,0.8362641,2.865697,0.06116748,-0.01697251,-0.1398934,0.9900211,36,-0.7,-15.29737,124.5001,37,5.7,-33.39,253.236
51.35297,NaN,NaN,NaN,0.8087025,2.866858,0.06726158,-0.08500032,-0.001446398,0.01921429,-0.9961946,0.8137102,2.865073,0.06329789,-0.01836198,-0.1390736,0.9901118,36,-0.7,-15.01191,122.469,37,5.7,-33.10453,251.2048
51.37012,NaN,NaN,NaN,0.7908525,2.867086,0.06778118,-0.08490595,0.000328958,0.01712269,-0.9962418,0.7965105,2.865156,0.06516661,-0.0172141,-0.137201,0.9903936,36,-0.7,-14.78514,120.8554,37,5.7,-32.87777,249.5913
51.38715,NaN,NaN,NaN,0.7712826,2.867352,0.0682396,-0.08474015,0.001853816,0.01571974,-0.9962774,0.7791149,2.865156,0.06516661,-0.0172141,-0.137201,0.9903936,36,-0.7,-14.56005,119.2538,37,5.7,-32.65268,247.9897
51.40863,NaN,NaN,NaN,0.7275542,2.867985,0.06897724,-0.08504054,0.00433923,0.01303024,-0.9962828,0.7372507,2.865628,0.06674218,-0.01370844,-0.1359455,0.9906214,36,-0.7,-14.27565,117.2302,37,5.7,-32.36828,245.9661
51.42609,NaN,NaN,NaN,0.7013433,2.868358,0.06927693,-0.08534387,0.005212599,0.01223413,-0.9962629,0.7139521,2.865628,0.06674218,-0.01370844,-0.1359455,0.9906214,36,-0.7,-14.0453,115.5912,37,5.7,-32.13793,244.3271
51.4425,NaN,NaN,NaN,0.6725811,2.868875,0.06956328,-0.08477015,0.005869196,0.01161852,-0.9963155,0.6838334,2.866252,0.06802408,-0.01410193,-0.1358075,0.9906349,36,-0.7,-13.82792,114.0444,37,5.7,-31.92055,242.7803
51.46484,NaN,NaN,NaN,0.6112327,2.870102,0.07013433,-0.08277543,0.00757693,0.01002718,-0.996489,0.6293014,2.866252,0.06802408,-0.01410193,-0.1358075,0.9906349,36,-0.7,-13.53301,111.9461,37,5.7,-31.62564,240.6819
51.48145,NaN,NaN,NaN,0.57664,2.871117,0.07057124,-0.08049738,0.0085255,0.008910766,-0.9966786,0.5925916,2.86706,0.06891619,-0.01434327,-0.1342659,0.9908416,36,-0.7,-13.31341,110.3835,37,5.7,-31.40604,239.1194
51.49829,NaN,NaN,NaN,0.5401124,2.872128,0.07094578,-0.07878312,0.009272318,0.008461919,-0.9968128,0.5601227,2.86706,0.06891619,-0.01434327,-0.1342659,0.9908416,36,-0.7,-13.09086,108.8,37,5.7,-31.18349,237.5359
51.52008,NaN,NaN,NaN,0.4626365,2.875031,0.07181695,-0.07638122,0.01017929,0.00882831,-0.9969877,0.4838971,2.868271,0.06965138,-0.00529799,-0.137601,0.9904736,36,-0.7,-12.80216,106.7458,37,5.7,-30.89478,235.4816
51.53729,NaN,NaN,NaN,0.4198601,2.876395,0.07208487,-0.07639499,0.01028271,0.009277457,-0.9969814,0.4371589,2.870226,0.07048468,-0.006510528,-0.1252064,0.9921094,36,-0.7,-12.5747,105.1273,37,5.7,-30.66733,233.8632
51.55396,NaN,NaN,NaN,0.37579,2.877958,0.07233918,-0.07699309,0.0106356,0.008834695,-0.9969358,0.3979855,2.870226,0.07048468,-0.006510528,-0.1252064,0.9921094,36,-0.7,-12.35459,103.5611,37,5.7,-30.44721,232.297
51.57574,NaN,NaN,NaN,0.2843458,2.881543,0.07288103,-0.07703245,0.01168246,0.007206786,-0.9969341,0.3066971,2.873105,0.07139429,-0.005619404,-0.1317852,0.9912624,36,-0.7,-12.06624,101.5094,37,5.7,-30.15886,230.2453
51.59308,NaN,NaN,NaN,0.2348564,2.883732,0.073079,-0.0773479,0.01193401,0.006878735,-0.9969091,0.2627065,2.873105,0.07139429,-0.005619404,-0.1317852,0.9912624,36,-0.7,-11.83765,99.88296,37,5.7,-29.93028,228.6188
51.61749,NaN,NaN,NaN,0.1335772,2.888677,0.07351877,-0.07783951,0.01215461,0.006660119,-0.9968696,0.1615314,2.876651,0.07215273,-0.007721793,-0.1304974,0.9914186,36,-0.7,-11.51473,97.58522,37,5.7,-29.60735,226.3211
51.6347,NaN,NaN,NaN,0.08029194,2.891069,0.07358986,-0.07820282,0.01220973,0.006769024,-0.9968398,0.1018968,2.881096,0.07277464,-0.01157277,-0.1306776,0.9913574,36,-0.7,-11.28661,95.9621,37,5.7,-29.37924,224.698
51.65942,NaN,NaN,NaN,-0.02808496,2.895811,0.07372944,-0.07939996,0.01274515,0.006766634,-0.9967385,0.005561763,2.881096,0.07277464,-0.01157277,-0.1306776,0.9913574,36,-0.7,-10.96019,93.6395,37,5.7,-29.05282,222.3754
51.6767,NaN,NaN,NaN,-0.08468471,2.89816,0.07370315,-0.07985801,0.01299532,0.007421292,-0.9966939,-0.05792461,2.886364,0.07329481,-0.01262006,-0.1316753,0.9912125,36,-0.7,-10.73196,92.01553,37,5.7,-28.82458,220.7514
51.70105,NaN,NaN,NaN,-0.2003406,2.903193,0.07366005,-0.08001159,0.01333283,0.007723479,-0.9966748,-0.1748272,2.892066,0.07356016,-0.01103534,-0.1336372,0.9909688,36,-0.7,-10.40973,89.72279,37,5.7,-28.50236,218.4586
51.71832,NaN,NaN,NaN,-0.2594918,2.905775,0.07355525,-0.07964425,0.01313377,0.008091483,-0.996704,-0.227406,2.892066,0.07356016,-0.01103534,-0.1336372,0.9909688,36,-0.7,-10.18178,88.10079,37,5.7,-28.2744,216.8366
51.7428,NaN,NaN,NaN,-0.3794067,2.910869,0.07341202,-0.07899667,0.01229962,0.008998924,-0.9967584,-0.3488975,2.897999,0.07359667,-0.005385499,-0.1321101,0.9912204,36,-0.7,-9.857599,85.79414,37,5.7,-27.95022,214.53
51.76025,NaN,NaN,NaN,-0.4408292,2.913371,0.07335021,-0.07837984,0.01168092,0.009739202,-0.9968076,-0.4034953,2.897999,0.07359667,-0.005385499,-0.1321101,0.9912204,36,-0.7,-9.62711,84.15414,37,5.7,-27.71974,212.89
51.78473,NaN,NaN,NaN,-0.5636538,2.9182,0.07322402,-0.07760534,0.01043258,0.01111512,-0.9968677,-0.5281515,2.904054,0.07349059,-0.003227055,-0.1288157,0.9916633,36,-0.7,-9.303683,81.85283,37,5.7,-27.39631,210.5887
51.80182,NaN,NaN,NaN,-0.6263542,2.920087,0.07296181,-0.07785349,0.00982733,0.01141657,-0.996851,-0.5997189,2.910158,0.07337359,-0.001568396,-0.1274077,0.9918492,36,-0.7,-9.077344,80.24234,37,5.7,-27.16997,208.9782
51.82648,NaN,NaN,NaN,-0.7539652,2.924209,0.07269311,-0.07839831,0.008435182,0.01205271,-0.9968136,-0.713151,2.910158,0.07337359,-0.001568396,-0.1274077,0.9918492,36,-0.7,-8.751644,77.92487,37,5.7,-26.84427,206.6607
51.84351,NaN,NaN,NaN,-0.8186163,2.926039,0.07257802,-0.07775524,0.007603427,0.01234649,-0.9968671,-0.7870184,2.915804,0.07309822,0.002836639,-0.130843,0.991399,36,-0.7,-8.526486,76.32278,37,5.7,-26.61911,205.0586
51.86823,NaN,NaN,NaN,-0.9483804,2.929157,0.07230449,-0.07671466,0.006181112,0.0126048,-0.9969543,-0.9191477,2.920896,0.07275397,0.003458129,-0.1385189,0.9903538,36,-0.7,-8.199655,73.99725,37,5.7,-26.29228,202.7331
51.88538,NaN,NaN,NaN,-1.013901,2.930387,0.07221983,-0.07586044,0.005539692,0.01265895,-0.9970227,-0.9773883,2.920896,0.07275397,0.003458129,-0.1385189,0.9903538,36,-0.7,-7.973026,72.3847,37,5.7,-26.06565,201.1206
51.90985,NaN,NaN,NaN,-1.143844,2.932364,0.07201709,-0.07505605,0.004340355,0.01236797,-0.9970932,-1.109999,2.925282,0.07246593,0.006683413,-0.1386045,0.9903253,36,-0.7,-7.649487,70.0826,37,5.7,-25.74211,198.8185
51.92719,NaN,NaN,NaN,-1.208664,2.933019,0.07189568,-0.07495725,0.003842061,0.01224022,-0.9971042,-1.167617,2.925282,0.07246593,0.006683413,-0.1386045,0.9903253,36,-0.7,-7.419654,68.44726,37,5.7,-25.51228,197.1831
51.95154,NaN,NaN,NaN,-1.337582,2.933415,0.0715016,-0.07510475,0.002611151,0.0130425,-0.997087,-1.299486,2.928749,0.07221454,0.008836127,-0.1347732,0.9908371,36,-0.7,-7.098251,66.16036,37,5.7,-25.19087,194.8962
51.96899,NaN,NaN,NaN,-1.401071,2.933608,0.07139422,-0.07525427,0.00202153,0.01366109,-0.9970688,-1.373196,2.931129,0.07189342,0.009285281,-0.1316726,0.9912498,36,-0.7,-6.867143,64.51594,37,5.7,-24.95976,193.2518
51.99347,NaN,NaN,NaN,-1.526034,2.933937,0.07133766,-0.07478567,0.001403473,0.01334947,-0.9971094,-1.484274,2.931129,0.07189342,0.009285281,-0.1316726,0.9912498,36,-0.7,-6.543227,62.21116,37,5.7,-24.63585,190.947
52.01074,NaN,NaN,NaN,-1.588021,2.933944,0.07157283,-0.07373983,0.001413031,0.01254967,-0.9971976,-1.556533,2.932288,0.07153879,0.01077894,-0.1312845,0.9912861,36,-0.7,-6.315225,60.58884,37,5.7,-24.40785,189.3247
52.03516,NaN,NaN,NaN,-1.709976,2.931927,0.07130775,-0.07523485,0.0004645493,0.01428459,-0.9970635,-1.681913,2.932831,0.07156552,0.01268669,-0.1286499,0.9916089,36,-0.7,-5.992119,58.28982,37,5.7,-24.08474,187.0257
52.05261,NaN,NaN,NaN,-1.769236,2.931803,0.07138085,-0.07564225,-0.0005378593,0.01490022,-0.9970236,-1.734588,2.932831,0.07156552,0.01268669,-0.1286499,0.9916089,36,-0.7,-5.761651,56.64996,37,5.7,-23.85427,185.3858
52.0769,NaN,NaN,NaN,-1.885409,2.929987,0.07114323,-0.07650173,-0.002204415,0.01605792,-0.9969378,-1.854334,2.932192,0.07142309,0.03499274,-0.1219572,0.9919183,36,-0.7,-5.440434,54.36438,37,5.7,-23.53306,183.1003
52.09448,NaN,NaN,NaN,-1.941917,2.928962,0.0709153,-0.07810815,-0.003232524,0.01683361,-0.9967976,-1.904563,2.932192,0.07142309,0.03499274,-0.1219572,0.9919183,36,-0.7,-5.208216,52.71207,37,5.7,-23.30084,181.448
52.11859,NaN,NaN,NaN,-2.054561,2.926324,0.07035723,-0.08035934,-0.005147301,0.01769966,-0.9965956,-2.020673,2.930829,0.07124543,0.03808442,-0.1221877,0.991776,36,-0.7,-4.889405,50.44361,37,5.7,-22.98203,179.1795
52.13599,NaN,NaN,NaN,-2.108781,2.924547,0.06998795,-0.08215082,-0.005795324,0.01775898,-0.9964448,-2.084346,2.92881,0.07096357,0.04101932,-0.1237295,0.9914678,36,-0.7,-4.659238,48.80588,37,5.7,-22.75186,177.5418
52.16113,NaN,NaN,NaN,-2.214623,2.9219,0.06955066,-0.08303414,-0.006889785,0.01720532,-0.9963744,-2.178428,2.92881,0.07096357,0.04101932,-0.1237295,0.9914678,36,-0.7,-4.326786,46.44036,37,5.7,-22.41941,175.1762
52.17773,NaN,NaN,NaN,-2.265183,2.920118,0.0693035,-0.08214202,-0.006994617,0.01612201,-0.9964657,-2.238359,2.925869,0.07043223,0.03984804,-0.1266911,0.9911416,36,-0.7,-4.10703,44.87672,37,5.7,-22.19965,173.6126
52.20209,NaN,NaN,NaN,-2.361158,2.915779,0.06845199,-0.08144619,-0.006526168,0.01336991,-0.9965667,-2.3381,2.922431,0.06975894,0.04218768,-0.1265672,0.9910605,36,-0.7,-3.785232,42.58701,37,5.7,-21.87785,171.3229
52.21979,NaN,NaN,NaN,-2.406253,2.913435,0.06794898,-0.08208818,-0.006486114,0.0127476,-0.9965224,-2.378185,2.922431,0.06975894,0.04218768,-0.1265672,0.9910605,36,-0.7,-3.551079,40.92092,37,5.7,-21.6437,169.6568
52.23621,NaN,NaN,NaN,-2.449919,2.911329,0.0675731,-0.0823291,-0.006712826,0.01319273,-0.9964953,-2.430579,2.918266,0.0689901,0.04110608,-0.1266793,0.9910917,36,-0.7,-3.3342,39.37775,37,5.7,-21.42682,168.1136
52.25781,NaN,NaN,NaN,-2.532314,2.907152,0.06691791,-0.08215447,-0.006781867,0.01365714,-0.996503,-2.503819,2.918266,0.0689901,0.04110608,-0.1266793,0.9910917,36,-0.7,-3.048357,37.34387,37,5.7,-21.14098,166.0797
52.2749,NaN,NaN,NaN,-2.570654,2.905114,0.0665343,-0.08197157,-0.006448241,0.0139111,-0.9965168,-2.550429,2.913288,0.06801234,0.04161827,-0.1272721,0.9909943,36,-0.7,-2.822635,35.73777,37,5.7,-20.91525,164.4736
52.29156,NaN,NaN,NaN,-2.606418,2.902817,0.06599419,-0.08279125,-0.005771324,0.01491629,-0.9964386,-2.582219,2.913288,0.06801234,0.04161827,-0.1272721,0.9909943,36,-0.7,-2.602627,34.17233,37,5.7,-20.69525,162.9082
52.31348,NaN,NaN,NaN,-2.673621,2.898479,0.06490751,-0.08508097,-0.004806059,0.01672466,-0.9962221,-2.653422,2.908187,0.06709588,0.03693677,-0.1260219,0.9913396,36,-0.7,-2.312343,32.10685,37,5.7,-20.40496,160.8427
52.33093,NaN,NaN,NaN,-2.703571,2.895962,0.06414506,-0.08691685,-0.00431706,0.01854374,-0.9960336,-2.680044,2.908187,0.06709588,0.03693677,-0.1260219,0.9913396,36,-0.7,-2.081517,30.46444,37,5.7,-20.17414,159.2003
52.34753,NaN,NaN,NaN,-2.731323,2.893695,0.06334028,-0.08910765,-0.00384984,0.02005424,-0.9958127,-2.71505,2.903042,0.06609405,0.03540713,-0.1283591,0.9910955,36,-0.7,-1.862501,28.90606,37,5.7,-19.95512,157.642
52.3692,NaN,NaN,NaN,-2.782427,2.88912,0.06170846,-0.09257196,-0.002950769,0.02235635,-0.9954506,-2.769568,2.897667,0.06475701,0.04782977,-0.1275628,0.9906766,36,-0.7,-1.575808,26.86613,37,5.7,-19.66843,155.602
52.3866,NaN,NaN,NaN,-2.804031,2.886454,0.06070478,-0.09444525,-0.002313517,0.02318281,-0.9952574,-2.788772,2.897667,0.06475701,0.04782977,-0.1275628,0.9906766,36,-0.7,-1.345691,25.22877,37,5.7,-19.43831,153.9647
52.40344,NaN,NaN,NaN,-2.821909,2.884105,0.05969579,-0.09595351,-0.001803672,0.02441558,-0.9950848,-2.812666,2.892065,0.06308205,0.04572276,-0.1261555,0.9909562,36,-0.7,-1.123139,23.64523,37,5.7,-19.21576,152.3811
52.42511,NaN,NaN,NaN,-2.85156,2.879635,0.05755254,-0.09749915,-0.0009451974,0.02680252,-0.9948742,-2.839023,2.892065,0.06308205,0.04572276,-0.1261555,0.9909562,36,-0.7,-0.8364217,21.60513,37,5.7,-18.92904,150.341
52.44208,NaN,NaN,NaN,-2.860941,2.877412,0.05639485,-0.09761769,-0.0007693432,0.02809859,-0.994827,-2.853587,2.886388,0.0609149,0.04282678,-0.1314175,0.9904016,36,-0.7,-0.6119773,20.00812,37,5.7,-18.7046,148.744
52.45905,NaN,NaN,NaN,-2.867824,2.875575,0.05528351,-0.09750017,-0.0007206667,0.02924392,-0.9948055,-2.859705,2.886388,0.0609149,0.04282678,-0.1314175,0.9904016,36,-0.7,-0.3878166,18.41313,37,5.7,-18.48044,147.149
52.48083,NaN,NaN,NaN,-2.875306,2.871896,0.05303878,-0.09724393,-0.0004681516,0.03153674,-0.9947607,-2.870974,2.880856,0.05844958,0.04111966,-0.1260982,0.9911652,36,-0.7,-0.1000257,16.36539,37,5.7,-18.19265,145.1013
52.49811,NaN,NaN,NaN,-2.873813,2.870063,0.05189694,-0.09715397,-0.0007095952,0.03319253,-0.9947155,-2.869647,2.880856,0.05844958,0.04111966,-0.1260982,0.9911652,36,-0.7,0.1282922,14.74083,37,5.7,-17.96433,143.4767
52.52246,NaN,NaN,NaN,-2.865238,2.86693,0.0494951,-0.097393,-0.001694897,0.03695224,-0.9945583,-2.86487,2.875853,0.05591627,0.04548338,-0.1257365,0.9910205,36,-0.7,0.450346,12.4493,37,5.7,-17.64228,141.1852
52.53992,NaN,NaN,NaN,-2.856651,2.865539,0.04819401,-0.09749802,-0.002483808,0.03914764,-0.9944624,-2.858343,2.871346,0.05328432,0.04580661,-0.1293861,0.9905357,36,-0.7,0.6808137,10.80943,37,5.7,-17.41181,139.5453
52.56421,NaN,NaN,NaN,-2.835421,2.863052,0.04560804,-0.09738245,-0.003961317,0.04224556,-0.9943421,-2.839471,2.871346,0.05328432,0.04580661,-0.1293861,0.9905357,36,-0.7,1.002282,8.522068,37,5.7,-17.09034,137.2579
52.58179,NaN,NaN,NaN,-2.821006,2.861883,0.04428996,-0.09728049,-0.004578415,0.04352334,-0.9942944,-2.826213,2.867279,0.05033957,0.0519047,-0.1278279,0.9904372,36,-0.7,1.234528,6.869554,37,5.7,-16.8581,135.6054
52.59839,NaN,NaN,NaN,-2.804462,2.860868,0.04291678,-0.09711444,-0.005320367,0.04506524,-0.9942383,-2.811507,2.867279,0.05033957,0.0519047,-0.1278279,0.9904372,36,-0.7,1.454152,5.306848,37,5.7,-16.63847,134.0427
52.62018,NaN,NaN,NaN,-2.766297,2.859036,0.040036,-0.09782144,-0.007162651,0.04775751,-0.9940317,-2.775631,2.863851,0.04729462,0.05431225,-0.1287821,0.9901845,36,-0.7,1.742018,3.258574,37,5.7,-16.35061,131.9944
52.63733,NaN,NaN,NaN,-2.742464,2.858406,0.03844622,-0.09883878,-0.008221015,0.04830706,-0.9938962,-2.75115,2.860953,0.04420698,0.05456227,-0.1287231,0.9901785,36,-0.7,1.969524,1.639785,37,5.7,-16.1231,130.3757
52.66205,NaN,NaN,NaN,-2.689904,2.857302,0.03524815,-0.1004954,-0.009992506,0.0494891,-0.9936557,-2.70443,2.860953,0.04420698,0.05456227,-0.1287231,0.9901785,37,5.7,-15.79636,128.0508,38,-5.7,-34.00329,257.5999
52.67908,NaN,NaN,NaN,-2.65988,2.857071,0.03375143,-0.1003531,-0.0108049,0.05027626,-0.9936221,-2.672996,2.858659,0.04077957,0.05763233,-0.1292186,0.9899399,37,5.7,-15.57182,126.4531,38,-5.7,-33.77875,256.0022
52.70367,NaN,NaN,NaN,-2.594986,2.85675,0.0308027,-0.09860538,-0.01237354,0.05174772,-0.9937032,-2.60911,2.857003,0.03709225,0.06191502,-0.1283994,0.9897879,37,5.7,-15.24662,124.1392,38,-5.7,-33.45355,253.6883
52.72095,NaN,NaN,NaN,-2.557717,2.857102,0.02961752,-0.09697369,-0.01285375,0.05188163,-0.9938507,-2.575982,2.857003,0.03709225,0.06191502,-0.1283994,0.9897879,37,5.7,-15.01823,122.5141,38,-5.7,-33.22515,252.0632
52.74542,NaN,NaN,NaN,-2.478682,2.857838,0.02747536,-0.09430052,-0.01397671,0.05247464,-0.9940616,-2.498123,2.856167,0.03353725,0.06425034,-0.1257981,0.9899731,37,5.7,-14.69407,120.2076,38,-5.7,-32.901,249.7567
52.76331,NaN,NaN,NaN,-2.43573,2.858108,0.02637454,-0.09340099,-0.01431077,0.05186339,-0.9941739,-2.459943,2.856167,0.03353725,0.06425034,-0.1257981,0.9899731,37,5.7,-14.45806,118.5283,38,-5.7,-32.66499,248.0774
52.78699,NaN,NaN,NaN,-2.344156,2.8589,0.02432883,-0.09251696,-0.01479026,0.05020272,-0.9943348,-2.369487,2.85633,0.03048776,0.05548446,-0.1208635,0.9911173,37,5.7,-14.14443,116.2967,38,-5.7,-32.35136,245.8458
52.80438,NaN,NaN,NaN,-2.293781,2.859531,0.02346778,-0.09265458,-0.01514266,0.0494973,-0.994352,-2.314384,2.856791,0.02749301,0.05772957,-0.1176168,0.9913796,37,5.7,-13.91448,114.6605,38,-5.7,-32.1214,244.2096
52.82953,NaN,NaN,NaN,-2.187958,2.861602,0.02189857,-0.09255644,-0.01591732,0.04778578,-0.9944327,-2.220319,2.856791,0.02749301,0.05772957,-0.1176168,0.9913796,37,5.7,-13.58251,112.2984,38,-5.7,-31.78943,241.8475
52.84619,NaN,NaN,NaN,-2.130642,2.862482,0.02105645,-0.09317216,-0.01593676,0.04717636,-0.9944041,-2.157612,2.857712,0.02491871,0.05870561,-0.1278396,0.9900559,37,5.7,-13.36226,110.7312,38,-5.7,-31.56918,240.2803
52.87054,NaN,NaN,NaN,-2.011053,2.865077,0.01955888,-0.09414714,-0.01592943,0.04565883,-0.9943832,-2.037997,2.859324,0.02276796,0.06192801,-0.1272573,0.9899346,37,5.7,-13.04039,108.441,38,-5.7,-31.24731,237.9901
52.88782,NaN,NaN,NaN,-1.94714,2.866337,0.01867586,-0.09520464,-0.01572831,0.04490475,-0.9943201,-1.981185,2.859324,0.02276796,0.06192801,-0.1272573,0.9899346,37,5.7,-12.81172,106.8139,38,-5.7,-31.01864,236.363
52.91223,NaN,NaN,NaN,-1.8134,2.869469,0.01698893,-0.09627966,-0.01561067,0.04321561,-0.9942933,-1.847595,2.861715,0.0208257,0.06283546,-0.1267471,0.9899428,37,5.7,-12.48866,104.5152,38,-5.7,-30.69558,234.0643
52.93042,NaN,NaN,NaN,-1.741337,2.871529,0.01616912,-0.0963584,-0.01574491,0.04187049,-0.994341,-1.78354,2.861715,0.0208257,0.06283546,-0.1267471,0.9899428,37,5.7,-12.24856,102.8068,38,-5.7,-30.45548,232.3559
52.95398,NaN,NaN,NaN,-1.592016,2.875883,0.01444365,-0.09537553,-0.0160947,0.03885673,-0.9945526,-1.634662,2.864773,0.01888922,0.06354337,-0.12653,0.9899254,37,5.7,-11.93652,100.5866,38,-5.7,-30.14344,230.1357
52.97144,NaN,NaN,NaN,-1.512012,2.878368,0.01353134,-0.09484556,-0.01653709,0.03696532,-0.994668,-1.545798,2.868639,0.01691136,0.06608085,-0.123821,0.9901019,37,5.7,-11.70602,98.94646,38,-5.7,-29.91294,228.4956
52.99652,NaN,NaN,NaN,-1.347301,2.883024,0.01156936,-0.09412269,-0.017377,0.03372427,-0.9948376,-1.399388,2.868639,0.01691136,0.06608085,-0.123821,0.9901019,37,5.7,-11.37484,96.59003,38,-5.7,-29.58177,226.1391
53.01294,NaN,NaN,NaN,-1.260012,2.885676,0.01065766,-0.0933454,-0.01770618,0.03176732,-0.9949693,-1.302383,2.873501,0.01489277,0.06718265,-0.1228096,0.9901537,37,5.7,-11.15745,95.04318,38,-5.7,-29.36437,224.5923
53.03772,NaN,NaN,NaN,-1.080055,2.891232,0.008823466,-0.09133636,-0.01820902,0.02852672,-0.9952449,-1.121445,2.878961,0.01269272,0.06895554,-0.1207437,0.9902858,37,5.7,-10.82961,92.71048,38,-5.7,-29.03653,222.2596
53.05469,NaN,NaN,NaN,-0.9852372,2.893982,0.007863655,-0.09038356,-0.01857244,0.02725339,-0.9953609,-1.037163,2.878961,0.01269272,0.06895554,-0.1207437,0.9902858,37,5.7,-10.60506,91.11278,38,-5.7,-28.81199,220.6619
53.07153,NaN,NaN,NaN,-0.8882165,2.896827,0.006978187,-0.08923797,-0.01889678,0.02634409,-0.9954826,-0.9283003,2.885051,0.01044936,0.0676966,-0.118135,0.9906873,37,5.7,-10.38282,89.53144,38,-5.7,-28.58975,219.0805
53.09326,NaN,NaN,NaN,-0.689385,2.902127,0.005079341,-0.08729398,-0.01958585,0.02471401,-0.9956834,-0.7515612,2.885051,0.01044936,0.0676966,-0.118135,0.9906873,37,5.7,-10.09575,87.48882,38,-5.7,-28.30268,217.0379
53.11041,NaN,NaN,NaN,-0.5858673,2.904615,0.004155005,-0.08643715,-0.01968327,0.02403313,-0.9957729,-0.6352791,2.891472,0.008155867,0.06924223,-0.1133565,0.9911387,37,5.7,-9.868748,85.87362,38,-5.7,-28.07567,215.4227
53.1272,NaN,NaN,NaN,-0.4806892,2.907188,0.003346188,-0.085627,-0.01949652,0.02306527,-0.9958694,-0.5417874,2.891472,0.008155867,0.06924223,-0.1133565,0.9911387,37,5.7,-9.646516,84.29236,38,-5.7,-27.85344,213.8414
53.14905,NaN,NaN,NaN,-0.2655414,2.912403,0.00180886,-0.08385485,-0.01864169,0.02028646,-0.9960971,-0.3247613,2.897925,0.005899772,0.07006003,-0.1138291,0.9910271,37,5.7,-9.35781,82.23811,38,-5.7,-27.56474,211.7872
53.16614,21.83355,-31.75998,310.9573,-0.1540357,2.914964,0.001106613,-0.08332997,-0.01773386,0.01882842,-0.9961863,-0.1985017,2.904323,0.003848448,0.07024309,-0.1105175,0.9913888,37,5.7,-9.131571,80.62833,38,-5.7,-27.3385,210.1774
53.19067,21.77508,-31.35282,307.3049,0.07131767,2.920072,-0.0001597429,-0.0821915,-0.01593679,0.01716328,-0.9963413,0.001812348,2.904323,0.003848448,0.07024309,-0.1105175,0.9913888,37,5.7,-8.807202,78.32033,38,-5.7,-27.01413,207.8694
53.20789,22.44559,-33.90111,306.4383,0.1873628,2.922434,-0.0008010476,-0.08182984,-0.01472155,0.01647741,-0.9964014,0.1333994,2.910563,0.00197947,0.07210392,-0.1189603,0.9902775,37,5.7,-8.579622,76.70101,38,-5.7,-26.78655,206.2501
53.23236,21.95467,-34.26668,302.3935,0.4221711,2.926621,-0.002068525,-0.08116231,-0.01204897,0.01517615,-0.9965125,0.3718165,2.916522,0.0002124608,0.07066284,-0.1217388,0.9900437,37,5.7,-8.256315,74.40057,38,-5.7,-26.46324,203.9496
53.24957,21.8967,-33.98376,300.0926,0.5417011,2.928442,-0.00253432,-0.08096318,-0.01060085,0.01462462,-0.9965534,0.4780654,2.916522,0.0002124608,0.07066284,-0.1217388,0.9900437,37,5.7,-8.028852,72.78207,38,-5.7,-26.23577,202.3312
53.27411,21.09683,-35.32665,298.2083,0.7821923,2.931937,-0.003399776,-0.08009632,-0.007792849,0.01381509,-0.9966609,0.7224103,2.922139,-0.001283273,0.06761227,-0.1269282,0.9896049,37,5.7,-7.704467,70.47395,38,-5.7,-25.91139,200.023
53.29132,21.05147,-35.03687,295.9489,0.9048206,2.933222,-0.003891566,-0.07994811,-0.006516553,0.01399335,-0.9966795,0.8314131,2.922139,-0.001283273,0.06761227,-0.1269282,0.9896049,37,5.7,-7.476701,68.85331,38,-5.7,-25.68362,198.4024
53.31592,24.18819,-35.07089,293.611,1.150347,2.935345,-0.004825142,-0.08196306,-0.004588023,0.01423455,-0.9965232,1.081028,2.927047,-0.0025464,0.07781176,-0.1279554,0.9887228,37,5.7,-7.151179,66.5371,38,-5.7,-25.3581,196.0862
53.33325,22.41386,-36.27394,291.3885,1.274612,2.936643,-0.004973968,-0.0819815,-0.003792036,0.01390426,-0.9965296,1.223552,2.930957,-0.003690183,0.07188506,-0.132997,0.9885061,37,5.7,-6.922509,64.91003,38,-5.7,-25.12943,194.4591
53.35779,22.51224,-36.04781,289.7077,1.522797,2.937527,-0.005398567,-0.08097658,-0.002001939,0.01396447,-0.9966162,1.444161,2.930957,-0.003690183,0.07188506,-0.132997,0.9885061,37,5.7,-6.597867,62.60007,38,-5.7,-24.80479,192.1492
53.375,21.22122,-36.37708,287.612,1.646529,2.937849,-0.005353572,-0.0794436,-0.001273016,0.01419691,-0.9967374,1.586778,2.933925,-0.004638344,0.06748298,-0.1351107,0.9885298,37,5.7,-6.370613,60.98308,38,-5.7,-24.57754,190.5322
53.39948,NaN,NaN,NaN,1.893411,2.938267,-0.00501908,-0.07628691,0.0006404491,0.01451313,-0.9969801,1.839115,2.935859,-0.005248338,0.0684231,-0.1396003,0.9878411,37,5.7,-6.047025,58.68063,38,-5.7,-24.25395,188.2297
53.41687,NaN,NaN,NaN,2.016976,2.938218,-0.004780804,-0.07594276,0.001462052,0.01478071,-0.9970016,1.948951,2.935859,-0.005248338,0.0684231,-0.1396003,0.9878411,37,5.7,-5.816494,57.04032,38,-5.7,-24.02342,186.5894
53.44135,NaN,NaN,NaN,2.26153,2.938339,-0.004060938,-0.07586765,0.002849949,0.01480982,-0.9970039,2.199268,2.936912,-0.005306542,0.06394824,-0.1421524,0.9877769,37,5.7,-5.493473,54.74191,38,-5.7,-23.7004,184.291
53.45886,NaN,NaN,NaN,2.382124,2.937642,-0.003791423,-0.07676526,0.003373104,0.01459405,-0.9969367,2.306463,2.936912,-0.005306542,0.06394824,-0.1421524,0.9877769,37,5.7,-5.261665,53.09251,38,-5.7,-23.46859,182.6416
53.48297,NaN,NaN,NaN,2.621916,2.935627,-0.003058664,-0.07881272,0.004845972,0.01391249,-0.9967806,2.552281,2.937184,-0.004955471,0.06002054,-0.1418749,0.9880633,37,5.7,-4.942808,50.82372,38,-5.7,-23.14973,180.3728
53.50049,NaN,NaN,NaN,2.740943,2.935315,-0.002127873,-0.07923953,0.005620274,0.01393038,-0.9967424,2.658082,2.937184,-0.004955471,0.06002054,-0.1418749,0.9880633,37,5.7,-4.710981,49.17418,38,-5.7,-22.91791,178.7233
53.52466,26.28566,-52.42722,373.3983,2.975568,2.932937,-0.0006479334,-0.07806768,0.007187638,0.01410761,-0.9968224,2.899116,2.936617,-0.00423792,0.06183505,-0.1463845,0.9872932,37,5.7,-4.392069,46.905,38,-5.7,-22.599,176.4541
53.54224,13.01797,-22.55911,165.187,3.091883,2.93228,0.0004447532,-0.07755768,0.007967126,0.01396719,-0.9968582,3.034621,2.935144,-0.00311017,0.05962215,-0.1522557,0.9865412,37,5.7,-4.159404,45.2495,38,-5.7,-22.36633,174.7986
53.56641,13.09509,-23.66087,173.0264,3.320812,2.930264,0.002559965,-0.07619733,0.009328044,0.01261928,-0.9969693,3.26966,2.933087,-0.001446649,0.05603801,-0.151675,0.9868406,37,5.7,-3.839582,42.97385,38,-5.7,-22.04651,172.523
53.58423,15.81039,-30.73907,219.0792,3.4335,2.92913,0.003912638,-0.07464207,0.01028062,0.01156553,-0.9970903,3.369827,2.933087,-0.001446649,0.05603801,-0.151675,0.9868406,37,5.7,-3.603749,41.29582,38,-5.7,-21.81067,170.8449
53.60828,NaN,NaN,NaN,3.653366,2.926024,0.006478772,-0.07379092,0.01193511,0.01086461,-0.9971432,3.596163,2.930785,0.0007398725,0.05276713,-0.1435156,0.9882403,37,5.7,-3.286537,39.03874,38,-5.7,-21.49346,168.5878
53.62628,NaN,NaN,NaN,3.759796,2.925068,0.008039871,-0.07361083,0.01280771,0.01176938,-0.9971353,3.690768,2.930785,0.0007398725,0.05276713,-0.1435156,0.9882403,37,5.7,-3.048013,37.34155,38,-5.7,-21.25494,166.8907
53.65002,20.64931,-44.32883,342.1677,3.970221,2.922409,0.01105286,-0.0725379,0.0147064,0.01207986,-0.9971841,3.908009,2.928014,0.003532439,0.0484108,-0.1366525,0.9894354,37,5.7,-2.734487,35.11069,38,-5.7,-20.94141,164.6598
53.66797,NaN,NaN,NaN,4.073372,2.920985,0.01264329,-0.07228378,0.01620476,0.01049544,-0.9971972,4.028922,2.925021,0.006783128,0.04576783,-0.1379303,0.9893839,37,5.7,-2.496715,33.41887,38,-5.7,-20.70364,162.968
53.69177,NaN,NaN,NaN,4.275601,2.917499,0.01559641,-0.07249714,0.01926599,0.007375089,-0.9971552,4.208682,2.925021,0.006783128,0.04576783,-0.1379303,0.9893839,37,5.7,-2.181973,31.17935,38,-5.7,-20.3889,160.7285
53.70959,NaN,NaN,NaN,4.37378,2.915803,0.01704548,-0.07410938,0.02024,0.007223776,-0.9970186,4.324189,2.92183,0.0103084,0.04221732,-0.1364615,0.9897454,37,5.7,-1.946985,29.50733,38,-5.7,-20.15391,159.0564
53.73358,NaN,NaN,NaN,4.564472,2.912634,0.01994082,-0.07573552,0.02064364,0.009198293,-0.9968718,4.520982,2.91814,0.01390536,0.03666241,-0.1394153,0.9895551,37,5.7,-1.629473,27.24812,38,-5.7,-19.8364,156.7972
53.7514,NaN,NaN,NaN,4.656253,2.91127,0.02134075,-0.07655413,0.0207037,0.009820077,-0.9968021,4.602565,2.91814,0.01390536,0.03666241,-0.1394153,0.9895551,37,5.7,-1.393843,25.57152,38,-5.7,-19.60077,155.1206
53.77533,NaN,NaN,NaN,4.834421,2.908645,0.02416711,-0.07715725,0.0216419,0.008910869,-0.9967443,4.787169,2.914265,0.01746723,0.03321602,-0.1413586,0.989401,37,5.7,-1.077656,23.32173,38,-5.7,-19.28458,152.8708
53.79327,NaN,NaN,NaN,4.919046,2.907159,0.02548759,-0.07769746,0.02190931,0.009025013,-0.9966954,4.862391,2.914265,0.01746723,0.03321602,-0.1413586,0.989401,37,5.7,-0.8399737,21.63053,38,-5.7,-19.0469,151.1796
53.8172,NaN,NaN,NaN,5.085454,2.904747,0.02843178,-0.07804817,0.02263443,0.009790206,-0.9966446,5.035329,2.91067,0.02092975,0.03054764,-0.1441869,0.9890789,37,5.7,-0.5238585,19.38126,38,-5.7,-18.73078,148.9304
53.83472,16.27245,-55.21952,393.2666,5.164924,2.903521,0.02986669,-0.07813543,0.02321379,0.01006813,-0.9966217,5.129711,2.907103,0.02433477,0.02801998,-0.1461676,0.9888629,37,5.7,-0.2919352,17.73104,38,-5.7,-18.49886,147.2801
53.85901,16.40893,-55.21945,393.2661,5.318473,2.901354,0.03271905,-0.07889885,0.02441863,0.009800412,-0.9965354,5.266199,2.907103,0.02433477,0.02801998,-0.1461676,0.9888629,37,5.7,0.02922413,15.44587,38,-5.7,-18.1777,144.995
53.87646,12.85,-40.36901,289.8078,5.392102,2.900702,0.03429741,-0.07915845,0.02510825,0.008641111,-0.9965084,5.353971,2.904115,0.02772671,0.02557593,-0.1476449,0.9887097,37,5.7,0.2595582,13.80696,38,-5.7,-17.94737,143.356
53.901,12.08926,-39.7472,283.1754,5.533106,2.898672,0.03720377,-0.0793905,0.0263188,0.007853326,-0.9964652,5.500342,2.901518,0.03116643,0.02300487,-0.1489059,0.9885837,37,5.7,0.5837302,11.50035,38,-5.7,-17.6232,141.0494
53.9184,12.14859,-39.74725,283.1757,5.599844,2.897678,0.03860468,-0.07996281,0.02687459,0.008287192,-0.9964011,5.559665,2.901518,0.03116643,0.02300487,-0.1489059,0.9885837,37,5.7,0.8141655,9.86072,38,-5.7,-17.39276,139.4098
53.9425,10.31003,-31.41324,223.8761,5.728436,2.8956,0.04126529,-0.08096272,0.02763062,0.00837062,-0.996299,5.693656,2.899213,0.03464467,0.02038106,-0.1514878,0.988249,37,5.7,1.133112,7.591296,38,-5.7,-17.07381,137.1404
53.96014,10.36492,-31.41322,223.876,5.790186,2.894435,0.04252453,-0.0814013,0.02811645,0.006948063,-0.9962605,5.748545,2.899213,0.03464467,0.02038106,-0.1514878,0.988249,37,5.7,1.365892,5.934979,38,-5.7,-16.84103,135.4841
53.9845,11.65112,-44.13144,314.3709,5.909794,2.892197,0.0450381,-0.08228573,0.02939738,0.003858564,-0.9961677,5.873175,2.896914,0.03800978,0.01817625,-0.1479419,0.988829,37,5.7,1.687702,3.645187,38,-5.7,-16.51922,133.1943
54.00171,8.730086,-24.30523,173.3,5.967165,2.891215,0.04620516,-0.08296099,0.02972864,0.002382021,-0.9961064,5.941463,2.894346,0.04126314,0.01589836,-0.1550691,0.9877757,37,5.7,1.915882,2.021601,38,-5.7,-16.29104,131.5707
54.02625,8.828749,-24.3052,173.2998,6.078166,2.889001,0.04841076,-0.08478311,0.02996558,7.886324E-05,-0.9959488,6.04013,2.894346,0.04126314,0.01589836,-0.1550691,0.9877757,38,-5.7,-15.96732,129.2673,38,NaN,NaN,NaN
54.04346,8.932344,-28.20366,201.0387,6.132473,2.887875,0.049417,-0.08525081,0.03005577,-0.0008659164,-0.9959058,6.104597,2.891738,0.04430475,0.01390203,-0.1528741,0.9881479,38,-5.7,-15.73947,127.646,38,NaN,NaN,NaN
54.06787,8.679414,-23.22017,165.5794,6.23868,2.885383,0.05107024,-0.08629016,0.03030728,-0.002818289,-0.995805,6.214574,2.889006,0.0469709,0.01470693,-0.1557854,0.9876814,38,-5.7,-15.41657,125.3485,38,NaN,NaN,NaN
54.08527,8.722802,-23.2202,165.5796,6.287489,2.884476,0.05189057,-0.08695147,0.03009659,-0.003807166,-0.9957505,6.257959,2.889006,0.0469709,0.01470693,-0.1557854,0.9876814,38,-5.7,-15.18663,123.7124,38,NaN,NaN,NaN
54.10968,NaN,NaN,NaN,6.380984,2.88228,0.05331387,-0.08824715,0.02916501,-0.004820447,-0.9956599,6.355567,2.886284,0.04937612,0.007699267,-0.1425919,0.9897516,38,-5.7,-14.86421,121.4182,38,NaN,NaN,NaN
54.12708,NaN,NaN,NaN,6.425003,2.88119,0.0538888,-0.08834843,0.02834438,-0.00455629,-0.9956759,6.394695,2.886284,0.04937612,0.007699267,-0.1425919,0.9897516,38,-5.7,-14.63419,119.7816,38,NaN,NaN,NaN
54.15125,NaN,NaN,NaN,6.507305,2.879783,0.05502744,-0.08761389,0.02674999,-0.004775964,-0.9957838,6.48126,2.883697,0.05147623,-0.007771674,-0.1341854,0.9909257,38,-5.7,-14.31409,117.504,38,NaN,NaN,NaN
54.16864,-21.47647,-37.37733,291.9587,6.543865,2.879032,0.05549034,-0.08680044,0.02624368,-0.005292959,-0.995866,6.526145,2.881204,0.05321887,-0.09460469,-0.1360104,0.9861801,38,-5.7,-14.0839,115.8661,38,NaN,NaN,NaN
54.19312,-21.2651,-37.16051,290.3864,6.611975,2.877277,0.05603181,-0.08667063,0.02509686,-0.00628798,-0.995901,6.586687,2.881204,0.05321887,-0.09460469,-0.1360104,0.9861801,38,-5.7,-13.76104,113.5688,38,NaN,NaN,NaN
54.21033,NaN,NaN,NaN,6.643462,2.876628,0.05624185,-0.08694403,0.02444298,-0.00700875,-0.9958887,6.625658,2.879193,0.05473399,-0.1069023,-0.1403341,0.9843162,38,-5.7,-13.53325,111.948,38,NaN,NaN,NaN
54.2348,NaN,NaN,NaN,6.701105,2.875988,0.05663861,-0.08670515,0.02253897,-0.008108932,-0.995946,6.68687,2.877216,0.05562709,-0.1053776,-0.1420741,0.9842309,38,-5.7,-13.20964,109.6454,38,NaN,NaN,NaN
54.25226,NaN,NaN,NaN,6.725612,2.875896,0.05670207,-0.08592349,0.02185531,-0.008794372,-0.9960232,6.708654,2.877216,0.05562709,-0.1053776,-0.1420741,0.9842309,38,-5.7,-12.9784,108,38,NaN,NaN,NaN
54.27661,-12.85,-24.68119,179.0074,6.769922,2.875459,0.05659717,-0.08535166,0.02080113,-0.01017706,-0.9960818,6.756704,2.87572,0.05619968,-0.1076587,-0.1513126,0.9826058,38,-5.7,-12.65662,105.7104,38,NaN,NaN,NaN
54.29401,-12.85,-24.70796,179.1812,6.79134,2.875356,0.05658718,-0.08503857,0.02076182,-0.01129901,-0.9960973,6.775743,2.87572,0.05619968,-0.1076587,-0.1513126,0.9826058,38,-5.7,-12.42655,104.0734,38,NaN,NaN,NaN
54.31854,-19.82995,-31.91785,227.4666,6.825564,2.874917,0.05635891,-0.08442821,0.02012273,-0.01294332,-0.9961423,6.813677,2.874885,0.05659198,-0.1150446,-0.1502317,0.9819344,38,-5.7,-12.10251,101.7677,38,NaN,NaN,NaN
54.33569,-18.67812,-30.56841,217.8648,6.837848,2.874788,0.05617008,-0.0841002,0.01980483,-0.01315209,-0.9961737,6.830791,2.874386,0.05665031,-0.1149919,-0.1507572,0.98186,38,-5.7,-11.87529,100.1509,38,NaN,NaN,NaN
54.36047,-18.66131,-30.56841,217.8648,6.856756,2.874738,0.05568847,-0.08332845,0.01983695,-0.01366828,-0.996231,6.847597,2.874386,0.05665031,-0.1149919,-0.1507572,0.98186,38,-5.7,-11.54797,97.82195,38,NaN,NaN,NaN
54.37756,-21.74437,-33.74929,240.498,6.862094,2.874578,0.05533256,-0.08290346,0.02035149,-0.01403138,-0.996251,6.856989,2.87398,0.056331,-0.1167923,-0.1495494,0.9818322,38,-5.7,-11.32176,96.21243,38,NaN,NaN,NaN
54.40186,-25.77052,-37.36484,266.2239,6.867944,2.874187,0.05466645,-0.08211351,0.02134775,-0.01400559,-0.9962959,6.86544,2.873729,0.05581825,-0.1203552,-0.1483922,0.9815775,38,-5.7,-11.00053,93.92676,38,NaN,NaN,NaN
54.41956,-25.77023,-37.36479,266.2236,6.868219,2.87419,0.05445528,-0.08171517,0.02202202,-0.01378248,-0.9963171,6.865685,2.873729,0.05581825,-0.1203552,-0.1483922,0.9815775,38,-5.7,-10.7665,92.26154,38,NaN,NaN,NaN
54.44373,-32.50802,-44.54035,317.2803,6.86165,2.873971,0.05364789,-0.08121653,0.02270705,-0.01281179,-0.9963555,6.861892,2.873547,0.05535603,-0.1218295,-0.1467214,0.9816468,38,-5.7,-10.44748,89.99162,38,NaN,NaN,NaN
54.46173,-32.51515,-44.54036,317.2803,6.853631,2.873863,0.05314125,-0.08123089,0.02301296,-0.01226756,-0.9963542,6.854765,2.873547,0.05535603,-0.1218295,-0.1467214,0.9816468,38,-5.7,-10.20956,88.29869,38,NaN,NaN,NaN
54.48541,-37.92425,-49.99495,356.0917,6.831367,2.873729,0.05219656,-0.0804878,0.02358891,-0.01131808,-0.9964122,6.835432,2.873249,0.05453318,-0.1234023,-0.1457575,0.981594,38,-5.7,-9.89579,86.06612,38,NaN,NaN,NaN
54.50311,NaN,NaN,NaN,6.815655,2.873779,0.05179803,-0.07955933,0.02371694,-0.01075311,-0.9964899,6.820461,2.87295,0.05348364,-0.1253489,-0.1422341,0.9818641,38,-5.7,-9.661973,84.40242,38,NaN,NaN,NaN
54.52734,NaN,NaN,NaN,6.778949,2.874269,0.0509586,-0.07785878,0.02389346,-0.009695813,-0.9966309,6.787834,2.87295,0.05348364,-0.1253489,-0.1422341,0.9818641,38,-5.7,-9.34158,82.1227,38,NaN,NaN,NaN
54.54492,NaN,NaN,NaN,6.756799,2.874678,0.05045604,-0.07784232,0.02395128,-0.00927965,-0.9966347,6.765623,2.872745,0.05235439,-0.1285818,-0.1427421,0.9813722,38,-5.7,-9.109224,80.46941,38,NaN,NaN,NaN
54.56897,NaN,NaN,NaN,6.704986,2.875942,0.04952379,-0.07841513,0.02397983,-0.008828618,-0.9965933,6.715524,2.872922,0.05123159,-0.1294847,-0.1394212,0.9817308,38,-5.7,-8.791157,78.20624,38,NaN,NaN,NaN
54.58667,NaN,NaN,NaN,6.674613,2.876814,0.0490322,-0.07871204,0.02397115,-0.008569059,-0.9965724,6.688525,2.872922,0.05123159,-0.1294847,-0.1394212,0.9817308,38,-5.7,-8.557055,76.54052,38,NaN,NaN,NaN
54.61072,NaN,NaN,NaN,6.609061,2.87921,0.04805283,-0.07855277,0.02348874,-0.007759738,-0.996603,6.624598,2.873887,0.05019596,-0.1281541,-0.142236,0.9815016,38,-5.7,-8.239514,74.2811,38,NaN,NaN,NaN
54.62866,NaN,NaN,NaN,6.572448,2.880631,0.04746747,-0.07872318,0.02340499,-0.00769974,-0.996592,6.592053,2.873887,0.05019596,-0.1281541,-0.142236,0.9815016,38,-5.7,-8.00192,72.59052,38,NaN,NaN,NaN
54.65247,NaN,NaN,NaN,6.494263,2.883515,0.04608605,-0.08040369,0.02356491,-0.007521931,-0.9964554,6.515347,2.875637,0.04908778,-0.09636621,-0.1383842,0.9856791,38,-5.7,-7.687511,70.35339,38,NaN,NaN,NaN
54.66992,NaN,NaN,NaN,6.45183,2.885384,0.04534161,-0.0817292,0.02418488,-0.007491264,-0.9963329,6.468996,2.878381,0.04785883,-0.0432781,-0.1259362,0.9910939,38,-5.7,-7.456429,68.70916,38,NaN,NaN,NaN
54.6947,NaN,NaN,NaN,6.36233,2.889093,0.0437644,-0.08332698,0.02511872,-0.005840761,-0.9961885,6.389441,2.878381,0.04785883,-0.0432781,-0.1259362,0.9910939,38,-5.7,-7.128673,66.37705,38,NaN,NaN,NaN
54.71161,NaN,NaN,NaN,6.315197,2.891039,0.04285772,-0.08353943,0.02534171,-0.004857339,-0.9961704,6.337531,2.881806,0.04634618,-0.04404212,-0.127824,0.9908186,38,-5.7,-6.905736,64.79077,38,NaN,NaN,NaN
54.72864,NaN,NaN,NaN,6.266053,2.892855,0.04188848,-0.08349554,0.02517535,-0.003512795,-0.996184,6.293848,2.881806,0.04634618,-0.04404212,-0.127824,0.9908186,38,-5.7,-6.680124,63.18546,38,NaN,NaN,NaN
54.75,NaN,NaN,NaN,6.164534,2.896844,0.03989681,-0.08352787,0.02507637,-0.00151644,-0.9961888,6.192336,2.885862,0.04455902,-0.04558403,-0.1254354,0.991054,38,-5.7,-6.397734,61.17615,38,NaN,NaN,NaN
54.76727,NaN,NaN,NaN,6.110861,2.898806,0.03863115,-0.08307764,0.02519788,-0.0007696482,-0.9962242,6.132274,2.890283,0.0424351,-0.04736586,-0.1252563,0.9909931,38,-5.7,-6.169346,59.55109,38,NaN,NaN,NaN
54.79175,NaN,NaN,NaN,6.000151,2.902754,0.03619322,-0.08222354,0.02598319,-0.0002236104,-0.9962752,6.033865,2.890283,0.0424351,-0.04736586,-0.1252563,0.9909931,38,-5.7,-5.845541,57.24709,38,NaN,NaN,NaN
54.80908,NaN,NaN,NaN,5.943278,2.904667,0.035131,-0.081738,0.02616474,0.0008204367,-0.9963101,5.969876,2.894754,0.03967422,-0.04769817,-0.1244431,0.9910796,38,-5.7,-5.61657,55.61788,38,NaN,NaN,NaN
54.82593,NaN,NaN,NaN,5.885111,2.906475,0.03408209,-0.08111317,0.02614445,0.001848016,-0.9963603,5.918172,2.894754,0.03967422,-0.04769817,-0.1244431,0.9910796,38,-5.7,-5.393962,54.03394,38,NaN,NaN,NaN
54.84747,NaN,NaN,NaN,5.767341,2.910181,0.03221978,-0.07972489,0.02606736,0.003426868,-0.9964702,5.799242,2.899596,0.03715812,-0.04881312,-0.1229312,0.991214,38,-5.7,-5.108823,52.00507,38,NaN,NaN,NaN
54.86554,NaN,NaN,NaN,5.706948,2.912213,0.03148137,-0.07867822,0.02616179,0.003587107,-0.9965503,5.745559,2.899596,0.03715812,-0.04881312,-0.1229312,0.991214,38,-5.7,-4.870116,50.30658,38,NaN,NaN,NaN
54.88922,NaN,NaN,NaN,5.583751,2.915774,0.02999038,-0.07675966,0.02645493,0.004429534,-0.9966888,5.621058,2.904273,0.03466015,-0.04080243,-0.1173316,0.9922543,38,-5.7,-4.557366,48.08125,38,NaN,NaN,NaN
54.90662,NaN,NaN,NaN,5.520572,2.917304,0.0292978,-0.07620458,0.02631236,0.005181069,-0.9967315,5.549205,2.908865,0.03236168,-0.0412331,-0.1138123,0.9926463,38,-5.7,-4.327138,46.44309,38,NaN,NaN,NaN
54.93103,NaN,NaN,NaN,5.396301,2.91997,0.02813638,-0.0757136,0.02561571,0.006488161,-0.9967794,5.438742,2.908865,0.03236168,-0.0412331,-0.1138123,0.9926463,38,-5.7,-4.004537,44.14766,38,NaN,NaN,NaN
54.94836,NaN,NaN,NaN,5.333848,2.921494,0.02767504,-0.07594144,0.02497327,0.006609954,-0.9967777,5.367012,2.913212,0.0304188,-0.04381124,-0.1184152,0.9919972,38,-5.7,-3.775063,42.51487,38,NaN,NaN,NaN
54.97278,NaN,NaN,NaN,5.208045,2.924282,0.02683644,-0.07577977,0.02366559,0.007267089,-0.9968172,5.238755,2.916987,0.02886222,-0.04297549,-0.1162663,0.9922879,38,-5.7,-3.452224,40.21775,38,NaN,NaN,NaN
54.99048,NaN,NaN,NaN,5.144873,2.92519,0.02639632,-0.07630746,0.02305466,0.007768786,-0.9967875,5.182602,2.916987,0.02886222,-0.04297549,-0.1162663,0.9922879,38,-5.7,-3.218544,38.55503,38,NaN,NaN,NaN
55.01453,NaN,NaN,NaN,5.019037,2.926859,0.02524842,-0.07737885,0.02198458,0.008150716,-0.996726,5.054154,2.920454,0.02760611,-0.04068695,-0.1154883,0.9924752,38,-5.7,-2.900216,36.29001,38,NaN,NaN,NaN
55.03217,NaN,NaN,NaN,4.956571,2.927639,0.02478316,-0.07796613,0.02146858,0.008183011,-0.9966913,4.998628,2.920454,0.02760611,-0.04068695,-0.1154883,0.9924752,38,-5.7,-2.667278,34.63257,38,NaN,NaN,NaN
55.05634,NaN,NaN,NaN,4.832466,2.929124,0.02433972,-0.0785249,0.0200987,0.009087533,-0.9966682,4.87159,2.923229,0.02607433,-0.03813587,-0.114907,0.992644,38,-5.7,-2.347847,32.3597,38,NaN,NaN,NaN
55.07379,NaN,NaN,NaN,4.770539,2.929981,0.02429901,-0.07822608,0.01942083,0.009193575,-0.9967041,4.799818,2.925535,0.02511071,-0.03563181,-0.1179086,0.992385,38,-5.7,-2.116937,30.71669,38,NaN,NaN,NaN
55.09814,NaN,NaN,NaN,4.648133,2.930747,0.0241295,-0.07784913,0.01861305,0.009689245,-0.9967443,4.691013,2.925535,0.02511071,-0.03563181,-0.1179086,0.992385,38,-5.7,-1.79457,28.42293,38,NaN,NaN,NaN
55.11542,NaN,NaN,NaN,4.588059,2.931121,0.024271,-0.07763672,0.01829068,0.009562675,-0.9967681,4.621006,2.927491,0.02447636,-0.06394785,-0.1292839,0.9895435,38,-5.7,-1.566145,26.79761,38,NaN,NaN,NaN
55.13983,NaN,NaN,NaN,4.467193,2.931612,0.02453133,-0.07689791,0.01750079,0.00962365,-0.9968389,4.497048,2.928977,0.02413145,-0.06710377,-0.1292062,0.9893447,38,-5.7,-1.244091,24.50607,38,NaN,NaN,NaN
55.15704,NaN,NaN,NaN,4.408352,2.931693,0.02472197,-0.07682066,0.01680712,0.009941281,-0.9968538,4.444745,2.928977,0.02413145,-0.06710377,-0.1292062,0.9893447,38,-5.7,-1.016532,22.88691,38,NaN,NaN,NaN
55.18152,-21.55,-43.43887,356.8721,4.29475,2.931943,0.02526888,-0.0772624,0.01493661,0.01106477,-0.9968375,4.327322,2.92991,0.02409358,-0.07172653,-0.1285248,0.989109,38,-5.7,-0.6923561,20.58027,38,NaN,NaN,NaN
55.19904,-21.43721,-43.14793,354.6327,4.238915,2.931758,0.02554896,-0.07784879,0.01434532,0.01126133,-0.9967984,4.277692,2.92991,0.02409358,-0.07172653,-0.1285248,0.989109,38,-5.7,-0.4610965,18.93477,38,NaN,NaN,NaN
55.22333,-22.37731,-42.73668,352.7919,4.129498,2.931455,0.02607206,-0.07992802,0.01359962,0.01153952,-0.996641,4.164759,2.930537,0.02448249,-0.07441009,-0.128027,0.9889753,38,-5.7,-0.1401094,16.65083,38,NaN,NaN,NaN
55.24066,-22.06339,-44.00517,349.7248,4.074904,2.931431,0.02638935,-0.08104116,0.01330343,0.01174954,-0.9965528,4.101022,2.93074,0.02507119,-0.07395165,-0.1326607,0.9883988,38,-5.7,0.08928271,15.01862,38,NaN,NaN,NaN
55.26532,-22.03688,-43.78522,348.0861,3.966795,2.931058,0.02689695,-0.08290926,0.01196106,0.01321793,-0.9963977,4.004925,2.93074,0.02507119,-0.07395165,-0.1326607,0.9883988,38,-5.7,0.4153353,12.69864,38,NaN,NaN,NaN
55.28229,-21.15519,-43.21445,346.7358,3.914957,2.930993,0.02711619,-0.08357655,0.01094155,0.0139805,-0.9963433,3.943846,2.930641,0.02571537,-0.07157517,-0.1315924,0.9887166,38,-5.7,0.6401412,11.09906,38,NaN,NaN,NaN
55.3067,-21.67143,-45.02447,343.8039,3.814431,2.930578,0.02731116,-0.08485231,0.009363187,0.01404886,-0.9962506,3.840002,2.930336,0.02636822,-0.07329978,-0.1377844,0.9877462,38,-5.7,0.9625179,8.805233,38,NaN,NaN,NaN
55.32416,-21.54611,-44.70711,341.5288,3.765476,2.930468,0.02730214,-0.08572443,0.008812202,0.01314036,-0.9961932,3.796487,2.930336,0.02636822,-0.07329978,-0.1377844,0.9877462,38,-5.7,1.193156,7.164155,38,NaN,NaN,NaN
55.34851,NaN,NaN,NaN,3.667657,2.930657,0.02732125,-0.08672429,0.007791464,0.0116373,-0.9961339,3.695668,2.929944,0.02688726,-0.07996846,-0.1385075,0.9871275,38,-5.7,1.514985,4.874226,38,NaN,NaN,NaN
55.36597,-22.80312,-45.8357,339.5383,3.620063,2.930684,0.02717322,-0.08651707,0.007555373,0.0109471,-0.9961616,3.639972,2.929629,0.02712504,-0.07686649,-0.1417542,0.986913,38,-5.7,1.746075,3.229938,38,NaN,NaN,NaN
55.3902,-22.76024,-45.60249,337.9146,3.526023,2.931635,0.02687339,-0.08589209,0.006423648,0.01022217,-0.9962313,3.556381,2.929629,0.02712504,-0.07686649,-0.1417542,0.986913,38,-5.7,2.066591,0.9493434,38,NaN,NaN,NaN
55.40771,NaN,NaN,NaN,3.479891,2.932374,0.02680092,-0.08457497,0.005539373,0.01053781,-0.996346,3.502369,2.929663,0.02695176,-0.03497757,-0.1422361,0.9892146,38,NaN,NaN,NaN,38,NaN,NaN,NaN
55.43201,NaN,NaN,NaN,3.388338,2.933184,0.02631735,-0.08299829,0.003394878,0.01153323,-0.9964772,3.40832,2.930313,0.02682514,-0.01137635,-0.1296177,0.9914988,38,NaN,NaN,NaN,38,NaN,NaN,NaN
55.44958,NaN,NaN,NaN,3.343053,2.933653,0.02600309,-0.08247712,0.002533858,0.01195368,-0.9965181,3.368067,2.930313,0.02682514,-0.01137635,-0.1296177,0.9914988,38,NaN,NaN,NaN,38,NaN,NaN,NaN
55.47382,NaN,NaN,NaN,3.253221,2.935417,0.02558933,-0.08090251,0.001171513,0.01247504,-0.9966432,3.275862,2.93139,0.02649327,-0.007293123,-0.1212235,0.9925984,38,NaN,NaN,NaN,38,NaN,NaN,NaN
55.49127,NaN,NaN,NaN,3.208806,2.936148,0.02526791,-0.07987954,0.000702369,0.0132609,-0.9967161,3.236382,2.93139,0.02649327,-0.007293123,-0.1212235,0.9925984,38,NaN,NaN,NaN,38,NaN,NaN,NaN
55.51556,NaN,NaN,NaN,3.120311,2.937383,0.02462393,-0.07839316,8.86526E-05,0.01484433,-0.996812,3.145629,2.932868,0.02593638,-0.007316932,-0.1179973,0.992987,38,NaN,NaN,NaN,38,NaN,NaN,NaN
55.53302,NaN,NaN,NaN,3.075547,2.938095,0.02438417,-0.07772864,0.0001389962,0.01566216,-0.9968515,3.105839,2.932868,0.02593638,-0.007316932,-0.1179973,0.992987,38,NaN,NaN,NaN,38,NaN,NaN,NaN
55.55847,NaN,NaN,NaN,2.987661,2.939166,0.02379491,-0.0762524,0.000346099,0.01700241,-0.9969435,3.01579,2.934607,0.02527702,-0.01119423,-0.1218331,0.9924875,38,NaN,NaN,NaN,38,NaN,NaN,NaN
55.57452,NaN,NaN,NaN,2.94444,2.939615,0.02347289,-0.07657197,0.0003665248,0.01740068,-0.9969121,2.965512,2.936192,0.02463345,-0.01285441,-0.1192949,0.9927757,38,NaN,NaN,NaN,38,NaN,NaN,NaN
55.59149,NaN,NaN,NaN,2.901775,2.940058,0.02317106,-0.07630938,0.0003493801,0.01794151,-0.9969227,2.927588,2.936192,0.02463345,-0.01285441,-0.1192949,0.9927757,38,NaN,NaN,NaN,38,NaN,NaN,NaN
55.61298,NaN,NaN,NaN,2.81769,2.940721,0.02245498,-0.07633714,-0.0002511479,0.01981619,-0.9968851,2.841096,2.937608,0.02395786,-0.01268842,-0.12065,0.992614,38,NaN,NaN,NaN,38,NaN,NaN,NaN
55.63049,NaN,NaN,NaN,2.776347,2.941248,0.02212703,-0.07612363,-0.0007488932,0.02041676,-0.9968891,2.804347,2.937608,0.02395786,-0.01268842,-0.12065,0.992614,38,NaN,NaN,NaN,38,NaN,NaN,NaN
55.64691,NaN,NaN,NaN,2.735713,2.941643,0.02179711,-0.07565244,-0.001121905,0.02098443,-0.9969128,2.756706,2.93891,0.02320318,-0.01033626,-0.123428,0.9922997,38,NaN,NaN,NaN,38,NaN,NaN,NaN
55.6687,NaN,NaN,NaN,2.654596,2.942263,0.02101891,-0.07523744,-0.00193201,0.02284608,-0.9969021,2.673373,2.939833,0.02240665,-0.008749798,-0.1220465,0.9924858,38,NaN,NaN,NaN,38,NaN,NaN,NaN
55.68585,NaN,NaN,NaN,2.61447,2.942662,0.02063521,-0.07497568,-0.002395473,0.02378724,-0.9968988,2.637705,2.939833,0.02240665,-0.008749798,-0.1220465,0.9924858,38,NaN,NaN,NaN,38,NaN,NaN,NaN
55.7027,NaN,NaN,NaN,2.574742,2.943046,0.02022332,-0.07479855,-0.00304245,0.02443031,-0.9968947,2.59143,2.940662,0.02156349,-0.004413156,-0.1210141,0.992641,38,NaN,NaN,NaN,38,NaN,NaN,NaN
55.72449,NaN,NaN,NaN,2.496768,2.943957,0.0194652,-0.07387146,-0.004194004,0.02491266,-0.9969477,2.52212,2.940662,0.02156349,-0.004413156,-0.1210141,0.992641,38,NaN,NaN,NaN,38,NaN,NaN,NaN
55.74152,NaN,NaN,NaN,2.45779,2.944013,0.01892515,-0.07319868,-0.004831519,0.02482074,-0.9969968,2.476732,2.94148,0.02062091,0.007618784,-0.1146042,0.993382,38,NaN,NaN,NaN,38,NaN,NaN,NaN
55.75854,NaN,NaN,NaN,2.419151,2.944179,0.01843278,-0.07313991,-0.005389284,0.02503457,-0.9969929,2.442387,2.94148,0.02062091,0.007618784,-0.1146042,0.993382,38,NaN,NaN,NaN,38,NaN,NaN,NaN
55.78015,NaN,NaN,NaN,2.343288,2.945355,0.01784964,-0.07183231,-0.006173335,0.02490312,-0.9970867,2.364439,2.942256,0.01957509,0.01091783,-0.1129048,0.9935458,38,NaN,NaN,NaN,38,NaN,NaN,NaN
55.79761,NaN,NaN,NaN,2.305721,2.945271,0.01742809,-0.07116196,-0.006412772,0.02517478,-0.9971264,2.331046,2.942256,0.01957509,0.01091783,-0.1129048,0.9935458,38,NaN,NaN,NaN,38,NaN,NaN,NaN
55.82184,NaN,NaN,NaN,2.23227,2.945958,0.01680069,-0.0705324,-0.00684323,0.02579181,-0.9971526,2.255426,2.94312,0.01863958,0.01247505,-0.115025,0.9932843,38,NaN,NaN,NaN,38,NaN,NaN,NaN
55.83942,NaN,NaN,NaN,2.197146,2.946432,0.0165903,-0.06987718,-0.006881979,0.0258764,-0.9971963,2.214081,2.943937,0.01776876,0.007022788,-0.1151382,0.9933247,38,NaN,NaN,NaN,38,NaN,NaN,NaN
55.86401,NaN,NaN,NaN,2.127656,2.947178,0.01619837,-0.0686318,-0.006970869,0.02666371,-0.9972613,2.152312,2.943937,0.01776876,0.007022788,-0.1151382,0.9933247,38,NaN,NaN,NaN,38,NaN,NaN,NaN
55.88104,NaN,NaN,NaN,2.092818,2.947412,0.01604675,-0.06804217,-0.006928229,0.02761157,-0.9972763,2.111619,2.944975,0.01707177,0.008247381,-0.1128399,0.993579,38,NaN,NaN,NaN,38,NaN,NaN,NaN
55.90558,NaN,NaN,NaN,2.024638,2.948168,0.01590336,-0.06656556,-0.006806752,0.02926051,-0.9973297,2.041481,2.945803,0.01646812,0.01103005,-0.1102683,0.9938406,38,NaN,NaN,NaN,38,NaN,NaN,NaN
55.92273,NaN,NaN,NaN,1.99054,2.948433,0.01581556,-0.06611964,-0.007179729,0.0304806,-0.9973203,2.011171,2.945803,0.01646812,0.01103005,-0.1102683,0.9938406,38,NaN,NaN,NaN,38,NaN,NaN,NaN
55.9472,NaN,NaN,NaN,1.924986,2.948844,0.01579316,-0.06551909,-0.007354332,0.0313877,-0.9973304,1.943556,2.946483,0.01602516,0.01113211,-0.1090657,0.9939722,38,NaN,NaN,NaN,38,NaN,NaN,NaN
RESULT,totalFlags,35
RESULT,totalShort,0
RESULT,totalLong,35
RESULT,totalTight,15
RESULT,passedFlags,10
RESULT,shortTurns,0
RESULT,longTurns,10
RESULT,tightTurns,1
RESULT,passRate,28.57143
RESULT,shortRate,0
RESULT,longRate,28.57143
RESULT,tightRate,6.666667
RESULT,totalValidTime,48.4294
RESULT,timeP0,22.9049
RESULT,timeP1,21.1641
RESULT,timeS0,0
RESULT,timeS1,0.3334917
RESULT,timeOther,4.026934
RESULT,cntP0,28
RESULT,cntP1,32
RESULT,rateTimeP0,0.4729545
RESULT,rateTimeP1,0.4370093
RESULT,rateTimeS0,0
RESULT,rateTimeS1,0.006886141
RESULT,rateTimeOther,0.0831506
RESULT,rateCntP0,0.7179487
RESULT,rateCntP1,0.8205128
flagId,passedCorrect,turnDir,minDistToFlagDuringApproach
4,0,1,2.014382
5,0,-1,6.931017
6,1,1,2.699927
7,0,-1,2.968519
8,0,1,4.37945
9,1,-1,1.340414
10,0,1,2.418527
11,0,-1,4.803626
12,0,1,3.331108
13,0,-1,2.990869
14,0,1,2.709106
15,0,-1,5.892446
16,1,1,1.91631
17,0,-1,2.046977
18,1,1,2.333498
19,0,-1,5.377423
20,0,1,3.320514
21,1,-1,1.55425
22,0,1,2.128757
23,0,-1,5.446051
24,1,1,2.279048
25,0,-1,2.415341
26,1,1,2.401749
27,0,-1,3.303811
28,0,1,3.370747
29,0,-1,6.435978
30,1,1,2.183969
31,0,-1,4.734191
32,0,1,2.813238
33,0,-1,1.639584
34,0,1,2.000837
35,0,-1,5.092594
36,1,1,1.955542
37,1,-1,0.8636727
38,0,1,8.848924
pId,lastRiseSecBeforePassP
4,0.002401772
5,0.2865155
6,1.348598
7,0.4619851
8,1.420067
9,1.354205
10,0.7317743
11,0.1574247
12,0.1409327
13,0.2393659
14,NaN
15,0.1150219
16,0.06878737
17,1.353652
18,0.1325308
19,0.2655715
20,0.4567646
21,1.351537
22,NaN
23,0.3087124
24,1.367587
25,1.040683
26,0.6443301
27,0.03246186
28,0.08026484
29,0.2517962
30,1.345927
31,0.06536181
32,1.385632
33,0.3035122
34,1.362076
35,0.01450614
36,1.358593
37,1.219986
38,NaN
P1_EVENTS_FORMAT
pId
riseSecBeforePassP,duration,fallSecBeforePassP
4
1.453404,0.3172322,1.140696
1.102097,0.01726313,1.077653
0.002401772,0.01718182,0
5
1.366626,0.1777521,1.187333
0.2865155,0.3061813,0
6
1.348598,1.360679,0
7
0.4619851,0.4838501,0
8
1.420067,1.434015,0
9
1.354205,1.3646,0
10
0.7317743,0.7416263,0
11
0.1574247,0.1670024,0
12
1.400305,0.06588099,1.340863
1.132277,0.2922803,0.8399589
0.1409327,0.1560565,0
13
0.2393659,0.2504259,0
14
NaN
15
1.312691,0.0416613,1.271105
0.1150219,0.1255099,0
16
1.374174,0.3199508,1.053913
0.8623568,0.441871,0.4271608
0.06878737,0.08361334,0
17
1.353652,0.566615,0.793297
18
1.367081,0.0417799,1.326435
0.9401749,0.05529651,0.8844218
0.1325308,0.1563089,0
19
1.355132,0.04157235,1.313535
0.2655715,0.278546,0
20
1.385059,0.7969981,0.5820307
0.5646442,0.04190162,0.5228373
0.4567646,0.4735477,0
21
1.351537,1.360955,0
22
NaN
23
1.310959,0.2505845,1.060606
0.3087124,0.3099639,0
24
1.367587,1.364175,0
25
1.36451,0.2224501,1.141533
1.099658,0.0248613,1.082604
1.040683,0.05928652,0.9745518
26
1.3543,0.692593,0.6687528
0.6443301,0.1078473,0.543644
27
1.344605,0.167883,1.177279
0.03246186,0.04215589,0
28
0.08026484,0.0835362,0
29
1.393994,0.3341331,1.059635
0.2517962,0.2678902,0
30
1.345927,1.36113,0
31
1.252423,0.04126751,1.210706
0.06536181,0.05970021,0
32
1.385632,0.8764921,0.5083105
33
1.33397,0.9881839,0.345273
0.3035122,0.0246101,0.2862488
34
1.362076,0.1251021,1.236878
35
1.368544,0.316573,1.058102
0.01450614,0.01753995,0
36
1.358593,1.364312,0
37
1.362322,0.06629193,1.303468
1.219986,0.0173925,1.194878
38
NaN
