time,gaze_x,gaze_y,gaze_z,cam_x,cam_y,cam_z,cam_qx,cam_qy,cam_qz,cam_qw,gaze_o_x,gaze_o_y,gaze_o_z,gaze_dir_x,gaze_dir_y,gaze_dir_z,p0Id,p0_x,p0_y,p0_z,p1Id,p1_x,p1_y,p1_z
PREF,CourseWidth,13
PREF,SlopeAngle,8
PREF,PlayerFSpeed,95
PREF,PlayerHSpeed,8
PREF,CameraHeight,3
PREF,SubjectID,12
PREF,Method,0
PREF,RandomSeed,8
PREF,ThresholdAngleDeg,4.14
PREF,Blur_OuterRad,140
PREF,Blur_MaxSigmaPx,1.3
PREF,"SnowPlaneNormal",0,0.9902681,0.1391731
PREF,"SnowPlanePoint",0,-56.21634,400
START_REL_SEC,0
0,NaN,NaN,NaN,3.212882,6.269715,0.1226055,-0.009752497,0.02054071,0.02003997,-0.9995406,NaN,NaN,NaN,NaN,NaN,NaN,-1,NaN,NaN,NaN,-1,NaN,NaN,NaN
0,NaN,NaN,NaN,3.261424,2.985022,0.1224578,-0.009033739,0.01937974,0.01719881,-0.9996235,NaN,NaN,NaN,NaN,NaN,NaN,-1,NaN,NaN,NaN,-1,NaN,NaN,NaN
0.0199585,-22.39185,-49.49653,396.0309,3.274929,2.984836,0.1223631,-0.00951853,0.01961655,0.01790988,-0.9996018,3.267737,2.984365,0.1224904,-0.0641177,-0.1311383,0.9892884,-1,NaN,NaN,NaN,-1,NaN,NaN,NaN
0.03430176,-22.25843,-49.24882,394.1619,3.288755,2.984523,0.1223045,-0.01043052,0.02024756,0.01922214,-0.9995558,3.280026,2.984365,0.1224904,-0.0641177,-0.1311383,0.9892884,-1,NaN,NaN,NaN,-1,NaN,NaN,NaN
0.05657959,-24.11878,-47.96243,392.8455,3.317132,2.983868,0.1221635,-0.01227827,0.02181694,0.02184931,-0.9994478,3.309548,2.984027,0.1224635,-0.06909551,-0.1283407,0.9893202,-1,NaN,NaN,NaN,-1,NaN,NaN,NaN
0.07727051,-22.78891,-38.6004,311.0312,3.330553,2.983705,0.1221177,-0.01446426,0.0227275,0.0255234,-0.9993112,3.325379,2.983552,0.1223658,-0.08296505,-0.1321122,0.9877567,-1,NaN,NaN,NaN,-1,NaN,NaN,NaN
0.09979248,-22.6005,-38.33964,309.0814,3.358273,2.983151,0.122115,-0.01691495,0.02433736,0.0306816,-0.9990898,3.350019,2.983552,0.1223658,-0.08296505,-0.1321122,0.9877567,-1,NaN,NaN,NaN,-1,NaN,NaN,NaN
0.1237183,NaN,NaN,NaN,3.386911,2.982703,0.1221479,-0.01913675,0.02547421,0.0340923,-0.9989107,3.379196,2.982913,0.1222177,-0.097027,-0.1365104,0.9858756,-1,NaN,NaN,NaN,-1,NaN,NaN,NaN
0.1432495,NaN,NaN,NaN,3.416587,2.98256,0.1224703,-0.02038512,0.02523851,0.03524688,-0.998852,3.409228,2.982271,0.1221461,-0.1018453,-0.1413167,0.9847117,-1,NaN,NaN,NaN,-1,NaN,NaN,NaN
0.1659546,NaN,NaN,NaN,3.44415,2.982907,0.1229642,-0.01972908,0.02325156,0.03505341,-0.9989201,3.433729,2.982271,0.1221461,-0.1018453,-0.1413167,0.9847117,-1,NaN,NaN,NaN,-1,NaN,NaN,NaN
0.1940918,NaN,NaN,NaN,3.456685,2.982733,0.1231519,-0.01894907,0.02226242,0.032945,-0.9990295,3.448631,2.981789,0.1222451,-0.1028527,-0.1392131,0.9849066,-1,NaN,NaN,NaN,-1,NaN,NaN,NaN
0.2146606,NaN,NaN,NaN,3.49421,2.982093,0.1235261,-0.02029941,0.02121968,0.0308494,-0.9990926,3.485793,2.981712,0.1225779,-0.1012257,-0.1352615,0.9856256,-1,NaN,NaN,NaN,-1,NaN,NaN,NaN
0.2374878,NaN,NaN,NaN,3.51574,2.980633,0.12394,-0.02185171,0.02145771,0.02842371,-0.9991267,3.50493,2.981712,0.1225779,-0.1012257,-0.1352615,0.9856256,-1,NaN,NaN,NaN,-1,NaN,NaN,NaN
0.2579346,NaN,NaN,NaN,3.531326,2.979251,0.1243542,-0.02424358,0.02204045,0.02660668,-0.999109,3.522415,2.981642,0.122876,-0.0990084,-0.136282,0.9857101,-1,NaN,NaN,NaN,-1,NaN,NaN,NaN
0.2802124,NaN,NaN,NaN,3.53413,2.980763,0.1251009,-0.02364603,0.02280421,0.02674262,-0.9991025,3.528141,2.980937,0.1233329,-0.0976449,-0.138942,0.9854748,-1,NaN,NaN,NaN,-1,NaN,NaN,NaN
0.3046875,NaN,NaN,NaN,3.540909,2.982452,0.1263635,-0.02408229,0.02338848,0.02826582,-0.9990366,3.534167,2.980937,0.1233329,-0.0976449,-0.138942,0.9854748,-1,NaN,NaN,NaN,-1,NaN,NaN,NaN
0.3196411,NaN,NaN,NaN,3.544731,2.982178,0.1268824,-0.0229193,0.02458224,0.02743136,-0.9990585,3.540233,2.980139,0.1239424,-0.09494694,-0.1419979,0.9853029,-1,NaN,NaN,NaN,-1,NaN,NaN,NaN
0.3463135,NaN,NaN,NaN,3.554027,2.982533,0.1278618,-0.02408072,0.0254522,0.02673535,-0.9990283,3.548496,2.980139,0.1239424,-0.09494694,-0.1419979,0.9853029,-1,NaN,NaN,NaN,-1,NaN,NaN,NaN
0.3601074,-23.07296,-62.55291,446.3348,3.558232,2.982816,0.1284161,-0.0236227,0.02486395,0.027116,-0.9990438,3.55425,2.980183,0.1248821,-0.05893818,-0.1450547,0.9876667,-1,NaN,NaN,NaN,-1,NaN,NaN,NaN
0.3883667,-17.87765,-54.50663,388.194,3.565561,2.98311,0.1299198,-0.02211234,0.02353518,0.02689968,-0.9991164,3.56229,2.98058,0.1259952,-0.05457005,-0.1463195,0.9877311,-1,NaN,NaN,NaN,-1,NaN,NaN,NaN
0.4026489,-17.87551,-54.50663,388.194,3.567971,2.983262,0.1310628,-0.01919288,0.02122007,0.02746883,-0.9992131,3.564432,2.98058,0.1259952,-0.05457005,-0.1463195,0.9877311,-1,NaN,NaN,NaN,-1,NaN,NaN,NaN
0.4299316,NaN,NaN,NaN,3.569139,2.982734,0.1319855,-0.0164617,0.01851769,0.02815343,-0.9992965,3.566705,2.98109,0.1272502,-0.05432717,-0.1445273,0.9880083,-1,NaN,NaN,NaN,-1,NaN,NaN,NaN
0.4437256,NaN,NaN,NaN,3.572584,2.981403,0.1333569,-0.01488211,0.0141647,0.02948943,-0.9993539,3.570788,2.981521,0.1288232,-0.05313558,-0.1442387,0.9881153,-1,NaN,NaN,NaN,-1,NaN,NaN,NaN
0.4647217,NaN,NaN,NaN,3.569026,2.981091,0.1338984,-0.01876014,0.01068699,0.02931146,-0.9993372,3.567626,2.981521,0.1288232,-0.05313558,-0.1442387,0.9881153,-1,NaN,NaN,NaN,-1,NaN,NaN,NaN
0.4934082,NaN,NaN,NaN,3.56198,2.982012,0.1351255,-0.02170346,0.006054051,0.02760281,-0.999365,3.562098,2.981416,0.1304055,-0.04922352,-0.1373273,0.9893019,-1,NaN,NaN,NaN,-1,NaN,NaN,NaN
0.5244751,NaN,NaN,NaN,3.548255,2.981213,0.1355359,-0.02513875,0.002024248,0.02861931,-0.9992722,3.550261,2.980971,0.1321852,-0.05097575,-0.1374613,0.9891946,-1,NaN,NaN,NaN,-1,NaN,NaN,NaN
0.5562744,NaN,NaN,NaN,3.529332,2.98227,0.1361229,-0.02922793,-0.002678603,0.02906092,-0.9991466,3.533135,2.980714,0.1337717,-0.04514297,-0.1408874,0.9889959,-1,NaN,NaN,NaN,-1,NaN,NaN,NaN
0.5881958,-12.17452,-53.91262,383.9675,3.503776,2.982287,0.1365564,-0.02973313,-0.005955108,0.027443,-0.9991633,3.509321,2.980562,0.1349645,-0.04038657,-0.1465024,0.9883856,-1,NaN,NaN,NaN,-1,NaN,NaN,NaN
0.6193237,NaN,NaN,NaN,3.472493,2.982803,0.1368718,-0.03063136,-0.007324986,0.02340258,-0.9992299,3.479559,2.980805,0.1358814,-0.03034007,-0.1429152,0.9892698,-1,NaN,NaN,NaN,-1,NaN,NaN,NaN
0.6486816,NaN,NaN,NaN,3.434328,2.982555,0.1370191,-0.03051017,-0.007407464,0.01873116,-0.9993315,3.44271,2.981191,0.136438,-0.02066227,-0.135176,0.9906061,-1,NaN,NaN,NaN,-1,NaN,NaN,NaN
0.6765137,NaN,NaN,NaN,3.388316,2.981899,0.1369436,-0.03206754,-0.007686406,0.01621889,-0.9993246,3.397862,2.981493,0.1368059,-0.01475748,-0.1374696,0.990396,-1,NaN,NaN,NaN,-1,NaN,NaN,NaN
0.7044067,NaN,NaN,NaN,3.3365,2.982171,0.1370608,-0.03341573,-0.008249089,0.0153181,-0.9992901,3.351804,2.981493,0.1368059,-0.01475748,-0.1374696,0.990396,-1,NaN,NaN,NaN,-1,NaN,NaN,NaN
0.7322388,NaN,NaN,NaN,3.278471,2.982912,0.137659,-0.03363407,-0.008885629,0.01436495,-0.9992915,3.295219,2.981305,0.1367875,-0.01304791,-0.1400665,0.9900562,-1,NaN,NaN,NaN,-1,NaN,NaN,NaN
0.7601318,NaN,NaN,NaN,3.214628,2.983791,0.1381319,-0.03310362,-0.009706095,0.01349769,-0.9993137,3.232303,2.981156,0.1369108,-0.01250917,-0.1388726,0.9902313,-1,NaN,NaN,NaN,-1,NaN,NaN,NaN
0.7879028,NaN,NaN,NaN,3.144655,2.984282,0.1382944,-0.03323241,-0.01047778,0.01302702,-0.9993079,3.162884,2.981547,0.1373508,-0.01159735,-0.1392486,0.9901896,-1,NaN,NaN,NaN,-1,NaN,NaN,NaN
0.8065796,NaN,NaN,NaN,3.10765,2.98426,0.1383634,-0.03336642,-0.01078144,0.01280702,-0.999303,3.121814,2.982318,0.1378819,-0.01014669,-0.1352789,0.9907556,-1,NaN,NaN,NaN,-1,NaN,NaN,NaN
0.8294678,NaN,NaN,NaN,3.031686,2.984024,0.1385598,-0.03320804,-0.01142624,0.01221017,-0.9993086,3.05429,2.982318,0.1378819,-0.01014669,-0.1352789,0.9907556,-1,NaN,NaN,NaN,-1,NaN,NaN,NaN
0.8478394,NaN,NaN,NaN,2.990857,2.984065,0.1386725,-0.03264197,-0.01192367,0.01228256,-0.9993206,3.008945,2.982849,0.1383209,-0.01073486,-0.1303288,0.9914127,-1,NaN,NaN,NaN,-1,NaN,NaN,NaN
0.8711548,NaN,NaN,NaN,2.906973,2.983478,0.1387656,-0.03136808,-0.01274139,0.01229069,-0.9993511,2.934381,2.982849,0.1383209,-0.01073486,-0.1303288,0.9914127,-1,NaN,NaN,NaN,-1,NaN,NaN,NaN
0.8892212,NaN,NaN,NaN,2.863158,2.982926,0.1387545,-0.03065838,-0.01285326,0.01174687,-0.9993783,2.885553,2.983039,0.1385211,-0.00885579,-0.1298098,0.9914994,-1,NaN,NaN,NaN,-1,NaN,NaN,NaN
0.9129028,NaN,NaN,NaN,2.772863,2.982211,0.1385469,-0.03128984,-0.01333287,0.01157785,-0.9993544,2.794641,2.982758,0.1386774,-0.009793649,-0.1288182,0.9916199,-1,NaN,NaN,NaN,-1,NaN,NaN,NaN
0.9308472,NaN,NaN,NaN,2.726309,2.981686,0.1381851,-0.03250296,-0.01346873,0.0116822,-0.9993126,2.75326,2.982758,0.1386774,-0.009793649,-0.1288182,0.9916199,-1,NaN,NaN,NaN,-1,NaN,NaN,NaN
0.9547729,NaN,NaN,NaN,2.630433,2.980667,0.137298,-0.03662962,-0.01390029,0.012206,-0.9991577,2.656702,2.98196,0.1386006,-0.01440065,-0.1278699,0.9916864,-1,NaN,NaN,NaN,-1,NaN,NaN,NaN
0.9726563,NaN,NaN,NaN,2.580573,2.980163,0.1367056,-0.03970184,-0.01404727,0.01232868,-0.9990368,2.600356,2.980947,0.138181,-0.01897059,-0.13117,0.9911784,-1,NaN,NaN,NaN,-1,NaN,NaN,NaN
0.996521,NaN,NaN,NaN,2.479031,2.979189,0.1353612,-0.04503498,-0.0142199,0.01222859,-0.9988093,2.510097,2.980947,0.138181,-0.01897059,-0.13117,0.9911784,-1,NaN,NaN,NaN,-1,NaN,NaN,NaN
1.014526,NaN,NaN,NaN,2.426423,2.978811,0.1346621,-0.04690997,-0.01409058,0.01208926,-0.9987265,2.450655,2.979798,0.1373091,-0.01941943,-0.1355421,0.9905813,-1,NaN,NaN,NaN,-1,NaN,NaN,NaN
1.038208,NaN,NaN,NaN,2.319175,2.978168,0.133332,-0.04891232,-0.0138834,0.01180758,-0.9986368,2.355323,2.979798,0.1373091,-0.01941943,-0.1355421,0.9905813,-1,NaN,NaN,NaN,-1,NaN,NaN,NaN
1.056274,NaN,NaN,NaN,2.264004,2.977891,0.1327012,-0.04827023,-0.01368157,0.01208515,-0.9986675,2.293011,2.97862,0.1359439,-0.01905052,-0.1433713,0.9894856,-1,NaN,NaN,NaN,-1,NaN,NaN,NaN
1.079834,-5.517051,-56.04565,399.1448,2.150097,2.977054,0.1310792,-0.04817083,-0.01358308,0.013397,-0.9986569,2.17795,2.977464,0.1343951,-0.01907415,-0.1463048,0.9890556,-1,NaN,NaN,NaN,-1,NaN,NaN,NaN
1.097839,-5.569521,-56.04549,399.1437,2.091045,2.976819,0.1301897,-0.04842726,-0.0135644,0.01458309,-0.9986281,2.12546,2.977464,0.1343951,-0.01907415,-0.1463048,0.9890556,-1,NaN,NaN,NaN,-1,NaN,NaN,NaN
1.122131,NaN,NaN,NaN,1.971292,2.976505,0.1284769,-0.04895262,-0.0133962,0.01629045,-0.9985784,2.004487,2.976704,0.1326759,-0.0179735,-0.1422698,0.9896647,-1,NaN,NaN,NaN,-1,NaN,NaN,NaN
1.139832,NaN,NaN,NaN,1.909863,2.976217,0.1276152,-0.04911422,-0.01319227,0.01672596,-0.998566,1.934677,2.976033,0.1307582,-0.01758161,-0.1399389,0.9900041,-1,NaN,NaN,NaN,-1,NaN,NaN,NaN
1.163513,NaN,NaN,NaN,1.786101,2.975739,0.1259795,-0.04946207,-0.01306553,0.01764213,-0.9985347,1.824667,2.976033,0.1307582,-0.01758161,-0.1399389,0.9900041,-1,NaN,NaN,NaN,-1,NaN,NaN,NaN
1.181335,NaN,NaN,NaN,1.723754,2.975579,0.125145,-0.04974342,-0.01326768,0.01793849,-0.9985129,1.753487,2.975491,0.1287289,-0.01843201,-0.1378633,0.9902797,-1,NaN,NaN,NaN,-1,NaN,NaN,NaN
1.205261,NaN,NaN,NaN,1.596973,2.975272,0.1235449,-0.05065838,-0.01374342,0.01777485,-0.9984633,1.624597,2.974999,0.1266962,-0.01828988,-0.1389146,0.9901354,-1,NaN,NaN,NaN,-1,NaN,NaN,NaN
1.223206,NaN,NaN,NaN,1.532383,2.975313,0.122769,-0.05137517,-0.01420533,0.01701301,-0.9984335,1.567184,2.974999,0.1266962,-0.01828988,-0.1389146,0.9901354,-1,NaN,NaN,NaN,-1,NaN,NaN,NaN
1.247131,NaN,NaN,NaN,1.403127,2.974945,0.1211714,-0.05226902,-0.01523105,0.01545223,-0.9983973,1.435569,2.974539,0.1247423,-0.01733298,-0.1361582,0.9905355,-1,NaN,NaN,NaN,-1,NaN,NaN,NaN
1.265015,NaN,NaN,NaN,1.338171,2.974867,0.1203595,-0.05329124,-0.01576425,0.01404478,-0.9983558,1.37783,2.974539,0.1247423,-0.01733298,-0.1361582,0.9905355,-1,NaN,NaN,NaN,-1,NaN,NaN,NaN
1.288818,NaN,NaN,NaN,1.209155,2.974174,0.1188749,-0.05428975,-0.01709254,0.01243565,-0.9983015,1.246147,2.974222,0.1228321,-0.01566238,-0.1413324,0.9898383,-1,NaN,NaN,NaN,-1,NaN,NaN,NaN
1.306763,NaN,NaN,NaN,1.144778,2.973705,0.1180953,-0.0550992,-0.01766463,0.01152529,-0.9982581,1.1718,2.973714,0.1209571,-0.01313835,-0.1442918,0.989448,-1,NaN,NaN,NaN,-1,NaN,NaN,NaN
1.330566,NaN,NaN,NaN,1.014498,2.973165,0.1165819,-0.056468,-0.01893522,0.01073643,-0.9981672,1.055996,2.973714,0.1209571,-0.01313835,-0.1442918,0.989448,-1,NaN,NaN,NaN,-1,NaN,NaN,NaN
1.34845,-5.797992,-50.28732,358.1721,0.9490802,2.9731,0.1158495,-0.05735314,-0.01950468,0.01043431,-0.9981089,0.9806424,2.973083,0.1190966,-0.0187226,-0.1471054,0.9889436,-1,NaN,NaN,NaN,-1,NaN,NaN,NaN
1.372375,-4.954378,-33.46309,238.4613,0.8188679,2.972502,0.1141227,-0.05934173,-0.0206023,0.009439853,-0.9979805,0.8476219,2.972473,0.1172595,-0.02405645,-0.1510703,0.9882303,-1,NaN,NaN,NaN,-1,NaN,NaN,NaN
1.39032,-5.011659,-33.46312,238.4616,0.7544346,2.972482,0.1132347,-0.06067768,-0.02095941,0.008031521,-0.997905,0.7903479,2.972473,0.1172595,-0.02405645,-0.1510703,0.9882303,-1,NaN,NaN,NaN,-1,NaN,NaN,NaN
1.414124,-1.055623,-11.42831,81.67591,0.625436,2.972068,0.1113767,-0.06251961,-0.02183688,0.00613375,-0.997786,0.658407,2.971936,0.1153607,-0.0206909,-0.1738325,0.9845579,-1,NaN,NaN,NaN,-1,NaN,NaN,NaN
1.432068,-1.11362,-11.42831,81.67593,0.5601903,2.971784,0.1104655,-0.06289227,-0.02206754,0.005417801,-0.9977617,0.6004108,2.971936,0.1153607,-0.0206909,-0.1738325,0.9845579,-1,NaN,NaN,NaN,-1,NaN,NaN,NaN
1.455994,-0.4795346,-6.234694,44.72142,0.4283924,2.971799,0.1087276,-0.06399105,-0.02213427,0.003877234,-0.9976975,0.4661592,2.971505,0.1133279,-0.02075802,-0.2020765,0.9791497,-1,NaN,NaN,NaN,-1,NaN,NaN,NaN
1.473816,-0.6806,-9.162494,65.5538,0.3617702,2.972199,0.1078185,-0.06456878,-0.02163184,0.003053419,-0.9976741,0.3895608,2.971001,0.1111555,-0.01607655,-0.1822761,0.983116,-1,NaN,NaN,NaN,-1,NaN,NaN,NaN
1.497742,-0.7995648,-9.162498,65.55383,0.2279352,2.973384,0.106183,-0.06582218,-0.02042418,0.002227418,-0.9976199,0.2705964,2.971001,0.1111555,-0.01607655,-0.1822761,0.983116,-1,NaN,NaN,NaN,-1,NaN,NaN,NaN
1.515808,-1.829697,-15.82636,112.9695,0.1594081,2.973319,0.1051269,-0.06489492,-0.01955145,0.002323099,-0.9976978,0.1921639,2.970975,0.1090027,-0.0176685,-0.1642648,0.986258,-1,NaN,NaN,NaN,-1,NaN,NaN,NaN
1.539612,-4.017843,-27.69386,197.4112,0.02332831,2.973258,0.1032403,-0.06532554,-0.01734912,0.001400448,-0.9977122,0.05346721,2.971508,0.1069572,-0.02038564,-0.153546,0.9879312,-1,NaN,NaN,NaN,-1,NaN,NaN,NaN
1.557434,-4.079709,-27.69386,197.4112,-0.04627082,2.973807,0.1024106,-0.06549095,-0.01625474,0.001520519,-0.9977196,-0.00839868,2.971508,0.1069572,-0.02038564,-0.153546,0.9879312,-1,NaN,NaN,NaN,-1,NaN,NaN,NaN
1.581299,-6.992078,-39.64614,282.4563,-0.1850379,2.974769,0.1006094,-0.06503742,-0.01414279,0.001933903,-0.9977807,-0.1497345,2.971993,0.1047927,-0.02395512,-0.1492066,0.9885159,-1,NaN,NaN,NaN,-1,NaN,NaN,NaN
1.599243,-7.054703,-39.64614,282.4563,-0.2554915,2.975284,0.09973174,-0.06478284,-0.01320376,0.002437146,-0.9978091,-0.2123598,2.971993,0.1047927,-0.02395512,-0.1492066,0.9885159,-1,NaN,NaN,NaN,-1,NaN,NaN,NaN
1.623352,NaN,NaN,NaN,-0.3971273,2.976271,0.09805998,-0.06332202,-0.01166026,0.003550363,-0.9979187,-0.3565107,2.972774,0.1025554,-0.02429968,-0.1415395,0.9896343,-1,NaN,NaN,NaN,-1,NaN,NaN,NaN
1.640747,NaN,NaN,NaN,-0.4690034,2.976979,0.09724066,-0.06265005,-0.01100795,0.004282614,-0.9979657,-0.4389175,2.973831,0.1003939,-0.02536263,-0.1404145,0.9897679,-1,NaN,NaN,NaN,-1,NaN,NaN,NaN
1.664856,NaN,NaN,NaN,-0.6126769,2.977432,0.0953259,-0.06054395,-0.01019723,0.005653916,-0.9980975,-0.5666273,2.973831,0.1003939,-0.02536263,-0.1404145,0.9897679,-1,NaN,NaN,NaN,-1,NaN,NaN,NaN
1.682312,NaN,NaN,NaN,-0.6864798,2.977933,0.09449357,-0.06076894,-0.01025649,0.006089947,-0.9980807,-0.6509508,2.975154,0.09823322,-0.0191925,-0.1368158,0.9904106,-1,NaN,NaN,NaN,-1,NaN,NaN,NaN
1.706543,NaN,NaN,NaN,-0.8341261,2.978747,0.09313719,-0.05900033,-0.01035539,0.006657227,-0.9981821,-0.8012985,2.976171,0.09617889,-0.01888281,-0.1363319,0.9904833,-1,NaN,NaN,NaN,-1,NaN,NaN,NaN
1.724182,NaN,NaN,NaN,-0.9097709,2.979264,0.09244598,-0.0584204,-0.01060802,0.006659871,-0.9982135,-0.8685383,2.976171,0.09617889,-0.01888281,-0.1363319,0.9904833,-1,NaN,NaN,NaN,-1,NaN,NaN,NaN
1.748474,NaN,NaN,NaN,-1.062744,2.980102,0.09112816,-0.05715062,-0.01173911,0.008395107,-0.9982613,-1.023962,2.977106,0.09427547,-0.01270637,-0.1395984,0.9901267,-1,NaN,NaN,NaN,-1,NaN,NaN,NaN
1.766174,NaN,NaN,NaN,-1.14102,2.980427,0.09049188,-0.05725538,-0.012578,0.009193486,-0.998238,-1.09354,2.977106,0.09427547,-0.01270637,-0.1395984,0.9901267,-1,NaN,NaN,NaN,-1,NaN,NaN,NaN
1.7901,NaN,NaN,NaN,-1.29701,2.980837,0.08915289,-0.05805578,-0.01384326,0.009735076,-0.99817,-1.252103,2.97814,0.09266734,-0.01199059,-0.1365855,0.9905557,-1,NaN,NaN,NaN,-1,NaN,NaN,NaN
1.807922,NaN,NaN,NaN,-1.375453,2.980818,0.08833535,-0.05867974,-0.01436531,0.009254644,-0.9981306,-1.342216,2.97911,0.0912292,-0.008348431,-0.1357992,0.9907012,-1,NaN,NaN,NaN,-1,NaN,NaN,NaN
1.832031,NaN,NaN,NaN,-1.533503,2.980653,0.08679533,-0.05921858,-0.01515894,0.009008128,-0.9980893,-1.482705,2.97911,0.0912292,-0.008348431,-0.1357992,0.9907012,-1,NaN,NaN,NaN,-1,NaN,NaN,NaN
1.849731,NaN,NaN,NaN,-1.613141,2.980639,0.08619433,-0.05867505,-0.01531056,0.00910541,-0.9981182,-1.574112,2.979619,0.08942151,-0.007779714,-0.1373075,0.9904979,-1,NaN,NaN,NaN,-1,NaN,NaN,NaN
1.873718,NaN,NaN,NaN,-1.771469,2.981287,0.08509529,-0.05733739,-0.01547078,0.009003896,-0.9981944,-1.735741,2.979703,0.08760095,-0.005792475,-0.1377534,0.9904496,-1,NaN,NaN,NaN,-1,NaN,NaN,NaN
1.891541,NaN,NaN,NaN,-1.850685,2.981836,0.08464453,-0.05664314,-0.01531268,0.00902018,-0.9982364,-1.806156,2.979703,0.08760095,-0.005792475,-0.1377534,0.9904496,-1,NaN,NaN,NaN,-1,NaN,NaN,NaN
1.915527,NaN,NaN,NaN,-2.008581,2.982317,0.08350739,-0.05679433,-0.01457799,0.008463899,-0.9982436,-1.967471,2.979966,0.08603799,-0.004694918,-0.1320329,0.9912342,-1,NaN,NaN,NaN,-1,NaN,NaN,NaN
1.933411,NaN,NaN,NaN,-2.087142,2.982217,0.08279037,-0.05679715,-0.01387907,0.00810091,-0.9982564,-2.037304,2.979966,0.08603799,-0.004694918,-0.1320329,0.9912342,-1,NaN,NaN,NaN,-1,NaN,NaN,NaN
1.957214,NaN,NaN,NaN,-2.243041,2.980939,0.08115169,-0.05840044,-0.01189104,0.006300198,-0.9982026,-2.196958,2.980588,0.08467019,-0.006060197,-0.1306017,0.9914164,-1,NaN,NaN,NaN,-1,NaN,NaN,NaN
1.97522,NaN,NaN,NaN,-2.32369,2.981864,0.08069368,-0.06055896,-0.01153167,0.006693893,-0.9980755,-2.289704,2.98086,0.08322465,-0.008101664,-0.1376731,0.9904446,-1,NaN,NaN,NaN,-1,NaN,NaN,NaN
1.999146,NaN,NaN,NaN,-2.480612,2.981867,0.0796992,-0.06008117,-0.009593189,0.006858973,-0.9981239,-2.42919,2.98086,0.08322465,-0.008101664,-0.1376731,0.9904446,-1,NaN,NaN,NaN,-1,NaN,NaN,NaN
2.016968,NaN,NaN,NaN,-2.558669,2.98186,0.07918186,-0.05968197,-0.008589573,0.006227417,-0.9981611,-2.519588,2.980709,0.08166778,-0.01106868,-0.1407734,0.9899799,-1,NaN,NaN,NaN,-1,NaN,NaN,NaN
2.040833,NaN,NaN,NaN,-2.712909,2.981668,0.07800516,-0.05990586,-0.006864018,0.005593888,-0.9981648,-2.677749,2.980715,0.08037186,-0.009136258,-0.14219,0.9897972,-1,NaN,NaN,NaN,-1,NaN,NaN,NaN
2.05896,NaN,NaN,NaN,-2.788958,2.981199,0.0772897,-0.05957352,-0.006252386,0.005528732,-0.998189,-2.745349,2.980715,0.08037186,-0.009136258,-0.14219,0.9897972,-1,NaN,NaN,NaN,-1,NaN,NaN,NaN
2.082703,NaN,NaN,NaN,-2.939633,2.980804,0.07595611,-0.06070959,-0.005302109,0.00523964,-0.9981276,-2.899948,2.980664,0.07894373,-0.009413697,-0.142605,0.9897349,-1,NaN,NaN,NaN,-1,NaN,NaN,NaN
2.100952,NaN,NaN,NaN,-3.014552,2.980961,0.07552418,-0.0606899,-0.005105719,0.00526722,-0.9981297,-2.966542,2.980664,0.07894373,-0.009413697,-0.142605,0.9897349,-1,NaN,NaN,NaN,-1,NaN,NaN,NaN
2.12439,NaN,NaN,NaN,-3.161801,2.980975,0.07450297,-0.06013714,-0.00398118,0.004018785,-0.9981741,-3.117802,2.980273,0.07741952,-0.001070981,-0.1455417,0.9893516,-1,NaN,NaN,NaN,-1,NaN,NaN,NaN
2.142395,-3.711336,-58.62539,417.5006,-3.236687,2.9808,0.07386599,-0.06074223,-0.003911749,0.004570262,-0.9981354,-3.204502,2.979912,0.07596195,-0.001201177,-0.1460027,0.9892835,-1,NaN,NaN,NaN,-1,NaN,NaN,NaN
2.166199,-3.839689,-58.62524,417.4995,-3.381086,2.980561,0.07262345,-0.0616397,-0.003249295,0.004730097,-0.998082,-3.332857,2.979912,0.07596195,-0.001201177,-0.1460027,0.9892835,-1,NaN,NaN,NaN,-1,NaN,NaN,NaN
2.184326,-3.836334,-49.44312,352.1653,-3.452394,2.980518,0.07197708,-0.06277328,-0.003109954,0.004812451,-0.9980114,-3.416075,2.979733,0.07460165,-0.001180589,-0.1472667,0.9890961,-1,NaN,NaN,NaN,-1,NaN,NaN,NaN
2.207886,-3.700917,-34.55036,246.1978,-3.59327,2.98071,0.07095196,-0.06355034,-0.00252185,0.004615778,-0.9979648,-3.560704,2.97961,0.07320762,-0.0005631686,-0.1507412,0.9885731,-1,NaN,NaN,NaN,-1,NaN,NaN,NaN
2.22583,-3.763242,-34.55036,246.1978,-3.663386,2.980875,0.07052059,-0.06328898,-0.002463251,0.005117955,-0.9979791,-3.623029,2.97961,0.07320762,-0.0005631686,-0.1507412,0.9885731,-1,NaN,NaN,NaN,-1,NaN,NaN,NaN
2.249634,-3.23542,-32.69638,233.0061,-3.800748,2.980953,0.06976449,-0.06245972,-0.002251014,0.005936047,-0.9980273,-3.764164,2.97958,0.07182908,0.002243761,-0.1513932,0.9884711,-1,NaN,NaN,NaN,-1,NaN,NaN,NaN
2.268188,-3.295309,-32.69638,233.006,-3.868122,2.981073,0.06944023,-0.06188482,-0.00234624,0.006395911,-0.9980601,-3.824052,2.97958,0.07182908,0.002243761,-0.1513932,0.9884711,-1,NaN,NaN,NaN,-1,NaN,NaN,NaN
2.291443,NaN,NaN,NaN,-4.00285,2.980819,0.06869844,-0.06105172,-0.002473086,0.006972053,-0.9981072,-3.962419,2.979818,0.07074189,0.01145017,-0.1461041,0.989203,-1,NaN,NaN,NaN,-1,NaN,NaN,NaN
2.309631,NaN,NaN,NaN,-4.070116,2.980848,0.06840275,-0.06126142,-0.002793662,0.007547482,-0.9980893,-4.040569,2.97993,0.06973124,0.01374976,-0.1448415,0.9893594,-1,NaN,NaN,NaN,-1,NaN,NaN,NaN
2.333313,NaN,NaN,NaN,-4.202253,2.980625,0.06778923,-0.06145673,-0.003192797,0.00768068,-0.9980751,-4.158024,2.97993,0.06973124,0.01374976,-0.1448415,0.9893594,-1,NaN,NaN,NaN,-1,NaN,NaN,NaN
2.351074,-0.3468359,-38.84549,276.7592,-4.267562,2.980351,0.06745082,-0.06192584,-0.003301285,0.007226783,-0.9980491,-4.234128,2.979877,0.06884348,0.01389009,-0.1494506,0.9886716,-1,NaN,NaN,NaN,-1,NaN,NaN,NaN
2.375,-0.5210667,-32.45544,231.2917,-4.397811,2.979602,0.06670159,-0.06295282,-0.003442973,0.006708067,-0.997988,-4.367683,2.979646,0.06804264,0.01644172,-0.1514613,0.9883264,-1,NaN,NaN,NaN,-1,NaN,NaN,NaN
2.392883,-0.5783919,-32.45548,231.292,-4.462308,2.979458,0.06635627,-0.06370932,-0.00348106,0.006424982,-0.9979418,-4.425014,2.979646,0.06804264,0.01644172,-0.1514613,0.9883264,-1,NaN,NaN,NaN,-1,NaN,NaN,NaN
2.41687,-0.5508023,-30.16483,214.9931,-4.588435,2.978999,0.06574145,-0.06464604,-0.003417581,0.005933742,-0.9978848,-4.554731,2.979054,0.0672009,0.01840858,-0.1523833,0.98815,-1,NaN,NaN,NaN,-1,NaN,NaN,NaN
2.435364,-0.6064254,-30.16485,214.9933,-4.651014,2.97874,0.06542161,-0.06509958,-0.00317952,0.005843873,-0.9978566,-4.610357,2.979054,0.0672009,0.01840858,-0.1523833,0.98815,-1,NaN,NaN,NaN,-1,NaN,NaN,NaN
2.458618,-0.1240001,-25.73567,183.478,-4.773543,2.978201,0.06474379,-0.06600729,-0.002469994,0.005826303,-0.9977991,-4.736391,2.978494,0.06641543,0.02483747,-0.1546242,0.9876611,-1,NaN,NaN,NaN,-1,NaN,NaN,NaN
2.47644,-0.8039004,-22.58892,161.0877,-4.833147,2.977983,0.06441411,-0.06625599,-0.001943022,0.005593149,-0.9977852,-4.806172,2.977922,0.06564426,0.02454053,-0.1567669,0.9873307,-1,NaN,NaN,NaN,-1,NaN,NaN,NaN
2.500671,-0.9086243,-22.58892,161.0877,-4.950962,2.977904,0.06397578,-0.06653825,-0.0009596497,0.005190553,-0.99777,-4.910896,2.977922,0.06564426,0.02454053,-0.1567669,0.9873307,-1,NaN,NaN,NaN,-1,NaN,NaN,NaN
2.517761,0.01155758,-21.38621,152.53,-5.008434,2.977859,0.06381795,-0.06590943,-0.0005395263,0.005161015,-0.9978122,-4.978373,2.977405,0.06486917,0.03230144,-0.1577136,0.9869565,-1,NaN,NaN,NaN,-1,NaN,NaN,NaN
2.542114,1.855254,-28.69749,204.5524,-5.121616,2.977893,0.06334874,-0.06647679,0.0001397208,0.005587438,-0.9977724,-5.094917,2.977012,0.06419945,0.03356864,-0.1529847,0.9876583,-1,NaN,NaN,NaN,-1,NaN,NaN,NaN
2.559448,1.806549,-28.69747,204.5523,-5.176403,2.977687,0.06306627,-0.06650818,6.990135E-05,0.006393603,-0.9977654,-5.143617,2.977012,0.06419945,0.03356864,-0.1529847,0.9876583,-1,NaN,NaN,NaN,-1,NaN,NaN,NaN
2.583862,3.166416,-34.70004,247.2628,-5.281661,2.977497,0.06256957,-0.06703635,0.0004945993,0.005380109,-0.997736,-5.252628,2.976816,0.06362903,0.03364983,-0.1505895,0.9880235,-1,NaN,NaN,NaN,-1,NaN,NaN,NaN
2.601929,3.120984,-34.70004,247.2628,-5.332772,2.977306,0.06235737,-0.06686162,0.000578329,0.004370437,-0.9977525,-5.29806,2.976816,0.06362903,0.03364983,-0.1505895,0.9880235,-1,NaN,NaN,NaN,-1,NaN,NaN,NaN
2.62561,3.845977,-35.62711,253.8593,-5.432623,2.977183,0.06225766,-0.06575624,0.001073405,0.001732818,-0.9978337,-5.401685,2.976663,0.06304014,0.03599965,-0.1502783,0.9879881,-1,NaN,NaN,NaN,-1,NaN,NaN,NaN
2.643188,NaN,NaN,NaN,-5.480418,2.976793,0.0623954,-0.06458504,0.001117639,0.0004640613,-0.9979115,-5.45844,2.976485,0.06241214,0.04191745,-0.1450422,0.9885372,-1,NaN,NaN,NaN,-1,NaN,NaN,NaN
2.667786,NaN,NaN,NaN,-5.571199,2.975351,0.06280662,-0.06268334,0.001536451,-0.002865561,-0.9980282,-5.539134,2.976485,0.06241214,0.04191745,-0.1450422,0.9885372,-1,NaN,NaN,NaN,-1,NaN,NaN,NaN
2.684753,NaN,NaN,NaN,-5.612307,2.974312,0.06323946,-0.06177355,0.001880415,-0.005269013,-0.9980746,-5.589023,2.976072,0.06225586,0.04169633,-0.1425703,0.988906,-1,NaN,NaN,NaN,-1,NaN,NaN,NaN
2.709167,NaN,NaN,NaN,-5.689793,2.972502,0.06416413,-0.06188556,0.002561048,-0.009597166,-0.9980339,-5.670407,2.974972,0.06254983,0.04189083,-0.1415439,0.9890453,-1,NaN,NaN,NaN,-1,NaN,NaN,NaN
2.726624,NaN,NaN,NaN,-5.723543,2.971834,0.06475542,-0.06242152,0.00323271,-0.01233073,-0.9979685,-5.700408,2.974972,0.06254983,0.04189083,-0.1415439,0.9890453,-1,NaN,NaN,NaN,-1,NaN,NaN,NaN
2.750854,NaN,NaN,NaN,-5.787193,2.969957,0.06598696,-0.06423064,0.004916735,-0.01660836,-0.9977847,-5.768332,2.973272,0.06318116,0.04628184,-0.1416663,0.9888319,-1,NaN,NaN,NaN,-1,NaN,NaN,NaN
2.769653,NaN,NaN,NaN,-5.816331,2.968452,0.06668304,-0.06539639,0.005851649,-0.01767017,-0.9976858,-5.794232,2.973272,0.06318116,0.04628184,-0.1416663,0.9888319,-1,NaN,NaN,NaN,-1,NaN,NaN,NaN
2.792786,12.85,-54.24053,390.304,-5.865532,2.965595,0.06816911,-0.06677817,0.007949524,-0.02042937,-0.997527,-5.847892,2.971259,0.06430328,0.0473539,-0.1448934,0.9883134,-1,NaN,NaN,NaN,-1,NaN,NaN,NaN
2.810303,12.85,-47.50224,338.829,-5.881154,2.964643,0.06902924,-0.0666257,0.009315968,-0.02319657,-0.9974649,-5.870396,2.968604,0.06585646,0.05457628,-0.1471395,0.9876089,-1,NaN,NaN,NaN,-1,NaN,NaN,NaN
2.834961,12.85,-47.56559,339.2542,-5.907588,2.962266,0.07091755,-0.06575746,0.01108994,-0.02693777,-0.9974104,-5.893893,2.968604,0.06585646,0.05457628,-0.1471395,0.9876089,-1,NaN,NaN,NaN,-1,NaN,NaN,NaN
2.852356,NaN,NaN,NaN,-5.912099,2.960913,0.0719386,-0.06423917,0.01117568,-0.02724465,-0.9975,-5.904804,2.965616,0.06763673,0.05681935,-0.1456566,0.9877023,-1,NaN,NaN,NaN,-1,NaN,NaN,NaN
2.876526,NaN,NaN,NaN,-5.908054,2.958159,0.07395291,-0.06197177,0.01031356,-0.02936691,-0.9975925,-5.906004,2.962846,0.06970191,0.05432146,-0.1423824,0.9883201,-1,NaN,NaN,NaN,-1,NaN,NaN,NaN
2.894104,NaN,NaN,NaN,-5.896673,2.956084,0.07446609,-0.0618618,0.009571895,-0.0320534,-0.997524,-5.895887,2.962846,0.06970191,0.05432146,-0.1423824,0.9883201,-1,NaN,NaN,NaN,-1,NaN,NaN,NaN
2.918152,NaN,NaN,NaN,-5.864707,2.951947,0.07548581,-0.06457058,0.00965824,-0.03882408,-0.9971109,-5.86943,2.959651,0.07198441,0.06208393,-0.1362322,0.9887297,-1,NaN,NaN,NaN,-1,NaN,NaN,NaN
2.936707,NaN,NaN,NaN,-5.842993,2.949479,0.0758446,-0.066236,0.009877302,-0.04013918,-0.9969474,-5.850128,2.959651,0.07198441,0.06208393,-0.1362322,0.9887297,-1,NaN,NaN,NaN,-1,NaN,NaN,NaN
2.960022,NaN,NaN,NaN,-5.792439,2.944969,0.07670716,-0.06755039,0.01015227,-0.04100277,-0.9968213,-5.804051,2.955745,0.07393181,0.0679156,-0.1345877,0.9885715,-1,NaN,NaN,NaN,-1,NaN,NaN,NaN
2.9776,NaN,NaN,NaN,-5.759718,2.942907,0.0770103,-0.06697171,0.01103187,-0.04241313,-0.996792,-5.771105,2.95089,0.0752604,0.06853355,-0.1355548,0.9883967,-1,NaN,NaN,NaN,-1,NaN,NaN,NaN
3.002625,NaN,NaN,NaN,-5.686609,2.938185,0.07760416,-0.06602775,0.01335661,-0.04637635,-0.99665,-5.706119,2.95089,0.0752604,0.06853355,-0.1355548,0.9883967,-1,NaN,NaN,NaN,-1,NaN,NaN,NaN
3.019409,NaN,NaN,NaN,-5.644514,2.935768,0.07782754,-0.06564958,0.01462637,-0.04765309,-0.996597,-5.662504,2.945646,0.07621336,0.06993118,-0.1335914,0.9885661,-1,NaN,NaN,NaN,-1,NaN,NaN,NaN
3.043213,NaN,NaN,NaN,-5.553776,2.93112,0.07811469,-0.0659764,0.01666707,-0.04874165,-0.9964907,-5.573411,2.940115,0.07708979,0.06723217,-0.1325731,0.9888904,-1,NaN,NaN,NaN,-1,NaN,NaN,NaN
3.060974,NaN,NaN,NaN,-5.502742,2.928699,0.07822371,-0.06665809,0.01743653,-0.04795825,-0.9964702,-5.528049,2.940115,0.07708979,0.06723217,-0.1325731,0.9888904,-1,NaN,NaN,NaN,-1,NaN,NaN,NaN
3.0849,NaN,NaN,NaN,-5.392136,2.924374,0.07841252,-0.06793928,0.01962237,-0.04994825,-0.9962451,-5.419216,2.934482,0.07770145,0.06351263,-0.1323196,0.9891702,-1,NaN,NaN,NaN,-1,NaN,NaN,NaN
3.103271,NaN,NaN,NaN,-5.329875,2.922224,0.07839987,-0.06861295,0.0208699,-0.05190352,-0.9960737,-5.363873,2.934482,0.07770145,0.06351263,-0.1323196,0.9891702,-1,NaN,NaN,NaN,-1,NaN,NaN,NaN
3.126831,NaN,NaN,NaN,-5.199443,2.917727,0.07833643,-0.06976265,0.02269135,-0.05335516,-0.9958773,-5.235459,2.928983,0.07806349,0.06709529,-0.1330291,0.9888384,-1,NaN,NaN,NaN,-1,NaN,NaN,NaN
3.144531,NaN,NaN,NaN,-5.128628,2.915788,0.07819527,-0.07033867,0.02314294,-0.05281356,-0.9958553,-5.157902,2.923579,0.07825577,0.06372721,-0.1317996,0.9892258,-1,NaN,NaN,NaN,-1,NaN,NaN,NaN
3.169128,NaN,NaN,NaN,-4.980818,2.91188,0.07770014,-0.07161374,0.02364575,-0.0514265,-0.9958252,-5.026515,2.923579,0.07825577,0.06372721,-0.1317996,0.9892258,-1,NaN,NaN,NaN,-1,NaN,NaN,NaN
3.186401,NaN,NaN,NaN,-4.897397,2.90992,0.07728745,-0.07304305,0.02361412,-0.051287,-0.9957293,-4.935667,2.918312,0.07823551,0.06398059,-0.1323367,0.9891378,-1,NaN,NaN,NaN,-1,NaN,NaN,NaN
3.210205,NaN,NaN,NaN,-4.728147,2.90697,0.07655083,-0.07466171,0.02256699,-0.05030889,-0.9956834,-4.766502,2.913378,0.0778563,0.06615775,-0.1351036,0.9886203,-1,NaN,NaN,NaN,-1,NaN,NaN,NaN
3.228149,NaN,NaN,NaN,-4.637972,2.906443,0.07643206,-0.07464127,0.02152672,-0.04977841,-0.9957347,-4.686347,2.913378,0.0778563,0.06615775,-0.1351036,0.9886203,-1,NaN,NaN,NaN,-1,NaN,NaN,NaN
3.251953,NaN,NaN,NaN,-4.453269,2.906425,0.07626741,-0.0732937,0.01989077,-0.04978576,-0.9958684,-4.501221,2.90894,0.07705951,0.06827966,-0.1291547,0.989271,-1,NaN,NaN,NaN,-1,NaN,NaN,NaN
3.270264,NaN,NaN,NaN,-4.355481,2.90668,0.07601117,-0.07240565,0.01953538,-0.05043835,-0.9959075,-4.414299,2.90894,0.07705951,0.06827966,-0.1291547,0.989271,-1,NaN,NaN,NaN,-1,NaN,NaN,NaN
3.293762,NaN,NaN,NaN,-4.152887,2.907282,0.0753032,-0.07361827,0.01918432,-0.05169855,-0.9957609,-4.211468,2.906204,0.07648623,0.07215387,-0.1300056,0.9888844,-1,NaN,NaN,NaN,-1,NaN,NaN,NaN
3.311462,NaN,NaN,NaN,-4.046349,2.908682,0.07513798,-0.07546698,0.01916737,-0.05235174,-0.9955887,-4.092237,2.905484,0.07605541,0.07453939,-0.1296426,0.9887551,-1,NaN,NaN,NaN,-1,NaN,NaN,NaN
3.336182,NaN,NaN,NaN,-3.824034,2.910827,0.07502577,-0.07592576,0.01902119,-0.0535943,-0.9954904,-3.894624,2.905484,0.07605541,0.07453939,-0.1296426,0.9887551,-1,NaN,NaN,NaN,-1,NaN,NaN,NaN
3.353088,NaN,NaN,NaN,-3.706914,2.912252,0.07495403,-0.0765314,0.01845684,-0.05320285,-0.9954756,-3.764052,2.906211,0.07564223,0.07499585,-0.1315545,0.9884681,-1,NaN,NaN,NaN,-1,NaN,NaN,NaN
3.377319,NaN,NaN,NaN,-3.467965,2.915558,0.07488297,-0.076865,0.01757418,-0.05266672,-0.9954944,-3.523336,2.908285,0.07525635,0.0726897,-0.134007,0.9883109,-1,NaN,NaN,NaN,-1,NaN,NaN,NaN
3.394714,NaN,NaN,NaN,-3.342911,2.917449,0.07496126,-0.07684465,0.01735445,-0.05276639,-0.9954945,-3.412176,2.908285,0.07525635,0.0726897,-0.134007,0.9883109,-1,NaN,NaN,NaN,-1,NaN,NaN,NaN
3.419067,NaN,NaN,NaN,-3.086637,2.921609,0.07534197,-0.07599068,0.01679247,-0.05272672,-0.9955719,-3.154215,2.911435,0.0749321,0.07262158,-0.1346559,0.9882277,-1,NaN,NaN,NaN,-1,NaN,NaN,NaN
3.437256,NaN,NaN,NaN,-2.953848,2.923905,0.0757954,-0.07474227,0.01625101,-0.05294634,-0.9956637,-3.03618,2.911435,0.0749321,0.07262158,-0.1346559,0.9882277,-1,NaN,NaN,NaN,-1,NaN,NaN,NaN
3.460754,NaN,NaN,NaN,-2.685804,2.928588,0.07684116,-0.07299796,0.01510034,-0.05278837,-0.9958196,-2.765811,2.915508,0.07490647,0.07252724,-0.1289384,0.9889968,-1,NaN,NaN,NaN,-1,NaN,NaN,NaN
3.478394,NaN,NaN,NaN,-2.546788,2.930916,0.07742296,-0.07248608,0.01459734,-0.05291548,-0.9958577,-2.608511,2.920307,0.07548058,0.07220214,-0.1267983,0.9892973,-1,NaN,NaN,NaN,-1,NaN,NaN,NaN
3.50293,NaN,NaN,NaN,-2.263273,2.935209,0.07844384,-0.07231641,0.01361948,-0.05341854,-0.9958571,-2.356498,2.920307,0.07548058,0.07220214,-0.1267983,0.9892973,-1,NaN,NaN,NaN,-1,NaN,NaN,NaN
3.520081,NaN,NaN,NaN,-2.118381,2.937966,0.07941639,-0.07343215,0.01350401,-0.05448043,-0.9957195,-2.192343,2.925728,0.07643318,0.0702768,-0.1242633,0.9897575,-1,NaN,NaN,NaN,-1,NaN,NaN,NaN
3.544312,NaN,NaN,NaN,-1.82723,2.943129,0.08153438,-0.07201348,0.01348514,-0.05513967,-0.995787,-1.896703,2.931283,0.07771528,0.07300495,-0.1288854,0.9889686,-1,NaN,NaN,NaN,-1,NaN,NaN,NaN
3.56189,20.62677,-36.59906,303.4034,-1.678516,2.945296,0.08291631,-0.07017613,0.01377272,-0.05525386,-0.9959079,-1.764512,2.931283,0.07771528,0.07300495,-0.1288854,0.9889686,-1,NaN,NaN,NaN,-1,NaN,NaN,NaN
3.586182,20.62462,-35.58377,299.3022,-1.379227,2.950933,0.08601485,-0.06799087,0.01393566,-0.05578906,-0.9960275,-1.460482,2.937088,0.07964349,0.07300879,-0.127342,0.9891682,-1,NaN,NaN,NaN,-1,NaN,NaN,NaN
3.603882,20.59632,-35.29634,297.0695,-1.22567,2.953026,0.08756946,-0.0669274,0.01413584,-0.05651598,-0.9960557,-1.323987,2.937088,0.07964349,0.07300879,-0.127342,0.9891682,-1,NaN,NaN,NaN,-1,NaN,NaN,NaN
3.627869,22.41781,-45.46101,373.1184,-0.9189712,2.957775,0.09102434,-0.06672635,0.01393029,-0.05663047,-0.9960656,-1.012484,2.943096,0.08248222,0.0621671,-0.1284296,0.9897683,-1,NaN,NaN,NaN,-1,NaN,NaN,NaN
3.645508,22.57326,-46.03449,370.602,-0.7638068,2.95984,0.09301998,-0.06616106,0.01355518,-0.05603282,-0.9961422,-0.8346794,2.949126,0.08577299,0.0625091,-0.130807,0.9894353,-1,NaN,NaN,NaN,-1,NaN,NaN,NaN
3.669861,22.74729,-45.8213,368.9894,-0.4534155,2.963694,0.09710755,-0.06572686,0.01253292,-0.05366353,-0.9963148,-0.558776,2.949126,0.08577299,0.0625091,-0.130807,0.9894353,-1,NaN,NaN,NaN,-1,NaN,NaN,NaN
3.687195,22.98189,-45.2649,366.6544,-0.2957388,2.964947,0.09945076,-0.06550203,0.01186364,-0.05165396,-0.996444,-0.3780019,2.954805,0.08969736,0.06305645,-0.1301617,0.9894856,-1,NaN,NaN,NaN,-1,NaN,NaN,NaN
3.711487,23.15018,-43.89306,365.5379,0.01902434,2.968371,0.1046152,-0.06539495,0.01210671,-0.05082495,-0.9964908,-0.05705407,2.959934,0.09443462,0.06286415,-0.1269162,0.9899194,-1,NaN,NaN,NaN,-1,NaN,NaN,NaN
3.729065,23.1455,-43.59858,363.2411,0.1778293,2.969383,0.1077788,-0.06338912,0.01341166,-0.05135119,-0.9965766,0.08410586,2.959934,0.09443462,0.06286415,-0.1269162,0.9899194,-1,NaN,NaN,NaN,-1,NaN,NaN,NaN
3.753235,NaN,NaN,NaN,0.4898485,2.972983,0.1144665,-0.05971403,0.01542766,-0.05093269,-0.996796,0.403028,2.964217,0.09976363,0.008492215,-0.1302518,0.9914446,-1,NaN,NaN,NaN,-1,NaN,NaN,NaN
3.770935,NaN,NaN,NaN,0.6453035,2.973967,0.1180013,-0.05581129,0.01562687,-0.04781316,-0.9971734,0.5412102,2.964217,0.09976363,0.008492215,-0.1302518,0.9914446,-1,NaN,NaN,NaN,-1,NaN,NaN,NaN
3.794983,NaN,NaN,NaN,0.9615012,2.974835,0.1248419,-0.05394278,0.01723783,-0.04614149,-0.9973285,0.8640782,2.96781,0.1061705,-7.459833E-06,-0.1258934,0.9920438,-1,NaN,NaN,NaN,-1,NaN,NaN,NaN
3.812683,NaN,NaN,NaN,1.119951,2.97481,0.1284025,-0.05640539,0.01737365,-0.04475785,-0.9972529,1.046611,2.971177,0.1138335,-0.004296995,-0.1230877,0.9923865,-1,NaN,NaN,NaN,-1,NaN,NaN,NaN
3.837036,NaN,NaN,NaN,1.435478,2.974749,0.1359048,-0.06035048,0.01719316,-0.04131157,-0.9971738,1.32708,2.971177,0.1138335,-0.004296995,-0.1230877,0.9923865,-1,NaN,NaN,NaN,-1,NaN,NaN,NaN
3.854675,NaN,NaN,NaN,1.594066,2.974045,0.139915,-0.05993504,0.01650491,-0.03855313,-0.997321,1.509847,2.97315,0.122113,-0.009962046,-0.1268011,0.9918782,-1,NaN,NaN,NaN,-1,NaN,NaN,NaN
3.878601,NaN,NaN,NaN,1.905423,2.973251,0.1484664,-0.06000185,0.01459007,-0.03299747,-0.9975461,1.828614,2.973645,0.1306822,-0.0114982,-0.1347381,0.9908146,-1,NaN,NaN,NaN,-1,NaN,NaN,NaN
3.89679,NaN,NaN,NaN,2.062005,2.971704,0.1526272,-0.05937564,0.01315109,-0.03036276,-0.9976872,1.967798,2.973645,0.1306822,-0.0114982,-0.1347381,0.9908146,-1,NaN,NaN,NaN,-1,NaN,NaN,NaN
3.920532,NaN,NaN,NaN,2.366431,2.968521,0.1610384,-0.06138953,0.009440549,-0.02398573,-0.997781,2.280319,2.973038,0.1400067,-0.009481604,-0.1456353,0.9892929,-1,NaN,NaN,NaN,-1,NaN,NaN,NaN
3.938232,NaN,NaN,NaN,2.513226,2.967009,0.1656313,-0.06158406,0.007127531,-0.01990622,-0.997878,2.410803,2.973038,0.1400067,-0.009481604,-0.1456353,0.9892929,-1,NaN,NaN,NaN,-1,NaN,NaN,NaN
3.96228,3.740148,-23.95238,170.7893,2.802192,2.962672,0.1744832,-0.06207917,0.004176527,-0.01469218,-0.9979544,2.709091,2.971077,0.1499225,0.005968371,-0.1558491,0.9877629,-1,NaN,NaN,NaN,-1,NaN,NaN,NaN
3.980042,4.73338,-21.15739,150.9019,2.942519,2.960108,0.1788007,-0.06328005,0.002814032,-0.01166175,-0.9979237,2.874291,2.967815,0.1602001,0.01217706,-0.1580205,0.9873607,-1,NaN,NaN,NaN,-1,NaN,NaN,NaN
4.004028,4.977445,-21.15738,150.9018,3.217091,2.953917,0.1872188,-0.06706334,-1.806021E-05,-0.006549212,-0.9977272,3.118355,2.967815,0.1602001,0.01217706,-0.1580205,0.9873607,-1,NaN,NaN,NaN,-1,NaN,NaN,NaN
4.021851,5.47982,-40.3526,287.4832,3.347337,2.951043,0.1917471,-0.06847373,-0.002899326,-0.001851361,-0.997647,3.273289,2.963274,0.170684,0.00759386,-0.1490733,0.988797,-1,NaN,NaN,NaN,-1,NaN,NaN,NaN
4.045715,5.134133,-25.42964,181.3005,3.601069,2.945813,0.2010643,-0.06997643,-0.007097483,0.00328877,-0.997518,3.536367,2.957172,0.1810864,0.008714882,-0.1548337,0.9879021,-1,NaN,NaN,NaN,-1,NaN,NaN,NaN
4.063599,5.243122,-25.42964,181.3005,3.723682,2.942486,0.2056059,-0.06926162,-0.008542813,0.004276313,-0.9975528,3.645356,2.957172,0.1810864,0.008714882,-0.1548337,0.9879021,-1,NaN,NaN,NaN,-1,NaN,NaN,NaN
4.087463,4.981604,-18.99169,135.4921,3.955672,2.934829,0.2141073,-0.06954619,-0.01132119,0.007842238,-0.9974837,3.887146,2.950506,0.191645,0.007984502,-0.1600773,0.9870722,-1,NaN,NaN,NaN,-1,NaN,NaN,NaN
4.105286,5.077473,-18.99168,135.492,4.063525,2.931081,0.2185125,-0.06943837,-0.01268442,0.01142038,-0.9974402,3.983016,2.950506,0.191645,0.007984502,-0.1600773,0.9870722,-1,NaN,NaN,NaN,-1,NaN,NaN,NaN
4.129395,4.946709,-15.75249,112.444,4.276165,2.92278,0.2271033,-0.06933136,-0.01434584,0.01599741,-0.9973623,4.205621,2.943097,0.2024179,0.006512732,-0.1642984,0.9863892,-1,NaN,NaN,NaN,-1,NaN,NaN,NaN
4.147156,6.748484,-32.94257,234.7581,4.376735,2.9182,0.2312294,-0.0698761,-0.01466756,0.0171403,-0.9973006,4.326267,2.934679,0.2129645,0.01020801,-0.1511986,0.9884507,-1,NaN,NaN,NaN,-1,NaN,NaN,NaN
4.171082,6.915635,-32.94262,234.7584,4.564776,2.908925,0.238837,-0.07041363,-0.01468291,0.01770008,-0.9972528,4.493415,2.934679,0.2129645,0.01020801,-0.1511986,0.9884507,-1,NaN,NaN,NaN,-1,NaN,NaN,NaN
4.188721,NaN,NaN,NaN,4.651734,2.903912,0.2423731,-0.07061465,-0.01472935,0.01914399,-0.9972112,4.599722,2.925186,0.2232544,0.01391439,-0.1354582,0.9906854,-1,NaN,NaN,NaN,-1,NaN,NaN,NaN
4.212891,NaN,NaN,NaN,4.819684,2.893338,0.2489403,-0.07204831,-0.01537734,0.02187723,-0.9970427,4.775655,2.914584,0.2329247,0.003016045,-0.1309945,0.9913785,-1,NaN,NaN,NaN,-1,NaN,NaN,NaN
4.230469,NaN,NaN,NaN,4.897219,2.887892,0.2520143,-0.0732459,-0.01451359,0.02063863,-0.9969947,4.844576,2.914584,0.2329247,0.003016045,-0.1309945,0.9913785,-1,NaN,NaN,NaN,-1,NaN,NaN,NaN
4.254761,NaN,NaN,NaN,5.038443,2.877795,0.2580058,-0.07528478,-0.01240107,0.02016168,-0.9968812,4.994461,2.90302,0.2418152,0.0006377695,-0.129974,0.9915172,-1,NaN,NaN,NaN,-1,NaN,NaN,NaN
4.272339,NaN,NaN,NaN,5.100629,2.873221,0.2603954,-0.07711183,-0.0121082,0.02289413,-0.996686,5.049737,2.90302,0.2418152,0.0006377695,-0.129974,0.9915172,-1,NaN,NaN,NaN,-1,NaN,NaN,NaN
4.296387,NaN,NaN,NaN,5.221107,2.863909,0.2647006,-0.07985689,-0.01211383,0.02471632,-0.9964263,5.178853,2.890649,0.2497818,-0.004578428,-0.1328824,0.9911212,-1,NaN,NaN,NaN,-1,NaN,NaN,NaN
4.314087,NaN,NaN,NaN,5.27478,2.859473,0.2666481,-0.07973778,-0.01233087,0.02374515,-0.9964567,5.245895,2.878545,0.2566527,-0.006979689,-0.1380274,0.9904038,-1,NaN,NaN,NaN,-1,NaN,NaN,NaN
4.338257,NaN,NaN,NaN,5.368929,2.850587,0.2699956,-0.07888324,-0.01307696,0.02292679,-0.9965344,5.329584,2.878545,0.2566527,-0.006979689,-0.1380274,0.9904038,-1,NaN,NaN,NaN,-1,NaN,NaN,NaN
4.356018,NaN,NaN,NaN,5.407294,2.846391,0.2710163,-0.07889801,-0.01412771,0.02313999,-0.9965139,5.380523,2.867071,0.2624784,-0.007412157,-0.1328245,0.9911118,-1,NaN,NaN,NaN,-1,NaN,NaN,NaN
4.380005,NaN,NaN,NaN,5.470645,2.838082,0.2725722,-0.07914234,-0.01694088,0.02496558,-0.9964066,5.451161,2.856173,0.2672259,-0.003173972,-0.1333127,0.991069,-1,NaN,NaN,NaN,-1,NaN,NaN,NaN
4.397827,NaN,NaN,NaN,5.490541,2.834381,0.2729628,-0.0793668,-0.01951323,0.027895,-0.9962641,5.468846,2.856173,0.2672259,-0.003173972,-0.1333127,0.991069,-1,NaN,NaN,NaN,-1,NaN,NaN,NaN
4.421753,NaN,NaN,NaN,5.51706,2.827792,0.2734417,-0.07964081,-0.02407595,0.03215355,-0.996014,5.503838,2.84579,0.2705535,-0.002244117,-0.1293661,0.9915944,-1,NaN,NaN,NaN,-1,NaN,NaN,NaN
4.439697,NaN,NaN,NaN,5.516737,2.825038,0.273105,-0.08000912,-0.02573407,0.03230585,-0.9959381,5.511631,2.836176,0.2725617,0.002138143,-0.1277614,0.9918027,-1,NaN,NaN,NaN,-1,NaN,NaN,NaN
4.463501,NaN,NaN,NaN,5.498308,2.820425,0.272082,-0.08156362,-0.0290466,0.03386829,-0.9956689,5.49525,2.836176,0.2725617,0.002138143,-0.1277614,0.9918027,-1,NaN,NaN,NaN,-1,NaN,NaN,NaN
4.481445,NaN,NaN,NaN,5.47587,2.818694,0.2711807,-0.0827729,-0.02985173,0.03434192,-0.9955291,5.479256,2.828068,0.2731127,0.0007517657,-0.1285362,0.9917045,-1,NaN,NaN,NaN,-1,NaN,NaN,NaN
4.505188,NaN,NaN,NaN,5.416499,2.81548,0.268521,-0.0854169,-0.03155179,0.03509677,-0.995227,5.426481,2.828068,0.2731127,0.0007517657,-0.1285362,0.9917045,-1,NaN,NaN,NaN,-1,NaN,NaN,NaN
4.523315,NaN,NaN,NaN,5.372384,2.814298,0.2666145,-0.08710229,-0.0319844,0.03497474,-0.9950714,5.386806,2.821695,0.2723722,-0.000310774,-0.1312448,0.9913499,-1,NaN,NaN,NaN,-1,NaN,NaN,NaN
4.546936,NaN,NaN,NaN,5.268332,2.813722,0.263195,-0.08709381,-0.03374248,0.03720161,-0.9949332,5.289436,2.816922,0.2702819,-0.003543625,-0.1357913,0.9907311,-1,NaN,NaN,NaN,-1,NaN,NaN,NaN
4.565247,NaN,NaN,NaN,5.20434,2.814674,0.2614728,-0.0845307,-0.03411728,0.03791663,-0.9951146,5.232553,2.816922,0.2702819,-0.003543625,-0.1357913,0.9907311,-1,NaN,NaN,NaN,-1,NaN,NaN,NaN
4.588806,NaN,NaN,NaN,5.058517,2.817513,0.2577337,-0.08052602,-0.03708709,0.04130047,-0.9952058,5.093422,2.813881,0.2668419,0.0002852398,-0.1331244,0.9910993,-1,NaN,NaN,NaN,-1,NaN,NaN,NaN
4.606995,NaN,NaN,NaN,4.971157,2.820424,0.2557113,-0.07961308,-0.03951577,0.04390902,-0.995074,5.015768,2.813881,0.2668419,0.0002852398,-0.1331244,0.9910993,-1,NaN,NaN,NaN,-1,NaN,NaN,NaN
4.630676,NaN,NaN,NaN,4.783895,2.827206,0.2513287,-0.07865356,-0.04294756,0.04561574,-0.9949314,4.835123,2.813636,0.2627068,0.001232092,-0.1294359,0.991587,-1,NaN,NaN,NaN,-1,NaN,NaN,NaN
4.648743,NaN,NaN,NaN,4.677101,2.831381,0.2487661,-0.07909116,-0.04464357,0.04579287,-0.9948138,4.721521,2.816679,0.2581898,0.002618941,-0.1258536,0.9920454,-1,NaN,NaN,NaN,-1,NaN,NaN,NaN
4.672363,NaN,NaN,NaN,4.450379,2.840452,0.2433063,-0.07932276,-0.04741162,0.04565099,-0.9946738,4.497044,2.823037,0.2530074,0.005503546,-0.1252527,0.9921097,-1,NaN,NaN,NaN,-1,NaN,NaN,NaN
4.690491,NaN,NaN,NaN,4.324029,2.845542,0.2401401,-0.07970927,-0.04813433,0.04396695,-0.9946842,4.384733,2.823037,0.2530074,0.005503546,-0.1252527,0.9921097,-1,NaN,NaN,NaN,-1,NaN,NaN,NaN
4.714111,NaN,NaN,NaN,4.05535,2.856485,0.2336906,-0.07995427,-0.04895706,0.04145712,-0.994732,4.118449,2.832367,0.2472045,0.005140947,-0.1242907,0.9922326,-1,NaN,NaN,NaN,-1,NaN,NaN,NaN
4.732361,NaN,NaN,NaN,3.909778,2.86236,0.2303094,-0.07875865,-0.04867136,0.04045346,-0.9948828,3.989052,2.832367,0.2472045,0.005140947,-0.1242907,0.9922326,-1,NaN,NaN,NaN,-1,NaN,NaN,NaN
4.755981,NaN,NaN,NaN,3.606133,2.873768,0.2230513,-0.07631731,-0.04869594,0.03870539,-0.9951413,3.687417,2.843826,0.2403858,0.001624856,-0.1239888,0.9922823,-1,NaN,NaN,NaN,-1,NaN,NaN,NaN
4.77417,NaN,NaN,NaN,3.444068,2.879268,0.2194145,-0.07460452,-0.0490269,0.03900037,-0.9952435,3.507593,2.856824,0.2327372,0.0001418203,-0.1236668,0.9923238,-1,NaN,NaN,NaN,-1,NaN,NaN,NaN
4.797546,NaN,NaN,NaN,3.110139,2.890396,0.2116344,-0.071747,-0.04856644,0.03753204,-0.9955326,3.210767,2.856824,0.2327372,0.0001418203,-0.1236668,0.9923238,-1,NaN,NaN,NaN,-1,NaN,NaN,NaN
4.815979,NaN,NaN,NaN,2.933576,2.896188,0.2078674,-0.06961043,-0.04808956,0.03660939,-0.9957418,3.014304,2.870357,0.2243528,-0.003658226,-0.1221429,0.9925058,-1,NaN,NaN,NaN,-1,NaN,NaN,NaN
4.839539,NaN,NaN,NaN,2.57327,2.907929,0.2006235,-0.06481608,-0.04760944,0.03593835,-0.9961128,2.650832,2.883917,0.2153543,-0.004951255,-0.122404,0.992468,-1,NaN,NaN,NaN,-1,NaN,NaN,NaN
4.858093,NaN,NaN,NaN,2.385927,2.913999,0.1970906,-0.06260771,-0.04736549,0.03558609,-0.9962783,2.484305,2.883917,0.2153543,-0.004951255,-0.122404,0.992468,-1,NaN,NaN,NaN,-1,NaN,NaN,NaN
4.881165,NaN,NaN,NaN,2.003725,2.925902,0.1898003,-0.06038088,-0.04701161,0.03581991,-0.9964241,2.098383,2.897727,0.2063929,-0.01345586,-0.1166823,0.9930781,-1,NaN,NaN,NaN,-1,NaN,NaN,NaN
4.899658,NaN,NaN,NaN,1.805096,2.931765,0.1859754,-0.06098924,-0.04653113,0.036366,-0.9963899,1.921825,2.897727,0.2063929,-0.01345586,-0.1166823,0.9930781,-1,NaN,NaN,NaN,-1,NaN,NaN,NaN
4.922913,NaN,NaN,NaN,1.405003,2.943227,0.178775,-0.06127062,-0.04531235,0.0372072,-0.9963977,1.517422,2.911884,0.1974689,-0.01571127,-0.1195874,0.9926994,-1,NaN,NaN,NaN,-1,NaN,NaN,NaN
4.941223,NaN,NaN,NaN,1.201167,2.948032,0.1749591,-0.06172873,-0.04411667,0.03753174,-0.9964109,1.285268,2.926018,0.1887196,-0.01786,-0.1231974,0.9922215,-1,NaN,NaN,NaN,-1,NaN,NaN,NaN
4.964722,NaN,NaN,NaN,0.7907194,2.957877,0.1680626,-0.06089058,-0.04280427,0.03772291,-0.9965125,0.9204249,2.926018,0.1887196,-0.01786,-0.1231974,0.9922215,-1,NaN,NaN,NaN,-1,NaN,NaN,NaN
4.983093,NaN,NaN,NaN,0.5811738,2.961513,0.1644748,-0.0601822,-0.04117502,0.03630184,-0.996677,0.6813383,2.939497,0.1800753,-0.01912739,-0.1232927,0.992186,-1,NaN,NaN,NaN,-1,NaN,NaN,NaN
5.006592,NaN,NaN,NaN,0.1615034,2.968764,0.1573266,-0.06037564,-0.03713629,0.03459883,-0.9968845,0.2541093,2.951595,0.1715193,-0.01910875,-0.1255636,0.9919016,-1,NaN,NaN,NaN,-1,NaN,NaN,NaN
5.024719,NaN,NaN,NaN,-0.05000629,2.971827,0.1539807,-0.06163586,-0.03406902,0.03387481,-0.9969418,0.06610073,2.951595,0.1715193,-0.01910875,-0.1255636,0.9919016,-1,NaN,NaN,NaN,-1,NaN,NaN,NaN
5.048279,NaN,NaN,NaN,-0.4718594,2.977195,0.147489,-0.0624673,-0.02825251,0.03369433,-0.9970779,-0.3641365,2.961662,0.162968,-0.02284761,-0.1282283,0.9914814,-1,NaN,NaN,NaN,-1,NaN,NaN,NaN
5.066345,NaN,NaN,NaN,-0.6832076,2.979553,0.1445853,-0.06201393,-0.02589694,0.03459314,-0.9971394,-0.5520016,2.961662,0.162968,-0.02284761,-0.1282283,0.9914814,-1,NaN,NaN,NaN,-1,NaN,NaN,NaN
5.090088,NaN,NaN,NaN,-1.105098,2.981286,0.1381032,-0.06338888,-0.02135173,0.03538558,-0.9971328,-0.9828895,2.969916,0.1547272,-0.02229905,-0.1280294,0.9915196,-1,NaN,NaN,NaN,-1,NaN,NaN,NaN
5.107849,NaN,NaN,NaN,-1.314574,2.982704,0.1352757,-0.06461184,-0.01987165,0.0358698,-0.9970677,-1.225234,2.976127,0.1469624,-0.01924093,-0.1296535,0.9913726,-1,NaN,NaN,NaN,-1,NaN,NaN,NaN
5.131836,NaN,NaN,NaN,-1.733241,2.983038,0.1296636,-0.06710022,-0.01556218,0.03393229,-0.9970477,-1.597382,2.976127,0.1469624,-0.01924093,-0.1296535,0.9913726,-1,NaN,NaN,NaN,-1,NaN,NaN,NaN
5.149353,NaN,NaN,NaN,-1.941688,2.982855,0.1269301,-0.06763486,-0.01299491,0.03224217,-0.9971043,-1.838777,2.979911,0.1395285,-0.01040098,-0.1330018,0.9910612,-1,NaN,NaN,NaN,-1,NaN,NaN,NaN
5.173645,NaN,NaN,NaN,-2.354851,2.980561,0.1219095,-0.06932177,-0.007800198,0.02883196,-0.9971471,-2.261876,2.981576,0.1325042,-0.008684867,-0.1372358,0.9905003,-1,NaN,NaN,NaN,-1,NaN,NaN,NaN
5.191101,NaN,NaN,NaN,-2.558293,2.979464,0.1197712,-0.06966751,-0.004953549,0.02656406,-0.9972043,-2.442713,2.981576,0.1325042,-0.008684867,-0.1372358,0.9905003,-1,NaN,NaN,NaN,-1,NaN,NaN,NaN
5.215576,NaN,NaN,NaN,-2.960537,2.97549,0.1157713,-0.07016002,0.0005362555,0.02150992,-0.9973037,-2.855657,2.98102,0.1260349,-0.01181164,-0.1331379,0.9910272,-1,NaN,NaN,NaN,-1,NaN,NaN,NaN
5.232849,NaN,NaN,NaN,-3.158167,2.972527,0.1140279,-0.0708186,0.003165141,0.0199473,-0.9972847,-3.031328,2.98102,0.1260349,-0.01181164,-0.1331379,0.9910272,-1,NaN,NaN,NaN,-1,NaN,NaN,NaN
5.257263,NaN,NaN,NaN,-3.547008,2.967825,0.1113876,-0.07273544,0.008029528,0.01706901,-0.9971729,-3.431554,2.978456,0.1203954,-0.0134576,-0.1270044,0.9918109,-1,NaN,NaN,NaN,-1,NaN,NaN,NaN
5.274597,NaN,NaN,NaN,-3.736236,2.964843,0.1103087,-0.07222333,0.01012028,0.01582959,-0.9972115,-3.653507,2.973737,0.1158175,-0.01209173,-0.1301879,0.9914156,-1,NaN,NaN,NaN,-1,NaN,NaN,NaN
5.299011,NaN,NaN,NaN,-4.107196,2.958409,0.1085504,-0.07318906,0.01415167,0.01263856,-0.9971376,-3.98325,2.973737,0.1158175,-0.01209173,-0.1301879,0.9914156,-1,NaN,NaN,NaN,-1,NaN,NaN,NaN
5.316162,NaN,NaN,NaN,-4.287916,2.954709,0.1078646,-0.07366832,0.01595876,0.01081718,-0.9970965,-4.195782,2.967756,0.1120952,-0.00790801,-0.1283344,0.9916995,-1,NaN,NaN,NaN,-1,NaN,NaN,NaN
5.340759,NaN,NaN,NaN,-4.64175,2.947859,0.1069782,-0.07515556,0.01965122,0.006395371,-0.9969577,-4.560469,2.960645,0.109426,-0.008777612,-0.1251319,0.9921013,-1,NaN,NaN,NaN,-1,NaN,NaN,NaN
5.358093,NaN,NaN,NaN,-4.813407,2.944669,0.1066637,-0.07683623,0.02141702,0.003950973,-0.9968058,-4.713053,2.960645,0.109426,-0.008777612,-0.1251319,0.9921013,-1,NaN,NaN,NaN,-1,NaN,NaN,NaN
5.382446,NaN,NaN,NaN,-5.148422,2.936302,0.1058525,-0.07802474,0.02431853,-0.0005008215,-0.9966546,-5.059222,2.952623,0.1075521,-0.002113964,-0.1280335,0.9917675,-1,NaN,NaN,NaN,-1,NaN,NaN,NaN
5.399902,NaN,NaN,NaN,-5.308291,2.931394,0.1054054,-0.07957937,0.02570902,-0.002360602,-0.9964942,-5.201328,2.952623,0.1075521,-0.002113964,-0.1280335,0.9917675,-1,NaN,NaN,NaN,-1,NaN,NaN,NaN
5.424133,NaN,NaN,NaN,-5.618599,2.923004,0.1047369,-0.08333655,0.02927552,-0.007386715,-0.996064,-5.523617,2.943984,0.1062328,0.00213982,-0.1315016,0.9913137,-1,NaN,NaN,NaN,-1,NaN,NaN,NaN
5.441528,NaN,NaN,NaN,-5.769087,2.917799,0.1042316,-0.08539648,0.03106105,-0.008531025,-0.9958262,-5.7018,2.934321,0.1055046,-0.00323146,-0.1372925,0.9905253,-1,NaN,NaN,NaN,-1,NaN,NaN,NaN
5.465881,NaN,NaN,NaN,-6.054412,2.907052,0.1033663,-0.08739549,0.03538515,-0.01186958,-0.9954743,-5.955422,2.934321,0.1055046,-0.00323146,-0.1372925,0.9905253,-1,NaN,NaN,NaN,-1,NaN,NaN,NaN
5.483276,NaN,NaN,NaN,-6.189101,2.902039,0.1032546,-0.08627019,0.03659902,-0.01336757,-0.9955096,-6.117165,2.923629,0.1046793,0.001336256,-0.1340986,0.9909671,-1,NaN,NaN,NaN,-1,NaN,NaN,NaN
5.507629,NaN,NaN,NaN,-6.446795,2.891067,0.1024863,-0.08533768,0.03906555,-0.01714762,-0.9954383,-6.385752,2.911793,0.1037239,0.005501333,-0.1277755,0.9917879,-1,NaN,NaN,NaN,-1,NaN,NaN,NaN
5.525024,NaN,NaN,NaN,-6.564455,2.884777,0.1015758,-0.08563576,0.04081496,-0.0198926,-0.9952914,-6.490338,2.911793,0.1037239,0.005501333,-0.1277755,0.9917879,-1,NaN,NaN,NaN,-1,NaN,NaN,NaN
5.549316,NaN,NaN,NaN,-6.786186,2.872695,0.1001122,-0.08689213,0.04568044,-0.02690391,-0.9948061,-6.723937,2.899246,0.1028472,0.002659188,-0.1257387,0.9920598,-1,NaN,NaN,NaN,-1,NaN,NaN,NaN
5.567017,NaN,NaN,NaN,-6.885499,2.866776,0.09961087,-0.08674582,0.04847138,-0.0306166,-0.9945795,-6.812215,2.899246,0.1028472,0.002659188,-0.1257387,0.9920598,-1,NaN,NaN,NaN,-1,NaN,NaN,NaN
5.591064,NaN,NaN,NaN,-7.069956,2.8552,0.09868833,-0.08547286,0.05343318,-0.03766607,-0.9941935,-7.009259,2.885533,0.1015935,0.003729418,-0.1263026,0.9919847,-1,NaN,NaN,NaN,-1,NaN,NaN,NaN
5.608704,NaN,NaN,NaN,-7.150357,2.849615,0.09824771,-0.08384867,0.05616122,-0.04160542,-0.9940243,-7.110195,2.871325,0.1001081,0.01308753,-0.1226462,0.9923642,-1,NaN,NaN,NaN,-1,NaN,NaN,NaN
5.632874,NaN,NaN,NaN,-7.295387,2.838551,0.09710719,-0.08285855,0.06177732,-0.04862717,-0.9934554,-7.239111,2.871325,0.1001081,0.01308753,-0.1226462,0.9923642,-1,NaN,NaN,NaN,-1,NaN,NaN,NaN
5.65033,NaN,NaN,NaN,-7.354703,2.833097,0.09651707,-0.0830534,0.06453843,-0.05148125,-0.9931197,-7.317374,2.857337,0.0987401,0.005521803,-0.1218109,0.992538,-1,NaN,NaN,NaN,-1,NaN,NaN,NaN
5.674683,NaN,NaN,NaN,-7.456155,2.822835,0.09533215,-0.08427735,0.06883674,-0.05486974,-0.9925464,-7.428864,2.843767,0.09753013,0.01055918,-0.1194645,0.9927823,-1,NaN,NaN,NaN,-1,NaN,NaN,NaN
5.6922,NaN,NaN,NaN,-7.494142,2.818472,0.09480576,-0.08570833,0.06992196,-0.05609922,-0.9922792,-7.462629,2.843767,0.09753013,0.01055918,-0.1194645,0.9927823,-1,NaN,NaN,NaN,-1,NaN,NaN,NaN
5.716492,NaN,NaN,NaN,-7.548589,2.810077,0.0942954,-0.08552583,0.07334339,-0.06030927,-0.9918009,-7.527964,2.830829,0.09623158,0.0007778484,-0.1200487,0.9927677,-1,NaN,NaN,NaN,-1,NaN,NaN,NaN
5.734314,NaN,NaN,NaN,-7.564764,2.806539,0.09385066,-0.08560213,0.07478343,-0.06140333,-0.9916196,-7.542341,2.830829,0.09623158,0.0007778484,-0.1200487,0.9927677,-1,NaN,NaN,NaN,-1,NaN,NaN,NaN
5.758179,NaN,NaN,NaN,-7.581672,2.79998,0.0932468,-0.08512266,0.0781288,-0.0605035,-0.9914582,-7.569624,2.819305,0.09502244,0.005319925,-0.119786,0.9927855,-1,NaN,NaN,NaN,-1,NaN,NaN,NaN
5.776001,NaN,NaN,NaN,-7.575536,2.797049,0.0929576,-0.08460435,0.08036599,-0.05892366,-0.991419,-7.57178,2.809362,0.09406745,0.00496138,-0.1182671,0.9929695,-1,NaN,NaN,NaN,-1,NaN,NaN,NaN
5.80011,NaN,NaN,NaN,-7.550886,2.791814,0.09249118,-0.08320139,0.08562998,-0.05701566,-0.9912085,-7.54987,2.809362,0.09406745,0.00496138,-0.1182671,0.9929695,-1,NaN,NaN,NaN,-1,NaN,NaN,NaN
5.817932,NaN,NaN,NaN,-7.52607,2.789619,0.09243597,-0.08143274,0.0861631,-0.05309033,-0.9915271,-7.531048,2.800885,0.09329879,-0.003078035,-0.1178748,0.9930237,-1,NaN,NaN,NaN,-1,NaN,NaN,NaN
5.841797,NaN,NaN,NaN,-7.452696,2.786132,0.09285435,-0.07728288,0.08569644,-0.05152497,-0.9919822,-7.464741,2.793845,0.09269011,0.001021835,-0.117211,0.9931065,-1,NaN,NaN,NaN,-1,NaN,NaN,NaN
5.859497,NaN,NaN,NaN,-7.402619,2.785009,0.09330089,-0.07620981,0.0845583,-0.05433476,-0.992013,-7.420228,2.793845,0.09269011,0.001021835,-0.117211,0.9931065,-1,NaN,NaN,NaN,-1,NaN,NaN,NaN
5.883484,NaN,NaN,NaN,-7.293725,2.782724,0.09361078,-0.07532123,0.08261159,-0.05745541,-0.992069,-7.317592,2.788451,0.09269965,0.013049,-0.1186376,0.9928519,-1,NaN,NaN,NaN,-1,NaN,NaN,NaN
5.901855,NaN,NaN,NaN,-7.225377,2.782115,0.09354677,-0.07765234,0.08171466,-0.05842803,-0.9919068,-7.256837,2.788451,0.09269965,0.013049,-0.1186376,0.9928519,-1,NaN,NaN,NaN,-1,NaN,NaN,NaN
5.925354,NaN,NaN,NaN,-7.076466,2.78309,0.09442428,-0.07917999,0.07960922,-0.05888594,-0.9919301,-7.114056,2.784582,0.09306645,0.01622607,-0.1130271,0.9934594,-1,NaN,NaN,NaN,-1,NaN,NaN,NaN
5.94342,NaN,NaN,NaN,-6.991456,2.785336,0.09513915,-0.07876067,0.07901999,-0.05989476,-0.9919503,-7.023802,2.782168,0.09343505,0.02233631,-0.1130968,0.9933329,-1,NaN,NaN,NaN,-1,NaN,NaN,NaN
5.967712,NaN,NaN,NaN,-6.813091,2.791381,0.09711312,-0.07624401,0.08055441,-0.06435372,-0.9917442,-6.865255,2.782168,0.09343505,0.02233631,-0.1130968,0.9933329,-1,NaN,NaN,NaN,-1,NaN,NaN,NaN
5.984558,NaN,NaN,NaN,-6.716611,2.795125,0.09817865,-0.07545856,0.08226562,-0.06443106,-0.9916587,-6.760837,2.782625,0.09427917,0.04065501,-0.1200465,0.9919355,-1,NaN,NaN,NaN,-1,NaN,NaN,NaN
6.00885,NaN,NaN,NaN,-6.504076,2.803566,0.09970421,-0.07820217,0.08462831,-0.06502647,-0.9912084,-6.550065,2.787228,0.09646273,0.04447669,-0.1223631,0.9914883,-1,NaN,NaN,NaN,-1,NaN,NaN,NaN
6.026306,NaN,NaN,NaN,-6.384977,2.808679,0.1002695,-0.08108372,0.0850592,-0.06679796,-0.9908221,-6.4442,2.787228,0.09646273,0.04447669,-0.1223631,0.9914883,-1,NaN,NaN,NaN,-1,NaN,NaN,NaN
6.050659,NaN,NaN,NaN,-6.133854,2.819872,0.1013142,-0.08617578,0.08492394,-0.07000585,-0.9901822,-6.195444,2.795218,0.09829247,0.04102212,-0.1237745,0.9914621,-1,NaN,NaN,NaN,-1,NaN,NaN,NaN
6.068909,NaN,NaN,NaN,-5.998834,2.825892,0.1017472,-0.0871471,0.08492492,-0.0705144,-0.990061,-6.075427,2.795218,0.09829247,0.04102212,-0.1237745,0.9914621,-1,NaN,NaN,NaN,-1,NaN,NaN,NaN
6.092407,NaN,NaN,NaN,-5.718615,2.838812,0.1030793,-0.08620662,0.08462372,-0.06953322,-0.9902386,-5.796985,2.805985,0.09986758,0.03895553,-0.1280127,0.9910072,-1,NaN,NaN,NaN,-1,NaN,NaN,NaN
6.109863,NaN,NaN,NaN,-5.566751,2.845334,0.1038641,-0.08300155,0.08436722,-0.06906994,-0.9905667,-5.629104,2.818941,0.1014423,0.04059631,-0.1262324,0.9911697,-1,NaN,NaN,NaN,-1,NaN,NaN,NaN
6.134766,NaN,NaN,NaN,-5.247273,2.858477,0.1049321,-0.0795024,0.08268822,-0.07017869,-0.9909173,-5.345123,2.818941,0.1014423,0.04059631,-0.1262324,0.9911697,-1,NaN,NaN,NaN,-1,NaN,NaN,NaN
6.15155,NaN,NaN,NaN,-5.076124,2.864497,0.1053059,-0.07866837,0.08070801,-0.0702859,-0.9911395,-5.156413,2.833732,0.1028461,0.04021841,-0.1200125,0.9919574,-1,NaN,NaN,NaN,-1,NaN,NaN,NaN
6.176331,NaN,NaN,NaN,-4.721138,2.876522,0.105968,-0.07865103,0.07736176,-0.07192566,-0.99129,-4.800424,2.849273,0.1041312,0.03793535,-0.1152558,0.9926112,-1,NaN,NaN,NaN,-1,NaN,NaN,NaN
6.19342,NaN,NaN,NaN,-4.535856,2.883414,0.1067448,-0.0788525,0.07614208,-0.07432326,-0.9911916,-4.635728,2.849273,0.1041312,0.03793535,-0.1152558,0.9926112,-1,NaN,NaN,NaN,-1,NaN,NaN,NaN
6.217773,NaN,NaN,NaN,-4.163541,2.897115,0.1082763,-0.07543087,0.07282127,-0.07412169,-0.9917223,-4.260608,2.864486,0.1052053,0.04416008,-0.1168628,0.9921658,-1,NaN,NaN,NaN,-1,NaN,NaN,NaN
6.236023,NaN,NaN,NaN,-3.967157,2.903617,0.1092105,-0.07335891,0.07130472,-0.07316332,-0.9920592,-4.086044,2.864486,0.1052053,0.04416008,-0.1168628,0.9921658,-1,NaN,NaN,NaN,-1,NaN,NaN,NaN
6.259644,NaN,NaN,NaN,-3.566643,2.916268,0.1110567,-0.07186557,0.06700692,-0.07230168,-0.9925311,-3.68289,2.879872,0.1062789,0.04351973,-0.1135087,0.9925834,-1,NaN,NaN,NaN,-1,NaN,NaN,NaN
6.276917,NaN,NaN,NaN,-3.360522,2.9223,0.1120473,-0.07289536,0.06514888,-0.07301328,-0.9925276,-3.449589,2.895693,0.1081702,0.04171002,-0.1097022,0.993089,-1,NaN,NaN,NaN,-1,NaN,NaN,NaN
6.301514,NaN,NaN,NaN,-2.948345,2.934333,0.1143415,-0.07353437,0.06134638,-0.07160809,-0.9928251,-3.08321,2.895693,0.1081702,0.04171002,-0.1097022,0.993089,-1,NaN,NaN,NaN,-1,NaN,NaN,NaN
6.319153,NaN,NaN,NaN,-2.734543,2.939049,0.1156242,-0.07270736,0.05981268,-0.07053214,-0.9930566,-2.840629,2.911108,0.1103745,0.04386867,-0.1164722,0.9922247,-1,NaN,NaN,NaN,-1,NaN,NaN,NaN
6.343689,NaN,NaN,NaN,-2.303401,2.948324,0.1182313,-0.0726336,0.0559063,-0.06827885,-0.993447,-2.402782,2.925683,0.1129239,0.04529314,-0.1208622,0.9916355,-1,NaN,NaN,NaN,-1,NaN,NaN,NaN
6.360718,NaN,NaN,NaN,-2.085835,2.951905,0.1196287,-0.07249773,0.05444421,-0.06780268,-0.9935707,-2.209391,2.925683,0.1129239,0.04529314,-0.1208622,0.9916355,-1,NaN,NaN,NaN,-1,NaN,NaN,NaN
6.384827,NaN,NaN,NaN,-1.655365,2.958436,0.1228624,-0.07190228,0.05130051,-0.06470225,-0.993988,-1.770628,2.938488,0.115805,0.04201912,-0.1215814,0.9916916,-1,NaN,NaN,NaN,-1,NaN,NaN,NaN
6.40332,NaN,NaN,NaN,-1.440991,2.961456,0.1249084,-0.07123917,0.04988574,-0.06291371,-0.9942225,-1.580074,2.938488,0.115805,0.04201912,-0.1215814,0.9916916,-1,NaN,NaN,NaN,-1,NaN,NaN,NaN
6.426697,NaN,NaN,NaN,-1.010833,2.965157,0.1289402,-0.06918338,0.04658505,-0.05987222,-0.9947155,-1.140829,2.948866,0.119033,0.03945085,-0.1219039,0.9917576,-1,NaN,NaN,NaN,-1,NaN,NaN,NaN
6.444153,NaN,NaN,NaN,-0.7952284,2.965584,0.1313135,-0.06771066,0.04602735,-0.05974033,-0.9948508,-0.8919536,2.957028,0.1229582,0.03138414,-0.1214982,0.9920954,-1,NaN,NaN,NaN,-1,NaN,NaN,NaN
6.46936,NaN,NaN,NaN,-0.3680504,2.965232,0.1361727,-0.06628203,0.04415079,-0.05686372,-0.9952005,-0.5122399,2.957028,0.1229582,0.03138414,-0.1214982,0.9920954,-1,NaN,NaN,NaN,-1,NaN,NaN,NaN
6.48584,NaN,NaN,NaN,-0.1638962,2.966212,0.139645,-0.06662261,0.04171477,-0.05129454,-0.9955854,-0.2732407,2.962466,0.1274432,0.02999627,-0.1203618,0.9922768,-1,NaN,NaN,NaN,-1,NaN,NaN,NaN
6.510254,NaN,NaN,NaN,0.2513977,2.964269,0.1463374,-0.0638337,0.0390956,-0.04566435,-0.9961484,0.1527181,2.964574,0.1330823,0.02842172,-0.1203104,0.9923294,-1,NaN,NaN,NaN,-1,NaN,NaN,NaN
6.52771,NaN,NaN,NaN,0.4583712,2.960595,0.149414,-0.0625346,0.03810031,-0.04422113,-0.9963344,0.3366945,2.964574,0.1330823,0.02842172,-0.1203104,0.9923294,-1,NaN,NaN,NaN,-1,NaN,NaN,NaN
6.552063,NaN,NaN,NaN,0.8588528,2.954405,0.1569187,-0.06107684,0.03431255,-0.03859841,-0.9967961,0.748515,2.964394,0.1400509,0.02456317,-0.1180366,0.9927054,-1,NaN,NaN,NaN,-1,NaN,NaN,NaN
6.570374,NaN,NaN,NaN,1.05238,2.950726,0.1613422,-0.05936696,0.03264903,-0.035134,-0.9970834,0.9205396,2.964394,0.1400509,0.02456317,-0.1180366,0.9927054,-1,NaN,NaN,NaN,-1,NaN,NaN,NaN
6.593811,NaN,NaN,NaN,1.4346,2.943002,0.1700975,-0.05624407,0.03002969,-0.02902876,-0.9975431,1.315259,2.960562,0.1479167,0.02056522,-0.1218599,0.9923342,-1,NaN,NaN,NaN,-1,NaN,NaN,NaN
6.611328,NaN,NaN,NaN,1.616077,2.93823,0.1748155,-0.05483937,0.02902201,-0.0257206,-0.9977419,1.530085,2.953756,0.1568689,0.02441196,-0.1187281,0.9926267,-1,NaN,NaN,NaN,-1,NaN,NaN,NaN
6.636475,NaN,NaN,NaN,1.970048,2.928906,0.1840823,-0.05278693,0.02751985,-0.01913975,-0.9980431,1.844726,2.953756,0.1568689,0.02441196,-0.1187281,0.9926267,-1,NaN,NaN,NaN,-1,NaN,NaN,NaN
6.652954,NaN,NaN,NaN,2.145463,2.922765,0.1886157,-0.05237916,0.0275996,-0.01777817,-0.9980875,2.051798,2.944637,0.1670763,0.0210082,-0.1145429,0.9931961,-1,NaN,NaN,NaN,-1,NaN,NaN,NaN
6.677307,NaN,NaN,NaN,2.47925,2.911328,0.1975615,-0.05320813,0.02456628,-0.00982945,-0.9982328,2.397266,2.933805,0.1779325,0.01639111,-0.1262697,0.9918605,-1,NaN,NaN,NaN,-1,NaN,NaN,NaN
6.694702,NaN,NaN,NaN,2.64185,2.906264,0.20192,-0.05528118,0.02293186,-0.006935649,-0.9981834,2.5418,2.933805,0.1779325,0.01639111,-0.1262697,0.9918605,-1,NaN,NaN,NaN,-1,NaN,NaN,NaN
6.719055,NaN,NaN,NaN,2.957741,2.894044,0.2104085,-0.05457434,0.02139296,-0.005108911,-0.9982675,2.869183,2.921255,0.1887622,0.01724408,-0.1255967,0.9919316,-1,NaN,NaN,NaN,-1,NaN,NaN,NaN
6.737244,NaN,NaN,NaN,3.107581,2.886802,0.2142831,-0.05377223,0.02120139,-0.005318203,-0.998314,3.002374,2.921255,0.1887622,0.01724408,-0.1255967,0.9919316,-1,NaN,NaN,NaN,-1,NaN,NaN,NaN
6.760803,NaN,NaN,NaN,3.389266,2.87448,0.2219722,-0.05577918,0.0167815,0.005100145,-0.998289,3.297052,2.907874,0.199473,0.01945459,-0.1269652,0.9917164,-1,NaN,NaN,NaN,-1,NaN,NaN,NaN
6.778503,NaN,NaN,NaN,3.525325,2.868031,0.2256602,-0.05465854,0.01404205,0.009365152,-0.9983625,3.45983,2.893148,0.2096944,0.02361787,-0.1280131,0.9914913,-1,NaN,NaN,NaN,-1,NaN,NaN,NaN
6.803101,NaN,NaN,NaN,3.791304,2.855414,0.2322528,-0.05354992,0.007276498,0.01403544,-0.99844,3.696256,2.893148,0.2096944,0.02361787,-0.1280131,0.9914913,-1,NaN,NaN,NaN,-1,NaN,NaN,NaN
6.820007,NaN,NaN,NaN,3.923421,2.848868,0.2348474,-0.05352876,0.001665473,0.01414262,-0.9984648,3.852619,2.877949,0.2190968,0.02088308,-0.1292035,0.9913982,-1,NaN,NaN,NaN,-1,NaN,NaN,NaN
6.84436,NaN,NaN,NaN,4.177787,2.833881,0.2399034,-0.05474576,-0.01204488,0.01577055,-0.9983031,4.115147,2.862723,0.2272644,0.03427264,-0.1265968,0.991362,-1,NaN,NaN,NaN,-1,NaN,NaN,NaN
6.862183,NaN,NaN,NaN,4.288926,2.827393,0.2422814,-0.05553852,-0.02054121,0.01745155,-0.9980927,4.213937,2.862723,0.2272644,0.03427264,-0.1265968,0.991362,-1,NaN,NaN,NaN,-1,NaN,NaN,NaN
6.886108,NaN,NaN,NaN,4.488302,2.814639,0.2470125,-0.05443772,-0.03055855,0.01967172,-0.9978556,4.426265,2.846561,0.2346263,0.04112304,-0.1265923,0.991102,-1,NaN,NaN,NaN,-1,NaN,NaN,NaN
6.904663,NaN,NaN,NaN,4.568576,2.808033,0.2489266,-0.05337669,-0.03316635,0.02187068,-0.9977839,4.49762,2.846561,0.2346263,0.04112304,-0.1265923,0.991102,-1,NaN,NaN,NaN,-1,NaN,NaN,NaN
6.92804,22.00501,-46.08968,379.6976,4.712374,2.795386,0.2521289,-0.05430549,-0.03981739,0.02766721,-0.9973465,4.657633,2.830245,0.2409507,0.04529458,-0.1277316,0.990774,-1,NaN,NaN,NaN,-1,NaN,NaN,NaN
6.945435,NaN,NaN,NaN,4.771066,2.790171,0.2533866,-0.05520983,-0.04370111,0.03035034,-0.9970562,4.736735,2.814445,0.2463927,0.01315688,-0.1251283,0.9920533,-1,NaN,NaN,NaN,-1,NaN,NaN,NaN
6.970032,NaN,NaN,NaN,4.860585,2.780926,0.2550161,-0.05853601,-0.04985844,0.0330238,-0.9964924,4.816308,2.814445,0.2463927,0.01315688,-0.1251283,0.9920533,4,-5.7,-17.16542,137.7921,5,5.7,-35.42165,267.6919
6.987183,NaN,NaN,NaN,4.886168,2.776735,0.2553185,-0.06130992,-0.04989764,0.03250523,-0.9963407,4.86029,2.799488,0.2506908,0.009533059,-0.1239728,0.9922398,4,-5.7,-16.93904,136.1813,5,5.7,-35.19527,266.0811
7.011353,NaN,NaN,NaN,4.921679,2.76952,0.2557597,-0.06692769,-0.05061025,0.03212427,-0.9959555,4.907486,2.786512,0.2536334,0.009673548,-0.1289635,0.9916022,4,-5.7,-16.61899,133.904,5,5.7,-34.87522,263.8038
7.029114,NaN,NaN,NaN,4.924114,2.767191,0.2555008,-0.06869273,-0.05126828,0.03214125,-0.9958011,4.90965,2.786512,0.2536334,0.009673548,-0.1289635,0.9916022,4,-5.7,-16.3845,132.2356,5,5.7,-34.64073,262.1353
7.053162,NaN,NaN,NaN,4.908784,2.76394,0.2540478,-0.07214672,-0.05369499,0.03285598,-0.9954056,4.905621,2.775866,0.2551656,-0.008656578,-0.124458,0.9921871,4,-5.7,-16.06658,129.9734,5,5.7,-34.32281,259.8732
7.070923,NaN,NaN,NaN,4.883811,2.763255,0.2528503,-0.07243981,-0.05395015,0.03246517,-0.9953833,4.883423,2.775866,0.2551656,-0.008656578,-0.124458,0.9921871,4,-5.7,-15.8316,128.3014,5,5.7,-34.08782,258.2012
7.094971,NaN,NaN,NaN,4.812683,2.762076,0.2496603,-0.07360644,-0.05404045,0.03229321,-0.9952984,4.824203,2.768089,0.2552134,-0.01180936,-0.1318957,0.9911932,4,-5.7,-15.51344,126.0376,5,5.7,-33.76967,255.9374
7.112366,NaN,NaN,NaN,4.761989,2.762009,0.2475475,-0.07373594,-0.05399024,0.03199388,-0.9953012,4.777486,2.763559,0.2537589,-0.00769235,-0.1243298,0.9922112,4,-5.7,-15.2834,124.4008,5,5.7,-33.53963,254.3006
7.137146,NaN,NaN,NaN,4.642951,2.763206,0.243445,-0.07064368,-0.05287924,0.03025111,-0.9956396,4.671674,2.763559,0.2537589,-0.00769235,-0.1243298,0.9922112,4,-5.7,-14.95612,122.0721,5,5.7,-33.21235,251.9719
7.154175,NaN,NaN,NaN,4.56733,2.764902,0.241459,-0.06804681,-0.05214486,0.03046546,-0.9958526,4.597126,2.761462,0.250638,-0.006263654,-0.1274553,0.9918245,4,-5.7,-14.731,120.4702,5,5.7,-32.98722,250.37
7.178528,NaN,NaN,NaN,4.400718,2.769483,0.2376716,-0.06472934,-0.05130807,0.03253609,-0.9960518,4.436379,2.761503,0.246451,-0.004724354,-0.1226148,0.9924431,4,-5.7,-14.40914,118.1801,5,5.7,-32.66536,248.0799
7.196045,NaN,NaN,NaN,4.300582,2.773116,0.235538,-0.06435583,-0.05104817,0.03362808,-0.996053,4.34737,2.761503,0.246451,-0.004724354,-0.1226148,0.9924431,4,-5.7,-14.17752,116.532,5,5.7,-32.43374,246.4318
7.220276,NaN,NaN,NaN,4.083792,2.781361,0.2309013,-0.06417775,-0.04990965,0.03533817,-0.9960631,4.136763,2.764362,0.2418441,-0.006221271,-0.1164736,0.9931743,4,-5.7,-13.85666,114.249,5,5.7,-32.11289,244.1488
7.237671,NaN,NaN,NaN,3.963493,2.786888,0.2283771,-0.06542059,-0.04871476,0.03520518,-0.996046,4.02983,2.764362,0.2418441,-0.006221271,-0.1164736,0.9931743,4,-5.7,-13.62696,112.6146,5,5.7,-31.88319,242.5144
7.262085,NaN,NaN,NaN,3.708704,2.798658,0.222764,-0.06865302,-0.04617836,0.0346339,-0.9959693,3.780158,2.770566,0.2366979,-0.007946887,-0.1247943,0.9921508,4,-5.7,-13.30428,110.3186,5,5.7,-31.56051,240.2184
7.279419,NaN,NaN,NaN,3.571034,2.805436,0.2196897,-0.07126002,-0.04449333,0.03313356,-0.9959139,3.629723,2.780201,0.2311213,-0.01164618,-0.1260539,0.991955,4,-5.7,-13.07526,108.6891,5,5.7,-31.33149,238.5889
7.303894,NaN,NaN,NaN,3.28366,2.820246,0.2132806,-0.07534382,-0.0409952,0.03107774,-0.9958298,3.374279,2.780201,0.2311213,-0.01164618,-0.1260539,0.991955,4,-5.7,-12.75111,106.3826,5,5.7,-31.00733,236.2824
7.321045,NaN,NaN,NaN,3.130537,2.82814,0.2094133,-0.07744712,-0.03886686,0.0293798,-0.9958053,3.205903,2.792933,0.2250438,-0.01195706,-0.1319276,0.9911872,4,-5.7,-12.52452,104.7703,5,5.7,-30.78075,234.6702
7.345703,NaN,NaN,NaN,2.812715,2.844021,0.2010549,-0.08016757,-0.03508912,0.02685555,-0.9958015,2.887261,2.808843,0.2177718,-0.007983956,-0.1298794,0.9914976,4,-5.7,-12.1986,102.4513,5,5.7,-30.45483,232.3511
7.36322,NaN,NaN,NaN,2.645697,2.851664,0.1964347,-0.07960434,-0.03361814,0.02646177,-0.995908,2.738801,2.808843,0.2177718,-0.007983956,-0.1298794,0.9914976,4,-5.7,-11.96731,100.8056,5,5.7,-30.22354,230.7054
7.38739,NaN,NaN,NaN,2.304559,2.866443,0.1868395,-0.07876568,-0.03139457,0.02667391,-0.9960417,2.396019,2.826898,0.2090802,-0.005660944,-0.1292298,0.9915985,4,-5.7,-11.64747,98.5298,5,5.7,-29.9037,228.4296
7.404785,NaN,NaN,NaN,2.129688,2.873701,0.181872,-0.07924643,-0.03078227,0.0283237,-0.995977,2.240578,2.826898,0.2090802,-0.005660944,-0.1292298,0.9915985,4,-5.7,-11.41738,96.89262,5,5.7,-29.67361,226.7924
7.429199,NaN,NaN,NaN,1.774338,2.888479,0.1715302,-0.08073825,-0.02954242,0.03031646,-0.9958361,1.882264,2.845534,0.1990858,-0.01270302,-0.1269995,0.9918214,4,-5.7,-11.09471,94.59669,5,5.7,-29.35094,224.4965
7.446533,NaN,NaN,NaN,1.588779,2.895757,0.1660062,-0.08203361,-0.0294166,0.03069854,-0.9957222,1.672769,2.8636,0.1881379,-0.04769056,-0.1219444,0.9913906,4,-5.7,-10.86577,92.96774,5,5.7,-29.122,222.8676
7.470947,NaN,NaN,NaN,1.21267,2.909878,0.1550196,-0.08328038,-0.02953303,0.03084674,-0.9956107,1.338449,2.8636,0.1881379,-0.04769056,-0.1219444,0.9913906,4,-5.7,-10.54265,90.66856,5,5.7,-28.79888,220.5684
7.48822,NaN,NaN,NaN,1.01908,2.916576,0.1494693,-0.0833693,-0.02994528,0.03104351,-0.9955849,1.119269,2.881344,0.1758032,-0.05126277,-0.1246196,0.9908795,4,-5.7,-10.31466,89.04633,5,5.7,-28.57089,218.9462
7.512756,NaN,NaN,NaN,0.6276178,2.929035,0.1382527,-0.08343098,-0.03016703,0.03020865,-0.9955987,0.7223433,2.898605,0.1628484,-0.04719565,-0.1261665,0.9908858,4,-5.7,-9.989643,86.73373,5,5.7,-28.24587,216.6336
7.529968,NaN,NaN,NaN,0.4296738,2.934947,0.132708,-0.08235314,-0.02962098,0.02961079,-0.9957228,0.546393,2.898605,0.1628484,-0.04719565,-0.1261665,0.9908858,4,-5.7,-9.762735,85.1192,5,5.7,-28.01896,215.019
7.554382,NaN,NaN,NaN,0.02923611,2.945843,0.1216116,-0.08098008,-0.028231,0.02872268,-0.9959018,0.1398386,2.91479,0.1496793,-0.04486241,-0.1276999,0.9907977,4,-5.7,-9.439302,82.81786,5,5.7,-27.69553,212.7177
7.571594,NaN,NaN,NaN,-0.1747132,2.950368,0.1157427,-0.08054237,-0.02713843,0.0292465,-0.9959523,-0.04144971,2.91479,0.1496793,-0.04486241,-0.1276999,0.9907977,4,-5.7,-9.212152,81.20159,5,5.7,-27.46838,211.1014
7.588318,NaN,NaN,NaN,-0.3777609,2.954467,0.1102807,-0.08037592,-0.02638818,0.03023085,-0.9959566,-0.273963,2.929708,0.1363673,-0.04482109,-0.1265938,0.9909415,4,-5.7,-8.990693,79.62583,5,5.7,-27.24692,209.5257
7.609985,NaN,NaN,NaN,-0.78403,2.961983,0.09932303,-0.079432,-0.02469276,0.03080222,-0.9960582,-0.6882936,2.942883,0.122858,-0.04763765,-0.1270337,0.9907538,4,-5.7,-8.70418,77.58718,5,5.7,-26.96041,207.487
7.62738,NaN,NaN,NaN,-0.9898595,2.963485,0.09343298,-0.07769485,-0.02408428,0.03148239,-0.9961889,-0.8712532,2.942883,0.122858,-0.04763765,-0.1270337,0.9907538,4,-5.7,-8.474795,75.95502,5,5.7,-26.73102,205.8549
7.643982,NaN,NaN,NaN,-1.194978,2.965305,0.08808316,-0.07858045,-0.02315003,0.03256829,-0.9961067,-1.107466,2.953624,0.1094116,-0.04961986,-0.1247638,0.9909449,4,-5.7,-8.255194,74.39248,5,5.7,-26.51142,204.2923
7.665771,NaN,NaN,NaN,-1.605688,2.968048,0.07727575,-0.07768349,-0.02106588,0.03390112,-0.9961789,-1.472543,2.953624,0.1094116,-0.04961986,-0.1247638,0.9909449,4,-5.7,-7.96723,72.34351,5,5.7,-26.22346,202.2433
7.6828,NaN,NaN,NaN,-1.807518,2.969749,0.07275978,-0.07676483,-0.02006118,0.03441738,-0.9962531,-1.706402,2.960962,0.09615612,0.003843174,-0.1214821,0.9925861,4,-5.7,-7.741546,70.73769,5,5.7,-25.99778,200.6375
7.699646,NaN,NaN,NaN,-2.007075,2.970366,0.06796046,-0.07402451,-0.01937816,0.03475789,-0.9964621,-1.883787,2.960962,0.09615612,0.003843174,-0.1214821,0.9925861,4,-5.7,-7.519131,69.15512,5,5.7,-25.77536,199.055
7.721375,NaN,NaN,NaN,-2.401793,2.970939,0.05904312,-0.07127018,-0.01894658,0.03497034,-0.9966638,-2.28905,2.965717,0.08319068,0.009473703,-0.119593,0.9927778,4,-5.7,-7.23153,67.10873,5,5.7,-25.48776,197.0086
7.739075,NaN,NaN,NaN,-2.597593,2.970331,0.05457636,-0.06995747,-0.01894844,0.03446017,-0.9967746,-2.463095,2.965717,0.08319068,0.009473703,-0.119593,0.9927778,4,-5.7,-6.99757,65.44402,5,5.7,-25.2538,195.3439
7.763123,NaN,NaN,NaN,-2.985755,2.9663,0.04569187,-0.06998629,-0.01818013,0.03316088,-0.9968309,-2.861939,2.968598,0.0712173,0.01279696,-0.1161212,0.9931526,4,-5.7,-6.679807,63.18301,5,5.7,-24.93604,193.0829
7.780579,NaN,NaN,NaN,-3.174178,2.963938,0.04182739,-0.07120671,-0.0174153,0.03142255,-0.9968144,-3.082257,2.969276,0.06015563,0.01162429,-0.1191417,0.9928092,4,-5.7,-6.449109,61.54152,5,5.7,-24.70534,191.4414
7.804871,NaN,NaN,NaN,-3.548465,2.960116,0.03501355,-0.07158201,-0.01721456,0.02947757,-0.9968504,-3.414956,2.969276,0.06015563,0.01162429,-0.1191417,0.9928092,4,-5.7,-6.127443,59.25274,5,5.7,-24.38367,189.1526
7.822327,NaN,NaN,NaN,-3.731243,2.957597,0.03215479,-0.07008443,-0.01609748,0.02743096,-0.9970339,-3.629289,2.9668,0.04968154,0.01156974,-0.1179742,0.9929493,4,-5.7,-5.8967,57.61092,5,5.7,-24.15293,187.5108
7.84668,NaN,NaN,NaN,-4.093464,2.950223,0.02588877,-0.06905963,-0.01380162,0.02471763,-0.9972108,-4.001899,2.962322,0.04032373,0.01363694,-0.1193849,0.9927544,4,-5.7,-5.575039,55.32219,5,5.7,-23.83127,185.222
7.864258,NaN,NaN,NaN,-4.271472,2.946301,0.02286866,-0.07134106,-0.01277712,0.02465309,-0.9970654,-4.160128,2.962322,0.04032373,0.01363694,-0.1193849,0.9927544,4,-5.7,-5.342269,53.66594,5,5.7,-23.5985,183.5658
7.888489,NaN,NaN,NaN,-4.618713,2.939523,0.01768751,-0.07407352,-0.009991318,0.02319375,-0.996933,-4.518094,2.956124,0.03225529,0.01340042,-0.1176861,0.9929605,4,-5.7,-5.022561,51.3911,5,5.7,-23.27879,181.291
7.905945,NaN,NaN,NaN,-4.790502,2.934795,0.01491437,-0.07535009,-0.007914432,0.02281231,-0.9968648,-4.718803,2.94808,0.02489865,0.01160612,-0.1290632,0.9915684,4,-5.7,-4.79122,49.74503,5,5.7,-23.04745,179.6449
7.930237,NaN,NaN,NaN,-5.125054,2.925988,0.01014993,-0.07871424,-0.003217019,0.02135812,-0.9966632,-5.016183,2.94808,0.02489865,0.01160612,-0.1290632,0.9915684,4,-5.7,-4.470606,47.46374,5,5.7,-22.72683,177.3636
7.947693,NaN,NaN,NaN,-5.288615,2.921231,0.008026754,-0.07921646,-0.001347825,0.02085042,-0.9966384,-5.208204,2.939035,0.01828301,0.007475547,-0.1342665,0.9909171,4,-5.7,-4.23944,45.8189,5,5.7,-22.49567,175.7188
7.971924,NaN,NaN,NaN,-5.607852,2.911249,0.004066224,-0.07941772,0.001789793,0.01996478,-0.9966399,-5.537184,2.928879,0.01230359,0.01097128,-0.1340071,0.9909196,4,-5.7,-3.918861,43.53786,5,5.7,-22.17509,173.4377
7.989441,NaN,NaN,NaN,-5.761879,2.906106,0.002377519,-0.07895005,0.002712056,0.01899122,-0.996694,-5.674098,2.928879,0.01230359,0.01097128,-0.1340071,0.9909196,4,-5.7,-3.687731,41.89329,5,5.7,-21.94396,171.7932
8.013794,NaN,NaN,NaN,-6.059973,2.895568,-0.0009568534,-0.07854123,0.004603945,0.01522528,-0.996784,-5.98266,2.917713,0.007027864,0.01682718,-0.1364548,0.9905034,4,-5.7,-3.365686,39.60183,5,5.7,-21.62191,169.5017
8.031128,NaN,NaN,NaN,-6.201252,2.890459,-0.002186233,-0.07838179,0.005759098,0.01154722,-0.9968399,-6.108242,2.917713,0.007027864,0.01682718,-0.1364548,0.9905034,4,-5.7,-3.136647,37.97213,5,5.7,-21.39287,167.872
8.055664,NaN,NaN,NaN,-6.47942,2.878766,-0.00442641,-0.07680655,0.008744493,0.004637696,-0.9969969,-6.397114,2.905793,0.002432466,0.0210094,-0.1357636,0.9905185,4,-5.7,-2.812207,35.66361,5,5.7,-21.06843,165.5635
8.072815,NaN,NaN,NaN,-6.61388,2.872745,-0.005207124,-0.07631382,0.01120453,0.001114035,-0.9970203,-6.556151,2.893137,-0.001231432,0.02148655,-0.1330849,0.9908717,4,-5.7,-2.585557,34.05091,5,5.7,-20.84178,163.9508
8.097351,NaN,NaN,NaN,-6.870647,2.861459,-0.006705522,-0.07460208,0.0163193,-0.004488452,-0.9970697,-6.784389,2.893137,-0.001231432,0.02148655,-0.1330849,0.9908717,4,-5.7,-2.260676,31.73927,5,5.7,-20.5169,161.6391
8.114502,NaN,NaN,NaN,-6.990431,2.855892,-0.007766136,-0.07631664,0.01916309,-0.00715878,-0.9968737,-6.928267,2.879651,-0.004032731,0.02126719,-0.1289541,0.9914225,4,-5.7,-2.033875,30.1255,5,5.7,-20.2901,160.0253
8.138855,NaN,NaN,NaN,-7.217246,2.844293,-0.01010665,-0.08075135,0.0252508,-0.01508047,-0.9963003,-7.165161,2.866005,-0.00630641,0.02190839,-0.1277241,0.9915677,4,-5.7,-1.711684,27.83299,5,5.7,-19.96791,157.7328
8.156494,NaN,NaN,NaN,-7.320895,2.838629,-0.01128123,-0.08367018,0.02870573,-0.01945311,-0.9958901,-7.257294,2.866005,-0.00630641,0.02190839,-0.1277241,0.9915677,4,-5.7,-1.478793,26.17588,5,5.7,-19.73502,156.0757
8.180603,NaN,NaN,NaN,-7.507962,2.828634,-0.01361497,-0.08850984,0.03547222,-0.02587478,-0.9951072,-7.455947,2.852262,-0.008674145,0.02661282,-0.1296646,0.9912007,4,-5.7,-1.159781,23.906,5,5.7,-19.41601,153.8058
8.198242,NaN,NaN,NaN,-7.584742,2.824091,-0.01500704,-0.08967226,0.04003045,-0.03098905,-0.9946839,-7.524196,2.852262,-0.008674145,0.02661282,-0.1296646,0.9912007,4,-5.7,-0.9270369,22.24994,5,5.7,-19.18326,152.1498
8.222534,NaN,NaN,NaN,-7.724149,2.815201,-0.01845717,-0.09285852,0.04802216,-0.03998282,-0.9937166,-7.676819,2.838894,-0.01125467,0.02178326,-0.1356196,0.9905215,4,-5.7,-0.6059128,19.96502,5,5.7,-18.86214,149.8649
8.239868,NaN,NaN,NaN,-7.776927,2.811096,-0.02059781,-0.09521046,0.05105733,-0.04197102,-0.9932606,-7.748045,2.826814,-0.01426971,0.009599017,-0.1286072,0.9916492,4,-5.7,-0.3767225,18.33424,5,5.7,-18.63295,148.2341
8.264404,NaN,NaN,NaN,-7.866642,2.804737,-0.02442288,-0.0976757,0.05450979,-0.0443566,-0.992734,-7.827792,2.826814,-0.01426971,0.009599017,-0.1286072,0.9916492,4,-5.7,-0.05225718,16.02555,5,5.7,-18.30848,145.9254
8.281433,NaN,NaN,NaN,-7.897016,2.803277,-0.02583695,-0.09782171,0.05635603,-0.04739491,-0.992476,-7.87433,2.816164,-0.017892,0.002849985,-0.1242303,0.9922494,4,-5.7,0.1730825,14.42218,5,5.7,-18.08314,144.322
8.305908,NaN,NaN,NaN,-7.942452,2.799011,-0.02913587,-0.09242062,0.05844881,-0.05147904,-0.9926692,-7.928822,2.807519,-0.02232361,0.007378737,-0.1174934,0.9930463,4,-5.7,0.4965575,12.12053,5,5.7,-17.75967,142.0204
8.323303,NaN,NaN,NaN,-7.951878,2.79757,-0.03051309,-0.08898491,0.05772327,-0.05302511,-0.9929442,-7.9372,2.807519,-0.02232361,0.007378737,-0.1174934,0.9930463,4,-5.7,0.7265239,10.48424,5,5.7,-17.5297,140.3841
8.347717,NaN,NaN,NaN,-7.956829,2.794636,-0.03355651,-0.08503225,0.05728203,-0.0599537,-0.9929219,-7.950819,2.801244,-0.02657723,0.01396944,-0.110574,0.9937697,4,-5.7,1.049076,8.189158,5,5.7,-17.20715,138.089
8.365295,NaN,NaN,NaN,-7.945837,2.792459,-0.03534994,-0.08558013,0.0571456,-0.06548188,-0.9925334,-7.941048,2.801244,-0.02657723,0.01396944,-0.110574,0.9937697,4,-5.7,1.281784,6.533357,5,5.7,-16.97444,136.4332
8.389465,NaN,NaN,NaN,-7.907805,2.788846,-0.03846056,-0.09107798,0.05569186,-0.07573643,-0.9913967,-7.911951,2.796779,-0.03032756,0.02061951,-0.1002505,0.9947485,4,-5.7,1.601302,4.259866,5,5.7,-16.65492,134.1597
8.407043,NaN,NaN,NaN,-7.87131,2.787323,-0.04005528,-0.09686975,0.05316314,-0.08193363,-0.9904933,-7.880035,2.792937,-0.03372145,0.02096653,-0.09939209,0.9948274,4,-5.7,1.833505,2.607656,5,5.7,-16.42272,132.5075
8.431335,NaN,NaN,NaN,-7.781271,2.783964,-0.04321452,-0.1071961,0.04639012,-0.09286968,-0.9888034,-7.800001,2.792937,-0.03372145,0.02096653,-0.09939209,0.9948274,4,-5.7,2.15456,0.3232338,5,5.7,-16.10167,130.2231
8.448853,NaN,NaN,NaN,-7.721687,2.782882,-0.04455487,-0.1124001,0.04164451,-0.09893182,-0.9878484,-7.742419,2.788745,-0.03777719,0.02691967,-0.1086778,0.9937125,5,5.7,-15.86973,128.5728,6,-0.7,-33.96221,257.3076
8.473083,NaN,NaN,NaN,-7.5867,2.783073,-0.04660684,-0.1200733,0.03619572,-0.1132492,-0.9856201,-7.61275,2.784811,-0.04167151,0.03521173,-0.1248207,0.9915543,5,5.7,-15.54903,126.2909,6,-0.7,-33.64151,255.0257
8.490417,NaN,NaN,NaN,-7.509438,2.785164,-0.04714603,-0.1215301,0.03522665,-0.1190848,-0.9847885,-7.544072,2.784811,-0.04167151,0.03521173,-0.1248207,0.9915543,5,5.7,-15.31984,124.6601,6,-0.7,-33.41232,253.3949
8.514771,NaN,NaN,NaN,-7.342642,2.790675,-0.04891754,-0.1258468,0.03238854,-0.1260064,-0.9834816,-7.381258,2.782817,-0.04455125,0.03575888,-0.1219676,0.9918898,5,5.7,-14.99828,122.3721,6,-0.7,-33.09076,251.1069
8.532166,NaN,NaN,NaN,-7.241607,2.793919,-0.05037031,-0.1295547,0.03142898,-0.1267216,-0.9829392,-7.291449,2.782817,-0.04455125,0.03575888,-0.1219676,0.9918898,5,5.7,-14.76807,120.7341,6,-0.7,-32.86055,249.4689
8.556763,NaN,NaN,NaN,-7.024889,2.801168,-0.05338416,-0.1378628,0.02783463,-0.1286193,-0.9816701,-7.079964,2.784774,-0.0470413,0.0418172,-0.1131064,0.9927025,5,5.7,-14.44269,118.4188,6,-0.7,-32.53517,247.1537
8.573975,NaN,NaN,NaN,-6.907721,2.806074,-0.05447758,-0.1413858,0.02619136,-0.1290315,-0.98116,-6.952696,2.790387,-0.04976153,0.04601037,-0.1234742,0.9912806,5,5.7,-14.21519,116.8002,6,-0.7,-32.30768,245.535
8.598328,NaN,NaN,NaN,-6.661039,2.816275,-0.05682675,-0.1462249,0.0252965,-0.1303433,-0.9803005,-6.733424,2.790387,-0.04976153,0.04601037,-0.1234742,0.9912806,5,5.7,-13.89333,114.5099,6,-0.7,-31.98581,243.2448
8.615845,NaN,NaN,NaN,-6.526775,2.821706,-0.0578811,-0.1475914,0.02527508,-0.1303123,-0.9801003,-6.586656,2.798913,-0.05282593,0.04276736,-0.121681,0.9916475,5,5.7,-13.66153,112.8606,6,-0.7,-31.75401,241.5954
8.640198,NaN,NaN,NaN,-6.24087,2.833429,-0.05949569,-0.1491059,0.02479551,-0.1291422,-0.9800383,-6.301517,2.809825,-0.05581713,0.04339748,-0.1192393,0.9919167,5,5.7,-13.34021,110.5743,6,-0.7,-31.43269,239.3091
8.657654,NaN,NaN,NaN,-6.088156,2.839365,-0.05994344,-0.1474801,0.02462768,-0.1273396,-0.9805242,-6.165771,2.809825,-0.05581713,0.04339748,-0.1192393,0.9919167,5,5.7,-13.109,108.9292,6,-0.7,-31.20148,237.664
8.681946,NaN,NaN,NaN,-5.766623,2.850844,-0.06096353,-0.1451847,0.02460455,-0.1233265,-0.9813799,-5.844652,2.822802,-0.05828559,0.03531456,-0.1021684,0.9941401,5,5.7,-12.7879,106.6444,6,-0.7,-30.88039,235.3793
8.699341,NaN,NaN,NaN,-5.595347,2.856673,-0.06103911,-0.1444307,0.02545163,-0.1224447,-0.98158,-5.692406,2.822802,-0.05828559,0.03531456,-0.1021684,0.9941401,5,5.7,-12.55778,105.007,6,-0.7,-30.65026,233.7419
8.723633,NaN,NaN,NaN,-5.243204,2.868363,-0.06104071,-0.1417019,0.0277373,-0.1221966,-0.9819467,-5.340313,2.836716,-0.06000006,0.03428888,-0.09900387,0.9944961,5,5.7,-12.23678,102.723,6,-0.7,-30.32926,231.4578
8.741089,NaN,NaN,NaN,-5.059014,2.874418,-0.0608626,-0.1388835,0.02816181,-0.1205574,-0.9825397,-5.133919,2.850591,-0.06125236,0.02859596,-0.09744874,0.9948297,5,5.7,-12.00604,101.0812,6,-0.7,-30.09852,229.816
8.765503,NaN,NaN,NaN,-4.675716,2.887049,-0.05970904,-0.1334866,0.02765004,-0.1162659,-0.9838187,-4.793209,2.850591,-0.06125236,0.02859596,-0.09744874,0.9948297,5,5.7,-11.68333,98.78497,6,-0.7,-29.77581,227.5198
8.782715,NaN,NaN,NaN,-4.474095,2.893413,-0.05899524,-0.1317509,0.02600941,-0.1145012,-0.9843042,-4.567917,2.864662,-0.0615449,0.02603666,-0.09310138,0.9953161,5,5.7,-11.45579,97.16599,6,-0.7,-29.54828,225.9008
8.807251,NaN,NaN,NaN,-4.061985,2.905519,-0.05727854,-0.1289907,0.02232594,-0.111867,-0.9850628,-4.15217,2.87942,-0.06057906,0.03239235,-0.09845322,0.9946144,5,5.7,-11.13081,94.85359,6,-0.7,-29.22329,223.5884
8.824768,NaN,NaN,NaN,-3.850126,2.91163,-0.05612487,-0.1279452,0.01988635,-0.1104079,-0.985416,-3.963851,2.87942,-0.06057906,0.03239235,-0.09845322,0.9946144,5,5.7,-10.89972,93.20928,6,-0.7,-28.9922,221.9441
8.84906,NaN,NaN,NaN,-3.424705,2.923518,-0.05357335,-0.1245086,0.0148832,-0.1059086,-0.9864378,-3.533085,2.894272,-0.05890417,0.03934928,-0.09937711,0.9942715,5,5.7,-10.5786,90.92446,6,-0.7,-28.67109,219.6593
8.866455,NaN,NaN,NaN,-3.206859,2.929002,-0.05229998,-0.1232965,0.01277304,-0.1042609,-0.9867951,-3.339445,2.894272,-0.05890417,0.03934928,-0.09937711,0.9942715,5,5.7,-10.34832,89.28589,6,-0.7,-28.4408,218.0207
8.890686,NaN,NaN,NaN,-2.768898,2.938302,-0.04968198,-0.1201487,0.008826986,-0.1000793,-0.9876592,-2.894936,2.908917,-0.05669749,0.03810458,-0.1058399,0.9936528,5,5.7,-10.02767,87.00439,6,-0.7,-28.12016,215.7392
8.908081,NaN,NaN,NaN,-2.54749,2.942176,-0.04836068,-0.1196236,0.006710321,-0.09631428,-0.9881138,-2.641415,2.922743,-0.05372822,0.03597778,-0.111188,0.993148,5,5.7,-9.797693,85.36798,6,-0.7,-27.89017,214.1028
8.932556,NaN,NaN,NaN,-2.102982,2.949157,-0.04524356,-0.1167436,0.003390677,-0.09030427,-0.9890423,-2.246297,2.922743,-0.05372822,0.03597778,-0.111188,0.993148,5,5.7,-9.474719,83.0699,6,-0.7,-27.5672,211.8047
8.949951,NaN,NaN,NaN,-1.879314,2.951276,-0.04353579,-0.1137962,0.002688453,-0.08705762,-0.9896789,-1.989547,2.934614,-0.05052936,0.03686771,-0.1084358,0.9934196,5,5.7,-9.244647,81.43285,6,-0.7,-27.33713,210.1677
8.974304,NaN,NaN,NaN,-1.431845,2.955653,-0.03997897,-0.1096577,0.001656033,-0.08181217,-0.9905953,-1.532846,2.944066,-0.04709041,0.02960871,-0.1065123,0.9938704,5,5.7,-8.922362,79.13968,6,-0.7,-27.01484,207.8745
8.991882,NaN,NaN,NaN,-1.208463,2.957318,-0.03805611,-0.107932,0.001233272,-0.07927655,-0.9909917,-1.334284,2.944066,-0.04709041,0.02960871,-0.1065123,0.9938704,5,5.7,-8.690187,77.48767,6,-0.7,-26.78267,206.2225
9.016235,NaN,NaN,NaN,-0.7644165,2.959269,-0.03388394,-0.1037326,0.0003610477,-0.07596671,-0.9916999,-0.8800745,2.951025,-0.04324853,0.02474939,-0.1044161,0.9942257,5,5.7,-8.368286,75.19723,6,-0.7,-26.46077,203.9321
9.033508,NaN,NaN,NaN,-0.5447224,2.960123,-0.03142562,-0.1013182,-0.0002073869,-0.07514646,-0.9920118,-0.684791,2.951025,-0.04324853,0.02474939,-0.1044161,0.9942257,5,5.7,-8.139297,73.56788,6,-0.7,-26.23178,202.3027
9.058105,NaN,NaN,NaN,-0.1117966,2.961038,-0.02645593,-0.09649251,-0.0007158145,-0.07416583,-0.9925664,-0.2408019,2.955539,-0.03874421,0.01723283,-0.1102683,0.9937525,5,5.7,-7.814573,71.25735,6,-0.7,-25.90705,199.9922
9.075317,NaN,NaN,NaN,0.1048477,2.961265,-0.02388965,-0.09328865,-0.0009120479,-0.07346599,-0.9929246,0.01062439,2.958177,-0.03361344,0.01510309,-0.1051278,0.994344,5,5.7,-7.587157,69.6392,6,-0.7,-25.67964,198.374
9.09967,NaN,NaN,NaN,0.5306339,2.961229,-0.0189069,-0.09234454,-0.002895601,-0.06989482,-0.9932668,0.389101,2.958177,-0.03361344,0.01510309,-0.1051278,0.994344,5,5.7,-7.265296,67.34903,6,-0.7,-25.35778,196.0839
9.117432,NaN,NaN,NaN,0.7364578,2.961494,-0.01581146,-0.09174291,-0.003555737,-0.06752258,-0.9934844,0.6305664,2.959728,-0.02820396,0.01320924,-0.105965,0.9942821,5,5.7,-7.03036,65.67738,6,-0.7,-25.12284,194.4122
9.141418,NaN,NaN,NaN,1.140736,2.959678,-0.009273963,-0.08672389,-0.003520027,-0.06376086,-0.9941837,1.047006,2.960261,-0.02211356,0.01362721,-0.1118077,0.9936364,5,5.7,-6.712706,63.41715,6,-0.7,-24.80519,192.152
9.158752,NaN,NaN,NaN,1.332076,2.959485,-0.005519961,-0.08449987,-0.00408417,-0.06067082,-0.9945663,1.217085,2.960261,-0.02211356,0.01362721,-0.1118077,0.9936364,5,5.7,-6.483443,61.78585,6,-0.7,-24.57592,190.5207
9.183228,NaN,NaN,NaN,1.72352,2.954665,0.001134283,-0.07738334,-0.002433263,-0.0606544,-0.9951518,1.620071,2.959772,-0.0148989,0.01262867,-0.1117478,0.9936563,5,5.7,-6.16022,59.486,6,-0.7,-24.2527,188.2209
9.200623,NaN,NaN,NaN,1.905158,2.953626,0.004679842,-0.08006608,-0.003689021,-0.05759191,-0.9951177,1.781526,2.959772,-0.0148989,0.01262867,-0.1117478,0.9936563,5,5.7,-5.929946,57.84752,6,-0.7,-24.02243,186.5824
9.224915,NaN,NaN,NaN,2.269894,2.950261,0.01227337,-0.07759289,-0.005143374,-0.05173321,-0.9956288,2.158807,2.958016,-0.00695765,0.00926085,-0.1125455,0.9936035,5,5.7,-5.608881,55.56302,6,-0.7,-23.70136,184.2979
9.242249,NaN,NaN,NaN,2.446842,2.947361,0.01620292,-0.07747311,-0.005778775,-0.05005714,-0.9957203,2.367075,2.954655,0.001279473,0.008546258,-0.1112364,0.9937572,5,5.7,-5.379521,53.93105,6,-0.7,-23.472,182.6659
9.26709,NaN,NaN,NaN,2.794318,2.941019,0.02363469,-0.07702591,-0.005988643,-0.04776086,-0.9958665,2.675942,2.954655,0.001279473,0.008546258,-0.1112364,0.9937572,5,5.7,-5.051239,51.5952,6,-0.7,-23.14372,180.3301
9.284058,NaN,NaN,NaN,2.961844,2.937676,0.02755067,-0.07641537,-0.006363302,-0.04617088,-0.9959862,2.874013,2.949931,0.01013386,0.01065617,-0.1150211,0.9933059,5,5.7,-4.827024,49.99983,6,-0.7,-22.9195,178.7347
9.308594,NaN,NaN,NaN,3.286702,2.931586,0.03526067,-0.07568486,-0.008035854,-0.04178899,-0.9962233,3.209934,2.943463,0.01920938,0.01174857,-0.1189801,0.9928271,5,5.7,-4.502725,47.69232,6,-0.7,-22.59521,176.4272
9.325867,NaN,NaN,NaN,3.444273,2.929118,0.03909487,-0.07523444,-0.009006166,-0.03970599,-0.9963344,3.349998,2.943463,0.01920938,0.01174857,-0.1189801,0.9928271,5,5.7,-4.274632,46.06936,6,-0.7,-22.36711,174.8042
9.350342,NaN,NaN,NaN,3.750469,2.922801,0.04637614,-0.07306463,-0.01063446,-0.03652952,-0.9966013,3.66701,2.936221,0.02806652,0.01308323,-0.1172406,0.9930174,5,5.7,-3.950429,43.76253,6,-0.7,-22.04291,172.4974
9.367737,NaN,NaN,NaN,3.899062,2.919522,0.05003088,-0.07170226,-0.01109345,-0.03497691,-0.996751,3.799092,2.936221,0.02806652,0.01308323,-0.1172406,0.9930174,5,5.7,-3.720923,42.12951,6,-0.7,-21.8134,170.8644
9.39209,NaN,NaN,NaN,4.187511,2.911744,0.05692038,-0.06893337,-0.01125319,-0.03308155,-0.9970091,4.098334,2.929003,0.037094,0.01571829,-0.1207165,0.9925626,5,5.7,-3.398631,39.83628,6,-0.7,-21.49111,168.5712
9.409241,NaN,NaN,NaN,4.32654,2.907279,0.06030244,-0.0680794,-0.01122646,-0.03194131,-0.9971053,4.262946,2.921384,0.0462389,0.008818016,-0.1171309,0.9930773,5,5.7,-3.172024,38.22389,6,-0.7,-21.2645,166.9588
9.434326,NaN,NaN,NaN,4.594053,2.899988,0.06703953,-0.06699332,-0.01253713,-0.02716393,-0.9973049,4.500735,2.921384,0.0462389,0.008818016,-0.1171309,0.9930773,5,5.7,-2.839995,35.86138,6,-0.7,-20.93247,164.5963
9.450867,NaN,NaN,NaN,4.719017,2.897247,0.07017669,-0.06730541,-0.01281527,-0.02598378,-0.9973117,4.650776,2.912659,0.05484879,0.004630995,-0.117409,0.9930728,5,5.7,-2.621395,34.30596,6,-0.7,-20.71387,163.0408
9.475586,NaN,NaN,NaN,4.961493,2.89073,0.07584016,-0.06775392,-0.01308024,-0.02393656,-0.9973292,4.902828,2.903986,0.0627439,0.00374918,-0.1171762,0.9931041,5,5.7,-2.294461,31.9797,6,-0.7,-20.38694,160.7146
9.492737,NaN,NaN,NaN,5.077206,2.886484,0.07820964,-0.06933214,-0.01325078,-0.02353175,-0.997228,5.005684,2.903986,0.0627439,0.00374918,-0.1171762,0.9931041,5,5.7,-2.067746,30.36654,6,-0.7,-20.16022,159.1014
9.517273,NaN,NaN,NaN,5.301298,2.877011,0.08219208,-0.07283989,-0.01291721,-0.02250171,-0.9970062,5.239254,2.895625,0.0703882,0.001499957,-0.1268594,0.9919196,5,5.7,-1.743563,28.05986,6,-0.7,-19.83604,156.7947
9.534912,NaN,NaN,NaN,5.401389,2.872956,0.0841611,-0.07520569,-0.01449024,-0.01895587,-0.9968826,5.328223,2.895625,0.0703882,0.001499957,-0.1268594,0.9919196,5,5.7,-1.51045,26.40118,6,-0.7,-19.60293,155.136
9.559021,NaN,NaN,NaN,5.593782,2.865711,0.08816982,-0.07646645,-0.0162212,-0.01493795,-0.9968283,5.531283,2.886425,0.07684731,-0.004779097,-0.1311186,0.9913552,5,5.7,-1.191528,24.13192,6,-0.7,-19.28401,152.8668
9.576477,NaN,NaN,NaN,5.679156,2.862612,0.08973448,-0.0755727,-0.01758869,-0.01342892,-0.9968947,5.636529,2.876433,0.08204126,-0.003912142,-0.1352249,0.9908072,5,5.7,-0.961126,22.49253,6,-0.7,-19.05361,151.2274
9.601318,NaN,NaN,NaN,5.841447,2.855717,0.09280142,-0.07413256,-0.02089776,-0.01017502,-0.9969776,5.780787,2.876433,0.08204126,-0.003912142,-0.1352249,0.9908072,5,5.7,-0.6326082,20.15501,6,-0.7,-18.72509,148.8899
9.618286,NaN,NaN,NaN,5.917004,2.851989,0.09414399,-0.07361078,-0.02303593,-0.009932664,-0.9969715,5.874185,2.867163,0.08640087,-0.0003001326,-0.1317982,0.9912765,5,5.7,-0.4084516,18.56005,6,-0.7,-18.50093,147.2949
9.642639,NaN,NaN,NaN,6.050235,2.844931,0.09665456,-0.07378942,-0.02612356,-0.0112026,-0.9968687,6.016008,2.858647,0.09064233,0.002294312,-0.1310647,0.9913712,5,5.7,-0.0858745,16.26479,6,-0.7,-18.17835,144.9997
9.659973,NaN,NaN,NaN,6.104778,2.842217,0.09792218,-0.07451557,-0.02752848,-0.01029362,-0.9967867,6.064491,2.858647,0.09064233,0.002294312,-0.1310647,0.9913712,5,5.7,0.1433227,14.63397,6,-0.7,-17.94916,143.3688
9.684387,NaN,NaN,NaN,6.203444,2.837145,0.1001552,-0.07504141,-0.03036588,-0.00812101,-0.9966849,6.172581,2.850286,0.09422791,-0.001174191,-0.1333929,0.9910625,5,5.7,0.465572,12.34105,6,-0.7,-17.62691,141.0759
9.702332,NaN,NaN,NaN,6.241065,2.834926,0.1008284,-0.0751267,-0.03274024,-0.005756319,-0.9966198,6.206021,2.850286,0.09422791,-0.001174191,-0.1333929,0.9910625,5,5.7,0.7032282,10.65004,6,-0.7,-17.38925,139.3849
9.726135,NaN,NaN,NaN,6.299394,2.830323,0.1020084,-0.07616851,-0.03608801,-0.003288751,-0.9964363,6.274814,2.842631,0.09714592,-0.0006318446,-0.1345363,0.9909085,5,5.7,1.01783,8.411524,6,-0.7,-17.07465,137.1464
9.743591,NaN,NaN,NaN,6.314204,2.827781,0.1020665,-0.07694214,-0.03735566,-0.00241772,-0.9963326,6.301089,2.836256,0.09963608,0.0007507972,-0.1378903,0.9904472,5,5.7,1.248233,6.772121,6,-0.7,-16.84425,135.507
9.768494,NaN,NaN,NaN,6.32337,2.823984,0.1020505,-0.07928523,-0.03898162,-0.0003482997,-0.9960895,6.309237,2.836256,0.09963608,0.0007507972,-0.1378903,0.9904472,5,5.7,1.577728,4.427643,6,-0.7,-16.51475,133.1625
9.785339,NaN,NaN,NaN,6.311861,2.822664,0.1018474,-0.07894158,-0.04061645,0.002800152,-0.9960475,6.307937,2.830551,0.1013038,-0.00878346,-0.1403066,0.9900692,5,5.7,1.800807,2.840355,6,-0.7,-16.29167,131.5752
9.809753,NaN,NaN,NaN,6.274776,2.820265,0.1011485,-0.07652982,-0.0451081,0.008336297,-0.9960116,6.279072,2.825449,0.1019063,-0.01091547,-0.1364264,0.9905901,5,5.7,2.123495,0.5443153,6,-0.7,-15.96899,129.2792
9.827271,NaN,NaN,NaN,6.239096,2.819711,0.1004491,-0.07504249,-0.04770282,0.01013568,-0.9959872,6.247357,2.825449,0.1019063,-0.01091547,-0.1364264,0.9905901,6,-0.7,-15.73754,127.6324,7,5.7,-33.83006,256.3672
9.851501,NaN,NaN,NaN,6.14244,2.820214,0.09877822,-0.07251438,-0.04992381,0.01085019,-0.996058,6.160574,2.821484,0.1017193,-0.01340769,-0.1258752,0.9919555,6,-0.7,-15.41687,125.3507,7,5.7,-33.50939,254.0855
9.869934,NaN,NaN,NaN,6.074306,2.821821,0.09797515,-0.07153931,-0.05008786,0.01150044,-0.996113,6.10001,2.821484,0.1017193,-0.01340769,-0.1258752,0.9919555,6,-0.7,-15.17353,123.6192,7,5.7,-33.26604,252.354
9.893372,NaN,NaN,NaN,5.921497,2.826555,0.09603287,-0.07139528,-0.05114885,0.01507687,-0.9960217,5.9576,2.819373,0.1005546,-0.01703014,-0.1208435,0.9925255,6,-0.7,-14.86352,121.4134,7,5.7,-32.95604,250.1482
9.91095,NaN,NaN,NaN,5.832424,2.830366,0.09493962,-0.07206634,-0.05070743,0.01588014,-0.9959835,5.86585,2.820058,0.09876454,-0.02099798,-0.1265138,0.9917426,6,-0.7,-14.63117,119.7601,7,5.7,-32.72369,248.4949
9.935913,NaN,NaN,NaN,5.637287,2.838683,0.09210823,-0.07188184,-0.0497696,0.01629282,-0.9960375,5.692395,2.820058,0.09876454,-0.02099798,-0.1265138,0.9917426,6,-0.7,-14.30115,117.4119,7,5.7,-32.39367,246.1467
9.952576,NaN,NaN,NaN,5.523193,2.843591,0.09016503,-0.07123808,-0.04861206,0.01715178,-0.9961265,5.572954,2.824468,0.0966208,-0.03709311,-0.1242293,0.99156,6,-0.7,-14.08088,115.8446,7,5.7,-32.1734,244.5794
9.976868,NaN,NaN,NaN,5.279778,2.85394,0.08602632,-0.06990195,-0.04789085,0.02046226,-0.9961935,5.333138,2.832501,0.09368813,-0.0388845,-0.1427183,0.9889992,6,-0.7,-13.75928,113.5563,7,5.7,-31.8518,242.2911
9.99469,NaN,NaN,NaN,5.147467,2.859785,0.08382143,-0.06836337,-0.04841252,0.02253656,-0.9962304,5.215528,2.832501,0.09368813,-0.0388845,-0.1427183,0.9889992,6,-0.7,-13.52434,111.8846,7,5.7,-31.61686,240.6194
10.01874,NaN,NaN,NaN,4.868957,2.87144,0.07889344,-0.06544104,-0.04817419,0.02239527,-0.9964413,4.939301,2.843275,0.08964992,-0.03099081,-0.1403479,0.9896171,6,-0.7,-13.20585,109.6185,7,5.7,-31.29837,238.3533
10.03705,NaN,NaN,NaN,4.716501,2.877096,0.07612762,-0.06389865,-0.04754169,0.02195915,-0.9965815,4.803785,2.843275,0.08964992,-0.03099081,-0.1403479,0.9896171,6,-0.7,-12.96395,107.8973,7,5.7,-31.05647,236.632
10.06049,NaN,NaN,NaN,4.404871,2.888519,0.07055186,-0.06297056,-0.04493349,0.02138611,-0.996774,4.493836,2.856035,0.08469653,-0.02829682,-0.1354897,0.9903746,6,-0.7,-12.65417,105.693,7,5.7,-30.74669,234.4278
10.07776,NaN,NaN,NaN,4.238831,2.893989,0.06753871,-0.06200694,-0.0433872,0.02109184,-0.9969091,4.309649,2.869787,0.07916498,-0.02571782,-0.129816,0.9912046,6,-0.7,-12.42533,104.0648,7,5.7,-30.51785,232.7995
10.10284,NaN,NaN,NaN,3.898207,2.904927,0.06158648,-0.05951221,-0.04021087,0.02007456,-0.9972154,4.006874,2.869787,0.07916498,-0.02571782,-0.129816,0.9912046,6,-0.7,-12.0937,101.7051,7,5.7,-30.18622,230.4399
10.11957,NaN,NaN,NaN,3.72009,2.910417,0.05868976,-0.05833701,-0.03792626,0.0194309,-0.9973871,3.807851,2.883466,0.07249916,-0.02617169,-0.1252668,0.9917778,6,-0.7,-11.87291,100.1341,7,5.7,-29.96543,228.8689
10.14398,NaN,NaN,NaN,3.359398,2.921509,0.05290245,-0.05734598,-0.03297394,0.01706212,-0.9976639,3.44346,2.896835,0.06544662,-0.02745785,-0.1204754,0.9923365,6,-0.7,-11.55004,97.83672,7,5.7,-29.64255,226.5715
10.16119,NaN,NaN,NaN,3.17809,2.927308,0.05016344,-0.05758579,-0.03051315,0.01598625,-0.9977461,3.282297,2.896835,0.06544662,-0.02745785,-0.1204754,0.9923365,6,-0.7,-11.32289,96.22048,7,5.7,-29.41541,224.9553
10.18573,NaN,NaN,NaN,2.815783,2.938368,0.04515701,-0.05850416,-0.02813851,0.01541006,-0.9977716,2.914097,2.910145,0.05851424,-0.02632685,-0.1287981,0.9913213,6,-0.7,-10.99841,93.91171,7,5.7,-29.09093,222.6465
10.20355,NaN,NaN,NaN,2.631783,2.943479,0.04257373,-0.05909644,-0.02749933,0.01476974,-0.9977641,2.750542,2.910145,0.05851424,-0.02632685,-0.1287981,0.9913213,6,-0.7,-10.76261,92.23389,7,5.7,-28.85513,220.9687
10.22742,NaN,NaN,NaN,2.260795,2.953556,0.03757311,-0.06020767,-0.02553346,0.01293688,-0.9977754,2.373242,2.923637,0.05203354,-0.02481155,-0.1283094,0.9914238,6,-0.7,-10.44716,89.98932,7,5.7,-28.53968,218.7241
10.24469,NaN,NaN,NaN,2.074063,2.958019,0.03523086,-0.0594631,-0.02410273,0.01182245,-0.9978694,2.158557,2.936549,0.0454812,-0.01875552,-0.1281076,0.9915829,6,-0.7,-10.21893,88.36542,7,5.7,-28.31145,217.1002
10.26959,NaN,NaN,NaN,1.702337,2.966311,0.03114268,-0.05832189,-0.0216973,0.01065358,-0.9980052,1.828134,2.936549,0.0454812,-0.01875552,-0.1281076,0.9915829,6,-0.7,-9.889011,86.01791,7,5.7,-27.98153,214.7527
10.28644,NaN,NaN,NaN,1.517075,2.96964,0.02927211,-0.05675218,-0.02067631,0.01085548,-0.9981152,1.614273,2.948693,0.03936517,-0.01478706,-0.1290439,0.9915286,6,-0.7,-9.66681,84.43686,7,5.7,-27.75933,213.1716
10.31091,NaN,NaN,NaN,1.146849,2.97423,0.02536754,-0.05487813,-0.01956398,0.01158993,-0.9982341,1.235786,2.959494,0.03392017,-0.008250164,-0.1296361,0.9915273,6,-0.7,-9.343167,82.13403,7,5.7,-27.43568,210.8688
10.32819,NaN,NaN,NaN,0.9609957,2.975551,0.02336802,-0.05524097,-0.01965071,0.01298474,-0.9981952,1.070583,2.959494,0.03392017,-0.008250164,-0.1296361,0.9915273,6,-0.7,-9.114384,80.50614,7,5.7,-27.2069,209.2409
10.35333,NaN,NaN,NaN,0.5916128,2.977281,0.0195368,-0.05741021,-0.01937231,0.015119,-0.9980482,0.6928205,2.967938,0.02900958,-0.009256695,-0.1276148,0.9917806,6,-0.7,-8.78215,78.14218,7,5.7,-26.87467,206.877
10.37097,NaN,NaN,NaN,0.4062833,2.978023,0.01780246,-0.05938233,-0.01923234,0.01612842,-0.9979197,0.5280832,2.967938,0.02900958,-0.009256695,-0.1276148,0.9917806,6,-0.7,-8.548663,76.48083,7,5.7,-26.64118,205.2156
10.39465,NaN,NaN,NaN,0.04029094,2.976833,0.01428233,-0.05984976,-0.01825047,0.01728426,-0.9978909,0.1534228,2.973301,0.02428877,-0.001145356,-0.1344569,0.9909188,6,-0.7,-8.235937,74.25568,7,5.7,-26.32845,202.9904
10.41193,NaN,NaN,NaN,-0.1409886,2.975225,0.01282746,-0.06200444,-0.01810249,0.0178862,-0.9977514,-0.05690899,2.975955,0.01981604,0.001651526,-0.1373229,0.9905249,6,-0.7,-8.007418,72.62968,7,5.7,-26.09993,201.3644
10.43658,NaN,NaN,NaN,-0.5024201,2.974251,0.01013754,-0.06380992,-0.01689539,0.0169227,-0.9976755,-0.3781814,2.975955,0.01981604,0.001651526,-0.1373229,0.9905249,6,-0.7,-7.681856,70.31319,7,5.7,-25.77437,199.0479
10.45367,NaN,NaN,NaN,-0.6828293,2.972485,0.009082407,-0.06485698,-0.01549543,0.01660552,-0.9976361,-0.5873765,2.975544,0.01571906,0.0002845329,-0.1365623,0.9906314,6,-0.7,-7.455775,68.70454,7,5.7,-25.54829,197.4393
10.47797,NaN,NaN,NaN,-1.037515,2.969004,0.006596494,-0.0669924,-0.01269151,0.01490124,-0.9975615,-0.951063,2.974055,0.01204622,-0.002426751,-0.1354086,0.9907869,6,-0.7,-7.134226,66.4166,7,5.7,-25.22674,195.1514
10.49554,NaN,NaN,NaN,-1.209029,2.966611,0.005295197,-0.06814239,-0.01141208,0.01285919,-0.9975275,-1.10352,2.974055,0.01204622,-0.002426751,-0.1354086,0.9907869,6,-0.7,-6.90191,64.76358,7,5.7,-24.99443,193.4983
10.51978,NaN,NaN,NaN,-1.546635,2.962762,0.003350818,-0.069614,-0.008575715,0.007113819,-0.9975118,-1.451491,2.97115,0.008841634,-0.006991214,-0.1338025,0.9909834,6,-0.7,-6.581391,62.48297,7,5.7,-24.67391,191.2177
10.53778,NaN,NaN,NaN,-1.713606,2.959601,0.002133126,-0.06885456,-0.006907962,0.004159506,-0.9975942,-1.59991,2.97115,0.008841634,-0.006991214,-0.1338025,0.9909834,6,-0.7,-6.343668,60.79149,7,5.7,-24.43619,189.5262
10.56171,NaN,NaN,NaN,-2.037649,2.953456,0.0007285877,-0.06796214,-0.003761232,-0.0003804276,-0.9976808,-1.934739,2.966849,0.005708575,-0.00995958,-0.1353043,0.990754,6,-0.7,-6.027281,58.54027,7,5.7,-24.1198,187.275
10.57916,NaN,NaN,NaN,-2.194543,2.950674,0.0004933886,-0.06727348,-0.002414793,-0.002783553,-0.9977278,-2.11954,2.96142,0.003023982,-0.005415163,-0.1228925,0.9924052,6,-0.7,-5.796218,56.89618,7,5.7,-23.88874,185.6309
10.60352,NaN,NaN,NaN,-2.501385,2.943724,-0.0001537506,-0.06571555,0.00104548,-0.006835712,-0.9978145,-2.392289,2.96142,0.003023982,-0.005415163,-0.1228925,0.9924052,6,-0.7,-5.474755,54.60885,7,5.7,-23.56727,183.3436
10.62097,NaN,NaN,NaN,-2.649081,2.939925,-0.0004424991,-0.06686701,0.00334099,-0.008684218,-0.9977186,-2.567214,2.954819,0.001282215,-0.006259093,-0.1218725,0.992526,6,-0.7,-5.243354,52.96235,7,5.7,-23.33587,181.6971
10.6452,NaN,NaN,NaN,-2.937676,2.932232,-0.001072268,-0.06850659,0.008746959,-0.01369977,-0.9975183,-2.865623,2.947293,0.0001955032,-0.01116226,-0.1246047,0.9921437,6,-0.7,-4.923614,50.68728,7,5.7,-23.01613,179.422
10.66254,NaN,NaN,NaN,-3.078039,2.927956,-0.001342515,-0.068927,0.01210233,-0.01623489,-0.9974163,-2.99039,2.947293,0.0001955032,-0.01116226,-0.1246047,0.9921437,6,-0.7,-4.693842,49.05236,7,5.7,-22.78636,177.7871
10.68695,NaN,NaN,NaN,-3.350022,2.91866,-0.001395064,-0.06770344,0.01785321,-0.0185802,-0.9973727,-3.272109,2.938691,-0.0007679462,-0.01506693,-0.1303303,0.9913562,6,-0.7,-4.371346,46.75769,7,5.7,-22.46386,175.4924
10.70441,NaN,NaN,NaN,-3.478187,2.913933,-0.001081894,-0.06573027,0.02022987,-0.02014737,-0.997429,-3.386034,2.938691,-0.0007679462,-0.01506693,-0.1303303,0.9913562,6,-0.7,-4.140517,45.11526,7,5.7,-22.23303,173.85
10.7287,NaN,NaN,NaN,-3.727271,2.904238,-0.0007740449,-0.06353972,0.02472452,-0.02372531,-0.9973909,-3.645747,2.929117,-0.001293063,-0.0200618,-0.1311212,0.9911634,6,-0.7,-3.819376,42.83022,7,5.7,-21.91189,171.565
10.74615,NaN,NaN,NaN,-3.845636,2.899165,-0.0006551439,-0.06317817,0.0274423,-0.02601854,-0.9972856,-3.787219,2.918479,-0.001317501,-0.01658121,-0.127749,0.9916679,6,-0.7,-3.588509,41.18752,7,5.7,-21.68103,169.9223
10.77081,NaN,NaN,NaN,-4.072568,2.888793,-0.0006183708,-0.06216133,0.03407519,-0.03050228,-0.9970179,-3.988936,2.918479,-0.001317501,-0.01658121,-0.127749,0.9916679,6,-0.7,-3.262257,38.86611,7,5.7,-21.35477,167.6009
10.78821,NaN,NaN,NaN,-4.175812,2.883472,-0.0004564452,-0.06168017,0.03747102,-0.03268521,-0.9968567,-4.114723,2.9071,-0.001070976,-0.01310203,-0.1264611,0.991885,6,-0.7,-3.032906,37.2342,7,5.7,-21.12542,165.9689
10.81226,-8.810939,-36.75938,261.9159,-4.372804,2.872952,8.778123E-05,-0.06122536,0.0431114,-0.03730342,-0.9964945,-4.321485,2.895115,-0.0008882284,-0.01694518,-0.1496737,0.9885902,6,-0.7,-2.714479,34.96847,7,5.7,-20.807,163.7032
10.82965,-8.89066,-36.75938,261.9159,-4.462492,2.868115,0.000444076,-0.06143323,0.04547387,-0.03892314,-0.9963148,-4.401207,2.895115,-0.0008882284,-0.01694518,-0.1496737,0.9885902,6,-0.7,-2.484664,33.33325,7,5.7,-20.57718,162.068
10.854,-6.799666,-15.53449,110.893,-4.624854,2.858476,0.000548532,-0.06311224,0.05103924,-0.0448386,-0.9956914,-4.574359,2.882573,-0.0004578829,-0.01979203,-0.1638028,0.9862946,6,-0.7,-2.162401,31.04023,7,5.7,-20.25492,159.775
10.87146,-6.860202,-15.5345,110.8931,-4.692955,2.853851,0.0002913859,-0.06487687,0.0540738,-0.04854416,-0.9952439,-4.634894,2.882573,-0.0004578829,-0.01979203,-0.1638028,0.9862946,6,-0.7,-1.931542,29.39759,7,5.7,-20.02406,158.1323
10.89587,-5.75054,-16.35444,116.7272,-4.823393,2.84509,0.0002745097,-0.06674658,0.05896002,-0.05248279,-0.9946427,-4.77652,2.870299,8.356571E-05,-0.008233203,-0.1625033,0.9866736,6,-0.7,-1.60892,27.10201,7,5.7,-19.70144,155.8368
10.91321,NaN,NaN,NaN,-4.87827,2.841244,0.0004837429,-0.06622617,0.06143948,-0.05383373,-0.9944552,-4.847684,2.858531,0.0004229546,-0.0009117711,-0.1452318,0.9893972,6,-0.7,-1.380119,25.47401,7,5.7,-19.47264,154.2088
10.93762,NaN,NaN,NaN,-4.967757,2.833919,0.0001709752,-0.06555381,0.06581495,-0.0579282,-0.9939896,-4.927227,2.858531,0.0004229546,-0.0009117711,-0.1452318,0.9893972,6,-0.7,-1.057003,23.17492,7,5.7,-19.14952,151.9097
10.9549,NaN,NaN,NaN,-4.998549,2.830058,-0.0003052468,-0.06623538,0.06788991,-0.06009977,-0.993676,-4.97306,2.847762,0.0004153253,0.0008631729,-0.1317234,0.9912862,6,-0.7,-0.8286919,21.5504,7,5.7,-18.92121,150.2852
10.97937,NaN,NaN,NaN,-5.046967,2.823632,-0.00101866,-0.06773858,0.07271164,-0.06523735,-0.9929092,-5.030551,2.838147,0.0002087355,0.00591219,-0.1292904,0.9915891,6,-0.7,-0.5051011,19.24793,7,5.7,-18.59762,147.9827
10.99658,NaN,NaN,NaN,-5.061011,2.820814,-0.00121908,-0.06735837,0.07461542,-0.06561333,-0.992769,-5.043035,2.838147,0.0002087355,0.00591219,-0.1292904,0.9915891,6,-0.7,-0.2772784,17.62689,7,5.7,-18.3698,146.3616
11.02112,NaN,NaN,NaN,-5.069852,2.815556,-0.001796269,-0.06647535,0.07734707,-0.06658401,-0.9925548,-5.061114,2.829412,-0.0003501177,-0.002625641,-0.1265198,0.9919606,6,-0.7,0.04689839,15.32025,7,5.7,-18.04562,144.055
11.03821,NaN,NaN,NaN,-5.057494,2.813282,-0.002423111,-0.06669658,0.07768387,-0.06715057,-0.9924755,-5.050128,2.829412,-0.0003501177,-0.002625641,-0.1265198,0.9919606,6,-0.7,0.272782,13.71301,7,5.7,-17.81974,142.4478
11.05524,NaN,NaN,NaN,-5.038807,2.811378,-0.003077851,-0.06717301,0.07799231,-0.06875627,-0.9923092,-5.039824,2.821837,-0.0009279251,-0.0007075419,-0.1255906,0.9920819,6,-0.7,0.4981959,12.1091,7,5.7,-17.59432,140.8439
11.07684,NaN,NaN,NaN,-4.987099,2.807971,-0.004436543,-0.06766656,0.07914785,-0.07270782,-0.9919024,-4.995278,2.815376,-0.001904845,0.0006326121,-0.1430678,0.9897127,6,-0.7,0.7834995,10.07906,7,5.7,-17.30902,138.8138
11.09424,NaN,NaN,NaN,-4.950179,2.806408,-0.005156002,-0.06649376,0.0796418,-0.07418869,-0.9918326,-4.96246,2.815376,-0.001904845,0.0006326121,-0.1430678,0.9897127,6,-0.7,1.01383,8.440172,7,5.7,-17.07869,137.1749
11.11853,NaN,NaN,NaN,-4.860425,2.804191,-0.006114858,-0.06248578,0.08039499,-0.07528146,-0.9919501,-4.879347,2.810194,-0.003263116,-0.002619148,-0.1437142,0.9896157,6,-0.7,1.335147,6.153888,7,5.7,-16.75737,134.8886
11.13678,NaN,NaN,NaN,-4.806934,2.803877,-0.006626897,-0.05887083,0.08063853,-0.07656849,-0.9920529,-4.8318,2.810194,-0.003263116,-0.002619148,-0.1437142,0.9896157,6,-0.7,1.576101,4.439407,7,5.7,-16.51642,133.1742
11.16046,-4.923609,-16.81251,119.9864,-4.675459,2.804415,-0.008188118,-0.05449261,0.08448826,-0.08311006,-0.991456,-4.707555,2.806104,-0.004762053,-0.001776968,-0.1613577,0.9868944,6,-0.7,1.889023,2.212851,7,5.7,-16.2035,130.9476
11.17792,-6.720512,-27.32966,194.8199,-4.596264,2.805611,-0.008430462,-0.0533422,0.08881115,-0.08671775,-0.9908316,-4.625587,2.803668,-0.006122231,-0.01062583,-0.1528418,0.9881936,6,-0.7,2.11968,0.5716454,7,5.7,-15.97284,129.3064
11.203,-6.570908,-27.32965,194.8198,-4.427961,2.810694,-0.007407278,-0.04869184,0.09458397,-0.08706913,-0.9905059,-4.475985,2.803668,-0.006122231,-0.01062583,-0.1528418,0.9881936,7,5.7,-15.64067,126.9429,8,-5.7,-34.61454,261.9491
11.21985,NaN,NaN,NaN,-4.331436,2.813731,-0.006517108,-0.04532035,0.09683605,-0.08580447,-0.9905586,-4.374005,2.803622,-0.007516026,-0.01477938,-0.1383733,0.9902698,7,5.7,-15.41789,125.3577,8,-5.7,-34.39176,260.364
11.24377,NaN,NaN,NaN,-4.114393,2.820029,-0.005697902,-0.04627085,0.1000283,-0.08803819,-0.9900014,-4.160794,2.806916,-0.007703662,-0.02538168,-0.1283191,0.9914081,7,5.7,-15.10179,123.1086,8,-5.7,-34.07566,258.1148
11.26117,NaN,NaN,NaN,-3.991071,2.82356,-0.005346686,-0.05146644,0.1003808,-0.09168229,-0.9893782,-4.051174,2.806916,-0.007703662,-0.02538168,-0.1283191,0.9914081,7,5.7,-14.87146,121.4697,8,-5.7,-33.84533,256.476
11.28558,NaN,NaN,NaN,-3.734482,2.832999,-0.004019164,-0.05975926,0.1005975,-0.09589336,-0.9884905,-3.79846,2.812984,-0.006845951,-0.03229672,-0.1248606,0.9916486,7,5.7,-14.54925,119.177,8,-5.7,-33.52312,254.1833
11.30371,NaN,NaN,NaN,-3.597011,2.838305,-0.003325375,-0.06255332,0.1002282,-0.09548534,-0.9883946,-3.676264,2.812984,-0.006845951,-0.03229672,-0.1248606,0.9916486,7,5.7,-14.30962,117.4719,8,-5.7,-33.28349,252.4782
11.32733,NaN,NaN,NaN,-3.303548,2.848879,-0.00168737,-0.06617464,0.09984089,-0.09277757,-0.9884559,-3.385861,2.821208,-0.005634069,-0.03539528,-0.1336756,0.9903929,7,5.7,-13.9973,115.2497,8,-5.7,-32.97116,250.2559
11.34497,NaN,NaN,NaN,-3.145057,2.854455,-0.0006094298,-0.06592885,0.09960014,-0.09099134,-0.9886626,-3.211243,2.831803,-0.004119515,-0.03151588,-0.1396212,0.9897034,7,5.7,-13.76409,113.5903,8,-5.7,-32.73796,248.5966
11.36951,NaN,NaN,NaN,-2.81705,2.865678,0.001595639,-0.06450617,0.09938072,-0.08835807,-0.9890174,-2.919682,2.831803,-0.004119515,-0.03151588,-0.1396212,0.9897034,7,5.7,-13.43915,111.2783,8,-5.7,-32.41302,246.2845
11.38654,NaN,NaN,NaN,-2.640369,2.87144,0.002917841,-0.06305855,0.09902629,-0.08668088,-0.9892946,-2.724838,2.844023,-0.002304673,-0.01828934,-0.1375405,0.9903273,7,5.7,-13.21404,109.6765,8,-5.7,-32.1879,244.6827
11.41077,NaN,NaN,NaN,-2.282515,2.882891,0.005740528,-0.06124719,0.09716407,-0.08376475,-0.9898441,-2.365069,2.857158,-3.933907E-05,-0.006789398,-0.1290851,0.9916103,7,5.7,-12.89369,107.3971,8,-5.7,-31.86756,242.4034
11.42834,NaN,NaN,NaN,-2.094915,2.889095,0.007692857,-0.05971042,0.09582877,-0.0830818,-0.9901258,-2.198314,2.857158,-3.933907E-05,-0.006789398,-0.1290851,0.9916103,7,5.7,-12.66129,105.7435,8,-5.7,-31.63516,240.7498
11.4527,NaN,NaN,NaN,-1.711994,2.901542,0.01205779,-0.05617107,0.09221688,-0.08167698,-0.9907925,-1.812913,2.870832,0.002981186,-0.005274035,-0.1253043,0.9921044,7,5.7,-12.33986,103.4564,8,-5.7,-31.31373,238.4627
11.47076,NaN,NaN,NaN,-1.514446,2.907327,0.01443449,-0.05514815,0.08997781,-0.08106909,-0.9911057,-1.637315,2.870832,0.002981186,-0.005274035,-0.1253043,0.9921044,7,5.7,-12.10092,101.7563,8,-5.7,-31.07479,236.7625
11.49445,NaN,NaN,NaN,-1.1122,2.91923,0.01930769,-0.05386464,0.08737163,-0.08033847,-0.9914688,-1.231684,2.885055,0.00689292,-0.004713403,-0.1207263,0.9926746,7,5.7,-11.7877,99.5276,8,-5.7,-30.76157,234.5338
11.51208,NaN,NaN,NaN,-0.9085777,2.924974,0.0219441,-0.05432587,0.08665879,-0.07919871,-0.991598,-0.9997075,2.899671,0.01155269,-0.002538615,-0.1186999,0.992927,7,5.7,-11.55451,97.86839,8,-5.7,-30.52838,232.8746
11.53674,NaN,NaN,NaN,-0.5015736,2.936204,0.0282005,-0.05328071,0.0864621,-0.07765382,-0.991794,-0.637926,2.899671,0.01155269,-0.002538615,-0.1186999,0.992927,7,5.7,-11.22863,95.54958,8,-5.7,-30.20249,230.5558
11.55383,NaN,NaN,NaN,-0.296918,2.941397,0.03155728,-0.05198027,0.08642296,-0.07553022,-0.9920304,-0.4032949,2.913955,0.01728487,-0.007415831,-0.1232666,0.9923459,7,5.7,-11.0023,93.93919,8,-5.7,-29.97617,228.9454
11.57806,NaN,NaN,NaN,0.11726,2.950459,0.03821402,-0.05040682,0.08491754,-0.07013676,-0.9926375,0.01851869,2.927629,0.02410984,-0.01064402,-0.1247758,0.9921279,7,5.7,-10.68238,91.66283,8,-5.7,-29.65625,226.6691
11.5979,NaN,NaN,NaN,0.3299993,2.953914,0.04130022,-0.05118812,0.08387657,-0.06813844,-0.9928252,0.2076203,2.927629,0.02410984,-0.01064402,-0.1247758,0.9921279,7,5.7,-10.42007,89.79639,8,-5.7,-29.39393,224.8026
11.61969,NaN,NaN,NaN,0.7613315,2.959143,0.04735508,-0.05256844,0.08172234,-0.06658827,-0.9930378,0.6455151,2.94017,0.03163183,-0.01047752,-0.124728,0.9921356,7,5.7,-10.13187,87.74575,8,-5.7,-29.10574,222.752
11.63751,NaN,NaN,NaN,0.9739,2.96175,0.05089561,-0.05460115,0.08112547,-0.06726732,-0.9929313,0.8344649,2.94017,0.03163183,-0.01047752,-0.124728,0.9921356,7,5.7,-9.89623,86.06907,8,-5.7,-28.87009,221.0753
11.66144,NaN,NaN,NaN,1.399957,2.965662,0.0579421,-0.05266027,0.07903518,-0.06673256,-0.9932407,1.269102,2.950295,0.03907502,-0.01352031,-0.1231828,0.9922919,7,5.7,-9.57952,83.81557,8,-5.7,-28.55338,218.8218
11.67902,NaN,NaN,NaN,1.614995,2.96598,0.06166414,-0.05159531,0.0781101,-0.06788938,-0.9932914,1.516617,2.957753,0.0470041,-0.01898286,-0.1243941,0.9920513,7,5.7,-9.347374,82.16376,8,-5.7,-28.32124,217.17
11.70404,NaN,NaN,NaN,2.043742,2.965912,0.06893882,-0.04972174,0.07653563,-0.07044649,-0.9933315,1.897725,2.957753,0.0470041,-0.01898286,-0.1243941,0.9920513,7,5.7,-9.016191,79.80728,8,-5.7,-27.99006,214.8135
11.72076,NaN,NaN,NaN,2.256765,2.965424,0.07286044,-0.05018749,0.076993,-0.07302673,-0.9930863,2.143808,2.962757,0.05531681,-0.0159332,-0.1228173,0.9923013,7,5.7,-8.79497,78.2332,8,-5.7,-27.76884,213.2395
11.745,NaN,NaN,NaN,2.681055,2.964765,0.08039898,-0.04746766,0.07605888,-0.07211608,-0.9933586,2.578183,2.964789,0.06369603,-0.02119859,-0.1239281,0.9920647,7,5.7,-8.474638,75.95393,8,-5.7,-27.4485,210.9602
11.76257,NaN,NaN,NaN,2.886678,2.963821,0.08479834,-0.04894219,0.07538023,-0.06999946,-0.9934902,2.760959,2.964789,0.06369603,-0.02119859,-0.1239281,0.9920647,7,5.7,-8.242804,74.30434,8,-5.7,-27.21667,209.3106
11.7868,NaN,NaN,NaN,3.298261,2.960648,0.09351906,-0.04760212,0.07467237,-0.06543454,-0.9939198,3.183707,2.964786,0.07253993,-0.0234607,-0.1257133,0.9917892,7,5.7,-7.921751,72.01993,8,-5.7,-26.89562,207.0262
11.80426,NaN,NaN,NaN,3.501953,2.957522,0.09804738,-0.04622164,0.07438851,-0.06166699,-0.994247,3.364765,2.964786,0.07253993,-0.0234607,-0.1257133,0.9917892,7,5.7,-7.691065,70.37851,8,-5.7,-26.66493,205.3848
11.82861,NaN,NaN,NaN,3.89901,2.951412,0.1074444,-0.0465667,0.07351451,-0.0546854,-0.9947044,3.773453,2.963099,0.08232892,-0.02849652,-0.1283154,0.9913239,7,5.7,-7.369306,68.08907,8,-5.7,-26.34317,203.0953
11.84601,NaN,NaN,NaN,4.092923,2.948762,0.1120849,-0.04776482,0.07279196,-0.0512097,-0.9948856,4.000577,2.959156,0.09272039,-0.02927105,-0.1309713,0.990954,7,5.7,-7.139515,66.45403,8,-5.7,-26.11338,201.4603
11.87036,NaN,NaN,NaN,4.478986,2.942042,0.1220078,-0.04727045,0.07035448,-0.04644582,-0.9953183,4.343744,2.959156,0.09272039,-0.02927105,-0.1309713,0.990954,7,5.7,-6.817587,64.16339,8,-5.7,-25.79145,199.1697
11.88751,NaN,NaN,NaN,4.666382,2.937899,0.1277544,-0.04805981,0.06838766,-0.04448872,-0.9955069,4.563738,2.953139,0.1031046,-0.03308158,-0.1339649,0.9904338,7,5.7,-6.590672,62.54881,8,-5.7,-25.56454,197.5551
11.91205,NaN,NaN,NaN,5.035944,2.928808,0.1390153,-0.04628282,0.06594666,-0.04212309,-0.9958587,4.94424,2.945677,0.1149732,-0.03051056,-0.1389271,0.9898325,7,5.7,-6.266225,60.24025,8,-5.7,-25.24009,195.2465
11.92932,NaN,NaN,NaN,5.215823,2.924261,0.1449319,-0.04569555,0.06524141,-0.04136699,-0.995964,5.104132,2.945677,0.1149732,-0.03051056,-0.1389271,0.9898325,7,5.7,-6.037569,58.61327,8,-5.7,-25.01143,193.6195
11.95386,NaN,NaN,NaN,5.571775,2.914374,0.1565981,-0.04539211,0.06437958,-0.03926509,-0.996119,5.471108,2.936493,0.1278104,-0.03405124,-0.138695,0.9897496,7,5.7,-5.713343,56.30629,8,-5.7,-24.68721,191.3125
11.97107,NaN,NaN,NaN,5.745811,2.909364,0.1623956,-0.04561887,0.06393292,-0.03748981,-0.9962059,5.625807,2.936493,0.1278104,-0.03405124,-0.138695,0.9897496,7,5.7,-5.485662,54.68626,8,-5.7,-24.45953,189.6925
11.99573,NaN,NaN,NaN,6.085875,2.89817,0.1738376,-0.04537938,0.06317396,-0.03438592,-0.9963771,5.977021,2.925976,0.1412188,-0.03703663,-0.1355185,0.9900823,7,5.7,-5.159622,52.36636,8,-5.7,-24.13349,187.3726
12.01306,NaN,NaN,NaN,6.253369,2.891885,0.1797135,-0.04432383,0.06288723,-0.03332317,-0.9964789,6.173227,2.91449,0.1547112,-0.03723372,-0.1327424,0.990451,7,5.7,-4.930385,50.73525,8,-5.7,-23.90425,185.7415
12.03748,NaN,NaN,NaN,6.584632,2.877968,0.1909632,-0.04276775,0.06110587,-0.03044481,-0.9967498,6.467683,2.91449,0.1547112,-0.03723372,-0.1327424,0.990451,7,5.7,-4.607608,48.43858,8,-5.7,-23.58147,183.4448
12.05487,NaN,NaN,NaN,6.745112,2.87028,0.1961637,-0.04349523,0.05785614,-0.02617563,-0.9970334,6.656425,2.901481,0.1688912,-0.03890521,-0.1318666,0.9905037,7,5.7,-4.378018,46.80495,8,-5.7,-23.35188,181.8112
12.07922,NaN,NaN,NaN,7.054424,2.854166,0.2057669,-0.04622072,0.05237911,-0.02060752,-0.9973443,6.976103,2.886451,0.1827248,-0.03477958,-0.1345044,0.9903025,7,5.7,-4.0563,44.51581,8,-5.7,-23.03016,179.5221
12.09674,NaN,NaN,NaN,7.192291,2.846889,0.210355,-0.047514,0.05052891,-0.01941153,-0.9974029,7.098651,2.886451,0.1827248,-0.03477958,-0.1345044,0.9903025,7,5.7,-3.824394,42.86572,8,-5.7,-22.79826,177.872
12.12097,NaN,NaN,NaN,7.456134,2.833475,0.2192018,-0.05008282,0.04507501,-0.01095591,-0.9976673,7.376252,2.869117,0.1954268,-0.0169825,-0.1381805,0.9902615,7,5.7,-3.504355,40.58852,8,-5.7,-22.47822,175.5948
12.13855,NaN,NaN,NaN,7.58162,2.826267,0.2229501,-0.05224481,0.04085564,-0.007473518,-0.9977703,7.487795,2.869117,0.1954268,-0.0169825,-0.1381805,0.9902615,7,5.7,-3.271437,38.93122,8,-5.7,-22.2453,173.9375
12.16272,NaN,NaN,NaN,7.816007,2.81089,0.2298838,-0.05759328,0.03150543,-0.003617936,-0.9978364,7.736119,2.851246,0.2071526,-0.007848348,-0.1433009,0.989648,7,5.7,-2.951714,36.65627,8,-5.7,-21.92558,171.6625
12.1803,NaN,NaN,NaN,7.915435,2.804479,0.233476,-0.06019782,0.02571749,-0.0009322725,-0.9978547,7.860639,2.833897,0.2177354,0.002014644,-0.1431701,0.989696,7,5.7,-2.719358,35.00297,8,-5.7,-21.69322,170.0092
12.20453,NaN,NaN,NaN,8.096965,2.792078,0.2398818,-0.06151273,0.01635202,0.002452026,-0.9979694,8.021999,2.833897,0.2177354,0.002014644,-0.1431701,0.989696,7,5.7,-2.399105,32.72425,8,-5.7,-21.37297,167.7305
12.22217,9.326382,-51.05935,363.6654,8.171119,2.786786,0.2428222,-0.0626286,0.01150554,0.003547226,-0.9979643,8.120144,2.816573,0.2268214,0.003283056,-0.1466362,0.9891851,7,5.7,-2.166338,31.06803,8,-5.7,-21.1402,166.0743
12.24628,NaN,NaN,NaN,8.297386,2.776306,0.2483943,-0.06526179,0.002666578,0.005531081,-0.9978493,8.259735,2.800586,0.2346618,0.0004697661,-0.1441147,0.9895609,7,5.7,-1.846925,28.79529,8,-5.7,-20.82079,163.8016
12.26392,NaN,NaN,NaN,8.337273,2.771232,0.2505432,-0.06688928,-0.0002392009,0.007285201,-0.9977338,8.295191,2.800586,0.2346618,0.0004697661,-0.1441147,0.9895609,7,5.7,-1.614251,27.13973,8,-5.7,-20.58812,162.146
12.28802,NaN,NaN,NaN,8.391577,2.762676,0.2550806,-0.06845215,-0.008087486,0.01585733,-0.9974957,8.365631,2.786289,0.242293,-0.005747346,-0.1387998,0.9903038,7,5.7,-1.294955,24.86782,8,-5.7,-20.26882,159.8741
12.30573,NaN,NaN,NaN,8.404697,2.759393,0.2572373,-0.06927792,-0.01147424,0.0173841,-0.99738,8.377295,2.786289,0.242293,-0.005747346,-0.1387998,0.9903038,7,5.7,-1.061496,23.20667,8,-5.7,-20.03536,158.2129
12.32965,NaN,NaN,NaN,8.406329,2.752191,0.2605243,-0.07001278,-0.01901717,0.01728,-0.9972151,8.394342,2.773707,0.2488066,-0.005799002,-0.138203,0.990387,7,5.7,-0.74459,20.95177,8,-5.7,-19.71846,155.958
12.34717,NaN,NaN,NaN,8.386579,2.749306,0.2616674,-0.07051709,-0.02190299,0.01686256,-0.9971275,8.385811,2.76306,0.2543864,-0.01126822,-0.1360498,0.9906379,7,5.7,-0.513278,19.3059,8,-5.7,-19.48715,154.3121
12.37134,NaN,NaN,NaN,8.323305,2.744977,0.2637191,-0.07103275,-0.02863671,0.01969922,-0.9968683,8.329569,2.76306,0.2543864,-0.01126822,-0.1360498,0.9906379,7,5.7,-0.1936255,17.03145,8,-5.7,-19.16749,152.0377
12.3891,NaN,NaN,NaN,8.273149,2.743593,0.2644887,-0.07048765,-0.03271301,0.02091398,-0.9967567,8.28752,2.754184,0.25884,-0.009086329,-0.1387677,0.9902833,7,5.7,0.04070258,15.36412,8,-5.7,-18.93317,150.3704
12.41327,NaN,NaN,NaN,8.150252,2.741313,0.2651691,-0.06967902,-0.03785102,0.01890772,-0.9966719,8.174112,2.747434,0.2620647,-0.008567285,-0.1376895,0.9904384,7,5.7,0.3603104,13.08999,8,-5.7,-18.61356,148.0963
12.43097,NaN,NaN,NaN,8.070284,2.74102,0.2654464,-0.07050815,-0.03879301,0.01756919,-0.9966018,8.103029,2.747434,0.2620647,-0.008567285,-0.1376895,0.9904384,7,5.7,0.5950111,11.42001,8,-5.7,-18.37886,146.4263
12.45508,NaN,NaN,NaN,7.898105,2.742891,0.2665392,-0.07059415,-0.04078592,0.01732175,-0.9965204,7.939337,2.742919,0.2641097,-0.01085108,-0.1328038,0.9910829,7,5.7,0.9131231,9.156525,8,-5.7,-18.06075,144.1628
12.47266,NaN,NaN,NaN,7.796168,2.746952,0.2676757,-0.07190908,-0.04265479,0.0200294,-0.9962974,7.832025,2.740841,0.2655543,-0.01593143,-0.1320605,0.9911137,7,5.7,1.145454,7.503408,8,-5.7,-17.82841,142.5097
12.49664,NaN,NaN,NaN,7.570312,2.75575,0.2689134,-0.07206905,-0.04572687,0.02464428,-0.9960461,7.631264,2.740841,0.2655543,-0.01593143,-0.1320605,0.9911137,7,5.7,1.4632,5.242524,8,-5.7,-17.51067,140.2488
12.51447,NaN,NaN,NaN,7.438902,2.761347,0.2689475,-0.07345172,-0.04526937,0.0267587,-0.9959115,7.492111,2.743209,0.2668128,-0.01676106,-0.1317399,0.9911426,7,5.7,1.698209,3.570347,8,-5.7,-17.27566,138.5766
12.53857,NaN,NaN,NaN,7.164596,2.773043,0.2685779,-0.07823248,-0.04369299,0.02830788,-0.9955748,7.248283,2.743209,0.2668128,-0.01676106,-0.1317399,0.9911426,7,5.7,2.01748,1.298616,8,-5.7,-16.95639,136.3049
12.5564,NaN,NaN,NaN,7.01465,2.779454,0.2677675,-0.08032501,-0.04259448,0.0290632,-0.9954341,7.08714,2.751065,0.2680693,-0.02066967,-0.1323225,0.9909912,8,-5.7,-16.72049,134.6264,9,0.7,-34.81293,263.3607
12.58032,NaN,NaN,NaN,6.697731,2.793729,0.2658486,-0.08284,-0.0414276,0.02993198,-0.9952514,6.772287,2.763015,0.2684984,-0.02083004,-0.1390849,0.9900614,8,-5.7,-16.40453,132.3782,9,0.7,-34.49696,261.1124
12.59808,NaN,NaN,NaN,6.523344,2.801873,0.2644896,-0.08322595,-0.0405084,0.03150943,-0.9952084,6.617277,2.763015,0.2684984,-0.02083004,-0.1390849,0.9900614,8,-5.7,-16.16984,130.7083,9,0.7,-34.26228,259.4425
12.62213,2.258745,-49.18099,350.3002,6.16175,2.818364,0.2612645,-0.08338924,-0.04040438,0.03435002,-0.995105,6.258001,2.777746,0.2675735,-0.01130083,-0.1468215,0.9890985,8,-5.7,-15.8516,128.4439,9,0.7,-33.94403,257.1781
12.63971,NaN,NaN,NaN,5.96933,2.825484,0.258472,-0.08182967,-0.04104163,0.03324861,-0.9952457,6.044039,2.795205,0.2651714,-0.007050837,-0.1337424,0.9909911,8,-5.7,-15.61947,126.7922,9,0.7,-33.7119,255.5264
12.6637,NaN,NaN,NaN,5.564871,2.841325,0.252494,-0.0824412,-0.04322819,0.03293397,-0.9951131,5.684521,2.795205,0.2651714,-0.007050837,-0.1337424,0.9909911,8,-5.7,-15.30204,124.5336,9,0.7,-33.39448,253.2679
12.68121,NaN,NaN,NaN,5.352163,2.850218,0.2493959,-0.08183007,-0.04364625,0.03387326,-0.9951138,5.448045,2.81387,0.2611229,-0.002921687,-0.1329955,0.9911124,8,-5.7,-15.07032,122.8848,9,0.7,-33.16276,251.6191
12.70551,NaN,NaN,NaN,4.917242,2.867959,0.2427712,-0.07932504,-0.04237745,0.03350081,-0.995384,5.061448,2.81387,0.2611229,-0.002921687,-0.1329955,0.9911124,8,-5.7,-14.74983,120.6044,9,0.7,-32.84227,249.3387
12.72296,NaN,NaN,NaN,4.685785,2.876878,0.2388312,-0.07777207,-0.04106222,0.032499,-0.9955949,4.804565,2.833059,0.2553426,3.145197E-05,-0.1330256,0.9911126,8,-5.7,-14.5186,118.9591,9,0.7,-32.61103,247.6933
12.74719,NaN,NaN,NaN,4.214024,2.895143,0.2308573,-0.07607302,-0.03803621,0.02896626,-0.9959553,4.329408,2.853415,0.2479113,0.0004112709,-0.1282367,0.9917436,8,-5.7,-14.19816,116.679,9,0.7,-32.29059,245.4133
12.76477,NaN,NaN,NaN,3.970338,2.904033,0.2264187,-0.07511039,-0.0346771,0.02534476,-0.9962497,4.112798,2.853415,0.2479113,0.0004112709,-0.1282367,0.9917436,8,-5.7,-13.96601,115.0272,9,0.7,-32.05844,243.7614
12.78906,NaN,NaN,NaN,3.476707,2.920682,0.2169963,-0.07414363,-0.02848655,0.02239016,-0.9965892,3.614249,2.874642,0.2392099,-0.004382293,-0.1267371,0.9919267,8,-5.7,-13.64476,112.7414,9,0.7,-31.73719,241.4756
12.80652,NaN,NaN,NaN,3.230383,2.928335,0.2121232,-0.07417317,-0.02533194,0.02258716,-0.9966677,3.332513,2.896015,0.2294081,-0.05515676,-0.131182,0.9898227,8,-5.7,-13.4141,111.1002,9,0.7,-31.50653,239.8344
12.83069,NaN,NaN,NaN,2.735489,2.942156,0.2020406,-0.07263591,-0.02035969,0.021891,-0.9969104,2.892607,2.896015,0.2294081,-0.05515676,-0.131182,0.9898227,8,-5.7,-13.09426,108.8244,9,0.7,-31.1867,237.5587
12.84839,-23.05409,-47.77923,377.0122,2.485901,2.947955,0.1970118,-0.07111339,-0.01832946,0.02122953,-0.9970738,2.606081,2.916164,0.2184736,-0.06734002,-0.13304,0.9888203,8,-5.7,-12.86008,107.1581,9,0.7,-30.95251,235.8923
12.8725,NaN,NaN,NaN,1.989667,2.958387,0.1869591,-0.06832105,-0.01515298,0.02005152,-0.9973468,2.099012,2.93396,0.2067963,-0.05696531,-0.1306486,0.9897909,8,-5.7,-12.54175,104.8931,9,0.7,-30.63418,233.6273
12.88989,NaN,NaN,NaN,1.742506,2.962002,0.1816509,-0.06742741,-0.01430806,0.01974446,-0.9974263,1.879313,2.93396,0.2067963,-0.05696531,-0.1306486,0.9897909,8,-5.7,-12.31136,103.2538,9,0.7,-30.40379,231.988
12.91425,NaN,NaN,NaN,1.250479,2.96767,0.170813,-0.06747771,-0.01340855,0.02011291,-0.9974279,1.375771,2.94872,0.1947711,-0.04380436,-0.1279029,0.9908189,8,-5.7,-11.98955,100.964,9,0.7,-30.08199,229.6982
12.93182,NaN,NaN,NaN,1.004925,2.969261,0.1648489,-0.06925213,-0.01304701,0.0200532,-0.9973123,1.157501,2.94872,0.1947711,-0.04380436,-0.1279029,0.9908189,8,-5.7,-11.75692,99.3087,9,0.7,-29.84935,228.043
12.95618,NaN,NaN,NaN,0.5175956,2.972344,0.1539564,-0.07207446,-0.01164591,0.02062387,-0.9971181,0.6583342,2.959662,0.1820166,-0.04946332,-0.1250024,0.9909227,8,-5.7,-11.43531,97.02038,9,0.7,-29.52775,225.7546
12.97369,NaN,NaN,NaN,0.2767998,2.973742,0.1492239,-0.07237378,-0.01133244,0.02126019,-0.9970866,0.3787673,2.966579,0.1688348,-0.06751137,-0.1422978,0.9875189,8,-5.7,-11.20357,95.37146,9,0.7,-29.29601,224.1057
12.9978,NaN,NaN,NaN,-0.1985107,2.972984,0.1389248,-0.07111909,-0.01123545,0.0218688,-0.9971648,-0.04373102,2.966579,0.1688348,-0.06751137,-0.1422978,0.9875189,8,-5.7,-10.88523,93.10632,9,0.7,-28.97766,221.8406
13.01575,NaN,NaN,NaN,-0.4313641,2.973319,0.134282,-0.07176931,-0.01264146,0.02228919,-0.9970921,-0.3155551,2.97071,0.1561613,-0.07042252,-0.1444445,0.9870038,8,-5.7,-10.64766,91.41589,9,0.7,-28.74009,220.1502
13.03967,-22.93655,-46.57168,360.9384,-0.8958145,2.972892,0.1254807,-0.0703669,-0.01405901,0.0218144,-0.9971835,-0.7922035,2.972325,0.1439562,-0.06069392,-0.1357917,0.9888766,8,-5.7,-10.3315,89.16633,9,0.7,-28.42393,217.9006
13.05725,-23.00239,-46.25841,358.6573,-1.127387,2.97159,0.1210298,-0.06846189,-0.01305526,0.02011125,-0.9973656,-0.998046,2.972325,0.1439562,-0.06069392,-0.1357917,0.9888766,8,-5.7,-10.0988,87.51057,9,0.7,-28.19123,216.2449
13.08136,-21.25147,-45.31099,355.374,-1.580578,2.969055,0.1126337,-0.06903552,-0.01148511,0.0184244,-0.997378,-1.463558,2.972277,0.1324977,-0.05511132,-0.1344738,0.9893834,8,-5.7,-9.780251,85.24399,9,0.7,-27.87268,213.9783
13.09894,-21.31893,-44.99422,353.0434,-1.802526,2.967443,0.1084979,-0.06925081,-0.01180371,0.01847459,-0.9973584,-1.660845,2.972277,0.1324977,-0.05511132,-0.1344738,0.9893834,8,-5.7,-9.547565,83.58834,9,0.7,-27.64,212.3226
13.12317,NaN,NaN,NaN,-2.240932,2.961141,0.1001461,-0.07003329,-0.01322389,0.0191202,-0.9972737,-2.112031,2.970601,0.1218348,-0.0535946,-0.1397623,0.9887336,8,-5.7,-9.227443,81.31055,9,0.7,-27.31988,210.0448
13.14087,NaN,NaN,NaN,-2.455475,2.958623,0.09640041,-0.07092001,-0.01356602,0.01791505,-0.9972288,-2.362895,2.967153,0.1116641,-0.04643785,-0.1407078,0.9889615,8,-5.7,-8.993372,79.64506,9,0.7,-27.08581,208.3793
13.16486,NaN,NaN,NaN,-2.878363,2.954074,0.08946098,-0.07150041,-0.01378348,0.01505062,-0.9972318,-2.738795,2.967153,0.1116641,-0.04643785,-0.1407078,0.9889615,8,-5.7,-8.676298,77.38896,9,0.7,-26.76873,206.1232
13.18268,NaN,NaN,NaN,-3.085406,2.950788,0.08603093,-0.07056513,-0.01427478,0.01445556,-0.9973003,-2.981429,2.961659,0.1018838,-0.04352059,-0.1428498,0.9887871,8,-5.7,-8.440769,75.71309,9,0.7,-26.5332,204.4474
13.20667,NaN,NaN,NaN,-3.496349,2.942955,0.07939807,-0.07051773,-0.01653343,0.01506102,-0.9972597,-3.403667,2.955444,0.09282935,-0.03797904,-0.1415196,0.9892067,8,-5.7,-8.123561,73.45603,9,0.7,-26.21599,202.1903
13.22449,NaN,NaN,NaN,-3.696496,2.93882,0.07617941,-0.07147355,-0.01720825,0.01374319,-0.9971994,-3.581575,2.955444,0.09282935,-0.03797904,-0.1415196,0.9892067,8,-5.7,-7.887646,71.77741,9,0.7,-25.98008,200.5117
13.24841,NaN,NaN,NaN,-4.088169,2.932262,0.07075234,-0.07297178,-0.01637437,0.007386463,-0.9971722,-3.985352,2.947803,0.08458519,-0.03432025,-0.1396652,0.9896038,8,-5.7,-7.571496,69.52789,9,0.7,-25.66393,198.2622
13.2663,NaN,NaN,NaN,-4.280859,2.92786,0.06828956,-0.07073624,-0.01483307,0.00435608,-0.9973753,-4.156632,2.947803,0.08458519,-0.03432025,-0.1396652,0.9896038,8,-5.7,-7.335003,67.84515,9,0.7,-25.42743,196.5794
13.29016,NaN,NaN,NaN,-4.657229,2.918419,0.06316528,-0.07038136,-0.01314628,0.00208739,-0.9974314,-4.545146,2.939155,0.07704902,-0.03271372,-0.1383277,0.9898461,8,-5.7,-7.019104,65.5974,9,0.7,-25.11154,194.3317
13.30804,NaN,NaN,NaN,-4.839414,2.913521,0.06066667,-0.06962367,-0.01248559,0.0002210592,-0.9974952,-4.759473,2.929742,0.07008636,-0.03371645,-0.1379721,0.9898621,8,-5.7,-6.782818,63.91615,9,0.7,-24.87525,192.6504
13.33228,NaN,NaN,NaN,-5.188822,2.905099,0.05678441,-0.06905858,-0.009716086,-0.006323015,-0.9975452,-5.070059,2.929742,0.07008636,-0.03371645,-0.1379721,0.9898621,8,-5.7,-6.462883,61.63969,9,0.7,-24.55532,190.374
13.34985,NaN,NaN,NaN,-5.357639,2.901618,0.05521146,-0.0693437,-0.007806689,-0.00975979,-0.9975145,-5.270493,2.919261,0.06398129,-0.03418091,-0.139829,0.9895855,8,-5.7,-6.230375,59.98531,9,0.7,-24.32281,188.7196
13.37384,NaN,NaN,NaN,-5.680751,2.89264,0.05156765,-0.06894042,-0.003805273,-0.01456779,-0.9975072,-5.605575,2.908817,0.05885673,-0.03053984,-0.1386988,0.9898636,8,-5.7,-5.913006,57.72711,9,0.7,-24.00544,186.4614
13.39172,NaN,NaN,NaN,-5.830655,2.888009,0.04954508,-0.06974,-0.001588583,-0.0168918,-0.997421,-5.738822,2.908817,0.05885673,-0.03053984,-0.1386988,0.9898636,8,-5.7,-5.676621,56.04515,9,0.7,-23.76905,184.7794
13.41577,NaN,NaN,NaN,-6.125437,2.878854,0.04588409,-0.0716088,0.002234496,-0.02124528,-0.9972041,-6.046007,2.898578,0.05434477,-0.02857617,-0.1407972,0.9896259,8,-5.7,-5.358543,53.78191,9,0.7,-23.45098,182.5162
13.43341,NaN,NaN,NaN,-6.262422,2.875164,0.04433067,-0.07219335,0.004940093,-0.02386443,-0.9970928,-6.167771,2.898578,0.05434477,-0.02857617,-0.1407972,0.9896259,8,-5.7,-5.125658,52.12484,9,0.7,-23.21809,180.8591
13.45734,NaN,NaN,NaN,-6.5249,2.869276,0.04157515,-0.07238365,0.009251796,-0.0264241,-0.9969839,-6.443377,2.887998,0.05001247,-0.02545093,-0.1411943,0.9896547,8,-5.7,-4.808881,49.87085,9,0.7,-22.90131,178.6051
13.47479,NaN,NaN,NaN,-6.644754,2.866105,0.04035574,-0.0698775,0.01179001,-0.02677022,-0.9971266,-6.588681,2.87806,0.04582858,-0.02372245,-0.1438757,0.9893114,8,-5.7,-4.578398,48.23088,9,0.7,-22.67083,176.9652
13.49915,NaN,NaN,NaN,-6.870454,2.858829,0.03742342,-0.06708246,0.0156141,-0.02774771,-0.9972394,-6.789303,2.87806,0.04582858,-0.02372245,-0.1438757,0.9893114,8,-5.7,-4.256769,45.94237,9,0.7,-22.3492,174.6767
13.51666,NaN,NaN,NaN,-6.969022,2.855071,0.0357121,-0.06783167,0.01724189,-0.03048781,-0.9970818,-6.912401,2.869626,0.04223168,-0.02079201,-0.1416446,0.9896992,8,-5.7,-4.024668,44.29089,9,0.7,-22.1171,173.0252
13.54089,NaN,NaN,NaN,-7.153864,2.848304,0.03288802,-0.06826967,0.02056485,-0.0381561,-0.9967248,-7.108726,2.861539,0.03881574,-0.01435834,-0.1379913,0.9903294,8,-5.7,-3.704299,42.01134,9,0.7,-21.79673,170.7456
13.55841,NaN,NaN,NaN,-7.23415,2.845245,0.03172963,-0.06767268,0.02213058,-0.03993037,-0.9966626,-7.180091,2.861539,0.03881574,-0.01435834,-0.1379913,0.9903294,8,-5.7,-3.472773,40.36396,9,0.7,-21.56521,169.0983
13.58276,NaN,NaN,NaN,-7.375699,2.840136,0.02950568,-0.06683166,0.02442919,-0.04104911,-0.9966201,-7.333652,2.853263,0.03532803,-0.009111355,-0.1381129,0.9903746,8,-5.7,-3.150643,38.07188,9,0.7,-21.24308,166.8062
13.60046,NaN,NaN,NaN,-7.432329,2.837703,0.02811714,-0.06708746,0.02499253,-0.04108153,-0.9965877,-7.38399,2.853263,0.03532803,-0.009111355,-0.1381129,0.9903746,8,-5.7,-2.916475,36.40569,9,0.7,-21.00891,165.14
13.62445,NaN,NaN,NaN,-7.531715,2.832145,0.02476922,-0.07037123,0.02567451,-0.04193739,-0.9963082,-7.495471,2.845533,0.03212047,0.0009128785,-0.144854,0.9894526,8,-5.7,-2.599449,34.14993,9,0.7,-20.69188,162.8842
13.64197,NaN,NaN,NaN,-7.565814,2.830279,0.0234374,-0.07306344,0.02577829,-0.04438176,-0.9960058,-7.5445,2.838822,0.02901888,0.03704225,-0.1422096,0.9891433,8,-5.7,-2.367855,32.50205,9,0.7,-20.46029,161.2364
13.66626,NaN,NaN,NaN,-7.625215,2.82651,0.02134534,-0.07382033,0.0236025,-0.04506429,-0.9959732,-7.597301,2.838822,0.02901888,0.03704225,-0.1422096,0.9891433,8,-5.7,-2.046553,30.21587,9,0.7,-20.13899,158.9502
13.68384,12.85,-54.56081,391.0058,-7.642175,2.824924,0.02063097,-0.07165967,0.02263839,-0.04613992,-0.9961042,-7.626946,2.832737,0.0258081,0.05174864,-0.145043,0.9880711,8,-5.7,-1.814747,28.56649,9,0.7,-19.90718,157.3008
13.70789,NaN,NaN,NaN,-7.655927,2.821415,0.01853137,-0.06821225,0.02037495,-0.04889556,-0.9962637,-7.648853,2.827601,0.02273238,0.0539563,-0.142043,0.9883888,8,-5.7,-1.496157,26.2996,9,0.7,-19.58859,155.0339
13.72571,NaN,NaN,NaN,-7.643562,2.819977,0.01722805,-0.06962902,0.01960522,-0.05261241,-0.9959916,-7.637862,2.827601,0.02273238,0.0539563,-0.142043,0.9883888,8,-5.7,-1.260789,24.62487,9,0.7,-19.35322,153.3592
13.74994,NaN,NaN,NaN,-7.603619,2.816644,0.01488162,-0.07162809,0.01864784,-0.05798025,-0.9955702,-7.607467,2.8233,0.02013242,0.0605396,-0.1383632,0.9885295,8,-5.7,-0.9404572,22.34559,9,0.7,-19.03289,151.0799
13.76776,NaN,NaN,NaN,-7.573609,2.815692,0.01429775,-0.0722006,0.01900844,-0.0593594,-0.9954407,-7.580791,2.8233,0.02013242,0.0605396,-0.1383632,0.9885295,8,-5.7,-0.7050493,20.67058,9,0.7,-18.79748,149.4049
13.7915,NaN,NaN,NaN,-7.498648,2.814364,0.01326866,-0.07056272,0.01816579,-0.05899555,-0.9955955,-7.514354,2.819436,0.01759565,0.06544264,-0.1418336,0.9877249,8,-5.7,-0.3912789,18.43798,9,0.7,-18.48371,147.1723
13.80896,6.604355,-28.13783,200.5702,-7.441508,2.814301,0.01301056,-0.06829496,0.01777847,-0.05837306,-0.9957973,-7.459006,2.81608,0.01537466,0.06913587,-0.1521703,0.9859332,8,-5.7,-0.1599346,16.79189,9,0.7,-18.25237,145.5262
13.83344,6.721181,-28.13785,200.5704,-7.31009,2.816617,0.0132231,-0.06761417,0.01612034,-0.06080314,-0.9957266,-7.342191,2.81608,0.01537466,0.06913587,-0.1521703,0.9859332,8,-5.7,0.1634421,14.49094,9,0.7,-17.92899,143.2253
13.85083,12.85,-32.99166,238.8365,-7.232699,2.818907,0.01368072,-0.0665695,0.01588586,-0.06416017,-0.9955901,-7.263808,2.814115,0.01373065,0.08300236,-0.1477574,0.9855345,8,-5.7,0.3930297,12.85734,9,0.7,-17.69941,141.5916
13.87506,26.16863,-53.59983,381.7418,-7.065671,2.823576,0.0140024,-0.06781936,0.01572572,-0.06863305,-0.9952099,-7.100614,2.814906,0.01320529,0.08589903,-0.1456592,0.9855987,8,-5.7,0.7140491,10.57317,9,0.7,-17.37839,139.3075
13.89252,26.25445,-53.59983,381.7418,-6.969122,2.825515,0.01394963,-0.0711262,0.01530985,-0.06875136,-0.9949774,-7.014793,2.814906,0.01320529,0.08589903,-0.1456592,0.9855987,8,-5.7,0.9446987,8.932012,9,0.7,-17.14774,137.6663
13.91687,27.09995,-54.83389,390.5226,-6.753859,2.830885,0.01395538,-0.07863176,0.01369673,-0.07127193,-0.9942585,-6.804167,2.818852,0.01363039,0.08557426,-0.1455161,0.9856481,8,-5.7,1.266192,6.644468,9,0.7,-16.82624,135.3788
13.93481,27.20662,-54.83373,390.5215,-6.63374,2.834853,0.01442342,-0.08099589,0.0127499,-0.07531749,-0.9937829,-6.697394,2.818852,0.01363039,0.08557426,-0.1455161,0.9856481,8,-5.7,1.503882,4.953217,9,0.7,-16.58855,133.6875
13.95868,-0.2916856,-9.279553,66.38667,-6.383218,2.842262,0.0155691,-0.08125515,0.01323557,-0.08173041,-0.9932486,-6.451061,2.823985,0.01386464,0.09091607,-0.1786555,0.9797023,8,-5.7,1.819622,2.706611,9,0.7,-16.27281,131.4409
13.97656,-3.356713,-6.912793,49.54629,-6.249087,2.846286,0.01619972,-0.07955516,0.0136869,-0.08083415,-0.9934533,-6.303577,2.830771,0.0142349,0.05827619,-0.1926853,0.9795286,8,-5.7,2.055979,1.024841,9,0.7,-16.03646,129.7591
14.00085,-3.108289,-6.912794,49.5463,-5.969611,2.854221,0.01744064,-0.07672049,0.01338926,-0.0758182,-0.9940757,-6.055155,2.830771,0.0142349,0.05827619,-0.1926853,0.9795286,9,0.7,-15.71524,127.4735,10,-5.7,-33.80777,256.2083
14.01794,-2.700153,-7.42258,53.17361,-5.819699,2.858213,0.0183814,-0.07541779,0.01279911,-0.07387909,-0.9943291,-5.889708,2.839133,0.01526153,0.05881139,-0.1892131,0.9801733,9,0.7,-15.48931,125.866,10,-5.7,-33.58185,254.6008
14.04224,11.126,-37.07727,264.1775,-5.501834,2.865737,0.01969935,-0.07486769,0.01121908,-0.07274806,-0.9944731,-5.571965,2.848212,0.01698577,0.06237985,-0.1491527,0.9868446,9,0.7,-15.16853,123.5835,10,-5.7,-33.26107,252.3183
14.06006,11.27829,-37.07728,264.1775,-5.330502,2.869255,0.02027352,-0.07527665,0.01085153,-0.0732906,-0.9944065,-5.419669,2.848212,0.01698577,0.06237985,-0.1491527,0.9868446,9,0.7,-14.93272,121.9057,10,-5.7,-33.02526,250.6404
14.08405,NaN,NaN,NaN,-4.980231,2.87814,0.02216546,-0.07512126,0.01029003,-0.07400925,-0.994371,-5.068821,2.857751,0.01847982,0.06373896,-0.1452233,0.9873437,9,0.7,-14.61571,119.65,10,-5.7,-32.70825,248.3848
14.10211,NaN,NaN,NaN,-4.795197,2.882758,0.02335665,-0.07313785,0.01022795,-0.07411293,-0.9945117,-4.904346,2.857751,0.01847982,0.06373896,-0.1452233,0.9873437,9,0.7,-14.37714,117.9525,10,-5.7,-32.46967,246.6872
14.12573,NaN,NaN,NaN,-4.414658,2.892553,0.02602975,-0.06967124,0.01056949,-0.07535436,-0.9946637,-4.522861,2.867215,0.02010393,0.06234966,-0.1386235,0.9883805,9,0.7,-14.06423,115.7261,10,-5.7,-32.15677,244.4608
14.14349,NaN,NaN,NaN,-4.215034,2.897757,0.02733455,-0.06860217,0.01117378,-0.07541997,-0.9947264,-4.298771,2.877503,0.02232087,0.05104148,-0.136392,0.9893392,9,0.7,-13.82936,114.0548,10,-5.7,-31.92189,242.7896
14.16803,NaN,NaN,NaN,-3.806355,2.908163,0.02991487,-0.06897842,0.01359725,-0.07584221,-0.9946381,-3.935501,2.877503,0.02232087,0.05104148,-0.136392,0.9893392,9,0.7,-13.5053,111.749,10,-5.7,-31.59783,240.4838
14.185,NaN,NaN,NaN,-3.592631,2.912921,0.03109133,-0.07032659,0.01453125,-0.07426257,-0.9946498,-3.695706,2.888855,0.02517056,0.04829907,-0.1370108,0.9893913,9,0.7,-13.28061,110.1503,10,-5.7,-31.37315,238.8851
14.20923,NaN,NaN,NaN,-3.158719,2.922906,0.03397439,-0.07138345,0.01556399,-0.07240205,-0.9946961,-3.257212,2.900864,0.02822602,0.04428413,-0.1375042,0.9895108,9,0.7,-12.96028,107.871,10,-5.7,-31.05282,236.6058
14.22681,NaN,NaN,NaN,-2.93678,2.928104,0.03574366,-0.07019832,0.01566533,-0.07082424,-0.9948923,-3.059933,2.900864,0.02822602,0.04428413,-0.1375042,0.9895108,9,0.7,-12.72801,106.2183,10,-5.7,-30.82054,234.9531
14.25092,NaN,NaN,NaN,-2.484694,2.937598,0.03915893,-0.06627991,0.01605368,-0.06705503,-0.9954159,-2.602421,2.912874,0.03140152,0.03171465,-0.138639,0.9898351,9,0.7,-12.40914,103.9494,10,-5.7,-30.50167,232.6842
14.26953,NaN,NaN,NaN,-2.254587,2.941924,0.04081342,-0.0646896,0.01590156,-0.06565878,-0.9956161,-2.397882,2.912874,0.03140152,0.03171465,-0.138639,0.9898351,9,0.7,-12.16302,102.1982,10,-5.7,-30.25555,230.933
14.29285,NaN,NaN,NaN,-1.796198,2.94925,0.04457162,-0.06207047,0.01477516,-0.06062123,-0.9961196,-1.932069,2.925037,0.03476572,0.01792352,-0.1373417,0.9903616,9,0.7,-11.85487,100.0056,10,-5.7,-29.9474,228.7404
14.3103,NaN,NaN,NaN,-1.565357,2.951474,0.04625517,-0.0612837,0.01474702,-0.05934475,-0.9962454,-1.667164,2.936194,0.03891766,-0.01336275,-0.1252865,0.9920306,9,0.7,-11.62379,98.36137,10,-5.7,-29.71632,227.0961
14.33545,NaN,NaN,NaN,-1.107918,2.956909,0.05041531,-0.06057584,0.01444199,-0.05652214,-0.9964573,-1.260551,2.936194,0.03891766,-0.01336275,-0.1252865,0.9920306,9,0.7,-11.29152,95.99719,10,-5.7,-29.38406,224.732
14.35199,NaN,NaN,NaN,-0.8811209,2.959608,0.05293152,-0.05974446,0.01469366,-0.0555709,-0.9965574,-0.9982425,2.945419,0.04328835,-0.01320753,-0.1200136,0.9926844,9,0.7,-11.07292,94.44174,10,-5.7,-29.16545,223.1765
14.37653,NaN,NaN,NaN,-0.4237125,2.962862,0.05697955,-0.05676091,0.01578329,-0.05340542,-0.9968334,-0.5305367,2.952744,0.04786384,-0.01678041,-0.1260907,0.9918768,9,0.7,-10.74831,92.13199,10,-5.7,-28.84084,220.8668
14.39392,NaN,NaN,NaN,-0.1940764,2.963249,0.05872586,-0.05714294,0.01663128,-0.05286161,-0.9968269,-0.3264157,2.952744,0.04786384,-0.01678041,-0.1260907,0.9918768,9,0.7,-10.51881,90.49904,10,-5.7,-28.61134,219.2338
14.41815,NaN,NaN,NaN,0.2581351,2.964146,0.0629154,-0.05918951,0.01757121,-0.05169861,-0.9967523,0.1367138,2.958481,0.05261683,-0.01645591,-0.1217882,0.9924197,9,0.7,-10.19821,88.21785,10,-5.7,-28.29074,216.9526
14.4361,NaN,NaN,NaN,0.4772729,2.965805,0.06564075,-0.06122797,0.01786528,-0.05079244,-0.9966705,0.331503,2.958481,0.05261683,-0.01645591,-0.1217882,0.9924197,9,0.7,-9.961298,86.53214,10,-5.7,-28.05383,215.2669
14.45996,NaN,NaN,NaN,0.9185052,2.968351,0.07127658,-0.05926241,0.01907452,-0.04754328,-0.9969272,0.7841425,2.961888,0.05779505,-0.02094095,-0.1265812,0.9917352,9,0.7,-9.645252,84.28336,10,-5.7,-27.73778,213.0181
14.47723,NaN,NaN,NaN,1.139075,2.967998,0.07437994,-0.05763407,0.02005113,-0.04683837,-0.9970369,1.039989,2.964322,0.06331098,-0.02054659,-0.129024,0.9914286,9,0.7,-9.41732,82.66154,10,-5.7,-27.50985,211.3963
14.50244,NaN,NaN,NaN,1.574961,2.96774,0.08008035,-0.05616208,0.0224589,-0.04629241,-0.997095,1.427443,2.964322,0.06331098,-0.02054659,-0.129024,0.9914286,9,0.7,-9.084033,80.29008,10,-5.7,-27.17657,209.0249
14.51886,NaN,NaN,NaN,1.792665,2.966613,0.08288085,-0.05558149,0.02396359,-0.04461822,-0.9971688,1.680096,2.966344,0.06926775,-0.02541221,-0.1265,0.9916411,9,0.7,-8.867011,78.7459,10,-5.7,-26.95954,207.4807
14.54346,NaN,NaN,NaN,2.214294,2.965989,0.08960022,-0.05542319,0.02519874,-0.0388975,-0.9973868,2.113287,2.966678,0.07607222,-0.02900744,-0.1253169,0.9916927,9,0.7,-8.541203,76.42766,10,-5.7,-26.63374,205.1624
14.56073,NaN,NaN,NaN,2.424448,2.963963,0.09298262,-0.05435381,0.02611768,-0.03692574,-0.9974969,2.300091,2.966678,0.07607222,-0.02900744,-0.1253169,0.9916927,9,0.7,-8.312938,74.80347,10,-5.7,-26.40547,203.5382
14.58533,NaN,NaN,NaN,2.835603,2.96297,0.1002725,-0.05378098,0.02689032,-0.03331318,-0.9976346,2.722965,2.965702,0.08352089,-0.03545563,-0.1228858,0.9917873,9,0.7,-7.987754,72.48967,10,-5.7,-26.08029,201.2244
14.60339,NaN,NaN,NaN,3.04394,2.961286,0.1039793,-0.05161939,0.02812255,-0.03513181,-0.9976524,2.908153,2.965702,0.08352089,-0.03545563,-0.1228858,0.9917873,9,0.7,-7.749286,70.79288,10,-5.7,-25.84182,199.5276
14.62701,NaN,NaN,NaN,3.450276,2.95889,0.1114468,-0.05001723,0.02818628,-0.03404496,-0.9977699,3.325608,2.963804,0.09153926,-0.03773862,-0.1277872,0.9910834,9,0.7,-7.436587,68.56791,10,-5.7,-25.52912,197.3027
14.64435,NaN,NaN,NaN,3.650122,2.956969,0.1152302,-0.04960668,0.02776089,-0.03308253,-0.9978347,3.55873,2.961513,0.1001492,-0.01766309,-0.1248384,0.9920198,9,0.7,-7.207643,66.93888,10,-5.7,-25.30017,195.6736
14.66949,NaN,NaN,NaN,4.045281,2.954085,0.1225307,-0.05075236,0.02641645,-0.03152999,-0.9978639,3.909983,2.961513,0.1001492,-0.01766309,-0.1248384,0.9920198,9,0.7,-6.875105,64.57275,10,-5.7,-24.96764,193.3075
14.6861,NaN,NaN,NaN,4.24153,2.952883,0.1262098,-0.05319919,0.02495668,-0.03044586,-0.9978077,4.13861,2.958496,0.1089404,-0.01801511,-0.1285456,0.99154,9,0.7,-6.655868,63.0128,10,-5.7,-24.7484,191.7476
14.71057,NaN,NaN,NaN,4.635859,2.947837,0.1335708,-0.05646985,0.02236496,-0.02960223,-0.9977147,4.542316,2.955086,0.1178027,-0.01632925,-0.1299719,0.9913832,9,0.7,-6.332386,60.71111,10,-5.7,-24.42492,189.4459
14.72791,NaN,NaN,NaN,4.830087,2.945799,0.1373971,-0.05855072,0.02094478,-0.02991693,-0.9976162,4.714962,2.955086,0.1178027,-0.01632925,-0.1299719,0.9913832,9,0.7,-6.103095,59.07962,10,-5.7,-24.19563,187.8144
14.75232,NaN,NaN,NaN,5.210821,2.9414,0.1455074,-0.05833754,0.01834069,-0.02748528,-0.9977499,5.105958,2.950956,0.126384,-0.02461957,-0.1359381,0.9904114,9,0.7,-5.779832,56.77948,10,-5.7,-23.87236,185.5142
14.7702,NaN,NaN,NaN,5.398119,2.939192,0.1501038,-0.05761409,0.01749429,-0.02617202,-0.9978425,5.272445,2.950956,0.126384,-0.02461957,-0.1359381,0.9904114,9,0.7,-5.543508,55.09795,10,-5.7,-23.63604,183.8327
14.79407,NaN,NaN,NaN,5.770259,2.934061,0.1592949,-0.05793666,0.01644557,-0.02406996,-0.9978946,5.65516,2.945904,0.1353346,-0.02629398,-0.1362006,0.9903323,9,0.7,-5.227723,52.85102,10,-5.7,-23.32026,181.5858
14.8114,NaN,NaN,NaN,5.954674,2.931129,0.1639425,-0.0587157,0.01586079,-0.02311119,-0.9978812,5.869982,2.940575,0.1453121,-0.02480394,-0.136399,0.9903435,9,0.7,-4.998626,51.22092,10,-5.7,-23.09116,179.9557
14.83655,NaN,NaN,NaN,6.315765,2.92458,0.1730887,-0.06155404,0.01522403,-0.02219662,-0.9977408,6.190952,2.940575,0.1453121,-0.02480394,-0.136399,0.9903435,9,0.7,-4.666428,48.85721,10,-5.7,-22.75896,177.5919
14.85327,NaN,NaN,NaN,6.48856,2.921477,0.1776118,-0.06357639,0.01558609,-0.02207306,-0.9976112,6.394401,2.934641,0.1559982,-0.0349972,-0.1382852,0.9897739,9,0.7,-4.445438,47.28479,10,-5.7,-22.53797,176.0195
14.8775,NaN,NaN,NaN,6.828894,2.914451,0.1870332,-0.06550881,0.01694916,-0.02179126,-0.99747,6.745551,2.927842,0.1669304,-0.04034448,-0.1429857,0.9889022,9,0.7,-4.125049,45.0051,10,-5.7,-22.21758,173.7398
14.89514,NaN,NaN,NaN,6.994167,2.910285,0.1915536,-0.06498015,0.01856796,-0.02328616,-0.9974421,6.89246,2.927842,0.1669304,-0.04034448,-0.1429857,0.9889022,9,0.7,-3.891554,43.34369,10,-5.7,-21.98409,172.0784
14.91925,NaN,NaN,NaN,7.310862,2.902056,0.2003043,-0.06536507,0.01833378,-0.02066128,-0.9974791,7.220922,2.920033,0.1779747,-0.04615584,-0.1406529,0.9889825,9,0.7,-3.572835,41.07589,10,-5.7,-21.66537,169.8106
14.93774,NaN,NaN,NaN,7.459253,2.897072,0.2042035,-0.06680047,0.01729554,-0.01935003,-0.9974288,7.352826,2.920033,0.1779747,-0.04615584,-0.1406529,0.9889825,9,0.7,-3.328595,39.33803,10,-5.7,-21.42113,168.0728
14.96106,NaN,NaN,NaN,7.739873,2.886895,0.2113449,-0.07143097,0.01734401,-0.01571659,-0.9971709,7.647189,2.911171,0.1890059,-0.06405609,-0.1386883,0.9882623,9,0.7,-3.020566,37.14629,10,-5.7,-21.1131,165.881
14.97876,NaN,NaN,NaN,7.866132,2.882018,0.2149236,-0.07386471,0.01754695,-0.01219157,-0.9970394,7.801622,2.900979,0.1993647,-0.06515414,-0.1403424,0.9879569,9,0.7,-2.786524,35.48099,10,-5.7,-20.87906,164.2157
15.00323,NaN,NaN,NaN,8.105248,2.873129,0.2219811,-0.07714498,0.01591627,-0.004801666,-0.9968813,8.014171,2.900979,0.1993647,-0.06515414,-0.1403424,0.9879569,9,0.7,-2.46245,33.17509,10,-5.7,-20.55498,161.9098
15.02039,-12.85,-44.09501,316.8611,8.210047,2.868907,0.225547,-0.0771964,0.0132981,-0.0008353647,-0.9969268,8.145889,2.889563,0.2086902,-0.0654471,-0.1464574,0.9870496,9,0.7,-2.235849,31.56274,10,-5.7,-20.32838,160.2975
15.04474,NaN,NaN,NaN,8.399405,2.859899,0.2317899,-0.07669988,0.009625077,0.003317622,-0.9970023,8.348599,2.8783,0.217326,-0.07181874,-0.1438817,0.9869854,9,0.7,-1.913969,29.27245,10,-5.7,-20.0065,158.0072
15.06226,NaN,NaN,NaN,8.475609,2.855697,0.2347254,-0.07527217,0.007598065,0.006173234,-0.997115,8.416336,2.8783,0.217326,-0.07181874,-0.1438817,0.9869854,9,0.7,-1.682536,27.62572,10,-5.7,-19.77507,156.3604
15.08636,NaN,NaN,NaN,8.615786,2.846986,0.2398451,-0.07551757,0.003319748,0.01013957,-0.9970874,8.570532,2.867453,0.2254546,-0.06760557,-0.140442,0.9877781,9,0.7,-1.363786,25.35769,10,-5.7,-19.45632,154.0924
15.10425,NaN,NaN,NaN,8.671594,2.842634,0.2419047,-0.07816146,0.0004620329,0.01148639,-0.9968744,8.620139,2.867453,0.2254546,-0.06760557,-0.140442,0.9877781,9,0.7,-1.127182,23.67416,10,-5.7,-19.21971,152.4089
15.12805,NaN,NaN,NaN,8.758952,2.835105,0.2455225,-0.0824149,-0.00433097,0.01271922,-0.9965076,8.722243,2.856894,0.2329006,-0.06826194,-0.1382166,0.9880468,9,0.7,-0.8122185,21.43308,10,-5.7,-18.90475,150.1678
15.14551,NaN,NaN,NaN,8.786909,2.831673,0.2471625,-0.08310153,-0.006709874,0.0129672,-0.9964342,8.766136,2.846605,0.2391078,-0.06685009,-0.1418787,0.9876242,9,0.7,-0.5813823,19.7906,10,-5.7,-18.67391,148.5253
15.17004,NaN,NaN,NaN,8.826693,2.825078,0.250002,-0.0826932,-0.01079292,0.0119079,-0.9964455,8.801499,2.846605,0.2391078,-0.06685009,-0.1418787,0.9876242,9,0.7,-0.2570396,17.48278,10,-5.7,-18.34957,146.2175
15.18713,-12.85,-43.49387,310.5187,8.831886,2.821876,0.250782,-0.08315098,-0.01305732,0.01144587,-0.9963858,8.819636,2.837102,0.2440188,-0.06891015,-0.147334,0.9866834,9,0.7,-0.03127521,15.87638,10,-5.7,-18.12381,144.6111
15.21173,-21.89524,-51.35558,392.5314,8.818965,2.816675,0.2519067,-0.08595751,-0.01683777,0.01140882,-0.9960912,8.81649,2.828561,0.2479435,-0.07732115,-0.1364163,0.9876295,9,0.7,0.2937342,13.56382,10,-5.7,-17.7988,142.2986
15.229,-21.73453,-51.03869,390.2372,8.797701,2.814994,0.2523412,-0.08537531,-0.01676438,0.01032615,-0.9961543,8.797588,2.828561,0.2479435,-0.07732115,-0.1364163,0.9876295,9,0.7,0.5223281,11.93729,10,-5.7,-17.5702,140.672
15.25348,NaN,NaN,NaN,8.735908,2.811548,0.2522866,-0.08192637,-0.01714714,0.007512112,-0.9964626,8.745921,2.820987,0.25072,-0.07788099,-0.1388769,0.9872425,9,0.7,0.8460767,9.633701,10,-5.7,-17.24645,138.3685
15.27087,NaN,NaN,NaN,8.690351,2.809753,0.2515528,-0.08028004,-0.01948413,0.008566721,-0.9965451,8.705426,2.820987,0.25072,-0.07788099,-0.1388769,0.9872425,9,0.7,1.076145,7.99668,10,-5.7,-17.01639,136.7314
15.29547,NaN,NaN,NaN,8.58096,2.807459,0.2499432,-0.07788523,-0.02225824,0.00656324,-0.9966922,8.605747,2.8152,0.2519614,-0.07244126,-0.1345033,0.9882617,9,0.7,1.400957,5.68552,10,-5.7,-16.69157,134.4203
15.31256,NaN,NaN,NaN,8.511329,2.806882,0.2489074,-0.07609273,-0.0229974,0.005109365,-0.9968224,8.536145,2.810723,0.2518392,-0.01674593,-0.1234884,0.9922047,9,0.7,1.62699,4.077212,10,-5.7,-16.46554,132.812
15.3374,NaN,NaN,NaN,8.358593,2.806829,0.2467118,-0.0747411,-0.02497382,0.002929237,-0.996886,8.400379,2.810723,0.2518392,-0.01674593,-0.1234884,0.9922047,9,0.7,1.955895,1.736933,10,-5.7,-16.13664,130.4717
15.35443,NaN,NaN,NaN,8.270898,2.808203,0.2453372,-0.07498229,-0.02570483,0.001243163,-0.9968528,8.309856,2.807471,0.2505721,-0.01084879,-0.1179636,0.9929587,9,0.7,2.180628,0.1378751,10,-5.7,-15.9119,128.8726
15.37878,NaN,NaN,NaN,8.0748,2.812365,0.2422624,-0.07338778,-0.02871034,0.0001426032,-0.9968902,8.118057,2.806118,0.2483044,-0.01413757,-0.1225,0.9923678,10,-5.7,-15.59016,126.5833,11,5.7,-34.08844,258.2057
15.396,NaN,NaN,NaN,7.963953,2.815933,0.2406355,-0.07237134,-0.02980079,-0.000724203,-0.9969321,8.019527,2.806118,0.2483044,-0.01413757,-0.1225,0.9923678,10,-5.7,-15.36203,124.9601,11,5.7,-33.86031,256.5825
15.42053,NaN,NaN,NaN,7.727147,2.824945,0.2373649,-0.07111905,-0.03053252,-0.003133655,-0.9969955,7.786833,2.807815,0.2451512,-0.01133833,-0.1264046,0.991914,10,-5.7,-15.03812,122.6553,11,5.7,-33.53639,254.2777
15.43787,NaN,NaN,NaN,7.599225,2.829433,0.2355208,-0.07081687,-0.02935348,-0.00546072,-0.9970424,7.673125,2.807815,0.2451512,-0.01133833,-0.1264046,0.991914,10,-5.7,-14.80906,121.0255,11,5.7,-33.30733,252.6478
15.46228,NaN,NaN,NaN,7.334334,2.839029,0.2315068,-0.07105839,-0.02798435,-0.007712518,-0.9970497,7.411006,2.813598,0.2415336,-0.009260532,-0.1241296,0.9922228,10,-5.7,-14.48591,118.7262,11,5.7,-32.98419,250.3485
15.47955,NaN,NaN,NaN,7.193312,2.844242,0.229159,-0.07100939,-0.02679658,-0.008289244,-0.9970812,7.254994,2.822631,0.2376866,-0.01684244,-0.1271359,0.9917423,10,-5.7,-14.25774,117.1026,11,5.7,-32.75601,248.725
15.50421,NaN,NaN,NaN,6.898324,2.855634,0.2245073,-0.06878583,-0.0239915,-0.007879633,-0.9973118,6.992783,2.822631,0.2376866,-0.01684244,-0.1271359,0.9917423,10,-5.7,-13.9317,114.7828,11,5.7,-32.42998,246.4052
15.52136,NaN,NaN,NaN,6.743551,2.861513,0.2220948,-0.06674747,-0.02201899,-0.00711319,-0.9975016,6.821035,2.833859,0.2330106,-0.01879424,-0.1315488,0.9911315,10,-5.7,-13.70503,113.1699,11,5.7,-32.20331,244.7923
15.54572,NaN,NaN,NaN,6.425673,2.872279,0.216918,-0.06222304,-0.01928185,-0.005766463,-0.9978594,6.501191,2.846556,0.2277426,-0.02148028,-0.1315911,0.9910713,10,-5.7,-13.38236,110.874,11,5.7,-31.88064,242.4964
15.56323,NaN,NaN,NaN,6.261468,2.877479,0.2142672,-0.06071087,-0.01825361,-0.005147416,-0.9979752,6.35523,2.846556,0.2277426,-0.02148028,-0.1315911,0.9910713,10,-5.7,-13.1514,109.2306,11,5.7,-31.64967,240.853
15.58752,NaN,NaN,NaN,5.925698,2.887284,0.2082885,-0.05922245,-0.01701055,-0.003401313,-0.9980941,6.016739,2.859913,0.2220092,-0.0214989,-0.1252904,0.9918872,10,-5.7,-12.82977,106.9421,11,5.7,-31.32804,238.5645
15.6051,NaN,NaN,NaN,5.749953,2.892292,0.205299,-0.05958957,-0.01663674,-0.002145706,-0.998082,5.860522,2.859913,0.2220092,-0.0214989,-0.1252904,0.9918872,10,-5.7,-12.59748,105.2892,11,5.7,-31.09575,236.9116
15.62933,NaN,NaN,NaN,5.392526,2.902438,0.1994978,-0.05829871,-0.01536099,-0.0006789879,-0.9981808,5.500519,2.872836,0.2157543,-0.01413415,-0.1252204,0.9920283,10,-5.7,-12.27714,103.0099,11,5.7,-30.77542,234.6323
15.64679,NaN,NaN,NaN,5.208823,2.907555,0.1967221,-0.05702808,-0.01461645,-0.0002376642,-0.9982656,5.292544,2.885137,0.2089287,-0.01629852,-0.1298035,0.9914058,10,-5.7,-12.04662,101.3697,11,5.7,-30.5449,232.9921
15.67108,NaN,NaN,NaN,4.836135,2.91789,0.1913007,-0.05538528,-0.01376508,0.001416564,-0.9983692,4.961267,2.885137,0.2089287,-0.01629852,-0.1298035,0.9914058,10,-5.7,-11.72515,99.08229,11,5.7,-30.22342,230.7047
15.68854,NaN,NaN,NaN,4.644568,2.922951,0.1883569,-0.05546717,-0.01335664,0.002468505,-0.9983681,4.744236,2.897225,0.2019607,-0.01983335,-0.1276778,0.9916174,10,-5.7,-11.4945,97.44117,11,5.7,-29.99278,229.0635
15.71283,NaN,NaN,NaN,4.257885,2.932422,0.1826282,-0.05759509,-0.01240618,0.004948292,-0.9982507,4.351838,2.909322,0.1949891,-0.04793261,-0.1304215,0.9902993,10,-5.7,-11.17331,95.15578,11,5.7,-29.67159,226.7782
15.73041,NaN,NaN,NaN,4.061134,2.937545,0.1800418,-0.05908762,-0.01174759,0.006198976,-0.9981645,4.176949,2.909322,0.1949891,-0.04793261,-0.1304215,0.9902993,10,-5.7,-10.94057,93.49971,11,5.7,-29.43884,225.1221
15.7547,NaN,NaN,NaN,3.666786,2.947162,0.1748804,-0.05986332,-0.009954422,0.00786011,-0.998126,3.776249,2.921379,0.1882634,-0.05069357,-0.1314912,0.9900203,10,-5.7,-10.6193,91.21379,11,5.7,-29.11758,222.8362
15.77209,NaN,NaN,NaN,3.466977,2.951087,0.1721834,-0.06042477,-0.00888677,0.008567401,-0.9980965,3.598641,2.921379,0.1882634,-0.05069357,-0.1314912,0.9900203,10,-5.7,-10.38962,89.57951,11,5.7,-28.88789,221.2019
15.79639,NaN,NaN,NaN,3.064481,2.958208,0.1665925,-0.0611062,-0.007429779,0.009630685,-0.9980572,3.189447,2.933227,0.1817684,-0.05079925,-0.1330041,0.9898128,10,-5.7,-10.06835,87.29356,11,5.7,-28.56662,218.9159
15.81427,NaN,NaN,NaN,2.861411,2.960879,0.1633408,-0.06080849,-0.006791092,0.01048451,-0.9980713,2.956527,2.944341,0.1752981,-0.05492599,-0.1399275,0.9886371,10,-5.7,-9.831782,85.6103,11,5.7,-28.33006,217.2327
15.8382,NaN,NaN,NaN,2.456676,2.96589,0.1577044,-0.05783642,-0.005883373,0.01238697,-0.9982319,2.596763,2.944341,0.1752981,-0.05492599,-0.1399275,0.9886371,10,-5.7,-9.515387,83.35902,11,5.7,-28.01366,214.9814
15.85596,-29.86468,-49.83654,354.9647,2.252706,2.967844,0.1552709,-0.0547447,-0.005885549,0.01346693,-0.9983922,2.362231,2.953618,0.1682636,-0.08948263,-0.1465795,0.9851434,10,-5.7,-9.28108,81.69185,11,5.7,-27.77935,213.3142
15.88007,-22.60967,-33.66899,252.3568,1.843116,2.970048,0.1497815,-0.0489056,-0.005839542,0.01535645,-0.9986683,1.944414,2.960932,0.1617327,-0.09590633,-0.1430736,0.9850543,10,-5.7,-8.962066,79.42194,11,5.7,-27.46034,211.0443
15.89783,-22.57742,-33.34625,250.1348,1.636009,2.970467,0.1467562,-0.04761171,-0.005491137,0.01639167,-0.9987163,1.76032,2.960932,0.1617327,-0.09590633,-0.1430736,0.9850543,10,-5.7,-8.727121,77.75022,11,5.7,-27.22539,209.3726
15.92188,-22.15642,-30.48713,246.4514,1.221327,2.970803,0.1411081,-0.04622762,-0.005031601,0.01876322,-0.998742,1.337621,2.966142,0.1552869,-0.09410208,-0.1339923,0.9865044,10,-5.7,-8.409596,75.49091,11,5.7,-26.90787,207.1133
15.93945,-22.12302,-30.17749,244.1717,1.014265,2.971315,0.1384555,-0.04601048,-0.004697494,0.01961355,-0.9987373,1.153567,2.966142,0.1552869,-0.09410208,-0.1339923,0.9865044,10,-5.7,-8.177128,73.83681,11,5.7,-26.6754,205.4592
15.96356,NaN,NaN,NaN,0.6025513,2.971179,0.133386,-0.04260187,-0.005071834,0.02172767,-0.998843,0.7329994,2.968858,0.1485579,-0.0928645,-0.1379124,0.9860813,10,-5.7,-7.857975,71.56592,11,5.7,-26.35625,203.1883
15.98077,NaN,NaN,NaN,0.3959322,2.970767,0.1308479,-0.04446959,-0.006361984,0.02355201,-0.9987128,0.4943649,2.970047,0.1419096,-0.08840127,-0.1424321,0.985849,10,-5.7,-7.630578,69.94791,11,5.7,-26.12885,201.5703
16.00513,NaN,NaN,NaN,-0.01315858,2.971278,0.1261114,-0.04169654,-0.008965939,0.02711862,-0.998722,0.1307287,2.970047,0.1419096,-0.08840127,-0.1424321,0.985849,10,-5.7,-7.308442,67.65579,11,5.7,-25.80672,199.2782
16.02264,NaN,NaN,NaN,-0.2188078,2.970763,0.1238828,-0.04187911,-0.01088694,0.02930376,-0.9986336,-0.1070467,2.970287,0.1356609,-0.08236788,-0.1384025,0.9869449,10,-5.7,-7.077106,66.00974,11,5.7,-25.57538,197.6321
16.04688,NaN,NaN,NaN,-0.6264042,2.970179,0.1191413,-0.0407472,-0.01346898,0.03172387,-0.998575,-0.5241064,2.970208,0.1297314,-0.07853043,-0.1365776,0.9875118,10,-5.7,-6.756335,63.72734,11,5.7,-25.25461,195.3497
16.06445,NaN,NaN,NaN,-0.8294176,2.96936,0.1169134,-0.03955554,-0.01465781,0.03271076,-0.9985743,-0.7045628,2.970208,0.1297314,-0.07853043,-0.1365776,0.9875118,10,-5.7,-6.524554,62.07814,11,5.7,-25.02283,193.7005
16.08868,NaN,NaN,NaN,-1.231557,2.969314,0.113172,-0.0375745,-0.01719514,0.03463802,-0.9985453,-1.116619,2.969607,0.1239088,-0.07396521,-0.1433074,0.9869104,10,-5.7,-6.203904,59.79659,11,5.7,-24.70218,191.419
16.10614,NaN,NaN,NaN,-1.429493,2.96796,0.1110609,-0.03607459,-0.01741954,0.0335976,-0.9986323,-1.346733,2.96882,0.1185663,-0.07111896,-0.140901,0.987466,10,-5.7,-5.972934,58.15315,11,5.7,-24.47121,189.7755
16.13043,NaN,NaN,NaN,-1.821716,2.964978,0.1072542,-0.03661307,-0.01901902,0.03300862,-0.9986032,-1.695375,2.96882,0.1185663,-0.07111896,-0.140901,0.987466,10,-5.7,-5.652298,55.87172,11,5.7,-24.15057,187.4941
16.14807,NaN,NaN,NaN,-2.015678,2.963004,0.1051845,-0.035347,-0.01997053,0.03177596,-0.9986702,-1.921302,2.967599,0.1136627,-0.07109165,-0.1449189,0.9868863,10,-5.7,-5.418379,54.20729,11,5.7,-23.91665,185.8297
16.17224,-22.94209,-42.57513,303.9557,-2.396004,2.960501,0.1022475,-0.03318032,-0.02231113,0.03131818,-0.9987094,-2.311975,2.965001,0.1089777,-0.06699562,-0.1478901,0.9867321,10,-5.7,-5.098779,51.93322,11,5.7,-23.59705,183.5556
16.1897,-22.95508,-42.23524,301.6879,-2.583837,2.958466,0.1006053,-0.03123668,-0.02407453,0.03222077,-0.9987025,-2.478938,2.965001,0.1089777,-0.06699562,-0.1478901,0.9867321,10,-5.7,-4.868201,50.29257,11,5.7,-23.36648,181.915
16.21405,-22.66136,-52.51184,379.3776,-2.953349,2.953939,0.09757134,-0.0292429,-0.02723425,0.03224376,-0.9986809,-2.858907,2.961666,0.1047443,-0.05159315,-0.1445302,0.9881545,10,-5.7,-4.546187,48.00132,11,5.7,-23.04446,179.6237
16.23163,-22.70006,-52.1681,377.0274,-3.134936,2.95163,0.09625325,-0.02935278,-0.02870975,0.03246899,-0.998629,-3.020318,2.961666,0.1047443,-0.05159315,-0.1445302,0.9881545,10,-5.7,-4.314334,46.3516,11,5.7,-22.81261,177.974
16.25598,NaN,NaN,NaN,-3.492582,2.946302,0.09343369,-0.02904723,-0.03092174,0.03166998,-0.9985976,-3.388614,2.957452,0.100872,0.02113268,-0.1297302,0.9913241,10,-5.7,-3.99202,44.05822,11,5.7,-22.4903,175.6806
16.27332,NaN,NaN,NaN,-3.668171,2.944057,0.09231137,-0.02978942,-0.03168134,0.03062661,-0.9985844,-3.59382,2.952255,0.09729266,0.027713,-0.126985,0.9915174,10,-5.7,-3.762927,42.42813,11,5.7,-22.2612,174.0505
16.29749,NaN,NaN,NaN,-4.017121,2.938589,0.08988338,-0.02894826,-0.03228743,0.02781622,-0.998672,-3.903998,2.952255,0.09729266,0.027713,-0.126985,0.9915174,10,-5.7,-3.442978,40.15158,11,5.7,-21.94125,171.774
16.31525,NaN,NaN,NaN,-4.189128,2.935215,0.08893119,-0.02911632,-0.03158625,0.02570258,-0.9987462,-4.104908,2.946305,0.09389436,0.03515511,-0.1288833,0.9910365,10,-5.7,-3.208678,38.48445,11,5.7,-21.70695,170.1069
16.33936,NaN,NaN,NaN,-4.522848,2.92962,0.08751191,-0.02811653,-0.02865045,0.01874786,-0.9990181,-4.448299,2.939929,0.09098661,0.03339561,-0.1279418,0.9912193,10,-5.7,-2.889741,36.21509,11,5.7,-21.38802,167.8375
16.35687,NaN,NaN,NaN,-4.684123,2.926856,0.08723076,-0.02684631,-0.02625673,0.01410441,-0.9991951,-4.591655,2.939929,0.09098661,0.03339561,-0.1279418,0.9912193,10,-5.7,-2.658385,34.56891,11,5.7,-21.15666,166.1913
16.38104,NaN,NaN,NaN,-4.999289,2.921245,0.08668928,-0.02468186,-0.02113872,0.004571734,-0.9994614,-4.917227,2.933118,0.08875406,0.03312743,-0.1261234,0.9914613,10,-5.7,-2.338428,32.2923,11,5.7,-20.8367,163.9147
16.3988,NaN,NaN,NaN,-5.154291,2.918182,0.08655266,-0.02436659,-0.018356,0.0004439305,-0.9995345,-5.055007,2.933118,0.08875406,0.03312743,-0.1261234,0.9914613,10,-5.7,-2.104034,30.6245,11,5.7,-20.60231,162.2469
16.42291,NaN,NaN,NaN,-5.458326,2.911178,0.08654211,-0.0247681,-0.01325855,-0.006299949,-0.9995855,-5.369058,2.926266,0.08739686,0.02672343,-0.1269498,0.9915491,10,-5.7,-1.784656,28.35201,11,5.7,-20.28293,159.9744
16.44049,NaN,NaN,NaN,-5.605412,2.907508,0.08675675,-0.02500399,-0.01073104,-0.01032855,-0.9995764,-5.542045,2.919077,0.08680081,0.02420587,-0.1249387,0.9918692,10,-5.7,-1.552141,26.69757,11,5.7,-20.05042,158.32
16.46466,NaN,NaN,NaN,-5.886922,2.900759,0.08738814,-0.02431638,-0.003857806,-0.02391082,-0.9994109,-5.792275,2.919077,0.08680081,0.02420587,-0.1249387,0.9918692,10,-5.7,-1.233008,24.42682,11,5.7,-19.73128,156.0492
16.48224,NaN,NaN,NaN,-6.02257,2.896893,0.08774979,-0.02363013,0.0006894693,-0.03285993,-0.9991804,-5.95333,2.911298,0.08666003,0.01411339,-0.1286024,0.9915958,10,-5.7,-1.000527,22.77264,11,5.7,-19.4988,154.395
16.50647,NaN,NaN,NaN,-6.288039,2.888286,0.08823301,-0.02361133,0.01018266,-0.04697822,-0.998565,-6.22783,2.903018,0.08709335,0.002094576,-0.1325819,0.9911699,10,-5.7,-0.6801948,20.49336,11,5.7,-19.17847,152.1158
16.52423,NaN,NaN,NaN,-6.415352,2.883175,0.08829499,-0.02419067,0.0151044,-0.05156966,-0.9982621,-6.340997,2.903018,0.08709335,0.002094576,-0.1325819,0.9911699,10,-5.7,-0.4456353,18.82438,11,5.7,-18.94391,150.4468
16.54803,NaN,NaN,NaN,-6.654582,2.872849,0.08810642,-0.02664423,0.02495315,-0.06280434,-0.997358,-6.590323,2.893747,0.08771944,-0.009432225,-0.1374872,0.9904586,10,-5.7,-0.1303637,16.5811,11,5.7,-18.62864,148.2035
16.56598,NaN,NaN,NaN,-6.760487,2.867839,0.08768439,-0.02937123,0.02969296,-0.06993705,-0.9966767,-6.684461,2.893747,0.08771944,-0.009432225,-0.1374872,0.9904586,10,-5.7,0.106493,14.89578,11,5.7,-18.39178,146.5182
16.58984,NaN,NaN,NaN,-6.954917,2.85757,0.08681852,-0.034104,0.03938947,-0.08471947,-0.9950418,-6.89191,2.882851,0.08804834,-0.009414217,-0.1413194,0.9899193,10,-5.7,0.4220648,12.65037,11,5.7,-18.07621,144.2728
16.60779,NaN,NaN,NaN,-7.043121,2.852562,0.08619621,-0.03567729,0.04405864,-0.08846752,-0.9944645,-7.001284,2.870956,0.08781826,0.001174742,-0.1460921,0.9892703,10,-5.7,0.6597175,10.95938,11,5.7,-17.83856,142.5818
16.63165,NaN,NaN,NaN,-7.201252,2.843164,0.08482425,-0.03784632,0.05302995,-0.09489597,-0.9933531,-7.141844,2.870956,0.08781826,0.001174742,-0.1460921,0.9892703,10,-5.7,0.9750049,8.715999,11,5.7,-17.52327,140.3384
16.64941,-6.627831,-54.02227,384.7477,-7.26374,2.838698,0.08389117,-0.03903767,0.05707176,-0.09830814,-0.9927509,-7.224436,2.858793,0.08694601,0.001534309,-0.1462824,0.9892417,10,-5.7,1.209587,7.04686,11,5.7,-17.28869,138.6693
16.6734,NaN,NaN,NaN,-7.368595,2.830127,0.08155732,-0.04455718,0.06424798,-0.1075045,-0.9911255,-7.340621,2.847248,0.08570778,-0.00666676,-0.1386846,0.9903142,10,-5.7,1.526644,4.79088,11,5.7,-16.97163,136.4133
16.69122,NaN,NaN,NaN,-7.405197,2.82654,0.08025365,-0.04804001,0.06707145,-0.1118991,-0.9902889,-7.373157,2.847248,0.08570778,-0.00666676,-0.1386846,0.9903142,10,-5.7,1.762903,3.109811,11,5.7,-16.73537,134.7322
16.71527,NaN,NaN,NaN,-7.460524,2.819882,0.07798541,-0.05077645,0.07278929,-0.1178551,-0.989057,-7.440135,2.836278,0.08344638,0.003757331,-0.1405928,0.9900603,10,-5.7,2.080438,0.8504307,11,5.7,-16.41784,132.4728
16.73322,NaN,NaN,NaN,-7.473343,2.816874,0.07693356,-0.05009568,0.07515069,-0.1199287,-0.9886657,-7.45153,2.836278,0.08344638,0.003757331,-0.1405928,0.9900603,11,5.7,-16.18032,130.7828,12,-5.7,-34.8217,263.4232
16.75702,NaN,NaN,NaN,-7.480405,2.811149,0.07502936,-0.04870027,0.07946435,-0.1242974,-0.9878582,-7.470199,2.826637,0.08066022,0.004066436,-0.1393628,0.9902331,11,5.7,-15.86556,128.5432,12,-5.7,-34.50695,261.1836
16.77539,NaN,NaN,NaN,-7.467241,2.80878,0.07433341,-0.04682598,0.08163124,-0.1281623,-0.9872782,-7.465713,2.818478,0.07791913,0.006498702,-0.1404553,0.9900657,11,5.7,-15.62296,126.817,12,-5.7,-34.26435,259.4574
16.79883,NaN,NaN,NaN,-7.422525,2.804082,0.07270627,-0.0453711,0.08614182,-0.1352488,-0.9860167,-7.425965,2.818478,0.07791913,0.006498702,-0.1404553,0.9900657,11,5.7,-15.31271,124.6094,12,-5.7,-33.95409,257.2498
16.81683,NaN,NaN,NaN,-7.383235,2.801147,0.07172248,-0.04624161,0.0876855,-0.1348002,-0.9859016,-7.393032,2.811546,0.07557249,0.0950451,-0.1387743,0.9857526,11,5.7,-15.07478,122.9165,12,-5.7,-33.71617,255.5569
16.84058,NaN,NaN,NaN,-7.289567,2.795728,0.07015783,-0.04595697,0.09077786,-0.1337438,-0.9857789,-7.306302,2.805351,0.0734669,0.0903604,-0.1381918,0.9862748,11,5.7,-14.76141,120.6867,12,-5.7,-33.4028,253.3271
16.8587,NaN,NaN,NaN,-7.224787,2.793748,0.06992126,-0.04396494,0.09173222,-0.1330631,-0.9858735,-7.24872,2.805351,0.0734669,0.0903604,-0.1381918,0.9862748,11,5.7,-14.52168,118.9809,12,-5.7,-33.16306,251.6213
16.88232,24.85476,-40.7305,314.382,-7.071343,2.790475,0.06948829,-0.03934786,0.09259433,-0.136021,-0.9855843,-7.103437,2.799132,0.07150447,0.1002089,-0.1364926,0.9855597,11,5.7,-14.20925,116.7579,12,-5.7,-32.85064,249.3983
16.90051,24.70324,-40.40892,312.06,-6.976194,2.789565,0.06933434,-0.03742528,0.09404344,-0.1405027,-0.984893,-7.01886,2.799132,0.07150447,0.1002089,-0.1364926,0.9855597,11,5.7,-13.96826,115.0431,12,-5.7,-32.60964,247.6835
16.92407,NaN,NaN,NaN,-6.776441,2.789335,0.06961571,-0.03657652,0.0968712,-0.1462522,-0.9838132,-6.826717,2.793624,0.06992459,0.1070381,-0.1313169,0.9855449,11,5.7,-13.65732,112.8308,12,-5.7,-32.29871,245.4711
16.94196,NaN,NaN,NaN,-6.663829,2.78991,0.07005049,-0.03619205,0.09752142,-0.1449352,-0.9839581,-6.706316,2.789954,0.06933057,0.1094531,-0.1360763,0.9846336,11,5.7,-13.42105,111.1496,12,-5.7,-32.06244,243.7899
16.96582,NaN,NaN,NaN,-6.417851,2.792952,0.0716494,-0.03397176,0.09869152,-0.1466046,-0.9836732,-6.487669,2.789954,0.06933057,0.1094531,-0.1360763,0.9846336,11,5.7,-13.10528,108.9028,12,-5.7,-31.74667,241.5432
16.9837,NaN,NaN,NaN,-6.276352,2.795089,0.07216239,-0.03406937,0.09893858,-0.1508964,-0.9829957,-6.336455,2.788761,0.06962323,0.1098397,-0.1332817,0.9849727,11,5.7,-12.86883,107.2203,12,-5.7,-31.51022,239.8607
17.00751,NaN,NaN,NaN,-5.980578,2.800124,0.07334953,-0.0381659,0.100581,-0.1584958,-0.9814815,-6.043007,2.790596,0.07084334,0.1119519,-0.1376529,0.9841333,11,5.7,-12.55391,104.9796,12,-5.7,-31.1953,237.62
17.02563,NaN,NaN,NaN,-5.821774,2.803292,0.07401188,-0.04073691,0.1011578,-0.1572432,-0.9815204,-5.901848,2.790596,0.07084334,0.1119519,-0.1376529,0.9841333,11,5.7,-12.31464,103.277,12,-5.7,-30.95602,235.9174
17.04932,NaN,NaN,NaN,-5.490073,2.810923,0.07544439,-0.04202073,0.1019908,-0.1542144,-0.9818605,-5.57128,2.795039,0.07248104,0.1116324,-0.1383577,0.9840708,11,5.7,-12.00129,101.0474,12,-5.7,-30.64268,233.6878
17.06775,NaN,NaN,NaN,-5.311719,2.815686,0.07636906,-0.04115377,0.1021571,-0.1530996,-0.9820544,-5.412743,2.795039,0.07248104,0.1116324,-0.1383577,0.9840708,11,5.7,-11.75736,99.31181,12,-5.7,-30.39875,231.9522
17.09076,25.71847,-37.47616,267.016,-4.945273,2.824692,0.07814146,-0.03955498,0.1023941,-0.1493248,-0.9826764,-5.046846,2.801719,0.07393134,0.1132281,-0.1482379,0.9824485,11,5.7,-11.45365,97.15076,12,-5.7,-30.09503,229.7912
17.1087,40.27826,-52.92928,376.9706,-4.749633,2.828914,0.07896964,-0.03829975,0.1020702,-0.1460383,-0.9832537,-4.828712,2.810795,0.0756675,0.1175716,-0.1452868,0.9823791,11,5.7,-11.21578,95.45826,12,-5.7,-29.85717,228.0986
17.13251,40.63607,-52.92928,376.9706,-4.347097,2.837356,0.08055396,-0.03795931,0.1008629,-0.1421846,-0.983956,-4.470902,2.810795,0.0756675,0.1175716,-0.1452868,0.9823791,11,5.7,-10.90147,93.22184,12,-5.7,-29.54286,225.8622
17.15063,32.81974,-43.26039,308.173,-4.133611,2.841761,0.08179915,-0.03825953,0.1002297,-0.1418479,-0.9840577,-4.232984,2.821176,0.07767427,0.1181082,-0.1468884,0.9820765,11,5.7,-10.66178,91.51637,12,-5.7,-29.30317,224.1568
17.17438,NaN,NaN,NaN,-3.696648,2.851126,0.08519071,-0.03566533,0.09744738,-0.1402767,-0.9846596,-3.792735,2.83165,0.07978463,0.1178933,-0.1449132,0.9823956,11,5.7,-10.34806,89.28412,12,-5.7,-28.98945,221.9245
17.19232,NaN,NaN,NaN,-3.464681,2.855918,0.08747593,-0.03259529,0.09510504,-0.1394804,-0.985108,-3.586543,2.83165,0.07978463,0.1178933,-0.1449132,0.9823956,11,5.7,-10.1105,87.59376,12,-5.7,-28.75188,220.2342
17.21643,NaN,NaN,NaN,-2.995614,2.865796,0.09289479,-0.02949547,0.08955313,-0.1342811,-0.9864476,-3.114152,2.842297,0.08267272,0.1218104,-0.1437148,0.9820938,11,5.7,-9.791926,85.32701,12,-5.7,-28.43331,217.9674
17.23444,NaN,NaN,NaN,-2.753838,2.870984,0.09577043,-0.02944727,0.08628818,-0.1291526,-0.9874244,-2.89924,2.842297,0.08267272,0.1218104,-0.1437148,0.9820938,11,5.7,-9.553637,83.63149,12,-5.7,-28.19502,216.2719
17.25775,22.16559,-24.68436,199.1838,-2.263752,2.880128,0.1016405,-0.0318881,0.07809649,-0.1117717,-0.9901471,-2.404455,2.853508,0.08716619,0.1213406,-0.1359974,0.9832503,11,5.7,-9.245096,81.43611,12,-5.7,-27.88648,214.0765
17.27588,NaN,NaN,NaN,-2.011233,2.883934,0.1052267,-0.0323222,0.07434041,-0.1029317,-0.9913798,-2.11765,2.865127,0.09305179,0.1253127,-0.1424341,0.9818397,11,5.7,-9.005824,79.7336,12,-5.7,-27.64721,212.374
17.2998,NaN,NaN,NaN,-1.501316,2.89402,0.1136879,-0.03204722,0.06679235,-0.09331422,-0.9928768,-1.664391,2.865127,0.09305179,0.1253127,-0.1424341,0.9818397,11,5.7,-8.689406,77.48217,12,-5.7,-27.33079,210.1226
17.31763,NaN,NaN,NaN,-1.236124,2.898731,0.118226,-0.03126146,0.06201057,-0.09119371,-0.9934089,-1.364014,2.876411,0.1002588,0.1297712,-0.1450123,0.9808827,11,5.7,-8.453926,75.80664,12,-5.7,-27.09531,208.447
17.34131,39.2021,-41.69931,297.0653,-0.6987422,2.90647,0.1275179,-0.03683579,0.05462145,-0.08664794,-0.9940583,-0.8194189,2.887629,0.1091551,0.1321103,-0.1471808,0.9802473,11,5.7,-8.140326,73.57526,12,-5.7,-26.78171,206.2157
17.35938,39.43779,-41.69937,297.0657,-0.4336478,2.910198,0.1325845,-0.04003021,0.05230519,-0.08321436,-0.9943526,-0.5837795,2.887629,0.1091551,0.1321103,-0.1471808,0.9802473,11,5.7,-7.901769,71.87784,12,-5.7,-26.54316,204.5182
17.38318,26.93431,-29.84159,212.6933,0.09717013,2.919003,0.1440478,-0.04092031,0.04794546,-0.07508966,-0.9951826,-0.04257679,2.898378,0.1194199,0.1244519,-0.1510386,0.9806626,11,5.7,-7.587213,69.63966,12,-5.7,-26.2286,202.28
17.40149,27.18056,-29.84159,212.6933,0.3742103,2.921822,0.1497864,-0.04132475,0.04565832,-0.07347473,-0.995394,0.2036811,2.898378,0.1194199,0.1244519,-0.1510386,0.9806626,11,5.7,-7.344828,67.915,12,-5.7,-25.98622,200.5554
17.42493,12.85,-14.80831,106.0294,0.9364282,2.927004,0.1624385,-0.044955,0.04065233,-0.07152305,-0.9955958,0.7739193,2.908476,0.1310815,0.1117669,-0.1639729,0.9801128,11,5.7,-7.035524,65.71419,12,-5.7,-25.67691,198.3546
17.44281,19.36569,-24.93328,177.7688,1.215162,2.927694,0.168997,-0.04644118,0.03988267,-0.07089463,-0.9956037,1.093601,2.917353,0.1443926,0.1011068,-0.1541087,0.9828672,11,5.7,-6.798617,64.02851,12,-5.7,-25.44001,196.6689
17.46686,19.85342,-24.93328,177.7688,1.763855,2.93164,0.1835352,-0.04484469,0.03914604,-0.06857592,-0.9958685,1.581328,2.917353,0.1443926,0.1011068,-0.1541087,0.9828672,11,5.7,-6.480947,61.76817,12,-5.7,-25.12234,194.4086
17.48456,16.37847,-20.24897,144.4382,2.049921,2.931259,0.1910758,-0.04185595,0.04014805,-0.06732344,-0.9960441,1.909109,2.923874,0.1590565,0.09853636,-0.1578072,0.9825414,11,5.7,-6.246337,60.09884,12,-5.7,-24.88773,192.7392
17.50842,16.94446,-23.35402,166.5318,2.629378,2.928629,0.2053472,-0.04084294,0.0383539,-0.06480811,-0.9963236,2.498207,2.928355,0.1752547,0.08546139,-0.1554817,0.9841351,11,5.7,-5.931479,57.85851,12,-5.7,-24.57287,190.4989
17.52625,17.20293,-23.35402,166.5318,2.92015,2.925024,0.2112987,-0.04615433,0.03674416,-0.06463223,-0.9961638,2.756672,2.928355,0.1752547,0.08546139,-0.1554817,0.9841351,11,5.7,-5.695187,56.1772,12,-5.7,-24.33658,188.8176
17.55017,16.81528,-22.93417,163.5444,3.485159,2.918847,0.2232397,-0.05793131,0.03599196,-0.06252953,-0.9957101,3.334142,2.929074,0.192378,0.08124328,-0.1558634,0.9844319,11,5.7,-5.37906,53.92784,12,-5.7,-24.02045,186.5682
17.56879,17.0541,-22.93415,163.5443,3.753846,2.917296,0.2295364,-0.06127953,0.03185918,-0.05344561,-0.9961794,3.572975,2.929074,0.192378,0.08124328,-0.1558634,0.9844319,11,5.7,-5.132875,52.17615,12,-5.7,-23.77426,184.8165
17.59198,10.6762,-12.37671,88.42416,4.283322,2.914282,0.2401757,-0.06436318,0.02509954,-0.04115551,-0.9967616,4.119737,2.924998,0.2084795,0.07303406,-0.1704495,0.9826561,11,5.7,-4.826764,49.99805,12,-5.7,-23.46815,182.6384
17.6098,9.960965,-10.74178,76.79099,4.535833,2.910492,0.2435747,-0.06902158,0.02365451,-0.04036078,-0.9965177,4.418721,2.919396,0.2234176,0.07107811,-0.1752018,0.9819635,11,5.7,-4.590999,48.3205,12,-5.7,-23.23239,180.9609
17.63397,10.38861,-10.74178,76.791,5.016938,2.903173,0.2505469,-0.07698864,0.02432333,-0.03680971,-0.9960553,4.84637,2.919396,0.2234176,0.07107811,-0.1752018,0.9819635,11,5.7,-4.271027,46.04377,12,-5.7,-22.91241,178.6842
17.65131,9.070145,-9.168658,65.59767,5.246508,2.899443,0.2538526,-0.07452324,0.02530147,-0.03294033,-0.9963539,5.121882,2.913829,0.2362908,0.0592957,-0.1814571,0.9816096,11,5.7,-4.042429,44.41722,12,-5.7,-22.68382,177.0576
17.67548,8.791917,-9.296666,66.5085,5.6878,2.891738,0.2611263,-0.06779178,0.02150706,-0.02377818,-0.9971842,5.581166,2.906294,0.2462791,0.04759978,-0.1809106,0.982347,11,5.7,-3.72219,42.1386,12,-5.7,-22.36358,174.779
17.69287,8.981034,-9.29667,66.50851,5.900558,2.887632,0.2642558,-0.06147649,0.01889067,-0.02198707,-0.9976875,5.770284,2.906294,0.2462791,0.04759978,-0.1809106,0.982347,11,5.7,-3.492352,40.50322,12,-5.7,-22.13374,173.1436
17.71729,8.739992,-11.46619,81.94547,6.287741,2.875532,0.2687942,-0.05506003,0.01461035,-0.01884503,-0.9981983,6.176803,2.897619,0.2549005,0.03088795,-0.1730926,0.9844211,11,5.7,-3.169856,38.20854,12,-5.7,-21.81124,170.8489
17.73541,8.89771,-11.46619,81.94545,6.465175,2.868464,0.2704691,-0.0565759,0.01376515,-0.01681996,-0.9981617,6.334522,2.897619,0.2549005,0.03088795,-0.1730926,0.9844211,11,5.7,-2.929981,36.50174,12,-5.7,-21.57137,169.1421
17.75903,10.606,-18.08854,129.0659,6.816475,2.85487,0.2752181,-0.05607764,0.01099066,-0.01330162,-0.9982773,6.704397,2.887358,0.2626044,0.02988393,-0.1606629,0.9865568,11,5.7,-2.617778,34.2803,12,-5.7,-21.25916,166.9207
17.77661,8.195992,-9.940514,71.08971,6.974727,2.848481,0.278115,-0.054544,0.007544786,-0.01068679,-0.9984257,6.897257,2.873852,0.2686641,0.01804228,-0.17802,0.9838614,11,5.7,-2.385199,32.62541,12,-5.7,-21.02659,165.2658
17.80121,8.45898,-9.940509,71.08968,7.270589,2.834032,0.2820563,-0.05464424,0.005070627,-0.006580374,-0.9984713,7.160245,2.873852,0.2686641,0.01804228,-0.17802,0.9838614,11,5.7,-2.059797,30.31006,12,-5.7,-20.70119,162.9504
17.81848,7.716652,-10.59435,75.74203,7.405479,2.825906,0.2839161,-0.0563763,0.005172111,-0.005120587,-0.9983831,7.327687,2.858336,0.2741605,0.005073965,-0.1754886,0.9844685,11,5.7,-1.831954,28.68887,12,-5.7,-20.47334,161.3292
17.84265,7.395961,-9.372389,67.04729,7.670637,2.811672,0.2892164,-0.05536712,0.005506583,-0.004620396,-0.9984402,7.605816,2.841585,0.2794125,-0.003091766,-0.1799449,0.9836718,11,5.7,-1.512322,26.41457,12,-5.7,-20.15371,159.0549
17.86011,7.503238,-9.372389,67.04729,7.791325,2.804862,0.2923801,-0.05170132,0.004874125,-0.006268886,-0.9986311,7.713094,2.841585,0.2794125,-0.003091766,-0.1799449,0.9836718,11,5.7,-1.281541,24.77248,12,-5.7,-19.92293,157.4128
17.88446,6.41853,-8.082021,57.86585,8.00582,2.791608,0.2968175,-0.05000903,0.005010776,-0.007947858,-0.9987046,7.941442,2.823863,0.2848806,-0.02597745,-0.1860296,0.9822007,11,5.7,-0.9597539,22.48285,12,-5.7,-19.60114,155.1232
17.90253,6.500958,-8.082021,57.86585,8.098552,2.785759,0.2989438,-0.05221898,0.0062638,-0.007220686,-0.9985899,8.02387,2.823863,0.2848806,-0.02597745,-0.1860296,0.9822007,11,5.7,-0.7208314,20.78282,12,-5.7,-19.36222,153.4232
17.92633,6.211832,-8.582829,61.42928,8.271961,2.774858,0.3034437,-0.05434008,0.007232361,-0.004823523,-0.9984847,8.21199,2.806931,0.2908336,-0.03214531,-0.1830489,0.9825781,11,5.7,-0.4060769,18.54323,12,-5.7,-19.04747,151.1836
17.94379,5.656176,-7.863603,56.31173,8.354004,2.769268,0.305376,-0.05373176,0.008804121,-0.008646322,-0.9984792,8.31398,2.791317,0.2965229,-0.04656163,-0.1866616,0.9813203,11,5.7,-0.174924,16.89849,12,-5.7,-18.81631,149.5388
17.96844,5.780365,-7.863601,56.31171,8.493715,2.760233,0.3094047,-0.05364504,0.01013085,-0.01281413,-0.9984264,8.438168,2.791317,0.2965229,-0.04656163,-0.1866616,0.9813203,11,5.7,0.1509612,14.5797,12,-5.7,-18.49043,147.2201
17.98566,5.541627,-7.60356,54.46143,8.549213,2.757283,0.3110242,-0.05393787,0.009841092,-0.01228184,-0.9984202,8.512119,2.777285,0.3019396,-0.05378862,-0.1879726,0.9807003,11,5.7,0.3782634,12.96236,12,-5.7,-18.26312,145.6027
18.00977,-5.176538,-21.84529,155.7967,8.644192,2.753488,0.3137708,-0.05545681,0.006971672,-0.009164445,-0.9983947,8.617186,2.765277,0.3069564,-0.08728632,-0.1557351,0.9839348,11,5.7,0.6969581,10.69473,12,-5.7,-17.94443,143.3351
18.02747,-5.145388,-21.84528,155.7966,8.679227,2.750728,0.3140149,-0.05823756,0.005727202,-0.01091319,-0.9982267,8.648329,2.765277,0.3069564,-0.08728632,-0.1557351,0.9839348,11,5.7,0.9307463,9.031238,12,-5.7,-17.71064,141.6716
18.05151,-4.429724,-21.16705,150.9707,8.726869,2.74735,0.3130284,-0.06764805,0.005906806,-0.01701725,-0.9975467,8.707181,2.756882,0.3110371,-0.08579934,-0.1562512,0.9839838,11,5.7,1.249031,6.766522,12,-5.7,-17.39236,139.4069
18.07007,-4.427552,-21.16705,150.9707,8.729313,2.747973,0.3124657,-0.07091316,0.004391231,-0.01485243,-0.9973623,8.709353,2.756882,0.3110371,-0.08579934,-0.1562512,0.9839838,11,5.7,1.494689,5.018575,12,-5.7,-17.1467,137.659
18.09338,0.5551825,-13.28943,94.91852,8.714553,2.749897,0.3100969,-0.07260353,0.00232923,-0.01005034,-0.9973075,8.708045,2.750869,0.3130636,-0.08465989,-0.1665636,0.9823896,11,5.7,1.803266,2.822937,12,-5.7,-16.83812,135.4633
18.11108,2.021541,-10.43234,74.58924,8.691337,2.75076,0.307915,-0.07078302,0.002349064,-0.009607028,-0.9974428,8.693748,2.747714,0.3130509,-0.08810405,-0.1740378,0.9807898,11,5.7,2.036397,1.164122,12,-5.7,-16.60499,133.8045
18.13586,1.958408,-10.43234,74.58924,8.620312,2.754282,0.3024474,-0.0672491,0.003785715,-0.01007931,-0.9976782,8.630615,2.747714,0.3130509,-0.08810405,-0.1740378,0.9807898,12,-5.7,-16.27654,131.4675,13,5.7,-34.65668,262.2488
18.15308,-4.682424,-20.472,146.0252,8.567127,2.756262,0.2993149,-0.06384408,0.005451836,-0.01102412,-0.9978842,8.58357,2.748123,0.3106384,-0.08954538,-0.1567357,0.9835728,12,-5.7,-16.04995,129.8552,13,5.7,-34.43008,260.6365
18.17725,-20.40876,-42.1843,300.5161,8.437085,2.762055,0.2927189,-0.05862176,0.006334879,-0.007223397,-0.9982341,8.461994,2.751012,0.3056512,-0.09468163,-0.1473653,0.9845399,12,-5.7,-15.72984,127.5775,13,5.7,-34.10997,258.3588
18.19458,-20.48441,-42.1843,300.5161,8.351988,2.766165,0.2889644,-0.05651597,0.004888341,-0.001126979,-0.9983891,8.386353,2.751012,0.3056512,-0.09468163,-0.1473653,0.9845399,12,-5.7,-15.50092,125.9486,13,5.7,-33.88105,256.7299
18.21875,NaN,NaN,NaN,8.162671,2.774634,0.2809812,-0.05386378,0.003536306,0.00421383,-0.9985331,8.205889,2.755968,0.2988427,-0.09970766,-0.1379045,0.985414,12,-5.7,-15.18059,123.6694,13,5.7,-33.56073,254.4507
18.23706,NaN,NaN,NaN,8.051702,2.780261,0.2765108,-0.05363227,0.003933601,0.003997909,-0.998545,8.107248,2.755968,0.2988427,-0.09970766,-0.1379045,0.985414,12,-5.7,-14.93861,121.9476,13,5.7,-33.31875,252.7289
18.2605,-9.659471,-24.27764,173.1037,7.813944,2.791986,0.2671835,-0.05374304,0.006117731,0.00214989,-0.9985338,7.877438,2.763457,0.2907943,-0.09975902,-0.1538238,0.9830496,12,-5.7,-14.6292,119.746,13,5.7,-33.00933,250.5273
18.2782,-19.27125,-36.48663,259.975,7.679682,2.799269,0.2623182,-0.05473772,0.006095193,0.00488132,-0.9984702,7.733498,2.773861,0.2811393,-0.1022793,-0.1486974,0.9835792,12,-5.7,-14.39584,118.0856,13,5.7,-32.77598,248.8669
18.3031,-19.52244,-36.48658,259.9746,7.397053,2.814525,0.2523391,-0.05447432,0.003575169,0.01235809,-0.9984323,7.482272,2.773861,0.2811393,-0.1022793,-0.1486974,0.9835792,12,-5.7,-14.06508,115.7321,13,5.7,-32.44521,246.5134
18.31995,-12.85,-25.78367,187.549,7.246986,2.823011,0.2473769,-0.053364,0.00193502,0.0136901,-0.9984795,7.318767,2.787237,0.2703304,-0.1058638,-0.1499658,0.9830071,12,-5.7,-13.84304,114.1522,13,5.7,-32.22318,244.9335
18.34424,-22.78025,-39.37356,280.5165,6.937073,2.840225,0.2370872,-0.05083162,-0.0003206581,0.01431375,-0.9986046,7.008806,2.803619,0.2591404,-0.1045323,-0.1480033,0.983447,12,-5.7,-13.52236,111.8705,13,5.7,-31.90249,242.6518
18.36182,-22.92902,-39.37356,280.5165,6.769705,2.848799,0.2316527,-0.04905069,-0.001088731,0.01298358,-0.9987113,6.860034,2.803619,0.2591404,-0.1045323,-0.1480033,0.983447,12,-5.7,-13.28876,110.2083,13,5.7,-31.66889,240.9896
18.38586,NaN,NaN,NaN,6.426003,2.8659,0.2208256,-0.04517169,-0.002095848,0.01165389,-0.9989091,6.515858,2.822687,0.2471821,-0.1097091,-0.1452869,0.9832882,12,-5.7,-12.9718,107.953,13,5.7,-31.35193,238.7343
18.40405,-37.04916,-54.65832,389.2734,6.246106,2.874053,0.2150367,-0.0438133,-0.002561875,0.01238154,-0.9989597,6.355949,2.822687,0.2471821,-0.1097091,-0.1452869,0.9832882,12,-5.7,-12.7317,106.2446,13,5.7,-31.11183,237.026
18.42761,NaN,NaN,NaN,5.877553,2.890011,0.2038034,-0.04170005,-0.003794581,0.01570051,-0.9989997,5.985854,2.843097,0.2343993,-0.1109895,-0.1387493,0.9840884,12,-5.7,-12.4197,104.0247,13,5.7,-30.79984,234.806
18.44519,NaN,NaN,NaN,5.687759,2.897752,0.1983783,-0.04110416,-0.004174531,0.01767205,-0.9989898,5.771611,2.863477,0.221244,-0.1101012,-0.1448163,0.9833138,12,-5.7,-12.18648,102.3652,13,5.7,-30.56661,233.1465
18.46997,NaN,NaN,NaN,5.301342,2.913121,0.1878084,-0.03961335,-0.004864365,0.01951308,-0.9990128,5.428129,2.863477,0.221244,-0.1101012,-0.1448163,0.9833138,12,-5.7,-11.86025,100.0439,13,5.7,-30.24039,230.8253
18.48694,-41.1243,-58.33637,415.4441,5.101624,2.920644,0.1827777,-0.03879029,-0.004697561,0.01945495,-0.9990469,5.202689,2.88313,0.2081566,-0.1097085,-0.144976,0.9833342,12,-5.7,-11.63517,98.44241,13,5.7,-30.0153,229.2237
18.51111,NaN,NaN,NaN,4.696948,2.935049,0.1728752,-0.03687182,-0.003401384,0.01974201,-0.9991192,4.792581,2.901922,0.1950716,-0.1147972,-0.1437371,0.9829351,12,-5.7,-11.31542,96.16725,13,5.7,-29.69555,226.9486
18.52844,NaN,NaN,NaN,4.491014,2.941682,0.1681858,-0.03521814,-0.002055198,0.01955728,-0.9991862,4.609528,2.901922,0.1950716,-0.1147972,-0.1437371,0.9829351,12,-5.7,-11.08578,94.53329,13,5.7,-29.46591,225.3146
18.55298,-37.4652,-49.61804,353.4099,4.077892,2.953843,0.1588542,-0.03314171,0.0009541215,0.01946772,-0.9992607,4.189929,2.919923,0.1825805,-0.1158585,-0.1461278,0.9824579,12,-5.7,-10.76209,92.23013,13,5.7,-29.14222,223.0115
18.57068,-37.64637,-49.6181,353.4103,3.874145,2.959051,0.154166,-0.03281585,0.003021821,0.01888825,-0.9992784,4.00882,2.919923,0.1825805,-0.1158585,-0.1461278,0.9824579,12,-5.7,-10.52837,90.5671,13,5.7,-28.9085,221.3484
18.5946,-22.04337,-30.15529,214.9251,3.458557,2.968048,0.1450284,-0.03264832,0.005806603,0.01991409,-0.9992517,3.585758,2.93668,0.1707702,-0.1171375,-0.1512463,0.9815311,12,-5.7,-10.2119,88.3153,13,5.7,-28.59203,219.0966
18.61218,-25.21655,-33.04449,235.4829,3.248216,2.972117,0.1407657,-0.03264877,0.006785147,0.02123651,-0.9992182,3.344408,2.951355,0.1594034,-0.1191192,-0.150128,0.9814643,12,-5.7,-9.979777,86.66367,13,5.7,-28.35991,217.445
18.63672,-25.59068,-33.04449,235.4829,2.827319,2.978786,0.1324342,-0.03121333,0.008659326,0.02240605,-0.9992241,2.970278,2.951355,0.1594034,-0.1191192,-0.150128,0.9814643,12,-5.7,-9.654917,84.35217,13,5.7,-28.03505,215.1335
18.65417,-12.85,-17.63108,128.0583,2.615875,2.981253,0.1283497,-0.03089245,0.009441413,0.02283049,-0.9992173,2.726873,2.963432,0.1484858,-0.119372,-0.1578242,0.9802254,12,-5.7,-9.424452,82.71233,13,5.7,-27.80458,213.4937
18.67822,-12.85,-17.14833,125.5367,2.193523,2.985428,0.1200249,-0.0316071,0.01092279,0.02404338,-0.9991515,2.2956,2.973001,0.1381062,-0.1184152,-0.1573177,0.9804229,12,-5.7,-9.106829,80.45232,13,5.7,-27.48696,211.2336
18.69592,-12.85,-16.89632,123.9661,1.980122,2.986535,0.1158098,-0.03293714,0.01147198,0.02538632,-0.9990692,2.10591,2.973001,0.1381062,-0.1184152,-0.1573177,0.9804229,12,-5.7,-8.872705,78.78644,13,5.7,-27.25283,209.5678
18.71997,-18.13773,-23.44976,167.213,1.558323,2.989583,0.107907,-0.0335539,0.0118675,0.02885133,-0.9989499,1.674724,2.979854,0.1279707,-0.1163257,-0.1551774,0.9810139,12,-5.7,-8.554302,76.52088,13,5.7,-26.93443,207.3022
18.73792,-18.32461,-23.44976,167.213,1.348077,2.990227,0.1042437,-0.03297341,0.01172242,0.0301802,-0.9989317,1.487838,2.979854,0.1279707,-0.1163257,-0.1551774,0.9810139,12,-5.7,-8.317274,74.83434,13,5.7,-26.6974,205.6157
18.76172,NaN,NaN,NaN,0.9293076,2.991131,0.09708434,-0.03188268,0.0117493,0.03118865,-0.9989358,1.059327,2.984669,0.1181376,-0.04034123,-0.1422711,0.9890053,12,-5.7,-8.001607,72.58824,13,5.7,-26.38173,203.3696
18.77942,NaN,NaN,NaN,0.7209629,2.991459,0.09391083,-0.02974499,0.01203278,0.03142807,-0.9989908,0.818032,2.987918,0.1087358,-0.03402295,-0.1426299,0.9891912,12,-5.7,-7.768027,70.92624,13,5.7,-26.14816,201.7076
18.80371,NaN,NaN,NaN,0.3064013,2.990968,0.08771569,-0.02474408,0.01196555,0.03276851,-0.999085,0.4495327,2.987918,0.1087358,-0.03402295,-0.1426299,0.9891912,12,-5.7,-7.447478,68.64542,13,5.7,-25.82761,199.4268
18.82104,-12.94751,-51.66617,373.398,0.100552,2.988244,0.08418165,-0.02304593,0.01168887,0.03404521,-0.9990863,0.2106657,2.989624,0.09993684,-0.03485542,-0.1447807,0.9888496,12,-5.7,-7.218556,67.01656,13,5.7,-25.59868,197.7979
18.84534,NaN,NaN,NaN,-0.3011786,2.986583,0.07839181,-0.02350612,0.01009024,0.03489177,-0.9990637,-0.2020615,2.989536,0.09178412,-0.03162641,-0.1390204,0.9897844,12,-5.7,-6.897229,64.73019,13,5.7,-25.27736,195.5115
18.86304,NaN,NaN,NaN,-0.4997927,2.984816,0.07581024,-0.02429231,0.009185612,0.035224,-0.999042,-0.3786073,2.989536,0.09178412,-0.03162641,-0.1390204,0.9897844,12,-5.7,-6.663344,63.06602,13,5.7,-25.04347,193.8474
18.88708,NaN,NaN,NaN,-0.8907625,2.9816,0.07079223,-0.02456687,0.007999167,0.03376025,-0.999096,-0.7806349,2.987797,0.08430469,-0.02403522,-0.1404699,0.9897932,12,-5.7,-6.344906,60.80021,13,5.7,-24.72503,191.5816
18.90479,NaN,NaN,NaN,-1.083694,2.979674,0.06852578,-0.0257741,0.007034026,0.03355308,-0.9990798,-0.9521297,2.987797,0.08430469,-0.02403522,-0.1404699,0.9897932,12,-5.7,-6.109998,59.12876,13,5.7,-24.49013,189.9101
18.92883,NaN,NaN,NaN,-1.463528,2.976076,0.06416362,-0.02759019,0.004692711,0.0349252,-0.998998,-1.343181,2.984756,0.07748294,-0.02045999,-0.1430213,0.9895081,12,-5.7,-5.792114,56.86689,13,5.7,-24.17224,187.6482
18.94666,-5.624659,-35.81546,255.1993,-1.652742,2.972486,0.06178091,-0.0278478,0.00279706,0.03734898,-0.9989103,-1.563639,2.980829,0.07116103,-0.01573471,-0.150319,0.9885123,12,-5.7,-5.556561,55.19085,13,5.7,-23.93669,185.9722
18.9707,-5.949392,-35.81536,255.1986,-2.01808,2.967164,0.05818588,-0.03011362,-0.0002806112,0.0390302,-0.9987842,-1.888384,2.980829,0.07116103,-0.01573471,-0.150319,0.9885123,12,-5.7,-5.239688,52.93618,13,5.7,-23.61982,183.7175
18.9884,-4.182993,-26.39842,188.1936,-2.19871,2.965363,0.0569671,-0.03054809,-0.002414465,0.03949031,-0.99875,-2.100045,2.975921,0.06555462,-0.01093876,-0.1542617,0.9879695,12,-5.7,-5.005574,51.27037,13,5.7,-23.3857,182.0517
19.01245,-5.370038,-23.82208,169.8622,-2.551481,2.95974,0.05444287,-0.02856506,-0.005591825,0.03830599,-0.9988421,-2.463402,2.970036,0.06082571,-0.01690625,-0.1558346,0.9876385,12,-5.7,-4.686362,48.99906,13,5.7,-23.06649,179.7804
19.0304,-5.523588,-23.82236,169.864,-2.724189,2.956239,0.05314807,-0.02843995,-0.007648505,0.03812472,-0.998839,-2.61692,2.970036,0.06082571,-0.01690625,-0.1558346,0.9876385,12,-5.7,-4.450599,47.32151,13,5.7,-22.83073,178.1029
19.05444,-4.591238,-23.98358,171.0112,-3.064313,2.948272,0.05056522,-0.0294238,-0.01190645,0.03811419,-0.9987692,-2.96759,2.96401,0.05703807,-0.009381303,-0.1557011,0.9877596,12,-5.7,-4.132712,45.05964,13,5.7,-22.51284,175.841
19.07202,-4.73861,-23.98358,171.0112,-3.230107,2.944942,0.04964639,-0.03027709,-0.01427235,0.03850403,-0.9986977,-3.114962,2.96401,0.05703807,-0.009381303,-0.1557011,0.9877596,12,-5.7,-3.899215,43.39821,13,5.7,-22.27934,174.1796
19.09607,-4.228006,-23.6172,168.4042,-3.554539,2.938473,0.04826385,-0.03151549,-0.01800385,0.0383291,-0.9986058,-3.450435,2.956948,0.05360913,-0.004562217,-0.1559179,0.9877595,12,-5.7,-3.581498,41.13754,13,5.7,-21.96163,171.9189
19.11389,-8.19358,-9.05232,64.76997,-3.713088,2.934929,0.04767366,-0.03104108,-0.01904141,0.03774616,-0.9986236,-3.636638,2.948611,0.05092287,-0.06906559,-0.1818878,0.9808908,12,-5.7,-3.346084,39.46248,13,5.7,-21.72621,170.2438
19.13782,-8.463522,-9.052319,64.76996,-4.016774,2.92715,0.04656573,-0.0319875,-0.02129166,0.03576795,-0.9986211,-3.906581,2.948611,0.05092287,-0.06906559,-0.1818878,0.9808908,12,-5.7,-3.029427,37.20935,13,5.7,-21.40956,167.9907
19.15588,-7.937653,-8.471235,60.63533,-4.161808,2.924187,0.04651857,-0.03194237,-0.02216601,0.03407915,-0.9986626,-4.07924,2.940229,0.04887676,-0.06246173,-0.1847341,0.9808016,12,-5.7,-2.791539,35.51669,13,5.7,-21.17167,166.298
19.17957,-7.609752,-8.092311,57.93914,-4.448314,2.918131,0.04620658,-0.03058214,-0.02353129,0.0329509,-0.9987118,-4.375842,2.931634,0.0472697,-0.05479268,-0.1867807,0.9808725,12,-5.7,-2.477902,33.28505,13,5.7,-20.85803,164.0664
19.19739,-7.732761,-8.09231,57.93914,-4.586699,2.915044,0.04589263,-0.03097519,-0.02278751,0.03270249,-0.9987251,-4.498851,2.931634,0.0472697,-0.05479268,-0.1867807,0.9808725,12,-5.7,-2.241863,31.60554,13,5.7,-20.62199,162.3869
19.22131,-7.789648,-8.186831,58.61169,-4.857288,2.907445,0.04553429,-0.03215395,-0.02189492,0.03561413,-0.9986082,-4.779217,2.923495,0.04627573,-0.0504378,-0.1861465,0.9812265,12,-5.7,-1.926476,29.36145,13,5.7,-20.3066,160.1428
19.23901,-7.901285,-8.18683,58.61169,-4.982882,2.903686,0.04563861,-0.03325304,-0.02073921,0.0352895,-0.9986085,-4.890855,2.923495,0.04627573,-0.0504378,-0.1861465,0.9812265,12,-5.7,-1.690872,27.68504,13,5.7,-20.071,158.4664
19.26306,-7.998454,-8.068527,57.76992,-5.22475,2.896895,0.04604214,-0.03279731,-0.01882181,0.03259831,-0.998753,-5.143716,2.915721,0.04589713,-0.04852588,-0.1867145,0.981215,12,-5.7,-1.374376,25.43306,13,5.7,-19.7545,156.2144
19.28076,-7.717916,-7.235132,51.84,-5.334922,2.89317,0.04612275,-0.03206117,-0.0170273,0.02890371,-0.9989228,-5.277523,2.907341,0.0456903,-0.04618939,-0.1919671,0.9803138,12,-5.7,-1.140156,23.76649,13,5.7,-19.52028,154.5479
19.30481,-7.899814,-7.235135,51.84002,-5.539557,2.886171,0.04623259,-0.03368131,-0.01425056,0.02300943,-0.9990661,-5.459421,2.907341,0.0456903,-0.04618939,-0.1919671,0.9803138,12,-5.7,-0.8224146,21.50565,13,5.7,-19.20254,152.287
19.32227,-7.805138,-7.054298,50.5533,-5.63283,2.882917,0.04656521,-0.03387699,-0.01343881,0.02115392,-0.9991118,-5.575408,2.898808,0.04574561,-0.04327285,-0.1931623,0.9802121,12,-5.7,-0.5903383,19.85434,13,5.7,-18.97046,150.6357
19.34656,-7.443525,-6.77107,48.53803,-5.806285,2.876145,0.04713656,-0.03364823,-0.01218031,0.01922223,-0.9991747,-5.75946,2.890324,0.04602492,-0.03403951,-0.1952832,0.980156,12,-5.7,-0.2691129,17.5687,13,5.7,-18.64924,148.3501
19.36438,-7.510074,-6.77107,48.53804,-5.881152,2.873468,0.04767758,-0.03322812,-0.01098939,0.01738875,-0.9992362,-5.826008,2.890324,0.04602492,-0.03403951,-0.1952832,0.980156,12,-5.7,-0.03379808,15.89435,13,5.7,-18.41392,146.6757
19.38843,-6.999671,-6.998339,50.15513,-6.016521,2.869456,0.04873358,-0.03317319,-0.008862823,0.01284359,-0.9993278,-5.972639,2.882093,0.04654706,-0.02010483,-0.1934164,0.9809108,12,-5.7,0.2830263,13.64002,13,5.7,-18.0971,144.4214
19.40588,-7.050666,-6.99834,50.15514,-6.073891,2.866966,0.0492878,-0.03205993,-0.007409006,0.01034129,-0.999405,-6.023634,2.882093,0.04654706,-0.02010483,-0.1934164,0.9809108,12,-5.7,0.5153024,11.98729,13,5.7,-17.86482,142.7687
19.43005,-6.693461,-6.859777,49.16922,-6.173971,2.861951,0.05026691,-0.03061102,-0.004698709,0.006328687,-0.9995003,-6.135185,2.874893,0.04738104,-0.01114759,-0.1943815,0.9808627,12,-5.7,0.8345218,9.71593,13,5.7,-17.5456,140.4973
19.44763,-6.602416,-6.885715,49.35377,-6.210302,2.859557,0.05066348,-0.02994821,-0.003265642,0.003352387,-0.9995405,-6.186341,2.868929,0.04855239,-0.008277969,-0.1940736,0.9809521,12,-5.7,1.066078,8.068321,13,5.7,-17.31405,138.8497
19.4718,-6.654866,-6.885715,49.35377,-6.269309,2.854588,0.0515594,-0.0287162,2.986938E-05,-0.002976932,-0.9995832,-6.238791,2.868929,0.04855239,-0.008277969,-0.1940736,0.9809521,12,-5.7,1.386694,5.787021,13,5.7,-16.99343,136.5684
19.48938,-6.021811,-7.127421,51.0736,-6.284015,2.85237,0.0520841,-0.02813234,0.002503775,-0.006288277,-0.9995813,-6.266543,2.863076,0.04974806,0.004707038,-0.1921497,0.9813543,12,-5.7,1.618012,4.141111,13,5.7,-16.76211,134.9225
19.51367,-5.813325,-7.368273,52.78735,-6.300898,2.848126,0.05339126,-0.02560017,0.007503808,-0.01206197,-0.9995713,-6.292044,2.857251,0.05089128,0.008911273,-0.1903457,0.9816767,12,-5.7,1.939486,1.853705,13,5.7,-16.44064,132.6351
19.53113,-5.812089,-7.368272,52.78735,-6.299507,2.846317,0.0543265,-0.02426905,0.0105246,-0.01505562,-0.9995368,-6.290808,2.857251,0.05089128,0.008911273,-0.1903457,0.9816767,12,-5.7,2.170948,0.2067672,13,5.7,-16.20918,130.9881
19.55566,-5.186258,-8.016896,57.40255,-6.273872,2.841882,0.05538149,-0.02321641,0.01591061,-0.01956102,-0.9994125,-6.274577,2.851734,0.05244756,0.01864168,-0.1861672,0.9823412,13,5.7,-15.88511,128.6823,14,-5.7,-34.4204,260.5674
19.57336,1.312404,-14.46305,103.2693,-6.240962,2.840034,0.05566365,-0.02437655,0.0185175,-0.02160301,-0.9992979,-6.247367,2.84664,0.05404568,0.07204629,-0.1649652,0.9836645,13,5.7,-15.65197,127.0234,14,-5.7,-34.18725,258.9085
19.59705,1.380537,-14.46305,103.2693,-6.164316,2.837486,0.05633117,-0.02511634,0.02182132,-0.02228457,-0.9991978,-6.179236,2.84664,0.05404568,0.07204629,-0.1649652,0.9836645,13,5.7,-15.3375,124.7858,14,-5.7,-33.87278,256.671
19.61536,5.606594,-19.98049,142.5277,-6.112555,2.836629,0.05672245,-0.02454978,0.02270782,-0.02075541,-0.9992252,-6.130039,2.841737,0.05515909,0.08107343,-0.1576497,0.9841614,13,5.7,-15.09525,123.0621,14,-5.7,-33.63054,254.9473
19.63879,5.71152,-19.98047,142.5276,-5.994503,2.834862,0.05738666,-0.02320187,0.02499042,-0.02034029,-0.9992114,-6.025105,2.841737,0.05515909,0.08107343,-0.1576497,0.9841614,13,5.7,-14.78572,120.8597,14,-5.7,-33.32101,252.7449
19.65674,8.150336,-21.20302,151.2265,-5.926272,2.834462,0.05794412,-0.02218833,0.02567918,-0.01960867,-0.9992316,-5.956308,2.837885,0.05607367,0.09176914,-0.1563954,0.9834221,13,5.7,-14.54963,119.1799,14,-5.7,-33.08492,251.065
19.68066,11.1163,-24.28646,173.1663,-5.770887,2.834255,0.05900943,-0.0195675,0.02666926,-0.01998634,-0.9992529,-5.805789,2.835265,0.05712533,0.09612847,-0.1540691,0.9833728,13,5.7,-14.23334,116.9293,14,-5.7,-32.76862,248.8145
19.69836,11.19591,-24.28645,173.1662,-5.68132,2.834974,0.05953977,-0.01874135,0.02765754,-0.02291311,-0.9991791,-5.726173,2.835265,0.05712533,0.09612847,-0.1540691,0.9833728,13,5.7,-13.99891,115.2613,14,-5.7,-32.53419,247.1464
19.72241,8.380258,-20.08518,143.2727,-5.491766,2.837055,0.06063133,-0.01833277,0.03067443,-0.02845862,-0.998956,-5.540687,2.83374,0.05805957,0.09554297,-0.1572984,0.9829185,13,5.7,-13.68055,112.9961,14,-5.7,-32.21584,244.8812
19.74023,6.077291,-16.12479,115.0931,-5.385357,2.838627,0.0610995,-0.01920924,0.03255965,-0.03065517,-0.9988149,-5.425024,2.833896,0.05919075,0.09818304,-0.1618302,0.9819221,13,5.7,-13.44462,111.3173,14,-5.7,-31.97991,243.2025
19.76404,6.277489,-16.12479,115.0931,-5.160135,2.84296,0.06238309,-0.02007126,0.0353301,-0.03426239,-0.9985865,-5.224827,2.833896,0.05919075,0.09818304,-0.1618302,0.9819221,13,5.7,-13.1302,109.0801,14,-5.7,-31.66548,240.9652
19.78186,6.038739,-16.45693,117.4563,-5.038201,2.845698,0.06302543,-0.02006963,0.03647899,-0.0357788,-0.9984921,-5.091737,2.835919,0.06047952,0.09314974,-0.1614598,0.9824733,13,5.7,-12.89438,107.4021,14,-5.7,-31.42966,239.2873
19.80579,4.474442,-14.53654,103.792,-4.780803,2.851454,0.06411161,-0.02008151,0.0392771,-0.03868418,-0.9982774,-4.834621,2.839998,0.06189859,0.08816513,-0.1645713,0.982417,13,5.7,-12.57779,105.1495,14,-5.7,-31.11307,237.0346
19.82397,4.597934,-14.53652,103.7919,-4.641861,2.854608,0.0646487,-0.02005772,0.04050803,-0.03912657,-0.9982114,-4.711118,2.839998,0.06189859,0.08816513,-0.1645713,0.982417,13,5.7,-12.33832,103.4456,14,-5.7,-30.8736,235.3307
19.84766,4.607274,-13.03243,93.08979,-4.353016,2.861663,0.06596555,-0.01866759,0.04206595,-0.03937211,-0.9981643,-4.422486,2.8459,0.06325841,0.09524766,-0.1674878,0.9812623,13,5.7,-12.02511,101.217,14,-5.7,-30.5604,233.1021
19.86572,4.744294,-13.03244,93.08979,-4.198869,2.865666,0.06676657,-0.01702588,0.04191914,-0.03922801,-0.9982054,-4.285467,2.8459,0.06325841,0.09524766,-0.1674878,0.9812623,13,5.7,-11.78616,99.51672,14,-5.7,-30.32144,231.4019
19.8894,7.058663,-13.46222,96.14785,-3.882921,2.872974,0.06815597,-0.01476753,0.04089393,-0.03912873,-0.9982879,-3.969235,2.853166,0.06464291,0.1124372,-0.1663468,0.979636,13,5.7,-11.47281,97.28712,14,-5.7,-30.00809,229.1723
19.90747,8.010964,-14.63576,104.498,-3.715308,2.876575,0.06891438,-0.01460013,0.03982731,-0.04011939,-0.9982941,-3.78185,2.861534,0.06623781,0.1106869,-0.1642289,0.9801925,13,5.7,-11.23393,95.58742,14,-5.7,-29.76921,227.4726
19.93115,8.317033,-14.63575,104.4979,-3.370973,2.883885,0.07039466,-0.01476003,0.03720488,-0.04162128,-0.9983314,-3.475774,2.861534,0.06623781,0.1106869,-0.1642289,0.9801925,13,5.7,-10.9212,93.36226,14,-5.7,-29.45649,225.2474
19.94897,7.734256,-13.40101,95.71236,-3.192186,2.887833,0.07140625,-0.01450256,0.03543998,-0.04304431,-0.9983391,-3.275199,2.870368,0.06792819,0.112754,-0.1666445,0.9795489,13,5.7,-10.68456,91.67848,14,-5.7,-29.21985,223.5636
19.9729,6.842245,-11.91882,85.16602,-2.826871,2.895611,0.07351851,-0.0134744,0.03289853,-0.04594708,-0.9983111,-2.905891,2.879277,0.06974351,0.1121484,-0.1702463,0.978999,13,5.7,-10.3681,89.42675,14,-5.7,-28.90339,221.3119
19.99097,7.010723,-11.91882,85.166,-2.637328,2.899873,0.07485075,-0.01268235,0.03188665,-0.04830609,-0.998243,-2.737409,2.879277,0.06974351,0.1121484,-0.1702463,0.978999,13,5.7,-10.12968,87.73026,14,-5.7,-28.66496,219.6154
20.01477,8.449166,-12.96598,92.61695,-2.252178,2.908265,0.07753763,-0.01137996,0.02957342,-0.0498049,-0.9982562,-2.34788,2.888485,0.07192516,0.1142399,-0.1677508,0.9791879,13,5.7,-9.81531,85.49343,14,-5.7,-28.3506,217.3786
20.03271,8.62498,-12.96598,92.61696,-2.054387,2.912471,0.07902604,-0.01144634,0.02871702,-0.05021928,-0.9982597,-2.172066,2.888485,0.07192516,0.1142399,-0.1677508,0.9791879,13,5.7,-9.578516,83.80855,14,-5.7,-28.1138,215.6937
20.05664,9.26743,-12.77002,91.22266,-1.658012,2.920937,0.08237497,-0.01230173,0.02716222,-0.05105964,-0.9982504,-1.770161,2.898261,0.07459152,0.1185038,-0.1682207,0.9786004,13,5.7,-9.261781,81.55486,14,-5.7,-27.79707,213.44
20.07458,6.324944,-9.212589,65.91034,-1.45696,2.924984,0.08429111,-0.01256834,0.02621395,-0.05050633,-0.9983006,-1.540433,2.908142,0.07792151,0.116698,-0.1798344,0.9767504,13,5.7,-9.024335,79.86535,14,-5.7,-27.55962,211.7505
20.09827,6.684573,-9.212592,65.91035,-1.052381,2.932644,0.08825617,-0.01333464,0.02435422,-0.04976093,-0.9983751,-1.180807,2.908142,0.07792151,0.116698,-0.1798344,0.9767504,13,5.7,-8.712001,77.64297,14,-5.7,-27.24729,209.5282
20.11633,6.389939,-8.662562,61.99669,-0.8480571,2.936674,0.09059482,-0.01334119,0.02345135,-0.04934298,-0.9984174,-0.9467719,2.918065,0.08182335,0.1156947,-0.1826182,0.9763531,13,5.7,-8.472467,75.93861,14,-5.7,-27.00776,207.8238
20.14014,6.499077,-8.318436,59.5481,-0.4389845,2.942951,0.09502209,-0.01400361,0.02119567,-0.04636075,-0.9986017,-0.5295554,2.927686,0.08615565,0.1153693,-0.1845959,0.9760196,13,5.7,-8.158157,73.70217,14,-5.7,-26.69345,205.5874
20.15808,6.681673,-8.318439,59.54813,-0.2335665,2.946034,0.09771887,-0.01487578,0.02011793,-0.04609757,-0.9986236,-0.3469616,2.927686,0.08615565,0.1153693,-0.1845959,0.9760196,13,5.7,-7.920568,72.01164,14,-5.7,-26.45586,203.8968
20.18201,5.980048,-7.887779,56.48383,0.1752727,2.951071,0.1034242,-0.01653109,0.01803174,-0.04491323,-0.9986914,0.07059553,2.936521,0.09124291,0.1023719,-0.187514,0.9769127,13,5.7,-7.604435,69.76224,14,-5.7,-26.13972,201.6474
20.19958,6.162948,-7.887781,56.48383,0.3810356,2.95328,0.1065165,-0.01797379,0.0168765,-0.0451948,-0.9986739,0.2534958,2.936521,0.09124291,0.1023719,-0.187514,0.9769127,13,5.7,-7.371547,68.10516,14,-5.7,-25.90684,199.9903
20.22363,6.821424,-8.514548,60.94337,0.7920591,2.956627,0.1127355,-0.02156821,0.01483621,-0.04702272,-0.9985508,0.6731702,2.944076,0.09729195,0.09881447,-0.1841626,0.9779161,13,5.7,-7.053159,65.83971,14,-5.7,-25.58845,197.7249
20.24133,6.684994,-7.903285,56.59415,0.9991775,2.958079,0.1160875,-0.02330632,0.01419212,-0.04884614,-0.9984335,0.9117781,2.950194,0.1040891,0.09986144,-0.1877367,0.9771298,13,5.7,-6.819917,64.1801,14,-5.7,-25.35521,196.0653
20.26538,7.053273,-7.903359,56.59453,1.413445,2.959306,0.1224379,-0.02879793,0.01356342,-0.05289849,-0.9980924,1.280016,2.950194,0.1040891,0.09986144,-0.1877367,0.9771298,13,5.7,-6.501095,61.91157,14,-5.7,-25.03638,193.7967
20.28308,6.670957,-7.123114,51.04295,1.620873,2.960183,0.1262074,-0.03073517,0.01302971,-0.05421981,-0.9979709,1.519391,2.954911,0.1113148,0.09873796,-0.1931615,0.9761862,13,5.7,-6.267566,60.24992,14,-5.7,-24.80285,192.1351
20.30725,5.377365,-5.900514,42.3437,2.041415,2.958906,0.1331089,-0.03469545,0.01325647,-0.05791106,-0.9976306,1.948063,2.957636,0.1191233,0.07923558,-0.2046717,0.9756184,13,5.7,-5.947855,57.97506,14,-5.7,-24.48314,189.8602
20.32495,5.566991,-5.900514,42.3437,2.254744,2.957392,0.1365062,-0.03824132,0.01399497,-0.06020861,-0.9973549,2.137689,2.957636,0.1191233,0.07923558,-0.2046717,0.9756184,13,5.7,-5.714738,56.31635,14,-5.7,-24.25003,188.2015
20.349,5.940911,-5.868097,42.11304,2.685419,2.95391,0.1436732,-0.04506634,0.01650772,-0.06334621,-0.9968369,2.575809,2.958306,0.1273144,0.0781941,-0.2050972,0.9756131,13,5.7,-5.396157,54.04953,14,-5.7,-23.93144,185.9347
20.36682,6.133152,-5.868097,42.11304,2.90169,2.953356,0.1478901,-0.04826153,0.01883464,-0.06527961,-0.9965214,2.76805,2.958306,0.1273144,0.0781941,-0.2050972,0.9756131,13,5.7,-5.160404,52.37206,14,-5.7,-23.69569,184.2572
20.39075,6.413714,-5.900341,42.3423,3.332019,2.950924,0.156892,-0.0475934,0.02308395,-0.06447084,-0.9965168,3.206834,2.956492,0.1355704,0.07415587,-0.2048056,0.9759895,13,5.7,-4.843617,50.118,14,-5.7,-23.37891,182.0032
20.40833,6.53494,-6.270623,44.97701,3.546068,2.949724,0.161862,-0.04525655,0.02508158,-0.06205408,-0.9967307,3.454185,2.953534,0.1444881,0.06715514,-0.2010708,0.9772721,13,5.7,-4.611565,48.46687,14,-5.7,-23.14685,180.352
20.4325,6.91737,-6.270624,44.97701,3.976302,2.944405,0.1709719,-0.0425419,0.02732114,-0.05544005,-0.9971811,3.836615,2.953534,0.1444881,0.06715514,-0.2010708,0.9772721,13,5.7,-4.292279,46.19503,14,-5.7,-22.82757,178.0802
20.45007,6.823544,-6.399676,45.89526,4.192945,2.940958,0.1753039,-0.0433163,0.02802658,-0.05453732,-0.997178,4.086331,2.950338,0.1548849,0.05852941,-0.1999301,0.9780605,13,5.7,-4.060183,44.54358,14,-5.7,-22.59547,176.4287
20.47437,6.833206,-6.49569,46.57843,4.612663,2.9352,0.1844773,-0.0469639,0.02634918,-0.04764972,-0.9974115,4.516617,2.945637,0.1658537,0.04885279,-0.1991011,0.9787605,13,5.7,-3.73909,42.25888,14,-5.7,-22.27438,174.144
20.49194,7.015018,-6.495689,46.57843,4.817201,2.932318,0.1892195,-0.04657586,0.02525259,-0.04468014,-0.9975954,4.698428,2.945637,0.1658537,0.04885279,-0.1991011,0.9787605,13,5.7,-3.505898,40.59963,14,-5.7,-22.04119,172.4848
20.51599,7.226223,-6.418365,46.02824,5.222486,2.926205,0.1982554,-0.04619045,0.02447677,-0.04070292,-0.997803,5.115282,2.939262,0.1766115,0.04506281,-0.19976,0.9788081,13,5.7,-3.187753,38.33592,14,-5.7,-21.72304,170.2211
20.53394,7.403406,-6.418364,46.02823,5.421817,2.923024,0.202363,-0.04633547,0.02304177,-0.0383533,-0.9979234,5.292465,2.939262,0.1766115,0.04506281,-0.19976,0.9788081,13,5.7,-2.951414,36.65428,14,-5.7,-21.4867,168.5394
20.55774,7.670839,-6.263752,44.92812,5.814559,2.915285,0.2098543,-0.04948378,0.0200857,-0.0357375,-0.9979333,5.697109,2.932166,0.1876361,0.0431714,-0.2011426,0.9786102,13,5.7,-2.635652,34.40752,14,-5.7,-21.17094,166.2927
20.57605,7.535607,-6.489986,46.53786,6.004956,2.911168,0.2134268,-0.05162754,0.0181876,-0.03519579,-0.9978803,5.920446,2.92459,0.1982911,0.03413712,-0.1989815,0.9794085,13,5.7,-2.394149,32.68913,14,-5.7,-20.92944,164.5743
20.59961,7.864154,-6.489986,46.53786,6.374571,2.903317,0.2205577,-0.05224004,0.01600501,-0.03347582,-0.997945,6.248993,2.92459,0.1982911,0.03413712,-0.1989815,0.9794085,13,5.7,-2.08324,30.4769,14,-5.7,-20.61853,162.362
20.61731,8.054976,-6.026829,43.24232,6.553718,2.899084,0.2238795,-0.05012981,0.01563001,-0.032358,-0.998096,6.46073,2.916,0.2078657,0.03624706,-0.203326,0.9784399,13,5.7,-1.849496,28.81372,14,-5.7,-20.38478,160.6989
20.64124,7.508962,-5.758832,41.33542,6.900641,2.889903,0.2298007,-0.04667717,0.01419649,-0.02807638,-0.9984145,6.819462,2.906774,0.2165297,0.01640574,-0.2061878,0.9783749,13,5.7,-1.532082,26.55521,14,-5.7,-20.06737,158.4404
20.65894,7.655895,-5.75883,41.33541,7.065942,2.884616,0.2322728,-0.04514432,0.01293553,-0.02419519,-0.9986037,6.966396,2.906774,0.2165297,0.01640574,-0.2061878,0.9783749,13,5.7,-1.297946,24.88925,14,-5.7,-19.83323,156.7744
20.68323,7.88943,-6.604821,47.35495,7.387448,2.874494,0.2375384,-0.04193302,0.01100576,-0.01796149,-0.9988984,7.300258,2.896497,0.2244837,0.01225336,-0.1976055,0.980205,13,5.7,-0.9779983,22.6127,14,-5.7,-19.51329,154.4978
20.70117,8.02365,-6.604821,47.35496,7.538446,2.869707,0.2403936,-0.03905783,0.009437568,-0.01356877,-0.9991003,7.434479,2.896497,0.2244837,0.01225336,-0.1976055,0.980205,13,5.7,-0.7399434,20.91885,14,-5.7,-19.27523,152.804
20.72473,6.389281,-8.365194,59.88062,7.828232,2.858968,0.2453755,-0.03349416,0.006389343,-0.006029233,-0.9994004,7.737553,2.885083,0.2314266,-0.0222063,-0.185294,0.9824322,13,5.7,-0.42775,18.69748,14,-5.7,-18.96304,150.5826
20.74255,3.405917,-12.38972,88.51664,7.961368,2.852968,0.2475219,-0.0321189,0.004473567,-0.002734988,-0.9994703,7.898505,2.873134,0.2379035,-0.05008402,-0.1701525,0.9841442,13,5.7,-0.1931905,17.0285,14,-5.7,-18.72848,148.9136
20.76685,3.627604,-12.38972,88.51661,8.210764,2.841908,0.2520866,-0.02949958,0.001063757,0.002567205,-0.999561,8.12019,2.873134,0.2379035,-0.05008402,-0.1701525,0.9841442,13,5.7,0.128041,14.74282,14,-5.7,-18.40725,146.628
20.78442,-0.8879749,-21.45816,153.0419,8.322868,2.836734,0.2546555,-0.02737454,-0.0004549772,0.004883072,-0.9996133,8.259113,2.860426,0.2439264,-0.05901682,-0.156903,0.9858491,13,5.7,0.361454,13.082,14,-5.7,-18.17383,144.9671
20.80835,-3.980585,-31.47714,224.3307,8.525737,2.826899,0.2592111,-0.02456579,-0.004220679,0.01066525,-0.9996324,8.474743,2.847326,0.2496145,-0.05486042,-0.1511847,0.986982,13,5.7,0.6778852,10.83048,14,-5.7,-17.8574,142.7156
20.82617,-3.9049,-31.47716,224.3309,8.610893,2.821932,0.2610828,-0.02499488,-0.005863309,0.0122777,-0.999595,8.550437,2.847326,0.2496145,-0.05486042,-0.1511847,0.986982,13,5.7,0.9133765,9.154869,14,-5.7,-17.62191,141.04
20.85022,0.009944918,-22.74147,162.1731,8.764398,2.812003,0.2647291,-0.02516985,-0.007782511,0.01315519,-0.9995664,8.717653,2.834724,0.2552174,-0.05304515,-0.1558037,0.9863627,13,5.7,1.230932,6.895343,14,-5.7,-17.30436,138.7805
20.86853,0.06345368,-22.74147,162.1731,8.824594,2.807639,0.2664261,-0.02633277,-0.00831157,0.01295463,-0.9995347,8.771162,2.834724,0.2552174,-0.05304515,-0.1558037,0.9863627,13,5.7,1.473358,5.17039,14,-5.7,-17.06193,137.0555
20.89197,2.570611,-11.85152,84.68713,8.927613,2.799695,0.2693524,-0.02825115,-0.009513475,0.01365389,-0.9994624,8.888312,2.822487,0.2604884,-0.07352583,-0.1707771,0.9825625,13,5.7,1.782561,2.970298,14,-5.7,-16.75273,134.8554
20.90991,2.629253,-11.64214,83.19728,8.963156,2.795996,0.270432,-0.02898907,-0.009335496,0.01399013,-0.9994383,8.940384,2.81108,0.2648382,-0.07475992,-0.1712087,0.9823943,13,5.7,2.020009,1.280772,14,-5.7,-16.51528,133.1659
20.93408,2.674757,-11.64214,83.19727,9.014349,2.788715,0.271881,-0.03120836,-0.008694626,0.01522806,-0.9993591,8.985889,2.81108,0.2648382,-0.07475992,-0.1712087,0.9823943,14,-5.7,-16.19528,130.889,15,5.7,-34.49647,261.1089
20.95178,0.9241888,-13.22734,94.47649,9.02423,2.785997,0.2724581,-0.03286054,-0.008705333,0.01694307,-0.9992784,9.009752,2.800936,0.2684089,-0.08430954,-0.1671296,0.9823236,14,-5.7,-15.96223,129.2308,15,5.7,-34.26342,259.4507
20.97546,1.0323,-11.6236,83.06538,9.033542,2.78091,0.273671,-0.03355387,-0.00910937,0.01754873,-0.9992414,9.027906,2.791953,0.2711556,-0.09471302,-0.1707613,0.9807497,14,-5.7,-15.64822,126.9965,15,5.7,-33.94942,257.2165
20.99329,1.021478,-11.62368,83.06585,9.02142,2.779055,0.2738644,-0.03337935,-0.00946334,0.01698962,-0.9992535,9.017132,2.791953,0.2711556,-0.09471302,-0.1707613,0.9807497,14,-5.7,-15.41357,125.3268,15,5.7,-33.71476,255.5468
21.01733,0.02223492,-12.67757,90.56467,8.976657,2.776281,0.2733389,-0.03272762,-0.008634135,0.01522174,-0.9993111,8.982195,2.78451,0.2730954,-0.09734529,-0.1679875,0.980971,14,-5.7,-15.09559,123.0643,15,5.7,-33.39679,253.2843
21.03577,-0.01102734,-12.67756,90.56458,8.939225,2.774804,0.2725726,-0.03193437,-0.008048311,0.01506438,-0.9993441,8.948922,2.78451,0.2730954,-0.09734529,-0.1679875,0.980971,14,-5.7,-14.85082,121.3227,15,5.7,-33.15202,251.5427
21.05908,-0.6033583,-12.39719,88.56967,8.847974,2.772317,0.2704533,-0.03213738,-0.007854849,0.0159191,-0.9993258,8.867069,2.779016,0.273652,-0.105122,-0.1684563,0.9800877,14,-5.7,-14.54386,119.1385,15,5.7,-32.84505,249.3585
21.07666,-0.4590932,-11.43109,81.69548,8.787044,2.771676,0.2689581,-0.03213613,-0.008676693,0.01834376,-0.9992775,8.807043,2.775048,0.2729701,-0.1114116,-0.1708078,0.9789853,14,-5.7,-14.31025,117.4763,15,5.7,-32.61143,247.6963
21.1012,-0.581646,-11.43109,81.69545,8.649169,2.771157,0.2656407,-0.03099493,-0.009762005,0.02036108,-0.9992645,8.684488,2.775048,0.2729701,-0.1114116,-0.1708078,0.9789853,14,-5.7,-13.98598,115.169,15,5.7,-32.28717,245.389
21.11829,-1.645301,-11.7928,84.26918,8.56575,2.772096,0.2636225,-0.02972588,-0.009651363,0.02029691,-0.9993054,8.599615,2.772014,0.2709553,-0.1193143,-0.1696246,0.9782595,14,-5.7,-13.7609,113.5675,15,5.7,-32.06208,243.7874
21.14258,-5.691754,-16.17465,115.4477,8.380322,2.775613,0.2599646,-0.02797977,-0.0101084,0.02171518,-0.9993215,8.419003,2.77065,0.2676131,-0.1200123,-0.1611302,0.9796092,14,-5.7,-13.43955,111.2809,15,5.7,-31.74073,241.5009
21.16003,-5.786889,-16.17465,115.4477,8.273295,2.778314,0.2578238,-0.02763038,-0.01109966,0.02389975,-0.9992709,8.323868,2.77065,0.2676131,-0.1200123,-0.1611302,0.9796092,14,-5.7,-13.20765,109.6309,15,5.7,-31.50883,239.8508
21.18433,-12.43174,-20.68471,147.5384,8.041037,2.786477,0.2535945,-0.02824266,-0.01466026,0.03125255,-0.9990048,8.096556,2.772102,0.2634097,-0.1363666,-0.1558203,0.9783273,14,-5.7,-12.88782,107.3552,15,5.7,-31.189,237.5751
21.20264,-12.54408,-20.68471,147.5384,7.914657,2.792032,0.2514414,-0.02721064,-0.01645198,0.03365445,-0.9989277,7.984219,2.772102,0.2634097,-0.1363666,-0.1558203,0.9783273,14,-5.7,-12.64506,105.6279,15,5.7,-30.94625,235.8479
21.22607,-12.85,-20.6475,150.2311,7.646623,2.8033,0.24635,-0.0276214,-0.01968762,0.03670939,-0.9987502,7.72026,2.776975,0.2587258,-0.1342897,-0.152923,0.9790714,14,-5.7,-12.33506,103.4221,15,5.7,-30.63624,233.642
21.24377,-12.85,-19.26138,140.9722,7.498438,2.809424,0.243168,-0.02898292,-0.02110157,0.03656348,-0.9986881,7.558447,2.786052,0.2538171,-0.141834,-0.1532246,0.9779598,14,-5.7,-12.10156,101.7607,15,5.7,-30.40275,231.9806
21.26831,-12.85,-18.96383,139.073,7.188579,2.822455,0.2367276,-0.03211636,-0.02479228,0.03946049,-0.9983971,7.283017,2.786052,0.2538171,-0.141834,-0.1532246,0.9779598,14,-5.7,-11.77614,99.44521,15,5.7,-30.07733,229.6652
21.2854,-10.77598,-17.745,126.6214,7.023121,2.829175,0.2332663,-0.03297429,-0.02695302,0.04063813,-0.998266,7.101058,2.798706,0.2477189,-0.1382872,-0.1589152,0.9775595,14,-5.7,-11.55103,97.84344,15,5.7,-29.85221,228.0634
21.30981,-12.85,-19.84099,141.6187,6.678415,2.842795,0.2259462,-0.03253277,-0.03126045,0.04404059,-0.9980105,6.755581,2.813421,0.2405596,-0.1356621,-0.1567587,0.9782753,14,-5.7,-11.22818,95.54623,15,5.7,-29.52936,225.7662
21.32727,-12.85,-19.6544,140.4542,6.496743,2.84943,0.2221638,-0.0302878,-0.03313118,0.04502916,-0.9979767,6.594094,2.813421,0.2405596,-0.1356621,-0.1567587,0.9782753,14,-5.7,-10.99657,93.89825,15,5.7,-29.29775,224.1182
21.35156,-12.85,-18.65628,136.4041,6.123659,2.862618,0.2140104,-0.0266178,-0.03651872,0.04646984,-0.997897,6.219557,2.829214,0.2326678,-0.1370247,-0.1543845,0.9784629,14,-5.7,-10.67573,91.61533,15,5.7,-28.97691,221.8353
21.36987,-12.85,-18.4598,135.1588,5.92747,2.868857,0.2095262,-0.02579981,-0.03788841,0.04648275,-0.9978668,6.045166,2.829214,0.2326678,-0.1370247,-0.1543845,0.9784629,14,-5.7,-10.43407,89.89586,15,5.7,-28.73525,220.1158
21.39319,-28.08771,-33.53166,238.9494,5.526857,2.881392,0.2006142,-0.02500944,-0.04055211,0.0477536,-0.9977223,5.642676,2.845383,0.2238305,-0.1383381,-0.1491929,0.9790833,14,-5.7,-10.12566,87.70142,15,5.7,-28.42685,217.9214
21.41089,-12.85,-18.70224,135.3571,5.318478,2.887697,0.1960894,-0.0252076,-0.04177346,0.0489101,-0.9976109,5.407907,2.861169,0.2139804,-0.1322412,-0.1561828,0.9788356,14,-5.7,-9.892243,86.04056,15,5.7,-28.19343,216.2605
21.43567,-12.85,-18.25485,132.5533,4.892322,2.900607,0.1869996,-0.02549096,-0.04403224,0.05188582,-0.9973561,5.029101,2.861169,0.2139804,-0.1322412,-0.1561828,0.9788356,14,-5.7,-9.564215,83.70651,15,5.7,-27.8654,213.9265
21.45276,-12.83256,-16.50127,123.5181,4.673205,2.907357,0.1823142,-0.02511317,-0.04455454,0.05327301,-0.9972694,4.781838,2.876453,0.2034615,-0.1397252,-0.1537127,0.9781867,14,-5.7,-9.338692,82.10184,15,5.7,-27.63988,212.3218
21.47668,-12.85,-16.63385,121.4341,4.226474,2.920404,0.1731087,-0.02383357,-0.04623061,0.05610631,-0.9970691,4.3297,2.891863,0.1923128,-0.1385462,-0.1574657,0.9777574,14,-5.7,-9.021507,79.84495,15,5.7,-27.32269,210.0649
21.49463,-12.79459,-16.33898,119.6031,3.996938,2.92678,0.1684211,-0.02385378,-0.04720522,0.05744488,-0.9969468,4.125667,2.891863,0.1923128,-0.1385462,-0.1574657,0.9777574,14,-5.7,-8.784545,78.15887,15,5.7,-27.08573,208.3788
21.51855,-12.85,-15.60904,113.7179,3.533179,2.938949,0.1590348,-0.02406485,-0.04889542,0.05868272,-0.9967881,3.655715,2.907368,0.1814642,-0.142028,-0.1593296,0.9769555,14,-5.7,-8.468615,75.9109,15,5.7,-26.7698,206.1309
21.53772,-12.85,-15.37289,112.2698,3.296355,2.944336,0.1543184,-0.02436084,-0.04946192,0.05839327,-0.9967699,3.445205,2.907368,0.1814642,-0.142028,-0.1593296,0.9769555,14,-5.7,-8.215453,74.10957,15,5.7,-26.51664,204.3296
21.5603,-12.85,-15.11854,111.4992,2.818138,2.954043,0.144834,-0.02458098,-0.05065862,0.0576849,-0.9967456,2.960287,2.922716,0.1704792,-0.1388282,-0.158418,0.9775635,14,-5.7,-7.916659,71.98354,15,5.7,-26.21784,202.2035
21.57825,-12.85,-14.72765,105.2296,2.575168,2.958204,0.1399224,-0.02491788,-0.05112232,0.05726074,-0.9967381,2.68266,2.937029,0.1591868,-0.1442601,-0.1640612,0.9758447,14,-5.7,-7.679535,70.29631,15,5.7,-25.98072,200.5163
21.60278,-12.85,-14.23547,102.3021,2.088292,2.966161,0.1307122,-0.02501852,-0.05257951,0.05704458,-0.9966722,2.249881,2.937029,0.1591868,-0.1442601,-0.1640612,0.9758447,14,-5.7,-7.355023,67.98729,15,5.7,-25.65621,198.2073
21.61987,-10.13363,-11.73362,83.84814,1.840566,2.969487,0.1262572,-0.02408431,-0.05349617,0.05825188,-0.9965766,1.96648,2.949482,0.1475967,-0.1409681,-0.1710603,0.9751238,14,-5.7,-7.128275,66.37389,15,5.7,-25.42946,196.5939
21.64368,-10.4015,-11.77845,84.16715,1.345057,2.975,0.1173327,-0.02418393,-0.05470175,0.05992532,-0.9964095,1.461729,2.95998,0.136535,-0.1377295,-0.1711101,0.9755778,14,-5.7,-6.813252,64.13239,15,5.7,-25.11444,194.3524
21.66174,-10.62318,-11.77845,84.16715,1.095666,2.976877,0.1128403,-0.02416848,-0.05492095,0.06057623,-0.9963584,1.240048,2.95998,0.136535,-0.1377295,-0.1711101,0.9755778,14,-5.7,-6.574517,62.43369,15,5.7,-24.8757,192.6537
21.68555,-10.45918,-11.57038,82.68661,0.5970823,2.979949,0.1038205,-0.02517027,-0.05554914,0.06175848,-0.9962263,0.7315782,2.968426,0.1256909,-0.1323177,-0.1719044,0.9761869,14,-5.7,-6.260702,60.20079,15,5.7,-24.56189,190.4208
21.70398,-10.68237,-11.57038,82.68665,0.3460071,2.981794,0.0993758,-0.02581583,-0.05583299,0.06258692,-0.9961421,0.5084002,2.968426,0.1256909,-0.1323177,-0.1719044,0.9761869,14,-5.7,-6.016723,58.46478,15,5.7,-24.31791,188.6848
21.72717,-9.9343,-10.47959,74.92529,-0.1497617,2.985019,0.09170748,-0.02485088,-0.05705199,0.06497522,-0.9959447,0.001593683,2.974531,0.1146066,-0.1296141,-0.1755096,0.9759081,14,-5.7,-5.709504,56.27881,15,5.7,-24.01069,186.4988
21.74536,-9.89804,-10.23859,73.21044,-0.3981232,2.984281,0.08770643,-0.02276776,-0.05734181,0.06340569,-0.996079,-0.2854776,2.979041,0.1041003,-0.1283199,-0.1764446,0.9759105,14,-5.7,-5.469889,54.57386,15,5.7,-23.77107,184.7938
21.76965,-10.33255,-10.23859,73.21044,-0.8869416,2.986103,0.08030418,-0.02332094,-0.05763973,0.06052316,-0.9962282,-0.7199829,2.979041,0.1041003,-0.1283199,-0.1764446,0.9759105,14,-5.7,-5.148522,52.28721,15,5.7,-23.44971,182.5072
21.78699,-10.93747,-10.7401,76.7789,-1.132151,2.986076,0.07699712,-0.02168377,-0.05799786,0.06012138,-0.9962688,-1.004068,2.982257,0.09433353,-0.1264862,-0.1747327,0.9764578,14,-5.7,-4.919418,50.65705,15,5.7,-23.2206,180.877
21.81067,-9.750306,-9.902757,70.82088,-1.616752,2.985069,0.07003378,-0.02035615,-0.05732314,0.0563865,-0.9965543,-1.50049,2.984073,0.0851109,-0.1139921,-0.1780642,0.977394,14,-5.7,-4.605382,48.42257,15,5.7,-22.90657,178.6425
21.82874,-9.965394,-9.902761,70.82091,-1.858724,2.983708,0.06657389,-0.02132931,-0.05561648,0.05368317,-0.9967799,-1.715576,2.984073,0.0851109,-0.1139921,-0.1780642,0.977394,14,-5.7,-4.367827,46.73228,15,5.7,-22.66901,176.9523
21.85266,-10.35919,-10.14422,72.53894,-2.335586,2.981412,0.06051654,-0.02279306,-0.05195469,0.04986367,-0.9971434,-2.204501,2.984399,0.0763588,-0.110061,-0.1771924,0.9780028,14,-5.7,-4.050652,44.47546,15,5.7,-22.35184,174.6954
21.87085,-10.56951,-10.14421,72.53893,-2.572207,2.978833,0.05768055,-0.02304414,-0.04991557,0.04888506,-0.9972903,-2.414831,2.984399,0.0763588,-0.110061,-0.1771924,0.9780028,14,-5.7,-3.809988,42.76305,15,5.7,-22.11117,172.983
21.89453,-8.732396,-7.132332,51.10828,-3.038301,2.974213,0.05228523,-0.02350903,-0.04674407,0.04748067,-0.9975008,-2.89357,2.983137,0.0683881,-0.1115147,-0.1931937,0.9748029,14,-5.7,-3.497284,40.53805,15,5.7,-21.79847,170.758
21.91211,-8.361792,-6.572332,47.12368,-3.268736,2.972716,0.05013437,-0.02286477,-0.04565469,0.04784925,-0.9975487,-3.162008,2.97978,0.0609833,-0.1076493,-0.1977541,0.9743229,14,-5.7,-3.264325,38.88045,15,5.7,-21.56551,169.1004
21.93665,-8.765909,-6.572328,47.12365,-3.72337,2.967054,0.04543057,-0.02132458,-0.04122668,0.04483406,-0.9979156,-3.566127,2.97978,0.0609833,-0.1076493,-0.1977541,0.9743229,14,-5.7,-2.941002,36.5799,15,5.7,-21.24219,166.7999
21.95386,-8.62041,-6.104792,43.79695,-3.947052,2.963583,0.04296102,-0.02278973,-0.03827915,0.0432795,-0.9980693,-3.827432,2.975176,0.05417359,-0.1066727,-0.2020842,0.9735415,14,-5.7,-2.713616,34.96196,15,5.7,-21.0148,165.1819
21.97791,-8.710961,-5.954892,42.73036,-4.385783,2.95724,0.03897136,-0.02619841,-0.0330171,0.04026371,-0.9982998,-4.278665,2.969491,0.04822052,-0.101125,-0.2036143,0.9738147,14,-5.7,-2.39503,32.6951,15,5.7,-20.69622,162.9151
21.99561,-8.901916,-5.954892,42.73037,-4.600606,2.954555,0.03762442,-0.02801346,-0.02996562,0.03813878,-0.9984302,-4.469619,2.969491,0.04822052,-0.101125,-0.2036143,0.9738147,14,-5.7,-2.160939,31.02945,15,5.7,-20.46212,161.2494
22.01965,-8.743491,-5.446205,39.11087,-5.026058,2.948424,0.03507836,-0.02836338,-0.02274332,0.0346405,-0.9987384,-4.90764,2.96246,0.04297626,-0.09554692,-0.2094509,0.9731399,14,-5.7,-1.842841,28.76607,15,5.7,-20.14403,158.9861
22.03748,-8.929718,-5.446202,39.11086,-5.235565,2.944463,0.03395246,-0.02885902,-0.0191914,0.03332365,-0.9988435,-5.093868,2.96246,0.04297626,-0.09554692,-0.2094509,0.9731399,14,-5.7,-1.60676,27.08627,15,5.7,-19.90794,157.3062
22.0614,-8.872905,-5.0493,36.28675,-5.63977,2.937626,0.03216489,-0.02920048,-0.01263485,0.02867993,-0.9990822,-5.511384,2.955201,0.03865075,-0.09018575,-0.2147517,0.9724959,14,-5.7,-1.291304,24.84168,15,5.7,-19.59249,155.0617
22.0791,-9.339886,-5.137768,36.91623,-5.834719,2.933836,0.03169751,-0.0293402,-0.009763241,0.02606972,-0.9991818,-5.741323,2.947257,0.03500581,-0.09487846,-0.2131671,0.972398,14,-5.7,-1.057604,23.17882,15,5.7,-19.35879,153.3988
22.10339,-9.677276,-5.137766,36.91621,-6.214283,2.926227,0.03121101,-0.03083201,-0.004736133,0.02142879,-0.9992837,-6.078712,2.947257,0.03500581,-0.09487846,-0.2131671,0.972398,14,-5.7,-0.7360062,20.89053,15,5.7,-19.03719,151.1105
22.12085,-9.424654,-4.877896,35.06715,-6.399183,2.921931,0.03112061,-0.03111432,-0.002967022,0.01995108,-0.9993123,-6.29772,2.939029,0.03278983,-0.08678262,-0.2169454,0.9723186,14,-5.7,-0.5058188,19.25266,15,5.7,-18.807,149.4727
22.14502,-9.143724,-4.521155,32.52881,-6.758458,2.912579,0.03092547,-0.03292813,0.000477396,0.01847337,-0.9992869,-6.669281,2.930228,0.0315758,-0.07401351,-0.22288,0.9720322,14,-5.7,-0.1853199,16.97219,15,5.7,-18.4865,147.1922
22.16248,-9.293169,-4.521155,32.52881,-6.926583,2.907794,0.03101381,-0.03354102,0.001407005,0.01731251,-0.9992864,-6.818726,2.930228,0.0315758,-0.07401351,-0.22288,0.9720322,14,-5.7,0.04555896,15.32941,15,5.7,-18.25562,145.5494
22.18665,-9.568008,-4.319449,31.09359,-7.25084,2.897729,0.03140589,-0.03340638,0.0035007,0.01195372,-0.9993643,-7.156785,2.92042,0.03104126,-0.07538337,-0.226344,0.971126,14,-5.7,0.3655399,13.05262,15,5.7,-17.93564,143.2726
22.20435,-9.704209,-4.31945,31.0936,-7.404066,2.891952,0.03163151,-0.03321213,0.005119868,0.007906507,-0.999404,-7.292984,2.92042,0.03104126,-0.07538337,-0.226344,0.971126,14,-5.7,0.5989268,11.39199,15,5.7,-17.70226,141.612
22.22852,-7.844564,-8.05068,57.64269,-7.69485,2.879907,0.03210679,-0.03443759,0.009379223,0.0005989138,-0.9993627,-7.598392,2.909516,0.0309633,-0.004197591,-0.1868889,0.9823721,14,-5.7,0.918277,9.119696,15,5.7,-17.38291,139.3397
22.24622,-1.686139,-13.80709,98.60171,-7.828957,2.873729,0.03230808,-0.03609778,0.01187395,-0.002745294,-0.999274,-7.761151,2.897209,0.0313381,0.06065299,-0.1667759,0.9841276,14,-5.7,1.152051,7.456309,15,5.7,-17.14913,137.6763
22.27051,-1.909268,-13.80708,98.60167,-8.079974,2.860889,0.03265904,-0.03926858,0.01640001,-0.007947805,-0.9990625,-7.984278,2.897209,0.0313381,0.06065299,-0.1667759,0.9841276,14,-5.7,1.473081,5.172063,15,5.7,-16.8281,135.3921
22.28784,-2.819482,-13.30691,95.04279,-8.195038,2.854754,0.03270062,-0.04178605,0.01903713,-0.01109303,-0.9988837,-8.126553,2.883484,0.03186786,0.05498045,-0.16773,0.9842986,14,-5.7,1.702484,3.539771,15,5.7,-16.5987,133.7598
22.31213,-3.547188,-12.1612,86.89059,-8.406921,2.842783,0.03327202,-0.04491979,0.02517435,-0.01720736,-0.9985251,-8.351211,2.868862,0.03216541,0.05441799,-0.1702543,0.9838964,14,-5.7,2.023761,1.253771,15,5.7,-16.27742,131.4738
22.32959,-3.627273,-12.16119,86.89057,-8.497014,2.837163,0.03383074,-0.04489474,0.02872402,-0.02044809,-0.9983693,-8.431293,2.868862,0.03216541,0.05441799,-0.1702543,0.9838964,15,5.7,-16.0459,129.8264,16,-5.7,-34.34049,259.999
22.354,-4.03435,-10.57495,75.60386,-8.659626,2.826406,0.03476033,-0.04494368,0.03507916,-0.02645601,-0.9980229,-8.607677,2.853999,0.03265679,0.05947791,-0.1746487,0.9828327,15,5.7,-15.72413,127.5369,16,-5.7,-34.01872,257.7094
22.37158,-4.094141,-10.57494,75.60383,-8.726888,2.820841,0.03498588,-0.04567398,0.03790535,-0.02878808,-0.9978218,-8.667465,2.853999,0.03265679,0.05947791,-0.1746487,0.9828327,15,5.7,-15.49124,125.8798,16,-5.7,-33.78583,256.0524
22.39575,-2.190269,-13.28763,94.90556,-8.841007,2.810085,0.03543789,-0.04895314,0.04344121,-0.03414254,-0.9972717,-8.796026,2.839787,0.03353405,0.06848223,-0.1671937,0.9835428,15,5.7,-15.17214,123.6093,16,-5.7,-33.46674,253.7819
22.41345,-1.275071,-16.72083,119.3342,-8.884315,2.805036,0.03574391,-0.05123883,0.04585415,-0.03732637,-0.9969347,-8.856867,2.826317,0.0345521,0.0625933,-0.1613761,0.9849061,15,5.7,-14.93685,121.9351,16,-5.7,-33.23144,252.1077
22.43738,-1.330158,-16.72082,119.3341,-8.946281,2.796766,0.03617189,-0.05516884,0.05038882,-0.04267939,-0.996291,-8.911948,2.826317,0.0345521,0.0625933,-0.1613761,0.9849061,15,5.7,-14.62096,119.6874,16,-5.7,-32.91556,249.86
22.4552,-0.4058657,-14.37283,102.6273,-8.957024,2.793384,0.03639163,-0.05597715,0.05353941,-0.04634051,-0.995918,-8.938971,2.81338,0.03552604,0.08175761,-0.164665,0.9829553,15,5.7,-14.38633,118.018,16,-5.7,-32.68093,248.1906
22.47913,0.574773,-12.14968,86.80869,-8.964005,2.787467,0.03658895,-0.0575465,0.05950765,-0.04972519,-0.9953264,-8.956652,2.801976,0.03597188,0.1076197,-0.1688198,0.979754,15,5.7,-14.06923,115.7616,16,-5.7,-32.36382,245.9342
22.49719,0.5839139,-12.14968,86.80869,-8.953722,2.785311,0.03684179,-0.05623319,0.06162146,-0.0481907,-0.9953484,-8.947512,2.801976,0.03597188,0.1076197,-0.1688198,0.979754,15,5.7,-13.83081,114.0652,16,-5.7,-32.1254,244.2378
22.521,0.1206122,-11.16974,79.83606,-8.909855,2.781139,0.03730011,-0.05300299,0.064917,-0.04584783,-0.9954268,-8.914257,2.792771,0.0363034,0.1108378,-0.1712891,0.9789663,15,5.7,-13.51619,111.8266,16,-5.7,-31.81079,241.9991
22.53857,0.1540566,-11.16975,79.83609,-8.872233,2.779339,0.03750355,-0.05114398,0.06523754,-0.04469478,-0.9955555,-8.880816,2.792771,0.0363034,0.1108378,-0.1712891,0.9789663,15,5.7,-13.28355,110.1713,16,-5.7,-31.57815,240.3439
22.56299,3.068404,-16.0073,114.2572,-8.780663,2.776182,0.0377546,-0.04954332,0.06618401,-0.04412281,-0.9955995,-8.799819,2.785892,0.03673041,0.1019931,-0.1615049,0.9815873,15,5.7,-12.96049,107.8725,16,-5.7,-31.25508,238.0451
22.58044,7.694182,-20.6861,147.5485,-8.722112,2.774699,0.03784098,-0.04891762,0.06610738,-0.0436913,-0.9956546,-8.742828,2.780743,0.03726232,0.1093847,-0.1561667,0.9816552,15,5.7,-12.72964,106.23,16,-5.7,-31.02423,236.4026
22.60449,7.814498,-20.68608,147.5484,-8.586743,2.771868,0.03817841,-0.04689794,0.06530267,-0.04253422,-0.995855,-8.622501,2.780743,0.03726232,0.1093847,-0.1561667,0.9816552,15,5.7,-12.41168,103.9676,16,-5.7,-30.70627,234.1402
22.62231,2.894008,-14.03415,100.2175,-8.505437,2.771054,0.03833755,-0.04619372,0.06403208,-0.04307004,-0.9959473,-8.539952,2.776472,0.03760505,0.1118541,-0.1644521,0.9800225,15,5.7,-12.1766,102.2949,16,-5.7,-30.4712,232.4675
22.64624,2.61332,-12.4705,89.09154,-8.330769,2.770339,0.03895398,-0.04538308,0.062728,-0.04630829,-0.9959223,-8.369635,2.772894,0.03796875,0.1206734,-0.1674843,0.9784615,15,5.7,-11.85926,100.0369,16,-5.7,-30.15386,230.2095
22.66443,2.703369,-12.4705,89.09156,-8.229467,2.770986,0.03927166,-0.04600239,0.06299224,-0.04962187,-0.9957176,-8.27959,2.772894,0.03796875,0.1206734,-0.1674843,0.9784615,15,5.7,-11.61986,98.33351,16,-5.7,-29.91446,228.5061
22.68799,4.772002,-14.23379,101.638,-8.010283,2.774116,0.04003379,-0.04723411,0.06388769,-0.0543966,-0.9953534,-8.065389,2.770557,0.03873134,0.1236633,-0.1638038,0.9787112,15,5.7,-11.30704,96.10767,16,-5.7,-29.60164,226.2802
22.70593,4.879716,-14.23378,101.6379,-7.889099,2.778131,0.04098531,-0.04804829,0.06368327,-0.05574748,-0.9952528,-7.95767,2.770557,0.03873134,0.1236633,-0.1638038,0.9787112,15,5.7,-11.07099,94.42807,16,-5.7,-29.36559,224.6006
22.72986,10.21838,-19.66315,140.2698,-7.629657,2.785929,0.04171621,-0.05035143,0.06166222,-0.0565795,-0.9952193,-7.702953,2.770293,0.03920603,0.1252014,-0.1567237,0.9796746,15,5.7,-10.75375,92.1708,16,-5.7,-29.04835,222.3434
22.74768,12.85,-21.78879,158.5674,-7.486617,2.790553,0.04185904,-0.05446163,0.06042503,-0.05829591,-0.9949796,-7.547285,2.77389,0.04013646,0.1261346,-0.151893,0.9803156,15,5.7,-10.51818,90.49461,16,-5.7,-28.81277,220.6672
22.77173,12.85,-21.47642,156.5513,-7.194796,2.802483,0.04275415,-0.06310447,0.05868482,-0.06025636,-0.9944562,-7.287889,2.77389,0.04013646,0.1261346,-0.151893,0.9803156,15,5.7,-10.20053,88.23441,16,-5.7,-28.49512,218.407
22.78931,10.41098,-18.48083,131.8572,-7.037661,2.80951,0.0431734,-0.06607104,0.05689804,-0.05906215,-0.9944389,-7.115595,2.781634,0.04144561,0.1301494,-0.1578915,0.9788419,15,5.7,-9.968632,86.5844,16,-5.7,-28.26323,216.757
22.81372,7.87017,-14.99347,107.0434,-6.703056,2.823832,0.04319822,-0.071951,0.05406567,-0.0604858,-0.9941034,-6.781648,2.793088,0.04263127,0.1338626,-0.1625024,0.9775857,15,5.7,-9.645583,84.28578,16,-5.7,-27.94018,214.4584
22.83093,8.027975,-14.99349,107.0435,-6.525537,2.830934,0.04317864,-0.07437715,0.05178376,-0.06044919,-0.9940485,-6.623853,2.793088,0.04263127,0.1338626,-0.1625024,0.9775857,15,5.7,-9.417818,82.66515,16,-5.7,-27.71241,212.8377
22.85547,5.791525,-11.79645,84.2954,-6.161541,2.845532,0.04348379,-0.07618517,0.0464525,-0.06082866,-0.9941518,-6.259475,2.808003,0.04302418,0.1395538,-0.1691234,0.9756649,15,5.7,-9.093564,80.35796,16,-5.7,-27.38816,210.5305
22.8728,5.961241,-11.79644,84.29538,-5.970606,2.852632,0.04383022,-0.07471209,0.043465,-0.06124336,-0.9943733,-6.089755,2.808003,0.04302418,0.1395538,-0.1691234,0.9756649,15,5.7,-8.864534,78.72833,16,-5.7,-27.15913,208.9009
22.89673,8.954822,-13.99409,99.93244,-5.577105,2.865763,0.04414255,-0.07199028,0.03652577,-0.06219144,-0.9947942,-5.695315,2.82477,0.0431658,0.1431387,-0.1643282,0.975965,15,5.7,-8.548172,76.47729,16,-5.7,-26.84277,206.6499
22.91418,8.740647,-12.75425,91.11049,-5.368438,2.871858,0.04412845,-0.07199273,0.03324516,-0.06494547,-0.9947332,-5.461773,2.842134,0.04335177,0.1519329,-0.1668451,0.974207,15,5.7,-8.317984,74.83942,16,-5.7,-26.61258,205.012
22.93848,9.111812,-12.75425,91.11053,-4.950886,2.884409,0.0446026,-0.07335179,0.02927933,-0.07118355,-0.9943315,-5.090615,2.842134,0.04335177,0.1519329,-0.1668451,0.974207,15,5.7,-7.996809,72.55414,16,-5.7,-26.2914,202.7267
22.95593,7.725395,-11.09713,79.31952,-4.737463,2.89061,0.04519663,-0.07349978,0.02900063,-0.07427746,-0.9941025,-4.849734,2.858604,0.04374111,0.1543507,-0.1712967,0.9730536,15,5.7,-7.764545,70.9015,16,-5.7,-26.05914,201.0741
22.98035,7.502105,-10.68535,76.3895,-4.299786,2.902515,0.04639009,-0.07400773,0.02713946,-0.07746416,-0.993874,-4.406669,2.87406,0.04424083,0.1518024,-0.1728432,0.973181,15,5.7,-7.44312,68.61444,16,-5.7,-25.73772,198.787
22.9978,7.705494,-10.68535,76.3895,-4.070973,2.908524,0.04701163,-0.07521234,0.02568068,-0.07941519,-0.9936684,-4.203279,2.87406,0.04424083,0.1518024,-0.1728432,0.973181,15,5.7,-7.212048,66.97027,16,-5.7,-25.50664,197.1429
23.02209,6.843121,-10.18652,72.84017,-3.61302,2.920807,0.04874293,-0.07773595,0.02223621,-0.08270097,-0.9932891,-3.739929,2.888905,0.04515362,0.1416487,-0.1750079,0.9743243,15,5.7,-6.890765,64.68423,16,-5.7,-25.18536,194.8568
23.03943,6.949307,-9.749083,69.72763,-3.380519,2.92659,0.04983474,-0.07855317,0.02095312,-0.08336053,-0.9931976,-3.474597,2.903431,0.04653275,0.1456188,-0.1767518,0.9734238,15,5.7,-6.660679,63.04708,16,-5.7,-24.95527,193.2197
23.06372,7.364902,-9.749083,69.72764,-2.912974,2.938076,0.05238488,-0.08048239,0.01904122,-0.08412324,-0.9930173,-3.059002,2.903431,0.04653275,0.1456188,-0.1767518,0.9734238,15,5.7,-6.339931,60.76484,16,-5.7,-24.63453,190.9374
23.08118,6.71943,-8.897025,63.66493,-2.677037,2.943718,0.05409811,-0.08082124,0.01853853,-0.08407155,-0.9930037,-2.788765,2.917733,0.04849637,0.1453872,-0.1806562,0.9727414,15,5.7,-6.109108,59.12244,16,-5.7,-24.4037,189.295
23.10547,7.142904,-8.897025,63.66492,-2.200629,2.95299,0.05763986,-0.07941756,0.01755287,-0.08323943,-0.993205,-2.365291,2.917733,0.04849637,0.1453872,-0.1806562,0.9727414,15,5.7,-5.787862,56.83666,16,-5.7,-24.08246,187.0092
23.12305,8.342716,-9.766129,69.84892,-1.960814,2.956492,0.05936873,-0.07884616,0.01713979,-0.08282355,-0.9932925,-2.090336,2.931662,0.05122626,0.1454969,-0.1770804,0.9733824,15,5.7,-5.556414,55.18982,16,-5.7,-23.85101,185.3624
23.14722,10.02828,-10.95323,78.29559,-1.479011,2.961705,0.06322843,-0.07684811,0.01758977,-0.08279289,-0.9934437,-1.599252,2.944222,0.0547545,0.14478,-0.173044,0.9742149,15,5.7,-5.236094,52.91063,16,-5.7,-23.53069,183.0832
23.16479,10.24213,-10.95325,78.2957,-1.238451,2.963566,0.06550165,-0.0760516,0.01784525,-0.08164912,-0.9935951,-1.385421,2.944222,0.0547545,0.14478,-0.173044,0.9742149,15,5.7,-5.004459,51.26246,16,-5.7,-23.29906,181.4351
23.18896,9.573441,-10.08101,72.08939,-0.7565306,2.966021,0.07064843,-0.07231545,0.01841568,-0.08087873,-0.9939265,-0.8935062,2.954057,0.05895507,0.1415505,-0.1762807,0.9741091,15,5.7,-4.683514,48.97882,16,-5.7,-22.97811,179.1514
23.20654,9.110982,-9.976875,71.34846,-0.5146208,2.965623,0.07346779,-0.0698517,0.01930018,-0.08134956,-0.9940476,-0.6145896,2.960751,0.06392527,0.1330467,-0.1769879,0.9751789,15,5.7,-4.452398,47.33434,16,-5.7,-22.74699,177.5069
23.23071,9.53863,-9.976897,71.34859,-0.03353787,2.964226,0.0795904,-0.06487834,0.01969881,-0.07989579,-0.9944946,-0.1869603,2.960751,0.06392527,0.1330467,-0.1769879,0.9751789,15,5.7,-4.132548,45.05849,16,-5.7,-22.42715,175.2311
23.24841,10.0516,-10.46384,74.81337,0.2062903,2.964443,0.08341902,-0.06427568,0.018806,-0.07714995,-0.9947678,0.09031169,2.96401,0.06983972,0.1300587,-0.1753197,0.9758831,15,5.7,-3.897544,43.38635,16,-5.7,-22.19214,173.5589
23.27258,9.60866,-9.817245,70.2126,0.6865844,2.959474,0.09063239,-0.05800761,0.01644071,-0.0697284,-0.9957423,0.5817071,2.964502,0.07684517,0.1256183,-0.1778697,0.9760033,15,5.7,-3.578376,41.11535,16,-5.7,-21.87297,171.2879
23.29028,9.818978,-9.817246,70.21261,0.9231926,2.956404,0.09472968,-0.05800749,0.01696957,-0.06939428,-0.9957568,0.7920255,2.964502,0.07684517,0.1256183,-0.1778697,0.9760033,15,5.7,-3.344793,39.45332,16,-5.7,-21.63939,169.6259
23.31433,11.13822,-10.6935,76.4475,1.383162,2.949388,0.1031315,-0.05551739,0.0161134,-0.06332162,-0.9963176,1.264615,2.961754,0.08499002,0.1262614,-0.1746204,0.9765069,15,5.7,-3.027221,37.19368,16,-5.7,-21.32182,167.3663
23.33203,11.34302,-10.6935,76.44749,1.613567,2.944166,0.1074936,-0.05346385,0.01656022,-0.06131777,-0.9965479,1.469419,2.961754,0.08499002,0.1262614,-0.1746204,0.9765069,15,5.7,-2.792441,35.52313,16,-5.7,-21.08704,165.6957
23.35608,10.82069,-10.23737,73.20193,2.058536,2.935679,0.1163741,-0.05436005,0.01653561,-0.05575353,-0.9968265,1.927859,2.955638,0.09412563,0.1188578,-0.1763322,0.9771284,15,5.7,-2.4744,33.26015,16,-5.7,-20.769,163.4327
23.37402,8.438951,-7.38846,52.93093,2.276825,2.931289,0.1213321,-0.05245436,0.01734489,-0.05197345,-0.9971191,2.183511,2.946662,0.1040332,0.1154339,-0.1907178,0.9748342,15,5.7,-2.237153,31.57205,16,-5.7,-20.53175,161.7446
23.39771,8.821514,-7.388459,52.93093,2.70721,2.920028,0.1303522,-0.05036799,0.02006528,-0.04912931,-0.9973198,2.566075,2.946662,0.1040332,0.1154339,-0.1907178,0.9748342,15,5.7,-1.923784,29.34232,16,-5.7,-20.21838,159.5149
23.41565,8.298923,-7.064146,50.62332,2.914137,2.914389,0.1349158,-0.05173173,0.0212591,-0.04747248,-0.9973055,2.809867,2.936244,0.1146414,0.1060053,-0.1931289,0.9754303,15,5.7,-1.686531,27.65417,16,-5.7,-19.98113,157.8268
23.43958,7.662027,-6.120876,43.91161,3.324201,2.902996,0.144125,-0.05244268,0.02387803,-0.04435187,-0.9973528,3.232244,2.924262,0.1257216,0.0985945,-0.2013194,0.974551,15,5.7,-1.37102,25.4092,16,-5.7,-19.66562,155.5818
23.45764,7.842153,-6.120876,43.91161,3.526842,2.896055,0.1485122,-0.0529726,0.02494194,-0.04366419,-0.9973291,3.412369,2.924262,0.1257216,0.0985945,-0.2013194,0.974551,15,5.7,-1.131415,23.70432,16,-5.7,-19.42601,153.8769
23.48132,7.632547,-5.845634,41.95316,3.922756,2.88224,0.1567622,-0.05577814,0.0259848,-0.04079869,-0.9972708,3.820196,2.910967,0.1367426,0.08888011,-0.204149,0.9748967,15,5.7,-0.8189478,21.481,16,-5.7,-19.11355,151.6536
23.49927,7.798887,-5.845634,41.95316,4.109886,2.87579,0.1606162,-0.05695962,0.02558679,-0.03776418,-0.9973339,3.986533,2.910967,0.1367426,0.08888011,-0.204149,0.9748967,15,5.7,-0.5820332,19.79526,16,-5.7,-18.87663,149.9678
23.52307,7.722034,-5.467043,39.25934,4.471026,2.863136,0.168246,-0.05723416,0.02470344,-0.03100823,-0.9975733,4.361731,2.896075,0.1472962,0.08372062,-0.2083639,0.9744616,15,5.7,-0.2661081,17.54734,16,-5.7,-18.56071,147.7199
23.54089,7.540062,-4.987855,35.84974,4.644626,2.856656,0.1720626,-0.05509384,0.0239212,-0.02813358,-0.9977981,4.567996,2.880301,0.1572564,0.08104874,-0.2145661,0.9733409,15,5.7,-0.03179596,15.88012,16,-5.7,-18.3264,146.0527
23.56494,7.833835,-4.987855,35.84974,4.975121,2.843162,0.1790735,-0.05101482,0.02096215,-0.02258515,-0.9982224,4.86177,2.880301,0.1572564,0.08104874,-0.2145661,0.9733409,15,5.7,0.285974,13.61907,16,-5.7,-18.00863,143.7917
23.58264,7.468334,-4.28835,30.8725,5.126464,2.836501,0.1823259,-0.04897389,0.01846628,-0.01914998,-0.9984457,5.045274,2.86461,0.1666474,0.07662818,-0.2262094,0.9710599,15,5.7,0.5205086,11.95027,16,-5.7,-17.77409,142.1228
23.60681,7.806499,-4.271376,30.75173,5.411887,2.823258,0.1885041,-0.04523144,0.01400546,-0.01369655,-0.9987845,5.344424,2.848807,0.17537,0.07818381,-0.2261034,0.9709607,15,5.7,0.8397666,9.678631,16,-5.7,-17.45483,139.8512
23.62439,7.920233,-4.271376,30.75173,5.539838,2.817029,0.1912583,-0.0432734,0.01146246,-0.01229481,-0.9989219,5.458158,2.848807,0.17537,0.07818381,-0.2261034,0.9709607,15,5.7,1.072929,8.019595,16,-5.7,-17.22167,138.1922
23.64856,7.490363,-3.744129,27.00018,5.782011,2.804811,0.1961768,-0.0407161,0.007126167,-0.01157905,-0.9990783,5.714487,2.832951,0.1832312,0.0641834,-0.2377078,0.9692138,15,5.7,1.392,5.749285,16,-5.7,-16.9026,135.9219
23.66626,7.583851,-3.744129,27.00017,5.887185,2.798834,0.1979676,-0.04179128,0.004997067,-0.01247616,-0.999036,5.807974,2.832951,0.1832312,0.0641834,-0.2377078,0.9692138,15,5.7,1.626116,4.083463,16,-5.7,-16.66848,134.256
23.69031,7.367247,-3.402567,24.56983,6.073331,2.788501,0.2008681,-0.04626656,-0.001127519,-0.009746312,-0.998881,6.01023,2.81756,0.190336,0.0538561,-0.2468594,0.9675536,15,5.7,1.944147,1.820561,16,-5.7,-16.35045,131.9931
23.70789,6.989949,-2.868789,20.77181,6.147254,2.783939,0.2017024,-0.04917696,-0.004851126,-0.005830065,-0.9987614,6.107724,2.803005,0.1960363,0.04129983,-0.2655159,0.9632214,15,5.7,2.176089,0.1702025,16,-5.7,-16.11851,130.3428
23.73206,7.09993,-2.868789,20.77181,6.270982,2.77534,0.2028986,-0.05130336,-0.0085719,-0.004298881,-0.9986371,6.217705,2.803005,0.1960363,0.04129983,-0.2655159,0.9632214,16,-5.7,-15.79762,128.0595,17,0.7,-33.89014,256.7947
23.74976,6.853714,-2.543582,18.45784,6.314707,2.771791,0.2031013,-0.04977529,-0.008202783,-0.005788023,-0.99871,6.2826,2.789981,0.1999567,0.03001183,-0.2802781,0.9594496,16,-5.7,-15.56483,126.4031,17,0.7,-33.65734,255.1383
23.77393,6.091132,-2.45339,17.81609,6.379222,2.76583,0.2024502,-0.04827698,-0.00864815,-0.006205114,-0.9987773,6.359591,2.77884,0.2021619,-0.01460891,-0.2847228,0.9584986,16,-5.7,-15.24502,124.1276,17,0.7,-33.33753,252.8627
23.79138,6.106051,-2.453401,17.81612,6.396008,2.76346,0.2017326,-0.04784979,-0.009671345,-0.005369476,-0.9987934,6.374512,2.77884,0.2021619,-0.01460891,-0.2847228,0.9584986,16,-5.7,-15.01405,122.4841,17,0.7,-33.10657,251.2193
23.81592,2.75545,-5.734317,41.16105,6.407272,2.758969,0.1993209,-0.04666702,-0.01212099,-0.004634446,-0.9988263,6.397681,2.769987,0.2027491,-0.08674017,-0.202531,0.9754267,16,-5.7,-14.69015,120.1795,17,0.7,-32.78266,248.9146
23.83325,2.744635,-5.734319,41.16106,6.395106,2.757512,0.1976026,-0.04676087,-0.01307148,-0.004032602,-0.9988125,6.386867,2.769987,0.2027491,-0.08674017,-0.202531,0.9754267,16,-5.7,-14.46055,118.5458,17,0.7,-32.55307,247.281
23.85742,0.1647516,-9.432909,67.47792,6.352079,2.755215,0.1935336,-0.04818907,-0.01395461,-0.004500919,-0.9987306,6.355787,2.763097,0.2016275,-0.09017927,-0.1776483,0.9799535,16,-5.7,-14.1403,116.2671,17,0.7,-32.23281,245.0023
23.87476,-0.5235992,-10.58195,75.65376,6.314766,2.754549,0.1909199,-0.04860374,-0.0140333,-0.004306751,-0.9987103,6.323961,2.757823,0.1989561,-0.08900996,-0.1734008,0.9808208,16,-5.7,-13.91167,114.6403,17,0.7,-32.00418,243.3755
23.89917,-0.6085225,-10.58195,75.65378,6.21923,2.754005,0.1850481,-0.04798452,-0.01500427,-0.002556484,-0.9987321,6.239039,2.757823,0.1989561,-0.08900996,-0.1734008,0.9808208,16,-5.7,-13.58837,112.3399,17,0.7,-31.68088,241.075
23.91663,-2.096253,-12.07366,86.26786,6.155159,2.754748,0.1818092,-0.04638665,-0.01607458,-0.0006607925,-0.998794,6.177621,2.754692,0.1943136,-0.09430796,-0.1690178,0.9810907,16,-5.7,-13.35837,110.7034,17,0.7,-31.45089,239.4385
23.94092,-3.366878,-12.78534,91.33175,6.008155,2.757746,0.1752277,-0.04195382,-0.01758561,0.002163473,-0.9989625,6.03683,2.753402,0.1880672,-0.101185,-0.1671988,0.9807171,16,-5.7,-13.03679,108.4152,17,0.7,-31.1293,237.1504
23.95874,-3.448618,-12.78534,91.33172,5.916194,2.761656,0.1720267,-0.04113464,-0.01845341,0.003876221,-0.9989756,5.955087,2.753402,0.1880672,-0.101185,-0.1671988,0.9807171,16,-5.7,-12.80186,106.7435,17,0.7,-30.89437,235.4787
23.98291,-4.88215,-14.59711,104.2229,5.716871,2.770787,0.1654866,-0.03748875,-0.01944007,0.006917027,-0.999084,5.762313,2.754765,0.1807648,-0.1004053,-0.1636739,0.9813917,16,-5.7,-12.48241,104.4706,17,0.7,-30.57492,233.2057
24.00085,-4.987098,-14.5971,104.2228,5.598797,2.776107,0.1616061,-0.03674638,-0.01920345,0.008629093,-0.9991028,5.657358,2.754765,0.1807648,-0.1004053,-0.1636739,0.9813917,16,-5.7,-12.24374,102.7724,17,0.7,-30.33626,231.5075
24.02454,-5.948418,-15.52487,110.8243,5.347022,2.788784,0.1531706,-0.03863585,-0.01864325,0.01432976,-0.9989766,5.412402,2.760416,0.1730202,-0.1007827,-0.1622102,0.981596,16,-5.7,-11.93137,100.5497,17,0.7,-30.02388,229.2849
24.04211,-12.85,-23.33244,170.6698,5.208931,2.796709,0.148726,-0.04049578,-0.01853136,0.01806283,-0.9988446,5.262816,2.77071,0.1646034,-0.1044327,-0.1505024,0.9830782,16,-5.7,-11.69833,98.89157,17,0.7,-29.79084,227.6267
24.06641,-13.08483,-23.299,170.4514,4.918646,2.813022,0.1393482,-0.04274469,-0.01854372,0.0227848,-0.9986541,5.004784,2.77071,0.1646034,-0.1044327,-0.1505024,0.9830782,16,-5.7,-11.37744,96.60832,17,0.7,-29.46995,225.3435
24.08411,-12.85,-19.89459,144.1767,4.763474,2.821721,0.1345927,-0.04384673,-0.01922817,0.02515597,-0.9985365,4.834736,2.785119,0.1550442,-0.1204149,-0.1544255,0.9806391,16,-5.7,-11.14399,94.94724,17,0.7,-29.2365,223.6824
24.10815,-19.83853,-27.53444,196.2769,4.440935,2.840017,0.1248711,-0.04426992,-0.02179271,0.02984954,-0.9983358,4.511572,2.802907,0.1447684,-0.1217792,-0.1517225,0.9808925,16,-5.7,-10.82611,92.68542,17,0.7,-28.91862,221.4206
24.12585,-19.99078,-27.53446,196.2771,4.269668,2.848878,0.1196355,-0.04292111,-0.02378882,0.03140869,-0.9983013,4.359334,2.802907,0.1447684,-0.1217792,-0.1517225,0.9808925,16,-5.7,-10.59151,91.0161,17,0.7,-28.68402,219.7513
24.1499,-18.43675,-25.95716,185.054,3.917961,2.865734,0.1089915,-0.04229619,-0.02734844,0.03356434,-0.9981666,4.006266,2.82332,0.1333421,-0.1190688,-0.1526914,0.9810749,16,-5.7,-10.27404,88.75721,17,0.7,-28.36655,217.4924
24.16809,-18.60183,-25.95716,185.054,3.732255,2.873181,0.1034513,-0.04247513,-0.02944116,0.0350678,-0.9980478,3.841194,2.82332,0.1333421,-0.1190688,-0.1526914,0.9810749,16,-5.7,-10.03323,87.04378,17,0.7,-28.12574,215.7789
24.19153,-20.78123,-29.19563,208.0969,3.348985,2.888967,0.09255085,-0.04342541,-0.03386336,0.04076576,-0.9976501,3.456666,2.844619,0.1211779,-0.1144265,-0.1512613,0.9818485,16,-5.7,-9.723621,84.8408,17,0.7,-27.81614,213.5759
24.20947,-12.4895,-19.40644,138.4432,3.14803,2.897451,0.08721408,-0.04343712,-0.03551047,0.04403461,-0.9974533,3.231111,2.864752,0.1084123,-0.1114974,-0.1579571,0.981131,16,-5.7,-9.486937,83.15669,17,0.7,-27.57945,211.8918
24.23352,-12.85,-19.40228,138.4174,2.739161,2.913465,0.07658047,-0.04318438,-0.03744838,0.04743935,-0.9972373,2.867671,2.864752,0.1084123,-0.1114974,-0.1579571,0.981131,16,-5.7,-9.167925,80.8868,17,0.7,-27.26044,209.6219
24.25085,-12.85,-17.89855,130.5273,2.525295,2.921049,0.07131482,-0.04293893,-0.0380669,0.04839775,-0.9971784,2.627592,2.884233,0.09543502,-0.1163895,-0.1562839,0.9808307,16,-5.7,-8.938477,79.25419,17,0.7,-27.03099,207.9893
24.27502,-12.85,-17.73075,130.7159,2.092658,2.935932,0.06114645,-0.04160449,-0.03910437,0.05013945,-0.9971088,2.189792,2.903396,0.08255959,-0.1129916,-0.1550211,0.9814282,16,-5.7,-8.618883,76.98016,17,0.7,-26.7114,205.7153
24.29285,-12.94043,-17.58391,129.7863,1.870519,2.942852,0.05613534,-0.04007772,-0.0393272,0.05050685,-0.997144,1.992335,2.903396,0.08255959,-0.1129916,-0.1550211,0.9814282,16,-5.7,-8.384585,75.31305,17,0.7,-26.4771,204.0482
24.31677,-12.85,-16.83635,122.2195,1.421541,2.955528,0.04611108,-0.03808537,-0.03969956,0.05095688,-0.9971845,1.537364,2.921853,0.06999326,-0.1154955,-0.1586102,0.9805629,16,-5.7,-8.067379,73.05601,17,0.7,-26.15989,201.7912
24.33569,-12.85,-16.55725,120.4941,1.192907,2.9612,0.04135776,-0.03759741,-0.0398743,0.05109732,-0.9971888,1.334134,2.921853,0.06999326,-0.1154955,-0.1586102,0.9805629,16,-5.7,-7.817478,71.27787,17,0.7,-25.90999,200.013
24.35864,-19.3049,-23.74273,169.2976,0.7330031,2.970505,0.03168954,-0.03512035,-0.04001684,0.05012878,-0.9973226,0.8673645,2.939052,0.05782723,-0.1169314,-0.1546649,0.9810228,16,-5.7,-7.513947,69.11813,17,0.7,-25.60646,197.8533
24.37646,-12.85,-15.64877,114.4148,0.5007524,2.974363,0.02697582,-0.03360371,-0.04046432,0.04961684,-0.9973824,0.601246,2.954163,0.04594195,-0.1153128,-0.1594763,0.980444,16,-5.7,-7.27881,67.44505,17,0.7,-25.37132,196.1802
24.40063,-12.85,-15.07722,110.901,0.03582687,2.980742,0.01775679,-0.03093698,-0.04077227,0.04801612,-0.9975345,0.1879788,2.954163,0.04594195,-0.1153128,-0.1594763,0.980444,16,-5.7,-6.959192,65.17085,17,0.7,-25.0517,193.906
24.41797,-11.43506,-13.54133,96.71069,-0.1963609,2.983518,0.01334114,-0.0302564,-0.04038318,0.04599202,-0.9976666,-0.07931773,2.966501,0.03433633,-0.1150171,-0.1672004,0.9791911,16,-5.7,-6.728945,63.53256,17,0.7,-24.82146,192.2677
24.44226,-10.0623,-12.4108,88.66651,-0.6579834,2.989544,0.004771355,-0.03061514,-0.03967842,0.04377043,-0.9977838,-0.5512379,2.975923,0.02311134,-0.1051291,-0.1700749,0.9798073,16,-5.7,-6.40895,61.25568,17,0.7,-24.50146,189.9908
24.45972,-10.26714,-12.4108,88.66653,-0.8884249,2.990068,0.0004577345,-0.02941267,-0.03902913,0.04185769,-0.9979277,-0.7560748,2.975923,0.02311134,-0.1051291,-0.1700749,0.9798073,16,-5.7,-6.177685,59.61014,17,0.7,-24.2702,188.3453
24.48389,-9.483875,-10.88499,77.80984,-1.347352,2.992208,-0.007314764,-0.02932509,-0.03711976,0.03771,-0.9981685,-1.225644,2.983137,0.01237595,-0.103937,-0.1745424,0.9791486,16,-5.7,-5.858006,57.3355,17,0.7,-23.95052,186.0706
24.5022,-9.688959,-10.88499,77.80984,-1.578071,2.993105,-0.01052653,-0.02822393,-0.03592087,0.0356052,-0.9983213,-1.430728,2.983137,0.01237595,-0.103937,-0.1745424,0.9791486,16,-5.7,-5.616333,55.61591,17,0.7,-23.70885,184.351
24.52563,-9.956761,-11.06984,79.12512,-2.030132,2.992912,-0.01695379,-0.02515801,-0.0318307,0.02928123,-0.9987475,-1.894047,2.988088,0.002183795,-0.09982862,-0.1740585,0.9796621,16,-5.7,-5.305699,53.40564,17,0.7,-23.39821,182.1408
24.54333,-10.63266,-11.41247,81.56309,-2.254603,2.991704,-0.01995258,-0.02636656,-0.02945876,0.0254517,-0.998894,-2.154733,2.991062,-0.006978273,-0.101819,-0.1729849,0.9796475,16,-5.7,-5.071762,51.74108,17,0.7,-23.16427,180.4762
24.56812,-11.02537,-11.41247,81.5631,-2.696402,2.987752,-0.02576402,-0.02623693,-0.02625683,0.02103379,-0.9990895,-2.547444,2.991062,-0.006978273,-0.101819,-0.1729849,0.9796475,16,-5.7,-4.744452,49.41216,17,0.7,-22.83697,178.1473
24.58496,-11.09779,-11.58288,82.77561,-2.914639,2.984034,-0.02853403,-0.02562017,-0.02476871,0.01919178,-0.9991806,-2.801828,2.991416,-0.01524162,-0.09820926,-0.1725336,0.9800954,16,-5.7,-4.522265,47.83121,17,0.7,-22.61478,176.5663
24.60925,-9.198773,-9.530591,68.1728,-3.347908,2.978737,-0.03264622,-0.0282366,-0.02154596,0.0127889,-0.9992872,-3.246334,2.988471,-0.02274513,-0.08553562,-0.179897,0.9799595,16,-5.7,-4.200695,45.54312,17,0.7,-22.29321,174.2783
24.62695,-9.388282,-9.530594,68.17282,-3.561103,2.976268,-0.03383202,-0.02731645,-0.01922262,0.008458862,-0.9994062,-3.43584,2.988471,-0.02274513,-0.08553562,-0.179897,0.9799595,16,-5.7,-3.967071,43.8808,17,0.7,-22.05959,172.6159
24.651,-9.749734,-8.938196,63.95769,-3.980472,2.968521,-0.03599079,-0.02520678,-0.01365747,-0.001099624,-0.9995884,-3.867144,2.982864,-0.02872837,-0.09001288,-0.1824111,0.9790934,16,-5.7,-3.647919,41.60992,17,0.7,-21.74043,170.3451
24.66943,-9.93387,-8.938192,63.95766,-4.187627,2.964831,-0.03678633,-0.02610804,-0.01079511,-0.005450156,-0.999586,-4.051282,2.982864,-0.02872837,-0.09001288,-0.1824111,0.9790934,16,-5.7,-3.405393,39.88425,17,0.7,-21.49791,168.6194
24.69287,-9.915522,-8.582065,61.42368,-4.601895,2.957325,-0.03771666,-0.02707268,-0.0041397,-0.0131433,-0.9995385,-4.476795,2.975939,-0.03307962,-0.08664495,-0.184132,0.9790751,16,-5.7,-3.09493,37.6752,17,0.7,-21.18744,166.4103
24.71045,-9.913694,-8.211265,58.7853,-4.807748,2.95273,-0.03799298,-0.02697591,0.0006113946,-0.01655747,-0.9994988,-4.715796,2.967509,-0.03585243,-0.0864886,-0.1860054,0.9787347,16,-5.7,-2.863146,36.02597,17,0.7,-20.95566,164.7611
24.73547,-10.27018,-8.211263,58.78529,-5.208793,2.943172,-0.03863103,-0.03006927,0.009386928,-0.02334482,-0.9992312,-5.072281,2.967509,-0.03585243,-0.0864886,-0.1860054,0.9787347,16,-5.7,-2.530939,33.66219,17,0.7,-20.62345,162.3973
24.7522,-9.435901,-7.311905,52.38602,-5.404445,2.938531,-0.03849564,-0.03100904,0.01263198,-0.02578441,-0.9991067,-5.301429,2.958251,-0.03742421,-0.07716481,-0.1916799,0.9784194,16,-5.7,-2.311263,32.09911,17,0.7,-20.40378,160.8343
24.77661,-9.092324,-6.707954,48.08869,-5.789056,2.927462,-0.0379311,-0.0293519,0.0186201,-0.03020706,-0.9989392,-5.697457,2.947787,-0.03826964,-0.06899671,-0.1962418,0.978125,16,-5.7,-1.987661,29.79657,17,0.7,-20.08017,158.5317
24.79431,-9.255726,-6.707954,48.08869,-5.972882,2.921804,-0.03741657,-0.02777383,0.02196154,-0.03382922,-0.9988002,-5.860858,2.947787,-0.03826964,-0.06899671,-0.1962418,0.978125,16,-5.7,-1.754561,28.13797,17,0.7,-19.84707,156.8731
24.81812,-9.783175,-7.277919,52.1442,-6.327944,2.911121,-0.03620103,-0.02567732,0.02922445,-0.0442015,-0.9982649,-6.228978,2.936073,-0.03836071,-0.06669351,-0.1916629,0.9791921,16,-5.7,-1.438464,25.88883,17,0.7,-19.53098,154.624
24.83655,-9.935126,-7.277919,52.14421,-6.498887,2.906391,-0.03488943,-0.02384431,0.0334534,-0.04952276,-0.9979278,-6.380928,2.936073,-0.03836071,-0.06669351,-0.1916629,0.9791921,16,-5.7,-1.195404,24.15937,17,0.7,-19.28792,152.8945
24.85999,-10.4277,-7.687035,55.05521,-6.834801,2.890814,-0.03316028,-0.0175228,0.04024362,-0.05165086,-0.9977002,-6.729642,2.923259,-0.03767741,-0.06577001,-0.1887045,0.979829,16,-5.7,-0.8858801,21.95699,17,0.7,-18.97839,150.6921
24.87769,-9.756631,-6.997335,50.14774,-6.987554,2.88265,-0.03245378,-0.01912612,0.04289639,-0.05074331,-0.9976068,-6.913198,2.910052,-0.03593588,-0.05550186,-0.1933855,0.9795517,16,-5.7,-0.6511078,20.2865,17,0.7,-18.74362,149.0216
24.90247,-10.01378,-6.997338,50.14776,-7.276841,2.869742,-0.03007576,-0.01994993,0.04876179,-0.05681844,-0.9969935,-7.170342,2.910052,-0.03593588,-0.05550186,-0.1933855,0.9795517,16,-5.7,-0.3236416,17.95646,17,0.7,-18.41615,146.6916
24.91931,-9.599996,-7.746107,55.47553,-7.407657,2.86294,-0.02854858,-0.01660756,0.05181447,-0.0597574,-0.9967289,-7.33158,2.894157,-0.0338223,-0.04010244,-0.1881054,0.9813298,16,-5.7,-0.1019089,16.37875,17,0.7,-18.19442,145.1139
24.94348,-8.767036,-6.833161,48.97958,-7.648768,2.847629,-0.02706971,-0.01818038,0.05791148,-0.06461305,-0.9960627,-7.587121,2.877465,-0.03153253,-0.02360876,-0.1942989,0.9806582,16,-5.7,0.218802,14.09677,17,0.7,-17.87371,142.8319
24.96118,-8.862173,-6.833161,48.97958,-7.755797,2.839956,-0.02611891,-0.02122751,0.06194714,-0.06752145,-0.9955665,-7.682257,2.877465,-0.03153253,-0.02360876,-0.1942989,0.9806582,16,-5.7,0.4517185,12.43948,17,0.7,-17.64079,141.1746
24.98535,-8.299209,-6.240816,44.76482,-7.954162,2.827046,-0.02259033,-0.0198496,0.06947377,-0.06820399,-0.9950516,-7.894952,2.860366,-0.02900255,-0.008843702,-0.1991033,0.9799386,16,-5.7,0.7717422,10.1624,17,0.7,-17.32077,138.8975
25.00366,-8.377365,-6.240815,44.76482,-8.042089,2.823172,-0.02037519,-0.01764373,0.07071046,-0.0666955,-0.9951083,-7.973109,2.860366,-0.02900255,-0.008843702,-0.1991033,0.9799386,16,-5.7,1.014291,8.436571,17,0.7,-17.07822,137.1717
25.0271,-8.373979,-5.29126,38.00838,-8.184647,2.814467,-0.01560456,-0.008153842,0.07269938,-0.06608762,-0.9951285,-8.131071,2.842955,-0.02623868,-0.006245063,-0.2091302,0.9778679,16,-5.7,1.324037,6.232613,17,0.7,-16.76847,134.9677
25.04504,-7.707829,-6.159817,44.18848,-8.242465,2.808836,-0.01383297,-0.006315049,0.07217976,-0.06544541,-0.9952222,-8.208973,2.828071,-0.02229989,0.0111075,-0.1992088,0.9798941,16,-5.7,1.560475,4.550274,17,0.7,-16.53204,133.2854
25.06946,-7.794389,-6.159816,44.18848,-8.339848,2.797861,-0.009828215,-0.007499473,0.07419068,-0.06723747,-0.9949466,-8.295534,2.828071,-0.02229989,0.0111075,-0.1992088,0.9798941,16,-5.7,1.884107,2.247512,17,0.7,-16.20841,130.9826
25.08655,-1.003243,-17.67377,126.1146,-8.369082,2.793671,-0.007317055,-0.008948137,0.07472052,-0.06844383,-0.9948127,-8.342831,2.815765,-0.01728594,0.05734238,-0.1600797,0.9854372,16,-5.7,2.110712,0.635132,17,0.7,-15.9818,129.3702
25.1106,1.977987,-22.68668,161.7836,-8.410233,2.786248,-0.001820209,-0.003841389,0.07385326,-0.07066912,-0.9947546,-8.39507,2.803618,-0.01228619,0.06320425,-0.1553154,0.985841,17,0.7,-15.66447,127.1123,18,-5.7,-33.75688,255.8466
25.12842,1.978177,-22.6867,161.7837,-8.410027,2.782833,0.0008769897,-0.0006131209,0.07420485,-0.07568873,-0.9943664,-8.394888,2.803618,-0.01228619,0.06320425,-0.1553154,0.985841,17,0.7,-15.42829,125.4318,18,-5.7,-33.52069,254.1661
25.15234,4.597642,-26.74937,190.6912,-8.394135,2.774901,0.00514445,-0.001471907,0.07608226,-0.08294322,-0.9936447,-8.39081,2.792696,-0.006637216,0.06715532,-0.1527439,0.9859815,17,0.7,-15.11269,123.1862,18,-5.7,-33.20509,251.9204
25.17078,4.622656,-26.74938,190.6913,-8.366003,2.771484,0.007598991,-0.0053932,0.07760268,-0.08525369,-0.993318,-8.365805,2.792696,-0.006637216,0.06715532,-0.1527439,0.9859815,17,0.7,-14.86923,121.4539,18,-5.7,-32.96164,250.1881
25.19397,2.755731,-20.3023,144.8178,-8.28778,2.767508,0.01304315,-0.007096827,0.07747184,-0.08665517,-0.9931962,-8.300583,2.783305,-0.0003458261,0.07518087,-0.1569778,0.9847364,17,0.7,-14.56197,119.2676,18,-5.7,-32.65437,248.0018
25.21216,2.035175,-18.98131,135.4184,-8.231584,2.765731,0.01544663,-0.005480435,0.07642554,-0.08553478,-0.9933846,-8.248803,2.774672,0.005739331,0.07477391,-0.1581858,0.9845741,17,0.7,-14.32196,117.5599,18,-5.7,-32.41437,246.2941
25.23621,2.154248,-18.98132,135.4185,-8.097634,2.762867,0.01971706,-0.007444834,0.07556816,-0.08660704,-0.9933445,-8.129737,2.774672,0.005739331,0.07477391,-0.1581858,0.9845741,17,0.7,-14.00372,115.2955,18,-5.7,-32.09612,244.0297
25.25415,2.756771,-18.78637,134.0314,-8.012632,2.763192,0.02227754,-0.008779056,0.0754329,-0.08780383,-0.9932388,-8.045627,2.768207,0.01142168,0.07932942,-0.1582901,0.9842008,17,0.7,-13.76662,113.6084,18,-5.7,-31.85902,242.3426
25.27747,3.356443,-18.07922,128.9998,-7.825659,2.76657,0.02820878,-0.008204782,0.07349837,-0.0877308,-0.9933952,-7.864903,2.763983,0.01697302,0.0855696,-0.1589422,0.9835727,17,0.7,-13.45843,111.4155,18,-5.7,-31.55083,240.1497
25.29553,3.457997,-18.07921,128.9997,-7.711401,2.77013,0.03153109,-0.006166963,0.07303359,-0.08972176,-0.9932664,-7.763341,2.763983,0.01697302,0.0855696,-0.1589422,0.9835727,17,0.7,-13.21949,109.7154,18,-5.7,-31.31189,238.4496
25.31934,5.132297,-19.81433,141.3457,-7.462731,2.778243,0.03734512,-0.006794292,0.07253374,-0.09364982,-0.9929363,-7.522116,2.763783,0.02327096,0.08807786,-0.1571493,0.9836394,17,0.7,-12.90477,107.476,18,-5.7,-30.99717,236.2102
25.33801,5.256645,-19.81434,141.3458,-7.32285,2.784454,0.04078549,-0.006795587,0.07319921,-0.09447354,-0.9928094,-7.397777,2.763783,0.02327096,0.08807786,-0.1571493,0.9836394,17,0.7,-12.65801,105.7203,18,-5.7,-30.75042,234.4545
25.36108,12.85,-30.51657,221.4248,-7.027717,2.796328,0.04712629,-0.006196872,0.07327686,-0.08907418,-0.9933066,-7.109009,2.76827,0.03006756,0.0887972,-0.1480836,0.9849804,17,0.7,-12.35271,103.5479,18,-5.7,-30.44512,232.2822
25.37915,12.85,-31.94875,231.2901,-6.860748,2.803009,0.05034458,-0.008262906,0.07376241,-0.08776094,-0.9933725,-6.928218,2.777656,0.03730845,0.08427719,-0.1479731,0.985394,17,0.7,-12.11323,101.8439,18,-5.7,-30.20564,230.5782
25.40332,12.85,-31.41156,227.7128,-6.516551,2.816271,0.05688164,-0.01483544,0.07545445,-0.08584344,-0.9933366,-6.622265,2.777656,0.03730845,0.08427719,-0.1479731,0.985394,17,0.7,-11.79473,99.57767,18,-5.7,-29.88713,228.3119
25.4209,11.46533,-29.61989,211.1159,-6.334568,2.823066,0.06075598,-0.01599295,0.07503331,-0.08246703,-0.9936365,-6.422785,2.790851,0.04488826,0.08347508,-0.1512451,0.9849654,17,0.7,-11.56145,97.91782,18,-5.7,-29.65385,226.6521
25.44458,5.388893,-18.92477,135.0162,-5.945407,2.837835,0.0684679,-0.01781422,0.07238275,-0.07470593,-0.9944156,-6.034199,2.805935,0.05269933,0.08327194,-0.1584123,0.9838554,17,0.7,-11.24811,95.68826,18,-5.7,-29.34051,224.4225
25.46289,5.574245,-18.92477,135.0162,-5.736887,2.843514,0.07225444,-0.01748812,0.06693055,-0.06808946,-0.995278,-5.848847,2.805935,0.05269933,0.08327194,-0.1584123,0.9838554,17,0.7,-11.00725,93.97444,18,-5.7,-29.09965,222.7087
25.48645,3.028102,-13.66954,97.62305,-5.310867,2.854681,0.07859191,-0.02617273,0.05841094,-0.06403261,-0.9958931,-5.422339,2.822514,0.06119192,0.08509481,-0.1660728,0.982435,17,0.7,-10.69564,91.75723,18,-5.7,-28.78804,220.4915
25.50464,3.218593,-13.66954,97.62302,-5.096561,2.859815,0.08151497,-0.03227049,0.05435356,-0.06063292,-0.9961566,-5.231845,2.822514,0.06119192,0.08509481,-0.1660728,0.982435,17,0.7,-10.45524,90.04671,18,-5.7,-28.54764,218.781
25.5282,4.972935,-14.27797,101.9523,-4.658811,2.872128,0.08895203,-0.03754936,0.0461896,-0.05599773,-0.9966548,-4.790318,2.838518,0.06991053,0.09408507,-0.1649457,0.981805,17,0.7,-10.14271,87.82293,18,-5.7,-28.23511,216.5572
25.54602,2.978275,-11.83499,84.56951,-4.433194,2.879594,0.0932769,-0.03853108,0.04276417,-0.0569093,-0.9967186,-4.534421,2.852464,0.0779686,0.08726857,-0.1706116,0.9814662,17,0.7,-9.907025,86.14597,18,-5.7,-27.99943,214.8802
25.57007,3.387226,-11.83498,84.56949,-3.973122,2.892192,0.1013735,-0.03833751,0.03654739,-0.05572615,-0.9970402,-4.125468,2.852464,0.0779686,0.08726857,-0.1706116,0.9814662,17,0.7,-9.589373,83.88576,18,-5.7,-27.68178,212.62
25.58752,2.286397,-8.913466,63.78182,-3.736075,2.898141,0.1051349,-0.04056513,0.0333621,-0.0542005,-0.9971479,-3.856977,2.866824,0.08645284,0.09441721,-0.1810507,0.9789311,17,0.7,-9.358175,82.2407,18,-5.7,-27.45058,210.9749
25.61169,6.881811,-15.961,113.9279,-3.251749,2.910211,0.1130768,-0.04497397,0.02582066,-0.05388651,-0.9971995,-3.366202,2.882213,0.0957911,0.0884705,-0.1626724,0.9827058,17,0.7,-9.039669,79.9744,18,-5.7,-27.13207,208.7086
25.62927,7.102142,-15.96101,113.9279,-3.003884,2.915313,0.1168672,-0.04834608,0.02507151,-0.05793573,-0.9968338,-3.145878,2.882213,0.0957911,0.0884705,-0.1626724,0.9827058,17,0.7,-8.80694,78.31845,18,-5.7,-26.89934,207.0527
25.65356,5.349028,-11.92685,85.22318,-2.516835,2.925394,0.1244763,-0.05423854,0.02553478,-0.06111848,-0.9963286,-2.650596,2.8972,0.1052436,0.09219477,-0.1708456,0.980975,17,0.7,-8.484976,76.02756,18,-5.7,-26.57738,204.7618
25.67139,5.568226,-11.92685,85.22318,-2.270237,2.930675,0.1290906,-0.05429284,0.02718633,-0.06012158,-0.9963426,-2.431398,2.8972,0.1052436,0.09219477,-0.1708456,0.980975,17,0.7,-8.249635,74.35302,18,-5.7,-26.34204,203.0872
25.69543,3.773842,-9.411107,67.32271,-1.774041,2.939615,0.1385766,-0.05191308,0.02919243,-0.05887881,-0.9964869,-1.926034,2.911051,0.114418,0.08312993,-0.1797127,0.9802004,17,0.7,-7.932859,72.09904,18,-5.7,-26.02526,200.8333
25.71301,4.728388,-11.81194,84.40549,-1.521573,2.942996,0.1432819,-0.05152147,0.03033614,-0.05854684,-0.9964927,-1.63653,2.923682,0.1241846,0.07418647,-0.1717514,0.9823431,17,0.7,-7.700078,70.44273,18,-5.7,-25.79248,199.177
25.7373,5.181287,-11.81179,84.40465,-1.011992,2.947621,0.1522189,-0.05405862,0.03072967,-0.05692169,-0.9964403,-1.183569,2.923682,0.1241846,0.07418647,-0.1717514,0.9823431,17,0.7,-7.378747,68.15633,18,-5.7,-25.47115,196.8906
25.75476,7.275394,-16.93167,120.8345,-0.7536203,2.948034,0.1560885,-0.05744953,0.03048692,-0.057818,-0.9962064,-0.888065,2.9348,0.134899,0.06658842,-0.1620486,0.9845335,17,0.7,-7.147937,66.51403,18,-5.7,-25.24034,195.2483
25.77881,4.847652,-13.49585,96.38737,-0.2310153,2.948051,0.1633342,-0.06337234,0.03132718,-0.06341339,-0.9954805,-0.3563929,2.942885,0.1454974,0.05322508,-0.1681294,0.984327,17,0.7,-6.830188,64.25313,18,-5.7,-24.92259,192.9874
25.79626,5.08199,-13.49584,96.38734,0.03261621,2.946863,0.1665989,-0.06776874,0.0320664,-0.06760518,-0.9948913,-0.1220537,2.942885,0.1454974,0.05322508,-0.1681294,0.984327,17,0.7,-6.599353,62.61065,18,-5.7,-24.69175,191.3449
25.82056,4.282463,-10.54087,75.3616,0.5586351,2.94268,0.1732611,-0.07150487,0.02951187,-0.06872546,-0.9946321,0.413954,2.946682,0.1552616,0.05056604,-0.1762985,0.9830371,17,0.7,-6.278048,60.32445,18,-5.7,-24.37045,189.0587
25.83813,4.515068,-10.54087,75.36157,0.8203164,2.939258,0.1763373,-0.07332864,0.02818602,-0.06929323,-0.9944984,0.6465596,2.946682,0.1552616,0.05056604,-0.1762985,0.9830371,17,0.7,-6.045786,58.67182,18,-5.7,-24.13819,187.4061
25.86243,4.277856,-9.711967,69.46344,1.326409,2.933485,0.183128,-0.07376094,0.02410609,-0.065728,-0.9948156,1.165614,2.946107,0.1643683,0.04413629,-0.1795106,0.9827655,17,0.7,-5.723717,56.38018,18,-5.7,-23.81612,185.1144
25.88,3.827043,-9.301447,66.54244,1.576791,2.92894,0.1866212,-0.06842604,0.02272174,-0.06260864,-0.9954305,1.457749,2.941655,0.1725346,0.03508437,-0.1812953,0.9828027,17,0.7,-5.49222,54.73299,18,-5.7,-23.58462,183.4672
25.90417,4.261966,-9.301447,66.54243,2.06608,2.920751,0.1934144,-0.0639163,0.01893131,-0.06053045,-0.995938,1.892673,2.941655,0.1725346,0.03508437,-0.1812953,0.9828027,17,0.7,-5.171772,52.45288,18,-5.7,-23.26417,181.1871
25.92151,3.55708,-9.881021,70.66653,2.300816,2.916747,0.197784,-0.06155415,0.01704977,-0.06041995,-0.9961275,2.169936,2.934832,0.1800601,0.0193585,-0.1788537,0.9836852,17,0.7,-4.942804,50.82369,18,-5.7,-23.03521,179.5579
25.94592,3.380594,-11.46933,81.96793,2.75686,2.905758,0.2060721,-0.05541976,0.01445436,-0.05835912,-0.9966514,2.641762,2.925833,0.1883608,0.008897272,-0.1733519,0.9848198,17,0.7,-4.62049,48.53031,18,-5.7,-22.71289,177.2645
25.9635,3.570643,-11.46933,81.96794,2.970665,2.898346,0.2097916,-0.05304237,0.01522265,-0.05685702,-0.9968561,2.831811,2.925833,0.1883608,0.008897272,-0.1733519,0.9848198,17,0.7,-4.387974,46.87587,18,-5.7,-22.48038,175.6101
25.98779,3.672835,-12.83742,91.70242,3.381614,2.883966,0.2176249,-0.05050197,0.01554559,-0.04940152,-0.9973803,3.260694,2.915061,0.1976885,0.004438692,-0.1696522,0.985494,17,0.7,-4.067521,44.59573,18,-5.7,-22.15992,173.33
26.00647,3.853388,-12.83742,91.70239,3.584736,2.87583,0.2214133,-0.04816415,0.01798985,-0.04909662,-0.9974699,3.441247,2.915061,0.1976885,0.004438692,-0.1696522,0.985494,17,0.7,-3.819149,42.82848,18,-5.7,-21.91155,171.5627
26.02954,2.30253,-13.21649,94.39968,3.972013,2.857696,0.2280383,-0.04842104,0.0213948,-0.04695635,-0.9974933,3.845331,2.901155,0.2070985,-0.01614248,-0.1686404,0.9855455,17,0.7,-3.514174,40.65847,18,-5.7,-21.60658,169.3927
26.047,1.598848,-11.56661,82.6601,4.149838,2.848872,0.2317065,-0.05014073,0.0230044,-0.04631799,-0.9974023,4.059582,2.884266,0.2160925,-0.02938644,-0.1725744,0.984558,17,0.7,-3.284026,39.02088,18,-5.7,-21.37643,167.7551
26.07129,1.897886,-11.56661,82.66011,4.486256,2.831682,0.2382516,-0.05096918,0.02356752,-0.04085963,-0.9975857,4.358619,2.884266,0.2160925,-0.02938644,-0.1725744,0.984558,17,0.7,-2.962592,36.73376,18,-5.7,-21.05499,165.468
26.08862,1.302472,-12.02281,85.90617,4.639699,2.82384,0.2408084,-0.05417315,0.02232913,-0.03867837,-0.9975324,4.547375,2.864341,0.2250527,-0.03728689,-0.1710669,0.9845536,17,0.7,-2.733728,35.1053,18,-5.7,-20.82613,163.8395
26.11316,0.960941,-12.89498,92.11195,4.929385,2.811023,0.2459939,-0.0609451,0.02064491,-0.03788757,-0.9972081,4.852821,2.843542,0.2333375,-0.04171449,-0.1686907,0.9847859,17,0.7,-2.409973,32.80167,18,-5.7,-20.50237,161.5359
26.13025,1.087241,-12.89498,92.11195,5.071473,2.803983,0.2480764,-0.06127247,0.02361271,-0.04776044,-0.9966981,4.979121,2.843542,0.2333375,-0.04171449,-0.1686907,0.9847859,17,0.7,-2.183222,31.18826,18,-5.7,-20.27562,159.9225
26.15479,1.512809,-11.52746,82.38157,5.330215,2.790665,0.2518367,-0.06256208,0.02775176,-0.05949529,-0.9958796,5.251976,2.824497,0.2401568,-0.04479676,-0.1719423,0.9840879,17,0.7,-1.859459,28.88456,18,-5.7,-19.95186,157.6188
26.172,1.612932,-11.52746,82.3816,5.442854,2.785225,0.2531387,-0.06302541,0.02789287,-0.05670953,-0.9960089,5.3521,2.824497,0.2401568,-0.04479676,-0.1719423,0.9840879,17,0.7,-1.631246,27.26074,18,-5.7,-19.72365,155.9949
26.19666,0.260223,-10.97343,78.43941,5.658919,2.772829,0.2547002,-0.06282551,0.02657549,-0.05220873,-0.9963037,5.583051,2.807352,0.2459778,-0.06688926,-0.173176,0.9826168,17,0.7,-1.305552,24.94331,18,-5.7,-19.39795,153.6775
26.21411,-0.1108875,-11.33298,80.99778,5.75298,2.766723,0.2544093,-0.06456044,0.02484427,-0.0499166,-0.9963549,5.701556,2.791712,0.2508557,-0.07072923,-0.1718776,0.982576,17,0.7,-1.074364,23.29832,18,-5.7,-19.16677,152.0325
26.23828,0.03335524,-11.33299,80.99782,5.915256,2.757793,0.2540823,-0.06931682,0.0222264,-0.04757307,-0.9962118,5.845801,2.791712,0.2508557,-0.07072923,-0.1718776,0.982576,17,0.7,-0.7551029,21.02666,18,-5.7,-18.8475,149.7608
26.25562,-2.266132,-15.4102,110.0088,5.981547,2.754297,0.2540098,-0.07028192,0.02227816,-0.04917515,-0.9960653,5.935125,2.777075,0.2536607,-0.07351846,-0.1630361,0.9838772,17,0.7,-0.5251021,19.39012,18,-5.7,-18.6175,148.1243
26.28003,-0.6969386,-13.15805,93.98392,6.086426,2.748826,0.253383,-0.06740039,0.02103721,-0.04839117,-0.9963297,6.053724,2.763985,0.2544527,-0.07082731,-0.1670525,0.9834007,17,0.7,-0.2027764,17.09665,18,-5.7,-18.29518,145.8308
26.29724,-0.66807,-13.15805,93.98392,6.118904,2.746444,0.2521579,-0.06485268,0.0182367,-0.04457235,-0.9967321,6.082593,2.763985,0.2544527,-0.07082731,-0.1670525,0.9834007,17,0.7,0.02531913,15.47367,18,-5.7,-18.06708,144.2078
26.32214,-4.366006,-20.19549,144.0578,6.160873,2.743231,0.2491324,-0.06344304,0.01266011,-0.0417336,-0.9970322,6.139521,2.754051,0.2540252,-0.07195471,-0.1571866,0.9849442,17,0.7,0.3535849,13.13794,18,-5.7,-17.73881,141.8721
26.33936,-4.365891,-20.19549,144.0578,6.161004,2.74247,0.2466694,-0.06454302,0.009880774,-0.0415573,-0.9970003,6.139637,2.754051,0.2540252,-0.07195471,-0.1571866,0.9849442,17,0.7,0.5809152,11.5204,18,-5.7,-17.51148,140.2546
26.36353,-8.344976,-26.6983,190.3276,6.140271,2.74069,0.2410446,-0.06766023,0.007442252,-0.04483992,-0.9966726,6.134444,2.747175,0.2524366,-0.07506699,-0.1526569,0.9854242,17,0.7,0.9016752,9.23807,18,-5.7,-17.19072,137.9722
26.38086,-8.609344,-27.7855,198.0634,6.109531,2.741044,0.2380977,-0.06933379,0.008995354,-0.04662464,-0.9964628,6.11375,2.742922,0.2490087,-0.07335979,-0.1521119,0.985637,17,0.7,1.130234,7.61179,18,-5.7,-16.96216,136.346
26.40515,-8.686063,-27.78547,198.0633,6.02321,2.741733,0.2311679,-0.06598071,0.01002814,-0.04396687,-0.9968013,6.03702,2.742922,0.2490087,-0.07335979,-0.1521119,0.985637,17,0.7,1.451368,5.326805,18,-5.7,-16.64103,134.061
26.42261,1.312707,-9.514859,68.06116,5.961522,2.742316,0.2268962,-0.06298366,0.01008974,-0.04095215,-0.997123,5.982027,2.740592,0.2434132,-0.06759862,-0.1774244,0.98181,17,0.7,1.681477,3.689494,18,-5.7,-16.41092,132.4237
26.44702,0.02670002,-7.707549,55.20148,5.816121,2.745594,0.2185076,-0.05825697,0.009711185,-0.03769145,-0.9975427,5.8458,2.740161,0.2361006,-0.1034483,-0.1857328,0.9771397,17,0.7,2.004517,1.390942,18,-5.7,-16.08788,130.1251
26.46484,-0.05389357,-7.707548,55.20148,5.725452,2.74897,0.2145616,-0.05274848,0.01039702,-0.03703207,-0.9978669,5.765206,2.740161,0.2361006,-0.1034483,-0.1857328,0.9771397,18,-5.7,-15.8523,128.4489,19,5.7,-34.59494,261.8097
26.48865,-1.610762,-9.462969,67.69203,5.521756,2.757226,0.2072064,-0.04328458,0.01126813,-0.0359422,-0.9983524,5.570578,2.741697,0.2271898,-0.1041756,-0.1770461,0.9786737,18,-5.7,-15.53656,126.2023,19,5.7,-34.27921,259.5631
26.5061,-8.599571,-20.94842,149.4152,5.404785,2.763031,0.2035595,-0.04058354,0.01162127,-0.03455501,-0.9985109,5.446799,2.746527,0.2180085,-0.09258168,-0.1561769,0.9833806,18,-5.7,-15.30561,124.5589,19,5.7,-34.04826,257.9198
26.5304,-8.821002,-20.94842,149.4151,5.155675,2.774137,0.1947913,-0.03780195,0.01268467,-0.03271883,-0.9986689,5.225368,2.746527,0.2180085,-0.09258168,-0.1561769,0.9833806,18,-5.7,-14.98495,122.2774,19,5.7,-33.7276,255.6382
26.54797,NaN,NaN,NaN,5.018342,2.7808,0.1901223,-0.03927863,0.0133674,-0.03223948,-0.9986187,5.077325,2.755608,0.2085612,-0.09532198,-0.1392686,0.9856561,18,-5.7,-14.75323,120.6286,19,5.7,-33.49588,253.9894
26.57227,NaN,NaN,NaN,4.728654,2.795869,0.1810563,-0.0415937,0.01412858,-0.03077722,-0.9985605,4.819825,2.755608,0.2085612,-0.09532198,-0.1392686,0.9856561,18,-5.7,-14.43162,118.3402,19,5.7,-33.17427,251.701
26.58984,NaN,NaN,NaN,4.57225,2.804494,0.1764079,-0.04247765,0.01445344,-0.03060968,-0.9985238,4.649633,2.768041,0.1985558,-0.09730159,-0.1434215,0.9848669,18,-5.7,-14.1994,116.6879,19,5.7,-32.94205,250.0487
26.61401,-12.29005,-24.41866,174.1072,4.251645,2.821677,0.1673374,-0.04454539,0.01456463,-0.02970982,-0.9984593,4.32907,2.7837,0.188092,-0.09399081,-0.1538453,0.9836144,18,-5.7,-13.87909,114.4087,19,5.7,-32.62173,247.7695
26.63159,-12.44046,-24.41867,174.1072,4.082427,2.830608,0.1627056,-0.04499454,0.01471643,-0.02957405,-0.998441,4.178654,2.7837,0.188092,-0.09399081,-0.1538453,0.9836144,18,-5.7,-13.64737,112.76,19,5.7,-32.39001,246.1208
26.65576,-10.03219,-20.92039,149.2157,3.729499,2.84847,0.1529954,-0.04465576,0.01551348,-0.02894576,-0.9984625,3.825675,2.802363,0.1775874,-0.09144133,-0.156535,0.9834304,18,-5.7,-13.32743,110.4835,19,5.7,-32.07008,243.8443
26.67334,-8.927995,-19.31341,137.7815,3.544549,2.856727,0.1480085,-0.04276207,0.01643664,-0.02781519,-0.9985628,3.617952,2.822866,0.1662022,-0.08964734,-0.1581753,0.9833331,18,-5.7,-13.09444,108.8257,19,5.7,-31.83709,242.1865
26.69788,-9.264232,-19.3134,137.7814,3.166273,2.872999,0.1384054,-0.03958924,0.01835181,-0.02483688,-0.9987388,3.281707,2.822866,0.1662022,-0.08964734,-0.1581753,0.9833331,18,-5.7,-12.77128,106.5263,19,5.7,-31.51393,239.8871
26.71533,-12.85,-23.80564,172.9763,2.968111,2.880734,0.1336982,-0.03832034,0.01947995,-0.02294241,-0.9988122,3.05914,2.843826,0.1545869,-0.09060571,-0.151774,0.9842537,18,-5.7,-12.54074,104.8859,19,5.7,-31.28338,238.2467
26.73926,-12.85,-23.20718,169.0953,2.566188,2.8968,0.1248083,-0.03786458,0.02093253,-0.01816176,-0.9988986,2.701876,2.843826,0.1545869,-0.09060571,-0.151774,0.9842537,18,-5.7,-12.22366,102.6298,19,5.7,-30.96631,235.9906
26.75684,-29.81563,-47.02158,334.9352,2.357691,2.904734,0.1205009,-0.03790396,0.02154313,-0.01610534,-0.9989193,2.467397,2.864138,0.1433064,-0.09494334,-0.1467123,0.9846123,18,-5.7,-11.99065,100.9718,19,5.7,-30.7333,234.3326
26.78101,-23.22703,-34.63177,256.7596,1.936774,2.920067,0.1119602,-0.03768873,0.02293132,-0.01336841,-0.998937,2.041366,2.883566,0.1321574,-0.09696869,-0.1439669,0.9848201,18,-5.7,-11.671,98.69736,19,5.7,-30.41364,232.0582
26.79871,-23.19338,-34.29894,254.4828,1.722429,2.927262,0.1078151,-0.0379149,0.02422455,-0.01368416,-0.9988936,1.850837,2.883566,0.1321574,-0.09696869,-0.1439669,0.9848201,18,-5.7,-11.43828,97.0415,19,5.7,-30.18093,230.4023
26.82275,NaN,NaN,NaN,1.289076,2.940407,0.09961437,-0.03811085,0.02546723,-0.01141015,-0.9988838,1.411341,2.902416,0.1213069,-0.09685974,-0.141883,0.9851332,18,-5.7,-11.11954,94.77355,19,5.7,-29.86219,228.1344
26.84058,-22.62378,-33.17197,250.492,1.070421,2.946465,0.09581189,-0.03890603,0.02553992,-0.01031092,-0.9988632,1.160947,2.920353,0.1110088,-0.09360947,-0.1420486,0.9854235,18,-5.7,-10.88351,93.09411,19,5.7,-29.62616,226.4549
26.86462,-22.84309,-32.9098,248.673,0.6293172,2.958,0.08863701,-0.03849013,0.02552249,-0.008036349,-0.9989007,0.7688547,2.920353,0.1110088,-0.09360947,-0.1420486,0.9854235,18,-5.7,-10.56629,90.83695,19,5.7,-29.30894,224.1978
26.88232,NaN,NaN,NaN,0.4045709,2.96296,0.08535279,-0.03822491,0.02562685,-0.006551341,-0.998919,0.5119201,2.936473,0.1013827,-0.08904693,-0.1436768,0.9856103,18,-5.7,-10.33219,89.17125,19,5.7,-29.07484,222.5321
26.90637,NaN,NaN,NaN,-0.04368172,2.971981,0.07868607,-0.03818631,0.02643792,-0.003754419,-0.9989138,0.05502266,2.951034,0.0922693,-0.08066887,-0.1431964,0.9864011,18,-5.7,-10.01393,86.90673,19,5.7,-28.75658,220.2675
26.92395,NaN,NaN,NaN,-0.2685626,2.975278,0.07543632,-0.03845203,0.02701105,-0.002850208,-0.9988912,-0.1448714,2.951034,0.0922693,-0.08066887,-0.1431964,0.9864011,18,-5.7,-9.781241,85.25105,19,5.7,-28.52389,218.6119
26.94812,-29.70838,-52.43349,373.4429,-0.7196358,2.981333,0.06944085,-0.04063671,0.02797396,-0.0008511922,-0.998782,-0.6051085,2.963445,0.08387375,-0.07687748,-0.1463333,0.9862435,18,-5.7,-9.461949,82.97916,19,5.7,-28.20459,216.34
26.9657,-29.91079,-52.43364,373.4439,-0.9472605,2.983858,0.06708793,-0.04190761,0.02792223,0.001033911,-0.9987307,-0.8074415,2.963445,0.08387375,-0.07687748,-0.1463333,0.9862435,18,-5.7,-9.229188,81.32298,19,5.7,-27.97183,214.6838
26.98987,-25.1986,-42.43837,302.324,-1.399766,2.985219,0.06199855,-0.03987627,0.02731097,0.005137514,-0.9988181,-1.269385,2.973278,0.07629716,-0.07805324,-0.1481255,0.9858837,18,-5.7,-8.910739,79.0571,19,5.7,-27.65338,212.4179
27.00732,-19.94477,-35.14948,250.4608,-1.625995,2.985444,0.05975998,-0.04138242,0.02649496,0.007637263,-0.9987628,-1.530521,2.980334,0.06956005,-0.07251232,-0.1501491,0.9860006,18,-5.7,-8.679753,77.41355,19,5.7,-27.4224,210.7744
27.03198,-20.3441,-35.14948,250.4608,-2.075247,2.985364,0.05544147,-0.04206503,0.02473636,0.009979641,-0.9987588,-1.929857,2.980334,0.06956005,-0.07251232,-0.1501491,0.9860006,18,-5.7,-8.354165,75.09687,19,5.7,-27.09681,208.4577
27.04919,-18.93824,-33.57112,239.2302,-2.299352,2.984333,0.05348141,-0.04181772,0.02375241,0.01086359,-0.9987838,-2.18931,2.983736,0.06319058,-0.06906106,-0.150727,0.9861602,18,-5.7,-8.126365,73.47598,19,5.7,-26.86901,206.8368
27.07349,-23.00214,-42.87791,308.3304,-2.742292,2.981701,0.04988541,-0.04390719,0.02156401,0.01194381,-0.9987315,-2.643063,2.984343,0.05761409,-0.06518452,-0.1468391,0.9870102,18,-5.7,-7.804976,71.18919,19,5.7,-26.54762,204.55
27.09106,-23.04851,-42.54146,306.0689,-2.962494,2.980024,0.04824083,-0.04455835,0.02012682,0.01226533,-0.9987287,-2.838799,2.984343,0.05761409,-0.06518452,-0.1468391,0.9870102,18,-5.7,-7.572337,69.53387,19,5.7,-26.31498,202.8947
27.11523,-20.53308,-38.99358,277.8131,-3.402509,2.973152,0.04486791,-0.04510852,0.01743075,0.01512568,-0.9987155,-3.289461,2.982609,0.0526191,-0.06126856,-0.1491463,0.9869152,18,-5.7,-7.252311,67.25677,19,5.7,-25.99496,200.6176
27.13293,-20.7263,-38.99353,277.8127,-3.619905,2.970929,0.04368509,-0.04767315,0.01659233,0.01509562,-0.9986112,-3.482701,2.982609,0.0526191,-0.06126856,-0.1491463,0.9869152,18,-5.7,-7.019156,65.59778,19,5.7,-25.7618,198.9586
27.15698,-16.17835,-30.20118,215.2519,-4.050227,2.965588,0.0418169,-0.04974746,0.0153508,0.01663861,-0.9985052,-3.924168,2.978471,0.04838502,-0.05618843,-0.1521369,0.986761,18,-5.7,-6.701102,63.33471,19,5.7,-25.44374,196.6955
27.17505,-12.85,-24.33818,176.0647,-4.261533,2.96157,0.04113714,-0.0499616,0.01542152,0.01653533,-0.9984952,-4.170326,2.972445,0.0448668,-0.04867,-0.1531403,0.9870052,18,-5.7,-6.462351,61.63591,19,5.7,-25.20499,194.9967
27.19885,-12.85,-23.17615,168.5753,-4.677004,2.954114,0.04004065,-0.05151458,0.01558863,0.015207,-0.9984348,-4.539634,2.972445,0.0448668,-0.04867,-0.1531403,0.9870052,18,-5.7,-6.146917,59.39148,19,5.7,-24.88956,192.7523
27.21643,-12.19211,-22.15778,158.02,-4.881774,2.950848,0.039777,-0.05256251,0.01600983,0.01483651,-0.9983791,-4.778996,2.965262,0.04224741,-0.046293,-0.156887,0.986531,18,-5.7,-5.915246,57.74306,19,5.7,-24.65789,191.1039
27.2406,-12.34703,-21.69509,154.7278,-5.284064,2.943482,0.03940963,-0.05431223,0.01750243,0.01521586,-0.9982547,-5.192545,2.957059,0.0404278,-0.04562727,-0.1572176,0.9865094,18,-5.7,-5.595337,55.46678,19,5.7,-24.33798,188.8276
27.2583,-12.52252,-21.69508,154.7277,-5.481492,2.938863,0.03922208,-0.05688586,0.01811656,0.01634535,-0.9980825,-5.368037,2.957059,0.0404278,-0.04562727,-0.1572176,0.9865094,18,-5.7,-5.360808,53.79802,19,5.7,-24.10345,187.1588
27.28247,-10.93892,-17.65472,125.9792,-5.868555,2.92854,0.03873891,-0.06090218,0.01882582,0.01688917,-0.9978232,-5.766831,2.94851,0.03960919,-0.04049599,-0.1613174,0.9860713,18,-5.7,-5.042448,51.53277,19,5.7,-23.78509,184.8936
27.30017,-11.10659,-17.65473,125.9793,-6.057172,2.923576,0.03884124,-0.06291906,0.01905493,0.01692149,-0.9976932,-5.93449,2.94851,0.03960919,-0.04049599,-0.1613174,0.9860713,18,-5.7,-4.808417,49.86755,19,5.7,-23.55106,183.2284
27.3241,-11.35922,-16.79722,119.8778,-6.431644,2.913502,0.03901925,-0.06382426,0.01993885,0.01706973,-0.997616,-6.320519,2.938423,0.03909934,-0.04145117,-0.1623566,0.9858611,18,-5.7,-4.491069,47.6095,19,5.7,-23.23371,180.9703
27.34167,-9.417617,-15.19517,108.4786,-6.613818,2.907256,0.03874891,-0.06318421,0.02143941,0.01704475,-0.997626,-6.533917,2.926914,0.03868401,-0.02621981,-0.1647738,0.9859828,18,-5.7,-4.2583,45.95326,19,5.7,-23.00094,179.3141
27.36584,-9.729578,-15.19517,108.4786,-6.964774,2.895783,0.03854447,-0.06291107,0.02397457,0.0146283,-0.9976239,-6.845879,2.926914,0.03868401,-0.02621981,-0.1647738,0.9859828,18,-5.7,-3.938542,43.67807,19,5.7,-22.68119,177.0389
27.38354,-9.604768,-14.26246,101.842,-7.134574,2.890241,0.0385211,-0.06268337,0.02476181,0.01396201,-0.9976285,-7.046751,2.914387,0.03847122,-0.02476915,-0.1663227,0.9857602,18,-5.7,-3.706098,42.02414,19,5.7,-22.44874,175.385
27.40759,-9.907282,-16.43864,117.3264,-7.464367,2.879409,0.03855018,-0.06232593,0.02660549,0.01131744,-0.997637,-7.38791,2.901002,0.03846955,-0.02118926,-0.1626569,0.9864552,18,-5.7,-3.386561,39.75051,19,5.7,-22.12921,173.1114
27.42529,-10.04649,-16.43863,117.3263,-7.620974,2.873874,0.03824313,-0.06306034,0.02826835,0.009172872,-0.9975672,-7.527116,2.901002,0.03846955,-0.02118926,-0.1626569,0.9864552,18,-5.7,-3.152594,38.08576,19,5.7,-21.89524,171.4466
27.44934,-8.404751,-17.30031,123.4574,-7.922198,2.863219,0.03722388,-0.06552167,0.03180118,0.00566452,-0.9973282,-7.840532,2.887602,0.03845263,-0.004511544,-0.1614253,0.9868746,18,-5.7,-2.835026,35.82614,19,5.7,-21.57767,169.187
27.46704,-8.529293,-17.3003,123.4573,-8.062309,2.858915,0.03661656,-0.06688584,0.03434962,0.002822839,-0.9971653,-7.965075,2.887602,0.03845263,-0.004511544,-0.1614253,0.9868746,18,-5.7,-2.601692,34.16589,19,5.7,-21.34434,167.5267
27.49109,-9.43332,-18.4083,131.3411,-8.328875,2.849801,0.03528918,-0.06856328,0.03940921,-0.002448358,-0.9968652,-8.245137,2.874629,0.03783751,-0.008932191,-0.1599952,0.9870774,18,-5.7,-2.283955,31.90507,19,5.7,-21.0266,165.2659
27.50879,-9.396968,-16.45708,117.4575,-8.450636,2.845407,0.03432655,-0.0701502,0.04200542,-0.005062384,-0.9966388,-8.393209,2.862266,0.03690922,-0.008434674,-0.1623427,0.9866983,18,-5.7,-2.049801,30.23897,19,5.7,-20.79244,163.5998
27.53296,-9.5994,-16.45708,117.4575,-8.678371,2.837151,0.0324352,-0.07314486,0.04642864,-0.008627668,-0.9962027,-8.59564,2.862266,0.03690922,-0.008434674,-0.1623427,0.9866983,18,-5.7,-1.729851,27.96242,19,5.7,-20.47249,161.3233
27.55042,-8.94913,-14.23132,101.6205,-8.780328,2.833852,0.03173627,-0.07366213,0.04852171,-0.01083618,-0.9960432,-8.722553,2.85098,0.03541422,-0.002199494,-0.1658289,0.9861521,18,-5.7,-1.498304,26.31487,19,5.7,-20.24095,159.6757
27.57458,-7.063158,-17.34492,123.7748,-8.973383,2.827618,0.03087408,-0.07271448,0.05189282,-0.01454159,-0.9958957,-8.926738,2.840852,0.03368783,0.01486221,-0.1609832,0.9868453,18,-5.7,-1.178897,24.04217,19,5.7,-19.92154,157.403
27.59229,-7.137489,-17.34492,123.7748,-9.057005,2.82453,0.03003323,-0.07225052,0.05352008,-0.01663116,-0.9958106,-9.001068,2.840852,0.03368783,0.01486221,-0.1609832,0.9868453,18,-5.7,-0.9453975,22.38074,19,5.7,-19.68804,155.7416
27.61646,NaN,NaN,NaN,-9.203622,2.8193,0.02808337,-0.07400975,0.05578023,-0.01950543,-0.9955053,-9.159983,2.832154,0.03213954,0.06646653,-0.1354865,0.9885472,18,-5.7,-0.6254784,20.10439,19,5.7,-19.36812,153.4652
27.63416,NaN,NaN,NaN,-9.264308,2.81681,0.02699381,-0.07470002,0.05585569,-0.02036837,-0.9954323,-9.213926,2.832154,0.03213954,0.06646653,-0.1354865,0.9885472,18,-5.7,-0.3924829,18.44654,19,5.7,-19.13512,151.8074
27.6582,NaN,NaN,NaN,-9.368042,2.812132,0.02455919,-0.07610794,0.05591911,-0.02212026,-0.9952846,-9.330061,2.824565,0.03010654,0.06345461,-0.1354157,0.9887548,18,-5.7,-0.07425642,16.18224,19,5.7,-18.8169,149.5431
27.67578,NaN,NaN,NaN,-9.404636,2.810162,0.02328611,-0.07715714,0.0561616,-0.02468195,-0.9951298,-9.382128,2.818053,0.02777994,0.0694077,-0.1375891,0.9880546,18,-5.7,0.1590332,14.5223,19,5.7,-18.58361,147.8831
27.69995,NaN,NaN,NaN,-9.464605,2.806645,0.02064084,-0.07851429,0.05713402,-0.02993768,-0.9948241,-9.435434,2.818053,0.02777994,0.0694077,-0.1375891,0.9880546,18,-5.7,0.4783298,12.25039,19,5.7,-18.26431,145.6112
27.71753,NaN,NaN,NaN,-9.479638,2.805492,0.01900889,-0.0790855,0.05809708,-0.0330679,-0.9946239,-9.4639,2.812415,0.02556133,0.07435856,-0.1433788,0.9868705,18,-5.7,0.7111209,10.59399,19,5.7,-18.03152,143.9548
27.74182,NaN,NaN,NaN,-9.492706,2.80373,0.01564204,-0.078057,0.05876188,-0.03570377,-0.994575,-9.485619,2.807738,0.02230799,0.07678361,-0.1449862,0.9864499,18,-5.7,1.031525,8.314198,19,5.7,-17.71112,141.675
27.7594,NaN,NaN,NaN,-9.485227,2.803716,0.01377282,-0.07685734,0.0586901,-0.03774046,-0.9945975,-9.47897,2.807738,0.02230799,0.07678361,-0.1449862,0.9864499,18,-5.7,1.263611,6.662825,19,5.7,-17.47903,140.0237
27.78369,23.0899,-42.88131,320.7304,-9.450793,2.803496,0.009539966,-0.0762504,0.06020105,-0.04331085,-0.9943269,-9.45366,2.804418,0.0184623,0.09995563,-0.140321,0.9850477,18,-5.7,1.584445,4.379972,19,5.7,-17.1582,137.7408
27.80164,23.11796,-42.88425,320.7511,-9.421591,2.803743,0.007346258,-0.07663843,0.06173294,-0.0466449,-0.9940522,-9.427702,2.804418,0.0184623,0.09995563,-0.140321,0.9850477,18,-5.7,1.823099,2.68186,19,5.7,-16.91954,136.0427
27.82532,25.04168,-40.83618,314.895,-9.349728,2.806252,0.003941865,-0.07349384,0.06464814,-0.05156244,-0.9938616,-9.364292,2.802822,0.01415253,0.1076038,-0.1364798,0.9847816,18,-5.7,2.136171,0.454236,19,5.7,-16.60647,133.8151
27.8429,25.46432,-40.21988,315.5227,-9.299298,2.809202,0.002355763,-0.07232546,0.06612269,-0.05440982,-0.9936984,-9.315379,2.803057,0.009586692,0.1085757,-0.1343096,0.9849733,19,5.7,-16.37427,132.1629,20,-5.7,-34.86905,263.76
27.86731,25.11801,-39.65937,311.412,-9.17912,2.81478,-0.0003395001,-0.06736092,0.06930009,-0.05977028,-0.9935228,-9.208554,2.803057,0.009586692,0.1085757,-0.1343096,0.9849733,19,5.7,-16.05154,129.8665,20,-5.7,-34.54631,261.4636
27.88452,NaN,NaN,NaN,-9.10613,2.819519,-0.001340036,-0.06758092,0.07076435,-0.0624164,-0.9932418,-9.134874,2.805422,0.005061269,0.1129272,-0.1363697,0.9842005,19,5.7,-15.82453,128.2513,20,-5.7,-34.31931,259.8484
27.90881,24.40189,-37.15687,307.2729,-8.941302,2.829901,-0.002879259,-0.06530354,0.07428208,-0.06713118,-0.9928298,-8.974884,2.810844,0.001297235,0.1070962,-0.1282445,0.9859431,19,5.7,-15.50343,125.9666,20,-5.7,-33.99821,257.5637
27.92627,24.22269,-36.84138,304.8474,-8.846511,2.835387,-0.003712773,-0.06583513,0.07507395,-0.06670588,-0.9927638,-8.890625,2.810844,0.001297235,0.1070962,-0.1282445,0.9859431,19,5.7,-15.2726,124.3241,20,-5.7,-33.76738,255.9212
27.95056,NaN,NaN,NaN,-8.633194,2.847037,-0.005521359,-0.06757945,0.0753799,-0.06714856,-0.9925936,-8.682899,2.820074,-0.001297951,0.1181071,-0.1405692,0.983001,19,5.7,-14.95139,122.0386,20,-5.7,-33.44617,253.6357
27.96899,NaN,NaN,NaN,-8.506797,2.853716,-0.005961247,-0.06849282,0.07517935,-0.0701544,-0.9923382,-8.570545,2.820074,-0.001297951,0.1181071,-0.1405692,0.983001,19,5.7,-14.70736,120.3022,20,-5.7,-33.20214,251.8993
27.99243,27.87719,-40.49931,288.5268,-8.235054,2.867368,-0.006265997,-0.06640273,0.07459904,-0.07492515,-0.9921754,-8.30595,2.83227,-0.003430486,0.1230715,-0.1473859,0.9813923,19,5.7,-14.39833,118.1033,20,-5.7,-32.8931,249.7004
28.00977,34.58538,-47.31692,337.0367,-8.083181,2.874782,-0.00552284,-0.06232645,0.07416823,-0.07663754,-0.9923413,-8.142327,2.846534,-0.005242586,0.1244172,-0.146069,0.9814194,19,5.7,-14.16855,116.4684,20,-5.7,-32.66332,248.0655
28.03455,34.87101,-47.31692,337.0367,-7.761859,2.88871,-0.004246335,-0.05377853,0.07277928,-0.07699386,-0.9929165,-7.856708,2.846534,-0.005242586,0.1244172,-0.146069,0.9814194,19,5.7,-13.84088,114.1369,20,-5.7,-32.33565,245.734
28.05139,NaN,NaN,NaN,-7.58185,2.895683,-0.003595573,-0.05217056,0.07154482,-0.07738676,-0.9930614,-7.6623,2.862472,-0.005858779,0.1257412,-0.1379748,0.9824215,19,5.7,-13.61775,112.5492,20,-5.7,-32.11252,244.1463
28.07593,21.24857,-25.15773,213.2207,-7.204759,2.907356,-0.002310101,-0.04979623,0.06919956,-0.07757293,-0.9933349,-7.287115,2.879156,-0.005137801,0.1315335,-0.1292343,0.9828517,19,5.7,-13.29349,110.2421,20,-5.7,-31.78827,241.8391
28.09351,21.13464,-24.87116,211.0414,-7.004806,2.913354,-0.00134939,-0.05086362,0.06753122,-0.07739522,-0.9934095,-7.109379,2.879156,-0.005137801,0.1315335,-0.1292343,0.9828517,19,5.7,-13.06052,108.5844,20,-5.7,-31.5553,240.1815
28.11755,22.33315,-24.31235,208.5593,-6.591138,2.926855,0.001342043,-0.05084888,0.06489076,-0.07804438,-0.9935355,-6.695882,2.895099,-0.003650546,0.1367205,-0.1281412,0.9822868,19,5.7,-12.74287,106.3242,20,-5.7,-31.23765,237.9212
28.13635,22.21824,-24.02426,206.3509,-6.374621,2.933528,0.003083233,-0.04943888,0.06293842,-0.07697876,-0.9938154,-6.503423,2.895099,-0.003650546,0.1367205,-0.1281412,0.9822868,19,5.7,-12.49397,104.5531,20,-5.7,-30.98874,236.1502
28.15942,22.71784,-24.61969,203.9384,-5.933398,2.947389,0.007357812,-0.04626907,0.05979811,-0.07597341,-0.9942392,-6.060478,2.910349,-0.001554728,0.1384956,-0.1324883,0.981461,19,5.7,-12.18983,102.3891,20,-5.7,-30.68461,233.9862
28.17712,NaN,NaN,NaN,-5.712701,2.954599,0.009832211,-0.04265217,0.05739497,-0.07319593,-0.9947507,-5.809624,2.925951,0.001470089,0.1209279,-0.1355385,0.9833645,19,5.7,-11.95571,100.7232,20,-5.7,-30.45049,232.3203
28.20178,NaN,NaN,NaN,-5.259185,2.96683,0.01516378,-0.03636411,0.0534964,-0.06738903,-0.9956277,-5.406499,2.925951,0.001470089,0.1209279,-0.1355385,0.9833645,19,5.7,-11.63046,98.40892,20,-5.7,-30.12523,230.006
28.21875,NaN,NaN,NaN,-5.027598,2.971889,0.01796884,-0.03454753,0.05120918,-0.06554095,-0.995936,-5.143115,2.942191,0.005846739,0.1199899,-0.1316839,0.984003,19,5.7,-11.40497,96.8045,20,-5.7,-29.89975,228.4016
28.24304,NaN,NaN,NaN,-4.559906,2.979944,0.02358956,-0.03233704,0.04704066,-0.06182545,-0.9964533,-4.667776,2.95778,0.011814,0.1155715,-0.1298731,0.9847722,19,5.7,-11.08492,94.52719,20,-5.7,-29.57969,226.1243
28.26074,NaN,NaN,NaN,-4.325111,2.982989,0.02659219,-0.03314656,0.04468871,-0.06017773,-0.9966359,-4.459069,2.95778,0.011814,0.1155715,-0.1298731,0.9847722,19,5.7,-10.85049,92.85916,20,-5.7,-29.34527,224.4562
28.28479,NaN,NaN,NaN,-3.85859,2.98888,0.03294355,-0.03290695,0.0413618,-0.05759987,-0.9969397,-3.98327,2.970706,0.01842165,0.114545,-0.1397874,0.9835339,19,5.7,-10.53279,90.5986,20,-5.7,-29.02757,222.1957
28.30334,NaN,NaN,NaN,-3.626505,2.991318,0.03633116,-0.03106569,0.04025396,-0.05560787,-0.9971571,-3.776973,2.970706,0.01842165,0.114545,-0.1397874,0.9835339,19,5.7,-10.28743,88.8528,20,-5.7,-28.78221,220.4499
28.32654,NaN,NaN,NaN,-3.167169,2.993627,0.04358651,-0.02690179,0.03925977,-0.05089258,-0.9975696,-3.306566,2.980558,0.02518415,0.1079605,-0.1400761,0.9842374,19,5.7,-9.980117,86.66615,20,-5.7,-28.4749,218.2632
28.34436,NaN,NaN,NaN,-2.941437,2.993806,0.04710087,-0.0251023,0.03878166,-0.04842098,-0.9977582,-3.0439,2.987581,0.03281999,0.1065202,-0.1448404,0.9837046,19,5.7,-9.744942,84.99279,20,-5.7,-28.23972,216.5899
28.3689,NaN,NaN,NaN,-2.49549,2.993106,0.05425962,-0.02424929,0.03775289,-0.04383345,-0.9980307,-2.647503,2.987581,0.03281999,0.1065202,-0.1448404,0.9837046,19,5.7,-9.420736,82.68594,20,-5.7,-27.91551,214.283
28.38611,25.82351,-39.89952,284.2592,-2.2765,2.992776,0.05776711,-0.02574844,0.03719625,-0.04204245,-0.9980912,-2.391563,2.991454,0.04118931,0.09769168,-0.1485054,0.9840745,19,5.7,-9.193024,81.06568,20,-5.7,-27.6878,212.6628
28.41003,22.94188,-36.09851,261.6372,-1.840391,2.991184,0.06486778,-0.02803676,0.03531578,-0.03680987,-0.9983045,-1.943645,2.992436,0.04963553,0.09367421,-0.1471463,0.984669,19,5.7,-8.875748,78.80815,20,-5.7,-27.37053,210.4052
28.42786,22.91754,-35.75889,259.3629,-1.624376,2.989155,0.06842522,-0.02893395,0.03462274,-0.03538492,-0.9983547,-1.751632,2.992436,0.04963553,0.09367421,-0.1471463,0.984669,19,5.7,-8.639845,77.12962,20,-5.7,-27.13462,208.7267
28.4519,33.39466,-50.14716,357.175,-1.209469,2.98609,0.0758298,-0.03246181,0.03357235,-0.0329255,-0.9983662,-1.323563,2.991544,0.05788124,0.0957178,-0.1465029,0.9845684,19,5.7,-8.323257,74.87698,20,-5.7,-26.81804,206.4741
28.47058,33.57603,-50.14716,357.175,-1.005428,2.984697,0.07958441,-0.034242,0.03410282,-0.03284235,-0.9982915,-1.142193,2.991544,0.05788124,0.0957178,-0.1465029,0.9845684,19,5.7,-8.07653,73.12142,20,-5.7,-26.57131,204.7185
28.49377,21.03455,-30.42892,216.8723,-0.6065929,2.982506,0.08710629,-0.03836624,0.03347995,-0.0306569,-0.9982321,-0.7304006,2.988894,0.06675136,0.09873276,-0.1515939,0.9834994,19,5.7,-7.769175,70.93448,20,-5.7,-26.26395,202.5316
28.51147,19.95576,-28.39748,202.4178,-0.409431,2.980585,0.09070496,-0.03937589,0.03324263,-0.03060775,-0.9982023,-0.4996434,2.985487,0.07565749,0.09940391,-0.1525069,0.9832907,19,5.7,-7.534687,69.26601,20,-5.7,-26.02946,200.8631
28.53577,20.30162,-28.39746,202.4177,-0.02033014,2.978157,0.09808083,-0.04355197,0.03208318,-0.02987062,-0.9980891,-0.153776,2.985487,0.07565749,0.09940391,-0.1525069,0.9832907,19,5.7,-7.213343,66.97952,20,-5.7,-25.70812,198.5766
28.5531,12.85,-17.48729,127.2043,0.1690789,2.976866,0.1017089,-0.04550657,0.03110796,-0.02831081,-0.9980782,0.06858957,2.982148,0.08449471,0.09878197,-0.1581994,0.9824536,19,5.7,-6.98551,65.35841,20,-5.7,-25.48029,196.9555
28.57715,32.3201,-47.97469,341.7169,0.5442261,2.972599,0.1087294,-0.04806491,0.02978449,-0.02620358,-0.9980561,0.4544949,2.978825,0.09331346,0.09186625,-0.1468954,0.9848768,19,5.7,-6.666007,63.08503,20,-5.7,-25.16078,194.6821
28.59448,32.48368,-47.97468,341.7169,0.7282656,2.970819,0.112204,-0.05030883,0.0291478,-0.0252601,-0.9979887,0.6180856,2.978825,0.09331346,0.09186625,-0.1468954,0.9848768,19,5.7,-6.437191,61.45692,20,-5.7,-24.93197,193.054
28.61902,19.70033,-28.49619,203.1202,1.094558,2.966294,0.1191624,-0.0489286,0.02860638,-0.02432979,-0.9980961,0.9945309,2.975038,0.1020069,0.09067591,-0.1525561,0.9841262,19,5.7,-6.113433,59.15326,20,-5.7,-24.60821,190.7503
28.63708,19.85744,-28.49621,203.1203,1.271303,2.965091,0.1229282,-0.04834642,0.02854307,-0.02503845,-0.9981087,1.151638,2.975038,0.1020069,0.09067591,-0.1525561,0.9841262,19,5.7,-5.874389,57.45237,20,-5.7,-24.36916,189.0495
28.66077,21.00735,-29.57022,210.7623,1.622257,2.963713,0.1302026,-0.04669573,0.02915496,-0.02614856,-0.9981412,1.513255,2.970592,0.1104747,0.09107687,-0.1520315,0.9841704,19,5.7,-5.560984,55.22238,20,-5.7,-24.05576,186.8195
28.6781,18.88062,-27.52455,196.2066,1.801284,2.962126,0.1336643,-0.04594892,0.03078981,-0.0296776,-0.9980281,1.72058,2.966238,0.11849,0.08615121,-0.1530776,0.9844517,19,5.7,-5.331696,53.59091,20,-5.7,-23.82647,185.188
28.70313,19.19553,-27.52456,196.2067,2.155549,2.958771,0.1401723,-0.04761041,0.03268207,-0.03398143,-0.9977527,2.035482,2.966238,0.11849,0.08615121,-0.1530776,0.9844517,19,5.7,-5.001936,51.24455,20,-5.7,-23.49671,182.8416
28.71973,18.14944,-27.84287,198.4716,2.330027,2.956785,0.1431018,-0.05082052,0.0333658,-0.03489199,-0.9975403,2.238123,2.963014,0.1272789,0.07902236,-0.1529952,0.9850624,19,5.7,-4.781368,49.67513,20,-5.7,-23.27614,181.2722
28.74426,15.92244,-24.701,176.116,2.679099,2.952996,0.1486796,-0.05588941,0.03434446,-0.03654921,-0.9971765,2.595594,2.959605,0.1356822,0.07460219,-0.154841,0.9851186,19,5.7,-4.456944,47.36673,20,-5.7,-22.95172,178.9638
28.76172,16.07554,-24.701,176.116,2.851345,2.951888,0.1514537,-0.05875647,0.0343541,-0.03796987,-0.9969583,2.748702,2.959605,0.1356822,0.07460219,-0.154841,0.9851186,19,5.7,-4.226856,45.72957,20,-5.7,-22.72163,177.3267
28.78625,12.3977,-17.69176,126.2428,3.192592,2.949813,0.1566021,-0.06203739,0.03424481,-0.04053085,-0.9966624,3.098789,2.955598,0.1431378,0.07258156,-0.1611605,0.9842557,19,5.7,-3.902874,43.42432,20,-5.7,-22.39765,175.0214
28.80396,12.55012,-17.69176,126.2428,3.364061,2.948846,0.1591242,-0.06298544,0.03454204,-0.04300912,-0.9964888,3.251206,2.955598,0.1431378,0.07258156,-0.1611605,0.9842557,19,5.7,-3.667843,41.75198,20,-5.7,-22.16262,173.3491
28.82788,12.18648,-16.53715,118.0273,3.698873,2.94702,0.1636161,-0.0647912,0.03506484,-0.04571536,-0.9962342,3.595007,2.951929,0.149845,0.07172341,-0.1626989,0.9840655,19,5.7,-3.352088,39.50527,20,-5.7,-21.84686,171.1024
28.84521,10.53231,-12.95689,92.55244,3.863289,2.945767,0.1655696,-0.06576319,0.03596438,-0.0461532,-0.9961183,3.786819,2.948972,0.1561859,0.07176223,-0.1692155,0.982963,19,5.7,-3.123076,37.87576,20,-5.7,-21.61785,169.4728
28.87,10.81961,-12.95691,92.55253,4.1865,2.943792,0.1693742,-0.06832878,0.03785446,-0.04606462,-0.9958797,4.074119,2.948972,0.1561859,0.07176223,-0.1692155,0.982963,19,5.7,-2.794638,35.53881,20,-5.7,-21.28941,167.1359
28.88684,9.566314,-12.83222,91.66537,4.344414,2.943295,0.17104,-0.06911117,0.03853619,-0.0451098,-0.9958433,4.259377,2.946467,0.1618371,0.05706042,-0.1696533,0.9838505,19,5.7,-2.571824,33.95341,20,-5.7,-21.0666,165.5505
28.91138,8.882213,-10.91622,78.0323,4.658394,2.941893,0.174374,-0.07024446,0.03902524,-0.04456657,-0.9957693,4.582017,2.94415,0.1665186,0.05429086,-0.1749901,0.9830722,19,5.7,-2.247809,31.64792,20,-5.7,-20.74258,163.245
28.92871,9.020732,-10.91622,78.03229,4.814228,2.941,0.1761284,-0.07010553,0.03883301,-0.04400775,-0.9958115,4.720536,2.94415,0.1665186,0.05429086,-0.1749901,0.9830722,19,5.7,-2.019325,30.02217,20,-5.7,-20.5141,161.6192
28.95313,9.381734,-11.77603,84.15017,5.116638,2.939565,0.1799408,-0.06905369,0.03910083,-0.04315543,-0.9959118,5.032018,2.94221,0.1709154,0.05095122,-0.172405,0.9837075,19,5.7,-1.695325,27.71679,20,-5.7,-20.1901,159.3139
28.97095,9.510855,-11.77603,84.15018,5.261899,2.938991,0.1819289,-0.06807892,0.03970562,-0.04274127,-0.9959729,5.161138,2.94221,0.1709154,0.05095122,-0.172405,0.9837075,19,5.7,-1.460592,26.04658,20,-5.7,-19.95536,157.6437
28.99487,9.416715,-11.2764,80.5951,5.544667,2.938355,0.185968,-0.06731099,0.04082852,-0.04126687,-0.9960418,5.454245,2.940361,0.1752166,0.04846289,-0.1738779,0.983574,19,5.7,-1.144329,23.79625,20,-5.7,-19.6391,155.3933
29.01245,8.801159,-10.31938,73.78557,5.67989,2.938478,0.1882036,-0.06724846,0.0413895,-0.04033108,-0.9960612,5.614656,2.938822,0.1797071,0.04256712,-0.1771108,0.9832699,19,5.7,-0.9116445,22.14061,20,-5.7,-19.40641,153.7377
29.03674,9.037081,-10.31939,73.78558,5.945302,2.93719,0.1926136,-0.06621866,0.04352153,-0.03788156,-0.9961355,5.850578,2.938822,0.1797071,0.04256712,-0.1771108,0.9832699,19,5.7,-0.5895197,19.84858,20,-5.7,-19.08429,151.4456
29.05444,8.032782,-9.380103,67.10227,6.071389,2.936752,0.1949193,-0.06492104,0.04469469,-0.0354527,-0.9962584,6.000858,2.938052,0.1845288,0.02984942,-0.1809567,0.983038,19,5.7,-0.3565193,18.19069,20,-5.7,-18.85129,149.7878
29.07849,7.058475,-8.778477,62.82148,6.313384,2.936186,0.199277,-0.06314363,0.04589775,-0.03088667,-0.99647,6.252475,2.936926,0.1895961,0.01264841,-0.1838481,0.9828733,19,5.7,-0.03840175,15.92717,20,-5.7,-18.53317,147.5242
29.09631,7.161224,-8.778477,62.82149,6.428976,2.936116,0.2012716,-0.06346636,0.04560411,-0.02933772,-0.9965098,6.355224,2.936926,0.1895961,0.01264841,-0.1838481,0.9828733,19,5.7,0.1967155,14.25422,20,-5.7,-18.29806,145.8513
29.12024,6.861752,-6.923772,49.62458,6.651273,2.935429,0.2047573,-0.064847,0.04443852,-0.02756847,-0.996524,6.587129,2.935875,0.1948618,0.005448373,-0.1956116,0.9806663,19,5.7,0.5130717,12.00323,20,-5.7,-17.9817,143.6003
29.13843,6.953222,-6.923774,49.62458,6.754177,2.934931,0.2062026,-0.06692392,0.04281539,-0.02692951,-0.9964752,6.678598,2.935875,0.1948618,0.005448373,-0.1956116,0.9806663,19,5.7,0.7542881,10.28689,20,-5.7,-17.74048,141.884
29.16211,6.810654,-5.466934,39.25863,6.944788,2.933788,0.2080324,-0.071306,0.03989394,-0.02373949,-0.9963736,6.880138,2.935098,0.2001313,-0.001739237,-0.210303,0.9776347,19,5.7,1.067301,8.059686,20,-5.7,-17.42747,139.6568
29.17944,6.709382,-5.020909,36.085,7.030134,2.933357,0.2085552,-0.07296991,0.0385332,-0.02247774,-0.9963359,6.985642,2.934229,0.2043539,-0.007516731,-0.2164489,0.9762651,19,5.7,1.296012,6.432323,20,-5.7,-17.19876,138.0294
29.20386,6.845647,-5.020908,36.08499,7.183432,2.933079,0.2092943,-0.07625826,0.03540042,-0.01812183,-0.9962947,7.121907,2.934229,0.2043539,-0.007516731,-0.2164489,0.9762651,19,5.7,1.618543,4.137396,20,-5.7,-16.87623,135.7345
29.22131,6.627807,-4.018116,28.94975,7.248577,2.932562,0.2091693,-0.07693299,0.03373815,-0.01551055,-0.9963446,7.206353,2.93317,0.2071025,-0.0195608,-0.2350239,0.9717928,19,5.7,1.84988,2.491344,20,-5.7,-16.64489,134.0884
29.24561,6.318124,-3.691103,26.62294,7.365312,2.931063,0.2087994,-0.07832751,0.03127461,-0.01113634,-0.9963748,7.333018,2.932307,0.2086291,-0.03724256,-0.2430523,0.9692979,19,5.7,2.170826,0.2076967,20,-5.7,-16.32395,131.8048
29.26343,6.35784,-3.691103,26.62294,7.409992,2.930094,0.2085159,-0.07855539,0.02994091,-0.009001542,-0.9964194,7.372734,2.932307,0.2086291,-0.03724256,-0.2430523,0.9692979,20,-5.7,-16.08827,130.1279,21,0.7,-34.18089,258.8635
29.28723,0.5927669,-12.78049,91.29723,7.483806,2.928385,0.2067888,-0.07853209,0.02915352,-0.005932562,-0.9964676,7.457414,2.931106,0.2095281,-0.07406241,-0.1695117,0.9827414,20,-5.7,-15.77308,127.8852,21,0.7,-33.8657,256.6208
29.30493,0.6151019,-12.78049,91.29723,7.508933,2.928044,0.2057255,-0.07793938,0.02964532,-0.005080246,-0.9965043,7.479749,2.931106,0.2095281,-0.07406241,-0.1695117,0.9827414,20,-5.7,-15.53844,126.2156,21,0.7,-33.63106,254.9512
29.3291,-3.946814,-19.60639,139.866,7.544367,2.92667,0.2034268,-0.07541864,0.02993283,-0.003609426,-0.9966961,7.525951,2.929454,0.2086649,-0.0808349,-0.1587832,0.9839988,20,-5.7,-15.22005,123.9502,21,0.7,-33.31268,252.6858
29.34668,-5.055741,-20.2853,144.6966,7.552818,2.926002,0.2022043,-0.07345776,0.02967047,-0.002980589,-0.9968524,7.543833,2.92775,0.2067928,-0.08577905,-0.1580366,0.9837003,20,-5.7,-14.98682,122.2907,21,0.7,-33.07944,251.0263
29.37085,-5.048138,-20.28528,144.6966,7.561364,2.924208,0.1998484,-0.06901853,0.02919145,-0.002939346,-0.9971839,7.551429,2.92775,0.2067928,-0.08577905,-0.1580366,0.9837003,20,-5.7,-14.66787,120.0212,21,0.7,-32.76049,248.7568
29.38818,-8.635334,-25.12064,179.1019,7.556485,2.923327,0.1985716,-0.06703332,0.0285673,-0.002833826,-0.9973377,7.553497,2.92601,0.2044697,-0.08904511,-0.1542679,0.9840083,20,-5.7,-14.43771,118.3835,21,0.7,-32.53033,247.1192
29.4126,-20.08575,-41.29959,294.2211,7.536,2.922228,0.195777,-0.06234987,0.02766399,-0.001558938,-0.9976697,7.538221,2.924145,0.2017846,-0.09250942,-0.1481001,0.9846362,20,-5.7,-14.11519,116.0887,21,0.7,-32.20781,244.8243
29.43005,-20.0999,-41.29964,294.2215,7.520125,2.921299,0.1942336,-0.05940663,0.02707444,-0.0009272712,-0.9978663,7.52411,2.924145,0.2017846,-0.09250942,-0.1481001,0.9846362,20,-5.7,-13.88558,114.4549,21,0.7,-31.9782,243.1906
29.45459,NaN,NaN,NaN,7.479827,2.918831,0.1907305,-0.05609291,0.02526136,0.001346665,-0.9981051,7.488033,2.922455,0.1985387,-0.098151,-0.1398223,0.9853001,20,-5.7,-13.56108,112.1459,21,0.7,-31.6537,240.8816
29.4718,NaN,NaN,NaN,7.452638,2.917619,0.1890094,-0.05556596,0.02394064,0.003765202,-0.9981609,7.463864,2.922455,0.1985387,-0.098151,-0.1398223,0.9853001,20,-5.7,-13.33361,110.5274,21,0.7,-31.42623,239.2631
29.49622,-24.45279,-44.72911,318.6234,7.390666,2.915736,0.1857925,-0.05347221,0.02184892,0.008258443,-0.9982962,7.405936,2.920563,0.1950054,-0.09846733,-0.1472732,0.9841823,20,-5.7,-13.01045,108.2281,21,0.7,-31.10308,236.9637
29.51355,NaN,NaN,NaN,7.35354,2.914471,0.1839565,-0.05225608,0.02100477,0.01041852,-0.9983584,7.367879,2.917938,0.19129,-0.1169933,-0.1438432,0.9826605,20,-5.7,-12.78104,106.5957,21,0.7,-30.87366,235.3314
29.53796,NaN,NaN,NaN,7.273978,2.910962,0.1797179,-0.05086031,0.01884138,0.01270463,-0.9984473,7.297156,2.917938,0.19129,-0.1169933,-0.1438432,0.9826605,20,-5.7,-12.45833,104.2995,21,0.7,-30.55095,233.0352
29.55518,NaN,NaN,NaN,7.228479,2.908618,0.1771666,-0.0511812,0.01726511,0.01316959,-0.9984533,7.249244,2.915376,0.1871691,-0.1175405,-0.1422607,0.9828256,20,-5.7,-12.23066,102.6796,21,0.7,-30.32329,231.4152
29.57971,-35.27217,-50.29193,358.2048,7.129172,2.903709,0.1718596,-0.05238654,0.01424823,0.01393068,-0.998428,7.151471,2.912086,0.1825404,-0.1164104,-0.1459918,0.9824128,20,-5.7,-11.90592,100.3689,21,0.7,-29.99855,229.1046
29.59705,-35.32359,-50.29193,358.2049,7.071326,2.901572,0.1691302,-0.05374,0.01195945,0.01643661,-0.998348,7.100053,2.912086,0.1825404,-0.1164104,-0.1459918,0.9824128,20,-5.7,-11.67635,98.73539,21,0.7,-29.76897,227.471
29.62158,-12.57377,-23.23515,165.6861,6.944959,2.897376,0.1639529,-0.05389762,0.008341797,0.02047984,-0.9983016,6.97635,2.907413,0.1771144,-0.1158886,-0.1549671,0.9810989,20,-5.7,-11.35311,96.43547,21,0.7,-29.44574,225.1711
29.63892,-12.6407,-23.23517,165.6862,6.869679,2.895875,0.161265,-0.05340174,0.006915987,0.02217892,-0.9983028,6.909434,2.907413,0.1771144,-0.1158886,-0.1549671,0.9810989,20,-5.7,-11.12289,94.79732,21,0.7,-29.21551,223.533
29.66333,-11.71031,-21.79079,155.4088,6.713237,2.891515,0.155776,-0.05151197,0.004815303,0.02319346,-0.9983914,6.756775,2.902096,0.1710626,-0.1166806,-0.1560171,0.9808386,20,-5.7,-10.80116,92.50809,21,0.7,-28.89378,221.2437
29.68066,-28.85755,-42.21976,300.7684,6.626204,2.889825,0.1529914,-0.05150483,0.003248409,0.02425512,-0.998373,6.662756,2.897139,0.1646255,-0.1160646,-0.1474221,0.9822402,20,-5.7,-10.57192,90.87701,21,0.7,-28.66455,219.6127
29.70496,-29.02235,-42.21982,300.7688,6.440856,2.888461,0.1476983,-0.05064304,1.92225E-05,0.02745023,-0.9983396,6.498002,2.897139,0.1646255,-0.1160646,-0.1474221,0.9822402,20,-5.7,-10.24951,88.58291,21,0.7,-28.34213,217.3186
29.72229,NaN,NaN,NaN,6.339238,2.888601,0.144978,-0.04994873,-0.001479104,0.029123,-0.998326,6.387978,2.892385,0.1580763,-0.1176091,-0.1429012,0.9827245,20,-5.7,-10.02125,86.95879,21,0.7,-28.11388,215.6944
29.7467,NaN,NaN,NaN,6.126698,2.886841,0.1391309,-0.04771903,-0.002806761,0.02903167,-0.998435,6.176498,2.889051,0.1513627,-0.1220618,-0.1416294,0.9823655,20,-5.7,-9.697822,84.65746,21,0.7,-27.79045,213.3931
29.76404,NaN,NaN,NaN,6.007026,2.886256,0.1359877,-0.04884768,-0.004058734,0.0306252,-0.9983284,6.070124,2.889051,0.1513627,-0.1220618,-0.1416294,0.9823655,20,-5.7,-9.469578,83.03342,21,0.7,-27.5622,211.7691
29.78845,-40.62085,-50.40562,359.0139,5.755064,2.886356,0.1298119,-0.04991172,-0.006823167,0.03467444,-0.9981282,5.820478,2.88715,0.1447265,-0.1269704,-0.1457023,0.981147,20,-5.7,-9.145853,80.73,21,0.7,-27.23848,209.4656
29.80579,-40.74427,-50.40562,359.0139,5.616223,2.886959,0.1268237,-0.04863247,-0.008828619,0.03727841,-0.9980819,5.697064,2.88715,0.1447265,-0.1269704,-0.1457023,0.981147,20,-5.7,-8.917983,79.10862,21,0.7,-27.01061,207.8443
29.8302,-31.97568,-41.15073,293.1619,5.325252,2.888532,0.1209662,-0.04437663,-0.01186001,0.04024674,-0.9981334,5.409177,2.885799,0.137856,-0.1251738,-0.1474453,0.9811175,20,-5.7,-8.593946,76.80298,21,0.7,-26.68657,205.5386
29.84766,-33.33943,-41.4264,295.1234,5.166569,2.889666,0.1179518,-0.0411805,-0.01310206,0.04117837,-0.9982169,5.235115,2.885612,0.1306819,-0.1282458,-0.1473207,0.9807394,20,-5.7,-8.363518,75.16339,21,0.7,-26.45614,203.899
29.87195,-33.63216,-41.4264,295.1234,4.837244,2.892587,0.1119363,-0.03761027,-0.01461796,0.04187184,-0.9983078,4.942381,2.885612,0.1306819,-0.1282458,-0.1473207,0.9807394,20,-5.7,-8.041936,72.87522,21,0.7,-26.13456,201.6109
29.8894,-40.33326,-47.7585,340.1786,4.661521,2.894309,0.1088659,-0.03673001,-0.01487898,0.04103553,-0.9983715,4.74916,2.886818,0.1234576,-0.1300145,-0.1460575,0.9806954,20,-5.7,-7.812176,71.24039,21,0.7,-25.9048,199.976
29.9137,-22.79986,-26.86196,199.5259,4.301577,2.898634,0.1027781,-0.03498676,-0.01559626,0.0412039,-0.9984162,4.388015,2.889442,0.116334,-0.1336397,-0.1462404,0.9801807,20,-5.7,-7.490135,68.94895,21,0.7,-25.58276,197.6846
29.93115,-22.67134,-26.53703,197.3483,4.11215,2.900875,0.09974384,-0.03346424,-0.01594184,0.04185034,-0.9984361,4.219636,2.889442,0.116334,-0.1336397,-0.1462404,0.9801807,20,-5.7,-7.259784,67.30992,21,0.7,-25.35241,196.0456
29.95544,-22.94041,-26.27955,195.5766,3.723154,2.905743,0.09348931,-0.03082328,-0.01633021,0.04233736,-0.9984943,3.828891,2.893335,0.1091276,-0.1342242,-0.1462761,0.9800955,20,-5.7,-6.938808,65.02606,21,0.7,-25.03144,193.7617
29.97339,-21.59023,-25.55651,182.2033,3.524166,2.908072,0.09012516,-0.02991645,-0.01619354,0.04141453,-0.9985628,3.603962,2.898259,0.1017088,-0.1354342,-0.1529618,0.9789076,20,-5.7,-6.701292,63.33605,21,0.7,-24.79392,192.0717
29.99719,-21.95568,-25.55653,182.2034,3.113064,2.913062,0.08340085,-0.02971936,-0.01676228,0.04077007,-0.9985858,3.238538,2.898259,0.1017088,-0.1354342,-0.1529618,0.9789076,20,-5.7,-6.386097,61.09333,21,0.7,-24.47872,189.829
30.01514,-12.85,-15.42437,112.3601,2.89818,2.915154,0.07993084,-0.03018669,-0.01826203,0.04265236,-0.9984669,2.996678,2.903831,0.09404254,-0.1379762,-0.1595827,0.9774947,20,-5.7,-6.149981,59.41327,21,0.7,-24.24261,188.1489
30.03894,-12.85,-14.97535,109.6097,2.461423,2.920359,0.07307717,-0.03118999,-0.02036262,0.04485767,-0.9982987,2.608449,2.903831,0.09404254,-0.1379762,-0.1595827,0.9774947,20,-5.7,-5.834007,57.165,21,0.7,-23.92663,185.9006
30.05701,-17.78087,-19.63183,140.047,2.235997,2.923115,0.06977306,-0.0308966,-0.02110662,0.04540246,-0.9982678,2.354142,2.909611,0.08631921,-0.1406203,-0.1574265,0.9774675,20,-5.7,-5.595608,55.4687,21,0.7,-23.68824,184.2043
30.08081,-12.19182,-14.18161,101.2667,1.781911,2.928751,0.06341071,-0.02927375,-0.02240122,0.04499082,-0.9983071,1.894022,2.91549,0.07829726,-0.1359836,-0.1650542,0.9768652,20,-5.7,-5.280354,53.22555,21,0.7,-23.37298,181.9612
30.09875,-12.39629,-14.18162,101.2667,1.551883,2.932327,0.0604605,-0.02846597,-0.0227031,0.04432851,-0.9983533,1.689552,2.91549,0.07829726,-0.1359836,-0.1650542,0.9768652,20,-5.7,-5.044443,51.54696,21,0.7,-23.13707,180.2826
30.12256,-11.52751,-12.97253,92.6636,1.082965,2.938203,0.05447409,-0.02692544,-0.02276392,0.04082442,-0.9985441,1.214116,2.921807,0.07022417,-0.1343942,-0.167648,0.9766434,20,-5.7,-4.728292,49.29742,21,0.7,-22.82092,178.0331
30.14038,-11.74433,-12.97254,92.66364,0.8390476,2.940269,0.05145954,-0.027876,-0.02127951,0.03723403,-0.998691,0.9973006,2.921807,0.07022417,-0.1343942,-0.167648,0.9766434,20,-5.7,-4.493421,47.62623,21,0.7,-22.58605,176.3619
30.16431,-12.52531,-13.52554,96.59846,0.3498373,2.944034,0.04634473,-0.03048175,-0.01758499,0.03173338,-0.9988767,0.5019587,2.928894,0.06266534,-0.1318673,-0.1665584,0.9771742,20,-5.7,-4.177825,45.38066,21,0.7,-22.27045,174.1163
30.18213,-11.43664,-12.04283,86.04848,0.100782,2.946113,0.04439987,-0.03293373,-0.01425759,0.02600855,-0.9990174,0.2181946,2.935677,0.05548632,-0.1323474,-0.1700898,0.9765007,20,-5.7,-3.941261,43.69742,21,0.7,-22.03389,172.4331
30.20605,-9.121929,-9.04869,64.74403,-0.4097728,2.949008,0.04062009,-0.03559423,-0.006775081,0.01977054,-0.9991478,-0.2998894,2.941186,0.04900527,-0.1328911,-0.1806099,0.9745358,20,-5.7,-3.625247,41.44886,21,0.7,-21.71787,170.1845
30.22388,-9.349884,-9.048686,64.744,-0.6662251,2.94953,0.03936274,-0.03702217,-0.002879053,0.0178297,-0.9991512,-0.5278469,2.941186,0.04900527,-0.1328911,-0.1806099,0.9745358,20,-5.7,-3.389823,39.77373,21,0.7,-21.48245,168.5094
30.2478,-9.09712,-7.673262,54.95735,-1.183126,2.950981,0.03712215,-0.03663545,0.002127461,0.01267021,-0.9992461,-1.053446,2.945428,0.04371858,-0.1423499,-0.1879204,0.971814,20,-5.7,-3.072702,37.5173,21,0.7,-21.16533,166.2529
30.2655,-9.332614,-7.673259,54.95734,-1.448059,2.953068,0.03589332,-0.03665755,0.004322343,0.01153183,-0.9992521,-1.288942,2.945428,0.04371858,-0.1423499,-0.1879204,0.971814,20,-5.7,-2.838877,35.85355,21,0.7,-20.9315,164.5892
30.28967,-9.824658,-7.021308,50.3185,-1.982994,2.954921,0.03424887,-0.04261619,0.009886332,0.008439573,-0.999007,-1.832278,2.948125,0.03971493,-0.154064,-0.1921744,0.9691921,20,-5.7,-2.519561,33.58149,21,0.7,-20.61219,162.3171
30.30737,-12.15773,-7.962432,57.01492,-2.255428,2.954746,0.03354784,-0.04363104,0.01520437,0.003397169,-0.9989263,-2.143667,2.950932,0.03672218,-0.1700993,-0.1853748,0.9678339,20,-5.7,-2.285901,31.91892,21,0.7,-20.37853,160.6546
30.3313,-12.63967,-7.962432,57.01492,-2.797606,2.958243,0.03358777,-0.05060232,0.02479498,-0.003970817,-0.9984032,-2.625604,2.950932,0.03672218,-0.1700993,-0.1853748,0.9678339,20,-5.7,-1.969318,29.66631,21,0.7,-20.06194,158.402
30.34924,-12.2619,-6.812951,48.83593,-3.066861,2.959679,0.03435419,-0.049398,0.02834734,-0.00293084,-0.9983726,-2.935734,2.953213,0.03459561,-0.1841834,-0.192873,0.9637824,20,-5.7,-1.731476,27.97398,21,0.7,-19.8241,156.7096
30.37317,-11.66276,-5.914873,42.4458,-3.598716,2.963028,0.03522269,-0.05014015,0.03490968,-0.002034124,-0.9981299,-3.480217,2.955853,0.03384435,-0.1855638,-0.2011705,0.9618194,20,-5.7,-1.415219,25.7237,21,0.7,-19.50784,154.4594
30.39063,-11.90164,-5.914884,42.44585,-3.867437,2.963264,0.03565279,-0.05030102,0.0384541,-0.001862632,-0.9979918,-3.71908,2.955853,0.03384435,-0.1855638,-0.2011705,0.9618194,20,-5.7,-1.184454,24.08172,21,0.7,-19.27708,152.8174
30.41504,-12.62228,-6.168855,44.25295,-4.396954,2.962809,0.03591387,-0.05214926,0.04425841,0.001524137,-0.997657,-4.261356,2.959265,0.0343821,-0.1820816,-0.1987896,0.9629793,20,-5.7,-0.8618729,21.78643,21,0.7,-18.9545,150.5221
30.43225,-12.85,-6.168431,44.2509,-4.653584,2.96135,0.03619678,-0.05429432,0.04503798,0.004801182,-0.9974972,-4.489471,2.959265,0.0343821,-0.1820816,-0.1987896,0.9629793,20,-5.7,-0.6350349,20.1724,21,0.7,-18.72766,148.9081
30.45654,-12.85,-5.777095,41.78727,-5.159832,2.957037,0.03696086,-0.05696867,0.04619491,0.00538693,-0.9972922,-5.010611,2.961542,0.03525901,-0.1807516,-0.2014854,0.9626695,20,-5.7,-0.3127566,17.87927,21,0.7,-18.40538,146.6149
30.47412,-12.40484,-5.63431,40.44946,-5.406878,2.95334,0.03717194,-0.05820311,0.04663318,0.005456078,-0.9972001,-5.300221,2.960561,0.03594613,-0.1694651,-0.205012,0.963977,20,-5.7,-0.0814901,16.23372,21,0.7,-18.17412,144.9694
30.49841,-12.83125,-5.634308,40.44946,-5.886595,2.943364,0.03811559,-0.05719871,0.04502841,0.01015747,-0.9972952,-5.726637,2.960561,0.03594613,-0.1694651,-0.205012,0.963977,20,-5.7,0.240574,13.94212,21,0.7,-17.85205,142.6778
30.51575,-12.29503,-5.306984,38.12043,-6.117123,2.936499,0.03826349,-0.05664899,0.0433832,0.01108226,-0.9973896,-5.999354,2.955956,0.03670335,-0.1594847,-0.2093204,0.9647536,20,-5.7,0.468814,12.3181,21,0.7,-17.62381,141.0538
30.54016,-12.46534,-5.239801,37.6424,-6.55728,2.923662,0.03742889,-0.06084729,0.04529149,0.001852068,-0.9971173,-6.455761,2.946652,0.03754246,-0.1542815,-0.2101677,0.9654153,20,-5.7,0.7915764,10.02153,21,0.7,-17.30105,138.7572
30.55786,-12.65327,-5.239801,37.6424,-6.768705,2.916035,0.03684324,-0.06506819,0.04779174,0.0008131471,-0.9967354,-6.643695,2.946652,0.03754246,-0.1542815,-0.2101677,0.9654153,20,-5.7,1.026483,8.350083,21,0.7,-17.06614,137.0857
30.58191,-12.59528,-4.78352,34.39579,-7.176201,2.900561,0.03651478,-0.06892004,0.05289987,0.002909925,-0.9962144,-7.067541,2.933141,0.03766644,-0.1550764,-0.216485,0.9638909,20,-5.7,1.344904,6.084398,21,0.7,-16.74772,134.8201
30.59961,-12.76553,-4.78352,34.39579,-7.367733,2.893167,0.03684442,-0.06759273,0.05745668,0.001944686,-0.9960554,-7.237792,2.933141,0.03766644,-0.1550764,-0.216485,0.9638909,20,-5.7,1.577751,4.427607,21,0.7,-16.51488,133.1633
30.62378,-12.63008,-4.185944,30.14381,-7.731462,2.877834,0.03660913,-0.06629018,0.06737963,-0.001155132,-0.9955221,-7.619056,2.91652,0.0369817,-0.1599101,-0.2266515,0.960759,20,-5.7,1.897287,2.153993,21,0.7,-16.19534,130.8896
30.64136,-12.77093,-4.004859,28.85532,-7.890306,2.868442,0.03492942,-0.07188601,0.07325803,-0.001540105,-0.9947177,-7.81408,2.898636,0.03674495,-0.1649772,-0.2297671,0.9591609,20,-5.7,2.129871,0.4990687,21,0.7,-15.96276,129.2347
30.66541,-12.85,-3.749094,27.78764,-8.185868,2.849215,0.03147625,-0.08442822,0.07761636,0.001137742,-0.9934014,-8.076801,2.898636,0.03674495,-0.1649772,-0.2297671,0.9591609,21,0.7,-15.64396,126.9664,22,-5.7,-33.73647,255.7012
30.68298,-12.85,-3.405218,25.39867,-8.321007,2.840147,0.03119926,-0.08466905,0.07843266,-0.0001748996,-0.9933174,-8.245853,2.879358,0.03579545,-0.1735291,-0.236864,0.95592,21,0.7,-15.4114,125.3117,22,-5.7,-33.50391,254.0465
30.70728,-12.50705,-3.125265,22.59669,-8.573246,2.825437,0.03170396,-0.07927618,0.0841503,-0.006483582,-0.9932734,-8.512855,2.858043,0.03308296,-0.1686546,-0.2526448,0.9527467,21,0.7,-15.09067,123.0295,22,-5.7,-33.18318,251.7644
30.72473,-12.5974,-3.125264,22.59668,-8.674885,2.819895,0.03275819,-0.07188228,0.08785093,-0.01237924,-0.9934596,-8.603201,2.858043,0.03308296,-0.1686546,-0.2526448,0.9527467,21,0.7,-14.86069,121.3931,22,-5.7,-32.9532,250.128
30.7489,-12.85,-3.3099,23.92202,-8.859865,2.80654,0.03346917,-0.06753553,0.08917283,-0.01091407,-0.993664,-8.804684,2.837736,0.03170204,-0.1618249,-0.245924,0.9556851,21,0.7,-14.53968,119.109,22,-5.7,-32.63218,247.8438
30.76648,-12.85,-3.21166,23.54025,-8.93259,2.800413,0.03368574,-0.07004698,0.08969802,-0.01220466,-0.9934278,-8.869328,2.837736,0.03170204,-0.1618249,-0.245924,0.9556851,21,0.7,-14.3074,117.4562,22,-5.7,-32.3999,246.1911
30.79102,-12.85,-3.030957,23.80856,-9.075607,2.789408,0.03417821,-0.0755386,0.08949723,-0.00891842,-0.9930784,-9.027402,2.820285,0.03219044,-0.1542468,-0.2361051,0.9594072,21,0.7,-13.98358,115.1522,22,-5.7,-32.07609,243.887
30.80847,-12.55586,-3.128099,22.61686,-9.129677,2.784756,0.03419375,-0.08043771,0.08818223,-0.005261115,-0.9928374,-9.100129,2.804737,0.03306425,-0.1464017,-0.2513443,0.9567615,21,0.7,-13.75255,113.5083,22,-5.7,-31.84505,242.2431
30.83264,-12.62862,-3.1281,22.61687,-9.211535,2.776262,0.03556514,-0.08213213,0.08479462,-0.004396107,-0.9929979,-9.172891,2.804737,0.03306425,-0.1464017,-0.2513443,0.9567615,21,0.7,-13.43296,111.2343,22,-5.7,-31.52547,239.9691
30.8501,-12.31506,-2.779252,20.13469,-9.239768,2.773525,0.03702863,-0.07898294,0.08283474,-0.005423529,-0.9934137,-9.217339,2.791138,0.03360033,-0.1468988,-0.2641572,0.953227,21,0.7,-13.20221,109.5924,22,-5.7,-31.29472,238.3273
30.87451,-12.11862,-2.70403,19.59945,-9.272774,2.768291,0.03872188,-0.07222079,0.08309603,-0.01146175,-0.9938551,-9.260612,2.780028,0.03496194,-0.1392885,-0.2672727,0.9535009,21,0.7,-12.8797,107.2976,22,-5.7,-30.9722,236.0325
30.89209,-12.11489,-2.704029,19.59945,-9.268585,2.764988,0.03828823,-0.07341113,0.08451659,-0.009651667,-0.9936672,-9.256889,2.780028,0.03496194,-0.1392885,-0.2672727,0.9535009,21,0.7,-12.64677,105.6402,22,-5.7,-30.73928,234.3751
30.91614,-10.78633,-5.429505,38.99223,-9.242157,2.758746,0.03678387,-0.08039559,0.08276147,-0.001161438,-0.9933206,-9.241825,2.771724,0.03694117,-0.03876838,-0.2058585,0.9778135,21,0.7,-12.32927,103.3811,22,-5.7,-30.42178,232.116
30.93372,-10.75796,-5.429485,38.99213,-9.210249,2.757037,0.03667711,-0.08276962,0.08119152,0.002363061,-0.993253,-9.213462,2.771724,0.03694117,-0.03876838,-0.2058585,0.9778135,21,0.7,-12.09689,101.7276,22,-5.7,-30.1894,230.4625
30.95789,-5.200371,-7.441851,53.31086,-9.12808,2.756765,0.03723341,-0.08048555,0.0778359,0.002127388,-0.9937098,-9.142942,2.764441,0.03759658,0.07249347,-0.1876666,0.9795539,21,0.7,-11.7773,99.45364,22,-5.7,-29.86981,228.1885
30.97571,-2.772707,-10.27167,73.44606,-9.059134,2.75878,0.03820258,-0.07540438,0.07850945,-0.006839488,-0.9940341,-9.07802,2.758595,0.03720093,0.0842703,-0.174149,0.9811068,21,0.7,-11.54183,97.77821,22,-5.7,-29.63434,226.5131
30.99976,-2.643012,-10.27167,73.44609,-8.913226,2.759098,0.03801736,-0.06840596,0.07373324,-0.006627643,-0.9949071,-8.948326,2.758595,0.03720093,0.0842703,-0.174149,0.9811068,21,0.7,-11.22388,95.51582,22,-5.7,-29.31638,224.2507
31.01721,4.849458,-21.23149,151.4291,-8.828692,2.759593,0.03763053,-0.06777789,0.06910952,-0.003560852,-0.9952976,-8.863134,2.75674,0.03737485,0.08910495,-0.1558764,0.9837494,21,0.7,-10.99255,93.86983,22,-5.7,-29.08505,222.6047
31.0415,23.66729,-49.29327,351.0991,-8.629771,2.763203,0.03808894,-0.06687967,0.0625329,-0.008101344,-0.9957666,-8.66997,2.757357,0.03765309,0.09074087,-0.1460581,0.9851057,21,0.7,-10.67221,91.59049,22,-5.7,-28.76471,220.3254
31.05933,23.77308,-49.29327,351.0991,-8.510761,2.766854,0.03845224,-0.06858334,0.05999637,-0.01612119,-0.9957093,-8.564182,2.757357,0.03765309,0.09074087,-0.1460581,0.9851057,21,0.7,-10.43621,89.91132,22,-5.7,-28.52872,218.6462
31.08337,11.15487,-27.69223,197.3997,-8.251115,2.776829,0.04001132,-0.06975046,0.05708567,-0.02836211,-0.9955259,-8.311108,2.75995,0.03790033,0.09701757,-0.1517724,0.9836426,21,0.7,-10.11841,87.65005,22,-5.7,-28.21092,216.3849
31.10144,11.27899,-27.69223,197.3997,-8.111485,2.782264,0.04001033,-0.07195446,0.05484478,-0.02724458,-0.9955261,-8.186993,2.75995,0.03790033,0.09701757,-0.1517724,0.9836426,21,0.7,-9.879344,85.94899,22,-5.7,-27.97185,214.6839
31.12476,8.695116,-24.60078,175.4029,-7.813327,2.792792,0.03906064,-0.08184607,0.05078628,-0.02342916,-0.9950745,-7.893693,2.766059,0.0385834,0.0930594,-0.1535217,0.9837536,21,0.7,-9.5714,83.75785,22,-5.7,-27.66391,212.4927
31.1427,10.24007,-23.93179,170.6427,-7.651283,2.798089,0.03852354,-0.08552098,0.04773635,-0.0199148,-0.9949929,-7.715811,2.776302,0.03934455,0.1034251,-0.1538375,0.9826685,21,0.7,-9.333136,82.06252,22,-5.7,-27.42564,210.7974
31.1665,10.53954,-23.93177,170.6426,-7.314366,2.811464,0.0375825,-0.0909469,0.04175445,-0.02228495,-0.9947305,-7.416329,2.776302,0.03934455,0.1034251,-0.1538375,0.9826685,21,0.7,-9.019395,79.83013,22,-5.7,-27.1119,208.565
31.18408,4.819176,-13.43563,95.95876,-7.130623,2.819271,0.03718849,-0.09226484,0.04026804,-0.02873834,-0.9945048,-7.214458,2.78879,0.03917229,0.1227627,-0.1655156,0.9785366,21,0.7,-8.787062,78.17699,22,-5.7,-26.87957,206.9119
31.20813,6.978996,-14.04537,100.2973,-6.754975,2.834616,0.03573443,-0.09456947,0.04128448,-0.04059306,-0.9938332,-6.837634,2.803533,0.03834021,0.1346658,-0.1642203,0.9771882,21,0.7,-8.46938,75.91658,22,-5.7,-26.56189,204.6514
31.22559,7.154251,-14.04537,100.2973,-6.557809,2.842052,0.03469099,-0.09631774,0.04240623,-0.04268163,-0.9935306,-6.662375,2.803533,0.03834021,0.1346658,-0.1642203,0.9771882,21,0.7,-8.237889,74.26944,22,-5.7,-26.3304,203.0043
31.24988,25.64632,-34.43179,245.3541,-6.145846,2.856288,0.03264354,-0.09965212,0.04319973,-0.04477211,-0.9930754,-6.249037,2.820437,0.03683662,0.1274941,-0.148907,0.9805978,21,0.7,-7.917184,71.9875,22,-5.7,-26.00969,200.7224
31.26746,25.83365,-34.43178,245.3541,-5.9351,2.863603,0.03179348,-0.102388,0.0421588,-0.04152131,-0.992983,-6.061707,2.820437,0.03683662,0.1274941,-0.148907,0.9805978,21,0.7,-7.684893,70.33466,22,-5.7,-25.7774,199.0695
31.29175,12.61982,-21.72466,154.9382,-5.506976,2.877269,0.03041305,-0.1044068,0.04055512,-0.03789262,-0.9929848,-5.630231,2.838184,0.03484905,0.115582,-0.1555625,0.9810408,21,0.7,-7.363651,68.0489,22,-5.7,-25.45616,196.7838
31.30933,12.85,-21.28268,153.1934,-5.284368,2.883662,0.02989643,-0.1048259,0.03931351,-0.0377514,-0.992996,-5.378399,2.85578,0.03278399,0.1167597,-0.1546159,0.981051,21,0.7,-7.131298,66.39562,22,-5.7,-25.22381,195.1305
31.33386,12.85,-20.74883,149.8061,-4.830825,2.896827,0.02926631,-0.1070194,0.03669344,-0.04156974,-0.9927096,-4.975249,2.85578,0.03278399,0.1167597,-0.1546159,0.981051,21,0.7,-6.806231,64.08266,22,-5.7,-24.89874,192.8175
31.35095,12.85,-20.36967,148.5357,-4.597993,2.903344,0.02936488,-0.1078828,0.03591722,-0.04541387,-0.9924762,-4.71162,2.872441,0.03088212,0.1160447,-0.1535805,0.9812984,21,0.7,-6.580088,62.47356,22,-5.7,-24.6726,191.2084
31.37549,12.16461,-20.32152,144.9544,-4.136287,2.915858,0.02955227,-0.1108656,0.03586303,-0.04817832,-0.9920189,-4.242042,2.888366,0.02964365,0.1110917,-0.1571573,0.9813054,21,0.7,-6.25605,60.16792,22,-5.7,-24.34856,188.9028
31.3927,12.36964,-20.3216,144.9549,-3.905696,2.922128,0.03014779,-0.1121663,0.036431,-0.0460664,-0.9919524,-4.037072,2.888366,0.02964365,0.1110917,-0.1571573,0.9813054,21,0.7,-6.028447,58.54844,22,-5.7,-24.12096,187.2833
31.41699,9.269863,-16.42102,117.2009,-3.438354,2.933524,0.03195167,-0.1125348,0.03769226,-0.04261639,-0.9920177,-3.560827,2.903764,0.02933276,0.1074187,-0.1617874,0.9809618,21,0.7,-5.706817,56.25992,22,-5.7,-23.79933,184.9948
31.43506,9.480498,-16.42102,117.2009,-3.201388,2.937739,0.03317438,-0.1105521,0.03801722,-0.04054737,-0.9923149,-3.350191,2.903764,0.02933276,0.1074187,-0.1617874,0.9809618,21,0.7,-5.46836,54.56321,22,-5.7,-23.56087,183.2981
31.45898,12.85,-21.2716,155.1963,-2.726126,2.945372,0.03556271,-0.1085669,0.03658972,-0.03597325,-0.992764,-2.866176,2.918472,0.03025448,0.09957994,-0.1532718,0.9831539,21,0.7,-5.152817,52.318,22,-5.7,-23.24533,181.0529
31.4762,11.82177,-25.33245,180.609,-2.485097,2.949587,0.03725591,-0.1092586,0.03486967,-0.0352254,-0.9927768,-2.589692,2.931482,0.03204489,0.07860392,-0.154159,0.9849144,21,0.7,-4.924195,50.69128,22,-5.7,-23.0167,179.4262
31.5011,12.25219,-25.33242,180.6088,-2.000863,2.9559,0.04103643,-0.1109316,0.03289643,-0.03687634,-0.9925987,-2.159262,2.931482,0.03204489,0.07860392,-0.154159,0.9849144,21,0.7,-4.595626,48.35338,22,-5.7,-22.68814,177.0883
31.51782,12.85,-25.06097,179.054,-1.755952,2.958328,0.0434569,-0.1102211,0.03242243,-0.0376729,-0.9926636,-1.878495,2.942238,0.03485477,0.0810176,-0.1540383,0.9847377,21,0.7,-4.374159,46.77757,22,-5.7,-22.46667,175.5125
31.54236,8.380465,-16.84396,120.2103,-1.269602,2.961695,0.04906279,-0.1070924,0.032014,-0.03654537,-0.9930614,-1.382052,2.950958,0.03880787,0.07990171,-0.1620124,0.9835485,21,0.7,-4.049853,44.47001,22,-5.7,-22.14236,173.2049
31.55945,8.596164,-16.84396,120.2103,-1.026939,2.962795,0.05224238,-0.1039913,0.03307848,-0.03642582,-0.9933603,-1.166351,2.950958,0.03880787,0.07990171,-0.1620124,0.9835485,21,0.7,-3.82329,42.85793,22,-5.7,-21.9158,171.5928
31.58411,6.460425,-14.46258,103.2659,-0.546843,2.963229,0.05815709,-0.09921407,0.03463011,-0.03435747,-0.9938697,-0.6750122,2.957228,0.0441885,0.06800565,-0.1660229,0.9837742,21,0.7,-3.497212,40.53777,22,-5.7,-21.58972,169.2727
31.60193,6.668461,-14.46258,103.2659,-0.3128024,2.96385,0.06153353,-0.09811407,0.03522496,-0.0311302,-0.9940643,-0.4669761,2.957228,0.0441885,0.06800565,-0.1660229,0.9837742,21,0.7,-3.262792,38.86978,22,-5.7,-21.3553,167.6047
31.62598,4.900816,-13.63908,97.40636,0.1567016,2.961849,0.06833393,-0.09053712,0.0376294,-0.0276206,-0.9947986,0.01477492,2.960932,0.0508219,0.04941312,-0.167878,0.9845686,21,0.7,-2.945067,36.60905,22,-5.7,-21.03758,165.3439
31.64331,4.81168,-14.48161,103.4013,0.3860531,2.962566,0.07222613,-0.08912005,0.03706778,-0.0238094,-0.9950461,0.2823399,2.962265,0.05819011,0.04317652,-0.1662861,0.9851319,21,0.7,-2.714763,34.97036,22,-5.7,-20.80728,163.7052
31.66821,5.224973,-14.48161,103.4013,0.8510094,2.957605,0.07859863,-0.08123808,0.03891327,-0.02246565,-0.9956814,0.6956344,2.962265,0.05819011,0.04317652,-0.1662861,0.9851319,21,0.7,-2.385067,32.62444,22,-5.7,-20.47758,161.3593
31.68506,4.719491,-14.05694,100.3796,1.07657,2.955028,0.08124114,-0.08326788,0.04010703,-0.02396968,-0.9954312,0.9588724,2.961902,0.06619823,0.03693532,-0.1671524,0.985239,21,0.7,-2.162852,31.0433,22,-5.7,-20.25537,159.7782
31.70947,4.242844,-12.64213,90.31268,1.51952,2.949912,0.08762179,-0.07959472,0.04213845,-0.02147615,-0.9957047,1.414325,2.959007,0.07424819,0.030872,-0.1702794,0.9849121,21,0.7,-1.840605,28.7504,22,-5.7,-19.93312,157.4853
31.72681,4.435279,-12.64213,90.31266,1.736011,2.948008,0.09146108,-0.07486448,0.04163148,-0.01641439,-0.9961891,1.606762,2.959007,0.07424819,0.030872,-0.1702794,0.9849121,21,0.7,-1.610765,27.115,22,-5.7,-19.70328,155.8499
31.75122,4.616446,-17.3056,123.495,2.166781,2.942532,0.09891121,-0.06590057,0.0432791,-0.01297777,-0.9968027,2.050054,2.953726,0.08190954,0.02051615,-0.1619564,0.9865846,21,0.7,-1.288417,24.82138,22,-5.7,-19.38093,153.5562
31.76953,4.806967,-17.30561,123.495,2.381115,2.939249,0.1023842,-0.06244959,0.043653,-0.01143203,-0.9970275,2.240573,2.953726,0.08190954,0.02051615,-0.1619564,0.9865846,21,0.7,-1.046369,23.09911,22,-5.7,-19.13888,151.834
31.79309,-1.873166,-43.6908,311.2354,2.802577,2.930106,0.1087949,-0.0579983,0.04376227,-0.009788474,-0.997309,2.674065,2.947807,0.0900538,-0.01445152,-0.1482218,0.9888486,21,0.7,-0.7355202,20.88731,22,-5.7,-18.82803,149.6222
31.81055,NaN,NaN,NaN,3.003637,2.925036,0.1118957,-0.05782735,0.04229715,-0.006997585,-0.9974056,2.910313,2.940837,0.09855103,-0.04634,-0.1329319,0.9900413,21,0.7,-0.5041595,19.24109,22,-5.7,-18.59667,147.976
31.83521,NaN,NaN,NaN,3.40176,2.919025,0.1190396,-0.05980532,0.03937781,-0.001370725,-0.9974322,3.2642,2.940837,0.09855103,-0.04634,-0.1329319,0.9900413,21,0.7,-0.1784222,16.92335,22,-5.7,-18.27094,145.6582
31.85242,NaN,NaN,NaN,3.599568,2.91456,0.1224529,-0.05583523,0.03780539,2.826192E-05,-0.9977241,3.496078,2.931674,0.1066204,-0.04657068,-0.1284943,0.9906161,21,0.7,0.04938467,15.30242,22,-5.7,-18.04313,144.0373
31.87646,NaN,NaN,NaN,3.978104,2.904123,0.1278879,-0.0543459,0.03508881,0.001255104,-0.9979047,3.886756,2.922305,0.1147255,-0.04690407,-0.1285414,0.9905943,21,0.7,0.3676924,13.03754,22,-5.7,-17.72482,141.7724
31.89429,NaN,NaN,NaN,4.159755,2.898789,0.1302172,-0.05599329,0.03304499,0.002967804,-0.9978798,4.048223,2.922305,0.1147255,-0.04690407,-0.1285414,0.9905943,21,0.7,0.6033323,11.36088,22,-5.7,-17.48918,140.0958
31.91821,NaN,NaN,NaN,4.51528,2.887743,0.1349649,-0.05599932,0.02846653,0.005222731,-0.9980113,4.41648,2.912087,0.1221865,-0.04876449,-0.135175,0.989621,21,0.7,0.9190356,9.114533,22,-5.7,-17.17348,137.8494
31.93652,NaN,NaN,NaN,4.683148,2.88256,0.1373503,-0.05534069,0.02443933,0.008452709,-0.9981326,4.565696,2.912087,0.1221865,-0.04876449,-0.135175,0.989621,21,0.7,1.161584,7.388714,22,-5.7,-16.93093,136.1236
31.95996,NaN,NaN,NaN,5.005716,2.872313,0.1416822,-0.05339391,0.01731882,0.01349763,-0.9983321,4.902354,2.90011,0.1288151,-0.04493803,-0.1373492,0.9895027,21,0.7,1.471997,5.180008,22,-5.7,-16.62052,133.9149
31.97766,-6.104959,-46.75782,333.0585,5.155765,2.867781,0.1435849,-0.05270333,0.01451461,0.01503849,-0.9983916,5.082976,2.887328,0.1347861,-0.03321924,-0.1474065,0.9885179,21,0.7,1.705452,3.51889,22,-5.7,-16.38706,132.2538
32.00244,-5.852942,-46.75789,333.059,5.439302,2.858689,0.1470675,-0.05084568,0.01074508,0.01750994,-0.9984952,5.33501,2.887328,0.1347861,-0.03321924,-0.1474065,0.9885179,21,0.7,2.033495,1.184745,22,-5.7,-16.05902,129.9196
32.01941,NaN,NaN,NaN,5.569463,2.853301,0.1485669,-0.04989836,0.01041123,0.01662531,-0.9985617,5.494602,2.87498,0.140064,-0.018666,-0.1454691,0.9891868,22,-5.7,-15.83539,128.3284,23,5.7,-34.06455,258.0356
32.04358,NaN,NaN,NaN,5.81057,2.843967,0.1514598,-0.04943179,0.007325546,0.02122689,-0.9985251,5.748841,2.863333,0.1445101,-0.008749771,-0.1416848,0.9898732,22,-5.7,-15.5152,126.0501,23,5.7,-33.74436,255.7574
32.06104,NaN,NaN,NaN,5.920442,2.839893,0.1529192,-0.04913389,0.006507114,0.02190711,-0.9985307,5.846505,2.863333,0.1445101,-0.008749771,-0.1416848,0.9898732,22,-5.7,-15.28419,124.4064,23,5.7,-33.51335,254.1136
32.08545,NaN,NaN,NaN,6.120538,2.831681,0.1553498,-0.04888088,0.005016163,0.02223722,-0.9985445,6.060318,2.851797,0.1485705,-0.01476161,-0.1439514,0.9894747,22,-5.7,-14.96263,122.1184,23,5.7,-33.19178,251.8256
32.10376,NaN,NaN,NaN,6.206687,2.827603,0.1562588,-0.05095159,0.004626401,0.02263911,-0.9984338,6.136895,2.851797,0.1485705,-0.01476161,-0.1439514,0.9894747,22,-5.7,-14.7199,120.3913,23,5.7,-32.94906,250.0985
32.1272,NaN,NaN,NaN,6.357617,2.821695,0.1577398,-0.05436382,0.002918355,0.02587774,-0.9981816,6.30264,2.841028,0.1521338,-0.02463561,-0.1452102,0.9890941,22,-5.7,-14.40976,118.1845,23,5.7,-32.63891,247.8917
32.14465,3.389354,-14.12726,100.8799,6.416695,2.819951,0.1581875,-0.0531693,0.001918912,0.02756084,-0.9982033,6.381793,2.831132,0.1547514,-0.0292841,-0.1659553,0.9856984,22,-5.7,-14.17914,116.5436,23,5.7,-32.4083,246.2508
32.16956,3.484307,-14.12727,100.8799,6.523517,2.817638,0.1595142,-0.04995013,0.0002223626,0.0287423,-0.9983381,6.476747,2.831132,0.1547514,-0.0292841,-0.1659553,0.9856984,22,-5.7,-13.85068,114.2064,23,5.7,-32.07983,243.9137
32.18628,4.109435,-12.96016,92.57549,6.565412,2.816461,0.159819,-0.04771373,-0.0005192384,0.02725362,-0.9984891,6.535636,2.823284,0.1567088,-0.02586894,-0.1682881,0.9853984,22,-5.7,-13.62827,112.6239,23,5.7,-31.85742,242.3311
32.21057,4.132793,-25.70023,183.2259,6.629775,2.814393,0.1597411,-0.04707688,-0.002650894,0.02555084,-0.998561,6.609909,2.818321,0.1585149,-0.01336872,-0.1539115,0.9879942,22,-5.7,-13.30731,110.3402,23,5.7,-31.53647,240.0474
32.22803,4.147358,-25.70023,183.2259,6.64616,2.814152,0.1593602,-0.04849913,-0.003955208,0.02622635,-0.998471,6.624474,2.818321,0.1585149,-0.01336872,-0.1539115,0.9879942,22,-5.7,-13.07638,108.697,23,5.7,-31.30553,238.4043
32.25244,3.536739,-50.71379,361.2067,6.664113,2.814978,0.1587649,-0.04872638,-0.005638741,0.02648839,-0.998445,6.652869,2.815182,0.1594828,-0.008537184,-0.1466519,0.9891513,22,-5.7,-12.75387,106.4023,23,5.7,-30.98303,236.1095
32.27051,3.532504,-50.71379,361.2067,6.659349,2.816527,0.1584615,-0.04684611,-0.005808644,0.02583023,-0.9985512,6.648635,2.815182,0.1594828,-0.008537184,-0.1466519,0.9891513,22,-5.7,-12.51489,104.7018,23,5.7,-30.74404,234.409
32.29419,NaN,NaN,NaN,6.634545,2.819491,0.157632,-0.04274088,-0.006529414,0.02391377,-0.9987787,6.634413,2.813554,0.1594437,-0.01381768,-0.1309642,0.9912907,22,-5.7,-12.20175,102.4737,23,5.7,-30.4309,232.1809
32.31189,NaN,NaN,NaN,6.610925,2.820886,0.1568253,-0.04050649,-0.006524772,0.02221203,-0.9989111,6.61605,2.814431,0.1588317,-0.01616185,-0.126948,0.9917777,22,-5.7,-11.96865,100.8151,23,5.7,-30.1978,230.5223
32.33655,NaN,NaN,NaN,6.548518,2.824128,0.1549241,-0.03908997,-0.007461473,0.02193868,-0.9989669,6.560577,2.814431,0.1588317,-0.01616185,-0.126948,0.9917777,22,-5.7,-11.64131,98.48601,23,5.7,-29.87047,228.1932
32.35352,NaN,NaN,NaN,6.506483,2.826455,0.1538165,-0.03936489,-0.008003236,0.02259185,-0.9989375,6.521363,2.817207,0.1577878,-0.01855317,-0.1201385,0.9925838,22,-5.7,-11.41795,96.89668,23,5.7,-29.6471,226.6039
32.37769,NaN,NaN,NaN,6.409098,2.832887,0.1522101,-0.03939193,-0.009208441,0.02526041,-0.9988621,6.429043,2.82091,0.1562513,-0.01988674,-0.1199941,0.9925754,22,-5.7,-11.09825,94.6219,23,5.7,-29.3274,224.3291
32.39526,NaN,NaN,NaN,6.348896,2.837434,0.1513344,-0.03856947,-0.009288348,0.02696783,-0.9988488,6.37553,2.82091,0.1562513,-0.01988674,-0.1199941,0.9925754,22,-5.7,-10.86582,92.96808,23,5.7,-29.09497,222.6753
32.41943,NaN,NaN,NaN,6.213006,2.84792,0.1492929,-0.03848451,-0.01066082,0.03029329,-0.998743,6.244961,2.826299,0.1542174,-0.01794694,-0.1238085,0.9921439,22,-5.7,-10.54549,90.6888,23,5.7,-28.77464,220.396
32.43738,NaN,NaN,NaN,6.136417,2.853137,0.1478342,-0.03905759,-0.009790123,0.02955877,-0.9987517,6.176883,2.826299,0.1542174,-0.01794694,-0.1238085,0.9921439,22,-5.7,-10.30895,89.00574,23,5.7,-28.5381,218.713
32.4613,NaN,NaN,NaN,5.966991,2.865638,0.1441402,-0.04260902,-0.009365223,0.03257047,-0.9985169,6.012359,2.834928,0.151884,-0.01477234,-0.1227594,0.9923265,22,-5.7,-9.992334,86.7529,23,5.7,-28.22149,216.4601
32.47888,NaN,NaN,NaN,5.876736,2.872703,0.1421628,-0.04474061,-0.008384765,0.03383708,-0.9983903,5.914577,2.84629,0.149092,-0.01491501,-0.1334578,0.9909422,22,-5.7,-9.759509,85.09626,23,5.7,-27.98866,214.8035
32.5033,NaN,NaN,NaN,5.688874,2.886706,0.1378839,-0.04832534,-0.005875677,0.03321968,-0.9982618,5.747588,2.84629,0.149092,-0.01491501,-0.1334578,0.9909422,22,-5.7,-9.437859,82.8076,23,5.7,-27.66701,212.5148
32.52063,NaN,NaN,NaN,5.583199,2.893872,0.1351493,-0.04948453,-0.004492767,0.03330032,-0.9982095,5.633408,2.860036,0.1456978,-0.01622513,-0.1283377,0.9915978,22,-5.7,-9.208083,81.17266,23,5.7,-27.43723,210.8799
32.54492,NaN,NaN,NaN,5.363974,2.908382,0.1298651,-0.05067158,-0.002493784,0.03442513,-0.9981188,5.414422,2.87605,0.1408845,-0.01654259,-0.133641,0.9908918,22,-5.7,-8.887726,78.8932,23,5.7,-27.11688,208.6004
32.56262,NaN,NaN,NaN,5.249199,2.914816,0.1271215,-0.04935838,-0.001857579,0.03539567,-0.9981521,5.312399,2.87605,0.1408845,-0.01654259,-0.133641,0.9908918,22,-5.7,-8.653316,77.22528,23,5.7,-26.88247,206.9325
32.58655,NaN,NaN,NaN,5.012123,2.927214,0.121433,-0.04884191,-0.001645774,0.03818715,-0.9980749,5.07482,2.892995,0.1351663,-0.02143767,-0.1349722,0.9906175,22,-5.7,-8.336705,74.97248,23,5.7,-26.56586,204.6797
32.60437,NaN,NaN,NaN,4.885865,2.932638,0.1183969,-0.04891287,-0.002442204,0.03964934,-0.9980128,4.96259,2.892995,0.1351663,-0.02143767,-0.1349722,0.9906175,22,-5.7,-8.101385,73.2981,23,5.7,-26.33054,203.0053
32.62842,NaN,NaN,NaN,4.626598,2.943407,0.1124019,-0.05035188,-0.004105322,0.04253483,-0.997817,4.702949,2.909516,0.1288512,-0.02521024,-0.1388115,0.9899979,22,-5.7,-7.782336,71.02794,23,5.7,-26.01149,200.7352
32.64612,NaN,NaN,NaN,4.494775,2.948213,0.1094272,-0.05110101,-0.005272597,0.04374157,-0.9977212,4.55405,2.924669,0.1218629,-0.1317251,-0.1350784,0.9820399,22,-5.7,-7.548283,69.36256,23,5.7,-25.77743,199.0698
32.67041,NaN,NaN,NaN,4.222231,2.957036,0.1034547,-0.0527685,-0.007684983,0.04542098,-0.9975437,4.31179,2.924669,0.1218629,-0.1317251,-0.1350784,0.9820399,22,-5.7,-7.227606,67.08083,23,5.7,-25.45676,196.788
32.68774,NaN,NaN,NaN,4.078012,2.961407,0.1004672,-0.05327877,-0.008649164,0.04569368,-0.9974962,4.150463,2.938041,0.1148131,-0.1327696,-0.1401965,0.9811815,22,-5.7,-6.998755,65.45246,23,5.7,-25.22791,195.1597
32.71204,NaN,NaN,NaN,3.784893,2.969487,0.09463317,-0.05336752,-0.009908669,0.04661634,-0.9974371,3.854296,2.949816,0.107576,-0.1436864,-0.1412166,0.9794959,22,-5.7,-6.678017,63.17029,23,5.7,-24.90717,192.8775
32.72949,NaN,NaN,NaN,3.635562,2.97276,0.09167525,-0.05265535,-0.01018476,0.0470911,-0.9974498,3.721557,2.949816,0.107576,-0.1436864,-0.1412166,0.9794959,22,-5.7,-6.445973,61.51921,23,5.7,-24.67512,191.2264
32.75366,NaN,NaN,NaN,3.328271,2.978618,0.08542635,-0.05379019,-0.01134207,0.04945199,-0.9972625,3.411238,2.960317,0.1004863,-0.1439834,-0.139516,0.9796959,22,-5.7,-6.127273,59.25154,23,5.7,-24.35642,188.9588
32.77124,NaN,NaN,NaN,3.169797,2.980715,0.08219439,-0.05490737,-0.01227658,0.05104439,-0.9971104,3.270372,2.960317,0.1004863,-0.1439834,-0.139516,0.9796959,22,-5.7,-5.894246,57.59348,23,5.7,-24.1234,187.3007
32.79553,NaN,NaN,NaN,2.848978,2.984379,0.07572789,-0.05687852,-0.01419636,0.05355795,-0.9968425,2.946161,2.969426,0.09335661,-0.1436877,-0.1396948,0.9797139,22,-5.7,-5.574282,55.31681,23,5.7,-23.80343,185.024
32.81311,NaN,NaN,NaN,2.685249,2.985235,0.07255563,-0.05740966,-0.01466624,0.05267278,-0.9968524,2.759677,2.976589,0.08590984,-0.1421568,-0.1406121,0.9798059,22,-5.7,-5.340796,53.65547,23,5.7,-23.56995,183.3627
32.83728,NaN,NaN,NaN,2.353732,2.987467,0.06636937,-0.05731283,-0.01637749,0.05245405,-0.9968429,2.464995,2.976589,0.08590984,-0.1421568,-0.1406121,0.9798059,22,-5.7,-5.021972,51.38692,23,5.7,-23.25112,181.0942
32.85486,-21.49038,-19.31228,157.8326,2.183195,2.987331,0.06321153,-0.05668577,-0.01649518,0.05162475,-0.9969201,2.271084,2.981591,0.07826912,-0.1475098,-0.1383991,0.9793296,22,-5.7,-4.788476,49.72552,23,5.7,-23.01763,179.4328
32.87903,NaN,NaN,NaN,1.838894,2.98788,0.05713862,-0.05599767,-0.01726355,0.05309773,-0.9968686,1.921659,2.98479,0.07068121,-0.1478847,-0.1391988,0.9791597,22,-5.7,-4.46961,47.45666,23,5.7,-22.69876,177.1639
32.89661,NaN,NaN,NaN,1.663572,2.987412,0.05413448,-0.05624751,-0.01725006,0.05295365,-0.9968624,1.765817,2.98479,0.07068121,-0.1478847,-0.1391988,0.9791597,22,-5.7,-4.237478,45.80495,23,5.7,-22.46663,175.5122
32.9209,-21.57487,-18.51412,152.2084,1.316291,2.987782,0.04888242,-0.0558106,-0.01741478,0.05201748,-0.9969333,1.412315,2.98634,0.0630281,-0.1479541,-0.138385,0.9792646,22,-5.7,-3.91626,43.51937,23,5.7,-22.14541,173.2266
32.93848,-21.39067,-18.19704,149.9647,1.142138,2.988267,0.04655036,-0.05528021,-0.01727673,0.0508293,-0.9970266,1.257513,2.98634,0.0630281,-0.1479541,-0.138385,0.9792646,22,-5.7,-3.68288,41.85879,23,5.7,-21.91203,171.566
32.96277,-22.82937,-18.05425,150.3687,0.7943907,2.98776,0.04229407,-0.05101734,-0.01815355,0.05030441,-0.9972649,0.9027064,2.986702,0.05591094,-0.1544831,-0.1369654,0.9784557,22,-5.7,-3.363042,39.58302,23,5.7,-21.59219,169.2903
32.98035,-22.78714,-19.15477,148.0797,0.6159217,2.987229,0.04024526,-0.05137327,-0.01985171,0.05155287,-0.9971505,0.6977998,2.986881,0.04960597,-0.1550078,-0.1461421,0.977044,22,-5.7,-3.129907,37.92418,23,5.7,-21.35906,167.6314
33.00439,-22.8299,-18.9037,146.4008,0.2681721,2.986144,0.03581658,-0.05330773,-0.02161103,0.05099256,-0.9970411,0.388689,2.986881,0.04960597,-0.1550078,-0.1461421,0.977044,22,-5.7,-2.811664,35.65976,23,5.7,-21.04081,165.367
33.02209,-37.21964,-32.10481,228.7971,0.0988778,2.985182,0.03404911,-0.05378542,-0.02085318,0.04779819,-0.9971899,0.1916396,2.986638,0.04408479,-0.1595818,-0.1496863,0.9757703,22,-5.7,-2.577623,33.99448,23,5.7,-20.80677,163.7017
33.04626,-23.0167,-19.04034,142.5091,-0.2363608,2.983379,0.03142617,-0.05003173,-0.01948749,0.03764629,-0.9978476,-0.1526413,2.985862,0.03889763,-0.1566411,-0.1509009,0.9760597,22,-5.7,-2.258837,31.7262,23,5.7,-20.48799,161.4334
33.06384,-22.79737,-18.68383,140.203,-0.4059677,2.980742,0.03009824,-0.04732147,-0.0190313,0.03261323,-0.9981658,-0.303403,2.985862,0.03889763,-0.1566411,-0.1509009,0.9760597,22,-5.7,-2.026615,30.07385,23,5.7,-20.25577,159.7811
33.08801,-38.35579,-32.04255,228.354,-0.7477549,2.97241,0.025989,-0.04668084,-0.01856195,0.02624653,-0.9983925,-0.6529509,2.984156,0.0343895,-0.1610905,-0.1496564,0.975527,22,-5.7,-1.70684,27.79853,23,5.7,-19.93599,157.5058
33.10559,-38.50785,-32.04255,228.354,-0.9188219,2.967589,0.02346943,-0.05379045,-0.01927532,0.02685821,-0.9980049,-0.8050104,2.984156,0.0343895,-0.1610905,-0.1496564,0.975527,22,-5.7,-1.473648,26.13929,23,5.7,-19.7028,155.8465
33.12976,-28.62866,-22.38964,159.6699,-1.259903,2.96101,0.01925586,-0.06135876,-0.01795822,0.02202331,-0.9977112,-1.153251,2.980093,0.03058255,-0.1675727,-0.1547302,0.9736416,22,-5.7,-1.154359,23.86743,23,5.7,-19.38351,153.5747
33.14734,-20.45605,-15.21831,108.6431,-1.439668,2.957938,0.01725275,-0.0608943,-0.01561077,0.01870609,-0.9978468,-1.358406,2.97214,0.02605069,-0.1708604,-0.1627441,0.9717618,22,-5.7,-0.9228294,22.22001,23,5.7,-19.15198,151.9272
33.17163,-20.76525,-15.2183,108.643,-1.787535,2.950797,0.01307673,-0.05905366,-0.01071386,0.01532985,-0.9980796,-1.667621,2.97214,0.02605069,-0.1708604,-0.1627441,0.9717618,22,-5.7,-0.6011922,19.93144,23,5.7,-18.83035,149.6387
33.18921,-17.61122,-12.22931,87.37529,-1.959467,2.94577,0.01068762,-0.05805934,-0.009448752,0.01601143,-0.99814,-1.866099,2.963394,0.02107346,-0.1748434,-0.1687091,0.9700345,22,-5.7,-0.3690815,18.27989,23,5.7,-18.59823,147.9871
33.2135,-16.66125,-10.7941,77.16325,-2.301221,2.938532,0.005968226,-0.06062711,-0.006787583,0.01582078,-0.998012,-2.215988,2.954789,0.01602876,-0.1812839,-0.1725447,0.9681758,22,-5.7,-0.04731828,15.99042,23,5.7,-18.27647,145.6977
33.23096,-16.81681,-10.7941,77.16325,-2.476223,2.936875,0.003856703,-0.06293553,-0.006451301,0.01836359,-0.9978278,-2.371545,2.954789,0.01602876,-0.1812839,-0.1725447,0.9681758,22,-5.7,0.1830323,14.35139,23,5.7,-18.04612,144.0586
33.25549,-16.25797,-9.747581,69.71687,-2.81637,2.933988,0.0008284855,-0.06302119,-0.004997328,0.02284773,-0.9977381,-2.720012,2.945583,0.0105685,-0.1876769,-0.1759657,0.9663402,22,-5.7,0.5071195,12.04539,23,5.7,-17.72203,141.7526
33.27283,-16.40454,-9.747581,69.71687,-2.981272,2.932155,-0.0006905243,-0.05988005,-0.00340166,0.0216288,-0.9979655,-2.866592,2.945583,0.0105685,-0.1876769,-0.1759657,0.9663402,22,-5.7,0.7363181,10.41456,23,5.7,-17.49283,140.1218
33.29675,-15.95787,-9.001887,64.41098,-3.318503,2.928028,-0.004508095,-0.05775972,-0.002568945,0.02466728,-0.9980224,-3.212089,2.938164,0.005465388,-0.191001,-0.1789268,0.9651445,22,-5.7,1.053646,8.156658,23,5.7,-17.17551,137.8639
33.31433,-16.34558,-8.901585,63.69729,-3.487651,2.927451,-0.005963025,-0.05879014,-0.00223133,0.02565953,-0.9979381,-3.407739,2.932972,0.0009659529,-0.1958331,-0.1791334,0.9641373,22,-5.7,1.285126,6.509592,23,5.7,-16.94403,136.2168
33.33862,-16.63914,-8.901588,63.69731,-3.817905,2.925983,-0.008723427,-0.05542588,-0.001879424,0.02638885,-0.9981123,-3.701298,2.932972,0.0009659529,-0.1958331,-0.1791334,0.9641373,22,-5.7,1.607114,4.218526,23,5.7,-16.62204,133.9258
33.3562,-12.92516,-5.438111,43.36461,-3.977808,2.925955,-0.009857254,-0.05366846,-0.002794608,0.02591343,-0.9982186,-3.888268,2.928905,-0.003074765,-0.2004526,-0.1855936,0.9619635,22,-5.7,1.838648,2.571079,23,5.7,-16.3905,132.2783
33.38025,-12.85,-4.915203,39.54351,-4.287025,2.925503,-0.01194183,-0.04941115,-0.005458049,0.02351894,-0.9984867,-4.207517,2.926236,-0.006723642,-0.2095862,-0.1901603,0.9591208,22,-5.7,2.15771,0.3008316,23,5.7,-16.07144,130.0081
33.39795,-12.92719,-4.866735,39.29906,-4.43396,2.925245,-0.01314642,-0.04866846,-0.008118078,0.02193225,-0.9985412,-4.338125,2.926236,-0.006723642,-0.2095862,-0.1901603,0.9591208,23,5.7,-15.83783,128.3458,24,-0.7,-33.93026,257.0802
33.42212,-12.85,-4.696962,36.81211,-4.724194,2.923849,-0.01619473,-0.04870252,-0.01262008,0.02180666,-0.9984956,-4.639209,2.924973,-0.009784579,-0.2133312,-0.1980316,0.9566992,23,5.7,-15.51798,126.07,24,-0.7,-33.6104,254.8043
33.43994,-12.85,-4.663682,37.48494,-4.864174,2.92274,-0.01807009,-0.05054899,-0.01566711,0.02521701,-0.9982802,-4.804645,2.924178,-0.01258659,-0.2057933,-0.194091,0.9591547,23,5.7,-15.28312,124.3989,24,-0.7,-33.37555,253.1333
33.46399,-12.90506,-4.493789,36.64536,-5.128769,2.92014,-0.02159513,-0.04990684,-0.02031749,0.02764284,-0.9981645,-5.03984,2.924178,-0.01258659,-0.2057933,-0.194091,0.9591547,23,5.7,-14.96532,122.1376,24,-0.7,-33.05775,250.872
33.48169,-9.38282,-7.722939,55.31079,-5.250514,2.917647,-0.02374979,-0.04742379,-0.02249947,0.02765895,-0.9982384,-5.187107,2.922711,-0.01605248,-0.07426333,-0.1884262,0.9792756,23,5.7,-14.73083,120.4692,24,-0.7,-32.82326,249.2035
33.50562,3.684649,-20.93014,149.2851,-5.474355,2.914052,-0.02836213,-0.04694818,-0.02419601,0.02306746,-0.9983379,-5.422293,2.919938,-0.02012789,0.06012288,-0.1574552,0.9856942,23,5.7,-14.41515,118.2229,24,-0.7,-32.50757,246.9573
33.52344,3.592487,-20.93013,149.2851,-5.578038,2.913033,-0.03071329,-0.04680717,-0.02366149,0.02009617,-0.9984214,-5.514456,2.919938,-0.02012789,0.06012288,-0.1574552,0.9856942,23,5.7,-14.17799,116.5355,24,-0.7,-32.27042,245.2698
33.54724,6.103029,-24.24935,172.9025,-5.77017,2.909153,-0.03537232,-0.04315615,-0.02174268,0.01813764,-0.9986671,-5.718059,2.916066,-0.02494752,0.067377,-0.1548355,0.98564,23,5.7,-13.86385,114.3003,24,-0.7,-31.95628,243.0346
33.56506,6.027155,-24.24936,172.9026,-5.855536,2.906216,-0.037617,-0.03952713,-0.02076416,0.01905579,-0.998821,-5.79394,2.916066,-0.02494752,0.067377,-0.1548355,0.98564,23,5.7,-13.62824,112.6238,24,-0.7,-31.72067,241.3582
33.58899,6.18971,-25.64182,182.8105,-6.014393,2.90094,-0.04162308,-0.03152425,-0.02053999,0.02153222,-0.99906,-5.964186,2.911962,-0.03034449,0.06553531,-0.1539655,0.9859005,23,5.7,-13.31137,110.3692,24,-0.7,-31.4038,239.1035
33.60681,NaN,NaN,NaN,-6.08567,2.898556,-0.04350434,-0.02813289,-0.0211314,0.02273609,-0.9991221,-6.052882,2.906843,-0.03579319,0.06424206,-0.1460584,0.9871879,23,5.7,-13.07569,108.6922,24,-0.7,-31.16812,237.4266
33.63074,NaN,NaN,NaN,-6.212701,2.891589,-0.0479475,-0.02447215,-0.02273818,0.02292439,-0.9991789,-6.165798,2.906843,-0.03579319,0.06424206,-0.1460584,0.9871879,23,5.7,-12.7599,106.4453,24,-0.7,-30.85233,235.1796
33.64868,NaN,NaN,NaN,-6.264235,2.88697,-0.050304,-0.02604807,-0.02382723,0.02046841,-0.999167,-6.233632,2.900928,-0.0408349,0.06513646,-0.1437501,0.9874681,23,5.7,-12.52338,104.7623,24,-0.7,-30.6158,233.4966
33.67261,NaN,NaN,NaN,-6.361462,2.877683,-0.05497346,-0.02911711,-0.0267491,0.01676998,-0.9990773,-6.338197,2.89345,-0.04598391,0.06774469,-0.144932,0.9871197,23,5.7,-12.20658,102.5081,24,-0.7,-30.299,231.2425
33.69043,NaN,NaN,NaN,-6.403162,2.874193,-0.05636375,-0.03140046,-0.02705226,0.01399404,-0.9990427,-6.375264,2.89345,-0.04598391,0.06774469,-0.144932,0.9871197,23,5.7,-11.97077,100.8303,24,-0.7,-30.0632,229.5647
33.71423,4.026402,-20.04259,142.9699,-6.473428,2.86659,-0.05888276,-0.02881024,-0.02588115,0.006844983,-0.9992263,-6.452648,2.884007,-0.05107522,0.07215712,-0.157869,0.9848202,23,5.7,-11.65545,98.58667,24,-0.7,-29.74788,227.321
33.7323,4.001721,-20.0426,142.97,-6.501203,2.861897,-0.05983903,-0.02515653,-0.02449859,0.003775959,-0.9993762,-6.477337,2.884007,-0.05107522,0.07215712,-0.157869,0.9848202,23,5.7,-11.4176,96.89426,24,-0.7,-29.51003,225.6286
33.75623,5.13428,-20.65881,147.3545,-6.546005,2.852947,-0.06170651,-0.02116647,-0.02319913,0.0003121109,-0.9995067,-6.529128,2.874072,-0.05562222,0.07789537,-0.157167,0.9844952,23,5.7,-11.1015,94.64509,24,-0.7,-29.19392,223.3795
33.77429,12.85,-26.34779,191.382,-6.563154,2.847844,-0.06254088,-0.02024144,-0.02271569,0.000187911,-0.9995371,-6.553538,2.863976,-0.05895531,0.09969629,-0.1500914,0.9836327,23,5.7,-10.86227,92.94293,24,-0.7,-28.9547,221.6773
33.79785,12.85,-26.3739,191.5531,-6.582669,2.837122,-0.06388763,-0.01865245,-0.02097666,-0.001702711,-0.9996045,-6.570885,2.863976,-0.05895531,0.09969629,-0.1500914,0.9836327,23,5.7,-10.55024,90.72272,24,-0.7,-28.64267,219.4571
33.8158,23.0737,-33.5957,239.4052,-6.582033,2.831003,-0.06415639,-0.01837318,-0.02044943,-0.002615523,-0.9996186,-6.576912,2.853215,-0.06138706,0.1215026,-0.1493609,0.9812892,23,5.7,-10.31395,89.04139,24,-0.7,-28.40637,217.7757
33.83972,12.85,-20.7696,149.491,-6.571944,2.819271,-0.06501906,-0.01927407,-0.01862694,-0.007878888,-0.9996097,-6.571805,2.841259,-0.06303871,0.1272335,-0.1546763,0.9797382,23,5.7,-9.99702,86.78633,24,-0.7,-28.08945,215.5207
33.85767,12.85,-20.75211,149.3802,-6.555757,2.81439,-0.06564185,-0.02279838,-0.01571555,-0.01255901,-0.9995377,-6.557417,2.841259,-0.06303871,0.1272335,-0.1546763,0.9797382,23,5.7,-9.759146,85.09377,24,-0.7,-27.85157,213.8281
33.88147,12.85,-20.07607,145.643,-6.504816,2.805143,-0.06640834,-0.02818391,-0.01007833,-0.01834843,-0.9993836,-6.512838,2.827813,-0.06433094,0.1301599,-0.1539633,0.9794661,23,5.7,-9.445813,82.86429,24,-0.7,-27.53824,211.5986
33.89941,12.85,-20.03308,145.3694,-6.463927,2.801611,-0.06664784,-0.02987375,-0.007487178,-0.01888873,-0.9993472,-6.476492,2.827813,-0.06433094,0.1301599,-0.1539633,0.9794661,23,5.7,-9.208337,81.17455,24,-0.7,-27.30076,209.9089
33.92334,12.85,-19.74431,143.2508,-6.366014,2.796697,-0.0670404,-0.0334599,-0.004423082,-0.0200048,-0.9992301,-6.386645,2.814859,-0.06549597,0.1314422,-0.1541447,0.9792663,23,5.7,-8.890883,78.91575,24,-0.7,-26.98331,207.6501
33.94104,12.85,-19.67971,142.8404,-6.304043,2.793438,-0.06744224,-0.03496438,-0.003582291,-0.02029362,-0.9991761,-6.33156,2.814859,-0.06549597,0.1314422,-0.1541447,0.9792663,23,5.7,-8.657233,77.25324,24,-0.7,-26.74966,205.9876
33.96509,23.93106,-31.66433,225.6628,-6.156672,2.787905,-0.06844798,-0.04071762,-0.001321443,-0.02177471,-0.9989326,-6.193575,2.804288,-0.06629252,0.1307924,-0.1496527,0.9800497,23,5.7,-8.340167,74.9972,24,-0.7,-26.43259,203.7316
33.98267,12.85,-17.72143,130.048,-6.067855,2.78701,-0.06830333,-0.0424574,-0.0007993504,-0.02371317,-0.9988165,-6.102631,2.796353,-0.06703341,0.142416,-0.1541771,0.9777254,23,5.7,-8.106371,73.33366,24,-0.7,-26.1988,202.068
34.00684,47.88958,-49.6231,353.446,-5.878205,2.78675,-0.0676748,-0.04120732,0.0004179254,-0.02702875,-0.9987849,-5.916829,2.789949,-0.06786025,0.1488807,-0.1450254,0.9781626,23,5.7,-7.78827,71.07025,24,-0.7,-25.8807,199.8046
34.02454,47.99099,-49.62317,353.4465,-5.764195,2.786734,-0.06738703,-0.03968033,0.002400875,-0.0310915,-0.9987257,-5.815486,2.789949,-0.06786025,0.1488807,-0.1450254,0.9781626,23,5.7,-7.553356,69.39875,24,-0.7,-25.64578,198.1331
34.04858,NaN,NaN,NaN,-5.519234,2.789279,-0.06721363,-0.04239641,0.005335138,-0.03565445,-0.9984503,-5.575535,2.786503,-0.06797576,0.1557352,-0.1416548,0.9775891,23,5.7,-7.235761,67.13895,24,-0.7,-25.32819,195.8733
34.06641,NaN,NaN,NaN,-5.380344,2.792608,-0.06667972,-0.04367702,0.007458487,-0.03786767,-0.9983,-5.452077,2.786503,-0.06797576,0.1557352,-0.1416548,0.9775891,23,5.7,-7.000633,65.46592,24,-0.7,-25.09306,194.2003
34.09033,NaN,NaN,NaN,-5.08972,2.802117,-0.06530638,-0.04612732,0.01053321,-0.04045923,-0.9980604,-5.16627,2.786485,-0.06772649,0.1548011,-0.1424777,0.9776179,23,5.7,-6.684391,63.21575,24,-0.7,-24.77682,191.9501
34.10803,48.37918,-46.05931,328.0882,-4.929129,2.808234,-0.06462933,-0.04726463,0.01123042,-0.04057188,-0.9979949,-4.990847,2.790433,-0.06697941,0.1588221,-0.1453704,0.9765465,23,5.7,-6.449813,61.54663,24,-0.7,-24.54224,190.281
34.13208,48.67348,-46.05931,328.0882,-4.598039,2.820219,-0.06339198,-0.05031558,0.0119807,-0.03785863,-0.9979437,-4.696545,2.790433,-0.06697941,0.1588221,-0.1453704,0.9765465,23,5.7,-6.130892,59.2774,24,-0.7,-24.22332,188.0118
34.15002,39.51342,-35.23847,251.0939,-4.422214,2.827535,-0.06242433,-0.05310519,0.01149282,-0.03390312,-0.9979471,-4.502547,2.799704,-0.0656631,0.1707309,-0.1475441,0.9742083,23,5.7,-5.895113,57.59974,24,-0.7,-23.98754,186.3341
34.17419,25.16595,-23.8254,169.8859,-4.056781,2.844467,-0.06037991,-0.05345925,0.01099225,-0.03227865,-0.9979877,-4.135543,2.812896,-0.06431067,0.1679141,-0.1526525,0.9739107,23,5.7,-5.574518,55.31859,24,-0.7,-23.66695,184.053
34.19153,25.33836,-23.8254,169.8859,-3.862819,2.853074,-0.05922154,-0.05281197,0.009882346,-0.0330688,-0.9980079,-3.963132,2.812896,-0.06431067,0.1679141,-0.1526525,0.9739107,23,5.7,-5.345284,53.6875,24,-0.7,-23.43771,182.4219
34.21582,19.93443,-18.43901,131.5598,-3.458903,2.869795,-0.05647669,-0.05136035,0.007528171,-0.03534039,-0.9980263,-3.558073,2.829853,-0.06244445,0.1735257,-0.157101,0.9722182,23,5.7,-5.025061,51.409,24,-0.7,-23.11749,180.1434
34.2334,20.12332,-18.43902,131.5598,-3.246405,2.876572,-0.05514629,-0.04798743,0.004822716,-0.0379422,-0.9981154,-3.369185,2.829853,-0.06244445,0.1735257,-0.157101,0.9722182,23,5.7,-4.792768,49.75615,24,-0.7,-22.8852,178.4905
34.25745,22.83729,-19.80381,141.2708,-2.818055,2.88916,-0.05149452,-0.04343316,-9.164214E-07,-0.03840638,-0.9983179,-2.938622,2.849379,-0.05968881,0.1772309,-0.1557596,0.9717655,23,5.7,-4.474261,47.48985,24,-0.7,-22.56669,176.2242
34.2749,36.72882,-29.09311,207.3676,-2.602288,2.896175,-0.04914559,-0.04467274,-0.002399944,-0.03425794,-0.9984113,-2.69325,2.868419,-0.05633807,0.1846101,-0.1496731,0.9713481,23,5.7,-4.242702,45.84223,24,-0.7,-22.33513,174.5766
34.29919,37.11445,-29.09312,207.3676,-2.168456,2.912963,-0.04409196,-0.04454468,-0.005140632,-0.02661983,-0.9986394,-2.307621,2.868419,-0.05633807,0.1846101,-0.1496731,0.9713481,23,5.7,-3.921418,43.55617,24,-0.7,-22.01385,172.2906
34.31677,31.19313,-25.05072,178.6045,-1.955584,2.919801,-0.04187113,-0.0455607,-0.00609839,-0.01917404,-0.998759,-2.061775,2.885968,-0.05230165,0.1808705,-0.1519452,0.9716988,23,5.7,-3.689762,41.90785,24,-0.7,-21.78219,170.6422
34.34094,23.79537,-18.56328,132.444,-1.515832,2.931046,-0.03848312,-0.05316399,-0.007938527,-0.00802055,-0.998522,-1.613633,2.903572,-0.04699075,0.1860065,-0.157148,0.9699,23,5.7,-3.369525,39.62925,24,-0.7,-21.46195,168.3636
34.35876,23.98935,-18.56327,132.444,-1.2976,2.937277,-0.03636287,-0.06025425,-0.01185072,-0.002445632,-0.9981098,-1.41965,2.903572,-0.04699075,0.1860065,-0.157148,0.9699,23,5.7,-3.13519,37.96187,24,-0.7,-21.22762,166.6963
34.38281,12.85,-9.893801,72.35249,-0.8624256,2.949111,-0.03150324,-0.06504425,-0.01779945,0.003363963,-0.997718,-0.9752426,2.91979,-0.04177332,0.1848094,-0.1712861,0.9677327,23,5.7,-2.816425,35.69373,24,-0.7,-20.90885,164.4281
34.40063,12.85,-9.712819,71.32998,-0.6427485,2.954009,-0.02917091,-0.06560434,-0.01993844,0.002698853,-0.9976429,-0.779974,2.91979,-0.04177332,0.1848094,-0.1712861,0.9677327,23,5.7,-2.581644,34.02318,24,-0.7,-20.67407,162.7576
34.42444,9.866465,-7.347674,52.64075,-0.2085215,2.961357,-0.02507548,-0.06954918,-0.02271782,0.0004574578,-0.9973198,-0.3360519,2.934664,-0.03682506,0.186747,-0.1882081,0.9642113,23,5.7,-2.265701,31.77513,24,-0.7,-20.35813,160.5095
34.44214,10.42251,-7.386658,52.91814,0.007493706,2.963706,-0.0230488,-0.07224511,-0.02332494,-0.00139883,-0.9971132,-0.08603333,2.947731,-0.03187501,0.191193,-0.1880244,0.9633753,23,5.7,-2.031802,30.11085,24,-0.7,-20.12423,158.8453
34.46631,10.80578,-7.386658,52.91814,0.4386638,2.968693,-0.01830537,-0.07790682,-0.02513488,-0.002620025,-0.9966403,0.297229,2.947731,-0.03187501,0.191193,-0.1880244,0.9633753,23,5.7,-1.712252,27.83713,24,-0.7,-19.80468,156.5715
34.48376,10.37277,-7.210341,51.66368,0.6550299,2.969381,-0.01554126,-0.07736846,-0.02582891,-0.00343358,-0.996662,0.5474375,2.957789,-0.02640653,0.1833455,-0.1897425,0.9645632,23,5.7,-1.481892,26.19804,24,-0.7,-19.57432,154.9324
34.50793,9.787393,-6.331814,45.41253,1.083312,2.968118,-0.01009529,-0.07374824,-0.02691855,-0.004409496,-0.9969038,0.9857175,2.96458,-0.02083957,0.1864659,-0.1969467,0.9625188,23,5.7,-1.161914,23.92127,24,-0.7,-19.25434,152.6557
34.52551,9.975013,-6.331813,45.41253,1.294386,2.967277,-0.007180566,-0.07311321,-0.02562956,-0.00613156,-0.9969754,1.173339,2.96458,-0.02083957,0.1864659,-0.1969467,0.9625188,23,5.7,-0.9301458,22.27216,24,-0.7,-19.02257,151.0066
34.5498,10.07028,-6.110649,43.83886,1.71522,2.967969,-0.001133899,-0.07493547,-0.02458127,-0.006882869,-0.9968616,1.604844,2.967375,-0.01485944,0.185741,-0.1991819,0.962199,23,5.7,-0.6092916,19.98916,24,-0.7,-18.70172,148.7236
34.56726,10.25555,-6.1106,43.83862,1.923694,2.966264,0.001967652,-0.07642363,-0.02292032,-0.009035284,-0.996771,1.790154,2.967375,-0.01485944,0.185741,-0.1991819,0.962199,23,5.7,-0.3774142,18.33927,24,-0.7,-18.46984,147.0737
34.59143,9.72121,-5.467463,39.26236,2.335305,2.959594,0.007498813,-0.07736394,-0.01908202,-0.0119018,-0.9967492,2.212741,2.967389,-0.008209229,0.1837519,-0.206423,0.961054,23,5.7,-0.05775067,16.06475,24,-0.7,-18.15018,144.7992
34.60889,9.513491,-5.236405,37.61829,2.535182,2.955469,0.01038321,-0.08039064,-0.01835265,-0.009508045,-0.9965491,2.446321,2.965494,-0.001015306,0.1805325,-0.2095194,0.9609941,23,5.7,0.1730999,14.42216,24,-0.7,-17.91933,143.1566
34.63342,9.868053,-5.236406,37.6183,2.934066,2.947064,0.01637627,-0.08419131,-0.01528776,-0.01098996,-0.9962717,2.800884,2.965494,-0.001015306,0.1805325,-0.2095194,0.9609941,23,5.7,0.4965399,12.12076,24,-0.7,-17.59589,140.8552
34.65063,8.560869,-4.095933,29.50341,3.132832,2.942566,0.01944235,-0.08367229,-0.01456356,-0.0124325,-0.9963093,3.032386,2.959701,0.005919933,0.1793253,-0.228861,0.9567994,23,5.7,0.7236305,10.50493,24,-0.7,-17.3688,139.2393
34.67505,8.476557,-3.663421,26.42593,3.525298,2.930927,0.02634603,-0.08109824,-0.01306421,-0.01590722,-0.9964936,3.434653,2.95092,0.01237261,0.1820708,-0.238854,0.9538338,23,5.7,1.047024,8.203863,24,-0.7,-17.0454,136.9383
34.69275,8.64486,-3.663421,26.42593,3.714638,2.925271,0.03053532,-0.07872143,-0.01137493,-0.01809636,-0.9966676,3.602955,2.95092,0.01237261,0.1820708,-0.238854,0.9538338,23,5.7,1.280439,6.54303,24,-0.7,-16.81199,135.2775
34.7168,9.073028,-3.604133,26.00407,4.082931,2.916027,0.03989807,-0.07641693,-0.008097991,-0.01704692,-0.9968974,3.983286,2.939499,0.02022862,0.1866134,-0.2399198,0.9526877,23,5.7,1.599214,4.274831,24,-0.7,-16.49321,133.0092
34.73523,9.236826,-3.604133,26.00408,4.267202,2.908982,0.04448155,-0.07432675,-0.003204718,-0.02078774,-0.9970121,4.147083,2.939499,0.02022862,0.1866134,-0.2399198,0.9526877,23,5.7,1.842605,2.543014,24,-0.7,-16.24982,131.2774
34.75867,9.054616,-3.235707,23.38259,4.623604,2.894863,0.05354362,-0.07469419,0.003022909,-0.02147143,-0.9969707,4.515338,2.926793,0.02942693,0.184708,-0.2507586,0.9502648,23,5.7,2.152395,0.3387473,24,-0.7,-15.94003,129.0732
34.77612,8.558943,-2.616987,18.98017,4.792502,2.888113,0.05846796,-0.07613811,0.006104454,-0.0196842,-0.9968843,4.715011,2.912978,0.0399071,0.1912215,-0.2750955,0.9422085,24,-0.7,-15.70825,127.424,25,5.7,-33.8007,256.1582
34.80054,8.845093,-2.616987,18.98017,5.114421,2.875504,0.068498,-0.07327261,0.01484738,-0.01857662,-0.9970284,5.001161,2.912978,0.0399071,0.1912215,-0.2750955,0.9422085,24,-0.7,-15.38621,125.1325,25,5.7,-33.47866,253.8667
34.81787,8.439313,-2.146947,15.63566,5.268168,2.869063,0.07380415,-0.06872462,0.02121982,-0.01876343,-0.9972335,5.18533,2.897576,0.05105257,0.1948403,-0.3020535,0.9331672,24,-0.7,-15.15742,123.5046,25,5.7,-33.24988,252.2388
34.84216,8.518157,-2.218801,16.14693,5.570868,2.85527,0.08440547,-0.05854674,0.03155659,-0.01715578,-0.9976383,5.499338,2.881945,0.06275678,0.1761115,-0.2975669,0.9383169,24,-0.7,-14.83634,121.22,25,5.7,-32.9288,249.9542
34.85962,8.647874,-2.218801,16.14693,5.716799,2.84847,0.08919232,-0.05527729,0.03517979,-0.0166204,-0.9977127,5.629054,2.881945,0.06275678,0.1761115,-0.2975669,0.9383169,24,-0.7,-14.60495,119.5736,25,5.7,-32.6974,248.3078
34.88391,7.626713,-2.652364,19.232,5.989892,2.837674,0.09801236,-0.05381629,0.04039544,-0.01397762,-0.9976356,5.913877,2.86606,0.07504869,0.0856015,-0.2757918,0.9573982,24,-0.7,-14.28339,117.2856,25,5.7,-32.37584,246.0198
34.90222,7.739653,-2.652364,19.232,6.116949,2.831338,0.1017653,-0.05230559,0.04151058,-0.0138714,-0.9976717,6.026817,2.86606,0.07504869,0.0856015,-0.2757918,0.9573982,24,-0.7,-14.04208,115.5686,25,5.7,-32.13454,244.3028
34.92566,3.481627,-7.371984,52.81385,6.362828,2.817458,0.1089085,-0.05468102,0.04378802,-0.01675246,-0.9974027,6.284774,2.850531,0.08659756,-0.05212041,-0.1900726,0.9803855,24,-0.7,-13.7325,113.3658,25,5.7,-31.82495,242.1
34.94336,0.7497069,-12.00824,85.80245,6.477822,2.810529,0.1121864,-0.05674734,0.04349232,-0.01937445,-0.9972526,6.423506,2.835698,0.09736264,-0.06509195,-0.1702952,0.9832408,24,-0.7,-13.49853,111.701,25,5.7,-31.59098,240.4352
34.96802,0.9396807,-12.00824,85.80248,6.691545,2.797132,0.1182506,-0.06051938,0.04508875,-0.02479332,-0.9968399,6.613482,2.835698,0.09736264,-0.06509195,-0.1702952,0.9832408,24,-0.7,-13.1711,109.3712,25,5.7,-31.26356,238.1055
34.98499,1.508054,-12.29093,87.81392,6.783394,2.791348,0.1211409,-0.06174818,0.04526857,-0.0244409,-0.9967651,6.728708,2.820072,0.1066841,-0.05855873,-0.1694962,0.9837896,24,-0.7,-12.94725,107.7784,25,5.7,-31.0397,236.5126
35.00916,1.985009,-11.51383,82.28455,6.944279,2.781569,0.1267092,-0.06211516,0.0439181,-0.02067371,-0.9968879,6.901944,2.804195,0.1146661,-0.05884825,-0.171365,0.9834485,24,-0.7,-12.62742,105.5027,25,5.7,-30.71987,234.2369
35.02673,2.043057,-11.51383,82.28454,7.009583,2.77891,0.1296422,-0.06228039,0.0419032,-0.01859859,-0.9970053,6.959992,2.804195,0.1146661,-0.05884825,-0.171365,0.9834485,24,-0.7,-12.39613,103.857,25,5.7,-30.48858,232.5912
35.05103,1.442776,-13.11979,93.71156,7.121417,2.774255,0.1346522,-0.06326496,0.04096828,-0.02274094,-0.9968962,7.085122,2.790234,0.1220163,-0.0593308,-0.1672982,0.9841195,24,-0.7,-12.07413,101.5658,25,5.7,-30.16658,230.3001
35.06946,1.476637,-13.11979,93.71156,7.15951,2.773063,0.1368865,-0.06406707,0.04190656,-0.02501683,-0.9967514,7.118982,2.790234,0.1220163,-0.0593308,-0.1672982,0.9841195,24,-0.7,-11.83043,99.83183,25,5.7,-29.92288,228.566
35.0929,0.7169997,-13.87329,99.07301,7.219812,2.771539,0.1414627,-0.06486167,0.04518637,-0.02594727,-0.996533,7.192992,2.779936,0.1285166,-0.06440893,-0.1656297,0.9840825,24,-0.7,-11.52072,97.62811,25,5.7,-29.61317,226.3623
35.11035,-0.8637626,-16.49449,117.7239,7.23563,2.772121,0.1436196,-0.06445776,0.04591491,-0.02389481,-0.9965772,7.221972,2.773771,0.1344919,-0.0677018,-0.1613331,0.9845751,24,-0.7,-11.2898,95.98508,25,5.7,-29.38226,224.7193
35.13513,-0.8476144,-16.49448,117.7238,7.253791,2.775837,0.1484016,-0.061906,0.0448941,-0.01911581,-0.9968885,7.238114,2.773771,0.1344919,-0.0677018,-0.1613331,0.9845751,24,-0.7,-10.96249,93.65612,25,5.7,-29.05494,222.3903
35.15198,-2.053271,-16.11886,115.0511,7.251692,2.777819,0.1502253,-0.05946677,0.04295744,-0.01691813,-0.9971621,7.24598,2.771257,0.1403683,-0.07960069,-0.1616976,0.9836247,24,-0.7,-10.73961,92.07022,25,5.7,-28.83206,220.8044
35.17639,-7.695148,-25.39985,181.0886,7.22998,2.781705,0.1529355,-0.05855425,0.03934421,-0.01510643,-0.9973942,7.231472,2.772811,0.1458087,-0.08124202,-0.1533371,0.9848287,24,-0.7,-10.41726,89.7766,25,5.7,-28.50971,218.5108
35.19409,-7.713701,-25.39987,181.0888,7.209119,2.782878,0.1533715,-0.0587578,0.03869667,-0.01631099,-0.9973887,7.212929,2.772811,0.1458087,-0.08124202,-0.1533371,0.9848287,24,-0.7,-10.18315,88.11084,25,5.7,-28.2756,216.845
35.21814,-12.82223,-35.8555,255.4843,7.143046,2.787316,0.1550821,-0.05789015,0.03664567,-0.01505659,-0.9975365,7.15456,2.776716,0.1500608,-0.07712694,-0.1491524,0.9858018,24,-0.7,-9.865528,85.85084,25,5.7,-27.95798,214.5851
35.23633,-12.85,-35.82736,255.2983,7.095432,2.790905,0.1561187,-0.05533111,0.03539972,-0.01139872,-0.9977752,7.112236,2.776716,0.1500608,-0.07712694,-0.1491524,0.9858018,24,-0.7,-9.624813,84.13806,25,5.7,-27.71726,212.8723
35.25989,-12.85,-37.59973,268.2311,6.98726,2.799543,0.1579291,-0.05176672,0.03317247,-0.006699036,-0.9980857,7.01229,2.781209,0.1529872,-0.07306907,-0.1485527,0.9862013,24,-0.7,-9.312435,81.91537,25,5.7,-27.40489,210.6496
35.27734,-8.698123,-28.02414,199.7612,6.914999,2.806072,0.1588485,-0.05110448,0.03100785,-0.002855139,-0.9982078,6.939805,2.787249,0.1552594,-0.07719593,-0.1520991,0.985346,24,-0.7,-9.081617,80.27303,25,5.7,-27.17407,209.0072
35.30225,-8.836331,-28.02416,199.7614,6.759529,2.822332,0.1610274,-0.05106656,0.02627947,0.004165027,-0.9983408,6.80161,2.787249,0.1552594,-0.07719593,-0.1520991,0.985346,24,-0.7,-8.752109,77.92845,25,5.7,-26.84456,206.6627
35.31897,-8.584552,-27.22779,194.0949,6.673362,2.830693,0.161528,-0.0508112,0.02371723,0.005086926,-0.9984137,6.711522,2.796826,0.1574022,-0.07770694,-0.1525307,0.985239,24,-0.7,-8.530884,76.35435,25,5.7,-26.62334,205.0886
35.34351,-11.9535,-32.49904,231.6019,6.48655,2.847319,0.161636,-0.05468199,0.01791774,0.007719645,-0.9983132,6.527303,2.811913,0.1596043,-0.07869232,-0.1503561,0.9854951,24,-0.7,-8.207038,74.05007,25,5.7,-26.29949,202.7843
35.36096,-12.045,-32.49904,231.6019,6.383603,2.855939,0.1613005,-0.06033629,0.01420845,0.008829163,-0.9980379,6.435794,2.811913,0.1596043,-0.07869232,-0.1503561,0.9854951,24,-0.7,-7.975799,72.40472,25,5.7,-26.06825,201.1389
35.38525,-2.709912,-17.10718,122.0832,6.164759,2.872907,0.1600703,-0.06915256,0.007866696,0.009456058,-0.9975303,6.219363,2.830573,0.161172,-0.07208949,-0.1609652,0.9843238,24,-0.7,-7.654999,70.12211,25,5.7,-25.74745,198.8563
35.4032,-2.819134,-17.10718,122.0832,6.041884,2.881636,0.1592632,-0.07184704,0.004869059,0.01073533,-0.997346,6.110141,2.830573,0.161172,-0.07208949,-0.1609652,0.9843238,24,-0.7,-7.417868,68.43484,25,5.7,-25.51032,197.1691
35.427,0.1784988,-10.10796,72.28133,5.786745,2.897835,0.1574034,-0.07428287,0.0008369908,0.01170285,-0.9971682,5.857877,2.85061,0.1612767,-0.07727593,-0.1763196,0.981295,24,-0.7,-7.103309,66.19663,25,5.7,-25.19576,194.9308
35.44421,1.673914,-7.449855,53.36787,5.65157,2.904176,0.1559499,-0.07405756,3.684312E-05,0.01172057,-0.9971851,5.708369,2.871278,0.1600173,-0.07423159,-0.1899027,0.9789926,24,-0.7,-6.875756,64.57751,25,5.7,-24.96821,193.3117
35.4696,1.426821,-7.449853,53.36785,5.37359,2.916644,0.153053,-0.07641442,-0.001488797,0.01144548,-0.9970093,5.461275,2.871278,0.1600173,-0.07423159,-0.1899027,0.9789926,24,-0.7,-6.5408,62.19417,25,5.7,-24.63325,190.9284
35.48596,-0.4678078,-9.355856,66.92981,5.229949,2.922936,0.1515923,-0.07746231,-0.002368778,0.01311975,-0.9969062,5.300826,2.890701,0.1578197,-0.08467044,-0.1797516,0.9800614,24,-0.7,-6.323503,60.64802,25,5.7,-24.41596,189.3822
35.51038,-1.635389,-10.31765,73.77333,4.93553,2.934796,0.1493679,-0.07758156,-0.004992567,0.01551232,-0.9968529,5.003697,2.907438,0.154617,-0.08841358,-0.1761202,0.9803901,24,-0.7,-6.001736,58.35853,25,5.7,-24.09419,187.0928
35.52747,-1.769941,-10.31765,73.77332,4.784159,2.940233,0.1485166,-0.07611201,-0.006034152,0.01547756,-0.9969609,4.869145,2.907438,0.154617,-0.08841358,-0.1761202,0.9803901,24,-0.7,-5.774682,56.74295,25,5.7,-23.86713,185.4772
35.55212,-2.148283,-10.62066,75.92939,4.476963,2.950118,0.1468303,-0.0741637,-0.008850813,0.0153766,-0.9970883,4.558305,2.922601,0.1514996,-0.08679394,-0.1752715,0.9806868,24,-0.7,-5.448733,54.42371,25,5.7,-23.54119,183.1579
35.57007,-2.288378,-10.62066,75.92935,4.319352,2.954495,0.145785,-0.07434952,-0.01064806,0.01513824,-0.9970605,4.418207,2.922601,0.1514996,-0.08679394,-0.1752715,0.9806868,24,-0.7,-5.211661,52.73685,25,5.7,-23.30411,181.4711
35.59399,-4.145975,-12.36327,88.32867,4.004475,2.962261,0.1432077,-0.07797881,-0.01332175,0.01478171,-0.9967564,4.098821,2.936337,0.1489255,-0.09173506,-0.1702299,0.9811251,24,-0.7,-4.895886,50.49,25,5.7,-22.98834,179.2242
35.61121,-3.956285,-12.44545,88.91341,3.843528,2.965646,0.1413838,-0.08119866,-0.01511154,0.01705859,-0.9964374,3.915102,2.948416,0.1463859,-0.08703902,-0.1702199,0.9815546,24,-0.7,-4.668561,48.87249,25,5.7,-22.76101,177.6067
35.63635,-4.246306,-12.44545,88.91344,3.517258,2.971083,0.1383097,-0.08585642,-0.01803211,0.02236758,-0.9958932,3.625083,2.948416,0.1463859,-0.08703902,-0.1702199,0.9815546,24,-0.7,-4.335785,46.50467,25,5.7,-22.42824,175.2389
35.65308,-3.331275,-10.54639,75.40088,3.3512,2.972981,0.136932,-0.0874745,-0.01898006,0.02432645,-0.9956888,3.43597,2.95859,0.143123,-0.08816249,-0.1759405,0.980445,24,-0.7,-4.114112,44.92739,25,5.7,-22.20656,173.6616
35.67737,-2.630732,-8.760726,62.69525,3.016473,2.976725,0.134607,-0.08899852,-0.02091839,0.02664933,-0.9954554,3.09542,2.966363,0.1400112,-0.08960827,-0.1835167,0.9789239,24,-0.7,-3.792511,42.63907,25,5.7,-21.88496,171.3733
35.69507,-2.781899,-8.760726,62.69525,2.84641,2.978473,0.1336476,-0.08786926,-0.02172505,0.02794717,-0.9955029,2.944253,2.966363,0.1400112,-0.08960827,-0.1835167,0.9789239,24,-0.7,-3.559025,40.97773,25,5.7,-21.65148,169.712
35.71912,-2.441292,-8.104383,58.02513,2.504397,2.980031,0.1318235,-0.08629946,-0.02214655,0.02734372,-0.9956477,2.596319,2.972089,0.1368661,-0.08516189,-0.1872502,0.9786137,24,-0.7,-3.240346,38.71021,25,5.7,-21.3328,167.4445
35.73718,-2.594901,-8.104384,58.02514,2.331587,2.980159,0.1309925,-0.08424788,-0.02191497,0.02642045,-0.9958534,2.44271,2.972089,0.1368661,-0.08516189,-0.1872502,0.9786137,24,-0.7,-3.00281,37.02005,25,5.7,-21.09526,165.7543
35.76086,-2.85197,-8.297662,59.40038,1.985121,2.978915,0.1298079,-0.08171016,-0.02079383,0.02409007,-0.996148,2.089981,2.976168,0.1340495,-0.08164308,-0.1862484,0.9791046,24,-0.7,-2.688441,34.78321,25,5.7,-20.78089,163.5175
35.77844,-3.309221,-8.927929,63.88496,1.809087,2.9778,0.1292719,-0.08160513,-0.01950552,0.02362963,-0.9961936,1.888091,2.978315,0.1317877,-0.07988078,-0.1829947,0.9798633,24,-0.7,-2.456333,33.13167,25,5.7,-20.54879,161.8659
35.80322,-3.615882,-8.927928,63.88496,1.464092,2.975736,0.1284999,-0.08189976,-0.01695312,0.02312263,-0.9962281,1.581428,2.978315,0.1317877,-0.07988078,-0.1829947,0.9798633,24,-0.7,-2.129065,30.80304,25,5.7,-20.22152,159.5373
35.82019,-4.192281,-9.653886,69.05042,1.292185,2.974148,0.1285881,-0.08237711,-0.01669692,0.02355138,-0.996183,1.382699,2.978116,0.1301285,-0.07931422,-0.1797132,0.9805164,24,-0.7,-1.904009,29.20168,25,5.7,-19.99646,157.9359
35.84448,-1.408761,-10.07101,72.01839,0.954294,2.967897,0.1281566,-0.07859965,-0.01629702,0.02227673,-0.9965242,1.036206,2.976141,0.1289458,-0.03344473,-0.1784721,0.9833764,24,-0.7,-1.583712,26.92265,25,5.7,-19.67616,155.6569
35.86194,-1.555955,-10.07101,72.01839,0.7887015,2.964793,0.1280756,-0.07859186,-0.0160996,0.02004108,-0.9965754,0.8890132,2.976141,0.1289458,-0.03344473,-0.1784721,0.9833764,24,-0.7,-1.352382,25.27666,25,5.7,-19.44484,154.0109
35.88635,1.832664,-32.60677,232.3685,0.4536822,2.959151,0.1286901,-0.07672802,-0.01628706,0.01814264,-0.996754,0.5456961,2.971707,0.1278385,0.005477537,-0.1514277,0.9884532,24,-0.7,-1.030707,22.98782,25,5.7,-19.12316,151.7221
35.9043,1.68796,-32.60681,232.3688,0.2908882,2.955649,0.1291862,-0.07724186,-0.01507051,0.01663016,-0.9967598,0.4009903,2.971707,0.1278385,0.005477537,-0.1514277,0.9884532,24,-0.7,-0.7931565,21.29756,25,5.7,-18.88561,150.0318
35.92798,3.32438,-44.20003,314.8589,-0.0286642,2.948099,0.1297318,-0.07851075,-0.012639,0.01146339,-0.9967673,0.07192829,2.965599,0.1279323,0.01021941,-0.1481975,0.988905,24,-0.7,-0.4794398,19.06535,25,5.7,-18.57189,147.7996
35.94568,3.629443,-51.85061,369.2955,-0.1850147,2.943854,0.1299813,-0.08028939,-0.01134847,0.008669714,-0.9966693,-0.1113193,2.958339,0.1285675,0.01002261,-0.1468495,0.9891081,24,-0.7,-0.2455063,17.40083,25,5.7,-18.33796,146.1351
35.97021,3.354501,-51.85054,369.295,-0.4943192,2.935404,0.130792,-0.0838714,-0.008763411,0.003665059,-0.9964314,-0.3862566,2.958339,0.1285675,0.01002261,-0.1468495,0.9891081,24,-0.7,0.07827246,15.09702,25,5.7,-18.01418,143.8313
35.98743,2.342552,-28.93893,206.2704,-0.6435475,2.931019,0.1310807,-0.08485644,-0.006864421,0.001387743,-0.9963686,-0.5620881,2.949751,0.1293416,0.01392356,-0.1528603,0.9881497,24,-0.7,0.3067054,13.47164,25,5.7,-17.78575,142.2059
36.0116,1.7285,-24.78529,176.7158,-0.9332413,2.920709,0.1301591,-0.08799066,-0.003476217,-0.002232171,-0.9961128,-0.8614816,2.940063,0.1301855,0.01448797,-0.1550916,0.9877939,24,-0.7,0.6260198,11.1996,25,5.7,-17.46643,139.9339
36.02905,1.608923,-24.78526,176.7155,-1.067761,2.915401,0.1294031,-0.08935203,-0.001138039,-0.004581661,-0.995989,-0.981055,2.940063,0.1301855,0.01448797,-0.1550916,0.9877939,24,-0.7,0.8568572,9.557102,25,5.7,-17.2356,138.2914
36.05371,0.6326135,-17.88446,127.6137,-1.330435,2.905395,0.1278421,-0.09217203,0.002658122,-0.009713931,-0.9956923,-1.254624,2.929198,0.130468,0.01460881,-0.1611152,0.9868275,24,-0.7,1.181931,7.24408,25,5.7,-16.91052,135.9783
36.07129,0.5230861,-17.88447,127.6137,-1.453655,2.90021,0.1270697,-0.09095936,0.004583411,-0.01239626,-0.9957669,-1.364152,2.929198,0.130468,0.01460881,-0.1611152,0.9868275,24,-0.7,1.415617,5.58132,25,5.7,-16.67684,134.3156
36.09521,0.1732266,-13.71385,97.93845,-1.687974,2.889304,0.125306,-0.08786073,0.008503139,-0.01896098,-0.995916,-1.610227,2.917358,0.1295595,0.01797314,-0.1676046,0.9856905,24,-0.7,1.730952,3.337596,25,5.7,-16.3615,132.0719
36.11267,1.156003,-18.63599,132.9611,-1.794628,2.883284,0.1238458,-0.08613653,0.01032191,-0.02304691,-0.9959633,-1.740404,2.905088,0.1279799,0.02151869,-0.1600382,0.9868762,24,-0.7,1.962203,1.692157,25,5.7,-16.13025,130.4264
36.13721,0.9801812,-18.636,132.9612,-1.992429,2.872027,0.120946,-0.08607782,0.01394363,-0.03172245,-0.9956857,-1.916227,2.905088,0.1279799,0.02151869,-0.1600382,0.9868762,25,5.7,-15.80589,128.1185,26,-0.7,-33.89837,256.8534
36.15454,3.046051,-23.03865,164.2878,-2.082799,2.866703,0.1190698,-0.08562684,0.01494857,-0.03527972,-0.9955903,-2.028689,2.892224,0.1257658,0.03052019,-0.1559519,0.9872931,25,5.7,-15.57604,126.483,26,-0.7,-33.66853,255.2179
36.17871,9.757042,-30.79563,219.4816,-2.237352,2.85557,0.1148908,-0.08724533,0.01918457,-0.04458738,-0.9950036,-2.194726,2.878841,0.1227249,0.05377619,-0.1515161,0.9869909,25,5.7,-15.25751,124.2166,26,-0.7,-33.35,252.9515
36.19617,9.696862,-30.79567,219.4819,-2.305072,2.851453,0.1129853,-0.08714829,0.02064786,-0.04900989,-0.9947748,-2.254921,2.878841,0.1227249,0.05377619,-0.1515161,0.9869909,25,5.7,-15.02595,122.5689,26,-0.7,-33.11843,251.3038
36.22058,10.60223,-35.01797,249.5251,-2.421764,2.842145,0.1086104,-0.08394582,0.02501326,-0.05457795,-0.9946601,-2.383359,2.865554,0.1186914,0.05140749,-0.1499737,0.9873527,25,5.7,-14.70387,120.2772,26,-0.7,-32.79635,249.0121
36.23792,10.56454,-35.01802,249.5254,-2.464188,2.838201,0.1060752,-0.08352017,0.0271013,-0.05732574,-0.9944866,-2.42107,2.865554,0.1186914,0.05140749,-0.1499737,0.9873527,25,5.7,-14.47403,118.6418,26,-0.7,-32.56651,247.3767
36.26233,12.85,-43.34306,310.9617,-2.530705,2.83015,0.100831,-0.0833065,0.03131285,-0.06067842,-0.9941819,-2.500681,2.853226,0.1139553,0.04878864,-0.1468243,0.9879586,25,5.7,-14.15118,116.3446,26,-0.7,-32.24367,245.0796
36.27966,NaN,NaN,NaN,-2.550092,2.827035,0.09818206,-0.08305904,0.03290385,-0.06077594,-0.9941453,-2.533638,2.842159,0.1087011,0.05621056,-0.1417602,0.9883038,25,5.7,-13.92223,114.7155,26,-0.7,-32.01471,243.4504
36.3042,NaN,NaN,NaN,-2.572933,2.821502,0.09285887,-0.0820576,0.03537017,-0.06089098,-0.9941367,-2.553941,2.842159,0.1087011,0.05621056,-0.1417602,0.9883038,25,5.7,-13.59819,112.4099,26,-0.7,-31.69068,241.1448
36.32129,13.11932,-37.1976,269.3452,-2.567881,2.819243,0.09008378,-0.08116423,0.03649606,-0.06138142,-0.9941392,-2.560255,2.83245,0.102789,0.05750742,-0.1468168,0.9874906,25,5.7,-13.37123,110.795,26,-0.7,-31.46372,239.5299
36.34595,NaN,NaN,NaN,-2.542838,2.81641,0.08499958,-0.07923555,0.03839045,-0.06353909,-0.9940879,-2.543934,2.824444,0.09656942,0.06341353,-0.1449848,0.9873997,25,5.7,-13.04666,108.4855,26,-0.7,-31.13915,237.2205
36.36316,NaN,NaN,NaN,-2.516561,2.815803,0.08252653,-0.07738879,0.03924136,-0.06507047,-0.9941011,-2.520576,2.824444,0.09656942,0.06341353,-0.1449848,0.9873997,25,5.7,-12.81769,106.8563,26,-0.7,-30.91018,235.5913
36.38757,22.71926,-52.64641,383.0735,-2.447758,2.814477,0.07764482,-0.07353889,0.04104576,-0.06810598,-0.9941171,-2.460351,2.81867,0.09021556,0.06492986,-0.1430263,0.9875867,25,5.7,-12.49492,104.5597,26,-0.7,-30.58741,233.2946
36.40479,NaN,NaN,NaN,-2.398441,2.814117,0.07514984,-0.073061,0.04126783,-0.06913759,-0.994072,-2.416514,2.81867,0.09021556,0.06492986,-0.1430263,0.9875867,25,5.7,-12.26858,102.9492,26,-0.7,-30.36107,231.6841
36.42944,20.10519,-38.56377,300.2131,-2.28439,2.813979,0.07071754,-0.07126673,0.04087214,-0.07030499,-0.9941367,-2.311199,2.815345,0.08402908,0.07378756,-0.1362068,0.9879287,25,5.7,-11.94146,100.6216,26,-0.7,-30.03394,229.3565
36.44666,24.7402,-46.55692,375.2608,-2.219619,2.814582,0.06902854,-0.06946044,0.04100069,-0.06985434,-0.994291,-2.244986,2.813612,0.07810318,0.07113006,-0.1301354,0.9889415,25,5.7,-11.7148,99.00886,26,-0.7,-29.80729,227.7438
36.47119,24.75318,-46.34521,373.6521,-2.074841,2.816856,0.06619719,-0.06380709,0.04125661,-0.06740445,-0.9948282,-2.116295,2.813612,0.07810318,0.07113006,-0.1301354,0.9889415,25,5.7,-11.38991,96.69717,26,-0.7,-29.4824,225.4321
36.4884,NaN,NaN,NaN,-1.990685,2.818818,0.06518448,-0.06032446,0.04106849,-0.06546511,-0.9951828,-2.028651,2.813139,0.07285964,0.07811024,-0.1382941,0.9873062,25,5.7,-11.16316,95.0837,26,-0.7,-29.25564,223.8186
36.51294,NaN,NaN,NaN,-1.811424,2.823713,0.06332389,-0.05667321,0.03937202,-0.06249385,-0.9956568,-1.852024,2.814489,0.06844997,0.07788853,-0.1371449,0.987484,25,5.7,-10.83796,92.76983,26,-0.7,-28.93045,221.5047
36.53027,NaN,NaN,NaN,-1.711927,2.827794,0.06314614,-0.05582018,0.03870662,-0.06350129,-0.9956674,-1.763582,2.814489,0.06844997,0.07788853,-0.1371449,0.987484,25,5.7,-10.60886,91.13966,26,-0.7,-28.70134,219.8746
36.55469,NaN,NaN,NaN,-1.507857,2.838324,0.06348327,-0.0536588,0.03702423,-0.06776015,-0.9955694,-1.561287,2.818122,0.0652951,0.07958531,-0.1376686,0.9872758,25,5.7,-10.28578,88.84084,26,-0.7,-28.37826,217.5757
36.57227,NaN,NaN,NaN,-1.400983,2.844025,0.06409554,-0.053336,0.03489153,-0.06727382,-0.9956968,-1.466288,2.818122,0.0652951,0.07958531,-0.1376686,0.9872758,25,5.7,-10.05305,87.18488,26,-0.7,-28.14553,215.9198
36.59656,NaN,NaN,NaN,-1.17349,2.856404,0.0651757,-0.05479358,0.03103394,-0.06871448,-0.995647,-1.240044,2.825223,0.06382334,0.08255765,-0.1395367,0.9867693,25,5.7,-9.733155,84.90872,26,-0.7,-27.82564,213.6436
36.61426,NaN,NaN,NaN,-1.050405,2.863307,0.06583107,-0.05633343,0.02929663,-0.07119238,-0.9954395,-1.103976,2.836274,0.06396306,0.08575369,-0.1403143,0.9863865,25,5.7,-9.498536,83.23932,26,-0.7,-27.59102,211.9742
36.63831,NaN,NaN,NaN,-0.7932259,2.878505,0.0674741,-0.05962807,0.02782798,-0.07768127,-0.9948044,-0.8753726,2.836274,0.06396306,0.08575369,-0.1403143,0.9863865,25,5.7,-9.180342,80.97525,26,-0.7,-27.27283,209.7102
36.65625,NaN,NaN,NaN,-0.6573237,2.886173,0.06842167,-0.06106596,0.02735871,-0.07953979,-0.9945833,-0.7250738,2.850176,0.06474471,0.0888817,-0.1443847,0.9855218,25,5.7,-8.943655,79.29114,26,-0.7,-27.03614,208.026
36.68018,12.66524,-21.17202,151.006,-0.3772762,2.900946,0.07058489,-0.06197471,0.02599642,-0.08193249,-0.9943694,-0.4438558,2.86656,0.06624961,0.08545517,-0.1567021,0.983942,25,5.7,-8.627601,77.04229,26,-0.7,-26.72009,205.7772
36.69775,12.79505,-21.17201,151.0059,-0.2312298,2.907789,0.07178196,-0.06117297,0.0248639,-0.08166743,-0.9944698,-0.3140368,2.86656,0.06624961,0.08545517,-0.1567021,0.983942,25,5.7,-8.395209,75.38874,26,-0.7,-26.4877,204.1237
36.72192,11.94766,-18.29784,130.5551,0.06932861,2.920689,0.07438584,-0.05944708,0.02248504,-0.08231161,-0.9945779,-0.01193921,2.884202,0.0682075,0.09010141,-0.1595816,0.9830644,25,5.7,-8.075772,73.11583,26,-0.7,-26.16826,201.8507
36.73962,12.08714,-18.29784,130.5551,0.226242,2.926644,0.07588725,-0.05854554,0.02105659,-0.08344292,-0.9945685,0.1275393,2.884202,0.0682075,0.09010141,-0.1595816,0.9830644,25,5.7,-7.841373,71.44799,26,-0.7,-25.93386,200.1829
36.76355,12.85,-19.29779,138.5278,0.5440909,2.937717,0.07881384,-0.05834328,0.01868637,-0.08566517,-0.9944387,0.4474843,2.901565,0.07084882,0.08810309,-0.1576964,0.9835495,25,5.7,-7.52419,69.19112,26,-0.7,-25.61668,197.926
36.78125,12.85,-20.6173,147.6565,0.7070476,2.942903,0.0805303,-0.05944796,0.01810706,-0.08652958,-0.9943092,0.6320285,2.917513,0.07399786,0.08148257,-0.1569554,0.9842386,25,5.7,-7.291152,67.53296,26,-0.7,-25.38364,196.2679
36.80542,12.85,-20.04882,144.0917,1.039059,2.952156,0.08401695,-0.06199312,0.01699202,-0.08674861,-0.9941544,0.9271493,2.917513,0.07399786,0.08148257,-0.1569554,0.9842386,25,5.7,-6.971273,65.2569,26,-0.7,-25.06376,193.9918
36.823,11.84413,-17.41454,124.2701,1.209856,2.956296,0.08589093,-0.06466017,0.01653965,-0.08716752,-0.9939554,1.120644,2.931759,0.07751417,0.08490197,-0.1610896,0.9832811,25,5.7,-6.738874,63.6033,26,-0.7,-24.83136,192.3382
36.84705,8.809308,-12.0978,86.43952,1.550182,2.961876,0.08978102,-0.06690865,0.01543733,-0.08603403,-0.9939231,1.466627,2.944302,0.08146167,0.08347244,-0.1710003,0.9817287,25,5.7,-6.420932,61.34103,26,-0.7,-24.51342,190.076
36.86475,8.957645,-12.09781,86.43959,1.717055,2.964707,0.09201453,-0.07053581,0.01452091,-0.08241609,-0.9939927,1.614959,2.944302,0.08146167,0.08347244,-0.1710003,0.9817287,25,5.7,-6.18621,59.67089,26,-0.7,-24.2787,188.4058
36.88879,7.391912,-9.726823,69.56911,2.056347,2.969038,0.09688361,-0.0722351,0.01342515,-0.07778791,-0.994259,1.960864,2.954209,0.08574259,0.07666686,-0.1790106,0.9808555,25,5.7,-5.868281,57.40871,26,-0.7,-23.96077,186.1436
36.90662,6.765533,-8.129813,58.20579,2.22853,2.969695,0.0996622,-0.07192814,0.01375975,-0.07682987,-0.9943512,2.15881,2.961679,0.090572,0.0776284,-0.186904,0.9793063,25,5.7,-5.633659,55.73929,26,-0.7,-23.72614,184.4742
36.93066,7.064131,-8.129808,58.20576,2.564456,2.97049,0.1053806,-0.07175265,0.01380344,-0.07243346,-0.9946932,2.45741,2.961679,0.090572,0.0776284,-0.186904,0.9793063,25,5.7,-5.315894,53.47827,26,-0.7,-23.40838,182.2132
36.94836,6.86141,-7.620264,54.58016,2.733437,2.968895,0.108201,-0.07135672,0.01461027,-0.07062107,-0.9948404,2.652762,2.966759,0.09621727,0.07561028,-0.1902008,0.9788293,25,5.7,-5.081574,51.811,26,-0.7,-23.17406,180.5459
36.97241,7.157756,-7.620261,54.58014,3.066828,2.965975,0.1141049,-0.07319862,0.01383585,-0.06483342,-0.9951116,2.94911,2.966759,0.09621727,0.07561028,-0.1902008,0.9788293,25,5.7,-4.763308,49.54642,26,-0.7,-22.85579,178.2814
36.98987,7.116425,-7.283838,52.18637,3.231326,2.963789,0.1172917,-0.07530339,0.01401324,-0.06454705,-0.9949708,3.140335,2.968666,0.102656,0.07469369,-0.1926007,0.9784303,25,5.7,-4.532215,47.90211,26,-0.7,-22.6247,176.637
37.01428,7.06548,-7.313834,52.3998,3.553522,2.959054,0.1245666,-0.07662764,0.0154203,-0.06209574,-0.9950048,3.471384,2.967132,0.1095549,0.06728951,-0.1924827,0.9789906,25,5.7,-4.209252,45.6041,26,-0.7,-22.30174,174.339
37.03162,7.204937,-7.313835,52.3998,3.710411,2.956342,0.1286001,-0.07337762,0.01743765,-0.06105727,-0.9952807,3.610841,2.967132,0.1095549,0.06728951,-0.1924827,0.9789906,25,5.7,-3.981009,43.98007,26,-0.7,-22.07349,172.715
37.05603,7.240406,-7.706626,55.19466,4.015687,2.949399,0.1357497,-0.06770065,0.0217428,-0.059146,-0.9957137,3.92621,2.962993,0.1170799,0.05897212,-0.1898532,0.9800398,25,5.7,-3.65781,41.68039,26,-0.7,-21.7503,170.4153
37.073,7.276858,-8.313948,59.51606,4.162575,2.945709,0.1390888,-0.06733532,0.02338326,-0.05766336,-0.9957882,4.099545,2.957223,0.1251922,0.0524877,-0.1861946,0.9811099,25,5.7,-3.43264,40.07822,26,-0.7,-21.52513,168.8131
37.09778,7.536052,-8.313944,59.51604,4.45417,2.936553,0.1462241,-0.06816205,0.0261081,-0.05469262,-0.9958318,4.35874,2.957223,0.1251922,0.0524877,-0.1861946,0.9811099,25,5.7,-3.106163,37.75521,26,-0.7,-21.19865,166.4901
37.11475,7.252769,-8.377293,59.96678,4.593803,2.932163,0.1499989,-0.07042046,0.02752111,-0.0543806,-0.9956537,4.523794,2.949488,0.1340436,0.04476915,-0.1858173,0.9815639,25,5.7,-2.880995,36.15306,26,-0.7,-20.97348,164.888
37.13953,7.265575,-7.534656,53.97111,4.866346,2.922122,0.1575142,-0.06759313,0.03019724,-0.05134362,-0.9959334,4.805331,2.939816,0.1428026,0.04481875,-0.1908157,0.9806022,25,5.7,-2.553166,33.82044,26,-0.7,-20.64565,162.5554
37.15649,7.38383,-7.534655,53.9711,4.999383,2.916622,0.1610973,-0.0667159,0.03089768,-0.04942178,-0.9960682,4.923587,2.939816,0.1428026,0.04481875,-0.1908157,0.9806022,25,5.7,-2.328996,32.22539,26,-0.7,-20.42148,160.9603
37.18103,7.015131,-7.062813,50.61378,5.258244,2.904658,0.1676571,-0.06799886,0.03146507,-0.04785038,-0.9960404,5.19127,2.928764,0.1516951,0.03543258,-0.1941089,0.9803399,25,5.7,-2.004241,29.91463,26,-0.7,-20.09673,158.6496
37.19836,7.127618,-7.062808,50.61375,5.384793,2.897774,0.1706206,-0.07041709,0.03192455,-0.04854107,-0.9958243,5.303758,2.928764,0.1516951,0.03543258,-0.1941089,0.9803399,25,5.7,-1.776216,28.29215,26,-0.7,-19.8687,157.0271
37.2229,6.893686,-5.781578,41.49723,5.623009,2.883768,0.1762971,-0.07280791,0.03110733,-0.04709388,-0.9957478,5.551464,2.916223,0.1603128,0.03175844,-0.2057999,0.9780786,25,5.7,-1.451767,25.98358,26,-0.7,-19.54425,154.7185
37.23999,6.839694,-5.420705,38.92948,5.736347,2.876765,0.1789884,-0.07311679,0.03021913,-0.04572454,-0.9958163,5.686499,2.901508,0.1680875,0.02907585,-0.209831,0.9773052,25,5.7,-1.225512,24.37369,26,-0.7,-19.318,153.1086
37.26477,7.030833,-5.420665,38.92929,5.951385,2.86304,0.1840483,-0.07407833,0.02727805,-0.0425358,-0.9959714,5.877644,2.901508,0.1680875,0.02907585,-0.209831,0.9773052,25,5.7,-0.8980286,22.04353,26,-0.7,-18.99051,150.7784
37.28198,6.918037,-5.150571,37.00739,6.046135,2.857657,0.1862507,-0.07663846,0.02459254,-0.04047436,-0.9959336,5.994079,2.885348,0.1751047,0.0245016,-0.2130977,0.9767237,25,5.7,-0.6694499,20.4171,26,-0.7,-18.76193,149.152
37.30652,6.638906,-4.980592,35.798,6.22494,2.846373,0.1903405,-0.07694828,0.02107878,-0.03757647,-0.9961038,6.182633,2.869221,0.1813104,0.01250936,-0.2152147,0.9764867,25,5.7,-0.345786,18.11411,26,-0.7,-18.43827,146.849
37.32373,6.711871,-4.980591,35.798,6.307026,2.839931,0.1920048,-0.077144,0.02047495,-0.03892532,-0.9960494,6.255598,2.869221,0.1813104,0.01250936,-0.2152147,0.9764867,25,5.7,-0.1178889,16.49254,26,-0.7,-18.21037,145.2274
37.34839,6.527569,-4.677054,33.63823,6.458509,2.827678,0.1942525,-0.07926975,0.0190661,-0.03942378,-0.9958909,6.41663,2.854368,0.1868634,0.003235347,-0.2196461,0.9755743,25,5.7,0.207013,14.18075,26,-0.7,-17.88547,142.9156
37.3656,6.586156,-4.677055,33.63824,6.52442,2.821501,0.1948849,-0.07997915,0.01835429,-0.03872421,-0.995875,6.475218,2.854368,0.1868634,0.003235347,-0.2196461,0.9755743,25,5.7,0.4348722,12.55944,26,-0.7,-17.65761,141.2943
37.39001,6.319609,-4.366607,31.42928,6.637555,2.811185,0.1961522,-0.08118416,0.01680663,-0.03756229,-0.9958493,6.598913,2.839803,0.1911759,-0.008712045,-0.2247804,0.9743705,25,5.7,0.757609,10.26305,26,-0.7,-17.33488,138.998
37.40735,5.920259,-4.095495,29.50022,6.680919,2.807017,0.1967631,-0.0808725,0.01571143,-0.03639507,-0.9959359,6.657234,2.825437,0.1940533,-0.02446696,-0.2297686,0.9729378,25,5.7,0.9871278,8.629939,26,-0.7,-17.10536,137.3648
37.43201,5.980167,-4.095496,29.50023,6.748317,2.79965,0.1974829,-0.07828893,0.01290387,-0.03343133,-0.9962865,6.717143,2.825437,0.1940533,-0.02446696,-0.2297686,0.9729378,25,5.7,1.312749,6.313022,26,-0.7,-16.77974,135.0479
37.4491,5.670043,-3.992458,28.76707,6.765517,2.797485,0.1979198,-0.07675526,0.01023637,-0.02912488,-0.996572,6.748235,2.812564,0.1959041,-0.03668551,-0.2315407,0.9721333,25,5.7,1.53935,4.700675,26,-0.7,-16.55313,133.4356
37.47363,5.551693,-4.134813,29.77999,6.790275,2.791556,0.197744,-0.07183898,0.007736623,-0.02604364,-0.9970462,6.781443,2.802568,0.1970649,-0.04043858,-0.2281257,0.9727916,25,5.7,1.86293,2.398281,26,-0.7,-16.22956,131.1332
37.49097,5.551338,-4.134813,29.77998,6.789875,2.788615,0.1972291,-0.06968601,0.006921522,-0.02656093,-0.9971913,6.781087,2.802568,0.1970649,-0.04043858,-0.2281257,0.9727916,25,5.7,2.092896,0.7619905,26,-0.7,-15.99959,129.4969
37.5155,-1.82908,-21.71219,154.8494,6.771541,2.783904,0.1960122,-0.06696261,0.004837044,-0.02673483,-0.9973856,6.771174,2.794863,0.1975536,-0.0548424,-0.1562774,0.9861895,26,-0.7,-15.67538,127.19,27,5.7,-33.76794,255.9252
37.53308,-1.850492,-21.71219,154.8494,6.747452,2.782153,0.1952922,-0.06573528,0.003512554,-0.02672107,-0.9974731,6.749763,2.794863,0.1975536,-0.0548424,-0.1562774,0.9861895,26,-0.7,-15.44288,125.5357,27,5.7,-33.53545,254.2709
37.55725,-10.70031,-37.95837,270.4471,6.68612,2.778354,0.1933578,-0.06368394,0.00166446,-0.02731469,-0.9975949,6.697003,2.788278,0.1971737,-0.06352682,-0.1487877,0.9868265,26,-0.7,-15.1239,123.266,27,5.7,-33.21647,252.0013
37.57471,-6.68176,-27.09418,193.1444,6.640749,2.776818,0.1919904,-0.06397928,0.00102251,-0.02701303,-0.9975851,6.653949,2.782815,0.1958618,-0.06814263,-0.1526651,0.985926,26,-0.7,-14.89172,121.614,27,5.7,-32.98428,250.3492
37.59875,-6.777459,-27.09416,193.1443,6.533077,2.77506,0.1890667,-0.06313883,0.0007822737,-0.02579785,-0.997671,6.558241,2.782815,0.1958618,-0.06814263,-0.1526651,0.985926,26,-0.7,-14.57392,119.3527,27,5.7,-32.66649,248.0879
37.6167,-5.250483,-20.80409,148.388,6.463223,2.77543,0.1875179,-0.0615477,0.001130357,-0.0238039,-0.9978196,6.488893,2.778264,0.1935916,-0.0779934,-0.1566752,0.9845659,26,-0.7,-14.33721,117.6685,27,5.7,-32.42978,246.4037
37.6405,-4.752264,-20.06489,143.1283,6.310092,2.778558,0.1848642,-0.05836957,0.001879446,-0.01984975,-0.998096,6.340631,2.775366,0.1904968,-0.0764102,-0.1573285,0.9845858,26,-0.7,-14.02198,115.4254,27,5.7,-32.11454,244.1606
37.65833,-4.832067,-20.0649,143.1284,6.220322,2.781519,0.1834507,-0.05534201,0.002446644,-0.01905296,-0.9982827,6.260836,2.775366,0.1904968,-0.0764102,-0.1573285,0.9845858,26,-0.7,-13.78616,113.7475,27,5.7,-31.87873,242.4827
37.68237,-6.94215,-24.69032,176.0401,6.019083,2.790531,0.1806709,-0.05322361,0.002445601,-0.01581287,-0.9984545,6.06502,2.775717,0.1871135,-0.07288578,-0.1539062,0.9853936,26,-0.7,-13.46877,111.4892,27,5.7,-31.56134,240.2243
37.70056,-7.044847,-24.69034,176.0402,5.903558,2.796697,0.1787682,-0.05447396,0.002678514,-0.01399285,-0.9984136,5.962331,2.775717,0.1871135,-0.07288578,-0.1539062,0.9853936,26,-0.7,-13.228,109.776,27,5.7,-31.32057,238.5112
37.72412,-12.85,-36.48101,261.3449,5.660915,2.811294,0.1748498,-0.05773881,0.003180303,-0.01125714,-0.9982632,5.724744,2.780854,0.183743,-0.07016,-0.1482988,0.9864507,26,-0.7,-12.91718,107.5644,27,5.7,-31.00975,236.2996
37.74194,-7.102944,-24.96251,177.9768,5.53082,2.819273,0.1727446,-0.05883294,0.003704019,-0.01083202,-0.9982022,5.582295,2.791462,0.1800095,-0.07031866,-0.1538499,0.985589,26,-0.7,-12.68066,105.8815,27,5.7,-30.77323,234.6167
37.76587,-7.34524,-24.96251,177.9768,5.258238,2.835826,0.168338,-0.06038443,0.004879087,-0.0104042,-0.998109,5.34,2.791462,0.1800095,-0.07031866,-0.1538499,0.985589,26,-0.7,-12.36437,103.6309,27,5.7,-30.45694,232.3661
37.78357,-5.556311,-20.99539,149.7492,5.11133,2.844062,0.1659222,-0.05943908,0.005117469,-0.009507149,-0.9981736,5.178364,2.806957,0.1757178,-0.07069936,-0.156764,0.9851024,26,-0.7,-12.13096,101.9701,27,5.7,-30.22353,230.7053
37.80774,-3.39436,-17.02644,121.5086,4.806231,2.860822,0.1606726,-0.05803721,0.005978189,-0.008720003,-0.9982585,4.872424,2.825609,0.1707668,-0.0670849,-0.1610992,0.9846556,26,-0.7,-11.81226,99.70246,27,5.7,-29.90483,228.4377
37.82544,-3.537636,-17.02644,121.5086,4.645046,2.867995,0.1572807,-0.05823927,0.006202922,-0.008013285,-0.9982513,4.729149,2.825609,0.1707668,-0.0670849,-0.1610992,0.9846556,26,-0.7,-11.57792,98.03508,27,5.7,-29.67049,226.7703
37.84949,-5.779565,-21.24133,151.4992,4.312817,2.881395,0.1504367,-0.060155,0.006966293,-0.006172042,-0.9981456,4.395547,2.845565,0.164903,-0.0662543,-0.1568396,0.9853992,26,-0.7,-11.26027,95.7749,27,5.7,-29.35284,224.5101
37.86707,-5.933091,-21.24133,151.4992,4.1401,2.887535,0.1471401,-0.06198703,0.008110994,-0.005311524,-0.9980299,4.242021,2.845565,0.164903,-0.0662543,-0.1568396,0.9853992,26,-0.7,-11.02668,94.11282,27,5.7,-29.11925,222.848
37.89124,NaN,NaN,NaN,3.792859,2.901216,0.1408941,-0.06359391,0.01083166,-0.003271654,-0.9979118,3.891984,2.864294,0.1579031,-0.05952718,-0.1376721,0.9886875,26,-0.7,-10.7077,91.8431,27,5.7,-28.80026,220.5783
37.90881,NaN,NaN,NaN,3.615911,2.90782,0.1380349,-0.06248146,0.01274168,-0.004176619,-0.997956,3.690912,2.881107,0.1500276,-0.06135901,-0.1395063,0.9883183,26,-0.7,-10.47543,90.19047,27,5.7,-28.568,218.9256
37.93311,NaN,NaN,NaN,3.255225,2.920457,0.1320692,-0.06395442,0.01775581,-0.006455327,-0.997774,3.370302,2.881107,0.1500276,-0.06135901,-0.1395063,0.9883183,26,-0.7,-10.15346,87.8995,27,5.7,-28.24603,216.6347
37.95032,NaN,NaN,NaN,3.070612,2.926769,0.1290851,-0.06655467,0.02027659,-0.005787114,-0.99756,3.160237,2.897123,0.1424353,-0.06337119,-0.1433636,0.9876391,26,-0.7,-9.925984,86.28094,27,5.7,-28.01855,215.0161
37.97498,-12.85,-34.45081,248.7509,2.698466,2.93967,0.1238365,-0.07079313,0.0232245,-0.000112779,-0.9972206,2.781964,2.912631,0.1351877,-0.06205792,-0.1483305,0.9869888,26,-0.7,-9.600994,83.96851,27,5.7,-27.69356,212.7037
37.99231,-12.85,-34.05063,246.0881,2.510111,2.946143,0.1216637,-0.07191,0.0232935,0.004309964,-0.9971299,2.614537,2.912631,0.1351877,-0.06205792,-0.1483305,0.9869888,26,-0.7,-9.370498,82.32845,27,5.7,-27.46307,211.0636
38.01648,-8.294874,-23.83381,169.9456,2.134212,2.957514,0.117336,-0.07236587,0.02324662,0.01070056,-0.9970499,2.23165,2.927986,0.1283851,-0.06111721,-0.1553796,0.9859625,26,-0.7,-9.051217,80.05665,27,5.7,-27.14379,208.7918
38.03418,-8.461318,-23.83381,169.9456,1.946963,2.962943,0.1154881,-0.07160768,0.02252363,0.01267388,-0.997098,2.065207,2.927986,0.1283851,-0.06111721,-0.1553796,0.9859625,26,-0.7,-8.817894,78.39647,27,5.7,-26.91046,207.1316
38.05847,-10.88989,-30.76479,219.2622,1.573208,2.971508,0.1115581,-0.06965193,0.0214355,0.01443234,-0.9972366,1.683331,2.942986,0.1223867,-0.05661743,-0.1517867,0.9867904,26,-0.7,-8.496543,76.10994,27,5.7,-26.58911,204.8451
38.07568,-10.36509,-30.81196,219.5979,1.386911,2.974415,0.1097306,-0.06907269,0.02135719,0.01332066,-0.9972941,1.4679,2.95662,0.1171439,-0.05321104,-0.1518519,0.9869699,26,-0.7,-8.268603,74.48806,27,5.7,-26.36117,203.2232
38.10046,-10.69824,-30.81191,219.5975,1.012099,2.978626,0.106409,-0.06750016,0.01962603,0.01611263,-0.9973961,1.134734,2.95662,0.1171439,-0.05321104,-0.1518519,0.9869699,26,-0.7,-7.940594,72.15415,27,5.7,-26.03316,200.8893
38.11743,-11.55526,-37.14575,264.6651,0.8235358,2.979436,0.104812,-0.0661375,0.01808586,0.01922001,-0.9974614,0.9173279,2.967596,0.1124291,-0.04656258,-0.149751,0.9876267,26,-0.7,-7.717548,70.56709,27,5.7,-25.81012,199.3023
38.14197,-12.85,-42.70955,305.8031,0.450451,2.97948,0.1014625,-0.06406642,0.01553641,0.02381102,-0.9975406,0.5359786,2.974569,0.1076612,-0.04326713,-0.1476635,0.9880909,26,-0.7,-7.392743,68.25599,27,5.7,-25.48531,196.9912
38.15906,-12.85,-42.14416,302.0198,0.2640756,2.979041,0.100384,-0.06447823,0.01448829,0.02526042,-0.9974942,0.3703115,2.974569,0.1076612,-0.04326713,-0.1476635,0.9880909,26,-0.7,-7.16636,66.6452,27,5.7,-25.25893,195.3804
38.18359,-9.001266,-37.75859,269.0256,-0.1049638,2.974229,0.09818228,-0.06233113,0.01267747,0.02654546,-0.9976219,-0.007528989,2.977736,0.1036271,-0.03304836,-0.1496896,0.9881805,26,-0.7,-6.842515,64.34091,27,5.7,-24.93508,193.0761
38.20117,-9.161578,-37.75859,269.0256,-0.2853155,2.971599,0.09767129,-0.06233182,0.01213202,0.02517276,-0.9976642,-0.1678416,2.977736,0.1036271,-0.03304836,-0.1496896,0.9881805,26,-0.7,-6.609759,62.68477,27,5.7,-24.70233,191.42
38.22546,-6.033547,-26.37625,188.036,-0.6463664,2.965589,0.09676988,-0.06219739,0.009797066,0.02504131,-0.9977016,-0.538427,2.977324,0.1006436,-0.0288771,-0.1542544,0.9876091,26,-0.7,-6.288545,60.39922,27,5.7,-24.38111,189.1344
38.2428,-3.962018,-22.68319,161.7585,-0.8216149,2.96079,0.09645312,-0.06202344,0.009868495,0.02330023,-0.9977539,-0.7432323,2.973093,0.09840727,-0.0196609,-0.1567131,0.9874485,26,-0.7,-6.059326,58.76823,27,5.7,-24.1519,187.5034
38.26794,-4.268178,-22.68321,161.7587,-1.166042,2.950979,0.09600309,-0.06573905,0.01018507,0.02075684,-0.997569,-1.04939,2.973093,0.09840727,-0.0196609,-0.1567131,0.9874485,26,-0.7,-5.727392,56.4064,27,5.7,-23.81996,185.1416
38.28442,-3.154814,-20.45731,145.9205,-1.334891,2.94624,0.09613003,-0.06824669,0.01023039,0.01983887,-0.9974188,-1.247468,2.965899,0.09717989,-0.01291322,-0.1585811,0.9872615,26,-0.7,-5.509495,54.85598,27,5.7,-23.60206,183.5912
38.30884,-2.995309,-16.60404,118.5032,-1.666906,2.933012,0.09614877,-0.07000916,0.01202246,0.01825917,-0.9973068,-1.58932,2.955599,0.09630644,-0.01171463,-0.1629702,0.9865614,26,-0.7,-5.186166,52.55538,27,5.7,-23.27874,181.2906
38.32629,-3.136305,-16.60405,118.5032,-1.825526,2.927657,0.0967979,-0.07075991,0.01283823,0.01728942,-0.9972609,-1.730316,2.955599,0.09630644,-0.01171463,-0.1629702,0.9865614,26,-0.7,-4.955265,50.91243,27,5.7,-23.04783,179.6476
38.35071,-2.969385,-15.08167,107.6709,-2.131449,2.914716,0.09743394,-0.07033148,0.01289457,0.01718175,-0.9972923,-2.047504,2.942852,0.09606397,-0.00845154,-0.1652438,0.9862165,26,-0.7,-4.632229,48.61392,27,5.7,-22.7248,177.3491
38.36902,-3.099376,-15.08167,107.6709,-2.27769,2.907535,0.09752678,-0.07113875,0.01232478,0.01636997,-0.9972559,-2.177495,2.942852,0.09606397,-0.00845154,-0.1652438,0.9862165,26,-0.7,-4.39062,46.89478,27,5.7,-22.48319,175.63
38.39246,-2.455494,-16.06311,114.6543,-2.56199,2.892231,0.09757954,-0.07540446,0.0127677,0.01496764,-0.9969589,-2.47358,2.928678,0.09648848,0.0001557565,-0.1635512,0.9865348,26,-0.7,-4.081156,44.69283,27,5.7,-22.17373,173.428
38.40979,-1.472272,-15.53365,110.8869,-2.696995,2.885392,0.09786683,-0.07813842,0.01361695,0.01418933,-0.9967486,-2.634465,2.912995,0.09706402,0.01034706,-0.1642314,0.9863676,26,-0.7,-3.851569,43.05924,27,5.7,-21.94414,171.7944
38.43433,-1.708176,-15.53366,110.887,-2.962388,2.869919,0.09831982,-0.0784934,0.01470945,0.01608488,-0.9966763,-2.870369,2.912995,0.09706402,0.01034706,-0.1642314,0.9863676,26,-0.7,-3.526885,40.74899,27,5.7,-21.61946,169.4842
38.45203,-0.1840298,-16.81768,120.0233,-3.085562,2.862242,0.09853482,-0.07946962,0.01556057,0.0170351,-0.9965702,-3.018332,2.895812,0.09751415,0.02331449,-0.1621599,0.9864891,26,-0.7,-3.293762,39.09023,27,5.7,-21.38633,167.8255
38.47595,-0.4157165,-14.3318,102.3353,-3.317242,2.847891,0.09920243,-0.08067533,0.01611747,0.01699438,-0.9964653,-3.260485,2.877913,0.09799874,0.02742881,-0.1659333,0.9857554,26,-0.7,-2.976851,36.8353,27,5.7,-21.06942,165.5705
38.49353,-0.5100368,-14.3318,102.3353,-3.423354,2.841347,0.09957562,-0.08202834,0.01590862,0.0168303,-0.9963609,-3.354807,2.877913,0.09799874,0.02742881,-0.1659333,0.9857554,26,-0.7,-2.744087,35.17909,27,5.7,-20.83666,163.9143
38.5177,2.269871,-19.67173,140.3309,-3.62419,2.82867,0.1006998,-0.08406607,0.01630466,0.01604325,-0.9961976,-3.566833,2.859903,0.09838736,0.04105988,-0.1585049,0.986504,26,-0.7,-2.425314,32.9109,27,5.7,-20.51789,161.6461
38.53552,2.186734,-19.67173,140.3309,-3.717718,2.822267,0.1012778,-0.08491359,0.01684128,0.01573084,-0.9961218,-3.649969,2.859903,0.09838736,0.04105988,-0.1585049,0.986504,26,-0.7,-2.18965,31.23407,27,5.7,-20.28222,159.9693
38.55945,1.355932,-15.97145,114.0021,-3.889617,2.810549,0.102791,-0.08628443,0.01781374,0.01527436,-0.9959942,-3.832916,2.84311,0.09929252,0.04490069,-0.1628082,0.9856355,26,-0.7,-1.872697,28.97883,27,5.7,-19.96527,157.7141
38.57703,1.821176,-15.089,107.7231,-3.967427,2.805334,0.1037909,-0.08596183,0.01750014,0.01624709,-0.9960122,-3.929038,2.827498,0.1005887,0.05263111,-0.1639879,0.9850574,26,-0.7,-1.640979,27.33007,27,5.7,-19.73355,156.0653
38.60181,1.699171,-15.08899,107.723,-4.104681,2.796014,0.1063029,-0.08443803,0.01788927,0.0149387,-0.9961561,-4.051041,2.827498,0.1005887,0.05263111,-0.1639879,0.9850574,26,-0.7,-1.312387,24.99202,27,5.7,-19.40496,153.7273
38.61853,3.499386,-16.18524,115.5232,-4.157853,2.792445,0.1077949,-0.08337979,0.01967771,0.01096435,-0.9962633,-4.122109,2.813137,0.1023573,0.06501758,-0.1620717,0.9846347,26,-0.7,-1.091234,23.41843,27,5.7,-19.1838,152.1537
38.64307,5.739602,-17.01017,121.3929,-4.250961,2.785468,0.1101802,-0.08120457,0.02376797,0.003690874,-0.9964072,-4.225091,2.800673,0.1048768,0.08081751,-0.1606736,0.9836933,26,-0.7,-0.7673749,21.11406,27,5.7,-18.85994,149.8493
38.6604,5.709066,-17.01016,121.3929,-4.285314,2.782135,0.1109348,-0.08172146,0.0261585,0.002825157,-0.9963079,-4.255627,2.800673,0.1048768,0.08081751,-0.1606736,0.9836933,26,-0.7,-0.5380097,19.48204,27,5.7,-18.63058,148.2173
38.68481,6.832988,-18.71535,133.526,-4.334671,2.776036,0.1122694,-0.08457816,0.02995248,0.00245827,-0.9959636,-4.315455,2.790801,0.1077623,0.08221595,-0.1586006,0.9839138,26,-0.7,-0.2156584,17.18839,27,5.7,-18.30823,145.9236
38.70276,6.824773,-18.71535,133.526,-4.343913,2.77349,0.1127859,-0.08670966,0.03150042,0.002390835,-0.9957327,-4.32367,2.790801,0.1077623,0.08221595,-0.1586006,0.9839138,26,-0.7,0.02273735,15.49212,27,5.7,-18.06983,144.2274
38.72656,7.086844,-18.62436,132.8785,-4.3449,2.770567,0.1141853,-0.08925191,0.03480215,0.001455022,-0.9953998,-4.33605,2.782418,0.1102357,0.08463459,-0.1586072,0.9837077,26,-0.7,0.3370827,13.25543,27,5.7,-17.75549,141.9907
38.74402,21.31345,-40.12503,317.787,-4.332006,2.769623,0.1147116,-0.08873615,0.03551768,0.002285086,-0.9954191,-4.331307,2.775553,0.1122583,0.07974546,-0.1334046,0.9878482,26,-0.7,0.5668536,11.62053,27,5.7,-17.52571,140.3558
38.7605,21.33117,-40.12206,317.765,-4.310063,2.76845,0.114892,-0.08827656,0.03607474,0.002002813,-0.9954405,-4.311802,2.775553,0.1122583,0.07974546,-0.1334046,0.9878482,26,-0.7,0.7846955,10.0705,27,5.7,-17.30787,138.8058
38.78247,23.97749,-39.93375,313.6681,-4.248465,2.766701,0.1147582,-0.08858189,0.03650783,0.000424129,-0.9953996,-4.258758,2.770792,0.1137887,0.08887533,-0.1344152,0.9869315,26,-0.7,1.07542,8.00189,27,5.7,-17.01715,136.7371
38.79932,23.82559,-39.64526,311.5499,-4.204763,2.766546,0.1146238,-0.08808699,0.03633603,-0.001915851,-0.995448,-4.219912,2.770792,0.1137887,0.08887533,-0.1344152,0.9869315,26,-0.7,1.298635,6.413631,27,5.7,-16.79393,135.1489
38.81653,23.54325,-39.06728,309.9808,-4.155891,2.76629,0.1144435,-0.08645908,0.03671809,-0.004286711,-0.9955694,-4.173029,2.767674,0.1145403,0.0882955,-0.1332733,0.9871384,26,-0.7,1.526233,4.794191,27,5.7,-16.56634,133.5294
38.83801,23.50019,-38.84904,308.3643,-4.04167,2.766618,0.1141004,-0.08334517,0.038512,-0.008852847,-0.9957369,-4.071499,2.767674,0.1145403,0.0882955,-0.1332733,0.9871384,26,-0.7,1.81005,2.774729,27,5.7,-16.28252,131.51
38.85522,NaN,NaN,NaN,-3.972536,2.768013,0.114353,-0.08164094,0.03963218,-0.01096622,-0.9958132,-4.001771,2.765876,0.1146256,0.09724493,-0.1263732,0.9872048,26,-0.7,2.038146,1.151741,27,5.7,-16.05442,129.887
38.87976,NaN,NaN,NaN,-3.814674,2.772407,0.1143465,-0.0785702,0.04224308,-0.01648978,-0.9958767,-3.848966,2.765372,0.1146537,0.09442104,-0.1202672,0.9882411,27,5.7,-15.73051,127.5823,28,-5.7,-34.40284,260.4428
38.89709,NaN,NaN,NaN,-3.720326,2.774976,0.1141584,-0.07853726,0.04388218,-0.02079043,-0.995728,-3.765101,2.765372,0.1146537,0.09442104,-0.1202672,0.9882411,27,5.7,-15.50137,125.9518,28,-5.7,-34.17369,258.8124
38.92151,21.20329,-34.95618,302.2028,-3.515556,2.78263,0.1139602,-0.07995465,0.04547032,-0.02821909,-0.995361,-3.566036,2.767594,0.1143934,0.08109374,-0.123506,0.9890248,27,5.7,-15.17865,123.6556,28,-5.7,-33.85098,256.5161
38.93896,21.12713,-34.68325,300.0173,-3.399637,2.787195,0.1139555,-0.08002368,0.04566225,-0.03145912,-0.9952495,-3.462997,2.767594,0.1143934,0.08109374,-0.123506,0.9890248,27,5.7,-14.94789,122.0136,28,-5.7,-33.62022,254.8742
38.96326,NaN,NaN,NaN,-3.154775,2.79726,0.1144629,-0.08088704,0.0458944,-0.03779284,-0.9949486,-3.223535,2.772705,0.1141267,0.07613119,-0.12426,0.9893247,27,5.7,-14.6262,119.7246,28,-5.7,-33.29852,252.5852
38.98059,25.065,-46.68544,374.965,-3.0189,2.803857,0.1152072,-0.0811646,0.04564305,-0.0412798,-0.994799,-3.076362,2.781107,0.114272,0.07422294,-0.1304682,0.9886703,27,5.7,-14.39787,118.1,28,-5.7,-33.07019,250.9605
39.005,NaN,NaN,NaN,-2.729349,2.817068,0.1156364,-0.08172613,0.04496982,-0.04777613,-0.9944928,-2.818984,2.781107,0.114272,0.07422294,-0.1304682,0.9886703,27,5.7,-14.07456,115.7995,28,-5.7,-32.74688,248.6601
39.02234,21.59101,-36.33088,293.8391,-2.573278,2.82364,0.1157776,-0.08147869,0.0449639,-0.0499612,-0.994406,-2.64937,2.792446,0.1147934,0.08153284,-0.1315918,0.9879454,27,5.7,-13.84524,114.1678,28,-5.7,-32.51756,247.0284
39.03906,21.42498,-35.83204,290.0939,-2.412356,2.830833,0.1160364,-0.0821428,0.0455454,-0.05227501,-0.994206,-2.506328,2.792446,0.1147934,0.08153284,-0.1315918,0.9879454,27,5.7,-13.62433,112.596,28,-5.7,-32.29665,245.4566
39.06079,21.9404,-36.38173,287.3929,-2.078071,2.845075,0.116786,-0.08108733,0.04611618,-0.05472823,-0.9941343,-2.1736,2.806447,0.1151868,0.0828833,-0.1346954,0.9874146,27,5.7,-13.33672,110.5496,28,-5.7,-32.00904,243.4101
39.07788,20.58103,-36.15622,286.4811,-1.899441,2.851985,0.117343,-0.07960157,0.0459163,-0.05459645,-0.9942709,-1.975024,2.822286,0.1156999,0.07781038,-0.134462,0.9878591,27,5.7,-13.11096,108.9431,28,-5.7,-31.78328,241.8037
39.10315,20.77585,-35.92326,284.7697,-1.528606,2.865443,0.1187722,-0.07630473,0.04478527,-0.05527234,-0.9945436,-1.645393,2.822286,0.1156999,0.07781038,-0.134462,0.9878591,27,5.7,-12.77631,106.562,28,-5.7,-31.44863,239.4225
39.11963,20.60643,-35.14445,282.8409,-1.33645,2.872216,0.119452,-0.07629396,0.0431776,-0.05496452,-0.9946325,-1.430959,2.839037,0.1167121,0.07702304,-0.1327564,0.9881514,27,5.7,-12.55943,105.0188,28,-5.7,-31.23175,237.8794
39.14441,NaN,NaN,NaN,-0.9406192,2.885594,0.121112,-0.07583158,0.04102725,-0.055244,-0.9947434,-1.031993,2.855723,0.1179882,0.074633,-0.1386855,0.9875203,27,5.7,-12.23196,102.6887,28,-5.7,-30.90428,235.5493
39.16138,NaN,NaN,NaN,-0.7352133,2.892373,0.1222636,-0.07584801,0.03955709,-0.05463371,-0.9948354,-0.8494095,2.855723,0.1179882,0.074633,-0.1386855,0.9875203,27,5.7,-12.00636,101.0835,28,-5.7,-30.67868,233.9441
39.18604,NaN,NaN,NaN,-0.316162,2.904509,0.124334,-0.07607464,0.03640196,-0.0533716,-0.9950071,-0.4266549,2.871972,0.1195678,0.07728238,-0.1378803,0.9874293,27,5.7,-11.68098,98.76831,28,-5.7,-30.3533,231.6289
39.20398,NaN,NaN,NaN,-0.1027726,2.910592,0.1258077,-0.07751611,0.03465056,-0.05408888,-0.9949196,-0.2369754,2.871972,0.1195678,0.07728238,-0.1378803,0.9874293,27,5.7,-11.44405,97.08247,28,-5.7,-30.11637,229.943
39.22778,NaN,NaN,NaN,0.3276719,2.921661,0.1285951,-0.07949111,0.03117521,-0.05409017,-0.9948786,0.1985399,2.887776,0.1217896,0.07136781,-0.1394573,0.987653,27,5.7,-11.12981,94.84657,28,-5.7,-29.80214,227.7071
39.24512,NaN,NaN,NaN,0.5499389,2.927248,0.1300784,-0.08063152,0.02971388,-0.05410323,-0.9948309,0.4510823,2.902661,0.1246716,0.07291481,-0.1441926,0.9868596,27,5.7,-10.90033,93.21375,28,-5.7,-29.57266,226.0743
39.27002,NaN,NaN,NaN,0.9979305,2.93803,0.1335595,-0.08200098,0.02658911,-0.05487452,-0.9947651,0.8492971,2.902661,0.1246716,0.07291481,-0.1441926,0.9868596,27,5.7,-10.57076,90.86868,28,-5.7,-29.24308,223.7292
39.28674,23.21124,-39.4256,280.887,1.226535,2.942546,0.1353868,-0.08230667,0.02499481,-0.05584029,-0.9947276,1.10983,2.91666,0.1276603,0.0776051,-0.1486772,0.9858359,27,5.7,-10.34887,89.28991,28,-5.7,-29.0212,222.1505
39.31128,12.85,-21.94187,160.7747,1.683796,2.950887,0.1389639,-0.08459456,0.0224134,-0.05854907,-0.9944413,1.575139,2.929827,0.1312692,0.06919302,-0.1526359,0.9858573,27,5.7,-10.02546,86.98871,28,-5.7,-28.69779,219.8492
39.32861,13.04388,-21.91089,160.5746,1.917704,2.953283,0.1406474,-0.08471739,0.02159899,-0.05993663,-0.9943662,1.783057,2.929827,0.1312692,0.06919302,-0.1526359,0.9858573,27,5.7,-9.796282,85.35802,28,-5.7,-28.46861,218.2186
39.35327,16.61225,-31.27479,222.891,2.380297,2.959763,0.1443461,-0.09035099,0.01896421,-0.06067817,-0.9938788,2.254536,2.941456,0.135451,0.0635789,-0.1515166,0.9864078,27,5.7,-9.470432,83.03947,28,-5.7,-28.14276,215.9
39.37109,16.81976,-31.27485,222.8914,2.613714,2.961559,0.1461787,-0.09055781,0.01775086,-0.0615787,-0.9938271,2.462018,2.941456,0.135451,0.0635789,-0.1515166,0.9864078,27,5.7,-9.234751,81.36251,28,-5.7,-27.90708,214.2231
39.39478,11.6227,-20.92008,149.2134,3.080327,2.964259,0.1502966,-0.09029191,0.01625424,-0.06389761,-0.9937305,2.937879,2.95067,0.1396754,0.05743073,-0.1578519,0.9857913,27,5.7,-8.920794,79.12859,28,-5.7,-27.59312,211.9891
39.41235,10.73612,-16.70022,119.1877,3.314532,2.964478,0.1522788,-0.08910194,0.01513145,-0.06360944,-0.9938741,3.207659,2.957567,0.1440127,0.06227506,-0.1626083,0.9847235,27,5.7,-8.688606,77.47649,28,-5.7,-27.36093,210.337
39.43689,11.1511,-16.70023,119.1878,3.781379,2.963852,0.1562946,-0.08850405,0.01312053,-0.06158716,-0.9940835,3.622633,2.957567,0.1440127,0.06227506,-0.1626083,0.9847235,27,5.7,-8.36362,75.16409,28,-5.7,-27.03594,208.0246
39.45422,12.85,-21.9475,158.8658,4.019365,2.963184,0.1583337,-0.0894566,0.01247318,-0.06087503,-0.9940504,3.896158,2.961734,0.1486368,0.05564529,-0.154803,0.9863771,27,5.7,-8.135779,73.54292,28,-5.7,-26.8081,206.4035
39.47839,13.01872,-19.2378,141.5546,4.48872,2.961038,0.1630011,-0.09140308,0.01110892,-0.06207009,-0.9938155,4.375858,2.962901,0.153172,0.06027338,-0.1548227,0.9861019,27,5.7,-7.815854,71.26653,28,-5.7,-26.48818,204.1271
39.49573,15.47493,-25.01584,178.3563,4.721348,2.958711,0.1654586,-0.09163928,0.01086182,-0.06202452,-0.9937994,4.582638,2.962901,0.153172,0.06027338,-0.1548227,0.9861019,27,5.7,-7.585752,69.62926,28,-5.7,-26.25807,202.4898
39.52014,12.85,-18.34151,133.3266,5.181684,2.953951,0.1711324,-0.09190007,0.01134303,-0.06059445,-0.9938582,5.054161,2.961882,0.1583683,0.05770992,-0.1577017,0.985799,27,5.7,-7.263117,67.3336,28,-5.7,-25.93544,200.1942
39.53796,12.85,-17.79631,129.9186,5.406135,2.951834,0.1744444,-0.09110285,0.01143915,-0.05914824,-0.9940177,5.253672,2.961882,0.1583683,0.05770992,-0.1577017,0.985799,27,5.7,-7.028477,65.66405,28,-5.7,-25.7008,198.5246
39.56201,12.7717,-19.58485,139.7128,5.855094,2.946049,0.1812237,-0.08820406,0.01354323,-0.05709225,-0.9943728,5.714852,2.9585,0.1641343,0.04985978,-0.1592789,0.9859738,27,5.7,-6.710329,63.40031,28,-5.7,-25.38265,196.2609
39.5791,12.85,-23.1898,168.9413,6.073822,2.94334,0.1849635,-0.08789456,0.01461135,-0.05497651,-0.9945042,5.970509,2.95356,0.1709002,0.04024937,-0.1529551,0.9874132,27,5.7,-6.483801,61.78848,28,-5.7,-25.15612,194.649
39.59583,12.85,-22.44876,164.1574,6.293198,2.939667,0.1883177,-0.08770546,0.01622565,-0.05263356,-0.9946227,6.16551,2.95356,0.1709002,0.04024937,-0.1529551,0.9874132,27,5.7,-6.262933,60.21692,28,-5.7,-24.93526,193.0775
39.61768,11.83265,-21.76007,155.1903,6.72469,2.932028,0.1951878,-0.09033148,0.01953761,-0.05086752,-0.9944199,6.609049,2.947368,0.1786666,0.03325964,-0.1573169,0.9869879,27,5.7,-5.974841,58.16704,28,-5.7,-24.64716,191.0276
39.63525,12.01764,-21.76006,155.1902,6.93281,2.929319,0.1989307,-0.09162995,0.02102722,-0.05030845,-0.9942992,6.794044,2.947368,0.1786666,0.03325964,-0.1573169,0.9869879,27,5.7,-5.741282,56.50518,28,-5.7,-24.4136,189.3657
39.65173,10.53258,-19.16113,136.6979,7.141251,2.9267,0.2031551,-0.09283027,0.02222294,-0.04881083,-0.9942365,7.038034,2.93974,0.1868631,0.02526185,-0.1597661,0.9868316,27,5.7,-5.524299,54.96127,28,-5.7,-24.19662,187.8218
39.67346,9.609986,-15.92618,113.68,7.557039,2.91999,0.2107969,-0.09255634,0.02279721,-0.04425296,-0.9944624,7.464802,2.931746,0.1954437,0.0186439,-0.1638954,0.9863015,27,5.7,-5.236091,52.91056,28,-5.7,-23.90841,185.7711
39.69043,9.795292,-15.92618,113.6801,7.765508,2.915664,0.2141456,-0.09195075,0.02297535,-0.04584271,-0.9944425,7.650107,2.931746,0.1954437,0.0186439,-0.1638954,0.9863015,27,5.7,-5.011954,51.31574,28,-5.7,-23.68428,184.1763
39.7074,9.638855,-17.90021,127.726,7.971134,2.911372,0.2171439,-0.09388787,0.02491074,-0.05111735,-0.9939575,7.888755,2.923786,0.2042584,0.01354328,-0.1611482,0.9868373,27,5.7,-4.788535,49.72603,28,-5.7,-23.46086,182.5866
39.729,9.995082,-17.90023,127.7261,8.371887,2.902473,0.223789,-0.09536238,0.02830312,-0.05482882,-0.9935284,8.24498,2.923786,0.2042584,0.01354328,-0.1611482,0.9868373,27,5.7,-4.502265,47.68912,28,-5.7,-23.17459,180.5497
39.74622,9.030882,-15.5419,110.9457,8.567149,2.897307,0.2271199,-0.09419554,0.03041853,-0.05249738,-0.9937032,8.473774,2.915024,0.2129211,0.004962561,-0.1644096,0.9863797,27,5.7,-4.27417,46.06614,28,-5.7,-22.94649,178.9267
39.76306,9.200403,-15.5419,110.9457,8.757861,2.892324,0.2303999,-0.09259788,0.03223383,-0.04989693,-0.9939301,8.643295,2.915024,0.2129211,0.004962561,-0.1644096,0.9863797,27,5.7,-4.051399,44.48104,28,-5.7,-22.72372,177.3416
39.78491,8.813595,-13.73723,98.1048,9.129402,2.882757,0.2365142,-0.09086595,0.03523741,-0.04764738,-0.9940983,9.027502,2.904775,0.221081,-0.002154433,-0.1676124,0.9858506,27,5.7,-3.763369,42.4316,28,-5.7,-22.43569,175.2922
39.80261,8.969388,-13.73723,98.1048,9.304671,2.877744,0.2392643,-0.09050959,0.03595855,-0.04714617,-0.9941289,9.183296,2.904775,0.221081,-0.002154433,-0.1676124,0.9858506,27,5.7,-3.529268,40.76588,28,-5.7,-22.20159,173.6264
39.82654,8.515663,-13.9091,99.32777,9.633183,2.867901,0.2446566,-0.09043863,0.03756747,-0.04541777,-0.9941564,9.527187,2.893445,0.2288187,-0.01006311,-0.1671589,0.9858786,27,5.7,-3.212378,38.5111,28,-5.7,-21.8847,171.3716
39.84363,8.093655,-13.8593,98.97337,9.786241,2.863547,0.2476227,-0.09103056,0.03809948,-0.04449406,-0.9941238,9.712181,2.881734,0.2359141,-0.01615948,-0.1671434,0.9858002,27,5.7,-2.986037,36.90059,28,-5.7,-21.65836,169.7611
39.8689,8.349648,-13.8593,98.97338,10.07423,2.854093,0.2526472,-0.09422716,0.03596238,-0.04060597,-0.994072,9.968174,2.881734,0.2359141,-0.01615948,-0.1671434,0.9858002,27,5.7,-2.652557,34.52776,28,-5.7,-21.32488,167.3883
39.8855,7.627221,-13.05305,93.23661,10.20138,2.850739,0.2551768,-0.09862181,0.03252205,-0.03752361,-0.9938854,10.12652,2.870078,0.2428665,-0.02648116,-0.1687125,0.9853095,27,5.7,-2.433298,32.96766,28,-5.7,-21.10562,165.8282
39.91003,8.068844,-11.10105,79.34749,10.44115,2.844342,0.2606322,-0.1021119,0.02867255,-0.0354543,-0.9937274,10.38049,2.858942,0.2493353,-0.02876839,-0.1737314,0.9843728,27,5.7,-2.108776,30.65856,28,-5.7,-20.7811,163.5191
39.92737,8.165599,-11.10105,79.34749,10.55,2.841862,0.2638859,-0.1009579,0.02796066,-0.03655994,-0.9938255,10.47725,2.858942,0.2493353,-0.02876839,-0.1737314,0.9843728,27,5.7,-1.880236,29.03241,28,-5.7,-20.55256,161.893
39.95178,8.611875,-9.011051,64.47638,10.74575,2.836792,0.2696403,-0.09873166,0.02521762,-0.0346318,-0.9941916,10.68741,2.849392,0.255555,-0.03176535,-0.1815194,0.9828742,27,5.7,-1.556488,26.72882,28,-5.7,-20.22881,159.5894
39.96997,8.688272,-9.01105,64.47638,10.83169,2.83379,0.2718921,-0.1001924,0.02385757,-0.03441924,-0.9940863,10.76381,2.849392,0.255555,-0.03176535,-0.1815194,0.9828742,27,5.7,-1.315891,25.01689,28,-5.7,-19.98821,157.8774
39.99365,8.335571,-9.012932,64.48977,10.97569,2.829515,0.2766935,-0.105941,0.01938818,-0.03020588,-0.9937245,10.92293,2.841941,0.2623327,-0.03958411,-0.1813682,0.9826183,27,5.7,-1.003003,22.79058,28,-5.7,-19.67532,155.6511
40.01099,8.162689,-8.509708,60.90915,11.02829,2.828918,0.2799201,-0.1056102,0.0169455,-0.02580991,-0.9939282,10.99585,2.835524,0.2689376,-0.04587573,-0.1837064,0.98191,27,5.7,-0.7743233,21.16344,28,-5.7,-19.44664,154.024
40.03613,8.241568,-8.509711,60.90917,11.11703,2.82724,0.2858488,-0.1002771,0.01281642,-0.01945429,-0.9946868,11.07473,2.835524,0.2689376,-0.04587573,-0.1837064,0.98191,27,5.7,-0.4409886,18.79164,28,-5.7,-19.11331,151.6522
40.05286,7.692267,-8.32852,59.61993,11.1469,2.825818,0.288277,-0.0967043,0.01140741,-0.01834418,-0.9950787,11.12211,2.830407,0.2752756,-0.05670847,-0.1844999,0.9811952,27,5.7,-0.2200059,17.21926,28,-5.7,-18.89233,150.0798
40.07703,1.039952,-18.00644,128.4819,11.1868,2.823015,0.2925721,-0.09511685,0.009538323,-0.01759736,-0.9952649,11.17279,2.827255,0.2819016,-0.07777952,-0.1599192,0.9840611,27,5.7,0.09960257,14.94513,28,-5.7,-18.57272,147.8057
40.09473,1.045436,-18.00646,128.4819,11.19298,2.820851,0.2944419,-0.09537364,0.01033691,-0.01889005,-0.9952087,11.17828,2.827255,0.2819016,-0.07777952,-0.1599192,0.9840611,27,5.7,0.3329074,13.28508,28,-5.7,-18.33941,146.1456
40.1189,NaN,NaN,NaN,11.18056,2.818767,0.29842,-0.09768801,0.01019873,-0.01533344,-0.9950467,11.17671,2.824224,0.2881063,-0.09994397,-0.1374866,0.9854484,27,5.7,0.6522183,11.01307,28,-5.7,-18.0201,143.8736
40.13721,NaN,NaN,NaN,11.15925,2.817549,0.3004873,-0.09623867,0.01030139,-0.01219554,-0.9952303,11.15776,2.824224,0.2881063,-0.09994397,-0.1374866,0.9854484,27,5.7,0.8941935,9.291323,28,-5.7,-17.77813,142.1519
40.16064,NaN,NaN,NaN,11.09899,2.815489,0.3046557,-0.09051637,0.009784117,-0.006002703,-0.9958288,11.1084,2.820862,0.2933964,-0.09985653,-0.1363198,0.9856194,27,5.7,1.205382,7.077099,28,-5.7,-17.46694,139.9377
40.17859,NaN,NaN,NaN,11.05576,2.814628,0.3064603,-0.08776363,0.009632103,-0.003807174,-0.9960875,11.06897,2.817776,0.2982626,-0.1065942,-0.1349649,0.9851001,27,5.7,1.441522,5.396882,28,-5.7,-17.2308,138.2574
40.20325,NaN,NaN,NaN,10.941,2.813864,0.3096313,-0.08653863,0.007334881,0.003135136,-0.9962166,10.96696,2.817776,0.2982626,-0.1065942,-0.1349649,0.9851001,27,5.7,1.767844,3.074977,28,-5.7,-16.90447,135.9355
40.21997,NaN,NaN,NaN,10.86652,2.814441,0.3113283,-0.08648996,0.005390152,0.006413271,-0.9962175,10.8945,2.815181,0.3030332,-0.1071913,-0.1296202,0.9857528,27,5.7,1.989712,1.496307,28,-5.7,-16.68261,134.3569
40.24402,NaN,NaN,NaN,10.69898,2.816582,0.3146029,-0.08502504,0.0001696423,0.01401498,-0.9962803,10.73349,2.813609,0.3073897,-0.1050973,-0.1297364,0.985963,28,-5.7,-16.36476,132.0952,29,5.7,-34.83859,263.5432
40.26184,NaN,NaN,NaN,10.59817,2.819385,0.3159637,-0.08515064,-0.003099658,0.01708955,-0.9962167,10.64388,2.813609,0.3073897,-0.1050973,-0.1297364,0.985963,28,-5.7,-16.12945,130.421,29,5.7,-34.60329,261.869
40.28601,NaN,NaN,NaN,10.37903,2.8234,0.3176577,-0.08628401,-0.007448302,0.01963397,-0.9960493,10.43135,2.814176,0.31142,-0.1005144,-0.1366705,0.985504,28,-5.7,-15.81077,128.1534,29,5.7,-34.2846,259.6014
40.30432,NaN,NaN,NaN,10.25498,2.825877,0.3180791,-0.08851125,-0.007624015,0.01818226,-0.9958801,10.32108,2.814176,0.31142,-0.1005144,-0.1366705,0.985504,28,-5.7,-15.56823,126.4276,29,5.7,-34.04206,257.8757
40.32764,NaN,NaN,NaN,9.990527,2.832345,0.3182436,-0.09314869,-0.006624952,0.01737259,-0.9954786,10.06263,2.817136,0.3151997,-0.1044409,-0.1380709,0.9849002,28,-5.7,-15.2599,124.2338,29,5.7,-33.73373,255.6818
40.34717,NaN,NaN,NaN,9.843119,2.836294,0.3177853,-0.09483373,-0.005745814,0.01977374,-0.9952802,9.902967,2.822192,0.3173205,-0.1042166,-0.1416125,0.984421,28,-5.7,-15.00206,122.3991,29,5.7,-33.47589,253.8472
40.36987,NaN,NaN,NaN,9.5335,2.843858,0.3159381,-0.09594713,-0.004076757,0.02392354,-0.9950906,9.62775,2.822192,0.3173205,-0.1042166,-0.1416125,0.984421,28,-5.7,-14.70051,120.2535,29,5.7,-33.17434,251.7015
40.38647,NaN,NaN,NaN,9.367336,2.847987,0.3146175,-0.09474164,-0.003110126,0.02567954,-0.9951658,9.446339,2.829219,0.3178935,-0.1139948,-0.1433204,0.9830893,28,-5.7,-14.48224,118.7004,29,5.7,-32.95607,250.1485
40.41113,NaN,NaN,NaN,9.029368,2.855386,0.3110381,-0.09294931,0.0005341843,0.02465635,-0.9953654,9.107463,2.837752,0.3168498,-0.1176086,-0.1397686,0.9831749,28,-5.7,-14.15512,116.3729,29,5.7,-32.62896,247.8209
40.42822,NaN,NaN,NaN,8.849619,2.858635,0.3085906,-0.09280799,0.00180421,0.02353122,-0.9954043,8.947686,2.837752,0.3168498,-0.1176086,-0.1397686,0.9831749,28,-5.7,-13.9298,114.7696,29,5.7,-32.40363,246.2177
40.453,NaN,NaN,NaN,8.47095,2.865574,0.3029204,-0.09455014,0.001908839,0.02587123,-0.9951821,8.568812,2.846902,0.3144387,-0.1218355,-0.138562,0.9828309,28,-5.7,-13.60155,112.434,29,5.7,-32.07538,243.882
40.47083,NaN,NaN,NaN,8.270638,2.869126,0.3000102,-0.09504867,0.001094148,0.02820945,-0.9950722,8.390758,2.846902,0.3144387,-0.1218355,-0.138562,0.9828309,28,-5.7,-13.36603,110.7582,29,5.7,-31.83986,242.2062
40.49487,NaN,NaN,NaN,7.85825,2.876796,0.2941388,-0.0938388,-9.144843E-05,0.0306726,-0.9951148,7.97804,2.855727,0.3095529,-0.1170837,-0.1393655,0.9832948,28,-5.7,-13.04784,108.4941,29,5.7,-31.52168,239.9422
40.51196,NaN,NaN,NaN,7.643867,2.880857,0.2911033,-0.09246328,-0.001061387,0.03113976,-0.9952285,7.737534,2.864249,0.3032025,-0.1073357,-0.1409,0.9841881,28,-5.7,-12.82301,106.8944,29,5.7,-31.29685,238.3425
40.53687,NaN,NaN,NaN,7.209594,2.888109,0.2850726,-0.09102345,-0.002042532,0.02914123,-0.9954202,7.351514,2.864249,0.3032025,-0.1073357,-0.1409,0.9841881,28,-5.7,-12.49401,104.5534,29,5.7,-30.96784,236.0015
40.55371,NaN,NaN,NaN,6.981407,2.892489,0.2820326,-0.09143678,-0.00250259,0.02862312,-0.9953963,7.09552,2.872956,0.2965686,-0.1058663,-0.1416796,0.9842353,28,-5.7,-12.27065,102.9642,29,5.7,-30.74449,234.4123
40.57825,NaN,NaN,NaN,6.512468,2.901328,0.2750788,-0.09254376,-0.003264859,0.03146995,-0.9952059,6.622251,2.882056,0.2894145,-0.1051969,-0.1402929,0.9845058,28,-5.7,-11.94667,100.6589,29,5.7,-30.42051,232.107
40.59521,NaN,NaN,NaN,6.271472,2.905873,0.271328,-0.09536563,-0.003549598,0.03385512,-0.9948601,6.408031,2.882056,0.2894145,-0.1051969,-0.1402929,0.9845058,28,-5.7,-11.72138,99.05588,29,5.7,-30.19521,230.504
40.6123,NaN,NaN,NaN,6.029503,2.910184,0.2674436,-0.09668656,-0.003414817,0.03367272,-0.9947393,6.133172,2.89196,0.281548,-0.1089244,-0.1449098,0.983431,28,-5.7,-11.49663,97.45673,29,5.7,-29.97047,228.9048
40.63416,NaN,NaN,NaN,5.538271,2.91897,0.2597951,-0.09784874,-0.003228545,0.03229143,-0.9946721,5.696521,2.89196,0.281548,-0.1089244,-0.1449098,0.983431,28,-5.7,-11.20625,95.39053,29,5.7,-29.68008,226.8386
40.651,-25.29232,-37.88287,269.9098,5.286022,2.923208,0.2556189,-0.09722909,-0.002808973,0.03128146,-0.9947664,5.409746,2.90234,0.2730266,-0.1118771,-0.1486197,0.9825456,28,-5.7,-10.98497,93.81606,29,5.7,-29.4588,225.2641
40.66809,-25.51777,-37.88292,269.9102,5.032437,2.927381,0.2513802,-0.09653366,-0.002201006,0.03104965,-0.9948429,5.184337,2.90234,0.2730266,-0.1118771,-0.1486197,0.9825456,28,-5.7,-10.75877,92.20659,29,5.7,-29.23261,223.6546
40.68958,-21.59023,-32.10046,228.7659,4.523818,2.935301,0.2430431,-0.09711694,-0.0007067472,0.03076105,-0.9947972,4.667425,2.912755,0.2635287,-0.1128605,-0.1504936,0.9821478,28,-5.7,-10.47398,90.1802,29,5.7,-28.94782,221.6283
40.70679,-39.80788,-53.47072,380.8232,4.265124,2.938807,0.238659,-0.09827928,0.0004536584,0.03125706,-0.9946678,4.37131,2.923053,0.2541653,-0.1140835,-0.1456251,0.9827402,28,-5.7,-10.24741,88.56806,29,5.7,-28.72125,220.0161
40.73132,-40.2684,-53.47072,380.8232,3.747042,2.945145,0.2300053,-0.09979139,0.00192751,0.03398925,-0.9944259,3.910792,2.923053,0.2541653,-0.1140835,-0.1456251,0.9827402,28,-5.7,-9.922345,86.25512,29,5.7,-28.39618,217.7032
40.74854,-30.24347,-41.32905,294.4307,3.48617,2.94832,0.225872,-0.09963994,0.001710624,0.03653204,-0.9943513,3.611387,2.932584,0.244316,-0.113069,-0.1478258,0.9825289,28,-5.7,-9.694875,84.63658,29,5.7,-28.16871,216.0846
40.77319,-21.29538,-32.95369,234.8369,2.958958,2.953304,0.2164419,-0.09913445,0.0007614644,0.04066102,-0.9942427,3.073936,2.940935,0.2337551,-0.1021426,-0.1504504,0.9833267,28,-5.7,-9.369014,82.31796,29,5.7,-27.84285,213.766
40.79041,-21.53208,-32.95371,234.8371,2.692685,2.955155,0.2116089,-0.09925323,-0.0001949593,0.04242941,-0.9941572,2.837249,2.940935,0.2337551,-0.1021426,-0.1504504,0.9833267,28,-5.7,-9.141592,80.69977,29,5.7,-27.61543,212.1478
40.81506,-21.43315,-32.83842,234.0168,2.165054,2.958317,0.202498,-0.1005018,-0.00131052,0.04292633,-0.9940096,2.298556,2.948028,0.222778,-0.09983692,-0.1505501,0.9835483,28,-5.7,-8.815919,78.38248,29,5.7,-27.28976,209.8305
40.83215,-21.66818,-32.83844,234.0169,1.90066,2.959737,0.1979756,-0.09962491,-0.001915991,0.04313135,-0.994088,2.063539,2.948028,0.222778,-0.09983692,-0.1505501,0.9835483,28,-5.7,-8.58964,76.77243,29,5.7,-27.06348,208.2205
40.85657,-20.27363,-31.40376,223.8086,1.372085,2.962063,0.1893087,-0.09810232,-0.004211307,0.0451483,-0.9941428,1.523814,2.953393,0.2120949,-0.09591053,-0.1511743,0.9838432,28,-5.7,-8.265702,74.46749,29,5.7,-26.73954,205.9155
40.87402,-12.85,-20.43019,148.2495,1.106743,2.963242,0.1852784,-0.09658309,-0.005626738,0.04590251,-0.9942499,1.217682,2.957379,0.2011782,-0.09344625,-0.1553547,0.9834291,28,-5.7,-8.034941,72.82554,29,5.7,-26.50878,204.2736
40.89844,-12.85,-19.65212,143.3242,0.5802357,2.965584,0.1776867,-0.0935048,-0.006996281,0.04557598,-0.9945505,0.749676,2.957379,0.2011782,-0.09344625,-0.1553547,0.9834291,28,-5.7,-7.712913,70.53419,29,5.7,-26.18675,201.9822
40.91565,-26.44678,-34.83717,248.2385,0.3164888,2.964567,0.1734617,-0.09172571,-0.006972715,0.04467336,-0.9947573,0.4449586,2.960597,0.1909468,-0.1065661,-0.1497843,0.9829589,28,-5.7,-7.48459,68.90958,29,5.7,-25.95843,200.3576
40.94019,-21.14819,-27.31919,194.7454,-0.2083977,2.962929,0.1650492,-0.09197845,-0.008102931,0.04510432,-0.994706,-0.09193677,2.962808,0.1809506,-0.1063289,-0.1529166,0.9825023,28,-5.7,-7.16063,66.60449,29,5.7,-25.63447,198.0525
40.95752,-21.37882,-27.31917,194.7453,-0.4678739,2.963076,0.1617936,-0.09230586,-0.008556009,0.04535127,-0.9946607,-0.3225823,2.962808,0.1809506,-0.1063289,-0.1529166,0.9825023,28,-5.7,-6.931479,64.974,29,5.7,-25.40532,196.422
40.98206,-16.56855,-20.77947,148.2129,-0.9834283,2.961655,0.1553834,-0.0902893,-0.009852447,0.04836971,-0.9946915,-0.8509117,2.962931,0.1712235,-0.1042594,-0.1574899,0.9820015,28,-5.7,-6.607814,62.67101,29,5.7,-25.08165,194.119
40.99939,-16.79649,-20.77949,148.213,-1.239851,2.959751,0.1520171,-0.09076392,-0.01073663,0.0494938,-0.9945839,-1.078843,2.962931,0.1712235,-0.1042594,-0.1574899,0.9820015,28,-5.7,-6.378738,61.04105,29,5.7,-24.85258,192.4891
41.02393,-16.40175,-19.79891,141.2358,-1.741293,2.956357,0.1458082,-0.08991844,-0.01177408,0.04831611,-0.9947067,-1.593889,2.962049,0.162496,-0.1030736,-0.1584332,0.981975,28,-5.7,-6.054001,58.73042,29,5.7,-24.52784,190.1785
41.04102,-16.40787,-20.32891,145.007,-1.991958,2.953082,0.1427716,-0.08918137,-0.01294138,0.04806754,-0.9947706,-1.885111,2.959631,0.1543226,-0.09850617,-0.1579635,0.9825193,28,-5.7,-5.827499,57.11877,29,5.7,-24.30134,188.5668
41.06555,-16.84131,-20.32893,145.0071,-2.479569,2.948141,0.1374651,-0.08996901,-0.01430972,0.04539815,-0.9948064,-2.318544,2.959631,0.1543226,-0.09850617,-0.1579635,0.9825193,28,-5.7,-5.502941,54.80943,29,5.7,-23.97678,186.2575
41.08301,-12.85,-14.45999,105.2708,-2.719383,2.946258,0.1352856,-0.09023561,-0.01485471,0.04383466,-0.9948444,-2.599082,2.955445,0.1468887,-0.09575939,-0.162687,0.9820199,28,-5.7,-5.272839,53.17216,29,5.7,-23.74668,184.6202
41.10742,-12.85,-14.27239,104.0519,-3.193319,2.94066,0.1309405,-0.08939785,-0.0147374,0.04098897,-0.9950431,-3.085906,2.950065,0.1398002,-0.09230461,-0.162812,0.98233,28,-5.7,-4.9505,50.8786,29,5.7,-23.42434,182.3266
41.12476,-12.85,-13.90777,101.852,-3.425874,2.937114,0.1288866,-0.09008603,-0.0145241,0.03938949,-0.9950488,-3.292622,2.950065,0.1398002,-0.09230461,-0.162812,0.98233,28,-5.7,-4.72018,49.23979,29,5.7,-23.19402,180.6878
41.14905,-12.85,-13.28578,97.30026,-3.883861,2.930373,0.125284,-0.09356322,-0.01412682,0.03571971,-0.9948721,-3.764032,2.943967,0.1341085,-0.09184205,-0.1640522,0.982167,28,-5.7,-4.398858,46.95347,29,5.7,-22.8727,178.4015
41.16638,-12.85,-12.93154,95.17947,-4.106963,2.927215,0.1237907,-0.09621576,-0.0134216,0.03396422,-0.9946903,-3.962346,2.943967,0.1341085,-0.09184205,-0.1640522,0.982167,28,-5.7,-4.1701,45.32577,29,5.7,-22.64394,176.7738
41.1908,-12.85,-12.59674,90.7516,-4.544302,2.920161,0.1209633,-0.09791753,-0.0111472,0.03014399,-0.9946755,-4.413813,2.936699,0.1292347,-0.09136973,-0.1682379,0.9815028,28,-5.7,-3.84726,43.02865,29,5.7,-22.3211,174.4767
41.20813,-11.66914,-10.83568,77.45922,-4.757251,2.916203,0.1199224,-0.09966736,-0.009657472,0.02920383,-0.9945453,-4.663877,2.928864,0.1250217,-0.08883006,-0.174541,0.9806348,28,-5.7,-3.61817,41.39859,29,5.7,-22.09201,172.8466
41.23254,-12.04001,-10.83569,77.45927,-5.174471,2.908931,0.1180416,-0.1004254,-0.006861322,0.02685905,-0.9945583,-5.03474,2.928864,0.1250217,-0.08883006,-0.174541,0.9806348,28,-5.7,-3.294793,39.09764,29,5.7,-21.76863,170.5457
41.24963,-12.12647,-10.64879,76.12939,-5.374689,2.904512,0.1168872,-0.101723,-0.005108446,0.02578458,-0.9944655,-5.271412,2.920556,0.1215565,-0.08843721,-0.1750583,0.9805781,28,-5.7,-3.06893,37.49054,29,5.7,-21.54277,168.9386
41.27429,-11.9748,-10.24283,73.24088,-5.766549,2.896001,0.1147961,-0.1025049,-0.0009814501,0.02204314,-0.9944878,-5.675795,2.911649,0.1185011,-0.08447919,-0.1764217,0.9806827,28,-5.7,-2.742951,35.17108,29,5.7,-21.21679,166.6191
41.29163,-12.14429,-10.24283,73.24087,-5.957232,2.89144,0.113908,-0.1020482,0.0008675456,0.02023042,-0.9945734,-5.84529,2.911649,0.1185011,-0.08447919,-0.1764217,0.9806827,28,-5.7,-2.514891,33.54834,29,5.7,-20.98873,164.9964
41.30847,-11.41854,-9.2045,65.85275,-6.142531,2.886579,0.1129941,-0.1019467,0.002630785,0.01908518,-0.9946033,-6.06428,2.901939,0.1161269,-0.07984731,-0.1805416,0.9803209,28,-5.7,-2.291279,31.95726,29,5.7,-20.76512,163.4053
41.33008,-11.73857,-9.204501,65.85276,-6.502557,2.876806,0.1115053,-0.1028163,0.005405061,0.01769658,-0.9945282,-6.384303,2.901939,0.1161269,-0.07984731,-0.1805416,0.9803209,28,-5.7,-2.005691,29.9252,29,5.7,-20.47953,161.3733
41.34741,-11.6269,-8.723027,62.4269,-6.672273,2.871564,0.1107791,-0.1032334,0.006568559,0.01684877,-0.9944928,-6.586986,2.891417,0.1141337,-0.07926137,-0.1826573,0.9799765,28,-5.7,-1.776026,28.29105,29,5.7,-20.24987,159.7391
41.36401,-11.77092,-8.723022,62.42686,-6.834302,2.866551,0.1097686,-0.104422,0.008094281,0.01463686,-0.9943924,-6.731011,2.891417,0.1141337,-0.07926137,-0.1826573,0.9799765,28,-5.7,-1.556952,26.73225,29,5.7,-20.03079,158.1803
41.38599,-11.79794,-8.733562,62.50185,-7.146277,2.857326,0.1082709,-0.1061652,0.01075739,0.01099598,-0.9942296,-7.057256,2.87999,0.1121922,-0.07449433,-0.1824935,0.980381,28,-5.7,-1.267254,24.67095,29,5.7,-19.7411,156.119
41.40381,-11.92893,-8.733562,62.50185,-7.293638,2.853184,0.1081462,-0.104407,0.01208894,0.009796403,-0.994413,-7.188243,2.87999,0.1121922,-0.07449433,-0.1824935,0.980381,28,-5.7,-1.030807,22.98854,29,5.7,-19.50465,154.4366
41.41968,-11.69652,-8.85279,63.3502,-7.436962,2.848766,0.1078355,-0.1021151,0.01289277,0.009692681,-0.9946418,-7.361089,2.868161,0.1101273,-0.0672545,-0.1818244,0.9810284,28,-5.7,-0.8209845,21.49558,29,5.7,-19.29483,152.9436
41.44153,-11.49684,-8.869564,63.46955,-7.708282,2.839147,0.106913,-0.09846032,0.01442435,0.007786567,-0.995006,-7.644208,2.857017,0.1085824,-0.05968247,-0.1816608,0.9815484,28,-5.7,-0.5319395,19.43892,29,5.7,-19.00578,150.887
41.45874,-11.60706,-8.869563,63.46955,-7.832285,2.834058,0.1061908,-0.09840653,0.01541439,0.005010006,-0.9950143,-7.754434,2.857017,0.1085824,-0.05968247,-0.1816608,0.9815484,28,-5.7,-0.3055657,17.82818,29,5.7,-18.77941,149.2763
41.47534,-12.35312,-9.737434,69.64478,-7.952301,2.828653,0.1053778,-0.09914286,0.01624075,0.002598972,-0.9949374,-7.899548,2.84598,0.107426,-0.06289736,-0.1777145,0.98207,28,-5.7,-0.08466353,16.25638,29,5.7,-18.55851,147.7045
41.49719,-12.5564,-9.737434,69.64478,-8.180992,2.818074,0.1041914,-0.100283,0.01955269,-0.004268213,-0.9947577,-8.102829,2.84598,0.107426,-0.06289736,-0.1777145,0.98207,28,-5.7,0.203471,14.2062,29,5.7,-18.27037,145.6543
41.51428,-11.17455,-10.08466,72.11545,-8.286815,2.813046,0.1035716,-0.1010016,0.02195997,-0.008126053,-0.9946107,-8.232092,2.834267,0.1063527,-0.04018768,-0.1764449,0.9834898,28,-5.7,0.4289814,12.60161,29,5.7,-18.04486,144.0497
41.53101,-11.26079,-10.08467,72.11546,-8.383827,2.807972,0.1027394,-0.1014385,0.0244828,-0.01125905,-0.9944769,-8.318325,2.834267,0.1063527,-0.04018768,-0.1764449,0.9834898,28,-5.7,0.6498498,11.03005,29,5.7,-17.82399,142.4781
41.55286,1.011529,-37.66695,268.3734,-8.559764,2.797719,0.1007832,-0.103194,0.02992577,-0.01831022,-0.9940423,-8.506294,2.821927,0.1048115,0.03505984,-0.1491447,0.9881937,28,-5.7,0.939845,8.966625,29,5.7,-17.534,140.4147
41.57068,0.943679,-37.66695,268.3734,-8.636096,2.79311,0.09970646,-0.1051336,0.03290749,-0.0213665,-0.9936839,-8.574145,2.821927,0.1048115,0.03505984,-0.1491447,0.9881937,28,-5.7,1.174501,7.296962,29,5.7,-17.29934,138.745
41.5946,5.336145,-42.93008,305.8227,-8.77063,2.784769,0.09703477,-0.1102288,0.04015174,-0.02757619,-0.992712,-8.72176,2.809637,0.1031168,0.04542989,-0.1478137,0.9879713,28,-5.7,1.490766,5.046618,29,5.7,-16.98308,136.4947
41.61194,0.95284,-28.59983,203.8576,-8.826245,2.78165,0.0956091,-0.1130972,0.04396369,-0.03058569,-0.9921395,-8.795085,2.797762,0.1009415,0.04723017,-0.1521261,0.987232,28,-5.7,1.721106,3.407667,29,5.7,-16.75274,134.8557
41.63684,0.8747265,-28.59983,203.8576,-8.914124,2.776024,0.09305887,-0.1146533,0.05164535,-0.03436209,-0.9914669,-8.873199,2.797762,0.1009415,0.04723017,-0.1521261,0.987232,28,-5.7,2.050386,1.064712,29,5.7,-16.42346,132.5128
41.65393,2.121014,-32.79694,233.7215,-8.943687,2.773746,0.0917728,-0.1142832,0.05417301,-0.0366623,-0.9912924,-8.918756,2.787156,0.09791172,0.04666484,-0.1504131,0.9875213,29,5.7,-16.19826,130.9104,30,-0.7,-34.29076,259.6452
41.6781,NaN,NaN,NaN,-8.980317,2.769826,0.0880706,-0.115697,0.06017137,-0.04363414,-0.9904997,-8.966331,2.778877,0.09526575,0.04533321,-0.1447607,0.9884276,29,5.7,-15.87885,128.6377,30,-0.7,-33.97135,257.3726
41.6958,NaN,NaN,NaN,-8.984265,2.768553,0.08607209,-0.1157333,0.06279206,-0.04726291,-0.9901663,-8.96984,2.778877,0.09526575,0.04533321,-0.1447607,0.9884276,29,5.7,-15.64431,126.9689,30,-0.7,-33.73681,255.7037
41.71985,NaN,NaN,NaN,-8.972978,2.766784,0.08268844,-0.1125163,0.0676584,-0.05438192,-0.9898511,-8.969111,2.772723,0.09141493,0.0542015,-0.1429488,0.9882448,29,5.7,-15.32648,124.7074,30,-0.7,-33.41898,253.4422
41.73743,NaN,NaN,NaN,-8.954919,2.766073,0.08130227,-0.1094408,0.06883772,-0.05633494,-0.9900053,-8.953058,2.772723,0.09141493,0.0542015,-0.1429488,0.9882448,29,5.7,-15.09362,123.0505,30,-0.7,-33.18612,251.7854
41.7616,20.92517,-44.94462,351.5678,-8.899331,2.764194,0.07787845,-0.1061263,0.07103717,-0.05959235,-0.99002,-8.907846,2.768545,0.08726716,0.08381084,-0.1340421,0.9874252,29,5.7,-14.77481,120.7821,30,-0.7,-32.86731,249.5169
41.77893,23.34109,-41.154,349.138,-8.856248,2.762816,0.07585852,-0.1049762,0.07276301,-0.06289157,-0.9898132,-8.868805,2.765966,0.08338952,0.09117428,-0.1243211,0.9880443,29,5.7,-14.54511,119.1476,30,-0.7,-32.63761,247.8825
41.80371,23.28102,-40.944,347.4692,-8.750589,2.761053,0.07278851,-0.1028688,0.07648244,-0.06933445,-0.9893237,-8.774887,2.765966,0.08338952,0.09117428,-0.1243211,0.9880443,29,5.7,-14.21811,116.821,30,-0.7,-32.31062,245.5558
41.8208,23.69189,-40.86139,347.7074,-8.683346,2.760936,0.07199286,-0.1006828,0.07681085,-0.07009954,-0.9894692,-8.709175,2.763644,0.07915437,0.09208775,-0.1239877,0.9880015,29,5.7,-13.99223,115.2137,30,-0.7,-32.08473,243.9485
41.84509,NaN,NaN,NaN,-8.527518,2.761782,0.06975448,-0.09753412,0.07777455,-0.07483024,-0.9893628,-8.559725,2.761529,0.07546568,0.09929494,-0.1268998,0.9869331,29,5.7,-13.66981,112.9196,30,-0.7,-31.76231,241.6544
41.86255,NaN,NaN,NaN,-8.431559,2.763195,0.0691122,-0.09708038,0.07988769,-0.08149806,-0.9887121,-8.474428,2.761529,0.07546568,0.09929494,-0.1268998,0.9869331,29,5.7,-13.44016,111.2856,30,-0.7,-31.53267,240.0204
41.88696,NaN,NaN,NaN,-8.232234,2.767298,0.06809522,-0.09693016,0.08175742,-0.09079844,-0.9877632,-8.280983,2.76062,0.0720793,0.09561009,-0.1244486,0.9876088,29,5.7,-13.1167,108.984,30,-0.7,-31.2092,237.7188
41.90442,24.63067,-39.94654,338.9908,-8.118555,2.770871,0.06821141,-0.09707223,0.08225772,-0.09576055,-0.9872389,-8.179935,2.76062,0.0720793,0.09561009,-0.1244486,0.9876088,29,5.7,-12.88565,107.34,30,-0.7,-30.97816,236.0749
41.92883,NaN,NaN,NaN,-7.867527,2.77803,0.06699115,-0.09707279,0.08330304,-0.1083402,-0.9858499,-7.935531,2.76216,0.07019258,0.1043677,-0.1291696,0.9861149,29,5.7,-12.56337,105.0468,30,-0.7,-30.65587,233.7817
41.94617,24.31948,-29.56163,253.533,-7.725998,2.782282,0.06571631,-0.1005726,0.08501808,-0.1162454,-0.9844512,-7.783273,2.766779,0.06862843,0.124658,-0.1255343,0.9842263,29,5.7,-12.33441,103.4177,30,-0.7,-30.42692,232.1526
41.9707,24.38426,-29.35973,251.9501,-7.427565,2.792604,0.06448255,-0.1037004,0.08927733,-0.1284418,-0.9822314,-7.517998,2.766779,0.06862843,0.124658,-0.1255343,0.9842263,29,5.7,-12.01031,101.1116,30,-0.7,-30.10282,229.8465
41.98804,24.0376,-28.90788,249.4473,-7.26959,2.799331,0.06479511,-0.1009853,0.09125166,-0.1300276,-0.9821242,-7.34593,2.774375,0.06712604,0.123881,-0.1250602,0.9843848,29,5.7,-11.78032,99.47512,30,-0.7,-29.87282,228.21
42.01245,24.21816,-29.79179,248.4995,-6.938457,2.812701,0.06475508,-0.09361827,0.09417482,-0.1316887,-0.9823568,-7.014934,2.784891,0.06560302,0.1236955,-0.1290166,0.9838974,29,5.7,-11.45817,97.18295,30,-0.7,-29.55068,225.9178
42.02979,24.07736,-29.47004,246.0459,-6.749822,2.819175,0.06413025,-0.09270748,0.09589883,-0.1342031,-0.981936,-6.847259,2.784891,0.06560302,0.1236955,-0.1290166,0.9838974,29,5.7,-11.22923,95.55397,30,-0.7,-29.32174,224.2888
42.0542,NaN,NaN,NaN,-6.369017,2.832813,0.06360892,-0.09384356,0.09650215,-0.1370219,-0.9813796,-6.468011,2.798622,0.06477189,0.1286713,-0.1226265,0.9840764,29,5.7,-10.90517,93.24815,30,-0.7,-28.99768,221.983
42.07178,NaN,NaN,NaN,-6.164106,2.839714,0.06391928,-0.09259939,0.09575363,-0.1343169,-0.9819448,-6.285868,2.798622,0.06477189,0.1286713,-0.1226265,0.9840764,29,5.7,-10.67387,91.60235,30,-0.7,-28.76638,220.3372
42.09583,NaN,NaN,NaN,-5.745371,2.853897,0.06542013,-0.08969938,0.09188078,-0.1293953,-0.9832441,-5.868003,2.814037,0.06414306,0.1272556,-0.124207,0.9840623,29,5.7,-10.35605,89.34093,30,-0.7,-28.44855,218.0758
42.11328,NaN,NaN,NaN,-5.52196,2.860561,0.06643406,-0.08757008,0.08939287,-0.1267907,-0.9840043,-5.619482,2.830253,0.0644722,0.1285258,-0.1247884,0.9838236,29,5.7,-10.12434,87.69222,30,-0.7,-28.21684,216.4271
42.13818,NaN,NaN,NaN,-5.074649,2.87549,0.06863134,-0.08295817,0.08688075,-0.1236717,-0.9850255,-5.221871,2.830253,0.0644722,0.1285258,-0.1247884,0.9838236,29,5.7,-9.795962,85.35572,30,-0.7,-27.88847,214.0906
42.15479,NaN,NaN,NaN,-4.847974,2.883223,0.07009287,-0.08022804,0.08549001,-0.117972,-0.9860718,-4.965896,2.847007,0.06530368,0.1355309,-0.1284794,0.9824075,29,5.7,-9.575661,83.78819,30,-0.7,-27.66817,212.5231
42.17981,NaN,NaN,NaN,-4.376805,2.897645,0.07316887,-0.07482232,0.08186138,-0.1099466,-0.9877308,-4.48911,2.864216,0.06712437,0.1413978,-0.127873,0.9816594,29,5.7,-9.244741,81.43358,30,-0.7,-27.33725,210.1685
42.19666,NaN,NaN,NaN,-4.128866,2.904,0.07475799,-0.07336296,0.07947964,-0.1077627,-0.9882753,-4.26872,2.864216,0.06712437,0.1413978,-0.127873,0.9816594,29,5.7,-9.022838,79.85465,30,-0.7,-27.11535,208.5895
42.22107,NaN,NaN,NaN,-3.633793,2.916755,0.07825483,-0.07287699,0.07274172,-0.1023996,-0.9893998,-3.768203,2.881782,0.06995177,0.1402914,-0.1308856,0.9814211,29,5.7,-8.699031,77.55065,30,-0.7,-26.79154,206.2855
42.2384,NaN,NaN,NaN,-3.382241,2.922819,0.08053975,-0.0727957,0.06825516,-0.0987539,-0.9900959,-3.544601,2.881782,0.06995177,0.1402914,-0.1308856,0.9814211,29,5.7,-8.471035,75.92838,30,-0.7,-26.56354,204.6633
42.26294,NaN,NaN,NaN,-2.874526,2.934685,0.08584953,-0.07052641,0.0608682,-0.09399798,-0.991204,-3.030061,2.89851,0.07327878,0.1421361,-0.1331871,0.9808458,29,5.7,-8.146482,73.61906,30,-0.7,-26.23899,202.3539
42.28015,NaN,NaN,NaN,-2.618844,2.94017,0.08884511,-0.06891394,0.05754722,-0.09265943,-0.9916418,-2.737409,2.914173,0.07791054,0.1404413,-0.1411696,0.9799731,29,5.7,-7.919199,72.00186,30,-0.7,-26.01171,200.7367
42.30469,NaN,NaN,NaN,-2.103016,2.949353,0.09489663,-0.06642562,0.0530363,-0.09067949,-0.992246,-2.278895,2.914173,0.07791054,0.1404413,-0.1411696,0.9799731,29,5.7,-7.593606,69.68514,30,-0.7,-25.68611,198.42
42.32202,48.79594,-49.86194,355.1454,-1.839386,2.952755,0.09831586,-0.06419279,0.05112841,-0.08707903,-0.9928154,-1.977587,2.92867,0.08369732,0.1400503,-0.1456141,0.9793786,29,5.7,-7.365336,68.06092,30,-0.7,-25.45784,196.7958
42.34644,NaN,NaN,NaN,-1.310404,2.958912,0.1056188,-0.06019604,0.04579381,-0.08119178,-0.9938246,-1.438973,2.94114,0.09056652,0.1350012,-0.1450661,0.9801686,29,5.7,-7.041417,65.75612,30,-0.7,-25.13392,194.491
42.36389,NaN,NaN,NaN,-1.042933,2.961571,0.1098694,-0.05774821,0.04384884,-0.08018144,-0.9941396,-1.20122,2.94114,0.09056652,0.1350012,-0.1450661,0.9801686,29,5.7,-6.811548,64.12051,30,-0.7,-24.90405,192.8554
42.38831,NaN,NaN,NaN,-0.5117089,2.96522,0.1187077,-0.05313018,0.04040177,-0.07547393,-0.9949114,-0.6596762,2.951065,0.09837079,0.1310784,-0.1427243,0.9810445,29,5.7,-6.488962,61.8252,30,-0.7,-24.58147,190.5601
42.40552,NaN,NaN,NaN,-0.2441532,2.964918,0.1234701,-0.0500051,0.04012866,-0.07106507,-0.995409,-0.4218489,2.951065,0.09837079,0.1310784,-0.1427243,0.9810445,29,5.7,-6.260221,60.19762,30,-0.7,-24.35273,188.9325
42.42993,NaN,NaN,NaN,0.2931666,2.963742,0.1331275,-0.04776556,0.03956874,-0.064817,-0.9959677,0.1258423,2.958481,0.1073927,0.1197202,-0.1408425,0.9827667,29,5.7,-5.937441,57.90092,30,-0.7,-24.02995,186.6358
42.44727,23.10567,-26.02465,205.4644,0.5518282,2.964119,0.1386431,-0.04822006,0.03776181,-0.06002763,-0.996316,0.4265134,2.962636,0.117684,0.1087109,-0.1389485,0.9843146,29,5.7,-5.709607,56.2798,30,-0.7,-23.80211,185.0147
42.47168,23.40256,-25.80877,203.9351,1.075848,2.962744,0.1496803,-0.04545094,0.03787316,-0.05575266,-0.9966902,0.8923084,2.962636,0.117684,0.1087109,-0.1389485,0.9843146,29,5.7,-5.385916,53.97662,30,-0.7,-23.47842,182.7115
42.48901,23.03592,-28.26269,204.134,1.339686,2.9601,0.1554066,-0.04373084,0.0387224,-0.05582545,-0.9967305,1.197724,2.963803,0.128973,0.1052275,-0.150465,0.9829992,29,5.7,-5.156979,52.34764,30,-0.7,-23.24949,181.0825
42.51355,26.24676,-34.51256,245.9288,1.859829,2.953424,0.1669022,-0.04183585,0.03887336,-0.05549372,-0.9968245,1.730309,2.962743,0.1415799,0.09813105,-0.150001,0.9838038,29,5.7,-4.832497,50.03884,30,-0.7,-22.925,178.7737
42.53101,26.47424,-34.51257,245.9288,2.115753,2.949684,0.1727079,-0.03974378,0.03814312,-0.0544863,-0.9969939,1.957798,2.962743,0.1415799,0.09813105,-0.150001,0.9838038,29,5.7,-4.600996,48.39162,30,-0.7,-22.6935,177.1265
42.55518,35.11037,-49.58068,353.1441,2.607319,2.942055,0.1835266,-0.04181845,0.03756195,-0.0496816,-0.9971821,2.464523,2.958344,0.1549275,0.09109591,-0.1466064,0.9849914,29,5.7,-4.282142,46.12286,30,-0.7,-22.37465,174.8577
42.57288,35.32721,-49.58062,353.1437,2.851311,2.937463,0.1888778,-0.04375406,0.0398008,-0.04907349,-0.9970423,2.681405,2.958344,0.1549275,0.09109591,-0.1466064,0.9849914,29,5.7,-4.048026,44.45704,30,-0.7,-22.14053,173.1919
42.59692,NaN,NaN,NaN,3.328027,2.927051,0.1999923,-0.04527104,0.04040072,-0.04262304,-0.997247,3.173845,2.951078,0.1684135,0.08636396,-0.1454569,0.9855879,29,5.7,-3.730215,42.19569,30,-0.7,-21.82272,170.9306
42.61462,25.58067,-38.75016,276.0809,3.554021,2.923011,0.2059369,-0.04788628,0.0384599,-0.03530692,-0.9974874,3.441282,2.941704,0.1815697,0.07909504,-0.1489481,0.9856766,29,5.7,-3.496545,40.53304,30,-0.7,-21.58905,169.2679
42.63879,25.97706,-38.75021,276.0813,3.999931,2.914043,0.2171923,-0.04821774,0.0387082,-0.02778169,-0.9976998,3.837646,2.941704,0.1815697,0.07909504,-0.1489481,0.9856766,29,5.7,-3.176656,38.25692,30,-0.7,-21.26916,166.9918
42.65637,17.51198,-24.88197,177.4037,4.213204,2.908928,0.222387,-0.04809239,0.04086416,-0.0271157,-0.9976382,4.091209,2.930755,0.1950831,0.07460984,-0.1546188,0.985153,29,5.7,-2.943489,36.59785,30,-0.7,-21.036,165.3327
42.68042,12.85,-17.57365,125.8906,4.628494,2.900018,0.2325764,-0.04903638,0.04247776,-0.01991229,-0.9976946,4.521533,2.919623,0.2086548,0.06526303,-0.1605881,0.9848616,29,5.7,-2.626001,34.33881,30,-0.7,-20.71851,163.0737
42.69836,12.85,-17.12516,123.1402,4.833541,2.894667,0.2376628,-0.04726313,0.04249885,-0.01515425,-0.9978629,4.703796,2.919623,0.2086548,0.06526303,-0.1605881,0.9848616,29,5.7,-2.388283,32.64735,30,-0.7,-20.48079,161.3822
42.72217,11.57022,-14.84364,105.9772,5.229803,2.883508,0.2485715,-0.04142248,0.04092319,-0.005364182,-0.9982889,5.114175,2.908504,0.2212105,0.06009544,-0.1652442,0.9844201,29,5.7,-2.073646,30.4086,30,-0.7,-20.16615,159.1435
42.74036,11.73855,-14.84364,105.9772,5.419177,2.877166,0.2540428,-0.03682251,0.03944826,-0.0003752685,-0.9985428,5.282507,2.908504,0.2212105,0.06009544,-0.1652442,0.9844201,29,5.7,-1.834354,28.70594,30,-0.7,-19.92686,157.4408
42.76392,11.02705,-15.51378,110.7455,5.787071,2.865171,0.2648852,-0.02881961,0.03727711,0.008230885,-0.9988555,5.664998,2.89683,0.2338693,0.04780593,-0.1641416,0.9852777,29,5.7,-1.521782,26.48188,30,-0.7,-19.61429,155.2168
42.78162,12.85,-21.42565,153.726,5.962508,2.858705,0.270072,-0.02498102,0.03432235,0.01368449,-0.9990048,5.873905,2.883783,0.246853,0.04484825,-0.1562817,0.9866938,29,5.7,-1.288245,24.82018,30,-0.7,-19.38075,153.555
42.80579,12.85,-20.37175,147.0721,6.302752,2.844387,0.2794579,-0.02041222,0.02643505,0.02332695,-0.9991699,6.176344,2.883783,0.246853,0.04484825,-0.1562817,0.9866938,29,5.7,-0.9684683,22.54485,30,-0.7,-19.06098,151.2797
42.82349,11.31215,-19.49709,139.0882,6.459884,2.837231,0.2833011,-0.02230019,0.02168085,0.02580062,-0.9991832,6.366171,2.869602,0.2597927,0.03515129,-0.158961,0.9866589,29,5.7,-0.7352661,20.88553,30,-0.7,-18.82777,149.6204
42.84741,10.76354,-14.19553,101.3657,6.752937,2.823147,0.2913936,-0.02351194,0.01426052,0.03109862,-0.999138,6.673632,2.854179,0.271632,0.03986139,-0.1661712,0.9852909,29,5.7,-0.4182109,18.62956,30,-0.7,-18.51072,147.3644
42.86548,10.88359,-14.19553,101.3657,6.887986,2.816128,0.295137,-0.02474373,0.0120302,0.03181702,-0.999115,6.793675,2.854179,0.271632,0.03986139,-0.1661712,0.9852909,29,5.7,-0.1797815,16.93305,30,-0.7,-18.27229,145.6679
42.88928,9.137486,-7.974642,57.10177,7.143106,2.802486,0.3017333,-0.02862278,0.007216238,0.03098986,-0.9990838,7.063936,2.83736,0.2825614,0.03582744,-0.1868135,0.9817419,29,5.7,0.1343435,14.69793,30,-0.7,-17.95816,143.4328
42.9071,8.205101,-7.62363,54.60419,7.25983,2.79677,0.3046046,-0.03157391,0.005044699,0.03078587,-0.9990145,7.206785,2.820407,0.2921923,0.01804745,-0.1888065,0.9818485,29,5.7,0.3715081,13.01042,30,-0.7,-17.721,141.7453
42.93091,8.389758,-7.623634,54.60422,7.467568,2.784751,0.3096049,-0.03315588,-0.000140354,0.03349449,-0.9988889,7.391441,2.820407,0.2921923,0.01804745,-0.1888065,0.9818485,29,5.7,0.6858596,10.77369,30,-0.7,-17.40665,139.5085
42.94873,6.499286,-12.27083,87.67071,7.551664,2.779478,0.3116903,-0.03492489,-0.001763456,0.03676624,-0.9987119,7.500964,2.804183,0.3004992,-0.01129712,-0.1700185,0.9853761,29,5.7,0.9211174,9.099745,30,-0.7,-17.17139,137.8346
42.9729,3.638958,-20.24486,144.4089,7.705553,2.770547,0.3151332,-0.03905018,-0.005641878,0.04252675,-0.9983159,7.667515,2.789444,0.3072064,-0.0275954,-0.1577837,0.9870881,29,5.7,1.241437,6.820551,30,-0.7,-16.85107,135.5554
42.99048,3.699254,-20.24475,144.4082,7.773365,2.766195,0.3164833,-0.04019501,-0.006318674,0.04072873,-0.9983415,7.727792,2.789444,0.3072064,-0.0275954,-0.1577837,0.9870881,29,5.7,1.472699,5.175039,30,-0.7,-16.61981,133.9099
43.01477,-0.5053096,-31.40615,223.8255,7.884637,2.756732,0.3182972,-0.0420401,-0.008523791,0.03864184,-0.998332,7.850995,2.7768,0.312343,-0.03693128,-0.151074,0.9878323,29,5.7,1.793544,2.892111,30,-0.7,-16.29896,131.627
43.03235,-0.4758783,-31.40611,223.8252,7.917735,2.752622,0.3184635,-0.04308872,-0.009724759,0.0412367,-0.9981726,7.880415,2.7768,0.312343,-0.03693128,-0.151074,0.9878323,29,5.7,2.025966,1.238338,30,-0.7,-16.06654,129.9732
43.05627,0.8295656,-23.47397,167.3853,7.971113,2.744417,0.3181793,-0.04596125,-0.009694874,0.04303481,-0.9979687,7.94723,2.765468,0.3159672,-0.04204991,-0.155018,0.9870163,30,-0.7,-15.74994,127.7204,31,5.7,-33.84247,256.4554
43.07385,0.8448583,-20.12863,143.5819,7.983608,2.740399,0.3172822,-0.04900811,-0.01009751,0.04318755,-0.9978132,7.971925,2.75484,0.3175884,-0.04906577,-0.1575396,0.986293,30,-0.7,-15.51723,126.0647,31,5.7,-33.60976,254.7996
43.09814,0.8429148,-20.12861,143.5818,7.981417,2.733825,0.3151658,-0.05420071,-0.01122645,0.04509756,-0.997448,7.969976,2.75484,0.3175884,-0.04906577,-0.1575396,0.986293,30,-0.7,-15.19621,123.7805,31,5.7,-33.28874,252.5154
43.11572,-0.1961541,-19.76273,140.9784,7.961456,2.731699,0.3136235,-0.05605551,-0.01112018,0.04715713,-0.9972515,7.960613,2.744947,0.3177388,-0.0571669,-0.1577456,0.9858236,30,-0.7,-14.96362,122.1255,31,5.7,-33.05614,250.8604
43.13977,-0.2479682,-19.76273,140.9784,7.903166,2.726971,0.3097764,-0.05892485,-0.01041731,0.0476898,-0.9970683,7.9088,2.744947,0.3177388,-0.0571669,-0.1577456,0.9858236,30,-0.7,-14.64477,119.8567,31,5.7,-32.7373,248.5917
43.15735,-6.679565,-34.68681,247.1686,7.855029,2.725369,0.3067683,-0.06153193,-0.01302136,0.0505196,-0.9967408,7.868477,2.736402,0.3160291,-0.05816967,-0.149635,0.9870287,30,-0.7,-14.41242,118.2035,31,5.7,-32.50495,246.9385
43.18164,-1.089823,-21.36746,152.3967,7.747442,2.723789,0.3009859,-0.06200527,-0.01744817,0.0506016,-0.9966396,7.769172,2.729671,0.3124814,-0.0574379,-0.1562354,0.9860484,30,-0.7,-14.09218,115.9249,31,5.7,-32.18471,244.6598
43.19897,-1.15659,-21.36745,152.3966,7.672321,2.725238,0.2981971,-0.05843396,-0.02019518,0.0511322,-0.9967764,7.702398,2.729671,0.3124814,-0.0574379,-0.1562354,0.9860484,30,-0.7,-13.8622,114.2885,31,5.7,-31.95473,243.0235
43.22351,-4.974424,-32.58157,232.1891,7.50034,2.729734,0.2928548,-0.05371199,-0.02542444,0.05352318,-0.9967968,7.54005,2.725027,0.3069854,-0.05327842,-0.1503123,0.9872019,30,-0.7,-13.53869,111.9866,31,5.7,-31.63122,240.7216
43.24084,-6.869249,-43.97005,313.2224,7.396377,2.733059,0.2897301,-0.05310744,-0.02788066,0.05541715,-0.9966601,7.432339,2.724369,0.3005466,-0.04515678,-0.1474361,0.9880402,30,-0.7,-13.30911,110.3531,31,5.7,-31.40164,239.088
43.26514,-7.073679,-43.97012,313.2228,7.166415,2.742477,0.2834456,-0.05463388,-0.03011836,0.05757657,-0.9963899,7.227928,2.724369,0.3005466,-0.04515678,-0.1474361,0.9880402,30,-0.7,-12.98772,108.0662,31,5.7,-31.08025,236.8012
43.28259,-12.47395,-51.34811,365.72,7.033438,2.750342,0.2803323,-0.0570156,-0.02947811,0.05966403,-0.9961529,7.08819,2.728368,0.293769,-0.05288158,-0.1461829,0.9878432,30,-0.7,-12.75694,106.4242,31,5.7,-30.84947,235.1591
43.30676,NaN,NaN,NaN,6.751397,2.765352,0.2724711,-0.06035233,-0.02663706,0.0604227,-0.9959906,6.809895,2.737675,0.2865386,-0.06258421,-0.1449393,0.9874593,30,-0.7,-12.43774,104.1529,31,5.7,-30.53027,232.8879
43.32446,NaN,NaN,NaN,6.596534,2.773746,0.2678404,-0.06375939,-0.02526971,0.05975721,-0.9958541,6.672238,2.737675,0.2865386,-0.06258421,-0.1449393,0.9874593,30,-0.7,-12.20433,102.4921,31,5.7,-30.29686,231.2271
43.34863,NaN,NaN,NaN,6.267343,2.792376,0.2596501,-0.06457034,-0.024258,0.05973314,-0.9958284,6.345903,2.752344,0.2783108,-0.07204278,-0.144605,0.9868633,30,-0.7,-11.8844,100.2157,31,5.7,-29.97693,228.9507
43.36621,NaN,NaN,NaN,6.086845,2.801961,0.255525,-0.06147441,-0.02343599,0.05935398,-0.9960667,6.185461,2.752344,0.2783108,-0.07204278,-0.144605,0.9868633,30,-0.7,-11.6518,98.56071,31,5.7,-29.74434,227.2957
43.39038,-12.60858,-33.85795,241.2709,5.710176,2.82003,0.2465639,-0.05968709,-0.02183626,0.06004018,-0.9961706,5.811551,2.77114,0.268831,-0.07534879,-0.1498338,0.9858359,30,-0.7,-11.33255,96.2891,31,5.7,-29.42508,225.0241
43.40796,NaN,NaN,NaN,5.512066,2.827737,0.2416737,-0.05939827,-0.02052587,0.05895228,-0.9962807,5.591383,2.792662,0.2588837,-0.07735544,-0.1435975,0.9866083,30,-0.7,-11.09939,94.63008,31,5.7,-29.19192,223.365
43.43225,NaN,NaN,NaN,5.10426,2.844077,0.2320819,-0.06053548,-0.01828448,0.05600968,-0.9964257,5.228889,2.792662,0.2588837,-0.07735544,-0.1435975,0.9866083,30,-0.7,-10.77899,92.35031,31,5.7,-28.87152,221.0853
43.44971,NaN,NaN,NaN,4.889822,2.85236,0.227653,-0.06007407,-0.01669582,0.05298734,-0.9966467,4.989558,2.814115,0.2482846,-0.07664881,-0.1424721,0.9868265,30,-0.7,-10.54757,90.70368,31,5.7,-28.6401,219.4386
43.474,-8.868856,-25.41999,181.2318,4.45609,2.869282,0.2191744,-0.05787541,-0.01246144,0.04707443,-0.9971355,4.551251,2.834574,0.2371061,-0.07306336,-0.1538269,0.9853929,30,-0.7,-10.22584,88.41444,31,5.7,-28.31837,217.1494
43.49182,-9.066226,-25.41999,181.2318,4.23405,2.87717,0.2151882,-0.05612451,-0.009250112,0.04281049,-0.9974626,4.353882,2.834574,0.2371061,-0.07306336,-0.1538269,0.9853929,30,-0.7,-9.990384,86.73909,31,5.7,-28.08292,215.474
43.51563,-12.61098,-28.91307,206.0863,3.788335,2.892289,0.207123,-0.05396362,-0.002764016,0.03737782,-0.9978393,3.901777,2.854574,0.226281,-0.07902719,-0.1520345,0.9852108,30,-0.7,-9.675907,84.50147,31,5.7,-27.76844,213.2364
43.53357,-12.81154,-28.91312,206.0866,3.562725,2.89984,0.2031104,-0.0529247,0.0001204312,0.03756696,-0.9978917,3.701235,2.854574,0.226281,-0.07902719,-0.1520345,0.9852108,30,-0.7,-9.439632,82.82029,31,5.7,-27.53217,211.5552
43.55737,-12.7657,-30.97715,223.1771,3.109139,2.914302,0.1957056,-0.05185535,0.005876966,0.03881153,-0.9978828,3.240206,2.873877,0.215776,-0.07079637,-0.1497279,0.9861894,30,-0.7,-9.123488,80.57081,31,5.7,-27.21602,209.3058
43.5752,-19.34529,-40.91052,291.4526,2.879672,2.921003,0.1922266,-0.05220019,0.00851085,0.03933262,-0.9978255,2.976896,2.892323,0.2061189,-0.07557447,-0.1482999,0.9860505,30,-0.7,-8.888006,78.89526,31,5.7,-26.98054,207.6302
43.59924,-19.75329,-40.91057,291.453,2.420703,2.93428,0.1856526,-0.05293285,0.01313167,0.03978325,-0.9977189,2.568924,2.892323,0.2061189,-0.07557447,-0.1482999,0.9860505,30,-0.7,-8.570854,76.63861,31,5.7,-26.66339,205.3736
43.61707,-9.803117,-24.66951,175.8918,2.191062,2.940477,0.1827288,-0.05351075,0.01525377,0.04033028,-0.997636,2.304417,2.909798,0.1973168,-0.06792156,-0.154716,0.9856215,30,-0.7,-8.334836,74.95926,31,5.7,-26.42737,203.6942
43.64099,-6.447832,-17.08292,121.9106,1.730401,2.951317,0.1765793,-0.05368395,0.01997807,0.03980271,-0.9975644,1.834026,2.926149,0.1891414,-0.06698754,-0.1618428,0.9845403,30,-0.7,-8.018552,72.70878,31,5.7,-26.11109,201.4437
43.65906,-6.655312,-17.08293,121.9106,1.496989,2.955892,0.1737174,-0.05501825,0.02235404,0.03900383,-0.9974728,1.626549,2.926149,0.1891414,-0.06698754,-0.1618428,0.9845403,30,-0.7,-7.779569,71.00833,31,5.7,-25.8721,199.7433
43.68286,-4.917305,-13.79208,98.49504,1.02839,2.962162,0.1682793,-0.05605483,0.02656701,0.03747515,-0.9973704,1.148751,2.941025,0.1813586,-0.06071408,-0.1674787,0.9840044,30,-0.7,-7.465276,68.77202,31,5.7,-25.55781,197.507
43.70093,-5.125489,-13.79208,98.495,0.7941791,2.964012,0.1659123,-0.05701472,0.02857756,0.03648514,-0.9972972,0.9405643,2.941025,0.1813586,-0.06071408,-0.1674787,0.9840044,30,-0.7,-7.227036,67.07685,31,5.7,-25.31957,195.8118
43.72449,-4.572672,-12.40847,88.65015,0.3281505,2.966261,0.1612723,-0.05991338,0.03189587,0.03573023,-0.9970539,0.4646834,2.952769,0.1744039,-0.05600761,-0.1707933,0.9837138,30,-0.7,-6.914264,64.85136,31,5.7,-25.0068,193.5863
43.74243,-3.646728,-11.90072,85.03731,0.09810451,2.965305,0.1589068,-0.0605797,0.03353,0.03380354,-0.9970272,0.1981495,2.96057,0.1680644,-0.04458017,-0.1723122,0.9840331,30,-0.7,-6.677754,63.16851,31,5.7,-24.77029,191.9035
43.76636,-4.053287,-11.90072,85.03731,-0.3592749,2.961709,0.1543562,-0.06328443,0.03688975,0.0313415,-0.996821,-0.20841,2.96057,0.1680644,-0.04458017,-0.1723122,0.9840331,30,-0.7,-6.360987,60.91459,31,5.7,-24.45352,189.6495
43.78394,-3.246334,-10.28586,73.54694,-0.5856925,2.959234,0.1523729,-0.06306575,0.03769163,0.03097231,-0.9968164,-0.4715603,2.963837,0.1620647,-0.03718387,-0.177555,0.9834082,30,-0.7,-6.128784,59.26238,31,5.7,-24.22132,187.9973
43.80811,-3.841059,-10.80582,77.24672,-1.031339,2.952333,0.1494791,-0.05916309,0.03903735,0.0305672,-0.9970163,-0.9289688,2.962332,0.1564623,-0.03716096,-0.1756944,0.9837431,30,-0.7,-5.809333,56.98937,31,5.7,-23.90187,185.7243
43.82568,-4.034368,-10.80583,77.24673,-1.248811,2.947049,0.1478629,-0.05721618,0.04017401,0.02761998,-0.9971707,-1.122277,2.962332,0.1564623,-0.03716096,-0.1756944,0.9837431,30,-0.7,-5.576951,55.33588,31,5.7,-23.66949,184.0708
43.84998,-4.214449,-12.77208,91.23734,-1.6703,2.935161,0.1444055,-0.0574061,0.04253746,0.02150438,-0.9972125,-1.557261,2.956817,0.1520354,-0.02873518,-0.1700944,0.9850087,30,-0.7,-5.256026,53.05239,31,5.7,-23.34856,181.7873
43.86743,-4.39357,-12.77207,91.23728,-1.871813,2.927982,0.1428459,-0.05992953,0.04363558,0.01976258,-0.9970526,-1.736384,2.956817,0.1520354,-0.02873518,-0.1700944,0.9850087,30,-0.7,-5.025368,51.41117,31,5.7,-23.1179,180.1461
43.89172,-4.211398,-13.9849,99.86701,-2.26855,2.914841,0.1404942,-0.05977295,0.04427589,0.01771567,-0.9970723,-2.147585,2.947021,0.1481203,-0.0204,-0.1673657,0.9856838,30,-0.7,-4.703116,49.11823,31,5.7,-22.79565,177.8532
43.90918,-2.905469,-11.06668,79.10279,-2.455955,2.906759,0.1391272,-0.05742583,0.0453149,0.01590054,-0.9971941,-2.370033,2.933294,0.1440421,-0.006676909,-0.1745805,0.9846203,30,-0.7,-4.472123,47.47462,31,5.7,-22.56466,176.2096
43.93359,-3.222226,-11.06668,79.10278,-2.812307,2.889364,0.1360536,-0.05941207,0.04850373,0.008666925,-0.9970168,-2.68679,2.933294,0.1440421,-0.006676909,-0.1745805,0.9846203,30,-0.7,-4.149345,45.17794,31,5.7,-22.24188,173.9129
43.95093,-3.423121,-11.53858,82.46057,-2.981732,2.880494,0.1344649,-0.06206561,0.05011076,0.004881616,-0.9968014,-2.890693,2.916924,0.1408018,-0.006370184,-0.172952,0.9849097,30,-0.7,-3.921322,43.55548,31,5.7,-22.01386,172.2904
43.97522,-2.255563,-11.02205,78.78522,-3.307938,2.863293,0.1315308,-0.06747414,0.05223945,0.002312482,-0.9963498,-3.230428,2.897885,0.1375259,0.01220473,-0.1742693,0.9846224,30,-0.7,-3.598941,41.26161,31,5.7,-21.69147,169.9966
43.9928,-2.389017,-11.02205,78.78522,-3.458073,2.854351,0.1299171,-0.06891067,0.0538467,0.001216484,-0.9961679,-3.363881,2.897885,0.1375259,0.01220473,-0.1742693,0.9846224,30,-0.7,-3.367833,39.61719,31,5.7,-21.46037,168.3521
44.01697,-3.126005,-9.049907,64.75272,-3.74179,2.836448,0.1267979,-0.07376205,0.05480269,-0.0009244811,-0.9957685,-3.662144,2.877266,0.1339314,0.00815888,-0.1815054,0.9833561,30,-0.7,-3.047285,37.33638,31,5.7,-21.13982,166.0713
44.03491,-3.238559,-9.0499,64.75268,-3.868414,2.828236,0.1254002,-0.07590556,0.05344526,-0.001647814,-0.9956803,-3.774699,2.877266,0.1339314,0.00815888,-0.1815054,0.9833561,30,-0.7,-2.810792,35.65364,31,5.7,-20.90333,164.3886
44.05884,-2.699918,-8.084112,57.88074,-4.102058,2.812682,0.1233836,-0.07768553,0.05326489,-0.007751932,-0.9955239,-4.024584,2.856047,0.1300433,0.02253114,-0.1860802,0.9822762,30,-0.7,-2.494871,33.40575,31,5.7,-20.58741,162.1407
44.07617,-1.154447,-11.20465,80.08453,-4.210121,2.805286,0.1224207,-0.07807294,0.05396881,-0.008996955,-0.9954452,-4.158059,2.835422,0.1266892,0.03697359,-0.1728292,0.9842576,30,-0.7,-2.264689,31.76792,31,5.7,-20.35723,160.5029
44.10083,-1.329666,-11.20465,80.0845,-4.407242,2.792281,0.1208694,-0.07920368,0.05529744,-0.007704739,-0.9952937,-4.333278,2.835422,0.1266892,0.03697359,-0.1728292,0.9842576,30,-0.7,-1.938874,29.44962,31,5.7,-20.03141,158.1846
44.11792,-1.159832,-11.05276,79.00375,-4.490837,2.786394,0.120463,-0.07787007,0.05528737,-0.004691892,-0.9954183,-4.440322,2.816129,0.1238935,0.04092583,-0.1730216,0.9840674,30,-0.7,-1.712749,27.84066,31,5.7,-19.80528,156.5756
44.14246,-0.6632742,-10.32495,73.82513,-4.642743,2.774079,0.1194062,-0.07594034,0.05563571,-0.002457082,-0.995556,-4.603727,2.798747,0.1217,0.05256297,-0.1750612,0.9831535,30,-0.7,-1.388938,25.53663,31,5.7,-19.48147,154.2716
44.15955,-0.720071,-10.32494,73.8251,-4.706638,2.768354,0.1184773,-0.0776453,0.05642355,-0.002404205,-0.9953803,-4.660522,2.798747,0.1217,0.05256297,-0.1750612,0.9831535,30,-0.7,-1.162159,23.92301,31,5.7,-19.2547,152.658
44.1842,-0.1881028,-10.15403,72.60899,-4.815682,2.759128,0.1164729,-0.08289909,0.05806407,-0.001953372,-0.994863,-4.781193,2.783487,0.1201388,0.06225605,-0.1753588,0.9825342,30,-0.7,-0.8373601,21.61195,31,5.7,-18.9299,150.3469
44.20203,-0.2215658,-10.15403,72.60899,-4.853329,2.755913,0.1152554,-0.08604634,0.06005795,-0.004625732,-0.9944686,-4.814656,2.783487,0.1201388,0.06225605,-0.1753588,0.9825342,30,-0.7,-0.6003305,19.92539,31,5.7,-18.69287,148.6603
44.22583,-0.7587315,-8.897711,63.6698,-4.908562,2.750182,0.1124512,-0.09086772,0.06439087,-0.01006536,-0.9937281,-4.882977,2.769858,0.1184407,0.0636998,-0.180208,0.9815637,30,-0.7,-0.2863288,17.69116,31,5.7,-18.37887,146.4261
44.24316,-0.9826354,-7.330838,52.52092,-4.919146,2.748428,0.1107796,-0.09220812,0.06589026,-0.01260274,-0.9934774,-4.90671,2.758897,0.1161125,0.07333163,-0.1885532,0.9793213,30,-0.7,-0.05756745,16.06343,31,5.7,-18.1501,144.7984
44.26794,-0.9828609,-7.33084,52.52094,-4.919401,2.746436,0.1076516,-0.0921101,0.0680972,-0.01669543,-0.9932774,-4.906937,2.758897,0.1161125,0.07333163,-0.1885532,0.9793213,30,-0.7,0.2712705,13.72363,31,5.7,-17.82127,142.4586
44.28479,NaN,NaN,NaN,-4.902831,2.746951,0.1060042,-0.0900531,0.0682482,-0.01816277,-0.9934298,-4.901218,2.751189,0.1130159,0.08057053,-0.1428066,0.9864658,30,-0.7,0.4939156,12.13943,31,5.7,-17.59862,140.8744
44.30933,24.83945,-43.95323,349.5743,-4.852093,2.748221,0.1019468,-0.08806295,0.06784398,-0.02217607,-0.9935545,-4.859115,2.746961,0.1093901,0.08393691,-0.1319885,0.9876911,30,-0.7,0.8179718,9.833649,31,5.7,-17.27456,138.5686
44.32654,24.69257,-43.66376,347.4082,-4.810248,2.74886,0.09948392,-0.08829904,0.06732235,-0.02505166,-0.9935006,-4.82192,2.746961,0.1093901,0.08393691,-0.1319885,0.9876911,30,-0.7,1.045077,8.217711,31,5.7,-17.04746,136.9527
44.35107,NaN,NaN,NaN,-4.71453,2.750829,0.09484565,-0.09018689,0.06590037,-0.02935161,-0.9933087,-4.734252,2.746204,0.1052152,0.09174545,-0.1283298,0.9874787,30,-0.7,1.370106,5.905008,31,5.7,-16.72243,134.64
44.36926,NaN,NaN,NaN,-4.657835,2.753256,0.09320253,-0.09103402,0.06618787,-0.03282318,-0.9931036,-4.683857,2.746204,0.1052152,0.09174545,-0.1283298,0.9874787,30,-0.7,1.610605,4.19377,31,5.7,-16.48193,132.9287
44.39294,NaN,NaN,NaN,-4.531045,2.760379,0.09042507,-0.08809743,0.06635866,-0.03913687,-0.9931282,-4.563485,2.747475,0.1004341,0.09301905,-0.1294402,0.9872146,30,-0.7,1.923897,1.964583,31,5.7,-16.16864,130.6995
44.41028,NaN,NaN,NaN,-4.449653,2.76603,0.0896699,-0.08586922,0.06780402,-0.04471783,-0.9929902,-4.478881,2.750838,0.09560919,0.09409703,-0.1292638,0.9871356,30,-0.7,2.151809,0.342909,31,5.7,-15.94073,129.0779
44.43518,NaN,NaN,NaN,-4.270174,2.777997,0.08762133,-0.08397569,0.07007408,-0.05687408,-0.9923724,-4.319344,2.750838,0.09560919,0.09409703,-0.1292638,0.9871356,31,5.7,-15.61117,126.733,32,-5.7,-33.93859,257.1394
44.45215,NaN,NaN,NaN,-4.171773,2.784581,0.08649972,-0.08505957,0.07035957,-0.0594143,-0.9921111,-4.21525,2.758173,0.09163296,0.09378505,-0.1262697,0.9875527,31,5.7,-15.38619,125.1322,32,-5.7,-33.71362,255.5386
44.47644,NaN,NaN,NaN,-3.958904,2.800766,0.08529806,-0.08568955,0.0716667,-0.06527335,-0.991595,-4.004943,2.769948,0.08866036,0.09182385,-0.1255739,0.9878257,31,5.7,-15.06527,122.8486,32,-5.7,-33.39269,253.2551
44.4939,NaN,NaN,NaN,-3.842129,2.80958,0.08507437,-0.08501579,0.071586,-0.06739558,-0.9915169,-3.901144,2.769948,0.08866036,0.09182385,-0.1255739,0.9878257,31,5.7,-14.83452,121.2068,32,-5.7,-33.16195,251.6133
44.51819,23.2274,-41.54945,328.9429,-3.588389,2.828083,0.0842948,-0.08526327,0.071729,-0.07371451,-0.9910355,-3.650475,2.785937,0.08686602,0.08073425,-0.1331721,0.9877992,31,5.7,-14.5134,118.9219,32,-5.7,-32.84083,249.3284
44.53601,23.16264,-41.24221,326.664,-3.451706,2.837561,0.08399621,-0.08532622,0.07077412,-0.07597013,-0.9909284,-3.528979,2.785937,0.08686602,0.08073425,-0.1331721,0.9877992,31,5.7,-14.2775,117.2434,32,-5.7,-32.60493,247.6499
44.55994,22.71365,-43.34373,326.9476,-3.164625,2.855979,0.08360298,-0.08366226,0.06940703,-0.0793099,-0.9909052,-3.244557,2.805216,0.08534694,0.07839444,-0.1393712,0.9871322,31,5.7,-13.9611,114.9921,32,-5.7,-32.28853,245.3986
44.57751,NaN,NaN,NaN,-3.009641,2.864529,0.08295995,-0.08352099,0.06799272,-0.07976372,-0.9909788,-3.073447,2.826753,0.08427286,0.08068185,-0.1424749,0.9865046,31,5.7,-13.7293,113.3427,32,-5.7,-32.05673,243.7492
44.60229,NaN,NaN,NaN,-2.690364,2.88113,0.08231322,-0.08367508,0.06504317,-0.08129214,-0.9910396,-2.789645,2.826753,0.08427286,0.08068185,-0.1424749,0.9865046,31,5.7,-13.40125,111.0085,32,-5.7,-31.72868,241.415
44.61902,NaN,NaN,NaN,-2.521695,2.88944,0.08270691,-0.08325369,0.06331208,-0.08420677,-0.9909438,-2.602765,2.848648,0.08363354,0.08168982,-0.140686,0.9866784,31,5.7,-13.17992,109.4337,32,-5.7,-31.50735,239.8401
44.64355,NaN,NaN,NaN,-2.170567,2.905093,0.08268486,-0.08076671,0.05929102,-0.08803574,-0.9910657,-2.250313,2.869509,0.08327127,0.07471877,-0.1427416,0.9869357,31,5.7,-12.8552,107.1232,32,-5.7,-31.18263,237.5297
44.66077,NaN,NaN,NaN,-1.985199,2.912555,0.08287404,-0.07914846,0.05747701,-0.09127198,-0.9910103,-2.085541,2.869509,0.08327127,0.07471877,-0.1427416,0.9869357,31,5.7,-12.62804,105.5069,32,-5.7,-30.95547,235.9133
44.6853,24.06943,-40.76086,312.8239,-1.606525,2.927122,0.08342534,-0.0769648,0.05359281,-0.09634861,-0.9909194,-1.704617,2.889423,0.08274078,0.08135161,-0.1377751,0.987117,31,5.7,-12.30335,103.1966,32,-5.7,-30.63078,233.603
44.70337,24.24869,-40.76761,312.8722,-1.409338,2.933681,0.08376571,-0.07549262,0.05128626,-0.09729402,-0.9910623,-1.529339,2.889423,0.08274078,0.08135161,-0.1377751,0.987117,31,5.7,-12.06475,101.4988,32,-5.7,-30.39218,231.9053
44.72705,NaN,NaN,NaN,-1.010507,2.947024,0.08498964,-0.07462202,0.04501289,-0.09871904,-0.9912921,-1.127349,2.908104,0.08278286,0.07958771,-0.1401867,0.9869213,31,5.7,-11.75163,99.27087,32,-5.7,-30.07906,229.6773
44.74451,NaN,NaN,NaN,-0.8018371,2.952996,0.08581592,-0.07450021,0.04249712,-0.1007714,-0.9912058,-0.891494,2.925819,0.08365178,0.0793291,-0.1422936,0.9866405,31,5.7,-11.52194,97.63654,32,-5.7,-29.84937,228.043
44.76953,NaN,NaN,NaN,-0.388777,2.96322,0.08731174,-0.07154905,0.03730979,-0.1004541,-0.9916642,-0.5243294,2.925819,0.08365178,0.0793291,-0.1422936,0.9866405,31,5.7,-11.19026,95.2765,32,-5.7,-29.51768,225.6829
44.78625,25.44615,-39.35041,303.5378,-0.1809871,2.967426,0.08819216,-0.06927215,0.03496341,-0.09766893,-0.9921894,-0.2869978,2.941788,0.08488953,0.08369466,-0.1375514,0.9869523,31,5.7,-10.96942,93.70515,32,-5.7,-29.29685,224.1116
44.81067,24.30638,-38.41589,301.3314,0.2394629,2.973889,0.08992817,-0.06528851,0.03171473,-0.09362676,-0.9929581,0.1409471,2.955369,0.08635044,0.07922278,-0.1356295,0.9875872,31,5.7,-10.64686,91.41003,32,-5.7,-28.97429,221.8165
44.82788,24.30951,-38.0993,299.0262,0.4510234,2.975716,0.09088977,-0.0630971,0.03079148,-0.0915895,-0.9933187,0.3290008,2.955369,0.08635044,0.07922278,-0.1356295,0.9875872,31,5.7,-10.41806,89.78204,32,-5.7,-28.74549,220.1885
44.85254,22.82565,-39.64639,299.3338,0.8738705,2.978403,0.09292407,-0.06105342,0.03003196,-0.08773361,-0.9938176,0.7601222,2.966127,0.08823907,0.07280704,-0.1406036,0.9873853,31,5.7,-10.09267,87.46674,32,-5.7,-28.4201,217.8732
44.87036,22.8404,-39.3154,297.0097,1.083251,2.979465,0.09428632,-0.0592072,0.03001999,-0.08508059,-0.9941603,0.9462385,2.966127,0.08823907,0.07280704,-0.1406036,0.9873853,31,5.7,-9.856431,85.78584,32,-5.7,-28.18386,216.1923
44.89429,22.81054,-38.03774,292.9215,1.50157,2.978417,0.09676858,-0.05662319,0.0304453,-0.07936487,-0.9947704,1.374118,2.97337,0.0904485,0.07230677,-0.1383338,0.9877427,31,5.7,-9.541476,83.54482,32,-5.7,-27.86891,213.9513
44.91138,NaN,NaN,NaN,1.711378,2.977079,0.09819302,-0.05533981,0.03150025,-0.07791676,-0.9949243,1.616626,2.97708,0.09295738,0.06897407,-0.1438042,0.9871995,31,5.7,-9.314083,81.92683,32,-5.7,-27.64151,212.3333
44.93652,NaN,NaN,NaN,2.125282,2.973991,0.1014213,-0.05395868,0.03234008,-0.07485752,-0.995208,1.984541,2.97708,0.09295738,0.06897407,-0.1438042,0.9871995,31,5.7,-8.983043,79.57136,32,-5.7,-27.31047,209.9778
44.95337,18.40229,-37.12852,264.5424,2.333813,2.970505,0.1028245,-0.05290255,0.03210694,-0.07348623,-0.9953745,2.22569,2.977396,0.09589684,0.06036961,-0.1496717,0.986891,31,5.7,-8.758987,77.97712,32,-5.7,-27.08642,208.3836
44.97754,12.85,-27.71488,197.9155,2.738101,2.965659,0.1070727,-0.05280953,0.03055348,-0.068326,-0.9957958,2.640628,2.974546,0.09930623,0.05093408,-0.1531081,0.9868959,31,5.7,-8.439432,75.70336,32,-5.7,-26.76686,206.1098
44.995,12.85,-27.18583,194.5054,2.936102,2.962725,0.1097446,-0.05027457,0.03087847,-0.06573302,-0.9960915,2.816629,2.974546,0.09930623,0.05093408,-0.1531081,0.9868959,31,5.7,-8.209443,74.0669,32,-5.7,-26.53687,204.4734
45.01941,12.85,-27.44645,196.2272,3.324655,2.954769,0.1147991,-0.04711681,0.03230745,-0.0621375,-0.9964313,3.216963,2.969238,0.1033772,0.04847984,-0.153072,0.9870251,31,5.7,-7.886479,71.7689,32,-5.7,-26.21391,202.1754
45.03748,12.85,-26.92146,192.8419,3.51171,2.951283,0.1176266,-0.04786583,0.03294229,-0.05967619,-0.9965252,3.383235,2.969238,0.1033772,0.04847984,-0.153072,0.9870251,31,5.7,-7.646939,70.06448,32,-5.7,-25.97437,200.4709
45.06128,12.85,-29.41592,211.2519,3.885101,2.942296,0.1232591,-0.04681169,0.03427589,-0.0564183,-0.9967201,3.768614,2.962631,0.1085219,0.04247518,-0.15144,0.9875534,31,5.7,-7.333377,67.83337,32,-5.7,-25.66081,198.2398
45.0791,8.419126,-17.76168,126.7401,4.068591,2.93591,0.1259311,-0.04691207,0.03505244,-0.05558832,-0.9967349,3.983418,2.95436,0.1145558,0.03454988,-0.1613581,0.986291,31,5.7,-7.097473,66.15483,32,-5.7,-25.42491,196.5613
45.10352,8.729472,-17.7617,126.7402,4.417727,2.925412,0.131982,-0.04804357,0.03540727,-0.04945683,-0.9969916,4.29376,2.95436,0.1145558,0.03454988,-0.1613581,0.986291,31,5.7,-6.775239,63.86202,32,-5.7,-25.10267,194.2685
45.12036,8.390558,-17.38154,124.0352,4.585834,2.920223,0.1353951,-0.04651367,0.03639246,-0.04675364,-0.9971591,4.493238,2.943939,0.1209455,0.03102203,-0.1617876,0.9863379,31,5.7,-6.551337,62.26888,32,-5.7,-24.87877,192.6753
45.14441,8.425252,-18.68834,133.3336,4.913446,2.910417,0.1422169,-0.04501781,0.03877144,-0.04325769,-0.9972958,4.832546,2.931604,0.1279671,0.0266133,-0.1601518,0.9867336,31,5.7,-6.234023,60.01106,32,-5.7,-24.56146,190.4175
45.16199,8.563527,-18.68834,133.3336,5.069008,2.905714,0.1457663,-0.04478388,0.04018015,-0.04308805,-0.997258,4.970823,2.931604,0.1279671,0.0266133,-0.1601518,0.9867336,31,5.7,-6.001303,58.35518,32,-5.7,-24.32874,188.7616
45.18616,7.600316,-15.01629,107.2056,5.376375,2.895277,0.1525734,-0.04372324,0.04178842,-0.04324713,-0.997232,5.289712,2.919213,0.1356789,0.02127894,-0.1651728,0.9860351,31,5.7,-5.681474,56.07947,32,-5.7,-24.00891,186.4859
45.20435,7.732393,-15.01629,107.2056,5.524961,2.889456,0.1553421,-0.04443654,0.04153273,-0.04412427,-0.9971728,5.421789,2.919213,0.1356789,0.02127894,-0.1651728,0.9860351,31,5.7,-5.441784,54.37399,32,-5.7,-23.76922,184.7804
45.22791,7.441059,-16.23961,115.91,5.807584,2.877962,0.1603196,-0.04632349,0.04051751,-0.04156082,-0.9972388,5.716138,2.907121,0.143682,0.01469872,-0.1631569,0.9864906,31,5.7,-5.129619,52.15282,32,-5.7,-23.45705,182.5592
45.24585,7.236738,-15.78686,112.6885,5.94143,2.871914,0.1627255,-0.04801653,0.04185036,-0.04164026,-0.9971004,5.876045,2.894441,0.1511207,0.01192694,-0.1637483,0.98643,31,5.7,-4.893372,50.47184,32,-5.7,-23.22081,180.8783
45.27026,7.459976,-15.78685,112.6884,6.192573,2.860911,0.1673994,-0.05060945,0.04261441,-0.03682545,-0.9971293,6.099284,2.894441,0.1511207,0.01192694,-0.1637483,0.98643,31,5.7,-4.569077,48.16436,32,-5.7,-22.89651,178.5708
45.28748,7.087651,-10.98616,78.52972,6.311607,2.854621,0.1695901,-0.05130711,0.04302725,-0.0348784,-0.9971458,6.243732,2.881084,0.1581203,0.01060284,-0.1742259,0.9846486,31,5.7,-4.342076,46.54917,32,-5.7,-22.66951,176.9556
45.31152,6.258342,-9.30679,66.58035,6.534594,2.842488,0.1731887,-0.05512557,0.04334058,-0.03157399,-0.9970386,6.477554,2.867409,0.164223,-0.003246518,-0.180297,0.9836069,31,5.7,-4.024952,44.29271,32,-5.7,-22.35239,174.6991
45.32959,6.342933,-9.306791,66.58035,6.62976,2.838,0.1741012,-0.05990142,0.04253451,-0.02770987,-0.9969127,6.562146,2.867409,0.164223,-0.003246518,-0.180297,0.9836069,31,5.7,-3.78543,42.58842,32,-5.7,-22.11287,172.9949
45.35327,6.136684,-8.651196,61.91555,6.800616,2.833372,0.1773099,-0.06761465,0.0404252,-0.02038072,-0.9966839,6.746461,2.853246,0.1690799,-0.009707999,-0.1831567,0.9830358,31,5.7,-3.471887,40.35745,32,-5.7,-21.79932,170.7639
45.3717,6.205561,-8.651195,61.91554,6.878102,2.832872,0.1798807,-0.06525628,0.04119593,-0.02200091,-0.996775,6.815338,2.853246,0.1690799,-0.009707999,-0.1831567,0.9830358,31,5.7,-3.229206,38.63068,32,-5.7,-21.55664,169.0371
45.39502,6.33573,-8.226553,58.89406,7.018597,2.828579,0.1838363,-0.05860732,0.04222313,-0.02646935,-0.9970365,6.968585,2.840993,0.173141,-0.0105903,-0.1852056,0.9826427,31,5.7,-2.920323,36.43287,32,-5.7,-21.24776,166.8393
45.41309,5.265219,-11.11437,79.44194,7.081591,2.825678,0.1846329,-0.0557512,0.04274504,-0.02829865,-0.9971278,7.048462,2.833598,0.177471,-0.02215154,-0.1732622,0.9846266,31,5.7,-2.68168,34.73484,32,-5.7,-21.00912,165.1413
45.43713,5.359245,-11.11437,79.44196,7.187371,2.819373,0.186542,-0.05436862,0.0407061,-0.02805118,-0.9972965,7.142488,2.833598,0.177471,-0.02215154,-0.1732622,0.9846266,31,5.7,-2.363854,32.47338,32,-5.7,-20.69129,162.8798
45.45435,4.879522,-13.5944,97.0883,7.222328,2.81669,0.1876792,-0.05618635,0.03880254,-0.02478544,-0.9973581,7.193646,2.828274,0.1817662,-0.02353776,-0.1670406,0.985669,31,5.7,-2.135414,30.84795,32,-5.7,-20.46285,161.2544
45.47852,5.188454,-10.73835,76.7664,7.274144,2.815045,0.1900022,-0.05824665,0.03580213,-0.01600107,-0.9975317,7.255974,2.822193,0.1851212,-0.02657481,-0.1742997,0.984334,31,5.7,-1.815902,28.5745,32,-5.7,-20.14334,158.9809
45.49622,5.208842,-10.73834,76.76639,7.297081,2.813493,0.1909835,-0.05627687,0.03569289,-0.01713951,-0.9976298,7.276363,2.822193,0.1851212,-0.02657481,-0.1742997,0.984334,31,5.7,-1.58325,26.9191,32,-5.7,-19.91068,157.3255
45.52051,5.012364,-8.612681,61.64152,7.320893,2.807928,0.1915596,-0.0559257,0.03722648,-0.02560397,-0.9974122,7.309125,2.816935,0.1878053,-0.03671897,-0.1827284,0.9824775,31,5.7,-1.26105,24.62653,32,-5.7,-19.58849,155.033
45.53833,5.008946,-8.612681,61.64152,7.317048,2.805956,0.1910822,-0.06134054,0.03860154,-0.02676279,-0.9970111,7.305707,2.816935,0.1878053,-0.03671897,-0.1827284,0.9824775,31,5.7,-1.025547,22.95083,32,-5.7,-19.35298,153.3573
45.56213,5.10242,-8.520388,60.98481,7.293163,2.803916,0.1904049,-0.06892131,0.0393234,-0.02100619,-0.9966255,7.2919,2.812653,0.1901584,-0.0353823,-0.1831434,0.9824493,31,5.7,-0.7101802,20.70688,32,-5.7,-19.03761,151.1133
45.57959,4.604066,-6.928746,49.65969,7.266607,2.804222,0.1903409,-0.0680981,0.04065245,-0.01958632,-0.9966576,7.271547,2.807737,0.1909503,-0.05283365,-0.1928462,0.9798056,31,5.7,-0.4795307,19.06573,32,-5.7,-18.80696,149.4722
45.604,4.536626,-6.928749,49.65971,7.190739,2.806446,0.1904582,-0.06524808,0.04330001,-0.0149722,-0.9968168,7.204108,2.807737,0.1909503,-0.05283365,-0.1928462,0.9798056,31,5.7,-0.1569928,16.77075,32,-5.7,-18.48443,147.1772
45.62134,4.536394,-5.448767,39.12909,7.141605,2.807538,0.1904083,-0.06229364,0.04623862,-0.01365762,-0.9968927,7.158996,2.804328,0.1906698,-0.06574629,-0.2068976,0.976151,31,5.7,0.07111017,15.14771,32,-5.7,-18.25632,145.5541
45.64575,3.969735,-5.471571,39.29135,7.021513,2.811513,0.1894259,-0.06190431,0.05034699,-0.007624595,-0.9967823,7.045741,2.804264,0.1904517,-0.07673653,-0.2064556,0.9754422,31,5.7,0.3947354,12.845,32,-5.7,-17.9327,143.2514
45.66333,3.90368,-5.471571,39.29135,6.947201,2.815393,0.188816,-0.06342372,0.05170897,-0.002861137,-0.9966421,6.979686,2.804264,0.1904517,-0.07673653,-0.2064556,0.9754422,31,5.7,0.6272842,11.19033,32,-5.7,-17.70015,141.5968
45.6875,3.354161,-5.284964,37.96357,6.782403,2.82417,0.1876716,-0.06655616,0.05342947,0.004929019,-0.996339,6.821676,2.806854,0.1900333,-0.08940158,-0.2086282,0.9739003,31,5.7,0.946461,8.91927,32,-5.7,-17.38097,139.3257
45.70496,3.27247,-5.284964,37.96357,6.690501,2.828719,0.1866108,-0.06841035,0.05276164,0.008131944,-0.996228,6.739985,2.806854,0.1900333,-0.08940158,-0.2086282,0.9739003,31,5.7,1.177249,7.277129,32,-5.7,-17.15018,137.6836
45.72925,3.417069,-4.43941,31.94714,6.489444,2.837777,0.1827622,-0.07322463,0.05368277,0.008853236,-0.9958303,6.544661,2.812947,0.1893942,-0.09557165,-0.2216144,0.9704396,31,5.7,1.49918,4.986469,32,-5.7,-16.82825,135.3929
45.74683,3.682662,-3.572549,25.77911,6.372304,2.843248,0.1804532,-0.07455795,0.05351131,0.01044508,-0.9957252,6.419415,2.822097,0.1875619,-0.103196,-0.2411258,0.9649917,31,5.7,1.731127,3.336082,32,-5.7,-16.5963,133.7425
45.77112,3.463548,-3.572549,25.77911,6.125801,2.85441,0.1748135,-0.07446477,0.05444075,0.01657462,-0.9955986,6.200301,2.822097,0.1875619,-0.103196,-0.2411258,0.9649917,31,5.7,2.052551,1.049034,32,-5.7,-16.27488,131.4555
45.7887,3.556887,-3.137121,22.68088,5.991695,2.860631,0.1715724,-0.07332755,0.05512017,0.01915489,-0.9955993,6.055676,2.832973,0.1839876,-0.1067434,-0.2550307,0.961023,32,-5.7,-16.04364,129.8101,33,0.7,-34.13615,258.5452
45.81299,3.156633,-3.039397,21.98554,5.718606,2.872062,0.1652012,-0.06894772,0.05555236,0.02226406,-0.9958235,5.783175,2.845413,0.1787336,-0.1155079,-0.2587971,0.9590005,32,-5.7,-15.72162,127.5188,33,0.7,-33.81413,256.2538
45.83044,3.025967,-3.039397,21.98553,5.571606,2.877884,0.1616772,-0.067032,0.05451336,0.02270591,-0.9960017,5.652509,2.845413,0.1787336,-0.1155079,-0.2587971,0.9590005,32,-5.7,-15.49131,125.88,33,0.7,-33.58381,254.6151
45.85461,2.492316,-2.948666,21.33995,5.268927,2.888837,0.1536382,-0.06343415,0.05127804,0.0247938,-0.9963594,5.349874,2.859021,0.1722093,-0.1290956,-0.2623731,0.9562922,32,-5.7,-15.17065,123.5984,33,0.7,-33.26316,252.3335
45.87219,2.350164,-2.948665,21.33994,5.109006,2.894722,0.1495367,-0.06245707,0.04828454,0.02726476,-0.9965061,5.207722,2.859021,0.1722093,-0.1290956,-0.2623731,0.9562922,32,-5.7,-14.93914,121.9512,33,0.7,-33.03165,250.6862
45.89636,2.382835,-2.394072,17.39381,4.784801,2.906259,0.1412782,-0.05995334,0.04357472,0.02970606,-0.9968072,4.882349,2.872855,0.1638541,-0.137415,-0.2895581,0.9472451,32,-5.7,-14.61882,119.672,33,0.7,-32.71133,248.407
45.91394,2.163591,-2.528917,18.35327,4.615827,2.912165,0.1371711,-0.05874392,0.04067036,0.03108174,-0.9969599,4.692173,2.886556,0.1545634,-0.1320063,-0.2827184,0.9500761,32,-5.7,-14.3872,118.0239,33,0.7,-32.47971,246.759
45.93823,1.85563,-2.528917,18.35328,4.269369,2.923607,0.128971,-0.05664411,0.03532171,0.0338816,-0.997194,4.384211,2.886556,0.1545634,-0.1320063,-0.2827184,0.9500761,32,-5.7,-14.06566,115.7361,33,0.7,-32.15817,244.4711
45.95569,0.4016607,-4.799272,34.5077,4.090087,2.929049,0.1248129,-0.05597011,0.03255072,0.03522083,-0.99728,4.182402,2.900287,0.1448747,-0.1067486,-0.2173958,0.9702287,32,-5.7,-13.8354,114.0976,33,0.7,-31.92791,242.8327
45.97998,-3.118888,-10.11564,72.33568,3.725047,2.939472,0.1167574,-0.05561864,0.02724075,0.0374953,-0.9973758,3.813283,2.914074,0.1349965,-0.09406729,-0.176809,0.9797397,32,-5.7,-13.51409,111.8114,33,0.7,-31.6066,240.5465
45.99744,-3.284728,-10.11563,72.33565,3.538474,2.943903,0.1127247,-0.05465192,0.02519256,0.03827675,-0.9974535,3.64744,2.914074,0.1349965,-0.09406729,-0.176809,0.9797397,32,-5.7,-13.2823,110.1621,33,0.7,-31.37481,238.8972
46.02173,-10.56297,-20.00352,142.6918,3.160758,2.95227,0.1051715,-0.05180247,0.0217378,0.03971743,-0.9976304,3.264968,2.927338,0.1250688,-0.09532584,-0.1580788,0.9828144,32,-5.7,-12.96166,107.8806,33,0.7,-31.05417,236.6157
46.03931,-10.73463,-20.0035,142.6916,2.967625,2.956165,0.1016489,-0.0506951,0.02064144,0.04066692,-0.9976724,3.093294,2.927338,0.1250688,-0.09532584,-0.1580788,0.9828144,32,-5.7,-12.72902,106.2253,33,0.7,-30.82153,234.9604
46.06348,-12.85,-22.23172,161.3442,2.578692,2.963567,0.09459266,-0.04937928,0.01817787,0.04335968,-0.9976729,2.699065,2.9394,0.1154302,-0.09485713,-0.1535565,0.9835764,32,-5.7,-12.40996,103.9552,33,0.7,-30.50248,232.6902
46.08105,-21.33887,-36.0238,256.6821,2.379375,2.966841,0.09130888,-0.04960254,0.0171517,0.04508527,-0.9976035,2.472013,2.950131,0.1062925,-0.09136628,-0.1495495,0.9845238,32,-5.7,-12.17766,102.3022,33,0.7,-30.27017,231.0373
46.10535,-21.69491,-36.02385,256.6823,1.978859,2.971794,0.08486627,-0.05060662,0.01484856,0.04879955,-0.9974153,2.115998,2.950131,0.1062925,-0.09136628,-0.1495495,0.9845238,32,-5.7,-11.85683,100.0194,33,0.7,-29.94934,228.7545
46.12292,-22.81086,-36.26239,260.6911,1.776284,2.974017,0.08195449,-0.05125397,0.01295763,0.05127712,-0.9972842,1.884429,2.959291,0.09769452,-0.09330135,-0.1481836,0.9845489,32,-5.7,-11.62394,98.36232,33,0.7,-29.71646,227.0974
46.14697,-12.85,-21.45778,154.1722,1.374231,2.977348,0.07655691,-0.0520757,0.009832747,0.05345241,-0.9971632,1.474373,2.966753,0.08964801,-0.09143452,-0.1559053,0.9835311,32,-5.7,-11.3052,96.09437,33,0.7,-29.39772,224.8295
46.16455,-12.85,-21.15209,152.2437,1.172538,2.978578,0.07382571,-0.0523742,0.008654959,0.05249188,-0.9972095,1.29509,2.966753,0.08964801,-0.09143452,-0.1559053,0.9835311,32,-5.7,-11.07317,94.44334,33,0.7,-29.16568,223.1784
46.18872,-12.31199,-21.48328,153.2208,0.767005,2.981237,0.0688204,-0.05389699,0.006208689,0.05323951,-0.997107,0.8812447,2.972436,0.08228445,-0.08476807,-0.1571308,0.983933,32,-5.7,-10.75471,92.1774,33,0.7,-28.84722,220.9125
46.20654,-10.28182,-17.76726,126.78,0.5635004,2.981647,0.0665208,-0.05391669,0.005223922,0.05323843,-0.9971116,0.6466896,2.976598,0.07561576,-0.08481214,-0.1609855,0.983306,32,-5.7,-10.51894,90.49977,33,0.7,-28.61145,219.2348
46.23047,-10.64294,-17.76726,126.78,0.1572358,2.981666,0.06201176,-0.05304347,0.00188902,0.0558043,-0.99703,0.2855656,2.976598,0.07561576,-0.08481214,-0.1609855,0.983306,32,-5.7,-10.20125,88.23929,33,0.7,-28.29376,216.9744
46.24817,-8.057974,-14.26962,101.8929,-0.04734582,2.980252,0.05939843,-0.05440145,-0.0001535043,0.05695034,-0.9968938,0.04985011,2.97951,0.06960273,-0.07826702,-0.1665106,0.9829285,32,-5.7,-9.967702,86.57755,33,0.7,-28.06021,215.3126
46.27222,-8.414903,-14.26962,101.893,-0.4488898,2.979711,0.05484954,-0.0586192,-0.003076889,0.05578373,-0.9967158,-0.3070779,2.97951,0.06960273,-0.07826702,-0.1665106,0.9829285,32,-5.7,-9.649376,84.31254,33,0.7,-27.74189,213.0476
46.28979,-8.467574,-15.37092,109.729,-0.6530062,2.978694,0.05248957,-0.06109666,-0.003698833,0.05301049,-0.9967164,-0.5425704,2.98036,0.06391239,-0.07109406,-0.1646267,0.9837905,32,-5.7,-9.417129,82.66001,33,0.7,-27.50964,211.3951
46.31409,-8.827648,-18.46991,131.7796,-1.056518,2.976845,0.04794995,-0.06325684,-0.004912853,0.05153269,-0.9966539,-0.9553399,2.979451,0.05804634,-0.05888543,-0.1604428,0.9852871,32,-5.7,-9.096694,80.38,33,0.7,-27.18921,209.1151
46.33154,-9.006051,-18.46992,131.7796,-1.25722,2.975271,0.04586314,-0.06424031,-0.00564196,0.05188669,-0.9965687,-1.133741,2.979451,0.05804634,-0.05888543,-0.1604428,0.9852871,32,-5.7,-8.865211,78.73292,33,0.7,-26.95773,207.468
46.35583,-10.26835,-22.85274,162.965,-1.654179,2.973548,0.04191454,-0.06575366,-0.006717861,0.05057672,-0.9965307,-1.540349,2.977736,0.05255914,-0.05283985,-0.1563794,0.9862826,32,-5.7,-8.543763,76.44569,33,0.7,-26.63628,205.1808
46.37378,-10.44147,-22.85274,162.965,-1.848939,2.974192,0.04078756,-0.06569172,-0.00672242,0.04912867,-0.9966072,-1.713469,2.977736,0.05255914,-0.05283985,-0.1563794,0.9862826,32,-5.7,-8.307559,74.76501,33,0.7,-26.40007,203.5001
46.39746,-10.42334,-23.68678,168.8995,-2.241351,2.97104,0.03697506,-0.06605905,-0.006038227,0.04668483,-0.9967048,-2.115768,2.975324,0.04740345,-0.04854083,-0.1557858,0.9865975,32,-5.7,-7.993342,72.52925,33,0.7,-26.08586,201.2643
46.41528,-10.24199,-23.84387,170.0172,-2.435582,2.969966,0.0349462,-0.06744111,-0.005583704,0.04582615,-0.9966546,-2.341397,2.973311,0.04280448,-0.04586484,-0.1556802,0.9867422,32,-5.7,-7.759264,70.86369,33,0.7,-25.85178,199.5988
46.43945,-9.248276,-19.74304,140.8383,-2.818059,2.968485,0.03200068,-0.0701431,-0.005617253,0.04649559,-0.9964369,-2.733925,2.970969,0.03840208,-0.04562858,-0.1590962,0.9862081,32,-5.7,-7.439668,68.58965,33,0.7,-25.53218,197.3247
46.45679,-9.416136,-19.74305,140.8385,-3.006897,2.967818,0.03081877,-0.06953917,-0.005479783,0.04697938,-0.9964574,-2.901782,2.970969,0.03840208,-0.04562858,-0.1590962,0.9862081,32,-5.7,-7.209118,66.9492,33,0.7,-25.30163,195.6843
46.48108,-10.10106,-20.69152,147.5872,-3.380459,2.966198,0.02764849,-0.06961144,-0.003943242,0.04543395,-0.9965312,-3.285239,2.968746,0.0343771,-0.04556236,-0.1581642,0.9863611,32,-5.7,-6.88812,64.66518,33,0.7,-24.98063,193.4003
46.4989,-10.2683,-20.69152,147.5872,-3.56861,2.964239,0.02568951,-0.07165232,-0.002608448,0.04496682,-0.9964122,-3.452484,2.968746,0.0343771,-0.04556236,-0.1581642,0.9863611,32,-5.7,-6.653199,62.99364,33,0.7,-24.74571,191.7287
46.52295,-12.31989,-25.85684,184.3402,-3.934714,2.961872,0.02160942,-0.07688556,-7.295609E-05,0.04331237,-0.9960988,-3.828436,2.966849,0.03077567,-0.04547136,-0.1543497,0.9869694,32,-5.7,-6.334267,60.72432,33,0.7,-24.42678,189.4594
46.54041,-12.47915,-25.85684,184.3402,-4.113885,2.960427,0.01980285,-0.07841058,0.0008564517,0.04276178,-0.9960033,-3.987699,2.966849,0.03077567,-0.04547136,-0.1543497,0.9869694,32,-5.7,-6.104999,59.09299,33,0.7,-24.19751,187.8281
46.5647,-10.72738,-20.14947,143.7302,-4.471014,2.957912,0.01696596,-0.075933,0.0005967095,0.04267226,-0.9961993,-4.354771,2.964339,0.02643669,-0.0437408,-0.1586504,0.9863654,32,-5.7,-5.783367,56.80446,33,0.7,-23.87588,185.5395
46.58203,-9.04342,-18.21684,129.9789,-4.646043,2.955852,0.01532904,-0.07439542,-0.0002240986,0.04211555,-0.9963391,-4.559278,2.961297,0.02201295,-0.03403586,-0.1607479,0.9864085,32,-5.7,-5.553566,55.16934,33,0.7,-23.64608,183.9044
46.60645,-8.786916,-19.47795,138.9522,-4.985927,2.953407,0.01227054,-0.07387025,-0.001113482,0.03820875,-0.9965351,-4.909446,2.957994,0.01821077,-0.02754131,-0.1593606,0.9868362,32,-5.7,-5.231428,52.8772,33,0.7,-23.32394,181.6123
46.62402,-8.933429,-19.47795,138.9522,-5.150755,2.951155,0.01050409,-0.07456447,-0.00157392,0.03664394,-0.9965415,-5.055959,2.957994,0.01821077,-0.02754131,-0.1593606,0.9868362,32,-5.7,-4.998972,51.2232,33,0.7,-23.09149,179.9583
46.64819,-8.17345,-19.77791,141.0865,-5.474212,2.946824,0.007039526,-0.07754695,-0.002091505,0.03370236,-0.9964167,-5.390015,2.954499,0.01454675,-0.01947562,-0.1590582,0.9870771,32,-5.7,-4.679248,48.94825,33,0.7,-22.77176,177.6833
46.66577,-8.314567,-19.77791,141.0865,-5.632967,2.944964,0.005379817,-0.07897869,-0.001770779,0.032515,-0.9963443,-5.531131,2.954499,0.01454675,-0.01947562,-0.1590582,0.9870771,32,-5.7,-4.447183,47.29702,33,0.7,-22.5397,176.0321
46.68994,-7.234866,-16.42805,117.251,-5.940538,2.940451,0.001686631,-0.08163774,-0.0006129295,0.03065456,-0.9961904,-5.84941,2.950215,0.01066041,-0.01165823,-0.163063,0.9865468,32,-5.7,-4.127084,45.01939,33,0.7,-22.2196,173.7545
46.70752,-6.844348,-13.39246,95.6516,-6.086475,2.937677,-0.0004029979,-0.08371393,0.0003459156,0.02879589,-0.9960736,-6.022145,2.945499,0.00660336,-0.008473341,-0.1683737,0.9856868,32,-5.7,-3.894768,43.36637,33,0.7,-21.98728,172.1015
46.73181,-7.095253,-13.39245,95.65154,-6.368744,2.932648,-0.00429333,-0.08654577,0.002293319,0.0234785,-0.9959686,-6.27305,2.945499,0.00660336,-0.008473341,-0.1683737,0.9856868,32,-5.7,-3.573009,41.07695,33,0.7,-21.66552,169.812
46.74951,-6.601016,-12.27339,87.68906,-6.501391,2.930649,-0.005761561,-0.0856441,0.003392734,0.02017059,-0.9961158,-6.432072,2.940117,0.002177477,-0.001898285,-0.170944,0.9852789,32,-5.7,-3.339881,39.41816,33,0.7,-21.4324,168.1532
46.77356,-6.895864,-12.59106,89.94939,-6.755812,2.92618,-0.008400043,-0.08128165,0.004777066,0.01451498,-0.996574,-6.696911,2.934353,-0.002358317,-0.002179521,-0.170082,0.9854275,32,-5.7,-3.020991,37.14913,33,0.7,-21.1135,165.8842
46.79126,-6.999586,-12.59107,89.94946,-6.872499,2.923306,-0.009717286,-0.0782708,0.005162492,0.01182235,-0.9968487,-6.800633,2.934353,-0.002358317,-0.002179521,-0.170082,0.9854275,32,-5.7,-2.78724,35.48591,33,0.7,-20.87975,164.221
46.81543,-6.769724,-14.26322,101.8474,-7.097467,2.918081,-0.0123866,-0.07630218,0.004832901,0.008134544,-0.9970399,-7.036515,2.928733,-0.006259561,0.00258284,-0.1664359,0.9860489,32,-5.7,-2.468742,33.21968,33,0.7,-20.56125,161.9547
46.83276,-6.862245,-14.26321,101.8474,-7.201553,2.915143,-0.01377026,-0.07733708,0.004223369,0.007159578,-0.9969704,-7.129036,2.928733,-0.006259561,0.00258284,-0.1664359,0.9860489,32,-5.7,-2.238552,31.58179,33,0.7,-20.33106,160.3168
46.8573,-6.245715,-13.4864,96.32005,-7.394558,2.909822,-0.01616306,-0.07997654,0.00545191,0.0001407904,-0.9967819,-7.333465,2.922749,-0.009611726,0.01113093,-0.1679143,0.9857388,32,-5.7,-1.914186,29.27381,33,0.7,-20.0067,158.0089
46.87463,-5.890499,-11.89595,85.00344,-7.481676,2.907208,-0.01729069,-0.08194105,0.006901473,-0.004748421,-0.996602,-7.440643,2.916416,-0.01277351,0.01796004,-0.1716165,0.9850001,32,-5.7,-1.685364,27.64565,33,0.7,-19.77788,156.3807
46.89905,-6.036548,-11.89595,85.00341,-7.645981,2.902306,-0.01950624,-0.08550253,0.01011039,-0.01261487,-0.9962068,-7.586693,2.916416,-0.01277351,0.01796004,-0.1716165,0.9850001,32,-5.7,-1.362178,25.34607,33,0.7,-19.45469,154.0811
46.91638,-6.100909,-9.294541,66.49342,-7.71749,2.899921,-0.02079102,-0.08787822,0.01217626,-0.01540213,-0.9959378,-7.677049,2.910057,-0.0155139,0.02330267,-0.1804405,0.9833098,32,-5.7,-1.132559,23.71224,33,0.7,-19.22507,152.4473
46.9408,-6.342529,-7.961517,57.00846,-7.846652,2.894353,-0.02372721,-0.09252907,0.01529115,-0.01876971,-0.9954156,-7.814934,2.903874,-0.01841509,0.0253551,-0.187104,0.9820129,32,-5.7,-0.8104427,21.42027,33,0.7,-18.90295,150.1553
46.95813,-6.388932,-7.961519,57.00847,-7.898856,2.891888,-0.02514166,-0.09519304,0.01669956,-0.01985081,-0.9951208,-7.861337,2.903874,-0.01841509,0.0253551,-0.187104,0.9820129,32,-5.7,-0.5813274,19.79003,33,0.7,-18.67384,148.5251
46.98254,-3.546091,-12.67191,90.52463,-7.994518,2.887108,-0.02787755,-0.09875472,0.01937382,-0.02138948,-0.9946933,-7.965983,2.897711,-0.02156031,0.04805208,-0.1692694,0.9843978,32,-5.7,-0.2591276,17.49746,33,0.7,-18.35164,146.2325
47,-3.58142,-12.67192,90.5247,-8.034266,2.884925,-0.02908057,-0.09851573,0.02063618,-0.0214489,-0.9946904,-8.001315,2.897711,-0.02156031,0.04805208,-0.1692694,0.9843978,32,-5.7,-0.02696449,15.84553,33,0.7,-18.11948,144.5806
47.02429,8.197361,-44.50358,317.0186,-8.099505,2.880353,-0.0315092,-0.09805153,0.02343152,-0.02299646,-0.9946397,-8.075473,2.891608,-0.02484643,0.05069746,-0.1476581,0.9877383,32,-5.7,0.293292,13.56679,33,0.7,-17.79922,142.3018
47.04175,NaN,NaN,NaN,-8.11949,2.878679,-0.03264868,-0.09743261,0.02521759,-0.02523389,-0.9946026,-8.106201,2.885899,-0.02791214,0.05646996,-0.1385054,0.9887504,32,-5.7,0.5249076,11.91876,33,0.7,-17.56761,140.6538
47.06604,NaN,NaN,NaN,-8.150228,2.876145,-0.03427093,-0.09399521,0.02865794,-0.02886958,-0.9947413,-8.133524,2.885899,-0.02791214,0.05646996,-0.1385054,0.9887504,32,-5.7,0.8454348,9.638088,33,0.7,-17.24708,138.3732
47.0835,NaN,NaN,NaN,-8.155093,2.874759,-0.03501646,-0.09078445,0.03121306,-0.03151752,-0.9948822,-8.146881,2.880668,-0.03095806,0.04933371,-0.1298693,0.9903031,32,-5.7,1.076358,7.994987,33,0.7,-17.01616,136.7301
47.10779,NaN,NaN,NaN,-8.15023,2.871594,-0.03678908,-0.08616899,0.03520415,-0.03592438,-0.9950101,-8.148148,2.876561,-0.03343999,0.05527403,-0.1228381,0.9908863,32,-5.7,1.398082,5.705797,33,0.7,-16.69443,134.4409
47.12537,NaN,NaN,NaN,-8.138278,2.870039,-0.03744455,-0.08461358,0.03701241,-0.03911673,-0.9949575,-8.137524,2.876561,-0.03343999,0.05527403,-0.1228381,0.9908863,32,-5.7,1.629398,4.059898,33,0.7,-16.46312,132.795
47.14954,NaN,NaN,NaN,-8.097746,2.867249,-0.03857218,-0.08168753,0.04180444,-0.04776947,-0.9946344,-8.103966,2.873162,-0.03521967,0.05500195,-0.1146634,0.9918806,32,-5.7,1.950069,1.77821,33,0.7,-16.14244,130.5133
47.16711,NaN,NaN,NaN,-8.066197,2.865783,-0.03900691,-0.07953427,0.04428225,-0.05136884,-0.9945223,-8.075922,2.873162,-0.03521967,0.05500195,-0.1146634,0.9918806,32,-5.7,2.181063,0.1345992,33,0.7,-15.91145,128.8697
47.19128,NaN,NaN,NaN,-7.988256,2.863347,-0.03966449,-0.07471792,0.04854771,-0.05704458,-0.9943874,-8.004972,2.869635,-0.03701854,0.05414131,-0.1220352,0.991048,33,0.7,-15.59082,126.5883,34,-5.7,-33.68341,255.3238
47.20886,NaN,NaN,NaN,-7.936997,2.862341,-0.03995391,-0.0727017,0.05017706,-0.05814087,-0.9943925,-7.953712,2.866094,-0.03856051,0.04927895,-0.1188809,0.9916849,33,0.7,-15.35917,124.94,34,-5.7,-33.45177,253.6756
47.23303,NaN,NaN,NaN,-7.819618,2.860731,-0.04009271,-0.06960753,0.05420848,-0.06326789,-0.9940893,-7.849374,2.866094,-0.03856051,0.04927895,-0.1188809,0.9916849,33,0.7,-15.03865,122.6594,34,-5.7,-33.13124,251.3949
47.25073,NaN,NaN,NaN,-7.75139,2.860803,-0.0396228,-0.06871004,0.0559532,-0.06564182,-0.9939011,-7.779193,2.863031,-0.03954852,0.05422557,-0.1250602,0.9906663,33,0.7,-14.8056,121.0012,34,-5.7,-32.8982,249.7367
47.27478,NaN,NaN,NaN,-7.598996,2.862491,-0.0384521,-0.06782739,0.058886,-0.06907138,-0.9935598,-7.630359,2.861056,-0.03955281,0.05712897,-0.1273325,0.9902135,33,0.7,-14.48656,118.731,34,-5.7,-32.57915,247.4666
47.29285,NaN,NaN,NaN,-7.509148,2.863122,-0.0379283,-0.06658515,0.05993428,-0.07001644,-0.993515,-7.550494,2.861056,-0.03955281,0.05712897,-0.1273325,0.9902135,33,0.7,-14.24831,117.0358,34,-5.7,-32.3409,245.7713
47.31665,NaN,NaN,NaN,-7.315718,2.864604,-0.03723384,-0.069633,0.06265711,-0.06953704,-0.9931717,-7.360988,2.860567,-0.03920436,0.0571161,-0.1278117,0.9901525,33,0.7,-13.93423,114.801,34,-5.7,-32.02682,243.5365
47.33508,NaN,NaN,NaN,-7.210634,2.866106,-0.03675927,-0.0735319,0.06494786,-0.06495619,-0.9930537,-7.267581,2.860567,-0.03920436,0.0571161,-0.1278117,0.9901525,33,0.7,-13.69065,113.0678,34,-5.7,-31.78324,241.8034
47.3584,NaN,NaN,NaN,-6.988357,2.869389,-0.03515702,-0.07755255,0.07098337,-0.05349613,-0.9930182,-7.048368,2.8617,-0.03830755,0.05641188,-0.1356122,0.9891547,33,0.7,-13.38197,110.8715,34,-5.7,-31.47457,239.607
47.3761,NaN,NaN,NaN,-6.864136,2.871749,-0.0337016,-0.07788642,0.07402646,-0.04852286,-0.9930254,-6.912621,2.864122,-0.03701174,0.06008443,-0.1422049,0.988012,33,0.7,-13.1477,109.2046,34,-5.7,-31.2403,237.9401
47.40015,NaN,NaN,NaN,-6.599646,2.876304,-0.03112405,-0.07707775,0.07694132,-0.04244133,-0.9931454,-6.677519,2.864122,-0.03701174,0.06008443,-0.1422049,0.988012,33,0.7,-12.82912,106.9378,34,-5.7,-30.92172,235.6733
47.41772,NaN,NaN,NaN,-6.455198,2.87857,-0.02975511,-0.0759381,0.07656151,-0.04165043,-0.9932961,-6.520229,2.867961,-0.03502095,0.05600669,-0.1424202,0.9882205,33,0.7,-12.59651,105.2826,34,-5.7,-30.6891,234.0181
47.44202,NaN,NaN,NaN,-6.152277,2.882756,-0.02706566,-0.07455591,0.07525727,-0.04168772,-0.9934989,-6.217889,2.872752,-0.03254187,0.06463434,-0.1423931,0.9876976,33,0.7,-12.27681,103.0079,34,-5.7,-30.36941,231.7434
47.45972,NaN,NaN,NaN,-5.990025,2.884864,-0.02563289,-0.07483546,0.07402726,-0.04369934,-0.9934838,-6.073665,2.872752,-0.03254187,0.06463434,-0.1423931,0.9876976,33,0.7,-12.04243,101.3402,34,-5.7,-30.13503,230.0757
47.48376,NaN,NaN,NaN,-5.65831,2.889503,-0.02208443,-0.07475761,0.07194427,-0.04635512,-0.9935223,-5.741596,2.877955,-0.02951288,0.06833711,-0.1404234,0.9877304,33,0.7,-11.72478,99.07996,34,-5.7,-29.81737,227.8155
47.50183,NaN,NaN,NaN,-5.485258,2.892325,-0.01971981,-0.07412131,0.07094899,-0.04773975,-0.993576,-5.587771,2.877955,-0.02951288,0.06833711,-0.1404234,0.9877304,33,0.7,-11.48595,97.38057,34,-5.7,-29.57854,226.1161
47.52551,NaN,NaN,NaN,-5.125627,2.897518,-0.01557122,-0.07223425,0.06890952,-0.0483779,-0.9938276,-5.227255,2.883256,-0.02555513,0.07061108,-0.138321,0.9878671,33,0.7,-11.17237,95.14936,34,-5.7,-29.26496,223.8849
47.54321,20.57698,-47.98143,366.1075,-4.93514,2.900643,-0.01312253,-0.0717387,0.06835074,-0.04970771,-0.9938365,-5.013757,2.888952,-0.02141368,0.06906507,-0.1372906,0.9881201,33,0.7,-10.93822,93.48328,34,-5.7,-29.03081,222.2188
47.5675,20.65782,-47.46117,362.3631,-4.549764,2.907634,-0.007795771,-0.07001693,0.06752461,-0.05251332,-0.9938715,-4.6712,2.888952,-0.02141368,0.06906507,-0.1372906,0.9881201,33,0.7,-10.6167,91.19554,34,-5.7,-28.70929,219.9311
47.58472,NaN,NaN,NaN,-4.350947,2.91152,-0.004895481,-0.06850692,0.06769449,-0.05337793,-0.9939191,-4.447237,2.895295,-0.0166055,0.0725785,-0.1384251,0.9877099,33,0.7,-10.39017,89.58372,34,-5.7,-28.48276,218.3192
47.60901,22.32562,-45.70367,355.031,-3.948344,2.918776,0.001421451,-0.06656556,0.06612238,-0.04944849,-0.99436,-4.039448,2.902749,-0.01079571,0.07337444,-0.1352725,0.9880878,33,0.7,-10.06796,87.29108,34,-5.7,-28.16055,216.0266
47.62634,22.33976,-45.3881,352.726,-3.739873,2.922099,0.004865756,-0.06606057,0.06403903,-0.0460215,-0.9946944,-3.854141,2.902749,-0.01079571,0.07337444,-0.1352725,0.9880878,33,0.7,-9.839079,85.66251,34,-5.7,-27.93167,214.398
47.65088,NaN,NaN,NaN,-3.313624,2.928925,0.01197703,-0.06596634,0.05973591,-0.04323991,-0.9950932,-3.423203,2.911095,-0.003952384,0.07064798,-0.1397227,0.9876671,33,0.7,-9.515084,83.35716,34,-5.7,-27.60768,212.0927
47.66895,NaN,NaN,NaN,-3.096808,2.932015,0.01596205,-0.06614897,0.05702714,-0.04261299,-0.995267,-3.230478,2.911095,-0.003952384,0.07064798,-0.1397227,0.9876671,33,0.7,-9.27593,81.65549,34,-5.7,-27.36852,210.391
47.69275,22.04153,-45.48931,346.4865,-2.661927,2.937694,0.02414618,-0.06694172,0.05269293,-0.04010282,-0.9955571,-2.789474,2.919622,0.003680944,0.0707984,-0.138024,0.9878952,33,0.7,-8.960361,79.4101,34,-5.7,-27.05296,208.1456
47.71008,22.66512,-45.8483,347.1151,-2.441028,2.940453,0.02864512,-0.06677029,0.05050131,-0.03756549,-0.9957812,-2.536731,2.927664,0.0122788,0.07171474,-0.138798,0.9877207,33,0.7,-8.732328,77.78757,34,-5.7,-26.82492,206.5231
47.7345,22.733,-45.21356,342.5969,-1.995606,2.945995,0.03809039,-0.06633985,0.04625735,-0.03333226,-0.9961668,-2.1408,2.927664,0.0122788,0.07171474,-0.138798,0.9877207,33,0.7,-8.408447,75.48303,34,-5.7,-26.50104,204.2186
47.75183,NaN,NaN,NaN,-1.772493,2.948901,0.04302702,-0.06715143,0.04376166,-0.03104698,-0.996299,-1.884424,2.934865,0.02196634,0.06401192,-0.1397059,0.9881218,33,0.7,-8.180635,73.86207,34,-5.7,-26.27323,202.5976
47.77612,NaN,NaN,NaN,-1.325725,2.953598,0.05264155,-0.06956881,0.03946251,-0.02841817,-0.9963911,-1.428655,2.941747,0.03263342,0.06390167,-0.1436081,0.9875694,33,0.7,-7.858415,71.56935,34,-5.7,-25.95101,200.3049
47.79346,NaN,NaN,NaN,-1.101967,2.955708,0.05742697,-0.07184069,0.03675046,-0.02702717,-0.9963723,-1.229759,2.941747,0.03263342,0.06390167,-0.1436081,0.9875694,33,0.7,-7.629944,69.9437,34,-5.7,-25.72254,198.6792
47.81787,NaN,NaN,NaN,-0.6551388,2.960293,0.06752322,-0.07593056,0.03242519,-0.02554994,-0.9962582,-0.773579,2.94812,0.04390883,0.06646374,-0.1392054,0.9880306,33,0.7,-7.306643,67.64329,34,-5.7,-25.39924,196.3788
47.83606,NaN,NaN,NaN,-0.4316364,2.963321,0.07278655,-0.07749471,0.03078135,-0.02562998,-0.9961878,-0.5749102,2.94812,0.04390883,0.06646374,-0.1392054,0.9880306,33,0.7,-7.06693,65.93764,34,-5.7,-25.15952,194.6732
47.85974,17.86762,-44.87402,319.6544,0.01329242,2.966874,0.08313816,-0.0769938,0.02814391,-0.02527172,-0.9963138,-0.1200219,2.953861,0.05550814,0.05557604,-0.1477729,0.9874586,33,0.7,-6.753371,63.70655,34,-5.7,-24.84596,192.4421
47.87695,12.85,-29.97267,213.9366,0.2336998,2.968087,0.08827469,-0.07657985,0.02867109,-0.02746249,-0.9962727,0.1356211,2.959624,0.06735575,0.05865564,-0.1519276,0.9866496,33,0.7,-6.525044,62.08192,34,-5.7,-24.61764,190.8174
47.9021,12.85,-28.973,207.4445,0.6678922,2.96972,0.09870921,-0.07541525,0.02853185,-0.02854322,-0.9963352,0.5215699,2.959624,0.06735575,0.05865564,-0.1519276,0.9866496,33,0.7,-6.19304,59.71959,34,-5.7,-24.28563,188.4551
47.91882,9.209981,-25.82697,184.1277,0.8800339,2.970091,0.1038915,-0.07633483,0.02900164,-0.02734476,-0.9962852,0.769166,2.964386,0.07979226,0.04526452,-0.1543959,0.9869717,33,0.7,-5.971303,58.14185,34,-5.7,-24.0639,186.8774
47.94336,8.617154,-34.3328,244.6497,1.305188,2.970145,0.1142507,-0.07611048,0.02969795,-0.0245548,-0.9963545,1.205368,2.967454,0.09230924,0.02994701,-0.1507101,0.9881243,33,0.7,-5.648154,55.84253,34,-5.7,-23.74075,184.578
47.96033,8.80691,-34.33289,244.6504,1.51864,2.968517,0.1193624,-0.074798,0.03018959,-0.02358876,-0.9964625,1.395103,2.967454,0.09230924,0.02994701,-0.1507101,0.9881243,33,0.7,-5.422758,54.23875,34,-5.7,-23.51535,182.9743
47.97717,4.738675,-31.28255,222.9461,1.727462,2.967888,0.1245623,-0.07532676,0.03075763,-0.0229378,-0.9964205,1.638073,2.968761,0.1046489,0.01375113,-0.1519042,0.9882995,33,0.7,-5.200377,52.65643,34,-5.7,-23.29297,181.392
47.9989,5.106293,-31.28255,222.9461,2.141032,2.963954,0.1345817,-0.07341073,0.03149324,-0.02136136,-0.9965755,2.005691,2.968761,0.1046489,0.01375113,-0.1519042,0.9882995,33,0.7,-4.912992,50.61158,34,-5.7,-23.00559,179.3471
48.01599,3.61469,-20.53544,146.4764,2.339622,2.961205,0.1393232,-0.07220287,0.0312382,-0.01856557,-0.9967278,2.238778,2.967811,0.1169213,0.009281575,-0.1585475,0.9873077,33,0.7,-4.687438,49.00667,34,-5.7,-22.78003,177.7422
48.03259,3.790223,-20.53544,146.4764,2.537097,2.957777,0.1438735,-0.07227331,0.03141508,-0.01592639,-0.9967628,2.414312,2.967811,0.1169213,0.009281575,-0.1585475,0.9873077,33,0.7,-4.468337,47.44769,34,-5.7,-22.56093,176.1832
48.05481,2.991161,-15.61775,111.4855,2.915213,2.950688,0.1529425,-0.07305738,0.02921209,-0.007691829,-0.9968702,2.80574,2.964502,0.1291606,0.001642385,-0.1645957,0.9863597,33,0.7,-4.174056,45.35377,34,-5.7,-22.26665,174.0893
48.07214,3.152469,-15.61802,111.4872,3.096682,2.947778,0.1576248,-0.07424167,0.02794335,-0.003418619,-0.9968429,2.967046,2.964502,0.1291606,0.001642385,-0.1645957,0.9863597,33,0.7,-3.945517,43.72763,34,-5.7,-22.03811,172.4632
48.09644,2.551076,-14.73207,105.1836,3.451161,2.940729,0.1656585,-0.07404487,0.02541072,0.002266217,-0.9969286,3.335619,2.95851,0.140798,-0.007364891,-0.1660699,0.9860865,33,0.7,-3.624255,41.44173,34,-5.7,-21.71685,170.1773
48.11365,2.64018,-13.66109,97.56319,3.615904,2.936747,0.1692952,-0.074485,0.02397172,0.004189367,-0.9969252,3.533057,2.950914,0.1511446,-0.009035187,-0.1680996,0.9857286,33,0.7,-3.396746,39.82292,34,-5.7,-21.48934,168.5584
48.13831,2.922572,-13.66108,97.56316,3.933595,2.929957,0.1764202,-0.07773683,0.02097237,0.008073009,-0.9967207,3.815449,2.950914,0.1511446,-0.009035187,-0.1680996,0.9857286,33,0.7,-3.069622,37.49531,34,-5.7,-21.16222,166.2308
48.15527,2.045825,-12.91713,92.26963,4.083335,2.926581,0.179769,-0.07925177,0.0190645,0.009094894,-0.9966308,3.996474,2.942587,0.1615376,-0.02086617,-0.1696519,0.9852831,33,0.7,-2.84585,35.90309,34,-5.7,-20.93844,164.6386
48.17993,2.177712,-14.32982,102.3212,4.369373,2.919533,0.1864017,-0.07958968,0.01604306,0.009987878,-0.9966486,4.295258,2.934056,0.1710137,-0.02043561,-0.166607,0.9858116,33,0.7,-2.519409,33.58035,34,-5.7,-20.612,162.3159
48.19714,2.296613,-14.32982,102.3212,4.503136,2.915753,0.1893117,-0.07864538,0.01528777,0.0095008,-0.9967402,4.414158,2.934056,0.1710137,-0.02043561,-0.166607,0.9858116,33,0.7,-2.29246,31.96552,34,-5.7,-20.38505,160.701
48.22168,NaN,NaN,NaN,4.757326,2.907927,0.1945887,-0.07617844,0.01597307,0.005397302,-0.9969516,4.681185,2.925613,0.1794972,-0.03304116,-0.1460831,0.9887204,33,0.7,-1.967253,29.65155,34,-5.7,-20.05985,158.3871
48.23877,NaN,NaN,NaN,4.873842,2.903804,0.1967471,-0.07412405,0.01729062,0.003539494,-0.9970929,4.784755,2.925613,0.1794972,-0.03304116,-0.1460831,0.9887204,33,0.7,-1.741378,28.04436,34,-5.7,-19.83397,156.7799
48.26331,NaN,NaN,NaN,5.087794,2.895065,0.2002219,-0.07191632,0.01877649,0.004058558,-0.9972257,5.012588,2.916948,0.1870604,-0.04399858,-0.144346,0.9885486,33,0.7,-1.418009,25.74347,34,-5.7,-19.5106,154.479
48.2804,NaN,NaN,NaN,5.182144,2.89037,0.2012348,-0.07147351,0.01802906,0.007618436,-0.9972504,5.130719,2.907706,0.1935166,-0.04759322,-0.1398124,0.9890336,33,0.7,-1.191764,24.13365,34,-5.7,-19.28436,152.8692
48.30505,NaN,NaN,NaN,5.35945,2.881739,0.2023556,-0.07207755,0.01679756,0.00948245,-0.9972125,5.288324,2.907706,0.1935166,-0.04759322,-0.1398124,0.9890336,33,0.7,-0.8649073,21.80795,34,-5.7,-18.9575,150.5435
48.32227,-12.85,-47.89583,342.1167,5.44019,2.877577,0.2021973,-0.07264329,0.01670902,0.00672563,-0.9971953,5.390321,2.897673,0.1983654,-0.05269462,-0.1467378,0.9877709,33,0.7,-0.6378255,20.19218,34,-5.7,-18.73042,148.9277
48.34692,-3.141467,-22.89067,163.2349,5.587589,2.869594,0.201412,-0.07238003,0.01604582,0.002397837,-0.9972453,5.547637,2.887241,0.2010665,-0.05256955,-0.1559578,0.9863638,33,0.7,-0.3126923,17.87873,34,-5.7,-18.40529,146.6143
48.36401,-3.082477,-22.89067,163.2349,5.653952,2.865896,0.2006273,-0.07150681,0.01618697,-0.001464026,-0.9973077,5.606627,2.887241,0.2010665,-0.05256955,-0.1559578,0.9863638,33,0.7,-0.08527032,16.26054,34,-5.7,-18.17786,144.9961
48.38855,-3.222859,-23.00739,164.0654,5.774105,2.859711,0.1989676,-0.06912408,0.01609044,-0.006296247,-0.9974585,5.736106,2.87707,0.2017696,-0.05392509,-0.1558017,0.9863153,33,0.7,0.238797,13.95469,34,-5.7,-17.8538,142.6902
48.40588,-3.179459,-23.00739,164.0654,5.82293,2.856856,0.1980118,-0.06520242,0.01588844,-0.008199173,-0.9977118,5.779506,2.87707,0.2017696,-0.05392509,-0.1558017,0.9863153,33,0.7,0.4678035,12.32522,34,-5.7,-17.62479,141.0607
48.4303,NaN,NaN,NaN,5.91256,2.85254,0.1956597,-0.05993991,0.0156455,-0.008740617,-0.9980412,5.878508,2.867664,0.2009668,-0.05467372,-0.14482,0.9879463,33,0.7,0.7910499,10.0252,34,-5.7,-17.30154,138.7607
48.44763,NaN,NaN,NaN,5.950788,2.850912,0.19414,-0.05792036,0.01573277,-0.008469529,-0.9981613,5.928748,2.859673,0.1991488,-0.06044899,-0.1372536,0.9886897,33,0.7,1.019773,8.397751,34,-5.7,-17.07282,137.1333
48.47217,NaN,NaN,NaN,6.020367,2.847586,0.1904505,-0.05549102,0.0158588,-0.009427211,-0.9982888,5.990597,2.859673,0.1991488,-0.06044899,-0.1372536,0.9886897,33,0.7,1.343658,6.093191,34,-5.7,-16.74894,134.8287
48.48962,NaN,NaN,NaN,6.049363,2.846074,0.1881847,-0.05528866,0.01581495,-0.01062737,-0.9982886,6.029596,2.853602,0.1966548,-0.06268436,-0.1306635,0.9894431,33,0.7,1.57398,4.454367,34,-5.7,-16.51861,133.1899
48.51379,NaN,NaN,NaN,6.097069,2.843831,0.1836216,-0.05446335,0.01504639,-0.01197475,-0.9983306,6.082694,2.848978,0.1930147,-0.06959782,-0.133608,0.9885874,33,0.7,1.894355,2.174776,34,-5.7,-16.19824,130.9103
48.53162,NaN,NaN,NaN,6.114244,2.843019,0.1812475,-0.05334425,0.0142058,-0.01236052,-0.9983986,6.097961,2.848978,0.1930147,-0.06959782,-0.133608,0.9885874,33,0.7,2.129549,0.5012861,34,-5.7,-15.96305,129.2368
48.55554,NaN,NaN,NaN,6.137203,2.842137,0.1761585,-0.05009429,0.01183371,-0.01185139,-0.9986041,6.126816,2.845317,0.1883072,-0.06839395,-0.1382405,0.9880344,34,-5.7,-15.6459,126.9802,35,5.7,-33.9067,256.9124
48.57336,NaN,NaN,NaN,6.140566,2.842681,0.1734609,-0.04831761,0.009883076,-0.01072271,-0.9987256,6.129805,2.845317,0.1883072,-0.06839395,-0.1382405,0.9880344,34,-5.7,-15.40989,125.3009,35,5.7,-33.67069,255.2331
48.59729,NaN,NaN,NaN,6.139301,2.843861,0.1677255,-0.04384372,0.005991563,-0.009829836,-0.9989721,6.134752,2.842677,0.1829453,-0.06539863,-0.1368138,0.9884356,34,-5.7,-15.09422,123.0548,35,5.7,-33.35502,252.987
48.61511,NaN,NaN,NaN,6.13018,2.844893,0.1645077,-0.04300162,0.00398425,-0.01005877,-0.9990164,6.130133,2.841653,0.1769596,-0.0741002,-0.1371386,0.9877764,34,-5.7,-14.85836,121.3765,35,5.7,-33.11916,251.3088
48.63904,NaN,NaN,NaN,6.099395,2.84768,0.1580091,-0.04082787,-0.0002086088,-0.009314196,-0.9991228,6.102769,2.841653,0.1769596,-0.0741002,-0.1371386,0.9877764,34,-5.7,-14.54189,119.1248,35,5.7,-32.8027,249.057
48.65698,NaN,NaN,NaN,6.07344,2.849878,0.1545546,-0.0406725,-0.002623372,-0.008336152,-0.9991343,6.080593,2.842399,0.1702402,-0.07721789,-0.1360755,0.9876846,34,-5.7,-14.30545,117.4424,35,5.7,-32.56625,247.3746
48.68091,-20.43185,-41.95275,335.3763,6.005088,2.85533,0.1477259,-0.03991226,-0.008441776,-0.003950011,-0.9991598,6.017822,2.844703,0.1628766,-0.07797062,-0.1320578,0.9881707,34,-5.7,-13.98916,115.1919,35,5.7,-32.24995,245.1241
48.69873,-20.3031,-41.66557,333.2273,5.959179,2.859823,0.1443946,-0.04111545,-0.01150245,-0.0004989575,-0.999088,5.977014,2.844703,0.1628766,-0.07797062,-0.1320578,0.9881707,34,-5.7,-13.75265,113.509,35,5.7,-32.01345,243.4412
48.72266,NaN,NaN,NaN,5.851748,2.869281,0.1379196,-0.04023465,-0.01727642,0.004361772,-0.9990314,5.876003,2.849101,0.1550155,-0.07636746,-0.1361748,0.9877371,34,-5.7,-13.43637,111.2586,35,5.7,-31.69717,241.1908
48.74048,NaN,NaN,NaN,5.785315,2.875312,0.1347419,-0.04000919,-0.01921546,0.006107977,-0.9989959,5.807591,2.856428,0.1469731,-0.07984018,-0.1382686,0.9871714,34,-5.7,-13.20094,109.5834,35,5.7,-31.46174,239.5156
48.7644,NaN,NaN,NaN,5.6396,2.887819,0.1278854,-0.04182182,-0.02195461,0.009593958,-0.9988378,5.678067,2.856428,0.1469731,-0.07984018,-0.1382686,0.9871714,34,-5.7,-12.88436,107.3308,35,5.7,-31.14516,237.263
48.78223,NaN,NaN,NaN,5.556361,2.894285,0.1242571,-0.04390465,-0.02191863,0.0101953,-0.9987432,5.590623,2.867169,0.1390518,-0.08089183,-0.1382163,0.9870931,34,-5.7,-12.64849,105.6525,35,5.7,-30.90929,235.5847
48.80615,NaN,NaN,NaN,5.376293,2.907587,0.1168355,-0.04787048,-0.02200941,0.01209779,-0.9985378,5.412984,2.880772,0.1309428,-0.09004586,-0.1435915,0.9855319,34,-5.7,-12.33268,103.4054,35,5.7,-30.59348,233.3376
48.82397,NaN,NaN,NaN,5.275971,2.914224,0.1130611,-0.04949996,-0.02111365,0.01241585,-0.9984738,5.32381,2.880772,0.1309428,-0.09004586,-0.1435915,0.9855319,34,-5.7,-12.09697,101.7283,35,5.7,-30.35777,231.6605
48.84802,-21.11431,-36.29692,258.6253,5.065381,2.92737,0.1057419,-0.05084024,-0.02027103,0.01431837,-0.9983984,5.115133,2.895983,0.1223826,-0.09981914,-0.1491531,0.9837629,34,-5.7,-11.77991,99.47224,35,5.7,-30.04071,229.4044
48.8656,-21.21518,-36.29692,258.6253,4.951897,2.93292,0.1019392,-0.050085,-0.01951089,0.01548648,-0.9984343,5.014258,2.895983,0.1223826,-0.09981914,-0.1491531,0.9837629,34,-5.7,-11.54677,97.81338,35,5.7,-29.80757,227.7456
48.88977,-31.46901,-49.49487,352.5335,4.716685,2.943588,0.09454861,-0.04905659,-0.01818295,0.01783065,-0.9984713,4.780188,2.911823,0.1136374,-0.1012167,-0.1463325,0.9840437,34,-5.7,-11.22748,95.5415,35,5.7,-29.48828,225.4737
48.90735,-29.8859,-44.50861,317.0545,4.591507,2.94834,0.09085333,-0.04843217,-0.0174784,0.01938723,-0.9984854,4.640818,2.926901,0.104779,-0.1071146,-0.1471625,0.9832953,34,-5.7,-10.99453,93.88399,35,5.7,-29.25533,223.8162
48.93152,-30.11536,-44.50861,317.0545,4.333374,2.957606,0.08331378,-0.0481489,-0.01623097,0.02217009,-0.9984622,4.411366,2.926901,0.104779,-0.1071146,-0.1471625,0.9832953,34,-5.7,-10.67497,91.61018,35,5.7,-28.93576,221.5424
48.9491,NaN,NaN,NaN,4.197351,2.961768,0.07962247,-0.04833581,-0.01573825,0.02351421,-0.9984304,4.259629,2.940385,0.0957408,-0.1102525,-0.1417882,0.983738,34,-5.7,-10.44324,89.96139,35,5.7,-28.70404,219.8936
48.97327,NaN,NaN,NaN,3.917155,2.969196,0.07245818,-0.049255,-0.01526767,0.0262084,-0.9983256,4.010566,2.940385,0.0957408,-0.1102525,-0.1417882,0.983738,34,-5.7,-10.12258,87.67976,35,5.7,-28.38338,217.612
48.99072,-33.59492,-47.89466,341.1475,3.769838,2.972756,0.06896213,-0.05055207,-0.01550856,0.02846222,-0.9981953,3.846279,2.952092,0.08682907,-0.1079442,-0.1465929,0.9832897,34,-5.7,-9.891795,86.03764,35,5.7,-28.15259,215.9698
49.01514,-32.96645,-45.94791,327.2956,3.472157,2.979612,0.06198606,-0.05268543,-0.01523856,0.03194493,-0.9979838,3.545964,2.962156,0.07811844,-0.1096926,-0.1469383,0.9830446,34,-5.7,-9.570458,83.75121,35,5.7,-27.83126,213.6834
49.03271,-33.10291,-45.94791,327.2956,3.318641,2.982909,0.05842669,-0.05399891,-0.01496158,0.0330877,-0.9978805,3.409505,2.962156,0.07811844,-0.1096926,-0.1469383,0.9830446,34,-5.7,-9.337281,82.09206,35,5.7,-27.59808,212.0243
49.05688,-22.024,-31.89589,227.3104,3.00763,2.98847,0.05102629,-0.0555432,-0.01464409,0.03441133,-0.9977557,3.095166,2.971072,0.0695802,-0.1086147,-0.150764,0.9825849,34,-5.7,-9.018098,79.82095,35,5.7,-27.2789,209.7532
49.07434,-12.32684,-19.51375,139.2067,2.849246,2.990519,0.04733869,-0.05616371,-0.01448307,0.03384385,-0.9977428,2.914691,2.97916,0.06092262,-0.107506,-0.1586536,0.981464,34,-5.7,-8.787002,78.17662,35,5.7,-27.0478,208.1088
49.09851,-12.61167,-19.51375,139.2067,2.528806,2.994178,0.04002112,-0.0569831,-0.01525611,0.03430334,-0.997669,2.629855,2.97916,0.06092262,-0.107506,-0.1586536,0.981464,34,-5.7,-8.466876,75.89881,35,5.7,-26.72767,205.831
49.11609,-10.80313,-16.79791,119.8825,2.366426,2.994882,0.03626316,-0.05604013,-0.01605358,0.03440088,-0.9977066,2.444422,2.985967,0.0523355,-0.108433,-0.1619337,0.9808261,34,-5.7,-8.235493,74.25243,35,5.7,-26.49629,204.1846
49.14038,-11.66835,-17.64004,125.8746,2.042948,2.996526,0.02896811,-0.05558691,-0.01708444,0.03370403,-0.9977386,2.114712,2.990989,0.04360843,-0.107467,-0.1608609,0.9811088,34,-5.7,-7.914025,71.96507,35,5.7,-26.17482,201.8973
49.1582,-11.81347,-17.64005,125.8747,1.879692,2.996408,0.02504115,-0.05462194,-0.0174816,0.03236648,-0.9978293,1.969596,2.990989,0.04360843,-0.107467,-0.1608609,0.9811088,34,-5.7,-7.678759,70.29107,35,5.7,-25.93956,200.2233
49.18213,-12.73671,-18.46317,131.7315,1.554695,2.996241,0.01742743,-0.05519706,-0.01785174,0.03058802,-0.9978471,1.637987,2.994077,0.03481221,-0.1071098,-0.1598838,0.9813076,34,-5.7,-7.361259,68.03194,35,5.7,-25.62206,197.9641
49.19983,-12.85,-18.41598,131.4418,1.391673,2.995964,0.01341014,-0.05661562,-0.01884685,0.03304626,-0.997671,1.493078,2.994077,0.03481221,-0.1071098,-0.1598838,0.9813076,34,-5.7,-7.128074,66.37274,35,5.7,-25.38887,196.3049
49.22388,-12.85,-18.31584,130.837,1.070033,2.994545,0.005650293,-0.05795135,-0.02075238,0.03464621,-0.9975022,1.164078,2.995296,0.02583802,-0.1051519,-0.1599039,0.9815161,34,-5.7,-6.809765,64.10786,35,5.7,-25.07056,194.0401
49.24158,-12.41233,-17.44218,124.4667,0.91268,2.992774,0.001932317,-0.05677144,-0.02103032,0.03161187,-0.997665,0.9808391,2.995116,0.01657724,-0.1056025,-0.1611441,0.9812649,34,-5.7,-6.576494,62.44804,35,5.7,-24.83729,192.3802
49.26575,-12.68985,-17.44218,124.4667,0.6004695,2.986794,-0.005208935,-0.05179543,-0.02250547,0.02702698,-0.9980382,0.7033187,2.995116,0.01657724,-0.1056025,-0.1611441,0.9812649,34,-5.7,-6.256666,60.17235,35,5.7,-24.51746,190.1045
49.28333,-12.67055,-17.68108,126.1665,0.4444517,2.982921,-0.00909039,-0.0520066,-0.02294487,0.02353672,-0.9981056,0.5217624,2.993266,0.00737977,-0.1026473,-0.1608638,0.9816244,34,-5.7,-6.023666,58.51447,35,5.7,-24.28446,188.4467
49.30737,-12.85,-16.41948,120.5189,0.1421837,2.98159,-0.01543381,-0.0556883,-0.02489796,0.02195348,-0.9978963,0.2110004,2.988318,-0.001583815,-0.106386,-0.1580827,0.9816781,34,-5.7,-5.705658,56.25173,35,5.7,-23.96646,186.1839
49.3252,-12.85,-16.21914,119.2748,-0.009499043,2.979423,-0.01864921,-0.05447018,-0.02470029,0.02081274,-0.9979929,0.07617128,2.988318,-0.001583815,-0.106386,-0.1580827,0.9816781,34,-5.7,-5.469785,54.5734,35,5.7,-23.73058,184.5056
49.34924,-12.85,-15.91671,116.3073,-0.3107562,2.970907,-0.02578348,-0.05341041,-0.02347465,0.01929924,-0.9981101,-0.2327974,2.983046,-0.0100435,-0.1064597,-0.1594698,0.9814457,34,-5.7,-5.1528,52.31794,35,5.7,-23.4136,182.2501
49.36694,-12.85,-15.709,115.0289,-0.4667545,2.965443,-0.02954512,-0.05741416,-0.02227508,0.02081271,-0.997885,-0.3714625,2.983046,-0.0100435,-0.1064597,-0.1594698,0.9814457,34,-5.7,-4.918619,50.65165,35,5.7,-23.17941,180.5838
49.39099,-12.23309,-14.99304,107.0402,-0.7719099,2.960178,-0.03621189,-0.06423777,-0.02116762,0.0258886,-0.9973742,-0.6831557,2.97746,-0.01803005,-0.105799,-0.1646122,0.9806679,34,-5.7,-4.601126,48.39257,35,5.7,-22.86192,178.3248
49.40881,-12.62592,-14.50934,103.5985,-0.9229416,2.960242,-0.03844792,-0.06428027,-0.02029979,0.02676924,-0.9973662,-0.857901,2.968965,-0.02644753,-0.1112862,-0.1652866,0.9799468,34,-5.7,-4.364699,46.71031,35,5.7,-22.6255,176.6425
49.43286,-12.85,-14.45241,103.261,-1.21816,2.955298,-0.04356068,-0.06044435,-0.0155687,0.02270911,-0.9977918,-1.120317,2.968965,-0.02644753,-0.1112862,-0.1652866,0.9799468,34,-5.7,-4.04654,44.44648,35,5.7,-22.30734,174.3787
49.45068,-11.35923,-12.41147,88.67138,-1.368387,2.950329,-0.04742419,-0.06049676,-0.01298734,0.02036685,-0.9978761,-1.294287,2.961902,-0.03426814,-0.1111058,-0.169705,0.9792118,34,-5.7,-3.811893,42.77689,35,5.7,-22.07269,172.7091
49.47461,-11.17979,-11.97124,85.53895,-1.664561,2.945688,-0.05299435,-0.06786821,-0.00999666,0.02128784,-0.9974171,-1.597517,2.955816,-0.04125917,-0.1096381,-0.1707918,0.9791883,34,-5.7,-3.49475,40.52029,35,5.7,-21.75555,170.4525
49.49255,-11.30766,-11.97125,85.539,-1.808407,2.944404,-0.05494197,-0.06911375,-0.008990794,0.02162195,-0.9973339,-1.72538,2.955816,-0.04125917,-0.1096381,-0.1707918,0.9791883,34,-5.7,-3.258,38.83574,35,5.7,-21.5188,168.7679
49.51636,-9.783916,-9.892625,70.74897,-2.084806,2.942852,-0.05884935,-0.07091624,-0.007028453,0.02019841,-0.997253,-2.010704,2.949247,-0.04813945,-0.1074077,-0.1774449,0.9782519,34,-5.7,-2.943357,36.59693,35,5.7,-21.20415,166.5291
49.53455,-9.908041,-9.892625,70.74897,-2.224449,2.942239,-0.06049194,-0.07121048,-0.007147819,0.02137295,-0.9972067,-2.13483,2.949247,-0.04813945,-0.1074077,-0.1774449,0.9782519,34,-5.7,-2.701718,34.87759,35,5.7,-20.96251,164.8098
49.55798,-10.491,-9.820667,70.23683,-2.505743,2.941179,-0.06369717,-0.07122688,-0.005613603,0.02370385,-0.9971626,-2.42353,2.94439,-0.0541116,-0.1122122,-0.1775521,0.9776931,34,-5.7,-2.392357,32.67637,35,5.7,-20.65315,162.6086
49.57593,-9.917527,-9.864838,70.55112,-2.646862,2.940618,-0.06527879,-0.06977414,-0.003352895,0.02429262,-0.9972614,-2.586511,2.941645,-0.05897355,-0.1016283,-0.1775336,0.9788532,34,-5.7,-2.155536,30.9913,35,5.7,-20.41633,160.9235
49.59985,-10.16419,-9.864838,70.55113,-2.924361,2.939509,-0.06815854,-0.06899344,-0.001177885,0.02893801,-0.9971967,-2.833176,2.941645,-0.05897355,-0.1016283,-0.1775336,0.9788532,34,-5.7,-1.839491,28.74253,35,5.7,-20.10029,158.6747
49.61755,-10.5576,-9.911483,70.88303,-3.058267,2.938833,-0.06916475,-0.06852356,-0.0002047569,0.03032061,-0.9971886,-2.989461,2.940174,-0.06304967,-0.1043927,-0.177272,0.9786096,34,-5.7,-1.605199,27.07545,35,5.7,-19.866,157.0076
49.6416,-10.56349,-9.90582,70.84273,-3.327634,2.936192,-0.07074626,-0.06515671,0.0007792339,0.03365889,-0.9973069,-3.265917,2.938965,-0.06654179,-0.1007509,-0.1773362,0.9789796,34,-5.7,-1.287241,24.81306,35,5.7,-19.54804,154.7452
49.6593,-10.68058,-9.90582,70.84273,-3.459357,2.933974,-0.07116942,-0.06233073,0.00213515,0.03328145,-0.9974982,-3.383004,2.938965,-0.06654179,-0.1007509,-0.1773362,0.9789796,34,-5.7,-1.053628,23.15082,35,5.7,-19.31443,153.083
49.68335,-9.827265,-8.386856,60.03474,-3.70943,2.928135,-0.07274298,-0.0602518,0.004932664,0.02998679,-0.9977205,-3.641612,2.937078,-0.06881452,-0.1006238,-0.1842098,0.9777226,34,-5.7,-0.7348928,20.8829,35,5.7,-18.99569,150.8151
49.70129,-9.929859,-8.386856,60.03474,-3.824849,2.925833,-0.07299854,-0.06013038,0.00646124,0.02485985,-0.99786,-3.744206,2.937078,-0.06881452,-0.1006238,-0.1842098,0.9777226,34,-5.7,-0.4984494,19.20052,35,5.7,-18.75925,149.1327
49.7251,-9.293239,-6.87595,49.28423,-4.052767,2.920358,-0.07273875,-0.05610584,0.006433003,0.02280751,-0.9981436,-3.98203,2.933035,-0.07098997,-0.1049645,-0.1938534,0.9753991,34,-5.7,-0.1834022,16.95884,35,5.7,-18.4442,146.891
49.74268,-8.600877,-6.176754,44.30919,-4.158526,2.916736,-0.07234961,-0.0527931,0.005149484,0.02403934,-0.9983029,-4.10923,2.927297,-0.07245183,-0.098657,-0.1999665,0.9748231,34,-5.7,0.04896738,15.30545,35,5.7,-18.21183,145.2376
49.76697,-8.776483,-6.176754,44.30919,-4.356082,2.909686,-0.07091434,-0.04614754,0.00200063,0.02390667,-0.9986465,-4.284835,2.927297,-0.07245183,-0.098657,-0.1999665,0.9748231,34,-5.7,0.3697438,13.023,35,5.7,-17.89106,142.9552
49.7843,-8.238558,-5.292878,38.02008,-4.445415,2.905197,-0.07007293,-0.04275354,-0.0008648634,0.02357299,-0.9988072,-4.395014,2.920373,-0.07278156,-0.09815638,-0.20975,0.9728156,34,-5.7,0.6001179,11.38381,35,5.7,-17.66068,141.316
49.80859,-7.722752,-4.912048,35.31033,-4.60759,2.895558,-0.06822848,-0.03962234,-0.006103434,0.01966701,-0.9990026,-4.56707,2.912185,-0.07187927,-0.08675611,-0.2151043,0.9727299,34,-5.7,0.921616,9.096231,35,5.7,-17.33918,139.0284
49.82617,-7.782726,-4.912048,35.31034,-4.675061,2.890435,-0.0671373,-0.04051443,-0.009042226,0.01507403,-0.9990243,-4.627045,2.912185,-0.07187927,-0.08675611,-0.2151043,0.9727299,34,-5.7,1.153563,7.445838,35,5.7,-17.10724,137.378
49.85046,-7.086905,-4.060266,29.2496,-4.794418,2.8805,-0.06384017,-0.03943879,-0.01505411,0.008523051,-0.9990723,-4.757626,2.902464,-0.06992674,-0.07706508,-0.2303647,0.970048,34,-5.7,1.474285,5.163787,35,5.7,-16.78652,135.0959
49.86816,-7.128754,-4.060266,29.24959,-4.841499,2.875654,-0.06158362,-0.03628584,-0.01784743,0.005382872,-0.9991676,-4.799475,2.902464,-0.06992674,-0.07706508,-0.2303647,0.970048,34,-5.7,1.707918,3.501405,35,5.7,-16.55288,133.4336
49.89233,-6.826138,-3.668715,26.46357,-4.92406,2.86591,-0.05669386,-0.03189588,-0.02339531,0.0009554185,-0.9992169,-4.893249,2.891195,-0.0672828,-0.07054831,-0.2394296,0.9683473,34,-5.7,2.027441,1.22788,35,5.7,-16.23336,131.16
49.90967,-6.556824,-3.311401,23.92114,-4.951931,2.858365,-0.05456293,-0.03005322,-0.02413503,-0.001109686,-0.9992563,-4.933965,2.879797,-0.06272197,-0.06537669,-0.249412,0.9661882,35,5.7,-16.0028,129.5195,36,-0.7,-34.09533,258.2549
49.9342,-6.592016,-3.311401,23.92114,-4.991521,2.844099,-0.0510805,-0.03178027,-0.02714351,-0.003877918,-0.9991187,-4.969156,2.879797,-0.06272197,-0.06537669,-0.249412,0.9661882,35,5.7,-15.67855,127.2124,36,-0.7,-33.77108,255.9477
49.95154,-6.598099,-2.753009,19.94798,-4.993429,2.839647,-0.04934523,-0.03472554,-0.02854858,-0.007125444,-0.9989637,-4.98279,2.866723,-0.05792499,-0.07749916,-0.2696233,0.9598423,35,5.7,-15.45075,125.5915,36,-0.7,-33.54329,254.3269
49.97583,-6.166719,-2.046209,14.91883,-4.976235,2.830791,-0.04575031,-0.03772616,-0.03123579,-0.01307182,-0.9987143,-4.974955,2.851666,-0.05330372,-0.07543793,-0.3100329,0.9477282,35,5.7,-15.1293,123.3043,36,-0.7,-33.22184,252.0396
49.99341,-6.147923,-2.046209,14.91883,-4.955091,2.825394,-0.0445915,-0.03924215,-0.03344798,-0.01414297,-0.9985696,-4.956159,2.851666,-0.05330372,-0.07543793,-0.3100329,0.9477282,35,5.7,-14.89643,121.6473,36,-0.7,-32.98896,250.3827
50.01746,-6.138812,-1.898529,13.86803,-4.885929,2.814584,-0.04293422,-0.0461843,-0.03637347,-0.01821289,-0.9981044,-4.896919,2.83809,-0.04897642,-0.08417697,-0.321054,0.9433126,35,5.7,-14.57829,119.3836,36,-0.7,-32.67082,248.119
50.03577,-6.092367,-1.898529,13.86803,-4.833679,2.811575,-0.0418236,-0.04907324,-0.03764413,-0.02194048,-0.9978444,-4.850474,2.83809,-0.04897642,-0.08417697,-0.321054,0.9433126,35,5.7,-14.33705,117.6671,36,-0.7,-32.42958,246.4025
50.05933,-5.767402,-1.781286,13.03381,-4.716018,2.806863,-0.03951801,-0.04803843,-0.04162728,-0.02354214,-0.9977,-4.74257,2.825546,-0.04556048,-0.07370342,-0.3313128,0.9406379,35,5.7,-14.02548,115.4502,36,-0.7,-32.11801,244.1855
50.07678,1.909482,-9.322523,66.69237,-4.641397,2.804871,-0.03862411,-0.04645293,-0.0439311,-0.02407172,-0.9976637,-4.667296,2.814954,-0.04275966,0.09650729,-0.1781047,0.9792677,35,5.7,-13.79377,113.8014,36,-0.7,-31.8863,242.5368
50.10156,2.054327,-9.322525,66.69238,-4.478448,2.799665,-0.03764287,-0.04485367,-0.0472995,-0.02364961,-0.9975929,-4.522452,2.814954,-0.04275966,0.09650729,-0.1781047,0.9792677,35,5.7,-13.46673,111.4744,36,-0.7,-31.55926,240.2098
50.11865,NaN,NaN,NaN,-4.381709,2.797703,-0.03703554,-0.04535412,-0.04791266,-0.02443143,-0.9975222,-4.422136,2.807401,-0.04025245,0.11115,-0.1237837,0.9860646,35,5.7,-13.24129,109.8704,36,-0.7,-31.33382,238.6057
50.14282,NaN,NaN,NaN,-4.172198,2.7955,-0.03564537,-0.04432558,-0.04806824,-0.0287491,-0.9974459,-4.216598,2.801466,-0.03822148,0.1184868,-0.1122965,0.9865853,35,5.7,-12.9205,107.5878,36,-0.7,-31.01303,236.3232
50.16028,NaN,NaN,NaN,-4.056111,2.795482,-0.0346944,-0.04246834,-0.04758604,-0.03017625,-0.9975076,-4.113409,2.801466,-0.03822148,0.1184868,-0.1122965,0.9865853,35,5.7,-12.69069,105.9526,36,-0.7,-30.78321,234.688
50.18457,NaN,NaN,NaN,-3.80778,2.797641,-0.03282123,-0.04021377,-0.04616504,-0.03222278,-0.9976038,-3.868475,2.796982,-0.03665018,0.1189897,-0.1101456,0.9867672,35,5.7,-12.3695,103.6672,36,-0.7,-30.46202,232.4026
50.20288,NaN,NaN,NaN,-3.67239,2.799761,-0.03217268,-0.04097209,-0.04485085,-0.03216358,-0.9976348,-3.748129,2.796982,-0.03665018,0.1189897,-0.1101456,0.9867672,35,5.7,-12.12711,101.9425,36,-0.7,-30.21963,230.6779
50.22644,NaN,NaN,NaN,-3.387684,2.806682,-0.03045914,-0.04520147,-0.04302162,-0.03240864,-0.9975248,-3.466393,2.795311,-0.03491688,0.1173944,-0.1078779,0.9872086,35,5.7,-11.81563,99.72623,36,-0.7,-29.90815,228.4616
50.24402,NaN,NaN,NaN,-3.234799,2.81212,-0.02899906,-0.04555441,-0.04301636,-0.03220996,-0.9975154,-3.297677,2.797456,-0.03301573,0.1139316,-0.113399,0.9869956,35,5.7,-11.58305,98.07137,36,-0.7,-29.67558,226.8067
50.26868,NaN,NaN,NaN,-2.913517,2.824397,-0.02587961,-0.04238468,-0.0431472,-0.03542463,-0.9975405,-3.012093,2.797456,-0.03301573,0.1139316,-0.113399,0.9869956,35,5.7,-11.25713,95.75233,36,-0.7,-29.34966,224.4877
50.28564,24.05727,-32.51146,260.969,-2.742397,2.831044,-0.0243298,-0.04220532,-0.04397395,-0.038519,-0.9973972,-2.823106,2.804005,-0.03086579,0.1015325,-0.1333936,0.9858485,35,5.7,-11.03314,94.15857,36,-0.7,-29.12567,222.8939
50.30994,24.09869,-32.79026,259.0931,-2.393542,2.844832,-0.02176951,-0.04460324,-0.0436775,-0.04190676,-0.9971694,-2.472395,2.815956,-0.02777207,0.1010684,-0.1354353,0.9856178,35,5.7,-10.71193,91.87299,36,-0.7,-28.80445,220.6084
50.32751,24.02293,-32.47719,256.8148,-2.215939,2.851457,-0.02114506,-0.04803406,-0.04438628,-0.03990435,-0.9970608,-2.314526,2.815956,-0.02777207,0.1010684,-0.1354353,0.9856178,35,5.7,-10.47952,90.21932,36,-0.7,-28.57204,218.9547
50.35193,24.54296,-32.67892,255.117,-1.842157,2.866563,-0.01885005,-0.05329942,-0.0428249,-0.04109697,-0.9968131,-1.938299,2.831084,-0.02446437,0.1022607,-0.1371263,0.985261,35,5.7,-10.15627,87.91928,36,-0.7,-28.24879,216.6546
50.37061,24.47956,-32.35897,252.8182,-1.645071,2.873689,-0.01784222,-0.05437715,-0.04262673,-0.04181597,-0.9967335,-1.763111,2.831084,-0.02446437,0.1022607,-0.1371263,0.985261,35,5.7,-9.908904,86.15918,36,-0.7,-28.00143,214.8945
50.39343,NaN,NaN,NaN,-1.240604,2.887595,-0.01575423,-0.05576292,-0.04288083,-0.04436996,-0.9965355,-1.35679,2.847652,-0.02172589,0.1021193,-0.1435361,0.9843622,35,5.7,-9.607478,84.01442,36,-0.7,-27.7,212.7498
50.41125,NaN,NaN,NaN,-1.032314,2.894192,-0.01451929,-0.05537474,-0.04403753,-0.04478405,-0.9964882,-1.121888,2.864956,-0.01924622,0.1012282,-0.1416222,0.9847314,35,5.7,-9.372508,82.34252,36,-0.7,-27.46503,211.0779
50.43579,NaN,NaN,NaN,-0.6078144,2.907265,-0.01187753,-0.05630979,-0.0448616,-0.04841018,-0.9962295,-0.7445549,2.864956,-0.01924622,0.1012282,-0.1416222,0.9847314,35,5.7,-9.047852,80.03247,36,-0.7,-27.14038,208.7679
50.45313,NaN,NaN,NaN,-0.3867292,2.913817,-0.0103969,-0.05851198,-0.04414197,-0.05317796,-0.9958916,-0.4954169,2.881904,-0.01648271,0.1025993,-0.1428483,0.9844124,35,5.7,-8.817981,78.39686,36,-0.7,-26.91051,207.1322
50.47705,26.61745,-36.34038,258.9345,0.05890945,2.926291,-0.007420933,-0.06291094,-0.04395604,-0.05793956,-0.9953659,-0.04404476,2.898141,-0.01350725,0.1012753,-0.1490499,0.9836297,35,5.7,-8.501805,76.14715,36,-0.7,-26.59433,204.8825
50.49463,26.82127,-36.34037,258.9345,0.2882058,2.932906,-0.005523717,-0.0647675,-0.04319113,-0.06129908,-0.9950789,0.1597742,2.898141,-0.01350725,0.1012753,-0.1490499,0.9836297,35,5.7,-8.270244,74.4995,36,-0.7,-26.36277,203.2349
50.5188,12.85,-18.81034,134.7431,0.7502334,2.945582,-0.001419194,-0.06624697,-0.04056738,-0.06797364,-0.9946584,0.6279879,2.913904,-0.01024401,0.08918614,-0.1585256,0.9833186,35,5.7,-7.949631,72.21823,36,-0.7,-26.04216,200.9536
50.53674,12.85,-18.43699,132.4272,0.9865392,2.95138,0.0008123253,-0.0664658,-0.03827746,-0.07018147,-0.9945812,0.8380375,2.913904,-0.01024401,0.08918614,-0.1585256,0.9833186,35,5.7,-7.712963,70.53425,36,-0.7,-25.80549,199.2696
50.56055,10.43962,-14.5803,104.1036,1.464426,2.961368,0.005187992,-0.06669176,-0.03370618,-0.073213,-0.994513,1.3226,2.929162,-0.006283402,0.08603805,-0.1652381,0.9824936,35,5.7,-7.398201,68.29459,36,-0.7,-25.49073,197.03
50.57776,11.30595,-17.33012,123.6696,1.707642,2.965276,0.007458354,-0.06742717,-0.03186077,-0.07264421,-0.994566,1.600336,2.943797,-0.001547098,0.07721423,-0.1612918,0.9838816,35,5.7,-7.16969,66.66866,36,-0.7,-25.26222,195.404
50.60303,11.73611,-17.33012,123.6696,2.191577,2.972124,0.01186861,-0.06954364,-0.02816297,-0.07188026,-0.9945873,2.030501,2.943797,-0.001547098,0.07721423,-0.1612918,0.9838816,35,5.7,-6.837057,64.30185,36,-0.7,-24.92958,193.0372
50.61951,10.42378,-16.31669,116.4587,2.438724,2.973956,0.01380397,-0.06956507,-0.02638492,-0.07150238,-0.9946618,2.313266,2.956491,0.003484368,0.06854866,-0.1628936,0.9842595,35,5.7,-6.618405,62.74606,36,-0.7,-24.71093,191.4814
50.64404,8.812597,-13.61631,97.24454,2.928583,2.975163,0.01829245,-0.07082774,-0.02345038,-0.07061093,-0.9947098,2.812917,2.966179,0.008471608,0.06071183,-0.1678013,0.9839496,35,5.7,-6.29439,60.44058,36,-0.7,-24.38692,189.176
50.66138,9.031428,-13.61631,97.24454,3.174768,2.974336,0.02071444,-0.07189954,-0.02238317,-0.06991803,-0.9947065,3.031748,2.966179,0.008471608,0.06071183,-0.1678013,0.9839496,35,5.7,-6.06541,58.8113,36,-0.7,-24.15794,187.5467
50.68579,9.998817,-15.21757,108.6381,3.659969,2.973268,0.02641023,-0.07333156,-0.01969719,-0.06975859,-0.99467,3.527926,2.971922,0.01395166,0.05865217,-0.1648697,0.9845699,35,5.7,-5.742387,56.51287,36,-0.7,-23.83492,185.2483
50.70386,10.21105,-15.21757,108.6381,3.898734,2.973334,0.02967388,-0.07341776,-0.0179879,-0.07033734,-0.9946552,3.740162,2.971922,0.01395166,0.05865217,-0.1648697,0.9845699,35,5.7,-5.503085,54.81015,36,-0.7,-23.59561,183.5455
50.72754,9.01826,-12.59912,90.00681,4.376691,2.97155,0.03583819,-0.07112436,-0.01457442,-0.0724982,-0.9947226,4.230139,2.973431,0.01970339,0.05235776,-0.1702848,0.9840029,35,5.7,-5.190166,52.58363,36,-0.7,-23.2827,181.319
50.745,8.991144,-12.50776,89.35678,4.617637,2.967895,0.03850234,-0.07069946,-0.0127097,-0.07466699,-0.994618,4.508918,2.973003,0.02597713,0.04937837,-0.1705437,0.9841121,35,5.7,-4.959421,50.94178,36,-0.7,-23.05195,179.6772
50.7699,9.407186,-12.50777,89.35681,5.085683,2.961787,0.04502881,-0.07380637,-0.01108368,-0.07248919,-0.9945729,4.924959,2.973003,0.02597713,0.04937837,-0.1705437,0.9841121,35,5.7,-4.630002,48.59785,36,-0.7,-22.72253,177.3332
50.78662,9.065408,-12.27889,87.72828,5.313161,2.95988,0.04909526,-0.07494515,-0.01055533,-0.06864765,-0.994766,5.191124,2.970424,0.03311634,0.04348464,-0.1711571,0.9842837,35,5.7,-4.409359,47.02789,36,-0.7,-22.50189,175.7633
50.81104,8.795931,-11.48194,82.05769,5.760314,2.954135,0.05769992,-0.07297999,-0.006946541,-0.0645731,-0.9952165,5.651617,2.964909,0.04085159,0.03772924,-0.1733508,0.9841372,35,5.7,-4.085744,44.72525,36,-0.7,-22.17827,173.4606
50.82837,8.994235,-11.48193,82.0576,5.983411,2.949851,0.06208199,-0.07215517,-0.004253291,-0.06455357,-0.9952932,5.849926,2.964909,0.04085159,0.03772924,-0.1733508,0.9841372,35,5.7,-3.856422,43.09354,36,-0.7,-21.94895,171.8289
50.85291,8.562222,-10.89085,77.85187,6.425769,2.940065,0.07043163,-0.07276335,0.000788048,-0.06505848,-0.9952248,6.304438,2.958457,0.04975533,0.02855877,-0.1751805,0.984122,35,5.7,-3.53292,40.79171,36,-0.7,-21.62545,169.5271
50.87097,8.752707,-10.89085,77.85187,6.640065,2.934994,0.0750501,-0.07415038,0.002401538,-0.06423601,-0.9951733,6.494924,2.958457,0.04975533,0.02855877,-0.1751805,0.984122,35,5.7,-3.2932,39.08601,36,-0.7,-21.38573,167.8214
50.89465,8.374191,-10.62855,75.98551,7.057652,2.925807,0.08477211,-0.07329001,0.006207667,-0.06223606,-0.9953476,6.925834,2.950145,0.05943882,0.01877461,-0.1760168,0.9842081,35,5.7,-2.980877,36.86372,36,-0.7,-21.07341,165.5991
50.91223,7.912628,-9.778039,69.93378,7.259018,2.921638,0.08984882,-0.07147704,0.009341949,-0.0634091,-0.9953809,7.163378,2.939591,0.06996119,0.01055042,-0.1790815,0.9837776,35,5.7,-2.747941,35.20629,36,-0.7,-20.84047,163.9417
50.93689,8.264176,-9.778035,69.93376,7.65451,2.91176,0.09957134,-0.0680016,0.01551129,-0.06336413,-0.9955502,7.514927,2.939591,0.06996119,0.01055042,-0.1790815,0.9837776,35,5.7,-2.422009,32.88717,36,-0.7,-20.51454,161.6225
50.95386,8.083292,-9.768556,69.86632,7.849139,2.906019,0.1043753,-0.06716471,0.01825462,-0.0630744,-0.9955789,7.744388,2.928487,0.08126581,0.004777872,-0.1790042,0.9838367,35,5.7,-2.197197,31.28754,36,-0.7,-20.28973,160.0229
50.97839,7.640563,-9.128332,65.31089,8.225096,2.896991,0.1143541,-0.06721642,0.02327394,-0.06360377,-0.995437,8.13278,2.917091,0.09289885,-0.007421576,-0.181618,0.9833412,35,5.7,-1.873848,28.9868,36,-0.7,-19.96638,157.7222
50.99585,7.799564,-9.128328,65.31086,8.403972,2.892391,0.1195631,-0.06515814,0.02570313,-0.0638546,-0.9954981,8.29178,2.917091,0.09289885,-0.007421576,-0.181618,0.9833412,35,5.7,-1.642724,27.34226,36,-0.7,-19.73525,156.0776
51.02014,6.985709,-8.601416,61.56169,8.745525,2.883253,0.1295696,-0.06536481,0.02878161,-0.06162594,-0.9955407,8.64752,2.905323,0.1045974,-0.02656898,-0.1839692,0.9825729,35,5.7,-1.321965,25.05994,36,-0.7,-19.41449,153.7953
51.03784,7.128462,-8.601413,61.56166,8.906121,2.878778,0.1347267,-0.06676809,0.03017509,-0.0600645,-0.9955018,8.790272,2.905323,0.1045974,-0.02656898,-0.1839692,0.9825729,35,5.7,-1.088104,23.39594,36,-0.7,-19.18063,152.1313
51.06177,7.026368,-7.796213,55.83237,9.218132,2.869548,0.1453439,-0.06714783,0.03370543,-0.05899182,-0.9954271,9.116715,2.893943,0.1166675,-0.03682106,-0.1883048,0.9814202,35,5.7,-0.7704011,21.13537,36,-0.7,-18.86293,149.8707
51.07947,6.982898,-6.990513,50.09952,9.364018,2.864846,0.1507687,-0.06770802,0.03495149,-0.05992656,-0.9952903,9.29221,2.882896,0.1288553,-0.04529039,-0.1936378,0.9800271,35,5.7,-0.5378559,19.48072,36,-0.7,-18.63038,148.2161
51.10364,7.225968,-6.990514,50.09953,9.637475,2.854909,0.1612313,-0.06999481,0.03600129,-0.05805452,-0.9952056,9.535282,2.882896,0.1288553,-0.04529039,-0.1936378,0.9800271,35,5.7,-0.2170237,17.19788,36,-0.7,-18.30955,145.9332
51.12109,7.37213,-6.239492,44.75573,9.757896,2.849691,0.1657677,-0.07277418,0.0359467,-0.05555183,-0.9951512,9.684674,2.87188,0.1415142,-0.05072066,-0.1998381,0.9785153,35,5.7,0.01310728,15.56041,36,-0.7,-18.07942,144.2958
51.14526,7.576307,-5.772058,41.42976,9.98369,2.841073,0.1755116,-0.07699033,0.03688706,-0.0528181,-0.9949483,9.924214,2.860455,0.1539893,-0.05559266,-0.2043966,0.9773083,35,5.7,0.3327901,13.28575,36,-0.7,-17.75974,142.0211
51.16284,7.666919,-5.772058,41.42976,10.08563,2.836874,0.1803777,-0.07775502,0.0371169,-0.05347586,-0.9948452,10.01482,2.860455,0.1539893,-0.05559266,-0.2043966,0.9773083,35,5.7,0.5651075,11.63273,36,-0.7,-17.52742,140.3681
51.18713,7.741784,-5.09144,36.58692,10.27236,2.828703,0.1894974,-0.08307699,0.03572673,-0.05304077,-0.9944891,10.21513,2.849002,0.1659241,-0.0662059,-0.2125472,0.9749054,35,5.7,0.8868879,9.343143,36,-0.7,-17.20564,138.0785
51.20483,7.816735,-5.091439,36.58691,10.35668,2.824859,0.1938672,-0.08694806,0.03502667,-0.05454513,-0.9941016,10.29008,2.849002,0.1659241,-0.0662059,-0.2125472,0.9749054,35,5.7,1.120113,7.683661,36,-0.7,-16.97242,136.419
51.22876,8.057535,-4.827473,34.70869,10.49955,2.817949,0.2025349,-0.09232608,0.03455402,-0.05637661,-0.9935309,10.44691,2.838352,0.1774862,-0.06739667,-0.2162282,0.9740139,35,5.7,1.437392,5.426104,36,-0.7,-16.65514,134.1615
51.24658,8.083724,-4.602447,33.10755,10.55276,2.815486,0.2065824,-0.09310788,0.03357088,-0.05360779,-0.9936449,10.51989,2.828516,0.1885015,-0.07200105,-0.2196226,0.9729244,35,5.7,1.672274,3.754833,36,-0.7,-16.42025,132.4902
51.27087,8.16207,-4.602446,33.10755,10.6409,2.811209,0.2142767,-0.09401339,0.03048075,-0.04563493,-0.9940573,10.59824,2.828516,0.1885015,-0.07200105,-0.2196226,0.9729244,35,5.7,1.993078,1.472195,36,-0.7,-16.09945,130.2076
51.28845,8.488671,-4.204072,30.27297,10.67232,2.808903,0.2174867,-0.09401075,0.02888694,-0.04430554,-0.9941653,10.64663,2.819914,0.1989737,-0.0697047,-0.2268828,0.9714245,36,-0.7,-15.86703,128.5538,37,5.7,-33.95951,257.2883
51.3125,3.42312,-14.21244,101.4861,10.71202,2.80489,0.2234795,-0.09459598,0.02695167,-0.04348396,-0.9942003,10.69708,2.813268,0.2087054,-0.07065132,-0.1653691,0.9836979,36,-0.7,-15.54936,126.2934,37,5.7,-33.64184,255.0279
51.3302,3.424596,-14.21238,101.4857,10.71365,2.802801,0.2261839,-0.09353548,0.02656932,-0.04156271,-0.9943932,10.69853,2.813268,0.2087054,-0.07065132,-0.1653691,0.9836979,36,-0.7,-15.31433,124.6211,37,5.7,-33.40681,253.3556
51.35413,NaN,NaN,NaN,10.69618,2.798589,0.2307162,-0.09199981,0.02559285,-0.03647454,-0.9947617,10.69293,2.8077,0.2172626,-0.06840032,-0.1403394,0.987738,36,-0.7,-14.99778,122.3688,37,5.7,-33.09027,251.1033
51.37195,NaN,NaN,NaN,10.66748,2.797034,0.2324199,-0.09244706,0.02428985,-0.03309717,-0.9948709,10.66742,2.8077,0.2172626,-0.06840032,-0.1403394,0.987738,36,-0.7,-14.76293,120.6977,37,5.7,-32.85542,249.4322
51.39587,-23.00472,-52.80936,396.6879,10.59035,2.793497,0.2349869,-0.09240675,0.02155224,-0.03021917,-0.9950293,10.60313,2.802724,0.2243749,-0.08365302,-0.1384235,0.9868339,36,-0.7,-14.44566,118.4402,37,5.7,-32.53814,247.1747
51.41406,NaN,NaN,NaN,10.53472,2.791765,0.235669,-0.09172644,0.02003987,-0.02759457,-0.9952001,10.55192,2.798119,0.2298706,-0.08951677,-0.1336734,0.9869742,36,-0.7,-14.20549,116.7313,37,5.7,-32.29797,245.4658
51.43762,NaN,NaN,NaN,10.40243,2.79032,0.2374456,-0.08865724,0.01687746,-0.0228686,-0.9956567,10.43433,2.798119,0.2298706,-0.08951677,-0.1336734,0.9869742,36,-0.7,-13.89414,114.516,37,5.7,-31.98662,243.2504
51.45532,-22.93852,-48.75253,389.1064,10.3191,2.791341,0.238291,-0.08659548,0.01567675,-0.02134969,-0.9958914,10.35242,2.793735,0.2336713,-0.08456255,-0.130933,0.9877782,36,-0.7,-13.65977,112.8484,37,5.7,-31.75225,241.5828
51.47949,-22.99674,-46.63416,388.2159,10.13008,2.79509,0.2393082,-0.08490274,0.01255101,-0.01738473,-0.9961585,10.17042,2.790663,0.2363855,-0.0844983,-0.1259171,0.9884356,36,-0.7,-13.34148,110.5836,37,5.7,-31.43396,239.3181
51.49695,-22.89883,-46.34135,385.9173,10.01916,2.797654,0.2392469,-0.08431258,0.0102072,-0.01418513,-0.9962861,10.07183,2.790663,0.2363855,-0.0844983,-0.1259171,0.9884356,36,-0.7,-13.10937,108.9321,37,5.7,-31.20185,237.6665
51.52124,-21.13005,-48.5108,384.8297,9.780642,2.803996,0.2388736,-0.084309,0.006335817,-0.008157656,-0.9963862,9.839809,2.79118,0.238095,-0.07956655,-0.131803,0.9880775,36,-0.7,-12.78927,106.6544,37,5.7,-30.88175,235.3888
51.53918,-21.06731,-48.20985,382.5736,9.646846,2.807624,0.2382353,-0.08493584,0.004601903,-0.005095465,-0.9963628,9.720879,2.79118,0.238095,-0.07956655,-0.131803,0.9880775,36,-0.7,-12.55174,104.9643,37,5.7,-30.64422,233.6987
51.56311,-21.12819,-48.1043,380.0664,9.362324,2.815443,0.2364013,-0.08624282,0.002670527,-0.002170829,-0.9962682,9.442234,2.795334,0.2389001,-0.07951922,-0.1323995,0.9880015,36,-0.7,-12.2358,102.7163,37,5.7,-30.32829,231.4507
51.58057,-22.74119,-47.86346,377.3138,9.206407,2.820072,0.2351446,-0.08820053,0.002890885,-0.002520558,-0.9960954,9.272522,2.802315,0.2388035,-0.08384763,-0.1326995,0.9876034,36,-0.7,-12.0041,101.0676,37,5.7,-30.09658,229.802
51.60486,-22.89204,-47.64431,375.6829,8.880932,2.831248,0.2321636,-0.09096461,0.002525509,0.0003823913,-0.9958509,8.983211,2.802315,0.2388035,-0.08384763,-0.1326995,0.9876034,36,-0.7,-11.68357,98.78698,37,5.7,-29.77605,227.5214
51.62231,-23.01652,-49.49877,377.0652,8.70766,2.837297,0.2302993,-0.09122203,0.002285809,0.002587055,-0.9958247,8.793098,2.811303,0.2372966,-0.08332167,-0.1370204,0.9870577,36,-0.7,-11.45284,97.1452,37,5.7,-29.54532,225.8796
51.64661,-23.22722,-50.57216,373.4252,8.35283,2.850341,0.2262958,-0.09309067,0.003065467,0.002144867,-0.9956507,8.437187,2.822575,0.2342176,-0.08369766,-0.1411369,0.9864457,36,-0.7,-11.13192,94.86179,37,5.7,-29.2244,223.5962
51.66406,-23.19724,-50.24512,371.1394,8.168368,2.856973,0.2241913,-0.09286032,0.004584163,-0.0003977012,-0.9956685,8.273222,2.822575,0.2342176,-0.08369766,-0.1411369,0.9864457,36,-0.7,-10.90034,93.21403,37,5.7,-28.99282,221.9484
51.68835,NaN,NaN,NaN,7.792598,2.86962,0.2200951,-0.09290081,0.008035019,-0.002805268,-0.995639,7.894821,2.836231,0.2301587,-0.08416091,-0.1439981,0.9859926,36,-0.7,-10.57896,90.92725,37,5.7,-28.67144,219.6617
51.70593,NaN,NaN,NaN,7.597135,2.875342,0.2177751,-0.09312612,0.0102682,-0.002313358,-0.9955987,7.721076,2.836231,0.2301587,-0.08416091,-0.1439981,0.9859926,36,-0.7,-10.34685,89.27572,37,5.7,-28.43933,218.0101
51.7301,NaN,NaN,NaN,7.195104,2.887402,0.2130972,-0.09565103,0.01518914,-0.0002089394,-0.995299,7.31641,2.85135,0.2256229,-0.08775989,-0.1401556,0.9862326,36,-0.7,-10.02755,87.00376,37,5.7,-28.12003,215.7382
51.74744,NaN,NaN,NaN,6.987754,2.893129,0.211028,-0.09638819,0.01785092,0.0006874949,-0.9951835,7.082204,2.866499,0.2204669,-0.09490005,-0.1423017,0.9852635,36,-0.7,-9.798046,85.37077,37,5.7,-27.89053,214.1052
51.77209,NaN,NaN,NaN,6.566833,2.904375,0.2069343,-0.09762497,0.02163583,0.002594226,-0.9949847,6.708052,2.866499,0.2204669,-0.09490005,-0.1423017,0.9852635,36,-0.7,-9.472853,83.05689,37,5.7,-27.56533,211.7913
51.78918,-32.06427,-55.73559,396.9386,6.349518,2.909231,0.2048051,-0.09939955,0.02360544,0.00297828,-0.9947631,6.462469,2.881106,0.2150607,-0.09562906,-0.1454953,0.9847265,36,-0.7,-9.245798,81.44131,37,5.7,-27.33828,210.1757
51.81372,NaN,NaN,NaN,5.910708,2.91823,0.2004705,-0.103695,0.02784555,0.002837135,-0.9942153,6.017669,2.895022,0.2098783,-0.09007645,-0.1413745,0.9858496,36,-0.7,-8.92243,79.14043,37,5.7,-27.01491,207.8748
51.83118,NaN,NaN,NaN,5.688537,2.922456,0.1983196,-0.1070869,0.02958869,0.00368861,-0.9938025,5.820184,2.895022,0.2098783,-0.09007645,-0.1413745,0.9858496,36,-0.7,-8.690593,77.49082,37,5.7,-26.78307,206.2252
51.85535,-27.77262,-48.11758,342.7337,5.241679,2.93148,0.1945619,-0.11081,0.03339268,0.00453354,-0.9932701,5.366166,2.907566,0.2047913,-0.09525634,-0.1466701,0.9845883,36,-0.7,-8.371429,75.21986,37,5.7,-26.46391,203.9543
51.87292,-27.97269,-48.11758,342.7337,5.016591,2.935847,0.1930285,-0.1117176,0.03489092,0.004707017,-0.9931162,5.166088,2.907566,0.2047913,-0.09525634,-0.1466701,0.9845883,36,-0.7,-8.139534,73.56983,37,5.7,-26.23201,202.3042
51.89709,-28.20248,-52.32281,372.6555,4.565108,2.943372,0.1898075,-0.11456,0.0377163,0.002611305,-0.9926968,4.70654,2.918639,0.1997056,-0.08706881,-0.1461548,0.9854226,36,-0.7,-7.819074,71.28963,37,5.7,-25.91155,200.024
51.91455,-29.78491,-51.94147,369.942,4.338593,2.94727,0.1884327,-0.1171821,0.0390517,0.0003227256,-0.9923424,4.445936,2.929162,0.1951115,-0.09119461,-0.1461812,0.9850455,36,-0.7,-7.588634,69.64997,37,5.7,-25.68111,198.3844
51.93909,-30.1867,-51.94146,369.942,3.886579,2.955264,0.1858164,-0.1227145,0.04126365,-0.002103715,-0.9915816,4.044146,2.929162,0.1951115,-0.09119461,-0.1461812,0.9850455,36,-0.7,-7.264338,67.34249,37,5.7,-25.35682,196.0769
51.9563,-12.85,-26.42803,192.552,3.661205,2.95818,0.1845306,-0.125567,0.04118605,-0.0005336097,-0.9912297,3.783901,2.938915,0.1910158,-0.08517129,-0.1503689,0.9849543,36,-0.7,-7.036821,65.72363,37,5.7,-25.1293,194.458
51.98059,-11.14168,-24.26445,173.0097,3.209526,2.963402,0.1821688,-0.1268577,0.03909021,0.003909217,-0.9911427,3.322263,2.948245,0.1874973,-0.08239289,-0.1550153,0.9844702,36,-0.7,-6.715553,63.43768,37,5.7,-24.80803,192.1721
51.99805,-11.34206,-24.26445,173.0097,2.984096,2.966034,0.1811331,-0.1272036,0.03818879,0.005476541,-0.9911261,3.121881,2.948245,0.1874973,-0.08239289,-0.1550153,0.9844702,36,-0.7,-6.484049,61.79045,37,5.7,-24.57653,190.5249
52.02234,-5.714302,-16.37927,116.9039,2.533962,2.968521,0.1782654,-0.1265131,0.03661096,0.007836238,-0.9912581,2.661666,2.95637,0.1844238,-0.07061989,-0.1630237,0.9840915,36,-0.7,-6.163124,59.50695,37,5.7,-24.2556,188.2414
52.03979,-8.137094,-22.16736,158.0882,2.306287,2.969115,0.1767359,-0.1281503,0.03496494,0.009559299,-0.9910922,2.399232,2.962897,0.1815587,-0.06575315,-0.1568283,0.9854346,36,-0.7,-5.932916,57.86893,37,5.7,-24.0254,186.6033
52.06409,-8.539844,-22.16734,158.0881,1.853187,2.969829,0.1739823,-0.1272493,0.03114517,0.01322885,-0.9912934,1.996476,2.962897,0.1815587,-0.06575315,-0.1568283,0.9854346,36,-0.7,-5.611078,55.57893,37,5.7,-23.70356,184.3134
52.08142,-6.490902,-19.76208,140.9737,1.628566,2.969376,0.1729666,-0.1247258,0.02905422,0.0145493,-0.9916591,1.736447,2.966988,0.17812,-0.05759209,-0.1591053,0.9855804,36,-0.7,-5.382123,53.94983,37,5.7,-23.4746,182.6842
52.10596,-6.769032,-21.76846,155.2498,1.187153,2.96721,0.1704562,-0.1222853,0.02511931,0.01570549,-0.9920528,1.284112,2.968449,0.1750394,-0.05121503,-0.1573177,0.9862191,36,-0.7,-5.058611,51.64793,37,5.7,-23.15109,180.3824
52.12317,-6.960214,-21.76846,155.2498,0.9720737,2.964236,0.1689108,-0.1200059,0.02271307,0.01538554,-0.9923941,1.09293,2.968449,0.1750394,-0.05121503,-0.1573177,0.9862191,36,-0.7,-4.830242,50.023,37,5.7,-22.92272,178.7574
52.14771,-5.61519,-20.38754,145.4241,0.5491015,2.956482,0.1657441,-0.1172633,0.01765188,0.0131212,-0.9928573,0.6575458,2.967426,0.1720632,-0.04259882,-0.1586061,0.9864226,36,-0.7,-4.50636,47.71846,37,5.7,-22.59884,176.4529
52.16467,-5.79788,-20.38754,145.4241,0.3435755,2.95302,0.1641148,-0.1165092,0.01627462,0.008391021,-0.9930209,0.474856,2.967426,0.1720632,-0.04259882,-0.1586061,0.9864226,36,-0.7,-4.281108,46.1157,37,5.7,-22.37359,174.8501
52.18152,-6.926648,-29.14743,207.754,0.1382895,2.950277,0.1627224,-0.1165725,0.01490518,0.004851652,-0.9930585,0.2343105,2.962523,0.1685855,-0.03407121,-0.1527764,0.9876733,36,-0.7,-4.058259,44.53005,37,5.7,-22.15074,173.2645
52.20361,-7.284621,-29.14741,207.7538,-0.2644353,2.94237,0.1592149,-0.1144134,0.01426714,0.000971687,-0.9933303,-0.123667,2.962523,0.1685855,-0.03407121,-0.1527764,0.9876733,36,-0.7,-3.766615,42.4549,37,5.7,-21.85909,171.1893
52.22034,-3.91891,-17.44672,124.4991,-0.4569589,2.937842,0.1569378,-0.1152246,0.01495661,0.0002834983,-0.9932268,-0.3510272,2.955058,0.1649086,-0.02830586,-0.1618579,0.986408,36,-0.7,-3.5462,40.88656,37,5.7,-21.63868,169.621
52.23755,-4.087101,-17.44673,124.4992,-0.6461709,2.933369,0.1544471,-0.1156787,0.01410003,0.001759964,-0.993185,-0.5192156,2.955058,0.1649086,-0.02830586,-0.1618579,0.986408,36,-0.7,-3.31863,39.26732,37,5.7,-21.41111,168.0018
52.25916,-3.24975,-15.81604,112.8962,-1.015814,2.924938,0.1496369,-0.1191249,0.01154486,0.004479014,-0.992802,-0.902193,2.946453,0.1611454,-0.02053678,-0.1641372,0.9862237,36,-0.7,-3.032136,37.22881,37,5.7,-21.12462,165.9632
52.27612,-2.622968,-13.37059,95.49602,-1.193325,2.921916,0.1474734,-0.1201636,0.01098562,0.003836511,-0.992686,-1.112254,2.936584,0.1563635,-0.01561686,-0.168574,0.9855652,36,-0.7,-2.807838,35.63284,37,5.7,-20.90032,164.3673
52.29297,-2.778498,-13.37058,95.49599,-1.368297,2.919463,0.1457547,-0.1197455,0.01066876,0.003434095,-0.9927414,-1.267785,2.936584,0.1563635,-0.01561686,-0.168574,0.9855652,36,-0.7,-2.585757,34.05266,37,5.7,-20.67824,162.7871
52.3147,-2.631475,-11.85993,84.74715,-1.7146,2.914766,0.1426022,-0.1153274,0.009764671,0.003884437,-0.9932719,-1.625301,2.92697,0.1507082,-0.01171537,-0.1721711,0.9849974,36,-0.7,-2.297999,32.00515,37,5.7,-20.39048,160.7396
52.33191,-2.784099,-11.85993,84.74715,-1.886301,2.911904,0.140886,-0.1124432,0.008927584,0.005692377,-0.9936017,-1.777924,2.92697,0.1507082,-0.01171537,-0.1721711,0.9849974,36,-0.7,-2.07016,30.384,37,5.7,-20.16264,159.1184
52.34863,-2.748783,-12.75014,91.08126,-2.055972,2.909228,0.1391627,-0.110963,0.008242667,0.00755314,-0.9937617,-1.976398,2.919157,0.1459352,-0.008370124,-0.169804,0.9854423,36,-0.7,-1.849266,28.81225,37,5.7,-19.94175,157.5467
52.37061,-3.046329,-12.75013,91.08123,-2.390711,2.903875,0.1361305,-0.1093215,0.006542757,0.01255923,-0.9939055,-2.273944,2.919157,0.1459352,-0.008370124,-0.169804,0.9854423,36,-0.7,-1.558953,26.74657,37,5.7,-19.65144,155.481
52.38757,-2.663142,-11.36362,81.21567,-2.551447,2.901793,0.1348308,-0.1087678,0.005991556,0.01504909,-0.9939352,-2.463026,2.912667,0.1418592,-0.002430906,-0.1734212,0.9848447,36,-0.7,-1.334643,25.15052,37,5.7,-19.42713,153.8849
52.40454,-2.804033,-11.36362,81.21567,-2.709949,2.898926,0.1332577,-0.1083519,0.005473174,0.01755134,-0.9939426,-2.603917,2.912667,0.1418592,-0.002430906,-0.1734212,0.9848447,36,-0.7,-1.110521,23.55581,37,5.7,-19.203,152.2902
52.42603,-2.053868,-10.15253,72.59837,-3.018365,2.893762,0.1301843,-0.1084553,0.004608646,0.02154755,-0.9938571,-2.9231,2.906443,0.1380016,0.01180496,-0.1773526,0.9840766,36,-0.7,-0.8256956,21.52917,37,5.7,-18.91818,150.2636
52.44324,-1.946294,-10.99409,78.58632,-3.166238,2.891209,0.1285677,-0.1086632,0.004844271,0.02188156,-0.993826,-3.098035,2.900277,0.1342615,0.01445436,-0.1743743,0.9845734,36,-0.7,-0.5991441,19.91717,37,5.7,-18.69163,148.6516
52.46838,-2.196745,-10.99408,78.5863,-3.447995,2.887508,0.1256242,-0.1106127,0.005424224,0.02219604,-0.9936009,-3.348486,2.900277,0.1342615,0.01445436,-0.1743743,0.9845734,36,-0.7,-0.2661117,17.54753,37,5.7,-18.35859,146.2819
52.48499,-1.150164,-11.60985,82.96768,-3.578217,2.886796,0.1244267,-0.1124049,0.005890572,0.02186078,-0.9934046,-3.505841,2.894232,0.1307552,0.02800042,-0.1724006,0.9846289,36,-0.7,-0.04746404,15.99177,37,5.7,-18.13995,144.7262
52.50964,1.100638,-22.6797,161.7336,-3.823742,2.885859,0.1219794,-0.1146417,0.006207996,0.02164914,-0.9931517,-3.763081,2.889087,0.1272537,0.0297132,-0.1562036,0.9872779,36,-0.7,0.2792082,13.66737,37,5.7,-17.81328,142.4018
52.52673,0.9999734,-22.67971,161.7337,-3.936993,2.885509,0.1201447,-0.1160255,0.00583268,0.02236498,-0.9929773,-3.863749,2.889087,0.1272537,0.0297132,-0.1562036,0.9872779,36,-0.7,0.505757,12.05539,37,5.7,-17.58673,140.7898
52.55151,0.6086594,-18.61107,132.7838,-4.14979,2.886367,0.1166185,-0.1186918,0.004735917,0.02358108,-0.9926398,-4.088372,2.885938,0.1237082,0.03492928,-0.1598616,0.9865213,36,-0.7,0.8321264,9.733154,37,5.7,-17.26036,138.4676
52.56934,0.5209962,-18.6111,132.784,-4.248421,2.886979,0.1148161,-0.1190613,0.003360286,0.02478164,-0.9925719,-4.176044,2.885938,0.1237082,0.03492928,-0.1598616,0.9865213,36,-0.7,1.068264,8.052952,37,5.7,-17.02422,136.7874
52.59326,0.17411,-16.88695,120.5161,-4.429625,2.888383,0.1115923,-0.1179516,0.0007462651,0.02508684,-0.9927021,-4.369218,2.884796,0.1201239,0.03721196,-0.1619398,0.9860988,36,-0.7,1.384076,5.805831,37,5.7,-16.70841,134.5403
52.61072,1.256608,-17.31411,123.5555,-4.509357,2.88957,0.1101933,-0.1152453,-0.0008188561,0.02338628,-0.9930614,-4.468891,2.885304,0.1163341,0.04572646,-0.1613218,0.985842,36,-0.7,1.615877,4.156477,37,5.7,-16.4766,132.8909
52.6355,1.123364,-17.31412,123.5556,-4.659258,2.891329,0.1069494,-0.1118411,-0.004781164,0.02288813,-0.993451,-4.602137,2.885304,0.1163341,0.04572646,-0.1613218,0.985842,36,-0.7,1.943333,1.826508,37,5.7,-16.14915,130.5609
52.65247,5.481513,-26.5791,189.4794,-4.722842,2.891851,0.1051114,-0.110779,-0.006231695,0.02094856,-0.9936048,-4.68383,2.88692,0.1125115,0.05296792,-0.1535368,0.9867223,36,-0.7,2.167526,0.2312913,37,5.7,-15.92496,128.9657
52.67676,NaN,NaN,NaN,-4.839988,2.893148,0.1012675,-0.1120865,-0.008114308,0.01707373,-0.9935187,-4.80962,2.88894,0.1087564,0.06078982,-0.1448606,0.9875829,37,5.7,-15.60365,126.6795,38,-5.7,-33.81015,256.2255
52.69421,NaN,NaN,NaN,-4.890665,2.893546,0.09924114,-0.1141213,-0.008692749,0.01578016,-0.9933035,-4.854666,2.88894,0.1087564,0.06078982,-0.1448606,0.9875829,37,5.7,-15.37334,125.0408,38,-5.7,-33.57983,254.5868
52.71851,21.95732,-49.16601,350.1935,-4.977969,2.895328,0.09592444,-0.1159812,-0.00985159,0.01364312,-0.9931089,-4.950491,2.890814,0.1045045,0.07580525,-0.1466557,0.9862787,37,5.7,-15.05141,122.7501,38,-5.7,-33.2579,252.2961
52.73645,21.92775,-49.16601,350.1935,-5.011228,2.896416,0.09439479,-0.1164081,-0.01062387,0.01295654,-0.9930602,-4.980055,2.890814,0.1045045,0.07580525,-0.1466557,0.9862787,37,5.7,-14.81483,121.0668,38,-5.7,-33.02132,250.6128
52.76038,12.85,-30.41946,219.6766,-5.066455,2.898702,0.09121987,-0.116956,-0.01193474,0.01028956,-0.9930121,-5.044165,2.892456,0.1000499,0.08031177,-0.149509,0.9854933,37,5.7,-14.49814,118.8134,38,-5.7,-32.70464,248.3594
52.77795,12.76828,-29.32909,209.0466,-5.086221,2.899839,0.08974089,-0.1169654,-0.01235408,0.009040918,-0.993018,-5.073507,2.894483,0.09593749,0.08409101,-0.1518745,0.9848161,37,5.7,-14.26624,117.1633,38,-5.7,-32.47273,246.7093
52.80261,12.74359,-29.32912,209.0468,-5.114017,2.902763,0.08710939,-0.11639,-0.01294927,0.006855514,-0.9930956,-5.098214,2.894483,0.09593749,0.08409101,-0.1518745,0.9848161,37,5.7,-13.93955,114.8388,38,-5.7,-32.14605,244.3848
52.81946,12.85,-29.47284,210.3628,-5.118843,2.904713,0.08612604,-0.1157378,-0.01278789,0.005320344,-0.9931832,-5.11097,2.89698,0.09212816,0.08412457,-0.151612,0.9848537,37,5.7,-13.71643,113.2513,38,-5.7,-31.92293,242.7972
52.84387,22.67641,-44.70188,318.4296,-5.117849,2.908853,0.08405253,-0.1152819,-0.01146495,0.0005546939,-0.9932665,-5.115349,2.900078,0.08869302,0.08602187,-0.147339,0.9853382,37,5.7,-13.39445,110.9602,38,-5.7,-31.60095,240.5062
52.86145,22.68563,-44.70188,318.4296,-5.107479,2.911356,0.08308358,-0.1157567,-0.009873331,-0.002997804,-0.993224,-5.106131,2.900078,0.08869302,0.08602187,-0.147339,0.9853382,37,5.7,-13.16196,109.306,38,-5.7,-31.36846,238.852
52.88562,29.13631,-55.48985,395.1901,-5.076873,2.916236,0.08123035,-0.1173946,-0.006292887,-0.009409087,-0.9930209,-5.081185,2.904174,0.08582461,0.08536038,-0.1456722,0.9856436,37,5.7,-12.84245,107.0326,38,-5.7,-31.04895,236.5786
52.90393,29.15703,-55.48985,395.1901,-5.053573,2.9191,0.08052175,-0.1184913,-0.004226625,-0.01197331,-0.992874,-5.060474,2.904174,0.08582461,0.08536038,-0.1456722,0.9856436,37,5.7,-12.60053,105.3112,38,-5.7,-30.80702,234.8572
52.92737,27.70969,-52.82497,376.2285,-4.992593,2.924632,0.07872148,-0.1195376,-0.0001641661,-0.01657728,-0.9926913,-5.005669,2.909378,0.0838182,0.08571947,-0.1460329,0.985559,37,5.7,-12.29085,103.1077,38,-5.7,-30.49734,232.6537
52.94482,27.16394,-43.07165,306.8299,-4.952312,2.92758,0.0778891,-0.1192039,0.001896195,-0.01850563,-0.9926956,-4.965874,2.915278,0.0814302,0.1030343,-0.1474715,0.983685,37,5.7,-12.05958,101.4622,38,-5.7,-30.26608,231.0081
52.96985,27.24757,-43.0717,306.8302,-4.858279,2.93318,0.07638377,-0.1181969,0.006069221,-0.02363668,-0.9926903,-4.882288,2.915278,0.0814302,0.1030343,-0.1474715,0.983685,37,5.7,-11.72902,99.11012,38,-5.7,-29.93552,228.6561
52.98657,22.81427,-36.15864,257.6413,-4.801639,2.935835,0.07578602,-0.1167576,0.007854111,-0.02624504,-0.9927826,-4.824753,2.92174,0.07915688,0.1055036,-0.1491776,0.9831659,37,5.7,-11.50799,97.53735,38,-5.7,-29.71448,227.0833
53.01099,30.87304,-47.64417,339.3651,-4.677563,2.940983,0.07475559,-0.1154435,0.01044711,-0.02955008,-0.9928195,-4.704041,2.928489,0.07731056,0.103159,-0.1466401,0.9837962,37,5.7,-11.18524,95.24091,38,-5.7,-29.39174,224.7869
53.02808,30.93555,-47.64417,339.3651,-4.607238,2.943215,0.07422176,-0.1145529,0.009998783,-0.02932902,-0.9929338,-4.64153,2.928489,0.07731056,0.103159,-0.1466401,0.9837962,37,5.7,-10.95798,93.62386,38,-5.7,-29.16448,223.1698
53.05286,23.21877,-33.76427,241.0407,-4.450425,2.947128,0.0727106,-0.1136371,0.009148085,-0.02944347,-0.9930439,-4.488508,2.935121,0.07604301,0.1129466,-0.1496023,0.9822741,37,5.7,-10.6319,91.30369,38,-5.7,-28.8384,220.8497
53.0708,23.0125,-33.38784,238.569,-4.362748,2.949006,0.07204998,-0.1134624,0.008202694,-0.03001466,-0.9930549,-4.410572,2.935121,0.07604301,0.1129466,-0.1496023,0.9822741,37,5.7,-10.39363,89.6083,38,-5.7,-28.60013,219.1543
53.0946,23.17485,-33.07694,236.9948,-4.178114,2.951769,0.07065822,-0.1122611,0.006127029,-0.03044727,-0.9931933,-4.229142,2.940915,0.07434833,0.1136132,-0.149325,0.9822394,37,5.7,-10.07886,87.36858,38,-5.7,-28.28536,216.9146
53.11194,34.96327,-43.82084,312.1606,-4.077046,2.953238,0.07005437,-0.1118993,0.004607789,-0.03075274,-0.993233,-4.118752,2.945823,0.07264698,0.1229058,-0.1470726,0.98146,37,5.7,-9.850101,85.74086,38,-5.7,-28.05659,215.2868
53.13647,35.1498,-43.82077,312.1602,-3.867144,2.955973,0.06919879,-0.1112895,0.00161662,-0.03152303,-0.9932866,-3.932171,2.945823,0.07264698,0.1229058,-0.1470726,0.98146,37,5.7,-9.524889,83.42686,38,-5.7,-27.73138,212.9728
53.15356,33.52905,-40.06924,285.4667,-3.755526,2.957053,0.068959,-0.1104087,0.0001678243,-0.03174451,-0.9933792,-3.809496,2.949887,0.07121432,0.1283002,-0.1478195,0.9806572,37,5.7,-9.299829,81.82547,38,-5.7,-27.50632,211.3714
53.1709,33.63021,-40.06924,285.4667,-3.641721,2.958086,0.06880282,-0.1090321,-0.001417406,-0.0314288,-0.9935403,-3.708337,2.949887,0.07121432,0.1283002,-0.1478195,0.9806572,37,5.7,-9.070201,80.19158,38,-5.7,-27.27669,209.7376
53.19214,48.61777,-52.99081,377.4085,-3.408102,2.959368,0.06854008,-0.1059574,-0.004134931,-0.03035551,-0.9938987,-3.474209,2.953267,0.06988049,0.1353026,-0.145308,0.9800912,37,5.7,-8.790095,78.19852,38,-5.7,-26.99659,207.7445
53.20911,NaN,NaN,NaN,-3.285162,2.959534,0.06852992,-0.1044834,-0.005019583,-0.03077458,-0.9940377,-3.336034,2.95601,0.06891608,0.1406101,-0.1439471,0.9795448,37,5.7,-8.565664,76.60162,38,-5.7,-26.77216,206.1476
53.22583,NaN,NaN,NaN,-3.159352,2.959936,0.06870046,-0.1038186,-0.005334243,-0.03276771,-0.994042,-3.224203,2.95601,0.06891608,0.1406101,-0.1439471,0.9795448,37,5.7,-8.343896,75.02365,38,-5.7,-26.55039,204.5696
53.24756,22.76917,-25.92354,184.8148,-2.903029,2.961023,0.06975642,-0.1020741,-0.005659305,-0.03739832,-0.9940575,-2.965556,2.957851,0.06851387,0.1363409,-0.1530118,0.9787741,37,5.7,-8.056138,72.97615,38,-5.7,-26.26263,202.5221
53.26477,22.88699,-25.92352,184.8147,-2.770471,2.961306,0.07059917,-0.1012481,-0.005402707,-0.03978585,-0.9940507,-2.847727,2.957851,0.06851387,0.1363409,-0.1530118,0.9787741,37,5.7,-7.828983,71.35986,38,-5.7,-26.03547,200.9059
53.28149,35.37269,-39.25224,279.6534,-2.635782,2.960836,0.07073957,-0.1013614,-0.00518252,-0.04203124,-0.9939479,-2.695353,2.9593,0.0693208,0.1334298,-0.147953,0.9799523,37,5.7,-7.608122,69.78836,38,-5.7,-25.81461,199.3344
53.30371,35.619,-39.2523,279.6537,-2.35873,2.96026,0.07111977,-0.1042921,-0.003067218,-0.04854702,-0.9933565,-2.449084,2.9593,0.0693208,0.1334298,-0.147953,0.9799523,37,5.7,-7.313913,67.69495,38,-5.7,-25.5204,197.241
53.32043,38.33152,-41.54235,295.9483,-2.213189,2.959246,0.07109779,-0.1067617,-0.0005939379,-0.05204474,-0.9929214,-2.28546,2.959918,0.07001042,0.1345152,-0.1473826,0.9798898,37,5.7,-7.094068,66.13067,38,-5.7,-25.30056,195.6767
53.33813,38.46351,-41.5423,295.948,-2.06464,2.958364,0.0714729,-0.1080745,0.002255589,-0.05612937,-0.9925544,-2.153416,2.959918,0.07001042,0.1345152,-0.1473826,0.9798898,37,5.7,-6.859147,64.45912,38,-5.7,-25.06564,194.0051
53.35913,21.04577,-23.70844,169.0536,-1.765409,2.958427,0.0730695,-0.1084625,0.007321858,-0.0627452,-0.9920915,-1.851488,2.959554,0.07061481,0.1326608,-0.1545076,0.9790447,37,5.7,-6.58216,62.48825,38,-5.7,-24.78865,192.0342
53.3761,12.85,-14.86798,110.4123,-1.611059,2.958862,0.07445674,-0.1057893,0.01067402,-0.06514564,-0.9921949,-1.676495,2.958231,0.07128251,0.1288819,-0.1581576,0.9789667,37,5.7,-6.356956,60.88585,38,-5.7,-24.56345,190.4318
53.40125,13.08631,-14.81463,110.082,-1.296301,2.957726,0.0760179,-0.1028817,0.01617256,-0.06802116,-0.9922333,-1.396711,2.958231,0.07128251,0.1288819,-0.1581576,0.9789667,37,5.7,-6.024317,58.51899,38,-5.7,-24.23081,188.065
53.41821,19.34895,-22.69965,161.8757,-1.128354,2.957578,0.07648756,-0.1047634,0.01856112,-0.06837449,-0.9919703,-1.207945,2.957492,0.07285464,0.1245048,-0.1553951,0.979975,37,5.7,-5.801252,56.93181,38,-5.7,-24.00774,186.4778
53.44263,23.62066,-28.59838,203.8473,-0.7877414,2.956083,0.07765292,-0.1077524,0.02128698,-0.06823942,-0.9916046,-0.8638965,2.957031,0.07472944,0.1179126,-0.1519645,0.9813274,37,5.7,-5.478179,54.63302,38,-5.7,-23.68467,184.179
53.45996,23.77584,-28.59836,203.8472,-0.6131456,2.955868,0.07864663,-0.1096591,0.02205183,-0.06878602,-0.9913411,-0.7087002,2.957031,0.07472944,0.1179126,-0.1519645,0.9813274,37,5.7,-5.248662,52.99992,38,-5.7,-23.45515,182.5459
53.48425,18.57377,-21.72065,154.9097,-0.2677443,2.95726,0.08143832,-0.1103228,0.02301458,-0.0689268,-0.9912358,-0.3582243,2.956176,0.07642114,0.1198787,-0.1562553,0.9804149,37,5.7,-4.926684,50.70893,38,-5.7,-23.13317,180.2549
53.5022,18.72943,-21.72065,154.9097,-0.0926319,2.957851,0.08310457,-0.108424,0.02430795,-0.06868657,-0.9914311,-0.2025688,2.956176,0.07642114,0.1198787,-0.1562553,0.9804149,37,5.7,-4.690524,49.02856,38,-5.7,-22.89701,178.5746
53.52612,12.85,-13.104,97.30388,0.2562402,2.958083,0.08595702,-0.1080744,0.02540193,-0.06609032,-0.9916183,0.1528194,2.955569,0.07867217,0.1277931,-0.1616346,0.9785413,37,5.7,-4.374066,46.77685,38,-5.7,-22.58056,176.3228
53.54333,12.85,-12.72005,92.24905,0.4328848,2.957496,0.08734576,-0.1081559,0.02464312,-0.06378636,-0.9917794,0.3559053,2.956135,0.0815593,0.1324618,-0.1661981,0.9771551,37,5.7,-4.145952,45.15373,38,-5.7,-22.35244,174.6997
53.56836,12.85,-12.32222,89.91006,0.7895914,2.956713,0.09045478,-0.1091585,0.02285268,-0.06205074,-0.9918225,0.6729778,2.956135,0.0815593,0.1324618,-0.1661981,0.9771551,37,5.7,-3.815756,42.80426,38,-5.7,-22.02225,172.3503
53.58521,12.85,-12.02586,87.7039,0.9683057,2.95579,0.09215835,-0.1103929,0.02159253,-0.0625707,-0.9916815,0.8783281,2.95652,0.08487594,0.1334734,-0.1670402,0.9768738,37,5.7,-3.593338,41.22168,38,-5.7,-21.79983,170.7677
53.60974,12.85,-11.56083,83.83187,1.324606,2.955719,0.09730216,-0.1097828,0.0202462,-0.06348194,-0.9917197,1.242121,2.956027,0.08854771,0.1353195,-0.1692311,0.9762425,37,5.7,-3.268944,38.91349,38,-5.7,-21.47543,168.4595
53.62708,12.85,-11.35641,82.65263,1.508494,2.954159,0.1000135,-0.1073045,0.01889357,-0.06207813,-0.9921064,1.405577,2.956027,0.08854771,0.1353195,-0.1692311,0.9762425,37,5.7,-3.038788,37.27585,38,-5.7,-21.24528,166.8218
53.65149,11.58283,-10.04312,71.81972,1.87703,2.951794,0.1057596,-0.1036633,0.01457413,-0.05928716,-0.992737,1.780718,2.955057,0.09319997,0.1332699,-0.1767237,0.9751964,37,5.7,-2.716229,34.98072,38,-5.7,-20.92272,164.5267
53.66943,11.74271,-10.04312,71.81973,2.056891,2.951619,0.1093605,-0.1034333,0.01242618,-0.0562801,-0.9929652,1.940594,2.955057,0.09319997,0.1332699,-0.1767237,0.9751964,37,5.7,-2.47953,33.29653,38,-5.7,-20.68602,162.8425
53.6936,12.85,-10.34431,74.43,2.402877,2.950541,0.1170318,-0.1022266,0.01275961,-0.0472106,-0.9935583,2.296103,2.953269,0.09891438,0.1384206,-0.1744056,0.9748961,37,5.7,-2.159911,31.02232,38,-5.7,-20.3664,160.5683
53.71057,12.85,-9.85035,72.27837,2.574209,2.950434,0.1215247,-0.1003757,0.01368459,-0.03898715,-0.9940913,2.496552,2.951402,0.1060622,0.1398614,-0.1729348,0.9749525,37,5.7,-1.934886,29.42118,38,-5.7,-20.14138,158.9672
53.73547,12.85,-9.461887,70.08833,2.927652,2.949803,0.1306479,-0.09397455,0.01331128,-0.02554637,-0.9951578,2.810723,2.951402,0.1060622,0.1398614,-0.1729348,0.9749525,37,5.7,-1.605817,27.07973,38,-5.7,-19.81231,156.6257
53.75244,11.08977,-8.778364,62.8205,3.108748,2.948104,0.1350944,-0.08949086,0.01191264,-0.02105018,-0.9956939,3.018735,2.949984,0.1147317,0.1255181,-0.1823956,0.9751806,37,5.7,-1.381629,25.48455,38,-5.7,-19.58812,155.0305
53.77686,12.31405,-10.18669,72.84135,3.472057,2.948371,0.1449265,-0.09125146,0.00969439,-0.01814131,-0.9956154,3.388372,2.948802,0.1248674,0.1199197,-0.17648,0.9769719,37,5.7,-1.058346,23.18427,38,-5.7,-19.26484,152.7303
53.79431,12.47935,-10.18668,72.84129,3.65802,2.947132,0.1497797,-0.09155475,0.007855743,-0.01893644,-0.995589,3.553672,2.948802,0.1248674,0.1199197,-0.17648,0.9769719,37,5.7,-0.8287783,21.55082,38,-5.7,-19.03527,151.0968
53.81873,9.680461,-6.667604,47.80165,4.035616,2.947996,0.160885,-0.09445215,0.005452074,-0.02005216,-0.9953125,3.936732,2.947594,0.135938,0.1173053,-0.1963732,0.9734871,37,5.7,-0.5048549,19.24598,38,-5.7,-18.71135,148.792
53.83643,9.85061,-6.667604,47.80166,4.227035,2.949312,0.1672243,-0.09422094,0.005341038,-0.02125381,-0.9953101,4.106881,2.947594,0.135938,0.1173053,-0.1963732,0.9734871,37,5.7,-0.2719578,17.58883,38,-5.7,-18.47845,147.1348
53.86035,9.256254,-5.357263,38.47809,4.605751,2.950492,0.1797804,-0.09044673,0.006319061,-0.02103317,-0.9956591,4.492171,2.94674,0.1478076,0.1205859,-0.2101866,0.9701962,37,5.7,0.04559657,15.32932,38,-5.7,-18.16089,144.8753
53.87732,8.922879,-5.027333,36.13052,4.795952,2.951677,0.1863805,-0.08900445,0.00732059,-0.01848012,-0.9958329,4.71102,2.947261,0.1610203,0.1135796,-0.2150479,0.9699763,37,5.7,0.2694205,13.73672,38,-5.7,-17.93707,143.2827
53.89417,9.093336,-5.027333,36.13052,4.987717,2.952433,0.1932652,-0.08696409,0.008088209,-0.01532249,-0.9960608,4.881477,2.947261,0.1610203,0.1135796,-0.2150479,0.9699763,37,5.7,0.4929593,12.14616,38,-5.7,-17.71353,141.6922
53.91614,8.808045,-4.455004,32.05819,5.367527,2.952913,0.2067725,-0.0830908,0.008458331,-0.009847309,-0.9964575,5.269596,2.948984,0.1757329,0.1074811,-0.2248977,0.9684363,37,5.7,0.7822818,10.08753,38,-5.7,-17.42421,139.6335
53.93335,8.976362,-4.455004,32.05819,5.556883,2.951297,0.2130978,-0.08127517,0.01030972,-0.01009354,-0.9965873,5.437912,2.948984,0.1757329,0.1074811,-0.2248977,0.9684363,37,5.7,1.010556,8.463276,38,-5.7,-17.19594,138.0093
53.94995,8.68986,-4.17748,30.0835,5.742269,2.949156,0.2191749,-0.0811463,0.01242825,-0.0110287,-0.9965637,5.653409,2.95078,0.1914706,0.09833104,-0.2308385,0.9680107,37,5.7,1.230313,6.899619,38,-5.7,-16.97618,136.4456
53.97192,9.016393,-4.177479,30.0835,6.109617,2.944034,0.2313055,-0.08047025,0.01672884,-0.01282209,-0.9965342,5.979941,2.95078,0.1914706,0.09833104,-0.2308385,0.9680107,37,5.7,1.520554,4.834447,38,-5.7,-16.68594,134.3804
53.98914,8.436708,-3.591675,25.91529,6.28851,2.940813,0.2377267,-0.07719395,0.0191243,-0.01288996,-0.9967493,6.189546,2.950347,0.2071468,0.08440834,-0.2457331,0.9656555,37,5.7,1.748102,3.215359,38,-5.7,-16.45839,132.7613
54.01355,8.289882,-3.155854,22.81426,6.63283,2.931074,0.2496186,-0.06782631,0.02418869,-0.01318548,-0.9973168,6.545305,2.946455,0.2221864,0.07434274,-0.2600418,0.9627312,37,5.7,2.070201,0.9235041,38,-5.7,-16.13629,130.4695
54.03076,8.433318,-3.155853,22.81425,6.794196,2.92489,0.2544891,-0.06524169,0.02689866,-0.01199817,-0.9974348,6.688742,2.946455,0.2221864,0.07434274,-0.2600418,0.9627312,38,-5.7,-15.90802,128.8453,38,NaN,NaN,NaN
54.0553,8.534994,-3.060514,22.13588,7.096087,2.912757,0.2630097,-0.06459576,0.03167286,-0.007505562,-0.9973805,7.004934,2.938972,0.2370523,0.06723372,-0.2636294,0.9622781,38,-5.7,-15.58413,126.5406,38,NaN,NaN,NaN
54.07581,8.65449,-3.060514,22.13588,7.230522,2.90566,0.266332,-0.06736749,0.03295801,-0.004800417,-0.9971722,7.124432,2.938972,0.2370523,0.06723372,-0.2636294,0.9622781,38,-5.7,-15.31271,124.6094,38,NaN,NaN,NaN
54.09949,8.70642,-2.851438,20.64823,7.483891,2.890989,0.2731839,-0.06925856,0.03334882,-0.001043219,-0.9970406,7.394629,2.927476,0.250466,0.06175703,-0.2720625,0.9602959,38,-5.7,-14.99982,122.3831,38,NaN,NaN,NaN
54.11414,8.473883,-2.440794,17.72635,7.589209,2.884349,0.2760708,-0.06882864,0.03095637,0.002390063,-0.9971453,7.529291,2.9128,0.2613991,0.05164098,-0.2926827,0.9548141,38,-5.7,-14.80529,120.9989,38,NaN,NaN,NaN
54.13879,8.647992,-2.440794,17.72635,7.785082,2.868956,0.2811921,-0.06512018,0.02791123,0.00558849,-0.9974714,7.703401,2.9128,0.2613991,0.05164098,-0.2926827,0.9548141,38,-5.7,-14.48003,118.6846,38,NaN,NaN,NaN
54.15588,8.66443,-2.411384,17.51709,7.868007,2.861786,0.2834415,-0.06449565,0.02662298,0.005147246,-0.9975496,7.812608,2.896385,0.2701371,0.04715221,-0.2938102,0.9547001,38,-5.7,-14.25336,117.0717,38,NaN,NaN,NaN
54.18042,6.379151,-5.975598,42.87788,8.025802,2.845705,0.2864453,-0.06495915,0.02640789,6.772718E-05,-0.9975385,7.982631,2.879085,0.2772814,-0.03682723,-0.2033659,0.9784099,38,-5.7,-13.92994,114.7705,38,NaN,NaN,NaN
54.19763,6.434151,-5.975598,42.87788,8.087677,2.835978,0.2871176,-0.06862393,0.02399654,-0.001936843,-0.9973521,8.037631,2.879085,0.2772814,-0.03682723,-0.2033659,0.9784099,38,-5.7,-13.70228,113.1506,38,NaN,NaN,NaN
54.22217,1.618482,-13.60206,97.14296,8.190274,2.819097,0.2876235,-0.0775177,0.01925698,-0.003596551,-0.9967985,8.153486,2.861031,0.2827911,-0.06636786,-0.167195,0.9836875,38,-5.7,-13.3784,110.846,38,NaN,NaN,NaN
54.23938,1.649431,-13.60205,97.14291,8.225089,2.811641,0.2875977,-0.0807405,0.01855599,-0.005539898,-0.9965471,8.184433,2.861031,0.2827911,-0.06636786,-0.167195,0.9836875,38,-5.7,-13.14949,109.2173,38,NaN,NaN,NaN
54.26379,-1.74615,-18.87747,134.6794,8.27162,2.799806,0.2874869,-0.08695554,0.01424251,-0.002461405,-0.9961074,8.245663,2.841081,0.2861097,-0.07319844,-0.1591067,0.9845441,38,-5.7,-12.82717,106.9239,38,NaN,NaN,NaN
54.28125,-1.824462,-18.24302,130.165,8.286602,2.794536,0.2869544,-0.08671408,0.01462866,-0.005394289,-0.9961112,8.273406,2.821462,0.2874138,-0.07652123,-0.1596258,0.9842074,38,-5.7,-12.59723,105.2878,38,NaN,NaN,NaN
54.30554,-1.825651,-18.24302,130.165,8.285264,2.784909,0.2851561,-0.08703264,0.01281192,-0.006734466,-0.9961003,8.272217,2.821462,0.2874138,-0.07652123,-0.1596258,0.9842074,38,-5.7,-12.27475,102.9932,38,NaN,NaN,NaN
54.32312,-1.510261,-18.1269,129.3388,8.270361,2.781667,0.2844939,-0.08536423,0.01444393,-0.008063478,-0.9962125,8.267929,2.804734,0.2874559,-0.07458402,-0.1596579,0.9843509,38,-5.7,-12.04298,101.3441,38,NaN,NaN,NaN
54.34741,-8.769333,-30.23793,215.5134,8.228282,2.776155,0.2823281,-0.08353604,0.01796864,-0.008453521,-0.996307,8.234316,2.791286,0.2865584,-0.07785221,-0.1512263,0.9854287,38,-5.7,-11.72247,99.06354,38,NaN,NaN,NaN
54.36487,-8.794474,-30.23789,215.513,8.199973,2.773576,0.2803733,-0.0834169,0.02045369,-0.01021515,-0.9962525,8.209152,2.791286,0.2865584,-0.07785221,-0.1512263,0.9854287,38,-5.7,-11.49098,97.41642,38,NaN,NaN,NaN
54.38928,-25.46148,-51.79126,368.8733,8.123967,2.768993,0.2755389,-0.08395074,0.02282106,-0.0134449,-0.9961179,8.140123,2.781433,0.2846365,-0.08981531,-0.14587,0.9852183,38,-5.7,-11.16873,95.12347,38,NaN,NaN,NaN
54.40662,NaN,NaN,NaN,8.074359,2.767619,0.2727996,-0.08404389,0.02472579,-0.01672528,-0.9960148,8.090272,2.774279,0.2811775,-0.09592635,-0.1393862,0.9855809,38,-5.7,-10.93874,93.48703,38,NaN,NaN,NaN
54.43103,NaN,NaN,NaN,7.961694,2.764148,0.2668294,-0.08166862,0.02575289,-0.01881974,-0.9961491,7.990126,2.774279,0.2811775,-0.09592635,-0.1393862,0.9855809,38,-5.7,-10.61572,91.18858,38,NaN,NaN,NaN
54.44836,-46.68567,-49.41096,351.9366,7.895579,2.762176,0.2635297,-0.08051263,0.02527283,-0.0196595,-0.9962392,7.921817,2.768865,0.2760453,-0.1518223,-0.1450728,0.9777034,38,-5.7,-10.38673,89.55924,38,NaN,NaN,NaN
54.4729,-46.81933,-49.41089,351.9361,7.745125,2.759714,0.2557015,-0.08132978,0.02330033,-0.02034103,-0.9962072,7.788079,2.768865,0.2760453,-0.1518223,-0.1450728,0.9777034,38,-5.7,-10.06239,87.25145,38,NaN,NaN,NaN
54.49011,NaN,NaN,NaN,7.657678,2.759522,0.2514054,-0.08337297,0.02247251,-0.02140251,-0.9960351,7.697031,2.764322,0.2694949,-0.1546542,-0.1428708,0.9775838,38,-5.7,-9.834841,85.63234,38,NaN,NaN,NaN
54.5144,NaN,NaN,NaN,7.470455,2.760813,0.2432789,-0.0844703,0.02273624,-0.02537252,-0.9958434,7.513357,2.760792,0.2613758,-0.1536982,-0.1432651,0.9776768,38,-5.7,-9.513823,83.34818,38,NaN,NaN,NaN
54.53235,NaN,NaN,NaN,7.364286,2.763313,0.2396187,-0.08447992,0.02308188,-0.02683845,-0.9957963,7.418984,2.760792,0.2613758,-0.1536982,-0.1432651,0.9776768,38,-5.7,-9.27593,81.65548,38,NaN,NaN,NaN
54.55615,-39.61331,-41.19326,293.4646,7.132042,2.770137,0.2316309,-0.08514021,0.02158628,-0.02453622,-0.995833,7.191334,2.759266,0.2520325,-0.1559322,-0.1464303,0.9768538,38,-5.7,-8.961222,79.41621,38,NaN,NaN,NaN
54.57385,-34.62355,-36.24946,258.2877,7.002687,2.775159,0.227346,-0.08732672,0.02030814,-0.02320808,-0.9957023,7.051067,2.761434,0.2423658,-0.1576888,-0.1476098,0.9763942,38,-5.7,-8.728499,77.7603,38,NaN,NaN,NaN
54.59778,-34.86903,-36.24952,258.2881,6.726584,2.788754,0.2194625,-0.09189487,0.02078184,-0.02359935,-0.9952721,6.805643,2.761434,0.2423658,-0.1576888,-0.1476098,0.9763942,38,-5.7,-8.410916,75.50058,38,NaN,NaN,NaN
54.6156,-29.98088,-32.08381,228.6475,6.575082,2.796419,0.2152685,-0.09274628,0.02164491,-0.02152859,-0.9952217,6.641033,2.768644,0.2326599,-0.1565422,-0.1489786,0.9763708,38,-5.7,-8.176198,73.83047,38,NaN,NaN,NaN
54.63953,-26.39528,-27.38665,195.2254,6.26439,2.811835,0.2065303,-0.09560419,0.02263212,-0.0190865,-0.9949791,6.330125,2.781559,0.2230399,-0.1636126,-0.1508278,0.9749266,38,-5.7,-7.858838,71.57233,38,NaN,NaN,NaN
54.65759,-26.54602,-27.38667,195.2256,6.094833,2.819982,0.201649,-0.09602442,0.0212789,-0.01620716,-0.9950196,6.179407,2.781559,0.2230399,-0.1636126,-0.1508278,0.9749266,38,-5.7,-7.620508,69.87653,38,NaN,NaN,NaN
54.68127,-22.59138,-22.85281,162.9654,5.740507,2.836049,0.1918956,-0.09547666,0.01786597,-0.01034972,-0.9952176,5.825452,2.798389,0.2129985,-0.1699631,-0.1534217,0.9734343,38,-5.7,-7.306988,67.64571,38,NaN,NaN,NaN
54.69922,-22.75945,-22.8528,162.9653,5.5514,2.843644,0.1866468,-0.09300782,0.01560117,-0.008228499,-0.9955092,5.657358,2.798389,0.2129985,-0.1699631,-0.1534217,0.9734343,38,-5.7,-7.070406,65.96235,38,NaN,NaN,NaN
54.72314,-23.19322,-22.85907,163.0782,5.163423,2.858938,0.1759693,-0.09034469,0.01168995,-0.0066248,-0.99582,5.269154,2.817096,0.2020621,-0.1701013,-0.1534499,0.9734057,38,-5.7,-6.754211,63.71251,38,NaN,NaN,NaN
54.74072,-22.6766,-21.77066,160.8263,4.957252,2.866031,0.1702718,-0.08969113,0.01010525,-0.00613883,-0.9958995,5.038738,2.836245,0.1903241,-0.1681183,-0.1492631,0.9744008,38,-5.7,-6.522099,62.06094,38,NaN,NaN,NaN
54.76489,-22.75242,-21.50065,159.0634,4.529776,2.880321,0.1586742,-0.09087581,0.008525699,-0.00417633,-0.995817,4.65876,2.836245,0.1903241,-0.1681183,-0.1492631,0.9744008,38,-5.7,-6.202451,59.78653,38,NaN,NaN,NaN
54.78247,-25.4022,-23.12193,164.8803,4.30514,2.887559,0.1528612,-0.09245631,0.00890299,-0.002531173,-0.9956738,4.40809,2.854722,0.1776947,-0.175994,-0.153361,0.9723716,38,-5.7,-5.968861,58.12445,38,NaN,NaN,NaN
54.80664,-20.20219,-18.23445,130.104,3.84865,2.901652,0.1408412,-0.09383749,0.00934314,0.002285748,-0.995541,3.947346,2.872323,0.164109,-0.1804362,-0.1577018,0.970862,38,-5.7,-5.649463,55.85182,38,NaN,NaN,NaN
54.82422,-20.41223,-18.23446,130.1041,3.612375,2.908621,0.1345587,-0.09479019,0.009175904,0.005340395,-0.9954407,3.737324,2.872323,0.164109,-0.1804362,-0.1577018,0.970862,38,-5.7,-5.418138,54.20586,38,NaN,NaN,NaN
54.84839,-12.85,-11.37215,85.12372,3.134907,2.922369,0.1225974,-0.09642969,0.008911453,0.009407178,-0.9952555,3.254309,2.889426,0.1497707,-0.1837248,-0.1627021,0.969419,38,-5.7,-5.09751,51.92447,38,NaN,NaN,NaN
54.86609,-12.85,-11.17883,83.97189,2.889322,2.929361,0.1166492,-0.09680705,0.008155145,0.01151912,-0.9952031,3.036011,2.889426,0.1497707,-0.1837248,-0.1627021,0.969419,38,-5.7,-4.86414,50.26396,38,NaN,NaN,NaN
54.89026,-12.85,-11.07817,80.77725,2.397586,2.941921,0.1045116,-0.09662215,0.006354221,0.01402093,-0.9952022,2.537444,2.906207,0.1355758,-0.1847695,-0.1679217,0.9683298,38,-5.7,-4.544843,47.99205,38,NaN,NaN,NaN
54.90771,-12.85,-11.06626,79.60336,2.149559,2.947187,0.09836425,-0.09648959,0.00411202,0.01477948,-0.9952158,2.253299,2.922651,0.1212559,-0.1839514,-0.1703786,0.9680563,38,-5.7,-4.31427,46.35143,38,NaN,NaN,NaN
54.93213,-12.85,-10.65626,77.27383,1.651569,2.957416,0.08587544,-0.09657033,-0.000437811,0.01503564,-0.9952126,1.810642,2.922651,0.1212559,-0.1839514,-0.1703786,0.9680563,38,-5.7,-3.99154,44.05509,38,NaN,NaN,NaN
54.94934,-12.60919,-10.69319,76.44518,1.398551,2.961696,0.07959494,-0.09600399,-0.003210955,0.01519272,-0.9952599,1.520548,2.937899,0.1064093,-0.1792591,-0.1729329,0.9684836,38,-5.7,-3.762616,42.42621,38,NaN,NaN,NaN
54.97388,-11.70681,-9.737,69.64153,0.8934841,2.968977,0.06804208,-0.09519864,-0.0079078,0.01576608,-0.9953021,1.005545,2.951067,0.09166491,-0.1769744,-0.1766364,0.9682353,38,-5.7,-3.439384,40.1263,38,NaN,NaN,NaN
54.99133,-11.93326,-9.736996,69.6415,0.6387224,2.971136,0.062591,-0.09439153,-0.0105125,0.01622671,-0.9953474,0.7790907,2.951067,0.09166491,-0.1769744,-0.1766364,0.9682353,38,-5.7,-3.208247,38.48167,38,NaN,NaN,NaN
55.0155,-12.02583,-9.272265,66.33478,0.1336821,2.974658,0.05193969,-0.09207493,-0.01497412,0.01603115,-0.9955105,0.2633733,2.961652,0.07744431,-0.1794335,-0.1786263,0.9674173,38,-5.7,-2.888305,36.20516,38,NaN,NaN,NaN
55.0332,-12.24898,-9.272263,66.33476,-0.1173667,2.976329,0.04701249,-0.09049922,-0.01600302,0.01450759,-0.9956623,0.04021876,2.961652,0.07744431,-0.1794335,-0.1786263,0.9674173,38,-5.7,-2.655215,34.54664,38,NaN,NaN,NaN
55.0575,-12.47909,-9.519294,68.09248,-0.6174164,2.977258,0.03684581,-0.08759896,-0.01726795,0.01222736,-0.9959311,-0.4714969,2.968997,0.06378782,-0.1710483,-0.1778959,0.9690694,38,-5.7,-2.332966,32.25372,38,NaN,NaN,NaN
55.07483,-11.1924,-8.114058,58.0937,-0.867081,2.975463,0.03156179,-0.08804587,-0.01823676,0.01267912,-0.9958688,-0.7605357,2.973697,0.05081606,-0.1738464,-0.184777,0.9672822,38,-5.7,-2.103481,30.62085,38,NaN,NaN,NaN
55.09924,-11.63118,-8.114055,58.09368,-1.36072,2.973771,0.02194533,-0.09097077,-0.02121238,0.01321018,-0.99554,-1.199326,2.973697,0.05081606,-0.1738464,-0.184777,0.9672822,38,-5.7,-1.78189,28.33261,38,NaN,NaN,NaN
55.11646,-12.1695,-8.318626,59.54929,-1.605998,2.972821,0.01792375,-0.09164076,-0.02265707,0.01296205,-0.99545,-1.484086,2.975163,0.03866768,-0.1737238,-0.1836148,0.9675256,38,-5.7,-1.553417,26.70694,38,NaN,NaN,NaN
55.14111,-12.60299,-8.318624,59.54927,-2.093676,2.969445,0.009849126,-0.09079076,-0.02591701,0.01351984,-0.9954409,-1.917577,2.975163,0.03866768,-0.1737238,-0.1836148,0.9675256,38,-5.7,-1.227423,24.38737,38,NaN,NaN,NaN
55.15857,-10.12388,-6.279738,45.04185,-2.334247,2.967144,0.005804416,-0.09013488,-0.0271386,0.01298993,-0.995475,-2.197522,2.973904,0.02703393,-0.169967,-0.1984285,0.9652655,38,-5.7,-0.9965639,22.74473,38,NaN,NaN,NaN
55.18274,-10.22354,-6.13349,44.00124,-2.815807,2.959814,-0.002630691,-0.09115473,-0.02842154,0.01172739,-0.995362,-2.690897,2.971032,0.01633096,-0.1653907,-0.1999037,0.9657559,38,-5.7,-0.6778609,20.47704,38,NaN,NaN,NaN
55.19995,-10.43974,-6.13349,44.00124,-3.059033,2.956546,-0.00618454,-0.09506701,-0.02714349,0.01062159,-0.9950441,-2.907099,2.971032,0.01633096,-0.1653907,-0.1999037,0.9657559,38,-5.7,-0.4493034,18.85077,38,NaN,NaN,NaN
55.22449,-10.59869,-5.905399,42.37829,-3.543244,2.95049,-0.01202472,-0.09624478,-0.0245794,0.01073549,-0.9949962,-3.402089,2.966076,0.006330967,-0.1639883,-0.2021537,0.9655267,38,-5.7,-0.1260997,16.55105,38,NaN,NaN,NaN
55.24182,-9.802067,-4.95397,35.60852,-3.781436,2.946312,-0.01448736,-0.09337878,-0.02181715,0.009538727,-0.995346,-3.678236,2.958815,-0.002870202,-0.1655521,-0.2139149,0.9627216,38,-5.7,0.1041794,14.91253,38,NaN,NaN,NaN
55.26636,-10.22199,-4.953969,35.60851,-4.253854,2.938636,-0.01904957,-0.09076387,-0.01795869,0.008099865,-0.9956776,-4.098163,2.958815,-0.002870202,-0.1655521,-0.2139149,0.9627216,38,-5.7,0.4274148,12.61259,38,NaN,NaN,NaN
55.28381,-10.59118,-4.885112,35.11857,-4.484542,2.935367,-0.02080447,-0.09111191,-0.01530479,0.006868369,-0.9956994,-4.367374,2.950621,-0.01055515,-0.1703912,-0.2145215,0.9617419,38,-5.7,0.6582819,10.96989,38,NaN,NaN,NaN
55.30798,-10.28529,-4.245137,30.56491,-4.937366,2.927895,-0.02408135,-0.09064793,-0.00878638,0.00125359,-0.9958435,-4.833128,2.941761,-0.01677072,-0.1709974,-0.2254046,0.9591416,38,-5.7,0.978725,8.689816,38,NaN,NaN,NaN
55.32556,-10.48512,-4.245135,30.5649,-5.162176,2.923131,-0.02564304,-0.09279003,-0.005929336,-7.999688E-05,-0.9956681,-5.03296,2.941761,-0.01677072,-0.1709974,-0.2254046,0.9591416,38,-5.7,1.211472,7.033734,38,NaN,NaN,NaN
55.34985,-10.17343,-3.683353,26.56761,-5.603812,2.912961,-0.02797716,-0.09455855,-0.001714081,-0.001530141,-0.9955167,-5.487349,2.932982,-0.02150857,-0.1685773,-0.2380167,0.9565196,38,-5.7,1.531401,4.757323,38,NaN,NaN,NaN
55.36768,-10.3658,-3.683355,26.56762,-5.82023,2.907847,-0.02841368,-0.09520003,-0.0002409071,-0.001532413,-0.995457,-5.67972,2.932982,-0.02150857,-0.1685773,-0.2380167,0.9565196,38,-5.7,1.767784,3.075371,38,NaN,NaN,NaN
55.3916,-10.11579,-3.250363,23.48672,-6.243141,2.898444,-0.02847784,-0.09148708,0.003790804,-0.004342839,-0.9957896,-6.115913,2.922933,-0.02528358,-0.1623603,-0.2505822,0.9543834,38,-5.7,2.083784,0.8269134,38,NaN,NaN,NaN
55.40918,-10.05005,-3.051336,22.07057,-6.446503,2.892287,-0.02883553,-0.08804725,0.006019079,-0.005627931,-0.9960822,-6.355218,2.911479,-0.02781236,-0.1593628,-0.2571838,0.9531317,38,-5.7,2.083784,0.8269134,38,NaN,NaN,NaN
55.43335,-10.39952,-3.051336,22.07057,-6.839658,2.879246,-0.02985845,-0.08719215,0.01265506,-0.01114344,-0.9960489,-6.704688,2.911479,-0.02781236,-0.1593628,-0.2571838,0.9531317,38,-5.7,2.083784,0.8269134,38,NaN,NaN,NaN
55.45117,-10.00187,-2.869218,20.77473,-7.029954,2.872168,-0.03033916,-0.08913954,0.01630536,-0.01397593,-0.9957876,-6.930278,2.899117,-0.02902162,-0.1408593,-0.2645288,0.9540352,38,-5.7,2.083784,0.8269134,38,NaN,NaN,NaN
55.4751,-10.2351,-2.674181,19.38697,-7.396699,2.858385,-0.03029333,-0.09032642,0.02458518,-0.01691709,-0.995465,-7.310421,2.884957,-0.02972078,-0.1433137,-0.2724068,0.9514493,38,-5.7,2.083784,0.8269134,38,NaN,NaN,NaN
55.49304,-10.38948,-2.674181,19.38697,-7.570383,2.852584,-0.03006944,-0.08885331,0.02938547,-0.01821172,-0.9954447,-7.464807,2.884957,-0.02972078,-0.1433137,-0.2724068,0.9514493,38,-5.7,2.083784,0.8269134,38,NaN,NaN,NaN
55.51685,-10.3163,-2.263643,16.46584,-7.894459,2.840568,-0.02999686,-0.08683921,0.03922885,-0.02220457,-0.995202,-7.804046,2.869268,-0.03023064,-0.1439036,-0.2940164,0.9449054,38,-5.7,2.083784,0.8269134,38,NaN,NaN,NaN
55.53491,-10.44629,-2.263642,16.46584,-8.04069,2.833427,-0.03091189,-0.08846936,0.0446912,-0.0250252,-0.9947611,-7.93403,2.869268,-0.03023064,-0.1439036,-0.2940164,0.9449054,38,-5.7,2.083784,0.8269134,38,NaN,NaN,NaN
55.55859,-10.58733,-2.211404,16.09414,-8.314654,2.820905,-0.03231138,-0.0949236,0.05298671,-0.03002105,-0.99362,-8.225323,2.853879,-0.03018403,-0.1384084,-0.2968148,0.9448514,38,-5.7,2.083784,0.8269134,38,NaN,NaN,NaN
55.57654,-10.39371,-1.832163,13.3957,-8.435941,2.81603,-0.03288442,-0.09879702,0.05521517,-0.03229976,-0.9930494,-8.376179,2.838441,-0.03070056,-0.1405155,-0.3252954,0.9351141,38,-5.7,2.083784,0.8269134,38,NaN,NaN,NaN
55.60059,-10.58602,-1.832163,13.3957,-8.652287,2.80548,-0.03401563,-0.1027526,0.06110486,-0.03745396,-0.9921217,-8.568485,2.838441,-0.03070056,-0.1405155,-0.3252954,0.9351141,38,-5.7,2.083784,0.8269134,38,NaN,NaN,NaN
55.61816,-10.39091,-1.722068,12.61234,-8.74803,2.80047,-0.0345557,-0.1033413,0.06343956,-0.04010554,-0.9918103,-8.691265,2.82372,-0.03195477,-0.125493,-0.3356392,0.933594,38,-5.7,2.083784,0.8269134,38,NaN,NaN,NaN
55.64221,-10.50716,-2.368136,17.20935,-8.918649,2.79245,-0.03501997,-0.102635,0.06939835,-0.04485866,-0.9912808,-8.874954,2.810423,-0.03340602,-0.09028932,-0.2864651,0.9538268,38,-5.7,2.083784,0.8269134,38,NaN,NaN,NaN
55.65979,-10.56863,-2.368136,17.20935,-8.987808,2.789117,-0.03502865,-0.100961,0.07190511,-0.04763638,-0.9911445,-8.936428,2.810423,-0.03340602,-0.09028932,-0.2864651,0.9538268,38,-5.7,2.083784,0.8269134,38,NaN,NaN,NaN
55.68396,-10.06868,-6.311473,45.26762,-9.104222,2.782371,-0.03490724,-0.0969405,0.07657003,-0.05379701,-0.9908811,-9.066399,2.798946,-0.03452098,-0.02168492,-0.1971099,0.9801416,38,-5.7,2.083784,0.8269134,38,NaN,NaN,NaN
55.70203,-10.10737,-6.311473,45.26762,-9.147756,2.77931,-0.03488018,-0.09613137,0.07795559,-0.05622139,-0.9907174,-9.105095,2.798946,-0.03452098,-0.02168492,-0.1971099,0.9801416,38,-5.7,2.083784,0.8269134,38,NaN,NaN,NaN
55.72571,-9.271011,-17.12465,122.2075,-9.216379,2.773567,-0.03474062,-0.09661753,0.08082977,-0.05949487,-0.9902484,-9.187374,2.789328,-0.03505909,-0.0006752695,-0.1607859,0.9869891,38,-5.7,2.083784,0.8269134,38,NaN,NaN,NaN
55.74329,-8.963397,-22.65971,161.5916,-9.234792,2.77134,-0.03445629,-0.09797259,0.0824734,-0.06058896,-0.9899134,-9.219561,2.781204,-0.03511167,0.001565646,-0.1554907,0.9878361,38,-5.7,2.083784,0.8269134,38,NaN,NaN,NaN
55.7677,-8.980681,-22.65971,161.5916,-9.254236,2.767781,-0.03340087,-0.09906399,0.08468169,-0.06195747,-0.9895335,-9.236844,2.781204,-0.03511167,0.001565646,-0.1554907,0.9878361,38,-5.7,2.083784,0.8269134,38,NaN,NaN,NaN
55.78503,-8.02008,-22.30908,159.0968,-9.246862,2.766294,-0.03287973,-0.0993906,0.08595541,-0.06416571,-0.9892502,-9.240904,2.774276,-0.03474975,0.007578022,-0.1556997,0.9877754,38,-5.7,2.083784,0.8269134,38,NaN,NaN,NaN
55.80933,-8.16804,-15.89888,113.4857,-9.205421,2.764288,-0.03210381,-0.1010641,0.08802409,-0.06888985,-0.9885808,-9.209346,2.768924,-0.03391004,0.009050992,-0.1622596,0.9867066,38,-5.7,2.083784,0.8269134,38,NaN,NaN,NaN
55.82678,-8.135813,-15.8989,113.4858,-9.169167,2.763798,-0.03158772,-0.1006511,0.08802409,-0.06984699,-0.9885558,-9.177119,2.768924,-0.03391004,0.009050992,-0.1622596,0.9867066,38,-5.7,2.083784,0.8269134,38,NaN,NaN,NaN
55.85107,-7.834374,-15.28641,109.1277,-9.076347,2.764097,-0.03020806,-0.09838393,0.08771077,-0.07144783,-0.9886975,-9.093859,2.765207,-0.03298748,0.01138258,-0.163141,0.9865372,38,-5.7,2.083784,0.8269134,38,NaN,NaN,NaN
55.86926,-7.78018,-15.28643,109.1279,-9.01538,2.765441,-0.02933149,-0.09660006,0.08741797,-0.07276395,-0.9888033,-9.039665,2.765207,-0.03298748,0.01138258,-0.163141,0.9865372,38,-5.7,2.083784,0.8269134,38,NaN,NaN,NaN
55.89294,-6.654305,-17.79984,127.0118,-8.8782,2.769457,-0.02700896,-0.09442901,0.08838323,-0.07830936,-0.9885035,-8.911154,2.763283,-0.0318197,0.01753345,-0.1597547,0.9870011,38,-5.7,2.083784,0.8269134,38,NaN,NaN,NaN
55.91028,-5.638452,-23.76537,169.4588,-8.792923,2.772547,-0.02573924,-0.09414753,0.09004878,-0.08219136,-0.9880648,-8.823779,2.764164,-0.02939749,0.01856453,-0.1546177,0.9877999,38,-5.7,2.083784,0.8269134,38,NaN,NaN,NaN
55.93494,-5.470246,-23.76537,169.4588,-8.603692,2.781596,-0.02310186,-0.0947834,0.09361337,-0.09116198,-0.9868851,-8.655574,2.764164,-0.02939749,0.01856453,-0.1546177,0.9877999,38,-5.7,2.083784,0.8269134,38,NaN,NaN,NaN
RESULT,totalFlags,35
RESULT,totalShort,0
RESULT,totalLong,35
RESULT,totalTight,15
RESULT,passedFlags,32
RESULT,shortTurns,0
RESULT,longTurns,32
RESULT,tightTurns,14
RESULT,passRate,91.42857
RESULT,shortRate,0
RESULT,longRate,91.42857
RESULT,tightRate,93.33334
RESULT,totalValidTime,48.44609
RESULT,timeP0,24.92084
RESULT,timeP1,18.09413
RESULT,timeS0,1.265835
RESULT,timeS1,2.796742
RESULT,timeOther,1.368585
RESULT,cntP0,33
RESULT,cntP1,32
RESULT,rateTimeP0,0.5144036
RESULT,rateTimeP1,0.3734901
RESULT,rateTimeS0,0.02612873
RESULT,rateTimeS1,0.05772895
RESULT,rateTimeOther,0.02824964
RESULT,rateCntP0,0.8461539
RESULT,rateCntP1,0.8205128
flagId,passedCorrect,turnDir,minDistToFlagDuringApproach
4,1,1,1.86863
5,1,-1,1.286611
6,1,1,3.739352
7,1,-1,0.9940994
8,1,1,1.460257
9,1,-1,6.843656
10,1,1,1.435016
11,1,-1,2.372867
12,1,1,2.162466
13,1,-1,2.603218
14,1,1,2.035378
15,1,-1,2.175741
16,1,1,2.47262
17,1,-1,4.463712
18,1,1,2.901495
19,1,-1,1.815756
20,1,1,2.432941
21,1,-1,4.334162
22,0,1,2.305852
23,0,-1,2.04208
24,1,1,1.426656
25,1,-1,1.681771
26,1,1,2.996143
27,1,-1,3.947511
28,1,1,2.42407
29,1,-1,1.838663
30,1,1,3.722952
31,1,-1,1.004211
32,1,1,2.611302
33,1,-1,5.099041
34,0,1,1.55125
35,1,-1,3.869169
36,1,1,4.178493
37,1,-1,1.047961
38,1,1,1.074203
pId,lastRiseSecBeforePassP
4,0.7362747
5,1.36787
6,0.2475158
7,1.350545
8,0.9313887
9,1.297001
10,0.4521731
11,0.180799
12,0.7551011
13,0.1578847
14,0.05614985
15,1.381196
16,NaN
17,0.4994515
18,0.1972544
19,NaN
20,1.342814
21,0.2057003
22,1.365273
23,1.239917
24,0.22756
25,1.363041
26,0.726717
27,0.1600352
28,0.07873693
29,0.07367283
30,0.505816
31,0.3463565
32,0.5632442
33,0.5777171
34,1.350941
35,0.3507548
36,0.4524575
37,1.347746
38,NaN
P1_EVENTS_FORMAT
pId
riseSecBeforePassP,duration,fallSecBeforePassP
4
1.465869,0.542758,0.9231311
0.9059691,0.01716208,0.8815063
0.7362747,0.5570363,0.1715198
5
1.36787,1.378455,0
6
1.357874,0.918932,0.4389855
0.2475158,0.107932,0.146938
7
1.350545,1.002423,0.3490231
8
1.432219,0.4771594,0.948989
0.9313887,0.9369231,0
9
1.297001,1.270324,0.01963516
10
1.346723,0.5015205,0.8454085
0.4521731,0.2504889,0.2012708
11
1.391362,0.1015815,1.284044
0.180799,0.1847358,0
12
0.7551011,0.3521191,0.3966986
13
1.369035,0.04214448,1.327616
0.1578847,0.1673947,0
14
1.392491,0.04182949,1.351115
0.05614985,0.06593152,0
15
1.381196,0.1430318,1.231691
16
NaN
17
1.352346,0.1908546,1.167421
0.4994515,0.5010804,0
18
0.1972544,0.2088765,0
19
NaN
20
1.342814,0.226302,1.109851
21
0.2057003,0.2094336,0
22
1.365273,0.6437072,0.7142254
23
1.239917,0.2687205,0.9655331
24
1.188527,0.2263668,0.955476
0.8955397,0.08421314,0.8128008
0.7286182,0.01793532,0.7048266
0.22756,0.2263679,0
25
1.363041,0.3756848,0.9872934
26
1.335586,0.1012116,1.228117
1.126667,0.04181172,1.085091
0.9598754,0.05912449,0.8937376
0.726717,0.7378689,0
27
0.1600352,0.1671313,0
28
0.07873693,0.08399548,0
29
1.392719,0.2919566,1.100478
0.07367283,0.08356491,0
30
1.35881,0.3580538,1.007067
0.505816,0.5184702,0
31
0.3463565,0.3162181,0.03663377
32
0.8380844,0.2506024,0.5876091
0.5632442,0.5850064,0
33
1.346776,0.3584389,0.9948772
0.5777171,0.5882642,0
34
1.350941,0.08355267,1.267441
35
0.3507548,0.3165564,0.04108501
36
1.325865,0.3759347,0.9501518
0.4524575,0.4708854,0
37
1.347746,0.06607027,1.288083
38
NaN
