431 132 0 77 262 214 501 777 491 349 34 483 397 354 312 31 146 6 926 14 947 436 280 60 306 383 629 519 521 391 436 173 530 24 170 166 945 347 445 842 647 190 925 712 217 622 785 128 345 238 621 88 739 838 628 492 665 414 271 684 121 8 687 333 291 880 82 993 350 766 621 533 375 41 270 221 786 821 572 410 739 703 -1 160 41 371 -1 204 393 181 233 541 328 621 92 198 65 111 659 461 521 643 66 671 739 473 94 318 882 137 628 269 150 752 482 754 64 129 605 945 383 206 250 257 468 97 475 126 -1 607 171 27 757 117 540 678 257 159 228 744 318 358 96 21 250 274 555 113 109 763 219 184 257 62 2 577 933 845 156 89 321 360 887 198 577 370 307 325 22 966 108 558 487 13 966 381 365 578 88 693 351 -1 176 72 227 338 630 671 211 5 337 30 142 198 597 77 222 545 470 130 263 68 581 777 391 166 -1 374 565 320 5 27 675 1 514 211 18 306 346 85 74 272 57 411 872 47 218 807 -1 869 63 158 922 0 184 545 407 358 324 806 209 456 106 714 449 347 929 943 560 6 662 617 406 469 609 127 59 509 15 747 118 194 405 636 427 426 299 63 868 394 -1 365 441 560 87 68 86 908 251 560 277 154 453 8 111 797 432 366 382 516 6 435 498 641 35 24 112 64 250 -1 311 709 35 418 179 79 29 177 87 863 400 115 83 139 26 67 595 76 624 939 433 137 703 256 48 133 223 72 584 24 338 34 577 16 35 540 342 882 440 540 131 398 610 730 313 878 379 253 238 396 310 281 900 945 -1 473 250 79 75 242 170 349 266 812 167 494 280 41 286 308 27 661 266 266 265 653 731 533 445 418 351 920 403 240 243 572 473 35 171 777 338 895 274 368 225 459 313 226 396 346 11 545 366 90 358 881 106 363 113 545 192 794 320 19 -1 752 712 381 450 223 397 843 223 264 72 643 147 527 526 148 21 548 352 269 242 272 125 759 543 240 125 124 850 373 578 106 521 182 470 114 987 868 366 170 492 721 753 1 365 102 150 4 112 255 195 643 868 260 216 284 209 659 112 344 261 582 148 63 916 196 407 312 247 23 362 58 518 565 318 708 78 307 75 872 258 366 916 190 411 492 257 59 79 63 492 521 492 78 901 255 3 762 473 232 102 453 59 242 979 142 184 823 476 131 308 21 830 189 347 220 244 657 180 410 521 400 438 257 845 175 384 486 546 172 68 481 114 265 -1 460 263 992 190 889 254 395 530 3 231 460 14 383 535 198 383 153 232 445 492 399 460 131 317 652 288 182 739 12 783 838 232 -1 69 41 300 712 723 338 595 647 238 407 24 319 172 463 541 923 383 439 289 347 438 540 595 444 171 -1 407 189 310 374 667 195 347 72 574 593 4 371 370 253 85 595 180 612 261 176 130 212 740 288 370 787 338 342 669 631 286 78 460 170 88 924 374 945 202 825 659 243 21 135 749 364 711 260 753 315 261 410 391 156 380 405 22 624 360 255 628 208 439 427 947 439 34 -1 841 227 117 131 223 318 308 118 651 358 706 138 793 318 569 81 166 133 30 529 68 468 347 303 68 522 595 426 710 22 75 385 574 384 840 762 532 160 126 342 8 992 257 223 199 271 19 440 398 522 710 439 242 708 457 77 998 264 461 627 712 19 263 396 437 540 683 338 186 560 443 491 30 277 260 777 443 397 -1 438 497 935 841 -1 768 845 351 519 662 131 206 199 484 868 838 841 663 350 521 547 869 118 64 35 64 992 347 468 6 328 15 344 257 619 58 41 184 393 476 677 244 -1 699 671 690 420 461 383 643 88 725 486 764 21 484 649 713 350 813 195 865 456 671 483 793 83 349 653 415 16 497 278 276 460 435 45 88 628 34 263 773 322 701 274 794 636 610 314 458 333 841 438 438 657 18 560 581 22 182 955 652 68 264 665 45 238 46 343 -1 246 198 813 701 253 777 398 12 92 24 445 442 677 479 453 225 695 819 643 764 318 723 501 806 48 112 19 147 862 184 876 868 260 966 552 102 209 731 844 606 34 845 764 11 308 22 232 656 274 198 893 463 3 845 437 -1 473 46 798 219 106 -1 708 828 -1 699 647 692 138 58 285 264 205 412 -1 723 8 30 315 448 511 217 -1 3 553 438 370 945 747 64 244 801 709 838 79 349 577 29 627 68 199 254 533 263 276 112 860 26 407 92 232 712 149 213 300 343 182 342 473 63 683 627 -1 813 747 980 845 938 -1 637 612 34 560 196 723 
353 132 154 77 262 214 501 777 491 349 34 483 144 354 312 31 146 6 926 14 947 436 280 60 306 383 972 519 521 391 436 173 -1 24 170 166 -1 347 484 842 286 190 925 658 217 622 785 128 345 238 621 114 739 838 628 492 690 414 271 684 121 8 687 333 291 880 82 542 350 766 621 533 375 41 270 221 786 821 572 410 739 703 -1 160 41 371 -1 204 51 181 36 541 328 621 92 198 65 111 659 461 521 643 66 671 739 473 94 885 882 137 628 269 150 752 482 754 64 129 605 90 383 206 140 257 468 97 475 126 -1 607 171 27 757 117 540 678 257 159 228 744 318 358 96 21 250 274 555 113 109 763 219 184 257 62 380 577 933 845 156 89 321 360 887 198 577 370 307 325 22 966 108 558 487 13 966 381 365 578 642 693 351 -1 176 72 227 338 630 671 211 5 337 30 142 198 -1 77 222 545 470 130 263 68 646 777 391 166 -1 374 565 320 5 27 493 1 514 211 18 306 226 85 74 272 57 411 493 47 397 807 -1 869 63 158 580 0 184 545 407 358 324 806 209 493 106 714 449 347 929 -1 560 6 122 617 406 469 609 127 59 509 15 747 118 194 405 636 427 426 299 760 868 394 -1 365 441 560 87 68 86 908 251 560 277 154 453 8 111 797 793 366 927 516 6 435 498 641 35 24 112 64 144 -1 311 709 35 418 179 79 29 177 87 863 400 115 83 139 155 67 595 76 107 939 433 137 703 256 48 133 223 72 584 24 338 34 155 16 35 540 342 882 440 540 131 398 610 730 313 878 226 253 238 396 310 380 900 945 -1 473 298 79 75 242 170 349 484 812 167 494 280 41 286 308 27 661 266 266 265 653 731 533 484 569 662 920 288 240 243 572 473 35 171 777 338 895 274 793 225 459 313 12 396 689 11 545 366 637 358 881 106 363 113 545 192 794 320 19 -1 752 585 381 379 223 226 26 223 264 72 643 147 527 526 148 21 548 286 269 242 272 125 759 543 240 125 124 850 373 578 106 521 182 470 688 418 868 366 170 492 721 493 1 365 102 150 4 112 255 195 643 868 260 216 284 209 659 112 344 450 582 148 63 916 196 407 312 247 23 855 58 518 565 250 927 78 307 75 397 258 366 916 190 411 492 257 59 79 760 492 521 492 78 901 255 3 952 473 232 102 453 59 242 979 142 184 823 476 131 308 21 830 189 347 220 244 657 351 410 521 400 438 257 845 175 384 486 546 172 68 481 114 265 637 460 263 992 190 889 254 395 244 3 231 460 14 383 535 198 383 153 244 445 492 399 460 131 317 652 288 182 739 12 783 838 943 202 69 41 300 511 723 338 595 647 238 407 24 319 172 463 541 450 383 439 289 347 438 540 595 444 171 -1 407 189 310 374 667 195 347 72 403 593 4 371 370 253 85 595 665 612 261 176 130 164 740 288 370 787 338 342 669 233 286 78 460 170 88 924 374 585 36 825 659 243 21 135 749 364 0 260 379 315 626 410 391 156 488 405 22 56 360 255 628 208 439 427 947 439 34 -1 841 227 117 131 223 665 308 118 651 358 706 138 178 140 569 81 166 133 30 529 68 468 347 303 68 522 595 426 710 22 75 385 288 384 840 154 585 160 126 342 8 992 257 223 199 271 19 440 398 522 710 439 242 489 457 77 998 264 461 627 665 19 263 396 437 540 683 338 186 560 443 491 30 277 260 777 443 226 -1 438 497 935 841 -1 855 845 351 519 884 131 206 199 484 868 838 841 663 350 521 547 869 118 64 35 64 992 347 468 6 328 15 344 257 619 58 41 184 688 476 677 244 -1 303 671 450 356 461 383 643 88 725 486 288 21 484 649 713 350 813 195 865 656 671 483 286 83 349 653 415 16 497 278 276 460 435 45 393 628 34 263 773 322 701 274 794 636 610 155 458 333 841 438 438 657 18 560 585 22 182 688 652 68 264 665 45 238 46 343 -1 246 198 813 701 253 777 398 493 92 24 445 442 677 479 453 225 695 819 643 380 -1 723 501 806 48 112 19 147 862 184 876 868 260 966 552 102 209 731 844 606 34 845 154 11 308 22 244 817 274 198 893 463 3 845 437 -1 473 232 303 219 106 -1 262 828 -1 -1 647 692 138 58 285 264 205 412 -1 723 8 30 315 448 119 217 626 3 553 438 370 654 747 64 244 801 709 838 79 349 164 29 627 68 199 254 533 263 276 112 860 -1 407 92 232 351 149 213 300 343 182 342 473 63 683 627 450 813 747 980 845 938 849 431 612 34 560 196 723 
353 132 154 77 618 214 501 777 491 349 34 483 144 354 312 31 146 6 926 14 947 436 280 60 306 383 972 519 521 391 436 173 -1 24 170 166 -1 347 484 842 286 190 925 658 217 622 785 128 345 238 621 114 739 838 628 492 690 414 271 684 121 8 687 333 291 880 82 542 350 766 621 533 375 41 270 221 786 821 572 410 739 611 -1 160 41 371 276 204 51 181 36 541 328 621 92 198 65 111 659 262 521 643 66 671 739 473 94 885 882 137 628 269 150 408 482 754 64 129 605 90 383 206 140 257 468 97 475 126 -1 607 171 27 207 117 540 678 257 159 228 744 318 358 96 21 250 274 555 113 109 763 219 184 257 62 380 577 933 845 156 89 321 360 887 198 577 370 307 325 22 966 108 558 487 13 966 381 365 578 642 693 351 -1 176 72 227 338 630 671 211 5 337 30 142 198 -1 77 222 545 470 130 263 68 646 777 391 166 -1 374 565 320 5 27 493 1 514 211 18 306 226 85 74 272 57 411 493 47 397 807 -1 869 63 158 580 0 184 545 407 358 324 806 209 493 106 714 449 347 929 -1 560 6 122 617 406 469 609 127 59 509 15 747 118 194 4 636 427 426 299 760 868 394 -1 365 441 560 87 68 734 908 251 560 277 154 453 8 111 935 793 366 927 516 6 435 498 641 35 24 112 64 144 443 311 709 35 418 179 79 29 177 87 797 400 115 83 139 155 67 595 76 107 939 433 137 703 256 48 133 223 72 584 24 338 34 155 16 35 540 342 882 440 540 131 398 610 863 313 878 226 253 238 396 310 380 900 945 -1 473 298 79 75 242 170 349 484 812 167 494 280 41 286 308 27 661 266 266 265 653 731 533 484 569 662 920 288 240 243 572 473 35 171 777 338 895 274 793 225 459 313 12 396 689 11 545 366 382 358 950 106 363 -1 545 192 794 320 19 -1 752 585 381 379 223 226 26 223 264 72 643 147 527 526 148 21 808 286 269 242 272 125 759 950 240 125 124 850 752 578 106 521 182 470 688 418 868 366 170 492 721 493 1 365 102 150 99 112 255 195 643 868 260 216 284 209 659 112 344 450 582 148 63 916 196 407 312 247 23 855 58 518 565 250 802 78 307 75 397 258 366 916 190 411 492 257 59 79 760 492 521 492 78 901 255 3 952 473 232 102 453 59 242 979 142 184 823 476 131 308 21 830 189 347 220 244 657 351 410 521 400 950 257 845 175 384 486 546 172 68 481 114 265 808 460 263 992 190 889 254 395 244 3 231 460 14 383 535 198 383 153 244 445 492 399 460 131 317 652 382 182 739 12 783 838 943 202 69 41 300 511 723 338 595 647 238 407 24 319 172 463 541 450 383 439 289 347 543 540 595 444 171 -1 407 189 310 374 667 195 347 72 382 593 220 371 370 253 85 595 665 612 261 176 130 164 740 382 370 787 338 342 669 382 286 78 460 170 88 924 213 585 36 825 659 243 21 135 749 364 0 260 379 315 626 410 391 156 488 950 22 56 360 255 628 208 439 427 947 439 34 -1 841 227 117 131 223 665 308 118 651 358 706 138 178 140 569 81 166 133 30 529 68 468 347 303 68 522 595 81 710 22 75 385 288 384 840 154 585 160 126 342 8 992 257 223 199 271 19 440 398 522 710 439 242 276 457 77 998 264 461 627 665 19 263 396 437 540 683 338 186 560 373 491 30 277 260 777 892 226 -1 231 497 132 841 -1 855 845 351 519 884 131 206 199 484 868 838 841 -1 350 521 547 869 118 64 35 64 992 347 468 6 328 15 344 257 619 58 41 184 688 476 677 244 -1 303 671 450 356 734 383 643 88 725 486 288 21 484 649 713 350 813 195 865 656 671 483 286 83 349 653 415 16 497 278 276 460 435 45 393 628 34 263 773 322 701 274 794 636 610 155 458 333 841 755 602 657 18 560 585 22 182 688 652 68 264 665 45 238 46 309 -1 246 198 813 701 253 777 398 493 92 24 445 442 677 479 453 225 695 819 643 380 -1 723 501 806 48 112 19 147 862 184 876 868 260 966 552 102 209 731 844 606 34 845 154 11 308 22 244 817 274 198 893 463 3 845 437 -1 473 232 303 219 106 -1 99 276 -1 -1 647 692 138 58 757 264 205 412 -1 723 8 30 315 448 119 217 626 3 553 543 370 654 747 64 244 801 709 838 79 349 164 29 627 68 199 254 533 263 276 112 860 -1 407 92 232 351 149 213 300 457 182 342 473 63 683 627 450 813 747 935 845 938 849 233 612 34 560 196 723 
353 132 154 77 618 214 501 389 491 349 34 483 144 354 312 31 146 6 926 14 795 436 280 60 33 383 972 519 521 306 436 173 359 870 170 166 -1 347 484 842 286 190 567 658 196 622 434 128 889 238 621 114 739 838 628 937 690 414 271 684 121 8 687 333 778 880 82 542 350 766 621 533 375 41 270 221 786 821 572 410 739 611 -1 160 41 371 276 308 51 181 36 915 328 621 92 198 65 111 659 262 521 643 66 671 739 473 94 885 882 137 628 269 150 408 482 754 64 129 260 90 383 206 140 257 468 97 475 126 -1 607 171 27 207 117 540 678 257 159 228 744 318 685 96 21 250 274 555 113 109 763 219 -1 257 62 380 577 933 845 156 89 321 360 887 198 577 370 307 325 22 966 108 558 487 13 966 -1 365 578 642 693 351 -1 176 72 234 338 630 671 211 5 337 30 142 198 234 77 222 545 470 130 263 68 646 751 87 685 -1 374 565 320 423 27 493 1 514 211 18 306 226 85 74 272 57 326 493 47 397 677 -1 869 63 158 580 0 672 545 704 404 324 806 209 493 434 714 449 347 929 -1 560 6 122 617 406 469 609 127 59 509 15 747 467 234 4 636 295 426 299 760 868 394 -1 365 441 560 204 68 734 908 251 560 277 154 453 8 111 935 793 366 927 516 6 435 326 641 35 24 112 435 144 443 311 709 35 418 179 79 24 177 524 116 400 115 83 139 155 67 595 76 107 939 433 137 703 256 48 133 411 72 584 306 338 34 155 16 35 540 342 882 440 540 131 398 610 797 313 878 226 253 49 396 310 380 900 945 -1 473 298 79 685 106 170 349 484 812 167 494 280 41 286 204 27 661 567 266 265 653 731 533 484 569 662 348 288 240 243 572 473 35 171 24 338 306 274 793 225 459 313 12 396 689 11 545 366 382 75 950 106 236 -1 545 192 794 320 19 -1 752 585 348 379 326 226 26 680 858 72 643 147 527 526 148 21 808 286 269 513 504 125 759 950 240 125 124 428 752 742 359 521 182 470 688 418 868 366 170 685 721 493 1 365 102 150 99 112 255 195 643 868 442 216 284 209 659 112 344 450 582 148 63 916 682 236 312 247 23 855 58 541 565 250 802 78 307 685 397 258 366 916 190 326 1 257 59 79 760 221 521 435 78 901 255 3 952 473 232 102 453 59 434 541 142 227 823 476 131 44 21 124 189 347 220 244 704 351 410 521 400 950 257 845 348 384 91 482 172 68 481 236 265 808 460 263 992 190 949 254 395 244 3 231 460 14 383 535 198 383 153 244 106 457 399 460 131 317 652 382 182 739 12 444 838 943 202 69 41 300 511 723 338 595 647 878 236 306 319 172 463 541 450 383 439 289 347 543 540 595 444 171 -1 363 189 310 374 667 195 347 72 382 593 220 371 370 253 85 595 665 612 234 176 130 164 740 382 370 326 338 342 669 382 286 78 460 170 88 924 213 585 36 825 659 243 21 135 749 364 0 260 379 531 -1 410 369 156 488 950 22 56 360 255 628 208 439 427 877 439 34 -1 841 877 117 131 411 665 308 605 651 75 221 138 178 140 569 81 166 133 30 529 68 468 347 303 68 522 595 81 710 22 404 385 288 384 726 154 585 160 126 342 8 992 257 531 199 271 19 440 398 522 148 439 434 276 457 77 295 295 461 627 665 19 263 396 437 540 216 338 186 560 373 491 30 277 260 467 892 226 -1 231 497 132 841 -1 855 845 351 519 884 131 206 199 484 868 838 841 -1 350 521 547 869 751 428 35 116 992 347 404 6 434 15 344 257 619 58 41 234 688 476 979 244 -1 303 671 450 356 734 383 643 608 725 227 288 21 484 649 713 350 813 195 865 656 671 483 286 83 349 653 415 16 497 278 276 460 435 45 393 628 34 263 773 322 701 274 680 636 610 155 458 333 841 755 602 236 442 560 585 22 182 688 652 68 33 665 45 878 584 116 -1 246 198 813 701 253 605 398 493 92 295 359 751 20 479 453 225 695 819 643 380 -1 723 501 806 553 112 19 147 862 234 962 868 260 966 552 102 209 731 844 606 34 845 154 11 878 22 244 817 274 198 893 463 3 845 437 -1 473 434 303 219 567 -1 99 276 -1 -1 647 692 138 58 757 423 166 412 -1 723 8 30 315 448 119 524 234 3 57 543 370 654 747 116 244 801 709 838 79 349 164 -1 627 68 199 254 533 263 276 112 860 -1 608 92 232 351 149 213 300 457 182 342 473 63 683 627 450 813 747 935 845 938 236 233 612 34 560 44 723 
353 132 154 77 618 214 501 389 491 349 34 483 144 354 312 31 146 6 926 14 947 436 280 60 33 383 972 519 521 306 436 173 530 870 170 166 -1 347 445 842 286 190 925 658 998 622 785 128 889 238 621 688 739 838 628 937 690 414 271 684 121 8 687 267 778 880 102 542 350 766 621 533 375 41 270 221 786 821 572 410 739 -1 555 160 41 371 276 308 51 181 36 541 328 621 92 198 65 111 659 262 521 643 514 187 739 473 94 885 882 137 628 269 150 147 51 754 64 129 260 90 383 206 140 257 468 97 475 126 -1 607 171 27 207 117 540 678 257 159 228 744 318 685 96 21 250 392 761 426 109 763 219 184 257 62 380 577 933 837 156 89 321 360 887 198 577 370 307 325 22 352 108 558 487 13 352 381 365 578 642 693 351 -1 176 72 227 338 630 222 211 5 337 30 142 198 -1 77 44 545 470 130 263 68 646 751 274 685 -1 374 565 320 423 27 493 1 254 211 18 306 226 85 74 272 57 326 493 47 397 807 -1 869 63 158 922 0 184 545 704 404 324 806 209 493 106 714 449 347 929 796 560 6 122 617 406 469 103 127 59 509 15 747 467 194 4 636 295 611 299 40 868 394 -1 365 441 560 145 68 734 908 251 560 277 154 453 8 111 935 368 366 927 516 6 435 326 641 35 24 112 435 144 443 311 709 35 418 179 79 24 177 682 116 400 115 83 139 155 67 595 76 107 939 433 137 761 256 48 133 411 72 584 306 338 34 155 16 35 540 342 882 440 540 131 398 610 730 313 48 226 253 238 396 310 380 638 945 -1 473 298 79 685 242 170 349 484 812 167 494 280 41 393 308 27 661 -1 299 265 653 731 533 445 569 662 417 288 240 243 572 473 35 171 24 338 306 -1 642 225 555 313 12 396 689 11 545 366 382 75 950 106 236 113 545 192 794 320 19 -1 752 585 913 379 326 226 26 680 858 72 643 265 527 526 148 21 808 352 269 242 504 125 759 950 240 125 124 428 752 742 106 521 182 470 114 418 868 366 170 685 721 493 1 365 555 150 99 112 255 195 643 868 442 216 284 209 659 112 344 450 582 148 299 916 878 236 312 247 23 810 58 518 565 250 802 78 307 685 397 258 366 916 190 326 568 257 59 79 63 221 521 435 78 901 255 3 952 473 232 214 453 59 242 979 142 184 823 476 131 308 21 124 189 347 220 244 704 351 410 521 400 950 257 443 175 384 486 482 172 68 481 236 775 808 460 263 992 190 103 254 146 32 3 231 460 14 383 535 198 383 153 232 445 457 399 460 131 317 652 382 182 739 12 444 838 232 202 69 41 300 511 723 338 595 647 238 236 306 319 172 463 541 450 383 439 289 347 543 540 595 444 171 -1 363 189 310 81 667 195 347 72 382 593 220 371 370 253 85 595 665 612 261 176 130 164 740 382 370 326 338 342 669 382 40 78 460 170 88 924 213 585 36 267 659 243 21 135 749 364 0 260 379 531 626 410 946 156 488 950 22 56 360 255 628 208 439 527 947 439 34 -1 841 227 117 131 411 665 196 605 651 75 221 138 -1 140 569 644 166 133 30 529 68 468 347 303 68 522 595 322 710 22 404 385 288 384 726 154 585 160 126 342 8 992 257 531 199 271 19 440 398 522 148 439 242 276 568 77 295 295 461 627 665 19 263 396 437 540 216 338 186 560 443 491 30 277 260 467 408 226 -1 231 497 132 841 -1 267 157 351 519 884 131 206 199 760 868 838 841 -1 350 521 408 869 751 428 35 116 992 347 404 6 328 15 344 257 619 58 41 184 286 476 677 244 285 303 609 450 356 734 383 643 608 725 486 288 21 556 649 713 350 813 195 865 656 187 483 760 83 349 653 415 16 497 278 276 460 435 45 368 628 34 263 773 147 701 308 680 636 610 155 458 538 841 755 602 236 442 560 585 22 182 760 652 68 33 665 45 238 46 116 -1 246 198 813 701 253 605 398 493 92 295 445 751 677 345 453 225 695 819 643 380 -1 723 501 806 553 112 19 538 862 184 962 868 260 102 552 352 209 731 844 606 34 299 154 11 878 22 232 817 274 198 893 463 3 538 437 381 473 46 303 219 106 -1 99 276 -1 -1 647 692 138 58 757 423 166 412 -1 723 8 30 67 448 119 44 626 3 345 543 370 654 747 116 556 801 709 838 79 349 164 -1 627 68 199 898 533 263 276 112 860 -1 608 92 232 351 149 691 300 730 182 342 473 16 683 627 450 813 747 797 299 938 236 233 612 34 560 818 723 
233 132 154 77 618 214 501 389 491 349 34 483 144 354 312 31 146 6 926 14 947 436 280 60 33 383 972 519 521 306 436 173 530 870 170 166 -1 347 445 842 286 190 925 658 998 622 785 128 889 861 621 688 739 838 628 937 690 414 271 684 121 8 687 267 778 880 102 542 350 766 621 533 375 41 270 221 786 821 572 410 739 -1 555 160 41 371 276 308 51 181 119 541 328 621 92 198 65 111 659 262 521 643 514 187 739 473 94 885 882 137 628 269 150 147 51 754 64 129 260 36 383 206 140 257 468 97 475 126 -1 607 171 27 207 117 540 678 257 159 228 744 318 685 96 21 250 381 761 426 109 763 219 184 257 62 380 577 933 837 156 89 321 360 887 198 577 370 307 325 22 352 108 558 487 13 352 381 365 578 642 693 351 -1 176 72 227 338 630 222 211 5 337 30 142 198 -1 77 44 545 470 130 263 68 646 751 274 685 -1 374 565 320 423 27 493 1 254 211 18 306 226 85 74 272 878 326 493 47 397 807 -1 869 63 158 922 90 184 545 704 404 324 806 209 493 106 714 449 347 929 796 560 6 122 617 406 469 103 127 59 509 15 747 467 194 4 636 295 611 299 40 868 394 -1 365 441 560 145 68 734 908 251 560 277 154 453 8 111 935 368 366 927 516 6 435 326 641 35 24 112 435 144 443 311 709 35 418 179 79 24 177 524 116 400 115 83 139 155 67 595 76 107 939 433 137 761 256 48 133 411 72 584 306 338 34 155 16 35 540 342 882 440 540 131 398 610 730 313 48 226 253 324 396 310 380 638 0 -1 473 298 79 685 242 170 349 484 812 167 494 280 41 393 308 27 661 -1 299 265 653 731 533 445 569 662 417 288 240 243 572 473 35 171 24 338 306 204 642 225 555 313 12 396 689 11 545 366 382 75 950 106 236 113 545 192 794 320 19 -1 752 585 49 379 326 226 26 680 858 72 643 265 818 526 148 21 808 352 269 242 504 125 759 950 240 125 124 428 752 742 106 521 182 470 114 418 868 366 170 685 721 493 1 365 555 150 99 112 255 195 643 868 442 216 284 209 659 112 344 450 582 148 299 916 196 236 312 247 23 810 58 518 565 250 802 78 307 685 397 258 366 916 190 326 568 257 59 79 63 221 521 435 78 901 255 3 952 473 232 214 453 59 242 979 142 184 823 476 131 44 21 124 189 347 220 244 704 351 410 521 400 950 257 443 175 384 486 482 172 68 481 236 775 808 460 263 992 190 103 254 146 32 3 231 460 14 383 535 198 383 153 232 445 457 399 460 131 317 652 382 182 739 12 444 838 232 202 69 41 300 511 723 338 595 647 324 236 306 319 172 463 541 450 383 439 289 347 543 540 595 444 171 -1 363 189 310 81 667 195 347 72 382 593 220 371 370 253 85 595 665 612 261 176 130 164 740 382 370 326 338 342 669 382 40 78 460 170 88 924 213 585 36 267 659 243 21 135 749 364 353 260 379 531 626 410 524 156 488 950 22 56 360 255 628 208 439 189 947 439 34 -1 841 227 117 131 411 665 479 605 651 75 221 138 -1 140 569 644 166 133 30 529 68 468 347 303 68 522 595 322 710 22 404 385 288 384 726 154 585 160 126 342 8 992 257 531 199 271 19 440 398 522 148 439 242 276 568 77 295 295 461 627 665 19 263 396 437 540 216 338 186 560 443 491 30 277 260 467 408 226 -1 231 497 132 841 -1 267 157 351 519 884 131 206 199 760 868 838 841 -1 350 521 408 869 751 428 35 116 992 347 404 6 328 15 344 257 619 58 41 184 286 476 677 244 285 303 189 450 356 734 383 643 608 725 486 288 21 556 649 713 350 813 195 865 656 187 483 760 83 349 653 415 16 497 278 276 460 435 45 368 628 34 263 773 147 701 308 680 636 610 155 458 538 841 755 602 236 442 560 585 22 182 760 652 68 33 665 45 878 46 116 -1 246 198 813 701 253 605 398 493 92 295 445 751 677 57 453 225 695 819 643 380 -1 723 501 806 553 112 19 538 862 184 962 868 260 102 552 352 209 731 844 606 34 299 154 11 479 22 232 817 274 198 893 463 3 538 437 913 473 46 303 219 106 -1 99 276 -1 -1 647 692 138 58 757 423 166 412 -1 723 8 30 67 448 585 660 626 3 345 543 370 654 747 116 556 801 709 838 79 349 164 -1 627 68 199 214 533 263 276 112 860 -1 608 92 232 351 149 691 300 730 182 342 473 16 683 627 450 813 747 797 299 938 236 0 612 34 560 818 723 
233 132 154 77 618 214 501 389 491 349 34 483 144 354 312 31 146 6 926 14 947 436 280 60 33 383 972 519 521 306 436 173 359 870 170 166 -1 347 378 842 286 190 567 658 998 622 434 128 889 861 621 688 739 838 628 937 690 414 271 684 121 8 687 267 778 880 102 315 350 766 621 533 375 41 270 221 786 821 572 410 739 -1 555 160 41 371 276 308 51 181 119 541 873 621 92 198 65 111 659 262 521 643 514 187 739 473 94 885 882 137 628 269 150 147 51 754 64 129 260 36 383 206 140 257 468 97 475 126 -1 607 171 27 207 117 540 678 257 159 228 744 318 685 96 21 250 381 761 426 109 763 219 184 257 62 380 577 933 837 156 89 321 360 887 198 577 370 307 325 22 352 108 558 487 13 352 381 365 578 642 693 351 -1 176 72 227 338 630 222 211 5 337 30 142 198 -1 77 44 545 470 130 263 68 646 751 274 685 -1 374 565 320 423 27 493 1 254 211 18 306 226 85 74 272 878 326 493 47 397 807 -1 869 63 158 911 90 184 545 704 404 324 806 209 493 106 714 449 347 929 580 560 6 122 617 406 469 103 127 59 509 15 747 467 194 4 636 295 611 42 40 868 394 -1 365 441 560 145 68 734 908 251 560 277 154 453 8 111 935 368 366 927 516 6 435 326 641 35 24 112 435 144 443 311 709 35 418 179 79 24 177 524 116 400 115 83 139 155 -1 595 76 107 939 433 137 761 256 48 133 411 72 94 306 338 34 155 16 35 540 342 882 440 540 131 398 610 730 313 48 226 253 324 396 310 380 638 0 -1 473 298 79 685 242 170 349 378 812 167 494 280 41 393 308 27 661 42 42 265 653 731 533 567 569 662 417 288 240 243 572 473 35 171 24 338 306 204 642 225 555 313 12 396 689 11 545 366 382 75 950 106 236 113 545 192 794 320 19 -1 752 585 49 379 326 226 26 680 858 72 643 265 818 526 148 21 808 352 269 242 504 125 759 950 240 125 124 428 752 742 359 521 182 470 114 418 868 366 170 685 721 493 1 365 555 150 99 112 255 195 643 868 442 216 284 209 659 112 344 450 582 148 299 916 196 236 312 796 23 378 58 518 565 250 802 78 307 685 397 258 366 916 190 326 568 257 59 79 63 221 521 435 78 901 255 3 952 473 434 214 453 59 359 979 142 184 823 476 131 44 21 124 189 347 220 244 704 351 410 521 400 950 257 443 175 384 486 67 172 68 481 236 775 808 460 263 992 190 103 254 146 530 3 231 460 14 383 535 198 383 153 232 106 457 399 460 131 317 652 382 182 739 12 444 838 566 202 69 41 328 511 723 338 595 647 324 236 306 319 172 463 915 450 383 439 289 347 543 540 595 444 171 -1 363 189 310 81 667 195 347 72 382 593 220 371 370 253 85 595 665 612 261 176 130 164 740 382 370 326 338 342 669 382 40 78 460 170 88 924 213 585 36 267 659 243 21 135 749 364 353 260 379 531 626 410 524 156 488 950 22 56 360 255 628 208 439 189 947 439 34 -1 841 227 117 131 411 665 479 605 651 75 221 138 -1 140 569 644 166 133 30 529 68 468 347 303 68 522 595 322 710 22 404 385 288 384 726 154 585 160 126 342 8 992 257 531 199 271 19 440 398 522 148 439 434 276 568 77 295 295 461 627 665 19 263 396 437 540 216 338 186 560 443 491 30 277 260 467 408 226 -1 231 497 132 841 -1 267 157 351 519 884 131 206 199 760 868 838 841 -1 350 521 408 869 751 428 35 116 992 347 404 6 434 15 344 257 619 58 41 184 286 476 677 566 285 303 189 450 356 734 383 643 608 725 486 288 21 556 649 713 350 813 195 865 656 187 483 760 83 349 653 415 16 497 278 276 460 435 45 368 628 34 263 773 147 701 308 680 636 610 155 458 538 841 755 602 236 442 560 585 22 182 760 652 68 33 665 45 878 584 116 -1 246 198 813 701 253 605 398 493 300 295 359 751 677 57 453 225 695 819 643 380 -1 723 501 806 553 112 19 538 862 184 962 868 260 102 552 352 209 731 844 606 34 299 154 11 479 22 530 817 274 198 91 463 3 538 437 913 473 434 303 219 42 -1 99 276 -1 -1 647 692 138 58 757 423 166 412 -1 723 8 30 580 448 585 660 626 3 345 543 370 654 747 116 556 801 709 838 79 349 164 -1 627 68 199 214 533 263 276 112 860 -1 608 252 580 351 149 691 300 730 182 342 473 16 683 627 450 813 747 797 299 938 236 0 612 34 560 818 723 
233 132 154 77 618 214 501 389 491 349 34 483 144 365 312 25 146 6 926 14 947 436 280 60 33 383 972 519 521 306 436 173 359 870 170 166 -1 347 378 842 286 190 567 658 998 860 434 128 889 861 621 688 739 838 110 937 690 414 271 684 121 8 687 267 778 551 102 315 350 766 621 533 375 41 270 221 25 821 490 410 739 -1 555 160 41 371 276 308 51 181 119 541 873 621 92 193 65 111 659 262 521 550 514 187 739 473 94 885 882 137 881 269 150 147 51 754 64 129 260 36 383 206 140 257 468 97 475 126 -1 607 628 27 207 117 540 678 257 159 228 744 318 685 96 21 250 381 761 426 109 763 460 184 257 62 380 577 661 837 156 89 321 360 887 95 577 370 307 325 22 352 108 130 487 13 352 381 365 578 642 693 351 -1 176 72 227 338 630 222 211 5 337 30 142 901 -1 77 44 545 95 130 738 68 646 751 274 685 -1 374 835 563 423 27 493 1 254 211 18 306 226 150 74 272 878 326 493 47 397 807 -1 869 63 558 911 90 184 545 704 404 324 806 320 493 106 714 449 347 507 580 560 6 122 617 406 469 103 127 59 509 781 747 467 194 4 200 295 611 42 40 868 394 -1 13 441 560 145 68 734 908 251 560 277 154 453 8 111 200 368 366 927 516 6 435 326 641 35 24 112 435 144 443 311 709 35 418 179 79 24 177 524 116 400 115 83 139 155 -1 595 173 107 939 433 137 761 256 48 133 411 72 94 306 338 34 155 16 35 540 342 882 440 540 131 398 610 797 313 48 226 253 324 396 310 380 638 0 13 473 298 79 685 242 170 349 378 812 167 494 280 41 393 308 27 661 42 42 265 653 731 533 567 569 662 417 288 240 243 707 473 35 -1 24 338 306 204 642 225 555 313 12 396 689 11 545 366 382 75 950 106 236 113 545 192 794 320 19 -1 752 585 49 379 326 226 95 680 858 72 550 265 818 526 148 21 808 352 269 242 504 125 759 950 561 125 124 428 752 742 359 521 182 670 114 418 868 366 170 685 173 493 1 354 555 640 99 112 255 195 935 868 442 216 284 563 659 112 344 450 582 148 299 916 196 236 312 796 23 378 319 518 565 250 802 593 307 685 397 258 366 916 190 326 568 257 59 79 63 221 521 435 78 95 255 3 952 473 434 214 453 59 359 979 142 184 823 476 131 44 21 124 189 347 220 244 704 351 410 521 400 950 257 443 175 384 486 67 172 68 481 236 559 808 219 263 225 190 103 254 146 530 3 -1 150 14 383 535 193 120 153 232 106 457 399 460 131 385 652 382 182 739 12 444 838 566 202 69 41 328 511 723 338 595 647 324 236 306 485 172 463 915 450 25 240 289 347 543 540 595 444 231 -1 363 189 310 81 667 195 347 72 382 490 220 371 370 253 371 595 665 612 261 176 54 164 740 382 370 326 338 342 550 382 40 78 132 170 88 640 213 585 36 267 659 243 21 135 749 364 353 260 379 531 626 410 524 771 488 950 22 56 360 255 130 835 599 189 947 561 34 -1 153 227 117 131 411 665 479 605 651 75 221 138 -1 140 569 644 166 133 30 529 68 468 347 303 68 522 595 322 710 22 404 246 288 384 726 154 585 160 126 342 8 258 257 531 231 271 19 440 398 522 148 670 434 276 568 77 295 295 461 271 665 19 565 396 437 540 216 338 186 560 443 491 30 277 260 467 408 226 -1 720 497 935 550 -1 267 157 351 519 884 131 206 847 760 868 838 846 54 350 521 559 869 751 428 35 116 551 347 404 6 434 25 344 257 661 271 41 184 286 476 677 566 285 303 189 450 356 734 25 935 608 725 486 288 21 556 649 713 350 813 195 561 656 187 483 760 83 349 653 415 16 497 278 276 559 435 156 368 628 34 263 773 147 701 308 680 550 610 155 354 538 676 755 602 236 442 560 585 22 182 760 652 68 33 665 -1 878 584 116 -1 707 914 813 701 253 605 398 493 300 295 359 751 677 57 453 149 695 819 371 380 -1 723 501 806 553 112 19 538 862 184 962 868 260 102 552 352 320 731 173 156 34 299 154 11 479 22 530 817 274 -1 91 463 3 538 437 913 473 434 303 219 42 -1 99 276 865 -1 647 692 156 827 285 423 166 412 -1 723 8 30 580 866 585 660 626 3 345 543 370 654 747 116 556 801 709 838 79 349 164 -1 627 68 130 214 533 550 276 112 824 -1 608 252 580 351 149 691 300 730 182 342 473 16 683 627 450 813 747 797 299 120 236 0 612 34 560 818 723 
353 132 154 77 618 214 501 389 491 349 34 483 144 365 312 25 146 6 926 14 947 436 280 60 33 383 972 519 521 306 436 173 359 870 170 166 90 347 378 842 286 190 567 416 998 860 434 128 889 861 621 688 739 838 110 937 690 414 271 684 121 8 687 267 778 551 102 315 350 766 621 533 375 41 270 221 25 821 490 410 739 -1 555 160 41 371 276 308 51 181 233 541 873 621 92 193 65 111 659 262 521 550 514 187 739 473 94 885 882 137 881 269 150 147 51 754 64 129 260 36 383 206 140 257 468 97 475 126 -1 607 628 27 207 117 540 678 257 159 228 744 318 685 96 21 250 381 761 426 109 763 460 184 257 62 380 577 661 837 156 89 321 360 887 95 577 370 307 325 22 352 108 130 487 13 352 381 365 578 642 693 351 -1 176 72 227 338 630 222 211 5 337 30 142 901 -1 77 44 545 95 130 738 68 -1 751 274 685 -1 374 835 563 423 27 493 1 254 211 18 306 226 150 74 272 878 326 493 47 397 807 -1 869 63 558 911 0 184 545 704 404 324 806 320 493 106 714 449 347 507 580 560 6 122 617 406 469 103 127 59 509 781 747 467 194 4 200 295 611 42 40 868 394 -1 13 441 560 145 68 734 908 251 560 277 154 453 8 111 200 368 366 927 516 6 435 326 641 35 24 112 435 144 443 311 709 35 418 179 79 24 177 524 116 400 115 83 139 155 -1 595 173 107 939 433 137 761 256 48 133 411 72 94 306 338 34 155 16 35 540 342 882 440 540 131 398 610 797 313 48 226 253 324 396 310 380 638 -1 13 473 298 79 685 242 170 349 378 812 167 494 280 41 393 308 27 661 42 42 265 653 731 533 567 569 662 417 288 240 243 707 473 35 -1 24 338 306 204 642 225 555 313 12 396 689 11 545 366 382 75 950 106 236 113 545 192 794 320 19 -1 752 585 49 379 326 226 95 680 858 72 550 265 818 526 148 21 808 352 269 242 504 125 759 950 561 125 124 428 752 742 359 521 182 670 114 418 868 366 170 685 173 493 1 354 555 640 99 112 255 195 935 868 442 216 284 563 659 112 344 450 582 148 299 916 196 236 312 796 23 378 319 518 565 250 802 593 307 685 397 258 366 916 190 326 568 257 59 79 63 221 521 435 78 95 255 3 945 473 434 214 453 59 359 979 142 184 823 476 131 44 21 124 189 347 220 244 704 351 410 521 400 950 257 443 175 384 486 67 172 68 481 236 559 808 219 263 225 190 103 254 146 530 3 -1 150 14 383 535 193 120 153 232 106 457 399 460 131 385 652 382 182 739 12 444 838 566 416 69 41 328 511 723 338 595 647 324 236 306 485 172 463 915 450 25 240 289 347 543 540 595 444 231 -1 363 189 310 81 667 195 347 72 382 490 220 371 370 253 371 595 665 612 261 176 54 164 740 382 370 326 338 342 550 382 40 78 132 170 88 640 213 585 645 267 659 243 21 135 749 364 952 260 379 531 626 410 524 771 488 950 22 56 360 255 130 835 599 189 947 561 34 -1 153 227 117 131 411 665 479 605 651 75 221 138 -1 140 569 644 166 133 30 529 68 468 347 303 68 522 595 322 710 22 404 246 288 384 726 154 416 160 126 342 8 258 257 531 231 271 19 440 398 522 148 670 434 276 568 77 295 295 461 271 665 19 565 396 437 540 216 338 186 560 443 491 30 277 260 467 408 226 -1 720 497 935 550 -1 267 157 351 519 884 131 206 847 760 868 838 846 54 350 521 559 869 751 428 35 116 551 347 404 6 434 25 344 257 661 271 41 184 286 476 677 566 285 303 189 450 356 734 25 935 608 725 486 288 21 556 649 713 350 813 195 561 656 187 483 760 83 349 653 415 16 497 278 276 559 435 156 368 628 34 263 773 147 701 308 680 550 610 155 354 538 676 755 602 236 442 560 416 22 182 760 652 68 33 665 -1 878 584 116 -1 707 914 813 701 253 605 398 493 300 295 359 751 677 57 453 149 695 819 371 380 -1 723 501 806 553 112 19 538 862 184 962 868 260 102 552 352 320 731 173 156 34 299 154 11 479 22 530 817 274 -1 91 463 3 538 437 913 473 434 303 219 42 -1 99 276 865 -1 647 692 156 827 285 423 166 412 -1 723 8 30 580 866 119 660 626 3 345 543 370 511 747 116 556 801 709 838 79 349 164 -1 627 68 130 214 533 550 276 112 824 -1 608 252 580 351 149 691 300 730 182 342 473 16 683 627 450 813 747 797 299 120 236 233 612 34 560 818 723 
353 132 154 77 618 214 501 389 491 349 34 483 144 365 312 25 146 6 926 14 947 436 280 60 33 383 972 519 521 306 436 173 359 870 170 166 90 347 378 842 286 190 567 416 998 860 434 128 889 861 621 688 739 838 110 937 690 414 271 684 121 8 687 267 778 551 102 542 350 766 621 533 375 41 270 221 25 821 490 410 739 -1 555 160 41 371 276 308 51 181 233 541 873 621 92 193 65 111 659 262 521 550 514 187 739 473 94 885 882 137 881 269 150 147 51 754 64 129 260 36 383 206 140 257 468 97 475 126 -1 607 628 27 207 117 540 678 257 159 228 744 318 685 96 21 250 381 761 426 109 763 460 184 257 62 380 577 661 837 156 89 321 360 887 95 577 370 307 325 22 352 108 130 487 13 352 381 365 578 642 693 351 -1 176 72 227 338 630 222 211 5 337 30 142 901 -1 77 44 545 95 130 738 68 -1 751 274 685 -1 374 835 563 423 27 493 1 254 211 18 306 226 150 74 272 878 326 493 47 397 807 -1 869 63 558 580 0 184 545 704 404 324 806 320 493 106 714 796 347 507 482 560 6 122 617 406 469 103 127 59 509 781 747 467 194 4 200 295 611 42 40 868 394 -1 13 441 560 145 68 734 908 251 560 277 154 453 8 111 200 368 366 927 516 6 435 326 641 35 24 112 435 144 443 311 709 35 418 179 79 24 177 524 116 400 115 83 139 155 67 595 173 107 939 433 137 761 256 48 133 411 72 94 306 338 34 155 16 35 540 342 882 440 540 131 398 610 797 313 48 226 253 324 396 310 380 638 -1 13 473 298 79 685 242 170 349 378 812 167 494 280 41 393 308 27 661 42 42 265 653 731 533 567 569 662 417 288 240 243 707 473 35 -1 24 338 306 204 642 225 555 313 12 396 689 11 545 366 382 75 950 106 236 113 545 192 794 320 19 -1 752 585 49 379 326 226 95 680 858 72 550 265 818 526 148 21 808 352 269 242 504 125 759 950 561 125 124 428 752 742 359 521 182 670 244 418 868 366 170 685 173 493 1 354 555 640 99 112 255 195 935 868 442 216 284 563 659 112 344 450 582 148 299 916 196 236 312 114 23 378 319 518 565 250 802 593 307 685 397 258 366 916 190 326 568 257 59 79 63 221 521 435 78 95 255 3 945 473 434 214 453 59 359 979 142 184 823 476 131 44 21 124 189 347 220 556 704 351 410 521 400 950 257 443 175 384 486 247 172 68 481 236 559 808 219 263 225 190 103 254 146 955 3 -1 150 14 383 535 193 120 153 580 106 457 399 460 131 385 652 382 182 739 12 444 838 943 416 69 41 328 511 723 338 595 647 324 236 306 485 172 463 915 450 25 240 289 347 543 540 595 444 231 -1 363 189 310 81 667 195 347 72 382 490 220 371 370 253 371 595 665 612 261 176 54 164 740 382 370 326 338 342 550 382 40 78 132 170 88 640 213 585 645 267 659 243 21 135 749 364 952 260 379 531 626 410 524 771 488 950 22 56 360 255 130 835 599 189 947 561 34 -1 153 227 117 131 411 665 479 605 651 75 221 138 -1 140 569 644 166 133 30 529 68 468 347 303 68 522 595 322 710 22 404 246 288 384 726 154 416 160 126 342 8 258 257 531 231 271 19 440 398 522 148 670 434 276 568 77 295 295 461 271 665 19 565 396 437 540 216 338 186 560 443 491 30 277 260 467 408 226 -1 720 497 935 550 -1 267 157 351 519 884 131 206 847 760 868 838 846 54 350 521 559 869 751 428 35 116 551 347 404 6 434 25 344 257 661 271 41 184 286 476 677 247 285 303 189 450 356 734 25 935 608 725 486 288 21 556 649 713 350 813 195 561 656 187 483 760 83 349 653 415 16 497 278 276 559 435 156 368 628 34 263 773 147 701 308 680 550 610 155 354 538 676 755 602 236 442 560 416 22 182 760 652 68 33 665 -1 878 584 116 -1 707 914 813 701 253 605 398 493 300 295 359 751 677 57 453 149 695 819 371 380 -1 723 501 806 553 112 19 538 862 184 962 868 260 102 552 352 320 731 173 156 34 299 154 11 479 22 244 817 274 -1 91 463 3 538 437 913 473 434 303 219 42 -1 99 276 865 -1 647 692 156 827 285 423 166 412 -1 723 8 30 315 866 119 660 626 3 345 543 370 511 747 116 449 801 709 838 79 349 164 -1 627 68 130 214 533 550 276 112 824 -1 608 252 580 351 149 691 300 730 182 342 473 16 683 627 450 813 747 797 299 120 236 233 612 34 560 818 723 
2 132 154 77 618 214 501 389 491 349 34 483 144 354 312 258 146 501 926 14 947 650 280 60 33 15 972 519 774 306 436 317 359 870 170 166 646 347 378 842 286 190 567 712 998 831 434 128 889 861 621 -1 739 838 965 937 690 414 735 516 121 8 687 267 778 551 82 542 350 766 621 533 52 41 270 221 25 821 490 410 739 -1 555 160 41 219 276 308 51 181 36 541 873 621 92 940 65 111 659 262 600 550 66 187 52 473 94 885 882 137 833 269 150 547 688 754 64 129 260 36 564 206 140 257 468 97 475 126 -1 607 171 27 207 117 540 651 257 159 228 313 318 685 96 650 250 381 761 113 109 763 219 184 257 62 380 577 158 845 228 89 321 360 175 198 577 370 307 325 22 352 108 558 487 317 352 381 854 578 642 304 885 -1 854 52 227 338 447 222 211 5 337 30 142 901 261 77 44 545 193 130 738 68 581 751 274 685 -1 374 669 901 423 27 493 1 254 211 18 306 226 462 74 272 878 326 493 47 397 807 -1 869 63 904 580 353 184 545 704 404 324 806 209 493 106 714 566 347 490 482 560 290 122 341 406 469 103 127 59 509 781 747 467 658 4 200 295 611 42 40 868 394 -1 13 441 560 145 68 734 908 251 560 277 154 453 8 111 200 793 366 927 28 100 435 326 641 35 24 112 435 144 906 311 709 35 418 105 79 24 177 524 116 400 115 83 344 155 67 595 76 107 485 433 137 703 256 48 133 411 615 94 306 338 34 155 63 35 540 342 882 440 540 131 -1 610 730 787 48 226 253 324 139 310 281 638 -1 844 80 298 79 685 242 170 349 378 812 167 13 280 41 286 308 27 85 42 42 265 653 731 533 567 569 662 417 288 240 243 76 105 35 668 24 338 306 290 368 225 555 349 12 871 689 11 545 366 382 75 950 106 236 296 545 192 794 320 19 -1 752 43 49 379 326 226 940 680 858 375 101 147 818 526 148 817 2 352 269 242 504 125 854 950 240 125 124 428 752 742 359 534 740 -1 244 418 868 366 170 685 317 493 1 13 102 549 99 45 255 195 101 868 442 216 284 198 659 970 344 450 582 148 63 916 196 236 312 114 23 378 58 518 565 662 802 319 307 685 397 844 366 916 190 326 568 257 59 79 63 221 290 435 385 193 255 3 585 304 434 102 453 289 359 979 142 184 424 476 131 44 436 124 189 347 220 244 704 180 410 100 400 950 257 752 162 384 486 247 172 68 481 236 829 808 924 841 225 190 103 254 146 244 3 231 296 14 240 535 198 412 208 247 106 457 399 207 131 317 652 382 854 52 12 444 838 566 416 69 41 328 852 940 338 595 647 324 236 306 490 172 463 915 450 120 240 289 347 172 540 595 444 171 -1 363 189 310 81 667 195 347 375 382 593 220 425 370 253 371 595 665 612 261 735 965 164 186 382 370 326 338 342 835 382 40 317 549 170 88 425 213 36 202 267 659 243 436 774 749 364 2 260 379 531 43 410 524 771 250 950 22 56 360 255 130 153 448 189 947 865 34 -1 841 227 117 131 411 665 479 605 256 75 221 138 178 140 569 644 166 304 30 833 68 468 347 303 68 522 595 611 710 22 404 385 288 384 726 2 532 160 126 342 8 15 257 531 199 13 19 525 398 522 148 865 434 276 568 77 295 295 461 278 665 19 565 313 759 540 216 338 139 560 -1 491 30 277 260 467 113 226 -1 720 497 132 425 -1 267 322 281 519 2 131 206 720 760 868 838 846 965 350 678 296 869 751 428 35 116 551 347 404 501 434 317 630 257 425 939 41 184 688 476 677 244 990 303 189 450 356 734 76 465 608 725 486 288 525 -1 649 713 350 813 195 803 656 187 483 760 83 349 424 -1 647 497 617 276 570 435 156 393 668 34 738 773 147 701 308 680 669 610 155 15 16 676 720 158 236 442 560 581 22 494 760 652 68 33 665 45 878 584 116 424 246 198 813 701 253 605 986 493 300 295 359 751 677 57 453 149 833 819 425 380 -1 525 501 806 553 296 19 147 862 184 962 868 260 102 552 352 320 731 13 156 34 845 2 11 479 22 244 817 274 198 91 463 3 147 759 913 386 434 303 85 42 -1 99 276 865 650 647 692 771 617 465 423 166 412 490 440 8 650 67 448 36 660 626 3 345 487 370 511 747 116 244 801 709 838 79 349 164 -1 627 68 199 214 533 200 276 112 970 -1 608 252 580 511 149 691 300 730 349 342 80 63 683 963 450 813 747 757 299 120 236 233 612 34 560 818 972 
2 132 154 77 618 214 501 389 491 960 34 483 144 354 312 258 146 501 926 14 947 650 280 60 33 15 972 519 774 306 436 317 359 870 170 166 646 347 378 842 286 190 567 712 998 831 434 128 889 861 621 -1 739 838 965 937 690 414 485 516 121 8 687 503 778 551 82 542 350 766 621 533 52 41 270 221 25 821 490 410 739 -1 555 160 41 219 276 308 51 181 36 541 873 621 92 940 65 111 659 262 600 550 66 187 52 473 94 885 882 137 833 269 150 547 688 754 64 129 260 36 564 206 140 257 468 97 475 126 -1 607 171 27 207 117 540 651 257 159 228 744 318 685 96 650 250 381 761 113 109 763 219 184 257 62 380 577 158 845 228 89 321 360 175 198 577 370 307 325 22 352 108 558 487 317 352 381 854 578 642 304 885 -1 854 52 227 338 447 222 211 5 337 30 142 901 261 77 44 545 193 130 738 68 581 751 274 685 -1 374 669 901 423 27 493 1 254 211 18 306 226 462 74 272 878 326 493 47 397 807 -1 869 503 904 580 353 184 545 704 404 324 806 209 493 106 714 566 347 490 482 560 290 122 871 406 469 103 127 59 509 781 747 467 658 4 200 295 611 42 40 868 394 -1 13 441 560 145 68 734 908 251 560 277 154 453 8 111 200 793 366 927 28 100 435 326 641 35 24 112 435 144 477 311 709 35 418 105 79 24 177 524 116 400 115 83 344 155 67 595 76 107 939 433 137 703 256 48 133 411 615 94 306 338 34 155 16 35 540 342 882 440 540 131 251 610 730 787 48 226 253 324 139 310 281 638 -1 844 80 298 79 685 242 170 9 378 812 167 13 280 41 286 308 27 85 42 42 265 653 731 533 567 569 662 417 288 240 243 76 105 35 668 24 338 306 290 368 225 555 139 12 341 689 11 545 366 382 75 950 106 236 296 545 192 794 320 19 -1 752 43 49 379 326 226 940 680 858 375 101 147 818 526 148 817 2 352 269 242 504 125 854 950 240 125 124 428 752 742 359 534 740 727 244 418 868 366 170 685 317 493 1 13 102 549 99 45 255 195 101 868 442 216 284 198 659 970 344 450 582 148 333 916 196 236 312 114 23 378 319 518 565 662 802 593 307 685 397 844 366 916 190 326 568 257 59 79 267 221 290 435 385 193 255 3 585 304 434 102 453 289 359 979 142 184 424 476 131 44 436 124 189 347 220 244 704 180 410 100 400 950 257 752 162 384 486 247 172 68 481 236 829 808 924 841 225 190 103 254 146 244 3 231 296 14 240 535 198 412 208 247 106 457 399 207 131 317 652 382 854 52 12 444 838 566 416 69 41 328 852 940 338 595 647 324 236 306 485 172 463 915 450 120 240 289 347 172 540 595 444 171 -1 363 189 310 81 667 195 347 375 382 341 220 425 370 253 371 595 665 612 261 963 965 164 186 382 370 326 338 342 835 382 40 317 549 170 88 425 213 36 202 267 659 243 436 774 749 364 2 260 379 531 43 410 524 771 250 950 22 56 360 255 130 153 448 189 947 865 34 -1 841 227 117 131 411 665 479 605 256 75 221 138 178 140 569 644 166 304 30 833 68 468 347 303 68 522 595 611 710 22 404 385 288 384 726 2 532 160 126 342 8 15 257 531 199 13 19 525 341 522 148 673 434 276 568 77 295 295 461 278 665 19 565 313 759 540 216 338 313 560 -1 491 30 277 260 467 113 226 -1 720 497 132 425 -1 503 322 281 519 2 131 206 720 503 868 838 846 965 350 678 296 869 751 428 35 116 551 347 404 501 434 317 630 257 425 58 41 184 688 476 677 244 990 303 189 450 356 734 76 465 608 725 486 288 525 855 649 713 350 813 195 803 656 187 483 40 83 139 424 -1 647 497 278 276 570 435 156 393 668 34 738 773 147 701 308 680 669 610 155 15 333 676 720 158 236 442 560 581 22 494 820 652 68 33 665 45 878 584 116 341 246 198 813 701 253 605 361 493 300 295 359 751 677 57 453 149 833 819 425 380 -1 525 501 806 553 296 19 147 862 184 962 868 260 102 552 352 320 731 13 156 34 299 2 11 479 22 244 817 274 198 91 463 3 147 759 913 386 434 303 85 42 -1 99 276 727 650 647 692 771 278 465 423 166 412 -1 440 8 650 67 448 36 660 626 3 345 487 370 511 747 116 244 801 709 838 79 981 164 -1 9 68 199 214 533 200 276 112 970 -1 608 252 580 511 149 691 300 730 447 342 80 647 683 278 450 813 747 757 299 120 236 233 612 34 560 818 972 
2 132 154 77 618 214 501 389 491 960 34 483 144 354 312 258 146 501 926 14 947 650 280 60 33 15 972 519 774 306 436 317 359 870 170 166 646 347 378 842 286 190 567 712 998 831 434 128 889 861 621 -1 739 838 965 937 690 414 485 516 121 8 687 503 778 551 82 542 350 766 621 533 52 41 270 221 25 821 490 410 739 -1 555 160 41 219 276 308 51 181 36 541 873 621 92 940 65 111 659 262 600 550 66 187 52 473 94 885 882 137 833 269 150 547 688 754 64 129 260 36 564 206 140 257 468 97 475 126 -1 607 171 27 207 117 540 651 257 159 228 744 318 685 96 650 250 381 761 113 109 763 219 184 257 62 380 577 158 845 228 89 321 360 175 198 577 370 307 325 22 352 108 558 487 317 352 381 854 578 642 304 885 -1 854 52 227 338 447 222 211 5 337 30 142 901 261 77 44 545 193 130 738 68 581 751 274 685 -1 374 669 901 423 27 493 1 254 211 18 306 226 462 74 272 878 326 493 47 397 807 -1 869 503 904 580 353 184 545 704 404 324 806 209 493 106 714 566 347 490 482 560 290 122 871 406 469 103 127 59 509 781 747 467 658 4 200 295 611 42 40 868 394 -1 13 441 560 913 68 734 908 251 560 277 154 453 8 111 200 793 366 927 28 100 435 326 641 35 24 112 435 144 477 311 709 35 418 105 79 24 177 524 116 400 115 83 344 155 67 595 76 107 939 433 137 703 256 48 133 411 615 94 306 338 34 155 16 35 540 342 882 440 540 131 251 610 730 787 48 226 253 324 139 310 281 638 -1 844 80 298 79 685 242 170 9 378 812 167 13 280 41 286 308 27 85 42 42 265 653 731 533 567 569 662 417 288 240 243 76 105 35 668 24 338 306 290 368 225 555 139 12 341 689 11 545 366 382 75 950 106 236 296 545 192 794 320 19 -1 752 43 49 379 326 226 940 680 858 375 101 147 818 526 148 817 2 352 269 242 504 125 854 950 240 125 124 428 752 742 359 534 740 727 244 418 868 366 170 685 317 493 1 13 102 549 99 45 255 195 101 868 442 216 284 198 659 970 344 450 582 148 333 916 196 236 312 114 23 378 319 518 565 662 802 593 307 685 397 844 366 916 190 326 568 257 59 79 267 221 290 435 385 193 255 3 585 304 434 102 453 289 359 979 142 184 424 476 131 44 436 124 189 347 220 244 704 180 410 100 400 950 257 752 162 384 486 247 172 68 481 236 829 808 924 841 225 190 103 254 146 244 3 231 296 14 240 535 198 412 208 247 106 457 399 207 131 317 652 382 854 52 12 444 838 566 416 69 41 328 852 940 338 595 647 324 236 306 485 172 463 915 450 120 240 289 347 172 540 595 444 171 -1 363 189 310 81 667 195 347 375 382 341 220 425 370 253 371 595 665 612 261 963 965 164 186 382 370 326 338 342 835 382 40 317 549 170 88 425 213 36 202 267 659 243 436 774 749 364 2 260 379 531 43 410 524 771 250 950 22 56 360 255 130 153 448 189 947 865 34 -1 841 227 117 131 411 665 479 605 256 75 221 138 178 140 569 644 166 304 30 833 68 468 347 303 68 522 595 611 710 22 404 385 288 384 726 2 532 160 126 342 8 15 257 531 199 13 19 525 341 522 148 673 434 276 568 77 295 295 461 278 665 19 565 313 759 540 216 338 313 560 -1 491 30 277 260 467 113 226 -1 720 497 132 425 -1 503 322 281 519 2 131 206 720 503 868 838 846 965 350 678 296 869 751 428 35 116 551 347 404 501 434 317 630 257 425 58 41 184 688 476 677 244 990 303 189 450 356 734 76 465 608 725 486 288 525 855 649 713 350 813 195 803 656 187 483 40 83 139 424 -1 647 497 278 276 570 435 156 393 668 34 738 773 147 701 308 680 669 610 155 15 333 676 720 158 236 442 560 581 22 494 820 652 68 33 665 45 878 584 116 341 246 198 813 701 253 605 361 493 300 295 359 751 677 57 453 149 833 819 425 380 -1 525 501 806 553 296 19 147 862 184 962 868 260 102 552 352 320 731 13 156 34 299 2 11 479 22 244 817 145 198 91 463 3 147 759 913 386 434 303 85 42 -1 99 276 727 650 647 692 771 278 465 423 166 412 -1 440 8 650 67 448 36 660 626 3 345 487 370 511 747 116 244 801 709 838 79 981 164 -1 9 68 199 214 533 200 276 112 970 -1 608 252 580 511 149 691 300 730 447 342 80 647 683 278 450 813 747 757 299 120 236 233 612 34 560 818 972 
2 132 154 77 618 214 501 389 491 960 34 483 144 354 312 258 146 501 926 14 947 650 280 60 33 15 972 519 774 306 436 317 359 870 170 166 646 347 378 842 286 190 567 712 998 831 434 128 889 861 621 -1 739 838 965 937 690 414 485 516 121 8 687 503 778 551 82 542 350 766 621 533 52 41 270 221 25 821 490 410 739 -1 555 160 41 219 276 308 51 181 36 541 873 621 92 940 65 111 659 262 600 550 66 187 52 473 94 885 882 137 833 269 150 547 688 754 64 129 260 36 564 206 140 257 468 97 475 126 -1 607 171 27 207 117 540 651 257 159 228 744 318 685 96 650 250 381 761 113 109 763 219 184 257 62 380 577 158 845 228 89 321 360 175 198 577 370 307 325 22 352 108 558 487 317 352 381 854 578 642 304 885 -1 854 52 227 338 447 222 211 5 337 30 142 901 261 77 44 545 193 130 738 68 581 751 274 685 -1 374 669 901 423 27 493 1 254 211 18 306 226 462 74 272 878 326 493 47 397 807 -1 869 503 904 580 353 184 545 704 404 324 806 209 493 106 714 566 347 490 482 560 290 122 871 406 469 103 127 59 509 781 747 467 658 4 200 295 611 42 40 868 394 -1 13 441 560 913 68 734 908 251 560 277 154 453 8 111 200 793 366 927 28 100 435 326 641 35 24 112 435 144 477 311 709 35 418 105 79 24 177 524 116 400 115 83 344 155 67 595 76 107 939 433 137 703 256 48 133 411 615 94 306 338 34 155 16 35 540 342 882 440 540 131 251 610 730 787 48 226 253 324 139 310 281 638 -1 844 80 298 79 685 242 170 9 378 812 167 13 280 41 286 308 27 85 42 42 265 653 731 533 567 569 662 417 288 240 243 76 105 35 668 24 338 306 290 368 225 555 139 12 341 689 11 545 366 382 75 950 106 236 296 545 192 794 320 19 -1 752 43 49 379 326 226 940 680 858 375 101 147 818 526 148 817 2 352 269 242 504 125 854 950 240 125 124 428 752 742 359 534 740 727 244 418 868 366 170 685 317 493 1 13 102 549 99 45 255 195 101 868 442 216 284 198 659 970 344 450 582 148 333 916 196 236 312 114 23 378 319 518 565 662 802 593 307 685 397 844 366 916 190 326 568 257 59 79 267 221 290 435 385 193 255 3 585 304 434 102 453 289 359 979 142 184 424 476 131 44 436 124 189 347 220 244 704 180 410 100 400 950 257 752 162 384 486 247 172 68 481 236 829 808 924 841 225 190 103 254 146 244 3 231 296 14 240 535 198 412 208 247 106 730 399 207 131 317 652 382 854 52 12 444 838 566 416 69 41 328 852 940 338 595 647 324 236 306 485 172 463 915 450 120 240 289 347 172 540 595 444 171 -1 363 189 310 81 667 195 347 375 382 341 220 425 370 253 371 595 665 612 261 963 965 164 186 382 370 326 338 342 835 382 40 317 549 170 88 425 213 36 202 267 659 243 436 774 749 364 2 260 379 531 43 410 524 771 250 950 22 56 360 255 130 153 448 189 947 865 34 -1 841 227 117 131 411 665 479 605 256 75 221 138 178 140 569 644 166 304 30 833 68 468 347 303 68 522 595 611 710 22 404 385 288 384 726 2 532 160 126 342 8 15 257 531 199 13 19 525 341 522 148 673 434 276 457 77 295 295 461 278 665 19 565 313 759 540 216 338 313 560 -1 491 30 277 260 467 113 226 -1 720 497 132 425 -1 503 322 281 519 2 131 206 720 503 868 838 846 965 350 678 296 869 751 428 35 116 551 347 404 501 434 317 630 257 425 58 41 184 688 476 677 244 343 303 189 450 356 734 76 465 608 725 486 288 525 855 649 713 350 813 195 803 656 187 483 40 83 139 424 -1 647 497 278 276 570 435 156 393 668 34 738 773 147 701 308 680 669 610 155 15 333 676 720 158 236 442 560 581 22 494 820 652 68 33 665 45 878 584 116 341 246 198 813 701 253 605 361 493 300 295 359 751 677 57 453 149 833 819 425 380 -1 525 501 806 553 296 19 147 862 184 962 868 260 102 552 352 320 731 13 156 34 299 2 11 479 22 244 817 145 198 91 463 3 147 759 913 386 434 303 85 42 -1 99 276 727 650 647 692 771 278 465 423 166 412 -1 440 8 650 67 448 36 660 626 3 345 487 370 511 747 116 244 801 709 838 79 981 164 -1 9 68 199 214 533 200 276 112 970 -1 608 252 580 511 149 691 300 343 447 342 80 647 683 278 450 813 747 343 299 120 236 233 612 34 560 818 972 
2 213 154 77 618 214 501 389 491 960 34 483 144 354 312 258 146 501 926 14 947 650 280 60 33 15 972 519 774 306 436 317 359 870 170 166 646 347 378 842 286 190 567 712 998 831 434 128 889 861 621 -1 739 838 965 937 690 414 485 516 121 8 687 503 778 551 82 542 350 766 621 533 52 41 270 221 25 821 490 410 739 -1 555 160 41 219 276 308 51 181 36 541 873 621 92 940 65 111 659 262 600 550 66 187 52 473 94 885 882 137 833 269 150 547 688 754 64 129 260 36 564 206 140 257 468 97 475 126 -1 607 171 27 1 117 540 651 257 159 228 744 318 685 96 650 250 381 761 113 109 763 219 184 257 62 380 577 158 845 228 89 321 360 175 198 577 370 307 325 22 352 108 558 487 317 352 381 854 578 642 304 885 -1 854 52 227 338 447 222 211 5 337 30 142 901 261 77 44 545 193 130 738 68 581 751 274 685 -1 374 669 901 423 27 493 207 254 211 18 306 226 462 74 272 878 326 493 47 397 807 -1 869 503 904 580 353 184 545 704 404 324 806 209 493 106 714 566 347 490 482 560 290 122 871 406 469 103 127 59 509 781 747 467 658 4 200 295 611 42 40 868 394 -1 13 441 560 913 68 734 908 251 560 277 154 453 8 111 200 793 366 927 28 100 435 326 641 35 24 112 435 144 477 311 709 35 418 105 79 24 177 524 116 400 115 83 344 155 67 595 76 107 939 433 137 703 256 48 133 411 615 94 306 338 34 155 16 35 540 342 882 440 540 131 251 610 730 787 48 226 253 324 139 310 281 638 -1 844 80 298 79 685 242 170 9 378 812 167 13 280 41 286 308 27 85 42 42 265 653 731 533 567 569 662 417 288 240 243 76 105 35 668 24 338 306 290 368 225 555 139 12 341 689 11 545 366 382 75 950 106 236 296 545 192 794 320 19 -1 752 43 49 379 326 226 940 680 858 375 101 147 818 526 148 817 2 352 269 242 504 125 854 950 240 125 124 428 752 742 359 534 740 727 244 418 868 366 170 685 317 493 132 13 102 549 99 45 255 195 101 868 442 216 284 198 659 970 344 450 582 148 333 916 196 236 312 114 23 378 319 518 565 662 802 593 307 685 397 844 366 916 190 326 1 257 59 79 267 221 290 435 385 193 255 3 585 304 434 102 453 289 359 979 142 184 424 476 131 44 436 124 189 347 220 244 704 180 410 100 400 950 257 752 162 384 486 247 172 68 481 236 829 808 924 841 225 190 103 254 146 244 3 231 296 14 240 535 198 412 208 247 106 730 399 207 131 317 652 382 854 52 12 444 838 566 416 69 41 328 852 940 338 595 647 324 236 306 485 172 463 915 450 120 240 289 347 172 540 595 444 171 -1 363 189 310 81 667 195 347 375 382 341 220 425 370 253 371 595 665 612 261 963 965 164 186 382 370 326 338 342 835 382 40 317 549 170 88 425 978 36 202 267 659 243 436 774 749 364 2 260 379 531 43 410 524 771 250 950 22 56 360 255 130 153 448 189 947 865 34 -1 841 227 117 131 411 665 479 605 256 75 221 138 178 140 569 644 166 304 30 833 68 468 347 303 68 522 595 611 710 22 404 385 288 384 726 2 532 160 126 342 8 15 257 531 199 13 19 525 341 522 148 673 434 276 457 77 295 295 461 278 665 19 565 313 759 540 216 338 313 560 -1 491 30 277 260 467 113 226 -1 720 497 132 425 -1 503 322 281 519 2 131 206 720 503 868 838 846 965 350 678 296 869 751 428 35 116 551 347 404 501 434 317 630 257 425 58 41 184 688 476 677 244 990 303 189 450 356 734 76 465 608 725 486 288 525 855 649 713 350 813 195 803 656 187 483 40 83 139 424 -1 647 497 278 276 570 435 156 393 668 34 738 773 147 701 308 680 669 610 155 15 333 676 720 158 236 442 560 581 22 494 820 652 68 33 665 45 878 584 116 341 246 198 813 701 253 605 361 493 300 295 359 751 677 57 453 149 833 819 425 380 -1 525 501 806 553 296 19 147 862 184 962 868 260 102 552 352 320 731 13 156 34 299 2 11 479 22 244 817 145 198 91 463 3 147 759 913 386 434 303 85 42 -1 99 276 727 650 647 692 771 278 465 423 166 412 -1 440 8 650 67 448 36 660 626 3 345 487 370 511 747 116 244 801 709 838 79 981 164 -1 9 68 199 214 533 200 276 112 970 -1 608 252 580 511 149 499 300 730 447 342 80 647 683 278 450 813 747 757 299 120 236 233 612 34 560 818 972 
2 213 154 77 618 214 501 389 491 960 34 483 144 354 312 258 146 501 926 14 947 650 280 60 33 15 972 519 774 306 436 317 359 870 170 166 646 347 378 842 286 190 567 712 998 831 434 128 889 861 621 -1 739 838 965 937 690 414 485 516 121 8 687 503 778 551 82 542 350 766 621 533 52 41 270 221 25 821 490 410 739 -1 555 160 41 219 276 308 51 181 36 541 873 621 92 940 65 111 659 262 600 550 66 187 52 473 94 885 882 137 833 269 150 547 688 754 64 129 260 36 564 206 140 257 468 97 475 126 -1 607 171 27 1 117 540 651 257 159 228 744 318 685 96 650 250 381 761 113 109 763 219 184 257 62 380 577 158 845 228 89 321 360 175 198 577 370 307 325 22 352 108 558 487 317 352 381 854 578 642 304 885 -1 854 52 227 338 447 222 211 5 337 30 142 901 261 77 44 545 193 130 738 68 581 751 274 685 -1 374 669 901 423 27 493 207 254 211 18 306 226 462 74 272 878 326 493 47 397 807 -1 869 503 904 580 353 184 545 704 404 324 806 209 493 106 714 566 347 490 482 560 290 122 871 406 469 103 127 59 509 781 747 467 658 4 200 295 611 42 40 868 394 -1 13 441 560 913 68 734 908 251 560 277 154 453 8 111 200 793 366 927 28 100 435 326 641 35 24 112 435 144 477 311 709 35 418 105 79 24 177 524 116 400 115 83 344 155 67 595 76 107 939 433 137 703 256 48 133 411 615 94 306 338 34 155 16 35 540 342 882 440 540 131 251 610 730 787 48 226 253 324 139 310 281 638 -1 844 80 298 79 685 242 170 9 378 812 167 13 280 41 286 308 27 85 42 42 265 653 731 533 567 569 662 417 288 240 243 76 105 35 668 24 338 306 290 832 225 555 139 12 341 689 11 545 366 382 75 950 106 236 296 545 192 794 320 19 -1 752 43 49 379 326 226 940 680 858 375 101 147 818 526 148 817 2 352 269 242 504 125 854 950 240 125 124 428 752 742 359 534 740 727 244 418 868 366 170 685 317 493 132 13 102 549 99 45 255 195 101 868 442 216 284 198 659 970 344 450 582 148 333 916 196 236 312 114 23 378 319 518 565 662 802 593 307 685 397 844 366 916 190 326 1 257 59 79 267 221 290 435 385 193 255 3 585 304 434 102 453 289 359 979 142 184 424 476 131 44 436 124 189 347 220 244 704 180 410 100 400 950 257 752 162 384 486 247 172 68 481 236 829 808 924 841 225 190 103 254 146 244 3 231 296 14 240 535 198 412 208 247 106 730 399 207 131 317 652 382 854 52 12 444 838 566 416 69 41 328 852 940 338 595 647 324 236 306 485 172 463 915 450 120 240 289 347 172 540 595 444 171 -1 363 189 310 81 667 195 347 375 382 341 220 425 370 253 371 595 665 612 261 963 965 164 186 382 370 326 338 342 835 382 40 317 549 170 88 425 978 36 202 267 659 243 436 774 749 364 2 260 379 531 43 410 524 771 250 950 22 56 360 255 130 153 448 189 947 865 34 -1 841 227 117 131 411 665 479 605 256 75 221 138 178 140 569 644 166 304 30 833 68 468 347 303 68 522 595 611 710 22 404 385 288 384 726 2 532 160 126 342 8 15 257 531 199 13 19 525 341 522 148 673 434 276 457 77 295 295 461 278 665 19 565 313 759 540 216 338 313 560 -1 491 30 277 260 467 113 226 -1 720 497 132 425 -1 503 322 281 519 2 131 206 720 503 868 838 846 965 350 678 296 869 751 428 35 116 551 347 404 501 434 317 630 257 425 58 41 184 688 476 677 244 990 303 189 450 356 734 76 465 608 725 486 288 525 855 649 713 350 813 195 803 656 187 483 40 83 139 424 -1 647 497 278 276 570 435 156 368 668 34 738 773 147 701 308 680 669 610 155 15 333 676 720 158 236 442 560 581 22 494 820 652 68 33 665 45 878 584 116 341 246 198 813 701 253 605 361 493 300 295 359 751 677 57 453 149 833 819 425 380 -1 525 501 806 553 296 19 147 862 184 962 868 260 102 552 352 320 731 13 156 34 299 2 11 479 22 244 817 145 198 91 463 3 147 759 913 386 434 303 85 42 -1 99 276 727 650 647 692 771 278 465 423 166 412 -1 440 8 650 67 448 36 660 626 3 345 487 370 511 747 116 244 801 709 838 79 981 164 -1 9 68 199 214 533 200 276 112 970 -1 608 252 580 511 149 499 300 730 447 342 80 647 683 278 450 813 747 757 299 120 236 233 612 34 560 818 972 
2 213 154 77 618 214 501 389 491 960 34 483 144 354 312 258 146 501 926 14 947 650 280 60 33 15 972 519 774 306 436 317 359 870 170 166 646 347 378 842 286 190 567 712 998 831 434 128 889 861 621 -1 739 838 965 937 690 414 485 516 121 8 687 503 778 551 82 542 350 766 621 533 52 41 270 221 25 821 490 410 739 -1 555 160 41 219 276 274 51 181 36 541 873 621 92 940 65 111 659 262 600 550 66 187 52 473 94 885 882 137 833 269 150 547 688 754 64 129 260 36 564 206 140 257 468 97 475 126 -1 607 171 27 1 117 540 651 257 159 228 744 318 685 96 650 250 274 761 113 109 763 219 184 257 62 380 577 158 845 228 89 321 360 -1 198 577 370 307 325 22 352 108 558 487 317 352 381 854 578 642 304 885 -1 854 52 227 338 447 222 211 5 337 30 142 901 261 77 44 545 193 130 738 68 581 751 87 685 -1 374 669 901 423 27 493 207 254 211 18 306 226 462 74 272 878 326 493 47 397 807 -1 869 503 904 580 353 184 545 704 404 324 806 209 493 106 714 566 347 490 482 560 290 122 871 406 469 103 127 59 509 781 747 467 658 4 200 295 611 42 40 868 394 -1 13 441 560 839 68 734 908 251 560 277 154 453 8 111 200 793 366 927 28 100 435 326 641 35 24 112 435 144 477 311 709 35 418 105 79 24 177 524 116 400 115 83 344 155 67 595 76 107 939 433 137 703 256 48 133 411 615 94 306 338 34 155 16 35 540 342 882 440 540 131 251 610 730 787 48 226 253 324 139 310 281 638 -1 844 80 298 79 685 242 170 9 378 812 167 13 280 41 286 524 27 85 42 42 265 653 731 533 567 569 662 145 288 240 243 76 105 35 668 24 338 306 290 832 225 555 139 12 341 689 11 545 366 382 75 950 106 236 296 545 192 794 320 19 -1 752 43 49 379 326 226 940 680 858 375 101 147 818 526 148 817 2 352 269 242 504 125 854 950 240 125 124 428 752 742 359 534 740 727 244 418 868 366 170 685 317 493 132 13 102 549 99 45 255 195 101 868 442 216 284 198 659 970 344 450 582 148 333 916 196 236 312 114 23 378 319 518 565 662 802 593 307 685 397 844 366 916 190 326 1 257 59 79 267 221 290 435 385 193 255 3 585 304 434 102 453 289 359 979 142 184 424 476 131 946 436 124 189 347 220 244 704 180 410 100 400 950 257 752 381 384 486 247 172 68 481 236 829 808 924 841 225 190 103 254 146 244 3 231 296 14 240 535 198 412 208 247 106 730 399 207 131 317 652 382 854 52 12 444 838 566 416 69 41 328 852 940 338 595 647 324 236 306 485 172 463 915 450 120 240 289 347 172 540 595 444 171 -1 363 189 310 81 667 195 347 375 382 341 220 425 370 253 371 595 665 612 261 963 965 164 186 382 370 326 338 342 835 382 40 317 549 170 88 425 978 36 202 267 659 243 436 774 749 364 2 260 379 531 43 410 524 771 250 950 22 56 360 255 130 153 448 189 947 865 34 -1 841 227 117 131 411 665 524 605 256 75 221 138 178 140 569 644 166 304 30 833 68 468 347 303 68 522 595 611 710 22 404 385 288 384 726 2 532 160 126 342 8 15 257 531 199 13 19 525 341 522 148 673 434 276 457 77 295 295 461 278 665 19 565 313 759 540 216 338 313 560 -1 491 30 277 260 467 113 226 -1 720 497 132 425 -1 503 322 281 519 2 131 206 965 503 868 838 846 965 350 678 296 869 751 428 35 116 551 347 404 501 434 317 630 257 425 58 41 184 688 476 677 244 990 303 189 450 356 734 76 465 608 725 486 288 525 855 649 713 350 813 195 803 656 187 483 40 83 139 424 -1 647 497 278 276 570 435 156 368 668 34 738 773 147 701 417 680 669 610 155 15 333 676 720 158 236 442 560 581 22 494 820 652 68 33 665 45 878 584 116 341 246 198 813 701 253 605 361 493 300 295 359 751 677 57 453 149 833 819 425 380 -1 525 501 806 553 296 19 147 862 184 962 868 260 102 552 352 320 731 13 156 34 299 2 11 479 22 244 817 145 198 91 463 3 147 759 913 386 434 303 85 42 -1 99 276 727 650 647 692 771 278 465 423 166 412 -1 440 8 650 67 448 36 44 626 3 345 487 370 511 747 116 244 801 709 838 79 981 164 -1 9 68 199 214 533 200 276 112 970 -1 608 252 580 511 149 499 300 730 447 342 80 647 683 278 450 813 747 757 299 120 236 233 612 34 560 818 972 
2 213 154 77 618 214 501 389 491 960 34 483 144 354 312 258 146 501 926 14 947 650 280 60 33 15 972 519 774 306 436 317 359 870 170 166 646 347 378 842 286 190 567 712 998 831 434 128 889 861 621 -1 739 838 965 937 690 414 485 516 121 8 687 503 778 551 82 542 350 766 621 533 52 41 270 221 25 821 490 410 739 -1 555 160 41 219 276 274 51 181 36 541 873 621 92 940 65 111 659 262 600 550 66 187 52 473 94 885 882 137 833 269 150 547 688 754 64 129 260 36 564 206 140 257 468 97 475 126 -1 607 171 27 1 117 540 651 257 159 228 744 318 685 96 650 250 274 761 113 109 880 219 184 257 62 380 577 158 845 228 89 321 360 -1 198 577 370 307 325 22 352 108 558 487 317 352 381 854 578 642 304 885 -1 854 52 227 338 447 222 211 5 337 30 142 901 261 77 44 545 193 130 738 68 581 751 87 685 -1 374 669 901 423 27 493 207 254 211 18 306 226 462 74 272 878 326 493 47 397 807 -1 869 503 904 580 353 184 545 704 404 324 806 209 493 106 714 566 347 490 482 560 290 122 871 406 469 103 127 59 509 781 747 467 626 4 200 295 611 42 40 868 394 -1 13 441 560 839 68 734 908 251 560 277 154 453 8 111 200 793 366 927 28 100 435 326 641 35 24 112 435 144 477 311 709 35 418 105 79 24 177 524 116 400 115 83 344 155 67 595 76 107 939 433 137 703 256 48 133 411 615 94 306 338 34 155 16 35 540 342 882 440 540 131 251 610 730 787 48 226 253 324 139 310 281 638 -1 844 80 298 79 685 242 170 9 378 812 167 13 280 41 286 524 27 85 42 42 265 653 731 533 567 569 662 145 288 240 243 76 105 35 668 24 338 306 290 832 225 555 139 12 341 689 11 545 366 382 75 950 106 236 296 545 192 794 320 19 -1 752 43 49 379 326 226 940 680 858 375 101 147 818 526 148 817 2 352 269 242 504 125 854 950 240 125 124 428 752 742 359 534 740 727 244 418 868 366 170 685 317 493 132 13 102 549 99 45 255 195 101 868 442 216 284 198 659 970 344 450 582 148 333 916 196 236 312 114 23 378 319 518 565 662 802 593 307 685 397 844 366 916 190 326 1 257 59 79 267 221 290 435 385 193 255 3 585 304 434 102 453 289 359 979 142 184 424 476 131 946 436 124 189 347 220 244 704 180 410 100 400 950 257 752 381 384 486 247 172 68 481 236 829 808 924 841 225 190 103 254 146 244 3 231 296 14 240 535 198 412 208 247 106 730 399 207 131 317 652 382 854 52 12 444 838 566 416 69 41 328 852 940 338 595 647 324 236 306 485 172 463 915 450 120 240 289 347 172 540 595 444 171 -1 363 189 310 81 667 195 347 375 382 341 220 425 370 253 371 595 665 612 658 963 965 164 186 382 370 326 338 342 835 382 40 317 549 170 88 425 978 36 202 267 659 243 436 774 749 364 2 260 379 531 43 410 524 771 250 950 22 56 360 255 130 153 448 189 947 865 34 -1 841 227 117 131 411 665 524 605 256 75 221 138 178 140 569 644 166 304 30 833 68 468 347 303 68 522 595 611 710 22 404 385 288 384 726 2 532 160 126 342 8 15 257 531 199 13 19 525 341 522 148 673 434 276 457 77 295 295 461 278 665 19 565 313 759 540 216 338 313 560 -1 491 30 277 260 467 113 226 -1 720 497 132 425 -1 503 322 281 519 2 131 206 965 503 868 838 846 965 350 678 296 869 751 428 35 116 551 347 404 501 434 317 630 257 425 58 41 184 688 476 677 244 990 303 189 450 356 734 76 465 608 725 486 288 525 855 649 713 350 813 195 803 656 187 483 40 83 139 424 -1 647 497 278 276 570 435 156 368 668 34 738 773 147 701 417 680 669 610 155 15 333 676 720 158 236 442 560 581 22 494 820 652 68 33 665 45 878 584 116 341 246 198 813 701 253 605 361 493 300 295 359 751 677 57 453 763 833 819 425 380 -1 525 501 806 553 296 19 147 862 184 962 868 260 102 552 352 320 731 13 156 34 299 2 11 479 22 244 817 145 198 91 463 3 147 759 913 386 434 303 85 42 -1 99 276 727 650 647 692 771 278 465 423 166 412 -1 440 8 650 67 448 36 44 626 3 345 487 370 511 747 116 244 801 709 838 79 981 164 -1 9 68 199 214 533 200 276 112 970 -1 608 252 580 511 880 499 300 730 447 342 80 647 683 278 450 813 747 757 299 120 236 233 612 34 560 818 972 
2 132 154 77 262 609 501 389 491 986 34 483 144 354 312 258 146 6 926 14 947 650 280 60 33 15 972 519 521 306 436 317 359 870 170 166 646 347 378 842 286 190 567 712 998 831 434 128 889 861 621 -1 739 838 110 937 690 414 735 684 121 8 172 503 778 551 82 542 350 766 621 533 52 41 270 221 25 821 490 410 739 -1 555 160 41 219 -1 274 51 181 36 541 873 621 92 940 65 111 659 262 521 425 66 187 52 473 94 885 882 137 881 269 970 408 688 754 64 129 260 36 564 206 140 257 468 97 475 126 -1 607 628 27 640 117 540 678 257 159 228 744 318 685 96 650 250 274 761 113 109 880 112 184 257 565 380 577 661 761 156 89 321 360 887 198 577 370 307 325 22 352 108 130 594 317 352 381 854 578 642 304 885 -1 854 864 227 338 447 222 211 5 337 30 142 901 261 77 44 545 193 130 263 68 581 751 87 685 -1 213 835 901 423 27 493 1 514 211 18 306 226 150 74 272 878 326 493 47 397 807 158 869 503 158 580 637 184 545 704 404 324 806 209 493 106 714 566 347 490 482 560 6 122 617 406 469 103 127 59 509 781 747 467 626 405 636 295 374 42 40 868 394 -1 13 441 560 839 68 86 908 251 560 277 154 453 8 111 990 793 366 708 516 6 435 326 641 35 24 559 435 144 477 311 709 35 418 105 79 24 177 524 116 400 115 83 344 155 67 595 76 107 485 433 137 703 256 48 133 411 615 94 306 338 34 155 16 35 540 342 882 440 540 131 251 610 990 787 48 226 253 324 139 310 281 638 233 844 80 298 79 685 242 170 986 378 812 167 13 280 41 286 524 27 85 42 42 570 653 731 533 567 569 662 145 288 240 243 76 105 35 -1 24 338 306 204 832 225 459 398 12 341 689 11 545 366 382 75 54 106 236 296 545 192 794 320 19 -1 752 43 49 379 326 226 940 680 858 864 619 265 818 526 148 817 2 352 269 242 504 125 854 -1 240 125 124 428 752 742 359 521 740 727 244 418 868 366 170 685 317 493 1 13 102 219 262 45 255 195 101 868 442 216 284 198 659 45 344 450 582 148 333 916 196 236 312 114 23 378 58 518 172 662 729 319 307 685 397 844 366 916 190 326 1 257 59 79 267 221 521 435 385 193 255 3 585 304 434 102 453 59 359 979 142 184 823 476 131 946 436 124 189 347 220 244 704 180 410 521 400 663 257 752 381 384 486 247 172 68 481 236 265 637 460 101 225 190 103 254 146 244 3 231 460 14 240 535 198 412 208 247 106 457 399 640 131 317 856 616 854 398 12 444 838 566 416 69 41 328 852 940 338 595 647 324 236 306 490 153 463 915 450 120 240 289 347 228 540 595 444 231 -1 363 254 310 265 667 195 347 375 403 593 262 661 370 253 45 595 665 612 658 986 54 164 186 548 370 326 338 342 -1 403 40 317 549 170 88 101 213 36 202 267 659 243 436 135 856 364 2 260 379 531 43 410 524 371 250 405 22 56 360 255 130 153 448 189 947 865 34 -1 153 227 117 131 411 665 524 605 651 75 221 228 178 140 569 81 166 304 30 529 68 468 347 303 68 522 595 81 710 22 404 385 489 384 726 2 532 160 126 342 8 15 257 531 231 13 19 525 398 522 148 673 434 276 457 77 295 295 802 -1 665 19 200 313 759 540 216 338 313 560 -1 491 30 277 260 467 113 226 -1 231 497 132 425 -1 503 322 281 519 2 131 206 663 503 868 838 758 663 350 521 113 869 751 428 35 116 551 347 404 6 434 317 630 257 758 939 41 184 688 476 677 244 990 303 189 450 356 489 76 757 608 725 486 548 525 855 649 713 350 813 195 803 656 187 483 40 83 139 653 971 647 497 278 928 265 435 156 368 628 34 738 773 147 701 417 680 758 610 155 15 906 676 438 228 236 442 560 581 22 494 820 749 68 33 665 856 878 584 116 341 246 198 813 701 253 605 986 493 300 295 359 751 677 57 453 763 695 819 425 380 -1 525 501 806 553 752 19 147 862 184 962 868 260 514 552 352 320 731 13 231 34 299 2 11 479 22 244 817 145 198 91 463 3 147 759 913 386 434 303 883 42 -1 262 729 727 650 647 692 228 827 804 423 166 412 490 440 8 650 67 448 36 44 626 3 345 663 370 511 747 116 244 801 709 838 79 981 164 -1 986 68 663 254 533 101 734 -1 970 -1 608 252 580 511 880 213 300 457 447 342 80 647 683 278 450 813 747 757 906 120 236 233 612 34 560 818 972 
994 132 431 77 262 609 501 389 491 986 34 483 144 354 312 258 146 6 926 14 947 650 280 60 33 15 972 519 521 306 436 317 517 870 170 166 90 347 875 842 286 190 372 316 998 831 862 128 889 861 621 -1 739 838 110 937 690 414 735 684 121 8 172 503 778 551 82 542 350 766 621 533 52 41 262 221 25 821 490 410 739 -1 555 160 41 219 276 274 51 181 403 915 123 621 92 940 65 111 659 489 521 425 66 187 52 473 94 885 882 137 881 269 970 408 688 754 64 129 260 36 564 206 140 152 468 97 612 126 -1 607 628 27 640 117 540 678 718 159 228 744 318 685 96 650 250 274 761 113 109 880 112 184 625 565 2 577 661 845 156 89 321 360 887 198 577 370 307 325 22 352 108 130 594 317 352 381 854 578 642 304 351 -1 854 864 -1 338 447 222 211 5 337 30 142 901 597 77 44 545 193 171 263 68 646 751 87 685 -1 213 835 901 423 27 493 1 514 211 18 306 226 150 270 272 878 326 493 47 397 520 158 869 503 158 513 994 194 545 704 404 324 806 209 493 106 714 530 347 490 580 560 6 122 617 92 469 103 127 59 136 781 747 467 234 99 636 295 374 477 40 868 394 -1 13 441 560 839 68 928 908 251 560 277 351 453 8 111 990 793 366 382 516 6 435 326 641 35 24 559 435 144 266 136 603 35 418 105 79 24 177 524 116 400 115 83 344 155 67 626 76 107 485 433 137 703 256 48 133 411 615 94 306 338 34 155 16 35 134 342 882 440 603 131 251 610 990 787 48 226 253 324 139 310 380 638 945 844 80 298 79 685 106 170 986 266 812 167 13 280 41 286 524 27 85 266 299 570 653 731 533 38 569 662 145 574 240 603 76 105 35 171 24 338 306 204 832 225 459 398 12 341 689 11 545 366 382 75 262 106 236 296 545 192 794 320 19 -1 752 43 49 379 326 226 940 680 858 864 619 265 818 526 148 817 548 352 269 46 504 125 854 950 240 125 124 428 752 742 106 521 740 727 244 987 868 366 170 685 317 493 1 13 102 219 262 45 595 195 101 868 442 216 284 198 659 45 344 987 126 148 333 714 196 236 312 114 23 38 58 541 172 662 708 319 307 685 397 844 366 127 190 326 1 152 59 79 267 221 521 435 385 193 537 3 945 304 517 102 453 59 434 486 142 184 823 476 131 946 436 124 189 347 220 32 704 180 410 521 400 438 612 752 381 -1 91 482 172 68 481 236 265 631 460 101 225 190 103 254 146 244 3 231 460 14 240 535 198 412 208 244 106 457 399 640 131 317 856 335 854 398 12 444 838 232 202 69 41 328 945 940 338 416 647 324 236 306 490 153 316 518 151 120 240 289 347 228 36 509 444 231 -1 363 254 310 265 500 195 347 375 403 593 262 661 370 253 45 416 180 582 261 986 54 164 186 288 370 326 338 342 -1 994 40 317 549 170 88 101 213 945 36 267 659 -1 436 135 856 364 2 260 379 531 43 410 524 371 250 965 22 56 360 127 171 153 448 189 877 865 34 -1 153 518 117 131 411 665 524 605 651 75 221 228 178 140 569 81 166 304 30 529 68 468 347 303 68 522 202 81 710 22 404 385 288 714 726 2 976 160 126 342 8 15 92 531 231 13 19 525 398 522 148 673 328 802 457 77 295 295 802 -1 180 19 200 313 759 339 216 338 313 560 -1 491 30 277 260 467 113 226 -1 231 497 132 425 -1 503 322 281 519 2 131 206 965 503 868 838 758 965 350 521 113 869 751 428 35 116 551 347 404 6 328 317 630 136 758 939 41 877 688 476 136 244 990 303 189 987 356 99 76 757 608 725 518 431 525 38 475 713 350 813 195 803 656 187 483 40 83 139 653 971 647 497 278 86 265 435 156 368 628 34 738 773 147 701 417 680 758 610 155 15 333 676 536 228 236 442 560 416 22 494 820 749 68 33 665 856 878 311 116 341 246 198 813 701 253 605 986 493 328 295 32 751 20 57 453 763 695 819 425 380 -1 525 501 806 553 752 19 147 862 234 962 868 260 514 552 352 320 731 13 231 34 299 2 11 479 22 244 817 145 198 893 127 3 147 759 913 386 232 303 883 106 -1 808 335 727 650 647 692 228 827 804 423 166 412 490 440 8 650 580 448 119 44 626 3 345 -1 370 945 747 116 244 801 714 838 79 981 164 -1 986 68 130 254 533 101 802 -1 970 -1 608 252 580 351 880 213 136 457 447 342 80 647 683 278 56 813 747 757 299 120 236 431 612 34 560 818 972 
994 132 431 77 262 609 501 389 491 986 34 483 144 354 312 258 146 6 926 14 947 650 280 60 33 15 972 519 521 306 436 317 517 870 170 166 90 347 875 842 286 190 372 316 998 831 862 128 889 861 621 -1 739 838 110 937 690 414 735 684 121 8 172 503 778 551 82 542 350 766 621 533 52 41 262 221 25 821 490 410 739 -1 555 160 41 219 276 274 51 181 403 915 123 621 92 940 65 111 659 489 521 425 66 187 52 473 94 885 882 137 881 269 970 408 688 754 64 129 260 36 564 206 140 152 468 97 612 126 -1 607 628 27 640 117 540 678 718 159 228 744 318 685 96 650 250 274 761 113 109 880 112 184 625 565 2 577 661 845 156 89 321 360 887 198 577 370 307 325 22 352 108 130 594 317 352 381 854 578 642 304 351 -1 854 864 -1 338 447 222 211 5 337 30 142 901 597 77 44 545 193 171 263 68 646 751 87 685 -1 213 669 901 423 27 493 1 514 211 18 306 226 150 270 272 878 326 493 47 397 520 158 869 503 158 513 994 194 545 704 404 324 806 209 493 106 714 530 347 490 580 560 6 122 617 92 469 103 127 59 136 781 747 467 234 99 636 295 374 477 40 868 394 -1 13 441 560 839 68 928 908 251 560 277 351 453 8 111 990 793 366 382 516 6 435 326 641 35 24 559 435 144 266 136 603 35 418 105 79 24 177 524 116 400 115 83 344 155 67 626 76 107 485 433 137 703 256 48 133 411 615 94 306 338 34 155 16 35 134 342 882 440 603 131 251 610 990 787 48 226 253 324 139 310 380 638 945 844 80 298 79 685 106 170 986 266 812 167 13 280 41 286 524 27 85 266 299 570 653 731 533 38 569 662 145 574 240 603 76 105 35 171 24 338 306 204 832 225 459 398 12 341 689 11 545 366 382 75 262 106 236 296 545 192 794 320 19 -1 752 43 49 379 326 226 940 680 858 864 619 265 818 526 148 817 548 352 269 46 504 125 854 543 240 125 124 428 752 742 106 521 740 727 244 987 868 366 170 685 317 493 1 13 102 219 262 45 595 195 101 868 442 216 284 198 659 45 344 987 126 148 333 714 196 236 312 114 23 38 58 541 172 662 708 319 307 685 397 844 366 127 190 326 1 152 59 79 267 221 521 435 385 193 537 3 945 304 517 102 453 59 434 486 142 184 823 476 131 946 436 124 189 347 220 32 704 180 410 521 400 -1 612 752 381 -1 91 482 487 68 481 236 265 631 460 101 225 190 103 254 146 244 3 231 460 14 240 535 198 412 738 244 106 457 399 640 131 317 856 335 854 398 12 444 838 232 202 69 41 328 945 940 338 416 647 324 236 306 490 153 316 518 151 120 240 289 347 228 36 509 444 231 -1 363 254 310 265 500 195 347 375 403 593 262 661 370 253 45 416 180 582 261 986 54 164 186 288 370 326 338 342 -1 994 40 317 549 170 88 101 213 945 36 267 659 -1 436 135 856 364 2 260 379 531 43 410 524 371 250 965 22 56 360 127 171 153 448 189 877 865 34 -1 62 518 117 131 411 665 524 605 651 75 221 228 178 140 569 81 166 304 30 529 68 468 347 303 68 522 202 81 710 22 404 385 288 714 726 2 976 160 126 342 8 15 92 531 231 13 19 525 398 522 148 673 328 802 457 77 295 295 802 -1 180 19 200 313 759 339 216 338 313 560 -1 491 30 277 260 467 113 226 -1 231 497 132 425 -1 503 322 281 519 2 131 206 965 503 868 838 758 965 350 521 113 869 751 428 35 116 551 347 404 6 328 317 630 136 758 939 41 877 688 476 136 244 990 303 189 987 356 99 76 757 608 725 518 431 525 38 475 713 350 813 195 803 656 187 483 40 83 139 653 971 647 497 278 86 265 435 156 368 628 34 208 773 147 701 417 680 758 610 155 15 333 676 536 228 236 442 560 416 22 494 820 749 68 33 665 856 878 311 116 341 246 198 813 701 253 605 986 493 328 295 32 751 20 57 453 763 695 819 425 380 -1 525 501 806 553 752 19 147 862 234 962 868 260 514 552 352 320 731 13 231 34 299 2 11 479 22 244 817 145 198 893 127 3 147 759 913 386 232 303 883 106 -1 808 335 727 650 647 692 228 827 804 423 166 412 490 440 8 650 580 448 119 44 626 3 345 543 370 945 747 116 244 801 714 838 79 981 164 -1 986 68 130 254 533 101 802 -1 970 -1 608 252 580 351 880 213 136 457 447 342 80 647 683 278 56 813 747 757 299 120 236 431 612 34 560 818 972 
994 132 431 77 262 609 501 389 491 986 34 483 144 354 312 258 146 6 926 14 947 650 280 60 33 15 972 519 521 306 436 317 517 870 170 166 90 347 875 842 286 190 372 316 998 831 862 128 889 861 621 -1 739 838 110 937 690 414 735 684 121 8 172 503 778 551 82 542 350 766 621 533 52 41 262 221 25 821 490 410 739 -1 555 160 41 219 276 274 51 181 403 915 123 621 92 940 65 111 659 489 521 425 66 187 52 473 94 885 882 137 881 269 970 408 688 754 64 129 260 36 564 206 140 152 468 97 612 126 -1 607 628 27 640 117 540 678 718 159 228 744 318 685 96 650 250 274 761 113 109 880 112 184 625 565 2 577 661 845 156 89 321 360 887 198 577 370 307 325 22 352 108 130 594 317 352 381 854 578 642 304 351 -1 854 864 234 338 447 222 211 5 337 30 142 901 597 77 44 545 193 171 263 68 646 751 87 685 -1 213 669 901 423 27 493 1 514 211 18 306 226 150 270 272 878 326 493 47 397 520 158 869 503 158 513 994 -1 545 704 404 324 806 209 493 106 714 530 347 490 580 560 6 122 617 92 469 103 127 59 136 781 747 467 194 99 636 295 374 477 40 868 394 -1 13 441 560 839 68 928 908 251 560 277 351 453 8 111 990 793 366 382 516 6 435 326 641 35 24 559 435 144 266 136 603 35 418 105 79 24 177 524 116 400 115 83 344 155 67 626 76 107 485 433 137 703 256 48 133 411 615 94 306 338 34 155 16 35 134 342 882 440 603 131 251 610 990 787 48 226 253 324 139 310 380 638 945 844 80 298 79 685 106 170 986 266 812 167 13 280 41 286 524 27 85 266 299 570 653 731 533 38 569 662 145 574 240 603 76 105 35 171 24 338 306 204 832 225 459 398 12 341 689 11 545 366 382 75 262 106 236 296 545 192 794 320 19 -1 752 43 49 379 326 226 940 680 858 864 619 265 818 526 148 817 548 352 269 46 504 125 854 543 240 125 124 428 752 742 106 521 740 727 244 987 868 366 170 685 317 493 1 13 102 219 262 45 595 195 101 868 442 216 284 198 659 45 344 987 126 148 333 714 196 236 312 114 23 38 58 541 172 662 708 319 307 685 397 844 366 127 190 326 1 152 59 79 267 221 521 435 385 193 537 3 945 304 517 102 453 59 434 486 142 184 823 476 131 946 436 124 189 347 220 32 704 180 410 521 400 -1 612 752 381 -1 91 482 487 68 481 236 265 631 460 101 225 190 103 254 146 244 3 231 460 14 240 535 198 412 738 244 106 457 399 640 131 317 856 335 854 398 12 444 838 232 202 69 41 328 945 940 338 416 647 324 236 306 490 153 316 518 151 120 240 289 347 228 36 509 444 231 -1 363 254 310 265 500 195 347 375 403 593 262 661 370 253 45 416 180 582 261 986 54 164 186 288 370 326 338 342 -1 994 40 317 549 170 88 101 213 945 36 267 659 -1 436 135 856 364 2 260 379 531 43 410 524 371 250 965 22 56 360 127 171 153 448 189 877 865 34 -1 62 518 117 131 411 665 524 605 651 75 221 228 178 140 569 81 166 304 30 529 68 468 347 303 68 522 202 81 710 22 404 385 288 714 726 2 976 160 126 342 8 15 92 531 231 13 19 525 398 522 148 673 328 802 457 77 295 295 802 -1 180 19 200 313 759 339 216 338 313 560 -1 491 30 277 260 467 113 226 -1 231 497 132 425 -1 503 322 281 519 2 131 206 965 503 868 838 758 965 350 521 113 869 751 428 35 116 551 347 404 6 328 317 630 136 758 939 41 877 688 476 136 244 990 303 189 987 356 99 76 757 608 725 518 431 525 38 475 713 350 813 195 803 656 187 483 40 83 139 653 971 647 497 278 86 265 435 156 368 628 34 208 773 147 701 417 680 758 610 155 15 333 676 536 228 236 442 560 416 22 494 820 749 68 33 665 856 878 311 116 341 246 198 813 701 253 605 986 493 328 295 32 751 20 57 453 763 695 819 425 380 -1 525 501 806 553 752 19 147 862 194 962 868 260 514 552 352 320 731 13 231 34 299 2 11 479 22 244 817 145 198 893 127 3 147 759 913 386 232 303 883 106 -1 808 335 727 650 647 692 228 827 804 423 166 412 490 440 8 650 580 448 119 44 626 3 345 543 370 945 747 116 244 801 714 838 79 981 164 -1 986 68 130 254 533 101 802 -1 970 -1 608 252 580 351 880 213 136 457 447 342 80 647 683 278 56 813 747 757 299 120 236 431 612 34 560 818 972 
994 132 431 77 262 609 501 389 491 986 34 483 144 354 312 258 146 6 926 14 947 650 280 60 33 15 972 519 521 306 436 317 517 870 170 166 90 347 875 842 286 190 372 316 998 831 862 128 889 861 621 -1 739 838 110 937 690 414 735 684 121 8 172 503 778 551 82 542 350 766 621 533 52 41 262 221 25 821 490 410 739 -1 555 160 41 219 276 274 51 181 403 915 123 621 92 940 65 111 659 489 521 425 66 187 52 473 94 885 882 137 881 269 970 408 688 754 64 129 260 36 564 206 140 152 468 97 612 126 -1 607 628 27 640 117 540 678 718 159 228 744 318 685 96 650 250 913 761 113 109 880 112 184 625 565 2 577 661 845 156 89 321 360 887 198 577 370 307 325 22 352 108 130 594 317 352 381 854 578 642 304 351 -1 854 864 234 338 447 222 211 5 337 30 142 901 597 77 44 545 193 171 263 68 646 751 274 685 -1 213 669 901 423 27 493 1 514 211 18 306 226 150 270 272 878 326 493 47 397 520 158 869 503 158 513 994 -1 545 704 404 324 806 209 493 106 714 530 347 490 580 560 6 122 617 92 469 103 127 59 136 781 747 467 194 99 636 295 374 477 40 868 394 -1 13 441 560 145 68 928 908 251 560 277 351 453 8 111 990 793 366 382 516 6 435 326 641 35 24 559 435 144 266 136 603 35 418 105 79 24 177 524 116 400 115 83 344 155 67 626 76 107 485 433 137 703 256 48 133 411 615 94 306 338 34 155 16 35 134 342 882 440 603 131 251 610 990 787 48 226 253 324 139 310 380 638 945 844 80 298 79 685 106 170 986 266 812 167 13 280 41 286 524 27 85 266 299 570 653 731 533 38 569 662 145 574 240 603 76 105 35 171 24 338 306 274 832 225 459 398 12 341 689 11 545 366 382 75 262 106 236 296 545 192 794 320 19 -1 752 43 49 379 326 226 940 680 858 864 619 265 818 526 148 817 548 352 269 46 504 125 854 543 240 125 124 428 752 742 106 521 740 727 244 987 868 366 170 685 317 493 1 13 102 219 262 45 595 195 101 868 442 216 284 198 659 45 344 987 126 148 333 714 196 236 312 114 23 38 58 541 172 662 708 319 307 685 397 844 366 127 190 326 1 152 59 79 267 221 521 435 385 193 537 3 945 304 517 102 453 59 434 486 142 184 823 476 131 946 436 124 189 347 220 32 704 180 410 521 400 -1 612 752 381 -1 91 482 487 68 481 236 265 631 460 101 225 190 103 254 146 244 3 231 460 14 240 535 198 412 738 244 106 457 399 640 131 317 856 335 854 398 12 444 838 232 202 69 41 328 945 940 338 416 647 324 236 306 490 153 316 518 151 120 240 289 347 228 36 509 444 231 -1 363 254 310 265 500 195 347 375 403 593 262 661 370 253 45 416 180 582 261 986 54 164 186 288 370 326 338 342 -1 994 40 317 549 170 88 101 213 945 36 267 659 -1 436 135 856 364 2 260 379 531 43 410 524 371 250 965 22 56 360 127 171 153 448 189 877 865 34 -1 62 518 117 131 411 665 524 605 651 75 221 228 178 140 569 81 166 304 30 529 68 468 347 303 68 522 202 81 710 22 404 385 288 714 726 2 976 160 126 342 8 15 92 531 231 13 19 525 398 522 148 673 328 802 457 77 295 295 802 -1 180 19 200 313 759 339 216 338 313 560 -1 491 30 277 260 467 113 226 -1 231 497 132 425 -1 503 322 281 519 2 131 206 965 503 868 838 758 965 350 521 113 869 751 428 35 116 551 347 404 6 328 317 630 136 758 939 41 877 688 476 136 244 990 303 189 987 356 99 76 757 608 725 518 431 525 38 475 713 350 813 195 803 656 187 483 40 83 139 653 971 647 497 278 86 265 435 156 368 628 34 208 773 147 701 417 680 758 610 155 15 333 676 536 228 236 442 560 416 22 494 820 749 68 33 665 856 878 311 116 341 246 198 813 701 253 605 986 493 328 295 32 751 20 57 453 763 695 819 425 380 -1 525 501 806 553 752 19 147 862 194 962 868 260 514 552 352 320 731 13 231 34 299 2 11 479 22 244 817 839 198 893 127 3 147 759 381 386 232 303 883 106 -1 808 335 727 650 647 692 228 827 804 423 166 412 490 440 8 650 580 448 119 44 626 3 345 543 370 945 747 116 244 801 714 838 79 981 164 -1 986 68 130 254 533 101 802 -1 970 -1 608 252 580 351 880 213 136 457 447 342 80 647 683 278 56 813 747 757 299 120 236 431 612 34 560 818 972 
994 132 431 77 262 609 501 389 491 986 34 483 144 354 312 258 146 6 926 14 947 650 280 60 33 15 972 519 521 306 436 317 517 870 170 166 90 347 875 842 286 190 372 316 998 831 862 128 889 861 621 -1 739 838 110 937 690 414 735 684 121 8 172 503 778 551 82 542 350 766 621 533 52 41 262 221 25 821 490 410 739 -1 555 160 41 219 276 274 51 181 403 915 123 621 92 940 65 111 659 489 521 425 66 187 52 473 94 885 882 137 881 269 970 408 688 754 64 129 260 36 564 206 140 152 468 97 612 126 -1 607 628 27 640 117 540 678 718 159 228 744 318 685 96 650 250 913 761 113 109 880 112 184 625 669 2 577 661 845 156 89 321 360 887 198 577 370 307 325 22 352 108 130 487 317 352 381 854 578 642 304 351 -1 854 864 234 338 447 222 211 5 337 30 142 901 597 77 44 545 193 171 738 68 646 751 274 685 -1 213 565 901 423 27 493 1 514 211 18 306 226 150 270 272 878 326 493 47 397 520 158 869 503 158 513 994 -1 545 704 404 324 806 209 493 106 714 530 347 490 580 560 6 122 617 92 469 103 127 59 136 781 747 467 194 99 200 295 374 477 40 868 394 -1 13 441 560 145 68 928 908 251 560 277 351 453 8 111 935 793 366 382 516 6 435 326 641 35 24 559 435 144 266 136 603 35 418 105 79 24 177 524 116 400 115 83 344 155 67 626 76 107 485 433 137 703 256 48 133 411 615 94 306 338 34 155 16 35 134 342 882 440 603 131 251 610 797 787 48 226 253 324 139 310 380 638 945 844 80 298 79 685 106 170 986 266 812 167 13 280 41 286 524 27 85 266 299 570 653 731 533 38 569 662 145 574 240 603 76 105 35 171 24 338 306 274 832 225 459 398 12 341 689 11 545 366 382 75 262 106 236 296 545 192 794 320 19 -1 752 43 49 379 326 226 940 680 858 864 619 265 818 526 148 817 548 352 269 46 504 125 854 950 240 125 124 428 752 742 106 521 740 727 244 987 868 366 170 685 317 493 1 13 102 219 262 45 595 195 101 868 442 216 284 198 659 45 344 987 126 148 333 714 196 236 312 114 23 38 58 541 565 662 708 319 307 685 397 844 366 127 190 326 1 152 59 79 267 221 521 435 385 193 537 3 945 304 517 102 453 59 434 486 142 184 823 476 131 946 436 124 189 347 220 32 704 180 410 521 400 950 612 752 381 -1 91 482 172 68 481 236 265 631 460 101 225 190 103 254 146 244 3 231 460 14 240 535 198 412 594 244 106 457 399 640 131 317 856 335 854 398 12 444 838 232 202 69 41 328 945 940 338 416 647 324 236 306 490 153 316 518 151 120 240 289 347 228 36 509 444 231 -1 363 254 310 265 500 195 347 375 403 593 262 661 370 253 45 416 180 582 261 986 54 164 186 288 370 326 338 342 263 994 40 317 549 170 88 101 213 945 36 267 659 -1 436 135 856 364 2 260 379 531 43 410 524 371 250 965 22 56 360 127 171 636 448 189 877 865 34 -1 153 518 117 131 411 665 524 605 651 75 221 228 178 140 569 81 166 304 30 529 68 468 347 303 68 522 202 81 710 22 404 385 288 714 726 2 976 160 126 342 8 15 92 531 231 13 19 525 398 522 148 673 328 802 457 77 295 295 802 -1 180 19 -1 313 759 339 216 338 313 560 -1 491 30 277 260 467 113 226 -1 231 497 935 425 -1 503 322 281 519 2 131 206 965 503 868 838 758 965 350 521 113 869 751 428 35 116 551 347 404 6 328 317 630 136 758 939 41 877 688 476 136 244 -1 303 189 987 356 99 76 132 608 725 518 431 525 38 475 713 350 813 195 803 656 187 483 40 83 139 653 971 647 497 278 86 265 435 156 368 628 34 208 773 147 701 417 680 758 610 155 15 333 676 -1 228 236 442 560 416 22 494 820 749 68 33 665 856 878 311 116 341 246 198 813 701 253 605 986 493 328 295 32 751 20 57 453 763 695 819 425 380 -1 525 501 806 553 752 19 147 862 194 962 868 260 514 552 352 320 731 13 231 34 299 2 11 479 22 244 817 839 198 893 127 3 147 759 381 386 232 303 883 106 -1 808 335 727 650 647 692 228 827 804 423 166 412 490 440 8 650 580 448 119 44 626 3 345 487 370 945 747 116 244 801 714 838 79 981 164 -1 986 68 130 254 533 101 802 -1 970 -1 608 252 580 351 880 213 136 457 447 342 80 647 683 278 56 813 747 935 299 120 236 431 612 34 560 818 972 
994 132 431 77 262 214 501 389 491 986 34 483 144 354 312 258 825 6 926 14 947 650 280 60 33 15 972 519 521 306 436 317 517 870 170 166 90 347 875 842 286 190 373 316 998 831 862 128 889 861 621 -1 739 838 110 937 690 414 735 684 121 8 172 333 778 551 589 542 350 766 621 533 52 41 262 221 25 821 490 410 739 -1 589 160 41 219 276 274 51 181 403 915 123 621 92 940 65 111 659 489 521 425 514 187 52 473 94 885 882 137 881 269 970 408 688 754 64 129 897 36 564 206 140 152 468 97 612 126 -1 607 628 27 640 117 540 678 718 159 228 744 318 685 96 650 250 913 825 113 109 880 112 184 625 669 2 577 661 761 156 89 321 360 887 198 577 370 307 325 22 966 108 130 487 317 169 381 854 578 642 304 351 -1 854 864 234 338 447 222 211 5 337 30 142 901 597 77 44 545 193 171 738 68 646 876 274 685 -1 213 565 901 423 27 493 1 254 211 18 306 226 150 270 272 878 326 493 47 397 520 158 869 63 158 513 994 -1 545 704 404 324 806 209 493 106 714 530 347 490 580 560 6 122 617 92 469 103 127 59 136 781 747 750 194 99 200 295 374 362 760 868 394 -1 13 441 560 145 68 928 908 251 560 277 351 453 8 111 935 793 366 382 516 6 435 326 641 35 24 559 435 144 906 136 603 35 418 105 79 24 177 524 116 400 115 83 344 155 67 626 76 107 485 433 137 703 256 48 133 411 615 94 306 338 34 155 845 35 134 342 882 440 603 131 251 610 797 787 48 226 253 324 139 310 380 589 945 844 80 298 79 685 106 170 986 230 812 167 13 280 41 286 524 27 85 -1 299 570 653 731 533 38 569 662 145 574 240 603 76 105 35 171 24 338 306 274 832 225 -1 398 12 341 689 11 545 366 382 75 262 106 236 296 545 192 794 320 19 -1 752 43 49 379 326 226 940 680 858 864 619 265 818 526 148 817 548 368 269 46 504 125 854 950 240 125 124 428 752 742 106 521 740 727 244 987 868 366 170 685 317 493 1 13 102 219 262 45 595 195 101 868 442 216 284 198 659 45 344 987 126 148 362 714 196 236 312 114 23 38 58 541 565 662 708 319 307 685 397 844 366 127 190 326 1 152 59 79 760 221 521 435 385 193 537 3 945 304 517 214 453 59 434 486 142 184 823 476 131 946 436 124 189 347 220 32 704 180 410 521 400 950 612 752 381 -1 91 482 172 68 481 236 265 631 460 101 225 190 103 254 825 244 3 231 460 14 240 535 198 412 594 244 106 457 399 640 131 317 856 335 854 398 12 444 838 232 202 69 41 328 945 940 338 416 647 324 236 306 490 153 316 518 151 120 240 289 347 228 36 509 444 231 -1 363 189 310 265 500 195 347 375 403 593 262 661 370 253 45 416 180 582 261 986 54 164 186 288 370 326 338 342 263 994 589 317 549 170 88 101 213 945 36 40 659 -1 436 135 856 364 2 750 379 531 43 410 524 371 250 965 22 56 360 127 171 636 448 189 877 865 34 -1 153 518 117 131 411 665 524 605 651 75 221 228 178 140 569 81 166 304 30 529 68 468 347 303 68 522 202 81 710 22 404 385 288 714 726 2 976 160 126 342 8 15 92 531 231 13 19 525 398 522 148 673 328 802 457 77 295 295 802 -1 180 19 -1 313 759 339 216 338 313 560 373 491 30 277 467 876 113 226 -1 231 497 935 425 -1 820 322 281 519 2 131 206 965 760 868 838 758 965 350 521 113 869 897 428 35 116 551 347 404 6 328 317 630 136 758 939 41 877 688 476 136 244 -1 303 189 987 356 99 76 132 608 725 518 431 525 38 475 713 350 813 195 803 656 187 483 40 83 139 653 971 647 497 278 86 265 435 156 368 628 34 208 773 147 701 417 680 758 610 155 15 157 676 -1 228 236 750 560 416 22 494 760 749 68 33 665 856 878 311 116 341 246 198 813 701 253 605 986 493 328 295 32 467 20 57 453 763 695 819 425 380 -1 525 501 806 553 752 19 147 862 194 876 868 467 102 552 589 320 731 13 231 34 333 2 11 479 22 244 817 839 198 893 127 3 147 759 381 386 232 303 883 106 -1 808 335 727 650 589 692 228 827 804 423 166 412 490 440 8 650 580 448 119 44 626 3 345 487 370 945 747 116 244 801 714 838 79 981 164 -1 986 68 130 214 533 101 802 -1 970 -1 608 252 580 351 880 213 136 457 447 342 80 825 683 278 56 813 747 935 299 120 236 431 612 34 560 818 972 
994 132 431 77 262 609 501 389 491 986 34 483 144 354 312 258 984 6 926 14 947 650 280 60 33 15 972 519 521 306 436 317 517 870 170 166 90 347 875 842 286 190 372 316 998 831 862 128 889 861 621 -1 739 838 110 937 690 414 735 684 121 8 172 984 778 551 589 542 350 766 621 533 52 41 262 221 25 821 490 410 739 -1 589 160 41 219 276 274 51 181 403 915 123 621 92 940 65 111 659 489 521 425 459 187 52 473 94 885 882 137 881 269 970 408 688 754 64 129 897 36 564 206 140 152 468 97 612 126 -1 607 628 27 640 117 540 678 718 159 228 744 318 685 96 650 250 913 761 113 109 880 112 184 625 669 2 577 661 845 156 89 321 360 887 198 577 370 307 325 22 966 108 130 487 317 169 381 854 578 642 304 351 -1 854 864 234 338 447 222 211 5 337 30 142 901 597 77 44 545 193 171 738 68 646 876 274 685 -1 213 565 901 423 27 493 1 514 211 18 306 226 150 270 272 878 326 493 47 397 520 158 869 362 158 513 994 -1 545 704 404 324 806 209 493 106 714 530 347 490 580 560 6 122 617 92 469 103 127 59 136 781 747 750 194 99 200 295 374 299 760 868 394 -1 13 441 560 145 68 928 908 251 560 277 351 453 8 111 935 793 366 382 516 6 435 326 641 35 24 559 435 144 906 136 603 35 418 105 79 24 177 524 116 400 115 83 344 155 67 626 76 107 485 433 137 703 256 48 133 411 615 94 306 338 34 155 984 35 134 342 882 440 603 131 251 610 797 787 48 226 253 324 139 310 380 589 945 844 80 298 79 685 106 170 986 266 812 167 13 280 41 286 524 27 85 266 266 570 653 731 533 38 569 662 145 574 240 603 76 105 35 171 24 338 306 274 832 225 555 398 12 341 689 11 545 366 382 75 262 106 236 296 545 192 794 320 19 -1 752 43 49 379 326 226 940 680 858 864 619 265 818 526 148 817 548 368 269 46 504 125 854 950 240 125 124 428 752 742 106 521 740 727 244 987 868 366 170 685 317 493 1 13 395 219 262 45 595 195 101 868 442 216 284 198 659 45 344 987 126 148 362 714 196 236 312 114 23 38 58 541 565 662 708 319 307 685 397 844 366 127 190 326 1 152 59 79 760 221 521 435 385 193 537 3 945 304 517 102 453 59 434 486 142 184 823 476 131 946 436 124 189 347 220 32 704 180 410 521 400 950 612 752 381 -1 91 482 172 68 481 236 265 631 460 101 225 190 103 254 146 244 3 231 460 14 240 535 198 412 594 244 106 457 399 640 131 317 856 335 854 398 12 444 838 232 202 69 41 328 945 940 338 416 647 324 236 306 490 153 316 518 151 120 240 289 347 228 36 509 444 231 -1 363 254 310 265 500 195 347 375 403 593 262 661 370 253 45 416 180 582 261 986 54 164 186 288 370 326 338 342 263 994 589 317 549 170 88 101 213 945 36 40 659 -1 436 135 856 364 2 750 379 531 43 410 524 371 250 965 22 56 360 127 171 636 448 189 877 865 34 -1 153 518 117 131 411 665 524 605 651 75 221 228 178 140 569 81 166 304 30 529 68 468 347 303 68 522 202 81 710 22 404 385 288 714 726 2 976 160 126 342 8 15 92 531 231 13 19 525 398 522 148 673 328 802 457 77 295 295 802 -1 180 19 -1 313 759 339 216 338 313 560 373 491 30 277 467 876 113 226 -1 231 497 935 425 -1 820 322 281 519 2 131 206 965 760 868 838 758 965 350 521 113 869 897 428 35 116 551 347 404 6 328 317 630 136 758 939 41 877 688 476 136 244 -1 303 189 987 356 99 76 132 608 725 518 431 525 38 475 713 350 813 195 803 656 187 483 40 83 139 653 971 984 497 278 86 265 435 156 368 628 34 208 773 147 701 417 680 758 610 155 15 146 676 -1 228 236 750 560 416 22 494 760 749 68 33 665 856 878 311 116 341 246 198 813 701 253 605 986 493 328 295 32 467 20 57 453 763 695 819 425 380 -1 525 501 806 553 752 19 147 862 194 876 868 467 514 552 589 320 731 13 231 34 845 2 11 479 22 244 817 839 198 893 127 3 147 759 381 386 232 303 883 106 -1 808 335 727 650 589 692 228 827 804 423 166 412 490 440 8 650 580 448 119 44 626 3 345 487 370 945 747 116 244 801 714 838 79 981 164 -1 986 68 130 254 533 101 802 -1 970 -1 608 252 580 351 880 213 136 457 447 342 80 647 683 278 56 813 747 935 299 120 236 431 612 34 560 818 972 
994 132 431 77 262 609 100 389 491 986 34 483 144 354 312 258 984 6 926 14 947 650 280 60 33 15 972 519 446 306 436 317 517 870 170 166 90 347 875 842 286 190 372 316 998 831 862 128 889 861 621 -1 -1 838 110 937 690 414 735 784 121 8 172 984 778 551 589 542 350 766 621 533 327 41 262 221 25 821 490 410 983 -1 589 160 41 219 276 274 51 181 403 915 123 621 92 940 65 111 659 489 521 425 459 187 52 512 94 885 882 137 881 269 970 408 688 754 64 693 897 36 564 206 140 152 468 97 612 126 -1 607 628 27 640 375 540 651 718 159 228 744 318 685 96 650 250 913 761 113 109 880 112 184 625 669 2 577 661 845 156 89 321 360 17 198 577 370 307 129 22 966 108 130 487 317 169 17 854 578 642 693 351 -1 854 864 234 338 822 222 211 5 337 30 142 901 597 77 44 545 193 171 738 68 646 876 274 685 -1 213 565 901 423 27 493 1 514 211 18 306 226 150 270 272 878 326 493 47 397 520 158 869 362 158 513 994 -1 545 704 404 324 806 209 493 106 714 530 347 490 580 560 17 122 617 92 469 103 127 684 136 781 747 750 194 99 200 295 374 299 760 868 394 -1 13 441 560 145 68 928 908 251 560 277 351 453 8 111 935 793 366 382 784 6 435 326 641 35 24 559 435 144 906 136 603 35 418 105 79 24 177 524 116 400 115 83 739 155 67 626 76 107 485 433 137 703 684 48 167 411 355 94 306 338 34 155 984 35 134 342 882 440 603 131 251 610 797 787 48 226 253 324 139 310 380 589 945 844 80 298 79 685 106 170 986 266 812 325 13 280 41 286 524 27 85 266 266 570 72 731 533 38 569 662 145 574 240 603 76 105 35 171 24 338 306 290 832 225 555 398 12 341 689 11 545 366 382 75 262 106 236 296 545 192 794 320 19 -1 752 43 49 379 326 226 940 680 858 864 619 265 818 526 148 817 548 368 269 46 504 125 854 950 240 125 124 428 752 742 106 534 186 727 244 987 868 366 170 685 317 493 1 13 395 219 262 45 595 195 101 868 442 216 284 198 659 45 105 987 126 148 362 714 196 236 312 114 23 38 58 541 565 662 708 319 307 685 397 844 366 127 190 326 1 152 17 79 760 221 290 435 385 193 537 3 945 327 517 102 453 784 434 486 142 184 823 476 131 946 436 124 189 347 220 32 704 180 410 100 400 950 612 752 381 -1 91 482 172 68 481 236 265 631 460 101 225 190 103 254 146 244 3 231 460 14 240 535 198 412 594 244 106 457 399 640 131 317 856 335 854 398 12 444 838 232 202 69 41 328 945 940 338 416 647 324 236 306 490 153 316 518 151 120 240 784 347 228 36 509 444 231 -1 363 254 310 265 500 195 347 375 403 593 262 661 370 253 45 416 180 582 261 986 54 164 447 288 370 326 338 342 263 994 589 317 549 170 88 101 213 945 36 40 659 -1 436 774 856 375 2 750 379 531 43 410 524 371 250 965 22 56 360 127 171 636 448 189 877 865 34 -1 153 518 135 131 411 665 524 605 651 75 221 228 178 140 569 81 166 512 30 529 68 468 347 303 68 522 202 81 710 22 404 385 288 714 726 2 976 160 126 342 8 15 92 531 231 13 19 525 398 522 148 673 328 802 457 77 295 295 802 -1 180 19 -1 104 447 339 216 338 313 560 373 491 30 277 467 876 113 226 -1 231 497 935 425 -1 820 322 281 519 2 131 206 965 760 868 838 758 965 350 521 113 869 897 428 35 116 551 347 404 6 328 317 186 136 758 939 41 877 688 476 136 244 -1 303 189 987 356 99 76 132 608 725 518 431 525 38 475 713 350 813 195 803 656 187 483 40 83 349 364 971 984 497 278 86 265 435 156 368 628 34 208 773 147 701 417 680 758 610 155 15 146 676 -1 228 236 750 560 416 22 494 760 749 68 33 665 856 878 311 116 341 246 198 813 701 253 605 986 493 328 295 32 467 20 57 453 763 695 819 425 380 -1 525 17 806 553 752 19 147 862 194 876 868 467 514 552 589 320 731 13 231 34 845 2 11 479 22 244 817 839 198 893 127 3 147 759 381 787 232 303 883 106 -1 808 335 727 650 589 692 228 827 804 423 166 412 490 440 8 650 580 448 119 44 626 3 345 487 370 945 747 116 244 801 714 838 79 349 164 -1 986 68 130 254 533 101 802 -1 970 -1 608 252 580 351 880 213 136 457 447 342 313 647 683 278 56 813 747 935 299 120 236 431 612 34 560 818 972 
994 132 431 77 262 609 100 389 491 986 34 483 144 354 312 258 984 6 926 14 947 650 280 60 33 15 972 519 446 306 436 317 517 870 170 166 90 347 875 842 286 190 372 316 524 831 862 128 345 417 621 -1 -1 838 110 937 690 222 735 784 121 8 172 984 778 551 589 542 350 766 621 533 327 41 262 221 25 821 490 410 983 -1 589 160 41 219 276 369 51 181 403 915 123 621 92 940 65 111 659 489 521 425 459 671 52 512 94 885 882 137 881 269 970 408 688 754 64 693 897 36 564 206 140 152 468 97 612 126 -1 607 628 27 640 375 540 651 718 159 228 744 318 685 96 650 250 274 761 113 109 880 112 184 625 669 2 577 661 845 156 89 321 360 17 198 577 370 307 129 22 966 108 130 487 317 966 17 854 578 642 693 351 -1 854 864 234 338 822 103 211 609 337 30 142 901 597 77 222 545 193 171 738 68 646 876 87 685 -1 213 565 901 423 27 493 1 514 211 18 306 226 150 270 272 187 326 493 47 397 520 158 869 362 158 513 994 -1 545 704 404 49 806 209 493 106 714 530 347 490 580 560 17 122 617 92 469 103 127 684 136 781 747 750 194 99 200 295 374 299 760 868 394 -1 13 441 560 204 68 928 908 251 560 277 351 453 8 111 935 793 366 382 784 6 435 326 641 35 24 559 435 144 906 136 603 35 418 105 79 24 177 909 116 400 115 83 739 155 67 626 76 107 485 433 137 703 684 238 167 411 355 94 306 338 34 155 984 35 134 342 882 440 603 131 251 610 797 787 -1 226 253 238 139 310 380 589 945 844 80 298 79 685 106 170 986 266 812 325 13 280 41 286 660 27 85 266 266 570 72 731 533 38 569 662 920 574 240 603 76 105 35 171 24 338 306 290 832 225 555 398 12 341 689 11 545 366 382 75 262 106 236 296 545 192 794 320 19 222 752 43 913 379 326 226 940 680 858 864 619 265 671 526 148 817 548 368 269 46 504 125 854 950 240 125 124 428 752 742 106 534 186 727 244 987 868 366 170 685 317 493 1 13 395 219 262 45 595 195 101 868 442 216 284 198 659 45 105 987 126 148 362 714 909 236 312 114 23 38 58 541 565 662 708 319 307 685 397 844 366 127 190 326 1 152 17 79 760 221 290 435 385 193 537 3 945 327 517 102 453 784 434 486 142 184 823 476 131 369 436 124 427 347 220 32 704 180 410 100 400 950 612 752 381 -1 91 482 172 68 481 236 265 631 460 101 225 190 187 254 146 244 3 231 460 14 240 535 198 412 594 244 106 457 399 640 131 317 856 335 854 398 12 444 838 232 202 69 41 328 945 940 338 416 647 238 236 306 490 153 316 518 151 120 240 784 347 228 36 509 444 231 -1 363 254 310 265 500 195 347 375 403 593 262 661 370 253 45 416 180 582 261 986 54 164 447 288 370 326 338 342 263 994 589 317 549 170 88 101 213 945 36 40 659 -1 436 774 856 375 2 750 379 531 43 410 -1 371 250 965 22 56 360 127 171 636 448 818 877 865 34 -1 153 518 135 131 411 665 909 605 651 75 221 228 178 140 569 81 166 512 30 529 68 468 347 303 68 522 202 81 710 22 404 385 288 714 726 2 976 160 126 342 8 15 92 531 231 13 19 525 398 522 148 673 328 802 457 77 295 295 802 -1 180 19 -1 104 447 339 216 338 313 560 373 491 30 277 467 876 113 226 -1 231 497 935 425 -1 820 322 281 519 2 131 206 965 760 868 838 758 965 350 521 113 869 897 428 35 116 551 347 404 6 328 317 186 136 758 939 41 877 688 476 136 244 -1 303 609 987 356 99 76 132 608 725 518 431 525 38 475 713 350 813 195 803 656 998 483 40 83 349 364 971 984 497 278 86 265 435 156 368 628 34 208 773 147 701 909 680 758 610 155 15 146 676 -1 228 236 750 560 416 22 494 760 749 68 33 665 856 238 311 116 341 246 198 813 701 253 605 986 493 328 295 32 467 20 909 453 763 695 819 425 380 -1 525 17 806 553 752 19 147 862 194 876 868 467 514 552 589 320 731 13 231 34 845 2 11 49 22 244 817 145 198 893 127 3 147 759 417 787 232 303 883 106 -1 808 335 727 650 589 692 228 827 804 423 166 412 490 440 8 650 580 448 119 44 626 3 553 487 370 945 747 116 244 801 714 838 79 349 164 -1 986 68 130 254 533 101 802 -1 970 -1 608 252 580 351 880 213 136 457 447 342 313 647 683 278 56 813 747 935 299 120 236 431 612 34 560 44 972 
994 132 431 77 262 609 100 389 491 986 34 483 144 354 312 258 984 6 926 14 947 650 280 60 33 15 972 519 446 306 436 317 517 870 170 166 90 347 875 842 286 190 372 316 524 831 862 128 345 417 621 -1 -1 838 110 937 690 222 735 784 121 8 172 984 778 551 589 542 350 766 621 533 327 41 262 221 25 821 490 410 983 -1 589 160 41 219 276 369 51 181 403 915 123 621 92 940 65 111 659 489 521 425 459 671 52 512 94 885 882 137 881 269 970 408 688 754 64 693 897 36 564 206 140 152 468 97 612 126 -1 607 628 27 640 375 540 651 718 159 228 744 318 685 96 650 250 274 761 113 109 880 112 184 625 669 2 577 661 845 156 89 321 666 17 198 577 370 307 129 22 966 108 130 487 317 966 17 854 578 642 693 351 -1 854 864 234 338 822 103 211 609 337 30 142 901 597 77 222 545 193 171 738 68 646 876 87 685 -1 213 565 901 423 27 493 1 514 211 18 306 226 150 270 272 187 326 493 47 397 520 158 869 362 158 513 994 -1 545 704 404 49 806 209 493 106 714 530 347 490 580 560 17 122 617 92 469 103 127 684 136 781 747 750 194 99 200 295 374 299 760 868 394 -1 13 441 560 204 68 928 908 251 560 277 351 453 8 111 935 793 366 382 784 6 435 326 666 35 24 559 435 144 906 136 603 35 418 105 79 24 177 909 116 400 115 83 739 155 67 626 76 107 485 433 137 703 684 238 167 411 355 94 306 338 34 155 984 35 134 342 882 440 603 131 251 610 797 787 -1 226 253 238 139 310 380 589 945 844 80 298 79 685 106 666 986 266 812 325 13 280 41 286 660 27 85 266 266 570 72 731 533 38 569 662 920 574 240 603 76 105 35 171 24 338 306 290 832 225 555 398 12 341 689 11 545 366 382 75 262 106 236 296 545 192 794 320 19 222 752 43 913 379 326 226 940 680 858 864 619 265 671 526 148 817 548 368 269 46 504 125 854 536 240 125 124 428 752 742 106 534 186 727 244 987 868 366 170 685 317 493 1 13 395 219 262 45 595 195 101 868 442 216 284 198 659 45 105 987 126 148 362 714 909 236 312 114 23 38 58 541 565 662 708 319 307 685 397 844 366 127 190 326 1 152 17 79 760 221 290 435 385 193 537 3 945 327 517 102 453 784 434 486 142 184 823 476 131 369 436 124 427 347 220 32 704 180 410 100 400 663 612 752 381 -1 91 482 438 68 481 236 265 631 460 101 225 190 187 254 146 244 3 231 460 14 240 535 198 412 594 244 106 457 399 640 131 317 856 335 854 398 12 444 838 232 202 69 41 328 945 940 338 416 647 238 236 306 490 153 316 518 151 120 240 784 347 228 36 509 444 231 -1 363 254 310 265 500 195 347 375 403 593 262 661 370 253 45 416 180 582 261 986 54 164 447 288 370 326 338 342 263 994 589 317 549 666 88 101 213 945 36 40 659 -1 436 774 856 375 2 750 379 531 43 410 -1 371 250 772 22 56 170 127 388 636 448 818 877 865 34 -1 153 518 135 131 411 665 909 605 651 75 221 228 178 140 569 81 166 512 30 666 68 468 347 303 68 522 202 81 710 22 404 385 288 714 726 2 976 160 126 342 8 15 92 531 231 13 19 525 398 522 148 673 328 802 457 77 295 295 802 -1 180 19 -1 104 447 339 216 338 313 560 373 491 30 277 467 876 113 226 -1 231 497 935 425 -1 820 322 281 519 2 131 206 199 760 868 838 758 54 350 521 113 869 897 428 35 116 551 347 404 6 328 317 186 136 758 939 41 877 688 476 136 244 -1 303 609 987 356 99 76 132 608 725 518 431 525 38 475 713 350 813 195 803 656 998 483 40 83 349 364 971 984 497 278 86 265 435 156 368 628 34 208 773 147 701 909 680 758 610 155 15 146 676 438 228 236 750 560 416 22 494 760 749 68 33 665 856 238 311 116 341 246 198 813 701 253 605 986 493 328 295 32 467 20 909 453 763 529 819 425 380 -1 525 17 806 553 752 19 147 862 194 876 868 467 514 552 589 320 731 13 231 34 845 2 11 49 22 244 817 145 198 893 127 3 147 759 417 787 232 303 883 106 -1 808 335 727 650 589 692 228 827 804 423 166 412 490 440 8 650 580 448 119 44 626 3 553 438 370 945 747 116 244 801 714 838 79 349 164 -1 986 68 199 254 533 101 802 -1 970 -1 608 252 580 351 880 213 136 457 447 342 313 647 683 278 56 813 747 935 299 120 236 431 612 34 560 44 972 
994 132 431 77 262 214 100 777 491 986 34 483 144 354 312 258 984 6 926 14 947 650 280 60 33 15 972 519 446 391 436 317 517 870 170 166 90 347 378 842 286 190 373 316 946 831 862 128 889 909 621 -1 -1 838 110 492 690 414 735 784 121 8 172 477 297 551 589 542 350 766 621 533 327 41 262 221 25 821 490 410 983 611 589 160 41 219 276 204 51 181 403 915 123 621 92 940 65 111 659 489 521 425 514 187 52 512 94 885 882 137 881 269 970 408 688 754 64 693 683 36 564 206 140 152 468 97 612 126 -1 607 628 27 640 375 540 651 718 159 228 744 318 358 96 650 250 392 761 113 109 880 112 184 625 669 2 577 661 837 156 89 321 666 17 198 577 370 307 129 22 966 108 130 487 317 169 17 854 578 642 693 351 -1 854 864 234 338 822 222 211 5 337 30 142 901 597 77 998 545 193 171 738 68 646 777 391 166 -1 132 565 901 5 27 493 1 254 211 18 306 226 150 270 272 878 326 493 47 397 520 158 869 477 158 513 994 -1 545 704 358 324 806 209 493 106 714 530 347 490 580 560 392 122 617 92 469 103 127 684 136 781 747 750 194 99 200 33 426 299 760 868 394 -1 13 441 560 87 68 928 908 251 560 277 351 453 8 111 968 793 366 382 784 392 64 326 666 35 33 559 435 144 443 136 603 35 418 105 79 29 177 87 797 400 115 83 739 155 67 626 76 107 485 433 137 761 684 48 167 411 355 94 306 338 34 155 477 35 134 342 882 440 603 131 251 610 980 787 48 226 253 324 139 310 380 589 945 844 80 298 79 75 106 666 986 378 812 325 13 280 41 286 87 27 85 378 266 207 72 731 533 266 569 662 920 574 240 603 76 105 35 171 33 338 895 204 832 225 -1 398 12 341 689 11 545 366 382 706 262 106 236 890 545 192 794 320 19 -1 752 43 49 379 326 226 940 680 210 864 789 147 818 18 148 817 548 368 269 46 272 125 854 536 240 125 124 428 752 578 106 534 186 727 244 987 868 366 170 492 317 493 1 13 102 640 262 45 595 195 804 868 442 216 284 198 659 45 105 987 126 148 266 714 222 236 312 114 23 378 58 541 565 662 708 319 307 75 397 844 366 127 190 326 492 152 17 79 760 492 392 492 385 193 537 3 945 327 517 214 453 784 434 486 142 184 823 476 131 946 436 830 189 347 220 32 704 180 410 100 400 663 612 918 -1 -1 91 482 438 68 481 236 559 631 924 425 225 190 103 254 761 244 3 231 460 14 240 535 198 412 594 244 106 492 399 207 131 317 856 335 854 398 12 783 838 232 202 69 41 328 945 940 338 416 647 324 236 306 490 153 316 518 151 120 240 784 347 228 36 509 444 231 -1 363 189 310 265 500 195 347 375 403 593 262 661 370 253 45 416 180 582 261 986 54 164 447 288 370 326 338 342 263 994 589 317 549 666 88 425 207 945 36 40 659 -1 436 774 856 375 2 683 379 531 43 410 391 371 250 772 22 56 170 127 388 636 448 189 877 865 34 -1 153 518 135 131 411 665 909 742 651 358 706 228 178 140 569 81 166 512 30 666 68 468 347 303 68 522 202 81 710 22 75 385 288 714 726 2 976 160 126 342 8 15 92 531 231 13 19 525 398 522 148 673 328 802 980 77 733 427 802 -1 180 19 -1 104 447 339 605 338 313 560 373 491 30 277 467 777 113 226 -1 231 497 804 425 -1 820 157 281 519 2 131 206 199 760 868 838 789 54 350 521 559 869 870 64 35 64 551 347 468 6 328 317 186 136 619 939 41 877 688 476 136 244 285 303 189 987 356 99 76 132 608 725 518 431 525 875 475 713 350 813 195 803 656 187 483 40 83 349 364 415 984 497 278 86 559 297 156 368 628 34 208 773 426 701 87 680 771 610 155 15 761 771 438 228 236 750 560 416 22 494 810 749 68 33 665 856 49 311 309 341 246 198 813 701 253 605 986 493 328 732 32 467 20 57 453 763 529 819 425 380 -1 525 17 806 553 112 19 918 862 194 876 868 777 102 552 589 320 731 13 231 34 477 2 11 479 22 244 817 417 198 893 127 3 157 759 913 787 232 303 85 106 -1 808 335 727 650 589 692 228 827 804 210 205 412 490 440 8 650 580 448 119 660 626 3 345 438 370 945 747 64 244 801 714 838 79 349 164 29 986 68 199 214 533 263 802 -1 824 -1 608 252 580 351 880 1 136 132 447 342 313 647 683 278 56 813 747 980 299 120 236 431 612 34 560 732 972 
994 132 431 77 262 214 100 777 491 963 34 483 144 354 312 258 984 6 926 14 947 650 280 60 33 15 972 519 446 391 436 317 517 870 170 166 90 347 378 842 286 190 373 316 946 831 862 128 889 909 621 -1 -1 838 110 492 690 414 735 784 121 8 172 477 297 551 589 542 350 766 621 533 327 41 262 221 25 821 490 410 983 611 589 160 41 219 276 204 51 181 403 915 123 621 92 940 65 111 659 489 521 425 514 187 52 512 94 885 882 137 881 269 970 408 688 754 64 693 683 36 564 206 140 152 468 97 612 126 -1 607 628 27 640 375 540 651 718 159 228 744 318 358 96 650 250 392 761 113 109 880 112 184 625 669 2 577 661 837 156 89 321 666 17 198 577 370 307 129 22 966 108 130 487 317 169 17 854 578 642 693 351 -1 854 864 234 338 822 222 211 5 337 30 142 901 597 77 998 545 193 171 738 68 646 777 391 166 -1 132 565 901 5 27 493 1 254 211 18 306 226 150 270 272 878 326 493 47 397 520 158 869 477 158 513 994 -1 545 704 358 324 806 209 493 106 714 530 347 490 580 560 392 122 617 92 469 103 127 684 136 781 747 750 194 99 200 33 426 299 760 868 394 -1 13 441 560 87 68 928 908 986 560 277 351 453 8 111 968 793 366 382 784 392 64 326 666 35 33 559 435 144 443 136 603 35 418 105 79 29 177 87 797 400 115 83 739 155 67 626 76 107 485 433 137 761 684 48 167 411 355 94 306 338 34 155 477 35 134 342 882 440 603 131 251 610 980 787 48 226 253 324 139 310 380 589 945 844 80 298 79 75 106 666 398 378 812 325 13 280 41 286 87 27 85 378 266 207 72 731 533 266 569 662 920 574 240 603 76 105 35 171 33 338 895 204 832 225 -1 398 12 341 689 11 545 366 382 706 262 106 236 890 545 192 794 320 19 -1 752 43 49 379 326 226 940 680 210 864 789 147 818 18 148 817 548 368 269 46 272 125 854 536 240 125 124 428 752 578 106 534 186 727 244 987 868 366 170 492 317 493 1 13 102 640 262 45 595 195 804 868 442 216 284 198 659 45 105 987 126 148 266 714 222 236 312 114 23 378 58 541 565 662 708 319 307 75 397 844 366 127 190 326 492 152 17 79 760 492 392 492 385 193 537 3 945 327 517 214 453 784 434 486 142 184 823 476 131 946 436 830 189 347 220 32 704 180 410 100 400 663 612 918 -1 -1 91 482 438 68 481 236 559 631 924 425 225 190 103 254 761 244 3 231 460 14 240 535 198 412 594 244 106 492 399 207 131 317 856 335 854 398 12 783 838 232 202 69 41 328 945 940 338 416 647 324 236 306 490 153 316 518 151 120 240 784 347 228 36 509 444 231 -1 363 189 310 265 500 195 347 375 403 593 262 661 370 253 45 416 180 582 261 963 54 164 447 288 370 326 338 342 263 994 589 317 549 666 88 425 207 945 36 40 659 -1 436 774 856 375 2 683 379 531 43 410 391 371 250 772 22 56 170 127 388 636 448 189 877 865 34 -1 153 518 135 131 411 665 909 742 651 358 706 228 178 140 569 81 166 512 30 666 68 468 347 303 68 522 202 81 710 22 75 385 288 714 726 2 976 160 126 342 8 15 92 531 231 13 19 525 398 522 148 673 328 802 980 77 733 427 802 -1 180 19 -1 104 447 339 605 338 313 560 373 491 30 277 467 777 113 226 -1 231 497 804 425 -1 820 157 281 519 2 131 206 199 760 868 838 789 54 350 521 559 869 870 64 35 64 551 347 468 6 328 317 186 136 619 939 41 877 688 476 136 244 285 303 189 987 356 99 76 132 608 725 518 431 525 875 475 713 350 813 195 803 656 187 483 40 83 349 364 415 984 497 278 86 559 297 156 368 628 34 208 773 426 701 87 680 771 610 155 15 761 771 438 228 236 750 560 416 22 494 810 749 68 33 665 856 49 311 309 341 246 198 813 701 253 605 398 493 328 732 32 467 20 57 453 763 529 819 425 380 -1 525 17 806 553 112 19 918 862 194 876 868 777 102 552 589 320 731 13 231 34 477 2 11 479 22 244 817 417 198 893 127 3 157 759 913 787 232 303 85 106 -1 808 335 727 650 589 692 228 278 804 210 205 412 490 440 8 650 580 448 119 660 626 3 345 438 370 945 747 64 244 801 714 838 79 963 164 29 986 68 199 214 533 263 802 -1 824 -1 608 252 580 351 880 1 136 132 963 342 313 647 683 251 56 813 747 980 299 120 236 431 612 34 560 732 972 
994 132 431 77 262 214 100 777 491 963 34 483 144 354 312 258 984 6 926 14 947 650 280 60 33 15 972 519 446 391 436 317 517 870 170 166 90 347 378 842 286 190 373 316 946 831 862 128 889 909 621 -1 -1 838 110 492 690 414 735 784 121 8 172 477 297 551 589 542 350 766 621 533 327 41 262 221 25 821 490 410 983 611 589 160 41 219 276 204 51 181 403 915 123 621 92 940 65 111 659 489 521 425 514 187 52 512 94 885 882 137 881 269 970 408 688 596 64 693 683 36 564 206 140 152 468 97 612 126 -1 607 628 27 640 375 540 651 718 159 228 744 318 358 96 650 250 392 761 113 109 880 112 184 625 669 2 577 661 837 156 89 321 666 17 198 577 370 307 129 22 966 108 130 487 317 169 17 854 578 642 693 351 -1 854 864 234 338 822 222 211 5 337 30 142 901 597 77 998 545 193 171 738 68 646 777 391 166 -1 132 565 901 5 27 493 1 254 211 18 306 226 150 270 272 878 326 493 47 397 520 158 869 477 158 513 994 -1 545 704 358 324 806 209 493 106 714 530 347 490 482 560 392 122 617 92 469 103 127 684 136 781 747 750 194 99 200 33 426 299 760 868 394 -1 13 441 560 87 68 928 908 986 560 277 351 453 8 111 968 793 366 382 784 392 64 326 666 35 33 559 435 144 443 136 603 35 418 105 79 29 177 87 797 400 115 83 739 155 67 626 76 107 485 433 137 761 684 48 167 411 355 94 306 338 34 155 477 35 134 342 882 440 603 131 251 610 980 787 48 226 253 324 139 310 380 589 945 844 80 298 79 75 106 666 398 378 812 325 13 280 41 286 87 27 85 378 266 207 72 731 533 266 569 662 920 574 240 603 76 105 35 171 33 338 895 204 832 225 -1 398 12 341 689 11 545 366 382 706 262 106 236 890 545 192 794 320 19 -1 752 43 49 379 326 226 940 680 210 864 789 147 818 18 148 817 548 368 269 46 272 125 854 536 240 125 124 428 752 578 106 534 186 727 796 987 868 366 170 492 317 493 1 13 102 640 262 45 595 195 804 868 442 216 284 198 659 45 105 987 126 148 266 714 222 236 312 114 23 378 58 541 565 662 708 319 307 75 397 844 366 127 190 326 492 152 17 79 760 492 392 492 385 193 537 3 945 327 517 214 453 784 434 486 142 184 823 476 131 946 436 830 189 347 220 32 704 180 410 100 400 663 612 918 -1 -1 91 247 438 68 481 236 559 631 924 425 225 190 103 254 761 530 3 231 460 14 240 535 198 412 594 232 106 492 399 207 131 317 856 335 854 398 12 783 838 232 202 69 41 328 945 940 338 416 647 324 236 306 490 153 316 754 151 120 240 784 347 228 36 509 444 231 -1 363 189 310 265 500 195 347 375 403 593 262 661 370 253 45 416 180 582 261 963 54 164 447 288 370 326 338 342 263 994 589 317 549 666 88 425 207 945 36 40 659 -1 436 774 856 375 2 683 379 531 43 410 391 371 250 772 22 56 170 127 388 636 448 189 877 865 34 -1 153 877 135 131 411 665 909 742 651 358 706 228 178 140 569 81 166 512 30 666 68 468 347 303 68 522 202 81 710 22 75 385 288 714 726 2 976 160 126 342 8 15 92 531 231 13 19 525 398 522 148 673 328 802 980 77 733 427 802 -1 180 19 -1 104 447 339 605 338 313 560 373 491 30 277 467 777 113 226 -1 231 497 804 425 -1 820 157 281 519 2 131 206 199 760 868 838 789 54 350 521 559 869 870 64 35 64 551 347 468 6 328 317 186 136 619 939 41 877 688 476 136 247 285 303 189 987 356 99 76 132 608 725 486 431 525 875 475 713 350 813 195 803 656 187 483 40 83 349 364 415 984 497 278 86 559 297 156 368 628 34 208 773 426 701 87 680 771 610 155 15 761 771 438 228 236 750 560 416 22 494 760 749 68 33 665 856 49 311 309 341 246 198 813 701 253 605 398 493 328 732 32 467 20 57 453 763 529 819 425 380 -1 525 17 806 553 112 19 918 862 194 876 868 777 102 552 589 320 731 13 231 34 477 2 11 479 22 530 817 417 198 893 127 3 157 759 913 787 232 303 85 106 -1 808 335 727 650 589 692 228 278 804 210 205 412 490 440 8 650 67 448 119 660 626 3 345 438 370 945 747 64 449 801 714 838 79 963 164 29 986 68 199 214 533 263 802 -1 824 -1 608 252 232 351 880 1 136 132 963 342 313 647 683 251 56 813 747 980 299 120 236 431 612 34 560 732 972 
994 132 431 77 262 214 100 777 491 963 34 483 144 354 312 258 984 6 926 14 947 650 280 60 33 15 972 519 446 391 436 317 517 870 170 166 90 347 378 842 286 190 373 316 946 831 862 128 889 909 621 -1 -1 838 110 492 690 414 735 784 121 8 172 477 297 551 589 542 350 766 621 533 327 41 262 221 25 821 490 410 983 611 589 160 41 219 276 204 51 181 403 915 123 621 92 940 65 111 659 489 521 425 514 187 52 512 94 885 882 137 881 269 970 408 688 596 64 693 683 36 564 206 140 152 468 97 612 126 -1 607 965 27 640 375 540 651 718 159 228 744 318 358 96 650 250 392 761 113 109 880 112 184 625 669 2 577 661 837 156 89 321 666 17 198 577 370 307 129 22 966 108 130 487 317 169 17 854 578 642 693 351 -1 854 864 234 338 822 222 211 5 337 30 142 901 597 77 998 545 193 171 738 68 646 777 391 166 -1 132 565 901 5 27 493 1 254 211 18 306 226 150 270 272 878 326 493 47 397 520 158 869 477 158 513 994 -1 545 704 358 324 806 209 493 106 714 530 347 490 482 560 392 122 617 92 469 103 127 684 136 781 747 750 194 99 200 33 426 299 760 868 394 -1 13 441 560 87 68 928 908 986 560 277 351 453 8 111 968 793 366 382 784 392 64 326 666 35 33 559 435 144 443 136 603 35 418 105 79 29 177 87 797 400 115 83 739 155 67 626 76 107 485 433 137 761 684 48 167 411 355 94 306 338 34 155 477 35 134 342 882 440 603 131 251 610 980 787 48 226 253 324 139 310 380 589 945 844 80 298 79 75 106 666 398 378 812 325 13 280 41 286 87 27 85 378 266 207 72 731 533 266 569 662 920 574 240 603 76 105 35 171 33 338 895 204 832 225 -1 398 12 341 689 11 545 366 382 706 262 106 236 890 545 192 794 320 19 -1 752 43 49 379 326 226 940 680 210 864 789 147 818 18 148 817 548 368 269 46 272 125 854 536 240 125 124 428 752 578 106 534 186 727 796 987 868 366 170 492 317 493 1 13 102 640 262 45 595 195 804 868 442 216 284 198 659 45 105 987 126 148 266 714 222 236 312 114 23 378 58 541 565 662 708 319 307 75 397 844 366 127 190 326 492 152 17 79 760 492 392 492 385 193 537 3 945 327 517 214 453 784 434 486 142 184 823 476 131 946 436 830 189 347 220 32 704 180 410 100 400 663 612 918 -1 -1 91 247 438 68 481 236 559 631 924 425 225 190 103 254 761 530 3 231 460 14 240 535 198 412 594 232 106 492 399 207 131 317 856 335 854 398 12 783 838 232 202 69 41 328 945 940 338 416 647 324 236 306 490 153 316 754 151 120 240 784 347 228 36 509 444 231 -1 363 189 310 265 500 195 347 375 403 593 262 661 370 253 45 416 180 582 261 963 130 164 447 288 370 326 338 342 263 994 589 317 549 666 88 425 207 945 36 40 659 -1 436 774 856 375 2 683 379 531 43 410 391 371 250 965 22 56 170 127 388 636 448 189 877 865 34 -1 153 877 135 131 411 665 909 742 651 358 706 228 178 140 569 81 166 512 30 666 68 468 347 303 68 522 202 81 710 22 75 385 288 714 726 2 976 160 126 342 8 15 92 531 231 13 19 525 398 522 148 673 328 802 980 77 733 427 802 -1 180 19 -1 104 447 339 605 338 313 560 373 491 30 277 467 777 113 226 -1 231 497 804 425 -1 820 157 281 519 2 131 206 199 760 868 838 789 663 350 521 559 869 870 64 35 64 551 347 468 6 328 317 186 136 619 939 41 877 688 476 136 247 285 303 189 987 356 99 76 132 608 725 486 431 525 875 475 713 350 813 195 803 656 187 483 40 83 349 364 415 984 497 278 86 559 297 156 368 628 34 208 773 426 701 87 680 771 610 155 15 761 771 438 228 236 750 560 416 22 494 760 749 68 33 665 856 49 311 309 341 246 198 813 701 253 605 398 493 328 732 32 467 20 57 453 763 529 819 425 380 -1 525 17 806 553 112 19 918 862 194 876 868 777 102 552 589 320 731 13 231 34 477 2 11 479 22 530 817 417 198 893 127 3 157 759 913 787 232 303 85 106 -1 808 335 727 650 589 692 228 278 804 210 205 412 490 440 8 650 67 448 119 660 626 3 345 438 370 945 747 64 449 801 714 838 79 963 164 29 986 68 54 214 533 263 802 -1 824 -1 608 252 232 351 880 1 136 132 963 342 313 647 683 251 56 813 747 980 299 120 236 431 612 34 560 732 972 
994 132 431 77 262 214 100 777 491 963 34 483 144 354 312 258 984 6 926 14 947 650 280 60 33 15 972 519 446 391 436 317 517 870 170 166 90 347 378 842 286 190 373 316 946 831 862 128 889 861 621 -1 -1 838 110 492 690 414 735 784 121 8 172 477 297 551 589 542 350 766 621 533 327 41 262 221 25 821 490 410 983 611 589 160 41 219 276 204 51 181 403 915 123 621 92 940 65 111 659 489 521 425 514 187 52 512 94 885 882 137 881 269 970 408 688 596 64 693 683 36 564 206 140 152 468 97 612 126 -1 607 965 27 640 375 540 651 718 159 228 744 318 358 96 650 250 392 761 113 109 880 112 184 625 669 2 577 661 837 156 89 321 666 17 198 577 370 307 129 22 966 108 130 487 317 169 17 854 578 642 693 351 -1 854 864 234 338 822 222 211 5 337 30 142 901 597 77 998 545 193 171 738 68 646 777 391 166 -1 132 565 901 5 27 493 1 254 211 18 306 226 150 270 272 878 326 493 47 397 520 158 869 477 158 513 994 -1 545 704 358 324 806 209 493 106 714 530 347 490 482 560 392 122 617 92 469 103 127 323 136 781 747 750 194 99 200 33 426 299 760 868 394 -1 13 441 560 87 68 928 908 986 560 277 351 453 8 111 968 793 366 382 784 392 64 326 666 35 33 559 435 144 443 136 603 35 418 105 79 29 177 87 797 400 115 83 739 155 67 626 76 107 485 433 137 761 684 48 167 411 355 94 306 338 34 155 477 35 134 342 882 440 603 131 251 610 980 787 48 226 253 324 139 310 380 589 945 844 80 298 79 75 106 666 398 378 812 325 13 280 41 286 87 27 85 378 266 207 72 731 533 266 569 662 920 574 240 603 76 105 35 171 33 338 895 204 832 225 -1 398 12 341 689 11 545 366 382 706 262 106 236 890 545 192 794 320 19 -1 752 43 909 379 326 226 940 680 210 864 789 147 818 18 148 817 548 368 269 46 272 125 854 536 240 125 124 428 752 578 106 534 186 727 796 987 868 366 170 492 317 493 1 13 102 640 262 45 595 195 804 868 442 216 284 198 659 45 105 987 126 148 266 714 196 236 312 114 23 378 58 541 565 662 708 319 307 75 397 844 366 127 190 326 492 152 17 79 760 492 392 492 385 193 537 3 945 327 517 214 453 784 434 486 142 184 823 476 131 946 436 830 189 347 220 32 704 180 410 100 400 663 612 918 381 -1 91 247 438 68 481 236 559 631 924 425 225 190 103 254 761 530 3 231 460 14 240 535 198 412 594 232 106 492 399 207 131 317 856 335 854 398 12 783 838 232 202 69 41 328 945 940 338 416 647 324 236 306 490 153 316 754 151 120 240 784 347 228 36 509 444 231 -1 363 189 310 265 500 195 347 375 403 593 262 661 370 253 45 416 180 582 261 963 130 164 447 288 370 326 338 342 263 994 589 317 549 666 88 425 207 945 36 40 659 -1 436 684 856 375 2 683 379 531 43 410 391 371 250 965 22 56 170 127 388 636 448 189 877 865 34 -1 153 877 651 131 411 665 196 742 774 358 706 228 178 140 569 81 166 512 30 666 68 468 347 303 68 522 202 81 710 22 75 385 288 714 726 2 976 160 126 342 8 15 92 531 231 13 19 525 398 522 148 673 328 802 980 77 998 427 802 -1 180 19 -1 104 447 339 605 338 313 560 373 491 30 277 467 777 113 226 -1 231 497 804 425 -1 820 157 281 519 2 131 206 199 760 868 838 789 663 350 521 559 869 870 64 35 64 551 347 468 6 328 317 186 136 619 939 41 877 688 476 136 247 285 303 189 987 356 99 76 132 608 725 486 431 525 875 475 713 350 813 195 803 656 187 483 40 83 349 364 415 984 497 278 86 559 297 156 368 628 34 208 773 426 701 87 680 771 610 155 15 761 771 438 228 236 750 560 416 22 494 760 749 68 33 665 856 878 311 309 341 246 198 813 701 253 605 398 493 328 732 32 467 20 57 453 763 529 819 425 380 -1 525 17 806 553 112 19 918 862 194 876 868 777 102 552 589 320 731 13 231 34 477 2 11 49 22 530 817 417 198 893 127 3 157 759 913 787 232 303 85 106 -1 808 335 727 650 589 692 228 278 804 210 205 412 490 440 8 650 67 448 119 660 626 3 345 438 370 945 747 64 449 801 714 838 79 963 164 29 986 68 54 214 533 263 802 -1 824 -1 608 252 232 351 880 1 136 132 963 342 313 647 683 251 56 813 747 980 299 120 236 431 612 34 560 733 972 
994 132 431 77 262 214 100 777 491 963 34 483 144 354 312 258 984 6 926 14 947 650 280 60 33 15 972 519 446 391 436 317 517 870 170 166 90 347 378 842 286 190 373 316 946 831 862 128 889 861 621 -1 -1 838 110 492 690 414 735 784 121 8 172 477 297 551 589 849 350 766 621 533 327 41 262 221 25 821 490 410 983 611 589 160 41 219 276 204 51 181 403 915 123 621 92 940 65 111 659 489 521 425 514 187 52 512 94 885 882 137 881 269 970 408 688 596 64 693 683 36 564 206 140 152 468 97 612 126 -1 607 965 27 640 375 540 651 718 159 228 744 318 358 96 650 250 392 761 113 109 880 112 184 625 669 2 577 661 837 156 89 321 666 17 198 577 370 307 129 22 966 108 130 487 317 169 17 854 578 642 693 351 -1 854 864 234 338 822 222 211 5 337 30 142 901 597 77 998 545 193 171 738 68 646 777 391 166 -1 132 565 901 5 27 493 1 254 211 18 306 226 150 270 272 878 326 493 47 397 520 158 869 477 158 513 994 -1 545 849 358 324 806 209 493 106 714 530 347 490 482 560 392 122 617 92 469 103 127 323 136 781 747 750 194 99 200 33 426 299 760 868 394 -1 13 441 560 87 68 928 908 986 560 277 351 453 8 111 968 793 366 382 784 392 64 326 666 35 33 559 435 144 443 136 603 35 418 105 79 29 177 87 797 400 115 83 739 155 849 626 76 107 485 433 137 761 684 48 167 411 355 94 306 338 34 155 477 35 134 342 882 440 603 131 251 610 980 787 48 226 253 324 139 310 380 589 945 844 80 298 79 75 106 666 398 378 812 325 13 280 41 286 87 27 85 378 266 207 72 731 533 266 569 662 920 574 240 603 76 105 35 171 33 338 895 204 832 225 -1 398 12 341 689 11 545 366 382 706 262 106 591 890 545 192 794 320 19 -1 752 43 909 379 326 226 940 680 210 864 789 147 818 18 148 817 548 368 269 46 272 125 854 536 240 125 124 428 752 578 106 534 186 727 482 987 868 366 170 492 317 493 1 13 102 640 262 45 595 195 804 868 442 216 284 198 659 45 105 987 126 148 266 714 196 114 312 546 23 378 58 541 565 662 708 319 307 75 397 844 366 127 190 326 492 152 17 79 760 492 392 492 385 193 537 3 945 327 517 214 453 784 434 486 142 184 823 476 131 946 436 830 189 347 220 32 704 180 410 100 400 663 612 918 381 -1 91 247 438 68 481 480 559 631 924 425 225 190 103 254 761 530 3 231 460 14 240 535 198 412 594 232 106 492 399 207 131 317 856 335 854 398 12 783 838 232 202 69 41 328 945 940 338 416 647 324 363 306 490 153 316 754 151 120 240 784 347 228 36 509 444 231 -1 363 189 310 265 500 195 347 375 403 593 262 661 370 253 45 416 180 582 261 963 130 164 447 288 370 326 338 342 263 994 589 317 549 666 88 425 207 945 36 40 659 -1 436 684 856 375 2 683 379 849 43 410 391 371 250 965 22 56 170 127 388 636 448 189 877 865 34 -1 153 877 651 131 411 665 196 742 774 358 706 228 178 140 569 81 166 512 30 666 68 468 347 303 68 522 202 81 710 22 75 385 288 714 726 2 976 160 126 342 8 15 92 531 231 13 19 525 398 522 148 673 328 802 980 77 998 427 802 -1 180 19 -1 104 447 339 605 338 313 560 373 491 30 277 467 777 113 226 -1 231 497 804 425 -1 820 157 281 519 2 131 206 199 760 868 838 789 663 350 521 559 869 870 64 35 64 551 347 468 6 328 317 186 136 619 939 41 877 688 476 136 247 285 303 189 987 356 99 76 132 608 725 486 431 525 875 475 713 350 813 195 803 656 187 483 40 83 349 364 415 984 497 278 86 559 297 156 368 628 34 208 773 426 701 87 680 771 610 155 15 761 771 438 228 704 750 560 416 22 494 760 749 68 33 665 856 878 311 309 341 246 198 813 701 253 605 398 493 328 732 32 467 20 57 453 763 529 819 425 380 -1 525 17 806 553 112 19 918 862 194 876 868 777 102 552 589 320 731 13 231 34 477 2 11 49 22 530 817 417 198 893 127 3 157 759 913 787 232 303 85 106 -1 808 335 727 650 589 692 228 278 804 210 205 412 490 440 8 650 247 448 119 660 626 3 345 438 370 945 747 64 449 801 714 838 79 963 164 29 986 68 54 214 533 263 802 -1 824 -1 608 252 232 351 880 1 136 132 963 342 313 647 683 251 56 813 747 980 299 120 849 431 612 34 560 733 972 
994 132 431 77 618 214 100 777 491 963 34 483 144 354 312 258 984 6 926 14 947 650 280 60 33 15 972 519 446 391 436 317 517 870 170 166 90 347 378 842 286 190 373 316 946 831 862 128 889 861 621 -1 -1 838 110 492 690 414 735 784 121 8 594 477 297 551 589 849 350 766 621 533 327 41 270 221 25 821 490 410 983 611 589 160 41 219 276 204 51 181 403 915 123 621 92 940 65 111 659 489 521 425 514 187 52 512 94 885 882 137 881 269 970 408 688 596 64 693 683 36 564 206 140 152 468 97 612 126 -1 607 628 27 640 375 540 651 718 159 228 744 318 358 96 650 250 392 761 113 109 880 112 184 625 669 2 577 661 837 156 89 321 666 17 198 577 370 307 129 22 966 108 130 543 317 169 17 854 578 642 693 351 -1 854 864 234 338 822 222 211 5 337 30 142 901 597 77 998 545 193 171 738 68 646 777 391 166 -1 132 565 901 5 27 493 1 254 211 18 306 226 150 74 272 878 326 493 47 397 520 158 869 477 158 513 994 -1 545 849 358 324 806 209 493 106 714 530 347 490 482 560 392 122 617 92 469 103 127 323 136 781 747 750 194 99 200 33 426 299 760 868 394 -1 13 441 560 87 68 729 908 986 560 277 351 453 8 111 968 793 366 382 784 392 64 326 666 35 33 559 435 144 443 136 603 35 418 105 79 29 177 87 797 400 115 83 739 155 849 626 76 107 485 433 137 761 684 48 167 411 355 94 306 338 34 155 477 35 134 342 882 440 603 131 251 610 980 787 48 226 253 324 139 310 380 589 945 844 80 298 79 75 106 666 398 378 812 325 13 280 41 286 87 27 85 378 266 207 72 731 533 266 569 662 920 574 240 603 76 105 35 171 33 338 895 204 832 225 -1 398 12 341 689 11 545 366 382 706 54 106 591 890 545 192 794 320 19 -1 752 43 909 379 326 226 940 680 210 864 789 147 818 18 148 817 548 368 269 46 272 125 854 536 240 125 124 428 752 578 106 534 186 727 482 987 868 366 170 492 317 493 1 13 102 640 99 45 595 195 804 868 442 216 284 198 659 45 105 987 126 148 266 714 196 114 312 546 23 378 58 541 565 662 729 319 307 75 397 844 366 127 190 326 492 152 17 79 760 492 392 492 385 193 537 3 945 327 517 214 453 784 434 486 142 184 823 476 131 946 436 830 189 347 220 32 704 180 410 100 400 663 612 918 381 -1 91 247 487 68 481 480 559 631 924 425 225 190 103 254 761 530 3 231 460 14 240 535 198 412 594 232 106 492 399 207 131 317 856 335 854 398 12 783 838 232 202 69 41 328 945 940 338 416 647 324 363 306 490 153 316 754 151 120 240 784 347 228 36 509 444 231 -1 363 189 310 265 500 195 347 375 403 593 220 661 370 253 45 416 180 582 261 963 54 164 447 288 370 326 338 342 263 994 589 317 549 666 88 425 207 945 36 40 659 -1 436 684 856 375 2 683 379 849 43 410 391 371 250 405 22 56 170 127 171 636 448 189 877 865 34 -1 62 877 651 131 411 665 196 742 774 358 706 228 178 140 569 81 166 512 30 666 68 468 347 303 68 522 202 81 710 22 75 385 288 714 726 2 976 160 126 342 8 15 92 531 231 13 19 525 398 522 148 673 328 708 980 77 998 427 969 -1 180 19 -1 104 447 339 605 338 313 560 373 491 30 277 467 777 113 226 -1 231 497 804 425 -1 820 157 281 519 2 131 206 536 760 868 838 789 663 350 521 559 869 870 64 35 64 551 347 468 6 328 317 186 136 619 939 41 877 688 476 136 247 285 303 189 987 356 969 76 132 608 725 486 431 525 875 475 713 350 813 195 803 656 187 483 40 83 349 364 415 984 497 278 86 559 297 156 368 628 34 208 773 426 701 87 680 771 610 155 15 761 771 536 228 704 750 560 416 22 494 760 749 68 33 665 856 878 311 309 341 246 198 813 701 253 605 398 493 328 732 32 467 20 57 453 763 529 819 425 380 -1 525 17 806 553 112 19 918 862 194 876 868 777 102 552 589 320 731 13 231 34 477 2 11 49 22 530 817 417 198 893 127 3 157 759 913 787 232 303 85 106 -1 808 276 727 650 589 692 228 278 804 210 205 412 490 440 8 650 247 448 119 660 626 3 345 536 370 945 747 64 449 801 714 838 79 963 164 29 986 68 772 214 533 263 276 -1 824 -1 608 252 232 351 880 1 136 132 963 342 313 647 683 251 56 813 747 980 299 120 849 431 612 34 560 733 972 
994 132 431 557 618 214 100 777 491 963 34 483 144 354 312 258 984 6 926 14 947 650 280 60 33 15 972 519 446 391 436 317 517 870 170 166 90 347 378 842 286 190 373 316 946 831 862 128 889 861 621 -1 -1 838 110 492 690 414 735 784 121 8 594 477 291 551 589 849 350 766 621 533 327 41 270 221 25 821 490 410 983 611 589 160 41 219 276 204 51 181 403 915 123 621 92 940 65 111 659 489 521 425 514 187 52 512 94 885 882 137 881 269 970 408 688 596 64 693 683 36 564 206 140 152 468 97 612 126 -1 607 628 27 640 375 540 651 718 159 228 744 318 358 96 650 250 392 761 113 109 880 112 184 625 669 2 577 661 837 156 89 321 360 17 198 577 370 307 129 22 966 108 130 543 317 169 17 854 578 642 693 351 -1 854 864 234 338 822 222 211 5 337 30 142 901 597 77 998 545 193 171 738 68 646 777 391 166 -1 132 565 901 5 27 493 1 254 211 18 306 226 150 74 272 878 326 493 47 397 520 158 869 477 158 513 994 -1 545 849 358 324 806 209 493 106 714 449 347 490 482 560 392 122 617 92 469 103 127 323 136 781 747 750 194 99 200 33 426 299 760 868 394 -1 13 441 560 87 68 729 908 986 560 277 351 453 8 111 968 793 366 382 784 392 435 326 641 35 33 559 64 144 443 136 603 35 418 105 79 29 177 87 797 400 115 83 739 155 849 626 76 107 485 433 137 761 684 48 167 411 355 94 306 338 34 155 477 35 134 342 882 440 603 131 251 610 980 787 48 226 253 324 139 310 380 589 945 844 80 298 79 75 106 170 398 378 812 325 13 280 41 286 87 27 85 378 266 207 72 731 533 266 569 662 920 574 240 603 76 105 35 171 33 338 895 204 832 225 -1 398 12 341 689 11 545 366 382 706 54 106 591 890 545 192 794 320 19 -1 752 43 909 379 326 226 940 680 210 864 789 147 818 526 148 817 548 368 269 46 272 125 854 536 240 125 124 850 752 578 106 534 186 727 482 987 868 366 170 492 317 493 1 13 102 640 99 45 595 731 804 868 442 216 284 198 659 45 105 987 126 148 266 714 196 114 312 546 23 378 58 541 565 662 729 319 307 75 397 844 366 127 190 326 492 152 17 79 760 492 392 492 385 193 537 731 945 327 517 214 453 784 434 486 142 184 823 476 131 946 436 830 189 347 220 32 704 180 410 100 400 663 612 918 381 -1 91 247 487 68 481 480 559 631 924 425 225 190 103 254 761 530 77 231 460 14 240 535 198 412 594 247 106 492 399 207 131 317 856 335 854 398 12 783 838 247 202 69 41 328 945 940 338 416 647 324 363 306 490 153 316 754 151 120 240 784 347 228 36 509 444 231 -1 363 189 310 265 500 195 347 375 403 593 220 661 370 253 45 416 180 582 261 963 54 164 447 288 370 326 338 342 263 994 589 317 549 170 88 425 207 945 36 40 659 -1 436 684 856 375 2 683 379 849 43 410 391 371 250 405 22 56 641 127 171 636 448 189 877 727 34 -1 62 877 651 131 411 665 196 742 774 358 706 228 178 140 569 81 166 512 30 833 68 468 347 303 68 522 202 81 710 22 75 385 288 714 726 2 976 160 126 342 8 15 92 531 231 13 19 525 398 522 148 929 328 708 980 77 998 427 969 -1 180 19 -1 104 447 339 605 338 313 560 373 491 30 277 467 777 113 226 -1 231 497 804 425 -1 820 157 281 519 2 131 206 536 760 868 838 789 663 350 521 559 869 870 64 35 64 551 347 468 6 328 317 186 136 619 939 41 877 688 476 136 247 285 303 189 987 356 969 76 132 608 725 486 431 525 875 475 713 350 813 195 803 656 187 483 40 83 349 364 415 984 497 278 86 559 435 156 368 628 34 208 773 426 701 87 680 771 610 155 15 761 771 536 228 704 18 560 416 22 494 760 749 68 33 665 856 878 311 309 341 246 198 813 701 253 605 398 493 328 732 32 467 20 57 453 763 529 819 425 380 -1 525 17 806 553 112 19 918 862 194 876 868 777 102 552 589 320 731 13 231 453 477 2 11 49 22 530 817 417 198 893 127 323 157 759 913 787 232 303 85 106 -1 808 276 865 650 589 692 228 278 804 210 205 412 490 440 8 650 247 448 119 660 626 557 345 536 370 945 747 64 449 801 714 838 79 963 164 29 986 68 772 214 533 263 276 -1 824 -1 608 252 232 351 880 1 136 132 963 342 313 647 683 251 56 813 747 980 299 120 849 431 612 34 560 733 972 
994 132 431 557 618 214 100 777 491 963 34 483 144 354 312 258 984 6 926 14 947 650 280 60 33 15 972 519 446 391 436 317 517 870 170 166 90 347 378 842 286 190 373 316 946 831 862 128 889 861 621 -1 -1 838 110 -1 690 414 735 784 121 8 594 477 291 551 589 849 350 766 621 533 327 41 270 221 25 821 490 410 983 611 589 160 41 219 276 204 51 181 403 915 123 621 92 940 65 111 659 489 521 425 514 187 52 512 94 885 882 137 881 269 970 408 688 596 64 693 683 36 564 206 140 152 468 97 612 126 -1 607 628 27 640 375 540 651 718 159 228 744 318 358 96 650 250 392 761 113 109 880 112 184 625 669 2 577 661 837 156 89 321 360 17 198 577 370 307 129 22 966 108 130 543 317 169 17 854 578 642 693 351 -1 854 864 234 338 822 222 211 5 337 30 142 901 597 77 998 545 193 171 738 68 646 777 391 166 -1 132 565 901 5 27 493 1 254 211 18 306 226 150 74 272 878 326 493 47 397 520 158 869 477 158 513 994 -1 545 849 358 324 806 209 493 106 714 449 347 490 482 560 392 122 617 92 469 103 127 323 136 781 747 750 194 99 200 33 426 299 760 868 394 -1 13 441 560 87 68 729 908 986 560 277 351 453 8 111 968 793 366 382 784 392 435 326 641 35 33 559 64 144 443 136 603 35 418 105 79 29 177 87 797 400 115 83 739 155 849 626 76 107 485 433 137 761 684 48 167 411 355 94 306 338 34 155 477 35 134 342 882 440 603 131 251 610 980 787 48 226 253 324 139 310 380 589 945 844 80 298 79 75 106 170 398 378 812 325 13 280 41 286 87 27 85 378 266 207 72 731 533 266 569 662 920 574 240 603 76 105 35 171 33 338 895 204 832 225 -1 398 12 341 689 11 545 366 382 706 54 106 591 890 545 192 794 320 19 -1 752 43 909 379 326 226 940 680 210 864 789 147 818 526 148 817 548 368 269 46 272 125 854 536 240 125 124 850 752 578 106 534 186 727 482 987 868 366 170 205 317 493 1 13 102 640 99 45 595 731 804 868 442 216 284 198 659 45 105 987 126 148 266 714 196 114 312 546 23 378 58 541 565 662 729 319 307 506 397 844 366 127 190 326 1 152 17 79 760 506 392 291 385 193 537 731 945 327 517 214 453 784 434 486 142 184 823 476 131 946 436 830 189 347 220 32 704 180 410 100 400 663 612 918 381 -1 91 247 487 68 481 480 559 631 924 425 225 190 103 254 761 530 77 231 460 14 240 535 198 412 594 247 106 506 399 207 131 317 856 335 854 398 12 783 838 247 202 69 41 328 945 940 338 416 647 324 363 306 490 153 316 754 151 120 240 784 347 228 36 509 444 231 -1 363 189 310 265 500 195 347 375 403 593 220 661 370 253 45 416 180 582 261 963 54 164 447 288 370 326 338 342 263 994 589 317 549 170 88 425 207 945 36 40 659 -1 436 684 856 375 2 683 379 849 43 410 391 371 250 405 22 56 641 127 171 636 448 189 877 727 34 -1 62 877 651 131 411 665 196 742 774 358 706 228 178 140 569 81 166 512 30 833 68 468 347 303 68 522 202 81 710 22 75 385 288 714 726 2 976 160 126 342 8 15 92 531 231 13 19 525 398 522 148 929 328 708 506 77 998 427 969 -1 180 19 -1 104 447 339 605 338 313 560 373 491 30 277 467 777 113 226 -1 231 497 804 425 -1 820 157 281 519 2 131 206 536 760 868 838 789 663 350 521 559 869 870 64 35 64 551 347 468 6 328 317 186 136 619 939 41 877 688 476 136 247 285 303 189 987 356 969 76 132 608 725 486 431 525 875 475 713 350 813 195 803 656 187 483 40 83 349 364 415 984 497 278 86 559 435 156 368 628 34 208 773 426 701 87 680 771 610 155 15 761 771 536 228 704 18 560 416 22 494 760 749 68 33 665 856 878 311 309 341 246 198 813 701 253 605 398 493 328 732 32 467 20 57 453 763 529 819 425 380 -1 525 17 806 553 112 19 918 862 194 876 868 777 102 552 589 320 731 13 231 453 477 2 11 49 22 530 817 417 198 893 127 323 157 759 913 787 232 303 85 106 -1 808 276 865 650 589 692 228 278 804 210 205 412 490 440 8 650 247 448 119 660 626 557 345 536 370 945 747 64 449 801 714 838 79 963 164 29 986 68 772 214 533 263 276 -1 824 -1 608 252 232 351 880 1 136 132 963 342 313 647 683 251 56 813 747 980 299 120 849 431 612 34 560 733 972 
994 132 431 557 618 214 100 777 491 963 34 483 144 354 312 258 984 6 926 14 947 650 280 60 33 15 972 519 446 391 436 317 517 870 170 166 90 347 378 842 286 190 373 316 946 831 862 128 889 861 621 -1 -1 838 110 -1 690 414 735 784 121 8 594 477 291 551 589 849 350 766 621 533 327 41 270 221 25 821 490 410 983 611 589 160 41 219 276 204 51 181 403 915 123 621 92 940 65 111 659 489 521 425 514 187 52 512 94 885 882 137 881 269 970 408 688 596 64 693 683 36 564 206 140 152 468 97 612 126 -1 607 628 27 640 375 540 651 718 159 228 744 318 358 96 650 250 392 761 113 109 880 112 184 625 669 2 577 661 837 156 89 321 360 17 198 577 370 307 129 22 966 108 130 543 317 169 17 854 578 642 693 351 -1 854 864 234 338 822 222 211 5 337 30 142 901 597 77 998 545 193 171 738 68 646 777 391 166 -1 132 565 901 5 27 493 1 254 211 18 306 226 150 74 272 878 326 493 47 397 520 158 869 477 158 513 994 -1 545 849 358 324 806 209 493 106 714 449 347 490 482 560 392 122 617 92 469 103 127 323 136 781 747 750 194 99 200 33 426 299 760 868 394 -1 13 441 560 87 68 729 908 986 560 277 351 453 8 111 968 793 366 382 784 392 435 326 641 35 33 559 64 144 443 136 603 35 418 105 79 29 177 87 797 400 115 83 739 155 849 626 76 107 485 433 137 761 684 48 167 411 355 94 306 338 34 155 477 35 134 342 882 440 603 131 251 610 980 787 48 226 253 324 139 310 380 589 945 844 80 298 79 75 106 170 398 378 812 325 13 280 41 286 87 27 85 378 266 207 72 731 533 266 569 662 920 574 240 603 76 105 35 171 33 338 895 204 832 225 -1 398 12 341 689 11 545 366 382 706 54 106 591 890 545 192 794 320 19 -1 752 43 909 379 326 226 940 680 210 864 789 147 818 526 148 817 548 368 269 46 272 125 854 536 240 125 124 850 752 578 106 534 186 727 482 987 868 366 170 205 317 493 1 13 102 640 99 45 595 731 804 868 442 216 284 198 659 45 105 987 126 148 266 714 196 114 312 546 23 378 58 541 565 250 729 319 307 506 397 844 366 127 190 326 1 152 17 79 760 506 392 291 385 193 537 731 945 327 517 214 453 784 434 486 142 184 823 476 131 946 436 830 189 347 220 32 704 351 410 100 400 663 612 918 381 -1 91 247 487 68 481 480 559 631 924 425 225 190 103 254 761 530 77 231 460 14 240 535 198 412 594 247 106 506 399 207 131 317 856 335 854 398 12 783 838 247 202 69 41 328 945 940 338 416 647 324 363 306 490 153 316 754 151 120 240 784 347 228 36 509 444 231 -1 363 189 310 265 500 195 347 375 403 593 220 661 370 253 45 416 665 582 261 963 54 164 447 288 370 326 338 342 263 994 589 317 549 170 88 425 207 945 36 40 659 -1 436 684 856 375 2 683 379 849 43 410 391 371 488 405 22 56 641 127 171 636 448 189 877 727 34 -1 62 877 651 131 411 665 196 742 774 358 706 228 178 140 569 81 166 512 30 833 68 468 347 303 68 522 202 81 710 22 75 385 288 714 726 2 416 160 126 342 8 15 92 531 231 13 19 525 398 522 148 929 328 708 506 77 998 427 969 -1 665 19 -1 104 447 339 605 338 313 560 373 491 30 277 467 777 113 226 -1 231 497 804 425 -1 820 157 351 519 2 131 206 536 760 868 838 789 663 350 521 559 869 870 64 35 64 551 347 468 6 328 317 186 136 619 939 41 877 688 476 136 247 285 303 189 987 356 969 76 132 608 725 486 431 525 875 475 713 350 813 195 803 656 187 483 40 83 349 364 415 984 497 278 86 559 435 156 368 628 34 208 773 426 701 87 680 771 610 155 15 761 771 536 228 704 18 560 416 22 494 760 749 68 33 665 856 878 311 309 341 246 198 813 701 253 605 398 493 328 732 32 467 20 57 453 763 529 819 425 380 -1 525 17 806 553 112 19 918 862 194 876 868 777 102 552 589 320 731 13 231 453 477 2 11 49 22 530 817 417 198 893 127 323 157 759 913 787 232 303 85 106 -1 808 276 865 650 589 692 228 278 804 210 205 412 490 440 8 650 247 448 119 660 626 557 345 536 370 945 747 64 449 801 714 838 79 963 164 29 986 68 772 214 533 263 276 -1 824 -1 608 252 232 351 880 1 136 132 963 342 313 647 683 251 56 813 747 980 299 120 849 431 612 34 560 733 972 
994 132 431 557 618 214 100 777 491 963 34 483 144 354 312 258 984 6 926 14 947 650 280 60 33 15 972 519 446 391 436 317 517 870 170 166 90 347 378 842 286 190 373 316 946 831 862 128 889 861 621 -1 -1 838 110 -1 690 414 735 784 121 8 594 477 291 551 589 849 350 766 621 533 327 41 270 221 25 821 490 410 983 611 589 160 41 219 276 204 51 181 403 915 123 621 92 940 65 111 659 489 521 425 514 187 52 512 94 885 882 137 881 269 970 408 688 596 64 693 683 36 564 206 140 152 468 97 612 126 -1 607 628 27 640 375 540 651 718 159 228 744 318 358 96 650 250 392 761 113 109 880 112 184 625 669 2 577 661 837 156 89 321 360 17 198 577 370 307 129 22 966 108 130 487 317 169 17 854 578 642 693 351 -1 854 864 234 338 822 222 211 5 337 30 142 901 597 77 998 545 193 171 285 68 646 777 391 166 -1 132 738 901 5 27 493 1 254 211 18 306 226 150 74 272 878 326 493 47 397 520 158 869 477 158 513 994 -1 545 849 358 324 806 209 493 106 714 449 347 490 482 560 392 122 617 92 469 103 127 323 136 781 747 750 194 99 200 33 426 299 760 868 394 -1 13 441 560 87 68 729 908 986 560 277 351 453 8 111 797 793 366 382 784 392 435 326 641 35 33 559 64 144 443 136 603 35 418 105 79 29 177 87 797 400 115 83 739 155 849 626 76 107 485 433 137 761 684 48 167 411 355 94 306 338 34 155 477 35 134 342 882 440 603 131 251 610 980 787 48 226 253 324 139 310 380 589 945 844 80 298 79 75 106 170 398 378 812 325 13 280 41 286 87 27 85 378 266 207 72 731 533 266 569 662 920 574 240 603 76 105 35 171 33 338 895 204 832 225 -1 398 12 341 689 11 545 366 382 706 54 106 591 890 545 192 794 320 19 -1 752 43 909 379 326 226 940 680 210 864 789 147 818 526 148 817 548 368 269 46 272 125 854 536 240 125 124 850 752 578 106 534 186 727 482 987 868 366 170 205 317 493 1 13 102 640 99 45 595 731 804 868 442 216 284 198 659 45 105 987 126 148 266 714 196 114 312 546 23 378 58 541 565 250 729 319 307 506 397 844 366 127 190 326 1 152 784 79 760 506 392 291 385 193 537 731 945 327 517 214 453 784 434 486 142 184 823 476 131 946 436 830 189 347 220 32 704 351 410 100 400 663 612 918 381 -1 91 247 487 68 481 480 559 631 924 425 225 190 103 254 761 530 77 231 460 14 240 535 198 412 594 247 106 506 399 207 131 317 856 335 854 398 12 783 838 247 202 69 41 328 945 940 338 416 647 324 363 306 490 153 316 754 151 120 240 784 347 228 36 509 444 231 -1 363 189 310 265 500 195 347 375 403 593 220 661 370 253 45 416 665 582 261 963 54 164 447 288 370 326 338 342 263 994 589 317 549 170 88 425 207 945 36 40 659 -1 436 684 856 375 2 683 379 849 43 410 391 371 488 405 22 56 641 127 171 636 448 189 877 727 34 -1 62 877 651 131 411 665 196 742 774 358 706 228 178 140 569 81 166 512 30 833 68 468 347 303 68 522 202 81 710 22 75 385 288 714 726 2 416 160 126 342 8 15 92 531 231 13 19 525 398 522 148 929 328 708 506 77 998 427 969 -1 665 19 565 104 447 339 605 338 313 560 373 491 30 277 467 777 113 226 -1 231 497 804 425 -1 820 157 351 519 2 131 206 536 760 868 838 789 663 350 521 559 869 870 64 35 64 551 347 468 6 328 317 186 136 619 939 41 877 688 476 136 247 -1 303 189 987 356 969 76 132 608 725 486 431 525 875 475 713 350 813 195 803 656 187 483 40 83 349 364 415 984 497 278 86 559 435 156 368 628 34 738 773 426 701 87 680 771 610 155 15 761 771 536 228 704 18 560 416 22 494 760 749 68 33 665 856 878 311 309 341 246 198 813 701 253 605 398 493 328 732 32 467 20 57 453 763 529 819 425 380 -1 525 17 806 553 112 19 918 862 194 876 868 777 102 552 589 320 731 13 231 453 477 2 11 49 22 530 817 417 198 893 127 323 157 759 913 787 232 303 85 106 -1 808 276 865 650 589 692 228 278 804 210 205 412 490 440 8 650 247 448 119 660 626 557 345 487 370 945 747 64 449 801 714 838 79 963 164 29 986 68 772 214 533 263 276 -1 824 -1 608 252 232 351 880 1 136 132 963 342 313 647 683 251 56 813 747 980 299 120 849 431 612 34 560 733 972 
994 132 431 557 618 214 100 777 491 963 34 483 144 354 312 258 984 6 926 14 947 650 280 60 33 15 972 519 446 391 436 317 517 870 170 166 90 347 378 842 286 190 373 316 946 831 862 128 889 861 621 -1 -1 838 110 -1 690 414 735 784 121 8 594 477 291 551 589 849 350 766 621 533 615 41 270 221 25 821 490 410 355 611 589 160 41 219 276 204 51 181 403 915 123 621 92 940 65 111 659 489 521 425 514 187 355 473 94 885 882 137 881 269 970 408 688 596 64 179 683 36 564 206 140 152 468 97 612 126 -1 117 628 27 640 117 540 651 718 159 228 744 318 358 96 650 250 392 761 113 109 880 112 184 625 669 2 577 661 837 156 89 321 360 17 198 577 370 307 607 22 966 108 130 543 317 169 17 854 578 642 304 351 -1 854 864 234 338 822 222 211 5 337 30 142 901 597 77 998 545 193 171 738 68 646 777 391 166 -1 132 565 901 5 27 493 1 254 211 18 306 226 150 74 272 878 326 493 47 397 520 158 869 477 158 513 994 -1 545 849 358 324 806 209 493 106 714 449 347 490 482 560 392 122 617 92 469 103 127 323 136 781 747 750 194 99 200 33 426 299 760 868 394 -1 13 441 560 87 68 729 908 986 560 277 351 453 8 111 968 793 366 382 784 392 435 326 641 35 33 559 64 144 443 136 603 35 418 105 79 29 177 87 797 400 115 83 739 155 849 626 76 107 485 433 137 761 684 48 167 411 355 94 306 338 34 155 477 35 134 342 882 440 603 131 251 610 980 744 48 226 253 324 139 310 380 589 945 844 512 298 79 75 106 170 398 378 812 325 13 280 41 286 87 27 85 378 266 207 615 731 533 266 569 662 920 574 240 603 76 105 35 171 33 338 895 204 832 225 -1 398 12 341 689 11 545 366 382 706 54 106 591 890 545 192 794 320 19 -1 752 43 909 379 326 226 940 680 210 864 789 147 818 526 148 817 548 368 269 46 272 125 854 536 240 125 124 850 752 578 106 534 186 727 482 987 868 366 170 205 317 493 1 13 102 640 99 45 595 731 804 868 442 216 284 198 659 45 344 987 126 148 266 714 196 114 312 546 23 378 58 541 565 250 729 319 307 506 397 844 366 127 190 326 1 152 784 79 760 506 392 291 385 193 537 731 945 304 517 214 453 784 434 486 142 184 823 476 131 946 436 830 189 347 220 32 704 351 410 100 400 663 612 918 381 -1 91 247 487 68 481 480 559 631 924 425 225 190 103 254 761 530 77 231 460 14 240 535 198 412 594 247 106 506 399 207 131 317 856 335 854 398 12 783 838 247 202 69 41 328 945 940 338 416 647 324 363 306 490 153 316 754 151 120 240 784 347 228 36 509 444 231 -1 363 189 310 265 500 195 347 512 403 593 220 661 370 253 45 416 665 582 261 963 54 164 447 288 370 326 338 342 263 994 589 317 549 170 88 425 207 945 36 40 659 -1 436 684 856 364 2 683 379 849 43 410 391 371 488 405 22 56 641 127 171 636 448 189 877 727 34 -1 62 877 117 131 411 665 196 742 774 358 706 228 178 140 569 81 166 117 30 833 68 468 347 303 68 522 202 81 710 22 75 385 288 714 726 2 416 160 126 342 8 15 92 531 231 13 19 525 398 522 148 929 328 708 506 77 998 427 969 -1 665 19 -1 52 630 339 605 338 313 560 373 491 30 277 467 777 113 226 -1 231 497 804 425 -1 820 157 351 519 2 131 206 536 760 868 838 789 663 350 521 559 869 870 64 35 64 551 347 468 6 328 317 630 136 619 939 41 877 688 476 136 247 285 303 189 987 356 969 76 132 608 725 486 431 525 875 475 713 350 813 195 803 656 187 483 40 83 349 653 415 984 497 278 86 559 435 156 368 628 34 208 773 426 701 87 680 771 610 155 15 761 771 536 228 704 18 560 416 22 494 760 749 68 33 665 856 878 311 309 341 246 198 813 701 253 605 398 493 328 732 32 467 20 57 453 763 529 819 425 380 -1 525 17 806 553 112 19 918 862 194 876 868 777 102 552 589 320 731 13 231 453 477 2 11 49 22 530 817 417 198 893 127 323 157 759 913 386 232 303 85 106 -1 808 276 865 650 589 692 228 278 804 210 205 412 490 440 8 650 247 448 119 660 626 557 345 536 370 945 747 64 449 801 714 838 79 963 164 29 986 68 772 214 533 263 276 -1 824 -1 608 252 232 351 880 1 136 132 963 342 355 647 683 251 56 813 747 980 299 120 849 431 612 34 560 733 972 
994 132 431 557 618 214 100 777 491 963 34 483 144 354 312 258 984 6 926 14 947 650 280 60 33 15 972 519 446 391 436 317 517 870 170 166 90 347 378 842 286 190 373 316 946 831 862 128 889 861 621 -1 -1 838 110 -1 690 414 735 784 121 8 594 477 291 551 589 849 350 766 621 533 615 41 270 221 25 821 490 410 355 611 589 160 41 219 276 204 51 181 403 915 123 621 92 940 65 111 659 489 521 425 514 187 355 473 94 885 882 137 881 269 970 408 688 596 64 179 683 36 564 206 140 152 468 97 612 126 -1 117 628 27 640 117 540 651 300 159 228 744 318 358 96 650 250 392 761 113 109 880 112 184 625 669 2 577 661 837 156 89 321 360 17 198 577 370 307 607 22 966 108 130 543 317 169 17 854 578 642 304 351 -1 854 864 234 338 822 222 211 5 337 30 142 901 597 77 998 545 193 171 738 68 646 777 391 166 -1 132 565 901 5 27 493 1 254 211 18 306 226 150 74 272 878 326 493 47 397 677 158 869 477 158 513 994 -1 545 849 358 324 806 209 493 106 714 449 347 490 482 560 392 122 617 92 469 103 127 323 718 781 747 750 194 99 200 33 426 299 760 868 394 -1 13 441 560 87 68 729 908 986 560 277 351 453 8 111 968 793 366 382 784 392 435 326 641 35 33 559 64 144 443 718 603 35 418 105 79 29 177 87 797 400 300 83 739 155 849 626 76 107 485 433 137 761 684 48 167 411 355 94 306 338 34 155 477 35 134 342 882 440 603 131 251 610 980 744 48 226 253 324 139 310 380 589 945 844 512 298 79 75 106 170 398 378 812 325 13 280 41 286 87 27 85 378 266 207 615 731 533 266 569 662 920 574 240 603 76 105 35 171 33 338 895 204 832 225 -1 398 12 341 689 11 545 366 382 706 54 106 591 890 545 192 794 320 19 -1 752 43 909 379 326 226 940 680 210 864 789 147 818 526 148 817 548 368 269 46 272 125 854 536 240 125 124 850 752 578 106 534 186 727 482 987 868 366 170 205 317 493 1 13 102 640 99 45 595 731 804 868 442 216 284 198 659 45 344 987 126 148 266 714 196 114 312 546 23 378 58 541 565 250 729 319 307 506 397 844 366 127 190 326 1 257 784 79 760 506 392 291 385 193 257 731 945 304 517 214 453 784 434 486 142 184 823 476 131 946 436 830 189 347 220 32 704 351 410 100 400 663 257 918 381 -1 91 247 487 68 481 480 559 631 924 425 225 190 103 254 761 530 77 231 460 14 240 535 198 412 594 247 106 506 399 207 131 317 856 335 854 398 12 783 838 247 202 69 41 328 945 940 338 416 647 324 363 306 490 153 316 754 151 120 240 784 347 228 36 463 444 231 -1 363 189 310 265 995 195 347 512 403 593 220 661 370 253 45 416 665 582 261 963 54 164 447 288 370 326 338 342 263 994 589 317 549 170 88 425 207 945 36 40 659 -1 436 684 856 364 2 683 379 849 43 410 391 371 488 405 22 56 641 127 171 636 448 189 947 727 34 -1 62 518 117 131 411 665 196 742 774 358 706 228 178 140 569 81 166 117 30 833 68 468 347 303 68 522 202 81 710 22 75 385 288 714 726 2 416 160 126 342 8 15 92 531 231 13 19 525 398 522 148 929 328 708 506 77 998 427 969 -1 665 19 -1 52 630 339 605 338 313 560 373 491 30 277 467 777 113 226 -1 231 497 804 425 -1 820 157 351 519 2 131 206 536 760 868 838 789 663 350 521 559 869 870 64 35 64 551 347 468 6 328 317 630 257 619 939 41 677 688 476 677 247 285 303 189 987 356 969 76 132 608 725 677 431 525 875 475 713 350 813 195 803 656 187 483 40 83 349 653 415 984 497 278 86 559 435 156 368 628 34 208 773 426 701 87 680 771 610 155 15 761 771 536 228 704 18 560 416 22 494 760 749 68 33 665 856 878 893 309 341 246 198 813 701 253 605 398 493 328 732 32 467 677 57 453 763 529 819 425 380 -1 525 17 806 553 112 19 918 115 194 876 868 777 102 552 589 320 731 13 231 453 477 2 11 49 22 530 817 417 198 893 127 323 157 759 913 386 232 303 85 106 -1 808 276 865 650 589 692 228 278 804 210 205 412 490 440 8 650 247 448 119 660 626 557 345 536 370 945 747 64 449 801 714 838 79 963 164 29 986 68 772 214 533 263 276 -1 824 -1 608 252 232 351 880 1 300 132 963 342 355 647 683 251 56 813 747 980 299 120 849 431 152 34 560 733 972 
994 132 431 557 618 214 100 777 491 963 34 483 144 354 312 258 984 6 926 14 947 650 280 60 33 15 332 519 446 391 436 317 517 870 170 166 90 347 378 842 286 190 373 316 946 831 862 128 889 861 621 -1 -1 838 110 -1 690 414 735 784 121 8 594 477 291 551 589 849 350 766 621 533 615 41 270 221 25 821 490 410 355 611 589 160 41 219 276 204 51 181 403 915 123 621 92 940 65 111 659 489 521 425 514 187 355 473 94 885 882 137 881 269 970 408 688 596 64 179 683 36 564 206 140 152 468 97 612 126 -1 117 628 27 640 117 540 651 300 159 228 744 318 358 96 650 250 392 761 113 109 880 112 184 625 669 2 332 661 837 156 89 321 360 17 198 332 370 307 607 22 966 108 130 543 317 169 17 854 578 642 304 351 -1 854 864 234 338 822 222 211 5 337 30 142 901 597 77 998 545 193 171 738 68 646 777 391 166 -1 132 565 901 5 27 493 1 254 211 18 306 226 150 74 272 878 326 493 47 397 677 158 869 477 158 513 994 -1 545 849 358 324 806 209 493 106 714 449 347 490 482 560 392 122 617 92 469 103 127 323 718 781 747 750 194 99 200 33 426 299 760 868 394 -1 13 441 560 87 68 729 908 986 560 277 351 453 8 111 968 793 366 382 784 392 435 326 641 35 33 559 64 144 443 718 603 35 418 105 79 29 177 87 797 400 300 83 739 332 849 626 76 107 485 433 137 761 684 48 167 411 355 94 306 338 34 577 477 35 134 342 882 440 603 131 251 610 980 744 48 226 253 324 139 310 380 589 945 844 512 298 79 75 106 170 398 378 812 325 13 280 41 286 87 27 85 378 266 207 615 731 533 266 569 662 920 574 240 603 76 105 35 171 33 338 895 204 832 225 -1 398 12 341 689 11 545 366 382 706 54 106 591 890 545 192 794 320 19 -1 752 43 909 379 326 226 940 680 210 864 789 147 818 526 148 817 548 368 269 46 272 125 854 536 240 125 124 850 752 578 106 534 186 727 482 987 868 366 170 205 317 493 1 13 102 640 99 45 595 731 804 868 442 216 284 198 659 45 344 987 126 148 266 714 196 114 312 546 23 378 58 541 565 250 729 319 307 506 397 844 366 127 190 326 1 257 784 79 760 506 392 291 385 193 257 731 945 304 517 214 453 784 434 486 142 184 823 476 131 946 436 830 189 347 220 32 704 351 410 100 400 663 257 918 381 -1 91 247 487 68 481 480 559 631 924 425 225 190 103 254 761 530 77 231 460 14 240 535 198 412 594 247 106 506 399 207 131 317 856 335 854 398 12 783 838 247 202 69 41 328 945 940 338 416 647 324 363 306 490 153 316 754 151 120 240 784 347 228 36 463 444 231 -1 363 189 310 265 995 195 347 512 403 593 220 661 370 253 45 416 665 582 261 963 54 332 447 288 370 326 338 342 263 994 589 317 549 170 88 425 207 945 36 40 659 -1 436 684 856 364 2 683 379 849 43 410 391 371 488 405 22 56 641 127 171 636 448 189 947 727 34 -1 62 518 117 131 411 665 196 742 774 358 706 228 178 140 569 81 166 117 30 833 68 468 347 303 68 522 202 81 710 22 75 385 288 714 726 2 416 160 126 342 8 15 92 531 231 13 19 525 398 522 148 929 328 708 506 77 998 427 969 -1 665 19 -1 52 630 339 605 338 313 560 373 491 30 277 467 777 113 226 -1 231 497 804 425 -1 820 157 351 519 2 131 206 536 760 868 838 789 663 350 521 559 869 870 64 35 64 551 347 468 6 328 317 630 257 619 939 41 677 688 476 677 247 285 303 189 987 356 969 76 132 608 725 677 431 525 875 475 713 350 813 195 803 656 187 483 40 83 349 653 415 984 497 278 86 559 435 156 368 628 34 208 773 426 701 87 680 771 610 -1 15 761 771 536 228 704 18 560 416 22 494 760 749 68 33 665 856 878 893 309 341 246 198 813 701 253 605 398 493 328 732 32 467 677 57 453 763 529 819 425 380 -1 525 17 806 553 112 19 918 115 194 876 868 777 102 552 589 320 731 13 231 453 477 2 11 49 22 530 817 417 198 893 127 323 157 759 913 386 232 303 85 106 -1 808 276 865 650 589 692 228 278 804 210 205 412 490 440 8 650 247 448 119 660 626 557 345 536 370 945 747 64 449 801 714 838 79 963 577 29 986 68 772 214 533 263 276 -1 824 -1 608 252 232 351 880 1 300 132 963 342 355 647 683 251 56 813 747 980 299 120 849 431 152 34 560 733 972 
994 132 431 557 618 214 100 777 491 963 34 483 144 354 312 258 984 6 926 14 947 650 280 60 33 15 332 519 446 391 436 317 517 870 170 166 90 347 378 842 286 190 373 316 946 831 862 128 889 861 621 -1 -1 838 110 -1 690 414 735 784 121 8 594 477 291 551 589 849 350 766 621 533 615 41 270 221 25 821 490 410 355 611 589 160 41 219 276 204 51 181 403 915 123 621 92 940 65 111 659 489 521 425 514 187 355 473 94 885 882 137 881 269 970 408 688 596 64 179 683 36 564 206 140 152 468 97 612 126 -1 117 628 27 640 117 540 651 300 159 228 744 318 358 96 650 250 392 761 113 109 880 112 184 625 669 2 332 661 837 156 89 321 360 17 198 332 370 307 607 22 966 108 130 543 317 169 17 854 578 642 304 351 -1 854 864 234 338 822 222 211 5 337 30 142 901 597 77 998 545 193 171 738 68 646 777 391 166 -1 132 565 901 989 27 493 1 254 211 18 306 226 150 74 272 878 326 493 47 397 677 158 869 477 158 513 994 -1 545 849 358 324 806 209 493 106 714 449 347 490 482 560 392 122 617 92 469 103 127 323 718 781 989 750 194 99 200 33 426 299 760 868 394 -1 13 441 560 87 68 729 908 986 560 277 351 453 8 111 968 793 366 382 784 392 435 326 641 35 33 559 64 144 443 718 603 35 418 105 79 29 177 87 797 400 300 83 739 332 849 626 76 107 485 433 137 761 684 48 167 411 355 94 306 338 34 577 477 35 134 342 882 440 603 131 251 610 980 744 48 226 253 324 139 310 380 589 945 844 512 298 79 75 106 170 398 378 812 325 13 280 41 286 87 27 85 378 266 207 615 731 533 266 569 662 920 574 240 603 76 105 35 171 33 338 895 204 832 225 -1 398 12 341 689 11 545 366 382 706 54 106 591 890 545 192 794 320 19 -1 752 43 49 379 326 226 940 680 936 864 789 147 936 526 148 817 548 368 269 46 272 125 854 536 240 125 124 850 752 578 106 534 186 727 482 987 868 366 170 205 317 493 1 13 102 640 99 45 595 731 804 868 442 216 284 198 659 45 344 987 126 148 266 714 196 114 312 546 23 378 58 541 565 250 729 319 307 506 397 844 366 127 190 326 1 257 784 79 760 506 392 291 385 193 257 731 945 304 517 214 453 784 434 486 142 184 823 476 131 946 436 830 189 347 220 32 704 351 410 100 400 663 257 918 381 -1 91 247 487 68 481 480 559 631 924 425 225 190 103 254 761 530 77 231 460 14 240 535 198 412 594 247 106 506 399 207 131 317 856 335 854 398 12 783 838 247 202 69 41 328 945 940 338 416 647 324 363 306 490 153 316 754 151 120 240 784 347 228 36 463 444 231 -1 363 189 310 265 995 195 347 512 403 593 220 661 370 253 45 416 665 582 261 963 54 332 447 288 370 326 338 342 263 994 589 317 549 170 88 425 207 945 36 40 659 -1 436 684 856 364 2 683 379 849 43 410 391 371 488 405 22 56 641 127 171 636 448 189 947 727 34 -1 62 518 117 131 411 665 479 742 774 358 706 228 178 140 569 81 166 117 30 833 68 468 347 303 68 522 202 81 710 22 75 385 288 714 726 2 416 160 126 342 8 15 92 531 231 13 19 525 398 522 148 929 328 708 506 77 998 818 969 -1 665 19 -1 52 630 339 605 338 313 560 373 989 30 277 467 777 113 226 -1 231 497 804 425 -1 820 157 351 519 2 131 206 536 760 868 838 789 663 350 521 559 869 870 64 35 64 551 347 468 6 328 317 630 257 619 939 41 677 688 476 677 247 285 303 189 987 356 969 76 132 608 725 677 431 525 875 475 713 350 813 195 803 656 187 483 40 83 349 653 415 984 497 278 86 559 435 156 368 628 34 208 773 426 701 87 680 771 610 -1 15 761 771 536 228 704 18 560 416 22 494 760 749 68 33 665 856 878 893 309 341 246 198 813 701 253 605 398 493 328 732 32 467 677 57 453 763 529 819 425 380 -1 525 17 806 553 112 19 918 115 194 876 868 777 102 552 589 320 731 13 231 453 477 2 11 479 22 530 817 417 198 893 127 323 157 759 913 386 232 303 85 106 -1 808 276 865 650 589 692 228 278 804 5 205 412 490 440 8 650 247 448 119 660 626 557 345 536 370 945 102 64 449 801 714 838 79 963 577 29 986 68 772 214 533 263 276 -1 824 -1 608 252 232 351 880 1 300 132 963 342 355 647 683 251 56 813 491 980 299 120 849 431 152 34 560 733 972 
994 132 431 557 618 214 100 777 491 963 34 483 144 354 312 258 984 6 926 14 947 650 280 60 33 15 332 519 446 391 436 317 517 870 170 166 90 347 378 842 286 190 373 316 946 831 862 128 889 861 621 -1 -1 838 110 -1 690 414 735 784 121 8 594 477 291 551 589 849 350 766 621 533 615 41 270 221 25 821 490 410 355 611 589 160 41 219 276 204 51 181 403 915 123 621 92 940 65 111 659 489 521 425 514 187 355 473 94 885 882 137 881 269 970 408 688 596 64 179 683 36 564 206 140 152 468 97 612 126 -1 117 628 27 640 117 540 651 300 159 228 744 318 358 96 650 250 392 761 113 109 880 112 184 625 669 2 332 661 837 156 89 321 666 17 198 332 370 307 607 22 966 108 130 543 317 169 17 854 578 642 304 351 -1 854 864 234 338 822 222 211 5 337 30 142 901 597 77 998 545 193 171 738 68 646 777 391 166 -1 132 565 901 989 27 493 1 254 211 18 306 226 150 74 272 878 326 493 47 397 677 158 869 477 158 513 994 -1 545 849 358 324 806 209 493 106 714 449 347 490 482 560 392 122 617 92 469 103 127 323 718 781 989 750 194 99 200 33 426 299 760 868 394 -1 13 441 560 87 68 729 908 986 560 277 351 453 8 111 968 793 366 382 784 392 435 326 666 35 33 559 64 144 443 718 603 35 418 105 79 29 177 87 797 400 300 83 739 332 849 626 76 107 485 433 137 761 684 48 167 411 355 94 306 338 34 577 477 35 134 342 882 440 603 131 251 610 980 744 48 226 253 324 139 310 380 589 945 844 512 298 79 75 106 666 398 378 812 325 13 280 41 286 87 27 85 378 266 207 615 731 533 266 569 662 920 574 240 603 76 105 35 171 33 338 895 204 832 225 -1 398 12 341 689 11 545 366 382 706 54 106 591 890 545 192 794 320 19 -1 752 43 49 379 326 226 940 680 936 864 789 147 936 526 148 817 548 368 269 46 272 125 854 536 240 125 124 850 752 578 106 534 186 727 482 987 868 366 170 205 317 493 1 13 102 640 99 45 595 731 804 868 442 216 284 198 659 45 344 987 126 148 266 714 196 114 312 546 23 378 58 541 565 250 729 319 307 506 397 844 366 127 190 326 1 257 784 79 760 506 392 291 385 193 257 731 945 304 517 214 453 784 434 486 142 184 823 476 131 946 436 830 189 347 220 32 704 351 410 100 400 663 257 918 381 -1 91 247 487 68 481 480 559 631 924 425 225 190 103 254 761 875 77 231 460 14 240 535 198 412 594 247 106 506 399 207 131 317 856 335 854 398 12 783 838 247 202 69 41 328 945 940 338 416 647 324 363 306 490 153 316 754 151 120 240 784 347 228 36 463 444 231 -1 363 189 310 265 995 195 347 512 403 593 220 661 370 253 45 416 665 582 261 963 54 332 447 288 370 326 338 342 263 994 589 317 549 666 88 425 207 945 36 40 659 -1 436 684 856 364 2 683 379 849 43 410 391 371 488 405 22 56 170 127 171 636 448 189 947 727 34 -1 62 518 117 131 411 665 479 742 774 358 706 228 178 140 569 81 166 117 30 666 68 468 347 303 68 522 202 81 710 22 75 385 288 714 726 2 416 160 126 342 8 15 92 531 231 13 19 525 398 522 148 929 328 708 506 77 998 818 969 -1 665 19 -1 52 630 339 605 338 313 560 373 989 30 277 467 777 113 226 -1 231 497 804 425 919 820 157 351 519 2 131 206 536 760 868 838 789 663 350 521 559 869 870 64 35 64 551 347 468 6 328 317 630 257 619 939 41 677 688 476 677 247 285 303 189 987 356 969 76 132 608 725 677 431 525 875 475 713 350 813 195 803 656 187 483 40 83 349 653 415 984 497 278 86 559 435 156 368 628 34 208 773 426 701 87 680 771 610 -1 15 761 771 536 228 704 18 560 416 22 494 760 749 68 33 665 856 878 893 309 341 246 198 813 701 253 605 398 493 328 732 32 467 677 57 453 763 529 819 425 380 -1 525 17 806 553 112 19 918 115 194 876 868 777 102 552 589 320 731 13 231 34 477 2 11 479 22 530 817 417 198 893 127 323 157 -1 913 386 232 303 85 106 -1 808 276 865 650 589 692 228 278 804 5 205 412 490 440 8 650 247 448 119 660 626 557 345 536 370 945 102 64 449 801 714 838 79 963 577 29 986 68 772 214 533 263 276 -1 824 -1 608 252 232 351 880 1 300 132 963 342 355 647 683 251 56 813 491 980 299 120 849 431 152 34 560 733 972 
994 132 431 557 618 214 100 777 491 963 34 483 144 354 312 258 -1 6 926 14 947 650 280 60 33 15 332 519 446 391 436 317 517 870 170 166 90 347 378 842 286 190 373 316 946 831 862 128 889 861 621 -1 -1 838 110 -1 690 414 735 784 121 8 594 477 291 551 589 849 350 766 621 533 615 41 270 221 25 821 490 410 355 611 66 160 41 219 276 204 51 181 403 915 123 621 92 940 65 111 659 489 521 425 66 187 355 473 94 885 882 137 881 269 970 408 688 596 64 179 683 36 564 206 140 152 468 97 612 126 -1 117 628 27 640 117 540 651 300 159 228 744 318 358 96 650 250 392 761 113 109 880 112 184 625 669 2 332 661 837 156 89 321 666 17 198 332 370 307 607 22 352 108 130 543 317 352 17 854 578 642 304 351 -1 854 864 234 338 822 222 211 5 337 30 142 901 597 77 998 545 193 171 738 68 646 777 391 166 -1 132 565 901 989 27 493 1 254 211 18 306 226 150 74 272 878 326 493 47 397 677 158 869 477 158 513 994 -1 545 849 358 324 806 209 493 106 714 449 347 490 482 560 392 122 617 92 469 103 127 323 718 781 989 750 194 99 200 33 426 299 760 868 394 -1 13 441 560 87 68 729 908 986 560 277 351 453 8 111 968 793 366 382 784 392 435 326 666 35 33 559 64 144 443 718 603 35 418 105 79 29 177 87 797 400 300 83 739 332 849 626 76 107 485 433 137 761 684 48 167 411 355 94 306 338 34 577 477 35 134 342 882 440 603 131 251 610 980 744 48 226 253 324 139 310 380 589 945 844 512 298 79 75 106 666 398 378 812 325 13 280 41 286 87 27 85 378 266 207 615 731 533 266 569 662 920 574 240 603 76 105 35 171 33 338 895 204 832 225 953 398 12 341 689 11 545 366 382 706 54 106 591 890 545 192 794 320 19 -1 752 43 49 379 326 226 940 680 936 864 789 147 936 526 148 817 548 352 269 46 272 125 854 536 240 125 124 850 752 578 106 534 186 727 482 987 868 366 170 205 317 493 1 13 953 640 99 45 595 731 804 868 442 216 284 198 659 45 344 987 126 148 266 714 196 114 312 546 23 378 58 541 565 250 729 319 307 506 397 844 366 127 190 326 1 257 784 79 760 506 392 291 385 193 257 731 945 304 517 214 453 784 434 486 142 184 823 476 131 946 436 830 189 347 220 32 704 351 410 100 400 663 257 918 381 -1 91 247 487 68 481 480 559 631 924 425 225 190 103 254 761 875 77 231 460 14 240 535 198 412 594 247 106 506 399 207 131 317 856 335 854 398 12 783 838 247 202 69 41 328 945 940 338 416 40 324 363 306 490 153 316 754 151 120 240 784 347 228 36 463 444 231 -1 363 189 310 265 995 195 347 512 403 593 220 661 370 253 45 416 665 582 261 963 54 332 447 288 370 326 338 342 263 994 352 317 549 666 88 425 207 945 36 589 659 -1 436 684 856 364 2 683 379 849 43 410 391 371 488 405 22 56 170 127 171 636 448 189 947 727 34 -1 62 518 117 131 411 665 479 742 774 358 706 228 178 140 569 81 166 117 30 666 68 468 347 303 68 522 202 81 710 22 75 385 288 714 726 2 416 160 126 342 8 15 92 531 231 13 19 525 398 522 148 929 328 708 506 77 998 818 969 -1 665 19 -1 52 630 339 605 338 313 560 373 989 30 277 467 777 113 226 -1 231 497 804 425 919 820 157 351 519 2 131 206 536 760 868 838 789 663 350 521 559 869 870 64 35 64 551 347 468 6 328 317 630 257 619 939 41 677 688 476 677 247 285 303 189 987 356 969 76 132 608 725 677 431 525 875 475 713 350 813 195 803 656 187 483 40 83 349 653 415 647 497 278 86 559 435 156 368 628 34 208 773 426 701 87 680 771 610 -1 15 761 771 536 228 704 18 560 416 22 494 760 749 68 33 665 856 878 893 309 341 246 198 813 701 253 605 398 493 328 732 32 467 677 57 453 763 529 819 425 380 -1 525 17 806 553 112 19 918 115 194 876 868 777 514 552 66 320 731 13 231 34 477 2 11 479 22 530 817 417 198 893 127 323 157 -1 913 386 232 303 85 106 -1 808 276 865 650 647 692 228 278 804 5 205 412 490 440 8 650 247 448 119 660 626 557 345 536 370 945 514 64 449 801 714 838 79 963 577 29 986 68 772 898 533 263 276 -1 824 -1 608 252 232 351 880 1 300 132 963 342 355 647 683 251 56 813 491 980 299 120 849 431 152 34 560 733 972 
994 132 431 557 618 214 100 777 491 963 34 483 144 354 312 258 -1 6 926 14 947 650 280 60 33 15 332 519 446 391 436 317 517 870 170 166 90 347 378 842 286 190 373 316 946 831 862 128 889 861 621 -1 -1 838 110 -1 690 414 735 784 121 8 594 477 291 551 589 849 350 766 621 533 615 41 270 221 25 821 490 410 355 611 66 160 41 219 276 204 51 181 403 915 123 621 92 940 65 111 659 489 521 425 66 187 355 473 94 885 882 137 881 269 970 408 688 596 64 179 683 36 564 206 140 152 468 97 612 126 -1 117 628 27 640 117 540 651 300 159 228 744 318 358 96 650 250 392 761 113 109 880 112 184 625 669 2 332 661 837 156 89 321 666 17 198 332 370 307 607 22 352 108 130 543 317 352 17 854 578 642 304 351 -1 854 864 234 338 822 222 211 5 337 30 142 901 597 77 998 545 193 171 738 68 646 777 391 166 -1 132 565 901 989 27 493 1 254 211 18 306 226 150 74 272 878 326 493 47 397 677 158 869 477 158 513 994 -1 545 849 358 324 806 209 493 106 714 449 347 490 482 560 392 122 617 92 469 103 127 323 718 781 989 750 194 99 200 33 426 299 760 868 394 -1 13 441 560 87 68 729 908 986 560 277 351 453 8 111 968 793 366 382 784 392 435 326 666 35 33 559 64 144 443 718 603 35 418 105 79 29 177 87 797 400 300 83 739 332 849 626 76 107 485 433 137 761 684 48 167 411 355 94 306 338 34 577 477 35 134 342 882 440 603 131 251 610 980 744 48 226 253 324 139 310 380 589 945 844 512 298 79 75 106 666 398 378 812 325 13 280 41 286 87 27 85 378 266 207 615 731 533 266 569 662 920 574 240 603 76 105 35 171 33 338 895 204 832 225 953 398 12 341 689 11 545 366 382 706 54 106 591 890 545 192 794 320 19 -1 752 43 49 379 326 226 940 680 936 864 789 147 936 526 148 817 548 352 269 46 272 125 854 536 240 125 124 850 752 578 106 534 186 727 482 987 868 366 170 205 317 493 1 13 953 640 99 45 595 731 804 868 442 216 284 198 659 45 344 987 126 148 266 714 196 114 312 546 23 378 58 541 565 250 729 319 307 506 397 844 366 127 190 326 1 257 784 79 760 506 392 291 385 193 257 731 945 304 517 214 453 784 434 486 142 184 823 476 131 946 436 830 189 347 220 556 704 351 410 100 400 663 257 918 381 -1 91 247 487 68 481 480 559 631 924 425 225 190 103 254 761 32 77 231 460 14 240 535 198 412 594 247 106 506 399 207 131 317 856 335 854 398 12 783 838 247 202 69 41 328 945 940 338 416 40 324 363 306 490 153 316 754 151 120 240 784 347 228 36 463 444 231 -1 363 189 310 265 995 195 347 512 403 593 220 661 370 253 45 416 665 582 261 963 54 332 447 288 370 326 338 342 263 994 352 317 549 666 88 425 207 945 36 589 659 -1 436 684 856 364 2 683 379 849 43 410 391 371 488 405 22 56 170 127 171 636 448 189 947 727 34 -1 62 518 117 131 411 665 479 742 774 358 706 228 178 140 569 81 166 117 30 666 68 468 347 303 68 522 202 81 710 22 75 385 288 714 726 2 416 160 126 342 8 15 92 531 231 13 19 525 398 522 148 929 328 708 506 77 998 818 969 -1 665 19 -1 52 630 339 605 338 313 560 373 989 30 277 467 777 113 226 -1 231 497 804 425 919 820 157 351 519 2 131 206 536 760 868 838 789 663 350 521 559 869 870 64 35 64 551 347 468 6 328 317 630 257 619 939 41 677 688 476 677 247 285 303 189 987 356 969 76 132 608 725 677 431 525 556 475 713 350 813 195 803 656 187 483 40 83 349 653 415 647 497 278 86 559 435 156 368 628 34 208 773 426 701 87 680 771 610 -1 15 761 771 536 228 704 18 560 416 22 494 760 749 68 33 665 856 878 893 309 341 246 198 813 701 253 605 398 493 328 732 556 467 677 57 453 763 529 819 425 380 -1 525 17 806 553 112 19 918 115 194 876 868 777 514 552 66 320 731 13 231 34 477 2 11 479 22 232 817 417 198 893 127 323 157 -1 913 386 232 303 85 106 -1 808 276 865 650 647 692 228 278 804 5 205 412 490 440 8 650 247 448 119 660 626 557 345 536 370 945 514 64 449 801 714 838 79 963 577 29 986 68 772 898 533 263 276 -1 824 -1 608 252 232 351 880 1 300 132 963 342 355 647 683 251 56 813 491 980 299 120 849 431 152 34 560 733 972 
994 132 431 557 618 214 100 777 491 963 34 483 144 354 312 258 -1 6 926 14 947 650 280 60 33 15 332 519 446 391 436 317 517 870 170 166 90 347 378 842 286 190 373 316 946 831 862 128 889 861 621 -1 -1 838 110 -1 690 414 735 784 121 8 594 477 291 551 589 849 350 766 621 533 615 41 270 221 25 821 490 410 355 611 66 160 41 219 276 204 51 181 403 915 123 621 92 940 65 111 659 489 521 425 66 187 355 473 94 885 882 137 881 269 970 408 688 596 64 179 683 36 564 206 140 152 468 97 612 126 -1 117 628 27 640 117 540 651 300 159 228 744 318 358 96 650 250 392 761 113 109 880 112 184 625 669 2 332 661 837 156 89 321 666 17 198 332 370 307 607 22 352 108 130 543 317 352 17 854 578 642 304 351 -1 854 864 234 338 822 222 211 5 337 30 142 901 597 77 998 545 193 171 738 68 646 777 391 166 -1 132 565 901 989 27 493 1 254 211 18 306 226 150 74 272 878 326 493 47 397 677 158 869 477 158 513 994 -1 545 849 358 324 806 209 493 106 714 449 347 490 482 560 392 122 617 92 469 103 127 323 718 781 989 750 194 99 200 33 426 299 760 868 394 -1 13 441 560 87 68 729 908 986 560 277 351 453 8 111 968 793 366 382 784 392 435 326 666 35 33 559 64 144 443 718 603 35 418 105 79 29 177 87 797 400 300 83 739 332 849 626 76 107 485 433 137 761 684 48 167 411 355 94 306 338 34 577 477 35 134 342 882 440 603 131 251 610 980 744 48 226 253 324 139 310 380 589 945 844 512 298 79 75 106 666 398 378 812 325 13 280 41 286 87 27 85 378 266 207 615 731 533 266 569 662 920 574 240 603 76 105 35 171 33 338 895 204 832 225 953 398 12 341 689 11 545 366 382 706 54 106 591 890 545 192 794 320 19 -1 752 43 49 379 326 226 940 680 936 864 789 147 936 526 148 817 548 352 269 46 272 125 854 536 240 125 124 850 752 578 106 534 186 727 482 987 868 366 170 205 317 493 1 13 953 640 99 45 595 731 804 868 442 216 284 198 659 45 344 987 126 148 266 714 196 114 312 546 23 378 58 541 565 250 729 319 307 506 397 844 366 127 190 326 1 257 784 79 760 506 392 291 385 193 257 731 945 304 517 214 453 784 434 486 142 184 823 476 131 946 436 830 189 347 220 556 704 351 410 100 400 663 257 918 381 -1 91 247 487 68 481 480 559 631 924 425 225 190 103 254 761 32 77 231 460 14 240 535 198 412 594 247 106 506 399 207 131 317 856 335 854 398 12 783 838 247 202 69 41 328 945 940 338 416 40 324 363 306 490 153 316 754 151 120 240 784 347 228 36 463 444 231 -1 363 189 310 265 995 195 347 512 403 593 220 661 370 253 45 416 665 582 261 963 54 332 447 288 370 326 338 342 263 994 352 317 549 666 88 425 207 945 36 589 659 -1 436 684 856 364 2 683 379 849 43 410 391 371 488 405 22 56 170 127 171 636 448 189 947 727 34 -1 62 518 117 131 411 665 479 742 774 358 706 228 178 140 569 81 166 117 30 666 68 468 347 303 68 522 202 81 710 22 75 385 288 714 726 2 416 160 126 342 8 15 92 531 231 13 19 525 398 522 148 929 328 708 506 77 998 818 969 -1 665 19 -1 52 630 339 605 338 313 560 373 989 30 277 467 777 113 226 -1 231 497 804 425 -1 820 157 351 519 2 131 206 536 760 868 838 789 663 350 521 559 869 870 64 35 64 551 347 468 6 328 317 630 257 619 939 41 677 688 476 677 247 285 303 189 987 356 969 76 132 608 725 677 431 525 556 475 713 350 813 195 803 656 187 483 40 83 349 653 415 647 497 278 86 559 435 156 368 628 34 208 773 426 701 87 680 771 610 -1 15 761 771 536 228 704 18 560 416 22 494 760 749 68 33 665 856 878 893 309 341 246 198 813 701 253 605 398 493 328 732 556 467 677 57 453 763 529 819 425 380 -1 525 17 806 553 112 19 918 115 194 876 868 777 514 552 66 320 731 13 231 34 477 2 11 479 22 232 817 417 198 893 127 323 157 759 913 386 232 303 85 106 -1 808 276 865 650 647 692 228 278 804 5 205 412 490 440 8 650 247 448 119 660 626 557 345 536 370 945 514 64 449 801 714 838 79 963 577 29 986 68 772 898 533 263 276 -1 824 -1 608 252 232 351 880 1 300 132 963 342 355 647 683 251 56 813 491 980 299 120 849 431 152 34 560 733 972 
994 132 431 557 618 214 100 777 491 963 34 483 144 458 312 258 -1 6 926 14 947 650 280 60 33 15 332 519 446 391 436 317 517 870 170 166 90 347 378 842 286 190 373 316 946 831 862 128 889 861 621 -1 -1 838 110 -1 690 414 735 784 121 8 594 477 291 551 589 849 350 766 621 533 615 41 270 221 25 821 490 410 355 611 66 160 41 219 276 204 51 181 403 915 123 621 92 940 65 111 659 489 521 425 66 187 355 473 94 885 882 137 881 269 970 408 688 596 64 179 683 36 564 206 140 152 468 97 612 126 -1 117 628 27 640 117 540 651 300 159 228 744 318 358 96 650 250 392 761 113 109 880 112 184 625 669 2 332 661 837 156 89 321 666 17 198 332 370 307 607 22 352 108 130 543 317 352 17 963 578 642 304 351 -1 447 864 234 338 822 222 211 5 337 30 142 901 597 77 998 545 193 171 738 68 646 777 391 166 -1 132 565 901 989 27 493 1 254 211 18 306 226 150 74 272 878 326 493 47 397 677 158 869 477 158 513 994 -1 545 849 358 324 806 209 493 106 714 449 347 490 482 560 392 122 617 92 469 103 127 323 718 781 989 750 194 99 200 33 426 299 760 868 394 -1 13 441 560 87 68 729 908 986 560 277 351 453 8 111 968 793 366 382 784 392 435 326 666 35 33 559 64 144 443 718 603 35 418 105 79 29 177 87 797 400 300 83 739 332 849 626 76 107 485 433 137 761 684 48 167 411 355 94 306 338 34 577 477 35 134 342 882 440 603 131 251 610 980 744 48 226 253 324 139 310 380 589 945 13 512 298 79 75 106 666 398 378 812 325 13 280 41 286 87 27 85 378 266 207 615 731 533 266 569 662 920 574 240 603 76 105 35 171 33 338 895 204 832 225 953 398 12 341 689 11 545 366 382 706 54 106 591 890 545 192 794 320 19 -1 752 43 49 379 326 226 940 680 936 864 789 147 936 526 148 817 548 352 269 46 272 125 447 536 240 125 124 850 752 578 106 534 186 727 482 987 868 366 170 205 317 493 1 844 953 640 99 45 595 731 804 868 442 216 284 198 659 45 344 987 126 148 266 714 196 114 312 546 23 378 58 541 565 250 729 319 307 506 397 458 366 127 190 326 1 257 784 79 760 506 392 291 385 193 257 731 945 304 517 214 453 784 434 486 142 184 823 476 131 946 436 830 189 347 220 556 704 351 410 100 400 663 257 918 381 -1 91 247 487 68 481 480 559 631 924 425 225 190 103 254 761 32 77 231 460 14 240 535 198 412 594 247 106 506 399 207 131 317 856 335 182 398 12 783 838 247 202 69 41 328 945 940 338 416 40 324 363 306 490 153 316 754 151 120 240 784 347 228 36 463 444 231 -1 363 189 310 265 995 195 347 512 403 593 220 661 370 253 45 416 665 582 261 963 54 332 447 288 370 326 338 342 263 994 352 317 549 666 88 425 207 945 36 589 659 -1 436 684 856 364 2 683 379 849 43 410 391 371 488 405 22 56 170 127 171 636 448 189 947 727 34 -1 62 518 117 131 411 665 479 742 774 358 706 228 178 140 569 81 166 117 30 666 68 468 347 303 68 522 202 81 710 22 75 385 288 714 726 2 416 160 126 342 8 15 92 531 231 13 19 525 398 522 148 929 328 708 506 77 998 818 969 -1 665 19 -1 52 437 339 605 338 313 560 373 989 30 277 467 777 113 226 -1 231 497 804 425 437 820 157 351 519 2 131 206 536 760 868 838 789 663 350 521 559 869 870 64 35 64 551 347 468 6 328 317 630 257 619 939 41 677 688 476 677 247 285 303 189 987 356 969 76 132 608 725 677 431 525 556 475 713 350 813 195 803 656 187 483 40 83 349 653 415 647 497 278 86 559 435 156 368 628 34 208 773 426 701 87 680 771 610 -1 15 761 771 536 228 704 18 560 416 22 494 760 749 68 33 665 856 878 893 309 341 246 198 813 701 253 605 398 493 328 732 556 467 677 57 453 763 529 819 425 380 -1 525 17 806 553 112 19 918 115 194 876 868 777 514 552 66 320 731 13 231 34 477 2 11 479 22 232 817 417 198 893 127 323 157 437 913 386 232 303 85 106 -1 808 276 865 650 647 692 228 278 804 5 205 412 490 440 8 650 247 448 119 660 626 557 345 536 370 945 514 64 449 801 714 838 79 963 577 29 986 68 772 898 533 263 276 -1 824 -1 608 252 232 351 880 1 300 132 963 342 355 647 683 251 56 813 491 980 299 120 849 431 152 34 560 733 972 
994 132 431 557 734 214 100 777 491 963 34 483 144 458 312 258 -1 6 926 14 947 650 280 60 33 15 332 519 446 391 436 317 517 870 170 166 90 347 378 842 286 190 266 316 946 831 862 128 889 861 621 -1 -1 838 110 -1 690 414 735 784 121 8 594 477 291 551 589 849 350 766 621 533 615 41 270 221 25 821 490 410 355 611 66 160 41 219 276 204 51 181 403 915 123 621 92 940 65 111 659 489 521 425 66 187 355 473 94 885 882 137 881 269 970 408 688 596 64 179 683 36 564 206 140 152 468 97 612 126 -1 117 628 27 640 117 540 651 300 159 228 744 318 358 96 650 250 392 761 113 109 880 112 184 625 669 2 332 661 837 156 89 321 666 17 198 332 370 307 607 22 352 108 130 543 317 352 17 963 578 642 304 351 -1 447 864 234 338 822 222 211 5 337 30 142 901 597 77 998 545 193 171 738 68 646 777 391 166 -1 132 565 901 989 27 493 1 254 211 18 306 226 150 74 272 878 326 493 47 397 677 158 869 477 158 513 994 -1 545 849 358 324 806 209 493 106 714 449 347 490 482 560 392 122 617 92 469 103 127 323 718 781 989 750 194 99 200 33 426 299 760 868 394 -1 13 441 560 87 68 729 908 986 560 277 351 453 8 111 968 793 366 382 784 392 435 326 666 35 33 559 64 144 443 718 603 35 418 105 79 29 177 87 797 400 300 83 739 332 849 626 76 107 485 433 137 761 684 48 167 411 355 94 306 338 34 577 477 35 134 342 882 440 603 131 251 610 980 744 48 226 253 324 139 310 380 589 945 13 512 298 79 75 106 666 398 378 812 325 13 280 41 286 87 27 85 378 42 207 615 731 533 266 569 662 920 574 240 603 76 105 35 171 33 338 895 204 832 225 953 398 12 341 689 11 545 366 382 706 54 106 591 890 545 192 794 320 19 -1 752 43 49 379 326 226 940 680 936 864 789 147 936 526 148 817 548 352 269 46 272 125 447 536 240 125 124 850 752 578 106 534 186 727 482 987 868 366 170 205 317 493 1 844 953 640 734 45 595 731 804 868 442 216 284 198 659 45 344 987 126 148 266 714 196 114 312 546 23 378 58 541 565 250 729 319 307 506 397 458 366 127 190 326 1 257 784 79 760 506 392 291 385 193 257 731 945 304 517 214 453 784 434 486 142 184 823 476 131 946 436 830 189 347 220 556 704 351 410 100 400 663 257 918 381 -1 91 247 487 68 481 480 559 631 924 425 225 190 103 254 761 32 77 231 460 14 240 535 198 412 594 247 106 506 399 207 131 317 856 335 182 398 12 783 838 247 202 69 41 328 945 940 338 416 40 324 363 306 490 153 316 754 151 120 240 784 347 228 36 463 444 231 -1 363 189 310 265 995 195 347 512 403 593 220 661 370 253 45 416 665 582 261 963 54 332 447 288 370 326 338 342 263 994 352 317 549 666 88 425 207 945 36 589 659 -1 436 684 856 364 2 683 379 849 43 410 391 371 488 405 22 56 170 127 171 636 448 189 947 727 34 -1 62 518 117 131 411 665 479 742 774 358 706 228 178 140 569 81 166 117 30 666 68 468 347 303 68 522 202 81 710 22 75 385 288 714 726 2 416 160 126 342 8 15 92 531 231 13 19 525 398 522 148 929 328 708 506 77 998 818 276 -1 665 19 -1 52 437 339 605 338 313 560 443 989 30 277 467 777 113 226 -1 231 497 804 425 437 820 157 351 519 2 131 206 536 760 868 838 789 663 350 521 559 869 870 64 35 64 551 347 468 6 328 317 630 257 619 939 41 677 688 476 677 247 285 303 189 987 356 734 76 132 608 725 677 431 525 556 475 713 350 813 195 803 656 187 483 40 83 349 653 415 647 497 278 86 559 435 156 368 628 34 208 773 426 701 87 680 771 610 -1 15 761 771 536 228 704 18 560 416 22 494 760 749 68 33 665 856 878 893 309 341 246 198 813 701 253 605 398 493 328 732 556 467 677 57 453 763 529 819 425 380 -1 525 17 806 553 112 19 918 115 194 876 868 777 514 552 66 320 731 13 231 34 477 2 11 479 22 232 817 417 198 893 127 323 157 437 913 386 232 303 85 106 -1 808 276 865 650 647 692 228 278 804 5 205 412 490 440 8 650 247 448 119 660 626 557 345 536 370 945 514 64 449 801 714 838 79 963 577 29 986 68 772 898 533 263 734 -1 824 -1 608 252 232 351 880 1 300 132 963 342 355 647 683 251 56 813 491 980 299 120 849 431 152 34 560 733 972 
994 132 431 557 734 214 100 777 491 963 34 483 144 458 312 258 -1 6 926 14 947 650 280 60 33 15 332 519 446 391 436 317 517 870 170 166 90 347 378 842 286 190 266 316 946 831 862 128 889 861 621 -1 -1 838 110 -1 690 414 735 784 121 8 594 477 291 551 589 849 350 766 621 533 615 41 270 221 25 821 490 410 355 611 66 160 41 219 276 204 51 181 403 915 123 621 92 940 65 111 659 489 521 425 66 187 355 473 94 885 882 137 881 269 970 408 688 596 64 179 683 36 564 206 140 152 468 97 612 126 -1 117 628 27 640 117 540 651 300 159 228 744 318 358 96 650 250 392 761 113 109 880 112 184 625 669 2 332 661 837 156 89 321 666 17 198 332 370 307 607 22 352 108 130 543 317 352 17 963 578 642 304 351 -1 447 864 234 338 822 222 211 5 337 30 142 901 597 77 998 545 193 171 738 68 646 777 391 166 -1 132 565 901 989 27 493 1 254 211 18 306 226 150 74 272 878 326 493 47 397 677 158 869 477 158 513 994 -1 545 849 358 324 806 209 493 106 714 449 347 490 482 560 392 122 617 92 469 103 127 323 718 781 989 750 194 99 200 33 426 299 760 868 394 -1 13 441 560 87 68 729 908 986 560 277 351 453 8 111 968 793 366 382 784 392 435 326 666 35 33 559 64 144 443 718 603 35 418 105 79 29 177 87 797 400 300 83 739 332 849 626 76 107 485 433 137 761 684 48 167 411 355 94 306 338 34 577 477 35 134 342 882 440 603 131 251 610 980 744 48 226 253 324 139 310 380 589 945 13 512 298 79 75 106 666 398 378 812 325 13 280 41 286 87 27 85 378 42 207 615 731 533 266 569 662 920 574 240 603 76 105 35 171 33 338 895 204 832 225 953 398 12 341 689 11 545 366 382 706 54 106 591 890 545 192 794 320 19 -1 824 43 49 379 326 226 940 680 936 864 789 147 936 526 148 817 548 352 269 46 272 125 447 536 240 125 124 850 752 578 106 534 186 727 482 987 868 856 170 205 317 493 1 844 953 640 734 45 595 731 804 868 442 216 284 198 659 45 344 987 126 148 266 714 196 114 312 546 23 378 58 541 565 250 729 319 307 506 397 458 366 127 190 326 1 257 784 79 760 506 392 291 385 193 257 731 945 304 517 214 453 784 434 486 142 184 823 476 131 946 436 830 189 347 220 556 704 351 410 100 400 663 257 918 381 -1 91 247 487 68 481 480 559 631 924 425 225 190 103 254 761 32 77 231 460 14 240 535 198 412 594 247 106 506 399 207 131 317 652 335 182 398 12 783 838 247 202 69 41 328 945 940 338 416 40 324 363 306 490 153 316 754 151 120 240 784 347 228 36 463 444 231 -1 363 189 310 265 995 195 347 512 403 593 220 661 370 253 45 416 665 582 261 963 54 332 447 288 370 326 338 342 263 994 352 317 549 666 88 425 207 945 36 589 659 -1 436 684 908 364 2 683 379 849 43 410 391 371 488 405 22 56 170 127 171 636 448 189 947 727 34 -1 62 518 117 131 411 665 479 742 774 358 706 228 178 140 569 81 166 117 30 666 68 468 347 303 68 522 202 81 710 22 75 385 288 714 726 2 416 160 126 342 8 15 92 531 231 13 19 525 398 522 148 929 328 708 506 77 998 818 276 -1 665 19 -1 52 437 339 605 338 313 560 443 989 30 856 467 777 113 226 -1 231 497 804 425 437 820 157 351 519 2 131 206 536 760 868 838 789 663 350 521 559 869 870 64 35 64 551 347 468 6 328 317 630 257 619 939 41 677 688 476 677 247 285 303 189 987 356 734 76 132 608 725 677 431 525 556 475 713 350 813 195 803 656 187 483 40 83 349 653 573 647 497 278 86 559 435 156 368 628 34 208 773 426 701 87 680 771 610 -1 15 761 771 536 228 704 18 560 416 22 494 760 573 68 33 665 856 878 893 309 341 246 198 813 701 253 605 398 493 328 732 556 467 677 57 453 763 529 819 425 380 -1 525 17 806 553 112 19 918 115 194 876 868 777 514 552 66 320 731 13 231 34 477 2 11 479 22 232 817 417 198 893 127 323 157 437 913 386 232 303 85 106 -1 808 276 865 650 647 692 228 278 804 5 205 412 490 440 8 650 247 448 119 660 626 557 345 536 370 945 514 64 449 801 714 838 79 963 577 29 986 68 772 898 533 263 734 -1 824 -1 608 252 232 351 880 1 300 132 963 342 355 647 683 251 56 813 491 980 299 120 849 431 152 34 560 733 972 
994 132 431 557 734 214 100 777 491 963 34 483 144 458 312 258 -1 6 926 14 947 650 280 60 33 15 332 519 446 391 436 317 517 870 170 166 90 347 378 842 286 190 266 316 946 831 862 128 889 861 621 -1 -1 838 110 -1 690 414 735 784 121 8 594 477 291 551 589 993 350 766 621 533 615 41 270 221 25 821 490 410 355 611 66 160 41 219 276 204 51 181 403 915 123 621 92 940 65 111 659 489 521 425 66 187 355 473 94 885 882 137 881 269 970 408 688 596 64 179 683 36 564 206 140 152 468 97 612 126 -1 117 628 27 640 117 540 651 300 159 228 744 318 358 96 650 250 392 761 113 109 880 112 184 625 669 2 332 661 837 156 89 321 666 17 198 332 370 307 607 22 352 108 130 543 317 352 17 963 578 642 304 351 -1 447 864 234 338 822 222 211 5 337 30 142 901 597 77 998 545 193 171 738 68 646 777 391 166 -1 132 565 901 989 27 493 1 254 211 18 306 226 150 74 272 878 422 493 47 397 677 158 869 477 158 513 994 -1 545 704 358 324 888 209 493 106 714 449 347 490 482 560 392 122 617 92 469 103 127 323 718 781 989 750 194 99 200 33 426 299 760 868 394 -1 13 441 560 87 68 729 908 986 560 277 351 453 8 111 968 793 366 382 784 392 435 921 666 35 33 559 64 144 443 718 603 35 418 105 79 29 177 87 797 400 300 83 739 332 67 626 76 107 485 433 137 761 684 48 167 223 355 94 306 338 34 577 477 35 134 342 882 440 603 131 251 610 980 744 48 226 253 324 139 310 380 589 945 13 512 298 79 75 106 666 398 378 812 325 13 280 41 286 87 27 85 378 42 207 615 731 533 266 569 662 920 574 240 603 76 105 35 171 33 338 895 204 832 225 953 398 12 341 689 11 545 366 382 706 54 106 591 890 545 192 223 320 19 -1 824 43 49 379 223 226 940 710 936 864 789 147 936 526 148 817 548 352 269 46 272 125 447 536 240 125 124 850 752 578 106 534 186 727 482 987 868 856 170 205 317 493 1 844 953 640 734 45 595 731 804 868 442 216 284 198 659 45 344 987 126 148 266 714 196 114 312 546 23 378 58 541 565 250 729 319 307 506 397 458 366 127 190 888 1 257 784 79 760 506 392 291 385 193 257 731 945 304 517 214 453 784 434 486 142 184 823 476 131 946 436 830 189 347 220 556 704 351 410 100 400 663 257 918 381 -1 91 247 487 68 481 480 559 631 924 425 225 190 103 254 761 32 77 231 460 14 240 535 198 412 594 247 106 506 399 207 131 317 652 335 182 398 12 783 838 247 202 69 41 328 945 940 338 416 40 324 363 306 490 153 316 754 151 120 240 784 347 228 36 463 444 231 -1 363 189 310 265 995 195 347 512 403 593 220 661 370 253 45 416 665 582 261 963 54 332 447 288 370 630 338 342 263 994 352 317 549 666 88 425 207 945 36 589 659 -1 436 684 908 364 2 683 379 704 43 410 391 371 488 405 22 56 170 127 171 636 448 189 947 727 34 -1 62 518 117 131 223 665 479 742 774 358 706 228 178 140 569 81 166 117 30 666 68 468 347 303 68 522 202 81 422 22 75 385 288 714 726 2 416 160 126 342 8 15 92 223 231 13 19 525 398 522 148 929 328 708 506 77 998 818 276 -1 665 19 -1 52 437 339 605 338 313 560 443 989 30 856 467 777 113 226 -1 231 497 804 425 437 820 157 351 519 2 131 206 536 760 868 838 789 663 350 521 559 869 870 64 35 64 551 347 468 6 328 317 630 257 619 939 41 677 688 888 677 247 285 303 189 987 356 734 76 132 608 888 677 431 525 556 475 713 350 813 195 803 656 187 483 40 83 349 653 573 647 497 278 86 559 435 156 368 628 34 208 773 426 701 87 422 771 610 -1 15 761 771 536 228 704 18 560 416 22 494 760 573 68 33 665 856 878 893 309 341 246 198 813 701 253 605 398 493 328 732 556 467 677 57 453 763 529 819 425 380 -1 525 17 725 553 112 19 918 115 194 876 868 777 514 552 66 320 731 13 231 34 477 2 11 479 22 232 817 417 198 893 127 323 157 437 913 386 232 303 85 106 -1 808 276 865 650 647 692 228 278 804 5 205 412 490 440 8 650 247 448 119 660 626 557 345 536 370 945 514 64 449 801 714 838 79 963 577 29 986 68 772 898 533 263 734 -1 824 -1 608 252 232 351 880 1 300 132 963 342 355 647 683 251 56 813 491 980 299 120 546 431 152 34 560 733 972 
994 132 431 557 734 214 100 777 491 963 34 483 144 458 312 258 -1 6 926 14 947 650 280 60 33 15 332 519 446 391 436 317 517 870 170 166 90 347 378 842 286 190 266 316 946 831 862 128 889 861 621 -1 -1 838 110 -1 690 414 735 784 121 8 172 477 291 551 589 993 350 766 621 533 615 41 270 221 25 821 490 410 355 611 66 160 41 219 276 204 51 181 403 915 123 621 92 940 65 111 659 489 521 425 66 187 355 473 94 885 882 137 881 269 970 408 688 596 64 179 683 36 564 206 140 152 468 97 612 126 -1 117 628 27 640 117 540 651 300 159 228 744 318 358 96 650 250 392 761 113 109 880 112 184 625 669 2 332 661 837 156 89 321 666 17 198 332 370 307 607 22 352 108 130 594 317 352 17 963 578 642 304 351 -1 447 864 234 338 822 222 211 5 337 30 142 901 597 77 998 545 193 171 285 68 646 777 391 166 -1 132 565 901 989 27 493 1 254 211 18 306 226 150 74 272 878 422 493 47 397 677 158 869 477 158 513 994 -1 545 704 358 324 888 209 493 106 714 449 347 490 482 560 392 122 617 92 469 103 127 323 718 781 989 750 194 99 200 33 426 299 760 868 394 -1 13 441 560 87 68 729 908 986 560 277 351 453 8 111 797 793 366 382 784 392 435 921 666 35 33 559 64 144 443 718 603 35 418 105 79 29 177 87 -1 400 300 83 739 332 67 626 76 107 485 433 137 761 684 48 167 223 355 94 306 338 34 577 477 35 134 342 882 440 603 131 251 610 980 744 48 226 253 324 139 310 380 589 945 13 512 298 79 75 106 666 398 378 812 325 13 280 41 286 87 27 85 378 42 207 615 731 533 266 569 662 920 574 240 603 76 105 35 171 33 338 895 204 832 225 953 398 12 341 689 11 545 366 382 706 54 106 591 890 545 192 223 320 19 -1 824 43 49 379 223 226 940 710 936 864 789 147 936 526 148 817 548 352 269 46 272 125 447 536 240 125 124 850 752 578 106 534 186 727 482 987 868 856 170 205 317 493 1 844 953 640 734 45 595 731 804 868 442 216 284 198 659 45 344 987 126 148 266 714 196 114 312 546 23 378 58 541 565 250 729 319 307 506 397 458 366 127 190 888 1 257 784 79 760 506 392 291 385 193 257 731 945 304 517 214 453 784 434 486 142 184 823 476 131 946 436 830 189 347 220 556 704 351 410 100 400 663 257 918 381 -1 91 247 172 68 481 480 559 631 924 425 225 190 103 254 761 32 77 231 460 14 240 535 198 412 594 247 106 506 399 207 131 317 652 335 182 398 12 783 838 247 202 69 41 328 945 940 338 416 40 324 363 306 490 153 316 754 151 120 240 784 347 228 36 463 444 231 -1 363 189 310 265 995 195 347 512 403 593 220 661 370 253 45 416 665 582 261 963 54 332 447 288 370 630 338 342 263 994 352 317 549 666 88 425 207 945 36 589 659 -1 436 684 908 364 2 683 379 704 43 410 391 371 488 405 22 56 170 127 171 636 448 189 947 865 34 -1 153 518 117 131 223 665 479 742 774 358 706 228 178 140 569 81 166 117 30 666 68 468 347 303 68 522 202 81 422 22 75 385 288 714 726 2 416 160 126 342 8 15 92 223 231 13 19 525 398 522 148 673 328 708 506 77 998 818 276 -1 665 19 565 52 437 339 605 338 313 560 443 989 30 856 467 777 113 226 -1 231 497 804 425 437 820 157 351 519 2 131 206 536 760 868 838 789 663 350 521 559 869 870 64 35 64 551 347 468 6 328 317 630 257 619 939 41 677 688 888 677 247 309 303 189 987 356 734 76 132 608 888 677 431 525 556 475 713 350 813 195 803 656 187 483 40 83 349 653 573 647 497 278 86 559 435 156 368 628 34 669 773 426 701 87 422 771 610 -1 15 761 771 536 228 704 18 560 416 22 494 760 573 68 33 665 856 878 893 797 341 246 198 813 701 253 605 398 493 328 732 556 467 677 57 453 763 529 819 425 380 -1 525 17 725 553 112 19 918 115 194 876 868 777 514 552 66 320 731 13 231 34 477 2 11 479 22 232 817 417 198 893 127 323 157 437 913 386 232 303 85 106 -1 808 276 727 650 647 692 228 278 804 5 205 412 490 440 8 650 247 448 119 660 626 557 345 536 370 945 514 64 449 801 714 838 79 963 577 29 986 68 772 898 533 263 734 -1 824 -1 608 252 232 351 880 1 300 132 963 342 355 647 683 251 56 813 491 980 299 120 546 431 152 34 560 733 972 
994 132 431 557 734 214 100 777 491 963 34 483 144 458 312 258 -1 6 926 14 947 650 280 60 33 15 332 519 446 391 436 317 517 870 170 166 90 347 378 842 286 190 373 316 946 831 862 128 889 861 621 -1 -1 838 110 -1 690 414 735 784 121 8 172 477 291 551 589 993 350 766 621 533 615 41 270 221 25 821 490 410 355 611 66 160 41 219 276 204 51 181 403 915 123 621 92 940 65 111 659 489 521 425 66 187 355 473 94 885 882 137 881 269 970 408 688 596 64 179 683 36 564 206 140 152 468 97 612 126 -1 117 628 27 640 117 540 651 300 159 228 744 318 358 96 650 250 392 761 113 109 880 112 184 625 669 2 332 661 837 156 89 321 666 17 198 332 370 307 607 22 352 108 130 594 317 352 17 963 578 642 304 351 -1 447 864 234 338 822 222 211 5 337 30 142 901 597 77 998 545 193 171 285 68 646 777 391 166 -1 132 565 901 989 27 493 1 254 211 18 306 226 150 74 272 878 422 493 47 397 677 158 869 477 158 513 994 -1 545 704 358 324 888 209 493 106 714 449 347 490 482 560 392 122 617 92 469 103 127 323 718 781 989 750 194 99 200 33 426 299 760 868 394 -1 13 441 560 87 68 729 908 986 560 277 351 453 8 111 797 793 366 382 784 392 435 921 666 35 33 559 64 144 443 718 603 35 418 105 79 29 177 87 -1 400 300 83 739 332 67 626 76 107 485 433 137 761 684 48 167 223 355 94 306 338 34 577 477 35 134 342 882 440 603 131 251 610 980 744 48 226 253 324 139 310 380 589 945 13 512 298 79 75 106 666 398 378 812 325 13 280 41 286 87 27 85 378 266 207 615 731 533 266 569 662 920 574 240 603 76 105 35 171 33 338 895 204 832 225 953 398 12 341 689 11 545 366 382 706 54 106 591 890 545 192 223 320 19 -1 824 43 49 379 223 226 940 710 936 864 789 147 936 526 148 817 548 352 269 46 272 125 447 536 240 125 124 850 752 578 106 534 186 727 482 987 868 856 170 205 317 493 1 844 953 640 734 45 595 731 804 868 442 216 284 198 659 45 344 987 126 148 266 714 196 114 312 546 23 378 58 541 565 250 729 319 307 506 397 458 366 127 190 888 1 257 784 79 760 506 392 291 385 193 257 731 945 304 517 214 453 784 434 486 142 184 823 476 131 946 436 830 189 347 220 556 704 351 410 100 400 663 257 918 381 -1 91 247 172 68 481 480 559 631 924 425 225 190 103 254 761 32 77 231 460 14 240 535 198 412 594 247 106 506 399 207 131 317 652 335 182 398 12 783 838 247 202 69 41 328 945 940 338 416 40 324 363 306 490 153 316 754 151 120 240 784 347 228 36 463 444 231 -1 363 189 310 265 995 195 347 512 403 593 220 661 370 253 45 416 665 582 261 963 54 332 447 288 370 630 338 342 263 994 352 317 549 666 88 425 207 945 36 589 659 -1 436 684 908 364 2 683 379 704 43 410 391 371 488 405 22 56 170 127 171 636 448 189 947 865 34 -1 153 518 117 131 223 665 479 742 774 358 706 228 178 140 569 81 166 117 30 666 68 468 347 303 68 522 202 81 422 22 75 385 288 714 726 2 416 160 126 342 8 15 92 223 231 13 19 525 398 522 148 673 328 708 506 77 998 818 276 -1 665 19 565 52 437 339 605 338 313 560 373 989 30 856 467 777 113 226 -1 231 497 804 425 437 820 157 351 519 2 131 206 536 760 868 838 789 663 350 521 559 869 870 64 35 64 551 347 468 6 328 317 630 257 619 939 41 677 688 888 677 247 309 303 189 987 356 734 76 132 608 888 677 431 525 556 475 713 350 813 195 803 656 187 483 40 83 349 653 573 647 497 278 86 559 435 156 368 628 34 669 773 426 701 87 422 771 610 -1 15 761 771 536 228 704 18 560 416 22 494 760 573 68 33 665 856 878 893 797 341 246 198 813 701 253 605 398 493 328 732 556 467 677 57 453 763 529 819 425 380 -1 525 17 725 553 112 19 918 115 194 876 868 777 514 552 66 320 731 13 231 34 477 2 11 479 22 232 817 417 198 893 127 323 157 437 913 386 232 303 85 106 -1 808 276 727 650 647 692 228 278 804 5 205 412 490 440 8 650 247 448 119 660 626 557 345 536 370 945 514 64 449 801 714 838 79 963 577 29 986 68 772 898 533 263 734 -1 824 -1 608 252 232 351 880 1 300 132 963 342 355 647 683 251 56 813 491 980 299 120 546 431 152 34 560 733 972 
994 132 431 557 734 214 100 777 491 963 34 483 144 458 312 258 984 6 926 14 947 650 280 60 33 15 332 519 446 391 436 317 517 870 170 166 90 347 378 842 820 190 373 316 946 831 862 128 889 861 621 -1 -1 838 110 -1 690 414 735 784 121 8 172 477 291 551 589 993 350 766 621 533 615 41 270 221 25 821 490 410 355 611 589 160 41 219 276 204 51 181 403 915 123 621 92 940 65 111 659 489 521 425 514 187 355 473 94 885 882 137 881 269 970 408 688 596 64 179 683 36 564 206 140 152 468 97 612 126 -1 117 628 27 640 117 540 651 300 159 228 744 318 358 96 650 250 392 761 113 109 880 112 184 625 669 2 332 661 837 156 89 321 666 17 198 332 370 307 607 22 966 108 130 594 317 169 17 963 578 642 304 351 -1 447 864 234 338 822 222 211 5 337 30 142 901 597 77 998 545 193 171 285 68 646 777 391 166 -1 132 565 901 989 27 493 1 254 211 18 306 226 150 74 272 878 422 493 47 397 677 158 869 477 158 513 994 -1 545 704 358 324 888 209 493 106 714 449 347 490 482 560 392 122 617 92 469 103 127 323 718 781 989 750 194 99 200 33 426 299 40 868 394 -1 13 441 560 87 68 729 908 986 560 277 351 453 8 111 797 40 366 382 784 392 435 921 666 35 33 559 64 144 443 718 603 35 418 105 79 29 177 87 -1 400 300 83 739 332 67 626 76 107 485 433 137 761 684 48 167 223 355 94 306 338 34 577 477 35 134 342 882 440 603 131 251 610 980 744 48 226 253 324 139 310 380 432 945 13 512 298 79 75 106 666 398 378 812 325 13 280 41 286 87 27 85 378 266 207 615 731 533 266 569 662 920 574 240 603 76 105 35 171 33 338 895 204 832 225 -1 398 12 341 689 11 545 366 382 706 54 106 591 890 545 192 223 320 19 -1 824 43 49 379 223 226 940 710 936 864 789 147 936 526 148 817 548 368 269 46 272 125 447 536 240 125 124 850 752 578 106 534 186 727 482 987 868 856 170 205 317 493 1 844 102 640 734 45 595 731 804 868 442 216 284 198 659 45 344 987 126 148 266 714 196 114 312 546 23 378 58 541 565 250 729 319 307 506 397 458 366 127 190 888 1 257 784 79 267 506 392 291 385 193 257 731 945 304 517 214 453 784 434 486 142 184 823 476 131 946 436 830 189 347 220 556 704 351 410 100 400 663 257 918 381 -1 91 247 172 68 481 480 559 631 924 425 225 190 103 254 761 32 77 231 460 14 240 535 198 412 594 247 106 506 399 207 131 317 652 335 182 398 12 783 838 247 202 69 41 328 945 940 338 416 647 324 363 306 490 153 316 754 151 120 240 784 347 228 36 463 444 231 -1 363 189 310 265 995 195 347 512 403 593 220 661 370 253 45 416 665 582 261 963 54 332 447 288 370 630 338 342 263 994 432 317 549 666 88 425 207 945 36 267 659 -1 436 684 908 364 2 683 379 704 43 410 391 371 488 405 22 56 170 127 171 636 448 189 947 865 34 -1 153 518 117 131 223 665 479 742 774 358 706 228 178 140 569 81 166 117 30 666 68 468 347 303 68 522 202 81 422 22 75 385 288 714 726 2 416 160 126 342 8 15 92 223 231 13 19 525 398 522 148 673 328 708 506 77 998 818 276 -1 665 19 565 52 437 339 605 338 313 560 373 989 30 856 467 777 113 226 -1 231 497 804 425 437 768 157 351 519 2 131 206 536 503 868 838 789 663 350 521 559 869 870 64 35 64 551 347 468 6 328 317 630 257 619 939 41 677 368 888 677 247 309 303 189 987 356 734 76 132 608 888 677 431 525 556 475 713 350 813 195 803 656 187 483 688 83 349 653 573 984 497 278 86 559 435 156 368 628 34 669 773 426 701 87 422 771 610 -1 15 761 771 536 228 704 18 560 416 22 494 768 573 68 33 665 856 878 893 797 341 246 198 813 701 253 605 398 493 328 732 556 467 677 57 453 763 529 819 425 380 -1 525 17 725 553 112 19 918 115 194 876 868 777 102 552 589 320 731 13 231 34 477 2 11 479 22 232 817 417 198 893 127 323 157 437 913 386 232 303 85 106 -1 808 276 727 650 589 692 228 278 804 5 205 412 490 440 8 650 247 448 119 660 626 557 345 536 370 945 102 64 449 801 714 838 79 963 577 29 986 68 772 214 533 263 734 -1 824 -1 608 252 232 351 880 1 300 132 963 342 355 647 683 251 56 813 491 980 299 120 546 431 152 34 560 733 972 
994 132 431 557 734 214 100 777 491 963 34 483 144 458 312 258 984 6 926 14 947 650 280 60 33 15 332 519 446 391 436 786 517 870 170 166 90 347 378 842 820 190 373 316 946 831 862 128 889 861 621 -1 -1 838 110 -1 690 414 735 784 121 8 172 477 291 551 589 993 350 766 621 533 615 41 270 221 25 821 572 410 355 611 589 160 41 219 276 204 51 181 403 915 123 621 92 940 65 111 659 489 521 425 514 187 355 473 94 885 882 137 881 269 970 408 688 596 64 179 683 36 564 206 140 152 468 97 612 126 -1 117 628 27 640 117 540 651 300 159 228 744 318 358 96 650 250 392 761 113 109 880 112 184 625 669 2 332 661 837 156 89 321 666 17 198 332 370 307 607 22 966 108 130 594 13 169 17 963 578 642 304 351 -1 447 864 234 338 822 222 211 5 337 30 142 901 597 77 998 545 193 171 285 68 646 777 391 166 -1 132 565 901 989 27 493 1 254 211 18 306 226 150 74 272 878 422 493 47 397 677 158 869 477 158 513 994 -1 545 704 358 324 888 209 493 106 714 449 347 707 482 560 392 122 617 92 469 103 127 323 718 781 989 750 194 99 200 33 426 299 40 868 394 -1 13 441 560 87 68 729 908 986 560 277 351 453 8 111 797 40 366 382 784 392 435 921 666 35 33 559 64 144 443 718 603 35 418 105 79 29 177 87 -1 400 300 83 739 332 67 626 572 107 485 433 137 761 684 48 167 223 355 94 306 338 34 577 477 35 134 342 882 440 603 131 251 610 980 744 48 226 253 324 139 310 380 432 945 13 512 298 79 75 106 666 398 378 812 325 13 280 41 286 87 27 85 378 266 207 615 731 533 266 569 662 920 574 240 603 572 105 35 171 33 338 895 204 832 225 -1 398 12 341 689 11 545 366 382 706 54 106 591 890 545 192 223 320 19 -1 824 43 49 379 223 226 940 710 936 864 789 147 936 526 148 817 548 368 269 46 272 125 447 536 240 125 124 850 752 578 106 534 186 727 482 987 868 856 170 205 13 493 1 844 102 640 734 45 595 731 804 868 442 216 284 198 659 45 344 987 126 148 266 714 196 114 312 546 23 378 58 541 565 250 729 319 307 506 397 458 366 127 190 888 1 257 784 79 267 506 392 291 572 193 257 731 945 304 517 214 453 784 434 486 142 184 823 476 131 946 436 830 189 347 220 556 704 351 410 100 400 663 257 918 381 -1 91 247 172 68 481 480 559 631 924 425 225 190 103 254 761 32 77 231 460 14 240 535 198 412 594 247 106 506 399 207 131 76 652 335 182 398 12 783 838 247 202 69 41 328 945 940 338 416 647 324 363 306 490 153 316 754 151 120 240 784 347 228 36 463 444 231 -1 363 189 310 265 995 195 347 512 403 593 220 661 370 253 45 416 665 582 261 963 54 332 447 288 370 630 338 342 263 994 432 572 549 666 88 425 207 945 36 267 659 -1 436 684 908 364 2 683 379 704 43 410 391 371 488 405 22 56 170 127 171 636 448 189 947 727 34 -1 153 518 117 131 223 665 479 742 774 358 706 228 178 140 569 81 166 117 30 666 68 468 347 303 68 522 202 81 422 22 75 76 288 714 726 2 416 160 126 342 8 15 92 223 231 13 19 525 398 522 148 929 328 708 506 77 998 818 276 -1 665 19 565 52 437 339 605 338 313 560 373 989 30 856 467 777 113 226 -1 231 497 804 425 437 768 157 351 519 2 131 206 536 503 868 838 789 663 350 521 559 869 870 64 35 64 551 347 468 6 328 76 630 257 619 939 41 677 368 888 677 247 309 303 189 987 356 734 707 132 608 888 677 431 525 556 475 713 350 813 195 707 656 187 483 688 83 349 653 573 984 497 278 86 559 435 156 368 628 34 669 773 426 701 87 422 771 610 -1 15 761 771 536 228 704 18 560 416 22 494 768 573 68 33 665 856 878 893 797 341 707 198 813 701 253 605 398 493 328 732 556 467 677 57 453 763 529 819 425 380 -1 525 17 725 553 112 19 918 115 194 876 868 777 102 552 589 320 731 13 231 34 477 2 11 479 22 232 817 417 198 893 127 323 157 437 913 386 232 303 85 106 -1 808 276 490 650 589 692 228 278 804 5 205 412 490 440 8 650 247 448 119 660 626 557 345 536 370 945 102 64 449 801 714 838 79 963 577 29 986 68 772 214 533 263 734 -1 824 -1 608 252 232 351 880 1 300 132 963 342 355 647 683 251 56 813 491 980 299 120 546 431 152 34 560 733 972 
994 132 431 557 734 214 100 777 491 963 34 483 144 458 312 258 984 6 926 14 947 650 280 60 33 15 332 519 446 391 436 786 517 870 170 166 90 347 378 842 820 190 373 316 946 831 862 128 889 861 621 -1 -1 838 110 -1 690 414 735 784 121 8 172 477 291 551 589 993 350 766 621 533 615 41 270 221 25 821 572 410 355 611 589 160 41 219 276 204 51 181 403 915 123 621 92 940 65 111 659 489 521 425 514 187 355 473 94 885 882 137 881 269 970 408 688 596 64 179 683 36 564 206 140 152 468 97 612 126 -1 117 628 27 640 117 540 651 300 159 228 744 318 358 96 650 250 392 761 113 109 880 112 184 625 669 2 332 661 837 156 89 321 666 17 198 332 370 307 607 22 966 108 130 594 13 169 17 963 578 642 304 351 -1 447 864 234 338 822 222 211 5 337 30 142 901 597 77 998 545 193 171 285 68 646 777 391 166 -1 132 565 901 989 27 493 1 254 211 18 306 226 150 74 272 878 422 493 47 397 677 158 869 477 158 513 994 -1 545 704 358 324 888 209 493 106 714 449 347 707 482 560 392 122 617 92 469 103 127 323 718 781 989 750 194 99 200 33 426 299 40 868 394 -1 13 441 560 87 68 729 908 986 560 277 351 453 8 111 797 40 366 382 784 392 435 921 666 35 33 559 64 144 443 718 603 35 418 105 79 29 177 87 -1 400 300 83 739 332 67 626 572 107 485 433 137 761 684 48 167 223 355 94 306 338 34 577 477 35 134 342 882 440 603 131 251 610 980 744 48 226 253 324 139 310 380 432 945 13 512 298 79 75 106 666 398 378 812 325 13 280 41 286 87 27 85 378 266 207 615 731 533 266 569 662 920 574 240 603 572 105 35 171 33 338 895 204 832 225 -1 398 12 341 689 11 545 366 382 706 54 106 591 890 545 192 223 320 19 -1 824 43 49 379 223 226 940 710 936 864 789 147 936 526 148 912 548 368 269 46 272 125 447 536 240 125 124 850 752 578 106 534 186 727 482 987 868 856 170 205 13 493 1 844 102 640 734 45 595 731 804 868 442 216 284 198 659 45 344 987 126 148 266 714 196 114 312 546 23 378 58 541 565 250 729 319 307 506 397 458 366 127 190 888 1 257 784 79 267 506 392 291 572 193 257 731 945 304 517 214 453 784 434 486 142 184 823 476 131 946 436 830 189 347 220 556 704 351 410 100 400 663 257 918 381 -1 91 247 172 68 481 480 559 631 924 425 225 190 103 254 761 32 77 231 460 14 240 535 198 412 594 247 106 506 399 207 131 76 652 335 182 398 12 783 838 247 202 69 41 328 945 940 338 416 647 324 363 306 490 153 316 754 151 120 240 784 347 228 36 463 444 231 -1 363 189 310 265 995 195 347 512 403 593 220 661 370 253 45 416 665 582 261 963 54 332 447 288 370 630 338 342 263 994 432 572 549 666 88 425 207 945 36 267 659 -1 436 684 908 364 2 683 379 704 43 410 391 371 488 405 22 56 170 127 171 636 448 189 947 727 34 -1 153 518 117 131 223 665 479 742 774 358 706 228 178 140 569 81 166 117 30 666 68 468 347 303 68 522 202 81 422 22 75 76 288 714 726 2 416 160 126 342 8 15 92 223 231 13 19 525 398 522 148 929 328 708 506 77 998 818 276 -1 665 19 565 52 437 339 605 338 313 560 373 989 30 856 467 777 113 226 -1 231 497 804 425 437 768 157 351 519 2 131 206 536 503 868 838 789 663 350 521 559 869 870 64 35 64 551 347 468 6 328 76 630 257 619 939 41 677 368 888 677 247 309 303 189 987 356 734 707 132 608 888 677 431 525 556 475 713 350 813 195 707 912 187 483 688 83 349 653 573 984 497 278 86 559 435 156 368 628 34 669 773 426 701 87 422 771 610 -1 15 761 771 536 228 704 18 560 416 22 494 768 573 68 33 665 856 878 893 797 341 707 198 813 701 253 605 398 493 328 732 556 467 677 57 453 763 529 819 425 380 -1 525 17 725 553 112 19 918 115 194 876 868 777 102 552 589 320 731 13 231 34 477 2 11 479 22 232 656 417 198 893 127 323 157 437 913 386 232 303 85 106 -1 808 276 490 650 589 692 228 278 804 5 205 412 490 440 8 650 247 448 119 660 626 557 345 536 370 945 102 64 449 801 714 838 79 963 577 29 986 68 772 214 533 263 734 -1 824 -1 608 252 232 351 880 1 300 132 963 342 355 647 683 251 56 813 491 980 299 120 546 431 152 34 560 733 972 
994 132 431 557 734 214 100 777 491 963 34 483 144 458 312 258 984 6 926 14 947 650 280 60 33 15 332 519 446 391 436 786 517 870 170 166 90 347 378 842 820 190 373 316 946 831 862 128 889 861 621 -1 -1 838 110 -1 690 414 735 784 121 8 172 477 291 551 589 993 350 766 621 533 615 41 270 221 25 821 572 410 355 611 589 160 41 219 276 204 51 181 403 915 123 621 92 940 65 111 659 489 521 425 514 187 355 473 94 885 882 137 881 269 970 408 688 596 64 179 683 36 564 206 140 152 468 97 612 126 -1 117 628 27 640 117 540 651 300 159 228 744 318 358 96 650 250 392 761 113 109 880 112 184 625 669 2 332 661 837 156 89 321 666 17 198 332 370 307 607 22 966 108 130 594 13 169 17 963 578 642 304 351 -1 447 864 234 338 822 222 211 5 337 30 142 901 894 77 998 545 193 171 285 68 646 777 391 166 -1 132 565 901 989 27 493 1 254 211 18 306 226 150 74 272 878 422 493 47 397 677 158 869 477 158 513 994 -1 545 704 358 324 888 209 493 106 811 449 347 707 482 560 392 122 617 92 469 103 127 323 718 781 989 750 194 99 200 33 426 299 40 868 394 -1 13 441 560 87 68 729 908 986 560 277 351 453 8 111 797 40 366 382 784 392 435 921 666 35 33 559 64 144 443 718 603 35 418 105 79 29 177 87 -1 400 300 83 739 332 67 626 572 107 485 433 137 761 684 48 167 223 355 94 306 338 34 577 477 35 134 342 882 440 603 131 251 610 980 744 48 226 253 324 139 310 380 432 945 13 512 298 79 75 106 666 398 378 812 325 13 280 41 286 87 27 85 378 266 207 615 731 533 266 569 662 920 574 240 603 572 105 35 171 33 338 895 204 832 225 -1 398 12 341 689 11 545 366 382 706 54 106 591 890 545 192 223 320 19 -1 824 43 49 379 223 226 940 710 936 864 789 147 936 526 148 912 548 368 269 46 272 125 447 536 240 125 124 850 752 578 106 534 186 727 482 987 868 856 170 205 13 493 1 844 102 640 734 45 595 731 804 868 442 216 284 198 659 45 344 987 811 148 266 202 196 114 312 546 23 378 58 541 565 250 729 319 307 506 397 458 366 127 190 888 1 257 784 79 267 506 392 291 572 193 257 731 945 304 517 214 453 784 434 486 142 184 823 476 131 946 436 830 189 347 220 556 704 351 410 100 400 663 257 918 381 -1 91 247 172 68 481 480 559 631 924 425 225 190 103 254 761 32 77 231 460 14 240 535 198 412 594 247 106 506 399 207 131 76 652 335 182 398 12 783 838 247 202 69 41 328 945 940 338 416 647 324 363 306 490 153 316 754 194 120 240 784 347 228 36 463 444 231 -1 363 189 310 265 995 195 347 512 403 593 220 661 370 253 45 416 665 582 261 963 54 332 447 288 370 630 338 342 263 994 432 572 549 666 88 425 207 945 36 267 659 811 436 684 908 364 2 683 379 704 43 410 391 371 488 405 22 56 170 127 171 636 448 189 947 727 34 -1 153 518 117 131 223 665 479 742 774 358 706 228 178 140 569 81 166 117 30 666 68 468 347 303 68 522 202 81 422 22 75 76 288 301 726 2 416 160 811 342 8 15 92 223 231 13 19 525 398 522 148 929 328 708 506 77 998 818 276 -1 665 19 565 52 437 339 605 338 313 560 373 989 30 856 467 777 113 226 -1 231 497 804 425 437 503 157 351 519 2 131 206 536 760 868 838 789 663 350 521 559 869 870 64 35 64 551 347 468 6 328 76 630 257 619 939 41 677 368 888 677 247 309 303 189 987 356 734 707 132 608 888 677 431 525 556 126 713 350 813 195 707 912 187 483 688 83 349 653 573 984 497 278 86 559 435 156 368 628 34 669 773 426 701 87 422 771 610 -1 15 761 771 536 228 704 18 560 416 22 494 760 573 68 33 665 856 878 893 797 341 707 198 813 701 253 605 398 493 328 732 556 467 677 57 453 763 529 819 425 380 -1 525 17 725 553 112 19 918 115 151 876 868 777 102 552 589 320 731 13 231 34 477 2 11 479 22 232 656 417 198 893 127 323 157 437 913 386 232 303 85 106 -1 808 276 490 650 589 692 228 278 804 5 205 412 490 440 8 650 247 448 119 660 626 557 345 536 370 945 102 64 449 801 301 838 79 963 577 29 986 68 772 214 533 263 734 -1 824 -1 608 252 232 351 880 1 300 132 963 342 355 647 683 251 56 813 491 980 299 120 546 431 152 34 560 733 972 
994 132 431 557 734 214 100 777 491 963 34 483 144 458 312 258 984 6 926 14 947 650 280 60 33 15 332 519 446 391 436 786 517 870 170 166 90 347 378 842 820 190 373 316 946 831 862 128 889 861 621 -1 -1 838 110 -1 690 414 735 784 121 8 172 477 291 551 589 993 350 766 621 533 615 41 270 221 25 821 572 410 355 611 589 160 41 219 276 204 51 181 403 915 123 621 92 940 65 111 659 489 521 425 514 187 355 473 94 885 882 137 881 269 970 408 688 596 64 179 683 36 564 206 140 152 468 97 612 126 -1 117 628 27 640 117 540 651 300 159 228 744 318 358 96 650 250 392 761 113 109 880 112 184 625 669 2 332 661 837 156 89 321 666 17 198 332 370 307 607 22 966 108 130 594 13 169 17 963 578 642 304 351 -1 447 864 234 338 822 222 211 5 337 30 142 901 894 77 998 545 193 171 285 68 646 777 391 166 -1 132 565 901 989 27 493 1 254 211 18 306 226 150 74 272 878 422 493 47 397 677 158 869 477 158 513 994 -1 545 704 358 324 888 209 493 106 811 449 347 490 482 560 392 122 617 92 469 103 127 323 718 781 989 750 194 99 200 33 426 299 40 868 394 -1 13 441 560 87 68 729 908 986 560 277 351 453 8 111 797 40 366 382 784 392 435 921 666 35 33 559 64 144 443 718 603 35 418 105 79 29 177 87 -1 400 300 83 739 332 67 626 572 107 485 433 137 761 684 48 167 223 355 94 306 338 34 577 477 35 134 342 882 440 603 131 251 610 980 744 48 226 253 324 139 310 380 432 945 13 512 298 79 75 106 666 398 378 812 325 13 280 41 286 87 27 85 378 266 207 615 731 533 266 569 662 920 574 240 603 572 105 35 171 33 338 895 204 832 225 -1 398 12 341 689 11 545 366 382 706 54 106 591 890 545 192 223 320 19 -1 824 43 49 379 223 226 940 710 936 864 789 147 936 526 148 912 548 368 269 46 272 125 447 536 240 125 124 850 752 578 106 534 186 727 482 987 868 856 170 205 13 493 1 844 102 640 734 45 595 731 804 868 442 216 284 198 659 45 344 987 811 148 266 202 196 114 312 546 23 378 58 541 565 250 729 319 307 506 397 458 366 127 190 888 1 257 784 79 267 506 392 291 572 193 257 731 945 304 517 214 453 784 434 486 142 184 823 476 131 946 436 830 189 347 220 556 704 351 410 100 400 663 257 918 381 -1 91 247 172 68 481 480 559 631 924 425 225 190 103 254 761 32 77 231 460 14 240 535 198 412 594 247 106 506 399 207 131 76 652 335 182 398 12 783 838 247 202 69 41 328 945 940 338 416 647 324 363 306 490 153 316 754 194 120 240 784 347 228 36 463 444 231 -1 363 189 310 265 995 195 347 512 403 593 220 661 370 253 45 416 665 582 261 963 54 332 447 288 370 630 338 342 263 994 432 572 549 666 88 425 207 945 36 267 659 811 436 684 908 364 2 683 379 704 43 410 391 371 488 405 22 56 170 127 171 636 448 189 947 865 34 -1 153 518 117 131 223 665 479 742 774 358 706 228 178 140 569 81 166 117 30 666 68 468 347 303 68 522 202 81 422 22 75 803 288 301 726 2 416 160 811 342 8 15 92 223 231 13 19 525 398 522 148 673 328 708 506 77 998 818 276 -1 665 19 565 52 437 339 605 338 313 560 373 989 30 856 467 777 113 226 -1 231 497 804 425 437 503 157 351 519 2 131 206 536 760 868 838 789 663 350 521 559 869 870 64 35 64 551 347 468 6 328 76 630 257 619 939 41 677 368 888 677 247 309 303 189 987 356 734 76 132 608 888 677 431 525 556 126 713 350 813 195 803 912 187 483 688 83 349 653 573 984 497 278 86 559 435 156 368 628 34 669 773 426 701 87 422 771 610 -1 15 761 771 536 228 704 18 560 416 22 494 760 573 68 33 665 856 878 893 797 341 246 198 813 701 253 605 398 493 328 732 556 467 677 57 453 763 529 819 425 380 -1 525 17 725 553 112 19 918 115 151 876 868 777 102 552 589 320 731 13 231 34 477 2 11 479 22 232 656 417 198 893 127 323 157 437 913 386 232 303 85 106 -1 808 276 727 650 589 692 228 278 804 5 205 412 490 440 8 650 247 448 119 660 626 557 345 536 370 945 102 64 449 801 301 838 79 963 577 29 986 68 772 214 533 263 734 -1 824 -1 608 252 232 351 880 1 300 132 963 342 355 647 683 251 56 813 491 980 299 120 546 431 152 34 560 733 972 
994 132 431 557 734 214 100 777 491 963 34 483 144 458 312 258 984 6 926 14 947 650 280 60 33 15 332 519 446 391 436 786 517 870 170 166 90 347 378 842 820 190 373 316 946 831 862 128 889 861 621 -1 -1 838 110 -1 690 414 735 784 121 8 172 477 291 551 589 993 350 766 621 533 615 41 270 221 25 821 572 410 355 611 589 160 41 219 276 204 51 181 403 915 123 621 92 940 65 111 659 489 521 425 514 187 355 473 94 885 882 137 881 269 970 408 688 596 64 179 683 36 564 206 140 152 468 97 612 126 -1 117 628 27 640 117 540 651 300 159 228 744 318 358 96 650 250 392 761 113 109 880 112 184 625 669 2 332 661 837 156 89 321 666 17 198 332 370 307 607 22 966 108 130 594 13 169 17 963 578 642 304 351 -1 447 864 234 338 822 222 211 5 337 30 142 901 894 77 998 545 193 171 285 68 646 777 391 166 -1 570 565 901 989 27 493 1 254 211 18 306 226 150 74 272 878 422 493 47 397 677 158 869 477 158 513 994 -1 545 704 358 324 888 209 493 106 811 449 347 490 482 560 392 122 617 92 469 103 127 323 718 781 989 750 194 99 200 33 426 299 40 868 394 -1 13 441 560 87 68 729 908 986 560 277 351 453 8 111 797 40 366 382 784 392 435 921 666 35 33 559 64 144 443 718 603 35 418 105 79 29 177 87 -1 400 300 83 739 332 67 626 572 107 485 433 137 761 684 48 167 223 355 94 306 338 34 577 477 35 134 342 882 440 603 131 251 610 980 744 48 226 253 324 139 310 380 432 945 13 512 298 79 75 106 666 398 378 812 325 13 280 41 286 87 27 85 378 266 570 615 731 533 266 569 662 920 574 240 603 572 105 35 171 33 338 895 204 832 225 -1 398 12 341 689 11 545 366 382 706 54 106 591 890 545 192 223 320 19 -1 824 43 49 379 223 226 940 710 936 864 789 147 936 526 148 912 548 368 269 46 272 125 447 536 240 125 124 850 752 578 106 534 186 727 482 987 868 856 170 205 13 493 1 844 102 640 734 45 595 731 804 868 442 216 284 198 659 45 344 987 811 148 266 202 196 114 312 546 23 378 58 541 565 250 729 319 307 506 397 458 366 127 190 888 1 257 784 79 267 506 392 291 572 193 257 731 945 304 517 214 453 784 434 486 142 184 823 476 131 946 436 830 189 347 220 556 704 351 410 100 400 663 257 918 381 -1 91 247 172 68 481 480 559 631 924 425 225 190 103 254 761 32 77 231 460 14 240 535 198 412 594 247 106 506 399 460 131 76 652 335 182 398 12 783 838 247 202 69 41 328 945 940 338 416 647 324 363 306 490 153 316 754 194 120 240 784 347 228 36 463 444 231 -1 363 189 310 265 995 195 347 512 403 593 220 661 370 253 45 416 665 582 261 963 54 332 447 288 370 630 338 342 263 994 432 572 549 666 88 425 81 945 36 267 659 811 436 684 908 364 2 683 379 704 43 410 391 371 488 405 22 56 170 127 171 636 448 189 947 865 34 -1 153 518 117 131 223 665 479 742 774 358 706 228 178 140 569 81 166 117 30 666 68 468 347 303 68 522 202 81 422 22 75 803 288 301 726 2 416 160 811 342 8 15 92 223 231 13 19 525 398 522 148 673 328 708 506 77 998 818 276 -1 665 19 565 52 437 339 605 338 313 560 373 989 30 856 467 777 113 226 -1 231 497 804 425 437 503 157 351 519 2 131 206 536 760 868 838 789 663 350 521 559 869 870 64 35 64 551 347 468 6 328 76 630 257 619 939 41 677 368 888 677 247 309 303 189 987 356 734 76 132 608 888 677 431 525 556 126 713 350 813 195 803 912 187 483 688 83 349 653 573 984 497 278 86 559 435 156 368 628 34 669 773 426 701 87 422 771 610 -1 15 761 771 536 228 704 18 560 416 22 494 760 573 68 33 665 856 878 893 797 341 246 198 813 701 253 605 398 493 328 732 556 467 677 57 453 763 529 819 425 380 -1 525 17 725 553 112 19 918 115 151 876 868 777 102 552 589 320 731 13 231 34 477 2 11 479 22 232 656 417 198 893 127 323 157 437 913 386 232 303 85 106 -1 808 276 727 650 589 692 228 278 804 5 205 412 490 440 8 650 247 448 119 660 626 557 345 536 370 945 102 64 449 801 301 838 79 963 577 29 986 68 772 214 533 263 734 -1 824 -1 608 252 232 351 880 1 300 132 963 342 355 647 683 251 56 813 491 980 299 120 546 431 152 34 560 733 972 
994 132 431 557 734 214 100 777 491 963 34 483 144 458 312 258 984 6 926 14 947 650 280 60 33 15 332 519 446 391 436 786 517 870 170 166 90 347 378 842 820 190 373 316 946 831 862 128 889 861 621 -1 -1 838 110 -1 690 414 735 784 121 8 172 477 291 551 589 993 350 766 621 533 615 41 270 221 25 821 572 410 355 611 589 160 41 219 276 204 51 181 403 915 123 621 92 940 65 111 659 489 521 425 514 187 355 473 94 885 882 137 881 269 970 408 688 596 64 179 683 36 564 206 140 152 468 97 612 126 -1 117 628 27 640 117 540 651 300 159 228 744 318 358 96 650 250 392 761 113 109 880 112 184 625 669 2 332 661 837 156 89 321 666 17 198 332 370 307 607 22 966 108 130 594 13 169 17 963 578 642 304 351 -1 447 864 234 338 822 222 211 5 337 30 142 901 894 77 998 545 193 171 285 68 646 777 391 166 -1 570 565 901 989 27 493 1 254 211 18 306 226 150 74 272 878 422 493 47 397 677 158 869 477 158 911 994 -1 545 704 358 324 888 209 493 106 811 449 347 490 482 560 392 122 617 92 469 103 127 323 718 781 989 750 194 99 200 33 426 299 40 868 394 -1 13 441 560 87 68 729 908 986 560 277 351 453 8 111 797 40 366 382 784 392 435 921 666 35 33 559 64 144 443 718 603 35 418 105 79 29 177 87 -1 400 300 83 739 332 67 626 572 107 485 433 137 761 684 48 167 223 355 94 306 338 34 577 477 35 134 342 882 440 603 131 251 610 980 744 48 226 253 324 139 310 380 432 945 13 512 298 79 75 106 666 398 378 812 325 13 280 41 286 87 27 85 378 266 570 615 731 533 266 569 662 920 574 240 603 572 105 35 171 33 338 895 204 832 225 -1 398 12 341 689 11 545 366 382 706 54 106 591 890 545 192 223 320 19 -1 824 43 49 379 223 226 940 710 936 864 789 147 936 526 148 912 548 368 269 46 272 125 447 536 240 125 124 850 752 578 106 534 186 727 482 987 868 856 170 205 13 493 1 844 102 640 734 45 595 731 804 868 442 216 284 198 659 45 344 987 811 148 266 202 196 114 312 546 23 378 58 541 565 250 729 319 307 506 397 458 366 127 190 888 1 257 784 79 267 506 392 291 572 193 257 731 945 304 517 214 453 784 434 486 142 184 823 476 131 946 436 830 189 347 220 556 704 351 410 100 400 663 257 918 381 -1 91 247 172 68 481 480 559 631 924 425 225 190 103 254 761 32 77 231 460 14 240 535 198 412 594 247 106 506 399 460 131 76 652 335 182 398 12 783 838 247 202 69 41 328 945 940 338 416 647 324 363 306 490 153 316 754 194 120 240 784 347 228 36 463 444 231 -1 363 189 310 265 995 195 347 512 403 593 220 661 370 253 45 416 665 582 261 963 54 332 447 288 370 630 338 342 263 994 432 572 549 666 88 425 81 945 36 267 659 811 436 684 908 364 2 683 379 704 43 410 391 371 488 405 22 56 170 127 171 636 448 189 947 865 34 -1 153 518 117 131 223 665 479 742 774 358 706 228 178 140 569 81 166 117 30 666 68 468 347 303 68 522 202 81 422 22 75 803 288 301 726 2 416 160 811 342 8 15 92 223 231 13 19 525 398 522 148 673 328 708 506 77 998 818 276 -1 665 19 565 52 437 339 605 338 313 560 373 989 30 856 467 777 113 226 -1 231 497 804 425 437 503 157 351 519 2 131 206 536 760 868 838 789 663 350 521 559 869 870 64 35 64 551 347 468 6 328 76 630 257 619 939 41 677 368 888 677 247 309 303 189 987 356 734 76 132 608 888 677 431 525 556 126 713 350 813 195 803 912 187 483 688 83 349 653 573 984 497 278 86 559 435 156 368 628 34 669 773 426 701 87 422 771 610 -1 15 761 771 536 228 704 18 560 416 22 494 760 573 68 33 665 856 878 893 797 341 246 198 813 701 253 605 398 493 328 732 556 467 677 57 453 763 529 819 425 380 -1 525 17 725 553 112 19 918 115 151 876 868 777 102 552 589 320 731 13 231 34 477 2 11 479 22 513 656 417 198 893 127 323 157 437 913 386 513 303 85 106 -1 808 276 727 650 589 692 228 278 804 5 205 412 490 440 8 650 247 448 119 660 626 557 345 536 370 945 102 64 449 801 301 838 79 963 577 29 986 68 772 214 533 263 734 -1 824 -1 608 252 922 351 880 1 300 132 963 342 355 647 683 251 56 813 491 980 299 120 546 431 152 34 560 733 972 
994 132 431 557 734 214 100 777 491 963 34 483 144 458 312 258 984 6 926 14 947 650 280 60 33 15 332 519 446 391 436 786 517 870 170 166 90 347 378 842 820 190 373 316 946 831 862 128 889 861 621 -1 -1 838 110 -1 690 414 735 784 121 8 153 477 291 551 589 993 350 766 621 533 615 41 270 221 25 821 572 410 355 611 589 160 41 219 276 204 51 181 403 915 123 621 92 940 65 111 659 489 521 425 514 187 355 473 94 885 882 137 881 269 970 408 688 596 64 179 683 36 564 206 140 152 468 97 612 126 -1 117 628 27 640 117 540 651 300 159 228 744 318 358 96 650 250 392 761 113 109 880 112 184 625 669 2 332 661 837 156 89 321 666 17 198 332 370 307 607 22 966 108 130 543 13 169 17 963 578 642 304 351 -1 447 864 234 338 822 222 211 5 337 30 142 901 894 77 998 545 193 171 285 68 646 777 391 166 -1 570 738 901 989 27 493 1 254 211 18 306 226 150 74 272 878 422 493 47 397 677 158 869 477 158 911 994 -1 545 704 358 324 888 209 493 106 811 449 347 490 482 560 392 122 617 92 469 103 127 323 718 781 989 750 194 99 200 33 426 299 40 868 394 -1 13 441 560 87 68 729 908 986 560 277 351 453 8 111 797 40 366 382 784 392 435 921 666 35 33 559 64 144 443 718 603 35 418 105 79 29 177 87 -1 400 300 83 739 332 67 626 572 107 485 433 137 761 684 48 167 223 355 94 306 338 34 577 477 35 134 342 882 440 603 131 251 610 980 744 48 226 253 324 139 310 380 432 945 13 512 298 79 75 106 666 398 378 812 325 13 280 41 286 87 27 85 378 266 570 615 731 533 266 569 662 920 574 240 603 572 105 35 171 33 338 895 204 832 225 -1 398 12 341 689 11 545 366 382 706 54 106 591 890 545 192 223 320 19 -1 824 43 49 379 223 226 940 710 936 864 789 147 936 526 148 912 548 368 269 46 272 125 447 536 240 125 124 850 752 578 106 534 186 727 482 987 868 856 170 205 13 493 1 844 102 640 734 45 595 731 804 868 442 216 284 198 659 45 344 987 811 148 266 202 682 114 312 546 23 378 58 541 565 250 729 319 307 506 397 458 366 127 190 888 1 257 784 79 267 506 392 291 572 193 257 731 945 304 517 214 453 784 434 486 142 184 823 476 131 946 436 830 189 347 220 556 704 351 410 100 400 663 257 918 381 -1 91 247 487 68 481 480 559 631 924 425 225 190 103 254 761 32 77 231 460 14 240 535 198 412 208 247 106 506 399 460 131 76 652 335 182 398 12 783 838 247 202 69 41 328 945 940 338 416 647 324 363 306 490 153 316 754 194 120 240 784 347 228 36 463 444 231 -1 363 189 310 265 995 195 347 512 403 593 220 661 370 253 45 416 665 582 261 963 54 332 447 288 370 630 338 342 669 994 432 572 549 666 88 425 81 945 36 267 659 811 436 684 908 364 2 683 379 704 43 410 391 371 488 405 22 56 170 127 171 565 448 189 947 865 34 -1 153 518 117 131 223 665 196 742 774 358 706 228 178 140 569 81 166 117 30 666 68 468 347 303 68 522 202 81 422 22 75 803 288 301 726 2 416 160 811 342 8 15 92 223 231 13 19 525 398 522 148 673 328 708 506 77 998 818 276 -1 665 19 263 52 437 339 605 338 313 560 373 989 30 856 467 777 113 226 -1 231 497 804 425 437 503 157 351 519 2 131 206 536 760 868 838 789 663 350 521 559 869 870 64 35 64 551 347 468 6 328 76 630 257 619 939 41 677 368 888 677 247 309 303 189 987 356 734 76 132 608 888 677 431 525 556 126 713 350 813 195 803 912 187 483 688 83 349 653 573 984 497 278 86 559 435 156 368 628 34 636 773 426 701 87 422 771 610 -1 15 761 771 536 228 704 18 560 416 22 494 760 573 68 33 665 856 878 893 797 341 246 198 813 701 253 605 398 493 328 732 556 467 677 57 453 763 529 819 425 380 -1 525 17 725 553 112 19 918 115 151 876 868 777 102 552 589 320 731 13 231 34 477 2 11 682 22 513 656 417 198 893 127 323 157 437 913 386 513 303 85 106 -1 808 276 727 650 589 692 228 278 804 5 205 412 490 440 8 650 247 448 119 660 626 557 345 536 370 945 102 64 449 801 301 838 79 963 577 29 986 68 772 214 533 263 734 -1 824 -1 608 252 922 351 880 1 300 132 963 342 355 647 683 251 56 813 491 980 299 120 546 431 152 34 560 733 972 
994 132 431 557 734 214 100 777 491 963 34 483 144 458 312 258 984 6 926 14 947 650 280 60 33 15 332 519 446 391 436 786 517 870 170 166 90 347 378 842 820 190 373 316 946 831 862 128 889 861 621 -1 -1 838 110 -1 690 414 735 784 121 8 153 477 291 551 589 993 350 766 621 533 615 41 270 221 25 821 572 410 355 611 589 160 41 219 276 204 51 181 403 915 123 621 92 940 65 111 659 489 521 425 514 187 355 473 94 885 882 137 881 269 970 408 688 596 64 179 683 36 564 206 140 152 468 97 612 126 -1 117 628 27 640 117 540 651 300 159 228 744 318 358 96 650 250 392 761 113 109 880 112 184 625 669 2 332 661 837 156 89 321 666 17 198 332 370 307 607 22 966 108 130 543 13 169 17 963 578 642 304 351 -1 447 864 234 338 822 222 211 5 337 30 142 901 894 77 998 545 193 171 285 68 646 777 391 166 -1 570 738 901 989 27 493 1 254 211 18 306 226 150 74 272 878 422 493 47 397 677 158 869 477 158 911 994 -1 545 704 358 324 888 209 493 106 811 449 347 490 482 560 392 122 617 92 469 103 127 323 718 781 989 750 194 99 200 33 426 299 40 868 394 -1 13 441 560 87 68 729 908 986 560 277 351 453 8 111 797 40 366 382 784 392 435 921 666 35 33 559 64 144 443 718 603 35 418 105 79 29 177 87 -1 400 300 83 739 332 67 626 572 107 485 433 137 761 684 48 167 223 355 94 306 338 34 577 477 35 134 342 882 440 603 131 251 610 980 744 48 226 253 324 139 310 380 432 945 13 512 298 79 75 106 666 398 378 812 325 13 280 41 286 87 27 85 378 266 570 615 731 533 266 569 662 920 574 240 603 572 105 932 171 33 338 895 204 832 225 -1 398 12 341 689 11 545 366 382 706 54 106 591 890 545 192 223 320 19 -1 824 43 49 379 223 226 940 710 936 864 789 147 936 526 148 912 548 368 269 46 272 125 447 536 240 125 124 850 752 578 106 534 186 727 482 987 868 856 170 205 13 493 1 844 102 640 734 45 595 731 804 868 442 216 284 198 659 45 344 987 811 148 266 202 682 114 312 546 23 378 58 541 565 250 729 319 307 506 397 458 366 127 190 888 1 257 784 79 267 506 392 291 572 193 257 731 945 304 517 214 453 784 434 486 142 184 823 476 131 946 436 830 189 347 220 556 704 351 410 100 400 663 257 918 381 -1 91 67 487 68 481 480 559 631 924 425 225 190 103 254 761 32 77 231 460 14 240 535 198 412 208 247 106 506 399 460 131 76 652 335 182 398 12 783 838 247 202 69 41 328 945 940 338 416 647 324 363 306 490 153 316 754 194 120 240 784 347 228 36 463 444 231 -1 363 189 310 265 995 195 347 512 403 593 220 661 370 253 45 416 665 582 261 963 54 332 447 288 370 630 338 342 669 994 432 572 549 666 88 425 81 945 36 267 659 811 436 684 908 364 2 683 379 704 43 410 391 371 488 405 22 56 170 127 171 565 448 189 947 865 34 -1 153 518 117 131 223 665 196 742 774 358 706 228 178 140 569 81 932 117 30 666 68 468 347 303 68 522 202 81 422 22 75 803 288 301 726 2 416 160 811 342 8 15 92 223 231 13 19 525 398 522 148 673 328 708 506 77 998 818 276 -1 665 19 263 52 437 339 605 338 313 560 373 989 30 856 467 777 113 226 -1 231 497 804 425 437 503 157 351 519 2 131 206 536 760 868 838 789 663 350 521 559 869 870 64 35 64 551 347 468 6 328 76 630 257 619 939 41 677 368 888 677 247 309 303 189 987 356 734 76 132 608 888 677 431 525 556 126 713 350 813 195 803 912 187 483 688 83 349 653 573 984 497 278 86 559 435 156 368 628 34 636 773 426 701 87 422 771 610 -1 15 761 771 536 228 704 18 560 416 22 494 760 573 68 33 665 856 878 893 797 341 246 198 813 701 253 605 398 493 328 732 556 467 677 57 453 763 529 819 425 380 -1 525 17 725 553 112 19 918 115 151 876 868 777 102 552 589 320 731 13 231 34 477 2 11 682 22 513 656 417 198 893 127 323 157 437 913 386 513 303 85 106 -1 808 276 727 650 589 491 228 278 804 5 205 412 490 440 8 650 67 448 119 660 626 557 345 536 370 945 932 64 449 801 301 838 79 963 577 29 986 68 772 214 533 263 734 -1 824 -1 608 252 922 351 880 1 300 132 963 342 355 647 683 251 56 813 491 980 299 120 546 431 152 34 560 733 972 
994 132 431 557 734 214 100 777 491 963 34 483 144 458 312 258 984 6 926 14 947 650 280 60 33 15 332 519 446 391 436 786 517 870 170 166 90 347 378 988 820 190 373 316 946 831 862 128 889 861 621 -1 -1 838 110 -1 690 414 735 784 121 8 153 477 291 551 589 993 350 766 621 533 615 41 270 221 25 821 572 410 355 611 589 160 41 219 276 204 51 181 403 915 123 621 92 940 65 111 659 489 521 425 514 187 355 473 94 885 882 137 881 269 970 408 688 596 64 179 683 36 564 206 140 152 468 97 612 126 -1 117 628 27 640 117 540 651 300 159 228 744 318 358 96 650 250 392 761 113 109 880 112 184 625 669 2 332 661 837 156 89 321 666 17 198 332 370 307 607 22 966 108 130 543 13 169 17 963 578 642 304 351 -1 447 864 234 338 822 222 211 5 337 30 142 901 894 77 998 545 193 171 285 68 646 777 391 166 -1 570 738 901 989 27 493 1 254 211 18 306 226 150 74 272 878 422 493 47 397 677 158 869 477 158 911 994 -1 545 704 358 324 888 209 493 106 811 449 347 490 482 560 392 122 617 92 469 103 127 323 718 781 989 750 194 99 200 33 426 299 40 868 394 -1 13 441 560 87 68 729 908 986 560 277 351 453 8 111 797 40 366 382 784 392 435 921 666 35 33 559 64 144 443 718 603 35 418 105 79 29 177 87 -1 400 300 83 739 332 67 626 572 107 485 433 137 761 684 48 167 223 355 94 306 338 34 577 477 35 134 342 882 440 603 131 251 610 980 744 48 226 253 324 139 310 380 432 945 13 512 298 79 75 106 666 398 378 812 325 13 280 41 286 87 27 85 378 266 570 615 731 533 266 569 662 920 574 240 603 572 105 932 171 33 338 895 204 832 225 -1 398 12 341 689 11 545 366 382 706 54 106 591 890 545 192 223 320 19 -1 824 43 49 379 223 226 940 710 936 864 789 147 936 526 148 912 548 368 269 46 272 125 447 536 240 125 124 850 752 578 106 534 186 727 482 987 868 856 170 205 13 493 1 844 102 640 734 45 595 731 804 868 442 216 284 198 659 45 344 987 811 148 266 202 682 114 312 546 23 378 58 541 565 250 729 319 307 506 397 458 366 127 190 888 1 257 784 79 267 506 392 291 572 193 257 731 945 304 517 214 453 784 434 486 142 184 823 476 131 946 436 830 189 347 220 556 704 351 410 100 400 663 257 918 381 -1 91 67 487 68 481 480 559 631 924 425 225 190 103 254 761 32 77 231 460 14 240 535 198 412 208 247 106 506 399 460 131 76 652 335 182 398 12 783 838 247 202 69 41 328 945 940 338 416 647 324 363 306 490 153 316 754 194 120 240 784 347 228 36 463 444 231 -1 363 189 310 265 995 195 347 512 403 593 220 661 370 253 45 416 665 582 261 963 54 332 447 288 370 630 338 342 669 994 432 572 549 666 88 425 81 945 36 267 659 811 436 684 908 364 2 683 379 704 43 410 391 371 488 405 22 56 170 127 171 565 448 189 947 865 34 -1 153 518 117 131 223 665 196 742 774 358 706 228 178 140 569 81 932 117 30 666 68 468 347 303 68 522 202 81 422 22 75 803 288 301 726 2 416 160 811 342 8 15 92 223 231 13 19 525 398 522 148 673 328 708 506 77 998 818 276 -1 665 19 263 52 437 339 605 338 313 560 373 989 30 856 467 777 113 226 -1 231 497 804 425 437 503 157 351 519 2 131 206 536 760 868 838 789 663 350 521 559 869 870 64 35 64 551 347 468 6 328 76 630 257 619 939 41 677 368 888 677 247 309 303 189 987 356 734 76 132 608 888 677 431 525 556 126 713 988 988 195 803 912 187 483 688 83 349 653 573 984 497 278 86 559 435 156 368 628 34 636 773 426 701 87 422 771 988 -1 15 761 771 536 228 704 18 560 416 22 494 760 573 68 33 665 856 878 893 797 341 246 198 106 701 253 605 398 493 328 732 556 467 677 57 453 763 529 819 425 380 -1 525 17 725 553 112 19 918 115 151 876 868 777 102 552 589 320 731 13 231 34 477 2 11 682 22 513 656 417 198 893 127 323 157 437 913 386 513 303 85 106 -1 808 276 727 650 589 491 228 278 804 5 205 412 490 440 8 650 67 448 119 660 626 557 345 536 370 945 932 64 449 801 301 838 79 963 577 29 986 68 772 214 533 263 734 -1 824 -1 608 252 922 351 880 1 300 132 963 342 355 647 683 251 56 350 491 980 299 120 546 431 152 34 560 733 972 
994 132 431 557 734 214 100 777 491 963 34 483 144 458 312 258 984 501 926 14 947 650 280 60 33 15 332 519 446 391 436 786 517 870 170 166 90 347 378 988 820 190 373 316 946 831 862 128 889 861 621 -1 -1 838 110 -1 690 414 735 501 121 8 153 477 291 551 589 993 350 766 621 533 615 41 270 221 25 821 572 410 355 611 589 160 41 219 276 204 51 181 403 915 123 621 92 940 65 111 659 489 521 425 514 187 355 473 94 885 882 137 881 269 970 408 688 596 64 179 683 36 564 206 140 152 468 97 612 126 -1 117 628 27 640 117 540 651 300 159 228 744 318 358 96 650 250 392 761 113 109 880 112 184 625 669 2 332 661 837 156 89 321 666 175 198 332 370 307 607 22 966 108 130 543 13 169 381 963 578 642 304 351 -1 447 864 234 338 822 222 211 5 337 30 142 901 894 77 998 545 193 171 285 68 646 777 391 166 -1 570 738 901 989 27 493 1 254 211 18 306 226 150 74 272 878 422 493 47 397 677 158 869 477 158 911 994 -1 545 704 358 324 888 209 493 106 811 449 347 490 482 560 392 122 617 92 469 103 127 323 718 781 989 750 194 99 200 33 426 299 40 868 394 -1 13 441 560 87 68 729 908 986 560 277 351 453 8 111 797 40 366 382 516 392 435 921 666 35 33 559 64 144 443 718 603 35 418 105 79 29 177 87 -1 400 300 83 739 332 67 626 572 107 485 433 137 761 684 48 167 223 355 94 306 338 34 577 477 35 134 342 882 440 603 131 251 610 980 744 48 226 253 324 139 310 380 432 945 13 512 298 79 75 106 666 398 378 812 325 13 280 41 286 87 27 85 378 266 570 615 731 533 266 569 662 920 574 240 603 572 105 932 171 33 338 895 204 832 225 -1 398 12 341 689 11 545 366 382 706 54 106 591 890 545 192 223 320 19 -1 824 43 49 379 223 226 940 710 936 864 789 147 936 526 148 912 548 368 269 46 272 125 447 536 240 125 124 850 752 578 106 534 186 727 482 987 868 856 170 205 13 493 1 844 102 640 734 45 595 731 804 868 442 216 284 198 659 45 344 987 811 148 266 202 682 114 312 546 23 378 58 541 565 250 729 319 307 506 397 458 366 127 190 888 1 257 6 79 267 506 392 291 572 193 257 731 945 304 517 214 453 684 434 486 142 184 823 476 131 946 436 830 189 347 220 556 704 351 410 100 400 663 257 918 175 -1 91 67 487 68 481 480 559 631 924 425 225 190 103 254 761 32 77 231 460 14 240 535 198 412 208 247 106 506 399 460 131 76 652 335 182 398 12 783 838 247 202 69 41 328 945 940 338 416 647 324 363 306 490 153 316 754 194 120 240 446 347 228 36 463 444 231 -1 363 189 310 265 995 195 347 512 403 593 220 661 370 253 45 416 665 582 261 963 54 332 447 288 370 630 338 342 669 994 432 572 549 666 88 425 81 945 36 267 659 811 436 684 908 364 2 683 379 704 43 410 391 371 488 405 22 56 170 127 171 565 448 189 947 865 34 -1 153 518 117 131 223 665 196 742 774 358 706 228 178 140 569 81 932 117 30 666 68 468 347 303 68 522 202 81 422 22 75 803 288 301 726 2 416 160 811 342 8 15 92 223 231 13 19 525 398 522 148 673 328 708 506 77 998 818 276 -1 665 19 263 52 437 339 605 338 313 560 373 989 30 856 467 777 113 226 -1 231 497 804 425 437 503 157 351 519 2 131 206 536 760 868 838 789 663 350 521 559 869 870 64 35 64 551 347 468 501 328 76 630 257 619 939 41 677 368 888 677 247 309 303 189 987 356 734 76 132 608 888 677 431 525 556 126 713 988 988 195 803 912 187 483 688 83 349 653 573 984 497 278 86 559 435 156 368 628 34 636 773 426 701 87 422 771 988 -1 15 761 771 536 228 704 18 560 416 22 494 760 573 68 33 665 856 878 893 797 341 246 198 106 701 253 605 398 493 328 732 556 467 677 57 453 763 529 819 425 380 -1 525 501 725 553 112 19 918 115 151 876 868 777 102 552 589 320 731 13 231 34 477 2 11 682 22 513 656 417 198 893 127 323 157 437 913 386 513 303 85 106 -1 808 276 727 650 589 491 228 278 804 5 205 412 490 440 8 650 67 448 119 660 626 557 345 536 370 945 932 64 449 801 301 838 79 963 577 29 986 68 772 214 533 263 734 -1 824 -1 608 252 922 351 880 1 300 132 963 342 355 647 683 251 56 350 491 980 299 120 546 431 152 34 560 733 972 
994 132 431 557 734 214 100 203 491 963 34 483 144 458 312 258 845 501 926 14 947 650 280 60 592 15 332 519 446 391 436 786 517 870 170 166 90 347 810 988 820 190 372 316 998 831 975 128 889 909 621 -1 -1 838 110 302 690 414 735 501 121 210 153 503 291 551 589 993 350 766 621 533 615 41 270 706 25 821 572 410 355 302 589 160 41 219 276 308 51 181 403 541 123 621 92 940 65 111 659 489 521 425 514 187 355 473 94 885 882 137 881 269 970 408 688 915 64 179 870 36 564 206 140 152 468 97 612 126 -1 117 628 27 640 117 540 651 300 159 228 744 318 237 96 650 250 913 16 113 109 880 112 184 625 669 2 332 661 845 156 89 321 666 175 198 332 370 141 607 22 966 108 130 543 13 169 381 963 491 642 304 351 -1 447 864 234 338 822 222 211 5 337 30 142 901 894 77 998 545 193 171 285 68 646 876 391 166 -1 570 738 901 5 27 493 1 254 211 18 391 226 150 74 272 878 422 493 47 397 807 158 869 63 158 911 994 -1 545 704 783 324 888 209 493 106 811 449 347 490 482 560 290 122 617 92 469 103 127 323 718 781 210 897 194 99 200 427 426 299 40 868 394 -1 13 441 560 913 68 729 908 986 560 277 351 453 491 111 797 40 366 382 516 6 435 921 666 35 24 559 64 144 443 718 603 35 418 105 79 391 166 839 -1 400 300 83 739 332 67 626 572 107 485 433 137 294 684 48 167 223 355 94 24 338 34 577 16 294 134 342 882 440 603 131 251 610 980 744 48 226 253 324 139 310 380 432 945 13 512 298 79 75 106 666 398 378 812 325 13 280 41 286 391 27 85 378 299 570 615 731 533 38 569 662 417 574 240 603 572 105 35 171 870 338 895 290 832 225 -1 398 12 341 689 11 545 366 382 75 54 106 591 890 545 192 223 320 19 -1 824 43 49 379 223 226 940 710 210 864 789 147 818 526 148 912 548 368 269 46 272 125 447 536 240 125 124 850 538 578 106 534 186 727 482 987 868 856 170 205 13 493 1 844 102 640 734 45 595 731 101 868 442 216 284 198 659 45 344 987 811 148 299 202 222 114 312 546 23 362 58 807 565 250 729 319 307 506 397 458 366 127 190 888 1 257 6 79 267 506 290 291 572 193 257 731 945 304 922 214 453 684 434 486 142 184 823 476 131 308 436 830 189 347 220 556 704 351 410 100 400 663 257 892 175 -1 518 67 487 68 481 480 559 631 924 101 225 190 103 254 294 32 77 231 460 14 240 535 198 412 208 247 106 506 399 460 131 76 652 335 182 398 12 237 838 247 202 69 41 328 945 940 338 416 647 324 363 7 490 153 316 115 194 120 240 446 347 228 36 463 444 231 -1 363 189 310 265 995 195 347 512 403 593 220 425 370 253 45 416 665 582 261 963 54 332 447 288 370 630 338 342 669 994 432 572 549 666 88 101 611 945 36 267 659 811 436 684 908 364 2 260 379 704 43 410 391 371 488 405 22 56 170 127 171 565 448 189 877 865 34 -1 153 877 117 131 223 665 308 742 774 75 706 228 178 140 569 302 387 117 30 666 68 468 347 303 68 522 202 611 422 22 221 803 288 301 726 2 416 160 811 342 491 15 92 223 231 13 19 525 398 522 148 673 328 708 506 77 998 264 276 -1 665 19 263 52 437 339 605 338 313 560 443 491 30 856 260 203 443 226 115 231 497 804 425 437 503 294 351 519 2 131 206 536 760 868 838 758 663 350 521 559 869 870 64 294 64 551 347 468 501 328 76 630 257 661 939 41 877 368 888 877 247 309 303 189 987 356 734 76 132 608 888 520 431 525 556 126 713 988 988 195 803 912 187 483 688 83 349 653 573 16 497 278 86 559 435 156 368 628 34 636 773 703 701 417 422 758 988 -1 15 538 -1 536 228 704 18 560 416 22 494 760 573 68 870 665 856 49 115 797 341 246 198 106 701 253 605 398 493 328 24 38 467 20 57 453 763 529 819 619 380 -1 525 501 725 553 112 19 147 115 151 7 868 751 102 552 589 320 731 13 231 34 299 2 11 479 22 530 656 839 198 91 127 323 157 437 913 386 232 303 85 106 -1 808 276 727 650 589 387 228 278 804 210 302 412 490 440 870 650 67 448 119 391 626 557 345 536 370 945 387 64 449 801 301 838 79 963 577 391 986 68 772 214 533 101 734 -1 824 -1 608 252 -1 351 880 1 300 132 963 342 355 16 742 251 56 350 491 980 299 120 546 431 152 34 560 733 972 
994 132 431 557 734 214 100 203 491 963 34 483 144 458 312 258 845 501 926 14 947 650 280 60 592 15 332 519 446 391 436 786 517 870 170 166 90 347 810 988 820 190 372 316 998 831 975 128 889 909 621 -1 -1 838 110 302 690 414 735 501 121 210 153 503 291 551 589 993 350 766 621 533 615 41 270 706 25 821 572 410 355 302 589 160 41 219 276 308 51 181 403 541 123 621 92 940 65 111 659 489 521 425 514 187 355 473 94 885 882 137 881 269 970 408 688 915 64 179 870 36 564 206 140 152 468 97 612 126 -1 117 628 27 640 117 540 651 300 159 228 744 318 237 96 650 250 913 16 113 109 880 112 184 625 669 2 332 661 845 156 89 321 666 175 198 332 370 141 607 22 966 108 130 543 13 169 381 963 491 642 304 351 -1 447 864 234 338 822 222 211 5 337 30 142 901 894 77 998 545 193 171 285 68 646 876 391 166 -1 570 738 901 5 27 493 1 254 211 18 391 226 150 74 272 878 422 493 47 397 807 158 869 63 158 911 994 -1 545 704 783 324 888 209 493 106 811 449 347 490 482 560 290 122 617 92 469 103 127 323 718 781 210 897 194 99 200 427 426 299 40 868 394 -1 13 441 560 913 68 729 908 986 560 277 351 453 491 111 797 40 366 382 516 6 435 921 666 35 24 559 64 144 443 718 603 35 418 105 79 391 166 839 -1 400 300 83 739 332 67 626 572 107 485 433 137 294 684 48 167 223 355 94 24 338 34 577 16 294 134 342 882 440 603 131 251 610 980 744 48 226 253 324 139 310 380 432 945 13 512 298 79 75 106 666 398 378 812 325 13 280 41 286 391 27 85 378 299 570 615 731 533 38 569 662 417 574 240 603 572 105 35 171 870 338 895 290 832 225 -1 398 12 341 689 11 545 366 382 75 54 106 591 890 545 192 223 320 19 -1 824 43 49 379 223 226 940 710 210 864 789 147 818 526 148 912 548 368 269 46 272 125 447 536 240 125 124 850 538 578 106 534 186 727 482 987 868 856 170 205 13 493 1 844 102 640 734 45 595 731 101 868 442 216 284 198 659 45 344 987 811 148 299 202 222 114 312 546 23 362 58 807 565 250 729 319 307 506 397 458 366 127 190 888 1 257 6 79 267 506 290 291 572 193 257 731 945 304 922 214 453 684 434 486 142 184 823 476 131 308 436 830 189 347 220 556 704 351 410 100 400 663 257 892 175 -1 518 67 487 68 481 480 559 631 924 101 225 190 103 254 294 32 77 231 460 14 240 535 198 412 208 247 106 506 399 460 131 76 652 335 182 398 12 237 838 247 202 69 41 328 945 940 338 416 647 324 363 7 490 153 316 115 194 120 240 446 347 228 36 463 444 231 -1 363 189 310 265 995 195 347 512 403 593 220 425 370 253 45 416 665 582 261 963 54 332 447 288 370 630 338 342 669 994 432 572 549 666 88 101 611 945 36 267 659 811 436 684 908 364 2 260 379 704 43 410 391 371 488 405 22 56 170 127 171 565 448 189 877 727 34 -1 153 877 117 131 223 665 308 742 774 75 706 228 178 140 569 302 387 117 30 666 68 468 347 303 68 522 202 611 422 22 221 803 288 301 726 2 416 160 811 342 491 15 92 223 231 13 19 525 398 522 148 929 328 708 506 77 998 264 276 -1 665 19 263 52 437 339 605 338 313 560 443 491 30 856 260 203 443 226 115 231 497 804 425 437 503 294 351 519 2 131 206 536 760 868 838 758 663 350 521 559 869 870 64 294 64 551 347 468 501 328 76 630 257 661 939 41 877 368 888 877 247 309 303 189 987 356 734 76 132 608 888 520 431 525 556 126 713 988 988 195 803 912 187 483 688 83 349 653 573 16 497 278 86 559 435 156 368 628 34 636 773 703 701 417 422 758 988 -1 15 538 -1 536 228 704 18 560 416 22 494 760 573 68 870 665 856 49 115 797 341 246 198 106 701 253 605 398 493 328 24 38 467 20 57 453 763 529 819 619 380 -1 525 501 725 553 112 19 147 115 151 7 868 751 102 552 589 320 731 13 231 34 299 2 11 479 22 530 656 839 198 91 127 323 157 437 913 386 232 303 85 106 -1 808 276 865 650 589 387 228 278 804 210 302 412 490 440 870 650 67 448 119 391 626 557 345 536 370 945 387 64 449 801 301 838 79 963 577 391 986 68 772 214 533 101 734 -1 824 -1 608 252 -1 351 880 1 300 132 963 342 355 16 742 251 56 350 491 980 299 120 546 431 152 34 560 733 972 
994 132 431 557 734 214 100 203 491 963 34 483 144 458 312 258 845 501 926 14 947 650 280 60 592 15 332 519 446 391 436 786 517 870 170 166 90 347 378 988 820 190 372 316 998 831 975 128 889 909 621 -1 -1 838 110 302 690 414 735 501 121 210 153 503 291 551 589 993 350 766 621 533 615 41 270 706 25 821 572 410 355 302 589 160 41 219 276 308 51 181 403 541 123 621 92 940 65 111 659 489 521 425 514 187 355 473 94 885 882 137 881 269 970 892 688 915 64 179 870 36 564 206 140 152 468 97 612 126 -1 117 628 27 640 117 540 651 300 159 228 744 318 237 96 650 250 913 845 113 109 880 112 184 625 669 2 332 661 845 156 89 321 666 175 198 332 370 141 607 22 966 108 130 543 13 169 381 963 491 642 304 351 -1 447 864 234 338 822 222 211 5 337 30 142 901 894 77 998 545 193 171 285 68 646 876 391 166 -1 570 738 901 5 27 493 1 254 211 18 391 226 150 74 272 878 422 493 47 397 807 158 869 362 158 911 994 -1 545 704 783 324 888 209 493 106 811 449 347 490 482 560 290 122 617 92 469 103 127 323 718 781 210 897 194 99 200 427 426 299 40 868 394 -1 13 441 560 913 68 729 908 986 560 277 351 453 491 111 797 40 366 382 516 6 435 921 666 35 24 559 64 144 443 718 603 35 418 105 79 391 166 839 -1 400 300 83 739 332 67 626 572 107 485 433 137 294 684 48 167 223 355 94 24 338 34 577 845 294 134 342 882 440 603 131 251 610 980 744 48 226 253 324 139 310 380 432 945 13 512 298 79 75 106 666 398 378 812 325 13 280 41 286 391 27 85 378 266 570 615 731 533 266 569 662 417 574 240 603 572 105 35 171 870 338 895 290 832 225 -1 398 12 341 689 11 545 366 382 75 54 106 591 890 545 192 223 320 19 -1 824 43 49 379 223 226 940 710 210 864 789 147 818 526 148 912 548 368 269 46 272 125 447 536 240 125 124 850 752 578 106 534 186 727 482 987 868 856 170 205 13 493 1 844 102 640 734 45 595 731 101 868 442 216 284 198 659 45 344 987 811 148 362 202 222 114 312 546 23 38 58 807 565 250 729 319 307 506 397 458 366 127 190 888 1 257 6 79 267 506 290 291 572 193 257 731 945 304 922 214 453 684 434 486 142 184 823 476 131 308 436 830 189 347 220 556 704 351 410 100 400 663 257 845 175 -1 518 67 487 68 481 480 559 631 924 101 225 190 103 254 294 32 77 231 460 14 240 535 198 412 208 247 106 506 399 460 131 76 652 335 182 398 12 237 838 247 202 69 41 328 945 940 338 416 647 324 363 7 490 153 316 115 194 120 240 446 347 228 36 463 444 231 -1 363 189 310 265 995 195 347 512 403 593 220 425 370 253 45 416 665 582 261 963 54 332 447 288 370 630 338 342 669 994 432 572 549 666 88 101 -1 945 36 267 659 811 436 684 908 364 2 260 379 704 43 410 391 371 488 405 22 56 170 127 171 565 448 189 877 727 34 -1 153 877 117 131 223 665 308 742 774 75 706 228 178 140 569 302 387 117 30 666 68 468 347 303 68 522 202 426 422 22 221 803 288 301 726 2 416 160 811 342 491 15 92 223 231 13 19 525 398 522 148 929 328 708 506 77 998 264 276 -1 665 19 263 52 437 339 605 338 313 560 373 491 30 856 260 203 408 226 115 231 497 804 425 437 503 294 351 519 2 131 206 536 362 868 838 758 663 350 521 559 869 870 64 294 64 551 347 468 501 328 76 630 257 661 939 41 877 368 888 877 247 309 303 189 987 356 734 76 132 608 888 520 431 525 38 126 713 988 988 195 803 912 187 483 688 83 349 653 573 647 497 278 86 559 435 156 368 628 34 636 773 703 701 417 422 758 988 -1 15 918 -1 536 228 704 18 560 416 22 494 760 573 68 870 665 856 49 115 797 341 246 198 106 701 253 605 398 493 328 24 38 467 20 57 453 763 529 819 619 380 -1 525 501 725 553 112 19 752 115 151 7 868 751 102 552 589 320 731 13 231 34 845 2 11 479 22 530 656 839 198 91 127 323 147 437 913 386 232 303 85 106 -1 808 276 865 650 589 387 228 278 804 210 302 412 490 440 870 650 67 448 119 391 626 557 345 536 370 945 387 64 449 801 301 838 79 963 577 391 986 68 772 214 533 101 734 -1 824 -1 608 252 -1 351 880 1 300 132 963 342 355 63 742 251 56 350 491 980 845 120 546 431 152 34 560 733 972 
994 132 431 557 734 214 100 203 491 963 34 483 144 458 312 258 845 501 926 14 947 650 280 60 592 15 332 519 446 391 436 786 517 870 170 166 90 347 378 988 820 190 372 316 998 831 975 128 889 909 621 -1 -1 838 110 302 690 414 735 501 121 210 153 503 291 551 589 993 350 766 621 533 615 41 270 706 25 821 572 410 355 302 589 160 41 219 276 308 51 181 403 541 123 621 92 940 65 111 659 489 521 425 898 187 355 473 94 885 882 137 881 269 970 892 688 915 64 179 870 36 564 206 140 152 468 97 612 126 -1 117 628 27 640 117 540 651 300 159 228 744 318 237 96 650 250 913 845 113 109 880 112 184 625 669 2 332 661 845 156 89 321 666 175 198 332 370 141 607 22 174 108 130 543 13 898 381 963 491 642 304 351 -1 447 864 234 338 822 222 211 5 337 30 142 901 894 77 998 545 193 171 285 68 646 876 391 166 -1 570 738 901 5 27 493 1 254 211 18 391 226 150 74 272 878 422 961 47 397 807 158 869 362 158 911 994 -1 545 704 783 324 888 209 493 106 811 449 347 490 482 560 290 122 617 92 469 103 127 323 718 781 210 897 194 99 200 427 426 299 40 868 394 -1 13 441 560 913 68 729 908 986 560 277 351 453 491 111 797 40 366 382 516 6 435 921 666 35 24 559 64 144 443 718 603 35 418 105 79 391 166 839 -1 400 300 83 739 332 67 626 572 107 485 433 137 294 684 48 167 223 355 94 24 338 34 577 845 294 134 342 882 440 603 131 251 610 980 744 48 226 253 324 139 310 380 432 945 13 512 298 79 75 106 666 398 378 812 325 13 280 41 286 391 27 85 378 266 570 615 731 533 266 569 662 417 574 240 603 572 105 35 171 870 338 895 290 832 225 -1 398 12 341 689 11 545 366 382 75 54 106 591 890 545 192 223 320 19 -1 824 43 49 379 223 226 940 710 210 864 789 147 818 526 148 912 548 368 269 46 272 125 447 536 240 125 124 850 752 578 106 534 186 727 482 987 868 856 170 205 13 493 1 844 102 640 734 45 595 731 101 868 442 216 284 198 659 45 344 987 811 148 362 202 222 114 312 546 23 38 58 807 565 250 729 319 307 506 397 458 366 127 190 888 1 257 6 79 267 506 290 291 572 193 257 731 945 304 922 102 453 684 434 486 142 184 823 476 131 308 436 830 189 347 220 556 704 351 410 100 400 663 257 845 175 -1 518 67 487 68 481 480 559 631 924 101 225 190 103 254 294 32 77 231 460 14 240 535 198 412 208 247 106 506 399 460 131 76 652 335 182 398 12 237 838 247 202 69 41 328 945 940 338 416 647 324 363 7 490 153 316 115 194 120 240 446 347 228 36 463 444 231 -1 363 189 310 265 995 195 347 512 403 593 220 425 370 253 45 416 665 582 261 963 54 332 447 288 370 630 338 342 669 994 432 572 549 666 88 101 -1 945 36 267 659 811 436 684 908 364 2 260 379 704 43 410 391 371 488 405 22 56 170 127 171 565 448 189 877 727 34 -1 153 877 117 131 223 665 308 742 774 75 706 228 178 140 569 302 387 117 30 666 68 468 347 303 68 522 202 426 422 22 221 803 288 301 726 2 416 160 811 342 491 15 92 223 231 13 19 525 398 522 148 929 328 708 506 77 998 264 276 -1 665 19 263 52 437 339 605 338 313 560 373 491 30 856 260 203 408 226 115 231 497 804 425 437 503 294 351 519 2 131 206 536 362 868 838 758 663 350 521 559 869 870 64 294 64 551 347 468 501 328 76 630 257 661 939 41 877 368 888 877 247 309 303 189 987 356 734 76 132 608 888 520 431 525 38 126 713 988 988 195 803 912 187 483 688 83 349 653 573 647 497 278 86 559 435 156 368 628 34 636 773 703 701 417 422 758 988 -1 15 918 -1 536 228 704 18 560 416 22 494 760 573 68 870 665 856 49 115 797 341 246 198 106 701 253 605 398 961 328 24 38 467 20 57 453 763 529 819 619 380 -1 525 501 725 553 112 19 752 115 151 7 868 751 214 552 589 320 731 13 231 34 845 2 11 479 22 530 656 839 198 91 127 323 147 437 913 386 232 303 85 106 -1 808 276 865 650 589 387 228 278 804 210 302 412 490 440 870 650 67 448 119 391 626 557 345 536 370 945 387 64 449 801 301 838 79 963 577 391 986 68 772 174 533 101 734 -1 824 -1 608 252 -1 351 880 1 300 132 963 342 355 63 742 251 56 350 491 980 845 120 546 431 152 34 560 733 972 
994 132 431 557 734 214 100 203 491 963 34 483 144 458 312 258 845 501 926 14 947 650 280 60 592 15 332 519 446 391 436 786 517 870 170 166 90 347 378 988 820 190 372 316 998 831 975 128 889 909 621 -1 -1 838 110 302 690 414 735 501 121 210 153 503 291 551 589 993 350 766 621 533 615 41 270 706 25 821 572 410 355 302 589 160 41 219 276 308 51 181 403 541 123 621 92 940 65 111 659 489 521 425 898 187 355 473 94 885 882 137 881 269 970 892 688 915 64 179 870 36 564 206 140 152 468 97 612 126 -1 117 628 27 640 117 540 651 300 159 228 744 318 237 96 650 250 913 845 113 109 880 112 184 625 669 2 332 661 845 156 89 321 666 175 198 332 370 141 607 22 174 108 402 543 13 898 381 963 491 642 304 351 -1 447 864 234 338 822 222 211 5 337 30 142 901 894 77 998 545 193 130 285 68 646 876 391 166 -1 570 738 901 5 27 493 1 254 211 18 391 226 150 74 272 878 422 961 47 397 807 158 869 362 158 911 994 -1 545 704 783 324 888 209 493 106 811 449 347 490 482 560 290 122 617 92 469 103 127 323 718 781 210 897 194 99 200 427 426 299 40 868 394 -1 13 441 560 913 68 729 908 986 560 277 351 453 491 111 797 40 402 382 516 6 435 921 666 35 24 559 64 144 443 718 603 35 418 105 79 391 166 839 -1 400 300 83 739 332 67 626 572 107 485 433 137 294 684 48 167 223 355 94 24 338 34 577 845 294 134 342 882 440 603 131 251 610 980 744 48 226 253 324 139 310 380 432 945 13 512 298 79 75 106 666 398 378 812 325 13 402 41 286 391 27 85 378 266 570 615 731 533 266 569 662 417 574 240 603 572 105 35 668 870 338 895 290 832 225 -1 398 12 341 689 11 545 280 382 75 54 106 591 890 545 192 223 320 19 -1 824 43 49 379 223 226 940 710 210 864 789 147 818 526 148 912 548 368 269 46 272 125 447 536 240 125 124 850 752 578 106 534 186 727 482 987 868 856 170 205 13 493 1 844 102 640 734 45 595 731 101 868 442 216 284 198 659 45 344 987 811 148 362 202 222 114 312 546 23 38 58 807 565 250 729 319 307 506 397 458 45 127 190 888 1 257 6 79 267 506 290 291 572 193 257 731 945 304 922 102 453 684 434 486 142 184 823 476 131 308 436 830 189 347 220 556 704 351 410 100 400 663 257 845 175 -1 518 67 487 68 481 480 559 631 924 101 225 190 103 254 294 32 77 231 460 14 240 535 198 412 208 247 106 506 399 460 131 76 652 335 182 398 12 237 838 247 202 69 41 328 945 940 338 416 647 324 363 7 490 153 316 115 194 120 240 446 347 228 36 463 444 402 -1 363 189 310 265 995 195 347 512 403 593 220 425 370 253 45 416 665 582 261 963 54 332 447 288 370 630 338 342 669 994 432 572 549 666 88 101 -1 945 36 267 659 811 436 684 908 364 2 260 379 704 43 410 391 371 488 405 22 56 170 127 130 565 448 189 877 727 34 -1 153 877 117 131 223 665 308 742 774 75 706 228 178 140 569 302 387 117 30 666 68 468 347 303 68 522 202 426 422 22 221 803 288 301 726 2 416 160 811 342 491 15 92 223 231 13 19 525 398 522 148 929 328 708 506 77 998 264 276 -1 665 19 263 52 437 339 605 338 313 560 373 491 30 856 260 203 408 226 115 231 497 804 425 437 503 294 351 519 2 131 206 536 362 868 838 758 663 350 521 559 869 870 64 294 64 551 347 468 501 328 76 630 257 661 939 41 877 368 888 877 247 309 303 189 987 356 734 76 132 608 888 520 431 525 38 126 713 988 988 195 803 912 187 483 688 83 349 653 573 647 497 278 86 559 435 156 368 668 34 636 773 703 701 417 422 758 988 -1 15 918 -1 536 228 704 18 560 416 402 494 760 573 68 870 665 856 49 115 797 341 246 198 106 701 253 605 398 961 328 24 38 467 20 57 453 763 529 819 619 380 -1 525 501 725 553 112 19 752 115 151 7 868 751 214 552 589 320 731 13 402 34 845 2 11 479 22 530 656 839 198 91 127 323 147 437 913 386 232 303 85 106 -1 808 276 865 650 589 387 228 278 804 210 302 412 490 440 870 650 67 448 119 391 626 557 345 536 370 945 387 64 449 801 301 838 79 963 577 391 986 68 772 174 533 101 734 -1 824 -1 608 252 -1 351 880 1 300 132 963 342 355 63 742 251 56 350 491 980 845 120 546 431 152 34 560 733 972 
994 132 431 557 734 214 100 203 491 963 34 483 144 458 312 258 845 501 926 14 947 650 280 60 592 15 332 519 446 391 436 786 517 870 170 166 90 347 378 988 820 190 372 316 998 831 975 128 889 909 621 -1 -1 838 110 302 690 414 735 501 121 210 153 503 291 551 589 993 350 766 621 533 615 41 270 706 25 821 572 410 355 302 589 160 41 219 276 308 51 181 403 541 123 621 92 940 65 111 659 489 521 425 898 187 355 473 94 885 882 137 881 269 970 892 688 915 64 179 870 36 564 206 140 152 468 97 612 126 -1 117 628 27 640 117 540 651 300 159 228 744 318 237 96 650 250 913 845 113 109 880 112 184 625 669 2 332 661 845 156 89 321 666 175 198 332 370 141 607 22 174 108 402 543 13 898 381 963 491 642 304 351 -1 447 864 234 338 822 222 211 5 337 30 142 901 894 77 998 545 193 130 285 68 646 876 391 166 -1 570 738 901 5 27 493 1 254 211 18 391 226 150 74 272 878 422 961 47 397 520 158 869 362 158 911 994 -1 545 704 783 324 888 209 493 106 811 449 347 490 482 560 290 122 617 92 469 103 127 323 718 781 210 897 194 99 200 427 426 299 40 868 394 -1 13 441 560 913 68 729 908 986 560 277 351 453 491 111 797 40 402 382 516 6 435 921 666 35 24 559 64 144 443 718 603 35 418 105 79 391 166 839 -1 400 300 83 739 332 67 626 572 107 485 433 137 294 684 48 167 223 355 94 24 338 34 577 845 294 134 342 882 440 603 131 251 610 980 744 48 226 253 324 139 310 380 432 945 13 512 298 79 75 106 666 398 378 812 325 13 402 41 286 391 27 85 378 266 570 615 731 533 266 569 662 417 574 240 603 572 105 35 668 870 338 895 290 832 225 -1 398 12 341 689 11 545 280 382 75 54 106 591 890 545 192 223 320 19 -1 824 43 49 379 223 226 940 710 210 864 789 147 818 526 148 912 548 368 269 46 272 125 447 536 240 125 124 850 752 578 106 534 186 727 482 987 868 856 170 205 13 493 1 844 102 640 734 45 595 731 101 868 442 216 284 198 659 45 344 987 811 148 362 202 222 114 312 546 23 38 58 807 565 250 729 319 307 506 397 458 45 127 190 888 1 257 6 79 267 506 290 291 572 193 257 731 945 304 922 102 453 684 434 486 142 184 823 476 131 308 436 830 189 347 220 556 704 351 410 100 400 663 257 845 175 -1 518 67 487 68 481 480 559 631 924 101 225 190 103 254 294 32 77 231 460 14 240 535 198 412 208 247 106 506 399 460 131 76 652 335 182 398 12 237 838 247 202 69 41 328 945 940 338 416 647 324 363 7 490 153 316 915 194 120 240 446 347 228 36 463 444 402 -1 363 189 310 265 995 195 347 512 403 593 220 425 370 253 45 416 665 582 261 963 54 332 447 288 370 630 338 342 669 994 432 572 549 666 88 101 -1 945 36 267 659 811 436 684 908 364 2 260 379 704 43 410 391 371 488 405 22 56 170 127 130 565 448 189 877 727 34 -1 153 877 117 131 223 665 308 742 774 75 706 228 178 140 569 302 387 117 30 666 68 468 347 303 68 522 202 426 422 22 221 803 288 301 726 2 416 160 811 342 491 15 92 223 231 13 19 525 398 522 148 929 328 708 506 77 998 264 276 -1 665 19 263 52 437 339 605 338 313 560 373 491 30 856 260 203 408 226 518 231 497 804 425 437 503 294 351 519 2 131 206 536 362 868 838 758 663 350 521 559 869 870 64 294 64 551 347 468 501 328 76 630 257 661 939 41 877 368 888 877 247 309 303 189 987 356 734 76 132 608 888 227 431 525 38 126 713 988 988 195 803 912 187 483 688 83 349 653 573 647 497 278 86 559 435 156 368 668 34 636 773 703 701 417 422 758 988 -1 15 918 -1 536 228 704 18 560 416 402 494 760 573 68 870 665 856 49 46 797 341 246 198 106 701 253 605 398 961 328 24 38 467 20 57 453 763 529 819 619 380 -1 525 501 725 553 112 19 752 915 151 7 868 751 214 552 589 320 731 13 402 34 845 2 11 479 22 530 656 839 198 91 127 323 147 437 913 386 232 303 85 106 -1 808 276 865 650 589 387 228 278 804 210 302 412 490 440 870 650 67 448 119 391 626 557 345 536 370 945 387 64 449 801 301 838 79 963 577 391 986 68 772 174 533 101 734 -1 824 -1 608 252 -1 351 880 1 300 132 963 342 355 63 742 251 56 350 491 980 845 120 546 431 152 34 560 733 972 
994 132 431 557 734 214 100 203 491 963 34 483 144 458 312 258 845 501 926 14 947 650 280 60 592 15 332 519 446 391 436 786 517 870 170 166 90 347 378 988 820 190 372 316 998 831 975 128 889 909 621 -1 -1 838 110 302 690 414 735 501 121 210 153 503 291 551 589 993 350 766 621 533 615 41 270 706 25 821 572 410 355 302 589 160 41 219 276 308 51 181 403 541 123 621 92 940 65 111 659 489 521 425 898 187 355 473 94 885 882 137 881 269 970 892 688 915 64 179 870 36 564 206 140 152 468 97 612 126 -1 117 628 27 640 117 540 651 300 159 228 744 318 237 96 650 250 913 845 113 109 880 112 184 625 669 2 332 661 845 156 89 321 666 175 198 332 370 141 607 22 174 108 402 543 13 898 381 963 491 642 304 351 -1 447 864 234 338 822 222 211 5 337 30 142 901 894 77 998 545 193 130 285 68 646 876 391 166 -1 570 738 901 5 27 493 1 254 211 18 391 226 150 74 272 878 422 961 47 397 520 158 869 362 158 911 994 -1 545 704 783 324 888 209 493 106 811 449 347 490 482 560 290 122 617 92 469 103 127 323 718 781 210 897 194 99 200 427 426 299 40 868 394 -1 13 441 560 913 68 729 908 986 560 277 351 453 491 111 797 40 402 382 516 6 435 921 666 35 24 559 64 144 443 718 603 35 418 105 79 391 166 839 -1 400 300 83 739 332 67 626 572 107 485 433 137 294 684 48 167 223 355 94 24 338 34 577 845 294 134 342 882 440 603 131 251 610 980 744 48 226 253 324 139 310 380 432 945 13 512 298 79 75 106 666 398 378 812 325 13 402 41 286 391 27 85 378 266 570 615 731 533 266 569 662 417 574 240 603 572 105 35 668 870 338 895 290 832 225 -1 398 12 341 689 11 545 280 382 75 54 106 591 890 545 192 223 320 19 -1 824 43 49 379 223 226 940 710 210 864 789 147 818 526 148 912 548 368 269 46 272 125 447 536 240 125 124 850 752 578 106 534 186 727 482 987 868 856 170 205 13 493 1 844 102 640 734 45 595 731 804 868 442 216 284 198 659 45 344 987 811 148 362 202 222 114 312 546 23 38 58 807 565 250 729 319 307 506 397 458 45 127 190 888 1 257 6 79 267 506 290 291 572 193 257 731 945 304 922 102 453 684 434 486 142 184 823 476 131 308 436 830 189 347 220 556 704 351 410 100 400 663 257 845 175 -1 518 67 487 68 481 480 559 631 924 425 225 190 103 254 294 32 77 231 460 14 240 535 198 412 208 247 106 506 399 460 131 76 652 335 182 398 12 237 838 247 202 69 41 328 945 940 338 416 647 324 363 7 490 153 316 915 194 120 240 446 347 228 36 463 444 402 -1 363 189 310 265 995 195 347 512 403 593 220 661 370 253 45 416 665 582 261 963 54 332 447 288 370 630 338 342 669 994 432 572 549 666 88 425 -1 945 36 267 659 811 436 684 908 364 2 260 379 704 43 410 391 371 488 405 22 56 170 127 130 565 448 189 877 727 34 -1 153 877 117 131 223 665 308 742 774 75 706 228 178 140 569 302 387 117 30 666 68 468 347 303 68 522 202 426 422 22 221 803 288 301 726 2 416 160 811 342 491 15 92 223 231 13 19 525 398 522 148 929 328 708 506 77 998 264 276 -1 665 19 263 52 437 339 605 338 313 560 373 491 30 856 260 203 408 226 518 231 497 804 425 437 503 294 351 519 2 131 206 536 362 868 838 789 663 350 521 559 869 870 64 294 64 551 347 468 501 328 76 630 257 619 939 41 877 368 888 877 247 309 303 189 987 356 734 76 132 608 888 227 431 525 38 126 713 988 988 195 803 912 187 483 688 83 349 653 573 647 497 278 86 559 435 156 368 668 34 636 773 703 701 417 422 771 988 -1 15 918 771 536 228 704 18 560 416 402 494 760 573 68 870 665 856 49 46 797 341 246 198 106 701 253 605 398 961 328 24 38 467 20 57 453 763 529 819 425 380 -1 525 501 725 553 112 19 752 915 151 7 868 751 214 552 589 320 731 13 402 34 845 2 11 479 22 530 656 839 198 91 127 323 147 437 913 386 232 303 85 106 -1 808 276 865 650 589 387 228 278 804 210 302 412 490 440 870 650 67 448 119 391 626 557 345 536 370 945 387 64 449 801 301 838 79 963 577 391 986 68 772 174 533 263 734 -1 824 -1 608 252 -1 351 880 1 300 132 963 342 355 63 742 251 56 350 491 980 845 120 546 431 152 34 560 733 972 
994 132 431 557 734 214 100 203 491 963 34 483 144 458 312 258 845 501 926 14 947 650 280 60 592 15 332 519 446 391 436 786 517 870 170 166 90 347 378 988 820 190 372 316 998 831 922 128 889 909 621 -1 -1 838 110 302 690 414 735 501 121 210 153 503 291 551 589 993 350 766 621 533 615 41 270 706 25 821 572 410 355 302 589 160 41 219 276 308 51 181 403 541 123 621 92 940 65 111 659 489 521 425 898 187 355 473 94 885 882 137 881 269 970 892 688 915 64 179 870 36 564 206 140 152 468 97 612 126 -1 117 628 27 640 117 540 651 300 159 228 744 318 237 96 650 250 913 845 113 109 880 112 184 625 669 2 332 661 845 156 89 321 666 175 198 332 370 141 607 22 174 108 402 543 13 898 381 963 491 642 304 351 -1 447 864 234 338 822 222 211 5 337 30 142 901 894 77 998 545 193 130 285 68 646 876 391 166 -1 570 738 901 5 27 493 1 254 211 18 391 226 150 74 272 878 422 961 47 397 520 158 869 362 158 911 994 -1 545 704 783 324 888 209 493 106 811 449 347 490 482 560 290 122 617 92 469 103 127 323 718 781 210 897 194 99 200 427 426 299 40 868 394 -1 13 441 560 913 68 729 908 986 560 277 351 453 491 111 797 40 402 382 516 6 435 921 666 35 24 559 64 144 443 718 603 35 418 105 79 391 166 839 -1 400 300 83 739 332 67 626 572 107 485 433 137 294 684 48 167 223 355 94 24 338 34 577 845 294 134 342 882 440 603 131 251 610 980 744 48 226 253 324 139 310 380 432 945 13 512 298 79 75 106 666 398 378 812 325 13 402 41 286 391 27 85 378 266 570 615 731 533 266 569 662 417 574 240 603 572 105 35 668 870 338 895 290 832 225 -1 398 12 341 689 11 545 280 382 75 54 106 591 890 545 192 223 320 19 -1 824 43 49 379 223 226 940 710 210 864 789 147 818 526 148 912 548 368 269 -1 272 125 447 536 240 125 124 850 752 578 106 534 186 727 482 987 868 856 170 205 13 493 1 844 102 640 734 45 595 731 804 868 442 216 284 198 659 45 344 987 811 148 362 202 222 114 312 546 23 38 58 807 565 250 729 319 307 506 397 458 45 127 190 888 1 257 6 79 267 506 290 291 572 193 257 731 945 304 922 102 453 684 434 486 142 184 823 476 131 308 436 830 189 347 220 556 704 351 410 100 400 663 257 845 175 -1 518 67 487 68 481 480 559 631 924 425 225 190 103 254 294 32 77 231 460 14 240 535 198 412 208 247 106 506 399 460 131 76 652 335 182 398 12 237 838 247 202 69 41 328 945 940 338 416 647 324 363 7 490 153 316 915 194 120 240 446 347 228 36 463 444 402 -1 363 189 310 265 995 195 347 512 403 593 220 661 370 253 45 416 665 582 261 963 54 332 447 288 370 630 338 342 669 994 432 572 549 666 88 425 -1 945 36 267 659 811 436 684 908 364 2 260 379 704 43 410 391 371 488 405 22 56 170 127 130 565 448 189 877 727 34 -1 153 877 117 131 223 665 308 742 774 75 706 228 178 140 569 302 387 117 30 666 68 468 347 303 68 522 202 426 422 22 221 803 288 301 726 2 416 160 811 342 491 15 92 223 231 13 19 525 398 522 148 929 328 708 506 77 998 264 276 -1 665 19 263 52 437 339 605 338 313 560 373 491 30 856 260 203 408 226 518 231 497 804 425 437 503 294 351 519 2 131 206 536 362 868 838 789 663 350 521 559 869 870 64 294 64 551 347 468 501 328 76 630 257 619 939 41 877 368 888 877 247 309 303 189 987 356 734 76 132 608 888 227 431 525 38 126 713 988 988 195 803 912 187 483 688 83 349 653 573 647 497 278 86 559 435 156 368 668 34 636 773 703 701 417 422 771 988 -1 15 918 771 536 228 704 18 560 416 402 494 760 573 68 870 665 856 49 46 797 341 246 198 106 701 253 605 398 961 328 24 38 467 20 57 453 763 529 819 425 380 -1 525 501 725 553 112 19 752 915 151 7 868 751 214 552 589 320 731 13 402 34 845 2 11 479 22 530 656 839 198 91 127 323 147 437 913 386 232 303 85 106 -1 808 276 865 650 589 387 228 278 804 210 302 412 490 440 870 650 67 448 119 391 626 557 345 536 370 945 387 64 449 801 301 838 79 963 577 391 986 68 772 174 533 263 734 -1 824 -1 608 252 46 351 880 1 300 132 963 342 355 63 742 251 56 350 491 980 845 120 546 431 152 34 560 733 972 
994 132 431 557 734 214 100 203 491 963 34 483 144 458 312 258 845 501 926 14 947 650 280 60 592 15 332 519 446 391 436 786 517 870 170 166 90 347 378 988 820 190 372 316 998 831 922 128 889 909 621 -1 -1 838 110 302 690 414 735 501 121 210 153 503 291 551 589 993 350 766 621 533 615 41 270 706 25 821 572 410 355 302 589 160 41 219 276 308 51 181 403 541 123 621 92 940 65 111 659 489 521 425 898 187 355 473 94 885 882 137 881 269 970 892 688 915 64 179 870 36 564 206 140 152 468 97 612 126 -1 117 628 27 640 117 540 651 300 159 228 744 318 237 96 650 250 913 845 113 109 880 112 184 625 669 2 332 661 845 156 89 321 666 175 198 332 370 141 607 22 174 108 402 543 13 898 381 963 491 642 304 351 -1 447 864 234 338 822 222 211 5 337 30 142 901 894 77 998 545 193 130 285 68 646 876 391 166 -1 570 738 901 5 27 493 1 254 211 18 391 226 150 74 272 878 422 961 47 397 520 158 869 362 158 513 994 -1 545 704 783 324 888 209 493 106 811 449 347 490 482 560 290 122 617 92 469 103 127 323 718 781 210 897 194 99 200 427 426 299 40 868 394 -1 13 441 560 913 68 729 908 986 560 277 351 453 491 111 797 40 402 382 516 6 435 921 666 35 24 559 64 144 443 718 603 35 418 105 79 391 166 839 -1 400 300 83 739 332 67 626 572 107 485 433 137 294 684 48 167 223 355 94 24 338 34 577 845 294 134 342 882 440 603 131 251 610 980 744 48 226 253 324 139 310 380 432 945 13 512 298 79 75 106 666 398 378 812 325 13 402 41 286 391 27 85 378 266 570 615 731 533 266 569 662 417 574 240 603 572 105 35 668 870 338 895 290 832 225 -1 398 12 341 689 11 545 280 382 75 54 106 591 890 545 192 223 320 19 -1 824 43 49 379 223 226 940 710 210 864 789 147 818 526 148 912 548 368 269 -1 272 125 447 536 240 125 124 850 752 578 106 534 186 727 482 987 868 856 170 205 13 493 1 844 102 640 734 45 595 731 804 868 442 216 284 198 659 45 344 987 811 148 362 202 222 114 312 546 23 38 58 807 565 250 729 319 307 506 397 458 45 127 190 888 1 257 6 79 267 506 290 291 572 193 257 731 945 304 911 102 453 684 434 486 142 184 823 476 131 308 436 830 189 347 220 556 704 351 410 100 400 663 257 845 175 -1 518 67 487 68 481 480 559 631 924 425 225 190 103 254 294 32 77 231 460 14 240 535 198 412 208 247 106 506 399 460 131 76 652 335 182 398 12 237 838 247 202 69 41 328 945 940 338 416 647 324 363 7 490 153 316 915 194 120 240 446 347 228 36 463 444 402 -1 363 189 310 265 995 195 347 512 403 593 220 661 370 253 45 416 665 582 261 963 54 332 447 288 370 630 338 342 669 994 432 572 549 666 88 425 -1 945 36 267 659 811 436 684 908 364 2 260 379 704 43 410 391 371 488 405 22 56 170 127 130 565 448 189 877 727 34 -1 153 877 117 131 223 665 308 742 774 75 706 228 178 140 569 302 387 117 30 666 68 468 347 303 68 522 202 426 422 22 221 803 288 301 726 2 416 160 811 342 491 15 92 223 231 13 19 525 398 522 148 929 328 708 506 77 998 264 276 -1 665 19 263 52 437 339 605 338 313 560 373 491 30 856 260 203 408 226 518 231 497 804 425 437 503 294 351 519 2 131 206 536 362 868 838 789 663 350 521 559 869 870 64 294 64 551 347 468 501 328 76 630 257 619 939 41 877 368 888 877 247 309 303 189 987 356 734 76 132 608 888 227 431 525 38 126 713 988 988 195 803 912 187 483 688 83 349 653 573 647 497 278 86 559 435 156 368 668 34 636 773 703 701 417 422 771 988 -1 15 918 771 536 228 704 18 560 416 402 494 760 573 68 870 665 856 49 46 797 341 246 198 106 701 253 605 398 961 328 24 38 467 20 57 453 763 529 819 425 380 -1 525 501 725 553 112 19 752 915 151 7 868 751 214 552 589 320 731 13 402 34 845 2 11 479 22 530 656 839 198 91 127 323 147 437 913 386 232 303 85 106 -1 808 276 865 650 589 387 228 278 804 210 302 412 490 440 870 650 67 448 119 391 626 557 345 536 370 945 387 64 449 801 301 838 79 963 577 391 986 68 772 174 533 263 734 -1 824 -1 608 252 46 351 880 1 300 132 963 342 355 63 742 251 56 350 491 980 845 120 546 431 152 34 560 733 972 
994 132 431 557 734 214 100 203 491 963 34 483 144 458 312 258 845 501 926 14 947 650 280 60 592 15 332 519 446 391 436 786 517 870 170 166 90 347 378 988 820 190 372 316 998 831 922 128 889 909 621 -1 -1 838 110 302 690 414 735 501 121 210 153 503 291 551 589 993 350 766 621 533 615 41 270 706 25 821 572 410 355 302 589 160 41 219 276 308 51 181 403 541 123 621 92 940 65 111 659 489 521 425 898 187 355 473 94 885 882 137 881 269 970 892 688 596 64 179 870 36 564 206 140 152 468 97 612 126 -1 117 628 27 640 117 540 651 300 159 228 744 318 237 96 650 250 913 845 113 109 880 112 184 625 669 2 332 661 845 156 89 321 666 175 198 332 370 141 607 22 174 108 402 543 13 898 381 963 491 642 304 351 -1 447 864 234 338 822 222 211 5 337 30 142 901 894 77 998 545 193 130 285 68 646 876 391 166 -1 570 738 901 5 27 493 1 254 211 18 391 226 150 74 272 878 422 961 47 397 520 158 869 362 158 513 994 -1 545 704 783 324 888 209 493 106 811 449 347 490 482 560 290 122 617 92 469 103 127 323 718 781 210 897 194 99 200 427 426 299 40 868 394 -1 13 441 560 913 68 729 908 986 560 277 351 453 491 111 797 40 402 382 516 6 435 921 666 35 24 559 64 144 443 718 603 35 418 105 79 391 166 839 -1 400 300 83 739 332 67 626 572 107 485 433 137 294 684 48 167 223 355 94 24 338 34 577 845 294 134 342 882 440 603 131 251 610 980 744 48 226 253 324 139 310 380 432 945 13 512 298 79 75 106 666 398 378 812 325 13 402 41 286 391 27 85 378 266 570 615 731 533 266 569 662 417 574 240 603 572 105 35 668 870 338 895 290 832 225 -1 398 12 341 689 11 545 280 382 75 54 106 591 890 545 192 223 320 19 -1 824 43 49 379 223 226 940 710 210 864 789 147 818 526 148 912 548 368 269 -1 272 125 447 536 240 125 124 850 752 578 106 534 186 727 482 987 868 856 170 205 13 493 1 844 102 640 734 45 595 731 804 868 442 216 284 198 659 45 344 987 811 148 362 202 222 114 312 546 23 38 58 807 565 250 729 319 307 506 397 458 45 127 190 888 1 257 6 79 267 506 290 291 572 193 257 731 945 304 911 102 453 684 434 486 142 184 823 476 131 308 436 830 189 347 220 556 704 351 410 100 400 663 257 845 175 -1 596 67 487 68 481 480 559 631 924 425 225 190 103 254 294 32 77 231 460 14 240 535 198 412 208 247 106 506 399 460 131 76 652 335 182 398 12 237 838 247 202 69 41 328 945 940 338 416 647 324 363 7 490 153 316 754 194 120 240 446 347 228 36 463 444 402 -1 363 189 310 265 995 195 347 512 403 593 220 661 370 253 45 416 665 582 261 963 54 332 447 288 370 630 338 342 669 994 432 572 549 666 88 425 -1 945 36 267 659 811 436 684 908 364 2 260 379 704 43 410 391 371 488 405 22 56 170 127 130 565 448 189 877 727 34 -1 153 877 117 131 223 665 308 742 774 75 706 228 178 140 569 302 387 117 30 666 68 468 347 303 68 522 202 426 422 22 221 803 288 301 726 2 416 160 811 342 491 15 92 223 231 13 19 525 398 522 148 929 328 708 506 77 998 264 276 -1 665 19 263 52 437 339 605 338 313 560 373 491 30 856 260 203 408 226 518 231 497 804 425 437 503 294 351 519 2 131 206 536 362 868 838 789 663 350 521 559 869 870 64 294 64 551 347 468 501 328 76 630 257 619 939 41 877 368 888 877 247 309 303 189 987 356 734 76 132 608 888 227 431 525 38 126 713 988 988 195 803 912 187 483 688 83 349 653 573 647 497 278 86 559 435 156 368 668 34 636 773 703 701 417 422 771 988 -1 15 918 771 536 228 704 18 560 416 402 494 760 573 68 870 665 856 49 115 797 341 246 198 106 701 253 605 398 961 328 24 38 467 20 57 453 763 529 819 425 380 -1 525 501 725 553 112 19 752 115 151 7 868 751 214 552 589 320 731 13 402 34 845 2 11 479 22 530 656 839 198 115 127 323 147 437 913 386 232 303 85 106 -1 808 276 865 650 589 387 228 278 804 210 302 412 490 440 870 650 67 448 119 391 626 557 345 536 370 945 387 64 449 801 301 838 79 963 577 391 986 68 772 174 533 263 734 -1 824 -1 608 252 46 351 880 1 300 132 963 342 355 63 742 251 56 350 491 980 845 120 546 431 152 34 560 733 972 
994 132 431 557 734 214 100 203 491 963 34 483 144 458 312 258 845 501 926 14 947 650 280 60 592 15 332 519 446 391 436 786 517 870 170 166 90 347 378 988 820 190 372 316 998 831 975 128 889 909 621 -1 -1 838 110 302 690 414 735 501 121 210 153 503 291 551 589 993 350 766 621 533 615 41 270 706 25 821 572 410 355 302 589 160 41 219 276 308 51 181 403 541 123 621 92 940 65 111 659 489 521 425 898 187 355 473 94 885 882 137 881 269 970 892 688 596 64 179 870 36 564 206 140 152 468 97 612 126 -1 117 628 27 640 117 540 651 300 159 228 744 318 237 96 650 250 913 845 113 109 880 112 184 625 669 2 332 661 845 156 89 321 666 175 198 332 370 141 607 22 174 108 402 543 13 898 381 963 491 642 304 351 -1 447 864 234 338 822 222 211 5 337 30 142 901 894 77 998 545 193 130 285 68 646 876 391 166 -1 570 738 901 5 27 493 1 254 211 18 391 226 150 74 272 878 422 961 47 397 520 158 869 362 158 513 994 -1 545 704 783 324 888 209 493 106 811 449 347 490 482 560 290 122 617 92 469 103 127 323 718 781 210 897 194 99 200 427 426 299 40 868 394 -1 13 441 560 913 68 729 908 986 560 277 351 453 491 111 797 40 402 382 516 6 435 921 666 35 24 559 64 144 443 718 603 35 418 105 79 391 166 839 -1 400 300 83 739 332 67 626 572 107 485 433 137 294 684 48 167 223 355 94 24 338 34 577 845 294 134 342 882 440 603 131 251 610 980 744 48 226 253 324 139 310 380 432 945 13 512 298 79 75 106 666 398 378 812 325 13 402 41 286 391 27 85 378 266 570 615 731 533 266 569 662 417 574 240 603 572 105 35 668 870 338 895 290 832 225 -1 398 12 341 689 11 545 280 382 75 54 106 591 890 545 192 223 320 19 -1 824 43 49 379 223 226 940 710 210 864 789 147 818 526 148 912 548 368 269 46 272 125 447 536 240 125 124 850 752 578 106 534 186 727 482 987 868 856 170 205 13 493 1 844 102 640 734 45 595 731 804 868 442 216 284 198 659 45 344 987 811 148 362 202 222 114 312 546 23 38 58 807 565 250 729 319 307 506 397 458 45 127 190 888 1 257 6 79 267 506 290 291 572 193 257 731 945 304 911 102 453 684 434 486 142 184 823 476 131 308 436 830 189 347 220 556 704 351 410 100 400 663 257 845 175 -1 596 67 487 68 481 480 559 631 924 425 225 190 103 254 294 32 77 231 460 14 240 535 198 412 208 247 106 506 399 460 131 76 652 335 182 398 12 237 838 247 202 69 41 328 945 940 338 416 647 324 363 7 490 153 316 754 194 120 240 446 347 228 36 463 444 402 -1 363 189 310 265 995 195 347 512 403 593 220 661 370 253 45 416 665 582 261 963 54 332 447 288 370 630 338 342 669 994 432 572 549 666 88 425 -1 945 36 267 659 811 436 684 908 364 2 260 379 704 43 410 391 371 488 405 22 56 170 127 130 565 448 189 877 727 34 -1 153 877 117 131 223 665 308 742 774 75 706 228 178 140 569 302 387 117 30 666 68 468 347 303 68 522 202 426 422 22 221 803 288 301 726 2 416 160 811 342 491 15 92 223 231 13 19 525 398 522 148 929 328 708 506 77 998 264 276 -1 665 19 263 52 437 339 605 338 313 560 373 491 30 856 260 203 408 226 518 231 497 804 425 437 503 294 351 519 2 131 206 536 362 868 838 789 663 350 521 559 869 870 64 294 64 551 347 468 501 328 76 630 257 619 939 41 877 368 888 877 247 309 303 189 987 356 734 76 132 608 888 227 431 525 38 126 713 988 988 195 803 912 187 483 688 83 349 653 573 647 497 278 86 559 435 156 368 668 34 636 773 703 701 417 422 771 988 -1 15 918 771 536 228 704 18 560 416 402 494 760 573 68 870 665 856 49 115 797 341 246 198 106 701 253 605 398 961 328 24 38 467 20 57 453 763 529 819 425 380 -1 525 501 725 553 112 19 752 115 151 7 868 751 214 552 589 320 731 13 402 34 845 2 11 479 22 530 656 839 198 115 127 323 147 437 913 386 232 303 85 106 -1 808 276 865 650 589 387 228 278 804 210 302 412 490 440 870 650 67 448 119 391 626 557 345 536 370 945 387 64 449 801 301 838 79 963 577 391 986 68 772 174 533 263 734 -1 824 -1 608 252 -1 351 880 1 300 132 963 342 355 63 742 251 56 350 491 980 845 120 546 431 152 34 560 733 972 
994 132 431 557 734 214 100 203 491 963 34 483 144 458 312 258 845 501 926 14 947 650 280 60 592 15 332 519 446 391 436 786 517 870 170 166 90 347 378 988 820 190 372 316 998 831 975 128 889 909 621 -1 -1 838 110 302 690 414 735 501 121 210 153 503 291 551 589 993 350 766 621 533 615 41 270 706 25 821 572 410 355 302 589 160 41 219 276 308 51 181 403 541 123 621 92 940 65 111 659 489 521 425 898 187 355 473 94 885 882 137 881 269 970 892 688 596 64 179 870 36 598 206 140 152 468 97 612 126 -1 117 628 27 640 117 540 651 300 159 228 744 318 237 96 650 250 913 845 113 109 880 112 184 625 669 2 332 661 845 156 89 321 666 175 198 332 370 141 607 22 174 108 402 543 13 898 381 963 491 642 304 351 -1 447 864 234 338 822 222 211 5 337 30 142 901 894 77 998 545 193 130 285 68 646 876 391 166 -1 570 738 901 5 27 493 1 254 211 18 391 226 150 74 272 878 422 961 47 397 520 158 211 362 158 513 994 -1 545 704 783 324 888 209 493 106 811 449 347 490 482 560 290 122 617 92 469 103 127 323 718 781 210 897 194 99 200 427 426 299 40 868 394 -1 13 441 560 913 68 729 908 986 560 277 351 453 491 111 797 40 402 382 516 6 435 921 666 35 24 559 64 144 443 718 603 35 418 105 79 391 166 839 -1 400 300 83 739 332 67 626 572 107 485 433 137 294 684 48 167 223 355 94 24 338 34 577 845 294 134 342 882 440 603 131 251 610 980 744 48 226 253 324 139 310 380 432 945 13 512 298 79 75 106 666 398 378 812 325 13 402 41 286 391 27 85 378 266 570 615 731 533 266 569 662 417 574 803 603 572 105 35 668 870 338 895 290 832 225 -1 398 12 341 689 11 545 280 382 75 54 106 591 890 545 192 223 320 19 -1 824 43 49 379 223 226 940 710 210 864 789 147 818 526 148 912 548 368 269 46 272 125 447 536 240 125 124 850 752 578 106 534 186 727 482 987 868 856 170 205 13 493 1 844 102 640 734 45 595 731 804 868 442 216 284 198 659 45 344 987 811 148 362 202 222 114 312 546 23 38 58 807 565 250 729 319 307 506 397 458 45 127 190 888 1 257 6 79 267 506 290 291 572 193 257 731 945 304 911 102 453 684 434 486 142 184 823 476 131 308 436 830 189 347 220 556 704 351 410 100 400 663 257 845 175 -1 596 67 487 68 481 480 559 631 924 425 225 190 103 254 294 32 77 231 460 14 803 535 198 120 208 247 106 506 399 460 131 76 652 335 182 398 12 237 838 247 202 69 41 328 945 940 338 416 647 324 363 7 490 153 316 754 194 25 240 446 347 228 36 463 444 402 -1 363 189 310 265 995 195 347 512 403 593 220 661 370 253 45 416 665 582 261 963 54 332 447 288 370 630 338 342 669 994 432 572 549 666 88 425 -1 945 36 267 659 811 436 684 908 364 2 260 379 704 43 410 391 371 488 405 22 56 170 127 130 565 448 189 877 727 34 -1 153 877 117 131 223 665 308 742 774 75 706 228 178 140 569 302 387 117 30 666 68 468 347 303 68 522 202 426 422 22 221 803 288 301 726 2 416 160 811 342 491 598 92 223 231 13 19 525 398 522 148 929 328 708 506 77 998 264 276 -1 665 19 263 52 437 339 605 338 313 560 373 491 30 856 260 203 408 226 518 231 497 804 425 437 503 294 351 519 2 131 206 536 362 868 838 789 663 350 521 559 869 870 64 294 64 551 211 468 501 328 76 630 257 619 939 41 877 368 888 877 247 309 303 189 987 356 734 76 132 608 888 227 431 525 38 126 713 988 988 195 803 912 187 483 688 83 349 653 573 647 497 278 86 559 435 156 368 668 34 636 773 703 701 417 422 771 988 -1 15 918 771 536 228 704 18 560 416 402 494 760 573 68 870 665 856 49 115 797 341 246 198 106 701 253 605 398 961 328 24 38 467 20 57 453 763 529 819 425 380 -1 525 501 725 553 112 19 752 115 151 7 868 751 214 552 589 320 731 13 402 34 845 2 11 479 22 530 656 839 198 115 127 323 147 437 913 386 232 303 85 106 -1 808 276 865 650 589 387 228 278 804 210 302 412 490 440 870 650 67 448 119 391 626 557 345 536 370 945 387 64 449 801 301 838 79 963 577 391 986 68 772 174 533 263 734 -1 824 -1 608 252 -1 351 880 1 300 132 963 342 355 63 742 251 56 350 491 980 845 120 546 431 152 34 560 733 972 
994 132 431 557 734 214 100 203 491 963 34 483 144 458 312 258 845 501 926 14 947 650 280 60 592 15 332 519 446 391 436 786 517 870 170 166 90 347 378 988 820 190 372 316 998 831 975 128 889 909 621 -1 -1 838 110 302 690 414 735 501 121 210 153 503 291 551 589 993 350 766 621 533 615 41 270 706 25 821 572 410 355 302 589 160 41 219 276 308 51 181 403 541 123 621 92 940 65 111 659 489 521 425 898 187 355 473 94 885 882 137 881 269 970 892 688 596 64 179 870 36 598 206 140 152 468 97 612 126 -1 117 628 27 640 117 540 651 300 159 228 744 318 237 96 650 250 913 845 113 109 880 112 184 625 669 2 332 661 845 156 89 321 666 175 198 332 370 141 607 22 174 108 402 543 13 898 381 963 491 642 304 351 -1 447 864 234 338 822 222 211 5 337 30 142 901 894 77 998 545 193 130 285 68 646 876 391 166 -1 570 738 901 5 27 493 1 254 211 18 391 226 150 74 272 878 422 961 47 397 520 158 211 362 158 513 994 -1 545 704 783 324 888 209 493 106 811 449 347 490 482 560 290 122 617 92 469 103 127 323 718 781 210 897 194 99 200 427 426 299 40 868 394 -1 13 441 560 913 68 729 908 986 560 277 351 453 491 111 797 40 402 382 516 6 435 921 666 35 24 559 64 144 443 718 603 35 418 105 79 391 166 839 -1 400 300 83 739 332 67 626 572 107 485 433 137 294 684 48 167 223 355 94 24 338 34 577 845 294 134 342 882 440 603 131 251 715 980 744 48 226 253 324 139 310 380 432 945 13 512 298 79 75 106 666 398 378 812 325 13 402 41 286 391 27 85 378 266 570 615 731 533 266 569 662 417 574 803 603 572 105 35 668 870 338 895 290 832 225 -1 398 12 341 689 11 545 280 382 75 54 106 591 890 545 192 223 320 19 -1 824 43 49 379 223 226 940 710 210 864 789 147 818 526 148 912 548 368 269 46 272 125 447 536 240 125 124 850 752 578 106 534 186 727 482 987 868 856 170 205 13 493 1 844 102 640 734 45 595 731 804 868 442 216 284 198 659 45 344 987 811 148 362 202 222 114 312 546 23 38 58 807 565 250 729 319 307 506 397 458 45 127 190 888 1 257 6 79 267 506 290 291 572 193 257 731 945 304 911 102 453 684 434 486 142 184 823 476 131 308 436 830 189 347 220 556 704 351 410 100 400 663 257 845 175 -1 596 67 487 68 481 480 559 631 924 425 225 190 103 254 294 32 77 231 460 14 803 715 198 120 208 247 106 506 399 460 131 76 652 335 182 398 12 237 838 247 202 69 41 328 945 940 338 416 647 324 363 7 490 153 316 754 194 25 240 446 347 228 36 463 444 402 -1 363 189 342 265 995 195 347 512 403 593 220 661 370 253 45 416 665 582 261 963 54 332 447 288 370 630 338 342 669 994 432 572 549 666 88 425 -1 945 36 267 659 811 436 684 908 364 2 260 379 704 43 410 391 371 488 405 22 56 170 127 130 565 448 189 877 727 34 -1 153 877 117 131 223 665 308 742 774 75 706 228 178 140 569 302 387 117 30 666 68 468 347 303 68 522 202 426 422 22 221 803 288 301 726 2 416 160 811 535 491 598 92 223 231 13 19 525 398 522 148 929 328 708 506 77 998 264 276 -1 665 19 263 52 437 339 605 338 313 560 373 491 30 856 260 203 408 226 518 231 497 804 425 437 503 294 351 519 2 131 206 536 362 868 838 789 663 350 521 559 869 870 64 294 64 551 211 468 501 328 76 630 257 619 939 41 877 368 888 877 247 309 303 189 987 356 734 76 132 608 888 227 431 525 38 126 713 988 988 195 803 912 187 483 688 83 349 653 573 647 497 278 86 559 435 156 368 668 34 636 773 703 701 417 422 771 988 -1 15 918 771 536 228 704 18 560 416 402 494 760 573 68 870 665 856 49 115 797 341 246 198 106 701 253 605 398 961 328 24 38 467 20 57 453 763 529 819 425 380 -1 525 501 725 553 112 19 752 115 151 7 868 751 214 552 589 320 731 13 402 34 845 2 11 479 22 530 656 839 198 115 127 323 147 437 913 386 232 303 85 106 -1 808 276 865 650 589 387 228 278 804 210 302 412 490 440 870 650 67 448 119 391 626 557 345 536 370 945 387 64 449 801 301 838 79 963 577 391 986 68 772 174 533 263 734 -1 824 -1 608 252 -1 351 880 1 300 132 963 562 355 63 742 251 56 350 491 980 845 120 546 431 152 34 560 733 972 
994 132 431 557 734 214 100 203 491 963 34 483 144 458 312 258 845 501 926 14 947 650 280 60 592 15 332 519 446 391 436 786 530 870 170 166 90 347 378 988 820 190 372 316 998 831 -1 128 889 909 621 -1 -1 838 110 302 690 414 735 501 121 210 153 503 291 551 589 943 350 766 621 533 615 41 270 706 25 821 572 410 355 302 589 160 41 219 276 308 51 181 403 541 123 621 92 940 65 111 659 489 521 425 898 187 355 473 94 885 882 137 881 269 970 892 449 596 64 179 870 36 598 206 140 152 468 97 612 126 -1 117 628 27 640 117 540 651 300 159 228 744 318 237 96 650 250 913 845 113 109 880 112 184 625 669 2 332 661 845 156 89 321 666 175 198 332 370 141 607 22 174 108 402 543 13 898 381 963 491 642 304 351 -1 447 864 234 338 822 222 211 5 337 30 142 901 894 77 998 545 193 130 285 68 646 876 391 166 -1 570 738 901 5 27 493 1 254 211 18 391 226 150 74 272 878 422 961 47 397 520 158 211 362 158 580 994 -1 545 704 783 324 888 209 493 106 811 955 347 490 482 560 290 122 617 92 469 103 127 323 718 781 210 897 194 99 200 427 426 299 40 868 394 -1 13 441 560 913 68 729 908 986 560 277 351 453 491 111 797 40 402 382 516 6 435 921 666 35 24 559 64 144 443 718 603 35 418 105 79 391 166 839 -1 400 300 83 739 332 943 626 572 107 485 433 137 294 684 48 167 223 355 94 24 338 34 577 845 294 134 342 882 440 603 131 251 715 980 744 48 226 253 324 139 310 380 432 945 13 512 298 79 75 106 666 398 378 812 325 13 402 41 286 391 27 85 378 266 570 615 731 533 266 569 662 417 574 803 603 572 105 35 668 870 338 895 290 832 225 -1 398 12 341 689 11 545 280 382 75 54 106 591 890 545 192 223 320 19 -1 824 43 49 379 223 226 940 710 210 864 789 147 818 526 148 912 548 368 269 517 272 125 447 536 240 125 124 850 752 578 106 534 186 727 244 987 868 856 170 205 13 493 1 844 102 640 734 45 595 731 804 868 442 216 284 198 659 45 344 987 811 148 362 202 222 114 312 114 23 38 58 807 565 250 729 319 307 506 397 458 45 127 190 888 1 257 6 79 267 506 290 291 572 193 257 731 945 304 517 102 453 684 32 486 142 184 823 476 131 308 436 830 189 347 220 244 704 351 410 100 400 663 257 845 175 -1 596 482 487 68 481 480 559 631 924 425 225 190 103 254 294 32 77 231 460 14 803 715 198 120 208 244 106 506 399 460 131 76 652 335 182 398 12 237 838 566 202 69 41 328 945 940 338 416 647 324 363 7 490 153 316 754 194 25 240 446 347 228 36 463 444 402 -1 363 189 342 265 995 195 347 512 403 593 220 661 370 253 45 416 665 582 261 963 54 332 447 288 370 630 338 342 669 994 432 572 549 666 88 425 -1 945 36 267 659 811 436 684 908 364 2 260 379 704 43 410 391 371 488 405 22 56 170 127 130 565 448 189 877 727 34 -1 153 877 117 131 223 665 308 742 774 75 706 228 178 140 569 302 387 117 30 666 68 468 347 303 68 522 202 426 422 22 221 803 288 301 726 2 416 160 811 535 491 598 92 223 231 13 19 525 398 522 148 929 328 708 506 77 998 264 276 -1 665 19 263 52 437 339 605 338 313 560 373 491 30 856 260 203 408 226 518 231 497 804 425 437 503 294 351 519 2 131 206 536 362 868 838 789 663 350 521 559 869 870 64 294 64 551 211 468 501 328 76 630 257 619 939 41 877 368 888 877 482 309 303 189 987 356 734 76 132 608 888 227 431 525 38 126 713 988 988 195 803 912 187 483 688 83 349 653 573 647 497 278 86 559 435 156 368 668 34 636 773 703 701 417 422 771 988 -1 15 918 771 536 228 704 18 560 416 402 494 556 573 68 870 665 856 49 115 797 341 246 198 106 701 253 605 398 961 328 24 38 467 20 57 453 763 529 819 425 380 -1 525 501 725 553 112 19 752 115 151 7 868 751 214 552 589 320 731 13 402 34 845 2 11 479 22 517 656 839 198 115 127 323 147 437 913 386 232 303 85 106 -1 808 276 865 650 589 387 228 278 804 210 302 412 490 440 870 650 580 448 119 391 626 557 345 536 370 945 387 64 688 801 301 838 79 963 577 391 986 68 772 174 533 263 734 -1 824 -1 608 252 232 351 880 1 300 132 963 562 355 63 742 251 56 350 491 980 845 120 -1 431 152 34 560 733 972 
994 132 431 557 734 214 100 203 491 963 34 483 144 458 312 258 845 501 926 14 947 650 280 60 592 15 332 519 446 391 436 786 530 870 170 166 90 347 378 988 820 190 372 316 998 831 -1 128 889 909 621 -1 -1 838 110 302 690 414 735 501 121 210 153 503 291 551 589 943 350 766 621 533 615 41 270 706 25 821 572 410 355 302 589 160 41 219 276 308 51 181 403 541 123 621 92 940 65 111 659 489 521 425 898 187 355 473 94 885 882 137 881 269 970 892 449 596 64 179 683 36 598 206 140 152 468 97 612 126 -1 117 628 27 640 117 540 651 300 159 228 744 318 237 96 650 250 913 845 113 109 880 112 184 625 669 2 332 661 845 156 89 321 666 175 198 332 370 141 607 22 174 108 402 543 13 898 381 963 491 642 304 351 -1 447 864 234 338 822 222 211 5 337 30 142 901 894 77 998 545 193 130 285 68 646 876 391 166 -1 570 738 901 5 27 493 1 254 211 18 391 226 150 74 272 878 422 961 47 397 520 158 211 362 158 580 994 -1 545 704 783 324 888 209 493 106 811 955 347 490 482 560 290 122 617 92 469 103 127 323 718 781 210 897 194 99 200 427 426 299 40 868 394 -1 13 441 560 913 68 729 908 986 560 277 351 453 491 111 797 40 402 382 516 6 435 921 666 35 24 559 64 144 443 718 603 35 418 105 79 391 166 839 -1 400 300 83 739 332 943 626 572 107 485 433 137 294 684 48 167 223 355 94 24 338 34 577 845 294 134 342 882 440 603 131 251 715 980 744 48 226 253 324 139 310 380 432 945 13 512 298 79 75 106 666 398 378 812 325 13 402 41 286 391 27 85 378 266 570 615 731 533 266 569 662 417 574 803 603 572 105 35 668 870 338 895 290 832 225 -1 398 12 341 689 11 545 280 382 75 54 106 591 890 545 192 223 320 19 -1 824 43 49 379 223 226 940 710 210 864 789 147 818 526 148 912 548 368 269 517 272 125 447 536 240 125 124 850 752 578 106 534 186 727 244 987 868 856 170 205 13 493 1 844 102 640 734 45 595 731 804 868 442 216 284 198 659 45 344 987 811 148 362 202 222 114 312 114 23 38 58 807 565 250 729 319 307 506 397 458 45 127 190 888 1 257 6 79 267 506 290 291 572 193 257 731 945 304 517 102 453 684 32 486 142 184 823 476 131 308 436 830 189 347 220 244 704 351 410 100 400 663 257 845 175 -1 596 482 487 68 481 480 559 631 924 425 225 190 103 254 294 32 77 231 460 14 803 715 198 120 208 244 106 506 399 460 131 76 652 335 182 398 12 237 838 566 202 69 41 328 945 940 338 416 647 324 363 7 490 153 316 754 194 25 240 446 347 228 36 463 444 402 -1 363 189 342 265 995 195 347 512 403 593 220 661 370 253 45 416 665 582 261 963 54 332 447 288 370 630 338 342 669 994 432 572 549 666 88 425 -1 945 36 267 659 811 436 684 908 364 2 683 379 704 43 410 391 371 488 405 22 56 170 127 130 565 448 189 877 727 34 -1 153 877 117 131 223 665 308 605 774 75 706 228 178 140 569 302 387 117 30 666 68 468 347 303 68 522 202 426 422 22 221 803 288 301 726 2 416 160 811 535 491 598 92 223 231 13 19 525 398 522 148 929 328 708 506 77 998 264 276 -1 665 19 263 52 437 339 683 338 313 560 373 491 30 856 260 203 408 226 518 231 497 804 425 437 503 294 351 519 2 131 206 536 362 868 838 789 663 350 521 559 869 870 64 294 64 551 211 468 501 328 76 630 257 619 939 41 877 368 888 877 482 309 303 189 987 356 734 76 132 608 888 227 431 525 38 126 713 988 988 195 803 912 187 483 688 83 349 653 573 647 497 278 86 559 435 156 368 668 34 636 773 703 701 417 422 771 988 -1 15 918 771 536 228 704 18 560 416 402 494 556 573 68 870 665 856 49 115 797 341 246 198 106 701 253 605 398 961 328 24 38 467 20 57 453 763 529 819 425 380 -1 525 501 725 553 112 19 752 115 151 7 868 751 214 552 589 320 731 13 402 34 845 2 11 479 22 517 656 839 198 115 127 323 147 437 913 386 232 303 85 106 -1 808 276 865 650 589 387 228 278 804 210 302 412 490 440 870 650 580 448 119 391 626 557 345 536 370 945 387 64 688 801 301 838 79 963 577 391 986 68 772 174 533 263 734 -1 824 -1 608 252 232 351 880 1 300 132 963 562 355 63 683 251 56 350 491 980 845 120 -1 431 152 34 560 733 972 
994 132 431 557 734 214 100 203 491 963 34 483 144 458 312 258 845 501 926 14 947 650 280 60 592 15 332 519 446 391 436 786 530 870 170 166 90 347 378 988 820 190 372 658 998 831 -1 128 889 909 621 -1 -1 838 110 302 690 414 735 501 121 210 153 503 291 551 589 943 350 766 621 533 615 41 270 706 25 821 572 410 355 302 589 160 41 219 276 308 51 181 403 541 123 621 92 940 65 111 659 489 521 425 898 187 355 473 94 885 882 137 881 269 970 892 449 596 64 179 683 36 598 206 140 152 468 97 612 126 -1 117 628 27 640 117 540 651 300 159 228 744 318 237 96 650 250 913 845 113 109 880 112 184 625 669 2 332 661 845 156 89 321 666 175 198 332 370 141 607 22 174 108 402 543 13 898 381 963 491 642 304 351 -1 447 864 234 338 822 222 211 5 337 30 142 901 894 77 998 545 193 130 285 68 646 876 391 166 -1 570 738 901 5 27 493 1 254 211 18 391 226 150 74 272 878 422 961 47 397 520 158 211 362 158 580 994 -1 545 704 783 324 888 209 493 106 811 955 347 490 482 560 290 122 617 92 469 103 127 323 718 781 210 897 194 99 200 427 426 299 40 868 394 -1 13 441 560 913 68 729 908 986 560 277 351 453 491 111 797 40 402 382 516 6 435 921 666 35 24 559 64 144 443 718 603 35 418 105 79 391 166 839 -1 400 300 83 739 332 943 604 572 107 485 433 137 294 684 48 167 223 355 94 24 338 34 577 845 294 134 342 882 440 603 131 251 715 980 744 48 226 253 324 139 310 380 432 945 13 512 298 79 75 106 666 398 378 812 325 13 402 41 286 391 27 85 378 266 570 615 731 533 266 569 662 417 574 803 603 572 105 35 668 870 338 895 290 832 225 -1 398 12 341 689 11 545 280 382 75 54 106 591 890 545 192 223 320 19 -1 824 43 49 379 223 226 940 710 210 864 789 147 818 526 148 912 548 368 269 517 272 125 447 536 240 125 124 850 752 578 106 534 186 727 244 987 868 856 170 205 13 493 1 844 102 640 734 45 604 731 804 868 442 216 284 198 659 45 344 987 811 148 362 202 222 114 312 114 23 38 58 807 565 250 729 319 307 506 397 458 45 127 190 888 1 257 6 79 267 506 290 291 572 193 257 731 945 304 517 102 453 684 32 486 142 184 823 476 131 308 436 830 189 347 220 244 704 351 410 100 400 663 257 845 175 -1 596 482 487 68 481 480 559 631 924 425 225 190 103 254 294 32 77 231 460 14 803 715 198 120 208 244 106 506 399 460 131 76 652 335 182 398 12 237 838 566 202 69 41 328 945 940 338 416 647 324 363 7 490 153 604 754 194 25 240 446 347 228 36 20 444 402 -1 363 189 342 265 995 195 347 512 403 593 220 661 370 253 45 416 665 582 261 963 54 332 447 288 370 630 338 342 669 994 432 572 549 666 88 425 -1 945 36 267 659 811 436 684 908 364 2 683 379 704 626 410 391 371 488 405 22 56 170 127 130 565 448 189 877 727 34 -1 153 877 117 131 223 665 308 605 774 75 706 228 178 140 569 302 387 117 30 666 68 468 347 303 68 522 202 426 422 22 221 803 288 301 726 2 416 160 811 535 491 598 92 223 231 13 19 525 398 522 148 929 328 708 506 77 998 264 276 -1 665 19 263 52 437 339 683 338 313 560 373 491 30 856 260 203 408 226 518 231 497 804 425 437 503 294 351 519 2 131 206 536 362 868 838 789 663 350 521 559 869 870 64 294 64 551 211 468 501 328 76 630 257 619 939 41 877 368 888 877 482 309 303 189 987 356 734 76 132 608 888 227 431 525 38 126 713 988 988 195 803 912 187 483 688 83 349 653 573 647 497 278 86 559 435 156 368 668 34 636 773 703 701 417 422 771 988 -1 15 918 771 536 228 704 18 560 416 402 494 556 573 68 870 665 856 49 115 797 341 246 198 106 701 253 605 398 961 328 24 38 467 20 57 453 763 529 819 425 380 -1 525 501 725 553 112 19 752 115 151 7 868 751 214 552 589 320 731 13 402 34 845 2 11 479 22 517 656 839 198 115 127 323 147 437 913 386 232 303 85 106 -1 808 276 865 650 589 387 228 278 804 210 302 412 490 440 870 650 580 448 119 391 626 557 345 536 370 945 387 64 688 801 301 838 79 963 577 391 986 68 772 174 533 263 734 -1 824 -1 608 252 232 351 880 1 300 132 963 562 355 63 683 251 56 350 491 980 845 120 -1 431 152 34 560 733 972 
994 132 431 557 734 214 100 203 491 963 34 483 144 458 312 258 845 501 926 14 947 650 280 60 592 15 332 519 446 391 436 786 530 870 170 166 90 347 378 988 820 190 372 658 998 831 -1 128 889 909 621 -1 -1 838 110 302 690 414 735 501 121 210 153 503 291 551 589 943 350 766 621 533 615 41 270 706 25 821 572 410 355 302 589 160 41 219 276 308 51 181 403 541 123 621 92 940 65 111 659 489 521 425 898 187 355 473 94 885 882 137 881 269 970 892 449 596 64 179 683 36 598 206 140 152 468 97 612 126 -1 117 628 27 640 117 540 651 300 159 228 744 318 237 96 650 250 913 845 113 109 880 112 184 625 669 2 332 661 845 156 89 321 666 175 198 332 370 141 607 22 174 108 402 543 13 898 381 963 491 642 304 351 -1 447 864 234 338 822 222 211 5 337 30 142 901 894 77 998 545 193 130 285 68 646 876 391 166 -1 570 738 901 5 27 493 1 254 211 18 391 226 150 74 272 878 422 961 47 397 184 158 211 362 158 580 994 -1 545 704 783 324 888 209 493 106 811 955 347 490 482 560 290 122 617 92 469 103 127 323 718 781 210 897 194 99 200 427 426 299 40 868 394 -1 13 441 560 913 68 729 908 986 560 277 351 453 491 111 797 40 402 382 516 6 435 921 666 35 24 559 64 144 443 718 603 35 418 105 79 391 166 839 -1 400 300 83 739 332 943 604 572 107 485 433 137 294 684 48 167 223 355 94 24 338 34 577 845 294 134 342 882 440 603 131 251 715 980 744 48 226 253 324 139 310 380 432 945 13 512 298 79 75 106 666 398 378 812 325 13 402 41 286 391 27 85 378 266 570 615 731 533 266 569 662 417 574 803 603 572 105 35 668 870 338 895 290 832 225 -1 398 12 341 689 11 545 280 382 75 54 106 591 890 545 192 223 320 19 -1 824 43 49 379 223 226 940 710 210 864 789 147 818 526 148 912 548 368 269 517 272 125 447 536 240 125 124 850 752 578 106 534 186 727 244 987 868 856 170 205 13 493 1 844 102 640 734 45 604 731 804 868 442 216 284 198 659 45 344 987 811 148 362 202 222 114 312 114 23 38 58 807 565 250 729 319 307 506 397 458 45 127 190 888 1 257 6 79 267 506 290 291 572 193 257 731 945 304 517 102 453 684 32 486 142 227 823 476 131 308 436 830 189 347 220 244 704 351 410 100 400 663 257 845 175 -1 596 482 487 68 481 480 559 631 924 425 225 190 103 254 294 32 77 231 460 14 803 715 198 120 208 244 106 506 399 460 131 76 652 335 182 398 12 237 838 566 202 69 41 328 945 940 338 416 647 345 363 7 490 153 604 754 194 25 240 446 347 228 36 20 444 402 -1 363 189 342 265 995 195 347 512 403 593 220 661 370 253 45 416 665 582 261 963 54 332 447 288 370 630 338 342 669 994 432 572 549 666 88 425 -1 945 36 267 659 811 436 684 908 364 2 683 379 704 626 410 391 371 488 405 22 56 170 127 130 565 448 189 877 727 34 -1 153 877 117 131 223 665 308 605 774 75 706 228 178 140 569 302 387 117 30 666 68 468 347 303 68 522 202 426 422 22 221 803 288 301 726 2 416 160 811 535 491 598 92 223 231 13 19 525 398 522 148 929 328 708 506 77 998 264 276 -1 665 19 263 52 437 339 683 338 313 560 373 491 30 856 260 203 408 226 518 231 497 804 425 437 503 294 351 519 2 131 206 536 362 868 838 789 663 350 521 559 869 870 64 294 64 551 211 468 501 328 76 630 257 619 939 41 877 368 888 877 482 309 303 189 987 356 734 76 132 608 888 520 431 525 38 126 713 988 988 195 803 912 187 483 688 83 349 653 573 647 497 278 86 559 435 156 368 668 34 636 773 703 701 417 422 771 988 -1 15 918 771 536 228 704 18 560 416 402 494 556 573 68 870 665 856 49 115 797 341 246 198 106 701 253 605 398 961 328 24 38 467 20 57 453 763 529 819 425 380 -1 525 501 725 553 112 19 752 115 151 7 868 751 214 552 589 320 731 13 402 34 845 2 11 479 22 517 656 839 198 115 127 323 147 437 913 386 232 303 85 106 -1 808 276 865 650 589 387 228 278 804 210 302 412 490 440 870 650 580 448 119 391 626 557 345 536 370 945 387 64 688 801 301 838 79 963 577 391 986 68 772 174 533 263 734 -1 824 -1 608 252 232 351 880 1 300 132 963 562 355 63 683 251 56 350 491 980 845 120 -1 431 152 34 560 733 972 
994 132 431 557 734 214 100 203 491 963 34 483 144 458 312 258 845 501 926 14 947 650 280 60 592 15 332 519 446 391 436 786 530 870 170 166 90 347 378 988 820 190 372 658 998 831 -1 128 889 909 621 -1 -1 838 110 302 690 414 735 501 121 210 153 503 291 551 589 943 350 766 621 533 615 41 270 706 25 821 572 410 355 302 589 160 41 219 276 308 51 181 403 541 974 621 92 940 65 111 659 489 521 425 898 187 355 473 94 885 882 137 881 269 970 892 449 596 64 179 683 36 598 206 140 92 468 97 612 126 -1 117 628 27 640 117 540 651 257 159 228 744 318 237 96 650 250 913 845 113 109 880 112 184 625 669 2 332 661 845 156 89 321 666 175 198 332 370 141 607 22 174 108 402 543 13 898 381 963 491 642 304 351 -1 447 864 234 338 822 222 211 5 337 30 142 901 894 77 998 545 193 130 285 68 646 876 391 166 -1 570 738 901 5 27 493 1 254 211 18 391 226 150 74 272 878 422 961 47 397 184 158 211 362 158 580 994 -1 545 704 783 324 888 209 493 106 811 955 347 490 482 560 290 122 617 92 469 103 127 323 123 781 210 897 194 99 200 427 426 299 40 868 394 -1 13 441 560 913 68 729 908 986 560 277 351 453 491 111 797 40 402 382 516 6 435 921 666 35 24 559 64 144 443 979 603 35 418 105 79 391 166 839 -1 400 115 83 739 332 943 604 572 107 485 433 137 294 684 48 167 223 355 94 24 338 34 577 845 294 134 342 882 440 603 131 251 715 980 744 48 226 253 324 139 310 380 432 945 13 512 298 79 75 106 666 398 378 812 325 13 402 41 286 391 27 85 378 266 570 615 731 533 266 569 662 417 574 803 603 572 105 35 668 870 338 895 290 832 225 -1 398 12 341 689 11 545 280 382 75 54 106 591 890 545 192 223 320 19 -1 824 43 49 379 223 226 940 710 210 864 789 147 818 526 148 912 548 368 269 517 272 125 447 536 240 125 124 850 752 578 106 534 186 727 244 987 868 856 170 205 13 493 1 844 102 640 734 45 604 731 804 868 442 216 284 198 659 45 344 987 811 148 362 202 222 114 312 114 23 38 58 807 565 250 729 319 307 506 397 458 45 127 190 888 1 257 6 79 267 506 290 291 572 193 257 731 945 304 517 102 453 684 32 486 142 227 823 476 131 308 436 830 189 347 220 244 704 351 410 100 400 663 257 845 175 -1 596 482 487 68 481 480 559 631 924 425 225 190 103 254 294 32 77 231 460 14 803 715 198 120 208 244 106 506 399 460 131 76 652 335 182 398 12 237 838 566 202 69 41 328 945 940 338 416 647 345 363 7 490 153 604 754 194 25 240 446 347 228 36 20 444 402 -1 363 189 342 265 995 195 347 512 403 593 220 661 370 253 45 416 665 582 261 963 54 332 447 288 370 630 338 342 669 994 432 572 549 666 88 425 -1 945 36 267 659 811 436 684 908 364 2 683 379 704 626 410 391 371 488 405 22 56 170 127 130 565 448 189 877 727 34 -1 153 877 117 131 223 665 308 605 774 75 706 228 178 140 569 302 387 117 30 666 68 468 347 303 68 522 202 426 422 22 221 803 288 301 726 2 416 160 811 535 491 598 257 223 231 13 19 525 398 522 148 929 328 708 506 77 998 264 276 -1 665 19 263 52 437 339 683 338 313 560 373 491 30 856 260 203 408 226 518 231 497 804 425 437 503 294 351 519 2 131 206 536 362 868 838 789 663 350 521 559 869 870 64 294 64 551 211 468 501 328 76 630 257 619 939 41 877 368 888 877 482 309 303 189 987 356 734 76 132 608 888 520 431 525 38 126 713 988 988 195 803 912 187 483 688 83 349 653 573 647 497 278 86 559 435 156 368 668 34 636 773 703 701 417 422 771 988 -1 15 918 771 536 228 704 18 560 416 402 494 556 573 68 870 665 856 49 115 797 341 246 198 106 701 253 605 398 961 328 24 38 467 20 57 453 763 529 819 425 380 -1 525 501 725 553 112 19 752 115 151 7 868 751 214 552 589 320 731 13 402 34 845 2 11 479 22 517 656 839 198 115 127 323 147 437 913 386 232 303 85 106 -1 808 276 865 650 589 387 228 278 804 210 302 412 490 440 870 650 580 448 119 391 626 557 345 536 370 945 387 64 688 801 301 838 79 963 577 391 986 68 772 174 533 263 734 -1 824 -1 608 152 232 351 880 1 754 132 963 562 355 63 683 251 56 350 491 980 845 120 -1 431 152 34 560 733 972 
994 132 431 557 734 214 100 203 491 963 34 483 144 458 312 258 845 501 926 14 947 650 280 60 592 15 332 519 446 391 436 786 530 870 170 166 90 347 378 988 820 190 373 658 998 831 -1 128 889 909 621 -1 -1 838 110 302 690 414 735 501 121 210 153 230 291 551 589 943 350 766 621 533 615 41 270 706 25 821 572 410 355 302 589 160 41 219 276 308 51 181 403 541 974 621 92 940 65 111 659 489 521 425 898 187 355 473 94 885 882 137 881 269 970 892 449 596 64 179 683 36 598 206 140 92 468 97 612 126 -1 117 628 27 640 117 540 651 257 159 228 744 318 237 96 650 250 913 845 113 109 880 112 184 625 669 2 332 661 845 156 89 321 666 175 198 332 370 141 607 22 174 108 402 543 13 898 381 963 491 642 304 351 -1 447 864 234 338 822 222 211 5 337 30 142 901 894 77 998 545 193 130 285 68 646 876 391 166 -1 570 738 901 5 27 493 1 254 211 18 391 226 150 74 272 878 422 961 47 397 184 158 211 362 158 580 994 -1 545 704 783 324 888 209 493 106 811 955 347 490 482 560 290 122 617 92 469 103 127 323 123 781 210 897 194 99 200 427 426 299 40 868 394 -1 13 441 560 913 68 729 908 986 560 277 351 453 491 111 797 40 402 382 516 6 435 921 666 35 24 559 64 144 443 979 603 35 418 105 79 391 166 839 -1 400 115 83 739 332 943 604 572 107 485 433 137 294 684 48 167 223 355 94 24 338 34 577 845 294 134 342 882 440 603 131 251 715 980 744 48 226 253 324 139 310 380 432 945 13 512 298 79 75 106 666 398 266 812 325 13 402 41 286 391 27 85 42 266 570 615 731 533 362 569 662 417 574 803 603 572 105 35 668 870 338 895 290 832 225 -1 398 12 341 689 11 545 280 382 75 54 106 591 890 545 192 223 320 19 -1 824 43 49 379 223 226 940 710 210 864 789 147 818 526 148 912 548 368 269 517 272 125 447 536 240 125 124 850 752 578 106 534 186 727 244 987 868 856 170 205 13 493 1 844 102 640 734 45 604 731 804 868 442 216 284 198 659 45 344 987 811 148 230 202 222 114 312 114 23 378 58 807 565 250 729 319 307 506 397 458 45 127 190 888 1 257 6 79 230 506 290 291 572 193 257 731 945 304 517 102 453 684 32 486 142 227 823 476 131 308 436 830 189 347 220 244 704 351 410 100 400 663 257 845 175 -1 596 482 487 68 481 480 559 631 924 425 225 190 103 254 294 32 77 231 460 14 803 715 198 120 208 244 106 506 399 460 131 76 652 335 182 398 12 237 838 566 202 69 41 328 945 940 338 416 647 345 363 7 490 153 604 754 194 25 240 446 347 228 36 20 444 402 -1 363 189 342 265 995 195 347 512 403 593 220 661 370 253 45 416 665 582 261 963 54 332 447 288 370 630 338 342 669 994 432 572 549 666 88 425 -1 945 36 267 659 811 436 684 908 364 2 683 379 704 626 410 391 371 488 405 22 56 170 127 130 565 448 189 877 727 34 -1 153 877 117 131 223 665 308 605 774 75 706 228 178 140 569 302 387 117 30 666 68 468 347 303 68 522 202 426 422 22 221 803 288 301 726 2 416 160 811 535 491 598 257 223 231 13 19 525 398 522 148 929 328 708 506 77 998 264 276 -1 665 19 263 52 437 339 683 338 313 560 373 491 30 856 260 203 408 226 518 231 497 804 425 437 267 294 351 519 2 131 206 536 230 868 838 789 663 350 521 559 869 870 64 294 64 551 211 468 501 328 76 630 257 619 939 41 877 368 888 877 482 309 303 189 987 356 734 76 132 608 888 520 431 525 556 126 713 988 988 195 803 912 187 483 688 83 349 653 573 647 497 278 86 559 435 156 368 668 34 636 773 703 701 417 422 771 988 -1 15 918 771 536 228 704 18 560 416 402 494 556 573 68 870 665 856 49 115 797 341 246 198 106 701 253 605 398 961 328 24 556 467 20 57 453 763 529 819 425 380 -1 525 501 725 553 112 19 752 115 151 7 868 751 214 552 589 320 731 13 402 34 845 2 11 479 22 517 656 839 198 115 127 323 147 437 913 386 232 303 85 106 -1 808 276 865 650 589 387 228 278 804 210 302 412 490 440 870 650 580 448 119 391 626 557 345 536 370 945 387 64 688 801 301 838 79 963 577 391 986 68 772 174 533 263 734 -1 824 -1 608 152 232 351 880 1 754 132 963 562 355 825 683 251 56 350 491 980 845 120 -1 431 152 34 560 733 972 
994 132 431 557 734 214 100 203 491 963 34 483 144 458 312 258 845 501 926 14 947 650 280 60 592 15 332 519 446 391 436 786 530 870 170 166 90 347 378 988 820 190 373 658 998 831 -1 128 889 909 621 -1 -1 838 110 302 690 414 735 501 121 210 153 230 291 551 102 943 350 766 621 533 615 41 270 706 25 821 572 410 355 302 102 160 41 219 276 308 51 181 403 541 974 621 92 940 65 111 659 489 521 425 898 187 355 473 94 885 882 137 881 269 970 892 449 596 64 179 683 36 598 206 140 92 468 97 612 126 -1 117 628 27 640 117 540 651 257 159 228 744 318 237 96 650 250 913 845 113 109 880 112 184 625 669 2 332 661 845 156 89 321 666 175 198 332 370 141 607 22 174 108 402 543 13 898 381 963 491 642 304 351 -1 447 864 234 338 822 222 211 5 337 30 142 901 894 77 998 545 193 130 285 68 646 876 391 166 -1 570 738 901 5 27 493 1 254 211 18 391 226 150 74 272 878 422 961 47 397 184 158 211 362 158 580 994 -1 545 704 783 324 888 209 493 106 811 955 347 490 482 560 290 122 617 92 469 103 127 323 123 781 210 897 194 99 200 427 426 299 40 868 394 -1 13 441 560 913 68 729 908 986 560 277 351 453 491 111 797 40 402 382 516 6 435 921 666 35 24 559 64 144 443 979 603 35 418 105 79 391 166 839 -1 400 115 83 739 332 943 604 572 107 485 433 137 294 684 48 167 223 355 94 24 338 34 577 845 294 134 342 882 440 603 131 251 715 980 744 48 226 253 324 139 310 380 432 945 13 512 298 79 75 106 666 398 266 812 325 13 402 41 286 391 27 85 42 266 570 615 731 533 362 569 662 417 574 803 603 572 105 35 668 870 338 895 290 832 225 -1 398 12 341 689 11 545 280 382 75 54 106 591 890 545 192 223 320 19 -1 824 43 49 379 223 226 940 710 210 864 789 147 818 526 148 912 548 368 269 517 272 125 447 536 240 125 124 850 752 578 106 534 186 727 244 987 868 856 170 205 13 493 1 844 102 640 734 45 604 731 804 868 442 216 284 198 659 45 344 987 811 148 230 202 222 114 312 114 23 378 58 807 565 250 729 319 307 506 397 458 45 127 190 888 1 257 6 79 230 506 290 291 572 193 257 731 945 304 517 102 453 684 32 486 142 227 823 476 131 308 436 830 189 347 220 244 704 351 410 100 400 663 257 845 175 -1 596 482 487 68 481 480 559 631 924 425 225 190 103 254 294 32 77 231 460 14 803 715 198 120 208 244 106 506 399 460 131 76 652 335 182 398 12 237 838 566 202 69 41 328 945 940 338 416 647 345 363 7 490 153 604 754 194 25 240 446 347 228 36 20 444 402 -1 363 189 342 265 995 195 347 512 403 593 220 661 370 253 45 416 665 582 261 963 54 332 447 288 370 630 338 342 669 994 432 572 549 666 88 425 -1 945 36 984 659 811 436 684 908 364 2 683 379 704 626 410 391 371 488 405 22 56 170 127 130 565 448 189 877 727 34 -1 153 877 117 131 223 665 308 605 774 75 706 228 178 140 569 302 387 117 30 666 68 468 347 303 68 522 202 426 422 22 221 803 288 301 726 2 416 160 811 535 491 598 257 223 231 13 19 525 398 522 148 929 328 708 506 77 998 264 276 -1 665 19 263 52 437 339 683 338 313 560 373 491 30 856 260 203 408 226 518 231 497 804 425 437 267 294 351 519 2 131 206 536 230 868 838 789 663 350 521 559 869 870 64 294 64 551 211 468 501 328 76 630 257 619 939 41 877 368 888 877 482 309 303 189 987 356 734 76 132 608 888 520 431 525 556 126 713 988 988 195 803 912 187 483 688 83 349 653 573 647 497 278 86 559 435 156 368 668 34 636 773 703 701 417 422 771 988 -1 15 918 771 536 228 704 18 560 416 402 494 556 573 68 870 665 856 49 115 797 341 246 198 106 701 253 605 398 961 328 24 556 467 20 57 453 763 529 819 425 380 -1 525 501 725 553 112 19 752 115 151 7 868 751 214 552 102 320 731 13 402 34 845 2 11 479 22 517 656 839 198 115 127 323 147 437 913 386 232 303 85 106 -1 808 276 865 650 647 387 228 278 804 210 302 412 490 440 870 650 580 448 119 391 626 557 345 536 370 945 387 64 688 801 301 838 79 963 577 391 986 68 772 174 533 263 734 -1 824 -1 608 152 232 351 880 1 754 132 963 562 355 267 683 251 56 350 491 980 845 120 -1 431 152 34 560 733 972 
994 132 431 557 734 214 100 203 491 963 34 483 144 458 312 258 845 501 926 14 947 650 280 60 592 15 332 519 446 391 436 786 530 870 170 166 90 347 378 988 820 190 373 658 998 831 -1 128 889 909 621 -1 -1 838 110 302 690 414 735 501 121 210 153 230 291 551 102 943 350 766 621 533 615 41 270 706 25 821 572 410 355 302 102 160 41 219 276 308 51 181 403 541 974 621 92 940 65 111 659 489 521 425 898 187 355 473 94 885 882 137 881 269 970 892 449 596 64 179 683 36 598 206 140 92 468 97 612 126 -1 117 628 27 640 117 540 651 257 159 228 744 318 237 96 650 250 913 845 113 109 880 112 184 625 669 2 332 661 845 156 89 321 666 175 198 332 370 141 607 22 174 108 402 543 13 898 381 963 491 642 304 351 -1 447 864 234 338 822 222 211 5 337 30 142 901 894 77 998 545 193 130 285 68 646 876 391 166 -1 570 669 901 5 27 493 1 254 211 18 391 226 150 74 272 878 422 961 47 397 184 158 211 362 158 580 994 -1 545 704 783 324 888 209 493 106 811 955 347 490 482 560 290 122 617 92 469 103 127 323 123 781 210 897 194 99 200 427 426 299 40 868 394 -1 13 441 560 913 68 729 908 986 560 277 351 453 491 111 797 40 402 382 516 6 435 921 666 35 24 559 64 144 443 979 603 35 418 105 79 391 166 839 -1 400 115 83 739 332 943 604 572 107 485 433 137 294 684 48 167 223 355 94 24 338 34 577 845 294 134 342 882 440 603 131 251 715 980 744 48 226 253 324 139 310 380 432 945 13 512 298 79 75 106 666 398 266 812 325 13 402 41 286 391 27 85 42 266 570 615 731 533 362 569 662 417 574 803 603 572 105 35 668 870 338 895 290 368 225 -1 398 12 341 689 11 545 280 382 75 54 106 591 890 545 192 223 320 19 -1 824 43 49 379 223 226 940 710 210 864 789 147 818 526 148 912 548 368 269 517 272 125 447 536 240 125 124 850 752 578 106 534 186 727 244 987 868 856 170 205 13 493 1 844 102 640 734 45 604 731 804 868 442 216 284 198 659 45 344 987 811 148 230 202 222 114 312 114 23 378 58 807 565 250 729 319 307 506 397 458 45 127 190 888 1 257 6 79 230 506 290 291 572 193 257 731 945 304 517 102 453 684 32 486 142 227 823 476 131 308 436 830 189 347 220 244 704 351 410 100 400 663 257 845 175 -1 596 482 487 68 481 480 559 631 924 425 225 190 103 254 294 32 77 231 460 14 803 715 198 120 738 244 106 506 399 460 131 76 652 335 182 398 12 237 838 566 202 69 41 328 945 940 338 416 647 345 363 7 490 153 604 754 194 25 240 446 347 228 36 20 444 402 -1 363 189 342 265 995 195 347 512 403 593 220 661 370 253 45 416 665 582 261 963 54 332 447 288 370 630 338 342 669 994 432 572 549 666 88 425 -1 945 36 984 659 811 436 684 908 364 2 683 379 704 626 410 391 371 488 405 22 56 170 127 130 565 448 189 877 727 34 -1 153 877 117 131 223 665 308 605 774 75 706 228 178 140 569 302 387 117 30 666 68 468 347 303 68 522 202 426 422 22 221 803 288 301 726 2 416 160 811 535 491 598 257 223 231 13 19 525 398 522 148 929 328 708 506 77 998 264 276 -1 665 19 263 52 437 339 683 338 313 560 373 491 30 856 260 203 408 226 518 231 497 804 425 437 267 294 351 519 2 131 206 536 230 868 838 789 663 350 521 559 869 870 64 294 64 551 211 468 501 328 76 630 257 619 939 41 877 393 888 877 482 863 303 189 987 356 734 76 132 608 888 520 431 525 556 126 713 988 988 195 803 912 187 483 688 83 349 653 573 647 497 278 86 559 435 156 393 668 34 208 773 703 701 417 422 771 988 -1 15 918 771 536 228 704 18 560 416 402 494 556 573 68 870 665 856 49 115 309 341 246 198 106 701 253 605 398 961 328 24 556 467 20 57 453 763 529 819 425 380 -1 525 501 725 553 112 19 752 115 151 7 868 751 214 552 102 320 731 13 402 34 845 2 11 479 22 517 656 839 198 115 127 323 147 437 913 386 232 303 85 106 -1 808 276 865 650 647 387 228 278 804 210 302 412 490 440 870 650 580 448 119 391 626 557 345 536 370 945 387 64 688 801 301 838 79 963 577 391 986 68 772 174 533 263 734 -1 824 -1 608 152 232 351 880 1 754 132 963 562 355 267 683 251 56 350 491 980 845 120 -1 431 152 34 560 733 972 
994 132 431 510 734 214 100 203 491 963 34 483 144 458 312 258 845 501 926 14 947 650 280 60 592 15 332 519 446 391 436 786 530 870 170 166 90 347 378 988 820 190 373 658 998 831 862 128 889 909 621 -1 -1 838 110 302 690 414 735 501 121 210 153 230 291 551 102 943 350 766 621 533 615 41 270 706 25 821 572 410 355 302 102 160 41 219 276 308 51 181 403 541 974 621 92 940 65 111 659 489 521 425 898 187 355 473 94 885 882 137 881 269 970 892 449 915 64 179 683 36 598 206 140 92 468 97 612 126 -1 117 628 27 640 117 540 651 257 159 228 744 318 237 96 650 250 913 845 113 109 880 112 184 625 669 2 332 661 845 156 89 321 666 175 198 332 370 141 607 22 174 108 402 543 13 898 381 963 491 642 304 351 -1 447 864 234 338 822 222 211 5 337 30 142 901 894 77 998 545 193 130 285 68 646 876 391 166 -1 570 669 901 5 27 493 1 254 211 18 391 226 150 74 272 878 422 961 47 397 184 158 211 362 158 580 994 -1 545 704 783 324 888 209 493 106 811 955 347 490 482 560 290 122 617 92 469 103 127 510 123 781 210 897 194 99 200 427 426 299 40 868 394 -1 13 441 560 913 68 729 908 986 560 277 351 453 491 111 797 40 402 382 516 6 435 921 666 35 24 559 64 144 443 311 603 35 418 105 79 391 166 839 -1 400 754 83 739 332 943 604 572 107 485 433 137 294 684 48 167 223 355 94 24 338 34 577 845 294 134 342 882 440 603 131 251 715 980 744 48 226 253 324 139 310 380 432 945 13 512 298 79 75 106 666 398 266 812 325 13 402 41 286 391 27 85 42 266 570 615 510 533 362 569 662 417 574 803 603 572 105 35 668 870 338 895 290 368 225 -1 398 12 341 689 11 545 280 382 75 54 106 591 890 545 192 223 320 19 -1 824 43 49 379 223 226 940 710 210 864 789 147 818 526 148 912 548 368 269 517 272 125 447 536 240 125 124 850 752 578 106 534 186 727 244 987 868 856 170 205 13 493 1 844 102 640 734 45 604 195 804 868 442 216 284 198 659 45 344 987 811 148 230 202 222 114 312 114 23 378 58 807 565 250 729 319 307 506 397 458 45 127 190 888 1 257 6 79 230 506 290 291 572 193 257 77 945 304 517 102 453 684 32 486 142 227 823 476 131 308 436 830 189 347 220 244 704 351 410 100 400 663 257 845 175 -1 518 482 487 68 481 480 559 631 924 425 225 190 103 254 294 32 77 231 460 14 803 715 198 120 738 244 106 506 399 460 131 76 652 335 182 398 12 237 838 566 202 69 41 328 945 940 338 416 647 345 363 7 490 153 604 915 194 25 240 446 347 228 36 20 444 402 -1 363 189 342 265 995 195 347 512 403 593 220 661 370 253 45 416 665 582 261 963 54 332 447 288 370 630 338 342 669 994 432 572 549 666 88 425 -1 945 36 984 659 811 436 684 908 364 2 683 379 704 626 410 391 371 488 405 22 56 170 127 130 565 448 189 877 727 34 -1 153 877 117 131 223 665 308 605 774 75 706 228 178 140 569 302 387 117 30 666 68 468 347 303 68 522 202 426 422 22 221 803 288 301 726 2 416 160 811 535 491 598 257 223 231 13 19 525 398 522 148 929 328 708 506 510 998 264 276 -1 665 19 263 52 437 339 683 338 313 560 373 491 30 856 260 203 408 226 518 231 497 804 425 437 267 294 351 519 2 131 206 536 230 868 838 789 663 350 521 559 869 870 64 294 64 551 211 468 501 328 76 630 257 619 939 41 877 393 888 877 482 863 303 189 987 356 734 76 132 608 888 520 431 525 556 126 713 988 988 195 803 912 187 483 688 83 349 653 573 647 497 278 86 559 435 156 393 668 34 208 773 703 701 417 422 771 988 -1 15 918 771 536 228 704 18 560 416 402 494 556 573 68 870 665 856 49 311 309 341 246 198 106 701 253 605 398 961 328 24 556 467 20 57 453 763 529 819 425 380 -1 525 501 725 553 112 19 752 915 151 7 868 751 214 552 102 320 -1 13 402 34 845 2 11 479 22 517 656 839 198 91 127 510 147 437 913 386 232 303 85 106 -1 808 276 865 650 647 387 228 278 804 210 302 412 490 440 870 650 580 448 119 391 626 557 345 536 370 945 387 64 688 801 301 838 79 963 577 391 986 68 772 174 533 263 734 -1 824 -1 608 152 232 351 880 1 300 132 963 562 355 267 683 251 56 350 491 980 845 120 -1 431 152 34 560 733 972 
994 132 431 510 734 214 100 203 491 963 34 483 144 458 312 258 845 501 926 14 947 650 280 60 592 15 332 519 446 391 436 786 530 870 170 166 90 347 378 988 820 190 373 658 998 831 862 128 889 909 621 -1 -1 838 110 302 690 414 735 501 121 210 153 230 291 551 102 943 350 766 621 533 615 41 270 706 25 821 572 410 355 302 102 160 41 219 276 308 51 181 403 541 974 621 92 940 65 111 659 489 521 425 898 187 355 473 94 885 882 137 881 269 970 892 449 915 64 179 683 36 598 206 140 92 468 97 612 126 -1 117 628 27 640 117 540 651 257 159 228 744 318 237 96 650 250 913 845 113 109 880 112 184 625 669 2 332 661 845 156 89 321 666 175 198 332 370 141 607 22 174 108 402 543 13 898 381 963 491 642 304 351 -1 447 864 234 338 822 222 211 5 337 30 142 901 894 464 998 545 193 130 285 68 646 876 391 166 -1 570 669 901 5 27 493 1 254 211 18 391 226 150 74 272 878 422 961 47 397 184 158 211 362 158 580 994 -1 545 704 783 324 888 209 493 106 811 955 347 490 482 560 290 122 617 92 469 103 127 510 123 781 210 897 194 99 200 427 426 299 40 868 394 -1 13 441 560 913 68 729 908 986 560 277 351 453 491 111 797 40 402 382 516 6 435 921 666 35 24 559 64 144 443 311 603 35 418 105 79 391 166 839 -1 400 754 83 739 332 943 604 572 107 485 433 137 294 684 48 167 223 355 94 24 338 34 577 845 294 134 342 882 440 603 131 251 715 980 744 48 226 253 324 139 310 380 432 945 13 512 298 79 75 106 666 398 266 812 325 13 402 41 286 391 27 85 42 266 570 615 510 533 362 569 662 417 574 803 603 572 105 35 668 870 338 895 290 368 225 -1 398 12 341 689 11 545 280 382 75 54 106 591 890 545 192 223 320 19 -1 824 43 49 379 223 226 940 710 210 864 789 147 818 526 148 912 548 368 269 517 272 125 447 536 240 125 124 850 752 578 106 534 186 727 244 987 868 856 170 205 13 493 1 844 102 640 734 45 604 77 804 868 442 216 284 198 659 45 344 987 811 148 230 202 222 114 312 114 23 378 58 807 565 250 729 319 307 506 397 458 45 127 190 888 1 257 6 79 230 506 290 291 572 193 257 77 945 304 517 102 453 684 32 486 142 227 823 476 131 308 436 830 189 347 220 244 704 351 410 100 400 663 257 845 175 -1 518 482 487 68 481 480 559 631 924 425 225 190 103 254 294 32 77 231 460 14 803 715 198 120 738 244 106 506 399 460 131 76 652 335 182 398 12 237 838 566 202 69 41 328 945 940 338 416 647 345 363 7 490 153 604 915 194 25 240 446 347 228 36 20 444 402 -1 363 189 342 265 995 324 347 512 403 593 220 661 370 253 45 416 665 582 261 963 54 332 447 288 370 630 338 342 669 994 432 572 549 666 88 425 -1 945 36 984 659 811 436 684 908 364 2 683 379 704 626 410 391 371 488 405 22 56 170 127 130 565 448 189 877 727 34 -1 153 877 117 131 223 665 308 605 774 75 706 228 178 140 569 302 387 117 30 666 68 468 347 303 68 522 202 426 422 22 221 803 288 301 726 2 416 160 811 535 491 598 257 223 231 13 19 525 398 522 148 929 328 708 506 464 998 264 276 -1 665 19 263 52 437 339 683 338 313 560 373 491 30 856 260 203 408 226 518 231 497 804 425 437 267 294 351 519 2 131 206 536 230 868 838 789 663 350 521 559 869 870 64 294 64 551 211 468 501 328 76 630 257 619 939 41 877 393 888 877 482 863 303 189 987 356 734 76 132 608 888 520 431 525 556 126 713 988 988 464 803 912 187 483 688 83 349 653 573 647 497 278 86 559 435 156 393 668 34 208 773 703 701 417 422 771 988 -1 15 918 771 536 228 704 18 560 416 402 494 556 573 68 870 665 856 49 311 309 341 246 198 106 701 253 605 398 961 328 24 556 467 20 57 453 763 529 819 425 380 -1 525 501 725 553 112 19 752 915 151 7 868 751 214 552 102 320 464 13 402 34 845 2 11 479 22 517 656 839 198 91 127 510 147 437 913 386 232 303 85 106 -1 808 276 865 650 647 387 228 278 804 210 302 412 490 440 870 650 580 448 119 391 626 557 345 536 370 945 387 64 688 801 301 838 79 963 577 391 986 68 772 174 533 263 734 -1 824 -1 608 152 232 351 880 1 300 132 963 562 355 267 683 251 56 350 491 980 845 120 -1 431 152 34 560 733 972 
994 132 431 510 734 214 100 203 491 963 34 483 144 458 312 258 845 501 926 14 947 650 280 60 592 15 332 519 446 391 436 786 530 870 170 166 90 347 378 988 820 190 373 658 998 831 862 128 889 909 621 -1 -1 838 110 302 690 414 735 501 121 210 153 230 291 551 102 943 350 766 621 533 615 41 270 706 25 821 572 410 355 302 102 160 41 219 276 308 51 181 403 541 974 621 92 940 65 111 659 489 521 425 898 187 355 473 94 885 882 137 881 269 970 892 449 915 64 179 683 36 598 206 140 92 468 97 612 126 -1 117 628 27 640 117 540 651 257 159 228 744 318 237 96 650 250 913 845 113 109 880 112 184 625 669 2 332 661 845 156 89 321 666 175 198 332 370 141 607 22 174 108 402 543 13 898 381 963 491 642 304 351 -1 447 864 234 338 822 222 211 5 337 30 142 901 894 464 998 545 193 130 285 68 646 876 391 166 -1 570 669 901 5 27 493 1 254 211 18 391 226 150 74 272 878 422 961 47 397 184 158 211 362 158 580 994 -1 545 704 783 324 888 209 493 106 811 955 347 490 482 560 290 122 617 92 469 103 127 510 123 781 210 897 194 99 200 427 426 299 40 868 394 -1 13 441 560 913 68 729 908 986 560 277 351 453 491 111 797 40 402 382 516 6 435 921 666 35 24 559 64 144 443 311 603 35 418 105 79 391 166 839 -1 400 754 83 739 332 943 604 572 107 485 433 137 294 684 48 167 223 355 94 24 338 34 577 845 294 134 342 882 440 603 131 251 715 980 744 48 226 253 324 139 310 380 432 945 13 512 298 79 75 106 666 398 266 812 325 13 402 41 286 391 27 85 42 266 570 615 510 533 362 569 662 417 574 803 603 572 105 35 668 870 338 895 290 368 225 -1 398 12 341 689 11 545 280 382 75 54 106 591 890 545 192 223 320 19 -1 824 43 49 379 223 226 940 710 210 864 789 147 818 526 148 912 548 368 269 517 272 125 447 536 240 125 124 850 752 578 106 534 186 727 244 987 868 856 170 205 13 493 1 844 102 640 734 45 604 77 804 868 442 216 284 198 659 45 344 987 811 148 230 202 222 114 312 114 23 378 58 807 565 250 729 319 307 506 397 458 45 127 190 888 1 257 6 79 230 506 290 291 572 193 257 77 945 304 517 102 453 684 32 486 142 227 823 476 131 308 436 830 189 347 220 244 704 351 410 100 400 663 257 845 175 -1 518 482 487 68 481 480 559 631 924 425 225 190 103 254 294 32 77 231 460 14 803 715 198 120 738 244 106 506 399 460 131 76 652 335 182 398 12 237 838 566 202 69 41 328 945 940 338 416 647 345 363 7 490 153 604 915 194 25 240 446 347 228 36 20 444 402 -1 363 189 342 265 995 324 347 512 403 593 220 661 370 253 45 416 665 582 261 963 54 332 447 288 370 630 338 342 669 994 432 572 549 666 88 425 -1 945 36 984 659 811 436 684 908 364 2 683 379 704 626 410 391 371 488 405 22 56 170 127 130 565 448 189 877 727 34 -1 153 877 117 131 223 665 308 605 774 75 706 228 178 140 569 302 387 117 30 666 68 468 347 303 68 522 202 426 422 22 221 803 288 301 726 2 416 160 811 535 491 598 257 223 231 13 19 525 398 522 148 929 328 708 506 464 998 264 276 -1 665 19 263 52 437 339 683 338 313 560 373 491 30 856 260 203 408 226 518 231 497 804 425 437 267 294 351 519 2 131 206 536 230 868 838 789 663 350 521 559 869 870 64 294 64 551 211 468 501 328 76 630 257 619 939 41 877 393 888 877 482 863 303 189 987 356 734 76 132 608 888 520 431 525 556 126 713 988 988 464 803 912 187 483 688 83 349 653 573 647 497 278 86 559 435 156 393 668 34 208 773 703 701 417 422 771 988 -1 15 918 771 536 228 704 18 560 416 402 494 556 573 68 870 665 856 49 311 309 341 246 198 106 701 253 605 398 961 328 24 556 467 20 57 453 763 529 819 425 380 -1 525 501 725 553 112 19 752 915 151 7 868 751 214 552 102 320 464 13 402 34 845 2 11 479 22 517 656 839 198 91 127 510 147 437 913 386 232 303 85 106 -1 808 276 865 650 647 387 228 278 804 210 302 412 490 440 870 650 580 448 119 391 626 557 345 536 370 945 387 64 688 801 301 838 79 963 577 391 986 68 772 174 533 263 734 -1 824 -1 608 152 232 351 880 1 300 132 963 562 355 267 683 251 56 350 491 980 845 120 -1 431 152 34 560 733 972 
