time,gaze_x,gaze_y,gaze_z,cam_x,cam_y,cam_z,cam_qx,cam_qy,cam_qz,cam_qw,gaze_o_x,gaze_o_y,gaze_o_z,gaze_dir_x,gaze_dir_y,gaze_dir_z,p0Id,p0_x,p0_y,p0_z,p1Id,p1_x,p1_y,p1_z
PREF,CourseWidth,13
PREF,SlopeAngle,8
PREF,PlayerFSpeed,95
PREF,PlayerHSpeed,8
PREF,CameraHeight,3
PREF,SubjectID,7
PREF,Method,7
PREF,RandomSeed,9
PREF,ThresholdAngleDeg,4.14
PREF,Blur_OuterAngleDeg,10
PREF,Blur_SigmaPx,2.000001
PREF,"SnowPlaneNormal",0,0.9902681,0.1391731
PREF,"SnowPlanePoint",0,-56.21634,400
START_REL_SEC,0
0,NaN,NaN,NaN,-0.01829577,5.081738,0.0119119,-0.08057772,-0.01612824,0.03118344,0.9961299,NaN,NaN,NaN,NaN,NaN,NaN,-1,NaN,NaN,NaN,-1,NaN,NaN,NaN
0,NaN,NaN,NaN,-0.02577947,3.00306,0.01152527,-0.07971583,-0.01603481,0.03169186,0.9961847,NaN,NaN,NaN,NaN,NaN,NaN,-1,NaN,NaN,NaN,-1,NaN,NaN,NaN
0.02001953,NaN,NaN,NaN,-0.02768573,3.003025,0.01141221,-0.07967925,-0.01613015,0.03185973,0.9961807,-0.02654418,3.001977,0.01215744,0.02050507,-0.08327669,0.9963155,-1,NaN,NaN,NaN,-1,NaN,NaN,NaN
0.03442383,NaN,NaN,NaN,-0.02957623,3.002956,0.01129061,-0.07962146,-0.0160929,0.03197404,0.9961823,-0.02822463,3.001977,0.01215744,0.02050507,-0.08327669,0.9963155,-1,NaN,NaN,NaN,-1,NaN,NaN,NaN
0.05712891,NaN,NaN,NaN,-0.03279041,3.002748,0.01102712,-0.07929081,-0.01608083,0.03218658,0.996202,-0.03167856,3.002005,0.01187181,0.01520315,-0.06533166,0.9977478,-1,NaN,NaN,NaN,-1,NaN,NaN,NaN
0.08203125,NaN,NaN,NaN,-0.03377479,3.002502,0.01084843,-0.07899343,-0.01615489,0.03239381,0.9962178,-0.03307416,3.001909,0.01158226,0.01701134,-0.06591339,0.9976804,-1,NaN,NaN,NaN,-1,NaN,NaN,NaN
0.1018066,NaN,NaN,NaN,-0.03611734,3.002028,0.01045815,-0.07828135,-0.01627609,0.03281848,0.9962581,-0.03515641,3.001909,0.01158226,0.01701134,-0.06591339,0.9976804,-1,NaN,NaN,NaN,-1,NaN,NaN,NaN
0.1247559,NaN,NaN,NaN,-0.03721086,3.001455,0.01000287,-0.07724169,-0.01644644,0.03277559,0.9963378,-0.03656629,3.001554,0.01120627,0.01704797,-0.06679612,0.997621,-1,NaN,NaN,NaN,-1,NaN,NaN,NaN
0.1452637,NaN,NaN,NaN,-0.0379145,3.001011,0.009517612,-0.07617693,-0.01651749,0.03240975,0.9964306,-0.03751814,3.001076,0.01077616,0.01695546,-0.06766108,0.9975643,-1,NaN,NaN,NaN,-1,NaN,NaN,NaN
0.1685791,NaN,NaN,NaN,-0.03791167,3.000682,0.008965115,-0.07534991,-0.01655352,0.03207266,0.9965038,-0.03772758,3.000564,0.0102948,0.01298993,-0.06601356,0.9977342,-1,NaN,NaN,NaN,-1,NaN,NaN,NaN
0.1931152,NaN,NaN,NaN,-0.03776475,3.000414,0.008429426,-0.07459828,-0.01627544,0.03121888,0.996592,-0.03759699,3.000564,0.0102948,0.01298993,-0.06601356,0.9977342,-1,NaN,NaN,NaN,-1,NaN,NaN,NaN
0.2124023,NaN,NaN,NaN,-0.03644364,3.000149,0.007899039,-0.07443955,-0.01613835,0.03123551,0.9966056,-0.03652567,3.000064,0.009729624,0.01091353,-0.06834123,0.9976023,-1,NaN,NaN,NaN,-1,NaN,NaN,NaN
0.2363281,NaN,NaN,NaN,-0.03411129,3.000164,0.007404102,-0.07486809,-0.01539788,0.03046353,0.9966092,-0.0345588,2.999578,0.009079933,0.008439802,-0.06941134,0.9975525,-1,NaN,NaN,NaN,-1,NaN,NaN,NaN
0.262085,NaN,NaN,NaN,-0.03340034,2.999921,0.006636006,-0.07551707,-0.01300672,0.02645029,0.9967088,-0.03392684,2.999578,0.009079933,0.008439802,-0.06941134,0.9975525,-1,NaN,NaN,NaN,-1,NaN,NaN,NaN
0.3012695,NaN,NaN,NaN,-0.03163362,3.000089,0.006353198,-0.07528948,-0.01280659,0.02845239,0.9966735,-0.03222363,2.99931,0.008450627,0.008895325,-0.07889201,0.9968435,-1,NaN,NaN,NaN,-1,NaN,NaN,NaN
0.3393555,-5.480321,-17.05761,121.7305,-0.03013933,3.000129,0.005657493,-0.07615303,-0.01112595,0.02768341,0.9966497,-0.03046633,2.99913,0.007158995,-0.04413372,-0.1624225,0.9857338,-1,NaN,NaN,NaN,-1,NaN,NaN,NaN
0.3768311,-6.265422,-18.57026,132.4935,-0.03111359,3.000401,0.005477765,-0.07678681,-0.01049936,0.02790336,0.9966018,-0.03114626,2.999121,0.006527662,-0.04639426,-0.1605151,0.9859424,-1,NaN,NaN,NaN,-1,NaN,NaN,NaN
0.4160156,-10.35951,-31.54963,224.8465,-0.03552705,3.000777,0.005998386,-0.07716669,-0.0109328,0.02771523,0.996573,-0.03503965,2.999225,0.006211638,-0.04533973,-0.1517208,0.9873829,-1,NaN,NaN,NaN,-1,NaN,NaN,NaN
0.4482422,-12.85,-34.24619,246.4519,-0.04236073,3.001138,0.007303441,-0.07735585,-0.01149961,0.02701485,0.9965712,-0.04126233,2.99941,0.006204009,-0.05132257,-0.1492371,0.9874686,-1,NaN,NaN,NaN,-1,NaN,NaN,NaN
0.4855957,-12.8164,-34.45897,245.5476,-0.0494661,3.000821,0.009558156,-0.0762964,-0.01223648,0.02713315,0.9966408,-0.04789352,2.999653,0.006451368,-0.05133891,-0.1506117,0.9872591,-1,NaN,NaN,NaN,-1,NaN,NaN,NaN
0.5174561,-0.814998,-9.127669,65.30603,-0.0578992,3.000073,0.01229679,-0.07377845,-0.01269314,0.02653291,0.9968408,-0.05585095,2.999804,0.007261276,-0.01142954,-0.1825884,0.983123,-1,NaN,NaN,NaN,-1,NaN,NaN,NaN
0.5551758,-0.8487979,-8.828987,63.18079,-0.06611667,3.000312,0.01615852,-0.06993181,-0.0128136,0.0257507,0.997137,-0.06372829,2.999753,0.008592963,-0.01221425,-0.1840336,0.9828441,-1,NaN,NaN,NaN,-1,NaN,NaN,NaN
0.5870361,-1.323168,-10.05839,71.92845,-0.07091601,3.0007,0.01969611,-0.06751183,-0.01317459,0.0265795,0.9972773,-0.0686356,2.99953,0.0104382,-0.01716078,-0.1786197,0.9837685,-1,NaN,NaN,NaN,-1,NaN,NaN,NaN
0.6248779,-1.240988,-9.101099,65.11697,-0.0778223,3.001316,0.02558479,-0.06496368,-0.01355749,0.02670294,0.9974382,-0.07537903,2.999316,0.01285183,-0.01759958,-0.1827048,0.9830104,-1,NaN,NaN,NaN,-1,NaN,NaN,NaN
0.6574707,-1.107056,-8.277249,59.25497,-0.08384123,3.001435,0.03027563,-0.06349651,-0.01396286,0.02517921,0.9975666,-0.08144134,2.999434,0.01595342,-0.01700529,-0.186974,0.9822177,-1,NaN,NaN,NaN,-1,NaN,NaN,NaN
0.6943359,-0.8645858,-7.651734,54.80421,-0.09395444,3.000106,0.03690293,-0.05948124,-0.01480398,0.0225251,0.9978655,-0.09111799,2.999709,0.01978385,-0.01385754,-0.1908326,0.9815248,-1,NaN,NaN,NaN,-1,NaN,NaN,NaN
0.727417,-0.6066017,-7.529454,53.93414,-0.1035278,2.999089,0.042109,-0.05836195,-0.01532355,0.02055704,0.9979662,-0.1003234,2.999915,0.02424467,-0.009216643,-0.191684,0.9814134,-1,NaN,NaN,NaN,-1,NaN,NaN,NaN
0.7647705,-0.6056147,-7.305506,52.34066,-0.1280896,2.996819,0.04946659,-0.05987529,-0.01550621,0.01574455,0.9979612,-0.1229365,2.999695,0.02915215,-0.009052631,-0.1932742,0.9811031,-1,NaN,NaN,NaN,-1,NaN,NaN,NaN
0.7979736,-0.6821036,-7.663605,54.88866,-0.1537627,2.993712,0.05612443,-0.05659017,-0.01668754,0.0143882,0.9981544,-0.1467626,2.999067,0.0344888,-0.009579593,-0.190802,0.9815818,-1,NaN,NaN,NaN,-1,NaN,NaN,NaN
0.8343506,-0.8921211,-7.421555,53.16638,-0.1914321,2.989904,0.06262092,-0.05317426,-0.01578555,0.01047307,0.9984056,-0.1816509,2.997983,0.04008436,-0.01312208,-0.1924444,0.9812202,-1,NaN,NaN,NaN,-1,NaN,NaN,NaN
0.8753662,-1.079525,-6.540106,46.89455,-0.232545,2.985753,0.06805003,-0.04681927,-0.01610756,0.009365257,0.9987296,-0.2222447,2.994096,0.05113018,-0.01793039,-0.1994122,0.9797516,-1,NaN,NaN,NaN,-1,NaN,NaN,NaN
0.9128418,-1.11478,-6.071079,43.55726,-0.2824263,2.981884,0.0718888,-0.03959835,-0.01514208,0.009083933,0.9990597,-0.2693547,2.991568,0.05632174,-0.01902269,-0.2039163,0.9788035,-1,NaN,NaN,NaN,-1,NaN,NaN,NaN
0.9562988,-1.103181,-5.461215,39.21785,-0.3415465,2.980278,0.07546637,-0.03544374,-0.01473007,0.007437701,0.9992355,-0.3251006,2.988784,0.06099486,-0.01942007,-0.2109031,0.9773141,-1,NaN,NaN,NaN,-1,NaN,NaN,NaN
1.001953,-1.283579,-5.894012,42.29736,-0.4007073,2.978278,0.07831816,-0.03456381,-0.01472259,0.01072975,0.9992365,-0.3813831,2.986033,0.06511402,-0.020901,-0.2057225,0.9783872,-1,NaN,NaN,NaN,-1,NaN,NaN,NaN
1.047974,-1.411998,-6.66897,47.81147,-0.4627867,2.977398,0.08142558,-0.03536545,-0.01634568,0.01393245,0.9991436,-0.4453716,2.981455,0.07206476,-0.01984262,-0.1981011,0.9799808,-1,NaN,NaN,NaN,-1,NaN,NaN,NaN
1.089478,-1.348143,-6.846923,49.07768,-0.5006163,2.976632,0.08348371,-0.03636172,-0.01566663,0.01324142,0.9991281,-0.483822,2.979677,0.07506716,-0.01729137,-0.1965884,0.9803336,-1,NaN,NaN,NaN,-1,NaN,NaN,NaN
1.138794,-1.593328,-7.233312,51.82698,-0.5617999,2.975839,0.08677278,-0.03762978,-0.01339376,0.01141284,0.9991368,-0.5484746,2.977018,0.08041513,-0.0198059,-0.1935438,0.9808917,-1,NaN,NaN,NaN,-1,NaN,NaN,NaN
1.184937,-1.753707,-7.348845,52.64904,-0.6252406,2.975809,0.09035194,-0.03561104,-0.009359837,0.01028827,0.9992689,-0.6101296,2.976059,0.08301461,-0.0213423,-0.1926913,0.9810273,-1,NaN,NaN,NaN,-1,NaN,NaN,NaN
1.231079,-1.655069,-7.193445,51.54331,-0.6981404,2.975823,0.09372866,-0.03396276,-0.006566763,0.01177443,0.9993322,-0.6802322,2.975354,0.0856967,-0.01858184,-0.1938324,0.9808586,-1,NaN,NaN,NaN,-1,NaN,NaN,NaN
1.274292,-1.491238,-6.16393,44.21793,-0.7799906,2.975897,0.09702189,-0.03288828,-0.005629569,0.01476099,0.9993342,-0.7645707,2.974835,0.091115,-0.01612341,-0.2027724,0.9790931,-1,NaN,NaN,NaN,-1,NaN,NaN,NaN
1.317139,-1.595916,-7.874053,56.38605,-0.8634319,2.976863,0.1006581,-0.03359033,-0.005672544,0.01986309,0.9992222,-0.8452168,2.974826,0.09377229,-0.01309363,-0.1892255,0.9818464,-1,NaN,NaN,NaN,-1,NaN,NaN,NaN
1.359741,-1.88404,-8.231012,58.92596,-0.9481854,2.975935,0.103303,-0.03000626,-0.008564651,0.02716405,0.9991438,-0.9275004,2.975059,0.09650719,-0.01597029,-0.1870956,0.9822119,-1,NaN,NaN,NaN,-1,NaN,NaN,NaN
1.401855,-2.156335,-7.707226,55.19903,-1.033445,2.97616,0.1059456,-0.02727977,-0.01079074,0.03072827,0.9990972,-1.018058,2.975204,0.1016444,-0.02027751,-0.1902991,0.9815167,-1,NaN,NaN,NaN,-1,NaN,NaN,NaN
1.443604,-2.174552,-7.163847,51.33269,-1.11902,2.975019,0.1078,-0.02531159,-0.01236334,0.03028198,0.9991444,-1.101629,2.975007,0.1040012,-0.02054093,-0.1941068,0.9807653,-1,NaN,NaN,NaN,-1,NaN,NaN,NaN
1.485962,-2.328092,-6.96206,49.8969,-1.210959,2.975165,0.1093962,-0.02551815,-0.01100594,0.02678295,0.9992549,-1.190945,2.974686,0.1058803,-0.02239111,-0.1956607,0.980416,-1,NaN,NaN,NaN,-1,NaN,NaN,NaN
1.528198,-2.25042,-7.02013,50.31009,-1.310009,2.974945,0.1106178,-0.02678971,-0.008244336,0.02257578,0.9993522,-1.286701,2.974338,0.107453,-0.01882376,-0.1952163,0.9805796,-1,NaN,NaN,NaN,-1,NaN,NaN,NaN
1.569824,-2.213067,-7.088514,50.79667,-1.422071,2.975471,0.1115486,-0.02701032,-0.004036098,0.01974937,0.9994319,-1.402737,2.974123,0.1099476,-0.01567905,-0.1947019,0.9807371,-1,NaN,NaN,NaN,-1,NaN,NaN,NaN
1.61145,-2.322048,-7.321985,52.4579,-1.55006,2.975844,0.1118824,-0.02632969,-0.0006169975,0.01826052,0.9994864,-1.525693,2.974213,0.1108562,-0.01492529,-0.1929718,0.9810908,-1,NaN,NaN,NaN,-1,NaN,NaN,NaN
1.653564,-2.276864,-7.307966,52.35816,-1.692297,2.976775,0.1117926,-0.02504522,0.001495123,0.01701922,0.9995403,-1.662235,2.974436,0.1115144,-0.0115418,-0.1930881,0.9811136,-1,NaN,NaN,NaN,-1,NaN,NaN,NaN
1.695679,-2.287922,-7.167327,51.35746,-1.851938,2.976964,0.1110674,-0.02552064,0.00310874,0.01473437,0.9995609,-1.815189,2.974759,0.1119134,-0.009048946,-0.1941379,0.9809325,-1,NaN,NaN,NaN,-1,NaN,NaN,NaN
1.737549,-2.83584,-8.498429,60.82875,-2.025049,2.977905,0.1101243,-0.02790988,0.002600163,0.01477506,0.9994978,-1.994644,2.975675,0.1115888,-0.01361211,-0.1856725,0.9825174,-1,NaN,NaN,NaN,-1,NaN,NaN,NaN
1.779297,-2.788958,-6.802915,48.76454,-2.210048,2.978884,0.108761,-0.03019354,0.002303451,0.01385463,0.9994454,-2.173508,2.976265,0.1109742,-0.01240063,-0.19704,0.9803171,-1,NaN,NaN,NaN,-1,NaN,NaN,NaN
1.820801,-3.18857,-7.135564,51.13146,-2.40354,2.979732,0.1072895,-0.03169547,0.001159102,0.01381284,0.9994015,-2.360825,2.977024,0.1100774,-0.01591189,-0.1943963,0.980794,-1,NaN,NaN,NaN,-1,NaN,NaN,NaN
1.863037,-3.40483,-7.741156,55.44046,-2.603706,2.980114,0.1055794,-0.03336966,0.001431137,0.01364333,0.999349,-2.554986,2.977639,0.1090995,-0.0150771,-0.1901628,0.9816368,-1,NaN,NaN,NaN,-1,NaN,NaN,NaN
1.904663,-3.797671,-9.352561,66.9062,-2.808021,2.98054,0.1037001,-0.03380251,0.001102418,0.01496652,0.9993159,-2.770891,2.978738,0.106739,-0.01511395,-0.1815138,0.9832723,-1,NaN,NaN,NaN,-1,NaN,NaN,NaN
1.946045,-3.81783,-9.099139,65.10301,-3.01688,2.980944,0.1019127,-0.03541034,0.001864105,0.01366094,0.9992778,-2.974348,2.979099,0.105365,-0.01275763,-0.1826833,0.983089,-1,NaN,NaN,NaN,-1,NaN,NaN,NaN
1.988037,-3.98505,-8.909348,63.75258,-3.22749,2.981139,0.09985776,-0.03596183,0.0005872846,0.01449975,0.9992479,-3.179711,2.979464,0.1039524,-0.01243678,-0.1835984,0.9829227,-1,NaN,NaN,NaN,-1,NaN,NaN,NaN
2.030396,-4.255571,-9.288754,66.45219,-3.43779,2.981354,0.09785731,-0.03697686,-0.0004739165,0.01312655,0.9992298,-3.385083,2.979761,0.1024759,-0.0128999,-0.1818095,0.9832492,-1,NaN,NaN,NaN,-1,NaN,NaN,NaN
2.071899,-4.381246,-8.946801,64.01907,-3.647244,2.981599,0.09576318,-0.03655488,-0.001495749,0.01179948,0.9992609,-3.608483,2.980295,0.09929109,-0.0118836,-0.1834159,0.9829636,-1,NaN,NaN,NaN,-1,NaN,NaN,NaN
2.113403,-4.120977,-8.946397,64.0162,-3.853066,2.981635,0.09339105,-0.03541458,-0.0007107556,0.01034294,0.9993189,-3.810118,2.980401,0.09766066,-0.004780774,-0.1834257,0.983022,-1,NaN,NaN,NaN,-1,NaN,NaN,NaN
2.155029,-4.16836,-7.02773,50.36417,-4.05139,2.98234,0.0912592,-0.03487429,0.001112044,0.01232466,0.9993151,-4.004895,2.980503,0.09596848,-0.003189227,-0.1952633,0.9807457,-1,NaN,NaN,NaN,-1,NaN,NaN,NaN
2.197754,-4.275943,-6.776472,48.57638,-4.244497,2.983193,0.08929113,-0.03665152,0.002886146,0.01517255,0.9992087,-4.194645,2.980709,0.0942347,-0.001643881,-0.1972969,0.9803424,-1,NaN,NaN,NaN,-1,NaN,NaN,NaN
2.239136,-4.059413,-6.734007,48.27423,-4.433724,2.983664,0.08754177,-0.0395302,0.004529625,0.0159535,0.9990808,-4.398216,2.981624,0.09077668,0.006892665,-0.1976555,0.9802474,-1,NaN,NaN,NaN,-1,NaN,NaN,NaN
2.280396,-4.08507,-6.948714,49.80194,-4.615306,2.983186,0.08560495,-0.03960733,0.004548937,0.01714729,0.9990578,-4.576705,2.98224,0.08926499,0.009697506,-0.1958873,0.9805785,-1,NaN,NaN,NaN,-1,NaN,NaN,NaN
2.322144,-4.356826,-6.895379,49.42245,-4.789359,2.982877,0.08416764,-0.04106211,0.00540027,0.01792032,0.9989814,-4.748121,2.982438,0.08775091,0.007776889,-0.1963181,0.9805094,-1,NaN,NaN,NaN,-1,NaN,NaN,NaN
2.364746,-4.692183,-6.632646,47.553,-4.9505,2.982315,0.0830076,-0.04200613,0.006112486,0.01835303,0.9989302,-4.907582,2.982296,0.08629608,0.004447547,-0.1985279,0.9800852,-1,NaN,NaN,NaN,-1,NaN,NaN,NaN
2.405762,-4.714731,-6.915566,49.56609,-5.103376,2.981665,0.082219,-0.0427659,0.006007552,0.01891139,0.9988881,-5.073927,2.981584,0.08398509,0.007117975,-0.1961251,0.980553,-1,NaN,NaN,NaN,-1,NaN,NaN,NaN
2.447144,-4.466798,-7.000758,50.17229,-5.239205,2.981028,0.08176757,-0.04388074,0.007418008,0.01901052,0.9988284,-5.208903,2.981153,0.08312809,0.01452846,-0.1954192,0.9806122,-1,NaN,NaN,NaN,-1,NaN,NaN,NaN
2.489258,-4.482658,-7.211519,51.67193,-5.358241,2.980276,0.08222773,-0.04757086,0.009972184,0.02067648,0.998604,-5.328093,2.980661,0.08248687,0.01607494,-0.193792,0.980911,-1,NaN,NaN,NaN,-1,NaN,NaN,NaN
2.532104,-4.550683,-5.341563,38.36647,-5.465699,2.979341,0.0833648,-0.05206807,0.01447606,0.01982531,0.9983418,-5.435995,2.980148,0.08223855,0.02259131,-0.2123523,0.976932,-1,NaN,NaN,NaN,-1,NaN,NaN,NaN
2.573242,-4.031023,-6.558239,47.02361,-5.555593,2.976374,0.08378811,-0.05074503,0.01716706,0.01984165,0.998367,-5.537253,2.978943,0.08291054,0.03142997,-0.1990087,0.9794936,-1,NaN,NaN,NaN,-1,NaN,NaN,NaN
2.614746,-3.662251,-6.778213,48.58881,-5.628615,2.974193,0.08430642,-0.04981975,0.02059382,0.02091948,0.9983268,-5.611246,2.977453,0.08340454,0.03936166,-0.197024,0.9796082,-1,NaN,NaN,NaN,-1,NaN,NaN,NaN
2.656494,-3.402467,-6.973683,49.97966,-5.682637,2.972181,0.08497247,-0.04929569,0.02217233,0.02225263,0.9982901,-5.667065,2.97575,0.08378649,0.0444662,-0.1953606,0.9797229,-1,NaN,NaN,NaN,-1,NaN,NaN,NaN
2.699097,-4.2068,-6.117409,43.88695,-5.721143,2.970544,0.08612251,-0.05107655,0.0230872,0.02396748,0.9981401,-5.708049,2.973905,0.08425403,0.03353895,-0.2031062,0.9785821,-1,NaN,NaN,NaN,-1,NaN,NaN,NaN
2.740234,-4.200286,-6.688334,47.94928,-5.736118,2.968599,0.08769101,-0.05375143,0.02367359,0.02533937,0.997952,-5.731168,2.97062,0.08552039,0.03133676,-0.1977162,0.9797583,-1,NaN,NaN,NaN,-1,NaN,NaN,NaN
2.781616,-4.093367,-7.033885,50.40802,-5.730581,2.966189,0.08991154,-0.05547966,0.02443153,0.02709503,0.9977931,-5.729124,2.969109,0.08647418,0.03186613,-0.1948679,0.9803117,-1,NaN,NaN,NaN,-1,NaN,NaN,NaN
2.823486,-4.093545,-7.204505,51.62204,-5.699609,2.962905,0.09265481,-0.05575599,0.02547067,0.02801956,0.9977261,-5.702965,2.967575,0.08781886,0.03062462,-0.1935578,0.9806108,-1,NaN,NaN,NaN,-1,NaN,NaN,NaN
2.865967,-3.922864,-7.298287,52.28934,-5.645464,2.959547,0.09639157,-0.0553944,0.02567261,0.02978355,0.99769,-5.654658,2.965702,0.08947587,0.0325357,-0.1928322,0.9806922,-1,NaN,NaN,NaN,-1,NaN,NaN,NaN
2.906982,-3.675994,-6.719352,48.17,-5.563982,2.954879,0.1005973,-0.05397428,0.02570385,0.02926618,0.9977823,-5.576957,2.960958,0.09415781,0.03873385,-0.1972451,0.9795887,-1,NaN,NaN,NaN,-1,NaN,NaN,NaN
2.948364,-3.706508,-6.721336,48.18412,-5.459302,2.949395,0.1047877,-0.05203493,0.02666885,0.02805211,0.997895,-5.478521,2.957835,0.09708333,0.03610205,-0.1971981,0.9796987,-1,NaN,NaN,NaN,-1,NaN,NaN,NaN
2.98999,-3.533082,-6.571074,47.11491,-5.334254,2.944035,0.1093731,-0.05174238,0.02795073,0.02610824,0.9979278,-5.360218,2.954189,0.1002833,0.03806169,-0.1984238,0.979377,-1,NaN,NaN,NaN,-1,NaN,NaN,NaN
3.032715,-3.365367,-6.560469,47.03946,-5.192602,2.937802,0.1134426,-0.05198728,0.02853405,0.02449844,0.9979394,-5.225441,2.950063,0.103597,0.03881154,-0.1984428,0.9793437,-1,NaN,NaN,NaN,-1,NaN,NaN,NaN
3.073975,-3.110689,-6.794453,48.70434,-5.039235,2.931649,0.1172031,-0.05087418,0.03021982,0.02350875,0.9979709,-5.078568,2.94572,0.1068921,0.0396726,-0.1963627,0.9797284,-1,NaN,NaN,NaN,-1,NaN,NaN,NaN
3.115479,-3.516031,-6.161868,44.20327,-4.87356,2.925821,0.1207451,-0.05150585,0.03085506,0.02387794,0.9979104,-4.90726,2.936257,0.1137193,0.03088878,-0.2020011,0.978898,-1,NaN,NaN,NaN,-1,NaN,NaN,NaN
3.156982,-3.267436,-6.137955,44.03312,-4.692938,2.919919,0.1232482,-0.05040655,0.03038481,0.02262701,0.99801,-4.733184,2.931367,0.116708,0.03266871,-0.2021377,0.9788121,-1,NaN,NaN,NaN,-1,NaN,NaN,NaN
3.198975,-2.698661,-7.710607,55.22312,-4.498651,2.915362,0.1250377,-0.0484392,0.02743849,0.01946578,0.9982594,-4.545949,2.926653,0.1195357,0.03289841,-0.1894392,0.9813411,-1,NaN,NaN,NaN,-1,NaN,NaN,NaN
3.240356,-2.563968,-9.327568,66.7284,-4.28226,2.911986,0.1262968,-0.04790752,0.02474108,0.01662068,0.998407,-4.321569,2.91778,0.123834,0.02594489,-0.18076,0.983185,-1,NaN,NaN,NaN,-1,NaN,NaN,NaN
3.281738,-2.839563,-7.863432,56.31053,-4.044631,2.910901,0.1272685,-0.04785006,0.0250217,0.01246257,0.9984633,-4.092645,2.914302,0.1252427,0.02189808,-0.1883449,0.9818588,-1,NaN,NaN,NaN,-1,NaN,NaN,NaN
3.32373,-2.195549,-7.161965,51.31933,-3.789579,2.910852,0.1274541,-0.04791026,0.02830845,0.009750803,0.9984028,-3.846852,2.911802,0.1262802,0.03163362,-0.1929807,0.9806925,-1,NaN,NaN,NaN,-1,NaN,NaN,NaN
3.365967,-2.100129,-6.176489,44.3073,-3.521157,2.912039,0.1269349,-0.04373618,0.03204208,0.009156268,0.9984872,-3.587663,2.910496,0.127023,0.03296138,-0.201353,0.978964,-1,NaN,NaN,NaN,-1,NaN,NaN,NaN
3.407837,-1.522445,-6.283309,45.06737,-3.239519,2.915151,0.1265232,-0.04246628,0.03442872,0.01107372,0.9984431,-3.292413,2.910263,0.1273257,0.03855728,-0.2002742,0.9789809,-1,NaN,NaN,NaN,-1,NaN,NaN,NaN
3.449585,-1.310161,-7.587009,54.34364,-2.944118,2.920221,0.1259785,-0.0445989,0.03534284,0.01434315,0.9982765,-3.00587,2.911623,0.1271122,0.03069173,-0.1900216,0.9813001,-1,NaN,NaN,NaN,-1,NaN,NaN,NaN
3.491455,-1.110759,-7.662123,54.87809,-2.637992,2.926118,0.1250596,-0.04696269,0.03536576,0.01699916,0.9981257,-2.708817,2.914158,0.1266711,0.02864598,-0.1895851,0.9814463,-1,NaN,NaN,NaN,-1,NaN,NaN,NaN
3.533081,-0.8212863,-7.925477,56.75195,-2.319168,2.932463,0.1244766,-0.05039027,0.03397256,0.02144664,0.9979212,-2.399579,2.917681,0.126171,0.02736471,-0.1880005,0.9817876,-1,NaN,NaN,NaN,-1,NaN,NaN,NaN
3.575073,-0.2206647,-9.329105,66.73929,-1.987115,2.938572,0.1243267,-0.05422546,0.03181749,0.02482406,0.9977129,-2.050129,2.926702,0.1251408,0.02700042,-0.1808791,0.9831347,-1,NaN,NaN,NaN,-1,NaN,NaN,NaN
3.616821,0.2019501,-10.12902,72.43096,-1.644122,2.945507,0.1250675,-0.05809559,0.02899766,0.0264956,0.997538,-1.716723,2.931632,0.1248729,0.02610395,-0.1776929,0.9837397,-1,NaN,NaN,NaN,-1,NaN,NaN,NaN
3.658936,0.4960472,-10.88984,77.84449,-1.29126,2.950838,0.1257735,-0.0600102,0.02464828,0.02962527,0.9974536,-1.373729,2.936738,0.1247804,0.02367939,-0.1751038,0.9842651,-1,NaN,NaN,NaN,-1,NaN,NaN,NaN
3.700562,0.8260465,-10.48475,74.96213,-0.9294871,2.956766,0.127405,-0.0598227,0.02052239,0.03202338,0.9974842,-1.022024,2.941899,0.1250744,0.02429931,-0.17654,0.9839935,-1,NaN,NaN,NaN,-1,NaN,NaN,NaN
3.742065,0.6333919,-8.225962,58.89001,-0.5595688,2.961827,0.1288981,-0.05903631,0.01665995,0.03345047,0.9975562,-0.630697,2.951466,0.1268048,0.02112795,-0.1868193,0.9821671,-1,NaN,NaN,NaN,-1,NaN,NaN,NaN
3.783936,0.8502271,-6.831246,48.9661,-0.1887541,2.966248,0.1301804,-0.05698324,0.01352474,0.03380353,0.997711,-0.2689446,2.955796,0.1277903,0.02246345,-0.1964407,0.9802583,-1,NaN,NaN,NaN,-1,NaN,NaN,NaN
3.825806,0.9622794,-6.457908,46.30965,0.1787574,2.970062,0.131446,-0.05538347,0.01091719,0.03533296,0.9977801,0.09030551,2.95983,0.1288263,0.01849777,-0.1997848,0.9796652,-1,NaN,NaN,NaN,-1,NaN,NaN,NaN
3.86731,1.064209,-6.440226,46.18385,0.5401549,2.973279,0.1320683,-0.05554426,0.007039189,0.03776817,0.9977168,0.4443162,2.963592,0.1301053,0.01318691,-0.2000467,0.9796976,-1,NaN,NaN,NaN,-1,NaN,NaN,NaN
3.909302,1.471157,-6.248782,44.82165,0.8961217,2.97595,0.1331226,-0.05690037,0.003901005,0.03844538,0.9976318,0.8258398,2.969661,0.1316642,0.0141407,-0.202002,0.979283,-1,NaN,NaN,NaN,-1,NaN,NaN,NaN
3.951172,1.726432,-6.384071,45.78428,1.241043,2.9767,0.1353136,-0.05874877,0.002644837,0.03681631,0.9975902,1.164453,2.972019,0.1325042,0.01205859,-0.2007571,0.9795668,-1,NaN,NaN,NaN,-1,NaN,NaN,NaN
3.993042,1.963216,-6.653348,47.70029,1.574088,2.976301,0.1367916,-0.056213,0.0009869933,0.03881486,0.9976636,1.49195,2.973948,0.1337698,0.009710141,-0.1983648,0.9800802,-1,NaN,NaN,NaN,-1,NaN,NaN,NaN
4.034668,2.156752,-6.366632,45.66019,1.888149,2.975801,0.1383068,-0.05380708,-0.001675427,0.03829804,0.9978153,1.801976,2.975115,0.1348964,0.007633638,-0.2010049,0.9795605,-1,NaN,NaN,NaN,-1,NaN,NaN,NaN
4.075562,2.199203,-5.713772,41.01485,2.190014,2.974935,0.1405152,-0.05614705,-0.004121959,0.04063246,0.9975869,2.129157,2.975303,0.1374415,0.001676102,-0.2079186,0.9781447,-1,NaN,NaN,NaN,-1,NaN,NaN,NaN
4.117554,2.695658,-5.770173,41.41619,2.476968,2.972669,0.1423562,-0.05737945,-0.006150901,0.04452073,0.9973403,2.412077,2.974702,0.1388288,0.006720792,-0.2072517,0.9782646,-1,NaN,NaN,NaN,-1,NaN,NaN,NaN
4.159668,2.861578,-5.724768,41.09312,2.748075,2.970871,0.1448378,-0.05544776,-0.008772105,0.04556242,0.9973829,2.679934,2.973844,0.1403527,0.004338611,-0.2077688,0.9781684,-1,NaN,NaN,NaN,-1,NaN,NaN,NaN
4.201294,3.017011,-4.816089,34.62754,3.000452,2.968238,0.148712,-0.05759395,-0.01101542,0.04414687,0.9973027,2.930096,2.972325,0.1419394,0.002458367,-0.2202964,0.9754299,-1,NaN,NaN,NaN,-1,NaN,NaN,NaN
4.243042,3.063877,-4.709176,33.86681,3.237615,2.965218,0.1520567,-0.05457428,-0.01484731,0.04905596,0.9971935,3.189075,2.969092,0.1465334,-0.003620172,-0.2220202,0.9750353,-1,NaN,NaN,NaN,-1,NaN,NaN,NaN
4.285156,3.280291,-4.747777,34.14147,3.453812,2.960684,0.1543595,-0.04670627,-0.0183481,0.05119263,0.9974273,3.403556,2.967071,0.149018,-0.00353633,-0.2213275,0.9751931,-1,NaN,NaN,NaN,-1,NaN,NaN,NaN
4.327026,3.343745,-4.726365,33.98912,3.650969,2.957381,0.1569448,-0.04595336,-0.02124888,0.05268023,0.9973272,3.599856,2.96443,0.1515033,-0.007380426,-0.2216268,0.9751036,-1,NaN,NaN,NaN,-1,NaN,NaN,NaN
4.368774,3.011456,-5.138885,36.92435,3.822549,2.952798,0.1593796,-0.05141582,-0.02387112,0.05342516,0.9969616,3.79036,2.958446,0.1557114,-0.0206838,-0.2150243,0.9763896,-1,NaN,NaN,NaN,-1,NaN,NaN,NaN
4.409912,2.96758,-5.320578,38.21716,3.968842,2.946189,0.1621954,-0.05461756,-0.02782065,0.0546312,0.9966235,3.937112,2.955189,0.15769,-0.02488478,-0.2124121,0.9768633,-1,NaN,NaN,NaN,-1,NaN,NaN,NaN
4.452026,2.761823,-5.598327,40.19345,4.083246,2.93793,0.1653033,-0.05596191,-0.03343892,0.05382998,0.9964198,4.053851,2.951115,0.1599278,-0.03154629,-0.2087438,0.9774614,-1,NaN,NaN,NaN,-1,NaN,NaN,NaN
4.493896,0.7781233,-7.838892,56.13587,4.161421,2.928171,0.1683329,-0.05612876,-0.03824854,0.05115713,0.9963782,4.136393,2.946063,0.1620758,-0.05881158,-0.1888712,0.9802392,-1,NaN,NaN,NaN,-1,NaN,NaN,NaN
4.535522,0.3015094,-8.082859,57.87178,4.199336,2.917215,0.1710277,-0.05578535,-0.04233721,0.05003787,0.9962891,4.189463,2.932789,0.1667278,-0.06603677,-0.1871004,0.9801187,-1,NaN,NaN,NaN,-1,NaN,NaN,NaN
4.576782,0.4253739,-7.377783,52.8549,4.191832,2.906514,0.1733828,-0.05649071,-0.04599974,0.04989637,0.996094,4.188643,2.92474,0.1690629,-0.06992915,-0.1914417,0.9790097,-1,NaN,NaN,NaN,-1,NaN,NaN,NaN
4.618896,0.0180564,-7.393343,52.96563,4.134227,2.896386,0.1741724,-0.05517268,-0.04961892,0.05125306,0.9959252,4.14024,2.916308,0.1711488,-0.07640832,-0.1910985,0.9785924,-1,NaN,NaN,NaN,-1,NaN,NaN,NaN
4.661011,-0.2537099,-7.211178,51.66945,4.026746,2.887765,0.173473,-0.0526265,-0.0526589,0.05025189,0.995958,4.044349,2.907791,0.172783,-0.08162347,-0.1921671,0.9779619,-1,NaN,NaN,NaN,-1,NaN,NaN,NaN
4.702637,-0.5710099,-7.142838,51.18319,3.866896,2.881518,0.1710953,-0.04980693,-0.0550249,0.04978664,0.9959984,3.891326,2.892168,0.1737764,-0.08552093,-0.1923215,0.9775984,-1,NaN,NaN,NaN,-1,NaN,NaN,NaN
4.744141,-1.139412,-7.331699,52.527,3.655803,2.876958,0.1668579,-0.04619741,-0.05664664,0.04986562,0.9960775,3.692731,2.886021,0.1728461,-0.09021869,-0.1907703,0.9774801,-1,NaN,NaN,NaN,-1,NaN,NaN,NaN
4.785889,-1.007535,-6.768644,48.52066,3.391974,2.877128,0.1623339,-0.04704101,-0.05849449,0.04746418,0.9960486,3.443641,2.880913,0.170774,-0.08991561,-0.1949251,0.976688,-1,NaN,NaN,NaN,-1,NaN,NaN,NaN
4.827881,-0.9146568,-6.444103,46.21143,3.086744,2.882034,0.1574023,-0.04679055,-0.06261636,0.0483634,0.9957665,3.154073,2.877541,0.1678911,-0.08628685,-0.1976871,0.9764601,-1,NaN,NaN,NaN,-1,NaN,NaN,NaN
4.869629,-1.007888,-6.817459,48.868,2.758115,2.887878,0.1509919,-0.04632562,-0.06855906,0.05244486,0.9951901,2.81524,2.878473,0.1605705,-0.07675415,-0.1946582,0.9778635,-1,NaN,NaN,NaN,-1,NaN,NaN,NaN
4.911133,-1.520046,-6.602599,47.33919,2.422248,2.896563,0.1438608,-0.04342828,-0.07135841,0.05140209,0.9951783,2.489366,2.882112,0.1560682,-0.08302141,-0.1963964,0.9770036,-1,NaN,NaN,NaN,-1,NaN,NaN,NaN
4.953003,-1.840704,-6.167295,44.24185,2.073158,2.905765,0.1369381,-0.04757555,-0.06822404,0.04538652,0.995501,2.150222,2.887164,0.1509339,-0.08831906,-0.2003749,0.9757304,-1,NaN,NaN,NaN,-1,NaN,NaN,NaN
4.995117,-2.246376,-6.272898,44.99325,1.711147,2.914764,0.1302764,-0.05035868,-0.06335044,0.04211274,0.99583,1.798578,2.893595,0.1455774,-0.08802326,-0.1994743,0.9759415,-1,NaN,NaN,NaN,-1,NaN,NaN,NaN
5.036499,-2.552075,-6.591902,47.26308,1.334853,2.922929,0.1242975,-0.05152367,-0.05852747,0.03876039,0.9962015,1.401807,2.907719,0.1345453,-0.08196489,-0.1969294,0.9769855,-1,NaN,NaN,NaN,-1,NaN,NaN,NaN
5.078491,-2.679387,-6.540714,46.89886,0.9519022,2.930091,0.119417,-0.05387508,-0.05363409,0.03527006,0.9964823,1.02894,2.914706,0.1294686,-0.07748359,-0.1975662,0.9772226,-1,NaN,NaN,NaN,-1,NaN,NaN,NaN
5.120483,-3.00243,-6.47021,46.39713,0.5620606,2.935283,0.1149944,-0.05281165,-0.04793729,0.03096284,0.9969726,0.6491819,2.921273,0.1249183,-0.07710874,-0.1983139,0.9771007,-1,NaN,NaN,NaN,-1,NaN,NaN,NaN
5.162598,-2.951721,-6.044009,43.36456,0.169632,2.939022,0.1114239,-0.05123847,-0.04244518,0.02846733,0.9973779,0.266394,2.927097,0.1207672,-0.07267381,-0.2025921,0.9765629,-1,NaN,NaN,NaN,-1,NaN,NaN,NaN
5.204346,-3.266563,-6.222909,44.6375,-0.2182768,2.941523,0.1099331,-0.05399807,-0.03861853,0.02492123,0.9974827,-0.1473345,2.935441,0.1139474,-0.06846024,-0.2010058,0.9771949,-1,NaN,NaN,NaN,-1,NaN,NaN,NaN
5.24585,-3.666822,-6.71359,48.12888,-0.5988864,2.940565,0.1083185,-0.05129774,-0.03586105,0.0187791,0.9978627,-0.5202012,2.938067,0.1116787,-0.0641139,-0.1966572,0.9783738,-1,NaN,NaN,NaN,-1,NaN,NaN,NaN
5.287598,-4.139052,-6.372177,45.69959,-0.9708825,2.937743,0.1069355,-0.04607517,-0.03384319,0.01170898,0.9982959,-0.8851417,2.939206,0.1098801,-0.06975971,-0.1996243,0.9773862,-1,NaN,NaN,NaN,-1,NaN,NaN,NaN
5.329712,-3.854918,-5.682487,40.79219,-1.32883,2.933898,0.1056117,-0.03823036,-0.03041255,0.005028415,0.9987934,-1.237179,2.939164,0.1085796,-0.06282151,-0.2069059,0.9763419,-1,NaN,NaN,NaN,-1,NaN,NaN,NaN
5.371582,-3.668831,-4.795756,34.48277,-1.668967,2.930007,0.1044629,-0.03215592,-0.02306765,-0.002938676,0.9992123,-1.605132,2.935359,0.1064472,-0.05846941,-0.2190406,0.9739623,-1,NaN,NaN,NaN,-1,NaN,NaN,NaN
5.413208,-4.117489,-5.56134,39.93019,-1.991452,2.924824,0.1029206,-0.02836628,-0.01788422,-0.003762233,0.9994306,-1.922921,2.932483,0.1051792,-0.05381504,-0.208285,0.9765866,-1,NaN,NaN,NaN,-1,NaN,NaN,NaN
5.454956,-4.165296,-5.424582,38.95711,-2.301306,2.918119,0.1029894,-0.02924991,-0.01157573,-0.008032382,0.9994729,-2.228512,2.928989,0.1042004,-0.04867761,-0.2099523,0.9764991,-1,NaN,NaN,NaN,-1,NaN,NaN,NaN
5.497437,-4.125462,-5.270124,37.85808,-2.591516,2.90982,0.1043904,-0.03483025,-0.007151306,-0.01428849,0.9992655,-2.515503,2.92484,0.1034174,-0.04163612,-0.211935,0.9763964,-1,NaN,NaN,NaN,-1,NaN,NaN,NaN
5.538696,-4.45892,-7.106503,50.92459,-2.872976,2.895113,0.1043836,-0.03065388,-0.004717737,-0.02514527,0.9992026,-2.820248,2.913877,0.1035225,-0.03161906,-0.1933488,0.9806205,-1,NaN,NaN,NaN,-1,NaN,NaN,NaN
5.580078,-4.22952,-6.798474,48.73286,-3.1193,2.882376,0.1058771,-0.02057957,-0.0006586909,-0.02527919,0.9994684,-3.064931,2.905377,0.1040918,-0.02347902,-0.1956375,0.9803951,-1,NaN,NaN,NaN,-1,NaN,NaN,NaN
5.621704,-3.977171,-5.29333,38.02319,-3.330333,2.869317,0.1082622,-0.02399833,0.004820466,-0.01927949,0.9995145,-3.276822,2.895284,0.1047198,-0.01805072,-0.2110527,0.977308,-1,NaN,NaN,NaN,-1,NaN,NaN,NaN
5.664063,-3.891927,-5.467632,39.26342,-3.493791,2.856273,0.1111165,-0.02859259,0.00896439,-0.01495497,0.9994391,-3.444307,2.885083,0.1058336,-0.01117903,-0.2086039,0.9779363,-1,NaN,NaN,NaN,-1,NaN,NaN,NaN
5.705566,-3.978912,-6.103543,43.78826,-3.615094,2.842575,0.1145084,-0.02904827,0.01055661,-0.01928794,0.9993362,-3.588689,2.863966,0.109388,-0.008751012,-0.201103,0.979531,-1,NaN,NaN,NaN,-1,NaN,NaN,NaN
5.746704,-3.932745,-6.181946,44.34613,-3.682823,2.8302,0.1183097,-0.03155669,0.01158586,-0.01985856,0.9992375,-3.662768,2.853261,0.1116955,-0.005979724,-0.2001217,0.9797528,-1,NaN,NaN,NaN,-1,NaN,NaN,NaN
5.788452,-3.843635,-5.699653,40.91443,-3.690984,2.821476,0.1228506,-0.03213265,0.01531491,-0.02000665,0.999166,-3.680501,2.842978,0.1143585,-0.003913455,-0.2049324,0.9787683,-1,NaN,NaN,NaN,-1,NaN,NaN,NaN
5.831421,-3.813851,-5.84637,41.95837,-3.632917,2.81619,0.1284524,-0.03953041,0.01887697,-0.01798926,0.9988781,-3.635531,2.833231,0.1174011,-0.004172951,-0.2031165,0.9791457,-1,NaN,NaN,NaN,-1,NaN,NaN,NaN
5.872437,-3.307875,-5.987648,42.96362,-3.514254,2.81196,0.1335665,-0.04108405,0.02293038,-0.01516019,0.9987775,-3.53085,2.819334,0.125023,0.005098334,-0.2013711,0.9795018,-1,NaN,NaN,NaN,-1,NaN,NaN,NaN
5.914185,-2.738104,-5.217297,37.48228,-3.329373,2.810111,0.1374439,-0.03522044,0.02789903,-0.01279005,0.9989082,-3.360276,2.814856,0.1291592,0.01628213,-0.2101996,0.9775229,-1,NaN,NaN,NaN,-1,NaN,NaN,NaN
5.956177,-1.280728,-4.66494,33.55206,-3.090257,2.811212,0.1402446,-0.02907359,0.03488326,-0.01357658,0.9988762,-3.136941,2.811687,0.1329832,0.05412412,-0.2180061,0.9744455,-1,NaN,NaN,NaN,-1,NaN,NaN,NaN
5.999146,-0.8111223,-4.456101,32.0661,-2.797644,2.819638,0.1448846,-0.03471417,0.04231301,-0.008177324,0.9984677,-2.8617,2.809927,0.1362191,0.06249797,-0.2214556,0.9731657,-1,NaN,NaN,NaN,-1,NaN,NaN,NaN
6.040039,0.1078348,-6.167343,44.24222,-2.462613,2.832832,0.1501973,-0.04009962,0.04432923,-0.002875982,0.9982078,-2.521541,2.813944,0.142257,0.05832434,-0.1992213,0.9782173,-1,NaN,NaN,NaN,-1,NaN,NaN,NaN
6.081055,1.035015,-7.830222,56.0742,-2.093991,2.848714,0.1554156,-0.03613963,0.04378617,-0.002784232,0.9983832,-2.167197,2.821152,0.1459161,0.05615601,-0.1867893,0.9807937,-1,NaN,NaN,NaN,-1,NaN,NaN,NaN
6.122925,1.345155,-7.987581,57.19386,-1.698443,2.867243,0.1599941,-0.02936026,0.0422523,0.002573533,0.9986721,-1.78594,2.831106,0.1498727,0.05384957,-0.1860633,0.981061,-1,NaN,NaN,NaN,-1,NaN,NaN,NaN
6.165771,1.524964,-7.313042,52.39426,-1.283954,2.886378,0.1641831,-0.02850029,0.04196602,0.009709601,0.9986653,-1.385455,2.843323,0.153887,0.05460651,-0.190558,0.980156,-1,NaN,NaN,NaN,-1,NaN,NaN,NaN
6.206665,1.689206,-6.878543,49.30264,-0.8660318,2.905465,0.1679707,-0.03384219,0.04035631,0.01265055,0.998532,-0.9443288,2.871948,0.1612716,0.05249376,-0.1943547,0.9795257,-1,NaN,NaN,NaN,-1,NaN,NaN,NaN
6.247681,2.155354,-7.27401,52.11653,-0.4456684,2.922833,0.1716709,-0.03722234,0.03432789,0.01694312,0.9985735,-0.5340942,2.887147,0.1644988,0.05073981,-0.191703,0.9801405,-1,NaN,NaN,NaN,-1,NaN,NaN,NaN
6.289917,2.615566,-7.730732,55.36628,-0.0227864,2.936758,0.174796,-0.03867646,0.02926418,0.02172908,0.9985868,-0.1211478,2.90205,0.1676077,0.04862674,-0.1889265,0.9807866,-1,NaN,NaN,NaN,-1,NaN,NaN,NaN
6.332642,3.054366,-8.411472,60.21,0.3972688,2.947075,0.1778469,-0.03965527,0.02474073,0.02773914,0.9985219,0.2895323,2.915973,0.1705654,0.04520569,-0.1852065,0.9816593,-1,NaN,NaN,NaN,-1,NaN,NaN,NaN
6.373291,3.057443,-8.694714,62.22536,0.8101991,2.953137,0.1809618,-0.04362151,0.0214985,0.03306476,0.9982694,0.731281,2.938136,0.1758612,0.03682186,-0.1841417,0.9822097,-1,NaN,NaN,NaN,-1,NaN,NaN,NaN
6.414917,3.067224,-7.639134,54.71453,1.221831,2.953783,0.1833555,-0.04434983,0.01648885,0.04093625,0.9980409,1.134276,2.945696,0.178335,0.03477304,-0.1904174,0.9810872,-1,NaN,NaN,NaN,-1,NaN,NaN,NaN
6.457031,3.533967,-7.619238,54.57296,1.625028,2.953672,0.1865321,-0.05005199,0.010878,0.04402179,0.9977167,1.529482,2.950212,0.1805497,0.03615196,-0.1906258,0.9809968,-1,NaN,NaN,NaN,-1,NaN,NaN,NaN
6.499512,3.612702,-6.674694,47.85218,2.021221,2.951384,0.1900225,-0.05611823,0.00555253,0.03836361,0.9976714,1.918141,2.95259,0.1826816,0.03482343,-0.1978421,0.9796152,-1,NaN,NaN,NaN,-1,NaN,NaN,NaN
6.540894,3.549932,-8.232882,58.93938,2.403174,2.948023,0.1945147,-0.0651361,0.001964599,0.03609602,0.9972214,2.329205,2.951871,0.1876818,0.02040687,-0.1869756,0.9821526,-1,NaN,NaN,NaN,-1,NaN,NaN,NaN
6.581909,3.469544,-7.892612,56.51824,2.768281,2.939778,0.198061,-0.0644808,-0.002717137,0.04067656,0.9970859,2.688552,2.949834,0.1907228,0.01361397,-0.1890019,0.9818824,-1,NaN,NaN,NaN,-1,NaN,NaN,NaN
6.623657,3.624167,-6.777817,48.58594,3.105323,2.932165,0.2009433,-0.05808139,-0.00757435,0.04479453,0.9972776,3.021982,2.946198,0.1938215,0.01219907,-0.1969895,0.9803297,-1,NaN,NaN,NaN,-1,NaN,NaN,NaN
6.665771,4.096555,-6.716182,48.1475,3.415971,2.921845,0.2035398,-0.05816388,-0.01374593,0.04289703,0.9972903,3.330675,2.941289,0.196769,0.01565587,-0.1974152,0.9801949,-1,NaN,NaN,NaN,-1,NaN,NaN,NaN
6.707153,3.485186,-5.854929,42.01926,3.6924,2.910145,0.2062915,-0.06223818,-0.01788935,0.04220976,0.9970079,3.636256,2.927966,0.2019079,-0.003535475,-0.205544,0.9786415,-1,NaN,NaN,NaN,-1,NaN,NaN,NaN
6.748901,3.405577,-5.93883,42.61636,3.936725,2.896852,0.2089339,-0.06759706,-0.0200426,0.04470164,0.9965093,3.880351,2.919644,0.2042059,-0.01095719,-0.204442,0.9788173,-1,NaN,NaN,NaN,-1,NaN,NaN,NaN
6.791382,3.461052,-6.055532,43.44674,4.138606,2.883127,0.211773,-0.07128529,-0.02330264,0.0512577,0.9958655,4.084456,2.910318,0.206237,-0.01411549,-0.2030096,0.979075,-1,NaN,NaN,NaN,-1,NaN,NaN,NaN
6.83313,3.421798,-6.455209,46.29059,4.290502,2.869329,0.2147136,-0.07405299,-0.02612379,0.05042971,0.9956358,4.241691,2.900172,0.2083209,-0.0174336,-0.198926,0.9798595,-1,NaN,NaN,NaN,-1,NaN,NaN,NaN
6.874878,-1.36822,-10.6549,76.17297,4.378975,2.855208,0.2164723,-0.07523194,-0.03195921,0.05159797,0.9953173,4.355894,2.878478,0.2128707,-0.07398527,-0.1749215,0.9817987,-1,NaN,NaN,NaN,-1,NaN,NaN,NaN
6.91687,-2.350246,-11.56154,82.62389,4.405774,2.843457,0.217031,-0.07489417,-0.0338222,0.05339022,0.9951866,4.392056,2.867316,0.2147499,-0.08032862,-0.1719071,0.9818326,-1,NaN,NaN,NaN,-1,NaN,NaN,NaN
6.958618,-2.035257,-11.14587,79.66629,4.355585,2.834083,0.2161912,-0.07071844,-0.03658333,0.05589213,0.9952571,4.355592,2.85661,0.2162377,-0.07897027,-0.1730255,0.9817464,-1,NaN,NaN,NaN,-1,NaN,NaN,NaN
7.000366,-0.6678516,-8.545507,61.16384,4.240872,2.828443,0.2141374,-0.07130625,-0.03814489,0.06079638,0.994869,4.257174,2.846764,0.2170441,-0.07918342,-0.1831623,0.9798886,4,-5.7,-16.76575,134.9484,5,5.7,-35.30891,266.8898
7.04187,0.1853531,-7.780288,55.71902,4.050898,2.824946,0.2102366,-0.07103384,-0.03972298,0.05846711,0.9949663,4.080544,2.832131,0.2157223,-0.06876756,-0.1873567,0.9798818,4,-5.7,-16.2158,131.0354,5,5.7,-34.75896,262.9767
7.08374,-1.587049,-10.24369,73.24695,3.78881,2.824782,0.2044125,-0.0671869,-0.04124478,0.05816145,0.9951895,3.836082,2.82764,0.2139293,-0.07289988,-0.1757101,0.9817391,4,-5.7,-15.6628,127.1006,5,5.7,-34.20596,259.0419
7.125854,-1.61917,-9.428783,67.44857,3.4624,2.832519,0.1995704,-0.07257931,-0.04247618,0.05695062,0.9948289,3.529438,2.824898,0.2107695,-0.07511946,-0.1787843,0.9810164,4,-5.7,-15.10623,123.1404,5,5.7,-33.64939,255.0817
7.167236,-3.169868,-11.81156,84.4029,3.086188,2.842486,0.1942061,-0.07568482,-0.04414044,0.05680265,0.9945336,3.173548,2.824754,0.2067602,-0.07402409,-0.1707975,0.9825216,4,-5.7,-14.55869,119.2444,5,5.7,-33.10185,251.1858
7.208862,-5.074965,-14.87206,106.1796,2.676252,2.854024,0.1877926,-0.07008348,-0.0456762,0.05833884,0.9947857,2.752713,2.834279,0.1986425,-0.072657,-0.1643514,0.9837223,4,-5.7,-14.00792,115.3255,5,5.7,-32.55107,247.2668
7.250732,-4.977855,-12.50992,89.37198,2.240606,2.867332,0.1806743,-0.06814118,-0.04580565,0.05790551,0.99494,2.331923,2.842196,0.1939961,-0.08051785,-0.1691049,0.9823036,4,-5.7,-13.45577,111.3968,5,5.7,-31.99893,243.3381
7.292725,-3.468336,-8.960763,64.11843,1.792937,2.880982,0.1737645,-0.07043234,-0.0440395,0.05348253,0.9951078,1.897948,2.851395,0.1888838,-0.08226363,-0.1810771,0.9800223,4,-5.7,-12.90035,107.4447,5,5.7,-31.44351,239.386
7.334106,-4.103219,-8.61821,61.68105,1.330506,2.894053,0.1673488,-0.07183457,-0.04169565,0.04802506,0.9953868,1.449154,2.861512,0.1836507,-0.08840569,-0.1827818,0.9791707,4,-5.7,-12.35341,103.5531,5,5.7,-30.89657,235.4944
7.375854,-5.50472,-10.0238,71.68231,0.8540882,2.906453,0.1620016,-0.07292546,-0.04270446,0.04115376,0.9955726,0.9462948,2.882846,0.1727606,-0.0884297,-0.1769227,0.9802442,4,-5.7,-11.80075,99.62068,5,5.7,-30.34391,231.562
7.417847,-5.664742,-10.05759,71.92274,0.3680549,2.917109,0.1570597,-0.07187901,-0.0412387,0.0322822,0.9960375,0.4729347,2.893243,0.167709,-0.08387981,-0.176991,0.9806316,4,-5.7,-11.24507,95.66679,5,5.7,-29.78823,227.6081
7.459839,-5.080003,-8.335785,59.67149,-0.1242302,2.92488,0.1522137,-0.06673783,-0.03824779,0.02892148,0.9966177,-0.006692916,2.903117,0.1631556,-0.08348038,-0.1849341,0.9791989,4,-5.7,-10.69104,91.72466,5,5.7,-29.2342,223.666
7.501587,-5.301865,-8.064259,57.73948,-0.6188285,2.931661,0.1476287,-0.06045175,-0.03495169,0.02920464,0.9971315,-0.4892429,2.911806,0.1590611,-0.08182718,-0.1866219,0.9790182,4,-5.7,-10.13833,87.79191,5,5.7,-28.68149,219.7333
7.543213,-5.648153,-8.063727,57.73569,-1.120271,2.934801,0.1422015,-0.05769438,-0.03248847,0.0231205,0.9975377,-1.02205,2.92512,0.1512297,-0.07866739,-0.1868666,0.9792305,4,-5.7,-9.58792,83.87555,5,5.7,-28.13108,215.8169
7.585327,-5.570705,-7.305538,52.3409,-1.623016,2.936146,0.1368843,-0.05651347,-0.03144503,0.01617251,0.9977755,-1.513007,2.929726,0.1471535,-0.07606886,-0.1918786,0.9784663,4,-5.7,-9.030579,79.90986,5,5.7,-27.57374,211.8512
7.627075,-6.161116,-7.682921,55.02612,-2.123404,2.934065,0.1314443,-0.05644507,-0.02705297,0.009040936,0.9979982,-2.002172,2.93279,0.1431197,-0.07419431,-0.1893812,0.9790965,4,-5.7,-8.479848,75.9912,5,5.7,-27.023,207.9326
7.668945,-6.560277,-7.923721,56.7396,-2.618068,2.929883,0.1260058,-0.05592433,-0.02141946,0.00658614,0.9981835,-2.48638,2.93424,0.1389694,-0.07051127,-0.1879304,0.9796481,4,-5.7,-7.925533,72.04705,5,5.7,-26.46869,203.9884
7.710327,-6.714748,-7.856318,56.26001,-3.106672,2.924449,0.121391,-0.05217354,-0.01692352,0.006021554,0.9984765,-3.009269,2.931942,0.1303581,-0.06469397,-0.1883524,0.9799684,4,-5.7,-7.378663,68.15586,5,5.7,-25.92182,200.0972
7.752319,-6.94587,-8.095938,57.96499,-3.582192,2.917836,0.1172677,-0.05495723,-0.01230454,0.006434897,0.9983922,-3.475795,2.928434,0.1262062,-0.0588325,-0.1869101,0.9806138,4,-5.7,-6.822867,64.20117,5,5.7,-25.36602,196.1425
7.794434,-7.475904,-9.18311,65.70063,-4.045203,2.909889,0.112847,-0.0490304,-0.00935027,0.003963166,0.9987457,-3.930642,2.924332,0.1224699,-0.05308814,-0.1813017,0.9819936,4,-5.7,-6.266988,60.24589,5,5.7,-24.81014,192.1872
7.83606,-8.736987,-11.51246,82.27486,-4.49431,2.901975,0.1089737,-0.04439442,-0.008734018,-0.005409995,0.9989613,-4.413853,2.913486,0.1155672,-0.05175661,-0.1727077,0.9836124,4,-5.7,-5.716261,56.32726,5,5.7,-24.25941,188.2686
7.877197,-8.445422,-10.12329,72.39038,-4.922536,2.894312,0.1051735,-0.04302778,-0.01050705,-0.009963833,0.998969,-4.83518,2.907316,0.1122893,-0.04909752,-0.17721,0.9829476,4,-5.7,-5.172224,52.45624,5,5.7,-23.71538,184.3976
7.919067,-8.823627,-9.770176,69.87782,-5.319221,2.886165,0.1022574,-0.04894375,-0.00965175,-0.01199171,0.998683,-5.227244,2.901082,0.1091043,-0.05065239,-0.1784654,0.9826415,4,-5.7,-4.618396,48.51555,5,5.7,-23.16155,180.4569
7.96106,-9.162651,-9.471557,67.75304,-5.676826,2.876412,0.1004621,-0.05307876,-0.006508797,-0.01037822,0.9985152,-5.583048,2.894861,0.1062033,-0.05198299,-0.1795853,0.9823681,4,-5.7,-4.063549,44.5676,5,5.7,-22.6067,176.5089
8.003052,-7.640863,-7.094936,50.84251,-5.998954,2.865849,0.1002583,-0.05591612,-0.002289921,-0.0121126,0.9983594,-5.938761,2.881019,0.1018829,-0.03289718,-0.1928093,0.9806846,4,-5.7,-3.509183,40.62309,5,5.7,-22.05234,172.5644
8.044434,-7.708906,-7.515815,53.83722,-6.285017,2.85364,0.1012918,-0.05767626,0.001843691,-0.01402444,0.9982352,-6.223976,2.873095,0.1007632,-0.02712115,-0.1897461,0.9814585,4,-5.7,-2.960508,36.71906,5,5.7,-21.50366,168.6604
8.086182,-7.42931,-7.418003,53.14125,-6.527982,2.838472,0.1025223,-0.05607514,0.00550434,-0.01503077,0.9982983,-6.468211,2.864448,0.1006529,-0.01778603,-0.1902867,0.9815674,4,-5.7,-2.40879,32.79339,5,5.7,-20.95194,164.7347
8.128174,-7.122601,-7.284887,52.19408,-6.714112,2.82524,0.1041751,-0.05005447,0.009708732,-0.01381843,0.9986038,-6.659215,2.854664,0.1012337,-0.008731133,-0.191051,0.9815413,4,-5.7,-1.853532,28.84252,5,5.7,-20.39669,160.7839
8.1698,-6.927835,-6.396366,45.87193,-6.836847,2.817033,0.1081211,-0.05436781,0.01004344,-0.01065659,0.9984136,-6.809844,2.832822,0.1035258,-0.002527083,-0.1976703,0.9802653,4,-5.7,-1.30394,24.93197,5,5.7,-19.8471,156.8733
8.210938,-7.092683,-9.092108,65.05306,-6.894618,2.808699,0.1124934,-0.06109438,0.01016065,-0.01185285,0.9980099,-6.875992,2.823748,0.1055748,-0.003281591,-0.180456,0.9835775,4,-5.7,-0.7599733,21.06145,5,5.7,-19.30313,153.0028
8.25293,-6.987398,-10.59456,75.74358,-6.882158,2.802824,0.116834,-0.05527308,0.008823574,-0.01184304,0.9983621,-6.875221,2.816231,0.1084292,-0.001460314,-0.1745857,0.984641,4,-5.7,-0.2038739,17.10459,5,5.7,-18.74703,149.0459
8.2948,-6.663036,-5.717075,41.03852,-6.794801,2.799019,0.1203445,-0.04700038,0.007613213,-0.009485924,0.9988209,-6.803298,2.809774,0.1119057,0.003355134,-0.2039639,0.9789727,4,-5.7,0.3488253,13.17193,5,5.7,-18.19433,145.1133
8.336548,-5.826844,-4.549951,32.734,-6.633,2.798135,0.1223124,-0.04008644,0.007221997,-0.00834502,0.9991353,-6.655897,2.800683,0.118248,0.02478929,-0.2197888,0.9752325,4,-5.7,0.9003029,9.247968,5,5.7,-17.64285,141.1893
8.378418,-5.540624,-4.67068,33.59303,-6.395824,2.801888,0.1246192,-0.04612961,0.008771688,-0.006909892,0.9988731,-6.435493,2.798327,0.1205546,0.02608393,-0.2177087,0.9756652,4,-5.7,1.45494,5.301521,5,5.7,-17.08822,137.2429
8.420288,-4.34323,-6.939294,49.73501,-6.090388,2.808879,0.1265681,-0.05096634,0.01125494,-0.004446117,0.9986271,-6.1492,2.798094,0.1226586,0.03569738,-0.1924722,0.9806529,4,-5.7,2.008312,1.364075,5,5.7,-16.53485,133.3054
8.462769,-3.453522,-7.583889,54.32154,-5.726907,2.821277,0.1287201,-0.04908133,0.01265159,-0.003591953,0.9987082,-5.806031,2.800453,0.1243623,0.04259235,-0.1880092,0.9812433,5,5.7,-15.97369,129.3126,6,-5.7,-34.36955,260.206
8.50415,-3.049574,-6.649945,47.67619,-5.31555,2.837983,0.1304681,-0.04394035,0.01333269,-0.003017577,0.9989406,-5.385926,2.813218,0.1278095,0.04813533,-0.1949673,0.9796279,5,5.7,-15.42688,125.4218,6,-5.7,-33.82274,256.3152
8.545288,-2.815876,-6.197136,44.45428,-4.875273,2.857763,0.1316072,-0.04362859,0.01412886,0.0001428276,0.9989479,-4.961286,2.823902,0.1294121,0.0473764,-0.1992086,0.9788113,5,5.7,-14.88318,121.5532,6,-5.7,-33.27904,252.4466
8.587402,-2.229908,-6.328258,45.38726,-4.422914,2.876144,0.1321954,-0.04880224,0.0136511,0.004371148,0.9987056,-4.52292,2.837121,0.1305475,0.04959756,-0.1982459,0.9788966,5,5.7,-14.32569,117.5865,6,-5.7,-32.72155,248.4798
8.629761,-1.116916,-6.606915,47.37001,-3.960949,2.891009,0.1323885,-0.04848684,0.01227218,0.01079254,0.9986901,-4.073922,2.851815,0.1314343,0.06126365,-0.1959672,0.9786949,5,5.7,-13.76567,113.6017,6,-5.7,-32.16153,244.4951
8.671265,-1.232499,-5.047061,36.27108,-3.485686,2.903198,0.1339914,-0.04474052,0.009034604,0.02134976,0.9987297,-3.571257,2.879786,0.1323313,0.06308739,-0.2138246,0.9748328,5,5.7,-13.2167,109.6956,6,-5.7,-31.61255,240.589
8.713013,-0.753209,-4.853915,34.89677,-2.989918,2.91474,0.1369205,-0.04540452,0.009958327,0.0269484,0.9985555,-3.089156,2.89136,0.1330827,0.06544631,-0.2169996,0.9739754,5,5.7,-12.66487,105.7691,6,-5.7,-31.06072,236.6625
8.754761,-0.201555,-4.832057,34.74125,-2.474038,2.926051,0.1407242,-0.04863911,0.01302242,0.03122892,0.9982432,-2.587886,2.90153,0.1343032,0.06714358,-0.2175979,0.9737263,5,5.7,-12.11278,101.8408,6,-5.7,-30.50864,232.7342
8.796997,0.5024944,-4.986813,35.84239,-1.960101,2.935295,0.1452792,-0.04925754,0.01457888,0.03723004,0.9979855,-2.08691,2.910981,0.1361436,0.07063138,-0.2154287,0.9739619,5,5.7,-11.55404,97.86517,6,-5.7,-29.9499,228.7586
8.838501,1.281159,-5.273564,37.88273,-1.445103,2.94223,0.1490766,-0.04195873,0.0132809,0.04275696,0.9981157,-1.539211,2.928013,0.1424637,0.0728326,-0.2117957,0.9745963,5,5.7,-11.00567,93.96327,6,-5.7,-29.40152,224.8567
8.879883,1.440525,-4.987385,35.84646,-0.9208558,2.947473,0.1510717,-0.03711744,0.009630919,0.0475436,0.9981328,-1.027466,2.934946,0.145418,0.06733453,-0.216146,0.9740364,5,5.7,-10.4582,90.06783,6,-5.7,-28.85406,220.9612
8.921753,2.158819,-5.511051,39.57255,-0.392647,2.952628,0.1532723,-0.03994513,0.006192595,0.0497335,0.9979442,-0.5120377,2.940487,0.1481408,0.06609641,-0.2091525,0.9756467,5,5.7,-9.904942,86.13121,6,-5.7,-28.3008,217.0246
8.964478,2.517533,-5.319412,38.20897,0.1330856,2.955861,0.1555335,-0.04857103,0.003637701,0.04772174,0.9976724,0.001524955,2.945123,0.1504266,0.06446883,-0.211766,0.9751918,5,5.7,-9.339912,82.11082,6,-5.7,-27.73577,213.0042
9.005615,3.521146,-7.101624,50.89006,0.655338,2.95792,0.1585217,-0.05245696,0.001204073,0.0463429,0.9975466,0.5585511,2.952522,0.1538078,0.05718451,-0.1940669,0.9793202,5,5.7,-8.796713,78.24577,6,-5.7,-27.19257,209.1391
9.046997,3.60033,-6.791253,48.68166,1.1723,2.958605,0.163229,-0.05971441,-0.0002818704,0.04497145,0.997202,1.064779,2.954845,0.1559513,0.05116157,-0.1966539,0.9791372,5,5.7,-8.249596,74.35282,6,-5.7,-26.64545,205.2462
9.088867,4.056841,-7.136835,51.1406,1.69108,2.957864,0.1684596,-0.05962523,-0.0007275939,0.0490872,0.997013,1.572368,2.956585,0.1587967,0.04775012,-0.1939897,0.9798408,5,5.7,-7.696095,70.41446,6,-5.7,-26.09195,201.3078
9.131714,4.092664,-6.015061,43.15877,2.198368,2.954677,0.1733079,-0.05416669,-0.001495034,0.0563797,0.9969379,2.069541,2.957451,0.162382,0.04601227,-0.2040637,0.9778757,5,5.7,-7.12834,66.37467,6,-5.7,-25.5242,197.2681
9.172485,4.451766,-5.839676,41.91084,2.691292,2.950499,0.177117,-0.04976667,-0.004724562,0.06099746,0.9968854,2.599015,2.955501,0.1700774,0.04339242,-0.205988,0.9775919,5,5.7,-6.590027,62.54438,6,-5.7,-24.98588,193.4378
9.213379,4.342428,-5.330158,38.28543,3.166786,2.948722,0.1819887,-0.04913964,-0.008700787,0.0603668,0.996928,3.066206,2.953107,0.1736962,0.03270485,-0.2122697,0.9766637,5,5.7,-6.049719,58.69989,6,-5.7,-24.44558,189.5933
9.255615,4.670065,-5.529331,39.70263,3.630284,2.945472,0.1859422,-0.0516734,-0.01241094,0.05914827,0.9968337,3.521713,2.950802,0.1775315,0.0283958,-0.2096922,0.9773551,5,5.7,-5.490916,54.72379,6,-5.7,-23.88677,185.6172
9.298706,5.059549,-5.707039,40.96708,4.072227,2.94071,0.1891822,-0.05013671,-0.01234332,0.05655135,0.9970637,3.957094,2.948461,0.1810552,0.02643208,-0.2075216,0.9778733,5,5.7,-4.921894,50.67499,6,-5.7,-23.31775,181.5684
9.339844,5.223487,-5.749486,41.26911,4.485766,2.935372,0.1922525,-0.04963293,-0.0114879,0.05592243,0.9971345,4.406315,2.942553,0.1871345,0.01945673,-0.2069564,0.9781567,5,5.7,-4.376956,46.79756,6,-5.7,-22.77281,177.691
9.381226,5.528404,-5.654106,40.59031,4.870136,2.930052,0.1947585,-0.0477924,-0.01066965,0.05576453,0.9972423,4.78642,2.938933,0.1898001,0.01796093,-0.2080089,0.977962,5,5.7,-3.829847,42.90467,6,-5.7,-22.2257,173.7981
9.423218,5.673484,-5.541283,39.78752,5.220672,2.925432,0.1974514,-0.04921972,-0.009056091,0.056615,0.9971411,5.134699,2.934851,0.1921042,0.01330458,-0.2093075,0.9777594,5,5.7,-3.275299,38.95886,6,-5.7,-21.67115,169.8523
9.465698,5.94916,-5.50117,39.50211,5.53425,2.920083,0.2006609,-0.05218753,-0.006602824,0.05804228,0.9969273,5.447983,2.930781,0.1942477,0.01246543,-0.209723,0.9776814,5,5.7,-2.712976,34.95773,6,-5.7,-21.10883,165.8511
9.506836,6.080908,-6.894928,49.41922,5.807416,2.913703,0.203834,-0.05406837,-0.003049672,0.05874494,0.996803,5.752504,2.922641,0.1989461,0.006543054,-0.1956045,0.980661,5,5.7,-2.169973,31.09406,6,-5.7,-20.56583,161.9875
9.548462,6.551734,-7.310595,52.37683,6.037401,2.9071,0.2071613,-0.05687768,0.0002638996,0.06080199,0.996528,5.984089,2.918109,0.201275,0.01067564,-0.1923709,0.9812642,5,5.7,-1.618424,27.16958,6,-5.7,-20.01428,158.063
9.59021,6.561835,-7.700075,55.14814,6.221848,2.900208,0.2114736,-0.06088581,0.00145632,0.06402127,0.9960884,6.172279,2.913166,0.2038661,0.006961123,-0.1896533,0.9818264,5,5.7,-1.066814,23.24467,6,-5.7,-19.46267,154.1381
9.632813,5.873522,-7.535745,53.97887,6.353377,2.891985,0.2148015,-0.06207545,-0.0009469688,0.06607535,0.9958814,6.310472,2.907952,0.206993,-0.007976724,-0.1906535,0.981625,5,5.7,-0.5043116,19.24226,6,-5.7,-18.90017,150.1357
9.673706,5.889136,-6.413208,45.9916,6.433733,2.882819,0.2178293,-0.06136186,-0.004087448,0.06499663,0.9959887,6.41401,2.896468,0.2125583,-0.01123474,-0.1992695,0.9798803,5,5.7,0.037305,15.38846,6,-5.7,-18.35855,146.2819
9.714722,5.785306,-6.476294,46.44048,6.464239,2.873579,0.2209882,-0.06129418,-0.007216305,0.0633668,0.9960802,6.451935,2.889589,0.2153988,-0.01413278,-0.1985598,0.9799868,5,5.7,0.579825,11.52823,6,-5.7,-17.81603,142.4216
9.756836,5.31719,-7.566959,54.20105,6.440633,2.863743,0.2222093,-0.05962382,-0.009628295,0.0649895,0.9960566,6.438127,2.882389,0.2180285,-0.020382,-0.1900003,0.9815724,5,5.7,1.135938,7.571282,6,-5.7,-17.25992,138.4647
9.799438,5.045225,-7.465865,53.48172,6.350502,2.85659,0.2222038,-0.06003714,-0.01065206,0.06322796,0.9961346,6.361518,2.875102,0.2201307,-0.0242536,-0.1905391,0.98138,5,5.7,1.699816,3.559081,6,-5.7,-16.69604,134.4525
9.840332,5.028898,-6.800371,48.74649,6.196534,2.850061,0.2198604,-0.05769874,-0.0149658,0.06504044,0.9961007,6.219827,2.861045,0.2224746,-0.02406366,-0.1952163,0.9804649,6,-5.7,-16.15545,130.606,7,5.7,-34.41512,260.5302
9.881836,3.73464,-6.657692,47.73128,5.975834,2.847449,0.2165045,-0.05966403,-0.02029109,0.06271563,0.9960398,6.014599,2.855119,0.2218671,-0.04700362,-0.196116,0.9794535,6,-5.7,-15.60675,126.7018,7,5.7,-33.86642,256.626
9.923828,-0.07746936,-7.944219,56.8854,5.691737,2.848435,0.2129528,-0.06340015,-0.02629268,0.06181538,0.9957249,5.748405,2.850528,0.2201562,-0.1004847,-0.1861878,0.9773622,6,-5.7,-15.05261,122.7589,7,5.7,-33.31228,252.6831
9.966064,-1.152936,-8.282164,59.29,5.344816,2.852643,0.2088689,-0.06481728,-0.03030038,0.06058757,0.9955952,5.421882,2.8476,0.2178618,-0.1087286,-0.1840544,0.9768838,6,-5.7,-14.49327,118.779,7,5.7,-32.75294,248.7032
10.00732,-1.885826,-7.852756,56.2346,4.949327,2.860368,0.2026958,-0.06007923,-0.03602925,0.06479461,0.9954367,5.020178,2.848899,0.212075,-0.1202046,-0.1862709,0.9751174,6,-5.7,-13.94745,114.8953,7,5.7,-32.20712,244.8195
10.04895,-2.016781,-7.469528,53.5078,4.515368,2.871019,0.1950358,-0.05768072,-0.04083079,0.06648035,0.9952819,4.602991,2.852949,0.2081369,-0.121037,-0.1887379,0.9745399,6,-5.7,-13.39733,110.9809,7,5.7,-31.65699,240.9051
10.09094,-2.209156,-7.598519,54.42562,4.050698,2.885035,0.1874465,-0.06890699,-0.04298292,0.06170768,0.9947847,4.155305,2.85899,0.2035739,-0.1144958,-0.1881293,0.9754477,6,-5.7,-12.84247,107.0329,7,5.7,-31.10214,236.9571
10.1333,-2.987831,-8.223975,58.87597,3.562533,2.897541,0.1794316,-0.07776976,-0.04336721,0.05701815,0.9943944,3.683729,2.867086,0.1979659,-0.1110289,-0.1845787,0.9765261,6,-5.7,-12.28277,103.0504,7,5.7,-30.54244,232.9747
10.1748,-7.199333,-11.72827,83.81043,3.054686,2.908538,0.1724709,-0.08069749,-0.04038545,0.05185809,0.9945691,3.15025,2.887018,0.1854886,-0.1210179,-0.170897,0.9778286,6,-5.7,-11.7332,99.14007,7,5.7,-29.99287,229.0643
10.21655,-8.6752,-12.79308,91.38689,2.527465,2.917481,0.1662227,-0.07846562,-0.0373854,0.04851797,0.9950334,2.638136,2.896553,0.1794783,-0.1213408,-0.1682787,0.9782426,6,-5.7,-11.18223,95.21967,7,5.7,-29.44189,225.1439
10.25854,-6.978042,-11.46133,81.911,1.991056,2.925102,0.1612141,-0.07910665,-0.03493685,0.0446166,0.9952542,2.116256,2.905379,0.1738366,-0.1089308,-0.1720832,0.9790411,6,-5.7,-10.62581,91.26058,7,5.7,-28.88548,221.1848
10.2998,-6.865062,-10.95001,78.27277,1.450306,2.930491,0.1560698,-0.07960879,-0.0330148,0.0406768,0.9954486,1.58929,2.913127,0.168728,-0.1059787,-0.1737799,0.9790654,6,-5.7,-10.08058,87.38106,7,5.7,-28.34025,217.3053
10.34143,-5.712761,-10.57213,75.58401,0.9037319,2.934811,0.1517398,-0.07852519,-0.03030676,0.03589179,0.9958048,1.008843,2.925254,0.1597997,-0.08738812,-0.1754806,0.9805967,6,-5.7,-9.530618,83.46786,7,5.7,-27.79028,213.3921
10.3833,-6.136261,-10.65949,76.2056,0.3582982,2.938689,0.1484193,-0.0811337,-0.02742535,0.0340443,0.995744,0.4757945,2.929569,0.156054,-0.0852766,-0.17526,0.980822,6,-5.7,-8.977216,79.5302,7,5.7,-27.23688,209.4544
10.42529,-6.842677,-11.23903,80.3293,-0.1820448,2.940654,0.1450548,-0.08015891,-0.02434811,0.03268769,0.9959484,-0.05294099,2.933265,0.1527495,-0.08310354,-0.1734631,0.9813278,6,-5.7,-8.421463,75.57581,7,5.7,-26.68113,205.5
10.46692,-7.430974,-11.85086,84.68268,-0.713976,2.940314,0.1417221,-0.07595733,-0.02138749,0.0278636,0.9964922,-0.5741829,2.936247,0.1496404,-0.07964665,-0.1717631,0.9819134,6,-5.7,-7.871122,71.65993,7,5.7,-26.13079,201.5842
10.50903,-2.080016,-7.960808,57.00351,-1.230781,2.939224,0.1375465,-0.06874932,-0.01957068,0.02440049,0.9971435,-1.129152,2.93934,0.1443207,-0.01642184,-0.1882505,0.9819837,6,-5.7,-7.315279,67.7049,7,5.7,-25.57494,197.6291
10.55078,-1.843759,-6.966448,49.92826,-1.734295,2.936878,0.1322946,-0.06438546,-0.0159648,0.02051324,0.9975865,-1.623566,2.939244,0.1412704,-0.004337608,-0.1951348,0.9807669,6,-5.7,-6.762594,63.77234,7,5.7,-25.02226,193.6966
10.5929,-2.176736,-6.463633,46.35055,-2.220173,2.934605,0.1276513,-0.0660749,-0.01104218,0.01792638,0.9975926,-2.101376,2.938212,0.1376971,-0.001597983,-0.1993622,0.9799246,6,-5.7,-6.206326,59.81429,7,5.7,-24.46599,189.7385
10.6344,-2.542981,-5.937811,42.60913,-2.685009,2.928878,0.1225822,-0.06785671,-0.005368471,0.01727412,0.9975311,-2.559577,2.936712,0.134135,0.0003824788,-0.2045189,0.9788626,6,-5.7,-5.656427,55.90156,7,5.7,-23.91609,185.8258
10.67578,-2.839533,-6.390562,45.83062,-3.132599,2.922773,0.1192067,-0.07181988,0.000949502,0.0141324,0.997317,-3.043704,2.931563,0.1263541,0.00437706,-0.1998495,0.9798169,6,-5.7,-5.11012,52.01438,7,5.7,-23.36979,181.9386
10.71753,-2.969965,-6.78343,48.62603,-3.557433,2.912231,0.1160912,-0.0705334,0.003810406,0.008021493,0.9974699,-3.462358,2.927537,0.1229037,0.009953743,-0.1963074,0.9804919,6,-5.7,-4.557514,48.08239,7,5.7,-22.81718,178.0066
10.75964,-3.090675,-7.320504,52.44751,-3.963095,2.899027,0.1135383,-0.06479956,0.004081517,-0.001848157,0.9978883,-3.862553,2.922028,0.1199995,0.01447469,-0.1920735,0.9812738,6,-5.7,-4.001493,44.12609,7,5.7,-22.26116,174.0503
10.80115,-3.540075,-6.794937,48.70791,-4.342681,2.886699,0.1122457,-0.06294084,0.003202409,-0.01077545,0.997954,-4.238238,2.914413,0.1174015,0.01408839,-0.1959269,0.9805173,6,-5.7,-3.452572,40.22032,7,5.7,-21.71224,170.1445
10.84277,-4.298356,-6.657662,47.73115,-4.681332,2.873001,0.1121283,-0.06388583,0.003990382,-0.01540028,0.9978304,-4.611217,2.895304,0.1136154,0.006441849,-0.1966953,0.9804435,6,-5.7,-2.902131,36.30373,7,5.7,-21.1618,166.2279
10.88452,-4.462415,-6.503474,46.63411,-4.976836,2.860793,0.1137132,-0.06508508,0.006684184,-0.01851904,0.9976855,-4.906705,2.884933,0.1127213,0.009361121,-0.1978117,0.9801953,6,-5.7,-2.34953,32.37177,7,5.7,-20.6092,162.296
10.92639,-4.735294,-5.259032,37.77938,-5.236831,2.847492,0.1165316,-0.06679305,0.01132452,-0.02856928,0.9972934,-5.16791,2.874512,0.1126677,0.01122593,-0.2110565,0.9774094,6,-5.7,-1.796739,28.43845,7,5.7,-20.0564,158.3627
10.96814,-6.362041,-5.728317,41.11858,-5.454562,2.833573,0.1198546,-0.06553632,0.01441553,-0.02863784,0.997335,-5.413414,2.853832,0.1151944,-0.02263878,-0.2048117,0.9785395,6,-5.7,-1.245141,24.51363,7,5.7,-19.50481,154.4378
11.00989,-6.586982,-6.188902,44.39581,-5.627542,2.82027,0.1236953,-0.06250026,0.01750037,-0.02818707,0.9974934,-5.588965,2.843076,0.1174958,-0.02207942,-0.1998175,0.9795843,6,-5.7,-0.6928935,20.58418,7,5.7,-18.95256,150.5084
11.05176,-6.434038,-5.455311,39.17605,-5.73766,2.808324,0.1275837,-0.06210022,0.01853532,-0.02752719,0.9975181,-5.705893,2.832424,0.1204298,-0.01823462,-0.2075466,0.9780552,6,-5.7,-0.1386774,16.64073,7,5.7,-18.39834,146.5649
11.09363,-6.240293,-5.696598,40.89289,-5.780426,2.798959,0.1317878,-0.06348744,0.02251682,-0.02874224,0.9973145,-5.759109,2.821902,0.1233388,-0.01155221,-0.2045122,0.9787958,6,-5.7,0.4148145,12.70243,7,5.7,-17.84485,142.6266
11.1355,-5.686298,-7.443109,53.31997,-5.757338,2.790697,0.135584,-0.06585301,0.02367529,-0.02519505,0.9972302,-5.756326,2.803816,0.1296146,0.001292808,-0.1891679,0.9819439,6,-5.7,0.967639,8.768883,7,5.7,-17.29203,138.6931
11.177,-5.35386,-7.046328,50.49672,-5.650141,2.787012,0.1380869,-0.05756661,0.02551329,-0.02256323,0.9977605,-5.663091,2.796564,0.132844,0.00602586,-0.1918034,0.9814149,6,-5.7,1.516722,4.861953,7,5.7,-16.74294,134.7862
11.21912,-5.038373,-5.29236,38.01659,-5.464523,2.786668,0.1397504,-0.0553567,0.02719003,-0.01823148,0.9979298,-5.494771,2.790769,0.135489,0.01178214,-0.2086691,0.9779153,6,-5.7,2.073986,0.8968141,7,5.7,-16.18568,130.821
11.26086,-2.757103,-4.686435,33.70521,-5.208035,2.790255,0.1409734,-0.05872831,0.03249469,-0.01544336,0.9976255,-5.257892,2.787392,0.1376377,0.07252797,-0.2167562,0.9735278,7,5.7,-15.63413,126.8965,8,-0.7,-33.72665,255.6314
11.30237,-1.792298,-4.980109,35.79481,-4.890858,2.798293,0.1427745,-0.06151449,0.03744027,-0.01105531,0.9973425,-4.942116,2.787606,0.1403832,0.08599845,-0.2120794,0.9734612,7,5.7,-15.08452,122.9859,8,-0.7,-33.17704,251.7207
11.34338,-1.24682,-5.534876,39.74219,-4.519678,2.811706,0.1455387,-0.06209416,0.03943285,-0.005298497,0.997277,-4.587877,2.791651,0.1416599,0.08228371,-0.205066,0.9752832,7,5.7,-14.54324,119.1345,8,-0.7,-32.63576,247.8693
11.3855,-0.9542364,-5.944891,42.65959,-4.106761,2.827404,0.1478607,-0.06027243,0.04215464,-0.006113844,0.9972727,-4.192192,2.798782,0.1432683,0.07439013,-0.2008807,0.9767871,7,5.7,-13.98633,115.1719,8,-0.7,-32.07885,243.9067
11.42761,0.3577643,-7.439673,53.29551,-3.6753,2.843416,0.1497418,-0.05878145,0.04382938,-0.004106168,0.9972998,-3.776241,2.808514,0.1449938,0.07615072,-0.1887774,0.9790629,7,5.7,-13.42998,111.2132,8,-0.7,-31.5225,239.948
11.46948,0.4565338,-7.608915,54.49974,-3.225929,2.859233,0.1508031,-0.05959366,0.04369152,0.002435103,0.9972631,-3.304471,2.832607,0.1486517,0.06779929,-0.1882284,0.9797823,7,5.7,-12.87509,107.265,8,-0.7,-30.96761,235.9998
11.51099,1.09517,-9.480053,67.81358,-2.754843,2.875129,0.1515763,-0.06329542,0.04116741,0.009085352,0.997104,-2.846767,2.845348,0.1496603,0.05722056,-0.1789137,0.9821994,7,5.7,-12.32646,103.3613,8,-0.7,-30.41898,232.0961
11.5531,1.888383,-10.2802,73.50691,-2.265945,2.89076,0.1540562,-0.06715371,0.0376114,0.01684676,0.9968912,-2.371891,2.858105,0.1504548,0.0570735,-0.1760096,0.9827325,7,5.7,-11.77018,99.40314,8,-0.7,-29.8627,228.1379
11.59485,1.850393,-9.095498,65.07733,-1.752932,2.906935,0.1581006,-0.06947039,0.03683773,0.02374242,0.9966209,-1.874457,2.870768,0.1517087,0.05633117,-0.1809667,0.9818747,7,5.7,-11.21815,95.47521,8,-0.7,-29.31067,224.21
11.63672,1.948516,-7.185455,51.48667,-1.23073,2.921955,0.1621692,-0.06969873,0.03662205,0.0282294,0.9964959,-1.322807,2.896264,0.1555824,0.06241319,-0.192348,0.97934,7,5.7,-10.66456,91.53623,8,-0.7,-28.75708,220.271
11.67822,2.188396,-6.460178,46.32605,-0.7081276,2.934216,0.1665031,-0.06545299,0.03338748,0.03432126,0.9967062,-0.8128289,2.908641,0.1587155,0.06358004,-0.1984757,0.9780414,7,5.7,-10.11534,87.62833,8,-0.7,-28.20786,216.3631
11.71997,2.401081,-5.834555,41.87451,-0.1868875,2.943816,0.1702507,-0.06160895,0.02799302,0.03803804,0.9969824,-0.3034918,2.920041,0.162164,0.0633287,-0.2049926,0.9767126,7,5.7,-9.564293,83.70744,8,-0.7,-27.65681,212.4422
11.76196,2.731271,-5.890856,42.27512,0.3388669,2.951076,0.1738721,-0.06362664,0.02037582,0.04021638,0.9969549,0.2100908,2.929904,0.1654184,0.05849952,-0.2046702,0.9770813,7,5.7,-9.008508,79.75282,8,-0.7,-27.10103,208.4876
11.80383,3.223967,-6.573861,47.13495,0.8631017,2.953231,0.1766781,-0.06489404,0.01291302,0.04491376,0.9967973,0.7688817,2.945018,0.1715652,0.05116763,-0.1983877,0.9787871,7,5.7,-8.455542,75.81826,8,-0.7,-26.54806,204.5531
11.84558,3.355414,-6.721588,48.18608,1.386835,2.953808,0.1802484,-0.06404975,0.00655508,0.04896189,0.9967234,1.280959,2.949461,0.1743342,0.04231852,-0.1972878,0.9794319,7,5.7,-7.904052,71.89421,8,-0.7,-25.99657,200.629
11.88721,1.557839,-7.392947,52.96294,1.904422,2.953207,0.184851,-0.07237712,-0.0008465052,0.05132855,0.9960554,1.78741,2.951741,0.1767606,-0.004267864,-0.1923134,0.9813243,7,5.7,-7.352461,67.96944,8,-0.7,-25.44498,196.7042
11.9292,1.25885,-8.060459,57.71254,2.418767,2.94932,0.1896213,-0.07219727,-0.00450325,0.04882145,0.9961846,2.290953,2.952683,0.1796983,-0.01761674,-0.1879808,0.9820147,7,5.7,-6.79794,64.02381,8,-0.7,-24.89046,192.7586
11.97083,2.138421,-9.580564,68.52865,2.91676,2.944092,0.1951985,-0.07199331,-0.006832451,0.05012827,0.9961212,2.825554,2.950372,0.1868294,-0.009889019,-0.1803414,0.9835544,7,5.7,-6.247273,60.10562,8,-0.7,-24.33979,188.8404
12.01257,2.570054,-8.029802,57.49441,3.402249,2.939234,0.2011232,-0.06872616,-0.008905947,0.05981776,0.9958009,3.30221,2.947312,0.1911197,-0.01254771,-0.188126,0.9820648,7,5.7,-5.695002,56.176,8,-0.7,-23.78752,184.9108
12.05432,2.852725,-7.633094,54.67168,3.862774,2.932763,0.2064361,-0.06622642,-0.01057082,0.0634239,0.9957308,3.755721,2.943575,0.1954218,-0.01626998,-0.1905677,0.9815392,7,5.7,-5.143549,52.25221,8,-0.7,-23.23607,180.987
12.09656,2.492844,-8.164318,58.45154,4.300496,2.92564,0.2117039,-0.06634756,-0.01273525,0.06494267,0.9955995,4.187777,2.939334,0.1998758,-0.02857046,-0.1871674,0.9819125,7,5.7,-4.584414,48.27375,8,-0.7,-22.67693,177.0086
12.13794,2.379528,-8.473832,60.65385,4.709126,2.917656,0.217322,-0.06975985,-0.01253521,0.06359543,0.9954557,4.632171,2.929164,0.2083992,-0.03659689,-0.1852554,0.9820088,7,5.7,-4.037365,44.3813,8,-0.7,-22.12988,173.1161
12.17969,2.538908,-8.658475,61.96765,5.081271,2.909143,0.2236406,-0.07234837,-0.009860963,0.06292374,0.9953437,5.001205,2.923264,0.2128247,-0.03915886,-0.1841888,0.9821105,7,5.7,-3.485863,40.45716,8,-0.7,-21.57838,169.192
12.22131,2.594316,-9.187887,65.7346,5.414074,2.900425,0.2312275,-0.07373103,-0.009451509,0.06895984,0.9948462,5.333036,2.916949,0.2174945,-0.04107123,-0.1815302,0.9825273,7,5.7,-2.936081,36.54526,8,-0.7,-21.0286,165.2801
12.26355,2.465407,-9.773177,69.89899,5.700035,2.889702,0.2380829,-0.07280744,-0.008404672,0.07115448,0.9947691,5.620635,2.910295,0.2230335,-0.04450801,-0.1789146,0.9828574,7,5.7,-2.377886,32.57349,8,-0.7,-20.47041,161.3083
12.30493,1.676586,-13.55457,96.80501,5.941316,2.879807,0.2452914,-0.07154489,-0.01026857,0.0724838,0.9947472,5.893414,2.895324,0.233852,-0.04300566,-0.1677655,0.9848884,7,5.7,-1.830061,28.67552,8,-0.7,-19.92258,157.4103
12.34583,3.476808,-8.798715,62.96534,6.130721,2.87101,0.253243,-0.07597537,-0.01131603,0.0736731,0.9943199,6.08608,2.887227,0.2394468,-0.04086024,-0.1829975,0.9822639,7,5.7,-1.289917,24.83219,8,-0.7,-19.38243,153.567
12.3877,3.436041,-9.255587,66.21616,6.271568,2.859619,0.2596237,-0.075028,-0.01403287,0.07216679,0.9944677,6.23218,2.879641,0.2453676,-0.04164895,-0.1807562,0.9826458,7,5.7,-0.7352809,20.88575,8,-0.7,-18.8278,149.6205
12.43005,2.755015,-8.888977,63.6076,6.352962,2.849259,0.265018,-0.07169377,-0.01824018,0.06698263,0.9950079,6.322184,2.871854,0.2512707,-0.05527299,-0.182233,0.9817006,7,5.7,-0.1750105,16.89922,8,-0.7,-18.26753,145.634
12.47168,2.341173,-9.066482,64.87061,6.37955,2.840935,0.2699951,-0.07067443,-0.02103379,0.06540954,0.9951304,6.369712,2.855259,0.2617774,-0.06120268,-0.1811184,0.9815551,7,5.7,0.3738847,12.99363,8,-0.7,-17.71863,141.7284
12.51318,2.790353,-9.281775,66.4025,6.350026,2.833141,0.2724874,-0.06567264,-0.02121007,0.06619826,0.9954171,6.349606,2.847528,0.2660742,-0.05285999,-0.1801375,0.9822201,7,5.7,0.923521,9.082763,8,-0.7,-17.169,137.8176
12.55505,3.109142,-8.440884,60.41924,6.263292,2.827552,0.2719396,-0.0590842,-0.02004051,0.06817842,0.9957205,6.274732,2.840635,0.269489,-0.05165748,-0.1840967,0.9815497,7,5.7,1.476953,5.144892,8,-0.7,-16.61556,133.8797
12.59753,3.379953,-7.527551,53.92054,6.116763,2.826158,0.2702126,-0.0578223,-0.01954484,0.06857754,0.995777,6.142756,2.834482,0.2716001,-0.05049882,-0.1893983,0.980601,7,5.7,2.038402,1.149976,8,-0.7,-16.05412,129.8848
12.63892,3.249526,-7.790408,55.79087,5.904362,2.829929,0.267802,-0.06402753,-0.01709351,0.06425375,0.9957308,5.938173,2.826586,0.2715882,-0.04751167,-0.1876151,0.9810929,8,-0.7,-15.50718,125.9931,9,5.7,-33.5997,254.7282
12.68042,3.213875,-8.468316,60.61444,5.634182,2.836303,0.2640364,-0.06372193,-0.01538783,0.0632385,0.9958432,5.683499,2.826622,0.2700812,-0.04019443,-0.183831,0.9821357,8,-0.7,-14.95837,122.0882,9,5.7,-33.0509,250.8233
12.72217,2.991934,-8.563708,61.29319,5.305969,2.846215,0.259218,-0.05903947,-0.01848808,0.06603748,0.9958974,5.372915,2.829323,0.2682292,-0.03832567,-0.1833888,0.9822931,8,-0.7,-14.4054,118.1535,9,5.7,-32.49792,246.8886
12.76501,2.607088,-7.869387,56.35284,4.941868,2.857567,0.2522636,-0.05852838,-0.0240674,0.06556255,0.9958397,5.026192,2.83401,0.2654868,-0.04232849,-0.1872837,0.9813935,8,-0.7,-13.83878,114.1218,9,5.7,-31.9313,242.8569
12.80627,1.853625,-8.374866,59.94951,4.548796,2.870138,0.24416,-0.06112036,-0.02570933,0.057875,0.9961194,4.61952,2.848886,0.2569159,-0.04549055,-0.1845965,0.981761,8,-0.7,-13.29437,110.2482,9,5.7,-31.3869,238.9833
12.84717,1.182674,-8.848066,63.31651,4.134594,2.882719,0.2359375,-0.06568488,-0.0244725,0.05148622,0.9962107,4.218767,2.857983,0.2514693,-0.0472808,-0.1822972,0.982106,8,-0.7,-12.75259,106.3931,9,5.7,-30.84511,235.1283
12.88928,-0.3047782,-10.99393,78.58511,3.698599,2.894377,0.2281079,-0.07030053,-0.02049142,0.04568617,0.9962685,3.79648,2.867848,0.2452271,-0.05148295,-0.1740064,0.9833978,8,-0.7,-12.19683,102.4388,9,5.7,-30.28935,231.1739
12.93201,-2.060392,-13.20175,94.29459,3.240104,2.904614,0.2206144,-0.06993905,-0.01655906,0.04148474,0.9965508,3.352369,2.87784,0.2386647,-0.05663431,-0.1682425,0.9841174,8,-0.7,-11.63121,98.41413,9,5.7,-29.72373,227.1493
12.97314,-1.576397,-10.72907,76.70054,2.77031,2.91399,0.2134166,-0.0673814,-0.01420131,0.03742909,0.9969239,2.857307,2.896299,0.2263274,-0.05698482,-0.1751221,0.9828962,8,-0.7,-11.08821,94.55048,9,5.7,-29.18073,223.2856
13.01477,-2.18953,-11.78386,84.20573,2.293675,2.922292,0.2062968,-0.06603319,-0.01082563,0.03469057,0.9971555,2.39286,2.90445,0.2202438,-0.05366846,-0.1720279,0.983629,8,-0.7,-10.53742,90.63144,9,5.7,-28.62995,219.3666
13.05664,-2.200446,-11.30089,80.76927,1.816926,2.929276,0.199647,-0.06497835,-0.00846821,0.0312086,0.9973626,1.927508,2.911951,0.2143469,-0.05040038,-0.1735321,0.9835377,8,-0.7,-9.984279,86.69562,9,5.7,-28.0768,215.4307
13.09924,-2.246956,-10.83973,77.48792,1.334524,2.933718,0.1930172,-0.0654842,-0.005977392,0.02313992,0.9975674,1.456907,2.9185,0.2087981,-0.04713395,-0.175082,0.983425,8,-0.7,-9.420332,82.68293,9,5.7,-27.51286,211.4181
13.1405,0.5307158,-6.235404,44.72645,0.8547024,2.936481,0.1867994,-0.06478349,-0.002927125,0.01557932,0.9977735,0.9453661,2.929148,0.1979018,-0.009120463,-0.2015794,0.9794298,8,-0.7,-8.875642,78.80726,9,5.7,-26.96817,207.5424
13.18176,0.02965984,-6.113311,43.85771,0.3833598,2.93676,0.1807174,-0.06742092,0.002513528,0.01362396,0.9976285,0.4836802,2.932595,0.192609,-0.01018107,-0.2028477,0.9791574,8,-0.7,-8.329931,74.92433,9,5.7,-26.42246,203.6595
13.22351,-0.1738671,-6.291908,45.1285,-0.08085009,2.936139,0.1769462,-0.06889308,0.007939726,0.009343212,0.9975488,0.02872812,2.934709,0.1873827,-0.004415865,-0.2011079,0.9795591,8,-0.7,-7.777133,70.99097,9,5.7,-25.86966,199.7261
13.26587,-0.424274,-6.402953,45.91862,-0.5329332,2.931966,0.1741279,-0.07237612,0.01232645,0.009228796,0.9972585,-0.4151042,2.935546,0.1829844,-0.0001964404,-0.2000566,0.9797844,8,-0.7,-7.217106,67.00617,9,5.7,-25.30963,195.7413
13.30713,-0.2162851,-8.508633,60.90132,-0.9699501,2.925441,0.1717116,-0.07160579,0.01736301,0.009376647,0.9972378,-0.885868,2.933438,0.1763546,0.01083517,-0.1851553,0.9826496,8,-0.7,-6.672546,63.13143,9,5.7,-24.76507,191.8665
13.34851,-0.78789,-8.91154,63.76822,-1.388181,2.916025,0.1697607,-0.07239453,0.02259278,0.007262918,0.9970937,-1.297514,2.929865,0.1739222,0.007878021,-0.1830503,0.983072,8,-0.7,-6.124326,59.23064,9,5.7,-24.21685,187.9658
13.39063,-1.014305,-9.417709,67.3698,-1.783017,2.906323,0.1681741,-0.0689919,0.02656486,0.0009104888,0.9972631,-1.6871,2.924656,0.1721289,0.009846974,-0.1806418,0.9834997,8,-0.7,-5.568335,55.27456,9,5.7,-23.66086,184.0097
13.43286,-1.026197,-8.879626,63.54114,-2.159072,2.895996,0.1672741,-0.07073487,0.03153396,-0.005785841,0.9969798,-2.05867,2.917902,0.1704872,0.01601536,-0.182999,0.9829826,8,-0.7,-5.010049,51.30215,9,5.7,-23.10258,180.0373
13.47437,-1.371247,-7.251234,51.95452,-2.500468,2.883982,0.1664415,-0.06776379,0.03550991,-0.004131705,0.9970607,-2.432525,2.902289,0.1680057,0.02010637,-0.1923629,0.9811179,8,-0.7,-4.460558,47.39232,9,5.7,-22.55309,176.1274
13.51624,-1.458205,-6.941531,49.75088,-2.805537,2.872184,0.1658604,-0.06212442,0.03853285,-0.004414408,0.9973146,-2.736144,2.893657,0.1673391,0.02527284,-0.1945031,0.9805763,8,-0.7,-3.907721,43.45868,9,5.7,-22.00025,172.1938
13.55847,-1.740978,-7.041506,50.46224,-3.067338,2.860486,0.1661395,-0.06222731,0.0399304,-0.001846304,0.9972613,-2.999186,2.884427,0.1666,0.02453549,-0.193559,0.9807818,8,-0.7,-3.348393,39.47886,9,5.7,-21.44092,168.214
13.59985,-1.854743,-6.84654,49.07499,-3.283233,2.8475,0.1672558,-0.05772419,0.03620785,-0.003273695,0.9976704,-3.21899,2.875061,0.1660227,0.02734815,-0.1948824,0.9804453,8,-0.7,-2.801423,35.58696,9,5.7,-20.89395,164.3221
13.64148,-1.815737,-6.287062,45.09409,-3.43059,2.834468,0.1685036,-0.05204622,0.03881284,-0.0006743334,0.9978899,-3.396174,2.855646,0.1667156,0.03445061,-0.1992942,0.9793339,8,-0.7,-2.250672,31.66816,9,5.7,-20.3432,160.4033
13.68335,-1.72738,-5.584662,40.09626,-3.51994,2.823583,0.1696769,-0.04894343,0.04107338,0.0006312793,0.9979565,-3.493327,2.845734,0.1675521,0.04323302,-0.2063887,0.9775145,8,-0.7,-1.698048,27.73603,9,5.7,-19.79058,156.4711
13.72534,-1.741314,-5.265615,37.82613,-3.542521,2.815351,0.1712608,-0.0492777,0.03952885,-0.003868655,0.9979951,-3.526773,2.835815,0.1684995,0.04630271,-0.2100962,0.9765837,8,-0.7,-1.143162,23.78781,9,5.7,-19.23569,152.5229
13.76685,-1.227754,-7.186871,51.49657,-3.508827,2.808716,0.1720178,-0.04640913,0.03761133,-0.008647276,0.9981767,-3.505797,2.826762,0.169556,0.04352037,-0.1913033,0.9805657,8,-0.7,-0.5942768,19.88229,9,5.7,-18.6868,148.6174
13.80859,-0.7011861,-9.517387,68.07902,-3.416174,2.80593,0.1730897,-0.04638725,0.03107092,-0.0102432,0.9983877,-3.428739,2.812818,0.1714302,0.03948866,-0.1785129,0.9831448,8,-0.7,-0.04271585,15.95773,9,5.7,-18.13524,144.6928
13.85034,-0.08107091,-12.32733,88.07281,-3.257676,2.805253,0.1734169,-0.04569172,0.02487612,-0.01481238,0.998536,-3.28386,2.808314,0.1722448,0.03588494,-0.1695839,0.9848622,8,-0.7,0.5105756,12.02086,9,5.7,-17.58195,140.756
13.89246,-0.06435443,-11.81563,84.43189,-3.040278,2.806514,0.1732597,-0.04250383,0.0209001,-0.01993854,0.9986787,-3.082245,2.805785,0.1729603,0.03526752,-0.1708681,0.9846626,8,-0.7,1.066732,8.063606,9,5.7,-17.02579,136.7987
13.93384,-1.187369,-6.817894,48.87117,-2.764685,2.812703,0.1750962,-0.04637957,0.02051222,-0.01937606,0.9985254,-2.824684,2.804763,0.1733807,0.03296626,-0.1937458,0.9804977,8,-0.7,1.613759,4.171303,9,5.7,-16.47877,132.9064
13.97559,-0.497665,-7.323198,52.46655,-2.439888,2.822409,0.1783436,-0.05010224,0.01927647,-0.0184253,0.9983881,-2.49793,2.807896,0.1742952,0.03752689,-0.1900691,0.9810532,8,-0.7,2.166144,0.2408831,9,5.7,-15.92638,128.976
14.01746,-0.1318369,-7.961719,57.00986,-2.082908,2.833038,0.1810931,-0.04680777,0.02091837,-0.02057971,0.9984728,-2.155615,2.813052,0.1757959,0.03496397,-0.1861513,0.9818988,9,5.7,-15.37265,125.036,10,-0.7,-33.46513,253.7706
14.05933,-0.03901161,-6.677984,47.87562,-1.696341,2.845004,0.183784,-0.03801659,0.02415448,-0.01811313,0.998821,-1.783865,2.820043,0.1775687,0.03585378,-0.1951684,0.9801142,9,5.7,-14.81939,121.0993,10,-0.7,-32.91187,249.8339
14.1012,0.08944096,-5.294604,38.03239,-1.290112,2.85861,0.1853485,-0.03191296,0.02507564,-0.009641087,0.9991296,-1.391865,2.828274,0.1799248,0.0382346,-0.209663,0.9770259,9,5.7,-14.26565,117.1592,10,-0.7,-32.35812,245.8938
14.14258,0.9679109,-6.61971,47.46098,-0.8673922,2.874897,0.1862311,-0.03325249,0.02497172,-0.004308967,0.9991257,-0.9481364,2.847574,0.1840278,0.03970785,-0.1961985,0.9797599,9,5.7,-13.71797,113.2623,10,-0.7,-31.81044,241.9969
14.18445,1.478797,-6.459,46.31746,-0.4321827,2.891964,0.1873057,-0.04068941,0.02344624,0.001901683,0.998895,-0.5250596,2.858909,0.1852629,0.0425389,-0.1978053,0.9793179,9,5.7,-13.16554,109.3316,10,-0.7,-31.25802,238.0662
14.2262,2.13496,-6.899996,49.45531,0.01438107,2.907784,0.1882052,-0.04577541,0.02175802,0.00918252,0.9986726,-0.09072769,2.871466,0.1862375,0.04426763,-0.1943487,0.9799331,9,5.7,-12.61369,105.4049,10,-0.7,-30.70616,234.1395
14.26782,2.670689,-9.021393,64.54984,0.4614834,2.92192,0.1877463,-0.04504748,0.01774988,0.01539221,0.9987086,0.3842237,2.897816,0.1875287,0.03490968,-0.1819822,0.982682,9,5.7,-12.06249,101.4829,10,-0.7,-30.15496,230.2176
14.30969,2.448656,-8.849585,63.32735,0.9091993,2.934624,0.1878857,-0.04987837,0.01295999,0.01875517,0.9984952,0.8216845,2.909894,0.1878045,0.02532412,-0.1830386,0.9827795,9,5.7,-11.50873,97.54273,10,-0.7,-29.6012,226.2773
14.35181,2.688101,-9.324287,66.70507,1.354428,2.942982,0.1877106,-0.05628081,0.006918728,0.02558113,0.9980633,1.25706,2.92103,0.1879609,0.02115358,-0.1810099,0.9832538,9,5.7,-10.9524,93.58429,10,-0.7,-29.04488,222.3189
14.3938,2.858956,-9.001364,64.40736,1.795173,2.949167,0.1876717,-0.05677379,0.002122134,0.03013285,0.99793,1.688443,2.93081,0.187977,0.01791719,-0.1826475,0.9830152,9,5.7,-10.39672,89.63037,10,-0.7,-28.48919,218.365
14.43567,3.5021,-9.034831,64.64548,2.233452,2.951956,0.187753,-0.05810098,-0.0009610057,0.03433126,0.9977198,2.156808,2.944425,0.1878315,0.02051526,-0.1826797,0.9829584,9,5.7,-9.843786,85.69605,10,-0.7,-27.93626,214.4307
14.47693,3.67016,-9.109512,65.17687,2.666618,2.953143,0.1890635,-0.06187231,-0.00315985,0.03844845,0.9973382,2.580938,2.94832,0.1878949,0.01647661,-0.1823985,0.9830866,9,5.7,-9.297735,81.8107,10,-0.7,-27.39021,210.5453
14.51904,4.001066,-8.25185,59.07429,3.090154,2.953449,0.1920211,-0.07007865,-0.00451386,0.03807725,0.9968043,2.996413,2.950683,0.1882775,0.01675799,-0.1868629,0.9822431,9,5.7,-8.741319,77.85159,10,-0.7,-26.8338,206.5862
14.56067,4.225942,-7.421625,53.16693,3.501277,2.952324,0.1964274,-0.07458647,-0.00633338,0.03987182,0.996397,3.40031,2.952035,0.189417,0.01529232,-0.1921407,0.9812483,9,5.7,-8.191532,73.93966,10,-0.7,-26.28401,202.6743
14.60229,4.732313,-7.493438,53.6779,3.902818,2.948769,0.2019189,-0.07706104,-0.007720858,0.04812041,0.9958346,3.83177,2.951764,0.19441,0.01652328,-0.1916503,0.9813242,9,5.7,-7.640793,70.02095,10,-0.7,-25.73327,198.7556
14.64368,5.202428,-8.198871,58.69732,4.29337,2.943559,0.2070355,-0.07183736,-0.00853166,0.05563512,0.995827,4.214982,2.950354,0.1980916,0.01657889,-0.187192,0.9821834,9,5.7,-7.09304,66.12349,10,-0.7,-25.18552,194.8581
14.68567,5.437115,-6.381562,45.76649,4.666804,2.937006,0.2122715,-0.06797504,-0.009762049,0.06058889,0.9957978,4.582429,2.947359,0.2021248,0.01837342,-0.2005468,0.9795119,9,5.7,-6.538738,62.17942,10,-0.7,-24.63121,190.9141
14.72742,5.791398,-5.999093,43.04509,5.021379,2.930248,0.2174689,-0.06691693,-0.01176,0.06124688,0.9958076,4.932259,2.94322,0.2062644,0.01962815,-0.2042994,0.9787117,9,5.7,-5.985504,58.24296,10,-0.7,-24.07798,186.9776
14.76904,5.546851,-6.009658,43.12026,5.351112,2.923967,0.2226969,-0.06745979,-0.01605022,0.06054684,0.9957538,5.291125,2.933228,0.2144567,0.005834653,-0.2040422,0.9789448,9,5.7,-5.436398,54.33586,10,-0.7,-23.52887,183.0705
14.81067,5.576169,-5.993924,43.0083,5.654134,2.917707,0.2283941,-0.06892819,-0.02011609,0.06013911,0.9956042,5.591132,2.92808,0.2186515,-0.0003423865,-0.2041185,0.9789461,9,5.7,-4.886299,50.4217,10,-0.7,-22.97878,179.1563
14.85266,5.690036,-6.033899,43.29274,5.934287,2.910252,0.2343805,-0.06993105,-0.02309564,0.06078492,0.9954303,5.869114,2.92299,0.2229973,-0.004070763,-0.2036045,0.9790447,9,5.7,-4.330957,46.47025,10,-0.7,-22.42343,175.2049
14.89441,5.739153,-5.974749,42.87186,6.190004,2.902369,0.2405104,-0.06829359,-0.02532968,0.06159811,0.9954396,6.123448,2.917874,0.227648,-0.008821607,-0.2041314,0.9789037,9,5.7,-3.777996,42.53572,10,-0.7,-21.87047,171.2704
14.93628,5.65952,-5.696408,40.89137,6.414768,2.893874,0.2465947,-0.06746479,-0.02673062,0.05952402,0.9955857,6.372498,2.906037,0.2370943,-0.0171552,-0.2069858,0.9781936,9,5.7,-3.224866,38.6,10,-0.7,-21.31734,167.3346
14.97754,5.733095,-5.545992,39.82111,6.600501,2.884863,0.2522031,-0.06413049,-0.02693549,0.05472328,0.9960759,6.559343,2.899539,0.2419401,-0.02041201,-0.2086417,0.9777791,9,5.7,-2.679155,34.71706,10,-0.7,-20.77163,163.4517
15.01953,6.281519,-5.647222,40.5414,6.745263,2.87607,0.2571754,-0.06059803,-0.02807575,0.05200512,0.9964111,6.707294,2.89265,0.2467216,-0.01033642,-0.2073193,0.9782187,9,5.7,-2.124828,30.77281,10,-0.7,-20.2173,159.5075
15.06165,6.158206,-6.283809,45.07095,6.844998,2.86777,0.2616358,-0.05981065,-0.02990564,0.04830869,0.9965915,6.812834,2.88563,0.2511511,-0.01430798,-0.2004125,0.9796072,9,5.7,-1.567521,26.80737,10,-0.7,-19.66,155.542
15.10327,5.044411,-7.713136,55.24118,6.901646,2.860672,0.2654948,-0.05740771,-0.0308232,0.04500951,0.9968594,6.888205,2.871913,0.2592603,-0.03291205,-0.1889448,0.981436,9,5.7,-1.017643,22.89479,10,-0.7,-19.11012,151.6294
15.14478,4.837639,-7.78269,55.7361,6.904302,2.854524,0.2674842,-0.05274593,-0.02995816,0.04416338,0.9971811,6.898367,2.865649,0.262733,-0.0364578,-0.1883872,0.9814179,9,5.7,-0.4681523,18.98496,10,-0.7,-18.56063,147.7196
15.18689,4.85526,-7.207725,51.645,6.853124,2.851008,0.2676114,-0.04804815,-0.02774626,0.04319409,0.9975249,6.857153,2.859979,0.2652851,-0.0382077,-0.1921499,0.9806216,9,5.7,0.08819175,15.02636,10,-0.7,-18.00429,143.761
15.22876,4.81233,-7.210055,51.66159,6.747356,2.847344,0.2659392,-0.04569686,-0.02547291,0.04269454,0.9977175,6.763846,2.855232,0.2669616,-0.03723751,-0.1920588,0.9806767,9,5.7,0.6418529,11.08686,10,-0.7,-17.45063,139.8215
15.27051,5.254391,-7.886628,56.47565,6.583451,2.847734,0.2633036,-0.04960699,-0.02257344,0.04148548,0.9976516,6.608341,2.848329,0.2671572,-0.02365376,-0.1875415,0.9819718,9,5.7,1.194583,7.153981,10,-0.7,-16.8979,135.8886
15.31238,5.410928,-8.451485,60.49482,6.362544,2.849131,0.2602862,-0.05580084,-0.02126774,0.03888659,0.9974577,6.401092,2.846943,0.265584,-0.01615597,-0.1843503,0.9827278,9,5.7,1.747823,3.217471,10,-0.7,-16.34466,131.9521
15.354,5.134992,-9.915535,70.91209,6.094835,2.851989,0.256691,-0.05316824,-0.02041903,0.03941888,0.9975983,6.148306,2.84694,0.2636837,-0.01411323,-0.1777527,0.983974,10,-0.7,-15.79425,128.0358,11,5.7,-33.8867,256.7703
15.39624,4.165527,-10.49118,75.00787,5.782492,2.857371,0.2518342,-0.04962299,-0.01976329,0.04243613,0.9976704,5.852034,2.84786,0.2614216,-0.02220665,-0.1756382,0.9842043,10,-0.7,-15.23531,124.0588,11,5.7,-33.32777,252.7932
15.43762,4.014469,-9.727628,69.57495,5.442608,2.864251,0.2462994,-0.05023348,-0.01728672,0.04698518,0.9974819,5.501746,2.853257,0.2549279,-0.02110568,-0.178533,0.9837075,10,-0.7,-14.68944,120.1746,11,5.7,-32.78189,248.9091
15.479,3.718365,-9.586288,68.56927,5.072808,2.872158,0.2407127,-0.05603097,-0.01249138,0.04528162,0.9973235,5.145271,2.857472,0.2511814,-0.02054381,-0.1791583,0.9836057,10,-0.7,-14.14224,116.2812,11,5.7,-32.2347,245.0157
15.52063,3.650896,-9.987062,71.42093,4.669888,2.879698,0.2342033,-0.05954579,-0.01017538,0.04316609,0.9972399,4.756724,2.862986,0.246884,-0.01528799,-0.1776508,0.9839748,10,-0.7,-13.59147,112.3622,11,5.7,-31.68393,241.0967
15.56299,3.285618,-10.30379,73.67457,4.236222,2.887908,0.2278077,-0.061411,-0.009684354,0.03978644,0.9972723,4.338488,2.869085,0.2421649,-0.0141113,-0.1765517,0.9841902,10,-0.7,-13.03205,108.3817,11,5.7,-31.1245,237.1162
15.60449,2.321922,-11.71327,83.70354,3.786448,2.896065,0.221615,-0.0631009,-0.009317786,0.03556738,0.9973297,3.867075,2.881818,0.2322404,-0.01823153,-0.1722098,0.9848915,10,-0.7,-12.48205,104.4682,11,5.7,-30.5745,233.2027
15.646,1.439926,-12.26299,87.61496,3.319161,2.903796,0.2153292,-0.06305688,-0.007545352,0.03226738,0.9974597,3.41297,2.888249,0.2271353,-0.02224064,-0.1707884,0.9850567,10,-0.7,-11.93382,100.5674,11,5.7,-30.02627,229.3019
15.68774,1.131599,-10.66166,76.2209,2.845456,2.911908,0.2096753,-0.06318229,-0.004369169,0.03020157,0.9975353,2.951782,2.894622,0.2220601,-0.02357143,-0.1755542,0.9841875,10,-0.7,-11.3821,96.64172,11,5.7,-29.47455,225.3762
15.72986,0.7176723,-11.01033,78.70183,2.367949,2.919373,0.2045102,-0.06384391,-0.00115183,0.0289247,0.99754,2.48639,2.90088,0.2171556,-0.02218451,-0.1744841,0.98441,10,-0.7,-10.82475,92.67596,11,5.7,-28.9172,221.4105
15.77136,0.7743489,-10.25058,73.29594,1.891883,2.926342,0.1995748,-0.06351257,0.003515422,0.02624934,0.9976296,1.979254,2.913349,0.2081125,-0.01622252,-0.1772356,0.9840348,10,-0.7,-10.27637,88.77407,11,5.7,-28.36883,217.5086
15.81311,0.9287723,-8.235132,58.9553,1.417054,2.931787,0.1944043,-0.06253053,0.008203626,0.02247966,0.9977561,1.514842,2.919278,0.2039732,-0.009799891,-0.1865171,0.9824029,10,-0.7,-9.724102,84.84444,11,5.7,-27.81656,213.5789
15.85498,0.7959884,-8.190108,58.63493,0.9482926,2.935406,0.189645,-0.06328437,0.01315617,0.01999219,0.9977085,1.055945,2.924485,0.1994792,-0.004370219,-0.1868512,0.9823785,10,-0.7,-9.17088,80.90807,11,5.7,-27.26333,209.6426
15.89734,0.3719253,-8.163593,58.44627,0.4851178,2.937884,0.1861283,-0.06494793,0.01623511,0.01870171,0.9975813,0.6021352,2.928939,0.1955826,-0.003882263,-0.1870645,0.9823399,10,-0.7,-8.610231,76.91884,11,5.7,-26.70268,205.6534
15.93896,0.04955687,-9.312162,66.61884,0.03716408,2.936547,0.1819438,-0.06323679,0.01908818,0.01616569,0.9976851,0.1207767,2.934851,0.1885086,-0.00105433,-0.1813033,0.9834266,10,-0.7,-8.060538,73.00757,11,5.7,-26.15299,201.7421
15.98022,-0.08458109,-9.276259,66.36338,-0.4005469,2.934826,0.1793454,-0.06393977,0.02342972,0.01198722,0.9976067,-0.3089366,2.935753,0.185263,0.003333871,-0.1814676,0.9833913,10,-0.7,-7.514391,69.12153,11,5.7,-25.60684,197.856
16.02222,-0.19465,-9.190172,65.75084,-0.8221115,2.931334,0.1771634,-0.06577846,0.02769276,0.01160105,0.9973825,-0.7234727,2.935362,0.1825598,0.0079305,-0.1818408,0.983296,10,-0.7,-6.959583,65.17386,11,5.7,-25.05203,193.9084
16.06519,-0.641982,-8.83631,63.23298,-1.226854,2.92697,0.1757737,-0.06588304,0.02966234,0.01317439,0.9972994,-1.122132,2.934141,0.1803193,0.007485545,-0.1835014,0.982991,10,-0.7,-6.392225,61.1369,11,5.7,-24.48468,189.8714
16.10608,-0.5205687,-8.366773,59.89204,-1.607067,2.919967,0.1754683,-0.06945118,0.0304985,0.0103344,0.9970655,-1.534747,2.928617,0.1767452,0.01668533,-0.1858324,0.9824398,10,-0.7,-5.85161,57.29022,11,5.7,-23.94406,186.0247
16.14771,-0.8091378,-8.154451,58.3813,-1.962797,2.911059,0.1750863,-0.06271333,0.0304594,0.003641169,0.99756,-1.886156,2.924408,0.1760017,0.01817442,-0.1869531,0.9822007,10,-0.7,-5.300727,53.37048,11,5.7,-23.39318,182.105
16.18945,-1.133847,-7.739388,55.42797,-2.286746,2.902329,0.1749759,-0.05698768,0.03266364,-0.001996646,0.9978385,-2.207748,2.918945,0.1755337,0.01908096,-0.1893761,0.9817193,10,-0.7,-4.7477,49.43549,11,5.7,-22.84015,178.17
16.23218,-1.59954,-6.625492,47.50219,-2.578092,2.891696,0.1749144,-0.05380987,0.03532365,-0.003891302,0.9979187,-2.498598,2.912581,0.1750251,0.01861903,-0.1975284,0.9801204,10,-0.7,-4.183447,45.42063,11,5.7,-22.2759,174.1552
16.27319,-1.382686,-6.77327,48.55369,-2.833726,2.880443,0.1741166,-0.04973443,0.03680649,-0.005895199,0.9980667,-2.783015,2.897651,0.1750443,0.02837221,-0.1959435,0.9802046,10,-0.7,-3.640768,41.55927,11,5.7,-21.73322,170.2938
16.3147,-1.578299,-6.429276,46.10605,-3.043014,2.871008,0.1736233,-0.05092448,0.03758287,-0.005942583,0.9979774,-2.994139,2.889135,0.1745815,0.03019586,-0.1987353,0.979588,10,-0.7,-3.093345,37.66415,11,5.7,-21.1858,166.3987
16.35645,-1.662772,-7.742642,55.45113,-3.209212,2.861072,0.1745241,-0.05938093,0.03923076,-0.009917384,0.9974149,-3.164222,2.880648,0.1740812,0.02666466,-0.1886619,0.98168,10,-0.7,-2.539153,33.72087,11,5.7,-20.63161,162.4554
16.39917,-1.486789,-8.860849,63.40759,-3.329766,2.84993,0.1753329,-0.0606313,0.04027441,-0.01234445,0.997271,-3.290707,2.872606,0.1740147,0.02803803,-0.1823713,0.9828299,10,-0.7,-1.976902,29.72025,11,5.7,-20.06936,158.4548
16.44019,-1.141849,-8.403975,60.15676,-3.396674,2.840569,0.1769472,-0.05688421,0.04223362,-0.01233083,0.9974109,-3.379794,2.856498,0.1750288,0.03664524,-0.1843846,0.9821708,10,-0.7,-1.433418,25.85315,11,5.7,-19.52587,154.5877
16.48169,-1.022812,-6.824381,48.91737,-3.406418,2.832373,0.1782997,-0.05554773,0.04268849,-0.0122388,0.997468,-3.397907,2.84829,0.1758709,0.04774185,-0.1944305,0.9797538,10,-0.7,-0.8836557,21.94139,11,5.7,-18.97611,150.6759
16.52344,-0.9474453,-6.578875,47.1705,-3.362673,2.826181,0.1803151,-0.05645438,0.04173744,-0.01496242,0.9974203,-3.364624,2.840759,0.1769218,0.05036917,-0.1962863,0.979252,10,-0.7,-0.3314689,18.01238,11,5.7,-18.42392,146.7469
16.56592,-0.3778971,-7.820343,56.00401,-3.264182,2.821272,0.1818357,-0.05489636,0.04096949,-0.01771783,0.9974939,-3.278901,2.833976,0.178092,0.05097755,-0.1872217,0.980994,10,-0.7,0.2286177,14.02716,11,5.7,-17.86383,142.7617
16.60693,0.4509981,-9.984198,71.40066,-3.112467,2.818878,0.1833524,-0.05105203,0.038234,-0.01799828,0.9978016,-3.136135,2.823805,0.1808496,0.04951104,-0.1767811,0.9830042,10,-0.7,0.7698769,10.1759,11,5.7,-17.32257,138.9104
16.64819,0.05084897,-8.046089,57.6103,-2.909053,2.817784,0.1837597,-0.04695211,0.03576741,-0.01777848,0.9980983,-2.945642,2.820486,0.1821426,0.05120109,-0.1856774,0.9812759,10,-0.7,1.315127,6.296246,11,5.7,-16.77732,135.0308
16.68994,-0.1771119,-7.267327,52.06912,-2.650074,2.823329,0.186328,-0.05238188,0.03475687,-0.01649435,0.9978858,-2.702314,2.818312,0.1832613,0.04771979,-0.1905925,0.9805087,10,-0.7,1.870139,2.347124,11,5.7,-16.22231,131.0816
16.73267,0.4297302,-8.834063,63.21702,-2.333883,2.831028,0.1896724,-0.05697323,0.03264377,-0.01449143,0.9977366,-2.404076,2.817928,0.18415,0.04416545,-0.1815987,0.9823804,11,5.7,-15.65944,127.0766,12,-5.7,-33.98778,257.4894
16.77368,0.528822,-7.928658,56.77473,-1.979434,2.840755,0.1925075,-0.04659077,0.03306243,-0.01651597,0.9982302,-2.042594,2.825066,0.1877145,0.0445984,-0.1865116,0.98144,11,5.7,-15.11769,123.2218,12,-5.7,-33.44603,253.6347
16.81519,0.7499467,-6.99606,50.13896,-1.594958,2.853075,0.1948764,-0.03741924,0.03286058,-0.01173904,0.9986902,-1.672348,2.831396,0.1899792,0.04752935,-0.1928307,0.9800803,11,5.7,-14.56795,119.3102,12,-5.7,-32.89629,249.7231
16.85767,0.8160688,-6.020782,43.19949,-1.184673,2.867667,0.1971097,-0.03997668,0.0320839,-0.004182223,0.9986767,-1.27653,2.839139,0.1921751,0.04760202,-0.2015438,0.9783221,11,5.7,-14.00766,115.3235,12,-5.7,-32.336,245.7364
16.8999,1.463086,-6.011191,43.13125,-0.7598483,2.881198,0.1981048,-0.04056141,0.02943977,0.0009129847,0.9987428,-0.8654366,2.84858,0.1942434,0.05303746,-0.2018017,0.9779893,11,5.7,-13.44634,111.3296,12,-5.7,-31.77468,241.7424
16.94116,2.284639,-8.306945,59.46639,-0.3134432,2.895188,0.1998205,-0.04188339,0.02651715,0.008544556,0.9987341,-0.3964469,2.870214,0.1972884,0.0444084,-0.1851339,0.9817094,11,5.7,-12.9013,107.4514,12,-5.7,-31.22964,237.8643
16.98291,2.615691,-8.20173,58.71775,0.1528639,2.908538,0.2022119,-0.04483885,0.02292785,0.01616576,0.9986003,0.05620015,2.881319,0.198522,0.04293404,-0.1859121,0.9816279,11,5.7,-12.35051,103.5323,12,-5.7,-30.67885,233.9452
17.02466,-0.03238768,-2.357674,17.13513,0.6366503,2.920785,0.204732,-0.04570888,0.02005756,0.02023329,0.9985485,0.5258014,2.892399,0.1999922,-0.03146669,-0.2959614,0.9546815,11,5.7,-11.79699,99.59384,12,-5.7,-30.12533,230.0067
17.06641,1.332087,-2.919766,21.13462,1.124948,2.931357,0.2076402,-0.04536232,0.01636401,0.02336468,0.9985632,1.000783,2.903174,0.2016175,0.01524612,-0.2679638,0.9633084,11,5.7,-11.24627,95.67523,12,-5.7,-29.57461,226.0881
17.1084,2.872488,-4.757911,34.2137,1.620483,2.93839,0.2099556,-0.04500834,0.01179528,0.02885813,0.9985001,1.526332,2.922398,0.2057312,0.03858236,-0.2201266,0.974708,11,5.7,-10.69083,91.72308,12,-5.7,-29.01917,222.1359
17.15015,3.558985,-5.936492,42.59974,2.124114,2.944054,0.2124849,-0.04623697,0.007840216,0.03422043,0.9983134,2.01758,2.930146,0.2077619,0.03556807,-0.2045986,0.9781995,11,5.7,-10.13994,87.80335,12,-5.7,-28.46829,218.2162
17.19189,3.921361,-6.641355,47.61511,2.620786,2.946247,0.2152494,-0.05086641,0.00537616,0.03861324,0.9979442,2.503167,2.936321,0.2096646,0.02931113,-0.1979509,0.9797736,11,5.7,-9.585736,83.85995,12,-5.7,-27.91408,214.2728
17.23364,4.038315,-6.325161,45.36527,3.114474,2.945246,0.2181607,-0.0512389,0.001767874,0.04540037,0.9976524,2.98619,2.94092,0.211813,0.02281947,-0.2009716,0.9793313,11,5.7,-9.036008,79.94843,12,-5.7,-27.36435,210.3613
17.27539,4.4198,-6.945844,49.78167,3.594664,2.944127,0.2223756,-0.05426715,-0.003107578,0.04634988,0.9974453,3.501059,2.944625,0.2164063,0.01817458,-0.1956542,0.9805045,11,5.7,-8.483176,76.01483,12,-5.7,-26.81152,206.4277
17.31714,4.707906,-7.36993,52.79919,4.060074,2.941576,0.2269259,-0.05583992,-0.007561117,0.04015977,0.9976031,3.958222,2.944381,0.2191111,0.0139899,-0.1924763,0.9812018,11,5.7,-7.930702,72.08378,12,-5.7,-26.25905,202.4966
17.35889,4.703304,-7.266435,52.06279,4.508181,2.937584,0.2318439,-0.05705342,-0.01002812,0.04151199,0.9974573,4.399197,2.94313,0.2221745,0.005755515,-0.1932266,0.9811373,11,5.7,-7.378453,68.15432,12,-5.7,-25.7068,198.5672
17.40063,4.795729,-6.366577,45.65997,4.940645,2.93302,0.2361772,-0.05192356,-0.01484957,0.05059702,0.9972579,4.825207,2.941276,0.2256746,-0.0006356389,-0.2006958,0.9796534,11,5.7,-6.828809,64.2434,12,-5.7,-25.15715,194.6562
17.44238,5.071721,-5.690669,40.85063,5.352072,2.928659,0.2402383,-0.04946301,-0.01830834,0.05285835,0.9972082,5.270566,2.935414,0.2330023,-0.004788712,-0.2077374,0.9781729,11,5.7,-6.275,60.30285,12,-5.7,-24.60335,190.7157
17.48413,5.507489,-5.595863,40.17605,5.746537,2.924338,0.2437535,-0.04873978,-0.02115846,0.05349062,0.9971538,5.659185,2.931954,0.2364888,-0.003714435,-0.2088098,0.9779492,11,5.7,-5.723259,56.37701,12,-5.7,-24.05161,186.7898
17.52588,5.647132,-5.93977,42.62308,6.12067,2.919319,0.2463761,-0.04758758,-0.02164066,0.05732808,0.9969859,6.02841,2.92844,0.2399805,-0.008804991,-0.2047961,0.978765,11,5.7,-5.171166,52.44866,12,-5.7,-23.49951,182.8615
17.56714,6.08118,-6.299867,45.1853,6.466055,2.914629,0.2484512,-0.05095372,-0.02163294,0.05964777,0.9966834,6.370766,2.924713,0.2429326,-0.006311831,-0.2010579,0.979559,11,5.7,-4.626727,48.57478,12,-5.7,-22.95507,178.9876
17.60889,6.023591,-6.932981,49.69015,6.779404,2.909543,0.2510121,-0.05619721,-0.02401301,0.06154761,0.9962315,6.71538,2.91716,0.2470634,-0.01372071,-0.1953639,0.9806349,11,5.7,-4.07479,44.64754,12,-5.7,-22.40314,175.0604
17.65063,5.82218,-7.507504,53.77798,7.062136,2.902837,0.2538317,-0.05864373,-0.02723911,0.06301007,0.9959161,6.996644,2.913123,0.2488894,-0.02153141,-0.1910408,0.981346,11,5.7,-3.520792,40.70564,12,-5.7,-21.84914,171.1185
17.69263,5.902226,-7.531255,53.94698,7.309524,2.895182,0.2566368,-0.05581673,-0.03238633,0.0609698,0.9960514,7.244575,2.908873,0.2508823,-0.0245321,-0.1907985,0.9813226,11,5.7,-2.966677,36.7629,12,-5.7,-21.29502,167.1757
17.73438,6.136687,-6.442415,46.19948,7.516982,2.887795,0.2598429,-0.05494153,-0.03636736,0.05633293,0.9962357,7.454818,2.903932,0.2530268,-0.0281016,-0.1992572,0.9795442,11,5.7,-2.414003,32.83043,12,-5.7,-20.74235,163.2433
17.77637,5.858416,-6.389334,45.82178,7.680486,2.879714,0.2625575,-0.05564541,-0.03879482,0.05554314,0.9961494,7.644096,2.892382,0.2579472,-0.0383738,-0.1994615,0.979154,11,5.7,-1.859762,28.8868,12,-5.7,-20.18811,159.2996
17.81836,5.735602,-6.326149,45.3722,7.793823,2.872804,0.2646343,-0.05374781,-0.03933412,0.05346721,0.996346,7.762657,2.886336,0.2601912,-0.04398263,-0.1998905,0.9788306,11,5.7,-1.303687,24.93011,12,-5.7,-19.63203,155.3429
17.86011,5.578296,-6.131152,43.98473,7.855066,2.866245,0.2660399,-0.05243136,-0.03910494,0.05349211,0.9964238,7.831744,2.880198,0.2622026,-0.05041462,-0.2016037,0.9781689,11,5.7,-0.7525597,21.00864,12,-5.7,-19.0809,151.4215
17.90186,2.744759,-7.790202,55.78948,7.859371,2.86061,0.2663074,-0.05232593,-0.03821152,0.0532357,0.9964777,7.846864,2.874251,0.2642018,-0.08987348,-0.1878541,0.9780765,11,5.7,-0.2012854,17.08612,12,-5.7,-18.52963,147.4989
17.94336,0.9785139,-9.170341,65.60969,7.801378,2.856523,0.2657558,-0.05401163,-0.03753847,0.05418633,0.9963621,7.806592,2.864022,0.2661984,-0.1022284,-0.1801757,0.9783078,11,5.7,0.3489485,13.171,12,-5.7,-17.97939,143.5838
17.98657,0.6722485,-9.276843,66.36749,7.690453,2.852491,0.2648131,-0.0538933,-0.03727642,0.05463689,0.9963537,7.707631,2.859863,0.2664784,-0.104115,-0.1796082,0.9782131,11,5.7,0.9202795,9.10577,12,-5.7,-17.40806,139.5186
18.0271,0.5813404,-9.007472,64.45081,7.519785,2.850539,0.2630783,-0.05601671,-0.03636307,0.05617221,0.9961851,7.551567,2.856211,0.2665517,-0.1061845,-0.1807315,0.9777837,11,5.7,1.456546,5.290034,12,-5.7,-16.8718,135.7029
18.06885,-0.2377739,-9.863991,70.54516,7.296508,2.850839,0.2615623,-0.05903788,-0.0339289,0.05708702,0.9960444,7.331696,2.850909,0.2642667,-0.1053924,-0.177034,0.9785456,11,5.7,2.008305,1.364069,12,-5.7,-16.32004,131.7769
18.11035,-1.543781,-11.535,82.43498,7.014041,2.852941,0.2601936,-0.05307737,-0.03113872,0.05586665,0.9965401,7.064143,2.84994,0.2633888,-0.1026413,-0.1715267,0.979818,12,-5.7,-15.77241,127.8803,13,5.7,-34.3876,260.3344
18.15234,-0.04915286,-9.47798,67.79855,6.681588,2.856944,0.2569118,-0.04403066,-0.03309634,0.05905894,0.9967337,6.748107,2.850212,0.2622455,-0.09852819,-0.1787006,0.9789578,12,-5.7,-15.2182,123.9369,13,5.7,-33.83339,256.391
18.19385,-0.01954222,-8.678418,62.10938,6.311515,2.864284,0.2528609,-0.04108721,-0.03802761,0.05912973,0.9966792,6.394582,2.851808,0.2604893,-0.1014242,-0.1823231,0.9779935,12,-5.7,-14.66674,120.0131,13,5.7,-33.28193,252.4671
18.2356,-0.5519615,-7.827019,56.05136,5.908738,2.872747,0.248653,-0.04365277,-0.04305309,0.04765635,0.9969804,5.977557,2.859223,0.2554615,-0.1141843,-0.1868746,0.9757253,12,-5.7,-14.11537,116.0899,13,5.7,-32.73056,248.5439
18.27686,-1.801833,-8.53329,61.07674,5.486006,2.880837,0.2425584,-0.03894358,-0.04391123,0.04058117,0.997451,5.568098,2.865098,0.2522478,-0.1182583,-0.1828992,0.9759933,12,-5.7,-13.57115,112.2176,13,5.7,-32.18634,244.6716
18.31885,-2.367615,-8.908268,63.74485,5.034016,2.88851,0.2363596,-0.03225434,-0.03965819,0.03780054,0.997977,5.130533,2.87159,0.2483389,-0.1153316,-0.1811901,0.976662,12,-5.7,-13.01428,108.2552,13,5.7,-31.62947,240.7093
18.36084,-1.154121,-7.223345,51.756,4.560014,2.896517,0.2308995,-0.0287129,-0.03194559,0.0334742,0.9985162,4.671615,2.877989,0.2438482,-0.1103035,-0.1912569,0.9753225,12,-5.7,-12.45932,104.3064,13,5.7,-31.0745,236.7605
18.40283,3.80824,-5.06396,36.39117,4.063482,2.90342,0.2259244,-0.02608944,-0.02476665,0.02609465,0.9990121,4.149928,2.89066,0.2345856,-0.009229145,-0.214857,0.9766019,12,-5.7,-11.90542,100.3652,13,5.7,-30.52061,232.8193
18.44434,3.493683,-6.41149,45.97935,3.543271,2.909123,0.2207922,-0.02046297,-0.01831633,0.01896408,0.9994429,3.644838,2.896611,0.230199,-0.003237667,-0.1993737,0.9799182,12,-5.7,-11.35584,96.45475,13,5.7,-29.97102,228.9088
18.48608,3.220828,-6.002403,43.06855,2.995789,2.9141,0.2153941,-0.01340267,-0.01392767,0.01614599,0.9996828,3.114176,2.902035,0.2259897,0.00243727,-0.2034916,0.9790736,12,-5.7,-10.80438,92.53096,13,5.7,-29.41957,224.985
18.52808,2.95789,-6.984883,50.05926,2.43861,2.920326,0.2116953,-0.01857449,-0.01473665,0.01079663,0.9996606,2.572883,2.906737,0.2218081,0.007577214,-0.1946746,0.9808386,12,-5.7,-10.24866,88.5768,13,5.7,-28.86385,221.0309
18.56982,2.840945,-7.766479,55.6206,1.887851,2.92278,0.2070874,-0.01422594,-0.01204488,0.00702001,0.9998016,1.98648,2.915776,0.2142721,0.01514118,-0.1892904,0.9818044,12,-5.7,-9.696233,84.64606,13,5.7,-28.31142,217.1001
18.61182,2.768524,-7.533705,53.96433,1.341946,2.923391,0.2026765,-0.008667082,-0.00678131,0.00154492,0.9999383,1.452161,2.918901,0.2103902,0.02403147,-0.1908225,0.9813303,12,-5.7,-9.143099,80.7103,13,5.7,-27.75828,213.1644
18.65381,3.128546,-6.792134,48.68777,0.801629,2.922818,0.198906,-0.003134976,-0.0006225407,-0.003409388,0.9999892,0.9231135,2.921023,0.2070284,0.04456017,-0.1962518,0.9795406,12,-5.7,-8.587006,76.75349,13,5.7,-27.20219,209.2076
18.69604,2.752835,-6.371179,45.69252,0.2779837,2.920764,0.1956263,0.0005461049,0.006562114,-0.006928909,0.9999543,0.4091626,2.921944,0.2037359,0.05041513,-0.199906,0.9785172,12,-5.7,-8.027168,72.77004,13,5.7,-26.64235,205.2241
18.73779,2.212422,-6.842091,49.04324,-0.2267164,2.917035,0.1929516,0.004350341,0.01376996,-0.01069684,0.9998386,-0.1344202,2.920984,0.1975554,0.04706196,-0.195782,0.9795175,12,-5.7,-7.47782,68.86123,13,5.7,-26.09301,201.3153
18.77954,1.554467,-9.0081,64.45519,-0.7221752,2.911379,0.1909207,0.008946687,0.01760173,-0.01215881,0.9997312,-0.6208372,2.918909,0.1952342,0.03326475,-0.1823879,0.9826638,12,-5.7,-6.925093,64.92837,13,5.7,-25.54028,197.3824
18.8208,0.8082645,-8.397665,60.11172,-1.193411,2.905431,0.1887415,0.0107195,0.01907712,-0.01652277,0.9996241,-1.084646,2.915675,0.1932178,0.03102797,-0.1854446,0.9821647,12,-5.7,-6.378153,61.03669,13,5.7,-24.99334,193.4908
18.86328,0.2489555,-6.912858,49.54677,-1.642953,2.898338,0.1882683,0.006916181,0.01779157,-0.02125625,0.9995919,-1.528234,2.911504,0.1909138,0.03529285,-0.1951001,0.9801481,12,-5.7,-5.818551,57.05491,13,5.7,-24.43374,189.509
18.9043,0.04177404,-7.46261,53.45846,-2.055551,2.889595,0.1876984,0.005724227,0.02060971,-0.03253166,0.9992418,-1.978146,2.90157,0.1886346,0.03719497,-0.1908469,0.980915,12,-5.7,-5.275817,53.19316,13,5.7,-23.891,185.6472
18.94556,-0.09479143,-8.130975,58.21412,-2.441083,2.879611,0.1868084,0.008827945,0.02665436,-0.03778896,0.9988912,-2.359734,2.895527,0.1878622,0.03831868,-0.1865483,0.9816982,12,-5.7,-4.730644,49.31405,13,5.7,-23.34583,181.7681
18.9873,-0.3818083,-8.529065,61.04669,-2.789597,2.867448,0.1862269,0.01376791,0.03392836,-0.04249014,0.9984257,-2.706197,2.888609,0.187062,0.03751132,-0.1842601,0.9821615,12,-5.7,-4.178089,45.38242,13,5.7,-22.79327,177.8365
19.02979,-0.7733053,-7.805647,55.8993,-3.106606,2.854505,0.1841488,0.02261681,0.04577336,-0.04884497,0.9975007,-3.022279,2.880561,0.186824,0.03961369,-0.1882281,0.9813261,12,-5.7,-3.616812,41.38872,13,5.7,-22.232,173.8428
19.07129,-0.3453079,-8.226625,58.89472,-3.393977,2.842286,0.1822038,0.02212622,0.05652493,-0.05007114,0.9968994,-3.339397,2.861638,0.1848,0.05004929,-0.1853518,0.9813969,12,-5.7,-3.067847,37.48264,13,5.7,-21.68303,169.9367
19.11279,2.64726,-19.55017,139.4659,-3.643972,2.82884,0.1810798,0.01979144,0.06148824,-0.04644145,0.9968303,-3.589016,2.851672,0.1834494,0.04416306,-0.1586417,0.986348,12,-5.7,-2.517075,33.56369,13,5.7,-21.13226,166.0177
19.15479,9.786653,-32.52881,231.8138,-3.851897,2.814642,0.179301,0.02263201,0.06216949,-0.05075544,0.9965173,-3.798848,2.841452,0.182382,0.05788208,-0.1506978,0.9868839,12,-5.7,-1.963183,29.62254,13,5.7,-20.57837,162.0766
19.19702,9.967321,-27.89925,198.8728,-4.001175,2.802279,0.1773759,0.02458967,0.06185022,-0.05316951,0.9963649,-3.954175,2.830805,0.1812038,0.06907717,-0.1524797,0.9858896,12,-5.7,-1.404369,25.64637,13,5.7,-20.01955,158.1004
19.23828,0.1299663,-8.247391,59.04248,-4.080523,2.792398,0.1764656,0.01957029,0.06231908,-0.05182269,0.9965179,-4.060204,2.809509,0.1783564,0.06978969,-0.184159,0.9804157,12,-5.7,-0.8595397,21.76971,13,5.7,-19.47473,154.2238
19.27954,0.6295968,-11.86002,84.74765,-4.10781,2.785202,0.1755234,0.009463275,0.06643632,-0.05095046,0.9964441,-4.096051,2.800229,0.1773272,0.05497395,-0.1705441,0.9838153,12,-5.7,-0.3125995,17.87803,13,5.7,-18.92779,150.3321
19.32153,2.677256,-16.84978,120.2517,-4.070337,2.780879,0.1753273,0.003129017,0.06650439,-0.05262743,0.9963924,-4.069889,2.792756,0.1765592,0.05536887,-0.1611919,0.9853687,12,-5.7,0.2400109,13.94601,13,5.7,-18.37518,146.4001
19.36401,5.690678,-23.21527,165.5446,-3.972586,2.778596,0.1759372,-0.005795238,0.06599087,-0.05213008,0.9964408,-3.986005,2.786598,0.1758907,0.05770926,-0.1550685,0.9862167,12,-5.7,0.8029835,9.940248,13,5.7,-17.8122,142.3943
19.40527,8.185714,-30.16389,214.9865,-3.8263,2.777573,0.1765018,-0.01055841,0.06500909,-0.05286641,0.9964274,-3.848906,2.779423,0.1757637,0.05529214,-0.1513556,0.9869317,12,-5.7,1.349396,6.052319,13,5.7,-17.26579,138.5064
19.44678,5.704889,-24.56804,175.17,-3.624969,2.777258,0.1764161,-0.01055619,0.0617151,-0.04625952,0.9969654,-3.660675,2.777835,0.1763933,0.05280396,-0.1541787,0.986631,12,-5.7,1.897726,2.15075,13,5.7,-16.71746,134.6048
19.48877,2.014211,-15.24216,108.8129,-3.366925,2.782274,0.1779682,-0.01844553,0.05894214,-0.04554988,0.9970511,-3.417994,2.776722,0.1765378,0.0492697,-0.16343,0.9853238,13,5.7,-16.16277,130.658,14,-5.7,-34.86367,263.7217
19.53149,2.331023,-13.60469,97.16164,-3.047086,2.791164,0.1802782,-0.02683054,0.05472916,-0.04148488,0.9972783,-3.116407,2.777041,0.1767999,0.05529859,-0.1662962,0.9845241,13,5.7,-15.59841,126.6424,14,-5.7,-34.29932,259.7061
19.57227,1.781537,-8.246179,59.03387,-2.688091,2.803399,0.1821056,-0.02713815,0.05338582,-0.04301604,0.9972779,-2.750844,2.785019,0.1792918,0.07547586,-0.183698,0.9800808,13,5.7,-15.05919,122.8056,14,-5.7,-33.76009,255.8693
19.61377,1.69007,-7.71498,55.25419,-2.286345,2.817617,0.1826773,-0.02315633,0.0534721,-0.03634821,0.9976389,-2.364915,2.79249,0.1806842,0.07213562,-0.1869213,0.9797229,13,5.7,-14.50895,118.8904,14,-5.7,-33.20985,251.9541
19.65601,1.66418,-6.946148,49.78366,-1.859578,2.834976,0.1837391,-0.02568326,0.05346835,-0.0295717,0.9978011,-1.953485,2.801935,0.1817437,0.07138247,-0.1923457,0.9787276,13,5.7,-13.95318,114.9359,14,-5.7,-32.65408,247.9996
19.69849,2.199848,-7.03834,50.43965,-1.401522,2.852319,0.1840464,-0.02777972,0.05211437,-0.01833306,0.9980863,-1.511607,2.813318,0.1827669,0.07228086,-0.1918618,0.9787566,13,5.7,-13.39083,110.9346,14,-5.7,-32.09173,243.9983
19.73999,3.14636,-7.569021,54.21564,-0.9205012,2.86948,0.1849013,-0.03096803,0.05022418,-0.008929395,0.9982178,-1.00785,2.839577,0.1839318,0.07528236,-0.188624,0.9791596,13,5.7,-12.84278,107.035,14,-5.7,-31.54368,240.0987
19.78125,3.214078,-6.747766,48.37211,-0.4145233,2.885611,0.1867976,-0.0360797,0.04954201,-0.0007478055,0.99812,-0.5170842,2.853278,0.1844325,0.07571919,-0.194841,0.9779078,13,5.7,-12.29647,103.1478,14,-5.7,-30.99737,236.2115
19.823,3.661011,-7.29159,52.2416,0.1042517,2.899308,0.1896942,-0.04103249,0.04426295,0.005947096,0.9981592,-0.01314983,2.866835,0.1854067,0.06910831,-0.1910727,0.97914,13,5.7,-11.74415,99.21792,14,-5.7,-30.44506,232.2816
19.86523,3.885277,-7.714822,55.25306,0.6264734,2.909667,0.1924784,-0.04193272,0.03902367,0.005613443,0.9983423,0.4953661,2.879621,0.1866834,0.06034161,-0.1885849,0.9802013,13,5.7,-11.18616,95.24757,14,-5.7,-29.88706,228.3112
19.90649,4.033693,-8.118483,58.12526,1.1612,2.917997,0.1957695,-0.03756422,0.03508991,0.01360418,0.9985853,1.062063,2.901163,0.1907631,0.05032562,-0.1866217,0.981142,13,5.7,-10.63948,91.35774,14,-5.7,-29.34038,224.4214
19.94775,4.103241,-7.367792,52.78381,1.695516,2.923873,0.1994514,-0.03780163,0.0326651,0.02032,0.9985446,1.583704,2.90937,0.1931834,0.04696722,-0.1915787,0.9803528,13,5.7,-10.09347,87.47269,14,-5.7,-28.79437,220.5363
19.98975,4.960507,-6.746105,48.36028,2.225355,2.927377,0.2035358,-0.0378532,0.02770713,0.02367152,0.9986186,2.101919,2.915897,0.1957797,0.05809287,-0.1963536,0.9788108,13,5.7,-9.537804,83.51892,14,-5.7,-28.2387,216.5826
20.03247,5.468299,-7.214961,51.69636,2.752367,2.929219,0.2083386,-0.04070976,0.02129862,0.0303177,0.9984838,2.617676,2.920729,0.1985606,0.05423236,-0.1928289,0.9797325,13,5.7,-8.973,79.50013,14,-5.7,-27.6739,212.5638
20.07349,5.401049,-7.222509,51.75007,3.271714,2.928797,0.2129871,-0.04154237,0.01535559,0.03481025,0.9984121,3.173565,2.926694,0.2053391,0.04236237,-0.1930181,0.9802803,13,5.7,-8.432041,75.65101,14,-5.7,-27.13294,208.7147
20.11475,5.62551,-7.482398,53.59927,3.778044,2.927566,0.2182659,-0.04401248,0.01123649,0.03532198,0.9983432,3.670103,2.927748,0.2090124,0.03592459,-0.1912546,0.9808828,13,5.7,-7.887015,71.77295,14,-5.7,-26.58792,204.8366
20.15649,6.166102,-7.864532,56.31831,4.262634,2.925676,0.223967,-0.04536536,0.006624519,0.03586366,0.9983045,4.146714,2.927808,0.2129661,0.03532273,-0.1887777,0.9813844,13,5.7,-7.333842,67.83692,14,-5.7,-26.03474,200.9006
20.19946,6.279346,-8.038486,57.55605,4.730351,2.922106,0.2295496,-0.04510693,0.0006236135,0.04147435,0.9981207,4.607347,2.927052,0.2171532,0.02862914,-0.1877598,0.9817976,13,5.7,-6.767203,63.80508,14,-5.7,-25.4681,196.8687
20.24048,6.322579,-7.329845,52.51381,5.181128,2.918145,0.2348556,-0.04171772,-0.005325288,0.04925064,0.9979007,5.094328,2.923397,0.225804,0.02304495,-0.1923759,0.9810507,13,5.7,-6.224878,59.94623,14,-5.7,-24.92578,193.0099
20.28223,6.417799,-6.84166,49.04019,5.608367,2.913926,0.2399653,-0.04056545,-0.01050168,0.05131267,0.9978032,5.515389,2.920712,0.2302693,0.01812617,-0.1960914,0.9804181,13,5.7,-5.673113,56.02022,14,-5.7,-24.37401,189.0839
20.32422,6.716773,-6.575638,47.14735,6.01273,2.909073,0.2439209,-0.04062598,-0.01405686,0.05480961,0.997571,5.914626,2.917653,0.2345086,0.01675656,-0.1983121,0.9799957,13,5.7,-5.117647,52.06787,14,-5.7,-23.81855,185.1315
20.36621,6.839282,-6.387214,45.80671,6.384897,2.903336,0.2473319,-0.04235301,-0.01746109,0.05638736,0.9973575,6.28377,2.914265,0.2384324,0.01194357,-0.1999835,0.9797264,13,5.7,-4.561031,48.10735,14,-5.7,-23.26193,181.171
20.40747,6.804331,-7.019899,50.3085,6.721864,2.897455,0.2507709,-0.04726098,-0.01922846,0.0567623,0.9970832,6.654237,2.906279,0.2451108,0.00294077,-0.1944854,0.9809011,13,5.7,-4.014766,44.22047,14,-5.7,-22.71567,177.2841
20.44946,7.045843,-7.662671,54.88207,7.020754,2.890106,0.253962,-0.0510145,-0.02198011,0.05812911,0.9967625,6.952413,2.901778,0.2478927,0.001678963,-0.18985,0.9818116,13,5.7,-3.46127,40.28214,14,-5.7,-22.16217,173.3458
20.49121,6.844513,-7.202892,51.61058,7.273681,2.882153,0.2570766,-0.05120582,-0.0265215,0.0595141,0.9965605,7.207251,2.896855,0.2505548,-0.006929792,-0.1929462,0.9811848,13,5.7,-2.907652,36.34295,14,-5.7,-21.60855,169.4066
20.53296,6.896235,-6.700935,48.03897,7.48383,2.874446,0.2605421,-0.05342228,-0.03196895,0.0574347,0.9964062,7.421234,2.891218,0.2532201,-0.01077107,-0.1967952,0.9803854,13,5.7,-2.358633,32.43647,14,-5.7,-21.05953,165.5001
20.57446,6.607316,-6.236128,44.73169,7.643962,2.866188,0.263751,-0.05404193,-0.03589657,0.05543562,0.9963523,7.608693,2.87903,0.2583911,-0.02205249,-0.2007353,0.9793972,13,5.7,-1.808305,28.52069,14,-5.7,-20.50921,161.5843
20.61646,6.48148,-6.321898,45.34198,7.749866,2.858186,0.2673437,-0.05678098,-0.03876933,0.05477548,0.9961287,7.720592,2.872604,0.2609701,-0.0269222,-0.1997686,0.9794732,13,5.7,-1.254203,24.57805,14,-5.7,-19.9551,157.6417
20.65845,6.39236,-6.053961,43.43551,7.796415,2.850485,0.2702292,-0.05612256,-0.04103294,0.05530294,0.9960462,7.776217,2.866183,0.2639956,-0.03137634,-0.2022472,0.9788318,13,5.7,-0.6984472,20.62364,14,-5.7,-19.39935,153.6873
20.70044,6.114204,-6.23347,44.71279,7.783848,2.845184,0.2719198,-0.05406591,-0.04245606,0.05811337,0.9959404,7.7754,2.859774,0.2665358,-0.03659242,-0.2003036,0.9790503,13,5.7,-0.1437876,16.67703,14,-5.7,-18.84469,149.7407
20.7417,5.648084,-5.768686,41.40567,7.713846,2.841391,0.2724583,-0.05134697,-0.04200062,0.0575728,0.996135,7.721872,2.848412,0.2707818,-0.04928335,-0.2047843,0.9775656,13,5.7,0.401606,12.79635,14,-5.7,-18.2993,145.86
20.7832,4.966597,-6.389297,45.82155,7.585656,2.839753,0.2713604,-0.04987527,-0.0406763,0.06031979,0.9961022,7.6061,2.84415,0.2721056,-0.05670162,-0.1983521,0.9784893,13,5.7,0.9509551,8.887531,14,-5.7,-17.74995,141.9512
20.8252,3.212226,-6.275633,45.01279,7.402402,2.839936,0.268958,-0.05287455,-0.03984958,0.06410024,0.9957447,7.437068,2.841183,0.2723522,-0.09213504,-0.1988188,0.9756958,13,5.7,1.505695,4.94035,14,-5.7,-17.19521,138.004
20.8667,1.464209,-8.038367,57.55523,7.161467,2.842468,0.2674682,-0.06001533,-0.03923082,0.05899069,0.9956803,7.212743,2.839457,0.2717168,-0.09811478,-0.1856605,0.9777033,13,5.7,2.05534,1.029427,14,-5.7,-16.64556,134.093
20.90869,-0.5528808,-9.919494,70.94015,6.867338,2.847274,0.2655776,-0.06466988,-0.04060891,0.06119714,0.9952003,6.919165,2.839808,0.2693564,-0.1034894,-0.1767191,0.9788055,14,-5.7,-16.08989,130.1392,15,0.7,-34.18233,258.8738
20.95044,-1.957868,-11.30923,80.82865,6.532454,2.851798,0.2624108,-0.05977717,-0.04214847,0.06400834,0.9952654,6.599313,2.842237,0.2676795,-0.1040502,-0.1720734,0.9795735,14,-5.7,-15.53782,126.2111,15,0.7,-33.63026,254.9457
20.99243,-0.7734195,-9.530642,68.17332,6.164317,2.858182,0.2597705,-0.056203,-0.04262602,0.06498948,0.9953897,6.246437,2.845459,0.2659203,-0.1011769,-0.1783762,0.9787467,14,-5.7,-14.98366,122.268,15,0.7,-33.07611,251.0027
21.03394,-0.3526612,-8.046967,57.61642,5.759124,2.864127,0.2560645,-0.05847865,-0.04237675,0.06266087,0.9954185,5.857729,2.849076,0.2641485,-0.1057852,-0.1855987,0.9769148,14,-5.7,-14.43469,118.3619,15,0.7,-32.52713,247.0965
21.07593,-1.788217,-9.308834,66.59508,5.32186,2.871298,0.2518325,-0.05998629,-0.04307835,0.05765916,0.995601,5.403761,2.858454,0.2589629,-0.1060371,-0.1793921,0.9780463,14,-5.7,-13.88064,114.4196,15,0.7,-31.97308,243.1542
21.11768,-2.406729,-9.810446,70.16422,4.862312,2.878718,0.2474571,-0.05999177,-0.04307306,0.05240297,0.9958914,4.959314,2.863687,0.2561435,-0.1031247,-0.177438,0.978714,14,-5.7,-13.32577,110.4715,15,0.7,-31.41821,239.2061
21.15967,-1.598055,-8.022501,57.44234,4.369881,2.88669,0.2425273,-0.06055783,-0.0395869,0.04535123,0.9963478,4.483299,2.869206,0.2529209,-0.1038942,-0.1860745,0.9770272,14,-5.7,-12.77139,106.5269,15,0.7,-30.86383,235.2615
21.20142,-2.025397,-7.906506,56.61699,3.852046,2.895307,0.237588,-0.06131455,-0.03503701,0.03977893,0.9967098,3.98241,2.87507,0.2492808,-0.1041157,-0.1868455,0.9768565,14,-5.7,-12.22016,102.6047,15,0.7,-30.3126,231.3393
21.24292,-2.363363,-8.108389,58.05346,3.308729,2.903357,0.2320019,-0.05778364,-0.03191963,0.03544355,0.997189,3.412357,2.887732,0.2414356,-0.09767628,-0.1859613,0.97769,14,-5.7,-11.67028,98.69205,15,0.7,-29.76272,227.4267
21.28491,-2.733478,-8.127028,58.186,2.749251,2.910955,0.2259155,-0.05317325,-0.03073341,0.03133569,0.9976202,2.868844,2.894348,0.2373356,-0.09454931,-0.1860057,0.9779889,14,-5.7,-11.11741,94.75821,15,0.7,-29.20985,223.4928
21.32666,-2.738067,-7.234265,51.83375,2.187136,2.9186,0.2200247,-0.0533178,-0.03233796,0.02997705,0.9976036,2.321351,2.900828,0.2329524,-0.09576873,-0.1918452,0.9767414,14,-5.7,-10.56396,90.82021,15,0.7,-28.6564,219.5548
21.36816,-3.307478,-7.121172,51.02898,1.631875,2.924111,0.2140414,-0.05392655,-0.03219497,0.02716945,0.9976559,1.729513,2.913341,0.2235787,-0.09680698,-0.1928555,0.97644,14,-5.7,-10.0151,86.91483,15,0.7,-28.10754,215.6494
21.40991,-3.876845,-7.666717,54.91073,1.079527,2.927171,0.2081575,-0.05402196,-0.03051078,0.02058277,0.9978613,1.188841,2.918578,0.2188381,-0.09056105,-0.1892371,0.9777464,14,-5.7,-9.463713,82.99153,15,0.7,-27.55616,211.7261
21.4519,-4.080594,-7.828414,56.06127,0.5346382,2.928377,0.2026102,-0.05554263,-0.02670649,0.01521982,0.997983,0.6550389,2.922592,0.214085,-0.08298019,-0.1883847,0.9785834,14,-5.7,-8.908034,79.03767,15,0.7,-27.00048,207.7723
21.49341,-4.29779,-7.434863,53.26101,-0.01121056,2.925757,0.197228,-0.05574107,-0.02120078,0.008087987,0.9981874,0.1207621,2.92529,0.2089626,-0.08147128,-0.1910253,0.9781982,14,-5.7,-8.358104,75.12472,15,0.7,-26.45055,203.8593
21.53564,-4.59972,-7.515973,53.83814,-0.556048,2.922831,0.1920996,-0.05155259,-0.01775309,0.003930192,0.9985048,-0.4605747,2.9261,0.2002475,-0.0755299,-0.1905439,0.9787688,14,-5.7,-7.801643,71.1653,15,0.7,-25.89409,199.8999
21.57764,-5.347825,-8.315391,59.5263,-1.102207,2.918175,0.1866509,-0.04952266,-0.01456764,-0.002796961,0.9986629,-0.9944638,2.924335,0.1960261,-0.07190613,-0.1856509,0.9799812,14,-5.7,-7.246783,67.21726,15,0.7,-25.33923,195.9518
21.61914,-5.556779,-8.078005,57.83721,-1.634956,2.913435,0.182205,-0.0499654,-0.01029846,-0.004199281,0.9986891,-1.516598,2.921498,0.1915423,-0.0686818,-0.1869881,0.9799583,14,-5.7,-6.698608,63.3168,15,0.7,-24.79105,192.0514
21.66138,-5.864171,-7.85241,56.23202,-2.153956,2.906576,0.178019,-0.04946844,-0.005709559,-0.003010982,0.9987549,-2.02598,2.918038,0.1876682,-0.0671026,-0.1882985,0.9798168,14,-5.7,-6.13997,59.34188,15,0.7,-24.23241,188.0765
21.70264,-6.56825,-8.422546,60.28875,-2.651769,2.899976,0.1739751,-0.04531312,-0.005095005,-0.003521184,0.9989536,-2.562396,2.909341,0.1803588,-0.06535017,-0.1848647,0.9805888,14,-5.7,-5.592899,55.44927,15,0.7,-23.68534,184.1839
21.74365,-6.305549,-7.960571,57.00163,-3.130783,2.893228,0.1712197,-0.04551293,-0.003333926,-0.01174484,0.9988892,-3.033554,2.904208,0.1769066,-0.05646574,-0.1874967,0.9806409,14,-5.7,-5.049419,51.58221,15,0.7,-23.14186,180.3168
21.78589,-6.501527,-7.559951,54.15107,-3.579698,2.885085,0.1680598,-0.04247852,-0.0001291931,-0.0175877,0.9989426,-3.476609,2.898958,0.1742477,-0.05493461,-0.1899412,0.9802574,14,-5.7,-4.493703,47.62809,15,0.7,-22.58615,176.3627
21.82788,-6.654018,-7.038919,50.44374,-4.014516,2.876995,0.164681,-0.04222211,0.005790502,-0.0232066,0.998822,-3.905566,2.893299,0.171796,-0.05355792,-0.193545,0.9796284,14,-5.7,-3.938602,43.67834,15,0.7,-22.03105,172.4129
21.86963,-4.608608,-6.460686,46.3294,-4.417588,2.867892,0.1619434,-0.04376595,0.008907914,-0.02464876,0.998698,-4.343883,2.880731,0.1664413,-0.00562054,-0.1983342,0.9801183,14,-5.7,-3.384763,39.73757,15,0.7,-21.47721,168.4722
21.91138,-4.572206,-6.627495,47.5163,-4.792965,2.858913,0.159728,-0.04650476,0.01242497,-0.02735514,0.9984662,-4.715049,2.873891,0.1642295,0.002957695,-0.1967319,0.9804529,14,-5.7,-2.83323,35.8132,15,0.7,-20.92567,164.5478
21.95337,-4.851908,-6.910106,49.52702,-5.129082,2.850933,0.1581133,-0.05198738,0.01564282,-0.02851009,0.9981182,-5.049389,2.86695,0.1620752,0.003924194,-0.1942813,0.980938,14,-5.7,-2.277617,31.85981,15,0.7,-20.37006,160.5944
21.99536,-5.178933,-7.57455,54.25478,-5.422523,2.841779,0.1577934,-0.05870925,0.01796606,-0.02884066,0.9976967,-5.343593,2.860119,0.1601238,0.002988844,-0.189404,0.9818947,14,-5.7,-1.723632,27.918,15,0.7,-19.81607,156.6526
22.03735,-6.042375,-2.765133,20.03417,-5.664147,2.832071,0.1576885,-0.06029056,0.01991606,-0.02908983,0.9975582,-5.617032,2.846223,0.1582681,-0.02059045,-0.2716417,0.9621782,14,-5.7,-1.169274,23.97354,15,0.7,-19.26172,152.7082
22.07886,-6.125499,-2.101505,15.31221,-5.842635,2.8218,0.1573839,-0.05974988,0.02191705,-0.02881708,0.9975566,-5.800381,2.838902,0.1578642,-0.02039289,-0.3098865,0.9505548,14,-5.7,-0.6204311,20.06832,15,0.7,-18.71287,148.8029
22.12036,-6.084546,-2.120622,15.44823,-5.951467,2.81315,0.1575994,-0.06186309,0.02492973,-0.02790314,0.9973831,-5.917812,2.831081,0.1576834,-0.01037326,-0.3080719,0.9513066,14,-5.7,-0.06963527,16.14921,15,0.7,-18.16208,144.8838
22.16235,-5.650422,-3.227919,23.32707,-5.99015,2.806108,0.1579182,-0.06131063,0.0294508,-0.03002412,0.9972323,-5.968406,2.823355,0.1576812,0.01327783,-0.2526767,0.9674597,14,-5.7,0.4854369,12.19967,15,0.7,-17.607,140.9343
22.2041,-5.171565,-4.370902,31.45964,-5.965442,2.802086,0.1586125,-0.06061575,0.02996317,-0.02745103,0.9973337,-5.9648,2.809781,0.158077,0.02469265,-0.2235271,0.9743848,14,-5.7,1.037898,8.268697,15,0.7,-17.05454,137.0033
22.24536,-4.795987,-6.071628,43.56094,-5.884089,2.800095,0.1592255,-0.05923143,0.02784339,-0.02856281,0.9974471,-5.894349,2.805,0.1583712,0.02478559,-0.2003093,0.9794191,14,-5.7,1.581325,4.402018,15,0.7,-16.51112,133.1366
22.28711,-4.706356,-6.76515,48.49561,-5.746796,2.799627,0.1596767,-0.05671367,0.02571505,-0.03033333,0.9975982,-5.769833,2.801702,0.158787,0.02157772,-0.1941092,0.9807426,14,-5.7,2.135587,0.4582372,15,0.7,-15.95685,129.1928
22.3291,-4.674465,-6.523314,46.77486,-5.559551,2.800229,0.1587103,-0.05061143,0.02381027,-0.02723898,0.998063,-5.596837,2.799812,0.1594125,0.01939896,-0.19608,0.980396,15,0.7,-15.40424,125.2608,16,-5.7,-33.49677,253.9958
22.37061,-4.336267,-5.899035,42.33288,-5.314794,2.806056,0.1589456,-0.05465098,0.02404088,-0.02523729,0.997897,-5.354429,2.79898,0.1594143,0.02363802,-0.2019361,0.9791135,15,0.7,-14.85272,121.3365,16,-5.7,-32.94526,250.0715
22.4126,-4.050539,-6.005119,43.08771,-5.027923,2.814466,0.160272,-0.0610253,0.02485657,-0.02476149,0.9975194,-5.081308,2.801112,0.1591916,0.02351503,-0.2008969,0.9793301,15,0.7,-14.29901,117.3967,16,-5.7,-32.39154,246.1317
22.45435,-6.034849,-2.897397,20.97511,-4.699749,2.824766,0.1618201,-0.05872932,0.02431542,-0.02236346,0.9977272,-4.767945,2.805448,0.1595379,-0.05859916,-0.2637788,0.9628016,15,0.7,-13.74744,113.4721,16,-5.7,-31.83997,242.2071
22.49658,-5.708651,-2.964204,21.45047,-4.340639,2.836473,0.162978,-0.05233201,0.02327671,-0.01843869,0.9981882,-4.423799,2.811707,0.1602937,-0.05814556,-0.2613873,0.9634811,15,0.7,-13.18913,109.4995,16,-5.7,-31.28166,238.2345
22.53809,-3.17787,-4.754118,34.18637,-3.956843,2.850165,0.1638001,-0.0493391,0.02098507,-0.01432833,0.9984589,-4.024553,2.828031,0.162352,0.02428194,-0.2174474,0.9757699,15,0.7,-12.63972,105.5902,16,-5.7,-30.73225,234.3253
22.5791,-2.617446,-5.771577,41.42612,-3.546363,2.864947,0.1645484,-0.05143991,0.01816189,-0.009686051,0.998464,-3.627317,2.83786,0.163274,0.02395128,-0.2041915,0.9786379,15,0.7,-12.09903,101.743,16,-5.7,-30.19156,230.478
22.62109,-1.879391,-6.648594,47.66642,-3.111447,2.88062,0.1663422,-0.05562258,0.01743492,-0.00198274,0.9982977,-3.206442,2.848776,0.1639633,0.02738404,-0.1959807,0.9802253,15,0.7,-11.54095,97.77208,16,-5.7,-29.63349,226.5071
22.66309,-1.495817,-6.978261,50.01213,-2.660775,2.895677,0.1693421,-0.05752748,0.01766169,0.004725929,0.9981765,-2.769708,2.860499,0.1647389,0.02506424,-0.1935809,0.9807642,15,0.7,-10.98569,93.82114,16,-5.7,-29.07822,222.5562
22.70459,-1.158478,-5.569061,39.98515,-2.201597,2.909191,0.1733139,-0.0569678,0.01726812,0.01169415,0.9981582,-2.284615,2.884708,0.1677601,0.02765529,-0.2076048,0.9778218,15,0.7,-10.43687,89.91608,16,-5.7,-28.5294,218.6511
22.74658,-0.8051919,-5.002093,35.95097,-1.74186,2.92049,0.1775026,-0.05437904,0.01534483,0.01750228,0.9982491,-1.835914,2.896347,0.1703191,0.02811835,-0.2154715,0.9761052,15,0.7,-9.884353,85.98475,16,-5.7,-27.97688,214.7198
22.78833,-0.392175,-4.928563,35.42777,-1.279585,2.929194,0.1814442,-0.05147114,0.01178258,0.02176852,0.9983677,-1.384401,2.906964,0.1733447,0.02746395,-0.2168805,0.9758117,15,0.7,-9.329797,82.03888,16,-5.7,-27.42233,210.7739
22.83105,0.06610901,-5.556021,39.89237,-0.8208607,2.93514,0.185167,-0.05254689,0.008353591,0.02711232,0.9982154,-0.9356636,2.916255,0.1766084,0.024661,-0.2085651,0.9776976,15,0.7,-8.765574,78.02422,16,-5.7,-26.8581,206.7592
22.87256,0.0472734,-6.003478,43.07619,-0.3636098,2.938173,0.1891076,-0.05549819,0.005849272,0.03368806,0.9978732,-0.4477048,2.929869,0.1828516,0.01129661,-0.2038807,0.9789305,15,0.7,-8.219122,74.13602,16,-5.7,-26.31165,202.871
22.91406,0.4033576,-5.885143,42.2342,0.08800972,2.93873,0.1937596,-0.0598907,0.003102064,0.03910614,0.9974338,-0.005533574,2.934064,0.1859366,0.009516814,-0.2052643,0.9786603,15,0.7,-7.670282,70.23082,16,-5.7,-25.76281,198.9658
22.95557,0.6493979,-6.192643,44.42217,0.5336241,2.936705,0.1982324,-0.05874736,-0.003423095,0.04404403,0.997295,0.4310642,2.936539,0.1892292,0.004834053,-0.2021263,0.9793475,15,0.7,-7.118465,66.30444,16,-5.7,-25.211,195.0395
22.99829,0.8906728,-6.653824,47.70374,0.9712532,2.935601,0.2039441,-0.06076571,-0.007866502,0.04359803,0.9971685,0.8601857,2.937164,0.192674,0.0006289887,-0.1978769,0.9802266,15,0.7,-6.553615,62.28532,16,-5.7,-24.64615,191.0203
23.03931,1.049428,-6.082283,43.63702,1.393907,2.932335,0.2093077,-0.05934948,-0.01154774,0.04752946,0.9970383,1.314535,2.935499,0.2006128,-0.005975823,-0.2032707,0.9791044,15,0.7,-6.013411,58.44157,16,-5.7,-24.10594,187.1766
23.08081,1.237581,-5.430913,39.00227,1.805873,2.927477,0.2139121,-0.05475567,-0.01684046,0.05666181,0.9967486,1.719157,2.933758,0.2048575,-0.01213288,-0.2107404,0.9774667,15,0.7,-5.463696,54.53014,16,-5.7,-23.55623,183.2652
23.1228,1.482296,-5.164151,37.10416,2.19683,2.921386,0.2179936,-0.0548292,-0.02229252,0.05760011,0.9965838,2.104309,2.931143,0.2089254,-0.01646495,-0.2142858,0.9766322,15,0.7,-4.907853,50.57512,16,-5.7,-23.00038,179.3101
23.16528,1.609903,-5.323714,38.23952,2.563691,2.914962,0.2219112,-0.05473076,-0.02880132,0.05593099,0.9965173,2.467079,2.927798,0.2128245,-0.02202345,-0.2120062,0.9770201,15,0.7,-4.346021,46.57748,16,-5.7,-22.43855,175.3125
23.2063,1.325134,-5.32737,38.26553,2.901772,2.906272,0.224753,-0.05369984,-0.03487286,0.05700452,0.9963186,2.836588,2.918427,0.2195886,-0.03879645,-0.2116555,0.976574,15,0.7,-3.805296,42.73001,16,-5.7,-21.89783,171.465
23.2478,1.648062,-5.097526,36.6301,3.204006,2.897787,0.2277545,-0.05394736,-0.03843185,0.05550268,0.9962591,3.137114,2.912376,0.2222987,-0.03991217,-0.2146953,0.9758652,15,0.7,-3.254748,38.81266,16,-5.7,-21.34728,167.5477
23.28979,1.74701,-5.033807,36.17672,3.463547,2.889135,0.2306705,-0.05709699,-0.04158109,0.05808777,0.9958096,3.397475,2.905644,0.2249495,-0.04478271,-0.2154241,0.9754932,15,0.7,-2.702038,34.87993,16,-5.7,-20.79457,163.6149
23.33228,1.755761,-5.060287,36.36515,3.676357,2.880325,0.2325005,-0.05705457,-0.04384597,0.06013691,0.9955932,3.613863,2.898981,0.2272999,-0.05015042,-0.2148216,0.9753649,15,0.7,-2.138709,30.87163,16,-5.7,-20.23124,159.6066
23.37329,1.270182,-5.770775,41.42052,3.835625,2.87237,0.2340477,-0.05523146,-0.04825513,0.06190075,0.995384,3.801152,2.885423,0.2314012,-0.06002552,-0.2052939,0.976858,15,0.7,-1.597004,27.0172,16,-5.7,-19.68953,155.7522
23.41479,-2.465694,-8.915915,63.79947,3.946438,2.865665,0.2349745,-0.05679286,-0.04936117,0.0634082,0.995147,3.917355,2.878777,0.2332932,-0.09825286,-0.1815531,0.9784605,15,0.7,-1.048346,23.1133,16,-5.7,-19.14087,151.8483
23.45679,-2.595034,-8.861037,63.409,4.003471,2.859298,0.234629,-0.05642964,-0.05020326,0.0659574,0.9949598,3.982284,2.872451,0.2343061,-0.1018305,-0.1816587,0.978075,15,0.7,-0.4930634,19.16226,16,-5.7,-18.58559,147.8973
23.49951,-1.615675,-7.692492,55.09436,4.001951,2.853796,0.233845,-0.05677997,-0.04907124,0.06648086,0.9949616,3.991548,2.866668,0.2348591,-0.09986655,-0.1880623,0.9770666,15,0.7,0.07190001,15.14233,16,-5.7,-18.02063,143.8773
23.54028,-2.445995,-8.704996,62.29871,3.944729,2.849532,0.2320153,-0.05636135,-0.04913452,0.06950857,0.9947753,3.950411,2.856525,0.2348485,-0.1008026,-0.182201,0.9780806,15,0.7,0.6094564,11.31742,16,-5.7,-17.48307,140.0524
23.58179,-2.042258,-8.937831,63.95542,3.823741,2.846587,0.2288439,-0.05619161,-0.04986398,0.06914032,0.9947742,3.841733,2.85248,0.2337887,-0.0904258,-0.1811948,0.9792812,15,0.7,1.160864,7.393955,16,-5.7,-16.93167,136.129
23.62378,-2.133181,-8.274333,59.23439,3.650589,2.84488,0.2250454,-0.05457307,-0.05112474,0.07060076,0.9946977,3.682536,2.849213,0.2322117,-0.09641027,-0.1844011,0.9781111,15,0.7,1.714725,3.453026,16,-5.7,-16.3778,132.188
23.66626,-2.22065,-8.035556,57.5354,3.422043,2.846788,0.220423,-0.05850681,-0.05128261,0.06945108,0.9945469,3.470033,2.846542,0.2305015,-0.09710076,-0.1856825,0.9778003,16,-5.7,-15.81749,128.2012,17,5.7,-34.53246,261.3651
23.70752,-3.842143,-9.498712,67.9463,3.13892,2.851218,0.215691,-0.06286071,-0.04923393,0.0668163,0.9945653,3.187471,2.844973,0.2238648,-0.1015896,-0.1783868,0.9787021,16,-5.7,-15.27034,124.308,17,5.7,-33.98531,257.4719
23.74902,-5.149119,-10.88722,77.82608,2.811803,2.857087,0.2105326,-0.06143956,-0.04850887,0.06768335,0.9946312,2.875542,2.846641,0.2202346,-0.1012969,-0.1733654,0.9796343,16,-5.7,-14.72307,120.414,17,5.7,-33.43804,253.5778
23.79102,-6.003947,-11.44619,81.80336,2.446424,2.864833,0.2039808,-0.05706195,-0.04796501,0.06691607,0.9949702,2.525985,2.849808,0.2164575,-0.1024395,-0.1716866,0.9798111,16,-5.7,-14.16665,116.4549,17,5.7,-32.88162,249.6187
23.83301,-5.073697,-9.561205,68.39099,2.047466,2.874989,0.19706,-0.05829719,-0.04641166,0.06408725,0.9951584,2.143208,2.85439,0.2121695,-0.1035797,-0.1781934,0.9785287,16,-5.7,-13.61166,112.5059,17,5.7,-32.32663,245.6698
23.87451,-6.400213,-10.51748,75.19526,1.625636,2.885113,0.1904863,-0.06447166,-0.04500988,0.06164426,0.9949963,1.703817,2.866989,0.2024603,-0.1057861,-0.1747144,0.9789199,16,-5.7,-13.06393,108.6086,17,5.7,-31.7789,241.7724
23.91626,-8.183495,-12.39558,88.55859,1.186341,2.894358,0.1832307,-0.06542338,-0.04250678,0.05843059,0.9952381,1.277696,2.874759,0.1970834,-0.1049272,-0.1693523,0.9799541,16,-5.7,-12.51143,104.6773,17,5.7,-31.22639,237.8411
23.95825,-10.07078,-14.31384,102.2078,0.7261667,2.904208,0.177133,-0.06729454,-0.04027054,0.05421099,0.9954451,0.8313478,2.882625,0.1914488,-0.1047996,-0.1653055,0.9806585,16,-5.7,-11.956,100.7252,17,5.7,-30.67097,233.8891
24,-7.703406,-10.81349,77.30144,0.2575082,2.913083,0.171512,-0.06757268,-0.03815594,0.05098037,0.9956802,0.3760454,2.890394,0.1858799,-0.1026101,-0.1740411,0.9793777,16,-5.7,-11.40353,96.79425,17,5.7,-30.1185,229.9581
24.0415,-5.833325,-8.078024,57.83761,-0.2190296,2.920867,0.1666943,-0.06825074,-0.03578374,0.04699957,0.9959179,-0.1284978,2.905418,0.1758579,-0.09673283,-0.1862387,0.977731,16,-5.7,-10.85567,92.89603,17,5.7,-29.57064,226.0598
24.08301,-6.533488,-9.123801,65.2787,-0.6998036,2.927831,0.1626383,-0.06676874,-0.03375396,0.04093312,0.9963569,-0.5975606,2.912345,0.1715041,-0.08929432,-0.1810602,0.9794099,16,-5.7,-10.30461,88.97502,17,5.7,-29.01958,222.1388
24.125,-6.020462,-7.8027,55.87857,-1.182295,2.932148,0.158495,-0.06475386,-0.0302242,0.0345064,0.9968464,-1.068805,2.918672,0.1675113,-0.08694894,-0.1882627,0.9782623,16,-5.7,-9.750785,85.03434,17,5.7,-28.46575,218.1982
24.16675,-7.091493,-9.301476,66.54292,-1.662239,2.935308,0.1551796,-0.06356043,-0.02667496,0.03011227,0.9971669,-1.538025,2.924184,0.1639575,-0.08200202,-0.1805231,0.9801465,16,-5.7,-9.199441,81.11132,17,5.7,-27.91441,214.2751
24.2085,-6.978939,-8.598729,61.54262,-2.137076,2.936114,0.1517045,-0.06357992,-0.021597,0.02393618,0.9974559,-2.045364,2.931836,0.1577995,-0.0787445,-0.1840387,0.9797597,16,-5.7,-8.646667,77.17813,17,5.7,-27.36164,210.3419
24.25,-6.418015,-7.241772,51.88737,-2.609594,2.934996,0.1488575,-0.06319008,-0.01652557,0.01763797,0.9977089,-2.507782,2.933937,0.1547865,-0.07396124,-0.1924715,0.9785114,16,-5.7,-8.09722,73.26861,17,5.7,-26.81219,206.4324
24.29199,-6.617158,-7.189996,51.51896,-3.075303,2.93098,0.1463982,-0.06294417,-0.01113018,0.01323269,0.9978672,-2.963924,2.934612,0.1522244,-0.06960879,-0.1929146,0.9787434,16,-5.7,-7.541619,69.3153,17,5.7,-26.25659,202.4791
24.3335,-6.890395,-7.257079,51.99628,-3.53056,2.927065,0.1446956,-0.06293397,-0.004975796,0.0123352,0.9979291,-3.410504,2.933834,0.1499362,-0.06571673,-0.1924525,0.9791034,16,-5.7,-6.994183,65.42009,17,5.7,-25.70915,198.5839
24.37549,-7.30662,-7.631441,54.66001,-3.973646,2.921118,0.1440332,-0.06687977,-0.0004249215,0.01386304,0.9976647,-3.886666,2.928959,0.1459042,-0.06147369,-0.1898234,0.9798919,16,-5.7,-6.438674,61.46743,17,5.7,-25.15364,194.6313
24.41748,-7.673831,-8.1485,58.33908,-4.398722,2.913904,0.1433172,-0.06392661,0.002651483,0.01184773,0.9978808,-4.304735,2.925344,0.1449509,-0.05678174,-0.1866354,0.980787,16,-5.7,-5.882771,57.51198,17,5.7,-24.59774,190.6758
24.45947,-7.82394,-8.147863,58.33445,-4.805111,2.905797,0.1427682,-0.06164328,0.003957391,0.004817503,0.9980788,-4.705242,2.920669,0.1442729,-0.05257803,-0.1866042,0.9810272,16,-5.7,-5.327625,53.56191,17,5.7,-24.04259,186.7257
24.50122,-7.895866,-7.925582,56.75284,-5.183042,2.898204,0.1429532,-0.0612779,0.005782485,-0.001264332,0.9981033,-5.079347,2.915247,0.1436803,-0.04880751,-0.1878611,0.9809822,16,-5.7,-4.778374,49.65379,17,5.7,-23.49334,182.8176
24.54297,-8.342984,-8.480145,60.69876,-5.5353,2.889448,0.1432299,-0.06291232,0.008746743,-0.006775201,0.9979578,-5.464265,2.902941,0.1430721,-0.04666916,-0.1845402,0.9817163,16,-5.7,-4.225326,45.71864,17,5.7,-22.94029,178.8825
24.58472,-8.254137,-8.615201,61.65974,-5.855039,2.880369,0.1432407,-0.0602321,0.01016438,-0.007022491,0.998108,-5.78172,2.896594,0.1431216,-0.03947444,-0.1837968,0.9821714,16,-5.7,-3.673163,41.7898,17,5.7,-22.38813,174.9536
24.62646,-7.843535,-7.362379,52.74545,-6.135743,2.869306,0.1430194,-0.05853086,0.01136175,-0.008323294,0.9981863,-6.06255,2.889873,0.1430907,-0.03321384,-0.1911959,0.9809898,16,-5.7,-3.119508,37.85034,17,5.7,-21.83448,171.0141
24.66846,-7.582831,-6.197434,44.45643,-6.36886,2.860255,0.1432004,-0.05464665,0.01346114,-0.008104344,0.9983822,-6.325084,2.874405,0.1432816,-0.02779564,-0.2004839,0.9793026,16,-5.7,-2.566678,33.91675,17,5.7,-21.28165,167.0806
24.70996,-7.157908,-5.477133,39.33122,-6.551421,2.851792,0.1444,-0.05841062,0.01669744,-0.008710668,0.998115,-6.510789,2.866581,0.1433558,-0.01614907,-0.2082207,0.9779486,16,-5.7,-2.017614,30.00995,17,5.7,-20.73258,163.1738
24.75195,-7.157351,-5.523864,39.66373,-6.688801,2.843287,0.1462258,-0.06291141,0.02047446,-0.009583288,0.9977631,-6.652941,2.859232,0.1437322,-0.01248458,-0.2074896,0.9781576,16,-5.7,-1.462297,26.05867,17,5.7,-20.17727,159.2225
24.79395,-7.032579,-5.791521,41.56822,-6.775226,2.834085,0.1484933,-0.06228244,0.02098602,-0.0103001,0.9977848,-6.746238,2.852252,0.1445724,-0.006766561,-0.2042632,0.9788926,16,-5.7,-0.9077851,22.11311,17,5.7,-19.62275,155.2769
24.83545,-6.447953,-5.754813,41.30703,-6.815187,2.825696,0.1510244,-0.060537,0.01941797,-0.01223424,0.9979022,-6.804908,2.838206,0.1472722,0.008489125,-0.2043588,0.9788592,16,-5.7,-0.3592802,18.2103,17,5.7,-19.07425,151.3741
24.87671,-6.486663,-4.995238,35.90237,-6.793296,2.81896,0.153998,-0.05753053,0.01892895,-0.01283414,0.9980818,-6.79172,2.83127,0.1491554,0.008334712,-0.2138326,0.9768348,16,-5.7,0.1891971,14.30768,17,5.7,-18.52577,147.4715
24.91895,-6.442789,-4.204605,30.27672,-6.714024,2.814223,0.1570861,-0.05659001,0.01829642,-0.01105637,0.9981686,-6.723708,2.824944,0.1513067,0.009080735,-0.2272289,0.973799,16,-5.7,0.7449419,10.35335,17,5.7,-17.97003,143.5171
24.96045,-6.288002,-4.069127,29.31275,-6.571614,2.811747,0.1602598,-0.05627913,0.01689344,-0.009149876,0.9982302,-6.595572,2.819482,0.1535898,0.01026491,-0.2299009,0.9731599,16,-5.7,1.295486,6.436026,17,5.7,-17.41948,139.5998
25.0022,-5.682302,-4.293987,30.91271,-6.371008,2.811428,0.1630158,-0.05398574,0.01743722,-0.009556803,0.9983437,-6.401575,2.812343,0.1585165,0.02278153,-0.225078,0.9740744,16,-5.7,1.847381,2.509085,17,5.7,-16.86759,135.6729
25.0437,-4.908351,-4.417286,31.79003,-6.116809,2.814231,0.1656884,-0.05414989,0.02044913,-0.00715437,0.9982978,-6.161464,2.81094,0.1609375,0.03859449,-0.2226213,0.9741408,17,5.7,-16.31941,131.7724,18,-5.7,-34.78431,263.157
25.08545,-4.055514,-4.828549,34.71632,-5.813081,2.820614,0.1692201,-0.05970038,0.02265278,-0.003798468,0.9979521,-5.873242,2.811066,0.1627933,0.05129808,-0.2155973,0.975134,17,5.7,-15.76793,127.8484,18,-5.7,-34.23283,259.2331
25.1272,-2.904178,-6.375648,45.72444,-5.471921,2.827877,0.1729947,-0.05924093,0.02300885,-0.006004659,0.9979605,-5.547851,2.813348,0.1651721,0.05678986,-0.1973927,0.9786782,17,5.7,-15.21608,123.9218,18,-5.7,-33.68098,255.3065
25.16895,-2.467986,-6.048947,43.39984,-5.091071,2.837232,0.1770707,-0.05548194,0.02342233,-0.004930574,0.9981728,-5.155093,2.822717,0.1709479,0.06077837,-0.2006638,0.977773,17,5.7,-14.66457,119.9976,18,-5.7,-33.12947,251.3823
25.21045,-2.527795,-5.012647,36.02618,-4.675072,2.847511,0.180305,-0.05028477,0.02507022,0.001021245,0.9984198,-4.753826,2.829186,0.1739291,0.06054379,-0.2132828,0.9751127,17,5.7,-14.11391,116.0794,18,-5.7,-32.57881,247.4641
25.25244,-2.135499,-4.691405,33.74043,-4.225442,2.860013,0.1828837,-0.04780392,0.0283463,0.007197423,0.9984285,-4.320121,2.83657,0.1769527,0.06338365,-0.2184133,0.9737958,17,5.7,-13.55908,112.1316,18,-5.7,-32.02399,243.5163
25.29468,-1.548889,-4.730758,34.02044,-3.748267,2.873167,0.1842263,-0.05205236,0.02991709,0.01395154,0.9980986,-3.859391,2.844883,0.1796397,0.06647921,-0.217971,0.9736884,17,5.7,-13.00242,108.1708,18,-5.7,-31.46733,239.5555
25.33667,-0.4774294,-6.163921,44.21793,-3.243297,2.887769,0.186652,-0.05858075,0.03118017,0.01967168,0.9976017,-3.330318,2.864426,0.1828307,0.06333905,-0.2004449,0.9776554,17,5.7,-12.4462,104.2131,18,-5.7,-30.9111,235.5977
25.37842,0.3365105,-6.974933,49.98858,-2.722169,2.901704,0.1902641,-0.06346339,0.03104553,0.02488682,0.9971907,-2.82415,2.875306,0.1847799,0.06213596,-0.1936475,0.9791015,17,5.7,-11.89289,100.2761,18,-5.7,-30.3578,231.6608
25.42017,1.027735,-7.27355,52.11335,-2.184478,2.913929,0.1937175,-0.0618101,0.02884242,0.0297999,0.9972259,-2.301569,2.886543,0.1870931,0.06279864,-0.1916437,0.9794534,17,5.7,-11.34352,96.36707,18,-5.7,-29.80842,227.7518
25.46191,0.9799071,-5.888717,42.25975,-1.635639,2.925306,0.1971043,-0.0590334,0.02509233,0.03416808,0.9973555,-1.767592,2.897282,0.1895846,0.06379807,-0.2040145,0.9768868,17,5.7,-10.78931,92.42371,18,-5.7,-29.25422,223.8084
25.50366,1.448003,-5.606077,40.24866,-1.073788,2.934961,0.2000548,-0.05812264,0.02130547,0.03732523,0.997384,-1.172863,2.91716,0.1951454,0.06387041,-0.207711,0.9761028,17,5.7,-10.23675,88.49205,18,-5.7,-28.70166,219.8767
25.54541,1.844316,-5.535429,39.74598,-0.4985958,2.943001,0.2016803,-0.06028104,0.01858443,0.0391389,0.9972407,-0.6123564,2.925876,0.1974497,0.06063148,-0.2088279,0.9760711,17,5.7,-9.687442,84.58349,18,-5.7,-28.15235,215.9682
25.58716,2.451002,-6.008586,43.11266,0.07714248,2.949018,0.2048266,-0.06512862,0.01756081,0.04126015,0.9968688,-0.05035043,2.933684,0.1991532,0.05696983,-0.2036657,0.9773816,17,5.7,-9.134323,80.64784,18,-5.7,-27.59923,212.0325
25.62891,3.12657,-5.960646,42.77155,0.646186,2.950705,0.2076147,-0.06699559,0.01546964,0.04482738,0.9966258,0.5058851,2.940119,0.2013977,0.06014938,-0.2042885,0.977061,17,5.7,-8.58112,76.71159,18,-5.7,-27.04603,208.0963
25.67065,3.83805,-6.574305,47.13777,1.207734,2.950681,0.2104969,-0.06401666,0.01236343,0.04509202,0.996853,1.106374,2.948036,0.2061274,0.05695049,-0.1985236,0.9784401,17,5.7,-8.030017,72.79029,18,-5.7,-26.49492,204.175
25.7124,3.935529,-6.260286,44.90341,1.759654,2.95087,0.2139017,-0.06970176,0.006085485,0.044271,0.9965665,1.647345,2.949344,0.2081805,0.05007892,-0.2015609,0.978195,17,5.7,-7.479224,68.87119,18,-5.7,-25.94413,200.2559
25.75391,4.347101,-6.882095,49.32781,2.29663,2.949514,0.217702,-0.07176064,0.002590269,0.04053419,0.9965946,2.174412,2.949943,0.2105701,0.04333352,-0.1960966,0.9796267,17,5.7,-6.929667,64.96089,18,-5.7,-25.39457,196.3456
25.79565,4.334248,-7.441972,53.31154,2.819058,2.947369,0.2223315,-0.07106706,-0.0002045631,0.04280986,0.9965525,2.687692,2.949883,0.2134221,0.03041823,-0.1919778,0.9809278,17,5.7,-6.377444,61.03163,18,-5.7,-24.84235,192.4164
25.8374,0.9637164,-10.11725,72.34717,3.327692,2.943687,0.2265238,-0.06597593,-0.00334537,0.04999213,0.9965625,3.234832,2.947454,0.2198759,-0.03096857,-0.1781483,0.9835162,17,5.7,-5.825026,57.10096,18,-5.7,-24.28993,188.4857
25.87915,1.442202,-9.178448,65.66721,3.812984,2.940088,0.2312877,-0.06477325,-0.006813377,0.05323841,0.9964556,3.712136,2.945246,0.2233235,-0.03408511,-0.1820481,0.9826987,17,5.7,-5.274276,53.18217,18,-5.7,-23.73918,184.5669
25.9209,0.419375,-11.38933,81.39839,4.279595,2.935214,0.2354474,-0.06506026,-0.01137868,0.05539028,0.9962779,4.171653,2.942629,0.2267977,-0.04547526,-0.1736943,0.9837491,17,5.7,-4.723161,49.26079,18,-5.7,-23.18807,180.6455
25.96265,0.1561661,-12.11834,86.58564,4.720458,2.930074,0.2393655,-0.06323399,-0.01507446,0.05610462,0.9963064,4.606884,2.939795,0.2304176,-0.05070819,-0.1715613,0.9838676,17,5.7,-4.168214,45.31214,18,-5.7,-22.63312,176.6969
26.00439,0.8231341,-10.02442,71.68659,5.129693,2.924664,0.2431757,-0.06351243,-0.01734522,0.0551547,0.9963049,5.052803,2.932411,0.2370831,-0.05814944,-0.1781304,0.9822872,17,5.7,-3.617007,41.39009,18,-5.7,-22.08191,172.7748
26.04541,1.005803,-9.711135,69.45745,5.507188,2.919669,0.2473578,-0.06463359,-0.01965991,0.05768553,0.9960464,5.426589,2.928283,0.2405235,-0.06270599,-0.1792819,0.9817973,17,5.7,-3.07596,37.54034,18,-5.7,-21.54087,168.9251
26.0874,0.7949692,-9.864752,70.5505,5.845072,2.913512,0.2515904,-0.06690546,-0.02168334,0.05659857,0.9959167,5.763136,2.92406,0.2435919,-0.06935577,-0.1785322,0.9814867,17,5.7,-2.521392,33.59439,18,-5.7,-20.9863,164.9791
26.12988,0.6168123,-10.29544,73.61504,6.146802,2.906241,0.2559114,-0.0677648,-0.02364188,0.05889089,0.9956811,6.065027,2.919697,0.2469187,-0.07288817,-0.1767969,0.9815448,17,5.7,-1.95996,29.59959,18,-5.7,-20.42487,160.9843
26.17163,0.8836604,-10.89781,77.90111,6.407187,2.898277,0.25986,-0.06596839,-0.02568769,0.06004438,0.9956822,6.356209,2.909652,0.2535529,-0.06922434,-0.1746558,0.9821932,17,5.7,-1.40809,25.67283,18,-5.7,-19.873,157.0576
26.21313,1.042449,-10.60462,75.81495,6.624821,2.889949,0.2636662,-0.06598528,-0.02714792,0.05963377,0.995667,6.575478,2.90372,0.2569342,-0.07189935,-0.1755351,0.9818442,17,5.7,-0.8562214,21.74608,18,-5.7,-19.32113,153.1308
26.25513,1.607029,-9.286051,66.43285,6.793854,2.881913,0.2675024,-0.06688012,-0.02808639,0.05920133,0.9956071,6.748624,2.897455,0.2599703,-0.07619292,-0.1805465,0.9806108,17,5.7,-0.3041965,17.81822,18,-5.7,-18.7691,149.203
26.29736,1.729339,-8.897585,63.66877,6.907137,2.872843,0.270146,-0.06532634,-0.02865544,0.05966307,0.9956665,6.868987,2.891053,0.2632667,-0.0794424,-0.1822143,0.9800444,17,5.7,0.2543277,13.84412,18,-5.7,-18.21058,145.2289
26.33887,NaN,NaN,NaN,6.963051,2.865441,0.2725455,-0.06683357,-0.03166339,0.06086751,0.9954024,6.947844,2.877586,0.2686591,0.05532617,-0.102288,0.9932151,17,5.7,0.803214,9.938587,18,-5.7,-17.66169,141.3233
26.38037,NaN,NaN,NaN,6.954746,2.85904,0.2732313,-0.06670363,-0.03520465,0.05791331,0.9954684,6.949302,2.870998,0.2708867,0.0490588,-0.07444771,0.9960175,17,5.7,1.351924,6.034313,18,-5.7,-17.11298,137.419
26.42212,NaN,NaN,NaN,6.891934,2.853481,0.2724935,-0.06527329,-0.03705356,0.05992039,0.9953773,6.898032,2.865106,0.2723801,-0.1592049,-0.1281506,0.9788929,17,5.7,1.905688,2.094074,18,-5.7,-16.55922,133.4788
26.46484,-5.578111,-10.8192,77.3418,6.761312,2.849954,0.2696646,-0.06486399,-0.03889182,0.05972667,0.9953457,6.782371,2.859669,0.2732615,-0.155982,-0.1726193,0.9725596,18,-5.7,-15.99557,129.4682,19,0.7,-34.088,258.2025
26.50562,-6.166743,-16.40554,117.0908,6.578382,2.846381,0.2650113,-0.06388287,-0.03994956,0.060785,0.995303,6.607729,2.85133,0.2716863,-0.1072738,-0.1617099,0.9809905,18,-5.7,-15.45553,125.6256,19,0.7,-33.54796,254.3599
26.54688,-6.107594,-16.13972,115.1994,6.329885,2.847748,0.2600761,-0.06876171,-0.04171941,0.05923066,0.9949991,6.374411,2.848245,0.2691326,-0.1065426,-0.1620755,0.9810098,18,-5.7,-14.91038,121.7467,19,0.7,-33.00281,250.481
26.58887,-8.015801,-18.19868,129.8496,6.022304,2.850675,0.2549526,-0.07442103,-0.04266482,0.05541203,0.9947717,6.084119,2.846621,0.2656118,-0.1067877,-0.1593895,0.9814231,18,-5.7,-14.35547,117.7983,19,0.7,-32.4479,246.5326
26.63159,-6.624199,-15.6639,111.8138,5.664918,2.855412,0.2493765,-0.07426456,-0.04386562,0.05431365,0.9947918,5.745558,2.846815,0.2620189,-0.1087434,-0.1627291,0.98066,18,-5.7,-13.78987,113.7738,19,0.7,-31.8823,242.5081
26.67261,-12.85,-21.32924,154.7316,5.261124,2.86175,0.2432653,-0.06986722,-0.04606704,0.05530936,0.9949559,5.332311,2.85137,0.2535523,-0.1155073,-0.1536128,0.9813568,18,-5.7,-13.24892,109.9248,19,0.7,-31.34134,238.6591
26.71387,-20.78195,-29.71446,211.7886,4.825414,2.869691,0.2364948,-0.06869752,-0.04762547,0.05481196,0.9949915,4.91237,2.855419,0.2488759,-0.1191929,-0.1510879,0.981308,18,-5.7,-12.70152,106.0299,19,0.7,-30.79395,234.7642
26.75586,-12.85,-19.02293,139.6984,4.366154,2.877627,0.230548,-0.07463142,-0.04620317,0.05136031,0.9948154,4.468592,2.860476,0.24401,-0.1217738,-0.1538708,0.9805585,18,-5.7,-12.14616,102.0783,19,0.7,-30.23859,230.8126
26.79858,-12.85,-19.7304,142.2654,3.88114,2.884724,0.2241183,-0.07647619,-0.04297283,0.04660921,0.995054,3.999596,2.866377,0.2390817,-0.1163675,-0.156059,0.9808691,18,-5.7,-11.58196,98.06377,19,0.7,-29.67439,226.7981
26.83984,-11.56896,-17.81154,127.095,3.372142,2.8911,0.2182845,-0.07568791,-0.03884169,0.04352428,0.9954237,3.465192,2.878662,0.2287097,-0.1161668,-0.1598704,0.9802789,18,-5.7,-11.0378,94.19189,19,0.7,-29.13023,222.9262
26.8811,-12.85,-19.28749,137.7013,2.84274,2.897985,0.2138138,-0.07813202,-0.03522238,0.03875682,0.9955665,2.951351,2.884081,0.2238206,-0.112748,-0.1582016,0.9809486,18,-5.7,-10.49053,90.29786,19,0.7,-28.58296,219.0322
26.9231,-10.96718,-17.08274,121.9093,2.290374,2.903374,0.2094589,-0.0772242,-0.03303909,0.03437972,0.995873,2.415236,2.889526,0.2193716,-0.1078861,-0.1610121,0.9810381,18,-5.7,-9.937559,86.36324,19,0.7,-28.02999,215.0975
26.96582,-12.85,-19.23587,137.9616,1.722335,2.908139,0.2048445,-0.07234585,-0.03272396,0.02952791,0.9964052,1.863512,2.894791,0.2154387,-0.104882,-0.1577535,0.9818929,18,-5.7,-9.370577,82.32896,19,0.7,-27.46301,211.0632
27.00659,-8.13966,-12.05905,86.16395,1.147962,2.913742,0.2003556,-0.06890307,-0.03406125,0.02457516,0.9967389,1.255338,2.903828,0.2080193,-0.1070619,-0.1705114,0.9795221,18,-5.7,-8.830752,78.4879,19,0.7,-26.92318,207.2222
27.04834,-3.15032,-10.71347,76.58965,0.5696772,2.919093,0.1960761,-0.06928713,-0.03408369,0.01762762,0.9968585,0.6909255,2.907969,0.2044797,-0.04944627,-0.1753415,0.9832652,18,-5.7,-8.280068,74.56958,19,0.7,-26.3725,203.3039
27.09033,-2.520033,-7.396237,52.98618,-0.003845084,2.922918,0.1917016,-0.06892633,-0.03262174,0.01200884,0.997016,0.130188,2.912224,0.2010195,-0.04921708,-0.1914378,0.98027,18,-5.7,-7.725491,70.62356,19,0.7,-25.81792,199.3578
27.13281,-3.028212,-6.992326,50.11221,-0.5744578,2.923942,0.1867239,-0.06689967,-0.02793986,0.007054871,0.9973435,-0.428067,2.916322,0.1974937,-0.05102817,-0.1944585,0.9795825,18,-5.7,-7.163361,66.62379,19,0.7,-25.25579,195.3581
27.17383,-2.790594,-5.285133,37.9649,-1.136245,2.923057,0.1810902,-0.06108054,-0.02227172,0.005362642,0.99787,-1.029256,2.921906,0.190248,-0.04551727,-0.21209,0.9761896,18,-5.7,-6.620627,62.76205,19,0.7,-24.71306,191.4963
27.21558,-3.420231,-6.979275,50.01945,-1.700614,2.920784,0.1748267,-0.06027468,-0.01489121,0.0005062036,0.9980707,-1.581387,2.922477,0.186093,-0.03616862,-0.1947598,0.9801839,18,-5.7,-6.069514,58.84067,19,0.7,-24.16194,187.575
27.25757,-3.688941,-6.472647,46.41462,-2.252245,2.917991,0.1698922,-0.06522744,-0.01164883,-0.0003728606,0.9978024,-2.122214,2.921834,0.1812398,-0.0331904,-0.1990179,0.9794337,18,-5.7,-5.513024,54.88104,19,0.7,-23.60545,183.6153
27.30029,-4.316474,-6.444139,46.21177,-2.796714,2.911254,0.1646593,-0.06486504,-0.01318607,-7.949397E-05,0.9978069,-2.655868,2.920419,0.1768051,-0.03532666,-0.1992157,0.9793187,18,-5.7,-4.948251,50.86247,19,0.7,-23.04068,179.5968
27.34082,-4.343784,-5.906141,42.38373,-3.316045,2.905372,0.1610935,-0.06830916,-0.0169161,-0.0009558089,0.9975203,-3.2153,2.914523,0.1684604,-0.02615759,-0.204458,0.9785258,18,-5.7,-4.411869,47.04592,19,0.7,-22.5043,175.7802
27.38257,-4.985188,-6.179332,44.32758,-3.805338,2.896541,0.1571928,-0.06595318,-0.01652199,-0.005687913,0.9976698,-3.697898,2.91019,0.164619,-0.02853856,-0.2015101,0.9790706,18,-5.7,-3.861945,43.13301,19,0.7,-21.95437,171.8673
27.42505,-5.715458,-7.245002,51.91022,-4.266968,2.888085,0.1541311,-0.06195844,-0.01309347,-0.01439916,0.9978889,-4.154125,2.90464,0.1614506,-0.02959431,-0.1923818,0.9808738,18,-5.7,-3.299836,39.13339,19,0.7,-21.39227,167.8677
27.4668,-5.438056,-6.840091,49.02913,-4.701489,2.878682,0.1512072,-0.06166195,-0.007410437,-0.01844882,0.9978991,-4.584351,2.898254,0.1585495,-0.01712932,-0.1953972,0.9805746,18,-5.7,-2.746928,35.19925,19,0.7,-20.83936,163.9335
27.50781,-5.270092,-6.195785,44.44464,-5.105812,2.86858,0.1490655,-0.06319132,-0.001676857,-0.02046738,0.9977902,-5.025835,2.884345,0.1533206,-0.005402302,-0.2008294,0.9796113,18,-5.7,-2.206676,31.35515,19,0.7,-20.29911,160.0894
27.54932,-5.365447,-6.183835,44.35962,-5.476584,2.858464,0.1473749,-0.06460835,0.001228064,-0.02145667,0.9976792,-5.39337,2.87676,0.1513234,0.0006187907,-0.2007788,0.9796364,18,-5.7,-1.655522,27.43349,19,0.7,-19.74795,156.1678
27.59131,-5.839483,-6.292869,45.13544,-5.803041,2.849607,0.1471718,-0.06784115,0.004434496,-0.02337711,0.9974124,-5.719416,2.868903,0.1495988,-0.002615275,-0.1995617,0.9798818,18,-5.7,-1.099987,23.48066,19,0.7,-19.19242,152.215
27.63306,-5.949759,-6.697267,48.01288,-6.085989,2.837981,0.147029,-0.07207061,0.007558554,-0.02612558,0.9970287,-6.00455,2.861252,0.1483576,0.001122577,-0.1958326,0.9806367,18,-5.7,-0.5478066,19.55169,19,0.7,-18.64024,148.286
27.6748,-5.752386,-7.022501,50.32705,-6.305478,2.828452,0.146937,-0.06698997,0.0123798,-0.02687856,0.9973148,-6.25753,2.84512,0.1473175,0.009877071,-0.1929409,0.9811606,18,-5.7,0.003725946,15.62733,19,0.7,-18.08871,144.3616
27.71655,-5.639554,-5.902571,42.35832,-6.467901,2.820596,0.1477786,-0.06917762,0.01678556,-0.02507281,0.997148,-6.425698,2.836887,0.1471936,0.01823434,-0.2027081,0.9790694,18,-5.7,0.5550424,11.70451,19,0.7,-17.53739,140.4388
27.75854,-5.590533,-5.280561,37.93249,-6.566438,2.814101,0.1491757,-0.07164953,0.01943082,-0.02529849,0.9969197,-6.532934,2.829383,0.147351,0.02437849,-0.2097915,0.9774422,18,-5.7,1.109091,7.762249,19,0.7,-16.98334,136.4965
27.80005,-5.687989,-5.367848,38.55357,-6.607263,2.807889,0.1511133,-0.07257852,0.02036169,-0.0247568,0.9968475,-6.58475,2.822582,0.1478223,0.02283022,-0.208516,0.9777524,18,-5.7,1.659758,3.84405,19,0.7,-16.43267,132.5783
27.84229,-5.523672,-5.625518,40.38696,-6.588033,2.80401,0.1530309,-0.06877525,0.02055591,-0.02567764,0.9970899,-6.586041,2.81139,0.1496483,0.02583206,-0.2051475,0.9783901,19,0.7,-15.87679,128.623,20,-5.7,-33.96935,257.3583
27.88403,-5.434023,-5.435655,39.03602,-6.503598,2.801065,0.1549438,-0.06407756,0.01933894,-0.02321796,0.9974874,-6.513702,2.807074,0.151179,0.02715255,-0.2072936,0.9779019,19,0.7,-15.3241,124.6904,20,-5.7,-33.41666,253.4257
27.92578,-5.258511,-5.2707,37.8623,-6.35591,2.800059,0.155921,-0.06115529,0.01947004,-0.02312152,0.9976705,-6.380752,2.803671,0.1528184,0.02908828,-0.2092859,0.9774218,19,0.7,-14.77295,120.7688,20,-5.7,-32.86552,249.5041
27.96655,-4.967292,-5.134649,36.89425,-6.151523,2.799695,0.1547285,-0.05842584,0.02274013,-0.01993901,0.9978335,-6.192957,2.801281,0.1542714,0.03259122,-0.2110211,0.976938,19,0.7,-14.23124,116.9144,20,-5.7,-32.3238,245.6496
28.00879,-4.382656,-5.124373,36.82113,-5.888113,2.805061,0.1553949,-0.06742937,0.02504733,-0.01355091,0.9973176,-5.933478,2.799067,0.1553236,0.04130658,-0.211043,0.9766036,19,0.7,-13.67398,112.9492,20,-5.7,-31.76654,241.6845
28.05078,-3.673969,-7.730514,55.36479,-5.564843,2.815035,0.1580771,-0.07571161,0.02141616,-0.01091962,0.99684,-5.627133,2.800269,0.155328,0.03472988,-0.1872514,0.9816979,19,0.7,-13.12038,109.0102,20,-5.7,-31.21294,237.7454
28.09253,-3.134115,-9.896444,70.77613,-5.196194,2.826045,0.1606823,-0.07003222,0.02011403,-0.0158202,0.9972165,-5.276152,2.804254,0.155883,0.02983955,-0.1769264,0.9837716,19,0.7,-12.56737,105.0753,20,-5.7,-30.65993,233.8105
28.13428,-3.31406,-7.917387,56.69446,-4.799866,2.838734,0.1625053,-0.05403765,0.02322283,-0.01490261,0.9981576,-4.896674,2.810879,0.1574385,0.02749141,-0.1863593,0.982097,19,0.7,-12.01505,101.1453,20,-5.7,-30.10761,229.8806
28.17627,-3.456253,-4.145395,29.85534,-4.382057,2.85384,0.1624851,-0.0449985,0.02287894,-0.002034533,0.998723,-4.461492,2.828234,0.1609918,0.03293841,-0.2285028,0.9729859,19,0.7,-11.46049,97.19946,20,-5.7,-29.55305,225.9347
28.21826,-3.067227,-4.662492,33.53468,-3.953321,2.871458,0.1613545,-0.04675147,0.01754761,0.005250325,0.9987386,-4.045051,2.838817,0.1618314,0.02857508,-0.2192117,0.9752588,19,0.7,-10.90509,93.24754,20,-5.7,-28.99765,221.9828
28.26001,-2.696856,-7.507347,53.77681,-3.501769,2.889402,0.1613989,-0.0580184,0.01217952,0.01004757,0.9981906,-3.606968,2.850849,0.1621106,0.01666457,-0.1896629,0.9817079,19,0.7,-10.35157,89.30907,20,-5.7,-28.44413,218.0443
28.30151,-2.35694,-8.338594,59.69145,-3.04004,2.906652,0.1620205,-0.06678848,0.009268701,0.01341234,0.997634,-3.158606,2.864182,0.161875,0.01323323,-0.1849259,0.9826633,19,0.7,-9.803171,85.40699,20,-5.7,-27.89573,214.1422
28.34326,-1.724091,-7.521834,53.87989,-2.579241,2.919809,0.1634358,-0.06606703,0.007714808,0.01565365,0.9976626,-2.669384,2.892154,0.1614039,0.01727295,-0.1902905,0.9815758,19,0.7,-9.251355,81.48061,20,-5.7,-27.34391,210.2159
28.38525,-1.083167,-6.356417,45.58752,-2.12596,2.929551,0.1652635,-0.06205012,0.006540865,0.02227347,0.9978031,-2.225861,2.904914,0.1622388,0.0246409,-0.1997102,0.9795451,19,0.7,-8.697857,77.54227,20,-5.7,-26.79042,206.2775
28.42676,-0.6999387,-6.003469,43.07616,-1.681947,2.936261,0.167483,-0.06145103,0.004663974,0.02859225,0.9976896,-1.790503,2.915717,0.1633455,0.02487404,-0.2034324,0.9787729,19,0.7,-8.147519,73.62642,20,-5.7,-26.24008,202.3616
28.46851,-0.3230513,-5.789937,41.5568,-1.247549,2.938542,0.1703969,-0.06461883,0.0006614923,0.03646284,0.9972435,-1.363923,2.924476,0.1644953,0.02459962,-0.2059536,0.9782525,19,0.7,-7.59485,69.69398,20,-5.7,-25.68741,198.4292
28.51025,-0.1762259,-5.968654,42.82845,-0.8207529,2.937806,0.1739703,-0.06484312,-0.003797143,0.04252429,0.9969818,-0.9057412,2.935062,0.168357,0.01673759,-0.2042819,0.978769,19,0.7,-7.044091,65.77512,20,-5.7,-25.13665,194.5103
28.552,0.0566426,-6.353121,45.56407,-0.4057828,2.935941,0.1789122,-0.06905108,-0.007729827,0.04407049,0.9966092,-0.4984499,2.936801,0.1708192,0.01197935,-0.2004841,0.9796237,19,0.7,-6.490342,61.83499,20,-5.7,-24.5829,190.5702
28.59375,0.6200059,-6.781905,48.61503,-0.003696721,2.931518,0.1832107,-0.06486551,-0.009861588,0.04481915,0.9968383,-0.1032825,2.936944,0.1739089,0.01463798,-0.196691,0.9803562,19,0.7,-5.938785,57.91046,20,-5.7,-24.03134,186.6457
28.63599,0.7802522,-6.465292,46.36221,0.3832472,2.927864,0.1886182,-0.06697024,-0.01088518,0.05321274,0.9962755,0.3140543,2.932982,0.1807907,0.009891666,-0.1994103,0.9798661,19,0.7,-5.382588,53.95291,20,-5.7,-23.47515,182.6881
28.67773,0.8121478,-6.657804,47.73202,0.7553446,2.92245,0.1923566,-0.06052919,-0.0133931,0.06659188,0.9958526,0.6799812,2.930257,0.1845859,0.002724815,-0.1976728,0.9802643,19,0.7,-4.830397,50.02387,20,-5.7,-22.92296,178.7591
28.71948,1.040667,-6.086549,43.66732,1.103266,2.915373,0.1953405,-0.05508887,-0.01879612,0.07162086,0.9957321,1.023456,2.926696,0.1882993,0.0003876058,-0.2029854,0.9791817,19,0.7,-4.279134,46.10143,20,-5.7,-22.37169,174.8367
28.76123,1.320923,-5.854837,42.01861,1.425542,2.90793,0.1970842,-0.05462211,-0.02534795,0.06976913,0.9957441,1.342918,2.922213,0.1915333,-0.000514655,-0.2053685,0.9786846,19,0.7,-3.725616,42.16295,20,-5.7,-21.81818,170.8982
28.80322,0.9091288,-6.794615,48.70538,1.720552,2.902845,0.1996189,-0.0601748,-0.03084749,0.07138956,0.9951538,1.666029,2.911628,0.1964558,-0.01529825,-0.1961798,0.9804486,19,0.7,-3.171809,38.2224,20,-5.7,-21.26437,166.9576
28.84473,0.7990153,-7.224977,51.76757,1.986713,2.89659,0.2020148,-0.0669512,-0.03359196,0.07313343,0.9945052,1.930557,2.906481,0.1981701,-0.02152555,-0.1927328,0.9810151,19,0.7,-2.620543,34.29994,20,-5.7,-20.7131,163.0352
28.88647,1.348348,-6.929648,49.66619,2.222931,2.887979,0.2047346,-0.06826638,-0.034807,0.0758393,0.9941713,2.1665,2.901547,0.1999079,-0.01622018,-0.1949071,0.9806876,19,0.7,-2.06841,30.37131,20,-5.7,-20.16097,159.1065
28.92822,1.451094,-7.119843,51.0195,2.423659,2.877746,0.2078204,-0.06409979,-0.03639013,0.07633975,0.9943537,2.368626,2.896251,0.2017152,-0.01771176,-0.1933475,0.9809705,19,0.7,-1.517838,26.45379,20,-5.7,-19.6104,155.189
28.96973,1.624152,-6.091389,43.70167,2.586882,2.867434,0.2127409,-0.06164858,-0.03515344,0.07158714,0.9949065,2.554779,2.882786,0.206158,-0.02094998,-0.2020236,0.9791566,19,0.7,-0.9679629,22.54122,20,-5.7,-19.06052,151.2764
29.01147,1.631757,-6.62146,47.47333,2.702681,2.856462,0.2190384,-0.05992379,-0.03423771,0.06460531,0.9955215,2.674582,2.874822,0.2092832,-0.02162645,-0.1969371,0.9801776,19,0.7,-0.4185553,18.63199,20,-5.7,-18.51112,147.3672
29.05322,1.366974,-6.792815,48.69259,2.75573,2.847326,0.2233457,-0.04691547,-0.03171808,0.05922899,0.9966368,2.735633,2.866204,0.2137746,-0.02767729,-0.1953265,0.9803476,19,0.7,0.1347629,14.69492,20,-5.7,-17.9578,143.4301
29.09521,1.42777,-6.395622,45.86641,2.750046,2.843595,0.2260417,-0.03800076,-0.029183,0.06453562,0.9967645,2.740968,2.857878,0.2179292,-0.02818297,-0.1985924,0.9796768,19,0.7,0.6898722,10.74512,20,-5.7,-17.40269,139.4803
29.13745,1.774025,-5.754925,41.30761,2.685801,2.84321,0.226965,-0.04009084,-0.02528164,0.06958965,0.9964492,2.692504,2.845661,0.2242998,-0.02187692,-0.2048541,0.978548,19,0.7,1.249587,6.762539,20,-5.7,-16.84297,135.4978
29.17847,1.777242,-6.381927,45.76897,2.561602,2.843511,0.2256298,-0.04393843,-0.02362987,0.06961574,0.9963256,2.580067,2.843091,0.2260822,-0.01727445,-0.1984954,0.9799496,19,0.7,1.789628,2.919947,20,-5.7,-16.30293,131.6552
29.21973,1.697497,-7.032721,50.3996,2.380172,2.846933,0.2245218,-0.05262433,-0.02223387,0.0664275,0.9961545,2.412684,2.842197,0.2265183,-0.01398473,-0.1930934,0.9810807,20,-5.7,-15.7558,127.7621,21,0.7,-33.84827,256.4967
29.26172,1.46775,-8.398958,60.12085,2.140924,2.851017,0.2233977,-0.05605267,-0.02195844,0.06210692,0.9962523,2.189754,2.842775,0.2260771,-0.01184685,-0.1844573,0.9827691,20,-5.7,-15.20138,123.8172,21,0.7,-33.29385,252.5518
29.30322,-1.165128,-12.83442,91.68083,1.850929,2.856511,0.221564,-0.05388942,-0.02273094,0.06169323,0.99638,1.898999,2.847297,0.2244734,-0.03300379,-0.1689082,0.9850791,20,-5.7,-14.65302,119.9154,21,0.7,-32.7455,248.65
29.34521,-0.9476349,-10.63001,75.99561,1.517025,2.864511,0.2183422,-0.0468774,-0.02406505,0.06200474,0.996684,1.57983,2.851139,0.2231783,-0.03282258,-0.1750711,0.9840086,20,-5.7,-14.0978,115.9648,21,0.7,-32.19028,244.6994
29.38696,-0.6288291,-8.774543,62.79329,1.148643,2.874142,0.2139488,-0.04400554,-0.02472064,0.06033099,0.9969015,1.226551,2.855908,0.2214547,-0.02914029,-0.182666,0.9827431,20,-5.7,-13.5459,112.0379,21,0.7,-31.63838,240.7725
29.4292,-0.7798973,-8.391375,60.06689,0.7521871,2.886706,0.2092437,-0.05190639,-0.02178198,0.05693652,0.9967896,0.8452506,2.861816,0.2191583,-0.02667754,-0.1847262,0.9824279,20,-5.7,-12.98769,108.066,21,0.7,-31.08017,236.8006
29.47095,-1.362744,-9.557885,68.36705,0.3323989,2.897365,0.2038773,-0.05900224,-0.01840225,0.05485651,0.9965796,0.4066978,2.877976,0.2123822,-0.02553213,-0.1794431,0.983437,20,-5.7,-12.43435,104.1288,21,0.7,-30.52683,232.8634
29.51294,-1.984731,-9.528919,68.16095,-0.1058925,2.905955,0.1988088,-0.0595739,-0.01539332,0.05079573,0.9968118,-0.01840949,2.886899,0.2086507,-0.02845401,-0.1796654,0.9833162,20,-5.7,-11.87934,100.1797,21,0.7,-29.97182,228.9143
29.55444,-2.577609,-10.60799,75.8389,-0.5604582,2.913947,0.1939483,-0.06002854,-0.01384869,0.04729281,0.9969796,-0.4596799,2.895177,0.2046102,-0.02755588,-0.1756866,0.9840604,20,-5.7,-11.33012,96.27179,21,0.7,-29.4226,225.0064
29.59668,-2.114254,-7.174078,51.40539,-1.024658,2.921454,0.1898017,-0.06300585,-0.01282972,0.04418726,0.9969519,-0.9110433,2.902639,0.2003785,-0.02304958,-0.193037,0.9809207,20,-5.7,-10.77382,92.31352,21,0.7,-28.86631,221.0481
29.63818,-2.497594,-7.281239,52.16787,-1.486013,2.92693,0.1862081,-0.06059358,-0.01208016,0.04069801,0.9972594,-1.401591,2.915591,0.192848,-0.0206882,-0.192476,0.9810836,20,-5.7,-10.22274,88.39233,21,0.7,-28.31522,217.127
29.67969,-2.845247,-6.846775,49.0765,-1.946581,2.929947,0.1819559,-0.05693037,-0.009474814,0.03453488,0.9977357,-1.851934,2.920782,0.1895611,-0.01992079,-0.1958877,0.980424,20,-5.7,-9.673809,84.4865,21,0.7,-27.76629,213.2211
29.72168,-3.081871,-5.907946,42.39639,-2.40399,2.931684,0.1768285,-0.05055651,-0.006614745,0.03034581,0.9982382,-2.299496,2.924877,0.186376,-0.01813933,-0.2047888,0.9786381,20,-5.7,-9.120162,80.5471,21,0.7,-27.21264,209.2817
29.76416,-3.394669,-5.41735,38.90562,-2.857505,2.933216,0.1713876,-0.05074564,-0.001267821,0.02541304,0.9983875,-2.743599,2.927755,0.1829571,-0.01643406,-0.2106444,0.9774246,20,-5.7,-8.558138,76.54809,21,0.7,-26.65062,205.2827
29.80518,-3.85362,-7.722802,55.30976,-3.298974,2.933992,0.1659752,-0.05278548,0.0055525,0.02053805,0.9983792,-3.217105,2.93116,0.17509,-0.0113343,-0.1897133,0.9817741,20,-5.7,-8.015244,72.6852,21,0.7,-26.10773,201.4198
29.84692,-3.93882,-7.898372,56.55901,-3.719873,2.934,0.1615596,-0.05632179,0.0166665,0.01577185,0.998149,-3.630991,2.932161,0.1708809,-0.005361015,-0.1886207,0.9820354,20,-5.7,-7.463979,68.76274,21,0.7,-25.55646,197.4974
29.88867,-3.758387,-7.653506,54.81669,-4.130044,2.931662,0.1571691,-0.05598834,0.02602336,0.01342062,0.9980021,-4.034421,2.932924,0.1669805,0.00495874,-0.1901766,0.9817374,20,-5.7,-6.913079,64.84289,21,0.7,-25.00556,193.5775
29.9314,-3.863296,-6.503548,46.6343,-4.536385,2.927119,0.1525797,-0.05343367,0.03060346,0.007952468,0.9980707,-4.433332,2.932778,0.163161,0.01202027,-0.1989822,0.9799294,20,-5.7,-6.347189,60.81638,21,0.7,-24.43967,189.551
29.97217,-4.107544,-9.318718,66.66528,-4.931121,2.922434,0.1490017,-0.05349559,0.03132072,-0.0003692526,0.9980767,-4.857385,2.928802,0.1558137,0.0110871,-0.1810909,0.9834039,20,-5.7,-5.808246,56.9816,21,0.7,-23.90073,185.7162
30.01367,-5.242455,-9.192191,65.765,-5.304028,2.917861,0.1467177,-0.0564934,0.03151962,-0.01121467,0.9978423,-5.224463,2.925522,0.1524937,-0.0002696186,-0.1816146,0.9833697,20,-5.7,-5.259098,53.0742,21,0.7,-23.35158,181.8088
30.05566,-5.624031,-8.252,59.0752,-5.65245,2.910578,0.145248,-0.05967075,0.036329,-0.015356,0.9974387,-5.5689,2.921869,0.1497219,-0.000919189,-0.186307,0.9824912,20,-5.7,-4.702825,49.11612,21,0.7,-22.79531,177.8507
30.09839,-5.280936,-8.554631,61.22852,-5.976757,2.901433,0.1445036,-0.05738921,0.04281083,-0.01542284,0.9973143,-5.890507,2.917748,0.147655,0.009807777,-0.1845861,0.9827674,20,-5.7,-4.138885,45.10348,21,0.7,-22.23137,173.8381
30.1394,-5.045614,-6.858111,49.15716,-6.277604,2.891112,0.1441147,-0.05357398,0.04742527,-0.01598483,0.997309,-6.219611,2.906383,0.1453822,0.02348525,-0.1953337,0.9804556,20,-5.7,-3.597884,41.25406,21,0.7,-21.69037,169.9887
30.18066,-5.179093,-7.027573,50.36294,-6.539767,2.88094,0.14469,-0.05390229,0.05167507,-0.0149916,0.9970955,-6.481001,2.898939,0.144714,0.02542472,-0.1938528,0.9807011,20,-5.7,-3.05051,37.35929,21,0.7,-21.14299,166.0939
30.22266,-4.683688,-8.693091,62.21364,-6.757423,2.870138,0.1464461,-0.05766407,0.05731109,-0.01971269,0.9964948,-6.700721,2.890938,0.1445249,0.03192872,-0.1833698,0.9825253,20,-5.7,-2.495612,33.41098,21,0.7,-20.5881,162.1456
30.26489,-4.641353,-8.968139,64.17071,-6.923366,2.858699,0.1491813,-0.05872668,0.06409231,-0.02537384,0.9958913,-6.872094,2.882886,0.145002,0.03423934,-0.1818996,0.9827209,20,-5.7,-1.93599,29.42906,21,0.7,-20.02847,158.1637
30.3064,-4.540781,-8.235441,58.95729,-7.049947,2.847652,0.1535001,-0.06112554,0.06754524,-0.03144736,0.9953454,-7.022571,2.865408,0.1476408,0.0414325,-0.1853242,0.9818036,20,-5.7,-1.38905,25.53739,21,0.7,-19.48153,154.272
30.3479,-4.767808,-8.909747,63.75523,-7.131742,2.836227,0.158524,-0.05999169,0.06741038,-0.03187519,0.99541,-7.109432,2.856567,0.1502198,0.03617721,-0.181785,0.9826726,20,-5.7,-0.8391033,21.62431,21,0.7,-18.93159,150.3589
30.39014,-4.714684,-8.645928,61.87807,-7.164154,2.826123,0.1643446,-0.05764012,0.06483141,-0.03446294,0.9956339,-7.14927,2.847645,0.1535373,0.03874712,-0.1829235,0.9823633,20,-5.7,-0.2832888,17.66949,21,0.7,-18.37577,146.4041
30.43286,-5.177242,-8.557478,61.24871,-7.143807,2.818038,0.1704566,-0.05383119,0.06192204,-0.03643054,0.9959622,-7.139147,2.838694,0.1573906,0.03155401,-0.1832885,0.9825526,20,-5.7,0.2834808,13.63671,21,0.7,-17.80901,142.3713
30.47363,-5.278988,-7.563062,54.17308,-7.077764,2.811342,0.1768743,-0.04998975,0.05943164,-0.03676911,0.9963017,-7.086079,2.822934,0.16677,0.03284095,-0.1887485,0.9814762,20,-5.7,0.8228284,9.799054,21,0.7,-17.26966,138.5337
30.51489,-4.975338,-7.845837,56.18512,-6.962563,2.806961,0.1825192,-0.04762069,0.05737537,-0.03786043,0.9964974,-6.981138,2.816617,0.171679,0.03515587,-0.1868819,0.9817532,20,-5.7,1.367088,5.926448,21,0.7,-16.7254,134.6611
30.55688,-4.973265,-8.101687,58.0056,-6.80734,2.803326,0.1867698,-0.04409517,0.05402857,-0.03818049,0.9968344,-6.837146,2.81142,0.176397,0.03165593,-0.1853467,0.9821632,20,-5.7,1.922006,1.978002,21,0.7,-16.17048,130.7126
30.59937,-4.782908,-8.99157,64.33745,-6.599192,2.805356,0.1909627,-0.04004611,0.05110678,-0.03495735,0.9972775,-6.642871,2.807278,0.1806973,0.02850119,-0.1807998,0.9831069,21,0.7,-15.60775,126.7086,22,-5.7,-33.70025,255.4436
30.64038,-5.114511,-8.210674,58.78108,-6.343935,2.812125,0.1968773,-0.04499582,0.04890845,-0.03478424,0.9971828,-6.387753,2.803643,0.1879398,0.02135132,-0.1847018,0.9825627,21,0.7,-15.06627,122.8558,22,-5.7,-33.15877,251.5907
30.6814,-4.274371,-9.355444,66.92661,-6.051338,2.821225,0.2027336,-0.04468998,0.04997003,-0.03580645,0.9971077,-6.108411,2.806054,0.1920449,0.02702746,-0.1792186,0.9834379,21,0.7,-14.52276,118.9884,22,-5.7,-32.61525,247.7234
30.72363,-3.881084,-9.601978,68.68079,-5.733606,2.831406,0.2076745,-0.03799017,0.05109146,-0.03305578,0.9974236,-5.803492,2.810871,0.1961905,0.02761012,-0.1782764,0.983593,21,0.7,-13.96641,115.0298,22,-5.7,-32.05891,243.7648
30.76611,-3.482036,-8.935658,63.93968,-5.389352,2.843661,0.2113356,-0.0293547,0.05023676,-0.0240353,0.9980165,-5.472429,2.817456,0.2005643,0.03069502,-0.1812516,0.9829576,21,0.7,-13.4018,111.0124,22,-5.7,-31.49429,239.7474
30.80737,-3.182611,-8.61612,61.66605,-5.022549,2.858151,0.213045,-0.02964415,0.05085015,-0.01868723,0.9980914,-5.090073,2.834171,0.2084956,0.03049782,-0.1830751,0.9826257,21,0.7,-12.85764,107.1405,22,-5.7,-30.95013,235.8755
30.84912,-2.716468,-10.75066,76.8541,-4.637892,2.873852,0.2141882,-0.03944546,0.05004248,-0.01018007,0.997916,-4.717077,2.844515,0.2101278,0.02569295,-0.1745969,0.9843048,21,0.7,-12.3072,103.224,22,-5.7,-30.3997,231.959
30.89111,-1.901232,-12.21457,87.27032,-4.236277,2.888609,0.2157302,-0.04796495,0.04892492,-0.003889422,0.9976425,-4.327708,2.855878,0.2121398,0.02745309,-0.1705066,0.984974,21,0.7,-11.75187,99.27258,22,-5.7,-29.84437,228.0076
30.93311,-1.000855,-14.20604,101.4405,-3.826714,2.902744,0.2179945,-0.05320803,0.04533058,0.001804436,0.9975525,-3.929888,2.867786,0.2133312,0.02852064,-0.1662516,0.9856708,21,0.7,-11.19562,95.31463,22,-5.7,-29.28811,224.0496
30.97437,-1.695456,-13.92202,99.41957,-3.404482,2.915298,0.2198574,-0.05351475,0.03981352,0.005918303,0.9977555,-3.483807,2.891458,0.2162755,0.01777087,-0.1670757,0.9857839,21,0.7,-10.64925,91.427,22,-5.7,-28.74174,220.162
31.01611,-3.040651,-16.18388,115.5135,-2.97626,2.926401,0.2219785,-0.0535992,0.03453475,0.01016158,0.9979135,-3.066283,2.902678,0.2177156,0.0002193336,-0.1633215,0.9865729,21,0.7,-10.0983,87.50684,22,-5.7,-28.1908,216.2418
31.05835,-3.479864,-10.446,74.6863,-2.543709,2.93552,0.2236713,-0.0556681,0.02820128,0.0147494,0.997942,-2.644648,2.912647,0.2195721,-0.01103905,-0.1765614,0.9842278,21,0.7,-9.540748,83.53961,22,-5.7,-27.63324,212.2746
31.10059,-3.270089,-10.26542,73.40143,-2.107874,2.941856,0.2255883,-0.05793806,0.02333164,0.01903743,0.9978659,-2.219521,2.921441,0.2209188,-0.01412687,-0.1773225,0.9840515,21,0.7,-8.981051,79.55717,22,-5.7,-27.07355,208.2922
31.1416,-2.904804,-11.4486,81.82028,-1.670424,2.94501,0.2271395,-0.05846158,0.01798299,0.02347832,0.9978515,-1.754053,2.935719,0.2241135,-0.01388749,-0.173593,0.9847196,21,0.7,-8.438952,75.69994,22,-5.7,-26.53145,204.4349
31.18335,-2.912058,-10.84085,77.49588,-1.236854,2.946784,0.2293334,-0.05977881,0.01107469,0.02677541,0.9977911,-1.329811,2.94046,0.2254592,-0.02015453,-0.1755453,0.984265,21,0.7,-7.885273,71.7603,22,-5.7,-25.97777,200.4953
31.2251,-2.598062,-11.36359,81.21536,-0.8078734,2.947101,0.2324076,-0.06582812,0.005505949,0.0265714,0.997462,-0.9099745,2.943338,0.2269969,-0.02052144,-0.1739239,0.9845452,21,0.7,-7.334104,67.83853,22,-5.7,-25.4266,196.5735
31.26733,-3.157559,-12.61881,90.14671,-0.3913943,2.944617,0.2355193,-0.06511842,-0.0003169775,0.02618921,0.9975338,-0.5013233,2.945161,0.228678,-0.02909548,-0.1704823,0.9849311,21,0.7,-6.776372,63.87006,22,-5.7,-24.86887,192.6051
31.30884,-3.029287,-9.757108,69.78465,0.01306457,2.94161,0.2401204,-0.06267793,-0.005307496,0.02991506,0.9975713,-0.06626457,2.945082,0.2335541,-0.04187213,-0.1795018,0.9828661,21,0.7,-6.226254,59.95576,22,-5.7,-24.31875,188.6908
31.35059,-2.422573,-9.558057,68.36832,0.4064512,2.936808,0.2435777,-0.05892502,-0.01176956,0.03491686,0.9975822,0.3201758,2.943335,0.2364531,-0.03956443,-0.1803339,0.9828095,21,0.7,-5.674788,56.03189,22,-5.7,-23.76728,184.7669
31.39282,-2.580072,-9.922794,70.96357,0.7844762,2.93312,0.2473796,-0.05517086,-0.01562041,0.0364912,0.9976876,0.6921647,2.940753,0.2394893,-0.04547372,-0.1787626,0.9828408,21,0.7,-5.117879,52.06927,22,-5.7,-23.21037,180.8043
31.43408,-2.155189,-9.337002,66.79544,1.145567,2.927457,0.250063,-0.05381662,-0.01854876,0.03890373,0.9976203,1.048173,2.937706,0.2425684,-0.04728131,-0.1811735,0.9823139,21,0.7,-4.570451,48.17412,22,-5.7,-22.66294,176.9091
31.47583,-2.251242,-9.799552,70.08666,1.47631,2.923223,0.2529507,-0.05303047,-0.01920232,0.03992171,0.9976099,1.409094,2.930586,0.248347,-0.05149356,-0.1790874,0.9824846,21,0.7,-4.018272,44.24516,22,-5.7,-22.11076,172.9801
31.51782,-1.728169,-8.963646,64.13888,1.774126,2.916476,0.2543188,-0.05420011,-0.01914277,0.03941695,0.9975681,1.705242,2.926657,0.2506704,-0.05276011,-0.1827144,0.9817494,21,0.7,-3.463973,40.30112,22,-5.7,-21.55647,169.0361
31.55957,-1.614288,-8.896127,63.65845,2.031142,2.910763,0.255898,-0.05894545,-0.02171886,0.04210556,0.9971364,1.963086,2.922337,0.2525126,-0.05537979,-0.1829565,0.98156,21,0.7,-2.913348,36.38322,22,-5.7,-21.00584,165.1182
31.60107,-1.23745,-8.191982,58.6482,2.25274,2.904378,0.2575206,-0.06343503,-0.02432987,0.04131886,0.9968334,2.187086,2.91777,0.2539928,-0.05751634,-0.1865924,0.9807523,21,0.7,-2.363164,32.46846,22,-5.7,-20.45566,161.2034
31.64307,-2.407727,-10.38309,74.23891,2.434208,2.896936,0.2594714,-0.06625774,-0.02495417,0.04181963,0.9966135,2.394592,2.908114,0.2568727,-0.06375912,-0.1764638,0.98224,21,0.7,-1.809667,28.53012,22,-5.7,-19.90216,157.2651
31.68481,-2.171836,-11.16366,79.79299,2.573123,2.888695,0.2611583,-0.06740397,-0.02507249,0.0437434,0.9964511,2.537264,2.902743,0.258136,-0.05820433,-0.1738604,0.9830487,21,0.7,-1.257722,24.60283,22,-5.7,-19.35021,153.3378
31.72632,-1.482042,-9.749037,69.72741,2.665896,2.880727,0.2631218,-0.06825121,-0.02553216,0.04552887,0.9963017,2.635934,2.896941,0.259707,-0.05822158,-0.1787939,0.9821624,21,0.7,-0.7077966,20.68991,22,-5.7,-18.80029,149.4249
31.76807,-1.580346,-10.05515,71.90554,2.707693,2.87323,0.2649263,-0.06909212,-0.02563935,0.04458666,0.9962835,2.686354,2.890668,0.2611336,-0.05850438,-0.1775113,0.9823782,21,0.7,-0.1562089,16.76516,22,-5.7,-18.2487,145.5001
31.80957,-2.508795,-10.66753,76.26287,2.698908,2.865732,0.2663469,-0.0671916,-0.02403971,0.04480971,0.9964435,2.695275,2.878026,0.264118,-0.06726065,-0.1750713,0.9822556,21,0.7,0.3914496,12.86837,22,-5.7,-17.70104,141.6033
31.85132,-2.491837,-10.45693,74.76437,2.637186,2.859597,0.2668452,-0.06177428,-0.02282631,0.04811496,0.9966685,2.643668,2.871962,0.265305,-0.06770065,-0.175713,0.9821108,21,0.7,0.9443753,8.934094,22,-5.7,-17.14812,137.6691
31.89331,-2.084139,-9.718238,69.50827,2.518285,2.855128,0.2666488,-0.05922954,-0.02319601,0.0517285,0.9966334,2.53749,2.866147,0.2664877,-0.0655293,-0.1784319,0.9817678,21,0.7,1.500154,4.979525,22,-5.7,-16.59234,133.7145
31.93506,-1.331481,-8.845842,63.30086,2.345149,2.851489,0.2656336,-0.06032977,-0.02501997,0.05067148,0.9965776,2.379324,2.861068,0.2669662,-0.05778349,-0.1822964,0.9815443,21,0.7,2.052909,1.046469,22,-5.7,-16.03958,129.7814
31.97681,-1.313775,-8.09796,57.97942,2.118821,2.849456,0.2634469,-0.05747976,-0.02666718,0.04698453,0.9968839,2.157954,2.853429,0.2668176,-0.05899788,-0.1861058,0.9807568,22,-5.7,-15.49001,125.871,23,5.7,-34.11197,258.3729
32.01855,-2.18889,-9.040663,64.6871,1.843418,2.852178,0.2623077,-0.05854779,-0.02796013,0.04721107,0.9967756,1.897291,2.850718,0.2656497,-0.06225417,-0.1811687,0.9814796,22,-5.7,-14.9352,121.9234,23,5.7,-33.55716,254.4252
32.06055,-2.587905,-9.733343,69.61577,1.528799,2.855809,0.2598177,-0.05666633,-0.02932084,0.0494849,0.996735,1.59809,2.849482,0.2644894,-0.05928522,-0.1782075,0.9822054,22,-5.7,-14.38058,117.977,23,5.7,-33.00253,250.4789
32.10254,-2.391836,-8.761301,62.69933,1.186607,2.861893,0.2556129,-0.0476969,-0.03286964,0.05261573,0.9969334,1.244725,2.852818,0.2612585,-0.05716685,-0.1825744,0.9815286,22,-5.7,-13.82697,114.0379,23,5.7,-32.44893,246.5397
32.1438,-2.516312,-7.811392,55.94037,0.8204275,2.870456,0.2502836,-0.04562257,-0.03329071,0.05028567,0.9971367,0.8907925,2.856355,0.2588135,-0.0599879,-0.1878239,0.9803691,22,-5.7,-13.27962,110.1433,23,5.7,-31.90157,242.6451
32.18555,-2.16065,-6.87003,49.24223,0.4320714,2.881844,0.2436251,-0.04861926,-0.03170016,0.04904006,0.997109,0.5151146,2.86144,0.2556216,-0.0534987,-0.1945691,0.9794288,22,-5.7,-12.72739,106.2139,23,5.7,-31.34934,238.7158
32.22778,-2.950033,-7.682503,55.02328,0.02569164,2.893358,0.2361445,-0.05320491,-0.02787855,0.04617725,0.9971257,0.1215329,2.868267,0.251367,-0.05498353,-0.1888674,0.9804621,22,-5.7,-12.17176,102.2604,23,5.7,-30.79371,234.7623
32.26953,-4.248875,-9.06749,64.87785,-0.3963074,2.904127,0.2289071,-0.05703478,-0.02334547,0.04330601,0.9971594,-0.3225809,2.885147,0.2407637,-0.05962471,-0.1815129,0.9815794,22,-5.7,-11.6197,98.33235,23,5.7,-30.24166,230.8342
32.31104,-4.943281,-10.49229,75.01582,-0.8349225,2.914372,0.2223069,-0.06043432,-0.01899603,0.04117276,0.9971417,-0.7489484,2.894121,0.2349677,-0.05512673,-0.1759396,0.9828562,22,-5.7,-11.06953,94.41766,23,5.7,-29.69148,226.9195
32.35303,-5.398068,-10.35336,74.0273,-1.28657,2.922209,0.2160838,-0.06220409,-0.01567131,0.03782143,0.9972235,-1.188101,2.902907,0.2293149,-0.05606019,-0.1765214,0.9826991,22,-5.7,-10.51504,90.47224,23,5.7,-29.13699,222.9741
32.39478,-6.112722,-11.86805,84.80484,-1.740778,2.928301,0.2110329,-0.06052257,-0.01185068,0.03389877,0.9975207,-1.630548,2.910966,0.2240273,-0.0521309,-0.1718906,0.9837357,22,-5.7,-9.961524,86.53379,23,5.7,-28.58348,219.0356
32.43652,-5.424012,-9.638306,68.93941,-2.199101,2.930953,0.2054666,-0.05833924,-0.007386863,0.03283088,0.9977295,-2.117564,2.923058,0.2144612,-0.04727434,-0.1795976,0.9826035,22,-5.7,-9.409046,82.60271,23,5.7,-28.031,215.1046
32.47803,-5.732498,-9.200796,65.82637,-2.661336,2.932665,0.2005815,-0.05657513,-0.001512527,0.0309022,0.9979189,-2.568965,2.92693,0.2100252,-0.04735637,-0.1815456,0.9822416,22,-5.7,-8.860781,78.7016,23,5.7,-27.48273,211.2034
32.51978,-5.810758,-9.437926,67.51364,-3.124012,2.932868,0.1968431,-0.06019305,0.002661914,0.02492799,0.9978719,-3.020936,2.929568,0.205906,-0.04073242,-0.1805701,0.9827183,22,-5.7,-8.308737,74.77361,23,5.7,-26.93069,207.2755
32.56177,-6.331073,-10.11921,72.36125,-3.582659,2.92855,0.1918491,-0.0558202,0.009921908,0.02082084,0.9981744,-3.469534,2.931238,0.2021654,-0.0389932,-0.1778341,0.9832876,22,-5.7,-7.753306,70.82151,23,5.7,-26.37526,203.3234
32.60352,-6.040801,-10.34707,73.98253,-4.039656,2.924491,0.1885098,-0.05432171,0.01718155,0.0201802,0.9981717,-3.957542,2.929585,0.195048,-0.02777627,-0.1770189,0.9838154,22,-5.7,-7.20203,66.89897,23,5.7,-25.82398,199.4008
32.64453,-5.986912,-10.53969,75.35309,-4.481107,2.917715,0.1847878,-0.05609239,0.02326897,0.02279699,0.997894,-4.390416,2.926807,0.1916915,-0.02090337,-0.1763209,0.9841108,22,-5.7,-6.658766,63.03344,23,5.7,-25.28072,195.5353
32.68652,-5.578772,-9.892344,70.747,-4.906974,2.910581,0.1820952,-0.05646072,0.02802092,0.02242091,0.9977597,-4.809128,2.923018,0.1886667,-0.01073168,-0.1786939,0.9838462,22,-5.7,-6.103848,59.085,23,5.7,-24.7258,191.5869
32.72876,-4.317154,-8.820516,63.12054,-5.30995,2.90156,0.1802076,-0.05931588,0.03541657,0.02163471,0.9973763,-5.206696,2.91804,0.185825,0.01389341,-0.1833397,0.9829515,22,-5.7,-5.545919,55.11513,23,5.7,-24.16787,187.617
32.77026,-3.412213,-9.292799,66.48082,-5.687887,2.892595,0.1788136,-0.05589035,0.0405879,0.01825591,0.9974446,-5.617653,2.906087,0.1820046,0.03269848,-0.180864,0.9829644,22,-5.7,-4.998397,51.2193,23,5.7,-23.62035,183.7212
32.81201,-3.369734,-8.895658,63.65501,-6.038346,2.882389,0.1771755,-0.05144937,0.04511109,0.01308691,0.9975705,-5.964245,2.899078,0.1804136,0.04015449,-0.1825436,0.9823775,22,-5.7,-4.446921,47.29535,23,5.7,-23.06887,179.7972
32.85376,-3.796484,-8.141664,58.29026,-6.357738,2.872577,0.175465,-0.04825458,0.04873636,0.01073851,0.9975876,-6.281445,2.891506,0.1789968,0.04197461,-0.1863662,0.9815833,22,-5.7,-3.892943,43.35359,23,5.7,-22.5149,175.8555
32.896,-3.856007,-7.825742,56.04216,-6.63714,2.863298,0.1744734,-0.04946397,0.05191153,0.0120452,0.9973533,-6.561294,2.883913,0.1776949,0.04750615,-0.1880666,0.9810067,22,-5.7,-3.334922,39.38306,23,5.7,-21.95687,171.8849
32.93799,-3.442712,-10.36188,74.08773,-6.873057,2.85383,0.1743246,-0.05483232,0.05320534,0.009272823,0.997034,-6.826616,2.868293,0.1753868,0.04502071,-0.176019,0.9833567,22,-5.7,-2.779811,35.43325,23,5.7,-21.40176,167.9351
32.97925,-3.02165,-11.50723,82.23735,-7.065944,2.843789,0.1746388,-0.05467725,0.05417907,0.004926963,0.997021,-7.021765,2.860749,0.1748837,0.04795913,-0.172264,0.9838826,22,-5.7,-2.23364,31.54703,23,5.7,-20.85559,164.0489
33.021,-2.973744,-10.66365,76.23491,-7.20679,2.834826,0.1758019,-0.05638652,0.05379733,0.003152849,0.9969537,-7.167679,2.853119,0.1748855,0.05420939,-0.1747131,0.983126,22,-5.7,-1.682137,27.62289,23,5.7,-20.30409,160.1248
33.06323,-3.226421,-10.06283,71.95988,-7.292429,2.8272,0.1780317,-0.06124332,0.05200389,0.001682859,0.9967658,-7.2613,2.845347,0.1750031,0.05523621,-0.1767088,0.982712,22,-5.7,-1.123528,23.64818,23,5.7,-19.74548,156.1501
33.10498,-3.687655,-9.60101,68.67387,-7.326056,2.820635,0.1808711,-0.06246704,0.05096421,-0.00568678,0.9967288,-7.315454,2.831393,0.1770247,0.05204099,-0.1783435,0.9825911,22,-5.7,-0.5712184,19.71829,23,5.7,-19.19317,152.2202
33.14624,-3.318565,-10.53983,75.35393,-7.309863,2.815481,0.1831231,-0.06496396,0.05059925,-0.008817427,0.996565,-7.307595,2.825429,0.1788565,0.05217281,-0.1748051,0.9832198,22,-5.7,-0.02601892,15.83899,23,5.7,-18.64797,148.3409
33.18823,-2.749193,-12.00242,85.76068,-7.251356,2.81195,0.1833177,-0.07071237,0.04966348,-0.0119193,0.9961883,-7.258313,2.82021,0.1808161,0.05184625,-0.1704318,0.9840046,22,-5.7,0.5267367,11.90593,23,5.7,-18.09521,144.4078
33.23071,-0.3330522,-18.8306,134.3458,-7.139082,2.811821,0.1823086,-0.07646575,0.04920707,-0.009540119,0.9958116,-7.157856,2.815979,0.1823331,0.05015664,-0.1590844,0.9859901,22,-5.7,1.08884,7.90636,23,5.7,-17.53311,140.4082
33.27197,-1.524887,-14.53886,103.8084,-6.969311,2.812151,0.1812173,-0.08109552,0.05147946,-0.006436542,0.9953552,-6.995466,2.811448,0.1826522,0.0519965,-0.1649104,0.9849371,22,-5.7,1.634498,4.023802,23,5.7,-16.98745,136.5257
33.31348,-0.5288492,-15.97501,114.0271,-6.746173,2.816108,0.1819755,-0.08807162,0.05443635,-0.0003034696,0.9946255,-6.785877,2.810942,0.1822404,0.05414811,-0.1625729,0.9852096,22,-5.7,2.183275,0.1190519,23,5.7,-16.43868,132.6209
33.35498,1.075818,-16.97931,121.1732,-6.463892,2.822427,0.1838792,-0.09243266,0.05611987,0.003566307,0.9941299,-6.519629,2.811822,0.1818721,0.06183486,-0.1611205,0.9849958,23,5.7,-15.88821,128.7042,24,-0.7,-33.98079,257.4397
33.39722,1.813257,-18.09497,129.1115,-6.138847,2.831419,0.1864024,-0.08872345,0.05523967,0.004341975,0.9945139,-6.211428,2.814382,0.1821094,0.06132257,-0.1597839,0.9852455,23,5.7,-15.33173,124.7446,24,-0.7,-33.4243,253.4801
33.43872,0.05858804,-12.76148,91.16167,-5.772428,2.840745,0.1885789,-0.07793332,0.05427098,0.003179373,0.9954753,-5.836303,2.824726,0.1849858,0.06373531,-0.1685174,0.983636,23,5.7,-14.78319,120.8416,24,-0.7,-32.87577,249.5771
33.48022,-0.6474749,-9.273531,66.34364,-5.363542,2.852331,0.1889524,-0.06835064,0.05323127,0.009132277,0.9961984,-5.443006,2.831717,0.1864587,0.07112255,-0.179533,0.9811776,23,5.7,-14.23479,116.9395,24,-0.7,-32.32737,245.675
33.52197,-1.320746,-7.117624,51.00357,-4.924981,2.866428,0.1891014,-0.06849879,0.05278754,0.01268035,0.996173,-5.020417,2.839607,0.187724,0.07126509,-0.1918017,0.9788429,23,5.7,-13.68006,112.9923,24,-0.7,-31.77263,241.7279
33.5647,0.442699,-11.01085,78.70535,-4.458967,2.880037,0.1885806,-0.07159948,0.05222768,0.0178907,0.9959046,-4.570868,2.848691,0.1886945,0.06275748,-0.1734873,0.9828345,23,5.7,-13.11666,108.9836,24,-0.7,-31.20924,237.7191
33.60571,3.672567,-16.26192,116.0687,-3.959936,2.894233,0.1885366,-0.07642987,0.05101812,0.02432325,0.9954718,-4.049067,2.869707,0.1884825,0.065603,-0.1625423,0.9845183,23,5.7,-12.57561,105.1338,24,-0.7,-30.66819,233.8694
33.64722,6.307268,-19.9131,142.0482,-3.44317,2.907234,0.1894697,-0.07892771,0.04869583,0.02916285,0.9952632,-3.547807,2.880829,0.1885297,0.06842998,-0.1582726,0.9850214,23,5.7,-12.02493,101.2155,24,-0.7,-30.1175,229.951
33.68945,4.686412,-15.60612,111.4024,-2.908623,2.918463,0.190018,-0.07682174,0.04557782,0.03143212,0.9955064,-3.028878,2.891883,0.1888611,0.06827381,-0.1636917,0.9841462,23,5.7,-11.46705,97.24601,24,-0.7,-29.55963,225.9816
33.73193,2.150411,-9.335007,66.78107,-2.358108,2.928663,0.190551,-0.07413989,0.04201505,0.03407668,0.9957796,-2.494043,2.902274,0.1891351,0.06843555,-0.1803151,0.9812253,23,5.7,-10.90586,93.25289,24,-0.7,-28.99843,221.9884
33.77295,2.247886,-8.13656,58.25369,-1.800975,2.937522,0.1911333,-0.0735522,0.03794634,0.03676292,0.9958909,-1.904044,2.920497,0.1901338,0.07007167,-0.1866088,0.9799322,23,5.7,-10.36273,89.38831,24,-0.7,-28.4553,218.1239
33.8147,2.597167,-7.902375,56.58737,-1.234096,2.944516,0.1912254,-0.07396683,0.03547904,0.03877534,0.9958748,-1.351397,2.928455,0.190737,0.06859573,-0.1881567,0.9797407,23,5.7,-9.811896,85.46896,24,-0.7,-27.90447,214.2045
33.85669,2.990945,-8.044942,57.60179,-0.6597223,2.94944,0.1912661,-0.07364225,0.03326291,0.04371069,0.995771,-0.7913349,2.93547,0.1908422,0.06457287,-0.1874628,0.9801469,23,5.7,-9.255876,81.51266,24,-0.7,-27.34845,210.2482
33.89941,3.747842,-8.907356,63.73827,-0.08382104,2.953182,0.1919002,-0.07592887,0.03191426,0.04601653,0.9955395,-0.229324,2.941216,0.1911533,0.06140963,-0.1829485,0.9812027,23,5.7,-8.689332,77.4815,24,-0.7,-26.78191,206.217
33.94019,3.898382,-8.508617,60.90109,0.494374,2.954511,0.1922934,-0.0783675,0.02756932,0.0475714,0.9954072,0.386406,2.949547,0.1916863,0.05675371,-0.1851646,0.9810674,23,5.7,-8.152413,73.66113,24,-0.7,-26.24499,202.3967
33.9812,4.793662,-8.809734,63.04365,1.068012,2.955603,0.193901,-0.07990269,0.02383634,0.04737993,0.9953907,0.9477293,2.952137,0.1920038,0.06003802,-0.183612,0.9811636,23,5.7,-7.608887,69.79373,24,-0.7,-25.70146,198.5293
34.02344,5.219847,-9.309394,66.59892,1.622324,2.953958,0.196252,-0.08302549,0.02104017,0.0439817,0.9953541,1.491315,2.953327,0.1926572,0.05512981,-0.1813158,0.9818785,23,5.7,-7.05023,65.81868,24,-0.7,-25.14281,194.5542
34.06592,6.003995,-10.34639,73.97751,2.165215,2.951633,0.1984936,-0.08088285,0.01895747,0.04652791,0.9954566,2.024356,2.953808,0.1938026,0.05300641,-0.1771508,0.9827553,23,5.7,-6.488454,61.82144,24,-0.7,-24.58103,190.557
34.10693,5.419394,-8.484975,60.73286,2.69171,2.948918,0.2006097,-0.07353134,0.01582095,0.05206886,0.9958071,2.590844,2.95226,0.1969172,0.04586451,-0.1854532,0.9815822,23,5.7,-5.94558,57.95869,24,-0.7,-24.03816,186.6942
34.14868,5.544201,-7.911747,56.65413,3.194045,2.946068,0.2032439,-0.0698478,0.01233888,0.04842593,0.9963052,3.085232,2.950275,0.1988246,0.04273247,-0.1887626,0.9810926,23,5.7,-5.394365,54.03659,24,-0.7,-23.48694,182.7721
34.19067,5.680756,-7.599236,54.4305,3.670251,2.944566,0.2070037,-0.07612094,0.00819242,0.04746268,0.9959347,3.555062,2.947893,0.2006985,0.03844845,-0.1907711,0.9808813,23,5.7,-4.839809,50.09072,24,-0.7,-22.93238,178.8263
34.23291,6.648263,-10.19789,72.9209,4.121849,2.940932,0.2106499,-0.07728037,0.004190505,0.05181989,0.995653,4.001342,2.945956,0.2028989,0.03579641,-0.1777547,0.9834235,23,5.7,-4.281353,46.1171,24,-0.7,-22.37393,174.8526
34.27417,6.457022,-8.968475,64.17316,4.544277,2.936032,0.2144697,-0.07225429,-0.0008206964,0.05488404,0.9958747,4.461463,2.9423,0.2082719,0.03065608,-0.1829754,0.9826394,23,5.7,-3.734501,42.22605,24,-0.7,-21.82708,170.9616
34.31567,6.328252,-6.354829,45.57609,4.938432,2.929534,0.2182079,-0.06761065,-0.005965531,0.05599299,0.9961215,4.851141,2.939277,0.2113999,0.03188198,-0.2006044,0.9791535,23,5.7,-3.187392,38.33316,24,-0.7,-21.27997,167.0687
34.35742,6.328555,-5.833166,41.86427,5.30855,2.922109,0.2209822,-0.06245789,-0.009473652,0.05853483,0.9962846,5.217557,2.93527,0.2144949,0.02609364,-0.2059418,0.9782163,23,5.7,-2.633846,34.39448,24,-0.7,-20.72642,163.13
34.39966,6.528216,-6.203671,44.50055,5.64969,2.915267,0.2236443,-0.06112529,-0.01151058,0.0600827,0.9962536,5.556539,2.930269,0.2171968,0.02148489,-0.2019623,0.9791576,23,5.7,-2.078116,30.44025,24,-0.7,-20.17069,159.1758
34.44092,6.329758,-9.186916,65.72749,5.956086,2.907554,0.226024,-0.06017948,-0.0122619,0.05998674,0.996308,5.894591,2.919254,0.2223599,0.00653246,-0.1817311,0.9833266,23,5.7,-1.531817,26.55313,24,-0.7,-19.62439,155.2887
34.48242,6.282702,-9.1568,65.51321,6.220738,2.89925,0.2276371,-0.06103178,-0.01303247,0.05913166,0.9962975,6.159411,2.913448,0.2242557,0.001856874,-0.1817934,0.983335,23,5.7,-0.9816625,22.63858,24,-0.7,-19.07424,151.3741
34.52441,6.373426,-8.951361,64.05144,6.437472,2.890388,0.2288193,-0.05899377,-0.01523655,0.05963569,0.9963589,6.379068,2.907335,0.2258849,-8.695314E-05,-0.1826723,0.9831738,23,5.7,-0.4265401,18.68868,24,-0.7,-18.51912,147.4242
34.56641,6.718525,-8.748992,62.61151,6.608933,2.881102,0.2295629,-0.05822372,-0.01806408,0.05867934,0.9964138,6.555632,2.900832,0.2274524,0.002566725,-0.1835696,0.9830034,23,5.7,0.1271822,14.74874,24,-0.7,-17.96539,143.4843
34.60815,6.67156,-8.533393,61.07744,6.731183,2.871983,0.2290536,-0.05930362,-0.02011937,0.05750371,0.9963793,6.703048,2.886787,0.2294279,-0.0005086383,-0.1844629,0.9828393,23,5.7,0.6784732,10.8261,24,-0.7,-17.4141,139.5617
34.64966,6.333963,-9.302552,66.55029,6.803267,2.863115,0.2284895,-0.061588,-0.02058637,0.05538784,0.9963511,6.78154,2.879522,0.2295284,-0.006637505,-0.1806577,0.9835237,23,5.7,1.229671,6.904128,24,-0.7,-16.86291,135.6397
34.69165,6.790533,-8.944169,64.00026,6.818151,2.854039,0.2269804,-0.060208,-0.02125776,0.05636612,0.9963664,6.805765,2.871936,0.2294458,-0.0002348911,-0.182189,0.9832635,23,5.7,1.784434,2.95678,24,-0.7,-16.30814,131.6924
34.7334,5.866555,-10.21765,73.06152,6.77739,2.848017,0.2254037,-0.06148588,-0.02143165,0.05757162,0.9962157,6.776879,2.864666,0.2288502,-0.01230106,-0.1767787,0.9841738,24,-0.7,-15.75719,127.7721,25,5.7,-33.84982,256.5078
34.77539,2.790486,-11.04695,78.96246,6.68224,2.842417,0.2223927,-0.05516601,-0.02145377,0.05752163,0.9965881,6.695474,2.851953,0.2268714,-0.04878293,-0.1736315,0.9836017,24,-0.7,-15.20263,123.8263,25,5.7,-33.29526,252.5619
34.81714,2.32533,-13.08364,93.45431,6.524456,2.839831,0.2180974,-0.05255359,-0.02139818,0.05850398,0.9966732,6.55105,2.846669,0.2254349,-0.04463422,-0.1682641,0.9847309,24,-0.7,-14.65114,119.9022,25,5.7,-32.74377,248.6378
34.85913,2.913627,-11.3388,81.03909,6.30887,2.841446,0.2131445,-0.05292484,-0.02135345,0.05939823,0.9966017,6.350855,2.84273,0.2229413,-0.04185467,-0.1726865,0.9840872,24,-0.7,-14.09338,115.9335,25,5.7,-32.18601,244.6692
34.90039,2.580291,-11.94987,85.38711,6.042384,2.845895,0.2089953,-0.05855972,-0.02073133,0.05825094,0.9963674,6.101258,2.840257,0.2196997,-0.04069834,-0.1709569,0.9844376,24,-0.7,-13.54886,112.059,25,5.7,-31.64149,240.7947
34.94214,3.894281,-10.72018,76.63737,5.722879,2.853339,0.2049029,-0.06101115,-0.0192849,0.05756002,0.9962894,5.779879,2.841862,0.2128705,-0.024286,-0.1746753,0.9843266,24,-0.7,-12.99565,108.1228,25,5.7,-31.08828,236.8584
34.98413,3.144413,-11.99866,85.73428,5.367826,2.861089,0.1998336,-0.05761751,-0.02057031,0.06196289,0.9962017,5.439804,2.845933,0.2092649,-0.02643423,-0.1709535,0.9849244,24,-0.7,-12.44166,104.1809,25,5.7,-30.53429,232.9165
35.02588,1.784056,-11.58495,82.79054,4.987865,2.870909,0.1946975,-0.05650299,-0.02073434,0.06092112,0.9963263,5.074311,2.851233,0.2056159,-0.03921559,-0.1720606,0.9843055,24,-0.7,-11.89043,100.2587,25,5.7,-29.98306,228.9943
35.06738,1.701929,-10.57824,75.62747,4.586946,2.881363,0.1891718,-0.0606655,-0.01893184,0.0584705,0.9962643,4.68767,2.8576,0.2019681,-0.03894225,-0.1752402,0.9837552,24,-0.7,-11.34117,96.35049,25,5.7,-29.43379,225.0861
35.10938,1.791968,-10.82471,77.38113,4.170642,2.890946,0.1840559,-0.06574178,-0.01484343,0.05468326,0.9962267,4.250484,2.872476,0.1935269,-0.03134583,-0.1746376,0.9841337,24,-0.7,-10.78699,92.40733,25,5.7,-28.87962,221.143
35.15112,2.349081,-10.5355,75.32333,3.746156,2.899465,0.1805444,-0.06875588,-0.01022243,0.05070979,0.9962915,3.837645,2.880364,0.1894579,-0.01949998,-0.1757458,0.9842424,24,-0.7,-10.23286,88.4645,25,5.7,-28.32549,217.2001
35.19312,2.207702,-11.01355,78.72485,3.309195,2.906366,0.1771796,-0.06944438,-0.004958302,0.04745491,0.9964442,3.412699,2.887893,0.1857944,-0.0151061,-0.1742714,0.9845818,24,-0.7,-9.678906,84.52289,25,5.7,-27.77153,213.2585
35.23486,1.714408,-11.34194,81.06143,2.864268,2.911984,0.1742599,-0.06805821,0.0009868443,0.04411282,0.9967052,2.979496,2.894979,0.1823452,-0.01540305,-0.1733412,0.9847414,24,-0.7,-9.127312,80.59809,25,5.7,-27.21994,209.3337
35.27637,2.16739,-7.952996,56.94786,2.411834,2.917134,0.1719889,-0.06824998,0.00449726,0.03914322,0.9968899,2.499915,2.906381,0.1765692,-0.00575289,-0.1878736,0.9821764,24,-0.7,-8.576978,76.68226,25,5.7,-26.66961,205.4179
35.31812,1.708897,-8.587097,61.45972,1.954175,2.9207,0.1701245,-0.06713253,0.005496204,0.03088381,0.9972509,2.053555,2.911056,0.1743773,-0.005527312,-0.1843965,0.9828364,24,-0.7,-8.024693,72.75255,25,5.7,-26.11732,201.4882
35.36011,1.279243,-8.504769,60.87393,1.497535,2.921201,0.1673874,-0.06135902,0.006919116,0.02180505,0.9978536,1.60759,2.915023,0.1725897,-0.005315901,-0.1848848,0.9827458,24,-0.7,-7.471253,68.81462,25,5.7,-25.56388,197.5502
35.40137,0.5751132,-7.963137,57.02002,1.049015,2.920644,0.1644409,-0.0559929,0.01104847,0.01466901,0.9982623,1.168573,2.9179,0.1708837,-0.01025255,-0.1879796,0.9821194,24,-0.7,-6.923985,64.9206,25,5.7,-25.01661,193.6562
35.44336,-0.1206819,-7.218604,51.72239,0.6040907,2.918614,0.1615104,-0.05629044,0.01755354,0.01049872,0.9982049,0.6925312,2.919815,0.1668302,-0.01547525,-0.1929317,0.9810902,24,-0.7,-6.37027,60.98072,25,5.7,-24.4629,189.7164
35.48535,-0.1459459,-6.468277,46.38354,0.162996,2.915295,0.1584138,-0.05632015,0.02242616,0.009228717,0.9981182,0.2605414,2.919381,0.1646219,-0.008618519,-0.1990412,0.9799532,24,-0.7,-5.81533,57.03212,25,5.7,-23.90796,185.7677
35.5271,-0.3142429,-8.171679,58.50386,-0.2684687,2.9104,0.1557542,-0.05878435,0.02394524,0.00644036,0.9979627,-0.162567,2.918035,0.1620557,-0.002554039,-0.1867376,0.9824066,24,-0.7,-5.262527,53.09872,25,5.7,-23.35515,181.8344
35.56885,-1.0716,-8.685892,62.16268,-0.6807902,2.903852,0.1540805,-0.06148297,0.02529413,0.00298606,0.9977831,-0.6068617,2.912174,0.1574219,-0.007367166,-0.183856,0.9829256,24,-0.7,-4.710763,49.17271,25,5.7,-22.80339,177.9083
35.61035,-1.331528,-8.531721,61.06569,-1.077825,2.893667,0.1519878,-0.05966056,0.02716151,-0.003195829,0.997844,-0.9973705,2.90773,0.1556865,-0.00539174,-0.1845793,0.9828029,24,-0.7,-4.162302,45.27021,25,5.7,-22.25493,174.0058
35.65234,-1.42322,-8.564835,61.30131,-1.448953,2.882444,0.1484823,-0.049193,0.02860114,-0.008915979,0.99834,-1.363842,2.901874,0.1541436,-0.0009544256,-0.1843135,0.9828671,24,-0.7,-3.605903,41.31123,25,5.7,-21.69853,170.0469
35.69434,-1.588768,-6.566258,47.0807,-1.785742,2.874998,0.1464306,-0.05192041,0.03330359,-0.01230546,0.9980199,-1.69836,2.89427,0.1521411,0.002289235,-0.1976181,0.9802764,24,-0.7,-3.050678,37.3606,25,5.7,-21.1433,166.0962
35.73633,-1.298903,-10.45786,74.77087,-2.090503,2.865231,0.1436941,-0.05561175,0.03939528,-0.0120776,0.9976019,-2.034087,2.878858,0.1477691,0.009697845,-0.175925,0.9843558,24,-0.7,-2.497488,33.42445,25,5.7,-20.59011,162.1601
35.77759,-0.7442374,-11.07489,79.1613,-2.357092,2.855301,0.1418318,-0.05516075,0.04316765,-0.01078954,0.9974856,-2.300141,2.871509,0.1455685,0.01938769,-0.1737822,0.9845932,24,-0.7,-1.952042,29.5434,25,5.7,-20.04467,158.279
35.81958,-1.307123,-7.428909,53.21878,-2.578187,2.845445,0.1408246,-0.05316694,0.04572776,-0.01289451,0.9974548,-2.523128,2.864008,0.1438851,0.02248638,-0.1903367,0.9814613,24,-0.7,-1.397135,25.59503,25,5.7,-19.48976,154.3307
35.86133,-1.241036,-7.277878,52.14414,-2.757787,2.836284,0.140044,-0.05018797,0.04684672,-0.01541018,0.9975215,-2.706535,2.856195,0.1425093,0.02765085,-0.1912083,0.9811599,24,-0.7,-0.8450543,21.66677,25,5.7,-18.93768,150.4024
35.90308,-1.269874,-7.483644,53.60825,-2.884502,2.829705,0.1405224,-0.05025867,0.04632732,-0.01908259,0.9974787,-2.857785,2.840841,0.1404575,0.02914741,-0.1895144,0.9814452,24,-0.7,-0.2923668,17.7342,25,5.7,-18.38499,146.4698
35.94458,-0.7071964,-10.27481,73.46832,-2.953618,2.825872,0.142266,-0.05456984,0.04552537,-0.01823953,0.9973049,-2.93359,2.8344,0.1403835,0.02987495,-0.1759064,0.9839535,24,-0.7,0.2566847,13.82749,25,5.7,-17.83594,142.5631
35.98633,-0.05558706,-10.84191,77.50343,-2.964778,2.823577,0.1438327,-0.05389417,0.04430252,-0.01646424,0.9974275,-2.954104,2.829579,0.1409582,0.03686994,-0.1739051,0.984072,24,-0.7,0.8087077,9.899645,25,5.7,-17.28392,138.6353
36.02856,0.07975031,-10.60931,75.84842,-2.922099,2.822127,0.1453501,-0.04978688,0.04253241,-0.01653566,0.9977168,-2.922748,2.826231,0.1418493,0.03901977,-0.1746052,0.9838651,24,-0.7,1.365897,5.935036,25,5.7,-16.72673,134.6707
36.07031,-0.9478101,-6.87258,49.2603,-2.826385,2.822166,0.1463802,-0.04868231,0.04132116,-0.01826841,0.9977921,-2.839181,2.822049,0.1444854,0.03775255,-0.1935088,0.9803719,24,-0.7,1.918235,2.004949,25,5.7,-16.17439,130.7406
36.11206,-0.8012159,-6.565328,47.07409,-2.684605,2.823582,0.1465322,-0.04933428,0.04001203,-0.01849255,0.9978092,-2.708104,2.821203,0.1455172,0.03981305,-0.195977,0.9798,25,5.7,-15.62232,126.8124,26,-5.7,-33.76818,255.9269
36.15356,-0.67202,-6.760583,48.46331,-2.496332,2.829556,0.148122,-0.05469289,0.03783938,-0.01598464,0.997658,-2.532091,2.82129,0.1462073,0.03773488,-0.1943855,0.9801991,25,5.7,-15.07153,122.8933,26,-5.7,-33.2174,252.0079
36.19556,0.5854006,-11.87843,84.87865,-2.264678,2.839084,0.1513714,-0.0619275,0.03299221,-0.01248304,0.9974572,-2.314083,2.822851,0.1468197,0.03369667,-0.1708525,0.9847202,25,5.7,-14.51739,118.9504,26,-5.7,-32.66325,248.065
36.23755,0.3729461,-11.59177,82.83901,-1.982013,2.851938,0.1545409,-0.05735181,0.02613556,-0.008045975,0.9979795,-2.028738,2.833284,0.149644,0.02860084,-0.1717831,0.9847195,25,5.7,-13.96414,115.0138,26,-5.7,-32.11001,244.1284
36.27905,-0.02879537,-9.123392,65.27557,-1.660152,2.86557,0.157186,-0.04784879,0.02228728,-0.005658539,0.9985899,-1.720749,2.841308,0.1519903,0.02554465,-0.1806397,0.9832176,25,5.7,-13.41379,111.0979,26,-5.7,-31.55966,240.2125
36.32104,0.241792,-6.075192,43.58649,-1.304224,2.882472,0.160148,-0.04787507,0.01971132,0.0001174798,0.9986588,-1.379331,2.850828,0.1543988,0.03653689,-0.2011749,0.9788737,25,5.7,-12.85816,107.1444,26,-5.7,-31.00403,236.259
36.36328,0.3896694,-5.504122,39.52312,-0.9268218,2.898285,0.1627308,-0.05456851,0.01659811,0.002662923,0.9983686,-1.015866,2.861819,0.1567007,0.03490271,-0.2077458,0.97756,25,5.7,-12.29978,103.1713,26,-5.7,-30.44565,232.2859
36.40479,1.073687,-6.350839,45.54782,-0.5290325,2.911152,0.1654085,-0.05607233,0.01507467,0.004778069,0.9983015,-0.5994955,2.886894,0.1612027,0.03610089,-0.199315,0.9792703,25,5.7,-11.75239,99.27636,26,-5.7,-29.89825,228.3909
36.44629,1.543657,-6.069496,43.54596,-0.112375,2.922829,0.1692342,-0.05826424,0.01489842,0.01055783,0.9981342,-0.195171,2.898668,0.1633258,0.03922106,-0.2022863,0.9785407,25,5.7,-11.20131,95.35523,26,-5.7,-29.34717,224.4698
36.48804,2.032737,-6.060894,43.48476,0.3205544,2.931393,0.1729188,-0.05629431,0.01521575,0.01871776,0.9981228,0.2251208,2.909446,0.1656384,0.04082694,-0.2026048,0.9784091,25,5.7,-10.65116,91.44074,26,-5.7,-28.79702,220.5553
36.53052,2.435837,-5.732426,41.14759,0.7629966,2.939293,0.1775348,-0.0554981,0.01543757,0.02329111,0.9980677,0.6551491,2.918741,0.1683886,0.04247795,-0.206372,0.9775512,25,5.7,-10.09039,87.45068,26,-5.7,-28.23626,216.5653
36.57153,2.79502,-5.740362,41.20406,1.213478,2.943946,0.181444,-0.05524544,0.01346889,0.0314236,0.9978874,1.132092,2.933202,0.1747928,0.03962275,-0.206666,0.9776089,25,5.7,-9.548044,83.59166,26,-5.7,-27.69391,212.7063
36.61279,3.129126,-6.052855,43.42756,1.668609,2.946484,0.185001,-0.05335253,0.009458572,0.03758322,0.9978234,1.57601,2.938627,0.1780738,0.03513713,-0.2034201,0.9784609,25,5.7,-9.000388,79.69489,26,-5.7,-27.14625,208.8095
36.65479,3.447089,-5.894842,42.30324,2.127637,2.94801,0.1885208,-0.0568325,0.004343837,0.03976584,0.9975821,2.023977,2.942212,0.1812013,0.03304753,-0.2052143,0.978159,25,5.7,-8.447651,75.76196,26,-5.7,-26.59352,204.8766
36.69702,3.873114,-6.298326,45.17412,2.589779,2.948035,0.1916239,-0.05728561,-0.001153678,0.0389393,0.9975975,2.475103,2.944794,0.1842244,0.03042404,-0.2011523,0.9790874,25,5.7,-7.888771,71.78532,26,-5.7,-26.03464,200.8999
36.73828,3.963825,-6.269894,44.97181,3.040929,2.948622,0.195071,-0.05784667,-0.004071027,0.03449427,0.9977211,2.957695,2.947057,0.1898261,0.02200067,-0.2015439,0.9792324,25,5.7,-7.340778,67.88614,26,-5.7,-25.48664,197.0007
36.77979,4.13549,-6.071167,43.5578,3.479949,2.945955,0.1983073,-0.05964108,-0.007022083,0.0365163,0.9975271,3.388398,2.947217,0.1924611,0.01686456,-0.2035777,0.9789135,25,5.7,-6.79202,63.98152,26,-5.7,-24.93789,193.0961
36.82178,4.324276,-6.002671,43.07043,3.911672,2.943742,0.2014613,-0.06188324,-0.00993824,0.04806996,0.9968756,3.811984,2.946589,0.1950364,0.01169549,-0.2043098,0.9788364,25,5.7,-6.237169,60.03355,26,-5.7,-24.38303,189.1482
36.8645,4.893806,-5.888737,42.25974,4.327374,2.938935,0.2041149,-0.06275277,-0.01466906,0.05300606,0.9965126,4.220654,2.945515,0.1977102,0.01566014,-0.2055193,0.9785278,25,5.7,-5.67429,56.02846,26,-5.7,-23.82015,185.1431
36.90576,5.117205,-6.207531,44.52808,4.723853,2.934465,0.207101,-0.06309773,-0.02135012,0.05109705,0.9964697,4.649135,2.94083,0.2024766,0.01034124,-0.202119,0.9793064,25,5.7,-5.128902,52.14782,26,-5.7,-23.27477,181.2624
36.94678,5.189191,-6.799289,48.73866,5.103198,2.929739,0.2104029,-0.06569581,-0.02507204,0.04989403,0.9962761,5.022803,2.937475,0.2048339,0.003361253,-0.1966977,0.9804584,25,5.7,-4.584248,48.2724,26,-5.7,-22.73011,177.387
36.98877,5.347234,-6.541348,46.90331,5.455331,2.923036,0.2129239,-0.06308264,-0.02586618,0.05286896,0.9962713,5.37107,2.933911,0.2074149,-0.0005002933,-0.1988615,0.9800275,25,5.7,-4.031175,44.33709,26,-5.7,-22.17704,173.4517
37.03149,5.584912,-6.24663,44.80629,5.766055,2.915977,0.2151406,-0.06073996,-0.02690145,0.05140477,0.996466,5.680977,2.929739,0.2097454,-0.002109918,-0.2015414,0.9794778,25,5.7,-3.46424,40.30313,26,-5.7,-21.6101,169.4177
37.07275,5.534925,-7.954852,56.96092,6.032373,2.9086,0.2172438,-0.06047302,-0.03224123,0.05121315,0.9963337,5.978986,2.919579,0.2140411,-0.007685257,-0.1882004,0.9821005,25,5.7,-2.919749,36.42889,26,-5.7,-21.06561,165.5435
37.11426,5.469621,-7.676191,54.97816,6.257106,2.90128,0.2189503,-0.06208085,-0.03688118,0.05068462,0.9961008,6.20538,2.913939,0.2157705,-0.01318998,-0.1898491,0.9817247,25,5.7,-2.369904,32.51653,26,-5.7,-20.51577,161.6311
37.15625,5.580232,-7.571039,54.22997,6.440396,2.89344,0.2207806,-0.06408337,-0.03995609,0.05288971,0.9957407,6.391935,2.908123,0.2172718,-0.01475135,-0.1904407,0.9815879,25,5.7,-1.815599,28.57245,26,-5.7,-19.96146,157.687
37.19873,5.861811,-6.727656,48.22899,6.58141,2.885653,0.223441,-0.06674047,-0.03894797,0.05384142,0.9955551,6.537963,2.902157,0.2187737,-0.0138072,-0.1966426,0.980378,25,5.7,-1.253038,24.56962,26,-5.7,-19.3989,153.6842
37.23999,6.374615,-7.641502,54.73135,6.674476,2.876948,0.2256818,-0.0671013,-0.03573927,0.05666963,0.9954942,6.653072,2.889835,0.2221717,-0.005015668,-0.1896926,0.9818307,25,5.7,-0.7097462,20.7039,26,-5.7,-18.85561,149.8185
37.28149,6.588213,-7.740794,55.43784,6.713778,2.868133,0.2281744,-0.06669775,-0.03126347,0.05881798,0.9955473,6.69942,2.883338,0.2239,-0.001977866,-0.188951,0.9819845,25,5.7,-0.1596397,16.78968,26,-5.7,-18.30551,145.9043
37.32349,6.441122,-7.742995,55.4535,6.699033,2.860314,0.230727,-0.06361014,-0.02815968,0.05850228,0.9958606,6.694458,2.876391,0.2258279,-0.004504594,-0.1888229,0.9820008,25,5.7,0.3940634,12.84988,26,-5.7,-17.7518,141.9645
37.36597,6.543253,-7.469939,53.51061,6.629734,2.854408,0.2322272,-0.05879408,-0.02580258,0.05681952,0.9963177,6.637245,2.869488,0.2277832,-0.001731744,-0.1904944,0.9816868,25,5.7,0.9575684,8.840336,26,-5.7,-17.1883,137.9549
37.40698,5.829202,-8.281617,59.28601,6.500994,2.850667,0.2319384,-0.04888764,-0.02648658,0.0542633,0.9969774,6.51996,2.857802,0.2312012,-0.01149347,-0.1853475,0.9826059,25,5.7,1.498163,4.993805,26,-5.7,-16.6477,134.1084
37.448,5.709071,-7.923779,56.73985,6.322413,2.8495,0.2305707,-0.04882452,-0.02735251,0.05271601,0.9970401,6.354019,2.853467,0.2320057,-0.01121066,-0.1873326,0.9822326,25,5.7,2.041155,1.130214,26,-5.7,-16.10471,130.2448
37.48999,5.789572,-7.331558,52.52599,6.090757,2.85215,0.2300204,-0.05963074,-0.02696523,0.05070598,0.9965671,6.136789,2.850443,0.2318521,-0.006517217,-0.1911133,0.9815464,26,-5.7,-15.55012,126.2987,27,0.7,-33.64265,255.0338
37.53223,6.465956,-9.02854,64.60078,5.814476,2.856322,0.2306413,-0.06398852,-0.02367857,0.04624956,0.9965972,5.87613,2.849384,0.2312411,0.009010596,-0.1814561,0.9833578,26,-5.7,-14.98947,122.3094,27,0.7,-33.082,251.0446
37.573,6.033353,-9.875896,70.63004,5.492435,2.860833,0.230515,-0.05868187,-0.01991776,0.04937591,0.996856,5.549305,2.852344,0.230865,0.00676588,-0.1779124,0.9840231,26,-5.7,-14.45321,118.4937,27,0.7,-32.54574,247.2289
37.6145,4.8104,-7.747458,55.48527,5.122599,2.867591,0.2289944,-0.04752223,-0.01811215,0.05071523,0.9974175,5.195115,2.855631,0.2307931,-0.006837727,-0.1884527,0.9820585,26,-5.7,-13.90222,114.5733,27,0.7,-31.99475,243.3084
37.65674,4.633473,-7.592978,54.38623,4.710656,2.877392,0.2267104,-0.04507197,-0.01776624,0.04931742,0.9976075,4.800179,2.85963,0.2303734,-0.003022489,-0.1895113,0.9818739,26,-5.7,-13.34387,110.6004,27,0.7,-31.43641,239.3356
37.69922,4.396791,-8.27207,59.21823,4.260417,2.888103,0.223324,-0.05079375,-0.01783562,0.04504007,0.9975336,4.368234,2.864897,0.22946,0.0004756685,-0.1855206,0.9826403,26,-5.7,-12.7843,106.6189,27,0.7,-30.87684,235.354
37.74048,4.386499,-10.1494,72.57613,3.776601,2.897629,0.2191128,-0.05556032,-0.01924905,0.04033738,0.9974545,3.865292,2.879536,0.22569,0.007089682,-0.1772257,0.9841447,26,-5.7,-12.23759,102.7288,27,0.7,-30.33012,231.4639
37.78223,2.967957,-9.69174,69.31971,3.274244,2.906949,0.2153486,-0.0581115,-0.01997757,0.03666068,0.9974367,3.378377,2.887522,0.2229302,-0.005843652,-0.1791058,0.9838125,26,-5.7,-11.68441,98.79279,27,0.7,-29.77695,227.5279
37.82446,-4.079625,-8.580604,61.41356,2.745667,2.915624,0.2120056,-0.05902435,-0.01835501,0.03175537,0.9975825,2.866246,2.895254,0.2199657,-0.1108738,-0.183184,0.9768063,26,-5.7,-11.12672,94.82459,27,0.7,-29.21926,223.5597
37.8667,-5.369688,-9.380022,67.10172,2.200391,2.923426,0.2086344,-0.05501705,-0.01398212,0.02862928,0.997977,2.337065,2.902873,0.216897,-0.1126082,-0.1794732,0.9772967,26,-5.7,-10.56802,90.84922,27,0.7,-28.66056,219.5844
37.90796,-5.445567,-9.206705,65.86852,1.639235,2.929786,0.2046721,-0.05096457,-0.009795994,0.025863,0.9983175,1.744972,2.916596,0.2110108,-0.1070762,-0.1805313,0.9777235,26,-5.7,-10.02296,86.97089,27,0.7,-28.11549,215.706
37.94995,-5.493004,-8.903469,63.71088,1.059834,2.934061,0.2004783,-0.04972626,-0.005148321,0.02340243,0.9984754,1.181368,2.922463,0.208069,-0.1027799,-0.1821098,0.9778917,26,-5.7,-9.469495,83.03281,27,0.7,-27.56203,211.7679
37.99194,-5.545653,-8.593349,61.50426,0.4678288,2.937829,0.1968754,-0.0519851,-0.001410365,0.02013578,0.9984439,0.6052487,2.927446,0.2051295,-0.09813975,-0.1838183,0.9780488,26,-5.7,-8.913343,79.07558,27,0.7,-27.00588,207.8107
38.03369,-7.118447,-10.43347,74.59724,-0.1321334,2.939335,0.1930112,-0.05743291,0.0007272363,0.01591922,0.9982222,0.02094615,2.931457,0.2020102,-0.09403508,-0.1760335,0.9798824,26,-5.7,-8.360312,75.14056,27,0.7,-26.45285,203.8757
38.07544,-9.90386,-13.74006,98.12489,-0.734988,2.938864,0.1908012,-0.0580425,0.004531264,0.01029732,0.9982507,-0.6194863,2.937035,0.1957254,-0.0930559,-0.1671521,0.9815298,26,-5.7,-7.807817,71.20936,27,0.7,-25.90035,199.9445
38.11719,-7.213639,-9.457559,67.6533,-1.336807,2.93631,0.1888763,-0.05589877,0.008754253,0.004687821,0.9983871,-1.207624,2.93801,0.193452,-0.08723118,-0.1800329,0.9797851,26,-5.7,-7.255305,67.27803,27,0.7,-25.34784,196.0132
38.15894,-3.294673,-8.220301,58.84974,-1.930094,2.93242,0.1870398,-0.05464608,0.01160124,0.006068185,0.9984199,-1.788441,2.937644,0.1914014,-0.02521769,-0.186809,0.9820725,26,-5.7,-6.705419,63.36539,27,0.7,-24.79795,192.1005
38.2002,-3.485356,-7.666922,54.91225,-2.505082,2.926903,0.1862566,-0.06001006,0.01537326,0.007850694,0.9980485,-2.352904,2.935952,0.1894904,-0.02031229,-0.1901793,0.9815392,26,-5.7,-6.159817,59.48322,27,0.7,-24.25235,188.2184
38.24219,-3.838369,-9.860102,70.51753,-3.058255,2.920691,0.1854077,-0.05989422,0.01628923,0.0108212,0.9980132,-2.949421,2.929767,0.1870571,-0.01243465,-0.1789056,0.9837877,26,-5.7,-5.60569,55.5404,27,0.7,-23.69823,184.2755
38.28369,-4.033435,-10.29984,73.64642,-3.587763,2.913176,0.1850348,-0.06133104,0.01876968,0.009852568,0.9978924,-3.471057,2.925307,0.1859889,-0.00753417,-0.1771774,0.9841501,26,-5.7,-5.055077,51.62259,27,0.7,-23.14761,180.3577
38.32568,-4.088845,-8.515304,60.9488,-4.081751,2.904411,0.1845411,-0.0565176,0.02188116,0.005635506,0.9981459,-3.959271,2.920308,0.1854488,-0.002095616,-0.1849518,0.9827453,26,-5.7,-4.499835,47.67184,27,0.7,-22.59237,176.407
38.36719,-4.457315,-7.960638,57.00215,-4.55319,2.895718,0.1837113,-0.04979736,0.02776119,-0.001870665,0.9983717,-4.425455,2.914527,0.1851853,-0.0005507119,-0.1879942,0.98217,26,-5.7,-3.951063,43.76712,27,0.7,-22.0436,172.5023
38.40894,-4.701939,-6.050699,43.41223,-5.000495,2.887537,0.1829722,-0.04739216,0.03203505,-0.006098846,0.9983439,-4.91153,2.901249,0.184276,0.004747763,-0.2027822,0.9792123,26,-5.7,-3.398747,39.83719,27,0.7,-21.49128,168.5723
38.45093,-5.015769,-9.394587,67.20523,-5.422312,2.880806,0.1826327,-0.04644596,0.03429699,-0.01074776,0.998274,-5.327905,2.894467,0.1837718,0.00458086,-0.1803513,0.9835916,26,-5.7,-2.845815,35.90288,27,0.7,-20.93835,164.638
38.49292,-5.372988,-8.751775,62.63139,-5.81336,2.873341,0.1827729,-0.05078781,0.03473932,-0.01398825,0.9980071,-5.715183,2.88808,0.1832666,0.005386849,-0.1832339,0.9830546,26,-5.7,-2.289034,31.94117,27,0.7,-20.38157,160.6763
38.53442,-5.685735,-9.2372,66.08537,-6.163381,2.865095,0.1828443,-0.05079972,0.03578988,-0.01176966,0.997998,-6.064264,2.882252,0.1829076,0.005648994,-0.180864,0.9834919,26,-5.7,-1.740595,28.03883,27,0.7,-19.83313,156.774
38.57593,-5.903979,-8.462184,60.57084,-6.465109,2.856611,0.1830719,-0.04891722,0.03906125,-0.01131286,0.9979747,-6.401548,2.870187,0.182901,0.008097952,-0.1844339,0.9828116,26,-5.7,-1.190562,24.12514,27,0.7,-19.28309,152.8603
38.61792,-5.486198,-8.047089,57.61729,-6.717949,2.849063,0.1833651,-0.04885133,0.04473251,-0.0147614,0.9976947,-6.656584,2.863648,0.1830384,0.02001582,-0.186594,0.9822332,26,-5.7,-0.6355923,20.17632,27,0.7,-18.72812,148.9115
38.65967,-5.38605,-7.990933,57.21779,-6.910522,2.842786,0.1842997,-0.0574305,0.05254686,-0.02100685,0.9967444,-6.85491,2.857205,0.1831965,0.02529218,-0.1867931,0.9820737,26,-5.7,-0.08450729,16.25515,27,0.7,-18.17704,144.9903
38.70142,-4.627127,-11.29263,80.71056,-7.055036,2.836237,0.1849591,-0.06005718,0.05611983,-0.02449377,0.9963151,-7.006721,2.851047,0.1835113,0.02909243,-0.1729175,0.9845065,26,-5.7,0.4684619,12.32057,27,0.7,-17.62407,141.0557
38.74341,-4.237431,-11.38959,81.4005,-7.145715,2.83288,0.1858281,-0.05708357,0.0575892,-0.02704466,0.9963401,-7.122641,2.840241,0.1845887,0.03497074,-0.1724753,0.9843928,26,-5.7,1.021078,8.388501,27,0.7,-17.07146,137.1236
38.78516,-4.557683,-11.66962,83.39302,-7.187929,2.830321,0.1854395,-0.05060281,0.05801028,-0.02657687,0.9966785,-7.172312,2.835932,0.1852347,0.03094122,-0.171657,0.9846708,26,-5.7,1.573518,4.45769,27,0.7,-16.51902,133.1928
38.8269,-4.422188,-11.75678,84.01318,-7.176068,2.830432,0.1848612,-0.05157846,0.05828777,-0.02572303,0.9966346,-7.170165,2.832643,0.1856226,0.03227902,-0.1713741,0.9846771,26,-5.7,2.127397,0.5166383,27,0.7,-15.96514,129.2518
38.86865,-4.514942,-10.33555,73.90059,-7.117524,2.830258,0.1827334,-0.05587266,0.05886203,-0.02469891,0.9963953,-7.124295,2.82938,0.1850908,0.03482516,-0.1757027,0.9838271,27,0.7,-15.41279,125.3216,28,-5.7,-33.50531,254.0565
38.91016,-3.603418,-12.51308,89.39459,-7.009706,2.831064,0.1803186,-0.05678763,0.06098357,-0.02281217,0.9962609,-7.026134,2.829141,0.184155,0.03778468,-0.1693687,0.9848282,27,0.7,-14.86523,121.4255,28,-5.7,-32.95776,250.1604
38.95239,-2.564157,-14.72913,105.1626,-6.855029,2.833959,0.1780974,-0.05928364,0.0618414,-0.01900005,0.9961426,-6.882773,2.829341,0.182726,0.0405406,-0.1648285,0.9854887,27,0.7,-14.30831,117.4629,28,-5.7,-32.40084,246.1978
38.99414,-1.750666,-16.53087,117.9827,-6.649062,2.840772,0.1780041,-0.06647144,0.06227773,-0.01268011,0.9957621,-6.690433,2.83022,0.1809771,0.04134241,-0.1620388,0.985918,27,0.7,-13.75441,113.5216,28,-5.7,-31.84693,242.2565
39.03589,-3.408124,-9.805159,70.12669,-6.397765,2.85051,0.1794874,-0.06940302,0.06101852,-0.008189334,0.9956872,-6.438211,2.836551,0.178705,0.0425899,-0.1776876,0.9831649,27,0.7,-13.20279,109.5966,28,-5.7,-31.29531,238.3315
39.07715,-2.644867,-10.59676,75.75925,-6.114064,2.860355,0.1805951,-0.06278173,0.05848125,-0.00476181,0.9963011,-6.166636,2.842521,0.1788659,0.04582852,-0.1748843,0.9835219,27,0.7,-12.65577,105.7044,28,-5.7,-30.74829,234.4393
39.11914,-2.917466,-9.025195,64.577,-5.795648,2.87171,0.180849,-0.05052565,0.05320829,-0.001438613,0.9973034,-5.861122,2.849691,0.1795584,0.04490753,-0.1811596,0.9824278,27,0.7,-12.10328,101.7732,28,-5.7,-30.19581,230.5081
39.16089,-3.374241,-7.277636,52.14242,-5.449672,2.885414,0.1802417,-0.04786365,0.04590514,0.004098305,0.9977901,-5.528639,2.857613,0.1802824,0.04066043,-0.1912846,0.9806921,27,0.7,-11.54961,97.83369,28,-5.7,-29.64214,226.5686
39.20264,-5.956344,-10.93675,78.17845,-5.077352,2.89938,0.1794134,-0.0548345,0.03777662,0.005830383,0.9977636,-5.141025,2.876534,0.1806233,-0.01029236,-0.1743756,0.9846255,27,0.7,-10.9968,93.90025,28,-5.7,-29.08933,222.6351
39.24365,-6.546778,-12.5662,89.77259,-4.675701,2.911968,0.1787656,-0.06013472,0.03158417,0.009944797,0.9976409,-4.752341,2.887518,0.1801429,-0.01973356,-0.1699459,0.9852558,27,0.7,-10.45545,90.04835,28,-5.7,-28.54798,218.7832
39.2854,-5.41072,-15.05819,107.5039,-4.257793,2.923175,0.1786089,-0.06246728,0.02660653,0.01370309,0.9975982,-4.347598,2.898137,0.1795937,-0.009769423,-0.1650076,0.9862439,27,0.7,-9.904211,86.12605,28,-5.7,-27.99674,214.8609
39.32764,-4.409544,-8.205355,58.74353,-3.823748,2.93284,0.1786241,-0.0625938,0.02119863,0.01875164,0.9976377,-3.926757,2.908205,0.1791794,-0.008098848,-0.1864332,0.9824343,27,0.7,-9.345453,82.15028,28,-5.7,-27.43798,210.8851
39.36914,-3.853148,-8.352505,59.79056,-3.380448,2.940432,0.1785627,-0.06342977,0.01675656,0.02304377,0.9975796,-3.458569,2.925852,0.1788412,-0.00650362,-0.1858951,0.9825481,27,0.7,-8.795213,78.23511,28,-5.7,-26.88774,206.97
39.41089,-3.482409,-8.07394,57.80848,-2.930646,2.946176,0.1785858,-0.06434812,0.01321894,0.02818364,0.9974419,-3.020058,2.932969,0.1788006,-0.007880094,-0.1875968,0.9822145,27,0.7,-8.245491,74.32364,28,-5.7,-26.33802,203.0585
39.45288,-3.33798,-8.284636,59.30765,-2.481604,2.949385,0.1783346,-0.06488968,0.01068053,0.03154097,0.9973366,-2.58153,2.938863,0.1787755,-0.01256782,-0.1864697,0.9823803,27,0.7,-7.689478,70.3674,28,-5.7,-25.782,199.1023
39.49487,-3.137838,-8.490948,60.77564,-2.03878,2.949288,0.1779557,-0.06620257,0.007109134,0.03408783,0.9971984,-2.147916,2.943515,0.1786976,-0.0160508,-0.1854009,0.9825319,27,0.7,-7.134346,66.41743,28,-5.7,-25.22687,195.1523
39.53687,-3.34109,-9.913698,70.89903,-1.603402,2.948664,0.1787008,-0.07012453,0.003907889,0.03333262,0.9969736,-1.681787,2.94794,0.1783992,-0.02307799,-0.1788828,0.9835997,27,0.7,-6.579587,62.47011,28,-5.7,-24.67211,191.205
39.57837,-3.128798,-11.1291,79.54691,-1.180581,2.945929,0.1804442,-0.07262201,0.002208411,0.02882478,0.9969404,-1.266944,2.948087,0.178591,-0.02309173,-0.174593,0.9843699,27,0.7,-6.029463,58.55578,28,-5.7,-24.12199,187.2906
39.62012,-0.8346885,-8.532129,61.06866,-0.7722192,2.942197,0.1822186,-0.0696164,0.001869291,0.02935467,0.9971402,-0.8655832,2.9471,0.1793916,0.0004986125,-0.1852627,0.9826889,27,0.7,-5.477129,54.62572,28,-5.7,-23.56965,183.3606
39.6626,-0.374575,-6.571367,47.11711,-0.3806463,2.93751,0.1839481,-0.06181169,0.0006070137,0.03699133,0.997402,-0.4799439,2.945323,0.1804119,0.002200143,-0.198712,0.9800555,27,0.7,-4.918247,50.64907,28,-5.7,-23.01077,179.3839
39.70386,0.1167456,-5.334123,38.31366,-0.0078179,2.933688,0.1852061,-0.05788472,-0.002672732,0.04421348,0.9973402,-0.07661408,2.939512,0.1829084,0.004955587,-0.2120438,0.9772476,27,0.7,-4.370415,46.75104,28,-5.7,-22.46294,175.4859
39.74536,0.5636384,-6.285347,45.08197,0.3529051,2.930536,0.1864467,-0.05700646,-0.005013138,0.04560568,0.997319,0.2782352,2.936266,0.1840729,0.00622661,-0.201187,0.979533,27,0.7,-3.821307,42.84394,28,-5.7,-21.91383,171.5788
39.7876,0.571677,-7.293467,52.25499,0.6949715,2.925478,0.1871726,-0.05698667,-0.005042791,0.04917,0.9971507,0.6155461,2.933152,0.185248,-0.0008267149,-0.1927204,0.9812534,27,0.7,-3.265656,38.89027,28,-5.7,-21.35818,167.6251
39.82935,0.805793,-7.76988,55.64486,1.014671,2.91988,0.1876545,-0.05584285,-0.006476819,0.05397651,0.9969585,0.9318663,2.929954,0.1862649,-0.002232123,-0.1894397,0.9818898,27,0.7,-2.711972,34.9506,28,-5.7,-20.8045,163.6855
39.87134,0.769973,-6.804837,48.77821,1.302283,2.913252,0.1879354,-0.06018393,-0.01019841,0.05374485,0.9966872,1.247786,2.922192,0.1875221,-0.009641681,-0.1962795,0.9805006,27,0.7,-2.15845,31.01209,28,-5.7,-20.25098,159.747
39.91284,0.8320912,-7.075128,50.70144,1.55973,2.907275,0.1889617,-0.0625631,-0.01315621,0.052165,0.99659,1.503995,2.917566,0.1878607,-0.01304747,-0.1940447,0.980906,27,0.7,-1.608892,27.10179,28,-5.7,-19.70142,155.8367
39.95459,0.7048849,-7.580296,54.2959,1.77487,2.89981,0.1899658,-0.06298995,-0.01319718,0.05237076,0.9965518,1.720324,2.912687,0.1883184,-0.01842067,-0.190349,0.9815437,27,0.7,-1.057788,23.18048,28,-5.7,-19.15032,151.9153
39.99658,0.12234,-8.813087,63.06766,1.960671,2.892241,0.1913019,-0.06331585,-0.0127925,0.05315237,0.9964951,1.908281,2.907622,0.1890064,-0.02791116,-0.1831743,0.9826842,27,0.7,-0.5013553,19.22125,28,-5.7,-18.59388,147.9561
40.03809,-2.075798,-10.14731,72.56116,2.09299,2.884286,0.1920104,-0.06064457,-0.01186356,0.05150369,0.9967592,2.064643,2.896091,0.1906469,-0.0562155,-0.1770926,0.9825874,27,0.7,0.04744357,15.31635,28,-5.7,-18.04508,144.0512
40.07959,-1.805961,-9.754568,69.76665,2.17896,2.877104,0.1924462,-0.05908738,-0.01153356,0.05139856,0.9968621,2.156163,2.889703,0.1915159,-0.05594193,-0.1785267,0.9823435,27,0.7,0.5972959,11.40394,28,-5.7,-17.49523,140.1388
40.12158,-1.519998,-9.229056,66.02744,2.212029,2.871709,0.1923299,-0.05864393,-0.01025346,0.05227184,0.9968567,2.197183,2.883662,0.1921347,-0.05544436,-0.1806697,0.9819798,27,0.7,1.150118,7.470409,28,-5.7,-16.94241,136.2053
40.16382,-1.307346,-8.786327,62.87726,2.194856,2.867602,0.1920134,-0.06168991,-0.009983748,0.05296104,0.9966393,2.189992,2.878055,0.192439,-0.05476855,-0.182665,0.9816486,27,0.7,1.709414,3.490816,28,-5.7,-16.38311,132.2257
40.20459,-2.780552,-10.88944,77.84159,2.124808,2.864643,0.1910038,-0.06349213,-0.01075703,0.05841435,0.9962133,2.133117,2.869376,0.1927456,-0.0621894,-0.1741373,0.9827557,28,-5.7,-15.84192,128.3749,29,5.7,-34.54926,261.4845
40.24585,-1.662077,-8.495673,60.80904,1.997223,2.862974,0.1892688,-0.06628457,-0.01205629,0.05548439,0.9961841,2.017041,2.866309,0.1921566,-0.05954982,-0.1839039,0.9811387,28,-5.7,-15.29706,124.498,29,5.7,-34.00439,257.6076
40.28784,-2.162217,-9.089091,65.03143,1.82457,2.861845,0.1866854,-0.06684741,-0.01591286,0.06041943,0.9958051,1.856965,2.864041,0.1911777,-0.06084579,-0.1809567,0.9816071,28,-5.7,-14.74367,120.5604,29,5.7,-33.451,253.67
40.33008,-1.821912,-7.84005,56.14403,1.603044,2.863761,0.1846656,-0.06971075,-0.01916066,0.05901811,0.9956356,1.650039,2.862309,0.1899885,-0.06083236,-0.187517,0.9803759,28,-5.7,-14.18456,116.5821,29,5.7,-32.89189,249.6917
40.37183,-3.067216,-8.819928,63.11622,1.33119,2.867356,0.1823911,-0.07268872,-0.02227834,0.05637929,0.9955107,1.377152,2.861848,0.1864289,-0.06927115,-0.1820755,0.9808415,28,-5.7,-13.63372,112.6627,29,5.7,-32.34105,245.7724
40.41357,-3.158715,-9.739681,69.66061,1.025351,2.873109,0.1804292,-0.07187697,-0.02552229,0.05705564,0.9954532,1.084401,2.863637,0.1846081,-0.05998416,-0.1781708,0.9821696,28,-5.7,-13.08113,108.7308,29,5.7,-31.78847,241.8405
40.45557,-3.937419,-10.12426,72.39702,0.6871449,2.879849,0.1777084,-0.06888706,-0.02757254,0.05621845,0.9956575,0.759779,2.866565,0.1830221,-0.06388713,-0.1766897,0.982191,28,-5.7,-12.52509,104.7744,29,5.7,-31.23242,237.884
40.49805,-4.403145,-9.944319,71.11668,0.3276685,2.887878,0.1740667,-0.06772623,-0.02952242,0.05372629,0.9958189,0.4137247,2.87067,0.1812083,-0.06667454,-0.1773836,0.9818806,28,-5.7,-11.96387,100.7811,29,5.7,-30.6712,233.8907
40.53931,-5.041584,-9.088367,65.02627,-0.04498725,2.897462,0.1705406,-0.07162639,-0.02858999,0.05169425,0.9956807,0.02311549,2.881675,0.1767163,-0.07657632,-0.1809825,0.9805006,28,-5.7,-11.41722,96.89149,29,5.7,-30.12455,230.0011
40.58105,-5.98792,-9.802834,70.10995,-0.435953,2.905735,0.1666634,-0.07753067,-0.02582743,0.04649185,0.9955704,-0.3563173,2.888401,0.1740726,-0.07898365,-0.1779956,0.9808564,28,-5.7,-10.86654,92.97322,29,5.7,-29.57388,226.0828
40.62305,-7.671924,-12.03904,86.02143,-0.8359865,2.912141,0.1633359,-0.08010089,-0.02125931,0.04435648,0.9955724,-0.7452965,2.895425,0.1710395,-0.07923879,-0.1708464,0.9821063,28,-5.7,-10.3097,89.01108,29,5.7,-29.01703,222.1207
40.66553,-9.849916,-14.15905,101.1061,-1.24279,2.917779,0.1603636,-0.07877506,-0.01763254,0.04352884,0.9957855,-1.141253,2.902059,0.1680456,-0.08476445,-0.1660617,0.9824655,28,-5.7,-9.750335,85.031,29,5.7,-28.45767,218.1406
40.70654,-7.459924,-9.734424,69.62325,-1.655303,2.921599,0.1567136,-0.07135302,-0.01568842,0.03883004,0.9965716,-1.578801,2.912798,0.1626421,-0.08301142,-0.1785142,0.9804294,28,-5.7,-9.207589,81.16916,29,5.7,-27.91492,214.2788
40.74829,-7.089615,-8.738608,62.53765,-2.067161,2.925974,0.1533652,-0.06862064,-0.01494592,0.03404647,0.9969497,-1.981093,2.916773,0.159954,-0.0802437,-0.1830806,0.9798176,28,-5.7,-8.656026,77.24458,29,5.7,-27.36336,210.3542
40.79004,-7.240905,-8.37674,59.96282,-2.475792,2.930107,0.1493906,-0.06455588,-0.01491776,0.02777879,0.9974159,-2.38075,2.920408,0.1572751,-0.07960031,-0.1850264,0.9795045,28,-5.7,-8.101571,73.29944,29,5.7,-26.8089,206.4091
40.83301,-7.726574,-8.468052,60.61255,-2.87603,2.933138,0.1449261,-0.06300579,-0.01256093,0.0209729,0.9977137,-2.773001,2.923706,0.1545153,-0.08025743,-0.1845685,0.9795372,28,-5.7,-7.534988,69.26799,29,5.7,-26.24232,202.3776
40.87354,-7.696597,-8.456965,60.53367,-3.268752,2.934501,0.1404568,-0.06384017,-0.007407188,0.01598806,0.9978046,-3.194384,2.929837,0.1481328,-0.07307068,-0.1848073,0.9800546,28,-5.7,-6.997694,65.44495,29,5.7,-25.70503,198.5546
40.91479,-7.455042,-7.724045,55.31866,-3.653433,2.933748,0.1368729,-0.06318299,-0.001176149,0.01141594,0.9979361,-3.571811,2.931802,0.1446404,-0.06894005,-0.1891763,0.9795201,28,-5.7,-6.452573,61.56621,29,5.7,-25.15991,194.6758
40.95654,-6.214267,-6.84736,49.08073,-4.031977,2.931079,0.1338655,-0.06485473,0.006637186,0.006743668,0.9978499,-3.943192,2.932652,0.1412054,-0.0454589,-0.1957615,0.9795974,28,-5.7,-5.900513,57.6381,29,5.7,-24.60785,190.7477
40.99927,-4.058695,-5.94242,42.64174,-4.403394,2.925749,0.1315582,-0.06483731,0.01280743,0.004869482,0.9978018,-4.30759,2.932496,0.1381481,0.005732154,-0.2043923,0.9788722,28,-5.7,-5.336586,53.62554,29,5.7,-24.04392,186.7352
41.04028,-3.674991,-6.456043,46.29636,-4.758699,2.919131,0.1296576,-0.06190325,0.0207172,0.003652258,0.9978605,-4.690502,2.928218,0.1335351,0.02155255,-0.1991652,0.9797289,28,-5.7,-4.793468,49.76106,29,5.7,-23.5008,182.8707
41.08179,-3.809533,-6.216392,44.59116,-5.098655,2.911912,0.1279741,-0.06095993,0.02577659,0.002182398,0.997805,-5.025079,2.923925,0.1317046,0.0267709,-0.2013039,0.979163,28,-5.7,-4.246092,45.86628,29,5.7,-22.95343,178.9759
41.12402,-4.09875,-6.210125,44.54657,-5.41907,2.903401,0.1268214,-0.06201386,0.02759567,-0.002993565,0.9976892,-5.341332,2.91876,0.1301172,0.02739269,-0.2012457,0.9791577,28,-5.7,-3.687463,41.89143,29,5.7,-22.3948,175.001
41.16626,-4.516584,-6.125739,43.94613,-5.710972,2.894427,0.1266279,-0.06290806,0.02941951,-0.009269892,0.9975426,-5.631179,2.91291,0.1287105,0.02490504,-0.2019637,0.9790763,28,-5.7,-3.128006,37.91068,29,5.7,-21.83534,171.0203
41.20728,-4.316823,-6.652833,47.6966,-5.969323,2.884473,0.1272084,-0.05779559,0.03357228,-0.01583283,0.9976381,-5.917153,2.899734,0.1271068,0.03296559,-0.1967754,0.9798942,28,-5.7,-2.587308,34.06342,29,5.7,-21.29464,167.173
41.24854,-4.528678,-6.180573,44.3363,-6.192426,2.873946,0.1279592,-0.04815591,0.03749213,-0.01940555,0.9979473,-6.140718,2.89233,0.1270417,0.03569666,-0.2009083,0.9789595,28,-5.7,-2.039642,30.16657,29,5.7,-20.74698,163.2762
41.29053,-4.794409,-5.522748,39.65562,-6.379651,2.863894,0.1291655,-0.04138749,0.04239863,-0.02486814,0.9979334,-6.330018,2.884709,0.1272794,0.03797097,-0.2078907,0.9774148,28,-5.7,-1.48681,26.23297,29,5.7,-20.19415,159.3426
41.33301,-4.708783,-5.727912,41.11545,-6.526612,2.854483,0.1318389,-0.0437516,0.04635647,-0.02848631,0.9975598,-6.481114,2.876491,0.1278292,0.04228042,-0.205265,0.9777927,28,-5.7,-0.9228475,22.22017,29,5.7,-19.63018,155.3298
41.37427,-3.868412,-8.164544,58.45296,-6.636042,2.843742,0.134721,-0.04560451,0.04930064,-0.03219194,0.9972228,-6.611549,2.860358,0.1302891,0.04616609,-0.1855453,0.9815507,28,-5.7,-0.3783085,18.34557,29,5.7,-19.08564,151.4552
41.41602,-3.894651,-8.209479,58.77269,-6.696347,2.833034,0.1387551,-0.04673398,0.04952127,-0.03402694,0.9970987,-6.677711,2.852379,0.1322494,0.04658661,-0.1851681,0.981602,28,-5.7,0.1724116,14.42699,29,5.7,-18.53492,147.5366
41.45825,-3.948687,-7.794692,55.82133,-6.708642,2.822195,0.1432798,-0.0468444,0.048513,-0.03916606,0.9969544,-6.69809,2.843984,0.1347029,0.04843882,-0.1874314,0.9810827,28,-5.7,0.7325314,10.44153,29,5.7,-17.9748,143.5511
41.5,-3.992599,-8.11192,58.07853,-6.665113,2.813387,0.1476417,-0.04275204,0.04670274,-0.04045406,0.9971734,-6.665684,2.835464,0.137717,0.04528622,-0.1854656,0.9816067,28,-5.7,1.283873,6.518533,29,5.7,-17.42346,139.6281
41.5415,-3.93443,-7.653951,54.81991,-6.568235,2.80732,0.1523655,-0.04113932,0.04563129,-0.04364641,0.9971561,-6.581666,2.819252,0.144327,0.04749896,-0.187919,0.9810353,28,-5.7,1.833182,2.61,29,5.7,-16.87415,135.7196
41.58325,-3.497345,-8.411315,60.20883,-6.412428,2.802428,0.1556653,-0.03769938,0.0440259,-0.04232305,0.9974213,-6.438486,2.812676,0.1480434,0.04808043,-0.1834846,0.981846,29,5.7,-16.32134,131.7861,30,-5.7,-34.81951,263.4075
41.625,-3.22664,-8.407465,60.18144,-6.203036,2.801124,0.1582139,-0.03395994,0.04369402,-0.04120761,0.9976169,-6.243788,2.807363,0.1515418,0.0493458,-0.1834197,0.9817954,29,5.7,-15.7701,127.8639,30,-5.7,-34.26827,259.4852
41.66675,-2.747132,-7.892265,56.5156,-5.936049,2.802379,0.1605917,-0.03797491,0.04331163,-0.03916669,0.9975711,-5.994018,2.803377,0.154551,0.05650815,-0.1861447,0.9808961,29,5.7,-15.22051,123.9533,30,-5.7,-33.71867,255.5746
41.70874,-1.140694,-9.315413,66.64183,-5.60783,2.806481,0.1639019,-0.04591969,0.04788539,-0.03715488,0.9971048,-5.66525,2.800758,0.1589817,0.06680363,-0.1788914,0.9815983,29,5.7,-14.6653,120.0028,30,-5.7,-33.16346,251.6241
41.75049,-0.1196261,-9.62873,68.8712,-5.233504,2.811513,0.1664525,-0.04487956,0.05164792,-0.03455882,0.9970577,-5.307764,2.802188,0.1609128,0.07409699,-0.1775384,0.9813204,29,5.7,-14.11212,116.0667,30,-5.7,-32.61029,247.6881
41.79248,-1.603841,-5.866573,42.10205,-4.822963,2.819393,0.1696272,-0.03881257,0.0523394,-0.03518756,0.9972543,-4.914151,2.804893,0.1629399,0.07706651,-0.2018782,0.9763739,29,5.7,-13.55677,112.1152,30,-5.7,-32.05494,243.7365
41.83423,-1.461123,-5.835634,41.88192,-4.375442,2.830045,0.172064,-0.03609402,0.05078584,-0.02928788,0.9976274,-4.484466,2.808952,0.165513,0.07078803,-0.2024028,0.9767406,29,5.7,-13.00535,108.1917,30,-5.7,-31.50352,239.813
41.87598,-0.6438085,-6.854995,49.13505,-3.892756,2.843031,0.1733246,-0.04029272,0.04702052,-0.0243665,0.9977835,-3.982797,2.821563,0.1696446,0.0667478,-0.1934385,0.9788393,29,5.7,-12.45338,104.2642,30,-5.7,-30.95155,235.8855
41.91748,0.9254106,-9.366213,67.0033,-3.381415,2.857334,0.1751208,-0.04777022,0.04335505,-0.01849842,0.9977456,-3.488115,2.83028,0.1714786,0.06482963,-0.1791525,0.981683,29,5.7,-11.90433,100.3575,30,-5.7,-30.4025,231.9788
41.95996,2.065698,-11.11642,79.4567,-2.839723,2.871491,0.1768434,-0.05347221,0.04009476,-0.008698768,0.9977262,-2.96412,2.840336,0.173146,0.06235857,-0.1730329,0.98294,29,5.7,-11.34332,96.36566,30,-5.7,-29.84149,227.987
42.00098,2.535378,-10.95614,78.31625,-2.272113,2.885436,0.1788621,-0.05654651,0.03833798,-0.0002619084,0.9976636,-2.4149,2.851284,0.1745287,0.06226257,-0.1736642,0.9828347,29,5.7,-10.79893,92.49214,30,-5.7,-29.2971,224.1135
42.04199,1.873546,-7.679521,55.00186,-1.688493,2.898974,0.1812734,-0.0557029,0.03767154,0.005293114,0.9977224,-1.80052,2.873806,0.1773357,0.06566488,-0.1886147,0.9798533,29,5.7,-10.25781,88.64185,30,-5.7,-28.75597,220.2632
42.08423,2.423111,-7.59464,54.3979,-1.094959,2.912137,0.1838946,-0.05433965,0.0368967,0.0129917,0.997756,-1.222519,2.884892,0.1791652,0.06587406,-0.1893581,0.979696,29,5.7,-9.70087,84.67903,30,-5.7,-28.19904,216.3004
42.12622,2.817076,-7.524301,53.89742,-0.5010157,2.924371,0.1866845,-0.05650875,0.03397676,0.02084684,0.997606,-0.6429619,2.895816,0.1809074,0.06310812,-0.190054,0.9797432,29,5.7,-9.143511,80.71322,30,-5.7,-27.64168,212.3346
42.16821,3.341672,-7.887837,56.48411,0.08761992,2.933233,0.1894155,-0.05799222,0.02828497,0.02480145,0.9976081,-0.06738228,2.906447,0.1828926,0.0593623,-0.1879623,0.9803807,29,5.7,-8.588914,76.76706,30,-5.7,-27.08708,208.3884
42.20972,4.331724,-8.897412,63.66762,0.6764346,2.940683,0.1931454,-0.06102924,0.02360943,0.03179757,0.99735,0.560975,2.924877,0.1874279,0.05829701,-0.1827765,0.9814246,29,5.7,-8.040176,72.86259,30,-5.7,-26.53834,204.4839
42.25146,4.017179,-7.329341,52.51021,1.254802,2.943382,0.196724,-0.06443104,0.01816589,0.03663925,0.9970838,1.127147,2.932293,0.1899511,0.05412517,-0.1921822,0.9798656,29,5.7,-7.486804,68.92514,30,-5.7,-25.98497,200.5465
42.29346,4.33872,-7.510617,53.80005,1.829781,2.944166,0.2012505,-0.0649204,0.01244301,0.0409035,0.9969742,1.690333,2.937747,0.1927251,0.04843407,-0.1910812,0.9803786,29,5.7,-6.932272,64.97944,30,-5.7,-25.43044,196.6008
42.33545,4.38248,-6.853702,49.12586,2.394759,2.943798,0.2067514,-0.07085007,0.00689593,0.04457298,0.9964668,2.244216,2.940843,0.1956251,0.04281089,-0.1961,0.9796489,29,5.7,-6.377804,61.0342,30,-5.7,-24.87597,192.6555
42.3772,4.752954,-7.206727,51.63776,2.953345,2.940102,0.2121537,-0.06781494,0.003456205,0.04570697,0.9966444,2.842341,2.943247,0.2026209,0.03641904,-0.1934734,0.9804294,29,5.7,-5.827396,57.11784,30,-5.7,-24.32556,188.7392
42.41919,5.232915,-6.94496,49.77519,3.496002,2.935638,0.218329,-0.06779084,0.002156913,0.04761872,0.9965602,3.37498,2.942088,0.2069045,0.03673341,-0.1954779,0.9800199,29,5.7,-5.272221,53.16756,30,-5.7,-23.77039,184.7889
42.46094,5.884881,-8.633525,61.78997,4.019695,2.931698,0.2250184,-0.066212,-0.001572192,0.05559236,0.9962546,3.890016,2.939794,0.2114578,0.03182189,-0.1846166,0.9822953,29,5.7,-4.719516,49.23486,30,-5.7,-23.21768,180.8562
42.5022,3.634575,-8.330097,59.63098,4.519625,2.925823,0.2313278,-0.06534742,-0.007164747,0.06011336,0.9960245,4.429919,2.933149,0.2215396,-0.01315208,-0.1862527,0.9824138,29,5.7,-4.172221,45.34066,30,-5.7,-22.67039,176.962
42.54395,3.672152,-8.560461,61.27011,5.001808,2.919205,0.2365094,-0.06088054,-0.01445875,0.06270749,0.9960685,4.90438,2.929128,0.2265605,-0.01983383,-0.1849352,0.9825506,29,5.7,-3.621517,41.4222,30,-5.7,-22.11968,173.0435
42.58569,3.82372,-7.714079,55.24778,5.457411,2.912151,0.2410688,-0.05676784,-0.0192486,0.06426059,0.9961313,5.353711,2.924436,0.2313274,-0.02729374,-0.1897821,0.9814468,29,5.7,-3.06918,37.49212,30,-5.7,-21.56734,169.1135
42.62769,3.766256,-7.80671,55.90689,5.881664,2.905658,0.2443509,-0.05601638,-0.0213601,0.06588197,0.9960249,5.773622,2.919181,0.235795,-0.03538428,-0.1890676,0.9813263,29,5.7,-2.513961,33.54152,30,-5.7,-21.01212,165.1629
42.66943,3.699682,-8.586945,61.45855,6.263011,2.900566,0.2482051,-0.06170271,-0.02141386,0.06395918,0.995813,6.192416,2.908667,0.2425175,-0.03998876,-0.184414,0.9820349,29,5.7,-1.961095,29.60768,30,-5.7,-20.45926,161.229
42.71094,3.372174,-10.09657,72.20004,6.597458,2.893338,0.252471,-0.06570348,-0.02092374,0.06506986,0.9954955,6.525979,2.903977,0.2457228,-0.04309225,-0.1776339,0.9831527,29,5.7,-1.413536,25.71159,30,-5.7,-19.9117,157.3329
42.75293,3.364461,-10.55819,75.48459,6.883695,2.884916,0.2561151,-0.06363725,-0.02182585,0.06937161,0.9953199,6.813691,2.899113,0.2489463,-0.04508356,-0.1758951,0.983376,29,5.7,-0.8574836,21.75508,30,-5.7,-19.35565,153.3764
42.79468,4.148951,-9.06403,64.85312,7.116294,2.876676,0.2598403,-0.06069589,-0.02449778,0.07049321,0.9953626,7.050559,2.893461,0.2519315,-0.04412248,-0.1818282,0.9823399,29,5.7,-0.3045537,17.82078,30,-5.7,-18.80272,149.4421
42.83643,4.537807,-8.317965,59.54465,7.297196,2.868603,0.2636003,-0.06028316,-0.02713442,0.07097167,0.9952853,7.26112,2.880588,0.2581677,-0.04509077,-0.1854179,0.9816247,29,5.7,0.2465912,13.89918,30,-5.7,-18.25157,145.5205
42.87793,4.213585,-9.089071,65.0313,7.42012,2.861537,0.2668451,-0.06093811,-0.02915922,0.07055163,0.995218,7.389612,2.874126,0.2610277,-0.04816369,-0.181419,0.9822258,29,5.7,0.7930335,10.01104,30,-5.7,-17.70513,141.6324
42.91992,4.109378,-8.995298,64.36407,7.485754,2.854237,0.2690593,-0.06043711,-0.03186676,0.0701884,0.9951912,7.463328,2.867922,0.2637659,-0.05138182,-0.181742,0.9820029,29,5.7,1.348557,6.058285,30,-5.7,-17.1496,137.6796
42.96167,4.316581,-9.077308,64.9476,7.488419,2.84805,0.2705268,-0.05986827,-0.03446993,0.06879202,0.9952363,7.477128,2.861982,0.2662473,-0.04799624,-0.1813106,0.982254,29,5.7,1.902745,2.115033,30,-5.7,-16.59542,133.7364
43.00366,4.075672,-8.345935,59.74361,7.429402,2.842363,0.2704327,-0.05849666,-0.03647125,0.06672603,0.9953872,7.435015,2.850994,0.2697214,-0.05542386,-0.1847316,0.981225,30,-5.7,-16.04093,129.791,31,5.7,-34.43604,260.6788
43.04468,3.995496,-8.067555,57.76284,7.314142,2.837658,0.2689535,-0.05675322,-0.03736934,0.06640999,0.995476,7.33124,2.846119,0.2704215,-0.05691029,-0.1861954,0.9808632,30,-5.7,-15.49926,125.9368,31,5.7,-33.89437,256.8246
43.08643,4.174364,-7.802082,55.8739,7.135936,2.834028,0.2660907,-0.05740284,-0.03704962,0.06469766,0.9955634,7.16757,2.841639,0.2706102,-0.05279776,-0.1877467,0.9807974,30,-5.7,-14.94708,122.0079,31,5.7,-33.34219,252.8957
43.12988,4.055241,-7.657028,54.84179,6.890426,2.833401,0.2623479,-0.06018497,-0.03419941,0.06027028,0.9957789,6.939536,2.837722,0.2694836,-0.05183195,-0.1885948,0.9806862,30,-5.7,-14.37263,117.9204,31,5.7,-32.76774,248.8083
43.17065,3.650369,-9.920695,70.94862,6.582878,2.835755,0.258361,-0.06052652,-0.02980018,0.05981399,0.9959271,6.633128,2.833249,0.2648804,-0.04149231,-0.1774164,0.9832608,30,-5.7,-13.83411,114.0887,31,5.7,-32.22922,244.9765
43.21216,3.338517,-9.961482,71.23884,6.218928,2.840531,0.2524702,-0.05324814,-0.02591005,0.06169535,0.9963368,6.286533,2.833354,0.2619886,-0.04084195,-0.1772602,0.9833162,30,-5.7,-13.28423,110.1761,31,5.7,-31.67934,241.0639
43.25415,3.530368,-9.037569,64.66486,5.798433,2.848136,0.2445007,-0.04609891,-0.02520141,0.06184713,0.996702,5.885179,2.835288,0.2583339,-0.03593267,-0.1811709,0.982795,30,-5.7,-12.73017,106.2337,31,5.7,-31.12528,237.1216
43.29614,3.424988,-8.885881,63.58554,5.337186,2.859052,0.2364211,-0.05708953,-0.02267534,0.05587471,0.9965464,5.443444,2.838772,0.2536426,-0.03132322,-0.1819478,0.9828092,30,-5.7,-12.17262,102.2666,31,5.7,-30.56773,233.1544
43.33789,2.965399,-10.44593,74.68597,4.840863,2.868059,0.2278536,-0.06738921,-0.01815048,0.05303226,0.996151,4.927835,2.851104,0.2420932,-0.02594185,-0.1757762,0.9840883,30,-5.7,-11.62236,98.35128,31,5.7,-30.01748,229.2391
43.37939,2.125278,-11.38481,81.3664,4.313706,2.875893,0.2194908,-0.07125045,-0.01263743,0.05248526,0.9959965,4.417597,2.85887,0.235315,-0.02781811,-0.1728521,0.9845549,30,-5.7,-11.07331,94.44456,31,5.7,-29.46842,225.3324
43.42114,-0.6899296,-14.46996,103.3184,3.759964,2.883447,0.211971,-0.07205301,-0.009468137,0.04956309,0.9961236,3.881232,2.866175,0.2284651,-0.04368576,-0.1656783,0.9852118,30,-5.7,-10.52092,90.51413,31,5.7,-28.91603,221.4019
43.46313,-0.2743087,-10.15362,72.60608,3.181038,2.890452,0.2048689,-0.07317783,-0.008640975,0.04457135,0.996285,3.320568,2.872819,0.2220681,-0.04882048,-0.1769066,0.9830161,30,-5.7,-9.964833,86.55733,31,5.7,-28.35994,217.4452
43.50513,-1.044239,-11.99334,85.69632,2.592787,2.898097,0.1988799,-0.07686102,-0.00936672,0.04206101,0.9961102,2.699095,2.884915,0.209774,-0.04309998,-0.1713052,0.9842748,30,-5.7,-9.41188,82.62286,31,5.7,-27.80699,213.5107
43.54614,-1.096469,-10.40825,74.41785,2.006811,2.90461,0.1935053,-0.07811965,-0.008388042,0.03678685,0.9962298,2.127075,2.89079,0.2043231,-0.04271597,-0.1762289,0.9834219,30,-5.7,-8.867405,78.74873,31,5.7,-27.26251,209.6365
43.58813,-1.956199,-11.16039,79.76958,1.412374,2.911072,0.1888484,-0.07621568,-0.004817009,0.03049793,0.9966132,1.54697,2.896427,0.1993935,-0.04331414,-0.1738023,0.9838276,30,-5.7,-8.314454,74.81428,31,5.7,-26.70956,205.7021
43.63037,-2.499323,-11.04307,78.93482,0.8161473,2.915804,0.18419,-0.07189447,-0.0009497106,0.0263895,0.9970627,0.9645771,2.901901,0.1950698,-0.04327707,-0.1742249,0.9837544,30,-5.7,-7.755591,70.83776,31,5.7,-26.1507,201.7256
43.67188,-2.161141,-9.242844,66.12553,0.2280028,2.920372,0.1795541,-0.06999785,0.003468215,0.02493815,0.9972293,0.3365602,2.911325,0.1871957,-0.03722596,-0.1811469,0.9827513,30,-5.7,-7.205367,66.92271,31,5.7,-25.60048,197.8105
43.71338,-2.319212,-8.941122,63.97868,-0.3596946,2.921877,0.1749343,-0.07164336,0.007951707,0.02000182,0.997198,-0.2384289,2.915255,0.1835157,-0.03205103,-0.182628,0.9826596,30,-5.7,-6.657483,63.02431,31,5.7,-25.05259,193.9121
43.75562,-2.434176,-8.587124,61.45985,-0.937581,2.920425,0.1700604,-0.06759172,0.01177382,0.01274006,0.9975622,-0.8045332,2.918406,0.1800216,-0.02612784,-0.1844667,0.9824914,30,-5.7,-6.10061,59.06196,31,5.7,-24.49572,189.9498
43.79834,-2.793027,-8.863781,63.42837,-1.510602,2.916577,0.1654035,-0.06966481,0.01536316,0.00554071,0.9974368,-1.365929,2.919858,0.1762763,-0.022175,-0.1831004,0.9828441,30,-5.7,-5.535199,55.03885,31,5.7,-23.93031,185.9267
43.83936,-3.345882,-10.39305,74.30966,-2.068433,2.91173,0.1613489,-0.07075055,0.01723826,0.002875929,0.9973409,-1.96447,2.917687,0.1685536,-0.0183359,-0.1766775,0.984098,30,-5.7,-4.992913,51.18029,31,5.7,-23.38802,182.0681
43.88086,-2.267963,-7.697371,55.12893,-2.60728,2.904606,0.1573685,-0.07139413,0.01785812,0.001571139,0.9972872,-2.493835,2.914648,0.1650726,0.004034933,-0.1895701,0.981859,30,-5.7,-4.443825,47.27332,31,5.7,-22.83894,178.1611
43.92285,-2.670602,-7.9137,56.66819,-3.113495,2.898474,0.1547336,-0.07505971,0.02013615,-0.0006631017,0.9969755,-2.99326,2.910431,0.1614417,0.00560803,-0.1881312,0.9821279,30,-5.7,-3.889807,43.33129,31,5.7,-22.28492,174.2191
43.96533,-2.776624,-7.86004,56.28635,-3.594739,2.891071,0.1523967,-0.07081982,0.02263007,-0.006380384,0.9972121,-3.468901,2.905605,0.1583387,0.01211221,-0.1883577,0.9820259,30,-5.7,-3.326519,39.32328,31,5.7,-21.72163,170.2111
44.00659,-3.170846,-6.949641,49.80852,-4.046407,2.88263,0.1494649,-0.06142244,0.0249165,-0.01429965,0.9976984,-3.960202,2.894907,0.1540881,0.01559159,-0.1944522,0.9807881,30,-5.7,-2.782553,35.45277,31,5.7,-21.17766,166.3406
44.04736,-3.642133,-5.970267,42.83995,-4.46862,2.87416,0.1460375,-0.05732152,0.02905315,-0.01926345,0.9977471,-4.37733,2.888827,0.1518975,0.01686087,-0.2031724,0.9789978,30,-5.7,-2.240887,31.59861,31,5.7,-20.636,162.4864
44.08936,-3.739353,-5.871017,42.13372,-4.856723,2.865185,0.1435402,-0.06276777,0.03361163,-0.02064368,0.9972484,-4.762359,2.882255,0.1496058,0.02384681,-0.2040433,0.9786714,30,-5.7,-1.687018,27.65762,31,5.7,-20.08213,158.5454
44.13208,-3.561121,-8.7211,62.41312,-5.200847,2.85433,0.1415865,-0.06692494,0.03756112,-0.02087591,0.9968323,-5.106128,2.875444,0.1472228,0.02438637,-0.1830395,0.982803,30,-5.7,-1.123062,23.64487,31,5.7,-19.51817,154.5327
44.17285,-3.172549,-9.864281,70.54727,-5.500084,2.842124,0.140429,-0.06598463,0.04241225,-0.0215837,0.9966853,-5.44032,2.860582,0.1431704,0.03168132,-0.1777693,0.9835621,30,-5.7,-0.581859,19.79401,31,5.7,-18.97697,150.6818
44.2146,-3.540439,-7.871507,56.36795,-5.741162,2.829795,0.1398618,-0.06411532,0.04482427,-0.02014005,0.9967319,-5.684225,2.851658,0.1417816,0.03742664,-0.1872071,0.9816073,30,-5.7,-0.03064114,15.87189,31,5.7,-18.42575,146.7597
44.25684,-3.46143,-7.694227,55.10654,-5.914849,2.818328,0.1395198,-0.06317614,0.04717204,-0.02058047,0.9966745,-5.864736,2.842183,0.1408654,0.04290239,-0.1880897,0.9812144,30,-5.7,0.5266546,11.90653,31,5.7,-17.86846,142.7943
44.29858,-3.552744,-7.108242,50.93704,-6.018055,2.808316,0.1400691,-0.06532515,0.04866815,-0.0226649,0.9964188,-5.978697,2.832526,0.1401165,0.04681747,-0.1918427,0.9803084,30,-5.7,1.078496,7.979975,31,5.7,-17.31662,138.8678
44.34033,-2.87264,-8.593316,61.50389,-6.048636,2.799644,0.1412026,-0.06675641,0.04761669,-0.02491456,0.996321,-6.036254,2.814425,0.1399373,0.05062154,-0.1825372,0.981895,30,-5.7,1.631278,4.046729,31,5.7,-16.76383,134.9345
44.38159,-2.739047,-8.860962,63.40815,-6.004235,2.794587,0.1432123,-0.06465687,0.04562512,-0.02414731,0.9965715,-6.004568,2.80677,0.1405523,0.05069324,-0.1811273,0.9821523,30,-5.7,2.177522,0.1600006,31,5.7,-16.21759,131.0478
44.4231,-1.683579,-9.388867,67.16439,-5.893795,2.790939,0.1452176,-0.06224892,0.04564422,-0.0285206,0.9966084,-5.909023,2.800609,0.14168,0.06190849,-0.1785924,0.9819736,31,5.7,-15.6695,127.1479,32,-0.7,-33.76191,255.8824
44.46558,-1.761412,-8.950767,64.04713,-5.723681,2.78815,0.1460253,-0.0571086,0.04626655,-0.02760201,0.9969133,-5.755282,2.795576,0.1429766,0.06135225,-0.1804426,0.9816702,31,5.7,-15.10824,123.1543,32,-0.7,-33.20065,251.8889
44.50659,-2.177805,-7.515801,53.83682,-5.502299,2.788668,0.146961,-0.05770913,0.04864586,-0.02624392,0.9968022,-5.539334,2.789278,0.1455221,0.06137028,-0.1881363,0.9802237,31,5.7,-14.56445,119.2851,32,-0.7,-32.65686,248.0196
44.54834,-1.107847,-8.932297,63.91571,-5.228855,2.792941,0.1496471,-0.06718472,0.04838302,-0.02017239,0.9963626,-5.280406,2.787929,0.1464052,0.06422136,-0.1803902,0.9814963,31,5.7,-14.01404,115.3687,32,-0.7,-32.10645,244.1033
44.59058,-0.5971013,-10.5061,75.11393,-4.896697,2.801395,0.1543799,-0.0719936,0.04320392,-0.01494651,0.9963568,-4.965454,2.788429,0.1474884,0.05728135,-0.1743286,0.9830201,31,5.7,-13.45557,111.395,32,-0.7,-31.54799,240.1295
44.6333,-0.3200861,-10.4732,74.87981,-4.509843,2.812875,0.1588028,-0.06349756,0.03891346,-0.01624422,0.9970908,-4.598065,2.791338,0.1494859,0.05627521,-0.17449,0.9830495,31,5.7,-12.89128,107.3799,32,-0.7,-30.9837,236.1144
44.67456,-0.4912728,-7.497361,53.70561,-4.079111,2.827126,0.1632896,-0.05431113,0.03566459,-0.01212746,0.9978133,-4.156495,2.804162,0.1557975,0.06706142,-0.1884837,0.979784,31,5.7,-12.34422,103.4874,32,-0.7,-30.43664,232.2219
44.71631,-0.6148583,-6.30989,45.25631,-3.608638,2.843412,0.1666186,-0.05221422,0.03633955,-0.004493985,0.9979644,-3.70344,2.813597,0.1593088,0.06697684,-0.1978456,0.9779423,31,5.7,-11.7927,99.56303,32,-0.7,-29.88511,228.2976
44.75806,-0.1446009,-6.299,45.17883,-3.109094,2.860706,0.1677492,-0.05057402,0.03543091,0.002264402,0.9980891,-3.22119,2.824852,0.1625857,0.06683229,-0.1981961,0.9778813,31,5.7,-11.24151,95.64115,32,-0.7,-29.33393,224.3757
44.80029,0.3764759,-6.267446,44.95431,-2.586723,2.879139,0.1699088,-0.05893012,0.03574574,0.009858187,0.9975733,-2.715939,2.837277,0.1650962,0.06750559,-0.1987508,0.9777224,31,5.7,-10.68308,91.66769,32,-0.7,-28.77549,220.4023
44.84155,2.177034,-8.757301,62.67056,-2.042352,2.895928,0.1729764,-0.06822108,0.03646788,0.01854515,0.996831,-2.144001,2.864977,0.1687129,0.06781292,-0.1823963,0.9808838,31,5.7,-10.13647,87.77837,32,-0.7,-28.22889,216.5129
44.88257,3.77599,-10.4177,74.48486,-1.483902,2.909933,0.176458,-0.06928155,0.03693536,0.02427258,0.9966177,-1.600876,2.879091,0.1704811,0.0710419,-0.175684,0.9818799,31,5.7,-9.59446,83.92178,32,-0.7,-27.68688,212.6563
44.92456,2.393274,-7.155288,51.27164,-0.9196849,2.922223,0.1807711,-0.06587871,0.03756347,0.02983722,0.9966739,-1.051249,2.892265,0.1727884,0.06599826,-0.1925147,0.9790722,31,5.7,-9.03986,79.97559,32,-0.7,-27.13228,208.7101
44.96655,3.196631,-7.458882,53.43183,-0.3542141,2.931806,0.1850452,-0.06500071,0.03615865,0.03727411,0.9965331,-0.4995188,2.904075,0.1755794,0.06796781,-0.1905625,0.9793193,31,5.7,-8.48275,76.01154,32,-0.7,-26.57517,204.7461
45.0083,3.925657,-7.897763,56.55459,0.2084033,2.938626,0.1892904,-0.06491529,0.03158161,0.04175211,0.9965166,0.1005808,2.923514,0.1820288,0.06648938,-0.1881009,0.9798965,31,5.7,-7.933393,72.10266,32,-0.7,-26.02581,200.8372
45.0498,4.374227,-7.873566,56.38242,0.766054,2.942376,0.193665,-0.06894217,0.02505639,0.04542174,0.9962711,0.6462702,2.930682,0.1854407,0.06500646,-0.1883998,0.9799386,31,5.7,-7.384238,68.19523,32,-0.7,-25.47666,196.9298
45.0918,4.825804,-8.32676,59.60707,1.320504,2.941944,0.1971828,-0.06762893,0.0184367,0.04893249,0.9963393,1.188933,2.93619,0.1889329,0.06002878,-0.1859019,0.9807329,31,5.7,-6.829154,64.24561,32,-0.7,-24.92157,192.9802
45.13354,5.374973,-8.854002,63.3586,1.871146,2.941578,0.2022789,-0.07442515,0.01161397,0.05105112,0.9958513,1.727886,2.939659,0.1919718,0.05666555,-0.1832406,0.9814336,31,5.7,-6.277085,60.31742,32,-0.7,-24.3695,189.052
45.17529,4.741457,-7.538113,53.99556,2.40847,2.9374,0.2073078,-0.07793377,0.005860895,0.0463557,0.9958631,2.303847,2.941109,0.1987814,0.04443156,-0.1910103,0.9805819,31,5.7,-5.722968,56.37468,32,-0.7,-23.81538,185.1092
45.21704,4.801601,-6.586342,47.22337,2.934137,2.93145,0.2133271,-0.07907684,0.0001319349,0.04609445,0.9958023,2.819613,2.93968,0.202809,0.041277,-0.1983896,0.9792536,31,5.7,-5.171363,52.44981,32,-0.7,-23.26378,181.1844
45.25879,5.258049,-7.057249,50.57404,3.450118,2.924608,0.2190057,-0.07663605,-0.004255146,0.05421399,0.9955751,3.325897,2.936789,0.2072538,0.03760136,-0.194493,0.9801829,31,5.7,-4.620066,48.52712,32,-0.7,-22.71248,177.2617
45.30103,5.740952,-7.456223,53.41289,3.947203,2.916998,0.2240697,-0.06858806,-0.007272363,0.05868647,0.9958909,3.814743,2.932421,0.211764,0.03551258,-0.1915305,0.980844,31,5.7,-4.06322,44.56496,32,-0.7,-22.15564,173.2995
45.34229,5.619039,-6.197089,44.45368,4.413035,2.909246,0.2270116,-0.05988215,-0.00868082,0.05777718,0.9964941,4.319921,2.921489,0.2203869,0.02875288,-0.2018184,0.9790008,31,5.7,-3.517764,40.68383,32,-0.7,-21.61018,169.4184
45.38379,6.133777,-6.670601,47.8229,4.850114,2.902761,0.2290737,-0.05745227,-0.008053004,0.05932555,0.9965515,4.75175,2.915561,0.2237638,0.02845165,-0.1973497,0.9799202,31,5.7,-2.969067,36.77965,32,-0.7,-21.06148,165.5142
45.42603,7.130727,-9.122002,65.26564,5.240025,2.896873,0.2313246,-0.06489859,-0.006867141,0.06131684,0.9959826,5.139914,2.909672,0.2264439,0.0300851,-0.1818224,0.9828711,31,5.7,-2.410379,32.80439,32,-0.7,-20.5028,161.539
45.46753,7.462914,-8.83871,63.24992,5.588955,2.889346,0.2348735,-0.06995568,-0.008285165,0.06418444,0.9954486,5.489358,2.904239,0.228541,0.03077115,-0.1830932,0.9826139,31,5.7,-1.859069,28.88161,32,-0.7,-19.95149,157.6162
45.50952,6.901478,-10.04657,71.84426,5.898447,2.880127,0.2389909,-0.07053332,-0.009212881,0.06675965,0.9952303,5.834153,2.89353,0.2329559,0.01466527,-0.1778001,0.9839574,31,5.7,-1.30462,24.93649,32,-0.7,-19.39704,153.6711
45.55151,6.983112,-10.65962,76.20639,6.165487,2.870011,0.2436332,-0.06783938,-0.008627534,0.06734291,0.9953835,6.102099,2.887403,0.2355342,0.01141586,-0.1755381,0.9844064,31,5.7,-0.7486412,20.9805,32,-0.7,-18.84106,149.7151
45.59351,6.983339,-10.60722,75.83353,6.381067,2.860848,0.2487792,-0.06428815,-0.009113103,0.06607406,0.9956999,6.32145,2.880251,0.2386664,0.008619266,-0.1756375,0.9844171,31,5.7,-0.1962857,17.05029,32,-0.7,-18.2887,145.7849
45.63525,7.099631,-10.3579,74.05954,6.539662,2.851388,0.2523952,-0.05844583,-0.007779301,0.0656449,0.9960997,6.487025,2.872581,0.2423242,0.008168484,-0.1764158,0.9842818,31,5.7,0.3585186,13.10265,32,-0.7,-17.7339,141.8372
45.677,6.605948,-9.032253,64.62707,6.640911,2.84392,0.2554219,-0.05540643,-0.007972419,0.06796326,0.9961163,6.615402,2.85753,0.2495443,-0.0001444396,-0.181617,0.9833694,31,5.7,0.9082491,9.191116,32,-0.7,-17.18417,137.9257
45.71826,6.554392,-9.044093,64.71131,6.682756,2.838637,0.2575014,-0.05487261,-0.007855475,0.06842981,0.9961148,6.666098,2.850445,0.2527272,-0.001704246,-0.181466,0.9833958,31,5.7,1.456052,5.293295,32,-0.7,-16.63637,134.0279
45.7605,4.508335,-8.327855,59.61501,6.665095,2.836049,0.2586054,-0.05411041,-0.006307959,0.06756565,0.9962265,6.659693,2.844422,0.2551584,-0.03559472,-0.1848479,0.9821223,31,5.7,2.013505,1.326814,32,-0.7,-16.07891,130.0614
45.80225,2.528725,-9.566717,68.42998,6.588262,2.836981,0.2593952,-0.05505744,-0.005272597,0.06852567,0.9961151,6.597297,2.836995,0.258132,-0.05861618,-0.178701,0.9821559,32,-0.7,-15.52731,126.1366,33,5.7,-33.6197,254.8705
45.84302,2.346255,-9.481824,67.82593,6.456377,2.83609,0.2583458,-0.05440556,-0.006202757,0.06709668,0.9962428,6.477034,2.835618,0.2592181,-0.06003658,-0.1790212,0.9820117,32,-0.7,-14.98767,122.2968,33,5.7,-33.08006,251.0308
45.88452,2.397691,-8.967578,64.16688,6.261902,2.839153,0.2575353,-0.05913023,-0.01011342,0.06258081,0.9962354,6.296734,2.835176,0.2592731,-0.05988836,-0.1812874,0.981605,32,-0.7,-14.44058,118.4041,33,5.7,-32.53297,247.138
45.92651,2.330679,-9.228197,66.02128,6.015797,2.843875,0.2563712,-0.06119029,-0.01423669,0.0588521,0.9962879,6.066356,2.835635,0.258803,-0.05578625,-0.1801536,0.9820552,32,-0.7,-13.88454,114.4477,33,5.7,-31.97693,243.1816
45.96826,1.686199,-9.508034,68.01257,5.729208,2.851488,0.2550857,-0.05980935,-0.01649588,0.0593632,0.9963065,5.795936,2.837326,0.2582195,-0.05956797,-0.178938,0.9820554,32,-0.7,-13.33288,110.5224,33,5.7,-31.42528,239.2564
46.01025,1.440814,-8.627372,61.74634,5.406196,2.861585,0.2524796,-0.05786035,-0.0182842,0.06164351,0.996252,5.466475,2.845075,0.2563771,-0.06422515,-0.1830307,0.9810071,32,-0.7,-12.77671,106.565,33,5.7,-30.8691,235.299
46.052,1.666027,-7.287668,52.21371,5.061664,2.87262,0.2491255,-0.0580907,-0.01684356,0.06070583,0.9963216,5.134464,2.851351,0.254923,-0.06537774,-0.1911137,0.9793882,32,-0.7,-12.22577,102.6449,33,5.7,-30.31816,231.3789
46.09399,1.418819,-7.082498,50.75384,4.694067,2.884209,0.2449939,-0.06244554,-0.01282027,0.05831377,0.9962609,4.779808,2.858778,0.2531319,-0.06516133,-0.1927369,0.9790846,32,-0.7,-11.67161,98.70187,33,5.7,-29.764,227.4358
46.13574,0.2339211,-9.34072,66.82207,4.305933,2.895423,0.2405073,-0.06795976,-0.009424209,0.05558077,0.9960941,4.373066,2.876267,0.2475888,-0.06103799,-0.180158,0.981742,32,-0.7,-11.1171,94.75632,33,5.7,-29.20949,223.4903
46.17749,-1.041806,-11.11112,79.41915,3.904508,2.906571,0.2369553,-0.07342813,-0.007165998,0.05105614,0.995967,3.983083,2.885428,0.2442963,-0.06237499,-0.1737421,0.9828139,32,-0.7,-10.56598,90.83486,33,5.7,-28.65837,219.5688
46.21924,-0.6866575,-10.04121,71.8063,3.490491,2.916173,0.233863,-0.07684146,-0.004247099,0.04425807,0.9960515,3.580741,2.894513,0.2411431,-0.05857792,-0.1775666,0.9823638,32,-0.7,-10.01543,86.91749,33,5.7,-28.10782,215.6514
46.26123,-1.287201,-10.78855,77.12392,3.066818,2.924417,0.2305255,-0.07296462,0.0001199543,0.03862502,0.9965863,3.168586,2.903172,0.238101,-0.05696306,-0.1750358,0.9829128,32,-0.7,-9.460032,82.96564,33,5.7,-27.55242,211.6996
46.30298,-2.035144,-10.9706,78.4193,2.639337,2.929317,0.2261889,-0.06817593,0.00325191,0.03695317,0.9969835,2.75215,2.91114,0.2353444,-0.06017898,-0.1745013,0.9828163,32,-0.7,-8.908021,79.03789,33,5.7,-27.00041,207.7718
46.34473,-1.26178,-9.015421,64.50746,2.20375,2.932733,0.2216336,-0.06670432,0.004848659,0.03369358,0.997192,2.290558,2.923816,0.2295724,-0.05425591,-0.1823515,0.9817353,32,-0.7,-8.356204,75.1115,33,5.7,-26.4486,203.8455
46.38672,-1.147026,-8.064533,57.74154,1.769255,2.933061,0.2171209,-0.06976694,0.008383125,0.02934324,0.9970965,1.866067,2.927911,0.2262497,-0.05138834,-0.1874763,0.980924,32,-0.7,-7.801345,71.16348,33,5.7,-25.89374,199.8974
46.42871,-1.42859,-8.013504,57.37845,1.338666,2.933757,0.2143085,-0.07314035,0.01246262,0.02641756,0.9968939,1.444801,2.93061,0.2226573,-0.04931587,-0.1878333,0.9809621,32,-0.7,-7.244119,67.19862,33,5.7,-25.33651,195.9326
46.47046,-1.780734,-9.678936,69.22865,0.9047733,2.929013,0.2126167,-0.07651342,0.01892254,0.020649,0.9966752,0.9821951,2.932368,0.2162132,-0.03935254,-0.1796235,0.982948,32,-0.7,-6.691477,63.26636,33,5.7,-24.78387,192.0003
46.51196,-1.267593,-8.476128,60.67018,0.4765172,2.922598,0.2115204,-0.06981065,0.02324593,0.02571851,0.9969577,0.5630894,2.930937,0.2142841,-0.02974306,-0.1853304,0.982226,32,-0.7,-6.143361,59.36631,33,5.7,-24.23575,188.1003
46.55371,-1.129545,-7.873368,56.38133,0.05554888,2.915349,0.2100655,-0.06324794,0.0264799,0.02943829,0.9972121,0.1505235,2.927716,0.2125081,-0.02237403,-0.1887898,0.9817626,32,-0.7,-5.591912,55.44255,33,5.7,-23.6843,184.1765
46.5957,-1.019418,-6.865539,49.21025,-0.3425677,2.907209,0.2096691,-0.0603959,0.02729127,0.03041296,0.9973378,-0.2414091,2.923138,0.2110888,-0.01556846,-0.1958777,0.9805048,32,-0.7,-5.035424,51.48293,33,5.7,-23.12782,180.2169
46.63721,-1.130167,-8.008442,57.34248,-0.7216285,2.898021,0.2099217,-0.06094377,0.02688694,0.01996662,0.9975793,-0.6517269,2.911204,0.2100888,-0.008225058,-0.1877243,0.9821873,32,-0.7,-4.486501,47.57714,33,5.7,-22.57889,176.3111
46.67896,-0.6533444,-8.290878,59.35211,-1.071761,2.888945,0.2106046,-0.06357557,0.02806962,0.0129302,0.9974985,-0.997879,2.904363,0.20968,0.00572377,-0.185987,0.9825355,32,-0.7,-3.936769,43.6656,33,5.7,-22.02916,172.3996
46.7207,-0.8057219,-8.408057,60.18588,-1.395827,2.877947,0.2122665,-0.06706715,0.03158274,0.0122053,0.9971738,-1.319205,2.897289,0.209903,0.008413025,-0.1852292,0.9826593,32,-0.7,-3.384356,39.73498,33,5.7,-21.47675,168.4689
46.7627,-0.698475,-7.241771,51.88733,-1.680569,2.866277,0.2146663,-0.06808834,0.03321174,0.01535248,0.9970082,-1.603761,2.889717,0.2106373,0.01718845,-0.1923641,0.981173,32,-0.7,-2.827642,35.77375,33,5.7,-20.92003,164.5077
46.80444,-0.8342309,-6.280578,45.04809,-1.922983,2.854273,0.2175176,-0.06753293,0.03519613,0.0133709,0.9970064,-1.875721,2.872508,0.2129998,0.02275402,-0.1999726,0.9795372,32,-0.7,-2.277813,31.86151,33,5.7,-20.3702,160.5955
46.84595,-0.8911197,-6.319107,45.32224,-2.120347,2.842712,0.2212596,-0.06792114,0.03893775,0.01220302,0.9968559,-2.07531,2.86313,0.2151219,0.02571674,-0.1994082,0.979579,32,-0.7,-1.727756,27.94765,33,5.7,-19.82015,156.6816
46.8877,-0.9707881,-6.411373,45.97874,-2.268867,2.832892,0.2262355,-0.07124577,0.04227397,0.01256018,0.9964835,-2.228484,2.853673,0.2176663,0.02692764,-0.1983673,0.9797578,32,-0.7,-1.174624,24.01192,33,5.7,-19.26702,152.7459
46.92969,-0.439954,-8.615927,61.66496,-2.370883,2.823405,0.2316872,-0.07178725,0.04310631,0.01123969,0.9964247,-2.337152,2.844744,0.2206893,0.03033928,-0.1832747,0.9825935,32,-0.7,-0.6196864,20.06333,33,5.7,-18.71208,148.7973
46.97144,0.1821828,-9.974169,71.32932,-2.423722,2.815387,0.2376962,-0.07048186,0.04107478,0.008528939,0.9966305,-2.40995,2.828557,0.2284323,0.03585701,-0.1771003,0.9835394,32,-0.7,-0.06803668,16.13814,33,5.7,-18.16043,144.8721
47.01318,-0.2266887,-9.797499,70.07225,-2.424834,2.809181,0.2436008,-0.06548386,0.03857625,0.004117489,0.9970992,-2.418806,2.821399,0.2329339,0.03087313,-0.1777209,0.9835965,32,-0.7,0.4827674,12.21897,33,5.7,-17.60963,140.9529
47.05518,-0.3242679,-8.776801,62.8096,-2.378163,2.80408,0.2482541,-0.05672584,0.03776577,-4.400127E-05,0.9976753,-2.381778,2.814933,0.2374371,0.03231518,-0.1820594,0.9827564,32,-0.7,1.036928,8.275906,33,5.7,-17.05547,137.0099
47.09717,-0.8047354,-6.993608,50.12156,-2.28563,2.802905,0.2508789,-0.0446622,0.03535464,0.0007048231,0.9983761,-2.300274,2.80976,0.2420557,0.02940746,-0.1927681,0.9808035,32,-0.7,1.593314,4.317019,33,5.7,-16.49908,133.051
47.13867,-0.5442106,-7.797668,55.8427,-2.134865,2.805292,0.251112,-0.04750897,0.03686586,0.001706108,0.9981889,-2.157612,2.803103,0.2488369,0.028496,-0.1872315,0.9819024,32,-0.7,2.143064,0.4053404,33,5.7,-15.94933,129.1393
47.18042,-0.2171705,-7.960718,57.00288,-1.934747,2.812209,0.2524492,-0.05786079,0.04247233,0.006725084,0.9973981,-1.970093,2.802792,0.2503867,0.03033223,-0.1862497,0.9820341,33,5.7,-15.3989,125.2227,34,-0.7,-33.49155,253.9586
47.22217,0.3548999,-8.081877,57.86496,-1.685431,2.821431,0.255565,-0.06671971,0.04574626,0.01177969,0.9966529,-1.735013,2.805084,0.2513984,0.03562124,-0.1855613,0.9819868,33,5.7,-14.84565,121.2862,34,-0.7,-32.93831,250.022
47.26489,2.299132,-11.55532,82.5798,-1.397286,2.830796,0.2584396,-0.0598622,0.0502224,0.01212344,0.9968688,-1.461814,2.809919,0.2527355,0.04495751,-0.1717189,0.9841196,33,5.7,-14.28013,117.2623,34,-0.7,-32.37279,245.9982
47.30615,1.782632,-6.885359,49.3513,-1.077744,2.84144,0.2610502,-0.04911542,0.05490038,0.01411658,0.9971833,-1.133865,2.823471,0.2567453,0.05817836,-0.1936721,0.9793398,33,5.7,-13.73724,113.3994,34,-0.7,-31.82989,242.1353
47.34766,1.792571,-5.842616,41.9318,-0.7346748,2.85467,0.2620632,-0.04202708,0.05603275,0.01901687,0.9973628,-0.8027306,2.83136,0.2588853,0.06085812,-0.2033991,0.9772027,33,5.7,-13.18814,109.4924,34,-0.7,-31.2808,238.2282
47.3894,2.905972,-8.411609,60.21114,-0.3706693,2.870306,0.2612475,-0.0427839,0.05397314,0.0212501,0.9973992,-0.4508189,2.840342,0.2604843,0.05494853,-0.1841872,0.9813541,33,5.7,-12.63478,105.555,34,-0.7,-30.72744,234.2909
47.43213,3.670709,-11.16844,79.82693,0.01521258,2.88588,0.2608666,-0.04916378,0.05023521,0.02336008,0.9972531,-0.07768628,2.85062,0.2610731,0.04634607,-0.173335,0.9837719,33,5.7,-12.07118,101.5448,34,-0.7,-30.16384,230.2806
47.47314,4.657465,-15.28063,109.0868,0.4162051,2.901155,0.2603193,-0.05293833,0.0460507,0.02487094,0.9972253,0.3434495,2.874401,0.2613043,0.03907135,-0.1644273,0.9856151,33,5.7,-11.52826,97.68177,34,-0.7,-29.62092,226.4176
47.51465,4.873405,-14.07953,100.5404,0.8329761,2.914825,0.2591968,-0.05194693,0.04086816,0.02696146,0.9974489,0.748408,2.886999,0.2609156,0.04052524,-0.1666844,0.9851772,33,5.7,-10.97967,93.77831,34,-0.7,-29.07233,222.5141
47.55664,3.851835,-8.523316,61.00598,1.257985,2.925905,0.2581249,-0.0509307,0.03610048,0.03093594,0.99757,1.161816,2.898985,0.260345,0.04347947,-0.1846216,0.9818475,33,5.7,-10.42315,89.81845,34,-0.7,-28.5158,218.5543
47.59937,4.3018,-8.595666,61.52073,1.695558,2.93278,0.2568266,-0.05286989,0.03080583,0.03456291,0.9975276,1.587381,2.909791,0.2596312,0.04350638,-0.1844082,0.9818864,33,5.7,-9.860499,85.815,34,-0.7,-27.95316,214.5508
47.64014,4.919468,-9.278046,66.37611,2.135981,2.938029,0.2554609,-0.05098557,0.02704772,0.03579621,0.9976912,2.054736,2.926876,0.2576512,0.04256879,-0.1813605,0.982495,33,5.7,-9.319868,81.96821,34,-0.7,-27.41253,210.7041
47.6814,4.927277,-9.159932,65.53569,2.564581,2.939587,0.2542756,-0.04836893,0.02435678,0.03362048,0.9979664,2.474329,2.932289,0.2566788,0.03692259,-0.1820163,0.9826021,33,5.7,-8.775432,78.09435,34,-0.7,-26.86809,206.8302
47.72339,5.141872,-9.079223,64.96142,2.98475,2.940756,0.2533637,-0.04668105,0.02168277,0.03710264,0.997985,2.886356,2.935856,0.2557338,0.03425211,-0.1824602,0.9826164,33,5.7,-8.220969,74.14914,34,-0.7,-26.31363,202.885
47.76611,5.216321,-8.957622,64.09618,3.38708,2.940845,0.2524505,-0.04632514,0.02032262,0.03549294,0.9980888,3.282184,2.937919,0.2548603,0.02977017,-0.1830959,0.9826442,33,5.7,-7.655628,70.12653,34,-0.7,-25.74829,198.8624
47.80688,4.997408,-11.27439,80.58081,3.771972,2.940306,0.2531355,-0.05296687,0.0174897,0.03872138,0.997692,3.698343,2.939485,0.2532884,0.01592267,-0.17422,0.984578,33,5.7,-7.114327,66.27498,34,-0.7,-25.20699,195.0108
47.84863,5.1122,-12.91045,92.22195,4.134219,2.93888,0.2550405,-0.05459923,0.01043546,0.04100174,0.9976116,4.055724,2.939534,0.2530001,0.01131967,-0.169826,0.985409,33,5.7,-6.56446,62.36247,34,-0.7,-24.65712,191.0983
47.89014,4.751998,-14.15172,101.054,4.480647,2.938182,0.2588648,-0.05897374,0.004629493,0.04390281,0.9972829,4.397509,2.939068,0.2536504,0.003467228,-0.1671641,0.9859231,33,5.7,-6.014935,58.4524,34,-0.7,-24.1076,187.1882
47.93286,4.338379,-13.84979,98.90568,4.810434,2.934013,0.2624409,-0.05685795,-0.000972122,0.0448698,0.997373,4.7233,2.938547,0.2550576,-0.00384654,-0.1677665,0.9858193,33,5.7,-5.450577,54.43678,34,-0.7,-23.54324,183.1726
47.97388,5.182571,-9.264466,66.2795,5.123196,2.929164,0.2665113,-0.05212044,-0.003328532,0.0474078,0.9975094,5.062802,2.93543,0.2601262,0.00178392,-0.1817158,0.9833495,33,5.7,-4.907224,50.57063,34,-0.7,-22.99988,179.3065
48.01563,5.375859,-8.563768,61.29377,5.414922,2.923476,0.2704858,-0.0509147,-0.005351216,0.05074779,0.9973985,5.351012,2.932184,0.2632796,0.000400064,-0.1851088,0.982718,33,5.7,-4.356683,46.65332,34,-0.7,-22.44934,175.3892
48.05786,5.457645,-8.316814,59.5366,5.683416,2.917104,0.2744826,-0.05184182,-0.005577087,0.05336088,0.9972131,5.617347,2.928332,0.266358,-0.002647262,-0.1864008,0.9824702,33,5.7,-3.798681,42.68293,34,-0.7,-21.89134,171.4188
48.09985,5.582541,-8.257113,59.1118,5.923693,2.909831,0.2792244,-0.05466902,-0.005867809,0.05373628,0.9970403,5.857172,2.923983,0.2694658,-0.004585179,-0.1866756,0.9824109,33,5.7,-3.240663,38.71243,34,-0.7,-21.33332,167.4483
48.14087,5.489577,-10.47791,74.91348,6.133296,2.901782,0.2848669,-0.06033478,-0.01016891,0.05744238,0.9964721,6.090846,2.913636,0.2762938,-0.007929041,-0.1765963,0.9842514,33,5.7,-2.698644,34.85577,34,-0.7,-20.7913,163.5916
48.18237,5.202913,-10.03514,71.76304,6.30702,2.891701,0.2905868,-0.0659611,-0.01637986,0.05769759,0.9960181,6.265981,2.907844,0.2801553,-0.01463216,-0.1781481,0.9838949,33,5.7,-2.150763,30.95739,34,-0.7,-20.24342,159.6932
48.22437,4.969624,-12.06386,86.19814,6.449074,2.879435,0.2958479,-0.06633925,-0.02317402,0.05135584,0.9962052,6.410751,2.901286,0.2844733,-0.01652307,-0.1715809,0.9850315,33,5.7,-1.594869,27.00199,34,-0.7,-19.68753,155.7378
48.2666,4.758385,-12.22795,87.36572,6.553018,2.867892,0.3003638,-0.06170971,-0.02716845,0.05010144,0.9964656,6.519269,2.893395,0.2889689,-0.01992007,-0.1710609,0.9850591,33,5.7,-1.038435,23.04276,34,-0.7,-19.13109,151.7786
48.30811,4.586968,-9.320587,66.67872,6.622516,2.858531,0.3040044,-0.05897962,-0.02593747,0.05221761,0.9965551,6.606024,2.875329,0.2971542,-0.02990186,-0.1806193,0.9830984,33,5.7,-0.4901842,19.14176,34,-0.7,-18.58284,147.8776
48.34961,5.733747,-8.167734,58.47574,6.651662,2.851517,0.306606,-0.05498902,-0.02119139,0.05414927,0.9967924,6.640714,2.866619,0.3008909,-0.0153155,-0.1863312,0.9823676,33,5.7,0.06126302,15.21801,34,-0.7,-18.0314,143.9538
48.3916,5.711716,-9.202672,65.83971,6.631254,2.846776,0.3064709,-0.04937724,-0.01547426,0.05480953,0.9971551,6.628744,2.859121,0.3039629,-0.01376038,-0.1809917,0.9833884,33,5.7,0.6155604,11.27397,34,-0.7,-17.4771,140.0098
48.43335,6.063532,-7.984777,57.17393,6.559993,2.84463,0.3046419,-0.04660427,-0.01128826,0.05662289,0.9972435,6.568549,2.853079,0.3057857,-0.008723181,-0.1872021,0.9822827,33,5.7,1.168037,7.342898,34,-0.7,-16.92462,136.0787
48.4751,6.700251,-7.220137,51.73323,6.439439,2.843479,0.3007517,-0.04611882,-0.008072823,0.05490436,0.9973934,6.457983,2.845513,0.3060051,0.004623064,-0.1920794,0.9813685,33,5.7,1.71897,3.422807,34,-0.7,-16.37369,132.1586
48.51685,6.698432,-8.762521,62.70787,6.272241,2.845763,0.2965687,-0.05231606,-0.006735593,0.05450084,0.9971195,6.302271,2.843682,0.3041804,0.006241182,-0.1828467,0.9831216,34,-0.7,-15.8214,128.2289,35,5.7,-33.9139,256.9638
48.55859,6.589358,-9.155965,65.50737,6.06274,2.849782,0.2931556,-0.05872378,-0.00226751,0.05288532,0.9968699,6.105463,2.843221,0.3013803,0.007298256,-0.1809761,0.9834604,34,-0.7,-15.26831,124.2934,35,5.7,-33.36081,253.0283
48.6001,6.273384,-9.360628,66.96358,5.81199,2.853876,0.2889699,-0.05428487,0.0005134046,0.05587412,0.9969609,5.868828,2.844346,0.2984577,0.005969121,-0.1800825,0.9836334,34,-0.7,-14.72184,120.4051,35,5.7,-32.81435,249.14
48.64185,5.407128,-9.056309,64.79823,5.518937,2.861324,0.2836818,-0.04805348,0.001982063,0.05737288,0.9971937,5.571483,2.849789,0.2923626,-0.002505605,-0.1815074,0.9833864,34,-0.7,-14.16953,116.4752,35,5.7,-32.26204,245.2101
48.68359,5.366221,-8.1185,58.12538,5.192877,2.871461,0.2775842,-0.04912104,0.002625942,0.05455001,0.9972987,5.258691,2.854009,0.2886201,0.001826581,-0.1863902,0.9824741,34,-0.7,-13.61813,112.5518,35,5.7,-31.71064,241.2867
48.72534,4.722567,-8.006012,57.32499,4.835107,2.882415,0.2703544,-0.05187671,0.002547115,0.05003958,0.9973958,4.915226,2.85992,0.2844011,-0.003317923,-0.1871287,0.9823298,34,-0.7,-13.06641,108.6261,35,5.7,-31.15891,237.361
48.76709,4.441326,-7.709237,55.21333,4.454185,2.893137,0.2629657,-0.05414627,0.001490116,0.04628389,0.9974586,4.54847,2.867281,0.2796354,-0.001915257,-0.1890599,0.9819637,34,-0.7,-12.51396,104.6952,35,5.7,-30.60647,233.4301
48.80908,3.371207,-8.6552,61.9442,4.066225,2.903003,0.2559496,-0.05604495,0.001150012,0.04125763,0.9975748,4.140621,2.883995,0.2686765,-0.0122615,-0.1838903,0.9828703,34,-0.7,-11.95832,100.7416,35,5.7,-30.05083,229.4765
48.85107,0.7897931,-8.692829,62.21196,3.665671,2.911576,0.2491558,-0.0558821,0.003627062,0.03445068,0.9978362,3.750955,2.892342,0.2632123,-0.04693385,-0.1836228,0.9818757,34,-0.7,-11.40364,96.79485,35,5.7,-29.49614,225.5298
48.89307,-0.487429,-10.69523,76.45981,3.258919,2.918913,0.2426525,-0.05637171,0.005910426,0.02987255,0.9979454,3.354868,2.900212,0.2574559,-0.04957742,-0.175423,0.9832441,34,-0.7,-10.84708,92.83471,35,5.7,-28.93958,221.5696
48.93481,-0.1700423,-9.063915,64.85236,2.849233,2.923947,0.2358659,-0.05483246,0.009613454,0.0251017,0.9981337,2.955434,2.90735,0.2518467,-0.04751793,-0.1820042,0.9821489,34,-0.7,-10.29481,88.90511,35,5.7,-28.38731,217.64
48.97656,-0.5123942,-9.184191,65.70818,2.43446,2.928547,0.2294361,-0.05389034,0.01340124,0.02047468,0.998247,2.51486,2.918894,0.2410468,-0.04542337,-0.1816045,0.982322,34,-0.7,-9.743817,84.98462,35,5.7,-27.83632,213.7195
49.01855,-1.197032,-10.14084,72.5151,2.014952,2.930803,0.2230489,-0.0543947,0.01778758,0.01472333,0.9982525,2.105478,2.923126,0.235795,-0.04491706,-0.1776815,0.9830624,34,-0.7,-9.188913,81.03627,35,5.7,-27.28142,209.7712
49.0603,-0.8882809,-8.603364,61.57538,1.595408,2.931468,0.217484,-0.05686022,0.0211859,0.01133749,0.998093,1.695753,2.92642,0.2306323,-0.04136287,-0.1845583,0.9819508,34,-0.7,-8.636353,77.1046,35,5.7,-26.72886,205.8395
49.10205,-1.66173,-10.90014,77.91766,1.180902,2.930142,0.2126932,-0.05875824,0.02454993,0.009046184,0.9979294,1.29035,2.928692,0.2255435,-0.03738302,-0.1751184,0.9838374,34,-0.7,-8.084923,73.18097,35,5.7,-26.17743,201.9159
49.14404,-1.055853,-9.12896,65.31509,0.766467,2.927194,0.2083373,-0.05462772,0.02790123,0.007255552,0.9980906,0.8477295,2.929784,0.2166083,-0.02874056,-0.1820647,0.9828665,34,-0.7,-7.530252,69.23428,35,5.7,-25.62276,197.9692
49.18555,-1.469471,-8.975993,64.22667,0.3528274,2.922669,0.2046521,-0.0548459,0.02891576,0.004511395,0.9980659,0.443139,2.92845,0.2126921,-0.0293617,-0.1827529,0.9827203,34,-0.7,-6.981423,65.32916,35,5.7,-25.07393,194.0641
49.22705,-1.667088,-8.9999,64.39678,-0.04683244,2.918966,0.2023544,-0.05632403,0.02417967,0.008650197,0.9980823,0.0510701,2.926311,0.2090331,-0.02630816,-0.1826123,0.982833,34,-0.7,-6.430203,61.40703,35,5.7,-24.52271,190.1419
49.26904,-0.6771584,-13.81874,98.68462,-0.4320562,2.913481,0.2011085,-0.06058995,0.02236763,0.004433984,0.9979023,-0.363784,2.920145,0.2039452,-0.00313708,-0.1675671,0.9858556,34,-0.7,-5.874828,57.45533,35,5.7,-23.96733,186.1902
49.3103,-0.6311901,-15.90235,113.5103,-0.7956175,2.905977,0.2000319,-0.06031677,0.02138817,0.0009768419,0.9979497,-0.7221718,2.91645,0.2023522,0.0007921103,-0.163841,0.9864864,34,-0.7,-5.330277,53.58065,35,5.7,-23.42278,182.3156
49.35254,-1.110467,-9.938953,71.07849,-1.129677,2.897723,0.1992695,-0.05603889,0.02405149,-0.001059487,0.9981384,-1.052933,2.911874,0.201236,-0.0007987047,-0.1784023,0.9839574,34,-0.7,-4.773693,49.62035,35,5.7,-22.8662,178.3553
49.39429,-0.512969,-6.955875,49.85278,-1.440028,2.888765,0.1985652,-0.05377091,0.02799997,-0.001481901,0.9981595,-1.360882,2.906196,0.2003918,0.01674743,-0.1947893,0.9807021,34,-0.7,-4.220477,45.68401,35,5.7,-22.31298,174.4189
49.43604,-0.823076,-7.416812,53.13253,-1.719952,2.8798,0.1986346,-0.05584384,0.03152564,-0.0006071851,0.9979416,-1.668654,2.892775,0.1988145,0.01567774,-0.1911485,0.9814359,34,-0.7,-3.670077,41.76771,35,5.7,-21.76258,170.5026
49.47729,-0.4018516,-12.07432,86.27246,-1.967478,2.870851,0.2000895,-0.05941888,0.03553173,-0.000395095,0.9976006,-1.915224,2.8857,0.1986755,0.01731997,-0.1712118,0.985082,34,-0.7,-3.122264,37.86982,35,5.7,-21.21477,166.6047
49.51929,0.05787946,-13.2317,94.50763,-2.181231,2.861084,0.2015105,-0.05665308,0.03559652,-0.0004139002,0.997759,-2.129629,2.878691,0.1991534,0.02285807,-0.1683433,0.9854634,34,-0.7,-2.566545,33.91568,35,5.7,-20.65905,162.6506
49.56128,-1.019137,-8.565692,61.30724,-2.357719,2.852664,0.2039202,-0.0574442,0.03256807,-0.001459441,0.9978163,-2.308755,2.871314,0.2000397,0.02073954,-0.183929,0.9827207,34,-0.7,-2.011181,29.96406,35,5.7,-20.10368,158.699
49.60303,0.1726508,-19.59733,139.8015,-2.480904,2.844443,0.2066499,-0.06200594,0.02704164,-0.004003946,0.9977014,-2.455169,2.856667,0.2028321,0.01858202,-0.1587782,0.9871394,34,-0.7,-1.461252,26.05111,35,5.7,-19.55375,154.786
49.64453,-0.006311656,-24.38791,173.8882,-2.552127,2.83696,0.2094261,-0.06305942,0.02380338,-0.007313625,0.9976991,-2.532421,2.849924,0.2047464,0.01436723,-0.1549149,0.9878234,34,-0.7,-0.9108201,22.13458,35,5.7,-19.00332,150.8695
49.68652,-1.441062,-8.755562,62.65825,-2.56411,2.831023,0.2121287,-0.0608173,0.02355281,-0.008752864,0.9978327,-2.553502,2.843537,0.2066692,0.01751066,-0.1825786,0.9830353,34,-0.7,-0.3578958,18.20032,35,5.7,-18.4504,146.9352
49.72876,-0.9943095,-7.739397,55.42784,-2.522941,2.827397,0.2148595,-0.05788758,0.02648994,-0.01028492,0.9979186,-2.523578,2.837615,0.2088513,0.02719008,-0.188057,0.9817817,34,-0.7,0.2004052,14.2278,35,5.7,-17.8921,142.9627
49.77026,-0.7968097,-6.985491,50.06352,-2.433632,2.825467,0.2169217,-0.05384867,0.02933663,-0.01001855,0.9980679,-2.445704,2.828855,0.2133601,0.03243696,-0.1930672,0.9806492,34,-0.7,0.7501357,10.31627,35,5.7,-17.34237,139.0512
49.81177,-0.2971831,-7.84414,56.17315,-2.303031,2.824411,0.2175459,-0.04916347,0.02991676,-0.008140391,0.9983094,-2.324884,2.826202,0.2153277,0.03557235,-0.1871919,0.981679,34,-0.7,1.300442,6.400636,35,5.7,-16.79206,135.1355
49.85376,0.6670681,-9.392723,67.19189,-2.119138,2.82639,0.2179623,-0.05001619,0.03169796,-0.007189978,0.9982194,-2.153231,2.82454,0.2167158,0.04139052,-0.1792998,0.9829234,34,-0.7,1.855112,2.453954,35,5.7,-16.23739,131.1888
49.896,1.219619,-9.899121,70.79511,-1.882753,2.83054,0.2183527,-0.05429184,0.03421795,-0.005100471,0.9979256,-1.931648,2.823945,0.2174968,0.04389903,-0.1772399,0.9831882,35,5.7,-15.68111,127.2307,36,-5.7,-34.61549,261.9559
49.9375,2.788518,-14.4944,103.4923,-1.602268,2.838304,0.2199155,-0.05584779,0.03546941,-0.003638616,0.9978024,-1.648624,2.827541,0.2184384,0.04233492,-0.1652693,0.9853395,35,5.7,-15.13184,123.3225,36,-5.7,-34.06622,258.0477
49.97876,2.316848,-13.5013,96.42596,-1.285887,2.846271,0.2211595,-0.05499076,0.03435314,-0.004748421,0.9978845,-1.345438,2.831677,0.2191098,0.03750338,-0.1672567,0.9851998,35,5.7,-14.58682,119.4445,36,-5.7,-33.5212,254.1697
50.02051,2.881931,-14.07505,100.5085,-0.9290945,2.856406,0.2220099,-0.0516514,0.03416219,-0.001459312,0.9980797,-1.003354,2.837176,0.2200354,0.03817387,-0.1661668,0.9853585,35,5.7,-14.03334,115.5062,36,-5.7,-32.96772,250.2314
50.0625,2.212922,-9.985018,71.4063,-0.5445626,2.867235,0.2216873,-0.04777154,0.03333989,0.002272279,0.9982992,-0.6337063,2.843762,0.2208784,0.03932449,-0.1772221,0.9833849,35,5.7,-13.47727,111.5496,36,-5.7,-32.41166,246.2748
50.10449,2.736197,-10.58882,75.70262,-0.1360609,2.880078,0.221474,-0.04897785,0.03294811,0.005635424,0.9982404,-0.2075252,2.859559,0.221856,0.0383667,-0.1752781,0.9837711,35,5.7,-12.92369,107.6106,36,-5.7,-31.85807,242.3358
50.146,3.272798,-11.22254,80.21179,0.2955163,2.892842,0.2213897,-0.05296224,0.02984613,0.01189929,0.9980794,0.2107896,2.868863,0.2218641,0.03767263,-0.17337,0.984136,35,5.7,-12.37449,103.7029,36,-5.7,-31.30887,238.4281
50.18774,3.884104,-12.18066,87.02915,0.7479846,2.905211,0.2218412,-0.05575912,0.02601025,0.01716419,0.9979578,0.6493942,2.878817,0.2217546,0.03668995,-0.1708133,0.98462,35,5.7,-11.82118,99.76586,36,-5.7,-30.75556,234.4911
50.23022,4.188252,-13.64847,97.47318,1.221699,2.917067,0.2231015,-0.05650752,0.02258831,0.02105352,0.9979246,1.108468,2.888924,0.2217004,0.03120486,-0.1675596,0.985368,35,5.7,-11.26077,95.7784,36,-5.7,-30.19516,230.5036
50.27124,4.262805,-10.57913,75.63371,1.707625,2.927243,0.2240333,-0.05454578,0.01798117,0.02434282,0.9980525,1.621113,2.908926,0.2224393,0.03446275,-0.1759613,0.9837936,35,5.7,-10.71709,91.90989,36,-5.7,-29.65147,226.6351
50.3125,4.366621,-10.16455,72.68379,2.20316,2.934835,0.2249162,-0.05148828,0.0147281,0.02637003,0.9982168,2.103742,2.917786,0.223236,0.03071774,-0.1775879,0.9836254,35,5.7,-10.17282,88.0372,36,-5.7,-29.1072,222.7624
50.35449,4.09126,-7.626987,54.62808,2.704403,2.942509,0.2268355,-0.05272549,0.01283249,0.03122868,0.9980381,2.592316,2.925362,0.2240767,0.02703808,-0.1903443,0.981345,35,5.7,-9.61932,84.09884,36,-5.7,-28.5537,218.8241
50.39624,4.628588,-7.397814,52.99744,3.214299,2.947475,0.2293199,-0.05679175,0.01340768,0.034142,0.997712,3.089359,2.932009,0.2250105,0.02861234,-0.1920186,0.9809741,35,5.7,-9.067095,80.16956,36,-5.7,-28.00148,214.8948
50.43799,5.423812,-9.672453,69.18234,3.718949,2.949153,0.2318972,-0.05525133,0.01572233,0.03971973,0.9975583,3.627054,2.942882,0.2279712,0.02562332,-0.1799058,0.9833501,35,5.7,-8.514583,76.23823,36,-5.7,-27.44897,210.9635
50.47974,6.004681,-9.229882,66.03329,4.208601,2.949072,0.2349692,-0.05287736,0.01705551,0.04208243,0.9975682,4.107143,2.946135,0.2299613,0.02834373,-0.1818748,0.9829131,35,5.7,-7.962419,72.30938,36,-5.7,-26.8968,207.0346
50.52148,6.444346,-8.835823,63.22942,4.687764,2.948072,0.2380341,-0.05161313,0.01294264,0.0461499,0.9975164,4.577447,2.947706,0.2321223,0.02911701,-0.1837815,0.9825358,35,5.7,-7.409581,68.37573,36,-5.7,-26.34396,203.101
50.56372,7.061673,-10.22198,73.09242,5.147591,2.945417,0.2415475,-0.05460415,0.009597509,0.04092135,0.997623,5.029898,2.947866,0.2344069,0.02743171,-0.1778108,0.9836823,35,5.7,-6.850619,64.39851,36,-5.7,-25.785,199.1237
50.60522,4.984782,-11.22331,80.21725,5.586405,2.942711,0.2458557,-0.05693721,0.007727891,0.04082922,0.9975126,5.504438,2.945762,0.2395573,-0.006397775,-0.1744427,0.9846466,35,5.7,-6.30232,60.49716,36,-5.7,-25.2367,195.2224
50.64673,5.310461,-12.10593,86.49743,6.003218,2.937886,0.2498174,-0.05319136,0.00332889,0.04958082,0.9973471,5.915155,2.943965,0.2426343,-0.006906075,-0.1718809,0.9850935,35,5.7,-5.75282,56.58727,36,-5.7,-24.6872,191.3125
50.68872,5.49085,-11.26487,80.51299,6.397541,2.933751,0.2537493,-0.04859626,-0.0007814765,0.05170589,0.997479,6.304505,2.941313,0.2458072,-0.009981227,-0.174269,0.9846475,35,5.7,-5.198507,52.64313,36,-5.7,-24.13289,187.3684
50.7312,5.654289,-9.860268,70.51871,6.764949,2.928598,0.2573985,-0.04869782,-0.006898522,0.05241472,0.9974135,6.668407,2.938084,0.2489527,-0.01419681,-0.1791659,0.9837164,35,5.7,-4.638391,48.6577,36,-5.7,-23.57277,183.3829
50.77246,5.362154,-9.835912,70.34541,7.101991,2.922385,0.2598768,-0.04496871,-0.01126048,0.05136974,0.9976033,7.037456,2.930751,0.2551143,-0.02350867,-0.179148,0.9835413,35,5.7,-4.091516,44.76648,36,-5.7,-23.0259,179.4917
50.81421,5.189251,-9.653097,69.04462,7.401617,2.916681,0.2615684,-0.04166439,-0.0164271,0.05042059,0.9977235,7.335682,2.926502,0.257666,-0.03068056,-0.1798095,0.9832229,35,5.7,-3.540961,40.84908,36,-5.7,-22.47534,175.5743
50.8562,4.938231,-10.16656,72.69811,7.664061,2.909855,0.2622249,-0.04311568,-0.0212017,0.04903246,0.9976409,7.598567,2.92189,0.2596762,-0.03611673,-0.1776887,0.9834238,35,5.7,-2.985032,36.89344,36,-5.7,-21.91941,171.6187
50.89795,5.419464,-9.753351,69.75797,7.885334,2.903962,0.2634673,-0.04894275,-0.02486691,0.04747538,0.9973627,7.822497,2.916882,0.2609134,-0.03399714,-0.1792532,0.9832154,35,5.7,-2.431525,32.95503,36,-5.7,-21.36591,167.6803
50.93945,4.547091,-10.54348,75.38005,8.063753,2.89682,0.2648836,-0.05194589,-0.02690232,0.04924903,0.997072,8.027124,2.906941,0.2628412,-0.04555542,-0.1760729,0.9833224,35,5.7,-1.883218,29.05362,36,-5.7,-20.8176,163.7789
50.9812,4.400372,-11.56078,82.61847,8.202734,2.888667,0.2665386,-0.05212411,-0.02665678,0.0517823,0.9969409,8.169394,2.901639,0.2639711,-0.04503035,-0.1727894,0.9839289,35,5.7,-1.333181,25.1399,36,-5.7,-20.26756,159.8651
51.02319,4.10499,-12.22874,87.37136,8.291551,2.881152,0.268089,-0.0531962,-0.02738732,0.05352518,0.9967724,8.264228,2.895856,0.2652998,-0.04699325,-0.1708855,0.9841696,35,5.7,-0.777778,21.18801,36,-5.7,-19.71216,155.9133
51.06567,3.807414,-12.56982,89.79833,8.327935,2.873363,0.2691182,-0.05475588,-0.02750516,0.05147062,0.9967929,8.309281,2.889838,0.2663906,-0.04948829,-0.1699456,0.9842101,35,5.7,-0.2151132,17.18444,36,-5.7,-19.14949,151.9097
51.10645,3.740542,-13.60477,97.16234,8.307772,2.866652,0.2704694,-0.05462437,-0.02826583,0.05171511,0.9967662,8.306645,2.877808,0.2688378,-0.04640755,-0.1675204,0.9847757,35,5.7,0.3242626,13.34658,36,-5.7,-18.61012,148.0718
51.14819,3.706767,-14.25549,101.7925,8.227942,2.859635,0.2707195,-0.05469554,-0.02896062,0.05236566,0.9967084,8.237696,2.871938,0.2698282,-0.04396532,-0.1661939,0.9851125,35,5.7,0.8749111,9.428516,36,-5.7,-18.05947,144.1538
51.19019,4.297082,-11.91417,85.13309,8.089231,2.85366,0.2704454,-0.05349322,-0.0302962,0.05215557,0.9967449,8.11241,2.866187,0.2704501,-0.04424873,-0.1714169,0.9842044,35,5.7,1.430078,5.478297,36,-5.7,-17.5043,140.2035
51.23242,3.761678,-13.7094,97.90686,7.89927,2.848299,0.2694295,-0.05267812,-0.02874422,0.05195447,0.9968448,7.93749,2.860689,0.270768,-0.04212879,-0.1671717,0.9850273,35,5.7,1.991152,1.486047,36,-5.7,-16.94323,136.2113
51.27319,3.999871,-12.80873,91.49824,7.645771,2.846444,0.2685275,-0.05166791,-0.02607831,0.05353893,0.9968871,7.687976,2.85111,0.2703283,-0.03981303,-0.1690477,0.9848034,36,-5.7,-16.40406,132.3749,37,5.7,-35.16994,265.9008
51.31445,4.587757,-10.7111,76.57283,7.334014,2.849089,0.268672,-0.05547456,-0.01981947,0.05210506,0.9969027,7.392428,2.847823,0.2695688,-0.0361663,-0.1748426,0.983932,36,-5.7,-15.85918,128.4979,37,5.7,-34.62506,262.0238
51.35645,4.989779,-11.17267,79.85709,6.9705,2.852412,0.267772,-0.04927965,-0.01582584,0.05591064,0.9970933,7.046757,2.846749,0.2693033,-0.02544529,-0.1734234,0.9845186,36,-5.7,-15.30445,124.5508,37,5.7,-34.07034,258.0768
51.39941,5.228113,-10.81697,77.32614,6.555322,2.858193,0.2646696,-0.03796576,-0.01452279,0.06054757,0.9973373,6.651099,2.847633,0.2691759,-0.01818001,-0.1745782,0.9844755,36,-5.7,-14.73688,120.5123,37,5.7,-33.50276,254.0382
51.44043,4.806051,-7.295068,52.26648,6.101262,2.86706,0.2602445,-0.03490124,-0.01568449,0.06323342,0.997265,6.183083,2.853442,0.2666532,-0.02598235,-0.1914857,0.9811515,36,-5.7,-14.19297,116.6422,37,5.7,-32.95886,250.1681
51.48218,4.632032,-7.161243,51.31427,5.618331,2.877411,0.2551098,-0.04339673,-0.01398206,0.0617537,0.9970496,5.716443,2.858413,0.2641758,-0.0208399,-0.1925547,0.981065,36,-5.7,-13.64233,112.7241,37,5.7,-32.40821,246.2501
51.52393,4.113164,-7.876771,56.40552,5.109195,2.886842,0.2491514,-0.04846146,-0.01271683,0.0577792,0.9970714,5.223866,2.86531,0.26079,-0.01942676,-0.1878843,0.981999,36,-5.7,-13.08981,108.7927,37,5.7,-31.85569,242.3187
51.56641,2.61143,-9.411865,67.32829,4.577481,2.896011,0.2434099,-0.05057485,-0.01071253,0.05212243,0.9973018,4.708979,2.873049,0.2567242,-0.03074703,-0.180079,0.9831715,36,-5.7,-12.52742,104.7911,37,5.7,-31.2933,238.3171
51.60767,0.9786705,-12.48726,89.21086,4.027619,2.904625,0.2380065,-0.05058595,-0.009411067,0.04837441,0.9975031,4.130031,2.888607,0.2475724,-0.0348844,-0.1702052,0.984791,36,-5.7,-11.98243,100.9134,37,5.7,-30.74832,234.4393
51.64941,0.7387491,-11.55129,82.55107,3.468104,2.912069,0.232769,-0.05109062,-0.008035184,0.04296285,0.9977372,3.585292,2.895734,0.2431113,-0.03404357,-0.1727809,0.9843718,36,-5.7,-11.43116,96.99084,37,5.7,-30.19704,230.5168
51.69141,0.07968833,-12.18079,87.03019,2.901273,2.91739,0.2275821,-0.05060527,-0.006988972,0.0366623,0.9980211,3.032894,2.902478,0.2387772,-0.03350517,-0.171125,0.9846795,36,-5.7,-10.87638,93.04345,37,5.7,-29.64227,226.5694
51.7334,-0.5930437,-12.69341,90.67767,2.337509,2.920824,0.2213978,-0.04621851,-0.004432052,0.03425966,0.9983339,2.482324,2.908351,0.2347821,-0.03348972,-0.1698979,0.9848925,36,-5.7,-10.31999,89.08451,37,5.7,-29.08588,222.6104
51.7749,-0.01830912,-10.05439,71.90006,1.776677,2.924148,0.2150259,-0.04411815,0.000300616,0.03116838,0.99854,1.883796,2.917077,0.2259324,-0.02610513,-0.1780247,0.9836797,36,-5.7,-9.77093,85.17773,37,5.7,-28.53682,218.7036
51.81665,-0.8633926,-10.25373,73.3185,1.21626,2.926267,0.2085315,-0.04688161,0.004928768,0.02732205,0.9985146,1.335699,2.920113,0.2209812,-0.02959439,-0.1772878,0.983714,36,-5.7,-9.220363,81.26024,37,5.7,-27.98625,214.7861
51.8584,-1.959993,-15.15379,108.1841,0.6539697,2.927208,0.2026853,-0.04913371,0.007214278,0.02251464,0.9985124,0.7860319,2.922516,0.2156159,-0.02507656,-0.1650719,0.9859627,36,-5.7,-8.666889,77.32207,37,5.7,-27.43278,210.848
51.8999,-2.289916,-16.70885,119.2489,0.0997417,2.925426,0.1966278,-0.04905373,0.01019302,0.01705434,0.9985985,0.2436019,2.924338,0.2106096,-0.02099488,-0.1626973,0.9864526,36,-5.7,-8.11819,73.41788,37,5.7,-26.88408,206.9438
51.94165,-1.782966,-12.56226,89.74453,-0.4535952,2.923928,0.1915525,-0.05114148,0.01451516,0.01300025,0.9985013,-0.3476969,2.925303,0.2010041,-0.01579225,-0.1704096,0.9852468,36,-5.7,-7.566839,69.49481,37,5.7,-26.33273,203.0207
51.9834,-1.975575,-13.37395,95.51985,-0.9921478,2.918959,0.1865662,-0.05300303,0.02028942,0.01239041,0.9983113,-0.8757888,2.92465,0.1965922,-0.01137166,-0.1685257,0.9856317,36,-5.7,-7.016495,65.5789,37,5.7,-25.78238,199.1048
52.02539,-1.589498,-11.30721,80.81433,-1.510744,2.91204,0.1842193,-0.06219106,0.02434894,0.01419646,0.9976663,-1.385383,2.922673,0.1923791,-0.002493205,-0.1738141,0.9847754,36,-5.7,-6.461472,61.62971,37,5.7,-25.22736,195.1556
52.06714,-1.481705,-13.69943,97.83575,-2.005248,2.904267,0.1824011,-0.05884951,0.02668801,0.01430718,0.9978075,-1.872708,2.919308,0.1887589,0.003947462,-0.1677781,0.9858169,36,-5.7,-5.90936,57.70123,37,5.7,-24.67525,191.2271
52.10889,-1.764798,-10.44409,74.67294,-2.470165,2.896782,0.182318,-0.05570624,0.03059035,0.008816672,0.9979396,-2.377889,2.908819,0.1839323,0.008101228,-0.1764417,0.9842778,36,-5.7,-5.356377,53.76655,37,5.7,-24.12226,187.2925
52.15063,-2.126673,-9.847699,70.42941,-2.910405,2.889714,0.182104,-0.05035021,0.03387803,0.004764166,0.9981455,-2.81246,2.902958,0.1829355,0.009605203,-0.1785866,0.9838773,36,-5.7,-4.80289,49.82829,37,5.7,-23.56878,183.3542
52.19287,-2.499068,-9.017548,64.52257,-3.324115,2.880596,0.1805283,-0.04106726,0.03847814,0.002201518,0.9984128,-3.22159,2.897007,0.1824583,0.01104133,-0.182074,0.9832228,36,-5.7,-4.246929,45.87242,37,5.7,-23.01282,179.3983
52.23438,-2.570179,-7.799366,55.85476,-3.712544,2.872877,0.1791615,-0.03632607,0.04246816,0.003445954,0.9984313,-3.606486,2.890739,0.1819841,0.01827724,-0.1885403,0.9818953,36,-5.7,-3.697778,41.96501,37,5.7,-22.46367,175.4909
52.27637,-2.663215,-9.781601,69.95895,-4.063585,2.866774,0.1787663,-0.04201189,0.04484919,0.004557132,0.9980996,-3.992165,2.877725,0.1802918,0.01873604,-0.1784759,0.9837659,36,-5.7,-3.142357,38.01299,37,5.7,-21.90825,171.5389
52.31787,-3.189037,-10.90621,77.96099,-4.387421,2.858324,0.1784216,-0.04584984,0.04457676,0.0004747538,0.9979532,-4.313745,2.871945,0.1795264,0.01423677,-0.1744063,0.9845709,36,-5.7,-2.593513,34.10775,37,5.7,-21.3594,167.6337
52.35962,-3.125519,-12.25261,87.54108,-4.669891,2.850566,0.1790757,-0.04628623,0.04423007,-0.002425933,0.9979455,-4.596363,2.866231,0.1790179,0.01658733,-0.1705013,0.9852179,36,-5.7,-2.041704,30.18143,37,5.7,-20.80759,163.7073
52.40161,-2.786568,-12.84969,91.78957,-4.913125,2.841641,0.179956,-0.04681189,0.04396042,-0.004937202,0.9979237,-4.841743,2.860174,0.178791,0.02210562,-0.1689764,0.9853721,36,-5.7,-1.487734,26.23973,37,5.7,-20.25362,159.7656
52.44312,-2.830764,-11.22756,80.24747,-5.11052,2.833704,0.1815687,-0.04654469,0.04295797,-0.006994434,0.9979677,-5.067675,2.847176,0.1793832,0.02750532,-0.1730645,0.9845263,36,-5.7,-0.9383457,22.33063,37,5.7,-19.70423,155.8565
52.48486,-3.170233,-10.77278,77.01153,-5.256281,2.825455,0.1832788,-0.04638748,0.04430687,-0.007996788,0.9979084,-5.2181,2.840501,0.1802652,0.02623627,-0.1744066,0.9843242,36,-5.7,-0.3847921,18.39189,37,5.7,-19.15068,151.9178
52.52661,-3.196332,-10.80154,77.2162,-5.348677,2.818888,0.1850139,-0.0417078,0.04639396,-0.00732173,0.9980253,-5.317789,2.833996,0.1814859,0.02710749,-0.1742317,0.9843315,36,-5.7,0.167788,14.46008,37,5.7,-18.5981,147.986
52.56836,-2.911055,-10.06247,71.95744,-5.384461,2.814287,0.1867051,-0.0392638,0.0496982,-0.004471176,0.9979823,-5.363706,2.827577,0.1828244,0.03361449,-0.1766628,0.9836973,36,-5.7,0.7190266,10.53781,37,5.7,-18.04686,144.0637
52.61011,-2.525468,-9.481403,67.82294,-5.366315,2.811452,0.1885312,-0.04047949,0.05346182,-0.00202184,0.9977471,-5.364427,2.817085,0.1855549,0.04126094,-0.1787441,0.9830301,36,-5.7,1.270066,6.616964,37,5.7,-17.49582,140.1429
52.6521,-2.196363,-9.149041,65.45806,-5.296394,2.81023,0.1900972,-0.03873002,0.05631474,0.001117279,0.9976609,-5.304831,2.813545,0.1869539,0.04679241,-0.1800753,0.9825392,36,-5.7,1.824702,2.670522,37,5.7,-16.94118,136.1964
52.69385,-1.928592,-9.839901,70.37378,-5.176593,2.810293,0.1913342,-0.03787123,0.05783579,0.003134113,0.9976027,-5.197121,2.811181,0.1883644,0.04578326,-0.1772075,0.983108,37,5.7,-16.3891,132.2682,38,-5.7,-34.77931,263.1215
52.73584,-1.393378,-9.59513,68.63214,-5.012548,2.81132,0.1918438,-0.04077258,0.05964201,0.005414088,0.9973721,-5.037789,2.809274,0.1906915,0.05232326,-0.1780915,0.9826219,37,5.7,-15.83368,128.3162,38,-5.7,-34.22389,259.1695
52.77759,-0.6016756,-11.44853,81.81973,-4.803647,2.81479,0.1933439,-0.04494427,0.06032822,0.008968296,0.997126,-4.840274,2.809615,0.191512,0.05108442,-0.1718419,0.9837992,37,5.7,-15.28238,124.3934,38,-5.7,-33.67258,255.2467
52.81909,1.142897,-15.58783,111.2724,-4.549136,2.819704,0.1952239,-0.04820919,0.0580832,0.01201534,0.9970747,-4.599059,2.8109,0.1923368,0.05093105,-0.1631964,0.9852781,37,5.7,-14.73206,120.4777,38,-5.7,-33.12227,251.331
52.86108,3.136401,-19.88766,141.8672,-4.255241,2.826701,0.1972328,-0.04504367,0.05577299,0.007983179,0.997395,-4.319442,2.813444,0.193395,0.05189394,-0.1580036,0.986074,37,5.7,-14.17838,116.538,38,-5.7,-32.56858,247.3913
52.90259,-0.2388265,-9.691308,69.31646,-3.925912,2.836102,0.1989856,-0.03900155,0.05297771,0.01134269,0.9977694,-3.980932,2.821931,0.1962212,0.05319768,-0.1778879,0.9826118,37,5.7,-13.62904,112.6293,38,-5.7,-32.01925,243.4826
52.94409,-0.3290968,-8.498355,60.82816,-3.563921,2.848456,0.2007009,-0.03701609,0.05106633,0.01690677,0.9978658,-3.63216,2.828141,0.1976881,0.05347554,-0.1833723,0.981588,37,5.7,-13.07959,108.7198,38,-5.7,-31.4698,239.5731
52.98584,0.4870382,-9.694231,69.33727,-3.176075,2.861572,0.2015656,-0.0372537,0.04744598,0.02121009,0.9979535,-3.257864,2.835994,0.1991293,0.05322174,-0.1780768,0.9825763,37,5.7,-12.5263,104.7829,38,-5.7,-30.91651,235.6362
53.02783,2.961582,-11.73267,83.84148,-2.761586,2.875749,0.2028725,-0.04140718,0.0452767,0.02710931,0.9977478,-2.857657,2.845227,0.2003508,0.06838021,-0.1713006,0.982843,37,5.7,-11.97157,100.8358,38,-5.7,-30.36177,231.6891
53.06982,2.028259,-9.541643,68.25154,-2.323976,2.888607,0.2044653,-0.04350959,0.04473081,0.03229356,0.9975286,-2.39927,2.866423,0.2023004,0.06387751,-0.1790156,0.9817704,37,5.7,-11.41891,96.90338,38,-5.7,-29.80911,227.7567
53.11133,2.817275,-10.04039,71.80034,-1.879713,2.9007,0.2066406,-0.04411842,0.04567629,0.03360074,0.9974158,-1.967024,2.877126,0.203408,0.0656192,-0.1771707,0.9819902,37,5.7,-10.86834,92.98589,38,-5.7,-29.25855,223.8392
53.15332,3.618076,-10.68526,76.38882,-1.42953,2.910414,0.2086965,-0.04365493,0.04462397,0.03878692,0.9972956,-1.528297,2.887441,0.2047732,0.06635806,-0.1750084,0.9823282,37,5.7,-10.31453,89.04537,38,-5.7,-28.70474,219.8987
53.19531,4.18894,-10.96002,78.34368,-0.9749553,2.919134,0.2105206,-0.0409481,0.04367256,0.04371615,0.9972486,-1.084904,2.896988,0.2063947,0.06631133,-0.1742328,0.9824692,37,5.7,-9.758829,85.09132,38,-5.7,-28.14904,215.9446
53.23706,3.343448,-8.04527,57.60429,-0.5186736,2.926318,0.212214,-0.04141454,0.04072499,0.04825282,0.9971449,-0.5993772,2.912762,0.2095472,0.06732466,-0.187111,0.980029,37,5.7,-9.207702,81.16985,38,-5.7,-27.59791,212.0232
53.27856,3.187467,-8.040304,57.56897,-0.06432557,2.93263,0.2142273,-0.04689956,0.03742945,0.05004141,0.9969431,-0.155229,2.919585,0.2106777,0.0571483,-0.1873755,0.9806246,37,5.7,-8.657166,77.25259,38,-5.7,-27.04738,208.1059
53.32056,3.64607,-8.712929,62.35493,0.3873983,2.934078,0.2157465,-0.04901198,0.03149944,0.05256698,0.9969164,0.2866949,2.925358,0.2121897,0.05306032,-0.1838233,0.9815262,37,5.7,-8.102922,73.30894,38,-5.7,-26.49313,204.1622
53.36255,3.907687,-8.93311,63.92149,0.8354636,2.935564,0.2179252,-0.04737651,0.02830634,0.05033411,0.9972064,0.7252792,2.929658,0.2137679,0.04905,-0.1828392,0.9819185,37,5.7,-7.547235,69.35503,38,-5.7,-25.93745,200.2083
53.40405,4.576126,-8.828911,63.18008,1.274582,2.935987,0.2209382,-0.05451754,0.02769536,0.04994326,0.9968784,1.195637,2.9338,0.2167797,0.05270336,-0.1833862,0.9816272,37,5.7,-6.997089,65.44053,38,-5.7,-25.3873,196.2938
53.44531,5.177927,-9.896674,70.7776,1.698559,2.935464,0.2244475,-0.05536248,0.02856347,0.05409873,0.9965905,1.611954,2.934721,0.2187725,0.04966211,-0.1786986,0.9826497,37,5.7,-6.453365,61.57174,38,-5.7,-24.84358,192.425
53.48706,4.954778,-8.282284,59.29062,2.103092,2.933043,0.2278723,-0.05251244,0.02600083,0.06214009,0.9963459,2.010239,2.934931,0.2211446,0.04891487,-0.1863412,0.9812667,37,5.7,-5.900414,57.63728,38,-5.7,-24.29062,188.4906
53.52905,5.297887,-8.164814,58.45477,2.486109,2.929402,0.2305584,-0.05241947,0.02046269,0.06538451,0.9962723,2.388353,2.934439,0.2238179,0.04902275,-0.1870114,0.9811338,37,5.7,-5.347218,53.70109,38,-5.7,-23.73743,184.5544
53.5708,5.107031,-8.135757,58.24803,2.847656,2.926326,0.2338661,-0.05523307,0.01540568,0.06264123,0.9963875,2.781071,2.930741,0.2289799,0.03934912,-0.1872162,0.9815304,37,5.7,-4.793797,49.76329,38,-5.7,-23.18401,180.6166
53.6123,5.468452,-9.674082,69.19377,3.188478,2.920321,0.2369091,-0.05606151,0.01164597,0.06477524,0.9962559,3.117465,2.928004,0.2315183,0.03351672,-0.1796611,0.9831575,37,5.7,-4.243628,45.84864,38,-5.7,-22.63384,176.702
53.6543,5.787315,-9.898315,70.78928,3.502978,2.913709,0.2395615,-0.05339831,0.00911054,0.06593165,0.9963527,3.428989,2.924487,0.2341487,0.03286879,-0.1787159,0.9833516,37,5.7,-3.6886,41.89941,38,-5.7,-22.07881,172.7527
53.69678,5.861639,-10.27835,73.49339,3.779877,2.90691,0.2421957,-0.05450999,0.004853278,0.06392213,0.9964533,3.705525,2.920244,0.236415,0.02895365,-0.1772393,0.9837418,37,5.7,-3.129427,37.92069,38,-5.7,-21.51964,168.774
53.73804,5.388308,-8.900957,63.6927,4.018347,2.899662,0.2448203,-0.05598928,0.0007715821,0.06304356,0.9964387,3.972081,2.910231,0.2407621,0.02193746,-0.1829563,0.9828762,37,5.7,-2.582106,34.02629,38,-5.7,-20.97232,164.8796
53.7793,5.535307,-8.607502,61.60466,4.223687,2.892305,0.2472788,-0.05491227,-0.00302291,0.06545465,0.996339,4.178164,2.904737,0.2429445,0.02173265,-0.184352,0.98262,37,5.7,-2.038633,30.15928,38,-5.7,-20.42884,161.0126
53.82129,5.657244,-8.001957,57.29599,4.390491,2.884189,0.2491707,-0.05391561,-0.004391104,0.06636231,0.9963282,4.347586,2.898901,0.2449485,0.02254224,-0.1876291,0.9819812,37,5.7,-1.483212,26.20726,38,-5.7,-19.87342,157.0606
53.86328,6.074913,-7.492378,53.67015,4.518315,2.876913,0.2515905,-0.0557311,-0.002749801,0.06689281,0.9961988,4.479772,2.892821,0.2467878,0.02929722,-0.1907403,0.9812032,37,5.7,-0.925853,22.24144,38,-5.7,-19.31606,153.0948
53.90503,5.97867,-6.777847,48.58599,4.593452,2.869685,0.2533264,-0.05429352,-0.001743287,0.0687696,0.9961526,4.575643,2.880643,0.2504469,0.02845254,-0.1958687,0.9802173,37,5.7,-0.37567,18.32669,38,-5.7,-18.76588,149.18
53.94653,6.129818,-6.742772,48.33642,4.619303,2.863562,0.255124,-0.05439465,-0.002474159,0.06951778,0.9960936,4.608541,2.874697,0.2519711,0.0310082,-0.1960332,0.9801069,37,5.7,0.1755293,14.4047,38,-5.7,-18.21468,145.258
53.98828,6.158932,-6.951863,49.82418,4.590598,2.856869,0.2564769,-0.05281082,-0.004179209,0.06808108,0.9962724,4.589423,2.86916,0.253588,0.0310434,-0.1942508,0.9804606,37,5.7,0.7264697,10.48456,38,-5.7,-17.66374,141.3379
54.03125,6.304704,-8.291987,59.35975,4.509968,2.851081,0.2568693,-0.05294351,-0.007653714,0.07070535,0.9960619,4.520495,2.863814,0.255192,0.02965049,-0.1853905,0.9822176,37,5.7,1.293131,6.45255,38,-5.7,-17.09708,137.3059
54.07227,5.967135,-9.264577,66.28008,4.38156,2.846508,0.2567061,-0.05411626,-0.008407533,0.07014575,0.9960323,4.401072,2.853898,0.2567047,0.02332372,-0.1804832,0.9833015,37,5.7,1.837544,2.57885,38,-5.7,-16.55267,133.4322
54.11353,4.699905,-8.915973,63.79964,4.202318,2.842149,0.2551459,-0.05285785,-0.008946151,0.06993106,0.9961103,4.233717,2.849605,0.2571638,0.007213795,-0.1820614,0.9832607,38,-5.7,-16.00903,129.5639,38,NaN,NaN,NaN
54.15552,-0.9695159,-8.43937,60.40844,3.96431,2.84304,0.2538343,-0.05519292,-0.01005712,0.06745701,0.9961437,4.010476,2.845746,0.2568328,-0.08110295,-0.1837867,0.9796146,38,-5.7,-15.45437,125.6174,38,NaN,NaN,NaN
54.19727,-2.228321,-9.643687,68.97759,3.670912,2.847298,0.2532773,-0.05981023,-0.008339226,0.06310475,0.9961783,3.734225,2.842947,0.255803,-0.08505648,-0.1781234,0.9803252,38,-5.7,-14.89987,121.6719,38,NaN,NaN,NaN
54.23901,-3.89314,-11.52549,82.36737,3.338358,2.851654,0.251088,-0.05295675,-0.01083541,0.07040973,0.9960525,3.39617,2.84387,0.2543687,-0.08711047,-0.1717203,0.9812869,38,-5.7,-14.34813,117.7461,38,NaN,NaN,NaN
54.271,-3.473523,-10.07682,72.0595,3.092553,2.856241,0.2483383,-0.04491391,-0.01330826,0.07237168,0.9962771,3.151011,2.846812,0.2530862,-0.09042466,-0.1764071,0.9801551,38,-5.7,-13.92776,114.755,38,NaN,NaN,NaN
54.30347,-2.429949,-7.915582,56.68148,2.839529,2.862762,0.2450995,-0.04386054,-0.0158734,0.07233604,0.996289,2.896458,2.850843,0.2509323,-0.09232035,-0.1866099,0.9780868,38,-5.7,-13.49825,111.6988,38,NaN,NaN,NaN
54.33301,-2.660037,-7.915582,56.68149,2.58068,2.870034,0.2417861,-0.04885237,-0.01531252,0.06930608,0.9962809,2.666371,2.850843,0.2509323,-0.09232035,-0.1866099,0.9780868,38,-5.7,-13.10561,108.9051,38,NaN,NaN,NaN
54.36084,-2.2593,-7.623855,54.60574,2.311701,2.877301,0.2379934,-0.05325545,-0.01377568,0.06750835,0.9962012,2.39547,2.856458,0.2479509,-0.08378785,-0.1886501,0.9784635,38,-5.7,-12.73852,106.2931,38,NaN,NaN,NaN
54.38867,-3.965521,-9.639813,68.95007,2.034136,2.884659,0.2343924,-0.05669475,-0.01199892,0.06648187,0.9961034,2.115162,2.863918,0.2442967,-0.08674479,-0.1783737,0.9801317,38,-5.7,-12.36956,103.6678,38,NaN,NaN,NaN
54.41675,-5.567063,-11.7686,84.09717,1.749171,2.89197,0.2310294,-0.06013992,-0.009986131,0.06458783,0.9960481,1.826642,2.872472,0.2400838,-0.0865306,-0.1713486,0.9814032,38,-5.7,-11.99793,101.0235,38,NaN,NaN,NaN
54.44434,-7.750492,-15.16317,108.2508,1.458781,2.898487,0.2277707,-0.06182362,-0.008170485,0.06180391,0.9961383,1.532009,2.881321,0.2357755,-0.08445958,-0.1641832,0.9828075,38,-5.7,-11.6335,98.43047,38,NaN,NaN,NaN
54.47217,-8.047209,-16.40849,117.1118,1.163392,2.904759,0.224532,-0.06082212,-0.006049543,0.05859248,0.9964091,1.231942,2.889923,0.2316997,-0.07809059,-0.1624098,0.9836285,38,-5.7,-11.2657,95.81342,38,NaN,NaN,NaN
54.50024,-8.314973,-16.40848,117.1117,0.862151,2.91116,0.221619,-0.06097976,-0.004196614,0.05610131,0.9965523,0.9641731,2.889923,0.2316997,-0.07809059,-0.1624098,0.9836285,38,-5.7,-10.896,93.18287,38,NaN,NaN,NaN
54.52832,-4.887659,-10.42893,74.56495,0.5570363,2.916899,0.2190288,-0.06203578,-0.001717895,0.05229043,0.9967018,0.6542916,2.897966,0.2276951,-0.07318474,-0.1759897,0.9816678,38,-5.7,-10.52408,90.53651,38,NaN,NaN,NaN
54.55615,-5.407598,-10.41656,74.47694,0.2507017,2.92188,0.2164741,-0.0626054,0.000742048,0.0494478,0.9968125,0.3424422,2.905622,0.223949,-0.07600096,-0.1760856,0.9814366,38,-5.7,-10.15666,87.92222,38,NaN,NaN,NaN
54.58374,-5.743471,-10.95958,78.34068,-0.05367952,2.925933,0.2138011,-0.06163945,0.00397867,0.04584375,0.9970372,0.03176254,2.912778,0.2204714,-0.0725967,-0.1743804,0.9819986,38,-5.7,-9.791983,85.32739,38,NaN,NaN,NaN
54.61157,-5.512623,-10.94199,78.21556,-0.3616213,2.929394,0.2118739,-0.05958329,0.007463873,0.04289606,0.9972734,-0.2823126,2.919055,0.2171249,-0.06587876,-0.1745879,0.9824353,38,-5.7,-9.424222,82.71064,38,NaN,NaN,NaN
54.6394,-4.773481,-9.76573,69.84602,-0.6727545,2.931229,0.2097508,-0.05824228,0.01059085,0.03968891,0.997457,-0.5998002,2.924235,0.2143451,-0.05886587,-0.1789802,0.9820901,38,-5.7,-9.055931,80.09011,38,NaN,NaN,NaN
54.66724,-5.04943,-9.76573,69.84602,-0.9831974,2.932619,0.2078817,-0.05549361,0.01261669,0.03591328,0.9977332,-0.8757495,2.924235,0.2143451,-0.05886587,-0.1789802,0.9820901,38,-5.7,-8.687361,77.4676,38,NaN,NaN,NaN
54.69531,-4.410265,-8.605935,61.59365,-1.293274,2.932699,0.2057589,-0.05358038,0.0151501,0.03168412,0.9979458,-1.192481,2.928074,0.2118173,-0.05145248,-0.1844293,0.9814981,38,-5.7,-8.317452,74.83556,38,NaN,NaN,NaN
54.71387,-3.983083,-7.940823,56.86112,-1.449699,2.932628,0.2045915,-0.05226178,0.01642242,0.02906671,0.9980752,-1.372786,2.930579,0.2092322,-0.04520414,-0.188267,0.981077,38,-5.7,-8.071992,73.08902,38,NaN,NaN,NaN
54.73682,-3.900414,-7.312296,52.38893,-1.759382,2.9318,0.202792,-0.050941,0.01803184,0.02531492,0.9982179,-1.689379,2.931614,0.2067847,-0.04154199,-0.1924676,0.9804236,38,-5.7,-7.766366,70.91438,38,NaN,NaN,NaN
54.75562,-4.038175,-7.312299,52.38895,-1.914362,2.930989,0.2018874,-0.05002364,0.01899314,0.02321098,0.9982977,-1.827139,2.931614,0.2067847,-0.04154199,-0.1924676,0.9804236,38,-5.7,-7.520306,69.16357,38,NaN,NaN,NaN
54.77856,-4.571964,-7.086977,50.7857,-2.219262,2.929851,0.2005025,-0.04981718,0.02141374,0.02005479,0.9983273,-2.139492,2.931382,0.2045004,-0.04712159,-0.1940747,0.9798543,38,-5.7,-7.21411,66.98488,38,NaN,NaN,NaN
54.79736,-4.707158,-7.086978,50.78571,-2.371354,2.928353,0.1995148,-0.05036495,0.02272391,0.01967695,0.9982785,-2.274685,2.931382,0.2045004,-0.04712159,-0.1940747,0.9798543,38,-5.7,-6.967584,65.23075,38,NaN,NaN,NaN
54.82031,-5.318328,-8.01087,57.35954,-2.674496,2.925397,0.1979546,-0.05049634,0.02576369,0.01837096,0.9982229,-2.58531,2.930191,0.2023375,-0.0469114,-0.1878,0.9810864,38,-5.7,-6.66367,63.06829,38,NaN,NaN,NaN
54.83862,-5.85832,-9.177134,65.65794,-2.820996,2.924137,0.1975884,-0.04956586,0.02664506,0.01920366,0.9982307,-2.756459,2.927819,0.2000798,-0.04654654,-0.1816471,0.9822615,38,-5.7,-6.422657,61.3534,38,NaN,NaN,NaN
54.86206,-6.119118,-9.177128,65.65791,-3.114396,2.921511,0.1970481,-0.05084052,0.02902904,0.01904305,0.9981032,-3.017259,2.927819,0.2000798,-0.04654654,-0.1816471,0.9822615,38,-5.7,-6.111417,59.13881,38,NaN,NaN,NaN
54.88037,-6.354944,-9.796776,70.06695,-3.256309,2.919667,0.1971687,-0.05214994,0.02968475,0.01878442,0.9980212,-3.183479,2.92504,0.1985317,-0.04461322,-0.1789588,0.9828446,38,-5.7,-5.870342,57.42347,38,NaN,NaN,NaN
54.90381,-6.395954,-10.77502,77.02753,-3.537242,2.915479,0.19702,-0.05208204,0.03100267,0.01854253,0.9979893,-3.472461,2.921817,0.1976168,-0.03743459,-0.1753846,0.983788,38,-5.7,-5.559397,55.21098,38,NaN,NaN,NaN
54.92236,-6.517167,-10.77502,77.02756,-3.673604,2.913159,0.1969452,-0.04991573,0.03129137,0.01773135,0.9981056,-3.593672,2.921817,0.1976168,-0.03743459,-0.1753846,0.983788,38,-5.7,-5.315664,53.47673,38,NaN,NaN,NaN
54.94556,-6.554012,-10.94861,78.2627,-3.941422,2.908134,0.196737,-0.04599587,0.03262538,0.01453748,0.9983029,-3.869957,2.917808,0.1972402,-0.03383281,-0.1747879,0.9840247,38,-5.7,-5.0061,51.27407,38,NaN,NaN,NaN
54.96436,-6.669628,-10.94861,78.26271,-4.071489,2.905497,0.1966111,-0.04323263,0.03356728,0.01230736,0.9984252,-3.985572,2.917808,0.1972402,-0.03383281,-0.1747879,0.9840247,38,-5.7,-4.760555,49.52693,38,NaN,NaN,NaN
54.9873,-5.929601,-7.6864,55.05085,-4.324962,2.900259,0.1963672,-0.0397572,0.03475633,0.00927367,0.9985617,-4.247881,2.912771,0.1970581,-0.03008778,-0.1896308,0.9813944,38,-5.7,-4.455916,47.35931,38,NaN,NaN,NaN
55.00586,-5.764885,-6.667222,47.79899,-4.447065,2.897644,0.1964237,-0.03948017,0.03540352,0.007793025,0.9985626,-4.392045,2.906856,0.1968347,-0.02826236,-0.1970996,0.979976,38,-5.7,-4.211398,45.61947,38,NaN,NaN,NaN
55.0293,-5.975153,-6.667221,47.79898,-4.683617,2.892702,0.1965725,-0.039559,0.03672943,0.004910173,0.99853,-4.602313,2.906856,0.1968347,-0.02826236,-0.1970996,0.979976,38,-5.7,-3.90209,43.41863,38,NaN,NaN,NaN
55.04761,-6.985088,-8.608191,61.60973,-4.796163,2.890122,0.1966211,-0.04121862,0.03727415,0.004066031,0.9984464,-4.736459,2.90062,0.1966383,-0.03596503,-0.1840744,0.9822541,38,-5.7,-3.659101,41.68967,38,NaN,NaN,NaN
55.0708,-7.672322,-10.88583,77.81599,-5.013611,2.884576,0.1970606,-0.04318925,0.03875076,0.002128159,0.9983128,-4.962186,2.894484,0.1964701,-0.03435773,-0.1747001,0.9840221,38,-5.7,-3.350861,39.49644,38,NaN,NaN,NaN
55.08936,-7.763483,-10.88583,77.81599,-5.116168,2.881752,0.1975726,-0.04365786,0.03944039,0.001791899,0.9982662,-5.053348,2.894484,0.1964701,-0.03435773,-0.1747001,0.9840221,38,-5.7,-3.10693,37.76078,38,NaN,NaN,NaN
55.11255,-7.944501,-11.72831,83.81056,-5.311447,2.876144,0.1990287,-0.04547287,0.03981569,0.00190835,0.99817,-5.257383,2.888187,0.1968099,-0.03164133,-0.1721123,0.984569,38,-5.7,-2.798387,35.56538,38,NaN,NaN,NaN
55.13159,-8.024064,-11.72831,83.81054,-5.400957,2.872928,0.2001262,-0.0469997,0.04025757,0.001645743,0.998082,-5.336947,2.888187,0.1968099,-0.03164133,-0.1721123,0.984569,38,-5.7,-2.549411,33.79382,38,NaN,NaN,NaN
55.15454,-6.797111,-9.291336,66.47057,-5.571661,2.866229,0.2023234,-0.04839211,0.04159793,0.0004264935,0.9979618,-5.516999,2.881618,0.1977245,-0.01899449,-0.1806246,0.9833687,38,-5.7,-2.245708,31.63286,38,NaN,NaN,NaN
55.17285,-6.615045,-8.941657,63.98246,-5.648686,2.862679,0.2035047,-0.04773365,0.04207715,0.0003071763,0.9979734,-5.611396,2.874632,0.199442,-0.01547021,-0.1821363,0.9831516,38,-5.7,-2.003138,29.90689,38,NaN,NaN,NaN
55.19629,-6.741526,-8.941653,63.98244,-5.790978,2.855662,0.206274,-0.04649966,0.04228291,0.0004174271,0.9980229,-5.737878,2.874632,0.199442,-0.01547021,-0.1821363,0.9831516,38,-5.7,-1.693486,27.7036,38,NaN,NaN,NaN
55.2146,-6.206036,-8.367004,59.8936,-5.852244,2.852233,0.2079289,-0.04597818,0.04231312,-0.0002157502,0.9980459,-5.815668,2.866967,0.2018466,-0.00642673,-0.184949,0.9827271,38,-5.7,-1.450027,25.9713,38,NaN,NaN,NaN
55.23779,-6.134558,-8.222574,58.86592,-5.963606,2.845641,0.2113588,-0.04587221,0.04243508,-0.001776683,0.998044,-5.935126,2.858723,0.2048955,-0.003340598,-0.18562,0.9826159,38,-5.7,-1.144588,23.79799,38,NaN,NaN,NaN
55.25684,-6.173814,-8.222573,58.86592,-6.00777,2.842562,0.2132921,-0.04593845,0.04214823,-0.002493311,0.9980516,-5.974382,2.858723,0.2048955,-0.003340598,-0.18562,0.9826159,38,-5.7,-0.8935207,22.01155,38,NaN,NaN,NaN
55.27979,-5.843848,-7.379665,52.86832,-6.085111,2.836855,0.2171057,-0.0454327,0.04191685,-0.004106335,0.9980791,-6.060415,2.850511,0.2085763,0.004037101,-0.1907025,0.9816396,38,-5.7,-0.5901628,19.85305,38,NaN,NaN,NaN
55.29858,-5.867977,-7.379662,52.8683,-6.112256,2.834342,0.2189813,-0.04456069,0.04209483,-0.004975497,0.998107,-6.084544,2.850511,0.2085763,0.004037101,-0.1907025,0.9816396,38,-5.7,-0.339675,18.07073,38,NaN,NaN,NaN
55.32153,-5.928245,-8.416297,60.24434,-6.153984,2.829708,0.2228179,-0.04256827,0.04253742,-0.005940805,0.99817,-6.135596,2.842919,0.2128059,0.003394854,-0.1843397,0.9828567,38,-5.7,-0.03796157,15.92393,38,NaN,NaN,NaN
55.33984,-5.865595,-8.148302,58.33746,-6.166185,2.827683,0.2246588,-0.04154804,0.04327372,-0.007009619,0.9981744,-6.156694,2.836049,0.2172903,0.004921427,-0.1857041,0.9825934,38,-5.7,0.2065615,14.18406,38,NaN,NaN,NaN
55.36353,-5.875943,-8.148302,58.33746,-6.177827,2.824183,0.2284012,-0.0393435,0.04455012,-0.009019592,0.9981914,-6.167043,2.836049,0.2172903,0.004921427,-0.1857041,0.9825934,38,-5.7,0.5188487,11.96202,38,NaN,NaN,NaN
55.38159,-5.811018,-8.890523,63.61864,-6.174722,2.822835,0.2301615,-0.03810172,0.04531428,-0.008936117,0.9982059,-6.170899,2.830103,0.2218337,0.00558199,-0.1817936,0.9833209,38,-5.7,0.7582898,10.25831,38,NaN,NaN,NaN
55.40503,-5.042213,-7.936422,56.82985,-6.158062,2.820564,0.2337254,-0.03641431,0.04552814,-0.00762816,0.99827,-6.159339,2.825292,0.226325,0.01938504,-0.1867435,0.9822174,38,-5.7,1.067165,8.060543,38,NaN,NaN,NaN
55.42358,-5.027592,-7.936425,56.82987,-6.141612,2.819886,0.2354036,-0.03572776,0.04575542,-0.007732616,0.9982836,-6.144718,2.825292,0.226325,0.01938504,-0.1867435,0.9822174,38,-5.7,1.311197,6.32417,38,NaN,NaN,NaN
55.44702,-4.889199,-7.233298,51.82687,-6.09992,2.818623,0.2383119,-0.03403775,0.04647127,-0.008625071,0.9983023,-6.107799,2.821664,0.2306925,0.02317573,-0.1912284,0.9812719,38,-5.7,1.620816,4.121113,38,NaN,NaN,NaN
55.46631,-4.862302,-7.2333,51.82687,-6.069662,2.818246,0.2394533,-0.03295227,0.04629681,-0.007893031,0.9983529,-6.080902,2.821664,0.2306925,0.02317573,-0.1912284,0.9812719,38,-5.7,1.876989,2.298347,38,NaN,NaN,NaN
55.48853,-4.538867,-7.403526,53.0381,-6.002387,2.818034,0.2414642,-0.03142349,0.04677266,-0.007038338,0.9983864,-6.018268,2.819206,0.2347707,0.02749608,-0.189999,0.9813992,38,-5.7,2.171817,0.2005374,38,NaN,NaN,NaN
55.50708,-3.931267,-8.170973,58.49876,-5.960551,2.818296,0.2422241,-0.03149725,0.04692318,-0.006345597,0.9983816,-5.975466,2.817701,0.2382343,0.03445881,-0.1852346,0.9820899,38,-5.7,2.171817,0.2005374,38,NaN,NaN,NaN
55.53076,-3.849409,-8.170977,58.49878,-5.868462,2.819755,0.243673,-0.03333274,0.0470095,-0.004078872,0.9983299,-5.893609,2.817701,0.2382343,0.03445881,-0.1852346,0.9820899,38,-5.7,2.171817,0.2005374,38,NaN,NaN,NaN
55.54858,-3.079729,-7.644271,54.75107,-5.814537,2.821063,0.2444531,-0.0361348,0.04706073,-0.002626231,0.9982348,-5.837457,2.817153,0.2407739,0.04962306,-0.1882447,0.9808677,38,-5.7,2.171817,0.2005374,38,NaN,NaN,NaN
55.57227,-2.729341,-8.057827,57.69367,-5.695671,2.824344,0.2464334,-0.04013699,0.04732487,-0.0002840189,0.9980729,-5.720932,2.817993,0.2427866,0.05109662,-0.1857599,0.9812657,38,-5.7,2.171817,0.2005374,38,NaN,NaN,NaN
55.59033,-2.669468,-8.057821,57.69364,-5.628312,2.826379,0.247382,-0.04170531,0.04749175,0.001312397,0.9979997,-5.661057,2.817993,0.2427866,0.05109662,-0.1857599,0.9812657,38,-5.7,2.171817,0.2005374,38,NaN,NaN,NaN
55.61426,-1.756279,-8.801901,62.98805,-5.484802,2.830898,0.2495957,-0.04235075,0.04700282,0.004670399,0.9979857,-5.51983,2.82055,0.2448988,0.05887778,-0.181824,0.9815668,38,-5.7,2.171817,0.2005374,38,NaN,NaN,NaN
55.63306,-1.684733,-8.801902,62.98805,-5.404313,2.833966,0.2507281,-0.04126833,0.04641226,0.006108257,0.9980509,-5.448284,2.82055,0.2448988,0.05887778,-0.181824,0.9815668,38,-5.7,2.171817,0.2005374,38,NaN,NaN,NaN
55.65601,-0.99392,-9.545446,68.27865,-5.23721,2.840396,0.2528982,-0.04005638,0.04641008,0.008170963,0.9980856,-5.283376,2.824634,0.2471929,0.06191492,-0.1785524,0.9819804,38,-5.7,2.171817,0.2005374,38,NaN,NaN,NaN
55.67383,-2.000887,-6.932419,49.68599,-5.146596,2.843936,0.2538633,-0.03810099,0.0460977,0.009524278,0.9981646,-5.183701,2.830197,0.2495165,0.06303649,-0.1933512,0.9791026,38,-5.7,2.171817,0.2005374,38,NaN,NaN,NaN
55.69775,-1.834764,-6.932414,49.68595,-4.959706,2.8519,0.2557112,-0.03405303,0.04535845,0.01389874,0.9982935,-5.017576,2.830197,0.2495165,0.06303649,-0.1933512,0.9791026,38,-5.7,2.171817,0.2005374,38,NaN,NaN,NaN
55.71558,-1.730738,-6.49371,46.56441,-4.861154,2.856297,0.2564405,-0.03206076,0.04460118,0.01644295,0.998355,-4.908435,2.837423,0.2521613,0.06711126,-0.1970685,0.97809,38,-5.7,2.171817,0.2005374,38,NaN,NaN,NaN
55.73926,-1.786689,-5.915505,42.45027,-4.659046,2.865605,0.2574039,-0.02962216,0.04243675,0.02100003,0.9984391,-4.705057,2.846099,0.2545918,0.06756356,-0.2028411,0.976878,38,-5.7,2.171817,0.2005374,38,NaN,NaN,NaN
55.75732,-1.691935,-5.915507,42.45029,-4.552451,2.870622,0.2574051,-0.02955103,0.04085281,0.02269028,0.9984703,-4.610305,2.846099,0.2545918,0.06756356,-0.2028411,0.976878,38,-5.7,2.171817,0.2005374,38,NaN,NaN,NaN
55.78101,-1.492498,-5.962511,42.78474,-4.335942,2.881117,0.2568803,-0.0307573,0.03784671,0.02527238,0.9984904,-4.392176,2.856181,0.2562808,0.06661357,-0.2025896,0.9769955,38,-5.7,2.171817,0.2005374,38,NaN,NaN,NaN
55.7998,-1.393223,-5.962511,42.78474,-4.224258,2.886448,0.2565426,-0.03274656,0.03585464,0.02587446,0.9984852,-4.292901,2.856181,0.2562808,0.06661357,-0.2025896,0.9769955,38,-5.7,2.171817,0.2005374,38,NaN,NaN,NaN
55.823,-1.16221,-6.824284,48.91658,-3.997668,2.897004,0.255641,-0.03616201,0.03217146,0.02772309,0.9984432,-4.064096,2.867551,0.2568691,0.05838772,-0.1950056,0.9790627,38,-5.7,2.171817,0.2005374,38,NaN,NaN,NaN
55.84082,-0.7559241,-7.620217,54.57994,-3.880527,2.902011,0.2549464,-0.03798615,0.03060707,0.028758,0.9983954,-3.931376,2.879808,0.2568549,0.05729835,-0.1894641,0.9802144,38,-5.7,2.171817,0.2005374,38,NaN,NaN,NaN
55.86572,-0.5455154,-7.620215,54.57993,-3.643816,2.911897,0.2532562,-0.04060218,0.02798277,0.03129775,0.998293,-3.720966,2.879808,0.2568549,0.05729835,-0.1894641,0.9802144,38,-5.7,2.171817,0.2005374,38,NaN,NaN,NaN
55.88257,-0.6758286,-8.710274,62.33609,-3.522543,2.916565,0.2521492,-0.04199507,0.02672264,0.03283955,0.9982204,-3.583356,2.892338,0.2560101,0.04598925,-0.183522,0.9819393,38,-5.7,2.171817,0.2005374,38,NaN,NaN,NaN
55.90625,-2.045038,-9.893127,70.75253,-3.27917,2.925597,0.2497686,-0.04464201,0.02465224,0.03459017,0.9980997,-3.335974,2.904516,0.2543592,0.01801425,-0.1785834,0.9837598,38,-5.7,2.171817,0.2005374,38,NaN,NaN,NaN
55.92432,-1.936529,-9.893131,70.75256,-3.157098,2.929721,0.2484151,-0.04596625,0.02391231,0.03492723,0.9980459,-3.227466,2.904516,0.2543592,0.01801425,-0.1785834,0.9837598,38,-5.7,2.171817,0.2005374,38,NaN,NaN,NaN
55.948,-2.446339,-9.449301,67.59454,-2.913158,2.937338,0.2455266,-0.04846855,0.02189046,0.03706647,0.9978967,-2.97879,2.915998,0.252031,0.007776375,-0.1805933,0.9835271,38,-5.7,2.171817,0.2005374,38,NaN,NaN,NaN
55.9668,-2.338436,-9.449299,67.59453,-2.791767,2.940619,0.2439365,-0.04982653,0.02038264,0.03866244,0.9978012,-2.870887,2.915998,0.252031,0.007776375,-0.1805933,0.9835271,38,-5.7,2.171817,0.2005374,38,NaN,NaN,NaN
55.98975,-2.338114,-10.31421,73.74873,-2.550225,2.946876,0.2408446,-0.0524308,0.01737478,0.04021763,0.9976631,-2.623933,2.926512,0.2491374,0.003827099,-0.1772918,0.9841509,38,-5.7,2.171817,0.2005374,38,NaN,NaN,NaN
56.00806,-2.344483,-9.337667,66.80022,-2.426418,2.949316,0.2390351,-0.05404452,0.01581553,0.04045711,0.9975933,-2.481459,2.935725,0.2457285,0.002023985,-0.1813529,0.983416,38,-5.7,2.171817,0.2005374,38,NaN,NaN,NaN
56.03247,-2.128162,-9.337663,66.8002,-2.183057,2.953063,0.2354795,-0.05589277,0.01355934,0.04064378,0.9975171,-2.265138,2.935725,0.2457285,0.002023985,-0.1813529,0.983416,38,-5.7,2.171817,0.2005374,38,NaN,NaN,NaN
RESULT,totalFlags,35
RESULT,totalShort,0
RESULT,totalLong,35
RESULT,totalTight,15
RESULT,passedFlags,33
RESULT,shortTurns,0
RESULT,longTurns,33
RESULT,tightTurns,13
RESULT,passRate,94.28571
RESULT,shortRate,0
RESULT,longRate,94.28571
RESULT,tightRate,86.66666
RESULT,totalValidTime,48.52997
RESULT,timeP0,20.00136
RESULT,timeP1,26.06523
RESULT,timeS0,1.084785
RESULT,timeS1,1.211579
RESULT,timeOther,0.1669353
RESULT,cntP0,31
RESULT,cntP1,32
RESULT,rateTimeP0,0.4121445
RESULT,rateTimeP1,0.5370955
RESULT,rateTimeS0,0.02235288
RESULT,rateTimeS1,0.02496559
RESULT,rateTimeOther,0.00343984
RESULT,rateCntP0,0.7948718
RESULT,rateCntP1,0.8205128
flagId,passedCorrect,turnDir,minDistToFlagDuringApproach
4,1,1,2.732592
5,1,-1,0.8345311
6,1,1,3.233154
7,1,-1,2.809403
8,1,1,3.884285
9,1,-1,1.029863
10,1,1,2.227007
11,1,-1,2.626166
12,0,1,3.294628
13,1,-1,2.977754
14,1,1,3.569234
15,1,-1,2.508904
16,1,1,1.539629
17,1,-1,2.012637
18,1,1,0.8074306
19,1,-1,1.841495
20,1,1,2.097075
21,1,-1,3.124187
22,1,1,3.807313
23,1,-1,1.214541
24,1,1,2.612126
25,1,-1,2.859142
26,1,1,3.485297
27,1,-1,1.450594
28,1,1,1.458965
29,1,-1,2.112286
30,1,1,3.778189
31,1,-1,2.638807
32,1,1,3.669109
33,1,-1,0.896452
34,1,1,1.885941
35,1,-1,2.635636
36,1,1,1.78246
37,0,-1,2.430038
38,1,1,1.687152
pId,lastRiseSecBeforePassP
4,NaN
5,1.375734
6,0.4702219
7,0.68173
8,0.7976
9,0.2445382
10,1.362163
11,0.2244889
12,0.9847543
13,0.05368672
14,0.006042955
15,0.2468609
16,NaN
17,0.566486
18,0.1672868
19,0.3657722
20,0.7321038
21,1.348055
22,0.5456212
23,0.2418148
24,1.35936
25,1.223742
26,0.6334646
27,0.4145664
28,0.1545275
29,0.4414802
30,0.2115777
31,0.2241898
32,0.4653269
33,1.080569
34,0.737116
35,0.6026813
36,1.408286
37,1.407152
38,NaN
P1_EVENTS_FORMAT
pId
riseSecBeforePassP,duration,fallSecBeforePassP
4
NaN
5
1.375734,0.08380063,1.293254
6
1.389483,0.1243,1.263764
0.6790569,0.1254667,0.5540726
0.4702219,0.1252044,0.3452762
7
1.350052,0.04171636,1.308483
1.057804,0.1256973,0.9326404
0.68173,0.7102751,0
8
1.340449,0.3755949,0.9645629
0.7976,0.835142,0
9
1.330275,0.1256091,1.205123
1.163341,0.5429987,0.6202809
0.4951397,0.208863,0.286128
0.2445382,0.2507551,0
10
1.362163,1.377671,0
11
1.310991,0.04097521,1.269412
0.391953,0.08371162,0.3082318
0.2244889,0.2505015,0
12
0.9847543,1.002429,0
13
1.390036,0.1254228,1.264949
0.05368672,0.0835298,0
14
0.3818579,0.1675679,0.2144935
0.006042955,0.04192146,0
15
1.332665,0.1671082,1.165125
1.040466,0.1257173,0.9151695
0.6632502,0.125158,0.5387735
0.4137414,0.04164053,0.3719374
0.2468609,0.2504816,0
16
NaN
17
0.566486,0.501325,0.06531532
18
0.7518837,0.08446184,0.6683177
0.5845445,0.0420899,0.5418281
0.2927835,0.08370407,0.2090018
0.1672868,0.1253189,0.04203333
19
1.368405,0.1255323,1.243944
1.118097,0.1255449,0.9923713
0.9090282,0.1667029,0.7420025
0.6167465,0.2091092,0.4074671
0.3657722,0.3344109,0.03221034
20
1.359253,0.5857751,0.7737985
0.7321038,0.7516008,0
21
1.348055,1.378321,0
22
0.5456212,0.5845953,0
23
1.369267,0.2086474,1.159642
1.11872,0.2082931,0.9096869
0.4500249,0.04136094,0.4086445
0.2418148,0.2508237,0
24
1.35936,1.378547,0
25
1.349158,0.04175605,1.307499
1.223742,0.1254952,1.097858
26
1.343697,0.3765087,0.9668778
0.6334646,0.6680673,0
27
1.333311,0.8769634,0.4565929
0.4145664,0.4183144,0
28
0.4887197,0.1259668,0.3632581
0.3218356,0.08323584,0.2373672
0.1545275,0.1672654,0
29
1.402027,0.1670663,1.234934
0.4414802,0.4594782,0
30
1.38082,0.6685976,0.7125447
0.5036762,0.2081487,0.295166
0.2115777,0.2496386,0
31
1.352724,0.3346756,1.017815
0.2241898,0.2509653,0
32
1.341974,0.2497612,1.092263
0.5905131,0.0837985,0.5069057
0.4653269,0.5014251,0
33
1.33226,0.1673111,1.16505
1.080569,1.085641,0
34
1.364214,0.4597748,0.9045385
0.8207757,0.04179277,0.7790685
0.737116,0.7518115,0
35
1.353605,0.4175259,0.9369867
0.6026813,0.6272742,0
36
1.408286,1.419507,0
37
1.407152,0.2920703,1.11499
38
NaN
