time,gaze_x,gaze_y,gaze_z,cam_x,cam_y,cam_z,cam_qx,cam_qy,cam_qz,cam_qw,gaze_o_x,gaze_o_y,gaze_o_z,gaze_dir_x,gaze_dir_y,gaze_dir_z,p0Id,p0_x,p0_y,p0_z,p1Id,p1_x,p1_y,p1_z
PREF,CourseWidth,13
PREF,SlopeAngle,8
PREF,PlayerFSpeed,95
PREF,PlayerHSpeed,8
PREF,CameraHeight,3
PREF,SubjectID,7
PREF,Method,7
PREF,RandomSeed,9
PREF,ThresholdAngleDeg,4.14
PREF,Blur_OuterAngleDeg,10
PREF,Blur_SigmaPx,2.000001
PREF,"SnowPlaneNormal",0,0.9902681,0.1391731
PREF,"SnowPlanePoint",0,-56.21634,400
START_REL_SEC,0
0,NaN,NaN,NaN,0.1501148,5.074103,-0.02008308,-0.05644181,-0.02074051,0.007934117,0.9981589,NaN,NaN,NaN,NaN,NaN,NaN,-1,NaN,NaN,NaN,-1,NaN,NaN,NaN
0,NaN,NaN,NaN,0.1448094,2.995795,-0.02063458,-0.05675021,-0.01864237,0.008393146,0.9981791,NaN,NaN,NaN,NaN,NaN,NaN,-1,NaN,NaN,NaN,-1,NaN,NaN,NaN
0.02001953,NaN,NaN,NaN,0.1430476,2.995942,-0.02085412,-0.05696133,-0.01782537,0.008486379,0.9981812,NaN,NaN,NaN,NaN,NaN,NaN,-1,NaN,NaN,NaN,-1,NaN,NaN,NaN
0.03686523,NaN,NaN,NaN,0.1412572,2.996066,-0.02111295,-0.05714967,-0.01701093,0.008791007,0.9981821,NaN,NaN,NaN,NaN,NaN,NaN,-1,NaN,NaN,NaN,-1,NaN,NaN,NaN
0.05615234,NaN,NaN,NaN,0.13741,2.996329,-0.02168562,-0.05731742,-0.01529091,0.009224269,0.9981962,NaN,NaN,NaN,NaN,NaN,NaN,-1,NaN,NaN,NaN,-1,NaN,NaN,NaN
0.07885742,NaN,NaN,NaN,0.1354905,2.996427,-0.02199145,-0.05735599,-0.01417026,0.009224476,0.9982107,NaN,NaN,NaN,NaN,NaN,NaN,-1,NaN,NaN,NaN,-1,NaN,NaN,NaN
0.09924316,NaN,NaN,NaN,0.131821,2.99654,-0.02265545,-0.05737053,-0.0120053,0.009226119,0.9982382,NaN,NaN,NaN,NaN,NaN,NaN,-1,NaN,NaN,NaN,-1,NaN,NaN,NaN
0.1217041,NaN,NaN,NaN,0.12813,2.996512,-0.02344004,-0.05690092,-0.009842783,0.009799343,0.9982833,NaN,NaN,NaN,NaN,NaN,NaN,-1,NaN,NaN,NaN,-1,NaN,NaN,NaN
0.142334,NaN,NaN,NaN,0.1244802,2.996449,-0.02427254,-0.05630663,-0.007670939,0.01091968,0.9983244,NaN,NaN,NaN,NaN,NaN,NaN,-1,NaN,NaN,NaN,-1,NaN,NaN,NaN
0.1647949,NaN,NaN,NaN,0.1199216,2.99637,-0.02515806,-0.05587669,-0.005390018,0.01209483,0.9983499,NaN,NaN,NaN,NaN,NaN,NaN,-1,NaN,NaN,NaN,-1,NaN,NaN,NaN
0.1861572,NaN,NaN,NaN,0.1157911,2.996275,-0.0261726,-0.055528,-0.00355947,0.01354967,0.9983588,NaN,NaN,NaN,NaN,NaN,NaN,-1,NaN,NaN,NaN,-1,NaN,NaN,NaN
0.2080078,NaN,NaN,NaN,0.1137434,2.996154,-0.02679088,-0.05492989,-0.002834886,0.0143652,0.9983829,NaN,NaN,NaN,NaN,NaN,NaN,-1,NaN,NaN,NaN,-1,NaN,NaN,NaN
0.2318115,NaN,NaN,NaN,0.1092486,2.996073,-0.02796216,-0.05411435,-0.0009264349,0.01538935,0.9984158,NaN,NaN,NaN,NaN,NaN,NaN,-1,NaN,NaN,NaN,-1,NaN,NaN,NaN
0.260498,NaN,NaN,NaN,0.1016133,2.996123,-0.03039829,-0.05290207,0.002858996,0.01730913,0.9984456,NaN,NaN,NaN,NaN,NaN,NaN,-1,NaN,NaN,NaN,-1,NaN,NaN,NaN
0.3012695,NaN,NaN,NaN,0.09992632,2.996279,-0.0312501,-0.0531274,0.004105955,0.01777406,0.9984211,NaN,NaN,NaN,NaN,NaN,NaN,-1,NaN,NaN,NaN,-1,NaN,NaN,NaN
0.3361816,NaN,NaN,NaN,0.09694293,2.996613,-0.03325532,-0.05280243,0.007552266,0.01951402,0.9983858,NaN,NaN,NaN,NaN,NaN,NaN,-1,NaN,NaN,NaN,-1,NaN,NaN,NaN
0.3730469,NaN,NaN,NaN,0.09650844,2.996999,-0.03515644,-0.05255385,0.01157635,0.02138311,0.9983221,NaN,NaN,NaN,NaN,NaN,NaN,-1,NaN,NaN,NaN,-1,NaN,NaN,NaN
0.407959,NaN,NaN,NaN,0.0961443,2.997375,-0.03692264,-0.05176003,0.0158914,0.02308187,0.9982663,NaN,NaN,NaN,NaN,NaN,NaN,-1,NaN,NaN,NaN,-1,NaN,NaN,NaN
0.4433594,NaN,NaN,NaN,0.09603121,2.997944,-0.03779866,-0.05216099,0.01806182,0.02424859,0.9981809,NaN,NaN,NaN,NaN,NaN,NaN,-1,NaN,NaN,NaN,-1,NaN,NaN,NaN
0.4768066,NaN,NaN,NaN,0.09454931,2.998552,-0.03895772,-0.05284617,0.02092466,0.02589935,0.9980475,NaN,NaN,NaN,NaN,NaN,NaN,-1,NaN,NaN,NaN,-1,NaN,NaN,NaN
0.5115967,NaN,NaN,NaN,0.08960952,2.999187,-0.03962544,-0.05405553,0.02194411,0.02641201,0.9979473,NaN,NaN,NaN,NaN,NaN,NaN,-1,NaN,NaN,NaN,-1,NaN,NaN,NaN
0.5445557,NaN,NaN,NaN,0.08393905,2.999499,-0.03981721,-0.05453977,0.0218083,0.02574423,0.9979414,NaN,NaN,NaN,NaN,NaN,NaN,-1,NaN,NaN,NaN,-1,NaN,NaN,NaN
0.5795898,NaN,NaN,NaN,0.07702127,3.000035,-0.03973841,-0.05470075,0.02154708,0.02581839,0.9979364,NaN,NaN,NaN,NaN,NaN,NaN,-1,NaN,NaN,NaN,-1,NaN,NaN,NaN
0.621582,NaN,NaN,NaN,0.07066068,3.000115,-0.03923629,-0.05450212,0.02072757,0.02576584,0.997966,NaN,NaN,NaN,NaN,NaN,NaN,-1,NaN,NaN,NaN,-1,NaN,NaN,NaN
0.6539307,NaN,NaN,NaN,0.06047672,3.000466,-0.03871741,-0.05305638,0.01964271,0.02625911,0.998053,NaN,NaN,NaN,NaN,NaN,NaN,-1,NaN,NaN,NaN,-1,NaN,NaN,NaN
0.6906738,NaN,NaN,NaN,0.05072354,3.00067,-0.03805047,-0.05176895,0.01784396,0.02719101,0.9981294,NaN,NaN,NaN,NaN,NaN,NaN,-1,NaN,NaN,NaN,-1,NaN,NaN,NaN
0.7229004,NaN,NaN,NaN,0.04326154,3.000289,-0.037708,-0.05075141,0.0167349,0.02640997,0.9982219,0.04578869,2.999218,-0.03885818,0.01061933,0.1393383,0.9901879,-1,NaN,NaN,NaN,-1,NaN,NaN,NaN
0.7602539,NaN,NaN,NaN,0.03362709,3.000044,-0.03729422,-0.04885486,0.01477739,0.02657461,0.998343,0.03637609,2.999334,-0.03841388,-0.008654387,0.002216139,0.9999601,-1,NaN,NaN,NaN,-1,NaN,NaN,NaN
0.7926025,-0.7563767,-30.70624,218.8454,0.02678744,2.999848,-0.03692251,-0.04938491,0.0130952,0.02731179,0.9983205,0.02941985,2.999339,-0.0379976,-0.003548177,-0.1521939,0.9883443,-1,NaN,NaN,NaN,-1,NaN,NaN,NaN
0.8299561,-0.366273,-27.91552,198.9884,0.01797211,2.999623,-0.03635154,-0.05036592,0.0105266,0.02725059,0.9983035,0.02070007,2.999218,-0.03758562,-0.00192129,-0.1534892,0.9881485,-1,NaN,NaN,NaN,-1,NaN,NaN,NaN
0.8620605,-0.3776744,-31.60736,225.2573,0.01433284,2.999556,-0.0361276,-0.05051305,0.008921742,0.02661628,0.9983288,0.01659922,2.999049,-0.03716004,-0.001729747,-0.1518244,0.988406,-1,NaN,NaN,NaN,-1,NaN,NaN,NaN
0.8959961,-0.8561868,-31.79256,226.575,0.008514605,2.99949,-0.03579571,-0.05078365,0.00715977,0.02479017,0.9983763,0.01063997,2.998856,-0.03676963,-0.003780833,-0.1517496,0.9884117,-1,NaN,NaN,NaN,-1,NaN,NaN,NaN
0.9304199,-0.9615336,-26.09703,186.0492,0.005005002,2.999671,-0.03548324,-0.05166415,0.0065476,0.02296954,0.9983789,0.00686717,2.99871,-0.03648674,-0.005141519,-0.1544777,0.9879829,-1,NaN,NaN,NaN,-1,NaN,NaN,NaN
0.9637451,-0.2394232,-17.86982,127.5097,-0.0005507246,2.999707,-0.03500685,-0.05334259,0.00529322,0.02225408,0.9983143,0.001306236,2.99862,-0.03612304,-0.001862626,-0.161468,0.9868762,-1,NaN,NaN,NaN,-1,NaN,NaN,NaN
0.9990234,0.4463215,-2.044937,14.90975,-0.002203166,2.999889,-0.03457814,-0.05506302,0.005595267,0.02239817,0.998216,-0.0007143021,2.998625,-0.0357424,0.02832944,-0.3196194,0.9471224,-1,NaN,NaN,NaN,-1,NaN,NaN,NaN
1.032349,0.8357305,-2.082338,15.17588,-0.006120348,2.999969,-0.0338463,-0.05735625,0.005485117,0.02177581,0.9981012,-0.004662946,2.998719,-0.03534734,0.05233026,-0.3163912,0.9471843,-1,NaN,NaN,NaN,-1,NaN,NaN,NaN
1.067383,2.328933,-6.955037,49.84697,-0.009856347,2.999959,-0.03289464,-0.05827359,0.005612761,0.02131384,0.9980574,-0.008403331,2.998805,-0.03488362,0.04590305,-0.195484,0.979632,-1,NaN,NaN,NaN,-1,NaN,NaN,NaN
1.100708,1.567499,-9.526016,68.14044,-0.01706048,2.999847,-0.03175851,-0.05892494,0.005288898,0.02110015,0.9980254,-0.01521577,2.998826,-0.03430974,0.02282746,-0.1806456,0.9832833,-1,NaN,NaN,NaN,-1,NaN,NaN,NaN
1.136475,1.4703,-10.90621,77.96096,-0.02219924,2.999789,-0.03091723,-0.05867138,0.00474003,0.02108874,0.9980434,-0.02022928,2.998846,-0.0336231,0.01881068,-0.1754837,0.9843026,-1,NaN,NaN,NaN,-1,NaN,NaN,NaN
1.178223,1.461399,-11.41436,81.57668,-0.0297663,2.999901,-0.02932822,-0.05873455,0.004028499,0.02065131,0.9980519,-0.02734752,2.998866,-0.03287351,0.01796138,-0.1738923,0.9846008,-1,NaN,NaN,NaN,-1,NaN,NaN,NaN
1.210571,1.745482,-14.72632,105.1425,-0.0359154,2.999628,-0.02835967,-0.05840171,0.004115433,0.02043466,0.9980755,-0.03341134,2.99885,-0.03197443,0.01667621,-0.1661645,0.9859571,-1,NaN,NaN,NaN,-1,NaN,NaN,NaN
1.248535,0.8652483,-14.90316,106.4008,-0.04368557,2.999736,-0.02646141,-0.05945387,0.003892273,0.02133875,0.9979954,-0.04098824,2.998841,-0.03095245,0.008396473,-0.1658658,0.9861126,-1,NaN,NaN,NaN,-1,NaN,NaN,NaN
1.28064,0.4065198,-15.0289,107.2953,-0.0518247,2.99896,-0.02463472,-0.06018624,0.004196346,0.02108343,0.9979557,-0.04893327,2.998781,-0.0298605,0.004185005,-0.1656504,0.9861757,-1,NaN,NaN,NaN,-1,NaN,NaN,NaN
1.317383,0.2379488,-14.70729,105.007,-0.05602161,2.99847,-0.02316014,-0.0594621,0.004133016,0.02199846,0.9979796,-0.05339412,2.998705,-0.02866518,0.002735152,-0.1662255,0.986084,-1,NaN,NaN,NaN,-1,NaN,NaN,NaN
1.35022,0.4047494,-17.48982,124.8057,-0.06490223,2.997986,-0.02098751,-0.05876121,0.004844428,0.02096651,0.9980402,-0.06201138,2.998517,-0.02728283,0.00368969,-0.161958,0.9867908,-1,NaN,NaN,NaN,-1,NaN,NaN,NaN
1.386841,0.8749835,-15.05416,107.4751,-0.06883878,2.997369,-0.01988589,-0.05657135,0.00507015,0.0213534,0.9981574,-0.06687452,2.997801,-0.02432716,0.008640213,-0.1656012,0.986155,-1,NaN,NaN,NaN,-1,NaN,NaN,NaN
1.419434,0.2710595,-14.07516,100.5092,-0.07724719,2.996836,-0.01780266,-0.05495597,0.005599976,0.0226327,0.9982166,-0.07502887,2.997343,-0.02274728,0.003393959,-0.1674238,0.9858792,-1,NaN,NaN,NaN,-1,NaN,NaN,NaN
1.456543,0.3220881,-13.48864,96.33579,-0.08127962,2.996911,-0.01635357,-0.05542867,0.005491376,0.02375951,0.9981648,-0.07929763,2.996848,-0.02112043,0.004105919,-0.168636,0.9856699,-1,NaN,NaN,NaN,-1,NaN,NaN,NaN
1.488892,0.2351294,-12.93919,92.42628,-0.08732007,2.996811,-0.0142894,-0.05568469,0.005055428,0.02444484,0.9981364,-0.08534308,2.996431,-0.01946664,0.003416196,-0.1698717,0.9854603,-1,NaN,NaN,NaN,-1,NaN,NaN,NaN
1.525879,0.5226456,-14.16954,101.1807,-0.09146767,2.996764,-0.01297269,-0.05594032,0.004766434,0.02446526,0.9981229,-0.08969299,2.996051,-0.01780295,0.005965544,-0.1672312,0.9858996,-1,NaN,NaN,NaN,-1,NaN,NaN,NaN
1.557983,0.4548889,-12.39824,88.57726,-0.09624733,2.997058,-0.01086766,-0.05598038,0.004497826,0.02478053,0.9981142,-0.09453084,2.995889,-0.0161438,0.006109917,-0.1711932,0.9852185,-1,NaN,NaN,NaN,-1,NaN,NaN,NaN
1.595581,0.3725299,-10.36716,74.12543,-0.09851424,2.997353,-0.009555408,-0.05631636,0.004000157,0.02511442,0.9980891,-0.09707277,2.995846,-0.01449358,0.006233438,-0.1773786,0.9841229,-1,NaN,NaN,NaN,-1,NaN,NaN,NaN
1.627319,-1.007091,-5.277649,37.91171,-0.1030724,2.997753,-0.007700673,-0.05684905,0.003679841,0.02540941,0.9980526,-0.1016126,2.995919,-0.0129602,-0.0233207,-0.2130869,0.9767549,-1,NaN,NaN,NaN,-1,NaN,NaN,NaN
1.660645,-0.4648648,-2.403402,17.46042,-0.1053186,2.997946,-0.006378976,-0.05706977,0.003816962,0.02502606,0.9980492,-0.1040531,2.996097,-0.01140702,-0.01972652,-0.2952048,0.9552304,-1,NaN,NaN,NaN,-1,NaN,NaN,NaN
1.696289,0.6373848,-4.957494,35.63369,-0.1090131,2.998195,-0.00436011,-0.05682544,0.004371315,0.02482775,0.9980658,-0.1077351,2.996341,-0.009785533,0.02039873,-0.2177478,0.9757919,-1,NaN,NaN,NaN,-1,NaN,NaN,NaN
1.72937,0.6439892,-5.004257,35.96643,-0.1137868,2.998383,-0.003150944,-0.05643996,0.005414397,0.0254261,0.9980675,-0.1123469,2.996587,-0.0081774,0.02051841,-0.2170525,0.9759442,-1,NaN,NaN,NaN,-1,NaN,NaN,NaN
1.764404,0.178012,-6.310268,45.25918,-0.1224796,2.998403,-0.001133385,-0.05516957,0.006086885,0.02668494,0.9981018,-0.1205946,2.996899,-0.006644845,0.006461428,-0.201394,0.979489,-1,NaN,NaN,NaN,-1,NaN,NaN,NaN
1.797852,-0.1124877,-7.745599,55.47209,-0.1306373,2.998737,0.0005052142,-0.0538681,0.005960613,0.02702315,0.9981645,-0.1282826,2.997095,-0.0050565,0.0002795169,-0.1901103,0.9817627,-1,NaN,NaN,NaN,-1,NaN,NaN,NaN
1.833374,-0.4690123,-9.235691,66.07451,-0.1440227,2.999604,0.003248948,-0.05308255,0.004821419,0.02726381,0.9982062,-0.140725,2.997249,-0.003435493,-0.004885114,-0.1820336,0.9832802,-1,NaN,NaN,NaN,-1,NaN,NaN,NaN
1.866211,-0.4949271,-9.809597,70.15806,-0.1551383,2.999582,0.005713191,-0.05357517,0.003181189,0.02632279,0.9982117,-0.1513397,2.997449,-0.001717329,-0.004817549,-0.1795718,0.9837331,-1,NaN,NaN,NaN,-1,NaN,NaN,NaN
1.901855,-0.6506727,-10.04073,71.80265,-0.1694001,2.999601,0.009715516,-0.05303603,0.0002127886,0.02508404,0.9982775,-0.1649556,2.9977,0.0002092123,-0.006655639,-0.1786618,0.983888,-1,NaN,NaN,NaN,-1,NaN,NaN,NaN
1.935181,-0.8318011,-10.26268,73.38192,-0.1789385,2.999554,0.01343827,-0.05259933,-0.001811653,0.02108092,0.9983916,-0.1745071,2.998011,0.002480745,-0.008814346,-0.1778266,0.9840224,-1,NaN,NaN,NaN,-1,NaN,NaN,NaN
1.971802,-1.402517,-10.20735,72.98824,-0.198449,2.999104,0.01787017,-0.04930197,-0.001802862,0.01253962,0.9987036,-0.1930307,2.99821,0.005177855,-0.01630519,-0.1780253,0.9838908,-1,NaN,NaN,NaN,-1,NaN,NaN,NaN
2.01416,-1.653202,-9.901209,70.80991,-0.2116784,2.998948,0.01958539,-0.03936001,-0.0002670884,0.01132134,0.9991609,-0.2060132,2.998407,0.008363605,-0.02010497,-0.1792071,0.9836059,-1,NaN,NaN,NaN,-1,NaN,NaN,NaN
2.056152,-1.152574,-9.165761,65.57693,-0.2414813,2.997955,0.02324594,-0.0393917,0.002144098,0.01174874,0.9991525,-0.2355092,2.998271,0.01473868,-0.0137517,-0.1824038,0.9831275,-1,NaN,NaN,NaN,-1,NaN,NaN,NaN
2.089355,-1.386675,-8.789381,62.89885,-0.2715387,2.996531,0.02735145,-0.04461667,0.004434705,0.01109437,0.9989328,-0.2641097,2.997834,0.01769388,-0.01754384,-0.1842148,0.9827294,-1,NaN,NaN,NaN,-1,NaN,NaN,NaN
2.124756,-1.314274,-8.746798,62.59586,-0.3038803,2.993246,0.03142972,-0.04509209,0.005275666,0.0124722,0.998891,-0.2951757,2.997088,0.0205096,-0.01600442,-0.1844319,0.982715,-1,NaN,NaN,NaN,-1,NaN,NaN,NaN
2.166992,-1.351978,-9.805906,70.13181,-0.3309255,2.9912,0.03427456,-0.03627321,0.003848761,0.01183216,0.9992644,-0.3216148,2.996071,0.02369308,-0.01445619,-0.1796143,0.9836309,-1,NaN,NaN,NaN,-1,NaN,NaN,NaN
2.208984,-1.578708,-10.81452,77.30849,-0.3689125,2.989855,0.03864656,-0.02760525,0.003036022,0.010917,0.9995547,-0.3580272,2.994529,0.02697575,-0.01554708,-0.1758778,0.9842892,-1,NaN,NaN,NaN,-1,NaN,NaN,NaN
2.24231,-1.878651,-9.488101,67.87052,-0.4014217,2.98863,0.04311072,-0.02611087,0.002382874,0.01358769,0.9995639,-0.3898404,2.99275,0.03027678,-0.02157857,-0.1808954,0.9832656,-1,NaN,NaN,NaN,-1,NaN,NaN,NaN
2.27832,-1.91776,-9.275517,66.35791,-0.4427613,2.986892,0.04696902,-0.02592044,0.00350207,0.01517519,0.9995427,-0.4296462,2.991169,0.03364909,-0.0220574,-0.1818216,0.9830841,-1,NaN,NaN,NaN,-1,NaN,NaN,NaN
2.320801,-1.172563,-8.738708,62.53832,-0.4851445,2.985836,0.05097287,-0.02607934,0.005472153,0.01530339,0.9995278,-0.470432,2.989796,0.03706419,-0.01104048,-0.1844219,0.9827852,-1,NaN,NaN,NaN,-1,NaN,NaN,NaN
2.357056,-1.236209,-10.41777,74.48545,-0.5330803,2.98348,0.05429328,-0.02549798,0.006031454,0.01763049,0.9995012,-0.5197191,2.987101,0.04348922,-0.009472027,-0.1772131,0.9841269,-1,NaN,NaN,NaN,-1,NaN,NaN,NaN
2.399414,-2.11423,-10.00653,71.55933,-0.5848064,2.981174,0.05742165,-0.02070698,0.00532195,0.01983015,0.9995748,-0.5693303,2.985801,0.04657257,-0.02125039,-0.178712,0.983672,-1,NaN,NaN,NaN,-1,NaN,NaN,NaN
2.443726,-2.251133,-9.21234,65.9084,-0.6406126,2.979375,0.06043794,-0.01821639,0.005014151,0.01998792,0.9996217,-0.6228143,2.984371,0.04962265,-0.02430382,-0.1820447,0.9829898,-1,NaN,NaN,NaN,-1,NaN,NaN,NaN
2.489868,-2.074653,-7.886491,56.47449,-0.7005227,2.977989,0.06361757,-0.01907807,0.0042409,0.02027803,0.9996034,-0.6845439,2.98162,0.05536842,-0.02418708,-0.1890988,0.9816601,-1,NaN,NaN,NaN,-1,NaN,NaN,NaN
2.529419,-2.149791,-8.013554,57.37859,-0.7453516,2.976426,0.06526948,-0.01968283,0.003675312,0.01966674,0.9996061,-0.7290826,2.980153,0.05795121,-0.0243344,-0.1883043,0.9818092,-1,NaN,NaN,NaN,-1,NaN,NaN,NaN
2.565674,-2.636806,-11.07351,79.15132,-0.795988,2.974603,0.06678714,-0.01766245,0.003309816,0.01675911,0.9996981,-0.7790867,2.978682,0.06042349,-0.02312004,-0.1748851,0.9843174,-1,NaN,NaN,NaN,-1,NaN,NaN,NaN
2.614258,-2.61263,-10.58347,75.66447,-0.875053,2.972668,0.06918187,-0.01481623,0.003034681,0.01329274,0.9997973,-0.8548045,2.977063,0.06277788,-0.0228799,-0.1765043,0.9840339,-1,NaN,NaN,NaN,-1,NaN,NaN,NaN
2.658569,-2.904109,-10.5625,75.5153,-0.9608425,2.971587,0.07160275,-0.01218806,0.002191275,0.01379112,0.9998283,-0.9432876,2.973687,0.06694162,-0.02557211,-0.1765327,0.9839626,-1,NaN,NaN,NaN,-1,NaN,NaN,NaN
2.703247,-2.708269,-9.617644,68.79229,-1.055607,2.971345,0.07415333,-0.009629168,0.001924604,0.01342756,0.9998617,-1.03443,2.972293,0.06893396,-0.0239506,-0.1801468,0.9833481,-1,NaN,NaN,NaN,-1,NaN,NaN,NaN
2.747314,-2.57556,-9.23612,66.07761,-1.149212,2.971295,0.07599246,-0.008144924,0.0008902252,0.01484664,0.9998562,-1.125129,2.971297,0.07107902,-0.02160258,-0.1818162,0.9830952,-1,NaN,NaN,NaN,-1,NaN,NaN,NaN
2.789551,-2.742221,-8.012308,57.36974,-1.2415,2.970767,0.07713646,-0.006400716,0.0007471441,0.01635715,0.9998454,-1.223207,2.970325,0.07453811,-0.02602918,-0.1881939,0.9817869,-1,NaN,NaN,NaN,-1,NaN,NaN,NaN
2.832153,-2.814082,-7.779785,55.71525,-1.333568,2.969852,0.07779076,-0.004484471,0.001163095,0.01584297,0.9998637,-1.313296,2.970047,0.07594764,-0.02647442,-0.1896311,0.9814984,-1,NaN,NaN,NaN,-1,NaN,NaN,NaN
2.874634,-3.028548,-7.95764,56.98068,-1.42214,2.969609,0.07834378,-0.00407215,0.0008449554,0.01479326,0.9998819,-1.400253,2.969617,0.07696593,-0.02809037,-0.1885106,0.9816693,-1,NaN,NaN,NaN,-1,NaN,NaN,NaN
2.916626,-3.489882,-9.284794,66.42387,-1.505339,2.970653,0.07919161,-0.004586295,0.001440436,0.01269851,0.9999079,-1.482324,2.969137,0.07761753,-0.02974234,-0.1815444,0.9829329,-1,NaN,NaN,NaN,-1,NaN,NaN,NaN
2.958496,-3.212305,-8.260598,59.13635,-1.58417,2.970614,0.07949619,-0.005357513,0.004105181,0.01055354,0.9999215,-1.568143,2.969096,0.07884777,-0.02733973,-0.1867316,0.9820305,-1,NaN,NaN,NaN,-1,NaN,NaN,NaN
3.000244,-3.178652,-8.275853,59.2449,-1.655329,2.97139,0.07955416,-0.005105674,0.008746266,0.01050161,0.9998936,-1.638741,2.969365,0.07925069,-0.02556099,-0.1866596,0.982092,-1,NaN,NaN,NaN,-1,NaN,NaN,NaN
3.042114,-3.307034,-8.178661,58.55334,-1.722767,2.973035,0.08018909,-0.006356251,0.01350242,0.01111464,0.9998269,-1.705614,2.96964,0.07944,-0.02689261,-0.1872132,0.9819511,-1,NaN,NaN,NaN,-1,NaN,NaN,NaN
3.083618,-3.39923,-8.272329,59.21982,-1.787262,2.973447,0.08086653,-0.009268595,0.01909369,0.009741001,0.9997273,-1.769495,2.970129,0.07962334,-0.0270624,-0.1866856,0.9820469,-1,NaN,NaN,NaN,-1,NaN,NaN,NaN
3.125366,-3.945084,-9.862902,70.53734,-1.842737,2.974305,0.08270007,-0.0143509,0.02411333,0.01141115,0.9995411,-1.830894,2.971802,0.08045805,-0.02950818,-0.1791367,0.9833816,-1,NaN,NaN,NaN,-1,NaN,NaN,NaN
3.167236,-3.3633,-9.562027,68.39651,-1.891694,2.973598,0.08536234,-0.02106736,0.02922514,0.01323049,0.9992632,-1.879858,2.972589,0.08127928,-0.02135323,-0.1804282,0.9833564,-1,NaN,NaN,NaN,-1,NaN,NaN,NaN
3.209229,2.030594,-11.05594,79.02625,-1.926223,2.971221,0.08897503,-0.02651837,0.03254706,0.01767918,0.9989619,-1.915593,2.97287,0.08263052,0.04915683,-0.1747541,0.9833843,-1,NaN,NaN,NaN,-1,NaN,NaN,NaN
3.250977,2.884854,-11.9122,85.11883,-1.940524,2.967602,0.09335017,-0.02968621,0.03339282,0.02324626,0.9987309,-1.936351,2.971274,0.08700049,0.05576283,-0.1721447,0.9834921,-1,NaN,NaN,NaN,-1,NaN,NaN,NaN
3.292725,2.7021,-13.10667,93.6179,-1.933749,2.96471,0.09914482,-0.03251962,0.03336826,0.02558697,0.9985862,-1.932775,2.969229,0.09007454,0.04878175,-0.1691977,0.9843742,-1,NaN,NaN,NaN,-1,NaN,NaN,NaN
3.334595,2.934036,-13.0474,93.19617,-1.908729,2.959141,0.1041894,-0.03285795,0.03330597,0.02282605,0.9986441,-1.911536,2.966923,0.09400475,0.05122514,-0.169296,0.9842331,-1,NaN,NaN,NaN,-1,NaN,NaN,NaN
3.376709,2.992904,-12.80664,91.48309,-1.862559,2.953838,0.108982,-0.03093069,0.03342053,0.02127235,0.9987361,-1.870184,2.964014,0.0981214,0.05236829,-0.1698267,0.9840815,-1,NaN,NaN,NaN,-1,NaN,NaN,NaN
3.418335,2.195361,-10.44244,74.66091,-1.795872,2.9472,0.1126172,-0.02882768,0.03221369,0.01989071,0.9988672,-1.805998,2.956002,0.1062211,0.05275032,-0.176633,0.9828622,-1,NaN,NaN,NaN,-1,NaN,NaN,NaN
3.459961,1.750157,-9.751509,69.74471,-1.702999,2.941639,0.1150492,-0.02676875,0.03192532,0.01996046,0.9989324,-1.718833,2.951283,0.1097124,0.04894925,-0.179243,0.9825863,-1,NaN,NaN,NaN,-1,NaN,NaN,NaN
3.501709,1.528677,-9.087285,65.01852,-1.584791,2.937216,0.1168212,-0.02711572,0.03129843,0.01800185,0.99898,-1.607517,2.946532,0.1124299,0.04745577,-0.1820914,0.9821358,-1,NaN,NaN,NaN,-1,NaN,NaN,NaN
3.543823,1.77188,-9.484502,67.84486,-1.439444,2.934373,0.1186188,-0.03149015,0.03219423,0.01597948,0.9988576,-1.470426,2.941986,0.1145203,0.04703278,-0.1802582,0.9824942,-1,NaN,NaN,NaN,-1,NaN,NaN,NaN
3.585815,2.64546,-10.18096,72.80042,-1.265588,2.932179,0.1181624,-0.02961757,0.03383154,0.0131462,0.9989021,-1.294477,2.935232,0.1176296,0.0532699,-0.1773374,0.9827074,-1,NaN,NaN,NaN,-1,NaN,NaN,NaN
3.627319,2.775495,-9.863522,70.54173,-1.073858,2.931073,0.1160633,-0.02519152,0.03576738,0.01093264,0.9989828,-1.11044,2.933051,0.1182441,0.05421069,-0.1785185,0.9824421,-1,NaN,NaN,NaN,-1,NaN,NaN,NaN
3.669067,2.461756,-8.481956,60.71139,-0.862082,2.932532,0.1134712,-0.02729797,0.03483474,0.01017633,0.9989684,-0.9068865,2.931389,0.1178991,0.05455204,-0.1848286,0.9812556,-1,NaN,NaN,NaN,-1,NaN,NaN,NaN
3.711304,2.370718,-7.619347,54.57359,-0.6366597,2.935826,0.1101843,-0.03295997,0.03252843,0.006876421,0.9989036,-0.6897365,2.93063,0.1167247,0.05508995,-0.1899058,0.9802555,-1,NaN,NaN,NaN,-1,NaN,NaN,NaN
3.752808,2.763769,-8.902064,63.70061,-0.3952746,2.941133,0.1067598,-0.03469753,0.03003395,0.00318909,0.9989414,-0.4376434,2.933012,0.1123756,0.04943546,-0.1827545,0.9819149,-1,NaN,NaN,NaN,-1,NaN,NaN,NaN
3.793701,2.435857,-7.895933,56.54161,-0.1436448,2.947359,0.1031566,-0.03672774,0.0295248,-0.0003148457,0.998889,-0.1933602,2.93592,0.1096286,0.04570781,-0.1883072,0.981046,-1,NaN,NaN,NaN,-1,NaN,NaN,NaN
3.835693,3.020147,-7.64051,54.72418,0.1161053,2.954745,0.09975076,-0.03685815,0.02994528,0.0001825476,0.9988718,0.05890559,2.940024,0.1068865,0.05315319,-0.1899167,0.9803603,-1,NaN,NaN,NaN,-1,NaN,NaN,NaN
3.877686,3.284243,-7.777238,55.69705,0.3778735,2.963035,0.09709454,-0.04019121,0.03161108,0.003610647,0.9986853,0.3136266,2.944902,0.1041013,0.05239609,-0.1891185,0.9805554,-1,NaN,NaN,NaN,-1,NaN,NaN,NaN
3.919312,3.95094,-7.928289,56.77184,0.6394004,2.971271,0.09521604,-0.04248412,0.03133833,0.009128045,0.9985638,0.5916704,2.956854,0.09945118,0.05811283,-0.1883048,0.9803898,-1,NaN,NaN,NaN,-1,NaN,NaN,NaN
3.960571,3.807894,-8.087131,57.90204,0.9037812,2.978472,0.09385513,-0.04460536,0.02871624,0.01568952,0.9984687,0.8499093,2.96331,0.09734428,0.05019848,-0.1875316,0.980975,-1,NaN,NaN,NaN,-1,NaN,NaN,NaN
4.002319,3.570618,-6.996201,50.13967,1.168267,2.985049,0.09305482,-0.04660648,0.02418005,0.01977654,0.9984248,1.108375,2.969563,0.0956279,0.0481979,-0.195078,0.9796028,-1,NaN,NaN,NaN,-1,NaN,NaN,NaN
4.044189,3.889538,-7.502307,53.7408,1.429755,2.989006,0.09217301,-0.04521045,0.0192368,0.021436,0.9985622,1.364278,2.975417,0.09417808,0.04614995,-0.1914839,0.9804102,-1,NaN,NaN,NaN,-1,NaN,NaN,NaN
4.086182,3.962994,-8.436774,60.38988,1.685992,2.991622,0.09184308,-0.04483131,0.01554236,0.02257685,0.9986185,1.638711,2.984816,0.0925585,0.03784641,-0.1859784,0.9818246,-1,NaN,NaN,NaN,-1,NaN,NaN,NaN
4.12793,4.368367,-8.311853,59.50103,1.93563,2.992373,0.09189852,-0.04622235,0.01282665,0.02416311,0.9985566,1.883641,2.988044,0.09223557,0.04105293,-0.1866983,0.9815592,-1,NaN,NaN,NaN,-1,NaN,NaN,NaN
4.1698,4.425758,-8.140911,58.28471,2.177145,2.991632,0.09228089,-0.04760335,0.0104011,0.02762598,0.9984301,2.121032,2.990176,0.09213054,0.03887047,-0.1877321,0.9814509,-1,NaN,NaN,NaN,-1,NaN,NaN,NaN
4.212158,4.606078,-8.102383,58.01057,2.406807,2.990388,0.09367298,-0.04783989,0.007211983,0.03019892,0.9983724,2.347395,2.99098,0.09214222,0.03827335,-0.187977,0.9814274,-1,NaN,NaN,NaN,-1,NaN,NaN,NaN
4.253906,4.359008,-6.497586,46.59184,2.619471,2.986765,0.09449536,-0.04858324,0.002639771,0.03086754,0.9983386,2.578917,2.989887,0.09298944,0.03748328,-0.1997773,0.9791241,-1,NaN,NaN,NaN,-1,NaN,NaN,NaN
4.2948,4.340662,-6.510793,46.68581,2.814335,2.984995,0.09634274,-0.04579752,0.0001552105,0.02869748,0.9985385,2.771988,2.988432,0.09388602,0.03297174,-0.199663,0.9793097,-1,NaN,NaN,NaN,-1,NaN,NaN,NaN
4.336914,4.3658,-6.213634,44.57141,2.99686,2.979915,0.09939879,-0.05093011,-0.004798532,0.035436,0.9980619,2.95306,2.986388,0.09490323,0.0310902,-0.2024651,0.9787958,-1,NaN,NaN,NaN,-1,NaN,NaN,NaN
4.379395,4.451873,-6.436825,46.15951,3.163688,2.973359,0.1028742,-0.05190942,-0.00996387,0.0431588,0.997669,3.119063,2.98404,0.09640205,0.02833622,-0.2002926,0.9793262,-1,NaN,NaN,NaN,-1,NaN,NaN,NaN
4.420532,1.765554,-8.742405,62.56461,3.315052,2.963501,0.1065483,-0.04931246,-0.01469415,0.0462082,0.9976058,3.285662,2.976386,0.100921,-0.02391174,-0.1843399,0.9825717,-1,NaN,NaN,NaN,-1,NaN,NaN,NaN
4.462036,1.402103,-8.413986,60.22779,3.452084,2.951793,0.1102851,-0.04643703,-0.01928338,0.04754128,0.9976029,3.422,2.970267,0.1035883,-0.03299093,-0.1859388,0.9820073,-1,NaN,NaN,NaN,-1,NaN,NaN,NaN
4.503784,1.479764,-7.912829,56.66187,3.564199,2.938379,0.1125261,-0.04096327,-0.02301699,0.04855289,0.9977148,3.535079,2.962647,0.1064494,-0.03566506,-0.1887178,0.9813836,-1,NaN,NaN,NaN,-1,NaN,NaN,NaN
4.545288,1.398632,-7.922206,56.72859,3.645295,2.926039,0.1146513,-0.03939085,-0.02467915,0.0471551,0.9978055,3.619324,2.953763,0.1091264,-0.03848864,-0.1885004,0.9813186,-1,NaN,NaN,NaN,-1,NaN,NaN,NaN
4.586914,1.623893,-7.290774,52.23573,3.687519,2.915275,0.1164032,-0.04219605,-0.02849739,0.05035491,0.9974326,3.676212,2.933663,0.1132793,-0.03860976,-0.1923498,0.9805666,-1,NaN,NaN,NaN,-1,NaN,NaN,NaN
4.628784,1.406807,-7.253805,51.97268,3.683866,2.904688,0.117083,-0.04137986,-0.02892673,0.04847733,0.9975474,3.679041,2.924274,0.1149663,-0.04295671,-0.1924171,0.9803725,-1,NaN,NaN,NaN,-1,NaN,NaN,NaN
4.670654,1.348898,-7.307736,52.35642,3.633776,2.895822,0.1174231,-0.04135259,-0.03087741,0.05163419,0.9973317,3.637938,2.915199,0.1161649,-0.0429622,-0.1918708,0.9804794,-1,NaN,NaN,NaN,-1,NaN,NaN,NaN
4.713379,1.180187,-7.266438,52.06257,3.533956,2.889238,0.1170401,-0.04141057,-0.03407866,0.05485729,0.9970529,3.54979,2.906841,0.1169398,-0.04472178,-0.1920013,0.9803752,-1,NaN,NaN,NaN,-1,NaN,NaN,NaN
4.754272,0.7930156,-6.923234,49.62054,3.386736,2.884535,0.1156245,-0.03892298,-0.03780103,0.05762197,0.996863,3.409818,2.893269,0.1174321,-0.05178216,-0.1942522,0.9795839,-1,NaN,NaN,NaN,-1,NaN,NaN,NaN
4.795532,0.3665407,-7.013336,50.26165,3.204519,2.882295,0.1133304,-0.03686787,-0.04193035,0.06072235,0.9965919,3.238214,2.888189,0.1168633,-0.05609437,-0.1934133,0.9795125,-1,NaN,NaN,NaN,-1,NaN,NaN,NaN
4.837402,0.02287412,-7.644724,54.75421,2.990976,2.883275,0.1110803,-0.03599176,-0.04214606,0.0601597,0.996649,3.035657,2.884513,0.1157258,-0.05406494,-0.188949,0.9804974,-1,NaN,NaN,NaN,-1,NaN,NaN,NaN
4.879883,-0.09537841,-7.430503,53.22995,2.742853,2.887273,0.1093177,-0.03477087,-0.03990805,0.05676438,0.9969836,2.799566,2.882304,0.1141074,-0.05342692,-0.1903255,0.9802662,-1,NaN,NaN,NaN,-1,NaN,NaN,NaN
4.921143,-0.6812757,-8.31501,59.52354,2.470524,2.894666,0.1075913,-0.03409897,-0.03821018,0.05421168,0.9972153,2.519337,2.883913,0.1107913,-0.05286454,-0.1849727,0.9813208,-1,NaN,NaN,NaN,-1,NaN,NaN,NaN
4.962646,-0.7972821,-8.023247,57.44754,2.174405,2.901994,0.1043648,-0.02920313,-0.03804559,0.05324051,0.9974293,2.233922,2.887814,0.1093358,-0.05186352,-0.1866869,0.9810495,-1,NaN,NaN,NaN,-1,NaN,NaN,NaN
5.004517,-0.9325019,-7.438496,53.28682,1.857976,2.912127,0.101251,-0.02957647,-0.03889966,0.05090029,0.9975076,1.928492,2.892952,0.1076283,-0.05273822,-0.1904451,0.9802803,-1,NaN,NaN,NaN,-1,NaN,NaN,NaN
5.047241,-1.201838,-7.18119,51.45609,1.525604,2.922218,0.09746236,-0.03504258,-0.03871593,0.04324953,0.9976987,1.607259,2.899089,0.1054603,-0.05360256,-0.1923497,0.9798614,-1,NaN,NaN,NaN,-1,NaN,NaN,NaN
5.088623,-3.488305,-9.036459,64.65702,1.181891,2.932913,0.09422967,-0.04166067,-0.03753331,0.03593372,0.9977798,1.245944,2.914047,0.1002163,-0.07192275,-0.1815522,0.9807476,-1,NaN,NaN,NaN,-1,NaN,NaN,NaN
5.130493,-3.497565,-8.465006,60.59092,0.8249694,2.942264,0.09128251,-0.04780255,-0.03395295,0.02843714,0.9978745,0.8991134,2.922159,0.09736061,-0.07124417,-0.1845187,0.9802434,-1,NaN,NaN,NaN,-1,NaN,NaN,NaN
5.172485,-4.158506,-9.585627,68.56455,0.4573402,2.950558,0.08868919,-0.0512538,-0.03049055,0.02414253,0.9979281,0.5417706,2.930307,0.09475458,-0.06737505,-0.1794069,0.9814651,-1,NaN,NaN,NaN,-1,NaN,NaN,NaN
5.214966,-4.643146,-9.712165,69.46491,0.08403562,2.957058,0.08598635,-0.05187926,-0.02551567,0.01946318,0.9981377,0.1785202,2.938086,0.09238613,-0.06821712,-0.1789763,0.9814855,-1,NaN,NaN,NaN,-1,NaN,NaN,NaN
5.255981,-4.031197,-8.759621,62.68721,-0.2927297,2.962213,0.08392621,-0.05471293,-0.02211356,0.01789789,0.9980968,-0.221211,2.95126,0.08793128,-0.05971843,-0.1835586,0.9811931,-1,NaN,NaN,NaN,-1,NaN,NaN,NaN
5.297607,-4.557595,-9.601492,68.67744,-0.6719442,2.964455,0.08251473,-0.05353363,-0.01948339,0.01326372,0.9982879,-0.5914159,2.956375,0.08616126,-0.05678619,-0.1797986,0.9820631,-1,NaN,NaN,NaN,-1,NaN,NaN,NaN
5.3396,-4.709997,-7.84069,56.14868,-1.045824,2.964034,0.08160434,-0.05094577,-0.01765668,0.007181924,0.9985195,-0.9571568,2.96004,0.08459985,-0.06558822,-0.1887639,0.9798297,-1,NaN,NaN,NaN,-1,NaN,NaN,NaN
5.38147,-4.916986,-7.797296,55.83991,-1.414727,2.961259,0.08159835,-0.04821376,-0.01526436,0.002971102,0.9987161,-1.318294,2.962169,0.0832262,-0.06324672,-0.1890968,0.9799196,-1,NaN,NaN,NaN,-1,NaN,NaN,NaN
5.423218,-4.569351,-7.294864,52.26492,-1.768044,2.958971,0.08313876,-0.04801274,-0.012618,0.001056829,0.9987665,-1.69891,2.961893,0.08195376,-0.05389604,-0.1925832,0.9797994,-1,NaN,NaN,NaN,-1,NaN,NaN,NaN
5.464966,-5.127172,-8.276554,59.25001,-2.110858,2.952752,0.08477512,-0.05183344,-0.008405386,-0.0002440996,0.9986203,-2.036045,2.960211,0.08220565,-0.05125852,-0.1863334,0.9811485,-1,NaN,NaN,NaN,-1,NaN,NaN,NaN
5.506958,-5.630138,-9.072822,64.91583,-2.436352,2.941877,0.08675899,-0.05085034,-0.006504476,0.001765325,0.9986836,-2.356946,2.957489,0.08311069,-0.0495783,-0.1822204,0.982007,-1,NaN,NaN,NaN,-1,NaN,NaN,NaN
5.548462,-5.989153,-9.666048,69.13687,-2.73404,2.932109,0.08920518,-0.04543454,-0.004216045,0.002394202,0.9989556,-2.652108,2.952842,0.08444321,-0.04748533,-0.1795638,0.9825996,-1,NaN,NaN,NaN,-1,NaN,NaN,NaN
5.59021,-1.181182,-6.942781,49.75982,-3.001825,2.92196,0.09156866,-0.04351886,0.002889425,-0.004181042,0.9990398,-2.947359,2.938526,0.08739173,0.03485198,-0.1949879,0.9801862,-1,NaN,NaN,NaN,-1,NaN,NaN,NaN
5.63208,-0.781547,-7.534522,53.97028,-3.240799,2.910558,0.09436341,-0.04374719,0.01023638,-0.007083915,0.9989651,-3.185705,2.930519,0.0892514,0.04375928,-0.1904794,0.9807155,-1,NaN,NaN,NaN,-1,NaN,NaN,NaN
5.67395,-0.670426,-7.175101,51.41286,-3.443584,2.897929,0.09693451,-0.04482497,0.01493528,-0.006565635,0.9988617,-3.389815,2.922102,0.09135973,0.05192052,-0.192783,0.9798668,-1,NaN,NaN,NaN,-1,NaN,NaN,NaN
5.715576,-0.7678519,-7.843897,56.1716,-3.60196,2.884371,0.09952281,-0.04518493,0.01837322,-0.007157671,0.9987841,-3.552303,2.913242,0.09357452,0.04870621,-0.1881662,0.9809288,-1,NaN,NaN,NaN,-1,NaN,NaN,NaN
5.756958,-0.4540511,-8.519176,60.97647,-3.698449,2.871537,0.1024697,-0.04743845,0.02130714,-0.007263,0.9986205,-3.673884,2.893242,0.09787393,0.0519138,-0.1840039,0.9815536,-1,NaN,NaN,NaN,-1,NaN,NaN,NaN
5.798706,-0.220675,-8.570602,61.34238,-3.736847,2.860691,0.1063471,-0.05218527,0.02371714,-0.009826245,0.9983074,-3.720882,2.882761,0.09997094,0.05609088,-0.1835403,0.9814106,-1,NaN,NaN,NaN,-1,NaN,NaN,NaN
5.840576,-0.3372148,-8.192794,58.65414,-3.715287,2.849864,0.1095011,-0.05266812,0.02828053,-0.01463142,0.9981043,-3.710575,2.87279,0.1024848,0.0565208,-0.1854043,0.9810355,-1,NaN,NaN,NaN,-1,NaN,NaN,NaN
5.882324,0.2574759,-8.395116,60.09373,-3.628058,2.842898,0.1127321,-0.04792763,0.03167894,-0.0138986,0.9982516,-3.637779,2.863418,0.1052169,0.06368954,-0.1840832,0.980845,-1,NaN,NaN,NaN,-1,NaN,NaN,NaN
5.924438,-0.637148,-6.506127,46.65288,-3.485321,2.838777,0.1158927,-0.04665778,0.03518459,-0.01402082,0.9981927,-3.507403,2.847695,0.1104593,0.06035053,-0.1966752,0.9786096,-1,NaN,NaN,NaN,-1,NaN,NaN,NaN
5.966309,-0.8859884,-5.340445,38.35862,-3.292237,2.837354,0.1179993,-0.04299571,0.03825074,-0.01837693,0.9981736,-3.327583,2.842439,0.1132251,0.06230605,-0.2088156,0.9759682,-1,NaN,NaN,NaN,-1,NaN,NaN,NaN
6.008057,-0.676421,-5.037439,36.20262,-3.059541,2.838432,0.1197842,-0.0403117,0.03732511,-0.02068259,0.9982756,-3.10844,2.838939,0.1155025,0.06570069,-0.2127793,0.9748889,-1,NaN,NaN,NaN,-1,NaN,NaN,NaN
6.049438,-0.530779,-4.892345,35.17023,-2.777506,2.846785,0.1235954,-0.04391934,0.03535384,-0.01923877,0.998224,-2.841883,2.837057,0.1172916,0.06425206,-0.2148887,0.9745227,-1,NaN,NaN,NaN,-1,NaN,NaN,NaN
6.091064,-0.0002362729,-5.746606,41.24861,-2.45641,2.858255,0.1274974,-0.04416916,0.03330982,-0.01637812,0.9983343,-2.515071,2.840653,0.121381,0.05974989,-0.2040245,0.9771407,-1,NaN,NaN,NaN,-1,NaN,NaN,NaN
6.133301,0.3913532,-5.839529,41.90979,-2.103197,2.871673,0.1304496,-0.03784185,0.0336861,-0.0127586,0.9986343,-2.17578,2.847085,0.1241114,0.06004123,-0.2031663,0.9773016,-1,NaN,NaN,NaN,-1,NaN,NaN,NaN
6.175171,0.7079908,-5.474011,39.309,-1.726752,2.888464,0.1331552,-0.03654731,0.03440127,-0.007784944,0.9987093,-1.813073,2.855586,0.1268563,0.06281149,-0.2075292,0.9762102,-1,NaN,NaN,NaN,-1,NaN,NaN,NaN
6.216797,1.236187,-5.208259,37.41807,-1.328146,2.906526,0.1357881,-0.04129923,0.03334546,0.003041995,0.9985856,-1.428212,2.866012,0.1293064,0.06966504,-0.211115,0.9749755,-1,NaN,NaN,NaN,-1,NaN,NaN,NaN
6.258667,1.97957,-6.139509,44.04433,-0.9196353,2.925417,0.1388961,-0.04734115,0.03087565,0.01066641,0.9983445,-0.9987717,2.891676,0.1338546,0.06629079,-0.2010128,0.977343,-1,NaN,NaN,NaN,-1,NaN,NaN,NaN
6.300293,2.776139,-6.864305,49.20152,-0.4993526,2.942421,0.1426147,-0.05055782,0.02612266,0.01656577,0.998242,-0.5899552,2.906116,0.1361709,0.06713147,-0.1948558,0.9785318,-1,NaN,NaN,NaN,-1,NaN,NaN,NaN
6.342285,3.268516,-7.51209,53.81075,-0.07519482,2.956584,0.1457271,-0.05164968,0.02083817,0.02088948,0.9982293,-0.1765651,2.92055,0.1388339,0.06288377,-0.1904292,0.9796848,-1,NaN,NaN,NaN,-1,NaN,NaN,NaN
6.384033,3.773508,-8.054551,57.67056,0.3481565,2.966637,0.1481176,-0.05072886,0.01760882,0.02180956,0.998319,0.2738963,2.946783,0.1439668,0.05964544,-0.1875007,0.9804519,-1,NaN,NaN,NaN,-1,NaN,NaN,NaN
6.425537,3.79964,-6.996382,50.1413,0.7673977,2.973386,0.1509913,-0.05403942,0.01465324,0.02464654,0.9981271,0.6841776,2.957081,0.1462702,0.06100215,-0.1948933,0.9789256,-1,NaN,NaN,NaN,-1,NaN,NaN,NaN
6.467285,4.202306,-7.432652,53.24552,1.179052,2.974874,0.1543954,-0.05655526,0.01081428,0.029681,0.9978997,1.087592,2.965018,0.1484922,0.05747225,-0.1918563,0.9797388,-1,NaN,NaN,NaN,-1,NaN,NaN,NaN
6.509277,4.639493,-7.649051,54.78528,1.587172,2.973977,0.1589056,-0.05852021,0.007588983,0.03604342,0.9976065,1.48743,2.970251,0.1508118,0.05654316,-0.190494,0.9800586,-1,NaN,NaN,NaN,-1,NaN,NaN,NaN
6.551025,4.538084,-6.389251,45.82134,1.98857,2.969056,0.1635318,-0.05764391,0.003134131,0.04074114,0.9975007,1.917676,2.973233,0.1564215,0.05612544,-0.2005312,0.9780783,-1,NaN,NaN,NaN,-1,NaN,NaN,NaN
6.592407,4.681123,-6.270198,44.97424,2.373698,2.962061,0.1682532,-0.05932572,-0.001122713,0.04295482,0.9973134,2.295847,2.971172,0.1598347,0.05205811,-0.2016909,0.9780648,-1,NaN,NaN,NaN,-1,NaN,NaN,NaN
6.634399,4.884402,-6.396029,45.86957,2.734079,2.953523,0.1719987,-0.0585783,-0.001562119,0.04156103,0.9974161,2.65128,2.967352,0.163462,0.04780948,-0.2004631,0.978534,-1,NaN,NaN,NaN,-1,NaN,NaN,NaN
6.676392,5.370433,-7.517103,53.84639,3.0692,2.943959,0.1756346,-0.05493606,-0.005516559,0.04933218,0.9972552,2.983109,2.962206,0.1670363,0.04360825,-0.1914212,0.9805387,-1,NaN,NaN,NaN,-1,NaN,NaN,NaN
6.718018,5.059599,-6.739199,48.31131,3.381248,2.933997,0.1781865,-0.0509703,-0.01204744,0.05725838,0.9969847,3.323929,2.948887,0.1734728,0.03532539,-0.1971779,0.9797311,-1,NaN,NaN,NaN,-1,NaN,NaN,NaN
6.759521,4.737582,-6.334476,45.43156,3.668782,2.921681,0.1790964,-0.0473045,-0.01933387,0.0599158,0.9968945,3.608748,2.941139,0.1760812,0.02442828,-0.2007272,0.9793426,-1,NaN,NaN,NaN,-1,NaN,NaN,NaN
6.801514,4.661492,-6.167005,44.23994,3.928275,2.909131,0.1792887,-0.04668126,-0.02263558,0.05962661,0.9968717,3.867021,2.932402,0.177779,0.01765528,-0.2022138,0.9791822,-1,NaN,NaN,NaN,-1,NaN,NaN,NaN
6.843384,4.538106,-5.995336,43.01846,4.145235,2.898047,0.1801707,-0.05179927,-0.02269346,0.05970135,0.9966131,4.085589,2.922873,0.1787711,0.01034074,-0.2037961,0.9789588,-1,NaN,NaN,NaN,-1,NaN,NaN,NaN
6.885254,4.577087,-6.218791,44.60843,4.311098,2.884868,0.1799878,-0.05291107,-0.02351645,0.06373792,0.9962856,4.27743,2.903857,0.179904,0.006606692,-0.2011324,0.9795418,-1,NaN,NaN,NaN,-1,NaN,NaN,NaN
6.92688,4.504036,-6.411164,45.97723,4.418224,2.871938,0.17928,-0.05284069,-0.02705529,0.06820179,0.9959038,4.390111,2.894095,0.180087,0.002437758,-0.1991151,0.9799731,-1,NaN,NaN,NaN,-1,NaN,NaN,NaN
6.96875,4.438241,-6.806974,48.79357,4.468244,2.860767,0.1777181,-0.05246904,-0.03136358,0.06933524,0.9957188,4.448833,2.883988,0.179949,-0.0002137042,-0.1955,0.9807037,4,-5.7,-17.18155,137.9069,5,5.7,-35.72476,269.8487
7.01062,1.138588,-8.174263,58.52234,4.445368,2.851889,0.1749258,-0.05075177,-0.03534049,0.06696039,0.9958372,4.438748,2.873981,0.1793931,-0.05549151,-0.1857739,0.9810243,4,-5.7,-16.62752,133.9648,5,5.7,-35.17073,265.9066
7.052246,0.9640378,-7.808769,55.92171,4.359317,2.846343,0.1707519,-0.04926607,-0.03792948,0.06474309,0.9959632,4.369455,2.856738,0.1766604,-0.05989313,-0.1875807,0.9804215,4,-5.7,-16.07681,130.0462,5,5.7,-34.62001,261.988
7.094116,0.4844171,-7.836182,56.11669,4.203558,2.84338,0.1644784,-0.04566827,-0.04225064,0.06678969,0.9958256,4.227613,2.850511,0.174095,-0.06558145,-0.1872327,0.980124,4,-5.7,-15.52377,126.1112,5,5.7,-34.06697,258.0529
7.135864,-0.6229974,-8.43679,60.39024,3.985448,2.844609,0.1572074,-0.04578146,-0.04458906,0.06737921,0.9956787,4.025464,2.846131,0.1704795,-0.07565396,-0.1836302,0.9800798,4,-5.7,-14.97234,122.1876,5,5.7,-33.51555,254.1293
7.177734,-0.8431097,-7.866888,56.33517,3.70949,2.850676,0.1497069,-0.04949309,-0.04586858,0.06617456,0.9955237,3.767107,2.84351,0.165985,-0.0803639,-0.1867004,0.9791244,4,-5.7,-14.41792,118.2426,5,5.7,-32.96112,250.1844
7.219482,-1.759697,-8.482763,60.71736,3.376136,2.860635,0.1430738,-0.05362754,-0.04448071,0.06120571,0.9956905,3.431724,2.846418,0.1546932,-0.08396073,-0.1832266,0.9794788,4,-5.7,-13.86563,114.3129,5,5.7,-32.40883,246.2547
7.260864,-2.632063,-9.585157,68.5613,3.001516,2.871391,0.1364714,-0.05227039,-0.04687403,0.06140671,0.9956405,3.072922,2.851961,0.1490352,-0.08177168,-0.1782659,0.9805788,4,-5.7,-13.31951,110.427,5,5.7,-31.86271,242.3688
7.302734,-1.931396,-8.060472,57.7126,2.591939,2.883024,0.1294664,-0.04856908,-0.04921833,0.05852368,0.9958884,2.679383,2.859284,0.1435736,-0.07844576,-0.1857839,0.9794543,4,-5.7,-12.76618,106.4899,5,5.7,-31.30938,238.4317
7.344849,-2.045613,-7.439535,53.2944,2.162664,2.894701,0.1233981,-0.05148593,-0.04972547,0.05313707,0.9960186,2.265162,2.867767,0.1381345,-0.07936224,-0.1897596,0.9786179,4,-5.7,-12.20869,102.5231,5,5.7,-30.75189,234.4649
7.386475,-2.557171,-7.765132,55.61115,1.716924,2.905165,0.1181266,-0.05415691,-0.04891543,0.04822641,0.9961669,1.796782,2.885809,0.1277084,-0.07683802,-0.1879666,0.9791652,4,-5.7,-11.65847,98.60812,5,5.7,-30.20167,230.5499
7.427979,-2.941787,-8.26066,59.13701,1.258088,2.914905,0.1135476,-0.05252029,-0.04651698,0.04261337,0.9966253,1.35047,2.894801,0.1230242,-0.07128539,-0.1852689,0.9800989,4,-5.7,-11.10917,94.69962,5,5.7,-29.65237,226.6414
7.469849,-2.86461,-8.194479,58.66611,0.7849895,2.924782,0.1108701,-0.05512163,-0.04553658,0.03841401,0.9967008,0.8903507,2.903351,0.1187211,-0.06288861,-0.185868,0.9805601,4,-5.7,-10.55633,90.76602,5,5.7,-29.09954,222.7078
7.511963,-3.405607,-8.49274,60.78835,0.3080591,2.932393,0.1081313,-0.05266992,-0.04462427,0.03419468,0.9970282,0.4258707,2.91154,0.1151739,-0.06194345,-0.1843729,0.9809025,4,-5.7,-9.999613,86.80475,5,5.7,-28.54282,218.7465
7.553589,-3.592075,-7.84567,56.18421,-0.1781111,2.935997,0.1043833,-0.04355779,-0.04354122,0.02880266,0.997686,-0.08970687,2.926155,0.1100671,-0.061223,-0.1882965,0.9802021,4,-5.7,-9.449509,82.89056,5,5.7,-27.99271,214.8324
7.595459,-3.614646,-6.977538,50.00713,-0.6711198,2.938816,0.1001243,-0.03873475,-0.04109573,0.02184722,0.9981651,-0.5705997,2.93106,0.107483,-0.05972828,-0.19442,0.9790982,4,-5.7,-8.89604,78.95242,5,5.7,-27.43925,210.8942
7.637085,-4.286988,-8.036422,57.54139,-1.161192,2.938527,0.09535263,-0.03577834,-0.03959498,0.01557909,0.9984536,-1.049282,2.934564,0.1046027,-0.05528418,-0.1873309,0.98074,4,-5.7,-8.344989,75.03149,5,5.7,-26.88819,206.9733
7.67981,-4.336489,-7.046473,50.49753,-1.649791,2.935836,0.09041271,-0.03582685,-0.03676003,0.005685211,0.9986656,-1.527022,2.936575,0.1013391,-0.05460341,-0.1940256,0.9794757,4,-5.7,-7.779521,71.00797,5,5.7,-26.32273,202.9498
7.720947,-4.696429,-6.964792,49.91634,-2.123465,2.93253,0.08654831,-0.03763197,-0.03312418,-0.0003238702,0.9987425,-2.035086,2.936226,0.09385288,-0.05232018,-0.1946474,0.9794769,4,-5.7,-7.236802,67.14632,5,5.7,-25.78001,199.0881
7.762085,-5.080706,-7.104976,50.9138,-2.587068,2.926868,0.08317894,-0.0399272,-0.02675721,-0.004914266,0.9988322,-2.490017,2.934404,0.09019196,-0.04994537,-0.1935473,0.9798188,4,-5.7,-6.692945,63.27658,5,5.7,-25.23615,195.2184
7.804077,-5.631098,-7.489253,53.64807,-3.026901,2.921288,0.08088574,-0.0393219,-0.02296659,-0.0005299635,0.9989625,-2.923066,2.931385,0.08702838,-0.04956812,-0.1907407,0.9803882,4,-5.7,-6.137522,59.32454,5,5.7,-24.68073,191.2663
7.846924,-5.989988,-7.56469,54.18484,-3.453711,2.912996,0.07909292,-0.0425745,-0.02087182,-0.002137144,0.998873,-3.343544,2.927392,0.08429921,-0.04796707,-0.1901702,0.9805787,4,-5.7,-5.57094,55.29311,5,5.7,-24.11415,187.2349
7.887817,-6.035509,-7.52893,53.9304,-3.858944,2.900881,0.07521149,-0.03049075,-0.02224243,-0.01080813,0.9992291,-3.782173,2.9171,0.08038473,-0.04104425,-0.1902734,0.9808728,4,-5.7,-5.02999,51.44405,5,5.7,-23.57319,183.3858
7.929688,-6.11795,-6.499406,46.60495,-4.223927,2.895576,0.0735064,-0.02251706,-0.01953986,-0.01668805,0.9994162,-4.14394,2.909545,0.07822692,-0.04154969,-0.1980432,0.9793123,4,-5.7,-4.476873,47.50841,5,5.7,-23.02008,179.4502
7.971558,-6.027073,-5.732181,41.14585,-4.557792,2.887486,0.07171278,-0.03038134,-0.01329532,-0.01878138,0.9992735,-4.476123,2.902309,0.07605982,-0.03693061,-0.2056013,0.9779388,4,-5.7,-3.923529,43.57117,5,5.7,-22.46673,175.513
8.01416,-6.172291,-5.640923,40.49652,-4.852965,2.878918,0.0712928,-0.03636588,-0.006899655,-0.01599352,0.9991868,-4.77163,2.896134,0.0742234,-0.03388332,-0.2065199,0.9778556,4,-5.7,-3.359687,39.55922,5,5.7,-21.90289,171.501
8.05542,-6.269785,-7.400128,53.01392,-5.107564,2.86759,0.07167955,-0.03781415,-0.005543918,-0.01465516,0.999162,-5.056612,2.883466,0.07188594,-0.02248895,-0.1906304,0.9814043,4,-5.7,-2.814313,35.67868,5,5.7,-21.35752,167.6205
8.09668,-6.274559,-8.02785,57.48039,-5.311032,2.856617,0.07380699,-0.03727658,-0.003706128,-0.01919945,0.9991137,-5.262818,2.875861,0.07162321,-0.0173113,-0.1865674,0.9822897,4,-5.7,-2.268208,31.79295,5,5.7,-20.81141,163.7347
8.138428,-6.447472,-7.375287,52.83717,-5.463543,2.845528,0.07728707,-0.03895248,-0.001280963,-0.02199107,0.9989983,-5.420645,2.867527,0.07221186,-0.01910025,-0.1905294,0.9814957,4,-5.7,-1.716944,27.8705,5,5.7,-20.26015,159.8123
8.181152,-6.641263,-7.478129,53.56897,-5.560236,2.836389,0.08259166,-0.03975663,0.001019567,-0.0230929,0.998942,-5.525411,2.858791,0.07361364,-0.0204757,-0.189681,0.9816322,4,-5.7,-1.151989,23.85063,5,5.7,-19.69519,155.7924
8.222168,-6.187462,-6.596778,47.29779,-5.604091,2.82755,0.08869557,-0.04209824,0.003159791,-0.02517512,0.9987913,-5.59117,2.841828,0.07937598,-0.01238241,-0.1959998,0.9805257,4,-5.7,-0.6101529,19.99527,5,5.7,-19.15336,151.9371
8.26355,-5.99522,-6.592273,47.26577,-5.580556,2.820503,0.09419921,-0.03732646,0.006139576,-0.02452704,0.9989833,-5.577922,2.834439,0.08362198,-0.008672632,-0.1959146,0.9805827,4,-5.7,-0.06205708,16.09537,5,5.7,-18.60526,148.0372
8.305298,-5.549744,-5.924842,42.51675,-5.500032,2.815832,0.09926125,-0.03408728,0.008605867,-0.02405894,0.9990922,-5.509745,2.82759,0.08807933,-0.0009232614,-0.2020319,0.9793785,4,-5.7,0.489532,12.17061,5,5.7,-18.05367,144.1124
8.347778,-5.29918,-5.575408,40.0304,-5.357991,2.815041,0.1043743,-0.03399522,0.01032051,-0.02311777,0.9991013,-5.382588,2.821788,0.09256268,0.002043812,-0.2057573,0.9786009,4,-5.7,1.052063,8.167994,5,5.7,-17.49114,140.1098
8.388794,-4.847758,-5.057758,36.34713,-5.152243,2.816991,0.1082167,-0.03297603,0.01363656,-0.02183896,0.9991245,-5.185257,2.815146,0.1012174,0.009098869,-0.2122499,0.9771731,4,-5.7,1.594095,4.311232,5,5.7,-16.94911,136.253
8.430176,-4.395226,-5.440631,39.07142,-4.890561,2.824473,0.1131183,-0.03677341,0.01818821,-0.01737262,0.999007,-4.938828,2.81466,0.1046885,0.01364626,-0.2072355,0.9781959,4,-5.7,2.141395,0.4169874,5,5.7,-16.40181,132.3588
8.472412,-3.817481,-5.574582,40.02453,-4.581512,2.835309,0.1179455,-0.03633107,0.02129865,-0.01305654,0.9990276,-4.646124,2.816862,0.1082577,0.0203113,-0.2056867,0.9784071,5,5.7,-15.84446,128.393,6,-5.7,-34.2403,259.2862
8.514893,-1.171519,-5.144927,36.96737,-4.230542,2.847271,0.1210403,-0.03122276,0.02613413,-0.009905933,0.9991217,-4.312311,2.821861,0.112071,0.08300824,-0.2105548,0.9740515,5,5.7,-15.28196,124.3906,6,-5.7,-33.6778,255.2838
8.55603,-0.5114847,-4.812514,34.60213,-3.852922,2.861466,0.1233683,-0.02945297,0.02965465,-0.005327385,0.9991121,-3.92186,2.83789,0.1186876,0.09610437,-0.2155884,0.9717436,5,5.7,-14.73871,120.5252,6,-5.7,-33.13455,251.4184
8.597656,-0.193713,-4.947728,35.56424,-3.447064,2.877171,0.1256846,-0.0358462,0.02834514,0.00291712,0.998951,-3.529707,2.847949,0.1211578,0.09153932,-0.2139126,0.9725544,5,5.7,-14.18797,116.6064,6,-5.7,-32.5838,247.4996
8.639526,-0.4128025,-5.216787,37.47869,-3.019345,2.892753,0.1277742,-0.0411996,0.02552992,0.007647762,0.9987954,-3.115954,2.859191,0.1232412,0.07055269,-0.2107843,0.9749832,5,5.7,-13.63411,112.6656,6,-5.7,-32.02995,243.5588
8.681885,0.2696073,-5.547314,39.83051,-2.566209,2.908046,0.1304047,-0.04300632,0.02294135,0.01259487,0.998732,-2.67773,2.871295,0.125128,0.07242517,-0.2068712,0.9756838,5,5.7,-13.07523,108.6889,6,-5.7,-31.47107,239.5822
8.7229,0.8980778,-5.4889,39.41487,-2.093082,2.924134,0.1341031,-0.04602338,0.02135119,0.01869982,0.9985371,-2.180868,2.896186,0.1288468,0.07642203,-0.2081249,0.9751121,5,5.7,-12.53154,104.8204,6,-5.7,-30.92738,235.7136
8.764526,1.501909,-5.776756,41.46307,-1.611603,2.937863,0.1374325,-0.04534663,0.02070302,0.02228269,0.9985082,-1.712529,2.908713,0.1311852,0.07588963,-0.2050551,0.9758039,5,5.7,-11.98142,100.9061,6,-5.7,-30.37726,231.7993
8.806641,2.123673,-6.063323,43.50206,-1.125461,2.948918,0.1399922,-0.04239246,0.01886871,0.0263678,0.9985749,-1.238834,2.920863,0.1338195,0.07570396,-0.2022713,0.9763991,5,5.7,-11.42488,96.94609,6,-5.7,-29.82072,227.8393
8.848389,2.610389,-6.096566,43.7386,-0.6374899,2.95753,0.142484,-0.04493778,0.01744661,0.0287883,0.9984225,-0.762531,2.932022,0.1364177,0.07553331,-0.2021867,0.9764298,5,5.7,-10.87308,93.0198,6,-5.7,-29.26892,223.913
8.889893,3.424199,-6.837888,49.01339,-0.1497746,2.964008,0.14584,-0.05040712,0.01537597,0.03244341,0.9980833,-0.2429691,2.949946,0.1408422,0.07337599,-0.1958438,0.9778861,5,5.7,-10.32372,89.11088,6,-5.7,-28.71955,220.0041
8.931763,4.15023,-7.556707,54.12805,0.3390955,2.967059,0.149651,-0.05356938,0.01403725,0.03455445,0.9978673,0.2347675,2.956574,0.1431104,0.07101165,-0.1906711,0.9790822,5,5.7,-9.770164,85.17216,6,-5.7,-28.166,216.0654
8.973267,4.573231,-7.59942,54.43196,0.8249251,2.966413,0.1535737,-0.05129298,0.01163355,0.03821821,0.9978844,0.7101256,2.961554,0.1453449,0.06968194,-0.1904968,0.9792116,5,5.7,-9.22133,81.26701,6,-5.7,-27.61717,212.1602
9.015381,4.515599,-6.487949,46.52344,1.299962,2.96716,0.1590417,-0.05292746,0.008398145,0.04155548,0.997698,1.175619,2.964382,0.1482509,0.07039479,-0.1992213,0.9774228,5,5.7,-8.665705,77.31353,6,-5.7,-27.06154,208.2067
9.056641,4.77939,-6.498782,46.60052,1.764488,2.964639,0.1638845,-0.05449501,0.006835549,0.03986602,0.9976945,1.674167,2.965858,0.1551518,0.06537098,-0.1992492,0.977766,5,5.7,-8.119433,73.42661,6,-5.7,-26.51527,204.3198
9.098022,5.23839,-6.628411,47.52288,2.213917,2.960783,0.1689021,-0.05316652,0.005205363,0.04170661,0.9977008,2.115693,2.965144,0.1588393,0.06448298,-0.1981049,0.9780574,5,5.7,-7.57291,69.53789,6,-5.7,-25.96875,200.4311
9.140259,5.550814,-6.637181,47.58528,2.64552,2.955041,0.1740164,-0.05380679,0.001859486,0.04546829,0.9975139,2.540427,2.963321,0.1629779,0.06209811,-0.1980387,0.9782252,5,5.7,-7.01451,65.56467,6,-5.7,-25.41035,196.4579
9.181885,5.512824,-6.109303,43.82923,3.058086,2.951229,0.1794946,-0.05249131,-0.002160251,0.04895145,0.9974186,2.947224,2.960622,0.1671346,0.05743713,-0.2030523,0.9774819,5,5.7,-6.463892,61.64682,6,-5.7,-24.85973,192.54
9.223877,5.574406,-6.078118,43.60734,3.454925,2.945702,0.1841377,-0.04922499,-0.006899416,0.05255895,0.9973801,3.376626,2.953478,0.1755372,0.04948241,-0.2033441,0.9778562,5,5.7,-5.908251,57.69323,6,-5.7,-24.30409,188.5864
9.265991,5.7567,-5.907813,42.39555,3.833606,2.939355,0.1878959,-0.04632612,-0.009749144,0.0537471,0.9974318,3.749663,2.949654,0.1797072,0.04647882,-0.2051208,0.9776325,5,5.7,-5.351675,53.73299,6,-5.7,-23.74751,184.6262
9.307983,5.885286,-5.880565,42.20168,4.188825,2.933806,0.1911309,-0.0494036,-0.01006585,0.05365592,0.9972858,4.100621,2.945318,0.1833236,0.0415305,-0.2053851,0.9777997,5,5.7,-4.797223,49.78786,6,-5.7,-23.19306,180.6811
9.349487,5.741953,-5.878865,42.18964,4.513987,2.927888,0.1953792,-0.05501064,-0.01000068,0.05315292,0.9970199,4.423481,2.94062,0.1861266,0.03070518,-0.2053924,0.9781979,5,5.7,-4.247557,45.87678,6,-5.7,-22.6434,176.77
9.391357,6.032535,-6.718766,48.16585,4.809279,2.919751,0.199684,-0.05796232,-0.01029894,0.05448985,0.9967774,4.748927,2.931186,0.1924789,0.02622219,-0.1971344,0.9800257,5,5.7,-3.693624,41.93535,6,-5.7,-22.08946,172.8286
9.433228,6.208262,-6.175186,44.29808,5.069306,2.911971,0.2049016,-0.05741549,-0.01047167,0.05277665,0.9968994,5.00866,2.925902,0.1958447,0.0266297,-0.2020332,0.9790165,5,5.7,-3.13997,37.9959,6,-5.7,-21.53581,168.8891
9.474976,6.233997,-6.127625,43.95967,5.28318,2.906215,0.2097631,-0.05264574,-0.01091993,0.05026503,0.9972877,5.225048,2.91992,0.1994108,0.02257296,-0.2024188,0.9790388,5,5.7,-2.588232,34.07007,6,-5.7,-20.98407,164.9633
9.516724,6.265407,-5.45893,39.20165,5.459493,2.900194,0.21311,-0.04184056,-0.01292401,0.05207276,0.9976827,5.40536,2.914139,0.2032694,0.02155695,-0.2098704,0.9774916,5,5.7,-2.036617,30.14513,6,-5.7,-20.43246,161.0383
9.55835,6.026128,-5.338277,38.34316,5.596248,2.896193,0.2166328,-0.04125036,-0.01395404,0.05469961,0.9975529,5.565484,2.903633,0.2102849,0.01180644,-0.2112437,0.9773622,5,5.7,-1.485863,26.22631,6,-5.7,-19.8817,157.1195
9.60022,5.932949,-5.082337,36.52205,5.690164,2.891377,0.2201113,-0.04861649,-0.01367134,0.05292702,0.9973205,5.664084,2.899322,0.2132677,0.00723202,-0.2146952,0.9766543,5,5.7,-0.9332387,22.29418,6,-5.7,-19.32908,153.1874
9.64209,6.022401,-5.010282,36.00935,5.733493,2.885178,0.2234768,-0.04989916,-0.01448408,0.05087453,0.9973525,5.714967,2.895652,0.2161864,0.008386676,-0.2156722,0.9764298,5,5.7,-0.3789377,18.35013,6,-5.7,-18.77478,149.2433
9.683716,5.936778,-4.888946,35.146,5.71713,2.878327,0.2264753,-0.04665297,-0.01546684,0.04797717,0.9976385,5.7156,2.887463,0.2219738,0.006181544,-0.2173395,0.9760765,5,5.7,0.1712101,14.43562,6,-5.7,-18.22463,145.3288
9.725342,5.730194,-4.59639,33.06436,5.638743,2.871523,0.2282419,-0.04382546,-0.01983214,0.04828703,0.9976745,5.647905,2.882452,0.2244158,0.002443141,-0.2220501,0.9750322,5,5.7,0.7218207,10.51783,6,-5.7,-17.67402,141.411
9.767212,5.400766,-4.394613,31.62864,5.503228,2.865057,0.2284015,-0.03827172,-0.02522885,0.04835065,0.997778,5.525247,2.877164,0.2264427,-0.003861896,-0.2255975,0.9742129,5,5.7,1.274653,6.584216,6,-5.7,-17.12119,137.4774
9.809204,4.967207,-4.192973,30.1939,5.311152,2.861612,0.2271631,-0.03582699,-0.02838793,0.04886535,0.9977589,5.34828,2.871502,0.2281505,-0.01237674,-0.2294437,0.9732432,5,5.7,1.829798,2.634159,6,-5.7,-16.56604,133.5273
9.850952,4.402649,-4.412089,31.75299,5.060814,2.863411,0.2256185,-0.0380121,-0.0308479,0.04847052,0.9976242,5.100419,2.863081,0.2280265,-0.02156205,-0.2248125,0.9741635,6,-5.7,-16.01412,129.6002,7,5.7,-34.27375,259.5243
9.892212,4.061526,-4.324899,31.1326,4.764091,2.86491,0.2220068,-0.03637449,-0.03339198,0.04885228,0.9975847,4.817942,2.861904,0.2270505,-0.02383229,-0.2264332,0.9737351,6,-5.7,-15.46778,125.7129,7,5.7,-33.72742,255.6369
9.933838,3.988049,-4.492519,32.32528,4.421699,2.869601,0.217319,-0.03503564,-0.03813162,0.04992004,0.9974099,4.49134,2.862076,0.2255476,-0.01528122,-0.2233041,0.974629,6,-5.7,-14.91748,121.7972,7,5.7,-33.17712,251.7213
9.976074,3.483938,-4.368196,31.44067,4.045887,2.875417,0.2116487,-0.03960884,-0.03972128,0.04665718,0.9973347,4.131197,2.863753,0.222739,-0.02019457,-0.2256374,0.974002,6,-5.7,-14.35987,117.8296,7,5.7,-32.6195,247.7536
10.01782,-2.584472,-9.613346,68.76184,3.6431,2.881821,0.2055144,-0.04273933,-0.04036349,0.04403565,0.9972989,3.71227,2.870838,0.2151488,-0.09000716,-0.178452,0.9798232,6,-5.7,-13.80772,113.9009,7,5.7,-32.06736,243.8249
10.0592,-2.968449,-9.5278,68.15314,3.212877,2.889465,0.1992734,-0.04642667,-0.03859162,0.04191497,0.9972956,3.29586,2.87553,0.2105663,-0.09033026,-0.1788539,0.9797202,6,-5.7,-13.26076,110.0091,7,5.7,-31.5204,239.9331
10.10132,-3.160098,-9.476103,67.78531,2.758399,2.897479,0.1930888,-0.04831818,-0.0366078,0.03855379,0.9974161,2.855766,2.881026,0.2056888,-0.08723322,-0.1791849,0.9799404,6,-5.7,-12.70287,106.0395,7,5.7,-30.96251,235.9635
10.14343,-2.971488,-8.564646,61.29995,2.281543,2.905203,0.1871154,-0.04985455,-0.03387105,0.03231829,0.9976587,2.393925,2.886948,0.2007171,-0.08599209,-0.183536,0.9792445,6,-5.7,-12.14595,102.0768,7,5.7,-30.40559,232.0008
10.18518,-3.037862,-8.305332,59.45485,1.784032,2.913093,0.1811712,-0.05099697,-0.03077986,0.02624666,0.9978793,1.87084,2.899313,0.1909839,-0.08111788,-0.1851604,0.9793546,6,-5.7,-11.59499,98.15651,7,5.7,-29.85463,228.0806
10.22681,-3.329551,-8.186083,58.60632,1.26716,2.920713,0.1755307,-0.05074882,-0.02811009,0.02282213,0.9980549,1.368497,2.905686,0.1861321,-0.07876136,-0.1859502,0.9793973,6,-5.7,-11.04342,94.23188,7,5.7,-29.30306,224.1559
10.2688,-3.425522,-7.719196,55.28425,0.7382684,2.927113,0.1702612,-0.05273689,-0.02600956,0.01987166,0.9980719,0.8540629,2.911922,0.1813456,-0.0760382,-0.1888901,0.9790499,6,-5.7,-10.48952,90.29065,7,5.7,-28.74916,220.2147
10.31067,-3.85295,-7.89852,56.56021,0.2043381,2.932522,0.1660338,-0.05591413,-0.02418965,0.01839471,0.997973,0.3339314,2.917863,0.1767284,-0.07273427,-0.1879016,0.9794911,6,-5.7,-9.935782,86.35062,7,5.7,-28.19542,216.2747
10.35242,-4.043688,-7.639805,54.71936,-0.3290856,2.936814,0.1629936,-0.05786869,-0.02196988,0.01722212,0.9979339,-0.2338125,2.928052,0.1688588,-0.06840584,-0.1897446,0.9794477,6,-5.7,-9.384018,82.42461,7,5.7,-27.64366,212.3486
10.39368,-4.715414,-8.265088,59.16849,-0.8571845,2.93731,0.1593525,-0.05482461,-0.01919982,0.01340321,0.9982215,-0.7505199,2.931976,0.1655647,-0.06587653,-0.1860388,0.9803315,6,-5.7,-8.837691,78.5373,7,5.7,-27.09733,208.4613
10.43555,-4.974418,-8.306448,59.46278,-1.376747,2.937052,0.1560336,-0.05023065,-0.015807,0.01240394,0.9985355,-1.259577,2.934527,0.162732,-0.06143249,-0.1858926,0.9806477,6,-5.7,-8.283933,74.59711,7,5.7,-26.54357,204.5211
10.47754,-4.851531,-7.669656,54.93177,-1.883017,2.935723,0.1525043,-0.04887075,-0.01126254,0.008758416,0.9987033,-1.756449,2.935806,0.1600677,-0.05539312,-0.1898076,0.9802575,6,-5.7,-7.729868,70.65473,7,5.7,-25.98951,200.5788
10.51929,-1.707554,-7.10816,50.93652,-2.374146,2.933686,0.1494729,-0.05183566,-0.006829292,0.005992263,0.9986143,-2.284757,2.935503,0.1546421,0.01114963,-0.19401,0.9809362,6,-5.7,-7.17702,66.72102,7,5.7,-25.43666,196.6451
10.56079,-1.717082,-8.612433,61.63998,-2.842467,2.92934,0.1457934,-0.05265718,-0.001332223,0.00529551,0.9985978,-2.745519,2.934278,0.1521299,0.01643631,-0.1845375,0.9826881,6,-5.7,-6.628203,62.81598,7,5.7,-24.88784,192.74
10.60266,-1.749504,-8.928566,63.88938,-3.289768,2.925004,0.143608,-0.05720047,0.002619028,0.001976822,0.9983573,-3.186323,2.932122,0.149565,0.02215609,-0.1828946,0.9828829,6,-5.7,-6.074184,58.87393,7,5.7,-24.33382,188.798
10.64453,-1.879944,-8.939155,63.96472,-3.712657,2.918041,0.1415608,-0.06156998,0.007342397,-0.001326539,0.9980749,-3.604051,2.929226,0.146875,0.02655131,-0.1827734,0.9827965,6,-5.7,-5.52146,54.94109,7,5.7,-23.7811,184.8651
10.68616,-2.524273,-8.054832,57.67244,-4.1146,2.909491,0.1398995,-0.05879377,0.01169997,-0.008219224,0.9981678,-4.040219,2.921021,0.1429031,0.02587522,-0.1873434,0.9819536,6,-5.7,-4.970463,51.02055,7,5.7,-23.2301,180.9446
10.72778,-2.682875,-7.942519,56.87329,-4.493464,2.90041,0.1387129,-0.05739308,0.0145382,-0.01238741,0.998169,-4.414069,2.915267,0.1414207,0.02995795,-0.1878917,0.9817328,6,-5.7,-4.420633,47.1083,7,5.7,-22.68027,177.0323
10.76929,-3.042165,-7.672722,54.95359,-4.838624,2.890476,0.1374985,-0.05657298,0.01760224,-0.01506507,0.9981297,-4.756557,2.908724,0.140445,0.03069555,-0.1894569,0.9814091,6,-5.7,-3.871985,43.20447,7,5.7,-22.13162,173.1285
10.8114,-3.195748,-7.481509,53.59293,-5.142743,2.880026,0.1357197,-0.05339133,0.01810721,-0.01442017,0.9983054,-5.060461,2.901487,0.1393093,0.0342246,-0.1905675,0.9810774,6,-5.7,-3.315551,39.24524,7,5.7,-21.57518,169.1693
10.85291,-2.92461,-6.665146,47.78431,-5.397857,2.869653,0.1344268,-0.05158606,0.01883626,-0.01359433,0.9983984,-5.347562,2.885557,0.1370814,0.04979827,-0.1962929,0.97928,6,-5.7,-2.765528,35.33162,7,5.7,-21.02516,165.2556
10.89404,-3.041936,-6.573168,47.12975,-5.596881,2.86012,0.13381,-0.05502756,0.02230117,-0.01400587,0.9981375,-5.55044,2.877255,0.1361222,0.05226047,-0.1968836,0.9790331,6,-5.7,-2.222906,31.47066,7,5.7,-20.48254,161.3947
10.93604,-2.871284,-6.624718,47.49655,-5.741066,2.849542,0.1334774,-0.0569291,0.02551529,-0.01671041,0.9979123,-5.700577,2.869222,0.1350431,0.0584728,-0.1962106,0.9788169,6,-5.7,-1.667262,27.51705,7,5.7,-19.92689,157.4411
10.97839,-2.606222,-7.023996,50.33757,-5.832762,2.839531,0.1341303,-0.05668493,0.02837104,-0.01801051,0.9978265,-5.800306,2.861231,0.1342658,0.0623031,-0.1928191,0.9792544,6,-5.7,-1.106859,23.52958,7,5.7,-19.36649,153.4536
11.0199,-2.34763,-7.185115,51.48398,-5.858924,2.831067,0.1354782,-0.05511,0.02873564,-0.01772648,0.9979094,-5.848853,2.844939,0.1341794,0.06676981,-0.1912774,0.9792624,6,-5.7,-0.5580249,19.62442,7,5.7,-18.81766,149.5484
11.06165,-2.656896,-6.299062,45.17939,-5.816236,2.824312,0.1373963,-0.05449669,0.02919415,-0.01717423,0.9979393,-5.817231,2.837424,0.1347314,0.06859794,-0.1983156,0.9777347,6,-5.7,-0.006267071,15.69846,7,5.7,-18.2659,145.6225
11.10339,-2.648008,-5.909601,42.40823,-5.709864,2.819621,0.1398457,-0.05279741,0.02946863,-0.01682188,0.9980286,-5.724603,2.830857,0.1358476,0.07109235,-0.2019699,0.9768081,6,-5.7,0.5453523,11.77348,7,5.7,-17.71428,141.6975
11.146,-2.527742,-5.74552,41.24073,-5.532822,2.816332,0.141701,-0.04964415,0.03073281,-0.01783695,0.9981347,-5.564675,2.825438,0.1374662,0.07214122,-0.2035999,0.9763927,6,-5.7,1.108215,7.768505,7,5.7,-17.15142,137.6925
11.18726,-2.032216,-5.894619,42.30163,-5.303239,2.814785,0.1432033,-0.04669765,0.03536185,-0.02065822,0.9980692,-5.340689,2.817607,0.1405395,0.0766227,-0.201771,0.976431,6,-5.7,1.653787,3.886563,7,5.7,-16.60585,133.8106
11.22876,-2.023094,-5.604727,40.23894,-5.026321,2.817107,0.1459817,-0.04818834,0.03673273,-0.01751207,0.998009,-5.078184,2.815366,0.141912,0.07435966,-0.2049416,0.9759455,6,-5.7,2.203165,-0.02246809,7,5.7,-16.05647,129.9016
11.27051,-1.409752,-5.906806,42.38834,-4.698725,2.823183,0.1493733,-0.04705654,0.03849244,-0.01694523,0.9980065,-4.766707,2.814705,0.1434772,0.07758844,-0.201578,0.9763946,7,5.7,-15.50521,125.9792,8,-0.7,-33.59774,254.7142
11.31311,-1.099275,-5.890196,42.27016,-4.329572,2.831062,0.151545,-0.03799303,0.03783417,-0.01603893,0.9984328,-4.414408,2.816165,0.1455723,0.07684156,-0.2018049,0.9764068,7,5.7,-14.94135,121.9671,8,-0.7,-33.03388,250.7022
11.35437,-1.030172,-5.265898,37.82804,-3.918877,2.842514,0.1523816,-0.03182916,0.036443,-0.0116634,0.9987606,-3.991098,2.82488,0.1497693,0.07660724,-0.2093304,0.9748395,7,5.7,-14.39657,118.0908,8,-0.7,-32.4891,246.8258
11.39587,-0.6831537,-4.90464,35.25757,-3.472373,2.857363,0.1528515,-0.03596351,0.03529391,-0.007248264,0.9987034,-3.560615,2.83207,0.1512537,0.07978835,-0.2145291,0.9734532,7,5.7,-13.84653,114.1771,8,-0.7,-31.93906,242.9121
11.43787,-0.2155643,-5.151593,37.01473,-2.998566,2.872857,0.1522297,-0.04091666,0.03543395,-0.003410748,0.9985282,-3.103085,2.84141,0.1522579,0.07632995,-0.2112905,0.9744384,7,5.7,-13.29159,110.2284,8,-0.7,-31.38412,238.9635
11.48035,0.4657978,-5.452287,39.15428,-2.498295,2.889277,0.1512069,-0.04461383,0.03389192,0.003636152,0.9984226,-2.619344,2.852456,0.1525099,0.07713759,-0.2076429,0.9751586,7,5.7,-12.72949,106.2289,8,-0.7,-30.82201,234.9639
11.52148,1.268832,-6.121287,43.91448,-1.981136,2.906173,0.1516923,-0.04854744,0.03094169,0.01051831,0.9982861,-2.075458,2.877236,0.1517514,0.07464384,-0.2008452,0.9767751,7,5.7,-12.18595,102.3614,8,-0.7,-30.27848,231.0964
11.5625,2.120843,-6.816574,48.86171,-1.450442,2.922025,0.1522534,-0.04982357,0.0273129,0.01606606,0.9982553,-1.559284,2.890404,0.1516851,0.07389224,-0.1949037,0.978035,7,5.7,-11.64389,98.50441,8,-0.7,-29.73641,227.2394
11.60449,3.075915,-7.838068,56.13002,-0.9067204,2.935829,0.1527878,-0.05082561,0.02304077,0.02130934,0.9982144,-1.029884,2.903826,0.1515176,0.07184561,-0.1879678,0.9795439,7,5.7,-11.08865,94.55373,8,-0.7,-29.18118,223.2888
11.64697,3.998956,-8.463511,60.58028,-0.3647844,2.946204,0.1538846,-0.05077261,0.01847348,0.02550711,0.9982136,-0.501265,2.916514,0.1518204,0.07299019,-0.1845755,0.9801043,7,5.7,-10.52665,90.55489,8,-0.7,-28.61918,219.2899
11.68835,4.181872,-7.827518,56.05495,0.1798814,2.953252,0.154799,-0.05020476,0.01571378,0.02829912,0.9982144,0.07823065,2.937543,0.1531638,0.07189709,-0.1886073,0.9794172,7,5.7,-9.979408,86.66103,8,-0.7,-28.07193,215.3961
11.72998,4.135973,-7.092002,50.82149,0.7187629,2.95781,0.1566293,-0.05078338,0.01397812,0.03197242,0.9980999,0.6052632,2.945218,0.1535097,0.0681958,-0.1938694,0.9786542,7,5.7,-9.429366,82.74728,8,-0.7,-27.52189,211.4823
11.77209,4.566098,-7.188977,51.51151,1.253318,2.957941,0.1588857,-0.05038688,0.01195809,0.03709911,0.9979689,1.128642,2.951078,0.1547195,0.065524,-0.1932875,0.9789518,7,5.7,-8.87292,78.78796,8,-0.7,-26.96545,207.523
11.81482,5.530379,-7.811907,55.94388,1.778154,2.959042,0.162069,-0.0511645,0.00924477,0.04215503,0.9977574,1.643116,2.954839,0.1561794,0.06825745,-0.1890562,0.9795911,7,5.7,-8.307484,74.76467,8,-0.7,-26.40001,203.4997
11.85571,5.200892,-7.847729,56.1988,2.292522,2.957533,0.1657447,-0.05280692,0.005506724,0.04368348,0.9976337,2.195164,2.957633,0.1598898,0.0525934,-0.1890694,0.9805542,7,5.7,-7.766825,70.91769,8,-0.7,-25.85935,199.6527
11.89722,5.318365,-7.334416,52.54639,2.789144,2.955798,0.1703372,-0.05239259,0.00403434,0.04212022,0.9977297,2.682842,2.957493,0.162614,0.04930793,-0.1925512,0.9800473,7,5.7,-7.218384,67.01533,8,-0.7,-25.31091,195.7504
11.93909,5.469992,-6.879066,49.3064,3.268795,2.953421,0.1754088,-0.05607975,0.002438247,0.04488736,0.9974138,3.154607,2.95641,0.1656778,0.04615185,-0.1960476,0.9795077,7,5.7,-6.664322,63.07297,8,-0.7,-24.75685,191.808
11.98157,5.964294,-6.927786,49.65306,3.727001,2.950667,0.18123,-0.05946521,-0.0008793473,0.05309765,0.9968169,3.606305,2.954971,0.1687831,0.0466775,-0.195634,0.9795655,7,5.7,-6.102993,59.0789,8,-0.7,-24.19552,187.8139
12.02295,6.167792,-7.609168,54.50135,4.166894,2.945571,0.1861921,-0.05625157,-0.004834086,0.05905956,0.9966566,4.082019,2.951556,0.1772058,0.03766259,-0.1906942,0.9809268,7,5.7,-5.556654,55.1915,8,-0.7,-23.64918,183.9265
12.06445,6.439912,-7.762309,55.59101,4.580977,2.939995,0.1906095,-0.05374909,-0.008831441,0.06152984,0.9966179,4.490336,2.948745,0.1815315,0.03452473,-0.1896806,0.9812387,7,5.7,-5.00716,51.28164,8,-0.7,-23.09969,180.0167
12.10657,6.508093,-6.950877,49.81737,4.975867,2.933564,0.1942626,-0.05334368,-0.01146889,0.06170672,0.9966018,4.880008,2.945091,0.1855321,0.03215333,-0.1954374,0.9801889,7,5.7,-4.45061,47.32158,8,-0.7,-22.54314,176.0566
12.14844,6.629464,-6.827628,48.94041,5.341027,2.928025,0.1979852,-0.0549956,-0.01311499,0.06145907,0.9965071,5.242023,2.940719,0.189204,0.02789407,-0.1963898,0.9801291,7,5.7,-3.896653,43.37998,8,-0.7,-21.98918,172.115
12.18982,6.737434,-6.839094,49.02199,5.673135,2.921791,0.2020943,-0.05873454,-0.01275,0.0614088,0.9963015,5.606835,2.931228,0.1958014,0.02269956,-0.1961638,0.9803084,7,5.7,-3.349445,39.48639,8,-0.7,-21.44197,168.2214
12.23145,4.474313,-9.134466,65.35442,5.965951,2.914703,0.2059836,-0.05978488,-0.01341727,0.06206183,0.9961898,5.898932,2.926425,0.1988683,-0.02149469,-0.181975,0.9830682,7,5.7,-2.798968,35.56954,8,-0.7,-20.89149,164.3046
12.27332,4.355976,-9.668179,69.15204,6.214224,2.906805,0.2100551,-0.06009832,-0.01485011,0.06262432,0.9961154,6.149051,2.921295,0.2018905,-0.0255741,-0.1795598,0.9834146,7,5.7,-2.246645,31.63956,8,-0.7,-20.33917,160.3746
12.31506,4.858916,-8.763361,62.71392,6.420098,2.899243,0.2147898,-0.06283911,-0.01758146,0.06454451,0.9957792,6.358696,2.915744,0.2049956,-0.02357838,-0.1836097,0.9827164,7,5.7,-1.693649,27.70479,8,-0.7,-19.78617,156.4398
12.35681,4.368518,-9.613498,68.76296,6.580034,2.890461,0.2190725,-0.0626628,-0.01915419,0.06535536,0.9957084,6.545112,2.903792,0.2117749,-0.03121972,-0.1795401,0.9832551,7,5.7,-1.142308,23.7818,8,-0.7,-19.23483,152.5169
12.39807,3.516601,-10.8424,77.50705,6.687413,2.882007,0.2234786,-0.06138307,-0.01932686,0.06389985,0.9958792,6.658087,2.897295,0.2152444,-0.03998515,-0.1748801,0.9837775,7,5.7,-0.5971881,19.90306,8,-0.7,-18.68971,148.6381
12.43982,3.585116,-10.39118,74.29649,6.740832,2.87403,0.2275843,-0.0596856,-0.02003983,0.06574591,0.9958482,6.719573,2.890649,0.2190543,-0.04161303,-0.1763295,0.9834512,7,5.7,-0.04528224,15.97605,8,-0.7,-18.13781,144.7111
12.48157,3.05863,-11.12558,79.52202,6.740548,2.86686,0.2308885,-0.05874186,-0.02087918,0.06554838,0.9959001,6.729808,2.883916,0.2226644,-0.04554192,-0.1737915,0.9837288,7,5.7,0.5075251,12.04262,8,-0.7,-17.585,140.7777
12.52356,3.120099,-9.844642,70.40764,6.6891,2.860697,0.2334268,-0.05798825,-0.02075925,0.06641122,0.9958896,6.694043,2.871212,0.228622,-0.05004739,-0.1780652,0.9827452,7,5.7,1.062149,8.09627,8,-0.7,-17.03038,136.8313
12.56506,3.110967,-9.284561,66.42245,6.583724,2.855643,0.2352164,-0.05769875,-0.01998612,0.06805374,0.9958113,6.599719,2.865588,0.2314265,-0.05177166,-0.1803032,0.9822477,7,5.7,1.612069,4.183386,8,-0.7,-16.48046,132.9184
12.60693,3.029888,-9.014283,64.49934,6.422286,2.85199,0.2355263,-0.05581996,-0.01926714,0.06664973,0.9960275,6.451751,2.860723,0.2333707,-0.05228738,-0.1814546,0.9820083,7,5.7,2.164492,0.2526879,8,-0.7,-15.92803,128.9877
12.64856,2.813082,-9.144345,65.42477,6.204658,2.853012,0.2368275,-0.05719579,-0.01682949,0.06217317,0.9962831,6.250015,2.856448,0.2346704,-0.0517809,-0.1808041,0.982155,8,-0.7,-15.37689,125.0661,9,5.7,-33.46944,253.8012
12.69043,-1.793316,-14.04392,100.2871,5.92968,2.857707,0.2384654,-0.06017666,-0.01547587,0.05916695,0.9963125,5.977592,2.851898,0.2365594,-0.07636185,-0.1660291,0.9831598,8,-0.7,-14.82304,121.1253,9,5.7,-32.91558,249.8603
12.73279,-2.834415,-15.60862,111.4205,5.608921,2.862976,0.2380586,-0.05414229,-0.01715723,0.05678838,0.9967695,5.672232,2.853181,0.2374691,-0.07526278,-0.1633413,0.9836946,8,-0.7,-14.26369,117.1454,9,5.7,-32.35624,245.8804
12.77454,-1.822941,-13.24451,94.59898,5.253645,2.870717,0.2360796,-0.0465045,-0.01800367,0.05413574,0.9972876,5.332362,2.856138,0.2381276,-0.07454088,-0.1677297,0.9830109,8,-0.7,-13.71142,113.2157,9,5.7,-31.80397,241.9508
12.81616,-0.4860693,-10.8702,77.70485,4.863864,2.880726,0.232944,-0.047045,-0.01984486,0.04967768,0.9974594,4.958835,2.86031,0.2381356,-0.06904316,-0.1741073,0.9823033,8,-0.7,-13.1618,109.305,9,5.7,-31.25435,238.04
12.85803,-1.017588,-10.49786,75.05553,4.451807,2.891055,0.2290199,-0.05167753,-0.02023172,0.04491043,0.9974484,4.529854,2.872517,0.23537,-0.07279382,-0.1754468,0.981794,8,-0.7,-12.60791,105.3638,9,5.7,-30.70046,234.0989
12.90002,-1.684234,-11.46918,81.96685,4.024872,2.900674,0.2246148,-0.05424988,-0.01862693,0.03692717,0.9976705,4.115709,2.880099,0.2328399,-0.06972218,-0.1724954,0.9825397,8,-0.7,-12.05287,101.4146,9,5.7,-30.14542,230.1496
12.94177,-2.035618,-11.69022,83.53959,3.578264,2.910045,0.21962,-0.05352026,-0.01607767,0.03234008,0.9979135,3.682894,2.887812,0.2298895,-0.06746022,-0.1719743,0.9827889,8,-0.7,-11.50037,97.48328,9,5.7,-29.59292,226.2183
12.98352,-2.439045,-12.38158,88.45889,3.118756,2.919522,0.2142918,-0.05242895,-0.01320487,0.02995091,0.9980881,3.236546,2.895881,0.2263824,-0.06325535,-0.1702697,0.9833651,8,-0.7,-10.94838,93.55566,9,5.7,-29.04093,222.2907
13.02515,-0.6892935,-9.711316,69.45898,2.66023,2.928128,0.2085791,-0.05157419,-0.01072404,0.02661499,0.9982569,2.750094,2.911239,0.2183988,-0.04880938,-0.1791304,0.9826138,8,-0.7,-10.39784,89.63841,9,5.7,-28.49039,218.3735
13.06702,-0.7443649,-9.32045,66.67782,2.193368,2.935916,0.2029529,-0.05225951,-0.007012844,0.02093195,0.9983895,2.294655,2.918477,0.2140467,-0.044923,-0.1809166,0.9824719,8,-0.7,-9.844484,85.70105,9,5.7,-27.93703,214.4361
13.10901,-1.416294,-11.04607,78.95624,1.727727,2.941494,0.1976119,-0.05549266,-0.003773301,0.01643663,0.9983166,1.839726,2.925415,0.2096001,-0.04067852,-0.1745504,0.9838076,8,-0.7,-9.289423,81.75158,9,5.7,-27.38197,210.4866
13.15063,-1.459838,-11.62847,83.10017,1.262724,2.944194,0.1920676,-0.05505316,-0.001243263,0.01274206,0.9984013,1.343904,2.936814,0.200554,-0.03329221,-0.1729513,0.9843675,8,-0.7,-8.739035,77.83537,9,5.7,-26.83158,206.5704
13.19238,-1.025275,-9.237652,66.08868,0.800882,2.945656,0.188318,-0.05832034,0.0004411936,0.008649303,0.9982604,0.8920377,2.94046,0.1963063,-0.02860136,-0.181666,0.9829443,8,-0.7,-8.187299,73.90956,9,5.7,-26.27985,202.6446
13.23413,-1.355539,-9.40167,67.25573,0.3488447,2.944702,0.1851814,-0.06027326,0.001535892,0.004937243,0.9981686,0.449003,2.942813,0.1925348,-0.02645423,-0.1809677,0.9831332,8,-0.7,-7.634749,69.97797,9,5.7,-25.7273,198.713
13.276,0.3558251,-7.74256,55.45055,-0.08787359,2.941643,0.1830431,-0.06130829,0.00431785,0.002608916,0.9981062,0.02002406,2.943866,0.1893021,0.005965974,-0.1898593,0.9817932,8,-0.7,-7.081408,66.04074,9,5.7,-25.17396,194.7758
13.31763,1.070909,-8.506148,60.88377,-0.5036852,2.936547,0.1823286,-0.06413998,0.006934464,0.005649308,0.9979009,-0.4291245,2.941965,0.1846147,0.0242773,-0.185282,0.9823855,8,-0.7,-6.530784,62.12284,9,5.7,-24.62333,190.8579
13.35913,0.8663766,-8.155002,58.38523,-0.9017045,2.929278,0.1817811,-0.06589177,0.01099145,0.006003929,0.9977483,-0.8210764,2.93916,0.1833384,0.02846876,-0.1871679,0.9819153,8,-0.7,-5.982444,58.22121,9,5.7,-24.07499,186.9563
13.40076,0.6993868,-7.744024,55.46097,-1.281905,2.920218,0.1811577,-0.0593418,0.01313671,-0.0001940504,0.9981512,-1.195997,2.934937,0.1825187,0.03364641,-0.1895705,0.9812905,8,-0.7,-5.432681,54.30944,9,5.7,-23.52523,183.0445
13.44263,0.3540018,-7.446677,53.34515,-1.634262,2.9109,0.1815286,-0.05795485,0.01604071,-0.004158614,0.9981818,-1.544725,2.929156,0.1820104,0.03503219,-0.1914379,0.9808793,8,-0.7,-4.878495,50.3662,9,5.7,-22.97104,179.1013
13.48425,0.2033905,-8.438139,60.39977,-1.954069,2.900808,0.1819321,-0.05872997,0.0190734,-0.0050406,0.998079,-1.89513,2.915332,0.1816294,0.03422523,-0.1851663,0.982111,8,-0.7,-4.327402,46.44497,9,5.7,-22.41995,175.18
13.526,0.1023009,-8.210618,58.78086,-2.233001,2.888767,0.1814103,-0.05424819,0.02031177,-0.0001260396,0.9983209,-2.173175,2.907604,0.1816213,0.03812278,-0.1862721,0.9817583,8,-0.7,-3.775961,42.52127,9,5.7,-21.86851,171.2563
13.56812,-0.07188036,-7.625843,54.61998,-2.46507,2.876847,0.1817389,-0.05421245,0.02265385,-0.001608765,0.9982712,-2.407368,2.89909,0.1816828,0.04208423,-0.1896536,0.9809487,8,-0.7,-3.219561,38.56227,9,5.7,-21.31211,167.2973
13.61035,0.09570314,-8.120071,58.1366,-2.647067,2.86577,0.1827737,-0.05645476,0.0251759,-0.003860637,0.9980802,-2.59421,2.889927,0.1816887,0.04555102,-0.1864435,0.9814092,8,-0.7,-2.66175,34.59324,9,5.7,-20.7543,163.3283
13.65222,0.8546094,-9.913091,70.8946,-2.777928,2.855268,0.1845202,-0.05653876,0.02672049,-0.008708285,0.9980048,-2.75089,2.87168,0.1824354,0.05011186,-0.1776921,0.9828094,8,-0.7,-2.108206,30.65458,9,5.7,-20.20076,159.3896
13.69397,0.5391332,-8.462486,60.57301,-2.856364,2.845428,0.1871708,-0.05731438,0.02711427,-0.01102633,0.997927,-2.835285,2.862826,0.1834358,0.05483742,-0.1840468,0.9813866,8,-0.7,-1.555568,26.72235,9,5.7,-19.64812,155.4574
13.7356,0.2622609,-8.611747,61.63506,-2.874829,2.836518,0.1900845,-0.05577395,0.02626336,-0.01241113,0.9980208,-2.862766,2.854397,0.1849422,0.04992951,-0.1831981,0.9818072,8,-0.7,-1.005708,22.80989,9,5.7,-19.09826,151.545
13.77722,0.6062669,-8.535657,61.09365,-2.82843,2.828912,0.1918987,-0.04912528,0.02367368,-0.01378514,0.9984169,-2.828815,2.846663,0.187131,0.05535443,-0.1834198,0.9814749,8,-0.7,-0.4551544,18.8925,9,5.7,-18.5477,147.6276
13.81897,0.02029777,-7.09906,50.87173,-2.721679,2.824363,0.1935283,-0.04589082,0.02426359,-0.01885744,0.9984737,-2.735798,2.832712,0.1908143,0.05329045,-0.1920356,0.9799401,8,-0.7,0.09765083,14.95909,9,5.7,-17.9949,143.6942
13.8606,-0.01389528,-6.749094,48.3816,-2.561266,2.822126,0.1943869,-0.04507395,0.02801743,-0.02100564,0.9983698,-2.587745,2.827541,0.192311,0.05231506,-0.1946509,0.9794765,8,-0.7,0.6472285,11.04864,9,5.7,-17.44532,139.7837
13.90247,-0.0416565,-6.314025,45.28592,-2.350598,2.822475,0.194871,-0.04506114,0.03177038,-0.01799877,0.9983167,-2.39078,2.824028,0.1935059,0.05099148,-0.198356,0.9788027,8,-0.7,1.201308,7.106154,9,5.7,-16.89124,135.8412
13.94446,0.1640704,-6.057235,43.45876,-2.084365,2.827022,0.1957904,-0.04685921,0.03264484,-0.01130956,0.9983039,-2.140384,2.822009,0.1942835,0.05210596,-0.2007683,0.978252,8,-0.7,1.75657,3.155263,9,5.7,-16.33598,131.8903
13.98621,0.4757826,-5.331938,38.29801,-1.768536,2.836086,0.1967568,-0.04612136,0.03211593,-0.01181313,0.9983495,-1.821075,2.82391,0.1952693,0.05884328,-0.2089449,0.9761555,9,5.7,-15.78477,127.9683,10,-0.7,-33.87728,256.7032
14.02759,0.4536284,-5.3409,38.36178,-1.416172,2.848512,0.1977338,-0.0430438,0.03336397,-0.01566058,0.9983931,-1.483116,2.828507,0.1959866,0.04956055,-0.209052,0.9766479,9,5.7,-15.23737,124.0733,10,-0.7,-33.32988,252.8083
14.06934,0.6658355,-5.307915,38.12708,-1.037914,2.863471,0.1986311,-0.04244136,0.03414455,-0.01332648,0.9984264,-1.118883,2.835621,0.1968284,0.0459557,-0.2096924,0.9766868,9,5.7,-14.68584,120.149,10,-0.7,-32.77834,248.8839
14.11145,1.369109,-5.532015,39.72158,-0.6324234,2.880549,0.1992343,-0.04404632,0.03403038,-0.004075153,0.9984414,-0.7277585,2.845062,0.1976235,0.05183037,-0.2070646,0.9769533,9,5.7,-14.12783,116.1786,10,-0.7,-32.22034,244.9135
14.15295,2.583387,-6.893315,49.40774,-0.212297,2.897594,0.1998142,-0.0472967,0.03068018,0.003695834,0.9984028,-0.2867351,2.869068,0.1989214,0.05711699,-0.1942768,0.9792825,9,5.7,-13.58004,112.2809,10,-0.7,-31.67255,241.0158
14.19409,3.616498,-9.598854,68.65865,0.2272836,2.913874,0.2009405,-0.05214262,0.02633497,0.007222807,0.9982663,0.1401462,2.882375,0.1994635,0.0498942,-0.1791365,0.9825583,9,5.7,-13.03568,108.4075,10,-0.7,-31.12819,237.1424
14.23596,4.398534,-11.17609,79.88122,0.6792993,2.928558,0.2027469,-0.05540195,0.02200216,0.01275414,0.9981402,0.5793703,2.895797,0.1999919,0.04714763,-0.1737177,0.9836662,9,5.7,-12.48147,104.4641,10,-0.7,-30.57398,233.199
14.27832,4.576596,-10.56529,75.53515,1.1423,2.941279,0.2051649,-0.05810365,0.01825661,0.01681707,0.998002,1.029571,2.908675,0.2008257,0.04629858,-0.1758729,0.9833235,9,5.7,-11.92133,100.4785,10,-0.7,-30.01384,229.2134
14.32019,5.040304,-10.16416,72.68098,1.611446,2.950648,0.2073311,-0.05706076,0.01609448,0.02097979,0.9980205,1.526839,2.931847,0.2038519,0.04765016,-0.1776102,0.9829466,9,5.7,-11.36924,96.55013,10,-0.7,-29.46174,225.285
14.36133,5.184025,-9.335694,66.78612,2.087677,2.957247,0.2090344,-0.05540376,0.01368809,0.02832352,0.9979684,1.991255,2.941516,0.2054051,0.04710595,-0.1811374,0.982329,9,5.7,-10.82386,92.66956,10,-0.7,-28.91637,221.4045
14.4032,5.746262,-9.286095,66.4332,2.566644,2.962906,0.2117309,-0.0588125,0.0127393,0.03424975,0.9976,2.45868,2.948844,0.2070776,0.0487576,-0.1814546,0.9821898,9,5.7,-10.27137,88.7384,10,-0.7,-28.36388,217.4733
14.4458,5.826931,-8.262689,59.15128,3.047801,2.965671,0.2141071,-0.06065293,0.008855194,0.03926722,0.997347,2.928534,2.954683,0.2088286,0.04825004,-0.1867374,0.9812243,9,5.7,-9.7078,84.7284,10,-0.7,-27.80031,213.4633
14.48694,6.271266,-8.653557,61.93246,3.526861,2.965133,0.2153666,-0.0570335,0.006549953,0.03992334,0.9975522,3.439443,2.962477,0.21266,0.04504448,-0.184771,0.9817488,9,5.7,-9.163731,80.85715,10,-0.7,-27.25624,209.592
14.52856,6.466623,-8.353987,59.80091,3.99826,2.965209,0.2176223,-0.05848894,0.003638148,0.03996119,0.9974813,3.900964,2.963845,0.2141917,0.04226346,-0.1864359,0.9815577,9,5.7,-8.613845,76.9445,10,-0.7,-26.70635,205.6794
14.57043,6.408383,-8.289363,59.34108,4.452367,2.963334,0.2196758,-0.06262811,0.003682047,0.0351558,0.9974108,4.346891,2.964158,0.2156388,0.03423142,-0.1868667,0.9817887,9,5.7,-8.059935,73.00323,10,-0.7,-26.15244,201.7381
14.61304,6.500748,-9.261062,66.25509,4.895286,2.96186,0.2224387,-0.06401737,0.002126098,0.03888838,0.9971886,4.782044,2.964128,0.2171975,0.0255828,-0.1819714,0.982971,9,5.7,-7.496204,68.99208,10,-0.7,-25.58871,197.727
14.6543,6.834538,-8.991928,64.3401,5.326267,2.958219,0.2249424,-0.06313953,-0.0005247891,0.04533005,0.9969746,5.24602,2.961965,0.2208041,0.02434752,-0.1832199,0.9827704,9,5.7,-6.95044,65.10877,10,-0.7,-25.04295,193.8437
14.69568,7.139053,-9.049165,64.74736,5.733695,2.955023,0.2273981,-0.06043422,-0.003352999,0.0464512,0.9970852,5.647204,2.959917,0.2228611,0.02272443,-0.1829273,0.9828638,9,5.7,-6.403538,61.21736,10,-0.7,-24.49605,189.9523
14.73743,7.292741,-8.663197,62.00105,6.119552,2.950681,0.229203,-0.06127387,-0.00797832,0.04576169,0.9970396,6.027933,2.957493,0.22493,0.02011705,-0.18483,0.9825646,9,5.7,-5.852742,57.29824,10,-0.7,-23.94525,186.0331
14.78003,7.295787,-8.907187,63.73713,6.480701,2.945063,0.2303041,-0.06033707,-0.01129714,0.04463702,0.9971156,6.385515,2.954862,0.2268372,0.01408761,-0.1835805,0.9829037,9,5.7,-5.288623,53.28433,10,-0.7,-23.38113,182.0192
14.82104,6.947851,-7.756281,55.54801,6.809343,2.93824,0.2323246,-0.06417149,-0.01376483,0.04319348,0.9969087,6.745888,2.947561,0.2298173,0.003584397,-0.189971,0.9817832,9,5.7,-4.746701,49.42836,10,-0.7,-22.83921,178.1633
14.86255,6.880292,-8.118982,58.12877,7.103533,2.93015,0.2353152,-0.06822433,-0.01736331,0.04463747,0.9965197,7.038642,2.94285,0.2311717,-0.002686421,-0.1876634,0.9822298,9,5.7,-4.197333,45.5194,10,-0.7,-22.28984,174.2543
14.90442,6.959751,-8.628441,61.75376,7.362481,2.920592,0.239232,-0.07006533,-0.01975417,0.04563938,0.996302,7.297826,2.937371,0.2327509,-0.005400622,-0.1847584,0.9827691,9,5.7,-3.643334,41.57749,10,-0.7,-21.73585,170.3124
14.94714,6.405872,-8.938887,63.96273,7.580875,2.909435,0.2430783,-0.06712469,-0.02251509,0.04680085,0.9963921,7.51857,2.931068,0.2349128,-0.01716246,-0.183084,0.9829475,9,5.7,-3.079002,37.56206,10,-0.7,-21.17151,166.297
14.98804,5.35012,-8.666971,62.02796,7.750583,2.899657,0.2468518,-0.064402,-0.02379271,0.04615302,0.9965723,7.714661,2.915677,0.2406204,-0.03758726,-0.1841203,0.9821848,9,5.7,-2.537952,33.71229,10,-0.7,-20.63046,162.4472
15.0293,5.212525,-8.483913,60.72543,7.868167,2.890825,0.2505442,-0.06446416,-0.02556461,0.04446256,0.9966012,7.837587,2.90747,0.2436755,-0.04261389,-0.1849217,0.9818289,9,5.7,-1.993738,29.84001,10,-0.7,-20.08625,158.5749
15.07117,4.534556,-7.92962,56.78143,7.929675,2.882126,0.2529232,-0.06208858,-0.02557668,0.04605122,0.9966796,7.907168,2.899614,0.2467246,-0.05849011,-0.1878078,0.9804627,9,5.7,-1.440048,25.90029,10,-0.7,-19.53256,154.6352
15.11414,4.539752,-7.692344,55.09313,7.936378,2.874847,0.2547428,-0.05945271,-0.02454764,0.04799893,0.9967743,7.924322,2.892215,0.2494966,-0.06048398,-0.1891514,0.9800834,9,5.7,-0.872139,21.85941,10,-0.7,-18.96465,150.5943
15.15515,3.916409,-8.966597,64.15991,7.885147,2.8692,0.2562684,-0.05900469,-0.02385351,0.0513362,0.9966515,7.889544,2.878988,0.2536011,-0.06101609,-0.1819146,0.9814194,9,5.7,-0.3290846,17.99538,10,-0.7,-18.42159,146.7303
15.19678,3.420374,-9.494591,67.91679,7.781146,2.86346,0.2566514,-0.05805569,-0.02253398,0.05341431,0.9966287,7.796712,2.873277,0.2552626,-0.06349728,-0.1794482,0.9817161,9,5.7,0.2213594,14.07877,10,-0.7,-17.87115,142.8137
15.23877,2.822878,-9.563318,68.40581,7.621096,2.858476,0.2549209,-0.05288359,-0.02317008,0.0582427,0.9966315,7.649926,2.868519,0.2563007,-0.06951185,-0.1790245,0.9813859,9,5.7,0.7759289,10.1328,10,-0.7,-17.31658,138.8677
15.28137,1.404886,-11.78628,84.22292,7.407357,2.85706,0.2529851,-0.05290951,-0.02228829,0.05626129,0.9967641,7.451527,2.864022,0.2564878,-0.07076304,-0.1714505,0.9826481,9,5.7,1.339151,6.125265,10,-0.7,-16.75336,134.8602
15.32214,0.5900284,-11.95395,85.41598,7.140806,2.860424,0.252278,-0.05728945,-0.01981845,0.05269074,0.9967692,7.186506,2.857501,0.2546928,-0.07609181,-0.1708533,0.9823539,9,5.7,1.879161,2.282899,10,-0.7,-16.21335,131.0178
15.36377,-0.2520442,-13.13672,93.83181,6.813553,2.864563,0.2494797,-0.05243379,-0.01946121,0.05121391,0.9971204,6.875574,2.857427,0.2535317,-0.074868,-0.1680014,0.9829396,10,-0.7,-15.66299,127.1018,11,5.7,-33.75549,255.8366
15.40576,-0.4996725,-12.60477,90.0468,6.44517,2.871089,0.2453606,-0.04475534,-0.02362421,0.05239278,0.9973434,6.524118,2.859315,0.2522269,-0.07685788,-0.1692159,0.9825777,10,-0.7,-15.10877,123.1583,11,5.7,-33.20127,251.8931
15.44763,-0.5283715,-11.45934,81.89667,6.049501,2.88031,0.2411234,-0.05113293,-0.02589265,0.0507447,0.9970657,6.144849,2.862407,0.2504054,-0.08024456,-0.1722171,0.9817851,10,-0.7,-14.55381,119.2096,11,5.7,-32.64631,247.9443
15.48901,-2.090047,-13.75209,98.21041,5.625628,2.888513,0.2358868,-0.05937717,-0.02603766,0.04522704,0.9968706,5.703515,2.872982,0.2443863,-0.07819222,-0.1667981,0.9828857,10,-0.7,-14.00673,115.3169,11,5.7,-32.09924,244.0517
15.53076,-2.732146,-14.07922,100.5381,5.183994,2.895704,0.2314807,-0.06151746,-0.02456224,0.04033524,0.9969882,5.275203,2.879747,0.2406627,-0.07847591,-0.1662062,0.9829634,10,-0.7,-13.45609,111.3989,11,5.7,-31.5486,240.1337
15.57275,-0.6785747,-10.77791,77.04799,4.721824,2.902865,0.2275645,-0.0615337,-0.02176198,0.03622641,0.99721,4.827123,2.886361,0.2370789,-0.07039554,-0.1747106,0.9821001,10,-0.7,-12.90069,107.447,11,5.7,-30.99319,236.1818
15.61536,-1.190233,-12.42477,88.76604,4.241552,2.91026,0.2240472,-0.05905314,-0.01681623,0.03142969,0.9976182,4.361265,2.892425,0.2333231,-0.06167008,-0.1701546,0.9834858,10,-0.7,-12.33732,103.4384,11,5.7,-30.42982,232.1732
15.65625,2.157416,-7.995905,57.25301,3.747978,2.916463,0.2205877,-0.05717078,-0.01328572,0.02944731,0.9978416,3.840695,2.903896,0.2268319,-0.02898064,-0.1876594,0.9818066,10,-0.7,-11.79696,99.59354,11,5.7,-29.88946,228.3283
15.69775,2.185982,-7.784539,55.74907,3.24037,2.921394,0.2171971,-0.05781737,-0.009369999,0.02418772,0.9979901,3.346938,2.909176,0.2239516,-0.02052705,-0.1890772,0.9817477,10,-0.7,-11.24726,95.68225,11,5.7,-29.33976,224.4171
15.73975,1.921541,-8.331231,59.63898,2.726745,2.926482,0.2142368,-0.05658664,-0.005758644,0.02546589,0.9980564,2.846428,2.914249,0.2211845,-0.01529253,-0.1859382,0.9824424,10,-0.7,-10.6919,91.73067,11,5.7,-28.7844,220.4655
15.78149,1.793394,-8.444003,60.4414,2.216905,2.928961,0.2112643,-0.05591084,-0.003881156,0.02464869,0.9981239,2.348467,2.91866,0.2184736,-0.009056797,-0.1853979,0.9826218,10,-0.7,-10.14011,87.80443,11,5.7,-28.23261,216.5392
15.82349,1.786612,-7.424265,53.18558,1.711439,2.931865,0.2084184,-0.05201698,-0.002023548,0.02087068,0.9984261,1.808761,2.925714,0.2135113,-0.0004103766,-0.1917596,0.9814419,10,-0.7,-9.585031,83.85486,11,5.7,-27.67753,212.5897
15.86523,1.425912,-6.615793,47.43301,1.220115,2.932626,0.2057214,-0.0520919,0.002034873,0.0168652,0.9984978,1.326734,2.92823,0.2111522,0.002058608,-0.1981042,0.9801788,10,-0.7,-9.033051,79.92732,11,5.7,-27.12556,208.6621
15.9071,1.111541,-6.688866,47.95295,0.7401075,2.932169,0.202139,-0.05176949,0.00685367,0.01364237,0.9985424,0.8552704,2.930002,0.2087981,0.005261784,-0.1974959,0.9802896,10,-0.7,-8.480448,75.99535,11,5.7,-26.57295,204.7301
15.94836,0.8637159,-7.1529,51.25473,0.2795939,2.929202,0.1984322,-0.04790282,0.014263,0.008615999,0.998713,0.4018593,2.930923,0.2060089,0.008875508,-0.1937811,0.9810047,10,-0.7,-7.934538,72.11099,11,5.7,-26.02704,200.8458
15.99036,1.033576,-6.878598,49.30297,-0.174305,2.927506,0.1959578,-0.05044782,0.01853311,0.006902738,0.9985309,-0.0863204,2.92974,0.2010357,0.02236013,-0.1958358,0.9803817,10,-0.7,-7.379659,68.16282,11,5.7,-25.47216,196.8976
16.03223,0.4191177,-9.585299,68.56217,-0.6040202,2.923136,0.194216,-0.05826031,0.02165744,0.009493563,0.9980214,-0.5091742,2.928141,0.1984463,0.01335561,-0.1800347,0.9835696,10,-0.7,-6.825514,64.21988,11,5.7,-24.91802,192.9547
16.07422,0.4354289,-11.28545,80.65937,-1.022391,2.91678,0.1932546,-0.05786211,0.02162024,0.007193662,0.9980646,-0.9209275,2.926253,0.1964725,0.01659769,-0.1739081,0.9846219,10,-0.7,-6.270491,60.27068,11,5.7,-24.363,189.0055
16.11584,0.1244006,-9.632873,68.90069,-1.415618,2.908128,0.1906275,-0.04909892,0.02227437,0.002733883,0.9985418,-1.309132,2.923267,0.1950724,0.0205206,-0.1797374,0.9835006,10,-0.7,-5.71954,56.35046,11,5.7,-23.81204,185.0853
16.15759,0.2469777,-8.494137,60.79817,-1.78413,2.900559,0.1880534,-0.04567915,0.02563062,-0.003106248,0.9986225,-1.710348,2.913153,0.1921291,0.03172261,-0.1848793,0.9822491,10,-0.7,-5.167959,52.42576,11,5.7,-23.26046,181.1606
16.19934,0.005521536,-8.454454,60.51582,-2.120045,2.892245,0.1858484,-0.04710919,0.02763286,-0.006141406,0.9984886,-2.043453,2.906972,0.1904055,0.03335997,-0.1849788,0.9821761,10,-0.7,-4.615202,48.49269,11,5.7,-22.70771,177.2275
16.24133,-0.2201407,-8.299343,59.41214,-2.422168,2.882505,0.182498,-0.04423402,0.03051686,-0.005827134,0.998538,-2.344699,2.900637,0.1886345,0.03522691,-0.1857048,0.9819739,10,-0.7,-4.06147,44.55268,11,5.7,-22.15397,173.2875
16.28223,-0.3106566,-8.228986,58.91152,-2.681709,2.872782,0.1787471,-0.04316997,0.03094542,-0.002983349,0.998584,-2.605971,2.893877,0.1865045,0.03837473,-0.1859601,0.9818076,10,-0.7,-3.520164,40.70108,11,5.7,-21.61267,169.4359
16.3241,-0.1485801,-8.120783,58.14162,-2.887863,2.863345,0.1756239,-0.04649578,0.03036639,-0.004425162,0.9984471,-2.842687,2.878986,0.1813914,0.04561933,-0.1862592,0.981441,10,-0.7,-2.965679,36.75573,11,5.7,-21.05819,165.4905
16.36597,-0.1006003,-8.605631,61.59149,-3.041469,2.855386,0.1723475,-0.04558065,0.03072578,-0.009404611,0.9984438,-3.001276,2.871465,0.1788281,0.04637875,-0.1835067,0.9819238,10,-0.7,-2.412951,32.82286,11,5.7,-20.50546,161.5577
16.40796,-0.2100938,-8.687468,62.17379,-3.142354,2.848395,0.1700302,-0.04966008,0.03138131,-0.01143943,0.9982076,-3.109515,2.864047,0.1761415,0.04592689,-0.1829762,0.982044,10,-0.7,-1.857528,28.87082,11,5.7,-19.95003,157.6056
16.44983,0.06618906,-10.03132,71.73586,-3.185472,2.842162,0.1685708,-0.05443289,0.03089148,-0.0114987,0.9979733,-3.162683,2.857319,0.173659,0.04436164,-0.1770776,0.9831966,10,-0.7,-1.303993,24.93221,11,5.7,-19.3965,153.667
16.49158,0.05520869,-9.464656,67.70384,-3.170131,2.836561,0.1680045,-0.05692613,0.02902448,-0.01340011,0.9978665,-3.167292,2.845989,0.1699829,0.04689161,-0.179136,0.9827062,10,-0.7,-0.7518621,21.0036,11,5.7,-18.84437,149.7384
16.53345,0.1612764,-9.271714,66.33099,-3.09099,2.831456,0.1678548,-0.05659735,0.02755335,-0.0162388,0.9978848,-3.100116,2.841187,0.1689333,0.04843117,-0.1798747,0.9824966,10,-0.7,-0.1983532,17.06517,11,5.7,-18.29086,145.8
16.57581,0.4674083,-9.253932,66.20447,-2.945154,2.827758,0.1676444,-0.0516977,0.02709815,-0.01607698,0.9981657,-2.96929,2.836564,0.1683478,0.05112481,-0.17986,0.9823628,10,-0.7,0.3612769,13.0832,11,5.7,-17.73123,141.818
16.61707,0.1608534,-7.420514,53.15902,-2.739516,2.826092,0.166689,-0.04583966,0.02917179,-0.01730723,0.9983728,-2.780866,2.832425,0.1680745,0.05442202,-0.1896802,0.9803365,10,-0.7,0.906601,9.203017,11,5.7,-17.18591,137.9378
16.65759,0.4069305,-7.234045,51.83222,-2.474499,2.830223,0.1670935,-0.04803482,0.03272614,-0.01461803,0.9982024,-2.520644,2.82677,0.1675785,0.05553432,-0.1908476,0.9800475,10,-0.7,1.443403,5.383474,11,5.7,-16.6491,134.1183
16.69983,0.8285775,-7.041426,50.46167,-2.152108,2.839224,0.1699125,-0.05465074,0.03700725,-0.01221099,0.9977449,-2.215073,2.82655,0.1672463,0.05927997,-0.1921947,0.9795647,10,-0.7,2.001857,1.409863,11,5.7,-16.09065,130.1447
16.74194,0.2918092,-5.538303,39.7664,-1.796345,2.848124,0.1719396,-0.04622954,0.03950614,-0.01188877,0.9980786,-1.875637,2.829587,0.1678513,0.05347622,-0.2064564,0.9769934,11,5.7,-15.53484,126.1899,12,-5.7,-33.86317,256.6028
16.78345,1.62606,-7.525373,53.90514,-1.418265,2.86059,0.1733898,-0.03694611,0.04173636,-0.01112708,0.9983833,-1.482767,2.841891,0.1708797,0.05671648,-0.1891372,0.9803114,11,5.7,-14.98501,122.2776,12,-5.7,-33.31334,252.6906
16.8252,1.581372,-7.252303,51.96214,-1.017715,2.875061,0.1746939,-0.04038174,0.03772828,-0.0009276522,0.9984714,-1.094656,2.850355,0.1722507,0.05064986,-0.1912155,0.9802404,11,5.7,-14.4329,118.3492,12,-5.7,-32.76123,248.7621
16.86731,2.388948,-8.338489,59.69076,-0.5947976,2.890625,0.1759824,-0.0468611,0.03403175,0.002196855,0.9983192,-0.6849523,2.860364,0.1732593,0.05069105,-0.184678,0.9814909,11,5.7,-13.87641,114.3895,12,-5.7,-32.20474,244.8025
16.90942,2.958126,-9.129726,65.32072,-0.1474169,2.905206,0.1787365,-0.05016275,0.02901226,0.007807035,0.9982891,-0.2519126,2.871629,0.1741433,0.04840187,-0.1809599,0.9822987,11,5.7,-13.32041,110.4334,12,-5.7,-31.64874,240.8463
16.95129,3.291135,-8.8387,63.24995,0.3200864,2.919746,0.1820571,-0.0507547,0.02750022,0.01501704,0.9982196,0.2393801,2.89546,0.1774174,0.04751489,-0.1826974,0.9820204,11,5.7,-12.76639,106.4913,12,-5.7,-31.09472,236.9043
16.9928,3.893161,-9.434961,67.49245,0.8047019,2.932334,0.1858021,-0.04932963,0.02720356,0.0215922,0.9981785,0.7106553,2.907151,0.1796784,0.04645389,-0.1801535,0.982541,11,5.7,-12.21846,102.5926,12,-5.7,-30.54678,233.0055
17.03455,4.599644,-9.15143,65.47502,1.292765,2.944034,0.1903457,-0.0509229,0.02682519,0.0265273,0.9979898,1.186064,2.918228,0.1823314,0.05134236,-0.1815353,0.9820433,11,5.7,-11.66629,98.66372,12,-5.7,-29.99462,229.0766
17.07654,5.447232,-11.04848,78.97325,1.77923,2.951523,0.1940315,-0.05096255,0.02322182,0.0319317,0.9979198,1.660941,2.928675,0.1854091,0.04726508,-0.1744799,0.9835257,11,5.7,-11.10981,94.70415,12,-5.7,-29.43814,225.1171
17.11841,5.425657,-10.31491,73.7536,2.2684,2.957699,0.1978098,-0.04913068,0.01959053,0.03469245,0.9979975,2.182134,2.945676,0.1915258,0.04335212,-0.1772377,0.9832128,11,5.7,-10.55742,90.77369,12,-5.7,-28.88575,221.1866
17.15979,5.722937,-10.19351,72.88984,2.759526,2.960931,0.2019229,-0.05295157,0.0151059,0.03868851,0.9977331,2.66189,2.951558,0.1946911,0.04140046,-0.1777864,0.9831979,11,5.7,-10.00962,86.8759,12,-5.7,-28.33795,217.2888
17.20166,6.515202,-11.72655,83.79795,3.244682,2.961634,0.2049575,-0.05182187,0.01534519,0.03401195,0.997959,3.136475,2.956072,0.1979598,0.03977461,-0.172845,0.9841456,11,5.7,-9.456505,82.94025,12,-5.7,-27.78483,213.3531
17.24329,6.756359,-12.06303,86.19215,3.72166,2.961354,0.208503,-0.05027729,0.01069301,0.03797846,0.9979557,3.603885,2.959135,0.2009501,0.03608995,-0.1719759,0.9844398,11,5.7,-8.905357,79.01864,12,-5.7,-27.23368,209.4315
17.28516,6.657142,-10.24232,73.2371,4.184055,2.960653,0.2126402,-0.05434486,0.006550789,0.040121,0.9976944,4.100688,2.960513,0.2065952,0.03442645,-0.1777959,0.983465,11,5.7,-8.353004,75.08844,12,-5.7,-26.68133,205.5013
17.32666,6.582824,-9.321678,66.68641,4.627394,2.958792,0.2164533,-0.05297701,0.00260973,0.04113114,0.9977449,4.536546,2.960208,0.2096947,0.03025571,-0.1815968,0.9829075,11,5.7,-7.803109,71.17574,12,-5.7,-26.13144,201.5886
17.36865,6.54734,-8.907615,63.7402,5.058394,2.955735,0.2204257,-0.05456861,-0.0009782315,0.04849279,0.9973314,4.96041,2.959276,0.2128513,0.02454809,-0.1835682,0.9827005,11,5.7,-7.248113,67.22673,12,-5.7,-25.57644,197.6396
17.41064,6.657709,-9.023307,64.56339,5.473389,2.951451,0.2233908,-0.05197895,-0.007175624,0.05432192,0.9971439,5.368947,2.957935,0.2160021,0.01968594,-0.1830147,0.9829131,11,5.7,-6.69269,63.27469,12,-5.7,-25.02102,193.6876
17.45264,6.385976,-8.042728,57.58621,5.866776,2.947599,0.2256482,-0.05033274,-0.01355061,0.05666977,0.9970314,5.794529,2.952974,0.2215015,0.01012541,-0.1882438,0.9820701,11,5.7,-6.13763,59.32524,12,-5.7,-24.46596,189.7381
17.49377,6.359591,-7.722082,55.3047,6.244001,2.942593,0.2278391,-0.05254975,-0.0193285,0.05615669,0.9968508,6.165866,2.949874,0.2235585,0.003452829,-0.1902113,0.9817371,11,5.7,-5.59374,55.45526,12,-5.7,-23.92207,185.8681
17.53564,6.36941,-7.19292,51.53951,6.600155,2.935674,0.2298754,-0.05518739,-0.02389058,0.05654939,0.9965871,6.517455,2.946406,0.2256379,-0.002830392,-0.1938455,0.981028,11,5.7,-5.040946,51.52193,12,-5.7,-23.36927,181.9348
17.57739,6.408927,-7.565866,54.19316,6.923743,2.927974,0.2327312,-0.0569342,-0.02812886,0.0551669,0.9964556,6.838759,2.942344,0.2274868,-0.007817884,-0.1911247,0.9815346,11,5.7,-4.489205,47.59608,12,-5.7,-22.81753,178.009
17.61902,6.227564,-7.503787,53.75144,7.217169,2.919004,0.2355144,-0.05721907,-0.0321531,0.055829,0.9962808,7.161682,2.931625,0.2314596,-0.01712855,-0.1913496,0.9813725,11,5.7,-3.937837,43.6729,12,-5.7,-22.26616,174.0858
17.66077,6.266823,-7.457016,53.41861,7.47754,2.909695,0.2383842,-0.05626807,-0.03440708,0.05793478,0.9961393,7.42116,2.925196,0.2334729,-0.02129724,-0.1915491,0.981252,11,5.7,-3.386849,39.75241,12,-5.7,-21.71518,170.1653
17.70264,6.279735,-7.281259,52.16804,7.687912,2.899492,0.2411797,-0.05498799,-0.03577104,0.05726172,0.9962018,7.633878,2.918175,0.235724,-0.02557802,-0.192654,0.9809334,11,5.7,-2.832763,35.80989,12,-5.7,-21.16109,166.2228
17.74463,6.306054,-7.10003,50.87853,7.853945,2.891273,0.2441022,-0.05944677,-0.03859228,0.05827231,0.9957816,7.80442,2.910594,0.2381556,-0.02901448,-0.1938463,0.9806028,11,5.7,-2.278071,31.86305,12,-5.7,-20.6064,162.2759
17.7865,3.259426,-7.731476,55.3715,7.964291,2.880075,0.2451382,-0.0593981,-0.04004505,0.05683412,0.9958103,7.939733,2.895603,0.2424431,-0.08307443,-0.1886283,0.9785285,11,5.7,-1.724099,27.92133,12,-5.7,-20.05243,158.3342
17.828,2.404097,-8.774409,62.79236,8.015542,2.872394,0.2467763,-0.05705327,-0.0438676,0.06021086,0.9955879,7.99859,2.887758,0.2443029,-0.08758987,-0.1825881,0.9792802,11,5.7,-1.174479,24.01058,12,-5.7,-19.50281,154.4235
17.86975,2.081362,-8.459097,60.54879,8.007095,2.864565,0.246657,-0.05861511,-0.04808761,0.06171858,0.9952099,8.000427,2.880079,0.2456437,-0.09601888,-0.1839437,0.9782357,11,5.7,-0.6230392,20.08689,12,-5.7,-18.95137,150.4998
17.91199,2.03052,-8.471083,60.63408,7.943545,2.858127,0.2457237,-0.05575077,-0.05045646,0.05913504,0.9954141,7.94918,2.873402,0.2465014,-0.09588241,-0.1837808,0.9782797,11,5.7,-0.06546324,16.11953,12,-5.7,-18.39379,146.5324
17.95361,2.142358,-7.833787,56.09949,7.820554,2.852439,0.2440406,-0.05514253,-0.05081145,0.05696629,0.9955564,7.83817,2.861216,0.2470363,-0.09966124,-0.1871335,0.977266,11,5.7,0.4850627,12.20233,12,-5.7,-17.84327,142.6152
17.99646,1.999356,-7.600284,54.43803,7.640874,2.848693,0.240432,-0.05397694,-0.04858218,0.05749577,0.995701,7.671354,2.85623,0.2459402,-0.1022307,-0.1884656,0.9767444,11,5.7,1.05234,8.165944,12,-5.7,-17.27599,138.5788
18.03699,0.9987541,-8.576269,61.38252,7.398795,2.849598,0.2380816,-0.0579497,-0.04433909,0.05514704,0.9958086,7.445,2.852044,0.2440033,-0.1030894,-0.1827635,0.9777372,11,5.7,1.587194,4.360258,12,-5.7,-16.74113,134.7732
18.07922,0.128222,-8.966623,64.15999,7.100981,2.853305,0.2365986,-0.06054778,-0.04042018,0.05271202,0.9959527,7.165093,2.849269,0.2419612,-0.107629,-0.1807242,0.9776272,11,5.7,2.146455,0.3809094,12,-5.7,-16.18187,130.7938
18.12036,-0.03922034,-8.274014,59.23182,6.746746,2.858685,0.2338151,-0.05614146,-0.03806043,0.05057651,0.9964144,6.80705,2.850154,0.2381914,-0.1133068,-0.1841066,0.9763536,12,-5.7,-15.63846,126.9272,13,5.7,-34.25369,259.3816
18.16174,0.03414202,-7.981471,57.15027,6.356945,2.865383,0.2300146,-0.04970177,-0.03782669,0.04987466,0.9968006,6.432872,2.853291,0.2362084,-0.1097769,-0.1858817,0.9764205,12,-5.7,-15.09065,123.0294,13,5.7,-33.70588,255.4837
18.20361,-0.6559587,-8.266165,59.17597,5.931626,2.873926,0.2247834,-0.04340995,-0.03679886,0.04619339,0.9973102,6.023779,2.857675,0.2342269,-0.1106777,-0.1843129,0.9766162,12,-5.7,-14.53692,119.0894,13,5.7,-33.15215,251.5437
18.24622,-1.284575,-8.545188,61.16133,5.480187,2.884182,0.2186148,-0.04901429,-0.03436503,0.04199747,0.9973229,5.58848,2.863013,0.2313764,-0.1102005,-0.1829157,0.9769328,12,-5.7,-13.97478,115.0895,13,5.7,-32.59001,247.5439
18.28748,-5.758726,-13.37723,95.54315,5.006358,2.89422,0.2124477,-0.0565584,-0.03028813,0.03661288,0.9972679,5.092052,2.876545,0.2228833,-0.1115153,-0.1670429,0.9796229,12,-5.7,-13.4291,111.2068,13,5.7,-32.04433,243.6612
18.32898,-6.219332,-13.76754,98.32039,4.508238,2.90321,0.2068758,-0.05930591,-0.02571937,0.02763676,0.9975258,4.609002,2.884331,0.2182077,-0.1081829,-0.1663643,0.9801119,12,-5.7,-12.88046,107.303,13,5.7,-31.49569,239.7574
18.37109,-7.449367,-16.04555,114.5292,3.985246,2.911476,0.201878,-0.05870085,-0.02269745,0.02148524,0.9977863,4.101836,2.892152,0.2133164,-0.09919599,-0.1626276,0.9816886,12,-5.7,-12.32375,103.3418,13,5.7,-30.93897,235.7962
18.41357,-7.039442,-15.3199,109.366,3.442164,2.917673,0.1966772,-0.05488452,-0.02152699,0.01688054,0.9981179,3.575126,2.899601,0.2087339,-0.09547602,-0.163881,0.981849,12,-5.7,-11.7609,99.33696,13,5.7,-30.37613,231.7914
18.45459,-3.087546,-9.08799,65.02357,2.883738,2.924361,0.1920221,-0.05445994,-0.02487152,0.01405381,0.9981072,2.986124,2.912166,0.2002841,-0.09174192,-0.1812607,0.9791466,12,-5.7,-11.21832,95.47631,13,5.7,-29.83355,227.9307
18.49658,-0.9078249,-8.277699,59.25805,2.321675,2.928741,0.1872375,-0.05631266,-0.02694157,0.007020818,0.9980249,2.438071,2.917564,0.1963325,-0.05557371,-0.1859479,0.9809867,12,-5.7,-10.66462,91.53649,13,5.7,-29.27985,223.9909
18.53821,0.179725,-8.038242,57.55423,1.760296,2.932493,0.1826566,-0.05506046,-0.02716759,-0.0004303185,0.9981133,1.889771,2.922398,0.1925507,-0.02926933,-0.1876035,0.9818087,12,-5.7,-10.11313,87.61246,13,5.7,-28.72836,220.0668
18.58093,-0.003518463,-7.458241,53.4273,1.197696,2.93378,0.1782319,-0.05480836,-0.02510333,-0.007646573,0.998152,1.340111,2.926424,0.1886765,-0.02476342,-0.191392,0.9812012,12,-5.7,-9.548065,83.59181,13,5.7,-28.16329,216.0462
18.62195,-0.142015,-8.29186,59.35881,0.6378673,2.934136,0.1748698,-0.05749899,-0.02173054,-0.01160874,0.9980416,0.742676,2.931559,0.1814325,-0.01468641,-0.1863155,0.9823802,12,-5.7,-9.005816,79.73351,13,5.7,-27.62104,212.1879
18.66345,-0.549687,-8.660595,61.98256,0.07804618,2.930854,0.1702543,-0.05629613,-0.01926795,-0.01482012,0.9981182,0.1951186,2.932538,0.1778661,-0.01184355,-0.1843486,0.9827896,12,-5.7,-8.457012,75.82857,13,5.7,-27.07224,208.283
18.70557,-0.6424524,-8.82036,63.11935,-0.4702152,2.926348,0.1668886,-0.05317549,-0.01668671,-0.01700176,0.998301,-0.3421194,2.932078,0.1742949,-0.004690244,-0.1835357,0.9830019,12,-5.7,-7.900763,71.87065,13,5.7,-26.51599,204.325
18.74817,-0.6242061,-7.962791,57.01742,-1.004279,2.922781,0.1655144,-0.0554891,-0.01406372,-0.0182457,0.9981936,-0.8662409,2.930243,0.1713747,0.004181608,-0.1881976,0.9821222,12,-5.7,-7.338196,67.86778,13,5.7,-25.95342,200.3222
18.78918,-1.710958,-7.216859,51.70984,-1.509497,2.917039,0.1643532,-0.06165468,-0.01256338,-0.01546454,0.9978987,-1.411973,2.924389,0.1666883,-0.00569145,-0.1930483,0.9811727,12,-5.7,-6.795565,64.00676,13,5.7,-25.41079,196.4612
18.83057,-2.014665,-7.911088,56.64954,-1.99396,2.909555,0.1642125,-0.05859016,-0.008838236,-0.0181817,0.9980775,-1.889225,2.920894,0.1654229,-0.002181054,-0.188338,0.9821019,12,-5.7,-6.247562,60.10752,13,5.7,-24.86279,192.5619
18.87244,-1.850463,-8.130362,58.20976,-2.454685,2.900736,0.1644376,-0.05697878,-0.00626129,-0.0244216,0.9980571,-2.343853,2.916121,0.1647043,0.008349989,-0.1869469,0.9823346,12,-5.7,-5.694042,56.16902,13,5.7,-24.30927,188.6234
18.91492,-1.897089,-7.802365,55.87595,-2.886312,2.89036,0.1636978,-0.05177741,-0.00345993,-0.03021379,0.9981955,-2.770918,2.910471,0.1643982,0.01540089,-0.1888093,0.981893,12,-5.7,-5.132479,52.17329,13,5.7,-23.74771,184.6277
18.95605,-2.481456,-6.125641,43.94543,-3.288422,2.880735,0.1636112,-0.04966194,-0.001559317,-0.03423305,0.9981781,-3.209765,2.896398,0.1640387,0.01629063,-0.2018026,0.9792907,12,-5.7,-4.589554,48.31018,13,5.7,-23.20478,180.7646
18.99744,-2.857775,-5.722979,41.08034,-3.644841,2.870759,0.1644359,-0.05496411,-0.001665741,-0.03097158,0.9980065,-3.564374,2.88855,0.1638818,0.01689668,-0.2059247,0.9784219,12,-5.7,-4.041569,44.41106,13,5.7,-22.6568,176.8655
19.03931,-3.070629,-5.963875,42.7944,-3.958636,2.858094,0.1647286,-0.0560549,-0.0006329119,-0.03328031,0.9978727,-3.878639,2.880635,0.1639105,0.01855542,-0.2031082,0.9789805,12,-5.7,-3.488293,40.4743,13,5.7,-22.10352,172.9287
19.08154,-3.052111,-6.787488,48.65472,-4.212042,2.847178,0.1656316,-0.05089012,0.0004742146,-0.03295401,0.9981604,-4.136373,2.872368,0.1642095,0.02192414,-0.1953254,0.9804934,12,-5.7,-2.930156,36.50295,13,5.7,-21.54539,168.9574
19.1228,-2.857266,-6.572496,47.12497,-4.409427,2.837387,0.1674769,-0.05162121,0.004339993,-0.03369032,0.9980888,-4.36658,2.854157,0.1651775,0.03149631,-0.1967149,0.9799547,12,-5.7,-2.383976,32.61668,13,5.7,-20.9992,165.0711
19.16431,-2.63631,-6.294373,45.14603,-4.550006,2.827971,0.1693841,-0.05154353,0.009776086,-0.03385873,0.9980487,-4.513188,2.845559,0.166073,0.04085719,-0.1989644,0.9791546,12,-5.7,-1.83512,28.71136,13,5.7,-20.45035,161.1658
19.2063,-2.497088,-6.206314,44.51945,-4.642478,2.819976,0.1720568,-0.04980563,0.01459881,-0.0358468,0.9980086,-4.612953,2.837598,0.1674138,0.04669327,-0.1995825,0.9787679,12,-5.7,-1.280354,24.764,13,5.7,-19.89558,157.2184
19.24854,-2.673558,-5.894979,42.3042,-4.685379,2.812249,0.1749846,-0.04846136,0.01793104,-0.03621875,0.9980071,-4.664761,2.830158,0.1690329,0.04622632,-0.2025564,0.9781789,12,-5.7,-0.7226505,20.79573,13,5.7,-19.33788,153.2501
19.29004,-2.858943,-5.654171,40.59075,-4.671904,2.806364,0.1784287,-0.04668813,0.02007943,-0.03542833,0.9980791,-4.669417,2.816897,0.1732988,0.04379974,-0.2049354,0.977795,12,-5.7,-0.1738007,16.89046,13,5.7,-18.78903,149.3449
19.33154,-2.920979,-5.48806,39.40881,-4.597084,2.802161,0.1818936,-0.04413651,0.02173209,-0.03148973,0.9982926,-4.605611,2.811186,0.1756449,0.04197236,-0.2067744,0.977488,12,-5.7,0.3761006,12.97771,13,5.7,-18.23913,145.4321
19.37366,-2.459707,-6.343098,45.49289,-4.466709,2.799923,0.1842564,-0.03753243,0.02593589,-0.03241914,0.9984326,-4.488453,2.806406,0.1782224,0.04384239,-0.1977261,0.9792764,12,-5.7,0.9322573,9.02045,13,5.7,-17.68297,141.4749
19.41565,-2.282957,-5.796725,41.60525,-4.287705,2.801282,0.1862422,-0.03495758,0.029791,-0.03095473,0.998465,-4.324215,2.802697,0.1808439,0.04819197,-0.2030234,0.9779873,12,-5.7,1.48673,5.07517,13,5.7,-17.1285,137.5296
19.45715,-1.791581,-6.157699,44.17371,-4.056015,2.806841,0.1883294,-0.03869557,0.03199333,-0.0262592,0.9983935,-4.095636,2.799811,0.1848687,0.05125741,-0.1992742,0.9786023,12,-5.7,2.036091,1.166265,13,5.7,-16.57914,133.6207
19.4989,-1.159571,-6.621472,47.47363,-3.779605,2.816037,0.1909177,-0.03970965,0.03184965,-0.02357407,0.9984253,-3.833161,2.801564,0.1866271,0.05536437,-0.195131,0.9792133,13,5.7,-16.02749,129.6955,14,-5.7,-34.72835,262.759
19.54089,-0.8536338,-6.831333,48.96687,-3.458872,2.827593,0.1921423,-0.03542234,0.02988905,-0.0217317,0.998689,-3.527705,2.805839,0.1885689,0.0537037,-0.1935445,0.9796206,13,5.7,-15.47222,125.7445,14,-5.7,-34.17308,258.808
19.58252,-0.5346013,-6.760962,48.46615,-3.096416,2.843258,0.1933426,-0.03551955,0.02957269,-0.01593233,0.9988043,-3.181997,2.812182,0.1901845,0.05371372,-0.1942321,0.979484,13,5.7,-14.9211,121.8231,14,-5.7,-33.62196,254.8866
19.62439,-0.04679538,-7.043488,50.47643,-2.697509,2.860032,0.1932245,-0.03819983,0.02949286,-0.007624118,0.9988057,-2.771119,2.831167,0.1925426,0.05308849,-0.1924259,0.9798744,13,5.7,-14.368,117.8876,14,-5.7,-33.06886,250.9511
19.66626,0.3713108,-7.330549,52.51898,-2.266772,2.877077,0.1927508,-0.0418347,0.02930173,-0.002549199,0.9986916,-2.355686,2.843313,0.1931106,0.05109083,-0.1906093,0.9803355,13,5.7,-13.81483,113.9516,14,-5.7,-32.51569,247.0151
19.70813,0.9760246,-7.51647,53.84188,-1.810916,2.894042,0.1926832,-0.04677247,0.02879509,0.001948158,0.9984886,-1.915218,2.856466,0.19324,0.05283832,-0.1895685,0.9804447,13,5.7,-13.26068,110.0086,14,-5.7,-31.96154,243.0721
19.74976,1.375747,-7.777528,55.69934,-1.333314,2.909306,0.1925328,-0.05036691,0.02795896,0.005512201,0.9983242,-1.453171,2.870062,0.1930968,0.04999058,-0.1881565,0.980866,13,5.7,-12.71031,106.0926,14,-5.7,-31.41117,239.156
19.7915,1.867538,-8.453474,60.50896,-0.8520375,2.9224,0.1923637,-0.05059822,0.02652207,0.008054701,0.9983344,-0.9447625,2.896624,0.1926808,0.04577364,-0.1847368,0.9817215,13,5.7,-12.15779,102.1611,14,-5.7,-30.85865,235.2246
19.83337,2.117713,-7.798136,55.84598,-0.3610495,2.933956,0.1924323,-0.05309176,0.02251124,0.01362509,0.9982429,-0.466296,2.908447,0.1926144,0.04554702,-0.1887196,0.9809742,13,5.7,-11.60473,98.22592,14,-5.7,-30.30559,231.2894
19.87524,2.595305,-8.233368,58.94282,0.1372194,2.943264,0.1926872,-0.05535203,0.01954073,0.01956056,0.998084,0.01933846,2.919118,0.192531,0.04303683,-0.1863253,0.9815451,13,5.7,-11.05097,94.28571,14,-5.7,-29.75183,227.3492
19.91675,3.122854,-8.763186,62.71267,0.6379575,2.950742,0.1940614,-0.05795536,0.01600465,0.02428037,0.9978956,0.5078159,2.928596,0.1925017,0.04107964,-0.1836663,0.9821299,13,5.7,-10.5019,90.37887,14,-5.7,-29.20276,223.4423
19.9585,3.285031,-7.657002,54.84177,1.14819,2.954336,0.1950959,-0.05838171,0.0108501,0.03124741,0.9977462,1.049446,2.943771,0.1933699,0.04012753,-0.1902783,0.9809098,13,5.7,-9.950699,86.45689,14,-5.7,-28.65156,219.5203
20.00024,3.930281,-8.015841,57.39504,1.655894,2.957682,0.1964549,-0.05554751,0.009593665,0.03090205,0.9979316,1.545527,2.949287,0.1940297,0.04091095,-0.1881091,0.9812957,13,5.7,-9.399107,82.5321,14,-5.7,-28.09997,215.5956
20.04199,4.207017,-7.852051,56.22962,2.161309,2.95855,0.1985968,-0.05884843,0.008772314,0.03184986,0.9977202,2.039743,2.952875,0.1949217,0.03795039,-0.1892014,0.9812046,13,5.7,-8.84624,78.59825,14,-5.7,-27.5471,211.6617
20.08374,4.654858,-8.367674,59.89847,2.658097,2.958547,0.2013462,-0.06186928,0.009831429,0.03384604,0.9974618,2.571195,2.956808,0.1976633,0.03427014,-0.1862546,0.9819037,13,5.7,-8.294066,74.66933,14,-5.7,-26.99493,207.7328
20.12524,5.167305,-8.53211,61.06849,3.138549,2.95765,0.2045697,-0.06300432,0.009742348,0.0331982,0.9974133,3.042821,2.957591,0.1995057,0.03427673,-0.1853766,0.9820696,13,5.7,-7.745538,70.76635,14,-5.7,-26.4464,203.8298
20.16724,5.37963,-7.883746,56.45514,3.597331,2.955323,0.2079215,-0.0609911,0.007597268,0.03241439,0.997583,3.494339,2.957552,0.2017964,0.03289088,-0.189138,0.9813995,13,5.7,-7.190775,66.81901,14,-5.7,-25.89164,199.8825
20.20923,5.670268,-7.908341,56.63015,4.039884,2.95378,0.2122895,-0.06263817,0.00462526,0.03618046,0.9973695,3.930285,2.95642,0.2042543,0.03026649,-0.1889895,0.9815125,13,5.7,-6.635676,62.86927,14,-5.7,-25.33654,195.9327
20.25098,5.356179,-8.281135,59.28272,4.459492,2.950907,0.2158742,-0.05989479,0.000651896,0.04103556,0.9973607,4.384477,2.953639,0.2100021,0.01615747,-0.1868121,0.9822628,13,5.7,-6.082985,58.93667,14,-5.7,-24.78385,192.0001
20.29285,5.509537,-7.947488,56.9087,4.858836,2.948708,0.2195747,-0.06046104,-0.003409147,0.04395767,0.9971964,4.777931,2.951882,0.213024,0.01267101,-0.1887713,0.9819393,13,5.7,-5.529853,55.00093,14,-5.7,-24.23072,188.0644
20.33447,5.77295,-8.047712,57.62184,5.23281,2.944628,0.2222969,-0.06042434,-0.007082582,0.04386075,0.9971836,5.14737,2.950089,0.2160347,0.01070221,-0.1881473,0.9820825,13,5.7,-4.979047,51.08174,14,-5.7,-23.67991,184.1452
20.37634,5.825703,-7.626006,54.62124,5.583829,2.940315,0.2250167,-0.06137849,-0.01021928,0.04511334,0.9970421,5.494766,2.947871,0.2188338,0.005971236,-0.1907903,0.9816127,13,5.7,-4.425165,47.14067,14,-5.7,-23.12603,180.2041
20.41809,5.533382,-8.596402,61.52597,5.906106,2.935589,0.2281802,-0.06558916,-0.01384848,0.04545214,0.9967148,5.847255,2.94179,0.2236551,-0.005031688,-0.1849677,0.9827318,13,5.7,-3.874084,43.21953,14,-5.7,-22.57495,176.283
20.45947,5.332336,-9.361212,66.96788,6.19419,2.929335,0.2322621,-0.06837431,-0.01714477,0.04351654,0.9965628,6.133468,2.938236,0.2261992,-0.0118039,-0.18122,0.9833717,13,5.7,-3.32696,39.32654,14,-5.7,-22.02782,172.39
20.50134,5.445297,-9.584567,68.55713,6.450573,2.921716,0.2363588,-0.0684374,-0.02039692,0.04243756,0.9965438,6.389396,2.934163,0.229044,-0.01358969,-0.1801986,0.9835364,13,5.7,-2.773335,35.38729,14,-5.7,-21.4742,168.4507
20.54346,5.717987,-7.950124,56.92746,6.666664,2.912313,0.2399242,-0.06492316,-0.02348107,0.04177641,0.9967389,6.607481,2.92926,0.2319094,-0.01540604,-0.1884307,0.9819656,13,5.7,-2.215837,31.42049,14,-5.7,-20.9167,164.4839
20.58521,5.522817,-7.162053,51.32005,6.839355,2.903106,0.2433544,-0.06024781,-0.02638203,0.04222078,0.9969411,6.805401,2.916623,0.2381672,-0.02462606,-0.1935138,0.9807885,13,5.7,-1.664477,27.49736,14,-5.7,-20.36534,160.5608
20.62671,5.500659,-6.751818,48.40107,6.963117,2.895294,0.2456224,-0.05714443,-0.02873993,0.04214991,0.9970617,6.933378,2.909464,0.2409589,-0.0291556,-0.1966053,0.9800491,13,5.7,-1.11599,23.59467,14,-5.7,-19.81686,156.6581
20.66846,5.353323,-6.773476,48.55518,7.043722,2.887429,0.2468202,-0.05563461,-0.03074533,0.04508108,0.996959,7.019807,2.902495,0.2432947,-0.03380331,-0.1962692,0.9799672,13,5.7,-0.5645322,19.67085,14,-5.7,-19.2654,152.7343
20.71021,2.319651,-9.812862,70.18144,7.073778,2.880314,0.2480757,-0.05325445,-0.0313147,0.04805271,0.9969325,7.058025,2.895932,0.245273,-0.06651353,-0.1783959,0.9817082,13,5.7,-0.01125115,15.73405,14,-5.7,-18.71212,148.7975
20.75208,1.364332,-8.800549,62.97846,7.054062,2.873157,0.247915,-0.05201869,-0.02988523,0.04916574,0.9969873,7.053637,2.883525,0.2478094,-0.08880848,-0.1823852,0.9792082,13,5.7,0.5418784,11.79832,14,-5.7,-18.15899,144.8618
20.79346,1.506801,-8.327668,59.61374,6.980898,2.866979,0.2465616,-0.04917045,-0.02920693,0.0516226,0.9970278,6.99001,2.87779,0.2481158,-0.09038918,-0.1847189,0.978626,13,5.7,1.088339,7.910058,14,-5.7,-17.61253,140.9735
20.83521,1.231973,-8.675701,62.09012,6.852365,2.86203,0.2442085,-0.0477276,-0.02775255,0.05407115,0.9970097,6.8735,2.872321,0.2480563,-0.08931629,-0.1828275,0.9790795,13,5.7,1.641441,3.974533,14,-5.7,-17.05942,137.038
20.8772,1.336379,-8.161889,58.43416,6.668426,2.858804,0.2400169,-0.04754553,-0.02714434,0.05513566,0.9969769,6.70396,2.867324,0.247155,-0.09026331,-0.1854715,0.9784952,13,5.7,2.195476,0.03236842,14,-5.7,-16.50539,133.0958
20.91882,-0.4933968,-9.649164,69.01669,6.431918,2.860158,0.2364498,-0.05116111,-0.02437877,0.05611663,0.9968145,6.470054,2.860093,0.2426285,-0.09912608,-0.1780717,0.979012,14,-5.7,-15.95418,129.1738,15,0.7,-34.04669,257.9087
20.95984,-1.113257,-10.26152,73.37381,6.142594,2.864321,0.2330694,-0.05447849,-0.02288392,0.0573015,0.9966068,6.195385,2.858711,0.2400442,-0.09789244,-0.1757333,0.9795585,14,-5.7,-15.41201,125.316,15,0.7,-33.50451,254.0509
21.00195,-2.238084,-11.31428,80.86462,5.807531,2.868451,0.2269772,-0.04964545,-0.02511445,0.060056,0.9966434,5.876149,2.859793,0.2370915,-0.09863519,-0.1722976,0.9800942,14,-5.7,-14.85489,121.3519,15,0.7,-32.9474,250.0869
21.04419,-1.892805,-10.4899,74.99879,5.437318,2.875361,0.2208895,-0.05004543,-0.02827916,0.05877512,0.9966149,5.522045,2.862284,0.2336814,-0.09716859,-0.1749749,0.9797663,14,-5.7,-14.29758,117.3865,15,0.7,-32.39009,246.1214
21.08569,-1.48379,-8.973738,64.21077,5.036664,2.883594,0.2150709,-0.05919802,-0.03008145,0.05565391,0.9962396,5.106674,2.870284,0.2253265,-0.1007635,-0.1810866,0.9782916,14,-5.7,-13.7487,113.481,15,0.7,-31.84121,242.2159
21.12756,-3.319372,-10.79856,77.19502,4.609451,2.889961,0.2090027,-0.06546836,-0.03136986,0.05027257,0.9960936,4.693307,2.875939,0.2204164,-0.1019563,-0.1739993,0.9794535,14,-5.7,-13.19479,109.5397,15,0.7,-31.2873,238.2746
21.16943,-4.061456,-10.91667,78.03544,4.162601,2.895507,0.2034223,-0.06593405,-0.03133932,0.04600078,0.9962703,4.260378,2.881792,0.2154855,-0.1047157,-0.1736295,0.979228,14,-5.7,-12.64121,105.6008,15,0.7,-30.73372,234.3357
21.21155,-5.796758,-13.61671,97.24724,3.698557,2.901257,0.198632,-0.06787249,-0.03057706,0.04051905,0.9964018,3.810487,2.887058,0.210754,-0.09714326,-0.1668772,0.9811805,14,-5.7,-12.08371,101.6339,15,0.7,-30.17621,230.3688
21.2533,-5.407122,-12.76106,91.15899,3.219154,2.907215,0.1943771,-0.06808256,-0.02808398,0.03525397,0.9966611,3.304919,2.896618,0.2020081,-0.09397583,-0.1688978,0.9811432,14,-5.7,-11.5328,97.71397,15,0.7,-29.6253,226.4489
21.29419,-4.38586,-11.02292,78.79143,2.732602,2.912526,0.190183,-0.06737162,-0.0251362,0.03093837,0.9969313,2.830983,2.901294,0.1981994,-0.09004983,-0.1737426,0.9806653,14,-5.7,-10.99101,93.85898,15,0.7,-29.08352,222.5939
21.3363,-4.720786,-11.00053,78.63212,2.234411,2.917404,0.1860828,-0.06508739,-0.0211215,0.02548592,0.9973305,2.345912,2.905897,0.1946359,-0.08836294,-0.1738878,0.9807931,14,-5.7,-10.43472,89.90076,15,0.7,-28.52723,218.6357
21.37854,-4.230701,-10.05269,71.8879,1.730799,2.921417,0.181246,-0.05877451,-0.01714909,0.02225095,0.9978759,1.854969,2.910197,0.1913244,-0.08323678,-0.1772999,0.9806306,14,-5.7,-9.876257,85.92708,15,0.7,-27.96876,214.662
21.4198,-0.2229951,-7.215153,51.69777,1.223595,2.926367,0.1760252,-0.05648078,-0.01347718,0.01801635,0.9981502,1.315892,2.917776,0.184142,-0.02929911,-0.1929225,0.9807765,14,-5.7,-9.330051,82.04063,15,0.7,-27.42256,210.7755
21.46155,-0.3979887,-6.656936,47.72586,0.7144708,2.931123,0.1711403,-0.05801095,-0.009393722,0.01438792,0.9981681,0.8186178,2.921474,0.1802278,-0.02507634,-0.1974274,0.9799967,14,-5.7,-8.779581,78.12383,15,0.7,-26.87209,206.8587
21.50354,-0.5931888,-6.096521,43.7383,0.2043444,2.934595,0.1674304,-0.06422102,-0.006614655,0.01076284,0.9978558,0.3201666,2.925136,0.1763326,-0.02052681,-0.2027534,0.9790147,14,-5.7,-8.224043,74.17097,15,0.7,-26.31655,202.9059
21.54602,-1.090136,-6.393652,45.8525,-0.3053614,2.933594,0.1615522,-0.05816786,-0.004683197,0.00633285,0.9982758,-0.1780567,2.928751,0.1726507,-0.01955977,-0.1999215,0.9796167,14,-5.7,-7.662426,70.17485,15,0.7,-25.75493,198.9097
21.58716,-1.504646,-7.47834,53.57045,-0.8106746,2.932982,0.156405,-0.05444773,-0.002369255,0.004119081,0.9985054,-0.7176442,2.932355,0.1649469,-0.01446256,-0.1913152,0.9814221,14,-5.7,-7.11789,66.30028,15,0.7,-25.2104,195.0352
21.62866,-2.049221,-7.747995,55.48915,-1.302429,2.931671,0.1516052,-0.05749222,4.87864E-05,0.003362413,0.9983404,-1.19978,2.932353,0.1609601,-0.01507275,-0.1895157,0.981762,14,-5.7,-6.56881,62.39337,15,0.7,-24.66132,191.1283
21.67041,-2.593009,-7.724794,55.32407,-1.781107,2.928792,0.147428,-0.06680501,0.005233705,0.002896141,0.9977481,-1.669943,2.93182,0.1567401,-0.01642618,-0.1896372,0.9817169,14,-5.7,-6.017581,58.47118,15,0.7,-24.11009,187.2061
21.71289,-2.940771,-8.699008,62.25597,-2.236162,2.922526,0.1453744,-0.07132965,0.006605387,0.005908024,0.9974135,-2.118335,2.930803,0.1525646,-0.01301561,-0.1840501,0.9828307,14,-5.7,-5.455457,54.47145,15,0.7,-23.54796,183.2063
21.75415,-2.777045,-9.59541,68.63416,-2.66999,2.915329,0.1444862,-0.06621555,0.005873919,0.002176786,0.9977857,-2.588012,2.925249,0.1472299,-0.002715109,-0.179837,0.9836927,14,-5.7,-4.910977,50.59728,15,0.7,-23.00348,179.3322
21.79565,-2.820825,-9.163598,65.56165,-3.08247,2.906388,0.1431094,-0.05931497,0.003817409,-0.007304817,0.9982054,-2.994687,2.920356,0.1455795,0.00261357,-0.1816507,0.9833597,14,-5.7,-4.360859,46.68299,15,0.7,-22.45337,175.4179
21.83765,-3.143687,-7.245947,51.91689,-3.463672,2.897944,0.1422481,-0.05414225,0.00288108,-0.01520517,0.9984134,-3.371962,2.914457,0.144487,0.004326644,-0.1925761,0.9812725,14,-5.7,-3.806464,42.73827,15,0.7,-21.89897,171.4731
21.88025,-3.73542,-6.869549,49.23869,-3.816199,2.889104,0.1416034,-0.05682938,0.006671757,-0.01969827,0.9981673,-3.722043,2.907802,0.1435648,-0.0002671873,-0.1953156,0.9807404,14,-5.7,-3.243273,38.73095,15,0.7,-21.33578,167.4658
21.92114,-4.183679,-7.573562,54.24795,-4.134355,2.879593,0.1411154,-0.05775286,0.006708979,-0.01679749,0.998167,-4.072267,2.894117,0.1421151,-0.002021644,-0.1899442,0.9817928,14,-5.7,-2.702394,34.88239,15,0.7,-20.7949,163.6173
21.96289,-4.319172,-7.216877,51.71001,-4.409166,2.86857,0.1415345,-0.05840269,0.005217552,-0.01749007,0.9981263,-4.347055,2.886754,0.1416571,0.0005306479,-0.1922713,0.9813417,14,-5.7,-2.1504,30.95476,15,0.7,-20.24291,159.6896
22.00488,-4.35961,-7.317657,52.4271,-4.634406,2.857985,0.1430728,-0.05947439,0.005608529,-0.02337013,0.9979405,-4.575205,2.878838,0.1414915,0.004047166,-0.191408,0.9815022,14,-5.7,-1.594672,27.00054,15,0.7,-19.68718,155.7354
22.04749,-4.273007,-7.038145,50.43826,-4.81287,2.846845,0.1449258,-0.0577759,0.007950068,-0.02642615,0.9979482,-4.758859,2.870596,0.1417723,0.009477181,-0.1932827,0.9810973,14,-5.7,-1.032457,23.00018,15,0.7,-19.12497,151.7351
22.08862,-4.261537,-5.767524,41.39732,-4.940511,2.836548,0.1474974,-0.05506809,0.01112479,-0.02996554,0.9979709,-4.912271,2.853398,0.1438409,0.01543869,-0.2045313,0.9787383,14,-5.7,-0.4886199,19.13058,15,0.7,-18.58113,147.8655
22.13037,-4.448655,-5.621959,40.36158,-5.020815,2.827151,0.1498168,-0.05080371,0.01255876,-0.03289597,0.9980878,-4.998426,2.844797,0.1454875,0.01337602,-0.205997,0.9784612,14,-5.7,0.06342709,15.20256,15,0.7,-18.02908,143.9374
22.17236,-4.291141,-6.389784,45.82494,-5.047086,2.81999,0.1522924,-0.0470593,0.014696,-0.03507727,0.9981679,-5.033229,2.836621,0.1473073,0.01592261,-0.1979659,0.9800796,14,-5.7,0.6190184,11.24932,15,0.7,-17.47349,139.9842
22.21497,-4.323714,-5.824667,41.80392,-5.02239,2.81469,0.1546665,-0.04446449,0.01734814,-0.03244247,0.9983334,-5.019047,2.829122,0.1492441,0.01634164,-0.2033803,0.9789634,14,-5.7,1.183158,7.235256,15,0.7,-16.90935,135.9701
22.25562,-4.307433,-5.188549,37.27771,-4.947958,2.810725,0.1564564,-0.04351831,0.02060097,-0.0282366,0.998441,-4.957651,2.81753,0.1531578,0.01711843,-0.2107773,0.9773842,14,-5.7,1.719908,3.416085,15,0.7,-16.3726,132.151
22.29688,-3.886539,-6.01413,43.15202,-4.824881,2.807559,0.1570595,-0.0421068,0.02294758,-0.0236547,0.9985695,-4.845231,2.813428,0.1548964,0.0218359,-0.2010631,0.9793349,15,0.7,-15.82748,128.2723,16,-5.7,-33.91993,257.0067
22.33899,-3.589978,-5.763625,41.36959,-4.650297,2.807979,0.157618,-0.04203704,0.02459243,-0.02115461,0.9985894,-4.683264,2.81017,0.1561832,0.02596265,-0.2036049,0.9787089,15,0.7,-15.27052,124.3093,16,-5.7,-33.36296,253.0437
22.38123,-3.228724,-5.577907,40.04814,-4.427947,2.812732,0.1596294,-0.04687791,0.02499732,-0.01692494,0.9984444,-4.475419,2.80782,0.1569377,0.03056966,-0.2056226,0.9781538,15,0.7,-14.71113,120.329,16,-5.7,-32.80357,249.0634
22.42224,-2.6916,-7.936043,56.82725,-4.152878,2.821188,0.1624661,-0.04529732,0.02545607,-0.01184213,0.998579,-4.200068,2.809237,0.15869,0.02614422,-0.1862331,0.9821576,15,0.7,-14.16896,116.4713,16,-5.7,-32.26141,245.2057
22.46399,-2.037106,-8.852657,63.3493,-3.843202,2.832395,0.1640301,-0.0342165,0.02527189,-0.009297065,0.9990517,-3.90402,2.813469,0.160277,0.02904166,-0.1814778,0.9829661,15,0.7,-13.618,112.551,16,-5.7,-31.71045,241.2854
22.50598,-2.302423,-7.801143,55.86739,-3.503501,2.847674,0.1644626,-0.02624183,0.02480262,-0.005273499,0.999334,-3.578104,2.819833,0.1620005,0.02248959,-0.1872422,0.9820563,15,0.7,-13.06292,108.6014,16,-5.7,-31.15536,237.3358
22.54822,-2.414689,-6.478895,46.45911,-3.139619,2.866246,0.1644368,-0.03115503,0.02123311,0.001954957,0.9992871,-3.227851,2.828308,0.1632997,0.01721741,-0.197065,0.9802392,15,0.7,-12.50364,104.6219,16,-5.7,-30.59608,233.3563
22.5896,-1.734714,-7.661848,54.87626,-2.752901,2.884291,0.1639668,-0.03428431,0.0177331,0.009201476,0.9992124,-2.824191,2.852457,0.1644921,0.01955147,-0.1886869,0.9818426,15,0.7,-11.95735,100.7348,16,-5.7,-30.04979,229.4692
22.63135,-0.8771601,-8.063865,57.73676,-2.346918,2.902477,0.1650219,-0.0370564,0.01256877,0.01666453,0.9990952,-2.430497,2.866886,0.1645013,0.02649782,-0.1864638,0.9821045,15,0.7,-11.40565,96.80927,16,-5.7,-29.49809,225.5437
22.67285,-0.4993726,-7.724101,55.31921,-1.926282,2.918669,0.1678365,-0.04071054,0.008578212,0.02307029,0.9988678,-2.022303,2.881476,0.1645762,0.02710531,-0.1887594,0.9816492,15,0.7,-10.85632,92.90057,16,-5.7,-28.94876,221.635
22.71509,-0.05346061,-8.38193,59.99992,-1.49641,2.931309,0.1707985,-0.04101362,0.004240215,0.03023308,0.9986922,-1.604694,2.89558,0.1652446,0.02546849,-0.1851567,0.982379,15,0.7,-10.29716,88.92197,16,-5.7,-28.3896,217.6564
22.75659,0.3503012,-8.17239,58.50896,-1.064439,2.940802,0.1731903,-0.03815613,0.0004454851,0.03574175,0.9986324,-1.146459,2.920593,0.1686389,0.02519611,-0.1867366,0.9820869,15,0.7,-9.748253,85.01627,16,-5.7,-27.84069,213.7507
22.79834,0.5123075,-8.012925,57.37431,-0.6314933,2.94762,0.1760886,-0.04009176,-0.005165488,0.0405664,0.9983588,-0.7236052,2.930299,0.1708266,0.02121595,-0.1878538,0.9819678,15,0.7,-9.196333,81.08916,16,-5.7,-27.28877,209.8236
22.84033,0.5471231,-7.129755,51.09022,-0.2016613,2.95227,0.1798448,-0.04795407,-0.009920955,0.04206958,0.997914,-0.3032964,2.93797,0.1729951,0.01638258,-0.1939459,0.9808754,15,0.7,-8.642426,77.14791,16,-5.7,-26.73487,205.8823
22.88171,0.871913,-7.500676,53.72947,0.2241351,2.952233,0.1833056,-0.05097433,-0.01553831,0.04563004,0.9975361,0.1135904,2.944127,0.1753327,0.01389672,-0.1914074,0.9814123,15,0.7,-8.094834,73.2516,16,-5.7,-26.18728,201.986
22.92358,0.692252,-8.639898,61.83542,0.6463819,2.951019,0.1886724,-0.05001392,-0.01987812,0.05010472,0.9972929,0.5651705,2.950603,0.1808131,0.002025693,-0.1847542,0.9827827,15,0.7,-7.541182,69.31216,16,-5.7,-25.63362,198.0466
22.96545,-0.1345044,-7.398778,53.00439,1.055462,2.94911,0.1951223,-0.05758874,-0.02224147,0.05004567,0.9968371,0.9664552,2.950754,0.1841072,-0.02045028,-0.1922421,0.9811344,15,0.7,-6.987605,65.37325,16,-5.7,-25.08005,194.1077
23.00732,-0.7791028,-8.252709,59.08043,1.449277,2.945309,0.201137,-0.0541471,-0.0233329,0.05095022,0.9969593,1.353652,2.950333,0.1881407,-0.03555402,-0.18676,0.981762,15,0.7,-6.433978,61.43399,16,-5.7,-24.52642,190.1684
23.04895,-0.8186272,-8.877981,63.52946,1.822037,2.939328,0.2062555,-0.04753618,-0.02509546,0.05583345,0.9969921,1.721455,2.948829,0.1928654,-0.03939248,-0.1834143,0.9822461,15,0.7,-5.883353,57.51609,16,-5.7,-23.9758,186.2505
23.09094,0.1335067,-7.679021,54.99842,2.165886,2.93315,0.2096357,-0.04157701,-0.02771899,0.06061115,0.9969099,2.096817,2.942443,0.2022935,-0.03515292,-0.1901765,0.9811203,15,0.7,-5.329134,53.57262,16,-5.7,-23.42158,182.307
23.13281,0.3803809,-6.547522,46.94738,2.469256,2.928941,0.2129071,-0.04196284,-0.03175104,0.06405625,0.996558,2.398913,2.938055,0.2060603,-0.04228462,-0.1987057,0.9791466,15,0.7,-4.774339,49.62504,16,-5.7,-22.86678,178.3595
23.17505,0.1147187,-6.76952,48.52698,2.73472,2.924318,0.2151248,-0.04839771,-0.03735885,0.06689785,0.9958849,2.665263,2.933538,0.2092272,-0.05168449,-0.1966238,0.9791158,15,0.7,-4.216352,45.65476,16,-5.7,-22.30879,174.3892
23.21643,-0.4082909,-7.885895,56.47041,2.955169,2.91779,0.2170351,-0.05113321,-0.04294321,0.06455445,0.9956777,2.889042,2.929568,0.2119119,-0.05746135,-0.1884769,0.9803952,15,0.7,-3.668473,41.7564,16,-5.7,-21.76092,170.4908
23.25732,-0.4961441,-7.87015,56.35838,3.139702,2.911547,0.2196963,-0.05808788,-0.04748608,0.06310063,0.9951831,3.099977,2.921054,0.2160004,-0.06277811,-0.1883839,0.980087,15,0.7,-3.129001,37.91786,16,-5.7,-21.22145,166.6523
23.29919,-0.2671395,-7.596182,54.40899,3.285332,2.903194,0.2217144,-0.06111605,-0.05089271,0.06625247,0.9946283,3.248822,2.916332,0.2176751,-0.06356435,-0.1900536,0.9797138,15,0.7,-2.574331,33.97118,16,-5.7,-20.66677,162.7056
23.34119,-0.5660353,-7.967933,57.05413,3.394607,2.895072,0.2236528,-0.05718231,-0.0557446,0.07525164,0.9939618,3.362492,2.911084,0.2194127,-0.06773352,-0.1875701,0.9799131,15,0.7,-2.01945,30.02299,16,-5.7,-20.11189,158.7574
23.38293,0.5386565,-6.669211,47.81325,3.464345,2.88736,0.2260017,-0.05755144,-0.06128979,0.07846072,0.9933656,3.438463,2.904769,0.2209933,-0.05962726,-0.196865,0.9786158,15,0.7,-1.467379,26.0948,16,-5.7,-19.55982,154.8292
23.42493,0.1490829,-6.482276,46.48313,3.504694,2.879658,0.228436,-0.05964622,-0.06407533,0.08162199,0.9928114,3.49383,2.892255,0.2244984,-0.07068756,-0.1981204,0.9776255,15,0.7,-0.9129774,22.15003,16,-5.7,-19.00542,150.8844
23.46655,-0.09708859,-6.569329,47.10255,3.511925,2.872352,0.2307723,-0.05668614,-0.06381662,0.08702531,0.9925426,3.506156,2.886139,0.2266024,-0.07513704,-0.1971712,0.9774856,15,0.7,-0.3620307,18.22984,16,-5.7,-18.45447,146.9643
23.50854,0.04646683,-6.588746,47.24086,3.486025,2.866091,0.231597,-0.05155235,-0.06122613,0.09095487,0.9926334,3.486752,2.880027,0.2286758,-0.07155406,-0.1969399,0.9778009,15,0.7,0.1927301,14.28251,16,-5.7,-17.89971,143.0169
23.55029,0.501603,-5.883093,42.21973,3.415581,2.862539,0.2319336,-0.05023743,-0.05658272,0.09012666,0.9930518,3.424691,2.868851,0.2311686,-0.06799389,-0.2035787,0.9766948,15,0.7,0.7450705,10.35241,16,-5.7,-17.34737,139.0868
23.59229,0.256835,-6.40009,45.8985,3.29812,2.858812,0.2311126,-0.05121871,-0.05262835,0.08926386,0.993297,3.316607,2.864369,0.2321731,-0.065524,-0.1983953,0.9779294,15,0.7,1.300276,6.401918,16,-5.7,-16.79217,135.1364
23.63391,-0.2328823,-6.826776,48.93453,3.125542,2.858106,0.2291939,-0.05071971,-0.05020893,0.08747173,0.9936072,3.156344,2.86112,0.2321706,-0.06809489,-0.1946451,0.9785072,15,0.7,1.850958,2.483606,16,-5.7,-16.24149,131.218
23.67566,-0.6953384,-7.407852,53.06911,2.897236,2.861208,0.22811,-0.05322962,-0.04899025,0.08319191,0.9939043,2.943131,2.85867,0.2313427,-0.06744305,-0.1903013,0.9794064,16,-5.7,-15.68924,127.2886,17,5.7,-34.40416,260.4521
23.71765,-3.228908,-9.038954,64.675,2.619917,2.865355,0.226319,-0.05240355,-0.04872844,0.08108278,0.9941354,2.664774,2.858739,0.2293574,-0.08957074,-0.1808183,0.9794294,16,-5.7,-15.1345,123.3414,17,5.7,-33.84943,256.5049
23.75879,-2.784629,-8.008323,57.34168,2.301615,2.870549,0.2231014,-0.04620558,-0.05077285,0.08193743,0.9942703,2.360269,2.861178,0.2279373,-0.0881488,-0.1862298,0.9785439,16,-5.7,-14.59073,119.4723,17,5.7,-33.30566,252.6358
23.80066,-2.581711,-7.371882,52.81317,1.946153,2.877989,0.2197781,-0.04184366,-0.05273825,0.07859588,0.9946309,2.019412,2.864597,0.2260917,-0.08556831,-0.1903706,0.977976,16,-5.7,-14.03809,115.54,17,5.7,-32.75302,248.7036
23.84241,-3.479923,-7.987756,57.19535,1.563311,2.885886,0.216081,-0.04442912,-0.05185042,0.07473629,0.9948629,1.651237,2.868819,0.2240607,-0.08812936,-0.1864653,0.9785008,16,-5.7,-13.48559,111.6088,17,5.7,-32.20052,244.7723
23.88379,-2.674927,-7.419698,53.1534,1.15343,2.893417,0.2119979,-0.04707567,-0.05186687,0.07165559,0.994967,1.223647,2.880131,0.2185396,-0.07210457,-0.1904965,0.9790363,16,-5.7,-12.93817,107.7137,17,5.7,-31.65309,240.8772
23.92566,-3.346656,-7.796405,55.83381,0.7249614,2.900151,0.2085194,-0.04854974,-0.05168581,0.0643418,0.9954053,0.808071,2.886263,0.2153608,-0.07316301,-0.1881173,0.9794177,16,-5.7,-12.3854,103.7806,17,5.7,-31.10033,236.9441
23.96765,-4.103778,-8.183842,58.59038,0.280702,2.90686,0.2051841,-0.04646509,-0.04997461,0.05729216,0.9960227,0.3769112,2.892169,0.2126815,-0.07519468,-0.1858771,0.9796915,16,-5.7,-11.829,99.82156,17,5.7,-30.54393,232.985
24.00964,-3.642792,-6.559138,47.0302,-0.1776188,2.914423,0.2020936,-0.04531991,-0.04598902,0.05394413,0.9964544,-0.06835806,2.897802,0.2096601,-0.07462338,-0.1974325,0.9774721,16,-5.7,-11.27351,95.86902,17,5.7,-29.98843,229.0325
24.05151,-3.935297,-6.496218,46.58231,-0.6444438,2.920918,0.1992731,-0.04321139,-0.03975425,0.05065952,0.9969885,-0.5624219,2.908978,0.2042811,-0.07109448,-0.1982456,0.9775706,16,-5.7,-10.7211,91.93848,17,5.7,-29.43603,225.102
24.09302,-4.032375,-6.317659,45.31181,-1.118395,2.926487,0.1960686,-0.04025982,-0.03417838,0.05012699,0.9973456,-1.024529,2.914467,0.2019422,-0.06518523,-0.2000763,0.9776095,16,-5.7,-10.17136,88.02685,17,5.7,-28.88629,221.1903
24.13501,-4.008512,-5.999765,43.04987,-1.599222,2.929699,0.1905338,-0.03087286,-0.03037405,0.0481373,0.9979014,-1.493355,2.91961,0.1994275,-0.05736981,-0.2034478,0.9774036,16,-5.7,-9.616652,84.0799,17,5.7,-28.33158,217.2434
24.17688,-4.015674,-5.806611,41.6755,-2.083652,2.934054,0.185979,-0.03225096,-0.02863652,0.04546686,0.9980344,-1.965988,2.923753,0.1963413,-0.04829891,-0.2057229,0.9774177,16,-5.7,-9.06243,80.13641,17,5.7,-27.77736,213.2999
24.21863,-5.891473,-8.279484,59.27092,-2.565337,2.93611,0.1807855,-0.03719885,-0.02928722,0.03764749,0.9981689,-2.479338,2.930496,0.1889483,-0.05664911,-0.186111,0.9808943,16,-5.7,-8.511022,76.21293,17,5.7,-27.22595,209.3764
24.26038,-6.607115,-8.817441,63.09869,-3.03266,2.936164,0.1757623,-0.03836609,-0.02743194,0.03007253,0.9984344,-2.937532,2.933085,0.1850804,-0.05724183,-0.1832966,0.9813898,16,-5.7,-7.958647,72.28258,17,5.7,-26.67357,205.4461
24.30212,-6.181743,-7.34965,52.65481,-3.483208,2.933213,0.1698954,-0.03647072,-0.0216459,0.02442973,0.9988016,-3.380328,2.934578,0.1810879,-0.05231852,-0.1920658,0.9799865,16,-5.7,-7.406906,68.35674,17,5.7,-26.12183,201.5202
24.34412,-6.265276,-7.568076,54.20898,-3.920576,2.930898,0.1660353,-0.04376718,-0.01297057,0.0223879,0.9987067,-3.81049,2.934456,0.176746,-0.0445529,-0.1906148,0.9806534,16,-5.7,-6.852185,64.4097,17,5.7,-25.56711,197.5732
24.38599,-2.326185,-7.094759,50.84116,-4.347697,2.926242,0.1630633,-0.04955228,-0.007408946,0.01939427,0.9985557,-4.270273,2.931359,0.1688337,0.03760963,-0.1939615,0.9802879,16,-5.7,-6.298052,60.46684,17,5.7,-25.01298,193.6303
24.42749,-3.158789,-7.318806,52.43534,-4.7552,2.920533,0.162522,-0.05572011,-0.002248019,0.0158146,0.9983187,-4.671179,2.928708,0.1658287,0.02838253,-0.1923115,0.9809234,16,-5.7,-5.749166,56.56131,17,5.7,-24.46409,189.7248
24.4696,-3.563315,-6.844797,49.06259,-5.145666,2.91089,0.1621939,-0.05508042,0.001565069,0.008170434,0.9984473,-5.055813,2.925217,0.1638561,0.02991729,-0.1958408,0.9801793,16,-5.7,-5.193259,52.60582,17,5.7,-23.90819,185.7693
24.51147,-3.450817,-7.579606,54.29093,-5.511421,2.898412,0.1617476,-0.04710087,0.005114734,0.001475055,0.998876,-5.417246,2.920216,0.1628407,0.03564172,-0.1903103,0.9810768,16,-5.7,-4.638991,48.662,17,5.7,-23.35392,181.8255
24.55286,-3.520291,-6.933882,49.69636,-5.845755,2.885449,0.1619897,-0.04410549,0.01182446,-0.002841898,0.9989529,-5.78303,2.904818,0.1620355,0.04476007,-0.1946229,0.9798564,16,-5.7,-4.092327,44.77229,17,5.7,-22.80725,177.9358
24.59436,-3.726965,-6.299299,45.18108,-6.140429,2.872892,0.1635175,-0.04683129,0.01715064,-0.001875861,0.9987538,-6.076507,2.895117,0.1619991,0.05106767,-0.1998421,0.9784964,16,-5.7,-3.543955,40.87042,17,5.7,-22.25888,174.0339
24.63635,-4.108081,-6.029644,43.26238,-6.384521,2.859723,0.1653387,-0.04779187,0.02005488,-0.00357162,0.9986496,-6.32266,2.884985,0.1624435,0.05025381,-0.202293,0.9780348,16,-5.7,-2.988515,36.91826,17,5.7,-21.70344,170.0817
24.67822,-4.398274,-6.125712,43.94595,-6.578275,2.847829,0.1679216,-0.04901794,0.02503943,-0.01233001,0.9984078,-6.521306,2.874826,0.1634007,0.04744368,-0.2011361,0.9784137,16,-5.7,-2.434146,32.97372,17,5.7,-21.14907,166.1372
24.71985,-4.212615,-6.602391,47.33769,-6.716446,2.835529,0.1708062,-0.05113577,0.02557665,-0.01310784,0.9982781,-6.686817,2.85455,0.1664931,0.05136036,-0.1963104,0.9791958,16,-5.7,-1.884067,29.0597,17,5.7,-20.599,162.2232
24.76111,-3.840743,-7.06998,50.66475,-6.796304,2.824277,0.1740516,-0.05147767,0.02528843,-0.01452841,0.9982483,-6.773578,2.844697,0.1686126,0.05689991,-0.1923544,0.9796745,16,-5.7,-1.339466,25.18467,17,5.7,-20.05439,158.3482
24.8031,-3.5327,-7.199626,51.58724,-6.807102,2.814001,0.1766666,-0.04779794,0.02612358,-0.01813501,0.9983507,-6.79513,2.835264,0.1709536,0.0621559,-0.1911849,0.9795841,16,-5.7,-0.7828939,21.22445,17,5.7,-19.49782,154.3879
24.84509,-3.586666,-6.989841,50.09454,-6.747017,2.806449,0.179614,-0.04511323,0.0278759,-0.01844936,0.9984224,-6.749341,2.826172,0.1733294,0.06204329,-0.192564,0.9793211,16,-5.7,-0.2277922,17.2747,17,5.7,-18.94272,150.4382
24.8866,-3.664438,-6.127793,43.96075,-6.620535,2.801405,0.1828685,-0.04607874,0.02965444,-0.01783047,0.9983383,-6.63789,2.81059,0.1780201,0.0663945,-0.1995859,0.9776284,16,-5.7,0.3206761,13.37214,17,5.7,-18.39425,146.5356
24.92822,-3.525302,-5.859848,42.05423,-6.429253,2.797798,0.1845333,-0.04118143,0.03217804,-0.02157478,0.9984003,-6.461164,2.804878,0.180535,0.06849658,-0.2021567,0.9769549,16,-5.7,0.8712612,9.454525,17,5.7,-17.84367,142.618
24.97021,-3.249075,-5.48644,39.39729,-6.186849,2.796794,0.1852029,-0.03714803,0.03557516,-0.02281833,0.9984157,-6.23421,2.800731,0.1826029,0.07427228,-0.2061907,0.9756891,16,-5.7,1.425574,5.510386,17,5.7,-17.28936,138.6739
25.0127,-3.076243,-5.043157,36.24316,-5.877275,2.803138,0.187617,-0.04033284,0.03581694,-0.01873158,0.9983684,-5.943095,2.797839,0.1840374,0.07745535,-0.2118445,0.9742293,16,-5.7,1.987811,1.509861,17,5.7,-16.72712,134.6734
25.05371,-2.757534,-6.345702,45.51126,-5.519102,2.812527,0.1896338,-0.04034527,0.03464728,-0.01982682,0.9983881,-5.580265,2.799079,0.1863123,0.06093406,-0.1974076,0.9784259,17,5.7,-16.18455,130.8128,18,-5.7,-34.64954,262.1981
25.09497,-2.448331,-6.199518,44.47111,-5.118097,2.825226,0.1902642,-0.03035665,0.03392837,-0.02143057,0.9987333,-5.195615,2.804217,0.1879421,0.06068312,-0.198878,0.9781437,17,5.7,-15.63907,126.9315,18,-5.7,-34.10406,258.3168
25.13684,-2.200174,-5.521551,39.64712,-4.686261,2.839617,0.1900349,-0.03130417,0.03246889,-0.01679881,0.9988412,-4.780016,2.811659,0.189225,0.06384063,-0.2062131,0.9764223,17,5.7,-15.08624,122.9979,18,-5.7,-33.55123,254.3832
25.17944,-1.462854,-6.156301,44.16348,-4.219704,2.855276,0.1879987,-0.03511577,0.03074852,-0.01110778,0.9988484,-4.330554,2.820894,0.1899462,0.06376627,-0.1996172,0.9777969,17,5.7,-14.52201,118.9832,18,-5.7,-32.987,250.3685
25.22083,-0.2171658,-7.728779,55.35225,-3.725311,2.871862,0.1857564,-0.04011829,0.02957165,-0.006992514,0.9987328,-3.814028,2.843897,0.1892217,0.06390772,-0.1878514,0.9801162,17,5.7,-13.9758,115.0967,18,-5.7,-32.44079,246.4821
25.26245,0.7644392,-8.356983,59.82215,-3.201431,2.889024,0.1839177,-0.04816753,0.02890515,-0.0006412305,0.9984208,-3.306363,2.856702,0.1876179,0.06693628,-0.1843868,0.9805718,17,5.7,-13.42449,111.1739,18,-5.7,-31.88948,242.5592
25.30457,1.155741,-8.064938,57.74414,-2.654167,2.905694,0.183929,-0.05467785,0.02899176,0.005656145,0.998067,-2.775753,2.870067,0.1857239,0.06695358,-0.1862238,0.9802234,17,5.7,-12.86891,107.2207,18,-5.7,-31.3339,238.6061
25.34729,0.9814498,-6.481929,46.48045,-2.096393,2.920491,0.1845075,-0.05492128,0.0273771,0.01055956,0.9980595,-2.234089,2.883486,0.1846865,0.06792022,-0.197821,0.9778823,17,5.7,-12.30305,103.1945,18,-5.7,-30.76804,234.5798
25.38831,2.115826,-7.518183,53.85378,-1.523141,2.933326,0.1842165,-0.05095129,0.02436638,0.01559197,0.9982821,-1.62786,2.909393,0.1838545,0.06831348,-0.1902788,0.9793504,17,5.7,-11.761,99.33759,18,-5.7,-30.22599,230.7229
25.42993,2.417562,-7.335439,52.55349,-0.9523616,2.944801,0.1848243,-0.04793356,0.01964968,0.02042688,0.9984484,-1.070671,2.920786,0.1839778,0.06522712,-0.1917831,0.9792675,17,5.7,-11.21174,95.42938,18,-5.7,-29.67673,226.8147
25.4718,2.29419,-6.72647,48.22046,-0.3739329,2.95352,0.185372,-0.05002684,0.01543421,0.02548952,0.9983033,-0.5062114,2.931044,0.1843331,0.05706105,-0.1967818,0.9787855,17,5.7,-10.65753,91.48602,18,-5.7,-29.12252,222.8714
25.51428,2.497649,-6.512765,46.69987,0.2082511,2.960168,0.1861633,-0.05131333,0.01282379,0.0302757,0.9981413,0.06207526,2.940314,0.1847042,0.05124454,-0.1988931,0.9786806,17,5.7,-10.09516,87.48455,18,-5.7,-28.56015,218.8699
25.55542,3.558482,-7.100597,50.88251,0.7820916,2.96254,0.1875392,-0.05393159,0.01100567,0.03434176,0.9978933,0.6747911,2.954413,0.1856576,0.0557076,-0.1942444,0.9793701,17,5.7,-9.552235,83.62141,18,-5.7,-28.01722,215.0067
25.59692,4.169583,-7.475985,53.55357,1.348217,2.962794,0.1892625,-0.05251841,0.009186327,0.03811134,0.9978502,1.22911,2.958642,0.1865813,0.05399624,-0.1916123,0.9799842,17,5.7,-9.002501,79.70985,18,-5.7,-27.46749,211.0952
25.63892,4.323818,-6.633757,47.5608,1.900422,2.963495,0.1925786,-0.05824848,0.006359905,0.04033681,0.9974666,1.77061,2.960828,0.1874956,0.05274943,-0.1982248,0.9787361,17,5.7,-8.448286,75.7664,18,-5.7,-26.91327,207.1517
25.68127,4.349855,-5.845971,41.95541,2.443591,2.961209,0.1960116,-0.06032733,0.00268814,0.0434186,0.9972303,2.303586,2.96199,0.1889634,0.04788372,-0.2061108,0.9773564,17,5.7,-7.887797,71.77832,18,-5.7,-26.35279,203.1637
25.72229,4.500675,-6.033099,43.2869,2.969696,2.959436,0.2006566,-0.0590192,0.001361698,0.04292133,0.9973328,2.869613,2.961538,0.1938962,0.03702586,-0.2041827,0.9782323,17,5.7,-7.34485,67.91505,18,-5.7,-25.80984,199.3004
25.76392,4.946267,-6.139228,44.04205,3.475976,2.955233,0.2054571,-0.05496558,-0.001221448,0.04685475,0.9973875,3.367382,2.960416,0.1970493,0.0352373,-0.2030846,0.9785269,17,5.7,-6.795835,64.00861,18,-5.7,-25.26082,195.394
25.80579,5.228765,-5.77288,41.43535,3.948165,2.951329,0.210488,-0.05278435,-0.005622536,0.05018979,0.997328,3.833726,2.958018,0.2005272,0.03307961,-0.2070302,0.9777752,17,5.7,-6.2416,60.06502,18,-5.7,-24.70659,191.4504
25.84827,5.335572,-5.641647,40.50158,4.391019,2.946253,0.2149966,-0.04881793,-0.01461458,0.05476981,0.9971979,4.272395,2.955303,0.2042605,0.02579404,-0.2085735,0.9776665,17,5.7,-5.679688,56.06681,18,-5.7,-24.14468,187.4521
25.88928,5.120258,-6.198087,44.46086,4.805604,2.940697,0.2193031,-0.04842464,-0.02258223,0.05703988,0.9969411,4.724735,2.948683,0.2119427,0.008753148,-0.2024243,0.9792588,17,5.7,-5.137271,52.20731,18,-5.7,-23.60226,183.5927
25.93103,5.355669,-6.599107,47.31426,5.192027,2.933942,0.2228664,-0.04754014,-0.02917105,0.05696763,0.9968168,5.10706,2.944634,0.215533,0.005173199,-0.1985938,0.9800682,17,5.7,-4.586347,48.28728,18,-5.7,-23.05133,179.6726
25.9729,5.511464,-6.407794,45.953,5.542302,2.926852,0.2253811,-0.0470982,-0.03422087,0.05941676,0.9965342,5.455215,2.940008,0.2188342,0.001204974,-0.2002539,0.9797433,17,5.7,-4.032406,44.34579,18,-5.7,-22.49739,175.7311
26.01477,5.516677,-6.200027,44.47466,5.861395,2.920499,0.2281104,-0.05092473,-0.03767163,0.06049562,0.9961566,5.773071,2.934939,0.2215879,-0.005674136,-0.20216,0.9793361,17,5.7,-3.479205,40.40956,18,-5.7,-21.94419,171.7949
26.05591,5.865356,-6.236118,44.73146,6.140882,2.912768,0.230829,-0.05814161,-0.03972799,0.0598562,0.9957201,6.084109,2.924078,0.2263404,-0.0048143,-0.2015952,0.9794571,17,5.7,-2.933872,36.52932,18,-5.7,-21.39886,167.9147
26.09766,5.913559,-7.030343,50.38267,6.376884,2.905048,0.2328594,-0.059998,-0.04274482,0.06150542,0.9953845,6.321478,2.918416,0.2286079,-0.007977644,-0.1945667,0.9808568,17,5.7,-2.382949,32.60929,18,-5.7,-20.84794,163.9946
26.13965,5.908325,-7.012893,50.25851,6.571436,2.897161,0.2340823,-0.06139591,-0.04420456,0.06225463,0.9951889,6.519029,2.912393,0.230749,-0.01197311,-0.1945888,0.9808118,17,5.7,-1.826827,28.65228,18,-5.7,-20.29182,160.0376
26.18188,5.950462,-6.280989,45.05074,6.716287,2.890569,0.2347469,-0.06320781,-0.04409446,0.06120183,0.9951456,6.669724,2.906299,0.232365,-0.01571955,-0.2007888,0.9795084,17,5.7,-1.269753,24.68849,18,-5.7,-19.73474,156.0738
26.22339,5.546362,-6.506945,46.6585,6.806969,2.883342,0.2348842,-0.06554544,-0.04578827,0.06368095,0.9947623,6.784652,2.894335,0.2345039,-0.02613393,-0.1984123,0.9797702,17,5.7,-0.7198259,20.77556,18,-5.7,-19.18481,152.1609
26.26526,5.440187,-6.876119,49.28531,6.846301,2.876394,0.2342774,-0.06695442,-0.04634687,0.0648091,0.9945697,6.831532,2.888698,0.2349944,-0.02780902,-0.1951706,0.9803749,17,5.7,-0.1673471,16.84447,18,-5.7,-18.63234,148.2298
26.30725,5.441982,-6.80524,48.78098,6.830131,2.869466,0.2332931,-0.06831113,-0.0463714,0.06411375,0.9945214,6.825383,2.883177,0.2349792,-0.02793475,-0.195636,0.9802787,17,5.7,0.3878029,12.89437,18,-5.7,-18.07719,144.2797
26.34851,5.373009,-6.741059,48.32432,6.761877,2.862774,0.2321586,-0.06878958,-0.04711928,0.06385764,0.9944698,6.769206,2.877618,0.2346835,-0.02845783,-0.1960514,0.9801806,17,5.7,0.9335457,9.01121,18,-5.7,-17.53144,140.3965
26.39038,5.055637,-7.687681,55.05988,6.625621,2.857451,0.2303185,-0.0704097,-0.04718006,0.05993442,0.9945977,6.645737,2.866731,0.2335114,-0.02846805,-0.1889587,0.9815723,17,5.7,1.487429,5.070129,18,-5.7,-16.97756,136.4554
26.43225,4.739745,-7.964305,57.02817,6.434159,2.85244,0.2275931,-0.06877846,-0.04634026,0.05976826,0.9947612,6.46807,2.861779,0.2322499,-0.02987893,-0.1871589,0.9818752,17,5.7,2.040873,1.132169,18,-5.7,-16.42412,132.5175
26.47388,4.151946,-8.269979,59.20315,6.189634,2.852482,0.226367,-0.0680187,-0.04561073,0.06118551,0.994761,6.239153,2.857049,0.2306867,-0.03475825,-0.1852982,0.9820675,18,-5.7,-15.87424,128.6049,19,0.7,-33.96678,257.34
26.51526,0.3297148,-8.018987,57.41725,5.880616,2.856794,0.2257399,-0.0701411,-0.04445809,0.05860916,0.994821,5.94919,2.85303,0.2291105,-0.09608732,-0.1859004,0.977859,18,-5.7,-15.32671,124.7091,19,0.7,-33.41926,253.4442
26.5564,-1.237262,-9.011047,64.47626,5.524119,2.86274,0.2234119,-0.06135713,-0.04497114,0.05919553,0.9953436,5.588216,2.853307,0.2265865,-0.103902,-0.1806072,0.9780518,18,-5.7,-14.78239,120.836,19,0.7,-32.87494,249.5711
26.59851,-0.6930233,-7.793944,55.81612,5.126683,2.869843,0.2195032,-0.05124801,-0.04514839,0.05730997,0.9960175,5.207183,2.856506,0.2255523,-0.1036792,-0.187151,0.9768445,18,-5.7,-14.22627,116.879,19,0.7,-32.31882,245.6141
26.64063,-0.1574478,-6.269559,44.96943,4.689739,2.880173,0.2145154,-0.05494583,-0.04305822,0.05296528,0.9961535,4.787454,2.860921,0.2236381,-0.1076505,-0.1987706,0.9741158,18,-5.7,-13.66888,112.913,19,0.7,-31.76143,241.6481
26.6825,-0.8283921,-6.771409,48.54041,4.219713,2.889389,0.2084374,-0.06326514,-0.04185259,0.04745276,0.995989,4.335252,2.866681,0.2208288,-0.1042291,-0.1945466,0.9753399,18,-5.7,-13.11601,108.979,19,0.7,-31.20855,237.7142
26.72424,-2.641293,-8.053205,57.66087,3.723495,2.898834,0.2034275,-0.07184386,-0.04232165,0.04252817,0.9956098,3.818066,2.881059,0.2132821,-0.1097885,-0.1858476,0.9764257,18,-5.7,-12.56246,105.0404,19,0.7,-30.65501,233.7755
26.76611,-4.725711,-9.885075,70.6953,3.192224,2.906636,0.1990588,-0.07619329,-0.0412392,0.03216846,0.9957204,3.303577,2.888712,0.208829,-0.1113892,-0.177209,0.9778494,18,-5.7,-12.00911,101.103,19,0.7,-30.10165,229.8382
26.80811,-0.7343081,-8.304393,59.44816,2.636707,2.912812,0.1949145,-0.07517464,-0.03957438,0.02825542,0.9959841,2.765448,2.895956,0.2046436,-0.0579483,-0.1854533,0.980943,18,-5.7,-11.45383,97.15202,19,0.7,-29.54637,225.8871
26.84998,-1.085599,-9.41467,67.3482,2.062934,2.919222,0.1907078,-0.07193301,-0.03828723,0.02629755,0.9963274,2.208978,2.902499,0.2008886,-0.04820359,-0.1802149,0.9824454,18,-5.7,-10.90149,93.22192,19,0.7,-28.99403,221.957
26.89172,-1.319175,-8.506996,60.88976,1.475162,2.926004,0.1865915,-0.0705807,-0.037056,0.02605073,0.9964771,1.588675,2.913495,0.1938988,-0.04703023,-0.1847098,0.9816672,18,-5.7,-10.34887,89.28983,19,0.7,-28.44141,218.025
26.93359,-1.745,-8.258739,59.12333,0.8787147,2.931414,0.1821346,-0.06954128,-0.03715238,0.02175505,0.9966497,1.007427,2.918738,0.1906521,-0.04583831,-0.1861473,0.981452,18,-5.7,-9.795519,85.35255,19,0.7,-27.88806,214.0877
26.97559,-2.027386,-7.998397,57.27089,0.2835409,2.935455,0.1773888,-0.06654102,-0.03634021,0.01660837,0.9969834,0.4264063,2.923782,0.1870825,-0.04218233,-0.1877596,0.9813088,18,-5.7,-9.240481,81.40326,19,0.7,-27.33302,210.1384
27.01733,-2.342086,-7.822497,56.0193,-0.3073321,2.938878,0.1728013,-0.06521565,-0.03436935,0.01302974,0.9971941,-0.1514933,2.92827,0.1836969,-0.0384967,-0.1889302,0.9812356,18,-5.7,-8.688388,77.47491,19,0.7,-26.78093,206.21
27.05896,-3.179674,-8.591345,61.48987,-0.8930153,2.939428,0.1680302,-0.06405658,-0.02959814,0.006137376,0.9974884,-0.7776457,2.935053,0.1761531,-0.03847309,-0.1846174,0.9820572,18,-5.7,-8.138497,73.56224,19,0.7,-26.23104,202.2974
27.10083,-3.760315,-8.732903,62.4971,-1.471341,2.938358,0.1634252,-0.06279929,-0.02591455,0.004120974,0.9976812,-1.344102,2.936958,0.1724998,-0.03807831,-0.1839112,0.982205,18,-5.7,-7.583776,69.6152,19,0.7,-25.67632,198.3503
27.1427,-4.015729,-7.909548,56.63863,-2.038095,2.935307,0.1595398,-0.06273693,-0.02319843,0.0006637778,0.9977603,-1.899845,2.93775,0.168766,-0.03677162,-0.1885137,0.981382,18,-5.7,-7.030851,65.68093,19,0.7,-25.12339,194.4161
27.1842,-7.896645,-8.976054,64.22723,-2.590795,2.930257,0.1558032,-0.06674599,-0.01989135,-0.000359131,0.9975716,-2.493352,2.935694,0.1618208,-0.08263555,-0.182173,0.9797879,18,-5.7,-6.48162,61.77295,19,0.7,-24.57416,190.5081
27.22571,-9.043992,-9.739324,69.65817,-3.112751,2.925391,0.1541946,-0.07150795,-0.01939216,0.002209576,0.9972491,-3.007035,2.932902,0.1587546,-0.08514415,-0.1787269,0.9802077,18,-5.7,-5.932532,57.86599,19,0.7,-24.02508,186.6011
27.2677,-10.18974,-11.20339,80.07555,-3.613313,2.917536,0.1533496,-0.07750954,-0.01616242,-0.001687852,0.9968592,-3.500401,2.929213,0.1563045,-0.0821438,-0.1735458,0.9813941,18,-5.7,-5.378754,53.92565,19,0.7,-23.4713,182.6608
27.30957,-10.93249,-12.36509,88.34152,-4.078819,2.907094,0.1520101,-0.06842533,-0.01526579,-0.003363438,0.9975337,-3.961,2.924852,0.1547502,-0.07765631,-0.1703168,0.9823246,18,-5.7,-4.824317,49.98063,19,0.7,-22.91686,178.7158
27.35132,-7.676986,-7.263397,52.04104,-4.513096,2.897235,0.1506889,-0.05930661,-0.01375166,-0.01035975,0.9980913,-4.434382,2.91206,0.1528239,-0.06120904,-0.1920773,0.9794692,18,-5.7,-4.272695,46.05563,19,0.7,-22.36524,174.7908
27.39258,-5.377882,-6.114532,43.86644,-4.908385,2.887247,0.1493863,-0.057096,-0.01129583,-0.01580163,0.9981798,-4.826102,2.904222,0.1518863,-0.01236099,-0.2020394,0.9792994,18,-5.7,-3.726121,42.16655,19,0.7,-21.81866,170.9017
27.43469,-5.580346,-5.641298,40.4992,-5.264484,2.877746,0.1486342,-0.05956166,-0.006418765,-0.01654562,0.9980669,-5.180778,2.896219,0.1508359,-0.009687944,-0.2070019,0.9782926,18,-5.7,-3.170902,38.21597,19,0.7,-21.26344,166.9511
27.47656,-5.621441,-5.880082,42.19823,-5.57364,2.867581,0.1485309,-0.06208282,-0.002521246,-0.0171969,0.9979196,-5.491035,2.88818,0.1498665,-0.003035966,-0.204136,0.9789379,18,-5.7,-2.616292,34.26971,19,0.7,-20.70884,163.0049
27.51831,-5.204653,-5.661245,40.64113,-5.834268,2.857443,0.1489366,-0.06012095,0.003289342,-0.02182724,0.997947,-5.784618,2.872638,0.1489062,0.01401366,-0.2062032,0.9784088,18,-5.7,-2.064909,30.34641,19,0.7,-20.15745,159.0816
27.55945,-5.181296,-5.568296,39.97977,-6.045722,2.847799,0.1501319,-0.06027538,0.007122606,-0.02261117,0.9979002,-5.998534,2.864546,0.1489006,0.02006877,-0.2070834,0.9781175,18,-5.7,-1.521397,26.47913,19,0.7,-19.61394,155.2143
27.6012,-5.502951,-5.361676,38.50958,-6.205754,2.838038,0.152118,-0.06054417,0.01195961,-0.02393214,0.997807,-6.163471,2.856657,0.1493996,0.01683449,-0.2094578,0.9776728,18,-5.7,-0.9689091,22.54798,19,0.7,-19.06145,151.2831
27.64319,-5.76802,-6.049838,43.40611,-6.306985,2.830442,0.1549135,-0.05707594,0.01420954,-0.02182339,0.9980302,-6.272529,2.848721,0.1503015,0.01142345,-0.2014866,0.9794246,18,-5.7,-0.4128082,18.59111,19,0.7,-18.50535,147.3263
27.68506,-5.616622,-5.240983,37.65081,-6.353543,2.824221,0.1578828,-0.05183225,0.01491499,-0.02374013,0.9982622,-6.34088,2.834347,0.153532,0.01887874,-0.2104935,0.9774129,18,-5.7,0.1398091,14.65904,19,0.7,-17.95273,143.3942
27.72668,-5.674671,-4.696666,33.77779,-6.345291,2.82069,0.1609465,-0.0466289,0.01439538,-0.02321449,0.9985387,-6.34117,2.828485,0.1556952,0.01934109,-0.2183711,0.9756741,18,-5.7,0.6903948,10.74142,19,0.7,-17.40215,139.4766
27.7688,-5.722579,-4.39584,31.63731,-6.27549,2.820055,0.1633518,-0.0412641,0.01289508,-0.0193685,0.9988773,-6.282836,2.824056,0.1580201,0.01734471,-0.2235159,0.974546,18,-5.7,1.246755,6.782709,19,0.7,-16.84579,135.5179
27.81091,-5.633355,-4.64642,33.42028,-6.144946,2.824664,0.1643487,-0.03487149,0.0116224,-0.01867379,0.9991497,-6.166392,2.820987,0.1603265,0.01563527,-0.2190363,0.9755914,18,-5.7,1.804639,2.813155,19,0.7,-16.2879,131.5483
27.85266,-4.96282,-6.18352,44.35735,-5.958101,2.830915,0.1638294,-0.03639533,0.009924591,-0.01466247,0.9991806,-5.986923,2.821468,0.1636058,0.02270064,-0.1996075,0.9796129,19,0.7,-15.73623,127.623,20,-5.7,-33.82877,256.358
27.89417,-4.74052,-6.052661,43.42624,-5.721508,2.84038,0.1645029,-0.04563431,0.01423156,-0.01477969,0.9987475,-5.763687,2.824991,0.1640447,0.02316143,-0.2009632,0.9793249,19,0.7,-15.18803,123.7223,20,-5.7,-33.28057,252.4573
27.93591,-4.114779,-6.641959,47.6193,-5.442495,2.851343,0.1664543,-0.05080003,0.01758054,-0.009992669,0.9985042,-5.498837,2.830496,0.1641926,0.02858972,-0.1956672,0.9802536,19,0.7,-14.63615,119.7955,20,-5.7,-32.72869,248.5305
27.97778,-3.290656,-7.485431,53.62092,-5.126719,2.862394,0.1680949,-0.04877491,0.01850158,-0.001949214,0.9986365,-5.197829,2.837535,0.1647633,0.03500869,-0.1894916,0.981258,19,0.7,-14.08191,115.8519,20,-5.7,-32.17445,244.5869
28.01953,-3.391944,-5.337546,38.33793,-4.772018,2.8763,0.1698831,-0.0435048,0.01628265,0.001808417,0.998919,-4.832606,2.854552,0.1668906,0.03687692,-0.2096947,0.9770713,19,0.7,-13.53044,111.9279,20,-5.7,-31.62298,240.6629
28.06128,-3.373863,-5.146464,36.97831,-4.381634,2.891173,0.1720602,-0.04503968,0.01429692,0.003797157,0.9988757,-4.456565,2.864302,0.1682509,0.02872869,-0.2125593,0.9767258,19,0.7,-12.97839,107.9999,20,-5.7,-31.07093,236.7349
28.10315,-3.033771,-5.097665,36.63109,-3.962163,2.905911,0.1727172,-0.04231749,0.01483846,0.007177277,0.9989682,-4.052152,2.875224,0.169989,0.02727576,-0.2135413,0.9765532,19,0.7,-12.42454,104.0591,20,-5.7,-30.51708,232.7941
28.14551,-2.654681,-4.807086,34.56351,-3.515596,2.920755,0.172623,-0.0450685,0.01554289,0.0121386,0.9987892,-3.621094,2.886772,0.171424,0.02741178,-0.2182319,0.9755118,19,0.7,-11.86439,100.0734,20,-5.7,-29.95693,228.8084
28.18665,-1.98968,-4.924464,35.3987,-3.052382,2.934526,0.1734235,-0.04963384,0.01745319,0.01793636,0.9984539,-3.134554,2.910458,0.1725407,0.03170949,-0.2170031,0.9756557,19,0.7,-11.32066,96.20456,20,-5.7,-29.4132,224.9395
28.22827,-1.274188,-5.426248,38.96907,-2.578124,2.946318,0.1745979,-0.0524066,0.01597694,0.02435046,0.9982011,-2.673223,2.921878,0.1730558,0.03523249,-0.2102343,0.977016,19,0.7,-10.76975,92.28462,20,-5.7,-28.86229,221.0196
28.2699,-0.6250473,-5.844151,41.94262,-2.094533,2.955582,0.1748331,-0.05424508,0.01337844,0.0293758,0.9980058,-2.202253,2.932608,0.1734715,0.03692789,-0.2054945,0.9779613,19,0.7,-10.22013,88.37388,20,-5.7,-28.31267,217.1089
28.31213,-0.1872233,-6.547299,46.94584,-1.610455,2.961838,0.1755971,-0.05343914,0.009591549,0.03307365,0.9979771,-1.729861,2.942246,0.1738073,0.0323066,-0.1987343,0.9795208,19,0.7,-9.662051,84.40295,20,-5.7,-27.75459,213.1379
28.35339,-0.04288734,-6.914706,49.56008,-1.1286,2.966024,0.1766139,-0.0542529,0.004986524,0.03732773,0.9978168,-1.216446,2.956416,0.1752679,0.02329628,-0.1959514,0.9803368,19,0.7,-9.115482,80.51392,20,-5.7,-27.20802,209.2489
28.39502,0.2037332,-6.587622,47.23276,-0.6510755,2.968731,0.1784517,-0.05732477,0.0006123483,0.03916638,0.9975869,-0.7489118,2.961213,0.1759719,0.01983631,-0.1988293,0.9798334,19,0.7,-8.565972,76.60395,20,-5.7,-26.65851,205.3389
28.43677,0.4325653,-6.920619,49.60215,-0.187346,2.968152,0.1809322,-0.06071042,-0.004833847,0.04168321,0.997273,-0.2940731,2.964591,0.1769612,0.01441478,-0.196099,0.9804782,19,0.7,-8.013183,72.67065,20,-5.7,-26.10572,201.4056
28.47913,0.6107295,-7.055861,50.56445,0.2656895,2.96557,0.1836359,-0.05870809,-0.008852392,0.04110008,0.9973895,0.1507346,2.966601,0.1782939,0.008953609,-0.1950831,0.9807459,19,0.7,-7.453704,68.68975,20,-5.7,-25.54624,197.4247
28.52039,0.8244888,-5.894392,42.30017,0.6973147,2.962937,0.1871494,-0.05742703,-0.01152292,0.03914528,0.9975154,0.616457,2.966142,0.1819795,0.004833377,-0.2058645,0.9785686,19,0.7,-6.908753,64.81223,20,-5.7,-25.00129,193.5472
28.56201,0.9861037,-5.770784,41.42066,1.107912,2.959207,0.1907633,-0.05559868,-0.01595229,0.04123201,0.9974739,1.021058,2.964397,0.1844341,-0.0008292667,-0.2072341,0.978291,19,0.7,-6.358233,60.89508,20,-5.7,-24.45077,189.6301
28.60388,0.9392245,-6.706934,48.08172,1.497761,2.954412,0.1945784,-0.05438256,-0.02105063,0.0478718,0.9971498,1.405804,2.961999,0.1871713,-0.009548726,-0.1978784,0.98018,19,0.7,-5.804572,56.95557,20,-5.7,-23.89711,185.6906
28.64636,0.9455995,-6.943233,49.76307,1.867507,2.949294,0.1987589,-0.05557906,-0.02418843,0.05064061,0.9968758,1.771023,2.959077,0.1902119,-0.01632597,-0.1958568,0.9804966,19,0.7,-5.242067,52.95314,20,-5.7,-23.3346,181.6881
28.68774,1.133402,-6.624495,47.49513,2.220206,2.942167,0.2014766,-0.05344049,-0.02528286,0.05261089,0.9968635,2.153621,2.951578,0.1962951,-0.02113601,-0.1983886,0.9798955,19,0.7,-4.695008,49.06062,20,-5.7,-22.78755,177.7956
28.72937,1.372761,-6.425471,46.079,2.543281,2.934303,0.2037971,-0.05353836,-0.02552012,0.05091987,0.9969401,2.473407,2.946667,0.1989948,-0.0234978,-0.2000866,0.9794964,19,0.7,-4.145726,45.15227,20,-5.7,-22.23826,173.8873
28.77136,0.1735821,-7.357576,52.71113,2.823184,2.927825,0.2057838,-0.05879293,-0.02638674,0.04713921,0.9968074,2.753088,2.941279,0.2013911,-0.04814997,-0.1922421,0.9801656,19,0.7,-3.590012,41.19816,20,-5.7,-21.68255,169.9332
28.81372,-0.4282981,-8.607709,61.60629,3.053166,2.920713,0.2080183,-0.06481294,-0.03005606,0.04136051,0.9965868,2.986388,2.935696,0.2033792,-0.0545723,-0.1844826,0.9813195,19,0.7,-3.029779,37.21189,20,-5.7,-21.12232,165.9469
28.85498,-2.939547,-11.59676,82.8745,3.232924,2.912207,0.2104177,-0.06677814,-0.0363816,0.04182067,0.996227,3.19497,2.924357,0.2070136,-0.07289367,-0.1725478,0.9823002,19,0.7,-2.484569,33.33253,20,-5.7,-20.57711,162.0675
28.89673,-3.282308,-11.6701,83.39631,3.369888,2.902547,0.2116834,-0.06434379,-0.04401739,0.04126317,0.9961023,3.336032,2.918201,0.2089171,-0.07812405,-0.1722028,0.9819586,19,0.7,-1.932668,29.40555,20,-5.7,-20.02521,158.1405
28.93848,-2.783213,-10.2355,73.1886,3.466616,2.893782,0.2126187,-0.06618743,-0.04959571,0.03795723,0.9958508,3.438159,2.911399,0.2103763,-0.08360542,-0.1766735,0.9807123,19,0.7,-1.38023,25.47475,20,-5.7,-19.47277,154.2097
28.98096,-2.290311,-9.279113,66.38358,3.514731,2.886005,0.2139136,-0.0727323,-0.05330341,0.03417484,0.9953396,3.493933,2.904211,0.2114699,-0.08565128,-0.1804068,0.9798557,19,0.7,-0.8191704,21.4826,20,-5.7,-18.91171,150.2176
29.02209,-2.422491,-8.779451,62.8283,3.512582,2.877053,0.2141477,-0.07289487,-0.05453245,0.03132825,0.9953548,3.508496,2.890437,0.2134098,-0.09271708,-0.1824314,0.9788373,19,0.7,-0.2755327,17.61442,20,-5.7,-18.36807,146.3494
29.0636,-1.149449,-7.830086,56.07322,3.461593,2.870848,0.2148712,-0.07192235,-0.05366023,0.03087702,0.995487,3.466437,2.883694,0.213976,-0.08088906,-0.1877489,0.9788806,19,0.7,0.2733763,13.70873,20,-5.7,-17.81916,142.4437
29.10547,-1.130807,-7.495262,53.69083,3.355364,2.864347,0.2152766,-0.07203816,-0.051047,0.0308801,0.995616,3.37177,2.877245,0.214515,-0.08237615,-0.1897685,0.978367,19,0.7,0.827198,9.768083,20,-5.7,-17.26534,138.5031
29.14783,-1.333843,-7.615236,54.54449,3.190472,2.859974,0.2145604,-0.06780273,-0.04540262,0.02768748,0.9962806,3.22135,2.871615,0.2151918,-0.08204699,-0.1888865,0.9785654,19,0.7,1.388093,5.777107,20,-5.7,-16.70444,134.5121
29.18884,-2.826584,-9.019469,64.53609,2.961645,2.859594,0.2137208,-0.06435606,-0.03843245,0.02417777,0.9968936,2.998773,2.8623,0.2151374,-0.08870909,-0.1809368,0.9794859,19,0.7,1.929724,1.923203,20,-5.7,-16.16281,130.6582
29.23035,-2.241769,-8.336109,59.67372,2.670424,2.863414,0.2134764,-0.0645626,-0.03032756,0.02175762,0.9972154,2.724188,2.859734,0.214769,-0.08180165,-0.1844234,0.9794369,20,-5.7,-15.61425,126.755,21,0.7,-33.70674,255.4896
29.27234,-3.271683,-9.636248,68.92469,2.311185,2.869336,0.2116408,-0.06121863,-0.02917472,0.0233572,0.9974245,2.384574,2.859469,0.2142676,-0.08072741,-0.1783418,0.9806514,20,-5.7,-15.05842,122.8,21,0.7,-33.15091,251.5347
29.3147,-3.32359,-9.6628,69.11362,1.906878,2.876911,0.2086286,-0.05556432,-0.0309279,0.02183547,0.9977371,2.000298,2.861706,0.2136651,-0.07580523,-0.1783327,0.9810458,20,-5.7,-14.49928,118.8215,21,0.7,-32.59177,247.5562
29.35583,-4.742135,-10.26108,73.37064,1.466881,2.886032,0.2049432,-0.05728968,-0.03062484,0.02356859,0.9976095,1.546546,2.870499,0.2109562,-0.08430498,-0.1760398,0.9807664,20,-5.7,-13.9555,114.9524,21,0.7,-32.04799,243.687
29.39734,-6.827471,-12.1158,86.5676,0.9979981,2.896317,0.2000657,-0.0601739,-0.02876779,0.02403253,0.9974838,1.093435,2.876868,0.2084585,-0.09000202,-0.1703555,0.9812638,20,-5.7,-13.40692,111.049,21,0.7,-31.49941,239.7837
29.43921,-7.632859,-12.70474,90.75821,0.5040995,2.906343,0.1949534,-0.06417681,-0.0248917,0.02111566,0.9974046,0.6155218,2.884194,0.2053195,-0.08940902,-0.1689777,0.9815562,20,-5.7,-12.85318,107.109,21,0.7,-30.94567,235.8436
29.48169,-7.65274,-11.75227,83.981,-0.01662923,2.916518,0.1898888,-0.06591873,-0.01963872,0.01527533,0.9975148,0.1116627,2.892103,0.201718,-0.09091459,-0.1714733,0.9809849,20,-5.7,-12.29045,103.1049,21,0.7,-30.38294,231.8396
29.52295,-9.707772,-15.57216,111.1609,-0.5569423,2.925981,0.1845568,-0.06461962,-0.01500165,0.01379951,0.9977018,-0.4563205,2.908247,0.1937467,-0.08196166,-0.1637241,0.9830955,20,-5.7,-11.74531,99.22605,21,0.7,-29.8378,227.9607
29.5647,-9.959551,-16.02695,114.3969,-1.110817,2.934714,0.179538,-0.06586465,-0.01162693,0.01415175,0.9976605,-0.9950752,2.916146,0.1895913,-0.07720388,-0.1631419,0.9835773,20,-5.7,-11.19411,95.30408,21,0.7,-29.2866,224.0387
29.60669,-8.518954,-13.21486,94.38789,-1.666599,2.9419,0.1743984,-0.0645488,-0.01006329,0.01313749,0.9977773,-1.536935,2.923478,0.1854095,-0.07285871,-0.1684067,0.9830213,20,-5.7,-10.63819,91.34844,21,0.7,-28.73067,220.0831
29.64868,-7.097037,-10.1594,72.64716,-2.224976,2.946905,0.1696042,-0.06727647,-0.007417947,0.009307927,0.9976634,-2.082001,2.930328,0.1812326,-0.06794588,-0.1773455,0.9818004,20,-5.7,-10.08369,87.40299,21,0.7,-28.17618,216.1377
29.69031,-7.709624,-11.18589,79.95097,-2.780475,2.949778,0.1651347,-0.0683817,-0.006202967,0.003923549,0.9976323,-2.674252,2.941757,0.1732639,-0.06203083,-0.1740387,0.9827831,20,-5.7,-9.53191,83.47688,21,0.7,-27.6244,212.2115
29.73206,-8.57556,-12.19563,87.13565,-3.326059,2.950075,0.1610455,-0.07080604,-0.004573226,0.002037603,0.9974776,-3.208542,2.945623,0.1695049,-0.06068715,-0.1712087,0.983364,20,-5.7,-8.980785,79.55543,21,0.7,-27.07327,208.2901
29.77393,-5.855922,-13.65946,97.55139,-3.867245,2.947023,0.1568604,-0.06862525,-0.001132458,-0.003749597,0.9976348,-3.738744,2.947996,0.1660422,-0.02142588,-0.168068,0.9855425,20,-5.7,-8.426725,75.61309,21,0.7,-26.51921,204.3478
29.81531,-5.432837,-9.345004,66.85241,-4.394258,2.943624,0.1535911,-0.0721961,0.003543466,-0.004625607,0.9973735,-4.255951,2.948509,0.162639,-0.01735212,-0.1812571,0.9832826,20,-5.7,-7.879503,71.7194,21,0.7,-25.97199,200.4541
29.85693,-6.683434,-10.62531,75.96227,-4.907113,2.938223,0.1512321,-0.07679815,0.007063359,-0.003946183,0.9970139,-4.807475,2.945018,0.1562442,-0.02435237,-0.1761604,0.9840602,20,-5.7,-7.329244,67.80411,21,0.7,-25.42173,196.5388
29.89868,-6.992625,-12.34714,88.21369,-5.398534,2.930777,0.1502279,-0.08222734,0.01096731,-0.00307036,0.9965485,-5.290777,2.941868,0.1538204,-0.01903769,-0.1710304,0.9850818,20,-5.7,-6.776911,63.87405,21,0.7,-24.8694,192.6087
29.94055,-6.799253,-12.29359,87.83282,-5.860501,2.921918,0.1494903,-0.08060591,0.01486784,-0.003661366,0.9966285,-5.746749,2.937567,0.1520493,-0.01182586,-0.1711365,0.9851764,20,-5.7,-6.223366,59.93538,21,0.7,-24.31586,188.67
29.98206,-6.23147,-10.07592,72.05312,-6.292167,2.911643,0.1482652,-0.07192623,0.01736492,-0.007264115,0.9972324,-6.174481,2.932148,0.1509936,-0.0007798931,-0.1780235,0.9840259,20,-5.7,-5.675285,56.03558,21,0.7,-23.76777,184.7702
30.02405,-6.105263,-8.290008,59.34573,-6.690158,2.901749,0.1471327,-0.06765796,0.02055147,-0.01446474,0.9973921,-6.610146,2.917931,0.149267,0.008379804,-0.1860231,0.9825096,20,-5.7,-5.120689,52.08942,21,0.7,-23.21318,180.8241
30.06592,-6.558303,-8.838769,63.25037,-7.047777,2.891443,0.1462656,-0.06760065,0.02354282,-0.0141958,0.9973336,-6.965841,2.910189,0.1484759,0.006349192,-0.1830408,0.9830848,20,-5.7,-4.566755,48.14798,21,0.7,-22.65924,176.8827
30.10779,-7.358818,-9.131575,65.33379,-7.362433,2.880658,0.1456804,-0.07187757,0.02546579,-0.01428973,0.9969859,-7.280842,2.90224,0.1476947,-0.001176284,-0.1815395,0.9833829,20,-5.7,-4.012842,44.20668,21,0.7,-22.10533,172.9414
30.14941,-7.370608,-9.072435,64.91299,-7.61961,2.868582,0.1453038,-0.07402815,0.0273487,-0.013299,0.9967924,-7.541955,2.893955,0.1468846,0.002601615,-0.1816874,0.9833529,20,-5.7,-3.463119,40.29519,21,0.7,-21.55561,169.0299
30.19104,-6.828835,-7.788092,55.77441,-7.822693,2.857099,0.1457601,-0.07564407,0.02989355,-0.01694784,0.9965426,-7.778017,2.876618,0.1457906,0.01675535,-0.1882574,0.9819767,20,-5.7,-2.911608,36.37099,21,0.7,-21.0041,165.1057
30.23291,-6.570055,-8.039199,57.56113,-7.960566,2.84586,0.1470474,-0.07736588,0.03199556,-0.01849137,0.9963177,-7.922628,2.867323,0.1456995,0.02313763,-0.1865709,0.982169,20,-5.7,-2.358042,32.43216,21,0.7,-20.45053,161.1669
30.2749,-6.431696,-8.381338,59.99568,-8.036415,2.835905,0.1489152,-0.07760676,0.03340888,-0.02218564,0.9961772,-8.007993,2.85797,0.1460609,0.02587651,-0.1845044,0.982491,20,-5.7,-1.804131,28.49089,21,0.7,-19.89662,157.2256
30.31653,-6.438427,-8.875462,63.51156,-8.042591,2.827767,0.150857,-0.07520439,0.03521928,-0.02314009,0.9962773,-8.027228,2.848962,0.1469886,0.02464799,-0.1818876,0.9830104,20,-5.7,-1.253231,24.57103,21,0.7,-19.34572,153.3057
30.35803,-6.618094,-7.972222,57.08467,-7.991872,2.822152,0.1532786,-0.07530795,0.03723046,-0.02784979,0.9960759,-7.995959,2.83329,0.1497213,0.02376959,-0.186406,0.9821852,20,-5.7,-0.7048809,20.66931,21,0.7,-18.79737,149.404
30.3999,-6.493579,-7.826607,56.04857,-7.884996,2.817927,0.1555476,-0.07466406,0.03554496,-0.0302081,0.9961172,-7.900927,2.827139,0.1513114,0.02472467,-0.1871676,0.9820168,20,-5.7,-0.1511048,16.72899,21,0.7,-18.24359,145.4637
30.44153,-6.43833,-8.019751,57.42286,-7.725923,2.814324,0.1570714,-0.06860039,0.03287039,-0.03180169,0.9965954,-7.755336,2.822524,0.1533513,0.02258954,-0.1859685,0.982296,20,-5.7,0.4002427,12.80595,21,0.7,-17.69225,141.5406
30.4834,-6.225565,-8.863868,63.42907,-7.508036,2.81285,0.1577609,-0.06538448,0.03007424,-0.03160558,0.996906,-7.553531,2.818709,0.1551955,0.02063439,-0.1815276,0.9831694,20,-5.7,0.9529232,8.873425,21,0.7,-17.13956,137.6081
30.52515,-6.454011,-7.253702,51.97214,-7.225027,2.818164,0.1600179,-0.07042873,0.03324795,-0.03104245,0.9964792,-7.274021,2.8133,0.1573551,0.01553345,-0.1906989,0.9815257,20,-5.7,1.505185,4.943878,21,0.7,-16.5873,133.6786
30.56702,-5.661284,-10.44417,74.67354,-6.890192,2.825581,0.1628319,-0.07322008,0.03563747,-0.02588278,0.9963428,-6.956169,2.813485,0.1581711,0.01710626,-0.175142,0.9843946,20,-5.7,2.058242,1.008677,21,0.7,-16.03425,129.7434
30.60901,-4.768071,-11.65118,83.26173,-6.511665,2.836772,0.1660053,-0.06578176,0.03763163,-0.02226733,0.9968755,-6.595244,2.816705,0.1598191,0.02165626,-0.1714779,0.9849499,21,0.7,-15.47853,125.7892,22,-5.7,-33.57106,254.5243
30.65076,-5.032034,-6.000264,43.05347,-6.098766,2.849772,0.1683285,-0.0598543,0.03657913,-0.0177678,0.9973785,-6.168195,2.829558,0.1641978,0.02593771,-0.201578,0.979129,21,0.7,-14.92629,121.8598,22,-5.7,-33.01882,250.5949
30.69202,-4.566405,-7.468694,53.5019,-5.654461,2.865205,0.1700335,-0.05836197,0.03485539,-0.0113594,0.9976221,-5.738722,2.838624,0.1662195,0.02157569,-0.1896989,0.9816052,21,0.7,-14.38177,117.9854,22,-5.7,-32.4743,246.7205
30.73413,-4.485099,-9.152245,65.4809,-5.193794,2.882004,0.1711726,-0.06012972,0.03256261,-0.005372122,0.9976449,-5.292349,2.849458,0.1681874,0.01215536,-0.1807182,0.9834598,21,0.7,-13.82382,114.0154,22,-5.7,-31.91635,242.7505
30.77588,-4.241256,-9.788435,70.00763,-4.709117,2.898855,0.171992,-0.06602036,0.02854058,0.003887748,0.9974024,-4.822639,2.86156,0.1697191,0.00819121,-0.1782274,0.9839553,21,0.7,-13.27174,110.0871,22,-5.7,-31.36427,238.8222
30.81775,-3.714693,-11.86499,84.7831,-4.212597,2.915643,0.1741387,-0.07050506,0.0243462,0.01047591,0.9971593,-4.340477,2.874579,0.1703569,0.007285965,-0.1716114,0.9851378,21,0.7,-12.71945,106.1574,22,-5.7,-30.81199,234.8925
30.85925,-3.477714,-9.828653,70.2938,-3.702572,2.930434,0.1762594,-0.07018542,0.02102864,0.01538989,0.9971936,-3.802157,2.901395,0.1727697,0.004552463,-0.1786224,0.9839072,21,0.7,-12.17016,102.249,22,-5.7,-30.2627,230.9841
30.90112,-2.593468,-9.605216,68.70396,-3.184454,2.943799,0.1773357,-0.06792118,0.01867172,0.02001731,0.9973151,-3.297378,2.914298,0.1741689,0.01010386,-0.1797037,0.9836689,21,0.7,-11.6164,98.30875,22,-5.7,-29.70893,227.0439
30.94336,-2.032479,-9.627357,68.8615,-2.671213,2.954515,0.1794294,-0.06719462,0.01598677,0.02441802,0.997313,-2.795788,2.92644,0.1749994,0.01093121,-0.1797805,0.983646,21,0.7,-11.05803,94.33571,22,-5.7,-29.15056,223.0708
30.98486,-1.153721,-10.88717,77.82552,-2.161079,2.962164,0.1808439,-0.0677995,0.01151502,0.02888631,0.9972143,-2.251061,2.946918,0.1778995,0.01391186,-0.1753858,0.9844015,21,0.7,-10.50981,90.43494,22,-5.7,-28.60234,219.17
31.026,-0.8338841,-10.95792,78.32892,-1.66554,2.965668,0.1828686,-0.06840319,0.00439632,0.03263105,0.9971144,-1.765251,2.954621,0.1794657,0.01173248,-0.175257,0.9844528,21,0.7,-9.964986,86.55833,22,-5.7,-28.05752,215.2934
31.06812,-0.3723434,-11.21142,80.13258,-1.164327,2.966075,0.1852142,-0.07016191,-0.001954198,0.03587146,0.9968886,-1.274701,2.960209,0.1809641,0.01111238,-0.1745212,0.9845907,21,0.7,-9.408856,82.60126,22,-5.7,-27.50139,211.3364
31.11011,0.2311564,-10.46868,74.84773,-0.6801046,2.965162,0.1886754,-0.07188319,-0.007620364,0.03887962,0.9966259,-0.7995783,2.963564,0.1824812,0.01358538,-0.1770409,0.9841097,21,0.7,-8.853106,78.6469,22,-5.7,-26.94564,207.382
31.15198,-0.0157727,-9.839809,70.37309,-0.2051197,2.959635,0.1923782,-0.07389464,-0.01492145,0.04058581,0.9963281,-0.290095,2.96483,0.1869037,0.003845001,-0.1794745,0.9837551,21,0.7,-8.299604,74.70853,22,-5.7,-26.39214,203.4436
31.19348,-1.066141,-9.556651,68.35831,0.2505107,2.956999,0.1982778,-0.0771874,-0.02063227,0.03741405,0.9961008,0.1575203,2.962651,0.1896667,-0.01765247,-0.1806029,0.9833977,21,0.7,-7.750392,70.80069,22,-5.7,-25.84293,199.5358
31.23547,-1.828915,-10.26609,73.4062,0.6927962,2.949045,0.2039957,-0.07780841,-0.02417699,0.03945776,0.9958938,0.5923952,2.959743,0.1931897,-0.03252812,-0.1776772,0.9835511,21,0.7,-7.195681,66.85371,22,-5.7,-25.28822,195.5888
31.27759,-2.331152,-11.29118,80.70015,1.103925,2.940808,0.208964,-0.06922095,-0.02444351,0.04111316,0.9964541,0.998572,2.95601,0.1973811,-0.04069495,-0.1741252,0.9838822,21,0.7,-6.639668,62.89747,22,-5.7,-24.7322,191.6326
31.31921,-0.3163486,-7.233918,51.83131,1.479805,2.933169,0.2138186,-0.06444926,-0.02364093,0.04422146,0.9966604,1.409559,2.945103,0.2061657,-0.03278241,-0.1933434,0.9805834,21,0.7,-6.088379,58.97485,22,-5.7,-24.18091,187.7099
31.36084,-0.1290943,-6.30556,45.22569,1.808058,2.923441,0.2172379,-0.06270113,-0.02318144,0.0443291,0.9967779,1.736916,2.938694,0.2101423,-0.04057179,-0.2009935,0.978752,21,0.7,-5.538704,55.06371,22,-5.7,-23.63124,183.7988
31.40259,-0.6649715,-8.565815,61.30816,2.090594,2.914378,0.2211243,-0.06900555,-0.02507818,0.05035026,0.9960293,2.020537,2.931726,0.2137209,-0.04315811,-0.184774,0.9818329,21,0.7,-4.985681,51.12874,22,-5.7,-23.07821,179.8638
31.44458,-0.8545176,-8.533329,61.077,2.325255,2.903152,0.2253224,-0.07463388,-0.02769199,0.05134141,0.9955034,2.258875,2.924513,0.2168311,-0.05020989,-0.1847814,0.9814962,21,0.7,-4.431224,47.18358,22,-5.7,-22.52376,175.9187
31.48621,-2.110821,-10.83183,77.43169,2.518837,2.892416,0.230717,-0.07869522,-0.02934992,0.05655936,0.9948602,2.480307,2.909012,0.2229823,-0.05844388,-0.1749174,0.982847,21,0.7,-3.880558,43.26538,22,-5.7,-21.97309,172.0005
31.52795,-2.240881,-11.2797,80.61846,2.667333,2.879832,0.2369201,-0.07722884,-0.02999428,0.059261,0.9947987,2.63236,2.900489,0.2267455,-0.05959103,-0.1733984,0.9830472,21,0.7,-3.328049,39.33408,22,-5.7,-21.42058,168.0692
31.5697,-1.878034,-11.64195,83.19596,2.764687,2.869266,0.2420958,-0.06933504,-0.03030407,0.06012206,0.9953189,2.735757,2.891179,0.2313182,-0.05469545,-0.1722869,0.9835272,21,0.7,-2.776508,35.40967,22,-5.7,-20.86904,164.1447
31.61169,-1.363107,-10.4327,74.59172,2.805996,2.862627,0.247449,-0.06576996,-0.03000492,0.06427778,0.9953102,2.786112,2.881804,0.235796,-0.05484579,-0.1759956,0.9828619,21,0.7,-2.221011,31.4571,22,-5.7,-20.31354,160.1922
31.65344,-1.707191,-9.311474,66.61379,2.800313,2.856246,0.2531456,-0.07375024,-0.02987167,0.06856749,0.9944683,2.797055,2.86637,0.2443621,-0.06660368,-0.1800722,0.981396,21,0.7,-1.669878,27.53558,22,-5.7,-19.76241,156.2707
31.69482,-2.144494,-10.26244,73.38029,2.743425,2.848392,0.2580327,-0.07381324,-0.03278214,0.0677565,0.9944276,2.749382,2.86053,0.2488188,-0.06572439,-0.1762406,0.9821504,21,0.7,-1.123264,23.64622,22,-5.7,-19.2158,152.3813
31.73645,-2.59278,-10.86224,77.64806,2.630263,2.841,0.2604656,-0.06542093,-0.03632271,0.06429571,0.9951216,2.648076,2.854761,0.2532148,-0.06652897,-0.1741277,0.9824731,21,0.7,-0.5723252,19.72609,22,-5.7,-18.66486,148.4612
31.77856,-2.343751,-9.958716,71.21917,2.46173,2.837342,0.2623934,-0.06143608,-0.03924087,0.06167988,0.9954303,2.493737,2.848993,0.2567683,-0.06693535,-0.1772178,0.9818929,21,0.7,-0.01539457,15.76332,22,-5.7,-18.10793,144.4984
31.82007,-1.88246,-7.506521,53.77088,2.238759,2.839106,0.2637935,-0.06452757,-0.03960707,0.05797171,0.995443,2.27469,2.839298,0.2614181,-0.07605641,-0.1892801,0.9789732,21,0.7,0.5333154,11.85905,22,-5.7,-17.55922,140.5941
31.86169,-2.394079,-7.650549,54.79571,1.964978,2.844919,0.2645175,-0.06208906,-0.03751606,0.05510131,0.995842,2.015191,2.837743,0.2628704,-0.079151,-0.1882758,0.9789215,21,0.7,1.083175,7.946596,22,-5.7,-17.00936,136.6817
31.90356,-2.162246,-7.821725,56.01368,1.648116,2.852817,0.2622471,-0.0529731,-0.03387186,0.05560045,0.9964713,1.713583,2.838976,0.2639596,-0.06812602,-0.1873848,0.9799213,21,0.7,1.63681,4.007278,22,-5.7,-16.45572,132.7424
31.94604,-2.608917,-8.181427,58.5731,1.288095,2.863396,0.2582617,-0.04569141,-0.02889058,0.05198743,0.9971836,1.370108,2.842778,0.2641543,-0.06690223,-0.185358,0.980391,21,0.7,2.198611,0.009854555,22,-5.7,-15.89392,128.7449
31.9873,-2.74506,-7.08919,50.80143,0.8822988,2.876585,0.2517483,-0.04758524,-0.02532315,0.04746272,0.9974176,0.952895,2.855661,0.2609072,-0.07160719,-0.1925721,0.9786667,22,-5.7,-15.3482,124.8619,23,5.7,-33.97013,257.3638
32.02881,-3.370144,-7.85945,56.28212,0.4424996,2.890284,0.2437911,-0.05168685,-0.02474132,0.04308598,0.9974267,0.5289873,2.864537,0.2570163,-0.06819601,-0.1875631,0.9798823,22,-5.7,-14.79938,120.9569,23,5.7,-33.42131,253.4588
32.07104,-4.787571,-9.974836,71.33388,-0.02526272,2.903744,0.2354818,-0.05615475,-0.02499875,0.03739396,0.9974084,0.07725769,2.874726,0.2518961,-0.0671959,-0.1774858,0.9818266,22,-5.7,-14.24118,116.9851,23,5.7,-32.86311,249.487
32.11353,-6.020939,-11.40197,81.48842,-0.5083066,2.916143,0.2272871,-0.05714778,-0.02316481,0.03133468,0.997605,-0.3905407,2.885453,0.2459527,-0.06809773,-0.1728015,0.9825998,22,-5.7,-13.679,112.985,23,5.7,-32.30093,245.4869
32.15466,-5.864964,-9.831451,70.31364,-1.008843,2.930395,0.2202616,-0.05838498,-0.02117211,0.02583417,0.9977353,-0.9178467,2.906736,0.233054,-0.0692869,-0.1784049,0.9815146,22,-5.7,-13.13557,109.1183,23,5.7,-31.7575,241.6201
32.19629,-6.59065,-10.42278,74.5211,-1.516082,2.940166,0.2132351,-0.06069221,-0.01649204,0.02143077,0.9977902,-1.412078,2.917439,0.2267619,-0.06844532,-0.176318,0.9819507,22,-5.7,-12.58475,105.199,23,5.7,-31.20668,237.7009
32.23816,-6.642674,-10.00775,71.56806,-2.032198,2.946629,0.2059128,-0.05780593,-0.009629041,0.01713215,0.9981344,-1.915127,2.927355,0.2209566,-0.06506022,-0.1780123,0.9818752,22,-5.7,-12.03186,101.265,23,5.7,-30.6538,233.7669
32.28076,-5.75256,-9.639848,68.95029,-2.555004,2.950563,0.1981489,-0.05471323,-0.004566044,0.01483836,0.9983814,-2.424733,2.935749,0.2152054,-0.04757079,-0.1797664,0.9825584,22,-5.7,-11.46751,97.24941,23,5.7,-30.08945,229.7513
32.32178,-4.920478,-8.961431,64.12309,-3.080378,2.952114,0.1909851,-0.05483852,-0.0006196796,0.01095885,0.9984349,-2.983278,2.946605,0.2033609,-0.0297809,-0.1830644,0.9826497,22,-5.7,-10.92642,93.39934,23,5.7,-29.54835,225.9012
32.36328,-5.675659,-9.293001,66.48235,-3.600619,2.950702,0.1845331,-0.05720641,0.004426032,0.005804786,0.9983357,-3.492066,2.949267,0.197558,-0.03237772,-0.1815251,0.9828532,22,-5.7,-10.37708,89.49059,23,5.7,-28.99902,221.9925
32.40527,-6.793587,-10.88179,77.78716,-4.112623,2.94816,0.1792366,-0.05990348,0.01180267,0.002257599,0.9981319,-3.99362,2.950152,0.1919254,-0.03550185,-0.1753806,0.9838604,22,-5.7,-9.822138,85.54195,23,5.7,-28.44407,218.0439
32.44788,-7.179766,-11.9494,85.38361,-4.618297,2.942927,0.1750799,-0.06112322,0.01666695,0.002156013,0.9979887,-4.489234,2.94983,0.1867577,-0.03109301,-0.1721824,0.9845743,22,-5.7,-9.258094,81.52857,23,5.7,-27.88003,214.0305
32.48889,-6.165347,-11.13394,79.58132,-5.104573,2.935882,0.1720519,-0.06380982,0.01871723,0.005407007,0.997772,-5.012371,2.945069,0.1783847,-0.01429607,-0.1745699,0.984541,22,-5.7,-8.715701,77.66925,23,5.7,-27.33763,210.1711
32.53064,-6.155512,-11.21688,80.17146,-5.571576,2.927366,0.1695181,-0.06381141,0.01994759,0.00177161,0.997761,-5.471752,2.940772,0.1751479,-0.008416276,-0.1742645,0.984663,22,-5.7,-8.164675,73.7485,23,5.7,-26.78661,206.2504
32.57251,-6.843746,-11.90319,85.05487,-6.017642,2.917742,0.1677229,-0.06204773,0.02085844,-0.003347929,0.9978496,-5.911371,2.935251,0.1725231,-0.01081957,-0.1721905,0.9850042,22,-5.7,-7.611439,69.81202,23,5.7,-26.23337,202.3139
32.61377,-7.129187,-10.87413,77.73264,-6.431697,2.908284,0.1664484,-0.05838202,0.02231357,-0.00808459,0.9980122,-6.321373,2.928862,0.1706307,-0.0102534,-0.1751987,0.9844797,22,-5.7,-7.065824,65.92977,23,5.7,-25.68776,198.4317
32.6554,-7.712153,-8.514517,60.94314,-6.81382,2.897983,0.1658476,-0.0597192,0.02417797,-0.0116402,0.9978545,-6.739367,2.913851,0.167596,-0.01572851,-0.1847804,0.982654,22,-5.7,-6.514318,62.0056,23,5.7,-25.13625,194.5075
32.69714,-7.803237,-8.370242,59.91657,-7.160319,2.886001,0.1653223,-0.05882613,0.02637437,-0.01139052,0.9978548,-7.083512,2.906081,0.1667938,-0.01183582,-0.185439,0.9825845,22,-5.7,-5.962647,58.08026,23,5.7,-24.58458,190.5822
32.73901,-7.62571,-7.90663,56.6178,-7.459581,2.872639,0.1639913,-0.05579246,0.02852085,-0.01308543,0.9979492,-7.383342,2.897845,0.1663784,-0.004216769,-0.1879805,0.9821637,22,-5.7,-5.409606,54.14516,23,5.7,-24.03154,186.6471
32.78162,-7.672443,-6.893573,49.40953,-7.710629,2.85973,0.1633966,-0.05676785,0.0313108,-0.01217765,0.997822,-7.637614,2.888338,0.1656253,-0.0006936793,-0.1948353,0.9808357,22,-5.7,-4.846862,50.14104,23,5.7,-23.46879,182.6429
32.82263,-7.218436,-7.657483,54.84502,-7.912103,2.845177,0.1622627,-0.06000392,0.03183827,-0.01606781,0.9975609,-7.869617,2.867905,0.1640601,0.01169331,-0.1890045,0.9819066,22,-5.7,-4.304339,46.28078,23,5.7,-22.92627,178.7827
32.86426,-7.070033,-7.875048,56.39308,-8.046189,2.834119,0.1609555,-0.05202416,0.03197357,-0.01742323,0.9979818,-8.010113,2.857255,0.1633736,0.01641995,-0.1874557,0.9821358,22,-5.7,-3.753228,42.35943,23,5.7,-22.37516,174.8613
32.90637,-7.463511,-7.11978,51.01907,-8.115328,2.82528,0.1605837,-0.05523968,0.03262228,-0.01772427,0.9977826,-8.088958,2.846417,0.1624582,0.01206783,-0.1922948,0.981263,22,-5.7,-3.197344,38.40411,23,5.7,-21.81927,170.906
32.94861,-7.183824,-6.752866,48.40834,-8.113719,2.819816,0.1611278,-0.06022415,0.03311431,-0.01624218,0.9975033,-8.100626,2.836983,0.1616362,0.01863457,-0.1949192,0.9806423,22,-5.7,-2.638822,34.43002,23,5.7,-21.26075,166.9319
32.98975,-6.952726,-7.375141,52.83611,-8.053657,2.813681,0.1611656,-0.0589451,0.0323087,-0.02092243,0.997519,-8.059332,2.823379,0.1611948,0.02062084,-0.1900421,0.9815594,22,-5.7,-2.093909,30.55275,23,5.7,-20.71584,163.0547
33.03162,-7.084261,-5.431462,39.00607,-7.930821,2.809296,0.1608644,-0.05483777,0.02943468,-0.02363145,0.9977816,-7.949245,2.818115,0.1612334,0.02177679,-0.2076903,0.9779522,22,-5.7,-1.540546,26.61537,23,5.7,-20.16248,159.1173
33.07312,-7.098612,-5.081704,36.5174,-7.751079,2.806009,0.1602366,-0.05341836,0.03146887,-0.0302479,0.9976178,-7.784231,2.813602,0.1613641,0.01842584,-0.2121836,0.9770561,22,-5.7,-0.9914804,22.70857,23,5.7,-19.61341,155.2105
33.11536,-7.000632,-5.017936,36.06371,-7.523617,2.805453,0.1593083,-0.05317913,0.03448138,-0.02844646,0.997584,-7.5725,2.809806,0.1613271,0.01556099,-0.2129982,0.9769287,22,-5.7,-0.4341241,18.74277,23,5.7,-19.05606,151.2447
33.15674,-6.087709,-6.255566,44.86992,-7.238261,2.809091,0.1597389,-0.05775875,0.03586701,-0.02459437,0.9973829,-7.287448,2.805244,0.1601646,0.02629025,-0.1985522,0.9797376,22,-5.7,0.1141087,14.84189,23,5.7,-18.50782,147.3438
33.19824,-5.456332,-7.002603,50.18536,-6.903278,2.817388,0.1620279,-0.06022814,0.03535437,-0.02282367,0.9972972,-6.968232,2.80582,0.1597694,0.02964485,-0.1923202,0.9808844,22,-5.7,0.6628187,10.93762,23,5.7,-17.95911,143.4395
33.24023,-5.181915,-8.998895,64.38972,-6.516874,2.828119,0.164954,-0.0552211,0.03207955,-0.02188616,0.9977188,-6.599627,2.808736,0.1602372,0.02170373,-0.1807627,0.9832872,22,-5.7,1.21746,6.99114,23,5.7,-17.40447,139.493
33.28198,-4.796633,-9.2215,65.97363,-6.085629,2.84126,0.1670735,-0.04649873,0.03022117,-0.015839,0.9983355,-6.1876,2.8142,0.1616497,0.02078619,-0.1798576,0.983473,22,-5.7,1.769821,3.060887,23,5.7,-16.85211,135.5628
33.32361,-4.481411,-6.491932,46.55175,-5.610971,2.85707,0.1677904,-0.04065513,0.03024966,-0.009003783,0.9986747,-5.697668,2.830648,0.1649871,0.02569746,-0.1969701,0.9800727,23,5.7,-16.3014,131.6443,24,-0.7,-34.39389,260.379
33.36548,-3.511644,-8.622587,61.71218,-5.105297,2.875835,0.1680736,-0.04449178,0.03252351,-0.002834411,0.9984762,-5.209374,2.841705,0.1666056,0.02710851,-0.183056,0.9827287,23,5.7,-15.74866,127.7113,24,-0.7,-33.84116,256.4461
33.40735,-2.693323,-10.93432,78.16104,-4.575511,2.894451,0.1677086,-0.05507057,0.03237155,0.002558276,0.9979544,-4.696694,2.854429,0.1675692,0.02528606,-0.1740382,0.9844142,23,5.7,-15.19572,123.7769,24,-0.7,-33.28822,252.5117
33.44897,-1.030122,-12.92686,92.3387,-4.027924,2.911792,0.1682227,-0.06230666,0.02992117,0.008674857,0.9975707,-4.16563,2.868603,0.1674763,0.0335107,-0.1688137,0.9850782,23,5.7,-14.64502,119.8585,24,-0.7,-32.73752,248.5933
33.49109,-0.8466536,-6.078676,43.61128,-3.464954,2.926147,0.1694041,-0.06420123,0.02793351,0.01287865,0.9974629,-3.571832,2.897642,0.1679009,0.06131623,-0.2019662,0.9774712,23,5.7,-14.08836,115.8977,24,-0.7,-32.18086,244.6325
33.53296,-0.06479646,-6.535837,46.8642,-2.88407,2.938667,0.1700128,-0.06442594,0.02553427,0.01891402,0.9974164,-3.006721,2.910873,0.1684853,0.06163365,-0.1979097,0.9782806,23,5.7,-13.53488,111.9595,24,-0.7,-31.62738,240.6942
33.57483,0.4661391,-6.417398,46.02146,-2.294446,2.949057,0.1714279,-0.06370313,0.02523005,0.02520059,0.9973316,-2.432151,2.922711,0.1684468,0.06181793,-0.1992162,0.9780039,23,5.7,-12.98069,108.0162,24,-0.7,-31.07319,236.751
33.61646,1.107882,-6.263156,44.92397,-1.701201,2.957507,0.1731694,-0.06462312,0.02368235,0.03246262,0.9971004,-1.85402,2.933137,0.1694851,0.06469087,-0.2008561,0.9774824,23,5.7,-12.43061,104.1022,24,-0.7,-30.52311,232.837
33.65771,1.746425,-6.136693,44.02415,-1.107731,2.962881,0.1753136,-0.06703753,0.02150735,0.03636242,0.9968557,-1.222428,2.949969,0.1718818,0.0661478,-0.2024563,0.9770547,23,5.7,-11.88489,100.2192,24,-0.7,-29.97739,228.9539
33.69971,1.777301,-5.998168,43.03849,-0.5161582,2.966874,0.177441,-0.06646189,0.01727548,0.04089127,0.9968011,-0.6441233,2.956176,0.1734143,0.05521148,-0.2041702,0.9773772,23,5.7,-11.33014,96.27193,24,-0.7,-29.42264,225.0067
33.7417,2.300156,-6.120383,43.9081,0.0698574,2.968925,0.1807088,-0.07051288,0.0135406,0.04187341,0.9965396,-0.07066709,2.960828,0.1749301,0.0530042,-0.2030276,0.9777374,23,5.7,-10.7739,92.31406,24,-0.7,-28.8664,221.0488
33.78333,2.807384,-6.072769,43.56931,0.6567085,2.967803,0.1828998,-0.07008055,0.01073,0.0400962,0.9966774,0.5033876,2.964316,0.1768564,0.05191125,-0.2036143,0.977674,23,5.7,-10.22342,88.39719,24,-0.7,-28.31592,217.132
33.8252,3.375974,-6.476447,46.44163,1.224651,2.96728,0.1861359,-0.07137991,0.01164171,0.03853717,0.9966365,1.112771,2.967495,0.1808614,0.0478791,-0.199791,0.9786681,23,5.7,-9.671112,84.46735,24,-0.7,-27.76361,213.2021
33.86682,3.854876,-6.584558,47.21087,1.775749,2.965709,0.1902474,-0.07358093,0.01243299,0.04094005,0.996371,1.653848,2.967263,0.1831788,0.0458181,-0.1988373,0.9789609,23,5.7,-9.119571,80.54293,24,-0.7,-27.21207,209.2777
33.90869,4.103532,-6.851433,49.10978,2.312918,2.962505,0.194822,-0.07258309,0.01150963,0.04672828,0.9962006,2.181612,2.966493,0.1858824,0.03848742,-0.196609,0.9797263,23,5.7,-8.566125,76.60496,24,-0.7,-26.65862,205.3397
33.95044,4.62087,-7.046021,50.49435,2.824591,2.958661,0.1997443,-0.07210152,0.009968043,0.047037,0.9962378,2.685855,2.965047,0.1889923,0.03769875,-0.1950399,0.9800705,23,5.7,-8.014612,72.68074,24,-0.7,-26.10711,201.4155
33.99219,5.04012,-6.908656,49.51695,3.319416,2.955819,0.2050683,-0.07309695,0.006488889,0.05170887,0.9959624,3.220664,2.960617,0.1962544,0.03614954,-0.196086,0.9799201,23,5.7,-7.462005,68.74874,24,-0.7,-25.55451,197.4835
34.03381,4.917661,-6.928731,49.65969,3.784726,2.951561,0.209494,-0.07064149,0.002094209,0.05303556,0.9960887,3.67934,2.958377,0.2001476,0.02454388,-0.1959656,0.9803036,23,5.7,-6.912536,64.83907,24,-0.7,-25.00504,193.5738
34.07581,3.233117,-9.485257,67.85031,4.230383,2.946654,0.2142049,-0.06822304,-0.005224198,0.0538029,0.9962046,4.119152,2.955611,0.2041519,-0.01288098,-0.1808624,0.983424,23,5.7,-6.357139,60.88721,24,-0.7,-24.44964,189.622
34.11731,1.271295,-11.83172,84.54625,4.653219,2.941663,0.2195607,-0.07291558,-0.009844661,0.05047438,0.9960114,4.577809,2.948333,0.2120639,-0.03858992,-0.1724962,0.984254,23,5.7,-5.808308,56.98207,24,-0.7,-23.90081,185.7168
34.15833,0.6592008,-12.72402,90.89532,5.050426,2.936157,0.2247878,-0.07403355,-0.0116992,0.04920872,0.9959723,4.969756,2.944415,0.2159448,-0.04679079,-0.1700798,0.9843188,23,5.7,-5.265794,53.12189,24,-0.7,-23.3583,181.8567
34.2002,1.919945,-11.13056,79.55725,5.41756,2.929798,0.2299322,-0.07203661,-0.01100707,0.05152192,0.9960096,5.333244,2.940295,0.2201346,-0.0423237,-0.1744735,0.9837518,23,5.7,-4.713011,49.18864,24,-0.7,-22.80551,177.9234
34.24231,2.353342,-10.85303,77.58258,5.747613,2.92492,0.235468,-0.07043473,-0.009827673,0.05306642,0.9960554,5.661924,2.935894,0.2242246,-0.04206861,-0.1753261,0.9836112,23,5.7,-4.154827,45.21695,24,-0.7,-22.24733,173.9517
34.28394,3.069376,-9.366907,67.00821,6.03845,2.919658,0.2408403,-0.07041919,-0.01042658,0.05430184,0.9959838,5.984427,2.926937,0.232708,-0.04289346,-0.1808974,0.9825662,23,5.7,-3.605908,41.31118,24,-0.7,-21.69841,170.046
34.32556,3.302947,-9.023726,64.56635,6.290428,2.914644,0.245971,-0.06746471,-0.01088604,0.05558673,0.9961125,6.236534,2.922737,0.236896,-0.044791,-0.1824025,0.9822032,23,5.7,-3.054735,37.38939,24,-0.7,-21.14724,166.1242
34.36755,3.411018,-9.260288,66.2496,6.498531,2.909402,0.2509565,-0.06487364,-0.01324466,0.05522035,0.9962764,6.446739,2.918423,0.2412997,-0.04518047,-0.181255,0.9823977,23,5.7,-2.499968,33.44201,24,-0.7,-20.59247,162.1768
34.40967,3.323058,-9.134489,65.3545,6.674332,2.904008,0.255421,-0.0613233,-0.01543084,0.05485534,0.99649,6.62556,2.914374,0.2454125,-0.04981385,-0.1817411,0.9820839,23,5.7,-1.943481,29.48241,24,-0.7,-20.03598,158.2172
34.45154,2.398735,-9.661991,69.10787,6.807638,2.899272,0.2591002,-0.05799316,-0.01843017,0.05407416,0.9966811,6.781025,2.906096,0.2530718,-0.06248856,-0.1792126,0.9818239,23,5.7,-1.388958,25.53677,24,-0.7,-19.48146,154.2715
34.49316,2.672698,-8.705509,62.30215,6.900985,2.894088,0.2613868,-0.05482361,-0.01999784,0.05162144,0.9969603,6.878298,2.902053,0.2563084,-0.06647887,-0.1834833,0.9807724,23,5.7,-0.8386824,21.62136,24,-0.7,-18.93118,150.3561
34.53503,2.873404,-7.949301,56.92144,6.946396,2.889594,0.2623811,-0.05506743,-0.01990452,0.05096965,0.9969822,6.93016,2.89795,0.2589409,-0.07014497,-0.1875587,0.9797456,23,5.7,-0.2861224,17.68969,24,-0.7,-18.37862,146.4245
34.5769,3.081493,-7.939594,56.85237,6.94436,2.885372,0.261593,-0.05354652,-0.01923778,0.04986906,0.9971337,6.936785,2.894153,0.2608879,-0.06676063,-0.1876039,0.9799733,23,5.7,0.2683644,13.74431,24,-0.7,-17.82414,142.4791
34.61877,3.122835,-7.542101,54.02406,6.883753,2.882276,0.2587861,-0.05282239,-0.01887765,0.04816279,0.9972631,6.888227,2.890407,0.2620734,-0.0685937,-0.1900477,0.9793757,23,5.7,0.8212799,9.810112,24,-0.7,-17.27122,138.5449
34.66052,2.75336,-8.716112,62.37759,6.769578,2.880263,0.2539708,-0.05314373,-0.01802474,0.04519644,0.9974008,6.786834,2.883878,0.2608205,-0.06370066,-0.1831986,0.98101,23,5.7,1.373389,5.881648,24,-0.7,-16.71911,134.6164
34.70264,2.624934,-8.635174,61.80168,6.59459,2.881353,0.2488439,-0.05622175,-0.01849008,0.04359331,0.9972948,6.625586,2.881397,0.2583238,-0.06376627,-0.1835623,0.9809377,23,5.7,1.931078,1.913485,24,-0.7,-16.16142,130.6483
34.74426,2.130587,-8.942945,63.99158,6.366921,2.884426,0.2433409,-0.05833271,-0.01694274,0.04203297,0.9972681,6.413383,2.880074,0.2550169,-0.06592449,-0.1819901,0.981088,24,-0.7,-15.61103,126.732,25,5.7,-33.70357,255.4672
34.78589,0.7375652,-10.56435,75.52841,6.09069,2.88911,0.237304,-0.05872321,-0.01651734,0.04535619,0.9971067,6.136322,2.881804,0.2470018,-0.07042179,-0.1753926,0.9819766,24,-0.7,-15.06144,122.8215,25,5.7,-33.15398,251.5566
34.82715,0.5824639,-10.49345,75.02396,5.776105,2.894959,0.230832,-0.05767883,-0.01739463,0.0499104,0.9969351,5.835271,2.88457,0.2423867,-0.06897957,-0.1756794,0.9820278,24,-0.7,-14.51505,118.9337,25,5.7,-32.60759,247.6688
34.86926,0.6832262,-10.03634,71.77142,5.437817,2.901549,0.2238572,-0.05939097,-0.01813322,0.05227645,0.9967002,5.510009,2.888209,0.2374079,-0.06625437,-0.1774075,0.9819047,24,-0.7,-13.95965,114.9818,25,5.7,-32.05219,243.7169
34.91113,0.2803584,-10.18567,72.83395,5.075251,2.908471,0.2166315,-0.0600399,-0.01697472,0.05217087,0.9966872,5.160553,2.892745,0.2321732,-0.06600958,-0.1768988,0.982013,24,-0.7,-13.40564,111.0398,25,5.7,-31.49818,239.775
34.953,-0.6785084,-10.89557,77.88522,4.693704,2.915493,0.209567,-0.06291157,-0.01472038,0.05058034,0.9966279,4.760879,2.903147,0.2212098,-0.06879409,-0.1745179,0.9822478,24,-0.7,-12.8515,107.0969,25,5.7,-30.94404,235.8321
34.99451,-1.015822,-11.10771,79.39468,4.295005,2.921097,0.2030787,-0.06664783,-0.01319337,0.04941557,0.9964648,4.373728,2.908359,0.2157222,-0.06687588,-0.1739175,0.9824868,24,-0.7,-12.30311,103.195,25,5.7,-30.39565,231.9301
35.03625,-2.099612,-12.77578,91.26356,3.889279,2.924868,0.1961104,-0.06728504,-0.01314995,0.0472433,0.9965279,3.979193,2.91367,0.2102039,-0.06564942,-0.1694417,0.9833512,24,-0.7,-11.75031,99.26154,25,5.7,-29.84285,227.9967
35.07849,-1.562264,-11.21363,80.14832,3.477982,2.927523,0.1889287,-0.06456282,-0.01395172,0.04551714,0.9967774,3.578671,2.918346,0.2047504,-0.06319864,-0.1737275,0.9827638,24,-0.7,-11.19229,95.29102,25,5.7,-29.28483,224.0262
35.11987,-1.370781,-11.3463,81.0923,3.066653,2.930823,0.1820723,-0.06455562,-0.01293203,0.0408697,0.9969929,3.141404,2.924817,0.1934896,-0.05484489,-0.1734631,0.9833121,24,-0.7,-10.64536,91.39945,25,5.7,-28.7379,220.1346
35.16113,-2.451965,-11.76968,84.10479,2.647938,2.934768,0.1761693,-0.06664439,-0.01170033,0.03494562,0.9970961,2.732683,2.927291,0.1879663,-0.06074449,-0.172193,0.9831885,24,-0.7,-10.10016,87.52011,25,5.7,-28.1927,216.2553
35.20313,-3.139724,-12.32288,88.04111,2.227682,2.937612,0.1698249,-0.06492177,-0.00985685,0.02856852,0.9974326,2.322316,2.93002,0.1827439,-0.06113788,-0.1707293,0.9834194,24,-0.7,-9.545485,83.57342,25,5.7,-27.63802,212.3086
35.24512,-3.487026,-12.70963,90.79301,1.800525,2.938761,0.1625996,-0.0583638,-0.008623987,0.02116872,0.9980337,1.90572,2.932819,0.1775225,-0.05854444,-0.1698168,0.9837351,24,-0.7,-8.989,79.61383,25,5.7,-27.08154,208.349
35.28687,-2.475376,-9.37046,67.03347,1.369375,2.940256,0.1551508,-0.05430711,-0.007628202,0.01628175,0.9983624,1.447544,2.936696,0.1670984,-0.05760305,-0.1807149,0.9818473,24,-0.7,-8.437462,75.68943,25,5.7,-26.53,204.4246
35.32849,-3.225648,-10.07479,72.04506,0.9466022,2.942721,0.1478334,-0.05768497,-0.006662398,0.01292566,0.9982289,1.033784,2.937945,0.1614333,-0.05820801,-0.1778279,0.9823386,24,-0.7,-7.887052,71.77306,25,5.7,-25.97959,200.5082
35.37061,-4.276055,-11.37526,81.29845,0.5312015,2.942368,0.1408215,-0.06494529,-0.003828197,0.008953737,0.9978414,0.6268523,2.939438,0.1553003,-0.05939903,-0.1734235,0.9830545,24,-0.7,-7.330135,67.81039,25,5.7,-25.42268,196.5455
35.41284,-5.253142,-13.53082,96.63603,0.1232115,2.940793,0.1355662,-0.06790162,-0.0008273125,0.005752936,0.9976751,0.2264661,2.940655,0.1495444,-0.05589405,-0.1680152,0.9841985,24,-0.7,-6.77121,63.83343,25,5.7,-24.86375,192.5686
35.4541,-4.389682,-13.09637,93.5448,-0.2733499,2.937043,0.1311277,-0.06901458,0.001356602,0.00313489,0.9976099,-0.1999721,2.940685,0.1391176,-0.04416497,-0.1690514,0.9846172,24,-0.7,-6.225881,59.95322,25,5.7,-24.31842,188.6884
35.49573,-4.61254,-13.86211,98.99332,-0.6459832,2.931313,0.1289018,-0.07011877,0.003566355,0.003059844,0.9975276,-0.5671728,2.938942,0.1348072,-0.04030951,-0.1674119,0.9850627,24,-0.7,-5.675698,56.03847,25,5.7,-23.76824,184.7736
35.5376,-2.729916,-9.126807,65.29988,-0.9934702,2.923229,0.1281264,-0.07002232,0.005395889,0.001531141,0.9975297,-0.9107355,2.935867,0.1318173,-0.02743859,-0.1819407,0.9829266,24,-0.7,-5.122722,52.10384,25,5.7,-23.21526,180.839
35.5802,-2.765897,-9.248792,66.16784,-1.312454,2.914042,0.1276803,-0.0655165,0.007071733,-0.002194496,0.9978241,-1.227501,2.931498,0.1299117,-0.0229032,-0.1813368,0.9831544,24,-0.7,-4.559694,48.09768,25,5.7,-22.65224,176.8328
35.62134,-2.518764,-7.716621,55.26588,-1.603024,2.90426,0.128263,-0.06469358,0.009274632,-0.007007538,0.9978375,-1.547077,2.918966,0.1279637,-0.01730128,-0.189371,0.9817532,24,-0.7,-4.0156,44.22626,25,5.7,-22.10814,172.9614
35.66296,-2.636487,-7.339264,52.58083,-1.856138,2.893846,0.1290523,-0.06306621,0.01062545,-0.00820331,0.9979191,-1.799789,2.91154,0.127975,-0.01565333,-0.1917771,0.9813136,24,-0.7,-3.465235,40.31021,25,5.7,-21.55778,169.0454
35.70471,-2.752155,-7.158756,51.29645,-2.072606,2.882103,0.1293452,-0.05689948,0.01046246,-0.01644502,0.9981897,-2.017578,2.903811,0.1283505,-0.01408494,-0.192942,0.9811091,24,-0.7,-2.912788,36.37934,25,5.7,-21.00533,165.1145
35.74731,-2.646338,-6.905262,49.49274,-2.247155,2.871683,0.1303106,-0.05379994,0.007002383,-0.02682626,0.9981667,-2.195501,2.895482,0.1287851,-0.008957706,-0.1947316,0.9808156,24,-0.7,-2.349428,32.37083,25,5.7,-20.44197,161.106
35.78833,-2.594584,-6.35683,45.59045,-2.369024,2.862269,0.1325272,-0.05647767,0.00715217,-0.03424549,0.9977908,-2.341906,2.877919,0.1299469,-0.005446838,-0.1990691,0.9799703,24,-0.7,-1.807536,28.51507,25,5.7,-19.90008,157.2502
35.82959,-2.332478,-6.278066,45.03001,-2.441239,2.8526,0.1348969,-0.05891646,0.01181144,-0.03356678,0.9976286,-2.420527,2.869591,0.1307596,0.00192159,-0.1996358,0.9798683,24,-0.7,-1.262632,24.63787,25,5.7,-19.35517,153.373
35.87158,-1.688306,-6.373779,45.71105,-2.466465,2.843033,0.1378112,-0.05801728,0.01700437,-0.0328643,0.9976296,-2.453648,2.861691,0.1322749,0.01645497,-0.1985639,0.9799498,24,-0.7,-0.7072424,20.68607,25,5.7,-18.79978,149.4212
35.91431,-0.900098,-6.250177,44.83158,-2.435612,2.835259,0.1415603,-0.05856624,0.02089602,-0.02871396,0.9976517,-2.433403,2.854089,0.1343224,0.03359506,-0.1994765,0.9793266,24,-0.7,-0.142575,16.66825,25,5.7,-18.23512,145.4034
35.95532,-0.6712744,-6.329199,45.39384,-2.356427,2.828574,0.1450973,-0.05962268,0.02339524,-0.02871739,0.9975336,-2.366619,2.839837,0.1390842,0.03669148,-0.1984408,0.9794258,24,-0.7,0.4009256,12.80105,25,5.7,-17.69161,141.5362
35.9967,-0.494449,-6.482763,46.48651,-2.229837,2.824591,0.1495963,-0.06047061,0.02439106,-0.03070089,0.9973996,-2.250569,2.833756,0.1419886,0.03712391,-0.1969487,0.9797107,24,-0.7,0.9483169,8.906157,25,5.7,-17.14422,137.6413
36.03845,-0.4733717,-6.895611,49.42408,-2.061384,2.821218,0.1525895,-0.05743849,0.02438813,-0.03107584,0.9975672,-2.093815,2.828701,0.1451485,0.0322442,-0.193498,0.9805707,24,-0.7,1.49997,4.98094,25,5.7,-16.59257,133.7161
36.08081,0.02613736,-6.598989,47.3135,-1.848441,2.822562,0.1556493,-0.05231898,0.02005878,-0.02859844,0.9980193,-1.894205,2.824879,0.1482743,0.03989428,-0.1957767,0.9798367,24,-0.7,2.059163,1.002077,25,5.7,-16.03338,129.7372
36.12183,-0.5399185,-5.833743,41.8685,-1.587949,2.830802,0.1610122,-0.0575407,0.009386718,-0.02817731,0.9979013,-1.632508,2.821354,0.1536825,0.02563727,-0.203089,0.9788246,25,5.7,-15.49021,125.8724,26,-5.7,-33.63608,254.9868
36.16357,-0.6100014,-6.224024,44.64559,-1.275454,2.841347,0.1660027,-0.05805104,0.0007970035,-0.02852087,0.9979059,-1.334865,2.823963,0.1569475,0.01596433,-0.1992721,0.9798142,25,5.7,-14.93897,121.9501,26,-5.7,-33.08484,251.0645
36.20532,-0.2211441,-6.437955,46.16779,-0.9246984,2.854039,0.1697,-0.0466423,-0.003021628,-0.02990665,0.9984593,-0.9997476,2.8299,0.1608014,0.01658804,-0.1974504,0.9801725,25,5.7,-14.38649,118.019,26,-5.7,-32.53236,247.1334
36.24817,-0.04452378,-5.718571,41.0491,-0.5400934,2.867961,0.17151,-0.03868493,-0.004317314,-0.02411443,0.9989512,-0.6312636,2.83761,0.1645533,0.01404544,-0.2048188,0.9786991,25,5.7,-13.81948,113.9845,26,-5.7,-31.96535,243.0989
36.28943,0.4156232,-4.352939,31.33203,-0.1249902,2.88447,0.1721513,-0.04232032,-0.002211601,-0.01670457,0.998962,-0.2003935,2.857337,0.1699672,0.01925577,-0.2253826,0.97408,25,5.7,-13.27498,110.1103,26,-5.7,-31.42085,239.2246
36.33118,1.067919,-5.329378,38.27985,0.3120104,2.900252,0.1719787,-0.04586697,-0.000705719,-0.008902915,0.9989077,0.2227445,2.869157,0.1712283,0.02167685,-0.2102743,0.9774021,25,5.7,-12.72343,106.1857,26,-5.7,-30.86929,235.3001
36.37341,1.68427,-5.495346,39.46078,0.7700324,2.915897,0.1722872,-0.04851415,0.001617372,-0.000178732,0.9988211,0.666454,2.881694,0.1719427,0.02532833,-0.2084626,0.9777023,25,5.7,-12.16383,102.204,26,-5.7,-30.30969,231.3183
36.41541,2.467053,-5.153891,37.0312,1.23712,2.931194,0.1730074,-0.05057652,0.00376609,0.005004182,0.9987006,1.119971,2.894333,0.1722069,0.03568288,-0.2131897,0.976359,25,5.7,-11.60895,98.25579,26,-5.7,-29.75481,227.3702
36.45654,2.943031,-5.787189,41.53735,1.711814,2.943506,0.1738243,-0.0518264,0.005708069,0.008989551,0.9985994,1.622383,2.919389,0.1725169,0.03122702,-0.2058691,0.9780812,25,5.7,-11.06459,94.38246,26,-5.7,-29.21045,223.4968
36.49805,3.68999,-6.064315,43.5092,2.187565,2.952204,0.1741608,-0.0493672,0.005625695,0.01590779,0.9986382,2.086927,2.930733,0.1731783,0.03619568,-0.2031002,0.9784887,25,5.7,-10.51645,90.48228,26,-5.7,-28.66232,219.5966
36.53979,4.084368,-6.066147,43.52224,2.663853,2.959455,0.1749917,-0.05284059,0.005164891,0.02189707,0.9983495,2.55233,2.940268,0.1736813,0.03458262,-0.2033015,0.9785053,25,5.7,-9.964986,86.5584,26,-5.7,-28.11085,215.6728
36.58179,4.307208,-6.163354,44.21391,3.135899,2.962465,0.1753235,-0.05478922,0.003755957,0.02813806,0.9980943,3.014206,2.948526,0.1740957,0.028739,-0.2025261,0.9788551,25,5.7,-9.408762,82.60066,26,-5.7,-27.55463,211.715
36.62354,4.492898,-6.01213,43.13788,3.602596,2.963449,0.1766035,-0.05730104,0.0003307462,0.0360687,0.9977052,3.513267,2.958722,0.1751517,0.0223149,-0.2043463,0.9786443,25,5.7,-8.858154,78.68288,26,-5.7,-27.00402,207.7973
36.66516,4.858599,-6.417398,46.02152,4.068023,2.96372,0.1798185,-0.0598883,-0.005070776,0.03838648,0.9974539,3.968956,2.960993,0.1759731,0.01900803,-0.2003783,0.9795341,25,5.7,-8.307158,74.76234,26,-5.7,-26.45302,203.8767
36.70715,4.957494,-6.678012,47.87584,4.516547,2.96252,0.1835684,-0.06327094,-0.007061391,0.03681636,0.997292,4.409342,2.96203,0.1773938,0.01126353,-0.1980861,0.9801199,25,5.7,-7.751616,70.80946,26,-5.7,-25.89748,199.9238
36.7489,5.192199,-6.82612,48.92969,4.955088,2.959375,0.1872444,-0.06199876,-0.008372903,0.04403057,0.9970694,4.840065,2.962393,0.1793293,0.007081642,-0.1968545,0.9804072,25,5.7,-7.200103,66.88523,26,-5.7,-25.34597,195.9996
36.79041,5.706272,-6.679909,47.88934,5.374903,2.955459,0.1911557,-0.06006892,-0.0111492,0.05459013,0.9966381,5.292824,2.960515,0.1847222,0.008494765,-0.1980744,0.9801502,25,5.7,-6.650417,62.97401,26,-5.7,-24.79628,192.0884
36.83215,6.066087,-6.574231,47.13741,5.772915,2.949703,0.1951431,-0.06020229,-0.01551509,0.05615786,0.9964845,5.685096,2.958024,0.1877774,0.007952352,-0.1989657,0.9799742,25,5.7,-6.099273,59.05243,26,-5.7,-24.24514,188.1668
36.87415,6.081957,-6.679224,47.88447,6.154747,2.942473,0.1990716,-0.06190673,-0.02040866,0.05727715,0.9962281,6.061738,2.954548,0.190906,0.0004155054,-0.1979943,0.9802031,25,5.7,-5.543573,55.09841,26,-5.7,-23.68944,184.2128
36.91553,6.119537,-7.499882,53.72376,6.510047,2.935096,0.2031092,-0.06089404,-0.02381143,0.05597603,0.996289,6.413453,2.950261,0.1941458,-0.005388937,-0.1916019,0.9814579,25,5.7,-4.996491,51.20572,26,-5.7,-23.14235,180.3201
36.95728,5.933368,-7.469825,53.50989,6.833095,2.927902,0.2070519,-0.06137111,-0.02547821,0.05545207,0.9962477,6.7679,2.939468,0.2005311,-0.01536258,-0.1916202,0.9813489,25,5.7,-4.445213,47.28317,26,-5.7,-22.59108,176.3976
36.99915,6.134871,-6.669567,47.81575,7.120395,2.921161,0.2108188,-0.0616606,-0.02789634,0.05574377,0.9961488,7.054219,2.933672,0.2035955,-0.01892458,-0.1976802,0.9800839,25,5.7,-3.891572,43.34381,26,-5.7,-22.03744,172.4582
37.04089,6.605407,-6.586106,47.22191,7.375528,2.91439,0.2147241,-0.06178731,-0.03166035,0.06115627,0.9957107,7.30955,2.927962,0.2066694,-0.01467782,-0.1983197,0.9800275,25,5.7,-3.339599,39.41632,26,-5.7,-21.48546,168.5307
37.08264,6.659383,-6.547467,46.94698,7.595339,2.907827,0.2191051,-0.06546717,-0.03443441,0.06285004,0.995278,7.531153,2.922243,0.2096565,-0.01827806,-0.1985473,0.9799209,25,5.7,-2.787587,35.48855,26,-5.7,-20.93345,164.6029
37.12463,6.157663,-7.273316,52.11166,7.781113,2.90072,0.2236748,-0.06638554,-0.03618944,0.06531838,0.994996,7.74181,2.911681,0.2161157,-0.02994085,-0.1924993,0.9808402,25,5.7,-2.231672,31.53301,26,-5.7,-20.37754,160.6474
37.1665,6.157924,-7.313114,52.39476,7.924159,2.892275,0.2277496,-0.0640149,-0.03771225,0.06571486,0.9950686,7.887985,2.906031,0.2198069,-0.03252339,-0.1921092,0.9808345,25,5.7,-1.6787,27.59841,26,-5.7,-19.82456,156.7128
37.20862,6.473359,-6.582657,47.1973,8.022098,2.884367,0.2312853,-0.06186351,-0.04020953,0.06557932,0.9951159,7.991516,2.900238,0.2232336,-0.03166412,-0.197784,0.9797341,25,5.7,-1.121455,23.63341,26,-5.7,-19.26732,152.7478
37.25024,6.464682,-6.343793,45.4977,8.066139,2.87731,0.2340892,-0.0585655,-0.04247195,0.06185272,0.99546,8.044281,2.894052,0.2264963,-0.0341675,-0.1998188,0.979237,25,5.7,-0.5719819,19.7237,26,-5.7,-18.71785,148.8381
37.29199,5.698933,-7.355535,52.69661,8.055537,2.872153,0.2353013,-0.05391134,-0.04447763,0.06060207,0.9957122,8.052265,2.881758,0.232071,-0.0439828,-0.1913306,0.9805397,25,5.7,-0.01948392,15.79247,26,-5.7,-18.16535,144.9068
37.33386,5.713679,-6.596369,47.29486,7.985189,2.868277,0.2350594,-0.05273914,-0.0442659,0.06075191,0.9957753,7.992886,2.876508,0.2339253,-0.04742524,-0.1971096,0.9792337,25,5.7,0.5339066,11.8549,26,-5.7,-17.61196,140.9693
37.37549,5.611538,-5.798046,41.6145,7.858946,2.86533,0.2339043,-0.05280476,-0.04332275,0.06409215,0.9956038,7.879877,2.872258,0.2349882,-0.05357578,-0.2047834,0.97734,25,5.7,1.084405,7.937898,26,-5.7,-17.06146,137.0523
37.41699,5.53947,-5.530972,39.71416,7.664267,2.864957,0.2331963,-0.05963099,-0.04253554,0.06394288,0.9952618,7.702361,2.868647,0.2354628,-0.05351007,-0.207807,0.9767051,25,5.7,1.634034,4.027082,26,-5.7,-16.51183,133.1415
37.45886,4.871647,-6.917009,49.57633,7.40887,2.864807,0.2328076,-0.06437407,-0.04042435,0.06108889,0.9952337,7.452782,2.864574,0.2341199,-0.05124494,-0.1942001,0.9796225,25,5.7,2.186172,0.09842134,26,-5.7,-15.95969,129.2128
37.50049,4.504797,-7.139136,51.15686,7.088069,2.866181,0.2327706,-0.06367769,-0.03884491,0.0591651,0.9954576,7.149681,2.863941,0.2334994,-0.05089853,-0.1925006,0.9799759,26,-5.7,-15.40911,125.2952,27,0.7,-33.50152,254.0295
37.54236,3.862751,-7.619483,54.5747,6.712287,2.867932,0.2312006,-0.05527004,-0.04074255,0.05909763,0.9958879,6.793115,2.863868,0.2331526,-0.05287461,-0.1891583,0.980522,26,-5.7,-14.85579,121.3581,27,0.7,-32.94821,250.0925
37.58411,0.6031623,-7.90451,56.60277,6.289206,2.872653,0.2283823,-0.04965755,-0.04530622,0.05906661,0.9959883,6.359383,2.866021,0.2320404,-0.09979855,-0.1867342,0.9773283,26,-5.7,-14.30236,117.4202,27,0.7,-32.39478,246.1546
37.62561,-0.2451425,-8.051027,57.6452,5.828094,2.879352,0.2249037,-0.05318424,-0.04731172,0.05407517,0.9959965,5.915086,2.8684,0.230599,-0.1048237,-0.1858073,0.9769788,26,-5.7,-13.75488,113.5247,27,0.7,-31.8473,242.2591
37.6676,-0.6654321,-8.512688,60.9301,5.331351,2.886169,0.2203921,-0.06146858,-0.04832119,0.05098437,0.9956341,5.435796,2.87211,0.2284213,-0.09831063,-0.1834461,0.9781015,26,-5.7,-13.19857,109.5664,27,0.7,-31.29099,238.3008
37.70947,-4.014537,-11.94368,85.34291,4.806363,2.891868,0.2151736,-0.06374352,-0.04646133,0.0454646,0.995847,4.928434,2.877101,0.2255843,-0.1029589,-0.1706292,0.9799414,26,-5.7,-12.6449,105.6268,27,0.7,-30.73732,234.3612
37.75122,-3.709618,-10.84223,77.50565,4.256433,2.898218,0.2101621,-0.06585969,-0.04352295,0.04248297,0.9959736,4.351502,2.887384,0.2183841,-0.1021557,-0.1739906,0.9794343,26,-5.7,-12.09301,101.6999,27,0.7,-30.18543,230.4343
37.79248,-5.693504,-12.40735,88.64208,3.680414,2.904748,0.2050329,-0.07014021,-0.03972831,0.04022473,0.9959338,3.792092,2.892335,0.2143545,-0.1051135,-0.1695417,0.9799014,26,-5.7,-11.54785,97.82092,27,0.7,-29.64027,226.5553
37.83447,-7.390656,-14.92665,106.5678,3.079637,2.911235,0.1996212,-0.07345642,-0.03772449,0.03751623,0.9958783,3.208813,2.897414,0.2103002,-0.09781685,-0.1644888,0.9815168,26,-5.7,-10.9934,93.87579,27,0.7,-29.08582,222.6102
37.87671,-0.07992508,-8.025451,57.46323,2.464001,2.918633,0.1948485,-0.07713462,-0.03643921,0.03536063,0.9957269,2.610638,2.902428,0.2061692,-0.0461087,-0.1872731,0.9812251,26,-5.7,-10.43458,89.89959,27,0.7,-28.527,218.634
37.91821,-0.8116136,-8.93833,63.9587,1.833611,2.926071,0.190599,-0.08069377,-0.03655884,0.03253063,0.9955369,1.943841,2.913268,0.1980002,-0.04244952,-0.1825814,0.9822739,26,-5.7,-9.885322,85.9914,27,0.7,-27.97774,214.7258
37.95972,-2.039029,-10.0488,71.86012,1.19915,2.932488,0.1865136,-0.08035871,-0.03557053,0.02538192,0.9958078,1.324872,2.919131,0.1942858,-0.04613942,-0.1778688,0.9829719,26,-5.7,-9.336935,82.08942,27,0.7,-27.42935,210.8238
38.00159,-2.354466,-9.053713,64.77969,0.5600197,2.938586,0.1832435,-0.07968961,-0.03407595,0.02084694,0.996019,0.7009327,2.924923,0.1902417,-0.04646156,-0.1821517,0.9821721,26,-5.7,-8.783766,78.15342,27,0.7,-26.87618,206.8878
38.04358,-2.330252,-7.584372,54.3248,-0.07897705,2.943491,0.1812375,-0.07835381,-0.02945271,0.01318389,0.9964033,0.07668513,2.930206,0.1870813,-0.04360247,-0.1904752,0.9807232,26,-5.7,-8.228408,74.20184,27,0.7,-26.32083,202.9362
38.08545,-2.544397,-9.220118,65.96369,-0.7199081,2.947376,0.1799819,-0.07788344,-0.02498132,0.01125676,0.9965859,-0.6062827,2.939316,0.1827031,-0.02896016,-0.1816917,0.982929,26,-5.7,-7.674675,70.26183,27,0.7,-25.7671,198.9962
38.12708,-2.936109,-9.55901,68.37504,-1.356222,2.948876,0.1796631,-0.07528397,-0.01953429,0.00691477,0.9969468,-1.228822,2.942853,0.1813366,-0.02461796,-0.1802688,0.9833093,26,-5.7,-7.12494,66.35027,27,0.7,-25.21736,195.0847
38.16907,-7.763782,-10.74987,76.84846,-1.988562,2.948357,0.1802749,-0.07265849,-0.01565581,0.00131478,0.9972332,-1.847454,2.94556,0.1805795,-0.07574748,-0.1753444,0.9815888,26,-5.7,-6.568708,62.39247,27,0.7,-24.66113,191.1269
38.21118,-8.059664,-10.65406,76.16673,-2.608276,2.946903,0.1809704,-0.07042706,-0.01015064,-0.001889231,0.9974635,-2.454669,2.947021,0.1802639,-0.07241843,-0.1757306,0.9817711,26,-5.7,-6.01201,58.43135,27,0.7,-24.10443,187.1658
38.25269,-9.918096,-12.74531,91.04672,-3.220393,2.941789,0.1825389,-0.07266463,-0.00324893,-0.007060848,0.9973262,-3.11056,2.946496,0.1802137,-0.07362486,-0.1697101,0.98274,26,-5.7,-5.462975,54.52477,27,0.7,-23.5554,183.2592
38.29431,-9.861641,-12.73719,90.98899,-3.814041,2.936013,0.1857319,-0.07189799,0.003256529,-0.006758712,0.9973838,-3.692952,2.944334,0.1813135,-0.06679104,-0.1697907,0.9832141,26,-5.7,-4.913668,50.61625,27,0.7,-23.00609,179.3506
38.33594,-9.179746,-11.68144,83.4769,-4.395885,2.92813,0.1900778,-0.07676072,0.007166952,-0.002002532,0.9970219,-4.264025,2.940692,0.1829804,-0.05802972,-0.1726132,0.9832788,26,-5.7,-4.36357,46.7021,27,0.7,-22.45599,175.4365
38.37756,-9.623098,-12.10817,86.51323,-4.947908,2.917527,0.1940644,-0.07167247,0.007980436,-0.002686942,0.9973927,-4.807559,2.935939,0.1851933,-0.05487084,-0.1714207,0.9836687,26,-5.7,-3.811656,42.77502,27,0.7,-21.90408,171.5094
38.41943,-8.538636,-9.787613,70.00165,-5.474505,2.907211,0.1981095,-0.06715963,0.01163056,-0.005236098,0.9976608,-5.377667,2.922707,0.1916074,-0.04450307,-0.1789479,0.9828516,26,-5.7,-3.258826,38.84143,27,0.7,-21.35125,167.5758
38.46106,-8.733508,-8.68333,62.14426,-5.969604,2.897606,0.2018047,-0.06427365,0.01497301,-0.008406796,0.9977846,-5.866156,2.914793,0.1948375,-0.04544786,-0.1838318,0.9819065,26,-5.7,-2.709285,34.93125,27,0.7,-20.80171,163.6656
38.50269,-8.773876,-8.191969,58.64805,-6.431217,2.887694,0.2053999,-0.06326977,0.01740059,-0.01032372,0.9977914,-6.322912,2.906838,0.1979638,-0.04116153,-0.1863937,0.9816125,26,-5.7,-2.15765,31.00616,27,0.7,-20.25007,159.7405
38.54504,-6.379778,-7.803232,55.88204,-6.847144,2.876187,0.2078279,-0.05916251,0.0190835,-0.01081222,0.9980074,-6.736774,2.898879,0.2010772,0.006296123,-0.1887456,0.9820058,26,-5.7,-1.598005,27.02408,27,0.7,-19.69043,155.7585
38.58643,-6.246614,-6.446161,46.22598,-7.217341,2.863393,0.2090499,-0.05191995,0.02192363,-0.008830632,0.9983716,-7.146674,2.882088,0.2064164,0.0191649,-0.1986251,0.9798881,26,-5.7,-1.050674,23.12962,27,0.7,-19.1431,151.864
38.62744,-6.495871,-5.641598,40.50122,-7.524753,2.851689,0.209853,-0.05164935,0.02586648,-0.006361973,0.99831,-7.455679,2.872652,0.2080491,0.02329971,-0.2066862,0.9781299,26,-5.7,-0.5081603,19.26943,27,0.7,-18.60058,148.0038
38.66943,-6.344242,-6.253658,44.85625,-7.774952,2.840634,0.2103506,-0.05478966,0.02849808,-0.008027413,0.9980589,-7.710086,2.863038,0.2091205,0.02996007,-0.1999763,0.9793426,26,-5.7,0.04697514,15.31944,27,0.7,-18.04545,144.0538
38.71155,-6.357016,-6.223505,44.6417,-7.960238,2.831037,0.2105403,-0.05572436,0.02989805,-0.01186033,0.997928,-7.902884,2.853639,0.2099001,0.03406812,-0.2000434,0.9791946,26,-5.7,0.6039817,11.35613,27,0.7,-17.48844,140.0905
38.75342,-5.987421,-7.056867,50.57136,-8.074393,2.823719,0.2104655,-0.05523546,0.03127477,-0.01333263,0.9978945,-8.047709,2.83644,0.2106874,0.04011108,-0.1926095,0.9804553,26,-5.7,1.156482,7.424883,27,0.7,-16.93594,136.1593
38.79529,-5.622867,-6.984251,50.05468,-8.123052,2.818307,0.2092663,-0.0512131,0.0337258,-0.01318259,0.9980311,-8.105642,2.829306,0.2107146,0.04881448,-0.1929467,0.9799942,26,-5.7,1.709683,3.488658,27,0.7,-16.38274,132.2231
38.83691,-5.876861,-6.713519,48.12832,-8.10648,2.815082,0.2072139,-0.04730613,0.0368875,-0.01742089,0.9980471,-8.100832,2.823628,0.2106752,0.04547247,-0.1950013,0.9797483,27,0.7,-15.83189,128.3035,28,-5.7,-33.92428,257.0376
38.87903,-5.450529,-7.025087,50.34525,-8.032842,2.813597,0.2038606,-0.0487294,0.04113829,-0.01890885,0.9977854,-8.040573,2.819045,0.209873,0.05062806,-0.1924249,0.9800048,27,0.7,-15.27442,124.337,28,-5.7,-33.36681,253.071
38.92053,-4.872745,-7.709954,55.21833,-7.906404,2.813687,0.1988994,-0.04735555,0.04314846,-0.01852429,0.9977738,-7.924998,2.813774,0.2060513,0.05441426,-0.1876124,0.9807348,27,0.7,-14.7268,120.4404,28,-5.7,-32.81919,249.1745
38.96204,-4.611152,-7.98321,57.16264,-7.732808,2.815715,0.193492,-0.04994432,0.04292363,-0.01830984,0.9976612,-7.763106,2.812842,0.2032909,0.05428877,-0.1859494,0.9810584,27,0.7,-14.17802,116.5356,28,-5.7,-32.2704,245.2697
39.00391,-4.045924,-9.331813,66.75845,-7.493754,2.823504,0.1901459,-0.05564899,0.04121912,-0.01290132,0.9975158,-7.539299,2.813062,0.1993995,0.05156417,-0.1792651,0.9824486,27,0.7,-13.62436,112.5962,28,-5.7,-31.71675,241.3302
39.04639,-2.612524,-12.22871,87.37099,-7.196933,2.834705,0.1887756,-0.06140947,0.03970996,-0.01131992,0.9972582,-7.260316,2.814991,0.1954136,0.0524664,-0.1698201,0.9840775,27,0.7,-13.06134,108.59,28,-5.7,-31.15372,237.3241
39.08765,-1.458517,-13.26458,94.74163,-6.862966,2.846557,0.1863696,-0.05244238,0.04004422,-0.01003294,0.9977704,-6.920877,2.826791,0.19024,0.05686032,-0.1675028,0.9842305,27,0.7,-12.51599,104.7097,28,-5.7,-30.60838,233.4438
39.12939,-3.759779,-6.729477,48.24187,-6.495444,2.861409,0.1837533,-0.04471902,0.03990716,-0.003179472,0.9981972,-6.56743,2.835429,0.1884054,0.05720969,-0.1948978,0.9791537,27,0.7,-11.96523,100.7909,28,-5.7,-30.05762,229.5249
39.17139,-3.694543,-5.842255,41.92895,-6.098736,2.878922,0.1809136,-0.04928638,0.03760257,0.006017704,0.9980585,-6.185185,2.845323,0.1864952,0.05831578,-0.2034104,0.9773554,27,0.7,-11.40969,96.83798,28,-5.7,-29.50208,225.572
39.21338,-2.722092,-8.639193,61.83027,-5.682523,2.895409,0.1777317,-0.05162618,0.03254005,0.009500498,0.998091,-5.782959,2.856936,0.184513,0.04875298,-0.1831084,0.9818832,27,0.7,-10.85413,92.88495,28,-5.7,-28.94652,221.619
39.25488,-2.707863,-8.922381,63.84526,-5.245998,2.911998,0.176296,-0.05724612,0.02779195,0.01374207,0.9978787,-5.324966,2.883049,0.1799647,0.04038525,-0.1821729,0.9824368,27,0.7,-10.30541,88.98063,28,-5.7,-28.3978,217.7147
39.29675,-2.190959,-10.37767,74.20019,-4.784769,2.927084,0.1763421,-0.06216297,0.02535042,0.02014601,0.9975407,-4.877618,2.896418,0.1781454,0.03570274,-0.176398,0.9836712,27,0.7,-9.751932,85.04243,28,-5.7,-27.84432,213.7765
39.33813,-1.180185,-11.34325,81.07063,-4.318206,2.939137,0.1767721,-0.06416299,0.02425703,0.02307498,0.9973777,-4.423852,2.909396,0.1771755,0.03945902,-0.1733825,0.9840637,27,0.7,-9.204703,81.14869,28,-5.7,-27.29709,209.8828
39.38098,-1.409903,-7.658415,54.85168,-3.842884,2.948473,0.1777399,-0.06229402,0.02265743,0.03015034,0.9973451,-3.961182,2.92146,0.1767173,0.04576482,-0.1897817,0.9807591,27,0.7,-8.638626,77.12083,28,-5.7,-26.73102,205.8549
39.42188,-0.1864131,-8.257241,59.11255,-3.360943,2.955051,0.1784649,-0.05949727,0.02064145,0.03491757,0.9974041,-3.449798,2.940671,0.1772192,0.05431877,-0.1863883,0.9809734,27,0.7,-8.097263,73.26884,28,-5.7,-26.18965,202.0029
39.4635,0.1954668,-7.968618,57.05889,-2.88239,2.960598,0.1798517,-0.06123528,0.01736179,0.03899463,0.9972103,-2.982094,2.947712,0.1778371,0.05477969,-0.1881925,0.9806033,27,0.7,-7.547873,69.35973,28,-5.7,-25.64026,198.0938
39.50549,0.2715169,-8.283764,59.30127,-2.404729,2.962038,0.1812788,-0.06495957,0.01145312,0.04166229,0.9969521,-2.515101,2.953305,0.1786722,0.04625439,-0.1865214,0.9813614,27,0.7,-6.992462,65.40778,28,-5.7,-25.08485,194.1418
39.54797,0.06491066,-8.727106,62.45581,-1.929953,2.959553,0.1824151,-0.06365947,0.005033851,0.04352742,0.9970093,-2.050652,2.957483,0.1797193,0.0333695,-0.1843051,0.9823024,27,0.7,-6.429812,61.40432,28,-5.7,-24.5222,190.1384
39.58911,0.1857846,-8.044722,57.6004,-1.458019,2.957632,0.1843137,-0.06376146,-0.0008285642,0.04395167,0.9969965,-1.546546,2.959624,0.1819338,0.029618,-0.1881435,0.9816948,27,0.7,-5.885813,57.53356,28,-5.7,-23.9782,186.2676
39.63074,0.5258314,-8.160064,58.4211,-0.9933984,2.953863,0.1869249,-0.06424007,-0.005468726,0.04003071,0.9971163,-1.091482,2.958525,0.183134,0.02726795,-0.1874597,0.9818938,27,0.7,-5.335911,53.6208,28,-5.7,-23.4283,182.3549
39.67261,0.7098872,-9.403114,67.26588,-0.5391642,2.949296,0.188951,-0.06200766,-0.007407248,0.03902679,0.9972849,-0.6458523,2.956523,0.184646,0.01987193,-0.181163,0.9832523,27,0.7,-4.782771,49.68501,28,-5.7,-22.87516,178.4191
39.71509,1.021474,-9.320105,66.67524,-0.09806505,2.944558,0.1910046,-0.05759612,-0.01051086,0.0468886,0.9971829,-0.2123995,2.954036,0.1864012,0.01824621,-0.1815069,0.9832204,27,0.7,-4.221092,45.68845,28,-5.7,-22.31348,174.4225
39.75623,0.7454188,-7.886093,56.47172,0.3240471,2.939579,0.1921045,-0.0533435,-0.01368293,0.0510716,0.9971755,0.243008,2.94697,0.1896955,0.008765424,-0.1890016,0.9819376,27,0.7,-3.677625,41.82149,28,-5.7,-21.77002,170.5555
39.79749,0.9398651,-7.4179,53.14035,0.7282883,2.934063,0.1929031,-0.05243215,-0.0168944,0.05334273,0.9970557,0.6408222,2.943104,0.1914115,0.005542552,-0.1920342,0.9813726,27,0.7,-3.130809,37.93069,28,-5.7,-21.2232,166.6647
39.83948,1.09692,-7.093924,50.83514,1.112701,2.928021,0.1925287,-0.05050042,-0.02054566,0.05464102,0.9970165,1.020048,2.939058,0.1924711,0.001488979,-0.194336,0.9809339,27,0.7,-2.575561,33.97989,28,-5.7,-20.66795,162.714
39.88184,1.321236,-7.478315,53.57023,1.466495,2.921112,0.1917664,-0.05257308,-0.02531621,0.05517086,0.9967705,1.370819,2.934611,0.1929386,-0.0009117367,-0.1914721,0.9814976,27,0.7,-2.015508,29.99491,28,-5.7,-20.1079,158.729
39.9231,1.025993,-7.763733,55.60109,1.783895,2.914255,0.1913618,-0.06030296,-0.02958924,0.05495508,0.9962269,1.720005,2.924832,0.1925002,-0.0122977,-0.1893982,0.9818233,27,0.7,-1.47144,26.12366,28,-5.7,-19.56383,154.8577
39.96472,0.7585709,-8.74026,62.54944,2.063174,2.906122,0.1916382,-0.06433924,-0.0327146,0.05355175,0.995953,1.999074,2.919603,0.1920203,-0.0195508,-0.1837637,0.982776,27,0.7,-0.9201053,22.20071,28,-5.7,-19.0125,150.9348
40.00684,0.6309685,-8.986988,64.305,2.300157,2.896098,0.1921161,-0.06136103,-0.03632367,0.05447076,0.9959661,2.238082,2.913932,0.1917788,-0.02463833,-0.1824505,0.9829063,27,0.7,-0.3630334,18.23694,28,-5.7,-18.45543,146.971
40.04871,1.194894,-7.787741,55.77191,2.488228,2.885865,0.1924948,-0.05669483,-0.03921762,0.05501435,0.9961029,2.430872,2.907396,0.1921529,-0.02183211,-0.1889169,0.9817504,27,0.7,0.1898764,14.30278,28,-5.7,-17.90252,143.0368
40.09045,0.9003805,-7.200213,51.59144,2.625042,2.877602,0.1925822,-0.05571505,-0.03893054,0.05552094,0.9961414,2.594272,2.892101,0.192537,-0.0323214,-0.192573,0.9807503,27,0.7,0.7420026,10.3742,28,-5.7,-17.35039,139.1082
40.13196,-2.127415,-8.23886,58.9818,2.698416,2.869525,0.1919006,-0.05378543,-0.03717983,0.05688895,0.9962372,2.675278,2.88465,0.1926398,-0.08001196,-0.1853156,0.9794163,27,0.7,1.291275,6.465923,28,-5.7,-16.80112,135.2
40.17371,-2.351343,-8.665051,62.0143,2.712872,2.863213,0.190315,-0.05333155,-0.03555521,0.06003409,0.9961364,2.69964,2.877589,0.1929339,-0.08005717,-0.1829488,0.9798574,27,0.7,1.842595,2.543079,28,-5.7,-16.2498,131.2771
40.21545,-2.387822,-8.951466,64.05228,2.665736,2.857959,0.1882755,-0.05471902,-0.03560731,0.06173893,0.995955,2.665681,2.871265,0.192364,-0.07757741,-0.1814933,0.9803274,28,-5.7,-15.69783,127.3496,29,5.7,-34.40506,260.4586
40.25684,-2.297095,-9.022631,64.55863,2.55317,2.853769,0.1853456,-0.05735502,-0.03716588,0.06472704,0.9955599,2.568561,2.86078,0.1900938,-0.0741299,-0.1810478,0.9806765,28,-5.7,-15.1511,123.4594,29,5.7,-33.85833,256.5685
40.29834,-3.131899,-9.550256,68.31289,2.384895,2.850362,0.1807647,-0.05873461,-0.04028434,0.06487816,0.9953483,2.413728,2.856837,0.1883786,-0.07983131,-0.1786046,0.980677,28,-5.7,-14.60221,119.5539,29,5.7,-33.30944,252.6629
40.34045,-5.828475,-13.2532,94.66068,2.164098,2.850918,0.1771623,-0.06677824,-0.04111978,0.06493905,0.9948029,2.207832,2.853357,0.1856514,-0.08355965,-0.1674722,0.9823293,28,-5.7,-14.04465,115.5866,29,5.7,-32.75188,248.6956
40.3822,-6.338049,-13.94766,99.6019,1.896716,2.853828,0.1743511,-0.06908545,-0.03922218,0.06508356,0.9947125,1.95646,2.850903,0.1825377,-0.08198651,-0.1660443,0.9827042,28,-5.7,-13.4927,111.6594,29,5.7,-32.19994,244.7684
40.42432,-7.284297,-14.84917,106.0165,1.586909,2.859908,0.1707449,-0.06469297,-0.03525501,0.06379762,0.9952396,1.642507,2.851078,0.177122,-0.08290126,-0.1643784,0.9829075,28,-5.7,-12.93648,107.7016,29,5.7,-31.64371,240.8106
40.46619,-5.068829,-10.51075,75.14713,1.23998,2.867676,0.1657459,-0.05581187,-0.03272948,0.06541792,0.9957582,1.309866,2.853991,0.1743153,-0.08346741,-0.1748822,0.9810451,28,-5.7,-12.38204,103.7566,29,5.7,-31.08928,236.8656
40.50806,-6.183466,-10.84018,77.49117,0.8643971,2.878081,0.1599432,-0.05290489,-0.03158149,0.06554946,0.9959453,0.9488114,2.858324,0.171243,-0.09045687,-0.1737347,0.9806293,28,-5.7,-11.82929,99.82352,29,5.7,-30.53652,232.9326
40.5498,-5.534987,-9.643807,68.97855,0.4650694,2.889951,0.1532247,-0.05977646,-0.02721444,0.05934457,0.9960745,0.5640169,2.86412,0.1676897,-0.08687562,-0.1781658,0.9801579,28,-5.7,-11.27776,95.89918,29,5.7,-29.98499,229.0082
40.59155,-7.463136,-13.43087,95.9248,0.04162228,2.901016,0.14658,-0.06695256,-0.02346098,0.05280928,0.9960814,0.1214382,2.880213,0.1583165,-0.07783738,-0.1673941,0.9828126,28,-5.7,-10.72472,91.96409,29,5.7,-29.43195,225.0731
40.6333,-11.23576,-17.65384,125.9729,-0.4059877,2.910073,0.1409335,-0.07152468,-0.02129006,0.04747247,0.9960809,-0.3121908,2.88911,0.1532429,-0.08537183,-0.160551,0.9833286,28,-5.7,-10.17304,88.03874,29,5.7,-28.88028,221.1478
40.67542,-9.081819,-13.97134,99.7704,-0.869779,2.917849,0.1358576,-0.07182991,-0.02029943,0.04423717,0.9962287,-0.7619636,2.897748,0.1481467,-0.08206411,-0.1663908,0.9826391,28,-5.7,-9.615818,84.07388,29,5.7,-28.32305,217.1829
40.7168,-7.324184,-10.74527,76.8157,-1.340742,2.922885,0.1311016,-0.07177465,-0.02083769,0.04224955,0.9963078,-1.219748,2.905569,0.1433223,-0.07814476,-0.1747486,0.9815072,28,-5.7,-9.06852,80.17965,29,5.7,-27.77575,213.2887
40.75793,-8.149645,-12.49706,89.28036,-1.813922,2.92779,0.1270936,-0.07015106,-0.02302384,0.0376597,0.9965594,-1.721845,2.917743,0.1347448,-0.07087142,-0.1699601,0.9828992,28,-5.7,-8.52529,76.31437,29,5.7,-27.23252,209.4234
40.79993,-8.600802,-12.29448,87.83891,-2.290906,2.92936,0.122453,-0.06619094,-0.0242224,0.02922659,0.9970847,-2.187578,2.922151,0.1312058,-0.07185794,-0.1704971,0.9827346,28,-5.7,-7.969666,72.36091,29,5.7,-26.6769,205.4699
40.84204,-9.185862,-12.13753,86.72216,-2.75814,2.930287,0.1171828,-0.06106661,-0.02341461,0.0223252,0.9976093,-2.644997,2.925401,0.1278024,-0.07421184,-0.1709022,0.9824892,28,-5.7,-7.412825,68.39877,29,5.7,-26.12006,201.5078
40.88367,-9.043539,-11.3083,80.82189,-3.219073,2.929574,0.1110081,-0.05969775,-0.0193139,0.01463723,0.9979224,-3.096677,2.927475,0.1241636,-0.07238209,-0.1732704,0.9822109,28,-5.7,-6.862614,64.48382,29,5.7,-25.56985,197.5928
40.92542,-7.889168,-8.497893,60.82482,-3.671222,2.928488,0.1050918,-0.06210774,-0.01250717,0.009172896,0.9979489,-3.581696,2.928915,0.1157124,-0.0695593,-0.1845262,0.980363,28,-5.7,-6.310656,60.55643,29,5.7,-25.01789,193.6655
40.96729,-8.049916,-8.606972,61.60095,-4.113449,2.926051,0.1002145,-0.06743579,-0.004063576,0.006361555,0.9976951,-4.015647,2.928438,0.1109794,-0.06435002,-0.1839997,0.9808176,28,-5.7,-5.758099,56.62479,29,5.7,-24.46533,189.7338
41.0094,-8.150249,-9.065695,64.86494,-4.54264,2.921253,0.09575783,-0.06744067,0.001869202,0.005146855,0.9977083,-4.437274,2.927465,0.1064202,-0.05628761,-0.1818129,0.9817209,28,-5.7,-5.201108,52.66159,29,5.7,-23.90834,185.7706
41.05127,-8.337966,-9.805342,70.1278,-4.959295,2.914989,0.09272052,-0.06637912,0.006617069,0.0006042179,0.9977724,-4.84706,2.925695,0.1023352,-0.04898902,-0.1786589,0.9826908,28,-5.7,-4.64699,48.71883,29,5.7,-23.35422,181.8279
41.09253,-8.5515,-10.3487,73.99397,-5.359324,2.906819,0.0904215,-0.06734452,0.00853771,-0.006310305,0.9976733,-5.278934,2.91844,0.09548891,-0.04354636,-0.1765391,0.9833299,28,-5.7,-4.100914,44.8333,29,5.7,-22.80814,177.9423
41.13416,-8.74667,-10.69451,76.4547,-5.740528,2.896485,0.08840416,-0.06491077,0.00747782,-0.0137262,0.9977686,-5.654415,2.913202,0.0929445,-0.03983507,-0.1752976,0.9837093,28,-5.7,-3.551172,40.92169,29,5.7,-22.2584,174.0307
41.1759,-9.035141,-11.36325,81.21307,-6.089904,2.885719,0.08728918,-0.06532006,0.005627215,-0.01912385,0.9976653,-6.0006,2.906752,0.09096992,-0.0368164,-0.1731303,0.9842106,28,-5.7,-2.999085,36.99338,29,5.7,-21.70631,170.1024
41.21765,-9.260025,-11.18496,79.94447,-6.395171,2.874706,0.08724657,-0.06827465,0.006123602,-0.02153263,0.9974154,-6.306131,2.899204,0.08935463,-0.03640424,-0.1735756,0.9841475,28,-5.7,-2.447322,33.06739,29,5.7,-21.15455,166.1764
41.25928,-8.390615,-7.034071,50.40919,-6.654117,2.862425,0.08803804,-0.06685539,0.008766919,-0.02284422,0.9974626,-6.598057,2.882505,0.08763301,-0.03492853,-0.1932278,0.980532,28,-5.7,-1.8974,29.15449,29,5.7,-20.60463,162.2635
41.30127,-7.801661,-6.960176,49.88339,-6.861224,2.849008,0.08933198,-0.06590027,0.01530969,-0.0262433,0.9973636,-6.808768,2.873225,0.08764589,-0.01955775,-0.1936963,0.9808666,28,-5.7,-1.340893,25.19473,29,5.7,-20.04812,158.3037
41.34326,-7.513986,-6.877476,49.29495,-7.012483,2.83787,0.09108464,-0.06007707,0.02558291,-0.02941354,0.9974322,-6.966455,2.863591,0.08821499,-0.01091464,-0.1941819,0.9809048,28,-5.7,-0.786139,21.24745,29,5.7,-19.49337,154.3565
41.38501,-6.797246,-5.802075,41.64307,-7.111357,2.829635,0.09453429,-0.06261772,0.03333706,-0.0275352,0.9971005,-7.089784,2.844015,0.09031057,0.006892432,-0.203707,0.9790077,28,-5.7,-0.2338613,17.31779,29,5.7,-18.94109,150.4268
41.42664,-6.760752,-5.810155,41.70057,-7.154741,2.8221,0.09876937,-0.06483959,0.03830552,-0.02631222,0.9968131,-7.140372,2.835786,0.09229517,0.008932536,-0.2034398,0.9790467,28,-5.7,0.3157887,13.40683,29,5.7,-18.39144,146.5158
41.46863,-6.519088,-6.899581,49.4524,-7.140296,2.815778,0.1038125,-0.06252471,0.04164219,-0.02605193,0.9968339,-7.135715,2.828849,0.09520042,0.01225643,-0.1933675,0.9810499,28,-5.7,0.8704953,9.45989,29,5.7,-17.83673,142.5689
41.51038,-6.053602,-6.840611,49.0328,-7.063899,2.811448,0.108426,-0.05693574,0.04211277,-0.02497723,0.9971765,-7.072,2.822834,0.09865117,0.02041309,-0.1936967,0.9808491,28,-5.7,1.423612,5.524258,29,5.7,-17.28362,138.6333
41.55212,-4.817173,-5.269259,37.85205,-6.931201,2.808636,0.1129038,-0.05463607,0.04316717,-0.02722099,0.9972014,-6.950246,2.813239,0.1058215,0.05517413,-0.209062,0.9763447,28,-5.7,1.975352,1.598425,29,5.7,-16.73187,134.7074
41.59363,-4.549678,-5.373826,38.59608,-6.746437,2.808209,0.1165764,-0.05172578,0.04460981,-0.02822425,0.9972652,-6.777946,2.810234,0.1094379,0.0565404,-0.2076634,0.9765649,29,5.7,-16.1842,130.8105,30,-5.7,-34.68251,262.4326
41.6355,-4.203473,-5.36861,38.55897,-6.502572,2.812907,0.1213703,-0.05455023,0.04440144,-0.02308356,0.9972563,-6.549035,2.808265,0.1127942,0.0595683,-0.2076613,0.9763854,29,5.7,-15.63005,126.8676,30,-5.7,-34.12837,258.4896
41.67725,-3.777807,-5.578242,40.05058,-6.198391,2.822043,0.1274773,-0.05856487,0.04215771,-0.01888812,0.9972143,-6.262541,2.808178,0.116109,0.06077949,-0.2051416,0.9768433,29,5.7,-15.07827,122.9414,30,-5.7,-33.57658,254.5634
41.71912,-3.487712,-6.056003,43.45003,-5.841938,2.832881,0.1322579,-0.05194956,0.04177517,-0.01806693,0.997612,-5.901334,2.815918,0.1241192,0.05449496,-0.2003109,0.9782156,29,5.7,-14.5244,119.0004,30,-5.7,-33.02271,250.6225
41.7605,-3.275257,-4.747902,34.1424,-5.443973,2.846592,0.1364184,-0.04624614,0.04438552,-0.01377866,0.9978484,-5.519376,2.823232,0.1283299,0.064267,-0.2168218,0.9740935,29,5.7,-13.97728,115.1075,30,-5.7,-32.47559,246.7295
41.80249,-2.945455,-4.391444,31.60607,-5.011528,2.862406,0.1394458,-0.05152718,0.04464296,-0.006905585,0.9976494,-5.10323,2.83227,0.132165,0.06667157,-0.2232004,0.9724898,29,5.7,-13.42278,111.162,30,-5.7,-31.92109,242.784
41.84436,-2.132589,-5.190986,37.29512,-4.5473,2.877481,0.1410785,-0.05669925,0.04150131,0.000345096,0.9975283,-4.655606,2.843056,0.1351409,0.06621719,-0.2108553,0.9752719,29,5.7,-12.86867,107.2193,30,-5.7,-31.36699,238.8414
41.88623,-0.2871332,-7.892347,56.51626,-4.050786,2.893506,0.1439577,-0.06552988,0.03915774,0.006873998,0.9970583,-4.137267,2.867001,0.1399027,0.06693222,-0.1870447,0.9800686,29,5.7,-12.31463,103.2771,30,-5.7,-30.81295,234.8992
41.92786,0.09882881,-7.700406,55.15053,-3.52134,2.90841,0.1472695,-0.07317332,0.03739265,0.01418573,0.9965171,-3.624695,2.879437,0.1419194,0.06632519,-0.1884533,0.9798399,29,5.7,-11.76447,99.36253,30,-5.7,-30.26279,230.9846
41.9696,0.2633939,-6.948574,49.80096,-2.968693,2.921544,0.1511465,-0.07262307,0.03626814,0.02093862,0.9964798,-3.088966,2.891851,0.1435333,0.06607727,-0.1939614,0.9787813,29,5.7,-11.21274,95.43675,30,-5.7,-29.71105,227.0588
42.01184,1.133875,-7.100169,50.87962,-2.402193,2.932449,0.1545138,-0.06590714,0.03355122,0.02773044,0.9968759,-2.539016,2.903757,0.1464127,0.07084998,-0.1929755,0.9786423,29,5.7,-10.65427,91.46301,30,-5.7,-29.15258,223.085
42.05322,0.7681019,-7.671783,54.94687,-1.820727,2.943014,0.1565322,-0.06194361,0.02937192,0.0317973,0.9971406,-1.924387,2.924285,0.1521364,0.04818792,-0.1896396,0.9806705,29,5.7,-10.10743,87.57206,30,-5.7,-28.60574,219.1941
42.09448,-1.022537,-7.336751,52.563,-1.230615,2.953088,0.158263,-0.06448125,0.0249407,0.03680938,0.9969279,-1.349077,2.933146,0.1542093,0.006114233,-0.1922967,0.9813178,29,5.7,-9.561525,83.68774,30,-5.7,-28.05984,215.3098
42.13672,-0.8671018,-7.180041,51.44794,-0.6365581,2.960248,0.1596309,-0.06861562,0.02152753,0.04063021,0.996583,-0.7696314,2.941571,0.1562576,-0.001864353,-0.1936005,0.9810786,29,5.7,-9.003815,79.71943,30,-5.7,-27.50213,211.3415
42.17908,-0.5161302,-7.551086,54.08807,-0.04126626,2.966507,0.1612006,-0.0704638,0.01984131,0.04401816,0.9963452,-0.188446,2.94923,0.1578971,-0.005963981,-0.1911099,0.9815505,29,5.7,-8.442479,75.72532,30,-5.7,-26.94079,207.3474
42.22058,0.4613655,-8.247375,59.04242,0.543379,2.968594,0.1629585,-0.07403883,0.01716575,0.04990276,0.9958581,0.4365507,2.961324,0.1602405,0.0004139955,-0.1870002,0.9823598,29,5.7,-7.894619,71.8271,30,-5.7,-26.39293,203.4491
42.26208,3.191032,-6.212819,44.5658,1.118291,2.969818,0.1661574,-0.07550529,0.01324224,0.05415623,0.9955857,0.999903,2.965066,0.1617161,0.04826745,-0.2021758,0.9781591,29,5.7,-7.345179,67.91763,30,-5.7,-25.84349,199.5397
42.30371,3.797319,-5.68004,40.77488,1.68212,2.968956,0.1701443,-0.08242466,0.009280741,0.05608449,0.9949747,1.55282,2.967164,0.1634228,0.05397699,-0.2079531,0.9766483,29,5.7,-6.794709,64.00083,30,-5.7,-25.29302,195.6229
42.34631,4.826128,-6.490907,46.5445,2.230743,2.96488,0.1743783,-0.08256148,0.007719785,0.05456733,0.995061,2.09146,2.968541,0.1656877,0.05767805,-0.1995134,0.9781961,29,5.7,-6.23227,59.99887,30,-5.7,-24.73058,191.6209
42.38757,5.394679,-7.537535,53.99165,2.769368,2.961435,0.1795101,-0.08398316,0.005933761,0.05918013,0.9946905,2.670068,2.966433,0.1719226,0.04962603,-0.1913193,0.9802725,29,5.7,-5.687007,56.11913,30,-5.7,-24.18532,187.7411
42.42896,5.588275,-6.822154,48.90145,3.285182,2.958472,0.1849561,-0.08060142,0.005050778,0.06269565,0.9947599,3.176995,2.963991,0.1755644,0.04846074,-0.1966774,0.9792699,29,5.7,-5.13855,52.21665,30,-5.7,-23.63686,183.8387
42.47107,5.671848,-6.652244,47.69247,3.77622,2.954099,0.1903264,-0.07907727,0.003122956,0.06564588,0.9946998,3.660887,2.96104,0.1795989,0.04144825,-0.1981412,0.9792967,29,5.7,-4.583027,48.2639,30,-5.7,-23.08134,179.8859
42.51331,5.763155,-5.869937,42.12607,4.241543,2.948569,0.1946852,-0.073794,-0.0001744926,0.06791103,0.9949586,4.120581,2.95812,0.1839024,0.03829496,-0.2058176,0.9778408,29,5.7,-4.023664,44.28382,30,-5.7,-22.52197,175.9058
42.55444,5.895303,-5.279024,37.9215,4.672082,2.942204,0.1984365,-0.07188645,-0.003680855,0.06834029,0.9950621,4.589918,2.951158,0.1920483,0.03378431,-0.2130034,0.9764672,29,5.7,-3.480033,40.41568,30,-5.7,-21.97834,172.0377
42.59631,6.112229,-5.132558,36.87934,5.073508,2.934946,0.2013713,-0.07231006,-0.006386906,0.06938265,0.9949455,4.987197,2.946546,0.1953955,0.029937,-0.2149846,0.9761584,29,5.7,-2.92703,36.48087,30,-5.7,-21.42534,168.1029
42.63782,6.41337,-5.005162,35.97287,5.436593,2.927106,0.2048291,-0.07662286,-0.009630978,0.07022416,0.9945374,5.348236,2.94135,0.1982473,0.0290527,-0.2167504,0.9757947,29,5.7,-2.378399,32.57716,30,-5.7,-20.87671,164.1992
42.6792,6.485411,-5.046628,36.26792,5.759618,2.918664,0.2089961,-0.08023047,-0.01239371,0.06801616,0.9943758,5.671287,2.93565,0.2009746,0.02203387,-0.2160369,0.9761365,29,5.7,-1.830397,28.67791,30,-5.7,-20.3287,160.2999
42.72095,6.367451,-6.108353,43.82249,6.04019,2.908313,0.2131423,-0.08020384,-0.01516712,0.06757381,0.9943697,5.984665,2.92312,0.2067446,0.008593652,-0.2027602,0.9791907,29,5.7,-1.27904,24.75481,30,-5.7,-19.77735,156.3768
42.76257,6.401119,-6.278157,45.03071,6.27245,2.897042,0.217237,-0.0785301,-0.01622126,0.06680769,0.9945384,6.218852,2.915842,0.2098305,0.003983537,-0.200942,0.9795951,29,5.7,-0.7291149,20.84189,30,-5.7,-19.22742,152.4639
42.80493,6.552769,-6.042113,43.35117,6.455112,2.88567,0.2210765,-0.07684579,-0.01801008,0.06880994,0.9945027,6.405968,2.907706,0.2132554,0.003332021,-0.2031428,0.9791435,29,5.7,-0.167837,16.84819,30,-5.7,-18.66615,148.4702
42.84705,6.600698,-5.474578,39.31295,6.578526,2.874058,0.2242357,-0.07644238,-0.0186556,0.07005722,0.9944348,6.536926,2.899016,0.2164528,0.001594897,-0.2094278,0.9778228,29,5.7,0.3885092,12.88958,30,-5.7,-18.1098,144.5116
42.88818,6.526311,-5.292217,38.01538,6.645607,2.86196,0.2268831,-0.07461867,-0.02003184,0.0712465,0.994462,6.628209,2.880722,0.2223454,-0.002635352,-0.2113684,0.9774029,29,5.7,0.9323479,9.019966,30,-5.7,-17.56596,140.642
42.92969,6.008761,-5.496649,39.46999,6.643957,2.851514,0.2289102,-0.07462134,-0.01948759,0.06771258,0.9947195,6.636744,2.871155,0.2249709,-0.01564797,-0.2085065,0.9778958,29,5.7,1.48183,5.110194,30,-5.7,-17.01648,136.7322
42.97217,5.836065,-5.774421,41.44644,6.572425,2.842696,0.2292506,-0.07029881,-0.0198141,0.06743012,0.9950471,6.578602,2.862166,0.2269254,-0.01762865,-0.2050416,0.9785945,29,5.7,2.042901,1.117968,30,-5.7,-16.45541,132.74
43.01416,5.402647,-5.953643,42.72168,6.432646,2.835883,0.2287706,-0.06679051,-0.01920247,0.06845047,0.995231,6.455165,2.853794,0.2283297,-0.02424643,-0.2028931,0.9789007,30,-5.7,-15.89952,128.7846,31,5.7,-34.29451,259.672
43.0564,-0.3944674,-8.160362,58.42326,6.221243,2.830702,0.2266144,-0.0652054,-0.02019823,0.06837491,0.9953217,6.254623,2.839413,0.2293781,-0.1115686,-0.1845711,0.9764661,30,-5.7,-15.34171,124.8156,31,5.7,-33.7367,255.703
43.09668,-1.190024,-8.712276,62.35033,5.943816,2.831042,0.2245816,-0.06592548,-0.0219996,0.07057699,0.9950823,5.994135,2.834378,0.2285345,-0.1129711,-0.1815715,0.9768671,30,-5.7,-14.80992,121.0317,31,5.7,-33.20491,251.9191
43.13867,-1.855968,-9.168221,65.59454,5.6031,2.83713,0.2239167,-0.06961445,-0.02238965,0.06959818,0.9948913,5.672556,2.831161,0.2270759,-0.1125597,-0.1794039,0.977315,30,-5.7,-14.25451,117.0798,31,5.7,-32.6495,247.9671
43.18164,-1.962027,-10.14023,72.51077,5.205626,2.844089,0.2210034,-0.06345437,-0.02431718,0.06921328,0.9952847,5.295971,2.830836,0.2259173,-0.09835058,-0.1757664,0.9795067,30,-5.7,-13.68649,113.0381,31,5.7,-32.08149,243.9255
43.22266,-0.4453064,-7.010115,50.23883,4.768208,2.853686,0.2169888,-0.05550535,-0.02693859,0.07132119,0.9955435,4.846798,2.83828,0.2228838,-0.10326,-0.1921627,0.9759154,30,-5.7,-13.14393,109.1776,31,5.7,-31.53892,240.0649
43.26428,-3.151208,-9.391632,67.1842,4.304327,2.866196,0.2131674,-0.05646694,-0.02644762,0.06678572,0.9958171,4.398897,2.844488,0.2207419,-0.1102372,-0.1786565,0.9777166,30,-5.7,-12.59307,105.258,31,5.7,-30.98807,236.1454
43.30615,-3.357708,-8.993029,64.34799,3.812551,2.877707,0.207948,-0.06221361,-0.02418593,0.0639575,0.9957178,3.923378,2.852327,0.2181159,-0.1109585,-0.1805148,0.9772936,30,-5.7,-12.0396,101.3199,31,5.7,-30.4346,232.2073
43.34863,-4.088838,-9.942259,71.10204,3.290996,2.88876,0.2033386,-0.06557303,-0.02185306,0.05691939,0.9959834,3.418934,2.861351,0.2145934,-0.1036632,-0.1767852,0.9787752,30,-5.7,-11.47815,97.32494,31,5.7,-29.87314,228.2123
43.38977,-6.145472,-12.37887,88.43944,2.749779,2.900097,0.1997979,-0.06640576,-0.02255744,0.05213724,0.9961743,2.850284,2.879751,0.2070158,-0.09996079,-0.1695538,0.9804384,30,-5.7,-10.93359,93.45021,31,5.7,-29.32858,224.3376
43.43164,-4.40524,-9.262826,66.26762,2.196149,2.910335,0.1964172,-0.06550206,-0.02269748,0.04696269,0.9964882,2.311713,2.888801,0.2035518,-0.09949958,-0.1800045,0.9786205,30,-5.7,-10.38112,89.51914,31,5.7,-28.77611,220.4065
43.47314,-5.293531,-9.591463,68.606,1.638111,2.918673,0.1926161,-0.06150763,-0.02253273,0.0409286,0.9970125,1.767878,2.897674,0.200482,-0.1010304,-0.1786871,0.9787052,30,-5.7,-9.831633,85.60937,31,5.7,-28.22662,216.4967
43.51514,-5.293873,-9.184586,65.71091,1.075606,2.924586,0.1876,-0.05514401,-0.02041617,0.03415365,0.9976853,1.219181,2.905853,0.1975707,-0.09730085,-0.1806234,0.9787276,30,-5.7,-9.277271,81.66488,31,5.7,-27.67226,212.5522
43.55664,-5.052873,-8.203815,58.73237,0.513507,2.930514,0.1825893,-0.05348029,-0.0174928,0.03066709,0.9979447,0.6206254,2.918853,0.1910495,-0.09478248,-0.1858174,0.9780021,30,-5.7,-8.727171,77.75071,31,5.7,-27.12216,208.6381
43.59827,-5.055992,-7.687021,55.05519,-0.0459913,2.935115,0.1778893,-0.05733408,-0.01351768,0.02567353,0.9979333,0.07341349,2.924029,0.1873211,-0.0914016,-0.1890799,0.9776986,30,-5.7,-8.178125,73.84405,31,5.7,-26.57312,204.7314
43.64014,-5.531909,-7.789858,55.78691,-0.5961304,2.934768,0.1722867,-0.06009094,-0.01181868,0.02115592,0.9978988,-0.4654303,2.928601,0.1832329,-0.08911455,-0.1885276,0.9780163,30,-5.7,-7.624158,69.90237,31,5.7,-26.01915,200.7897
43.68213,-6.169137,-8.258767,59.12337,-1.13491,2.932074,0.1662996,-0.05574968,-0.007545948,0.01458457,0.9983097,-0.9940026,2.932003,0.179175,-0.08593728,-0.1858319,0.9788163,30,-5.7,-7.068414,65.94804,31,5.7,-25.46341,196.8354
43.724,-5.658655,-8.220668,58.85228,-1.666256,2.92896,0.1610408,-0.05451439,-0.003874123,0.00717011,0.9984798,-1.56387,2.932622,0.1705378,-0.06839179,-0.1862842,0.9801126,30,-5.7,-6.515512,62.01393,31,5.7,-24.9105,192.9013
43.7655,-5.58869,-7.393576,52.96721,-2.183057,2.923269,0.1559183,-0.05688141,0.0004608035,0.003839456,0.9983735,-2.071054,2.930844,0.1659306,-0.0652428,-0.1914906,0.9793236,30,-5.7,-5.96584,58.10282,31,5.7,-24.36083,188.9902
43.8075,-5.932451,-7.536449,53.98381,-2.6821,2.917317,0.1524065,-0.05863789,0.003347784,0.001979385,0.9982718,-2.561585,2.928113,0.1617883,-0.06136274,-0.1904954,0.9797684,30,-5.7,-5.411214,54.15645,31,5.7,-23.80621,185.0438
43.84949,-6.487672,-7.359939,52.72787,-3.165437,2.910005,0.1500104,-0.06135899,0.004266948,-0.002928205,0.9981024,-3.037256,2.924101,0.1578726,-0.0642805,-0.1915895,0.9793679,30,-5.7,-4.856715,50.21098,31,5.7,-23.25171,181.0984
43.89136,-7.570962,-8.436856,60.39062,-3.631128,2.899645,0.1479669,-0.05763534,0.005209476,-0.01589781,0.9981976,-3.539809,2.914066,0.1518741,-0.06562051,-0.1847744,0.9805878,30,-5.7,-4.302044,46.26429,31,5.7,-22.69703,177.1517
43.93323,-6.860569,-7.345674,52.62637,-4.073629,2.888613,0.1468343,-0.05212424,0.007968128,-0.02228204,0.9983602,-3.975746,2.907634,0.1499946,-0.0538751,-0.1914843,0.9800159,30,-5.7,-3.74856,42.32605,31,5.7,-22.14355,173.2134
43.97485,-6.962385,-6.615023,47.42752,-4.48878,2.876754,0.1455697,-0.04785506,0.01180023,-0.022273,0.9985363,-4.386079,2.899839,0.1485326,-0.05334438,-0.1970127,0.9789486,30,-5.7,-3.199027,38.41592,31,5.7,-21.59402,169.3033
44.01672,-7.067384,-6.123828,43.93249,-4.869278,2.864343,0.1449354,-0.04660052,0.01705801,-0.02253962,0.9985136,-4.764147,2.891371,0.1472903,-0.05145404,-0.2013987,0.978157,30,-5.7,-2.644413,34.46964,31,5.7,-21.0394,165.357
44.05835,-7.06067,-6.410329,45.97113,-5.210671,2.852454,0.1459761,-0.05040777,0.02038765,-0.02274943,0.9982614,-5.140975,2.872398,0.1456119,-0.04102289,-0.1983673,0.9792688,30,-5.7,-2.095002,30.56037,31,5.7,-20.48999,161.4478
44.09998,-7.319491,-6.525901,46.79346,-5.50947,2.839922,0.1476671,-0.05148138,0.02206072,-0.02602748,0.998091,-5.439635,2.862807,0.1455524,-0.03947574,-0.197157,0.9795769,30,-5.7,-1.544685,26.64466,31,5.7,-19.93967,157.5321
44.14197,-7.315263,-6.179426,44.32816,-5.761764,2.82654,0.1493545,-0.04854555,0.02236739,-0.0291013,0.9981464,-5.694284,2.853259,0.1461833,-0.03592191,-0.2001704,0.9791024,30,-5.7,-0.988471,22.687,31,5.7,-19.38346,153.5744
44.18359,-7.255273,-5.847459,41.96609,-5.950854,2.815012,0.1506943,-0.04288674,0.02221709,-0.03373355,0.9982631,-5.889741,2.843201,0.1472434,-0.03195406,-0.2033656,0.9785813,30,-5.7,-0.4385132,18.77384,31,5.7,-18.8335,149.6612
44.22522,-6.829314,-5.22112,37.50947,-6.072408,2.808028,0.152919,-0.03904429,0.02348969,-0.0337497,0.9983912,-6.042311,2.82318,0.149994,-0.02058926,-0.2104526,0.9773872,30,-5.7,0.1111194,14.863,31,5.7,-18.28387,145.7504
44.26709,-6.720593,-4.842212,34.81339,-6.122675,2.802722,0.1545209,-0.03871906,0.02909926,-0.03513728,0.9982082,-6.102825,2.814996,0.1514333,-0.01740038,-0.2156775,0.9763097,30,-5.7,0.6656159,10.91756,31,5.7,-17.72937,141.8049
44.30896,-6.443314,-5.662724,40.65165,-6.112459,2.799751,0.1564137,-0.03954535,0.03425327,-0.0319843,0.9981182,-6.104645,2.808597,0.1527789,-0.008184951,-0.2047362,0.978783,30,-5.7,1.218954,6.980352,31,5.7,-17.17603,137.8677
44.35046,-6.068218,-5.471776,39.29298,-6.045421,2.797459,0.1574102,-0.03717711,0.03911594,-0.02921529,0.9981154,-6.05125,2.803898,0.1541647,-0.0004241268,-0.2068703,0.9783683,30,-5.7,1.767429,3.077754,31,5.7,-16.62756,133.9651
44.39221,-3.082494,-5.372236,38.58471,-5.919186,2.797548,0.157595,-0.0354854,0.04554603,-0.02981676,0.9978865,-5.938237,2.798249,0.1567731,0.07249814,-0.2074223,0.9755614,31,5.7,-16.07559,130.0376,32,-0.7,-34.16821,258.7733
44.43396,-2.339205,-5.734179,41.16008,-5.741915,2.799738,0.1568995,-0.0366814,0.05124283,-0.02595318,0.9976749,-5.773806,2.79697,0.157418,0.08173466,-0.2030193,0.9757575,31,5.7,-15.52395,126.1125,32,-0.7,-33.61657,254.8482
44.47595,-2.264226,-5.70338,40.94092,-5.516236,2.808061,0.1587976,-0.04490439,0.05411781,-0.02208959,0.9972798,-5.562391,2.796741,0.1575371,0.07892215,-0.2034002,0.9759097,31,5.7,-14.96866,122.1614,32,-0.7,-33.06128,250.8971
44.51721,-0.94128,-8.069328,57.77558,-5.246804,2.819993,0.1621583,-0.0491915,0.04754424,-0.01620827,0.9975255,-5.290423,2.803058,0.1583523,0.07397113,-0.1849198,0.9799658,31,5.7,-14.42325,118.2807,32,-0.7,-32.51588,247.0163
44.55835,0.2625104,-11.45116,81.83858,-4.927495,2.833178,0.1647308,-0.04085837,0.03732702,-0.01331072,0.9983788,-4.985323,2.810406,0.1600971,0.06316593,-0.1716604,0.9831291,31,5.7,-13.87885,114.407,32,-0.7,-31.97148,243.1427
44.60034,-1.116542,-8.878455,63.53282,-4.556129,2.849563,0.1663417,-0.03395506,0.02987731,-0.01000064,0.9989266,-4.630525,2.819788,0.1619275,0.05444884,-0.1812632,0.9819261,31,5.7,-13.3239,110.4584,32,-0.7,-31.41653,239.194
44.6427,-1.679556,-6.025201,43.23085,-4.135072,2.867142,0.1667841,-0.03732297,0.02964112,-0.001872797,0.9988618,-4.228194,2.830498,0.1639324,0.05786865,-0.2010749,0.9778651,31,5.7,-12.76406,106.4749,32,-0.7,-30.85669,235.2105
44.68457,-1.004159,-5.049504,36.28841,-3.686052,2.883904,0.1662157,-0.04075518,0.03201845,0.004997119,0.9986435,-3.762328,2.855994,0.1663347,0.07438474,-0.2132025,0.9741722,31,5.7,-12.20945,102.5287,32,-0.7,-30.30208,231.2643
44.72644,-0.4434531,-5.060654,36.36775,-3.21224,2.900823,0.1670912,-0.04691898,0.03419882,0.01117739,0.9982506,-3.303177,2.869573,0.1663871,0.07693646,-0.2133505,0.9739417,31,5.7,-11.65602,98.59084,32,-0.7,-29.74865,227.3265
44.76819,-0.005975247,-4.876951,35.06063,-2.720224,2.916276,0.1692471,-0.05565593,0.03409573,0.02013721,0.9976645,-2.82587,2.883109,0.1666297,0.07864165,-0.2164137,0.9731293,31,5.7,-11.10483,94.66889,32,-0.7,-29.19746,223.4045
44.81018,0.6712929,-5.481817,39.36448,-2.208046,2.928702,0.1712356,-0.05657259,0.03309989,0.02785115,0.9974609,-2.328921,2.896444,0.1673961,0.07464215,-0.2084423,0.9751822,31,5.7,-10.54895,90.71361,32,-0.7,-28.64158,219.4492
44.85193,2.237981,-6.892576,49.40255,-1.684573,2.939211,0.1736071,-0.05442258,0.02959201,0.03419763,0.9974934,-1.775659,2.91999,0.1699699,0.07969718,-0.1948441,0.977591,31,5.7,-9.99766,86.79096,32,-0.7,-28.09029,215.5266
44.89392,2.071875,-5.699574,40.9139,-1.147648,2.947532,0.1759268,-0.05280008,0.02500093,0.04034166,0.9974767,-1.252843,2.92958,0.1718217,0.07957986,-0.2065459,0.9751953,31,5.7,-9.441704,82.83513,32,-0.7,-27.53433,211.5708
44.93542,2.361431,-5.659076,40.62574,-0.6017151,2.953359,0.1777112,-0.0553629,0.01864871,0.04443831,0.9973027,-0.7209984,2.937699,0.173692,0.07432882,-0.2073002,0.9754496,31,5.7,-8.893827,78.93678,32,-0.7,-26.98646,207.6724
44.97717,2.981215,-5.971562,42.8492,-0.04943834,2.956873,0.1795991,-0.05635756,0.01494092,0.04642072,0.997219,-0.1823916,2.944696,0.1752735,0.07237701,-0.2039863,0.9762946,31,5.7,-8.341102,75.00394,32,-0.7,-26.43373,203.7396
45.01904,3.750194,-6.646365,47.65067,0.5083944,2.957468,0.1812779,-0.05713764,0.01135775,0.04923016,0.9970872,0.4100396,2.953513,0.1786177,0.06880102,-0.1977399,0.9778371,31,5.7,-7.787879,71.06755,32,-0.7,-25.88051,199.8032
45.06067,4.195207,-6.784968,48.63689,1.063959,2.958532,0.1826299,-0.05515852,0.01177019,0.04920351,0.9971951,0.9528178,2.955586,0.1798444,0.06545971,-0.1966495,0.9782863,31,5.7,-7.238132,67.1559,32,-0.7,-25.33076,195.8915
45.10254,4.593199,-6.67723,47.87034,1.624049,2.959198,0.1845685,-0.05852336,0.01427323,0.05137939,0.9968608,1.499887,2.956591,0.1808869,0.06345117,-0.1976127,0.9782245,31,5.7,-6.684687,63.21793,32,-0.7,-24.77732,191.9536
45.14465,4.983587,-6.269791,44.97125,2.171726,2.959711,0.1871912,-0.06276958,0.01854312,0.05312417,0.9964407,2.036235,2.957336,0.1823514,0.0643184,-0.2013585,0.9774036,31,5.7,-6.127625,59.25423,32,-0.7,-24.22025,187.9899
45.18616,5.593006,-6.692073,47.97595,2.705941,2.959244,0.1897243,-0.06414305,0.02159959,0.0596433,0.9959226,2.609484,2.958577,0.1857916,0.06108008,-0.1975728,0.9783835,31,5.7,-5.57857,55.34751,32,-0.7,-23.6712,184.0831
45.22754,5.850802,-6.39548,45.86559,3.218509,2.958003,0.1929699,-0.06136467,0.02134076,0.06390413,0.995839,3.113376,2.958516,0.1878368,0.05860973,-0.2002741,0.9779853,31,5.7,-5.031973,51.45827,32,-0.7,-23.1246,180.1939
45.26953,6.146788,-6.152841,44.13912,3.706882,2.956284,0.1962971,-0.06207034,0.01865417,0.06692673,0.9956506,3.594615,2.957821,0.1900374,0.05677043,-0.2026574,0.9776027,31,5.7,-4.476539,47.50615,32,-0.7,-22.56917,176.2418
45.31116,6.260598,-6.065106,43.51485,4.165073,2.953737,0.1994318,-0.05917707,0.01334661,0.06996817,0.995703,4.04743,2.957173,0.1926038,0.04995063,-0.2036307,0.9777727,31,5.7,-3.926226,43.59047,32,-0.7,-22.01885,172.3261
45.35291,6.366909,-6.110668,43.83904,4.594693,2.949524,0.2020307,-0.05986704,0.007503987,0.06901323,0.9957896,4.515167,2.954405,0.1977801,0.04150835,-0.2032015,0.9782567,31,5.7,-3.374072,39.66169,32,-0.7,-21.4667,168.3973
45.39453,6.374356,-5.468802,39.27192,4.992419,2.944646,0.2048063,-0.06421768,0.003241986,0.06905176,0.9955388,4.908716,2.951793,0.1999992,0.03664472,-0.2105366,0.9768989,31,5.7,-2.82323,35.74224,32,-0.7,-20.91586,164.4779
45.43628,6.838332,-6.906493,49.50163,5.357654,2.937568,0.2075804,-0.06549953,-0.0004517138,0.07275435,0.9951968,5.271214,2.948495,0.2023184,0.03115595,-0.1959278,0.9801233,31,5.7,-2.271753,31.81828,32,-0.7,-20.36438,160.5539
45.47827,6.915614,-5.971725,42.8504,5.683847,2.929096,0.2108559,-0.06783098,-0.004614025,0.07235948,0.9950587,5.596819,2.944301,0.2045363,0.03025594,-0.2045528,0.9783878,31,5.7,-1.716678,27.86872,32,-0.7,-19.80931,156.6044
45.52002,6.922423,-5.630915,40.42542,5.971156,2.920112,0.2146574,-0.06896737,-0.008840501,0.07188731,0.9949862,5.916174,2.933207,0.209172,0.02446486,-0.2082192,0.9777762,31,5.7,-1.164585,23.94037,32,-0.7,-19.25721,152.676
45.56152,6.943547,-5.370306,38.57109,6.213074,2.910194,0.2182845,-0.06702473,-0.01139656,0.07189611,0.9950923,6.158983,2.926672,0.2120571,0.01998685,-0.2113668,0.9772024,31,5.7,-0.6148114,20.02853,32,-0.7,-18.70744,148.7642
45.60327,6.885634,-5.310304,38.14416,6.409352,2.89997,0.2214396,-0.06486484,-0.01428053,0.07319877,0.9951033,6.358583,2.919291,0.2148417,0.01357834,-0.2120187,0.9771713,31,5.7,-0.06280708,16.10082,32,-0.7,-18.15544,144.8365
45.64563,3.417543,-9.649017,69.01566,6.553453,2.8894,0.224328,-0.06313843,-0.01662832,0.07179903,0.9952798,6.50873,2.911463,0.2176067,-0.0441576,-0.1794264,0.9827799,31,5.7,0.4965255,12.12096,32,-0.7,-17.5961,140.8566
45.68701,2.91242,-8.91611,63.80075,6.642801,2.879538,0.2268025,-0.0648114,-0.01726121,0.07007779,0.9952842,6.622364,2.894905,0.22291,-0.05727702,-0.1823477,0.9815644,31,5.7,1.043415,8.229639,32,-0.7,-17.04921,136.9653
45.72876,2.753304,-8.948887,64.03397,6.670921,2.870041,0.228602,-0.06362452,-0.01748735,0.07242827,0.9951886,6.658724,2.886893,0.2250212,-0.06006975,-0.1820476,0.9814532,31,5.7,1.595613,4.300547,32,-0.7,-16.49701,133.0362
45.77063,2.525678,-9.129385,65.31829,6.638115,2.861665,0.2301391,-0.06335927,-0.01713589,0.07270201,0.9951916,6.636973,2.878958,0.2268133,-0.0619942,-0.1810737,0.9815137,31,5.7,2.148473,0.3667421,32,-0.7,-15.94415,129.1024
45.81238,1.608577,-9.791456,70.02917,6.542011,2.856854,0.2308953,-0.06795812,-0.01700747,0.07583604,0.9946564,6.554851,2.871227,0.2285719,-0.06955599,-0.1780665,0.9815571,32,-0.7,-15.3917,125.1715,33,5.7,-33.48418,253.9061
45.85388,0.2210122,-12.43209,88.81819,6.388518,2.853404,0.2302948,-0.07391636,-0.01382542,0.08107787,0.993867,6.411774,2.859385,0.2305356,-0.06870179,-0.1696967,0.9830987,32,-0.7,-14.8419,121.2594,33,5.7,-32.93437,249.9941
45.89551,-1.096118,-14.97264,106.8951,6.178922,2.851092,0.2284789,-0.06775846,-0.01184666,0.08714934,0.9938177,6.215767,2.855543,0.2308816,-0.06745855,-0.1644806,0.9840709,32,-0.7,-14.29159,117.3438,33,5.7,-32.38406,246.0784
45.93713,1.423114,-10.26147,73.37341,5.907066,2.856065,0.2278289,-0.07078993,-0.009311467,0.08318598,0.993973,5.960406,2.852425,0.2304604,-0.06094609,-0.1761492,0.982475,32,-0.7,-13.74143,113.4292,33,5.7,-31.8339,242.1638
45.97949,2.275026,-8.407849,60.1843,5.582764,2.863009,0.2258177,-0.06679398,-0.009266853,0.0834841,0.9942249,5.654058,2.851628,0.2294443,-0.05530653,-0.1842902,0.9813146,32,-0.7,-13.1827,109.4536,33,5.7,-31.27517,238.1882
46.02087,2.278237,-6.789793,48.67123,5.233137,2.871805,0.2226762,-0.0583226,-0.01255977,0.08611792,0.9944971,5.295518,2.857545,0.2275416,-0.06097117,-0.1949468,0.9789169,32,-0.7,-12.63442,105.5524,33,5.7,-30.72688,234.287
46.06262,1.814671,-6.553507,46.98997,4.850627,2.88452,0.2177871,-0.05915406,-0.01130286,0.08097205,0.9948953,4.926561,2.863359,0.2256484,-0.0650963,-0.1969873,0.9782425,32,-0.7,-12.08204,101.622,33,5.7,-30.17451,230.3566
46.10449,0.4300967,-8.245047,59.02583,4.441729,2.896812,0.2120301,-0.06538701,-0.00866881,0.07447712,0.995039,4.531572,2.871032,0.2227517,-0.06837512,-0.1853146,0.9802976,32,-0.7,-11.52942,97.68987,33,5.7,-29.62188,226.4245
46.14709,-0.1852589,-8.908668,63.74773,4.024381,2.907643,0.206565,-0.06725536,-0.005787373,0.07077144,0.9952059,4.127056,2.880204,0.2191294,-0.06659235,-0.1820481,0.9810321,32,-0.7,-10.96599,93.68086,33,5.7,-29.05845,222.4155
46.18799,-1.166449,-10.456,74.75755,3.588685,2.917625,0.2017157,-0.06868296,-0.003141641,0.06335244,0.99562,3.668214,2.899056,0.2106118,-0.06370792,-0.1759839,0.9823294,32,-0.7,-10.42463,89.82889,33,5.7,-28.51709,218.5635
46.22925,-1.665196,-11.21517,80.15939,3.140745,2.926018,0.197818,-0.07246201,-0.000950694,0.05411395,0.9959016,3.232309,2.907662,0.2063209,-0.06021149,-0.1736307,0.9829684,32,-0.7,-9.879341,85.94898,33,5.7,-27.97181,214.6836
46.27136,-2.529961,-12.43489,88.83815,2.696848,2.932178,0.1952327,-0.07313903,0.0001582503,0.04899239,0.9961177,2.799117,2.915594,0.2026522,-0.05913795,-0.1703477,0.9836078,32,-0.7,-9.322952,81.99007,33,5.7,-27.41542,210.7247
46.31396,-2.676345,-13.78457,98.44168,2.256784,2.935672,0.1923734,-0.06967091,0.00235647,0.04389806,0.9966009,2.368735,2.922293,0.1995436,-0.05056193,-0.1674367,0.9845855,32,-0.7,-8.760101,77.98517,33,5.7,-26.85257,206.7198
46.35522,-0.6366892,-8.493979,60.79708,1.827222,2.937116,0.189474,-0.06396593,0.003238231,0.03731432,0.997249,1.908135,2.931922,0.1944331,-0.04122986,-0.1851163,0.9818514,32,-0.7,-8.214341,74.10188,33,5.7,-26.30681,202.8365
46.39685,-0.5881763,-7.691569,55.08764,1.411495,2.937038,0.1862655,-0.05764446,0.004538894,0.02892527,0.9979078,1.500003,2.934492,0.1917351,-0.03731967,-0.1899076,0.9810925,32,-0.7,-7.663861,70.18501,33,5.7,-25.75633,198.9197
46.43872,-0.6376818,-7.44807,53.35505,1.007419,2.936499,0.1845437,-0.06158061,0.007874608,0.01772252,0.9979137,1.102746,2.935711,0.1894177,-0.03211232,-0.1915893,0.9809497,32,-0.7,-7.110714,66.24917,33,5.7,-25.20318,194.9838
46.48132,-1.17913,-7.886458,56.47435,0.621439,2.933167,0.1824456,-0.06276652,0.01477283,0.01060818,0.9978626,0.7223862,2.936061,0.1873053,-0.03315658,-0.1887114,0.9814727,32,-0.7,-6.54734,62.24055,33,5.7,-24.63981,190.9752
46.52246,-1.318574,-8.142408,58.29552,0.2483016,2.927761,0.1807494,-0.05924011,0.02094728,0.008607915,0.9979869,0.3193604,2.933893,0.1836258,-0.02767682,-0.1871606,0.9819394,32,-0.7,-6.003581,58.37151,33,5.7,-24.09605,187.1062
46.56396,-1.039993,-7.904351,56.60171,-0.1150877,2.920792,0.1797274,-0.05735573,0.02536595,0.004170556,0.9980228,-0.03773716,2.930923,0.1822842,-0.01744291,-0.1885733,0.9819042,32,-0.7,-5.454822,54.46688,33,5.7,-23.54729,183.2015
46.60583,-1.014512,-7.794776,55.82204,-0.4686327,2.913788,0.1787566,-0.05645239,0.02656156,-0.00689386,0.9980282,-0.3851735,2.926813,0.1811852,-0.01110572,-0.1892003,0.9818757,32,-0.7,-4.900715,50.52421,33,5.7,-22.99318,179.2589
46.64844,-1.41996,-7.397477,52.99511,-0.810436,2.904723,0.1772943,-0.05145463,0.0269714,-0.01947392,0.9981211,-0.7215414,2.921901,0.1798623,-0.01297729,-0.1917442,0.9813592,32,-0.7,-4.337594,46.5174,33,5.7,-22.43006,175.252
46.6897,-2.530966,-8.012673,57.37247,-1.126047,2.894639,0.1768768,-0.05280406,0.02849731,-0.02443755,0.997899,-1.064585,2.909674,0.1782812,-0.02517554,-0.1875202,0.981938,32,-0.7,-3.792192,42.63667,33,5.7,-21.88466,171.3713
46.7312,-2.751179,-7.893888,56.52727,-1.404553,2.882341,0.1774763,-0.05767744,0.03268176,-0.0226476,0.9975432,-1.341655,2.902417,0.1776561,-0.02455962,-0.1881156,0.9818398,32,-0.7,-3.243827,38.73484,33,5.7,-21.33629,167.4695
46.77295,-2.158423,-7.820853,56.0076,-1.645689,2.867519,0.1786168,-0.05542256,0.03885749,-0.0249636,0.9973943,-1.583831,2.894077,0.1773489,-0.01010678,-0.1884704,0.9820269,32,-0.7,-2.691658,34.80595,33,5.7,-20.78412,163.5406
46.81519,-1.977615,-6.903905,49.48318,-1.846341,2.853654,0.181064,-0.05289838,0.04415625,-0.03019788,0.997166,-1.787442,2.88452,0.1775837,-0.003783156,-0.194724,0.9808508,32,-0.7,-2.132655,30.82844,33,5.7,-20.22512,159.5631
46.85632,-1.625655,-6.825097,48.92243,-2.007247,2.840702,0.1834229,-0.05254594,0.04751199,-0.03153251,0.9969891,-1.973104,2.862591,0.1795043,0.006991274,-0.194933,0.9807916,32,-0.7,-1.589226,26.96174,33,5.7,-19.68169,155.6964
46.89783,-1.548342,-7.139174,51.1572,-2.119493,2.830709,0.1867061,-0.05235445,0.04743653,-0.03638713,0.9968374,-2.089996,2.85175,0.1811486,0.01042671,-0.1923228,0.9812763,32,-0.7,-1.040176,23.05505,33,5.7,-19.13264,151.7897
46.9397,-1.687238,-7.511025,53.80307,-2.184651,2.823177,0.1904674,-0.05070673,0.04418236,-0.04199503,0.9968517,-2.162027,2.841733,0.183328,0.008693861,-0.189569,0.981829,32,-0.7,-0.4867726,19.11738,33,5.7,-18.57924,147.852
46.98169,-1.706371,-8.636311,61.80989,-2.207875,2.817956,0.1937604,-0.04739275,0.04123899,-0.04445185,0.9970343,-2.193538,2.833142,0.1858681,0.007771782,-0.182972,0.9830874,32,-0.7,0.06916791,15.16166,33,5.7,-18.0233,143.8963
47.02319,-1.761739,-8.933255,63.92268,-2.180636,2.814979,0.1964323,-0.04497849,0.04047385,-0.04587073,0.9971132,-2.181432,2.821083,0.1914787,0.006476008,-0.1813732,0.983393,32,-0.7,0.6176706,11.25886,33,5.7,-17.4748,139.9935
47.06494,-1.83619,-7.440729,53.30288,-2.114489,2.812896,0.1975878,-0.04335451,0.03995046,-0.04361559,0.9973074,-2.123698,2.817153,0.1939737,0.00531526,-0.1896403,0.9818393,32,-0.7,1.169846,7.329929,33,5.7,-16.92262,136.0646
47.10693,-1.539022,-7.593401,54.3892,-2.002977,2.811033,0.1947244,-0.03433266,0.03804725,-0.04202128,0.9978016,-2.02237,2.814523,0.1958795,0.008758566,-0.1885978,0.9820154,32,-0.7,1.724423,3.383909,33,5.7,-16.36804,132.1186
47.14893,-0.8693961,-7.413536,53.10932,-1.828082,2.818094,0.1924178,-0.03801969,0.03800502,-0.03626492,0.9978953,-1.861776,2.812467,0.196434,0.01841113,-0.1897178,0.981666,33,5.7,-15.8126,128.1664,34,-0.7,-33.90524,256.9021
47.19055,-0.2706962,-8.506814,60.8884,-1.595411,2.828949,0.1915591,-0.05448915,0.04048672,-0.03132691,0.9972013,-1.634255,2.81347,0.1943265,0.02207985,-0.1833072,0.9828076,33,5.7,-15.26172,124.2467,34,-0.7,-33.35436,252.9824
47.23218,0.8826855,-15.1581,108.2148,-1.325758,2.841294,0.1923852,-0.06167968,0.04109764,-0.02962901,0.9968093,-1.37815,2.819055,0.1931657,0.02064112,-0.164129,0.9862229,33,5.7,-14.71217,120.3364,34,-0.7,-32.80481,249.0721
47.27417,3.392415,-21.40975,152.6976,-1.022267,2.852857,0.1923701,-0.05283135,0.04035521,-0.02561633,0.9974589,-1.088392,2.826988,0.1925719,0.02900499,-0.1568884,0.9871903,33,5.7,-14.15721,116.3877,34,-0.7,-32.24985,245.1234
47.3158,1.266603,-8.176492,58.53804,-0.6886564,2.866682,0.1912694,-0.04167581,0.03881228,-0.01841383,0.9982072,-0.768833,2.836053,0.1924576,0.03426044,-0.1853631,0.9820727,33,5.7,-13.60606,112.466,34,-0.7,-31.6987,241.2018
47.35754,0.8601067,-6.20345,44.49912,-0.3327642,2.882695,0.18945,-0.04458424,0.03744042,-0.01155924,0.9982368,-0.3990588,2.855936,0.1916605,0.02783197,-0.2002443,0.9793506,33,5.7,-13.05444,108.5411,34,-0.7,-31.14709,237.2768
47.39941,1.223887,-8.580866,61.41532,0.04266975,2.898459,0.1882397,-0.05089787,0.03394562,-0.005070708,0.998114,-0.0355033,2.867334,0.190869,0.02021547,-0.1837642,0.9827625,33,5.7,-12.50061,104.6004,34,-0.7,-30.59325,233.3361
47.44128,1.156978,-9.789311,70.01385,0.4415885,2.913442,0.1879911,-0.05726292,0.02982393,0.00127905,0.9979128,0.3505292,2.879486,0.1898311,0.01136345,-0.1785127,0.983872,33,5.7,-11.94663,100.6586,34,-0.7,-30.03927,229.3943
47.48303,2.208238,-11.77937,84.1739,0.8550131,2.926671,0.1885111,-0.05941028,0.02533415,0.005354472,0.9978978,0.7510207,2.892114,0.1889602,0.01708959,-0.1720607,0.9849381,33,5.7,-11.39487,96.73262,34,-0.7,-29.48751,225.4683
47.52478,2.692352,-6.673282,47.84215,1.278995,2.937479,0.1892209,-0.05971255,0.01998716,0.01071908,0.9979579,1.198131,2.91567,0.1884381,0.03072514,-0.1971743,0.9798868,33,5.7,-10.8427,92.80373,34,-0.7,-28.93534,221.5394
47.56665,2.783778,-5.878656,42.1881,1.713337,2.945656,0.1892571,-0.05754554,0.01497754,0.01588572,0.9981041,1.620937,2.925798,0.1887388,0.02708813,-0.205098,0.9783666,33,5.7,-10.29011,88.8718,34,-0.7,-28.38275,217.6075
47.60864,3.395902,-5.724,41.08766,2.155523,2.952538,0.1897648,-0.05929344,0.01030591,0.02078245,0.9979711,2.051351,2.934557,0.1887721,0.03214552,-0.2070089,0.9778109,33,5.7,-9.733998,84.91489,34,-0.7,-27.82664,213.6506
47.65051,3.74388,-5.717527,41.0416,2.604435,2.95745,0.1901568,-0.06667303,0.005684257,0.02676819,0.9973996,2.488708,2.941645,0.1891147,0.03004313,-0.2072615,0.9778242,33,5.7,-9.181426,80.98314,34,-0.7,-27.27407,209.7188
47.69202,3.874129,-6.169282,44.256,3.058033,2.959076,0.1912371,-0.07491836,0.001337081,0.03102772,0.996706,2.970297,2.952645,0.1899915,0.02008096,-0.2026675,0.9790417,33,5.7,-8.631972,77.07357,34,-0.7,-26.72461,205.8093
47.73364,4.67316,-6.797787,48.7281,3.514504,2.957927,0.1925672,-0.0771747,-0.002471656,0.03109585,0.9965295,3.415854,2.956071,0.1905673,0.02538785,-0.1969528,0.9800842,33,5.7,-8.08264,73.16486,34,-0.7,-26.17528,201.9006
47.77551,4.95912,-7.33924,52.58074,3.965391,2.954576,0.1935926,-0.0725154,-0.004458189,0.02696009,0.9969929,3.856886,2.957331,0.1913295,0.02063988,-0.1928087,0.9810193,33,5.7,-7.52829,69.22046,34,-0.7,-25.62093,197.9562
47.81714,5.362917,-6.14419,44.07751,4.399471,2.953476,0.1953403,-0.07110312,-0.001972824,0.02053102,0.9972557,4.283085,2.956878,0.1921839,0.02408608,-0.2030033,0.9788817,33,5.7,-6.978549,65.30885,34,-0.7,-25.07119,194.0446
47.85876,5.271238,-5.726985,41.10894,4.813818,2.952052,0.196965,-0.07261032,0.002190381,0.022348,0.9971076,4.730788,2.953938,0.1944084,0.01292049,-0.2075345,0.9781424,33,5.7,-6.427508,61.38799,34,-0.7,-24.52015,190.1237
47.90063,5.442836,-5.708244,40.97561,5.204057,2.951147,0.1989245,-0.07403182,0.004445046,0.03100895,0.9967638,5.11596,2.952621,0.1956683,0.007840445,-0.2077406,0.9781526,33,5.7,-5.874177,57.45084,34,-0.7,-23.96682,186.1866
47.9425,5.919631,-6.009605,43.1199,5.559139,2.94977,0.201211,-0.07569743,0.00416857,0.03614587,0.9964668,5.4684,2.951491,0.1970308,0.01029016,-0.204355,0.9788427,33,5.7,-5.32106,53.51521,34,-0.7,-23.4137,182.2509
47.98425,6.461309,-6.399829,45.89648,5.897846,2.946864,0.2036599,-0.07604422,0.0007666051,0.04294998,0.9961787,5.837349,2.949443,0.2002305,0.01337616,-0.2004259,0.9796176,33,5.7,-4.769251,49.58888,34,-0.7,-22.86189,178.3246
48.02588,6.631548,-6.648418,47.66529,6.211969,2.942189,0.2063219,-0.07648437,-0.001949608,0.04691854,0.9959643,6.147928,2.947715,0.2020503,0.009986749,-0.1981607,0.9801187,33,5.7,-4.218624,45.67096,34,-0.7,-22.31126,174.4067
48.06775,6.85734,-6.922537,49.61575,6.498137,2.9359,0.2097193,-0.07734118,-0.004945725,0.04886511,0.9957942,6.432063,2.945101,0.2041292,0.008439823,-0.1958289,0.9806018,33,5.7,-3.664376,41.72728,34,-0.7,-21.75702,170.463
48.10999,6.81744,-7.53083,53.94398,6.75119,2.928165,0.2131906,-0.07751069,-0.008046091,0.05034588,0.9956871,6.684977,2.941593,0.2064315,0.002419451,-0.1912819,0.9815322,33,5.7,-3.106873,37.76044,34,-0.7,-21.19951,166.4961
48.15149,5.396655,-7.812798,55.95028,6.964055,2.919371,0.2177379,-0.07938415,-0.01007393,0.04905038,0.9955857,6.9238,2.931454,0.2114848,-0.02689328,-0.1892079,0.9815687,33,5.7,-2.557432,33.85097,34,-0.7,-20.65007,162.5867
48.19226,5.170173,-8.015261,57.39088,7.136978,2.909893,0.2224155,-0.07938814,-0.01208207,0.05037996,0.9954966,7.098594,2.925201,0.2145822,-0.03310851,-0.1878335,0.9816427,33,5.7,-2.017781,30.01115,34,-0.7,-20.11042,158.7468
48.23438,5.019373,-8.080761,57.85694,7.270232,2.899651,0.2268384,-0.07451935,-0.01279873,0.05540828,0.9955968,7.235554,2.918224,0.2180901,-0.03774105,-0.18731,0.9815755,33,5.7,-1.462227,26.05818,34,-0.7,-19.55487,154.7939
48.27649,5.194345,-7.527677,53.92155,7.355509,2.891377,0.2310621,-0.07158291,-0.0134716,0.05916299,0.9955873,7.327053,2.910486,0.2216995,-0.03895609,-0.1906636,0.9808822,33,5.7,-0.905224,22.0949,34,-0.7,-18.99786,150.8306
48.31799,4.544503,-7.749386,55.4991,7.397668,2.884103,0.2344946,-0.06974024,-0.01415426,0.06246835,0.9955068,7.386809,2.895154,0.2285628,-0.05043313,-0.1888738,0.9807055,33,5.7,-0.3557428,18.18514,34,-0.7,-18.44838,146.9208
48.3595,2.625879,-10.69428,76.45309,7.394363,2.877748,0.2374867,-0.07054199,-0.01468289,0.06558935,0.9952419,7.390378,2.888774,0.2317424,-0.06142303,-0.1751101,0.982631,33,5.7,0.1923592,14.28519,34,-0.7,-17.90028,143.0209
48.40149,2.240656,-10.52656,75.25974,7.346338,2.872499,0.2399666,-0.07217859,-0.01705828,0.06929246,0.9948356,7.350962,2.883106,0.2345488,-0.06690171,-0.175553,0.9821941,33,5.7,0.7477543,10.33335,34,-0.7,-17.34489,139.069
48.4436,1.929617,-10.43583,74.61412,7.253384,2.868063,0.2418269,-0.07290548,-0.02138984,0.07014651,0.994639,7.268604,2.87815,0.2372109,-0.07048396,-0.1757677,0.9819051,33,5.7,1.304131,6.374524,34,-0.7,-16.78851,135.1102
48.48535,2.110662,-9.580802,68.5303,7.118427,2.864173,0.2432076,-0.07528018,-0.02581915,0.06918315,0.9944245,7.139254,2.869804,0.2409524,-0.07225303,-0.1788958,0.9812114,33,5.7,1.856361,2.445202,34,-0.7,-16.23628,131.1809
48.52649,1.708403,-9.865632,70.55692,6.944968,2.86139,0.2440116,-0.0748409,-0.02751839,0.06672753,0.9945799,6.975731,2.866296,0.242312,-0.07351278,-0.1776915,0.9813367,34,-0.7,-15.69276,127.3136,35,5.7,-33.78517,256.0478
48.56848,2.447836,-8.354711,59.80622,6.724563,2.862525,0.2453039,-0.07602172,-0.02715951,0.06505946,0.9946107,6.767866,2.863092,0.2434976,-0.07109566,-0.1846137,0.9802363,34,-0.7,-15.13764,123.3636,35,5.7,-33.23005,252.0978
48.61035,2.019735,-8.541456,61.13499,6.463776,2.866375,0.2459671,-0.07485255,-0.02451366,0.06304485,0.9948978,6.520671,2.861421,0.2442726,-0.07246429,-0.1835843,0.9803294,34,-0.7,-14.58286,119.4162,35,5.7,-32.67527,248.1504
48.6521,1.877482,-8.821587,63.12815,6.169031,2.872176,0.245081,-0.06512704,-0.02373981,0.06503867,0.9954723,6.219032,2.863419,0.2457248,-0.06772449,-0.1822761,0.9809123,34,-0.7,-14.03101,115.4896,35,5.7,-32.12342,244.2238
48.6936,2.078242,-7.249909,51.94514,5.848176,2.880849,0.2428556,-0.05960327,-0.02346927,0.06625723,0.9957443,5.910186,2.866876,0.2459184,-0.07254864,-0.191537,0.9788004,34,-0.7,-13.48238,111.5859,35,5.7,-31.57479,240.3201
48.73572,1.434398,-7.858567,56.27592,5.500491,2.891817,0.2391277,-0.0635922,-0.02283671,0.0639625,0.9956623,5.57478,2.871774,0.2450414,-0.07238538,-0.1875962,0.9795755,34,-0.7,-12.92625,107.6288,35,5.7,-31.01866,236.363
48.77747,0.4921928,-8.96744,64.16595,5.143505,2.90273,0.234328,-0.06822873,-0.02093708,0.05987307,0.9956514,5.229081,2.878402,0.2433165,-0.07267023,-0.1817312,0.9806594,34,-0.7,-12.3743,103.7015,35,5.7,-30.46671,232.4357
48.81946,-0.731517,-11.44164,81.77084,4.767307,2.913836,0.2292278,-0.07176279,-0.01923987,0.05530294,0.9957016,4.833688,2.89483,0.2374929,-0.06707407,-0.1727889,0.9826725,34,-0.7,-11.81859,99.74739,35,5.7,-29.911,228.4816
48.86133,-1.428791,-12.30459,87.91092,4.383372,2.924601,0.2240864,-0.07305037,-0.01793808,0.05088793,0.9958676,4.460026,2.903661,0.2336369,-0.06603207,-0.1705321,0.9831371,34,-0.7,-11.2649,95.80769,35,5.7,-29.35731,224.5419
48.90308,-1.001494,-10.84381,77.51704,3.995078,2.934675,0.2191028,-0.07212085,-0.01609251,0.04495819,0.9962522,4.081711,2.912465,0.2296784,-0.06461719,-0.1748684,0.9824692,34,-0.7,-10.71224,91.87534,35,5.7,-28.80466,220.6095
48.94531,0.4032648,-7.508726,53.78667,3.596329,2.943604,0.2139867,-0.07375562,-0.0136542,0.03905275,0.9964179,3.693535,2.92101,0.225722,-0.06018851,-0.1907899,0.979784,34,-0.7,-10.15513,87.91127,35,5.7,-28.24754,216.6455
48.98682,0.03600932,-8.217199,58.82772,3.192762,2.949996,0.2087285,-0.07455252,-0.01000172,0.03301416,0.9966203,3.265258,2.936789,0.2174248,-0.05404642,-0.1866791,0.9809332,34,-0.7,-9.605984,84.00389,35,5.7,-27.69839,212.7381
49.02844,0.2202816,-7.127369,51.07318,2.789802,2.953587,0.2033953,-0.07450715,-0.006074905,0.02922649,0.9967736,2.871809,2.943224,0.2130629,-0.0510741,-0.1939812,0.9796748,34,-0.7,-9.055924,80.09002,35,5.7,-27.14834,208.8242
49.07043,0.1126447,-7.259683,52.01464,2.376682,2.954009,0.1979168,-0.07246785,-0.001898915,0.02249021,0.9971154,2.468914,2.948028,0.2088277,-0.04458034,-0.1931287,0.9801601,34,-0.7,-8.500866,76.14057,35,5.7,-26.59328,204.8748
49.11243,-0.04684926,-7.207676,51.6446,1.965006,2.952988,0.1923814,-0.06977504,0.0006617308,0.01976074,0.9973668,2.066909,2.951113,0.2046731,-0.04028044,-0.1935891,0.9802555,34,-0.7,-7.945292,72.18746,35,5.7,-26.03771,200.9216
49.15393,-0.259375,-7.140453,51.16629,1.556519,2.953743,0.188476,-0.0718817,0.003428698,0.01603154,0.9972785,1.631023,2.952453,0.195797,-0.03635764,-0.1941148,0.9803048,34,-0.7,-7.396964,68.2859,35,5.7,-25.48938,197.0201
49.19556,-0.5330468,-7.292328,52.24693,1.156179,2.949897,0.1849045,-0.07289085,0.006763308,0.01422422,0.9972155,1.238725,2.952317,0.1920313,-0.03337739,-0.1929929,0.9806322,34,-0.7,-6.846588,64.36977,35,5.7,-24.939,193.1039
49.23706,-0.9173627,-7.45455,53.40112,0.7668526,2.944572,0.1828407,-0.07228337,0.01156831,0.01247363,0.9972391,0.8565416,2.951326,0.1887889,-0.03269915,-0.191816,0.980886,34,-0.7,-6.296694,60.45708,35,5.7,-24.38911,189.1913
49.27942,-0.7167815,-6.8691,49.23542,0.3884062,2.937993,0.1806628,-0.06706416,0.01482514,0.009532304,0.997593,0.4845895,2.949271,0.185973,-0.02400968,-0.1962226,0.9802654,34,-0.7,-5.737157,56.47577,35,5.7,-23.82957,185.2099
49.3208,-0.4324921,-6.013988,43.15108,0.02194131,2.929292,0.1789012,-0.05992803,0.0169757,0.002910103,0.9980541,0.08986858,2.941144,0.1819665,-0.01190011,-0.2040105,0.9788964,34,-0.7,-5.190193,52.58392,35,5.7,-23.28261,181.3181
49.36243,-1.043369,-5.670875,40.70961,-0.3317156,2.921041,0.1776666,-0.058321,0.02024391,-0.004522328,0.9980823,-0.2577951,2.935293,0.1804863,-0.01895678,-0.2076766,0.9780138,34,-0.7,-4.639791,48.6676,35,5.7,-22.7322,177.4018
49.40417,-1.962037,-6.111024,43.84143,-0.6592413,2.912734,0.1771201,-0.05824746,0.02470919,-0.005473752,0.9979814,-0.5815488,2.929038,0.1789364,-0.03094577,-0.202647,0.9787627,34,-0.7,-4.088017,44.74152,35,5.7,-22.18043,173.4757
49.44678,-2.205893,-6.198463,44.4636,-0.9672627,2.902566,0.1772128,-0.06041526,0.02978322,-0.007087114,0.9977038,-0.8866155,2.92237,0.177995,-0.02916539,-0.2016352,0.9790264,34,-0.7,-3.52428,40.73033,35,5.7,-21.61669,169.4645
49.48828,-2.200435,-6.548777,46.95621,-1.242288,2.891831,0.1776381,-0.05935459,0.03210309,-0.006634933,0.9976986,-1.189084,2.907938,0.1772958,-0.02118635,-0.1981048,0.9799519,34,-0.7,-2.97549,36.82548,35,5.7,-21.0679,165.5596
49.5293,-2.180707,-6.506589,46.65602,-1.48097,2.880464,0.1786654,-0.05911542,0.03609374,-0.008845055,0.9975592,-1.427605,2.89993,0.1772206,-0.01587914,-0.1983364,0.9800054,34,-0.7,-2.432858,32.96446,35,5.7,-20.52527,161.6986
49.57153,-2.146402,-6.454041,46.28213,-1.681728,2.869798,0.1804527,-0.05915067,0.04034591,-0.009078643,0.9973921,-1.630252,2.891358,0.1777421,-0.01097144,-0.1986488,0.9800094,34,-0.7,-1.875833,29.00102,35,5.7,-19.96824,157.7352
49.61353,-1.751419,-6.370201,45.68558,-1.836547,2.859264,0.1827787,-0.05818241,0.04215943,-0.007691479,0.9973857,-1.789484,2.882638,0.1786631,0.0008196992,-0.1992511,0.9799481,34,-0.7,-1.320423,25.04907,35,5.7,-19.41283,153.7832
49.65491,-0.4471549,-5.956571,42.74245,-1.947628,2.850243,0.18552,-0.0588694,0.04212564,-0.01094682,0.9973164,-1.92318,2.865153,0.1815705,0.03393897,-0.2028423,0.9786231,34,-0.7,-0.7727504,21.15218,35,5.7,-18.86516,149.8863
49.69666,-0.6280841,-5.945737,42.66536,-2.005238,2.841956,0.1876578,-0.05525184,0.04058933,-0.01224086,0.9975721,-1.987264,2.857252,0.1834441,0.03131342,-0.2028073,0.9787179,34,-0.7,-0.2202021,17.22059,35,5.7,-18.31261,145.9548
49.73853,-0.7437202,-5.729939,41.12988,-2.015813,2.836152,0.1895195,-0.05209525,0.03913733,-0.01272303,0.9977939,-2.006169,2.849939,0.1853449,0.03016398,-0.205001,0.9782969,34,-0.7,0.3332476,13.28259,35,5.7,-17.75916,142.0168
49.78137,-0.8455018,-5.380325,38.64225,-1.973467,2.831637,0.1908605,-0.04773668,0.0342682,-0.01303603,0.9981869,-1.974726,2.843446,0.1869453,0.02870349,-0.2090381,0.9774862,34,-0.7,0.8985181,9.260486,35,5.7,-17.19389,137.9946
49.82239,-0.4500455,-6.262187,44.91702,-1.877843,2.829276,0.1893789,-0.04027078,0.02561936,-0.01765833,0.9987043,-1.890968,2.833744,0.189896,0.03155394,-0.1991865,0.9794535,34,-0.7,1.442068,5.39293,35,5.7,-16.65034,134.1271
49.86401,-0.7071129,-6.165343,44.22788,-1.722352,2.83356,0.1877671,-0.03935392,0.020583,-0.02345911,0.9987379,-1.747945,2.830726,0.1903921,0.02315069,-0.2000948,0.979503,34,-0.7,1.99141,1.484158,35,5.7,-16.101,130.2183
49.90601,-0.3267688,-6.685288,47.92749,-1.507797,2.841699,0.1859912,-0.0521096,0.01967859,-0.01898549,0.998267,-1.548522,2.829945,0.1898618,0.02509145,-0.1954167,0.9803993,35,5.7,-15.5459,126.2686,36,-5.7,-34.48045,260.9949
49.94836,0.1035172,-8.114075,58.09383,-1.244233,2.851713,0.1852315,-0.06346684,0.0199911,-0.01283801,0.9977012,-1.301334,2.832114,0.1885468,0.02383222,-0.1856937,0.9823186,35,5.7,-14.98512,122.2784,36,-5.7,-33.91966,257.0047
49.98889,2.341318,-13.22806,94.4817,-0.9382904,2.862453,0.1855362,-0.06690232,0.02073222,-0.01177821,0.9974746,-0.9918792,2.843807,0.1860427,0.03482471,-0.1679163,0.985186,35,5.7,-14.45006,118.4712,36,-5.7,-33.3846,253.1975
50.0304,0.7865573,-5.854169,42.01377,-0.5984228,2.873065,0.1867262,-0.06291382,0.02226719,-0.01579957,0.9976455,-0.6655994,2.85182,0.1856858,0.03396923,-0.2036528,0.9784537,35,5.7,-13.9003,114.5595,36,-5.7,-32.83484,249.2858
50.07251,1.237392,-6.10454,43.79525,-0.2329948,2.885311,0.1885436,-0.0598594,0.02599281,-0.01394286,0.997771,-0.3136817,2.860221,0.1859138,0.03481781,-0.2012371,0.9789236,35,5.7,-13.34306,110.5945,36,-5.7,-32.2776,245.3208
50.11523,1.588833,-5.955117,42.73205,0.149374,2.898088,0.1910172,-0.05928158,0.02826235,-0.006015119,0.9978231,0.05576324,2.869154,0.1867594,0.03526097,-0.2029603,0.9785519,35,5.7,-12.77958,106.5852,36,-5.7,-31.71412,241.3114
50.15613,1.954475,-5.494875,39.45726,0.5470185,2.910465,0.1936537,-0.06163258,0.02879205,0.001966096,0.9976817,0.4736567,2.888412,0.1897005,0.03685481,-0.2086445,0.9772969,35,5.7,-12.23799,102.7316,36,-5.7,-31.17253,237.4579
50.19714,2.512775,-5.653339,40.58479,0.9597752,2.922767,0.1972902,-0.06425231,0.02653795,0.007597834,0.9975519,0.8747137,2.898322,0.1915342,0.03964228,-0.2069566,0.9775467,35,5.7,-11.69541,98.8709,36,-5.7,-30.62995,233.5972
50.23901,3.196615,-6.531317,46.83193,1.387878,2.934665,0.2015837,-0.06446495,0.02174374,0.01242809,0.9976057,1.29061,2.908399,0.193723,0.04002351,-0.1982214,0.9793398,35,5.7,-11.14203,94.93343,36,-5.7,-30.07657,229.6597
50.28186,3.578159,-6.833853,48.98459,1.826488,2.944714,0.2060907,-0.06187764,0.0176968,0.01669302,0.9977872,1.716864,2.918278,0.1964688,0.03738435,-0.195873,0.9799165,35,5.7,-10.57599,90.90582,36,-5.7,-29.51052,225.6321
50.323,3.615879,-6.363934,45.64094,2.272359,2.951738,0.2099173,-0.05926555,0.01385704,0.02042661,0.9979371,2.188834,2.936302,0.2030913,0.03075407,-0.2004282,0.9792256,35,5.7,-10.03195,87.03481,36,-5.7,-28.96649,221.7611
50.3645,3.974519,-6.102955,43.78397,2.725681,2.957961,0.214359,-0.06028935,0.0112142,0.02542036,0.9977942,2.630643,2.943744,0.2063774,0.03018111,-0.2031732,0.9786776,35,5.7,-9.48267,83.12645,36,-5.7,-28.4172,217.8527
50.40662,4.408939,-6.29171,45.12703,3.184401,2.960844,0.218602,-0.06095361,0.008361578,0.02826148,0.9977055,3.078027,2.949856,0.2097857,0.02901016,-0.2014404,0.9790711,35,5.7,-8.926001,79.16554,36,-5.7,-27.86053,213.8918
50.44873,4.893148,-6.402461,45.91506,3.643453,2.960966,0.2229412,-0.060416,0.005761683,0.03227614,0.9976347,3.52617,2.954611,0.2132088,0.02929028,-0.2004946,0.9792568,35,5.7,-8.369059,75.20269,36,-5.7,-27.30359,209.929
50.49048,5.299557,-6.438952,46.17471,4.104231,2.95965,0.2273625,-0.05905052,0.003793329,0.03607485,0.9975958,4.016843,2.959638,0.2200876,0.02733631,-0.2002964,0.9793539,35,5.7,-7.818172,71.28294,36,-5.7,-26.75271,206.0092
50.53223,5.478833,-6.119672,43.90291,4.563747,2.959791,0.2324929,-0.05765276,0.003956646,0.03760099,0.9976205,4.466059,2.959888,0.2235572,0.02269541,-0.2034656,0.978819,35,5.7,-7.265794,67.35256,36,-5.7,-26.20033,202.0788
50.5741,5.80681,-5.905758,42.38084,5.008313,2.960321,0.2395103,-0.06146268,0.006119043,0.03727712,0.9973943,4.902068,2.959447,0.227224,0.02099884,-0.2057597,0.9783772,35,5.7,-6.712575,63.4162,36,-5.7,-25.64711,198.1425
50.61584,6.146982,-5.965337,42.80476,5.437082,2.957979,0.2463839,-0.06271842,0.004934371,0.04153399,0.9971545,5.323765,2.959112,0.2315296,0.01892172,-0.2051298,0.9785519,35,5.7,-6.160672,59.48921,36,-5.7,-25.09521,194.2155
50.65735,6.324598,-7.137404,51.14445,5.84767,2.954211,0.2531914,-0.05675856,0.001686394,0.04685909,0.9972863,5.767588,2.958071,0.2417437,0.01073291,-0.1945285,0.9808382,35,5.7,-5.611856,55.58418,36,-5.7,-24.54639,190.3105
50.6991,6.647863,-6.592979,47.27067,6.231991,2.949507,0.2594938,-0.05277087,-0.002145976,0.0479613,0.997452,6.146888,2.956141,0.2471274,0.01043999,-0.1989983,0.9799442,35,5.7,-5.059676,51.65522,36,-5.7,-23.99421,186.3815
50.74097,6.850435,-6.620059,47.46336,6.597869,2.944927,0.2656709,-0.05325714,-0.006659448,0.05065299,0.9972731,6.508258,2.953341,0.25239,0.007103019,-0.1987294,0.9800287,35,5.7,-4.506204,47.71706,36,-5.7,-23.44074,182.4433
50.78308,6.850594,-6.793181,48.69519,6.936575,2.938845,0.2712341,-0.05373345,-0.009100764,0.05087722,0.9972168,6.844127,2.950069,0.2575192,0.0001308541,-0.1972003,0.9803632,35,5.7,-3.949151,43.75342,36,-5.7,-22.88369,178.4797
50.82434,6.695876,-6.503861,46.63657,7.245805,2.930593,0.2760618,-0.05362357,-0.01165998,0.05352568,0.9970575,7.183623,2.941905,0.2671866,-0.01030654,-0.199597,0.9798239,35,5.7,-3.403657,39.87203,36,-5.7,-22.33819,174.5983
50.86609,6.795557,-6.527742,46.80649,7.521218,2.921753,0.2804664,-0.0536505,-0.01537228,0.05471371,0.9969413,7.458016,2.9366,0.2715139,-0.01394881,-0.1992817,0.979843,35,5.7,-2.851334,35.94205,36,-5.7,-21.78587,170.6683
50.9082,6.69623,-6.470024,46.39584,7.762409,2.912541,0.2844741,-0.05404207,-0.01931676,0.0552739,0.9968206,7.699824,2.93043,0.2754788,-0.02131714,-0.1996727,0.9796308,35,5.7,-2.295178,31.98479,36,-5.7,-21.22971,166.7111
50.94971,6.674155,-6.425569,46.07952,7.963724,2.903443,0.2884101,-0.05442938,-0.02263358,0.05491487,0.9967495,7.903877,2.92363,0.2791543,-0.02629806,-0.1999357,0.9794561,35,5.7,-1.745394,28.07287,36,-5.7,-20.67993,162.7992
50.99133,6.57322,-6.249985,44.83018,8.119525,2.893517,0.2902539,-0.05125867,-0.02493143,0.05455459,0.9968826,8.085022,2.909194,0.2858882,-0.0332255,-0.2012949,0.9789671,35,5.7,-1.196044,24.16405,36,-5.7,-20.13058,158.8903
51.03296,6.348606,-6.660937,47.75425,8.230097,2.885109,0.2908507,-0.04810007,-0.0274359,0.05603054,0.9968923,8.200448,2.901606,0.2882758,-0.03821779,-0.1973488,0.9795882,35,5.7,-0.6446681,20.2408,36,-5.7,-19.5792,154.9671
51.0752,5.754521,-7.93121,56.79271,8.28938,2.87826,0.2898559,-0.04686446,-0.02858609,0.05627145,0.9969053,8.267256,2.894042,0.2898287,-0.04363498,-0.1879861,0.9812019,35,5.7,-0.08678013,16.27122,36,-5.7,-19.02132,150.9975
51.1167,5.349667,-8.296576,59.39243,8.296536,2.873748,0.2881081,-0.04854651,-0.02843064,0.05679649,0.9967994,8.284464,2.88707,0.2905072,-0.04873276,-0.1857061,0.9813961,35,5.7,0.4611427,12.37255,36,-5.7,-18.47339,147.0988
51.1582,5.20698,-8.116435,58.11066,8.251047,2.869653,0.2854418,-0.05215081,-0.02689365,0.06125163,0.9963962,8.254769,2.876467,0.2894639,-0.05171379,-0.1865235,0.9810885,35,5.7,1.010729,8.46204,36,-5.7,-17.92381,143.1883
51.19983,5.008275,-8.642916,61.85677,8.152215,2.866033,0.2819405,-0.05383504,-0.02650103,0.06391385,0.9961498,8.167063,2.872587,0.2881809,-0.0503667,-0.183614,0.9817073,35,5.7,1.560737,4.548534,36,-5.7,-17.3738,139.2748
51.24182,4.592972,-9.195218,65.78656,7.99743,2.862801,0.2769961,-0.05432392,-0.02817836,0.06696932,0.9958766,8.025639,2.869242,0.2860556,-0.05147145,-0.1809017,0.9821534,35,5.7,2.116191,0.5962722,36,-5.7,-16.81835,135.3226
51.28333,5.050485,-7.774868,55.68029,7.798689,2.861221,0.2715086,-0.05434245,-0.0302231,0.07098249,0.9955376,7.84125,2.866346,0.2833079,-0.04941269,-0.1884109,0.9808464,36,-5.7,-16.26942,131.4167,37,5.7,-35.03513,264.9417
51.32471,4.510678,-9.481374,67.82267,7.543506,2.863349,0.2671133,-0.06170804,-0.02989533,0.06679603,0.9954078,7.588117,2.861761,0.2760662,-0.04477316,-0.1795782,0.9827243,36,-5.7,-15.72223,127.5233,37,5.7,-34.48795,261.0482
51.36682,3.217958,-10.80544,77.2439,7.238925,2.866993,0.2625391,-0.06386857,-0.02817982,0.06571793,0.9953934,7.29879,2.861306,0.2720096,-0.05212975,-0.174583,0.9832615,36,-5.7,-15.16652,123.5693,37,5.7,-33.93224,257.0942
51.40894,2.100336,-12.82605,91.62131,6.886324,2.870958,0.2564924,-0.05631454,-0.02749461,0.07034042,0.9955526,6.963096,2.862453,0.2681549,-0.0523903,-0.1690245,0.9842185,36,-5.7,-14.6091,119.603,37,5.7,-33.37481,253.1279
51.45093,3.949903,-7.620377,54.58099,6.49173,2.877684,0.249344,-0.04841831,-0.02924234,0.0740263,0.9956509,6.586612,2.86468,0.2642953,-0.04760932,-0.1893217,0.9807603,36,-5.7,-14.05414,115.6542,37,5.7,-32.81985,249.1791
51.49268,3.163749,-8.727679,62.45986,6.059544,2.887231,0.2416598,-0.0548301,-0.02953979,0.07011844,0.9955926,6.140849,2.87179,0.2548348,-0.04699651,-0.1831092,0.9819686,36,-5.7,-13.50152,111.7222,37,5.7,-32.26723,245.2471
51.53455,2.639372,-8.773231,62.78397,5.597172,2.896446,0.2333628,-0.06076966,-0.02718848,0.06363326,0.9957503,5.694394,2.877591,0.2491676,-0.04797144,-0.1829468,0.9819517,36,-5.7,-12.94877,107.7891,37,5.7,-31.71449,241.3141
51.57642,2.046636,-9.111322,65.18962,5.107102,2.905851,0.2264085,-0.0649925,-0.02342391,0.05836508,0.9959021,5.220815,2.88439,0.2430611,-0.04800538,-0.1814198,0.9822334,36,-5.7,-12.39521,103.8503,37,5.7,-31.16092,237.3753
51.61829,1.546562,-11.03239,78.85874,4.593988,2.914089,0.2201082,-0.06564633,-0.01858237,0.0537137,0.996223,4.724437,2.891788,0.2367486,-0.03976882,-0.174251,0.9838979,36,-5.7,-11.84103,99.90711,37,5.7,-30.60674,233.432
51.65955,2.563233,-8.261665,59.144,4.058574,2.921589,0.2141132,-0.06324437,-0.01515603,0.04921034,0.9966689,4.162285,2.906434,0.2252035,-0.02665567,-0.1861684,0.9821562,36,-5.7,-11.29547,96.02531,37,5.7,-30.06119,229.5502
51.70142,2.543576,-6.854511,49.13157,3.50699,2.92732,0.208897,-0.06269684,-0.01461029,0.0470303,0.9968169,3.626301,2.913005,0.2200454,-0.02170269,-0.1957849,0.9804067,36,-5.7,-10.74263,92.09163,37,5.7,-29.50834,225.6165
51.74341,1.75211,-6.704994,48.0677,2.95175,2.932322,0.2039799,-0.06130649,-0.01466414,0.04456968,0.9970156,3.085416,2.918899,0.215434,-0.02730583,-0.1970952,0.980004,36,-5.7,-10.18683,88.13689,37,5.7,-28.95254,221.6618
51.78503,1.168624,-6.749757,48.38622,2.399159,2.935569,0.1990389,-0.06191634,-0.01442349,0.04088092,0.9971395,2.496591,2.928367,0.2068009,-0.02701328,-0.1968707,0.9800572,36,-5.7,-9.636773,84.22303,37,5.7,-28.40248,217.748
51.82617,0.8419509,-5.946933,42.67382,1.858078,2.93852,0.1952815,-0.06364198,-0.01362896,0.03565741,0.9972425,1.966586,2.931767,0.202917,-0.02591111,-0.2045613,0.9785107,36,-5.7,-9.09216,80.34791,37,5.7,-27.85787,213.8728
51.86829,0.8941913,-5.993471,43.00496,1.322234,2.937287,0.1908511,-0.06237817,-0.01073998,0.02629488,0.9976484,1.441615,2.93449,0.1994251,-0.01251824,-0.2041606,0.9788574,36,-5.7,-8.535637,76.38804,37,5.7,-27.30135,209.913
51.91016,0.3218151,-6.272731,44.99199,0.7934158,2.934854,0.1854775,-0.05463638,-0.006297052,0.01790971,0.9983258,0.9234518,2.936164,0.1960071,-0.01315436,-0.2013459,0.9794319,36,-5.7,-7.981696,72.44655,37,5.7,-26.74741,205.9715
51.95178,-0.3177861,-6.238257,44.74675,0.2615416,2.930947,0.18006,-0.05119397,-0.00131467,0.01247559,0.99861,0.3558134,2.935095,0.1885428,-0.01480514,-0.2016225,0.9793514,36,-5.7,-7.430912,68.52751,37,5.7,-26.19662,202.0524
51.99365,-0.6027529,-5.744243,41.23165,-0.2653943,2.927308,0.174252,-0.04763383,0.003660352,0.01104454,0.9987972,-0.1597971,2.933009,0.1845362,-0.01055747,-0.2068149,0.9783232,36,-5.7,-6.878546,64.59723,37,5.7,-25.64426,198.1221
52.0354,-3.332024,-6.598674,47.31125,-0.7915694,2.922396,0.1680002,-0.05084742,0.00466603,0.008968067,0.9986553,-0.6746503,2.930254,0.1799605,-0.05517996,-0.1978668,0.9786745,36,-5.7,-6.325985,60.66556,37,5.7,-25.0917,194.1905
52.07727,-4.768033,-7.935329,56.82206,-1.294368,2.916128,0.1615628,-0.05106162,0.005039662,0.004530652,0.9986725,-1.168463,2.927094,0.1752789,-0.0622859,-0.1879603,0.9801997,36,-5.7,-5.771944,56.72335,37,5.7,-24.53765,190.2483
52.11914,-5.227411,-7.938709,56.8461,-1.785132,2.907666,0.1544262,-0.04955658,0.005538434,-0.001623374,0.9987547,-1.696576,2.918526,0.16544,-0.06106693,-0.1877795,0.980311,36,-5.7,-5.219522,52.79267,37,5.7,-23.98523,186.3176
52.16064,-5.276797,-7.384929,52.90575,-2.250605,2.899678,0.1478063,-0.04937615,0.006604314,-0.008960039,0.9987183,-2.154672,2.912823,0.1597767,-0.05799708,-0.1912928,0.979818,36,-5.7,-4.669719,48.88061,37,5.7,-23.43543,182.4055
52.20276,-5.635954,-7.071204,50.67348,-2.694173,2.892876,0.1423344,-0.04933881,0.006819993,-0.0185926,0.9985858,-2.59198,2.906778,0.1545213,-0.05900909,-0.1934287,0.9793382,36,-5.7,-4.113683,44.92421,37,5.7,-22.87939,178.4491
52.24451,-6.160459,-7.092373,50.82412,-3.112857,2.885074,0.1377157,-0.05296102,0.008166969,-0.02703544,0.9981972,-3.005747,2.900597,0.1494581,-0.06096433,-0.1931128,0.9792808,36,-5.7,-3.561357,40.99421,37,5.7,-22.32707,174.5191
52.28625,-6.83871,-8.133879,58.2348,-3.505627,2.876461,0.1337225,-0.05187175,0.01000562,-0.03064808,0.9981332,-3.433149,2.888722,0.1408018,-0.05749871,-0.1861032,0.9808463,36,-5.7,-3.010075,37.07163,37,5.7,-21.77579,170.5965
52.328,-6.31964,-6.473083,46.41764,-3.867454,2.867186,0.1301818,-0.04927986,0.01434061,-0.03421313,0.9980959,-3.791267,2.882263,0.1372154,-0.05347182,-0.1978537,0.978772,36,-5.7,-2.4575,33.13986,37,5.7,-21.22321,166.6648
52.37,-6.215886,-6.273557,44.99794,-4.195508,2.857795,0.127578,-0.04900263,0.01915497,-0.03543225,0.9979862,-4.117367,2.875369,0.1340408,-0.04578384,-0.1996043,0.9788064,36,-5.7,-1.902945,29.19399,37,5.7,-20.66866,162.7189
52.41174,-6.415881,-6.551364,46.97464,-4.487993,2.84905,0.1263719,-0.05133188,0.02296418,-0.03594816,0.9977703,-4.409549,2.868038,0.1309336,-0.04195284,-0.196962,0.9795131,36,-5.7,-1.350842,25.26558,37,5.7,-20.11655,158.7905
52.45325,-6.512125,-7.517352,53.84801,-4.743608,2.837596,0.1253444,-0.05152388,0.02307335,-0.03580549,0.997763,-4.694429,2.853465,0.1273274,-0.03320426,-0.1894463,0.9813295,36,-5.7,-0.8018206,21.35909,37,5.7,-19.56753,154.884
52.49512,-6.405829,-6.689314,47.95622,-4.947053,2.829998,0.1252354,-0.04397523,0.0250192,-0.03756408,0.9980127,-4.900414,2.84562,0.1262774,-0.03085222,-0.1954108,0.9802361,36,-5.7,-0.2486808,17.42329,37,5.7,-19.01439,150.9482
52.53687,-6.334373,-6.127948,43.96188,-5.087547,2.824228,0.1266508,-0.0475399,0.02699878,-0.03364909,0.9979373,-5.04746,2.837852,0.1255484,-0.02874988,-0.2002979,0.9793131,36,-5.7,0.3040795,13.4902,37,5.7,-18.46163,147.0151
52.57886,-6.317977,-6.736475,48.29178,-5.171976,2.81882,0.1283962,-0.04788661,0.03024188,-0.0317396,0.9978903,-5.140791,2.831393,0.1255957,-0.02396479,-0.1947801,0.9805542,36,-5.7,0.8598238,9.535872,37,5.7,-17.90589,143.0608
52.62024,-5.960524,-6.970706,49.95842,-5.199391,2.814611,0.1304559,-0.04411788,0.03026599,-0.03132254,0.9980764,-5.189677,2.821265,0.1273931,-0.01517714,-0.1927939,0.9811219,36,-5.7,1.406113,5.648826,37,5.7,-17.3596,139.1737
52.66187,-5.967331,-5.852436,42.00152,-5.165504,2.811568,0.1321373,-0.03965611,0.02975217,-0.02948204,0.9983351,-5.165739,2.817222,0.1288376,-0.01874264,-0.2027123,0.979059,36,-5.7,1.957223,1.727471,37,5.7,-16.80849,135.2524
52.70398,-5.785474,-5.406923,38.83153,-5.07198,2.811051,0.1339648,-0.04040105,0.02985263,-0.02852175,0.9983301,-5.084544,2.813957,0.1303858,-0.01771324,-0.2077509,0.9780214,37,5.7,-16.25223,131.2944,38,-5.7,-34.64212,262.1452
52.74609,-5.72482,-6.232518,44.70595,-4.920168,2.810934,0.1353934,-0.04585099,0.03154379,-0.02363949,0.9981703,-4.947419,2.811589,0.1318737,-0.01708982,-0.1988197,0.9798871,37,5.7,-15.69556,127.3335,38,-5.7,-34.08545,258.1843
52.78711,-5.474344,-7.217937,51.71758,-4.704399,2.814681,0.1375174,-0.04735011,0.03549057,-0.01959966,0.9980553,-4.738574,2.810154,0.1347169,-0.01400031,-0.190816,0.981526,37,5.7,-15.15281,123.4716,38,-5.7,-33.54269,254.3224
52.82874,-5.137711,-7.731667,55.37295,-4.43079,2.822088,0.1413266,-0.05041093,0.03638211,-0.01306189,0.9979802,-4.480255,2.81123,0.1360675,-0.01169061,-0.1874697,0.9822009,37,5.7,-14.60287,119.5586,38,-5.7,-32.99276,250.4094
52.87036,-4.681027,-8.374099,59.94408,-4.112545,2.831485,0.1449374,-0.0460771,0.03701577,-0.01079075,0.9981935,-4.178006,2.81445,0.1381122,-0.008267144,-0.1838842,0.9829131,37,5.7,-14.05212,115.6398,38,-5.7,-32.44201,246.4906
52.9126,-4.032633,-7.087173,50.78713,-3.760896,2.842151,0.148319,-0.0415848,0.03720146,-0.01017251,0.9983904,-3.842135,2.819575,0.1406996,-0.003691341,-0.1919667,0.9813945,37,5.7,-13.4935,111.665,38,-5.7,-31.88339,242.5158
52.9541,-0.6945139,-6.242098,44.77411,-3.378374,2.854486,0.1508878,-0.0402782,0.03649995,-0.004595196,0.9985111,-3.445997,2.834201,0.1461784,0.06030705,-0.1989344,0.9781555,37,5.7,-12.94463,107.7596,38,-5.7,-31.33452,238.6104
52.99573,-0.2070628,-6.783836,48.62879,-2.96829,2.86796,0.1532427,-0.0435857,0.03478184,0.001503154,0.9984429,-3.049582,2.84329,0.1489011,0.05741512,-0.1944552,0.9792296,37,5.7,-12.39572,103.8539,38,-5.7,-30.78561,234.7047
53.03772,0.3917769,-7.119833,51.01954,-2.528258,2.881457,0.1557051,-0.04931585,0.03441969,0.00640272,0.9981694,-2.624461,2.853071,0.150997,0.05808878,-0.1920651,0.9796615,37,5.7,-11.83972,99.8978,38,-5.7,-30.22961,230.7486
53.08057,1.247014,-8.04992,57.63745,-2.060842,2.895433,0.159236,-0.05474206,0.0329715,0.01457539,0.9978496,-2.172955,2.863441,0.1528581,0.05835005,-0.1861992,0.9807779,37,5.7,-11.27405,95.87282,38,-5.7,-29.66394,226.7236
53.12158,2.125775,-8.650548,61.91114,-1.571042,2.908611,0.1630588,-0.05382882,0.03122029,0.02309678,0.9977947,-1.659253,2.885242,0.1570418,0.06014068,-0.1832933,0.9812169,37,5.7,-10.73138,92.01156,38,-5.7,-29.12127,222.8624
53.16296,1.737407,-6.194921,44.43845,-1.064523,2.92022,0.1661967,-0.04735275,0.02805293,0.03023711,0.9980263,-1.167232,2.89606,0.1598804,0.06412656,-0.2007043,0.9775508,37,5.7,-10.18379,88.11524,38,-5.7,-28.57368,218.966
53.20496,2.281227,-5.943394,42.64874,-0.5431442,2.931356,0.1681995,-0.04378434,0.02341869,0.0351928,0.9981463,-0.660474,2.906317,0.1627586,0.06762923,-0.2034535,0.9767461,37,5.7,-9.628392,84.16338,38,-5.7,-28.01828,215.0142
53.24744,2.557839,-5.634111,40.44807,-0.009450931,2.941259,0.1695444,-0.04642514,0.01889336,0.03695188,0.9980593,-0.141344,2.916008,0.1651599,0.06540512,-0.2071818,0.9761137,37,5.7,-9.066255,80.16357,38,-5.7,-27.45615,211.0144
53.2887,2.702072,-5.949234,42.6903,0.5301932,2.949233,0.1714562,-0.05361249,0.01567829,0.03891925,0.9976799,0.4307126,2.933356,0.168651,0.05221653,-0.2042029,0.977535,37,5.7,-8.522058,76.2914,38,-5.7,-26.91195,207.1422
53.33032,2.990378,-5.638695,40.48069,1.073902,2.952355,0.1725582,-0.05609827,0.01135722,0.04276882,0.9974442,0.9613492,2.940888,0.1700636,0.04917251,-0.2079221,0.9769087,37,5.7,-7.971227,72.37205,38,-5.7,-26.36112,203.2228
53.37207,3.701266,-6.158441,44.17888,1.617378,2.955099,0.1747829,-0.05555217,0.008853287,0.04482113,0.99741,1.492378,2.94666,0.1711053,0.04909284,-0.2023622,0.9780794,37,5.7,-7.41847,68.43898,38,-5.7,-25.80836,199.2898
53.41455,4.71451,-6.49039,46.54082,2.154143,2.955578,0.1777422,-0.05682046,0.006425828,0.04490169,0.9973535,2.01754,2.950278,0.172376,0.05690223,-0.1991847,0.9783086,37,5.7,-6.858255,64.45284,38,-5.7,-25.24815,195.3036
53.45581,4.970182,-6.570867,47.11345,2.6831,2.955937,0.1815367,-0.05819964,0.005775421,0.04557693,0.9972473,2.583647,2.953988,0.1759995,0.04976763,-0.1986267,0.9788108,37,5.7,-6.311681,60.56377,38,-5.7,-24.70157,191.4146
53.49707,5.311282,-6.78853,48.6621,3.194499,2.954687,0.185641,-0.05980889,0.004646629,0.04735977,0.997075,3.085686,2.954796,0.1785265,0.0449588,-0.1968231,0.9794077,37,5.7,-5.766169,56.68225,38,-5.7,-24.15606,187.533
53.53882,5.067249,-5.549955,39.84928,3.693612,2.953419,0.190196,-0.05651854,0.003982753,0.05253517,0.9970105,3.576023,2.954964,0.1815197,0.0367327,-0.209498,0.9771188,37,5.7,-5.214177,52.75462,38,-5.7,-23.60407,183.6054
53.58154,5.343782,-5.487872,39.40754,4.167925,2.950469,0.1946311,-0.05599031,0.003653705,0.0578386,0.996748,4.043385,2.954247,0.1847719,0.03239483,-0.210306,0.9770988,37,5.7,-4.649429,48.73624,38,-5.7,-23.03932,179.587
53.62244,5.910751,-5.635374,40.45696,4.618362,2.946763,0.1997495,-0.05593727,0.0003130734,0.06319522,0.9964323,4.531617,2.951329,0.1917332,0.03347919,-0.2084469,0.9774605,37,5.7,-4.10859,44.88796,38,-5.7,-22.49848,175.7387
53.66406,6.131157,-5.571661,40.00361,5.038678,2.940641,0.2049689,-0.05774012,-0.004839421,0.06200318,0.9963927,4.946934,2.948804,0.1955278,0.02907709,-0.2092095,0.9774384,37,5.7,-3.558135,40.97127,38,-5.7,-21.94803,171.8221
53.70593,6.308818,-5.291872,38.01282,5.426779,2.932375,0.2100321,-0.05678243,-0.009770483,0.06147677,0.9964442,5.331708,2.945485,0.1995656,0.02524016,-0.2127834,0.9767733,37,5.7,-3.005196,37.03691,38,-5.7,-21.39509,167.8877
53.74854,6.570016,-5.319673,38.21063,5.782802,2.923833,0.2151626,-0.05645223,-0.01388091,0.06236252,0.9963591,5.685899,2.940983,0.2036943,0.02272536,-0.2123325,0.9769332,37,5.7,-2.442356,33.0321,38,-5.7,-20.83225,163.8829
53.78943,6.417066,-5.16294,37.09542,6.096608,2.914871,0.2200506,-0.05623548,-0.01618278,0.06194345,0.9963628,6.033614,2.928868,0.2117294,0.01015416,-0.2142797,0.9767196,37,5.7,-1.900959,29.17986,38,-5.7,-20.29085,160.0307
53.83093,6.502503,-4.966305,35.6963,6.363157,2.906068,0.2248748,-0.05608464,-0.01757237,0.06210941,0.9963374,6.30101,2.922009,0.2157673,0.005543481,-0.2170255,0.9761502,37,5.7,-1.35191,25.27317,38,-5.7,-19.7418,156.124
53.87292,6.598243,-4.79369,34.46807,6.582476,2.897401,0.2292686,-0.05634199,-0.0193046,0.06382906,0.9961821,6.523707,2.914899,0.2197236,0.002123147,-0.2195852,0.975591,37,5.7,-0.7972633,21.32665,38,-5.7,-19.18715,152.1774
53.91528,6.858812,-4.808453,34.57312,6.749545,2.888481,0.233081,-0.0575427,-0.02172694,0.06462769,0.9960121,6.696833,2.907824,0.2235467,0.004600836,-0.2191752,0.9756747,37,5.7,-0.2370554,17.34057,38,-5.7,-18.62695,148.1914
53.95654,6.713449,-5.828866,41.83374,6.861728,2.880004,0.2364867,-0.05863892,-0.02404612,0.06553009,0.9958358,6.835457,2.893659,0.230494,-0.002870284,-0.2051974,0.9787164,37,5.7,0.3086067,13.45798,38,-5.7,-18.08129,144.3088
53.99817,6.323474,-6.19052,44.40704,6.913588,2.871653,0.2392357,-0.06049886,-0.02552127,0.06533844,0.9957005,6.895396,2.886721,0.233483,-0.01268119,-0.2012684,0.979454,37,5.7,0.8579998,9.548844,38,-5.7,-17.53189,140.3996
54.04004,6.23499,-6.40647,45.9436,6.904868,2.863743,0.2415726,-0.06023639,-0.0283654,0.06585342,0.9956055,6.897499,2.879966,0.2361684,-0.01420296,-0.1990833,0.9798796,37,5.7,1.412089,5.606297,38,-5.7,-16.9778,136.4571
54.08215,6.043438,-6.350269,45.54372,6.83501,2.856905,0.2433481,-0.06056274,-0.03131419,0.06561898,0.9955128,6.841114,2.873328,0.2387164,-0.01725036,-0.1994668,0.9797527,37,5.7,1.969762,1.638243,38,-5.7,-16.42013,132.489
54.12354,5.85823,-5.913641,42.43695,6.704922,2.85071,0.2436645,-0.06044444,-0.03318837,0.0660589,0.9954302,6.724082,2.860984,0.2423995,-0.02008663,-0.2035594,0.9788565,38,-5.7,-15.87432,128.6054,38,NaN,NaN,NaN
54.16504,5.531714,-5.925288,42.51983,6.513382,2.845195,0.2424114,-0.05647404,-0.03355518,0.06434987,0.995763,6.546679,2.855561,0.2433336,-0.02349964,-0.2033042,0.9788336,38,-5.7,-15.32462,124.6941,38,NaN,NaN,NaN
54.20679,5.342382,-5.707538,40.97045,6.257802,2.844136,0.2412042,-0.0572143,-0.0325765,0.06417982,0.9957642,6.308236,2.850272,0.2435635,-0.02320234,-0.2055807,0.9783651,38,-5.7,-14.77221,120.7635,38,NaN,NaN,NaN
54.24915,5.069065,-5.763875,41.37132,5.942538,2.846766,0.2398145,-0.05946968,-0.02970868,0.06454629,0.9956981,6.012177,2.846238,0.2430136,-0.02243882,-0.2048541,0.9785353,38,-5.7,-14.21364,116.7891,38,NaN,NaN,NaN
54.28088,5.117205,-5.896173,42.31268,5.700129,2.849996,0.2385433,-0.05667774,-0.0284985,0.06704178,0.9957314,5.776384,2.844182,0.2421169,-0.01533908,-0.2033873,0.9789782,38,-5.7,-13.79245,113.7921,38,NaN,NaN,NaN
54.31323,4.702312,-5.901635,42.35154,5.441347,2.854362,0.2363906,-0.05287445,-0.02884778,0.0694447,0.9957658,5.521837,2.844407,0.2412752,-0.01905133,-0.2033172,0.9789276,38,-5.7,-13.3656,110.7549,38,NaN,NaN,NaN
54.3429,4.504094,-6.01741,43.17532,5.164252,2.859718,0.2330451,-0.0501399,-0.02915257,0.0708803,0.9957973,5.247105,2.846653,0.240311,-0.01694568,-0.20216,0.9792059,38,-5.7,-12.97269,107.9592,38,NaN,NaN,NaN
54.37134,4.357332,-5.592212,40.14988,4.87194,2.866196,0.2291043,-0.05030508,-0.02933222,0.06964634,0.9958707,4.95506,2.850598,0.2380266,-0.01465041,-0.2069345,0.9782451,38,-5.7,-12.59751,105.2897,38,NaN,NaN,NaN
54.39893,4.125837,-5.279905,37.9277,4.565129,2.873241,0.2246026,-0.05354198,-0.02840954,0.06550401,0.9960098,4.647064,2.856155,0.2347311,-0.01351573,-0.2109723,0.9773986,38,-5.7,-12.23272,102.6941,38,NaN,NaN,NaN
54.42688,3.580638,-6.515494,46.71938,4.245259,2.880761,0.2197335,-0.05798133,-0.02788404,0.06131805,0.9960425,4.32499,2.863181,0.2305924,-0.01569332,-0.1977321,0.9801305,38,-5.7,-11.86357,100.0675,38,NaN,NaN,NaN
54.45471,-0.9929041,-9.287474,66.44301,3.909481,2.888227,0.2145734,-0.06261346,-0.02693784,0.05734767,0.9960247,3.986119,2.871409,0.2254045,-0.073754,-0.1801089,0.9808778,38,-5.7,-11.49433,97.44013,38,NaN,NaN,NaN
54.48254,-1.303229,-9.287471,66.44299,3.560364,2.895416,0.2092918,-0.06529314,-0.02597326,0.05314193,0.9961115,3.675792,2.871409,0.2254045,-0.073754,-0.1801089,0.9808778,38,-5.7,-11.12752,94.83015,38,NaN,NaN,NaN
54.51025,-4.935376,-10.40837,74.41856,3.199764,2.902418,0.2041854,-0.06611916,-0.02542746,0.04903109,0.9962819,3.312452,2.880269,0.2195075,-0.108768,-0.1752436,0.9784985,38,-5.7,-10.76014,92.21616,38,NaN,NaN,NaN
54.53845,-6.248639,-11.56755,82.66662,2.832689,2.909207,0.1993926,-0.06569059,-0.02420756,0.04549247,0.9965085,2.941184,2.88912,0.2133317,-0.1091247,-0.171666,0.9790927,38,-5.7,-10.38856,89.57224,38,NaN,NaN,NaN
54.56628,-6.08489,-11.12074,79.48738,2.45596,2.916088,0.1944535,-0.065043,-0.02240226,0.04302301,0.9967029,2.559577,2.897608,0.2073209,-0.1067578,-0.1731245,0.9790968,38,-5.7,-10.01938,86.94536,38,NaN,NaN,NaN
54.59387,-3.881355,-8.30969,59.48573,2.073871,2.92252,0.1896737,-0.0647409,-0.01934654,0.04079719,0.9968802,2.171342,2.905982,0.2012156,-0.09981535,-0.1849583,0.9776642,38,-5.7,-9.655802,84.35836,38,NaN,NaN,NaN
54.62158,-4.184351,-8.440207,60.4144,1.687728,2.927739,0.1848944,-0.0642919,-0.01580381,0.03911605,0.997039,1.778259,2.9141,0.1952909,-0.09684341,-0.1844142,0.9780658,38,-5.7,-9.287946,81.74093,38,NaN,NaN,NaN
54.64966,-4.530427,-8.440216,60.41446,1.298399,2.932839,0.1802844,-0.06417337,-0.01217043,0.0378489,0.9971465,1.432189,2.9141,0.1952909,-0.09684341,-0.1844142,0.9780658,38,-5.7,-8.917697,79.10648,38,NaN,NaN,NaN
54.66846,-4.92725,-8.964426,64.14441,1.101811,2.934812,0.1781513,-0.06440702,-0.01056805,0.03684921,0.9971871,1.206749,2.921489,0.1894623,-0.09388012,-0.1819126,0.9788229,38,-5.7,-8.669659,77.34159,38,NaN,NaN,NaN
54.69116,-5.276167,-9.502494,67.97296,0.7057021,2.937748,0.1735948,-0.06432695,-0.00734508,0.03413722,0.9973178,0.8032699,2.928006,0.1838244,-0.0878696,-0.1796652,0.9797956,38,-5.7,-8.369504,75.20588,38,NaN,NaN,NaN
54.71021,-5.45156,-9.502493,67.97295,0.5083848,2.938666,0.171502,-0.06388398,-0.006194412,0.03325344,0.997384,0.6278767,2.928006,0.1838244,-0.0878696,-0.1796652,0.9797956,38,-5.7,-8.117279,73.4112,38,NaN,NaN,NaN
54.73303,-5.258713,-9.204164,65.85023,0.1163806,2.940511,0.1675262,-0.06218873,-0.002827018,0.03143287,0.9975654,0.2272995,2.933249,0.178411,-0.08186983,-0.1811312,0.9800453,38,-5.7,-7.815073,71.26089,38,NaN,NaN,NaN
54.75146,-5.230403,-9.512062,68.04104,-0.08237362,2.941168,0.1655575,-0.06351712,-0.0005215108,0.02993026,0.9975318,-0.001825364,2.936844,0.1731716,-0.07555967,-0.1799027,0.9807782,38,-5.7,-7.571148,69.52528,38,NaN,NaN,NaN
54.7749,-5.583425,-9.512061,68.04103,-0.4795227,2.94121,0.1621199,-0.06241425,0.002942652,0.02635581,0.997698,-0.3548468,2.936844,0.1731716,-0.07555967,-0.1799027,0.9807782,38,-5.7,-7.26151,67.3221,38,NaN,NaN,NaN
54.79309,-4.774947,-8.38009,59.98664,-0.6798159,2.941114,0.1599931,-0.06180333,0.003908366,0.02503246,0.9977667,-0.5856028,2.939139,0.1681473,-0.06865076,-0.1854882,0.9802455,38,-5.7,-7.020923,65.61023,38,NaN,NaN,NaN
54.81689,-5.125366,-8.380091,59.98664,-1.074036,2.939627,0.1567479,-0.0604381,0.005527466,0.02242483,0.9979047,-0.9360206,2.939139,0.1681473,-0.06865076,-0.1854882,0.9802455,38,-5.7,-6.706964,63.37629,38,NaN,NaN,NaN
54.83472,-5.699604,-8.434441,60.37336,-1.272226,2.938787,0.1549548,-0.05908974,0.006497473,0.0205454,0.9980201,-1.164819,2.940079,0.1636498,-0.07380559,-0.1851253,0.9799395,38,-5.7,-6.470152,61.69129,38,NaN,NaN,NaN
54.85828,-5.561315,-7.834875,56.10723,-1.66421,2.93657,0.1516881,-0.05798662,0.00748223,0.01832707,0.9981211,-1.565917,2.93955,0.1593988,-0.06995258,-0.1886419,0.9795514,38,-5.7,-6.159304,59.47949,38,NaN,NaN,NaN
54.87659,-5.734123,-7.834873,56.10722,-1.858621,2.935515,0.1501164,-0.05777672,0.007327914,0.01752393,0.9981489,-1.738727,2.93955,0.1593988,-0.06995258,-0.1886419,0.9795514,38,-5.7,-5.917675,57.76022,38,NaN,NaN,NaN
54.90002,-5.917752,-7.678478,54.99441,-2.242946,2.932924,0.1470436,-0.05918965,0.008057505,0.01554679,0.9980932,-2.132869,2.937793,0.1552287,-0.06760479,-0.1896257,0.9795263,38,-5.7,-5.607673,55.55444,38,NaN,NaN,NaN
54.91821,-6.771349,-9.118615,65.2415,-2.431993,2.931093,0.1456942,-0.06010488,0.008508027,0.01532581,0.9980382,-2.352993,2.935298,0.1511782,-0.06659731,-0.1816872,0.9810987,38,-5.7,-5.367214,53.84348,38,NaN,NaN,NaN
54.94177,-7.09912,-9.118615,65.2415,-2.800736,2.927278,0.1430272,-0.06149859,0.009082049,0.01601575,0.9979374,-2.680764,2.935298,0.1511782,-0.06659731,-0.1816872,0.9810987,38,-5.7,-5.054749,51.62017,38,NaN,NaN,NaN
54.96021,-7.455386,-9.592468,68.61315,-2.977813,2.925372,0.1423132,-0.06362265,0.009552568,0.01727825,0.9977788,-2.889382,2.932045,0.147652,-0.06546122,-0.1795597,0.9815667,38,-5.7,-4.812226,49.89453,38,NaN,NaN,NaN
54.98364,-7.765651,-9.592469,68.61315,-3.32686,2.921548,0.1412903,-0.06765399,0.01083127,0.01764319,0.9974941,-3.199647,2.932045,0.147652,-0.06546122,-0.1795597,0.9815667,38,-5.7,-4.502176,47.68841,38,NaN,NaN,NaN
55.0022,-7.822947,-9.678967,69.22862,-3.495563,2.919149,0.1407953,-0.06933393,0.01098812,0.01681556,0.9973913,-3.399357,2.927973,0.1445692,-0.06286708,-0.1791671,0.9818079,38,-5.7,-4.256571,45.94084,38,NaN,NaN,NaN
55.02527,-7.307645,-8.786674,62.87963,-3.822599,2.913736,0.1401865,-0.07026848,0.01174328,0.01362602,0.997366,-3.737964,2.923461,0.1421982,-0.05584543,-0.1831979,0.9814886,38,-5.7,-3.950634,43.76398,38,NaN,NaN,NaN
55.04382,-7.4487,-8.786674,62.87963,-3.981287,2.910503,0.1398953,-0.06866907,0.01206878,0.01093523,0.9975066,-3.879019,2.923461,0.1421982,-0.05584543,-0.1831979,0.9814886,38,-5.7,-3.705321,42.01849,38,NaN,NaN,NaN
55.06714,-8.076078,-9.890917,70.73673,-4.290336,2.90433,0.1399786,-0.06376868,0.0122734,0.005031357,0.9978766,-4.199409,2.918129,0.1408776,-0.05395265,-0.178267,0.9825019,38,-5.7,-3.398085,39.83239,38,NaN,NaN,NaN
55.08582,-7.192464,-9.321168,66.68275,-4.437852,2.901414,0.1400825,-0.06133104,0.01182139,0.002310438,0.9980448,-4.374025,2.911644,0.1402717,-0.04162128,-0.1806482,0.9826667,38,-5.7,-3.15151,38.07793,38,NaN,NaN,NaN
55.10852,-7.447169,-9.321173,66.68279,-4.724395,2.895117,0.1404192,-0.05865771,0.01154932,-0.002359236,0.9982086,-4.62873,2.911644,0.1402717,-0.04162128,-0.1806482,0.9826667,38,-5.7,-2.850177,35.93383,38,NaN,NaN,NaN
55.12695,-6.919616,-7.074361,50.69589,-4.861634,2.891913,0.1403376,-0.0579547,0.01174176,-0.00419209,0.9982414,-4.79213,2.904486,0.1401469,-0.04125024,-0.193482,0.9802362,38,-5.7,-2.60739,34.20631,38,NaN,NaN,NaN
55.15027,-7.154395,-7.074358,50.69587,-5.125762,2.884987,0.1403458,-0.05558542,0.01197958,-0.007259978,0.9983557,-5.02691,2.904486,0.1401469,-0.04125024,-0.193482,0.9802362,38,-5.7,-2.298586,32.00906,38,NaN,NaN,NaN
55.17798,-7.244331,-6.144245,44.07777,-5.368693,2.877947,0.1402825,-0.05254373,0.01269937,-0.008938389,0.9984978,-5.282207,2.897048,0.1401279,-0.04369872,-0.20136,0.9785421,38,-5.7,-1.931838,29.39951,38,NaN,NaN,NaN
55.20581,-7.393909,-5.617692,40.33115,-5.594537,2.871209,0.1405621,-0.05217726,0.0133003,-0.00995318,0.9984997,-5.519624,2.889195,0.1403455,-0.04557639,-0.2068595,0.9773085,38,-5.7,-1.564716,26.7873,38,NaN,NaN,NaN
55.23364,-6.923553,-5.193964,37.31617,-5.799558,2.864702,0.1410918,-0.05441197,0.01405108,-0.01227666,0.9983442,-5.735838,2.880982,0.1404603,-0.0312054,-0.2121573,0.9767371,38,-5.7,-1.196916,24.17027,38,NaN,NaN,NaN
55.26147,-7.108905,-5.260351,37.78854,-5.984867,2.857893,0.1417133,-0.05599406,0.01557037,-0.01495042,0.9981977,-5.931753,2.872845,0.1405904,-0.03054799,-0.2110631,0.976995,38,-5.7,-0.8276883,21.54308,38,NaN,NaN,NaN
55.28955,-7.186395,-5.832161,41.85719,-6.151933,2.849787,0.1420117,-0.05520985,0.01607412,-0.01748862,0.9981922,-6.10834,2.864816,0.1410347,-0.02529053,-0.2040264,0.9786386,38,-5.7,-0.4576855,18.91037,38,NaN,NaN,NaN
55.31714,-7.145191,-6.05254,43.42527,-6.296827,2.842874,0.1421596,-0.04980598,0.01725766,-0.02111006,0.9983866,-6.26202,2.856308,0.1416444,-0.01998128,-0.2015587,0.9792726,38,-5.7,-0.09224677,16.31014,38,NaN,NaN,NaN
55.34534,-7.251139,-6.05254,43.42526,-6.416019,2.837855,0.1429828,-0.04773265,0.0184643,-0.02126472,0.9984631,-6.367969,2.856308,0.1416444,-0.01998128,-0.2015587,0.9792726,38,-5.7,0.2802331,13.65981,38,NaN,NaN,NaN
55.37292,-7.270814,-5.555815,39.89088,-6.518288,2.83347,0.1441583,-0.04940647,0.01935887,-0.02165052,0.9983564,-6.48057,2.847658,0.1421188,-0.01944729,-0.2068036,0.9781892,38,-5.7,0.6451243,11.06347,38,NaN,NaN,NaN
55.40076,-7.361858,-5.660972,40.63911,-6.592003,2.830052,0.1455804,-0.05019614,0.01937547,-0.02143381,0.9983214,-6.564533,2.840315,0.142915,-0.01926523,-0.2054117,0.9784861,38,-5.7,1.012432,8.44994,38,NaN,NaN,NaN
55.42871,-7.642174,-8.273045,59.22497,-6.641361,2.827131,0.1470597,-0.04980721,0.01893437,-0.02011482,0.9983768,-6.623019,2.834385,0.1440173,-0.01695066,-0.18474,0.9826412,38,-5.7,1.382777,5.814797,38,NaN,NaN,NaN
55.45667,-7.066484,-8.176287,58.53651,-6.6674,2.824605,0.1485981,-0.04792409,0.01805821,-0.02075123,0.9984722,-6.656895,2.829808,0.1454948,-0.00689302,-0.1852234,0.9826723,38,-5.7,1.752635,3.183124,38,NaN,NaN,NaN
55.48425,-7.029654,-5.757065,41.32285,-6.668984,2.822646,0.1501351,-0.04613572,0.01648271,-0.02098015,0.9985788,-6.665316,2.826164,0.1472424,-0.008661804,-0.20406,0.9789201,38,-5.7,2.117868,0.5843525,38,NaN,NaN,NaN
55.51257,-7.00706,-5.757065,41.32285,-6.643567,2.821301,0.1513907,-0.0432868,0.01595512,-0.02195985,0.9986938,-6.642722,2.826164,0.1472424,-0.008661804,-0.20406,0.9789201,38,-5.7,2.117868,0.5843525,38,NaN,NaN,NaN
55.54004,-6.950856,-5.108704,36.70952,-6.591893,2.820865,0.1522195,-0.03924749,0.01686314,-0.02240631,0.998836,-6.600024,2.823309,0.1490947,-0.009377311,-0.2120143,0.9772215,38,-5.7,2.117868,0.5843525,38,NaN,NaN,NaN
55.56787,-6.688649,-4.712627,33.89129,-6.516104,2.821276,0.1521616,-0.03574173,0.01902971,-0.02152629,0.998948,-6.531635,2.821213,0.1507089,-0.004541624,-0.2179186,0.9759564,38,-5.7,2.117868,0.5843525,38,NaN,NaN,NaN
55.5957,-6.540778,-4.778791,34.36207,-6.417561,2.822934,0.1517133,-0.03422364,0.02257553,-0.01944098,0.9989701,-6.438905,2.820184,0.1518334,-0.002906948,-0.2168398,0.9762029,38,-5.7,2.117868,0.5843525,38,NaN,NaN,NaN
55.62366,-6.248495,-5.126469,36.83592,-6.298615,2.827069,0.1516352,-0.03804114,0.02622515,-0.01661891,0.9987937,-6.324224,2.820258,0.1522672,0.002017627,-0.2117174,0.9773288,38,-5.7,2.117868,0.5843525,38,NaN,NaN,NaN
55.65149,-5.898087,-8.291777,59.35825,-6.160545,2.83208,0.1515245,-0.04293744,0.02800256,-0.01400051,0.9985872,-6.188792,2.822509,0.1521188,0.004825738,-0.184497,0.9828212,38,-5.7,2.117868,0.5843525,38,NaN,NaN,NaN
55.67981,-5.755018,-8.291776,59.35824,-5.999593,2.839171,0.1519503,-0.04543575,0.02895692,-0.01176574,0.9984782,-6.045724,2.822509,0.1521188,0.004825738,-0.184497,0.9828212,38,-5.7,2.117868,0.5843525,38,NaN,NaN,NaN
55.69836,-5.506861,-9.594272,68.62598,-5.912689,2.842772,0.1519396,-0.04615557,0.02900955,-0.01158396,0.9984457,-5.952386,2.82714,0.1518847,0.006401874,-0.1784864,0.9839215,38,-5.7,2.117868,0.5843525,38,NaN,NaN,NaN
55.72107,-5.756062,-9.06063,64.82893,-5.73228,2.850296,0.151939,-0.04611117,0.02901119,-0.01202315,0.9984426,-5.772692,2.833969,0.151911,0.0002529102,-0.1808743,0.9835062,38,-5.7,2.117868,0.5843525,38,NaN,NaN,NaN
55.73975,-5.669908,-9.060632,64.82894,-5.635356,2.854637,0.1518901,-0.04453064,0.02926311,-0.0124931,0.9985012,-5.686538,2.833969,0.151911,0.0002529102,-0.1808743,0.9835062,38,-5.7,2.117868,0.5843525,38,NaN,NaN,NaN
55.76282,-5.329069,-9.364782,66.99309,-5.434408,2.863823,0.151763,-0.04353762,0.02945656,-0.009959914,0.9985678,-5.485818,2.842365,0.1520048,0.002306966,-0.1796574,0.9837265,38,-5.7,2.117868,0.5843525,38,NaN,NaN,NaN
55.7821,-5.235576,-9.364781,66.99308,-5.329228,2.868738,0.1515534,-0.04373018,0.02916086,-0.007438127,0.9985901,-5.392325,2.842365,0.1520048,0.002306966,-0.1796574,0.9837265,38,-5.7,2.117868,0.5843525,38,NaN,NaN,NaN
55.80469,-5.401062,-9.083003,64.98813,-5.112523,2.878901,0.1510754,-0.04446339,0.02902955,-0.003892494,0.9985816,-5.175228,2.8519,0.1520005,-0.003425536,-0.1810353,0.9834707,38,-5.7,2.117868,0.5843525,38,NaN,NaN,NaN
55.82349,-5.251579,-8.230133,58.91964,-4.999901,2.884333,0.1506202,-0.04554444,0.02911538,-0.001973131,0.998536,-5.048569,2.862668,0.1518116,-0.00339445,-0.18548,0.9826422,38,-5.7,2.117868,0.5843525,38,NaN,NaN,NaN
55.84717,-5.046692,-8.230131,58.91963,-4.769404,2.895115,0.1496793,-0.04751592,0.02847993,0.001981755,0.9984624,-4.843683,2.862668,0.1518116,-0.00339445,-0.18548,0.9826422,38,-5.7,2.117868,0.5843525,38,NaN,NaN,NaN
55.86499,-5.147942,-8.494693,60.80208,-4.651814,2.900467,0.1490683,-0.04887994,0.0280368,0.003491797,0.998405,-4.710724,2.874516,0.1512386,-0.007085142,-0.1842397,0.9828558,38,-5.7,2.117868,0.5843525,38,NaN,NaN,NaN
55.88831,-5.13355,-8.542485,61.14214,-4.416969,2.911256,0.1480866,-0.0516738,0.0271695,0.005959265,0.9982767,-4.472094,2.887114,0.1502986,-0.01065883,-0.1841789,0.9828349,38,-5.7,2.117868,0.5843525,38,NaN,NaN,NaN
55.90674,-5.027224,-8.542485,61.14214,-4.297352,2.916597,0.1476325,-0.05330194,0.02602914,0.00768362,0.9982096,-4.365767,2.887114,0.1502986,-0.01065883,-0.1841789,0.9828349,38,-5.7,2.117868,0.5843525,38,NaN,NaN,NaN
55.93042,-4.831127,-9.188158,65.73627,-4.056223,2.927408,0.1467489,-0.0563761,0.02338204,0.0114223,0.9980705,-4.120713,2.900031,0.1492032,-0.01065157,-0.1812444,0.9833804,38,-5.7,2.117868,0.5843525,38,NaN,NaN,NaN
55.94971,-4.722115,-9.188151,65.73622,-3.933587,2.93244,0.1463079,-0.05783283,0.02185059,0.01285538,0.9980043,-4.011703,2.900031,0.1492032,-0.01065157,-0.1812444,0.9833804,38,-5.7,2.117868,0.5843525,38,NaN,NaN,NaN
55.97192,-4.530035,-8.498963,60.83239,-3.684287,2.941738,0.1450042,-0.05999738,0.01874787,0.0157887,0.9978976,-3.758651,2.912989,0.1480634,-0.01249143,-0.1848004,0.9826967,38,-5.7,2.117868,0.5843525,38,NaN,NaN,NaN
55.99048,-5.825596,-8.439853,60.4118,-3.557373,2.945873,0.144518,-0.06028154,0.01708832,0.01717549,0.9978874,-3.613503,2.925531,0.1465459,-0.03604664,-0.1852021,0.9820391,38,-5.7,2.117868,0.5843525,38,NaN,NaN,NaN
56.01453,-5.599945,-8.439854,60.4118,-3.303515,2.953673,0.1436482,-0.06094785,0.01405346,0.02046037,0.9978323,-3.387851,2.925531,0.1465459,-0.03604664,-0.1852021,0.9820391,38,-5.7,2.117868,0.5843525,38,NaN,NaN,NaN
56.03223,-5.154803,-6.456204,46.29748,-3.17503,2.956975,0.1433392,-0.06140466,0.01268318,0.02208212,0.9977881,-3.240884,2.937175,0.1454101,-0.04060315,-0.1992776,0.9791015,38,-5.7,2.117868,0.5843525,38,NaN,NaN,NaN
RESULT,totalFlags,35
RESULT,totalShort,0
RESULT,totalLong,35
RESULT,totalTight,15
RESULT,passedFlags,30
RESULT,shortTurns,0
RESULT,longTurns,30
RESULT,tightTurns,10
RESULT,passRate,85.71429
RESULT,shortRate,0
RESULT,longRate,85.71429
RESULT,tightRate,66.66666
RESULT,totalValidTime,48.55744
RESULT,timeP0,26.49441
RESULT,timeP1,18.75558
RESULT,timeS0,1.373951
RESULT,timeS1,1.794491
RESULT,timeOther,0.138989
RESULT,cntP0,34
RESULT,cntP1,32
RESULT,rateTimeP0,0.5456303
RESULT,rateTimeP1,0.3862554
RESULT,rateTimeS0,0.02829537
RESULT,rateTimeS1,0.03695605
RESULT,rateTimeOther,0.002862362
RESULT,rateCntP0,0.8717949
RESULT,rateCntP1,0.8205128
flagId,passedCorrect,turnDir,minDistToFlagDuringApproach
4,0,1,3.915773
5,0,-1,1.870197
6,0,1,4.235892
7,1,-1,3.684569
8,1,1,1.351868
9,1,-1,1.766221
10,1,1,2.734293
11,1,-1,3.512011
12,0,1,3.641256
13,1,-1,3.897936
14,0,1,1.657028
15,1,-1,2.442026
16,1,1,2.525306
17,1,-1,2.81737
18,1,1,1.347005
19,1,-1,2.64462
20,1,1,2.971979
21,1,-1,3.882513
22,1,1,1.305693
23,1,-1,2.069178
24,1,1,2.976514
25,1,-1,3.875082
26,1,1,1.731982
27,1,-1,2.251781
28,1,1,2.366165
29,1,-1,2.865672
30,1,1,1.17369
31,1,-1,3.578531
32,1,1,1.30273
33,1,-1,1.614501
34,1,1,2.587395
35,1,-1,3.547333
36,1,1,2.5752
37,1,-1,2.311683
38,1,1,2.142347
pId,lastRiseSecBeforePassP
4,1.46709
5,1.36596
6,0.6688911
7,0.3374931
8,0.8285435
9,0.6932629
10,1.018252
11,0.2563988
12,0.3891897
13,0.1265854
14,0.8316098
15,1.197563
16,0.6024053
17,NaN
18,0.1569941
19,0.5640514
20,0.7635323
21,1.338282
22,0.7432573
23,0.6483887
24,0.1783516
25,0.1271867
26,0.2470344
27,0.6127402
28,NaN
29,0.8485707
30,1.370122
31,0.0886511
32,0.2462417
33,0.3609998
34,0.1842228
35,0.1326893
36,0.7712618
37,1.396801
38,NaN
P1_EVENTS_FORMAT
pId
riseSecBeforePassP,duration,fallSecBeforePassP
4
1.46709,0.08374152,1.383533
5
1.36596,0.08469959,1.282327
6
0.6688911,0.7094675,0
7
0.3374931,0.3754098,0
8
1.330595,0.08357626,1.2464
0.8285435,0.8354602,0
9
1.111601,0.2090776,0.9018149
0.6932629,0.7091028,0
10
1.018252,1.043669,0
11
0.2563988,0.2927482,0
12
0.8897333,0.4592207,0.4314042
0.3891897,0.4178351,0
13
0.3773305,0.08403943,0.2934624
0.1265854,0.1669051,0
14
0.8316098,0.8357604,0
15
1.32255,0.08443485,1.239234
1.197563,1.211662,0
16
0.6024053,0.6266987,0
17
NaN
18
1.368211,0.08300178,1.28563
0.992099,0.3760712,0.6162738
0.2826389,0.08289558,0.1987911
0.1569941,0.04179704,0.1153507
19
1.316311,0.1668345,1.149186
0.8154539,0.1669053,0.6484722
0.5640514,0.5849811,0
20
0.7635323,0.7930272,0
21
1.338282,1.379037,0
22
0.7432573,0.04184386,0.7019899
23
1.400519,0.2090352,1.191275
0.6483887,0.668884,0
24
0.1783516,0.2092362,0
25
1.255686,0.08467251,1.171618
0.1271867,0.04185553,0.08554996
26
1.33303,0.125352,1.207913
0.9152403,0.2923941,0.6222835
0.2470344,0.250176,0
27
1.365008,0.3341168,1.030537
0.947015,0.1675688,0.7800025
0.6127402,0.6256811,0
28
NaN
29
0.8485707,0.1676327,0.6814857
30
1.370122,0.08423422,1.287711
31
1.383441,0.04174829,1.341719
1.217292,0.1254924,1.091028
0.0886511,0.1249445,0
32
1.331715,0.04178448,1.290131
1.248509,0.1669624,1.08139
0.7888576,0.0412784,0.7472222
0.5801421,0.1672577,0.4129142
0.3288711,0.04228,0.2877689
0.2462417,0.2506268,0
33
1.36355,0.459703,0.9037973
0.7788972,0.1250561,0.6537119
0.3609998,0.3753927,0
34
0.1842228,0.2090664,0
35
1.343377,0.1664491,1.176766
0.1326893,0.166621,0
36
1.398101,0.5843678,0.8131589
0.7712618,0.08355558,0.6878253
37
1.396801,0.2922418,1.105115
38
NaN
